Date,Adj Close,Close,High,Low,Open,Volume
2004-04-02,0.3124387860298157,0.3199999928474426,0.3199999928474426,0.30000001192092896,0.3050000071525574,172250
2004-04-05,0.3124387860298157,0.3199999928474426,0.3199999928474426,0.3199999928474426,0.3199999928474426,0
2004-04-06,0.3026750981807709,0.3100000023841858,0.3100000023841858,0.3100000023841858,0.3100000023841858,200000
2004-04-07,0.33196622133255005,0.3400000035762787,0.3400000035762787,0.3050000071525574,0.3050000071525574,3500
2004-04-08,0.3026750981807709,0.3100000023841858,0.3449999988079071,0.3100000023841858,0.3449999988079071,3500
2004-04-09,0.3026750981807709,0.3100000023841858,0.3100000023841858,0.3100000023841858,0.3100000023841858,0
2004-04-12,0.3026750981807709,0.3100000023841858,0.3100000023841858,0.3100000023841858,0.3100000023841858,0
2004-04-13,0.3026750981807709,0.3100000023841858,0.3400000035762787,0.3100000023841858,0.3100000023841858,0
2004-04-14,0.2929114103317261,0.30000001192092896,0.30000001192092896,0.30000001192092896,0.30000001192092896,240000
2004-04-15,0.2880295217037201,0.29499998688697815,0.30000001192092896,0.28999999165534973,0.28999999165534973,445000
2004-04-16,0.2831476628780365,0.28999999165534973,0.28999999165534973,0.2849999964237213,0.2849999964237213,1456500
2004-04-19,0.2538565397262573,0.25999999046325684,0.30000001192092896,0.25999999046325684,0.30000001192092896,2500
2004-04-20,0.2831476628780365,0.28999999165534973,0.3100000023841858,0.25999999046325684,0.27000001072883606,680000
2004-04-21,0.2685020864009857,0.2750000059604645,0.2750000059604645,0.2750000059604645,0.2750000059604645,111000
2004-04-22,0.2685020864009857,0.2750000059604645,0.2750000059604645,0.2750000059604645,0.2750000059604645,10000
2004-04-23,0.2538565397262573,0.25999999046325684,0.3100000023841858,0.25999999046325684,0.3100000023841858,11500
2004-04-26,0.24409282207489014,0.25,0.25,0.25,0.25,50000
2004-04-27,0.2733839452266693,0.2800000011920929,0.2800000011920929,0.24500000476837158,0.24500000476837158,257500
2004-04-28,0.23921096324920654,0.24500000476837158,0.2549999952316284,0.24500000476837158,0.24500000476837158,0
2004-04-29,0.23921096324920654,0.24500000476837158,0.24500000476837158,0.24500000476837158,0.24500000476837158,275000
2004-04-30,0.23921096324920654,0.24500000476837158,0.26499998569488525,0.24500000476837158,0.24500000476837158,87500
2004-05-03,0.2313999980688095,0.2370000034570694,0.24500000476837158,0.2370000034570694,0.24500000476837158,123750
2004-05-04,0.22358903288841248,0.2290000021457672,0.2290000021457672,0.2290000021457672,0.2290000021457672,240000
2004-05-05,0.22456538677215576,0.23000000417232513,0.23000000417232513,0.23000000417232513,0.23000000417232513,10000
2004-05-06,0.21968352794647217,0.22499999403953552,0.22499999403953552,0.22499999403953552,0.22499999403953552,150000
2004-05-07,0.21480168402194977,0.2199999988079071,0.2199999988079071,0.2199999988079071,0.2199999988079071,72500
2004-05-10,0.21480168402194977,0.2199999988079071,0.2199999988079071,0.2199999988079071,0.2199999988079071,20000
2004-05-11,0.21480168402194977,0.2199999988079071,0.2199999988079071,0.2199999988079071,0.2199999988079071,0
2004-05-12,0.21480168402194977,0.2199999988079071,0.2199999988079071,0.2199999988079071,0.2199999988079071,0
2004-05-13,0.21089619398117065,0.2160000056028366,0.2160000056028366,0.2160000056028366,0.2160000056028366,140000
2004-05-14,0.20991982519626617,0.2150000035762787,0.2150000035762787,0.21400000154972076,0.21400000154972076,105028
2004-05-17,0.21480168402194977,0.2199999988079071,0.2199999988079071,0.2199999988079071,0.2199999988079071,300000
2004-05-18,0.21480168402194977,0.2199999988079071,0.2199999988079071,0.2199999988079071,0.2199999988079071,0
2004-05-19,0.21480168402194977,0.2199999988079071,0.2199999988079071,0.2199999988079071,0.2199999988079071,0
2004-05-20,0.20796707272529602,0.21299999952316284,0.21799999475479126,0.21299999952316284,0.21799999475479126,500000
2004-05-21,0.22456538677215576,0.23000000417232513,0.23000000417232513,0.20499999821186066,0.20499999821186066,300000
2004-05-24,0.22456538677215576,0.23000000417232513,0.23000000417232513,0.23000000417232513,0.23000000417232513,0
2004-05-25,0.20308522880077362,0.20800000429153442,0.15000000596046448,0.20800000429153442,0.20800000429153442,0
2004-05-26,0.20308522880077362,0.20800000429153442,0.20800000429153442,0.20800000429153442,0.20800000429153442,0
2004-05-27,0.21480168402194977,0.2199999988079071,0.2199999988079071,0.2199999988079071,0.2199999988079071,40000
2004-05-28,0.21577805280685425,0.22100000083446503,0.22100000083446503,0.22100000083446503,0.22100000083446503,100000
2004-05-31,0.23921096324920654,0.24500000476837158,0.24500000476837158,0.24500000476837158,0.24500000476837158,0
2004-06-01,0.23921096324920654,0.24500000476837158,0.24500000476837158,0.24500000476837158,0.24500000476837158,525000
2004-06-02,0.23432910442352295,0.23999999463558197,0.23999999463558197,0.23000000417232513,0.23000000417232513,140000
2004-06-03,0.22456538677215576,0.23000000417232513,0.23000000417232513,0.23000000417232513,0.23000000417232513,130000
2004-06-04,0.22456538677215576,0.23000000417232513,0.23000000417232513,0.23000000417232513,0.23000000417232513,50000
2004-06-07,0.22944724559783936,0.23499999940395355,0.23499999940395355,0.23499999940395355,0.23499999940395355,0
2004-06-08,0.22456538677215576,0.23000000417232513,0.2150000035762787,0.23000000417232513,0.23000000417232513,0
2004-06-09,0.21480168402194977,0.2199999988079071,0.22499999403953552,0.2199999988079071,0.22499999403953552,120000
2004-06-10,0.21675442159175873,0.22200000286102295,0.3050000071525574,0.22200000286102295,0.22200000286102295,0
2004-06-11,0.23921096324920654,0.24500000476837158,0.24500000476837158,0.24500000476837158,0.24500000476837158,25000
2004-06-14,0.24018734693527222,0.2460000067949295,0.2460000067949295,0.2460000067949295,0.2460000067949295,307750
2004-06-15,0.24018734693527222,0.2460000067949295,0.2460000067949295,0.2460000067949295,0.2460000067949295,0
2004-06-16,0.23921096324920654,0.24500000476837158,0.24500000476837158,0.24500000476837158,0.24500000476837158,0
2004-06-17,0.23725822567939758,0.24300000071525574,0.24300000071525574,0.24300000071525574,0.24300000071525574,20000
2004-06-18,0.23725822567939758,0.24300000071525574,0.24300000071525574,0.24300000071525574,0.24300000071525574,0
2004-06-21,0.23725822567939758,0.24300000071525574,0.24300000071525574,0.24300000071525574,0.24300000071525574,0
2004-06-22,0.23725822567939758,0.24300000071525574,0.24300000071525574,0.24300000071525574,0.24300000071525574,0
2004-06-23,0.2362818419933319,0.24199999868869781,0.25,0.24199999868869781,0.24199999868869781,0
2004-06-24,0.23432910442352295,0.23999999463558197,0.23999999463558197,0.23000000417232513,0.23000000417232513,140000
2004-06-25,0.2226126492023468,0.2280000001192093,0.23199999332427979,0.2280000001192093,0.23199999332427979,610000
2004-06-28,0.20699070394039154,0.21199999749660492,0.2280000001192093,0.21199999749660492,0.2280000001192093,930000
2004-06-29,0.22944724559783936,0.23499999940395355,0.23499999940395355,0.23499999940395355,0.23499999940395355,10000
2004-06-30,0.22456538677215576,0.23000000417232513,0.23000000417232513,0.23000000417232513,0.23000000417232513,200000
2004-07-01,0.22456538677215576,0.23000000417232513,0.23000000417232513,0.23000000417232513,0.23000000417232513,0
2004-07-02,0.22456538677215576,0.23000000417232513,0.23000000417232513,0.23000000417232513,0.23000000417232513,0
2004-07-05,0.22456538677215576,0.23000000417232513,0.23000000417232513,0.23000000417232513,0.23000000417232513,0
2004-07-06,0.2089434564113617,0.21400000154972076,0.21400000154972076,0.21400000154972076,0.21400000154972076,25000
2004-07-07,0.22456538677215576,0.23000000417232513,0.23000000417232513,0.23000000417232513,0.23000000417232513,0
2004-07-08,0.22456538677215576,0.23000000417232513,0.23000000417232513,0.23000000417232513,0.23000000417232513,5050
2004-07-09,0.22456538677215576,0.23000000417232513,0.23000000417232513,0.23000000417232513,0.23000000417232513,0
2004-07-12,0.22456538677215576,0.23000000417232513,0.23000000417232513,0.23000000417232513,0.23000000417232513,0
2004-07-13,0.21675442159175873,0.22200000286102295,0.23000000417232513,0.22200000286102295,0.22200000286102295,0
2004-07-14,0.22456538677215576,0.23000000417232513,0.23000000417232513,0.23000000417232513,0.23000000417232513,0
2004-07-15,0.22456538677215576,0.23000000417232513,0.23000000417232513,0.23000000417232513,0.23000000417232513,0
2004-07-16,0.22456538677215576,0.23000000417232513,0.23000000417232513,0.23000000417232513,0.23000000417232513,0
2004-07-19,0.21675442159175873,0.22200000286102295,0.22200000286102295,0.22200000286102295,0.22200000286102295,32500
2004-07-20,0.22456538677215576,0.23000000417232513,0.23000000417232513,0.23000000417232513,0.23000000417232513,0
2004-07-21,0.21675442159175873,0.22200000286102295,0.22200000286102295,0.22200000286102295,0.22200000286102295,50000
2004-07-22,0.21675442159175873,0.22200000286102295,0.22200000286102295,0.22200000286102295,0.22200000286102295,0
2004-07-23,0.2089434564113617,0.21400000154972076,0.2240000069141388,0.21400000154972076,0.21400000154972076,0
2004-07-26,0.21675442159175873,0.22200000286102295,0.22200000286102295,0.21400000154972076,0.22200000286102295,205000
2004-07-27,0.21480168402194977,0.2199999988079071,0.2199999988079071,0.2199999988079071,0.2199999988079071,0
2004-07-28,0.20991982519626617,0.2150000035762787,0.2199999988079071,0.2150000035762787,0.2150000035762787,72500
2004-07-29,0.2177308052778244,0.22300000488758087,0.22300000488758087,0.22300000488758087,0.22300000488758087,0
2004-07-30,0.2177308052778244,0.22300000488758087,0.22300000488758087,0.22300000488758087,0.22300000488758087,0
2004-08-02,0.2050379514694214,0.20999999344348907,0.20999999344348907,0.20999999344348907,0.20999999344348907,20000
2004-08-03,0.2050379514694214,0.20999999344348907,0.2199999988079071,0.20999999344348907,0.2199999988079071,70000
2004-08-04,0.1952742636203766,0.20000000298023224,0.20000000298023224,0.20000000298023224,0.20000000298023224,10000
2004-08-05,0.1757468432188034,0.18000000715255737,0.20000000298023224,0.18000000715255737,0.18000000715255737,0
2004-08-06,0.1952742636203766,0.20000000298023224,0.20000000298023224,0.20000000298023224,0.20000000298023224,0
2004-08-09,0.1952742636203766,0.20000000298023224,0.20000000298023224,0.20000000298023224,0.20000000298023224,6500
2004-08-10,0.1952742636203766,0.20000000298023224,0.20000000298023224,0.20000000298023224,0.20000000298023224,0
2004-08-11,0.1952742636203766,0.20000000298023224,0.20000000298023224,0.20000000298023224,0.20000000298023224,0
2004-08-12,0.1952742636203766,0.20000000298023224,0.20000000298023224,0.20000000298023224,0.20000000298023224,0
2004-08-13,0.1952742636203766,0.20000000298023224,0.20000000298023224,0.20000000298023224,0.20000000298023224,0
2004-08-16,0.1952742636203766,0.20000000298023224,0.20000000298023224,0.20000000298023224,0.20000000298023224,0
2004-08-17,0.1952742636203766,0.20000000298023224,0.20000000298023224,0.20000000298023224,0.20000000298023224,200000
2004-08-18,0.19722700119018555,0.20200000703334808,0.20200000703334808,0.20000000298023224,0.20000000298023224,1917500
2004-08-19,0.20015612244606018,0.20499999821186066,0.20499999821186066,0.2029999941587448,0.20499999821186066,967500
2004-08-20,0.20991982519626617,0.2150000035762787,0.21799999475479126,0.20999999344348907,0.20999999344348907,735000
2004-08-23,0.22065991163253784,0.22599999606609344,0.23999999463558197,0.22599999606609344,0.22599999606609344,0
2004-08-24,0.2313999980688095,0.2370000034570694,0.2370000034570694,0.23499999940395355,0.23499999940395355,1750000
2004-08-25,0.24897466599941254,0.2549999952316284,0.25999999046325684,0.23999999463558197,0.23999999463558197,1610000
2004-08-26,0.24409282207489014,0.25,0.2549999952316284,0.25,0.2549999952316284,1011900
2004-08-27,0.2636202275753021,0.27000001072883606,0.27000001072883606,0.2549999952316284,0.2549999952316284,2140000
2004-08-30,0.2929114103317261,0.30000001192092896,0.30000001192092896,0.2800000011920929,0.2800000011920929,1450000
2004-08-31,0.2733839452266693,0.2800000011920929,0.30000001192092896,0.2800000011920929,0.30000001192092896,1650000
2004-09-01,0.2587383985519409,0.26499998569488525,0.2849999964237213,0.26499998569488525,0.2849999964237213,1500
2004-09-02,0.2831476628780365,0.28999999165534973,0.28999999165534973,0.25,0.25,1085000
2004-09-03,0.2782658040523529,0.2849999964237213,0.29499998688697815,0.2849999964237213,0.28999999165534973,675500
2004-09-06,0.2782658040523529,0.2849999964237213,0.2849999964237213,0.2800000011920929,0.2800000011920929,696000
2004-09-07,0.2831476628780365,0.28999999165534973,0.28999999165534973,0.2800000011920929,0.2800000011920929,310000
2004-09-08,0.2831476628780365,0.28999999165534973,0.28999999165534973,0.2750000059604645,0.2750000059604645,1130000
2004-09-09,0.2782658040523529,0.2849999964237213,0.2849999964237213,0.2849999964237213,0.2849999964237213,125000
2004-09-10,0.2831476628780365,0.28999999165534973,0.28999999165534973,0.2849999964237213,0.2849999964237213,535000
2004-09-13,0.2782658040523529,0.2849999964237213,0.28999999165534973,0.2849999964237213,0.2849999964237213,1580000
2004-09-14,0.2733839452266693,0.2800000011920929,0.28999999165534973,0.2800000011920929,0.2800000011920929,0
2004-09-15,0.2685020864009857,0.2750000059604645,0.2800000011920929,0.2750000059604645,0.2800000011920929,580000
2004-09-16,0.24897466599941254,0.2549999952316284,0.25999999046325684,0.2549999952316284,0.25999999046325684,201500
2004-09-17,0.24897466599941254,0.2549999952316284,0.2549999952316284,0.2549999952316284,0.2549999952316284,7500
2004-09-20,0.24897466599941254,0.2549999952316284,0.2549999952316284,0.2549999952316284,0.2549999952316284,20000
2004-09-21,0.24897466599941254,0.2549999952316284,0.2549999952316284,0.2549999952316284,0.2549999952316284,0
2004-09-22,0.24897466599941254,0.2549999952316284,0.2549999952316284,0.2549999952316284,0.2549999952316284,1000
2004-09-23,0.2587383985519409,0.26499998569488525,0.26499998569488525,0.25999999046325684,0.25999999046325684,26875
2004-09-24,0.32220253348350525,0.33000001311302185,0.36000001430511475,0.29499998688697815,0.30000001192092896,986250
2004-09-27,0.2929114103317261,0.30000001192092896,0.30000001192092896,0.30000001192092896,0.30000001192092896,40000
2004-09-28,0.2929114103317261,0.30000001192092896,0.3400000035762787,0.30000001192092896,0.3400000035762787,267500
2004-09-29,0.2929114103317261,0.30000001192092896,0.30000001192092896,0.30000001192092896,0.30000001192092896,0
2004-09-30,0.32220253348350525,0.33000001311302185,0.33000001311302185,0.30000001192092896,0.32499998807907104,400000
2004-10-01,0.32220253348350525,0.33000001311302185,0.33000001311302185,0.33000001311302185,0.33000001311302185,0
2004-10-04,0.31732064485549927,0.32499998807907104,0.32499998807907104,0.32499998807907104,0.32499998807907104,2500
2004-10-05,0.2733839452266693,0.2800000011920929,0.2800000011920929,0.2800000011920929,0.2800000011920929,55000
2004-10-06,0.2733839452266693,0.2800000011920929,0.2800000011920929,0.2549999952316284,0.2549999952316284,240000
2004-10-07,0.2782658040523529,0.2849999964237213,0.2849999964237213,0.25999999046325684,0.25999999046325684,312500
2004-10-08,0.24409282207489014,0.25,0.2549999952316284,0.25,0.2549999952316284,415000
2004-10-11,0.24897466599941254,0.2549999952316284,0.2549999952316284,0.2549999952316284,0.2549999952316284,420000
2004-10-12,0.24897466599941254,0.2549999952316284,0.2549999952316284,0.2549999952316284,0.2549999952316284,635000
2004-10-13,0.24897466599941254,0.2549999952316284,0.2549999952316284,0.2549999952316284,0.2549999952316284,37375
2004-10-14,0.24897466599941254,0.2549999952316284,0.2549999952316284,0.2549999952316284,0.2549999952316284,240267
2004-10-15,0.24897466599941254,0.2549999952316284,0.2549999952316284,0.2549999952316284,0.2549999952316284,45625
2004-10-18,0.2538565397262573,0.25999999046325684,0.25999999046325684,0.25999999046325684,0.25999999046325684,93750
2004-10-19,0.2636202275753021,0.27000001072883606,0.27000001072883606,0.26499998569488525,0.26499998569488525,40000
2004-10-20,0.2636202275753021,0.27000001072883606,0.27000001072883606,0.27000001072883606,0.2750000059604645,78750
2004-10-21,0.2685020864009857,0.2750000059604645,0.2750000059604645,0.2750000059604645,0.2750000059604645,0
2004-10-22,0.2685020864009857,0.2750000059604645,0.2750000059604645,0.2750000059604645,0.2750000059604645,0
2004-10-25,0.2831476628780365,0.28999999165534973,0.28999999165534973,0.2849999964237213,0.2849999964237213,1010000
2004-10-26,0.2831476628780365,0.28999999165534973,0.28999999165534973,0.28999999165534973,0.28999999165534973,0
2004-10-27,0.2636202275753021,0.27000001072883606,0.27000001072883606,0.27000001072883606,0.27000001072883606,23750
2004-10-28,0.2636202275753021,0.27000001072883606,0.27000001072883606,0.27000001072883606,0.27000001072883606,0
2004-10-29,0.2636202275753021,0.27000001072883606,0.27000001072883606,0.27000001072883606,0.27000001072883606,0
2004-11-01,0.2636202275753021,0.27000001072883606,0.27000001072883606,0.27000001072883606,0.27000001072883606,114875
2004-11-02,0.2636202275753021,0.27000001072883606,0.27000001072883606,0.27000001072883606,0.27000001072883606,11500
2004-11-03,0.2929114103317261,0.30000001192092896,0.30000001192092896,0.30000001192092896,0.30000001192092896,147500
2004-11-04,0.2880295217037201,0.29499998688697815,0.30000001192092896,0.27000001072883606,0.27000001072883606,315000
2004-11-05,0.3026750981807709,0.3100000023841858,0.3100000023841858,0.2800000011920929,0.2800000011920929,572102
2004-11-08,0.3026750981807709,0.3100000023841858,0.3100000023841858,0.28999999165534973,0.3050000071525574,1242500
2004-11-09,0.3026750981807709,0.3100000023841858,0.3100000023841858,0.30000001192092896,0.3050000071525574,1352500
2004-11-10,0.2977932393550873,0.3050000071525574,0.3149999976158142,0.3050000071525574,0.3100000023841858,800000
2004-11-11,0.2977932393550873,0.3050000071525574,0.3050000071525574,0.29499998688697815,0.29499998688697815,654125
2004-11-12,0.2929114103317261,0.30000001192092896,0.3050000071525574,0.30000001192092896,0.3050000071525574,775000
2004-11-15,0.2977932393550873,0.3050000071525574,0.3050000071525574,0.30000001192092896,0.30000001192092896,399500
2004-11-16,0.2929114103317261,0.30000001192092896,0.3050000071525574,0.30000001192092896,0.3050000071525574,880000
2004-11-17,0.2880295217037201,0.29499998688697815,0.29499998688697815,0.28999999165534973,0.28999999165534973,78000
2004-11-18,0.2782658040523529,0.2849999964237213,0.2849999964237213,0.2849999964237213,0.2849999964237213,680000
2004-11-19,0.2782658040523529,0.2849999964237213,0.2849999964237213,0.2849999964237213,0.2849999964237213,421125
2004-11-22,0.2782658040523529,0.2849999964237213,0.2849999964237213,0.2800000011920929,0.2849999964237213,260000
2004-11-23,0.2929114103317261,0.30000001192092896,0.30000001192092896,0.28999999165534973,0.28999999165534973,650750
2004-11-24,0.2929114103317261,0.30000001192092896,0.30000001192092896,0.2800000011920929,0.2800000011920929,130000
2004-11-25,0.2880295217037201,0.29499998688697815,0.29499998688697815,0.29499998688697815,0.29499998688697815,0
2004-11-26,0.2880295217037201,0.29499998688697815,0.29499998688697815,0.2750000059604645,0.2750000059604645,50000
2004-11-29,0.2733839452266693,0.2800000011920929,0.2800000011920929,0.2800000011920929,0.2800000011920929,18766
2004-11-30,0.2929114103317261,0.30000001192092896,0.30000001192092896,0.28999999165534973,0.28999999165534973,490000
2004-12-01,0.3026750981807709,0.3100000023841858,0.3100000023841858,0.3100000023841858,0.3100000023841858,545000
2004-12-02,0.2831476628780365,0.28999999165534973,0.28999999165534973,0.28999999165534973,0.28999999165534973,103750
2004-12-03,0.2831476628780365,0.28999999165534973,0.28999999165534973,0.28999999165534973,0.28999999165534973,80000
2004-12-06,0.2685020864009857,0.2750000059604645,0.28999999165534973,0.2750000059604645,0.28999999165534973,135000
2004-12-07,0.2831476628780365,0.28999999165534973,0.28999999165534973,0.2800000011920929,0.2800000011920929,239000
2004-12-08,0.2929114103317261,0.30000001192092896,0.30000001192092896,0.30000001192092896,0.30000001192092896,1030000
2004-12-09,0.2831476628780365,0.28999999165534973,0.28999999165534973,0.2800000011920929,0.2800000011920929,301500
2004-12-10,0.2831476628780365,0.28999999165534973,0.28999999165534973,0.28999999165534973,0.28999999165534973,192000
2004-12-13,0.2831476628780365,0.28999999165534973,0.28999999165534973,0.28999999165534973,0.28999999165534973,55000
2004-12-14,0.2929114103317261,0.30000001192092896,0.30000001192092896,0.29499998688697815,0.29499998688697815,200000
2004-12-15,0.2929114103317261,0.30000001192092896,0.30000001192092896,0.2849999964237213,0.2849999964237213,495000
2004-12-16,0.2929114103317261,0.30000001192092896,0.30000001192092896,0.30000001192092896,0.30000001192092896,265000
2004-12-17,0.2929114103317261,0.30000001192092896,0.30000001192092896,0.30000001192092896,0.30000001192092896,20000
2004-12-20,0.2831476628780365,0.28999999165534973,0.28999999165534973,0.28999999165534973,0.28999999165534973,62500
2004-12-21,0.2733839452266693,0.2800000011920929,0.2800000011920929,0.2800000011920929,0.2800000011920929,10000
2004-12-22,0.2685020864009857,0.2750000059604645,0.2750000059604645,0.2750000059604645,0.2750000059604645,31250
2004-12-23,0.2831476628780365,0.28999999165534973,0.28999999165534973,0.2849999964237213,0.2849999964237213,320000
2004-12-24,0.2782658040523529,0.2849999964237213,0.2849999964237213,0.2849999964237213,0.2849999964237213,182500
2004-12-27,0.2782658040523529,0.2849999964237213,0.2849999964237213,0.2849999964237213,0.2849999964237213,0
2004-12-28,0.2831476628780365,0.28999999165534973,0.28999999165534973,0.28999999165534973,0.28999999165534973,40000
2004-12-29,0.2782658040523529,0.2849999964237213,0.2849999964237213,0.2849999964237213,0.2849999964237213,185000
2004-12-30,0.2831476628780365,0.28999999165534973,0.28999999165534973,0.28999999165534973,0.28999999165534973,221750
2004-12-31,0.2831476628780365,0.28999999165534973,0.28999999165534973,0.28999999165534973,0.28999999165534973,0
2005-01-03,0.2831476628780365,0.28999999165534973,0.28999999165534973,0.28999999165534973,0.28999999165534973,0
2005-01-04,0.2831476628780365,0.28999999165534973,0.28999999165534973,0.28999999165534973,0.28999999165534973,0
2005-01-05,0.2831476628780365,0.28999999165534973,0.28999999165534973,0.28999999165534973,0.28999999165534973,0
2005-01-06,0.2831476628780365,0.28999999165534973,0.28999999165534973,0.28999999165534973,0.28999999165534973,0
2005-01-07,0.2831476628780365,0.28999999165534973,0.28999999165534973,0.28999999165534973,0.28999999165534973,0
2005-01-10,0.2831476628780365,0.28999999165534973,0.28999999165534973,0.28999999165534973,0.28999999165534973,0
2005-01-11,0.2831476628780365,0.28999999165534973,0.28999999165534973,0.28999999165534973,0.28999999165534973,0
2005-01-12,0.2831476628780365,0.28999999165534973,0.28999999165534973,0.28999999165534973,0.28999999165534973,0
2005-01-13,0.2831476628780365,0.28999999165534973,0.28999999165534973,0.28999999165534973,0.28999999165534973,0
2005-01-14,0.2831476628780365,0.28999999165534973,0.28999999165534973,0.28999999165534973,0.28999999165534973,0
2005-01-17,0.2831476628780365,0.28999999165534973,0.28999999165534973,0.28999999165534973,0.28999999165534973,0
2005-01-18,0.2831476628780365,0.28999999165534973,0.28999999165534973,0.28999999165534973,0.28999999165534973,0
2005-01-19,0.2831476628780365,0.28999999165534973,0.28999999165534973,0.28999999165534973,0.28999999165534973,0
2005-01-20,0.2831476628780365,0.28999999165534973,0.28999999165534973,0.28999999165534973,0.28999999165534973,0
2005-01-21,0.2831476628780365,0.28999999165534973,0.28999999165534973,0.28999999165534973,0.28999999165534973,0
2005-01-24,0.2831476628780365,0.28999999165534973,0.28999999165534973,0.28999999165534973,0.28999999165534973,0
2005-01-25,0.2831476628780365,0.28999999165534973,0.28999999165534973,0.28999999165534973,0.28999999165534973,0
2005-01-26,0.2831476628780365,0.28999999165534973,0.28999999165534973,0.28999999165534973,0.28999999165534973,0
2005-01-27,0.2831476628780365,0.28999999165534973,0.28999999165534973,0.28999999165534973,0.28999999165534973,0
2005-01-28,0.2831476628780365,0.28999999165534973,0.28999999165534973,0.28999999165534973,0.28999999165534973,0
2005-01-31,0.2831476628780365,0.28999999165534973,0.28999999165534973,0.28999999165534973,0.28999999165534973,0
2005-02-01,0.2831476628780365,0.28999999165534973,0.28999999165534973,0.28999999165534973,0.28999999165534973,0
2005-02-02,0.2831476628780365,0.28999999165534973,0.28999999165534973,0.28999999165534973,0.28999999165534973,0
2005-02-03,0.2831476628780365,0.28999999165534973,0.28999999165534973,0.28999999165534973,0.28999999165534973,0
2005-02-04,0.2831476628780365,0.28999999165534973,0.28999999165534973,0.28999999165534973,0.28999999165534973,0
2005-02-07,0.2831476628780365,0.28999999165534973,0.28999999165534973,0.28999999165534973,0.28999999165534973,0
2005-02-08,0.2831476628780365,0.28999999165534973,0.28999999165534973,0.28999999165534973,0.28999999165534973,0
2005-02-14,0.2831476628780365,0.28999999165534973,0.28999999165534973,0.28999999165534973,0.28999999165534973,0
2005-02-15,0.2831476628780365,0.28999999165534973,0.28999999165534973,0.28999999165534973,0.28999999165534973,0
2005-02-16,0.2831476628780365,0.28999999165534973,0.28999999165534973,0.28999999165534973,0.28999999165534973,0
2005-02-17,0.2831476628780365,0.28999999165534973,0.28999999165534973,0.28999999165534973,0.28999999165534973,0
2005-02-18,0.2831476628780365,0.28999999165534973,0.28999999165534973,0.28999999165534973,0.28999999165534973,0
2005-02-21,0.2831476628780365,0.28999999165534973,0.28999999165534973,0.28999999165534973,0.28999999165534973,0
2005-02-22,0.2831476628780365,0.28999999165534973,0.28999999165534973,0.28999999165534973,0.28999999165534973,0
2005-02-23,0.2831476628780365,0.28999999165534973,0.28999999165534973,0.28999999165534973,0.28999999165534973,0
2005-02-24,0.2782658040523529,0.2849999964237213,0.2849999964237213,0.2849999964237213,0.2849999964237213,119011
2005-02-25,0.2977932393550873,0.3050000071525574,0.3050000071525574,0.28999999165534973,0.28999999165534973,221750
2005-02-28,0.2977932393550873,0.3050000071525574,0.3050000071525574,0.28999999165534973,0.30000001192092896,615000
2005-03-01,0.2831476628780365,0.28999999165534973,0.28999999165534973,0.28999999165534973,0.28999999165534973,35000
2005-03-02,0.24409282207489014,0.25,0.25999999046325684,0.23999999463558197,0.2549999952316284,640000
2005-03-03,0.2636202275753021,0.27000001072883606,0.27000001072883606,0.25999999046325684,0.25999999046325684,230000
2005-03-04,0.2733839452266693,0.2800000011920929,0.2800000011920929,0.2800000011920929,0.2800000011920929,42500
2005-03-07,0.2733839452266693,0.2800000011920929,0.2800000011920929,0.25,0.25,152500
2005-03-08,0.2733839452266693,0.2800000011920929,0.2800000011920929,0.2549999952316284,0.2800000011920929,362500
2005-03-09,0.2733839452266693,0.2800000011920929,0.2800000011920929,0.25999999046325684,0.25999999046325684,98500
2005-03-10,0.2733839452266693,0.2800000011920929,0.2800000011920929,0.27000001072883606,0.27000001072883606,743750
2005-03-11,0.2782658040523529,0.2849999964237213,0.2849999964237213,0.25,0.25,262500
2005-03-14,0.2733839452266693,0.2800000011920929,0.2800000011920929,0.25,0.25,132500
2005-03-15,0.2733839452266693,0.2800000011920929,0.2800000011920929,0.2549999952316284,0.2750000059604645,250000
2005-03-16,0.2685020864009857,0.2750000059604645,0.2750000059604645,0.2750000059604645,0.2750000059604645,160000
2005-03-17,0.2685020864009857,0.2750000059604645,0.2750000059604645,0.2750000059604645,0.2750000059604645,55000
2005-03-18,0.24409282207489014,0.25,0.25,0.25,0.25,20500
2005-03-21,0.2636202275753021,0.27000001072883606,0.27000001072883606,0.25999999046325684,0.27000001072883606,520000
2005-03-22,0.24897466599941254,0.2549999952316284,0.2549999952316284,0.2549999952316284,0.2549999952316284,15000
2005-03-23,0.24897466599941254,0.2549999952316284,0.2549999952316284,0.2549999952316284,0.25999999046325684,10000
2005-03-24,0.2538565397262573,0.25999999046325684,0.25999999046325684,0.25999999046325684,0.25999999046325684,10000
2005-03-29,0.2929114103317261,0.30000001192092896,0.30000001192092896,0.30000001192092896,0.30000001192092896,20000
2005-03-30,0.2929114103317261,0.30000001192092896,0.30000001192092896,0.27000001072883606,0.27000001072883606,210000
2005-03-31,0.3026750981807709,0.3100000023841858,0.3100000023841858,0.25,0.25,118500
2005-04-01,0.2929114103317261,0.30000001192092896,0.30000001192092896,0.30000001192092896,0.30000001192092896,57500
2005-04-04,0.24897466599941254,0.2549999952316284,0.2549999952316284,0.2549999952316284,0.30000001192092896,47500
2005-04-06,0.24897466599941254,0.2549999952316284,0.2549999952316284,0.2549999952316284,0.2549999952316284,0
2005-04-07,0.2831476628780365,0.28999999165534973,0.28999999165534973,0.27000001072883606,0.27000001072883606,40000
2005-04-08,0.2929114103317261,0.30000001192092896,0.30000001192092896,0.28999999165534973,0.28999999165534973,102500
2005-04-11,0.2929114103317261,0.30000001192092896,0.3050000071525574,0.30000001192092896,0.3050000071525574,57500
2005-04-12,0.2929114103317261,0.30000001192092896,0.30000001192092896,0.30000001192092896,0.30000001192092896,2500
2005-04-13,0.2929114103317261,0.30000001192092896,0.30000001192092896,0.30000001192092896,0.30000001192092896,65000
2005-04-14,0.2929114103317261,0.30000001192092896,0.30000001192092896,0.30000001192092896,0.30000001192092896,0
2005-04-15,0.2929114103317261,0.30000001192092896,0.30000001192092896,0.30000001192092896,0.30000001192092896,52500
2005-04-18,0.2929114103317261,0.30000001192092896,0.30000001192092896,0.25,0.25,117500
2005-04-19,0.2831476628780365,0.28999999165534973,0.28999999165534973,0.28999999165534973,0.28999999165534973,55000
2005-04-20,0.2831476628780365,0.28999999165534973,0.28999999165534973,0.28999999165534973,0.28999999165534973,0
2005-04-21,0.2831476628780365,0.28999999165534973,0.28999999165534973,0.28999999165534973,0.28999999165534973,60000
2005-04-22,0.2831476628780365,0.28999999165534973,0.28999999165534973,0.25,0.25,92500
2005-04-25,0.2782658040523529,0.2849999964237213,0.2849999964237213,0.25,0.25,60000
2005-04-26,0.2782658040523529,0.2849999964237213,0.2849999964237213,0.2849999964237213,0.2849999964237213,7670
2005-04-27,0.2538565397262573,0.25999999046325684,0.28999999165534973,0.25999999046325684,0.25999999046325684,150000
2005-04-28,0.2685020864009857,0.2750000059604645,0.2750000059604645,0.2750000059604645,0.2750000059604645,53750
2005-04-29,0.2685020864009857,0.2750000059604645,0.2750000059604645,0.2750000059604645,0.2750000059604645,0
2005-05-03,0.2880295217037201,0.29499998688697815,0.29499998688697815,0.29499998688697815,0.29499998688697815,20000
2005-05-04,0.2880295217037201,0.29499998688697815,0.29499998688697815,0.29499998688697815,0.29499998688697815,20000
2005-05-05,0.2880295217037201,0.29499998688697815,0.29499998688697815,0.29499998688697815,0.29499998688697815,0
2005-05-06,0.24409282207489014,0.25,0.28999999165534973,0.25,0.28999999165534973,50000
2005-05-09,0.2782658040523529,0.2849999964237213,0.2849999964237213,0.25,0.25,180000
2005-05-10,0.2782658040523529,0.2849999964237213,0.2849999964237213,0.2849999964237213,0.2849999964237213,0
2005-05-11,0.2733839452266693,0.2800000011920929,0.2800000011920929,0.2800000011920929,0.2800000011920929,0
2005-05-12,0.24409282207489014,0.25,0.26499998569488525,0.25,0.26499998569488525,70000
2005-05-13,0.22456538677215576,0.23000000417232513,0.23000000417232513,0.23000000417232513,0.25,29625
2005-05-17,0.22456538677215576,0.23000000417232513,0.23000000417232513,0.20000000298023224,0.20000000298023224,40000
2005-05-18,0.23432910442352295,0.23999999463558197,0.23999999463558197,0.23999999463558197,0.23999999463558197,26750
2005-05-19,0.22456538677215576,0.23000000417232513,0.23000000417232513,0.23000000417232513,0.23000000417232513,200000
2005-05-20,0.2226126492023468,0.2280000001192093,0.2280000001192093,0.2280000001192093,0.2280000001192093,3000
2005-05-23,0.23335272073745728,0.23899999260902405,0.23899999260902405,0.20000000298023224,0.20000000298023224,42750
2005-05-24,0.23335272073745728,0.23899999260902405,0.23899999260902405,0.23899999260902405,0.23899999260902405,0
2005-05-25,0.23335272073745728,0.23899999260902405,0.23899999260902405,0.23899999260902405,0.23899999260902405,0
2005-05-26,0.23335272073745728,0.23899999260902405,0.23899999260902405,0.23899999260902405,0.23899999260902405,0
2005-05-27,0.23335272073745728,0.23899999260902405,0.23899999260902405,0.23899999260902405,0.23899999260902405,0
2005-05-30,0.23335272073745728,0.23899999260902405,0.23899999260902405,0.23899999260902405,0.23899999260902405,0
2005-05-31,0.22944724559783936,0.23499999940395355,0.23499999940395355,0.23499999940395355,0.23499999940395355,30000
2005-06-01,0.2050379514694214,0.20999999344348907,0.210999995470047,0.20999999344348907,0.210999995470047,84165
2005-06-02,0.19625063240528107,0.20100000500679016,0.20100000500679016,0.20100000500679016,0.20100000500679016,20500
2005-06-03,0.21480168402194977,0.2199999988079071,0.2199999988079071,0.2199999988079071,0.2199999988079071,20000
2005-06-06,0.22456538677215576,0.23000000417232513,0.23000000417232513,0.20399999618530273,0.20399999618530273,30000
2005-06-07,0.22456538677215576,0.23000000417232513,0.23000000417232513,0.23000000417232513,0.23000000417232513,0
2005-06-08,0.22456538677215576,0.23000000417232513,0.23000000417232513,0.23000000417232513,0.23000000417232513,0
2005-06-09,0.22456538677215576,0.23000000417232513,0.23000000417232513,0.23000000417232513,0.23000000417232513,0
2005-06-10,0.22358903288841248,0.2290000021457672,0.2290000021457672,0.2290000021457672,0.2290000021457672,0
2005-06-13,0.21577805280685425,0.22100000083446503,0.22100000083446503,0.22100000083446503,0.22100000083446503,10000
2005-06-14,0.21577805280685425,0.22100000083446503,0.22100000083446503,0.22100000083446503,0.22100000083446503,0
2005-06-15,0.21577805280685425,0.22100000083446503,0.22100000083446503,0.22100000083446503,0.22100000083446503,0
2005-06-16,0.1952742636203766,0.20000000298023224,0.20000000298023224,0.20000000298023224,0.20000000298023224,10000
2005-06-17,0.1952742636203766,0.20000000298023224,0.20000000298023224,0.20000000298023224,0.20000000298023224,0
2005-06-20,0.2050379514694214,0.20999999344348907,0.20999999344348907,0.20999999344348907,0.20999999344348907,20000
2005-06-21,0.1855105310678482,0.1899999976158142,0.1899999976158142,0.1899999976158142,0.1899999976158142,100000
2005-06-22,0.1903923898935318,0.19499999284744263,0.19499999284744263,0.19499999284744263,0.19499999284744263,0
2005-06-23,0.1903923898935318,0.19499999284744263,0.19499999284744263,0.19499999284744263,0.19499999284744263,0
2005-06-24,0.1903923898935318,0.19499999284744263,0.19499999284744263,0.19499999284744263,0.19499999284744263,0
2005-06-27,0.1903923898935318,0.19499999284744263,0.19499999284744263,0.1899999976158142,0.19499999284744263,70000
2005-06-28,0.1903923898935318,0.19499999284744263,0.19499999284744263,0.19499999284744263,0.19499999284744263,0
2005-06-29,0.1903923898935318,0.19499999284744263,0.19499999284744263,0.19499999284744263,0.19499999284744263,0
2005-06-30,0.1903923898935318,0.19499999284744263,0.19499999284744263,0.19499999284744263,0.19499999284744263,0
2005-07-04,0.1903923898935318,0.19499999284744263,0.19499999284744263,0.19499999284744263,0.19499999284744263,0
2005-07-05,0.1903923898935318,0.19499999284744263,0.19499999284744263,0.19499999284744263,0.19499999284744263,0
2005-07-06,0.16891223192214966,0.17299999296665192,0.17299999296665192,0.17100000381469727,0.17100000381469727,35000
2005-07-07,0.18355779349803925,0.18799999356269836,0.18799999356269836,0.18799999356269836,0.18799999356269836,50000
2005-07-08,0.18355779349803925,0.18799999356269836,0.18799999356269836,0.18799999356269836,0.18799999356269836,0
2005-07-11,0.1757468432188034,0.18000000715255737,0.18000000715255737,0.18000000715255737,0.18000000715255737,30000
2005-07-12,0.1757468432188034,0.18000000715255737,0.18000000715255737,0.18000000715255737,0.18000000715255737,55000
2005-07-13,0.16598311066627502,0.17000000178813934,0.17000000178813934,0.17000000178813934,0.17000000178813934,50000
2005-07-14,0.14645570516586304,0.15000000596046448,0.1599999964237213,0.15000000596046448,0.1599999964237213,525000
2005-07-15,0.14645570516586304,0.15000000596046448,0.15000000596046448,0.15000000596046448,0.15000000596046448,40000
2005-07-18,0.14645570516586304,0.15000000596046448,0.15000000596046448,0.15000000596046448,0.15000000596046448,105000
2005-07-19,0.14645570516586304,0.15000000596046448,0.15000000596046448,0.15000000596046448,0.15000000596046448,0
2005-07-20,0.14547932147979736,0.14900000393390656,0.14900000393390656,0.13099999725818634,0.14000000059604645,180000
2005-07-21,0.14157383143901825,0.14499999582767487,0.14499999582767487,0.14499999582767487,0.14499999582767487,15000
2005-07-22,0.14645570516586304,0.15000000596046448,0.15000000596046448,0.14300000667572021,0.14300000667572021,402500
2005-07-25,0.15621939301490784,0.1599999964237213,0.1599999964237213,0.1599999964237213,0.1599999964237213,103750
2005-07-26,0.16403037309646606,0.1679999977350235,0.1679999977350235,0.164000004529953,0.164000004529953,40000
2005-07-27,0.17086496949195862,0.17499999701976776,0.17499999701976776,0.17499999701976776,0.17499999701976776,40000
2005-07-28,0.1757468432188034,0.18000000715255737,0.18000000715255737,0.14000000059604645,0.14000000059604645,149750
2005-07-29,0.1903923898935318,0.19499999284744263,0.19499999284744263,0.19499999284744263,0.19499999284744263,50000
2005-08-01,0.1718413531780243,0.17599999904632568,0.17599999904632568,0.17100000381469727,0.17100000381469727,100000
2005-08-02,0.1757468432188034,0.18000000715255737,0.18000000715255737,0.17000000178813934,0.17000000178813934,62500
2005-08-03,0.16598311066627502,0.17000000178813934,0.17000000178813934,0.17000000178813934,0.17000000178813934,25000
2005-08-04,0.1718413531780243,0.17599999904632568,0.17599999904632568,0.17599999904632568,0.17599999904632568,0
2005-08-05,0.1767231971025467,0.1809999942779541,0.1809999942779541,0.1809999942779541,0.1809999942779541,75000
2005-08-08,0.1806286871433258,0.1850000023841858,0.1850000023841858,0.1850000023841858,0.1850000023841858,0
2005-08-09,0.1806286871433258,0.1850000023841858,0.1850000023841858,0.1850000023841858,0.1850000023841858,0
2005-08-10,0.1806286871433258,0.1850000023841858,0.1850000023841858,0.1850000023841858,0.1850000023841858,0
2005-08-11,0.16110126674175262,0.16500000655651093,0.16500000655651093,0.16500000655651093,0.16500000655651093,50000
2005-08-12,0.1757468432188034,0.18000000715255737,0.18000000715255737,0.1720000058412552,0.1720000058412552,85000
2005-08-15,0.1757468432188034,0.18000000715255737,0.18000000715255737,0.18000000715255737,0.18000000715255737,0
2005-08-16,0.1757468432188034,0.18000000715255737,0.1899999976158142,0.16200000047683716,0.18000000715255737,250000
2005-08-17,0.1757468432188034,0.18000000715255737,0.18000000715255737,0.18000000715255737,0.18000000715255737,0
2005-08-18,0.1757468432188034,0.18000000715255737,0.18000000715255737,0.18000000715255737,0.18000000715255737,0
2005-08-19,0.1757468432188034,0.18000000715255737,0.18000000715255737,0.18000000715255737,0.18000000715255737,0
2005-08-22,0.1757468432188034,0.18000000715255737,0.18000000715255737,0.18000000715255737,0.18000000715255737,0
2005-08-23,0.1757468432188034,0.18000000715255737,0.18000000715255737,0.18000000715255737,0.18000000715255737,0
2005-08-24,0.1757468432188034,0.18000000715255737,0.18000000715255737,0.18000000715255737,0.18000000715255737,0
2005-08-25,0.14938481152057648,0.15299999713897705,0.15299999713897705,0.15299999713897705,0.15299999713897705,17500
2005-08-26,0.15621939301490784,0.1599999964237213,0.1599999964237213,0.1599999964237213,0.1599999964237213,0
2005-08-29,0.16110126674175262,0.16500000655651093,0.16500000655651093,0.1599999964237213,0.1599999964237213,265000
2005-08-30,0.16403037309646606,0.1679999977350235,0.1679999977350235,0.1679999977350235,0.1679999977350235,0
2005-08-31,0.16403037309646606,0.1679999977350235,0.1679999977350235,0.1679999977350235,0.1679999977350235,0
2005-09-01,0.16403037309646606,0.1679999977350235,0.1679999977350235,0.1679999977350235,0.1679999977350235,0
2005-09-02,0.16891223192214966,0.17299999296665192,0.17299999296665192,0.16699999570846558,0.16699999570846558,30000
2005-09-05,0.15426665544509888,0.15800000727176666,0.15800000727176666,0.15800000727176666,0.15800000727176666,112500
2005-09-06,0.15426665544509888,0.15800000727176666,0.15800000727176666,0.15800000727176666,0.15800000727176666,14500
2005-09-07,0.15621939301490784,0.1599999964237213,0.1599999964237213,0.1599999964237213,0.1599999964237213,18125
2005-09-08,0.15621939301490784,0.1599999964237213,0.1599999964237213,0.1599999964237213,0.1599999964237213,10000
2005-09-09,0.15426665544509888,0.15800000727176666,0.15800000727176666,0.15800000727176666,0.15800000727176666,52338
2005-09-12,0.16891223192214966,0.17299999296665192,0.17299999296665192,0.15800000727176666,0.15800000727176666,180000
2005-09-13,0.16891223192214966,0.17299999296665192,0.17299999296665192,0.17299999296665192,0.17299999296665192,0
2005-09-14,0.16598311066627502,0.17000000178813934,0.17000000178813934,0.17000000178813934,0.17000000178813934,0
2005-09-15,0.14645570516586304,0.15000000596046448,0.15000000596046448,0.15000000596046448,0.15000000596046448,50000
2005-09-16,0.16598311066627502,0.17000000178813934,0.17000000178813934,0.17000000178813934,0.15399999916553497,130000
2005-09-20,0.16598311066627502,0.17000000178813934,0.17000000178813934,0.17000000178813934,0.17000000178813934,7500
2005-09-21,0.16598311066627502,0.17000000178813934,0.17000000178813934,0.17000000178813934,0.17000000178813934,0
2005-09-22,0.16598311066627502,0.17000000178813934,0.17000000178813934,0.17000000178813934,0.17000000178813934,5000
2005-09-23,0.16598311066627502,0.17000000178813934,0.17000000178813934,0.17000000178813934,0.17000000178813934,0
2005-09-26,0.1757468432188034,0.18000000715255737,0.18000000715255737,0.18000000715255737,0.18000000715255737,10000
2005-09-27,0.1757468432188034,0.18000000715255737,0.18000000715255737,0.18000000715255737,0.18000000715255737,0
2005-09-28,0.17086496949195862,0.17499999701976776,0.17499999701976776,0.17499999701976776,0.17499999701976776,0
2005-09-29,0.16793586313724518,0.1720000058412552,0.1720000058412552,0.1720000058412552,0.1720000058412552,0
2005-09-30,0.1855105310678482,0.1899999976158142,0.1899999976158142,0.17000000178813934,0.17000000178813934,20000
2005-10-03,0.16598311066627502,0.17000000178813934,0.17000000178813934,0.17000000178813934,0.17000000178813934,80000
2005-10-04,0.15133754909038544,0.1550000011920929,0.1550000011920929,0.1550000011920929,0.1550000011920929,37500
2005-10-05,0.16598311066627502,0.17000000178813934,0.17000000178813934,0.16500000655651093,0.16500000655651093,90000
2005-10-06,0.16598311066627502,0.17000000178813934,0.17000000178813934,0.17000000178813934,0.17000000178813934,135000
2005-10-07,0.16598311066627502,0.17000000178813934,0.17000000178813934,0.17000000178813934,0.17000000178813934,70000
2005-10-10,0.16598311066627502,0.17000000178813934,0.17000000178813934,0.17000000178813934,0.17000000178813934,210000
2005-10-12,0.15621939301490784,0.1599999964237213,0.1599999964237213,0.1599999964237213,0.1599999964237213,21250
2005-10-13,0.15621939301490784,0.1599999964237213,0.1599999964237213,0.1599999964237213,0.1599999964237213,0
2005-10-14,0.15621939301490784,0.1599999964237213,0.1599999964237213,0.1599999964237213,0.1599999964237213,0
2005-10-17,0.16598311066627502,0.17000000178813934,0.17000000178813934,0.15000000596046448,0.15000000596046448,110000
2005-10-18,0.16598311066627502,0.17000000178813934,0.17000000178813934,0.17000000178813934,0.17000000178813934,0
2005-10-19,0.16598311066627502,0.17000000178813934,0.17000000178813934,0.17000000178813934,0.17000000178813934,0
2005-10-20,0.16598311066627502,0.17000000178813934,0.17000000178813934,0.17000000178813934,0.17000000178813934,0
2005-10-21,0.16403037309646606,0.1679999977350235,0.1679999977350235,0.1679999977350235,0.1679999977350235,0
2005-10-24,0.16403037309646606,0.1679999977350235,0.1679999977350235,0.1679999977350235,0.1679999977350235,0
2005-10-25,0.16403037309646606,0.1679999977350235,0.1679999977350235,0.1679999977350235,0.1679999977350235,5000
2005-10-26,0.15621939301490784,0.1599999964237213,0.1599999964237213,0.1599999964237213,0.1599999964237213,15000
2005-10-27,0.15621939301490784,0.1599999964237213,0.1599999964237213,0.1599999964237213,0.1599999964237213,0
2005-10-28,0.15621939301490784,0.1599999964237213,0.1599999964237213,0.1599999964237213,0.1599999964237213,0
2005-10-31,0.15621939301490784,0.1599999964237213,0.1599999964237213,0.1599999964237213,0.1599999964237213,0
2005-11-01,0.14645570516586304,0.15000000596046448,0.15000000596046448,0.15000000596046448,0.15000000596046448,25000
2005-11-02,0.14645570516586304,0.15000000596046448,0.15000000596046448,0.15000000596046448,0.15000000596046448,0
2005-11-03,0.16598311066627502,0.17000000178813934,0.17000000178813934,0.17000000178813934,0.17000000178813934,287500
2005-11-04,0.17086496949195862,0.17499999701976776,0.17499999701976776,0.17499999701976776,0.17499999701976776,50000
2005-11-07,0.17086496949195862,0.17499999701976776,0.17499999701976776,0.17499999701976776,0.17499999701976776,0
2005-11-08,0.17086496949195862,0.17499999701976776,0.17499999701976776,0.17499999701976776,0.17499999701976776,6250
2005-11-09,0.1523139327764511,0.15600000321865082,0.15600000321865082,0.15600000321865082,0.15600000321865082,20000
2005-11-10,0.16403037309646606,0.1679999977350235,0.1679999977350235,0.1679999977350235,0.1679999977350235,0
2005-11-11,0.16403037309646606,0.1679999977350235,0.1679999977350235,0.1679999977350235,0.1679999977350235,4617178
2005-11-14,0.16403037309646606,0.1679999977350235,0.1679999977350235,0.1679999977350235,0.1679999977350235,0
2005-11-15,0.16403037309646606,0.1679999977350235,0.1679999977350235,0.1679999977350235,0.1679999977350235,0
2005-11-16,0.15036118030548096,0.15399999916553497,0.15399999916553497,0.15399999916553497,0.15399999916553497,20000
2005-11-17,0.15036118030548096,0.15399999916553497,0.15399999916553497,0.15399999916553497,0.15399999916553497,110000
2005-11-18,0.16403037309646606,0.1679999977350235,0.1679999977350235,0.1679999977350235,0.1679999977350235,0
2005-11-21,0.15036118030548096,0.15399999916553497,0.15399999916553497,0.15399999916553497,0.15399999916553497,50000
2005-11-22,0.16403037309646606,0.1679999977350235,0.1679999977350235,0.16500000655651093,0.16500000655651093,200000
2005-11-23,0.16598311066627502,0.17000000178813934,0.17000000178813934,0.17000000178813934,0.17000000178813934,76000
2005-11-24,0.16598311066627502,0.17000000178813934,0.17000000178813934,0.17000000178813934,0.17000000178813934,0
2005-11-25,0.16598311066627502,0.17000000178813934,0.17000000178813934,0.17000000178813934,0.17000000178813934,90000
2005-11-28,0.16598311066627502,0.17000000178813934,0.17000000178813934,0.17000000178813934,0.17000000178813934,12840
2005-11-29,0.16598311066627502,0.17000000178813934,0.17000000178813934,0.17000000178813934,0.17000000178813934,0
2005-11-30,0.16598311066627502,0.17000000178813934,0.17000000178813934,0.17000000178813934,0.17000000178813934,0
2005-12-01,0.16598311066627502,0.17000000178813934,0.17000000178813934,0.17000000178813934,0.17000000178813934,0
2005-12-02,0.16598311066627502,0.17000000178813934,0.17000000178813934,0.17000000178813934,0.17000000178813934,0
2005-12-05,0.16598311066627502,0.17000000178813934,0.17000000178813934,0.17000000178813934,0.17000000178813934,0
2005-12-06,0.15621939301490784,0.1599999964237213,0.1599999964237213,0.1599999964237213,0.1599999964237213,220000
2005-12-07,0.15036118030548096,0.15399999916553497,0.15399999916553497,0.15399999916553497,0.15399999916553497,22500
2005-12-08,0.158172145485878,0.16200000047683716,0.16200000047683716,0.16200000047683716,0.16200000047683716,30000
2005-12-09,0.16403037309646606,0.1679999977350235,0.1679999977350235,0.1679999977350235,0.1679999977350235,4500
2005-12-12,0.1757468432188034,0.18000000715255737,0.18000000715255737,0.15399999916553497,0.15399999916553497,340000
2005-12-13,0.1952742636203766,0.20000000298023224,0.20000000298023224,0.19900000095367432,0.19900000095367432,54500
2005-12-14,0.1952742636203766,0.20000000298023224,0.20000000298023224,0.19900000095367432,0.19900000095367432,326875
2005-12-15,0.2050379514694214,0.20999999344348907,0.20999999344348907,0.18000000715255737,0.18000000715255737,282500
2005-12-16,0.1855105310678482,0.1899999976158142,0.19200000166893005,0.1899999976158142,0.1899999976158142,170000
2005-12-19,0.1952742636203766,0.20000000298023224,0.20000000298023224,0.17000000178813934,0.1899999976158142,392500
2005-12-20,0.20015612244606018,0.20499999821186066,0.20499999821186066,0.20499999821186066,0.20499999821186066,200000
2005-12-21,0.1952742636203766,0.20000000298023224,0.20000000298023224,0.20000000298023224,0.20000000298023224,10000
2005-12-22,0.2040615975856781,0.20900000631809235,0.20900000631809235,0.17100000381469727,0.17100000381469727,65000
2005-12-23,0.2050379514694214,0.20999999344348907,0.20999999344348907,0.20000000298023224,0.20900000631809235,100000
2005-12-28,0.20991982519626617,0.2150000035762787,0.2150000035762787,0.2150000035762787,0.2150000035762787,20000
2005-12-29,0.22456538677215576,0.23000000417232513,0.23000000417232513,0.2199999988079071,0.23000000417232513,167500
2005-12-30,0.22456538677215576,0.23000000417232513,0.23000000417232513,0.23000000417232513,0.23000000417232513,0
2006-01-03,0.22456538677215576,0.23000000417232513,0.23000000417232513,0.23000000417232513,0.23000000417232513,0
2006-01-04,0.20991982519626617,0.2150000035762787,0.2150000035762787,0.20000000298023224,0.20000000298023224,100000
2006-01-05,0.20991982519626617,0.2150000035762787,0.2150000035762787,0.2150000035762787,0.2150000035762787,0
2006-01-06,0.20991982519626617,0.2150000035762787,0.2150000035762787,0.2150000035762787,0.2150000035762787,0
2006-01-09,0.21480168402194977,0.2199999988079071,0.2199999988079071,0.2199999988079071,0.2199999988079071,10000
2006-01-10,0.2050379514694214,0.20999999344348907,0.20999999344348907,0.1720000058412552,0.1720000058412552,277500
2006-01-11,0.20015612244606018,0.20499999821186066,0.20499999821186066,0.20499999821186066,0.20499999821186066,198000
2006-01-12,0.1894160360097885,0.1940000057220459,0.1940000057220459,0.18000000715255737,0.18000000715255737,337500
2006-01-13,0.19625063240528107,0.20100000500679016,0.20100000500679016,0.17299999296665192,0.17299999296665192,191250
2006-01-16,0.19625063240528107,0.20100000500679016,0.20100000500679016,0.20100000500679016,0.20100000500679016,0
2006-01-17,0.1952742636203766,0.20000000298023224,0.20000000298023224,0.1809999942779541,0.1809999942779541,146875
2006-01-18,0.2050379514694214,0.20999999344348907,0.20999999344348907,0.20999999344348907,0.20999999344348907,0
2006-01-19,0.21284893155097961,0.21799999475479126,0.21799999475479126,0.1850000023841858,0.1850000023841858,45000
2006-01-20,0.21284893155097961,0.21799999475479126,0.21799999475479126,0.21799999475479126,0.21799999475479126,55000
2006-01-23,0.1855105310678482,0.1899999976158142,0.1899999976158142,0.1899999976158142,0.1899999976158142,10000
2006-01-24,0.1757468432188034,0.18000000715255737,0.18000000715255737,0.18000000715255737,0.18000000715255737,62500
2006-01-25,0.1855105310678482,0.1899999976158142,0.1899999976158142,0.18000000715255737,0.18000000715255737,55250
2006-01-26,0.1855105310678482,0.1899999976158142,0.1899999976158142,0.1899999976158142,0.1899999976158142,7500
2006-01-27,0.1806286871433258,0.1850000023841858,0.1850000023841858,0.1809999942779541,0.1899999976158142,37500
2006-02-01,0.18355779349803925,0.18799999356269836,0.18799999356269836,0.18799999356269836,0.18799999356269836,50000
2006-02-02,0.18355779349803925,0.18799999356269836,0.18799999356269836,0.18799999356269836,0.18799999356269836,0
2006-02-03,0.18355779349803925,0.18799999356269836,0.18799999356269836,0.18799999356269836,0.18799999356269836,0
2006-02-06,0.18355779349803925,0.18799999356269836,0.18799999356269836,0.18799999356269836,0.18799999356269836,0
2006-02-07,0.18355779349803925,0.18799999356269836,0.18799999356269836,0.18799999356269836,0.18799999356269836,0
2006-02-08,0.18355779349803925,0.18799999356269836,0.18799999356269836,0.18799999356269836,0.18799999356269836,2500
2006-02-09,0.1952742636203766,0.20000000298023224,0.20000000298023224,0.18000000715255737,0.18000000715255737,36000
2006-02-10,0.1952742636203766,0.20000000298023224,0.20000000298023224,0.20000000298023224,0.20000000298023224,2000
2006-02-13,0.1952742636203766,0.20000000298023224,0.20000000298023224,0.20000000298023224,0.20000000298023224,0
2006-02-14,0.1952742636203766,0.20000000298023224,0.20000000298023224,0.20000000298023224,0.20000000298023224,0
2006-02-15,0.1952742636203766,0.20000000298023224,0.20000000298023224,0.20000000298023224,0.20000000298023224,0
2006-02-16,0.21480168402194977,0.2199999988079071,0.2199999988079071,0.19900000095367432,0.19900000095367432,180000
2006-02-17,0.2050379514694214,0.20999999344348907,0.20999999344348907,0.1850000023841858,0.1850000023841858,324000
2006-02-20,0.23432910442352295,0.23999999463558197,0.23999999463558197,0.19499999284744263,0.19900000095367432,307500
2006-02-21,0.23432910442352295,0.23999999463558197,0.23999999463558197,0.23999999463558197,0.23999999463558197,0
2006-02-22,0.23335272073745728,0.23899999260902405,0.23899999260902405,0.20000000298023224,0.20000000298023224,105000
2006-02-23,0.23432910442352295,0.23999999463558197,0.23999999463558197,0.23999999463558197,0.23999999463558197,20000
2006-02-24,0.20991982519626617,0.2150000035762787,0.2150000035762787,0.20499999821186066,0.20499999821186066,42500
2006-02-27,0.21480168402194977,0.2199999988079071,0.2199999988079071,0.1899999976158142,0.19099999964237213,176500
2006-02-28,0.1942978799343109,0.19900000095367432,0.20000000298023224,0.19599999487400055,0.20000000298023224,162500
2006-03-01,0.20308522880077362,0.20800000429153442,0.20800000429153442,0.18000000715255737,0.18000000715255737,199650
2006-03-02,0.2050379514694214,0.20999999344348907,0.20999999344348907,0.20999999344348907,0.20999999344348907,30000
2006-03-03,0.21480168402194977,0.2199999988079071,0.2199999988079071,0.2199999988079071,0.2199999988079071,50000
2006-03-06,0.2050379514694214,0.20999999344348907,0.20999999344348907,0.20999999344348907,0.20999999344348907,5
2006-03-07,0.21480168402194977,0.2199999988079071,0.2199999988079071,0.19499999284744263,0.19499999284744263,70000
2006-03-08,0.21480168402194977,0.2199999988079071,0.2199999988079071,0.20800000429153442,0.20800000429153442,57500
2006-03-09,0.2138253003358841,0.21899999678134918,0.21899999678134918,0.20999999344348907,0.20999999344348907,60000
2006-03-10,0.21480168402194977,0.2199999988079071,0.2199999988079071,0.2199999988079071,0.2199999988079071,31500
2006-03-13,0.21480168402194977,0.2199999988079071,0.2199999988079071,0.2199999988079071,0.2199999988079071,30000
2006-03-14,0.2050379514694214,0.20999999344348907,0.20999999344348907,0.20100000500679016,0.20100000500679016,80750
2006-03-15,0.2040615975856781,0.20900000631809235,0.20900000631809235,0.20900000631809235,0.20900000631809235,22500
2006-03-16,0.2040615975856781,0.20900000631809235,0.20900000631809235,0.20000000298023224,0.20000000298023224,45000
2006-03-17,0.20308522880077362,0.20800000429153442,0.20800000429153442,0.20800000429153442,0.20800000429153442,28750
2006-03-20,0.20308522880077362,0.20800000429153442,0.20800000429153442,0.20800000429153442,0.20800000429153442,0
2006-03-21,0.20308522880077362,0.20800000429153442,0.20800000429153442,0.20800000429153442,0.20800000429153442,0
2006-03-22,0.20308522880077362,0.20800000429153442,0.20800000429153442,0.20800000429153442,0.20800000429153442,0
2006-03-23,0.20308522880077362,0.20800000429153442,0.20800000429153442,0.20800000429153442,0.20800000429153442,50000
2006-03-24,0.21480168402194977,0.2199999988079071,0.2199999988079071,0.20999999344348907,0.20999999344348907,133750
2006-03-27,0.21480168402194977,0.2199999988079071,0.2199999988079071,0.19200000166893005,0.2199999988079071,114204
2006-03-28,0.2050379514694214,0.20999999344348907,0.20999999344348907,0.20000000298023224,0.20100000500679016,180000
2006-03-29,0.2040615975856781,0.20900000631809235,0.20900000631809235,0.20900000631809235,0.20900000631809235,150000
2006-03-30,0.2138253003358841,0.21899999678134918,0.21899999678134918,0.20900000631809235,0.20900000631809235,132500
2006-03-31,0.2050379514694214,0.20999999344348907,0.20999999344348907,0.20900000631809235,0.20900000631809235,227500
2006-04-03,0.21480168402194977,0.2199999988079071,0.2199999988079071,0.20999999344348907,0.20999999344348907,281583
2006-04-04,0.21480168402194977,0.2199999988079071,0.2199999988079071,0.2199999988079071,0.2199999988079071,310000
2006-04-06,0.21480168402194977,0.2199999988079071,0.2199999988079071,0.2199999988079071,0.2199999988079071,112750
2006-04-07,0.22456538677215576,0.23000000417232513,0.23000000417232513,0.23000000417232513,0.23000000417232513,0
2006-04-10,0.23432910442352295,0.23999999463558197,0.25,0.23999999463558197,0.23999999463558197,125
2006-04-11,0.23432910442352295,0.23999999463558197,0.23999999463558197,0.23999999463558197,0.23999999463558197,0
2006-04-12,0.24409282207489014,0.25,0.25,0.25,0.25,405000
2006-04-13,0.24409282207489014,0.25,0.25,0.25,0.25,183500
2006-04-18,0.24409282207489014,0.25,0.25,0.25,0.25,12500
2006-04-19,0.24409282207489014,0.25,0.25,0.25,0.25,350000
2006-04-20,0.24409282207489014,0.25,0.25,0.25,0.25,32000
2006-04-21,0.24409282207489014,0.25,0.25,0.25,0.25,354750
2006-04-24,0.24409282207489014,0.25,0.25,0.25,0.25,1650000
2006-04-25,0.24409282207489014,0.25,0.25,0.25,0.25,0
2006-04-26,0.24409282207489014,0.25,0.25,0.25,0.25,5000
2006-04-27,0.22456538677215576,0.23000000417232513,0.23000000417232513,0.2199999988079071,0.2199999988079071,40500
2006-04-28,0.21577805280685425,0.22100000083446503,0.22100000083446503,0.22100000083446503,0.23000000417232513,30000
2006-05-02,0.22456538677215576,0.23000000417232513,0.23000000417232513,0.23000000417232513,0.23000000417232513,118165
2006-05-03,0.22456538677215576,0.23000000417232513,0.23000000417232513,0.22499999403953552,0.23000000417232513,712500
2006-05-04,0.24409282207489014,0.25,0.25,0.2199999988079071,0.23000000417232513,56704
2006-05-08,0.22456538677215576,0.23000000417232513,0.23000000417232513,0.2199999988079071,0.2199999988079071,118500
2006-05-09,0.23432910442352295,0.23999999463558197,0.23999999463558197,0.23100000619888306,0.23100000619888306,220000
2006-05-10,0.23432910442352295,0.23999999463558197,0.23999999463558197,0.23999999463558197,0.23999999463558197,60000
2006-05-11,0.23432910442352295,0.23999999463558197,0.23999999463558197,0.23999999463558197,0.23999999463558197,217500
2006-05-12,0.22456538677215576,0.23000000417232513,0.23999999463558197,0.23000000417232513,0.23999999463558197,370000
2006-05-15,0.24409282207489014,0.25,0.25,0.23999999463558197,0.23999999463558197,457500
2006-05-16,0.2636202275753021,0.27000001072883606,0.27000001072883606,0.2549999952316284,0.25999999046325684,620000
2006-05-17,0.2636202275753021,0.27000001072883606,0.27000001072883606,0.25,0.25,315000
2006-05-18,0.2636202275753021,0.27000001072883606,0.27000001072883606,0.27000001072883606,0.27000001072883606,0
2006-05-19,0.24409282207489014,0.25,0.25,0.25,0.25,10000
2006-05-22,0.24409282207489014,0.25,0.25,0.25,0.25,0
2006-05-23,0.24897466599941254,0.2549999952316284,0.30000001192092896,0.2549999952316284,0.2849999964237213,202500
2006-05-24,0.2587383985519409,0.26499998569488525,0.26499998569488525,0.23999999463558197,0.23999999463558197,121000
2006-05-25,0.2587383985519409,0.26499998569488525,0.26499998569488525,0.25999999046325684,0.25999999046325684,90000
2006-05-26,0.2587383985519409,0.26499998569488525,0.26499998569488525,0.26499998569488525,0.26499998569488525,8351
2006-05-29,0.24409282207489014,0.25,0.25,0.25,0.25,37500
2006-05-30,0.24409282207489014,0.25,0.25,0.25,0.25,0
2006-06-01,0.24409282207489014,0.25,0.25,0.25,0.25,37125
2006-06-02,0.24409282207489014,0.25,0.25,0.25,0.25,295000
2006-06-05,0.24409282207489014,0.25,0.25,0.25,0.25,200
2006-06-06,0.2411637008190155,0.24699999392032623,0.25,0.24500000476837158,0.24500000476837158,224500
2006-06-07,0.24409282207489014,0.25,0.25,0.24500000476837158,0.24500000476837158,28750
2006-06-08,0.23432910442352295,0.23999999463558197,0.24500000476837158,0.23999999463558197,0.24500000476837158,296500
2006-06-09,0.24409282207489014,0.25,0.25,0.25,0.25,30000
2006-06-12,0.24409282207489014,0.25,0.25,0.25,0.25,0
2006-06-13,0.21480168402194977,0.2199999988079071,0.2199999988079071,0.2199999988079071,0.2199999988079071,90000
2006-06-14,0.23725822567939758,0.24300000071525574,0.24300000071525574,0.23999999463558197,0.23999999463558197,300000
2006-06-15,0.23432910442352295,0.23999999463558197,0.23999999463558197,0.23999999463558197,0.23999999463558197,155000
2006-06-16,0.23432910442352295,0.23999999463558197,0.23999999463558197,0.23999999463558197,0.23999999463558197,80000
2006-06-19,0.23432910442352295,0.23999999463558197,0.23999999463558197,0.23999999463558197,0.23999999463558197,0
2006-06-20,0.23432910442352295,0.23999999463558197,0.23999999463558197,0.23999999463558197,0.23999999463558197,20000
2006-06-21,0.23432910442352295,0.23999999463558197,0.23999999463558197,0.23999999463558197,0.23999999463558197,0
2006-06-22,0.23432910442352295,0.23999999463558197,0.23999999463558197,0.23999999463558197,0.23999999463558197,0
2006-06-23,0.23432910442352295,0.23999999463558197,0.23999999463558197,0.23999999463558197,0.23999999463558197,0
2006-06-26,0.23432910442352295,0.23999999463558197,0.23999999463558197,0.23999999463558197,0.23999999463558197,0
2006-06-27,0.24409282207489014,0.25,0.25,0.23999999463558197,0.23999999463558197,588750
2006-06-28,0.24409282207489014,0.25,0.25,0.25,0.25,0
2006-06-29,0.24409282207489014,0.25,0.25,0.25,0.25,0
2006-06-30,0.24409282207489014,0.25,0.25,0.25,0.25,45000
2006-07-03,0.24409282207489014,0.25,0.25,0.25,0.25,10000
2006-07-04,0.24409282207489014,0.25,0.25,0.25,0.25,0
2006-07-05,0.24409282207489014,0.25,0.25,0.25,0.25,0
2006-07-06,0.24409282207489014,0.25,0.25,0.25,0.25,35000
2006-07-07,0.24409282207489014,0.25,0.25,0.25,0.25,0
2006-07-10,0.24409282207489014,0.25,0.25,0.25,0.25,0
2006-07-11,0.24409282207489014,0.25,0.25,0.25,0.25,150000
2006-07-12,0.24409282207489014,0.25,0.25,0.25,0.25,250000
2006-07-13,0.24409282207489014,0.25,0.25,0.25,0.25,200000
2006-07-14,0.24409282207489014,0.25,0.25,0.25,0.25,395
2006-07-17,0.24897466599941254,0.2549999952316284,0.2549999952316284,0.25,0.25,85000
2006-07-18,0.24409282207489014,0.25,0.25,0.25,0.25,60000
2006-07-19,0.24409282207489014,0.25,0.25,0.25,0.25,105000
2006-07-20,0.24409282207489014,0.25,0.25,0.25,0.25,300
2006-07-21,0.24409282207489014,0.25,0.25,0.25,0.25,27500
2006-07-24,0.24409282207489014,0.25,0.25,0.25,0.25,0
2006-07-25,0.24409282207489014,0.25,0.25,0.25,0.25,0
2006-07-26,0.24409282207489014,0.25,0.25,0.25,0.25,0
2006-07-27,0.24409282207489014,0.25,0.25,0.25,0.25,237500
2006-07-28,0.24409282207489014,0.25,0.25,0.25,0.25,0
2006-07-31,0.24409282207489014,0.25,0.25,0.25,0.25,0
2006-08-01,0.23921096324920654,0.24500000476837158,0.24500000476837158,0.24500000476837158,0.24500000476837158,35000
2006-08-02,0.23921096324920654,0.24500000476837158,0.24500000476837158,0.24500000476837158,0.24500000476837158,0
2006-08-03,0.23921096324920654,0.24500000476837158,0.24500000476837158,0.24500000476837158,0.24500000476837158,6500
2006-08-04,0.24409282207489014,0.25,0.25,0.25,0.25,125000
2006-08-07,0.24409282207489014,0.25,0.25,0.25,0.25,2500
2006-08-08,0.24409282207489014,0.25,0.25,0.25,0.25,0
2006-08-09,0.24409282207489014,0.25,0.25,0.25,0.25,0
2006-08-10,0.24409282207489014,0.25,0.25,0.25,0.25,0
2006-08-11,0.24409282207489014,0.25,0.25,0.25,0.25,0
2006-08-14,0.24409282207489014,0.25,0.25,0.25,0.25,0
2006-08-15,0.24409282207489014,0.25,0.25,0.25,0.25,0
2006-08-16,0.24409282207489014,0.25,0.25,0.25,0.25,0
2006-08-17,0.24409282207489014,0.25,0.25,0.25,0.25,0
2006-08-18,0.23921096324920654,0.24500000476837158,0.24500000476837158,0.24500000476837158,0.24500000476837158,7500
2006-08-21,0.20601433515548706,0.210999995470047,0.210999995470047,0.210999995470047,0.210999995470047,18000
2006-08-22,0.21577805280685425,0.22100000083446503,0.22100000083446503,0.22100000083446503,0.22100000083446503,0
2006-08-23,0.20601433515548706,0.210999995470047,0.210999995470047,0.210999995470047,0.210999995470047,43000
2006-08-24,0.20796707272529602,0.21299999952316284,0.21299999952316284,0.21299999952316284,0.21299999952316284,120000
2006-08-25,0.20308522880077362,0.20800000429153442,0.20800000429153442,0.20800000429153442,0.20800000429153442,100000
2006-08-28,0.19722700119018555,0.20200000703334808,0.20800000429153442,0.20200000703334808,0.20800000429153442,72100
2006-08-29,0.19722700119018555,0.20200000703334808,0.20200000703334808,0.20200000703334808,0.20200000703334808,0
2006-08-30,0.20015612244606018,0.20499999821186066,0.20499999821186066,0.20499999821186066,0.20499999821186066,0
2006-08-31,0.20015612244606018,0.20499999821186066,0.20499999821186066,0.20499999821186066,0.20499999821186066,0
2006-09-01,0.20015612244606018,0.20499999821186066,0.20499999821186066,0.20499999821186066,0.20499999821186066,0
2006-09-04,0.20210884511470795,0.2070000022649765,0.2070000022649765,0.20499999821186066,0.20499999821186066,125000
2006-09-05,0.1991797387599945,0.20399999618530273,0.20399999618530273,0.20399999618530273,0.20399999618530273,50000
2006-09-06,0.1991797387599945,0.20399999618530273,0.20399999618530273,0.20399999618530273,0.20399999618530273,0
2006-09-07,0.19820336997509003,0.2029999941587448,0.2029999941587448,0.2029999941587448,0.2029999941587448,10000
2006-09-08,0.19820336997509003,0.2029999941587448,0.2029999941587448,0.2029999941587448,0.2029999941587448,12500
2006-09-11,0.1991797387599945,0.20399999618530273,0.20399999618530273,0.20399999618530273,0.20399999618530273,0
2006-09-12,0.1991797387599945,0.20399999618530273,0.20399999618530273,0.20399999618530273,0.20399999618530273,160800
2006-09-13,0.1991797387599945,0.20399999618530273,0.20399999618530273,0.19900000095367432,0.19900000095367432,87500
2006-09-14,0.19234514236450195,0.19699999690055847,0.19699999690055847,0.19699999690055847,0.19699999690055847,100000
2006-09-15,0.19234514236450195,0.19699999690055847,0.19699999690055847,0.19699999690055847,0.19699999690055847,0
2006-09-18,0.19234514236450195,0.19699999690055847,0.19699999690055847,0.19699999690055847,0.19699999690055847,0
2006-09-19,0.1952742636203766,0.20000000298023224,0.20800000429153442,0.19699999690055847,0.20499999821186066,1195000
2006-09-20,0.1952742636203766,0.20000000298023224,0.20000000298023224,0.20000000298023224,0.20000000298023224,0
2006-09-21,0.1952742636203766,0.20000000298023224,0.20000000298023224,0.20000000298023224,0.20000000298023224,0
2006-09-22,0.1952742636203766,0.20000000298023224,0.20000000298023224,0.20000000298023224,0.20000000298023224,0
2006-09-25,0.1952742636203766,0.20000000298023224,0.20000000298023224,0.20000000298023224,0.20000000298023224,0
2006-09-26,0.18355779349803925,0.18799999356269836,0.18799999356269836,0.18799999356269836,0.18799999356269836,116
2006-09-27,0.1903923898935318,0.19499999284744263,0.19499999284744263,0.19499999284744263,0.19499999284744263,0
2006-09-28,0.1903923898935318,0.19499999284744263,0.19499999284744263,0.19499999284744263,0.19499999284744263,0
2006-09-29,0.1903923898935318,0.19499999284744263,0.19499999284744263,0.19499999284744263,0.19499999284744263,0
2006-10-03,0.1903923898935318,0.19499999284744263,0.19499999284744263,0.19499999284744263,0.19499999284744263,0
2006-10-04,0.19332151114940643,0.1979999989271164,0.1979999989271164,0.1979999989271164,0.1979999989271164,0
2006-10-05,0.19332151114940643,0.1979999989271164,0.1979999989271164,0.1979999989271164,0.1979999989271164,2500
2006-10-06,0.19136875867843628,0.19599999487400055,0.19900000095367432,0.19599999487400055,0.19900000095367432,315000
2006-10-09,0.19136875867843628,0.19599999487400055,0.19599999487400055,0.19599999487400055,0.19599999487400055,0
2006-10-10,0.19136875867843628,0.19599999487400055,0.19599999487400055,0.19599999487400055,0.19599999487400055,0
2006-10-11,0.19136875867843628,0.19599999487400055,0.19599999487400055,0.19599999487400055,0.19599999487400055,5000
2006-10-12,0.19136875867843628,0.19599999487400055,0.19599999487400055,0.19599999487400055,0.19599999487400055,0
2006-10-13,0.18843965232372284,0.19300000369548798,0.19300000369548798,0.19300000369548798,0.19300000369548798,0
2006-10-16,0.1855105310678482,0.1899999976158142,0.19300000369548798,0.18000000715255737,0.18000000715255737,32500
2006-10-17,0.1855105310678482,0.1899999976158142,0.1899999976158142,0.1899999976158142,0.1899999976158142,0
2006-10-18,0.1855105310678482,0.1899999976158142,0.1899999976158142,0.1899999976158142,0.1899999976158142,0
2006-10-19,0.1855105310678482,0.1899999976158142,0.1899999976158142,0.1899999976158142,0.1899999976158142,20000
2006-10-20,0.1855105310678482,0.1899999976158142,0.1899999976158142,0.1899999976158142,0.1899999976158142,0
2006-10-23,0.1484084278345108,0.15199999511241913,0.15199999511241913,0.15199999511241913,0.15199999511241913,25000
2006-10-24,0.158172145485878,0.16200000047683716,0.16200000047683716,0.16200000047683716,0.16200000047683716,0
2006-10-25,0.19332151114940643,0.1979999989271164,0.1979999989271164,0.1979999989271164,0.1979999989271164,20000
2006-10-26,0.24409282207489014,0.25,0.25,0.20000000298023224,0.25,7500
2006-10-27,0.24409282207489014,0.25,0.25,0.25,0.25,7500
2006-10-31,0.2538565397262573,0.25999999046325684,0.27000001072883606,0.24500000476837158,0.24899999797344208,1875000
2006-11-01,0.3124387860298157,0.3199999928474426,0.3199999928474426,0.25999999046325684,0.25999999046325684,1759829
2006-11-02,0.2977932393550873,0.3050000071525574,0.3199999928474426,0.2800000011920929,0.2800000011920929,665
2006-11-03,0.33196622133255005,0.3400000035762787,0.3449999988079071,0.3100000023841858,0.3100000023841858,1660420
2006-11-06,0.41495779156684875,0.42500001192092896,0.4300000071525574,0.3499999940395355,0.3499999940395355,1263125
2006-11-07,0.3710210621356964,0.3799999952316284,0.4699999988079071,0.3799999952316284,0.42500001192092896,1527125
2006-11-08,0.3514936864376068,0.36000001430511475,0.3799999952316284,0.3499999940395355,0.3799999952316284,1481250
2006-11-09,0.3661392331123352,0.375,0.38999998569488525,0.33500000834465027,0.3799999952316284,1167000
2006-11-10,0.3710210621356964,0.3799999952316284,0.3799999952316284,0.3700000047683716,0.375,1225000
2006-11-13,0.3612573742866516,0.3700000047683716,0.4000000059604645,0.36000001430511475,0.4000000059604645,579
2006-11-14,0.34172993898391724,0.3499999940395355,0.35499998927116394,0.3400000035762787,0.3400000035762787,1012500
2006-11-15,0.34172993898391724,0.3499999940395355,0.3499999940395355,0.33500000834465027,0.3400000035762787,567500
2006-11-16,0.33196622133255005,0.3400000035762787,0.3499999940395355,0.3400000035762787,0.3499999940395355,627500
2006-11-17,0.3612573742866516,0.3700000047683716,0.375,0.3400000035762787,0.375,380
2006-11-20,0.33196622133255005,0.3400000035762787,0.3400000035762787,0.3400000035762787,0.3400000035762787,130000
2006-11-21,0.33684808015823364,0.3449999988079071,0.36500000953674316,0.3400000035762787,0.3400000035762787,325000
2006-11-22,0.34172993898391724,0.3499999940395355,0.3700000047683716,0.3449999988079071,0.3449999988079071,395000
2006-11-23,0.32220253348350525,0.33000001311302185,0.3400000035762787,0.33000001311302185,0.3400000035762787,362500
2006-11-24,0.34172993898391724,0.3499999940395355,0.3499999940395355,0.33500000834465027,0.3400000035762787,55000
2006-11-27,0.32220253348350525,0.33000001311302185,0.33000001311302185,0.33000001311302185,0.33000001311302185,1021700
2006-11-28,0.32220253348350525,0.33000001311302185,0.33000001311302185,0.33000001311302185,0.33000001311302185,0
2006-11-29,0.2929114103317261,0.30000001192092896,0.30000001192092896,0.30000001192092896,0.30000001192092896,160000
2006-11-30,0.32220253348350525,0.33000001311302185,0.33000001311302185,0.33000001311302185,0.33000001311302185,110000
2006-12-01,0.356375515460968,0.36500000953674316,0.36500000953674316,0.36500000953674316,0.36500000953674316,30000
2006-12-04,0.32220253348350525,0.33000001311302185,0.33000001311302185,0.33000001311302185,0.33000001311302185,20
2006-12-05,0.3514936864376068,0.36000001430511475,0.36000001430511475,0.36000001430511475,0.36000001430511475,0
2006-12-06,0.34172993898391724,0.3499999940395355,0.3499999940395355,0.3499999940395355,0.3499999940395355,630000
2006-12-07,0.34172993898391724,0.3499999940395355,0.3499999940395355,0.3499999940395355,0.3499999940395355,7500
2006-12-08,0.32220253348350525,0.33000001311302185,0.3499999940395355,0.33000001311302185,0.3499999940395355,149000
2006-12-11,0.3124387860298157,0.3199999928474426,0.3199999928474426,0.3199999928474426,0.3199999928474426,31250
2006-12-12,0.3026750981807709,0.3100000023841858,0.3100000023841858,0.30000001192092896,0.30000001192092896,30000
2006-12-13,0.3026750981807709,0.3100000023841858,0.3100000023841858,0.3100000023841858,0.3100000023841858,190000
2006-12-14,0.3026750981807709,0.3100000023841858,0.3100000023841858,0.3100000023841858,0.3100000023841858,0
2006-12-15,0.34172993898391724,0.3499999940395355,0.3499999940395355,0.3149999976158142,0.3149999976158142,130000
2006-12-18,0.33196622133255005,0.3400000035762787,0.3400000035762787,0.3400000035762787,0.3400000035762787,8
2006-12-19,0.34172993898391724,0.3499999940395355,0.3499999940395355,0.3499999940395355,0.3499999940395355,30000
2006-12-20,0.34172993898391724,0.3499999940395355,0.3499999940395355,0.3499999940395355,0.3499999940395355,0
2006-12-21,0.34661179780960083,0.35499998927116394,0.35499998927116394,0.30000001192092896,0.3100000023841858,43
2006-12-22,0.34661179780960083,0.35499998927116394,0.35499998927116394,0.35499998927116394,0.35499998927116394,0
2006-12-27,0.3124387860298157,0.3199999928474426,0.3400000035762787,0.3100000023841858,0.3100000023841858,210000
2006-12-28,0.2929114103317261,0.30000001192092896,0.3100000023841858,0.30000001192092896,0.3100000023841858,22000
2006-12-29,0.34172993898391724,0.3499999940395355,0.3499999940395355,0.20000000298023224,0.20000000298023224,713
2007-01-02,0.34172993898391724,0.3499999940395355,0.3499999940395355,0.3499999940395355,0.3499999940395355,6250
2007-01-03,0.33196622133255005,0.3400000035762787,0.3400000035762787,0.3400000035762787,0.3400000035762787,0
2007-01-04,0.3026750981807709,0.3100000023841858,0.3499999940395355,0.3100000023841858,0.3499999940395355,147500
2007-01-05,0.3514936864376068,0.36000001430511475,0.36000001430511475,0.3100000023841858,0.3100000023841858,148750
2007-01-08,0.3807847797870636,0.38999998569488525,0.4000000059604645,0.3799999952316284,0.3799999952316284,270
2007-01-09,0.41983965039253235,0.4300000071525574,0.46000000834465027,0.38999998569488525,0.38999998569488525,1348000
2007-01-10,0.42960336804389954,0.4399999976158142,0.44999998807907104,0.4000000059604645,0.4399999976158142,687893
2007-01-11,0.42960336804389954,0.4399999976158142,0.4449999928474426,0.4350000023841858,0.4350000023841858,162500
2007-01-12,0.3905485272407532,0.4000000059604645,0.41999998688697815,0.4000000059604645,0.41999998688697815,731500
2007-01-15,0.356375515460968,0.36500000953674316,0.36500000953674316,0.3100000023841858,0.3100000023841858,140
2007-01-16,0.41983965039253235,0.4300000071525574,0.44999998807907104,0.3799999952316284,0.4000000059604645,2451000
2007-01-17,0.3905485272407532,0.4000000059604645,0.41999998688697815,0.3799999952316284,0.3799999952316284,667
2007-01-18,0.3905485272407532,0.4000000059604645,0.4000000059604645,0.3799999952316284,0.3799999952316284,520000
2007-01-19,0.3710210621356964,0.3799999952316284,0.3799999952316284,0.36000001430511475,0.3799999952316284,948750
2007-01-22,0.3905485272407532,0.4000000059604645,0.4000000059604645,0.4000000059604645,0.4000000059604645,50000
2007-01-23,0.3807847797870636,0.38999998569488525,0.38999998569488525,0.33500000834465027,0.36000001430511475,847040
2007-01-24,0.3514936864376068,0.36000001430511475,0.36500000953674316,0.36000001430511475,0.36500000953674316,150000
2007-01-25,0.34172993898391724,0.3499999940395355,0.3499999940395355,0.3499999940395355,0.3499999940395355,32500
2007-01-26,0.34172993898391724,0.3499999940395355,0.3499999940395355,0.3499999940395355,0.3499999940395355,85000
2007-01-29,0.34172993898391724,0.3499999940395355,0.3499999940395355,0.3499999940395355,0.3499999940395355,0
2007-01-30,0.34172993898391724,0.3499999940395355,0.3499999940395355,0.3499999940395355,0.3499999940395355,200000
2007-01-31,0.3514936864376068,0.36000001430511475,0.36000001430511475,0.3499999940395355,0.36000001430511475,262500
2007-02-01,0.3514936864376068,0.36000001430511475,0.36000001430511475,0.36000001430511475,0.36000001430511475,0
2007-02-02,0.33684808015823364,0.3449999988079071,0.3449999988079071,0.3449999988079071,0.3449999988079071,25000
2007-02-05,0.33684808015823364,0.3449999988079071,0.3499999940395355,0.3449999988079071,0.3499999940395355,182500
2007-02-06,0.33684808015823364,0.3449999988079071,0.3449999988079071,0.3449999988079071,0.3449999988079071,0
2007-02-07,0.33196622133255005,0.3400000035762787,0.3400000035762787,0.3400000035762787,0.3400000035762787,50000
2007-02-08,0.33196622133255005,0.3400000035762787,0.3400000035762787,0.3400000035762787,0.3400000035762787,0
2007-02-09,0.3710210621356964,0.3799999952316284,0.3799999952316284,0.3400000035762787,0.3400000035762787,390000
2007-02-12,0.3710210621356964,0.3799999952316284,0.4000000059604645,0.3400000035762787,0.3700000047683716,310000
2007-02-13,0.33684808015823364,0.3449999988079071,0.3499999940395355,0.3449999988079071,0.3499999940395355,556250
2007-02-14,0.33196622133255005,0.3400000035762787,0.4300000071525574,0.3400000035762787,0.4300000071525574,72500
2007-02-15,0.33196622133255005,0.3400000035762787,0.3400000035762787,0.3400000035762787,0.3400000035762787,0
2007-02-16,0.32708439230918884,0.33500000834465027,0.3400000035762787,0.33500000834465027,0.3400000035762787,576468
2007-02-21,0.3124387860298157,0.3199999928474426,0.3199999928474426,0.28999999165534973,0.28999999165534973,30
2007-02-22,0.3514936864376068,0.36000001430511475,0.36000001430511475,0.3400000035762787,0.3400000035762787,554000
2007-02-23,0.34172993898391724,0.3499999940395355,0.3499999940395355,0.3499999940395355,0.3499999940395355,500000
2007-02-26,0.34172993898391724,0.3499999940395355,0.3499999940395355,0.3499999940395355,0.3499999940395355,100000
2007-02-27,0.34172993898391724,0.3499999940395355,0.3499999940395355,0.3499999940395355,0.3499999940395355,0
2007-02-28,0.34172993898391724,0.3499999940395355,0.3499999940395355,0.3499999940395355,0.3499999940395355,4500
2007-03-01,0.34172993898391724,0.3499999940395355,0.3499999940395355,0.3499999940395355,0.3499999940395355,0
2007-03-02,0.33196622133255005,0.3400000035762787,0.3400000035762787,0.3400000035762787,0.3400000035762787,1
2007-03-05,0.33196622133255005,0.3400000035762787,0.3400000035762787,0.3400000035762787,0.3400000035762787,0
2007-03-06,0.2880295217037201,0.29499998688697815,0.33500000834465027,0.26499998569488525,0.3199999928474426,967500
2007-03-07,0.2733839452266693,0.2800000011920929,0.29499998688697815,0.2800000011920929,0.29499998688697815,120000
2007-03-08,0.32220253348350525,0.33000001311302185,0.3400000035762787,0.30000001192092896,0.30000001192092896,340
2007-03-09,0.3124387860298157,0.3199999928474426,0.3199999928474426,0.3199999928474426,0.3199999928474426,10000
2007-03-12,0.3124387860298157,0.3199999928474426,0.3199999928474426,0.3199999928474426,0.3199999928474426,100000
2007-03-13,0.32220253348350525,0.33000001311302185,0.33000001311302185,0.3199999928474426,0.3199999928474426,50000
2007-03-14,0.3026750981807709,0.3100000023841858,0.3100000023841858,0.3100000023841858,0.3100000023841858,0
2007-03-15,0.3026750981807709,0.3100000023841858,0.3100000023841858,0.3100000023841858,0.3100000023841858,0
2007-03-16,0.3026750981807709,0.3100000023841858,0.3100000023841858,0.3100000023841858,0.3100000023841858,0
2007-03-19,0.2929114103317261,0.30000001192092896,0.30000001192092896,0.30000001192092896,0.30000001192092896,22500
2007-03-20,0.2977932393550873,0.3050000071525574,0.33000001311302185,0.29499998688697815,0.33000001311302185,1450000
2007-03-21,0.2929114103317261,0.30000001192092896,0.3100000023841858,0.27000001072883606,0.3100000023841858,1070000
2007-03-22,0.2929114103317261,0.30000001192092896,0.30000001192092896,0.30000001192092896,0.30000001192092896,5000
2007-03-23,0.2929114103317261,0.30000001192092896,0.30000001192092896,0.30000001192092896,0.30000001192092896,0
2007-03-26,0.2880295217037201,0.29499998688697815,0.29499998688697815,0.26499998569488525,0.26499998569488525,80000
2007-03-27,0.2929114103317261,0.30000001192092896,0.30000001192092896,0.30000001192092896,0.30000001192092896,20000
2007-03-28,0.2929114103317261,0.30000001192092896,0.30000001192092896,0.30000001192092896,0.30000001192092896,10000
2007-03-29,0.2733839452266693,0.2800000011920929,0.2800000011920929,0.2800000011920929,0.2800000011920929,60000
2007-03-30,0.2733839452266693,0.2800000011920929,0.2800000011920929,0.27000001072883606,0.27000001072883606,551000
2007-04-02,0.2831476628780365,0.28999999165534973,0.28999999165534973,0.2800000011920929,0.2800000011920929,50000
2007-04-03,0.2977932393550873,0.3050000071525574,0.36000001430511475,0.28999999165534973,0.28999999165534973,620000
2007-04-04,0.2929114103317261,0.30000001192092896,0.33000001311302185,0.30000001192092896,0.33000001311302185,487000
2007-04-10,0.3075569272041321,0.3149999976158142,0.38999998569488525,0.3149999976158142,0.38999998569488525,50000
2007-04-11,0.32220253348350525,0.33000001311302185,0.33000001311302185,0.29499998688697815,0.3199999928474426,425000
2007-04-12,0.31732064485549927,0.32499998807907104,0.33000001311302185,0.3100000023841858,0.32499998807907104,2760000
2007-04-13,0.3124387860298157,0.3199999928474426,0.32499998807907104,0.3050000071525574,0.3050000071525574,2254500
2007-04-16,0.32220253348350525,0.33000001311302185,0.3499999940395355,0.33000001311302185,0.33000001311302185,2330000
2007-04-17,0.34661179780960083,0.35499998927116394,0.35499998927116394,0.33000001311302185,0.33000001311302185,2027500
2007-04-18,0.33196622133255005,0.3400000035762787,0.35499998927116394,0.3149999976158142,0.3499999940395355,1875000
2007-04-19,0.32708439230918884,0.33500000834465027,0.3499999940395355,0.3100000023841858,0.3100000023841858,1883000
2007-04-20,0.32708439230918884,0.33500000834465027,0.33500000834465027,0.3149999976158142,0.3199999928474426,120000
2007-04-23,0.3026750981807709,0.3100000023841858,0.3199999928474426,0.30000001192092896,0.3199999928474426,860000
2007-04-24,0.2929114103317261,0.30000001192092896,0.3149999976158142,0.29499998688697815,0.3149999976158142,331500
2007-04-25,0.2880295217037201,0.29499998688697815,0.29499998688697815,0.29499998688697815,0.29499998688697815,70000
2007-04-26,0.32220253348350525,0.33000001311302185,0.33000001311302185,0.3050000071525574,0.3050000071525574,802000
2007-04-27,0.32220253348350525,0.33000001311302185,0.33000001311302185,0.3100000023841858,0.3100000023841858,510000
2007-04-30,0.3124387860298157,0.3199999928474426,0.33000001311302185,0.30000001192092896,0.33000001311302185,562500
2007-05-02,0.3124387860298157,0.3199999928474426,0.3199999928474426,0.3149999976158142,0.3149999976158142,167500
2007-05-03,0.32220253348350525,0.33000001311302185,0.33000001311302185,0.3149999976158142,0.33000001311302185,230000
2007-05-04,0.31732064485549927,0.32499998807907104,0.32499998807907104,0.32499998807907104,0.32499998807907104,400000
2007-05-07,0.31732064485549927,0.32499998807907104,0.32499998807907104,0.30000001192092896,0.3149999976158142,3142500
2007-05-08,0.3124387860298157,0.3199999928474426,0.32499998807907104,0.30000001192092896,0.3100000023841858,3018500
2007-05-09,0.32220253348350525,0.33000001311302185,0.33500000834465027,0.30000001192092896,0.3050000071525574,3216250
2007-05-10,0.32708439230918884,0.33500000834465027,0.36000001430511475,0.33000001311302185,0.3499999940395355,1047500
2007-05-11,0.34661179780960083,0.35499998927116394,0.35499998927116394,0.3100000023841858,0.32499998807907104,2906500
2007-05-14,0.34172993898391724,0.3499999940395355,0.375,0.3400000035762787,0.3499999940395355,1763750
2007-05-15,0.33196622133255005,0.3400000035762787,0.3499999940395355,0.33500000834465027,0.3499999940395355,890000
2007-05-16,0.42472150921821594,0.4350000023841858,0.4399999976158142,0.3499999940395355,0.3499999940395355,8634250
2007-05-17,0.3905485272407532,0.4000000059604645,0.4699999988079071,0.39500001072883606,0.46000000834465027,3965250
2007-05-18,0.41983965039253235,0.4300000071525574,0.47999998927116394,0.4099999964237213,0.46000000834465027,1651500
2007-05-21,0.4100759029388428,0.41999998688697815,0.44999998807907104,0.41999998688697815,0.44999998807907104,1147500
2007-05-22,0.4100759029388428,0.41999998688697815,0.41999998688697815,0.3799999952316284,0.4099999964237213,1280000
2007-05-23,0.41983965039253235,0.4300000071525574,0.4300000071525574,0.38499999046325684,0.41999998688697815,1272500
2007-05-25,0.43448522686958313,0.4449999928474426,0.45500001311302185,0.4300000071525574,0.4399999976158142,2460458
2007-05-28,0.4491307735443115,0.46000000834465027,0.5,0.44999998807907104,0.47999998927116394,1542500
2007-05-29,0.4686582088470459,0.47999998927116394,0.5,0.45500001311302185,0.46000000834465027,4783750
2007-05-30,0.5760590434074402,0.5899999737739563,0.6100000143051147,0.4699999988079071,0.47999998927116394,10747375
2007-05-31,0.8103880882263184,0.8299999833106995,0.8600000143051147,0.6299999952316284,0.6499999761581421,26138053
2007-06-01,0.7225147485733032,0.7400000095367432,0.9300000071525574,0.6800000071525574,0.8600000143051147,14523500
2007-06-04,0.7225147485733032,0.7400000095367432,0.7599999904632568,0.6700000166893005,0.75,10695000
2007-06-05,0.7029873728752136,0.7200000286102295,0.7400000095367432,0.6600000262260437,0.7400000095367432,3469375
2007-06-06,0.7322784662246704,0.75,0.75,0.6800000071525574,0.6800000071525574,4291000
2007-06-07,0.7810970544815063,0.800000011920929,0.8100000023841858,0.75,0.75,8392240
2007-06-08,0.8201518058776855,0.8399999737739563,0.8999999761581421,0.8100000023841858,0.8799999952316284,11228600
2007-06-11,0.7713333368301392,0.7900000214576721,0.8399999737739563,0.7799999713897705,0.8399999737739563,9959300
2007-06-12,0.7615695595741272,0.7799999713897705,0.8500000238418579,0.7799999713897705,0.800000011920929,1890000
2007-06-13,0.7810970544815063,0.800000011920929,0.8199999928474426,0.7599999904632568,0.7799999713897705,2555000
2007-06-14,0.7615695595741272,0.7799999713897705,0.8299999833106995,0.7799999713897705,0.8299999833106995,2595000
2007-06-15,0.8884978890419006,0.9100000262260437,0.9399999976158142,0.800000011920929,0.800000011920929,30944
2007-06-18,0.8884978890419006,0.9100000262260437,0.9100000262260437,0.9100000262260437,0.9100000262260437,0
2007-06-20,0.8884978890419006,0.9100000262260437,0.9100000262260437,0.9100000262260437,0.9100000262260437,0
2007-06-21,0.8884978890419006,0.9100000262260437,0.9100000262260437,0.9100000262260437,0.9100000262260437,0
2007-06-22,0.8884978890419006,0.9100000262260437,0.9100000262260437,0.9100000262260437,0.9100000262260437,0
2007-06-25,0.8884978890419006,0.9100000262260437,0.9100000262260437,0.9100000262260437,0.9100000262260437,0
2007-06-26,0.8884978890419006,0.9100000262260437,0.9100000262260437,0.9100000262260437,0.9100000262260437,0
2007-06-27,0.8884978890419006,0.9100000262260437,0.9100000262260437,0.9100000262260437,0.9100000262260437,0
2007-06-28,0.8884978890419006,0.9100000262260437,0.9100000262260437,0.9100000262260437,0.9100000262260437,0
2007-06-29,0.8884978890419006,0.9100000262260437,0.9100000262260437,0.9100000262260437,0.9100000262260437,0
2007-07-03,0.8884978890419006,0.9100000262260437,0.9100000262260437,0.9100000262260437,0.9100000262260437,0
2007-07-04,0.8884978890419006,0.9100000262260437,0.9100000262260437,0.9100000262260437,0.9100000262260437,0
2007-07-05,0.8884978890419006,0.9100000262260437,0.9100000262260437,0.9100000262260437,0.9100000262260437,0
2007-07-06,0.8884978890419006,0.9100000262260437,0.9100000262260437,0.9100000262260437,0.9100000262260437,0
2007-07-09,0.8884978890419006,0.9100000262260437,0.9100000262260437,0.9100000262260437,0.9100000262260437,0
2007-07-10,0.8884978890419006,0.9100000262260437,0.9100000262260437,0.9100000262260437,0.9100000262260437,0
2007-07-11,0.8884978890419006,0.9100000262260437,0.9100000262260437,0.9100000262260437,0.9100000262260437,0
2007-07-12,0.8884978890419006,0.9100000262260437,0.9100000262260437,0.9100000262260437,0.9100000262260437,0
2007-07-13,0.8884978890419006,0.9100000262260437,0.9100000262260437,0.9100000262260437,0.9100000262260437,0
2007-07-16,0.8884978890419006,0.9100000262260437,0.9100000262260437,0.9100000262260437,0.9100000262260437,0
2007-07-17,0.8884978890419006,0.9100000262260437,0.9100000262260437,0.9100000262260437,0.9100000262260437,0
2007-07-18,0.8884978890419006,0.9100000262260437,0.9100000262260437,0.9100000262260437,0.9100000262260437,0
2007-07-19,0.8884978890419006,0.9100000262260437,0.9100000262260437,0.9100000262260437,0.9100000262260437,0
2007-07-20,0.8884978890419006,0.9100000262260437,0.9100000262260437,0.9100000262260437,0.9100000262260437,0
2007-07-23,0.8884978890419006,0.9100000262260437,0.9100000262260437,0.9100000262260437,0.9100000262260437,0
2007-07-24,0.8884978890419006,0.9100000262260437,0.9100000262260437,0.9100000262260437,0.9100000262260437,0
2007-07-25,0.8884978890419006,0.9100000262260437,0.9100000262260437,0.9100000262260437,0.9100000262260437,0
2007-07-26,0.8884978890419006,0.9100000262260437,0.9100000262260437,0.9100000262260437,0.9100000262260437,0
2007-07-27,0.8884978890419006,0.9100000262260437,0.9100000262260437,0.9100000262260437,0.9100000262260437,0
2007-07-30,0.8884978890419006,0.9100000262260437,0.9100000262260437,0.9100000262260437,0.9100000262260437,0
2007-07-31,0.8884978890419006,0.9100000262260437,0.9100000262260437,0.9100000262260437,0.9100000262260437,0
2007-08-01,0.8884978890419006,0.9100000262260437,0.9100000262260437,0.9100000262260437,0.9100000262260437,0
2007-08-02,0.8884978890419006,0.9100000262260437,0.9100000262260437,0.9100000262260437,0.9100000262260437,0
2007-08-03,0.8884978890419006,0.9100000262260437,0.9100000262260437,0.9100000262260437,0.9100000262260437,0
2007-08-06,0.8884978890419006,0.9100000262260437,0.9100000262260437,0.9100000262260437,0.9100000262260437,0
2007-08-07,0.8884978890419006,0.9100000262260437,0.9100000262260437,0.9100000262260437,0.9100000262260437,0
2007-08-08,0.6444050669670105,0.6600000262260437,0.8999999761581421,0.550000011920929,0.8999999761581421,17825550
2007-08-09,0.6639324426651001,0.6800000071525574,0.8799999952316284,0.6800000071525574,0.7300000190734863,23477801
2007-08-10,0.6834598779678345,0.699999988079071,0.75,0.5799999833106995,0.6299999952316284,5910000
2007-08-13,0.8103880882263184,0.8299999833106995,0.8299999833106995,0.7300000190734863,0.7900000214576721,16206000
2007-08-14,0.7322784662246704,0.75,0.8500000238418579,0.7099999785423279,0.8399999737739563,6395000
2007-08-15,0.7615695595741272,0.7799999713897705,0.8299999833106995,0.7200000286102295,0.7300000190734863,9335000
2007-08-16,0.7225147485733032,0.7400000095367432,0.7799999713897705,0.699999988079071,0.7599999904632568,7709750
2007-08-17,0.7225147485733032,0.7400000095367432,0.75,0.5600000023841858,0.75,5444000
2007-08-20,0.75180584192276,0.7699999809265137,0.7699999809265137,0.699999988079071,0.7400000095367432,4893250
2007-08-21,0.7713333368301392,0.7900000214576721,0.8199999928474426,0.7400000095367432,0.7799999713897705,6387300
2007-08-22,0.7908607721328735,0.8100000023841858,0.8100000023841858,0.7699999809265137,0.800000011920929,4340000
2007-08-23,0.8299155831336975,0.8500000238418579,0.8500000238418579,0.8100000023841858,0.8299999833106995,4938500
2007-08-24,0.8103880882263184,0.8299999833106995,0.8500000238418579,0.8100000023841858,0.8100000023841858,2028250
2007-08-27,0.8396793007850647,0.8600000143051147,0.8999999761581421,0.8500000238418579,0.8500000238418579,3631250
2007-08-28,0.8592067360877991,0.8799999952316284,0.8899999856948853,0.8500000238418579,0.8600000143051147,6091250
2007-08-29,0.8299155831336975,0.8500000238418579,0.8700000047683716,0.8199999928474426,0.8500000238418579,4443750
2007-08-30,0.8689704537391663,0.8899999856948853,0.8899999856948853,0.8600000143051147,0.8700000047683716,6647000
2007-08-31,0.8494430184364319,0.8700000047683716,0.8899999856948853,0.8500000238418579,0.8799999952316284,4703500
2007-09-03,0.8201518058776855,0.8399999737739563,0.8500000238418579,0.8299999833106995,0.8500000238418579,2422000
2007-09-04,0.7615695595741272,0.7799999713897705,0.8500000238418579,0.7400000095367432,0.8399999737739563,4207700
2007-09-05,0.7420421242713928,0.7599999904632568,0.7900000214576721,0.7599999904632568,0.7799999713897705,889750
2007-09-06,0.7322784662246704,0.75,0.7599999904632568,0.7200000286102295,0.7200000286102295,2285000
2007-09-07,0.7713333368301392,0.7900000214576721,0.7900000214576721,0.75,0.7599999904632568,1217000
2007-09-10,0.7322784662246704,0.75,0.800000011920929,0.7400000095367432,0.800000011920929,1650000
2007-09-11,0.7225147485733032,0.7400000095367432,0.7599999904632568,0.7200000286102295,0.7300000190734863,4548
2007-09-12,0.7713333368301392,0.7900000214576721,0.800000011920929,0.75,0.7799999713897705,3054316
2007-09-13,0.8396793007850647,0.8600000143051147,0.8899999856948853,0.800000011920929,0.8100000023841858,9271250
2007-09-14,1.5133754014968872,1.5499999523162842,1.5499999523162842,0.8600000143051147,0.8600000143051147,59276585
2007-09-17,1.5719578266143799,1.6100000143051147,1.6799999475479126,1.350000023841858,1.5499999523162842,38919166
2007-09-18,1.4059747457504272,1.440000057220459,1.600000023841858,1.4299999475479126,1.590000033378601,10705472
2007-09-19,1.4645569324493408,1.5,1.5800000429153442,1.440000057220459,1.5,11045950
2007-09-20,1.3571560382843018,1.3899999856948853,1.5499999523162842,1.3200000524520874,1.5499999523162842,9188771
2007-09-21,1.2985738515853882,1.3300000429153442,1.3899999856948853,1.2100000381469727,1.3300000429153442,5921828
2007-09-24,1.2985738515853882,1.3300000429153442,1.3300000429153442,1.3300000429153442,1.3300000429153442,0
2007-09-25,1.2985738515853882,1.3300000429153442,1.3300000429153442,1.3300000429153442,1.3300000429153442,0
2007-09-27,1.2985738515853882,1.3300000429153442,1.3300000429153442,1.3300000429153442,1.3300000429153442,0
2007-09-28,1.2985738515853882,1.3300000429153442,1.3300000429153442,1.3300000429153442,1.3300000429153442,0
2007-10-02,1.2985738515853882,1.3300000429153442,1.3300000429153442,1.3300000429153442,1.3300000429153442,0
2007-10-03,1.6500674486160278,1.690000057220459,1.8700000047683716,1.2799999713897705,1.3300000429153442,29168625
2007-10-04,1.942978858947754,1.9900000095367432,2.0,1.600000023841858,1.600000023841858,21660600
2007-10-05,2.0894346237182617,2.140000104904175,2.2799999713897705,1.8899999856948853,1.899999976158142,23164790
2007-10-08,2.0796709060668945,2.130000114440918,2.319999933242798,2.0999999046325684,2.200000047683716,10191000
2007-10-09,1.952742576599121,2.0,2.140000104904175,2.0,2.130000114440918,6076400
2007-10-10,2.2847087383270264,2.3399999141693115,2.3399999141693115,1.9800000190734863,2.049999952316284,12922398
2007-10-11,2.4116370677948,2.4700000286102295,2.5,2.3499999046325684,2.359999895095825,7969000
2007-10-12,2.323763847351074,2.380000114440918,2.4800000190734863,2.25,2.299999952316284,7427500
2007-10-15,2.4604554176330566,2.5199999809265137,2.549999952316284,2.2899999618530273,2.4000000953674316,8141000
2007-10-16,2.6166751384735107,2.680000066757202,2.7799999713897705,2.450000047683716,2.5199999809265137,15628150
2007-10-17,2.538565158843994,2.5999999046325684,2.7100000381469727,2.559999942779541,2.7100000381469727,3992750
2007-10-18,2.489746570587158,2.549999952316284,2.7200000286102295,2.549999952316284,2.5999999046325684,5393750
2007-10-22,2.353055000305176,2.4100000858306885,2.569999933242798,2.4000000953674316,2.490000009536743,1747500
2007-10-23,2.431164503097534,2.490000009536743,2.509999990463257,2.440000057220459,2.5,1958000
2007-10-24,2.431164503097534,2.490000009536743,2.5999999046325684,2.4100000858306885,2.450000047683716,2414000
2007-10-25,2.353055000305176,2.4100000858306885,2.549999952316284,2.4000000953674316,2.5199999809265137,3282500
2007-10-26,2.4506919384002686,2.509999990463257,2.5199999809265137,2.430000066757202,2.430000066757202,5970000
2007-10-29,2.421400785446167,2.4800000190734863,2.5199999809265137,2.430000066757202,2.5,2889000
2007-10-30,2.362818717956543,2.4200000762939453,2.5,2.390000104904175,2.4800000190734863,5508875
2007-10-31,2.313999891281128,2.369999885559082,2.4200000762939453,2.180000066757202,2.4200000762939453,4327105
2007-11-01,2.265181303024292,2.319999933242798,2.4200000762939453,2.25,2.369999885559082,1732500
2007-11-02,2.040616035461426,2.0899999141693115,2.2899999618530273,2.0199999809265137,2.2899999618530273,1955
2007-11-05,1.952742576599121,2.0,2.1500000953674316,1.9600000381469727,2.0899999141693115,1315000
2007-11-06,2.09919810295105,2.1500000953674316,2.1500000953674316,2.0,2.0199999809265137,948750
2007-11-07,2.206598997116089,2.259999990463257,2.299999952316284,2.1500000953674316,2.1500000953674316,1939950
2007-11-08,2.1480166912078857,2.200000047683716,2.200000047683716,2.059999942779541,2.0999999046325684,1035000
2007-11-09,2.09919810295105,2.1500000953674316,2.240000009536743,2.1500000953674316,2.240000009536743,435000
2007-11-12,2.0796709060668945,2.130000114440918,2.130000114440918,2.0,2.0999999046325684,983000
2007-11-13,2.09919810295105,2.1500000953674316,2.1500000953674316,2.049999952316284,2.1500000953674316,695000
2007-11-14,2.2261264324188232,2.2799999713897705,2.299999952316284,2.119999885559082,2.200000047683716,637000
2007-11-15,2.1870715618133545,2.240000009536743,2.2799999713897705,2.200000047683716,2.2799999713897705,492500
2007-11-16,2.16754412651062,2.2200000286102295,2.25,2.1500000953674316,2.1600000858306885,1757750
2007-11-19,2.1870715618133545,2.240000009536743,2.450000047683716,2.2300000190734863,2.2799999713897705,5227750
2007-11-20,2.1968352794647217,2.25,2.25,2.180000066757202,2.25,372500
2007-11-21,2.157780408859253,2.2100000381469727,2.259999990463257,2.190000057220459,2.259999990463257,1055000
2007-11-22,2.1382529735565186,2.190000057220459,2.2300000190734863,2.109999895095825,2.2100000381469727,2380000
2007-11-23,2.0699071884155273,2.119999885559082,2.200000047683716,2.0899999141693115,2.200000047683716,1435500
2007-11-26,2.0894346237182617,2.140000104904175,2.1600000858306885,2.049999952316284,2.049999952316284,129914
2007-11-27,2.0796709060668945,2.130000114440918,2.130000114440918,2.0299999713897705,2.0299999713897705,368750
2007-11-28,2.050379753112793,2.0999999046325684,2.0999999046325684,2.0,2.0799999237060547,745000
2007-11-29,2.0308523178100586,2.0799999237060547,2.0799999237060547,2.0,2.0,362000
2007-11-30,2.0308523178100586,2.0799999237060547,2.0799999237060547,2.0,2.0799999237060547,590000
2007-12-03,1.952742576599121,2.0,2.0999999046325684,1.9700000286102295,2.009999990463257,1450000
2007-12-04,1.952742576599121,2.0,2.0,1.9600000381469727,2.0,945625
2007-12-05,1.9136877059936523,1.9600000381469727,2.0299999713897705,1.9500000476837158,2.0,715000
2007-12-06,1.9820337295532227,2.0299999713897705,2.049999952316284,1.9500000476837158,2.0,1900000
2007-12-07,2.011324882507324,2.059999942779541,2.140000104904175,2.049999952316284,2.0999999046325684,621250
2007-12-10,1.9332151412963867,1.9800000190734863,1.9800000190734863,1.9700000286102295,1.9700000286102295,70000
2007-12-11,1.9332151412963867,1.9800000190734863,2.049999952316284,1.9600000381469727,1.9600000381469727,751500
2007-12-12,1.9332151412963867,1.9800000190734863,2.0,1.899999976158142,2.0,970000
2007-12-13,1.9332151412963867,1.9800000190734863,1.9900000095367432,1.899999976158142,1.9800000190734863,457500
2007-12-14,1.845341682434082,1.8899999856948853,1.909999966621399,1.840000033378601,1.909999966621399,1075500
2007-12-17,1.5231391191482544,1.559999942779541,1.7100000381469727,1.559999942779541,1.7000000476837158,2313750
2007-12-18,1.6012489795684814,1.6399999856948853,1.649999976158142,1.2000000476837158,1.4800000190734863,6910000
2007-12-19,1.6500674486160278,1.690000057220459,1.690000057220459,1.5099999904632568,1.649999976158142,201500
2007-12-20,1.5621941089630127,1.600000023841858,1.7300000190734863,1.600000023841858,1.649999976158142,550750
2007-12-21,1.5524303913116455,1.590000033378601,1.600000023841858,1.590000033378601,1.600000023841858,310000
2007-12-24,1.5621941089630127,1.600000023841858,1.6100000143051147,1.600000023841858,1.6100000143051147,31325
2007-12-27,1.5231391191482544,1.559999942779541,1.6100000143051147,1.559999942779541,1.5800000429153442,229750
2007-12-28,1.5231391191482544,1.559999942779541,1.559999942779541,1.5,1.5299999713897705,110000
2007-12-31,1.659831166267395,1.7000000476837158,1.7999999523162842,1.5800000429153442,1.5800000429153442,550000
2008-01-02,1.7184134721755981,1.7599999904632568,1.7799999713897705,1.5800000429153442,1.5800000429153442,300000
2008-01-03,1.708649754524231,1.75,1.7899999618530273,1.75,1.7899999618530273,130000
2008-01-04,1.8258142471313477,1.8700000047683716,1.8899999856948853,1.840000033378601,1.8899999856948853,180000
2008-01-07,1.7769957780838013,1.8200000524520874,1.8200000524520874,1.7000000476837158,1.7599999904632568,100000
2008-01-08,1.5524303913116455,1.590000033378601,1.6699999570846558,1.5099999904632568,1.6699999570846558,2155000
2008-01-09,1.5329029560089111,1.5700000524520874,1.5700000524520874,1.5,1.5099999904632568,260000
2008-01-10,1.4450294971466064,1.4800000190734863,1.5,1.440000057220459,1.440000057220459,550000
2008-01-11,1.3962109088897705,1.4299999475479126,1.5499999523162842,1.399999976158142,1.399999976158142,863125
2008-01-14,1.3962109088897705,1.4299999475479126,1.4600000381469727,1.309999942779541,1.309999942779541,771400
2008-01-15,1.366919755935669,1.399999976158142,1.399999976158142,1.3200000524520874,1.3799999952316284,315000
2008-01-16,1.3473923206329346,1.3799999952316284,1.399999976158142,1.2799999713897705,1.399999976158142,560000
2008-01-17,1.4157384634017944,1.4500000476837158,1.4500000476837158,1.2300000190734863,1.350000023841858,560000
2008-01-18,1.3864471912384033,1.4199999570846558,1.4199999570846558,1.340000033378601,1.340000033378601,30500
2008-01-21,1.3571560382843018,1.3899999856948853,1.440000057220459,1.3200000524520874,1.440000057220459,320000
2008-01-22,1.269282579421997,1.2999999523162842,1.2999999523162842,1.100000023841858,1.2999999523162842,820000
2008-01-23,1.2595188617706299,1.2899999618530273,1.2899999618530273,1.1100000143051147,1.1799999475479126,290000
2008-01-24,1.2399914264678955,1.2699999809265137,1.3200000524520874,1.2000000476837158,1.2799999713897705,370000
2008-01-25,1.2399914264678955,1.2699999809265137,1.2699999809265137,1.149999976158142,1.149999976158142,10000
2008-01-28,1.1228269338607788,1.149999976158142,1.25,1.149999976158142,1.149999976158142,26450000
2008-01-29,1.132590651512146,1.159999966621399,1.159999966621399,1.059999942779541,1.149999976158142,450000
2008-01-30,1.1032994985580444,1.1299999952316284,1.1399999856948853,0.949999988079071,0.949999988079071,666750
2008-01-31,1.161881923675537,1.190000057220459,1.190000057220459,0.9300000071525574,0.9300000071525574,780000
2008-02-01,1.0740083456039429,1.100000023841858,1.1200000047683716,1.100000023841858,1.1200000047683716,80000
2008-02-04,1.0935357809066772,1.1200000047683716,1.1200000047683716,1.0800000429153442,1.100000023841858,180000
2008-02-05,1.0740083456039429,1.100000023841858,1.100000023841858,1.0499999523162842,1.100000023841858,170000
2008-02-06,1.0544809103012085,1.0800000429153442,1.0800000429153442,1.0099999904632568,1.0099999904632568,110000
2008-02-11,1.0642446279525757,1.090000033378601,1.090000033378601,1.0299999713897705,1.0800000429153442,150000
2008-02-12,0.9763712882995605,1.0,1.0299999713897705,1.0,1.0299999713897705,190000
2008-02-13,0.9666075706481934,0.9900000095367432,1.0,0.8500000238418579,1.0,1420000
2008-02-14,0.9666075706481934,0.9900000095367432,0.9900000095367432,0.9900000095367432,0.9900000095367432,50000
2008-02-15,0.9861350059509277,1.0099999904632568,1.0499999523162842,1.0099999904632568,1.0399999618530273,590000
2008-02-18,0.9275527000427246,0.949999988079071,1.0099999904632568,0.8999999761581421,1.0099999904632568,1035000
2008-02-19,0.9373164176940918,0.9599999785423279,0.9599999785423279,0.8999999761581421,0.949999988079071,330000
2008-02-20,0.9568438529968262,0.9800000190734863,1.059999942779541,0.9100000262260437,0.9700000286102295,870000
2008-02-21,0.9861350059509277,1.0099999904632568,1.0099999904632568,0.949999988079071,0.949999988079071,487500
2008-02-22,0.9666075706481934,0.9900000095367432,1.0199999809265137,0.9399999976158142,0.9399999976158142,153800
2008-02-25,0.9177889823913574,0.9399999976158142,0.9900000095367432,0.8999999761581421,0.9900000095367432,680000
2008-02-26,0.9177889823913574,0.9399999976158142,0.9599999785423279,0.8899999856948853,0.8899999856948853,1642500
2008-02-27,0.9275527000427246,0.949999988079071,0.9599999785423279,0.9399999976158142,0.949999988079071,160000
2008-02-28,0.9177889823913574,0.9399999976158142,0.9399999976158142,0.8700000047683716,0.9100000262260437,200000
2008-02-29,0.9568438529968262,0.9800000190734863,0.9900000095367432,0.9300000071525574,0.9399999976158142,570000
2008-03-03,1.0349535942077637,1.059999942779541,1.2000000476837158,1.0199999809265137,1.0199999809265137,3650000
2008-03-04,1.0251898765563965,1.0499999523162842,1.100000023841858,1.0099999904632568,1.0800000429153442,2295000
2008-03-05,0.9861350059509277,1.0099999904632568,1.0499999523162842,0.949999988079071,1.0499999523162842,1520000
2008-03-06,1.0544809103012085,1.0800000429153442,1.1200000047683716,1.0399999618530273,1.0800000429153442,2805000
2008-03-07,0.9763712882995605,1.0,1.059999942779541,1.0,1.0499999523162842,6460000
2008-03-10,1.08377206325531,1.1100000143051147,1.159999966621399,1.0099999904632568,1.0099999904632568,8359000
2008-03-11,1.1228269338607788,1.149999976158142,1.25,1.100000023841858,1.1399999856948853,4750000
2008-03-12,0.9861350059509277,1.0099999904632568,1.149999976158142,1.0,1.149999976158142,3330500
2008-03-13,0.9666075706481934,0.9900000095367432,1.0399999618530273,0.9700000286102295,0.9800000190734863,5540000
2008-03-14,0.9568438529968262,0.9800000190734863,1.0,0.9700000286102295,0.9900000095367432,1240000
2008-03-17,0.9177889823913574,0.9399999976158142,0.9700000286102295,0.9300000071525574,0.949999988079071,1030000
2008-03-18,0.8787341117858887,0.8999999761581421,0.9399999976158142,0.8799999952316284,0.9399999976158142,1520000
2008-03-19,0.8689704537391663,0.8899999856948853,1.0,0.8799999952316284,1.0,2380000
2008-03-20,0.8592067360877991,0.8799999952316284,0.8799999952316284,0.8600000143051147,0.8799999952316284,241400
2008-03-25,0.9275527000427246,0.949999988079071,0.949999988079071,0.8700000047683716,0.8700000047683716,180000
2008-03-26,0.9080252647399902,0.9300000071525574,0.9800000190734863,0.9300000071525574,0.9800000190734863,600000
2008-03-27,0.8787341117858887,0.8999999761581421,0.949999988079071,0.8999999761581421,0.949999988079071,1060000
2008-03-28,0.9275527000427246,0.949999988079071,0.9800000190734863,0.9399999976158142,0.9399999976158142,510000
2008-03-31,0.9275527000427246,0.949999988079071,0.949999988079071,0.9100000262260437,0.949999988079071,160000
2008-04-01,0.8884978890419006,0.9100000262260437,0.9700000286102295,0.9100000262260437,0.9700000286102295,560000
2008-04-02,0.9177889823913574,0.9399999976158142,0.9599999785423279,0.9300000071525574,0.9300000071525574,70000
2008-04-03,0.9275527000427246,0.949999988079071,0.949999988079071,0.9200000166893005,0.9300000071525574,870000
2008-04-07,0.9666075706481934,0.9900000095367432,1.0499999523162842,0.9900000095367432,0.9900000095367432,1560000
2008-04-08,0.947080135345459,0.9700000286102295,1.0,0.9399999976158142,1.0,1090000
2008-04-09,0.9275527000427246,0.949999988079071,0.949999988079071,0.949999988079071,0.949999988079071,200000
2008-04-10,0.9080252647399902,0.9300000071525574,0.9399999976158142,0.9300000071525574,0.9399999976158142,220000
2008-04-11,0.9568438529968262,0.9800000190734863,1.0,0.9300000071525574,0.9399999976158142,670000
2008-04-14,0.898261547088623,0.9200000166893005,0.9900000095367432,0.9200000166893005,0.9800000190734863,790000
2008-04-15,0.8787341117858887,0.8999999761581421,0.9599999785423279,0.8999999761581421,0.949999988079071,1210000
2008-04-16,0.8787341117858887,0.8999999761581421,0.8999999761581421,0.8999999761581421,0.8999999761581421,520000
2008-04-17,0.8592067360877991,0.8799999952316284,0.9300000071525574,0.8799999952316284,0.8999999761581421,500000
2008-04-18,0.9177889823913574,0.9399999976158142,0.9700000286102295,0.8799999952316284,0.8799999952316284,2200000
2008-04-21,0.8689704537391663,0.8899999856948853,0.9100000262260437,0.8899999856948853,0.9100000262260437,620000
2008-04-22,0.8689704537391663,0.8899999856948853,0.8899999856948853,0.8899999856948853,0.8899999856948853,160000
2008-04-23,0.8787341117858887,0.8999999761581421,0.9100000262260437,0.8600000143051147,0.8799999952316284,770000
2008-04-24,0.8787341117858887,0.8999999761581421,0.8999999761581421,0.8999999761581421,0.8999999761581421,140000
2008-04-25,0.8592067360877991,0.8799999952316284,0.8999999761581421,0.8799999952316284,0.8999999761581421,350000
2008-04-28,0.8884978890419006,0.9100000262260437,0.9300000071525574,0.9100000262260437,0.9100000262260437,336500
2008-04-29,0.898261547088623,0.9200000166893005,0.9200000166893005,0.9100000262260437,0.9200000166893005,230000
2008-04-30,0.8787341117858887,0.8999999761581421,0.8999999761581421,0.8799999952316284,0.8799999952316284,690000
2008-05-02,0.8787341117858887,0.8999999761581421,0.8999999761581421,0.8999999761581421,0.8999999761581421,0
2008-05-05,0.8787341117858887,0.8999999761581421,0.8999999761581421,0.8999999761581421,0.8999999761581421,0
2008-05-06,0.8787341117858887,0.8999999761581421,0.8999999761581421,0.8999999761581421,0.8999999761581421,0
2008-05-07,0.8787341117858887,0.8999999761581421,1.0499999523162842,0.8999999761581421,0.9300000071525574,3140000
2008-05-08,0.8787341713905334,0.8899999856948853,0.8999999761581421,0.8899999856948853,0.8999999761581421,210000
2008-05-09,0.9083544611930847,0.9200000166893005,0.9599999785423279,0.8899999856948853,0.9599999785423279,300000
2008-05-13,0.9182278513908386,0.9300000071525574,0.9300000071525574,0.8700000047683716,0.8799999952316284,740000
2008-05-14,0.8886075615882874,0.8999999761581421,0.9200000166893005,0.8700000047683716,0.8999999761581421,830000
2008-05-15,0.8688607215881348,0.8799999952316284,0.8999999761581421,0.8799999952316284,0.8999999761581421,510000
2008-05-16,0.8589873313903809,0.8700000047683716,0.8899999856948853,0.8700000047683716,0.8799999952316284,370000
2008-05-19,0.849113941192627,0.8600000143051147,0.8799999952316284,0.8500000238418579,0.8799999952316284,871200
2008-05-20,0.8194936513900757,0.8299999833106995,0.8600000143051147,0.800000011920929,0.8600000143051147,540000
2008-05-21,0.8392404913902283,0.8500000238418579,0.8500000238418579,0.7099999785423279,0.7099999785423279,156250
2008-05-22,0.8194936513900757,0.8299999833106995,0.8799999952316284,0.8199999928474426,0.8500000238418579,890000
2008-05-23,0.8392404913902283,0.8500000238418579,0.8700000047683716,0.8100000023841858,0.8700000047683716,230000
2008-05-26,0.8194936513900757,0.8299999833106995,0.8500000238418579,0.8299999833106995,0.8500000238418579,145000
2008-05-27,0.8194936513900757,0.8299999833106995,0.8299999833106995,0.8299999833106995,0.8299999833106995,10000
2008-05-28,0.8194936513900757,0.8299999833106995,0.8399999737739563,0.8199999928474426,0.8399999737739563,610000
2008-05-29,0.8096202611923218,0.8199999928474426,0.8199999928474426,0.8199999928474426,0.8199999928474426,90000
2008-05-30,0.8194936513900757,0.8299999833106995,0.8299999833106995,0.7400000095367432,0.800000011920929,680000
2008-06-02,0.8293670415878296,0.8399999737739563,0.8399999737739563,0.8399999737739563,0.8399999737739563,50000
2008-06-03,0.7207595109939575,0.7300000190734863,0.7599999904632568,0.6499999761581421,0.75,3330000
2008-06-04,0.7207595109939575,0.7300000190734863,0.7599999904632568,0.7300000190734863,0.7400000095367432,390000
2008-06-05,0.6713923811912537,0.6800000071525574,0.7099999785423279,0.6000000238418579,0.7099999785423279,2180000
2008-06-06,0.7306329011917114,0.7400000095367432,0.7400000095367432,0.699999988079071,0.699999988079071,320000
2008-06-10,0.750379741191864,0.7599999904632568,0.7599999904632568,0.7300000190734863,0.7300000190734863,811000
2008-06-11,0.7405062913894653,0.75,0.7599999904632568,0.7300000190734863,0.7599999904632568,350700
2008-06-12,0.7405062913894653,0.75,0.75,0.7200000286102295,0.75,130000
2008-06-13,0.7800000309944153,0.7900000214576721,0.8100000023841858,0.7599999904632568,0.7599999904632568,2330000
2008-06-16,0.750379741191864,0.7599999904632568,0.800000011920929,0.7599999904632568,0.7900000214576721,1410000
2008-06-17,0.7898734211921692,0.800000011920929,0.800000011920929,0.7400000095367432,0.75,670000
2008-06-18,0.7701265215873718,0.7799999713897705,0.800000011920929,0.7400000095367432,0.7400000095367432,412800
2008-06-19,0.7898734211921692,0.800000011920929,0.8299999833106995,0.7300000190734863,0.8100000023841858,2620000
2008-06-20,0.7898734211921692,0.800000011920929,0.8299999833106995,0.800000011920929,0.8299999833106995,160000
2008-06-23,0.7405062913894653,0.75,0.800000011920929,0.75,0.800000011920929,1020000
2008-06-24,0.750379741191864,0.7599999904632568,0.7799999713897705,0.699999988079071,0.7300000190734863,800000
2008-06-25,0.7405062913894653,0.75,0.7799999713897705,0.75,0.7799999713897705,0
2008-06-26,0.7207595109939575,0.7300000190734863,0.7699999809265137,0.7300000190734863,0.7699999809265137,0
2008-06-27,0.7010126113891602,0.7099999785423279,0.7799999713897705,0.7099999785423279,0.7799999713897705,0
2008-06-30,0.750379741191864,0.7599999904632568,0.7799999713897705,0.75,0.7599999904632568,190000
2008-07-02,0.7405062913894653,0.75,0.7599999904632568,0.75,0.7599999904632568,130000
2008-07-03,0.7207595109939575,0.7300000190734863,0.7900000214576721,0.7300000190734863,0.7900000214576721,0
2008-07-04,0.6911392211914062,0.699999988079071,0.75,0.699999988079071,0.75,1170000
2008-07-07,0.6911392211914062,0.699999988079071,0.699999988079071,0.699999988079071,0.699999988079071,210000
2008-07-08,0.6911392211914062,0.699999988079071,0.7200000286102295,0.699999988079071,0.7200000286102295,470000
2008-07-09,0.6911392211914062,0.699999988079071,0.7900000214576721,0.699999988079071,0.7900000214576721,0
2008-07-10,0.7701265215873718,0.7799999713897705,0.7799999713897705,0.7799999713897705,0.7799999713897705,210000
2008-07-11,0.7898734211921692,0.800000011920929,0.800000011920929,0.7300000190734863,0.7300000190734863,250000
2008-07-14,0.7898734211921692,0.800000011920929,0.800000011920929,0.699999988079071,0.699999988079071,5000
2008-07-15,0.7306329011917114,0.7400000095367432,0.7400000095367432,0.7400000095367432,0.7400000095367432,150000
2008-07-16,0.7701265215873718,0.7799999713897705,0.800000011920929,0.75,0.75,5560900
2008-07-17,0.7800000309944153,0.7900000214576721,0.800000011920929,0.7799999713897705,0.7799999713897705,1788100
2008-07-18,0.8096202611923218,0.8199999928474426,0.8399999737739563,0.800000011920929,0.800000011920929,1790000
2008-07-21,0.7997468113899231,0.8100000023841858,0.8100000023841858,0.800000011920929,0.8100000023841858,650000
2008-07-22,0.8096202611923218,0.8199999928474426,0.8299999833106995,0.8199999928474426,0.8199999928474426,240000
2008-07-23,0.7997468113899231,0.8100000023841858,0.8299999833106995,0.8100000023841858,0.8299999833106995,850000
2008-07-24,0.7898734211921692,0.800000011920929,0.800000011920929,0.75,0.75,802500
2008-07-25,0.7800000309944153,0.7900000214576721,0.800000011920929,0.7900000214576721,0.800000011920929,0
2008-07-28,0.7602531313896179,0.7699999809265137,0.800000011920929,0.7699999809265137,0.7900000214576721,53500
2008-07-29,0.7800000309944153,0.7900000214576721,0.8100000023841858,0.7900000214576721,0.8100000023841858,10000
2008-07-30,0.7898734211921692,0.800000011920929,0.8100000023841858,0.7599999904632568,0.8100000023841858,120000
2008-07-31,0.7800000309944153,0.7900000214576721,0.7900000214576721,0.7900000214576721,0.7900000214576721,90000
2008-08-01,0.750379741191864,0.7599999904632568,0.7900000214576721,0.7599999904632568,0.7900000214576721,0
2008-08-04,0.7898734211921692,0.800000011920929,0.800000011920929,0.800000011920929,0.800000011920929,30000
2008-08-05,0.7898734211921692,0.800000011920929,0.800000011920929,0.7200000286102295,0.7200000286102295,50000
2008-08-06,0.7898734211921692,0.800000011920929,0.800000011920929,0.800000011920929,0.800000011920929,0
2008-08-07,0.7405062913894653,0.75,0.7699999809265137,0.75,0.7699999809265137,160000
2008-08-08,0.7108861207962036,0.7200000286102295,0.7300000190734863,0.7200000286102295,0.7300000190734863,60000
2008-08-11,0.6713923811912537,0.6800000071525574,0.7200000286102295,0.6800000071525574,0.7200000286102295,1430900
2008-08-12,0.6713923811912537,0.6800000071525574,0.6800000071525574,0.6399999856948853,0.6399999856948853,20300
2008-08-13,0.6911392211914062,0.699999988079071,0.699999988079071,0.6499999761581421,0.6600000262260437,350000
2008-08-14,0.6121519207954407,0.6200000047683716,0.6399999856948853,0.6200000047683716,0.6399999856948853,130000
2008-08-15,0.602278470993042,0.6100000143051147,0.6100000143051147,0.6100000143051147,0.6100000143051147,60000
2008-08-18,0.5924050807952881,0.6000000238418579,0.6100000143051147,0.6000000238418579,0.6100000143051147,60000
2008-08-19,0.5726581811904907,0.5799999833106995,0.6299999952316284,0.5799999833106995,0.6299999952316284,0
2008-08-20,0.5924050807952881,0.6000000238418579,0.6000000238418579,0.5799999833106995,0.5799999833106995,20000
2008-08-21,0.7108861207962036,0.7200000286102295,0.7200000286102295,0.6000000238418579,0.6000000238418579,130000
2008-08-22,0.7108861207962036,0.7200000286102295,0.7200000286102295,0.7200000286102295,0.7200000286102295,0
2008-08-25,0.5924050807952881,0.6000000238418579,0.6899999976158142,0.6000000238418579,0.6899999976158142,0
2008-08-26,0.6812658309936523,0.6899999976158142,0.6899999976158142,0.550000011920929,0.550000011920929,300
2008-08-27,0.5825316309928894,0.5899999737739563,0.6600000262260437,0.5899999737739563,0.6600000262260437,0
2008-08-28,0.6516456007957458,0.6600000262260437,0.6600000262260437,0.5799999833106995,0.5899999737739563,210000
2008-08-29,0.6417721509933472,0.6499999761581421,0.6499999761581421,0.6499999761581421,0.6499999761581421,50000
2008-09-01,0.5726581811904907,0.5799999833106995,0.6600000262260437,0.5799999833106995,0.6600000262260437,0
2008-09-02,0.6318987011909485,0.6399999856948853,0.6399999856948853,0.5899999737739563,0.5899999737739563,60000
2008-09-03,0.5627847909927368,0.5699999928474426,0.5899999737739563,0.5600000023841858,0.5600000023841858,21000
2008-09-04,0.5627847909927368,0.5699999928474426,0.5699999928474426,0.5699999928474426,0.5699999928474426,100000
2008-09-05,0.5430379509925842,0.550000011920929,0.550000011920929,0.4699999988079071,0.5,440000
2008-09-08,0.5430379509925842,0.550000011920929,0.5699999928474426,0.5199999809265137,0.550000011920929,400000
2008-09-09,0.5430379509925842,0.550000011920929,0.550000011920929,0.550000011920929,0.550000011920929,100000
2008-09-10,0.5430379509925842,0.550000011920929,0.550000011920929,0.5,0.550000011920929,222000
2008-09-11,0.49367088079452515,0.5,0.550000011920929,0.5,0.550000011920929,0
2008-09-12,0.5232911109924316,0.5299999713897705,0.5299999713897705,0.5,0.5,110000
2008-09-16,0.4443037807941437,0.44999998807907104,0.5199999809265137,0.44999998807907104,0.5199999809265137,0
2008-09-17,0.4887341856956482,0.4950000047683716,0.4950000047683716,0.44999998807907104,0.44999998807907104,120000
2008-09-18,0.4443037807941437,0.44999998807907104,0.47999998927116394,0.4000000059604645,0.47999998927116394,645000
2008-09-19,0.47392404079437256,0.47999998927116394,0.47999998927116394,0.4399999976158142,0.4399999976158142,300000
2008-09-22,0.47392404079437256,0.47999998927116394,0.47999998927116394,0.47999998927116394,0.47999998927116394,310000
2008-09-23,0.47392404079437256,0.47999998927116394,0.5,0.47999998927116394,0.5,170000
2008-09-24,0.4887341856956482,0.4950000047683716,0.4950000047683716,0.4950000047683716,0.4950000047683716,110000
2008-09-25,0.48379746079444885,0.49000000953674316,0.49000000953674316,0.49000000953674316,0.49000000953674316,310000
2008-09-26,0.48379746079444885,0.49000000953674316,0.49000000953674316,0.49000000953674316,0.49000000953674316,684000
2008-09-29,0.48379746079444885,0.49000000953674316,0.49000000953674316,0.4099999964237213,0.4099999964237213,164500
2008-09-30,0.5529114007949829,0.5600000023841858,0.5600000023841858,0.5600000023841858,0.5600000023841858,50000
2008-10-02,0.5529114007949829,0.5600000023841858,0.5600000023841858,0.5600000023841858,0.5600000023841858,100000
2008-10-03,0.5529114007949829,0.5600000023841858,0.5600000023841858,0.5600000023841858,0.5600000023841858,80000
2008-10-06,0.5430379509925842,0.550000011920929,0.550000011920929,0.4650000035762787,0.4650000035762787,300000
2008-10-08,0.47392404079437256,0.47999998927116394,0.47999998927116394,0.44999998807907104,0.46000000834465027,460000
2008-10-09,0.47392404079437256,0.47999998927116394,0.5,0.4099999964237213,0.44999998807907104,120000
2008-10-10,0.4393670856952667,0.4449999928474426,0.44999998807907104,0.4449999928474426,0.44999998807907104,40000
2008-10-13,0.39000001549720764,0.39500001072883606,0.4000000059604645,0.3499999940395355,0.3799999952316284,550000
2008-10-14,0.3949367105960846,0.4000000059604645,0.4000000059604645,0.3700000047683716,0.3700000047683716,430000
2008-10-15,0.39000001549720764,0.39500001072883606,0.4000000059604645,0.39500001072883606,0.39500001072883606,630000
2008-10-16,0.3258228003978729,0.33000001311302185,0.39500001072883606,0.33000001311302185,0.39500001072883606,0
2008-10-17,0.3949367105960846,0.4000000059604645,0.4000000059604645,0.4000000059604645,0.4000000059604645,60000
2008-10-20,0.3850632607936859,0.38999998569488525,0.39500001072883606,0.38999998569488525,0.38999998569488525,290000
2008-10-21,0.3850632607936859,0.38999998569488525,0.38999998569488525,0.38999998569488525,0.38999998569488525,30000
2008-10-22,0.3653164505958557,0.3700000047683716,0.3700000047683716,0.3050000071525574,0.33000001311302185,760000
2008-10-23,0.2813923954963684,0.2849999964237213,0.3799999952316284,0.2849999964237213,0.3799999952316284,0
2008-10-24,0.375189870595932,0.3799999952316284,0.39500001072883606,0.30000001192092896,0.39500001072883606,230000
2008-10-27,0.375189870595932,0.3799999952316284,0.3799999952316284,0.3799999952316284,0.3799999952316284,50000
2008-10-28,0.36037975549697876,0.36500000953674316,0.375,0.3050000071525574,0.375,290000
2008-10-29,0.37025314569473267,0.375,0.375,0.33000001311302185,0.36000001430511475,290000
2008-10-30,0.36037975549697876,0.36500000953674316,0.3799999952316284,0.35499998927116394,0.375,570000
2008-10-31,0.3208860754966736,0.32499998807907104,0.3400000035762787,0.30000001192092896,0.3199999928474426,2660000
2008-11-03,0.3208860754966736,0.32499998807907104,0.32499998807907104,0.3199999928474426,0.32499998807907104,250000
2008-11-04,0.3307594954967499,0.33500000834465027,0.33500000834465027,0.3199999928474426,0.3199999928474426,160000
2008-11-05,0.29620254039764404,0.30000001192092896,0.3199999928474426,0.30000001192092896,0.3199999928474426,350000
2008-11-06,0.29620254039764404,0.30000001192092896,0.30000001192092896,0.30000001192092896,0.30000001192092896,500000
2008-11-07,0.28632909059524536,0.28999999165534973,0.30000001192092896,0.28999999165534973,0.28999999165534973,945772
2008-11-10,0.28632909059524536,0.28999999165534973,0.29499998688697815,0.28999999165534973,0.28999999165534973,1330000
2008-11-11,0.28632909059524536,0.28999999165534973,0.28999999165534973,0.2849999964237213,0.2849999964237213,470000
2008-11-12,0.27645570039749146,0.2800000011920929,0.29499998688697815,0.2800000011920929,0.2849999964237213,840000
2008-11-13,0.2715189754962921,0.2750000059604645,0.2800000011920929,0.2750000059604645,0.2750000059604645,770000
2008-11-14,0.29620254039764404,0.30000001192092896,0.30000001192092896,0.27000001072883606,0.27000001072883606,830000
2008-11-17,0.301139235496521,0.3050000071525574,0.3050000071525574,0.28999999165534973,0.30000001192092896,670000
2008-11-18,0.29620254039764404,0.30000001192092896,0.30000001192092896,0.2750000059604645,0.28999999165534973,980000
2008-11-19,0.29620254039764404,0.30000001192092896,0.30000001192092896,0.2800000011920929,0.2800000011920929,280000
2008-11-20,0.2813923954963684,0.2849999964237213,0.2849999964237213,0.2800000011920929,0.2800000011920929,240000
2008-11-21,0.2813923954963684,0.2849999964237213,0.28999999165534973,0.2750000059604645,0.28999999165534973,220000
2008-11-24,0.26658228039741516,0.27000001072883606,0.27000001072883606,0.2549999952316284,0.2549999952316284,415000
2008-11-25,0.2616455554962158,0.26499998569488525,0.27000001072883606,0.26499998569488525,0.27000001072883606,320000
2008-11-26,0.25670886039733887,0.25999999046325684,0.27000001072883606,0.25999999046325684,0.27000001072883606,850000
2008-11-27,0.26658228039741516,0.27000001072883606,0.28999999165534973,0.27000001072883606,0.2800000011920929,560000
2008-11-28,0.26658228039741516,0.27000001072883606,0.2800000011920929,0.27000001072883606,0.27000001072883606,1070000
2008-12-01,0.26658228039741516,0.27000001072883606,0.27000001072883606,0.27000001072883606,0.27000001072883606,850000
2008-12-02,0.26658228039741516,0.27000001072883606,0.27000001072883606,0.27000001072883606,0.27000001072883606,2050000
2008-12-03,0.27645570039749146,0.2800000011920929,0.33000001311302185,0.27000001072883606,0.27000001072883606,1540000
2008-12-04,0.27645570039749146,0.2800000011920929,0.2849999964237213,0.2800000011920929,0.2849999964237213,850000
2008-12-05,0.2912658154964447,0.29499998688697815,0.29499998688697815,0.28999999165534973,0.28999999165534973,790000
2008-12-08,0.29620254039764404,0.30000001192092896,0.30000001192092896,0.29499998688697815,0.29499998688697815,250000
2008-12-09,0.29620254039764404,0.30000001192092896,0.3199999928474426,0.25999999046325684,0.25999999046325684,1393000
2008-12-10,0.30607596039772034,0.3100000023841858,0.3100000023841858,0.30000001192092896,0.30000001192092896,1240000
2008-12-11,0.27645570039749146,0.2800000011920929,0.3100000023841858,0.2750000059604645,0.3050000071525574,1660000
2008-12-12,0.2813923954963684,0.2849999964237213,0.29499998688697815,0.2849999964237213,0.29499998688697815,670000
2008-12-15,0.27645570039749146,0.2800000011920929,0.29499998688697815,0.2750000059604645,0.29499998688697815,1760000
2008-12-16,0.2715189754962921,0.2750000059604645,0.2849999964237213,0.2750000059604645,0.2849999964237213,220000
2008-12-17,0.2715189754962921,0.2750000059604645,0.2800000011920929,0.27000001072883606,0.2750000059604645,1270000
2008-12-18,0.27645570039749146,0.2800000011920929,0.28999999165534973,0.2750000059604645,0.28999999165534973,460000
2008-12-19,0.26658228039741516,0.27000001072883606,0.2849999964237213,0.27000001072883606,0.2750000059604645,2450000
2008-12-22,0.26658228039741516,0.27000001072883606,0.2849999964237213,0.27000001072883606,0.27000001072883606,1090000
2008-12-23,0.27645570039749146,0.2800000011920929,0.2849999964237213,0.26499998569488525,0.26499998569488525,270000
2008-12-24,0.26658228039741516,0.27000001072883606,0.27000001072883606,0.27000001072883606,0.27000001072883606,310000
2008-12-29,0.27645570039749146,0.2800000011920929,0.2800000011920929,0.2800000011920929,0.2800000011920929,700000
2008-12-30,0.27645570039749146,0.2800000011920929,0.2800000011920929,0.2800000011920929,0.2800000011920929,40000
2008-12-31,0.2813923954963684,0.2849999964237213,0.2849999964237213,0.2800000011920929,0.2800000011920929,760000
2009-01-02,0.28632909059524536,0.28999999165534973,0.28999999165534973,0.2849999964237213,0.2849999964237213,260000
2009-01-05,0.28632909059524536,0.28999999165534973,0.29499998688697815,0.28999999165534973,0.28999999165534973,1040000
2009-01-06,0.27645570039749146,0.2800000011920929,0.28999999165534973,0.2800000011920929,0.28999999165534973,1450000
2009-01-07,0.25670886039733887,0.25999999046325684,0.2800000011920929,0.25999999046325684,0.2800000011920929,3830000
2009-01-08,0.2616455554962158,0.26499998569488525,0.25999999046325684,0.26499998569488525,0.25999999046325684,1590000
2009-01-09,0.25670886039733887,0.25999999046325684,0.2800000011920929,0.2549999952316284,0.2800000011920929,440000
2009-01-12,0.25670886039733887,0.25999999046325684,0.2750000059604645,0.25999999046325684,0.2750000059604645,3060000
2009-01-13,0.24189873039722443,0.24500000476837158,0.25999999046325684,0.24500000476837158,0.25999999046325684,2870000
2009-01-14,0.24189873039722443,0.24500000476837158,0.24500000476837158,0.24500000476837158,0.24500000476837158,0
2009-01-15,0.24683544039726257,0.25,0.25,0.25,0.25,60000
2009-01-16,0.23597466945648193,0.23899999260902405,0.23899999260902405,0.23000000417232513,0.23600000143051147,1350000
2009-01-19,0.24683544039726257,0.25,0.25,0.23999999463558197,0.23999999463558197,1400000
2009-01-20,0.24189873039722443,0.24500000476837158,0.2549999952316284,0.24500000476837158,0.24500000476837158,430000
2009-01-21,0.24189873039722443,0.24500000476837158,0.24500000476837158,0.24500000476837158,0.24500000476837158,0
2009-01-22,0.24189873039722443,0.24500000476837158,0.24500000476837158,0.24500000476837158,0.24500000476837158,0
2009-01-23,0.24683544039726257,0.25,0.25,0.25,0.25,450000
2009-01-29,0.24683544039726257,0.25,0.25,0.25,0.25,0
2009-01-30,0.24683544039726257,0.25,0.2549999952316284,0.25,0.2549999952316284,250000
2009-02-02,0.24189873039722443,0.24500000476837158,0.24500000476837158,0.24500000476837158,0.24500000476837158,20000
2009-02-03,0.24189873039722443,0.24500000476837158,0.25,0.23499999940395355,0.25,1080000
2009-02-04,0.24189873039722443,0.24500000476837158,0.24500000476837158,0.24500000476837158,0.24500000476837158,0
2009-02-05,0.2616455554962158,0.26499998569488525,0.27000001072883606,0.24799999594688416,0.2549999952316284,1580000
2009-02-06,0.24683544039726257,0.25,0.25,0.25,0.25,700000
2009-02-09,0.24683544039726257,0.25,0.25,0.25,0.25,1000000
2009-02-10,0.25670886039733887,0.25999999046325684,0.25999999046325684,0.25,0.25,4100000
2009-02-11,0.26658228039741516,0.27000001072883606,0.3199999928474426,0.25999999046325684,0.25999999046325684,14940000
2009-02-12,0.24683544039726257,0.25,0.2750000059604645,0.25,0.2750000059604645,5780000
2009-02-13,0.25670886039733887,0.25999999046325684,0.27000001072883606,0.2549999952316284,0.2549999952316284,3030000
2009-02-16,0.2517721354961395,0.2549999952316284,0.27000001072883606,0.24799999594688416,0.26499998569488525,2679350
2009-02-17,0.24683544039726257,0.25,0.25,0.24300000071525574,0.25,1430000
2009-02-18,0.24683544039726257,0.25,0.25,0.24199999868869781,0.25,820000
2009-02-19,0.24683544039726257,0.25,0.25,0.24500000476837158,0.24500000476837158,860000
2009-02-20,0.24584808945655823,0.24899999797344208,0.24899999797344208,0.23999999463558197,0.23999999463558197,290000
2009-02-23,0.24683544039726257,0.25,0.25,0.24899999797344208,0.24899999797344208,80000
2009-02-24,0.24584808945655823,0.24899999797344208,0.25,0.23199999332427979,0.25,590000
2009-02-25,0.23893670737743378,0.24199999868869781,0.24199999868869781,0.23000000417232513,0.23000000417232513,300000
2009-02-26,0.23696202039718628,0.23999999463558197,0.23999999463558197,0.23999999463558197,0.23999999463558197,150000
2009-02-27,0.24683544039726257,0.25,0.25,0.23499999940395355,0.23999999463558197,210000
2009-03-02,0.23202531039714813,0.23499999940395355,0.24500000476837158,0.23199999332427979,0.23999999463558197,440000
2009-03-03,0.24189873039722443,0.24500000476837158,0.23499999940395355,0.24300000071525574,0.23499999940395355,550000
2009-03-04,0.23696202039718628,0.23999999463558197,0.24699999392032623,0.23999999463558197,0.24300000071525574,830000
2009-03-05,0.23992404341697693,0.24300000071525574,0.25,0.24199999868869781,0.2460000067949295,551050
2009-03-06,0.24486075341701508,0.24799999594688416,0.24899999797344208,0.24799999594688416,0.24899999797344208,570000
2009-03-09,0.23696202039718628,0.23999999463558197,0.23999999463558197,0.23999999463558197,0.23999999463558197,250000
2009-03-10,0.23696202039718628,0.23999999463558197,0.2460000067949295,0.23999999463558197,0.2460000067949295,260000
2009-03-11,0.25670886039733887,0.25999999046325684,0.2849999964237213,0.24699999392032623,0.25,3470000
2009-03-12,0.24584808945655823,0.24899999797344208,0.25999999046325684,0.24500000476837158,0.25,1510000
2009-03-13,0.23696202039718628,0.23999999463558197,0.25,0.23999999463558197,0.25,1090000
2009-03-16,0.23696202039718628,0.23999999463558197,0.25,0.23999999463558197,0.25,1290000
2009-03-17,0.23696202039718628,0.23999999463558197,0.24400000274181366,0.23800000548362732,0.23999999463558197,3180000
2009-03-18,0.23399999737739563,0.2370000034570694,0.24500000476837158,0.2370000034570694,0.23999999463558197,2650000
2009-03-19,0.23301266133785248,0.23600000143051147,0.23999999463558197,0.23199999332427979,0.23199999332427979,690000
2009-03-20,0.23301266133785248,0.23600000143051147,0.2409999966621399,0.23000000417232513,0.23999999463558197,1567500
2009-03-23,0.23893670737743378,0.24199999868869781,0.23899999260902405,0.24199999868869781,0.23899999260902405,980000
2009-03-24,0.22511392831802368,0.2280000001192093,0.23999999463558197,0.2199999988079071,0.23999999463558197,3420000
2009-03-25,0.22215189039707184,0.22499999403953552,0.23199999332427979,0.2199999988079071,0.23000000417232513,1290000
2009-03-26,0.23005062341690063,0.2329999953508377,0.22499999403953552,0.2329999953508377,0.23000000417232513,440000
2009-03-27,0.22511392831802368,0.2280000001192093,0.23000000417232513,0.2280000001192093,0.23000000417232513,270000
2009-03-30,0.23005062341690063,0.2329999953508377,0.2329999953508377,0.2290000021457672,0.2290000021457672,170000
2009-03-31,0.23202531039714813,0.23499999940395355,0.23499999940395355,0.23000000417232513,0.2329999953508377,730000
2009-04-01,0.24189873039722443,0.24500000476837158,0.24500000476837158,0.23999999463558197,0.23999999463558197,180000
2009-04-02,0.24189873039722443,0.24500000476837158,0.24500000476837158,0.23999999463558197,0.24500000476837158,780000
2009-04-03,0.24288608133792877,0.2460000067949295,0.24199999868869781,0.24199999868869781,0.2460000067949295,660000
2009-04-06,0.24387340247631073,0.24699999392032623,0.24799999594688416,0.24500000476837158,0.24500000476837158,1800000
2009-04-07,0.27645570039749146,0.2800000011920929,0.2800000011920929,0.25,0.2549999952316284,2070000
2009-04-08,0.2715189754962921,0.2750000059604645,0.2800000011920929,0.27000001072883606,0.2800000011920929,1870000
2009-04-09,0.2813923954963684,0.2849999964237213,0.28999999165534973,0.2800000011920929,0.2849999964237213,1540000
2009-04-14,0.29620254039764404,0.30000001192092896,0.3050000071525574,0.2849999964237213,0.30000001192092896,6180000
2009-04-15,0.29620254039764404,0.30000001192092896,0.3100000023841858,0.2849999964237213,0.3050000071525574,5380000
2009-04-16,0.29620254039764404,0.30000001192092896,0.32499998807907104,0.28999999165534973,0.30000001192092896,3770000
2009-04-17,0.3455696105957031,0.3499999940395355,0.35499998927116394,0.3050000071525574,0.3100000023841858,2510500
2009-04-20,0.3455696105957031,0.3499999940395355,0.36000001430511475,0.3400000035762787,0.36000001430511475,1030000
2009-04-21,0.33569619059562683,0.3400000035762787,0.35499998927116394,0.32499998807907104,0.32499998807907104,480000
2009-04-22,0.33569619059562683,0.3400000035762787,0.36000001430511475,0.3400000035762787,0.3400000035762787,2130000
2009-04-23,0.3455696105957031,0.3499999940395355,0.4000000059604645,0.3199999928474426,0.4000000059604645,1240000
2009-04-24,0.3455696105957031,0.3499999940395355,0.36000001430511475,0.3400000035762787,0.3400000035762787,570000
2009-04-27,0.3505063056945801,0.35499998927116394,0.36000001430511475,0.33000001311302185,0.33000001311302185,830000
2009-04-28,0.30607596039772034,0.3100000023841858,0.33000001311302185,0.3100000023841858,0.33000001311302185,730000
2009-04-29,0.29620254039764404,0.30000001192092896,0.30000001192092896,0.2849999964237213,0.30000001192092896,930000
2009-04-30,0.31594935059547424,0.3199999928474426,0.3199999928474426,0.28999999165534973,0.3100000023841858,2670000
2009-05-04,0.30607596039772034,0.3100000023841858,0.3149999976158142,0.29499998688697815,0.29499998688697815,1130000
2009-05-05,0.3110126554965973,0.3149999976158142,0.3199999928474426,0.3100000023841858,0.3100000023841858,239000
2009-05-06,0.3307594954967499,0.33500000834465027,0.35499998927116394,0.33000001311302185,0.33000001311302185,710000
2009-05-07,0.3554430603981018,0.36000001430511475,0.36000001430511475,0.33500000834465027,0.33500000834465027,1380000
2009-05-08,0.4048101305961609,0.4099999964237213,0.4099999964237213,0.3400000035762787,0.3400000035762787,4474000
2009-05-11,0.503544270992279,0.5099999904632568,0.5199999809265137,0.4399999976158142,0.4399999976158142,6070000
2009-05-12,0.4887341856956482,0.4950000047683716,0.5,0.4699999988079071,0.49000000953674316,4250000
2009-05-13,0.5726581811904907,0.5799999833106995,0.6000000238418579,0.5,0.5,5083500
2009-05-14,0.6318987011909485,0.6399999856948853,0.6499999761581421,0.5899999737739563,0.5899999737739563,3400000
2009-05-15,0.6220253109931946,0.6299999952316284,0.6899999976158142,0.6000000238418579,0.6399999856948853,4781500
2009-05-18,0.6318987011909485,0.6399999856948853,0.6800000071525574,0.6200000047683716,0.6200000047683716,2825850
2009-05-19,0.5726581811904907,0.5799999833106995,0.6399999856948853,0.5699999928474426,0.6399999856948853,2700000
2009-05-20,0.602278470993042,0.6100000143051147,0.6200000047683716,0.5899999737739563,0.6000000238418579,1220000
2009-05-21,0.5825316309928894,0.5899999737739563,0.6100000143051147,0.5899999737739563,0.6100000143051147,785000
2009-05-22,0.5726581811904907,0.5799999833106995,0.6000000238418579,0.550000011920929,0.6000000238418579,1570000
2009-05-25,0.5825316309928894,0.5899999737739563,0.5899999737739563,0.5799999833106995,0.5799999833106995,660000
2009-05-26,0.5726581811904907,0.5799999833106995,0.6000000238418579,0.5699999928474426,0.5899999737739563,180000
2009-05-27,0.602278470993042,0.6100000143051147,0.6499999761581421,0.5799999833106995,0.5799999833106995,1355000
2009-05-29,0.602278470993042,0.6100000143051147,0.6100000143051147,0.6100000143051147,0.6100000143051147,0
2009-06-01,0.5430379509925842,0.550000011920929,0.6000000238418579,0.5199999809265137,0.5899999737739563,2700000
2009-06-02,0.48379746079444885,0.49000000953674316,0.550000011920929,0.47999998927116394,0.550000011920929,4220375
2009-06-03,0.5134177207946777,0.5199999809265137,0.550000011920929,0.5,0.5,2020500
2009-06-04,0.48379746079444885,0.49000000953674316,0.5199999809265137,0.49000000953674316,0.5199999809265137,770000
2009-06-05,0.4887341856956482,0.4950000047683716,0.5299999713897705,0.49000000953674316,0.5299999713897705,1340000
2009-06-08,0.503544270992279,0.5099999904632568,0.5299999713897705,0.5,0.5299999713897705,2930000
2009-06-09,0.503544270992279,0.5099999904632568,0.5299999713897705,0.47999998927116394,0.5299999713897705,4860000
2009-06-10,0.503544270992279,0.5099999904632568,0.5099999904632568,0.4950000047683716,0.5099999904632568,1920000
2009-06-11,0.4887341856956482,0.4950000047683716,0.5099999904632568,0.4950000047683716,0.4950000047683716,1650000
2009-06-12,0.49367088079452515,0.5,0.5,0.49000000953674316,0.49000000953674316,740000
2009-06-15,0.4788607656955719,0.48500001430511475,0.5099999904632568,0.48500001430511475,0.5099999904632568,2380000
2009-06-16,0.46405062079429626,0.4699999988079071,0.48500001430511475,0.4699999988079071,0.48500001430511475,1310000
2009-06-17,0.47392404079437256,0.47999998927116394,0.4650000035762787,0.4699999988079071,0.4699999988079071,2120000
2009-06-18,0.4788607656955719,0.48500001430511475,0.48500001430511475,0.48500001430511475,0.48500001430511475,30000
2009-06-19,0.45417723059654236,0.46000000834465027,0.47999998927116394,0.46000000834465027,0.47999998927116394,2334000
2009-06-22,0.4443037807941437,0.44999998807907104,0.4650000035762787,0.44999998807907104,0.46000000834465027,1820000
2009-06-23,0.42949366569519043,0.4350000023841858,0.45500001311302185,0.41999998688697815,0.45500001311302185,1480000
2009-06-24,0.4146835207939148,0.41999998688697815,0.4399999976158142,0.4099999964237213,0.42500001192092896,1600000
2009-06-25,0.49367088079452515,0.5,0.550000011920929,0.42500001192092896,0.4300000071525574,2970000
2009-06-26,0.6417721509933472,0.6499999761581421,0.6600000262260437,0.5099999904632568,0.5199999809265137,17000000
2009-06-29,0.6417721509933472,0.6499999761581421,0.6800000071525574,0.6000000238418579,0.6100000143051147,5190000
2009-06-30,0.6812658309936523,0.6899999976158142,0.7300000190734863,0.5899999737739563,0.6499999761581421,8411000
2009-07-02,0.6713923811912537,0.6800000071525574,0.699999988079071,0.6100000143051147,0.6600000262260437,6987500
2009-07-03,0.602278470993042,0.6100000143051147,0.6399999856948853,0.6100000143051147,0.6299999952316284,2223000
2009-07-06,0.6713923811912537,0.6800000071525574,0.6899999976158142,0.5799999833106995,0.6000000238418579,8350000
2009-07-07,0.6615189909934998,0.6700000166893005,0.6899999976158142,0.6200000047683716,0.6200000047683716,3170000
2009-07-08,0.6516456007957458,0.6600000262260437,0.6800000071525574,0.6200000047683716,0.6399999856948853,1020000
2009-07-09,0.6713923811912537,0.6800000071525574,0.699999988079071,0.6700000166893005,0.6899999976158142,370000
2009-07-10,0.6318987011909485,0.6399999856948853,0.6800000071525574,0.6299999952316284,0.6800000071525574,554000
2009-07-13,0.6121519207954407,0.6200000047683716,0.6200000047683716,0.6000000238418579,0.6100000143051147,2140000
2009-07-14,0.6121519207954407,0.6200000047683716,0.6200000047683716,0.6200000047683716,0.6200000047683716,100000
2009-07-15,0.6220253109931946,0.6299999952316284,0.6299999952316284,0.6200000047683716,0.6200000047683716,500000
2009-07-16,0.6121519207954407,0.6200000047683716,0.6299999952316284,0.6100000143051147,0.6299999952316284,832000
2009-07-17,0.6220253109931946,0.6299999952316284,0.6299999952316284,0.6200000047683716,0.6299999952316284,800000
2009-07-20,0.5924050807952881,0.6000000238418579,0.6399999856948853,0.6000000238418579,0.6200000047683716,2210000
2009-07-21,0.6121519207954407,0.6200000047683716,0.6200000047683716,0.6000000238418579,0.6000000238418579,880000
2009-07-22,0.602278470993042,0.6100000143051147,0.6100000143051147,0.6100000143051147,0.6100000143051147,710000
2009-07-23,0.6318987011909485,0.6399999856948853,0.6399999856948853,0.6299999952316284,0.6299999952316284,2252500
2009-07-24,0.6121519207954407,0.6200000047683716,0.6499999761581421,0.6000000238418579,0.6100000143051147,2095000
2009-07-27,0.6121519207954407,0.6200000047683716,0.6399999856948853,0.6100000143051147,0.6200000047683716,1070000
2009-07-28,0.602278470993042,0.6100000143051147,0.6700000166893005,0.6000000238418579,0.6399999856948853,3490000
2009-07-29,0.5924050807952881,0.6000000238418579,0.6100000143051147,0.5799999833106995,0.6100000143051147,1620000
2009-07-30,0.602278470993042,0.6100000143051147,0.6299999952316284,0.6000000238418579,0.6200000047683716,1951500
2009-07-31,0.6220253109931946,0.6299999952316284,0.6299999952316284,0.6200000047683716,0.6200000047683716,1770000
2009-08-03,0.6121519207954407,0.6200000047683716,0.6299999952316284,0.6100000143051147,0.6200000047683716,2696250
2009-08-04,0.6121519207954407,0.6200000047683716,0.6600000262260437,0.5799999833106995,0.6000000238418579,3810000
2009-08-05,0.602278470993042,0.6100000143051147,0.6499999761581421,0.6000000238418579,0.6499999761581421,1520000
2009-08-06,0.5924050807952881,0.6000000238418579,0.6100000143051147,0.6000000238418579,0.6100000143051147,1563000
2009-08-07,0.5726581811904907,0.5799999833106995,0.6100000143051147,0.5799999833106995,0.6100000143051147,760000
2009-08-10,0.5726581811904907,0.5799999833106995,0.5899999737739563,0.550000011920929,0.5799999833106995,2320000
2009-08-11,0.5529114007949829,0.5600000023841858,0.5699999928474426,0.5299999713897705,0.5699999928474426,2615000
2009-08-12,0.5529114007949829,0.5600000023841858,0.5600000023841858,0.5400000214576721,0.5400000214576721,1430000
2009-08-13,0.5726581811904907,0.5799999833106995,0.6000000238418579,0.550000011920929,0.550000011920929,680000
2009-08-14,0.5232911109924316,0.5299999713897705,0.6000000238418579,0.5299999713897705,0.5799999833106995,3030000
2009-08-17,0.49367088079452515,0.5,0.5199999809265137,0.47999998927116394,0.5199999809265137,1180000
2009-08-18,0.48379746079444885,0.49000000953674316,0.5,0.4699999988079071,0.5,860000
2009-08-19,0.5134177207946777,0.5199999809265137,0.5400000214576721,0.49000000953674316,0.49000000953674316,800000
2009-08-20,0.5331645607948303,0.5400000214576721,0.5400000214576721,0.5099999904632568,0.5099999904632568,180000
2009-08-21,0.5430379509925842,0.550000011920929,0.550000011920929,0.5400000214576721,0.5400000214576721,310000
2009-08-24,0.5529114007949829,0.5600000023841858,0.5699999928474426,0.5400000214576721,0.5400000214576721,620000
2009-08-25,0.5430379509925842,0.550000011920929,0.550000011920929,0.5199999809265137,0.5199999809265137,210000
2009-08-26,0.5430379509925842,0.550000011920929,0.5699999928474426,0.550000011920929,0.5699999928474426,150000
2009-08-27,0.49367088079452515,0.5,0.5199999809265137,0.5,0.5199999809265137,1140000
2009-08-28,0.49367088079452515,0.5,0.5,0.48500001430511475,0.5,1470000
2009-08-31,0.4689873456954956,0.4749999940395355,0.47999998927116394,0.46000000834465027,0.47999998927116394,1460000
2009-09-01,0.47392404079437256,0.47999998927116394,0.47999998927116394,0.4650000035762787,0.4650000035762787,220000
2009-09-02,0.4887341856956482,0.4950000047683716,0.4950000047683716,0.44999998807907104,0.45500001311302185,530000
2009-09-03,0.503544270992279,0.5099999904632568,0.5099999904632568,0.49000000953674316,0.49000000953674316,1160000
2009-09-04,0.503544270992279,0.5099999904632568,0.5199999809265137,0.5099999904632568,0.5199999809265137,440000
2009-09-07,0.503544270992279,0.5099999904632568,0.5099999904632568,0.5099999904632568,0.5099999904632568,300000
2009-09-08,0.503544270992279,0.5099999904632568,0.5099999904632568,0.48500001430511475,0.5099999904632568,720000
2009-09-09,0.5134177207946777,0.5199999809265137,0.5199999809265137,0.49000000953674316,0.4950000047683716,910000
2009-09-10,0.4887341856956482,0.4950000047683716,0.5,0.49000000953674316,0.5,940000
2009-09-11,0.48379746079444885,0.49000000953674316,0.5099999904632568,0.49000000953674316,0.5099999904632568,770000
2009-09-14,0.48379746079444885,0.49000000953674316,0.4950000047683716,0.45500001311302185,0.49000000953674316,1030000
2009-09-15,0.4788607656955719,0.48500001430511475,0.48500001430511475,0.48500001430511475,0.48500001430511475,0
2009-09-16,0.46405062079429626,0.4699999988079071,0.4699999988079071,0.44999998807907104,0.4699999988079071,737500
2009-09-17,0.4887341856956482,0.4950000047683716,0.4950000047683716,0.4749999940395355,0.4749999940395355,240000
2009-09-18,0.4591139256954193,0.4650000035762787,0.47999998927116394,0.44999998807907104,0.47999998927116394,3450000
2009-09-21,0.45417723059654236,0.46000000834465027,0.46000000834465027,0.41999998688697815,0.46000000834465027,2121250
2009-09-22,0.45417723059654236,0.46000000834465027,0.48500001430511475,0.44999998807907104,0.4650000035762787,4627500
2009-09-23,0.46405062079429626,0.4699999988079071,0.47999998927116394,0.46000000834465027,0.4699999988079071,5340000
2009-09-24,0.4591139256954193,0.4650000035762787,0.47999998927116394,0.46000000834465027,0.47999998927116394,5600000
2009-09-25,0.45417723059654236,0.46000000834465027,0.47999998927116394,0.46000000834465027,0.47999998927116394,6330000
2009-09-28,0.45417723059654236,0.46000000834465027,0.46000000834465027,0.46000000834465027,0.46000000834465027,0
2009-09-29,0.45417723059654236,0.46000000834465027,0.46000000834465027,0.46000000834465027,0.46000000834465027,0
2009-09-30,0.45417723059654236,0.46000000834465027,0.46000000834465027,0.46000000834465027,0.46000000834465027,0
2009-10-02,0.45417723059654236,0.46000000834465027,0.46000000834465027,0.46000000834465027,0.46000000834465027,0
2009-10-05,0.45417723059654236,0.46000000834465027,0.46000000834465027,0.46000000834465027,0.46000000834465027,0
2009-10-06,0.45417723059654236,0.46000000834465027,0.46000000834465027,0.46000000834465027,0.46000000834465027,0
2009-10-07,0.45417723059654236,0.46000000834465027,0.46000000834465027,0.46000000834465027,0.46000000834465027,0
2009-10-08,0.45417723059654236,0.46000000834465027,0.46000000834465027,0.46000000834465027,0.46000000834465027,0
2009-10-09,0.45417723059654236,0.46000000834465027,0.46000000834465027,0.46000000834465027,0.46000000834465027,0
2009-10-12,0.45417723059654236,0.46000000834465027,0.46000000834465027,0.46000000834465027,0.46000000834465027,0
2009-10-13,0.45417723059654236,0.46000000834465027,0.46000000834465027,0.46000000834465027,0.46000000834465027,0
2009-10-14,0.45417723059654236,0.46000000834465027,0.46000000834465027,0.46000000834465027,0.46000000834465027,0
2009-10-15,0.45417723059654236,0.46000000834465027,0.46000000834465027,0.46000000834465027,0.46000000834465027,0
2009-10-16,0.45417723059654236,0.46000000834465027,0.46000000834465027,0.46000000834465027,0.46000000834465027,0
2009-10-19,0.45417723059654236,0.46000000834465027,0.46000000834465027,0.46000000834465027,0.46000000834465027,0
2009-10-20,0.45417723059654236,0.46000000834465027,0.46000000834465027,0.46000000834465027,0.46000000834465027,0
2009-10-21,0.45417723059654236,0.46000000834465027,0.46000000834465027,0.46000000834465027,0.46000000834465027,0
2009-10-22,0.6911392211914062,0.699999988079071,0.7599999904632568,0.5600000023841858,0.6600000262260437,16640000
2009-10-23,0.602278470993042,0.6100000143051147,0.7599999904632568,0.5899999737739563,0.7400000095367432,11526000
2009-10-27,0.5430379509925842,0.550000011920929,0.6100000143051147,0.550000011920929,0.6000000238418579,2884000
2009-10-28,0.5430379509925842,0.550000011920929,0.5600000023841858,0.5400000214576721,0.550000011920929,1480000
2009-10-29,0.5529114007949829,0.5600000023841858,0.5699999928474426,0.550000011920929,0.550000011920929,1620000
2009-10-30,0.5529114007949829,0.5600000023841858,0.5799999833106995,0.5600000023841858,0.5699999928474426,390500
2009-11-02,0.5825316309928894,0.5899999737739563,0.5899999737739563,0.5600000023841858,0.5600000023841858,1654500
2009-11-03,0.5627847909927368,0.5699999928474426,0.5699999928474426,0.5600000023841858,0.5699999928474426,1430000
2009-11-04,0.5529114007949829,0.5600000023841858,0.5799999833106995,0.550000011920929,0.5699999928474426,2340000
2009-11-05,0.5529114007949829,0.5600000023841858,0.5899999737739563,0.5400000214576721,0.5600000023841858,2675000
2009-11-06,0.5529114007949829,0.5600000023841858,0.5799999833106995,0.5400000214576721,0.5400000214576721,1940000
2009-11-09,0.5430379509925842,0.550000011920929,0.5699999928474426,0.550000011920929,0.5699999928474426,1530000
2009-11-10,0.5430379509925842,0.550000011920929,0.550000011920929,0.5199999809265137,0.5400000214576721,1342500
2009-11-11,0.5331645607948303,0.5400000214576721,0.5400000214576721,0.5099999904632568,0.5299999713897705,790000
2009-11-12,0.5331645607948303,0.5400000214576721,0.5400000214576721,0.5400000214576721,0.5400000214576721,0
2009-11-13,0.5529114007949829,0.5600000023841858,0.6100000143051147,0.550000011920929,0.6000000238418579,14350000
2009-11-16,0.5529114007949829,0.5600000023841858,0.5600000023841858,0.550000011920929,0.5600000023841858,3110000
2009-11-17,0.5430379509925842,0.550000011920929,0.5600000023841858,0.550000011920929,0.5600000023841858,4715000
2009-11-18,0.5529114007949829,0.5600000023841858,0.5600000023841858,0.5400000214576721,0.550000011920929,1720000
2009-11-19,0.5529114007949829,0.5600000023841858,0.5699999928474426,0.550000011920929,0.5600000023841858,1910000
2009-11-20,0.5529114007949829,0.5600000023841858,0.5600000023841858,0.550000011920929,0.5600000023841858,3400000
2009-11-23,0.5529114007949829,0.5600000023841858,0.5600000023841858,0.550000011920929,0.5600000023841858,3930000
2009-11-24,0.6121519207954407,0.6200000047683716,0.6200000047683716,0.5600000023841858,0.5600000023841858,17768750
2009-11-25,0.6121519207954407,0.6200000047683716,0.6499999761581421,0.6000000238418579,0.6499999761581421,1900000
2009-11-26,0.5924050807952881,0.6000000238418579,0.6200000047683716,0.6000000238418579,0.6200000047683716,1263500
2009-11-27,0.5726581811904907,0.5799999833106995,0.5899999737739563,0.5699999928474426,0.5799999833106995,2800000
2009-11-30,0.5825316309928894,0.5899999737739563,0.6000000238418579,0.5799999833106995,0.5799999833106995,1180000
2009-12-01,0.6121519207954407,0.6200000047683716,0.6200000047683716,0.5899999737739563,0.5899999737739563,1280000
2009-12-02,0.602278470993042,0.6100000143051147,0.6100000143051147,0.6000000238418579,0.6100000143051147,990000
2009-12-03,0.602278470993042,0.6100000143051147,0.6299999952316284,0.6100000143051147,0.6200000047683716,5370000
2009-12-04,0.5924050807952881,0.6000000238418579,0.6200000047683716,0.6000000238418579,0.6100000143051147,2320000
2009-12-07,0.7997468113899231,0.8100000023841858,0.8399999737739563,0.6200000047683716,0.6200000047683716,30081350
2009-12-08,0.7701265215873718,0.7799999713897705,0.8100000023841858,0.7599999904632568,0.8100000023841858,17830000
2009-12-09,0.7701265215873718,0.7799999713897705,0.7900000214576721,0.7599999904632568,0.7599999904632568,3760000
2009-12-10,0.7108861207962036,0.7200000286102295,0.7599999904632568,0.699999988079071,0.7599999904632568,2290000
2009-12-11,0.7010126113891602,0.7099999785423279,0.7400000095367432,0.699999988079071,0.7200000286102295,2446500
2009-12-14,0.7405062913894653,0.75,0.75,0.6899999976158142,0.699999988079071,2158250
2009-12-15,0.750379741191864,0.7599999904632568,0.7699999809265137,0.7099999785423279,0.75,1942500
2009-12-16,0.750379741191864,0.7599999904632568,0.7599999904632568,0.7300000190734863,0.7300000190734863,1061250
2009-12-17,0.7207595109939575,0.7300000190734863,0.7699999809265137,0.7300000190734863,0.7699999809265137,1585000
2009-12-18,0.7010126113891602,0.7099999785423279,0.7300000190734863,0.699999988079071,0.699999988079071,190000
2009-12-21,0.6812658309936523,0.6899999976158142,0.7400000095367432,0.6700000166893005,0.7099999785423279,1954000
2009-12-22,0.6911392211914062,0.699999988079071,0.7099999785423279,0.6899999976158142,0.699999988079071,1630000
2009-12-23,0.6911392211914062,0.699999988079071,0.7099999785423279,0.6700000166893005,0.6700000166893005,260000
2009-12-24,0.7010126113891602,0.7099999785423279,0.7099999785423279,0.699999988079071,0.699999988079071,450000
2009-12-28,0.7207595109939575,0.7300000190734863,0.7300000190734863,0.6899999976158142,0.6899999976158142,2160000
2009-12-29,0.7207595109939575,0.7300000190734863,0.7400000095367432,0.699999988079071,0.7200000286102295,570000
2009-12-30,0.7108861207962036,0.7200000286102295,0.7300000190734863,0.699999988079071,0.7300000190734863,432000
2009-12-31,0.7207595109939575,0.7300000190734863,0.699999988079071,0.7300000190734863,0.7200000286102295,210000
2010-01-04,0.7207595109939575,0.7300000190734863,0.7400000095367432,0.699999988079071,0.699999988079071,1020000
2010-01-05,0.7010126113891602,0.7099999785423279,0.7599999904632568,0.6899999976158142,0.7599999904632568,4673100
2010-01-06,0.6911392211914062,0.699999988079071,0.7200000286102295,0.6700000166893005,0.7099999785423279,2702500
2010-01-07,0.6713923811912537,0.6800000071525574,0.7099999785423279,0.6700000166893005,0.699999988079071,4057750
2010-01-08,0.6615189909934998,0.6700000166893005,0.7099999785423279,0.6600000262260437,0.699999988079071,4070000
2010-01-11,0.6417721509933472,0.6499999761581421,0.6899999976158142,0.6399999856948853,0.6899999976158142,5526250
2010-01-12,0.6713923811912537,0.6800000071525574,0.6899999976158142,0.6600000262260437,0.6600000262260437,2885750
2010-01-13,0.6417721509933472,0.6499999761581421,0.6899999976158142,0.6399999856948853,0.6800000071525574,3570000
2010-01-14,0.6318987011909485,0.6399999856948853,0.6600000262260437,0.6299999952316284,0.6399999856948853,2622000
2010-01-15,0.6318987011909485,0.6399999856948853,0.6600000262260437,0.6299999952316284,0.6499999761581421,3150000
2010-01-18,0.7108861207962036,0.7200000286102295,0.7300000190734863,0.6499999761581421,0.6600000262260437,11662000
2010-01-19,0.6911392211914062,0.699999988079071,0.7200000286102295,0.6899999976158142,0.7200000286102295,4328000
2010-01-20,0.6713923811912537,0.6800000071525574,0.7099999785423279,0.6800000071525574,0.699999988079071,5202000
2010-01-21,0.6713923811912537,0.6800000071525574,0.6800000071525574,0.6499999761581421,0.6800000071525574,3699000
2010-01-22,0.6615189909934998,0.6700000166893005,0.6700000166893005,0.6499999761581421,0.6600000262260437,2615000
2010-01-25,0.6911392211914062,0.699999988079071,0.7099999785423279,0.6800000071525574,0.6800000071525574,2632000
2010-01-26,0.6812658309936523,0.6899999976158142,0.7099999785423279,0.6800000071525574,0.7099999785423279,3955000
2010-01-27,0.7405062913894653,0.75,0.8600000143051147,0.699999988079071,0.7099999785423279,33807750
2010-01-28,0.750379741191864,0.7599999904632568,0.800000011920929,0.7300000190734863,0.7400000095367432,7194000
2010-01-29,0.7207595109939575,0.7300000190734863,0.7699999809265137,0.7300000190734863,0.7599999904632568,2948000
2010-02-01,0.7010126113891602,0.7099999785423279,0.7300000190734863,0.699999988079071,0.7300000190734863,2274000
2010-02-02,0.7010126113891602,0.7099999785423279,0.7300000190734863,0.699999988079071,0.7099999785423279,1426000
2010-02-03,0.7108861207962036,0.7200000286102295,0.7400000095367432,0.699999988079071,0.7400000095367432,2250000
2010-02-04,0.7108861207962036,0.7200000286102295,0.7300000190734863,0.7099999785423279,0.7099999785423279,1040000
2010-02-05,0.7108861207962036,0.7200000286102295,0.7200000286102295,0.699999988079071,0.7099999785423279,794000
2010-02-08,0.6911392211914062,0.699999988079071,0.7099999785423279,0.699999988079071,0.7099999785423279,990000
2010-02-09,0.6713923811912537,0.6800000071525574,0.6899999976158142,0.6600000262260437,0.6899999976158142,1580000
2010-02-10,0.6713923811912537,0.6800000071525574,0.6800000071525574,0.6700000166893005,0.6700000166893005,150000
2010-02-11,0.6713923811912537,0.6800000071525574,0.6899999976158142,0.6800000071525574,0.6899999976158142,884000
2010-02-12,0.6812658309936523,0.6899999976158142,0.6899999976158142,0.6800000071525574,0.6800000071525574,1030000
2010-02-17,0.6713923811912537,0.6800000071525574,0.7099999785423279,0.6499999761581421,0.699999988079071,4570000
2010-02-18,0.6713923811912537,0.6800000071525574,0.6800000071525574,0.6800000071525574,0.6800000071525574,140000
2010-02-19,0.6812658309936523,0.6899999976158142,0.699999988079071,0.6800000071525574,0.6800000071525574,360000
2010-02-22,0.6713923811912537,0.6800000071525574,0.6899999976158142,0.6800000071525574,0.6899999976158142,510000
2010-02-23,0.6615189909934998,0.6700000166893005,0.6899999976158142,0.6700000166893005,0.6800000071525574,754000
2010-02-24,0.6417721509933472,0.6499999761581421,0.6700000166893005,0.6499999761581421,0.6600000262260437,1340000
2010-02-25,0.6121519207954407,0.6200000047683716,0.6600000262260437,0.6000000238418579,0.6600000262260437,4634000
2010-02-26,0.602278470993042,0.6100000143051147,0.6200000047683716,0.6000000238418579,0.6200000047683716,3480000
2010-03-01,0.602278470993042,0.6100000143051147,0.6399999856948853,0.6000000238418579,0.6100000143051147,3590000
2010-03-02,0.602278470993042,0.6100000143051147,0.6299999952316284,0.6100000143051147,0.6200000047683716,2440000
2010-03-03,0.6220253109931946,0.6299999952316284,0.6299999952316284,0.6200000047683716,0.6299999952316284,2540000
2010-03-04,0.6121519207954407,0.6200000047683716,0.6299999952316284,0.6200000047683716,0.6299999952316284,1612000
2010-03-05,0.602278470993042,0.6100000143051147,0.6299999952316284,0.6100000143051147,0.6200000047683716,2982500
2010-03-08,0.602278470993042,0.6100000143051147,0.6200000047683716,0.6000000238418579,0.6100000143051147,990000
2010-03-09,0.6121519207954407,0.6200000047683716,0.6299999952316284,0.6200000047683716,0.6200000047683716,900000
2010-03-10,0.602278470993042,0.6100000143051147,0.6299999952316284,0.6000000238418579,0.6299999952316284,3630000
2010-03-11,0.6121519207954407,0.6200000047683716,0.6299999952316284,0.6200000047683716,0.6200000047683716,1280000
2010-03-12,0.6121519207954407,0.6200000047683716,0.6200000047683716,0.6200000047683716,0.6200000047683716,530000
2010-03-15,0.6220253109931946,0.6299999952316284,0.6299999952316284,0.6200000047683716,0.6200000047683716,1130000
2010-03-16,0.6615189909934998,0.6700000166893005,0.699999988079071,0.6499999761581421,0.6499999761581421,8750000
2010-03-17,0.6417721509933472,0.6499999761581421,0.6700000166893005,0.6399999856948853,0.6700000166893005,2870000
2010-03-18,0.6417721509933472,0.6499999761581421,0.6700000166893005,0.6399999856948853,0.6499999761581421,1970000
2010-03-19,0.6318987011909485,0.6399999856948853,0.6700000166893005,0.6399999856948853,0.6700000166893005,1430000
2010-03-22,0.6318987011909485,0.6399999856948853,0.6499999761581421,0.6399999856948853,0.6399999856948853,2430000
2010-03-23,0.6318987011909485,0.6399999856948853,0.6600000262260437,0.6299999952316284,0.6499999761581421,2790000
2010-03-24,0.6318987011909485,0.6399999856948853,0.6499999761581421,0.6399999856948853,0.6399999856948853,1656000
2010-03-25,0.6220253109931946,0.6299999952316284,0.6399999856948853,0.6299999952316284,0.6399999856948853,1630000
2010-03-26,0.6318987011909485,0.6399999856948853,0.6499999761581421,0.6299999952316284,0.6399999856948853,3570000
2010-03-29,0.6615189909934998,0.6700000166893005,0.6800000071525574,0.6499999761581421,0.6499999761581421,2310000
2010-03-30,0.6417721509933472,0.6499999761581421,0.6700000166893005,0.6499999761581421,0.6700000166893005,540000
2010-03-31,0.6516456007957458,0.6600000262260437,0.6600000262260437,0.6299999952316284,0.6499999761581421,2600000
2010-04-01,0.6615189909934998,0.6700000166893005,0.6700000166893005,0.6600000262260437,0.6600000262260437,910000
2010-04-07,0.6615189909934998,0.6700000166893005,0.6800000071525574,0.6600000262260437,0.6800000071525574,2372612
2010-04-08,0.6713923811912537,0.6800000071525574,0.6899999976158142,0.6499999761581421,0.6899999976158142,2980000
2010-04-09,0.6713923811912537,0.6800000071525574,0.6800000071525574,0.6600000262260437,0.6700000166893005,2020000
2010-04-12,0.6615189909934998,0.6700000166893005,0.6700000166893005,0.6499999761581421,0.6700000166893005,1454000
2010-04-13,0.6516456007957458,0.6600000262260437,0.6800000071525574,0.6499999761581421,0.6800000071525574,730000
2010-04-14,0.6417721509933472,0.6499999761581421,0.6499999761581421,0.6399999856948853,0.6499999761581421,1496000
2010-04-15,0.6417721509933472,0.6499999761581421,0.6700000166893005,0.6399999856948853,0.6499999761581421,1332500
2010-04-16,0.6516456007957458,0.6600000262260437,0.6600000262260437,0.6499999761581421,0.6499999761581421,384000
2010-04-19,0.6812658309936523,0.6899999976158142,0.7099999785423279,0.6499999761581421,0.6499999761581421,6090000
2010-04-20,0.7207595109939575,0.7300000190734863,0.75,0.6700000166893005,0.6700000166893005,11690000
2010-04-21,0.6812658309936523,0.6899999976158142,0.7400000095367432,0.6899999976158142,0.7300000190734863,2570000
2010-04-22,0.6812658309936523,0.6899999976158142,0.699999988079071,0.6899999976158142,0.699999988079071,590000
2010-04-23,0.6615189909934998,0.6700000166893005,0.6899999976158142,0.6700000166893005,0.6899999976158142,700000
2010-04-26,0.6812658309936523,0.6899999976158142,0.6899999976158142,0.6800000071525574,0.6800000071525574,810000
2010-04-27,0.6516456007957458,0.6600000262260437,0.6800000071525574,0.6600000262260437,0.6800000071525574,1860000
2010-04-28,0.6516456007957458,0.6600000262260437,0.6600000262260437,0.6399999856948853,0.6499999761581421,1380000
2010-04-29,0.6417721509933472,0.6499999761581421,0.6600000262260437,0.6499999761581421,0.6600000262260437,120000
2010-04-30,0.6516456007957458,0.6600000262260437,0.6600000262260437,0.6499999761581421,0.6600000262260437,1840000
2010-05-03,0.6516456007957458,0.6600000262260437,0.6600000262260437,0.6399999856948853,0.6499999761581421,1682000
2010-05-04,0.6318987011909485,0.6399999856948853,0.6600000262260437,0.6399999856948853,0.6600000262260437,2630000
2010-05-05,0.6121519207954407,0.6200000047683716,0.6299999952316284,0.6200000047683716,0.6200000047683716,1930000
2010-05-06,0.6121519207954407,0.6200000047683716,0.6399999856948853,0.6100000143051147,0.6200000047683716,2289500
2010-05-07,0.5726581811904907,0.5799999833106995,0.6100000143051147,0.5600000023841858,0.6100000143051147,2723000
2010-05-10,0.5627847909927368,0.5699999928474426,0.6000000238418579,0.5600000023841858,0.6000000238418579,3420000
2010-05-11,0.5627847909927368,0.5699999928474426,0.6000000238418579,0.5699999928474426,0.6000000238418579,2600000
2010-05-12,0.5529114007949829,0.5600000023841858,0.5799999833106995,0.5600000023841858,0.5699999928474426,800000
2010-05-13,0.5627847909927368,0.5699999928474426,0.5699999928474426,0.5600000023841858,0.5600000023841858,620000
2010-05-14,0.5627847909927368,0.5699999928474426,0.5699999928474426,0.5600000023841858,0.5600000023841858,440000
2010-05-17,0.5529114007949829,0.5600000023841858,0.5699999928474426,0.5600000023841858,0.5699999928474426,2825153
2010-05-18,0.6220253109931946,0.6299999952316284,0.8199999928474426,0.6000000238418579,0.6000000238418579,7230000
2010-05-19,0.6318987011909485,0.6399999856948853,0.7799999713897705,0.6299999952316284,0.6299999952316284,8498000
2010-05-20,0.5924050807952881,0.6000000238418579,0.699999988079071,0.6000000238418579,0.6499999761581421,3880000
2010-05-24,0.6220253109931946,0.6299999952316284,0.6499999761581421,0.6100000143051147,0.6499999761581421,1540000
2010-05-25,0.5924050807952881,0.6000000238418579,0.6200000047683716,0.5799999833106995,0.6200000047683716,1090000
2010-05-26,0.5726581811904907,0.5799999833106995,0.6000000238418579,0.5799999833106995,0.6000000238418579,670000
2010-05-27,0.5726581811904907,0.5799999833106995,0.6000000238418579,0.5799999833106995,0.6000000238418579,260000
2010-05-28,0.5924050807952881,0.6000000238418579,0.6200000047683716,0.6000000238418579,0.6200000047683716,287800
2010-05-31,0.5924050807952881,0.6000000238418579,0.6399999856948853,0.6000000238418579,0.6000000238418579,100000
2010-06-01,0.5825316309928894,0.5899999737739563,0.6200000047683716,0.5899999737739563,0.6200000047683716,0
2010-06-02,0.5924050807952881,0.6000000238418579,0.6100000143051147,0.5899999737739563,0.5899999737739563,180000
2010-06-03,0.5924050807952881,0.6000000238418579,0.6000000238418579,0.6000000238418579,0.6000000238418579,250000
2010-06-04,0.5825316309928894,0.5899999737739563,0.6200000047683716,0.5899999737739563,0.6200000047683716,230000
2010-06-07,0.5924050807952881,0.6000000238418579,0.6000000238418579,0.5600000023841858,0.5600000023841858,440000
2010-06-08,0.5825316309928894,0.5899999737739563,0.6000000238418579,0.5899999737739563,0.6000000238418579,210000
2010-06-09,0.5825316309928894,0.5899999737739563,0.6000000238418579,0.5799999833106995,0.5799999833106995,240000
2010-06-10,0.5825316309928894,0.5899999737739563,0.6000000238418579,0.5799999833106995,0.5799999833106995,800000
2010-06-11,0.5825316309928894,0.5899999737739563,0.5899999737739563,0.5899999737739563,0.5899999737739563,90000
2010-06-14,0.5825316309928894,0.5899999737739563,0.5899999737739563,0.5899999737739563,0.5899999737739563,440000
2010-06-15,0.5924050807952881,0.6000000238418579,0.6000000238418579,0.6000000238418579,0.6000000238418579,200000
2010-06-17,0.5924050807952881,0.6000000238418579,0.6000000238418579,0.5899999737739563,0.6000000238418579,850000
2010-06-18,0.5825316309928894,0.5899999737739563,0.6000000238418579,0.5899999737739563,0.6000000238418579,261000
2010-06-21,0.602278470993042,0.6100000143051147,0.6100000143051147,0.6000000238418579,0.6000000238418579,941800
2010-06-22,0.5924050807952881,0.6000000238418579,0.6100000143051147,0.6000000238418579,0.6100000143051147,260000
2010-06-23,0.602278470993042,0.6100000143051147,0.6100000143051147,0.5899999737739563,0.5899999737739563,620000
2010-06-24,0.6220253109931946,0.6299999952316284,0.6299999952316284,0.6000000238418579,0.6100000143051147,720000
2010-06-25,0.6220253109931946,0.6299999952316284,0.6299999952316284,0.6100000143051147,0.6100000143051147,690000
2010-06-28,0.602278470993042,0.6100000143051147,0.6399999856948853,0.6100000143051147,0.6399999856948853,0
2010-06-29,0.602278470993042,0.6100000143051147,0.6299999952316284,0.6100000143051147,0.6299999952316284,550000
2010-06-30,0.602278470993042,0.6100000143051147,0.6100000143051147,0.6000000238418579,0.6000000238418579,210000
2010-07-02,0.5825316309928894,0.5899999737739563,0.5899999737739563,0.5899999737739563,0.5899999737739563,220000
2010-07-05,0.5627847909927368,0.5699999928474426,0.5799999833106995,0.5699999928474426,0.5799999833106995,750000
2010-07-06,0.5726581811904907,0.5799999833106995,0.5799999833106995,0.5699999928474426,0.5699999928474426,750000
2010-07-07,0.5627847909927368,0.5699999928474426,0.6000000238418579,0.5699999928474426,0.6000000238418579,0
2010-07-08,0.5924050807952881,0.6000000238418579,0.6000000238418579,0.5799999833106995,0.5799999833106995,170000
2010-07-09,0.5627847909927368,0.5699999928474426,0.5899999737739563,0.5699999928474426,0.5899999737739563,2286000
2010-07-12,0.5726581811904907,0.5799999833106995,0.5799999833106995,0.5799999833106995,0.5799999833106995,344000
2010-07-13,0.5726581811904907,0.5799999833106995,0.5899999737739563,0.5799999833106995,0.5799999833106995,410000
2010-07-14,0.5726581811904907,0.5799999833106995,0.5899999737739563,0.5799999833106995,0.5899999737739563,210000
2010-07-15,0.5726581811904907,0.5799999833106995,0.5799999833106995,0.5799999833106995,0.5799999833106995,453766
2010-07-16,0.5726581811904907,0.5799999833106995,0.5799999833106995,0.5799999833106995,0.5799999833106995,40000
2010-07-19,0.5529114007949829,0.5600000023841858,0.5600000023841858,0.5600000023841858,0.5600000023841858,250000
2010-07-20,0.5627847909927368,0.5699999928474426,0.5799999833106995,0.5699999928474426,0.5799999833106995,290000
2010-07-21,0.5726581811904907,0.5799999833106995,0.5799999833106995,0.5699999928474426,0.5699999928474426,40000
2010-07-22,0.5627847909927368,0.5699999928474426,0.5699999928474426,0.5600000023841858,0.5699999928474426,554000
2010-07-23,0.5627847909927368,0.5699999928474426,0.5799999833106995,0.5699999928474426,0.5699999928474426,1180000
2010-07-26,0.5529114007949829,0.5600000023841858,0.5699999928474426,0.5600000023841858,0.5699999928474426,1270000
2010-07-27,0.5529114007949829,0.5600000023841858,0.5799999833106995,0.5600000023841858,0.5699999928474426,194000
2010-07-28,0.5627847909927368,0.5699999928474426,0.5799999833106995,0.5699999928474426,0.5699999928474426,1685000
2010-07-29,0.5430379509925842,0.550000011920929,0.5600000023841858,0.550000011920929,0.5600000023841858,600000
2010-07-30,0.5430379509925842,0.550000011920929,0.5799999833106995,0.550000011920929,0.5799999833106995,0
2010-08-02,0.5627847909927368,0.5699999928474426,0.5899999737739563,0.5699999928474426,0.5799999833106995,570000
2010-08-03,0.5529114007949829,0.5600000023841858,0.6000000238418579,0.5400000214576721,0.5899999737739563,2700000
2010-08-04,0.5529114007949829,0.5600000023841858,0.5600000023841858,0.5600000023841858,0.5600000023841858,80000
2010-08-05,0.5726581811904907,0.5799999833106995,0.5799999833106995,0.5799999833106995,0.5799999833106995,16000
2010-08-06,0.5726581811904907,0.5799999833106995,0.5799999833106995,0.5600000023841858,0.5699999928474426,1282500
2010-08-09,0.6121519207954407,0.6200000047683716,0.6499999761581421,0.550000011920929,0.5799999833106995,9656000
2010-08-10,0.6121519207954407,0.6200000047683716,0.6299999952316284,0.6200000047683716,0.6200000047683716,4590000
2010-08-11,0.5825316309928894,0.5899999737739563,0.6100000143051147,0.5799999833106995,0.6000000238418579,2435900
2010-08-12,0.5726581811904907,0.5799999833106995,0.5899999737739563,0.5799999833106995,0.5799999833106995,780000
2010-08-13,0.602278470993042,0.6100000143051147,0.6100000143051147,0.5799999833106995,0.6100000143051147,1100000
2010-08-16,0.5825316309928894,0.5899999737739563,0.6000000238418579,0.5600000023841858,0.5899999737739563,2570000
2010-08-17,0.5924050807952881,0.6000000238418579,0.6000000238418579,0.6000000238418579,0.6000000238418579,640000
2010-08-18,0.5726581811904907,0.5799999833106995,0.6000000238418579,0.5799999833106995,0.5899999737739563,600000
2010-08-19,0.5825316309928894,0.5899999737739563,0.5899999737739563,0.5799999833106995,0.5799999833106995,158750
2010-08-20,0.5627847909927368,0.5699999928474426,0.5899999737739563,0.5699999928474426,0.5899999737739563,766000
2010-08-23,0.5726581811904907,0.5799999833106995,0.6000000238418579,0.5799999833106995,0.6000000238418579,1237800
2010-08-24,0.5627847909927368,0.5699999928474426,0.5899999737739563,0.5699999928474426,0.5899999737739563,1020000
2010-08-25,0.5726581811904907,0.5799999833106995,0.5799999833106995,0.5799999833106995,0.5799999833106995,226500
2010-08-26,0.5627847909927368,0.5699999928474426,0.5799999833106995,0.5699999928474426,0.5699999928474426,70000
2010-08-27,0.5726581811904907,0.5799999833106995,0.5799999833106995,0.5600000023841858,0.5699999928474426,766000
2010-08-30,0.5825316309928894,0.5899999737739563,0.5899999737739563,0.5899999737739563,0.5899999737739563,70000
2010-08-31,0.5627847909927368,0.5699999928474426,0.5699999928474426,0.5600000023841858,0.5600000023841858,30000
2010-09-01,0.5627847909927368,0.5699999928474426,0.5699999928474426,0.5699999928474426,0.5699999928474426,210000
2010-09-02,0.5529114007949829,0.5600000023841858,0.5699999928474426,0.550000011920929,0.5699999928474426,2060000
2010-09-03,0.5529114007949829,0.5600000023841858,0.5699999928474426,0.5600000023841858,0.5699999928474426,840000
2010-09-06,0.5924050807952881,0.6000000238418579,0.6000000238418579,0.5699999928474426,0.5799999833106995,2416400
2010-09-07,0.5627847909927368,0.5699999928474426,0.5899999737739563,0.5699999928474426,0.5799999833106995,1220000
2010-09-08,0.5726581811904907,0.5799999833106995,0.5799999833106995,0.5699999928474426,0.5699999928474426,400000
2010-09-09,0.5726581811904907,0.5799999833106995,0.5899999737739563,0.5799999833106995,0.5799999833106995,320000
2010-09-10,0.5825316309928894,0.5899999737739563,0.5899999737739563,0.5799999833106995,0.5899999737739563,1220000
2010-09-13,0.5726581811904907,0.5799999833106995,0.5799999833106995,0.5799999833106995,0.5799999833106995,100000
2010-09-14,0.5627847909927368,0.5699999928474426,0.5699999928474426,0.5699999928474426,0.5699999928474426,150000
2010-09-15,0.5627847909927368,0.5699999928474426,0.5699999928474426,0.5600000023841858,0.5600000023841858,290000
2010-09-16,0.5627847909927368,0.5699999928474426,0.5699999928474426,0.5600000023841858,0.5600000023841858,110000
2010-09-17,0.5726581811904907,0.5799999833106995,0.5799999833106995,0.5600000023841858,0.5600000023841858,1925000
2010-09-20,0.5627847909927368,0.5699999928474426,0.5799999833106995,0.5699999928474426,0.5799999833106995,600000
2010-09-21,0.5627847909927368,0.5699999928474426,0.5699999928474426,0.5699999928474426,0.5699999928474426,210000
2010-09-22,0.5726581811904907,0.5799999833106995,0.5799999833106995,0.5699999928474426,0.5699999928474426,227500
2010-09-24,0.5529114007949829,0.5600000023841858,0.5699999928474426,0.5600000023841858,0.5699999928474426,672000
2010-09-27,0.6121519207954407,0.6200000047683716,0.6399999856948853,0.5600000023841858,0.5699999928474426,8720000
2010-09-28,0.5924050807952881,0.6000000238418579,0.6299999952316284,0.5899999737739563,0.6000000238418579,4420000
2010-09-29,0.5924050807952881,0.6000000238418579,0.6100000143051147,0.5899999737739563,0.5899999737739563,900000
2010-09-30,0.5924050807952881,0.6000000238418579,0.6100000143051147,0.6000000238418579,0.6100000143051147,740000
2010-10-04,0.5924050807952881,0.6000000238418579,0.6000000238418579,0.6000000238418579,0.6000000238418579,140000
2010-10-05,0.5924050807952881,0.6000000238418579,0.6000000238418579,0.5899999737739563,0.5899999737739563,120000
2010-10-06,0.5825316309928894,0.5899999737739563,0.6000000238418579,0.5899999737739563,0.6000000238418579,740000
2010-10-07,0.6220253109931946,0.6299999952316284,0.6600000262260437,0.6000000238418579,0.6000000238418579,3480000
2010-10-08,0.6121519207954407,0.6200000047683716,0.6399999856948853,0.6200000047683716,0.6200000047683716,1580000
2010-10-11,0.5825316309928894,0.5899999737739563,0.6200000047683716,0.5899999737739563,0.6200000047683716,3610000
2010-10-12,0.5726581811904907,0.5799999833106995,0.5899999737739563,0.5799999833106995,0.5899999737739563,3620000
2010-10-13,0.5726581811904907,0.5799999833106995,0.5899999737739563,0.5799999833106995,0.5899999737739563,835500
2010-10-14,0.5825316309928894,0.5899999737739563,0.6399999856948853,0.5899999737739563,0.5899999737739563,3350000
2010-10-15,0.5726581811904907,0.5799999833106995,0.6000000238418579,0.5799999833106995,0.6000000238418579,782500
2010-10-18,0.5726581811904907,0.5799999833106995,0.5799999833106995,0.5799999833106995,0.5799999833106995,295000
2010-10-19,0.5825316309928894,0.5899999737739563,0.6000000238418579,0.5899999737739563,0.5899999737739563,960000
2010-10-20,0.5825316309928894,0.5899999737739563,0.5899999737739563,0.5799999833106995,0.5799999833106995,320000
2010-10-21,0.5924050807952881,0.6000000238418579,0.6000000238418579,0.5899999737739563,0.5899999737739563,320000
2010-10-22,0.602278470993042,0.6100000143051147,0.6299999952316284,0.5899999737739563,0.6100000143051147,5137750
2010-10-25,0.5924050807952881,0.6000000238418579,0.6100000143051147,0.6000000238418579,0.6000000238418579,578000
2010-10-26,0.5924050807952881,0.6000000238418579,0.6000000238418579,0.6000000238418579,0.6000000238418579,390000
2010-10-27,0.5825316309928894,0.5899999737739563,0.6000000238418579,0.5899999737739563,0.6000000238418579,430000
2010-10-28,0.5825316309928894,0.5899999737739563,0.5899999737739563,0.5899999737739563,0.5899999737739563,950000
2010-10-29,0.5924050807952881,0.6000000238418579,0.6000000238418579,0.5799999833106995,0.5899999737739563,593000
2010-11-01,0.5924050807952881,0.6000000238418579,0.6000000238418579,0.5799999833106995,0.6000000238418579,921000
2010-11-02,0.5825316309928894,0.5899999737739563,0.6000000238418579,0.5899999737739563,0.5899999737739563,510000
2010-11-03,0.5825316309928894,0.5899999737739563,0.6000000238418579,0.5899999737739563,0.6000000238418579,620000
2010-11-04,0.5825316309928894,0.5899999737739563,0.6000000238418579,0.5799999833106995,0.5899999737739563,1060000
2010-11-05,0.5924050807952881,0.6000000238418579,0.6100000143051147,0.5799999833106995,0.6000000238418579,7942750
2010-11-08,0.602278470993042,0.6100000143051147,0.6200000047683716,0.6100000143051147,0.6100000143051147,2850000
2010-11-09,0.6615189909934998,0.6700000166893005,0.6899999976158142,0.6200000047683716,0.6200000047683716,29810000
2010-11-10,0.6516456007957458,0.6600000262260437,0.6800000071525574,0.6399999856948853,0.6800000071525574,5710000
2010-11-11,0.7207595109939575,0.7300000190734863,0.75,0.6499999761581421,0.6600000262260437,18544000
2010-11-12,0.7010126113891602,0.7099999785423279,0.8100000023841858,0.699999988079071,0.7400000095367432,21135000
2010-11-15,0.8688607215881348,0.8799999952316284,0.8899999856948853,0.7099999785423279,0.7099999785423279,36088000
2010-11-16,0.9379746913909912,0.949999988079071,0.9599999785423279,0.8399999737739563,0.8999999761581421,26226250
2010-11-17,0.8589873313903809,0.8700000047683716,1.0099999904632568,0.8500000238418579,0.949999988079071,17990250
2010-11-18,0.8589873313903809,0.8700000047683716,0.9300000071525574,0.8600000143051147,0.8799999952316284,8332000
2010-11-19,0.8293670415878296,0.8399999737739563,0.8799999952316284,0.8199999928474426,0.8500000238418579,5464000
2010-11-22,0.898481011390686,0.9100000262260437,0.9599999785423279,0.8600000143051147,0.8600000143051147,14840050
2010-11-23,0.8589873313903809,0.8700000047683716,0.9100000262260437,0.8600000143051147,0.9100000262260437,5305000
2010-11-24,0.8688607215881348,0.8799999952316284,0.8899999856948853,0.8399999737739563,0.8700000047683716,4350000
2010-11-25,0.9182278513908386,0.9300000071525574,0.9300000071525574,0.8700000047683716,0.8799999952316284,6576500
2010-11-26,0.8886075615882874,0.8999999761581421,0.9200000166893005,0.8899999856948853,0.9200000166893005,2002500
2010-11-29,0.8688607215881348,0.8799999952316284,0.8999999761581421,0.8500000238418579,0.8999999761581421,2550000
2010-11-30,0.8688607215881348,0.8799999952316284,0.8799999952316284,0.8399999737739563,0.8500000238418579,1030000
2010-12-01,0.8688607215881348,0.8799999952316284,0.8999999761581421,0.8600000143051147,0.8600000143051147,1180000
2010-12-02,0.898481011390686,0.9100000262260437,0.9200000166893005,0.8700000047683716,0.8700000047683716,2161000
2010-12-03,0.8886075615882874,0.8999999761581421,0.9399999976158142,0.8899999856948853,0.9100000262260437,2612100
2010-12-06,0.8886075615882874,0.8999999761581421,0.8999999761581421,0.8700000047683716,0.8999999761581421,840000
2010-12-07,0.8589873313903809,0.8700000047683716,0.8899999856948853,0.8700000047683716,0.8799999952316284,1660000
2010-12-08,0.8293670415878296,0.8399999737739563,0.8700000047683716,0.8299999833106995,0.8600000143051147,3161000
2010-12-09,0.849113941192627,0.8600000143051147,0.8700000047683716,0.8399999737739563,0.8399999737739563,1940000
2010-12-10,0.8293670415878296,0.8399999737739563,0.8600000143051147,0.8199999928474426,0.8600000143051147,682500
2010-12-13,0.8096202611923218,0.8199999928474426,0.8500000238418579,0.8199999928474426,0.8399999737739563,640000
2010-12-14,0.8194936513900757,0.8299999833106995,0.8399999737739563,0.800000011920929,0.800000011920929,1700000
2010-12-15,0.8096202611923218,0.8199999928474426,0.8299999833106995,0.800000011920929,0.8299999833106995,530000
2010-12-16,0.7898734211921692,0.800000011920929,0.8199999928474426,0.7900000214576721,0.800000011920929,1650000
2010-12-17,0.7898734211921692,0.800000011920929,0.8100000023841858,0.7900000214576721,0.8100000023841858,468500
2010-12-20,0.7701265215873718,0.7799999713897705,0.7900000214576721,0.7699999809265137,0.7900000214576721,1040000
2010-12-21,0.7898734211921692,0.800000011920929,0.800000011920929,0.7799999713897705,0.7799999713897705,240000
2010-12-22,0.7898734211921692,0.800000011920929,0.800000011920929,0.7900000214576721,0.800000011920929,420000
2010-12-23,0.7898734211921692,0.800000011920929,0.800000011920929,0.7699999809265137,0.800000011920929,450000
2010-12-24,0.7701265215873718,0.7799999713897705,0.7799999713897705,0.7799999713897705,0.7799999713897705,80000
2010-12-28,0.7800000309944153,0.7900000214576721,0.7900000214576721,0.7799999713897705,0.7799999713897705,100000
2010-12-29,0.7898734211921692,0.800000011920929,0.800000011920929,0.7699999809265137,0.7699999809265137,550000
2010-12-30,0.7898734211921692,0.800000011920929,0.800000011920929,0.7799999713897705,0.800000011920929,120200
2010-12-31,0.7898734211921692,0.800000011920929,0.8100000023841858,0.800000011920929,0.800000011920929,440000
2011-01-03,0.8392404913902283,0.8500000238418579,0.8600000143051147,0.800000011920929,0.800000011920929,1210000
2011-01-04,0.8293670415878296,0.8399999737739563,0.8500000238418579,0.8299999833106995,0.8500000238418579,900000
2011-01-05,0.8194936513900757,0.8299999833106995,0.8399999737739563,0.8100000023841858,0.8100000023841858,700000
2011-01-06,0.8096202611923218,0.8199999928474426,0.8399999737739563,0.8100000023841858,0.8299999833106995,1573000
2011-01-07,0.8096202611923218,0.8199999928474426,0.8199999928474426,0.800000011920929,0.8199999928474426,1700000
2011-01-10,0.7997468113899231,0.8100000023841858,0.8199999928474426,0.8100000023841858,0.8199999928474426,150000
2011-01-11,0.7898734211921692,0.800000011920929,0.8100000023841858,0.800000011920929,0.800000011920929,480000
2011-01-12,0.7898734211921692,0.800000011920929,0.800000011920929,0.800000011920929,0.800000011920929,1450000
2011-01-13,0.7898734211921692,0.800000011920929,0.800000011920929,0.7900000214576721,0.800000011920929,790000
2011-01-14,0.7898734211921692,0.800000011920929,0.8199999928474426,0.7900000214576721,0.7900000214576721,820000
2011-01-17,0.7701265215873718,0.7799999713897705,0.800000011920929,0.7599999904632568,0.800000011920929,890000
2011-01-18,0.7800000309944153,0.7900000214576721,0.7900000214576721,0.7799999713897705,0.7799999713897705,600000
2011-01-19,0.7602531313896179,0.7699999809265137,0.800000011920929,0.7599999904632568,0.7900000214576721,820000
2011-01-20,0.7405062913894653,0.75,0.7599999904632568,0.75,0.7599999904632568,1880000
2011-01-21,0.7405062913894653,0.75,0.75,0.7200000286102295,0.7400000095367432,1780000
2011-01-24,0.7405062913894653,0.75,0.75,0.75,0.75,0
2011-01-25,0.7405062913894653,0.75,0.75,0.75,0.75,0
2011-01-26,0.7010126113891602,0.7099999785423279,0.7400000095367432,0.6899999976158142,0.6899999976158142,50000
2011-01-27,0.7010126113891602,0.7099999785423279,0.7099999785423279,0.7099999785423279,0.7099999785423279,0
2011-01-28,0.7306329011917114,0.7400000095367432,0.7400000095367432,0.7200000286102295,0.7200000286102295,340000
2011-01-31,0.7108861207962036,0.7200000286102295,0.7400000095367432,0.6899999976158142,0.7400000095367432,740000
2011-02-01,0.7108861207962036,0.7200000286102295,0.7200000286102295,0.7099999785423279,0.7099999785423279,360000
2011-02-02,0.7010126113891602,0.7099999785423279,0.7200000286102295,0.699999988079071,0.699999988079071,130000
2011-02-07,0.7010126113891602,0.7099999785423279,0.7099999785423279,0.7099999785423279,0.7099999785423279,0
2011-02-08,0.7010126113891602,0.7099999785423279,0.7099999785423279,0.6899999976158142,0.6899999976158142,60000
2011-02-09,0.7010126113891602,0.7099999785423279,0.7099999785423279,0.6899999976158142,0.7099999785423279,1120000
2011-02-10,0.7010126113891602,0.7099999785423279,0.7099999785423279,0.699999988079071,0.699999988079071,490000
2011-02-11,0.7108861207962036,0.7200000286102295,0.7200000286102295,0.6899999976158142,0.7099999785423279,660000
2011-02-14,0.6911392211914062,0.699999988079071,0.7099999785423279,0.6899999976158142,0.699999988079071,2580000
2011-02-15,0.7108861207962036,0.7200000286102295,0.7200000286102295,0.699999988079071,0.7200000286102295,1390000
2011-02-16,0.7207595109939575,0.7300000190734863,0.7400000095367432,0.7200000286102295,0.7300000190734863,1650000
2011-02-17,0.7405062913894653,0.75,0.75,0.7200000286102295,0.7300000190734863,940000
2011-02-18,0.7701265215873718,0.7799999713897705,0.7799999713897705,0.7400000095367432,0.75,1950000
2011-02-21,0.8096202611923218,0.8199999928474426,0.8299999833106995,0.7900000214576721,0.7900000214576721,3190000
2011-02-22,0.7701265215873718,0.7799999713897705,0.8199999928474426,0.7699999809265137,0.8199999928474426,480000
2011-02-23,0.7405062913894653,0.75,0.800000011920929,0.7400000095367432,0.7699999809265137,1126000
2011-02-24,0.7405062913894653,0.75,0.7699999809265137,0.7300000190734863,0.7699999809265137,1760000
2011-02-25,0.7405062913894653,0.75,0.75,0.75,0.75,130000
2011-02-28,0.750379741191864,0.7599999904632568,0.7599999904632568,0.7599999904632568,0.7599999904632568,20000
2011-03-01,0.7602531313896179,0.7699999809265137,0.8100000023841858,0.7599999904632568,0.7799999713897705,920000
2011-03-02,0.750379741191864,0.7599999904632568,0.7699999809265137,0.7200000286102295,0.7200000286102295,560000
2011-03-03,0.7405062913894653,0.75,0.7599999904632568,0.7599999904632568,0.7599999904632568,92000
2011-03-04,0.750379741191864,0.7599999904632568,0.7599999904632568,0.7300000190734863,0.7400000095367432,2510000
2011-03-07,0.7898734211921692,0.800000011920929,0.800000011920929,0.75,0.75,2083000
2011-03-08,0.7800000309944153,0.7900000214576721,0.800000011920929,0.7799999713897705,0.800000011920929,730000
2011-03-09,0.7800000309944153,0.7900000214576721,0.800000011920929,0.7799999713897705,0.7900000214576721,760000
2011-03-10,0.7800000309944153,0.7900000214576721,0.7900000214576721,0.7699999809265137,0.7699999809265137,120000
2011-03-11,0.7898734211921692,0.800000011920929,0.800000011920929,0.7699999809265137,0.7699999809265137,300000
2011-03-14,0.7800000309944153,0.7900000214576721,0.7900000214576721,0.7799999713897705,0.7799999713897705,55000
2011-03-15,0.750379741191864,0.7599999904632568,0.7699999809265137,0.75,0.7699999809265137,1070000
2011-03-16,0.7800000309944153,0.7900000214576721,0.7900000214576721,0.7400000095367432,0.7400000095367432,2760000
2011-03-17,0.7405062913894653,0.75,0.7599999904632568,0.75,0.75,1170000
2011-03-18,0.7602531313896179,0.7699999809265137,0.7699999809265137,0.7599999904632568,0.7699999809265137,410000
2011-03-21,0.750379741191864,0.7599999904632568,0.7599999904632568,0.7599999904632568,0.7599999904632568,480000
2011-03-22,0.7405062913894653,0.75,0.75,0.699999988079071,0.699999988079071,2060000
2011-03-23,0.7306329011917114,0.7400000095367432,0.75,0.7200000286102295,0.7200000286102295,599500
2011-03-24,0.7207595109939575,0.7300000190734863,0.7599999904632568,0.7300000190734863,0.7599999904632568,816000
2011-03-25,0.7405062913894653,0.75,0.7599999904632568,0.7300000190734863,0.7300000190734863,200000
2011-03-28,0.7207595109939575,0.7300000190734863,0.75,0.7200000286102295,0.75,2390000
2011-03-29,0.6911392211914062,0.699999988079071,0.7300000190734863,0.699999988079071,0.7300000190734863,1420000
2011-03-30,0.7207595109939575,0.7300000190734863,0.7300000190734863,0.7099999785423279,0.7099999785423279,220000
2011-03-31,0.7405062913894653,0.75,0.75,0.7200000286102295,0.7300000190734863,420000
2011-04-01,0.7207595109939575,0.7300000190734863,0.75,0.7300000190734863,0.75,310000
2011-04-04,0.7108861207962036,0.7200000286102295,0.7300000190734863,0.7200000286102295,0.7300000190734863,320000
2011-04-06,0.6911392211914062,0.699999988079071,0.7200000286102295,0.699999988079071,0.7200000286102295,1010000
2011-04-07,0.7010126113891602,0.7099999785423279,0.7300000190734863,0.6899999976158142,0.7300000190734863,950000
2011-04-08,0.7207595109939575,0.7300000190734863,0.7300000190734863,0.7099999785423279,0.7200000286102295,780000
2011-04-11,0.7405062913894653,0.75,0.75,0.699999988079071,0.7300000190734863,3215000
2011-04-12,0.7306329011917114,0.7400000095367432,0.75,0.7200000286102295,0.75,880000
2011-04-13,0.8096202611923218,0.8199999928474426,0.8199999928474426,0.75,0.75,4980000
2011-04-14,0.7800000309944153,0.7900000214576721,0.8199999928474426,0.7799999713897705,0.800000011920929,1920000
2011-04-15,0.7602531313896179,0.7699999809265137,0.7900000214576721,0.7699999809265137,0.7799999713897705,540000
2011-04-18,0.7701265215873718,0.7799999713897705,0.800000011920929,0.7599999904632568,0.7599999904632568,810000
2011-04-19,0.7701265215873718,0.7799999713897705,0.7799999713897705,0.7799999713897705,0.7799999713897705,0
2011-04-20,0.7800000309944153,0.7900000214576721,0.7900000214576721,0.75,0.7699999809265137,270000
2011-04-21,0.7799999713897705,0.7799999713897705,0.7799999713897705,0.7699999809265137,0.7699999809265137,375000
2011-04-26,0.7799999713897705,0.7799999713897705,0.7799999713897705,0.7599999904632568,0.7699999809265137,490000
2011-04-27,0.7699999809265137,0.7699999809265137,0.7799999713897705,0.7599999904632568,0.7799999713897705,650000
2011-04-28,0.7799999713897705,0.7799999713897705,0.7799999713897705,0.75,0.7599999904632568,200000
2011-04-29,0.75,0.75,0.7900000214576721,0.75,0.7900000214576721,1035000
2011-05-03,0.7599999904632568,0.7599999904632568,0.7599999904632568,0.75,0.75,210000
2011-05-04,0.75,0.75,0.75,0.75,0.75,550000
2011-05-05,0.7400000095367432,0.7400000095367432,0.75,0.7400000095367432,0.75,330000
2011-05-06,0.75,0.75,0.75,0.7300000190734863,0.75,528000
2011-05-09,0.75,0.75,0.75,0.7400000095367432,0.75,260000
2011-05-11,0.7699999809265137,0.7699999809265137,0.7799999713897705,0.7400000095367432,0.7400000095367432,150000
2011-05-12,0.7699999809265137,0.7699999809265137,0.7699999809265137,0.7400000095367432,0.7400000095367432,320000
2011-05-13,0.7599999904632568,0.7599999904632568,0.7599999904632568,0.7400000095367432,0.75,1120000
2011-05-16,0.7400000095367432,0.7400000095367432,0.75,0.7300000190734863,0.75,330000
2011-05-17,0.7300000190734863,0.7300000190734863,0.7400000095367432,0.7200000286102295,0.7400000095367432,380000
2011-05-18,0.7300000190734863,0.7300000190734863,0.7300000190734863,0.7200000286102295,0.7300000190734863,261500
2011-05-19,0.7599999904632568,0.7599999904632568,0.7599999904632568,0.7200000286102295,0.7200000286102295,990000
2011-05-20,0.7699999809265137,0.7699999809265137,0.7699999809265137,0.75,0.7699999809265137,410000
2011-05-23,0.7599999904632568,0.7599999904632568,0.7900000214576721,0.7599999904632568,0.7699999809265137,1110000
2011-05-24,0.7599999904632568,0.7599999904632568,0.7799999713897705,0.7400000095367432,0.7799999713897705,1980000
2011-05-25,0.75,0.75,0.7599999904632568,0.7099999785423279,0.7599999904632568,1980000
2011-05-26,0.7400000095367432,0.7400000095367432,0.75,0.7300000190734863,0.75,1170000
2011-05-27,0.7400000095367432,0.7400000095367432,0.75,0.7400000095367432,0.75,970000
2011-05-30,0.7400000095367432,0.7400000095367432,0.7400000095367432,0.7400000095367432,0.7400000095367432,170000
2011-05-31,0.7400000095367432,0.7400000095367432,0.7400000095367432,0.7200000286102295,0.7300000190734863,390000
2011-06-01,0.7400000095367432,0.7400000095367432,0.7400000095367432,0.7300000190734863,0.7300000190734863,1330000
2011-06-02,0.7400000095367432,0.7400000095367432,0.7400000095367432,0.7300000190734863,0.7400000095367432,1630000
2011-06-03,0.7300000190734863,0.7300000190734863,0.7400000095367432,0.7200000286102295,0.7400000095367432,1270000
2011-06-07,0.7300000190734863,0.7300000190734863,0.7300000190734863,0.7300000190734863,0.7300000190734863,206000
2011-06-08,0.7300000190734863,0.7300000190734863,0.7300000190734863,0.7300000190734863,0.7300000190734863,290000
2011-06-09,0.7200000286102295,0.7200000286102295,0.7300000190734863,0.6700000166893005,0.7300000190734863,3390000
2011-06-10,0.6800000071525574,0.6800000071525574,0.699999988079071,0.6700000166893005,0.6899999976158142,2650000
2011-06-13,0.6800000071525574,0.6800000071525574,0.6800000071525574,0.6800000071525574,0.6800000071525574,10000
2011-06-14,0.6700000166893005,0.6700000166893005,0.6899999976158142,0.6700000166893005,0.6899999976158142,770000
2011-06-15,0.6700000166893005,0.6700000166893005,0.6700000166893005,0.6700000166893005,0.6700000166893005,0
2011-06-16,0.6899999976158142,0.6899999976158142,0.6899999976158142,0.6499999761581421,0.6499999761581421,20000
2011-06-17,0.6499999761581421,0.6499999761581421,0.6499999761581421,0.6499999761581421,0.6499999761581421,570000
2011-06-20,0.6700000166893005,0.6700000166893005,0.6700000166893005,0.6499999761581421,0.6499999761581421,550000
2011-06-21,0.6499999761581421,0.6499999761581421,0.6600000262260437,0.6499999761581421,0.6600000262260437,230000
2011-06-22,0.6600000262260437,0.6600000262260437,0.6600000262260437,0.6499999761581421,0.6499999761581421,620000
2011-06-23,0.6600000262260437,0.6600000262260437,0.6600000262260437,0.6499999761581421,0.6499999761581421,220000
2011-06-24,0.6600000262260437,0.6600000262260437,0.6600000262260437,0.6499999761581421,0.6499999761581421,440000
2011-06-27,0.6800000071525574,0.6800000071525574,0.7099999785423279,0.6499999761581421,0.6800000071525574,1630000
2011-06-28,0.6899999976158142,0.6899999976158142,0.6899999976158142,0.6800000071525574,0.6800000071525574,840000
2011-06-29,0.6899999976158142,0.6899999976158142,0.6899999976158142,0.6700000166893005,0.6700000166893005,1170000
2011-06-30,0.6800000071525574,0.6800000071525574,0.6800000071525574,0.6800000071525574,0.6800000071525574,800000
2011-07-04,0.6700000166893005,0.6700000166893005,0.6899999976158142,0.6600000262260437,0.6800000071525574,660000
2011-07-05,0.6899999976158142,0.6899999976158142,0.6899999976158142,0.6800000071525574,0.6800000071525574,40000
2011-07-06,0.699999988079071,0.699999988079071,0.699999988079071,0.699999988079071,0.699999988079071,320000
2011-07-07,0.699999988079071,0.699999988079071,0.699999988079071,0.699999988079071,0.699999988079071,460000
2011-07-08,0.7099999785423279,0.7099999785423279,0.7099999785423279,0.699999988079071,0.699999988079071,310000
2011-07-11,0.7099999785423279,0.7099999785423279,0.7099999785423279,0.7099999785423279,0.7099999785423279,0
2011-07-12,0.699999988079071,0.699999988079071,0.699999988079071,0.6899999976158142,0.699999988079071,230000
2011-07-13,0.7099999785423279,0.7099999785423279,0.7099999785423279,0.7099999785423279,0.7099999785423279,1652000
2011-07-14,0.699999988079071,0.699999988079071,0.7200000286102295,0.699999988079071,0.7099999785423279,300000
2011-07-15,0.6899999976158142,0.6899999976158142,0.7200000286102295,0.6700000166893005,0.7200000286102295,300000
2011-07-18,0.7099999785423279,0.7099999785423279,0.7200000286102295,0.7099999785423279,0.7200000286102295,1080000
2011-07-19,0.7099999785423279,0.7099999785423279,0.7099999785423279,0.7099999785423279,0.7099999785423279,770000
2011-07-20,0.699999988079071,0.699999988079071,0.699999988079071,0.6899999976158142,0.699999988079071,900000
2011-07-21,0.699999988079071,0.699999988079071,0.699999988079071,0.699999988079071,0.699999988079071,0
2011-07-22,0.7200000286102295,0.7200000286102295,0.7200000286102295,0.699999988079071,0.7200000286102295,620000
2011-07-25,0.699999988079071,0.699999988079071,0.7200000286102295,0.699999988079071,0.7200000286102295,360000
2011-07-26,0.699999988079071,0.699999988079071,0.7099999785423279,0.699999988079071,0.699999988079071,260000
2011-07-27,0.6800000071525574,0.6800000071525574,0.6899999976158142,0.6000000238418579,0.6899999976158142,4690000
2011-07-28,0.6700000166893005,0.6700000166893005,0.6800000071525574,0.6499999761581421,0.6499999761581421,170000
2011-07-29,0.6800000071525574,0.6800000071525574,0.6800000071525574,0.6700000166893005,0.6800000071525574,300000
2011-08-01,0.6700000166893005,0.6700000166893005,0.6700000166893005,0.6700000166893005,0.6700000166893005,210000
2011-08-02,0.6700000166893005,0.6700000166893005,0.6700000166893005,0.6700000166893005,0.6700000166893005,410000
2011-08-03,0.6700000166893005,0.6700000166893005,0.6800000071525574,0.6700000166893005,0.6800000071525574,144000
2011-08-04,0.6700000166893005,0.6700000166893005,0.6700000166893005,0.6700000166893005,0.6700000166893005,0
2011-08-05,0.6600000262260437,0.6600000262260437,0.6600000262260437,0.6200000047683716,0.6200000047683716,660000
2011-08-08,0.6399999856948853,0.6399999856948853,0.6399999856948853,0.6000000238418579,0.6200000047683716,670000
2011-08-09,0.6200000047683716,0.6200000047683716,0.6499999761581421,0.5899999737739563,0.6000000238418579,2300000
2011-08-10,0.6499999761581421,0.6499999761581421,0.6499999761581421,0.6200000047683716,0.6200000047683716,80000
2011-08-11,0.6499999761581421,0.6499999761581421,0.6499999761581421,0.6399999856948853,0.6399999856948853,560000
2011-08-12,0.6399999856948853,0.6399999856948853,0.6600000262260437,0.6100000143051147,0.6600000262260437,1340000
2011-08-15,0.6499999761581421,0.6499999761581421,0.6499999761581421,0.6399999856948853,0.6399999856948853,84600
2011-08-16,0.6299999952316284,0.6299999952316284,0.6399999856948853,0.6100000143051147,0.6299999952316284,160000
2011-08-17,0.6299999952316284,0.6299999952316284,0.6499999761581421,0.6000000238418579,0.6100000143051147,1410000
2011-08-18,0.6200000047683716,0.6200000047683716,0.6200000047683716,0.6200000047683716,0.6200000047683716,180000
2011-08-19,0.6200000047683716,0.6200000047683716,0.6299999952316284,0.6000000238418579,0.6000000238418579,560000
2011-08-22,0.5799999833106995,0.5799999833106995,0.6100000143051147,0.550000011920929,0.6100000143051147,1840000
2011-08-23,0.5799999833106995,0.5799999833106995,0.5799999833106995,0.5699999928474426,0.5699999928474426,60000
2011-08-24,0.5799999833106995,0.5799999833106995,0.5799999833106995,0.5799999833106995,0.5799999833106995,10000
2011-08-25,0.5799999833106995,0.5799999833106995,0.5799999833106995,0.5799999833106995,0.5799999833106995,0
2011-08-26,0.5799999833106995,0.5799999833106995,0.5799999833106995,0.5600000023841858,0.5600000023841858,70000
2011-08-29,0.5699999928474426,0.5699999928474426,0.5699999928474426,0.5600000023841858,0.5600000023841858,50000
2011-08-30,0.5799999833106995,0.5799999833106995,0.5799999833106995,0.5699999928474426,0.5699999928474426,160000
2011-08-31,0.5600000023841858,0.5600000023841858,0.5600000023841858,0.5400000214576721,0.5600000023841858,630000
2011-09-01,0.5799999833106995,0.5799999833106995,0.5799999833106995,0.5799999833106995,0.5799999833106995,430000
2011-09-02,0.5799999833106995,0.5799999833106995,0.5799999833106995,0.5799999833106995,0.5799999833106995,0
2011-09-05,0.5799999833106995,0.5799999833106995,0.5799999833106995,0.5799999833106995,0.5799999833106995,0
2011-09-06,0.5799999833106995,0.5799999833106995,0.5799999833106995,0.5799999833106995,0.5799999833106995,0
2011-09-07,0.5600000023841858,0.5600000023841858,0.5600000023841858,0.5600000023841858,0.5600000023841858,70000
2011-09-08,0.550000011920929,0.550000011920929,0.5600000023841858,0.550000011920929,0.5600000023841858,20000
2011-09-09,0.550000011920929,0.550000011920929,0.5600000023841858,0.550000011920929,0.5600000023841858,500
2011-09-12,0.550000011920929,0.550000011920929,0.550000011920929,0.550000011920929,0.550000011920929,0
2011-09-14,0.5600000023841858,0.5600000023841858,0.5600000023841858,0.47999998927116394,0.5199999809265137,220000
2011-09-15,0.5600000023841858,0.5600000023841858,0.5600000023841858,0.550000011920929,0.5600000023841858,80000
2011-09-16,0.5400000214576721,0.5400000214576721,0.5400000214576721,0.5199999809265137,0.5199999809265137,250000
2011-09-19,0.5299999713897705,0.5299999713897705,0.5299999713897705,0.5,0.5,310000
2011-09-20,0.5299999713897705,0.5299999713897705,0.5299999713897705,0.5,0.5199999809265137,180000
2011-09-21,0.5299999713897705,0.5299999713897705,0.5299999713897705,0.5199999809265137,0.5199999809265137,201800
2011-09-22,0.5199999809265137,0.5199999809265137,0.5199999809265137,0.5,0.5,300000
2011-09-23,0.47999998927116394,0.47999998927116394,0.48500001430511475,0.4699999988079071,0.48500001430511475,370000
2011-09-26,0.41999998688697815,0.41999998688697815,0.45500001311302185,0.41999998688697815,0.45500001311302185,890000
2011-09-27,0.44999998807907104,0.44999998807907104,0.46000000834465027,0.4399999976158142,0.46000000834465027,70000
2011-09-28,0.4399999976158142,0.4399999976158142,0.44999998807907104,0.4300000071525574,0.44999998807907104,130000
2011-09-30,0.44999998807907104,0.44999998807907104,0.4699999988079071,0.44999998807907104,0.46000000834465027,230000
2011-10-03,0.44999998807907104,0.44999998807907104,0.44999998807907104,0.44999998807907104,0.44999998807907104,0
2011-10-04,0.3799999952316284,0.3799999952316284,0.4000000059604645,0.3799999952316284,0.4000000059604645,490000
2011-10-06,0.4000000059604645,0.4000000059604645,0.41999998688697815,0.38999998569488525,0.4000000059604645,260000
2011-10-07,0.4350000023841858,0.4350000023841858,0.4399999976158142,0.4300000071525574,0.4300000071525574,90000
2011-10-10,0.4350000023841858,0.4350000023841858,0.44999998807907104,0.4350000023841858,0.44999998807907104,180000
2011-10-11,0.4399999976158142,0.4399999976158142,0.44999998807907104,0.4399999976158142,0.44999998807907104,430000
2011-10-12,0.4699999988079071,0.4699999988079071,0.4699999988079071,0.4399999976158142,0.4399999976158142,902000
2011-10-13,0.5,0.5,0.5,0.4699999988079071,0.48500001430511475,430000
2011-10-14,0.4699999988079071,0.4699999988079071,0.47999998927116394,0.4699999988079071,0.47999998927116394,600000
2011-10-17,0.4699999988079071,0.4699999988079071,0.46000000834465027,0.44999998807907104,0.45500001311302185,250000
2011-10-18,0.48500001430511475,0.48500001430511475,0.48500001430511475,0.44999998807907104,0.44999998807907104,70000
2011-10-19,0.4650000035762787,0.4650000035762787,0.4650000035762787,0.44999998807907104,0.45500001311302185,170000
2011-10-20,0.44999998807907104,0.44999998807907104,0.44999998807907104,0.4399999976158142,0.44999998807907104,210000
2011-10-21,0.46000000834465027,0.46000000834465027,0.46000000834465027,0.44999998807907104,0.44999998807907104,50000
2011-10-24,0.45500001311302185,0.45500001311302185,0.45500001311302185,0.44999998807907104,0.45500001311302185,90000
2011-10-25,0.5099999904632568,0.5099999904632568,0.5299999713897705,0.46000000834465027,0.46000000834465027,430000
2011-10-26,0.48500001430511475,0.48500001430511475,0.48500001430511475,0.4699999988079071,0.4699999988079071,80000
2011-10-27,0.5,0.5,0.5,0.4950000047683716,0.4950000047683716,880000
2011-10-28,0.5,0.5,0.5,0.49000000953674316,0.5,870000
2011-10-31,0.49000000953674316,0.49000000953674316,0.5,0.49000000953674316,0.5,380000
2011-11-01,0.47999998927116394,0.47999998927116394,0.47999998927116394,0.4699999988079071,0.4699999988079071,116000
2011-11-02,0.47999998927116394,0.47999998927116394,0.47999998927116394,0.47999998927116394,0.47999998927116394,0
2011-11-03,0.5099999904632568,0.5099999904632568,0.49000000953674316,0.49000000953674316,0.49000000953674316,200000
2011-11-04,0.5,0.5,0.49000000953674316,0.49000000953674316,0.49000000953674316,40000
2011-11-07,0.5,0.5,0.5,0.5,0.5,0
2011-11-08,0.49000000953674316,0.49000000953674316,0.49000000953674316,0.4650000035762787,0.4650000035762787,70000
2011-11-09,0.49000000953674316,0.49000000953674316,0.49000000953674316,0.49000000953674316,0.49000000953674316,20000
2011-11-10,0.4749999940395355,0.4749999940395355,0.49000000953674316,0.46000000834465027,0.49000000953674316,800000
2011-11-11,0.4650000035762787,0.4650000035762787,0.4650000035762787,0.46000000834465027,0.4650000035762787,100000
2011-11-14,0.4650000035762787,0.4650000035762787,0.4650000035762787,0.4650000035762787,0.4650000035762787,120000
2011-11-15,0.45500001311302185,0.45500001311302185,0.44999998807907104,0.44999998807907104,0.44999998807907104,240000
2011-11-16,0.4950000047683716,0.4950000047683716,0.5,0.5,0.5,10000
2011-11-17,0.49000000953674316,0.49000000953674316,0.49000000953674316,0.49000000953674316,0.49000000953674316,50000
2011-11-18,0.4749999940395355,0.4749999940395355,0.46000000834465027,0.46000000834465027,0.46000000834465027,240000
2011-11-21,0.4699999988079071,0.4699999988079071,0.4699999988079071,0.44999998807907104,0.44999998807907104,20000
2011-11-22,0.47999998927116394,0.47999998927116394,0.47999998927116394,0.44999998807907104,0.44999998807907104,3590000
2011-11-23,0.47999998927116394,0.47999998927116394,0.47999998927116394,0.47999998927116394,0.47999998927116394,0
2011-11-24,0.47999998927116394,0.47999998927116394,0.47999998927116394,0.47999998927116394,0.47999998927116394,0
2011-11-25,0.5299999713897705,0.5299999713897705,0.5299999713897705,0.45500001311302185,0.46000000834465027,170000
2011-11-28,0.5,0.5,0.5,0.5,0.5,20000
2011-11-29,0.5,0.5,0.5,0.5,0.5,0
2011-11-30,0.5,0.5,0.5,0.5,0.5,0
2011-12-01,0.5,0.5,0.5,0.5,0.5,0
2011-12-02,0.5,0.5,0.5,0.5,0.5,0
2011-12-05,0.5,0.5,0.5,0.5,0.5,0
2011-12-06,0.5099999904632568,0.5099999904632568,0.5099999904632568,0.5099999904632568,0.5099999904632568,600000
2011-12-07,0.5099999904632568,0.5099999904632568,0.5199999809265137,0.5099999904632568,0.5199999809265137,200000
2011-12-08,0.5099999904632568,0.5099999904632568,0.5099999904632568,0.5099999904632568,0.5099999904632568,0
2011-12-09,0.5099999904632568,0.5099999904632568,0.5099999904632568,0.5099999904632568,0.5099999904632568,0
2011-12-12,0.5099999904632568,0.5099999904632568,0.5099999904632568,0.5099999904632568,0.5099999904632568,0
2011-12-13,0.5099999904632568,0.5099999904632568,0.5099999904632568,0.5099999904632568,0.5099999904632568,0
2011-12-14,0.5099999904632568,0.5099999904632568,0.5099999904632568,0.5099999904632568,0.5099999904632568,0
2011-12-15,0.5099999904632568,0.5099999904632568,0.5099999904632568,0.5099999904632568,0.5099999904632568,0
2011-12-16,0.5099999904632568,0.5099999904632568,0.5099999904632568,0.5099999904632568,0.5099999904632568,0
2011-12-19,0.5099999904632568,0.5099999904632568,0.5099999904632568,0.5099999904632568,0.5099999904632568,0
2011-12-20,0.5099999904632568,0.5099999904632568,0.5099999904632568,0.5099999904632568,0.5099999904632568,0
2011-12-21,0.5099999904632568,0.5099999904632568,0.5099999904632568,0.5099999904632568,0.5099999904632568,0
2011-12-22,0.5099999904632568,0.5099999904632568,0.5099999904632568,0.5099999904632568,0.5099999904632568,0
2011-12-23,0.5600000023841858,0.5600000023841858,0.5699999928474426,0.5099999904632568,0.5099999904632568,50000
2011-12-28,0.5600000023841858,0.5600000023841858,0.5600000023841858,0.5600000023841858,0.5600000023841858,0
2011-12-29,0.5600000023841858,0.5600000023841858,0.5600000023841858,0.5600000023841858,0.5600000023841858,0
2011-12-30,0.5600000023841858,0.5600000023841858,0.5600000023841858,0.5600000023841858,0.5600000023841858,0
2012-01-03,0.5600000023841858,0.5600000023841858,0.5600000023841858,0.5600000023841858,0.5600000023841858,0
2012-01-04,0.5600000023841858,0.5600000023841858,0.5600000023841858,0.5600000023841858,0.5600000023841858,0
2012-01-05,0.47999998927116394,0.47999998927116394,0.47999998927116394,0.46000000834465027,0.46000000834465027,225000
2012-01-06,0.47999998927116394,0.47999998927116394,0.47999998927116394,0.47999998927116394,0.47999998927116394,0
2012-01-09,0.47999998927116394,0.47999998927116394,0.47999998927116394,0.47999998927116394,0.47999998927116394,30000
2012-01-10,0.47999998927116394,0.47999998927116394,0.47999998927116394,0.47999998927116394,0.47999998927116394,0
2012-01-11,0.47999998927116394,0.47999998927116394,0.47999998927116394,0.47999998927116394,0.47999998927116394,0
2012-01-12,0.4699999988079071,0.4699999988079071,0.47999998927116394,0.4650000035762787,0.4699999988079071,160000
2012-01-13,0.4300000071525574,0.4300000071525574,0.49000000953674316,0.4000000059604645,0.49000000953674316,410000
2012-01-16,0.4300000071525574,0.4300000071525574,0.4300000071525574,0.4300000071525574,0.4300000071525574,150000
2012-01-17,0.4300000071525574,0.4300000071525574,0.4300000071525574,0.4099999964237213,0.4300000071525574,490750
2012-01-18,0.41999998688697815,0.41999998688697815,0.41999998688697815,0.41999998688697815,0.41999998688697815,50000
2012-01-19,0.4399999976158142,0.4399999976158142,0.4399999976158142,0.4399999976158142,0.4399999976158142,20000
2012-01-20,0.4399999976158142,0.4399999976158142,0.44999998807907104,0.4399999976158142,0.44999998807907104,200000
2012-01-26,0.44999998807907104,0.44999998807907104,0.44999998807907104,0.44999998807907104,0.44999998807907104,30000
2012-01-27,0.4399999976158142,0.4399999976158142,0.44999998807907104,0.4399999976158142,0.44999998807907104,50000
2012-01-30,0.4300000071525574,0.4300000071525574,0.44999998807907104,0.4300000071525574,0.4399999976158142,350000
2012-01-31,0.4300000071525574,0.4300000071525574,0.4300000071525574,0.4300000071525574,0.4300000071525574,450000
2012-02-01,0.41999998688697815,0.41999998688697815,0.42500001192092896,0.4099999964237213,0.4099999964237213,47500
2012-02-02,0.4449999928474426,0.4449999928474426,0.44999998807907104,0.44999998807907104,0.44999998807907104,20000
2012-02-03,0.44999998807907104,0.44999998807907104,0.44999998807907104,0.44999998807907104,0.44999998807907104,150000
2012-02-06,0.4950000047683716,0.4950000047683716,0.4950000047683716,0.44999998807907104,0.44999998807907104,460000
2012-02-07,0.49000000953674316,0.49000000953674316,0.49000000953674316,0.49000000953674316,0.49000000953674316,30000
2012-02-08,0.5,0.5,0.5,0.4950000047683716,0.4950000047683716,100000
2012-02-09,0.45500001311302185,0.45500001311302185,0.49000000953674316,0.41999998688697815,0.49000000953674316,1050000
2012-02-10,0.44999998807907104,0.44999998807907104,0.46000000834465027,0.4350000023841858,0.46000000834465027,150000
2012-02-13,0.4699999988079071,0.4699999988079071,0.4699999988079071,0.4699999988079071,0.4699999988079071,10000
2012-02-14,0.44999998807907104,0.44999998807907104,0.44999998807907104,0.44999998807907104,0.44999998807907104,40000
2012-02-15,0.4399999976158142,0.4399999976158142,0.4300000071525574,0.4099999964237213,0.42500001192092896,350000
2012-02-16,0.44999998807907104,0.44999998807907104,0.44999998807907104,0.44999998807907104,0.44999998807907104,10000
2012-02-17,0.42500001192092896,0.42500001192092896,0.5099999904632568,0.41499999165534973,0.46000000834465027,1920000
2012-02-20,0.4399999976158142,0.4399999976158142,0.46000000834465027,0.4350000023841858,0.4350000023841858,936875
2012-02-21,0.4399999976158142,0.4399999976158142,0.45500001311302185,0.4300000071525574,0.45500001311302185,1400000
2012-02-22,0.4449999928474426,0.4449999928474426,0.46000000834465027,0.4300000071525574,0.4300000071525574,500000
2012-02-23,0.4399999976158142,0.4399999976158142,0.4399999976158142,0.4350000023841858,0.4350000023841858,230000
2012-02-24,0.4399999976158142,0.4399999976158142,0.4699999988079071,0.4399999976158142,0.4699999988079071,1482670
2012-02-27,0.46000000834465027,0.46000000834465027,0.4650000035762787,0.4449999928474426,0.46000000834465027,1099000
2012-02-28,0.4650000035762787,0.4650000035762787,0.4699999988079071,0.4650000035762787,0.4650000035762787,120000
2012-02-29,0.4699999988079071,0.4699999988079071,0.4699999988079071,0.44999998807907104,0.44999998807907104,150000
2012-03-01,0.4699999988079071,0.4699999988079071,0.4699999988079071,0.4699999988079071,0.4699999988079071,10000
2012-03-02,0.44999998807907104,0.44999998807907104,0.47999998927116394,0.44999998807907104,0.4749999940395355,240000
2012-03-05,0.45500001311302185,0.45500001311302185,0.45500001311302185,0.44999998807907104,0.45500001311302185,140000
2012-03-06,0.4449999928474426,0.4449999928474426,0.4699999988079071,0.4449999928474426,0.44999998807907104,760000
2012-03-07,0.44999998807907104,0.44999998807907104,0.44999998807907104,0.44999998807907104,0.44999998807907104,0
2012-03-08,0.44999998807907104,0.44999998807907104,0.44999998807907104,0.44999998807907104,0.44999998807907104,0
2012-03-09,0.45500001311302185,0.45500001311302185,0.4699999988079071,0.45500001311302185,0.4699999988079071,710000
2012-03-12,0.4699999988079071,0.4699999988079071,0.47999998927116394,0.46000000834465027,0.46000000834465027,650000
2012-03-13,0.47999998927116394,0.47999998927116394,0.47999998927116394,0.47999998927116394,0.47999998927116394,90000
2012-03-14,0.46000000834465027,0.46000000834465027,0.47999998927116394,0.46000000834465027,0.47999998927116394,610000
2012-03-15,0.5099999904632568,0.5099999904632568,0.5099999904632568,0.46000000834465027,0.47999998927116394,520000
2012-03-16,0.5600000023841858,0.5600000023841858,0.5600000023841858,0.5099999904632568,0.5299999713897705,1802000
2012-03-20,0.5299999713897705,0.5299999713897705,0.5299999713897705,0.5299999713897705,0.5299999713897705,310000
2012-03-21,0.550000011920929,0.550000011920929,0.5600000023841858,0.550000011920929,0.5600000023841858,700000
2012-03-22,0.5699999928474426,0.5699999928474426,0.5699999928474426,0.5400000214576721,0.5400000214576721,140000
2012-03-23,0.5699999928474426,0.5699999928474426,0.5799999833106995,0.5699999928474426,0.5699999928474426,470000
2012-03-26,0.550000011920929,0.550000011920929,0.5699999928474426,0.550000011920929,0.5699999928474426,260000
2012-03-27,0.5400000214576721,0.5400000214576721,0.5400000214576721,0.5299999713897705,0.5299999713897705,380000
2012-03-28,0.5400000214576721,0.5400000214576721,0.5400000214576721,0.5400000214576721,0.5400000214576721,0
2012-03-29,0.5099999904632568,0.5099999904632568,0.5,0.5,0.5,25000
2012-03-30,0.5099999904632568,0.5099999904632568,0.5099999904632568,0.5099999904632568,0.5099999904632568,170000
2012-04-02,0.5099999904632568,0.5099999904632568,0.5099999904632568,0.5099999904632568,0.5099999904632568,0
2012-04-03,0.5099999904632568,0.5099999904632568,0.5099999904632568,0.5099999904632568,0.5099999904632568,0
2012-04-05,0.49000000953674316,0.49000000953674316,0.5099999904632568,0.46000000834465027,0.5099999904632568,290000
2012-04-10,0.47999998927116394,0.47999998927116394,0.47999998927116394,0.47999998927116394,0.47999998927116394,100000
2012-04-11,0.47999998927116394,0.47999998927116394,0.47999998927116394,0.47999998927116394,0.47999998927116394,0
2012-04-12,0.4699999988079071,0.4699999988079071,0.4699999988079071,0.4650000035762787,0.4650000035762787,110000
2012-04-13,0.4699999988079071,0.4699999988079071,0.4699999988079071,0.4699999988079071,0.4699999988079071,40900
2012-04-16,0.4699999988079071,0.4699999988079071,0.4699999988079071,0.4699999988079071,0.4699999988079071,0
2012-04-17,0.5,0.5,0.5,0.47999998927116394,0.47999998927116394,190000
2012-04-18,0.5,0.5,0.5,0.5,0.5,200000
2012-04-19,0.5199999809265137,0.5199999809265137,0.5799999833106995,0.5199999809265137,0.5400000214576721,100000
2012-04-20,0.5199999809265137,0.5199999809265137,0.5199999809265137,0.5199999809265137,0.5199999809265137,0
2012-04-23,0.550000011920929,0.550000011920929,0.550000011920929,0.550000011920929,0.550000011920929,20000
2012-04-24,0.550000011920929,0.550000011920929,0.550000011920929,0.550000011920929,0.550000011920929,0
2012-04-25,0.550000011920929,0.550000011920929,0.550000011920929,0.550000011920929,0.550000011920929,0
2012-04-26,0.5199999809265137,0.5199999809265137,0.5199999809265137,0.5199999809265137,0.5199999809265137,40000
2012-04-27,0.4950000047683716,0.4950000047683716,0.5799999833106995,0.4950000047683716,0.5799999833106995,260000
2012-04-30,0.4950000047683716,0.4950000047683716,0.4950000047683716,0.4950000047683716,0.4950000047683716,20000
2012-05-02,0.5299999713897705,0.5299999713897705,0.5299999713897705,0.5299999713897705,0.5299999713897705,10000
2012-05-03,0.5299999713897705,0.5299999713897705,0.5299999713897705,0.5299999713897705,0.5299999713897705,0
2012-05-04,0.4749999940395355,0.4749999940395355,0.5099999904632568,0.4749999940395355,0.5099999904632568,400000
2012-05-07,0.4749999940395355,0.4749999940395355,0.4749999940395355,0.4749999940395355,0.4749999940395355,0
2012-05-08,0.4749999940395355,0.4749999940395355,0.4749999940395355,0.4749999940395355,0.4749999940395355,0
2012-05-09,0.4749999940395355,0.4749999940395355,0.4699999988079071,0.46000000834465027,0.46000000834465027,50000
2012-05-10,0.5,0.5,0.5099999904632568,0.5,0.5,510000
2012-05-11,0.5,0.5,0.5,0.5,0.5,0
2012-05-14,0.5,0.5,0.5,0.5,0.5,200000
2012-05-15,0.47999998927116394,0.47999998927116394,0.47999998927116394,0.46000000834465027,0.4699999988079071,403000
2012-05-16,0.47999998927116394,0.47999998927116394,0.47999998927116394,0.47999998927116394,0.47999998927116394,0
2012-05-17,0.4699999988079071,0.4699999988079071,0.47999998927116394,0.4699999988079071,0.47999998927116394,20000
2012-05-18,0.4699999988079071,0.4699999988079071,0.5199999809265137,0.46000000834465027,0.5199999809265137,30000
2012-05-21,0.4699999988079071,0.4699999988079071,0.4699999988079071,0.4699999988079071,0.4699999988079071,0
2012-05-22,0.48500001430511475,0.48500001430511475,0.48500001430511475,0.48500001430511475,0.48500001430511475,230000
2012-05-23,0.4950000047683716,0.4950000047683716,0.4950000047683716,0.47999998927116394,0.49000000953674316,2660000
2012-05-24,0.4699999988079071,0.4699999988079071,0.5,0.4699999988079071,0.5,830000
2012-05-25,0.4699999988079071,0.4699999988079071,0.4699999988079071,0.4699999988079071,0.4699999988079071,0
2012-05-28,0.4699999988079071,0.4699999988079071,0.47999998927116394,0.4699999988079071,0.47999998927116394,220000
2012-05-29,0.4699999988079071,0.4699999988079071,0.4699999988079071,0.4699999988079071,0.4699999988079071,100000
2012-05-30,0.47999998927116394,0.47999998927116394,0.47999998927116394,0.4699999988079071,0.4699999988079071,208000
2012-05-31,0.47999998927116394,0.47999998927116394,0.47999998927116394,0.47999998927116394,0.47999998927116394,0
2012-06-01,0.4699999988079071,0.4699999988079071,0.44999998807907104,0.4449999928474426,0.44999998807907104,950000
2012-06-04,0.4699999988079071,0.4699999988079071,0.4699999988079071,0.4699999988079071,0.4699999988079071,0
2012-06-05,0.4699999988079071,0.4699999988079071,0.4699999988079071,0.4699999988079071,0.4699999988079071,0
2012-06-06,0.4699999988079071,0.4699999988079071,0.4699999988079071,0.44999998807907104,0.44999998807907104,600000
2012-06-07,0.4699999988079071,0.4699999988079071,0.4699999988079071,0.4699999988079071,0.4699999988079071,0
2012-06-08,0.4699999988079071,0.4699999988079071,0.4699999988079071,0.4699999988079071,0.4699999988079071,0
2012-06-11,0.4699999988079071,0.4699999988079071,0.4699999988079071,0.4699999988079071,0.4699999988079071,0
2012-06-12,0.4699999988079071,0.4699999988079071,0.4699999988079071,0.4699999988079071,0.4699999988079071,10000
2012-06-13,0.5299999713897705,0.5299999713897705,0.5400000214576721,0.4699999988079071,0.4699999988079071,265000
2012-06-14,0.47999998927116394,0.47999998927116394,0.47999998927116394,0.4699999988079071,0.4699999988079071,40000
2012-06-15,0.47999998927116394,0.47999998927116394,0.47999998927116394,0.47999998927116394,0.47999998927116394,0
2012-06-18,0.47999998927116394,0.47999998927116394,0.47999998927116394,0.47999998927116394,0.47999998927116394,20000
2012-06-19,0.4749999940395355,0.4749999940395355,0.4749999940395355,0.4650000035762787,0.4650000035762787,144000
2012-06-20,0.48500001430511475,0.48500001430511475,0.5,0.48500001430511475,0.4950000047683716,50000
2012-06-21,0.49000000953674316,0.49000000953674316,0.49000000953674316,0.4650000035762787,0.4650000035762787,50000
2012-06-22,0.4650000035762787,0.4650000035762787,0.4650000035762787,0.4650000035762787,0.4650000035762787,10000
2012-06-25,0.47999998927116394,0.47999998927116394,0.47999998927116394,0.4449999928474426,0.44999998807907104,160000
2012-06-26,0.4399999976158142,0.4399999976158142,0.44999998807907104,0.4300000071525574,0.44999998807907104,550000
2012-06-27,0.4399999976158142,0.4399999976158142,0.46000000834465027,0.4399999976158142,0.44999998807907104,490000
2012-06-28,0.44999998807907104,0.44999998807907104,0.44999998807907104,0.44999998807907104,0.44999998807907104,100000
2012-06-29,0.4300000071525574,0.4300000071525574,0.4300000071525574,0.4300000071525574,0.4300000071525574,100000
2012-07-03,0.46000000834465027,0.46000000834465027,0.46000000834465027,0.45500001311302185,0.45500001311302185,80000
2012-07-04,0.44999998807907104,0.44999998807907104,0.4699999988079071,0.4350000023841858,0.4650000035762787,450000
2012-07-05,0.44999998807907104,0.44999998807907104,0.44999998807907104,0.44999998807907104,0.44999998807907104,0
2012-07-06,0.44999998807907104,0.44999998807907104,0.44999998807907104,0.44999998807907104,0.44999998807907104,40000
2012-07-09,0.44999998807907104,0.44999998807907104,0.44999998807907104,0.44999998807907104,0.44999998807907104,0
2012-07-10,0.44999998807907104,0.44999998807907104,0.44999998807907104,0.44999998807907104,0.44999998807907104,0
2012-07-11,0.44999998807907104,0.44999998807907104,0.44999998807907104,0.44999998807907104,0.44999998807907104,0
2012-07-12,0.44999998807907104,0.44999998807907104,0.44999998807907104,0.44999998807907104,0.44999998807907104,0
2012-07-13,0.4350000023841858,0.4350000023841858,0.4350000023841858,0.4350000023841858,0.4350000023841858,10000
2012-07-16,0.4300000071525574,0.4300000071525574,0.4300000071525574,0.4300000071525574,0.4300000071525574,120000
2012-07-17,0.4300000071525574,0.4300000071525574,0.4300000071525574,0.4300000071525574,0.4300000071525574,0
2012-07-18,0.41999998688697815,0.41999998688697815,0.41999998688697815,0.41999998688697815,0.41999998688697815,10000
2012-07-19,0.41999998688697815,0.41999998688697815,0.41999998688697815,0.41999998688697815,0.41999998688697815,0
2012-07-20,0.41999998688697815,0.41999998688697815,0.41999998688697815,0.41999998688697815,0.41999998688697815,0
2012-07-23,0.41999998688697815,0.41999998688697815,0.41999998688697815,0.41999998688697815,0.41999998688697815,0
2012-07-24,0.4099999964237213,0.4099999964237213,0.4099999964237213,0.4000000059604645,0.4099999964237213,500000
2012-07-25,0.4099999964237213,0.4099999964237213,0.4099999964237213,0.4099999964237213,0.4099999964237213,0
2012-07-26,0.4099999964237213,0.4099999964237213,0.4099999964237213,0.4099999964237213,0.4099999964237213,0
2012-07-27,0.4099999964237213,0.4099999964237213,0.4099999964237213,0.4099999964237213,0.4099999964237213,0
2012-07-30,0.4000000059604645,0.4000000059604645,0.4000000059604645,0.4000000059604645,0.4000000059604645,150000
2012-07-31,0.4099999964237213,0.4099999964237213,0.4099999964237213,0.4050000011920929,0.4099999964237213,310000
2012-08-01,0.4399999976158142,0.4399999976158142,0.4399999976158142,0.4399999976158142,0.4399999976158142,30000
2012-08-02,0.4399999976158142,0.4399999976158142,0.4399999976158142,0.4399999976158142,0.4399999976158142,0
2012-08-03,0.4399999976158142,0.4399999976158142,0.4399999976158142,0.4399999976158142,0.4399999976158142,0
2012-08-06,0.4300000071525574,0.4300000071525574,0.4300000071525574,0.4300000071525574,0.4300000071525574,30000
2012-08-07,0.4000000059604645,0.4000000059604645,0.4099999964237213,0.38999998569488525,0.4099999964237213,470000
2012-08-08,0.4099999964237213,0.4099999964237213,0.4099999964237213,0.4000000059604645,0.4050000011920929,130000
2012-08-09,0.4050000011920929,0.4050000011920929,0.41499999165534973,0.38999998569488525,0.38999998569488525,150000
2012-08-10,0.41999998688697815,0.41999998688697815,0.41999998688697815,0.38999998569488525,0.41999998688697815,210000
2012-08-13,0.4000000059604645,0.4000000059604645,0.4000000059604645,0.4000000059604645,0.4000000059604645,60000
2012-08-14,0.4050000011920929,0.4050000011920929,0.4050000011920929,0.4050000011920929,0.4050000011920929,10000
2012-08-15,0.4050000011920929,0.4050000011920929,0.4050000011920929,0.4050000011920929,0.4050000011920929,50000
2012-08-16,0.4050000011920929,0.4050000011920929,0.4050000011920929,0.4050000011920929,0.4050000011920929,0
2012-08-17,0.4050000011920929,0.4050000011920929,0.4050000011920929,0.4050000011920929,0.4050000011920929,0
2012-08-20,0.4300000071525574,0.4300000071525574,0.4350000023841858,0.4350000023841858,0.4350000023841858,60000
2012-08-21,0.41999998688697815,0.41999998688697815,0.41999998688697815,0.41999998688697815,0.41999998688697815,30000
2012-08-22,0.4000000059604645,0.4000000059604645,0.4000000059604645,0.4000000059604645,0.4000000059604645,70000
2012-08-23,0.4000000059604645,0.4000000059604645,0.4000000059604645,0.4000000059604645,0.4000000059604645,0
2012-08-24,0.41499999165534973,0.41499999165534973,0.41499999165534973,0.4000000059604645,0.4000000059604645,250000
2012-08-27,0.41499999165534973,0.41499999165534973,0.41499999165534973,0.41499999165534973,0.41499999165534973,0
2012-08-28,0.41499999165534973,0.41499999165534973,0.41499999165534973,0.41499999165534973,0.41499999165534973,0
2012-08-29,0.4000000059604645,0.4000000059604645,0.4300000071525574,0.4000000059604645,0.4300000071525574,50000
2012-08-30,0.4000000059604645,0.4000000059604645,0.4000000059604645,0.4000000059604645,0.4000000059604645,0
2012-08-31,0.4000000059604645,0.4000000059604645,0.4000000059604645,0.4000000059604645,0.4000000059604645,0
2012-09-03,0.4000000059604645,0.4000000059604645,0.4000000059604645,0.4000000059604645,0.4000000059604645,0
2012-09-04,0.4000000059604645,0.4000000059604645,0.4000000059604645,0.4000000059604645,0.4000000059604645,60000
2012-09-05,0.36000001430511475,0.36000001430511475,0.3799999952316284,0.3499999940395355,0.3799999952316284,270000
2012-09-06,0.4000000059604645,0.4000000059604645,0.4000000059604645,0.3799999952316284,0.3799999952316284,206000
2012-09-07,0.4000000059604645,0.4000000059604645,0.4000000059604645,0.4000000059604645,0.4000000059604645,90000
2012-09-10,0.4000000059604645,0.4000000059604645,0.4000000059604645,0.4000000059604645,0.4000000059604645,0
2012-09-11,0.38499999046325684,0.38499999046325684,0.4000000059604645,0.3799999952316284,0.4000000059604645,770000
2012-09-12,0.4099999964237213,0.4099999964237213,0.41999998688697815,0.4099999964237213,0.4099999964237213,270000
2012-09-13,0.4000000059604645,0.4000000059604645,0.4099999964237213,0.38999998569488525,0.4099999964237213,580000
2012-09-14,0.38499999046325684,0.38499999046325684,0.3799999952316284,0.3799999952316284,0.3799999952316284,50000
2012-09-17,0.4000000059604645,0.4000000059604645,0.4000000059604645,0.38999998569488525,0.38999998569488525,210000
2012-09-18,0.4000000059604645,0.4000000059604645,0.4000000059604645,0.4000000059604645,0.4000000059604645,160000
2012-09-19,0.39500001072883606,0.39500001072883606,0.4000000059604645,0.3799999952316284,0.3799999952316284,926500
2012-09-20,0.3799999952316284,0.3799999952316284,0.4000000059604645,0.3799999952316284,0.4000000059604645,1687000
2012-09-21,0.3799999952316284,0.3799999952316284,0.3799999952316284,0.3799999952316284,0.3799999952316284,1410000
2012-09-24,0.3700000047683716,0.3700000047683716,0.3700000047683716,0.3700000047683716,0.3700000047683716,20000
2012-09-25,0.3700000047683716,0.3700000047683716,0.3700000047683716,0.3700000047683716,0.3700000047683716,550000
2012-09-26,0.36000001430511475,0.36000001430511475,0.3700000047683716,0.36000001430511475,0.3700000047683716,460000
2012-09-27,0.3700000047683716,0.3700000047683716,0.3700000047683716,0.3499999940395355,0.36000001430511475,550000
2012-09-28,0.3499999940395355,0.3499999940395355,0.36000001430511475,0.3499999940395355,0.3499999940395355,540000
2012-10-03,0.3400000035762787,0.3400000035762787,0.35499998927116394,0.3400000035762787,0.3499999940395355,670000
2012-10-04,0.3400000035762787,0.3400000035762787,0.3400000035762787,0.3400000035762787,0.3400000035762787,540000
2012-10-05,0.3449999988079071,0.3449999988079071,0.3449999988079071,0.3449999988079071,0.3449999988079071,40000
2012-10-08,0.33000001311302185,0.33000001311302185,0.33000001311302185,0.3199999928474426,0.33000001311302185,818625
2012-10-09,0.3499999940395355,0.3499999940395355,0.3499999940395355,0.3499999940395355,0.3499999940395355,1540000
2012-10-10,0.3799999952316284,0.3799999952316284,0.3799999952316284,0.3499999940395355,0.3499999940395355,1410000
2012-10-11,0.3799999952316284,0.3799999952316284,0.3799999952316284,0.3499999940395355,0.3499999940395355,110000
2012-10-12,0.3799999952316284,0.3799999952316284,0.3799999952316284,0.3700000047683716,0.3799999952316284,693750
2012-10-15,0.3799999952316284,0.3799999952316284,0.3799999952316284,0.3799999952316284,0.3799999952316284,50000
2012-10-16,0.36000001430511475,0.36000001430511475,0.35499998927116394,0.35499998927116394,0.35499998927116394,200000
2012-10-17,0.3799999952316284,0.3799999952316284,0.38999998569488525,0.38999998569488525,0.38999998569488525,500000
2012-10-18,0.3799999952316284,0.3799999952316284,0.38999998569488525,0.3799999952316284,0.3799999952316284,1360000
2012-10-19,0.38999998569488525,0.38999998569488525,0.38999998569488525,0.38999998569488525,0.38999998569488525,630000
2012-10-22,0.375,0.375,0.3700000047683716,0.3700000047683716,0.3700000047683716,180000
2012-10-24,0.3799999952316284,0.3799999952316284,0.3799999952316284,0.3799999952316284,0.3799999952316284,260000
2012-10-25,0.3700000047683716,0.3700000047683716,0.375,0.3700000047683716,0.375,810000
2012-10-26,0.36000001430511475,0.36000001430511475,0.36000001430511475,0.36000001430511475,0.36000001430511475,500000
2012-10-29,0.3799999952316284,0.3799999952316284,0.38499999046325684,0.38499999046325684,0.38499999046325684,10000
2012-10-30,0.3700000047683716,0.3700000047683716,0.3700000047683716,0.3700000047683716,0.3700000047683716,680000
2012-10-31,0.36000001430511475,0.36000001430511475,0.36000001430511475,0.36000001430511475,0.36000001430511475,600000
2012-11-01,0.35499998927116394,0.35499998927116394,0.3700000047683716,0.35499998927116394,0.36000001430511475,767500
2012-11-02,0.36000001430511475,0.36000001430511475,0.3700000047683716,0.36000001430511475,0.3700000047683716,300000
2012-11-05,0.35499998927116394,0.35499998927116394,0.3799999952316284,0.35499998927116394,0.36500000953674316,850000
2012-11-06,0.36000001430511475,0.36000001430511475,0.36000001430511475,0.35499998927116394,0.35499998927116394,940000
2012-11-07,0.36000001430511475,0.36000001430511475,0.36000001430511475,0.36000001430511475,0.36000001430511475,0
2012-11-08,0.35499998927116394,0.35499998927116394,0.36000001430511475,0.35499998927116394,0.36000001430511475,1342000
2012-11-09,0.35499998927116394,0.35499998927116394,0.35499998927116394,0.35499998927116394,0.35499998927116394,0
2012-11-12,0.35499998927116394,0.35499998927116394,0.35499998927116394,0.35499998927116394,0.35499998927116394,0
2012-11-13,0.35499998927116394,0.35499998927116394,0.35499998927116394,0.35499998927116394,0.35499998927116394,0
2012-11-14,0.35499998927116394,0.35499998927116394,0.35499998927116394,0.35499998927116394,0.35499998927116394,0
2012-11-15,0.35499998927116394,0.35499998927116394,0.35499998927116394,0.35499998927116394,0.35499998927116394,0
2012-11-16,0.36000001430511475,0.36000001430511475,0.3700000047683716,0.3700000047683716,0.3700000047683716,10000
2012-11-19,0.3499999940395355,0.3499999940395355,0.3499999940395355,0.3499999940395355,0.3499999940395355,39000
2012-11-20,0.3499999940395355,0.3499999940395355,0.3499999940395355,0.3499999940395355,0.3499999940395355,280000
2012-11-21,0.3499999940395355,0.3499999940395355,0.3499999940395355,0.3499999940395355,0.3499999940395355,0
2012-11-22,0.33000001311302185,0.33000001311302185,0.36000001430511475,0.33000001311302185,0.33000001311302185,25000
2012-11-23,0.36000001430511475,0.36000001430511475,0.36000001430511475,0.36000001430511475,0.36000001430511475,290000
2012-11-26,0.36000001430511475,0.36000001430511475,0.36000001430511475,0.36000001430511475,0.36000001430511475,0
2012-11-27,0.36000001430511475,0.36000001430511475,0.36000001430511475,0.36000001430511475,0.36000001430511475,30000
2012-11-28,0.36000001430511475,0.36000001430511475,0.36000001430511475,0.36000001430511475,0.36000001430511475,0
2012-11-29,0.36000001430511475,0.36000001430511475,0.36000001430511475,0.36000001430511475,0.36000001430511475,0
2012-11-30,0.3499999940395355,0.3499999940395355,0.3499999940395355,0.3499999940395355,0.3499999940395355,305000
2012-12-03,0.3499999940395355,0.3499999940395355,0.3499999940395355,0.3499999940395355,0.3499999940395355,630000
2012-12-04,0.3400000035762787,0.3400000035762787,0.3400000035762787,0.3400000035762787,0.3400000035762787,290000
2012-12-05,0.3400000035762787,0.3400000035762787,0.3400000035762787,0.3400000035762787,0.3400000035762787,80000
2012-12-06,0.3400000035762787,0.3400000035762787,0.3400000035762787,0.3400000035762787,0.3400000035762787,0
2012-12-07,0.3400000035762787,0.3400000035762787,0.3400000035762787,0.33500000834465027,0.3400000035762787,490000
2012-12-10,0.36500000953674316,0.36500000953674316,0.36500000953674316,0.36000001430511475,0.36000001430511475,190000
2012-12-11,0.3700000047683716,0.3700000047683716,0.3799999952316284,0.3700000047683716,0.3700000047683716,1212000
2012-12-12,0.3799999952316284,0.3799999952316284,0.3799999952316284,0.3799999952316284,0.3799999952316284,324000
2012-12-13,0.3799999952316284,0.3799999952316284,0.3799999952316284,0.3799999952316284,0.3799999952316284,0
2012-12-14,0.36000001430511475,0.36000001430511475,0.36000001430511475,0.36000001430511475,0.36000001430511475,10000
2012-12-17,0.3499999940395355,0.3499999940395355,0.36000001430511475,0.3499999940395355,0.36000001430511475,830000
2012-12-18,0.3499999940395355,0.3499999940395355,0.3499999940395355,0.3499999940395355,0.3499999940395355,0
2012-12-19,0.36000001430511475,0.36000001430511475,0.36000001430511475,0.3499999940395355,0.36000001430511475,810000
2012-12-20,0.3499999940395355,0.3499999940395355,0.3499999940395355,0.3499999940395355,0.3499999940395355,100000
2012-12-21,0.35499998927116394,0.35499998927116394,0.35499998927116394,0.35499998927116394,0.35499998927116394,250000
2012-12-24,0.3499999940395355,0.3499999940395355,0.3799999952316284,0.3400000035762787,0.3449999988079071,230000
2012-12-27,0.3799999952316284,0.3799999952316284,0.3799999952316284,0.35499998927116394,0.3799999952316284,850000
2012-12-28,0.375,0.375,0.375,0.375,0.375,100000
2012-12-31,0.375,0.375,0.375,0.3499999940395355,0.375,1060000
2013-01-02,0.3799999952316284,0.3799999952316284,0.4000000059604645,0.36500000953674316,0.4000000059604645,470000
2013-01-03,0.36500000953674316,0.36500000953674316,0.3799999952316284,0.36500000953674316,0.3799999952316284,200000
2013-01-04,0.35499998927116394,0.35499998927116394,0.36500000953674316,0.35499998927116394,0.36500000953674316,1120000
2013-01-07,0.375,0.375,0.3799999952316284,0.36000001430511475,0.36000001430511475,7679000
2013-01-08,0.36500000953674316,0.36500000953674316,0.3799999952316284,0.36500000953674316,0.3799999952316284,382500
2013-01-09,0.36500000953674316,0.36500000953674316,0.36500000953674316,0.36000001430511475,0.36500000953674316,2400000
2013-01-10,0.36500000953674316,0.36500000953674316,0.38499999046325684,0.36500000953674316,0.36500000953674316,1740000
2013-01-11,0.36500000953674316,0.36500000953674316,0.36500000953674316,0.36500000953674316,0.36500000953674316,0
2013-01-14,0.3799999952316284,0.3799999952316284,0.3799999952316284,0.3799999952316284,0.3799999952316284,250000
2013-01-15,0.38999998569488525,0.38999998569488525,0.38999998569488525,0.3799999952316284,0.3799999952316284,1870000
2013-01-16,0.3799999952316284,0.3799999952316284,0.38999998569488525,0.375,0.38999998569488525,530000
2013-01-17,0.3799999952316284,0.3799999952316284,0.3799999952316284,0.3799999952316284,0.3799999952316284,90000
2013-01-18,0.38499999046325684,0.38499999046325684,0.38499999046325684,0.36500000953674316,0.3799999952316284,460000
2013-01-21,0.38999998569488525,0.38999998569488525,0.39500001072883606,0.38499999046325684,0.38999998569488525,560000
2013-01-22,0.38999998569488525,0.38999998569488525,0.38999998569488525,0.38999998569488525,0.38999998569488525,0
2013-01-23,0.3700000047683716,0.3700000047683716,0.3799999952316284,0.3700000047683716,0.3799999952316284,350000
2013-01-24,0.3799999952316284,0.3799999952316284,0.38999998569488525,0.36000001430511475,0.36000001430511475,580000
2013-01-25,0.3799999952316284,0.3799999952316284,0.3799999952316284,0.3799999952316284,0.3799999952316284,0
2013-01-28,0.3799999952316284,0.3799999952316284,0.3799999952316284,0.3799999952316284,0.3799999952316284,160000
2013-01-29,0.3700000047683716,0.3700000047683716,0.3700000047683716,0.3700000047683716,0.3700000047683716,298000
2013-01-30,0.36000001430511475,0.36000001430511475,0.36500000953674316,0.36000001430511475,0.36500000953674316,570000
2013-01-31,0.36000001430511475,0.36000001430511475,0.36000001430511475,0.36000001430511475,0.36000001430511475,0
2013-02-01,0.36000001430511475,0.36000001430511475,0.36000001430511475,0.35499998927116394,0.36000001430511475,1350000
2013-02-04,0.36000001430511475,0.36000001430511475,0.3799999952316284,0.35499998927116394,0.3700000047683716,1005573
2013-02-05,0.35499998927116394,0.35499998927116394,0.35499998927116394,0.35499998927116394,0.35499998927116394,0
2013-02-06,0.36000001430511475,0.36000001430511475,0.36000001430511475,0.3499999940395355,0.3499999940395355,170000
2013-02-07,0.3499999940395355,0.3499999940395355,0.3499999940395355,0.3499999940395355,0.3499999940395355,320000
2013-02-08,0.36000001430511475,0.36000001430511475,0.36000001430511475,0.36000001430511475,0.36000001430511475,1250000
2013-02-14,0.36000001430511475,0.36000001430511475,0.36000001430511475,0.36000001430511475,0.36000001430511475,320000
2013-02-15,0.36500000953674316,0.36500000953674316,0.36000001430511475,0.36000001430511475,0.36000001430511475,40000
2013-02-18,0.36000001430511475,0.36000001430511475,0.36500000953674316,0.35499998927116394,0.36500000953674316,525000
2013-02-19,0.3499999940395355,0.3499999940395355,0.36000001430511475,0.3499999940395355,0.35499998927116394,1260000
2013-02-20,0.35499998927116394,0.35499998927116394,0.35499998927116394,0.3499999940395355,0.3499999940395355,350000
2013-02-21,0.35499998927116394,0.35499998927116394,0.35499998927116394,0.35499998927116394,0.35499998927116394,160000
2013-02-22,0.3499999940395355,0.3499999940395355,0.35499998927116394,0.3499999940395355,0.35499998927116394,520000
2013-02-25,0.3499999940395355,0.3499999940395355,0.3499999940395355,0.3499999940395355,0.3499999940395355,0
2013-02-26,0.3400000035762787,0.3400000035762787,0.3499999940395355,0.3400000035762787,0.3499999940395355,348500
2013-02-27,0.3449999988079071,0.3449999988079071,0.3449999988079071,0.3449999988079071,0.3449999988079071,40000
2013-02-28,0.3449999988079071,0.3449999988079071,0.3449999988079071,0.3449999988079071,0.3449999988079071,90000
2013-03-01,0.36000001430511475,0.36000001430511475,0.36000001430511475,0.36000001430511475,0.36000001430511475,70000
2013-03-04,0.36000001430511475,0.36000001430511475,0.36000001430511475,0.36000001430511475,0.36000001430511475,230000
2013-03-05,0.35499998927116394,0.35499998927116394,0.35499998927116394,0.35499998927116394,0.35499998927116394,20000
2013-03-06,0.36500000953674316,0.36500000953674316,0.36500000953674316,0.36500000953674316,0.36500000953674316,520000
2013-03-07,0.36000001430511475,0.36000001430511475,0.36500000953674316,0.36000001430511475,0.36500000953674316,430000
2013-03-08,0.36000001430511475,0.36000001430511475,0.36000001430511475,0.36000001430511475,0.36000001430511475,0
2013-03-11,0.3499999940395355,0.3499999940395355,0.35499998927116394,0.3499999940395355,0.35499998927116394,70000
2013-03-12,0.35499998927116394,0.35499998927116394,0.36000001430511475,0.35499998927116394,0.35499998927116394,421500
2013-03-13,0.3499999940395355,0.3499999940395355,0.36500000953674316,0.3499999940395355,0.3499999940395355,370000
2013-03-14,0.3449999988079071,0.3449999988079071,0.36500000953674316,0.3449999988079071,0.36500000953674316,110000
2013-03-15,0.35499998927116394,0.35499998927116394,0.35499998927116394,0.3449999988079071,0.3449999988079071,1000000
2013-03-18,0.3499999940395355,0.3499999940395355,0.36000001430511475,0.3499999940395355,0.3499999940395355,630000
2013-03-19,0.36000001430511475,0.36000001430511475,0.36000001430511475,0.36000001430511475,0.36000001430511475,590000
2013-03-20,0.36000001430511475,0.36000001430511475,0.36000001430511475,0.36000001430511475,0.36000001430511475,40000
2013-03-21,0.36000001430511475,0.36000001430511475,0.36000001430511475,0.36000001430511475,0.36000001430511475,26250
2013-03-22,0.36000001430511475,0.36000001430511475,0.36000001430511475,0.36000001430511475,0.36000001430511475,0
2013-03-25,0.36500000953674316,0.36500000953674316,0.36500000953674316,0.3499999940395355,0.3499999940395355,3180000
2013-03-26,0.36000001430511475,0.36000001430511475,0.36000001430511475,0.36000001430511475,0.36000001430511475,162000
2013-03-27,0.36500000953674316,0.36500000953674316,0.36500000953674316,0.36000001430511475,0.36000001430511475,30000
2013-03-28,0.36500000953674316,0.36500000953674316,0.36500000953674316,0.36000001430511475,0.36000001430511475,80000
2013-04-02,0.36500000953674316,0.36500000953674316,0.39500001072883606,0.36500000953674316,0.39500001072883606,270000
2013-04-03,0.3799999952316284,0.3799999952316284,0.3799999952316284,0.36500000953674316,0.36500000953674316,950000
2013-04-05,0.38499999046325684,0.38499999046325684,0.38499999046325684,0.375,0.3799999952316284,740000
2013-04-08,0.44999998807907104,0.44999998807907104,0.44999998807907104,0.38999998569488525,0.38999998569488525,1550000
2013-04-09,0.4300000071525574,0.4300000071525574,0.44999998807907104,0.4300000071525574,0.44999998807907104,692000
2013-04-10,0.5099999904632568,0.5099999904632568,0.5099999904632568,0.44999998807907104,0.44999998807907104,2660000
2013-04-11,0.550000011920929,0.550000011920929,0.550000011920929,0.5199999809265137,0.5199999809265137,2570000
2013-04-12,0.6200000047683716,0.6200000047683716,0.6499999761581421,0.5799999833106995,0.5799999833106995,5534000
2013-04-15,0.6000000238418579,0.6000000238418579,0.6499999761581421,0.6000000238418579,0.6499999761581421,1160000
2013-04-16,0.6100000143051147,0.6100000143051147,0.6100000143051147,0.5799999833106995,0.5899999737739563,570000
2013-04-17,0.6200000047683716,0.6200000047683716,0.6299999952316284,0.6100000143051147,0.6100000143051147,1285000
2013-04-18,0.5699999928474426,0.5699999928474426,0.6100000143051147,0.5600000023841858,0.6100000143051147,202000
2013-04-19,0.5799999833106995,0.5799999833106995,0.5699999928474426,0.550000011920929,0.5699999928474426,590000
2013-04-22,0.5600000023841858,0.5600000023841858,0.5600000023841858,0.5299999713897705,0.550000011920929,550000
2013-04-23,0.550000011920929,0.550000011920929,0.550000011920929,0.5099999904632568,0.5099999904632568,150000
2013-04-24,0.6000000238418579,0.6000000238418579,0.6299999952316284,0.550000011920929,0.550000011920929,1320000
2013-04-25,0.5699999928474426,0.5699999928474426,0.6000000238418579,0.5199999809265137,0.6000000238418579,570000
2013-04-26,0.5699999928474426,0.5699999928474426,0.5600000023841858,0.5600000023841858,0.5600000023841858,20000
2013-04-29,0.5699999928474426,0.5699999928474426,0.5699999928474426,0.5699999928474426,0.5699999928474426,0
2013-04-30,0.5699999928474426,0.5699999928474426,0.5699999928474426,0.5699999928474426,0.5699999928474426,40000
2013-05-02,0.5699999928474426,0.5699999928474426,0.5699999928474426,0.5400000214576721,0.5400000214576721,20000
2013-05-03,0.5899999737739563,0.5899999737739563,0.5899999737739563,0.5400000214576721,0.5400000214576721,70000
2013-05-06,0.5899999737739563,0.5899999737739563,0.6000000238418579,0.6000000238418579,0.6000000238418579,222000
2013-05-07,0.5899999737739563,0.5899999737739563,0.5899999737739563,0.550000011920929,0.550000011920929,371500
2013-05-08,0.6000000238418579,0.6000000238418579,0.6100000143051147,0.6100000143051147,0.6100000143051147,10000
2013-05-09,0.6000000238418579,0.6000000238418579,0.6000000238418579,0.6000000238418579,0.6000000238418579,160000
2013-05-10,0.6000000238418579,0.6000000238418579,0.6000000238418579,0.6000000238418579,0.6000000238418579,10000
2013-05-13,0.6100000143051147,0.6100000143051147,0.6100000143051147,0.6000000238418579,0.6000000238418579,1010000
2013-05-14,0.6100000143051147,0.6100000143051147,0.6100000143051147,0.6000000238418579,0.6000000238418579,900000
2013-05-15,0.6100000143051147,0.6100000143051147,0.6100000143051147,0.6000000238418579,0.6000000238418579,1510000
2013-05-16,0.6100000143051147,0.6100000143051147,0.5899999737739563,0.5899999737739563,0.5899999737739563,100000
2013-05-20,0.6100000143051147,0.6100000143051147,0.6000000238418579,0.6000000238418579,0.6000000238418579,155000
2013-05-21,0.6100000143051147,0.6100000143051147,0.6100000143051147,0.6000000238418579,0.6000000238418579,90000
2013-05-22,0.6100000143051147,0.6100000143051147,0.6100000143051147,0.5600000023841858,0.6000000238418579,710000
2013-05-23,0.6100000143051147,0.6100000143051147,0.6100000143051147,0.5299999713897705,0.550000011920929,440000
2013-05-24,0.6100000143051147,0.6100000143051147,0.6100000143051147,0.6000000238418579,0.6100000143051147,370000
2013-05-27,0.6000000238418579,0.6000000238418579,0.6000000238418579,0.5600000023841858,0.5799999833106995,380000
2013-05-28,0.6200000047683716,0.6200000047683716,0.6200000047683716,0.6200000047683716,0.6200000047683716,250000
2013-05-29,0.6299999952316284,0.6299999952316284,0.6399999856948853,0.6299999952316284,0.6299999952316284,310000
2013-05-30,0.6299999952316284,0.6299999952316284,0.6200000047683716,0.6200000047683716,0.6200000047683716,20000
2013-05-31,0.6200000047683716,0.6200000047683716,0.6200000047683716,0.6200000047683716,0.6200000047683716,0
2013-06-03,0.6299999952316284,0.6299999952316284,0.6399999856948853,0.6299999952316284,0.6399999856948853,750000
2013-06-04,0.6299999952316284,0.6299999952316284,0.6299999952316284,0.6299999952316284,0.6299999952316284,0
2013-06-05,0.6200000047683716,0.6200000047683716,0.6200000047683716,0.6200000047683716,0.6200000047683716,155000
2013-06-06,0.6399999856948853,0.6399999856948853,0.6499999761581421,0.6399999856948853,0.6499999761581421,70000
2013-06-07,0.6299999952316284,0.6299999952316284,0.6399999856948853,0.6399999856948853,0.6399999856948853,100000
2013-06-10,0.6299999952316284,0.6299999952316284,0.6299999952316284,0.6299999952316284,0.6299999952316284,0
2013-06-11,0.6000000238418579,0.6000000238418579,0.6000000238418579,0.6000000238418579,0.6000000238418579,60000
2013-06-13,0.6000000238418579,0.6000000238418579,0.6000000238418579,0.6000000238418579,0.6000000238418579,200000
2013-06-14,0.6000000238418579,0.6000000238418579,0.6000000238418579,0.6000000238418579,0.6000000238418579,1700000
2013-06-17,0.6000000238418579,0.6000000238418579,0.6000000238418579,0.6000000238418579,0.6000000238418579,0
2013-06-18,0.6100000143051147,0.6100000143051147,0.6100000143051147,0.6100000143051147,0.6100000143051147,0
2013-06-19,0.6100000143051147,0.6100000143051147,0.6100000143051147,0.6100000143051147,0.6100000143051147,230000
2013-06-20,0.6100000143051147,0.6100000143051147,0.6100000143051147,0.6100000143051147,0.6100000143051147,0
2013-06-21,0.6100000143051147,0.6100000143051147,0.6100000143051147,0.6000000238418579,0.6000000238418579,480000
2013-06-24,0.5799999833106995,0.5799999833106995,0.6000000238418579,0.550000011920929,0.6000000238418579,972000
2013-06-25,0.5799999833106995,0.5799999833106995,0.5899999737739563,0.5199999809265137,0.5899999737739563,1390000
2013-06-26,0.5799999833106995,0.5799999833106995,0.5799999833106995,0.5799999833106995,0.5799999833106995,20000
2013-06-27,0.5899999737739563,0.5899999737739563,0.6100000143051147,0.5799999833106995,0.5799999833106995,594500
2013-06-28,0.6299999952316284,0.6299999952316284,0.6299999952316284,0.5899999737739563,0.5899999737739563,680000
2013-07-02,0.6000000238418579,0.6000000238418579,0.6000000238418579,0.6000000238418579,0.6000000238418579,2760000
2013-07-03,0.550000011920929,0.550000011920929,0.5699999928474426,0.550000011920929,0.5699999928474426,960000
2013-07-04,0.5600000023841858,0.5600000023841858,0.5600000023841858,0.5600000023841858,0.5600000023841858,0
2013-07-05,0.5699999928474426,0.5699999928474426,0.5699999928474426,0.5699999928474426,0.5699999928474426,170000
2013-07-08,0.5699999928474426,0.5699999928474426,0.5699999928474426,0.5699999928474426,0.5699999928474426,0
2013-07-09,0.5699999928474426,0.5699999928474426,0.5699999928474426,0.5699999928474426,0.5699999928474426,10000
2013-07-10,0.5699999928474426,0.5699999928474426,0.5699999928474426,0.5699999928474426,0.5699999928474426,65000
2013-07-11,0.6000000238418579,0.6000000238418579,0.6100000143051147,0.5899999737739563,0.6100000143051147,300000
2013-07-12,0.5799999833106995,0.5799999833106995,0.5799999833106995,0.5600000023841858,0.5799999833106995,300000
2013-07-15,0.5799999833106995,0.5799999833106995,0.5799999833106995,0.5799999833106995,0.5799999833106995,0
2013-07-16,0.5799999833106995,0.5799999833106995,0.5799999833106995,0.5799999833106995,0.5799999833106995,0
2013-07-17,0.5799999833106995,0.5799999833106995,0.5799999833106995,0.5799999833106995,0.5799999833106995,110000
2013-07-18,0.6000000238418579,0.6000000238418579,0.6000000238418579,0.6000000238418579,0.6000000238418579,100000
2013-07-19,0.5799999833106995,0.5799999833106995,0.5799999833106995,0.5799999833106995,0.5799999833106995,60000
2013-07-22,0.6000000238418579,0.6000000238418579,0.6000000238418579,0.5799999833106995,0.5799999833106995,490000
2013-07-23,0.6200000047683716,0.6200000047683716,0.6200000047683716,0.6000000238418579,0.6000000238418579,470000
2013-07-24,0.6499999761581421,0.6499999761581421,0.6499999761581421,0.6200000047683716,0.6200000047683716,640000
2013-07-25,0.6499999761581421,0.6499999761581421,0.6499999761581421,0.6399999856948853,0.6499999761581421,282500
2013-07-26,0.6499999761581421,0.6499999761581421,0.6499999761581421,0.6499999761581421,0.6499999761581421,0
2013-07-29,0.6499999761581421,0.6499999761581421,0.6499999761581421,0.6499999761581421,0.6499999761581421,0
2013-07-30,0.6499999761581421,0.6499999761581421,0.6499999761581421,0.6499999761581421,0.6499999761581421,0
2013-07-31,0.6499999761581421,0.6499999761581421,0.6499999761581421,0.6499999761581421,0.6499999761581421,0
2013-08-01,0.6499999761581421,0.6499999761581421,0.6499999761581421,0.6499999761581421,0.6499999761581421,0
2013-08-02,0.6499999761581421,0.6499999761581421,0.6499999761581421,0.6499999761581421,0.6499999761581421,0
2013-08-05,0.6499999761581421,0.6499999761581421,0.6499999761581421,0.6499999761581421,0.6499999761581421,0
2013-08-06,0.6499999761581421,0.6499999761581421,0.6499999761581421,0.6499999761581421,0.6499999761581421,0
2013-08-07,0.6499999761581421,0.6499999761581421,0.6499999761581421,0.6499999761581421,0.6499999761581421,0
2013-08-08,0.6499999761581421,0.6499999761581421,0.6499999761581421,0.6499999761581421,0.6499999761581421,0
2013-08-09,0.6499999761581421,0.6499999761581421,0.6499999761581421,0.6499999761581421,0.6499999761581421,0
2013-08-12,0.6499999761581421,0.6499999761581421,0.6499999761581421,0.6499999761581421,0.6499999761581421,0
2013-08-13,0.6499999761581421,0.6499999761581421,0.6499999761581421,0.6499999761581421,0.6499999761581421,0
2013-08-14,0.6499999761581421,0.6499999761581421,0.6499999761581421,0.6499999761581421,0.6499999761581421,0
2013-08-15,0.6499999761581421,0.6499999761581421,0.6499999761581421,0.6499999761581421,0.6499999761581421,0
2013-08-16,0.6499999761581421,0.6499999761581421,0.6499999761581421,0.6499999761581421,0.6499999761581421,0
2013-08-19,0.6499999761581421,0.6499999761581421,0.6499999761581421,0.6499999761581421,0.6499999761581421,0
2013-08-20,0.6499999761581421,0.6499999761581421,0.6499999761581421,0.6499999761581421,0.6499999761581421,0
2013-08-21,0.6499999761581421,0.6499999761581421,0.6499999761581421,0.6499999761581421,0.6499999761581421,0
2013-08-22,0.6499999761581421,0.6499999761581421,0.6499999761581421,0.6499999761581421,0.6499999761581421,0
2013-08-23,0.6499999761581421,0.6499999761581421,0.6499999761581421,0.6499999761581421,0.6499999761581421,0
2013-08-26,0.6499999761581421,0.6499999761581421,0.6499999761581421,0.6499999761581421,0.6499999761581421,0
2013-08-27,0.6499999761581421,0.6499999761581421,0.6499999761581421,0.6499999761581421,0.6499999761581421,0
2013-08-28,0.6499999761581421,0.6499999761581421,0.6499999761581421,0.6499999761581421,0.6499999761581421,0
2013-08-29,0.6499999761581421,0.6499999761581421,0.6499999761581421,0.6499999761581421,0.6499999761581421,0
2013-08-30,0.6499999761581421,0.6499999761581421,0.6499999761581421,0.6499999761581421,0.6499999761581421,0
2013-09-02,0.6499999761581421,0.6499999761581421,0.6499999761581421,0.6499999761581421,0.6499999761581421,0
2013-09-03,0.6499999761581421,0.6499999761581421,0.6499999761581421,0.6499999761581421,0.6499999761581421,0
2013-09-04,0.6499999761581421,0.6499999761581421,0.6499999761581421,0.6499999761581421,0.6499999761581421,0
2013-09-05,0.6499999761581421,0.6499999761581421,0.6499999761581421,0.6499999761581421,0.6499999761581421,0
2013-09-06,0.6499999761581421,0.6499999761581421,0.6499999761581421,0.6499999761581421,0.6499999761581421,0
2013-09-09,0.6499999761581421,0.6499999761581421,0.6499999761581421,0.6499999761581421,0.6499999761581421,0
2013-09-10,0.6499999761581421,0.6499999761581421,0.6499999761581421,0.6499999761581421,0.6499999761581421,0
2013-09-11,0.6499999761581421,0.6499999761581421,0.6499999761581421,0.6499999761581421,0.6499999761581421,0
2013-09-12,0.6499999761581421,0.6499999761581421,0.6499999761581421,0.6499999761581421,0.6499999761581421,0
2013-09-13,0.6499999761581421,0.6499999761581421,0.6499999761581421,0.6499999761581421,0.6499999761581421,0
2013-09-16,0.6499999761581421,0.6499999761581421,0.6499999761581421,0.6499999761581421,0.6499999761581421,0
2013-09-17,0.6499999761581421,0.6499999761581421,0.6499999761581421,0.6499999761581421,0.6499999761581421,0
2013-09-18,0.6499999761581421,0.6499999761581421,0.6499999761581421,0.6499999761581421,0.6499999761581421,0
2013-09-19,0.6499999761581421,0.6499999761581421,0.6499999761581421,0.6499999761581421,0.6499999761581421,0
2013-09-23,0.6499999761581421,0.6499999761581421,0.6499999761581421,0.6499999761581421,0.6499999761581421,0
2013-09-24,0.6499999761581421,0.6499999761581421,0.6499999761581421,0.6499999761581421,0.6499999761581421,0
2013-09-25,0.6499999761581421,0.6499999761581421,0.6499999761581421,0.6499999761581421,0.6499999761581421,0
2013-09-26,0.6499999761581421,0.6499999761581421,0.6499999761581421,0.6499999761581421,0.6499999761581421,0
2013-09-27,0.6499999761581421,0.6499999761581421,0.6499999761581421,0.6499999761581421,0.6499999761581421,0
2013-09-30,0.6499999761581421,0.6499999761581421,0.6499999761581421,0.6499999761581421,0.6499999761581421,0
2013-10-02,0.6499999761581421,0.6499999761581421,0.6499999761581421,0.6499999761581421,0.6499999761581421,0
2013-10-03,0.6499999761581421,0.6499999761581421,0.6499999761581421,0.6499999761581421,0.6499999761581421,0
2013-10-04,0.6499999761581421,0.6499999761581421,0.6499999761581421,0.6499999761581421,0.6499999761581421,0
2013-10-07,0.6499999761581421,0.6499999761581421,0.6499999761581421,0.6499999761581421,0.6499999761581421,0
2013-10-08,0.6499999761581421,0.6499999761581421,0.6499999761581421,0.6499999761581421,0.6499999761581421,0
2013-10-09,0.6499999761581421,0.6499999761581421,0.6499999761581421,0.6499999761581421,0.6499999761581421,0
2013-10-10,0.6499999761581421,0.6499999761581421,0.6499999761581421,0.6499999761581421,0.6499999761581421,0
2013-10-11,0.6499999761581421,0.6499999761581421,0.6499999761581421,0.6499999761581421,0.6499999761581421,0
2013-10-15,0.6499999761581421,0.6499999761581421,0.6499999761581421,0.6499999761581421,0.6499999761581421,0
2013-10-16,0.5299999713897705,0.5299999713897705,0.6000000238418579,0.5,0.6000000238418579,3760000
2013-10-17,0.5299999713897705,0.5299999713897705,0.5299999713897705,0.5199999809265137,0.5299999713897705,270000
2013-10-18,0.5099999904632568,0.5099999904632568,0.5299999713897705,0.5099999904632568,0.5299999713897705,231250
2013-10-21,0.5400000214576721,0.5400000214576721,0.5400000214576721,0.5199999809265137,0.5400000214576721,352000
2013-10-22,0.550000011920929,0.550000011920929,0.550000011920929,0.550000011920929,0.550000011920929,400000
2013-10-23,0.550000011920929,0.550000011920929,0.550000011920929,0.5400000214576721,0.5400000214576721,920000
2013-10-24,0.5600000023841858,0.5600000023841858,0.5600000023841858,0.5299999713897705,0.5600000023841858,3180000
2013-10-25,0.5600000023841858,0.5600000023841858,0.5600000023841858,0.5600000023841858,0.5600000023841858,0
2013-10-28,0.550000011920929,0.550000011920929,0.550000011920929,0.5199999809265137,0.5299999713897705,521500
2013-10-29,0.5199999809265137,0.5199999809265137,0.5600000023841858,0.5199999809265137,0.5600000023841858,420000
2013-10-30,0.5600000023841858,0.5600000023841858,0.5600000023841858,0.5400000214576721,0.5400000214576721,220000
2013-10-31,0.550000011920929,0.550000011920929,0.550000011920929,0.550000011920929,0.550000011920929,0
2013-11-01,0.550000011920929,0.550000011920929,0.550000011920929,0.5299999713897705,0.5299999713897705,40000
2013-11-04,0.550000011920929,0.550000011920929,0.550000011920929,0.550000011920929,0.550000011920929,160000
2013-11-05,0.5299999713897705,0.5299999713897705,0.5299999713897705,0.5299999713897705,0.5299999713897705,200000
2013-11-06,0.5299999713897705,0.5299999713897705,0.5299999713897705,0.5299999713897705,0.5299999713897705,80000
2013-11-07,0.5299999713897705,0.5299999713897705,0.5299999713897705,0.5299999713897705,0.5299999713897705,0
2013-11-08,0.5299999713897705,0.5299999713897705,0.5299999713897705,0.5299999713897705,0.5299999713897705,0
2013-11-11,0.5299999713897705,0.5299999713897705,0.5299999713897705,0.5299999713897705,0.5299999713897705,50000
2013-11-12,0.5199999809265137,0.5199999809265137,0.550000011920929,0.5199999809265137,0.550000011920929,220000
2013-11-13,0.5299999713897705,0.5299999713897705,0.5199999809265137,0.5199999809265137,0.5199999809265137,10000
2013-11-14,0.5299999713897705,0.5299999713897705,0.5299999713897705,0.5299999713897705,0.5299999713897705,0
2013-11-15,0.5400000214576721,0.5400000214576721,0.5400000214576721,0.5400000214576721,0.5400000214576721,0
2013-11-18,0.550000011920929,0.550000011920929,0.550000011920929,0.5400000214576721,0.550000011920929,1320000
2013-11-19,0.6000000238418579,0.6000000238418579,0.6499999761581421,0.5899999737739563,0.6499999761581421,270000
2013-11-20,0.6200000047683716,0.6200000047683716,0.800000011920929,0.5899999737739563,0.6499999761581421,4957500
2013-11-21,0.699999988079071,0.699999988079071,0.7200000286102295,0.6299999952316284,0.6499999761581421,3194668
2013-11-22,0.7099999785423279,0.7099999785423279,0.75,0.6499999761581421,0.699999988079071,4661500
2013-11-25,0.699999988079071,0.699999988079071,0.699999988079071,0.6700000166893005,0.6700000166893005,1290000
2013-11-26,0.6899999976158142,0.6899999976158142,0.6899999976158142,0.6800000071525574,0.6800000071525574,620000
2013-11-27,0.6499999761581421,0.6499999761581421,0.6899999976158142,0.6499999761581421,0.6899999976158142,281000
2013-11-28,0.6600000262260437,0.6600000262260437,0.6600000262260437,0.6399999856948853,0.6499999761581421,280000
2013-11-29,0.6399999856948853,0.6399999856948853,0.6499999761581421,0.6200000047683716,0.6499999761581421,390000
2013-12-02,0.6499999761581421,0.6499999761581421,0.6499999761581421,0.6000000238418579,0.6399999856948853,840000
2013-12-03,0.6499999761581421,0.6499999761581421,0.699999988079071,0.6000000238418579,0.6200000047683716,1220000
2013-12-04,0.6499999761581421,0.6499999761581421,0.6499999761581421,0.6499999761581421,0.6499999761581421,0
2013-12-05,0.6499999761581421,0.6499999761581421,0.6499999761581421,0.6499999761581421,0.6499999761581421,0
2013-12-06,0.6299999952316284,0.6299999952316284,0.6299999952316284,0.6000000238418579,0.6200000047683716,990000
2013-12-09,0.6299999952316284,0.6299999952316284,0.6299999952316284,0.6299999952316284,0.6299999952316284,13000
2013-12-10,0.6100000143051147,0.6100000143051147,0.6200000047683716,0.6100000143051147,0.6200000047683716,222000
2013-12-11,0.5899999737739563,0.5899999737739563,0.6100000143051147,0.5899999737739563,0.6100000143051147,2460000
2013-12-12,0.6200000047683716,0.6200000047683716,0.6899999976158142,0.6299999952316284,0.6899999976158142,40000
2013-12-13,0.6299999952316284,0.6299999952316284,0.6299999952316284,0.6000000238418579,0.6100000143051147,670000
2013-12-16,0.6000000238418579,0.6000000238418579,0.6000000238418579,0.6000000238418579,0.6000000238418579,20000
2013-12-17,0.6299999952316284,0.6299999952316284,0.6299999952316284,0.5699999928474426,0.5799999833106995,390000
2013-12-18,0.6100000143051147,0.6100000143051147,0.6100000143051147,0.550000011920929,0.5899999737739563,1870000
2013-12-19,0.6100000143051147,0.6100000143051147,0.6100000143051147,0.6100000143051147,0.6100000143051147,0
2013-12-20,0.550000011920929,0.550000011920929,0.5699999928474426,0.5400000214576721,0.5600000023841858,832500
2013-12-23,0.5600000023841858,0.5600000023841858,0.5600000023841858,0.5099999904632568,0.5099999904632568,60000
2013-12-24,0.5600000023841858,0.5600000023841858,0.5600000023841858,0.5600000023841858,0.5600000023841858,0
2013-12-27,0.5400000214576721,0.5400000214576721,0.5400000214576721,0.5099999904632568,0.5199999809265137,62000
2013-12-30,0.5400000214576721,0.5400000214576721,0.5400000214576721,0.5400000214576721,0.5400000214576721,160000
2013-12-31,0.5799999833106995,0.5799999833106995,0.5799999833106995,0.5799999833106995,0.5799999833106995,20000
2014-01-02,0.5799999833106995,0.5799999833106995,0.5799999833106995,0.5799999833106995,0.5799999833106995,0
2014-01-03,0.6000000238418579,0.6000000238418579,0.6000000238418579,0.5799999833106995,0.5799999833106995,1070000
2014-01-06,0.5899999737739563,0.5899999737739563,0.5899999737739563,0.5899999737739563,0.5899999737739563,0
2014-01-07,0.6000000238418579,0.6000000238418579,0.6200000047683716,0.6000000238418579,0.6200000047683716,160000
2014-01-08,0.5799999833106995,0.5799999833106995,0.6000000238418579,0.5799999833106995,0.6000000238418579,230000
2014-01-09,0.5799999833106995,0.5799999833106995,0.5799999833106995,0.5799999833106995,0.5799999833106995,0
2014-01-10,0.5199999809265137,0.5199999809265137,0.5799999833106995,0.5199999809265137,0.6000000238418579,1280000
2014-01-13,0.5400000214576721,0.5400000214576721,0.5400000214576721,0.5299999713897705,0.5299999713897705,87500
2014-01-14,0.5400000214576721,0.5400000214576721,0.5400000214576721,0.5400000214576721,0.5400000214576721,0
2014-01-15,0.5400000214576721,0.5400000214576721,0.5400000214576721,0.5400000214576721,0.5400000214576721,0
2014-01-16,0.5400000214576721,0.5400000214576721,0.5400000214576721,0.5400000214576721,0.5400000214576721,99500
2014-01-17,0.5400000214576721,0.5400000214576721,0.5400000214576721,0.5400000214576721,0.5400000214576721,0
2014-01-20,0.550000011920929,0.550000011920929,0.550000011920929,0.550000011920929,0.550000011920929,50000
2014-01-21,0.5699999928474426,0.5699999928474426,0.5699999928474426,0.5699999928474426,0.5699999928474426,50000
2014-01-22,0.5699999928474426,0.5699999928474426,0.5699999928474426,0.5699999928474426,0.5699999928474426,0
2014-01-23,0.5699999928474426,0.5699999928474426,0.5699999928474426,0.5699999928474426,0.5699999928474426,10000
2014-01-24,0.5299999713897705,0.5299999713897705,0.5299999713897705,0.5299999713897705,0.550000011920929,60000
2014-01-27,0.5199999809265137,0.5199999809265137,0.5199999809265137,0.5099999904632568,0.5199999809265137,1400000
2014-01-28,0.550000011920929,0.550000011920929,0.550000011920929,0.550000011920929,0.550000011920929,10000
2014-01-29,0.49000000953674316,0.49000000953674316,0.550000011920929,0.4699999988079071,0.550000011920929,1870000
2014-01-30,0.5,0.5,0.5,0.4950000047683716,0.4950000047683716,20000
2014-02-04,0.4749999940395355,0.4749999940395355,0.5,0.4699999988079071,0.5,2240000
2014-02-05,0.4699999988079071,0.4699999988079071,0.4749999940395355,0.46000000834465027,0.4749999940395355,2400000
2014-02-06,0.4699999988079071,0.4699999988079071,0.45500001311302185,0.45500001311302185,0.45500001311302185,20000
2014-02-07,0.49000000953674316,0.49000000953674316,0.49000000953674316,0.4699999988079071,0.4699999988079071,350000
2014-02-10,0.49000000953674316,0.49000000953674316,0.49000000953674316,0.4699999988079071,0.4699999988079071,117500
2014-02-11,0.49000000953674316,0.49000000953674316,0.49000000953674316,0.49000000953674316,0.49000000953674316,70000
2014-02-12,0.4749999940395355,0.4749999940395355,0.4749999940395355,0.4749999940395355,0.4749999940395355,300000
2014-02-13,0.4650000035762787,0.4650000035762787,0.4650000035762787,0.4650000035762787,0.4650000035762787,310000
2014-02-14,0.46000000834465027,0.46000000834465027,0.4699999988079071,0.4099999964237213,0.44999998807907104,2098000
2014-02-17,0.48500001430511475,0.48500001430511475,0.48500001430511475,0.4699999988079071,0.4699999988079071,150000
2014-02-18,0.4699999988079071,0.4699999988079071,0.4699999988079071,0.4699999988079071,0.4699999988079071,10000
2014-02-19,0.49000000953674316,0.49000000953674316,0.49000000953674316,0.49000000953674316,0.49000000953674316,130000
2014-02-20,0.46000000834465027,0.46000000834465027,0.47999998927116394,0.46000000834465027,0.47999998927116394,721000
2014-02-21,0.4699999988079071,0.4699999988079071,0.47999998927116394,0.4699999988079071,0.4699999988079071,70000
2014-02-24,0.4699999988079071,0.4699999988079071,0.4699999988079071,0.4699999988079071,0.4699999988079071,0
2014-02-25,0.5299999713897705,0.5299999713897705,0.550000011920929,0.47999998927116394,0.47999998927116394,1520000
2014-02-26,0.5299999713897705,0.5299999713897705,0.5299999713897705,0.5299999713897705,0.5299999713897705,220000
2014-02-27,0.550000011920929,0.550000011920929,0.5699999928474426,0.48500001430511475,0.48500001430511475,290000
2014-02-28,0.550000011920929,0.550000011920929,0.550000011920929,0.550000011920929,0.550000011920929,0
2014-03-03,0.550000011920929,0.550000011920929,0.550000011920929,0.550000011920929,0.550000011920929,330000
2014-03-04,0.550000011920929,0.550000011920929,0.550000011920929,0.5400000214576721,0.5400000214576721,240000
2014-03-05,0.5600000023841858,0.5600000023841858,0.5600000023841858,0.5299999713897705,0.5400000214576721,1350000
2014-03-06,0.5400000214576721,0.5400000214576721,0.5400000214576721,0.5400000214576721,0.550000011920929,1064600
2014-03-07,0.550000011920929,0.550000011920929,0.550000011920929,0.5099999904632568,0.5099999904632568,1122000
2014-03-10,0.550000011920929,0.550000011920929,0.550000011920929,0.550000011920929,0.550000011920929,0
2014-03-11,0.5899999737739563,0.5899999737739563,0.5899999737739563,0.5799999833106995,0.5799999833106995,514000
2014-03-12,0.5899999737739563,0.5899999737739563,0.5899999737739563,0.5899999737739563,0.5899999737739563,0
2014-03-13,0.5899999737739563,0.5899999737739563,0.5899999737739563,0.5600000023841858,0.5899999737739563,620000
2014-03-14,0.5899999737739563,0.5899999737739563,0.5899999737739563,0.5899999737739563,0.5899999737739563,0
2014-03-17,0.5799999833106995,0.5799999833106995,0.6299999952316284,0.5799999833106995,0.5899999737739563,677623
2014-03-18,0.5699999928474426,0.5699999928474426,0.6200000047683716,0.5699999928474426,0.5699999928474426,750000
2014-03-19,0.5899999737739563,0.5899999737739563,0.6000000238418579,0.5899999737739563,0.5899999737739563,340000
2014-03-20,0.5600000023841858,0.5600000023841858,0.6000000238418579,0.5600000023841858,0.6000000238418579,310000
2014-03-21,0.550000011920929,0.550000011920929,0.550000011920929,0.5199999809265137,0.5400000214576721,170000
2014-03-24,0.5199999809265137,0.5199999809265137,0.5199999809265137,0.5199999809265137,0.5199999809265137,101500
2014-03-25,0.5199999809265137,0.5199999809265137,0.5199999809265137,0.5,0.5,940000
2014-03-26,0.5199999809265137,0.5199999809265137,0.5199999809265137,0.5199999809265137,0.5199999809265137,0
2014-03-27,0.5199999809265137,0.5199999809265137,0.5199999809265137,0.5199999809265137,0.5199999809265137,0
2014-03-28,0.5199999809265137,0.5199999809265137,0.5199999809265137,0.5199999809265137,0.5199999809265137,70000
2014-03-31,0.4950000047683716,0.4950000047683716,0.5,0.5,0.5,560000
2014-04-01,0.4950000047683716,0.4950000047683716,0.4950000047683716,0.4950000047683716,0.4950000047683716,0
2014-04-02,0.4950000047683716,0.4950000047683716,0.5,0.5,0.5,40000
2014-04-03,0.5099999904632568,0.5099999904632568,0.49000000953674316,0.49000000953674316,0.49000000953674316,151500
2014-04-04,0.5099999904632568,0.5099999904632568,0.5099999904632568,0.5099999904632568,0.5099999904632568,0
2014-04-07,0.5099999904632568,0.5099999904632568,0.5099999904632568,0.5099999904632568,0.5099999904632568,0
2014-04-08,0.5099999904632568,0.5099999904632568,0.5099999904632568,0.5099999904632568,0.5099999904632568,0
2014-04-09,0.4699999988079071,0.4699999988079071,0.47999998927116394,0.4699999988079071,0.47999998927116394,530000
2014-04-10,0.4699999988079071,0.4699999988079071,0.4699999988079071,0.4699999988079071,0.4699999988079071,10000
2014-04-11,0.46000000834465027,0.46000000834465027,0.46000000834465027,0.46000000834465027,0.46000000834465027,20000
2014-04-14,0.46000000834465027,0.46000000834465027,0.46000000834465027,0.46000000834465027,0.46000000834465027,0
2014-04-15,0.46000000834465027,0.46000000834465027,0.46000000834465027,0.46000000834465027,0.46000000834465027,0
2014-04-16,0.4399999976158142,0.4399999976158142,0.4399999976158142,0.4399999976158142,0.4399999976158142,50000
2014-04-17,0.4399999976158142,0.4399999976158142,0.4399999976158142,0.4399999976158142,0.4399999976158142,10000
2014-04-22,0.4000000059604645,0.4000000059604645,0.42500001192092896,0.38999998569488525,0.42500001192092896,916000
2014-04-23,0.4000000059604645,0.4000000059604645,0.4050000011920929,0.38999998569488525,0.4000000059604645,1060000
2014-04-24,0.4000000059604645,0.4000000059604645,0.4000000059604645,0.4000000059604645,0.4000000059604645,20000
2014-04-25,0.4000000059604645,0.4000000059604645,0.4000000059604645,0.4000000059604645,0.4000000059604645,10000
2014-04-28,0.35499998927116394,0.35499998927116394,0.38499999046325684,0.3400000035762787,0.38499999046325684,1050000
2014-04-29,0.36000001430511475,0.36000001430511475,0.36000001430511475,0.3400000035762787,0.3499999940395355,610000
2014-04-30,0.36000001430511475,0.36000001430511475,0.36000001430511475,0.33500000834465027,0.3449999988079071,450000
2014-05-02,0.36000001430511475,0.36000001430511475,0.36000001430511475,0.36000001430511475,0.36000001430511475,0
2014-05-05,0.36000001430511475,0.36000001430511475,0.36000001430511475,0.36000001430511475,0.36000001430511475,0
2014-05-07,0.36000001430511475,0.36000001430511475,0.36500000953674316,0.36000001430511475,0.36000001430511475,1030000
2014-05-08,0.3499999940395355,0.3499999940395355,0.3499999940395355,0.3499999940395355,0.3499999940395355,10000
2014-05-09,0.3499999940395355,0.3499999940395355,0.3499999940395355,0.3499999940395355,0.3499999940395355,0
2014-05-12,0.3400000035762787,0.3400000035762787,0.3400000035762787,0.3400000035762787,0.3400000035762787,250000
2014-05-13,0.3400000035762787,0.3400000035762787,0.3400000035762787,0.3199999928474426,0.3199999928474426,180000
2014-05-14,0.33000001311302185,0.33000001311302185,0.32499998807907104,0.3199999928474426,0.32499998807907104,470000
2014-05-15,0.33000001311302185,0.33000001311302185,0.33000001311302185,0.33000001311302185,0.33000001311302185,0
2014-05-16,0.33000001311302185,0.33000001311302185,0.33000001311302185,0.33000001311302185,0.33000001311302185,0
2014-05-19,0.33000001311302185,0.33000001311302185,0.33000001311302185,0.33000001311302185,0.33000001311302185,0
2014-05-20,0.3499999940395355,0.3499999940395355,0.3499999940395355,0.3449999988079071,0.3449999988079071,190000
2014-05-21,0.3499999940395355,0.3499999940395355,0.3499999940395355,0.3499999940395355,0.3499999940395355,0
2014-05-22,0.3499999940395355,0.3499999940395355,0.3499999940395355,0.3499999940395355,0.3499999940395355,20000
2014-05-23,0.3499999940395355,0.3499999940395355,0.3499999940395355,0.3499999940395355,0.3499999940395355,0
2014-05-26,0.3499999940395355,0.3499999940395355,0.3499999940395355,0.3499999940395355,0.3499999940395355,0
2014-05-27,0.3499999940395355,0.3499999940395355,0.3499999940395355,0.3499999940395355,0.3499999940395355,0
2014-05-28,0.3499999940395355,0.3499999940395355,0.36500000953674316,0.3199999928474426,0.3199999928474426,30000
2014-05-29,0.3499999940395355,0.3499999940395355,0.3499999940395355,0.3499999940395355,0.3499999940395355,0
2014-05-30,0.4650000035762787,0.4650000035762787,0.4699999988079071,0.36000001430511475,0.36000001430511475,2230000
2014-06-03,0.41499999165534973,0.41499999165534973,0.4300000071525574,0.4000000059604645,0.4300000071525574,580000
2014-06-04,0.4099999964237213,0.4099999964237213,0.41499999165534973,0.39500001072883606,0.41499999165534973,130000
2014-06-05,0.4099999964237213,0.4099999964237213,0.4099999964237213,0.4099999964237213,0.4099999964237213,0
2014-06-06,0.4099999964237213,0.4099999964237213,0.4000000059604645,0.4000000059604645,0.4000000059604645,60000
2014-06-09,0.4000000059604645,0.4000000059604645,0.4000000059604645,0.4000000059604645,0.4000000059604645,0
2014-06-10,0.4000000059604645,0.4000000059604645,0.4000000059604645,0.3799999952316284,0.3799999952316284,60000
2014-06-11,0.38999998569488525,0.38999998569488525,0.38999998569488525,0.3700000047683716,0.39500001072883606,102000
2014-06-12,0.4000000059604645,0.4000000059604645,0.4000000059604645,0.3799999952316284,0.3799999952316284,90000
2014-06-13,0.4000000059604645,0.4000000059604645,0.4000000059604645,0.4000000059604645,0.4000000059604645,0
2014-06-16,0.4000000059604645,0.4000000059604645,0.4000000059604645,0.4000000059604645,0.4000000059604645,400000
2014-06-17,0.4000000059604645,0.4000000059604645,0.4000000059604645,0.4000000059604645,0.4000000059604645,60000
2014-06-18,0.4000000059604645,0.4000000059604645,0.4000000059604645,0.4000000059604645,0.4000000059604645,85000
2014-06-19,0.4000000059604645,0.4000000059604645,0.4050000011920929,0.4000000059604645,0.4000000059604645,1430500
2014-06-20,0.4099999964237213,0.4099999964237213,0.4000000059604645,0.4000000059604645,0.4000000059604645,250000
2014-06-23,0.4099999964237213,0.4099999964237213,0.4099999964237213,0.4099999964237213,0.4099999964237213,0
2014-06-24,0.4099999964237213,0.4099999964237213,0.4099999964237213,0.4099999964237213,0.4099999964237213,160000
2014-06-25,0.38499999046325684,0.38499999046325684,0.3799999952316284,0.3799999952316284,0.3799999952316284,10000
2014-06-26,0.4300000071525574,0.4300000071525574,0.4300000071525574,0.4050000011920929,0.4050000011920929,588000
2014-06-27,0.42500001192092896,0.42500001192092896,0.42500001192092896,0.42500001192092896,0.42500001192092896,0
2014-06-30,0.42500001192092896,0.42500001192092896,0.42500001192092896,0.42500001192092896,0.42500001192092896,0
2014-07-02,0.41999998688697815,0.41999998688697815,0.41999998688697815,0.3799999952316284,0.4000000059604645,80000
2014-07-03,0.41999998688697815,0.41999998688697815,0.41999998688697815,0.41999998688697815,0.41999998688697815,0
2014-07-04,0.41999998688697815,0.41999998688697815,0.4000000059604645,0.4000000059604645,0.4000000059604645,20000
2014-07-07,0.41999998688697815,0.41999998688697815,0.41999998688697815,0.41999998688697815,0.41999998688697815,0
2014-07-08,0.41999998688697815,0.41999998688697815,0.41999998688697815,0.41999998688697815,0.41999998688697815,0
2014-07-09,0.41499999165534973,0.41499999165534973,0.41499999165534973,0.41499999165534973,0.41499999165534973,0
2014-07-10,0.41499999165534973,0.41499999165534973,0.41499999165534973,0.41499999165534973,0.41499999165534973,0
2014-07-11,0.41499999165534973,0.41499999165534973,0.41499999165534973,0.41499999165534973,0.41499999165534973,0
2014-07-14,0.4099999964237213,0.4099999964237213,0.4099999964237213,0.4099999964237213,0.4099999964237213,0
2014-07-15,0.4099999964237213,0.4099999964237213,0.4099999964237213,0.4099999964237213,0.4099999964237213,0
2014-07-16,0.4300000071525574,0.4300000071525574,0.4399999976158142,0.4399999976158142,0.4399999976158142,80000
2014-07-17,0.4300000071525574,0.4300000071525574,0.4300000071525574,0.4300000071525574,0.4300000071525574,50000
2014-07-18,0.4099999964237213,0.4099999964237213,0.4099999964237213,0.4099999964237213,0.4099999964237213,17500
2014-07-21,0.4099999964237213,0.4099999964237213,0.4099999964237213,0.4099999964237213,0.4099999964237213,0
2014-07-22,0.4099999964237213,0.4099999964237213,0.4099999964237213,0.4099999964237213,0.4099999964237213,0
2014-07-23,0.4099999964237213,0.4099999964237213,0.4099999964237213,0.4099999964237213,0.4099999964237213,0
2014-07-24,0.38999998569488525,0.38999998569488525,0.39500001072883606,0.38999998569488525,0.38999998569488525,390000
2014-07-25,0.38999998569488525,0.38999998569488525,0.38999998569488525,0.38999998569488525,0.38999998569488525,0
2014-07-28,0.3799999952316284,0.3799999952316284,0.3799999952316284,0.3499999940395355,0.36000001430511475,460000
2014-07-29,0.38999998569488525,0.38999998569488525,0.38999998569488525,0.36000001430511475,0.36000001430511475,70000
2014-07-30,0.38999998569488525,0.38999998569488525,0.38999998569488525,0.38999998569488525,0.38999998569488525,0
2014-07-31,0.38999998569488525,0.38999998569488525,0.38999998569488525,0.38999998569488525,0.38999998569488525,0
2014-08-01,0.38999998569488525,0.38999998569488525,0.38999998569488525,0.38999998569488525,0.38999998569488525,0
2014-08-04,0.38999998569488525,0.38999998569488525,0.38999998569488525,0.38999998569488525,0.38999998569488525,0
2014-08-05,0.38999998569488525,0.38999998569488525,0.38999998569488525,0.38999998569488525,0.38999998569488525,0
2014-08-06,0.38999998569488525,0.38999998569488525,0.38999998569488525,0.38999998569488525,0.38999998569488525,0
2014-08-07,0.38999998569488525,0.38999998569488525,0.38999998569488525,0.38999998569488525,0.38999998569488525,0
2014-08-08,0.38999998569488525,0.38999998569488525,0.38999998569488525,0.38999998569488525,0.38999998569488525,0
2014-08-11,0.4000000059604645,0.4000000059604645,0.4000000059604645,0.4000000059604645,0.4000000059604645,200000
2014-08-12,0.4099999964237213,0.4099999964237213,0.4099999964237213,0.4099999964237213,0.4099999964237213,50000
2014-08-13,0.4099999964237213,0.4099999964237213,0.4099999964237213,0.4099999964237213,0.4099999964237213,0
2014-08-14,0.4050000011920929,0.4050000011920929,0.4050000011920929,0.4050000011920929,0.4050000011920929,0
2014-08-15,0.36500000953674316,0.36500000953674316,0.3799999952316284,0.36000001430511475,0.3799999952316284,572000
2014-08-18,0.36500000953674316,0.36500000953674316,0.4000000059604645,0.3449999988079071,0.3449999988079071,410000
2014-08-19,0.4099999964237213,0.4099999964237213,0.4300000071525574,0.3700000047683716,0.39500001072883606,170000
2014-08-20,0.4099999964237213,0.4099999964237213,0.4099999964237213,0.4099999964237213,0.4099999964237213,10000
2014-08-21,0.36000001430511475,0.36000001430511475,0.38499999046325684,0.3499999940395355,0.3700000047683716,1922500
2014-08-22,0.36000001430511475,0.36000001430511475,0.36000001430511475,0.35499998927116394,0.36000001430511475,110000
2014-08-25,0.3499999940395355,0.3499999940395355,0.3499999940395355,0.3499999940395355,0.3499999940395355,320000
2014-08-26,0.3499999940395355,0.3499999940395355,0.36000001430511475,0.3499999940395355,0.3499999940395355,160000
2014-08-27,0.3449999988079071,0.3449999988079071,0.3449999988079071,0.3449999988079071,0.3449999988079071,15000
2014-08-28,0.3449999988079071,0.3449999988079071,0.3449999988079071,0.3449999988079071,0.3449999988079071,0
2014-08-29,0.3449999988079071,0.3449999988079071,0.3449999988079071,0.3449999988079071,0.3449999988079071,0
2014-09-01,0.33500000834465027,0.33500000834465027,0.33500000834465027,0.3199999928474426,0.33000001311302185,490000
2014-09-02,0.3400000035762787,0.3400000035762787,0.3400000035762787,0.33000001311302185,0.33500000834465027,530000
2014-09-03,0.3400000035762787,0.3400000035762787,0.3400000035762787,0.3400000035762787,0.3400000035762787,0
2014-09-04,0.3499999940395355,0.3499999940395355,0.36000001430511475,0.3499999940395355,0.3499999940395355,620000
2014-09-05,0.3799999952316284,0.3799999952316284,0.38999998569488525,0.3499999940395355,0.3499999940395355,960000
2014-09-08,0.3700000047683716,0.3700000047683716,0.3799999952316284,0.3700000047683716,0.3799999952316284,150000
2014-09-10,0.3700000047683716,0.3700000047683716,0.3700000047683716,0.3700000047683716,0.3700000047683716,140000
2014-09-11,0.3700000047683716,0.3700000047683716,0.3799999952316284,0.3700000047683716,0.3799999952316284,782000
2014-09-12,0.38499999046325684,0.38499999046325684,0.4000000059604645,0.38999998569488525,0.4000000059604645,460000
2014-09-15,0.3700000047683716,0.3700000047683716,0.3700000047683716,0.36000001430511475,0.3700000047683716,210000
2014-09-16,0.3700000047683716,0.3700000047683716,0.3700000047683716,0.3700000047683716,0.3700000047683716,0
2014-09-17,0.3700000047683716,0.3700000047683716,0.3700000047683716,0.3700000047683716,0.3700000047683716,0
2014-09-18,0.38499999046325684,0.38499999046325684,0.38999998569488525,0.38499999046325684,0.38499999046325684,30000
2014-09-19,0.3700000047683716,0.3700000047683716,0.3700000047683716,0.3700000047683716,0.3700000047683716,50000
2014-09-22,0.36000001430511475,0.36000001430511475,0.3700000047683716,0.36000001430511475,0.3700000047683716,3006250
2014-09-23,0.3499999940395355,0.3499999940395355,0.3700000047683716,0.3499999940395355,0.3499999940395355,390000
2014-09-24,0.36000001430511475,0.36000001430511475,0.36000001430511475,0.3499999940395355,0.3499999940395355,70000
2014-09-25,0.36000001430511475,0.36000001430511475,0.3700000047683716,0.36000001430511475,0.3700000047683716,100000
2014-09-26,0.38999998569488525,0.38999998569488525,0.41999998688697815,0.3799999952316284,0.3799999952316284,1820000
2014-09-29,0.38999998569488525,0.38999998569488525,0.4050000011920929,0.36000001430511475,0.36000001430511475,590000
2014-09-30,0.3700000047683716,0.3700000047683716,0.3799999952316284,0.36000001430511475,0.3799999952316284,118000
2014-10-03,0.36500000953674316,0.36500000953674316,0.38999998569488525,0.36500000953674316,0.3799999952316284,400000
2014-10-06,0.39500001072883606,0.39500001072883606,0.39500001072883606,0.36500000953674316,0.36500000953674316,220000
2014-10-07,0.3799999952316284,0.3799999952316284,0.41499999165534973,0.3799999952316284,0.41499999165534973,380000
2014-10-08,0.39500001072883606,0.39500001072883606,0.4000000059604645,0.3700000047683716,0.3700000047683716,250000
2014-10-09,0.38999998569488525,0.38999998569488525,0.4000000059604645,0.36000001430511475,0.3700000047683716,810000
2014-10-10,0.38499999046325684,0.38499999046325684,0.38499999046325684,0.38499999046325684,0.38499999046325684,50000
2014-10-13,0.38999998569488525,0.38999998569488525,0.38999998569488525,0.38999998569488525,0.38999998569488525,30000
2014-10-14,0.38499999046325684,0.38499999046325684,0.38499999046325684,0.38499999046325684,0.38499999046325684,15000
2014-10-15,0.38499999046325684,0.38499999046325684,0.38499999046325684,0.38499999046325684,0.38499999046325684,0
2014-10-16,0.38499999046325684,0.38499999046325684,0.38499999046325684,0.38499999046325684,0.38499999046325684,0
2014-10-17,0.38499999046325684,0.38499999046325684,0.38499999046325684,0.38499999046325684,0.38499999046325684,0
2014-10-20,0.4000000059604645,0.4000000059604645,0.4000000059604645,0.3700000047683716,0.3700000047683716,340000
2014-10-21,0.3700000047683716,0.3700000047683716,0.38999998569488525,0.3700000047683716,0.38999998569488525,510000
2014-10-22,0.36500000953674316,0.36500000953674316,0.36500000953674316,0.3499999940395355,0.36500000953674316,1970000
2014-10-23,0.35499998927116394,0.35499998927116394,0.36000001430511475,0.3499999940395355,0.36000001430511475,672000
2014-10-24,0.35499998927116394,0.35499998927116394,0.35499998927116394,0.35499998927116394,0.35499998927116394,60000
2014-10-27,0.35499998927116394,0.35499998927116394,0.35499998927116394,0.3400000035762787,0.3400000035762787,22000
2014-10-28,0.3499999940395355,0.3499999940395355,0.3499999940395355,0.3499999940395355,0.3499999940395355,110000
2014-10-29,0.3499999940395355,0.3499999940395355,0.3499999940395355,0.3499999940395355,0.3499999940395355,10000
2014-10-30,0.36000001430511475,0.36000001430511475,0.36000001430511475,0.3499999940395355,0.3499999940395355,130000
2014-10-31,0.36000001430511475,0.36000001430511475,0.36000001430511475,0.36000001430511475,0.36000001430511475,210000
2014-11-03,0.36000001430511475,0.36000001430511475,0.36000001430511475,0.36000001430511475,0.36000001430511475,0
2014-11-04,0.38999998569488525,0.38999998569488525,0.41999998688697815,0.36500000953674316,0.36500000953674316,2360000
2014-11-05,0.3799999952316284,0.3799999952316284,0.3799999952316284,0.375,0.38499999046325684,124000
2014-11-06,0.4000000059604645,0.4000000059604645,0.4000000059604645,0.4000000059604645,0.4000000059604645,10000
2014-11-07,0.4099999964237213,0.4099999964237213,0.41999998688697815,0.39500001072883606,0.39500001072883606,420000
2014-11-10,0.4099999964237213,0.4099999964237213,0.4099999964237213,0.4099999964237213,0.4099999964237213,0
2014-11-11,0.4099999964237213,0.4099999964237213,0.4099999964237213,0.4099999964237213,0.4099999964237213,0
2014-11-12,0.4099999964237213,0.4099999964237213,0.4099999964237213,0.4099999964237213,0.4099999964237213,0
2014-11-13,0.38999998569488525,0.38999998569488525,0.4000000059604645,0.38999998569488525,0.4000000059604645,60000
2014-11-14,0.4000000059604645,0.4000000059604645,0.4000000059604645,0.3700000047683716,0.3799999952316284,2651000
2014-11-17,0.3700000047683716,0.3700000047683716,0.38999998569488525,0.3499999940395355,0.375,3145000
2014-11-18,0.3700000047683716,0.3700000047683716,0.3700000047683716,0.3700000047683716,0.3700000047683716,0
2014-11-19,0.38999998569488525,0.38999998569488525,0.38999998569488525,0.375,0.375,780000
2014-11-20,0.38999998569488525,0.38999998569488525,0.38999998569488525,0.38999998569488525,0.38999998569488525,0
2014-11-21,0.39500001072883606,0.39500001072883606,0.39500001072883606,0.375,0.375,50000
2014-11-24,0.4000000059604645,0.4000000059604645,0.4000000059604645,0.3700000047683716,0.375,290000
2014-11-25,0.4000000059604645,0.4000000059604645,0.4000000059604645,0.36500000953674316,0.375,260000
2014-11-26,0.39500001072883606,0.39500001072883606,0.4000000059604645,0.36500000953674316,0.3799999952316284,200000
2014-11-27,0.4050000011920929,0.4050000011920929,0.4099999964237213,0.38499999046325684,0.38499999046325684,410000
2014-11-28,0.4000000059604645,0.4000000059604645,0.4099999964237213,0.4050000011920929,0.4099999964237213,310000
2014-12-01,0.38999998569488525,0.38999998569488525,0.39500001072883606,0.36500000953674316,0.375,2230000
2014-12-02,0.4399999976158142,0.4399999976158142,0.47999998927116394,0.4000000059604645,0.4000000059604645,4960000
2014-12-03,0.5899999737739563,0.5899999737739563,0.6499999761581421,0.44999998807907104,0.44999998807907104,21879000
2014-12-04,0.5600000023841858,0.5600000023841858,0.6299999952316284,0.5,0.5799999833106995,8590000
2014-12-05,0.6000000238418579,0.6000000238418579,0.6499999761581421,0.5600000023841858,0.5899999737739563,6803500
2014-12-08,0.5899999737739563,0.5899999737739563,0.6200000047683716,0.4749999940395355,0.6000000238418579,7615000
2014-12-09,0.5799999833106995,0.5799999833106995,0.6000000238418579,0.5799999833106995,0.6000000238418579,2310000
2014-12-10,0.5699999928474426,0.5699999928474426,0.5699999928474426,0.550000011920929,0.550000011920929,280000
2014-12-11,0.6000000238418579,0.6000000238418579,0.6000000238418579,0.550000011920929,0.5699999928474426,1170000
2014-12-12,0.6000000238418579,0.6000000238418579,0.6399999856948853,0.5899999737739563,0.6000000238418579,1150000
2014-12-15,0.6000000238418579,0.6000000238418579,0.6000000238418579,0.5699999928474426,0.6000000238418579,170000
2014-12-16,0.5799999833106995,0.5799999833106995,0.5799999833106995,0.5600000023841858,0.5699999928474426,350000
2014-12-17,0.5899999737739563,0.5899999737739563,0.6000000238418579,0.5600000023841858,0.5799999833106995,710000
2014-12-18,0.5899999737739563,0.5899999737739563,0.5899999737739563,0.5899999737739563,0.5899999737739563,0
2014-12-19,0.5699999928474426,0.5699999928474426,0.5799999833106995,0.5299999713897705,0.5600000023841858,420000
2014-12-22,0.5699999928474426,0.5699999928474426,0.5699999928474426,0.5699999928474426,0.5699999928474426,0
2014-12-23,0.550000011920929,0.550000011920929,0.5699999928474426,0.550000011920929,0.5600000023841858,650000
2014-12-24,0.550000011920929,0.550000011920929,0.5699999928474426,0.550000011920929,0.550000011920929,200000
2014-12-29,0.5400000214576721,0.5400000214576721,0.5799999833106995,0.5299999713897705,0.5400000214576721,652500
2014-12-30,0.5799999833106995,0.5799999833106995,0.5799999833106995,0.5199999809265137,0.550000011920929,100000
2014-12-31,0.5600000023841858,0.5600000023841858,0.5600000023841858,0.5600000023841858,0.5600000023841858,20000
2015-01-02,0.5600000023841858,0.5600000023841858,0.5600000023841858,0.5600000023841858,0.5600000023841858,0
2015-01-05,0.5699999928474426,0.5699999928474426,0.5799999833106995,0.5400000214576721,0.5799999833106995,334000
2015-01-06,0.5,0.5,0.5699999928474426,0.5,0.5699999928474426,1573700
2015-01-07,0.5400000214576721,0.5400000214576721,0.550000011920929,0.5099999904632568,0.5099999904632568,830250
2015-01-08,0.5400000214576721,0.5400000214576721,0.5400000214576721,0.5400000214576721,0.5400000214576721,440000
2015-01-09,0.550000011920929,0.550000011920929,0.550000011920929,0.49000000953674316,0.5,480000
2015-01-12,0.550000011920929,0.550000011920929,0.550000011920929,0.5199999809265137,0.5199999809265137,300000
2015-01-13,0.5699999928474426,0.5699999928474426,0.5799999833106995,0.550000011920929,0.5799999833106995,1300000
2015-01-14,0.6000000238418579,0.6000000238418579,0.6000000238418579,0.5699999928474426,0.6000000238418579,765000
2015-01-15,0.5899999737739563,0.5899999737739563,0.6000000238418579,0.550000011920929,0.6000000238418579,860000
2015-01-16,0.5699999928474426,0.5699999928474426,0.6200000047683716,0.5699999928474426,0.6000000238418579,670000
2015-01-19,0.5400000214576721,0.5400000214576721,0.5400000214576721,0.5400000214576721,0.5400000214576721,109500
2015-01-20,0.5400000214576721,0.5400000214576721,0.5400000214576721,0.5400000214576721,0.5400000214576721,0
2015-01-21,0.5899999737739563,0.5899999737739563,0.5899999737739563,0.5400000214576721,0.5400000214576721,120000
2015-01-22,0.5899999737739563,0.5899999737739563,0.5899999737739563,0.5400000214576721,0.5699999928474426,290000
2015-01-23,0.5899999737739563,0.5899999737739563,0.5899999737739563,0.550000011920929,0.5799999833106995,215000
2015-01-26,0.5899999737739563,0.5899999737739563,0.5899999737739563,0.5699999928474426,0.5699999928474426,40000
2015-01-27,0.5799999833106995,0.5799999833106995,0.6000000238418579,0.5600000023841858,0.5600000023841858,220000
2015-01-28,0.5799999833106995,0.5799999833106995,0.5799999833106995,0.5799999833106995,0.5799999833106995,30000
2015-01-29,0.5799999833106995,0.5799999833106995,0.5799999833106995,0.5799999833106995,0.5799999833106995,0
2015-01-30,0.5699999928474426,0.5699999928474426,0.5799999833106995,0.5699999928474426,0.5799999833106995,330000
2015-02-02,0.5600000023841858,0.5600000023841858,0.5699999928474426,0.550000011920929,0.5699999928474426,340000
2015-02-03,0.6000000238418579,0.6000000238418579,0.6000000238418579,0.550000011920929,0.5899999737739563,184500
2015-02-04,0.6000000238418579,0.6000000238418579,0.6000000238418579,0.5899999737739563,0.5899999737739563,250000
2015-02-05,0.6000000238418579,0.6000000238418579,0.6000000238418579,0.6000000238418579,0.6000000238418579,0
2015-02-06,0.6000000238418579,0.6000000238418579,0.6000000238418579,0.6000000238418579,0.6000000238418579,0
2015-02-09,0.6000000238418579,0.6000000238418579,0.6000000238418579,0.6000000238418579,0.6000000238418579,780000
2015-02-10,0.6000000238418579,0.6000000238418579,0.6000000238418579,0.6000000238418579,0.6000000238418579,370000
2015-02-11,0.5799999833106995,0.5799999833106995,0.6000000238418579,0.5799999833106995,0.6000000238418579,1580000
2015-02-12,0.5799999833106995,0.5799999833106995,0.5799999833106995,0.5799999833106995,0.5799999833106995,0
2015-02-13,0.5799999833106995,0.5799999833106995,0.5799999833106995,0.5799999833106995,0.5799999833106995,0
2015-02-16,0.5799999833106995,0.5799999833106995,0.5799999833106995,0.5799999833106995,0.5799999833106995,0
2015-02-17,0.5600000023841858,0.5600000023841858,0.5600000023841858,0.5400000214576721,0.5400000214576721,200000
2015-02-18,0.5600000023841858,0.5600000023841858,0.5600000023841858,0.5600000023841858,0.5600000023841858,0
2015-02-23,0.6000000238418579,0.6000000238418579,0.6000000238418579,0.5299999713897705,0.5400000214576721,142475
2015-02-24,0.5699999928474426,0.5699999928474426,0.5699999928474426,0.5299999713897705,0.550000011920929,460000
2015-02-25,0.5699999928474426,0.5699999928474426,0.5600000023841858,0.5600000023841858,0.5600000023841858,90000
2015-02-26,0.5699999928474426,0.5699999928474426,0.5699999928474426,0.5699999928474426,0.5699999928474426,0
2015-02-27,0.5699999928474426,0.5699999928474426,0.5699999928474426,0.5699999928474426,0.5699999928474426,0
2015-03-02,0.550000011920929,0.550000011920929,0.5699999928474426,0.5099999904632568,0.5699999928474426,1480000
2015-03-03,0.550000011920929,0.550000011920929,0.550000011920929,0.550000011920929,0.550000011920929,200000
2015-03-04,0.550000011920929,0.550000011920929,0.550000011920929,0.550000011920929,0.550000011920929,0
2015-03-05,0.5600000023841858,0.5600000023841858,0.5600000023841858,0.5600000023841858,0.5600000023841858,0
2015-03-06,0.6000000238418579,0.6000000238418579,0.6000000238418579,0.5899999737739563,0.5899999737739563,2160000
2015-03-09,0.6000000238418579,0.6000000238418579,0.6000000238418579,0.6000000238418579,0.6000000238418579,0
2015-03-10,0.6000000238418579,0.6000000238418579,0.6000000238418579,0.6000000238418579,0.6000000238418579,70000
2015-03-11,0.6000000238418579,0.6000000238418579,0.6000000238418579,0.6000000238418579,0.6000000238418579,120000
2015-03-12,0.6000000238418579,0.6000000238418579,0.6000000238418579,0.5899999737739563,0.5899999737739563,330000
2015-03-13,0.5899999737739563,0.5899999737739563,0.6000000238418579,0.5600000023841858,0.6000000238418579,1585000
2015-03-16,0.5699999928474426,0.5699999928474426,0.5699999928474426,0.550000011920929,0.5699999928474426,610000
2015-03-17,0.6000000238418579,0.6000000238418579,0.6000000238418579,0.5799999833106995,0.5799999833106995,1100000
2015-03-18,0.5899999737739563,0.5899999737739563,0.6499999761581421,0.5899999737739563,0.6000000238418579,1506500
2015-03-19,0.6000000238418579,0.6000000238418579,0.6000000238418579,0.6000000238418579,0.6000000238418579,220000
2015-03-20,0.6000000238418579,0.6000000238418579,0.6000000238418579,0.6000000238418579,0.6000000238418579,0
2015-03-23,0.6299999952316284,0.6299999952316284,0.6499999761581421,0.6000000238418579,0.6000000238418579,1050000
2015-03-24,0.6600000262260437,0.6600000262260437,0.699999988079071,0.6200000047683716,0.6200000047683716,1155000
2015-03-25,0.6200000047683716,0.6200000047683716,0.6600000262260437,0.6000000238418579,0.6299999952316284,460000
2015-03-26,0.699999988079071,0.699999988079071,0.699999988079071,0.6399999856948853,0.6499999761581421,2810000
2015-03-27,0.6700000166893005,0.6700000166893005,0.7099999785423279,0.6700000166893005,0.699999988079071,1676000
2015-03-30,0.7400000095367432,0.7400000095367432,0.7599999904632568,0.6700000166893005,0.6700000166893005,3110000
2015-03-31,0.7300000190734863,0.7300000190734863,0.7300000190734863,0.6899999976158142,0.6899999976158142,1340000
2015-04-01,0.800000011920929,0.800000011920929,0.800000011920929,0.7099999785423279,0.7300000190734863,4510000
2015-04-02,0.800000011920929,0.800000011920929,0.800000011920929,0.800000011920929,0.800000011920929,0
2015-04-08,0.800000011920929,0.800000011920929,0.800000011920929,0.800000011920929,0.800000011920929,0
2015-04-09,0.800000011920929,0.800000011920929,0.800000011920929,0.800000011920929,0.800000011920929,0
2015-04-10,0.800000011920929,0.800000011920929,0.800000011920929,0.800000011920929,0.800000011920929,0
2015-04-13,0.800000011920929,0.800000011920929,0.800000011920929,0.800000011920929,0.800000011920929,0
2015-04-14,0.800000011920929,0.800000011920929,0.800000011920929,0.800000011920929,0.800000011920929,0
2015-04-15,0.800000011920929,0.800000011920929,0.800000011920929,0.800000011920929,0.800000011920929,0
2015-04-16,0.800000011920929,0.800000011920929,0.800000011920929,0.800000011920929,0.800000011920929,0
2015-04-17,0.800000011920929,0.800000011920929,0.800000011920929,0.800000011920929,0.800000011920929,0
2015-04-20,0.800000011920929,0.800000011920929,0.800000011920929,0.800000011920929,0.800000011920929,0
2015-04-21,0.800000011920929,0.800000011920929,0.800000011920929,0.800000011920929,0.800000011920929,0
2015-04-22,0.800000011920929,0.800000011920929,0.800000011920929,0.800000011920929,0.800000011920929,0
2015-04-23,0.800000011920929,0.800000011920929,0.800000011920929,0.800000011920929,0.800000011920929,0
2015-04-24,0.800000011920929,0.800000011920929,0.800000011920929,0.800000011920929,0.800000011920929,0
2015-04-27,0.800000011920929,0.800000011920929,0.800000011920929,0.800000011920929,0.800000011920929,0
2015-04-28,0.800000011920929,0.800000011920929,0.800000011920929,0.800000011920929,0.800000011920929,0
2015-04-29,0.800000011920929,0.800000011920929,0.800000011920929,0.800000011920929,0.800000011920929,0
2015-04-30,0.800000011920929,0.800000011920929,0.800000011920929,0.800000011920929,0.800000011920929,0
2015-05-04,0.800000011920929,0.800000011920929,0.800000011920929,0.800000011920929,0.800000011920929,0
2015-05-05,1.4500000476837158,1.4500000476837158,1.6399999856948853,1.1299999952316284,1.159999966621399,83429948
2015-05-06,1.340000033378601,1.340000033378601,1.5,1.2300000190734863,1.4800000190734863,19276250
2015-05-07,1.3200000524520874,1.3200000524520874,1.3200000524520874,1.190000057220459,1.2300000190734863,8725150
2015-05-08,1.2699999809265137,1.2699999809265137,1.3600000143051147,1.2400000095367432,1.350000023841858,18982850
2015-05-11,1.2999999523162842,1.2999999523162842,1.399999976158142,1.25,1.3200000524520874,9350000
2015-05-12,1.3200000524520874,1.3200000524520874,1.3700000047683716,1.2799999713897705,1.2999999523162842,5652750
2015-05-13,1.3300000429153442,1.3300000429153442,1.340000033378601,1.309999942779541,1.3200000524520874,5050000
2015-05-14,1.2999999523162842,1.2999999523162842,1.3300000429153442,1.2300000190734863,1.3300000429153442,11060000
2015-05-15,1.2999999523162842,1.2999999523162842,1.2999999523162842,1.190000057220459,1.2999999523162842,17722500
2015-05-18,1.2899999618530273,1.2899999618530273,1.2999999523162842,1.2300000190734863,1.2999999523162842,6990000
2015-05-19,1.2599999904632568,1.2599999904632568,1.2999999523162842,1.2300000190734863,1.25,4250000
2015-05-20,1.2799999713897705,1.2799999713897705,1.2799999713897705,1.1200000047683716,1.25,5300000
2015-05-21,1.25,1.25,1.340000033378601,1.190000057220459,1.2899999618530273,5263544
2015-05-22,1.3700000047683716,1.3700000047683716,1.3799999952316284,1.2000000476837158,1.2100000381469727,23247301
2015-05-26,1.6299999952316284,1.6299999952316284,1.6799999475479126,1.3200000524520874,1.3799999952316284,25214116
2015-05-27,2.0899999141693115,2.0899999141693115,2.1600000858306885,1.6299999952316284,1.6299999952316284,44381075
2015-05-28,2.180000066757202,2.180000066757202,2.380000114440918,1.909999966621399,2.0999999046325684,28267006
2015-05-29,2.259999990463257,2.259999990463257,2.390000104904175,2.200000047683716,2.200000047683716,13839750
2015-06-01,2.140000104904175,2.140000104904175,2.299999952316284,2.009999990463257,2.299999952316284,13140000
2015-06-02,1.940000057220459,1.940000057220459,2.109999895095825,1.7999999523162842,2.109999895095825,19012000
2015-06-03,1.9800000190734863,1.9800000190734863,2.109999895095825,1.909999966621399,2.0,8165000
2015-06-04,2.0,2.0,2.299999952316284,1.909999966621399,2.0,20120000
2015-06-05,1.9800000190734863,1.9800000190734863,2.059999942779541,1.940000057220459,2.0299999713897705,5515500
2015-06-08,2.0,2.0,2.0799999237060547,1.9800000190734863,1.9800000190734863,4970000
2015-06-09,2.0199999809265137,2.0199999809265137,2.0999999046325684,1.8600000143051147,2.0,12683000
2015-06-10,1.9800000190734863,1.9800000190734863,2.049999952316284,1.899999976158142,2.0299999713897705,6040000
2015-06-11,2.0,2.0,2.009999990463257,1.9299999475479126,1.9600000381469727,4083150
2015-06-12,2.2100000381469727,2.2100000381469727,2.2300000190734863,1.9600000381469727,1.9700000286102295,9359000
2015-06-15,2.2799999713897705,2.2799999713897705,2.309999942779541,2.130000114440918,2.1700000762939453,9712200
2015-06-16,2.1500000953674316,2.1500000953674316,2.2799999713897705,2.0999999046325684,2.2799999713897705,4651750
2015-06-17,2.180000066757202,2.180000066757202,2.200000047683716,2.0799999237060547,2.1500000953674316,3430250
2015-06-18,2.1700000762939453,2.1700000762939453,2.200000047683716,2.109999895095825,2.180000066757202,3604750
2015-06-19,2.0399999618530273,2.0399999618530273,2.2300000190734863,1.9500000476837158,2.180000066757202,7642000
2015-06-22,2.059999942779541,2.059999942779541,2.130000114440918,2.0,2.049999952316284,1926670
2015-06-23,2.0899999141693115,2.0899999141693115,2.130000114440918,2.0,2.0,4552125
2015-06-24,2.140000104904175,2.140000104904175,2.200000047683716,2.0399999618530273,2.059999942779541,4423000
2015-06-25,2.319999933242798,2.319999933242798,2.450000047683716,2.0999999046325684,2.140000104904175,18743800
2015-06-26,2.1700000762939453,2.1700000762939453,2.4200000762939453,2.059999942779541,2.319999933242798,10294000
2015-06-29,2.2300000190734863,2.2300000190734863,2.359999895095825,2.0799999237060547,2.2100000381469727,9330000
2015-06-30,2.309999942779541,2.309999942779541,2.319999933242798,2.069999933242798,2.240000009536743,10620000
2015-07-02,2.190000057220459,2.190000057220459,2.359999895095825,2.140000104904175,2.299999952316284,11220000
2015-07-03,1.8200000524520874,1.8200000524520874,2.2799999713897705,1.649999976158142,2.2799999713897705,19105000
2015-07-06,1.5,1.5,2.049999952316284,1.4800000190734863,1.940000057220459,16279000
2015-07-07,1.059999942779541,1.059999942779541,1.6799999475479126,1.059999942779541,1.5199999809265137,19954000
2015-07-08,0.949999988079071,0.949999988079071,1.059999942779541,0.699999988079071,1.059999942779541,19930000
2015-07-09,1.75,1.75,1.7899999618530273,0.9599999785423279,0.9599999785423279,16045000
2015-07-10,1.809999942779541,1.809999942779541,2.009999990463257,1.7000000476837158,1.7999999523162842,11912500
2015-07-13,1.7799999713897705,1.7799999713897705,1.8200000524520874,1.659999966621399,1.8200000524520874,8720000
2015-07-14,1.8200000524520874,1.8200000524520874,2.0,1.7799999713897705,1.7999999523162842,8484000
2015-07-15,1.7100000381469727,1.7100000381469727,1.8200000524520874,1.690000057220459,1.8200000524520874,2540000
2015-07-16,1.7599999904632568,1.7599999904632568,1.7999999523162842,1.6200000047683716,1.7400000095367432,2090000
2015-07-17,1.7799999713897705,1.7799999713897705,1.850000023841858,1.7599999904632568,1.7599999904632568,2530000
2015-07-20,1.7300000190734863,1.7300000190734863,1.7999999523162842,1.7300000190734863,1.7799999713897705,1221225
2015-07-21,1.7999999523162842,1.7999999523162842,1.8799999952316284,1.7799999713897705,1.7899999618530273,6953000
2015-07-22,1.850000023841858,1.850000023841858,1.8700000047683716,1.7999999523162842,1.7999999523162842,5000000
2015-07-23,1.9500000476837158,1.9500000476837158,1.9500000476837158,1.850000023841858,1.8700000047683716,3680000
2015-07-24,1.899999976158142,1.899999976158142,1.9500000476837158,1.8799999952316284,1.9500000476837158,1140000
2015-07-27,1.75,1.75,1.940000057220459,1.659999966621399,1.899999976158142,1896000
2015-07-28,1.7100000381469727,1.7100000381469727,1.840000033378601,1.6699999570846558,1.690000057220459,1790000
2015-07-29,1.7599999904632568,1.7599999904632568,1.7799999713897705,1.7300000190734863,1.75,1580000
2015-07-30,1.7599999904632568,1.7599999904632568,1.7599999904632568,1.7599999904632568,1.7599999904632568,0
2015-07-31,1.7599999904632568,1.7599999904632568,1.7599999904632568,1.7599999904632568,1.7599999904632568,0
2015-08-03,1.7599999904632568,1.7599999904632568,1.7599999904632568,1.7599999904632568,1.7599999904632568,0
2015-08-04,1.7599999904632568,1.7599999904632568,1.7599999904632568,1.7599999904632568,1.7599999904632568,0
2015-08-05,1.7599999904632568,1.7599999904632568,1.7599999904632568,1.7599999904632568,1.7599999904632568,0
2015-08-06,1.7599999904632568,1.7599999904632568,1.7599999904632568,1.7599999904632568,1.7599999904632568,0
2015-08-07,1.7599999904632568,1.7599999904632568,1.7599999904632568,1.7599999904632568,1.7599999904632568,0
2015-08-10,1.7599999904632568,1.7599999904632568,1.7599999904632568,1.7599999904632568,1.7599999904632568,0
2015-08-11,1.7599999904632568,1.7599999904632568,1.7599999904632568,1.7599999904632568,1.7599999904632568,0
2015-08-12,1.7599999904632568,1.7599999904632568,1.7599999904632568,1.7599999904632568,1.7599999904632568,0
2015-08-13,1.7599999904632568,1.7599999904632568,1.7599999904632568,1.7599999904632568,1.7599999904632568,0
2015-08-14,2.3399999141693115,2.3399999141693115,2.5,1.9500000476837158,2.25,63768650
2015-08-17,2.299999952316284,2.299999952316284,2.4700000286102295,2.240000009536743,2.3399999141693115,22282600
2015-08-18,2.140000104904175,2.140000104904175,2.380000114440918,1.9199999570846558,2.380000114440918,15354000
2015-08-19,2.0299999713897705,2.0299999713897705,2.0799999237060547,1.9700000286102295,2.0399999618530273,1100000
2015-08-20,1.9199999570846558,1.9199999570846558,2.0899999141693115,1.899999976158142,2.009999990463257,3870000
2015-08-21,1.8700000047683716,1.8700000047683716,1.9299999475479126,1.7999999523162842,1.8200000524520874,4850000
2015-08-24,1.4800000190734863,1.4800000190734863,1.7000000476837158,1.3200000524520874,1.7000000476837158,5670000
2015-08-25,1.440000057220459,1.440000057220459,1.7000000476837158,1.399999976158142,1.399999976158142,1940000
2015-08-26,1.4500000476837158,1.4500000476837158,1.6100000143051147,1.4500000476837158,1.5299999713897705,1830000
2015-08-27,1.6100000143051147,1.6100000143051147,1.6100000143051147,1.5099999904632568,1.5499999523162842,982500
2015-08-28,1.649999976158142,1.649999976158142,1.690000057220459,1.6100000143051147,1.649999976158142,1340000
2015-08-31,1.6200000047683716,1.6200000047683716,1.6200000047683716,1.5199999809265137,1.5700000524520874,150000
2015-09-01,1.600000023841858,1.600000023841858,1.600000023841858,1.5199999809265137,1.5199999809265137,640000
2015-09-02,1.5399999618530273,1.5399999618530273,1.600000023841858,1.4199999570846558,1.4199999570846558,2300000
2015-09-04,1.4600000381469727,1.4600000381469727,1.5499999523162842,1.4600000381469727,1.4800000190734863,490000
2015-09-07,1.4700000286102295,1.4700000286102295,1.5499999523162842,1.4600000381469727,1.4600000381469727,330000
2015-09-08,1.5099999904632568,1.5099999904632568,1.5199999809265137,1.4600000381469727,1.4700000286102295,360000
2015-09-09,1.559999942779541,1.559999942779541,1.559999942779541,1.5099999904632568,1.5099999904632568,740000
2015-09-10,1.5199999809265137,1.5199999809265137,1.559999942779541,1.5199999809265137,1.559999942779541,220000
2015-09-11,1.5199999809265137,1.5199999809265137,1.5399999618530273,1.5099999904632568,1.5199999809265137,262500
2015-09-14,1.4900000095367432,1.4900000095367432,1.5499999523162842,1.4900000095367432,1.5,640000
2015-09-15,1.5099999904632568,1.5099999904632568,1.5700000524520874,1.4900000095367432,1.4900000095367432,440962
2015-09-16,1.5299999713897705,1.5299999713897705,1.5499999523162842,1.5099999904632568,1.5499999523162842,150000
2015-09-17,1.5099999904632568,1.5099999904632568,1.5499999523162842,1.5,1.5,490000
2015-09-18,1.4500000476837158,1.4500000476837158,1.559999942779541,1.440000057220459,1.5299999713897705,1851500
2015-09-21,1.5,1.5,1.5399999618530273,1.4500000476837158,1.4600000381469727,920000
2015-09-22,1.5800000429153442,1.5800000429153442,1.600000023841858,1.5299999713897705,1.5299999713897705,1090000
2015-09-23,1.5499999523162842,1.5499999523162842,1.600000023841858,1.5499999523162842,1.600000023841858,1260000
2015-09-24,1.5700000524520874,1.5700000524520874,1.5700000524520874,1.559999942779541,1.559999942779541,310000
2015-09-25,1.5399999618530273,1.5399999618530273,1.5800000429153442,1.5199999809265137,1.5800000429153442,133200
2015-09-29,1.5099999904632568,1.5099999904632568,1.5399999618530273,1.5,1.5,800000
2015-09-30,1.5199999809265137,1.5199999809265137,1.5199999809265137,1.4700000286102295,1.5099999904632568,690000
2015-10-02,1.5499999523162842,1.5499999523162842,1.5499999523162842,1.4800000190734863,1.4800000190734863,110000
2015-10-05,1.4800000190734863,1.4800000190734863,1.5499999523162842,1.4500000476837158,1.5499999523162842,356000
2015-10-06,1.5499999523162842,1.5499999523162842,1.5499999523162842,1.4600000381469727,1.4800000190734863,747000
2015-10-07,1.559999942779541,1.559999942779541,1.559999942779541,1.5499999523162842,1.5499999523162842,190000
2015-10-08,1.5700000524520874,1.5700000524520874,1.5800000429153442,1.4800000190734863,1.5299999713897705,1210000
2015-10-09,1.5700000524520874,1.5700000524520874,1.5800000429153442,1.559999942779541,1.5700000524520874,360000
2015-10-12,1.5,1.5,1.5700000524520874,1.5,1.5700000524520874,1820000
2015-10-13,1.5,1.5,1.5,1.4900000095367432,1.5,200000
2015-10-14,1.4800000190734863,1.4800000190734863,1.4900000095367432,1.4500000476837158,1.4500000476837158,390000
2015-10-15,1.5499999523162842,1.5499999523162842,1.5499999523162842,1.4500000476837158,1.4800000190734863,2890000
2015-10-16,1.5199999809265137,1.5199999809265137,1.5399999618530273,1.4800000190734863,1.5399999618530273,1180000
2015-10-19,1.7200000286102295,1.7200000286102295,1.7400000095367432,1.5099999904632568,1.5099999904632568,2782500
2015-10-20,1.690000057220459,1.690000057220459,1.7999999523162842,1.690000057220459,1.7100000381469727,1533750
2015-10-22,1.690000057220459,1.690000057220459,1.690000057220459,1.649999976158142,1.6799999475479126,760000
2015-10-23,1.7999999523162842,1.7999999523162842,1.8200000524520874,1.7400000095367432,1.75,3100000
2015-10-26,1.7699999809265137,1.7699999809265137,1.809999942779541,1.7699999809265137,1.7999999523162842,100000
2015-10-27,1.7300000190734863,1.7300000190734863,1.7300000190734863,1.6299999952316284,1.7300000190734863,270000
2015-10-28,1.7200000286102295,1.7200000286102295,1.7300000190734863,1.7000000476837158,1.7300000190734863,77000
2015-10-29,1.7100000381469727,1.7100000381469727,1.7200000286102295,1.7000000476837158,1.7200000286102295,70000
2015-10-30,1.7300000190734863,1.7300000190734863,1.7400000095367432,1.7200000286102295,1.7300000190734863,1250000
2015-11-02,1.7200000286102295,1.7200000286102295,1.7400000095367432,1.6699999570846558,1.7400000095367432,130000
2015-11-03,1.7300000190734863,1.7300000190734863,1.7400000095367432,1.7300000190734863,1.7400000095367432,30000
2015-11-04,1.649999976158142,1.649999976158142,1.7300000190734863,1.6399999856948853,1.7300000190734863,850000
2015-11-05,1.5700000524520874,1.5700000524520874,1.649999976158142,1.5700000524520874,1.649999976158142,652500
2015-11-06,1.5,1.5,1.5700000524520874,1.4500000476837158,1.5700000524520874,3880000
2015-11-09,1.5,1.5,1.5099999904632568,1.4500000476837158,1.4500000476837158,1910000
2015-11-10,1.4199999570846558,1.4199999570846558,1.4900000095367432,1.399999976158142,1.4500000476837158,810000
2015-11-11,1.440000057220459,1.440000057220459,1.4500000476837158,1.399999976158142,1.399999976158142,80000
2015-11-12,1.409999966621399,1.409999966621399,1.4900000095367432,1.3700000047683716,1.3700000047683716,711200
2015-11-13,1.440000057220459,1.440000057220459,1.5,1.4199999570846558,1.4500000476837158,2480000
2015-11-16,1.5399999618530273,1.5399999618530273,1.6100000143051147,1.4500000476837158,1.4500000476837158,770000
2015-11-17,1.600000023841858,1.600000023841858,1.600000023841858,1.5499999523162842,1.559999942779541,3290000
2015-11-18,1.559999942779541,1.559999942779541,1.5800000429153442,1.5499999523162842,1.5800000429153442,340000
2015-11-19,1.5299999713897705,1.5299999713897705,1.559999942779541,1.5299999713897705,1.559999942779541,255000
2015-11-20,1.600000023841858,1.600000023841858,1.6100000143051147,1.559999942779541,1.590000033378601,1294000
2015-11-23,1.5499999523162842,1.5499999523162842,1.600000023841858,1.5499999523162842,1.600000023841858,570000
2015-11-24,1.5099999904632568,1.5099999904632568,1.5800000429153442,1.4900000095367432,1.5499999523162842,1310000
2015-11-25,1.5,1.5,1.5099999904632568,1.4500000476837158,1.5099999904632568,763000
2015-11-26,1.5,1.5,1.5299999713897705,1.5,1.5299999713897705,82500
2015-11-27,1.5,1.5,1.5499999523162842,1.5,1.5099999904632568,1202500
2015-11-30,1.5399999618530273,1.5399999618530273,1.5800000429153442,1.4800000190734863,1.5099999904632568,3360000
2015-12-01,1.559999942779541,1.559999942779541,1.559999942779541,1.5499999523162842,1.5499999523162842,240000
2015-12-02,1.5499999523162842,1.5499999523162842,1.590000033378601,1.5499999523162842,1.590000033378601,440000
2015-12-03,1.559999942779541,1.559999942779541,1.559999942779541,1.5099999904632568,1.5499999523162842,520000
2015-12-04,1.559999942779541,1.559999942779541,1.559999942779541,1.5499999523162842,1.5499999523162842,240000
2015-12-07,1.559999942779541,1.559999942779541,1.590000033378601,1.5499999523162842,1.5499999523162842,610000
2015-12-08,1.5499999523162842,1.5499999523162842,1.5700000524520874,1.5499999523162842,1.559999942779541,870000
2015-12-09,1.559999942779541,1.559999942779541,1.559999942779541,1.5,1.5499999523162842,2329000
2015-12-10,1.5499999523162842,1.5499999523162842,1.600000023841858,1.5499999523162842,1.559999942779541,2312500
2015-12-11,1.5499999523162842,1.5499999523162842,1.600000023841858,1.5499999523162842,1.600000023841858,1130000
2015-12-14,1.5700000524520874,1.5700000524520874,1.600000023841858,1.5499999523162842,1.5499999523162842,1180000
2015-12-15,1.6200000047683716,1.6200000047683716,1.6299999952316284,1.5800000429153442,1.5800000429153442,1130000
2015-12-16,1.6200000047683716,1.6200000047683716,1.6299999952316284,1.600000023841858,1.6299999952316284,1610000
2015-12-17,1.6100000143051147,1.6100000143051147,1.6100000143051147,1.600000023841858,1.6100000143051147,4211006
2015-12-18,1.7000000476837158,1.7000000476837158,1.7000000476837158,1.600000023841858,1.600000023841858,2780000
2015-12-21,1.7699999809265137,1.7699999809265137,1.8700000047683716,1.7100000381469727,1.7200000286102295,3510000
2015-12-22,1.6100000143051147,1.6100000143051147,1.7799999713897705,1.6100000143051147,1.7799999713897705,1400000
2015-12-23,1.7000000476837158,1.7000000476837158,1.7200000286102295,1.6200000047683716,1.6399999856948853,734000
2015-12-24,1.7300000190734863,1.7300000190734863,1.75,1.7000000476837158,1.75,80700
2015-12-28,1.690000057220459,1.690000057220459,1.7200000286102295,1.6399999856948853,1.7200000286102295,480000
2015-12-29,1.690000057220459,1.690000057220459,1.75,1.690000057220459,1.7400000095367432,3155000
2015-12-30,1.7200000286102295,1.7200000286102295,1.7300000190734863,1.690000057220459,1.7300000190734863,1280000
2015-12-31,1.7200000286102295,1.7200000286102295,1.7300000190734863,1.7000000476837158,1.7200000286102295,390000
2016-01-04,1.7400000095367432,1.7400000095367432,1.75,1.7200000286102295,1.75,3074500
2016-01-05,1.75,1.75,1.75,1.7000000476837158,1.7200000286102295,1360000
2016-01-06,1.7599999904632568,1.7599999904632568,1.840000033378601,1.7400000095367432,1.7799999713897705,1610000
2016-01-07,1.7599999904632568,1.7599999904632568,1.7599999904632568,1.7599999904632568,1.7599999904632568,0
2016-01-08,1.840000033378601,1.840000033378601,1.8799999952316284,1.600000023841858,1.7000000476837158,9454000
2016-01-11,1.7999999523162842,1.7999999523162842,1.809999942779541,1.7699999809265137,1.7999999523162842,2790000
2016-01-12,1.7999999523162842,1.7999999523162842,1.7999999523162842,1.7599999904632568,1.7899999618530273,2980000
2016-01-13,1.7799999713897705,1.7799999713897705,1.850000023841858,1.7799999713897705,1.8200000524520874,1580000
2016-01-14,1.850000023841858,1.850000023841858,1.850000023841858,1.7599999904632568,1.7699999809265137,4321500
2016-01-15,1.899999976158142,1.899999976158142,1.9299999475479126,1.8300000429153442,1.8700000047683716,79258000
2016-01-18,1.8700000047683716,1.8700000047683716,1.8899999856948853,1.840000033378601,1.840000033378601,980000
2016-01-19,1.8899999856948853,1.8899999856948853,1.8899999856948853,1.8700000047683716,1.8899999856948853,400000
2016-01-20,1.8799999952316284,1.8799999952316284,1.9299999475479126,1.8600000143051147,1.8799999952316284,1790000
2016-01-21,1.7200000286102295,1.7200000286102295,1.8799999952316284,1.7100000381469727,1.8799999952316284,1842250
2016-01-22,1.7899999618530273,1.7899999618530273,1.809999942779541,1.7300000190734863,1.75,1060000
2016-01-25,1.7899999618530273,1.7899999618530273,1.8200000524520874,1.7899999618530273,1.7899999618530273,250000
2016-01-26,1.7000000476837158,1.7000000476837158,1.7799999713897705,1.659999966621399,1.7799999713897705,390000
2016-01-27,1.7200000286102295,1.7200000286102295,1.7200000286102295,1.6799999475479126,1.7200000286102295,990000
2016-01-28,1.7200000286102295,1.7200000286102295,1.7400000095367432,1.7000000476837158,1.7300000190734863,1000700
2016-01-29,1.7200000286102295,1.7200000286102295,1.7599999904632568,1.7100000381469727,1.7100000381469727,1030000
2016-02-01,1.7200000286102295,1.7200000286102295,1.7300000190734863,1.7200000286102295,1.7200000286102295,126275
2016-02-02,1.7300000190734863,1.7300000190734863,1.7300000190734863,1.6799999475479126,1.7200000286102295,530000
2016-02-03,1.7300000190734863,1.7300000190734863,1.7300000190734863,1.659999966621399,1.7000000476837158,310000
2016-02-04,1.7400000095367432,1.7400000095367432,1.75,1.7200000286102295,1.7200000286102295,90000
2016-02-05,1.75,1.75,1.75,1.7400000095367432,1.7400000095367432,60000
2016-02-11,1.690000057220459,1.690000057220459,1.7000000476837158,1.6799999475479126,1.6799999475479126,180000
2016-02-12,1.649999976158142,1.649999976158142,1.7000000476837158,1.6399999856948853,1.6799999475479126,270000
2016-02-15,1.6200000047683716,1.6200000047683716,1.659999966621399,1.6200000047683716,1.659999966621399,200000
2016-02-16,1.6799999475479126,1.6799999475479126,1.7000000476837158,1.649999976158142,1.649999976158142,120000
2016-02-17,1.75,1.75,1.75,1.6799999475479126,1.7100000381469727,810000
2016-02-18,1.7699999809265137,1.7699999809265137,1.7799999713897705,1.7699999809265137,1.7799999713897705,60000
2016-02-19,1.75,1.75,1.7699999809265137,1.75,1.7699999809265137,110000
2016-02-22,1.7300000190734863,1.7300000190734863,1.75,1.7300000190734863,1.75,80000
2016-02-23,1.7000000476837158,1.7000000476837158,1.7000000476837158,1.659999966621399,1.6799999475479126,620000
2016-02-24,1.690000057220459,1.690000057220459,1.690000057220459,1.6799999475479126,1.6799999475479126,30000
2016-02-25,1.6799999475479126,1.6799999475479126,1.6799999475479126,1.659999966621399,1.659999966621399,280000
2016-02-26,1.7000000476837158,1.7000000476837158,1.7899999618530273,1.7000000476837158,1.7400000095367432,1360000
2016-02-29,1.7000000476837158,1.7000000476837158,1.7200000286102295,1.6799999475479126,1.690000057220459,490000
2016-03-01,1.690000057220459,1.690000057220459,1.7300000190734863,1.6799999475479126,1.7100000381469727,1460000
2016-03-02,1.7100000381469727,1.7100000381469727,1.75,1.7100000381469727,1.7400000095367432,2730000
2016-03-03,1.7200000286102295,1.7200000286102295,1.7300000190734863,1.7100000381469727,1.7200000286102295,1230000
2016-03-04,1.75,1.75,1.75,1.7200000286102295,1.7200000286102295,610000
2016-03-07,1.7200000286102295,1.7200000286102295,1.75,1.7200000286102295,1.75,210000
2016-03-08,1.7300000190734863,1.7300000190734863,1.7300000190734863,1.7000000476837158,1.7300000190734863,1200000
2016-03-09,1.7400000095367432,1.7400000095367432,1.7400000095367432,1.7200000286102295,1.7400000095367432,1180000
2016-03-10,1.7400000095367432,1.7400000095367432,1.7899999618530273,1.7300000190734863,1.75,1370000
2016-03-11,1.75,1.75,1.75,1.7400000095367432,1.7400000095367432,330000
2016-03-14,1.7200000286102295,1.7200000286102295,1.8600000143051147,1.7000000476837158,1.75,3830000
2016-03-15,1.7400000095367432,1.7400000095367432,1.75,1.7300000190734863,1.7300000190734863,270000
2016-03-16,1.7400000095367432,1.7400000095367432,1.75,1.7300000190734863,1.75,630000
2016-03-17,1.7400000095367432,1.7400000095367432,1.7599999904632568,1.7400000095367432,1.7599999904632568,1450000
2016-03-18,1.7400000095367432,1.7400000095367432,1.75,1.7200000286102295,1.75,730000
2016-03-21,1.7400000095367432,1.7400000095367432,1.7599999904632568,1.7400000095367432,1.75,220000
2016-03-22,1.75,1.75,1.75,1.7400000095367432,1.7599999904632568,270000
2016-03-23,1.7699999809265137,1.7699999809265137,1.7699999809265137,1.75,1.75,660000
2016-03-24,1.7400000095367432,1.7400000095367432,1.7599999904632568,1.7400000095367432,1.7599999904632568,120000
2016-03-29,1.75,1.75,1.75,1.7100000381469727,1.7300000190734863,290000
2016-03-30,1.7300000190734863,1.7300000190734863,1.75,1.7100000381469727,1.75,1338000
2016-03-31,1.7799999713897705,1.7799999713897705,1.7999999523162842,1.659999966621399,1.7300000190734863,960000
2016-04-01,1.7000000476837158,1.7000000476837158,1.7699999809265137,1.6799999475479126,1.7699999809265137,240000
2016-04-05,1.6799999475479126,1.6799999475479126,1.690000057220459,1.6699999570846558,1.6799999475479126,130000
2016-04-06,1.659999966621399,1.659999966621399,1.6799999475479126,1.649999976158142,1.6799999475479126,100000
2016-04-07,1.690000057220459,1.690000057220459,1.7000000476837158,1.659999966621399,1.659999966621399,310000
2016-04-08,1.6799999475479126,1.6799999475479126,1.7100000381469727,1.659999966621399,1.659999966621399,200000
2016-04-11,1.659999966621399,1.659999966621399,1.6799999475479126,1.649999976158142,1.659999966621399,150000
2016-04-12,1.7000000476837158,1.7000000476837158,1.7300000190734863,1.649999976158142,1.6699999570846558,70000
2016-04-13,1.6699999570846558,1.6699999570846558,1.7100000381469727,1.6200000047683716,1.7100000381469727,180000
2016-04-14,1.649999976158142,1.649999976158142,1.6799999475479126,1.6200000047683716,1.6799999475479126,320000
2016-04-15,1.7000000476837158,1.7000000476837158,1.7000000476837158,1.6699999570846558,1.6699999570846558,140000
2016-04-18,1.7100000381469727,1.7100000381469727,1.7100000381469727,1.6799999475479126,1.6799999475479126,70000
2016-04-19,1.7000000476837158,1.7000000476837158,1.7000000476837158,1.659999966621399,1.7000000476837158,100000
2016-04-20,1.7000000476837158,1.7000000476837158,1.7000000476837158,1.7000000476837158,1.649999976158142,100000
2016-04-21,1.6799999475479126,1.6799999475479126,1.7000000476837158,1.690000057220459,1.7000000476837158,60000
2016-04-22,1.7000000476837158,1.7000000476837158,1.7000000476837158,1.690000057220459,1.7000000476837158,260000
2016-04-25,1.6200000047683716,1.6200000047683716,1.649999976158142,1.5800000429153442,1.6299999952316284,1010000
2016-04-26,1.6399999856948853,1.6399999856948853,1.6799999475479126,1.6399999856948853,1.6799999475479126,160000
2016-04-27,1.659999966621399,1.659999966621399,1.6799999475479126,1.6699999570846558,1.6699999570846558,100000
2016-04-28,1.6699999570846558,1.6699999570846558,1.690000057220459,1.659999966621399,1.690000057220459,110000
2016-04-29,1.6699999570846558,1.6699999570846558,1.7000000476837158,1.6299999952316284,1.7000000476837158,70000
2016-05-03,1.6699999570846558,1.6699999570846558,1.75,1.659999966621399,1.75,280000
2016-05-04,1.690000057220459,1.690000057220459,1.7000000476837158,1.6699999570846558,1.6699999570846558,300000
2016-05-05,1.7100000381469727,1.7100000381469727,1.7400000095367432,1.690000057220459,1.690000057220459,1012500
2016-05-06,1.7300000190734863,1.7300000190734863,1.7300000190734863,1.690000057220459,1.690000057220459,570000
2016-05-09,1.7300000190734863,1.7300000190734863,1.7400000095367432,1.6699999570846558,1.7300000190734863,1530000
2016-05-10,1.7400000095367432,1.7400000095367432,1.7400000095367432,1.7100000381469727,1.7300000190734863,1630000
2016-05-11,1.7999999523162842,1.7999999523162842,1.899999976158142,1.7400000095367432,1.75,7879000
2016-05-12,1.75,1.75,1.7999999523162842,1.6799999475479126,1.7999999523162842,1120000
2016-05-13,1.7699999809265137,1.7699999809265137,1.7999999523162842,1.7100000381469727,1.7300000190734863,3630000
2016-05-16,1.7899999618530273,1.7899999618530273,1.7899999618530273,1.75,1.7699999809265137,2150000
2016-05-17,1.7699999809265137,1.7699999809265137,1.7899999618530273,1.75,1.7899999618530273,370000
2016-05-18,1.7100000381469727,1.7100000381469727,1.7899999618530273,1.659999966621399,1.7699999809265137,1056275
2016-05-19,1.7100000381469727,1.7100000381469727,1.7400000095367432,1.6299999952316284,1.7200000286102295,760000
2016-05-20,1.7200000286102295,1.7200000286102295,1.7300000190734863,1.690000057220459,1.7100000381469727,440000
2016-05-23,1.7200000286102295,1.7200000286102295,1.7300000190734863,1.7100000381469727,1.7300000190734863,250000
2016-05-24,1.7100000381469727,1.7100000381469727,1.7300000190734863,1.6799999475479126,1.7300000190734863,250000
2016-05-25,1.7300000190734863,1.7300000190734863,1.7300000190734863,1.7100000381469727,1.7300000190734863,440000
2016-05-26,1.7200000286102295,1.7200000286102295,1.7300000190734863,1.690000057220459,1.7300000190734863,440000
2016-05-27,1.7300000190734863,1.7300000190734863,1.7300000190734863,1.7000000476837158,1.7300000190734863,1280000
2016-05-30,1.7300000190734863,1.7300000190734863,1.7400000095367432,1.6299999952316284,1.7400000095367432,660000
2016-05-31,1.75,1.75,1.7799999713897705,1.659999966621399,1.7400000095367432,8790000
2016-06-01,1.75,1.75,1.75,1.7400000095367432,1.75,490000
2016-06-02,1.75,1.75,1.7599999904632568,1.75,1.75,193000
2016-06-03,1.7200000286102295,1.7200000286102295,1.75,1.6799999475479126,1.75,430000
2016-06-06,1.7100000381469727,1.7100000381469727,1.7200000286102295,1.6699999570846558,1.7200000286102295,733500
2016-06-07,1.6799999475479126,1.6799999475479126,1.7200000286102295,1.6799999475479126,1.7200000286102295,160000
2016-06-08,1.6799999475479126,1.6799999475479126,1.6799999475479126,1.6399999856948853,1.6799999475479126,188000
2016-06-10,1.7000000476837158,1.7000000476837158,1.7000000476837158,1.649999976158142,1.6699999570846558,260000
2016-06-13,1.6799999475479126,1.6799999475479126,1.7000000476837158,1.659999966621399,1.6699999570846558,150000
2016-06-14,1.7000000476837158,1.7000000476837158,1.7300000190734863,1.7100000381469727,1.7200000286102295,200000
2016-06-15,1.7100000381469727,1.7100000381469727,1.7200000286102295,1.690000057220459,1.7200000286102295,360000
2016-06-16,1.7000000476837158,1.7000000476837158,1.7200000286102295,1.649999976158142,1.7100000381469727,390000
2016-06-17,1.7000000476837158,1.7000000476837158,1.7100000381469727,1.7000000476837158,1.7100000381469727,130000
2016-06-20,1.6799999475479126,1.6799999475479126,1.7000000476837158,1.649999976158142,1.7000000476837158,90000
2016-06-21,1.7300000190734863,1.7300000190734863,1.7300000190734863,1.649999976158142,1.6799999475479126,330000
2016-06-22,1.6799999475479126,1.6799999475479126,1.7200000286102295,1.659999966621399,1.7200000286102295,130000
2016-06-23,1.7400000095367432,1.7400000095367432,1.75,1.659999966621399,1.6799999475479126,1160000
2016-06-24,1.7000000476837158,1.7000000476837158,1.7200000286102295,1.659999966621399,1.7200000286102295,110000
2016-06-27,1.690000057220459,1.690000057220459,1.7000000476837158,1.659999966621399,1.6799999475479126,60000
2016-06-28,1.690000057220459,1.690000057220459,1.690000057220459,1.649999976158142,1.690000057220459,322500
2016-06-29,1.649999976158142,1.649999976158142,1.690000057220459,1.649999976158142,1.690000057220459,120000
2016-06-30,1.649999976158142,1.649999976158142,1.690000057220459,1.649999976158142,1.6699999570846558,280000
2016-07-04,1.6299999952316284,1.6299999952316284,1.659999966621399,1.6100000143051147,1.6399999856948853,330500
2016-07-05,1.6200000047683716,1.6200000047683716,1.690000057220459,1.6100000143051147,1.6399999856948853,240000
2016-07-06,1.5700000524520874,1.5700000524520874,1.600000023841858,1.5399999618530273,1.600000023841858,560000
2016-07-07,1.649999976158142,1.649999976158142,1.6699999570846558,1.5399999618530273,1.5700000524520874,470000
2016-07-08,1.659999966621399,1.659999966621399,1.690000057220459,1.600000023841858,1.690000057220459,120000
2016-07-11,1.659999966621399,1.659999966621399,1.6799999475479126,1.6399999856948853,1.6799999475479126,70300
2016-07-12,1.649999976158142,1.649999976158142,1.659999966621399,1.600000023841858,1.659999966621399,80000
2016-07-13,1.649999976158142,1.649999976158142,1.649999976158142,1.600000023841858,1.649999976158142,320000
2016-07-14,1.6399999856948853,1.6399999856948853,1.6399999856948853,1.6399999856948853,1.6399999856948853,60000
2016-07-15,1.649999976158142,1.649999976158142,1.659999966621399,1.6100000143051147,1.649999976158142,100000
2016-07-18,1.659999966621399,1.659999966621399,1.6799999475479126,1.649999976158142,1.6799999475479126,80000
2016-07-19,1.649999976158142,1.649999976158142,1.659999966621399,1.649999976158142,1.659999966621399,50000
2016-07-20,1.6399999856948853,1.6399999856948853,1.659999966621399,1.649999976158142,1.659999966621399,60000
2016-07-21,1.6399999856948853,1.6399999856948853,1.6399999856948853,1.6100000143051147,1.6100000143051147,275000
2016-07-22,1.6299999952316284,1.6299999952316284,1.6399999856948853,1.6299999952316284,1.6299999952316284,50000
2016-07-25,1.6200000047683716,1.6200000047683716,1.6399999856948853,1.5499999523162842,1.6399999856948853,150000
2016-07-26,1.590000033378601,1.590000033378601,1.600000023841858,1.590000033378601,1.600000023841858,390000
2016-07-27,1.6100000143051147,1.6100000143051147,1.6100000143051147,1.5499999523162842,1.5499999523162842,310000
2016-07-28,1.590000033378601,1.590000033378601,1.590000033378601,1.5499999523162842,1.559999942779541,310000
2016-07-29,1.5700000524520874,1.5700000524520874,1.590000033378601,1.5399999618530273,1.590000033378601,370000
2016-08-01,1.4900000095367432,1.4900000095367432,1.5499999523162842,1.4500000476837158,1.4800000190734863,2270000
2016-08-02,1.4900000095367432,1.4900000095367432,1.4900000095367432,1.4900000095367432,1.4900000095367432,0
2016-08-03,1.4900000095367432,1.4900000095367432,1.5199999809265137,1.4700000286102295,1.4900000095367432,340000
2016-08-04,1.4800000190734863,1.4800000190734863,1.4900000095367432,1.4600000381469727,1.4900000095367432,210000
2016-08-05,1.4900000095367432,1.4900000095367432,1.5,1.4800000190734863,1.4800000190734863,220000
2016-08-08,1.4900000095367432,1.4900000095367432,1.5099999904632568,1.4900000095367432,1.5099999904632568,130000
2016-08-09,1.4900000095367432,1.4900000095367432,1.5399999618530273,1.4800000190734863,1.5,200000
2016-08-10,1.5399999618530273,1.5399999618530273,1.5499999523162842,1.4900000095367432,1.5,200000
2016-08-11,1.4900000095367432,1.4900000095367432,1.590000033378601,1.4600000381469727,1.590000033378601,360600
2016-08-12,1.4600000381469727,1.4600000381469727,1.5800000429153442,1.4500000476837158,1.4900000095367432,370000
2016-08-15,1.4900000095367432,1.4900000095367432,1.5800000429153442,1.4900000095367432,1.5800000429153442,280000
2016-08-16,1.4900000095367432,1.4900000095367432,1.5299999713897705,1.4600000381469727,1.4900000095367432,350000
2016-08-17,1.4900000095367432,1.4900000095367432,1.4900000095367432,1.4600000381469727,1.4900000095367432,130000
2016-08-18,1.5299999713897705,1.5299999713897705,1.5499999523162842,1.440000057220459,1.4900000095367432,900000
2016-08-19,1.5700000524520874,1.5700000524520874,1.5800000429153442,1.4500000476837158,1.4700000286102295,395000
2016-08-22,1.590000033378601,1.590000033378601,1.600000023841858,1.5199999809265137,1.5700000524520874,320000
2016-08-23,1.590000033378601,1.590000033378601,1.6200000047683716,1.5499999523162842,1.5800000429153442,340000
2016-08-24,1.590000033378601,1.590000033378601,1.6100000143051147,1.5199999809265137,1.5800000429153442,790000
2016-08-25,1.5700000524520874,1.5700000524520874,1.5800000429153442,1.5199999809265137,1.5800000429153442,438750
2016-08-26,1.7000000476837158,1.7000000476837158,1.7000000476837158,1.5099999904632568,1.559999942779541,1500000
2016-08-29,1.6399999856948853,1.6399999856948853,1.7200000286102295,1.590000033378601,1.7200000286102295,260000
2016-08-30,1.6399999856948853,1.6399999856948853,1.6399999856948853,1.6399999856948853,1.6399999856948853,10000
2016-08-31,1.5199999809265137,1.5199999809265137,1.6200000047683716,1.5199999809265137,1.6200000047683716,500000
2016-09-01,1.5199999809265137,1.5199999809265137,1.5399999618530273,1.5199999809265137,1.5399999618530273,82000
2016-09-02,1.5,1.5,1.5499999523162842,1.5,1.5499999523162842,190000
2016-09-05,1.4900000095367432,1.4900000095367432,1.5499999523162842,1.4500000476837158,1.5299999713897705,240000
2016-09-06,1.440000057220459,1.440000057220459,1.5399999618530273,1.399999976158142,1.5399999618530273,850000
2016-09-07,1.399999976158142,1.399999976158142,1.440000057220459,1.3899999856948853,1.2799999713897705,930000
2016-09-08,1.440000057220459,1.440000057220459,1.4600000381469727,1.399999976158142,1.399999976158142,570000
2016-09-09,1.4299999475479126,1.4299999475479126,1.4299999475479126,1.4199999570846558,1.4299999475479126,220000
2016-09-12,1.4700000286102295,1.4700000286102295,1.4700000286102295,1.4199999570846558,1.4299999475479126,40000
2016-09-13,1.4199999570846558,1.4199999570846558,1.4700000286102295,1.399999976158142,1.4700000286102295,110000
2016-09-14,1.4199999570846558,1.4199999570846558,1.4299999475479126,1.399999976158142,1.4299999475479126,280000
2016-09-15,1.4199999570846558,1.4199999570846558,1.4199999570846558,1.4199999570846558,1.4199999570846558,0
2016-09-19,1.4700000286102295,1.4700000286102295,1.4800000190734863,1.409999966621399,1.4800000190734863,354000
2016-09-20,1.4299999475479126,1.4299999475479126,1.440000057220459,1.409999966621399,1.4199999570846558,185250
2016-09-21,1.4199999570846558,1.4199999570846558,1.440000057220459,1.399999976158142,1.399999976158142,680000
2016-09-22,1.409999966621399,1.409999966621399,1.4199999570846558,1.3899999856948853,1.4199999570846558,1420000
2016-09-23,1.3799999952316284,1.3799999952316284,1.409999966621399,1.3799999952316284,1.409999966621399,280000
2016-09-26,1.440000057220459,1.440000057220459,1.4500000476837158,1.350000023841858,1.4500000476837158,272000
2016-09-27,1.3799999952316284,1.3799999952316284,1.4500000476837158,1.3600000143051147,1.4500000476837158,230000
2016-09-28,1.4199999570846558,1.4199999570846558,1.4199999570846558,1.4199999570846558,1.4199999570846558,20000
2016-09-29,1.3700000047683716,1.3700000047683716,1.440000057220459,1.3600000143051147,1.440000057220459,140000
2016-09-30,1.4199999570846558,1.4199999570846558,1.4199999570846558,1.350000023841858,1.409999966621399,350000
2016-10-03,1.399999976158142,1.399999976158142,1.399999976158142,1.350000023841858,1.399999976158142,315250
2016-10-04,1.4199999570846558,1.4199999570846558,1.4199999570846558,1.3600000143051147,1.399999976158142,470000
2016-10-05,1.399999976158142,1.399999976158142,1.5,1.3799999952316284,1.4500000476837158,700000
2016-10-06,1.3799999952316284,1.3799999952316284,1.3899999856948853,1.3600000143051147,1.3600000143051147,120000
2016-10-07,1.3700000047683716,1.3700000047683716,1.3799999952316284,1.3600000143051147,1.3600000143051147,120000
2016-10-11,1.399999976158142,1.399999976158142,1.399999976158142,1.3700000047683716,1.399999976158142,330000
2016-10-12,1.4500000476837158,1.4500000476837158,1.5,1.3700000047683716,1.3700000047683716,930000
2016-10-13,1.5199999809265137,1.5199999809265137,1.5299999713897705,1.4199999570846558,1.4500000476837158,1400000
2016-10-14,1.5,1.5,1.5199999809265137,1.4500000476837158,1.5,870000
2016-10-17,1.5199999809265137,1.5199999809265137,1.5199999809265137,1.5,1.5099999904632568,30000
2016-10-18,1.5299999713897705,1.5299999713897705,1.5499999523162842,1.4500000476837158,1.5099999904632568,770000
2016-10-19,1.5199999809265137,1.5199999809265137,1.5800000429153442,1.4700000286102295,1.5499999523162842,3136810
2016-10-20,1.4800000190734863,1.4800000190734863,1.5099999904632568,1.4600000381469727,1.5099999904632568,1050000
2016-10-21,1.4800000190734863,1.4800000190734863,1.4800000190734863,1.4800000190734863,1.4800000190734863,0
2016-10-24,1.4900000095367432,1.4900000095367432,1.5,1.4800000190734863,1.4800000190734863,320000
2016-10-25,1.5099999904632568,1.5099999904632568,1.5199999809265137,1.4800000190734863,1.4800000190734863,820000
2016-10-26,1.5099999904632568,1.5099999904632568,1.5099999904632568,1.4900000095367432,1.4900000095367432,270005
2016-10-27,1.5,1.5,1.5199999809265137,1.4900000095367432,1.4900000095367432,440000
2016-10-28,1.4800000190734863,1.4800000190734863,1.5199999809265137,1.4800000190734863,1.5199999809265137,142700
2016-10-31,1.5,1.5,1.5,1.4800000190734863,1.4800000190734863,100000
2016-11-01,1.5,1.5,1.5,1.5,1.5,0
2016-11-02,1.4700000286102295,1.4700000286102295,1.4900000095367432,1.4700000286102295,1.4900000095367432,390000
2016-11-03,1.4500000476837158,1.4500000476837158,1.4600000381469727,1.440000057220459,1.4600000381469727,390000
2016-11-04,1.4700000286102295,1.4700000286102295,1.4900000095367432,1.4700000286102295,1.4900000095367432,230000
2016-11-07,1.440000057220459,1.440000057220459,1.4700000286102295,1.440000057220459,1.4700000286102295,160000
2016-11-08,1.4500000476837158,1.4500000476837158,1.4500000476837158,1.399999976158142,1.399999976158142,422500
2016-11-09,1.440000057220459,1.440000057220459,1.440000057220459,1.399999976158142,1.4199999570846558,140000
2016-11-10,1.4900000095367432,1.4900000095367432,1.5,1.399999976158142,1.399999976158142,620000
2016-11-11,1.4800000190734863,1.4800000190734863,1.4800000190734863,1.4700000286102295,1.4800000190734863,120000
2016-11-14,1.4800000190734863,1.4800000190734863,1.4800000190734863,1.440000057220459,1.440000057220459,380000
2016-11-15,1.4700000286102295,1.4700000286102295,1.4700000286102295,1.4700000286102295,1.4700000286102295,290000
2016-11-16,1.4800000190734863,1.4800000190734863,1.5,1.4800000190734863,1.4800000190734863,130000
2016-11-17,1.4700000286102295,1.4700000286102295,1.5,1.440000057220459,1.5,150000
2016-11-18,1.4600000381469727,1.4600000381469727,1.4700000286102295,1.440000057220459,1.440000057220459,320000
2016-11-21,1.4600000381469727,1.4600000381469727,1.4600000381469727,1.4299999475479126,1.4299999475479126,160000
2016-11-22,1.4800000190734863,1.4800000190734863,1.4800000190734863,1.4800000190734863,1.4800000190734863,110000
2016-11-23,1.4900000095367432,1.4900000095367432,1.4900000095367432,1.4800000190734863,1.4800000190734863,224000
2016-11-24,1.4800000190734863,1.4800000190734863,1.5,1.4800000190734863,1.5,30000
2016-11-25,1.4700000286102295,1.4700000286102295,1.4700000286102295,1.4700000286102295,1.4700000286102295,120000
2016-11-28,1.4600000381469727,1.4600000381469727,1.5,1.440000057220459,1.440000057220459,610000
2016-11-29,1.4500000476837158,1.4500000476837158,1.4900000095367432,1.4299999475479126,1.4900000095367432,152500
2016-11-30,1.4900000095367432,1.4900000095367432,1.4900000095367432,1.4500000476837158,1.4600000381469727,210000
2016-12-01,1.4500000476837158,1.4500000476837158,1.4900000095367432,1.4500000476837158,1.4900000095367432,250000
2016-12-02,1.4600000381469727,1.4600000381469727,1.4600000381469727,1.4600000381469727,1.4600000381469727,30050
2016-12-05,1.5,1.5,1.5,1.440000057220459,1.4600000381469727,1110010
2016-12-06,1.5,1.5,1.5399999618530273,1.4800000190734863,1.5399999618530273,498510
2016-12-07,1.4600000381469727,1.4600000381469727,1.5099999904632568,1.4600000381469727,1.5099999904632568,210000
2016-12-08,1.440000057220459,1.440000057220459,1.4500000476837158,1.440000057220459,1.4500000476837158,220000
2016-12-09,1.4700000286102295,1.4700000286102295,1.4700000286102295,1.4299999475479126,1.4299999475479126,130000
2016-12-12,1.440000057220459,1.440000057220459,1.4800000190734863,1.440000057220459,1.4800000190734863,110000
2016-12-13,1.4299999475479126,1.4299999475479126,1.4500000476837158,1.399999976158142,1.4500000476837158,180000
2016-12-14,1.4299999475479126,1.4299999475479126,1.440000057220459,1.4199999570846558,1.440000057220459,240000
2016-12-15,1.399999976158142,1.399999976158142,1.4199999570846558,1.399999976158142,1.4199999570846558,427100
2016-12-16,1.440000057220459,1.440000057220459,1.4500000476837158,1.399999976158142,1.4500000476837158,620000
2016-12-19,1.4199999570846558,1.4199999570846558,1.4199999570846558,1.3899999856948853,1.409999966621399,737500
2016-12-20,1.399999976158142,1.399999976158142,1.399999976158142,1.399999976158142,1.399999976158142,290000
2016-12-21,1.399999976158142,1.399999976158142,1.399999976158142,1.3799999952316284,1.399999976158142,357000
2016-12-22,1.409999966621399,1.409999966621399,1.409999966621399,1.399999976158142,1.399999976158142,50000
2016-12-23,1.409999966621399,1.409999966621399,1.409999966621399,1.409999966621399,1.409999966621399,30000
2016-12-28,1.3899999856948853,1.3899999856948853,1.4500000476837158,1.3799999952316284,1.409999966621399,1244000
2016-12-29,1.409999966621399,1.409999966621399,1.4600000381469727,1.3799999952316284,1.3799999952316284,2120000
2016-12-30,1.5,1.5,1.5,1.409999966621399,1.409999966621399,1152500
2017-01-03,1.4700000286102295,1.4700000286102295,1.4900000095367432,1.4600000381469727,1.4900000095367432,1390000
2017-01-04,1.440000057220459,1.440000057220459,1.4600000381469727,1.4299999475479126,1.4600000381469727,340000
2017-01-05,1.4299999475479126,1.4299999475479126,1.440000057220459,1.409999966621399,1.4299999475479126,380000
2017-01-06,1.409999966621399,1.409999966621399,1.4299999475479126,1.399999976158142,1.4199999570846558,300000
2017-01-09,1.4299999475479126,1.4299999475479126,1.4600000381469727,1.399999976158142,1.399999976158142,492500
2017-01-10,1.399999976158142,1.399999976158142,1.4199999570846558,1.399999976158142,1.4199999570846558,580000
2017-01-11,1.3600000143051147,1.3600000143051147,1.3899999856948853,1.3600000143051147,1.3899999856948853,410000
2017-01-12,1.3300000429153442,1.3300000429153442,1.399999976158142,1.3200000524520874,1.350000023841858,380000
2017-01-13,1.309999942779541,1.309999942779541,1.3300000429153442,1.2300000190734863,1.3300000429153442,820000
2017-01-16,1.2000000476837158,1.2000000476837158,1.2999999523162842,1.1799999475479126,1.2999999523162842,720000
2017-01-17,1.2400000095367432,1.2400000095367432,1.25,1.1799999475479126,1.1799999475479126,670000
2017-01-18,1.2300000190734863,1.2300000190734863,1.2400000095367432,1.2000000476837158,1.2300000190734863,420000
2017-01-19,1.2300000190734863,1.2300000190734863,1.2300000190734863,1.2100000381469727,1.2200000286102295,400000
2017-01-20,1.2200000286102295,1.2200000286102295,1.2300000190734863,1.2200000286102295,1.2200000286102295,410000
2017-01-23,1.2699999809265137,1.2699999809265137,1.2699999809265137,1.2100000381469727,1.2100000381469727,510000
2017-01-24,1.3700000047683716,1.3700000047683716,1.3700000047683716,1.25,1.2599999904632568,600000
2017-01-25,1.4199999570846558,1.4199999570846558,1.4299999475479126,1.3200000524520874,1.3600000143051147,420000
2017-01-26,1.4199999570846558,1.4199999570846558,1.4299999475479126,1.3799999952316284,1.409999966621399,300000
2017-01-27,1.3600000143051147,1.3600000143051147,1.399999976158142,1.3600000143051147,1.399999976158142,200000
2017-02-01,1.2999999523162842,1.2999999523162842,1.340000033378601,1.2799999713897705,1.340000033378601,270000
2017-02-02,1.350000023841858,1.350000023841858,1.3899999856948853,1.2899999618530273,1.2899999618530273,750000
2017-02-03,1.3799999952316284,1.3799999952316284,1.4600000381469727,1.340000033378601,1.340000033378601,1019990
2017-02-06,1.4299999475479126,1.4299999475479126,1.4600000381469727,1.3799999952316284,1.3899999856948853,1270000
2017-02-07,1.3799999952316284,1.3799999952316284,1.4299999475479126,1.350000023841858,1.409999966621399,370000
2017-02-08,1.3899999856948853,1.3899999856948853,1.4199999570846558,1.3600000143051147,1.3799999952316284,330000
2017-02-09,1.3799999952316284,1.3799999952316284,1.3899999856948853,1.350000023841858,1.3700000047683716,430000
2017-02-10,1.3600000143051147,1.3600000143051147,1.3700000047683716,1.340000033378601,1.3700000047683716,660000
2017-02-13,1.3200000524520874,1.3200000524520874,1.3700000047683716,1.3200000524520874,1.350000023841858,420000
2017-02-14,1.340000033378601,1.340000033378601,1.350000023841858,1.25,1.309999942779541,922000
2017-02-15,1.2899999618530273,1.2899999618530273,1.3200000524520874,1.2899999618530273,1.2899999618530273,460000
2017-02-16,1.2699999809265137,1.2699999809265137,1.309999942779541,1.2599999904632568,1.2899999618530273,870000
2017-02-17,1.2599999904632568,1.2599999904632568,1.2999999523162842,1.2599999904632568,1.2599999904632568,550000
2017-02-20,1.2400000095367432,1.2400000095367432,1.2699999809265137,1.2300000190734863,1.25,570000
2017-02-21,1.2100000381469727,1.2100000381469727,1.2400000095367432,1.2000000476837158,1.2300000190734863,560000
2017-02-22,1.2699999809265137,1.2699999809265137,1.2699999809265137,1.2000000476837158,1.2000000476837158,1160000
2017-02-23,1.2100000381469727,1.2100000381469727,1.2599999904632568,1.2100000381469727,1.2599999904632568,470000
2017-02-24,1.2300000190734863,1.2300000190734863,1.2300000190734863,1.2000000476837158,1.2000000476837158,550000
2017-02-27,1.2100000381469727,1.2100000381469727,1.2300000190734863,1.2000000476837158,1.2200000286102295,500000
2017-02-28,1.2100000381469727,1.2100000381469727,1.2100000381469727,1.190000057220459,1.2000000476837158,350000
2017-03-01,1.1799999475479126,1.1799999475479126,1.2000000476837158,1.1799999475479126,1.2000000476837158,180000
2017-03-02,1.190000057220459,1.190000057220459,1.190000057220459,1.159999966621399,1.1799999475479126,197500
2017-03-03,1.190000057220459,1.190000057220459,1.2000000476837158,1.1299999952316284,1.1399999856948853,670000
2017-03-06,1.190000057220459,1.190000057220459,1.190000057220459,1.149999976158142,1.159999966621399,690000
2017-03-07,1.159999966621399,1.159999966621399,1.1799999475479126,1.1299999952316284,1.1799999475479126,680000
2017-03-08,1.149999976158142,1.149999976158142,1.149999976158142,1.1200000047683716,1.1399999856948853,435000
2017-03-09,1.1399999856948853,1.1399999856948853,1.1399999856948853,1.1399999856948853,1.1399999856948853,20000
2017-03-10,1.159999966621399,1.159999966621399,1.159999966621399,1.1299999952316284,1.1299999952316284,280000
2017-03-13,1.1399999856948853,1.1399999856948853,1.149999976158142,1.1100000143051147,1.1299999952316284,720500
2017-03-14,1.1200000047683716,1.1200000047683716,1.1299999952316284,1.100000023841858,1.1200000047683716,570000
2017-03-15,1.1100000143051147,1.1100000143051147,1.1200000047683716,1.100000023841858,1.1100000143051147,200000
2017-03-16,1.100000023841858,1.100000023841858,1.1100000143051147,1.090000033378601,1.1100000143051147,350000
2017-03-17,1.100000023841858,1.100000023841858,1.1200000047683716,1.100000023841858,1.100000023841858,630000
2017-03-20,1.090000033378601,1.090000033378601,1.1100000143051147,1.059999942779541,1.1100000143051147,530000
2017-03-21,1.1200000047683716,1.1200000047683716,1.1200000047683716,1.0,1.0700000524520874,3434000
2017-03-22,1.159999966621399,1.159999966621399,1.1699999570846558,1.0800000429153442,1.1200000047683716,260000
2017-03-23,1.190000057220459,1.190000057220459,1.190000057220459,1.1799999475479126,1.1799999475479126,80000
2017-03-24,1.190000057220459,1.190000057220459,1.190000057220459,1.190000057220459,1.190000057220459,40000
2017-03-27,1.2000000476837158,1.2000000476837158,1.2000000476837158,1.159999966621399,1.159999966621399,330000
2017-03-28,1.1799999475479126,1.1799999475479126,1.1799999475479126,1.1799999475479126,1.1799999475479126,20000
2017-03-29,1.1799999475479126,1.1799999475479126,1.1799999475479126,1.1299999952316284,1.1299999952316284,290000
2017-03-30,1.1799999475479126,1.1799999475479126,1.1799999475479126,1.1799999475479126,1.1799999475479126,70000
2017-03-31,1.1399999856948853,1.1399999856948853,1.1799999475479126,1.1399999856948853,1.1799999475479126,100000
2017-04-03,1.1399999856948853,1.1399999856948853,1.1399999856948853,1.1399999856948853,1.1399999856948853,0
2017-04-05,1.1799999475479126,1.1799999475479126,1.190000057220459,1.149999976158142,1.1699999570846558,530000
2017-04-06,1.1699999570846558,1.1699999570846558,1.1799999475479126,1.1299999952316284,1.159999966621399,450000
2017-04-07,1.159999966621399,1.159999966621399,1.159999966621399,1.1399999856948853,1.149999976158142,240000
2017-04-10,1.149999976158142,1.149999976158142,1.149999976158142,1.1299999952316284,1.149999976158142,180000
2017-04-11,1.1200000047683716,1.1200000047683716,1.1399999856948853,1.1200000047683716,1.1299999952316284,82000
2017-04-12,1.100000023841858,1.100000023841858,1.1100000143051147,1.090000033378601,1.100000023841858,230000
2017-04-13,1.100000023841858,1.100000023841858,1.100000023841858,1.0299999713897705,1.0499999523162842,160000
2017-04-18,1.1299999952316284,1.1299999952316284,1.1299999952316284,1.0800000429153442,1.0800000429153442,167000
2017-04-19,1.1299999952316284,1.1299999952316284,1.1299999952316284,1.1299999952316284,1.1299999952316284,80000
2017-04-20,1.1200000047683716,1.1200000047683716,1.1200000047683716,1.1200000047683716,1.1200000047683716,84000
2017-04-21,1.100000023841858,1.100000023841858,1.1200000047683716,1.100000023841858,1.100000023841858,140000
2017-04-24,1.100000023841858,1.100000023841858,1.100000023841858,1.100000023841858,1.100000023841858,70000
2017-04-25,1.0399999618530273,1.0399999618530273,1.0800000429153442,1.0099999904632568,1.0800000429153442,780000
2017-04-26,1.0199999809265137,1.0199999809265137,1.0399999618530273,1.0099999904632568,1.0399999618530273,260000
2017-04-27,1.059999942779541,1.059999942779541,1.059999942779541,1.0099999904632568,1.0099999904632568,330000
2017-04-28,1.0499999523162842,1.0499999523162842,1.0800000429153442,1.0199999809265137,1.059999942779541,260000
2017-05-02,1.0499999523162842,1.0499999523162842,1.0800000429153442,1.0499999523162842,1.0499999523162842,140000
2017-05-04,1.0499999523162842,1.0499999523162842,1.0499999523162842,1.0399999618530273,1.0399999618530273,110000
2017-05-05,1.0399999618530273,1.0399999618530273,1.0399999618530273,1.0299999713897705,1.0399999618530273,150000
2017-05-08,1.0199999809265137,1.0199999809265137,1.0399999618530273,1.0199999809265137,1.0399999618530273,70000
2017-05-09,1.0499999523162842,1.0499999523162842,1.0499999523162842,1.0399999618530273,1.0399999618530273,100000
2017-05-10,1.0299999713897705,1.0299999713897705,1.059999942779541,1.0299999713897705,1.059999942779541,129300
2017-05-11,1.0499999523162842,1.0499999523162842,1.0499999523162842,1.0299999713897705,1.0299999713897705,270000
2017-05-12,1.0099999904632568,1.0099999904632568,1.0399999618530273,1.0,1.0399999618530273,270000
2017-05-15,1.0700000524520874,1.0700000524520874,1.0800000429153442,1.0299999713897705,1.0299999713897705,780000
2017-05-16,1.0499999523162842,1.0499999523162842,1.0700000524520874,1.0299999713897705,1.0499999523162842,380000
2017-05-17,1.0399999618530273,1.0399999618530273,1.0499999523162842,1.0199999809265137,1.0499999523162842,170000
2017-05-18,1.0299999713897705,1.0299999713897705,1.0399999618530273,1.0099999904632568,1.0099999904632568,190000
2017-05-19,1.0299999713897705,1.0299999713897705,1.0299999713897705,1.0099999904632568,1.0199999809265137,180000
2017-05-22,1.0199999809265137,1.0199999809265137,1.0199999809265137,1.0099999904632568,1.0099999904632568,210000
2017-05-23,1.0,1.0,1.0099999904632568,0.9800000190734863,1.0,300000
2017-05-24,0.9800000190734863,0.9800000190734863,1.0,0.9800000190734863,0.9800000190734863,738750
2017-05-25,0.8799999952316284,0.8799999952316284,0.9800000190734863,0.8799999952316284,0.9800000190734863,1081000
2017-05-26,0.800000011920929,0.800000011920929,0.8999999761581421,0.75,0.8899999856948853,2200000
2017-05-29,0.7200000286102295,0.7200000286102295,0.7599999904632568,0.7099999785423279,0.7400000095367432,720000
2017-05-31,0.75,0.75,0.8899999856948853,0.699999988079071,0.699999988079071,11460000
2017-06-01,0.8899999856948853,0.8899999856948853,0.8899999856948853,0.7699999809265137,0.7799999713897705,3747083
2017-06-02,1.0700000524520874,1.0700000524520874,1.149999976158142,0.8899999856948853,0.8899999856948853,5326000
2017-06-05,0.9900000095367432,0.9900000095367432,1.0800000429153442,0.9700000286102295,1.0800000429153442,1400000
2017-06-06,0.949999988079071,0.949999988079071,0.9900000095367432,0.9200000166893005,0.9900000095367432,130000
2017-06-07,0.9599999785423279,0.9599999785423279,0.9700000286102295,0.9100000262260437,0.9200000166893005,190000
2017-06-08,0.9599999785423279,0.9599999785423279,0.9800000190734863,0.9599999785423279,0.9800000190734863,310000
2017-06-09,0.9599999785423279,0.9599999785423279,0.9599999785423279,0.9399999976158142,0.9599999785423279,131500
2017-06-12,0.8899999856948853,0.8899999856948853,0.9599999785423279,0.8899999856948853,0.9599999785423279,250000
2017-06-13,0.8999999761581421,0.8999999761581421,0.8999999761581421,0.8700000047683716,0.8899999856948853,220000
2017-06-14,0.9300000071525574,0.9300000071525574,0.949999988079071,0.8899999856948853,0.8899999856948853,120000
2017-06-15,0.8999999761581421,0.8999999761581421,0.9300000071525574,0.8999999761581421,0.9300000071525574,32500
2017-06-16,0.9100000262260437,0.9100000262260437,0.9200000166893005,0.8799999952316284,0.8999999761581421,140000
2017-06-19,0.9399999976158142,0.9399999976158142,0.949999988079071,0.9200000166893005,0.9200000166893005,210000
2017-06-20,0.9700000286102295,0.9700000286102295,0.9900000095367432,0.9399999976158142,0.9399999976158142,133750
2017-06-21,0.9800000190734863,0.9800000190734863,0.9900000095367432,0.9800000190734863,0.9800000190734863,810000
2017-06-22,0.9900000095367432,0.9900000095367432,0.9900000095367432,0.9800000190734863,0.9800000190734863,118250
2017-06-23,0.9900000095367432,0.9900000095367432,0.9900000095367432,0.9900000095367432,0.9900000095367432,440000
2017-06-26,0.9800000190734863,0.9800000190734863,0.9900000095367432,0.949999988079071,0.9900000095367432,570000
2017-06-27,0.949999988079071,0.949999988079071,0.9900000095367432,0.9399999976158142,0.949999988079071,350000
2017-06-28,0.8999999761581421,0.8999999761581421,0.9200000166893005,0.8199999928474426,0.9100000262260437,310000
2017-06-29,1.0,1.0,1.0199999809265137,0.9599999785423279,0.9700000286102295,530000
2017-06-30,0.9800000190734863,0.9800000190734863,1.0499999523162842,0.9800000190734863,0.9900000095367432,410000
2017-07-03,0.9700000286102295,0.9700000286102295,0.9900000095367432,0.9800000190734863,0.9800000190734863,160000
2017-07-04,0.9700000286102295,0.9700000286102295,0.9700000286102295,0.9200000166893005,0.949999988079071,160000
2017-07-05,0.9700000286102295,0.9700000286102295,0.9700000286102295,0.9700000286102295,0.9700000286102295,0
2017-07-06,0.9300000071525574,0.9300000071525574,0.9599999785423279,0.9300000071525574,0.9599999785423279,400000
2017-07-07,0.9200000166893005,0.9200000166893005,0.9300000071525574,0.9100000262260437,0.9100000262260437,350000
2017-07-10,0.8899999856948853,0.8899999856948853,0.8999999761581421,0.8500000238418579,0.8999999761581421,280000
2017-07-11,0.8999999761581421,0.8999999761581421,0.8999999761581421,0.8500000238418579,0.8899999856948853,960000
2017-07-12,0.8899999856948853,0.8899999856948853,0.8999999761581421,0.8700000047683716,0.8999999761581421,250000
2017-07-13,0.8999999761581421,0.8999999761581421,0.8899999856948853,0.8899999856948853,0.8899999856948853,200000
2017-07-14,0.8999999761581421,0.8999999761581421,0.8999999761581421,0.8100000023841858,0.8700000047683716,780000
2017-07-17,0.9100000262260437,0.9100000262260437,0.9100000262260437,0.9100000262260437,0.9100000262260437,50000
2017-07-18,0.9399999976158142,0.9399999976158142,0.949999988079071,0.9399999976158142,0.949999988079071,300000
2017-07-19,0.949999988079071,0.949999988079071,0.949999988079071,0.9300000071525574,0.949999988079071,200000
2017-07-20,0.9399999976158142,0.9399999976158142,0.9399999976158142,0.8799999952316284,0.8899999856948853,420000
2017-07-21,0.9399999976158142,0.9399999976158142,0.9399999976158142,0.9300000071525574,0.9300000071525574,40000
2017-07-24,0.8799999952316284,0.8799999952316284,0.9100000262260437,0.8299999833106995,0.8999999761581421,720000
2017-07-25,0.8999999761581421,0.8999999761581421,0.9200000166893005,0.8799999952316284,0.8899999856948853,400000
2017-07-26,0.9200000166893005,0.9200000166893005,0.9200000166893005,0.8999999761581421,0.8999999761581421,210000
2017-07-27,0.8999999761581421,0.8999999761581421,0.9100000262260437,0.8899999856948853,0.9100000262260437,180000
2017-07-28,0.8899999856948853,0.8899999856948853,0.8899999856948853,0.8700000047683716,0.8899999856948853,300000
2017-07-31,0.8899999856948853,0.8899999856948853,0.8899999856948853,0.8899999856948853,0.8899999856948853,191000
2017-08-01,0.8899999856948853,0.8899999856948853,0.8899999856948853,0.8799999952316284,0.8799999952316284,100000
2017-08-02,0.8799999952316284,0.8799999952316284,0.8999999761581421,0.8600000143051147,0.8899999856948853,240000
2017-08-03,0.8700000047683716,0.8700000047683716,0.8799999952316284,0.8700000047683716,0.8700000047683716,310000
2017-08-04,0.8999999761581421,0.8999999761581421,0.8999999761581421,0.8999999761581421,0.8999999761581421,110000
2017-08-07,0.8500000238418579,0.8500000238418579,0.8999999761581421,0.800000011920929,0.8999999761581421,490000
2017-08-08,0.8399999737739563,0.8399999737739563,0.8500000238418579,0.800000011920929,0.8500000238418579,630000
2017-08-09,0.8399999737739563,0.8399999737739563,0.8399999737739563,0.800000011920929,0.800000011920929,220000
2017-08-10,0.8500000238418579,0.8500000238418579,0.8500000238418579,0.7900000214576721,0.8299999833106995,1210000
2017-08-11,0.8299999833106995,0.8299999833106995,0.8399999737739563,0.8299999833106995,0.8399999737739563,280000
2017-08-14,0.8199999928474426,0.8199999928474426,0.8500000238418579,0.8199999928474426,0.8500000238418579,430000
2017-08-15,0.8100000023841858,0.8100000023841858,0.8399999737739563,0.800000011920929,0.800000011920929,490000
2017-08-16,0.8500000238418579,0.8500000238418579,0.8500000238418579,0.8299999833106995,0.8399999737739563,250000
2017-08-17,0.9200000166893005,0.9200000166893005,0.9200000166893005,0.8500000238418579,0.8500000238418579,300000
2017-08-18,0.9200000166893005,0.9200000166893005,0.9200000166893005,0.9100000262260437,0.9200000166893005,200000
2017-08-21,0.8600000143051147,0.8600000143051147,0.9100000262260437,0.8299999833106995,0.9100000262260437,690000
2017-08-22,0.8299999833106995,0.8299999833106995,0.8500000238418579,0.8299999833106995,0.8399999737739563,240000
2017-08-23,0.8299999833106995,0.8299999833106995,0.8299999833106995,0.8299999833106995,0.8299999833106995,0
2017-08-24,0.8199999928474426,0.8199999928474426,0.8299999833106995,0.8199999928474426,0.8299999833106995,310000
2017-08-25,0.8700000047683716,0.8700000047683716,0.8700000047683716,0.8100000023841858,0.8100000023841858,660000
2017-08-28,0.8500000238418579,0.8500000238418579,0.8899999856948853,0.8500000238418579,0.949999988079071,220000
2017-08-29,0.8500000238418579,0.8500000238418579,0.8799999952316284,0.8299999833106995,0.8500000238418579,330000
2017-08-30,0.8700000047683716,0.8700000047683716,0.8700000047683716,0.8500000238418579,0.8500000238418579,110000
2017-08-31,0.9200000166893005,0.9200000166893005,0.9300000071525574,0.8700000047683716,0.8700000047683716,510000
2017-09-01,0.8999999761581421,0.8999999761581421,0.9900000095367432,0.8999999761581421,0.9800000190734863,550000
2017-09-04,0.9300000071525574,0.9300000071525574,0.9300000071525574,0.8500000238418579,0.8500000238418579,700000
2017-09-05,0.9399999976158142,0.9399999976158142,0.9599999785423279,0.9100000262260437,0.9599999785423279,300000
2017-09-06,0.9399999976158142,0.9399999976158142,0.9399999976158142,0.9300000071525574,0.9399999976158142,138000
2017-09-07,0.9599999785423279,0.9599999785423279,0.9599999785423279,0.9200000166893005,0.9200000166893005,290000
2017-09-08,0.9100000262260437,0.9100000262260437,0.9300000071525574,0.8899999856948853,0.9200000166893005,545000
2017-09-11,0.8199999928474426,0.8199999928474426,0.8999999761581421,0.7099999785423279,0.8999999761581421,3790000
2017-09-12,0.8500000238418579,0.8500000238418579,0.8500000238418579,0.8199999928474426,0.8199999928474426,220000
2017-09-13,0.8399999737739563,0.8399999737739563,0.8500000238418579,0.8299999833106995,0.8399999737739563,600000
2017-09-14,0.8299999833106995,0.8299999833106995,0.8399999737739563,0.800000011920929,0.8199999928474426,1442000
2017-09-15,0.8399999737739563,0.8399999737739563,0.8399999737739563,0.8100000023841858,0.8100000023841858,260000
2017-09-18,0.8399999737739563,0.8399999737739563,0.8399999737739563,0.8100000023841858,0.8100000023841858,110000
2017-09-19,0.8399999737739563,0.8399999737739563,0.8399999737739563,0.8100000023841858,0.8100000023841858,270000
2017-09-20,0.8299999833106995,0.8299999833106995,0.8399999737739563,0.8199999928474426,0.8199999928474426,250000
2017-09-21,0.8299999833106995,0.8299999833106995,0.8399999737739563,0.8199999928474426,0.8399999737739563,300000
2017-09-22,0.8799999952316284,0.8799999952316284,0.9100000262260437,0.8299999833106995,0.8299999833106995,120000
2017-09-25,0.8500000238418579,0.8500000238418579,0.8600000143051147,0.8500000238418579,0.8500000238418579,80000
2017-09-26,0.8700000047683716,0.8700000047683716,0.8700000047683716,0.8500000238418579,0.8500000238418579,80000
2017-09-27,0.8899999856948853,0.8899999856948853,0.8899999856948853,0.8799999952316284,0.8799999952316284,60000
2017-09-28,0.8500000238418579,0.8500000238418579,0.8999999761581421,0.8500000238418579,0.8799999952316284,310000
2017-09-29,0.8299999833106995,0.8299999833106995,0.8600000143051147,0.8299999833106995,0.8500000238418579,510000
2017-10-03,0.9300000071525574,0.9300000071525574,1.100000023841858,0.8299999833106995,0.8299999833106995,1598000
2017-10-04,1.0800000429153442,1.0800000429153442,1.1200000047683716,0.8799999952316284,0.9200000166893005,2150000
2017-10-06,1.1100000143051147,1.1100000143051147,1.149999976158142,1.0,1.100000023841858,3740000
2017-10-09,1.0399999618530273,1.0399999618530273,1.1399999856948853,1.0,1.1100000143051147,2290000
2017-10-10,1.149999976158142,1.149999976158142,1.149999976158142,1.0399999618530273,1.059999942779541,1703500
2017-10-11,1.0800000429153442,1.0800000429153442,1.1399999856948853,1.0800000429153442,1.1399999856948853,800000
2017-10-12,1.059999942779541,1.059999942779541,1.090000033378601,1.0399999618530273,1.059999942779541,267500
2017-10-13,1.2400000095367432,1.2400000095367432,1.2999999523162842,1.059999942779541,1.0700000524520874,3870000
2017-10-16,1.2400000095367432,1.2400000095367432,1.2400000095367432,1.2400000095367432,1.2400000095367432,0
2017-10-17,1.2400000095367432,1.2400000095367432,1.2400000095367432,1.2400000095367432,1.2400000095367432,0
2017-10-18,1.2400000095367432,1.2400000095367432,1.2400000095367432,1.2400000095367432,1.2400000095367432,0
2017-10-19,1.2899999618530273,1.2899999618530273,1.8799999952316284,1.2799999713897705,1.4199999570846558,57614316
2017-10-20,1.25,1.25,1.4900000095367432,1.2200000286102295,1.340000033378601,22070000
2017-10-23,1.340000033378601,1.340000033378601,1.399999976158142,1.2899999618530273,1.2899999618530273,9580000
2017-10-24,1.340000033378601,1.340000033378601,1.3899999856948853,1.3300000429153442,1.350000023841858,3142000
2017-10-25,1.2999999523162842,1.2999999523162842,1.350000023841858,1.2799999713897705,1.350000023841858,826000
2017-10-26,1.3200000524520874,1.3200000524520874,1.3600000143051147,1.2400000095367432,1.2999999523162842,2720000
2017-10-27,1.3200000524520874,1.3200000524520874,1.3300000429153442,1.3200000524520874,1.3200000524520874,360000
2017-10-30,1.2999999523162842,1.2999999523162842,1.309999942779541,1.2899999618530273,1.2999999523162842,650000
2017-10-31,1.2899999618530273,1.2899999618530273,1.350000023841858,1.2899999618530273,1.309999942779541,1980000
2017-11-01,1.2899999618530273,1.2899999618530273,1.350000023841858,1.2899999618530273,1.350000023841858,1560000
2017-11-02,1.2899999618530273,1.2899999618530273,1.3300000429153442,1.2699999809265137,1.3200000524520874,1080000
2017-11-03,1.2999999523162842,1.2999999523162842,1.2999999523162842,1.2699999809265137,1.2699999809265137,1050000
2017-11-06,1.2599999904632568,1.2599999904632568,1.25,1.25,1.25,250000
2017-11-07,1.2999999523162842,1.2999999523162842,1.3799999952316284,1.2699999809265137,1.2699999809265137,2860000
2017-11-08,1.2799999713897705,1.2799999713897705,1.2999999523162842,1.2699999809265137,1.2999999523162842,970000
2017-11-09,1.2799999713897705,1.2799999713897705,1.2799999713897705,1.25,1.2699999809265137,662500
2017-11-10,1.2699999809265137,1.2699999809265137,1.2899999618530273,1.2699999809265137,1.2799999713897705,351000
2017-11-13,1.2899999618530273,1.2899999618530273,1.2999999523162842,1.2000000476837158,1.25,1410000
2017-11-14,1.2599999904632568,1.2599999904632568,1.2999999523162842,1.2400000095367432,1.2899999618530273,1697500
2017-11-15,1.2400000095367432,1.2400000095367432,1.2999999523162842,1.2300000190734863,1.2599999904632568,2330000
2017-11-16,1.1799999475479126,1.1799999475479126,1.2400000095367432,1.1799999475479126,1.2400000095367432,1100000
2017-11-17,1.2100000381469727,1.2100000381469727,1.2200000286102295,1.2100000381469727,1.2200000286102295,160000
2017-11-20,1.1799999475479126,1.1799999475479126,1.190000057220459,1.1799999475479126,1.190000057220459,100000
2017-11-21,1.1399999856948853,1.1399999856948853,1.1699999570846558,1.1299999952316284,1.1699999570846558,180000
2017-11-22,1.0099999904632568,1.0099999904632568,1.1100000143051147,0.9100000262260437,1.100000023841858,2210000
2017-11-23,1.0099999904632568,1.0099999904632568,1.0199999809265137,0.9399999976158142,1.0,950000
2017-11-24,1.0099999904632568,1.0099999904632568,1.0399999618530273,1.0,1.0399999618530273,140000
2017-11-27,0.9700000286102295,0.9700000286102295,1.0499999523162842,0.9599999785423279,1.0499999523162842,680000
2017-11-28,0.9599999785423279,0.9599999785423279,0.9800000190734863,0.9599999785423279,0.9800000190734863,90000
2017-11-29,0.9599999785423279,0.9599999785423279,0.9599999785423279,0.9599999785423279,0.9599999785423279,350000
2017-11-30,0.9800000190734863,0.9800000190734863,0.9900000095367432,0.9599999785423279,0.9800000190734863,460000
2017-12-01,0.9599999785423279,0.9599999785423279,0.9800000190734863,0.9599999785423279,0.9800000190734863,830000
2017-12-04,0.9599999785423279,0.9599999785423279,0.9599999785423279,0.9599999785423279,0.9599999785423279,0
2017-12-05,0.9700000286102295,0.9700000286102295,0.9800000190734863,0.9700000286102295,0.9700000286102295,1310000
2017-12-06,0.9100000262260437,0.9100000262260437,0.9700000286102295,0.8899999856948853,0.9700000286102295,930000
2017-12-07,0.8500000238418579,0.8500000238418579,0.8999999761581421,0.8500000238418579,0.8999999761581421,1280000
2017-12-08,0.8799999952316284,0.8799999952316284,0.8799999952316284,0.8799999952316284,0.8799999952316284,20000
2017-12-11,0.8799999952316284,0.8799999952316284,0.8799999952316284,0.8799999952316284,0.8799999952316284,190000
2017-12-12,0.8799999952316284,0.8799999952316284,0.8799999952316284,0.8799999952316284,0.8799999952316284,0
2017-12-13,0.8500000238418579,0.8500000238418579,0.8799999952316284,0.8500000238418579,0.8799999952316284,570000
2017-12-14,0.8600000143051147,0.8600000143051147,0.8799999952316284,0.800000011920929,0.8600000143051147,1373000
2017-12-15,0.8999999761581421,0.8999999761581421,0.9100000262260437,0.8700000047683716,0.8700000047683716,880000
2017-12-18,0.9599999785423279,0.9599999785423279,1.0,0.9100000262260437,0.9300000071525574,750000
2017-12-19,1.090000033378601,1.090000033378601,1.2000000476837158,0.9900000095367432,0.9900000095367432,2070000
2017-12-20,1.159999966621399,1.159999966621399,1.2400000095367432,1.0800000429153442,1.0800000429153442,1190000
2017-12-21,1.100000023841858,1.100000023841858,1.159999966621399,1.0399999618530273,1.159999966621399,1110000
2017-12-22,1.149999976158142,1.149999976158142,1.149999976158142,1.0700000524520874,1.149999976158142,470000
2017-12-27,1.2100000381469727,1.2100000381469727,1.25,1.149999976158142,1.149999976158142,1770000
2017-12-28,1.1799999475479126,1.1799999475479126,1.2400000095367432,1.1799999475479126,1.2400000095367432,990000
2017-12-29,1.2000000476837158,1.2000000476837158,1.2100000381469727,1.2000000476837158,1.2100000381469727,240000
2018-01-02,1.190000057220459,1.190000057220459,1.190000057220459,1.1799999475479126,1.190000057220459,320320
2018-01-03,1.1699999570846558,1.1699999570846558,1.190000057220459,1.1699999570846558,1.190000057220459,307500
2018-01-04,1.1399999856948853,1.1399999856948853,1.1699999570846558,1.1399999856948853,1.1699999570846558,980000
2018-01-05,1.0499999523162842,1.0499999523162842,1.1100000143051147,0.9900000095367432,1.1100000143051147,610000
2018-01-08,1.0399999618530273,1.0399999618530273,1.0399999618530273,1.0,1.0299999713897705,1450000
2018-01-09,1.0499999523162842,1.0499999523162842,1.0700000524520874,1.0399999618530273,1.0499999523162842,380000
2018-01-10,1.0499999523162842,1.0499999523162842,1.0800000429153442,1.0499999523162842,1.0499999523162842,284000
2018-01-11,1.0499999523162842,1.0499999523162842,1.0499999523162842,1.0299999713897705,1.0499999523162842,190000
2018-01-12,1.0,1.0,1.0299999713897705,1.0,1.0299999713897705,892250
2018-01-15,1.0,1.0,1.0,1.0,1.0,0
2018-01-16,1.0299999713897705,1.0299999713897705,1.0499999523162842,1.0,1.0,160000
2018-01-17,1.0099999904632568,1.0099999904632568,1.0199999809265137,1.0,1.0099999904632568,90000
2018-01-18,0.9599999785423279,0.9599999785423279,1.0199999809265137,0.9200000166893005,1.0199999809265137,840000
2018-01-19,1.0299999713897705,1.0299999713897705,1.0299999713897705,0.949999988079071,0.949999988079071,370000
2018-01-22,1.0299999713897705,1.0299999713897705,1.100000023841858,0.9700000286102295,0.9700000286102295,170000
2018-01-23,1.0,1.0,0.9900000095367432,0.9900000095367432,0.9900000095367432,20000
2018-01-24,0.9700000286102295,0.9700000286102295,1.0099999904632568,0.9599999785423279,1.0099999904632568,660000
2018-01-25,0.949999988079071,0.949999988079071,0.9700000286102295,0.9100000262260437,0.949999988079071,390000
2018-01-26,0.9900000095367432,0.9900000095367432,1.0,0.9599999785423279,0.949999988079071,100000
2018-01-29,0.9200000166893005,0.9200000166893005,0.9800000190734863,0.9200000166893005,0.9700000286102295,720000
2018-01-30,0.9300000071525574,0.9300000071525574,0.9300000071525574,0.9300000071525574,0.9300000071525574,0
2018-01-31,0.9300000071525574,0.9300000071525574,0.9300000071525574,0.9300000071525574,0.9300000071525574,0
2018-02-01,0.9100000262260437,0.9100000262260437,0.9100000262260437,0.9100000262260437,0.9100000262260437,80000
2018-02-02,0.9100000262260437,0.9100000262260437,0.9100000262260437,0.9100000262260437,0.9100000262260437,10000
2018-02-05,0.8899999856948853,0.8899999856948853,0.9100000262260437,0.8899999856948853,0.9100000262260437,360000
2018-02-06,0.8600000143051147,0.8600000143051147,0.8899999856948853,0.8500000238418579,0.8899999856948853,460000
2018-02-07,0.8700000047683716,0.8700000047683716,0.8700000047683716,0.8700000047683716,0.8700000047683716,590000
2018-02-08,0.8799999952316284,0.8799999952316284,0.8899999856948853,0.8700000047683716,0.8899999856948853,360000
2018-02-09,0.8700000047683716,0.8700000047683716,0.8700000047683716,0.8700000047683716,0.8700000047683716,0
2018-02-12,0.8700000047683716,0.8700000047683716,0.8700000047683716,0.8700000047683716,0.8700000047683716,10000
2018-02-13,0.8700000047683716,0.8700000047683716,0.8700000047683716,0.8700000047683716,0.8700000047683716,80000
2018-02-14,0.8899999856948853,0.8899999856948853,0.8899999856948853,0.8899999856948853,0.8899999856948853,20000
2018-02-15,0.8700000047683716,0.8700000047683716,0.8700000047683716,0.8700000047683716,0.8700000047683716,10000
2018-02-20,0.8700000047683716,0.8700000047683716,0.8700000047683716,0.8700000047683716,0.8700000047683716,0
2018-02-21,0.8899999856948853,0.8899999856948853,0.8899999856948853,0.8899999856948853,0.8899999856948853,40000
2018-02-22,0.8999999761581421,0.8999999761581421,0.8999999761581421,0.8999999761581421,0.8999999761581421,0
2018-02-23,0.9800000190734863,0.9800000190734863,0.9800000190734863,0.949999988079071,0.9800000190734863,50000
2018-02-26,0.9599999785423279,0.9599999785423279,0.9599999785423279,0.8999999761581421,0.9599999785423279,580000
2018-02-27,0.9399999976158142,0.9399999976158142,0.9399999976158142,0.8999999761581421,0.9300000071525574,370000
2018-02-28,0.9399999976158142,0.9399999976158142,0.9399999976158142,0.9399999976158142,0.9399999976158142,0
2018-03-01,0.9300000071525574,0.9300000071525574,0.9399999976158142,0.8799999952316284,0.8899999856948853,291000
2018-03-02,0.9700000286102295,0.9700000286102295,0.9800000190734863,0.9599999785423279,0.9300000071525574,60000
2018-03-05,0.9399999976158142,0.9399999976158142,0.9399999976158142,0.9399999976158142,0.9399999976158142,0
2018-03-06,0.9399999976158142,0.9399999976158142,0.9399999976158142,0.8999999761581421,0.9200000166893005,250000
2018-03-07,0.9399999976158142,0.9399999976158142,0.9399999976158142,0.9399999976158142,0.9399999976158142,0
2018-03-08,0.9399999976158142,0.9399999976158142,0.9399999976158142,0.9399999976158142,0.9399999976158142,0
2018-03-09,0.9100000262260437,0.9100000262260437,0.9200000166893005,0.8999999761581421,0.8999999761581421,680000
2018-03-12,0.8999999761581421,0.8999999761581421,0.9100000262260437,0.8999999761581421,0.9100000262260437,260000
2018-03-13,0.8999999761581421,0.8999999761581421,0.8999999761581421,0.8999999761581421,0.8999999761581421,80000
2018-03-14,0.8899999856948853,0.8899999856948853,0.8999999761581421,0.8899999856948853,0.8999999761581421,240000
2018-03-15,0.8799999952316284,0.8799999952316284,0.8999999761581421,0.8700000047683716,0.8799999952316284,250000
2018-03-16,0.8999999761581421,0.8999999761581421,0.8999999761581421,0.8799999952316284,0.8799999952316284,320000
2018-03-19,0.8999999761581421,0.8999999761581421,0.8999999761581421,0.8600000143051147,0.8999999761581421,160000
2018-03-20,0.8999999761581421,0.8999999761581421,0.8999999761581421,0.8999999761581421,0.8999999761581421,20000
2018-03-21,0.8999999761581421,0.8999999761581421,0.8999999761581421,0.8500000238418579,0.8500000238418579,80000
2018-03-22,0.8399999737739563,0.8399999737739563,0.8399999737739563,0.8299999833106995,0.8399999737739563,380000
2018-03-23,0.8899999856948853,0.8899999856948853,0.9100000262260437,0.8399999737739563,0.8399999737739563,790000
2018-03-26,0.8999999761581421,0.8999999761581421,0.8999999761581421,0.8999999761581421,0.8999999761581421,10000
2018-03-27,0.8799999952316284,0.8799999952316284,0.8999999761581421,0.8700000047683716,0.8999999761581421,280000
2018-03-28,0.8799999952316284,0.8799999952316284,0.8799999952316284,0.8799999952316284,0.8799999952316284,100000
2018-03-29,0.8700000047683716,0.8700000047683716,0.8799999952316284,0.8500000238418579,0.8799999952316284,670000
2018-04-03,0.8700000047683716,0.8700000047683716,0.8700000047683716,0.8700000047683716,0.8700000047683716,0
2018-04-04,0.8700000047683716,0.8700000047683716,0.8700000047683716,0.8700000047683716,0.8700000047683716,110000
2018-04-06,0.8600000143051147,0.8600000143051147,0.8600000143051147,0.8600000143051147,0.8600000143051147,0
2018-04-09,0.8600000143051147,0.8600000143051147,0.8700000047683716,0.8600000143051147,0.8700000047683716,40000
2018-04-10,0.8399999737739563,0.8399999737739563,0.8500000238418579,0.8299999833106995,0.8500000238418579,540000
2018-04-11,0.8500000238418579,0.8500000238418579,0.8500000238418579,0.8500000238418579,0.8500000238418579,0
2018-04-12,0.8399999737739563,0.8399999737739563,0.8500000238418579,0.8299999833106995,0.8500000238418579,530000
2018-04-13,0.8500000238418579,0.8500000238418579,0.8500000238418579,0.8299999833106995,0.8399999737739563,1050000
2018-04-16,0.8199999928474426,0.8199999928474426,0.8399999737739563,0.8199999928474426,0.8399999737739563,330000
2018-04-17,0.800000011920929,0.800000011920929,0.8299999833106995,0.7900000214576721,0.8299999833106995,1000000
2018-04-18,0.7599999904632568,0.7599999904632568,0.8100000023841858,0.75,0.8100000023841858,420000
2018-04-19,0.7699999809265137,0.7699999809265137,0.7799999713897705,0.7699999809265137,0.7699999809265137,1180100
2018-04-20,0.800000011920929,0.800000011920929,0.800000011920929,0.800000011920929,0.800000011920929,0
2018-04-23,0.7599999904632568,0.7599999904632568,0.7699999809265137,0.7599999904632568,0.7699999809265137,110000
2018-04-24,0.7799999713897705,0.7799999713897705,0.7599999904632568,0.7599999904632568,0.7599999904632568,140000
2018-04-25,0.7799999713897705,0.7799999713897705,0.800000011920929,0.7799999713897705,0.800000011920929,530000
2018-04-26,0.75,0.75,0.7799999713897705,0.75,0.7799999713897705,400000
2018-04-27,0.75,0.75,0.75,0.75,0.75,321000
2018-04-30,0.75,0.75,0.75,0.75,0.75,0
2018-05-02,0.7799999713897705,0.7799999713897705,0.8500000238418579,0.75,0.7599999904632568,670000
2018-05-03,0.7799999713897705,0.7799999713897705,0.7799999713897705,0.7799999713897705,0.7799999713897705,0
2018-05-04,0.7799999713897705,0.7799999713897705,0.7799999713897705,0.7799999713897705,0.7799999713897705,0
2018-05-07,0.7799999713897705,0.7799999713897705,0.7799999713897705,0.7799999713897705,0.7799999713897705,0
2018-05-08,0.7799999713897705,0.7799999713897705,0.7799999713897705,0.7799999713897705,0.7799999713897705,0
2018-05-09,0.7799999713897705,0.7799999713897705,0.7799999713897705,0.7799999713897705,0.7799999713897705,0
2018-05-10,0.7799999713897705,0.7799999713897705,0.7799999713897705,0.7799999713897705,0.7799999713897705,10000
2018-05-11,0.7799999713897705,0.7799999713897705,0.7799999713897705,0.7799999713897705,0.7799999713897705,0
2018-05-14,0.800000011920929,0.800000011920929,0.8199999928474426,0.7599999904632568,0.7699999809265137,1050000
2018-05-15,0.8399999737739563,0.8399999737739563,0.8500000238418579,0.800000011920929,0.800000011920929,340000
2018-05-16,0.8399999737739563,0.8399999737739563,0.8399999737739563,0.8399999737739563,0.8399999737739563,0
2018-05-17,0.8399999737739563,0.8399999737739563,0.8399999737739563,0.8399999737739563,0.8399999737739563,0
2018-05-18,0.8100000023841858,0.8100000023841858,0.8100000023841858,0.8100000023841858,0.8100000023841858,0
2018-05-21,0.8100000023841858,0.8100000023841858,0.8100000023841858,0.8100000023841858,0.8100000023841858,0
2018-05-23,0.8500000238418579,0.8500000238418579,0.8500000238418579,0.8500000238418579,0.8500000238418579,650000
2018-05-24,0.8399999737739563,0.8399999737739563,0.8399999737739563,0.8399999737739563,0.8399999737739563,160000
2018-05-25,0.8399999737739563,0.8399999737739563,0.8399999737739563,0.8399999737739563,0.8399999737739563,50000
2018-05-28,0.8399999737739563,0.8399999737739563,0.8399999737739563,0.8399999737739563,0.8399999737739563,0
2018-05-29,0.8399999737739563,0.8399999737739563,0.8399999737739563,0.8399999737739563,0.8399999737739563,0
2018-05-30,0.8399999737739563,0.8399999737739563,0.8399999737739563,0.8399999737739563,0.8399999737739563,0
2018-05-31,0.8500000238418579,0.8500000238418579,0.8500000238418579,0.8500000238418579,0.8500000238418579,470000
2018-06-01,0.8100000023841858,0.8100000023841858,0.8100000023841858,0.7900000214576721,0.7900000214576721,28750
2018-06-04,0.8100000023841858,0.8100000023841858,0.8100000023841858,0.8100000023841858,0.8100000023841858,50000
2018-06-05,0.8100000023841858,0.8100000023841858,0.8100000023841858,0.8100000023841858,0.8100000023841858,0
2018-06-06,0.8100000023841858,0.8100000023841858,0.8100000023841858,0.8100000023841858,0.8100000023841858,0
2018-06-07,0.8100000023841858,0.8100000023841858,0.8100000023841858,0.8100000023841858,0.8100000023841858,0
2018-06-08,0.8100000023841858,0.8100000023841858,0.8100000023841858,0.8100000023841858,0.8100000023841858,0
2018-06-11,0.8100000023841858,0.8100000023841858,0.8100000023841858,0.8100000023841858,0.8100000023841858,0
2018-06-12,0.8100000023841858,0.8100000023841858,0.8100000023841858,0.8100000023841858,0.8100000023841858,0
2018-06-13,0.8100000023841858,0.8100000023841858,0.8100000023841858,0.8100000023841858,0.8100000023841858,0
2018-06-14,0.800000011920929,0.800000011920929,0.800000011920929,0.800000011920929,0.800000011920929,100000
2018-06-15,0.7799999713897705,0.7799999713897705,0.7799999713897705,0.7699999809265137,0.7699999809265137,60000
2018-06-19,0.7599999904632568,0.7599999904632568,0.7699999809265137,0.7599999904632568,0.7599999904632568,317000
2018-06-20,0.7300000190734863,0.7300000190734863,0.75,0.7300000190734863,0.75,90000
2018-06-21,0.75,0.75,0.75,0.7400000095367432,0.75,240000
2018-06-22,0.7200000286102295,0.7200000286102295,0.7300000190734863,0.699999988079071,0.7200000286102295,560000
2018-06-25,0.6899999976158142,0.6899999976158142,0.7099999785423279,0.6899999976158142,0.7099999785423279,40000
2018-06-26,0.6899999976158142,0.6899999976158142,0.6899999976158142,0.6899999976158142,0.6899999976158142,0
2018-06-27,0.7799999713897705,0.7799999713897705,0.7799999713897705,0.7099999785423279,0.7099999785423279,100000
2018-06-28,0.75,0.75,0.75,0.75,0.75,0
2018-06-29,0.9300000071525574,0.9300000071525574,1.0800000429153442,0.7799999713897705,0.7799999713897705,1420000
2018-07-03,0.8899999856948853,0.8899999856948853,0.8999999761581421,0.8700000047683716,0.8700000047683716,30000
2018-07-04,0.7900000214576721,0.7900000214576721,0.8600000143051147,0.7900000214576721,0.8500000238418579,320000
2018-07-05,0.75,0.75,0.800000011920929,0.75,0.800000011920929,420000
2018-07-06,0.75,0.75,0.7599999904632568,0.7400000095367432,0.75,610000
2018-07-09,0.75,0.75,0.75,0.75,0.75,170000
2018-07-10,0.75,0.75,0.75,0.75,0.75,40000
2018-07-11,0.75,0.75,0.75,0.75,0.75,0
2018-07-12,0.800000011920929,0.800000011920929,0.8500000238418579,0.7400000095367432,0.75,640000
2018-07-13,0.800000011920929,0.800000011920929,0.800000011920929,0.800000011920929,0.800000011920929,0
2018-07-16,0.800000011920929,0.800000011920929,0.800000011920929,0.800000011920929,0.800000011920929,0
2018-07-17,0.800000011920929,0.800000011920929,0.800000011920929,0.800000011920929,0.800000011920929,0
2018-07-18,0.800000011920929,0.800000011920929,0.800000011920929,0.800000011920929,0.800000011920929,0
2018-07-19,0.800000011920929,0.800000011920929,0.800000011920929,0.800000011920929,0.800000011920929,0
2018-07-20,0.800000011920929,0.800000011920929,0.800000011920929,0.800000011920929,0.800000011920929,0
2018-07-23,0.7200000286102295,0.7200000286102295,0.7599999904632568,0.7200000286102295,0.7200000286102295,340000
2018-07-24,0.7300000190734863,0.7300000190734863,0.75,0.699999988079071,0.7200000286102295,567500
2018-07-25,0.75,0.75,0.75,0.75,0.75,0
2018-07-26,0.75,0.75,0.75,0.75,0.75,0
2018-07-27,0.7200000286102295,0.7200000286102295,0.7599999904632568,0.7200000286102295,0.7599999904632568,770000
2018-07-30,0.7400000095367432,0.7400000095367432,0.7799999713897705,0.7400000095367432,0.75,470000
2018-07-31,0.75,0.75,0.75,0.75,0.75,0
2018-08-01,0.7099999785423279,0.7099999785423279,0.7200000286102295,0.699999988079071,0.7200000286102295,340000
2018-08-02,0.699999988079071,0.699999988079071,0.699999988079071,0.699999988079071,0.699999988079071,190000
2018-08-03,0.699999988079071,0.699999988079071,0.699999988079071,0.699999988079071,0.699999988079071,0
2018-08-06,0.699999988079071,0.699999988079071,0.699999988079071,0.699999988079071,0.699999988079071,0
2018-08-07,0.699999988079071,0.699999988079071,0.699999988079071,0.699999988079071,0.699999988079071,0
2018-08-08,0.6600000262260437,0.6600000262260437,0.6499999761581421,0.6399999856948853,0.6499999761581421,70000
2018-08-09,0.6800000071525574,0.6800000071525574,0.6800000071525574,0.6800000071525574,0.6800000071525574,10000
2018-08-10,0.6800000071525574,0.6800000071525574,0.6800000071525574,0.6800000071525574,0.6800000071525574,0
2018-08-13,0.6499999761581421,0.6499999761581421,0.6499999761581421,0.6299999952316284,0.6299999952316284,70000
2018-08-14,0.6600000262260437,0.6600000262260437,0.6899999976158142,0.6600000262260437,0.6600000262260437,84300
2018-08-15,0.6299999952316284,0.6299999952316284,0.6299999952316284,0.6200000047683716,0.6200000047683716,250000
2018-08-16,0.6399999856948853,0.6399999856948853,0.6399999856948853,0.6399999856948853,0.6399999856948853,20000
2018-08-17,0.6100000143051147,0.6100000143051147,0.6100000143051147,0.6100000143051147,0.6100000143051147,0
2018-08-20,0.6100000143051147,0.6100000143051147,0.6100000143051147,0.6100000143051147,0.6100000143051147,0
2018-08-21,0.6200000047683716,0.6200000047683716,0.6200000047683716,0.6200000047683716,0.6200000047683716,0
2018-08-22,0.6200000047683716,0.6200000047683716,0.6200000047683716,0.6200000047683716,0.6200000047683716,0
2018-08-23,0.6200000047683716,0.6200000047683716,0.6200000047683716,0.6200000047683716,0.6200000047683716,0
2018-08-24,0.6200000047683716,0.6200000047683716,0.6200000047683716,0.6200000047683716,0.6200000047683716,0
2018-08-27,0.6200000047683716,0.6200000047683716,0.6200000047683716,0.6200000047683716,0.6200000047683716,0
2018-08-28,0.6200000047683716,0.6200000047683716,0.6200000047683716,0.6200000047683716,0.6200000047683716,0
2018-08-29,0.6399999856948853,0.6399999856948853,0.6399999856948853,0.6299999952316284,0.6299999952316284,70000
2018-08-30,0.6499999761581421,0.6499999761581421,0.6499999761581421,0.6499999761581421,0.6499999761581421,0
2018-08-31,0.6100000143051147,0.6100000143051147,0.6100000143051147,0.6100000143051147,0.6100000143051147,0
2018-09-03,0.6000000238418579,0.6000000238418579,0.6000000238418579,0.6000000238418579,0.6000000238418579,0
2018-09-04,0.5899999737739563,0.5899999737739563,0.6000000238418579,0.5899999737739563,0.6000000238418579,470000
2018-09-05,0.5899999737739563,0.5899999737739563,0.5899999737739563,0.5899999737739563,0.5899999737739563,0
2018-09-06,0.6000000238418579,0.6000000238418579,0.6000000238418579,0.6000000238418579,0.6000000238418579,0
2018-09-07,0.6000000238418579,0.6000000238418579,0.6000000238418579,0.6000000238418579,0.6000000238418579,0
2018-09-10,0.6000000238418579,0.6000000238418579,0.6000000238418579,0.6000000238418579,0.6000000238418579,0
2018-09-11,0.6000000238418579,0.6000000238418579,0.6000000238418579,0.6000000238418579,0.6000000238418579,0
2018-09-12,0.5899999737739563,0.5899999737739563,0.5899999737739563,0.5899999737739563,0.5899999737739563,40000
2018-09-13,0.6000000238418579,0.6000000238418579,0.6000000238418579,0.5600000023841858,0.5799999833106995,2110000
2018-09-14,0.6000000238418579,0.6000000238418579,0.6000000238418579,0.6000000238418579,0.6000000238418579,0
2018-09-17,0.6000000238418579,0.6000000238418579,0.6000000238418579,0.6000000238418579,0.6000000238418579,0
2018-09-18,0.6000000238418579,0.6000000238418579,0.6000000238418579,0.6000000238418579,0.6000000238418579,0
2018-09-19,0.6000000238418579,0.6000000238418579,0.6000000238418579,0.6000000238418579,0.6000000238418579,0
2018-09-20,0.5299999713897705,0.5299999713897705,0.5799999833106995,0.5099999904632568,0.5699999928474426,950000
2018-09-21,0.550000011920929,0.550000011920929,0.5600000023841858,0.550000011920929,0.5600000023841858,100000
2018-09-24,0.550000011920929,0.550000011920929,0.550000011920929,0.550000011920929,0.550000011920929,0
2018-09-26,0.550000011920929,0.550000011920929,0.550000011920929,0.550000011920929,0.550000011920929,0
2018-09-27,0.550000011920929,0.550000011920929,0.550000011920929,0.550000011920929,0.550000011920929,0
2018-09-28,0.5699999928474426,0.5699999928474426,0.5699999928474426,0.5699999928474426,0.5699999928474426,0
2018-10-02,0.5699999928474426,0.5699999928474426,0.5699999928474426,0.5699999928474426,0.5699999928474426,0
2018-10-03,0.5600000023841858,0.5600000023841858,0.5600000023841858,0.5600000023841858,0.5600000023841858,0
2018-10-04,0.5600000023841858,0.5600000023841858,0.5600000023841858,0.5600000023841858,0.5600000023841858,0
2018-10-05,0.5699999928474426,0.5699999928474426,0.5699999928474426,0.5699999928474426,0.5699999928474426,0
2018-10-08,0.5699999928474426,0.5699999928474426,0.5699999928474426,0.5699999928474426,0.5699999928474426,0
2018-10-09,0.550000011920929,0.550000011920929,0.550000011920929,0.550000011920929,0.550000011920929,0
2018-10-10,0.550000011920929,0.550000011920929,0.550000011920929,0.550000011920929,0.550000011920929,0
2018-10-11,0.47999998927116394,0.47999998927116394,0.47999998927116394,0.4749999940395355,0.47999998927116394,240000
2018-10-12,0.47999998927116394,0.47999998927116394,0.47999998927116394,0.47999998927116394,0.47999998927116394,0
2018-10-15,0.48500001430511475,0.48500001430511475,0.47999998927116394,0.4749999940395355,0.48500001430511475,10000
2018-10-16,0.47999998927116394,0.47999998927116394,0.47999998927116394,0.47999998927116394,0.47999998927116394,0
2018-10-18,0.47999998927116394,0.47999998927116394,0.47999998927116394,0.47999998927116394,0.47999998927116394,0
2018-10-19,0.47999998927116394,0.47999998927116394,0.47999998927116394,0.47999998927116394,0.47999998927116394,0
2018-10-22,0.44999998807907104,0.44999998807907104,0.4699999988079071,0.4350000023841858,0.4350000023841858,250000
2018-10-23,0.44999998807907104,0.44999998807907104,0.44999998807907104,0.44999998807907104,0.44999998807907104,0
2018-10-24,0.4699999988079071,0.4699999988079071,0.4699999988079071,0.4699999988079071,0.4699999988079071,0
2018-10-25,0.47999998927116394,0.47999998927116394,0.47999998927116394,0.47999998927116394,0.47999998927116394,0
2018-10-26,0.48500001430511475,0.48500001430511475,0.5799999833106995,0.48500001430511475,0.5799999833106995,50000
2018-10-29,0.49000000953674316,0.49000000953674316,0.5,0.49000000953674316,0.49000000953674316,450000
2018-10-30,0.46000000834465027,0.46000000834465027,0.46000000834465027,0.4399999976158142,0.4449999928474426,120000
2018-10-31,0.6499999761581421,0.6499999761581421,0.6499999761581421,0.5699999928474426,0.5699999928474426,100000
2018-11-01,0.5799999833106995,0.5799999833106995,0.5600000023841858,0.5600000023841858,0.5600000023841858,20000
2018-11-02,0.6000000238418579,0.6000000238418579,0.6800000071525574,0.5799999833106995,0.5899999737739563,460000
2018-11-05,0.6000000238418579,0.6000000238418579,0.6000000238418579,0.6000000238418579,0.6000000238418579,40000
2018-11-06,0.5799999833106995,0.5799999833106995,0.5899999737739563,0.5799999833106995,0.5899999737739563,30000
2018-11-07,0.5699999928474426,0.5699999928474426,0.5799999833106995,0.5699999928474426,0.5799999833106995,260000
2018-11-08,0.5699999928474426,0.5699999928474426,0.5699999928474426,0.5699999928474426,0.5699999928474426,0
2018-11-09,0.5600000023841858,0.5600000023841858,0.5600000023841858,0.5600000023841858,0.5600000023841858,30000
2018-11-12,0.6899999976158142,0.6899999976158142,0.7699999809265137,0.6399999856948853,0.6399999856948853,100000
2018-11-13,0.6800000071525574,0.6800000071525574,0.6800000071525574,0.6800000071525574,0.6800000071525574,0
2018-11-14,0.6800000071525574,0.6800000071525574,0.6800000071525574,0.6800000071525574,0.6800000071525574,0
2018-11-15,0.6800000071525574,0.6800000071525574,0.6800000071525574,0.6800000071525574,0.6800000071525574,0
2018-11-16,0.699999988079071,0.699999988079071,0.699999988079071,0.6800000071525574,0.6800000071525574,340000
2018-11-19,0.699999988079071,0.699999988079071,0.699999988079071,0.6600000262260437,0.699999988079071,76000
2018-11-20,0.699999988079071,0.699999988079071,0.699999988079071,0.699999988079071,0.699999988079071,0
2018-11-21,0.699999988079071,0.699999988079071,0.7699999809265137,0.699999988079071,0.699999988079071,120000
2018-11-22,0.6899999976158142,0.6899999976158142,0.75,0.6899999976158142,0.699999988079071,164000
2018-11-23,0.699999988079071,0.699999988079071,0.699999988079071,0.699999988079071,0.699999988079071,0
2018-11-26,0.699999988079071,0.699999988079071,0.8100000023841858,0.699999988079071,0.699999988079071,160000
2018-11-27,0.7400000095367432,0.7400000095367432,0.7599999904632568,0.7200000286102295,0.7200000286102295,190000
2018-11-28,0.7300000190734863,0.7300000190734863,0.7699999809265137,0.7300000190734863,0.7400000095367432,250000
2018-11-29,0.7300000190734863,0.7300000190734863,0.7799999713897705,0.7099999785423279,0.7300000190734863,750000
2018-11-30,0.699999988079071,0.699999988079071,0.7400000095367432,0.699999988079071,0.7400000095367432,340000
2018-12-03,0.6899999976158142,0.6899999976158142,0.699999988079071,0.6899999976158142,0.699999988079071,90000
2018-12-04,0.7200000286102295,0.7200000286102295,0.7300000190734863,0.6600000262260437,0.6700000166893005,564350
2018-12-05,0.6499999761581421,0.6499999761581421,0.6700000166893005,0.6499999761581421,0.6700000166893005,510000
2018-12-06,0.5899999737739563,0.5899999737739563,0.699999988079071,0.5699999928474426,0.6399999856948853,1365000
2018-12-07,0.5799999833106995,0.5799999833106995,0.6000000238418579,0.5799999833106995,0.5799999833106995,865000
2018-12-10,0.5799999833106995,0.5799999833106995,0.6000000238418579,0.5299999713897705,0.6000000238418579,420000
2018-12-11,0.5799999833106995,0.5799999833106995,0.5799999833106995,0.5799999833106995,0.5799999833106995,0
2018-12-12,0.6000000238418579,0.6000000238418579,0.6000000238418579,0.5699999928474426,0.5799999833106995,190000
2018-12-13,0.6000000238418579,0.6000000238418579,0.6000000238418579,0.6000000238418579,0.6000000238418579,100000
2018-12-14,0.5899999737739563,0.5899999737739563,0.5899999737739563,0.5899999737739563,0.5899999737739563,100000
2018-12-17,0.5799999833106995,0.5799999833106995,0.5799999833106995,0.5799999833106995,0.5799999833106995,0
2018-12-18,0.5799999833106995,0.5799999833106995,0.5799999833106995,0.5799999833106995,0.5799999833106995,0
2018-12-19,0.5899999737739563,0.5899999737739563,0.5899999737739563,0.5899999737739563,0.5899999737739563,0
2018-12-20,0.6000000238418579,0.6000000238418579,0.6000000238418579,0.5899999737739563,0.5899999737739563,140000
2018-12-21,0.6000000238418579,0.6000000238418579,0.6000000238418579,0.6000000238418579,0.6000000238418579,10000
2018-12-24,0.6000000238418579,0.6000000238418579,0.6000000238418579,0.6000000238418579,0.6000000238418579,0
2018-12-27,0.5899999737739563,0.5899999737739563,0.5899999737739563,0.5899999737739563,0.5899999737739563,40000
2018-12-28,0.6399999856948853,0.6399999856948853,0.6399999856948853,0.6399999856948853,0.6399999856948853,10000
2018-12-31,0.6399999856948853,0.6399999856948853,0.6399999856948853,0.6399999856948853,0.6399999856948853,0
2019-01-02,0.6499999761581421,0.6499999761581421,0.6499999761581421,0.6499999761581421,0.6499999761581421,140000
2019-01-03,0.6499999761581421,0.6499999761581421,0.6499999761581421,0.6499999761581421,0.6499999761581421,0
2019-01-04,0.5699999928474426,0.5699999928474426,0.5699999928474426,0.5699999928474426,0.6299999952316284,45325
2019-01-07,0.5899999737739563,0.5899999737739563,0.5899999737739563,0.5899999737739563,0.5899999737739563,0
2019-01-08,0.5799999833106995,0.5799999833106995,0.5799999833106995,0.5799999833106995,0.5899999737739563,50000
2019-01-09,0.5600000023841858,0.5600000023841858,0.5699999928474426,0.5600000023841858,0.5600000023841858,150000
2019-01-10,0.5299999713897705,0.5299999713897705,0.5600000023841858,0.5299999713897705,0.5600000023841858,210000
2019-01-11,0.5199999809265137,0.5199999809265137,0.5400000214576721,0.5,0.5199999809265137,320000
2019-01-14,0.4950000047683716,0.4950000047683716,0.5400000214576721,0.49000000953674316,0.5400000214576721,260000
2019-01-15,0.5,0.5,0.5199999809265137,0.49000000953674316,0.49000000953674316,600000
2019-01-16,0.5,0.5,0.5,0.4950000047683716,0.5,270000
2019-01-17,0.5099999904632568,0.5099999904632568,0.5099999904632568,0.5099999904632568,0.5099999904632568,140000
2019-01-18,0.5099999904632568,0.5099999904632568,0.5199999809265137,0.5099999904632568,0.5099999904632568,180000
2019-01-21,0.5099999904632568,0.5099999904632568,0.5099999904632568,0.5,0.5,90000
2019-01-22,0.5099999904632568,0.5099999904632568,0.5099999904632568,0.5099999904632568,0.5099999904632568,0
2019-01-23,0.5,0.5,0.5,0.5,0.5,0
2019-01-24,0.5600000023841858,0.5600000023841858,0.5600000023841858,0.5,0.5,20000
2019-01-25,0.5600000023841858,0.5600000023841858,0.5600000023841858,0.5600000023841858,0.5600000023841858,0
2019-01-28,0.5600000023841858,0.5600000023841858,0.5600000023841858,0.5600000023841858,0.5600000023841858,0
2019-01-29,0.5600000023841858,0.5600000023841858,0.5600000023841858,0.5600000023841858,0.5600000023841858,0
2019-01-30,0.5,0.5,0.5,0.5,0.5,50000
2019-01-31,0.5099999904632568,0.5099999904632568,0.5099999904632568,0.5099999904632568,0.5099999904632568,0
2019-02-01,0.5099999904632568,0.5099999904632568,0.5099999904632568,0.5099999904632568,0.5099999904632568,70000
2019-02-04,0.5099999904632568,0.5099999904632568,0.5099999904632568,0.5099999904632568,0.5099999904632568,0
2019-02-08,0.5099999904632568,0.5099999904632568,0.5099999904632568,0.5099999904632568,0.5099999904632568,0
2019-02-11,0.5199999809265137,0.5199999809265137,0.5199999809265137,0.5199999809265137,0.5199999809265137,0
2019-02-12,0.5099999904632568,0.5099999904632568,0.5099999904632568,0.5099999904632568,0.5099999904632568,20500
2019-02-13,0.5199999809265137,0.5199999809265137,0.5199999809265137,0.5199999809265137,0.5199999809265137,0
2019-02-14,0.5799999833106995,0.5799999833106995,0.5899999737739563,0.5199999809265137,0.5199999809265137,2380000
2019-02-15,0.5400000214576721,0.5400000214576721,0.5899999737739563,0.5400000214576721,0.5799999833106995,2070000
2019-02-18,0.550000011920929,0.550000011920929,0.5899999737739563,0.550000011920929,0.5899999737739563,110000
2019-02-19,0.5799999833106995,0.5799999833106995,0.5799999833106995,0.5799999833106995,0.5799999833106995,150000
2019-02-20,0.5799999833106995,0.5799999833106995,0.5899999737739563,0.550000011920929,0.5899999737739563,650000
2019-02-21,0.5699999928474426,0.5699999928474426,0.5699999928474426,0.5699999928474426,0.5699999928474426,0
2019-02-22,0.5699999928474426,0.5699999928474426,0.5699999928474426,0.5699999928474426,0.5699999928474426,0
2019-02-25,0.5600000023841858,0.5600000023841858,0.5600000023841858,0.5600000023841858,0.5600000023841858,210000
2019-02-26,0.550000011920929,0.550000011920929,0.550000011920929,0.550000011920929,0.550000011920929,0
2019-02-27,0.5699999928474426,0.5699999928474426,0.5799999833106995,0.5699999928474426,0.5799999833106995,470000
2019-02-28,0.5699999928474426,0.5699999928474426,0.5699999928474426,0.5699999928474426,0.5699999928474426,0
2019-03-01,0.5799999833106995,0.5799999833106995,0.5799999833106995,0.5299999713897705,0.5299999713897705,220000
2019-03-04,0.5400000214576721,0.5400000214576721,0.550000011920929,0.5199999809265137,0.5400000214576721,430000
2019-03-05,0.5199999809265137,0.5199999809265137,0.5400000214576721,0.5199999809265137,0.5400000214576721,20000
2019-03-06,0.5199999809265137,0.5199999809265137,0.5199999809265137,0.5199999809265137,0.5199999809265137,0
2019-03-07,0.5400000214576721,0.5400000214576721,0.550000011920929,0.550000011920929,0.550000011920929,50000
2019-03-08,0.5199999809265137,0.5199999809265137,0.5600000023841858,0.5199999809265137,0.5600000023841858,120000
2019-03-11,0.5099999904632568,0.5099999904632568,0.5,0.5,0.5,10000
2019-03-12,0.5,0.5,0.5,0.5,0.5,50000
2019-03-13,0.5,0.5,0.5,0.5,0.5,0
2019-03-14,0.5400000214576721,0.5400000214576721,0.5400000214576721,0.5099999904632568,0.5099999904632568,160000
2019-03-15,0.5400000214576721,0.5400000214576721,0.5400000214576721,0.5400000214576721,0.5400000214576721,0
2019-03-18,0.5299999713897705,0.5299999713897705,0.5299999713897705,0.5,0.5,260000
2019-03-19,0.5299999713897705,0.5299999713897705,0.5299999713897705,0.5299999713897705,0.5299999713897705,0
2019-03-20,0.5099999904632568,0.5099999904632568,0.5099999904632568,0.5,0.5099999904632568,430000
2019-03-21,0.5,0.5,0.5,0.5,0.5,0
2019-03-22,0.5,0.5,0.5,0.5,0.5,10000
2019-03-25,0.5199999809265137,0.5199999809265137,0.5299999713897705,0.5,0.5,100000
2019-03-26,0.5199999809265137,0.5199999809265137,0.5199999809265137,0.5099999904632568,0.5099999904632568,65000
2019-03-27,0.5199999809265137,0.5199999809265137,0.5199999809265137,0.5099999904632568,0.5,20000
2019-03-28,0.4699999988079071,0.4699999988079071,0.5,0.4699999988079071,0.5,1410000
2019-03-29,0.45500001311302185,0.45500001311302185,0.47999998927116394,0.44999998807907104,0.47999998927116394,1301000
2019-04-01,0.4699999988079071,0.4699999988079071,0.4699999988079071,0.4650000035762787,0.4650000035762787,160000
2019-04-02,0.4699999988079071,0.4699999988079071,0.4699999988079071,0.4650000035762787,0.4650000035762787,40000
2019-04-03,0.46000000834465027,0.46000000834465027,0.46000000834465027,0.46000000834465027,0.46000000834465027,0
2019-04-04,0.4950000047683716,0.4950000047683716,0.5199999809265137,0.46000000834465027,0.46000000834465027,250000
2019-04-08,0.44999998807907104,0.44999998807907104,0.5,0.4350000023841858,0.5,1200000
2019-04-09,0.44999998807907104,0.44999998807907104,0.44999998807907104,0.44999998807907104,0.44999998807907104,0
2019-04-10,0.44999998807907104,0.44999998807907104,0.44999998807907104,0.44999998807907104,0.44999998807907104,0
2019-04-11,0.44999998807907104,0.44999998807907104,0.44999998807907104,0.44999998807907104,0.44999998807907104,0
2019-04-12,0.44999998807907104,0.44999998807907104,0.44999998807907104,0.44999998807907104,0.44999998807907104,0
2019-04-15,0.44999998807907104,0.44999998807907104,0.44999998807907104,0.44999998807907104,0.44999998807907104,0
2019-04-16,0.44999998807907104,0.44999998807907104,0.44999998807907104,0.44999998807907104,0.44999998807907104,0
2019-04-17,0.44999998807907104,0.44999998807907104,0.44999998807907104,0.44999998807907104,0.44999998807907104,0
2019-04-18,0.44999998807907104,0.44999998807907104,0.44999998807907104,0.44999998807907104,0.44999998807907104,0
2019-04-23,0.44999998807907104,0.44999998807907104,0.44999998807907104,0.44999998807907104,0.44999998807907104,0
2019-04-24,0.44999998807907104,0.44999998807907104,0.44999998807907104,0.44999998807907104,0.44999998807907104,0
2019-04-25,0.44999998807907104,0.44999998807907104,0.44999998807907104,0.44999998807907104,0.44999998807907104,0
2019-04-26,0.44999998807907104,0.44999998807907104,0.44999998807907104,0.44999998807907104,0.44999998807907104,0
2019-04-29,0.44999998807907104,0.44999998807907104,0.44999998807907104,0.44999998807907104,0.44999998807907104,0
2019-04-30,0.44999998807907104,0.44999998807907104,0.44999998807907104,0.44999998807907104,0.44999998807907104,0
2019-05-02,0.44999998807907104,0.44999998807907104,0.44999998807907104,0.44999998807907104,0.44999998807907104,0
2019-05-03,0.5099999904632568,0.5099999904632568,0.5099999904632568,0.5099999904632568,0.5099999904632568,0
2019-05-06,0.47999998927116394,0.47999998927116394,0.5,0.47999998927116394,0.5,80000
2019-05-07,0.47999998927116394,0.47999998927116394,0.47999998927116394,0.47999998927116394,0.47999998927116394,0
2019-05-08,0.4650000035762787,0.4650000035762787,0.4650000035762787,0.4650000035762787,0.4650000035762787,0
2019-05-09,0.45500001311302185,0.45500001311302185,0.45500001311302185,0.45500001311302185,0.45500001311302185,0
2019-05-10,0.45500001311302185,0.45500001311302185,0.45500001311302185,0.45500001311302185,0.45500001311302185,0
2019-05-14,0.41999998688697815,0.41999998688697815,0.42500001192092896,0.3499999940395355,0.38999998569488525,380000
2019-05-15,0.4000000059604645,0.4000000059604645,0.4000000059604645,0.4000000059604645,0.4000000059604645,100000
2019-05-16,0.38999998569488525,0.38999998569488525,0.38999998569488525,0.38999998569488525,0.38999998569488525,0
2019-05-17,0.3700000047683716,0.3700000047683716,0.375,0.3700000047683716,0.375,30000
2019-05-20,0.3700000047683716,0.3700000047683716,0.3700000047683716,0.3700000047683716,0.3700000047683716,0
2019-05-21,0.33500000834465027,0.33500000834465027,0.3499999940395355,0.33000001311302185,0.33500000834465027,750000
2019-05-22,0.33000001311302185,0.33000001311302185,0.3449999988079071,0.3199999928474426,0.3449999988079071,520000
2019-05-23,0.33500000834465027,0.33500000834465027,0.3400000035762787,0.33500000834465027,0.3400000035762787,50000
2019-05-24,0.3449999988079071,0.3449999988079071,0.39500001072883606,0.30000001192092896,0.33500000834465027,7570000
2019-05-27,0.3400000035762787,0.3400000035762787,0.3400000035762787,0.3400000035762787,0.3400000035762787,270000
2019-05-28,0.3449999988079071,0.3449999988079071,0.3449999988079071,0.3449999988079071,0.3449999988079071,90000
2019-05-29,0.3449999988079071,0.3449999988079071,0.3449999988079071,0.3449999988079071,0.3449999988079071,200000
2019-05-30,0.3499999940395355,0.3499999940395355,0.3499999940395355,0.3499999940395355,0.3499999940395355,0
2019-05-31,0.3499999940395355,0.3499999940395355,0.3499999940395355,0.3499999940395355,0.3499999940395355,0
2019-06-03,0.3499999940395355,0.3499999940395355,0.3499999940395355,0.3499999940395355,0.3499999940395355,0
2019-06-04,0.3499999940395355,0.3499999940395355,0.3499999940395355,0.3499999940395355,0.3499999940395355,0
2019-06-05,0.3499999940395355,0.3499999940395355,0.3499999940395355,0.3499999940395355,0.3499999940395355,0
2019-06-06,0.3499999940395355,0.3499999940395355,0.3499999940395355,0.3499999940395355,0.3499999940395355,0
2019-06-10,0.3499999940395355,0.3499999940395355,0.3499999940395355,0.3499999940395355,0.3499999940395355,0
2019-06-11,0.3499999940395355,0.3499999940395355,0.3499999940395355,0.3499999940395355,0.3499999940395355,0
2019-06-12,0.3499999940395355,0.3499999940395355,0.3499999940395355,0.3499999940395355,0.3499999940395355,0
2019-06-13,0.3400000035762787,0.3400000035762787,0.3400000035762787,0.3400000035762787,0.3400000035762787,30000
2019-06-14,0.3400000035762787,0.3400000035762787,0.3400000035762787,0.3400000035762787,0.3400000035762787,0
2019-06-17,0.3400000035762787,0.3400000035762787,0.3400000035762787,0.3400000035762787,0.3400000035762787,0
2019-06-18,0.3400000035762787,0.3400000035762787,0.33500000834465027,0.33000001311302185,0.33500000834465027,170000
2019-06-19,0.33000001311302185,0.33000001311302185,0.33000001311302185,0.3149999976158142,0.3149999976158142,180000
2019-06-20,0.3149999976158142,0.3149999976158142,0.3199999928474426,0.3149999976158142,0.3149999976158142,160000
2019-06-21,0.3199999928474426,0.3199999928474426,0.3199999928474426,0.3199999928474426,0.3199999928474426,0
2019-06-24,0.3199999928474426,0.3199999928474426,0.3199999928474426,0.3199999928474426,0.3199999928474426,0
2019-06-25,0.33000001311302185,0.33000001311302185,0.33000001311302185,0.33000001311302185,0.33000001311302185,0
2019-06-26,0.33000001311302185,0.33000001311302185,0.33000001311302185,0.3199999928474426,0.3199999928474426,80000
2019-06-27,0.33000001311302185,0.33000001311302185,0.3499999940395355,0.3050000071525574,0.33000001311302185,150000
2019-06-28,0.3199999928474426,0.3199999928474426,0.3100000023841858,0.3050000071525574,0.3100000023841858,40000
2019-07-02,0.32499998807907104,0.32499998807907104,0.32499998807907104,0.32499998807907104,0.32499998807907104,0
2019-07-03,0.33000001311302185,0.33000001311302185,0.33000001311302185,0.32499998807907104,0.32499998807907104,130000
2019-07-04,0.3199999928474426,0.3199999928474426,0.3199999928474426,0.3199999928474426,0.3199999928474426,0
2019-07-05,0.49000000953674316,0.49000000953674316,0.4950000047683716,0.32499998807907104,0.32499998807907104,350000
2019-07-08,0.41999998688697815,0.41999998688697815,0.49000000953674316,0.3799999952316284,0.49000000953674316,830000
2019-07-09,0.38999998569488525,0.38999998569488525,0.4099999964237213,0.35499998927116394,0.35499998927116394,1860000
2019-07-10,0.39500001072883606,0.39500001072883606,0.38999998569488525,0.38999998569488525,0.38999998569488525,250000
2019-07-11,0.4099999964237213,0.4099999964237213,0.4399999976158142,0.39500001072883606,0.39500001072883606,480000
2019-07-12,0.44999998807907104,0.44999998807907104,0.4699999988079071,0.4099999964237213,0.4099999964237213,560000
2019-07-15,0.4449999928474426,0.4449999928474426,0.44999998807907104,0.4399999976158142,0.4449999928474426,66000
2019-07-16,0.4399999976158142,0.4399999976158142,0.4399999976158142,0.4399999976158142,0.4399999976158142,0
2019-07-17,0.46000000834465027,0.46000000834465027,0.46000000834465027,0.4399999976158142,0.4399999976158142,930000
2019-07-18,0.4699999988079071,0.4699999988079071,0.4699999988079071,0.4699999988079071,0.4699999988079071,100000
2019-07-19,0.4950000047683716,0.4950000047683716,0.4950000047683716,0.4699999988079071,0.49000000953674316,320000
2019-07-22,0.5,0.5,0.5199999809265137,0.45500001311302185,0.45500001311302185,245000
2019-07-23,0.4950000047683716,0.4950000047683716,0.4950000047683716,0.4950000047683716,0.4950000047683716,0
2019-07-24,0.5400000214576721,0.5400000214576721,0.550000011920929,0.4749999940395355,0.47999998927116394,170000
2019-07-25,0.5199999809265137,0.5199999809265137,0.5400000214576721,0.5199999809265137,0.5199999809265137,190000
2019-07-26,0.5799999833106995,0.5799999833106995,0.6000000238418579,0.5199999809265137,0.5199999809265137,2290000
2019-07-29,0.6499999761581421,0.6499999761581421,0.6499999761581421,0.5600000023841858,0.5799999833106995,2740000
2019-07-30,0.6899999976158142,0.6899999976158142,0.699999988079071,0.6000000238418579,0.6499999761581421,1890000
2019-07-31,0.7200000286102295,0.7200000286102295,0.7300000190734863,0.6000000238418579,0.6700000166893005,5790000
2019-08-01,0.6299999952316284,0.6299999952316284,0.699999988079071,0.6100000143051147,0.699999988079071,2000000
2019-08-02,0.5699999928474426,0.5699999928474426,0.6100000143051147,0.5299999713897705,0.6100000143051147,1630000
2019-08-05,0.5699999928474426,0.5699999928474426,0.5899999737739563,0.5099999904632568,0.5899999737739563,2090000
2019-08-06,0.5699999928474426,0.5699999928474426,0.5699999928474426,0.5699999928474426,0.5699999928474426,10000
2019-08-07,0.5699999928474426,0.5699999928474426,0.5699999928474426,0.5699999928474426,0.5699999928474426,0
2019-08-08,0.5699999928474426,0.5699999928474426,0.5699999928474426,0.5699999928474426,0.5699999928474426,0
2019-08-09,0.5,0.5,0.5,0.5,0.5,210000
2019-08-12,0.5,0.5,0.5,0.5,0.5,0
2019-08-13,0.4650000035762787,0.4650000035762787,0.45500001311302185,0.45500001311302185,0.45500001311302185,20000
2019-08-14,0.4699999988079071,0.4699999988079071,0.4699999988079071,0.46000000834465027,0.4699999988079071,90000
2019-08-15,0.4699999988079071,0.4699999988079071,0.4699999988079071,0.4699999988079071,0.4699999988079071,0
2019-08-16,0.44999998807907104,0.44999998807907104,0.44999998807907104,0.42500001192092896,0.42500001192092896,47649
2019-08-19,0.550000011920929,0.550000011920929,0.550000011920929,0.550000011920929,0.550000011920929,20000
2019-08-20,0.4950000047683716,0.4950000047683716,0.5,0.4950000047683716,0.5,40000
2019-08-21,0.4699999988079071,0.4699999988079071,0.4950000047683716,0.45500001311302185,0.45500001311302185,38000
2019-08-22,0.5,0.5,0.5,0.5,0.5,10000
2019-08-23,0.5,0.5,0.5,0.5,0.5,0
2019-08-26,0.5,0.5,0.5,0.47999998927116394,0.48500001430511475,650000
2019-08-27,0.4749999940395355,0.4749999940395355,0.5400000214576721,0.4050000011920929,0.48500001430511475,2070000
2019-08-28,0.44999998807907104,0.44999998807907104,0.46000000834465027,0.4350000023841858,0.44999998807907104,2810000
2019-08-29,0.4650000035762787,0.4650000035762787,0.4749999940395355,0.4300000071525574,0.44999998807907104,3450000
2019-08-30,0.39500001072883606,0.39500001072883606,0.4749999940395355,0.39500001072883606,0.4749999940395355,2250000
2019-09-02,0.4350000023841858,0.4350000023841858,0.4950000047683716,0.4000000059604645,0.4000000059604645,620000
2019-09-03,0.41999998688697815,0.41999998688697815,0.42500001192092896,0.41499999165534973,0.42500001192092896,30000
2019-09-04,0.4399999976158142,0.4399999976158142,0.44999998807907104,0.4399999976158142,0.44999998807907104,120000
2019-09-05,0.42500001192092896,0.42500001192092896,0.42500001192092896,0.42500001192092896,0.42500001192092896,10000
2019-09-06,0.45500001311302185,0.45500001311302185,0.45500001311302185,0.45500001311302185,0.45500001311302185,0
2019-09-09,0.45500001311302185,0.45500001311302185,0.45500001311302185,0.45500001311302185,0.45500001311302185,0
2019-09-10,0.44999998807907104,0.44999998807907104,0.46000000834465027,0.44999998807907104,0.45500001311302185,170000
2019-09-11,0.4449999928474426,0.4449999928474426,0.4449999928474426,0.4449999928474426,0.4449999928474426,70000
2019-09-12,0.4350000023841858,0.4350000023841858,0.4350000023841858,0.4350000023841858,0.4350000023841858,100000
2019-09-13,0.4350000023841858,0.4350000023841858,0.4350000023841858,0.4350000023841858,0.4350000023841858,0
2019-09-16,0.42500001192092896,0.42500001192092896,0.42500001192092896,0.42500001192092896,0.42500001192092896,0
2019-09-17,0.42500001192092896,0.42500001192092896,0.42500001192092896,0.42500001192092896,0.42500001192092896,0
2019-09-18,0.42500001192092896,0.42500001192092896,0.42500001192092896,0.42500001192092896,0.42500001192092896,0
2019-09-19,0.42500001192092896,0.42500001192092896,0.42500001192092896,0.42500001192092896,0.42500001192092896,0
2019-09-20,0.42500001192092896,0.42500001192092896,0.42500001192092896,0.42500001192092896,0.42500001192092896,0
2019-09-23,0.42500001192092896,0.42500001192092896,0.4300000071525574,0.41999998688697815,0.4300000071525574,630000
2019-09-24,0.42500001192092896,0.42500001192092896,0.42500001192092896,0.42500001192092896,0.42500001192092896,0
2019-09-25,0.4000000059604645,0.4000000059604645,0.4000000059604645,0.4000000059604645,0.4000000059604645,18000
2019-09-26,0.45500001311302185,0.45500001311302185,0.45500001311302185,0.42500001192092896,0.45500001311302185,430000
2019-09-27,0.45500001311302185,0.45500001311302185,0.45500001311302185,0.45500001311302185,0.45500001311302185,0
2019-09-30,0.47999998927116394,0.47999998927116394,0.47999998927116394,0.45500001311302185,0.45500001311302185,480000
2019-10-02,0.47999998927116394,0.47999998927116394,0.47999998927116394,0.47999998927116394,0.47999998927116394,0
2019-10-03,0.48500001430511475,0.48500001430511475,0.48500001430511475,0.48500001430511475,0.48500001430511475,0
2019-10-04,0.47999998927116394,0.47999998927116394,0.48500001430511475,0.47999998927116394,0.48500001430511475,200000
2019-10-08,0.47999998927116394,0.47999998927116394,0.47999998927116394,0.47999998927116394,0.47999998927116394,200000
2019-10-09,0.5,0.5,0.5,0.49000000953674316,0.49000000953674316,100000
2019-10-10,0.44999998807907104,0.44999998807907104,0.5,0.44999998807907104,0.4950000047683716,400000
2019-10-11,0.47999998927116394,0.47999998927116394,0.47999998927116394,0.47999998927116394,0.47999998927116394,275000
2019-10-14,0.5,0.5,0.5099999904632568,0.5,0.5,1300000
2019-10-15,0.47999998927116394,0.47999998927116394,0.5,0.47999998927116394,0.5,190000
2019-10-16,0.49000000953674316,0.49000000953674316,0.49000000953674316,0.49000000953674316,0.49000000953674316,0
2019-10-17,0.49000000953674316,0.49000000953674316,0.49000000953674316,0.49000000953674316,0.49000000953674316,0
2019-10-18,0.47999998927116394,0.47999998927116394,0.47999998927116394,0.47999998927116394,0.47999998927116394,1120000
2019-10-21,0.44999998807907104,0.44999998807907104,0.47999998927116394,0.44999998807907104,0.47999998927116394,110000
2019-10-22,0.44999998807907104,0.44999998807907104,0.44999998807907104,0.44999998807907104,0.44999998807907104,0
2019-10-23,0.44999998807907104,0.44999998807907104,0.44999998807907104,0.44999998807907104,0.44999998807907104,0
2019-10-24,0.4699999988079071,0.4699999988079071,0.4699999988079071,0.46000000834465027,0.46000000834465027,40000
2019-10-25,0.4699999988079071,0.4699999988079071,0.49000000953674316,0.4699999988079071,0.47999998927116394,320000
2019-10-28,0.45500001311302185,0.45500001311302185,0.45500001311302185,0.44999998807907104,0.44999998807907104,240000
2019-10-29,0.46000000834465027,0.46000000834465027,0.4699999988079071,0.46000000834465027,0.4699999988079071,210000
2019-10-30,0.45500001311302185,0.45500001311302185,0.4650000035762787,0.45500001311302185,0.46000000834465027,100000
2019-10-31,0.4650000035762787,0.4650000035762787,0.4650000035762787,0.4650000035762787,0.4650000035762787,0
2019-11-01,0.4449999928474426,0.4449999928474426,0.45500001311302185,0.4399999976158142,0.4449999928474426,222000
2019-11-04,0.45500001311302185,0.45500001311302185,0.45500001311302185,0.45500001311302185,0.45500001311302185,0
2019-11-05,0.44999998807907104,0.44999998807907104,0.46000000834465027,0.4300000071525574,0.4300000071525574,380000
2019-11-06,0.4350000023841858,0.4350000023841858,0.44999998807907104,0.4350000023841858,0.44999998807907104,80000
2019-11-07,0.41999998688697815,0.41999998688697815,0.4350000023841858,0.4099999964237213,0.4350000023841858,40000
2019-11-08,0.41999998688697815,0.41999998688697815,0.41999998688697815,0.41999998688697815,0.41999998688697815,30000
2019-11-11,0.41499999165534973,0.41499999165534973,0.4099999964237213,0.4099999964237213,0.4099999964237213,20000
2019-11-12,0.4099999964237213,0.4099999964237213,0.4099999964237213,0.4099999964237213,0.4099999964237213,0
2019-11-13,0.4000000059604645,0.4000000059604645,0.4000000059604645,0.4000000059604645,0.4000000059604645,0
2019-11-14,0.4000000059604645,0.4000000059604645,0.4000000059604645,0.4000000059604645,0.4000000059604645,0
2019-11-15,0.4050000011920929,0.4050000011920929,0.41999998688697815,0.4050000011920929,0.41999998688697815,180000
2019-11-18,0.4000000059604645,0.4000000059604645,0.4000000059604645,0.4000000059604645,0.4000000059604645,110000
2019-11-19,0.4099999964237213,0.4099999964237213,0.4099999964237213,0.4099999964237213,0.4099999964237213,100000
2019-11-20,0.4099999964237213,0.4099999964237213,0.4099999964237213,0.4099999964237213,0.4099999964237213,0
2019-11-21,0.3799999952316284,0.3799999952316284,0.4099999964237213,0.3499999940395355,0.39500001072883606,337500
2019-11-22,0.3799999952316284,0.3799999952316284,0.3799999952316284,0.3799999952316284,0.3799999952316284,0
2019-11-25,0.3799999952316284,0.3799999952316284,0.3799999952316284,0.3799999952316284,0.3799999952316284,0
2019-11-26,0.3799999952316284,0.3799999952316284,0.3799999952316284,0.3799999952316284,0.3799999952316284,0
2019-11-27,0.38499999046325684,0.38499999046325684,0.46000000834465027,0.35499998927116394,0.36000001430511475,420000
2019-11-28,0.375,0.375,0.3799999952316284,0.33000001311302185,0.33500000834465027,710000
2019-11-29,0.375,0.375,0.375,0.375,0.375,40000
2019-12-02,0.375,0.375,0.375,0.375,0.375,0
2019-12-03,0.38499999046325684,0.38499999046325684,0.38499999046325684,0.38499999046325684,0.38499999046325684,20000
2019-12-04,0.38499999046325684,0.38499999046325684,0.38499999046325684,0.38499999046325684,0.38499999046325684,0
2019-12-05,0.38499999046325684,0.38499999046325684,0.38499999046325684,0.38499999046325684,0.38499999046325684,0
2019-12-06,0.4000000059604645,0.4000000059604645,0.4000000059604645,0.4000000059604645,0.4000000059604645,170000
2019-12-09,0.4050000011920929,0.4050000011920929,0.4050000011920929,0.4050000011920929,0.4050000011920929,20000
2019-12-10,0.39500001072883606,0.39500001072883606,0.4099999964237213,0.4000000059604645,0.4099999964237213,30000
2019-12-11,0.4050000011920929,0.4050000011920929,0.4050000011920929,0.4050000011920929,0.4050000011920929,0
2019-12-12,0.4000000059604645,0.4000000059604645,0.4050000011920929,0.4000000059604645,0.4050000011920929,20000
2019-12-13,0.4399999976158142,0.4399999976158142,0.4399999976158142,0.4399999976158142,0.4399999976158142,200000
2019-12-16,0.4399999976158142,0.4399999976158142,0.4399999976158142,0.4399999976158142,0.4399999976158142,0
2019-12-17,0.4399999976158142,0.4399999976158142,0.4399999976158142,0.4399999976158142,0.4399999976158142,0
2019-12-18,0.4300000071525574,0.4300000071525574,0.4300000071525574,0.4300000071525574,0.4300000071525574,0
2019-12-19,0.4300000071525574,0.4300000071525574,0.4300000071525574,0.4300000071525574,0.4300000071525574,0
2019-12-20,0.4300000071525574,0.4300000071525574,0.4300000071525574,0.4300000071525574,0.4300000071525574,0
2019-12-23,0.4300000071525574,0.4300000071525574,0.4300000071525574,0.4300000071525574,0.4300000071525574,0
2019-12-24,0.4300000071525574,0.4300000071525574,0.4300000071525574,0.4300000071525574,0.4300000071525574,0
2019-12-27,0.4000000059604645,0.4000000059604645,0.4350000023841858,0.4000000059604645,0.4350000023841858,360000
2019-12-30,0.4000000059604645,0.4000000059604645,0.4000000059604645,0.39500001072883606,0.39500001072883606,150000
2019-12-31,0.39500001072883606,0.39500001072883606,0.39500001072883606,0.39500001072883606,0.39500001072883606,10000
2020-01-02,0.4000000059604645,0.4000000059604645,0.4000000059604645,0.4000000059604645,0.4000000059604645,170000
2020-01-03,0.3799999952316284,0.3799999952316284,0.38999998569488525,0.3799999952316284,0.38999998569488525,80000
2020-01-06,0.3799999952316284,0.3799999952316284,0.3799999952316284,0.3799999952316284,0.3799999952316284,0
2020-01-07,0.3799999952316284,0.3799999952316284,0.3799999952316284,0.3799999952316284,0.3799999952316284,0
2020-01-08,0.3799999952316284,0.3799999952316284,0.3799999952316284,0.3799999952316284,0.3799999952316284,0
2020-01-09,0.3700000047683716,0.3700000047683716,0.3700000047683716,0.33500000834465027,0.3700000047683716,230000
2020-01-10,0.3700000047683716,0.3700000047683716,0.3700000047683716,0.3700000047683716,0.3700000047683716,40000
2020-01-13,0.3700000047683716,0.3700000047683716,0.3700000047683716,0.3700000047683716,0.3700000047683716,0
2020-01-14,0.3499999940395355,0.3499999940395355,0.36500000953674316,0.3400000035762787,0.35499998927116394,300000
2020-01-15,0.38499999046325684,0.38499999046325684,0.39500001072883606,0.38499999046325684,0.39500001072883606,50000
2020-01-16,0.36000001430511475,0.36000001430511475,0.38499999046325684,0.35499998927116394,0.38499999046325684,230000
2020-01-17,0.3700000047683716,0.3700000047683716,0.3700000047683716,0.3700000047683716,0.3700000047683716,0
2020-01-20,0.36000001430511475,0.36000001430511475,0.36000001430511475,0.36000001430511475,0.36000001430511475,100000
2020-01-21,0.3700000047683716,0.3700000047683716,0.3700000047683716,0.3700000047683716,0.3700000047683716,1460000
2020-01-22,0.3700000047683716,0.3700000047683716,0.3700000047683716,0.3700000047683716,0.3700000047683716,0
2020-01-23,0.3700000047683716,0.3700000047683716,0.3700000047683716,0.3700000047683716,0.3700000047683716,0
2020-01-24,0.3700000047683716,0.3700000047683716,0.3700000047683716,0.3700000047683716,0.3700000047683716,0
2020-01-29,0.3700000047683716,0.3700000047683716,0.3700000047683716,0.3700000047683716,0.3700000047683716,0
2020-01-30,0.3700000047683716,0.3700000047683716,0.3700000047683716,0.3700000047683716,0.3700000047683716,0
2020-01-31,0.3700000047683716,0.3700000047683716,0.3700000047683716,0.3700000047683716,0.3700000047683716,0
2020-02-03,0.3700000047683716,0.3700000047683716,0.3700000047683716,0.3700000047683716,0.3700000047683716,0
2020-02-04,0.3700000047683716,0.3700000047683716,0.3700000047683716,0.3700000047683716,0.3700000047683716,0
2020-02-05,0.3700000047683716,0.3700000047683716,0.3700000047683716,0.3700000047683716,0.3700000047683716,0
2020-02-06,0.375,0.375,0.3799999952316284,0.375,0.3799999952316284,40000
2020-02-07,0.375,0.375,0.375,0.375,0.375,0
2020-02-10,0.33000001311302185,0.33000001311302185,0.3400000035762787,0.3199999928474426,0.3199999928474426,200000
2020-02-11,0.3400000035762787,0.3400000035762787,0.3400000035762787,0.3400000035762787,0.3400000035762787,0
2020-02-12,0.35499998927116394,0.35499998927116394,0.36000001430511475,0.3400000035762787,0.3400000035762787,840000
2020-02-13,0.35499998927116394,0.35499998927116394,0.35499998927116394,0.35499998927116394,0.35499998927116394,50000
2020-02-14,0.35499998927116394,0.35499998927116394,0.35499998927116394,0.35499998927116394,0.35499998927116394,0
2020-02-17,0.35499998927116394,0.35499998927116394,0.35499998927116394,0.35499998927116394,0.35499998927116394,230000
2020-02-18,0.36000001430511475,0.36000001430511475,0.36000001430511475,0.35499998927116394,0.35499998927116394,1030000
2020-02-19,0.36000001430511475,0.36000001430511475,0.36000001430511475,0.36000001430511475,0.36000001430511475,0
2020-02-20,0.36000001430511475,0.36000001430511475,0.36000001430511475,0.36000001430511475,0.36000001430511475,0
2020-02-21,0.36000001430511475,0.36000001430511475,0.36000001430511475,0.36000001430511475,0.36000001430511475,0
2020-02-24,0.36000001430511475,0.36000001430511475,0.36000001430511475,0.36000001430511475,0.36000001430511475,0
2020-02-25,0.36000001430511475,0.36000001430511475,0.36000001430511475,0.36000001430511475,0.36000001430511475,0
2020-02-26,0.33500000834465027,0.33500000834465027,0.33500000834465027,0.32499998807907104,0.33000001311302185,200000
2020-02-27,0.33000001311302185,0.33000001311302185,0.33000001311302185,0.33000001311302185,0.33000001311302185,90000
2020-02-28,0.3499999940395355,0.3499999940395355,0.3499999940395355,0.33000001311302185,0.33000001311302185,60000
2020-03-02,0.3499999940395355,0.3499999940395355,0.3499999940395355,0.3499999940395355,0.3499999940395355,0
2020-03-03,0.35499998927116394,0.35499998927116394,0.35499998927116394,0.35499998927116394,0.35499998927116394,0
2020-03-04,0.33500000834465027,0.33500000834465027,0.33500000834465027,0.33500000834465027,0.33500000834465027,10000
2020-03-05,0.33500000834465027,0.33500000834465027,0.33500000834465027,0.33500000834465027,0.33500000834465027,0
2020-03-06,0.3149999976158142,0.3149999976158142,0.3499999940395355,0.3100000023841858,0.3499999940395355,100000
2020-03-09,0.3499999940395355,0.3499999940395355,0.3499999940395355,0.3199999928474426,0.3199999928474426,150000
2020-03-10,0.33000001311302185,0.33000001311302185,0.33000001311302185,0.33000001311302185,0.33000001311302185,90000
2020-03-11,0.3050000071525574,0.3050000071525574,0.3050000071525574,0.3050000071525574,0.3050000071525574,130000
2020-03-12,0.3050000071525574,0.3050000071525574,0.3050000071525574,0.3050000071525574,0.3050000071525574,20000
2020-03-13,0.3050000071525574,0.3050000071525574,0.3050000071525574,0.25,0.25,70000
2020-03-16,0.2849999964237213,0.2849999964237213,0.30000001192092896,0.2800000011920929,0.28999999165534973,420000
2020-03-17,0.2549999952316284,0.2549999952316284,0.2549999952316284,0.2199999988079071,0.25,320000
2020-03-18,0.25999999046325684,0.25999999046325684,0.25999999046325684,0.25999999046325684,0.25999999046325684,200000
2020-03-19,0.25,0.25,0.25,0.25,0.25,1340000
2020-03-20,0.25,0.25,0.2409999966621399,0.2409999966621399,0.2409999966621399,12000
2020-03-23,0.3449999988079071,0.3449999988079071,0.3449999988079071,0.3449999988079071,0.3449999988079071,10000
2020-03-24,0.3449999988079071,0.3449999988079071,0.3449999988079071,0.3449999988079071,0.3449999988079071,0
2020-03-25,0.3199999928474426,0.3199999928474426,0.3199999928474426,0.3199999928474426,0.3199999928474426,0
2020-03-26,0.30000001192092896,0.30000001192092896,0.30000001192092896,0.30000001192092896,0.30000001192092896,0
2020-03-27,0.33000001311302185,0.33000001311302185,0.33000001311302185,0.30000001192092896,0.30000001192092896,30000
2020-03-30,0.28999999165534973,0.28999999165534973,0.2750000059604645,0.27000001072883606,0.27000001072883606,220000
2020-03-31,0.28999999165534973,0.28999999165534973,0.28999999165534973,0.25,0.25,40000
2020-04-01,0.25,0.25,0.25,0.23999999463558197,0.23999999463558197,370000
2020-04-02,0.25999999046325684,0.25999999046325684,0.2849999964237213,0.2549999952316284,0.2549999952316284,50000
2020-04-03,0.25999999046325684,0.25999999046325684,0.25999999046325684,0.25999999046325684,0.25999999046325684,140000
2020-04-06,0.25999999046325684,0.25999999046325684,0.25999999046325684,0.25999999046325684,0.25999999046325684,0
2020-04-07,0.25999999046325684,0.25999999046325684,0.25999999046325684,0.25999999046325684,0.25999999046325684,0
2020-04-08,0.26499998569488525,0.26499998569488525,0.26499998569488525,0.26499998569488525,0.26499998569488525,0
2020-04-09,0.26499998569488525,0.26499998569488525,0.26499998569488525,0.26499998569488525,0.26499998569488525,0
2020-04-14,0.26499998569488525,0.26499998569488525,0.26499998569488525,0.26499998569488525,0.26499998569488525,0
2020-04-15,0.26499998569488525,0.26499998569488525,0.26499998569488525,0.26499998569488525,0.26499998569488525,0
2020-04-16,0.25999999046325684,0.25999999046325684,0.25999999046325684,0.23000000417232513,0.23000000417232513,70000
2020-04-17,0.27000001072883606,0.27000001072883606,0.2800000011920929,0.27000001072883606,0.2800000011920929,55000
2020-04-20,0.27000001072883606,0.27000001072883606,0.27000001072883606,0.27000001072883606,0.27000001072883606,0
2020-04-21,0.28999999165534973,0.28999999165534973,0.28999999165534973,0.28999999165534973,0.28999999165534973,0
2020-04-22,0.28999999165534973,0.28999999165534973,0.28999999165534973,0.28999999165534973,0.28999999165534973,0
2020-04-23,0.28999999165534973,0.28999999165534973,0.28999999165534973,0.28999999165534973,0.28999999165534973,0
2020-04-24,0.28999999165534973,0.28999999165534973,0.28999999165534973,0.28999999165534973,0.28999999165534973,0
2020-04-27,0.28999999165534973,0.28999999165534973,0.28999999165534973,0.28999999165534973,0.28999999165534973,0
2020-04-28,0.28999999165534973,0.28999999165534973,0.28999999165534973,0.28999999165534973,0.28999999165534973,0
2020-04-29,0.28999999165534973,0.28999999165534973,0.28999999165534973,0.28999999165534973,0.28999999165534973,0
2020-05-04,0.28999999165534973,0.28999999165534973,0.28999999165534973,0.28999999165534973,0.28999999165534973,0
2020-05-05,0.28999999165534973,0.28999999165534973,0.28999999165534973,0.28999999165534973,0.28999999165534973,0
2020-05-06,0.2849999964237213,0.2849999964237213,0.2849999964237213,0.2849999964237213,0.2849999964237213,30000
2020-05-07,0.27000001072883606,0.27000001072883606,0.23999999463558197,0.23999999463558197,0.23999999463558197,30000
2020-05-08,0.27000001072883606,0.27000001072883606,0.27000001072883606,0.27000001072883606,0.27000001072883606,0
2020-05-11,0.27000001072883606,0.27000001072883606,0.27000001072883606,0.27000001072883606,0.27000001072883606,40000
2020-05-12,0.27000001072883606,0.27000001072883606,0.27000001072883606,0.27000001072883606,0.27000001072883606,0
2020-05-13,0.27000001072883606,0.27000001072883606,0.27000001072883606,0.27000001072883606,0.27000001072883606,0
2020-05-14,0.2849999964237213,0.2849999964237213,0.2849999964237213,0.2800000011920929,0.2800000011920929,770000
2020-05-15,0.2849999964237213,0.2849999964237213,0.2849999964237213,0.2849999964237213,0.2849999964237213,0
2020-05-18,0.2800000011920929,0.2800000011920929,0.2800000011920929,0.2800000011920929,0.2800000011920929,0
2020-05-19,0.27000001072883606,0.27000001072883606,0.27000001072883606,0.27000001072883606,0.27000001072883606,0
2020-05-20,0.27000001072883606,0.27000001072883606,0.2849999964237213,0.27000001072883606,0.2849999964237213,790000
2020-05-21,0.25,0.25,0.25,0.25,0.25,100000
2020-05-22,0.25,0.25,0.25,0.25,0.25,0
2020-05-25,0.25,0.25,0.25,0.25,0.25,0
2020-05-26,0.23000000417232513,0.23000000417232513,0.25,0.23000000417232513,0.25,840000
2020-05-27,0.2290000021457672,0.2290000021457672,0.23000000417232513,0.210999995470047,0.23000000417232513,250000
2020-05-28,0.22499999403953552,0.22499999403953552,0.22499999403953552,0.22499999403953552,0.22499999403953552,10000
2020-05-29,0.22499999403953552,0.22499999403953552,0.22499999403953552,0.22100000083446503,0.22100000083446503,110000
2020-06-01,0.22499999403953552,0.22499999403953552,0.22499999403953552,0.22499999403953552,0.22499999403953552,0
2020-06-02,0.22499999403953552,0.22499999403953552,0.22499999403953552,0.22499999403953552,0.22499999403953552,0
2020-06-03,0.20999999344348907,0.20999999344348907,0.2070000022649765,0.2029999941587448,0.2029999941587448,42000
2020-06-04,0.2199999988079071,0.2199999988079071,0.2199999988079071,0.2199999988079071,0.2199999988079071,20000
2020-06-05,0.20999999344348907,0.20999999344348907,0.2199999988079071,0.20000000298023224,0.20000000298023224,100000
2020-06-08,0.2290000021457672,0.2290000021457672,0.2290000021457672,0.20999999344348907,0.20999999344348907,240000
2020-06-09,0.23100000619888306,0.23100000619888306,0.23100000619888306,0.23000000417232513,0.2290000021457672,272000
2020-06-10,0.23399999737739563,0.23399999737739563,0.23399999737739563,0.23399999737739563,0.23399999737739563,240000
2020-06-11,0.23399999737739563,0.23399999737739563,0.23399999737739563,0.23399999737739563,0.23399999737739563,0
2020-06-12,0.2160000056028366,0.2160000056028366,0.20999999344348907,0.20999999344348907,0.20999999344348907,10000
2020-06-15,0.23100000619888306,0.23100000619888306,0.23100000619888306,0.23000000417232513,0.23000000417232513,210000
2020-06-16,0.23100000619888306,0.23100000619888306,0.23100000619888306,0.20600000023841858,0.20600000023841858,290000
2020-06-17,0.23100000619888306,0.23100000619888306,0.23100000619888306,0.23100000619888306,0.23100000619888306,0
2020-06-18,0.210999995470047,0.210999995470047,0.210999995470047,0.210999995470047,0.210999995470047,12500
2020-06-19,0.2199999988079071,0.2199999988079071,0.2199999988079071,0.2199999988079071,0.2199999988079071,0
2020-06-22,0.22100000083446503,0.22100000083446503,0.22100000083446503,0.22100000083446503,0.22100000083446503,0
2020-06-23,0.22100000083446503,0.22100000083446503,0.22100000083446503,0.22100000083446503,0.22100000083446503,0
2020-06-24,0.22100000083446503,0.22100000083446503,0.22100000083446503,0.22100000083446503,0.22100000083446503,26000
2020-06-26,0.23100000619888306,0.23100000619888306,0.23100000619888306,0.23100000619888306,0.23100000619888306,30000
2020-06-29,0.210999995470047,0.210999995470047,0.23100000619888306,0.210999995470047,0.23100000619888306,60000
2020-06-30,0.210999995470047,0.210999995470047,0.210999995470047,0.210999995470047,0.210999995470047,0
2020-07-02,0.210999995470047,0.210999995470047,0.210999995470047,0.210999995470047,0.210999995470047,0
2020-07-03,0.210999995470047,0.210999995470047,0.210999995470047,0.210999995470047,0.210999995470047,0
2020-07-06,0.210999995470047,0.210999995470047,0.210999995470047,0.210999995470047,0.210999995470047,0
2020-07-07,0.20000000298023224,0.20000000298023224,0.20100000500679016,0.20000000298023224,0.20000000298023224,1240000
2020-07-08,0.20100000500679016,0.20100000500679016,0.20100000500679016,0.20100000500679016,0.20100000500679016,0
2020-07-09,0.20100000500679016,0.20100000500679016,0.20100000500679016,0.20100000500679016,0.20100000500679016,359375
2020-07-10,0.20100000500679016,0.20100000500679016,0.20100000500679016,0.20100000500679016,0.20100000500679016,0
2020-07-13,0.21699999272823334,0.21699999272823334,0.21699999272823334,0.21699999272823334,0.21699999272823334,200000
2020-07-14,0.2199999988079071,0.2199999988079071,0.2199999988079071,0.2199999988079071,0.2199999988079071,170000
2020-07-15,0.2199999988079071,0.2199999988079071,0.2199999988079071,0.2199999988079071,0.2199999988079071,0
2020-07-16,0.2199999988079071,0.2199999988079071,0.2199999988079071,0.20000000298023224,0.20000000298023224,160000
2020-07-17,0.2199999988079071,0.2199999988079071,0.2199999988079071,0.2199999988079071,0.2199999988079071,100000
2020-07-20,0.2199999988079071,0.2199999988079071,0.2199999988079071,0.2199999988079071,0.2199999988079071,0
2020-07-21,0.2199999988079071,0.2199999988079071,0.2199999988079071,0.2199999988079071,0.2199999988079071,80000
2020-07-22,0.20999999344348907,0.20999999344348907,0.20999999344348907,0.2029999941587448,0.2029999941587448,20000
2020-07-23,0.20999999344348907,0.20999999344348907,0.20999999344348907,0.20999999344348907,0.20999999344348907,0
2020-07-24,0.20999999344348907,0.20999999344348907,0.20999999344348907,0.20999999344348907,0.20999999344348907,10000
2020-07-27,0.20999999344348907,0.20999999344348907,0.20999999344348907,0.20999999344348907,0.20999999344348907,20000
2020-07-28,0.20999999344348907,0.20999999344348907,0.20999999344348907,0.20999999344348907,0.20999999344348907,0
2020-07-29,0.20999999344348907,0.20999999344348907,0.20999999344348907,0.20999999344348907,0.20999999344348907,0
2020-07-30,0.20999999344348907,0.20999999344348907,0.20999999344348907,0.20999999344348907,0.20999999344348907,17500
2020-07-31,0.20999999344348907,0.20999999344348907,0.2199999988079071,0.20999999344348907,0.20000000298023224,160000
2020-08-03,0.20000000298023224,0.20000000298023224,0.20000000298023224,0.20000000298023224,0.20000000298023224,0
2020-08-04,0.20000000298023224,0.20000000298023224,0.20000000298023224,0.20000000298023224,0.20000000298023224,0
2020-08-05,0.20000000298023224,0.20000000298023224,0.20000000298023224,0.20000000298023224,0.20000000298023224,0
2020-08-06,0.21899999678134918,0.21899999678134918,0.21899999678134918,0.21899999678134918,0.21899999678134918,0
2020-08-07,0.21899999678134918,0.21899999678134918,0.21899999678134918,0.21899999678134918,0.21899999678134918,0
2020-08-10,0.21899999678134918,0.21899999678134918,0.21899999678134918,0.21899999678134918,0.21899999678134918,0
2020-08-11,0.20000000298023224,0.20000000298023224,0.20000000298023224,0.19900000095367432,0.20000000298023224,860000
2020-08-12,0.20000000298023224,0.20000000298023224,0.20000000298023224,0.1899999976158142,0.1899999976158142,150000
2020-08-13,0.20000000298023224,0.20000000298023224,0.20000000298023224,0.20000000298023224,0.20000000298023224,0
2020-08-14,0.1979999989271164,0.1979999989271164,0.20000000298023224,0.20000000298023224,0.20000000298023224,40000
2020-08-17,0.1979999989271164,0.1979999989271164,0.1979999989271164,0.1979999989271164,0.1979999989271164,0
2020-08-18,0.1979999989271164,0.1979999989271164,0.1979999989271164,0.1979999989271164,0.1979999989271164,0
2020-08-19,0.19599999487400055,0.19599999487400055,0.19599999487400055,0.19599999487400055,0.19599999487400055,0
2020-08-20,0.19499999284744263,0.19499999284744263,0.19499999284744263,0.19499999284744263,0.19499999284744263,0
2020-08-21,0.1899999976158142,0.1899999976158142,0.19499999284744263,0.1899999976158142,0.19499999284744263,560000
2020-08-24,0.1850000023841858,0.1850000023841858,0.1850000023841858,0.1850000023841858,0.1850000023841858,0
2020-08-25,0.1850000023841858,0.1850000023841858,0.1850000023841858,0.18000000715255737,0.1850000023841858,300000
2020-08-26,0.18199999630451202,0.18199999630451202,0.1850000023841858,0.18199999630451202,0.1850000023841858,370000
2020-08-27,0.18199999630451202,0.18199999630451202,0.18199999630451202,0.18199999630451202,0.18199999630451202,62000
2020-08-28,0.18000000715255737,0.18000000715255737,0.18199999630451202,0.18000000715255737,0.18199999630451202,550000
2020-08-31,0.18000000715255737,0.18000000715255737,0.18000000715255737,0.18000000715255737,0.18000000715255737,0
2020-09-01,0.1720000058412552,0.1720000058412552,0.18000000715255737,0.17000000178813934,0.18000000715255737,50000
2020-09-02,0.1720000058412552,0.1720000058412552,0.19200000166893005,0.1720000058412552,0.19200000166893005,90000
2020-09-03,0.1720000058412552,0.1720000058412552,0.1720000058412552,0.1720000058412552,0.1720000058412552,0
2020-09-04,0.1720000058412552,0.1720000058412552,0.1720000058412552,0.1720000058412552,0.1720000058412552,0
2020-09-07,0.1720000058412552,0.1720000058412552,0.1720000058412552,0.1720000058412552,0.1720000058412552,0
2020-09-08,0.17399999499320984,0.17399999499320984,0.17000000178813934,0.1679999977350235,0.17000000178813934,190000
2020-09-09,0.17599999904632568,0.17599999904632568,0.17800000309944153,0.16200000047683716,0.16200000047683716,110000
2020-09-10,0.17599999904632568,0.17599999904632568,0.17599999904632568,0.17599999904632568,0.17599999904632568,0
2020-09-11,0.17599999904632568,0.17599999904632568,0.17599999904632568,0.17599999904632568,0.17599999904632568,0
2020-09-14,0.17599999904632568,0.17599999904632568,0.17599999904632568,0.17599999904632568,0.17599999904632568,0
2020-09-15,0.17599999904632568,0.17599999904632568,0.17599999904632568,0.17599999904632568,0.17599999904632568,0
2020-09-16,0.1720000058412552,0.1720000058412552,0.17000000178813934,0.17000000178813934,0.17000000178813934,10000
2020-09-17,0.1589999943971634,0.1589999943971634,0.17100000381469727,0.1589999943971634,0.16500000655651093,350000
2020-09-18,0.1550000011920929,0.1550000011920929,0.1550000011920929,0.1550000011920929,0.1550000011920929,0
2020-09-21,0.1550000011920929,0.1550000011920929,0.1550000011920929,0.1550000011920929,0.1550000011920929,0
2020-09-22,0.1550000011920929,0.1550000011920929,0.1550000011920929,0.1550000011920929,0.1550000011920929,0
2020-09-23,0.15399999916553497,0.15399999916553497,0.15399999916553497,0.15399999916553497,0.15399999916553497,0
2020-09-24,0.15399999916553497,0.15399999916553497,0.15399999916553497,0.15399999916553497,0.15399999916553497,0
2020-09-25,0.15399999916553497,0.15399999916553497,0.15399999916553497,0.15399999916553497,0.15399999916553497,0
2020-09-28,0.1459999978542328,0.1459999978542328,0.1459999978542328,0.14300000667572021,0.14300000667572021,180000
2020-09-29,0.14000000059604645,0.14000000059604645,0.14100000262260437,0.13899999856948853,0.14100000262260437,590000
2020-09-30,0.14800000190734863,0.14800000190734863,0.14800000190734863,0.14800000190734863,0.14800000190734863,0
2020-10-05,0.14800000190734863,0.14800000190734863,0.14800000190734863,0.14800000190734863,0.14800000190734863,0
2020-10-06,0.14800000190734863,0.14800000190734863,0.14800000190734863,0.14800000190734863,0.14800000190734863,0
2020-10-07,0.14800000190734863,0.14800000190734863,0.14800000190734863,0.14800000190734863,0.14800000190734863,0
2020-10-08,0.14800000190734863,0.14800000190734863,0.14800000190734863,0.14800000190734863,0.14800000190734863,0
2020-10-09,0.1459999978542328,0.1459999978542328,0.1459999978542328,0.1459999978542328,0.1459999978542328,0
2020-10-12,0.14499999582767487,0.14499999582767487,0.14499999582767487,0.14499999582767487,0.14499999582767487,0
2020-10-14,0.14000000059604645,0.14000000059604645,0.14000000059604645,0.14000000059604645,0.14000000059604645,0
2020-10-15,0.14000000059604645,0.14000000059604645,0.15000000596046448,0.12999999523162842,0.12999999523162842,170000
2020-10-16,0.1469999998807907,0.1469999998807907,0.1469999998807907,0.1469999998807907,0.1469999998807907,0
2020-10-19,0.1469999998807907,0.1469999998807907,0.1469999998807907,0.1469999998807907,0.1469999998807907,0
2020-10-20,0.14499999582767487,0.14499999582767487,0.14499999582767487,0.13300000131130219,0.13600000739097595,190000
2020-10-21,0.14499999582767487,0.14499999582767487,0.14499999582767487,0.14499999582767487,0.14499999582767487,20000
2020-10-22,0.14499999582767487,0.14499999582767487,0.14499999582767487,0.14499999582767487,0.14499999582767487,0
2020-10-23,0.14800000190734863,0.14800000190734863,0.14800000190734863,0.1379999965429306,0.1379999965429306,92000
2020-10-27,0.1340000033378601,0.1340000033378601,0.13699999451637268,0.1120000034570694,0.13699999451637268,1340000
2020-10-28,0.1340000033378601,0.1340000033378601,0.1340000033378601,0.1340000033378601,0.1340000033378601,0
2020-10-29,0.12300000339746475,0.12300000339746475,0.12300000339746475,0.11400000005960464,0.11599999666213989,1360000
2020-10-30,0.12399999797344208,0.12399999797344208,0.12399999797344208,0.11699999868869781,0.11699999868869781,300000
2020-11-02,0.12399999797344208,0.12399999797344208,0.12399999797344208,0.12399999797344208,0.12399999797344208,0
2020-11-03,0.12399999797344208,0.12399999797344208,0.12399999797344208,0.12399999797344208,0.12399999797344208,20000
2020-11-04,0.12399999797344208,0.12399999797344208,0.12399999797344208,0.12399999797344208,0.12399999797344208,0
2020-11-05,0.12399999797344208,0.12399999797344208,0.12399999797344208,0.12399999797344208,0.12399999797344208,0
2020-11-06,0.12399999797344208,0.12399999797344208,0.12399999797344208,0.12399999797344208,0.12399999797344208,0
2020-11-09,0.12200000137090683,0.12200000137090683,0.12200000137090683,0.11500000208616257,0.11699999868869781,380000
2020-11-10,0.11500000208616257,0.11500000208616257,0.11500000208616257,0.11500000208616257,0.11500000208616257,0
2020-11-11,0.11599999666213989,0.11599999666213989,0.11599999666213989,0.11599999666213989,0.11599999666213989,0
2020-11-12,0.11500000208616257,0.11500000208616257,0.11599999666213989,0.10000000149011612,0.11500000208616257,1920000
2020-11-13,0.11500000208616257,0.11500000208616257,0.11500000208616257,0.11500000208616257,0.11500000208616257,0
2020-11-16,0.10499999672174454,0.10499999672174454,0.10999999940395355,0.0949999988079071,0.10499999672174454,1862500
2020-11-17,0.11299999803304672,0.11299999803304672,0.11299999803304672,0.11299999803304672,0.11299999803304672,0
2020-11-18,0.11500000208616257,0.11500000208616257,0.11500000208616257,0.11500000208616257,0.11500000208616257,0
2020-11-19,0.11599999666213989,0.11599999666213989,0.11599999666213989,0.11599999666213989,0.11599999666213989,0
2020-11-20,0.11599999666213989,0.11599999666213989,0.11599999666213989,0.11599999666213989,0.11599999666213989,0
2020-11-23,0.12099999934434891,0.12099999934434891,0.12099999934434891,0.12099999934434891,0.12099999934434891,0
2020-11-24,0.11299999803304672,0.11299999803304672,0.12200000137090683,0.10599999874830246,0.12099999934434891,1280000
2020-11-25,0.1120000034570694,0.1120000034570694,0.1120000034570694,0.1120000034570694,0.1120000034570694,0
2020-11-26,0.1120000034570694,0.1120000034570694,0.1120000034570694,0.1120000034570694,0.1120000034570694,0
2020-11-27,0.1120000034570694,0.1120000034570694,0.1120000034570694,0.1120000034570694,0.1120000034570694,0
2020-11-30,0.10999999940395355,0.10999999940395355,0.10999999940395355,0.10999999940395355,0.10999999940395355,0
2020-12-01,0.11299999803304672,0.11299999803304672,0.11299999803304672,0.1120000034570694,0.1120000034570694,120000
2020-12-02,0.11500000208616257,0.11500000208616257,0.11500000208616257,0.11500000208616257,0.11500000208616257,40000
2020-12-03,0.1120000034570694,0.1120000034570694,0.11500000208616257,0.1120000034570694,0.11500000208616257,270000
2020-12-04,0.1120000034570694,0.1120000034570694,0.1120000034570694,0.1120000034570694,0.1120000034570694,0
2020-12-07,0.11699999868869781,0.11699999868869781,0.11699999868869781,0.1080000028014183,0.1080000028014183,120000
2020-12-08,0.1860000044107437,0.1860000044107437,0.2150000035762787,0.12200000137090683,0.12200000137090683,1990000
2020-12-09,0.16300000250339508,0.16300000250339508,0.16699999570846558,0.16300000250339508,0.16699999570846558,300000
2020-12-10,0.16300000250339508,0.16300000250339508,0.16300000250339508,0.16300000250339508,0.16300000250339508,0
2020-12-11,0.16300000250339508,0.16300000250339508,0.16300000250339508,0.16200000047683716,0.16200000047683716,30000
2020-12-14,0.16300000250339508,0.16300000250339508,0.16300000250339508,0.16300000250339508,0.16300000250339508,0
2020-12-15,0.16200000047683716,0.16200000047683716,0.16300000250339508,0.16200000047683716,0.16300000250339508,1501000
2020-12-16,0.1550000011920929,0.1550000011920929,0.1599999964237213,0.15000000596046448,0.15000000596046448,100000
2020-12-17,0.1550000011920929,0.1550000011920929,0.1550000011920929,0.1550000011920929,0.1550000011920929,80000
2020-12-18,0.1550000011920929,0.1550000011920929,0.1550000011920929,0.1550000011920929,0.1550000011920929,0
2020-12-21,0.14499999582767487,0.14499999582767487,0.15000000596046448,0.14000000059604645,0.15000000596046448,200000
2020-12-22,0.14499999582767487,0.14499999582767487,0.14499999582767487,0.14499999582767487,0.14499999582767487,0
2020-12-23,0.14499999582767487,0.14499999582767487,0.14499999582767487,0.14499999582767487,0.14499999582767487,0
2020-12-24,0.14100000262260437,0.14100000262260437,0.14100000262260437,0.14100000262260437,0.14100000262260437,0
2020-12-28,0.13099999725818634,0.13099999725818634,0.13099999725818634,0.13099999725818634,0.13099999725818634,0
2020-12-29,0.13099999725818634,0.13099999725818634,0.13099999725818634,0.13099999725818634,0.13099999725818634,0
2020-12-30,0.12999999523162842,0.12999999523162842,0.12999999523162842,0.12999999523162842,0.12999999523162842,400000
2020-12-31,0.15000000596046448,0.15000000596046448,0.15000000596046448,0.15000000596046448,0.15000000596046448,0
2021-01-04,0.15000000596046448,0.15000000596046448,0.1509999930858612,0.13300000131130219,0.13600000739097595,1030000
2021-01-05,0.15000000596046448,0.15000000596046448,0.15000000596046448,0.15000000596046448,0.15000000596046448,20000
2021-01-06,0.14300000667572021,0.14300000667572021,0.14499999582767487,0.13300000131130219,0.1340000033378601,560000
2021-01-07,0.13699999451637268,0.13699999451637268,0.13699999451637268,0.13300000131130219,0.13500000536441803,620000
2021-01-08,0.13600000739097595,0.13600000739097595,0.13600000739097595,0.13600000739097595,0.13600000739097595,0
2021-01-11,0.13300000131130219,0.13300000131130219,0.13300000131130219,0.13300000131130219,0.13300000131130219,112500
2021-01-12,0.13300000131130219,0.13300000131130219,0.13300000131130219,0.13300000131130219,0.13300000131130219,0
2021-01-13,0.13300000131130219,0.13300000131130219,0.13300000131130219,0.12700000405311584,0.13199999928474426,480000
2021-01-14,0.1289999932050705,0.1289999932050705,0.1289999932050705,0.12399999797344208,0.125,90000
2021-01-15,0.12999999523162842,0.12999999523162842,0.12999999523162842,0.125,0.125,120000
2021-01-18,0.13099999725818634,0.13099999725818634,0.13099999725818634,0.13099999725818634,0.13099999725818634,0
2021-01-19,0.12600000202655792,0.12600000202655792,0.12700000405311584,0.12600000202655792,0.12700000405311584,110000
2021-01-20,0.125,0.125,0.12600000202655792,0.12300000339746475,0.12600000202655792,470000
2021-01-21,0.12200000137090683,0.12200000137090683,0.12200000137090683,0.12200000137090683,0.12600000202655792,50000
2021-01-22,0.12200000137090683,0.12200000137090683,0.12200000137090683,0.12200000137090683,0.12200000137090683,100000
2021-01-25,0.11999999731779099,0.11999999731779099,0.12099999934434891,0.11100000143051147,0.11999999731779099,812500
2021-01-26,0.11800000071525574,0.11800000071525574,0.11800000071525574,0.11100000143051147,0.11100000143051147,170000
2021-01-27,0.11299999803304672,0.11299999803304672,0.1120000034570694,0.11100000143051147,0.1120000034570694,130000
2021-01-28,0.10999999940395355,0.10999999940395355,0.11299999803304672,0.10899999737739563,0.11299999803304672,530000
2021-01-29,0.1080000028014183,0.1080000028014183,0.1080000028014183,0.1080000028014183,0.1080000028014183,0
2021-02-01,0.10999999940395355,0.10999999940395355,0.10999999940395355,0.10300000011920929,0.10700000077486038,580000
2021-02-02,0.1120000034570694,0.1120000034570694,0.1120000034570694,0.1120000034570694,0.1120000034570694,50000
2021-02-03,0.10999999940395355,0.10999999940395355,0.11100000143051147,0.11100000143051147,0.11100000143051147,40000
2021-02-04,0.10899999737739563,0.10899999737739563,0.10899999737739563,0.10100000351667404,0.10700000077486038,590000
2021-02-05,0.11400000005960464,0.11400000005960464,0.11400000005960464,0.10899999737739563,0.11400000005960464,50000
2021-02-08,0.11299999803304672,0.11299999803304672,0.11299999803304672,0.11299999803304672,0.11299999803304672,90000
2021-02-09,0.16599999368190765,0.16599999368190765,0.38999998569488525,0.1120000034570694,0.1120000034570694,5341500
2021-02-10,0.164000004529953,0.164000004529953,0.18000000715255737,0.13699999451637268,0.13699999451637268,930000
2021-02-11,0.14399999380111694,0.14399999380111694,0.14399999380111694,0.14399999380111694,0.14399999380111694,0
2021-02-16,0.1509999930858612,0.1509999930858612,0.164000004529953,0.14300000667572021,0.14300000667572021,100000
2021-02-17,0.1459999978542328,0.1459999978542328,0.1509999930858612,0.14499999582767487,0.15000000596046448,610000
2021-02-18,0.14100000262260437,0.14100000262260437,0.14000000059604645,0.13699999451637268,0.13699999451637268,380000
2021-02-19,0.13899999856948853,0.13899999856948853,0.14100000262260437,0.13699999451637268,0.14100000262260437,220000
2021-02-22,0.14300000667572021,0.14300000667572021,0.14399999380111694,0.14100000262260437,0.14100000262260437,280000
2021-02-23,0.14100000262260437,0.14100000262260437,0.1420000046491623,0.1420000046491623,0.1420000046491623,110000
2021-02-24,0.14399999380111694,0.14399999380111694,0.14399999380111694,0.13899999856948853,0.13899999856948853,40000
2021-02-25,0.14399999380111694,0.14399999380111694,0.14399999380111694,0.14399999380111694,0.14399999380111694,0
2021-02-26,0.14399999380111694,0.14399999380111694,0.14499999582767487,0.14399999380111694,0.14499999582767487,400000
2021-03-01,0.14399999380111694,0.14399999380111694,0.14399999380111694,0.14399999380111694,0.14399999380111694,0
2021-03-02,0.13699999451637268,0.13699999451637268,0.1379999965429306,0.13699999451637268,0.1379999965429306,210000
2021-03-03,0.1379999965429306,0.1379999965429306,0.1379999965429306,0.1379999965429306,0.1379999965429306,0
2021-03-04,0.14100000262260437,0.14100000262260437,0.1420000046491623,0.13899999856948853,0.13899999856948853,190000
2021-03-05,0.1420000046491623,0.1420000046491623,0.1420000046491623,0.14100000262260437,0.14100000262260437,710000
2021-03-08,0.15000000596046448,0.15000000596046448,0.15000000596046448,0.15000000596046448,0.15000000596046448,30000
2021-03-09,0.14900000393390656,0.14900000393390656,0.1589999943971634,0.14900000393390656,0.1589999943971634,90000
2021-03-10,0.1469999998807907,0.1469999998807907,0.1469999998807907,0.1469999998807907,0.1469999998807907,0
2021-03-11,0.1469999998807907,0.1469999998807907,0.1589999943971634,0.1469999998807907,0.1589999943971634,50000
2021-03-12,0.15000000596046448,0.15000000596046448,0.15000000596046448,0.15000000596046448,0.15000000596046448,0
2021-03-15,0.15000000596046448,0.15000000596046448,0.15000000596046448,0.15000000596046448,0.15000000596046448,490000
2021-03-16,0.1589999943971634,0.1589999943971634,0.1589999943971634,0.1589999943971634,0.1589999943971634,40000
2021-03-17,0.1599999964237213,0.1599999964237213,0.1599999964237213,0.1599999964237213,0.1599999964237213,0
2021-03-18,0.15700000524520874,0.15700000524520874,0.15700000524520874,0.15700000524520874,0.15700000524520874,10000
2021-03-19,0.1599999964237213,0.1599999964237213,0.1599999964237213,0.1599999964237213,0.1599999964237213,0
2021-03-22,0.1599999964237213,0.1599999964237213,0.1599999964237213,0.1599999964237213,0.1599999964237213,50000
2021-03-23,0.1599999964237213,0.1599999964237213,0.1599999964237213,0.1599999964237213,0.1599999964237213,50000
2021-03-24,0.1599999964237213,0.1599999964237213,0.1599999964237213,0.1599999964237213,0.1599999964237213,60000
2021-03-25,0.1599999964237213,0.1599999964237213,0.1599999964237213,0.1599999964237213,0.1599999964237213,50000
2021-03-26,0.1599999964237213,0.1599999964237213,0.1599999964237213,0.1599999964237213,0.1599999964237213,40000
2021-03-29,0.1599999964237213,0.1599999964237213,0.1599999964237213,0.1599999964237213,0.1599999964237213,50000
2021-03-30,0.1599999964237213,0.1599999964237213,0.1599999964237213,0.1599999964237213,0.1599999964237213,60000
2021-03-31,0.1589999943971634,0.1589999943971634,0.1589999943971634,0.14100000262260437,0.14100000262260437,60000
2021-04-01,0.1599999964237213,0.1599999964237213,0.1599999964237213,0.1599999964237213,0.1599999964237213,30000
2021-04-07,0.16899999976158142,0.16899999976158142,0.16899999976158142,0.16899999976158142,0.16899999976158142,0
2021-04-08,0.16899999976158142,0.16899999976158142,0.16899999976158142,0.16899999976158142,0.16899999976158142,50000
2021-04-09,0.17000000178813934,0.17000000178813934,0.17000000178813934,0.17000000178813934,0.17000000178813934,50000
2021-04-12,0.16899999976158142,0.16899999976158142,0.16899999976158142,0.16899999976158142,0.16899999976158142,0
2021-04-13,0.16899999976158142,0.16899999976158142,0.16899999976158142,0.1679999977350235,0.1679999977350235,40000
2021-04-14,0.1850000023841858,0.1850000023841858,0.18700000643730164,0.18700000643730164,0.18700000643730164,20000
2021-04-15,0.1850000023841858,0.1850000023841858,0.1860000044107437,0.1850000023841858,0.1850000023841858,50000
2021-04-16,0.17499999701976776,0.17499999701976776,0.18000000715255737,0.17499999701976776,0.18000000715255737,80000
2021-04-19,0.17800000309944153,0.17800000309944153,0.17800000309944153,0.17800000309944153,0.17800000309944153,0
2021-04-20,0.18000000715255737,0.18000000715255737,0.18000000715255737,0.18000000715255737,0.18000000715255737,0
2021-04-21,0.18000000715255737,0.18000000715255737,0.18000000715255737,0.18000000715255737,0.18000000715255737,50000
2021-04-22,0.18000000715255737,0.18000000715255737,0.18700000643730164,0.18000000715255737,0.18000000715255737,40000
2021-04-23,0.17100000381469727,0.17100000381469727,0.17100000381469727,0.17100000381469727,0.17100000381469727,120000
2021-04-26,0.1720000058412552,0.1720000058412552,0.1720000058412552,0.17100000381469727,0.17100000381469727,40000
2021-04-27,0.17399999499320984,0.17399999499320984,0.17399999499320984,0.17399999499320984,0.17399999499320984,0
2021-04-28,0.16500000655651093,0.16500000655651093,0.1679999977350235,0.16099999845027924,0.1679999977350235,200000
2021-04-29,0.1679999977350235,0.1679999977350235,0.17399999499320984,0.16500000655651093,0.17399999499320984,62500
2021-04-30,0.1679999977350235,0.1679999977350235,0.17499999701976776,0.1679999977350235,0.17399999499320984,320000
2021-05-03,0.1770000010728836,0.1770000010728836,0.1770000010728836,0.1770000010728836,0.1770000010728836,30000
2021-05-04,0.17800000309944153,0.17800000309944153,0.17800000309944153,0.17800000309944153,0.17800000309944153,0
2021-05-05,0.1889999955892563,0.1889999955892563,0.1889999955892563,0.18700000643730164,0.18700000643730164,220000
2021-05-06,0.20000000298023224,0.20000000298023224,0.20000000298023224,0.20000000298023224,0.20000000298023224,0
2021-05-07,0.20000000298023224,0.20000000298023224,0.20000000298023224,0.20000000298023224,0.20000000298023224,30000
2021-05-10,0.19200000166893005,0.19200000166893005,0.19200000166893005,0.19200000166893005,0.19200000166893005,0
2021-05-11,0.19200000166893005,0.19200000166893005,0.1940000057220459,0.1850000023841858,0.1850000023841858,20000
2021-05-12,0.1889999955892563,0.1889999955892563,0.1889999955892563,0.18799999356269836,0.18799999356269836,23750
2021-05-13,0.1899999976158142,0.1899999976158142,0.1899999976158142,0.1899999976158142,0.1899999976158142,30000
2021-05-14,0.1850000023841858,0.1850000023841858,0.1850000023841858,0.1599999964237213,0.17100000381469727,230000
2021-05-17,0.19599999487400055,0.19599999487400055,0.19599999487400055,0.17100000381469727,0.17100000381469727,70000
2021-05-18,0.20000000298023224,0.20000000298023224,0.20000000298023224,0.20000000298023224,0.20000000298023224,0
2021-05-20,0.19900000095367432,0.19900000095367432,0.20000000298023224,0.19900000095367432,0.19900000095367432,20000
2021-05-21,0.20000000298023224,0.20000000298023224,0.20000000298023224,0.19900000095367432,0.19900000095367432,20000
2021-05-24,0.20000000298023224,0.20000000298023224,0.20000000298023224,0.20000000298023224,0.20000000298023224,30000
2021-05-25,0.20000000298023224,0.20000000298023224,0.20000000298023224,0.20000000298023224,0.20000000298023224,30000
2021-05-26,0.20000000298023224,0.20000000298023224,0.20000000298023224,0.20000000298023224,0.20000000298023224,0
2021-05-27,0.20000000298023224,0.20000000298023224,0.20000000298023224,0.20000000298023224,0.20000000298023224,20000
2021-05-28,0.20000000298023224,0.20000000298023224,0.20000000298023224,0.20000000298023224,0.20000000298023224,30000
2021-05-31,0.20000000298023224,0.20000000298023224,0.20000000298023224,0.20000000298023224,0.20000000298023224,20000
2021-06-01,0.20000000298023224,0.20000000298023224,0.20000000298023224,0.20000000298023224,0.20000000298023224,20000
2021-06-02,0.20000000298023224,0.20000000298023224,0.20000000298023224,0.20000000298023224,0.20000000298023224,0
2021-06-03,0.20000000298023224,0.20000000298023224,0.20000000298023224,0.20000000298023224,0.20000000298023224,10000
2021-06-04,0.20000000298023224,0.20000000298023224,0.20000000298023224,0.20000000298023224,0.20000000298023224,0
2021-06-07,0.20000000298023224,0.20000000298023224,0.20000000298023224,0.20000000298023224,0.20000000298023224,520000
2021-06-08,0.20000000298023224,0.20000000298023224,0.20000000298023224,0.20000000298023224,0.20000000298023224,20000
2021-06-09,0.1899999976158142,0.1899999976158142,0.1899999976158142,0.1899999976158142,0.1899999976158142,40000
2021-06-10,0.19699999690055847,0.19699999690055847,0.20000000298023224,0.20000000298023224,0.20000000298023224,20000
2021-06-11,0.20000000298023224,0.20000000298023224,0.20000000298023224,0.20000000298023224,0.20000000298023224,10000
2021-06-15,0.20499999821186066,0.20499999821186066,0.20499999821186066,0.20499999821186066,0.20499999821186066,20000
2021-06-16,0.20000000298023224,0.20000000298023224,0.21199999749660492,0.20499999821186066,0.20499999821186066,20000
2021-06-17,0.20000000298023224,0.20000000298023224,0.20000000298023224,0.20000000298023224,0.20000000298023224,30000
2021-06-18,0.20000000298023224,0.20000000298023224,0.20000000298023224,0.20000000298023224,0.20000000298023224,20000
2021-06-21,0.20000000298023224,0.20000000298023224,0.20000000298023224,0.20000000298023224,0.20000000298023224,10000
2021-06-22,0.20000000298023224,0.20000000298023224,0.20000000298023224,0.20000000298023224,0.20000000298023224,20000
2021-06-23,0.20000000298023224,0.20000000298023224,0.20000000298023224,0.20000000298023224,0.20000000298023224,10000
2021-06-24,0.18400000035762787,0.18400000035762787,0.1850000023841858,0.18000000715255737,0.18000000715255737,170000
2021-06-25,0.20000000298023224,0.20000000298023224,0.20000000298023224,0.20000000298023224,0.20000000298023224,10000
2021-06-28,0.20000000298023224,0.20000000298023224,0.20000000298023224,0.18400000035762787,0.20000000298023224,40000
2021-06-29,0.20000000298023224,0.20000000298023224,0.20000000298023224,0.20000000298023224,0.20000000298023224,10000
2021-06-30,0.20000000298023224,0.20000000298023224,0.20000000298023224,0.20000000298023224,0.20000000298023224,110000
2021-07-02,0.1899999976158142,0.1899999976158142,0.1899999976158142,0.1899999976158142,0.1899999976158142,0
2021-07-05,0.19900000095367432,0.19900000095367432,0.19900000095367432,0.19900000095367432,0.19900000095367432,10000
2021-07-06,0.20000000298023224,0.20000000298023224,0.20000000298023224,0.19900000095367432,0.19900000095367432,120000
2021-07-07,0.20000000298023224,0.20000000298023224,0.20000000298023224,0.20000000298023224,0.20000000298023224,10000
2021-07-08,0.20000000298023224,0.20000000298023224,0.20000000298023224,0.20000000298023224,0.20000000298023224,10000
2021-07-09,0.20000000298023224,0.20000000298023224,0.20000000298023224,0.20000000298023224,0.20000000298023224,10000
2021-07-12,0.20000000298023224,0.20000000298023224,0.20000000298023224,0.20000000298023224,0.20000000298023224,0
2021-07-13,0.20000000298023224,0.20000000298023224,0.20000000298023224,0.20000000298023224,0.20000000298023224,0
2021-07-14,0.20000000298023224,0.20000000298023224,0.20000000298023224,0.20000000298023224,0.20000000298023224,10000
2021-07-15,0.19599999487400055,0.19599999487400055,0.19599999487400055,0.19599999487400055,0.19599999487400055,30000
2021-07-16,0.1979999989271164,0.1979999989271164,0.20000000298023224,0.16599999368190765,0.16599999368190765,360000
2021-07-19,0.19499999284744263,0.19499999284744263,0.19699999690055847,0.19699999690055847,0.19699999690055847,10000
2021-07-20,0.19200000166893005,0.19200000166893005,0.19200000166893005,0.19200000166893005,0.19200000166893005,10000
2021-07-21,0.19200000166893005,0.19200000166893005,0.19200000166893005,0.19200000166893005,0.19200000166893005,20000
2021-07-22,0.20000000298023224,0.20000000298023224,0.20000000298023224,0.20000000298023224,0.20000000298023224,10000
2021-07-23,0.19900000095367432,0.19900000095367432,0.19900000095367432,0.19900000095367432,0.19900000095367432,10000
2021-07-26,0.17000000178813934,0.17000000178813934,0.19699999690055847,0.164000004529953,0.164000004529953,100000
2021-07-27,0.1599999964237213,0.1599999964237213,0.18400000035762787,0.1469999998807907,0.18400000035762787,310000
2021-07-28,0.15299999713897705,0.15299999713897705,0.15299999713897705,0.15000000596046448,0.15000000596046448,312500
2021-07-29,0.16500000655651093,0.16500000655651093,0.16899999976158142,0.16899999976158142,0.16899999976158142,10000
2021-07-30,0.1589999943971634,0.1589999943971634,0.1589999943971634,0.1589999943971634,0.1589999943971634,0
2021-08-02,0.1589999943971634,0.1589999943971634,0.1589999943971634,0.1589999943971634,0.1589999943971634,0
2021-08-03,0.1589999943971634,0.1589999943971634,0.1589999943971634,0.1589999943971634,0.1589999943971634,0
2021-08-04,0.15800000727176666,0.15800000727176666,0.1589999943971634,0.1589999943971634,0.1589999943971634,30000
2021-08-05,0.15199999511241913,0.15199999511241913,0.15399999916553497,0.15000000596046448,0.15399999916553497,210000
2021-08-06,0.15199999511241913,0.15199999511241913,0.15199999511241913,0.15199999511241913,0.15199999511241913,10000
2021-08-09,0.15700000524520874,0.15700000524520874,0.15700000524520874,0.15700000524520874,0.15700000524520874,0
2021-08-10,0.15399999916553497,0.15399999916553497,0.16099999845027924,0.15399999916553497,0.16099999845027924,190000
2021-08-11,0.17900000512599945,0.17900000512599945,0.17900000512599945,0.17900000512599945,0.17900000512599945,20000
2021-08-12,0.1509999930858612,0.1509999930858612,0.1589999943971634,0.1509999930858612,0.1589999943971634,330000
2021-08-13,0.15000000596046448,0.15000000596046448,0.1589999943971634,0.1509999930858612,0.15000000596046448,40000
2021-08-16,0.14900000393390656,0.14900000393390656,0.14900000393390656,0.14900000393390656,0.14900000393390656,0
2021-08-17,0.14900000393390656,0.14900000393390656,0.14900000393390656,0.14900000393390656,0.14900000393390656,0
2021-08-18,0.14900000393390656,0.14900000393390656,0.14900000393390656,0.14900000393390656,0.14900000393390656,0
2021-08-19,0.14900000393390656,0.14900000393390656,0.14900000393390656,0.14900000393390656,0.14900000393390656,0
2021-08-20,0.14900000393390656,0.14900000393390656,0.14900000393390656,0.14900000393390656,0.14900000393390656,0
2021-08-23,0.14399999380111694,0.14399999380111694,0.14399999380111694,0.14399999380111694,0.14399999380111694,0
2021-08-24,0.14399999380111694,0.14399999380111694,0.14399999380111694,0.14399999380111694,0.14399999380111694,0
2021-08-25,0.14100000262260437,0.14100000262260437,0.14100000262260437,0.14100000262260437,0.14100000262260437,0
2021-08-26,0.13500000536441803,0.13500000536441803,0.13500000536441803,0.13099999725818634,0.13099999725818634,40000
2021-08-27,0.13500000536441803,0.13500000536441803,0.13500000536441803,0.13500000536441803,0.13500000536441803,0
2021-08-30,0.13600000739097595,0.13600000739097595,0.13600000739097595,0.13600000739097595,0.13600000739097595,0
2021-08-31,0.13600000739097595,0.13600000739097595,0.13600000739097595,0.13600000739097595,0.13600000739097595,0
2021-09-01,0.14000000059604645,0.14000000059604645,0.14000000059604645,0.14000000059604645,0.14000000059604645,0
2021-09-02,0.14000000059604645,0.14000000059604645,0.14000000059604645,0.14000000059604645,0.14000000059604645,0
2021-09-03,0.16099999845027924,0.16099999845027924,0.16699999570846558,0.14000000059604645,0.14000000059604645,2220000
2021-09-06,0.164000004529953,0.164000004529953,0.164000004529953,0.16300000250339508,0.16300000250339508,430000
2021-09-07,0.15199999511241913,0.15199999511241913,0.1720000058412552,0.15000000596046448,0.164000004529953,750000
2021-09-08,0.15000000596046448,0.15000000596046448,0.15199999511241913,0.14499999582767487,0.15199999511241913,180000
2021-09-09,0.15000000596046448,0.15000000596046448,0.15000000596046448,0.15000000596046448,0.15000000596046448,0
2021-09-10,0.15299999713897705,0.15299999713897705,0.15299999713897705,0.15299999713897705,0.15299999713897705,0
2021-09-13,0.15299999713897705,0.15299999713897705,0.15299999713897705,0.15299999713897705,0.15299999713897705,0
2021-09-14,0.15000000596046448,0.15000000596046448,0.15000000596046448,0.15000000596046448,0.15000000596046448,0
2021-09-15,0.15600000321865082,0.15600000321865082,0.164000004529953,0.15000000596046448,0.15000000596046448,680000
2021-09-16,0.1550000011920929,0.1550000011920929,0.1550000011920929,0.1550000011920929,0.1550000011920929,0
2021-09-17,0.1550000011920929,0.1550000011920929,0.1550000011920929,0.1550000011920929,0.1550000011920929,0
2021-09-20,0.1550000011920929,0.1550000011920929,0.1550000011920929,0.1550000011920929,0.1550000011920929,0
2021-09-21,0.1550000011920929,0.1550000011920929,0.1550000011920929,0.1550000011920929,0.1550000011920929,0
2021-09-23,0.15000000596046448,0.15000000596046448,0.15000000596046448,0.15000000596046448,0.15000000596046448,640000
2021-09-24,0.14900000393390656,0.14900000393390656,0.15000000596046448,0.14900000393390656,0.14900000393390656,130000
2021-09-27,0.15600000321865082,0.15600000321865082,0.14000000059604645,0.14000000059604645,0.14000000059604645,110000
2021-09-28,0.1469999998807907,0.1469999998807907,0.1469999998807907,0.14300000667572021,0.14300000667572021,120000
2021-09-29,0.14300000667572021,0.14300000667572021,0.14499999582767487,0.14499999582767487,0.14499999582767487,10000
2021-09-30,0.14499999582767487,0.14499999582767487,0.14499999582767487,0.14499999582767487,0.14499999582767487,0
2021-10-04,0.14499999582767487,0.14499999582767487,0.14499999582767487,0.14499999582767487,0.14499999582767487,0
2021-10-05,0.1420000046491623,0.1420000046491623,0.13899999856948853,0.13899999856948853,0.13899999856948853,10000
2021-10-06,0.13899999856948853,0.13899999856948853,0.14100000262260437,0.13600000739097595,0.14100000262260437,160000
2021-10-07,0.14000000059604645,0.14000000059604645,0.14000000059604645,0.13899999856948853,0.14000000059604645,60000
2021-10-08,0.14000000059604645,0.14000000059604645,0.14000000059604645,0.14000000059604645,0.14000000059604645,0
2021-10-11,0.13500000536441803,0.13500000536441803,0.13500000536441803,0.13500000536441803,0.14000000059604645,230000
2021-10-12,0.13500000536441803,0.13500000536441803,0.13500000536441803,0.13500000536441803,0.13500000536441803,0
2021-10-15,0.14499999582767487,0.14499999582767487,0.1599999964237213,0.12999999523162842,0.12999999523162842,720000
2021-10-18,0.1469999998807907,0.1469999998807907,0.14499999582767487,0.14399999380111694,0.14399999380111694,40000
2021-10-19,0.1469999998807907,0.1469999998807907,0.1469999998807907,0.1469999998807907,0.1469999998807907,0
2021-10-20,0.1469999998807907,0.1469999998807907,0.1469999998807907,0.1469999998807907,0.1469999998807907,310000
2021-10-21,0.1469999998807907,0.1469999998807907,0.1469999998807907,0.1469999998807907,0.1469999998807907,0
2021-10-22,0.1469999998807907,0.1469999998807907,0.1469999998807907,0.1469999998807907,0.1469999998807907,0
2021-10-25,0.1469999998807907,0.1469999998807907,0.1469999998807907,0.1469999998807907,0.1469999998807907,0
2021-10-26,0.1469999998807907,0.1469999998807907,0.1469999998807907,0.1469999998807907,0.1469999998807907,0
2021-10-27,0.1469999998807907,0.1469999998807907,0.1469999998807907,0.1469999998807907,0.1469999998807907,0
2021-10-28,0.1469999998807907,0.1469999998807907,0.1469999998807907,0.1469999998807907,0.1469999998807907,0
2021-10-29,0.1469999998807907,0.1469999998807907,0.1469999998807907,0.1469999998807907,0.1469999998807907,0
2021-11-01,0.1469999998807907,0.1469999998807907,0.1469999998807907,0.1469999998807907,0.1469999998807907,0
2021-11-02,0.1469999998807907,0.1469999998807907,0.1469999998807907,0.1469999998807907,0.1469999998807907,0
2021-11-03,0.14499999582767487,0.14499999582767487,0.14499999582767487,0.14499999582767487,0.14499999582767487,0
2021-11-04,0.14499999582767487,0.14499999582767487,0.14499999582767487,0.14499999582767487,0.14499999582767487,0
2021-11-05,0.14499999582767487,0.14499999582767487,0.14499999582767487,0.14499999582767487,0.14499999582767487,0
2021-11-08,0.14499999582767487,0.14499999582767487,0.14499999582767487,0.14499999582767487,0.14499999582767487,0
2021-11-09,0.14499999582767487,0.14499999582767487,0.14499999582767487,0.14499999582767487,0.14499999582767487,0
2021-11-10,0.14499999582767487,0.14499999582767487,0.14499999582767487,0.14499999582767487,0.14499999582767487,0
2021-11-11,0.13199999928474426,0.13199999928474426,0.13600000739097595,0.1289999932050705,0.13300000131130219,340000
2021-11-12,0.13199999928474426,0.13199999928474426,0.13199999928474426,0.13199999928474426,0.13199999928474426,0
2021-11-15,0.13099999725818634,0.13099999725818634,0.13099999725818634,0.12999999523162842,0.12999999523162842,40000
2021-11-16,0.13199999928474426,0.13199999928474426,0.13199999928474426,0.13199999928474426,0.13199999928474426,0
2021-11-17,0.13199999928474426,0.13199999928474426,0.13199999928474426,0.13199999928474426,0.13199999928474426,0
2021-11-18,0.13199999928474426,0.13199999928474426,0.13199999928474426,0.13199999928474426,0.13199999928474426,0
2021-11-19,0.12800000607967377,0.12800000607967377,0.1289999932050705,0.12200000137090683,0.12200000137090683,210000
2021-11-22,0.12800000607967377,0.12800000607967377,0.12800000607967377,0.12800000607967377,0.12800000607967377,0
2021-11-23,0.12700000405311584,0.12700000405311584,0.12700000405311584,0.12200000137090683,0.12200000137090683,32500
2021-11-24,0.12700000405311584,0.12700000405311584,0.12700000405311584,0.12700000405311584,0.12700000405311584,0
2021-11-25,0.12800000607967377,0.12800000607967377,0.12800000607967377,0.12800000607967377,0.12800000607967377,80000
2021-11-26,0.13099999725818634,0.13099999725818634,0.13099999725818634,0.13099999725818634,0.13099999725818634,0
2021-11-29,0.13099999725818634,0.13099999725818634,0.13099999725818634,0.13099999725818634,0.13099999725818634,0
2021-11-30,0.13099999725818634,0.13099999725818634,0.13099999725818634,0.13099999725818634,0.13099999725818634,0
2021-12-01,0.12999999523162842,0.12999999523162842,0.12999999523162842,0.12999999523162842,0.12999999523162842,0
2021-12-02,0.12999999523162842,0.12999999523162842,0.12999999523162842,0.12999999523162842,0.12999999523162842,0
2021-12-03,0.13199999928474426,0.13199999928474426,0.13199999928474426,0.13199999928474426,0.13199999928474426,0
2021-12-06,0.11999999731779099,0.11999999731779099,0.11599999666213989,0.11599999666213989,0.11599999666213989,17500
2021-12-07,0.11900000274181366,0.11900000274181366,0.11800000071525574,0.11800000071525574,0.11800000071525574,22500
2021-12-08,0.11900000274181366,0.11900000274181366,0.11900000274181366,0.11900000274181366,0.11900000274181366,0
2021-12-09,0.11900000274181366,0.11900000274181366,0.11900000274181366,0.11900000274181366,0.11900000274181366,0
2021-12-10,0.11900000274181366,0.11900000274181366,0.11900000274181366,0.11900000274181366,0.11900000274181366,0
2021-12-13,0.11900000274181366,0.11900000274181366,0.11900000274181366,0.11900000274181366,0.11900000274181366,0
2021-12-14,0.11900000274181366,0.11900000274181366,0.11900000274181366,0.11900000274181366,0.11900000274181366,0
2021-12-15,0.11900000274181366,0.11900000274181366,0.11900000274181366,0.11900000274181366,0.11900000274181366,0
2021-12-16,0.11900000274181366,0.11900000274181366,0.11900000274181366,0.11900000274181366,0.11900000274181366,0
2021-12-17,0.11900000274181366,0.11900000274181366,0.11900000274181366,0.11900000274181366,0.11900000274181366,0
2021-12-20,0.11900000274181366,0.11900000274181366,0.11900000274181366,0.11900000274181366,0.11900000274181366,0
2021-12-21,0.11900000274181366,0.11900000274181366,0.11900000274181366,0.11900000274181366,0.11900000274181366,0
2021-12-22,0.11800000071525574,0.11800000071525574,0.11800000071525574,0.1120000034570694,0.11800000071525574,230000
2021-12-23,0.11800000071525574,0.11800000071525574,0.11800000071525574,0.11800000071525574,0.11800000071525574,0
2021-12-24,0.12099999934434891,0.12099999934434891,0.12099999934434891,0.12099999934434891,0.12099999934434891,0
2021-12-28,0.12099999934434891,0.12099999934434891,0.12099999934434891,0.12099999934434891,0.12099999934434891,0
2021-12-29,0.12099999934434891,0.12099999934434891,0.12099999934434891,0.12099999934434891,0.12099999934434891,0
2021-12-30,0.12099999934434891,0.12099999934434891,0.12099999934434891,0.12099999934434891,0.12099999934434891,0
2021-12-31,0.12099999934434891,0.12099999934434891,0.12099999934434891,0.12099999934434891,0.12099999934434891,0
2022-01-03,0.12099999934434891,0.12099999934434891,0.12099999934434891,0.12099999934434891,0.12099999934434891,0
2022-01-04,0.11999999731779099,0.11999999731779099,0.11999999731779099,0.11999999731779099,0.11999999731779099,0
2022-01-05,0.11999999731779099,0.11999999731779099,0.11999999731779099,0.1120000034570694,0.1120000034570694,560000
2022-01-06,0.11999999731779099,0.11999999731779099,0.11999999731779099,0.11999999731779099,0.11999999731779099,0
2022-01-07,0.11999999731779099,0.11999999731779099,0.11999999731779099,0.11999999731779099,0.11999999731779099,0
2022-01-10,0.11999999731779099,0.11999999731779099,0.11999999731779099,0.11999999731779099,0.11999999731779099,0
2022-01-11,0.11999999731779099,0.11999999731779099,0.11999999731779099,0.11599999666213989,0.11599999666213989,290000
2022-01-12,0.11999999731779099,0.11999999731779099,0.11999999731779099,0.11999999731779099,0.11999999731779099,0
2022-01-13,0.11999999731779099,0.11999999731779099,0.11999999731779099,0.11999999731779099,0.11999999731779099,0
2022-01-14,0.11999999731779099,0.11999999731779099,0.11999999731779099,0.11999999731779099,0.11999999731779099,0
2022-01-17,0.11999999731779099,0.11999999731779099,0.11999999731779099,0.11999999731779099,0.11999999731779099,0
2022-01-18,0.1469999998807907,0.1469999998807907,0.1469999998807907,0.12999999523162842,0.12999999523162842,340000
2022-01-19,0.12999999523162842,0.12999999523162842,0.13600000739097595,0.12999999523162842,0.13600000739097595,1060000
2022-01-20,0.12999999523162842,0.12999999523162842,0.12999999523162842,0.12999999523162842,0.12999999523162842,1300000
2022-01-21,0.15000000596046448,0.15000000596046448,0.16699999570846558,0.14000000059604645,0.14000000059604645,1160000
2022-01-24,0.14800000190734863,0.14800000190734863,0.14800000190734863,0.14800000190734863,0.14800000190734863,0
2022-01-25,0.10999999940395355,0.10999999940395355,0.12300000339746475,0.10999999940395355,0.11999999731779099,1160000
2022-01-26,0.11299999803304672,0.11299999803304672,0.11299999803304672,0.11299999803304672,0.11299999803304672,0
2022-01-27,0.11999999731779099,0.11999999731779099,0.11999999731779099,0.11999999731779099,0.11999999731779099,0
2022-01-28,0.11500000208616257,0.11500000208616257,0.11500000208616257,0.11100000143051147,0.1120000034570694,280000
2022-01-31,0.11500000208616257,0.11500000208616257,0.11500000208616257,0.11500000208616257,0.11500000208616257,0
2022-02-04,0.11500000208616257,0.11500000208616257,0.11500000208616257,0.11500000208616257,0.11500000208616257,0
2022-02-07,0.11500000208616257,0.11500000208616257,0.11500000208616257,0.11500000208616257,0.11500000208616257,0
2022-02-08,0.09600000083446503,0.09600000083446503,0.1120000034570694,0.0949999988079071,0.1120000034570694,3050000
2022-02-09,0.10000000149011612,0.10000000149011612,0.10000000149011612,0.09200000017881393,0.09600000083446503,1090000
2022-02-10,0.10300000011920929,0.10300000011920929,0.11599999666213989,0.10199999809265137,0.11500000208616257,800000
2022-02-11,0.09700000286102295,0.09700000286102295,0.09700000286102295,0.09600000083446503,0.09600000083446503,360000
2022-02-14,0.0989999994635582,0.0989999994635582,0.11900000274181366,0.09799999743700027,0.10000000149011612,880000
2022-02-15,0.10199999809265137,0.10199999809265137,0.10199999809265137,0.09700000286102295,0.09700000286102295,360000
2022-02-16,0.09600000083446503,0.09600000083446503,0.09600000083446503,0.09600000083446503,0.09600000083446503,0
2022-02-17,0.09600000083446503,0.09600000083446503,0.09600000083446503,0.09600000083446503,0.09600000083446503,0
2022-02-18,0.0949999988079071,0.0949999988079071,0.0949999988079071,0.0949999988079071,0.0949999988079071,20000
2022-02-21,0.09399999678134918,0.09399999678134918,0.09399999678134918,0.09399999678134918,0.09399999678134918,50000
2022-02-22,0.09700000286102295,0.09700000286102295,0.09700000286102295,0.08900000154972076,0.09000000357627869,170000
2022-02-23,0.09300000220537186,0.09300000220537186,0.09300000220537186,0.09300000220537186,0.09300000220537186,120000
2022-02-24,0.09300000220537186,0.09300000220537186,0.09300000220537186,0.09300000220537186,0.09300000220537186,0
2022-02-25,0.09000000357627869,0.09000000357627869,0.09000000357627869,0.08500000089406967,0.09000000357627869,290000
2022-02-28,0.08500000089406967,0.08500000089406967,0.08500000089406967,0.0820000022649765,0.08500000089406967,530000
2022-03-01,0.0820000022649765,0.0820000022649765,0.0820000022649765,0.0820000022649765,0.0820000022649765,210000
2022-03-02,0.08900000154972076,0.08900000154972076,0.08900000154972076,0.07800000160932541,0.0820000022649765,1200000
2022-03-03,0.08900000154972076,0.08900000154972076,0.08900000154972076,0.08900000154972076,0.08900000154972076,0
2022-03-04,0.08900000154972076,0.08900000154972076,0.08900000154972076,0.08900000154972076,0.08900000154972076,0
2022-03-07,0.08900000154972076,0.08900000154972076,0.08900000154972076,0.08900000154972076,0.08900000154972076,0
2022-03-08,0.08900000154972076,0.08900000154972076,0.08900000154972076,0.08900000154972076,0.08900000154972076,0
2022-03-09,0.08500000089406967,0.08500000089406967,0.08500000089406967,0.07800000160932541,0.07900000363588333,60000
2022-03-10,0.09000000357627869,0.09000000357627869,0.09000000357627869,0.09000000357627869,0.09000000357627869,0
2022-03-11,0.09000000357627869,0.09000000357627869,0.09000000357627869,0.09000000357627869,0.09000000357627869,0
2022-03-14,0.09000000357627869,0.09000000357627869,0.09000000357627869,0.09000000357627869,0.09000000357627869,0
2022-03-15,0.08900000154972076,0.08900000154972076,0.08900000154972076,0.08900000154972076,0.08900000154972076,0
2022-03-16,0.08900000154972076,0.08900000154972076,0.08900000154972076,0.08900000154972076,0.08900000154972076,0
2022-03-17,0.08900000154972076,0.08900000154972076,0.08900000154972076,0.08799999952316284,0.08799999952316284,90000
2022-03-18,0.0949999988079071,0.0949999988079071,0.09200000017881393,0.09000000357627869,0.09200000017881393,30000
2022-03-21,0.09200000017881393,0.09200000017881393,0.09300000220537186,0.09300000220537186,0.09300000220537186,80000
2022-03-22,0.09600000083446503,0.09600000083446503,0.09600000083446503,0.09600000083446503,0.09600000083446503,0
2022-03-23,0.10400000214576721,0.10400000214576721,0.10599999874830246,0.09799999743700027,0.09799999743700027,40000
2022-03-24,0.0989999994635582,0.0989999994635582,0.0989999994635582,0.0989999994635582,0.0989999994635582,50000
2022-03-25,0.09799999743700027,0.09799999743700027,0.09799999743700027,0.09799999743700027,0.09799999743700027,0
2022-03-28,0.09799999743700027,0.09799999743700027,0.09799999743700027,0.09799999743700027,0.09799999743700027,0
2022-03-29,0.10199999809265137,0.10199999809265137,0.10199999809265137,0.10199999809265137,0.10199999809265137,0
2022-03-30,0.10000000149011612,0.10000000149011612,0.10000000149011612,0.08500000089406967,0.09799999743700027,390000
2022-03-31,0.09700000286102295,0.09700000286102295,0.09700000286102295,0.09700000286102295,0.09700000286102295,0
2022-04-01,0.09399999678134918,0.09399999678134918,0.09399999678134918,0.09399999678134918,0.09399999678134918,0
2022-04-04,0.09399999678134918,0.09399999678134918,0.09399999678134918,0.09399999678134918,0.09399999678134918,0
2022-04-06,0.09099999815225601,0.09099999815225601,0.09099999815225601,0.09099999815225601,0.09099999815225601,20000
2022-04-07,0.10499999672174454,0.10499999672174454,0.10499999672174454,0.09000000357627869,0.09000000357627869,110000
2022-04-08,0.09000000357627869,0.09000000357627869,0.09300000220537186,0.09000000357627869,0.09300000220537186,420000
2022-04-11,0.08500000089406967,0.08500000089406967,0.08500000089406967,0.08500000089406967,0.08500000089406967,0
2022-04-12,0.08799999952316284,0.08799999952316284,0.08799999952316284,0.08799999952316284,0.08799999952316284,0
2022-04-13,0.09000000357627869,0.09000000357627869,0.09000000357627869,0.09000000357627869,0.09000000357627869,0
2022-04-14,0.08799999952316284,0.08799999952316284,0.08799999952316284,0.08799999952316284,0.08799999952316284,0
2022-04-19,0.08299999684095383,0.08299999684095383,0.08299999684095383,0.08299999684095383,0.08299999684095383,0
2022-04-20,0.08299999684095383,0.08299999684095383,0.08299999684095383,0.08299999684095383,0.08299999684095383,0
2022-04-21,0.08299999684095383,0.08299999684095383,0.08299999684095383,0.0820000022649765,0.0820000022649765,200000
2022-04-22,0.07999999821186066,0.07999999821186066,0.08299999684095383,0.07999999821186066,0.08299999684095383,460000
2022-04-25,0.07599999755620956,0.07599999755620956,0.07999999821186066,0.07500000298023224,0.07999999821186066,810000
2022-04-26,0.07400000095367432,0.07400000095367432,0.07599999755620956,0.07199999690055847,0.07599999755620956,190000
2022-04-27,0.07500000298023224,0.07500000298023224,0.07500000298023224,0.07500000298023224,0.07500000298023224,280000
2022-04-28,0.07500000298023224,0.07500000298023224,0.07999999821186066,0.07500000298023224,0.07900000363588333,510000
2022-04-29,0.07800000160932541,0.07800000160932541,0.07800000160932541,0.07800000160932541,0.07800000160932541,0
2022-05-03,0.07900000363588333,0.07900000363588333,0.07800000160932541,0.07800000160932541,0.07800000160932541,110000
2022-05-04,0.07999999821186066,0.07999999821186066,0.08100000023841858,0.07999999821186066,0.08100000023841858,290000
2022-05-05,0.08100000023841858,0.08100000023841858,0.08100000023841858,0.08100000023841858,0.08100000023841858,0
2022-05-06,0.07999999821186066,0.07999999821186066,0.07999999821186066,0.07999999821186066,0.07999999821186066,0
2022-05-10,0.0820000022649765,0.0820000022649765,0.08299999684095383,0.07800000160932541,0.07800000160932541,530000
2022-05-11,0.10000000149011612,0.10000000149011612,0.10000000149011612,0.07599999755620956,0.08500000089406967,715000
2022-05-12,0.09099999815225601,0.09099999815225601,0.12099999934434891,0.08500000089406967,0.12099999934434891,880000
2022-05-13,0.09700000286102295,0.09700000286102295,0.09700000286102295,0.09399999678134918,0.09700000286102295,250000
2022-05-16,0.08799999952316284,0.08799999952316284,0.09799999743700027,0.08799999952316284,0.09700000286102295,260000
2022-05-17,0.08799999952316284,0.08799999952316284,0.08799999952316284,0.08799999952316284,0.08799999952316284,3320000
2022-05-18,0.10000000149011612,0.10000000149011612,0.10000000149011612,0.10000000149011612,0.10000000149011612,280000
2022-05-19,0.09799999743700027,0.09799999743700027,0.10000000149011612,0.10000000149011612,0.10000000149011612,230000
2022-05-20,0.11400000005960464,0.11400000005960464,0.11599999666213989,0.11400000005960464,0.11599999666213989,180000
2022-05-23,0.11800000071525574,0.11800000071525574,0.11800000071525574,0.11400000005960464,0.11400000005960464,300000
2022-05-24,0.11999999731779099,0.11999999731779099,0.12300000339746475,0.11999999731779099,0.12300000339746475,250000
2022-05-25,0.11999999731779099,0.11999999731779099,0.11999999731779099,0.11999999731779099,0.11999999731779099,0
2022-05-26,0.10999999940395355,0.10999999940395355,0.11999999731779099,0.10999999940395355,0.11999999731779099,260000
2022-05-27,0.10999999940395355,0.10999999940395355,0.10999999940395355,0.10999999940395355,0.10999999940395355,20000
2022-05-30,0.1420000046491623,0.1420000046491623,0.14399999380111694,0.125,0.125,642500
2022-05-31,0.14000000059604645,0.14000000059604645,0.14000000059604645,0.13899999856948853,0.1420000046491623,1121500
2022-06-01,0.14499999582767487,0.14499999582767487,0.15000000596046448,0.14000000059604645,0.14000000059604645,510000
2022-06-02,0.16899999976158142,0.16899999976158142,0.16899999976158142,0.15000000596046448,0.15000000596046448,710000
2022-06-06,0.20800000429153442,0.20800000429153442,0.20999999344348907,0.1899999976158142,0.1899999976158142,1510000
2022-06-07,0.2029999941587448,0.2029999941587448,0.21400000154972076,0.19900000095367432,0.20999999344348907,386250
2022-06-08,0.22499999403953552,0.22499999403953552,0.22499999403953552,0.20900000631809235,0.22300000488758087,850000
2022-06-09,0.23000000417232513,0.23000000417232513,0.23000000417232513,0.21699999272823334,0.22499999403953552,520000
2022-06-10,0.23000000417232513,0.23000000417232513,0.23000000417232513,0.2150000035762787,0.2150000035762787,1120000
2022-06-13,0.23000000417232513,0.23000000417232513,0.23000000417232513,0.23000000417232513,0.23000000417232513,0
2022-06-14,0.23899999260902405,0.23899999260902405,0.23899999260902405,0.23000000417232513,0.23000000417232513,300000
2022-06-15,0.23899999260902405,0.23899999260902405,0.2460000067949295,0.23899999260902405,0.2460000067949295,190000
2022-06-16,0.30000001192092896,0.30000001192092896,0.30000001192092896,0.26499998569488525,0.26499998569488525,340000
2022-06-17,0.2800000011920929,0.2800000011920929,0.28999999165534973,0.2549999952316284,0.28999999165534973,470000
2022-06-20,0.2750000059604645,0.2750000059604645,0.33000001311302185,0.27000001072883606,0.32499998807907104,620000
2022-06-21,0.22699999809265137,0.22699999809265137,0.2750000059604645,0.22599999606609344,0.2750000059604645,875000
2022-06-22,0.21899999678134918,0.21899999678134918,0.22499999403953552,0.21899999678134918,0.22499999403953552,90000
2022-06-23,0.21699999272823334,0.21699999272823334,0.21699999272823334,0.21699999272823334,0.21699999272823334,0
2022-06-24,0.21400000154972076,0.21400000154972076,0.21699999272823334,0.20900000631809235,0.20900000631809235,37500
2022-06-27,0.21400000154972076,0.21400000154972076,0.21400000154972076,0.21400000154972076,0.21400000154972076,0
2022-06-28,0.2070000022649765,0.2070000022649765,0.20900000631809235,0.20900000631809235,0.21400000154972076,25000
2022-06-29,0.20000000298023224,0.20000000298023224,0.2070000022649765,0.20000000298023224,0.2070000022649765,30000
2022-06-30,0.17299999296665192,0.17299999296665192,0.20000000298023224,0.16899999976158142,0.20000000298023224,130000
2022-07-04,0.17499999701976776,0.17499999701976776,0.17499999701976776,0.17499999701976776,0.17499999701976776,0
2022-07-05,0.20100000500679016,0.20100000500679016,0.2280000001192093,0.19499999284744263,0.19499999284744263,360000
2022-07-06,0.19599999487400055,0.19599999487400055,0.19599999487400055,0.19599999487400055,0.19599999487400055,0
2022-07-07,0.19599999487400055,0.19599999487400055,0.19599999487400055,0.19599999487400055,0.19599999487400055,0
2022-07-08,0.19599999487400055,0.19599999487400055,0.19599999487400055,0.19599999487400055,0.19599999487400055,20000
2022-07-11,0.19599999487400055,0.19599999487400055,0.20200000703334808,0.18000000715255737,0.18000000715255737,345000
2022-07-12,0.19599999487400055,0.19599999487400055,0.19599999487400055,0.19599999487400055,0.19599999487400055,0
2022-07-13,0.20000000298023224,0.20000000298023224,0.20000000298023224,0.20000000298023224,0.20000000298023224,0
2022-07-14,0.18299999833106995,0.18299999833106995,0.18299999833106995,0.18299999833106995,0.18299999833106995,0
2022-07-15,0.18299999833106995,0.18299999833106995,0.18299999833106995,0.18299999833106995,0.18299999833106995,0
2022-07-18,0.18299999833106995,0.18299999833106995,0.18299999833106995,0.18299999833106995,0.18299999833106995,0
2022-07-19,0.17800000309944153,0.17800000309944153,0.18299999833106995,0.17800000309944153,0.18299999833106995,300000
2022-07-20,0.17800000309944153,0.17800000309944153,0.17800000309944153,0.17800000309944153,0.17800000309944153,0
2022-07-21,0.17800000309944153,0.17800000309944153,0.17800000309944153,0.17800000309944153,0.17800000309944153,0
2022-07-22,0.17800000309944153,0.17800000309944153,0.17800000309944153,0.17800000309944153,0.17800000309944153,0
2022-07-25,0.1770000010728836,0.1770000010728836,0.1770000010728836,0.1770000010728836,0.1770000010728836,0
2022-07-26,0.1770000010728836,0.1770000010728836,0.1770000010728836,0.1770000010728836,0.1770000010728836,0
2022-07-27,0.1770000010728836,0.1770000010728836,0.1770000010728836,0.1770000010728836,0.1770000010728836,0
2022-07-28,0.1770000010728836,0.1770000010728836,0.1770000010728836,0.1770000010728836,0.1770000010728836,0
2022-07-29,0.1770000010728836,0.1770000010728836,0.1770000010728836,0.1770000010728836,0.1770000010728836,20000
2022-08-01,0.1770000010728836,0.1770000010728836,0.1770000010728836,0.1770000010728836,0.1770000010728836,0
2022-08-02,0.1770000010728836,0.1770000010728836,0.1770000010728836,0.1770000010728836,0.1770000010728836,0
2022-08-03,0.1589999943971634,0.1589999943971634,0.16200000047683716,0.1589999943971634,0.16200000047683716,340000
2022-08-04,0.16099999845027924,0.16099999845027924,0.16099999845027924,0.16099999845027924,0.16099999845027924,0
2022-08-05,0.16099999845027924,0.16099999845027924,0.16099999845027924,0.16099999845027924,0.16099999845027924,0
2022-08-08,0.19499999284744263,0.19499999284744263,0.25,0.16099999845027924,0.16099999845027924,1450000
2022-08-09,0.1809999942779541,0.1809999942779541,0.1809999942779541,0.17100000381469727,0.17100000381469727,60000
2022-08-10,0.1850000023841858,0.1850000023841858,0.1850000023841858,0.1850000023841858,0.1850000023841858,0
2022-08-11,0.2290000021457672,0.2290000021457672,0.23100000619888306,0.20000000298023224,0.20600000023841858,290000
2022-08-12,0.2160000056028366,0.2160000056028366,0.2160000056028366,0.2160000056028366,0.2160000056028366,270000
2022-08-15,0.2029999941587448,0.2029999941587448,0.2029999941587448,0.2029999941587448,0.2029999941587448,0
2022-08-16,0.20000000298023224,0.20000000298023224,0.20100000500679016,0.20100000500679016,0.20100000500679016,250000
2022-08-17,0.19499999284744263,0.19499999284744263,0.19499999284744263,0.19499999284744263,0.19499999284744263,0
2022-08-18,0.1899999976158142,0.1899999976158142,0.1899999976158142,0.1899999976158142,0.1899999976158142,0
2022-08-19,0.1809999942779541,0.1809999942779541,0.1809999942779541,0.1809999942779541,0.1809999942779541,200000
2022-08-22,0.17499999701976776,0.17499999701976776,0.17599999904632568,0.17499999701976776,0.17599999904632568,110000
2022-08-23,0.17100000381469727,0.17100000381469727,0.17100000381469727,0.17100000381469727,0.17100000381469727,90000
2022-08-24,0.17100000381469727,0.17100000381469727,0.17100000381469727,0.17100000381469727,0.17100000381469727,10000
2022-08-25,0.17100000381469727,0.17100000381469727,0.17000000178813934,0.17000000178813934,0.17000000178813934,10000
2022-08-26,0.17100000381469727,0.17100000381469727,0.17100000381469727,0.17100000381469727,0.17100000381469727,0
2022-08-29,0.17100000381469727,0.17100000381469727,0.17100000381469727,0.17100000381469727,0.17100000381469727,0
2022-08-30,0.1720000058412552,0.1720000058412552,0.1720000058412552,0.1720000058412552,0.1720000058412552,20000
2022-08-31,0.17100000381469727,0.17100000381469727,0.17100000381469727,0.17100000381469727,0.17100000381469727,10000
2022-09-01,0.17100000381469727,0.17100000381469727,0.17100000381469727,0.17100000381469727,0.17100000381469727,900000
2022-09-02,0.17100000381469727,0.17100000381469727,0.17100000381469727,0.17100000381469727,0.17100000381469727,0
2022-09-05,0.17100000381469727,0.17100000381469727,0.17100000381469727,0.17100000381469727,0.17100000381469727,0
2022-09-06,0.15600000321865082,0.15600000321865082,0.15600000321865082,0.15600000321865082,0.15600000321865082,0
2022-09-07,0.17000000178813934,0.17000000178813934,0.17000000178813934,0.17000000178813934,0.17000000178813934,0
2022-09-08,0.17499999701976776,0.17499999701976776,0.17499999701976776,0.17499999701976776,0.17499999701976776,0
2022-09-09,0.17499999701976776,0.17499999701976776,0.17499999701976776,0.17499999701976776,0.17499999701976776,0
2022-09-13,0.17499999701976776,0.17499999701976776,0.17499999701976776,0.17499999701976776,0.17499999701976776,0
2022-09-14,0.17499999701976776,0.17499999701976776,0.17499999701976776,0.17499999701976776,0.17499999701976776,0
2022-09-15,0.17499999701976776,0.17499999701976776,0.17499999701976776,0.17499999701976776,0.17499999701976776,0
2022-09-16,0.1809999942779541,0.1809999942779541,0.1809999942779541,0.1809999942779541,0.1809999942779541,0
2022-09-19,0.1809999942779541,0.1809999942779541,0.1809999942779541,0.1809999942779541,0.1809999942779541,0
2022-09-20,0.17800000309944153,0.17800000309944153,0.17800000309944153,0.16099999845027924,0.17000000178813934,250000
2022-09-21,0.1599999964237213,0.1599999964237213,0.1599999964237213,0.1599999964237213,0.1599999964237213,140000
2022-09-22,0.14800000190734863,0.14800000190734863,0.1599999964237213,0.14800000190734863,0.1550000011920929,232324
2022-09-23,0.14800000190734863,0.14800000190734863,0.14800000190734863,0.14800000190734863,0.14800000190734863,0
2022-09-26,0.14000000059604645,0.14000000059604645,0.14000000059604645,0.14000000059604645,0.14000000059604645,0
2022-09-27,0.14000000059604645,0.14000000059604645,0.14000000059604645,0.14000000059604645,0.14000000059604645,0
2022-09-28,0.14000000059604645,0.14000000059604645,0.14000000059604645,0.14000000059604645,0.14000000059604645,0
2022-09-29,0.14000000059604645,0.14000000059604645,0.14000000059604645,0.14000000059604645,0.14000000059604645,0
2022-09-30,0.14000000059604645,0.14000000059604645,0.14000000059604645,0.14000000059604645,0.14000000059604645,0
2022-10-03,0.14000000059604645,0.14000000059604645,0.14000000059604645,0.14000000059604645,0.14000000059604645,0
2022-10-05,0.13899999856948853,0.13899999856948853,0.13899999856948853,0.13899999856948853,0.13899999856948853,50000
2022-10-06,0.13899999856948853,0.13899999856948853,0.13899999856948853,0.13899999856948853,0.13899999856948853,0
2022-10-07,0.1379999965429306,0.1379999965429306,0.1379999965429306,0.1379999965429306,0.1379999965429306,0
2022-10-10,0.10999999940395355,0.10999999940395355,0.12399999797344208,0.10999999940395355,0.12099999934434891,310000
2022-10-11,0.09799999743700027,0.09799999743700027,0.12999999523162842,0.09600000083446503,0.12999999523162842,1280000
2022-10-12,0.10599999874830246,0.10599999874830246,0.10599999874830246,0.09799999743700027,0.09799999743700027,120000
2022-10-13,0.09799999743700027,0.09799999743700027,0.11400000005960464,0.09799999743700027,0.10599999874830246,880000
2022-10-14,0.10999999940395355,0.10999999940395355,0.10999999940395355,0.10899999737739563,0.10899999737739563,170000
2022-10-17,0.10400000214576721,0.10400000214576721,0.10899999737739563,0.09000000357627869,0.09200000017881393,650000
2022-10-18,0.10499999672174454,0.10499999672174454,0.10999999940395355,0.09300000220537186,0.10899999737739563,370000
2022-10-19,0.10400000214576721,0.10400000214576721,0.10499999672174454,0.10100000351667404,0.10499999672174454,950000
2022-10-20,0.10400000214576721,0.10400000214576721,0.10400000214576721,0.10400000214576721,0.10400000214576721,0
2022-10-21,0.10400000214576721,0.10400000214576721,0.14800000190734863,0.10400000214576721,0.12800000607967377,150000
2022-10-24,0.10000000149011612,0.10000000149011612,0.1080000028014183,0.09099999815225601,0.1080000028014183,258436
2022-10-25,0.11900000274181366,0.11900000274181366,0.12200000137090683,0.10000000149011612,0.10000000149011612,100000
2022-10-26,0.1120000034570694,0.1120000034570694,0.12200000137090683,0.1120000034570694,0.11900000274181366,100000
2022-10-27,0.12099999934434891,0.12099999934434891,0.12200000137090683,0.09399999678134918,0.11999999731779099,140000
2022-10-28,0.12200000137090683,0.12200000137090683,0.12200000137090683,0.12200000137090683,0.12200000137090683,80000
2022-10-31,0.12200000137090683,0.12200000137090683,0.12200000137090683,0.11999999731779099,0.11999999731779099,80000
2022-11-01,0.12200000137090683,0.12200000137090683,0.12200000137090683,0.12200000137090683,0.12200000137090683,90000
2022-11-02,0.12200000137090683,0.12200000137090683,0.12200000137090683,0.12200000137090683,0.12200000137090683,0
2022-11-03,0.12099999934434891,0.12099999934434891,0.12200000137090683,0.12099999934434891,0.12200000137090683,70000
2022-11-04,0.12200000137090683,0.12200000137090683,0.12300000339746475,0.12200000137090683,0.12200000137090683,100000
2022-11-07,0.12200000137090683,0.12200000137090683,0.12200000137090683,0.12200000137090683,0.12200000137090683,110000
2022-11-08,0.12099999934434891,0.12099999934434891,0.12099999934434891,0.10000000149011612,0.10000000149011612,70000
2022-11-09,0.12200000137090683,0.12200000137090683,0.12200000137090683,0.12200000137090683,0.12200000137090683,0
2022-11-10,0.16200000047683716,0.16200000047683716,0.16300000250339508,0.1420000046491623,0.14300000667572021,140000
2022-11-11,0.18199999630451202,0.18199999630451202,0.18199999630451202,0.13899999856948853,0.13899999856948853,220000
2022-11-14,0.18199999630451202,0.18199999630451202,0.18199999630451202,0.18000000715255737,0.18000000715255737,230000
2022-11-15,0.18299999833106995,0.18299999833106995,0.18400000035762787,0.18199999630451202,0.18199999630451202,220000
2022-11-16,0.18299999833106995,0.18299999833106995,0.18299999833106995,0.18299999833106995,0.18299999833106995,60000
2022-11-17,0.1850000023841858,0.1850000023841858,0.1850000023841858,0.18299999833106995,0.18299999833106995,70000
2022-11-18,0.1979999989271164,0.1979999989271164,0.20000000298023224,0.19900000095367432,0.20000000298023224,60000
2022-11-21,0.19499999284744263,0.19499999284744263,0.19599999487400055,0.19599999487400055,0.19599999487400055,60000
2022-11-22,0.1899999976158142,0.1899999976158142,0.19300000369548798,0.19200000166893005,0.19200000166893005,72500
2022-11-23,0.1889999955892563,0.1889999955892563,0.1889999955892563,0.1889999955892563,0.1889999955892563,60000
2022-11-24,0.12600000202655792,0.12600000202655792,0.18799999356269836,0.125,0.16699999570846558,930000
2022-11-25,0.10199999809265137,0.10199999809265137,0.12600000202655792,0.09000000357627869,0.12600000202655792,3070000
2022-11-28,0.11299999803304672,0.11299999803304672,0.11999999731779099,0.09300000220537186,0.09300000220537186,200000
2022-11-29,0.11299999803304672,0.11299999803304672,0.11299999803304672,0.11100000143051147,0.1120000034570694,70000
2022-11-30,0.11299999803304672,0.11299999803304672,0.11299999803304672,0.11299999803304672,0.11299999803304672,100000
2022-12-01,0.10999999940395355,0.10999999940395355,0.10999999940395355,0.10999999940395355,0.10999999940395355,237000
2022-12-02,0.10899999737739563,0.10899999737739563,0.10999999940395355,0.10999999940395355,0.10999999940395355,120000
2022-12-05,0.10000000149011612,0.10000000149011612,0.10400000214576721,0.0949999988079071,0.10000000149011612,910000
2022-12-06,0.10899999737739563,0.10899999737739563,0.10899999737739563,0.09000000357627869,0.0949999988079071,3900000
2022-12-07,0.10999999940395355,0.10999999940395355,0.11699999868869781,0.09600000083446503,0.10000000149011612,160000
2022-12-08,0.11999999731779099,0.11999999731779099,0.11999999731779099,0.11800000071525574,0.11800000071525574,100000
2022-12-09,0.11400000005960464,0.11400000005960464,0.11400000005960464,0.0949999988079071,0.10100000351667404,280000
2022-12-12,0.1340000033378601,0.1340000033378601,0.14000000059604645,0.13500000536441803,0.1379999965429306,70000
2022-12-13,0.11500000208616257,0.11500000208616257,0.13300000131130219,0.11500000208616257,0.13300000131130219,150000
2022-12-14,0.13099999725818634,0.13099999725818634,0.13199999928474426,0.11500000208616257,0.11500000208616257,160000
2022-12-15,0.1379999965429306,0.1379999965429306,0.13899999856948853,0.1289999932050705,0.12999999523162842,720000
2022-12-16,0.1379999965429306,0.1379999965429306,0.1379999965429306,0.1379999965429306,0.1379999965429306,100000
2022-12-19,0.1379999965429306,0.1379999965429306,0.1379999965429306,0.1379999965429306,0.1379999965429306,70000
2022-12-20,0.14000000059604645,0.14000000059604645,0.14000000059604645,0.14000000059604645,0.14000000059604645,0
2022-12-21,0.13899999856948853,0.13899999856948853,0.13899999856948853,0.13899999856948853,0.13899999856948853,0
2022-12-22,0.11999999731779099,0.11999999731779099,0.13899999856948853,0.11999999731779099,0.13899999856948853,320000
2022-12-23,0.13899999856948853,0.13899999856948853,0.14000000059604645,0.1379999965429306,0.13899999856948853,470000
2022-12-28,0.18000000715255737,0.18000000715255737,0.18000000715255737,0.13899999856948853,0.13899999856948853,460000
2022-12-29,0.17599999904632568,0.17599999904632568,0.18000000715255737,0.1720000058412552,0.18000000715255737,490000
2022-12-30,0.17800000309944153,0.17800000309944153,0.17800000309944153,0.17800000309944153,0.17800000309944153,0
2023-01-03,0.17599999904632568,0.17599999904632568,0.17599999904632568,0.17599999904632568,0.17599999904632568,10000
2023-01-04,0.1850000023841858,0.1850000023841858,0.1850000023841858,0.17299999296665192,0.1860000044107437,520000
2023-01-05,0.1850000023841858,0.1850000023841858,0.20000000298023224,0.1850000023841858,0.1850000023841858,1800000
2023-01-06,0.1850000023841858,0.1850000023841858,0.1850000023841858,0.1850000023841858,0.1850000023841858,0
2023-01-09,0.16200000047683716,0.16200000047683716,0.1850000023841858,0.16200000047683716,0.1850000023841858,110000
2023-01-10,0.16200000047683716,0.16200000047683716,0.16200000047683716,0.16200000047683716,0.16200000047683716,0
2023-01-11,0.16200000047683716,0.16200000047683716,0.16200000047683716,0.16200000047683716,0.16200000047683716,0
2023-01-12,0.16200000047683716,0.16200000047683716,0.16200000047683716,0.16200000047683716,0.16200000047683716,10000
2023-01-13,0.14399999380111694,0.14399999380111694,0.14399999380111694,0.14399999380111694,0.14399999380111694,0
2023-01-16,0.14399999380111694,0.14399999380111694,0.14399999380111694,0.14399999380111694,0.14399999380111694,0
2023-01-17,0.14399999380111694,0.14399999380111694,0.14399999380111694,0.14399999380111694,0.14399999380111694,0
2023-01-18,0.14399999380111694,0.14399999380111694,0.14399999380111694,0.14399999380111694,0.14399999380111694,0
2023-01-19,0.14399999380111694,0.14399999380111694,0.14399999380111694,0.14399999380111694,0.14399999380111694,0
2023-01-20,0.14399999380111694,0.14399999380111694,0.14399999380111694,0.14399999380111694,0.14399999380111694,0
2023-01-26,0.14399999380111694,0.14399999380111694,0.14399999380111694,0.14399999380111694,0.14399999380111694,0
2023-01-27,0.14399999380111694,0.14399999380111694,0.14399999380111694,0.14399999380111694,0.14399999380111694,0
2023-01-30,0.15299999713897705,0.15299999713897705,0.16200000047683716,0.14000000059604645,0.16200000047683716,230000
2023-01-31,0.15299999713897705,0.15299999713897705,0.15299999713897705,0.15299999713897705,0.15299999713897705,0
2023-02-01,0.15600000321865082,0.15600000321865082,0.15600000321865082,0.15600000321865082,0.15600000321865082,0
2023-02-02,0.17399999499320984,0.17399999499320984,0.17399999499320984,0.17399999499320984,0.17399999499320984,140000
2023-02-03,0.1850000023841858,0.1850000023841858,0.1860000044107437,0.17399999499320984,0.17399999499320984,80000
2023-02-06,0.1889999955892563,0.1889999955892563,0.1889999955892563,0.1889999955892563,0.1889999955892563,70000
2023-02-07,0.18400000035762787,0.18400000035762787,0.18700000643730164,0.18700000643730164,0.18700000643730164,60000
2023-02-08,0.18400000035762787,0.18400000035762787,0.1850000023841858,0.1850000023841858,0.1850000023841858,80000
2023-02-09,0.1850000023841858,0.1850000023841858,0.1850000023841858,0.1850000023841858,0.1850000023841858,70000
2023-02-10,0.1850000023841858,0.1850000023841858,0.1850000023841858,0.1850000023841858,0.1850000023841858,70000
2023-02-13,0.18799999356269836,0.18799999356269836,0.18799999356269836,0.16200000047683716,0.18400000035762787,450000
2023-02-14,0.18799999356269836,0.18799999356269836,0.18799999356269836,0.18799999356269836,0.18799999356269836,60000
2023-02-15,0.17399999499320984,0.17399999499320984,0.17399999499320984,0.16899999976158142,0.16899999976158142,100000
2023-02-16,0.16599999368190765,0.16599999368190765,0.16599999368190765,0.16599999368190765,0.16599999368190765,0
2023-02-17,0.1599999964237213,0.1599999964237213,0.16599999368190765,0.1599999964237213,0.16599999368190765,100000
2023-02-20,0.17000000178813934,0.17000000178813934,0.17000000178813934,0.1550000011920929,0.1550000011920929,62500
2023-02-21,0.18000000715255737,0.18000000715255737,0.18000000715255737,0.18000000715255737,0.18000000715255737,60000
2023-02-22,0.17000000178813934,0.17000000178813934,0.18000000715255737,0.18000000715255737,0.18000000715255737,70000
2023-02-23,0.15000000596046448,0.15000000596046448,0.15299999713897705,0.15000000596046448,0.15299999713897705,27500
2023-02-24,0.15000000596046448,0.15000000596046448,0.15000000596046448,0.15000000596046448,0.15000000596046448,0
2023-02-27,0.1720000058412552,0.1720000058412552,0.1720000058412552,0.1720000058412552,0.1720000058412552,60000
2023-02-28,0.1509999930858612,0.1509999930858612,0.1509999930858612,0.1509999930858612,0.1509999930858612,15000
2023-03-01,0.17000000178813934,0.17000000178813934,0.17900000512599945,0.17900000512599945,0.17900000512599945,60000
2023-03-02,0.16599999368190765,0.16599999368190765,0.17000000178813934,0.17000000178813934,0.17000000178813934,117000
2023-03-03,0.17599999904632568,0.17599999904632568,0.17800000309944153,0.17599999904632568,0.17800000309944153,90000
2023-03-06,0.1599999964237213,0.1599999964237213,0.17499999701976776,0.1599999964237213,0.17499999701976776,510000
2023-03-07,0.1599999964237213,0.1599999964237213,0.1599999964237213,0.1599999964237213,0.1599999964237213,40000
2023-03-08,0.15800000727176666,0.15800000727176666,0.15800000727176666,0.15800000727176666,0.15800000727176666,0
2023-03-09,0.15399999916553497,0.15399999916553497,0.15399999916553497,0.15399999916553497,0.15399999916553497,40000
2023-03-10,0.13300000131130219,0.13300000131130219,0.1420000046491623,0.13099999725818634,0.1420000046491623,570000
2023-03-13,0.13600000739097595,0.13600000739097595,0.1379999965429306,0.13099999725818634,0.1379999965429306,170000
2023-03-14,0.1340000033378601,0.1340000033378601,0.1340000033378601,0.1340000033378601,0.1340000033378601,40000
2023-03-15,0.1340000033378601,0.1340000033378601,0.13699999451637268,0.13300000131130219,0.13300000131130219,270000
2023-03-16,0.14000000059604645,0.14000000059604645,0.14000000059604645,0.14000000059604645,0.14000000059604645,30000
2023-03-17,0.14000000059604645,0.14000000059604645,0.14000000059604645,0.14000000059604645,0.14000000059604645,40000
2023-03-20,0.12999999523162842,0.12999999523162842,0.12999999523162842,0.12999999523162842,0.13500000536441803,200000
2023-03-21,0.13500000536441803,0.13500000536441803,0.13500000536441803,0.13500000536441803,0.13500000536441803,40000
2023-03-22,0.13500000536441803,0.13500000536441803,0.13500000536441803,0.13500000536441803,0.13500000536441803,30000
2023-03-23,0.13199999928474426,0.13199999928474426,0.13199999928474426,0.13199999928474426,0.13199999928474426,40000
2023-03-24,0.1340000033378601,0.1340000033378601,0.13500000536441803,0.12600000202655792,0.13099999725818634,360000
2023-03-27,0.1340000033378601,0.1340000033378601,0.13500000536441803,0.13500000536441803,0.13500000536441803,40000
2023-03-28,0.13500000536441803,0.13500000536441803,0.13500000536441803,0.1340000033378601,0.1340000033378601,40000
2023-03-29,0.13500000536441803,0.13500000536441803,0.13500000536441803,0.1340000033378601,0.13500000536441803,1000000
2023-03-30,0.13300000131130219,0.13300000131130219,0.13300000131130219,0.13300000131130219,0.13300000131130219,40000
2023-03-31,0.1340000033378601,0.1340000033378601,0.1340000033378601,0.1340000033378601,0.1340000033378601,0
2023-04-03,0.1340000033378601,0.1340000033378601,0.1340000033378601,0.1340000033378601,0.1340000033378601,40000
2023-04-04,0.13500000536441803,0.13500000536441803,0.13500000536441803,0.13500000536441803,0.13500000536441803,30000
2023-04-06,0.14499999582767487,0.14499999582767487,0.14499999582767487,0.14499999582767487,0.14499999582767487,20000
2023-04-11,0.14499999582767487,0.14499999582767487,0.14499999582767487,0.14499999582767487,0.14499999582767487,30000
2023-04-12,0.13099999725818634,0.13099999725818634,0.13099999725818634,0.13099999725818634,0.13099999725818634,160000
2023-04-13,0.13899999856948853,0.13899999856948853,0.13899999856948853,0.13899999856948853,0.13899999856948853,30000
2023-04-14,0.14000000059604645,0.14000000059604645,0.14900000393390656,0.14900000393390656,0.14900000393390656,30000
2023-04-17,0.15299999713897705,0.15299999713897705,0.15299999713897705,0.15199999511241913,0.15199999511241913,30000
2023-04-18,0.15299999713897705,0.15299999713897705,0.15399999916553497,0.15299999713897705,0.15299999713897705,210000
2023-04-19,0.15000000596046448,0.15000000596046448,0.15000000596046448,0.15000000596046448,0.15000000596046448,0
2023-04-20,0.1509999930858612,0.1509999930858612,0.1509999930858612,0.1509999930858612,0.1509999930858612,30000
2023-04-21,0.15600000321865082,0.15600000321865082,0.15600000321865082,0.15600000321865082,0.15600000321865082,40000
2023-04-24,0.1589999943971634,0.1589999943971634,0.16599999368190765,0.12700000405311584,0.14499999582767487,410000
2023-04-25,0.1599999964237213,0.1599999964237213,0.1599999964237213,0.1589999943971634,0.1589999943971634,70000
2023-04-26,0.1679999977350235,0.1679999977350235,0.1679999977350235,0.1679999977350235,0.1679999977350235,30000
2023-04-27,0.14000000059604645,0.14000000059604645,0.16899999976158142,0.13300000131130219,0.16899999976158142,1500000
2023-04-28,0.14000000059604645,0.14000000059604645,0.14399999380111694,0.14399999380111694,0.14399999380111694,30000
2023-05-02,0.12600000202655792,0.12600000202655792,0.12600000202655792,0.12600000202655792,0.12600000202655792,40000
2023-05-03,0.125,0.125,0.125,0.125,0.125,60000
2023-05-04,0.125,0.125,0.125,0.125,0.125,0
2023-05-05,0.12399999797344208,0.12399999797344208,0.12399999797344208,0.12399999797344208,0.12399999797344208,40000
2023-05-08,0.1289999932050705,0.1289999932050705,0.1289999932050705,0.1289999932050705,0.1289999932050705,40000
2023-05-09,0.13699999451637268,0.13699999451637268,0.14000000059604645,0.14000000059604645,0.14000000059604645,40000
2023-05-10,0.12999999523162842,0.12999999523162842,0.12999999523162842,0.12999999523162842,0.12999999523162842,30000
2023-05-11,0.12800000607967377,0.12800000607967377,0.12800000607967377,0.12800000607967377,0.12800000607967377,40000
2023-05-12,0.12300000339746475,0.12300000339746475,0.12300000339746475,0.12300000339746475,0.12300000339746475,40000
2023-05-15,0.12800000607967377,0.12800000607967377,0.12999999523162842,0.12999999523162842,0.12999999523162842,40000
2023-05-16,0.12399999797344208,0.12399999797344208,0.12999999523162842,0.11400000005960464,0.11500000208616257,190000
2023-05-17,0.12999999523162842,0.12999999523162842,0.12999999523162842,0.12999999523162842,0.12999999523162842,37500
2023-05-18,0.1289999932050705,0.1289999932050705,0.13699999451637268,0.12999999523162842,0.13699999451637268,230000
2023-05-19,0.12999999523162842,0.12999999523162842,0.12999999523162842,0.12999999523162842,0.12999999523162842,0
2023-05-22,0.10400000214576721,0.10400000214576721,0.11999999731779099,0.10000000149011612,0.11599999666213989,460000
2023-05-23,0.10700000077486038,0.10700000077486038,0.10700000077486038,0.10000000149011612,0.10000000149011612,70000
2023-05-24,0.1080000028014183,0.1080000028014183,0.11100000143051147,0.10000000149011612,0.11100000143051147,260000
2023-05-25,0.11100000143051147,0.11100000143051147,0.11100000143051147,0.11100000143051147,0.11100000143051147,0
2023-05-29,0.125,0.125,0.125,0.10199999809265137,0.10199999809265137,1240000
2023-05-30,0.11900000274181366,0.11900000274181366,0.13699999451637268,0.11100000143051147,0.13699999451637268,70000
2023-05-31,0.12800000607967377,0.12800000607967377,0.12800000607967377,0.12800000607967377,0.12800000607967377,30000
2023-06-01,0.1289999932050705,0.1289999932050705,0.12800000607967377,0.12800000607967377,0.13500000536441803,30000
2023-06-02,0.13699999451637268,0.13699999451637268,0.1379999965429306,0.13600000739097595,0.1379999965429306,360000
2023-06-05,0.1379999965429306,0.1379999965429306,0.1379999965429306,0.1379999965429306,0.1379999965429306,10000
2023-06-06,0.14300000667572021,0.14300000667572021,0.14399999380111694,0.14399999380111694,0.14399999380111694,10000
2023-06-07,0.14300000667572021,0.14300000667572021,0.14300000667572021,0.14300000667572021,0.14300000667572021,30000
2023-06-08,0.14000000059604645,0.14000000059604645,0.14300000667572021,0.14000000059604645,0.14000000059604645,40000
2023-06-09,0.14100000262260437,0.14100000262260437,0.14100000262260437,0.13600000739097595,0.13600000739097595,30000
2023-06-12,0.1420000046491623,0.1420000046491623,0.1420000046491623,0.1420000046491623,0.1420000046491623,30000
2023-06-13,0.1420000046491623,0.1420000046491623,0.1420000046491623,0.1420000046491623,0.1420000046491623,20000
2023-06-14,0.14100000262260437,0.14100000262260437,0.14100000262260437,0.14100000262260437,0.14100000262260437,30000
2023-06-15,0.1420000046491623,0.1420000046491623,0.1420000046491623,0.12200000137090683,0.12200000137090683,30000
2023-06-16,0.14100000262260437,0.14100000262260437,0.14100000262260437,0.14100000262260437,0.14100000262260437,0
2023-06-19,0.14100000262260437,0.14100000262260437,0.14100000262260437,0.14100000262260437,0.14100000262260437,30000
2023-06-20,0.14100000262260437,0.14100000262260437,0.14100000262260437,0.14000000059604645,0.14000000059604645,20000
2023-06-21,0.14100000262260437,0.14100000262260437,0.14100000262260437,0.12200000137090683,0.12200000137090683,31250
2023-06-23,0.14100000262260437,0.14100000262260437,0.14100000262260437,0.14100000262260437,0.14100000262260437,0
2023-06-26,0.1420000046491623,0.1420000046491623,0.1420000046491623,0.1420000046491623,0.1420000046491623,10000
2023-06-27,0.1420000046491623,0.1420000046491623,0.1420000046491623,0.1420000046491623,0.1420000046491623,30000
2023-06-28,0.1420000046491623,0.1420000046491623,0.1420000046491623,0.1420000046491623,0.1420000046491623,40000
2023-06-29,0.14300000667572021,0.14300000667572021,0.14300000667572021,0.14300000667572021,0.1420000046491623,40000
2023-06-30,0.14300000667572021,0.14300000667572021,0.14300000667572021,0.14300000667572021,0.14300000667572021,30000
2023-07-03,0.16099999845027924,0.16099999845027924,0.1550000011920929,0.1550000011920929,0.1550000011920929,152500
2023-07-04,0.16200000047683716,0.16200000047683716,0.16200000047683716,0.16200000047683716,0.16200000047683716,0
2023-07-05,0.16200000047683716,0.16200000047683716,0.16200000047683716,0.16200000047683716,0.16200000047683716,20000
2023-07-06,0.1599999964237213,0.1599999964237213,0.16200000047683716,0.16200000047683716,0.1679999977350235,10000
2023-07-07,0.16099999845027924,0.16099999845027924,0.16099999845027924,0.16099999845027924,0.16099999845027924,10000
2023-07-10,0.16099999845027924,0.16099999845027924,0.16099999845027924,0.16099999845027924,0.16099999845027924,30000
2023-07-11,0.16200000047683716,0.16200000047683716,0.16200000047683716,0.16200000047683716,0.16200000047683716,10000
2023-07-12,0.1599999964237213,0.1599999964237213,0.1599999964237213,0.1599999964237213,0.1599999964237213,20000
2023-07-13,0.16099999845027924,0.16099999845027924,0.16099999845027924,0.16099999845027924,0.16099999845027924,0
2023-07-14,0.16500000655651093,0.16500000655651093,0.16500000655651093,0.16500000655651093,0.16500000655651093,10000
2023-07-18,0.16599999368190765,0.16599999368190765,0.16500000655651093,0.16500000655651093,0.17800000309944153,20000
2023-07-19,0.17499999701976776,0.17499999701976776,0.17499999701976776,0.17499999701976776,0.17499999701976776,20000
2023-07-20,0.17900000512599945,0.17900000512599945,0.17900000512599945,0.17499999701976776,0.17499999701976776,20000
2023-07-21,0.17800000309944153,0.17800000309944153,0.17800000309944153,0.17800000309944153,0.17800000309944153,30000
2023-07-24,0.17800000309944153,0.17800000309944153,0.17800000309944153,0.17800000309944153,0.17800000309944153,30000
2023-07-25,0.17800000309944153,0.17800000309944153,0.17800000309944153,0.17800000309944153,0.17800000309944153,20000
2023-07-26,0.17800000309944153,0.17800000309944153,0.17800000309944153,0.17800000309944153,0.17800000309944153,30000
2023-07-27,0.17800000309944153,0.17800000309944153,0.17800000309944153,0.17800000309944153,0.17800000309944153,20000
2023-07-28,0.18000000715255737,0.18000000715255737,0.18000000715255737,0.18000000715255737,0.17800000309944153,40000
2023-07-31,0.17900000512599945,0.17900000512599945,0.17900000512599945,0.17900000512599945,0.17900000512599945,0
2023-08-01,0.18000000715255737,0.18000000715255737,0.18000000715255737,0.18000000715255737,0.18000000715255737,30000
2023-08-02,0.15399999916553497,0.15399999916553497,0.18000000715255737,0.15399999916553497,0.18000000715255737,50000
2023-08-03,0.16699999570846558,0.16699999570846558,0.1770000010728836,0.14399999380111694,0.14399999380111694,55000
2023-08-04,0.15800000727176666,0.15800000727176666,0.1599999964237213,0.15000000596046448,0.15199999511241913,170000
2023-08-07,0.15700000524520874,0.15700000524520874,0.16500000655651093,0.16500000655651093,0.16500000655651093,20000
2023-08-08,0.16500000655651093,0.16500000655651093,0.16500000655651093,0.16500000655651093,0.16500000655651093,10000
2023-08-09,0.17599999904632568,0.17599999904632568,0.17800000309944153,0.17800000309944153,0.17800000309944153,20000
2023-08-10,0.17399999499320984,0.17399999499320984,0.17399999499320984,0.17399999499320984,0.17399999499320984,30000
2023-08-11,0.17599999904632568,0.17599999904632568,0.17599999904632568,0.17599999904632568,0.17599999904632568,20000
2023-08-14,0.17499999701976776,0.17499999701976776,0.17499999701976776,0.17499999701976776,0.17499999701976776,30000
2023-08-15,0.17599999904632568,0.17599999904632568,0.17599999904632568,0.17599999904632568,0.17800000309944153,30000
2023-08-16,0.1770000010728836,0.1770000010728836,0.1770000010728836,0.1770000010728836,0.17800000309944153,20000
2023-08-17,0.15299999713897705,0.15299999713897705,0.15299999713897705,0.15299999713897705,0.15299999713897705,0
2023-08-18,0.15399999916553497,0.15399999916553497,0.16699999570846558,0.1459999978542328,0.1459999978542328,90000
2023-08-21,0.16599999368190765,0.16599999368190765,0.16599999368190765,0.16599999368190765,0.16599999368190765,20000
2023-08-22,0.1770000010728836,0.1770000010728836,0.1770000010728836,0.1770000010728836,0.1770000010728836,10000
2023-08-23,0.17800000309944153,0.17800000309944153,0.17800000309944153,0.17800000309944153,0.17800000309944153,30000
2023-08-24,0.17800000309944153,0.17800000309944153,0.17800000309944153,0.17800000309944153,0.17800000309944153,40000
2023-08-25,0.17800000309944153,0.17800000309944153,0.18000000715255737,0.18000000715255737,0.17800000309944153,40000
2023-08-28,0.1679999977350235,0.1679999977350235,0.1599999964237213,0.1599999964237213,0.17900000512599945,72500
2023-08-29,0.17800000309944153,0.17800000309944153,0.18000000715255737,0.1770000010728836,0.1770000010728836,90000
2023-08-30,0.17399999499320984,0.17399999499320984,0.17499999701976776,0.15000000596046448,0.16500000655651093,110000
2023-08-31,0.14300000667572021,0.14300000667572021,0.16500000655651093,0.14000000059604645,0.1599999964237213,310000
2023-09-04,0.14399999380111694,0.14399999380111694,0.1459999978542328,0.14300000667572021,0.14300000667572021,40000
2023-09-05,0.1550000011920929,0.1550000011920929,0.1550000011920929,0.14499999582767487,0.14499999582767487,20000
2023-09-06,0.1550000011920929,0.1550000011920929,0.1550000011920929,0.1550000011920929,0.1550000011920929,40000
2023-09-07,0.15800000727176666,0.15800000727176666,0.1550000011920929,0.1550000011920929,0.17800000309944153,30000
2023-09-11,0.18000000715255737,0.18000000715255737,0.18000000715255737,0.18000000715255737,0.17800000309944153,40000
2023-09-12,0.18000000715255737,0.18000000715255737,0.18000000715255737,0.18000000715255737,0.18000000715255737,30000
2023-09-13,0.18000000715255737,0.18000000715255737,0.18000000715255737,0.18000000715255737,0.18000000715255737,30000
2023-09-14,0.18000000715255737,0.18000000715255737,0.18000000715255737,0.18000000715255737,0.18000000715255737,30000
2023-09-15,0.18000000715255737,0.18000000715255737,0.18000000715255737,0.18000000715255737,0.18000000715255737,20000
2023-09-18,0.18000000715255737,0.18000000715255737,0.18000000715255737,0.18000000715255737,0.18000000715255737,0
2023-09-19,0.14800000190734863,0.14800000190734863,0.17900000512599945,0.14300000667572021,0.1599999964237213,180000
2023-09-20,0.1550000011920929,0.1550000011920929,0.1550000011920929,0.1550000011920929,0.1550000011920929,0
2023-09-21,0.1770000010728836,0.1770000010728836,0.17800000309944153,0.17800000309944153,0.17800000309944153,20000
2023-09-22,0.17399999499320984,0.17399999499320984,0.17399999499320984,0.17399999499320984,0.17399999499320984,30000
2023-09-25,0.1770000010728836,0.1770000010728836,0.1770000010728836,0.1599999964237213,0.1770000010728836,90000
2023-09-26,0.164000004529953,0.164000004529953,0.1770000010728836,0.1599999964237213,0.1770000010728836,60000
2023-09-27,0.1679999977350235,0.1679999977350235,0.1679999977350235,0.1679999977350235,0.1679999977350235,0
2023-09-28,0.16300000250339508,0.16300000250339508,0.164000004529953,0.15000000596046448,0.15000000596046448,82500
2023-09-29,0.17000000178813934,0.17000000178813934,0.17000000178813934,0.16300000250339508,0.16300000250339508,30000
2023-10-03,0.15800000727176666,0.15800000727176666,0.1720000058412552,0.15800000727176666,0.17000000178813934,40000
2023-10-04,0.1679999977350235,0.1679999977350235,0.1679999977350235,0.1679999977350235,0.1679999977350235,0
2023-10-05,0.1679999977350235,0.1679999977350235,0.1679999977350235,0.1679999977350235,0.1679999977350235,40000
2023-10-06,0.1770000010728836,0.1770000010728836,0.1770000010728836,0.1770000010728836,0.1770000010728836,0
2023-10-09,0.17800000309944153,0.17800000309944153,0.17800000309944153,0.17800000309944153,0.17800000309944153,20000
2023-10-10,0.18000000715255737,0.18000000715255737,0.18000000715255737,0.18000000715255737,0.17800000309944153,40000
2023-10-11,0.18000000715255737,0.18000000715255737,0.18000000715255737,0.18000000715255737,0.18000000715255737,20000
2023-10-12,0.18000000715255737,0.18000000715255737,0.18000000715255737,0.18000000715255737,0.18000000715255737,30000
2023-10-13,0.1770000010728836,0.1770000010728836,0.18000000715255737,0.16099999845027924,0.18000000715255737,70000
2023-10-16,0.1770000010728836,0.1770000010728836,0.18000000715255737,0.16500000655651093,0.18000000715255737,40000
2023-10-17,0.1770000010728836,0.1770000010728836,0.1770000010728836,0.1770000010728836,0.1770000010728836,0
2023-10-18,0.17900000512599945,0.17900000512599945,0.18000000715255737,0.18000000715255737,0.18000000715255737,30000
2023-10-19,0.17800000309944153,0.17800000309944153,0.17800000309944153,0.17800000309944153,0.17800000309944153,0
2023-10-20,0.17900000512599945,0.17900000512599945,0.17900000512599945,0.17900000512599945,0.17900000512599945,20000
2023-10-24,0.17800000309944153,0.17800000309944153,0.17900000512599945,0.17900000512599945,0.17900000512599945,30000
2023-10-25,0.17800000309944153,0.17800000309944153,0.17800000309944153,0.17800000309944153,0.17800000309944153,20000
2023-10-26,0.17900000512599945,0.17900000512599945,0.17900000512599945,0.17900000512599945,0.17900000512599945,30000
2023-10-27,0.18000000715255737,0.18000000715255737,0.18000000715255737,0.18000000715255737,0.18000000715255737,30000
2023-10-30,0.18000000715255737,0.18000000715255737,0.18000000715255737,0.17800000309944153,0.17800000309944153,30000
2023-10-31,0.17900000512599945,0.17900000512599945,0.17900000512599945,0.17900000512599945,0.17900000512599945,20000
2023-11-01,0.17800000309944153,0.17800000309944153,0.17900000512599945,0.17900000512599945,0.17900000512599945,30000
2023-11-02,0.16500000655651093,0.16500000655651093,0.17499999701976776,0.16500000655651093,0.17499999701976776,47500
2023-11-03,0.164000004529953,0.164000004529953,0.16500000655651093,0.16500000655651093,0.16500000655651093,40000
2023-11-06,0.164000004529953,0.164000004529953,0.164000004529953,0.16300000250339508,0.16300000250339508,30000
2023-11-07,0.164000004529953,0.164000004529953,0.164000004529953,0.164000004529953,0.164000004529953,30000
2023-11-08,0.17900000512599945,0.17900000512599945,0.17900000512599945,0.17900000512599945,0.17900000512599945,20000
2023-11-09,0.15600000321865082,0.15600000321865082,0.17900000512599945,0.15600000321865082,0.17900000512599945,50000
2023-11-10,0.1599999964237213,0.1599999964237213,0.1599999964237213,0.1599999964237213,0.1599999964237213,0
2023-11-13,0.1550000011920929,0.1550000011920929,0.15700000524520874,0.1550000011920929,0.15700000524520874,140000
2023-11-14,0.1550000011920929,0.1550000011920929,0.1550000011920929,0.1550000011920929,0.1550000011920929,120000
2023-11-15,0.15399999916553497,0.15399999916553497,0.15399999916553497,0.15399999916553497,0.15399999916553497,0
2023-11-16,0.15399999916553497,0.15399999916553497,0.15399999916553497,0.15399999916553497,0.15399999916553497,30000
2023-11-17,0.15399999916553497,0.15399999916553497,0.15399999916553497,0.15399999916553497,0.15399999916553497,30000
2023-11-20,0.15299999713897705,0.15299999713897705,0.15399999916553497,0.15299999713897705,0.15399999916553497,90000
2023-11-21,0.15299999713897705,0.15299999713897705,0.15299999713897705,0.15299999713897705,0.15299999713897705,30000
2023-11-22,0.15199999511241913,0.15199999511241913,0.15199999511241913,0.15199999511241913,0.15199999511241913,0
2023-11-23,0.15000000596046448,0.15000000596046448,0.15000000596046448,0.15000000596046448,0.15000000596046448,0
2023-11-24,0.14900000393390656,0.14900000393390656,0.14900000393390656,0.14000000059604645,0.14100000262260437,100000
2023-11-27,0.14900000393390656,0.14900000393390656,0.14900000393390656,0.14900000393390656,0.14900000393390656,0
2023-11-28,0.14900000393390656,0.14900000393390656,0.14900000393390656,0.14900000393390656,0.14900000393390656,30000
2023-11-29,0.14900000393390656,0.14900000393390656,0.14900000393390656,0.14900000393390656,0.14900000393390656,40000
2023-11-30,0.14900000393390656,0.14900000393390656,0.14900000393390656,0.14900000393390656,0.14900000393390656,0
2023-12-01,0.14900000393390656,0.14900000393390656,0.14900000393390656,0.14900000393390656,0.14900000393390656,20000
2023-12-04,0.14900000393390656,0.14900000393390656,0.14900000393390656,0.14900000393390656,0.14900000393390656,30000
2023-12-05,0.14900000393390656,0.14900000393390656,0.14900000393390656,0.14900000393390656,0.14900000393390656,20000
2023-12-06,0.14900000393390656,0.14900000393390656,0.14900000393390656,0.14900000393390656,0.14900000393390656,30000
2023-12-07,0.15000000596046448,0.15000000596046448,0.14900000393390656,0.14900000393390656,0.14900000393390656,40000
2023-12-08,0.1509999930858612,0.1509999930858612,0.1509999930858612,0.1509999930858612,0.1509999930858612,0
2023-12-11,0.15000000596046448,0.15000000596046448,0.15000000596046448,0.15000000596046448,0.15000000596046448,0
2023-12-12,0.15000000596046448,0.15000000596046448,0.15000000596046448,0.14900000393390656,0.14900000393390656,30000
2023-12-13,0.15000000596046448,0.15000000596046448,0.15000000596046448,0.15000000596046448,0.15000000596046448,30000
2023-12-14,0.1509999930858612,0.1509999930858612,0.1509999930858612,0.1509999930858612,0.1509999930858612,40000
2023-12-15,0.1509999930858612,0.1509999930858612,0.1509999930858612,0.1469999998807907,0.1509999930858612,56250
2023-12-18,0.1509999930858612,0.1509999930858612,0.1509999930858612,0.1509999930858612,0.1509999930858612,20000
2023-12-19,0.15199999511241913,0.15199999511241913,0.15199999511241913,0.15199999511241913,0.15199999511241913,0
2023-12-20,0.15299999713897705,0.15299999713897705,0.15299999713897705,0.15299999713897705,0.15299999713897705,20000
2023-12-21,0.15399999916553497,0.15399999916553497,0.15399999916553497,0.15399999916553497,0.15399999916553497,0
2023-12-22,0.1550000011920929,0.1550000011920929,0.1550000011920929,0.1550000011920929,0.1550000011920929,0
2023-12-27,0.1550000011920929,0.1550000011920929,0.1550000011920929,0.1550000011920929,0.1550000011920929,30000
2023-12-28,0.15600000321865082,0.15600000321865082,0.15600000321865082,0.15600000321865082,0.15600000321865082,0
2023-12-29,0.15700000524520874,0.15700000524520874,0.14900000393390656,0.13899999856948853,0.14000000059604645,47500
2024-01-02,0.15700000524520874,0.15700000524520874,0.15700000524520874,0.15700000524520874,0.15700000524520874,0
2024-01-03,0.15600000321865082,0.15600000321865082,0.15700000524520874,0.15700000524520874,0.15700000524520874,40000
2024-01-04,0.15700000524520874,0.15700000524520874,0.15700000524520874,0.15700000524520874,0.15700000524520874,0
2024-01-05,0.15800000727176666,0.15800000727176666,0.15800000727176666,0.15800000727176666,0.15800000727176666,0
2024-01-08,0.15600000321865082,0.15600000321865082,0.15600000321865082,0.15600000321865082,0.15600000321865082,40000
2024-01-09,0.15700000524520874,0.15700000524520874,0.15700000524520874,0.15700000524520874,0.15700000524520874,0
2024-01-10,0.15700000524520874,0.15700000524520874,0.15700000524520874,0.15700000524520874,0.15700000524520874,30000
2024-01-11,0.15700000524520874,0.15700000524520874,0.15700000524520874,0.15700000524520874,0.15700000524520874,10000
2024-01-12,0.15800000727176666,0.15800000727176666,0.15800000727176666,0.14300000667572021,0.14300000667572021,25000
2024-01-15,0.15800000727176666,0.15800000727176666,0.15800000727176666,0.15800000727176666,0.15800000727176666,0
2024-01-16,0.1469999998807907,0.1469999998807907,0.15800000727176666,0.14499999582767487,0.15800000727176666,70000
2024-01-17,0.15199999511241913,0.15199999511241913,0.15299999713897705,0.15199999511241913,0.15199999511241913,30000
2024-01-18,0.15199999511241913,0.15199999511241913,0.15199999511241913,0.15199999511241913,0.15199999511241913,0
2024-01-19,0.15199999511241913,0.15199999511241913,0.15199999511241913,0.15199999511241913,0.15199999511241913,50000
2024-01-22,0.15199999511241913,0.15199999511241913,0.15199999511241913,0.15199999511241913,0.15199999511241913,30000
2024-01-23,0.1509999930858612,0.1509999930858612,0.1509999930858612,0.1509999930858612,0.1509999930858612,40000
2024-01-24,0.1509999930858612,0.1509999930858612,0.1509999930858612,0.1509999930858612,0.1509999930858612,20000
2024-01-25,0.1509999930858612,0.1509999930858612,0.1509999930858612,0.1509999930858612,0.1509999930858612,30000
2024-01-26,0.14800000190734863,0.14800000190734863,0.14800000190734863,0.13500000536441803,0.14000000059604645,79500
2024-01-29,0.14000000059604645,0.14000000059604645,0.14800000190734863,0.14000000059604645,0.14800000190734863,90000
2024-01-30,0.14499999582767487,0.14499999582767487,0.14499999582767487,0.14499999582767487,0.14499999582767487,0
2024-01-31,0.14000000059604645,0.14000000059604645,0.14000000059604645,0.14000000059604645,0.14000000059604645,0
2024-02-01,0.14499999582767487,0.14499999582767487,0.14499999582767487,0.14499999582767487,0.14499999582767487,30000
2024-02-02,0.14499999582767487,0.14499999582767487,0.14499999582767487,0.14499999582767487,0.14499999582767487,40000
2024-02-05,0.14399999380111694,0.14399999380111694,0.14399999380111694,0.14399999380111694,0.14399999380111694,0
2024-02-06,0.15000000596046448,0.15000000596046448,0.15000000596046448,0.15000000596046448,0.15000000596046448,0
2024-02-07,0.14900000393390656,0.14900000393390656,0.15000000596046448,0.15000000596046448,0.15000000596046448,40000
2024-02-08,0.14900000393390656,0.14900000393390656,0.14900000393390656,0.14900000393390656,0.14900000393390656,0
2024-02-09,0.14499999582767487,0.14499999582767487,0.14499999582767487,0.14499999582767487,0.14499999582767487,0
2024-02-14,0.1469999998807907,0.1469999998807907,0.1469999998807907,0.1469999998807907,0.1469999998807907,0
2024-02-15,0.15000000596046448,0.15000000596046448,0.15000000596046448,0.15000000596046448,0.15000000596046448,0
2024-02-16,0.16599999368190765,0.16599999368190765,0.1509999930858612,0.14300000667572021,0.14900000393390656,950150
2024-02-19,0.15800000727176666,0.15800000727176666,0.15800000727176666,0.1459999978542328,0.1459999978542328,60000
2024-02-20,0.1589999943971634,0.1589999943971634,0.1589999943971634,0.15800000727176666,0.15800000727176666,40000
2024-02-21,0.15800000727176666,0.15800000727176666,0.1589999943971634,0.1589999943971634,0.1589999943971634,30000
2024-02-22,0.15800000727176666,0.15800000727176666,0.15800000727176666,0.15800000727176666,0.15800000727176666,20000
2024-02-23,0.1599999964237213,0.1599999964237213,0.1599999964237213,0.1599999964237213,0.1599999964237213,20000
2024-02-26,0.16099999845027924,0.16099999845027924,0.16099999845027924,0.16099999845027924,0.16099999845027924,10000
2024-02-27,0.16099999845027924,0.16099999845027924,0.16099999845027924,0.16099999845027924,0.16099999845027924,30000
2024-02-28,0.1599999964237213,0.1599999964237213,0.164000004529953,0.16300000250339508,0.16300000250339508,40000
2024-02-29,0.15700000524520874,0.15700000524520874,0.1599999964237213,0.1599999964237213,0.1599999964237213,30000
2024-03-01,0.1550000011920929,0.1550000011920929,0.15700000524520874,0.15700000524520874,0.15700000524520874,30100
2024-03-04,0.1550000011920929,0.1550000011920929,0.1550000011920929,0.1550000011920929,0.1550000011920929,20000
2024-03-05,0.1550000011920929,0.1550000011920929,0.1550000011920929,0.1550000011920929,0.1550000011920929,30000
2024-03-06,0.15800000727176666,0.15800000727176666,0.15800000727176666,0.15800000727176666,0.15800000727176666,20000
2024-03-07,0.1509999930858612,0.1509999930858612,0.15000000596046448,0.15000000596046448,0.15000000596046448,19000
2024-03-08,0.1509999930858612,0.1509999930858612,0.1509999930858612,0.1509999930858612,0.1509999930858612,0
2024-03-11,0.14499999582767487,0.14499999582767487,0.14499999582767487,0.14499999582767487,0.14499999582767487,0
2024-03-12,0.14499999582767487,0.14499999582767487,0.14499999582767487,0.14499999582767487,0.14499999582767487,30000
2024-03-13,0.14499999582767487,0.14499999582767487,0.14499999582767487,0.14499999582767487,0.14499999582767487,30000
2024-03-14,0.14100000262260437,0.14100000262260437,0.14399999380111694,0.13199999928474426,0.14399999380111694,116000
2024-03-15,0.14300000667572021,0.14300000667572021,0.14300000667572021,0.14300000667572021,0.14300000667572021,20000
2024-03-18,0.14399999380111694,0.14399999380111694,0.14300000667572021,0.1289999932050705,0.13099999725818634,600000
2024-03-19,0.14800000190734863,0.14800000190734863,0.14800000190734863,0.14800000190734863,0.14800000190734863,30500
2024-03-20,0.14800000190734863,0.14800000190734863,0.15000000596046448,0.15000000596046448,0.15000000596046448,30000
2024-03-21,0.14800000190734863,0.14800000190734863,0.14800000190734863,0.14800000190734863,0.14800000190734863,40000
2024-03-22,0.1459999978542328,0.1459999978542328,0.1459999978542328,0.1459999978542328,0.1459999978542328,30000
2024-03-25,0.1459999978542328,0.1459999978542328,0.1459999978542328,0.1459999978542328,0.1459999978542328,30000
2024-03-26,0.1459999978542328,0.1459999978542328,0.1459999978542328,0.1459999978542328,0.1459999978542328,40000
2024-03-27,0.1459999978542328,0.1459999978542328,0.1459999978542328,0.1459999978542328,0.1459999978542328,40000
2024-03-28,0.1379999965429306,0.1379999965429306,0.1469999998807907,0.12999999523162842,0.1469999998807907,390000
2024-04-02,0.13899999856948853,0.13899999856948853,0.14000000059604645,0.13899999856948853,0.14000000059604645,280000
2024-04-03,0.13899999856948853,0.13899999856948853,0.13899999856948853,0.13899999856948853,0.13899999856948853,30000
2024-04-05,0.13899999856948853,0.13899999856948853,0.13899999856948853,0.13899999856948853,0.13899999856948853,0
2024-04-08,0.13899999856948853,0.13899999856948853,0.13899999856948853,0.13899999856948853,0.13899999856948853,30000
2024-04-09,0.20999999344348907,0.20999999344348907,0.20999999344348907,0.13899999856948853,0.13899999856948853,490000
2024-04-10,0.15000000596046448,0.15000000596046448,0.20999999344348907,0.14900000393390656,0.20999999344348907,562000
2024-04-11,0.16599999368190765,0.16599999368190765,0.17100000381469727,0.14399999380111694,0.14399999380111694,1620000
2024-04-12,0.15700000524520874,0.15700000524520874,0.16099999845027924,0.1509999930858612,0.1509999930858612,370000
2024-04-15,0.1589999943971634,0.1589999943971634,0.1599999964237213,0.1599999964237213,0.1599999964237213,30000
2024-04-16,0.1599999964237213,0.1599999964237213,0.16200000047683716,0.1589999943971634,0.1589999943971634,300000
2024-04-17,0.16200000047683716,0.16200000047683716,0.16200000047683716,0.16200000047683716,0.16200000047683716,30000
2024-04-18,0.17000000178813934,0.17000000178813934,0.17000000178813934,0.17000000178813934,0.17000000178813934,0
2024-04-19,0.1720000058412552,0.1720000058412552,0.1720000058412552,0.17000000178813934,0.17000000178813934,50000
2024-04-22,0.15000000596046448,0.15000000596046448,0.15199999511241913,0.14000000059604645,0.15199999511241913,200000
2024-04-23,0.13899999856948853,0.13899999856948853,0.14399999380111694,0.13899999856948853,0.14399999380111694,40000
2024-04-24,0.15000000596046448,0.15000000596046448,0.15000000596046448,0.15000000596046448,0.15000000596046448,0
2024-04-25,0.1599999964237213,0.1599999964237213,0.1599999964237213,0.1589999943971634,0.1589999943971634,30000
2024-04-26,0.17000000178813934,0.17000000178813934,0.17000000178813934,0.17000000178813934,0.17000000178813934,0
2024-04-29,0.17000000178813934,0.17000000178813934,0.17000000178813934,0.17000000178813934,0.17000000178813934,30000
2024-04-30,0.17499999701976776,0.17499999701976776,0.17599999904632568,0.17499999701976776,0.17499999701976776,90000
2024-05-02,0.18000000715255737,0.18000000715255737,0.18000000715255737,0.17499999701976776,0.17499999701976776,40000
2024-05-03,0.18000000715255737,0.18000000715255737,0.18000000715255737,0.18000000715255737,0.18000000715255737,40000
2024-05-06,0.18000000715255737,0.18000000715255737,0.18000000715255737,0.18000000715255737,0.18000000715255737,250000
2024-05-07,0.18000000715255737,0.18000000715255737,0.18000000715255737,0.18000000715255737,0.18000000715255737,0
2024-05-08,0.15000000596046448,0.15000000596046448,0.18000000715255737,0.14800000190734863,0.18000000715255737,40000
2024-05-09,0.17000000178813934,0.17000000178813934,0.17000000178813934,0.17000000178813934,0.17000000178813934,30000
2024-05-10,0.18000000715255737,0.18000000715255737,0.18000000715255737,0.18000000715255737,0.18000000715255737,20000
2024-05-13,0.1850000023841858,0.1850000023841858,0.1850000023841858,0.18000000715255737,0.18000000715255737,30000
2024-05-14,0.18000000715255737,0.18000000715255737,0.1850000023841858,0.1850000023841858,0.1850000023841858,20000
2024-05-16,0.18000000715255737,0.18000000715255737,0.18000000715255737,0.18000000715255737,0.18000000715255737,30000
2024-05-17,0.17900000512599945,0.17900000512599945,0.17900000512599945,0.17900000512599945,0.17900000512599945,30000
2024-05-20,0.1850000023841858,0.1850000023841858,0.1899999976158142,0.1899999976158142,0.1899999976158142,10000
2024-05-21,0.17599999904632568,0.17599999904632568,0.1850000023841858,0.12600000202655792,0.18000000715255737,1221200
2024-05-22,0.1770000010728836,0.1770000010728836,0.17800000309944153,0.1550000011920929,0.17800000309944153,90000
2024-05-23,0.17800000309944153,0.17800000309944153,0.18000000715255737,0.17900000512599945,0.17900000512599945,20000
2024-05-24,0.17900000512599945,0.17900000512599945,0.18000000715255737,0.18000000715255737,0.18000000715255737,20000
2024-05-27,0.17800000309944153,0.17800000309944153,0.17900000512599945,0.17900000512599945,0.17900000512599945,20000
2024-05-28,0.17599999904632568,0.17599999904632568,0.17599999904632568,0.17499999701976776,0.17499999701976776,30000
2024-05-29,0.17599999904632568,0.17599999904632568,0.17599999904632568,0.17599999904632568,0.17599999904632568,40000
2024-05-30,0.1889999955892563,0.1889999955892563,0.19200000166893005,0.19200000166893005,0.19200000166893005,20000
2024-05-31,0.1809999942779541,0.1809999942779541,0.1809999942779541,0.1809999942779541,0.1809999942779541,30000
2024-06-03,0.1770000010728836,0.1770000010728836,0.1770000010728836,0.1770000010728836,0.1770000010728836,30000
2024-06-04,0.1770000010728836,0.1770000010728836,0.1770000010728836,0.1770000010728836,0.1770000010728836,20000
2024-06-05,0.17599999904632568,0.17599999904632568,0.17599999904632568,0.17599999904632568,0.17599999904632568,30000
2024-06-06,0.1770000010728836,0.1770000010728836,0.17800000309944153,0.17599999904632568,0.17599999904632568,20000
2024-06-07,0.1770000010728836,0.1770000010728836,0.1770000010728836,0.1770000010728836,0.1770000010728836,30000
2024-06-11,0.1770000010728836,0.1770000010728836,0.17800000309944153,0.17800000309944153,0.17800000309944153,30000
2024-06-12,0.1770000010728836,0.1770000010728836,0.1770000010728836,0.1770000010728836,0.1770000010728836,30000
2024-06-13,0.17800000309944153,0.17800000309944153,0.17800000309944153,0.17800000309944153,0.17800000309944153,20000
2024-06-14,0.1770000010728836,0.1770000010728836,0.1770000010728836,0.1770000010728836,0.1770000010728836,30000
2024-06-17,0.18000000715255737,0.18000000715255737,0.18000000715255737,0.18000000715255737,0.18000000715255737,20000
2024-06-18,0.17800000309944153,0.17800000309944153,0.17800000309944153,0.17800000309944153,0.17800000309944153,30000
2024-06-19,0.17900000512599945,0.17900000512599945,0.17900000512599945,0.17900000512599945,0.17900000512599945,20000
2024-06-20,0.17900000512599945,0.17900000512599945,0.17900000512599945,0.17900000512599945,0.17900000512599945,40000
2024-06-21,0.18000000715255737,0.18000000715255737,0.18000000715255737,0.18000000715255737,0.18000000715255737,30000
2024-06-24,0.1770000010728836,0.1770000010728836,0.1770000010728836,0.1770000010728836,0.1770000010728836,20000
2024-06-25,0.16500000655651093,0.16500000655651093,0.16500000655651093,0.16500000655651093,0.16500000655651093,40000
2024-06-26,0.16500000655651093,0.16500000655651093,0.16500000655651093,0.16500000655651093,0.16500000655651093,30000
2024-06-27,0.1550000011920929,0.1550000011920929,0.1589999943971634,0.13300000131130219,0.13300000131130219,115000
2024-06-28,0.15399999916553497,0.15399999916553497,0.15800000727176666,0.15800000727176666,0.15800000727176666,20000
2024-07-02,0.15000000596046448,0.15000000596046448,0.15000000596046448,0.14499999582767487,0.14900000393390656,50000
2024-07-03,0.16599999368190765,0.16599999368190765,0.1679999977350235,0.1679999977350235,0.1679999977350235,20000
2024-07-04,0.1599999964237213,0.1599999964237213,0.1599999964237213,0.15800000727176666,0.15800000727176666,30000
2024-07-05,0.16599999368190765,0.16599999368190765,0.16599999368190765,0.16599999368190765,0.16599999368190765,30000
2024-07-08,0.18000000715255737,0.18000000715255737,0.1850000023841858,0.1850000023841858,0.1850000023841858,20000
2024-07-09,0.17100000381469727,0.17100000381469727,0.17100000381469727,0.14499999582767487,0.1469999998807907,490000
2024-07-10,0.1720000058412552,0.1720000058412552,0.1720000058412552,0.15600000321865082,0.17399999499320984,90000
2024-07-11,0.17000000178813934,0.17000000178813934,0.17000000178813934,0.17000000178813934,0.17000000178813934,30000
2024-07-12,0.17000000178813934,0.17000000178813934,0.17499999701976776,0.17399999499320984,0.17399999499320984,41500
2024-07-15,0.17000000178813934,0.17000000178813934,0.17499999701976776,0.17399999499320984,0.17399999499320984,20000
2024-07-16,0.17499999701976776,0.17499999701976776,0.17499999701976776,0.17499999701976776,0.17499999701976776,30000
2024-07-17,0.17499999701976776,0.17499999701976776,0.17499999701976776,0.1720000058412552,0.1720000058412552,30000
2024-07-18,0.17499999701976776,0.17499999701976776,0.17499999701976776,0.17499999701976776,0.17499999701976776,0
2024-07-19,0.17499999701976776,0.17499999701976776,0.17499999701976776,0.17499999701976776,0.17499999701976776,0
2024-07-22,0.17900000512599945,0.17900000512599945,0.18000000715255737,0.17499999701976776,0.17499999701976776,20000
2024-07-23,0.17800000309944153,0.17800000309944153,0.17800000309944153,0.17800000309944153,0.17800000309944153,30000
2024-07-24,0.17800000309944153,0.17800000309944153,0.17800000309944153,0.17800000309944153,0.17800000309944153,20000
2024-07-25,0.17800000309944153,0.17800000309944153,0.17800000309944153,0.17800000309944153,0.17800000309944153,30000
2024-07-26,0.17000000178813934,0.17000000178813934,0.17000000178813934,0.17000000178813934,0.17000000178813934,0
2024-07-29,0.17000000178813934,0.17000000178813934,0.17000000178813934,0.16599999368190765,0.16599999368190765,20000
2024-07-30,0.17000000178813934,0.17000000178813934,0.17000000178813934,0.17000000178813934,0.17000000178813934,30000
2024-07-31,0.16099999845027924,0.16099999845027924,0.16500000655651093,0.15000000596046448,0.1509999930858612,210000
2024-08-01,0.15199999511241913,0.15199999511241913,0.15700000524520874,0.15700000524520874,0.15700000524520874,30000
2024-08-02,0.1420000046491623,0.1420000046491623,0.1420000046491623,0.1420000046491623,0.1420000046491623,0
2024-08-05,0.1509999930858612,0.1509999930858612,0.15299999713897705,0.15299999713897705,0.15299999713897705,20000
2024-08-06,0.15700000524520874,0.15700000524520874,0.15700000524520874,0.15700000524520874,0.15700000524520874,30000
2024-08-07,0.16899999976158142,0.16899999976158142,0.16899999976158142,0.16899999976158142,0.16899999976158142,20000
2024-08-08,0.16899999976158142,0.16899999976158142,0.16899999976158142,0.16899999976158142,0.16899999976158142,20000
2024-08-09,0.16899999976158142,0.16899999976158142,0.16899999976158142,0.16899999976158142,0.16899999976158142,0
2024-08-12,0.16699999570846558,0.16699999570846558,0.16699999570846558,0.16699999570846558,0.16699999570846558,20000
2024-08-13,0.16899999976158142,0.16899999976158142,0.16899999976158142,0.16899999976158142,0.16899999976158142,30000
2024-08-14,0.164000004529953,0.164000004529953,0.16599999368190765,0.16599999368190765,0.16599999368190765,20000
2024-08-15,0.16899999976158142,0.16899999976158142,0.16899999976158142,0.16899999976158142,0.16899999976158142,10000
2024-08-16,0.17000000178813934,0.17000000178813934,0.17000000178813934,0.17000000178813934,0.17000000178813934,0
2024-08-19,0.17000000178813934,0.17000000178813934,0.17499999701976776,0.17499999701976776,0.17499999701976776,20000
2024-08-20,0.16599999368190765,0.16599999368190765,0.17499999701976776,0.16500000655651093,0.17499999701976776,50000
2024-08-21,0.16500000655651093,0.16500000655651093,0.16599999368190765,0.16599999368190765,0.16599999368190765,30000
2024-08-22,0.16500000655651093,0.16500000655651093,0.16500000655651093,0.16500000655651093,0.16500000655651093,40000
2024-08-23,0.1679999977350235,0.1679999977350235,0.1679999977350235,0.1679999977350235,0.1679999977350235,20000
2024-08-26,0.17399999499320984,0.17399999499320984,0.17399999499320984,0.1550000011920929,0.17399999499320984,30000
2024-08-27,0.17299999296665192,0.17299999296665192,0.17399999499320984,0.15399999916553497,0.17399999499320984,61844
2024-08-28,0.17499999701976776,0.17499999701976776,0.17499999701976776,0.17399999499320984,0.17399999499320984,20000
2024-08-29,0.16500000655651093,0.16500000655651093,0.16500000655651093,0.16500000655651093,0.16500000655651093,0
2024-08-30,0.16099999845027924,0.16099999845027924,0.16300000250339508,0.1599999964237213,0.16300000250339508,60000
2024-09-02,0.14900000393390656,0.14900000393390656,0.1589999943971634,0.14900000393390656,0.15399999916553497,50000
2024-09-03,0.15299999713897705,0.15299999713897705,0.15299999713897705,0.15199999511241913,0.15199999511241913,20000
2024-09-04,0.1599999964237213,0.1599999964237213,0.16099999845027924,0.1599999964237213,0.1599999964237213,20000
2024-09-05,0.16099999845027924,0.16099999845027924,0.16099999845027924,0.1599999964237213,0.1599999964237213,30000
2024-09-09,0.1599999964237213,0.1599999964237213,0.1599999964237213,0.1469999998807907,0.1469999998807907,98750
2024-09-10,0.1589999943971634,0.1589999943971634,0.1589999943971634,0.1589999943971634,0.1589999943971634,20000
2024-09-11,0.15000000596046448,0.15000000596046448,0.15000000596046448,0.15000000596046448,0.15000000596046448,0
2024-09-12,0.15199999511241913,0.15199999511241913,0.1550000011920929,0.15199999511241913,0.15399999916553497,40000
2024-09-13,0.14800000190734863,0.14800000190734863,0.15299999713897705,0.14800000190734863,0.1509999930858612,100000
2024-09-16,0.15000000596046448,0.15000000596046448,0.15000000596046448,0.15000000596046448,0.15000000596046448,22500
2024-09-17,0.15199999511241913,0.15199999511241913,0.15199999511241913,0.15000000596046448,0.15000000596046448,30000
2024-09-19,0.15000000596046448,0.15000000596046448,0.15800000727176666,0.15000000596046448,0.15299999713897705,30000
2024-09-20,0.15000000596046448,0.15000000596046448,0.15000000596046448,0.14900000393390656,0.14900000393390656,20000
2024-09-23,0.15000000596046448,0.15000000596046448,0.15000000596046448,0.15000000596046448,0.15000000596046448,0
2024-09-24,0.15299999713897705,0.15299999713897705,0.15299999713897705,0.15299999713897705,0.15299999713897705,0
2024-09-25,0.16200000047683716,0.16200000047683716,0.16200000047683716,0.15299999713897705,0.15299999713897705,20000
2024-09-26,0.16899999976158142,0.16899999976158142,0.16899999976158142,0.15399999916553497,0.15800000727176666,52500
2024-09-27,0.14900000393390656,0.14900000393390656,0.15600000321865082,0.10199999809265137,0.15600000321865082,830000
2024-09-30,0.14100000262260437,0.14100000262260437,0.14300000667572021,0.10400000214576721,0.1340000033378601,950000
2024-10-02,0.15800000727176666,0.15800000727176666,0.15800000727176666,0.15800000727176666,0.15800000727176666,0
2024-10-03,0.1589999943971634,0.1589999943971634,0.1589999943971634,0.1589999943971634,0.1589999943971634,0
2024-10-04,0.1550000011920929,0.1550000011920929,0.1550000011920929,0.1550000011920929,0.1550000011920929,20000
2024-10-07,0.15700000524520874,0.15700000524520874,0.1589999943971634,0.1550000011920929,0.1550000011920929,170000
2024-10-08,0.13699999451637268,0.13699999451637268,0.15000000596046448,0.13699999451637268,0.15000000596046448,220000
2024-10-09,0.12800000607967377,0.12800000607967377,0.12800000607967377,0.12800000607967377,0.12800000607967377,44000
2024-10-10,0.13500000536441803,0.13500000536441803,0.14000000059604645,0.1289999932050705,0.14000000059604645,60000
2024-10-14,0.13300000131130219,0.13300000131130219,0.15299999713897705,0.13500000536441803,0.14800000190734863,50000
2024-10-15,0.1289999932050705,0.1289999932050705,0.13500000536441803,0.13300000131130219,0.13300000131130219,20000
2024-10-16,0.13300000131130219,0.13300000131130219,0.13300000131130219,0.13199999928474426,0.13199999928474426,20000
2024-10-17,0.12800000607967377,0.12800000607967377,0.1340000033378601,0.12800000607967377,0.13300000131130219,120000
2024-10-18,0.1289999932050705,0.1289999932050705,0.1289999932050705,0.12800000607967377,0.12800000607967377,20000
2024-10-21,0.1289999932050705,0.1289999932050705,0.1289999932050705,0.1289999932050705,0.1289999932050705,30000
2024-10-22,0.12700000405311584,0.12700000405311584,0.12999999523162842,0.12999999523162842,0.12999999523162842,20000
2024-10-23,0.13099999725818634,0.13099999725818634,0.13099999725818634,0.1289999932050705,0.1289999932050705,30000
2024-10-24,0.1289999932050705,0.1289999932050705,0.13500000536441803,0.12300000339746475,0.13500000536441803,190000
2024-10-25,0.12999999523162842,0.12999999523162842,0.12999999523162842,0.12999999523162842,0.12999999523162842,30000
2024-10-28,0.1289999932050705,0.1289999932050705,0.1289999932050705,0.1289999932050705,0.1289999932050705,40000
2024-10-29,0.12300000339746475,0.12300000339746475,0.12999999523162842,0.12300000339746475,0.12999999523162842,38500
2024-10-30,0.12999999523162842,0.12999999523162842,0.12999999523162842,0.12999999523162842,0.12999999523162842,30000
2024-10-31,0.1289999932050705,0.1289999932050705,0.12999999523162842,0.12999999523162842,0.12999999523162842,30000
2024-11-01,0.12399999797344208,0.12399999797344208,0.12999999523162842,0.12999999523162842,0.12999999523162842,20000
2024-11-04,0.125,0.125,0.125,0.12399999797344208,0.12399999797344208,60000
2024-11-05,0.12200000137090683,0.12200000137090683,0.12999999523162842,0.12200000137090683,0.12999999523162842,60000
2024-11-06,0.12200000137090683,0.12200000137090683,0.12200000137090683,0.12200000137090683,0.12200000137090683,0
2024-11-07,0.14499999582767487,0.14499999582767487,0.14499999582767487,0.14499999582767487,0.14499999582767487,10000
2024-11-08,0.14499999582767487,0.14499999582767487,0.14499999582767487,0.14499999582767487,0.14499999582767487,20000
2024-11-11,0.14499999582767487,0.14499999582767487,0.14499999582767487,0.14499999582767487,0.14499999582767487,20000
2024-11-12,0.15000000596046448,0.15000000596046448,0.15000000596046448,0.15000000596046448,0.15000000596046448,30000
2024-11-13,0.15000000596046448,0.15000000596046448,0.15000000596046448,0.15000000596046448,0.15000000596046448,20000
2024-11-14,0.15000000596046448,0.15000000596046448,0.15000000596046448,0.15000000596046448,0.15000000596046448,10000
2024-11-15,0.15000000596046448,0.15000000596046448,0.15000000596046448,0.15000000596046448,0.15000000596046448,0
2024-11-18,0.15000000596046448,0.15000000596046448,0.15000000596046448,0.15000000596046448,0.15000000596046448,0
2024-11-19,0.15000000596046448,0.15000000596046448,0.15000000596046448,0.15000000596046448,0.15000000596046448,0
2024-11-20,0.15000000596046448,0.15000000596046448,0.15000000596046448,0.15000000596046448,0.15000000596046448,0
2024-11-21,0.15000000596046448,0.15000000596046448,0.15000000596046448,0.15000000596046448,0.15000000596046448,0
2024-11-22,0.15000000596046448,0.15000000596046448,0.15000000596046448,0.15000000596046448,0.15000000596046448,0
2024-11-25,0.15000000596046448,0.15000000596046448,0.15000000596046448,0.15000000596046448,0.15000000596046448,0
2024-11-26,0.15000000596046448,0.15000000596046448,0.15000000596046448,0.15000000596046448,0.15000000596046448,0
2024-11-27,0.15000000596046448,0.15000000596046448,0.15000000596046448,0.15000000596046448,0.15000000596046448,0
2024-11-28,0.15000000596046448,0.15000000596046448,0.15000000596046448,0.15000000596046448,0.15000000596046448,0
2024-11-29,0.15000000596046448,0.15000000596046448,0.15000000596046448,0.15000000596046448,0.15000000596046448,390000
2024-12-02,0.15000000596046448,0.15000000596046448,0.15000000596046448,0.15000000596046448,0.15000000596046448,0
2024-12-03,0.15000000596046448,0.15000000596046448,0.15000000596046448,0.15000000596046448,0.15000000596046448,0
2024-12-04,0.15000000596046448,0.15000000596046448,0.15000000596046448,0.15000000596046448,0.15000000596046448,0
2024-12-05,0.15000000596046448,0.15000000596046448,0.15000000596046448,0.15000000596046448,0.15000000596046448,0
2024-12-06,0.15000000596046448,0.15000000596046448,0.15000000596046448,0.15000000596046448,0.15000000596046448,20000
2024-12-09,0.14900000393390656,0.14900000393390656,0.14900000393390656,0.14900000393390656,0.14900000393390656,0
2024-12-10,0.14900000393390656,0.14900000393390656,0.14900000393390656,0.14900000393390656,0.14900000393390656,0
2024-12-11,0.14900000393390656,0.14900000393390656,0.14900000393390656,0.14900000393390656,0.14900000393390656,0
2024-12-12,0.14900000393390656,0.14900000393390656,0.14900000393390656,0.14900000393390656,0.14900000393390656,0
2024-12-13,0.14900000393390656,0.14900000393390656,0.14900000393390656,0.14900000393390656,0.14900000393390656,0
