Date,Close,High,Low,Open,Volume
2018-03-23,2.885312080383301,2.995930964341418,2.857657139613586,2.9498397626922026,3005000
2018-03-26,2.7562570571899414,2.8853126678650898,2.7193840883628217,2.8853126678650898,572000
2018-03-27,2.765475273132324,2.79312999949002,2.7286023046553964,2.7470387888938603,156000
2018-03-28,2.6917285919189453,2.747038029341348,2.6917285919189453,2.7193833106301466,26000
2018-03-29,2.5811095237731934,2.7009468591979604,2.5718912841082244,2.7009468591979604,240000
2018-04-03,2.4797091484069824,2.581109795392386,2.470490907771946,2.581109795392386,69000
2018-04-04,2.33221697807312,2.4520543209502472,2.33221697807312,2.4520543209502472,242000
2018-04-06,2.33221697807312,2.33221697807312,2.33221697807312,2.33221697807312,0
2018-04-09,2.33221697807312,2.33221697807312,2.33221697807312,2.33221697807312,0
2018-04-10,2.33221697807312,2.33221697807312,2.33221697807312,2.33221697807312,0
2018-04-11,2.33221697807312,2.33221697807312,2.33221697807312,2.33221697807312,0
2018-04-12,2.33221697807312,2.33221697807312,2.33221697807312,2.33221697807312,0
2018-04-13,2.33221697807312,2.33221697807312,2.33221697807312,2.33221697807312,0
2018-04-16,2.33221697807312,2.33221697807312,2.33221697807312,2.33221697807312,0
2018-04-17,2.33221697807312,2.33221697807312,2.33221697807312,2.33221697807312,0
2018-04-18,2.33221697807312,2.33221697807312,2.33221697807312,2.33221697807312,0
2018-04-19,2.33221697807312,2.33221697807312,2.33221697807312,2.33221697807312,0
2018-04-20,2.33221697807312,2.33221697807312,2.33221697807312,2.33221697807312,0
2018-04-23,2.33221697807312,2.33221697807312,2.33221697807312,2.33221697807312,0
2018-04-24,2.33221697807312,2.33221697807312,2.33221697807312,2.33221697807312,0
2018-04-25,2.33221697807312,2.33221697807312,2.33221697807312,2.33221697807312,0
2018-04-26,2.33221697807312,2.33221697807312,2.33221697807312,2.33221697807312,0
2018-04-27,2.33221697807312,2.33221697807312,2.33221697807312,2.33221697807312,0
2018-04-30,2.33221697807312,2.33221697807312,2.33221697807312,2.33221697807312,0
2018-05-02,2.33221697807312,2.33221697807312,2.33221697807312,2.33221697807312,0
2018-05-03,2.33221697807312,2.33221697807312,2.33221697807312,2.33221697807312,0
2018-05-04,2.33221697807312,2.33221697807312,2.33221697807312,2.33221697807312,0
2018-05-07,2.33221697807312,2.33221697807312,2.33221697807312,2.33221697807312,0
2018-05-08,2.33221697807312,2.33221697807312,2.33221697807312,2.33221697807312,0
2018-05-09,2.33221697807312,2.33221697807312,2.33221697807312,2.33221697807312,0
2018-05-10,2.33221697807312,2.33221697807312,2.33221697807312,2.33221697807312,0
2018-05-11,2.33221697807312,2.33221697807312,2.33221697807312,2.33221697807312,0
2018-05-14,2.33221697807312,2.33221697807312,2.33221697807312,2.33221697807312,0
2018-05-15,2.33221697807312,2.33221697807312,2.33221697807312,2.33221697807312,0
2018-05-16,2.2031617164611816,2.221598197788874,2.166288534025603,2.166288534025603,1916000
2018-05-17,2.193943500518799,2.2031617412865168,2.193943500518799,2.2031617412865168,713000
2018-05-18,2.2123801708221436,2.2123801708221436,2.1939436877136433,2.1939436877136433,713000
2018-05-21,2.313781261444092,2.3322177480069723,2.2308170719111287,2.2308170719111287,1769000
2018-05-23,2.2492525577545166,2.3414349495558664,2.2492525577545166,2.3322167103757314,1760000
2018-05-24,2.2676889896392822,2.3045619456041235,2.2584707506480717,2.3045619456041235,682000
2018-05-25,2.295344352722168,2.304562594308192,2.2584713863780714,2.2584713863780714,462000
2018-05-28,2.304562568664551,2.313780810148,2.2769078442142017,2.304562568664551,1304000
2018-05-29,2.295344352722168,2.3137808358942165,2.295344352722168,2.304562594308192,602000
2018-05-30,2.276907444000244,2.2953439237265476,2.2676892041370924,2.2953439237265476,982000
2018-05-31,2.2676889896392822,2.286125467621703,2.2676889896392822,2.286125467621703,694000
2018-06-01,2.2676889896392822,2.2769072286304928,2.2584707506480717,2.2676889896392822,582400
2018-06-04,2.286125898361206,2.2953441390892673,2.286125898361206,2.286125898361206,28000
2018-06-05,2.3229987621307373,2.359871723469291,2.3045622814614606,2.3045622814614606,400000
2018-06-06,2.378308057785034,2.452054195704224,2.3506533384829025,2.3506533384829025,468000
2018-06-07,2.3598721027374268,2.3967450700020394,2.34143561910512,2.34143561910512,562000
2018-06-08,2.295344352722168,2.359872043824337,2.295344352722168,2.369090285410361,559000
2018-06-11,2.276907444000244,2.3045621635897,2.2676892041370924,2.2953439237265476,32000
2018-06-12,2.2492525577545166,2.2861255144750565,2.2308160793942466,2.2676890361147866,277000
2018-06-13,2.221597909927368,2.2308161493967695,2.212379670457967,2.2308161493967695,133000
2018-06-14,2.175506830215454,2.2123800135921563,2.175506830215454,2.2031617726930306,175000
2018-06-15,2.1478521823883057,2.193943608270797,2.1478521823883057,2.175506906049676,388000
2018-06-19,2.092542886734009,2.1386340961770043,2.0833246448454097,2.120197612399806,122000
2018-06-20,1.9819239377975464,2.0648881128579197,1.9542689929972041,2.0648881128579197,2258000
2018-06-21,1.9450507164001465,1.9819239022117998,1.9173959918765668,1.97270566070394,380600
2018-06-22,1.889741063117981,1.9450505061875358,1.8805228226063884,1.9450505061875358,1113000
2018-06-25,1.8805229663848877,1.9081776900340528,1.871304725168499,1.889741207601276,685000
2018-06-26,1.8528683185577393,1.8713048017449634,1.8436500769641273,1.8713048017449634,380000
2018-06-27,1.8344316482543945,1.8528681295610565,1.8344316482543945,1.8528681295610565,286000
2018-06-28,2.0372331142425537,2.074106075984108,1.862086326189984,1.862086326189984,3425000
2018-06-29,2.3229987621307373,2.3506534831346526,2.0556695726460377,2.0556695726460377,4758300
2018-07-03,2.240034341812134,2.322998495294005,2.04645109724094,2.322998495294005,305000
2018-07-04,2.184725284576416,2.1939437461564446,2.1017611083781462,2.175507042776608,226000
2018-07-05,2.240034341812134,2.4889270220379087,2.1017605328955207,2.120197011447048,759000
2018-07-06,2.313781261444092,2.3506542345698533,2.1201979327535883,2.2123805853482477,699000
2018-07-09,2.313781261444092,2.313781261444092,2.313781261444092,2.313781261444092,0
2018-07-10,2.2584710121154785,2.3045622124075944,2.2123798118233626,2.3045622124075944,521000
2018-07-11,2.240034341812134,2.240034341812134,2.1939431454333165,2.2123796239848432,277000
2018-07-12,2.240034341812134,2.249252581087897,2.2123796239848432,2.2308161025363704,116000
2018-07-13,2.2123801708221436,2.2400348954848934,2.1386340186079287,2.1939436877136433,769000
2018-07-16,2.184725284576416,2.184725284576416,2.1662888009768007,2.1662888009768007,18000
2018-07-17,2.175506830215454,2.2123800135921563,2.175506830215454,2.18472507111458,147000
2018-07-18,2.1570706367492676,2.1570706367492676,2.1570706367492676,2.1570706367492676,0
2018-07-19,2.083324432373047,2.120197396166874,2.083324432373047,2.120197396166874,23000
2018-07-20,2.0464515686035156,2.0556698100025317,2.028015085805483,2.028015085805483,439725
2018-07-23,2.0372331142425537,2.0372331142425537,2.0372331142425537,2.0372331142425537,0
2018-07-24,2.018796920776367,2.0280151625241043,2.018796920776367,2.0280151625241043,572000
2018-07-25,2.02801513671875,2.05566986161007,2.02801513671875,2.05566986161007,58000
2018-07-26,2.0556697845458984,2.0648880258307596,2.0280150606913154,2.0280150606913154,12000
2018-07-27,2.0464515686035156,2.0741062928005642,2.0464515686035156,2.0741062928005642,99000
2018-07-30,2.074106216430664,2.1017609396094485,2.02801501113269,2.0372332521922845,180000
2018-07-31,2.064887762069702,2.064887762069702,2.009578321425557,2.0556695219623444,71000
2018-08-01,2.0464515686035156,2.0556698100025317,2.037233327204499,2.0556698100025317,205000
2018-08-02,2.009578227996826,2.009578227996826,2.009578227996826,2.009578227996826,26000
2018-08-03,2.009578227996826,2.0464511867119692,2.009578227996826,2.009578227996826,28000
2018-08-06,2.0003604888916016,2.0095787308771755,2.0095787308771755,2.0095787308771755,143000
2018-08-07,2.018796920776367,2.018796920776367,1.9819239537854194,1.9911421955331563,45000
2018-08-08,1.972705602645874,2.0003603263555565,1.9266141766828626,2.0003603263555565,307000
2018-08-09,1.9819239377975464,2.009578662817671,1.9819239377975464,1.9911421794709212,69000
2018-08-10,1.9542689323425293,1.9727056348972765,1.935832449567993,1.9727056348972765,319000
2018-08-13,1.9542689323425293,1.9542689323425293,1.926614208180725,1.935832449567993,150000
2018-08-14,1.9542689323425293,1.9911421176718127,1.935832449567993,1.9911421176718127,375000
2018-08-15,1.908177375793457,1.9266138551900958,1.908177375793457,1.9266138551900958,348000
2018-08-16,1.917395830154419,1.95426879307582,1.8620863857723173,1.8897411079633681,264000
2018-08-17,1.8989592790603638,1.9081775194526884,1.889741038668039,1.9081775194526884,226000
2018-08-20,1.908177375793457,1.908177375793457,1.898959136095138,1.898959136095138,73000
2018-08-21,1.889741063117981,1.8989593036295733,1.889741063117981,1.8989593036295733,43000
2018-08-22,1.9266139268875122,1.9634871068331663,1.8528680065565617,1.8528680065565617,374000
2018-08-23,1.9358325004577637,1.9450507420873637,1.9266142588281636,1.9266142588281636,384000
2018-08-24,1.9266139268875122,1.9266139268875122,1.9173956868461435,1.9173956868461435,176000
2018-08-27,1.9266139268875122,1.981923586915904,1.9266139268875122,1.9358321669288812,519000
2018-08-28,1.972705602645874,1.972705602645874,1.972705602645874,1.972705602645874,112000
2018-08-29,1.9819239377975464,1.9819239377975464,1.9819239377975464,1.9819239377975464,111000
2018-08-30,1.9448784589767456,1.9911852677010913,1.9356171413933223,1.9911852677010913,446000
2018-08-31,1.8522652387619019,1.8985718255695048,1.8522652387619019,1.8985718255695048,307000
2018-09-03,1.8059585094451904,1.8522650925987172,1.787435765780177,1.8522650925987172,275000
2018-09-04,1.843003749847412,1.843003749847412,1.8059584838496274,1.843003749847412,39000
2018-09-05,1.778174638748169,1.8337426548609694,1.7874359563663667,1.8337426548609694,312000
2018-09-06,1.778174638748169,1.7966973843881788,1.750390685893576,1.7966973843881788,229000
2018-09-07,1.78743577003479,1.78743577003479,1.78743577003479,1.78743577003479,0
2018-09-10,1.8244812488555908,1.8244812488555908,1.7596519182652561,1.7596519182652561,78000
2018-09-11,1.78743577003479,1.805958513743893,1.77817445338204,1.805958513743893,822000
2018-09-12,1.8059585094451904,1.8152198260758958,1.8059585094451904,1.8152198260758958,518000
2018-09-13,1.7966972589492798,1.8152198928924919,1.7966972589492798,1.8059585759208858,66000
2018-09-14,1.8059585094451904,1.8059585094451904,1.8059585094451904,1.8059585094451904,0
2018-09-17,1.7411290407180786,1.8059583622527853,1.7411290407180786,1.8059583622527853,72000
2018-09-18,1.6948226690292358,1.750390571093994,1.6855613520184427,1.750390571093994,369380
2018-09-19,1.6948226690292358,1.7226066200616148,1.6948226690292358,1.7226066200616148,5000
2018-09-20,1.6948226690292358,1.6948226690292358,1.6762999246040424,1.6948226690292358,151000
2018-09-21,1.676300048828125,1.7411293831115335,1.6670387311310115,1.676300048828125,412000
2018-09-24,1.7226063013076782,1.7411289319018057,1.5836864614481336,1.6855610401194228,611000
2018-09-26,1.7133454084396362,1.722606726020098,1.7133454084396362,1.722606726020098,390000
2018-09-27,1.7226063013076782,1.7226063013076782,1.6948223554164867,1.7226063013076782,200000
2018-09-28,1.7133454084396362,1.7966973770674062,1.685561455698251,1.6948227732787127,177000
2018-10-02,1.7133454084396362,1.7133454084396362,1.6948227732787127,1.6948227732787127,154000
2018-10-03,1.7133454084396362,1.7133454084396362,1.685561455698251,1.7133454084396362,122000
2018-10-04,1.648516058921814,1.704084074267154,1.6392547414315262,1.704084074267154,207000
2018-10-05,1.5929479598999023,1.6577771744333125,1.5744253271760709,1.6485158580713968,939000
2018-10-08,1.5744253396987915,1.6114706054411065,1.5744253396987915,1.592947972569949,768000
2018-10-09,1.5929479598999023,1.5929479598999023,1.5744253271760709,1.5744253271760709,346000
2018-10-10,1.6022093296051025,1.6022093296051025,1.5836866962645864,1.5929480129348446,519000
2018-10-11,1.5559027194976807,1.5744254642376085,1.5188574508250434,1.5744254642376085,443000
2018-10-12,1.5651639699935913,1.5651639699935913,1.528118595108498,1.528118595108498,166000
2018-10-15,1.518857479095459,1.6022094455639277,1.49107352707384,1.5281187964359988,383000
2018-10-16,1.5373800992965698,1.5373800992965698,1.5003348302833255,1.5095961475366366,21000
2018-10-18,1.5651639699935913,1.5651639699935913,1.5095959628677496,1.537379911228872,448000
2018-10-19,1.5744253396987915,1.5744253396987915,1.5651640232632127,1.5651640232632127,95000
2018-10-22,1.7133454084396362,1.722606726020098,1.5744255343290958,1.5744255343290958,54000
2018-10-23,1.5559027194976807,1.6392546844147236,1.4910734993205657,1.4910734993205657,542000
2018-10-24,1.4818120002746582,1.555902528526054,1.4818120002746582,1.555902528526054,757000
2018-10-25,1.4818120002746582,1.4910733163060828,1.4540280521803848,1.4910733163060828,816000
2018-10-26,1.3706762790679932,1.4910735138291757,1.3706762790679932,1.4540282447960766,677000
2018-10-29,1.3428922891616821,1.3891988741381787,1.315108227772177,1.3891988741381787,1023000
2018-10-30,1.3891990184783936,1.3891990184783936,1.3614150646056942,1.3706763825632606,113000
2018-10-31,1.4447667598724365,1.4447667598724365,1.407721492307586,1.407721492307586,214000
2018-11-01,1.3891990184783936,1.4262442903086594,1.3891990184783936,1.4262442903086594,249000
2018-11-02,1.4447667598724365,1.4447667598724365,1.407721492307586,1.4447667598724365,227000
2018-11-05,1.4355055093765259,1.4632895717388439,1.4355055093765259,1.4540282544192749,135000
2018-11-06,1.4447667598724365,1.4540281871672551,1.4447667598724365,1.4447667598724365,220000
2018-11-07,1.4447667598724365,1.4632895040584677,1.4262441260900112,1.4540281871672551,66000
2018-11-08,1.4355055093765259,1.481812206377982,1.4077215574178188,1.481812206377982,468000
2018-11-09,1.4818120002746582,1.4818120002746582,1.4169826776510912,1.4355053097139403,381000
2018-11-12,1.472550630569458,1.4818119462633117,1.4447665730843047,1.4447665730843047,160000
2018-11-13,1.4818120002746582,1.4910733163060828,1.4355053097139403,1.4355053097139403,939000
2018-11-14,1.5281188488006592,1.565164229835878,1.4818122605111541,1.4818122605111541,763000
2018-11-15,1.5559027194976807,1.5651641470694493,1.5095961336568842,1.5466414023295214,503000
2018-11-16,1.5559027194976807,1.5559027194976807,1.4910734993205657,1.5188574508250434,339000
2018-11-19,1.518857479095459,1.5466414311170782,1.5003348444143796,1.5373801137765384,433000
2018-11-20,1.472550630569458,1.5281185247325813,1.463289314875604,1.5003345776510195,928000
2018-11-21,1.472550630569458,1.472550630569458,1.472550630569458,1.472550630569458,59000
2018-11-22,1.416982889175415,1.4540282692347677,1.416982889175415,1.4540282692347677,1021000
2018-11-23,1.4077216386795044,1.435505592242059,1.3984603208253197,1.4169829565336893,445000
2018-11-26,1.3706762790679932,1.4077215481010923,1.3706762790679932,1.4077215481010923,1165600
2018-11-27,1.416982889175415,1.4355055240032852,1.3891989369336097,1.4262442065893501,713000
2018-11-28,1.416982889175415,1.4262442065893501,1.40772157176148,1.4262442065893501,452000
2018-11-29,1.4262441396713257,1.4262441396713257,1.3706762377949084,1.4262441396713257,861000
2018-11-30,1.416982889175415,1.416982889175415,1.3614149846918044,1.3984602543475448,149000
2018-12-03,1.3984601497650146,1.4169827832076871,1.370676199601006,1.3984601497650146,1404000
2018-12-04,1.472550630569458,1.4818119462633117,1.3984599946150353,1.4262439416965969,1350000
2018-12-05,1.4355055093765259,1.481812206377982,1.4355055093765259,1.481812206377982,953500
2018-12-06,1.4355055093765259,1.4540282544192749,1.4355055093765259,1.4540282544192749,69000
2018-12-07,1.4355055093765259,1.4355055093765259,1.4355055093765259,1.4355055093765259,0
2018-12-10,1.416982889175415,1.416982889175415,1.416982889175415,1.416982889175415,0
2018-12-11,1.4077216386795044,1.4169829565336893,1.3984603208253197,1.4077216386795044,397000
2018-12-12,1.4077216386795044,1.426244274387874,1.4077216386795044,1.4077216386795044,149000
2018-12-13,1.472550630569458,1.472550630569458,1.4262439416965969,1.4262439416965969,459000
2018-12-14,1.472550630569458,1.4910732619571656,1.472550630569458,1.4910732619571656,176000
2018-12-17,1.472550630569458,1.472550630569458,1.472550630569458,1.472550630569458,0
2018-12-18,1.472550630569458,1.537379840426435,1.4540279991817502,1.4910732619571656,910000
2018-12-19,1.4632893800735474,1.472550696180046,1.4632893800735474,1.472550696180046,163000
2018-12-20,1.4632893800735474,1.4910733283930433,1.4540280639670486,1.4540280639670486,207000
2018-12-21,1.4447667598724365,1.4725508209496803,1.4447667598724365,1.4632895040584677,335000
2018-12-24,1.4355055093765259,1.444766826696095,1.4355055093765259,1.444766826696095,18000
2018-12-27,1.4077216386795044,1.454028338354046,1.4077216386795044,1.454028338354046,352000
2018-12-28,1.4262441396713257,1.4169828226919228,1.4169828226919228,1.4169828226919228,20000
2018-12-31,1.4355055093765259,1.481812206377982,1.4355055093765259,1.4632895717388439,398000
2019-01-02,1.4447667598724365,1.4447667598724365,1.4447667598724365,1.4447667598724365,0
2019-01-03,1.4262441396713257,1.4540282010131413,1.4169828226919228,1.4540282010131413,263000
2019-01-04,1.4910732507705688,1.4910732507705688,1.472550619521825,1.472550619521825,224000
2019-01-07,1.4910732507705688,1.5281185132680568,1.4910732507705688,1.509595882019313,168000
2019-01-08,1.472550630569458,1.5003345776510195,1.472550630569458,1.4818119462633117,343000
2019-01-09,1.4818120002746582,1.500334632337507,1.4632893682118093,1.4818120002746582,222000
2019-01-10,1.5466413497924805,1.555902666646047,1.4910734486710813,1.4910734486710813,598000
2019-01-11,1.5281188488006592,1.53738016645856,1.4910735781690552,1.5003348958269562,321000
2019-01-14,1.5281188488006592,1.5281188488006592,1.5003348958269562,1.509596213484857,210000
2019-01-15,1.5281188488006592,1.592948182809581,1.4540283075374512,1.509596213484857,727000
2019-01-16,1.5466413497924805,1.565164093903219,1.500334765524648,1.565164093903219,706000
2019-01-17,1.518857479095459,1.565164176201769,1.5095961617549194,1.5559027484576178,1306000
2019-01-18,1.5559027194976807,1.5836867814057678,1.5466414023295214,1.5651641470694493,668000
2019-01-21,1.5744253396987915,1.592947972569949,1.5466412799884548,1.5559025964240336,417000
2019-01-22,1.5744253396987915,1.6114706054411065,1.5744253396987915,1.6022092890055277,207000
2019-01-23,1.5559027194976807,1.6022094157420863,1.5559027194976807,1.5836867814057678,174000
2019-01-24,1.6207319498062134,1.6207319498062134,1.565164050235158,1.5929480000206857,316000
2019-01-25,1.6114705801010132,1.6392545289708516,1.6114705801010132,1.6114705801010132,375970
2019-01-28,1.6948226690292358,1.6948226690292358,1.63925465656087,1.63925465656087,504000
2019-01-29,1.78743577003479,1.824481147049393,1.6670385431454373,1.6670385431454373,878000
2019-01-30,1.7689130306243896,1.805958405416896,1.7503903984299347,1.7781743467216171,443000
2019-01-31,1.778174638748169,1.778174638748169,1.7226067330389832,1.7318680506571806,399000
2019-02-01,1.778174638748169,1.778174638748169,1.6763000345443801,1.750390685893576,619000
2019-02-04,1.778174638748169,1.778174638748169,1.7596520035117738,1.7596520035117738,31000
2019-02-08,1.7503904104232788,1.7503904104232788,1.713345145780542,1.7411290942625945,392000
2019-02-11,1.778174638748169,1.778174638748169,1.750390685893576,1.7596520035117738,202000
2019-02-12,1.7966972589492798,1.8059585759208858,1.750390563687643,1.7689131976308548,210000
2019-02-13,1.889310359954834,1.8985716765896241,1.8059585102417228,1.8059585102417228,207500
2019-02-14,1.870787501335144,1.8800488168543406,1.8337422392583576,1.8522648702967508,118000
2019-02-15,1.9356167316436768,1.9448780472665772,1.8430035754146707,1.8522648910375714,602000
2019-02-18,1.9448784589767456,1.9819239501176678,1.9356171413933223,1.9356171413933223,325000
2019-02-19,1.9541395902633667,1.9911850778725781,1.9263556401618638,1.9448782735628658,345000
2019-02-20,1.9263557195663452,1.963400987895357,1.9170944024840924,1.963400987895357,217000
2019-02-21,1.8985716104507446,1.9541395083237152,1.8893102941385829,1.92635555938723,1093000
2019-02-22,1.9819239377975464,1.991185255323399,1.8800492242059383,1.898571859257644,309000
2019-02-25,1.9819239377975464,2.0004465728492518,1.9263558118352024,1.9726626202716935,373000
2019-02-26,2.0189690589904785,2.0282303758332563,1.9819237916193668,1.9819237916193668,614000
2019-02-27,2.0374915599823,2.065275508701175,1.9634008092581023,1.991184978784174,954000
2019-02-28,2.0374915599823,2.046752876221925,2.0189689275030496,2.0189689275030496,338000
2019-03-01,2.0282304286956787,2.037491745779837,1.9911851603590442,2.0282304286956787,340000
2019-03-04,2.0189690589904785,2.074536960047146,1.9634009371266004,2.037491692676034,1040000
2019-03-05,1.9356167316436768,1.9726622149424609,1.9356167316436768,1.9634006785123785,914000
2019-03-06,1.9263557195663452,1.9726625257848265,1.9263557195663452,1.954139670813104,380000
2019-03-07,1.9263557195663452,1.9726625257848265,1.9170944024840924,1.935617036648598,701000
2019-03-08,1.9356167316436768,1.9448780472665772,1.926355416020776,1.926355416020776,248000
2019-03-11,1.9356167316436768,1.9726622149424609,1.926355416020776,1.926355416020776,399480
2019-03-12,1.9911853075027466,2.000446625271294,1.9448784978527778,1.9448784978527778,269000
2019-03-13,1.9911853075027466,1.9911853075027466,1.9726626719656521,1.9726626719656521,34000
2019-03-14,1.9911853075027466,2.009707943039841,1.9634011333898722,1.9911853075027466,547000
2019-03-15,1.9726625680923462,1.9911852026541055,1.9726625680923462,1.9911852026541055,178000
2019-03-18,1.9819239377975464,2.009707890375105,1.9634010819386136,2.0004465728492518,441000
2019-03-19,1.9726625680923462,1.981923885373226,1.9448783954424862,1.981923885373226,251000
2019-03-20,1.9541395902633667,1.9634009069638678,1.9356169568623647,1.9356169568623647,2255000
2019-03-21,1.9356167316436768,1.9541393628894779,1.926355416020776,1.926355416020776,1025000
2019-03-22,1.9448784589767456,1.9448784589767456,1.9263558238098988,1.9448784589767456,1425000
2019-03-25,1.9078328609466553,1.9263554929319866,1.8707875969759924,1.9078328609466553,1700000
2019-03-26,1.8985716104507446,1.9170942430750681,1.8707876615142593,1.8985716104507446,2953000
2019-03-27,1.889310359954834,1.8985716765896241,1.8615264100504636,1.8615264100504636,2303000
2019-03-28,1.8985716104507446,1.9078329267629064,1.8893102941385829,1.8893102941385829,3095000
2019-03-29,1.889310359954834,1.9448782597635748,1.8615264100504636,1.889310359954834,2300000
2019-04-01,1.889310359954834,1.9170943098592044,1.8800490433200439,1.8800490433200439,3420000
2019-04-02,1.9170945882797241,1.981924034945671,1.8893106343402775,1.9078332702999086,1317000
2019-04-03,1.9078328609466553,1.9634007569026493,1.8893102289613237,1.9263554929319866,776000
2019-04-04,1.9078328609466553,1.944878124917318,1.8893102289613237,1.9078328609466553,510000
2019-04-08,1.9448784589767456,1.9726626325342445,1.9263558238098988,1.9448784589767456,573000
2019-04-09,1.9448784589767456,1.9911852677010913,1.9263558238098988,1.9263558238098988,3362000
2019-04-10,1.8985716104507446,1.9356168756993917,1.8707876615142593,1.9078329267629064,982000
2019-04-11,1.8800488710403442,1.9078328183987117,1.8800488710403442,1.8985715026125891,347000
2019-04-12,1.889310359954834,1.9078329932244142,1.8615264100504636,1.889310359954834,4965200
2019-04-15,1.778174638748169,1.8985718781883532,1.778174638748169,1.8800492429519577,349000
2019-04-16,1.8244812488555908,1.8430038831946551,1.7966972973469941,1.833742566025123,338000
2019-04-17,1.843003749847412,1.8615263828463045,1.8244811168485198,1.8244811168485198,442000
2019-04-18,1.8059585094451904,1.8522650925987172,1.8059585094451904,1.8430037759680118,315000
2019-04-23,1.8337424993515015,1.8337424993515015,1.8059585488531102,1.8152198656859073,624000
2019-04-24,1.8337424993515015,1.8337424993515015,1.8152198656859073,1.8337424993515015,97000
2019-04-25,1.7503904104232788,1.8152197339516658,1.7411290942625945,1.8152197339516658,1802000
2019-04-26,1.7503904104232788,1.7689130427446473,1.7411290942625945,1.759651726583963,1085000
2019-04-29,1.7411290407180786,1.7689129883456984,1.7411290407180786,1.7596516724698252,480000
2019-04-30,1.731867790222168,1.7596517388986632,1.731867790222168,1.7503904226731648,609000
2019-05-02,1.7411290407180786,1.8430036257562783,1.713345093090459,1.7596516724698252,1968000
2019-05-03,1.7503904104232788,1.7781743589053316,1.722606461941226,1.759651726583963,840000
2019-05-06,1.731867790222168,1.731867790222168,1.704083841545673,1.731867790222168,1440000
2019-05-07,1.731867790222168,1.7503904226731648,1.7226064739966696,1.731867790222168,2526000
2019-05-08,1.7689130306243896,1.7781743467216171,1.7226064501382523,1.7226064501382523,1752000
2019-05-09,1.7226063013076782,1.7781741930900612,1.6948223554164867,1.7689128777929974,548000
2019-05-10,1.731867790222168,1.7503904226731648,1.704083841545673,1.731867790222168,566000
2019-05-14,1.676300048828125,1.6855614769288538,1.6392547780396718,1.6855614769288538,217000
2019-05-15,1.6855615377426147,1.6948228557738694,1.6485161552139773,1.6670387912764864,203000
2019-05-16,1.676300048828125,1.6855614769288538,1.6577774134338983,1.6577774134338983,83000
2019-05-17,1.6670385599136353,1.6855613038090527,1.6485159264218223,1.6855613038090527,64000
2019-05-20,1.6577256917953491,1.6763518056999538,1.6390995778907447,1.6763518056999538,155000
2019-05-21,1.6204732656478882,1.639099377272745,1.5832210423981747,1.639099377272745,219000
2019-05-22,1.6204732656478882,1.639099377272745,1.6204732656478882,1.6204732656478882,1950000
2019-05-23,1.5925341844558716,1.6018472407726576,1.6018472407726576,1.6018472407726576,37000
2019-05-24,1.5832210779190063,1.5925341339403807,1.5739080218976322,1.5832210779190063,133000
2019-05-27,1.5832210779190063,1.5832210779190063,1.5739080218976322,1.5739080218976322,19000
2019-05-28,1.5739079713821411,1.5832210271046072,1.5645948046392932,1.5645948046392932,120000
2019-05-29,1.5739079713821411,1.5739079713821411,1.5739079713821411,1.5739079713821411,0
2019-05-30,1.5552818775177002,1.5739081015231522,1.5459688210251694,1.5739081015231522,308000
2019-05-31,1.5459686517715454,1.555281707244477,1.518029485352751,1.5273425408256824,99000
2019-06-03,1.564595103263855,1.5739082717842494,1.5459689882638714,1.5459689882638714,1023000
2019-06-04,1.564595103263855,1.6018474442842248,1.564595103263855,1.592534386784233,307000
2019-06-05,1.5739079713821411,1.5832210271046072,1.5645948046392932,1.5739079713821411,169000
2019-06-06,1.5925341844558716,1.6018472407726576,1.5739080718222993,1.5832211281390853,266000
2019-06-10,1.5925341844558716,1.6018472407726576,1.5739080718222993,1.6018472407726576,909000
2019-06-11,1.6018471717834473,1.6204732836148201,1.5925341158677608,1.5925341158677608,408000
2019-06-12,1.6018471717834473,1.6018471717834473,1.6018471717834473,1.6018471717834473,0
2019-06-13,1.5832210779190063,1.6018471899617548,1.5739080218976322,1.5925341339403807,493000
2019-06-14,1.5832210779190063,1.6018471899617548,1.5832210779190063,1.6018471899617548,47000
2019-06-17,1.5273427963256836,1.5739081925003648,1.5180297392948268,1.555281967418254,393000
2019-06-18,1.5180294513702393,1.5273425066346893,1.5087163961057892,1.5087163961057892,129000
2019-06-19,1.5459686517715454,1.5645947627174084,1.5273425408256824,1.5273425408256824,211000
2019-06-20,1.5552818775177002,1.5739081015231522,1.5366557645326389,1.5366557645326389,263000
2019-06-21,1.5459686517715454,1.5645947627174084,1.536655596298614,1.555281707244477,281000
2019-06-24,1.5459686517715454,1.5459686517715454,1.5459686517715454,1.5459686517715454,0
2019-06-25,1.5552818775177002,1.5552818775177002,1.5459688210251694,1.5459688210251694,82000
2019-06-26,1.5180294513702393,1.5366555618991393,1.4994033408413392,1.5087163961057892,187000
2019-06-27,1.5273427963256836,1.5366558533565404,1.5180297392948268,1.5180297392948268,50000
2019-06-28,1.4435250759124756,1.5087165818081851,1.4435250759124756,1.5087165818081851,10241300
2019-07-02,1.4621511697769165,1.4900903365255531,1.443524947590779,1.4621511697769165,3045000
2019-07-03,1.4528381824493408,1.4714644069338962,1.4528381824493408,1.4528381824493408,695000
2019-07-04,1.4714645147323608,1.4807775721467098,1.4528382888832612,1.4528382888832612,573000
2019-07-05,1.4714645147323608,1.4807775721467098,1.4528382888832612,1.4714645147323608,2241000
2019-07-08,1.4621511697769165,1.4714642253597954,1.4621511697769165,1.4714642253597954,2195000
2019-07-09,1.4621511697769165,1.4714642253597954,1.4528380031736579,1.4621511697769165,246000
2019-07-10,1.4621511697769165,1.4714642253597954,1.443524947590779,1.4714642253597954,1594000
2019-07-11,1.4714645147323608,1.4900906295610588,1.4621514573180119,1.4621514573180119,2248000
2019-07-12,1.4528381824493408,1.4714644069338962,1.4528381824493408,1.4621513502018153,1287000
2019-07-15,1.4342117309570312,1.4528378400312212,1.3876464582715566,1.4435247854941262,1493000
2019-07-16,1.4435250759124756,1.4621512997543853,1.4155859066801955,1.4435250759124756,492000
2019-07-17,1.4435250759124756,1.4435250759124756,1.4342120195017156,1.4342120195017156,352000
2019-07-18,1.4435250759124756,1.4528381323232356,1.4248989630909557,1.4248989630909557,919000
2019-07-19,1.4155861139297485,1.4435252872524764,1.4155861139297485,1.4435252872524764,1582000
2019-07-22,1.4155861139297485,1.4342122294782338,1.4155861139297485,1.4155861139297485,449000
2019-07-23,1.4342117309570312,1.4435247854941262,1.4248986764199363,1.4248986764199363,713000
2019-07-24,1.4435250759124756,1.4621512997543853,1.4342120195017156,1.4435250759124756,478000
2019-07-25,1.406272530555725,1.4342116934360831,1.3969594762622723,1.4248986391426304,965000
2019-07-26,1.4248988628387451,1.4342119185942626,1.4155858070832277,1.4342119185942626,433000
2019-07-29,1.406272530555725,1.4155855848491776,1.3969594762622723,1.4155855848491776,927000
2019-07-30,1.406272530555725,1.4248986391426304,1.3969594762622723,1.4248986391426304,478000
2019-07-31,1.3969597816467285,1.3969597816467285,1.3783336689880343,1.3969597816467285,813000
2019-08-01,1.3876467943191528,1.4342120782813819,1.3503945671493698,1.3690206807342613,5138000
2019-08-02,1.3224552869796753,1.3597076252044453,1.2852030597752995,1.3503945684033514,1835000
2019-08-05,1.2945159673690796,1.3224551345520625,1.2758898559137575,1.2852029116414185,1138000
2019-08-06,1.2758899927139282,1.2852030494401296,1.2479508225353237,1.2572638792615254,1594000
2019-08-07,1.3131418228149414,1.3224548767269342,1.2758896071669703,1.2758896071669703,847000
2019-08-08,1.2386376857757568,1.2945160225224415,1.182759238008686,1.2945160225224415,6110280
2019-08-09,1.247950792312622,1.2665769053139404,1.220011511790254,1.238637735811963,342000
2019-08-12,1.2386376857757568,1.2479507419002043,1.2293246296513094,1.2479507419002043,289000
2019-08-13,1.2293246984481812,1.2386377550938166,1.2200115307821533,1.2200115307821533,311000
2019-08-14,1.2200114727020264,1.2386376961269656,1.2200114727020264,1.2293246399246895,294000
2019-08-15,1.2293246984481812,1.2293246984481812,1.1641331909083412,1.2013854174908827,655000
2019-08-16,1.2200114727020264,1.2479507523292417,1.1641331354883704,1.1920723040951984,1908000
2019-08-19,1.2386376857757568,1.2386376857757568,1.2200114625064757,1.2386376857757568,214000
2019-08-20,1.1920721530914307,1.2293244842020445,1.1827590980688705,1.2200113181591112,851000
2019-08-21,1.2200114727020264,1.2293246399246895,1.1827592478929225,1.1920723040951984,235000
2019-08-22,1.1920721530914307,1.2200113181591112,1.1827590980688705,1.210698263136551,1096000
2019-08-23,1.2106984853744507,1.2106984853744507,1.1734462584461272,1.1734462584461272,823000
2019-08-26,1.182759404182434,1.2106985764811369,1.1641332893166323,1.1641332893166323,832000
2019-08-27,1.164133071899414,1.1827591832865436,1.164133071899414,1.1827591832865436,1620000
2019-08-28,1.1548200845718384,1.1641331408167412,1.1361939720820327,1.1455070283269355,2092000
2019-08-29,1.2665770053863525,1.2665770053863525,1.1548202075281333,1.1734463220011033,4323000
2019-08-30,1.2200114727020264,1.2572638085315175,1.2106984164997505,1.2479507523292417,298000
2019-09-02,1.2106984853744507,1.2106984853744507,1.2013854286423697,1.2106984853744507,934000
2019-09-03,1.2386376857757568,1.2572637980246517,1.2013853502575809,1.2106984063820283,1267000
2019-09-04,1.247950792312622,1.2665769053139404,1.220011511790254,1.220011511790254,2261000
2019-09-05,1.3410815000534058,1.3783337269369804,1.2758899919867568,1.2758899919867568,2360400
2019-09-06,1.3131418228149414,1.3597072033952653,1.3131418228149414,1.3597072033952653,764000
2019-09-09,1.2945159673690796,1.3131420788244017,1.2852029116414185,1.3131420788244017,514000
2019-09-10,1.2852028608322144,1.294515916191693,1.2852028608322144,1.303828971551172,588000
2019-09-11,1.2852028608322144,1.303828971551172,1.266576750113257,1.303828971551172,462000
2019-09-12,1.2852028608322144,1.303828971551172,1.2852028608322144,1.303828971551172,1035000
2019-09-13,1.2945159673690796,1.3038290230967406,1.2945159673690796,1.3038290230967406,256000
2019-09-16,1.2852028608322144,1.294515916191693,1.2852028608322144,1.294515916191693,223000
2019-09-17,1.2665770053863525,1.2945161770958076,1.2572639481498675,1.2945161770958076,3715000
2019-09-18,1.2852028608322144,1.2852028608322144,1.229324528675342,1.257263694753778,1645000
2019-09-19,1.2945159673690796,1.3038290230967406,1.2852029116414185,1.2852029116414185,78000
2019-09-20,1.2945159673690796,1.2945159673690796,1.2758898559137575,1.2945159673690796,152000
2019-09-23,1.2945159673690796,1.2945159673690796,1.2572637444584354,1.2945159673690796,452000
2019-09-24,1.2852028608322144,1.2852028608322144,1.257263694753778,1.266576750113257,78000
2019-09-25,1.2758899927139282,1.3038291628925325,1.2758899927139282,1.3038291628925325,29000
2019-09-26,1.2852028608322144,1.294515916191693,1.266576750113257,1.2758898054727357,868000
2019-09-27,1.2572637796401978,1.2852029476049969,1.2479507236519312,1.2572637796401978,1103000
2019-09-30,1.2572637796401978,1.2945160035932632,1.2572637796401978,1.2572637796401978,515000
2019-10-02,1.2758899927139282,1.3503945575439333,1.2572638792615254,1.2572638792615254,1210600
2019-10-03,1.2945159673690796,1.3131420788244017,1.2852029116414185,1.3038290230967406,391000
2019-10-04,1.331768274307251,1.331768274307251,1.266576880100392,1.2945160490461887,517000
2019-10-08,1.3038291931152344,1.313142250057312,1.2945161361731565,1.313142250057312,517600
2019-10-09,1.2852028608322144,1.294515916191693,1.2852028608322144,1.2852028608322144,463000
2019-10-10,1.2945159673690796,1.2945159673690796,1.2945159673690796,1.2945159673690796,129000
2019-10-11,1.3038291931152344,1.313142250057312,1.2945161361731565,1.3038291931152344,157000
2019-10-14,1.2665770053863525,1.2945161770958076,1.2665770053863525,1.2852031198593226,344000
2019-10-15,1.2945159673690796,1.2945159673690796,1.2852029116414185,1.2852029116414185,140000
2019-10-16,1.2945159673690796,1.2945159673690796,1.2665768001860964,1.2852029116414185,71000
2019-10-17,1.2945159673690796,1.3038290230967406,1.2945159673690796,1.2945159673690796,73000
2019-10-18,1.2852028608322144,1.2852028608322144,1.266576750113257,1.2758898054727357,177000
2019-10-21,1.2758899927139282,1.2852030494401296,1.2665769359877268,1.2758899927139282,63000
2019-10-22,1.2852028608322144,1.2852028608322144,1.2758898054727357,1.2852028608322144,137000
2019-10-23,1.2852028608322144,1.2852028608322144,1.266576750113257,1.266576750113257,227000
2019-10-24,1.2758899927139282,1.2758899927139282,1.2665769359877268,1.2665769359877268,519000
2019-10-25,1.2665770053863525,1.2852031198593226,1.2665770053863525,1.2852031198593226,177000
2019-10-28,1.2665770053863525,1.2758900626228376,1.2665770053863525,1.2665770053863525,213000
2019-10-29,1.2572637796401978,1.2572637796401978,1.2572637796401978,1.2572637796401978,0
2019-10-30,1.2293246984481812,1.2293246984481812,1.2200115307821533,1.2200115307821533,294000
2019-10-31,1.2386376857757568,1.2572637980246517,1.2293246296513094,1.2386376857757568,605000
2019-11-01,1.247950792312622,1.247950792312622,1.238637735811963,1.238637735811963,284000
2019-11-04,1.2758899927139282,1.2758899927139282,1.2758899927139282,1.2758899927139282,185000
2019-11-05,1.350394368171692,1.350394368171692,1.2852028692100028,1.2852028692100028,1635000
2019-11-06,1.3224552869796753,1.3597076252044453,1.3224552869796753,1.3503945684033514,170000
2019-11-07,1.4248988628387451,1.44352497434978,1.4062727513277105,1.4248988628387451,4524000
2019-11-08,1.4342117309570312,1.4528378400312212,1.4062725673457463,1.4528378400312212,492000
2019-11-11,1.4155861139297485,1.4342122294782338,1.4155861139297485,1.4342122294782338,828000
2019-11-12,1.3783336877822876,1.4248989700639634,1.3783336877822876,1.4155859136076283,571000
2019-11-13,1.3597074747085571,1.3783335862491595,1.3410813631679548,1.350394418938256,196000
2019-11-14,1.3597074747085571,1.3969596977897618,1.3410813631679548,1.3597074747085571,405000
2019-11-15,1.3783336877822876,1.396959800694958,1.3597075748696172,1.3597075748696172,239000
2019-11-18,1.4528381824493408,1.4714644069338962,1.4435251257172599,1.4621513502018153,1335000
2019-11-19,1.4807772636413574,1.4900903191154231,1.4621511526932263,1.4807772636413574,387000
2019-11-20,1.4528381824493408,1.480777463665977,1.4528381824493408,1.480777463665977,209000
2019-11-21,1.4528381824493408,1.4528381824493408,1.4248990122530982,1.4155859555210173,128000
2019-11-22,1.4435250759124756,1.4528381323232356,1.4435250759124756,1.4435250759124756,81000
2019-11-25,1.4342117309570312,1.4435247854941262,1.4248986764199363,1.4248986764199363,188000
2019-11-26,1.4155861139297485,1.4342122294782338,1.406273056155506,1.4342122294782338,59000
2019-11-27,1.4248988628387451,1.4342119185942626,1.4248988628387451,1.4155858070832277,14000
2019-11-28,1.4155861139297485,1.4155861139297485,1.3969599983812633,1.4155861139297485,475000
2019-11-29,1.4155861139297485,1.4155861139297485,1.3969599983812633,1.3969599983812633,272000
2019-12-02,1.406272530555725,1.4155855848491776,1.3597072590884618,1.3597072590884618,25000
2019-12-03,1.406272530555725,1.406272530555725,1.406272530555725,1.406272530555725,0
2019-12-04,1.3876467943191528,1.3876467943191528,1.3876467943191528,1.3876467943191528,0
2019-12-05,1.3876467943191528,1.3876467943191528,1.3876467943191528,1.3876467943191528,0
2019-12-06,1.4155861139297485,1.4155861139297485,1.3597077672842928,1.3597077672842928,544000
2019-12-09,1.3969597816467285,1.4062728379760756,1.4062728379760756,1.4062728379760756,38000
2019-12-10,1.3969597816467285,1.3969597816467285,1.3969597816467285,1.3969597816467285,0
2019-12-11,1.3969597816467285,1.3969597816467285,1.3969597816467285,1.3969597816467285,0
2019-12-12,1.3690205812454224,1.378333637361074,1.3690205812454224,1.378333637361074,165000
2019-12-13,1.3690205812454224,1.4342119740549837,1.3690205812454224,1.378333637361074,342000
2019-12-16,1.406272530555725,1.4155855848491776,1.378333367675367,1.378333367675367,198000
2019-12-17,1.406272530555725,1.4435247477295357,1.406272530555725,1.406272530555725,136000
2019-12-18,1.4528381824493408,1.4528381824493408,1.3969598420568556,1.4062728987889364,129000
2019-12-19,1.4714645147323608,1.4807775721467098,1.4621514573180119,1.4807775721467098,350000
2019-12-20,1.4435250759124756,1.4435250759124756,1.4062728502694355,1.4342120195017156,328000
2019-12-23,1.4528381824493408,1.4528381824493408,1.4062728987889364,1.4435251257172599,104000
2019-12-24,1.4435250759124756,1.4435250759124756,1.3969597938586755,1.4248989630909557,109000
2019-12-27,1.4435250759124756,1.4435250759124756,1.4248989630909557,1.4435250759124756,100000
2019-12-30,1.4435250759124756,1.4435250759124756,1.3969597938586755,1.4435250759124756,434000
2019-12-31,1.3969597816467285,1.443525063293464,1.3969597816467285,1.443525063293464,386000
2020-01-02,1.4342117309570312,1.4342117309570312,1.4062725673457463,1.4155856218828413,146000
2020-01-03,1.4994033575057983,1.5087164128737542,1.4528379696456417,1.4528379696456417,472000
2020-01-06,1.4807772636413574,1.5366555964857513,1.4807772636413574,1.51802948553762,389000
2020-01-07,1.4807772636413574,1.4807772636413574,1.4807772636413574,1.4807772636413574,0
2020-01-08,1.4621511697769165,1.4807772809426742,1.443524947590779,1.4528380031736579,32000
2020-01-09,1.4900903701782227,1.4900903701782227,1.4621512027985992,1.4621512027985992,571000
2020-01-10,1.4714645147323608,1.4994036869754077,1.4714645147323608,1.4994036869754077,17000
2020-01-13,1.4714645147323608,1.4714645147323608,1.4714645147323608,1.4714645147323608,0
2020-01-14,1.4528381824493408,1.4714644069338962,1.4342120689851792,1.4714644069338962,104000
2020-01-15,1.4248988628387451,1.4621511968811967,1.4248988628387451,1.44352497434978,200000
2020-01-16,1.4900903701782227,1.4900903701782227,1.4248988686053856,1.4248988686053856,406000
2020-01-17,1.4714645147323608,1.5087167443897567,1.4714645147323608,1.4714645147323608,1070000
2020-01-20,1.5180294513702393,1.5180294513702393,1.5180294513702393,1.5180294513702393,0
2020-01-21,1.4807772636413574,1.4807772636413574,1.4807772636413574,1.4807772636413574,0
2020-01-22,1.4528381824493408,1.4621513502018153,1.4528381824493408,1.4621513502018153,91000
2020-01-23,1.4155861139297485,1.4621515138213674,1.406273056155506,1.4621515138213674,560000
2020-01-24,1.3969597816467285,1.3969597816467285,1.3969597816467285,1.3969597816467285,110000
2020-01-29,1.3597074747085571,1.3690205304788583,1.3597074747085571,1.3690205304788583,352000
2020-01-30,1.2665770053863525,1.3224553488052626,1.2293247764404127,1.3224553488052626,1335000
2020-01-31,1.2852028608322144,1.303828971551172,1.2479506393942994,1.257263694753778,605000
2020-02-03,1.2200114727020264,1.2758899209360695,1.2200114727020264,1.2293246399246895,286000
2020-02-04,1.2852028608322144,1.294515916191693,1.220011362295486,1.220011362295486,746000
2020-02-05,1.2572637796401978,1.2945160035932632,1.2572637796401978,1.2945160035932632,10000
2020-02-06,1.3224552869796753,1.3224552869796753,1.3131422301785813,1.3131422301785813,15000
2020-02-07,1.2852028608322144,1.3224550822701293,1.294515916191693,1.3224550822701293,126000
2020-02-10,1.2665770053863525,1.2758900626228376,1.2479508909133827,1.2665770053863525,321000
2020-02-11,1.2665770053863525,1.2758900626228376,1.2386378336768977,1.2386378336768977,398000
2020-02-12,1.2945159673690796,1.3038290230967406,1.2665768001860964,1.2665768001860964,401000
2020-02-13,1.3690205812454224,1.3690205812454224,1.247950740721565,1.27588990906852,1521000
2020-02-14,1.4994033575057983,1.5645947450814894,1.369020471334039,1.369020471334039,6115000
2020-02-17,1.4714645147323608,1.4900906295610588,1.4062730018115162,1.4621514573180119,546000
2020-02-18,1.4342117309570312,1.4714640601257785,1.4248986764199363,1.4714640601257785,474000
2020-02-19,1.4435250759124756,1.4807774125759052,1.4248989630909557,1.4342120195017156,429000
2020-02-20,1.4714645147323608,1.5366559166328035,1.4435252314689122,1.4435252314689122,2222000
2020-02-21,1.4528381824493408,1.480777463665977,1.4248990122530982,1.4528381824493408,1251000
2020-02-24,1.4248988628387451,1.4807773083922315,1.3876466398166756,1.4528380301052974,1010000
2020-02-25,1.3969597816467285,1.4342120069641169,1.322455219991563,1.3969597816467285,1407000
2020-02-26,1.3969597816467285,1.4342120069641169,1.3597075563293402,1.3783336689880343,722000
2020-02-27,1.3597074747085571,1.4248988651006655,1.3131420848366693,1.3969596977897618,1699000
2020-02-28,1.2758899927139282,1.3038291628925325,1.2572638792615254,1.3038291628925325,2046000
2020-03-02,1.3038291931152344,1.313142250057312,1.285203079231079,1.3038291931152344,97000
2020-03-03,1.3410815000534058,1.3503945567742994,1.3038291621494378,1.3131422188703314,334000
2020-03-04,1.331768274307251,1.331768274307251,1.3131421616767198,1.3131421616767198,456000
2020-03-05,1.350394368171692,1.350394368171692,1.3131420354705647,1.3131420354705647,335000
2020-03-06,1.3224552869796753,1.3317683437807692,1.3038291733774874,1.3317683437807692,1041000
2020-03-09,1.2665770053863525,1.3038292343322926,1.2572639481498675,1.2758900626228376,1408000
2020-03-10,1.2758899927139282,1.294516106166331,1.2479508225353237,1.2572638792615254,1651000
2020-03-11,1.2758899927139282,1.3131422196187341,1.2758899927139282,1.2758899927139282,1143000
2020-03-12,1.2758899927139282,1.2758899927139282,1.2386377658091223,1.2386377658091223,871000
2020-03-13,1.2758899927139282,1.2758899927139282,1.1548201442529158,1.220011541336326,1416000
2020-03-16,1.201385498046875,1.2572639526878737,1.1827593835066754,1.2106985553169747,2462000
2020-03-17,1.164133071899414,1.2106983503672382,1.0896285153305143,1.0896285153305143,847000
2020-03-18,1.1548200845718384,1.2200114782861589,1.1455070283269355,1.173446197061644,1268000
2020-03-19,1.164133071899414,1.1827591832865436,1.0803154596369495,1.1455069605122843,3260000
2020-03-20,1.164133071899414,1.164133071899414,1.098941571024079,1.098941571024079,2513000
2020-03-23,1.1082547903060913,1.1455070148473427,1.0989416231503921,1.1082547903060913,1393000
2020-03-24,1.1268810033798218,1.145507117316613,1.1268810033798218,1.1361940603482172,121000
2020-03-25,1.1268810033798218,1.1548201742850084,1.1175679464114263,1.145507117316613,2096000
2020-03-26,1.1548200845718384,1.1641331408167412,1.1175678595922267,1.1268809158371296,240000
2020-03-27,1.164133071899414,1.1734461275929788,1.1455069605122843,1.1548200162058493,284000
2020-03-30,1.1734461784362793,1.1734461784362793,1.1455070101450313,1.1455070101450313,306000
2020-03-31,1.0989415645599365,1.2479506768212416,1.0896285089211526,1.173446120690589,4793000
2020-04-01,1.1548200845718384,1.1548200845718384,1.1175678595922267,1.1175678595922267,380000
2020-04-02,1.164133071899414,1.164133071899414,1.1361939048187195,1.1361939048187195,328000
2020-04-03,1.1548200845718384,1.173446197061644,1.1361939720820327,1.1548200845718384,315000
2020-04-06,1.164133071899414,1.1734461275929788,1.1082547377380252,1.1268808491251547,1427000
2020-04-07,1.182759404182434,1.192072461615335,1.1641332893166323,1.1641332893166323,775000
2020-04-08,1.164133071899414,1.1827591832865436,1.1455069605122843,1.164133071899414,1883000
2020-04-09,1.1548200845718384,1.1827592533065472,1.1548200845718384,1.1548200845718384,706000
2020-04-14,1.1548200845718384,1.1641331408167412,1.1455070283269355,1.1455070283269355,277000
2020-04-15,1.1548200845718384,1.1827592533065472,1.1361939720820327,1.1361939720820327,1719000
2020-04-16,1.1548200845718384,1.1827592533065472,1.1548200845718384,1.1548200845718384,1251000
2020-04-17,1.182759404182434,1.182759404182434,1.1548202318837313,1.1734463467495333,2624000
2020-04-20,1.182759404182434,1.192072461615335,1.1734463467495333,1.182759404182434,430000
2020-04-21,1.1548200845718384,1.1827592533065472,1.1455070283269355,1.173446197061644,270000
2020-04-22,1.164133071899414,1.1827591832865436,1.1548200162058493,1.1734461275929788,132000
2020-04-23,1.1734461784362793,1.1734461784362793,1.1455070101450313,1.1641331223391966,180000
2020-04-24,1.164133071899414,1.164133071899414,1.164133071899414,1.164133071899414,0
2020-04-27,1.1734461784362793,1.182759234533362,1.1734461784362793,1.1734461784362793,287000
2020-04-28,1.1734461784362793,1.1734461784362793,1.1734461784362793,1.1734461784362793,0
2020-04-29,1.201385498046875,1.2106985553169747,1.154820211696376,1.1827593835066754,1946000
2020-05-04,1.1734461784362793,1.182759234533362,1.1641331223391966,1.1641331223391966,2785000
2020-05-05,1.164133071899414,1.1920722389801084,1.164133071899414,1.1734461275929788,494000
2020-05-06,1.182759404182434,1.2013855190482359,1.1641332893166323,1.182759404182434,1424000
2020-05-07,1.1920721530914307,1.1920721530914307,1.1641329880237503,1.1734460430463105,147000
2020-05-08,1.201385498046875,1.201385498046875,1.1734463262365755,1.1827593835066754,324000
2020-05-11,1.2106984853744507,1.2106984853744507,1.182759315178208,1.2013854286423697,839000
2020-05-12,1.182759404182434,1.2106985764811369,1.182759404182434,1.192072461615335,839000
2020-05-13,1.1920721530914307,1.2013852081139909,1.1920721530914307,1.2013852081139909,611000
2020-05-14,1.201385498046875,1.2106985553169747,1.1641332689664758,1.1827593835066754,1753600
2020-05-15,1.2200114727020264,1.2200114727020264,1.2013853602974744,1.2106984164997505,625000
2020-05-18,1.2106984853744507,1.2200115421065316,1.192072371910289,1.2013854286423697,496000
2020-05-19,1.2106984853744507,1.2200115421065316,1.192072371910289,1.2013854286423697,1213600
2020-05-20,1.2200114727020264,1.2200114727020264,1.2106984164997505,1.2106984164997505,723000
2020-05-21,1.2293246984481812,1.2293246984481812,1.2106984741365179,1.2200115307821533,580600
2020-05-22,1.1920721530914307,1.2293244842020445,1.1920721530914307,1.210698263136551,715000
2020-05-25,1.1734461784362793,1.2013853467275275,1.1361939540479487,1.1734461784362793,823000
2020-05-26,1.1920721530914307,1.2013852081139909,1.1734460430463105,1.1734460430463105,672600
2020-05-27,1.182759404182434,1.2106985764811369,1.182759404182434,1.192072461615335,383000
2020-05-28,1.1920721530914307,1.210698263136551,1.1734460430463105,1.1734460430463105,270000
2020-05-29,1.182759404182434,1.2013855190482359,1.1641332893166323,1.1641332893166323,351000
2020-06-01,1.201385498046875,1.2106985553169747,1.1641332689664758,1.1641332689664758,457000
2020-06-02,1.2106984853744507,1.2106984853744507,1.182759315178208,1.2013854286423697,500000
2020-06-03,1.1920721530914307,1.210698263136551,1.1920721530914307,1.2013852081139909,1450000
2020-06-04,1.1734461784362793,1.2106984028246102,1.1734461784362793,1.1920722906304448,940000
2020-06-05,1.182759404182434,1.192072461615335,1.1734463467495333,1.182759404182434,457000
2020-06-08,1.1920721530914307,1.210698263136551,1.1827590980688705,1.1920721530914307,6140000
2020-06-09,1.1920721530914307,1.2013852081139909,1.1920721530914307,1.1920721530914307,3979000
2020-06-10,1.182759404182434,1.2106985764811369,1.182759404182434,1.192072461615335,328000
2020-06-11,1.1548200845718384,1.1827592533065472,1.1455070283269355,1.1827592533065472,5776000
2020-06-12,1.1455069780349731,1.1827592013790753,1.1455069780349731,1.1548200338709986,97000
2020-06-15,1.1361939907073975,1.1641331599001066,1.117567877912258,1.145507047104967,473000
2020-06-16,1.1548200845718384,1.1641331408167412,1.1268809158371296,1.1361939720820327,292000
2020-06-17,1.1361939907073975,1.1548201035025367,1.1268809343098276,1.1548201035025367,310000
2020-06-18,1.1268810033798218,1.1361940603482172,1.1268810033798218,1.1268810033798218,286000
2020-06-19,1.1455069780349731,1.1641330897070243,1.1175678105268965,1.1175678105268965,1303000
2020-06-22,1.1361939907073975,1.1548201035025367,1.1268809343098276,1.1361939907073975,928000
2020-06-23,1.1268810033798218,1.1361940603482172,1.1082548894430309,1.1361940603482172,1598000
2020-06-24,1.1268810033798218,1.1268810033798218,1.1082548894430309,1.1268810033798218,401000
2020-06-26,1.0896286964416504,1.1082549219450937,1.0896286964416504,1.1082549219450937,1269000
2020-06-29,1.117567777633667,1.117567777633667,1.0710023888037095,1.0989415554894562,1630000
2020-06-30,1.1734461784362793,1.2293246260391615,1.0896285625421491,1.0989416186392318,4835000
2020-07-02,1.164133071899414,1.164133071899414,1.1455069605122843,1.1455069605122843,811000
2020-07-03,1.1734461784362793,1.1920722906304448,1.1734461784362793,1.182759234533362,722000
2020-07-06,1.201385498046875,1.2106985553169747,1.1827593835066754,1.192072440776775,1419000
2020-07-07,1.201385498046875,1.2200116125870746,1.192072440776775,1.192072440776775,1697000
2020-07-08,1.2106984853744507,1.229324709859006,1.2013854286423697,1.2013854286423697,686000
2020-07-09,1.201385498046875,1.2200116125870746,1.192072440776775,1.192072440776775,615000
2020-07-10,1.182759404182434,1.2106985764811369,1.182759404182434,1.2013855190482359,250000
2020-07-13,1.1920721530914307,1.210698263136551,1.1641329880237503,1.1734460430463105,1418000
2020-07-14,1.1548200845718384,1.19207230955145,1.1455070283269355,1.19207230955145,2863000
2020-07-15,1.1361939907073975,1.1920723290928155,1.1361939907073975,1.1734462162976762,1621000
2020-07-16,1.1361939907073975,1.1548201035025367,1.1268809343098276,1.145507047104967,956000
2020-07-17,1.164364218711853,1.164364218711853,1.145584168722618,1.1549741937172355,403000
2020-07-20,1.1359649896621704,1.154897720681877,1.1264986241523172,1.1359649896621704,551000
2020-07-21,1.164363980293274,1.164363980293274,1.135964886346601,1.135964886346601,881000
2020-07-22,1.1548975706100464,1.2022293920088336,1.1548975706100464,1.1738302991695613,1775000
2020-07-23,1.1454312801361084,1.164364009915553,1.1454312801361084,1.1548976450258308,861000
2020-07-24,1.1170320510864258,1.1454312580561243,1.1170320510864258,1.1454312580561243,313000
2020-07-27,1.1359649896621704,1.1359649896621704,1.1075657802846324,1.1264986241523172,301000
2020-07-28,1.1264984607696533,1.1359648249065444,1.1264984607696533,1.1359648249065444,315000
2020-07-29,1.1170320510864258,1.1264985286416378,1.1075656863791825,1.1264985286416378,937000
2020-07-30,1.1170320510864258,1.135964893348881,1.1170320510864258,1.1170320510864258,221000
2020-07-31,1.1264984607696533,1.1359648249065444,1.1075656196479093,1.1359648249065444,369000
2020-08-03,1.1170320510864258,1.135964893348881,1.1075656863791825,1.1264985286416378,295000
2020-08-04,1.1264984607696533,1.1359648249065444,1.1264984607696533,1.1264984607696533,511000
2020-08-05,1.1264984607696533,1.1264984607696533,1.1170319837848004,1.1264984607696533,308000
2020-08-06,1.1264984607696533,1.1454311890434354,1.1170319837848004,1.1359648249065444,1263000
2020-08-07,1.1075657606124878,1.126498604143895,1.1075657606124878,1.1170321259542033,519000
2020-08-10,1.1075657606124878,1.1170321259542033,1.0980993952707725,1.1075657606124878,413000
2020-08-11,1.0980993509292603,1.1170320808481828,1.0980993509292603,1.1075657158887215,2907000
2020-08-12,1.1075657606124878,1.1075657606124878,1.0980993952707725,1.0980993952707725,145000
2020-08-13,1.1075657606124878,1.1075657606124878,1.0980993952707725,1.1075657606124878,1602000
2020-08-14,1.1075657606124878,1.1170321259542033,1.0980993952707725,1.1170321259542033,1970000
2020-08-17,1.1264984607696533,1.1264984607696533,1.1170319837848004,1.1170319837848004,747000
2020-08-18,1.1075657606124878,1.126498604143895,1.0980993952707725,1.126498604143895,2695000
2020-08-19,1.0980993509292603,1.1170320808481828,1.0980993509292603,1.1075657158887215,2664080
2020-08-20,1.0886329412460327,1.1075656703871515,1.0886329412460327,1.1075656703871515,495000
2020-08-21,1.0886329412460327,1.1075656703871515,1.0886329412460327,1.1075656703871515,606000
2020-08-24,1.0886329412460327,1.098099305816592,1.0886329412460327,1.0886329412460327,587000
2020-08-25,1.0886329412460327,1.098099305816592,1.0886329412460327,1.098099305816592,179000
2020-08-26,1.0980993509292603,1.0980993509292603,1.0791666210103374,1.088632985969799,579000
2020-08-27,1.0697002410888672,1.0980993355700301,1.0697002410888672,1.0886329707429758,560000
2020-08-28,1.0697002410888672,1.0886329707429758,1.0697002410888672,1.0886329707429758,532000
2020-08-31,1.0697002410888672,1.0980993355700301,1.0697002410888672,1.0980993355700301,21000
2020-09-01,1.0791666507720947,1.0886330159926239,1.0697002855515656,1.0697002855515656,241000
2020-09-02,1.0886329412460327,1.0886329412460327,1.0791665766754732,1.0886329412460327,248000
2020-09-03,1.0697002410888672,1.0886329707429758,1.0602338762618129,1.0886329707429758,940000
2020-09-04,1.0697002410888672,1.0697002410888672,1.0602338762618129,1.0602338762618129,126000
2020-09-07,1.0697002410888672,1.0697002410888672,1.0697002410888672,1.0697002410888672,119000
2020-09-08,1.0602340698242188,1.0791668029347956,1.0602340698242188,1.0602340698242188,411000
2020-09-09,1.0791666507720947,1.0791666507720947,1.0602339203310365,1.0697002855515656,54000
2020-09-10,1.0697002410888672,1.0791666059159215,1.0602338762618129,1.0791666059159215,35000
2020-09-11,1.0791666507720947,1.0791666507720947,1.0697002855515656,1.0697002855515656,72000
2020-09-14,1.0791666507720947,1.0791666507720947,1.0697002855515656,1.0791666507720947,529000
2020-09-15,1.0791666507720947,1.098099381213153,1.0697002855515656,1.0791666507720947,502000
2020-09-16,1.0697002410888672,1.0791666059159215,1.0602338762618129,1.0791666059159215,609000
2020-09-17,1.0697002410888672,1.0697002410888672,1.0602338762618129,1.0697002410888672,54000
2020-09-18,1.0697002410888672,1.0886329707429758,1.0602338762618129,1.0697002410888672,230000
2020-09-21,1.0697002410888672,1.0791666059159215,1.0602338762618129,1.0602338762618129,660000
2020-09-22,1.0507676601409912,1.0791667586412377,1.0507676601409912,1.0697003924744888,588000
2020-09-23,1.0318348407745361,1.0791666676159466,1.0318348407745361,1.0507675715111002,2978000
2020-09-24,1.012902021408081,1.0318347504880134,1.012902021408081,1.0318347504880134,165000
2020-09-25,1.0223685503005981,1.0223685503005981,1.0034357053291183,1.0129021842388506,381000
2020-09-28,1.0223685503005981,1.0413012824240933,1.0034357053291183,1.0223685503005981,154000
2020-09-29,1.003435730934143,1.0223685763887391,1.003435730934143,1.003435730934143,134000
2020-09-30,1.0318348407745361,1.0413012061428182,1.012902110037972,1.022368475406254,142000
2020-10-05,1.012902021408081,1.0223683859480472,1.012902021408081,1.0223683859480472,190000
2020-10-06,1.012902021408081,1.0223683859480472,1.012902021408081,1.012902021408081,38000
2020-10-07,1.0413010120391846,1.0413010120391846,1.0318346484354792,1.0318346484354792,148000
2020-10-08,1.0413010120391846,1.0413010120391846,1.0223682848317739,1.0413010120391846,40000
2020-10-09,1.0223685503005981,1.0223685503005981,1.0129021842388506,1.0223685503005981,111000
2020-10-12,1.0413010120391846,1.0413010120391846,1.0413010120391846,1.0413010120391846,24000
2020-10-14,1.0318348407745361,1.0413012061428182,0.9939692664534312,1.022368475406254,296000
2020-10-15,1.0318348407745361,1.0318348407745361,1.0318348407745361,1.0318348407745361,0
2020-10-16,1.0223685503005981,1.0507676484858408,1.0129021842388506,1.0318349163623457,675000
2020-10-19,1.0413010120391846,1.0413010120391846,1.0223682848317739,1.0223682848317739,299000
2020-10-20,1.003435730934143,1.0223685763887391,1.003435730934143,1.0223685763887391,944000
2020-10-21,1.012902021408081,1.0223683859480472,1.0034355440201481,1.012902021408081,600000
2020-10-22,1.012902021408081,1.012902021408081,1.012902021408081,1.012902021408081,0
2020-10-23,1.012902021408081,1.0318347504880134,1.012902021408081,1.012902021408081,68000
2020-10-27,1.012902021408081,1.0223683859480472,0.9939691794801819,1.0223683859480472,2059000
2020-10-28,1.003435730934143,1.012902210085435,1.003435730934143,1.003435730934143,459000
2020-10-29,1.012902021408081,1.0223683859480472,0.9939691794801819,1.0034355440201481,1528000
2020-10-30,1.003435730934143,1.003435730934143,0.9939693646308388,1.003435730934143,523000
2020-11-02,1.003435730934143,1.012902210085435,0.9939693646308388,1.012902210085435,465000
2020-11-03,1.003435730934143,1.012902210085435,0.9939693646308388,1.003435730934143,256000
2020-11-04,1.003435730934143,1.012902210085435,1.003435730934143,1.003435730934143,295000
2020-11-05,1.003435730934143,1.0223685763887391,1.003435730934143,1.003435730934143,1055000
2020-11-06,1.003435730934143,1.012902210085435,1.003435730934143,1.012902210085435,1227000
2020-11-09,1.0318348407745361,1.0980993983525107,1.012902110037972,1.012902110037972,1335000
2020-11-10,1.0223685503005981,1.0318349163623457,1.0129021842388506,1.0318349163623457,1224000
2020-11-11,1.0318348407745361,1.0507675715111002,1.022368475406254,1.022368475406254,2500000
2020-11-12,1.0413010120391846,1.0413010120391846,1.0223682848317739,1.0318346484354792,1244000
2020-11-13,1.0223685503005981,1.0223685503005981,1.0034357053291183,1.0223685503005981,2717000
2020-11-16,1.012902021408081,1.0223683859480472,1.012902021408081,1.0223683859480472,37000
2020-11-17,1.0223685503005981,1.0318349163623457,1.0034357053291183,1.0223685503005981,1849000
2020-11-18,1.003435730934143,1.012902210085435,1.003435730934143,1.012902210085435,1309960
2020-11-19,1.012902021408081,1.0223683859480472,1.0034355440201481,1.012902021408081,1985000
2020-11-20,1.003435730934143,1.012902210085435,1.003435730934143,1.012902210085435,964000
2020-11-23,1.012902021408081,1.012902021408081,1.0034355440201481,1.0034355440201481,171000
2020-11-24,1.003435730934143,1.012902210085435,1.003435730934143,1.012902210085435,313000
2020-11-25,1.003435730934143,1.0223685763887391,1.003435730934143,1.012902210085435,421000
2020-11-26,1.012902021408081,1.012902021408081,1.0034355440201481,1.0034355440201481,54000
2020-11-27,1.012902021408081,1.0223683859480472,1.012902021408081,1.0223683859480472,105000
2020-11-30,0.9939690828323364,1.0129019229193148,0.9939690828323364,1.0129019229193148,1103000
2020-12-01,1.012902021408081,1.012902021408081,1.0034355440201481,1.0034355440201481,264000
2020-12-02,1.012902021408081,1.012902021408081,1.012902021408081,1.012902021408081,409000
2020-12-03,1.003435730934143,1.003435730934143,1.003435730934143,1.003435730934143,156000
2020-12-04,0.9939690828323364,1.0129019229193148,0.9939690828323364,1.0129019229193148,510000
2020-12-07,1.003435730934143,1.003435730934143,0.9845029983275347,0.9939693646308388,600000
2020-12-08,1.003435730934143,1.003435730934143,0.9939693646308388,1.003435730934143,783000
2020-12-09,1.012902021408081,1.012902021408081,1.0034355440201481,1.0034355440201481,215300
2020-12-10,1.003435730934143,1.003435730934143,1.003435730934143,1.003435730934143,1018000
2020-12-11,1.003435730934143,1.012902210085435,0.9939693646308388,1.003435730934143,301000
2020-12-14,1.003435730934143,1.003435730934143,0.9939693646308388,0.9939693646308388,702000
2020-12-15,0.9939690828323364,1.0129019229193148,0.9939690828323364,1.0034354464518478,748000
2020-12-16,1.003435730934143,1.003435730934143,0.9939693646308388,0.9939693646308388,655000
2020-12-17,0.9939690828323364,0.9939690828323364,0.9939690828323364,0.9939690828323364,394000
2020-12-18,1.003435730934143,1.003435730934143,0.9939693646308388,1.003435730934143,454000
2020-12-21,1.003435730934143,1.003435730934143,0.9939693646308388,0.9939693646308388,705000
2020-12-22,0.9939690828323364,1.0034354464518478,0.9939690828323364,0.9939690828323364,517000
2020-12-23,1.003435730934143,1.003435730934143,0.9845029983275347,0.9939693646308388,522000
2020-12-24,0.9845029711723328,0.9845029711723328,0.9845029711723328,0.9845029711723328,0
2020-12-28,0.9750365614891052,0.9939692927261007,0.9750365614891052,0.9939692927261007,1148000
2020-12-29,0.9750365614891052,0.984502927107603,0.9655701958706074,0.984502927107603,748000
2020-12-30,0.9750365614891052,0.984502927107603,0.9655701958706074,0.9750365614891052,1638000
2020-12-31,0.9750365614891052,0.9750365614891052,0.9750365614891052,0.9750365614891052,0
2021-01-04,0.9750365614891052,0.9750365614891052,0.9655701958706074,0.9655701958706074,1718000
2021-01-05,0.9750365614891052,0.9750365614891052,0.9655701958706074,0.9750365614891052,502000
2021-01-06,0.9845029711723328,0.9845029711723328,0.9655702390879394,0.9655702390879394,923000
2021-01-07,0.9655700325965881,0.9750363966143617,0.9655700325965881,0.9750363966143617,642000
2021-01-08,0.9655700325965881,0.9750363966143617,0.9561036685788146,0.9655700325965881,1594000
2021-01-11,0.9655700325965881,0.9845027606321353,0.9655700325965881,0.9750363966143617,287000
2021-01-12,0.9655700325965881,0.9750363966143617,0.9655700325965881,0.9750363966143617,1018000
2021-01-13,0.9845029711723328,0.9939693372145294,0.9655702390879394,0.975036605130136,2315000
2021-01-14,1.0318348407745361,1.0413012061428182,0.9939692664534312,0.9939692664534312,2419000
2021-01-15,1.0507676601409912,1.0791667586412377,1.0413012939742425,1.0507676601409912,3873000
2021-01-18,1.0413010120391846,1.05076737564289,1.0318346484354792,1.05076737564289,398000
2021-01-19,1.0413010120391846,1.0791664664540057,1.0413010120391846,1.0413010120391846,2334000
2021-01-20,1.012902021408081,1.0507674795679458,1.012902021408081,1.0413011150279796,1032000
2021-01-21,1.0791666507720947,1.0791666507720947,1.0413011898899782,1.0413011898899782,7331000
2021-01-22,1.0413010120391846,1.0791664664540057,1.0413010120391846,1.0791664664540057,1135000
2021-01-25,1.0413010120391846,1.0791664664540057,1.0413010120391846,1.0697001028503004,4949000
2021-01-26,1.0507676601409912,1.06023402630774,1.0413012939742425,1.0413012939742425,1325000
2021-01-27,1.0318348407745361,1.0413012061428182,1.0318348407745361,1.0413012061428182,1072000
2021-01-28,1.0223685503005981,1.0318349163623457,1.0129021842388506,1.0318349163623457,858000
2021-01-29,0.9939690828323364,1.0223682865388262,0.9939690828323364,1.0223682865388262,1403000
2021-02-01,0.9939690828323364,1.0129019229193148,0.9845027192128251,1.0129019229193148,745000
2021-02-02,0.9939690828323364,1.0034354464518478,0.9845027192128251,0.9939690828323364,1237300
2021-02-03,0.9845029711723328,0.9939693372145294,0.9845029711723328,0.9845029711723328,571000
2021-02-04,0.9845029711723328,0.9939693372145294,0.9845029711723328,0.9939693372145294,544000
2021-02-05,0.9845029711723328,0.9939693372145294,0.975036605130136,0.9939693372145294,705000
2021-02-08,0.9845029711723328,0.9939693372145294,0.9845029711723328,0.9939693372145294,535000
2021-02-09,0.9845029711723328,0.9939693372145294,0.975036605130136,0.9845029711723328,738400
2021-02-10,0.9845029711723328,0.9939693372145294,0.975036605130136,0.9845029711723328,565000
2021-02-11,0.9939690828323364,0.9939690828323364,0.9939690828323364,0.9939690828323364,0
2021-02-16,1.012902021408081,1.0318347504880134,0.9939691794801819,0.9939691794801819,3254000
2021-02-17,1.0413010120391846,1.05076737564289,1.0129019212280685,1.0318346484354792,3178000
2021-02-18,1.0223685503005981,1.0413012824240933,1.0129021842388506,1.0318349163623457,979000
2021-02-19,1.0223685503005981,1.0318349163623457,1.0129021842388506,1.0223685503005981,2360000
2021-02-22,1.0318348407745361,1.0413012061428182,1.012902110037972,1.0318348407745361,3141000
2021-02-23,1.0413010120391846,1.05076737564289,1.0318346484354792,1.0318346484354792,2688000
2021-02-24,1.0223685503005981,1.0507676484858408,1.0129021842388506,1.0413012824240933,2963000
2021-02-25,1.0507676601409912,1.06023402630774,1.0318349278074936,1.0318349278074936,2041000
2021-02-26,1.0318348407745361,1.0413012061428182,1.012902110037972,1.0413012061428182,1368000
2021-03-01,1.0602340698242188,1.0602340698242188,1.022368603603065,1.041301336713642,2842000
2021-03-02,1.0602340698242188,1.0791668029347956,1.0507677032689304,1.069700436379507,2878000
2021-03-03,1.0507676601409912,1.0697003924744888,1.0413012939742425,1.0507676601409912,1588000
2021-03-04,1.0413010120391846,1.05076737564289,1.0223682848317739,1.0413010120391846,3207000
2021-03-05,1.0318348407745361,1.0413012061428182,1.012902110037972,1.022368475406254,719000
2021-03-08,1.0223685503005981,1.0507676484858408,1.0223685503005981,1.0413012824240933,1476000
2021-03-09,1.0318348407745361,1.0507675715111002,1.022368475406254,1.022368475406254,2235000
2021-03-10,1.0413010120391846,1.0602337392465953,1.0318346484354792,1.0318346484354792,2213000
2021-03-11,1.0602340698242188,1.0602340698242188,1.041301336713642,1.041301336713642,925000
2021-03-12,1.0980993509292603,1.1170320808481828,1.0507675261319536,1.0602338910914149,5228000
2021-03-15,1.0980993509292603,1.1170320808481828,1.088632985969799,1.1075657158887215,909000
2021-03-16,1.1075657606124878,1.126498604143895,1.0791666645873417,1.0980993952707725,5037000
2021-03-17,1.1927632093429565,1.2211623065063648,1.145431380737276,1.145431380737276,8828000
2021-03-18,1.1548975706100464,1.1927630277290762,1.145431206330289,1.1927630277290762,2334000
2021-03-19,1.18329656124115,1.1927629247032427,1.1548974708548712,1.1548974708548712,3991000
2021-03-22,1.18329656124115,1.1927629247032427,1.164363834316964,1.164363834316964,1106000
2021-03-23,1.1548975706100464,1.1927630277290762,1.126498477770774,1.1927630277290762,829000
2021-03-24,1.1454312801361084,1.1454312801361084,1.1170320726189706,1.1359649152463862,6767000
2021-03-25,1.1454312801361084,1.164364009915553,1.1170320726189706,1.1548976450258308,3209000
2021-03-26,1.1454312801361084,1.1548976450258308,1.1170320726189706,1.1359649152463862,3680540
2021-03-29,1.1548975706100464,1.1643639348898038,1.145431206330289,1.1548975706100464,2373000
2021-03-30,1.1927632093429565,1.1927632093429565,1.154897746458412,1.1738304779006843,2463000
2021-03-31,1.1927632093429565,1.2116959407852286,1.1832968436218203,1.1832968436218203,3070000
2021-04-01,1.2306286096572876,1.2590278182247443,1.1927631486979788,1.1927631486979788,4088000
2021-04-07,1.2400949001312256,1.2779604716555768,1.2400949001312256,1.2684941069864812,2453000
2021-04-08,1.2495615482330322,1.2684942801558385,1.2211623375008391,1.2684942801558385,2111000
2021-04-09,1.22116219997406,1.2590277724032513,1.22116219997406,1.2590277724032513,1522000
2021-04-12,1.202229619026184,1.221162351160772,1.19276325295889,1.221162351160772,1138000
2021-04-13,1.2116957902908325,1.230628519381632,1.2116957902908325,1.2116957902908325,874000
2021-04-14,1.202229619026184,1.230628717228066,1.202229619026184,1.202229619026184,418000
2021-04-15,1.2116957902908325,1.2211621548362321,1.202229425745433,1.202229425745433,394000
2021-04-16,1.202229619026184,1.202229619026184,1.19276325295889,1.202229619026184,546000
2021-04-19,1.18329656124115,1.2022292881653356,1.18329656124115,1.2022292881653356,1075000
2021-04-20,1.18329656124115,1.1927629247032427,1.173830197779057,1.18329656124115,1249000
2021-04-21,1.173830509185791,1.183296875159226,1.164364143212356,1.173830509185791,1163000
2021-04-22,1.18329656124115,1.18329656124115,1.1548974708548712,1.164363834316964,729000
2021-04-23,1.1927632093429565,1.1927632093429565,1.1738304779006843,1.1738304779006843,584000
2021-04-26,1.173830509185791,1.1927632411326612,1.173830509185791,1.173830509185791,347000
2021-04-27,1.202229619026184,1.202229619026184,1.1643641547570083,1.1832968868915963,1550000
2021-04-28,1.1927632093429565,1.2116959407852286,1.1832968436218203,1.2022295750640926,354000
2021-04-29,1.202229619026184,1.211695985093478,1.19276325295889,1.19276325295889,552000
2021-04-30,1.2306286096572876,1.2400949748971148,1.202229513937806,1.2116958791776333,3760000
2021-05-03,1.2779605388641357,1.3347587298657544,1.2306286001814795,1.2306286001814795,4865000
2021-05-04,1.2779605388641357,1.306359634364945,1.2779605388641357,1.2874269040310722,874000
2021-05-05,1.2779605388641357,1.325292364698818,1.2684941736971993,1.2779605388641357,1368000
2021-05-06,1.2874269485473633,1.2968933140416252,1.2684942175588398,1.2779605830531016,274000
2021-05-07,1.2779605388641357,1.306359634364945,1.2779605388641357,1.2874269040310722,1560000
2021-05-10,1.2779605388641357,1.306359634364945,1.2779605388641357,1.2779605388641357,1303000
2021-05-11,1.2684943675994873,1.3063598340553553,1.2495616343715532,1.3063598340553553,2292000
2021-05-12,1.2874269485473633,1.2874269485473633,1.2684942175588398,1.2779605830531016,978000
2021-05-13,1.2495615482330322,1.2874270120786446,1.2495615482330322,1.2874270120786446,185000
2021-05-14,1.2116957902908325,1.259027725865798,1.202229425745433,1.259027725865798,1927000
2021-05-17,1.154450535774231,1.2403186728459556,1.1353687275360698,1.2307777687268753,4534000
2021-05-18,1.1449096202850342,1.2116959484553418,1.1449096202850342,1.1449096202850342,4001000
2021-05-20,1.1449096202850342,1.1830732363823528,1.1353687162607045,1.1449096202850342,2170000
2021-05-21,1.154450535774231,1.1830732481314725,1.154450535774231,1.1639914398933113,634000
2021-05-24,1.154450535774231,1.173532344012392,1.154450535774231,1.173532344012392,437000
2021-05-25,1.154450535774231,1.173532344012392,1.1449096316551504,1.1449096316551504,879000
2021-05-26,1.154450535774231,1.173532344012392,1.1449096316551504,1.1639914398933113,494000
2021-05-27,1.154450535774231,1.173532344012392,1.1449096316551504,1.154450535774231,868000
2021-05-28,1.1449096202850342,1.1735323323580231,1.1449096202850342,1.1735323323580231,792000
2021-05-31,1.1449096202850342,1.1639914283336934,1.1449096202850342,1.1449096202850342,390000
2021-06-01,1.1353687047958374,1.15445051265181,1.1258276871313047,1.1449096087238237,843600
2021-06-02,1.163991093635559,1.163991093635559,1.1258273747754242,1.1353683897928442,1827000
2021-06-03,1.163991093635559,1.1735319949164642,1.1544501923546542,1.1735319949164642,512000
2021-06-04,1.1449096202850342,1.1735323323580231,1.1449096202850342,1.1735323323580231,348000
2021-06-07,1.154450535774231,1.173532344012392,1.1353687275360698,1.173532344012392,241000
2021-06-08,1.163991093635559,1.1735319949164642,1.144909291073749,1.1735319949164642,520000
2021-06-09,1.154450535774231,1.1830732481314725,1.154450535774231,1.1830732481314725,241000
2021-06-10,1.154450535774231,1.173532344012392,1.154450535774231,1.154450535774231,360000
2021-06-11,1.163991093635559,1.163991093635559,1.1544501923546542,1.163991093635559,214000
2021-06-15,1.163991093635559,1.1735319949164642,1.144909291073749,1.1735319949164642,508000
2021-06-16,1.1449096202850342,1.1830732363823528,1.1449096202850342,1.1830732363823528,522000
2021-06-17,1.1449096202850342,1.1639914283336934,1.1449096202850342,1.1639914283336934,103000
2021-06-18,1.154450535774231,1.154450535774231,1.1258277096804408,1.1449096316551504,424000
2021-06-21,1.1449096202850342,1.154450524309364,1.1258276984998272,1.1353687162607045,281000
2021-06-22,1.163991093635559,1.1735319949164642,1.1544501923546542,1.1735319949164642,1463000
2021-06-23,1.1830732822418213,1.192614186635985,1.163991473453494,1.192614186635985,1399000
2021-06-24,1.1735321283340454,1.192613933065245,1.1735321283340454,1.183073030699645,63000
2021-06-25,1.1735321283340454,1.183073030699645,1.1639912259684457,1.1735321283340454,895000
2021-06-28,1.1830732822418213,1.1830732822418213,1.163991473453494,1.1735323778476576,279000
2021-06-29,1.1830732822418213,1.2021550910301488,1.163991473453494,1.163991473453494,893000
2021-06-30,1.1830732822418213,1.192614186635985,1.1735323778476576,1.1735323778476576,698000
2021-07-02,1.163991093635559,1.1735319949164642,1.1353683897928442,1.1735319949164642,708000
2021-07-05,1.163991093635559,1.1735319949164642,1.1544501923546542,1.163991093635559,520000
2021-07-06,1.163991093635559,1.183072896197369,1.163991093635559,1.1735319949164642,148000
2021-07-07,1.163991093635559,1.1735319949164642,1.0876637696518041,1.1544501923546542,1953000
2021-07-08,1.106745719909668,1.1544503464169265,1.0972048173555224,1.1449094438627807,645000
2021-07-09,1.0972049236297607,1.1353686512793761,1.0972049236297607,1.1067458271080293,736000
2021-07-12,1.106745719909668,1.1449094438627807,1.0972048173555224,1.106745719909668,914000
2021-07-13,1.106745719909668,1.1449094438627807,1.0972048173555224,1.0972048173555224,1983000
2021-07-14,1.1258275508880615,1.1449094701713614,1.1067457453412943,1.1067457453412943,743000
2021-07-15,1.1162866353988647,1.1258275380635663,1.1067457327341632,1.1258275380635663,333000
2021-07-16,1.1353687047958374,1.15445051265181,1.1258276871313047,1.1258276871313047,1176000
2021-07-19,1.1162866353988647,1.1449094571295007,1.1162866353988647,1.1449094571295007,448000
2021-07-20,1.1258275508880615,1.1258275508880615,1.0972048425679106,1.1162866481146778,567000
2021-07-21,1.1162866353988647,1.1258275380635663,1.1067457327341632,1.1258275380635663,234000
2021-07-22,1.1258275508880615,1.1258275508880615,1.1162866481146778,1.1258275508880615,141000
2021-07-23,1.1162866353988647,1.1353685544647991,1.1162866353988647,1.1353685544647991,380000
2021-07-26,1.0781229734420776,1.1162865822850279,1.06858207123134,1.1162865822850279,454000
2021-07-27,1.0495003461837769,1.0876639579130483,1.039959443251459,1.0781230549807306,1041000
2021-07-28,1.0876638889312744,1.0972047912584897,1.0399593772951987,1.0495002796224138,480000
2021-07-29,1.0972049236297607,1.0972049236297607,1.0685822131949547,1.087664020151492,535000
2021-07-30,1.0590413808822632,1.087664093240461,1.049500476762864,1.087664093240461,24000
2021-08-02,1.0590413808822632,1.0781231891210619,1.0590413808822632,1.0685822850016624,673000
2021-08-03,1.0590413808822632,1.087664093240461,1.0304186685240653,1.087664093240461,511000
2021-08-04,1.0685821771621704,1.0685821771621704,1.0685821771621704,1.0685821771621704,336000
2021-08-05,1.0399595499038696,1.0685822616362077,1.0399595499038696,1.0685822616362077,595000
2021-08-06,1.0495003461837769,1.0495003461837769,1.030418540319141,1.039959443251459,544000
2021-08-09,1.106745719909668,1.1258275250179595,1.0685821096930854,1.0972048173555224,2138000
2021-08-10,1.106745719909668,1.135368541308635,1.106745719909668,1.106745719909668,1261000
2021-08-11,1.1162866353988647,1.1258275380635663,1.08766392740476,1.1067457327341632,1307000
2021-08-12,1.1258275508880615,1.1258275508880615,1.1067457453412943,1.1162866481146778,787000
2021-08-13,1.1353687047958374,1.1353687047958374,1.106745879275332,1.106745879275332,547000
2021-08-16,1.1449096202850342,1.2212368524796715,1.1162867944754977,1.1353687162607045,4574000
2021-08-17,1.1353687047958374,1.2021550322917416,1.1353687047958374,1.1735323205077828,3248000
2021-08-18,1.1353687047958374,1.1449096087238237,1.1258276871313047,1.1353687047958374,592000
2021-08-19,1.1258275508880615,1.154450372944745,1.1162866481146778,1.1258275508880615,919000
2021-08-20,1.1162866353988647,1.1353685544647991,1.0972048300694617,1.1258275380635663,1115000
2021-08-23,1.1258275508880615,1.1449094701713614,1.1067457453412943,1.1162866481146778,1278000
2021-08-24,1.1353687047958374,1.1449096087238237,1.1162867832033183,1.1162867832033183,474000
2021-08-25,1.1258275508880615,1.1258275508880615,1.1067457453412943,1.1258275508880615,469000
2021-08-26,1.154450535774231,1.154450535774231,1.1162868055613602,1.1162868055613602,654000
2021-08-27,1.1353687047958374,1.1639914165797964,1.1353687047958374,1.1353687047958374,738000
2021-08-30,1.1689023971557617,1.1689023971557617,1.1305776516281492,1.1401589236723604,491000
2021-08-31,1.1305779218673706,1.1593215164376924,1.1305779218673706,1.1593215164376924,280000
2021-09-01,1.1689023971557617,1.1689023971557617,1.1497400815001608,1.1497400815001608,819000
2021-09-02,1.1880650520324707,1.2072273731593746,1.159321570342115,1.159321570342115,799000
2021-09-03,1.2455519437789917,1.2934578580575293,1.1497403436547897,1.1880649837044706,4156000
2021-09-06,1.2742955684661865,1.2838767287074297,1.235970813284774,1.2647144082249433,2356000
2021-09-07,1.2455519437789917,1.274295538032689,1.2359707837665714,1.274295538032689,643000
2021-09-08,1.2359708547592163,1.2551331758847168,1.2168085336337158,1.2455520153219666,604000
2021-09-09,1.2359708547592163,1.2359708547592163,1.2072273730709655,1.2168085336337158,1335000
2021-09-10,1.2551332712173462,1.2551332712173462,1.2168086260554278,1.2263897873459073,488000
2021-09-13,1.2934578657150269,1.3222013459224538,1.2647143855075997,1.2647143855075997,2906000
2021-09-14,1.3126201629638672,1.4275941960050977,1.2934578431597348,1.3317824827679998,6455000
2021-09-15,1.2934578657150269,1.3413636660607384,1.2647143855075997,1.3222013459224538,1761000
2021-09-16,1.2455519437789917,1.2934578580575293,1.2168084637417311,1.2934578580575293,1643000
2021-09-17,1.2359708547592163,1.2742956112266608,1.226389694196466,1.2455520153219666,1131000
2021-09-20,1.1784838438034058,1.2168084845071137,1.149740363275625,1.2168084845071137,853000
2021-09-21,1.2359708547592163,1.2359708547592163,1.1497404096944641,1.1784838913827147,1240000
2021-09-23,1.2934578657150269,1.3126201858533115,1.2455519511528776,1.2455519511528776,2844000
2021-09-24,1.2455519437789917,1.3030390180699496,1.2263896237541514,1.3030390180699496,2399000
2021-09-27,1.2359708547592163,1.322201414040412,1.226389694196466,1.2455520153219666,1231000
2021-09-28,1.2455519437789917,1.255133103791412,1.2263896237541514,1.255133103791412,1527000
2021-09-29,1.207227349281311,1.2455519907770856,1.207227349281311,1.235970830403142,1322000
2021-09-30,1.216808557510376,1.2263897182611312,1.1976462360088653,1.2072273967596205,605000
2021-10-04,1.2263896465301514,1.2359708067205089,1.197646165959079,1.197646165959079,381000
2021-10-05,1.2742955684661865,1.2838767287074297,1.2072273325610443,1.2168084928022875,2781000
2021-10-06,1.5808929204940796,1.5808929204940796,1.2647144049251273,1.2838767253576167,31211650
2021-10-07,1.715029239654541,1.8204221139093504,1.504243605361359,1.5904740453927548,48034000
2021-10-08,1.6096364259719849,1.801259861685611,1.4755000666590228,1.7341916249209097,21414000
2021-10-11,1.465918779373169,1.676704517564671,1.4371753007697181,1.6383798794267366,23313000
2021-10-12,1.398850917816162,1.5329872899850958,1.322201513341149,1.456337885510083,17511000
2021-10-15,1.3509448766708374,1.40843195345281,1.3317825558156604,1.3701071975260144,8327000
2021-10-18,1.3509448766708374,1.389269632597633,1.2838767536777178,1.3701071975260144,6574000
2021-10-19,1.398850917816162,1.4371755629454426,1.3317826746234693,1.3413638359057896,6914000
2021-10-20,1.3509448766708374,1.4180131138803986,1.3317825558156604,1.3988507930252216,7723000
2021-10-21,1.341363787651062,1.3605261095263497,1.331782626713418,1.341363787651062,3146000
2021-10-22,1.3126201629638672,1.3605259624741985,1.3030390030618009,1.3317824827679998,3230000
2021-10-25,1.331782579421997,1.3509449006168333,1.3126202582271609,1.331782579421997,3485000
2021-10-26,1.3030390739440918,1.341363715637128,1.2934579135208328,1.32220139479061,2987000
2021-10-27,1.283876657485962,1.3126201366151828,1.2742954977762218,1.3126201366151828,1749000
2021-10-28,1.2742955684661865,1.3030390491899162,1.2647144082249433,1.2838767287074297,1352000
2021-10-29,1.2742955684661865,1.293457888948673,1.2647144082249433,1.2742955684661865,1129000
2021-11-01,1.283876657485962,1.3030389769054425,1.255133064140308,1.283876657485962,1372000
2021-11-02,1.2455519437789917,1.2934578580575293,1.2359707837665714,1.283876698045109,1815000
2021-11-03,1.2455519437789917,1.255133103791412,1.2359707837665714,1.2455519437789917,733000
2021-11-04,1.2742955684661865,1.2742955684661865,1.2455519735260172,1.2455519735260172,1196000
2021-11-05,1.2359708547592163,1.2742956112266608,1.2359708547592163,1.2647144506639105,1370000
2021-11-08,1.2551332712173462,1.2647145467242777,1.2263897873459073,1.2263897873459073,671000
2021-11-09,1.2647143602371216,1.2934578398702201,1.255133086142987,1.2838766799925205,1791000
2021-11-10,1.2551332712173462,1.2551332712173462,1.235970948636387,1.2551332712173462,1064000
2021-11-11,1.2647143602371216,1.2647143602371216,1.2359707663875878,1.255133086142987,2523000
2021-11-12,1.2551332712173462,1.2647145467242777,1.235970948636387,1.2647145467242777,454000
2021-11-15,1.2551332712173462,1.2551332712173462,1.235970948636387,1.2551332712173462,900000
2021-11-16,1.2742955684661865,1.2838767287074297,1.2455519735260172,1.2455519735260172,1115000
2021-11-17,1.2934578657150269,1.2934578657150269,1.25513311122202,1.2647143855075997,878000
2021-11-18,1.2934578657150269,1.2934578657150269,1.2742955455767422,1.2934578657150269,1650000
2021-11-19,1.2742955684661865,1.293457888948673,1.2742955684661865,1.2838767287074297,349000
2021-11-22,1.2742955684661865,1.293457888948673,1.2647144082249433,1.2838767287074297,746000
2021-11-23,1.2551332712173462,1.2647145467242777,1.2455521099268665,1.2647145467242777,1048000
2021-11-24,1.2551332712173462,1.2551332712173462,1.2263897873459073,1.2551332712173462,1303000
2021-11-25,1.2742955684661865,1.2742955684661865,1.2455519735260172,1.2455519735260172,809000
2021-11-26,1.2551332712173462,1.2742957080147572,1.2455521099268665,1.2742957080147572,2510000
2021-11-29,1.2742955684661865,1.2742955684661865,1.2168084928022875,1.235970813284774,1432000
2021-11-30,1.2551332712173462,1.2742957080147572,1.2455521099268665,1.2455521099268665,1419000
2021-12-01,1.2647143602371216,1.2742955201148212,1.2455519262652874,1.255133086142987,849000
2021-12-02,1.3605257272720337,1.389269316225593,1.2551328723527584,1.274295303060603,9781000
2021-12-03,1.3222013711929321,1.3796884469229411,1.3030390506884089,1.3796884469229411,2671000
2021-12-06,1.2647143602371216,1.3222013195033187,1.2647143602371216,1.2838766799925205,2011000
2021-12-07,1.3030390739440918,1.312620234367351,1.2742955926743147,1.2838767530975737,679000
2021-12-08,1.3030390739440918,1.312620234367351,1.2838767530975737,1.3030390739440918,638000
2021-12-09,1.3126201629638672,1.3317824827679998,1.2934578431597348,1.3030390030618009,1294000
2021-12-10,1.331782579421997,1.3605260612142513,1.322201418824579,1.331782579421997,2114000
2021-12-13,1.341363787651062,1.389269706555729,1.3030391439004867,1.341363787651062,4374000
2021-12-14,1.3892695903778076,1.4084319106506429,1.331782515342864,1.3413636754792815,6101000
2021-12-15,1.3701070547103882,1.398850647213454,1.3605258952815094,1.3892694877845755,2613000
2021-12-16,1.4467564821243286,1.4754999611612916,1.3509447711180194,1.3509447711180194,7438000
2021-12-17,1.4084317684173584,1.4659187234304294,1.3988506092485131,1.4659187234304294,3252000
2021-12-20,1.3605257272720337,1.427593949208451,1.3605257272720337,1.4084316327170219,3357000
2021-12-21,1.3701070547103882,1.408431806642333,1.3509447358526308,1.3509447358526308,1983000
2021-12-22,1.3701070547103882,1.4180129660712117,1.3509447358526308,1.3796883283556967,2448000
2021-12-23,1.4467564821243286,1.465918801482304,1.3701070904759947,1.379688364371415,4063000
2021-12-24,1.4371755123138428,1.4467566732586192,1.4275943513690663,1.4371755123138428,856000
2021-12-28,1.4084317684173584,1.4371752459238938,1.3988506092485131,1.4371752459238938,1104000
2021-12-29,1.418013095855713,1.4371754164673132,1.4084319355499126,1.4084319355499126,927000
2021-12-30,1.4084317684173584,1.4180129275862035,1.3988506092485131,1.4180129275862035,308000
2021-12-31,1.4371755123138428,1.4563378342033957,1.4180131904242899,1.4180131904242899,1115000
2022-01-03,1.5713118314743042,1.5904741527750423,1.437175468152693,1.437175468152693,9138000
2022-01-04,1.532987117767334,1.6000552392090552,1.4946623627270543,1.5521494381792544,3816000
2022-01-05,1.4754999876022339,1.5329870609227603,1.4754999876022339,1.5329870609227603,2216000
2022-01-06,1.4946624040603638,1.504243678747723,1.4467566017057787,1.4755000831185296,3359000
2022-01-07,1.4563376903533936,1.5042436045618088,1.4467565303549976,1.5042436045618088,2483000
2022-01-10,1.418013095855713,1.475500057690514,1.4084319355499126,1.465918897384714,2388000
2022-01-11,1.4467564821243286,1.4563376418033163,1.4275941627663533,1.4467564821243286,1454000
2022-01-12,1.418013095855713,1.4563377370789137,1.3988507752441124,1.4467565767731134,3392000
2022-01-13,1.3892695903778076,1.4180130707870604,1.3701071558885343,1.4180130707870604,1649000
2022-01-14,1.3701070547103882,1.3796883283556967,1.3605258952815094,1.3796883283556967,1574000
2022-01-17,1.3701070547103882,1.3796883283556967,1.3509447358526308,1.3605258952815094,599000
2022-01-18,1.4084317684173584,1.4275940867550487,1.389269450079668,1.389269450079668,1542000
2022-01-19,1.3796885013580322,1.4180131438791628,1.3701072265113055,1.3988508226185976,2466000
2022-01-20,1.3892695903778076,1.3988507505142251,1.37968843024139,1.3892695903778076,573000
2022-01-21,1.3892695903778076,1.4084319106506429,1.37968843024139,1.4084319106506429,834000
2022-01-24,1.3892695903778076,1.4084319106506429,1.3892695903778076,1.3892695903778076,1191000
2022-01-25,1.3605257272720337,1.389269316225593,1.3413634107806047,1.3796881579798783,1228000
2022-01-26,1.3605257272720337,1.389269316225593,1.350944569026319,1.3701068855177483,1623000
2022-01-27,1.341363787651062,1.3605261095263497,1.3222014657757744,1.3509449485887057,1267000
2022-01-28,1.3509448766708374,1.3509448766708374,1.3126202349604834,1.3317825558156604,1522000
2022-01-31,1.3605257272720337,1.3605257272720337,1.3605257272720337,1.3605257272720337,0
2022-02-04,1.3892695903778076,1.3892695903778076,1.3701071558885343,1.3701071558885343,1146000
2022-02-07,1.4084317684173584,1.4180129275862035,1.389269450079668,1.4084317684173584,1875000
2022-02-08,1.4084317684173584,1.4275940867550487,1.389269450079668,1.4275940867550487,1360000
2022-02-09,1.4371755123138428,1.4371755123138428,1.4084320294795134,1.4084320294795134,1273000
2022-02-10,1.4275941848754883,1.4467565045302302,1.4180130250481173,1.4467565045302302,1364000
2022-02-11,1.4084317684173584,1.4371752459238938,1.360525858356706,1.4371752459238938,1827000
2022-02-14,1.3796885013580322,1.3988508226185976,1.3701072265113055,1.389269661988315,546000
2022-02-15,1.3796885013580322,1.389269661988315,1.3701072265113055,1.389269661988315,330000
2022-02-16,1.3796885013580322,1.3988508226185976,1.3701072265113055,1.3796885013580322,713000
2022-02-17,1.3796885013580322,1.389269661988315,1.3701072265113055,1.3701072265113055,1436000
2022-02-18,1.3796885013580322,1.3988508226185976,1.3701072265113055,1.389269661988315,641000
2022-02-21,1.398850917816162,1.4275944016631226,1.3701073197527498,1.3701073197527498,782000
2022-02-22,1.3796885013580322,1.3988508226185976,1.3605260658810228,1.3988508226185976,1654000
2022-02-23,1.3892695903778076,1.3892695903778076,1.3509448356156992,1.3892695903778076,608000
2022-02-24,1.331782579421997,1.3796884966255312,1.2742956158374883,1.3796884966255312,2036000
2022-02-25,1.341363787651062,1.3605261095263497,1.3222014657757744,1.3222014657757744,2660000
2022-02-28,1.3030390739440918,1.331782555213869,1.2934579135208328,1.312620234367351,1451000
2022-03-01,1.3222013711929321,1.3222013711929321,1.2934578904361473,1.2934578904361473,550000
2022-03-02,1.2934578657150269,1.3126201858533115,1.2838767056458844,1.3126201858533115,1726000
2022-03-03,1.3126201629638672,1.3126201629638672,1.2838766832576685,1.3030390030618009,589000
2022-03-04,1.3030390739440918,1.3030390739440918,1.2742955926743147,1.3030390739440918,1201000
2022-03-07,1.2647143602371216,1.2742955201148212,1.2455519262652874,1.2742955201148212,1438752
2022-03-08,1.2263896465301514,1.2647144015080203,1.2168084863397939,1.2647144015080203,3706000
2022-03-09,1.2359708547592163,1.2455520153219666,1.1976462125082152,1.226389694196466,1832000
2022-03-10,1.2551332712173462,1.2647145467242777,1.2455521099268665,1.2551332712173462,376000
2022-03-11,1.2263896465301514,1.255133127101224,1.2072273261494364,1.2263896465301514,974000
2022-03-14,1.1689023971557617,1.2263893441225644,1.1497400815001608,1.2072270284669635,3433000
2022-03-15,1.0922532081604004,1.1689025981812187,1.082672048684852,1.140159119754573,4373000
2022-03-16,1.1784838438034058,1.1784838438034058,1.1018344481795512,1.1209967685314053,3008000
2022-03-17,1.2263896465301514,1.2455519669108663,1.197646165959079,1.197646165959079,1638000
2022-03-18,1.2263896465301514,1.2359708067205089,1.2168084863397939,1.2359708067205089,482000
2022-03-21,1.207227349281311,1.2455519907770856,1.1976461889073673,1.2263896700291983,1207382
2022-03-22,1.207227349281311,1.2263896700291983,1.207227349281311,1.207227349281311,492000
2022-03-23,1.2455519437789917,1.2455519437789917,1.1976461437168908,1.2072273037293109,1299000
2022-03-24,1.2263896465301514,1.2455519669108663,1.2263896465301514,1.2455519669108663,405000
2022-03-25,1.1976460218429565,1.2263894989552455,1.1976460218429565,1.2263894989552455,750000
2022-03-28,1.216808557510376,1.216808557510376,1.1880650752581101,1.1976462360088653,1399000
2022-03-29,1.1880650520324707,1.1976462125959226,1.1784838914690188,1.1976462125959226,1970500
2022-03-30,1.1880650520324707,1.1976462125959226,1.1689027309055668,1.1976462125959226,2905000
2022-03-31,1.1784838438034058,1.2072273243311868,1.159321523451552,1.1880650039793328,1835000
2022-04-01,1.1784838438034058,1.1880650039793328,1.1689026836274787,1.1689026836274787,1005000
2022-04-04,1.207227349281311,1.2263896700291983,1.17848386815948,1.1880650285334238,3255000
2022-04-06,1.1976460218429565,1.2168083399178158,1.188064862805527,1.2072271808803863,802000
2022-04-07,1.1880650520324707,1.2168085337228265,1.1880650520324707,1.1976462125959226,339000
2022-04-08,1.1880650520324707,1.2168085337228265,1.1784838914690188,1.1880650520324707,612000
2022-04-11,1.1689023971557617,1.1880647128113626,1.1497400815001608,1.1880647128113626,2097000
2022-04-12,1.1689023971557617,1.1880647128113626,1.1593212393279613,1.1689023971557617,376000
2022-04-13,1.14974045753479,1.1689027794576285,1.14974045753479,1.14974045753479,2080000
2022-04-14,1.1784838438034058,1.1784838438034058,1.149740363275625,1.159321523451552,1419000
2022-04-19,1.1593215465545654,1.1880650276551479,1.1593215465545654,1.1784838672882871,1054000
2022-04-20,1.14974045753479,1.1689027794576285,1.14974045753479,1.1689027794576285,1119000
2022-04-21,1.1689023971557617,1.1784835549835622,1.1497400815001608,1.1689023971557617,943000
2022-04-22,1.1689023971557617,1.1689023971557617,1.1497400815001608,1.1689023971557617,768000
2022-04-25,1.14974045753479,1.1593216184962092,1.1209968604340843,1.14974045753479,1369000
2022-04-26,1.14974045753479,1.1689027794576285,1.1401592965733707,1.14974045753479,422000
2022-04-27,1.1689023971557617,1.1689023971557617,1.1305776516281492,1.1593212393279613,433000
2022-04-28,1.1593215465545654,1.1880650276551479,1.1593215465545654,1.1689027069214262,261000
2022-04-29,1.1784838438034058,1.1880650039793328,1.149740363275625,1.1784838438034058,298000
2022-05-03,1.1976460218429565,1.1976460218429565,1.1784837037680973,1.1784837037680973,86000
2022-05-04,1.1976460218429565,1.1976460218429565,1.188064862805527,1.1976460218429565,597000
2022-05-05,1.1689023971557617,1.197645870639163,1.1689023971557617,1.197645870639163,88000
2022-05-06,1.14974045753479,1.1689027794576285,1.14974045753479,1.1593216184962092,387000
2022-05-10,1.14974045753479,1.1593216184962092,1.1305780213955035,1.1401592965733707,238000
2022-05-11,1.14974045753479,1.1593216184962092,1.1401592965733707,1.14974045753479,259000
2022-05-12,1.140159249305725,1.1497404098699378,1.1114156533966442,1.1305779745250693,1260000
2022-05-13,1.140159249305725,1.140159249305725,1.1305779745250693,1.140159249305725,471000
2022-05-16,1.14974045753479,1.1689027794576285,1.14974045753479,1.1689027794576285,351000
2022-05-17,1.1689023971557617,1.1784835549835622,1.1593212393279613,1.1784835549835622,332000
2022-05-18,1.1882233619689941,1.1882233619689941,1.178563018795293,1.178563018795293,131000
2022-05-19,1.1395256519317627,1.1590048211470678,1.1297861253762675,1.1492651784872578,410000
2022-05-20,1.149265170097351,1.1590048126860595,1.149265170097351,1.149265170097351,70000
2022-05-23,1.1784838438034058,1.1784838438034058,1.1590047911957977,1.1590047911957977,365000
2022-05-24,1.149265170097351,1.1687443391704537,1.149265170097351,1.149265170097351,70000
2022-05-25,1.1297861337661743,1.149265187021818,1.1200466071383526,1.139525660393996,763000
2022-05-26,1.1200464963912964,1.139525547720906,1.1200464963912964,1.1297860220561013,290000
2022-05-27,1.1395256519317627,1.1590048211470678,1.1297861253762675,1.1492651784872578,945000
2022-05-30,1.1590046882629395,1.1687442137017623,1.139525521280992,1.139525521280992,305000
2022-05-31,1.1687443256378174,1.1784838520094398,1.159004799266195,1.159004799266195,570000
2022-06-01,1.1784838438034058,1.1882233701072098,1.1687443174996017,1.1687443174996017,488000
2022-06-02,1.1687443256378174,1.1882233783810623,1.1687443256378174,1.1784838520094398,202000
2022-06-06,1.1784838438034058,1.1979628964110138,1.1784838438034058,1.1784838438034058,221000
2022-06-07,1.1687443256378174,1.1979629047526847,1.1687443256378174,1.1784838520094398,152000
2022-06-08,1.1784838438034058,1.1882233701072098,1.1687443174996017,1.1882233701072098,192028
2022-06-09,1.1784838438034058,1.1882233701072098,1.1784838438034058,1.1882233701072098,1134000
2022-06-10,1.1784838438034058,1.1882233701072098,1.1687443174996017,1.1784838438034058,962000
2022-06-13,1.1784838438034058,1.1882233701072098,1.1687443174996017,1.1784838438034058,667000
2022-06-14,1.1590046882629395,1.1687442137017623,1.139525521280992,1.1687442137017623,367000
2022-06-15,1.1784838438034058,1.1882233701072098,1.1492651487876817,1.1590047911957977,559000
2022-06-16,1.1590046882629395,1.1687442137017623,1.1590046882629395,1.1687442137017623,155000
2022-06-17,1.1687443256378174,1.1687443256378174,1.159004799266195,1.1687443256378174,178000
2022-06-20,1.1590046882629395,1.1687442137017623,1.1590046882629395,1.1687442137017623,478000
2022-06-21,1.1784838438034058,1.1784838438034058,1.1590047911957977,1.1590047911957977,708000
2022-06-22,1.1590046882629395,1.1784837391405851,1.1590046882629395,1.1687442137017623,285000
2022-06-23,1.1784838438034058,1.1784838438034058,1.1590047911957977,1.1687443174996017,347000
2022-06-24,1.1687443256378174,1.1784838520094398,1.1687443256378174,1.1687443256378174,342000
2022-06-27,1.1687443256378174,1.1784838520094398,1.1687443256378174,1.1687443256378174,555000
2022-06-28,1.1687443256378174,1.1882233783810623,1.1687443256378174,1.1687443256378174,565000
2022-06-29,1.1687443256378174,1.1784838520094398,1.1687443256378174,1.1687443256378174,275000
2022-06-30,1.1784838438034058,1.1784838438034058,1.1687443174996017,1.1687443174996017,83000
2022-07-04,1.1590046882629395,1.1784837391405851,1.1590046882629395,1.1784837391405851,287000
2022-07-05,1.1590046882629395,1.1687442137017623,1.1590046882629395,1.1590046882629395,214000
2022-07-06,1.149265170097351,1.1590048126860595,1.1297861171285626,1.1590048126860595,568000
2022-07-07,1.149265170097351,1.1590048126860595,1.149265170097351,1.1590048126860595,137000
2022-07-08,1.1590046882629395,1.1687442137017623,1.1492650467198149,1.1492650467198149,185000
2022-07-11,1.1590046882629395,1.1590046882629395,1.139525521280992,1.1492650467198149,212000
2022-07-12,1.1395256519317627,1.1590048211470678,1.1395256519317627,1.1590048211470678,85000
2022-07-13,1.1395256519317627,1.1492651784872578,1.1395256519317627,1.1492651784872578,337000
2022-07-14,1.1200464963912964,1.139525547720906,1.1200464963912964,1.139525547720906,984000
2022-07-15,1.1005674600601196,1.120046511655188,1.1005674600601196,1.120046511655188,1367000
2022-07-18,1.1200464963912964,1.1200464963912964,1.090827919396882,1.090827919396882,358000
2022-07-19,1.1200464963912964,1.1200464963912964,1.1200464963912964,1.1200464963912964,0
2022-07-20,1.1200464963912964,1.1297860220561013,1.1200464963912964,1.1200464963912964,300000
2022-07-21,1.1200464963912964,1.139525547720906,1.1200464963912964,1.139525547720906,26000
2022-07-22,1.1395256519317627,1.1395256519317627,1.1200465988207724,1.1395256519317627,68000
2022-07-25,1.1200464963912964,1.1297860220561013,1.1103069707264916,1.1200464963912964,200000
2022-07-26,1.1297861337661743,1.139525660393996,1.1200466071383526,1.1297861337661743,160000
2022-07-27,1.1297861337661743,1.1297861337661743,1.1200466071383526,1.1200466071383526,6000
2022-07-28,1.1297861337661743,1.1297861337661743,1.1200466071383526,1.1297861337661743,277000
2022-07-29,1.1200464963912964,1.1297860220561013,1.1200464963912964,1.1200464963912964,455000
2022-08-01,1.1103070974349976,1.1200466242112794,1.1103070974349976,1.1200466242112794,210000
2022-08-02,1.1103070974349976,1.1297861509875613,1.0908280438824336,1.1005675706587157,671000
2022-08-03,1.0908279418945312,1.1103069936258845,1.0908279418945312,1.1103069936258845,215000
2022-08-04,1.1103070974349976,1.1297861509875613,1.1005675706587157,1.1103070974349976,434000
2022-08-05,1.1200464963912964,1.1200464963912964,1.1103069707264916,1.1200464963912964,171000
2022-08-08,1.149265170097351,1.149265170097351,1.1200465906441683,1.1395256436129568,1308000
2022-08-09,1.1297861337661743,1.149265187021818,1.1200466071383526,1.149265187021818,55000
2022-08-10,1.1297861337661743,1.1297861337661743,1.1200466071383526,1.1297861337661743,367000
2022-08-11,1.1200464963912964,1.139525547720906,1.1200464963912964,1.1297860220561013,193000
2022-08-12,1.1200464963912964,1.1297860220561013,1.1200464963912964,1.1200464963912964,459000
2022-08-15,1.1297861337661743,1.139525660393996,1.1103070805105306,1.139525660393996,308000
2022-08-16,1.1297861337661743,1.1297861337661743,1.1200466071383526,1.1297861337661743,132000
2022-08-17,1.1297861337661743,1.1297861337661743,1.1200466071383526,1.1297861337661743,190000
2022-08-18,1.1297861337661743,1.1297861337661743,1.1200466071383526,1.1200466071383526,276000
2022-08-19,1.1200464963912964,1.1297860220561013,1.1005674450616867,1.1200464963912964,1891000
2022-08-22,1.1103070974349976,1.1200466242112794,1.1005675706587157,1.1103070974349976,863000
2022-08-23,1.0908279418945312,1.1103069936258845,1.0908279418945312,1.1103069936258845,950000
2022-08-24,1.0810884237289429,1.0908279496639894,1.0810884237289429,1.0908279496639894,811000
2022-08-25,1.0908279418945312,1.0908279418945312,1.0616093642975017,1.0810884160288547,866000
2022-08-26,1.0713489055633545,1.1005674835803885,1.0616093795576764,1.0908279575747104,740000
2022-08-29,1.0713489055633545,1.0810884315690326,1.0518698535519986,1.0713489055633545,1001000
2022-08-30,1.0908279418945312,1.0908279418945312,1.0713488901631782,1.0810884160288547,688000
2022-08-31,1.0663700103759766,1.0859364133255422,1.0565868089011938,1.0859364133255422,891000
2022-09-01,1.0565866231918335,1.0663698229470868,1.0565866231918335,1.0663698229470868,252000
2022-09-02,1.046803593635559,1.066369996327352,1.046803593635559,1.066369996327352,221000
2022-09-05,1.0565866231918335,1.0565866231918335,1.0370201070563863,1.0370201070563863,479000
2022-09-06,1.0565866231918335,1.0565866231918335,1.0370201070563863,1.0565866231918335,351000
2022-09-07,1.037020206451416,1.0468035237693092,1.037020206451416,1.0468035237693092,237000
2022-09-08,1.046803593635559,1.046803593635559,1.0272370743188066,1.0370202756647031,662000
2022-09-09,1.0565866231918335,1.0565866231918335,1.0370201070563863,1.04680342343658,474000
2022-09-13,1.046803593635559,1.066369996327352,1.046803593635559,1.066369996327352,817000
2022-09-14,1.046803593635559,1.0565867949814556,1.0370202756647031,1.046803593635559,376000
2022-09-15,1.0565866231918335,1.0663698229470868,1.04680342343658,1.0565866231918335,160000
2022-09-16,1.046803593635559,1.0565867949814556,1.0370202756647031,1.0565867949814556,329000
2022-09-19,1.046803593635559,1.0565867949814556,1.0370202756647031,1.0565867949814556,474000
2022-09-20,1.0859363079071045,1.0859363079071045,1.0370201886568144,1.0468035058068321,1024000
2022-09-21,1.046803593635559,1.0565867949814556,1.0370202756647031,1.046803593635559,604000
2022-09-22,1.037020206451416,1.0468035237693092,1.017453805065533,1.0468035237693092,1057088
2022-09-23,1.027237057685852,1.0370202588733395,1.0174538564983644,1.0370202588733395,515000
2022-09-26,0.9881042242050171,1.0272370278171115,0.9783210233019934,1.0272370278171115,1127000
2022-09-27,1.0076706409454346,1.0174538419934518,0.9685378367533651,0.9783210378013825,789000
2022-09-28,0.9587546586990356,0.9783210612643288,0.948971457416389,0.9783210612643288,744000
2022-09-29,0.9294049739837646,0.9783210375223792,0.9294049739837646,0.9685378364771519,1056000
2022-09-30,0.9587546586990356,0.9685378599816822,0.9294049965386165,0.9391881978212631,519000
2022-10-03,0.9587546586990356,0.997887463829622,0.9294049965386165,0.997887463829622,252000
2022-10-05,0.9587546586990356,0.9881042625469755,0.948971457416389,0.9587546586990356,1703000
2022-10-06,0.9294049739837646,0.9587546354319245,0.90983857189331,0.9587546354319245,1767324
2022-10-07,0.9196217656135559,0.929404966580858,0.9000553636789518,0.929404966580858,1381000
2022-10-10,0.8902721405029297,0.9196217426726809,0.8902721405029297,0.9196217426726809,1820000
2022-10-11,0.880488932132721,0.9000553930176005,0.880488932132721,0.8902721917314005,2002000
2022-10-12,0.8707057237625122,0.8804889249691168,0.8609225225559076,0.8804889249691168,2238000
2022-10-13,0.8707057237625122,0.8707057237625122,0.8609225225559076,0.8707057237625122,991000
2022-10-14,0.880488932132721,0.880488932132721,0.8707057308465209,0.880488932132721,2063600
2022-10-17,0.841356098651886,0.8804889024787326,0.8315728976951743,0.8804889024787326,1744800
2022-10-18,0.841356098651886,0.8609225005653093,0.841356098651886,0.8609225005653093,856000
2022-10-19,0.85113924741745,0.860922447774264,0.841356047060636,0.841356047060636,1362000
2022-10-20,0.8315728306770325,0.8609224311818237,0.8315728306770325,0.8315728306770325,405000
2022-10-21,0.841356098651886,0.841356098651886,0.8315728976951743,0.841356098651886,837000
2022-10-24,0.7826569080352783,0.8315729757210738,0.7728737061606158,0.8315729757210738,2671000
2022-10-25,0.812006413936615,0.8217896146098009,0.7826568119170573,0.8022232132634292,1736000
2022-10-26,0.812006413936615,0.812006413936615,0.8022232132634292,0.812006413936615,1156000
2022-10-27,0.8217896223068237,0.831572881384117,0.8120064215420066,0.8217896223068237,919000
2022-10-28,0.7924400568008423,0.8217896604578281,0.782656855581847,0.8217896604578281,991000
2022-10-31,0.7826569080352783,0.7924401099099408,0.7728737061606158,0.7826569080352783,475000
2022-11-01,0.812006413936615,0.812006413936615,0.7924400125902432,0.7924400125902432,726000
2022-11-02,0.8315728306770325,0.8315728306770325,0.8120063720280324,0.8120063720280324,546000
2022-11-03,0.8217896223068237,0.8217896223068237,0.8022232207771895,0.8022232207771895,584000
2022-11-04,0.8707057237625122,0.8804889249691168,0.8120064582104058,0.8120064582104058,885000
2022-11-07,0.8902721405029297,0.8902721405029297,0.8707056807439528,0.8707056807439528,1028000
2022-11-08,0.8707057237625122,0.8804889249691168,0.8707057237625122,0.8804889249691168,219000
2022-11-09,0.9000554084777832,0.9391882142947648,0.8707057458025667,0.8707057458025667,538000
2022-11-10,0.9000554084777832,0.9000554084777832,0.9000554084777832,0.9000554084777832,0
2022-11-11,0.9489714503288269,0.9489714503288269,0.919621788387611,0.92940498959719,1002000
2022-11-14,0.9587546586990356,0.9685378599816822,0.9294049965386165,0.948971457416389,1095000
2022-11-15,0.9587546586990356,0.9587546586990356,0.9391881978212631,0.948971457416389,532000
2022-11-16,0.9391881823539734,0.9587546429095101,0.9391881823539734,0.9587546429095101,98000
2022-11-17,0.9294049739837646,0.939188175028992,0.9294049739837646,0.939188175028992,573000
2022-11-18,0.9294049739837646,0.9489714343866972,0.9294049739837646,0.9294049739837646,165000
2022-11-21,0.9294049739837646,0.939188175028992,0.9294049739837646,0.9294049739837646,376000
2022-11-22,0.9294049739837646,0.9294049739837646,0.9294049739837646,0.9294049739837646,161000
2022-11-23,0.9587546586990356,0.9587546586990356,0.9196217952559699,0.9391881978212631,440000
2022-11-24,0.9685378670692444,0.9783210684234824,0.9587546657150063,0.9685378670692444,114000
2022-11-25,0.9685378670692444,0.9685378670692444,0.9489714643607683,0.9685378670692444,54000
2022-11-28,0.9489714503288269,0.9587546515384059,0.9489714503288269,0.9587546515384059,104000
2022-11-29,0.9685378670692444,0.9685378670692444,0.9587546657150063,0.9587546657150063,48000
2022-11-30,0.9783210754394531,0.9783210754394531,0.9587546725906577,0.9587546725906577,752000
2022-12-01,0.9881042242050171,0.9978874251080406,0.9881042242050171,0.9881042242050171,583000
2022-12-02,1.0174537897109985,1.0272369902563006,0.9881041880750928,0.9881041880750928,359000
2022-12-05,1.027237057685852,1.0370202588733395,0.9978874541233894,1.027237057685852,1116000
2022-12-06,1.037020206451416,1.0663699251551924,1.0272370057584745,1.0272370057584745,1846000
2022-12-07,1.0076706409454346,1.0468035617624598,1.0076706409454346,1.0468035617624598,738000
2022-12-08,1.0174537897109985,1.0272369902563006,0.9978873886203947,1.0174537897109985,452000
2022-12-09,1.037020206451416,1.037020206451416,1.017453805065533,1.0272370057584745,440000
2022-12-12,1.027237057685852,1.0370202588733395,1.0174538564983644,1.0370202588733395,322000
2022-12-13,1.027237057685852,1.0565867778732723,1.007670655310877,1.0370202588733395,257000
2022-12-14,1.037020206451416,1.037020206451416,1.017453805065533,1.037020206451416,131000
2022-12-15,1.046803593635559,1.046803593635559,1.0272370743188066,1.0272370743188066,257000
2022-12-16,1.037020206451416,1.0468035237693092,1.0272370057584745,1.0468035237693092,49000
2022-12-19,1.027237057685852,1.0370202588733395,1.027237057685852,1.0370202588733395,548000
2022-12-20,1.0174537897109985,1.0370201908016023,1.0076705891656967,1.0272369902563006,483000
2022-12-21,1.037020206451416,1.037020206451416,1.017453805065533,1.017453805065533,22000
2022-12-22,1.027237057685852,1.0370202588733395,1.0174538564983644,1.0370202588733395,194000
2022-12-23,1.027237057685852,1.0370202588733395,1.007670655310877,1.0370202588733395,171000
2022-12-28,1.046803593635559,1.066369996327352,1.0272370743188066,1.0272370743188066,489000
2022-12-29,1.0565866231918335,1.0565866231918335,1.0370201070563863,1.0565866231918335,77000
2022-12-30,1.037020206451416,1.0761531258481338,1.037020206451416,1.0663699251551924,506000
2023-01-03,1.037020206451416,1.037020206451416,0.9881042029867084,1.037020206451416,1582000
2023-01-04,1.0859363079071045,1.154418711582581,1.0370201886568144,1.0370201886568144,1313000
2023-01-05,1.095719575881958,1.1152859781365536,1.0761531736273626,1.095719575881958,198000
2023-01-06,1.0761531591415405,1.0957195611327577,1.0761531591415405,1.0761531591415405,285000
2023-01-09,1.105502724647522,1.105502724647522,1.076153122655762,1.105502724647522,193000
2023-01-10,1.095719575881958,1.095719575881958,1.0859363747546602,1.0859363747546602,141000
2023-01-11,1.105502724647522,1.125069125975362,1.095719523983602,1.095719523983602,589000
2023-01-12,1.105502724647522,1.115285925311442,1.095719523983602,1.115285925311442,204000
2023-01-13,1.105502724647522,1.115285925311442,1.095719523983602,1.105502724647522,59000
2023-01-16,1.105502724647522,1.134852326639282,1.105502724647522,1.115285925311442,461000
2023-01-17,1.095719575881958,1.1152859781365536,1.095719575881958,1.1055027770092558,218000
2023-01-18,1.105502724647522,1.115285925311442,1.085936323319682,1.085936323319682,138000
2023-01-19,1.1152859926223755,1.1152859926223755,1.095719590113643,1.1055027913680093,88000
2023-01-20,1.134852409362793,1.1642021301189118,1.1055028052316338,1.1055028052316338,811000
2023-01-26,1.134852409362793,1.1446356107398459,1.1152860066086867,1.1446356107398459,1292000
2023-01-27,1.1739853620529175,1.1739853620529175,1.1348524389011785,1.1446356405328724,1591000
2023-01-30,1.1935516595840454,1.2522508641742678,1.1935516595840454,1.1935516595840454,2111000
2023-01-31,1.1739853620529175,1.2326845718430819,1.1642021604212234,1.2033349669479998,667000
2023-02-01,1.1935516595840454,1.2229012618791566,1.1837684588190083,1.2033348603490825,506000
2023-02-02,1.2033348083496094,1.2033348083496094,1.1837684076650543,1.1935516080073318,314000
2023-02-03,1.1739853620529175,1.2033349669479998,1.1739853620529175,1.2033349669479998,254000
2023-02-06,1.1739853620529175,1.1739853620529175,1.1642021604212234,1.1739853620529175,253000
2023-02-07,1.1935516595840454,1.2229012618791566,1.1739852580539714,1.1739852580539714,527000
2023-02-08,1.2033348083496094,1.2033348083496094,1.1837684076650543,1.1837684076650543,125000
2023-02-09,1.1837685108184814,1.2033349132080502,1.1837685108184814,1.193551712013266,148000
2023-02-10,1.1739853620529175,1.1837685636846116,1.1642021604212234,1.1837685636846116,228000
2023-02-13,1.1739853620529175,1.1739853620529175,1.1544188421645665,1.1642021604212234,310000
2023-02-14,1.1544188261032104,1.1739853457193337,1.1446356246076295,1.1642021442237527,1268000
2023-02-15,1.1544188261032104,1.1739853457193337,1.1446356246076295,1.1446356246076295,209000
2023-02-16,1.144635558128357,1.1642020766080767,1.144635558128357,1.1544187590557395,101000
2023-02-17,1.1544188261032104,1.1642021442237527,1.1544188261032104,1.1544188261032104,96000
2023-02-20,1.1642019748687744,1.1642019748687744,1.1446354580989675,1.1544186581713989,614000
2023-02-21,1.1642019748687744,1.1642019748687744,1.1544186581713989,1.1642019748687744,156000
2023-02-22,1.144635558128357,1.1544187590557395,1.144635558128357,1.1544187590557395,180000
2023-02-23,1.144635558128357,1.1544187590557395,1.1348523572009743,1.1544187590557395,249000
2023-02-24,1.144635558128357,1.1544187590557395,1.144635558128357,1.1544187590557395,101000
2023-02-27,1.134852409362793,1.1446356107398459,1.1250692079857398,1.1446356107398459,1525000
2023-02-28,1.1152859926223755,1.134852395131108,1.1152859926223755,1.134852395131108,262000
2023-03-01,1.134852409362793,1.134852409362793,1.1152860066086867,1.1250692079857398,705000
2023-03-02,1.134852409362793,1.1446356107398459,1.1250692079857398,1.134852409362793,1226000
2023-03-03,1.144635558128357,1.1739852775354593,1.1348523572009743,1.1348523572009743,938000
2023-03-06,1.1544188261032104,1.1642021442237527,1.1446356246076295,1.1642021442237527,79000
2023-03-07,1.1544188261032104,1.1739853457193337,1.1544188261032104,1.1642021442237527,323000
2023-03-08,1.1544188261032104,1.1544188261032104,1.1446356246076295,1.1446356246076295,389000
2023-03-09,1.144635558128357,1.1642020766080767,1.144635558128357,1.144635558128357,854000
2023-03-10,1.134852409362793,1.1446356107398459,1.134852409362793,1.134852409362793,133000
2023-03-13,1.134852409362793,1.1446356107398459,1.134852409362793,1.134852409362793,155000
2023-03-14,1.1250691413879395,1.144635542983824,1.1250691413879395,1.1348523421858818,504000
2023-03-15,1.134852409362793,1.1446356107398459,1.134852409362793,1.134852409362793,31000
2023-03-16,1.1152859926223755,1.1250691938767416,1.095719590113643,1.1250691938767416,950000
2023-03-17,1.1250691413879395,1.1348523421858818,1.115285940589997,1.1250691413879395,292000
2023-03-20,1.1250691413879395,1.1348523421858818,1.115285940589997,1.115285940589997,733200
2023-03-21,1.1250691413879395,1.1250691413879395,1.115285940589997,1.1250691413879395,84000
2023-03-22,1.1152859926223755,1.1250691938767416,1.1152859926223755,1.1250691938767416,313000
2023-03-23,1.1152859926223755,1.134852395131108,1.1152859926223755,1.134852395131108,252000
2023-03-24,1.1152859926223755,1.1152859926223755,1.1055027913680093,1.1152859926223755,1436000
2023-03-27,1.095719575881958,1.1152859781365536,1.095719575881958,1.095719575881958,1077000
2023-03-28,1.1250691413879395,1.1250691413879395,1.105502739792055,1.105502739792055,199200
2023-03-29,1.1152859926223755,1.1152859926223755,1.1055027913680093,1.1152859926223755,319000
2023-03-30,1.105502724647522,1.115285925311442,1.095719523983602,1.115285925311442,349000
2023-03-31,1.105502724647522,1.134852326639282,1.105502724647522,1.134852326639282,413000
2023-04-03,1.105502724647522,1.125069125975362,1.095719523983602,1.105502724647522,1576000
2023-04-04,1.1152859926223755,1.1152859926223755,1.1055027913680093,1.1055027913680093,343000
2023-04-06,1.1152859926223755,1.1250691938767416,1.1055027913680093,1.1250691938767416,1304000
2023-04-11,1.1152859926223755,1.1250691938767416,1.1152859926223755,1.1152859926223755,307000
2023-04-12,1.1152859926223755,1.1152859926223755,1.1055027913680093,1.1152859926223755,1101000
2023-04-13,1.1250691413879395,1.1348523421858818,1.0957195389941126,1.105502739792055,674000
2023-04-14,1.1250691413879395,1.1250691413879395,1.115285940589997,1.1250691413879395,308000
2023-04-17,1.1152859926223755,1.1152859926223755,1.095719590113643,1.1055027913680093,3862000
2023-04-18,1.1250691413879395,1.1250691413879395,1.105502739792055,1.115285940589997,834000
2023-04-19,1.1152859926223755,1.1250691938767416,1.1152859926223755,1.1152859926223755,211000
2023-04-20,1.105502724647522,1.115285925311442,1.095719523983602,1.115285925311442,1859000
2023-04-21,1.1152859926223755,1.1250691938767416,1.095719590113643,1.1055027913680093,1526000
2023-04-24,1.1152859926223755,1.1152859926223755,1.095719590113643,1.095719590113643,469000
2023-04-25,1.095719575881958,1.1055027770092558,1.095719575881958,1.1055027770092558,363000
2023-04-26,1.1152859926223755,1.1152859926223755,1.095719590113643,1.095719590113643,485000
2023-04-27,1.105502724647522,1.115285925311442,1.105502724647522,1.105502724647522,706000
2023-04-28,1.1250691413879395,1.1250691413879395,1.105502739792055,1.105502739792055,675000
2023-05-02,1.095719575881958,1.095719575881958,1.0663699725000648,1.095719575881958,2409000
2023-05-03,1.105502724647522,1.105502724647522,1.085936323319682,1.095719523983602,335000
2023-05-04,1.1152859926223755,1.1152859926223755,1.095719590113643,1.1055027913680093,1981000
2023-05-05,1.144635558128357,1.1544187590557395,1.1152859553462091,1.1250691562735917,2888000
2023-05-08,1.2033348083496094,1.2033348083496094,1.1446354896709967,1.1446354896709967,4468000
2023-05-09,1.2033348083496094,1.232684409376442,1.1739852073227768,1.213118008691887,4203000
2023-05-10,1.23268461227417,1.2424678142267453,1.1935518044638682,1.23268461227417,4470000
2023-05-11,1.23268461227417,1.23268461227417,1.213118208369019,1.23268461227417,1033000
2023-05-12,1.2131181955337524,1.2424678010809485,1.203334993684687,1.2424678010809485,3265000
2023-05-15,1.23268461227417,1.2522510161793208,1.164202198606142,1.213118208369019,7353000
2023-05-16,1.2620341777801514,1.2620341777801514,1.2229013712210655,1.2424677745006083,5020000
2023-05-17,1.2424677610397339,1.2620341641072947,1.2131181564383926,1.2620341641072947,5907000
2023-05-18,1.252328634262085,1.262189480394026,1.232606941998203,1.262189480394026,4007000
2023-05-19,1.1833025217056274,1.193163366257296,1.1734416771539589,1.193163366257296,1186000
2023-05-22,1.193163514137268,1.193163514137268,1.1635808592652663,1.1833026683634522,5614000
2023-05-23,1.2030242681503296,1.2030242681503296,1.1734417330852915,1.183302578106971,2678000
2023-05-24,1.193163514137268,1.193163514137268,1.1241374761700025,1.1734418225896364,4334000
2023-05-25,1.2128852605819702,1.2128852605819702,1.1635809119307452,1.1734418757014375,4118000
2023-05-29,1.2030242681503296,1.2030242681503296,1.183302578106971,1.2030242681503296,3462000
2023-05-30,1.173441767692566,1.2030243036300554,1.1635808048295209,1.2030243036300554,281000
2023-05-31,1.173441767692566,1.1833026130050623,1.1537199595170244,1.1537199595170244,4832000
2023-06-01,1.2326067686080933,1.2424676133529147,1.1537198930989803,1.1537198930989803,12043000
2023-06-02,1.252328634262085,1.252328634262085,1.232606941998203,1.232606941998203,5511176
2023-06-05,1.2819111347198486,1.2917719805599586,1.2128852138390784,1.2621894430396285,5186700
2023-06-06,1.2030242681503296,1.2621893382804057,1.1931634231286503,1.2819110283237645,1425000
2023-06-07,1.193163514137268,1.193163514137268,1.1635808592652663,1.193163514137268,1118236
2023-06-08,1.1833025217056274,1.193163366257296,1.1833025217056274,1.1833025217056274,251000
2023-06-09,1.2030242681503296,1.2030242681503296,1.183302578106971,1.183302578106971,5110000
2023-06-12,1.173441767692566,1.1931634583175588,1.173441767692566,1.1833026130050623,363000
2023-06-13,1.2030242681503296,1.212885113172009,1.1635807705130672,1.1734417330852915,7243000
2023-06-14,1.193163514137268,1.2030243599110841,1.1833026683634522,1.2030243599110841,4736100
2023-06-15,1.2424677610397339,1.2424677610397339,1.1833026855381064,1.1833026855381064,4594000
2023-06-16,1.252328634262085,1.252328634262085,1.232606941998203,1.232606941998203,1828000
2023-06-19,1.252328634262085,1.252328634262085,1.232606941998203,1.232606941998203,426000
2023-06-20,1.2917718887329102,1.3114936965617383,1.2326068178980654,1.2326068178980654,5002400
2023-06-21,1.2917718887329102,1.3016328514225974,1.2621893533154878,1.3016328514225974,1359064
2023-06-23,1.2227460145950317,1.2523285510246172,1.2128851691185034,1.2424677055480886,681000
2023-06-26,1.2819111347198486,1.2917719805599586,1.2227460596791886,1.2227460596791886,2583000
2023-06-27,1.2720502614974976,1.291771952753187,1.2720502614974976,1.291771952753187,1894000
2023-06-28,1.2621893882751465,1.2819110790996722,1.2621893882751465,1.2819110790996722,680000
2023-06-29,1.2819111347198486,1.2917719805599586,1.2523285971995186,1.2523285971995186,913000
2023-06-30,1.3016330003738403,1.3114938466413986,1.2326069589503732,1.2523286514854894,5416000
2023-07-03,1.331215500831604,1.331215500831604,1.2917719993469592,1.3114938088645598,3384000
2023-07-04,1.3410762548446655,1.3509371001519348,1.3213545642301268,1.3213545642301268,3175000
2023-07-05,1.350937008857727,1.360797853498616,1.3312153195759493,1.3410761642168383,3858000
2023-07-06,1.331215500831604,1.3509371927986482,1.3016329628810377,1.3509371927986482,579000
2023-07-07,1.331215500831604,1.3509371927986482,1.321354654848082,1.321354654848082,2321278
2023-07-10,1.331215500831604,1.341076346815126,1.331215500831604,1.331215500831604,468000
2023-07-11,1.331215500831604,1.341076346815126,1.331215500831604,1.331215500831604,776000
2023-07-12,1.331215500831604,1.331215500831604,1.321354654848082,1.321354654848082,353000
2023-07-13,1.3114936351776123,1.3410761692104316,1.3114936351776123,1.3312153245328253,484000
2023-07-14,1.252328634262085,1.301632982472348,1.242467788130144,1.301632982472348,749000
2023-07-18,1.2424677610397339,1.3312154918427308,1.232606915122796,1.252328606956672,7943000
2023-07-19,1.2128852605819702,1.2326069530222366,1.2128852605819702,1.2227461068021033,714000
2023-07-20,1.193163514137268,1.232606897232532,1.193163514137268,1.232606897232532,877000
2023-07-21,1.2128852605819702,1.2326069530222366,1.1931635681417039,1.1931635681417039,602164
2023-07-24,1.193163514137268,1.2128852056849,1.193163514137268,1.2030243599110841,90000
2023-07-25,1.2128852605819702,1.2227461068021033,1.2030244143618372,1.2128852605819702,181000
2023-07-26,1.193163514137268,1.2227460514587158,1.193163514137268,1.2128852056849,594000
2023-07-27,1.2030242681503296,1.2326068032153676,1.1734417330852915,1.1931634231286503,278000
2023-07-28,1.2128852605819702,1.2128852605819702,1.1833027219215708,1.1833027219215708,281000
2023-07-31,1.2128852605819702,1.2326069530222366,1.2128852605819702,1.2227461068021033,293000
2023-08-01,1.2128852605819702,1.2128852605819702,1.1931635681417039,1.2128852605819702,152000
2023-08-02,1.193163514137268,1.2227460514587158,1.193163514137268,1.2227460514587158,73000
2023-08-03,1.193163514137268,1.2227460514587158,1.193163514137268,1.193163514137268,247000
2023-08-04,1.193163514137268,1.2128852056849,1.193163514137268,1.2128852056849,276000
2023-08-07,1.1635808944702148,1.2030243963094231,1.153720048398052,1.1931635502372604,884000
2023-08-08,1.1537199020385742,1.1734417092315732,1.1537199020385742,1.1537199020385742,287000
2023-08-09,1.1537199020385742,1.1537199020385742,1.1438590572173462,1.1537199020385742,88000
2023-08-10,1.173441767692566,1.173441767692566,1.1537199595170244,1.1537199595170244,52000
2023-08-11,1.1537199020385742,1.1833025540528013,1.1537199020385742,1.1734417092315732,568000
2023-08-14,1.1833025217056274,1.2030242108089646,1.1734416771539589,1.1734416771539589,972000
2023-08-15,1.1833025217056274,1.1833025217056274,1.1635807150517508,1.1734416771539589,669000
2023-08-16,1.1635808944702148,1.2030243963094231,1.1635808944702148,1.1931635502372604,134000
2023-08-17,1.1635808944702148,1.173441858092935,1.1635808944702148,1.173441858092935,276000
2023-08-18,1.1833025217056274,1.193163366257296,1.1734416771539589,1.1734416771539589,315000
2023-08-21,1.173441767692566,1.1833026130050623,1.1635808048295209,1.1833026130050623,155000
2023-08-22,1.1635808944702148,1.173441858092935,1.153720048398052,1.173441858092935,340000
2023-08-23,1.1833025217056274,1.1833025217056274,1.1537198705000822,1.1635807150517508,272000
2023-08-24,1.173441767692566,1.173441767692566,1.1537199595170244,1.1635808048295209,173000
2023-08-25,1.1833025217056274,1.1833025217056274,1.1635807150517508,1.1635807150517508,462000
2023-08-28,1.193163514137268,1.193163514137268,1.1833026683634522,1.193163514137268,463000
2023-08-29,1.193163514137268,1.2030243599110841,1.1833026683634522,1.193163514137268,289000
2023-08-30,1.188212513923645,1.2278195583749987,1.1783107528108065,1.1981142750364835,311000
2023-08-31,1.188212513923645,1.188212513923645,1.1783107528108065,1.188212513923645,314000
2023-09-04,1.168408989906311,1.198114394238562,1.1387037036123753,1.1882126321405835,2400000
2023-09-05,1.1585071086883545,1.1684088697682145,1.1486053476084943,1.1684088697682145,545000
2023-09-06,1.1585071086883545,1.1783107488863775,1.1585071086883545,1.1585071086883545,200000
2023-09-07,1.1981143951416016,1.1981143951416016,1.1585072286815195,1.1585072286815195,451000
2023-09-11,1.1832000017166138,1.2130285433074306,1.1633141887946479,1.1832000017166138,329000
2023-09-12,1.1533713340759277,1.1831999940003033,1.1533713340759277,1.1533713340759277,596000
2023-09-13,1.1633142232894897,1.1732570707812562,1.1633142232894897,1.1633142232894897,186000
2023-09-14,1.1533713340759277,1.1533713340759277,1.1334856398117357,1.1533713340759277,369000
2023-09-15,1.1732571125030518,1.1732571125030518,1.1533714168123705,1.1533714168123705,152000
2023-09-18,1.1832000017166138,1.1832000017166138,1.1633141887946479,1.1633141887946479,29000
2023-09-19,1.1732571125030518,1.1832000788764883,1.1633142646577113,1.1633142646577113,34000
2023-09-20,1.1732571125030518,1.1832000788764883,1.1732571125030518,1.1832000788764883,66000
2023-09-21,1.1633142232894897,1.1732570707812562,1.1533713757977233,1.1633142232894897,303000
2023-09-22,1.1832000017166138,1.1832000017166138,1.14342849440077,1.1633141887946479,270000
2023-09-25,1.1732571125030518,1.1732571125030518,1.14342856896703,1.1633142646577113,137000
2023-09-26,1.1732571125030518,1.1732571125030518,1.14342856896703,1.1533714168123705,352000
2023-09-27,1.1633142232894897,1.1633142232894897,1.143428528305957,1.1533713757977233,193000
2023-09-28,1.1633142232894897,1.1633142232894897,1.143428528305957,1.1533713757977233,34000
2023-09-29,1.1633142232894897,1.1633142232894897,1.143428528305957,1.1533713757977233,42000
2023-10-03,1.1334856748580933,1.1334856748580933,1.1135999799790532,1.1334856748580933,408000
2023-10-04,1.1235427856445312,1.1334856327143696,1.1235427856445312,1.1235427856445312,237000
2023-10-05,1.1235427856445312,1.1235427856445312,1.1235427856445312,1.1235427856445312,83000
2023-10-06,1.1434285640716553,1.1533714118744274,1.1334857162688832,1.1334857162688832,211000
2023-10-09,1.1235427856445312,1.1434284797842083,1.1235427856445312,1.1334856327143696,12180
2023-10-10,1.1334856748580933,1.1334856748580933,1.1334856748580933,1.1334856748580933,55000
2023-10-11,1.1533713340759277,1.1533713340759277,1.1334856398117357,1.1334856398117357,154000
2023-10-12,1.1533713340759277,1.1633141812080239,1.1434284869438318,1.1434284869438318,78000
2023-10-13,1.1732571125030518,1.1732571125030518,1.1334857211216893,1.1334857211216893,36000
2023-10-16,1.1633142232894897,1.1633142232894897,1.1334856808141907,1.1334856808141907,401000
2023-10-17,1.1235427856445312,1.1533713268540466,1.1235427856445312,1.1334856327143696,65000
2023-10-18,1.1434285640716553,1.1434285640716553,1.1334857162688832,1.1334857162688832,136000
2023-10-19,1.1334856748580933,1.163314217176653,1.1235428274185733,1.163314217176653,29000
2023-10-20,1.1136000156402588,1.1334857111561054,1.1136000156402588,1.123542863398182,133000
2023-10-24,1.0937142372131348,1.113599931221505,1.0837713902089496,1.113599931221505,381000
2023-10-25,1.1136000156402588,1.1136000156402588,1.1036571678823355,1.1136000156402588,113000
2023-10-26,1.1136000156402588,1.123542863398182,1.1136000156402588,1.1136000156402588,104000
2023-10-27,1.1334856748580933,1.1334856748580933,1.1135999799790532,1.1135999799790532,29000
2023-10-30,1.1235427856445312,1.1235427856445312,1.1235427856445312,1.1235427856445312,50000
2023-10-31,1.1235427856445312,1.1235427856445312,1.1036570915048542,1.1036570915048542,28000
2023-11-01,1.1235427856445312,1.1235427856445312,1.1135999385746926,1.1235427856445312,135000
2023-11-02,1.1334856748580933,1.143428522297613,1.1235428274185733,1.1235428274185733,99000
2023-11-03,1.1334856748580933,1.1334856748580933,1.1334856748580933,1.1334856748580933,32000
2023-11-06,1.1334856748580933,1.1334856748580933,1.1334856748580933,1.1334856748580933,0
2023-11-07,1.1334856748580933,1.1334856748580933,1.1334856748580933,1.1334856748580933,20180
2023-11-08,1.1235427856445312,1.1235427856445312,1.1135999385746926,1.1235427856445312,39000
2023-11-09,1.1235427856445312,1.1235427856445312,1.1235427856445312,1.1235427856445312,80000
2023-11-10,1.0937142372131348,1.10365708421732,1.0937142372131348,1.10365708421732,101000
2023-11-13,1.0937142372131348,1.0937142372131348,1.0837713902089496,1.0937142372131348,340000
2023-11-14,1.0837714672088623,1.093714314919468,1.0738286194982567,1.0837714672088623,306000
2023-11-15,1.1235427856445312,1.1235427856445312,1.0937142444350156,1.1036570915048542,89000
2023-11-16,1.1235427856445312,1.1235427856445312,1.0937142444350156,1.0937142444350156,4000
2023-11-17,1.1235427856445312,1.1235427856445312,1.1235427856445312,1.1235427856445312,0
2023-11-20,1.1235427856445312,1.1235427856445312,1.0837713973651772,1.1036570915048542,36000
2023-11-21,1.1334856748580933,1.1334856748580933,1.1135999799790532,1.1036571325395335,51000
2023-11-22,1.1235427856445312,1.1235427856445312,1.1135999385746926,1.1235427856445312,50000
2023-11-23,1.1334856748580933,1.1334856748580933,1.1135999799790532,1.1235428274185733,47000
2023-11-24,1.1136000156402588,1.123542863398182,1.1136000156402588,1.123542863398182,5000
2023-11-27,1.1136000156402588,1.123542863398182,1.0937143201244122,1.123542863398182,88000
2023-11-28,1.1136000156402588,1.1136000156402588,1.083771472366489,1.0937143201244122,156000
2023-11-29,1.0738285779953003,1.1036571199742584,1.0738285779953003,1.093714272647939,419000
2023-11-30,1.0937142372131348,1.0937142372131348,1.0738285432047645,1.0837713902089496,143000
2023-12-01,1.0937142372131348,1.0937142372131348,1.0638856962005794,1.0738285432047645,228000
2023-12-04,1.0638858079910278,1.0738286560399823,1.0638858079910278,1.0738286560399823,9000
2023-12-05,1.0439999103546143,1.0638857233994632,1.0241142158378542,1.0638857233994632,631000
2023-12-06,1.0539427995681763,1.0539427995681763,1.0340571042598097,1.043999951913993,30000
2023-12-07,1.0141713619232178,1.0439999035025858,0.9942856675369725,1.034057056309463,548180
2023-12-08,1.0141713619232178,1.034057056309463,0.9942856675369725,1.0241142091163404,378000
2023-12-11,0.9942857027053833,1.0042285502501898,0.9942857027053833,1.0042285502501898,461000
2023-12-12,1.0141713619232178,1.0439999035025858,0.9843428203438498,0.9843428203438498,603000
2023-12-13,1.0241142511367798,1.0439999463389553,1.0241142511367798,1.0241142511367798,493000
2023-12-14,1.0340571403503418,1.0340571403503418,1.00422859634672,1.014171444347927,340000
2023-12-15,1.0340571403503418,1.0539428363527563,1.014171444347927,1.0439999883515492,389000
2023-12-18,1.0141713619232178,1.034057056309463,1.0042285147300951,1.0241142091163404,543000
2023-12-19,1.0141713619232178,1.0141713619232178,0.9942856675369725,1.0141713619232178,466000
2023-12-20,1.0241142511367798,1.0241142511367798,1.0042285559346043,1.0241142511367798,396000
2023-12-21,1.0241142511367798,1.0241142511367798,1.0042285559346043,1.0042285559346043,643000
2023-12-22,1.0241142511367798,1.0241142511367798,1.0141714035356921,1.0241142511367798,112000
2023-12-27,1.0439999103546143,1.0738285706578432,1.0340570630962342,1.0439999103546143,641000
2023-12-28,1.0638858079910278,1.083771504088937,1.0439999933650204,1.0439999933650204,528000
2023-12-29,1.0837714672088623,1.0837714672088623,1.0539428055489513,1.063885771787651,367000
2024-01-02,1.0837714672088623,1.0837714672088623,1.063885771787651,1.0738286194982567,268000
2024-01-03,1.1036571264266968,1.1036571264266968,1.0638857368888992,1.083771431657798,1276000
2024-01-04,1.1136000156402588,1.123542863398182,1.0937143201244122,1.1036571678823355,887000
2024-01-05,1.1235427856445312,1.1334856327143696,1.1036570915048542,1.1235427856445312,612000
2024-01-08,1.1136000156402588,1.123542863398182,1.083771472366489,1.1136000156402588,28180
2024-01-09,1.0937142372131348,1.113599931221505,1.0937142372131348,1.113599931221505,95000
2024-01-10,1.0837714672088623,1.1036571626300735,1.063885771787651,1.093714314919468,178484
2024-01-11,1.0937142372131348,1.0937142372131348,1.0539427306683085,1.0638856962005794,127000
2024-01-12,1.1036571264266968,1.1135999738111462,1.0738285842733486,1.0738285842733486,298000
2024-01-15,1.1036571264266968,1.1036571264266968,1.1036571264266968,1.1036571264266968,0
2024-01-16,1.1235427856445312,1.1334856327143696,1.1135999385746926,1.1334856327143696,168000
2024-01-17,1.0738285779953003,1.1135999673005779,1.0738285779953003,1.1135999673005779,889000
2024-01-18,1.0738285779953003,1.0738285779953003,1.0738285779953003,1.0738285779953003,53000
2024-01-19,1.0638858079910278,1.0738286560399823,1.0638858079910278,1.0738286560399823,351000
2024-01-22,1.0539427995681763,1.0738286134046364,1.0340571042598097,1.0738286134046364,575000
2024-01-23,1.0539427995681763,1.0539427995681763,1.0539427995681763,1.0539427995681763,0
2024-01-24,1.0837714672088623,1.093714314919468,1.0439999578383456,1.0539428055489513,57000
2024-01-25,1.1633142232894897,1.1732570707812562,1.0837714433553587,1.0937142908471251,2599000
2024-01-26,1.1533713340759277,1.1831999940003033,1.1235427926796395,1.1633141812080239,959000
2024-01-29,1.1633142232894897,1.1832000368011142,1.1633142232894897,1.1633142232894897,477000
2024-01-30,1.1732571125030518,1.1732571125030518,1.1235428732763488,1.1633142646577113,145000
2024-01-31,1.1633142232894897,1.1633142232894897,1.143428528305957,1.1533713757977233,131000
2024-02-01,1.1533713340759277,1.1732570283401198,1.1533713340759277,1.1633141812080239,85000
2024-02-02,1.1334856748580933,1.173257064616173,1.1334856748580933,1.173257064616173,49000
2024-02-05,1.1235427856445312,1.1334856327143696,1.1235427856445312,1.1334856327143696,44000
2024-02-06,1.1732571125030518,1.2229714702578505,1.1533714168123705,1.1633142646577113,1052000
2024-02-07,1.1434285640716553,1.1732571074799718,1.1334857162688832,1.1732571074799718,573180
2024-02-08,1.1633142232894897,1.1633142232894897,1.1633142232894897,1.1633142232894897,19000
2024-02-09,1.1633142232894897,1.1633142232894897,1.1633142232894897,1.1633142232894897,0
2024-02-14,1.1434285640716553,1.1434285640716553,1.123542868466111,1.123542868466111,90000
2024-02-15,1.1434285640716553,1.1434285640716553,1.113600020663339,1.123542868466111,250000
2024-02-16,1.1533713340759277,1.1633141812080239,1.1334856398117357,1.1434284869438318,281000
2024-02-19,1.1732571125030518,1.1732571125030518,1.1334857211216893,1.14342856896703,930000
2024-02-20,1.1931428909301758,1.2030857384772529,1.1633142297608523,1.1732570773079294,1008000
2024-02-21,1.1832000017166138,1.2428570848982474,1.153371341597709,1.1832000017166138,1885000
2024-02-22,1.1931428909301758,1.1931428909301758,1.1533713822137752,1.1832000433830987,1730000
2024-02-23,1.1832000017166138,1.1931428489135527,1.1732570359915866,1.1931428489135527,1260000
2024-02-26,1.1633142232894897,1.1931428842928804,1.1533713757977233,1.1931428842928804,1644000
2024-02-27,0.9843428730964661,1.0340571117263504,0.9644571776445123,1.0241142640003735,6996000
2024-02-28,0.974399983882904,0.9942856784881732,0.9445713827109555,0.9843428311855386,1230000
2024-02-29,0.9346285462379456,0.9843428425912072,0.9346285462379456,0.9644571477555207,1213000
2024-03-01,0.9246857166290283,0.954514259457039,0.9147428690196915,0.9346285642383653,1911000
2024-03-04,0.9346285462379456,0.9644571477555207,0.9346285462379456,0.954514241073632,340000
2024-03-05,0.9246857166290283,0.9644571663304224,0.9246857166290283,0.9445714118477021,488000
2024-03-06,0.9445714354515076,0.9545142833093053,0.9346285875937098,0.9445714354515076,304000
2024-03-07,0.9445714354515076,0.9545142833093053,0.9346285875937098,0.9445714354515076,712000
2024-03-08,0.9545142650604248,0.9545142650604248,0.934628569725014,0.9445714173927193,345000
2024-03-11,0.9545142650604248,0.9545142650604248,0.9445714173927193,0.9545142650604248,142000
2024-03-12,0.9445714354515076,0.9644571904311511,0.9445714354515076,0.9644571904311511,441000
2024-03-13,0.974399983882904,0.974399983882904,0.9445713827109555,0.9445713827109555,549000
2024-03-14,0.9644571542739868,0.9744000017590306,0.9545142475248972,0.9545142475248972,577000
2024-03-15,0.974399983882904,0.974399983882904,0.9644571365802694,0.9644571365802694,43000
2024-03-18,0.9644571542739868,0.9744000017590306,0.9445714000398533,0.9744000017590306,541000
2024-03-19,0.9644571542739868,0.9644571542739868,0.9445714000398533,0.9644571542739868,207000
2024-03-20,0.9644571542739868,0.9644571542739868,0.9445714000398533,0.9445714000398533,63000
2024-03-21,0.974399983882904,0.974399983882904,0.9545142300135901,0.9545142300135901,1086000
2024-03-22,0.974399983882904,0.974399983882904,0.9545142300135901,0.974399983882904,670000
2024-03-25,0.9843428730964661,0.9843428730964661,0.9545142706544882,0.9843428730964661,318000
2024-03-26,0.9644571542739868,0.9843428492440746,0.9545142475248972,0.9843428492440746,426000
2024-03-27,0.9445714354515076,0.9644571904311511,0.9445714354515076,0.9445714354515076,659000
2024-03-28,0.8849142789840698,0.9545142724617334,0.8849142789840698,0.9445714247169311,5038000
2024-04-02,0.9246857166290283,0.9246857166290283,0.8849142669276343,0.8948571145369711,1467000
2024-04-03,0.9047999978065491,0.9147428451565037,0.8948570911925495,0.9047999978065491,460000
2024-04-05,0.8849142789840698,0.9147428814825241,0.8849142789840698,0.9147428814825241,1174000
2024-04-08,0.9147428870201111,0.9147428870201111,0.8849142843410831,0.8849142843410831,334000
2024-04-09,0.9246857166290283,0.9346285642383653,0.9147428690196915,0.9147428690196915,652000
2024-04-10,0.9346285462379456,0.9346285462379456,0.9048000039844158,0.9246856988201023,395000
2024-04-11,0.9346285462379456,0.9346285462379456,0.9147428514022591,0.9346285462379456,146000
2024-04-12,0.9246857166290283,0.9246857166290283,0.9147428690196915,0.9246857166290283,222000
2024-04-15,0.9246857166290283,0.9246857166290283,0.9048000214103545,0.9048000214103545,106000
2024-04-16,0.8948571085929871,0.904800015400326,0.8749714135064017,0.8948571085929871,838000
2024-04-17,0.9047999978065491,0.9047999978065491,0.8749713964926401,0.8749713964926401,1261000
2024-04-18,0.9047999978065491,0.9047999978065491,0.8849142438425948,0.9047999978065491,174000
2024-04-19,0.8849142789840698,0.8948571267288721,0.8849142789840698,0.8948571267288721,110000
2024-04-22,0.8849142789840698,0.9048000337377218,0.8849142789840698,0.9048000337377218,71000
2024-04-23,0.8849142789840698,0.8849142789840698,0.8849142789840698,0.8849142789840698,0
2024-04-24,0.9246857166290283,0.9246857166290283,0.8948571145369711,0.8948571145369711,537000
2024-04-25,0.9147428870201111,0.9246857348251045,0.8948571321460765,0.9147428870201111,495000
2024-04-26,0.9047999978065491,0.9246856925064585,0.9047999978065491,0.9147428451565037,745000
2024-04-29,0.9445714354515076,0.9445714354515076,0.924685739735912,0.9346285875937098,661000
2024-04-30,0.9445714354515076,0.9445714354515076,0.9346285875937098,0.9445714354515076,53000
2024-05-02,0.9445714354515076,0.9545142833093053,0.924685739735912,0.9445714354515076,314000
2024-05-03,0.9445714354515076,0.9644571904311511,0.9346285875937098,0.9346285875937098,235000
2024-05-06,0.974399983882904,1.0042285257908077,0.9545142300135901,0.9545142300135901,2548000
2024-05-07,0.9843428730964661,0.9942857208224429,0.9644571776445123,0.9843428730964661,1003000
2024-05-08,0.9843428730964661,0.9942857208224429,0.9644571776445123,0.9843428730964661,797000
2024-05-09,0.9942857027053833,0.9942857027053833,0.9744000076157704,0.9744000076157704,424000
2024-05-10,1.0340571403503418,1.0340571403503418,0.9942857483455125,1.00422859634672,1871000
2024-05-13,1.0738285779953003,1.093714272647939,1.0340570701619332,1.0340570701619332,2545000
2024-05-14,1.0439999103546143,1.0837714179162232,1.0241142158378542,1.0638857233994632,2456000
2024-05-16,1.0299999713897705,1.0700000524520874,1.0199999809265137,1.0299999713897705,1063000
2024-05-17,1.0499999523162842,1.059999942779541,1.0199999809265137,1.0199999809265137,317000
2024-05-20,1.0399999618530273,1.059999942779541,1.0299999713897705,1.0299999713897705,667000
2024-05-21,1.0299999713897705,1.0499999523162842,1.0299999713897705,1.0499999523162842,499000
2024-05-22,1.059999942779541,1.0700000524520874,1.0299999713897705,1.0499999523162842,1338000
2024-05-23,1.0499999523162842,1.059999942779541,1.0199999809265137,1.0399999618530273,487000
2024-05-24,1.0399999618530273,1.0499999523162842,1.0199999809265137,1.0299999713897705,8568000
2024-05-27,1.0399999618530273,1.0499999523162842,1.0299999713897705,1.0399999618530273,325000
2024-05-28,1.0499999523162842,1.059999942779541,1.0199999809265137,1.0399999618530273,284000
2024-05-29,1.0499999523162842,1.059999942779541,1.0299999713897705,1.0499999523162842,12731000
2024-05-30,1.0399999618530273,1.0499999523162842,1.0299999713897705,1.0499999523162842,560000
2024-05-31,1.0299999713897705,1.0499999523162842,1.0299999713897705,1.0299999713897705,262000
2024-06-03,1.0299999713897705,1.0299999713897705,1.0,1.0299999713897705,1229000
2024-06-04,1.0399999618530273,1.0499999523162842,1.0299999713897705,1.0399999618530273,12058000
2024-06-05,1.0499999523162842,1.0499999523162842,1.0399999618530273,1.0399999618530273,237000
2024-06-06,1.0399999618530273,1.0499999523162842,1.0299999713897705,1.0399999618530273,197000
2024-06-07,1.0499999523162842,1.0499999523162842,1.0199999809265137,1.0299999713897705,1620000
2024-06-11,1.0199999809265137,1.0299999713897705,1.0099999904632568,1.0299999713897705,141000
2024-06-12,1.0099999904632568,1.0199999809265137,1.0,1.0199999809265137,216000
2024-06-13,1.0,1.0199999809265137,0.9800000190734863,1.0199999809265137,991000
2024-06-14,0.9900000095367432,0.9900000095367432,0.9900000095367432,0.9900000095367432,27000
2024-06-17,1.0,1.0099999904632568,0.9800000190734863,0.9900000095367432,191000
2024-06-18,1.0,1.0199999809265137,1.0,1.0199999809265137,269000
2024-06-19,1.0,1.0199999809265137,1.0,1.0,27000
2024-06-20,0.9800000190734863,1.0,0.9800000190734863,1.0,397000
2024-06-21,0.9900000095367432,1.0,0.9599999785423279,1.0,364000
2024-06-24,0.9900000095367432,0.9900000095367432,0.9700000286102295,0.9700000286102295,298000
2024-06-25,0.9900000095367432,1.0099999904632568,0.9800000190734863,1.0099999904632568,21000
2024-06-26,0.9700000286102295,0.9700000286102295,0.949999988079071,0.9599999785423279,476000
2024-06-27,0.9599999785423279,0.9900000095367432,0.9599999785423279,0.9900000095367432,86000
2024-06-28,0.9700000286102295,0.9700000286102295,0.9100000262260437,0.9399999976158142,311000
2024-07-02,0.9700000286102295,0.9700000286102295,0.9399999976158142,0.9700000286102295,42000
2024-07-03,0.9900000095367432,0.9900000095367432,0.9599999785423279,0.9900000095367432,17000
2024-07-04,0.9700000286102295,0.9900000095367432,0.9599999785423279,0.9900000095367432,55000
2024-07-05,0.9700000286102295,0.9800000190734863,0.949999988079071,0.9700000286102295,123000
2024-07-08,0.9399999976158142,0.9599999785423279,0.9399999976158142,0.949999988079071,249000
2024-07-09,0.9599999785423279,0.9700000286102295,0.949999988079071,0.9700000286102295,8000
2024-07-10,0.9900000095367432,0.9900000095367432,0.949999988079071,0.9599999785423279,66000
2024-07-11,0.9700000286102295,0.9800000190734863,0.9599999785423279,0.9599999785423279,31000
2024-07-12,0.9800000190734863,0.9800000190734863,0.9599999785423279,0.9800000190734863,4000
2024-07-15,1.0,1.0099999904632568,0.9700000286102295,0.9700000286102295,166000
2024-07-16,0.9900000095367432,1.0,0.9599999785423279,0.9700000286102295,52000
2024-07-17,0.9599999785423279,1.0,0.9599999785423279,1.0,83000
2024-07-18,0.9700000286102295,0.9900000095367432,0.9700000286102295,0.9900000095367432,116000
2024-07-19,0.9700000286102295,0.9800000190734863,0.949999988079071,0.9800000190734863,8000
2024-07-22,0.9800000190734863,0.9800000190734863,0.949999988079071,0.9599999785423279,189000
2024-07-23,0.9700000286102295,0.9900000095367432,0.9700000286102295,0.9900000095367432,5000
2024-07-24,0.9900000095367432,1.0,0.9900000095367432,1.0,151000
2024-07-25,0.9800000190734863,0.9800000190734863,0.9399999976158142,0.9700000286102295,701000
2024-07-26,0.9700000286102295,0.9900000095367432,0.9700000286102295,0.9800000190734863,379000
2024-07-29,0.9599999785423279,0.9800000190734863,0.9599999785423279,0.9800000190734863,74000
2024-07-30,0.9800000190734863,0.9800000190734863,0.9599999785423279,0.9599999785423279,9000
2024-07-31,0.9900000095367432,0.9900000095367432,0.9800000190734863,0.9900000095367432,391000
2024-08-01,0.9900000095367432,0.9900000095367432,0.9900000095367432,0.9900000095367432,0
2024-08-02,0.9900000095367432,1.0,0.9599999785423279,1.0,82000
2024-08-05,0.9599999785423279,0.9900000095367432,0.9599999785423279,0.9900000095367432,5000
2024-08-06,0.9599999785423279,0.9599999785423279,0.9599999785423279,0.9599999785423279,0
2024-08-07,0.9599999785423279,0.9700000286102295,0.9599999785423279,0.9599999785423279,322000
2024-08-08,0.9700000286102295,0.9700000286102295,0.949999988079071,0.949999988079071,97000
2024-08-09,0.9200000166893005,0.949999988079071,0.9200000166893005,0.949999988079071,2044000
2024-08-12,0.8899999856948853,0.9100000262260437,0.8700000047683716,0.9100000262260437,1771000
2024-08-13,0.8999999761581421,0.8999999761581421,0.8799999952316284,0.8899999856948853,193000
2024-08-14,0.8899999856948853,0.9300000071525574,0.8799999952316284,0.9300000071525574,197000
2024-08-15,0.8999999761581421,0.8999999761581421,0.8799999952316284,0.8999999761581421,60000
2024-08-16,0.8999999761581421,0.9100000262260437,0.8999999761581421,0.8899999856948853,411000
2024-08-19,0.8799999952316284,0.9100000262260437,0.8700000047683716,0.9100000262260437,1066000
2024-08-20,0.8700000047683716,0.8799999952316284,0.8700000047683716,0.8799999952316284,492000
2024-08-21,0.8799999952316284,0.8799999952316284,0.8600000143051147,0.8799999952316284,128000
2024-08-22,0.8700000047683716,0.8899999856948853,0.8600000143051147,0.8899999856948853,255000
2024-08-23,0.8700000047683716,0.8799999952316284,0.8700000047683716,0.8700000047683716,122000
2024-08-26,0.8899999856948853,0.8899999856948853,0.8600000143051147,0.8799999952316284,343000
2024-08-27,0.8899999856948853,0.8899999856948853,0.8700000047683716,0.8700000047683716,126000
2024-08-28,0.8899999856948853,0.8899999856948853,0.8799999952316284,0.8799999952316284,61000
2024-08-29,0.8899999856948853,0.8899999856948853,0.8799999952316284,0.8899999856948853,65000
2024-08-30,0.8700000047683716,0.8799999952316284,0.8600000143051147,0.8700000047683716,712000
2024-09-02,0.8700000047683716,0.8700000047683716,0.8700000047683716,0.8700000047683716,0
2024-09-03,0.8700000047683716,0.8899999856948853,0.8700000047683716,0.8700000047683716,48000
2024-09-04,0.8799999952316284,0.8799999952316284,0.8700000047683716,0.8700000047683716,101000
2024-09-05,0.8700000047683716,0.8700000047683716,0.8600000143051147,0.8700000047683716,343000
2024-09-09,0.8500000238418579,0.8600000143051147,0.8399999737739563,0.8600000143051147,462000
2024-09-10,0.8500000238418579,0.8600000143051147,0.8399999737739563,0.8500000238418579,109000
2024-09-11,0.8299999833106995,0.8399999737739563,0.800000011920929,0.8399999737739563,1354000
2024-09-12,0.8399999737739563,0.8399999737739563,0.8199999928474426,0.8299999833106995,281000
2024-09-13,0.8399999737739563,0.8500000238418579,0.8299999833106995,0.8399999737739563,105000
2024-09-16,0.8399999737739563,0.8399999737739563,0.8299999833106995,0.8399999737739563,90000
2024-09-17,0.8399999737739563,0.8600000143051147,0.8399999737739563,0.8399999737739563,109000
2024-09-19,0.8700000047683716,0.8700000047683716,0.8299999833106995,0.8299999833106995,143000
2024-09-20,0.8500000238418579,0.8600000143051147,0.8100000023841858,0.8500000238418579,569000
2024-09-23,0.8600000143051147,0.8600000143051147,0.8500000238418579,0.8500000238418579,134000
2024-09-24,0.8799999952316284,0.8899999856948853,0.8600000143051147,0.8600000143051147,269000
2024-09-25,0.8899999856948853,0.8999999761581421,0.8799999952316284,0.8899999856948853,310000
2024-09-26,0.9100000262260437,0.9100000262260437,0.8899999856948853,0.8799999952316284,175000
2024-09-27,0.9399999976158142,0.949999988079071,0.8899999856948853,0.8999999761581421,457000
2024-09-30,0.9399999976158142,0.949999988079071,0.8999999761581421,0.9200000166893005,1234000
2024-10-02,0.9800000190734863,0.9900000095367432,0.949999988079071,0.949999988079071,1859000
2024-10-03,0.9399999976158142,0.9800000190734863,0.9300000071525574,0.9800000190734863,2306000
2024-10-04,0.9800000190734863,0.9800000190734863,0.9200000166893005,0.9200000166893005,774000
2024-10-07,1.0499999523162842,1.0499999523162842,0.9900000095367432,1.0,2288000
2024-10-08,0.9599999785423279,1.059999942779541,0.9599999785423279,1.0499999523162842,1633000
2024-10-09,0.9300000071525574,0.9599999785423279,0.9100000262260437,0.9599999785423279,1755000
2024-10-10,0.949999988079071,0.9599999785423279,0.9399999976158142,0.949999988079071,313000
2024-10-14,0.9599999785423279,0.9599999785423279,0.9399999976158142,0.9599999785423279,544000
2024-10-15,0.9399999976158142,0.9399999976158142,0.9399999976158142,0.9399999976158142,128000
2024-10-16,0.9599999785423279,0.9599999785423279,0.9399999976158142,0.949999988079071,206000
2024-10-17,0.9300000071525574,0.9599999785423279,0.9300000071525574,0.9599999785423279,1062000
2024-10-18,0.9399999976158142,0.9599999785423279,0.9300000071525574,0.9300000071525574,355000
2024-10-21,0.949999988079071,0.9599999785423279,0.9399999976158142,0.9399999976158142,201000
2024-10-22,0.949999988079071,0.9599999785423279,0.9399999976158142,0.9399999976158142,61000
2024-10-23,0.9399999976158142,0.949999988079071,0.9399999976158142,0.949999988079071,172000
2024-10-24,0.949999988079071,0.949999988079071,0.9399999976158142,0.9399999976158142,92000
2024-10-25,0.949999988079071,0.9599999785423279,0.9399999976158142,0.949999988079071,171000
2024-10-28,0.9800000190734863,0.9800000190734863,0.9399999976158142,0.9599999785423279,575000
2024-10-29,0.9700000286102295,0.9700000286102295,0.9700000286102295,0.9700000286102295,25000
2024-10-30,0.9599999785423279,0.9900000095367432,0.9599999785423279,0.9800000190734863,1145000
2024-10-31,0.9599999785423279,0.9599999785423279,0.949999988079071,0.949999988079071,30000
2024-11-01,0.9599999785423279,0.9599999785423279,0.9599999785423279,0.9599999785423279,47000
2024-11-04,0.949999988079071,0.9599999785423279,0.949999988079071,0.9599999785423279,110000
2024-11-05,0.949999988079071,0.9599999785423279,0.949999988079071,0.949999988079071,76000
2024-11-06,0.949999988079071,0.9599999785423279,0.9399999976158142,0.9399999976158142,107000
2024-11-07,0.949999988079071,0.949999988079071,0.949999988079071,0.949999988079071,8000
2024-11-08,0.9700000286102295,0.9800000190734863,0.9599999785423279,0.9800000190734863,668000
2024-11-11,0.9700000286102295,0.9700000286102295,0.949999988079071,0.9700000286102295,379000
2024-11-12,0.9599999785423279,0.9599999785423279,0.9399999976158142,0.949999988079071,46000
2024-11-13,0.9300000071525574,0.949999988079071,0.9200000166893005,0.9399999976158142,986000
2024-11-14,0.9200000166893005,0.9300000071525574,0.9100000262260437,0.9200000166893005,635000
2024-11-15,0.9200000166893005,0.9200000166893005,0.9100000262260437,0.9200000166893005,103000
2024-11-18,0.9200000166893005,0.9200000166893005,0.9100000262260437,0.9200000166893005,160000
2024-11-19,0.9100000262260437,0.9200000166893005,0.9100000262260437,0.9200000166893005,16000
2024-11-20,0.8999999761581421,0.9100000262260437,0.8999999761581421,0.9100000262260437,195000
2024-11-21,0.8999999761581421,0.9100000262260437,0.8999999761581421,0.9100000262260437,781000
2024-11-22,0.8999999761581421,0.8999999761581421,0.8999999761581421,0.8999999761581421,311000
2024-11-25,0.8899999856948853,0.8999999761581421,0.8899999856948853,0.8899999856948853,112000
2024-11-26,0.8899999856948853,0.8899999856948853,0.8899999856948853,0.8899999856948853,15000
2024-11-27,0.8999999761581421,0.8999999761581421,0.8899999856948853,0.8999999761581421,135000
2024-11-28,0.8999999761581421,0.8999999761581421,0.8999999761581421,0.8999999761581421,34000
2024-11-29,0.9200000166893005,0.9200000166893005,0.8899999856948853,0.8999999761581421,70000
2024-12-02,0.9200000166893005,0.9200000166893005,0.9200000166893005,0.9200000166893005,0
2024-12-03,0.9100000262260437,0.9200000166893005,0.9100000262260437,0.9200000166893005,258000
2024-12-04,0.9200000166893005,0.9300000071525574,0.9100000262260437,0.9100000262260437,31000
2024-12-05,0.9300000071525574,0.9300000071525574,0.9200000166893005,0.9300000071525574,7000
2024-12-06,0.9300000071525574,0.9300000071525574,0.9100000262260437,0.9200000166893005,170000
2024-12-09,0.9300000071525574,0.9399999976158142,0.9300000071525574,0.9399999976158142,147000
2024-12-10,0.9399999976158142,0.9399999976158142,0.9100000262260437,0.9399999976158142,207000
2024-12-11,0.9300000071525574,0.949999988079071,0.9100000262260437,0.949999988079071,107000
2024-12-12,0.9200000166893005,0.9200000166893005,0.9100000262260437,0.9100000262260437,183000
2024-12-13,0.9200000166893005,0.9200000166893005,0.9200000166893005,0.9200000166893005,0
2024-12-16,0.9100000262260437,0.9100000262260437,0.9100000262260437,0.9100000262260437,183000
2024-12-17,0.9100000262260437,0.9100000262260437,0.8999999761581421,0.9100000262260437,199000
2024-12-18,0.9100000262260437,0.9200000166893005,0.9100000262260437,0.9200000166893005,160000
2024-12-19,0.9300000071525574,0.9300000071525574,0.8999999761581421,0.9100000262260437,215000
2024-12-20,0.9200000166893005,0.9200000166893005,0.9100000262260437,0.9200000166893005,481000
2024-12-23,0.9399999976158142,0.9399999976158142,0.9200000166893005,0.9200000166893005,547000
2024-12-24,0.9399999976158142,0.9399999976158142,0.9399999976158142,0.9399999976158142,0
2024-12-27,0.9399999976158142,0.949999988079071,0.9300000071525574,0.949999988079071,390000
2024-12-30,0.9300000071525574,0.9399999976158142,0.9300000071525574,0.9399999976158142,325000
2024-12-31,0.9300000071525574,0.9300000071525574,0.9300000071525574,0.9300000071525574,0
2025-01-02,0.9300000071525574,0.9300000071525574,0.9200000166893005,0.9300000071525574,279000
2025-01-03,0.9300000071525574,0.9300000071525574,0.9300000071525574,0.9300000071525574,0
