Date,Adj Close,Close,High,Low,Open,Volume
2000-01-04,0.2749798595905304,0.5699999928474426,0.5899999737739563,0.5099999904632568,0.5199999809265137,4190000
2000-01-05,0.2556830644607544,0.5299999713897705,0.5600000023841858,0.5199999809265137,0.5600000023841858,1988000
2000-01-06,0.246034637093544,0.5099999904632568,0.5400000214576721,0.5099999904632568,0.5299999713897705,2144000
2000-01-07,0.26533153653144836,0.550000011920929,0.550000011920929,0.5099999904632568,0.5099999904632568,1852000
2000-01-10,0.26533153653144836,0.550000011920929,0.5699999928474426,0.550000011920929,0.5600000023841858,2040000
2000-01-11,0.2605073153972626,0.5400000214576721,0.5799999833106995,0.5299999713897705,0.5799999833106995,2180000
2000-01-12,0.2556830644607544,0.5299999713897705,0.5400000214576721,0.5199999809265137,0.5400000214576721,1566000
2000-01-13,0.2556830644607544,0.5299999713897705,0.550000011920929,0.5,0.550000011920929,1328000
2000-01-14,0.246034637093544,0.5099999904632568,0.5299999713897705,0.5,0.5199999809265137,1954000
2000-01-17,0.246034637093544,0.5099999904632568,0.5299999713897705,0.5,0.5099999904632568,1010000
2000-01-18,0.2412104457616806,0.5,0.5099999904632568,0.5,0.5099999904632568,562000
2000-01-19,0.2412104457616806,0.5,0.5199999809265137,0.47999998927116394,0.5199999809265137,848000
2000-01-20,0.2412104457616806,0.5,0.5199999809265137,0.5,0.5,826000
2000-01-21,0.2387983202934265,0.4950000047683716,0.5199999809265137,0.4950000047683716,0.5199999809265137,846000
2000-01-24,0.246034637093544,0.5099999904632568,0.5099999904632568,0.4950000047683716,0.5,1108000
2000-01-25,0.2412104457616806,0.5,0.5099999904632568,0.5,0.5,620000
2000-01-26,0.23638632893562317,0.49000000953674316,0.5099999904632568,0.49000000953674316,0.5,572000
2000-01-27,0.23638632893562317,0.49000000953674316,0.5,0.47999998927116394,0.5,934000
2000-01-28,0.23638632893562317,0.49000000953674316,0.5,0.49000000953674316,0.49000000953674316,1528000
2000-01-31,0.2412104457616806,0.5,0.5099999904632568,0.5,0.5099999904632568,710000
2000-02-01,0.2412104457616806,0.5,0.5099999904632568,0.49000000953674316,0.5099999904632568,656000
2000-02-02,0.231562077999115,0.47999998927116394,0.49000000953674316,0.47999998927116394,0.49000000953674316,2664000
2000-02-03,0.250858873128891,0.5199999809265137,0.5199999809265137,0.47999998927116394,0.47999998927116394,990000
2000-02-04,0.250858873128891,0.5199999809265137,0.5199999809265137,0.5199999809265137,0.5199999809265137,0
2000-02-07,0.250858873128891,0.5199999809265137,0.5199999809265137,0.5199999809265137,0.5199999809265137,0
2000-02-08,0.2387983202934265,0.4950000047683716,0.5,0.49000000953674316,0.4950000047683716,418000
2000-02-09,0.231562077999115,0.47999998927116394,0.5,0.47999998927116394,0.5,2136000
2000-02-10,0.2267378270626068,0.4699999988079071,0.47999998927116394,0.46000000834465027,0.4699999988079071,642000
2000-02-11,0.21708941459655762,0.44999998807907104,0.4699999988079071,0.44999998807907104,0.46000000834465027,1180000
2000-02-14,0.20744095742702484,0.4300000071525574,0.4399999976158142,0.41999998688697815,0.4300000071525574,2046000
2000-02-15,0.2146773636341095,0.4449999928474426,0.46000000834465027,0.4449999928474426,0.44999998807907104,2692000
2000-02-16,0.21226517856121063,0.4399999976158142,0.44999998807907104,0.4350000023841858,0.44999998807907104,1110000
2000-02-17,0.21708941459655762,0.44999998807907104,0.44999998807907104,0.42500001192092896,0.42500001192092896,1430000
2000-02-18,0.2387983202934265,0.4950000047683716,0.5099999904632568,0.4300000071525574,0.46000000834465027,9802000
2000-02-21,0.20744095742702484,0.4300000071525574,0.5,0.4300000071525574,0.5,1058000
2000-02-22,0.20744095742702484,0.4300000071525574,0.4399999976158142,0.4099999964237213,0.4300000071525574,898000
2000-02-23,0.21226517856121063,0.4399999976158142,0.44999998807907104,0.4300000071525574,0.4300000071525574,990000
2000-02-24,0.2026168256998062,0.41999998688697815,0.4399999976158142,0.41999998688697815,0.4300000071525574,1040000
2000-02-25,0.2195015400648117,0.45500001311302185,0.46000000834465027,0.4099999964237213,0.41999998688697815,1806000
2000-02-28,0.20744095742702484,0.4300000071525574,0.4449999928474426,0.42500001192092896,0.4449999928474426,1070000
2000-02-29,0.21226517856121063,0.4399999976158142,0.4449999928474426,0.4300000071525574,0.4300000071525574,1536000
2000-03-01,0.21226517856121063,0.4399999976158142,0.4449999928474426,0.4300000071525574,0.4300000071525574,1848000
2000-03-02,0.2243257313966751,0.4650000035762787,0.4699999988079071,0.4300000071525574,0.46000000834465027,2114000
2000-03-03,0.2412104457616806,0.5,0.5,0.47999998927116394,0.47999998927116394,4450000
2000-03-06,0.250858873128891,0.5199999809265137,0.5299999713897705,0.47999998927116394,0.5099999904632568,4892000
2000-03-07,0.23397418856620789,0.48500001430511475,0.5299999713897705,0.47999998927116394,0.5099999904632568,2082000
2000-03-08,0.231562077999115,0.47999998927116394,0.5,0.47999998927116394,0.5,1024000
2000-03-09,0.2387983202934265,0.4950000047683716,0.4950000047683716,0.4650000035762787,0.47999998927116394,470000
2000-03-10,0.22191359102725983,0.46000000834465027,0.49000000953674316,0.44999998807907104,0.49000000953674316,744000
2000-03-13,0.2146773636341095,0.4449999928474426,0.47999998927116394,0.4399999976158142,0.44999998807907104,1220000
2000-03-14,0.22191359102725983,0.46000000834465027,0.5,0.46000000834465027,0.4650000035762787,3850000
2000-03-15,0.21708941459655762,0.44999998807907104,0.4699999988079071,0.4449999928474426,0.4699999988079071,690000
2000-03-16,0.21226517856121063,0.4399999976158142,0.44999998807907104,0.4300000071525574,0.4300000071525574,818000
2000-03-17,0.2195015400648117,0.45500001311302185,0.46000000834465027,0.4300000071525574,0.4399999976158142,906000
2000-03-20,0.2195015400648117,0.45500001311302185,0.45500001311302185,0.45500001311302185,0.45500001311302185,0
2000-03-21,0.21226517856121063,0.4399999976158142,0.4449999928474426,0.4300000071525574,0.4449999928474426,996000
2000-03-22,0.20502887666225433,0.42500001192092896,0.4350000023841858,0.42500001192092896,0.4350000023841858,492000
2000-03-23,0.20502887666225433,0.42500001192092896,0.4449999928474426,0.42500001192092896,0.42500001192092896,1136000
2000-03-24,0.20744095742702484,0.4300000071525574,0.4399999976158142,0.42500001192092896,0.42500001192092896,1616000
2000-03-27,0.20502887666225433,0.42500001192092896,0.4300000071525574,0.4099999964237213,0.4300000071525574,1280000
2000-03-28,0.20985311269760132,0.4350000023841858,0.4350000023841858,0.41499999165534973,0.4300000071525574,1428000
2000-03-29,0.20020470023155212,0.41499999165534973,0.4399999976158142,0.41499999165534973,0.4399999976158142,2498000
2000-03-30,0.20744095742702484,0.4300000071525574,0.4350000023841858,0.41499999165534973,0.41499999165534973,2772000
2000-03-31,0.20744095742702484,0.4300000071525574,0.4350000023841858,0.41999998688697815,0.4300000071525574,1906000
2000-04-03,0.19779258966445923,0.4099999964237213,0.4350000023841858,0.4099999964237213,0.41999998688697815,2022000
2000-04-04,0.19779258966445923,0.4099999964237213,0.4099999964237213,0.4099999964237213,0.4099999964237213,0
2000-04-05,0.18814416229724884,0.38999998569488525,0.4000000059604645,0.3799999952316284,0.4000000059604645,1070000
2000-04-06,0.19055625796318054,0.39500001072883606,0.39500001072883606,0.3799999952316284,0.38999998569488525,350000
2000-04-07,0.18090786039829254,0.375,0.3799999952316284,0.375,0.3799999952316284,800000
2000-04-10,0.18573206663131714,0.38499999046325684,0.38999998569488525,0.3799999952316284,0.38499999046325684,520000
2000-04-11,0.18814416229724884,0.38999998569488525,0.38999998569488525,0.3700000047683716,0.3799999952316284,232000
2000-04-12,0.18331995606422424,0.3799999952316284,0.3799999952316284,0.3799999952316284,0.3799999952316284,348000
2000-04-13,0.17367154359817505,0.36000001430511475,0.3799999952316284,0.36000001430511475,0.3799999952316284,300000
2000-04-14,0.19296835362911224,0.4000000059604645,0.4050000011920929,0.3700000047683716,0.3700000047683716,6004000
2000-04-17,0.18331995606422424,0.3799999952316284,0.4000000059604645,0.36000001430511475,0.4000000059604645,3784000
2000-04-18,0.2146773636341095,0.4449999928474426,0.46000000834465027,0.36500000953674316,0.36500000953674316,11584000
2000-04-19,0.19779258966445923,0.4099999964237213,0.48500001430511475,0.4099999964237213,0.4699999988079071,7402000
2000-04-20,0.2026168256998062,0.41999998688697815,0.4449999928474426,0.4099999964237213,0.4099999964237213,1706000
2000-04-21,0.2026168256998062,0.41999998688697815,0.41999998688697815,0.41999998688697815,0.41999998688697815,0
2000-04-24,0.2026168256998062,0.41999998688697815,0.41999998688697815,0.41999998688697815,0.41999998688697815,0
2000-04-25,0.20985311269760132,0.4350000023841858,0.44999998807907104,0.4000000059604645,0.41999998688697815,4524000
2000-04-26,0.19538049399852753,0.4050000011920929,0.45500001311302185,0.4000000059604645,0.4399999976158142,8398000
2000-04-27,0.18573206663131714,0.38499999046325684,0.4099999964237213,0.38499999046325684,0.4000000059604645,1268000
2000-04-28,0.18573206663131714,0.38499999046325684,0.39500001072883606,0.3799999952316284,0.38499999046325684,1690000
2000-05-01,0.18573206663131714,0.38499999046325684,0.38499999046325684,0.38499999046325684,0.38499999046325684,0
2000-05-02,0.18814416229724884,0.38999998569488525,0.4000000059604645,0.36000001430511475,0.36000001430511475,2670000
2000-05-03,0.18090786039829254,0.375,0.39500001072883606,0.3700000047683716,0.375,2410000
2000-05-04,0.18331995606422424,0.3799999952316284,0.38499999046325684,0.3799999952316284,0.3799999952316284,180000
2000-05-05,0.17608362436294556,0.36500000953674316,0.3799999952316284,0.36500000953674316,0.3799999952316284,1000000
2000-05-08,0.17367154359817505,0.36000001430511475,0.3700000047683716,0.36000001430511475,0.36500000953674316,670000
2000-05-09,0.17367154359817505,0.36000001430511475,0.36000001430511475,0.36000001430511475,0.36000001430511475,0
2000-05-10,0.17367154359817505,0.36000001430511475,0.36000001430511475,0.36000001430511475,0.36000001430511475,0
2000-05-11,0.17367154359817505,0.36000001430511475,0.36000001430511475,0.36000001430511475,0.36000001430511475,0
2000-05-12,0.18331995606422424,0.3799999952316284,0.38999998569488525,0.36500000953674316,0.36500000953674316,3410000
2000-05-15,0.19779258966445923,0.4099999964237213,0.41999998688697815,0.3799999952316284,0.38999998569488525,6480000
2000-05-16,0.19538049399852753,0.4050000011920929,0.42500001192092896,0.38999998569488525,0.41999998688697815,3630000
2000-05-17,0.18573206663131714,0.38499999046325684,0.4099999964237213,0.38499999046325684,0.4000000059604645,1910000
2000-05-18,0.18090786039829254,0.375,0.3799999952316284,0.3700000047683716,0.3700000047683716,562000
2000-05-19,0.17849572002887726,0.3700000047683716,0.38999998569488525,0.3700000047683716,0.38499999046325684,734000
2000-05-22,0.17608362436294556,0.36500000953674316,0.3700000047683716,0.36000001430511475,0.36500000953674316,1390000
2000-05-23,0.17367154359817505,0.36000001430511475,0.36000001430511475,0.35499998927116394,0.36000001430511475,1072000
2000-05-24,0.17367154359817505,0.36000001430511475,0.36500000953674316,0.35499998927116394,0.35499998927116394,910000
2000-05-25,0.16884729266166687,0.3499999940395355,0.36000001430511475,0.3400000035762787,0.36000001430511475,1984000
2000-05-26,0.16643522679805756,0.3449999988079071,0.3449999988079071,0.3400000035762787,0.3400000035762787,890000
2000-05-29,0.16884729266166687,0.3499999940395355,0.3499999940395355,0.3400000035762787,0.3400000035762787,350000
2000-05-30,0.16884729266166687,0.3499999940395355,0.3499999940395355,0.3499999940395355,0.3499999940395355,0
2000-05-31,0.17125941812992096,0.35499998927116394,0.35499998927116394,0.3400000035762787,0.3400000035762787,920000
2000-06-01,0.17125941812992096,0.35499998927116394,0.36000001430511475,0.35499998927116394,0.35499998927116394,1836000
2000-06-02,0.18331995606422424,0.3799999952316284,0.3799999952316284,0.3499999940395355,0.36000001430511475,3724000
2000-06-05,0.17849572002887726,0.3700000047683716,0.4000000059604645,0.3700000047683716,0.4000000059604645,4166000
2000-06-06,0.17849572002887726,0.3700000047683716,0.3700000047683716,0.3700000047683716,0.3700000047683716,0
2000-06-07,0.18814416229724884,0.38999998569488525,0.38999998569488525,0.3700000047683716,0.3799999952316284,624000
2000-06-08,0.19055625796318054,0.39500001072883606,0.4000000059604645,0.38499999046325684,0.4000000059604645,2422000
2000-06-09,0.19296835362911224,0.4000000059604645,0.4099999964237213,0.39500001072883606,0.39500001072883606,1286500
2000-06-12,0.19779258966445923,0.4099999964237213,0.4099999964237213,0.38999998569488525,0.38999998569488525,550000
2000-06-13,0.20744095742702484,0.4300000071525574,0.4399999976158142,0.4050000011920929,0.4050000011920929,3200000
2000-06-14,0.2412104457616806,0.5,0.5199999809265137,0.4300000071525574,0.4300000071525574,9744000
2000-06-15,0.2412104457616806,0.5,0.5400000214576721,0.4950000047683716,0.5099999904632568,7192000
2000-06-16,0.2412104457616806,0.5,0.5099999904632568,0.48500001430511475,0.5,4948000
2000-06-19,0.246034637093544,0.5099999904632568,0.5299999713897705,0.49000000953674316,0.49000000953674316,2636000
2000-06-20,0.23638632893562317,0.49000000953674316,0.5199999809265137,0.48500001430511475,0.5199999809265137,1704000
2000-06-21,0.23638632893562317,0.49000000953674316,0.5,0.48500001430511475,0.48500001430511475,1412000
2000-06-22,0.2387983202934265,0.4950000047683716,0.5199999809265137,0.49000000953674316,0.5099999904632568,1008000
2000-06-23,0.23638632893562317,0.49000000953674316,0.5,0.49000000953674316,0.5,900000
2000-06-26,0.2412104457616806,0.5,0.5099999904632568,0.5,0.5,816000
2000-06-27,0.2387983202934265,0.4950000047683716,0.5199999809265137,0.4950000047683716,0.5,684000
2000-06-28,0.2387983202934265,0.4950000047683716,0.4950000047683716,0.4950000047683716,0.4950000047683716,280000
2000-06-29,0.23638632893562317,0.49000000953674316,0.49000000953674316,0.48500001430511475,0.49000000953674316,1002000
2000-06-30,0.23397418856620789,0.48500001430511475,0.48500001430511475,0.47999998927116394,0.47999998927116394,990000
2000-07-03,0.23638632893562317,0.49000000953674316,0.5,0.49000000953674316,0.4950000047683716,950000
2000-07-04,0.23638632893562317,0.49000000953674316,0.5,0.49000000953674316,0.49000000953674316,490000
2000-07-05,0.23638632893562317,0.49000000953674316,0.49000000953674316,0.49000000953674316,0.49000000953674316,116000
2000-07-06,0.23397418856620789,0.48500001430511475,0.49000000953674316,0.47999998927116394,0.49000000953674316,424000
2000-07-07,0.231562077999115,0.47999998927116394,0.48500001430511475,0.47999998927116394,0.48500001430511475,730000
2000-07-10,0.231562077999115,0.47999998927116394,0.47999998927116394,0.47999998927116394,0.47999998927116394,280000
2000-07-11,0.2243257313966751,0.4650000035762787,0.4749999940395355,0.44999998807907104,0.4749999940395355,720000
2000-07-12,0.231562077999115,0.47999998927116394,0.47999998927116394,0.4650000035762787,0.4699999988079071,1372000
2000-07-13,0.2267378270626068,0.4699999988079071,0.5,0.4699999988079071,0.47999998927116394,882000
2000-07-14,0.23397418856620789,0.48500001430511475,0.4950000047683716,0.4699999988079071,0.4699999988079071,1572000
2000-07-17,0.23397418856620789,0.48500001430511475,0.4950000047683716,0.48500001430511475,0.49000000953674316,340000
2000-07-18,0.23397418856620789,0.48500001430511475,0.48500001430511475,0.4650000035762787,0.4650000035762787,100000
2000-07-19,0.23397418856620789,0.48500001430511475,0.48500001430511475,0.4650000035762787,0.4650000035762787,100000
2000-07-20,0.2556830644607544,0.5299999713897705,0.550000011920929,0.49000000953674316,0.49000000953674316,6438000
2000-07-21,0.2605073153972626,0.5400000214576721,0.5899999737739563,0.5299999713897705,0.550000011920929,8918000
2000-07-24,0.28945255279541016,0.6000000238418579,0.6100000143051147,0.550000011920929,0.550000011920929,9866000
2000-07-25,0.2701556980609894,0.5600000023841858,0.6000000238418579,0.5600000023841858,0.5899999737739563,4050000
2000-07-26,0.30392512679100037,0.6299999952316284,0.6499999761581421,0.5899999737739563,0.5899999737739563,10388000
2000-07-27,0.28945255279541016,0.6000000238418579,0.6200000047683716,0.5899999737739563,0.6000000238418579,3384000
2000-07-28,0.28945255279541016,0.6000000238418579,0.6000000238418579,0.5600000023841858,0.5799999833106995,4852000
2000-07-31,0.28945255279541016,0.6000000238418579,0.6200000047683716,0.5699999928474426,0.6000000238418579,2916000
2000-08-01,0.30392512679100037,0.6299999952316284,0.6299999952316284,0.6000000238418579,0.6100000143051147,3732000
2000-08-02,0.29427674412727356,0.6100000143051147,0.6499999761581421,0.6100000143051147,0.6299999952316284,6030000
2000-08-03,0.3280462920665741,0.6800000071525574,0.6800000071525574,0.6100000143051147,0.6200000047683716,10768000
2000-08-04,0.3280462920665741,0.6800000071525574,0.6899999976158142,0.6499999761581421,0.6899999976158142,4952000
2000-08-07,0.3473430871963501,0.7200000286102295,0.7300000190734863,0.6600000262260437,0.6600000262260437,27190000
2000-08-08,0.3280462920665741,0.6800000071525574,0.7200000286102295,0.6800000071525574,0.7200000286102295,4874000
2000-08-09,0.31839779019355774,0.6600000262260437,0.699999988079071,0.6499999761581421,0.699999988079071,7070000
2000-08-10,0.32322201132774353,0.6700000166893005,0.6800000071525574,0.6399999856948853,0.6399999856948853,5224000
2000-08-11,0.32322201132774353,0.6700000166893005,0.6700000166893005,0.6499999761581421,0.6700000166893005,1132000
2000-08-14,0.3135736286640167,0.6499999761581421,0.6899999976158142,0.6200000047683716,0.6800000071525574,7624000
2000-08-15,0.3280462920665741,0.6800000071525574,0.6800000071525574,0.6499999761581421,0.6700000166893005,5582000
2000-08-16,0.3328704535961151,0.6899999976158142,0.699999988079071,0.6700000166893005,0.6700000166893005,6996000
2000-08-17,0.3521672487258911,0.7300000190734863,0.7300000190734863,0.699999988079071,0.7099999785423279,7664000
2000-08-18,0.3473430871963501,0.7200000286102295,0.7300000190734863,0.7099999785423279,0.7300000190734863,4640000
2000-08-21,0.3521672487258911,0.7300000190734863,0.7300000190734863,0.699999988079071,0.7099999785423279,3320000
2000-08-22,0.3521672487258911,0.7300000190734863,0.7400000095367432,0.7200000286102295,0.7300000190734863,3692000
2000-08-23,0.31839779019355774,0.6600000262260437,0.7300000190734863,0.6600000262260437,0.7300000190734863,5218000
2000-08-24,0.3473430871963501,0.7200000286102295,0.7200000286102295,0.6800000071525574,0.6800000071525574,6178000
2000-08-25,0.3473430871963501,0.7200000286102295,0.7300000190734863,0.7099999785423279,0.7200000286102295,7084000
2000-08-28,0.3425188362598419,0.7099999785423279,0.7200000286102295,0.699999988079071,0.699999988079071,7394000
2000-08-29,0.3328704535961151,0.6899999976158142,0.699999988079071,0.6600000262260437,0.699999988079071,7280000
2000-08-30,0.3280462920665741,0.6800000071525574,0.6899999976158142,0.6800000071525574,0.6800000071525574,980000
2000-08-31,0.33769458532333374,0.699999988079071,0.699999988079071,0.6800000071525574,0.6800000071525574,778000
2000-09-01,0.33769458532333374,0.699999988079071,0.699999988079071,0.6800000071525574,0.6800000071525574,1950000
2000-09-04,0.3521672487258911,0.7300000190734863,0.7300000190734863,0.699999988079071,0.7099999785423279,3142000
2000-09-05,0.3762883245944977,0.7799999713897705,0.800000011920929,0.7400000095367432,0.7400000095367432,14036000
2000-09-06,0.3762883245944977,0.7799999713897705,0.7799999713897705,0.7599999904632568,0.7799999713897705,4634000
2000-09-07,0.3811125159263611,0.7900000214576721,0.8199999928474426,0.7699999809265137,0.7799999713897705,14168000
2000-09-08,0.3811125159263611,0.7900000214576721,0.8100000023841858,0.7699999809265137,0.7900000214576721,5620000
2000-09-11,0.3569914400577545,0.7400000095367432,0.7900000214576721,0.7300000190734863,0.7900000214576721,3280000
2000-09-12,0.3280462920665741,0.6800000071525574,0.7300000190734863,0.6800000071525574,0.7300000190734863,3204000
2000-09-13,0.3280462920665741,0.6800000071525574,0.6800000071525574,0.6800000071525574,0.6800000071525574,0
2000-09-14,0.3328704535961151,0.6899999976158142,0.7200000286102295,0.6600000262260437,0.6600000262260437,2328000
2000-09-15,0.3328704535961151,0.6899999976158142,0.7099999785423279,0.6600000262260437,0.699999988079071,2936000
2000-09-18,0.31839779019355774,0.6600000262260437,0.6899999976158142,0.6499999761581421,0.6899999976158142,1956000
2000-09-19,0.31839779019355774,0.6600000262260437,0.6700000166893005,0.6399999856948853,0.6700000166893005,1412000
2000-09-20,0.31839779019355774,0.6600000262260437,0.6800000071525574,0.6600000262260437,0.6600000262260437,3670000
2000-09-21,0.32322201132774353,0.6700000166893005,0.6700000166893005,0.6399999856948853,0.6499999761581421,1898000
2000-09-22,0.31839779019355774,0.6600000262260437,0.6800000071525574,0.6399999856948853,0.6600000262260437,1960000
2000-09-25,0.33769458532333374,0.699999988079071,0.699999988079071,0.6600000262260437,0.6800000071525574,2338000
2000-09-26,0.3425188362598419,0.7099999785423279,0.7200000286102295,0.699999988079071,0.699999988079071,2690000
2000-09-27,0.3328704535961151,0.6899999976158142,0.699999988079071,0.6899999976158142,0.699999988079071,920000
2000-09-28,0.3328704535961151,0.6899999976158142,0.7200000286102295,0.6700000166893005,0.7200000286102295,1662000
2000-09-29,0.33769458532333374,0.699999988079071,0.699999988079071,0.6800000071525574,0.699999988079071,1000000
2000-10-02,0.33769458532333374,0.699999988079071,0.699999988079071,0.699999988079071,0.699999988079071,0
2000-10-03,0.3328704535961151,0.6899999976158142,0.7099999785423279,0.6800000071525574,0.6800000071525574,484000
2000-10-04,0.32322201132774353,0.6700000166893005,0.7099999785423279,0.6499999761581421,0.6899999976158142,1084000
2000-10-05,0.3280462920665741,0.6800000071525574,0.6800000071525574,0.6700000166893005,0.6800000071525574,364000
2000-10-06,0.3280462920665741,0.6800000071525574,0.6800000071525574,0.6800000071525574,0.6800000071525574,0
2000-10-09,0.3280462920665741,0.6800000071525574,0.6800000071525574,0.6700000166893005,0.6800000071525574,682000
2000-10-10,0.33769458532333374,0.699999988079071,0.699999988079071,0.6700000166893005,0.6700000166893005,2416000
2000-10-11,0.3762883245944977,0.7799999713897705,0.8799999952316284,0.7400000095367432,0.7599999904632568,33270000
2000-10-12,0.3569914400577545,0.7400000095367432,0.800000011920929,0.6899999976158142,0.800000011920929,11420000
2000-10-13,0.3280462920665741,0.6800000071525574,0.7200000286102295,0.6600000262260437,0.699999988079071,4982000
2000-10-16,0.3280462920665741,0.6800000071525574,0.6800000071525574,0.6800000071525574,0.6800000071525574,0
2000-10-17,0.30392512679100037,0.6299999952316284,0.6600000262260437,0.6100000143051147,0.6499999761581421,2128000
2000-10-18,0.27980417013168335,0.5799999833106995,0.6399999856948853,0.5600000023841858,0.5799999833106995,2936000
2000-10-19,0.2605073153972626,0.5400000214576721,0.5400000214576721,0.5199999809265137,0.5400000214576721,1232000
2000-10-20,0.27980417013168335,0.5799999833106995,0.5899999737739563,0.550000011920929,0.550000011920929,4942000
2000-10-23,0.29427674412727356,0.6100000143051147,0.6200000047683716,0.5600000023841858,0.5899999737739563,4976000
2000-10-24,0.28945255279541016,0.6000000238418579,0.6299999952316284,0.5799999833106995,0.6200000047683716,1910000
2000-10-25,0.29427674412727356,0.6100000143051147,0.6299999952316284,0.5899999737739563,0.5899999737739563,3200000
2000-10-26,0.29910096526145935,0.6200000047683716,0.6299999952316284,0.6000000238418579,0.6200000047683716,1910000
2000-10-27,0.29910096526145935,0.6200000047683716,0.6200000047683716,0.6200000047683716,0.6200000047683716,0
2000-10-30,0.30392512679100037,0.6299999952316284,0.6399999856948853,0.6100000143051147,0.6399999856948853,1880000
2000-10-31,0.3135736286640167,0.6499999761581421,0.6700000166893005,0.6200000047683716,0.6299999952316284,5888000
2000-11-01,0.3135736286640167,0.6499999761581421,0.6600000262260437,0.6200000047683716,0.6600000262260437,5724000
2000-11-02,0.3135736286640167,0.6499999761581421,0.6899999976158142,0.6499999761581421,0.6600000262260437,15894000
2000-11-03,0.31839779019355774,0.6600000262260437,0.6700000166893005,0.6399999856948853,0.6600000262260437,5486000
2000-11-06,0.30392512679100037,0.6299999952316284,0.6700000166893005,0.6299999952316284,0.6600000262260437,4252000
2000-11-07,0.30874937772750854,0.6399999856948853,0.6600000262260437,0.6200000047683716,0.6499999761581421,2106000
2000-11-08,0.29427674412727356,0.6100000143051147,0.6399999856948853,0.6100000143051147,0.6200000047683716,2682000
2000-11-09,0.29427674412727356,0.6100000143051147,0.6200000047683716,0.5799999833106995,0.6000000238418579,1850000
2000-11-10,0.28945255279541016,0.6000000238418579,0.6100000143051147,0.5899999737739563,0.6100000143051147,1128000
2000-11-13,0.27980417013168335,0.5799999833106995,0.5899999737739563,0.5699999928474426,0.5699999928474426,1304000
2000-11-14,0.29910096526145935,0.6200000047683716,0.6200000047683716,0.5799999833106995,0.5799999833106995,874000
2000-11-15,0.28945255279541016,0.6000000238418579,0.6299999952316284,0.6000000238418579,0.6299999952316284,1110000
2000-11-16,0.30874937772750854,0.6399999856948853,0.6399999856948853,0.6000000238418579,0.6000000238418579,2212000
2000-11-17,0.30874937772750854,0.6399999856948853,0.6399999856948853,0.6100000143051147,0.6299999952316284,1320000
2000-11-20,0.30874937772750854,0.6399999856948853,0.6499999761581421,0.6200000047683716,0.6200000047683716,2680000
2000-11-21,0.30392512679100037,0.6299999952316284,0.6299999952316284,0.6200000047683716,0.6200000047683716,890000
2000-11-22,0.31839779019355774,0.6600000262260437,0.6600000262260437,0.6299999952316284,0.6299999952316284,6838000
2000-11-23,0.3135736286640167,0.6499999761581421,0.6499999761581421,0.6299999952316284,0.6499999761581421,2420000
2000-11-24,0.31839779019355774,0.6600000262260437,0.6700000166893005,0.6499999761581421,0.6499999761581421,5920000
2000-11-27,0.31839779019355774,0.6600000262260437,0.6700000166893005,0.6499999761581421,0.6600000262260437,3026000
2000-11-28,0.31839779019355774,0.6600000262260437,0.6700000166893005,0.6399999856948853,0.6600000262260437,2904000
2000-11-29,0.3135736286640167,0.6499999761581421,0.6600000262260437,0.6299999952316284,0.6600000262260437,976000
2000-11-30,0.3135736286640167,0.6499999761581421,0.6499999761581421,0.6299999952316284,0.6499999761581421,3490000
2000-12-01,0.3280462920665741,0.6800000071525574,0.6800000071525574,0.6399999856948853,0.6499999761581421,4304000
2000-12-04,0.3425188362598419,0.7099999785423279,0.7200000286102295,0.6600000262260437,0.6700000166893005,12328000
2000-12-05,0.3328704535961151,0.6899999976158142,0.7099999785423279,0.6899999976158142,0.7099999785423279,3414000
2000-12-06,0.3569914400577545,0.7400000095367432,0.75,0.699999988079071,0.699999988079071,11862000
2000-12-07,0.3618157207965851,0.75,0.75,0.7300000190734863,0.7300000190734863,3756000
2000-12-08,0.3666399121284485,0.7599999904632568,0.7599999904632568,0.7400000095367432,0.75,6044000
2000-12-11,0.3714641332626343,0.7699999809265137,0.7699999809265137,0.75,0.7599999904632568,4756000
2000-12-12,0.3762883245944977,0.7799999713897705,0.7799999713897705,0.7699999809265137,0.7699999809265137,4578000
2000-12-13,0.3714641332626343,0.7699999809265137,0.7799999713897705,0.7599999904632568,0.7799999713897705,3322000
2000-12-14,0.3666399121284485,0.7599999904632568,0.7699999809265137,0.7400000095367432,0.7699999809265137,444000
2000-12-15,0.3569914400577545,0.7400000095367432,0.75,0.7099999785423279,0.75,448000
2000-12-18,0.3473430871963501,0.7200000286102295,0.7400000095367432,0.7099999785423279,0.7400000095367432,772000
2000-12-19,0.3425188362598419,0.7099999785423279,0.7300000190734863,0.6899999976158142,0.7300000190734863,380000
2000-12-20,0.33769458532333374,0.699999988079071,0.699999988079071,0.6600000262260437,0.699999988079071,204000
2000-12-21,0.33769458532333374,0.699999988079071,0.699999988079071,0.6800000071525574,0.6899999976158142,1494000
2000-12-22,0.33769458532333374,0.699999988079071,0.699999988079071,0.699999988079071,0.699999988079071,1142000
2000-12-25,0.33769458532333374,0.699999988079071,0.699999988079071,0.699999988079071,0.699999988079071,0
2000-12-26,0.33769458532333374,0.699999988079071,0.699999988079071,0.699999988079071,0.699999988079071,0
2000-12-27,0.3328704535961151,0.6899999976158142,0.6899999976158142,0.6800000071525574,0.6899999976158142,244000
2000-12-28,0.3280462920665741,0.6800000071525574,0.6899999976158142,0.6600000262260437,0.6800000071525574,2180000
2000-12-29,0.3328704535961151,0.6899999976158142,0.6899999976158142,0.6700000166893005,0.6800000071525574,840000
2001-01-01,0.3328704535961151,0.6899999976158142,0.6899999976158142,0.6899999976158142,0.6899999976158142,0
2001-01-02,0.3280462920665741,0.6800000071525574,0.6899999976158142,0.6700000166893005,0.6899999976158142,180000
2001-01-03,0.3280462920665741,0.6800000071525574,0.6800000071525574,0.6600000262260437,0.6700000166893005,312000
2001-01-04,0.3328704535961151,0.6899999976158142,0.6899999976158142,0.6700000166893005,0.6800000071525574,890000
2001-01-05,0.3280462920665741,0.6800000071525574,0.6899999976158142,0.6700000166893005,0.6800000071525574,480000
2001-01-08,0.3280462920665741,0.6800000071525574,0.6800000071525574,0.6600000262260437,0.6700000166893005,840000
2001-01-09,0.3473430871963501,0.7200000286102295,0.7200000286102295,0.6800000071525574,0.6800000071525574,3000000
2001-01-10,0.3521672487258911,0.7300000190734863,0.7400000095367432,0.7099999785423279,0.7200000286102295,2336000
2001-01-11,0.3473430871963501,0.7200000286102295,0.7200000286102295,0.6899999976158142,0.7200000286102295,1928000
2001-01-12,0.3425188362598419,0.7099999785423279,0.7200000286102295,0.6700000166893005,0.7099999785423279,968000
2001-01-15,0.3425188362598419,0.7099999785423279,0.7099999785423279,0.6899999976158142,0.699999988079071,1334000
2001-01-16,0.33769458532333374,0.699999988079071,0.7099999785423279,0.6600000262260437,0.7099999785423279,1260000
2001-01-17,0.3280462920665741,0.6800000071525574,0.699999988079071,0.6499999761581421,0.699999988079071,1488000
2001-01-18,0.3280462920665741,0.6800000071525574,0.6800000071525574,0.6499999761581421,0.6800000071525574,854000
2001-01-19,0.3280462920665741,0.6800000071525574,0.6800000071525574,0.6600000262260437,0.6800000071525574,582000
2001-01-22,0.3280462920665741,0.6800000071525574,0.6800000071525574,0.6700000166893005,0.6800000071525574,150000
2001-01-23,0.3280462920665741,0.6800000071525574,0.6800000071525574,0.6800000071525574,0.6800000071525574,218000
2001-01-24,0.3280462920665741,0.6800000071525574,0.6800000071525574,0.6800000071525574,0.6800000071525574,0
2001-01-25,0.3280462920665741,0.6800000071525574,0.6800000071525574,0.6800000071525574,0.6800000071525574,0
2001-01-26,0.3280462920665741,0.6800000071525574,0.6800000071525574,0.6800000071525574,0.6800000071525574,0
2001-01-29,0.32322201132774353,0.6700000166893005,0.6700000166893005,0.6000000238418579,0.6700000166893005,172000
2001-01-30,0.32322201132774353,0.6700000166893005,0.6800000071525574,0.6600000262260437,0.6800000071525574,734000
2001-01-31,0.3135736286640167,0.6499999761581421,0.6499999761581421,0.6499999761581421,0.6499999761581421,238000
2001-02-01,0.31839779019355774,0.6600000262260437,0.6700000166893005,0.6499999761581421,0.6499999761581421,712000
2001-02-02,0.32322201132774353,0.6700000166893005,0.6700000166893005,0.6600000262260437,0.6600000262260437,168000
2001-02-05,0.3135736286640167,0.6499999761581421,0.6700000166893005,0.6499999761581421,0.6700000166893005,310000
2001-02-06,0.32322201132774353,0.6700000166893005,0.6700000166893005,0.6399999856948853,0.6499999761581421,594000
2001-02-07,0.32322201132774353,0.6700000166893005,0.6700000166893005,0.6299999952316284,0.6399999856948853,222000
2001-02-08,0.3280462920665741,0.6800000071525574,0.6800000071525574,0.6700000166893005,0.6700000166893005,700000
2001-02-09,0.3473430871963501,0.7200000286102295,0.7200000286102295,0.6800000071525574,0.6800000071525574,182000
2001-02-12,0.3521672487258911,0.7300000190734863,0.7400000095367432,0.6899999976158142,0.7099999785423279,2528000
2001-02-13,0.33769458532333374,0.699999988079071,0.7099999785423279,0.699999988079071,0.699999988079071,1556000
2001-02-14,0.33769458532333374,0.699999988079071,0.7099999785423279,0.699999988079071,0.699999988079071,1080000
2001-02-15,0.3425188362598419,0.7099999785423279,0.7099999785423279,0.6800000071525574,0.699999988079071,1086000
2001-02-16,0.3328704535961151,0.6899999976158142,0.699999988079071,0.6700000166893005,0.699999988079071,1286000
2001-02-19,0.3569914400577545,0.7400000095367432,0.75,0.699999988079071,0.699999988079071,2380000
2001-02-20,0.39558517932891846,0.8199999928474426,0.8199999928474426,0.7599999904632568,0.7699999809265137,11462000
2001-02-21,0.3666399121284485,0.7599999904632568,0.8299999833106995,0.7400000095367432,0.8299999833106995,2868000
2001-02-22,0.3714641332626343,0.7699999809265137,0.7799999713897705,0.7300000190734863,0.7300000190734863,2378000
2001-02-23,0.4052336513996124,0.8399999737739563,0.8500000238418579,0.7799999713897705,0.7799999713897705,8824000
2001-02-26,0.3859367072582245,0.800000011920929,0.8600000143051147,0.7900000214576721,0.8399999737739563,8980000
2001-02-27,0.41005775332450867,0.8500000238418579,0.8500000238418579,0.800000011920929,0.8500000238418579,11774000
2001-02-28,0.3859367072582245,0.800000011920929,0.8600000143051147,0.7400000095367432,0.8500000238418579,5496000
2001-03-01,0.3521672487258911,0.7300000190734863,0.7900000214576721,0.7300000190734863,0.7799999713897705,3850000
2001-03-02,0.3666399121284485,0.7599999904632568,0.7699999809265137,0.7400000095367432,0.75,1854000
2001-03-05,0.3762883245944977,0.7799999713897705,0.7799999713897705,0.7400000095367432,0.7400000095367432,1394000
2001-03-06,0.40040940046310425,0.8299999833106995,0.8399999737739563,0.800000011920929,0.800000011920929,4256000
2001-03-07,0.39076098799705505,0.8100000023841858,0.8299999833106995,0.8100000023841858,0.8299999833106995,1336000
2001-03-08,0.39076098799705505,0.8100000023841858,0.8299999833106995,0.8100000023841858,0.8199999928474426,2050000
2001-03-09,0.3859367072582245,0.800000011920929,0.8199999928474426,0.800000011920929,0.8199999928474426,1568000
2001-03-12,0.39558517932891846,0.8199999928474426,0.8299999833106995,0.800000011920929,0.800000011920929,2742000
2001-03-13,0.4052336513996124,0.8399999737739563,0.8399999737739563,0.7799999713897705,0.8199999928474426,3884000
2001-03-14,0.4052336513996124,0.8399999737739563,0.8399999737739563,0.8399999737739563,0.8399999737739563,0
2001-03-15,0.429354727268219,0.8899999856948853,0.9100000262260437,0.8199999928474426,0.8199999928474426,14806000
2001-03-16,0.429354727268219,0.8899999856948853,0.9100000262260437,0.8700000047683716,0.8799999952316284,14034000
2001-03-19,0.44382718205451965,0.9200000166893005,0.9300000071525574,0.8700000047683716,0.8799999952316284,27886000
2001-03-20,0.429354727268219,0.8899999856948853,0.9300000071525574,0.8899999856948853,0.9300000071525574,8634000
2001-03-21,0.4390030801296234,0.9100000262260437,0.9200000166893005,0.8799999952316284,0.8999999761581421,9746000
2001-03-22,0.46312415599823,0.9599999785423279,0.9700000286102295,0.8999999761581421,0.8999999761581421,15362000
2001-03-23,0.5161904096603394,1.0700000524520874,1.149999976158142,0.9700000286102295,0.9900000095367432,31060000
2001-03-26,0.5837293863296509,1.2100000381469727,1.2200000286102295,1.100000023841858,1.100000023841858,20226000
2001-03-27,0.6030263304710388,1.25,1.3899999856948853,1.2100000381469727,1.2200000286102295,26546000
2001-03-28,0.6078502535820007,1.2599999904632568,1.3200000524520874,1.2000000476837158,1.2899999618530273,13610000
2001-03-29,0.6367955803871155,1.3200000524520874,1.3200000524520874,1.2300000190734863,1.2300000190734863,14214000
2001-03-30,0.6850376725196838,1.4199999570846558,1.4500000476837158,1.2999999523162842,1.3200000524520874,19782000
2001-04-02,0.7236314415931702,1.5,1.5299999713897705,1.399999976158142,1.4199999570846558,19296000
2001-04-03,0.6657409071922302,1.3799999952316284,1.5199999809265137,1.3600000143051147,1.4900000095367432,14086000
2001-04-04,0.670565128326416,1.3899999856948853,1.4199999570846558,1.309999942779541,1.350000023841858,10802000
2001-04-05,0.670565128326416,1.3899999856948853,1.3899999856948853,1.3899999856948853,1.3899999856948853,0
2001-04-06,0.7574009299278259,1.5700000524520874,1.5700000524520874,1.4199999570846558,1.4199999570846558,13626000
2001-04-09,0.74775230884552,1.5499999523162842,1.559999942779541,1.4800000190734863,1.5299999713897705,8544000
2001-04-10,0.7911703586578369,1.6399999856948853,1.659999966621399,1.5399999618530273,1.5499999523162842,14290000
2001-04-11,0.7670493125915527,1.590000033378601,1.7000000476837158,1.5499999523162842,1.649999976158142,11504000
2001-04-12,0.7525766491889954,1.559999942779541,1.6299999952316284,1.5399999618530273,1.5399999618530273,6130000
2001-04-13,0.7525766491889954,1.559999942779541,1.559999942779541,1.559999942779541,1.559999942779541,0
2001-04-16,0.7525766491889954,1.559999942779541,1.559999942779541,1.559999942779541,1.559999942779541,0
2001-04-17,0.7766976356506348,1.6100000143051147,1.6299999952316284,1.5700000524520874,1.6200000047683716,10168000
2001-04-18,0.8924785852432251,1.850000023841858,1.8600000143051147,1.6200000047683716,1.6299999952316284,16910000
2001-04-19,0.8876543641090393,1.840000033378601,1.9299999475479126,1.7999999523162842,1.9299999475479126,11284000
2001-04-20,0.8201155066490173,1.7000000476837158,1.850000023841858,1.6100000143051147,1.8300000429153442,11290000
2001-04-23,0.8297638297080994,1.7200000286102295,1.7699999809265137,1.6799999475479126,1.75,5196000
2001-04-24,0.8152914047241211,1.690000057220459,1.7899999618530273,1.6799999475479126,1.75,6188000
2001-04-25,0.74775230884552,1.5499999523162842,1.7400000095367432,1.5399999618530273,1.7000000476837158,6806000
2001-04-26,0.74775230884552,1.5499999523162842,1.7400000095367432,1.5399999618530273,1.7000000476837158,6806000
2001-04-27,0.738103985786438,1.5299999713897705,1.5299999713897705,1.4600000381469727,1.5099999904632568,8316000
2001-04-30,0.738103985786438,1.5299999713897705,1.5299999713897705,1.5299999713897705,1.5299999713897705,0
2001-05-01,0.738103985786438,1.5299999713897705,1.5299999713897705,1.5299999713897705,1.5299999713897705,0
2001-05-02,0.7429282665252686,1.5399999618530273,1.559999942779541,1.5099999904632568,1.5499999523162842,3544000
2001-05-03,0.7670493125915527,1.590000033378601,1.600000023841858,1.5,1.5499999523162842,3450000
2001-05-04,0.771873414516449,1.600000023841858,1.6100000143051147,1.5499999523162842,1.5700000524520874,1560000
2001-05-07,0.7525766491889954,1.559999942779541,1.6100000143051147,1.5499999523162842,1.600000023841858,3334000
2001-05-08,0.7236314415931702,1.5,1.5399999618530273,1.4700000286102295,1.5099999904632568,5508000
2001-05-09,0.6898619532585144,1.4299999475479126,1.5,1.399999976158142,1.4800000190734863,6558000
2001-05-10,0.6802133917808533,1.409999966621399,1.4600000381469727,1.340000033378601,1.4299999475479126,10090000
2001-05-11,0.733279824256897,1.5199999809265137,1.5199999809265137,1.399999976158142,1.399999976158142,10826000
2001-05-14,0.7188071608543396,1.4900000095367432,1.559999942779541,1.4900000095367432,1.5,5052000
2001-05-15,0.7863461971282959,1.6299999952316284,1.6399999856948853,1.4800000190734863,1.4900000095367432,8770000
2001-05-16,0.7670493125915527,1.590000033378601,1.7100000381469727,1.590000033378601,1.649999976158142,7872000
2001-05-17,0.7525766491889954,1.559999942779541,1.649999976158142,1.5499999523162842,1.6299999952316284,4892000
2001-05-18,0.7815219759941101,1.6200000047683716,1.649999976158142,1.559999942779541,1.600000023841858,6010000
2001-05-21,0.8152914047241211,1.690000057220459,1.7000000476837158,1.6299999952316284,1.6399999856948853,6914000
2001-05-22,0.8152914047241211,1.690000057220459,1.7400000095367432,1.690000057220459,1.7300000190734863,7118000
2001-05-23,0.8201155066490173,1.7000000476837158,1.75,1.690000057220459,1.7100000381469727,4722000
2001-05-24,0.8152914047241211,1.690000057220459,1.7300000190734863,1.6799999475479126,1.7000000476837158,5582000
2001-05-25,0.8201155066490173,1.7000000476837158,1.7400000095367432,1.6699999570846558,1.7200000286102295,9556000
2001-05-28,0.9117755889892578,1.8899999856948853,1.909999966621399,1.7400000095367432,1.7400000095367432,19268000
2001-05-29,0.8973029255867004,1.8600000143051147,1.9500000476837158,1.809999942779541,1.899999976158142,11134000
2001-05-30,0.9117755889892578,1.8899999856948853,1.8899999856948853,1.75,1.840000033378601,7812000
2001-05-31,0.9069513082504272,1.8799999952316284,1.9900000095367432,1.850000023841858,1.899999976158142,15490000
2001-06-01,1.0010236501693726,2.075000047683716,2.125,1.899999976158142,1.9600000381469727,15576000
2001-06-04,1.1336891651153564,2.3499999046325684,2.424999952316284,2.125,2.125,19670000
2001-06-05,1.0975075960159302,2.2750000953674316,2.5,2.200000047683716,2.450000047683716,13160000
2001-06-06,1.085447072982788,2.25,2.325000047683716,2.174999952316284,2.25,5270000
2001-06-07,1.2060526609420776,2.5,2.5,2.299999952316284,2.299999952316284,10708000
2001-06-08,1.3025364875793457,2.700000047683716,2.799999952316284,2.5,2.625,15686000
2001-06-11,1.3628391027450562,2.825000047683716,3.0,2.6500000953674316,2.799999952316284,15458000
2001-06-12,1.290475845336914,2.674999952316284,2.875,2.6500000953674316,2.799999952316284,8750000
2001-06-13,1.2060526609420776,2.5,2.7249999046325684,2.4749999046325684,2.700000047683716,10714000
2001-06-14,1.085447072982788,2.25,2.700000047683716,2.2249999046325684,2.5,14948000
2001-06-15,1.1819312572479248,2.450000047683716,2.450000047683716,1.9500000476837158,2.0999999046325684,17140000
2001-06-18,1.1216286420822144,2.325000047683716,2.5,2.299999952316284,2.4749999046325684,8604052
2001-06-19,1.1216286420822144,2.325000047683716,2.4000000953674316,2.1500000953674316,2.4000000953674316,4082000
2001-06-20,1.1698707342147827,2.424999952316284,2.4749999046325684,2.299999952316284,2.3499999046325684,4631000
2001-06-21,1.290475845336914,2.674999952316284,2.674999952316284,2.4000000953674316,2.450000047683716,8910000
2001-06-22,1.230173110961914,2.549999952316284,2.7249999046325684,2.5250000953674316,2.700000047683716,5218000
2001-06-25,1.230173110961914,2.549999952316284,2.549999952316284,2.549999952316284,2.549999952316284,0
2001-06-26,1.230173110961914,2.549999952316284,2.6500000953674316,2.549999952316284,2.625,3488000
2001-06-27,1.1939916610717773,2.4749999046325684,2.625,2.450000047683716,2.5999999046325684,2636000
2001-06-28,1.1939916610717773,2.4749999046325684,2.5999999046325684,2.375,2.5250000953674316,4726000
2001-06-29,1.1216286420822144,2.325000047683716,2.5250000953674316,2.2750000953674316,2.5,4332000
2001-07-02,1.1216286420822144,2.325000047683716,2.325000047683716,2.325000047683716,2.325000047683716,0
2001-07-03,1.0975075960159302,2.2750000953674316,2.299999952316284,2.174999952316284,2.299999952316284,5204000
2001-07-04,1.1095681190490723,2.299999952316284,2.325000047683716,2.174999952316284,2.200000047683716,4256000
2001-07-05,1.085447072982788,2.25,2.299999952316284,2.174999952316284,2.299999952316284,2308000
2001-07-06,1.085447072982788,2.25,2.25,2.25,2.25,0
2001-07-09,0.976902425289154,2.0250000953674316,2.200000047683716,2.0,2.200000047683716,3776000
2001-07-10,1.0010236501693726,2.075000047683716,2.1500000953674316,1.9299999475479126,2.0250000953674316,4712000
2001-07-11,0.9648417830467224,2.0,2.075000047683716,1.9700000286102295,2.075000047683716,2438000
2001-07-12,0.9600175619125366,1.9900000095367432,2.0250000953674316,1.9900000095367432,2.0,1778000
2001-07-13,0.9358967542648315,1.940000057220459,2.075000047683716,1.940000057220459,2.049999952316284,1898000
2001-07-16,0.8490607142448425,1.7599999904632568,1.9900000095367432,1.7300000190734863,1.9900000095367432,5656000
2001-07-17,0.7622250318527222,1.5800000429153442,1.7300000190734863,1.5700000524520874,1.7300000190734863,10004000
2001-07-18,0.7959942817687988,1.649999976158142,1.75,1.5800000429153442,1.5800000429153442,5250000
2001-07-19,0.7525766491889954,1.559999942779541,1.6399999856948853,1.4500000476837158,1.6100000143051147,8760000
2001-07-20,0.8345882892608643,1.7300000190734863,1.7400000095367432,1.559999942779541,1.5800000429153442,4926000
2001-07-23,0.8008188009262085,1.659999966621399,1.75,1.659999966621399,1.7000000476837158,2686000
2001-07-24,0.8345882892608643,1.7300000190734863,1.7300000190734863,1.6399999856948853,1.6399999856948853,2952000
2001-07-25,0.8345882892608643,1.7300000190734863,1.7300000190734863,1.7300000190734863,1.7300000190734863,0
2001-07-26,0.8345882892608643,1.7300000190734863,1.8200000524520874,1.659999966621399,1.7100000381469727,5120000
2001-07-27,0.8249398469924927,1.7100000381469727,1.7899999618530273,1.690000057220459,1.75,4920000
2001-07-30,0.8297638297080994,1.7200000286102295,1.75,1.649999976158142,1.75,2886000
2001-07-31,0.8056427836418152,1.6699999570846558,1.7400000095367432,1.6299999952316284,1.7000000476837158,2304000
2001-08-01,0.7911703586578369,1.6399999856948853,1.7000000476837158,1.6299999952316284,1.7000000476837158,3766000
2001-08-02,0.738103985786438,1.5299999713897705,1.6799999475479126,1.5299999713897705,1.6399999856948853,2318000
2001-08-03,0.7188071608543396,1.4900000095367432,1.5499999523162842,1.4900000095367432,1.5099999904632568,2692000
2001-08-06,0.6609167456626892,1.3700000047683716,1.4900000095367432,1.2899999618530273,1.4800000190734863,7032000
2001-08-07,0.6898619532585144,1.4299999475479126,1.4299999475479126,1.2999999523162842,1.350000023841858,5684000
2001-08-08,0.6850376725196838,1.4199999570846558,1.5099999904632568,1.3799999952316284,1.4299999475479126,6236000
2001-08-09,0.7043344974517822,1.4600000381469727,1.4700000286102295,1.3799999952316284,1.3799999952316284,3910000
2001-08-10,0.7091588377952576,1.4700000286102295,1.4900000095367432,1.440000057220459,1.4500000476837158,4064000
2001-08-13,0.6609167456626892,1.3700000047683716,1.4700000286102295,1.3700000047683716,1.4700000286102295,1082000
2001-08-14,0.6898619532585144,1.4299999475479126,1.4500000476837158,1.399999976158142,1.399999976158142,1586000
2001-08-15,0.7236314415931702,1.5,1.5,1.4600000381469727,1.4600000381469727,1736000
2001-08-16,0.6898619532585144,1.4299999475479126,1.5099999904632568,1.4299999475479126,1.5,1692000
2001-08-17,0.6898619532585144,1.4299999475479126,1.4500000476837158,1.4299999475479126,1.4500000476837158,140000
2001-08-20,0.713982880115509,1.4800000190734863,1.4900000095367432,1.440000057220459,1.440000057220459,738000
2001-08-21,0.738103985786438,1.5299999713897705,1.559999942779541,1.4800000190734863,1.5,1714000
2001-08-22,0.7188071608543396,1.4900000095367432,1.5499999523162842,1.4700000286102295,1.5499999523162842,2656000
2001-08-23,0.7284556031227112,1.5099999904632568,1.5099999904632568,1.4900000095367432,1.5,710000
2001-08-24,0.6946861743927002,1.440000057220459,1.5,1.4299999475479126,1.4600000381469727,1454000
2001-08-27,0.6753891706466675,1.399999976158142,1.4600000381469727,1.3899999856948853,1.4500000476837158,1056000
2001-08-28,0.6802133917808533,1.409999966621399,1.4199999570846558,1.350000023841858,1.3799999952316284,986000
2001-08-29,0.6560925841331482,1.3600000143051147,1.4299999475479126,1.3600000143051147,1.409999966621399,856000
2001-08-30,0.6416197419166565,1.3300000429153442,1.3600000143051147,1.309999942779541,1.3300000429153442,1084000
2001-08-31,0.6464440226554871,1.340000033378601,1.3799999952316284,1.340000033378601,1.3600000143051147,536000
2001-09-03,0.6657409071922302,1.3799999952316284,1.409999966621399,1.3600000143051147,1.409999966621399,1998000
2001-09-04,0.6753891706466675,1.399999976158142,1.399999976158142,1.3799999952316284,1.3799999952316284,820000
2001-09-05,0.6560925841331482,1.3600000143051147,1.3799999952316284,1.3600000143051147,1.3799999952316284,234000
2001-09-06,0.6512682437896729,1.350000023841858,1.399999976158142,1.350000023841858,1.399999976158142,416000
2001-09-07,0.6416197419166565,1.3300000429153442,1.3799999952316284,1.3300000429153442,1.350000023841858,270000
2001-09-10,0.6464440226554871,1.340000033378601,1.350000023841858,1.2999999523162842,1.2999999523162842,160000
2001-09-11,0.6416197419166565,1.3300000429153442,1.340000033378601,1.3300000429153442,1.340000033378601,374000
2001-09-12,0.5403113961219788,1.1200000047683716,1.2899999618530273,1.090000033378601,1.2100000381469727,4734000
2001-09-13,0.5499597191810608,1.1399999856948853,1.1699999570846558,1.1299999952316284,1.1699999570846558,1114000
2001-09-14,0.5161904096603394,1.0700000524520874,1.1399999856948853,1.0700000524520874,1.1399999856948853,2262000
2001-09-17,0.47277265787124634,0.9800000190734863,1.0299999713897705,0.9800000190734863,1.0299999713897705,1842000
2001-09-18,0.44382718205451965,0.9200000166893005,1.059999942779541,0.9100000262260437,1.0399999618530273,3610000
2001-09-19,0.5113661289215088,1.059999942779541,1.059999942779541,0.8799999952316284,0.8799999952316284,2202000
2001-09-20,0.4968935251235962,1.0299999713897705,1.090000033378601,0.9599999785423279,1.0099999904632568,2272000
2001-09-21,0.492069274187088,1.0199999809265137,1.0399999618530273,1.0,1.0299999713897705,1428000
2001-09-24,0.492069274187088,1.0199999809265137,1.0199999809265137,1.0199999809265137,1.0199999809265137,0
2001-09-25,0.492069274187088,1.0199999809265137,1.0199999809265137,1.0199999809265137,1.0199999809265137,0
2001-09-26,0.5354872345924377,1.1100000143051147,1.2100000381469727,1.1100000143051147,1.2100000381469727,1312000
2001-09-27,0.5547840595245361,1.149999976158142,1.159999966621399,1.100000023841858,1.100000023841858,964000
2001-09-28,0.5547840595245361,1.149999976158142,1.149999976158142,1.149999976158142,1.149999976158142,0
2001-10-01,0.5547840595245361,1.149999976158142,1.149999976158142,1.149999976158142,1.149999976158142,0
2001-10-02,0.5547840595245361,1.149999976158142,1.149999976158142,1.149999976158142,1.149999976158142,0
2001-10-03,0.6223229765892029,1.2899999618530273,1.2899999618530273,1.2200000286102295,1.2200000286102295,1548000
2001-10-04,0.6319714784622192,1.309999942779541,1.3600000143051147,1.2999999523162842,1.309999942779541,1320000
2001-10-05,0.6464440226554871,1.340000033378601,1.3600000143051147,1.2799999713897705,1.340000033378601,600000
2001-10-08,0.6271472573280334,1.2999999523162842,1.3200000524520874,1.2400000095367432,1.2999999523162842,2156000
2001-10-09,0.6609167456626892,1.3700000047683716,1.3899999856948853,1.3200000524520874,1.3200000524520874,4968000
2001-10-10,0.6464440226554871,1.340000033378601,1.3799999952316284,1.2999999523162842,1.3799999952316284,2448000
2001-10-11,0.6609167456626892,1.3700000047683716,1.399999976158142,1.340000033378601,1.340000033378601,2990000
2001-10-12,0.6174987554550171,1.2799999713897705,1.3700000047683716,1.25,1.3700000047683716,2004000
2001-10-15,0.5837293863296509,1.2100000381469727,1.2999999523162842,1.2000000476837158,1.2699999809265137,670000
2001-10-16,0.5933778285980225,1.2300000190734863,1.2400000095367432,1.2200000286102295,1.2400000095367432,246000
2001-10-17,0.6271472573280334,1.2999999523162842,1.2999999523162842,1.2699999809265137,1.2699999809265137,538000
2001-10-18,0.5982019305229187,1.2400000095367432,1.2999999523162842,1.2400000095367432,1.2799999713897705,750000
2001-10-19,0.5740808844566345,1.190000057220459,1.25,1.190000057220459,1.2400000095367432,1174000
2001-10-22,0.6030263304710388,1.25,1.25,1.2200000286102295,1.2200000286102295,370000
2001-10-23,0.6753891706466675,1.399999976158142,1.409999966621399,1.309999942779541,1.3300000429153442,3120000
2001-10-24,0.6560925841331482,1.3600000143051147,1.4299999475479126,1.350000023841858,1.4299999475479126,1320000
2001-10-25,0.6560925841331482,1.3600000143051147,1.3600000143051147,1.3600000143051147,1.3600000143051147,0
2001-10-26,0.6753891706466675,1.399999976158142,1.440000057220459,1.3600000143051147,1.399999976158142,478000
2001-10-29,0.670565128326416,1.3899999856948853,1.4199999570846558,1.3700000047683716,1.399999976158142,1622000
2001-10-30,0.7815219759941101,1.6200000047683716,1.6200000047683716,1.3899999856948853,1.3899999856948853,7920000
2001-10-31,0.7863461971282959,1.6299999952316284,1.6799999475479126,1.5199999809265137,1.600000023841858,7010000
2001-11-01,0.8104673027992249,1.6799999475479126,1.7599999904632568,1.6299999952316284,1.649999976158142,9086000
2001-11-02,0.8056427836418152,1.6699999570846558,1.7000000476837158,1.5800000429153442,1.7000000476837158,5038000
2001-11-05,0.858709454536438,1.7799999713897705,1.7999999523162842,1.6799999475479126,1.7000000476837158,5110000
2001-11-06,0.8345882892608643,1.7300000190734863,1.809999942779541,1.690000057220459,1.7999999523162842,3526000
2001-11-07,0.7766976356506348,1.6100000143051147,1.7300000190734863,1.600000023841858,1.7300000190734863,3912000
2001-11-08,0.8056427836418152,1.6699999570846558,1.690000057220459,1.600000023841858,1.600000023841858,2804000
2001-11-09,0.8056427836418152,1.6699999570846558,1.6699999570846558,1.6699999570846558,1.6699999570846558,0
2001-11-12,0.7815219759941101,1.6200000047683716,1.6799999475479126,1.6200000047683716,1.659999966621399,2360000
2001-11-13,0.7863461971282959,1.6299999952316284,1.649999976158142,1.6200000047683716,1.6200000047683716,1140000
2001-11-14,0.8152914047241211,1.690000057220459,1.7400000095367432,1.6799999475479126,1.6799999475479126,2526000
2001-11-15,0.8104673027992249,1.6799999475479126,1.7300000190734863,1.6799999475479126,1.7000000476837158,986000
2001-11-16,0.7863461971282959,1.6299999952316284,1.7200000286102295,1.6299999952316284,1.7200000286102295,1612000
2001-11-19,0.738103985786438,1.5299999713897705,1.649999976158142,1.5199999809265137,1.6299999952316284,9178000
2001-11-20,0.7525766491889954,1.559999942779541,1.6200000047683716,1.5399999618530273,1.5499999523162842,5406000
2001-11-21,0.771873414516449,1.600000023841858,1.600000023841858,1.5700000524520874,1.5800000429153442,2426000
2001-11-22,0.7622250318527222,1.5800000429153442,1.600000023841858,1.5800000429153442,1.590000033378601,692000
2001-11-23,0.8056427836418152,1.6699999570846558,1.6699999570846558,1.6100000143051147,1.6200000047683716,2244000
2001-11-26,0.8152914047241211,1.690000057220459,1.7000000476837158,1.6299999952316284,1.690000057220459,3438000
2001-11-27,0.7959942817687988,1.649999976158142,1.690000057220459,1.649999976158142,1.690000057220459,2216000
2001-11-28,0.7815219759941101,1.6200000047683716,1.649999976158142,1.6100000143051147,1.649999976158142,754000
2001-11-29,0.7622250318527222,1.5800000429153442,1.6299999952316284,1.5800000429153442,1.6100000143051147,3570000
2001-11-30,0.7959942817687988,1.649999976158142,1.659999966621399,1.600000023841858,1.600000023841858,1408000
2001-12-03,0.7911703586578369,1.6399999856948853,1.6699999570846558,1.6299999952316284,1.6699999570846558,638000
2001-12-04,0.8008188009262085,1.659999966621399,1.6699999570846558,1.6299999952316284,1.659999966621399,966000
2001-12-05,0.7911703586578369,1.6399999856948853,1.6699999570846558,1.6399999856948853,1.649999976158142,1670000
2001-12-06,0.7766976356506348,1.6100000143051147,1.649999976158142,1.6100000143051147,1.649999976158142,1064000
2001-12-07,0.7863461971282959,1.6299999952316284,1.6299999952316284,1.600000023841858,1.600000023841858,1082000
2001-12-10,0.7815219759941101,1.6200000047683716,1.6299999952316284,1.6100000143051147,1.6299999952316284,692000
2001-12-11,0.771873414516449,1.600000023841858,1.6100000143051147,1.590000033378601,1.590000033378601,1028000
2001-12-12,0.7574009299278259,1.5700000524520874,1.6100000143051147,1.5399999618530273,1.600000023841858,2498000
2001-12-13,0.6995105147361755,1.4500000476837158,1.5499999523162842,1.440000057220459,1.5099999904632568,2138000
2001-12-14,0.7043344974517822,1.4600000381469727,1.4800000190734863,1.3799999952316284,1.4500000476837158,2146000
2001-12-17,0.6753891706466675,1.399999976158142,1.4500000476837158,1.399999976158142,1.4199999570846558,928000
2001-12-18,0.6753891706466675,1.399999976158142,1.4299999475479126,1.399999976158142,1.399999976158142,570000
2001-12-19,0.6850376725196838,1.4199999570846558,1.440000057220459,1.409999966621399,1.440000057220459,98000
2001-12-20,0.6995105147361755,1.4500000476837158,1.4700000286102295,1.4199999570846558,1.4199999570846558,856000
2001-12-21,0.6946861743927002,1.440000057220459,1.4700000286102295,1.4299999475479126,1.4700000286102295,1314000
2001-12-24,0.6850376725196838,1.4199999570846558,1.4199999570846558,1.399999976158142,1.399999976158142,52000
2001-12-25,0.6850376725196838,1.4199999570846558,1.4199999570846558,1.4199999570846558,1.4199999570846558,0
2001-12-26,0.6850376725196838,1.4199999570846558,1.4199999570846558,1.4199999570846558,1.4199999570846558,0
2001-12-27,0.7043344974517822,1.4600000381469727,1.4700000286102295,1.4299999475479126,1.440000057220459,450000
2001-12-28,0.713982880115509,1.4800000190734863,1.4900000095367432,1.4800000190734863,1.4900000095367432,320000
2001-12-31,0.7043344974517822,1.4600000381469727,1.5,1.4600000381469727,1.4900000095367432,1370000
2002-01-01,0.7043344974517822,1.4600000381469727,1.4600000381469727,1.4600000381469727,1.4600000381469727,0
2002-01-02,0.7236314415931702,1.5,1.5,1.4600000381469727,1.4600000381469727,538000
2002-01-03,0.7236314415931702,1.5,1.5,1.5,1.5,0
2002-01-04,0.7525766491889954,1.559999942779541,1.5700000524520874,1.5199999809265137,1.559999942779541,2232000
2002-01-07,0.7815219759941101,1.6200000047683716,1.6399999856948853,1.5499999523162842,1.559999942779541,4234000
2002-01-08,0.7622250318527222,1.5800000429153442,1.6399999856948853,1.5800000429153442,1.6200000047683716,2168000
2002-01-09,0.738103985786438,1.5299999713897705,1.5700000524520874,1.5199999809265137,1.559999942779541,1410000
2002-01-10,0.7525766491889954,1.559999942779541,1.559999942779541,1.5099999904632568,1.5199999809265137,1508000
2002-01-11,0.738103985786438,1.5299999713897705,1.5499999523162842,1.5099999904632568,1.5499999523162842,864000
2002-01-14,0.7236314415931702,1.5,1.5099999904632568,1.4800000190734863,1.5099999904632568,512000
2002-01-15,0.7188071608543396,1.4900000095367432,1.5199999809265137,1.4900000095367432,1.5,1112000
2002-01-16,0.733279824256897,1.5199999809265137,1.5499999523162842,1.4500000476837158,1.4500000476837158,1060000
2002-01-17,0.7236314415931702,1.5,1.5199999809265137,1.4700000286102295,1.4900000095367432,810000
2002-01-18,0.733279824256897,1.5199999809265137,1.5399999618530273,1.5199999809265137,1.5299999713897705,570000
2002-01-21,0.7236314415931702,1.5,1.5399999618530273,1.5,1.5399999618530273,616000
2002-01-22,0.7188071608543396,1.4900000095367432,1.4900000095367432,1.4600000381469727,1.4600000381469727,1084000
2002-01-23,0.738103985786438,1.5299999713897705,1.5399999618530273,1.4900000095367432,1.4900000095367432,488000
2002-01-24,0.7284556031227112,1.5099999904632568,1.5499999523162842,1.5,1.5,522000
2002-01-25,0.7670493125915527,1.590000033378601,1.600000023841858,1.5099999904632568,1.5099999904632568,832000
2002-01-28,0.7574009299278259,1.5700000524520874,1.600000023841858,1.559999942779541,1.5700000524520874,1406000
2002-01-29,0.7574009299278259,1.5700000524520874,1.600000023841858,1.5700000524520874,1.600000023841858,606000
2002-01-30,0.7525766491889954,1.559999942779541,1.590000033378601,1.559999942779541,1.5800000429153442,798000
2002-01-31,0.7525766491889954,1.559999942779541,1.559999942779541,1.559999942779541,1.559999942779541,0
2002-02-01,0.7429282665252686,1.5399999618530273,1.5800000429153442,1.5399999618530273,1.5800000429153442,870000
2002-02-04,0.738103985786438,1.5299999713897705,1.5700000524520874,1.5,1.5199999809265137,1294000
2002-02-05,0.74775230884552,1.5499999523162842,1.5499999523162842,1.5299999713897705,1.5299999713897705,274000
2002-02-06,0.7670493125915527,1.590000033378601,1.600000023841858,1.5299999713897705,1.5299999713897705,1556000
2002-02-07,0.7670493125915527,1.590000033378601,1.600000023841858,1.559999942779541,1.590000033378601,1172000
2002-02-08,0.8249398469924927,1.7100000381469727,1.7400000095367432,1.6399999856948853,1.6399999856948853,8164000
2002-02-11,0.858709454536438,1.7799999713897705,1.7899999618530273,1.7200000286102295,1.7200000286102295,2354000
2002-02-12,0.858709454536438,1.7799999713897705,1.7799999713897705,1.7799999713897705,1.7799999713897705,0
2002-02-13,0.858709454536438,1.7799999713897705,1.7799999713897705,1.7799999713897705,1.7799999713897705,0
2002-02-14,0.858709454536438,1.7799999713897705,1.7799999713897705,1.7799999713897705,1.7799999713897705,0
2002-02-15,0.858709454536438,1.7799999713897705,1.7999999523162842,1.7300000190734863,1.7899999618530273,2056000
2002-02-18,0.8973029255867004,1.8600000143051147,1.8700000047683716,1.75,1.7799999713897705,4640000
2002-02-19,0.8876543641090393,1.840000033378601,1.8799999952316284,1.7999999523162842,1.8600000143051147,3206000
2002-02-20,0.9214237928390503,1.909999966621399,1.9299999475479126,1.8300000429153442,1.8300000429153442,4324000
2002-02-21,0.8973029255867004,1.8600000143051147,1.9199999570846558,1.840000033378601,1.8899999856948853,3384000
2002-02-22,0.9165998697280884,1.899999976158142,1.909999966621399,1.850000023841858,1.850000023841858,1638000
2002-02-25,0.8876543641090393,1.840000033378601,1.8899999856948853,1.8200000524520874,1.8899999856948853,1516000
2002-02-26,0.8683576583862305,1.7999999523162842,1.850000023841858,1.7799999713897705,1.840000033378601,1538000
2002-02-27,0.8924785852432251,1.850000023841858,1.850000023841858,1.8200000524520874,1.8200000524520874,1046000
2002-02-28,0.8731817603111267,1.809999942779541,1.850000023841858,1.809999942779541,1.850000023841858,1356000
2002-03-01,0.8635334968566895,1.7899999618530273,1.8799999952316284,1.7799999713897705,1.850000023841858,6144000
2002-03-04,0.8635334968566895,1.7899999618530273,1.8200000524520874,1.7599999904632568,1.7999999523162842,2088000
2002-03-05,0.8876543641090393,1.840000033378601,1.840000033378601,1.7999999523162842,1.809999942779541,1254000
2002-03-06,0.8828303813934326,1.8300000429153442,1.8700000047683716,1.8300000429153442,1.840000033378601,916000
2002-03-07,0.8828303813934326,1.8300000429153442,1.8300000429153442,1.809999942779541,1.8300000429153442,1552000
2002-03-08,0.8876543641090393,1.840000033378601,1.850000023841858,1.8300000429153442,1.8300000429153442,1570000
2002-03-11,0.9165998697280884,1.899999976158142,1.899999976158142,1.8300000429153442,1.840000033378601,1874000
2002-03-12,0.976902425289154,2.0250000953674316,2.075000047683716,1.899999976158142,1.899999976158142,9998000
2002-03-13,0.9743911623954773,1.940000057220459,2.0,1.9299999475479126,2.0,3546000
2002-03-14,0.9844364523887634,1.9600000381469727,1.9600000381469727,1.9299999475479126,1.940000057220459,1224000
2002-03-15,0.9794137477874756,1.9500000476837158,1.9800000190734863,1.940000057220459,1.940000057220459,906000
2002-03-18,0.9442551732063293,1.8799999952316284,1.9500000476837158,1.8799999952316284,1.9500000476837158,2994000
2002-03-19,0.9392327666282654,1.8700000047683716,1.9199999570846558,1.850000023841858,1.9199999570846558,2082000
2002-03-20,0.9241647720336914,1.840000033378601,1.8799999952316284,1.840000033378601,1.8700000047683716,1570000
2002-03-21,0.9291871786117554,1.850000023841858,1.8700000047683716,1.840000033378601,1.8600000143051147,830000
2002-03-22,0.9442551732063293,1.8799999952316284,1.9199999570846558,1.8600000143051147,1.8600000143051147,1168000
2002-03-25,0.9543005228042603,1.899999976158142,1.909999966621399,1.8799999952316284,1.899999976158142,1628000
2002-03-26,0.9442551732063293,1.8799999952316284,1.8899999856948853,1.8600000143051147,1.8899999856948853,762000
2002-03-27,0.9543005228042603,1.899999976158142,1.899999976158142,1.8799999952316284,1.8799999952316284,448000
2002-03-28,0.9643458127975464,1.9199999570846558,1.9199999570846558,1.8799999952316284,1.8799999952316284,652000
2002-03-29,0.9643458127975464,1.9199999570846558,1.9199999570846558,1.9199999570846558,1.9199999570846558,0
2002-04-01,0.9643458127975464,1.9199999570846558,1.9199999570846558,1.9199999570846558,1.9199999570846558,0
2002-04-02,0.9643458127975464,1.9199999570846558,1.9199999570846558,1.8899999856948853,1.899999976158142,658000
2002-04-03,0.9743911623954773,1.940000057220459,1.9500000476837158,1.9199999570846558,1.9199999570846558,1788000
2002-04-04,1.0296399593353271,2.049999952316284,2.049999952316284,1.9500000476837158,1.9500000476837158,2952000
2002-04-05,1.0296399593353271,2.049999952316284,2.049999952316284,2.049999952316284,2.049999952316284,0
2002-04-08,1.0798664093017578,2.1500000953674316,2.200000047683716,2.0,2.049999952316284,5696000
2002-04-09,1.0547531843185425,2.0999999046325684,2.174999952316284,2.075000047683716,2.174999952316284,2580000
2002-04-10,1.0798664093017578,2.1500000953674316,2.174999952316284,2.0999999046325684,2.125,1876000
2002-04-11,1.1300928592681885,2.25,2.25,2.174999952316284,2.200000047683716,3544000
2002-04-12,1.0924227237701416,2.174999952316284,2.299999952316284,2.1500000953674316,2.299999952316284,866000
2002-04-15,1.1049795150756836,2.200000047683716,2.25,2.174999952316284,2.174999952316284,1204000
2002-04-16,1.1049795150756836,2.200000047683716,2.25,2.200000047683716,2.200000047683716,1662000
2002-04-17,1.1049795150756836,2.200000047683716,2.2249999046325684,2.1500000953674316,2.200000047683716,1282000
2002-04-18,1.0798664093017578,2.1500000953674316,2.200000047683716,2.1500000953674316,2.1500000953674316,1036000
2002-04-19,1.0170834064483643,2.0250000953674316,2.200000047683716,2.0250000953674316,2.200000047683716,2362000
2002-04-22,1.0547531843185425,2.0999999046325684,2.1500000953674316,2.049999952316284,2.049999952316284,2026000
2002-04-23,1.0673099756240845,2.125,2.1500000953674316,2.0999999046325684,2.0999999046325684,690000
2002-04-24,1.04219651222229,2.075000047683716,2.1500000953674316,2.049999952316284,2.1500000953674316,1840000
2002-04-25,0.99448162317276,1.9800000190734863,2.049999952316284,1.9800000190734863,2.049999952316284,3012000
2002-04-26,1.04219651222229,2.075000047683716,2.0999999046325684,2.0,2.0,3085000
2002-04-29,1.0798664093017578,2.1500000953674316,2.174999952316284,2.049999952316284,2.0999999046325684,2694000
2002-04-30,1.1049795150756836,2.200000047683716,2.200000047683716,2.0999999046325684,2.1500000953674316,2480000
2002-05-01,1.1049795150756836,2.200000047683716,2.200000047683716,2.200000047683716,2.200000047683716,0
2002-05-02,1.0924227237701416,2.174999952316284,2.200000047683716,2.1500000953674316,2.200000047683716,454000
2002-05-03,1.0673099756240845,2.125,2.174999952316284,2.0250000953674316,2.0250000953674316,626000
2002-05-06,1.0924227237701416,2.174999952316284,2.174999952316284,2.125,2.125,408000
2002-05-07,1.0798664093017578,2.1500000953674316,2.174999952316284,2.0999999046325684,2.1500000953674316,394000
2002-05-08,1.0547531843185425,2.0999999046325684,2.125,2.0999999046325684,2.125,1434000
2002-05-09,1.0547531843185425,2.0999999046325684,2.125,2.0999999046325684,2.125,338000
2002-05-10,1.0673099756240845,2.125,2.125,2.075000047683716,2.0999999046325684,2402000
2002-05-13,1.0673099756240845,2.125,2.125,2.0999999046325684,2.0999999046325684,740000
2002-05-14,1.117536187171936,2.2249999046325684,2.25,2.125,2.1500000953674316,2256000
2002-05-15,1.0924227237701416,2.174999952316284,2.2249999046325684,2.174999952316284,2.2249999046325684,1160000
2002-05-16,1.117536187171936,2.2249999046325684,2.2249999046325684,2.174999952316284,2.200000047683716,2136000
2002-05-17,1.1049795150756836,2.200000047683716,2.2750000953674316,2.1500000953674316,2.2750000953674316,1098000
2002-05-20,1.1049795150756836,2.200000047683716,2.200000047683716,2.200000047683716,2.200000047683716,0
2002-05-21,1.0798664093017578,2.1500000953674316,2.200000047683716,2.1500000953674316,2.200000047683716,912000
2002-05-22,1.0673099756240845,2.125,2.1500000953674316,2.125,2.125,432000
2002-05-23,1.1049795150756836,2.200000047683716,2.200000047683716,2.125,2.125,1958000
2002-05-24,1.0798664093017578,2.1500000953674316,2.1500000953674316,2.1500000953674316,2.1500000953674316,236000
2002-05-27,1.04219651222229,2.075000047683716,2.1500000953674316,2.075000047683716,2.125,1884000
2002-05-28,1.0547531843185425,2.0999999046325684,2.0999999046325684,2.049999952316284,2.049999952316284,938000
2002-05-29,1.0547531843185425,2.0999999046325684,2.125,2.075000047683716,2.0999999046325684,3058000
2002-05-30,1.0547531843185425,2.0999999046325684,2.0999999046325684,2.0250000953674316,2.0999999046325684,3760000
2002-05-31,1.04219651222229,2.075000047683716,2.0999999046325684,2.049999952316284,2.0999999046325684,596000
2002-06-03,1.004526972770691,2.0,2.075000047683716,2.0,2.075000047683716,1414000
2002-06-04,0.9894592761993408,1.9700000286102295,2.0,1.9600000381469727,2.0,296000
2002-06-05,1.004526972770691,2.0,2.0,1.9700000286102295,1.9700000286102295,676000
2002-06-06,1.0296399593353271,2.049999952316284,2.049999952316284,2.0,2.0250000953674316,1138000
2002-06-07,1.0170834064483643,2.0250000953674316,2.049999952316284,2.0250000953674316,2.049999952316284,1108000
2002-06-10,1.0296399593353271,2.049999952316284,2.049999952316284,2.0,2.0250000953674316,1198000
2002-06-11,1.0170834064483643,2.0250000953674316,2.049999952316284,2.0250000953674316,2.049999952316284,332000
2002-06-12,1.04219651222229,2.075000047683716,2.075000047683716,2.0250000953674316,2.0250000953674316,442000
2002-06-13,1.0547531843185425,2.0999999046325684,2.0999999046325684,2.075000047683716,2.075000047683716,520000
2002-06-14,1.0296399593353271,2.049999952316284,2.125,1.9800000190734863,2.0999999046325684,1754000
2002-06-17,0.9894592761993408,1.9700000286102295,2.0,1.9500000476837158,1.9900000095367432,1162000
2002-06-18,0.9844364523887634,1.9600000381469727,2.0,1.909999966621399,2.0,2880000
2002-06-19,0.9643458127975464,1.9199999570846558,1.9299999475479126,1.8600000143051147,1.9299999475479126,1074000
2002-06-20,0.9593231081962585,1.909999966621399,1.9199999570846558,1.8899999856948853,1.9199999570846558,580000
2002-06-21,0.9442551732063293,1.8799999952316284,1.9199999570846558,1.850000023841858,1.9199999570846558,524000
2002-06-24,1.0170834064483643,2.0250000953674316,2.0250000953674316,1.9299999475479126,1.9700000286102295,1860000
2002-06-25,0.9894592761993408,1.9700000286102295,2.049999952316284,1.9500000476837158,2.049999952316284,972000
2002-06-26,0.9794137477874756,1.9500000476837158,1.9700000286102295,1.9299999475479126,1.9700000286102295,1116000
2002-06-27,0.9794137477874756,1.9500000476837158,1.9700000286102295,1.9500000476837158,1.9500000476837158,274000
2002-06-28,0.9894592761993408,1.9700000286102295,1.9700000286102295,1.9500000476837158,1.9600000381469727,246000
2002-07-01,0.9894592761993408,1.9700000286102295,1.9700000286102295,1.9700000286102295,1.9700000286102295,0
2002-07-02,0.9743911623954773,1.940000057220459,1.9700000286102295,1.9199999570846558,1.9500000476837158,470000
2002-07-03,1.0170834064483643,2.0250000953674316,2.049999952316284,1.9700000286102295,1.9900000095367432,958000
2002-07-04,1.004526972770691,2.0,2.0250000953674316,2.0,2.0250000953674316,272000
2002-07-05,0.99448162317276,1.9800000190734863,2.0999999046325684,1.9800000190734863,2.0999999046325684,142000
2002-07-08,0.99448162317276,1.9800000190734863,2.049999952316284,1.9600000381469727,2.049999952316284,192000
2002-07-09,0.9693685173988342,1.9299999475479126,2.0,1.909999966621399,2.0,874000
2002-07-10,0.9593231081962585,1.909999966621399,1.9299999475479126,1.8899999856948853,1.9299999475479126,812000
2002-07-11,0.9442551732063293,1.8799999952316284,1.899999976158142,1.8700000047683716,1.899999976158142,1892000
2002-07-12,0.9040740728378296,1.7999999523162842,1.8899999856948853,1.7999999523162842,1.8799999952316284,2732000
2002-07-15,0.9291871786117554,1.850000023841858,1.850000023841858,1.7999999523162842,1.7999999523162842,1490000
2002-07-16,0.9090969562530518,1.809999942779541,1.840000033378601,1.809999942779541,1.8300000429153442,618000
2002-07-17,0.8990514278411865,1.7899999618530273,1.7999999523162842,1.7799999713897705,1.7999999523162842,800000
2002-07-18,0.8990514278411865,1.7899999618530273,1.8200000524520874,1.7899999618530273,1.7999999523162842,1982000
2002-07-19,0.8789610862731934,1.75,1.7899999618530273,1.75,1.75,120000
2002-07-22,0.8438025116920471,1.6799999475479126,1.7599999904632568,1.6799999475479126,1.75,1026000
2002-07-23,0.8438025116920471,1.6799999475479126,1.7000000476837158,1.659999966621399,1.659999966621399,2016000
2002-07-24,0.8186895847320557,1.6299999952316284,1.6799999475479126,1.6299999952316284,1.6699999570846558,644000
2002-07-25,0.8237120509147644,1.6399999856948853,1.6699999570846558,1.6399999856948853,1.659999966621399,618000
2002-07-26,0.7533953189849854,1.5,1.6399999856948853,1.4500000476837158,1.6399999856948853,2190000
2002-07-29,0.7785082459449768,1.5499999523162842,1.559999942779541,1.5399999618530273,1.5399999618530273,1638000
2002-07-30,0.8237120509147644,1.6399999856948853,1.6799999475479126,1.600000023841858,1.600000023841858,1794000
2002-07-31,0.8186895847320557,1.6299999952316284,1.6699999570846558,1.6299999952316284,1.6399999856948853,220000
2002-08-01,0.8186895847320557,1.6299999952316284,1.6699999570846558,1.590000033378601,1.659999966621399,994000
2002-08-02,0.788553774356842,1.5700000524520874,1.600000023841858,1.559999942779541,1.600000023841858,540000
2002-08-05,0.7734857201576233,1.5399999618530273,1.5800000429153442,1.5399999618530273,1.5700000524520874,492000
2002-08-06,0.768463134765625,1.5299999713897705,1.5299999713897705,1.5,1.5,228000
2002-08-07,0.7935763001441956,1.5800000429153442,1.5800000429153442,1.5499999523162842,1.5499999523162842,206000
2002-08-08,0.7785082459449768,1.5499999523162842,1.559999942779541,1.5499999523162842,1.559999942779541,70000
2002-08-09,0.7835309505462646,1.559999942779541,1.5700000524520874,1.559999942779541,1.5700000524520874,362000
2002-08-12,0.7835309505462646,1.559999942779541,1.559999942779541,1.559999942779541,1.559999942779541,40000
2002-08-13,0.7734857201576233,1.5399999618530273,1.559999942779541,1.5399999618530273,1.559999942779541,200000
2002-08-14,0.768463134765625,1.5299999713897705,1.559999942779541,1.5199999809265137,1.5499999523162842,880000
2002-08-15,0.7785082459449768,1.5499999523162842,1.5499999523162842,1.5299999713897705,1.5499999523162842,92000
2002-08-16,0.7785082459449768,1.5499999523162842,1.5499999523162842,1.5499999523162842,1.5499999523162842,42000
2002-08-19,0.8086441159248352,1.6100000143051147,1.6100000143051147,1.5499999523162842,1.5499999523162842,136000
2002-08-20,0.8036215901374817,1.600000023841858,1.6299999952316284,1.5800000429153442,1.6100000143051147,600000
2002-08-21,0.7935763001441956,1.5800000429153442,1.600000023841858,1.5499999523162842,1.600000023841858,544000
2002-08-22,0.8186895847320557,1.6299999952316284,1.6299999952316284,1.5700000524520874,1.590000033378601,3706000
2002-08-23,0.8186895847320557,1.6299999952316284,1.6299999952316284,1.6299999952316284,1.6299999952316284,0
2002-08-26,0.7584178447723389,1.5099999904632568,1.559999942779541,1.5,1.559999942779541,2162000
2002-08-27,0.7634404897689819,1.5199999809265137,1.5199999809265137,1.5,1.5,404000
2002-08-28,0.7533953189849854,1.5,1.5299999713897705,1.4700000286102295,1.4700000286102295,612000
2002-08-29,0.7533953189849854,1.5,1.5199999809265137,1.4900000095367432,1.5,490000
2002-08-30,0.7584178447723389,1.5099999904632568,1.5099999904632568,1.4900000095367432,1.5,70000
2002-09-02,0.7483723759651184,1.4900000095367432,1.5099999904632568,1.4900000095367432,1.5099999904632568,120000
2002-09-03,0.7031687498092651,1.399999976158142,1.5,1.399999976158142,1.5,576000
2002-09-04,0.7132141590118408,1.4199999570846558,1.4500000476837158,1.409999966621399,1.4299999475479126,592000
2002-09-05,0.7081913948059082,1.409999966621399,1.4299999475479126,1.409999966621399,1.409999966621399,196000
2002-09-06,0.7031687498092651,1.399999976158142,1.409999966621399,1.3799999952316284,1.399999976158142,340000
2002-09-09,0.7132141590118408,1.4199999570846558,1.440000057220459,1.3899999856948853,1.440000057220459,284000
2002-09-10,0.7031687498092651,1.399999976158142,1.409999966621399,1.3899999856948853,1.399999976158142,688000
2002-09-11,0.7081913948059082,1.409999966621399,1.409999966621399,1.399999976158142,1.409999966621399,64000
2002-09-12,0.7031687498092651,1.399999976158142,1.4199999570846558,1.399999976158142,1.409999966621399,322000
2002-09-13,0.6881009340286255,1.3700000047683716,1.3899999856948853,1.3700000047683716,1.3899999856948853,576000
2002-09-16,0.6981462240219116,1.3899999856948853,1.3899999856948853,1.3799999952316284,1.3799999952316284,296000
2002-09-17,0.6981462240219116,1.3899999856948853,1.3899999856948853,1.3899999856948853,1.3899999856948853,200000
2002-09-18,0.6730329990386963,1.340000033378601,1.3600000143051147,1.3300000429153442,1.3300000429153442,224000
2002-09-19,0.693123459815979,1.3799999952316284,1.409999966621399,1.3799999952316284,1.3799999952316284,168000
2002-09-20,0.7031687498092651,1.399999976158142,1.399999976158142,1.3799999952316284,1.3799999952316284,42000
2002-09-23,0.7081913948059082,1.409999966621399,1.409999966621399,1.3799999952316284,1.399999976158142,332000
2002-09-24,0.7031687498092651,1.399999976158142,1.399999976158142,1.3899999856948853,1.399999976158142,250000
2002-09-25,0.7031687498092651,1.399999976158142,1.399999976158142,1.399999976158142,1.399999976158142,30000
2002-09-26,0.7182368636131287,1.4299999475479126,1.440000057220459,1.399999976158142,1.399999976158142,210000
2002-09-27,0.7232593894004822,1.440000057220459,1.440000057220459,1.409999966621399,1.409999966621399,194000
2002-09-30,0.7433499097824097,1.4800000190734863,1.4800000190734863,1.440000057220459,1.440000057220459,148000
2002-10-01,0.7433499097824097,1.4800000190734863,1.4800000190734863,1.4800000190734863,1.4800000190734863,0
2002-10-02,0.7182368636131287,1.4299999475479126,1.4500000476837158,1.4299999475479126,1.4500000476837158,32000
2002-10-03,0.7182368636131287,1.4299999475479126,1.4299999475479126,1.4299999475479126,1.4299999475479126,6000
2002-10-04,0.7232593894004822,1.440000057220459,1.4500000476837158,1.440000057220459,1.4500000476837158,0
2002-10-07,0.6981462240219116,1.3899999856948853,1.440000057220459,1.3899999856948853,1.440000057220459,32000
2002-10-08,0.7182368636131287,1.4299999475479126,1.4299999475479126,1.3799999952316284,1.399999976158142,786000
2002-10-09,0.7182368636131287,1.4299999475479126,1.4299999475479126,1.399999976158142,1.4299999475479126,264000
2002-10-10,0.7081913948059082,1.409999966621399,1.409999966621399,1.3700000047683716,1.3799999952316284,66000
2002-10-11,0.7031687498092651,1.399999976158142,1.399999976158142,1.3799999952316284,1.399999976158142,196000
2002-10-14,0.7031687498092651,1.399999976158142,1.399999976158142,1.399999976158142,1.399999976158142,0
2002-10-15,0.7132141590118408,1.4199999570846558,1.440000057220459,1.409999966621399,1.409999966621399,180000
2002-10-16,0.7333046197891235,1.4600000381469727,1.4600000381469727,1.4299999475479126,1.440000057220459,1386000
2002-10-17,0.7333046197891235,1.4600000381469727,1.4800000190734863,1.4199999570846558,1.4299999475479126,1060000
2002-10-18,0.7533953189849854,1.5,1.5299999713897705,1.4800000190734863,1.4800000190734863,1212000
2002-10-21,0.7433499097824097,1.4800000190734863,1.5,1.4700000286102295,1.5,236000
2002-10-22,0.7533953189849854,1.5,1.5499999523162842,1.4800000190734863,1.4800000190734863,554000
2002-10-23,0.768463134765625,1.5299999713897705,1.590000033378601,1.5199999809265137,1.5299999713897705,648000
2002-10-24,0.7785082459449768,1.5499999523162842,1.5499999523162842,1.5099999904632568,1.5499999523162842,558000
2002-10-25,0.7985988855361938,1.590000033378601,1.590000033378601,1.5,1.5499999523162842,1004000
2002-10-28,0.7935763001441956,1.5800000429153442,1.6100000143051147,1.5800000429153442,1.6100000143051147,368000
2002-10-29,0.788553774356842,1.5700000524520874,1.600000023841858,1.5199999809265137,1.5499999523162842,1050000
2002-10-30,0.7785082459449768,1.5499999523162842,1.5700000524520874,1.5299999713897705,1.5299999713897705,256000
2002-10-31,0.7985988855361938,1.590000033378601,1.590000033378601,1.559999942779541,1.5700000524520874,550000
2002-11-01,0.7835309505462646,1.559999942779541,1.5800000429153442,1.559999942779541,1.5800000429153442,120000
2002-11-04,0.7935763001441956,1.5800000429153442,1.5800000429153442,1.559999942779541,1.5800000429153442,276000
2002-11-05,0.7935763001441956,1.5800000429153442,1.5800000429153442,1.5800000429153442,1.5800000429153442,18000
2002-11-06,0.7835309505462646,1.559999942779541,1.600000023841858,1.5499999523162842,1.600000023841858,442000
2002-11-07,0.7985988855361938,1.590000033378601,1.590000033378601,1.5499999523162842,1.5499999523162842,308000
2002-11-08,0.7935763001441956,1.5800000429153442,1.6100000143051147,1.5499999523162842,1.559999942779541,604000
2002-11-11,0.768463134765625,1.5299999713897705,1.6200000047683716,1.5199999809265137,1.6200000047683716,252000
2002-11-12,0.7835309505462646,1.559999942779541,1.559999942779541,1.5,1.5099999904632568,454000
2002-11-13,0.7533953189849854,1.5,1.5499999523162842,1.5,1.5,190000
2002-11-14,0.7383273839950562,1.4700000286102295,1.559999942779541,1.4700000286102295,1.559999942779541,192000
2002-11-15,0.768463134765625,1.5299999713897705,1.5299999713897705,1.5099999904632568,1.5099999904632568,332000
2002-11-18,0.768463134765625,1.5299999713897705,1.5299999713897705,1.4900000095367432,1.5299999713897705,670000
2002-11-19,0.7533953189849854,1.5,1.5099999904632568,1.4900000095367432,1.5,458000
2002-11-20,0.7584178447723389,1.5099999904632568,1.5700000524520874,1.5,1.5,630000
2002-11-21,0.7533953189849854,1.5,1.5199999809265137,1.5,1.5199999809265137,608000
2002-11-22,0.7533953189849854,1.5,1.5,1.5,1.5,316000
2002-11-25,0.7634404897689819,1.5199999809265137,1.5199999809265137,1.5199999809265137,1.5199999809265137,72000
2002-11-26,0.7533953189849854,1.5,1.5199999809265137,1.5,1.5199999809265137,46000
2002-11-27,0.7584178447723389,1.5099999904632568,1.5099999904632568,1.5,1.5099999904632568,518000
2002-11-28,0.7835309505462646,1.559999942779541,1.559999942779541,1.4800000190734863,1.5,550000
2002-11-29,0.7835309505462646,1.559999942779541,1.559999942779541,1.5,1.559999942779541,530000
2002-12-02,0.7835309505462646,1.559999942779541,1.559999942779541,1.559999942779541,1.559999942779541,0
2002-12-03,0.7985988855361938,1.590000033378601,1.590000033378601,1.5499999523162842,1.5499999523162842,790000
2002-12-04,0.7785082459449768,1.5499999523162842,1.600000023841858,1.5499999523162842,1.590000033378601,306000
2002-12-05,0.7634404897689819,1.5199999809265137,1.5700000524520874,1.5199999809265137,1.5700000524520874,0
2002-12-06,0.7785082459449768,1.5499999523162842,1.5499999523162842,1.5099999904632568,1.5499999523162842,50000
2002-12-09,0.7734857201576233,1.5399999618530273,1.590000033378601,1.5199999809265137,1.590000033378601,246000
2002-12-10,0.7835309505462646,1.559999942779541,1.559999942779541,1.5199999809265137,1.5199999809265137,64000
2002-12-11,0.7734857201576233,1.5399999618530273,1.5700000524520874,1.5399999618530273,1.5399999618530273,94000
2002-12-12,0.7785082459449768,1.5499999523162842,1.5700000524520874,1.5399999618530273,1.5499999523162842,98000
2002-12-13,0.7734857201576233,1.5399999618530273,1.5399999618530273,1.5099999904632568,1.5399999618530273,382000
2002-12-16,0.7584178447723389,1.5099999904632568,1.5199999809265137,1.5099999904632568,1.5199999809265137,148000
2002-12-17,0.7734857201576233,1.5399999618530273,1.559999942779541,1.5399999618530273,1.559999942779541,214000
2002-12-18,0.768463134765625,1.5299999713897705,1.5399999618530273,1.5199999809265137,1.5399999618530273,1810000
2002-12-19,0.7785082459449768,1.5499999523162842,1.5499999523162842,1.5299999713897705,1.5399999618530273,546000
2002-12-20,0.7785082459449768,1.5499999523162842,1.5499999523162842,1.5299999713897705,1.5399999618530273,326000
2002-12-23,0.7734857201576233,1.5399999618530273,1.5800000429153442,1.5399999618530273,1.5700000524520874,376000
2002-12-24,0.7734857201576233,1.5399999618530273,1.5499999523162842,1.5399999618530273,1.5499999523162842,4000
2002-12-25,0.7734857201576233,1.5399999618530273,1.5399999618530273,1.5399999618530273,1.5399999618530273,0
2002-12-26,0.7734857201576233,1.5399999618530273,1.5399999618530273,1.5399999618530273,1.5399999618530273,0
2002-12-27,0.788553774356842,1.5700000524520874,1.5700000524520874,1.5499999523162842,1.5499999523162842,62000
2002-12-30,0.7533953189849854,1.5,1.5700000524520874,1.5,1.5700000524520874,466000
2002-12-31,0.7634404897689819,1.5199999809265137,1.5299999713897705,1.5199999809265137,1.5299999713897705,0
2003-01-01,0.7634404897689819,1.5199999809265137,1.5199999809265137,1.5199999809265137,1.5199999809265137,0
2003-01-02,0.768463134765625,1.5299999713897705,1.5299999713897705,1.5299999713897705,1.5299999713897705,116000
2003-01-03,0.7734857201576233,1.5399999618530273,1.5399999618530273,1.5099999904632568,1.5099999904632568,134000
2003-01-06,0.768463134765625,1.5299999713897705,1.5299999713897705,1.4900000095367432,1.5299999713897705,776000
2003-01-07,0.7734857201576233,1.5399999618530273,1.5399999618530273,1.5199999809265137,1.5299999713897705,130000
2003-01-08,0.7985988855361938,1.590000033378601,1.6100000143051147,1.5199999809265137,1.600000023841858,2800000
2003-01-09,0.8337574005126953,1.659999966621399,1.6699999570846558,1.5199999809265137,1.590000033378601,3816000
2003-01-10,0.8438025116920471,1.6799999475479126,1.7300000190734863,1.649999976158142,1.6699999570846558,4494000
2003-01-13,0.8588705062866211,1.7100000381469727,1.7200000286102295,1.6399999856948853,1.7000000476837158,1414000
2003-01-14,0.8438025116920471,1.6799999475479126,1.7300000190734863,1.649999976158142,1.7100000381469727,2318000
2003-01-15,0.8287343382835388,1.649999976158142,1.7000000476837158,1.649999976158142,1.7000000476837158,778000
2003-01-16,0.8287343382835388,1.649999976158142,1.6699999570846558,1.6200000047683716,1.649999976158142,888000
2003-01-17,0.8287343382835388,1.649999976158142,1.7000000476837158,1.6399999856948853,1.6699999570846558,528000
2003-01-20,0.8287343382835388,1.649999976158142,1.6799999475479126,1.6200000047683716,1.6799999475479126,156000
2003-01-21,0.8438025116920471,1.6799999475479126,1.7000000476837158,1.659999966621399,1.7000000476837158,728000
2003-01-22,0.8538479208946228,1.7000000476837158,1.7100000381469727,1.649999976158142,1.6799999475479126,804000
2003-01-23,0.8438025116920471,1.6799999475479126,1.7200000286102295,1.6799999475479126,1.7100000381469727,976000
2003-01-24,0.8387797474861145,1.6699999570846558,1.7100000381469727,1.649999976158142,1.7000000476837158,278000
2003-01-27,0.8186895847320557,1.6299999952316284,1.690000057220459,1.6299999952316284,1.690000057220459,332000
2003-01-28,0.8287343382835388,1.649999976158142,1.649999976158142,1.6299999952316284,1.649999976158142,498000
2003-01-29,0.8337574005126953,1.659999966621399,1.6699999570846558,1.649999976158142,1.649999976158142,218000
2003-01-30,0.8438025116920471,1.6799999475479126,1.690000057220459,1.6399999856948853,1.659999966621399,116000
2003-01-31,0.8438025116920471,1.6799999475479126,1.6799999475479126,1.6799999475479126,1.6799999475479126,0
2003-02-03,0.8438025116920471,1.6799999475479126,1.6799999475479126,1.6799999475479126,1.6799999475479126,0
2003-02-04,0.8438025116920471,1.6799999475479126,1.6799999475479126,1.6799999475479126,1.6799999475479126,54000
2003-02-05,0.8588705062866211,1.7100000381469727,1.7100000381469727,1.6799999475479126,1.6799999475479126,974000
2003-02-06,0.8438025116920471,1.6799999475479126,1.7100000381469727,1.6799999475479126,1.7100000381469727,742000
2003-02-07,0.8387797474861145,1.6699999570846558,1.6699999570846558,1.6699999570846558,1.6699999570846558,70000
2003-02-10,0.8186895847320557,1.6299999952316284,1.6699999570846558,1.6299999952316284,1.6699999570846558,220000
2003-02-11,0.8287343382835388,1.649999976158142,1.649999976158142,1.6399999856948853,1.649999976158142,234000
2003-02-12,0.8438025116920471,1.6799999475479126,1.6799999475479126,1.649999976158142,1.649999976158142,488000
2003-02-13,0.8287343382835388,1.649999976158142,1.6799999475479126,1.6200000047683716,1.6799999475479126,334000
2003-02-14,0.8387797474861145,1.6699999570846558,1.6699999570846558,1.6299999952316284,1.649999976158142,402000
2003-02-17,0.8337574005126953,1.659999966621399,1.6699999570846558,1.649999976158142,1.6699999570846558,226000
2003-02-18,0.8237120509147644,1.6399999856948853,1.659999966621399,1.600000023841858,1.659999966621399,5270000
2003-02-19,0.8638929724693298,1.7200000286102295,1.7300000190734863,1.649999976158142,1.649999976158142,6386000
2003-02-20,0.8739385604858398,1.7400000095367432,1.7599999904632568,1.7200000286102295,1.7200000286102295,3114000
2003-02-21,0.9040740728378296,1.7999999523162842,1.809999942779541,1.7400000095367432,1.7699999809265137,8066000
2003-02-24,0.8789610862731934,1.75,1.809999942779541,1.7400000095367432,1.7999999523162842,1860000
2003-02-25,0.8689160346984863,1.7300000190734863,1.7599999904632568,1.7200000286102295,1.7599999904632568,972000
2003-02-26,0.8689160346984863,1.7300000190734863,1.75,1.7300000190734863,1.7400000095367432,2096000
2003-02-27,0.8689160346984863,1.7300000190734863,1.7400000095367432,1.7300000190734863,1.7400000095367432,1684000
2003-02-28,0.8538479208946228,1.7000000476837158,1.7400000095367432,1.7000000476837158,1.7400000095367432,1788000
2003-03-03,0.8588705062866211,1.7100000381469727,1.7300000190734863,1.7000000476837158,1.7300000190734863,586000
2003-03-04,0.8438025116920471,1.6799999475479126,1.7300000190734863,1.6799999475479126,1.7100000381469727,914000
2003-03-05,0.8287343382835388,1.649999976158142,1.690000057220459,1.649999976158142,1.690000057220459,966000
2003-03-06,0.8086441159248352,1.6100000143051147,1.659999966621399,1.590000033378601,1.659999966621399,1546000
2003-03-07,0.8036215901374817,1.600000023841858,1.6100000143051147,1.5700000524520874,1.6100000143051147,550000
2003-03-10,0.7835309505462646,1.559999942779541,1.6200000047683716,1.5499999523162842,1.6200000047683716,980000
2003-03-11,0.8036215901374817,1.600000023841858,1.600000023841858,1.559999942779541,1.559999942779541,298000
2003-03-12,0.8136667609214783,1.6200000047683716,1.6200000047683716,1.600000023841858,1.6200000047683716,1028000
2003-03-13,0.8036215901374817,1.600000023841858,1.6299999952316284,1.590000033378601,1.6299999952316284,254000
2003-03-14,0.8086441159248352,1.6100000143051147,1.6299999952316284,1.6100000143051147,1.6200000047683716,230000
2003-03-17,0.7985988855361938,1.590000033378601,1.6100000143051147,1.5800000429153442,1.6100000143051147,244000
2003-03-18,0.8086441159248352,1.6100000143051147,1.6100000143051147,1.600000023841858,1.600000023841858,1526000
2003-03-19,0.8086441159248352,1.6100000143051147,1.6200000047683716,1.590000033378601,1.6100000143051147,1460000
2003-03-20,0.8036215901374817,1.600000023841858,1.6200000047683716,1.600000023841858,1.6100000143051147,568000
2003-03-21,0.8036215901374817,1.600000023841858,1.600000023841858,1.5800000429153442,1.600000023841858,1364000
2003-03-24,0.8237120509147644,1.6399999856948853,1.6399999856948853,1.600000023841858,1.6100000143051147,1410000
2003-03-25,0.8186895847320557,1.6299999952316284,1.6299999952316284,1.600000023841858,1.6299999952316284,1314000
2003-03-26,0.8186895847320557,1.6299999952316284,1.649999976158142,1.6299999952316284,1.649999976158142,192000
2003-03-27,0.8136667609214783,1.6200000047683716,1.6399999856948853,1.600000023841858,1.6299999952316284,520000
2003-03-28,0.8186895847320557,1.6299999952316284,1.6399999856948853,1.600000023841858,1.600000023841858,2500000
2003-03-31,0.8036215901374817,1.600000023841858,1.6399999856948853,1.5800000429153442,1.6399999856948853,1506000
2003-04-01,0.8086441159248352,1.6100000143051147,1.6200000047683716,1.590000033378601,1.6200000047683716,1244000
2003-04-02,0.8036215901374817,1.600000023841858,1.6200000047683716,1.600000023841858,1.6100000143051147,848000
2003-04-03,0.8036215901374817,1.600000023841858,1.6100000143051147,1.600000023841858,1.600000023841858,1204000
2003-04-04,0.8086441159248352,1.6100000143051147,1.6200000047683716,1.600000023841858,1.600000023841858,824000
2003-04-07,0.8186895847320557,1.6299999952316284,1.6299999952316284,1.600000023841858,1.6200000047683716,894000
2003-04-08,0.8237120509147644,1.6399999856948853,1.649999976158142,1.6200000047683716,1.6299999952316284,798000
2003-04-09,0.8337574005126953,1.659999966621399,1.659999966621399,1.6100000143051147,1.6200000047683716,808000
2003-04-10,0.8287343382835388,1.649999976158142,1.659999966621399,1.6399999856948853,1.659999966621399,1056000
2003-04-11,0.8387797474861145,1.6699999570846558,1.6699999570846558,1.649999976158142,1.649999976158142,1482000
2003-04-14,0.8086441159248352,1.6100000143051147,1.6699999570846558,1.6100000143051147,1.6699999570846558,474000
2003-04-15,0.8136667609214783,1.6200000047683716,1.6299999952316284,1.600000023841858,1.6100000143051147,166000
2003-04-16,0.8186895847320557,1.6299999952316284,1.659999966621399,1.6100000143051147,1.6100000143051147,1060000
2003-04-17,0.8186895847320557,1.6299999952316284,1.6399999856948853,1.6200000047683716,1.6299999952316284,1356000
2003-04-18,0.8186895847320557,1.6299999952316284,1.6299999952316284,1.6299999952316284,1.6299999952316284,0
2003-04-21,0.8186895847320557,1.6299999952316284,1.6299999952316284,1.6299999952316284,1.6299999952316284,0
2003-04-22,0.7985988855361938,1.590000033378601,1.6299999952316284,1.5800000429153442,1.6299999952316284,2072000
2003-04-23,0.7634404897689819,1.5199999809265137,1.5700000524520874,1.5199999809265137,1.5700000524520874,1228000
2003-04-24,0.7533953189849854,1.5,1.5299999713897705,1.4800000190734863,1.5199999809265137,1682000
2003-04-25,0.7533953189849854,1.5,1.5199999809265137,1.5,1.5,1140000
2003-04-28,0.788553774356842,1.5700000524520874,1.5700000524520874,1.5199999809265137,1.5199999809265137,960000
2003-04-29,0.788553774356842,1.5700000524520874,1.5800000429153442,1.5700000524520874,1.5700000524520874,258000
2003-04-30,0.7835309505462646,1.559999942779541,1.590000033378601,1.559999942779541,1.590000033378601,440000
2003-05-01,0.7835309505462646,1.559999942779541,1.559999942779541,1.559999942779541,1.559999942779541,0
2003-05-02,0.7835309505462646,1.559999942779541,1.600000023841858,1.559999942779541,1.600000023841858,116000
2003-05-05,0.7785082459449768,1.5499999523162842,1.559999942779541,1.5399999618530273,1.559999942779541,1068000
2003-05-06,0.7785082459449768,1.5499999523162842,1.5700000524520874,1.5499999523162842,1.559999942779541,984000
2003-05-07,0.7634404897689819,1.5199999809265137,1.5499999523162842,1.5199999809265137,1.5499999523162842,460000
2003-05-08,0.7634404897689819,1.5199999809265137,1.5199999809265137,1.5199999809265137,1.5199999809265137,0
2003-05-09,0.7785082459449768,1.5499999523162842,1.5499999523162842,1.5299999713897705,1.5299999713897705,140000
2003-05-12,0.7935763001441956,1.5800000429153442,1.590000033378601,1.5499999523162842,1.5499999523162842,354000
2003-05-13,0.7935763001441956,1.5800000429153442,1.600000023841858,1.5800000429153442,1.5800000429153442,664000
2003-05-14,0.8036215901374817,1.600000023841858,1.6100000143051147,1.590000033378601,1.590000033378601,832000
2003-05-15,0.8186895847320557,1.6299999952316284,1.6299999952316284,1.600000023841858,1.600000023841858,1078000
2003-05-16,0.8136667609214783,1.6200000047683716,1.6299999952316284,1.6100000143051147,1.6299999952316284,1104000
2003-05-19,0.8186895847320557,1.6299999952316284,1.6299999952316284,1.6100000143051147,1.6100000143051147,978000
2003-05-20,0.8237120509147644,1.6399999856948853,1.649999976158142,1.6200000047683716,1.6299999952316284,2732000
2003-05-21,0.8528465032577515,1.6100000143051147,1.6200000047683716,1.5499999523162842,1.590000033378601,3004000
2003-05-22,0.8952239751815796,1.690000057220459,1.690000057220459,1.6100000143051147,1.6200000047683716,7326000
2003-05-23,0.8740350604057312,1.649999976158142,1.7000000476837158,1.6399999856948853,1.7000000476837158,2478000
2003-05-26,0.9111154675483704,1.7200000286102295,1.7300000190734863,1.649999976158142,1.649999976158142,5268000
2003-05-27,0.8899267911911011,1.6799999475479126,1.75,1.6699999570846558,1.75,2622000
2003-05-28,0.9270071983337402,1.75,1.7699999809265137,1.7200000286102295,1.7300000190734863,7736000
2003-05-29,0.9164130687713623,1.7300000190734863,1.7599999904632568,1.7100000381469727,1.7400000095367432,2888000
2003-05-30,0.9217100739479065,1.7400000095367432,1.75,1.690000057220459,1.690000057220459,2212000
2003-06-02,0.9217100739479065,1.7400000095367432,1.7699999809265137,1.7400000095367432,1.75,2380000
2003-06-03,0.9111154675483704,1.7200000286102295,1.7400000095367432,1.7000000476837158,1.7400000095367432,1658000
2003-06-04,0.9111154675483704,1.7200000286102295,1.7200000286102295,1.7200000286102295,1.7200000286102295,0
2003-06-05,0.9005213379859924,1.7000000476837158,1.7400000095367432,1.7000000476837158,1.7200000286102295,3548000
2003-06-06,0.9005213379859924,1.7000000476837158,1.7200000286102295,1.659999966621399,1.7200000286102295,1874000
2003-06-09,0.9270071983337402,1.75,1.75,1.7000000476837158,1.7100000381469727,4230000
2003-06-10,0.9164130687713623,1.7300000190734863,1.75,1.7300000190734863,1.75,1070000
2003-06-11,0.9111154675483704,1.7200000286102295,1.75,1.7200000286102295,1.75,1072000
2003-06-12,0.9428986310958862,1.7799999713897705,1.7799999713897705,1.7200000286102295,1.7200000286102295,2986000
2003-06-13,1.017059087753296,1.9199999570846558,1.9299999475479126,1.7999999523162842,1.7999999523162842,12380000
2003-06-16,0.9905734658241272,1.8700000047683716,1.9800000190734863,1.8600000143051147,1.9199999570846558,10042000
2003-06-17,0.9958703517913818,1.8799999952316284,1.9199999570846558,1.8600000143051147,1.8899999856948853,4076000
2003-06-18,0.9905734658241272,1.8700000047683716,1.8899999856948853,1.840000033378601,1.8899999856948853,3200000
2003-06-19,1.0064648389816284,1.899999976158142,1.909999966621399,1.850000023841858,1.8700000047683716,3426000
2003-06-20,0.9799788594245911,1.850000023841858,1.899999976158142,1.840000033378601,1.8899999856948853,3814000
2003-06-23,0.9376015067100525,1.7699999809265137,1.8899999856948853,1.7699999809265137,1.8899999856948853,3816000
2003-06-24,0.9217100739479065,1.7400000095367432,1.7799999713897705,1.7000000476837158,1.7699999809265137,2660000
2003-06-25,0.9164130687713623,1.7300000190734863,1.75,1.7100000381469727,1.75,1934000
2003-06-26,0.9217100739479065,1.7400000095367432,1.7400000095367432,1.7100000381469727,1.7400000095367432,946000
2003-06-27,0.9534929394721985,1.7999999523162842,1.7999999523162842,1.7400000095367432,1.7400000095367432,1712000
2003-06-30,0.9217100739479065,1.7400000095367432,1.7999999523162842,1.7400000095367432,1.7999999523162842,2376000
2003-07-01,0.9217100739479065,1.7400000095367432,1.7400000095367432,1.7400000095367432,1.7400000095367432,0
2003-07-02,0.9217100739479065,1.7400000095367432,1.7699999809265137,1.7300000190734863,1.7699999809265137,1138000
2003-07-03,0.9481956958770752,1.7899999618530273,1.7899999618530273,1.7400000095367432,1.7599999904632568,1500000
2003-07-04,0.9428986310958862,1.7799999713897705,1.7999999523162842,1.7599999904632568,1.7899999618530273,1226000
2003-07-07,0.9746818542480469,1.840000033378601,1.850000023841858,1.75,1.7799999713897705,5758000
2003-07-08,0.9640873670578003,1.8200000524520874,1.8600000143051147,1.8200000524520874,1.8200000524520874,3660000
2003-07-09,1.017059087753296,1.9199999570846558,1.9199999570846558,1.8200000524520874,1.8200000524520874,5303000
2003-07-10,0.9958703517913818,1.8799999952316284,1.9199999570846558,1.8600000143051147,1.9199999570846558,3808000
2003-07-11,0.9852760434150696,1.8600000143051147,1.8799999952316284,1.850000023841858,1.8700000047683716,3014000
2003-07-14,1.0276538133621216,1.940000057220459,1.9700000286102295,1.8700000047683716,1.8700000047683716,5524000
2003-07-15,1.00116765499115,1.8899999856948853,1.9500000476837158,1.8700000047683716,1.940000057220459,6290000
2003-07-16,1.017059087753296,1.9199999570846558,1.9600000381469727,1.8899999856948853,1.8899999856948853,4472000
2003-07-17,1.054139256477356,1.9900000095367432,2.049999952316284,1.909999966621399,1.9199999570846558,17674000
2003-07-18,1.1256518363952637,2.125,2.125,1.9700000286102295,1.9700000286102295,19154000
2003-07-21,1.1653804779052734,2.200000047683716,2.2249999046325684,2.0999999046325684,2.125,20440433
2003-07-22,1.2051091194152832,2.2750000953674316,2.2750000953674316,2.0999999046325684,2.174999952316284,16972908
2003-07-23,1.1653804779052734,2.200000047683716,2.2750000953674316,2.174999952316284,2.2750000953674316,17230000
2003-07-24,1.1786231994628906,2.2249999046325684,2.25,2.1500000953674316,2.2249999046325684,8334000
2003-07-25,1.1653804779052734,2.200000047683716,2.2249999046325684,2.1500000953674316,2.174999952316284,8606000
2003-07-28,1.1918665170669556,2.25,2.25,2.2249999046325684,2.2249999046325684,3719591
2003-07-29,1.218352198600769,2.299999952316284,2.3499999046325684,2.2750000953674316,2.2750000953674316,3852103
2003-07-30,1.2051091194152832,2.2750000953674316,2.299999952316284,2.2249999046325684,2.299999952316284,2817280
2003-07-31,1.1786231994628906,2.2249999046325684,2.2750000953674316,2.200000047683716,2.2750000953674316,1002000
2003-08-01,1.218352198600769,2.299999952316284,2.299999952316284,2.25,2.2750000953674316,2523003
2003-08-04,1.2051091194152832,2.2750000953674316,2.299999952316284,2.2249999046325684,2.25,2354000
2003-08-05,1.218352198600769,2.299999952316284,2.325000047683716,2.2750000953674316,2.299999952316284,4474000
2003-08-06,1.2051091194152832,2.2750000953674316,2.299999952316284,2.25,2.299999952316284,1434279
2003-08-07,1.218352198600769,2.299999952316284,2.299999952316284,2.2249999046325684,2.25,2268000
2003-08-08,1.1521371603012085,2.174999952316284,2.2750000953674316,2.174999952316284,2.2750000953674316,1422000
2003-08-11,1.1653804779052734,2.200000047683716,2.25,2.1500000953674316,2.200000047683716,814000
2003-08-12,1.1918665170669556,2.25,2.2750000953674316,2.2249999046325684,2.25,2230000
2003-08-13,1.2315952777862549,2.325000047683716,2.325000047683716,2.2249999046325684,2.2750000953674316,2663947
2003-08-14,1.2051091194152832,2.2750000953674316,2.299999952316284,2.25,2.299999952316284,850000
2003-08-15,1.2051091194152832,2.2750000953674316,2.2750000953674316,2.2750000953674316,2.2750000953674316,1486000
2003-08-18,1.2845669984817505,2.424999952316284,2.424999952316284,2.2750000953674316,2.2750000953674316,6085000
2003-08-19,1.2448381185531616,2.3499999046325684,2.4749999046325684,2.299999952316284,2.4749999046325684,3984500
2003-08-20,1.2448381185531616,2.3499999046325684,2.375,2.299999952316284,2.375,2262000
2003-08-21,1.218352198600769,2.299999952316284,2.4000000953674316,2.299999952316284,2.375,1484000
2003-08-22,1.1786231994628906,2.2249999046325684,2.3499999046325684,2.2249999046325684,2.3499999046325684,2275000
2003-08-25,1.1124085187911987,2.0999999046325684,2.25,2.075000047683716,2.25,4870000
2003-08-26,1.1786231994628906,2.2249999046325684,2.2249999046325684,2.075000047683716,2.075000047683716,3798000
2003-08-27,1.1388945579528809,2.1500000953674316,2.25,2.1500000953674316,2.174999952316284,3066000
2003-08-28,1.1653804779052734,2.200000047683716,2.2249999046325684,2.174999952316284,2.174999952316284,1814000
2003-08-29,1.1918665170669556,2.25,2.2750000953674316,2.200000047683716,2.200000047683716,1402000
2003-09-01,1.218352198600769,2.299999952316284,2.325000047683716,2.174999952316284,2.2750000953674316,2344000
2003-09-02,1.1653804779052734,2.200000047683716,2.299999952316284,2.200000047683716,2.299999952316284,338000
2003-09-03,1.1786231994628906,2.2249999046325684,2.25,2.174999952316284,2.25,1944000
2003-09-04,1.1786231994628906,2.2249999046325684,2.25,2.174999952316284,2.25,1636000
2003-09-05,1.1521371603012085,2.174999952316284,2.2249999046325684,2.174999952316284,2.200000047683716,714000
2003-09-08,1.1521371603012085,2.174999952316284,2.200000047683716,2.1500000953674316,2.1500000953674316,1696000
2003-09-09,1.1124085187911987,2.0999999046325684,2.200000047683716,2.075000047683716,2.200000047683716,1806000
2003-09-10,1.0329508781433105,1.9500000476837158,2.0999999046325684,1.9299999475479126,2.0999999046325684,8915000
2003-09-11,1.0594369173049927,2.0,2.0250000953674316,1.9500000476837158,1.9500000476837158,4646000
2003-09-12,1.0594369173049927,2.0,2.0,2.0,2.0,0
2003-09-15,1.0991655588150024,2.075000047683716,2.0999999046325684,2.0,2.0250000953674316,2324000
2003-09-16,1.0991655588150024,2.075000047683716,2.075000047683716,2.0250000953674316,2.049999952316284,2444000
2003-09-17,1.054139256477356,1.9900000095367432,2.075000047683716,1.9900000095367432,2.075000047683716,2954000
2003-09-18,1.0435453653335571,1.9700000286102295,2.0,1.9500000476837158,2.0,1792000
2003-09-19,1.0488423109054565,1.9800000190734863,2.075000047683716,1.9500000476837158,1.9700000286102295,1820000
2003-09-22,1.0329508781433105,1.9500000476837158,1.9900000095367432,1.940000057220459,1.9800000190734863,2292000
2003-09-23,1.0594369173049927,2.0,2.049999952316284,1.9500000476837158,1.9500000476837158,1352000
2003-09-24,1.0726796388626099,2.0250000953674316,2.0250000953674316,2.0,2.0,862000
2003-09-25,1.0859225988388062,2.049999952316284,2.125,2.0,2.0250000953674316,3163947
2003-09-26,1.0726796388626099,2.0250000953674316,2.0250000953674316,2.0,2.0250000953674316,586000
2003-09-29,1.0726796388626099,2.0250000953674316,2.049999952316284,2.0,2.0,634000
2003-09-30,1.0991655588150024,2.075000047683716,2.075000047683716,2.0250000953674316,2.049999952316284,964000
2003-10-01,1.0991655588150024,2.075000047683716,2.075000047683716,2.075000047683716,2.075000047683716,0
2003-10-02,1.1256518363952637,2.125,2.125,2.075000047683716,2.075000047683716,3162000
2003-10-03,1.2051091194152832,2.2750000953674316,2.2750000953674316,2.125,2.125,9202000
2003-10-06,1.1918665170669556,2.25,2.2750000953674316,2.2249999046325684,2.2750000953674316,2592000
2003-10-07,1.1786231994628906,2.2249999046325684,2.25,2.174999952316284,2.25,2846000
2003-10-08,1.2315952777862549,2.325000047683716,2.325000047683716,2.25,2.25,6488000
2003-10-09,1.2448381185531616,2.3499999046325684,2.4000000953674316,2.299999952316284,2.299999952316284,10344697
2003-10-10,1.258081078529358,2.375,2.4000000953674316,2.299999952316284,2.4000000953674316,3126000
2003-10-13,1.2448381185531616,2.3499999046325684,2.3499999046325684,2.299999952316284,2.299999952316284,2059973
2003-10-14,1.1918665170669556,2.25,2.375,2.2249999046325684,2.375,2426000
2003-10-15,1.2315952777862549,2.325000047683716,2.325000047683716,2.2249999046325684,2.2750000953674316,1950000
2003-10-16,1.2978098392486572,2.450000047683716,2.450000047683716,2.299999952316284,2.299999952316284,7679739
2003-10-17,1.2713241577148438,2.4000000953674316,2.450000047683716,2.375,2.450000047683716,2334101
2003-10-20,1.2978098392486572,2.450000047683716,2.450000047683716,2.3499999046325684,2.4000000953674316,3240000
2003-10-21,1.258081078529358,2.375,2.450000047683716,2.3499999046325684,2.450000047683716,2526000
2003-10-22,1.2845669984817505,2.424999952316284,2.424999952316284,2.325000047683716,2.375,1380000
2003-10-23,1.1786231994628906,2.2249999046325684,2.4000000953674316,2.2249999046325684,2.4000000953674316,2786000
2003-10-24,1.1786231994628906,2.2249999046325684,2.2750000953674316,2.125,2.25,1808000
2003-10-27,1.1918665170669556,2.25,2.2750000953674316,2.200000047683716,2.200000047683716,1716000
2003-10-28,1.1918665170669556,2.25,2.325000047683716,2.25,2.25,4584000
2003-10-29,1.1256518363952637,2.125,2.299999952316284,2.125,2.299999952316284,6810000
2003-10-30,1.1124085187911987,2.0999999046325684,2.125,2.049999952316284,2.125,4636000
2003-10-31,1.1388945579528809,2.1500000953674316,2.200000047683716,2.0999999046325684,2.0999999046325684,5540000
2003-11-03,1.1388945579528809,2.1500000953674316,2.174999952316284,2.075000047683716,2.174999952316284,3622000
2003-11-04,1.1521371603012085,2.174999952316284,2.200000047683716,2.1500000953674316,2.1500000953674316,4714000
2003-11-05,1.1388945579528809,2.1500000953674316,2.200000047683716,2.125,2.174999952316284,3160000
2003-11-06,1.1124085187911987,2.0999999046325684,2.174999952316284,2.075000047683716,2.1500000953674316,6002000
2003-11-07,1.1124085187911987,2.0999999046325684,2.1500000953674316,2.075000047683716,2.125,1996000
2003-11-10,1.0991655588150024,2.075000047683716,2.125,2.049999952316284,2.125,2632000
2003-11-11,1.0726796388626099,2.0250000953674316,2.075000047683716,2.0250000953674316,2.075000047683716,1628000
2003-11-12,1.1124085187911987,2.0999999046325684,2.0999999046325684,2.049999952316284,2.049999952316284,1360000
2003-11-13,1.1388945579528809,2.1500000953674316,2.174999952316284,2.075000047683716,2.125,3616000
2003-11-14,1.1388945579528809,2.1500000953674316,2.174999952316284,2.125,2.174999952316284,946000
2003-11-17,1.1256518363952637,2.125,2.125,2.0999999046325684,2.125,1104000
2003-11-18,1.1124085187911987,2.0999999046325684,2.1500000953674316,2.075000047683716,2.1500000953674316,2208000
2003-11-19,1.0991655588150024,2.075000047683716,2.075000047683716,2.049999952316284,2.075000047683716,1592000
2003-11-20,1.0594369173049927,2.0,2.049999952316284,1.9900000095367432,2.049999952316284,2194000
2003-11-21,1.0435453653335571,1.9700000286102295,1.9800000190734863,1.940000057220459,1.9800000190734863,4228000
2003-11-24,1.0488423109054565,1.9800000190734863,1.9900000095367432,1.9700000286102295,1.9800000190734863,8292000
2003-11-25,1.0991655588150024,2.075000047683716,2.075000047683716,1.9900000095367432,1.9900000095367432,1530000
2003-11-26,1.054139256477356,1.9900000095367432,2.075000047683716,1.9900000095367432,2.075000047683716,3332000
2003-11-27,1.0726796388626099,2.0250000953674316,2.049999952316284,1.9900000095367432,1.9900000095367432,2269802
2003-11-28,1.0991655588150024,2.075000047683716,2.0999999046325684,2.0250000953674316,2.049999952316284,2390000
2003-12-01,1.1521371603012085,2.174999952316284,2.174999952316284,2.075000047683716,2.0999999046325684,6162000
2003-12-02,1.1256518363952637,2.125,2.200000047683716,2.0999999046325684,2.200000047683716,3962000
2003-12-03,1.0991655588150024,2.075000047683716,2.174999952316284,2.075000047683716,2.0999999046325684,6036000
2003-12-04,1.1388945579528809,2.1500000953674316,2.1500000953674316,2.0999999046325684,2.0999999046325684,6260960
2003-12-05,1.1124085187911987,2.0999999046325684,2.174999952316284,2.075000047683716,2.1500000953674316,2444000
2003-12-08,1.1124085187911987,2.0999999046325684,2.125,2.075000047683716,2.125,1852000
2003-12-09,1.1388945579528809,2.1500000953674316,2.200000047683716,2.0999999046325684,2.0999999046325684,6806093
2003-12-10,1.1388945579528809,2.1500000953674316,2.200000047683716,2.125,2.1500000953674316,5990000
2003-12-11,1.1918665170669556,2.25,2.25,2.125,2.1500000953674316,7622000
2003-12-12,1.218352198600769,2.299999952316284,2.325000047683716,2.25,2.299999952316284,8736000
2003-12-15,1.1388945579528809,2.1500000953674316,2.325000047683716,2.125,2.325000047683716,4270000
2003-12-16,1.1124085187911987,2.0999999046325684,2.174999952316284,2.0999999046325684,2.1500000953674316,1552259
2003-12-17,1.0991655588150024,2.075000047683716,2.1500000953674316,2.049999952316284,2.125,4196000
2003-12-18,1.0991655588150024,2.075000047683716,2.125,2.075000047683716,2.0999999046325684,1604000
2003-12-19,1.1256518363952637,2.125,2.125,2.075000047683716,2.0999999046325684,2432000
2003-12-22,1.1388945579528809,2.1500000953674316,2.1500000953674316,2.0999999046325684,2.125,1820000
2003-12-23,1.1918665170669556,2.25,2.2750000953674316,2.1500000953674316,2.1500000953674316,6180000
2003-12-24,1.1918665170669556,2.25,2.25,2.2249999046325684,2.2249999046325684,1310000
2003-12-25,1.1918665170669556,2.25,2.25,2.25,2.25,0
2003-12-26,1.1918665170669556,2.25,2.25,2.25,2.25,0
2003-12-29,1.218352198600769,2.299999952316284,2.299999952316284,2.2249999046325684,2.25,2656000
2003-12-30,1.2051091194152832,2.2750000953674316,2.375,2.25,2.325000047683716,3506027
2003-12-31,1.2051091194152832,2.2750000953674316,2.2750000953674316,2.2249999046325684,2.25,740000
2004-01-01,1.2051091194152832,2.2750000953674316,2.2750000953674316,2.2750000953674316,2.2750000953674316,0
2004-01-02,1.2448381185531616,2.3499999046325684,2.3499999046325684,2.2750000953674316,2.325000047683716,5798000
2004-01-05,1.258081078529358,2.375,2.375,2.299999952316284,2.3499999046325684,6290200
2004-01-06,1.258081078529358,2.375,2.424999952316284,2.3499999046325684,2.375,6244000
2004-01-07,1.258081078529358,2.375,2.4000000953674316,2.325000047683716,2.375,1964000
2004-01-08,1.2978098392486572,2.450000047683716,2.5,2.375,2.375,5958000
2004-01-09,1.3110525608062744,2.4749999046325684,2.5,2.424999952316284,2.450000047683716,4844000
2004-01-12,1.2448381185531616,2.3499999046325684,2.450000047683716,2.299999952316284,2.450000047683716,2319900
2004-01-13,1.218352198600769,2.299999952316284,2.375,2.2249999046325684,2.3499999046325684,3824000
2004-01-14,1.218352198600769,2.299999952316284,2.325000047683716,2.299999952316284,2.299999952316284,866000
2004-01-15,1.1653804779052734,2.200000047683716,2.3499999046325684,2.174999952316284,2.3499999046325684,4522000
2004-01-16,1.1521371603012085,2.174999952316284,2.2249999046325684,2.1500000953674316,2.2249999046325684,2362000
2004-01-19,1.1653804779052734,2.200000047683716,2.200000047683716,2.125,2.174999952316284,2708000
2004-01-20,1.1653804779052734,2.200000047683716,2.2750000953674316,2.174999952316284,2.25,4630000
2004-01-21,1.1521371603012085,2.174999952316284,2.2249999046325684,2.174999952316284,2.200000047683716,6650000
2004-01-22,1.1521371603012085,2.174999952316284,2.174999952316284,2.174999952316284,2.174999952316284,0
2004-01-23,1.1521371603012085,2.174999952316284,2.174999952316284,2.174999952316284,2.174999952316284,0
2004-01-26,1.1918665170669556,2.25,2.25,2.174999952316284,2.200000047683716,3916000
2004-01-27,1.1388945579528809,2.1500000953674316,2.2750000953674316,2.1500000953674316,2.25,5880000
2004-01-28,1.1653804779052734,2.200000047683716,2.25,2.174999952316284,2.200000047683716,4042000
2004-01-29,1.1256518363952637,2.125,2.200000047683716,2.075000047683716,2.200000047683716,4370000
2004-01-30,1.1124085187911987,2.0999999046325684,2.1500000953674316,2.0999999046325684,2.125,2814000
2004-02-02,1.1124085187911987,2.0999999046325684,2.1500000953674316,2.0250000953674316,2.1500000953674316,2004000
2004-02-03,1.1256518363952637,2.125,2.125,2.0999999046325684,2.0999999046325684,3022000
2004-02-04,1.1256518363952637,2.125,2.174999952316284,2.125,2.1500000953674316,2318000
2004-02-05,1.1388945579528809,2.1500000953674316,2.1500000953674316,2.0999999046325684,2.0999999046325684,1174000
2004-02-06,1.1918665170669556,2.25,2.2750000953674316,2.1500000953674316,2.174999952316284,4948000
2004-02-09,1.2051091194152832,2.2750000953674316,2.325000047683716,2.25,2.2750000953674316,4574000
2004-02-10,1.1918665170669556,2.25,2.299999952316284,2.200000047683716,2.299999952316284,3622000
2004-02-11,1.1918665170669556,2.25,2.25,2.174999952316284,2.200000047683716,1738000
2004-02-12,1.1786231994628906,2.2249999046325684,2.2750000953674316,2.1500000953674316,2.25,2132000
2004-02-13,1.258081078529358,2.375,2.375,2.174999952316284,2.2249999046325684,11932000
2004-02-16,1.3905107975006104,2.625,2.6500000953674316,2.3499999046325684,2.375,26116000
2004-02-17,1.5361833572387695,2.9000000953674316,3.049999952316284,2.625,2.625,54126000
2004-02-18,1.5494259595870972,2.924999952316284,2.950000047683716,2.799999952316284,2.875,12104000
2004-02-19,1.5229400396347046,2.875,2.950000047683716,2.8499999046325684,2.9000000953674316,5502000
2004-02-20,1.575912356376648,2.9749999046325684,3.0,2.825000047683716,2.924999952316284,4980000
2004-02-23,1.5361833572387695,2.9000000953674316,3.0,2.875,2.9749999046325684,1758600
2004-02-24,1.5096971988677979,2.8499999046325684,2.9000000953674316,2.825000047683716,2.9000000953674316,1554000
2004-02-25,1.5096971988677979,2.8499999046325684,2.875,2.7750000953674316,2.875,2974000
2004-02-26,1.4699684381484985,2.7750000953674316,2.875,2.7249999046325684,2.875,2496000
2004-02-27,1.4832111597061157,2.799999952316284,2.825000047683716,2.7249999046325684,2.75,2148924
2004-03-01,1.4832111597061157,2.799999952316284,2.8499999046325684,2.7750000953674316,2.799999952316284,984000
2004-03-02,1.5494259595870972,2.924999952316284,2.950000047683716,2.825000047683716,2.825000047683716,2794000
2004-03-03,1.4699684381484985,2.7750000953674316,2.924999952316284,2.700000047683716,2.924999952316284,2122000
2004-03-04,1.4832111597061157,2.799999952316284,2.8499999046325684,2.7750000953674316,2.799999952316284,3348000
2004-03-05,1.5096971988677979,2.8499999046325684,2.8499999046325684,2.799999952316284,2.825000047683716,3374000
2004-03-08,1.4832111597061157,2.799999952316284,2.8499999046325684,2.799999952316284,2.8499999046325684,820000
2004-03-09,1.4434823989868164,2.7249999046325684,2.825000047683716,2.700000047683716,2.799999952316284,1408000
2004-03-10,1.3772677183151245,2.5999999046325684,2.825000047683716,2.5999999046325684,2.825000047683716,4904000
2004-03-11,1.3640245199203491,2.575000047683716,2.6500000953674316,2.549999952316284,2.5999999046325684,2180000
2004-03-12,1.3905107975006104,2.625,2.700000047683716,2.4749999046325684,2.5,2134000
2004-03-15,1.3640245199203491,2.575000047683716,2.674999952316284,2.549999952316284,2.674999952316284,2756000
2004-03-16,1.3772677183151245,2.5999999046325684,2.625,2.549999952316284,2.549999952316284,1188000
2004-03-17,1.4567252397537231,2.75,2.75,2.5999999046325684,2.5999999046325684,4608000
2004-03-18,1.4302395582199097,2.700000047683716,2.75,2.625,2.7249999046325684,1806000
2004-03-19,1.4169965982437134,2.674999952316284,2.674999952316284,2.625,2.6500000953674316,462000
2004-03-22,1.3772677183151245,2.5999999046325684,2.674999952316284,2.5999999046325684,2.6500000953674316,2442000
2004-03-23,1.4037535190582275,2.6500000953674316,2.674999952316284,2.575000047683716,2.575000047683716,912000
2004-03-24,1.4169965982437134,2.674999952316284,2.674999952316284,2.5999999046325684,2.674999952316284,604000
2004-03-25,1.3640245199203491,2.575000047683716,2.700000047683716,2.575000047683716,2.700000047683716,1454000
2004-03-26,1.4169965982437134,2.674999952316284,2.700000047683716,2.6500000953674316,2.674999952316284,1242000
2004-03-29,1.4169965982437134,2.674999952316284,2.7750000953674316,2.674999952316284,2.7249999046325684,842000
2004-03-30,1.4302395582199097,2.700000047683716,2.7249999046325684,2.674999952316284,2.674999952316284,502000
2004-03-31,1.4434823989868164,2.7249999046325684,2.7249999046325684,2.700000047683716,2.7249999046325684,1144000
2004-04-01,1.4434823989868164,2.7249999046325684,2.7249999046325684,2.7249999046325684,2.7249999046325684,198000
2004-04-02,1.4567252397537231,2.75,2.75,2.7249999046325684,2.75,260000
2004-04-05,1.4567252397537231,2.75,2.75,2.75,2.75,0
2004-04-06,1.5494259595870972,2.924999952316284,2.950000047683716,2.7750000953674316,2.7750000953674316,2894000
2004-04-07,1.5096971988677979,2.8499999046325684,2.9000000953674316,2.8499999046325684,2.9000000953674316,826000
2004-04-08,1.6156409978866577,3.049999952316284,3.049999952316284,2.8499999046325684,2.8499999046325684,7334000
2004-04-09,1.6156409978866577,3.049999952316284,3.049999952316284,3.049999952316284,3.049999952316284,0
2004-04-12,1.6156409978866577,3.049999952316284,3.049999952316284,3.049999952316284,3.049999952316284,0
2004-04-13,1.5891553163528442,3.0,3.075000047683716,3.0,3.0,4326000
2004-04-14,1.5096971988677979,2.8499999046325684,3.0,2.799999952316284,2.9749999046325684,3550000
2004-04-15,1.5229400396347046,2.875,2.9000000953674316,2.825000047683716,2.8499999046325684,2954000
2004-04-16,1.5096971988677979,2.8499999046325684,2.875,2.8499999046325684,2.8499999046325684,562000
2004-04-19,1.4699684381484985,2.7750000953674316,2.875,2.7750000953674316,2.8499999046325684,864000
2004-04-20,1.4567252397537231,2.75,2.799999952316284,2.6500000953674316,2.7249999046325684,5814000
2004-04-21,1.3905107975006104,2.625,2.7249999046325684,2.575000047683716,2.7249999046325684,4280000
2004-04-22,1.4037535190582275,2.6500000953674316,2.6500000953674316,2.5999999046325684,2.6500000953674316,1976000
2004-04-23,1.4434823989868164,2.7249999046325684,2.7249999046325684,2.674999952316284,2.700000047683716,908000
2004-04-26,1.4037535190582275,2.6500000953674316,2.7249999046325684,2.575000047683716,2.7249999046325684,960000
2004-04-27,1.3772677183151245,2.5999999046325684,2.6500000953674316,2.5999999046325684,2.6500000953674316,554000
2004-04-28,1.3640245199203491,2.575000047683716,2.625,2.575000047683716,2.5999999046325684,1768000
2004-04-29,1.258081078529358,2.375,2.549999952316284,2.3499999046325684,2.549999952316284,4576000
2004-04-30,1.3640245199203491,2.575000047683716,2.575000047683716,2.325000047683716,2.325000047683716,3492000
2004-05-03,1.3375389575958252,2.5250000953674316,2.5250000953674316,2.5250000953674316,2.5250000953674316,68000
2004-05-04,1.3772677183151245,2.5999999046325684,2.625,2.549999952316284,2.549999952316284,1444000
2004-05-05,1.3905107975006104,2.625,2.625,2.575000047683716,2.5999999046325684,530000
2004-05-06,1.3772677183151245,2.5999999046325684,2.674999952316284,2.5999999046325684,2.625,268000
2004-05-07,1.3772677183151245,2.5999999046325684,2.625,2.5999999046325684,2.5999999046325684,184000
2004-05-10,1.3110525608062744,2.4749999046325684,2.5999999046325684,2.450000047683716,2.5999999046325684,464000
2004-05-11,1.2845669984817505,2.424999952316284,2.450000047683716,2.3499999046325684,2.4000000953674316,560000
2004-05-12,1.2845669984817505,2.424999952316284,2.5250000953674316,2.424999952316284,2.4749999046325684,734000
2004-05-13,1.2315952777862549,2.325000047683716,2.424999952316284,2.2750000953674316,2.424999952316284,1960000
2004-05-14,1.1786231994628906,2.2249999046325684,2.325000047683716,2.200000047683716,2.299999952316284,4012000
2004-05-17,1.0991655588150024,2.075000047683716,2.25,2.075000047683716,2.25,1988000
2004-05-18,1.0726796388626099,2.0250000953674316,2.125,1.9500000476837158,2.0999999046325684,6782000
2004-05-19,1.1653804779052734,2.200000047683716,2.2249999046325684,2.075000047683716,2.0999999046325684,3734000
2004-05-20,1.1786231994628906,2.2249999046325684,2.25,2.125,2.174999952316284,1182000
2004-05-21,1.2315952777862549,2.325000047683716,2.375,2.25,2.25,1596000
2004-05-24,1.2978098392486572,2.450000047683716,2.5,2.325000047683716,2.325000047683716,2164000
2004-05-25,1.2713241577148438,2.4000000953674316,2.450000047683716,2.325000047683716,2.450000047683716,1678000
2004-05-26,1.2713241577148438,2.4000000953674316,2.4000000953674316,2.4000000953674316,2.4000000953674316,0
2004-05-27,1.2978098392486572,2.450000047683716,2.4749999046325684,2.4000000953674316,2.4000000953674316,9524000
2004-05-28,1.218352198600769,2.299999952316284,2.5,2.299999952316284,2.5,2202000
2004-05-31,1.258081078529358,2.375,2.4000000953674316,2.325000047683716,2.4000000953674316,496000
2004-06-01,1.2713241577148438,2.4000000953674316,2.5250000953674316,2.375,2.4000000953674316,3842000
2004-06-02,1.258081078529358,2.375,2.450000047683716,2.375,2.450000047683716,526000
2004-06-03,1.1786231994628906,2.2249999046325684,2.375,2.174999952316284,2.375,2394000
2004-06-04,1.1918665170669556,2.25,2.325000047683716,2.2249999046325684,2.325000047683716,970000
2004-06-07,1.258081078529358,2.375,2.4000000953674316,2.2750000953674316,2.2750000953674316,1628000
2004-06-08,1.258081078529358,2.375,2.424999952316284,2.375,2.424999952316284,806000
2004-06-09,1.2448381185531616,2.3499999046325684,2.4000000953674316,2.3499999046325684,2.4000000953674316,928000
2004-06-10,1.2713241577148438,2.4000000953674316,2.4000000953674316,2.299999952316284,2.3499999046325684,516000
2004-06-11,1.258081078529358,2.375,2.4000000953674316,2.3499999046325684,2.4000000953674316,700000
2004-06-14,1.218352198600769,2.299999952316284,2.375,2.299999952316284,2.375,612000
2004-06-15,1.2448381185531616,2.3499999046325684,2.3499999046325684,2.299999952316284,2.299999952316284,192000
2004-06-16,1.2448381185531616,2.3499999046325684,2.375,2.3499999046325684,2.3499999046325684,156000
2004-06-17,1.1786231994628906,2.2249999046325684,2.325000047683716,2.200000047683716,2.325000047683716,1824000
2004-06-18,1.1786231994628906,2.2249999046325684,2.25,2.0999999046325684,2.25,3666000
2004-06-21,1.208844542503357,2.200000047683716,2.2249999046325684,2.174999952316284,2.200000047683716,532000
2004-06-22,1.208844542503357,2.200000047683716,2.200000047683716,2.200000047683716,2.200000047683716,0
2004-06-23,1.1951076984405518,2.174999952316284,2.2249999046325684,2.174999952316284,2.2249999046325684,842000
2004-06-24,1.2363182306289673,2.25,2.2750000953674316,2.200000047683716,2.200000047683716,1194000
2004-06-25,1.2500550746917725,2.2750000953674316,2.2750000953674316,2.2750000953674316,2.2750000953674316,372000
2004-06-28,1.2500550746917725,2.2750000953674316,2.299999952316284,2.2750000953674316,2.2750000953674316,870000
2004-06-29,1.2363182306289673,2.25,2.325000047683716,2.25,2.325000047683716,272000
2004-06-30,1.2637919187545776,2.299999952316284,2.325000047683716,2.2750000953674316,2.2750000953674316,230000
2004-07-01,1.2637919187545776,2.299999952316284,2.299999952316284,2.299999952316284,2.299999952316284,0
2004-07-02,1.291265606880188,2.3499999046325684,2.4000000953674316,2.2750000953674316,2.2750000953674316,1762000
2004-07-05,1.318739652633667,2.4000000953674316,2.4000000953674316,2.3499999046325684,2.3499999046325684,928000
2004-07-06,1.3324764966964722,2.424999952316284,2.450000047683716,2.375,2.375,856000
2004-07-07,1.3324764966964722,2.424999952316284,2.450000047683716,2.4000000953674316,2.424999952316284,592000
2004-07-08,1.2637919187545776,2.299999952316284,2.450000047683716,2.299999952316284,2.450000047683716,1470000
2004-07-09,1.2363182306289673,2.25,2.375,2.25,2.3499999046325684,1570000
2004-07-12,1.2500550746917725,2.2750000953674316,2.325000047683716,2.2750000953674316,2.299999952316284,1356000
2004-07-13,1.2363182306289673,2.25,2.325000047683716,2.25,2.2750000953674316,414000
2004-07-14,1.2637919187545776,2.299999952316284,2.299999952316284,2.25,2.299999952316284,366000
2004-07-15,1.291265606880188,2.3499999046325684,2.3499999046325684,2.2750000953674316,2.2750000953674316,584000
2004-07-16,1.3050025701522827,2.375,2.375,2.3499999046325684,2.3499999046325684,222000
2004-07-19,1.3462132215499878,2.450000047683716,2.450000047683716,2.375,2.375,1708000
2004-07-20,1.3050025701522827,2.375,2.450000047683716,2.375,2.450000047683716,762000
2004-07-21,1.318739652633667,2.4000000953674316,2.450000047683716,2.375,2.450000047683716,276000
2004-07-22,1.3050025701522827,2.375,2.4000000953674316,2.325000047683716,2.375,590000
2004-07-23,1.3050025701522827,2.375,2.4000000953674316,2.3499999046325684,2.375,116000
2004-07-26,1.2775288820266724,2.325000047683716,2.3499999046325684,2.299999952316284,2.325000047683716,576000
2004-07-27,1.3050025701522827,2.375,2.375,2.325000047683716,2.375,538000
2004-07-28,1.2775288820266724,2.325000047683716,2.375,2.299999952316284,2.375,244000
2004-07-29,1.291265606880188,2.3499999046325684,2.3499999046325684,2.299999952316284,2.299999952316284,102000
2004-07-30,1.291265606880188,2.3499999046325684,2.3499999046325684,2.299999952316284,2.299999952316284,72000
2004-08-02,1.318739652633667,2.4000000953674316,2.4000000953674316,2.299999952316284,2.3499999046325684,568000
2004-08-03,1.3050025701522827,2.375,2.4000000953674316,2.3499999046325684,2.4000000953674316,702000
2004-08-04,1.3050025701522827,2.375,2.375,2.325000047683716,2.325000047683716,848000
2004-08-05,1.3462132215499878,2.450000047683716,2.450000047683716,2.375,2.375,1794000
2004-08-06,1.318739652633667,2.4000000953674316,2.450000047683716,2.4000000953674316,2.424999952316284,480000
2004-08-09,1.2775288820266724,2.325000047683716,2.4000000953674316,2.325000047683716,2.4000000953674316,918000
2004-08-10,1.2637919187545776,2.299999952316284,2.325000047683716,2.2750000953674316,2.325000047683716,1256000
2004-08-11,1.2500550746917725,2.2750000953674316,2.3499999046325684,2.2750000953674316,2.325000047683716,512000
2004-08-12,1.2500550746917725,2.2750000953674316,2.2750000953674316,2.25,2.2750000953674316,210000
2004-08-13,1.2500550746917725,2.2750000953674316,2.2750000953674316,2.2750000953674316,2.2750000953674316,82000
2004-08-16,1.2500550746917725,2.2750000953674316,2.2750000953674316,2.2750000953674316,2.2750000953674316,248000
2004-08-17,1.2363182306289673,2.25,2.2750000953674316,2.25,2.2750000953674316,152000
2004-08-18,1.2500550746917725,2.2750000953674316,2.2750000953674316,2.25,2.25,84000
2004-08-19,1.2500550746917725,2.2750000953674316,2.299999952316284,2.2750000953674316,2.2750000953674316,1142000
2004-08-20,1.2637919187545776,2.299999952316284,2.299999952316284,2.2750000953674316,2.299999952316284,820000
2004-08-23,1.2500550746917725,2.2750000953674316,2.299999952316284,2.2750000953674316,2.299999952316284,166000
2004-08-24,1.2500550746917725,2.2750000953674316,2.2750000953674316,2.25,2.2750000953674316,742000
2004-08-25,1.2637919187545776,2.299999952316284,2.4000000953674316,2.25,2.2750000953674316,3068000
2004-08-26,1.2775288820266724,2.325000047683716,2.375,2.299999952316284,2.325000047683716,1098000
2004-08-27,1.2500550746917725,2.2750000953674316,2.325000047683716,2.25,2.325000047683716,1814000
2004-08-30,1.2363182306289673,2.25,2.2750000953674316,2.25,2.25,1144000
2004-08-31,1.2637919187545776,2.299999952316284,2.299999952316284,2.25,2.2750000953674316,712000
2004-09-01,1.2775288820266724,2.325000047683716,2.375,2.299999952316284,2.299999952316284,2012000
2004-09-02,1.291265606880188,2.3499999046325684,2.3499999046325684,2.325000047683716,2.3499999046325684,586000
2004-09-03,1.2775288820266724,2.325000047683716,2.325000047683716,2.325000047683716,2.325000047683716,346000
2004-09-06,1.2775288820266724,2.325000047683716,2.3499999046325684,2.325000047683716,2.325000047683716,228000
2004-09-07,1.291265606880188,2.3499999046325684,2.3499999046325684,2.299999952316284,2.325000047683716,264000
2004-09-08,1.2775288820266724,2.325000047683716,2.375,2.325000047683716,2.325000047683716,926000
2004-09-09,1.3050025701522827,2.375,2.375,2.299999952316284,2.325000047683716,602000
2004-09-10,1.2775288820266724,2.325000047683716,2.3499999046325684,2.325000047683716,2.3499999046325684,454000
2004-09-13,1.3050025701522827,2.375,2.375,2.3499999046325684,2.375,592000
2004-09-14,1.318739652633667,2.4000000953674316,2.4000000953674316,2.375,2.375,228000
2004-09-15,1.291265606880188,2.3499999046325684,2.375,2.3499999046325684,2.375,180000
2004-09-16,1.3324764966964722,2.424999952316284,2.424999952316284,2.3499999046325684,2.3499999046325684,632000
2004-09-17,1.3324764966964722,2.424999952316284,2.4749999046325684,2.424999952316284,2.450000047683716,906000
2004-09-20,1.3874238729476929,2.5250000953674316,2.5250000953674316,2.424999952316284,2.4749999046325684,986000
2004-09-21,1.3599499464035034,2.4749999046325684,2.5250000953674316,2.450000047683716,2.5,1492000
2004-09-22,1.3324764966964722,2.424999952316284,2.5,2.424999952316284,2.450000047683716,736000
2004-09-23,1.3462132215499878,2.450000047683716,2.4749999046325684,2.424999952316284,2.424999952316284,372000
2004-09-24,1.3324764966964722,2.424999952316284,2.450000047683716,2.424999952316284,2.450000047683716,382000
2004-09-27,1.3324764966964722,2.424999952316284,2.424999952316284,2.424999952316284,2.424999952316284,110000
2004-09-28,1.318739652633667,2.4000000953674316,2.424999952316284,2.4000000953674316,2.424999952316284,180000
2004-09-29,1.318739652633667,2.4000000953674316,2.4000000953674316,2.4000000953674316,2.4000000953674316,0
2004-09-30,1.3462132215499878,2.450000047683716,2.4749999046325684,2.4000000953674316,2.4000000953674316,294000
2004-10-01,1.3462132215499878,2.450000047683716,2.450000047683716,2.450000047683716,2.450000047683716,0
2004-10-04,1.3462132215499878,2.450000047683716,2.4749999046325684,2.450000047683716,2.450000047683716,586000
2004-10-05,1.3462132215499878,2.450000047683716,2.4749999046325684,2.450000047683716,2.450000047683716,282000
2004-10-06,1.3324764966964722,2.424999952316284,2.450000047683716,2.424999952316284,2.450000047683716,158000
2004-10-07,1.318739652633667,2.4000000953674316,2.450000047683716,2.4000000953674316,2.424999952316284,1018000
2004-10-08,1.318739652633667,2.4000000953674316,2.4000000953674316,2.4000000953674316,2.4000000953674316,596000
2004-10-11,1.318739652633667,2.4000000953674316,2.424999952316284,2.4000000953674316,2.4000000953674316,162000
2004-10-12,1.291265606880188,2.3499999046325684,2.4000000953674316,2.3499999046325684,2.4000000953674316,622000
2004-10-13,1.2500550746917725,2.2750000953674316,2.3499999046325684,2.2750000953674316,2.3499999046325684,3160000
2004-10-14,1.2637919187545776,2.299999952316284,2.3499999046325684,2.25,2.25,1594000
2004-10-15,1.291265606880188,2.3499999046325684,2.4749999046325684,2.3499999046325684,2.4749999046325684,4350000
2004-10-18,1.2775288820266724,2.325000047683716,2.375,2.325000047683716,2.3499999046325684,2036000
2004-10-19,1.291265606880188,2.3499999046325684,2.375,2.325000047683716,2.375,2710000
2004-10-20,1.2637919187545776,2.299999952316284,2.3499999046325684,2.2750000953674316,2.3499999046325684,2582000
2004-10-21,1.2500550746917725,2.2750000953674316,2.299999952316284,2.2750000953674316,2.299999952316284,1726000
2004-10-22,1.2500550746917725,2.2750000953674316,2.2750000953674316,2.2750000953674316,2.2750000953674316,0
2004-10-25,1.2500550746917725,2.2750000953674316,2.299999952316284,2.25,2.25,1436000
2004-10-26,1.291265606880188,2.3499999046325684,2.3499999046325684,2.2750000953674316,2.299999952316284,1056000
2004-10-27,1.2775288820266724,2.325000047683716,2.3499999046325684,2.325000047683716,2.3499999046325684,1192000
2004-10-28,1.318739652633667,2.4000000953674316,2.424999952316284,2.3499999046325684,2.3499999046325684,4218000
2004-10-29,1.2775288820266724,2.325000047683716,2.4000000953674316,2.299999952316284,2.375,2960000
2004-11-01,1.2637919187545776,2.299999952316284,2.299999952316284,2.299999952316284,2.299999952316284,744000
2004-11-02,1.2775288820266724,2.325000047683716,2.325000047683716,2.299999952316284,2.299999952316284,694000
2004-11-03,1.2637919187545776,2.299999952316284,2.325000047683716,2.299999952316284,2.299999952316284,854000
2004-11-04,1.2637919187545776,2.299999952316284,2.3499999046325684,2.299999952316284,2.3499999046325684,1746000
2004-11-05,1.291265606880188,2.3499999046325684,2.375,2.299999952316284,2.325000047683716,1022000
2004-11-08,1.291265606880188,2.3499999046325684,2.375,2.325000047683716,2.375,390000
2004-11-09,1.4148974418640137,2.575000047683716,2.5999999046325684,2.375,2.375,7252000
2004-11-10,1.4561082124710083,2.6500000953674316,2.6500000953674316,2.549999952316284,2.625,8022000
2004-11-11,1.4148974418640137,2.575000047683716,2.625,2.549999952316284,2.625,2338000
2004-11-12,1.4148974418640137,2.575000047683716,2.5999999046325684,2.549999952316284,2.5999999046325684,2542000
2004-11-15,1.4148974418640137,2.575000047683716,2.625,2.575000047683716,2.625,1262000
2004-11-16,1.5522663593292236,2.825000047683716,2.8499999046325684,2.5999999046325684,2.625,20544000
2004-11-17,1.511055588722229,2.75,2.8499999046325684,2.700000047683716,2.799999952316284,5422000
2004-11-18,1.5247924327850342,2.7750000953674316,2.825000047683716,2.75,2.7750000953674316,2932000
2004-11-19,1.4973187446594238,2.7249999046325684,2.7750000953674316,2.700000047683716,2.7750000953674316,1854000
2004-11-22,1.511055588722229,2.75,2.75,2.700000047683716,2.7249999046325684,1034000
2004-11-23,1.511055588722229,2.75,2.7750000953674316,2.7249999046325684,2.75,3912000
2004-11-24,1.5247924327850342,2.7750000953674316,2.7750000953674316,2.7249999046325684,2.7750000953674316,1196000
2004-11-25,1.4973187446594238,2.7249999046325684,2.799999952316284,2.7249999046325684,2.799999952316284,688000
2004-11-26,1.511055588722229,2.75,2.7750000953674316,2.700000047683716,2.75,492000
2004-11-29,1.511055588722229,2.75,2.799999952316284,2.75,2.7750000953674316,946000
2004-11-30,1.511055588722229,2.75,2.7750000953674316,2.7249999046325684,2.7750000953674316,1130000
2004-12-01,1.4973187446594238,2.7249999046325684,2.75,2.7249999046325684,2.75,684000
2004-12-02,1.4561082124710083,2.6500000953674316,2.7750000953674316,2.6500000953674316,2.7750000953674316,1138000
2004-12-03,1.4286342859268188,2.5999999046325684,2.674999952316284,2.5999999046325684,2.6500000953674316,950000
2004-12-06,1.4561082124710083,2.6500000953674316,2.6500000953674316,2.5999999046325684,2.625,1092000
2004-12-07,1.4561082124710083,2.6500000953674316,2.6500000953674316,2.5999999046325684,2.5999999046325684,226000
2004-12-08,1.4011605978012085,2.549999952316284,2.6500000953674316,2.549999952316284,2.6500000953674316,1110000
2004-12-09,1.4286342859268188,2.5999999046325684,2.625,2.549999952316284,2.575000047683716,616000
2004-12-10,1.3874238729476929,2.5250000953674316,2.5999999046325684,2.5250000953674316,2.5999999046325684,238000
2004-12-13,1.4148974418640137,2.575000047683716,2.575000047683716,2.5250000953674316,2.5250000953674316,520000
2004-12-14,1.4148974418640137,2.575000047683716,2.625,2.549999952316284,2.549999952316284,642000
2004-12-15,1.4148974418640137,2.575000047683716,2.5999999046325684,2.549999952316284,2.5999999046325684,104000
2004-12-16,1.4286342859268188,2.5999999046325684,2.5999999046325684,2.5999999046325684,2.5999999046325684,164000
2004-12-17,1.4011605978012085,2.549999952316284,2.5999999046325684,2.549999952316284,2.5999999046325684,454000
2004-12-20,1.4148974418640137,2.575000047683716,2.5999999046325684,2.575000047683716,2.5999999046325684,442000
2004-12-21,1.4286342859268188,2.5999999046325684,2.6500000953674316,2.5999999046325684,2.6500000953674316,188000
2004-12-22,1.4286342859268188,2.5999999046325684,2.6500000953674316,2.575000047683716,2.6500000953674316,646000
2004-12-23,1.4148974418640137,2.575000047683716,2.625,2.575000047683716,2.625,1333000
2004-12-24,1.4561082124710083,2.6500000953674316,2.700000047683716,2.575000047683716,2.575000047683716,680000
2004-12-27,1.4561082124710083,2.6500000953674316,2.6500000953674316,2.6500000953674316,2.6500000953674316,0
2004-12-28,1.4973187446594238,2.7249999046325684,2.799999952316284,2.6500000953674316,2.674999952316284,4756000
2004-12-29,1.511055588722229,2.75,2.7750000953674316,2.75,2.7750000953674316,1998000
2004-12-30,1.469844937324524,2.674999952316284,2.75,2.625,2.75,1382000
2004-12-31,1.4973187446594238,2.7249999046325684,2.7249999046325684,2.674999952316284,2.674999952316284,352000
2005-01-03,1.4973187446594238,2.7249999046325684,2.75,2.700000047683716,2.700000047683716,474000
2005-01-04,1.6072138547897339,2.924999952316284,2.924999952316284,2.700000047683716,2.7249999046325684,9552000
2005-01-05,1.5522663593292236,2.825000047683716,2.9000000953674316,2.799999952316284,2.9000000953674316,4610000
2005-01-06,1.6484241485595703,3.0,3.049999952316284,2.799999952316284,2.8499999046325684,19090000
2005-01-07,1.62095046043396,2.950000047683716,3.0,2.8499999046325684,2.9749999046325684,3068000
2005-01-10,1.5934770107269287,2.9000000953674316,2.924999952316284,2.825000047683716,2.924999952316284,990000
2005-01-11,1.5797399282455444,2.875,2.924999952316284,2.875,2.9000000953674316,888000
2005-01-12,1.5660029649734497,2.8499999046325684,2.875,2.799999952316284,2.875,1694000
2005-01-13,1.5797399282455444,2.875,2.924999952316284,2.8499999046325684,2.8499999046325684,972000
2005-01-14,1.62095046043396,2.950000047683716,3.0,2.875,2.875,1748000
2005-01-17,1.703371524810791,3.0999999046325684,3.0999999046325684,2.9749999046325684,3.0,6433741
2005-01-18,1.73084557056427,3.1500000953674316,3.174999952316284,3.049999952316284,3.0999999046325684,5338000
2005-01-19,1.73084557056427,3.1500000953674316,3.174999952316284,3.0999999046325684,3.125,2266000
2005-01-20,1.7171088457107544,3.125,3.125,3.0,3.0999999046325684,3838000
2005-01-21,1.6758979558944702,3.049999952316284,3.075000047683716,2.9000000953674316,3.075000047683716,8432000
2005-01-24,1.6346874237060547,2.9749999046325684,3.049999952316284,2.950000047683716,3.049999952316284,1005000
2005-01-25,1.62095046043396,2.950000047683716,3.0250000953674316,2.950000047683716,3.0250000953674316,1028000
2005-01-26,1.6346874237060547,2.9749999046325684,3.0250000953674316,2.924999952316284,3.0250000953674316,1140000
2005-01-27,1.6484241485595703,3.0,3.0250000953674316,2.950000047683716,3.0,842000
2005-01-28,1.6621612310409546,3.0250000953674316,3.0250000953674316,3.0,3.0,192000
2005-01-31,1.6484241485595703,3.0,3.0250000953674316,2.950000047683716,3.0250000953674316,1736000
2005-02-01,1.6072138547897339,2.924999952316284,2.9749999046325684,2.875,2.9749999046325684,1514000
2005-02-02,1.6484241485595703,3.0,3.0,2.875,2.924999952316284,1158000
2005-02-03,1.62095046043396,2.950000047683716,3.0,2.924999952316284,3.0,454000
2005-02-04,1.6621612310409546,3.0250000953674316,3.049999952316284,2.950000047683716,2.9749999046325684,1202000
2005-02-07,1.6758979558944702,3.049999952316284,3.049999952316284,3.0250000953674316,3.049999952316284,786000
2005-02-08,1.6484241485595703,3.0,3.049999952316284,3.0,3.049999952316284,1392000
2005-02-14,1.6758979558944702,3.049999952316284,3.049999952316284,3.0,3.049999952316284,1394000
2005-02-15,1.703371524810791,3.0999999046325684,3.0999999046325684,3.049999952316284,3.049999952316284,2588000
2005-02-16,1.689634919166565,3.075000047683716,3.0999999046325684,3.0250000953674316,3.0999999046325684,3970000
2005-02-17,1.6621612310409546,3.0250000953674316,3.075000047683716,3.0250000953674316,3.075000047683716,662000
2005-02-18,1.6621612310409546,3.0250000953674316,3.049999952316284,3.0250000953674316,3.0250000953674316,500000
2005-02-21,1.6758979558944702,3.049999952316284,3.049999952316284,3.0,3.0250000953674316,770000
2005-02-22,1.6621612310409546,3.0250000953674316,3.049999952316284,3.0250000953674316,3.049999952316284,1038000
2005-02-23,1.6621612310409546,3.0250000953674316,3.049999952316284,3.0,3.0250000953674316,1698000
2005-02-24,1.6758979558944702,3.049999952316284,3.075000047683716,3.0250000953674316,3.0250000953674316,2784000
2005-02-25,1.6621612310409546,3.0250000953674316,3.049999952316284,3.0,3.0250000953674316,2530000
2005-02-28,1.6484241485595703,3.0,3.049999952316284,2.950000047683716,3.049999952316284,1624000
2005-03-01,1.6346874237060547,2.9749999046325684,3.0,2.950000047683716,3.0,1368000
2005-03-02,1.62095046043396,2.950000047683716,3.0,2.924999952316284,2.9749999046325684,1184000
2005-03-03,1.5934770107269287,2.9000000953674316,2.9749999046325684,2.9000000953674316,2.9749999046325684,1342000
2005-03-04,1.538529396057129,2.799999952316284,2.950000047683716,2.7750000953674316,2.950000047683716,2642000
2005-03-07,1.511055588722229,2.75,2.8499999046325684,2.75,2.8499999046325684,2642103
2005-03-08,1.5247924327850342,2.7750000953674316,2.8499999046325684,2.700000047683716,2.7750000953674316,5298000
2005-03-09,1.5522663593292236,2.825000047683716,2.875,2.7750000953674316,2.7750000953674316,1742000
2005-03-10,1.5522663593292236,2.825000047683716,2.8499999046325684,2.7750000953674316,2.8499999046325684,1178000
2005-03-11,1.5522663593292236,2.825000047683716,2.825000047683716,2.799999952316284,2.825000047683716,462000
2005-03-14,1.5522663593292236,2.825000047683716,2.924999952316284,2.799999952316284,2.825000047683716,1774000
2005-03-15,1.5660029649734497,2.8499999046325684,2.950000047683716,2.8499999046325684,2.9000000953674316,1680000
2005-03-16,1.5660029649734497,2.8499999046325684,2.875,2.825000047683716,2.8499999046325684,1048000
2005-03-17,1.511055588722229,2.75,2.825000047683716,2.75,2.825000047683716,3200000
2005-03-18,1.4835819005966187,2.700000047683716,2.799999952316284,2.674999952316284,2.7750000953674316,3502000
2005-03-21,1.469844937324524,2.674999952316284,2.700000047683716,2.6500000953674316,2.700000047683716,1642000
2005-03-22,1.4423716068267822,2.625,2.700000047683716,2.5999999046325684,2.674999952316284,1570000
2005-03-23,1.4423716068267822,2.625,2.625,2.5999999046325684,2.625,1436000
2005-03-24,1.4835819005966187,2.700000047683716,2.7249999046325684,2.5999999046325684,2.625,644000
2005-03-29,1.469844937324524,2.674999952316284,2.7249999046325684,2.674999952316284,2.7249999046325684,822000
2005-03-30,1.4835819005966187,2.700000047683716,2.700000047683716,2.674999952316284,2.700000047683716,1164000
2005-03-31,1.4835819005966187,2.700000047683716,2.700000047683716,2.674999952316284,2.700000047683716,538000
2005-04-01,1.4835819005966187,2.700000047683716,2.700000047683716,2.6500000953674316,2.700000047683716,2450000
2005-04-04,1.511055588722229,2.75,2.7750000953674316,2.700000047683716,2.700000047683716,2896000
2005-04-06,1.5247924327850342,2.7750000953674316,2.825000047683716,2.75,2.75,2216000
2005-04-07,1.538529396057129,2.799999952316284,2.825000047683716,2.7750000953674316,2.799999952316284,2794000
2005-04-08,1.511055588722229,2.75,2.825000047683716,2.7249999046325684,2.799999952316284,2556000
2005-04-11,1.5247924327850342,2.7750000953674316,2.8499999046325684,2.75,2.7750000953674316,3172000
2005-04-12,1.4973187446594238,2.7249999046325684,2.7750000953674316,2.7249999046325684,2.7750000953674316,2706000
2005-04-13,1.538529396057129,2.799999952316284,2.799999952316284,2.75,2.75,2740000
2005-04-14,1.5660029649734497,2.8499999046325684,2.8499999046325684,2.7750000953674316,2.7750000953674316,2216000
2005-04-15,1.4423716068267822,2.625,2.674999952316284,2.575000047683716,2.674999952316284,10594000
2005-04-18,1.3599499464035034,2.4749999046325684,2.575000047683716,2.424999952316284,2.575000047683716,7908000
2005-04-19,1.3736870288848877,2.5,2.5250000953674316,2.450000047683716,2.4749999046325684,4490000
2005-04-20,1.3324764966964722,2.424999952316284,2.5,2.375,2.5,4074000
2005-04-21,1.3462132215499878,2.450000047683716,2.450000047683716,2.375,2.375,2670000
2005-04-22,1.4286342859268188,2.5999999046325684,2.5999999046325684,2.450000047683716,2.4749999046325684,3196000
2005-04-25,1.3736870288848877,2.5,2.575000047683716,2.5,2.575000047683716,2738000
2005-04-26,1.4286342859268188,2.5999999046325684,2.5999999046325684,2.5,2.5,1454000
2005-04-27,1.4423716068267822,2.625,2.6500000953674316,2.575000047683716,2.5999999046325684,2348000
2005-04-28,1.4138092994689941,2.4749999046325684,2.575000047683716,2.4749999046325684,2.575000047683716,468000
2005-04-29,1.456652045249939,2.549999952316284,2.575000047683716,2.4749999046325684,2.4749999046325684,1688000
2005-05-03,1.4852138757705688,2.5999999046325684,2.625,2.575000047683716,2.625,696000
2005-05-04,1.4852138757705688,2.5999999046325684,2.625,2.5999999046325684,2.625,1412000
2005-05-05,1.5137758255004883,2.6500000953674316,2.674999952316284,2.6500000953674316,2.6500000953674316,1578000
2005-05-06,1.4852138757705688,2.5999999046325684,2.674999952316284,2.5999999046325684,2.6500000953674316,318000
2005-05-09,1.4852138757705688,2.5999999046325684,2.6500000953674316,2.5999999046325684,2.625,1092000
2005-05-10,1.5566184520721436,2.7249999046325684,2.7249999046325684,2.625,2.625,2096000
2005-05-11,1.5423376560211182,2.700000047683716,2.700000047683716,2.674999952316284,2.700000047683716,584000
2005-05-12,1.5280566215515137,2.674999952316284,2.7249999046325684,2.6500000953674316,2.700000047683716,500000
2005-05-13,1.5566184520721436,2.7249999046325684,2.75,2.674999952316284,2.674999952316284,1736000
2005-05-17,1.5280566215515137,2.674999952316284,2.7249999046325684,2.6500000953674316,2.7249999046325684,1062000
2005-05-18,1.5137758255004883,2.6500000953674316,2.6500000953674316,2.5999999046325684,2.6500000953674316,762000
2005-05-19,1.5566184520721436,2.7249999046325684,2.7249999046325684,2.6500000953674316,2.6500000953674316,1642000
2005-05-20,1.5280566215515137,2.674999952316284,2.7249999046325684,2.674999952316284,2.7249999046325684,186000
2005-05-23,1.5423376560211182,2.700000047683716,2.700000047683716,2.6500000953674316,2.6500000953674316,372000
2005-05-24,1.5423376560211182,2.700000047683716,2.700000047683716,2.700000047683716,2.700000047683716,328000
2005-05-25,1.499495267868042,2.625,2.674999952316284,2.625,2.674999952316284,516000
2005-05-26,1.499495267868042,2.625,2.6500000953674316,2.625,2.6500000953674316,400000
2005-05-27,1.499495267868042,2.625,2.6500000953674316,2.625,2.625,242000
2005-05-30,1.499495267868042,2.625,2.6500000953674316,2.5999999046325684,2.6500000953674316,842000
2005-05-31,1.5423376560211182,2.700000047683716,2.7249999046325684,2.6500000953674316,2.6500000953674316,1858000
2005-06-01,1.5280566215515137,2.674999952316284,2.700000047683716,2.6500000953674316,2.700000047683716,1214000
2005-06-02,1.499495267868042,2.625,2.6500000953674316,2.625,2.6500000953674316,944000
2005-06-03,1.499495267868042,2.625,2.6500000953674316,2.5999999046325684,2.5999999046325684,242000
2005-06-06,1.5137758255004883,2.6500000953674316,2.6500000953674316,2.575000047683716,2.625,1372000
2005-06-07,1.5137758255004883,2.6500000953674316,2.674999952316284,2.625,2.625,126000
2005-06-08,1.5566184520721436,2.7249999046325684,2.7249999046325684,2.625,2.625,952000
2005-06-09,1.5566184520721436,2.7249999046325684,2.7249999046325684,2.6500000953674316,2.7249999046325684,1244000
2005-06-10,1.5280566215515137,2.674999952316284,2.7249999046325684,2.674999952316284,2.7249999046325684,456000
2005-06-13,1.5423376560211182,2.700000047683716,2.700000047683716,2.674999952316284,2.674999952316284,668000
2005-06-14,1.5280566215515137,2.674999952316284,2.700000047683716,2.625,2.674999952316284,916000
2005-06-15,1.5280566215515137,2.674999952316284,2.674999952316284,2.6500000953674316,2.674999952316284,388000
2005-06-16,1.5137758255004883,2.6500000953674316,2.674999952316284,2.625,2.674999952316284,258000
2005-06-17,1.499495267868042,2.625,2.700000047683716,2.625,2.674999952316284,454000
2005-06-20,1.5137758255004883,2.6500000953674316,2.674999952316284,2.6500000953674316,2.6500000953674316,488000
2005-06-21,1.5851802825927734,2.7750000953674316,2.7750000953674316,2.674999952316284,2.674999952316284,2314000
2005-06-22,1.5851802825927734,2.7750000953674316,2.7750000953674316,2.75,2.7750000953674316,558000
2005-06-23,1.5708993673324585,2.75,2.7750000953674316,2.7249999046325684,2.7750000953674316,700000
2005-06-24,1.5708993673324585,2.75,2.75,2.700000047683716,2.75,288000
2005-06-27,1.5566184520721436,2.7249999046325684,2.75,2.7249999046325684,2.75,66000
2005-06-28,1.5280566215515137,2.674999952316284,2.7249999046325684,2.674999952316284,2.7249999046325684,640000
2005-06-29,1.5280566215515137,2.674999952316284,2.700000047683716,2.6500000953674316,2.700000047683716,420000
2005-06-30,1.5137758255004883,2.6500000953674316,2.674999952316284,2.6500000953674316,2.674999952316284,638000
2005-07-04,1.499495267868042,2.625,2.6500000953674316,2.575000047683716,2.6500000953674316,2470000
2005-07-05,1.499495267868042,2.625,2.674999952316284,2.625,2.625,1064000
2005-07-06,1.5137758255004883,2.6500000953674316,2.674999952316284,2.5999999046325684,2.625,1058000
2005-07-07,1.5280566215515137,2.674999952316284,2.674999952316284,2.6500000953674316,2.674999952316284,659000
2005-07-08,1.5280566215515137,2.674999952316284,2.674999952316284,2.6500000953674316,2.674999952316284,354000
2005-07-11,1.5137758255004883,2.6500000953674316,2.674999952316284,2.6500000953674316,2.6500000953674316,482000
2005-07-12,1.5137758255004883,2.6500000953674316,2.674999952316284,2.625,2.674999952316284,230000
2005-07-13,1.5137758255004883,2.6500000953674316,2.674999952316284,2.625,2.674999952316284,258000
2005-07-14,1.499495267868042,2.625,2.674999952316284,2.5999999046325684,2.674999952316284,674000
2005-07-15,1.499495267868042,2.625,2.6500000953674316,2.575000047683716,2.625,528000
2005-07-18,1.4423713684082031,2.5250000953674316,2.6500000953674316,2.4749999046325684,2.6500000953674316,2026000
2005-07-19,1.4280904531478882,2.5,2.5250000953674316,2.5,2.5,690000
2005-07-20,1.4280904531478882,2.5,2.549999952316284,2.4749999046325684,2.5250000953674316,6632800
2005-07-21,1.4280904531478882,2.5,2.5250000953674316,2.4749999046325684,2.5250000953674316,1310000
2005-07-22,1.456652045249939,2.549999952316284,2.575000047683716,2.5250000953674316,2.549999952316284,1602000
2005-07-25,1.456652045249939,2.549999952316284,2.5999999046325684,2.549999952316284,2.5999999046325684,4540000
2005-07-26,1.456652045249939,2.549999952316284,2.5999999046325684,2.549999952316284,2.549999952316284,926000
2005-07-27,1.470932960510254,2.575000047683716,2.575000047683716,2.549999952316284,2.575000047683716,466000
2005-07-28,1.456652045249939,2.549999952316284,2.575000047683716,2.5250000953674316,2.549999952316284,568000
2005-07-29,1.499495267868042,2.625,2.625,2.549999952316284,2.549999952316284,2614000
2005-08-01,1.5137758255004883,2.6500000953674316,2.6500000953674316,2.625,2.6500000953674316,1156000
2005-08-02,1.5137758255004883,2.6500000953674316,2.674999952316284,2.625,2.6500000953674316,614000
2005-08-03,1.5280566215515137,2.674999952316284,2.674999952316284,2.625,2.6500000953674316,1204000
2005-08-04,1.499495267868042,2.625,2.700000047683716,2.5999999046325684,2.700000047683716,1186000
2005-08-05,1.499495267868042,2.625,2.6500000953674316,2.5999999046325684,2.625,486000
2005-08-08,1.499495267868042,2.625,2.6500000953674316,2.625,2.6500000953674316,198000
2005-08-09,1.470932960510254,2.575000047683716,2.6500000953674316,2.575000047683716,2.6500000953674316,406000
2005-08-10,1.470932960510254,2.575000047683716,2.5999999046325684,2.549999952316284,2.575000047683716,530000
2005-08-11,1.456652045249939,2.549999952316284,2.5999999046325684,2.5250000953674316,2.5999999046325684,594000
2005-08-12,1.4423713684082031,2.5250000953674316,2.549999952316284,2.5250000953674316,2.549999952316284,564000
2005-08-15,1.4280904531478882,2.5,2.575000047683716,2.450000047683716,2.575000047683716,1382000
2005-08-16,1.456652045249939,2.549999952316284,2.549999952316284,2.5250000953674316,2.5250000953674316,524000
2005-08-17,1.4423713684082031,2.5250000953674316,2.549999952316284,2.4749999046325684,2.549999952316284,846000
2005-08-18,1.3995286226272583,2.450000047683716,2.5250000953674316,2.424999952316284,2.5250000953674316,1747400
2005-08-19,1.3995286226272583,2.450000047683716,2.5,2.450000047683716,2.450000047683716,850000
2005-08-22,1.4138092994689941,2.4749999046325684,2.5250000953674316,2.4749999046325684,2.5,394000
2005-08-23,1.3995286226272583,2.450000047683716,2.549999952316284,2.424999952316284,2.549999952316284,1470000
2005-08-24,1.342404842376709,2.3499999046325684,2.424999952316284,2.3499999046325684,2.424999952316284,2038000
2005-08-25,1.342404842376709,2.3499999046325684,2.424999952316284,2.325000047683716,2.424999952316284,1242000
2005-08-26,1.2424386739730835,2.174999952316284,2.299999952316284,2.0250000953674316,2.2750000953674316,12975000
2005-08-29,1.2424386739730835,2.174999952316284,2.2249999046325684,2.0999999046325684,2.2249999046325684,3408000
2005-08-30,1.2424386739730835,2.174999952316284,2.174999952316284,2.125,2.174999952316284,1624000
2005-08-31,1.1567533016204834,2.0250000953674316,2.125,1.9800000190734863,2.075000047683716,19004000
2005-09-01,1.0567868947982788,1.850000023841858,2.0250000953674316,1.7999999523162842,2.0,20282000
2005-09-02,1.073923945426941,1.8799999952316284,1.909999966621399,1.809999942779541,1.850000023841858,10100000
2005-09-05,1.0453619956970215,1.8300000429153442,1.8899999856948853,1.8300000429153442,1.8899999856948853,9670000
2005-09-06,1.0282251834869385,1.7999999523162842,1.850000023841858,1.7699999809265137,1.840000033378601,9224000
2005-09-07,1.0510746240615845,1.840000033378601,1.8600000143051147,1.809999942779541,1.809999942779541,5044000
2005-09-08,1.0510746240615845,1.840000033378601,1.8600000143051147,1.840000033378601,1.8600000143051147,1682000
2005-09-09,1.0396497249603271,1.8200000524520874,1.8600000143051147,1.809999942779541,1.8600000143051147,2128000
2005-09-12,1.0453619956970215,1.8300000429153442,1.8600000143051147,1.8200000524520874,1.8200000524520874,2298000
2005-09-13,1.0453619956970215,1.8300000429153442,1.909999966621399,1.8300000429153442,1.850000023841858,2592000
2005-09-14,1.0567868947982788,1.850000023841858,1.8600000143051147,1.850000023841858,1.850000023841858,1420000
2005-09-15,1.096773386001587,1.9199999570846558,1.9299999475479126,1.8600000143051147,1.8600000143051147,2238000
2005-09-16,1.136759877204895,1.9900000095367432,2.0,1.9199999570846558,1.9199999570846558,5518000
2005-09-20,1.1253353357315063,1.9700000286102295,2.0,1.9600000381469727,1.9900000095367432,2646000
2005-09-21,1.113910436630249,1.9500000476837158,2.0,1.899999976158142,1.9900000095367432,1608000
2005-09-22,1.0853486061096191,1.899999976158142,1.9500000476837158,1.8799999952316284,1.9500000476837158,2448000
2005-09-23,1.1081980466842651,1.940000057220459,1.9500000476837158,1.9199999570846558,1.9199999570846558,567200
2005-09-26,1.1196227073669434,1.9600000381469727,1.9900000095367432,1.940000057220459,1.9900000095367432,330000
2005-09-27,1.1024857759475708,1.9299999475479126,1.9600000381469727,1.899999976158142,1.9600000381469727,492000
2005-09-28,1.113910436630249,1.9500000476837158,1.9700000286102295,1.9500000476837158,1.9700000286102295,852000
2005-09-29,1.1310476064682007,1.9800000190734863,1.9900000095367432,1.9500000476837158,1.9500000476837158,1018000
2005-09-30,1.1710340976715088,2.049999952316284,2.049999952316284,1.9900000095367432,2.0,2554000
2005-10-03,1.1710340976715088,2.049999952316284,2.049999952316284,2.0,2.049999952316284,136000
2005-10-04,1.142472267150879,2.0,2.049999952316284,2.0,2.049999952316284,376000
2005-10-05,1.136759877204895,1.9900000095367432,2.0,1.9700000286102295,2.0,1126000
2005-10-06,1.1310476064682007,1.9800000190734863,2.0,1.9700000286102295,2.0,860000
2005-10-07,1.136759877204895,1.9900000095367432,1.9900000095367432,1.9800000190734863,1.9800000190734863,2276000
2005-10-10,1.113910436630249,1.9500000476837158,2.0,1.940000057220459,1.9900000095367432,1721400
2005-10-12,1.1253353357315063,1.9700000286102295,1.9700000286102295,1.9199999570846558,1.9500000476837158,1418000
2005-10-13,1.1024857759475708,1.9299999475479126,1.9700000286102295,1.899999976158142,1.9700000286102295,188000
2005-10-14,1.073923945426941,1.8799999952316284,1.9299999475479126,1.8799999952316284,1.9299999475479126,258000
2005-10-17,1.0853486061096191,1.899999976158142,1.909999966621399,1.8799999952316284,1.909999966621399,1684000
2005-10-18,1.0853486061096191,1.899999976158142,1.9299999475479126,1.8799999952316284,1.9299999475479126,112000
2005-10-19,1.073923945426941,1.8799999952316284,1.899999976158142,1.8799999952316284,1.8799999952316284,94000
2005-10-20,1.0682116746902466,1.8700000047683716,1.9199999570846558,1.8700000047683716,1.9199999570846558,184000
2005-10-21,1.0510746240615845,1.840000033378601,1.8799999952316284,1.840000033378601,1.8799999952316284,1022000
2005-10-24,1.0510746240615845,1.840000033378601,1.8600000143051147,1.840000033378601,1.840000033378601,634000
2005-10-25,1.0453619956970215,1.8300000429153442,1.8600000143051147,1.7999999523162842,1.840000033378601,854000
2005-10-26,1.0453619956970215,1.8300000429153442,1.850000023841858,1.8300000429153442,1.850000023841858,348000
2005-10-27,0.9882385730743408,1.7300000190734863,1.8300000429153442,1.7000000476837158,1.8300000429153442,926000
2005-10-28,0.9711015224456787,1.7000000476837158,1.7300000190734863,1.7000000476837158,1.7300000190734863,962000
2005-10-31,0.9539642930030823,1.6699999570846558,1.7000000476837158,1.6299999952316284,1.7000000476837158,1512000
2005-11-01,0.976813793182373,1.7100000381469727,1.7100000381469727,1.6699999570846558,1.6699999570846558,670000
2005-11-02,0.9825261831283569,1.7200000286102295,1.7699999809265137,1.6799999475479126,1.7000000476837158,1488000
2005-11-03,0.9825261831283569,1.7200000286102295,1.7300000190734863,1.7000000476837158,1.7300000190734863,236000
2005-11-04,1.0053753852844238,1.7599999904632568,1.7799999713897705,1.7100000381469727,1.7400000095367432,5104000
2005-11-07,1.0110880136489868,1.7699999809265137,1.7799999713897705,1.7200000286102295,1.7599999904632568,2068000
2005-11-08,1.0053753852844238,1.7599999904632568,1.7699999809265137,1.75,1.7699999809265137,676000
2005-11-09,1.0053753852844238,1.7599999904632568,1.7699999809265137,1.7599999904632568,1.7699999809265137,810000
2005-11-10,0.9882385730743408,1.7300000190734863,1.7699999809265137,1.7300000190734863,1.7699999809265137,810000
2005-11-11,1.0110880136489868,1.7699999809265137,1.7699999809265137,1.7300000190734863,1.7300000190734863,478000
2005-11-14,0.9539642930030823,1.6699999570846558,1.7699999809265137,1.6399999856948853,1.7699999809265137,2910000
2005-11-15,0.9596765637397766,1.6799999475479126,1.7200000286102295,1.6699999570846558,1.690000057220459,1172000
2005-11-16,0.9539642930030823,1.6699999570846558,1.7000000476837158,1.6699999570846558,1.6799999475479126,672000
2005-11-17,0.9939510226249695,1.7400000095367432,1.7400000095367432,1.6799999475479126,1.6799999475479126,304000
2005-11-18,0.9596765637397766,1.6799999475479126,1.7100000381469727,1.6799999475479126,1.690000057220459,680000
2005-11-21,0.976813793182373,1.7100000381469727,1.7400000095367432,1.7100000381469727,1.7400000095367432,206000
2005-11-22,0.9711015224456787,1.7000000476837158,1.7300000190734863,1.7000000476837158,1.7100000381469727,324000
2005-11-23,1.0168004035949707,1.7799999713897705,1.7799999713897705,1.7300000190734863,1.7300000190734863,1894000
2005-11-24,0.9882385730743408,1.7300000190734863,1.7799999713897705,1.7300000190734863,1.7799999713897705,894000
2005-11-25,0.9882385730743408,1.7300000190734863,1.75,1.7300000190734863,1.75,318000
2005-11-28,0.9882385730743408,1.7300000190734863,1.75,1.7300000190734863,1.75,626000
2005-11-29,0.9711015224456787,1.7000000476837158,1.7400000095367432,1.7000000476837158,1.7400000095367432,669000
2005-11-30,0.9711015224456787,1.7000000476837158,1.7200000286102295,1.7000000476837158,1.7100000381469727,794000
2005-12-01,0.9939510226249695,1.7400000095367432,1.7400000095367432,1.690000057220459,1.690000057220459,399000
2005-12-02,0.9939510226249695,1.7400000095367432,1.7599999904632568,1.7400000095367432,1.75,768000
2005-12-05,0.9996632933616638,1.75,1.7599999904632568,1.75,1.7599999904632568,770000
2005-12-06,1.0453619956970215,1.8300000429153442,1.8700000047683716,1.75,1.75,2770000
2005-12-07,1.0168004035949707,1.7799999713897705,1.8300000429153442,1.7799999713897705,1.8200000524520874,1258000
2005-12-08,0.9939510226249695,1.7400000095367432,1.7999999523162842,1.7400000095367432,1.7999999523162842,930000
2005-12-09,0.9996632933616638,1.75,1.7699999809265137,1.7100000381469727,1.7300000190734863,1374000
2005-12-12,1.0510746240615845,1.840000033378601,1.850000023841858,1.75,1.7699999809265137,2386000
2005-12-13,1.0339374542236328,1.809999942779541,1.840000033378601,1.7599999904632568,1.840000033378601,1948000
2005-12-14,1.0453619956970215,1.8300000429153442,1.850000023841858,1.7899999618530273,1.8200000524520874,2246000
2005-12-15,1.0510746240615845,1.840000033378601,1.8700000047683716,1.8200000524520874,1.850000023841858,1550000
2005-12-16,1.0053753852844238,1.7599999904632568,1.8700000047683716,1.7599999904632568,1.8700000047683716,2898000
2005-12-19,1.0110880136489868,1.7699999809265137,1.7999999523162842,1.75,1.75,982000
2005-12-20,1.0168004035949707,1.7799999713897705,1.7799999713897705,1.75,1.7699999809265137,1260000
2005-12-21,1.0339374542236328,1.809999942779541,1.809999942779541,1.7899999618530273,1.7999999523162842,2380000
2005-12-22,1.0339374542236328,1.809999942779541,1.8300000429153442,1.7899999618530273,1.8300000429153442,1216000
2005-12-23,1.0339374542236328,1.809999942779541,1.8300000429153442,1.7999999523162842,1.809999942779541,1208000
2005-12-28,1.0339374542236328,1.809999942779541,1.809999942779541,1.7999999523162842,1.809999942779541,784000
2005-12-29,1.0453619956970215,1.8300000429153442,1.840000033378601,1.8200000524520874,1.8300000429153442,1372000
2005-12-30,1.0453619956970215,1.8300000429153442,1.840000033378601,1.7999999523162842,1.8300000429153442,1724000
2006-01-03,1.0624992847442627,1.8600000143051147,1.8799999952316284,1.8200000524520874,1.8300000429153442,2816000
2006-01-04,1.1024857759475708,1.9299999475479126,1.9600000381469727,1.8799999952316284,1.8899999856948853,6180000
2006-01-05,1.0682116746902466,1.8700000047683716,1.9299999475479126,1.8700000047683716,1.9299999475479126,2222000
2006-01-06,1.0282251834869385,1.7999999523162842,1.8899999856948853,1.7899999618530273,1.8899999856948853,9390000
2006-01-09,1.0396497249603271,1.8200000524520874,1.840000033378601,1.809999942779541,1.8200000524520874,6410000
2006-01-10,1.0396497249603271,1.8200000524520874,1.8300000429153442,1.7999999523162842,1.8300000429153442,2946000
2006-01-11,1.0396497249603271,1.8200000524520874,1.8300000429153442,1.809999942779541,1.8300000429153442,1868000
2006-01-12,1.0510746240615845,1.840000033378601,1.840000033378601,1.809999942779541,1.8200000524520874,3506000
2006-01-13,1.096773386001587,1.9199999570846558,1.9500000476837158,1.8300000429153442,1.840000033378601,11246000
2006-01-16,1.113910436630249,1.9500000476837158,2.0,1.9299999475479126,1.9299999475479126,6338000
2006-01-17,1.1024857759475708,1.9299999475479126,1.9800000190734863,1.909999966621399,1.9700000286102295,5498000
2006-01-18,1.1196227073669434,1.9600000381469727,1.9600000381469727,1.8899999856948853,1.9199999570846558,1692000
2006-01-19,1.1567533016204834,2.0250000953674316,2.049999952316284,1.9700000286102295,1.9800000190734863,9150000
2006-01-20,1.1310476064682007,1.9800000190734863,2.049999952316284,1.9500000476837158,2.0250000953674316,6104000
2006-01-23,1.1196227073669434,1.9600000381469727,1.9700000286102295,1.940000057220459,1.9700000286102295,1392000
2006-01-24,1.1710340976715088,2.049999952316284,2.075000047683716,1.9800000190734863,1.9800000190734863,6232000
2006-01-25,1.2424386739730835,2.174999952316284,2.174999952316284,2.049999952316284,2.049999952316284,8754000
2006-01-26,1.2424386739730835,2.174999952316284,2.200000047683716,2.1500000953674316,2.1500000953674316,6648000
2006-01-27,1.2281577587127686,2.1500000953674316,2.200000047683716,2.1500000953674316,2.174999952316284,2510000
2006-02-01,1.2424386739730835,2.174999952316284,2.200000047683716,2.0999999046325684,2.200000047683716,2354000
2006-02-02,1.1995958089828491,2.0999999046325684,2.174999952316284,2.075000047683716,2.174999952316284,2114000
2006-02-03,1.2138768434524536,2.125,2.1500000953674316,2.0999999046325684,2.1500000953674316,2515000
2006-02-06,1.2424386739730835,2.174999952316284,2.174999952316284,2.075000047683716,2.125,2987000
2006-02-07,1.2138768434524536,2.125,2.174999952316284,2.0999999046325684,2.174999952316284,3428000
2006-02-08,1.1710340976715088,2.049999952316284,2.125,2.0250000953674316,2.125,5626000
2006-02-09,1.1853152513504028,2.075000047683716,2.125,2.049999952316284,2.075000047683716,2856000
2006-02-10,1.1853152513504028,2.075000047683716,2.0999999046325684,2.049999952316284,2.049999952316284,854000
2006-02-13,1.1567533016204834,2.0250000953674316,2.0999999046325684,2.0250000953674316,2.0999999046325684,2300000
2006-02-14,1.1567533016204834,2.0250000953674316,2.075000047683716,2.0,2.049999952316284,2084000
2006-02-15,1.1995958089828491,2.0999999046325684,2.125,2.0250000953674316,2.049999952316284,1992000
2006-02-16,1.1710340976715088,2.049999952316284,2.0999999046325684,2.0250000953674316,2.0999999046325684,2236000
2006-02-17,1.1710340976715088,2.049999952316284,2.075000047683716,2.049999952316284,2.049999952316284,1436000
2006-02-20,1.1567533016204834,2.0250000953674316,2.075000047683716,2.0,2.049999952316284,2284000
2006-02-21,1.1196227073669434,1.9600000381469727,2.0250000953674316,1.9199999570846558,2.0250000953674316,4550000
2006-02-22,1.1253353357315063,1.9700000286102295,2.0,1.9700000286102295,1.9700000286102295,2156000
2006-02-23,1.1567533016204834,2.0250000953674316,2.0250000953674316,1.9700000286102295,1.9700000286102295,2026000
2006-02-24,1.1253353357315063,1.9700000286102295,2.0250000953674316,1.9600000381469727,2.0250000953674316,2014000
2006-02-27,1.1253353357315063,1.9700000286102295,1.9900000095367432,1.9600000381469727,1.9700000286102295,1274000
2006-02-28,1.113910436630249,1.9500000476837158,2.0,1.9299999475479126,2.0,1996000
2006-03-01,1.1024857759475708,1.9299999475479126,1.9800000190734863,1.9299999475479126,1.9600000381469727,2280000
2006-03-02,1.091060996055603,1.909999966621399,1.940000057220459,1.8899999856948853,1.940000057220459,4240000
2006-03-03,1.1196227073669434,1.9600000381469727,1.9700000286102295,1.909999966621399,1.9299999475479126,2080000
2006-03-06,1.1196227073669434,1.9600000381469727,1.9700000286102295,1.940000057220459,1.9500000476837158,1609000
2006-03-07,1.0853486061096191,1.899999976158142,1.9800000190734863,1.899999976158142,1.9600000381469727,2710000
2006-03-08,1.0682116746902466,1.8700000047683716,1.9299999475479126,1.850000023841858,1.9299999475479126,4620000
2006-03-09,1.0682116746902466,1.8700000047683716,1.8899999856948853,1.8600000143051147,1.8700000047683716,488000
2006-03-10,1.0796362161636353,1.8899999856948853,1.9299999475479126,1.8899999856948853,1.8899999856948853,1460000
2006-03-13,1.091060996055603,1.909999966621399,1.9299999475479126,1.899999976158142,1.899999976158142,704000
2006-03-14,1.1196227073669434,1.9600000381469727,1.9600000381469727,1.909999966621399,1.909999966621399,1350000
2006-03-15,1.136759877204895,1.9900000095367432,2.0250000953674316,1.9600000381469727,1.9800000190734863,3408000
2006-03-16,1.113910436630249,1.9500000476837158,2.0,1.9500000476837158,1.9900000095367432,1730000
2006-03-17,1.113910436630249,1.9500000476837158,1.9600000381469727,1.9299999475479126,1.9600000381469727,1132000
2006-03-20,1.0853486061096191,1.899999976158142,1.9600000381469727,1.899999976158142,1.9500000476837158,2294000
2006-03-21,1.096773386001587,1.9199999570846558,1.940000057220459,1.909999966621399,1.940000057220459,3254000
2006-03-22,1.091060996055603,1.909999966621399,1.9299999475479126,1.8899999856948853,1.9299999475479126,3526000
2006-03-23,1.096773386001587,1.9199999570846558,1.9199999570846558,1.909999966621399,1.9199999570846558,1292000
2006-03-24,1.1081980466842651,1.940000057220459,1.9500000476837158,1.9299999475479126,1.9299999475479126,2018000
2006-03-27,1.1710340976715088,2.049999952316284,2.075000047683716,1.9500000476837158,1.9500000476837158,7048000
2006-03-28,1.1853152513504028,2.075000047683716,2.125,2.0250000953674316,2.075000047683716,6746000
2006-03-29,1.1567533016204834,2.0250000953674316,2.075000047683716,2.0,2.075000047683716,1962000
2006-03-30,1.1567533016204834,2.0250000953674316,2.075000047683716,2.0250000953674316,2.049999952316284,2626000
2006-03-31,1.1310476064682007,1.9800000190734863,2.0250000953674316,1.9500000476837158,2.0250000953674316,2658000
2006-04-03,1.1196227073669434,1.9600000381469727,1.9800000190734863,1.9500000476837158,1.9800000190734863,2242000
2006-04-04,1.2138768434524536,2.125,2.1500000953674316,1.9600000381469727,1.9600000381469727,6680000
2006-04-06,1.2567195892333984,2.200000047683716,2.25,2.1500000953674316,2.174999952316284,15946000
2006-04-07,1.2138768434524536,2.125,2.200000047683716,2.0999999046325684,2.200000047683716,3330000
2006-04-10,1.2567195892333984,2.200000047683716,2.200000047683716,2.049999952316284,2.075000047683716,4332000
2006-04-11,1.2567195892333984,2.200000047683716,2.2249999046325684,2.1500000953674316,2.200000047683716,8426000
2006-04-12,1.2281577587127686,2.1500000953674316,2.200000047683716,2.125,2.200000047683716,3198000
2006-04-13,1.2281577587127686,2.1500000953674316,2.200000047683716,2.1500000953674316,2.1500000953674316,1394000
2006-04-18,1.2567195892333984,2.200000047683716,2.2249999046325684,2.1500000953674316,2.200000047683716,5340000
2006-04-19,1.2710003852844238,2.2249999046325684,2.2750000953674316,2.200000047683716,2.25,8200000
2006-04-20,1.1853152513504028,2.075000047683716,2.25,2.0250000953674316,2.25,9054000
2006-04-21,1.1081980466842651,1.940000057220459,2.0250000953674316,1.899999976158142,2.0250000953674316,18028000
2006-04-24,1.113910436630249,1.9500000476837158,1.9700000286102295,1.9299999475479126,1.940000057220459,3822000
2006-04-25,1.0682116746902466,1.8700000047683716,1.9600000381469727,1.8700000047683716,1.9600000381469727,3564000
2006-04-26,1.1024857759475708,1.9299999475479126,1.940000057220459,1.850000023841858,1.8899999856948853,2878000
2006-04-27,1.1196227073669434,1.9600000381469727,2.0,1.940000057220459,1.9500000476837158,2540000
2006-04-28,1.091060996055603,1.909999966621399,1.9600000381469727,1.8799999952316284,1.9600000381469727,4106000
2006-05-02,1.0796362161636353,1.8899999856948853,1.909999966621399,1.8700000047683716,1.909999966621399,3220000
2006-05-03,1.0796362161636353,1.8899999856948853,1.909999966621399,1.8799999952316284,1.899999976158142,2756000
2006-05-04,1.0971440076828003,1.8799999952316284,1.899999976158142,1.8509999513626099,1.8509999513626099,1188000
2006-05-08,1.1029797792434692,1.8899999856948853,1.899999976158142,1.8600000143051147,1.8899999856948853,2954000
2006-05-09,1.1088156700134277,1.899999976158142,1.940000057220459,1.899999976158142,1.899999976158142,2902000
2006-05-10,1.1029797792434692,1.8899999856948853,1.9199999570846558,1.8799999952316284,1.9199999570846558,1354000
2006-05-11,1.0971440076828003,1.8799999952316284,1.909999966621399,1.8700000047683716,1.899999976158142,1648000
2006-05-12,1.0971440076828003,1.8799999952316284,1.8799999952316284,1.8600000143051147,1.8799999952316284,1800000
2006-05-15,1.1263232231140137,1.9299999475479126,1.9600000381469727,1.8700000047683716,1.8799999952316284,3128000
2006-05-16,1.1321592330932617,1.940000057220459,2.0250000953674316,1.9199999570846558,1.940000057220459,4422000
2006-05-17,1.1438307762145996,1.9600000381469727,1.9800000190734863,1.9299999475479126,1.9700000286102295,1722000
2006-05-18,1.1204874515533447,1.9199999570846558,1.9500000476837158,1.899999976158142,1.9500000476837158,1162000
2006-05-19,1.0971440076828003,1.8799999952316284,1.9199999570846558,1.8700000047683716,1.9199999570846558,1618000
2006-05-22,1.0562928915023804,1.809999942779541,1.8899999856948853,1.809999942779541,1.8799999952316284,2284000
2006-05-23,1.0446209907531738,1.7899999618530273,1.809999942779541,1.7799999713897705,1.809999942779541,1310000
2006-05-24,1.0271133184432983,1.7599999904632568,1.7899999618530273,1.7599999904632568,1.7899999618530273,566000
2006-05-25,1.01544189453125,1.7400000095367432,1.7599999904632568,1.7300000190734863,1.75,1062000
2006-05-26,1.021277666091919,1.75,1.7599999904632568,1.7400000095367432,1.75,1590000
2006-05-29,1.021277666091919,1.75,1.75,1.7300000190734863,1.75,844000
2006-05-30,0.9804263710975647,1.6799999475479126,1.75,1.6699999570846558,1.7400000095367432,4528000
2006-06-01,0.9687545895576477,1.659999966621399,1.7000000476837158,1.659999966621399,1.6699999570846558,1278000
2006-06-02,0.9920982122421265,1.7000000476837158,1.7000000476837158,1.6699999570846558,1.6699999570846558,540000
2006-06-05,0.9920982122421265,1.7000000476837158,1.7000000476837158,1.690000057220459,1.7000000476837158,1140000
2006-06-06,0.9979339838027954,1.7100000381469727,1.7100000381469727,1.6799999475479126,1.7000000476837158,1164000
2006-06-07,0.9920982122421265,1.7000000476837158,1.7200000286102295,1.690000057220459,1.690000057220459,362000
2006-06-08,0.9804263710975647,1.6799999475479126,1.7000000476837158,1.6399999856948853,1.7000000476837158,1164000
2006-06-09,0.9745904803276062,1.6699999570846558,1.7200000286102295,1.659999966621399,1.659999966621399,962000
2006-06-12,0.9804263710975647,1.6799999475479126,1.690000057220459,1.6699999570846558,1.6699999570846558,256000
2006-06-13,0.9395753145217896,1.6100000143051147,1.659999966621399,1.600000023841858,1.649999976158142,894000
2006-06-14,0.9279037117958069,1.590000033378601,1.6100000143051147,1.5800000429153442,1.5800000429153442,844000
2006-06-15,0.9395753145217896,1.6100000143051147,1.6200000047683716,1.5700000524520874,1.5700000524520874,288000
2006-06-16,0.9629186391830444,1.649999976158142,1.649999976158142,1.6200000047683716,1.6200000047683716,750000
2006-06-19,0.9570828676223755,1.6399999856948853,1.659999966621399,1.6100000143051147,1.649999976158142,408000
2006-06-20,0.9454112648963928,1.6200000047683716,1.6399999856948853,1.6200000047683716,1.6200000047683716,596000
2006-06-21,0.9512471556663513,1.6299999952316284,1.659999966621399,1.6200000047683716,1.6200000047683716,672000
2006-06-22,0.9570828676223755,1.6399999856948853,1.649999976158142,1.6399999856948853,1.649999976158142,238000
2006-06-23,0.9570828676223755,1.6399999856948853,1.649999976158142,1.6299999952316284,1.649999976158142,230000
2006-06-26,0.9629186391830444,1.649999976158142,1.649999976158142,1.6299999952316284,1.649999976158142,226000
2006-06-27,0.9804263710975647,1.6799999475479126,1.690000057220459,1.649999976158142,1.649999976158142,674000
2006-06-28,1.01544189453125,1.7400000095367432,1.7799999713897705,1.649999976158142,1.6799999475479126,1512000
2006-06-29,1.009605884552002,1.7300000190734863,1.7999999523162842,1.7300000190734863,1.7599999904632568,1836000
2006-06-30,1.0271133184432983,1.7599999904632568,1.7799999713897705,1.7400000095367432,1.7400000095367432,740000
2006-07-03,1.0387852191925049,1.7799999713897705,1.7899999618530273,1.7400000095367432,1.7400000095367432,1416000
2006-07-04,1.0387852191925049,1.7799999713897705,1.809999942779541,1.7799999713897705,1.7899999618530273,1816000
2006-07-05,1.021277666091919,1.75,1.7799999713897705,1.7400000095367432,1.7799999713897705,1002000
2006-07-06,1.0387852191925049,1.7799999713897705,1.7899999618530273,1.7400000095367432,1.75,898000
2006-07-07,1.0504570007324219,1.7999999523162842,1.809999942779541,1.7599999904632568,1.7599999904632568,636
2006-07-10,1.0854722261428833,1.8600000143051147,1.8899999856948853,1.7999999523162842,1.8200000524520874,1238000
2006-07-11,1.0621286630630493,1.8200000524520874,1.8600000143051147,1.8200000524520874,1.8600000143051147,816000
2006-07-12,1.0621286630630493,1.8200000524520874,1.8300000429153442,1.809999942779541,1.8300000429153442,410000
2006-07-13,1.021277666091919,1.75,1.8200000524520874,1.75,1.7999999523162842,1142000
2006-07-14,1.01544189453125,1.7400000095367432,1.7599999904632568,1.6699999570846558,1.7599999904632568,982000
2006-07-17,0.9920982122421265,1.7000000476837158,1.7400000095367432,1.6699999570846558,1.690000057220459,654000
2006-07-18,1.003769874572754,1.7200000286102295,1.7300000190734863,1.690000057220459,1.7200000286102295,292000
2006-07-19,1.01544189453125,1.7400000095367432,1.7599999904632568,1.7200000286102295,1.7200000286102295,570000
2006-07-20,1.0329492092132568,1.7699999809265137,1.7699999809265137,1.7300000190734863,1.7599999904632568,350000
2006-07-21,1.0621286630630493,1.8200000524520874,1.850000023841858,1.7599999904632568,1.7799999713897705,1700000
2006-07-24,1.0387852191925049,1.7799999713897705,1.8200000524520874,1.7799999713897705,1.8200000524520874,584000
2006-07-25,1.0504570007324219,1.7999999523162842,1.8200000524520874,1.7599999904632568,1.7999999523162842,564000
2006-07-26,1.0504570007324219,1.7999999523162842,1.8200000524520874,1.7799999713897705,1.8200000524520874,778000
2006-07-27,1.0387852191925049,1.7799999713897705,1.7999999523162842,1.7799999713897705,1.7999999523162842,318000
2006-07-28,1.0504570007324219,1.7999999523162842,1.7999999523162842,1.7599999904632568,1.7799999713897705,1242000
2006-07-31,1.0387852191925049,1.7799999713897705,1.7999999523162842,1.7599999904632568,1.7999999523162842,358000
2006-08-01,1.0329492092132568,1.7699999809265137,1.7999999523162842,1.7300000190734863,1.75,414000
2006-08-02,1.01544189453125,1.7400000095367432,1.7699999809265137,1.7200000286102295,1.7699999809265137,1320000
2006-08-03,1.009605884552002,1.7300000190734863,1.75,1.7300000190734863,1.7400000095367432,1758000
2006-08-04,1.003769874572754,1.7200000286102295,1.7400000095367432,1.7200000286102295,1.7300000190734863,346000
2006-08-07,1.01544189453125,1.7400000095367432,1.7400000095367432,1.7000000476837158,1.7300000190734863,358000
2006-08-08,1.009605884552002,1.7300000190734863,1.75,1.7300000190734863,1.7400000095367432,482000
2006-08-09,1.01544189453125,1.7400000095367432,1.7400000095367432,1.7200000286102295,1.7300000190734863,1538000
2006-08-10,1.003769874572754,1.7200000286102295,1.7300000190734863,1.7100000381469727,1.7300000190734863,780000
2006-08-11,1.01544189453125,1.7400000095367432,1.75,1.7200000286102295,1.7200000286102295,628000
2006-08-14,1.003769874572754,1.7200000286102295,1.7400000095367432,1.7000000476837158,1.7400000095367432,402000
2006-08-15,1.009605884552002,1.7300000190734863,1.7300000190734863,1.7200000286102295,1.7200000286102295,774000
2006-08-16,1.01544189453125,1.7400000095367432,1.75,1.7200000286102295,1.7300000190734863,676000
2006-08-17,1.01544189453125,1.7400000095367432,1.7699999809265137,1.7300000190734863,1.7400000095367432,442000
2006-08-18,1.009605884552002,1.7300000190734863,1.7400000095367432,1.7200000286102295,1.7400000095367432,416000
2006-08-21,1.003769874572754,1.7200000286102295,1.7200000286102295,1.6799999475479126,1.7100000381469727,446000
2006-08-22,1.01544189453125,1.7400000095367432,1.7699999809265137,1.7100000381469727,1.7200000286102295,890000
2006-08-23,1.0621286630630493,1.8200000524520874,1.8200000524520874,1.7400000095367432,1.7400000095367432,8088000
2006-08-24,1.1029797792434692,1.8899999856948853,1.9199999570846558,1.8300000429153442,1.8300000429153442,9318000
2006-08-25,1.1146514415740967,1.909999966621399,1.9199999570846558,1.8899999856948853,1.8899999856948853,3217400
2006-08-28,1.0854722261428833,1.8600000143051147,1.9199999570846558,1.8300000429153442,1.9199999570846558,2316000
2006-08-29,1.1088156700134277,1.899999976158142,1.909999966621399,1.8300000429153442,1.8600000143051147,4018000
2006-08-30,1.0504570007324219,1.7999999523162842,1.899999976158142,1.7799999713897705,1.8799999952316284,5592000
2006-08-31,1.021277666091919,1.75,1.809999942779541,1.75,1.7999999523162842,1920000
2006-09-01,1.0329492092132568,1.7699999809265137,1.7899999618530273,1.7400000095367432,1.7699999809265137,1564000
2006-09-04,1.0562928915023804,1.809999942779541,1.809999942779541,1.7699999809265137,1.7899999618530273,1794000
2006-09-05,1.0971440076828003,1.8799999952316284,1.8899999856948853,1.7999999523162842,1.7999999523162842,3664000
2006-09-06,1.0971440076828003,1.8799999952316284,1.899999976158142,1.850000023841858,1.8799999952316284,1486000
2006-09-07,1.1146514415740967,1.909999966621399,1.9199999570846558,1.8600000143051147,1.8899999856948853,4294000
2006-09-08,1.1846818923950195,2.0299999713897705,2.0299999713897705,1.899999976158142,1.909999966621399,11790000
2006-09-11,1.1788461208343506,2.0199999809265137,2.059999942779541,2.0,2.0399999618530273,5104000
2006-09-12,1.1438307762145996,1.9600000381469727,2.0,1.9500000476837158,2.0,1422000
2006-09-13,1.1438307762145996,1.9600000381469727,1.9800000190734863,1.9500000476837158,1.9700000286102295,1574000
2006-09-14,1.1788461208343506,2.0199999809265137,2.0199999809265137,1.9299999475479126,1.9600000381469727,2338000
2006-09-15,1.1730103492736816,2.009999990463257,2.049999952316284,2.0,2.0199999809265137,2668000
2006-09-18,1.213861346244812,2.0799999237060547,2.0899999141693115,2.049999952316284,2.049999952316284,6536000
2006-09-19,1.1846818923950195,2.0299999713897705,2.0799999237060547,2.0199999809265137,2.0799999237060547,2604000
2006-09-20,1.213861346244812,2.0799999237060547,2.0899999141693115,2.009999990463257,2.0199999809265137,2992000
2006-09-21,1.1905179023742676,2.0399999618530273,2.0799999237060547,2.0299999713897705,2.0799999237060547,996000
2006-09-22,1.1846818923950195,2.0299999713897705,2.0399999618530273,1.9700000286102295,2.0299999713897705,1618000
2006-09-25,1.1379950046539307,1.9500000476837158,2.0199999809265137,1.9500000476837158,2.009999990463257,1310000
2006-09-26,1.1204874515533447,1.9199999570846558,1.9900000095367432,1.9199999570846558,1.9900000095367432,1114000
2006-09-27,1.1263232231140137,1.9299999475479126,1.9600000381469727,1.9199999570846558,1.9500000476837158,2090000
2006-09-28,1.1438307762145996,1.9600000381469727,1.9900000095367432,1.9299999475479126,1.940000057220459,1010000
2006-09-29,1.1496667861938477,1.9700000286102295,1.9700000286102295,1.9500000476837158,1.9600000381469727,2038000
2006-10-03,1.1263232231140137,1.9299999475479126,1.9700000286102295,1.9299999475479126,1.9700000286102295,927000
2006-10-04,1.1029797792434692,1.8899999856948853,1.9600000381469727,1.8899999856948853,1.940000057220459,948000
2006-10-05,1.1146514415740967,1.909999966621399,1.9299999475479126,1.899999976158142,1.9199999570846558,1418000
2006-10-06,1.1146514415740967,1.909999966621399,1.9199999570846558,1.8899999856948853,1.909999966621399,442000
2006-10-09,1.1204874515533447,1.9199999570846558,1.9199999570846558,1.8600000143051147,1.899999976158142,1330000
2006-10-10,1.1263232231140137,1.9299999475479126,1.940000057220459,1.909999966621399,1.9199999570846558,780000
2006-10-11,1.1204874515533447,1.9199999570846558,1.9299999475479126,1.8899999856948853,1.9299999475479126,900000
2006-10-12,1.1496667861938477,1.9700000286102295,1.9900000095367432,1.9299999475479126,1.9299999475479126,3854000
2006-10-13,1.1671743392944336,2.0,2.0,1.9500000476837158,1.9900000095367432,3014000
2006-10-16,1.1555026769638062,1.9800000190734863,1.9900000095367432,1.9299999475479126,1.9800000190734863,1610000
2006-10-17,1.1555026769638062,1.9800000190734863,1.9800000190734863,1.9199999570846558,1.9700000286102295,2310000
2006-10-18,1.1438307762145996,1.9600000381469727,1.9600000381469727,1.940000057220459,1.9500000476837158,1304000
2006-10-19,1.2255330085754395,2.0999999046325684,2.109999895095825,1.9500000476837158,1.9500000476837158,8826000
2006-10-20,1.3714298009872437,2.3499999046325684,2.4100000858306885,2.2200000286102295,2.299999952316284,32834000
2006-10-23,1.3597582578659058,2.3299999237060547,2.509999990463257,2.299999952316284,2.390000104904175,22768000
2006-10-24,1.3247429132461548,2.2699999809265137,2.3399999141693115,2.2300000190734863,2.299999952316284,5676000
2006-10-25,1.3597582578659058,2.3299999237060547,2.359999895095825,2.240000009536743,2.240000009536743,6525000
2006-10-26,1.3655939102172852,2.3399999141693115,2.450000047683716,2.2699999809265137,2.319999933242798,6760000
2006-10-27,1.289727807044983,2.2100000381469727,2.3499999046325684,2.1700000762939453,2.3499999046325684,5834000
2006-10-31,1.3130711317062378,2.25,2.2799999713897705,2.1500000953674316,2.2100000381469727,4742000
2006-11-01,1.3947734832763672,2.390000104904175,2.4700000286102295,2.259999990463257,2.2799999713897705,11580000
2006-11-02,1.4064451456069946,2.4100000858306885,2.430000066757202,2.369999885559082,2.390000104904175,3940000
2006-11-03,1.3889374732971191,2.380000114440918,2.430000066757202,2.359999895095825,2.4100000858306885,1596000
2006-11-06,1.3831013441085815,2.369999885559082,2.4000000953674316,2.3499999046325684,2.359999895095825,920000
2006-11-07,1.377265453338623,2.359999895095825,2.4100000858306885,2.359999895095825,2.369999885559082,2848000
2006-11-08,1.3422504663467407,2.299999952316284,2.369999885559082,2.259999990463257,2.359999895095825,1904000
2006-11-09,1.3422504663467407,2.299999952316284,2.3399999141693115,2.2699999809265137,2.299999952316284,2838000
2006-11-10,1.3889374732971191,2.380000114440918,2.4000000953674316,2.299999952316284,2.299999952316284,6300000
2006-11-13,1.4589680433273315,2.5,2.5399999618530273,2.380000114440918,2.380000114440918,16044000
2006-11-14,1.4122811555862427,2.4200000762939453,2.490000009536743,2.369999885559082,2.4800000190734863,2638000
2006-11-15,1.4122811555862427,2.4200000762939453,2.440000057220459,2.4000000953674316,2.4000000953674316,1128000
2006-11-16,1.3655939102172852,2.3399999141693115,2.440000057220459,2.3299999237060547,2.4200000762939453,1650000
2006-11-17,1.3539223670959473,2.319999933242798,2.380000114440918,2.319999933242798,2.359999895095825,1238600
2006-11-20,1.3539223670959473,2.319999933242798,2.3299999237060547,2.299999952316284,2.299999952316284,1134600
2006-11-21,1.3364146947860718,2.2899999618530273,2.319999933242798,2.2899999618530273,2.319999933242798,790000
2006-11-22,1.3947734832763672,2.390000104904175,2.450000047683716,2.3399999141693115,2.359999895095825,7558000
2006-11-23,1.3480864763259888,2.309999942779541,2.390000104904175,2.309999942779541,2.390000104904175,1792000
2006-11-24,1.3655939102172852,2.3399999141693115,2.369999885559082,2.299999952316284,2.299999952316284,2630000
2006-11-27,1.3480864763259888,2.309999942779541,2.369999885559082,2.299999952316284,2.319999933242798,1242000
2006-11-28,1.2722203731536865,2.180000066757202,2.2899999618530273,2.1500000953674316,2.2799999713897705,1982000
2006-11-29,1.2838916778564453,2.200000047683716,2.240000009536743,2.1700000762939453,2.1700000762939453,3194000
2006-11-30,1.3013993501663208,2.2300000190734863,2.2699999809265137,2.200000047683716,2.200000047683716,1362000
2006-12-01,1.3013993501663208,2.2300000190734863,2.259999990463257,2.200000047683716,2.200000047683716,622000
2006-12-04,1.3130711317062378,2.25,2.2799999713897705,2.180000066757202,2.2100000381469727,2446000
2006-12-05,1.4122811555862427,2.4200000762939453,2.430000066757202,2.299999952316284,2.299999952316284,11184000
2006-12-06,1.4064451456069946,2.4100000858306885,2.4800000190734863,2.3399999141693115,2.450000047683716,3642000
2006-12-07,1.3422504663467407,2.299999952316284,2.4000000953674316,2.299999952316284,2.4000000953674316,2284000
2006-12-08,1.3539223670959473,2.319999933242798,2.3299999237060547,2.299999952316284,2.299999952316284,1248000
2006-12-11,1.3597582578659058,2.3299999237060547,2.4000000953674316,2.3299999237060547,2.3299999237060547,1016000
2006-12-12,1.3714298009872437,2.3499999046325684,2.369999885559082,2.2799999713897705,2.3299999237060547,1052000
2006-12-13,1.3480864763259888,2.309999942779541,2.359999895095825,2.299999952316284,2.3499999046325684,782000
2006-12-14,1.3655939102172852,2.3399999141693115,2.359999895095825,2.309999942779541,2.309999942779541,206000
2006-12-15,1.3422504663467407,2.299999952316284,2.369999885559082,2.190000057220459,2.3399999141693115,1174000
2006-12-18,1.3422504663467407,2.299999952316284,2.3499999046325684,2.2799999713897705,2.299999952316284,1036
2006-12-19,1.3247429132461548,2.2699999809265137,2.380000114440918,2.2699999809265137,2.3299999237060547,1188000
2006-12-20,1.3189069032669067,2.259999990463257,2.3499999046325684,2.259999990463257,2.299999952316284,2150000
2006-12-21,1.3247429132461548,2.2699999809265137,2.2899999618530273,2.240000009536743,2.2799999713897705,1105000
2006-12-22,1.3305786848068237,2.2799999713897705,2.299999952316284,2.2200000286102295,2.2699999809265137,758000
2006-12-27,1.2838916778564453,2.200000047683716,2.3299999237060547,2.200000047683716,2.2799999713897705,2646000
2006-12-28,1.3072351217269897,2.240000009536743,2.299999952316284,2.2200000286102295,2.299999952316284,1206000
2006-12-29,1.3130711317062378,2.25,2.2799999713897705,2.200000047683716,2.200000047683716,2052000
2007-01-02,1.3597582578659058,2.3299999237060547,2.3499999046325684,2.2799999713897705,2.309999942779541,2164000
2007-01-03,1.418116807937622,2.430000066757202,2.440000057220459,2.299999952316284,2.3499999046325684,6852000
2007-01-04,1.3889374732971191,2.380000114440918,2.4800000190734863,2.3299999237060547,2.4700000286102295,5556000
2007-01-05,1.3889374732971191,2.380000114440918,2.4100000858306885,2.3299999237060547,2.3499999046325684,1510000
2007-01-08,1.418116807937622,2.430000066757202,2.430000066757202,2.3499999046325684,2.430000066757202,2240000
2007-01-09,1.4006092548370361,2.4000000953674316,2.450000047683716,2.369999885559082,2.430000066757202,2286000
2007-01-10,1.3539223670959473,2.319999933242798,2.4100000858306885,2.299999952316284,2.4000000953674316,2540000
2007-01-11,1.3364146947860718,2.2899999618530273,2.369999885559082,2.2899999618530273,2.319999933242798,1400000
2007-01-12,1.3364146947860718,2.2899999618530273,2.3499999046325684,2.2799999713897705,2.3499999046325684,1760000
2007-01-15,1.3364146947860718,2.2899999618530273,2.3299999237060547,2.2799999713897705,2.2799999713897705,1392000
2007-01-16,1.3422504663467407,2.299999952316284,2.3299999237060547,2.259999990463257,2.299999952316284,4108000
2007-01-17,1.3597582578659058,2.3299999237060547,2.390000104904175,2.299999952316284,2.299999952316284,3564000
2007-01-18,1.4122811555862427,2.4200000762939453,2.430000066757202,2.299999952316284,2.3299999237060547,3776000
2007-01-19,1.447296142578125,2.4800000190734863,2.5,2.359999895095825,2.4200000762939453,4634000
2007-01-22,1.5640136003494263,2.680000066757202,2.7200000286102295,2.5899999141693115,2.5899999141693115,23018000
2007-01-23,1.5581779479980469,2.6700000762939453,2.7100000381469727,2.609999895095825,2.6500000953674316,6035000
2007-01-24,1.6165367364883423,2.7699999809265137,2.7799999713897705,2.630000114440918,2.680000066757202,7796000
2007-01-25,1.6048645973205566,2.75,2.859999895095825,2.690000057220459,2.7799999713897705,12404000
2007-01-26,1.5289984941482544,2.619999885559082,2.6600000858306885,2.5299999713897705,2.6600000858306885,6440000
2007-01-29,1.5640136003494263,2.680000066757202,2.740000009536743,2.5799999237060547,2.619999885559082,4864000
2007-01-30,1.6982388496398926,2.9100000858306885,2.930000066757202,2.6700000762939453,2.690000057220459,12420000
2007-01-31,1.657387614250183,2.8399999141693115,2.950000047683716,2.7899999618530273,2.9100000858306885,8032000
2007-02-01,1.6223725080490112,2.7799999713897705,2.8499999046325684,2.7100000381469727,2.7799999713897705,5096000
2007-02-02,1.6165367364883423,2.7699999809265137,2.8299999237060547,2.75,2.819999933242798,2492000
2007-02-05,1.657387614250183,2.8399999141693115,2.930000066757202,2.7799999713897705,2.799999952316284,5816000
2007-02-06,1.657387614250183,2.8399999141693115,2.9200000762939453,2.819999933242798,2.8399999141693115,5082000
2007-02-07,1.6457157135009766,2.819999933242798,2.869999885559082,2.7799999713897705,2.8399999141693115,2586000
2007-02-08,1.7916128635406494,3.069999933242798,3.069999933242798,2.8299999237060547,2.8299999237060547,14310000
2007-02-09,1.7332541942596436,2.9700000286102295,3.059999942779541,2.9700000286102295,3.0199999809265137,8778000
2007-02-12,1.692402958869934,2.9000000953674316,3.0,2.8499999046325684,3.0,2572000
2007-02-13,1.6048645973205566,2.75,2.9100000858306885,2.700000047683716,2.9100000858306885,8788000
2007-02-14,1.639879584312439,2.809999942779541,2.890000104904175,2.7100000381469727,2.809999942779541,6788000
2007-02-15,1.721582055091858,2.950000047683716,2.9800000190734863,2.809999942779541,2.809999942779541,7328000
2007-02-16,1.8441356420516968,3.1600000858306885,3.200000047683716,2.890000104904175,2.950000047683716,11440000
2007-02-21,1.9200021028518677,3.2899999618530273,3.390000104904175,3.1500000953674316,3.1600000858306885,11147000
2007-02-22,2.025047540664673,3.4700000286102295,3.490000009536743,3.200000047683716,3.3299999237060547,12074000
2007-02-23,1.9783605337142944,3.390000104904175,3.4800000190734863,3.319999933242798,3.4600000381469727,8798000
2007-02-26,2.048391103744507,3.509999990463257,3.549999952316284,3.299999952316284,3.359999895095825,4650000
2007-02-27,1.9258372783660889,3.299999952316284,3.5999999046325684,3.200000047683716,3.5299999713897705,12532000
2007-02-28,1.8032845258712769,3.0899999141693115,3.1600000858306885,2.869999885559082,2.9000000953674316,13010000
2007-03-01,1.7974482774734497,3.0799999237060547,3.2300000190734863,3.049999952316284,3.049999952316284,8401500
2007-03-02,1.7099107503890991,2.930000066757202,3.1500000953674316,2.869999885559082,3.0799999237060547,8002000
2007-03-05,1.5289984941482544,2.619999885559082,2.890000104904175,2.5899999141693115,2.890000104904175,8820000
2007-03-06,1.6515517234802246,2.8299999237060547,2.8499999046325684,2.6600000858306885,2.6600000858306885,7135000
2007-03-07,1.5873569250106812,2.7200000286102295,2.930000066757202,2.680000066757202,2.9000000953674316,11332100
2007-03-08,1.6223725080490112,2.7799999713897705,2.809999942779541,2.680000066757202,2.740000009536743,4034000
2007-03-09,1.657387614250183,2.8399999141693115,2.869999885559082,2.740000009536743,2.799999952316284,7236000
2007-03-12,1.8266280889511108,3.130000114440918,3.130000114440918,2.819999933242798,2.869999885559082,6672000
2007-03-13,1.785776972770691,3.059999942779541,3.1700000762939453,3.009999990463257,3.140000104904175,3493000
2007-03-14,1.7332541942596436,2.9700000286102295,3.0,2.8399999141693115,2.9000000953674316,3853420
2007-03-15,1.7799408435821533,3.049999952316284,3.109999895095825,3.009999990463257,3.009999990463257,3016365
2007-03-16,1.7916128635406494,3.069999933242798,3.119999885559082,3.009999990463257,3.0899999141693115,2162000
2007-03-19,1.7507613897323608,3.0,3.049999952316284,2.9800000190734863,3.0299999713897705,1396000
2007-03-20,1.7274178266525269,2.9600000381469727,3.049999952316284,2.930000066757202,3.0399999618530273,1952000
2007-03-21,1.8266280889511108,3.130000114440918,3.130000114440918,2.9700000286102295,3.0199999809265137,3957842
2007-03-22,1.8091200590133667,3.0999999046325684,3.190000057220459,3.0899999141693115,3.1500000953674316,4038000
2007-03-23,1.8091200590133667,3.0999999046325684,3.140000104904175,3.059999942779541,3.0799999237060547,2352000
2007-03-26,1.8616435527801514,3.190000057220459,3.190000057220459,3.0999999046325684,3.140000104904175,3952000
2007-03-27,1.8733148574829102,3.2100000381469727,3.3499999046325684,3.180000066757202,3.190000057220459,3972000
2007-03-28,1.8616435527801514,3.190000057220459,3.319999933242798,3.0899999141693115,3.2200000286102295,3348000
2007-03-29,1.8382997512817383,3.1500000953674316,3.190000057220459,3.119999885559082,3.1600000858306885,2126000
2007-03-30,1.8324637413024902,3.140000104904175,3.2200000286102295,3.109999895095825,3.119999885559082,2754000
2007-04-02,1.7974482774734497,3.0799999237060547,3.1600000858306885,3.059999942779541,3.1600000858306885,1752000
2007-04-03,1.8032845258712769,3.0899999141693115,3.119999885559082,3.0799999237060547,3.119999885559082,1732000
2007-04-04,1.8266280889511108,3.130000114440918,3.1500000953674316,3.0799999237060547,3.0799999237060547,2695061
2007-04-10,1.8441356420516968,3.1600000858306885,3.2100000381469727,3.119999885559082,3.1600000858306885,3564000
2007-04-11,1.8849867582321167,3.2300000190734863,3.2300000190734863,3.0999999046325684,3.190000057220459,6796200
2007-04-12,1.8382997512817383,3.1500000953674316,3.2200000286102295,3.140000104904175,3.2200000286102295,2866000
2007-04-13,1.7974482774734497,3.0799999237060547,3.1600000858306885,3.059999942779541,3.1600000858306885,2606000
2007-04-16,1.914165735244751,3.2799999713897705,3.2899999618530273,3.0899999141693115,3.0899999141693115,5834000
2007-04-17,1.9491809606552124,3.3399999141693115,3.3399999141693115,3.200000047683716,3.2899999618530273,5784000
2007-04-18,1.972524642944336,3.380000114440918,3.380000114440918,3.1700000762939453,3.299999952316284,3142000
2007-04-19,1.8558074235916138,3.180000066757202,3.180000066757202,3.180000066757202,3.180000066757202,92000
2007-04-20,1.8207920789718628,3.119999885559082,3.130000114440918,3.0399999618530273,3.0799999237060547,3780000
2007-04-23,1.8499714136123657,3.1700000762939453,3.2100000381469727,3.0899999141693115,3.0999999046325684,2284000
2007-04-24,1.8324637413024902,3.140000104904175,3.180000066757202,3.0899999141693115,3.130000114440918,1578000
2007-04-25,1.8382997512817383,3.1500000953674316,3.180000066757202,3.0899999141693115,3.140000104904175,1886000
2007-04-26,1.9200021028518677,3.2899999618530273,3.3299999237060547,3.1700000762939453,3.1700000762939453,5962000
2007-04-27,1.9083300828933716,3.2699999809265137,3.299999952316284,3.200000047683716,3.2799999713897705,2854000
2007-04-30,1.9200021028518677,3.2899999618530273,3.3299999237060547,3.259999990463257,3.299999952316284,4028000
2007-05-02,1.8966584205627441,3.25,3.3499999046325684,3.25,3.259999990463257,1136000
2007-05-03,2.0017035007476807,3.430000066757202,3.450000047683716,3.25,3.25,4982000
2007-05-04,2.042555332183838,3.5,3.509999990463257,3.4200000762939453,3.450000047683716,4365500
2007-05-07,2.34362530708313,3.9700000286102295,4.039999961853027,3.559999942779541,3.559999942779541,24150000
2007-05-08,2.255075454711914,3.819999933242798,4.0,3.75,3.880000114440918,9212000
2007-05-09,2.3495287895202637,3.9800000190734863,4.099999904632568,3.880000114440918,3.880000114440918,8470000
2007-05-10,2.6269853115081787,4.449999809265137,4.449999809265137,3.940000057220459,4.050000190734863,19192000
2007-05-11,2.8099892139434814,4.760000228881836,4.820000171661377,4.199999809265137,4.300000190734863,15362000
2007-05-14,3.1700925827026367,5.369999885559082,5.75,5.019999980926514,5.699999809265137,17528000
2007-05-15,2.951669692993164,5.0,5.550000190734863,4.699999809265137,5.400000095367432,11765000
2007-05-16,2.8572161197662354,4.840000152587891,5.050000190734863,4.769999980926514,4.949999809265137,8234000
2007-05-17,2.756859302520752,4.670000076293945,4.980000019073486,4.650000095367432,4.900000095367432,3612000
2007-05-18,2.7037293910980225,4.579999923706055,4.670000076293945,4.5,4.670000076293945,5722000
2007-05-21,3.0638327598571777,5.190000057220459,5.199999809265137,4.599999904632568,4.599999904632568,8678000
2007-05-22,3.0047996044158936,5.090000152587891,5.340000152587891,4.980000019073486,5.199999809265137,9510000
2007-05-23,2.992993116378784,5.070000171661377,5.170000076293945,4.900000095367432,4.989999771118164,3637939
2007-05-25,2.904442548751831,4.920000076293945,4.949999809265137,4.829999923706055,4.949999809265137,3298000
2007-05-28,2.8336029052734375,4.800000190734863,5.0,4.78000020980835,4.949999809265137,3696000
2007-05-29,2.839506149291992,4.809999942779541,4.900000095367432,4.78000020980835,4.840000152587891,2483000
2007-05-30,2.7804720401763916,4.710000038146973,5.0,4.5,4.800000190734863,5112000
2007-05-31,2.8572161197662354,4.840000152587891,4.949999809265137,4.800000190734863,4.880000114440918,3515000
2007-06-01,2.839506149291992,4.809999942779541,5.099999904632568,4.809999942779541,4.840000152587891,2948000
2007-06-04,2.7273430824279785,4.619999885559082,4.900000095367432,4.519999980926514,4.849999904632568,2800300
2007-06-05,2.8926358222961426,4.900000095367432,4.900000095367432,4.610000133514404,4.699999809265137,5248000
2007-06-06,2.951669692993164,5.0,5.179999828338623,4.920000076293945,4.920000076293945,7058000
2007-06-07,2.8926358222961426,4.900000095367432,5.119999885559082,4.829999923706055,5.0,5682000
2007-06-08,2.8572161197662354,4.840000152587891,4.860000133514404,4.760000228881836,4.860000133514404,7198000
2007-06-11,2.969379425048828,5.03000020980835,5.199999809265137,4.900000095367432,5.199999809265137,3478000
2007-06-12,2.922152280807495,4.949999809265137,5.130000114440918,4.949999809265137,5.019999980926514,4056000
2007-06-13,2.969379425048828,5.03000020980835,5.110000133514404,4.989999771118164,4.989999771118164,3184000
2007-06-14,2.969379425048828,5.03000020980835,5.099999904632568,5.0,5.050000190734863,2835000
2007-06-15,2.9752821922302246,5.039999961853027,5.099999904632568,4.96999979019165,5.099999904632568,2229000
2007-06-18,2.904442548751831,4.920000076293945,5.070000171661377,4.909999847412109,5.070000171661377,3690000
2007-06-20,3.081542491912842,5.21999979019165,5.320000171661377,5.110000133514404,5.110000133514404,9484000
2007-06-21,3.235029697418213,5.480000019073486,5.5,5.300000190734863,5.449999809265137,5894000
2007-06-22,3.358999729156494,5.690000057220459,5.760000228881836,5.599999904632568,5.699999809265137,7172000
2007-06-25,3.364902973175049,5.699999809265137,6.050000190734863,5.650000095367432,5.679999828338623,8916000
2007-06-26,3.358999729156494,5.690000057220459,5.75,5.510000228881836,5.699999809265137,4206000
2007-06-27,3.3058695793151855,5.599999904632568,5.75,5.380000114440918,5.699999809265137,5759000
2007-06-28,3.4180328845977783,5.789999961853027,5.809999942779541,5.670000076293945,5.679999828338623,4952000
2007-06-29,3.5420026779174805,6.0,6.0,5.559999942779541,5.900000095367432,4466000
2007-07-03,3.423936605453491,5.800000190734863,6.0,5.71999979019165,5.849999904632568,2278000
2007-07-04,3.471163034439087,5.880000114440918,5.929999828338623,5.78000020980835,5.849999904632568,2412000
2007-07-05,3.429839849472046,5.809999942779541,5.980000019073486,5.800000190734863,5.980000019073486,1470000
2007-07-06,3.217319965362549,5.449999809265137,5.699999809265137,5.380000114440918,5.699999809265137,7496000
2007-07-09,3.2055130004882812,5.429999828338623,5.510000228881836,5.420000076293945,5.449999809265137,5455900
2007-07-10,2.969379425048828,5.03000020980835,5.429999828338623,4.900000095367432,5.429999828338623,9643000
2007-07-11,3.105156183242798,5.260000228881836,5.320000171661377,4.949999809265137,5.090000152587891,5394000
2007-07-12,3.1169631481170654,5.28000020980835,5.400000095367432,5.159999847412109,5.25,2704000
2007-07-13,3.0992534160614014,5.25,5.400000095367432,5.159999847412109,5.309999942779541,4126000
2007-07-16,3.057929277420044,5.179999828338623,5.199999809265137,5.050000190734863,5.199999809265137,1738000
2007-07-17,3.0402190685272217,5.150000095367432,5.199999809265137,5.070000171661377,5.150000095367432,1446000
2007-07-18,2.951669692993164,5.0,5.110000133514404,5.0,5.099999904632568,2418000
2007-07-19,2.969379425048828,5.03000020980835,5.099999904632568,5.0,5.0,2220000
2007-07-20,3.0225095748901367,5.119999885559082,5.199999809265137,5.050000190734863,5.070000171661377,2488000
2007-07-23,3.0047996044158936,5.090000152587891,5.199999809265137,5.050000190734863,5.199999809265137,1580000
2007-07-24,2.9339592456817627,4.96999979019165,5.150000095367432,4.909999847412109,5.139999866485596,7136253
2007-07-25,2.9162495136260986,4.940000057220459,4.980000019073486,4.829999923706055,4.860000133514404,3312000
2007-07-26,2.8749258518218994,4.869999885559082,5.0,4.800000190734863,4.900000095367432,2307747
2007-07-27,2.7922792434692383,4.730000019073486,4.840000152587891,4.630000114440918,4.699999809265137,3354000
2007-07-30,2.7922792434692383,4.730000019073486,4.730000019073486,4.730000019073486,4.730000019073486,0
2007-07-31,2.815892457962036,4.769999980926514,4.920000076293945,4.650000095367432,4.820000171661377,3882000
2007-08-01,2.6565022468566895,4.5,4.860000133514404,4.5,4.829999923706055,2520000
2007-08-02,2.562049150466919,4.340000152587891,4.75,4.199999809265137,4.610000133514404,2616000
2007-08-03,2.4380788803100586,4.130000114440918,4.460000038146973,4.130000114440918,4.400000095367432,3510000
2007-08-06,2.320012331008911,3.930000066757202,4.050000190734863,3.8499999046325684,4.050000190734863,2354000
2007-08-07,2.34362530708313,3.9700000286102295,4.199999809265137,3.880000114440918,4.0,3526000
2007-08-08,2.361335515975952,4.0,4.099999904632568,3.9800000190734863,4.0,1905000
2007-08-09,2.491209030151367,4.21999979019165,4.329999923706055,4.099999904632568,4.099999904632568,3441000
2007-08-10,2.3318185806274414,3.950000047683716,4.0,3.880000114440918,4.0,2364000
2007-08-13,2.4144656658172607,4.090000152587891,4.150000095367432,3.950000047683716,3.950000047683716,1392000
2007-08-14,2.739149332046509,4.639999866485596,4.679999828338623,4.050000190734863,4.090000152587891,3484000
2007-08-15,2.538435935974121,4.300000190734863,4.5,4.190000057220459,4.5,2890000
2007-08-16,2.384949207305908,4.039999961853027,4.25,3.799999952316284,4.25,4866000
2007-08-17,2.5266289710998535,4.28000020980835,4.28000020980835,3.549999952316284,3.8499999046325684,6683000
2007-08-20,2.609276294708252,4.420000076293945,4.449999809265137,4.079999923706055,4.429999828338623,4664000
2007-08-21,2.86311936378479,4.849999904632568,4.989999771118164,4.599999904632568,4.599999904632568,6792000
2007-08-22,2.9339592456817627,4.96999979019165,5.099999904632568,4.800000190734863,4.840000152587891,6655047
2007-08-23,2.981186628341675,5.050000190734863,5.199999809265137,4.940000057220459,5.099999904632568,5449586
2007-08-24,3.01070237159729,5.099999904632568,5.300000190734863,4.809999942779541,5.090000152587891,8054000
2007-08-27,3.235029697418213,5.480000019073486,5.599999904632568,5.300000190734863,5.300000190734863,12203000
2007-08-28,3.0638327598571777,5.190000057220459,5.599999904632568,4.96999979019165,5.599999904632568,11171276
2007-08-29,2.839506149291992,4.809999942779541,4.960000038146973,4.670000076293945,4.940000057220459,11883048
2007-08-30,2.8749258518218994,4.869999885559082,5.119999885559082,4.860000133514404,5.0,6228000
2007-08-31,2.981186628341675,5.050000190734863,5.199999809265137,4.900000095367432,4.900000095367432,6299000
2007-09-03,2.928056240081787,4.960000038146973,5.130000114440918,4.920000076293945,5.130000114440918,2555000
2007-09-04,2.9103457927703857,4.929999828338623,5.059999942779541,4.909999847412109,5.059999942779541,2395000
2007-09-05,2.8276994228363037,4.789999961853027,5.019999980926514,4.760000228881836,5.0,4304000
2007-09-06,2.8336029052734375,4.800000190734863,4.880000114440918,4.699999809265137,4.789999961853027,2295000
2007-09-07,2.815892457962036,4.769999980926514,4.860000133514404,4.710000038146973,4.820000171661377,1702000
2007-09-10,2.798182249069214,4.739999771118164,4.769999980926514,4.650000095367432,4.650000095367432,2052000
2007-09-11,2.7509560585021973,4.659999847412109,4.820000171661377,4.650000095367432,4.789999961853027,2876000
2007-09-12,2.7509560585021973,4.659999847412109,4.78000020980835,4.630000114440918,4.78000020980835,1332000
2007-09-13,2.733246088027954,4.630000114440918,4.78000020980835,4.579999923706055,4.78000020980835,1894000
2007-09-14,2.7155356407165527,4.599999904632568,4.71999979019165,4.579999923706055,4.650000095367432,1844000
2007-09-17,2.674212694168091,4.53000020980835,4.599999904632568,4.46999979019165,4.599999904632568,1376000
2007-09-18,2.686018943786621,4.550000190734863,4.550000190734863,4.449999809265137,4.53000020980835,3048135
2007-09-19,2.6269853115081787,4.449999809265137,4.599999904632568,4.409999847412109,4.599999904632568,4546000
2007-09-20,2.603372573852539,4.409999847412109,4.579999923706055,4.239999771118164,4.5,10108000
2007-09-21,2.562049150466919,4.340000152587891,4.429999828338623,4.28000020980835,4.429999828338623,3924000
2007-09-24,2.585662603378296,4.380000114440918,4.400000095367432,4.269999980926514,4.309999942779541,4102000
2007-09-25,2.538435935974121,4.300000190734863,4.360000133514404,4.239999771118164,4.360000133514404,4831008
2007-09-27,2.8513128757476807,4.829999923706055,4.960000038146973,4.289999961853027,4.429999828338623,14429000
2007-09-28,2.8336029052734375,4.800000190734863,5.0,4.699999809265137,4.900000095367432,7261000
2007-10-02,2.904442548751831,4.920000076293945,4.960000038146973,4.840000152587891,4.840000152587891,4777000
2007-10-03,2.5974690914154053,4.400000095367432,5.010000228881836,4.28000020980835,5.0,10154000
2007-10-04,2.538435935974121,4.300000190734863,4.46999979019165,4.260000228881836,4.400000095367432,6570000
2007-10-05,2.6505990028381348,4.489999771118164,4.510000228881836,4.349999904632568,4.349999904632568,3512000
2007-10-08,2.7155356407165527,4.599999904632568,4.699999809265137,4.510000228881836,4.610000133514404,7496000
2007-10-09,2.7450523376464844,4.650000095367432,4.650000095367432,4.539999961853027,4.650000095367432,2902000
2007-10-10,2.7155356407165527,4.599999904632568,4.769999980926514,4.579999923706055,4.769999980926514,2334000
2007-10-11,2.674212694168091,4.53000020980835,4.75,4.519999980926514,4.650000095367432,3567000
2007-10-12,2.6978254318237305,4.570000171661377,4.679999828338623,4.409999847412109,4.599999904632568,3260000
2007-10-15,2.739149332046509,4.639999866485596,4.75,4.590000152587891,4.590000152587891,4294000
2007-10-16,2.774568796157837,4.699999809265137,4.75,4.639999866485596,4.659999847412109,4696000
2007-10-17,2.709632635116577,4.590000152587891,4.769999980926514,4.5,4.769999980926514,3838720
2007-10-18,2.774568796157837,4.699999809265137,5.099999904632568,4.699999809265137,4.900000095367432,16011327
2007-10-22,2.7037293910980225,4.579999923706055,4.670000076293945,4.519999980926514,4.610000133514404,3440000
2007-10-23,2.7450523376464844,4.650000095367432,4.75,4.650000095367432,4.679999828338623,2714000
2007-10-24,2.821796178817749,4.78000020980835,4.849999904632568,4.679999828338623,4.699999809265137,5696000
2007-10-25,2.7273430824279785,4.619999885559082,4.920000076293945,4.539999961853027,4.78000020980835,6260000
2007-10-26,2.644695997238159,4.480000019073486,4.630000114440918,4.400000095367432,4.619999885559082,3312000
2007-10-29,2.644695997238159,4.480000019073486,4.699999809265137,4.480000019073486,4.699999809265137,6344000
2007-10-30,2.798182249069214,4.739999771118164,4.800000190734863,4.489999771118164,4.489999771118164,5771000
2007-10-31,3.0047996044158936,5.090000152587891,5.130000114440918,4.739999771118164,4.789999961853027,11505352
2007-11-01,2.8572161197662354,4.840000152587891,5.079999923706055,4.800000190734863,5.079999923706055,3312000
2007-11-02,2.8336029052734375,4.800000190734863,4.849999904632568,4.599999904632568,4.599999904632568,2410000
2007-11-05,2.7155356407165527,4.599999904632568,4.800000190734863,4.539999961853027,4.800000190734863,2377000
2007-11-06,2.6919219493865967,4.559999942779541,4.599999904632568,4.5,4.5,1424000
2007-11-07,2.686018943786621,4.550000190734863,4.679999828338623,4.46999979019165,4.559999942779541,2489000
2007-11-08,2.674212694168091,4.53000020980835,4.53000020980835,4.199999809265137,4.389999866485596,1628000
2007-11-09,2.5738563537597656,4.360000133514404,4.519999980926514,4.360000133514404,4.5,2628000
2007-11-12,2.5089187622070312,4.25,4.28000020980835,4.099999904632568,4.150000095367432,1723003
2007-11-13,2.361335515975952,4.0,4.25,3.799999952316284,4.110000133514404,4770000
2007-11-14,2.4203686714172363,4.099999904632568,4.199999809265137,4.070000171661377,4.099999904632568,1544000
2007-11-15,2.361335515975952,4.0,4.150000095367432,3.990000009536743,4.099999904632568,720000
2007-11-16,2.207848310470581,3.740000009536743,4.0,3.740000009536743,3.9000000953674316,3820000
2007-11-19,2.213752031326294,3.75,3.9000000953674316,3.7300000190734863,3.759999990463257,2026000
2007-11-20,2.1311051845550537,3.609999895095825,3.7200000286102295,3.559999942779541,3.7200000286102295,2864000
2007-11-21,1.983521580696106,3.359999895095825,3.6500000953674316,3.359999895095825,3.559999942779541,2188000
2007-11-22,1.930391550064087,3.2699999809265137,3.3399999141693115,3.200000047683716,3.259999990463257,2576000
2007-11-23,1.94810152053833,3.299999952316284,3.4700000286102295,3.2699999809265137,3.4700000286102295,1821670
2007-11-26,2.190138816833496,3.7100000381469727,3.7300000190734863,3.4000000953674316,3.5,3331370
2007-11-27,2.101588726043701,3.559999942779541,3.700000047683716,3.5199999809265137,3.700000047683716,4282000
2007-11-28,2.1133949756622314,3.5799999237060547,3.75,3.549999952316284,3.700000047683716,4238000
2007-11-29,2.19604229927063,3.7200000286102295,3.740000009536743,3.630000114440918,3.680000066757202,3802000
2007-11-30,2.384949207305908,4.039999961853027,4.159999847412109,3.619999885559082,3.7200000286102295,4154000
2007-12-03,2.2845921516418457,3.869999885559082,3.9100000858306885,3.859999895095825,3.890000104904175,3008000
2007-12-04,2.2432684898376465,3.799999952316284,3.930000066757202,3.7699999809265137,3.7699999809265137,1168000
2007-12-05,2.278688907623291,3.859999895095825,3.9000000953674316,3.799999952316284,3.799999952316284,1619000
2007-12-06,2.272785186767578,3.8499999046325684,3.940000057220459,3.75,3.9000000953674316,2696000
2007-12-07,2.296398639678955,3.890000104904175,3.950000047683716,3.8399999141693115,3.8499999046325684,2204000
2007-12-10,2.320012331008911,3.930000066757202,3.9700000286102295,3.869999885559082,3.9000000953674316,1586000
2007-12-11,2.272785186767578,3.8499999046325684,3.950000047683716,3.8399999141693115,3.950000047683716,1104000
2007-12-12,2.16652512550354,3.6700000762939453,3.8299999237060547,3.6700000762939453,3.7699999809265137,1237000
2007-12-13,2.083878517150879,3.5299999713897705,3.75,3.5,3.680000066757202,1102000
2007-12-14,2.1547188758850098,3.6500000953674316,3.6500000953674316,3.2799999713897705,3.5,3938000
2007-12-17,1.9776183366775513,3.3499999046325684,3.5,3.299999952316284,3.4100000858306885,2296000
2007-12-18,1.9894253015518188,3.369999885559082,3.4000000953674316,3.25,3.3499999046325684,1400000
2007-12-19,1.94810152053833,3.299999952316284,3.3499999046325684,3.259999990463257,3.3299999237060547,788000
2007-12-20,1.930391550064087,3.2699999809265137,3.3399999141693115,3.2200000286102295,3.299999952316284,2748000
2007-12-21,2.083878517150879,3.5299999713897705,3.5399999618530273,3.259999990463257,3.299999952316284,3578000
2007-12-24,2.184235095977783,3.700000047683716,3.700000047683716,3.4700000286102295,3.5,1211000
2007-12-27,2.077974796295166,3.5199999809265137,3.7200000286102295,3.450000047683716,3.609999895095825,3270000
2007-12-28,1.9776183366775513,3.3499999046325684,3.5199999809265137,3.319999933242798,3.5199999809265137,1928167
2007-12-31,2.2432684898376465,3.799999952316284,3.799999952316284,3.319999933242798,3.390000104904175,2007000
2008-01-02,2.2432684898376465,3.799999952316284,3.809999942779541,3.390000104904175,3.390000104904175,3034000
2008-01-03,2.255075454711914,3.819999933242798,3.869999885559082,3.640000104904175,3.759999990463257,3438000
2008-01-04,2.3082056045532227,3.9100000858306885,3.9200000762939453,3.759999990463257,3.799999952316284,1426000
2008-01-07,2.3790454864501953,4.03000020980835,4.050000190734863,3.809999942779541,3.9000000953674316,2188000
2008-01-08,2.3259153366088867,3.940000057220459,4.079999923706055,3.8499999046325684,4.050000190734863,1864000
2008-01-09,2.255075454711914,3.819999933242798,3.9100000858306885,3.7100000381469727,3.9100000858306885,2896000
2008-01-10,2.2904953956604004,3.880000114440918,3.880000114440918,3.75,3.869999885559082,2898000
2008-01-11,2.213752031326294,3.75,3.9100000858306885,3.700000047683716,3.9000000953674316,1756000
2008-01-14,2.1547188758850098,3.6500000953674316,3.799999952316284,3.6500000953674316,3.740000009536743,454000
2008-01-15,2.0956852436065674,3.549999952316284,3.7899999618530273,3.5199999809265137,3.700000047683716,788000
2008-01-16,2.0071349143981934,3.4000000953674316,3.4800000190734863,3.299999952316284,3.440000057220459,1418000
2008-01-17,2.001232385635376,3.390000104904175,3.4100000858306885,3.0799999237060547,3.380000114440918,2626000
2008-01-18,1.8477450609207153,3.130000114440918,3.2300000190734863,3.049999952316284,3.200000047683716,5290000
2008-01-21,1.7887117862701416,3.0299999713897705,3.2100000381469727,3.0199999809265137,3.0799999237060547,2494000
2008-01-22,1.593901515007019,2.700000047683716,2.809999942779541,2.5399999618530273,2.700000047683716,4856000
2008-01-23,1.6824514865875244,2.8499999046325684,2.880000114440918,2.430000066757202,2.7699999809265137,6356000
2008-01-24,1.6234180927276611,2.75,2.8499999046325684,2.5999999046325684,2.799999952316284,3506000
2008-01-25,1.8241316080093384,3.0899999141693115,3.0899999141693115,2.700000047683716,2.75,3714000
2008-01-28,1.7828081846237183,3.0199999809265137,3.0899999141693115,2.799999952316284,2.9600000381469727,3452000
2008-01-29,1.9185850620269775,3.25,3.299999952316284,2.8299999237060547,3.0199999809265137,3182000
2008-01-30,1.830034852027893,3.0999999046325684,3.25,2.819999933242798,3.200000047683716,5330000
2008-01-31,2.2432684898376465,3.799999952316284,3.9200000762939453,2.9100000858306885,2.940000057220459,8088000
2008-02-01,1.930391550064087,3.2699999809265137,3.680000066757202,3.140000104904175,3.680000066757202,4500000
2008-02-04,1.9421982765197754,3.2899999618530273,3.380000114440918,3.1500000953674316,3.369999885559082,2676000
2008-02-05,1.94810152053833,3.299999952316284,3.3499999046325684,3.1700000762939453,3.200000047683716,1904000
2008-02-06,1.965811848640442,3.3299999237060547,3.3399999141693115,3.0999999046325684,3.190000057220459,646000
2008-02-11,1.8713583946228027,3.1700000762939453,3.240000009536743,3.130000114440918,3.200000047683716,295000
2008-02-12,1.8949717283248901,3.2100000381469727,3.2300000190734863,3.1700000762939453,3.180000066757202,392000
2008-02-13,1.94810152053833,3.299999952316284,3.3399999141693115,3.2200000286102295,3.2200000286102295,900000
2008-02-14,1.9540050029754639,3.309999942779541,3.390000104904175,3.259999990463257,3.390000104904175,1212000
2008-02-15,1.983521580696106,3.359999895095825,3.359999895095825,3.240000009536743,3.3299999237060547,982000
2008-02-18,1.965811848640442,3.3299999237060547,3.380000114440918,3.2699999809265137,3.359999895095825,902000
2008-02-19,1.965811848640442,3.3299999237060547,3.369999885559082,3.259999990463257,3.369999885559082,1080000
2008-02-20,1.94810152053833,3.299999952316284,3.299999952316284,3.200000047683716,3.259999990463257,1208000
2008-02-21,1.9126818180084229,3.240000009536743,3.299999952316284,3.200000047683716,3.299999952316284,830000
2008-02-22,1.8890682458877563,3.200000047683716,3.2699999809265137,3.1500000953674316,3.240000009536743,482000
2008-02-25,1.8359379768371582,3.109999895095825,3.2100000381469727,3.069999933242798,3.1600000858306885,618000
2008-02-26,1.8241316080093384,3.0899999141693115,3.1600000858306885,3.049999952316284,3.109999895095825,360000
2008-02-27,1.965811848640442,3.3299999237060547,3.3299999237060547,3.0299999713897705,3.0299999713897705,1840000
2008-02-28,1.9894253015518188,3.369999885559082,3.4000000953674316,3.200000047683716,3.200000047683716,1864000
2008-02-29,2.1192984580993652,3.5899999141693115,3.690000057220459,3.2799999713897705,3.3399999141693115,4240000
2008-03-03,2.0071349143981934,3.4000000953674316,3.5299999713897705,3.2799999713897705,3.430000066757202,12772000
2008-03-04,1.9717150926589966,3.3399999141693115,3.559999942779541,3.2699999809265137,3.430000066757202,6086000
2008-03-05,2.013038158416748,3.4100000858306885,3.430000066757202,3.119999885559082,3.319999933242798,3332000
2008-03-06,1.9717150926589966,3.3399999141693115,3.509999990463257,3.2899999618530273,3.4000000953674316,3934000
2008-03-07,2.0661685466766357,3.5,3.549999952316284,3.190000057220459,3.2100000381469727,2698000
2008-03-10,1.94810152053833,3.299999952316284,3.3499999046325684,3.119999885559082,3.299999952316284,3810000
2008-03-11,1.9244885444641113,3.259999990463257,3.2899999618530273,3.0899999141693115,3.200000047683716,4158000
2008-03-12,1.8772616386413574,3.180000066757202,3.3299999237060547,3.049999952316284,3.0999999046325684,11737000
2008-03-13,1.8182282447814941,3.0799999237060547,3.1500000953674316,2.930000066757202,3.0799999237060547,4766000
2008-03-14,2.107491970062256,3.569999933242798,3.619999885559082,2.869999885559082,3.0,7164000
2008-03-17,1.7119683027267456,2.9000000953674316,3.0999999046325684,2.9000000953674316,3.0799999237060547,3950000
2008-03-18,1.5998048782348633,2.7100000381469727,2.940000057220459,2.559999942779541,2.9000000953674316,3266000
2008-03-19,1.6529347896575928,2.799999952316284,2.869999885559082,2.6500000953674316,2.75,9076000
2008-03-20,1.7710013389587402,3.0,3.049999952316284,2.5799999237060547,2.700000047683716,6714000
2008-03-25,1.7532918453216553,2.9700000286102295,3.0999999046325684,2.880000114440918,2.950000047683716,6628000
2008-03-26,1.7296782732009888,2.930000066757202,3.0399999618530273,2.9100000858306885,3.0,4735000
2008-03-27,1.6824514865875244,2.8499999046325684,2.930000066757202,2.8399999141693115,2.9000000953674316,3194000
2008-03-28,1.7355815172195435,2.940000057220459,3.049999952316284,2.8299999237060547,2.9000000953674316,11132000
2008-03-31,1.7060648202896118,2.890000104904175,3.059999942779541,2.890000104904175,2.940000057220459,6424000
2008-04-01,1.7060648202896118,2.890000104904175,2.950000047683716,2.8499999046325684,2.9200000762939453,5230000
2008-04-02,1.7296782732009888,2.930000066757202,3.0199999809265137,2.9000000953674316,2.9800000190734863,15710000
2008-04-03,1.7119683027267456,2.9000000953674316,2.950000047683716,2.8399999141693115,2.9100000858306885,8800000
2008-04-07,1.7887117862701416,3.0299999713897705,3.0399999618530273,2.950000047683716,2.950000047683716,12987543
2008-04-08,1.865455150604248,3.1600000858306885,3.2799999713897705,2.9800000190734863,3.0199999809265137,15644000
2008-04-09,1.8123247623443604,3.069999933242798,3.359999895095825,3.0399999618530273,3.2200000286102295,15966000
2008-04-10,1.8359379768371582,3.109999895095825,3.1600000858306885,3.0299999713897705,3.0899999141693115,7048000
2008-04-11,1.8595516681671143,3.1500000953674316,3.2200000286102295,3.0999999046325684,3.1500000953674316,6268000
2008-04-14,1.747388243675232,2.9600000381469727,3.140000104904175,2.9200000762939453,3.0899999141693115,7608000
2008-04-15,1.7178716659545898,2.9100000858306885,3.0,2.8499999046325684,2.930000066757202,4232000
2008-04-16,1.6234180927276611,2.75,2.940000057220459,2.7300000190734863,2.9100000858306885,5474000
2008-04-17,1.5998048782348633,2.7100000381469727,2.8499999046325684,2.6600000858306885,2.819999933242798,7596000
2008-04-18,1.5998048782348633,2.7100000381469727,2.799999952316284,2.680000066757202,2.700000047683716,2170000
2008-04-21,1.570288062095642,2.6600000858306885,2.799999952316284,2.6600000858306885,2.799999952316284,5662000
2008-04-22,1.6470314264297485,2.7899999618530273,2.7899999618530273,2.6600000858306885,2.680000066757202,3550000
2008-04-23,1.7119683027267456,2.9000000953674316,2.930000066757202,2.7899999618530273,2.7899999618530273,7010000
2008-04-24,1.7828081846237183,3.0199999809265137,3.0799999237060547,2.9600000381469727,2.9600000381469727,7448000
2008-04-25,1.7591947317123413,2.9800000190734863,3.109999895095825,2.9600000381469727,3.0999999046325684,5134000
2008-04-28,1.7946149110794067,3.0399999618530273,3.0799999237060547,2.990000009536743,2.990000009536743,3046000
2008-04-29,1.8241316080093384,3.0899999141693115,3.0999999046325684,3.0399999618530273,3.049999952316284,3448000
2008-04-30,1.7001614570617676,2.880000114440918,3.059999942779541,2.869999885559082,3.049999952316284,11107800
2008-05-02,1.7178716659545898,2.9100000858306885,2.950000047683716,2.8499999046325684,2.9000000953674316,4024000
2008-05-05,1.7532918453216553,2.9700000286102295,3.0,2.890000104904175,2.950000047683716,3144000
2008-05-06,1.8182282447814941,3.0799999237060547,3.0799999237060547,2.9600000381469727,2.9600000381469727,5434000
2008-05-07,1.8064218759536743,3.059999942779541,3.0899999141693115,3.0,3.0799999237060547,6788000
2008-05-08,1.830034852027893,3.0999999046325684,3.119999885559082,3.0199999809265137,3.059999942779541,4980000
2008-05-09,1.8418413400650024,3.119999885559082,3.1700000762939453,3.0199999809265137,3.0799999237060547,3522000
2008-05-13,1.7887117862701416,3.0299999713897705,3.119999885559082,3.009999990463257,3.119999885559082,3010000
2008-05-14,1.8241316080093384,3.0899999141693115,3.109999895095825,3.0299999713897705,3.0399999618530273,1180000
2008-05-15,1.8360930681228638,3.069999933242798,3.0799999237060547,3.0199999809265137,3.069999933242798,1602000
2008-05-16,1.8959007263183594,3.1700000762939453,3.180000066757202,3.059999942779541,3.069999933242798,4916000
2008-05-19,1.901881456375122,3.180000066757202,3.200000047683716,3.1600000858306885,3.180000066757202,1842000
2008-05-20,1.800208568572998,3.009999990463257,3.1700000762939453,2.9800000190734863,3.1700000762939453,3046000
2008-05-21,1.7942276000976562,3.0,3.0199999809265137,2.930000066757202,3.009999990463257,1610000
2008-05-22,1.800208568572998,3.009999990463257,3.049999952316284,2.940000057220459,2.9800000190734863,1526000
2008-05-23,1.7404011487960815,2.9100000858306885,3.009999990463257,2.890000104904175,2.950000047683716,1232000
2008-05-26,1.7822662591934204,2.9800000190734863,3.0199999809265137,2.8499999046325684,2.9600000381469727,1890000
2008-05-27,1.7822662591934204,2.9800000190734863,3.0,2.950000047683716,2.9800000190734863,392000
2008-05-28,1.7762857675552368,2.9700000286102295,3.0199999809265137,2.9700000286102295,2.990000009536743,526000
2008-05-29,1.7643239498138428,2.950000047683716,3.0,2.9100000858306885,3.0,496000
2008-05-30,1.7643239498138428,2.950000047683716,3.0,2.940000057220459,2.990000009536743,416000
2008-06-02,1.7942276000976562,3.0,3.0199999809265137,2.940000057220459,2.950000047683716,598000
2008-06-03,1.7703049182891846,2.9600000381469727,2.9700000286102295,2.930000066757202,2.940000057220459,598000
2008-06-04,1.7523627281188965,2.930000066757202,2.9600000381469727,2.890000104904175,2.930000066757202,396000
2008-06-05,1.7164781093597412,2.869999885559082,2.950000047683716,2.859999895095825,2.950000047683716,812000
2008-06-06,1.7344205379486084,2.9000000953674316,2.9200000762939453,2.859999895095825,2.859999895095825,576000
2008-06-10,1.6207858324050903,2.7100000381469727,2.819999933242798,2.7100000381469727,2.759999990463257,1264000
2008-06-11,1.6207858324050903,2.7100000381469727,2.7799999713897705,2.7100000381469727,2.7200000286102295,332000
2008-06-12,1.5729397535324097,2.630000114440918,2.7100000381469727,2.549999952316284,2.7100000381469727,1348000
2008-06-13,1.4951900243759155,2.5,2.6500000953674316,2.5,2.630000114440918,922000
2008-06-16,1.5011706352233887,2.509999990463257,2.569999933242798,2.4600000381469727,2.559999942779541,1440000
2008-06-17,1.4413630962371826,2.4100000858306885,2.5199999809265137,2.4100000858306885,2.5,1019000
2008-06-18,1.4533244371414185,2.430000066757202,2.440000057220459,2.3499999046325684,2.380000114440918,3172000
2008-06-19,1.3636130094528198,2.2799999713897705,2.4200000762939453,2.240000009536743,2.4200000762939453,1510000
2008-06-20,1.3516515493392944,2.259999990463257,2.3299999237060547,2.2100000381469727,2.259999990463257,984000
2008-06-23,1.3815555572509766,2.309999942779541,2.369999885559082,2.180000066757202,2.190000057220459,2946000
2008-06-24,1.303805947303772,2.180000066757202,2.2699999809265137,2.1600000858306885,2.190000057220459,1780000
2008-06-25,1.327728509902954,2.2200000286102295,2.609999895095825,2.2100000381469727,2.259999990463257,1224000
2008-06-26,1.32174813747406,2.2100000381469727,2.25,2.200000047683716,2.2200000286102295,810000
2008-06-27,1.267920732498169,2.119999885559082,2.180000066757202,2.0899999141693115,2.180000066757202,964000
2008-06-30,1.2499786615371704,2.0899999141693115,2.119999885559082,2.049999952316284,2.119999885559082,778000
2008-07-02,1.2798826694488525,2.140000104904175,2.200000047683716,2.049999952316284,2.049999952316284,2136000
2008-07-03,1.2320364713668823,2.059999942779541,2.1700000762939453,2.0299999713897705,2.049999952316284,1692000
2008-07-04,1.267920732498169,2.119999885559082,2.140000104904175,2.069999933242798,2.069999933242798,958000
2008-07-07,1.32174813747406,2.2100000381469727,2.2100000381469727,2.119999885559082,2.119999885559082,1090000
2008-07-08,1.32174813747406,2.2100000381469727,2.25,2.200000047683716,2.25,2024000
2008-07-09,1.3396902084350586,2.240000009536743,2.2899999618530273,2.200000047683716,2.200000047683716,1348000
2008-07-10,1.3396902084350586,2.240000009536743,2.299999952316284,2.240000009536743,2.240000009536743,1098000
2008-07-11,1.3456709384918213,2.25,2.25,2.180000066757202,2.240000009536743,884000
2008-07-14,1.3337091207504272,2.2300000190734863,2.240000009536743,2.1600000858306885,2.240000009536743,551000
2008-07-15,1.2739018201828003,2.130000114440918,2.2300000190734863,2.069999933242798,2.2300000190734863,1206000
2008-07-16,1.2559595108032227,2.0999999046325684,2.119999885559082,2.049999952316284,2.119999885559082,534000
2008-07-17,1.2439979314804077,2.0799999237060547,2.1500000953674316,2.049999952316284,2.109999895095825,1182000
2008-07-18,1.238017201423645,2.069999933242798,2.109999895095825,2.009999990463257,2.0799999237060547,1230000
2008-07-21,1.303805947303772,2.180000066757202,2.200000047683716,2.109999895095825,2.109999895095825,1368000
2008-07-22,1.2858633995056152,2.1500000953674316,2.200000047683716,2.1500000953674316,2.1700000762939453,1306000
2008-07-23,1.2978248596191406,2.1700000762939453,2.190000057220459,2.1500000953674316,2.190000057220459,606000
2008-07-24,1.3157670497894287,2.200000047683716,2.2300000190734863,2.0999999046325684,2.180000066757202,1476000
2008-07-25,1.2978248596191406,2.1700000762939453,2.1700000762939453,2.119999885559082,2.1700000762939453,432000
2008-07-28,1.2798826694488525,2.140000104904175,2.190000057220459,2.140000104904175,2.1500000953674316,432000
2008-07-29,1.2619402408599854,2.109999895095825,2.109999895095825,2.069999933242798,2.0999999046325684,538000
2008-07-30,1.2559595108032227,2.0999999046325684,2.130000114440918,2.0799999237060547,2.119999885559082,760000
2008-07-31,1.2499786615371704,2.0899999141693115,2.109999895095825,2.069999933242798,2.0899999141693115,878000
2008-08-01,1.2439979314804077,2.0799999237060547,2.0899999141693115,2.059999942779541,2.0799999237060547,486000
2008-08-04,1.238017201423645,2.069999933242798,2.0899999141693115,2.0199999809265137,2.059999942779541,854000
2008-08-05,1.1662482023239136,1.9500000476837158,2.049999952316284,1.9500000476837158,2.0299999713897705,1460000
2008-08-06,1.1662482023239136,1.9500000476837158,1.9500000476837158,1.9500000476837158,1.9500000476837158,0
2008-08-07,1.1483057737350464,1.9199999570846558,2.0,1.8600000143051147,1.9900000095367432,1846000
2008-08-08,1.1303634643554688,1.8899999856948853,1.9500000476837158,1.840000033378601,1.899999976158142,1660000
2008-08-11,1.076536774635315,1.7999999523162842,1.8799999952316284,1.7100000381469727,1.8799999952316284,1386000
2008-08-12,1.0107483863830566,1.690000057220459,1.7599999904632568,1.6299999952316284,1.7200000286102295,2138000
2008-08-13,0.9449601173400879,1.5800000429153442,1.6799999475479126,1.5299999713897705,1.6799999475479126,2578000
2008-08-14,0.9748638272285461,1.6299999952316284,1.659999966621399,1.5700000524520874,1.5700000524520874,1410000
2008-08-15,0.9210368990898132,1.5399999618530273,1.649999976158142,1.5299999713897705,1.6299999952316284,2978000
2008-08-18,0.8552485108375549,1.4299999475479126,1.5499999523162842,1.399999976158142,1.5499999523162842,3122000
2008-08-19,0.8612293601036072,1.440000057220459,1.4800000190734863,1.399999976158142,1.4299999475479126,1372000
2008-08-20,0.9030947089195251,1.5099999904632568,1.5199999809265137,1.409999966621399,1.409999966621399,1738000
2008-08-21,0.825344979763031,1.3799999952316284,1.5499999523162842,1.3200000524520874,1.5099999904632568,2110000
2008-08-22,0.825344979763031,1.3799999952316284,1.3799999952316284,1.3799999952316284,1.3799999952316284,0
2008-08-25,0.7894603610038757,1.3200000524520874,1.409999966621399,1.309999942779541,1.399999976158142,3988000
2008-08-26,0.8133832216262817,1.3600000143051147,1.3600000143051147,1.2899999618530273,1.2999999523162842,1826000
2008-08-27,0.8313256502151489,1.3899999856948853,1.409999966621399,1.340000033378601,1.3700000047683716,5740000
2008-08-28,0.8432870507240295,1.409999966621399,1.409999966621399,1.3700000047683716,1.3799999952316284,1538000
2008-08-29,0.8612293601036072,1.440000057220459,1.4700000286102295,1.3899999856948853,1.3899999856948853,2504000
2008-09-01,0.8313256502151489,1.3899999856948853,1.4199999570846558,1.3600000143051147,1.4199999570846558,2512000
2008-09-02,0.825344979763031,1.3799999952316284,1.3899999856948853,1.350000023841858,1.350000023841858,706000
2008-09-03,0.819364070892334,1.3700000047683716,1.3799999952316284,1.340000033378601,1.3700000047683716,614000
2008-09-04,0.7954409718513489,1.3300000429153442,1.3700000047683716,1.3300000429153442,1.3700000047683716,1996000
2008-09-05,0.7774986028671265,1.2999999523162842,1.3300000429153442,1.2799999713897705,1.309999942779541,2390000
2008-09-08,0.7954409718513489,1.3300000429153442,1.350000023841858,1.309999942779541,1.3300000429153442,1114000
2008-09-09,0.7894603610038757,1.3200000524520874,1.350000023841858,1.2999999523162842,1.3300000429153442,968000
2008-09-10,0.7595565319061279,1.2699999809265137,1.3200000524520874,1.2699999809265137,1.2999999523162842,1658000
2008-09-11,0.7535756826400757,1.2599999904632568,1.2699999809265137,1.190000057220459,1.2100000381469727,2594000
2008-09-12,0.7475950121879578,1.25,1.2899999618530273,1.2200000286102295,1.2699999809265137,1189000
2008-09-16,0.6937681436538696,1.159999966621399,1.2899999618530273,1.1200000047683716,1.1799999475479126,2008000
2008-09-17,0.6698451042175293,1.1200000047683716,1.2200000286102295,1.1200000047683716,1.1200000047683716,1996700
2008-09-18,0.645922064781189,1.0800000429153442,1.1399999856948853,1.0099999904632568,1.0700000524520874,3554000
2008-09-19,0.7535756826400757,1.2599999904632568,1.4500000476837158,1.1299999952316284,1.1299999952316284,7206000
2008-09-22,0.7715178728103638,1.2899999618530273,1.3300000429153442,1.2300000190734863,1.2999999523162842,3630000
2008-09-23,0.7176911234855652,1.2000000476837158,1.2699999809265137,1.149999976158142,1.2699999809265137,1328000
2008-09-24,0.7535756826400757,1.2599999904632568,1.2599999904632568,1.1699999570846558,1.2000000476837158,1390000
2008-09-25,0.7655372023582458,1.2799999713897705,1.2899999618530273,1.2100000381469727,1.2100000381469727,1872000
2008-09-26,0.7475950121879578,1.25,1.3300000429153442,1.2100000381469727,1.2799999713897705,1844000
2008-09-29,0.7416142225265503,1.2400000095367432,1.3200000524520874,1.2100000381469727,1.25,1031000
2008-09-30,0.6937681436538696,1.159999966621399,1.2000000476837158,1.1100000143051147,1.2000000476837158,1898000
2008-10-02,0.7117103338241577,1.190000057220459,1.2100000381469727,1.159999966621399,1.159999966621399,1514000
2008-10-03,0.6997488737106323,1.1699999570846558,1.2000000476837158,1.159999966621399,1.2000000476837158,1432000
2008-10-06,0.6578835248947144,1.100000023841858,1.2000000476837158,1.100000023841858,1.2000000476837158,1336000
2008-10-08,0.6100374460220337,1.0199999809265137,1.100000023841858,1.0,1.059999942779541,2872000
2008-10-09,0.6100374460220337,1.0199999809265137,1.0800000429153442,1.0,1.0,994000
2008-10-10,0.5382683873176575,0.8999999761581421,0.9700000286102295,0.8999999761581421,0.9700000286102295,2606000
2008-10-13,0.5502299070358276,0.9200000166893005,0.949999988079071,0.8299999833106995,0.8999999761581421,3404000
2008-10-14,0.5562106966972351,0.9300000071525574,1.0199999809265137,0.9300000071525574,0.9800000190734863,2613000
2008-10-15,0.5502299070358276,0.9200000166893005,0.9300000071525574,0.8899999856948853,0.9300000071525574,1542000
2008-10-16,0.53228759765625,0.8899999856948853,0.9100000262260437,0.8500000238418579,0.8500000238418579,914000
2008-10-17,0.5143452882766724,0.8600000143051147,0.9200000166893005,0.8600000143051147,0.9200000166893005,1132000
2008-10-20,0.5083644986152649,0.8500000238418579,0.9399999976158142,0.8399999737739563,0.8999999761581421,3304000
2008-10-21,0.502383828163147,0.8399999737739563,0.8999999761581421,0.8399999737739563,0.8600000143051147,1846000
2008-10-22,0.4964030683040619,0.8299999833106995,0.8500000238418579,0.7900000214576721,0.8500000238418579,3756000
2008-10-23,0.4545377492904663,0.7599999904632568,0.8100000023841858,0.7599999904632568,0.8100000023841858,2466000
2008-10-24,0.4186531603336334,0.699999988079071,0.800000011920929,0.699999988079071,0.7599999904632568,3584000
2008-10-27,0.3468840718269348,0.5799999833106995,0.7599999904632568,0.5799999833106995,0.699999988079071,4658000
2008-10-28,0.3827686011791229,0.6399999856948853,0.699999988079071,0.6000000238418579,0.6000000238418579,6556000
2008-10-29,0.3827686011791229,0.6399999856948853,0.699999988079071,0.6299999952316284,0.6800000071525574,3786000
2008-10-30,0.4306146800518036,0.7200000286102295,0.7300000190734863,0.6600000262260437,0.6700000166893005,4470000
2008-10-31,0.44855690002441406,0.75,0.7799999713897705,0.7099999785423279,0.7200000286102295,3866000
2008-11-03,0.49042221903800964,0.8199999928474426,0.8500000238418579,0.7799999713897705,0.7799999713897705,4604000
2008-11-04,0.4964030683040619,0.8299999833106995,0.8600000143051147,0.800000011920929,0.8199999928474426,2706000
2008-11-05,0.5502299070358276,0.9200000166893005,0.9200000166893005,0.8500000238418579,0.8500000238418579,3560000
2008-11-06,0.5442491173744202,0.9100000262260437,0.949999988079071,0.8399999737739563,0.8799999952316284,4504000
2008-11-07,0.5920951962471008,0.9900000095367432,0.9900000095367432,0.8600000143051147,0.8600000143051147,3386000
2008-11-10,0.6399413347244263,1.0700000524520874,1.090000033378601,1.0199999809265137,1.0399999618530273,8058000
2008-11-11,0.604056715965271,1.0099999904632568,1.1799999475479126,1.0099999904632568,1.0800000429153442,8822000
2008-11-12,0.651902973651886,1.090000033378601,1.1299999952316284,1.0099999904632568,1.0099999904632568,5046000
2008-11-13,0.6818065047264099,1.1399999856948853,1.1799999475479126,1.0399999618530273,1.0700000524520874,8552000
2008-11-14,0.7176911234855652,1.2000000476837158,1.2699999809265137,1.1699999570846558,1.1699999570846558,7128000
2008-11-17,0.7595565319061279,1.2699999809265137,1.2799999713897705,1.1399999856948853,1.2200000286102295,5642000
2008-11-18,0.6698451042175293,1.1200000047683716,1.2799999713897705,1.100000023841858,1.2699999809265137,6118000
2008-11-19,0.6877872943878174,1.149999976158142,1.2100000381469727,1.1200000047683716,1.159999966621399,3600000
2008-11-20,0.6399413347244263,1.0700000524520874,1.149999976158142,1.0199999809265137,1.149999976158142,2816000
2008-11-21,0.5980759263038635,1.0,1.0499999523162842,0.9800000190734863,1.0299999713897705,7440000
2008-11-24,0.5920951962471008,0.9900000095367432,1.0299999713897705,0.9800000190734863,1.0,2286000
2008-11-25,0.6100374460220337,1.0199999809265137,1.0299999713897705,1.0,1.0299999713897705,3054000
2008-11-26,0.6339603662490845,1.059999942779541,1.0700000524520874,1.0,1.0199999809265137,3326000
2008-11-27,0.6279797554016113,1.0499999523162842,1.1100000143051147,1.0199999809265137,1.090000033378601,4046000
2008-11-28,0.651902973651886,1.090000033378601,1.090000033378601,1.0499999523162842,1.0499999523162842,1542000
2008-12-01,0.7176911234855652,1.2000000476837158,1.2000000476837158,1.059999942779541,1.100000023841858,6064000
2008-12-02,0.6758257746696472,1.1299999952316284,1.1799999475479126,1.1100000143051147,1.149999976158142,3842000
2008-12-03,0.7176911234855652,1.2000000476837158,1.2100000381469727,1.1299999952316284,1.149999976158142,4716000
2008-12-04,0.6997488737106323,1.1699999570846558,1.2599999904632568,1.149999976158142,1.2000000476837158,4020000
2008-12-05,0.7176911234855652,1.2000000476837158,1.2300000190734863,1.149999976158142,1.159999966621399,2246000
2008-12-08,0.8014217615127563,1.340000033378601,1.340000033378601,1.2300000190734863,1.2300000190734863,8770000
2008-12-09,0.7535756826400757,1.2599999904632568,1.3899999856948853,1.25,1.3799999952316284,14118000
2008-12-10,0.7954409718513489,1.3300000429153442,1.340000033378601,1.2200000286102295,1.2599999904632568,7716000
2008-12-11,0.7834795713424683,1.309999942779541,1.3700000047683716,1.2899999618530273,1.3300000429153442,5706000
2008-12-12,0.7296527624130249,1.2200000286102295,1.3200000524520874,1.1799999475479126,1.309999942779541,5977000
2008-12-15,0.8014217615127563,1.340000033378601,1.3799999952316284,1.25,1.2599999904632568,10740000
2008-12-16,0.7774986028671265,1.2999999523162842,1.340000033378601,1.2799999713897705,1.340000033378601,3774000
2008-12-17,0.8014217615127563,1.340000033378601,1.3899999856948853,1.3300000429153442,1.350000023841858,5020000
2008-12-18,0.8731911182403564,1.4600000381469727,1.4800000190734863,1.350000023841858,1.3799999952316284,12360000
2008-12-19,0.8313256502151489,1.3899999856948853,1.4800000190734863,1.3600000143051147,1.4600000381469727,9131000
2008-12-22,0.7954409718513489,1.3300000429153442,1.4299999475479126,1.3200000524520874,1.399999976158142,4448000
2008-12-23,0.7774986028671265,1.2999999523162842,1.350000023841858,1.2799999713897705,1.350000023841858,2932000
2008-12-24,0.7774986028671265,1.2999999523162842,1.3200000524520874,1.2699999809265137,1.2999999523162842,2736000
2008-12-29,0.7834795713424683,1.309999942779541,1.3300000429153442,1.2999999523162842,1.3200000524520874,1965000
2008-12-30,0.7834795713424683,1.309999942779541,1.340000033378601,1.2999999523162842,1.3200000524520874,1372000
2008-12-31,0.7894603610038757,1.3200000524520874,1.3300000429153442,1.309999942779541,1.309999942779541,508000
2009-01-02,0.8133832216262817,1.3600000143051147,1.3600000143051147,1.309999942779541,1.3300000429153442,1322000
2009-01-05,0.8432870507240295,1.409999966621399,1.409999966621399,1.3700000047683716,1.3700000047683716,4280000
2009-01-06,0.8432870507240295,1.409999966621399,1.440000057220459,1.3600000143051147,1.409999966621399,4110000
2009-01-07,0.825344979763031,1.3799999952316284,1.4500000476837158,1.3700000047683716,1.4500000476837158,5290000
2009-01-08,0.7715178728103638,1.2899999618530273,1.3700000047683716,1.2899999618530273,1.3700000047683716,3162000
2009-01-09,0.7715178728103638,1.2899999618530273,1.3300000429153442,1.2799999713897705,1.2999999523162842,2316000
2009-01-12,0.735633373260498,1.2300000190734863,1.2899999618530273,1.2000000476837158,1.2899999618530273,4362000
2009-01-13,0.7176911234855652,1.2000000476837158,1.2400000095367432,1.190000057220459,1.2300000190734863,1560000
2009-01-14,0.7655372023582458,1.2799999713897705,1.2999999523162842,1.2000000476837158,1.2000000476837158,3518000
2009-01-15,0.7416142225265503,1.2400000095367432,1.2799999713897705,1.2100000381469727,1.2200000286102295,2104000
2009-01-16,0.7595565319061279,1.2699999809265137,1.2699999809265137,1.2200000286102295,1.2200000286102295,1930000
2009-01-19,0.7416142225265503,1.2400000095367432,1.2899999618530273,1.2200000286102295,1.2799999713897705,1420000
2009-01-20,0.7774986028671265,1.2999999523162842,1.3600000143051147,1.2200000286102295,1.2200000286102295,5558000
2009-01-21,0.7715178728103638,1.2899999618530273,1.2899999618530273,1.25,1.25,3296000
2009-01-22,0.7535756826400757,1.2599999904632568,1.309999942779541,1.25,1.2899999618530273,2038000
2009-01-23,0.7236719727516174,1.2100000381469727,1.2400000095367432,1.1799999475479126,1.2400000095367432,2000000
2009-01-29,0.7655372023582458,1.2799999713897705,1.2799999713897705,1.2200000286102295,1.2200000286102295,1226000
2009-01-30,0.7655372023582458,1.2799999713897705,1.309999942779541,1.2300000190734863,1.25,2056000
2009-02-02,0.7655372023582458,1.2799999713897705,1.2799999713897705,1.25,1.2599999904632568,366000
2009-02-03,0.7834795713424683,1.309999942779541,1.3300000429153442,1.2799999713897705,1.2899999618530273,1384000
2009-02-04,0.819364070892334,1.3700000047683716,1.3799999952316284,1.3300000429153442,1.340000033378601,1904000
2009-02-05,0.8313256502151489,1.3899999856948853,1.4199999570846558,1.3300000429153442,1.3799999952316284,4047000
2009-02-06,0.849267840385437,1.4199999570846558,1.4299999475479126,1.340000033378601,1.4199999570846558,4148000
2009-02-09,0.8851524591445923,1.4800000190734863,1.4800000190734863,1.4199999570846558,1.4500000476837158,4470000
2009-02-10,0.8791715502738953,1.4700000286102295,1.5099999904632568,1.4500000476837158,1.4900000095367432,2156000
2009-02-11,0.8672102689743042,1.4500000476837158,1.5,1.4299999475479126,1.4299999475479126,3856000
2009-02-12,0.8313256502151489,1.3899999856948853,1.5,1.3200000524520874,1.4500000476837158,3538000
2009-02-13,0.8731911182403564,1.4600000381469727,1.4800000190734863,1.399999976158142,1.399999976158142,2316000
2009-02-16,0.8791715502738953,1.4700000286102295,1.4800000190734863,1.4199999570846558,1.4600000381469727,2476000
2009-02-17,0.8672102689743042,1.4500000476837158,1.4900000095367432,1.3799999952316284,1.4900000095367432,2494000
2009-02-18,0.8552485108375549,1.4299999475479126,1.440000057220459,1.3700000047683716,1.399999976158142,2024000
2009-02-19,0.8552485108375549,1.4299999475479126,1.440000057220459,1.3700000047683716,1.409999966621399,2398143
2009-02-20,0.8373063206672668,1.399999976158142,1.409999966621399,1.3600000143051147,1.3799999952316284,1564000
2009-02-23,0.8432870507240295,1.409999966621399,1.4199999570846558,1.3700000047683716,1.3799999952316284,1588000
2009-02-24,0.7954409718513489,1.3300000429153442,1.3799999952316284,1.2300000190734863,1.3799999952316284,2992000
2009-02-25,0.8014217615127563,1.340000033378601,1.3600000143051147,1.3200000524520874,1.340000033378601,1254000
2009-02-26,0.7834795713424683,1.309999942779541,1.350000023841858,1.2699999809265137,1.3200000524520874,1394000
2009-02-27,0.7774986028671265,1.2999999523162842,1.2999999523162842,1.2599999904632568,1.2699999809265137,158000
2009-03-02,0.7475950121879578,1.25,1.2999999523162842,1.2200000286102295,1.25,1064000
2009-03-03,0.7715178728103638,1.2899999618530273,1.2999999523162842,1.2000000476837158,1.2000000476837158,1752000
2009-03-04,0.8133832216262817,1.3600000143051147,1.3700000047683716,1.2999999523162842,1.2999999523162842,1180000
2009-03-05,0.7834795713424683,1.309999942779541,1.3899999856948853,1.2799999713897705,1.3700000047683716,1188000
2009-03-06,0.7416142225265503,1.2400000095367432,1.2799999713897705,1.2400000095367432,1.2799999713897705,662000
2009-03-09,0.7416142225265503,1.2400000095367432,1.2699999809265137,1.2400000095367432,1.2599999904632568,300000
2009-03-10,0.7535756826400757,1.2599999904632568,1.2799999713897705,1.2200000286102295,1.2300000190734863,850000
2009-03-11,0.7774986028671265,1.2999999523162842,1.309999942779541,1.2699999809265137,1.2999999523162842,1134000
2009-03-12,0.7715178728103638,1.2899999618530273,1.309999942779541,1.2699999809265137,1.2999999523162842,540000
2009-03-13,0.7834795713424683,1.309999942779541,1.3700000047683716,1.2899999618530273,1.309999942779541,2408000
2009-03-16,0.7655372023582458,1.2799999713897705,1.3300000429153442,1.2699999809265137,1.2999999523162842,6324000
2009-03-17,0.7715178728103638,1.2899999618530273,1.340000033378601,1.2699999809265137,1.2899999618530273,6574000
2009-03-18,0.7774986028671265,1.2999999523162842,1.350000023841858,1.2799999713897705,1.3200000524520874,5320000
2009-03-19,0.7774986028671265,1.2999999523162842,1.3300000429153442,1.2799999713897705,1.3200000524520874,4636000
2009-03-20,0.7535756826400757,1.2599999904632568,1.309999942779541,1.25,1.309999942779541,3086000
2009-03-23,0.7834795713424683,1.309999942779541,1.3200000524520874,1.2400000095367432,1.2699999809265137,4686000
2009-03-24,0.825344979763031,1.3799999952316284,1.399999976158142,1.2999999523162842,1.3300000429153442,9852000
2009-03-25,0.8014217615127563,1.340000033378601,1.399999976158142,1.3300000429153442,1.3600000143051147,3907000
2009-03-26,0.819364070892334,1.3700000047683716,1.3899999856948853,1.3300000429153442,1.340000033378601,8019000
2009-03-27,0.8432870507240295,1.409999966621399,1.4299999475479126,1.3700000047683716,1.3899999856948853,6334000
2009-03-30,0.8074026107788086,1.350000023841858,1.409999966621399,1.3300000429153442,1.399999976158142,2588000
2009-03-31,0.8133832216262817,1.3600000143051147,1.3899999856948853,1.3300000429153442,1.340000033378601,1256000
2009-04-01,0.8612293601036072,1.440000057220459,1.440000057220459,1.350000023841858,1.3600000143051147,4920000
2009-04-02,0.8971138000488281,1.5,1.5,1.4500000476837158,1.4800000190734863,14449000
2009-04-03,0.8911331295967102,1.4900000095367432,1.5199999809265137,1.4600000381469727,1.5,5083000
2009-04-06,0.8911331295967102,1.4900000095367432,1.5399999618530273,1.4700000286102295,1.5,6354000
2009-04-07,0.9270176887512207,1.5499999523162842,1.5700000524520874,1.4600000381469727,1.4700000286102295,8322000
2009-04-08,0.8851524591445923,1.4800000190734863,1.5399999618530273,1.4600000381469727,1.5399999618530273,5340000
2009-04-09,0.9389792084693909,1.5700000524520874,1.5700000524520874,1.4800000190734863,1.4800000190734863,8084000
2009-04-14,0.9868253469467163,1.649999976158142,1.659999966621399,1.590000033378601,1.6200000047683716,17030000
2009-04-15,0.9928061366081238,1.659999966621399,1.659999966621399,1.590000033378601,1.6200000047683716,8672000
2009-04-16,0.9748638272285461,1.6299999952316284,1.7000000476837158,1.6100000143051147,1.7000000476837158,9204000
2009-04-17,0.9329984188079834,1.559999942779541,1.6699999570846558,1.559999942779541,1.659999966621399,7562000
2009-04-20,0.9569215178489685,1.600000023841858,1.6299999952316284,1.5399999618530273,1.559999942779541,5420000
2009-04-21,0.9329984188079834,1.559999942779541,1.5700000524520874,1.5199999809265137,1.5700000524520874,4882000
2009-04-22,0.9210368990898132,1.5399999618530273,1.6200000047683716,1.5199999809265137,1.590000033378601,4973321
2009-04-23,0.9329984188079834,1.559999942779541,1.5700000524520874,1.5199999809265137,1.559999942779541,2389000
2009-04-24,0.9150562882423401,1.5299999713897705,1.590000033378601,1.5299999713897705,1.559999942779541,3824000
2009-04-27,0.8552485108375549,1.4299999475479126,1.5099999904632568,1.4199999570846558,1.5099999904632568,4786000
2009-04-28,0.8313256502151489,1.3899999856948853,1.4600000381469727,1.3600000143051147,1.4299999475479126,4963000
2009-04-29,0.8731911182403564,1.4600000381469727,1.4900000095367432,1.399999976158142,1.409999966621399,4588000
2009-04-30,0.8971138000488281,1.5,1.5199999809265137,1.4800000190734863,1.5,4598000
2009-05-04,0.9449601173400879,1.5800000429153442,1.5800000429153442,1.5,1.5199999809265137,5584000
2009-05-05,0.9688831567764282,1.6200000047683716,1.6399999856948853,1.5700000524520874,1.6200000047683716,6572000
2009-05-06,1.0107483863830566,1.690000057220459,1.7100000381469727,1.590000033378601,1.6100000143051147,11334000
2009-05-07,1.004767656326294,1.6799999475479126,1.7400000095367432,1.6100000143051147,1.7300000190734863,11466000
2009-05-08,1.0167289972305298,1.7000000476837158,1.7400000095367432,1.6299999952316284,1.690000057220459,7108000
2009-05-11,1.052613615989685,1.7599999904632568,1.8300000429153442,1.7000000476837158,1.7100000381469727,19352000
2009-05-12,1.052613615989685,1.7599999904632568,1.809999942779541,1.7100000381469727,1.7699999809265137,8308000
2009-05-13,1.0585945844650269,1.7699999809265137,1.809999942779541,1.75,1.7899999618530273,10516000
2009-05-14,1.1381422281265259,1.8600000143051147,1.8700000047683716,1.7000000476837158,1.7000000476837158,13804000
2009-05-15,1.1870944499969482,1.940000057220459,2.009999990463257,1.8799999952316284,1.899999976158142,15730000
2009-05-18,1.2544037103652954,2.049999952316284,2.069999933242798,1.850000023841858,1.909999966621399,13364000
2009-05-19,1.2238086462020874,2.0,2.130000114440918,1.940000057220459,2.0899999141693115,7808000
2009-05-20,1.2605228424072266,2.059999942779541,2.119999885559082,2.0,2.0299999713897705,8002000
2009-05-21,1.2605228424072266,2.059999942779541,2.119999885559082,2.0,2.0,10757000
2009-05-22,1.2605228424072266,2.059999942779541,2.180000066757202,1.9800000190734863,2.0799999237060547,11330000
2009-05-25,1.2482848167419434,2.0399999618530273,2.0899999141693115,2.0,2.059999942779541,5222000
2009-05-26,1.3217133283615112,2.1600000858306885,2.2300000190734863,2.0399999618530273,2.0399999618530273,18754000
2009-05-27,1.352308750152588,2.2100000381469727,2.259999990463257,2.1500000953674316,2.200000047683716,10076000
2009-05-29,1.333951711654663,2.180000066757202,2.2100000381469727,2.1500000953674316,2.2100000381469727,4184000
2009-06-01,1.3645464181900024,2.2300000190734863,2.240000009536743,2.1500000953674316,2.200000047683716,8270000
2009-06-02,1.309475302696228,2.140000104904175,2.259999990463257,2.140000104904175,2.240000009536743,9234000
2009-06-03,1.333951711654663,2.180000066757202,2.2300000190734863,2.1700000762939453,2.180000066757202,6368000
2009-06-04,1.2972369194030762,2.119999885559082,2.2200000286102295,2.0399999618530273,2.180000066757202,8304000
2009-06-05,1.3033561706542969,2.130000114440918,2.180000066757202,2.0799999237060547,2.140000104904175,4052000
2009-06-08,1.4073798656463623,2.299999952316284,2.3499999046325684,2.109999895095825,2.130000114440918,12532000
2009-06-09,1.3645464181900024,2.2300000190734863,2.380000114440918,2.2100000381469727,2.359999895095825,8184000
2009-06-10,1.3645464181900024,2.2300000190734863,2.2899999618530273,2.2200000286102295,2.2300000190734863,4362000
2009-06-11,1.3645464181900024,2.2300000190734863,2.2899999618530273,2.2100000381469727,2.2300000190734863,2749000
2009-06-12,1.3278324604034424,2.1700000762939453,2.2699999809265137,2.0999999046325684,2.2300000190734863,6000000
2009-06-15,1.2727608680725098,2.0799999237060547,2.1600000858306885,2.059999942779541,2.140000104904175,3700000
2009-06-16,1.2238086462020874,2.0,2.049999952316284,1.9700000286102295,2.049999952316284,4702000
2009-06-17,1.2421656847000122,2.0299999713897705,2.0399999618530273,1.9700000286102295,1.9900000095367432,2736000
2009-06-18,1.2421656847000122,2.0299999713897705,2.049999952316284,2.0,2.049999952316284,2084000
2009-06-19,1.2421656847000122,2.0299999713897705,2.0799999237060547,2.0,2.0799999237060547,1430000
2009-06-22,1.2421656847000122,2.0299999713897705,2.0999999046325684,2.009999990463257,2.0899999141693115,602000
2009-06-23,1.1809751987457275,1.9299999475479126,1.9800000190734863,1.899999976158142,1.9800000190734863,3852000
2009-06-24,1.2176895141601562,1.9900000095367432,2.0,1.940000057220459,1.940000057220459,2340000
2009-06-25,1.2054513692855835,1.9700000286102295,2.0199999809265137,1.9600000381469727,2.009999990463257,1126000
2009-06-26,1.2360466718673706,2.0199999809265137,2.0399999618530273,1.9700000286102295,1.9900000095367432,1118000
2009-06-29,1.2299277782440186,2.009999990463257,2.0199999809265137,1.9900000095367432,2.009999990463257,1094000
2009-06-30,1.1870944499969482,1.940000057220459,2.049999952316284,1.940000057220459,2.0,2052000
2009-07-02,1.1626180410385132,1.899999976158142,1.9800000190734863,1.899999976158142,1.940000057220459,3170000
2009-07-03,1.1687372922897339,1.909999966621399,1.940000057220459,1.8799999952316284,1.8799999952316284,1458000
2009-07-06,1.1809751987457275,1.9299999475479126,1.9700000286102295,1.8799999952316284,1.9199999570846558,1526000
2009-07-07,1.1626180410385132,1.899999976158142,1.9600000381469727,1.8899999856948853,1.9299999475479126,1140000
2009-07-08,1.1442608833312988,1.8700000047683716,1.899999976158142,1.8300000429153442,1.899999976158142,2670000
2009-07-09,1.1626180410385132,1.899999976158142,1.9199999570846558,1.850000023841858,1.850000023841858,1928000
2009-07-10,1.1809751987457275,1.9299999475479126,1.9900000095367432,1.8799999952316284,1.899999976158142,3628000
2009-07-13,1.1381422281265259,1.8600000143051147,1.9299999475479126,1.8600000143051147,1.909999966621399,1542000
2009-07-14,1.1809751987457275,1.9299999475479126,1.9500000476837158,1.8899999856948853,1.8899999856948853,1372000
2009-07-15,1.2605228424072266,2.059999942779541,2.069999933242798,1.9500000476837158,1.9500000476837158,5264000
2009-07-16,1.2299277782440186,2.009999990463257,2.0999999046325684,2.009999990463257,2.0999999046325684,3356000
2009-07-17,1.2482848167419434,2.0399999618530273,2.059999942779541,2.0,2.0,1542000
2009-07-20,1.309475302696228,2.140000104904175,2.1700000762939453,2.069999933242798,2.069999933242798,5990000
2009-07-21,1.2849990129470825,2.0999999046325684,2.1700000762939453,2.0999999046325684,2.1600000858306885,2234000
2009-07-22,1.3033561706542969,2.130000114440918,2.1700000762939453,2.109999895095825,2.109999895095825,3340000
2009-07-23,1.352308750152588,2.2100000381469727,2.2100000381469727,2.119999885559082,2.140000104904175,8190000
2009-07-24,1.3706656694412231,2.240000009536743,2.2899999618530273,2.2300000190734863,2.2799999713897705,6007000
2009-07-27,1.3767846822738647,2.25,2.309999942779541,2.240000009536743,2.259999990463257,13414000
2009-07-28,1.3951416015625,2.2799999713897705,2.299999952316284,2.2100000381469727,2.2699999809265137,5925000
2009-07-29,1.3217133283615112,2.1600000858306885,2.309999942779541,2.119999885559082,2.299999952316284,5258000
2009-07-30,1.3155944347381592,2.1500000953674316,2.180000066757202,2.119999885559082,2.119999885559082,7516000
2009-07-31,1.3400706052780151,2.190000057220459,2.2300000190734863,2.1700000762939453,2.180000066757202,6520143
2009-08-03,1.3951416015625,2.2799999713897705,2.299999952316284,2.1600000858306885,2.190000057220459,9316000
2009-08-04,1.4685702323913574,2.4000000953674316,2.4000000953674316,2.2699999809265137,2.369999885559082,17824000
2009-08-05,1.5175225734710693,2.4800000190734863,2.549999952316284,2.4100000858306885,2.440000057220459,15634000
2009-08-06,1.4685702323913574,2.4000000953674316,2.4600000381469727,2.3299999237060547,2.4600000381469727,5650000
2009-08-07,1.3890225887298584,2.2699999809265137,2.450000047683716,2.259999990463257,2.390000104904175,4810000
2009-08-10,1.4318560361862183,2.3399999141693115,2.369999885559082,2.2799999713897705,2.3299999237060547,5028000
2009-08-11,1.4073798656463623,2.299999952316284,2.3499999046325684,2.259999990463257,2.3499999046325684,2232000
2009-08-12,1.352308750152588,2.2100000381469727,2.299999952316284,2.1700000762939453,2.299999952316284,5452000
2009-08-13,1.3645464181900024,2.2300000190734863,2.2799999713897705,2.2100000381469727,2.25,3928000
2009-08-14,1.3217133283615112,2.1600000858306885,2.25,2.130000114440918,2.25,4158000
2009-08-17,1.2360466718673706,2.0199999809265137,2.130000114440918,2.0,2.130000114440918,4464000
2009-08-18,1.2238086462020874,2.0,2.0399999618530273,1.9700000286102295,2.0,4906000
2009-08-19,1.199332356452942,1.9600000381469727,2.0299999713897705,1.9600000381469727,2.009999990463257,2827000
2009-08-20,1.2299277782440186,2.009999990463257,2.0399999618530273,1.9700000286102295,1.9700000286102295,2102000
2009-08-21,1.2666418552398682,2.069999933242798,2.0799999237060547,2.0,2.0399999618530273,1926000
2009-08-24,1.3033561706542969,2.130000114440918,2.1700000762939453,2.069999933242798,2.130000114440918,3056000
2009-08-25,1.2849990129470825,2.0999999046325684,2.130000114440918,2.049999952316284,2.069999933242798,2974000
2009-08-26,1.2972369194030762,2.119999885559082,2.140000104904175,2.059999942779541,2.0799999237060547,2028000
2009-08-27,1.2849990129470825,2.0999999046325684,2.119999885559082,2.0799999237060547,2.0899999141693115,1064000
2009-08-28,1.2176895141601562,1.9900000095367432,2.0999999046325684,1.9800000190734863,2.0999999046325684,3974000
2009-08-31,1.1626180410385132,1.899999976158142,1.9800000190734863,1.850000023841858,1.9700000286102295,4796000
2009-09-01,1.1626180410385132,1.899999976158142,1.9700000286102295,1.899999976158142,1.899999976158142,3816000
2009-09-02,1.1381422281265259,1.8600000143051147,1.899999976158142,1.850000023841858,1.8799999952316284,3036000
2009-09-03,1.1932134628295898,1.9500000476837158,1.9600000381469727,1.8799999952316284,1.8799999952316284,3542000
2009-09-04,1.2360466718673706,2.0199999809265137,2.0299999713897705,1.9800000190734863,1.9900000095367432,4876000
2009-09-07,1.2849990129470825,2.0999999046325684,2.0999999046325684,2.0299999713897705,2.0299999713897705,3706000
2009-09-08,1.2849990129470825,2.0999999046325684,2.0999999046325684,2.059999942779541,2.0899999141693115,1966000
2009-09-09,1.2849990129470825,2.0999999046325684,2.049999952316284,2.059999942779541,2.0999999046325684,1108000
2009-09-10,1.2849990129470825,2.0999999046325684,2.059999942779541,2.069999933242798,2.0799999237060547,2320000
2009-09-11,1.2849990129470825,2.0999999046325684,2.109999895095825,2.049999952316284,2.059999942779541,2148000
2009-09-14,1.2605228424072266,2.059999942779541,2.0899999141693115,2.049999952316284,2.0899999141693115,1722000
2009-09-15,1.2482848167419434,2.0399999618530273,2.0899999141693115,2.0399999618530273,2.049999952316284,570000
2009-09-16,1.2605228424072266,2.059999942779541,2.069999933242798,2.0299999713897705,2.049999952316284,1650000
2009-09-17,1.309475302696228,2.140000104904175,2.1600000858306885,2.0899999141693115,2.0899999141693115,4310000
2009-09-18,1.2727608680725098,2.0799999237060547,2.130000114440918,2.069999933242798,2.0999999046325684,2524000
2009-09-21,1.2421656847000122,2.0299999713897705,2.0799999237060547,2.0299999713897705,2.0799999237060547,1496000
2009-09-22,1.2115705013275146,1.9800000190734863,2.059999942779541,1.9600000381469727,2.0399999618530273,4558000
2009-09-23,1.2360466718673706,2.0199999809265137,2.0299999713897705,1.9500000476837158,1.9900000095367432,4948000
2009-09-24,1.2911180257797241,2.109999895095825,2.119999885559082,2.049999952316284,2.0899999141693115,12992000
2009-09-25,1.2544037103652954,2.049999952316284,2.119999885559082,2.0199999809265137,2.0799999237060547,3060000
2009-09-28,1.2115705013275146,1.9800000190734863,2.059999942779541,1.9700000286102295,2.0399999618530273,2524000
2009-09-29,1.2176895141601562,1.9900000095367432,2.0299999713897705,1.9900000095367432,2.0,1178000
2009-09-30,1.1932134628295898,1.9500000476837158,2.009999990463257,1.9299999475479126,1.9900000095367432,1500000
2009-10-02,1.174856185913086,1.9199999570846558,1.940000057220459,1.8799999952316284,1.940000057220459,1264676
2009-10-05,1.1809751987457275,1.9299999475479126,1.9600000381469727,1.8700000047683716,1.8700000047683716,792000
2009-10-06,1.2054513692855835,1.9700000286102295,2.0,1.9299999475479126,1.9299999475479126,756000
2009-10-07,1.2421656847000122,2.0299999713897705,2.059999942779541,2.0,2.009999990463257,2496000
2009-10-08,1.2238086462020874,2.0,2.0399999618530273,1.9900000095367432,2.0199999809265137,2168000
2009-10-09,1.2238086462020874,2.0,2.049999952316284,1.9900000095367432,2.049999952316284,3306000
2009-10-12,1.2054513692855835,1.9700000286102295,2.049999952316284,1.9700000286102295,2.0,2128000
2009-10-13,1.2360466718673706,2.0199999809265137,2.0399999618530273,1.9800000190734863,2.0,1995000
2009-10-14,1.2666418552398682,2.069999933242798,2.0,2.069999933242798,2.0,3052000
2009-10-15,1.2238086462020874,2.0,2.0899999141693115,1.9900000095367432,2.069999933242798,2568000
2009-10-16,1.2544037103652954,2.049999952316284,2.069999933242798,1.9900000095367432,2.0,3168000
2009-10-19,1.2666418552398682,2.069999933242798,2.0799999237060547,2.009999990463257,2.049999952316284,1852000
2009-10-20,1.2972369194030762,2.119999885559082,2.119999885559082,2.069999933242798,2.0999999046325684,3800000
2009-10-21,1.309475302696228,2.140000104904175,2.1700000762939453,2.109999895095825,2.119999885559082,5362000
2009-10-22,1.3217133283615112,2.1600000858306885,2.1600000858306885,2.109999895095825,2.1500000953674316,2094000
2009-10-23,1.3706656694412231,2.240000009536743,2.309999942779541,2.2100000381469727,2.259999990463257,13238000
2009-10-27,1.4318560361862183,2.3399999141693115,2.3499999046325684,2.1700000762939453,2.240000009536743,13114000
2009-10-28,1.3951416015625,2.2799999713897705,2.4000000953674316,2.2799999713897705,2.4000000953674316,14216000
2009-10-29,1.3461894989013672,2.200000047683716,2.259999990463257,2.180000066757202,2.2300000190734863,5818000
2009-10-30,1.3461894989013672,2.200000047683716,2.2699999809265137,2.180000066757202,2.259999990463257,4390000
2009-11-02,1.3645464181900024,2.2300000190734863,2.259999990463257,2.119999885559082,2.119999885559082,6762000
2009-11-03,1.3767846822738647,2.25,2.2699999809265137,2.2100000381469727,2.2699999809265137,5577000
2009-11-04,1.3767846822738647,2.25,2.2799999713897705,2.2300000190734863,2.2799999713897705,4525000
2009-11-05,1.3951416015625,2.2799999713897705,2.2899999618530273,2.2300000190734863,2.240000009536743,2928000
2009-11-06,1.3890225887298584,2.2699999809265137,2.319999933242798,2.259999990463257,2.309999942779541,2754000
2009-11-09,1.4073798656463623,2.299999952316284,2.309999942779541,2.2699999809265137,2.2699999809265137,5050000
2009-11-10,1.4808084964752197,2.4200000762939453,2.4600000381469727,2.319999933242798,2.3499999046325684,19726000
2009-11-11,1.4869273900985718,2.430000066757202,2.490000009536743,2.359999895095825,2.450000047683716,10570000
2009-11-12,1.4624513387680054,2.390000104904175,2.450000047683716,2.369999885559082,2.450000047683716,3638000
2009-11-13,1.584831953048706,2.5899999141693115,2.609999895095825,2.380000114440918,2.4200000762939453,13218000
2009-11-16,1.5542371273040771,2.5399999618530273,2.6700000762939453,2.5199999809265137,2.6700000762939453,12193000
2009-11-17,1.5297608375549316,2.5,2.549999952316284,2.450000047683716,2.5399999618530273,4114000
2009-11-18,1.5114036798477173,2.4700000286102295,2.559999942779541,2.4000000953674316,2.509999990463257,7094000
2009-11-19,1.5236417055130005,2.490000009536743,2.5,2.440000057220459,2.450000047683716,3442000
2009-11-20,1.5419987440109253,2.5199999809265137,2.5399999618530273,2.4600000381469727,2.490000009536743,3732000
2009-11-23,1.5909509658813477,2.5999999046325684,2.630000114440918,2.5399999618530273,2.549999952316284,4226000
2009-11-24,1.5052845478057861,2.4600000381469727,2.609999895095825,2.430000066757202,2.559999942779541,6010000
2009-11-25,1.5297608375549316,2.5,2.5199999809265137,2.4000000953674316,2.4800000190734863,4220000
2009-11-26,1.4869273900985718,2.430000066757202,2.5399999618530273,2.390000104904175,2.5399999618530273,5740000
2009-11-27,1.4930466413497925,2.440000057220459,2.609999895095825,2.4000000953674316,2.450000047683716,16101000
2009-11-30,1.6704992055892944,2.7300000190734863,2.7899999618530273,2.490000009536743,2.5,19932000
2009-12-01,1.76840341091156,2.890000104904175,2.930000066757202,2.7100000381469727,2.799999952316284,21292000
2009-12-02,1.7745227813720703,2.9000000953674316,2.9800000190734863,2.819999933242798,2.9000000953674316,10188000
2009-12-03,1.8112367391586304,2.9600000381469727,2.9800000190734863,2.859999895095825,2.9000000953674316,5540000
2009-12-04,1.76840341091156,2.890000104904175,3.069999933242798,2.880000114440918,2.9800000190734863,10466000
2009-12-07,1.817355990409851,2.9700000286102295,3.0299999713897705,2.8499999046325684,2.940000057220459,5840000
2009-12-08,1.798998475074768,2.940000057220459,3.0199999809265137,2.9000000953674316,3.0,4254000
2009-12-09,1.7194507122039795,2.809999942779541,2.9600000381469727,2.7899999618530273,2.9200000762939453,5867000
2009-12-10,1.7500461339950562,2.859999895095825,2.9100000858306885,2.759999990463257,2.8499999046325684,6449000
2009-12-11,1.7255700826644897,2.819999933242798,2.869999885559082,2.799999952316284,2.869999885559082,2802000
2009-12-14,1.737808108329773,2.8399999141693115,2.890000104904175,2.799999952316284,2.819999933242798,1798000
2009-12-15,1.7500461339950562,2.859999895095825,2.9200000762939453,2.819999933242798,2.8399999141693115,2222000
2009-12-16,1.6888561248779297,2.759999990463257,2.880000114440918,2.740000009536743,2.880000114440918,2964000
2009-12-17,1.6582605838775635,2.7100000381469727,2.8299999237060547,2.700000047683716,2.7100000381469727,2624000
2009-12-18,1.578712821006775,2.5799999237060547,2.690000057220459,2.509999990463257,2.619999885559082,3816000
2009-12-21,1.578712821006775,2.5799999237060547,2.609999895095825,2.5299999713897705,2.609999895095825,2566000
2009-12-22,1.5664750337600708,2.559999942779541,2.630000114440918,2.549999952316284,2.5999999046325684,2916000
2009-12-23,1.6154276132583618,2.640000104904175,2.6700000762939453,2.559999942779541,2.559999942779541,1146000
2009-12-24,1.6582605838775635,2.7100000381469727,2.7200000286102295,2.630000114440918,2.6500000953674316,1360000
2009-12-28,1.6888561248779297,2.759999990463257,2.799999952316284,2.740000009536743,2.740000009536743,2217000
2009-12-29,1.6888561248779297,2.759999990463257,2.799999952316284,2.740000009536743,2.7899999618530273,1568000
2009-12-30,1.7072129249572754,2.7899999618530273,2.8399999141693115,2.7300000190734863,2.799999952316284,1574000
2009-12-31,1.6949751377105713,2.7699999809265137,2.8499999046325684,2.7699999809265137,2.8499999046325684,662000
2010-01-04,1.6766177415847778,2.740000009536743,2.799999952316284,2.7200000286102295,2.7899999618530273,1329000
2010-01-05,1.7561653852462769,2.869999885559082,2.880000114440918,2.75,2.799999952316284,4018000
2010-01-06,1.8540701866149902,3.0299999713897705,3.0799999237060547,2.8499999046325684,2.859999895095825,15654000
2010-01-07,1.9152604341506958,3.130000114440918,3.2799999713897705,3.009999990463257,3.0299999713897705,18422000
2010-01-08,1.9580937623977661,3.200000047683716,3.240000009536743,3.1600000858306885,3.180000066757202,8790000
2010-01-11,1.9580937623977661,3.200000047683716,3.2699999809265137,3.1500000953674316,3.200000047683716,3888000
2010-01-12,1.9580937623977661,3.200000047683716,3.2300000190734863,3.1500000953674316,3.1500000953674316,3846000
2010-01-13,1.9336178302764893,3.1600000858306885,3.2200000286102295,3.1500000953674316,3.200000047683716,2910000
2010-01-14,2.000926971435547,3.2699999809265137,3.3399999141693115,3.1600000858306885,3.1600000858306885,6042000
2010-01-15,1.9948080778121948,3.259999990463257,3.299999952316284,3.2100000381469727,3.299999952316284,2250000
2010-01-18,2.019284248352051,3.299999952316284,3.359999895095825,3.2100000381469727,3.2100000381469727,5416000
2010-01-19,2.000926971435547,3.2699999809265137,3.3499999046325684,3.2300000190734863,3.299999952316284,2035800
2010-01-20,1.896903157234192,3.0999999046325684,3.299999952316284,3.059999942779541,3.299999952316284,5306000
2010-01-21,1.8663080930709839,3.049999952316284,3.1700000762939453,3.0,3.0999999046325684,4096000
2010-01-22,1.829593539237976,2.990000009536743,3.049999952316284,2.8499999046325684,3.049999952316284,5986000
2010-01-25,1.8540701866149902,3.0299999713897705,3.049999952316284,2.859999895095825,2.9800000190734863,2334000
2010-01-26,1.7316890954971313,2.8299999237060547,3.0399999618530273,2.799999952316284,3.0299999713897705,3464000
2010-01-27,1.6582605838775635,2.7100000381469727,2.859999895095825,2.6500000953674316,2.8499999046325684,4408000
2010-01-28,1.6888561248779297,2.759999990463257,2.799999952316284,2.7300000190734863,2.7899999618530273,1680252
2010-01-29,1.6399034261703491,2.680000066757202,2.75,2.6600000858306885,2.75,1486000
2010-02-01,1.6337847709655762,2.6700000762939453,2.700000047683716,2.6500000953674316,2.680000066757202,2162000
2010-02-02,1.6582605838775635,2.7100000381469727,2.740000009536743,2.6500000953674316,2.7300000190734863,2258000
2010-02-03,1.737808108329773,2.8399999141693115,2.8399999141693115,2.7100000381469727,2.7300000190734863,1948000
2010-02-04,1.6888561248779297,2.759999990463257,2.8499999046325684,2.759999990463257,2.8499999046325684,1064000
2010-02-05,1.6766177415847778,2.740000009536743,2.8399999141693115,2.6500000953674316,2.6600000858306885,3910000
2010-02-08,1.6460222005844116,2.690000057220459,2.799999952316284,2.6700000762939453,2.7899999618530273,1054000
2010-02-09,1.6766177415847778,2.740000009536743,2.759999990463257,2.549999952316284,2.6500000953674316,2478000
2010-02-10,1.6766177415847778,2.740000009536743,2.7699999809265137,2.700000047683716,2.700000047683716,776000
2010-02-11,1.7133320569992065,2.799999952316284,2.819999933242798,2.700000047683716,2.700000047683716,692500
2010-02-12,1.6888561248779297,2.759999990463257,2.8299999237060547,2.740000009536743,2.799999952316284,1110000
2010-02-17,1.7133320569992065,2.799999952316284,2.8399999141693115,2.759999990463257,2.759999990463257,1720000
2010-02-18,1.6766177415847778,2.740000009536743,2.819999933242798,2.7200000286102295,2.759999990463257,821000
2010-02-19,1.6460222005844116,2.690000057220459,2.740000009536743,2.6600000858306885,2.7300000190734863,764000
2010-02-22,1.7133320569992065,2.799999952316284,2.819999933242798,2.75,2.7899999618530273,1180000
2010-02-23,1.743927240371704,2.8499999046325684,2.859999895095825,2.7699999809265137,2.8299999237060547,1334000
2010-02-24,1.7500461339950562,2.859999895095825,2.880000114440918,2.809999942779541,2.809999942779541,1338000
2010-02-25,1.7806416749954224,2.9100000858306885,2.9700000286102295,2.819999933242798,2.819999933242798,2624000
2010-02-26,1.7745227813720703,2.9000000953674316,2.9700000286102295,2.869999885559082,2.9700000286102295,762000
2010-03-01,1.8051176071166992,2.950000047683716,2.9700000286102295,2.9100000858306885,2.9100000858306885,3866000
2010-03-02,1.8357126712799072,3.0,3.0199999809265137,2.9000000953674316,2.940000057220459,3684000
2010-03-03,1.817355990409851,2.9700000286102295,3.059999942779541,2.950000047683716,3.0399999618530273,1490000
2010-03-04,1.7745227813720703,2.9000000953674316,3.0399999618530273,2.880000114440918,2.9800000190734863,1806000
2010-03-05,1.7928797006607056,2.930000066757202,2.950000047683716,2.880000114440918,2.950000047683716,968000
2010-03-08,1.8234747648239136,2.9800000190734863,3.009999990463257,2.950000047683716,2.950000047683716,1730000
2010-03-09,1.829593539237976,2.990000009536743,3.009999990463257,2.9600000381469727,2.9800000190734863,1204000
2010-03-10,1.829593539237976,2.990000009536743,3.0199999809265137,2.9600000381469727,3.0,2362000
2010-03-11,1.8663080930709839,3.049999952316284,3.069999933242798,2.950000047683716,3.0199999809265137,3662000
2010-03-12,1.8724273443222046,3.059999942779541,3.0999999046325684,2.990000009536743,3.049999952316284,2620000
2010-03-15,1.8601890802383423,3.0399999618530273,3.0799999237060547,3.009999990463257,3.0299999713897705,1380000
2010-03-16,1.8234747648239136,2.9800000190734863,3.0299999713897705,2.9800000190734863,2.990000009536743,884000
2010-03-17,1.8724273443222046,3.059999942779541,3.0799999237060547,2.990000009536743,2.990000009536743,1152000
2010-03-18,1.8663080930709839,3.049999952316284,3.0899999141693115,3.0399999618530273,3.0399999618530273,1204000
2010-03-19,1.8540701866149902,3.0299999713897705,3.069999933242798,3.009999990463257,3.0399999618530273,1240000
2010-03-22,1.829593539237976,2.990000009536743,3.059999942779541,2.9800000190734863,3.059999942779541,610000
2010-03-23,1.8051176071166992,2.950000047683716,3.0399999618530273,2.940000057220459,3.0,1688000
2010-03-24,1.817355990409851,2.9700000286102295,3.0199999809265137,2.9600000381469727,2.9800000190734863,906500
2010-03-25,1.7745227813720703,2.9000000953674316,2.9700000286102295,2.869999885559082,2.9700000286102295,2268500
2010-03-26,1.76840341091156,2.890000104904175,2.9200000762939453,2.8399999141693115,2.859999895095825,2844000
2010-03-29,1.7561653852462769,2.869999885559082,2.9100000858306885,2.8499999046325684,2.890000104904175,4668000
2010-03-30,1.7500461339950562,2.859999895095825,2.9000000953674316,2.8399999141693115,2.869999885559082,4342000
2010-03-31,1.7561653852462769,2.869999885559082,2.9000000953674316,2.8499999046325684,2.8499999046325684,2510000
2010-04-01,1.798998475074768,2.940000057220459,2.9600000381469727,2.8499999046325684,2.869999885559082,3055600
2010-04-07,1.8051176071166992,2.950000047683716,3.0,2.940000057220459,2.9700000286102295,4372000
2010-04-08,1.829593539237976,2.990000009536743,2.990000009536743,2.9200000762939453,2.9700000286102295,2082000
2010-04-09,1.8288935422897339,2.9000000953674316,2.950000047683716,2.9000000953674316,2.940000057220459,1184000
2010-04-12,1.8604259490966797,2.950000047683716,2.9600000381469727,2.9000000953674316,2.9100000858306885,3060000
2010-04-13,1.854119062423706,2.940000057220459,2.9600000381469727,2.8499999046325684,2.9200000762939453,4544000
2010-04-14,1.8667323589324951,2.9600000381469727,2.9700000286102295,2.890000104904175,2.940000057220459,3836000
2010-04-15,1.8478128910064697,2.930000066757202,2.990000009536743,2.9000000953674316,2.990000009536743,3784000
2010-04-16,1.7910538911819458,2.8399999141693115,2.9100000858306885,2.75,2.880000114440918,4918000
2010-04-19,1.753214955329895,2.7799999713897705,2.799999952316284,2.7300000190734863,2.799999952316284,2734000
2010-04-20,1.753214955329895,2.7799999713897705,2.819999933242798,2.75,2.799999952316284,1638000
2010-04-21,1.8036671876907349,2.859999895095825,2.869999885559082,2.7799999713897705,2.799999952316284,1310000
2010-04-22,1.7658278942108154,2.799999952316284,2.799999952316284,2.75,2.7899999618530273,1930000
2010-04-23,1.7658278942108154,2.799999952316284,2.819999933242798,2.7200000286102295,2.7699999809265137,1264000
2010-04-26,1.7721341848373413,2.809999942779541,2.8399999141693115,2.7899999618530273,2.799999952316284,2842000
2010-04-27,1.727988839149475,2.740000009536743,2.8399999141693115,2.7200000286102295,2.8399999141693115,2044000
2010-04-28,1.6901494264602661,2.680000066757202,2.7100000381469727,2.6600000858306885,2.700000047683716,2008000
2010-04-29,1.6964560747146606,2.690000057220459,2.740000009536743,2.680000066757202,2.740000009536743,2060000
2010-04-30,1.6712301969528198,2.6500000953674316,2.740000009536743,2.619999885559082,2.690000057220459,1816000
2010-05-03,1.6712301969528198,2.6500000953674316,2.680000066757202,2.5999999046325684,2.680000066757202,774000
2010-05-04,1.6523103713989258,2.619999885559082,2.6700000762939453,2.5999999046325684,2.630000114440918,1042000
2010-05-05,1.614471197128296,2.559999942779541,2.5999999046325684,2.5199999809265137,2.5899999141693115,2084000
2010-05-06,1.608164668083191,2.549999952316284,2.5999999046325684,2.450000047683716,2.559999942779541,2480000
2010-05-07,1.5324864387512207,2.430000066757202,2.5299999713897705,2.4000000953674316,2.5299999713897705,2360000
2010-05-10,1.5577126741409302,2.4700000286102295,2.509999990463257,2.440000057220459,2.450000047683716,1648000
2010-05-11,1.5387932062149048,2.440000057220459,2.509999990463257,2.4100000858306885,2.509999990463257,1107831
2010-05-12,1.5387932062149048,2.440000057220459,2.4800000190734863,2.4100000858306885,2.440000057220459,790000
2010-05-13,1.595551609992981,2.5299999713897705,2.5399999618530273,2.4200000762939453,2.450000047683716,1064000
2010-05-14,1.5766322612762451,2.5,2.5799999237060547,2.4800000190734863,2.5,1068000
2010-05-17,1.5009536743164062,2.380000114440918,2.5,2.3299999237060547,2.5,1452000
2010-05-18,1.4820342063903809,2.3499999046325684,2.380000114440918,2.2799999713897705,2.380000114440918,1735500
2010-05-19,1.4441951513290405,2.2899999618530273,2.3499999046325684,2.2899999618530273,2.3499999046325684,620500
2010-05-20,1.418968915939331,2.25,2.299999952316284,2.140000104904175,2.2899999618530273,1424000
2010-05-24,1.4505016803741455,2.299999952316284,2.3499999046325684,2.25,2.3299999237060547,1011000
2010-05-25,1.3117578029632568,2.0799999237060547,2.3499999046325684,2.069999933242798,2.3499999046325684,1783000
2010-05-26,1.2991448640823364,2.059999942779541,2.1500000953674316,1.9500000476837158,2.119999885559082,3066000
2010-05-27,1.3622100353240967,2.1600000858306885,2.1600000858306885,2.0,2.049999952316284,1594000
2010-05-28,1.418968915939331,2.25,2.25,2.180000066757202,2.200000047683716,1662000
2010-05-31,1.4252753257751465,2.259999990463257,2.2899999618530273,2.2300000190734863,2.25,1188000
2010-06-01,1.3748232126235962,2.180000066757202,2.259999990463257,2.0799999237060547,2.259999990463257,2128000
2010-06-02,1.3748232126235962,2.180000066757202,2.200000047683716,2.140000104904175,2.140000104904175,1550000
2010-06-03,1.3811299800872803,2.190000057220459,2.240000009536743,2.180000066757202,2.180000066757202,1074000
2010-06-04,1.3874363899230957,2.200000047683716,2.200000047683716,2.1700000762939453,2.200000047683716,1056000
2010-06-07,1.3495972156524658,2.140000104904175,2.190000057220459,2.0799999237060547,2.1700000762939453,764492
2010-06-08,1.3685168027877808,2.1700000762939453,2.180000066757202,2.130000114440918,2.1500000953674316,730000
2010-06-09,1.3811299800872803,2.190000057220459,2.200000047683716,2.130000114440918,2.1700000762939453,1232000
2010-06-10,1.3622100353240967,2.1600000858306885,2.190000057220459,2.1600000858306885,2.1600000858306885,402000
2010-06-11,1.3811299800872803,2.190000057220459,2.2100000381469727,2.190000057220459,2.190000057220459,514000
2010-06-14,1.4000492095947266,2.2200000286102295,2.2300000190734863,2.180000066757202,2.180000066757202,574000
2010-06-15,1.406355619430542,2.2300000190734863,2.2699999809265137,2.119999885559082,2.200000047683716,1174000
2010-06-17,1.406355619430542,2.2300000190734863,2.259999990463257,2.2100000381469727,2.2200000286102295,778000
2010-06-18,1.3874363899230957,2.200000047683716,2.25,2.180000066757202,2.25,1506000
2010-06-21,1.4883403778076172,2.359999895095825,2.369999885559082,2.2300000190734863,2.240000009536743,5982000
2010-06-22,1.5135669708251953,2.4000000953674316,2.4100000858306885,2.3299999237060547,2.380000114440918,2644497
2010-06-23,1.4946470260620117,2.369999885559082,2.390000104904175,2.3499999046325684,2.390000104904175,1227055
2010-06-24,1.4820342063903809,2.3499999046325684,2.380000114440918,2.3399999141693115,2.369999885559082,601500
2010-06-25,1.4883403778076172,2.359999895095825,2.380000114440918,2.299999952316284,2.309999942779541,1014500
2010-06-28,1.463114619255066,2.319999933242798,2.359999895095825,2.200000047683716,2.359999895095825,2109960
2010-06-29,1.418968915939331,2.25,2.3399999141693115,2.240000009536743,2.319999933242798,1471292
2010-06-30,1.4252753257751465,2.259999990463257,2.1700000762939453,2.25,2.200000047683716,695150
2010-07-02,1.4000492095947266,2.2200000286102295,2.25,2.190000057220459,2.190000057220459,773134
2010-07-05,1.3811299800872803,2.190000057220459,2.2300000190734863,2.1700000762939453,2.2300000190734863,508500
2010-07-06,1.4378881454467773,2.2799999713897705,2.2799999713897705,2.190000057220459,2.200000047683716,535925
2010-07-07,1.4505016803741455,2.299999952316284,2.25,2.299999952316284,2.2699999809265137,522017
2010-07-08,1.469421148300171,2.3299999237060547,2.359999895095825,2.299999952316284,2.299999952316284,861470
2010-07-09,1.4883403778076172,2.359999895095825,2.390000104904175,2.299999952316284,2.3399999141693115,456596
2010-07-12,1.5135669708251953,2.4000000953674316,2.4100000858306885,2.3399999141693115,2.3399999141693115,745947
2010-07-13,1.4820342063903809,2.3499999046325684,2.4100000858306885,2.3399999141693115,2.369999885559082,331117
2010-07-14,1.4883403778076172,2.359999895095825,2.4100000858306885,2.319999933242798,2.3499999046325684,3184341
2010-07-15,1.4757276773452759,2.3399999141693115,2.3499999046325684,2.299999952316284,2.3499999046325684,1255700
2010-07-16,1.4378881454467773,2.2799999713897705,2.3399999141693115,2.240000009536743,2.299999952316284,1917634
2010-07-19,1.4378881454467773,2.2799999713897705,2.2899999618530273,2.25,2.25,867593
2010-07-20,1.4820342063903809,2.3499999046325684,2.390000104904175,2.259999990463257,2.2799999713897705,3013240
2010-07-21,1.4946470260620117,2.369999885559082,2.390000104904175,2.3299999237060547,2.3299999237060547,1881747
2010-07-22,1.5009536743164062,2.380000114440918,2.380000114440918,2.3299999237060547,2.3299999237060547,1157454
2010-07-23,1.5387932062149048,2.440000057220459,2.4600000381469727,2.369999885559082,2.380000114440918,2400000
2010-07-26,1.6018582582473755,2.5399999618530273,2.5399999618530273,2.450000047683716,2.4600000381469727,2462000
2010-07-27,1.5766322612762451,2.5,2.5299999713897705,2.4600000381469727,2.5299999713897705,1308000
2010-07-28,1.5829386711120605,2.509999990463257,2.5299999713897705,2.4800000190734863,2.5,936000
2010-07-29,1.5766322612762451,2.5,2.509999990463257,2.4800000190734863,2.5,1042000
2010-07-30,1.5766322612762451,2.5,2.509999990463257,2.450000047683716,2.509999990463257,402000
2010-08-02,1.614471197128296,2.559999942779541,2.559999942779541,2.440000057220459,2.440000057220459,1088000
2010-08-03,1.5892449617385864,2.5199999809265137,2.569999933242798,2.490000009536743,2.569999933242798,1166000
2010-08-04,1.5766322612762451,2.5,2.5199999809265137,2.4600000381469727,2.4800000190734863,713000
2010-08-05,1.5892449617385864,2.5199999809265137,2.5399999618530273,2.4600000381469727,2.5,749000
2010-08-06,1.5829386711120605,2.509999990463257,2.5199999809265137,2.4600000381469727,2.5199999809265137,1057924
2010-08-09,1.5703256130218506,2.490000009536743,2.5299999713897705,2.4800000190734863,2.5299999713897705,1066500
2010-08-10,1.5514057874679565,2.4600000381469727,2.509999990463257,2.450000047683716,2.5,628000
2010-08-11,1.5450992584228516,2.450000047683716,2.5,2.430000066757202,2.5,328000
2010-08-12,1.5324864387512207,2.430000066757202,2.440000057220459,2.359999895095825,2.440000057220459,862000
2010-08-13,1.5387932062149048,2.440000057220459,2.450000047683716,2.4100000858306885,2.450000047683716,384000
2010-08-16,1.5450992584228516,2.450000047683716,2.4800000190734863,2.369999885559082,2.4200000762939453,384000
2010-08-17,1.5514057874679565,2.4600000381469727,2.4800000190734863,2.4000000953674316,2.4000000953674316,458000
2010-08-18,1.5387932062149048,2.440000057220459,2.4600000381469727,2.4100000858306885,2.4100000858306885,474000
2010-08-19,1.5577126741409302,2.4700000286102295,2.4700000286102295,2.380000114440918,2.4200000762939453,1348000
2010-08-20,1.5324864387512207,2.430000066757202,2.4600000381469727,2.369999885559082,2.4200000762939453,693000
2010-08-23,1.5009536743164062,2.380000114440918,2.440000057220459,2.359999895095825,2.440000057220459,616000
2010-08-24,1.5009536743164062,2.380000114440918,2.4000000953674316,2.3499999046325684,2.3499999046325684,540000
2010-08-25,1.5009536743164062,2.380000114440918,2.430000066757202,2.3299999237060547,2.3299999237060547,1030000
2010-08-26,1.4820342063903809,2.3499999046325684,2.390000104904175,2.3299999237060547,2.380000114440918,466000
2010-08-27,1.4883403778076172,2.359999895095825,2.369999885559082,2.3299999237060547,2.3499999046325684,582000
2010-08-30,1.5072602033615112,2.390000104904175,2.430000066757202,2.359999895095825,2.359999895095825,626000
2010-08-31,1.4820342063903809,2.3499999046325684,2.4000000953674316,2.3399999141693115,2.390000104904175,1048000
2010-09-01,1.5072602033615112,2.390000104904175,2.4000000953674316,2.359999895095825,2.359999895095825,380000
2010-09-02,1.5324864387512207,2.430000066757202,2.440000057220459,2.4000000953674316,2.4000000953674316,770169
2010-09-03,1.5324864387512207,2.430000066757202,2.4700000286102295,2.390000104904175,2.4000000953674316,1774000
2010-09-06,1.5703256130218506,2.490000009536743,2.490000009536743,2.440000057220459,2.4600000381469727,1428000
2010-09-07,1.5577126741409302,2.4700000286102295,2.5,2.4600000381469727,2.490000009536743,740000
2010-09-08,1.5892449617385864,2.5199999809265137,2.549999952316284,2.450000047683716,2.4600000381469727,1650000
2010-09-09,1.6207776069641113,2.569999933242798,2.6600000858306885,2.549999952316284,2.5899999141693115,4630000
2010-09-10,1.5829386711120605,2.509999990463257,2.5799999237060547,2.5,2.569999933242798,1572000
2010-09-13,1.6207776069641113,2.569999933242798,2.5799999237060547,2.4800000190734863,2.4800000190734863,1140000
2010-09-14,1.6333906650543213,2.5899999141693115,2.5999999046325684,2.559999942779541,2.5899999141693115,1136000
2010-09-15,1.6333906650543213,2.5899999141693115,2.6500000953674316,2.559999942779541,2.6500000953674316,2650000
2010-09-16,1.614471197128296,2.559999942779541,2.5999999046325684,2.5299999713897705,2.5999999046325684,558000
2010-09-17,1.6333906650543213,2.5899999141693115,2.5899999141693115,2.559999942779541,2.5799999237060547,912000
2010-09-20,1.6460038423538208,2.609999895095825,2.609999895095825,2.5799999237060547,2.5899999141693115,1064000
2010-09-21,1.6523103713989258,2.619999885559082,2.630000114440918,2.5999999046325684,2.5999999046325684,684000
2010-09-22,1.6523103713989258,2.619999885559082,2.6500000953674316,2.5899999141693115,2.5899999141693115,1614000
2010-09-24,1.664923906326294,2.640000104904175,2.640000104904175,2.5899999141693115,2.5899999141693115,454000
2010-09-27,1.6901494264602661,2.680000066757202,2.7200000286102295,2.640000104904175,2.6500000953674316,1883774
2010-09-28,1.6523103713989258,2.619999885559082,2.680000066757202,2.609999895095825,2.680000066757202,2016000
2010-09-29,1.6586169004440308,2.630000114440918,2.6600000858306885,2.609999895095825,2.619999885559082,982000
2010-09-30,1.664923906326294,2.640000104904175,2.6700000762939453,2.609999895095825,2.6500000953674316,1060000
2010-10-04,1.7027626037597656,2.700000047683716,2.7200000286102295,2.640000104904175,2.640000104904175,1714000
2010-10-05,1.7216824293136597,2.7300000190734863,2.740000009536743,2.6500000953674316,2.6700000762939453,1336000
2010-10-06,1.7342952489852905,2.75,2.799999952316284,2.7300000190734863,2.75,3488000
2010-10-07,1.7153757810592651,2.7200000286102295,2.75,2.700000047683716,2.7200000286102295,852000
2010-10-08,1.7153757810592651,2.7200000286102295,2.759999990463257,2.700000047683716,2.7300000190734863,1694000
2010-10-11,1.7406017780303955,2.759999990463257,2.7899999618530273,2.740000009536743,2.740000009536743,2480000
2010-10-12,1.727988839149475,2.740000009536743,2.7699999809265137,2.7300000190734863,2.759999990463257,1374000
2010-10-13,1.8036671876907349,2.859999895095825,2.859999895095825,2.7300000190734863,2.759999990463257,5728000
2010-10-14,1.7784408330917358,2.819999933242798,2.890000104904175,2.7899999618530273,2.890000104904175,2198000
2010-10-15,1.7847473621368408,2.8299999237060547,2.9700000286102295,2.819999933242798,2.8499999046325684,7617000
2010-10-18,1.7658278942108154,2.799999952316284,2.9000000953674316,2.759999990463257,2.880000114440918,3456000
2010-10-19,1.8036671876907349,2.859999895095825,2.859999895095825,2.799999952316284,2.799999952316284,1906000
2010-10-20,1.7721341848373413,2.809999942779541,2.809999942779541,2.7300000190734863,2.7799999713897705,2060000
2010-10-21,1.753214955329895,2.7799999713897705,2.819999933242798,2.740000009536743,2.809999942779541,1724000
2010-10-22,1.7216824293136597,2.7300000190734863,2.759999990463257,2.7200000286102295,2.759999990463257,1266000
2010-10-25,1.759521484375,2.7899999618530273,2.8399999141693115,2.7300000190734863,2.740000009536743,1658709
2010-10-26,1.7910538911819458,2.8399999141693115,2.8499999046325684,2.7799999713897705,2.799999952316284,1917000
2010-10-27,1.7406017780303955,2.759999990463257,2.8499999046325684,2.7300000190734863,2.7799999713897705,2790000
2010-10-28,1.7216824293136597,2.7300000190734863,2.75,2.7100000381469727,2.7100000381469727,674000
2010-10-29,1.6838431358337402,2.6700000762939453,2.75,2.6500000953674316,2.7100000381469727,1336000
2010-11-01,1.7342952489852905,2.75,2.7799999713897705,2.6700000762939453,2.6700000762939453,1252000
2010-11-02,1.727988839149475,2.740000009536743,2.7799999713897705,2.7200000286102295,2.759999990463257,950000
2010-11-03,1.753214955329895,2.7799999713897705,2.7899999618530273,2.75,2.75,1244000
2010-11-04,1.7910538911819458,2.8399999141693115,2.8499999046325684,2.759999990463257,2.759999990463257,1736000
2010-11-05,1.7784408330917358,2.819999933242798,2.859999895095825,2.799999952316284,2.8399999141693115,1842000
2010-11-08,1.8604259490966797,2.950000047683716,2.950000047683716,2.8299999237060547,2.8299999237060547,5254000
2010-11-09,1.8415063619613647,2.9200000762939453,2.930000066757202,2.890000104904175,2.930000066757202,2838000
2010-11-10,1.8099735975265503,2.869999885559082,2.9200000762939453,2.8499999046325684,2.9000000953674316,1762000
2010-11-11,1.8036671876907349,2.859999895095825,2.930000066757202,2.8499999046325684,2.869999885559082,2122000
2010-11-12,1.7406017780303955,2.759999990463257,2.880000114440918,2.75,2.8299999237060547,2644000
2010-11-15,1.7847473621368408,2.8299999237060547,2.8499999046325684,2.740000009536743,2.7699999809265137,1682000
2010-11-16,1.6586169004440308,2.630000114440918,2.8299999237060547,2.619999885559082,2.7699999809265137,3126000
2010-11-17,1.664923906326294,2.640000104904175,2.6700000762939453,2.5899999141693115,2.609999895095825,3820000
2010-11-18,1.7027626037597656,2.700000047683716,2.7100000381469727,2.609999895095825,2.609999895095825,584000
2010-11-19,1.6838431358337402,2.6700000762939453,2.7100000381469727,2.630000114440918,2.700000047683716,964000
2010-11-22,1.7090691328048706,2.7100000381469727,2.7200000286102295,2.6600000858306885,2.680000066757202,1102000
2010-11-23,1.6964560747146606,2.690000057220459,2.7799999713897705,2.6600000858306885,2.6600000858306885,2154000
2010-11-24,1.7342952489852905,2.75,2.75,2.700000047683716,2.700000047683716,1042000
2010-11-25,1.7406017780303955,2.759999990463257,2.7899999618530273,2.740000009536743,2.75,1200000
2010-11-26,1.7342952489852905,2.75,2.7899999618530273,2.700000047683716,2.75,1110000
2010-11-29,1.759521484375,2.7899999618530273,2.7899999618530273,2.7300000190734863,2.75,420000
2010-11-30,1.7658278942108154,2.799999952316284,2.799999952316284,2.700000047683716,2.7799999713897705,1740000
2010-12-01,1.7910538911819458,2.8399999141693115,2.8399999141693115,2.740000009536743,2.759999990463257,1548000
2010-12-02,1.7910538911819458,2.8399999141693115,2.890000104904175,2.8299999237060547,2.8299999237060547,1166000
2010-12-03,1.7847473621368408,2.8299999237060547,2.890000104904175,2.799999952316284,2.8499999046325684,2670000
2010-12-06,1.7658278942108154,2.799999952316284,2.880000114440918,2.7699999809265137,2.819999933242798,996000
2010-12-07,1.753214955329895,2.7799999713897705,2.8299999237060547,2.7100000381469727,2.8299999237060547,1811000
2010-12-08,1.7406017780303955,2.759999990463257,2.799999952316284,2.7300000190734863,2.7799999713897705,4346000
2010-12-09,1.7153757810592651,2.7200000286102295,2.7899999618530273,2.690000057220459,2.7799999713897705,2932000
2010-12-10,1.7406017780303955,2.759999990463257,2.759999990463257,2.680000066757202,2.690000057220459,758000
2010-12-13,1.898264765739441,3.009999990463257,3.0399999618530273,2.740000009536743,2.740000009536743,14882000
2010-12-14,1.8415063619613647,2.9200000762939453,2.990000009536743,2.890000104904175,2.990000009536743,3382000
2010-12-15,1.8351998329162598,2.9100000858306885,2.950000047683716,2.9000000953674316,2.9200000762939453,1104000
2010-12-16,1.7910538911819458,2.8399999141693115,2.9200000762939453,2.799999952316284,2.9100000858306885,1880000
2010-12-17,1.7847473621368408,2.8299999237060547,2.880000114440918,2.8299999237060547,2.880000114440918,728000
2010-12-20,1.7784408330917358,2.819999933242798,2.819999933242798,2.7699999809265137,2.819999933242798,932000
2010-12-21,1.8099735975265503,2.869999885559082,2.9000000953674316,2.799999952316284,2.799999952316284,1178000
2010-12-22,1.8099735975265503,2.869999885559082,2.9100000858306885,2.8499999046325684,2.880000114440918,924000
2010-12-23,1.7973606586456299,2.8499999046325684,2.9000000953674316,2.8299999237060547,2.9000000953674316,974000
2010-12-24,1.8162798881530762,2.880000114440918,2.890000104904175,2.8399999141693115,2.8399999141693115,584000
2010-12-28,1.7721341848373413,2.809999942779541,2.869999885559082,2.7799999713897705,2.8399999141693115,1474000
2010-12-29,1.7910538911819458,2.8399999141693115,2.8399999141693115,2.7799999713897705,2.7899999618530273,660000
2010-12-30,1.7973606586456299,2.8499999046325684,2.890000104904175,2.819999933242798,2.8399999141693115,740000
2010-12-31,1.8036671876907349,2.859999895095825,2.869999885559082,2.819999933242798,2.8499999046325684,376000
2011-01-03,1.8478128910064697,2.930000066757202,2.950000047683716,2.859999895095825,2.859999895095825,1706000
2011-01-04,1.8288935422897339,2.9000000953674316,2.950000047683716,2.9000000953674316,2.930000066757202,1408000
2011-01-05,1.854119062423706,2.940000057220459,2.940000057220459,2.9000000953674316,2.9000000953674316,1220000
2011-01-06,1.8604259490966797,2.950000047683716,2.950000047683716,2.9000000953674316,2.930000066757202,2022000
2011-01-07,1.8604259490966797,2.950000047683716,2.990000009536743,2.9200000762939453,2.9800000190734863,924000
2011-01-10,1.8288935422897339,2.9000000953674316,2.9600000381469727,2.880000114440918,2.9100000858306885,1944000
2011-01-11,1.8162798881530762,2.880000114440918,2.930000066757202,2.8499999046325684,2.880000114440918,954000
2011-01-12,1.854119062423706,2.940000057220459,2.940000057220459,2.859999895095825,2.859999895095825,1264000
2011-01-13,1.8288935422897339,2.9000000953674316,2.950000047683716,2.9000000953674316,2.9100000858306885,764000
2011-01-14,1.8225868940353394,2.890000104904175,2.9200000762939453,2.8499999046325684,2.9000000953674316,2048000
2011-01-17,1.8099735975265503,2.869999885559082,2.9200000762939453,2.859999895095825,2.890000104904175,1712000
2011-01-18,1.8225868940353394,2.890000104904175,2.9100000858306885,2.859999895095825,2.890000104904175,1232000
2011-01-19,1.8415063619613647,2.9200000762939453,2.940000057220459,2.890000104904175,2.890000104904175,972000
2011-01-20,1.8288935422897339,2.9000000953674316,2.9100000858306885,2.8499999046325684,2.880000114440918,892000
2011-01-21,1.8162798881530762,2.880000114440918,2.9000000953674316,2.8499999046325684,2.859999895095825,1584000
2011-01-24,1.7910538911819458,2.8399999141693115,2.880000114440918,2.799999952316284,2.859999895095825,1340000
2011-01-25,1.7973606586456299,2.8499999046325684,2.869999885559082,2.809999942779541,2.8399999141693115,2108250
2011-01-26,1.7973606586456299,2.8499999046325684,2.859999895095825,2.7899999618530273,2.8499999046325684,1118000
2011-01-27,1.8036671876907349,2.859999895095825,2.9000000953674316,2.799999952316284,2.799999952316284,698000
2011-01-28,1.7910538911819458,2.8399999141693115,2.9000000953674316,2.819999933242798,2.859999895095825,1480000
2011-01-31,1.8288935422897339,2.9000000953674316,2.930000066757202,2.8499999046325684,2.8499999046325684,2844000
2011-02-01,1.8288935422897339,2.9000000953674316,2.9200000762939453,2.859999895095825,2.9200000762939453,420000
2011-02-02,1.8225868940353394,2.890000104904175,2.9200000762939453,2.880000114440918,2.9000000953674316,492000
2011-02-07,1.8162798881530762,2.880000114440918,2.9000000953674316,2.819999933242798,2.880000114440918,864000
2011-02-08,1.8162798881530762,2.880000114440918,2.9200000762939453,2.8499999046325684,2.9200000762939453,487000
2011-02-09,1.8036671876907349,2.859999895095825,2.869999885559082,2.859999895095825,2.859999895095825,688400
2011-02-10,1.7847473621368408,2.8299999237060547,2.880000114440918,2.819999933242798,2.859999895095825,1938000
2011-02-11,1.7721341848373413,2.809999942779541,2.859999895095825,2.809999942779541,2.8299999237060547,602000
2011-02-14,1.8036671876907349,2.859999895095825,2.859999895095825,2.799999952316284,2.809999942779541,426000
2011-02-15,1.7721341848373413,2.809999942779541,2.859999895095825,2.799999952316284,2.8499999046325684,276000
2011-02-16,1.7910538911819458,2.8399999141693115,2.8399999141693115,2.809999942779541,2.799999952316284,260000
2011-02-17,1.8099735975265503,2.869999885559082,2.890000104904175,2.819999933242798,2.819999933242798,864000
2011-02-18,1.8162798881530762,2.880000114440918,2.880000114440918,2.8499999046325684,2.869999885559082,374000
2011-02-21,1.8036671876907349,2.859999895095825,2.880000114440918,2.809999942779541,2.880000114440918,466000
2011-02-22,1.7658278942108154,2.799999952316284,2.859999895095825,2.7699999809265137,2.859999895095825,1826000
2011-02-23,1.759521484375,2.7899999618530273,2.809999942779541,2.7699999809265137,2.7799999713897705,692000
2011-02-24,1.6775364875793457,2.6600000858306885,2.799999952316284,2.6500000953674316,2.799999952316284,1410000
2011-02-25,1.6964560747146606,2.690000057220459,2.7300000190734863,2.640000104904175,2.640000104904175,958000
2011-02-28,1.7216824293136597,2.7300000190734863,2.740000009536743,2.6700000762939453,2.6700000762939453,496000
2011-03-01,1.7027626037597656,2.700000047683716,2.740000009536743,2.680000066757202,2.700000047683716,662000
2011-03-02,1.7090691328048706,2.7100000381469727,2.7200000286102295,2.6600000858306885,2.680000066757202,204000
2011-03-03,1.7027626037597656,2.700000047683716,2.7300000190734863,2.690000057220459,2.7100000381469727,660000
2011-03-04,1.7342952489852905,2.75,2.7799999713897705,2.7100000381469727,2.7100000381469727,720000
2011-03-07,1.727988839149475,2.740000009536743,2.759999990463257,2.7100000381469727,2.759999990463257,428000
2011-03-08,1.727988839149475,2.740000009536743,2.740000009536743,2.7100000381469727,2.7100000381469727,346000
2011-03-09,1.7153757810592651,2.7200000286102295,2.759999990463257,2.700000047683716,2.740000009536743,692000
2011-03-10,1.7153757810592651,2.7200000286102295,2.740000009536743,2.680000066757202,2.740000009536743,726000
2011-03-11,1.7153757810592651,2.7200000286102295,2.759999990463257,2.6600000858306885,2.6600000858306885,596000
2011-03-14,1.7216824293136597,2.7300000190734863,2.7300000190734863,2.6700000762939453,2.6700000762939453,528000
2011-03-15,1.664923906326294,2.640000104904175,2.700000047683716,2.5299999713897705,2.690000057220459,1930000
2011-03-16,1.6838431358337402,2.6700000762939453,2.690000057220459,2.609999895095825,2.630000114440918,822000
2011-03-17,1.6586169004440308,2.630000114440918,2.680000066757202,2.569999933242798,2.5799999237060547,588000
2011-03-18,1.6396971940994263,2.5999999046325684,2.640000104904175,2.5999999046325684,2.640000104904175,416000
2011-03-21,1.6586169004440308,2.630000114440918,2.640000104904175,2.569999933242798,2.569999933242798,648000
2011-03-22,1.6523103713989258,2.619999885559082,2.619999885559082,2.5799999237060547,2.5999999046325684,1356000
2011-03-23,1.6712301969528198,2.6500000953674316,2.6500000953674316,2.609999895095825,2.619999885559082,348000
2011-03-24,1.6838431358337402,2.6700000762939453,2.680000066757202,2.640000104904175,2.6500000953674316,270000
2011-03-25,1.7342952489852905,2.75,2.7699999809265137,2.680000066757202,2.680000066757202,1498000
2011-03-28,1.7153757810592651,2.7200000286102295,2.75,2.700000047683716,2.75,458000
2011-03-29,1.7469085454940796,2.7699999809265137,2.7899999618530273,2.7300000190734863,2.740000009536743,352000
2011-03-30,1.7406017780303955,2.759999990463257,2.759999990463257,2.7200000286102295,2.75,280000
2011-03-31,1.7406017780303955,2.759999990463257,2.7899999618530273,2.7300000190734863,2.759999990463257,390000
2011-04-01,1.7342952489852905,2.75,2.759999990463257,2.7300000190734863,2.7300000190734863,340000
2011-04-04,1.7469085454940796,2.7699999809265137,2.7799999713897705,2.740000009536743,2.759999990463257,528000
2011-04-06,1.759521484375,2.7899999618530273,2.7899999618530273,2.759999990463257,2.7799999713897705,854000
2011-04-07,1.7469085454940796,2.7699999809265137,2.7899999618530273,2.75,2.7799999713897705,986000
2011-04-08,1.7658278942108154,2.799999952316284,2.809999942779541,2.759999990463257,2.7699999809265137,1454000
2011-04-11,1.7723922729492188,2.700000047683716,2.7300000190734863,2.619999885559082,2.7300000190734863,696000
2011-04-12,1.759263277053833,2.680000066757202,2.690000057220459,2.6500000953674316,2.680000066757202,386000
2011-04-13,1.7658278942108154,2.690000057220459,2.690000057220459,2.6500000953674316,2.6600000858306885,726000
2011-04-14,1.759263277053833,2.680000066757202,2.7100000381469727,2.6700000762939453,2.680000066757202,572000
2011-04-15,1.759263277053833,2.680000066757202,2.690000057220459,2.6600000858306885,2.680000066757202,220000
2011-04-18,1.7986501455307007,2.740000009536743,2.740000009536743,2.680000066757202,2.680000066757202,491000
2011-04-19,1.7723922729492188,2.700000047683716,2.700000047683716,2.6700000762939453,2.690000057220459,820000
2011-04-20,1.759263277053833,2.680000066757202,2.700000047683716,2.630000114440918,2.700000047683716,1194000
2011-04-21,1.7526992559432983,2.6700000762939453,2.700000047683716,2.6600000858306885,2.680000066757202,480000
2011-04-26,1.7198771238327026,2.619999885559082,2.6700000762939453,2.5999999046325684,2.6700000762939453,2360000
2011-04-27,1.7133125066757202,2.609999895095825,2.630000114440918,2.559999942779541,2.630000114440918,1040000
2011-04-28,1.7133125066757202,2.609999895095825,2.619999885559082,2.549999952316284,2.5799999237060547,740000
2011-04-29,1.693618893623352,2.5799999237060547,2.5999999046325684,2.5399999618530273,2.5999999046325684,702000
2011-05-03,1.680490493774414,2.559999942779541,2.5999999046325684,2.5299999713897705,2.5999999046325684,614000
2011-05-04,1.6607972383499146,2.5299999713897705,2.5399999618530273,2.5,2.5399999618530273,620000
2011-05-05,1.667361855506897,2.5399999618530273,2.5799999237060547,2.5399999618530273,2.549999952316284,476000
2011-05-06,1.667361855506897,2.5399999618530273,2.559999942779541,2.5,2.559999942779541,1094000
2011-05-09,1.667361855506897,2.5399999618530273,2.559999942779541,2.5199999809265137,2.549999952316284,474000
2011-05-11,1.680490493774414,2.559999942779541,2.559999942779541,2.5199999809265137,2.5399999618530273,456000
2011-05-12,1.6607972383499146,2.5299999713897705,2.559999942779541,2.5199999809265137,2.559999942779541,232000
2011-05-13,1.680490493774414,2.559999942779541,2.5899999141693115,2.5299999713897705,2.5799999237060547,204000
2011-05-16,1.6607972383499146,2.5299999713897705,2.559999942779541,2.5199999809265137,2.5299999713897705,196000
2011-05-17,1.6542328596115112,2.5199999809265137,2.5399999618530273,2.5,2.5299999713897705,692000
2011-05-18,1.667361855506897,2.5399999618530273,2.5399999618530273,2.5,2.5399999618530273,182000
2011-05-19,1.667361855506897,2.5399999618530273,2.5399999618530273,2.5,2.5,84000
2011-05-20,1.6411042213439941,2.5,2.5199999809265137,2.4800000190734863,2.5199999809265137,988000
2011-05-23,1.6082818508148193,2.450000047683716,2.5,2.440000057220459,2.5,208000
2011-05-24,1.6279752254486084,2.4800000190734863,2.4800000190734863,2.450000047683716,2.450000047683716,154000
2011-05-25,1.6082818508148193,2.450000047683716,2.4600000381469727,2.430000066757202,2.450000047683716,452000
2011-05-26,1.6082818508148193,2.450000047683716,2.450000047683716,2.4000000953674316,2.450000047683716,236000
2011-05-27,1.5951533317565918,2.430000066757202,2.450000047683716,2.4000000953674316,2.4100000858306885,502000
2011-05-30,1.5951533317565918,2.430000066757202,2.450000047683716,2.390000104904175,2.390000104904175,60000
2011-05-31,1.6345394849777222,2.490000009536743,2.5,2.4100000858306885,2.430000066757202,368000
2011-06-01,1.6279752254486084,2.4800000190734863,2.5,2.450000047683716,2.490000009536743,140151
2011-06-02,1.6017177104949951,2.440000057220459,2.450000047683716,2.4200000762939453,2.450000047683716,112000
2011-06-03,1.6017177104949951,2.440000057220459,2.440000057220459,2.4100000858306885,2.4100000858306885,328000
2011-06-07,1.5951533317565918,2.430000066757202,2.440000057220459,2.4000000953674316,2.4000000953674316,386000
2011-06-08,1.5754599571228027,2.4000000953674316,2.4100000858306885,2.390000104904175,2.4000000953674316,296000
2011-06-09,1.5557664632797241,2.369999885559082,2.4600000381469727,2.369999885559082,2.4000000953674316,406000
2011-06-10,1.5295090675354004,2.3299999237060547,2.369999885559082,2.299999952316284,2.369999885559082,660000
2011-06-13,1.5163803100585938,2.309999942779541,2.3299999237060547,2.259999990463257,2.299999952316284,532000
2011-06-14,1.5229445695877075,2.319999933242798,2.380000114440918,2.25,2.319999933242798,320000
2011-06-15,1.5229445695877075,2.319999933242798,2.3499999046325684,2.319999933242798,2.319999933242798,168000
2011-06-16,1.483557939529419,2.259999990463257,2.319999933242798,2.259999990463257,2.319999933242798,260000
2011-06-17,1.4769935607910156,2.25,2.2799999713897705,2.240000009536743,2.25,1312000
2011-06-20,1.483557939529419,2.259999990463257,2.259999990463257,2.2300000190734863,2.25,804000
2011-06-21,1.450736165046692,2.2100000381469727,2.240000009536743,2.190000057220459,2.2300000190734863,660000
2011-06-22,1.4376072883605957,2.190000057220459,2.240000009536743,2.1700000762939453,2.2300000190734863,1098000
2011-06-23,1.4573004245758057,2.2200000286102295,2.2300000190734863,2.1700000762939453,2.190000057220459,634000
2011-06-24,1.483557939529419,2.259999990463257,2.2899999618530273,2.2200000286102295,2.25,530000
2011-06-27,1.4966866970062256,2.2799999713897705,2.2899999618530273,2.200000047683716,2.200000047683716,216000
2011-06-28,1.4966866970062256,2.2799999713897705,2.3399999141693115,2.2699999809265137,2.2799999713897705,290000
2011-06-29,1.5098158121109009,2.299999952316284,2.3499999046325684,2.2799999713897705,2.2799999713897705,1008000
2011-06-30,1.5229445695877075,2.319999933242798,2.4000000953674316,2.319999933242798,2.4000000953674316,182000
2011-07-04,1.562330961227417,2.380000114440918,2.4000000953674316,2.319999933242798,2.319999933242798,442000
2011-07-05,1.5557664632797241,2.369999885559082,2.390000104904175,2.3299999237060547,2.3299999237060547,296000
2011-07-06,1.5360734462738037,2.3399999141693115,2.369999885559082,2.319999933242798,2.369999885559082,864000
2011-07-07,1.5229445695877075,2.319999933242798,2.3399999141693115,2.299999952316284,2.319999933242798,810000
2011-07-08,1.5163803100585938,2.309999942779541,2.3499999046325684,2.2899999618530273,2.3299999237060547,652000
2011-07-11,1.5163803100585938,2.309999942779541,2.3399999141693115,2.2799999713897705,2.299999952316284,520000
2011-07-12,1.483557939529419,2.259999990463257,2.2699999809265137,2.240000009536743,2.2699999809265137,440000
2011-07-13,1.5098158121109009,2.299999952316284,2.3299999237060547,2.259999990463257,2.259999990463257,498000
2011-07-14,1.5098158121109009,2.299999952316284,2.309999942779541,2.2899999618530273,2.299999952316284,198000
2011-07-15,1.5098158121109009,2.299999952316284,2.299999952316284,2.2899999618530273,2.2899999618530273,190000
2011-07-18,1.5098158121109009,2.299999952316284,2.309999942779541,2.2899999618530273,2.299999952316284,144000
2011-07-19,1.483557939529419,2.259999990463257,2.2899999618530273,2.2100000381469727,2.259999990463257,442000
2011-07-20,1.5032511949539185,2.2899999618530273,2.3299999237060547,2.2699999809265137,2.319999933242798,414000
2011-07-21,1.4901223182678223,2.2699999809265137,2.2699999809265137,2.2300000190734863,2.25,292000
2011-07-22,1.5032511949539185,2.2899999618530273,2.2899999618530273,2.2699999809265137,2.2699999809265137,262000
2011-07-25,1.4901223182678223,2.2699999809265137,2.2899999618530273,2.25,2.2899999618530273,214000
2011-07-26,1.5163803100585938,2.309999942779541,2.309999942779541,2.259999990463257,2.2699999809265137,390000
2011-07-27,1.5032511949539185,2.2899999618530273,2.299999952316284,2.2699999809265137,2.2699999809265137,120000
2011-07-28,1.4966866970062256,2.2799999713897705,2.2799999713897705,2.240000009536743,2.259999990463257,210000
2011-07-29,1.4638645648956299,2.2300000190734863,2.25,2.180000066757202,2.25,1424000
2011-08-01,1.450736165046692,2.2100000381469727,2.25,2.190000057220459,2.25,970000
2011-08-02,1.4376072883605957,2.190000057220459,2.2100000381469727,2.1600000858306885,2.200000047683716,414000
2011-08-03,1.417913794517517,2.1600000858306885,2.1600000858306885,2.0999999046325684,2.109999895095825,738000
2011-08-04,1.3982206583023071,2.130000114440918,2.190000057220459,2.109999895095825,2.1500000953674316,622000
2011-08-05,1.3325766324996948,2.0299999713897705,2.0899999141693115,2.0,2.009999990463257,1340000
2011-08-08,1.3063188791275024,1.9900000095367432,2.0,1.899999976158142,1.9900000095367432,1308000
2011-08-09,1.2669321298599243,1.9299999475479126,1.9600000381469727,1.850000023841858,1.8700000047683716,766000
2011-08-10,1.2669321298599243,1.9299999475479126,1.9800000190734863,1.9299999475479126,1.9600000381469727,878000
2011-08-11,1.2669321298599243,1.9299999475479126,1.9299999475479126,1.8700000047683716,1.9299999475479126,276000
2011-08-12,1.2866257429122925,1.9600000381469727,2.0799999237060547,1.940000057220459,2.0799999237060547,814000
2011-08-15,1.3063188791275024,1.9900000095367432,2.0399999618530273,1.9600000381469727,2.0399999618530273,288000
2011-08-16,1.326012134552002,2.0199999809265137,2.0999999046325684,2.0,2.0899999141693115,628000
2011-08-17,1.3194477558135986,2.009999990463257,2.059999942779541,2.0,2.0,1042000
2011-08-18,1.339140772819519,2.0399999618530273,2.049999952316284,2.009999990463257,2.009999990463257,562000
2011-08-19,1.2800610065460205,1.9500000476837158,2.0399999618530273,1.940000057220459,2.0399999618530273,446000
2011-08-22,1.247239112854004,1.899999976158142,2.0199999809265137,1.899999976158142,1.9500000476837158,1300000
2011-08-23,1.2800610065460205,1.9500000476837158,1.9600000381469727,1.899999976158142,1.9299999475479126,474000
2011-08-24,1.2866257429122925,1.9600000381469727,1.9700000286102295,1.9500000476837158,1.9600000381469727,204000
2011-08-25,1.3719629049301147,2.0899999141693115,2.140000104904175,2.0,2.0,4240000
2011-08-26,1.3522697687149048,2.059999942779541,2.130000114440918,2.0299999713897705,2.109999895095825,1204000
2011-08-29,1.3063188791275024,1.9900000095367432,2.0399999618530273,1.9600000381469727,2.0199999809265137,1170000
2011-08-30,1.3063188791275024,1.9900000095367432,2.0399999618530273,1.9600000381469727,2.0,1780000
2011-08-31,1.3522697687149048,2.059999942779541,2.059999942779541,1.9600000381469727,1.9900000095367432,1108000
2011-09-01,1.3325766324996948,2.0299999713897705,2.059999942779541,2.009999990463257,2.0199999809265137,873059
2011-09-02,1.3194477558135986,2.009999990463257,2.0199999809265137,1.9900000095367432,2.0,10522000
2011-09-05,1.3194477558135986,2.009999990463257,2.0399999618530273,1.9600000381469727,2.0,558100
2011-09-06,1.326012134552002,2.0199999809265137,2.0399999618530273,1.9800000190734863,2.0,918000
2011-09-07,1.3916561603546143,2.119999885559082,2.119999885559082,2.0399999618530273,2.0399999618530273,1992000
2011-09-08,1.3653984069824219,2.0799999237060547,2.190000057220459,2.069999933242798,2.119999885559082,1086000
2011-09-09,1.385091781616211,2.109999895095825,2.119999885559082,2.0899999141693115,2.109999895095825,858000
2011-09-12,1.3063188791275024,1.9900000095367432,2.0799999237060547,1.9900000095367432,2.049999952316284,526000
2011-09-14,1.3522697687149048,2.059999942779541,2.0799999237060547,1.9900000095367432,1.9900000095367432,2154000
2011-09-15,1.3522697687149048,2.059999942779541,2.0999999046325684,2.0399999618530273,2.059999942779541,130000
2011-09-16,1.345705270767212,2.049999952316284,2.069999933242798,2.0,2.059999942779541,764000
2011-09-19,1.326012134552002,2.0199999809265137,2.049999952316284,2.0,2.049999952316284,2408000
2011-09-20,1.345705270767212,2.049999952316284,2.049999952316284,2.0,2.0,1118000
2011-09-21,1.339140772819519,2.0399999618530273,2.059999942779541,2.009999990463257,2.009999990463257,700000
2011-09-22,1.2931898832321167,1.9700000286102295,2.0199999809265137,1.9500000476837158,2.0,3666000
2011-09-23,1.2866257429122925,1.9600000381469727,1.9600000381469727,1.899999976158142,1.899999976158142,2820001
2011-09-26,1.2866257429122925,1.9600000381469727,2.0,1.909999966621399,1.899999976158142,2164000
2011-09-27,1.29975426197052,1.9800000190734863,1.9800000190734863,1.9199999570846558,1.940000057220459,460000
2011-09-28,1.2866257429122925,1.9600000381469727,1.9700000286102295,1.940000057220459,1.940000057220459,522000
2011-09-30,1.2538033723831177,1.909999966621399,1.9600000381469727,1.8799999952316284,1.9600000381469727,396000
2011-10-03,1.2144168615341187,1.850000023841858,1.899999976158142,1.75,1.840000033378601,954000
2011-10-04,1.1159508228302002,1.7000000476837158,1.8700000047683716,1.6799999475479126,1.8700000047683716,1310000
2011-10-06,1.1356440782546997,1.7300000190734863,1.75,1.7000000476837158,1.7000000476837158,466000
2011-10-07,1.1750304698944092,1.7899999618530273,1.8300000429153442,1.7400000095367432,1.7999999523162842,958000
2011-10-10,1.181594729423523,1.7999999523162842,1.8300000429153442,1.7799999713897705,1.7799999713897705,310000
2011-10-11,1.2078527212142944,1.840000033378601,1.8799999952316284,1.809999942779541,1.850000023841858,1418000
2011-10-12,1.247239112854004,1.899999976158142,1.9199999570846558,1.809999942779541,1.8300000429153442,550000
2011-10-13,1.2931898832321167,1.9700000286102295,1.9700000286102295,1.899999976158142,1.940000057220459,862000
2011-10-14,1.2734967470169067,1.940000057220459,1.9600000381469727,1.8600000143051147,1.9600000381469727,534000
2011-10-17,1.2734967470169067,1.940000057220459,1.9600000381469727,1.909999966621399,1.9500000476837158,350000
2011-10-18,1.1947237253189087,1.8200000524520874,1.899999976158142,1.7999999523162842,1.850000023841858,1178000
2011-10-19,1.1947237253189087,1.8200000524520874,1.8700000047683716,1.809999942779541,1.840000033378601,394000
2011-10-20,1.181594729423523,1.7999999523162842,1.809999942779541,1.7699999809265137,1.7999999523162842,458000
2011-10-21,1.2341101169586182,1.8799999952316284,1.9199999570846558,1.8200000524520874,1.8300000429153442,500000
2011-10-24,1.2669321298599243,1.9299999475479126,1.9299999475479126,1.8700000047683716,1.9299999475479126,556000
2011-10-25,1.2603679895401,1.9199999570846558,1.9500000476837158,1.899999976158142,1.909999966621399,632704
2011-10-26,1.2866257429122925,1.9600000381469727,1.9600000381469727,1.909999966621399,1.909999966621399,300000
2011-10-27,1.339140772819519,2.0399999618530273,2.0799999237060547,1.940000057220459,1.940000057220459,1600000
2011-10-28,1.444171667098999,2.200000047683716,2.200000047683716,2.0799999237060547,2.0999999046325684,3808000
2011-10-31,1.4376072883605957,2.190000057220459,2.2699999809265137,2.190000057220459,2.2100000381469727,1615000
2011-11-01,1.417913794517517,2.1600000858306885,2.2200000286102295,2.130000114440918,2.1500000953674316,658000
2011-11-02,1.4638645648956299,2.2300000190734863,2.25,2.0999999046325684,2.0999999046325684,942000
2011-11-03,1.444171667098999,2.200000047683716,2.240000009536743,2.190000057220459,2.2300000190734863,1040000
2011-11-04,1.5032511949539185,2.2899999618530273,2.2899999618530273,2.190000057220459,2.2200000286102295,727825
2011-11-07,1.4573004245758057,2.2200000286102295,2.2200000286102295,2.190000057220459,2.2200000286102295,192000
2011-11-08,1.424478530883789,2.1700000762939453,2.2200000286102295,2.1500000953674316,2.2200000286102295,696000
2011-11-09,1.450736165046692,2.2100000381469727,2.2200000286102295,2.1700000762939453,2.1700000762939453,1256000
2011-11-10,1.378527283668518,2.0999999046325684,2.190000057220459,2.0999999046325684,2.0999999046325684,598000
2011-11-11,1.3916561603546143,2.119999885559082,2.1500000953674316,2.109999895095825,2.130000114440918,226000
2011-11-14,1.4769935607910156,2.25,2.2699999809265137,2.119999885559082,2.119999885559082,1148000
2011-11-15,1.450736165046692,2.2100000381469727,2.25,2.1500000953674316,2.1500000953674316,560000
2011-11-16,1.424478530883789,2.1700000762939453,2.2200000286102295,2.1500000953674316,2.2100000381469727,734000
2011-11-17,1.4113496541976929,2.1500000953674316,2.1700000762939453,2.1500000953674316,2.1500000953674316,522000
2011-11-18,1.3916561603546143,2.119999885559082,2.1500000953674316,2.109999895095825,2.1500000953674316,338000
2011-11-21,1.339140772819519,2.0399999618530273,2.0999999046325684,2.0199999809265137,2.0399999618530273,780000
2011-11-22,1.3588340282440186,2.069999933242798,2.0899999141693115,2.0199999809265137,2.0199999809265137,224000
2011-11-23,1.3194477558135986,2.009999990463257,2.069999933242798,2.0,2.069999933242798,446000
2011-11-24,1.339140772819519,2.0399999618530273,2.0399999618530273,2.0,2.0,434000
2011-11-25,1.3128831386566162,2.0,2.0299999713897705,1.9700000286102295,1.9700000286102295,318000
2011-11-28,1.3325766324996948,2.0299999713897705,2.049999952316284,1.9900000095367432,1.9900000095367432,164000
2011-11-29,1.3719629049301147,2.0899999141693115,2.0999999046325684,2.059999942779541,2.069999933242798,162000
2011-11-30,1.3128831386566162,2.0,2.069999933242798,1.9900000095367432,2.069999933242798,450000
2011-12-01,1.378527283668518,2.0999999046325684,2.119999885559082,2.0799999237060547,2.119999885559082,1582000
2011-12-02,1.3588340282440186,2.069999933242798,2.0999999046325684,2.0,2.0999999046325684,392000
2011-12-05,1.3325766324996948,2.0299999713897705,2.0299999713897705,2.0199999809265137,2.0299999713897705,20000
2011-12-06,1.345705270767212,2.049999952316284,2.049999952316284,2.009999990463257,2.0299999713897705,166000
2011-12-07,1.3325766324996948,2.0299999713897705,2.0899999141693115,2.0299999713897705,2.069999933242798,188000
2011-12-08,1.3325766324996948,2.0299999713897705,2.059999942779541,2.009999990463257,2.009999990463257,366000
2011-12-09,1.3325766324996948,2.0299999713897705,2.0299999713897705,2.0,2.0,232000
2011-12-12,1.339140772819519,2.0399999618530273,2.049999952316284,2.0199999809265137,2.0199999809265137,286000
2011-12-13,1.3194477558135986,2.009999990463257,2.0299999713897705,2.009999990463257,2.0299999713897705,144212
2011-12-14,1.3063188791275024,1.9900000095367432,2.009999990463257,1.9900000095367432,2.009999990463257,264000
2011-12-15,1.29975426197052,1.9800000190734863,1.9800000190734863,1.940000057220459,1.9600000381469727,930400
2011-12-16,1.3325766324996948,2.0299999713897705,2.0799999237060547,1.940000057220459,2.0,1174400
2011-12-19,1.3128831386566162,2.0,2.0299999713897705,1.9199999570846558,1.9700000286102295,1056000
2011-12-20,1.3128831386566162,2.0,2.0,1.9600000381469727,2.0,182000
2011-12-21,1.2931898832321167,1.9700000286102295,2.009999990463257,1.9700000286102295,2.0,417800
2011-12-22,1.3194477558135986,2.009999990463257,2.0999999046325684,1.9500000476837158,1.9600000381469727,3173800
2011-12-23,1.339140772819519,2.0399999618530273,2.069999933242798,1.9800000190734863,2.049999952316284,3258000
2011-12-28,1.3128831386566162,2.0,2.0199999809265137,1.9900000095367432,2.0199999809265137,982000
2011-12-29,1.29975426197052,1.9800000190734863,2.0,1.9600000381469727,1.9700000286102295,366000
2011-12-30,1.3063188791275024,1.9900000095367432,2.0,1.9800000190734863,1.9800000190734863,774000
2012-01-03,1.3128831386566162,2.0,2.0,1.9500000476837158,1.9900000095367432,760000
2012-01-04,1.2866257429122925,1.9600000381469727,1.9900000095367432,1.940000057220459,1.9900000095367432,1517800
2012-01-05,1.2603679895401,1.9199999570846558,1.9600000381469727,1.909999966621399,1.9600000381469727,957800
2012-01-06,1.247239112854004,1.899999976158142,1.9199999570846558,1.8899999856948853,1.9199999570846558,780000
2012-01-09,1.247239112854004,1.899999976158142,1.9199999570846558,1.8700000047683716,1.899999976158142,1250000
2012-01-10,1.2603679895401,1.9199999570846558,1.9299999475479126,1.8799999952316284,1.899999976158142,3006000
2012-01-11,1.2603679895401,1.9199999570846558,1.9299999475479126,1.899999976158142,1.9199999570846558,1360000
2012-01-12,1.2538033723831177,1.909999966621399,1.9299999475479126,1.8600000143051147,1.9199999570846558,800000
2012-01-13,1.2538033723831177,1.909999966621399,1.9600000381469727,1.8899999856948853,1.9299999475479126,2190000
2012-01-16,1.247239112854004,1.899999976158142,1.899999976158142,1.8899999856948853,1.899999976158142,604000
2012-01-17,1.2669321298599243,1.9299999475479126,1.9299999475479126,1.8899999856948853,1.8899999856948853,2148000
2012-01-18,1.2669321298599243,1.9299999475479126,1.940000057220459,1.9199999570846558,1.9199999570846558,836000
2012-01-19,1.2800610065460205,1.9500000476837158,1.9600000381469727,1.899999976158142,1.899999976158142,2280000
2012-01-20,1.2866257429122925,1.9600000381469727,1.9700000286102295,1.9600000381469727,1.9600000381469727,1320000
2012-01-26,1.3194477558135986,2.009999990463257,2.0199999809265137,1.9500000476837158,1.9500000476837158,3452000
2012-01-27,1.3128831386566162,2.0,2.059999942779541,1.9800000190734863,2.009999990463257,1660000
2012-01-30,1.2866257429122925,1.9600000381469727,2.0,1.9600000381469727,1.9800000190734863,722000
2012-01-31,1.29975426197052,1.9800000190734863,1.9800000190734863,1.9600000381469727,1.9600000381469727,506000
2012-02-01,1.29975426197052,1.9800000190734863,1.9900000095367432,1.9700000286102295,1.9800000190734863,1208000
2012-02-02,1.339140772819519,2.0399999618530273,2.0999999046325684,2.009999990463257,2.0999999046325684,1790000
2012-02-03,1.345705270767212,2.049999952316284,2.049999952316284,2.0199999809265137,2.0199999809265137,1420000
2012-02-06,1.339140772819519,2.0399999618530273,2.059999942779541,2.0299999713897705,2.049999952316284,920000
2012-02-07,1.326012134552002,2.0199999809265137,2.0399999618530273,1.9900000095367432,2.0199999809265137,2679825
2012-02-08,1.3588340282440186,2.069999933242798,2.0899999141693115,2.009999990463257,2.0199999809265137,2296000
2012-02-09,1.385091781616211,2.109999895095825,2.130000114440918,2.049999952316284,2.049999952316284,1500000
2012-02-10,1.378527283668518,2.0999999046325684,2.1700000762939453,2.069999933242798,2.119999885559082,2846000
2012-02-13,1.3916561603546143,2.119999885559082,2.140000104904175,2.0799999237060547,2.0999999046325684,684000
2012-02-14,1.3719629049301147,2.0899999141693115,2.109999895095825,2.069999933242798,2.0999999046325684,766000
2012-02-15,1.3916561603546143,2.119999885559082,2.130000114440918,2.0899999141693115,2.119999885559082,1458000
2012-02-16,1.3982206583023071,2.130000114440918,2.1700000762939453,2.119999885559082,2.140000104904175,1888000
2012-02-17,1.417913794517517,2.1600000858306885,2.190000057220459,2.140000104904175,2.180000066757202,1406000
2012-02-20,1.417913794517517,2.1600000858306885,2.190000057220459,2.1500000953674316,2.1600000858306885,1470000
2012-02-21,1.417913794517517,2.1600000858306885,2.180000066757202,2.140000104904175,2.180000066757202,608000
2012-02-22,1.4376072883605957,2.190000057220459,2.2100000381469727,2.1500000953674316,2.1500000953674316,656000
2012-02-23,1.4310429096221924,2.180000066757202,2.200000047683716,2.180000066757202,2.200000047683716,1126000
2012-02-24,1.424478530883789,2.1700000762939453,2.190000057220459,2.1600000858306885,2.180000066757202,996000
2012-02-27,1.417913794517517,2.1600000858306885,2.200000047683716,2.1600000858306885,2.1700000762939453,1098000
2012-02-28,1.417913794517517,2.1600000858306885,2.180000066757202,2.130000114440918,2.1500000953674316,1160000
2012-02-29,1.4769935607910156,2.25,2.259999990463257,2.1600000858306885,2.1600000858306885,2866000
2012-03-01,1.4310429096221924,2.180000066757202,2.240000009536743,2.180000066757202,2.2200000286102295,1590000
2012-03-02,1.450736165046692,2.2100000381469727,2.2200000286102295,2.180000066757202,2.180000066757202,874000
2012-03-05,1.4638645648956299,2.2300000190734863,2.25,2.2100000381469727,2.240000009536743,2264000
2012-03-06,1.424478530883789,2.1700000762939453,2.240000009536743,2.140000104904175,2.2200000286102295,2594635
2012-03-07,1.4047850370407104,2.140000104904175,2.1600000858306885,2.130000114440918,2.140000104904175,1252635
2012-03-08,1.450736165046692,2.2100000381469727,2.2100000381469727,2.1500000953674316,2.1500000953674316,1538000
2012-03-09,1.4638645648956299,2.2300000190734863,2.240000009536743,2.200000047683716,2.200000047683716,750000
2012-03-12,1.4901223182678223,2.2699999809265137,2.309999942779541,2.180000066757202,2.180000066757202,2078000
2012-03-13,1.4704293012619019,2.240000009536743,2.299999952316284,2.2200000286102295,2.2699999809265137,1408000
2012-03-14,1.450736165046692,2.2100000381469727,2.299999952316284,2.200000047683716,2.299999952316284,1598000
2012-03-15,1.4573004245758057,2.2200000286102295,2.25,2.200000047683716,2.25,650000
2012-03-16,1.4113496541976929,2.1500000953674316,2.2300000190734863,2.140000104904175,2.190000057220459,1686000
2012-03-20,1.424478530883789,2.1700000762939453,2.1700000762939453,2.140000104904175,2.1500000953674316,408000
2012-03-21,1.3982206583023071,2.130000114440918,2.1500000953674316,2.0899999141693115,2.140000104904175,606000
2012-03-22,1.3982206583023071,2.130000114440918,2.140000104904175,2.0999999046325684,2.109999895095825,226000
2012-03-23,1.345705270767212,2.049999952316284,2.0999999046325684,2.0399999618530273,2.0899999141693115,1638000
2012-03-26,1.3588340282440186,2.069999933242798,2.069999933242798,2.009999990463257,2.0299999713897705,866000
2012-03-27,1.3653984069824219,2.0799999237060547,2.0899999141693115,2.059999942779541,2.069999933242798,362000
2012-03-28,1.345705270767212,2.049999952316284,2.069999933242798,2.0199999809265137,2.059999942779541,536000
2012-03-29,1.339140772819519,2.0399999618530273,2.049999952316284,2.0199999809265137,2.049999952316284,442000
2012-03-30,1.345705270767212,2.049999952316284,2.069999933242798,2.009999990463257,2.009999990463257,574000
2012-04-02,1.326012134552002,2.0199999809265137,2.0399999618530273,2.0,2.0399999618530273,164000
2012-04-03,1.326012134552002,2.0199999809265137,2.0199999809265137,1.9700000286102295,2.0,536000
2012-04-05,1.326012134552002,2.0199999809265137,2.0299999713897705,1.9900000095367432,2.0,400000
2012-04-10,1.3128831386566162,2.0,2.009999990463257,1.9900000095367432,1.9900000095367432,282000
2012-04-11,1.29975426197052,1.9800000190734863,2.0,1.9600000381469727,1.9900000095367432,904000
2012-04-12,1.29975426197052,1.9800000190734863,2.0,1.9299999475479126,1.9299999475479126,464000
2012-04-13,1.326012134552002,2.0199999809265137,2.0199999809265137,1.9900000095367432,1.9900000095367432,546000
2012-04-16,1.29975426197052,1.9800000190734863,2.0,1.940000057220459,1.940000057220459,412000
2012-04-17,1.29975426197052,1.9800000190734863,1.9800000190734863,1.9600000381469727,1.9600000381469727,350000
2012-04-18,1.29975426197052,1.9800000190734863,2.0,1.9700000286102295,1.9800000190734863,662000
2012-04-19,1.3063188791275024,1.9900000095367432,2.0,1.9500000476837158,1.9500000476837158,346000
2012-04-20,1.29975426197052,1.9800000190734863,1.9800000190734863,1.9199999570846558,1.9600000381469727,779320
2012-04-23,1.2866257429122925,1.9600000381469727,1.9800000190734863,1.9600000381469727,1.9600000381469727,474000
2012-04-24,1.2734967470169067,1.940000057220459,1.9700000286102295,1.9299999475479126,1.9700000286102295,620000
2012-04-25,1.2734967470169067,1.940000057220459,1.9500000476837158,1.940000057220459,1.9500000476837158,124000
2012-04-26,1.2669321298599243,1.9299999475479126,1.9500000476837158,1.899999976158142,1.940000057220459,607200
2012-04-27,1.2669321298599243,1.9299999475479126,1.940000057220459,1.909999966621399,1.9299999475479126,352000
2012-04-30,1.2669321298599243,1.9299999475479126,1.9500000476837158,1.9299999475479126,1.9500000476837158,150000
2012-05-02,1.2800610065460205,1.9500000476837158,1.9500000476837158,1.9199999570846558,1.9299999475479126,616000
2012-05-03,1.2669321298599243,1.9299999475479126,1.9700000286102295,1.9199999570846558,1.9600000381469727,690000
2012-05-04,1.3128831386566162,2.0,2.0199999809265137,1.9500000476837158,1.9500000476837158,2572000
2012-05-07,1.29975426197052,1.9800000190734863,2.0299999713897705,1.940000057220459,2.0299999713897705,1388000
2012-05-08,1.3128831386566162,2.0,2.0,1.9500000476837158,1.9500000476837158,1098000
2012-05-09,1.2866257429122925,1.9600000381469727,1.9900000095367432,1.9500000476837158,1.9600000381469727,698900
2012-05-10,1.2669321298599243,1.9299999475479126,1.9500000476837158,1.9199999570846558,1.940000057220459,528900
2012-05-11,1.2603679895401,1.9199999570846558,1.9500000476837158,1.899999976158142,1.909999966621399,1136900
2012-05-14,1.2406747341156006,1.8899999856948853,1.9199999570846558,1.8899999856948853,1.909999966621399,1072000
2012-05-15,1.2341101169586182,1.8799999952316284,1.8799999952316284,1.850000023841858,1.850000023841858,1134000
2012-05-16,1.1804533004760742,1.7599999904632568,1.850000023841858,1.7599999904632568,1.850000023841858,1186000
2012-05-17,1.1938674449920654,1.7799999713897705,1.7899999618530273,1.75,1.7599999904632568,578000
2012-05-18,1.173746109008789,1.75,1.7999999523162842,1.7300000190734863,1.7300000190734863,682000
2012-05-21,1.1804533004760742,1.7599999904632568,1.7599999904632568,1.75,1.75,108100
2012-05-22,1.2005746364593506,1.7899999618530273,1.8300000429153442,1.7699999809265137,1.8200000524520874,252000
2012-05-23,1.1871602535247803,1.7699999809265137,1.7999999523162842,1.75,1.7999999523162842,356000
2012-05-24,1.2005746364593506,1.7899999618530273,1.7999999523162842,1.75,1.75,218000
2012-05-25,1.2542316913604736,1.8700000047683716,1.9199999570846558,1.7400000095367432,1.7400000095367432,1620000
2012-05-28,1.281059980392456,1.909999966621399,1.9199999570846558,1.8600000143051147,1.8600000143051147,1156000
2012-05-29,1.281059980392456,1.909999966621399,1.940000057220459,1.899999976158142,1.940000057220459,428000
2012-05-30,1.2676457166671753,1.8899999856948853,1.9199999570846558,1.8899999856948853,1.909999966621399,386000
2012-05-31,1.2743529081344604,1.899999976158142,1.899999976158142,1.8799999952316284,1.8899999856948853,376000
2012-06-01,1.2676457166671753,1.8899999856948853,1.899999976158142,1.8799999952316284,1.8799999952316284,702680
2012-06-04,1.2408174276351929,1.850000023841858,1.8799999952316284,1.809999942779541,1.809999942779541,460000
2012-06-05,1.2408174276351929,1.850000023841858,1.850000023841858,1.850000023841858,1.850000023841858,20000
2012-06-06,1.247524619102478,1.8600000143051147,1.8899999856948853,1.8200000524520874,1.850000023841858,414000
2012-06-07,1.2542316913604736,1.8700000047683716,1.899999976158142,1.850000023841858,1.8600000143051147,276000
2012-06-08,1.2542316913604736,1.8700000047683716,1.8899999856948853,1.8700000047683716,1.8799999952316284,63000
2012-06-11,1.281059980392456,1.909999966621399,1.9199999570846558,1.8799999952316284,1.8799999952316284,378000
2012-06-12,1.220695972442627,1.8200000524520874,1.8799999952316284,1.8200000524520874,1.8799999952316284,522000
2012-06-13,1.2542316913604736,1.8700000047683716,1.8799999952316284,1.8600000143051147,1.8799999952316284,232000
2012-06-14,1.2408174276351929,1.850000023841858,1.8600000143051147,1.850000023841858,1.8600000143051147,186000
2012-06-15,1.281059980392456,1.909999966621399,1.909999966621399,1.8300000429153442,1.8300000429153442,932000
2012-06-18,1.2609387636184692,1.8799999952316284,1.9299999475479126,1.8799999952316284,1.899999976158142,568000
2012-06-19,1.2743529081344604,1.899999976158142,1.899999976158142,1.8600000143051147,1.8600000143051147,196000
2012-06-20,1.2743529081344604,1.899999976158142,1.9199999570846558,1.8799999952316284,1.8799999952316284,478000
2012-06-21,1.2676457166671753,1.8899999856948853,1.899999976158142,1.8700000047683716,1.8799999952316284,360000
2012-06-22,1.2743529081344604,1.899999976158142,1.899999976158142,1.8600000143051147,1.8899999856948853,452000
2012-06-25,1.2609387636184692,1.8799999952316284,1.909999966621399,1.8799999952316284,1.899999976158142,380000
2012-06-26,1.2542316913604736,1.8700000047683716,1.8700000047683716,1.8300000429153442,1.8300000429153442,246000
2012-06-27,1.247524619102478,1.8600000143051147,1.8700000047683716,1.8600000143051147,1.8700000047683716,144000
2012-06-28,1.2341101169586182,1.840000033378601,1.8600000143051147,1.840000033378601,1.8600000143051147,364000
2012-06-29,1.2341101169586182,1.840000033378601,1.850000023841858,1.8200000524520874,1.8200000524520874,144219
2012-07-03,1.247524619102478,1.8600000143051147,1.8700000047683716,1.8600000143051147,1.8600000143051147,406000
2012-07-04,1.2408174276351929,1.850000023841858,1.8600000143051147,1.840000033378601,1.840000033378601,312000
2012-07-05,1.2408174276351929,1.850000023841858,1.8600000143051147,1.840000033378601,1.850000023841858,308000
2012-07-06,1.2408174276351929,1.850000023841858,1.8600000143051147,1.840000033378601,1.840000033378601,330000
2012-07-09,1.220695972442627,1.8200000524520874,1.850000023841858,1.8200000524520874,1.8300000429153442,366000
2012-07-10,1.2005746364593506,1.7899999618530273,1.8200000524520874,1.7799999713897705,1.8200000524520874,416000
2012-07-11,1.2005746364593506,1.7899999618530273,1.809999942779541,1.7899999618530273,1.7999999523162842,284000
2012-07-12,1.1871602535247803,1.7699999809265137,1.7999999523162842,1.75,1.7599999904632568,496000
2012-07-13,1.1804533004760742,1.7599999904632568,1.7999999523162842,1.75,1.7999999523162842,739388
2012-07-16,1.220695972442627,1.8200000524520874,1.8200000524520874,1.7799999713897705,1.7799999713897705,154000
2012-07-17,1.2341101169586182,1.840000033378601,1.8799999952316284,1.7799999713897705,1.7999999523162842,1062000
2012-07-18,1.2005746364593506,1.7899999618530273,1.840000033378601,1.75,1.7799999713897705,224000
2012-07-19,1.2072815895080566,1.7999999523162842,1.809999942779541,1.75,1.7599999904632568,262000
2012-07-20,1.2005746364593506,1.7899999618530273,1.7899999618530273,1.7599999904632568,1.7599999904632568,16000
2012-07-23,1.1938674449920654,1.7799999713897705,1.7899999618530273,1.7599999904632568,1.7899999618530273,394000
2012-07-24,1.173746109008789,1.75,1.75,1.7400000095367432,1.75,288000
2012-07-25,1.1804533004760742,1.7599999904632568,1.7899999618530273,1.75,1.75,370000
2012-07-26,1.1670390367507935,1.7400000095367432,1.7899999618530273,1.7300000190734863,1.7899999618530273,202000
2012-07-27,1.1603319644927979,1.7300000190734863,1.75,1.6799999475479126,1.7100000381469727,158000
2012-07-30,1.1871602535247803,1.7699999809265137,1.7899999618530273,1.7200000286102295,1.7300000190734863,236000
2012-07-31,1.1804533004760742,1.7599999904632568,1.7899999618530273,1.7599999904632568,1.7899999618530273,86000
2012-08-01,1.2005746364593506,1.7899999618530273,1.7999999523162842,1.7699999809265137,1.7699999809265137,58000
2012-08-02,1.2139889001846313,1.809999942779541,1.8200000524520874,1.7899999618530273,1.7899999618530273,252000
2012-08-03,1.1938674449920654,1.7799999713897705,1.8200000524520874,1.7799999713897705,1.809999942779541,176000
2012-08-06,1.2139889001846313,1.809999942779541,1.8200000524520874,1.7799999713897705,1.8200000524520874,288000
2012-08-07,1.2139889001846313,1.809999942779541,1.8200000524520874,1.7699999809265137,1.7799999713897705,182000
2012-08-08,1.2139889001846313,1.809999942779541,1.8200000524520874,1.7899999618530273,1.7899999618530273,270000
2012-08-09,1.2274032831192017,1.8300000429153442,1.8700000047683716,1.7899999618530273,1.809999942779541,818000
2012-08-10,1.2139889001846313,1.809999942779541,1.809999942779541,1.7999999523162842,1.7999999523162842,84000
2012-08-13,1.2072815895080566,1.7999999523162842,1.8300000429153442,1.7799999713897705,1.8300000429153442,318000
2012-08-14,1.2072815895080566,1.7999999523162842,1.8300000429153442,1.7899999618530273,1.7999999523162842,182000
2012-08-15,1.2072815895080566,1.7999999523162842,1.8200000524520874,1.7999999523162842,1.8200000524520874,60000
2012-08-16,1.1871602535247803,1.7699999809265137,1.7999999523162842,1.7599999904632568,1.7899999618530273,210000
2012-08-17,1.1938674449920654,1.7799999713897705,1.7799999713897705,1.7699999809265137,1.7799999713897705,52000
2012-08-20,1.1938674449920654,1.7799999713897705,1.809999942779541,1.75,1.75,164000
2012-08-21,1.1938674449920654,1.7799999713897705,1.8200000524520874,1.7599999904632568,1.7599999904632568,368000
2012-08-22,1.2072815895080566,1.7999999523162842,1.8200000524520874,1.7699999809265137,1.7799999713897705,380000
2012-08-23,1.2408174276351929,1.850000023841858,1.850000023841858,1.7799999713897705,1.7799999713897705,500000
2012-08-24,1.2072815895080566,1.7999999523162842,1.8200000524520874,1.7699999809265137,1.7699999809265137,346000
2012-08-27,1.1938674449920654,1.7799999713897705,1.7899999618530273,1.7699999809265137,1.7699999809265137,180000
2012-08-28,1.1938674449920654,1.7799999713897705,1.7799999713897705,1.7699999809265137,1.7799999713897705,182000
2012-08-29,1.2005746364593506,1.7899999618530273,1.7899999618530273,1.7799999713897705,1.7799999713897705,92000
2012-08-30,1.1871602535247803,1.7699999809265137,1.7899999618530273,1.75,1.7899999618530273,842000
2012-08-31,1.140210509300232,1.7000000476837158,1.7699999809265137,1.6399999856948853,1.7699999809265137,1688000
2012-09-03,1.0932607650756836,1.6299999952316284,1.659999966621399,1.6200000047683716,1.649999976158142,2850000
2012-09-04,1.0932607650756836,1.6299999952316284,1.6399999856948853,1.6200000047683716,1.6299999952316284,742000
2012-09-05,1.0865535736083984,1.6200000047683716,1.6200000047683716,1.5299999713897705,1.600000023841858,1414000
2012-09-06,1.0865535736083984,1.6200000047683716,1.6299999952316284,1.5800000429153442,1.600000023841858,792000
2012-09-07,1.1133818626403809,1.659999966621399,1.659999966621399,1.5800000429153442,1.5800000429153442,1888000
2012-09-10,1.1066750288009644,1.649999976158142,1.659999966621399,1.6100000143051147,1.649999976158142,564000
2012-09-11,1.0999679565429688,1.6399999856948853,1.649999976158142,1.6299999952316284,1.649999976158142,418000
2012-09-12,1.1066750288009644,1.649999976158142,1.6699999570846558,1.6399999856948853,1.6399999856948853,900000
2012-09-13,1.1133818626403809,1.659999966621399,1.659999966621399,1.649999976158142,1.649999976158142,34000
2012-09-14,1.140210509300232,1.7000000476837158,1.7100000381469727,1.659999966621399,1.6699999570846558,1188000
2012-09-17,1.1066750288009644,1.649999976158142,1.7100000381469727,1.649999976158142,1.7000000476837158,686000
2012-09-18,1.1267963647842407,1.6799999475479126,1.7300000190734863,1.6299999952316284,1.6399999856948853,604000
2012-09-19,1.1335034370422363,1.690000057220459,1.690000057220459,1.649999976158142,1.649999976158142,626000
2012-09-20,1.1066750288009644,1.649999976158142,1.690000057220459,1.649999976158142,1.690000057220459,376000
2012-09-21,1.1133818626403809,1.659999966621399,1.690000057220459,1.600000023841858,1.649999976158142,962000
2012-09-24,1.1066750288009644,1.649999976158142,1.6699999570846558,1.6299999952316284,1.6699999570846558,228000
2012-09-25,1.1066750288009644,1.649999976158142,1.659999966621399,1.6399999856948853,1.659999966621399,124000
2012-09-26,1.0932607650756836,1.6299999952316284,1.649999976158142,1.6299999952316284,1.649999976158142,356000
2012-09-27,1.1066750288009644,1.649999976158142,1.6699999570846558,1.6299999952316284,1.6299999952316284,184000
2012-09-28,1.1267963647842407,1.6799999475479126,1.6799999475479126,1.6399999856948853,1.6399999856948853,244000
2012-10-03,1.1267963647842407,1.6799999475479126,1.6799999475479126,1.649999976158142,1.649999976158142,94000
2012-10-04,1.1066750288009644,1.649999976158142,1.6799999475479126,1.6299999952316284,1.649999976158142,268000
2012-10-05,1.1267963647842407,1.6799999475479126,1.6799999475479126,1.6399999856948853,1.6399999856948853,132000
2012-10-08,1.1066750288009644,1.649999976158142,1.6799999475479126,1.649999976158142,1.6799999475479126,300000
2012-10-09,1.1335034370422363,1.690000057220459,1.7000000476837158,1.6399999856948853,1.6399999856948853,1020000
2012-10-10,1.1267963647842407,1.6799999475479126,1.690000057220459,1.659999966621399,1.659999966621399,172000
2012-10-11,1.1335034370422363,1.690000057220459,1.7200000286102295,1.6399999856948853,1.6399999856948853,1262000
2012-10-12,1.140210509300232,1.7000000476837158,1.7200000286102295,1.6699999570846558,1.6699999570846558,592000
2012-10-15,1.1804533004760742,1.7599999904632568,1.7599999904632568,1.7000000476837158,1.7000000476837158,1344000
2012-10-16,1.1938674449920654,1.7799999713897705,1.7799999713897705,1.7200000286102295,1.7699999809265137,714000
2012-10-17,1.220695972442627,1.8200000524520874,1.8200000524520874,1.7599999904632568,1.7599999904632568,886000
2012-10-18,1.2274032831192017,1.8300000429153442,1.840000033378601,1.7899999618530273,1.7899999618530273,600000
2012-10-19,1.1938674449920654,1.7799999713897705,1.8200000524520874,1.7799999713897705,1.7999999523162842,382000
2012-10-22,1.2139889001846313,1.809999942779541,1.8200000524520874,1.7699999809265137,1.7699999809265137,734000
2012-10-24,1.2609387636184692,1.8799999952316284,1.899999976158142,1.7799999713897705,1.7799999713897705,2384000
2012-10-25,1.2341101169586182,1.840000033378601,1.9199999570846558,1.8300000429153442,1.8799999952316284,1734000
2012-10-26,1.2341101169586182,1.840000033378601,1.8700000047683716,1.7899999618530273,1.8300000429153442,958000
2012-10-29,1.2072815895080566,1.7999999523162842,1.840000033378601,1.7400000095367432,1.840000033378601,468000
2012-10-30,1.2005746364593506,1.7899999618530273,1.8300000429153442,1.7799999713897705,1.8200000524520874,94000
2012-10-31,1.2139889001846313,1.809999942779541,1.809999942779541,1.7799999713897705,1.809999942779541,594000
2012-11-01,1.247524619102478,1.8600000143051147,1.8600000143051147,1.7899999618530273,1.7899999618530273,451875
2012-11-02,1.2542316913604736,1.8700000047683716,1.8799999952316284,1.850000023841858,1.850000023841858,2040000
2012-11-05,1.247524619102478,1.8600000143051147,1.8600000143051147,1.850000023841858,1.850000023841858,658000
2012-11-06,1.247524619102478,1.8600000143051147,1.8700000047683716,1.7999999523162842,1.850000023841858,1528000
2012-11-07,1.247524619102478,1.8600000143051147,1.8600000143051147,1.8300000429153442,1.8300000429153442,646000
2012-11-08,1.2341101169586182,1.840000033378601,1.8799999952316284,1.8200000524520874,1.850000023841858,1608000
2012-11-09,1.2139889001846313,1.809999942779541,1.8300000429153442,1.7999999523162842,1.8200000524520874,840000
2012-11-12,1.2408174276351929,1.850000023841858,1.9199999570846558,1.809999942779541,1.809999942779541,982000
2012-11-13,1.2274032831192017,1.8300000429153442,1.8700000047683716,1.809999942779541,1.8700000047683716,702000
2012-11-14,1.2072815895080566,1.7999999523162842,1.8300000429153442,1.7899999618530273,1.8300000429153442,1372000
2012-11-15,1.220695972442627,1.8200000524520874,1.8200000524520874,1.7899999618530273,1.7999999523162842,470000
2012-11-16,1.2341101169586182,1.840000033378601,1.8799999952316284,1.8200000524520874,1.8200000524520874,920000
2012-11-19,1.2408174276351929,1.850000023841858,1.8600000143051147,1.8200000524520874,1.8600000143051147,600000
2012-11-20,1.2274032831192017,1.8300000429153442,1.8700000047683716,1.8300000429153442,1.8600000143051147,844000
2012-11-21,1.2341101169586182,1.840000033378601,1.840000033378601,1.8300000429153442,1.8300000429153442,88000
2012-11-22,1.220695972442627,1.8200000524520874,1.850000023841858,1.809999942779541,1.850000023841858,468000
2012-11-23,1.2139889001846313,1.809999942779541,1.850000023841858,1.7999999523162842,1.8300000429153442,1056000
2012-11-26,1.2274032831192017,1.8300000429153442,1.8300000429153442,1.8200000524520874,1.8200000524520874,228000
2012-11-27,1.2072815895080566,1.7999999523162842,1.840000033378601,1.7899999618530273,1.8300000429153442,988000
2012-11-28,1.2005746364593506,1.7899999618530273,1.809999942779541,1.7699999809265137,1.7799999713897705,820000
2012-11-29,1.2139889001846313,1.809999942779541,1.8200000524520874,1.7999999523162842,1.7999999523162842,162000
2012-11-30,1.2274032831192017,1.8300000429153442,1.8300000429153442,1.7999999523162842,1.8200000524520874,562000
2012-12-03,1.2274032831192017,1.8300000429153442,1.840000033378601,1.809999942779541,1.8200000524520874,1416000
2012-12-04,1.2274032831192017,1.8300000429153442,1.840000033378601,1.809999942779541,1.840000033378601,256000
2012-12-05,1.247524619102478,1.8600000143051147,1.8799999952316284,1.7999999523162842,1.7999999523162842,1376000
2012-12-06,1.2341101169586182,1.840000033378601,1.9199999570846558,1.8300000429153442,1.8600000143051147,2182000
2012-12-07,1.247524619102478,1.8600000143051147,1.8600000143051147,1.8300000429153442,1.850000023841858,760000
2012-12-10,1.2676457166671753,1.8899999856948853,1.909999966621399,1.8799999952316284,1.909999966621399,1146000
2012-12-11,1.2676457166671753,1.8899999856948853,1.899999976158142,1.8700000047683716,1.8799999952316284,994000
2012-12-12,1.281059980392456,1.909999966621399,1.9199999570846558,1.8799999952316284,1.8899999856948853,1560000
2012-12-13,1.281059980392456,1.909999966621399,1.9299999475479126,1.8899999856948853,1.9299999475479126,726000
2012-12-14,1.2944743633270264,1.9299999475479126,1.9500000476837158,1.8799999952316284,1.8799999952316284,1674000
2012-12-17,1.3078885078430176,1.9500000476837158,1.9500000476837158,1.909999966621399,1.909999966621399,620000
2012-12-18,1.3145958185195923,1.9600000381469727,1.9700000286102295,1.9199999570846558,1.9500000476837158,1022000
2012-12-19,1.3145958185195923,1.9600000381469727,1.9800000190734863,1.9500000476837158,1.9800000190734863,1062000
2012-12-20,1.3145958185195923,1.9600000381469727,1.9700000286102295,1.940000057220459,1.9600000381469727,440000
2012-12-21,1.334717035293579,1.9900000095367432,2.009999990463257,1.940000057220459,1.940000057220459,2126000
2012-12-24,1.3280099630355835,1.9800000190734863,2.0,1.9800000190734863,1.9900000095367432,112000
2012-12-27,1.321302890777588,1.9700000286102295,1.9900000095367432,1.9600000381469727,1.9600000381469727,888000
2012-12-28,1.3414239883422852,2.0,2.009999990463257,1.9700000286102295,2.0,602000
2012-12-31,1.3749597072601318,2.049999952316284,2.049999952316284,2.0,2.0,460000
2013-01-02,1.408495306968689,2.0999999046325684,2.130000114440918,2.049999952316284,2.049999952316284,3284000
2013-01-03,1.4152024984359741,2.109999895095825,2.200000047683716,2.109999895095825,2.200000047683716,2022000
2013-01-04,1.4152024984359741,2.109999895095825,2.140000104904175,2.059999942779541,2.140000104904175,1448000
2013-01-07,1.4286166429519653,2.130000114440918,2.140000104904175,2.0799999237060547,2.0999999046325684,1150000
2013-01-08,1.4017879962921143,2.0899999141693115,2.140000104904175,2.0899999141693115,2.119999885559082,2286000
2013-01-09,1.4420310258865356,2.1500000953674316,2.1500000953674316,2.0899999141693115,2.0899999141693115,1015015
2013-01-10,1.408495306968689,2.0999999046325684,2.180000066757202,2.0999999046325684,2.140000104904175,1698000
2013-01-11,1.3883739709854126,2.069999933242798,2.119999885559082,2.059999942779541,2.109999895095825,1682000
2013-01-14,1.4688596725463867,2.190000057220459,2.190000057220459,2.0799999237060547,2.0799999237060547,1850000
2013-01-15,1.6030017137527466,2.390000104904175,2.450000047683716,2.200000047683716,2.2200000286102295,19452000
2013-01-16,1.6030017137527466,2.390000104904175,2.4600000381469727,2.3499999046325684,2.450000047683716,8438000
2013-01-17,1.569466471672058,2.3399999141693115,2.390000104904175,2.299999952316284,2.380000114440918,3272000
2013-01-18,1.616416096687317,2.4100000858306885,2.5,2.3399999141693115,2.3399999141693115,8146000
2013-01-21,1.6097090244293213,2.4000000953674316,2.430000066757202,2.369999885559082,2.4200000762939453,1974000
2013-01-22,1.6030017137527466,2.390000104904175,2.4100000858306885,2.3499999046325684,2.4000000953674316,2100000
2013-01-23,1.6030017137527466,2.390000104904175,2.440000057220459,2.3399999141693115,2.359999895095825,2948000
2013-01-24,1.6700732707977295,2.490000009536743,2.5,2.369999885559082,2.390000104904175,4926000
2013-01-25,1.5828801393508911,2.359999895095825,2.5199999809265137,2.3399999141693115,2.5,3444000
2013-01-28,1.5895875692367554,2.369999885559082,2.4000000953674316,2.359999895095825,2.4000000953674316,1166317
2013-01-29,1.6365375518798828,2.440000057220459,2.440000057220459,2.3499999046325684,2.3499999046325684,2478000
2013-01-30,1.616416096687317,2.4100000858306885,2.430000066757202,2.369999885559082,2.4100000858306885,848000
2013-01-31,1.6097090244293213,2.4000000953674316,2.4100000858306885,2.369999885559082,2.369999885559082,1076000
2013-02-01,1.623123049736023,2.4200000762939453,2.450000047683716,2.369999885559082,2.380000114440918,3012000
2013-02-04,1.6298305988311768,2.430000066757202,2.440000057220459,2.369999885559082,2.4200000762939453,2156000
2013-02-05,1.6030017137527466,2.390000104904175,2.4100000858306885,2.359999895095825,2.4100000858306885,1644000
2013-02-06,1.616416096687317,2.4100000858306885,2.450000047683716,2.390000104904175,2.390000104904175,1924000
2013-02-07,1.6097090244293213,2.4000000953674316,2.4200000762939453,2.4000000953674316,2.4100000858306885,1620000
2013-02-08,1.6097090244293213,2.4000000953674316,2.4100000858306885,2.359999895095825,2.380000114440918,1280000
2013-02-14,1.6097090244293213,2.4000000953674316,2.4000000953674316,2.380000114440918,2.380000114440918,479000
2013-02-15,1.6097090244293213,2.4000000953674316,2.4200000762939453,2.359999895095825,2.359999895095825,654000
2013-02-18,1.6633659601211548,2.4800000190734863,2.490000009536743,2.4000000953674316,2.4000000953674316,3740000
2013-02-19,1.6298305988311768,2.430000066757202,2.4800000190734863,2.4200000762939453,2.4800000190734863,1642000
2013-02-20,1.8779937028884888,2.799999952316284,2.809999942779541,2.4100000858306885,2.4100000858306885,21755000
2013-02-21,1.9316508769989014,2.880000114440918,2.9200000762939453,2.680000066757202,2.7699999809265137,23530000
2013-02-22,1.8511652946472168,2.759999990463257,2.890000104904175,2.7300000190734863,2.859999895095825,9016000
2013-02-25,2.012136697769165,3.0,3.069999933242798,2.7899999618530273,2.7899999618530273,26020000
2013-02-26,1.9584792852401733,2.9200000762939453,3.119999885559082,2.880000114440918,3.009999990463257,22906000
2013-02-27,2.0389647483825684,3.0399999618530273,3.109999895095825,2.9200000762939453,2.9200000762939453,15824000
2013-02-28,2.0456719398498535,3.049999952316284,3.119999885559082,3.0,3.049999952316284,10406000
2013-03-01,2.3206639289855957,3.4600000381469727,3.5,3.0,3.049999952316284,34984675
2013-03-04,2.394442081451416,3.569999933242798,3.7200000286102295,3.390000104904175,3.4200000762939453,36174000
2013-03-05,2.401149272918701,3.5799999237060547,3.759999990463257,3.4600000381469727,3.569999933242798,21175750
2013-03-06,2.381027936935425,3.549999952316284,3.6700000762939453,3.5,3.640000104904175,10406000
2013-03-07,2.327371120452881,3.4700000286102295,3.559999942779541,3.309999942779541,3.5,15976000
2013-03-08,2.2670068740844727,3.380000114440918,3.5799999237060547,3.3299999237060547,3.490000009536743,7956000
2013-03-11,2.2670068740844727,3.380000114440918,3.5899999141693115,3.3499999046325684,3.4000000953674316,15612000
2013-03-12,2.1462788581848145,3.200000047683716,3.380000114440918,3.059999942779541,3.369999885559082,14130000
2013-03-13,2.065793037414551,3.0799999237060547,3.180000066757202,3.0,3.109999895095825,7672000
2013-03-14,2.179814100265503,3.25,3.25,2.9600000381469727,3.069999933242798,10632000
2013-03-15,2.2133500576019287,3.299999952316284,3.3499999046325684,3.119999885559082,3.2899999618530273,12316000
2013-03-18,2.1663999557495117,3.2300000190734863,3.2799999713897705,3.130000114440918,3.2799999713897705,5372551
2013-03-19,2.079207181930542,3.0999999046325684,3.25,3.0999999046325684,3.200000047683716,3908000
2013-03-20,2.1663999557495117,3.2300000190734863,3.25,3.0999999046325684,3.0999999046325684,5400000
2013-03-21,2.347492218017578,3.5,3.5999999046325684,3.180000066757202,3.180000066757202,22138000
2013-03-22,2.327371120452881,3.4700000286102295,3.559999942779541,3.390000104904175,3.5,8082000
2013-03-25,2.3005425930023193,3.430000066757202,3.6500000953674316,3.4000000953674316,3.440000057220459,12136000
2013-03-26,2.2737135887145996,3.390000104904175,3.430000066757202,3.3299999237060547,3.430000066757202,5024000
2013-03-27,2.2267637252807617,3.319999933242798,3.5,3.299999952316284,3.4000000953674316,5114000
2013-03-28,2.1395716667175293,3.190000057220459,3.2799999713897705,3.1700000762939453,3.2799999713897705,4708000
2013-04-02,1.9584792852401733,2.9200000762939453,3.2300000190734863,2.9100000858306885,3.190000057220459,8898000
2013-04-03,1.8981152772903442,2.8299999237060547,2.9700000286102295,2.799999952316284,2.9100000858306885,5180000
2013-04-05,1.7706798315048218,2.640000104904175,2.799999952316284,2.640000104904175,2.7899999618530273,4932000
2013-04-08,1.8444584608078003,2.75,2.759999990463257,2.5999999046325684,2.619999885559082,4528000
2013-04-09,1.8444584608078003,2.75,2.8399999141693115,2.6600000858306885,2.6600000858306885,3762000
2013-04-10,1.8645797967910767,2.7799999713897705,2.7899999618530273,2.700000047683716,2.75,2920000
2013-04-11,1.918236494064331,2.859999895095825,2.9800000190734863,2.799999952316284,2.799999952316284,7878000
2013-04-12,1.9048223495483398,2.8399999141693115,2.930000066757202,2.8299999237060547,2.859999895095825,3620000
2013-04-15,1.8645797967910767,2.7799999713897705,2.890000104904175,2.759999990463257,2.809999942779541,2256000
2013-04-16,1.8847005367279053,2.809999942779541,2.869999885559082,2.700000047683716,2.700000047683716,2748000
2013-04-17,1.8914079666137695,2.819999933242798,2.950000047683716,2.809999942779541,2.8399999141693115,4288000
2013-04-18,1.9316508769989014,2.880000114440918,2.940000057220459,2.799999952316284,2.799999952316284,4580000
2013-04-19,1.965186357498169,2.930000066757202,2.9600000381469727,2.8499999046325684,2.8499999046325684,3790000
2013-04-22,1.9115294218063354,2.8499999046325684,2.940000057220459,2.819999933242798,2.940000057220459,2586000
2013-04-23,1.8712867498397827,2.7899999618530273,2.869999885559082,2.75,2.8399999141693115,2930000
2013-04-24,1.924943447113037,2.869999885559082,2.9100000858306885,2.799999952316284,2.809999942779541,4286000
2013-04-25,1.8310438394546509,2.7300000190734863,2.9000000953674316,2.700000047683716,2.869999885559082,6480000
2013-04-26,1.8645797967910767,2.7799999713897705,2.809999942779541,2.7300000190734863,2.759999990463257,3698000
2013-04-29,1.8042151927947998,2.690000057220459,2.7699999809265137,2.690000057220459,2.7200000286102295,2848000
2013-04-30,1.837750792503357,2.740000009536743,2.740000009536743,2.6600000858306885,2.680000066757202,2606000
2013-05-02,1.9115294218063354,2.8499999046325684,2.859999895095825,2.7200000286102295,2.740000009536743,5010000
2013-05-03,1.8712867498397827,2.7899999618530273,2.930000066757202,2.7799999713897705,2.880000114440918,4310000
2013-05-06,1.9987218379974365,2.9800000190734863,2.9800000190734863,2.7899999618530273,2.8399999141693115,5838000
2013-05-07,2.126157283782959,3.1700000762939453,3.2100000381469727,2.9800000190734863,3.0199999809265137,12438000
2013-05-08,2.119450092315674,3.1600000858306885,3.2100000381469727,3.0899999141693115,3.1700000762939453,3926000
2013-05-09,2.173107147216797,3.240000009536743,3.309999942779541,3.1600000858306885,3.1700000762939453,5554000
2013-05-10,2.1529858112335205,3.2100000381469727,3.2899999618530273,3.1500000953674316,3.240000009536743,2936000
2013-05-13,2.1395716667175293,3.190000057220459,3.25,3.1600000858306885,3.1700000762939453,1826000
2013-05-14,2.0523788928985596,3.059999942779541,3.190000057220459,3.0,3.190000057220459,4354000
2013-05-15,2.119450092315674,3.1600000858306885,3.1600000858306885,3.0399999618530273,3.0399999618530273,2562000
2013-05-16,2.179814100265503,3.25,3.2899999618530273,3.109999895095825,3.109999895095825,4572000
2013-05-20,2.186521530151367,3.259999990463257,3.3399999141693115,3.240000009536743,3.2799999713897705,3492000
2013-05-21,2.220057249069214,3.309999942779541,3.5199999809265137,3.180000066757202,3.2200000286102295,9585947
2013-05-22,2.2066428661346436,3.2899999618530273,3.369999885559082,3.200000047683716,3.309999942779541,4232000
2013-05-23,2.117830276489258,3.0999999046325684,3.2200000286102295,3.0899999141693115,3.1700000762939453,2994000
2013-05-24,2.1451573371887207,3.140000104904175,3.1600000858306885,3.0799999237060547,3.119999885559082,1520000
2013-05-27,2.2339694499969482,3.2699999809265137,3.309999942779541,3.0999999046325684,3.0999999046325684,3272379
2013-05-28,2.254464626312256,3.299999952316284,3.3399999141693115,3.25,3.2899999618530273,3112000
2013-05-29,2.227137804031372,3.259999990463257,3.4000000953674316,3.2300000190734863,3.25,3202000
2013-05-30,2.247633218765259,3.2899999618530273,3.359999895095825,3.240000009536743,3.319999933242798,1962000
2013-05-31,2.3364453315734863,3.4200000762939453,3.4700000286102295,3.25,3.299999952316284,8044970
2013-06-03,2.302286386489868,3.369999885559082,3.4200000762939453,3.299999952316284,3.4000000953674316,3700000
2013-06-04,2.254464626312256,3.299999952316284,3.390000104904175,3.25,3.3499999046325684,2704000
2013-06-05,2.186147451400757,3.200000047683716,3.259999990463257,3.1700000762939453,3.2300000190734863,3004000
2013-06-06,2.124662160873413,3.109999895095825,3.190000057220459,3.0799999237060547,3.190000057220459,1922000
2013-06-07,2.117830276489258,3.0999999046325684,3.140000104904175,3.0399999618530273,3.0799999237060547,2036000
2013-06-10,2.1451573371887207,3.140000104904175,3.180000066757202,3.119999885559082,3.130000114440918,832000
2013-06-11,2.015354633331299,2.950000047683716,3.180000066757202,2.930000066757202,3.140000104904175,1650000
2013-06-13,2.0016915798187256,2.930000066757202,2.940000057220459,2.809999942779541,2.880000114440918,3214000
2013-06-14,1.9743646383285522,2.890000104904175,3.0,2.880000114440918,2.9600000381469727,2760000
2013-06-17,2.0016915798187256,2.930000066757202,2.9800000190734863,2.869999885559082,2.890000104904175,1208000
2013-06-18,2.0631768703460693,3.0199999809265137,3.0199999809265137,2.9100000858306885,2.940000057220459,1902000
2013-06-19,1.9948594570159912,2.9200000762939453,3.0299999713897705,2.9000000953674316,3.0299999713897705,1964000
2013-06-20,1.8582254648208618,2.7200000286102295,2.9000000953674316,2.700000047683716,2.8399999141693115,5834000
2013-06-21,1.8172352313995361,2.6600000858306885,2.7200000286102295,2.630000114440918,2.640000104904175,3096000
2013-06-24,1.776244878768921,2.5999999046325684,2.680000066757202,2.5399999618530273,2.630000114440918,2876000
2013-06-25,1.7625812292099,2.5799999237060547,2.6500000953674316,2.390000104904175,2.5399999618530273,3652000
2013-06-26,1.8308987617492676,2.680000066757202,2.690000057220459,2.5199999809265137,2.5999999046325684,2308000
2013-06-27,1.8923840522766113,2.7699999809265137,2.8499999046325684,2.6500000953674316,2.6500000953674316,6100000
2013-06-28,1.9128786325454712,2.799999952316284,2.819999933242798,2.740000009536743,2.759999990463257,1576000
2013-07-02,1.9333741664886475,2.8299999237060547,2.8499999046325684,2.759999990463257,2.819999933242798,1430000
2013-07-03,1.8992159366607666,2.7799999713897705,2.8399999141693115,2.700000047683716,2.8399999141693115,1072000
2013-07-04,1.8992159366607666,2.7799999713897705,2.819999933242798,2.7200000286102295,2.75,794000
2013-07-05,1.9060473442077637,2.7899999618530273,2.799999952316284,2.75,2.7899999618530273,950001
2013-07-08,1.8787208795547485,2.75,2.759999990463257,2.6500000953674316,2.7200000286102295,704000
2013-07-09,1.8445619344711304,2.700000047683716,2.7799999713897705,2.619999885559082,2.619999885559082,842000
2013-07-10,1.8582254648208618,2.7200000286102295,2.7799999713897705,2.5899999141693115,2.6700000762939453,3002000
2013-07-11,1.9197107553482056,2.809999942779541,2.819999933242798,2.680000066757202,2.680000066757202,1584000
2013-07-12,1.8992159366607666,2.7799999713897705,2.819999933242798,2.75,2.7899999618530273,1444000
2013-07-15,1.9675328731536865,2.880000114440918,2.940000057220459,2.809999942779541,2.809999942779541,3096000
2013-07-16,2.022186279296875,2.9600000381469727,2.9700000286102295,2.819999933242798,2.819999933242798,2636000
2013-07-17,1.9743646383285522,2.890000104904175,2.990000009536743,2.869999885559082,2.9000000953674316,1028160
2013-07-18,1.9743646383285522,2.890000104904175,2.9100000858306885,2.859999895095825,2.859999895095825,668000
2013-07-19,1.9128786325454712,2.799999952316284,2.890000104904175,2.75,2.890000104904175,1174000
2013-07-22,2.0358498096466064,2.9800000190734863,2.9800000190734863,2.759999990463257,2.799999952316284,4214000
2013-07-23,2.1041669845581055,3.0799999237060547,3.119999885559082,2.990000009536743,2.990000009536743,3218000
2013-07-24,2.1724843978881836,3.180000066757202,3.2699999809265137,3.0,3.0999999046325684,6110000
2013-07-25,2.117830276489258,3.0999999046325684,3.2200000286102295,3.0899999141693115,3.1500000953674316,2934000
2013-07-26,2.1109986305236816,3.0899999141693115,3.1700000762939453,3.0299999713897705,3.0299999713897705,1208000
2013-07-29,2.083672046661377,3.049999952316284,3.0999999046325684,3.009999990463257,3.059999942779541,1076000
2013-07-30,2.1041669845581055,3.0799999237060547,3.1500000953674316,3.0199999809265137,3.059999942779541,992000
2013-07-31,2.083672046661377,3.049999952316284,3.1500000953674316,3.0299999713897705,3.0799999237060547,1682000
2013-08-01,2.1656527519226074,3.1700000762939453,3.180000066757202,3.049999952316284,3.059999942779541,2186000
2013-08-02,2.158820629119873,3.1600000858306885,3.200000047683716,3.130000114440918,3.180000066757202,782000
2013-08-05,2.1109986305236816,3.0899999141693115,3.180000066757202,3.0899999141693115,3.180000066757202,1618000
2013-08-06,2.131493330001831,3.119999885559082,3.119999885559082,3.0299999713897705,3.0899999141693115,1116000
2013-08-07,2.117830276489258,3.0999999046325684,3.1500000953674316,3.049999952316284,3.109999895095825,1722000
2013-08-08,2.1109986305236816,3.0899999141693115,3.109999895095825,3.049999952316284,3.0999999046325684,694000
2013-08-09,2.117830276489258,3.0999999046325684,3.0999999046325684,3.049999952316284,3.0899999141693115,608000
2013-08-12,2.1998112201690674,3.2200000286102295,3.299999952316284,3.140000104904175,3.140000104904175,5318000
2013-08-13,2.2339694499969482,3.2699999809265137,3.2899999618530273,3.2200000286102295,3.25,2204000
2013-08-14,2.2339694499969482,3.2699999809265137,3.2699999809265137,3.2699999809265137,3.2699999809265137,0
2013-08-15,2.151988983154297,3.1500000953674316,3.2699999809265137,3.130000114440918,3.200000047683716,1760000
2013-08-16,2.1656527519226074,3.1700000762939453,3.200000047683716,3.0999999046325684,3.109999895095825,1518000
2013-08-19,2.151988983154297,3.1500000953674316,3.1700000762939453,3.109999895095825,3.1500000953674316,598000
2013-08-20,2.0700085163116455,3.0299999713897705,3.130000114440918,3.0199999809265137,3.119999885559082,2006000
2013-08-21,2.0768401622772217,3.0399999618530273,3.059999942779541,2.990000009536743,3.009999990463257,2250000
2013-08-22,2.0631768703460693,3.0199999809265137,3.0399999618530273,2.9800000190734863,3.0,864000
2013-08-23,2.0426814556121826,2.990000009536743,3.0799999237060547,2.9800000190734863,3.059999942779541,858000
2013-08-26,2.0700085163116455,3.0299999713897705,3.0399999618530273,2.990000009536743,2.990000009536743,1134000
2013-08-27,2.022186279296875,2.9600000381469727,3.0,2.950000047683716,3.0,1512000
2013-08-28,1.9811967611312866,2.9000000953674316,2.9700000286102295,2.880000114440918,2.9700000286102295,1222000
2013-08-29,1.9811967611312866,2.9000000953674316,2.950000047683716,2.859999895095825,2.880000114440918,1350000
2013-08-30,1.9265422821044922,2.819999933242798,2.890000104904175,2.7799999713897705,2.869999885559082,3152000
2013-09-02,1.9128786325454712,2.799999952316284,2.8399999141693115,2.799999952316284,2.8299999237060547,1022000
2013-09-03,1.9470375776290894,2.8499999046325684,2.890000104904175,2.799999952316284,2.799999952316284,1078000
2013-09-04,1.9470375776290894,2.8499999046325684,2.869999885559082,2.75,2.8399999141693115,1734000
2013-09-05,1.9607009887695312,2.869999885559082,2.880000114440918,2.759999990463257,2.880000114440918,3312000
2013-09-06,1.9470375776290894,2.8499999046325684,2.9000000953674316,2.819999933242798,2.869999885559082,2506000
2013-09-09,1.9675328731536865,2.880000114440918,2.890000104904175,2.809999942779541,2.8399999141693115,1834000
2013-09-10,2.0085232257843018,2.940000057220459,2.9800000190734863,2.880000114440918,2.890000104904175,2910000
2013-09-11,2.015354633331299,2.950000047683716,2.9800000190734863,2.880000114440918,2.9600000381469727,1428000
2013-09-12,1.9811967611312866,2.9000000953674316,2.940000057220459,2.880000114440918,2.940000057220459,1926000
2013-09-13,1.9538692235946655,2.859999895095825,2.940000057220459,2.8299999237060547,2.9000000953674316,1550000
2013-09-16,1.9470375776290894,2.8499999046325684,2.880000114440918,2.8299999237060547,2.880000114440918,740000
2013-09-17,1.9333741664886475,2.8299999237060547,2.859999895095825,2.819999933242798,2.819999933242798,428000
2013-09-18,1.9538692235946655,2.859999895095825,2.859999895095825,2.819999933242798,2.819999933242798,298000
2013-09-19,1.8992159366607666,2.7799999713897705,2.9000000953674316,2.75,2.890000104904175,3956000
2013-09-23,1.9197107553482056,2.809999942779541,2.880000114440918,2.7699999809265137,2.8299999237060547,1148000
2013-09-24,1.9060473442077637,2.7899999618530273,2.8299999237060547,2.7799999713897705,2.7799999713897705,654000
2013-09-25,1.9470375776290894,2.8499999046325684,2.8499999046325684,2.7899999618530273,2.7899999618530273,462000
2013-09-26,1.9128786325454712,2.799999952316284,2.8299999237060547,2.759999990463257,2.809999942779541,768000
2013-09-27,1.9265422821044922,2.819999933242798,2.8299999237060547,2.799999952316284,2.809999942779541,882000
2013-09-30,1.9197107553482056,2.809999942779541,2.819999933242798,2.7699999809265137,2.809999942779541,1198000
2013-10-02,1.9265422821044922,2.819999933242798,2.8499999046325684,2.7899999618530273,2.809999942779541,1094000
2013-10-03,1.9128786325454712,2.799999952316284,2.819999933242798,2.799999952316284,2.809999942779541,870000
2013-10-04,1.9060473442077637,2.7899999618530273,2.819999933242798,2.7799999713897705,2.799999952316284,1134000
2013-10-07,1.940205693244934,2.8399999141693115,2.890000104904175,2.799999952316284,2.809999942779541,2026000
2013-10-08,2.015354633331299,2.950000047683716,2.9600000381469727,2.8499999046325684,2.8499999046325684,7040000
2013-10-09,2.0631768703460693,3.0199999809265137,3.059999942779541,2.930000066757202,2.930000066757202,6904000
2013-10-10,2.015354633331299,2.950000047683716,3.0199999809265137,2.9200000762939453,3.009999990463257,2116000
2013-10-11,2.049513339996338,3.0,3.0299999713897705,2.950000047683716,2.9700000286102295,3352000
2013-10-15,2.083672046661377,3.049999952316284,3.109999895095825,3.0199999809265137,3.0999999046325684,3468000
2013-10-16,2.056345224380493,3.009999990463257,3.069999933242798,2.9700000286102295,3.0199999809265137,2208000
2013-10-17,2.1656527519226074,3.1700000762939453,3.2300000190734863,3.009999990463257,3.009999990463257,12688000
2013-10-18,2.1656527519226074,3.1700000762939453,3.2100000381469727,3.130000114440918,3.1700000762939453,3332000
2013-10-21,2.2339694499969482,3.2699999809265137,3.2899999618530273,3.1700000762939453,3.200000047683716,7862000
2013-10-22,2.220306158065796,3.25,3.390000104904175,3.2300000190734863,3.2300000190734863,9932000
2013-10-23,2.1383259296417236,3.130000114440918,3.2799999713897705,3.119999885559082,3.2300000190734863,5564000
2013-10-24,2.124662160873413,3.109999895095825,3.1600000858306885,3.0799999237060547,3.0999999046325684,2506000
2013-10-25,2.1656527519226074,3.1700000762939453,3.180000066757202,3.109999895095825,3.140000104904175,3762000
2013-10-28,2.1451573371887207,3.140000104904175,3.1600000858306885,3.119999885559082,3.1500000953674316,1276000
2013-10-29,2.0973353385925293,3.069999933242798,3.200000047683716,3.009999990463257,3.200000047683716,2466000
2013-10-30,2.117830276489258,3.0999999046325684,3.140000104904175,3.0299999713897705,3.109999895095825,1492000
2013-10-31,2.1451573371887207,3.140000104904175,3.1500000953674316,3.059999942779541,3.119999885559082,1260000
2013-11-01,2.1383259296417236,3.130000114440918,3.1500000953674316,3.0999999046325684,3.130000114440918,880000
2013-11-04,2.192979335784912,3.2100000381469727,3.2200000286102295,3.130000114440918,3.140000104904175,6682000
2013-11-05,2.2749598026275635,3.3299999237060547,3.369999885559082,3.180000066757202,3.200000047683716,9626000
2013-11-06,2.2749598026275635,3.3299999237060547,3.380000114440918,3.259999990463257,3.3399999141693115,6444000
2013-11-07,2.227137804031372,3.259999990463257,3.309999942779541,3.2300000190734863,3.2899999618530273,2934000
2013-11-08,2.1724843978881836,3.180000066757202,3.25,3.1700000762939453,3.240000009536743,2124000
2013-11-11,2.1724843978881836,3.180000066757202,3.25,3.1500000953674316,3.2200000286102295,3290000
2013-11-12,2.227137804031372,3.259999990463257,3.2699999809265137,3.1600000858306885,3.180000066757202,1512000
2013-11-13,2.124662160873413,3.109999895095825,3.200000047683716,3.0999999046325684,3.200000047683716,3230000
2013-11-14,2.1724843978881836,3.180000066757202,3.200000047683716,3.0999999046325684,3.0999999046325684,2204000
2013-11-15,2.192979335784912,3.2100000381469727,3.259999990463257,3.190000057220459,3.2100000381469727,4446000
2013-11-18,2.254464626312256,3.299999952316284,3.299999952316284,3.2200000286102295,3.2300000190734863,4752000
2013-11-19,2.247633218765259,3.2899999618530273,3.369999885559082,3.2699999809265137,3.359999895095825,5486000
2013-11-20,2.2749598026275635,3.3299999237060547,3.3299999237060547,3.259999990463257,3.299999952316284,4288000
2013-11-21,2.2408013343811035,3.2799999713897705,3.3299999237060547,3.2699999809265137,3.3299999237060547,2232000
2013-11-22,2.220306158065796,3.25,3.309999942779541,3.2300000190734863,3.299999952316284,1958000
2013-11-25,2.186147451400757,3.200000047683716,3.25,3.180000066757202,3.25,2388000
2013-11-26,2.2134740352630615,3.240000009536743,3.25,3.1500000953674316,3.1600000858306885,2066000
2013-11-27,2.261296510696411,3.309999942779541,3.309999942779541,3.25,3.259999990463257,5238641
2013-11-28,2.2339694499969482,3.2699999809265137,3.309999942779541,3.25,3.309999942779541,1916000
2013-11-29,2.261296510696411,3.309999942779541,3.309999942779541,3.2200000286102295,3.2799999713897705,1642000
2013-12-02,2.2339694499969482,3.2699999809265137,3.319999933242798,3.2300000190734863,3.309999942779541,2612000
2013-12-03,2.2408013343811035,3.2799999713897705,3.2899999618530273,3.240000009536743,3.2699999809265137,1854000
2013-12-04,2.2339694499969482,3.2699999809265137,3.2899999618530273,3.2300000190734863,3.240000009536743,1776000
2013-12-05,2.261296510696411,3.309999942779541,3.3399999141693115,3.25,3.25,2202000
2013-12-06,2.2339694499969482,3.2699999809265137,3.3299999237060547,3.25,3.309999942779541,1490000
2013-12-09,2.2339694499969482,3.2699999809265137,3.309999942779541,3.259999990463257,3.2799999713897705,1118070
2013-12-10,2.7190208435058594,3.9800000190734863,4.03000020980835,3.4700000286102295,3.509999990463257,59432400
2013-12-11,2.7531797885894775,4.03000020980835,4.159999847412109,3.880000114440918,4.0,45106000
2013-12-12,2.643872022628784,3.869999885559082,4.099999904632568,3.8499999046325684,4.0,13406000
2013-12-13,2.732684373855591,4.0,4.070000171661377,3.8299999237060547,3.9000000953674316,8230000
2013-12-16,2.7941701412200928,4.090000152587891,4.199999809265137,4.0,4.0,15761000
2013-12-17,2.664367437362671,3.9000000953674316,4.119999885559082,3.880000114440918,4.099999904632568,7984000
2013-12-18,2.6780307292938232,3.9200000762939453,3.9600000381469727,3.8399999141693115,3.930000066757202,4792000
2013-12-19,2.568723201751709,3.759999990463257,4.0,3.740000009536743,3.940000057220459,6769000
2013-12-20,2.500406265258789,3.6600000858306885,3.809999942779541,3.5999999046325684,3.799999952316284,10795600
2013-12-23,2.5755550861358643,3.7699999809265137,3.819999933242798,3.6700000762939453,3.7100000381469727,4848000
2013-12-24,2.691694498062134,3.940000057220459,3.9600000381469727,3.7699999809265137,3.7699999809265137,5075117
2013-12-27,2.739516019821167,4.010000228881836,4.019999980926514,3.880000114440918,3.930000066757202,7987600
2013-12-30,2.6780307292938232,3.9200000762939453,4.090000152587891,3.9100000858306885,4.050000190734863,5900300
2013-12-31,2.6848623752593994,3.930000066757202,3.950000047683716,3.890000104904175,3.9200000762939453,1632000
2014-01-02,3.005953311920166,4.400000095367432,4.460000038146973,3.9100000858306885,3.9100000858306885,24549000
2014-01-03,2.971794366836548,4.349999904632568,4.400000095367432,4.210000038146973,4.300000190734863,10578647
2014-01-06,2.903477430343628,4.25,4.369999885559082,4.139999866485596,4.300000190734863,7424920
2014-01-07,2.8214967250823975,4.130000114440918,4.25,4.119999885559082,4.199999809265137,3932000
2014-01-08,2.814664840698242,4.119999885559082,4.300000190734863,4.099999904632568,4.150000095367432,7835167
2014-01-09,2.7941701412200928,4.090000152587891,4.210000038146973,4.03000020980835,4.119999885559082,6788923
2014-01-10,2.8214967250823975,4.130000114440918,4.210000038146973,4.039999961853027,4.039999961853027,5926000
2014-01-13,2.7531797885894775,4.03000020980835,4.21999979019165,4.010000228881836,4.119999885559082,4816000
2014-01-14,2.664367437362671,3.9000000953674316,3.9600000381469727,3.8399999141693115,3.950000047683716,6984300
2014-01-15,2.6507041454315186,3.880000114440918,3.950000047683716,3.819999933242798,3.9000000953674316,3486000
2014-01-16,2.6848623752593994,3.930000066757202,3.990000009536743,3.8299999237060547,3.869999885559082,3902000
2014-01-17,2.6575357913970947,3.890000104904175,3.990000009536743,3.8499999046325684,3.9600000381469727,4230000
2014-01-20,2.7258529663085938,3.990000009536743,4.099999904632568,3.940000057220459,3.950000047683716,5878000
2014-01-21,2.6507041454315186,3.880000114440918,4.039999961853027,3.869999885559082,3.990000009536743,3536000
2014-01-22,2.602881908416748,3.809999942779541,3.930000066757202,3.7699999809265137,3.880000114440918,4922000
2014-01-23,2.5550601482391357,3.740000009536743,3.809999942779541,3.690000057220459,3.809999942779541,3819278
2014-01-24,2.520901679992676,3.690000057220459,3.8399999141693115,3.6600000858306885,3.740000009536743,4920000
2014-01-27,2.397930383682251,3.509999990463257,3.630000114440918,3.450000047683716,3.609999895095825,6482000
2014-01-28,2.4457528591156006,3.5799999237060547,3.5899999141693115,3.4800000190734863,3.509999990463257,3282000
2014-01-29,2.425257444381714,3.549999952316284,3.6500000953674316,3.5399999618530273,3.5999999046325684,3250000
2014-01-30,2.425257444381714,3.549999952316284,3.5799999237060547,3.4200000762939453,3.450000047683716,1598000
2014-02-04,2.356940507888794,3.450000047683716,3.549999952316284,3.430000066757202,3.5199999809265137,2114000
2014-02-05,2.3296139240264893,3.4100000858306885,3.509999990463257,3.369999885559082,3.4600000381469727,2470647
2014-02-06,2.363772392272949,3.4600000381469727,3.4800000190734863,3.390000104904175,3.4100000858306885,2374000
2014-02-07,2.4457528591156006,3.5799999237060547,3.609999895095825,3.490000009536743,3.5,3116000
2014-02-10,2.4867429733276367,3.640000104904175,3.7100000381469727,3.5999999046325684,3.630000114440918,3192000
2014-02-11,2.671199083328247,3.9100000858306885,3.9600000381469727,3.6600000858306885,3.6700000762939453,11120000
2014-02-12,2.671199083328247,3.9100000858306885,4.039999961853027,3.8499999046325684,3.9700000286102295,5868000
2014-02-13,2.664367437362671,3.9000000953674316,4.0,3.859999895095825,3.9100000858306885,3542000
2014-02-14,2.7121896743774414,3.9700000286102295,3.990000009536743,3.9000000953674316,3.9000000953674316,2376000
2014-02-17,2.7531797885894775,4.03000020980835,4.079999923706055,3.9800000190734863,4.059999942779541,4196962
2014-02-18,2.7873382568359375,4.079999923706055,4.239999771118164,4.059999942779541,4.110000133514404,9848000
2014-02-19,2.7463481426239014,4.019999980926514,4.110000133514404,4.0,4.079999923706055,3058000
2014-02-20,2.671199083328247,3.9100000858306885,4.019999980926514,3.869999885559082,4.0,3152000
2014-02-21,2.6848623752593994,3.930000066757202,3.990000009536743,3.890000104904175,3.9600000381469727,2972000
2014-02-24,2.739516019821167,4.010000228881836,4.03000020980835,3.930000066757202,3.950000047683716,2107000
2014-02-25,2.609713315963745,3.819999933242798,4.03000020980835,3.809999942779541,4.03000020980835,3544000
2014-02-26,2.705357551574707,3.9600000381469727,3.9700000286102295,3.819999933242798,3.819999933242798,2988000
2014-02-27,2.7190208435058594,3.9800000190734863,4.050000190734863,3.950000047683716,4.03000020980835,3274000
2014-02-28,2.732684373855591,4.0,4.070000171661377,3.9800000190734863,3.9800000190734863,2684000
2014-03-03,2.8214967250823975,4.130000114440918,4.199999809265137,3.9800000190734863,3.9800000190734863,9506300
2014-03-04,2.7941701412200928,4.090000152587891,4.159999847412109,4.039999961853027,4.099999904632568,3486000
2014-03-05,2.780506134033203,4.070000171661377,4.130000114440918,4.03000020980835,4.079999923706055,2266000
2014-03-06,2.9239723682403564,4.28000020980835,4.28000020980835,4.110000133514404,4.130000114440918,12690000
2014-03-07,2.937635898590088,4.300000190734863,4.449999809265137,4.239999771118164,4.309999942779541,13946000
2014-03-10,2.8283286094665527,4.139999866485596,4.320000171661377,4.099999904632568,4.289999961853027,5972000
2014-03-11,2.8488237857818604,4.170000076293945,4.199999809265137,4.099999904632568,4.099999904632568,3964000
2014-03-12,2.766843318939209,4.050000190734863,4.199999809265137,3.9600000381469727,4.099999904632568,5940624
2014-03-13,2.7258529663085938,3.990000009536743,4.079999923706055,3.9600000381469727,4.050000190734863,3532000
2014-03-14,2.609713315963745,3.819999933242798,3.940000057220459,3.740000009536743,3.9000000953674316,5520000
2014-03-17,2.739516019821167,4.010000228881836,4.070000171661377,3.740000009536743,3.809999942779541,4248000
2014-03-18,2.7531797885894775,4.03000020980835,4.070000171661377,3.869999885559082,4.010000228881836,3016000
2014-03-19,2.7190208435058594,3.9800000190734863,4.03000020980835,3.9000000953674316,4.03000020980835,1078000
2014-03-20,2.705357551574707,3.9600000381469727,4.019999980926514,3.9100000858306885,4.019999980926514,1118000
2014-03-21,2.7258529663085938,3.990000009536743,4.050000190734863,3.859999895095825,3.940000057220459,3580000
2014-03-24,2.698525905609131,3.950000047683716,4.019999980926514,3.9200000762939453,4.0,2188000
2014-03-25,2.6165452003479004,3.8299999237060547,3.9600000381469727,3.799999952316284,3.930000066757202,2540300
2014-03-26,2.609713315963745,3.819999933242798,3.8499999046325684,3.7699999809265137,3.809999942779541,950000
2014-03-27,2.5072379112243652,3.6700000762939453,3.819999933242798,3.619999885559082,3.819999933242798,2870000
2014-03-28,2.596050262451172,3.799999952316284,3.8399999141693115,3.7100000381469727,3.7300000190734863,1914000
2014-03-31,2.520901679992676,3.690000057220459,3.799999952316284,3.6600000858306885,3.799999952316284,2544000
2014-04-01,2.5823867321014404,3.7799999713897705,3.819999933242798,3.700000047683716,3.700000047683716,1592000
2014-04-02,2.6848623752593994,3.930000066757202,3.950000047683716,3.759999990463257,3.759999990463257,3816000
2014-04-03,2.630208969116211,3.8499999046325684,3.9800000190734863,3.8499999046325684,3.950000047683716,2052000
2014-04-04,2.6575357913970947,3.890000104904175,3.930000066757202,3.819999933242798,3.8499999046325684,2220000
2014-04-07,2.5550601482391357,3.740000009536743,3.880000114440918,3.740000009536743,3.8299999237060547,1402000
2014-04-08,2.534564733505249,3.7100000381469727,3.7699999809265137,3.6700000762939453,3.7200000286102295,2728000
2014-04-09,2.5823867321014404,3.7799999713897705,3.799999952316284,3.690000057220459,3.7200000286102295,1460000
2014-04-10,3.2928848266601562,4.820000171661377,4.849999904632568,3.7300000190734863,3.7899999618530273,54214000
2014-04-11,3.108428716659546,4.550000190734863,5.199999809265137,4.460000038146973,5.0,59606800
2014-04-14,3.245063066482544,4.75,4.960000038146973,4.5,4.5,21172000
2014-04-15,3.0196166038513184,4.420000076293945,4.75,4.400000095367432,4.75,9760000
2014-04-16,3.0401110649108887,4.449999809265137,4.559999942779541,4.400000095367432,4.480000019073486,6104000
2014-04-17,2.978626251220703,4.360000133514404,4.510000228881836,4.309999942779541,4.5,5396000
2014-04-22,3.0401110649108887,4.449999809265137,4.519999980926514,4.260000228881836,4.260000228881836,4996000
2014-04-23,3.012784481048584,4.409999847412109,4.550000190734863,4.360000133514404,4.489999771118164,4504000
2014-04-24,2.9512994289398193,4.320000171661377,4.440000057220459,4.320000171661377,4.429999828338623,1900000
2014-04-25,2.869318723678589,4.199999809265137,4.360000133514404,4.199999809265137,4.300000190734863,3234000
2014-04-28,2.7190208435058594,3.9800000190734863,4.199999809265137,3.9600000381469727,4.130000114440918,6262000
2014-04-29,2.780506134033203,4.070000171661377,4.070000171661377,3.869999885559082,3.9800000190734863,4733730
2014-04-30,2.807833194732666,4.110000133514404,4.369999885559082,4.03000020980835,4.099999904632568,7715002
2014-05-02,2.8283286094665527,4.139999866485596,4.230000019073486,4.090000152587891,4.090000152587891,2102000
2014-05-05,2.773674488067627,4.059999942779541,4.179999828338623,4.010000228881836,4.150000095367432,3672000
2014-05-07,2.7941701412200928,4.090000152587891,4.159999847412109,3.9800000190734863,4.010000228881836,4341000
2014-05-08,2.698525905609131,3.950000047683716,4.130000114440918,3.9200000762939453,4.130000114440918,2621579
2014-05-09,2.7531797885894775,4.03000020980835,4.059999942779541,3.950000047683716,3.950000047683716,2630000
2014-05-12,2.814664840698242,4.119999885559082,4.159999847412109,3.9700000286102295,4.050000190734863,2286000
2014-05-13,2.8283286094665527,4.139999866485596,4.159999847412109,4.099999904632568,4.150000095367432,1319160
2014-05-14,2.869318723678589,4.199999809265137,4.239999771118164,4.130000114440918,4.159999847412109,2252000
2014-05-15,2.903477430343628,4.25,4.320000171661377,4.199999809265137,4.199999809265137,2404000
2014-05-16,2.814664840698242,4.119999885559082,4.199999809265137,4.099999904632568,4.170000076293945,1726000
2014-05-19,2.773674488067627,4.059999942779541,4.119999885559082,4.019999980926514,4.119999885559082,1714000
2014-05-20,2.773674488067627,4.059999942779541,4.150000095367432,4.050000190734863,4.079999923706055,1766000
2014-05-21,2.7941701412200928,4.090000152587891,4.099999904632568,4.0,4.019999980926514,1286000
2014-05-22,2.876150608062744,4.210000038146973,4.25,4.090000152587891,4.099999904632568,4284000
2014-05-23,2.8624868392944336,4.190000057220459,4.260000228881836,4.150000095367432,4.210000038146973,2680000
2014-05-26,2.855654716491699,4.179999828338623,4.21999979019165,4.139999866485596,4.190000057220459,1862000
2014-05-27,2.841991662979126,4.159999847412109,4.230000019073486,4.139999866485596,4.139999866485596,870000
2014-05-28,2.9171407222747803,4.269999980926514,4.329999923706055,4.159999847412109,4.159999847412109,4738000
2014-05-29,2.855654716491699,4.179999828338623,4.269999980926514,4.170000076293945,4.260000228881836,1888000
2014-05-30,2.8966453075408936,4.239999771118164,4.340000152587891,4.170000076293945,4.199999809265137,4036000
2014-06-03,2.8898138999938965,4.230000019073486,4.300000190734863,4.230000019073486,4.239999771118164,2992000
2014-06-04,2.8898138999938965,4.230000019073486,4.25,4.190000057220459,4.25,2132000
2014-06-05,2.9239723682403564,4.28000020980835,4.289999961853027,4.210000038146973,4.210000038146973,1096000
2014-06-06,2.9512994289398193,4.320000171661377,4.360000133514404,4.269999980926514,4.309999942779541,3636000
2014-06-09,3.000858783721924,4.289999961853027,4.320000171661377,4.230000019073486,4.260000228881836,2452000
2014-06-10,3.0987887382507324,4.429999828338623,4.460000038146973,4.28000020980835,4.289999961853027,4784318
2014-06-11,3.322629451751709,4.75,4.809999942779541,4.409999847412109,4.429999828338623,18330000
2014-06-12,3.357604503631592,4.800000190734863,4.809999942779541,4.610000133514404,4.739999771118164,13032000
2014-06-13,3.357604503631592,4.800000190734863,4.989999771118164,4.710000038146973,4.75,17985758
2014-06-16,3.553464651107788,5.079999923706055,5.130000114440918,4.800000190734863,4.800000190734863,16854000
2014-06-17,3.406569480895996,4.869999885559082,5.099999904632568,4.840000152587891,5.050000190734863,11886000
2014-06-18,3.4205591678619385,4.889999866485596,5.010000228881836,4.869999885559082,4.869999885559082,7222000
2014-06-19,3.378589630126953,4.829999923706055,4.960000038146973,4.800000190734863,4.929999828338623,4542000
2014-06-20,3.413564682006836,4.880000114440918,4.920000076293945,4.820000171661377,4.849999904632568,3853364
2014-06-23,3.553464651107788,5.079999923706055,5.210000038146973,4.880000114440918,4.880000114440918,15888000
2014-06-24,3.581444501876831,5.119999885559082,5.170000076293945,5.0,5.130000114440918,7072136
2014-06-25,3.5464701652526855,5.070000171661377,5.190000057220459,5.059999942779541,5.119999885559082,3075226
2014-06-26,3.581444501876831,5.119999885559082,5.159999847412109,5.050000190734863,5.070000171661377,1904000
2014-06-27,3.497504472732544,5.0,5.130000114440918,4.940000057220459,5.130000114440918,5176000
2014-06-30,3.4485394954681396,4.929999828338623,5.050000190734863,4.849999904632568,5.0,4048322
2014-07-02,3.5674545764923096,5.099999904632568,5.110000133514404,4.940000057220459,4.940000057220459,4810556
2014-07-03,3.5744495391845703,5.110000133514404,5.159999847412109,5.03000020980835,5.090000152587891,2966036
2014-07-04,3.5674545764923096,5.099999904632568,5.190000057220459,5.03000020980835,5.110000133514404,2606000
2014-07-07,3.70735502243042,5.300000190734863,5.309999942779541,5.070000171661377,5.070000171661377,6134000
2014-07-08,3.6863701343536377,5.269999980926514,5.320000171661377,5.199999809265137,5.289999961853027,3764862
2014-07-09,3.609424591064453,5.159999847412109,5.28000020980835,5.090000152587891,5.230000019073486,4496300
2014-07-10,3.7493247985839844,5.360000133514404,5.369999885559082,5.159999847412109,5.210000038146973,5744000
2014-07-11,3.7423298358917236,5.349999904632568,5.53000020980835,5.28000020980835,5.28000020980835,8625604
2014-07-14,4.0081400871276855,5.730000019073486,5.760000228881836,5.340000152587891,5.349999904632568,11775793
2014-07-15,3.994150161743164,5.710000038146973,5.829999923706055,5.610000133514404,5.71999979019165,6236797
2014-07-16,3.938190460205078,5.630000114440918,5.800000190734863,5.53000020980835,5.650000095367432,7467238
2014-07-17,3.8682403564453125,5.53000020980835,5.659999847412109,5.510000228881836,5.590000152587891,2977336
2014-07-18,3.8612451553344727,5.519999980926514,5.599999904632568,5.460000038146973,5.489999771118164,3193500
2014-07-21,3.847254991531372,5.5,5.619999885559082,5.449999809265137,5.53000020980835,3380714
2014-07-22,3.9242002964019775,5.610000133514404,5.650000095367432,5.5,5.510000228881836,2439997
2014-07-23,3.9801604747772217,5.690000057220459,5.739999771118164,5.570000171661377,5.579999923706055,7388510
2014-07-24,3.9801604747772217,5.690000057220459,5.75,5.630000114440918,5.75,2424713
2014-07-25,4.015134811401367,5.739999771118164,5.75,5.659999847412109,5.659999847412109,3191000
2014-07-28,4.092080116271973,5.849999904632568,5.889999866485596,5.739999771118164,5.739999771118164,5874000
2014-07-29,4.085085391998291,5.840000152587891,5.869999885559082,5.769999980926514,5.869999885559082,3066420
2014-07-30,3.910210371017456,5.590000152587891,5.880000114440918,5.570000171661377,5.800000190734863,4668000
2014-07-31,3.8682403564453125,5.53000020980835,5.639999866485596,5.519999980926514,5.599999904632568,4065900
2014-08-01,3.7143492698669434,5.309999942779541,5.5,5.300000190734863,5.449999809265137,5724856
2014-08-04,3.8612451553344727,5.519999980926514,5.579999923706055,5.289999961853027,5.289999961853027,3854156
2014-08-05,3.9521806240081787,5.650000095367432,5.739999771118164,5.510000228881836,5.519999980926514,3058414
2014-08-06,3.938190460205078,5.630000114440918,5.650000095367432,5.489999771118164,5.559999942779541,2552427
2014-08-07,3.847254991531372,5.5,5.659999847412109,5.5,5.659999847412109,2286740
2014-08-08,3.7982900142669678,5.429999828338623,5.550000190734863,5.409999847412109,5.5,2060000
2014-08-11,3.8682403564453125,5.53000020980835,5.550000190734863,5.489999771118164,5.5,1778165
2014-08-12,3.959174871444702,5.659999847412109,5.670000076293945,5.5,5.550000190734863,2538354
2014-08-13,4.015134811401367,5.739999771118164,5.760000228881836,5.599999904632568,5.679999828338623,3454000
2014-08-14,4.022130489349365,5.75,6.0,5.730000019073486,5.75,7440000
2014-08-15,4.0361199378967285,5.769999980926514,5.880000114440918,5.760000228881836,5.78000020980835,3281343
2014-08-18,4.0081400871276855,5.730000019073486,5.829999923706055,5.699999809265137,5.800000190734863,2096440
2014-08-19,4.022130489349365,5.75,5.769999980926514,5.699999809265137,5.730000019073486,3568574
2014-08-20,3.994150161743164,5.710000038146973,5.829999923706055,5.699999809265137,5.829999923706055,1556436
2014-08-21,3.9242002964019775,5.610000133514404,5.710000038146973,5.570000171661377,5.710000038146973,3188000
2014-08-22,3.959174871444702,5.659999847412109,5.690000057220459,5.599999904632568,5.690000057220459,1860000
2014-08-25,3.8682403564453125,5.53000020980835,5.690000057220459,5.510000228881836,5.679999828338623,2872000
2014-08-26,3.8682403564453125,5.53000020980835,5.639999866485596,5.510000228881836,5.599999904632568,2042000
2014-08-27,3.7843003273010254,5.409999847412109,5.539999961853027,5.409999847412109,5.519999980926514,3072000
2014-08-28,3.6863701343536377,5.269999980926514,5.5,5.179999828338623,5.420000076293945,4975000
2014-08-29,3.6933646202087402,5.28000020980835,5.349999904632568,5.139999866485596,5.28000020980835,4016000
2014-09-01,3.7982900142669678,5.429999828338623,5.440000057220459,5.28000020980835,5.329999923706055,2648000
2014-09-02,3.959174871444702,5.659999847412109,5.699999809265137,5.369999885559082,5.5,5206000
2014-09-03,4.022130489349365,5.75,5.769999980926514,5.570000171661377,5.659999847412109,4065000
2014-09-04,4.113065719604492,5.880000114440918,5.940000057220459,5.690000057220459,5.730000019073486,6970000
2014-09-05,4.176020622253418,5.96999979019165,5.980000019073486,5.78000020980835,5.920000076293945,7696000
2014-09-08,4.210995197296143,6.019999980926514,6.110000133514404,5.940000057220459,5.940000057220459,3452000
2014-09-10,4.155035018920898,5.940000057220459,6.099999904632568,5.920000076293945,6.019999980926514,4033100
2014-09-11,4.148040771484375,5.929999828338623,6.03000020980835,5.900000095367432,5.949999809265137,2224358
2014-09-12,4.266955375671387,6.099999904632568,6.139999866485596,5.860000133514404,5.989999771118164,5616000
2014-09-15,4.127055644989014,5.900000095367432,6.090000152587891,5.869999885559082,6.119999885559082,4729000
2014-09-16,4.0361199378967285,5.769999980926514,5.929999828338623,5.730000019073486,5.730000019073486,2378000
2014-09-17,4.071094989776611,5.820000171661377,5.900000095367432,5.75,5.840000152587891,5186000
2014-09-18,4.113065719604492,5.880000114440918,5.940000057220459,5.800000190734863,5.900000095367432,1890000
2014-09-19,4.120059967041016,5.889999866485596,5.929999828338623,5.820000171661377,5.880000114440918,1576000
2014-09-22,4.015134811401367,5.739999771118164,5.900000095367432,5.699999809265137,5.900000095367432,2359104
2014-09-23,3.9731650352478027,5.679999828338623,5.820000171661377,5.670000076293945,5.699999809265137,2695655
2014-09-24,4.057106018066406,5.800000190734863,5.820000171661377,5.670000076293945,5.760000228881836,2917755
2014-09-25,4.113065719604492,5.880000114440918,6.03000020980835,5.789999961853027,5.829999923706055,4902300
2014-09-26,4.06410026550293,5.809999942779541,5.880000114440918,5.739999771118164,5.809999942779541,2417962
2014-09-29,4.015134811401367,5.739999771118164,5.789999961853027,5.630000114440918,5.699999809265137,4918000
2014-09-30,3.931195020675659,5.619999885559082,5.730000019073486,5.53000020980835,5.730000019073486,4024300
2014-10-03,4.05010986328125,5.789999961853027,5.829999923706055,5.5,5.5,4915630
2014-10-06,4.127055644989014,5.900000095367432,5.920000076293945,5.789999961853027,5.840000152587891,2038000
2014-10-07,4.16902494430542,5.960000038146973,6.0,5.849999904632568,5.920000076293945,2482300
2014-10-08,4.1620306968688965,5.949999809265137,5.949999809265137,5.840000152587891,5.900000095367432,1404000
2014-10-09,4.2249860763549805,6.039999961853027,6.079999923706055,5.880000114440918,5.949999809265137,3764000
2014-10-10,4.127055644989014,5.900000095367432,6.050000190734863,5.849999904632568,6.0,3030000
2014-10-13,4.06410026550293,5.809999942779541,5.900000095367432,5.679999828338623,5.849999904632568,1688381
2014-10-14,4.043115139007568,5.78000020980835,5.849999904632568,5.710000038146973,5.800000190734863,1514957
2014-10-15,4.043115139007568,5.78000020980835,5.840000152587891,5.710000038146973,5.75,1192309
2014-10-16,3.994150161743164,5.710000038146973,5.809999942779541,5.710000038146973,5.730000019073486,1220342
2014-10-17,3.903215169906616,5.579999923706055,5.849999904632568,5.550000190734863,5.690000057220459,3838000
2014-10-20,3.938190460205078,5.630000114440918,5.659999847412109,5.599999904632568,5.650000095367432,1447000
2014-10-21,3.903215169906616,5.579999923706055,5.670000076293945,5.539999961853027,5.619999885559082,1514000
2014-10-22,3.994150161743164,5.710000038146973,5.860000133514404,5.599999904632568,5.610000133514404,3482900
2014-10-23,3.9242002964019775,5.610000133514404,5.710000038146973,5.539999961853027,5.710000038146973,2414000
2014-10-24,3.938190460205078,5.630000114440918,5.739999771118164,5.599999904632568,5.639999866485596,1044000
2014-10-27,3.6863701343536377,5.269999980926514,5.510000228881836,5.269999980926514,5.510000228881836,7921535
2014-10-28,3.7633142471313477,5.380000114440918,5.409999847412109,5.28000020980835,5.300000190734863,3822000
2014-10-29,3.7982900142669678,5.429999828338623,5.480000019073486,5.320000171661377,5.400000095367432,2338000
2014-10-30,3.7633142471313477,5.380000114440918,5.429999828338623,5.329999923706055,5.429999828338623,1868000
2014-10-31,3.8612451553344727,5.519999980926514,5.550000190734863,5.409999847412109,5.409999847412109,2220000
2014-11-03,3.7773048877716064,5.400000095367432,5.579999923706055,5.400000095367432,5.53000020980835,1822000
2014-11-04,3.854250192642212,5.510000228881836,5.559999942779541,5.400000095367432,5.440000057220459,1950000
2014-11-05,3.840259552001953,5.489999771118164,5.539999961853027,5.460000038146973,5.510000228881836,1388000
2014-11-06,3.847254991531372,5.5,5.5,5.409999847412109,5.489999771118164,2222714
2014-11-07,3.9451847076416016,5.639999866485596,5.760000228881836,5.429999828338623,5.449999809265137,4398000
2014-11-10,4.469810962677002,6.389999866485596,6.420000076293945,5.880000114440918,5.920000076293945,22186000
2014-11-11,4.406855583190918,6.300000190734863,6.570000171661377,6.150000095367432,6.420000076293945,12243000
2014-11-12,4.434836387634277,6.340000152587891,6.449999809265137,6.230000019073486,6.239999771118164,6766000
2014-11-13,4.5607452392578125,6.519999980926514,6.539999961853027,6.349999904632568,6.369999885559082,7744000
2014-11-14,4.518775939941406,6.460000038146973,6.630000114440918,6.420000076293945,6.519999980926514,8197061
2014-11-17,4.078090667724609,5.829999923706055,6.659999847412109,5.820000171661377,6.659999847412109,14205000
2014-11-18,3.8892250061035156,5.559999942779541,5.940000057220459,5.53000020980835,5.869999885559082,13699000
2014-11-19,3.8892250061035156,5.559999942779541,5.730000019073486,5.5,5.559999942779541,5490000
2014-11-20,3.9451847076416016,5.639999866485596,5.690000057220459,5.53000020980835,5.599999904632568,2870000
2014-11-21,4.057106018066406,5.800000190734863,5.800000190734863,5.630000114440918,5.639999866485596,4378000
2014-11-24,4.029125690460205,5.760000228881836,5.949999809265137,5.739999771118164,5.949999809265137,3720000
2014-11-25,3.994150161743164,5.710000038146973,5.769999980926514,5.559999942779541,5.760000228881836,3544000
2014-11-26,3.966169834136963,5.670000076293945,5.71999979019165,5.599999904632568,5.690000057220459,2824000
2014-11-27,3.9451847076416016,5.639999866485596,5.730000019073486,5.630000114440918,5.670000076293945,1326000
2014-11-28,3.791295289993286,5.420000076293945,5.650000095367432,5.389999866485596,5.639999866485596,4682000
2014-12-01,3.616419792175293,5.170000076293945,5.409999847412109,5.130000114440918,5.409999847412109,4960000
2014-12-02,3.819274663925171,5.460000038146973,5.519999980926514,5.139999866485596,5.139999866485596,8393754
2014-12-03,3.840259552001953,5.489999771118164,5.590000152587891,5.420000076293945,5.480000019073486,5410228
2014-12-04,3.819274663925171,5.460000038146973,5.539999961853027,5.320000171661377,5.480000019073486,3760000
2014-12-05,3.6374049186706543,5.199999809265137,5.489999771118164,5.190000057220459,5.389999866485596,6288000
2014-12-08,3.609424591064453,5.159999847412109,5.329999923706055,5.130000114440918,5.239999771118164,7076000
2014-12-09,3.4485394954681396,4.929999828338623,5.21999979019165,4.900000095367432,5.199999809265137,4550000
2014-12-10,3.7563207149505615,5.369999885559082,5.449999809265137,4.949999809265137,4.949999809265137,10746000
2014-12-11,3.910210371017456,5.590000152587891,5.71999979019165,5.400000095367432,5.400000095367432,13984000
2014-12-12,3.8612451553344727,5.519999980926514,5.690000057220459,5.409999847412109,5.690000057220459,5310000
2014-12-15,3.8682403564453125,5.53000020980835,5.539999961853027,5.420000076293945,5.510000228881836,1664000
2014-12-16,3.8612451553344727,5.519999980926514,5.619999885559082,5.420000076293945,5.429999828338623,3630000
2014-12-17,3.6653852462768555,5.239999771118164,5.46999979019165,5.050000190734863,5.46999979019165,4848091
2014-12-18,3.6653852462768555,5.239999771118164,5.420000076293945,5.159999847412109,5.300000190734863,3126000
2014-12-19,3.6304097175598145,5.190000057220459,5.340000152587891,5.179999828338623,5.28000020980835,1624000
2014-12-22,3.6374049186706543,5.199999809265137,5.300000190734863,5.159999847412109,5.190000057220459,2220000
2014-12-23,3.616419792175293,5.170000076293945,5.190000057220459,5.059999942779541,5.170000076293945,3421525
2014-12-24,3.651394844055176,5.21999979019165,5.260000228881836,5.130000114440918,5.230000019073486,1140000
2014-12-29,3.644399642944336,5.210000038146973,5.260000228881836,5.130000114440918,5.239999771118164,2396000
2014-12-30,3.616419792175293,5.170000076293945,5.25,5.139999866485596,5.210000038146973,950000
2014-12-31,3.651394844055176,5.21999979019165,5.21999979019165,5.150000095367432,5.150000095367432,1042000
2015-01-02,3.6304097175598145,5.190000057220459,5.300000190734863,5.159999847412109,5.210000038146973,1802000
2015-01-05,3.7633142471313477,5.380000114440918,5.550000190734863,5.170000076293945,5.179999828338623,8599000
2015-01-06,3.903215169906616,5.579999923706055,5.610000133514404,5.309999942779541,5.309999942779541,7062000
2015-01-07,3.8332653045654297,5.480000019073486,5.559999942779541,5.409999847412109,5.559999942779541,2808000
2015-01-08,3.8262698650360107,5.46999979019165,5.610000133514404,5.449999809265137,5.559999942779541,3245176
2015-01-09,3.812279224395752,5.449999809265137,5.550000190734863,5.440000057220459,5.489999771118164,2638000
2015-01-12,3.7493247985839844,5.360000133514404,5.539999961853027,5.28000020980835,5.489999771118164,2026000
2015-01-13,3.819274663925171,5.460000038146973,5.46999979019165,5.260000228881836,5.289999961853027,1521172
2015-01-14,3.700360059738159,5.289999961853027,5.440000057220459,5.28000020980835,5.409999847412109,1750000
2015-01-15,3.728339672088623,5.329999923706055,5.369999885559082,5.260000228881836,5.269999980926514,2270377
2015-01-16,3.6863701343536377,5.269999980926514,5.349999904632568,5.210000038146973,5.349999904632568,2566000
2015-01-19,3.588439702987671,5.130000114440918,5.329999923706055,5.110000133514404,5.329999923706055,5300000
2015-01-20,3.5744495391845703,5.110000133514404,5.199999809265137,5.079999923706055,5.119999885559082,2800000
2015-01-21,3.6374049186706543,5.199999809265137,5.210000038146973,5.119999885559082,5.170000076293945,2190000
2015-01-22,3.6583893299102783,5.230000019073486,5.28000020980835,5.170000076293945,5.170000076293945,1240000
2015-01-23,3.644399642944336,5.210000038146973,5.300000190734863,5.199999809265137,5.300000190734863,2666000
2015-01-26,3.6304097175598145,5.190000057220459,5.239999771118164,5.150000095367432,5.170000076293945,2112000
2015-01-27,3.581444501876831,5.119999885559082,5.230000019073486,5.110000133514404,5.21999979019165,2172000
2015-01-28,3.6374049186706543,5.199999809265137,5.21999979019165,5.110000133514404,5.110000133514404,1628000
2015-01-29,3.5954346656799316,5.139999866485596,5.21999979019165,5.099999904632568,5.170000076293945,1066000
2015-01-30,3.6304097175598145,5.190000057220459,5.239999771118164,5.099999904632568,5.130000114440918,2598900
2015-02-02,3.6234145164489746,5.179999828338623,5.179999828338623,5.059999942779541,5.059999942779541,1040000
2015-02-03,3.616419792175293,5.170000076293945,5.28000020980835,5.119999885559082,5.179999828338623,770000
2015-02-04,3.588439702987671,5.130000114440918,5.190000057220459,5.110000133514404,5.179999828338623,1524000
2015-02-05,3.441544532775879,4.920000076293945,5.159999847412109,4.889999866485596,5.119999885559082,3746000
2015-02-06,3.378589630126953,4.829999923706055,4.960000038146973,4.809999942779541,4.920000076293945,2830400
2015-02-09,3.322629451751709,4.75,4.880000114440918,4.730000019073486,4.800000190734863,1722000
2015-02-10,3.371594190597534,4.820000171661377,4.820000171661377,4.639999866485596,4.699999809265137,1153300
2015-02-11,3.315634250640869,4.739999771118164,4.809999942779541,4.739999771118164,4.809999942779541,545000
2015-02-12,3.371594190597534,4.820000171661377,4.820000171661377,4.730000019073486,4.78000020980835,528500
2015-02-13,3.4205591678619385,4.889999866485596,4.980000019073486,4.800000190734863,4.800000190734863,1720000
2015-02-16,3.378589630126953,4.829999923706055,4.960000038146973,4.829999923706055,4.860000133514404,848000
2015-02-17,3.4275543689727783,4.900000095367432,4.900000095367432,4.78000020980835,4.800000190734863,258000
2015-02-18,3.3925795555114746,4.849999904632568,4.900000095367432,4.849999904632568,4.869999885559082,234000
2015-02-23,3.3645997047424316,4.809999942779541,4.849999904632568,4.75,4.809999942779541,506000
2015-02-24,3.441544532775879,4.920000076293945,4.929999828338623,4.78000020980835,4.78000020980835,964000
2015-02-25,3.6304097175598145,5.190000057220459,5.190000057220459,4.920000076293945,4.920000076293945,4014000
2015-02-26,3.7703096866607666,5.389999866485596,5.400000095367432,5.190000057220459,5.199999809265137,5439196
2015-02-27,3.728339672088623,5.329999923706055,5.440000057220459,5.309999942779541,5.429999828338623,2482000
2015-03-02,3.840259552001953,5.489999771118164,5.539999961853027,5.400000095367432,5.409999847412109,4291500
2015-03-03,3.931195020675659,5.619999885559082,5.730000019073486,5.429999828338623,5.5,11960000
2015-03-04,3.840259552001953,5.489999771118164,5.670000076293945,5.46999979019165,5.670000076293945,2636000
2015-03-05,3.7703096866607666,5.389999866485596,5.630000114440918,5.369999885559082,5.489999771118164,2400000
2015-03-06,3.840259552001953,5.489999771118164,5.5,5.380000114440918,5.389999866485596,1418000
2015-03-09,3.7773048877716064,5.400000095367432,5.510000228881836,5.340000152587891,5.409999847412109,1850000
2015-03-10,3.7423298358917236,5.349999904632568,5.429999828338623,5.349999904632568,5.429999828338623,760000
2015-03-11,3.7143492698669434,5.309999942779541,5.460000038146973,5.300000190734863,5.309999942779541,2392000
2015-03-12,3.672379970550537,5.25,5.400000095367432,5.25,5.289999961853027,1022000
2015-03-13,3.735334873199463,5.340000152587891,5.369999885559082,5.269999980926514,5.369999885559082,1529000
2015-03-16,3.7563207149505615,5.369999885559082,5.429999828338623,5.320000171661377,5.400000095367432,2430000
2015-03-17,3.7773048877716064,5.400000095367432,5.409999847412109,5.349999904632568,5.380000114440918,1634000
2015-03-18,3.812279224395752,5.449999809265137,5.489999771118164,5.400000095367432,5.400000095367432,3242000
2015-03-19,3.819274663925171,5.460000038146973,5.559999942779541,5.449999809265137,5.46999979019165,2586593
2015-03-20,3.812279224395752,5.449999809265137,5.579999923706055,5.420000076293945,5.519999980926514,4860467
2015-03-23,3.847254991531372,5.5,5.559999942779541,5.429999828338623,5.429999828338623,2305000
2015-03-24,3.8682403564453125,5.53000020980835,5.570000171661377,5.440000057220459,5.53000020980835,1614000
2015-03-25,3.8892250061035156,5.559999942779541,5.590000152587891,5.53000020980835,5.53000020980835,1552000
2015-03-26,3.7843003273010254,5.409999847412109,5.559999942779541,5.389999866485596,5.559999942779541,1412000
2015-03-27,3.6234145164489746,5.179999828338623,5.400000095367432,5.170000076293945,5.369999885559082,4208000
2015-03-30,4.16902494430542,5.960000038146973,6.159999847412109,5.300000190734863,5.300000190734863,24204000
2015-03-31,4.217990398406982,6.03000020980835,6.380000114440918,5.920000076293945,6.090000152587891,15636000
2015-04-01,4.427840232849121,6.329999923706055,6.349999904632568,5.96999979019165,6.0,9600000
2015-04-02,5.071381568908691,7.25,7.28000020980835,6.300000190734863,6.309999942779541,30577000
2015-04-08,6.225557804107666,8.899999618530273,9.260000228881836,7.650000095367432,7.650000095367432,36818500
2015-04-09,6.428413391113281,9.1899995803833,10.680000305175781,8.5600004196167,9.710000038146973,38279500
2015-04-10,6.414422512054443,9.170000076293945,9.449999809265137,8.710000038146973,9.4399995803833,14797400
2015-04-13,6.498363018035889,9.289999961853027,9.550000190734863,9.15999984741211,9.210000038146973,16279800
2015-04-14,6.1905837059021,8.850000381469727,9.399999618530273,8.779999732971191,9.109999656677246,14124000
2015-04-15,5.987727642059326,8.5600004196167,9.130000114440918,8.550000190734863,8.859999656677246,12382000
2015-04-16,6.5403337478637695,9.350000381469727,9.5,8.130000114440918,8.5600004196167,19986000
2015-04-17,6.5333380699157715,9.34000015258789,9.989999771118164,9.210000038146973,9.699999809265137,19058000
2015-04-20,5.889797687530518,8.420000076293945,9.350000381469727,8.399999618530273,9.25,12684000
2015-04-21,6.078663349151611,8.6899995803833,8.859999656677246,8.380000114440918,8.520000457763672,8353000
2015-04-22,6.127628803253174,8.760000228881836,8.979999542236328,8.699999809265137,8.699999809265137,5852000
2015-04-23,6.176592826843262,8.829999923706055,9.119999885559082,8.770000457763672,8.880000114440918,8106000
2015-04-24,6.085657596588135,8.699999809265137,9.0,8.449999809265137,8.8100004196167,4528000
2015-04-27,6.113637447357178,8.739999771118164,8.890000343322754,8.489999771118164,8.789999961853027,5838000
2015-04-28,5.987727642059326,8.5600004196167,8.880000114440918,8.5,8.739999771118164,5154000
2015-04-29,5.945757865905762,8.5,8.600000381469727,8.210000038146973,8.5,5745000
2015-04-30,5.7149224281311035,8.170000076293945,8.680000305175781,8.100000381469727,8.5,5580000
2015-05-04,5.840832710266113,8.350000381469727,8.619999885559082,8.25,8.300000190734863,5004000
2015-05-05,5.456106662750244,7.800000190734863,8.399999618530273,7.800000190734863,8.399999618530273,5894000
2015-05-06,5.316207408905029,7.599999904632568,7.96999979019165,7.550000190734863,7.769999980926514,3426000
2015-05-07,5.008426666259766,7.159999847412109,7.599999904632568,7.139999866485596,7.590000152587891,6216000
2015-05-08,5.372166633605957,7.679999828338623,7.690000057220459,7.159999847412109,7.159999847412109,4972000
2015-05-11,5.623987674713135,8.039999961853027,8.140000343322754,7.570000171661377,7.800000190734863,5326000
2015-05-12,5.4840874671936035,7.840000152587891,8.029999732971191,7.78000020980835,8.029999732971191,2522000
2015-05-13,5.2462568283081055,7.5,7.840000152587891,7.480000019073486,7.769999980926514,3316000
2015-05-14,5.316207408905029,7.599999904632568,7.75,7.400000095367432,7.480000019073486,2848000
2015-05-15,5.2462568283081055,7.5,7.679999828338623,7.300000190734863,7.590000152587891,2979000
2015-05-18,5.3092122077941895,7.590000152587891,7.679999828338623,7.5,7.5,3242000
2015-05-19,5.505072593688965,7.869999885559082,7.880000114440918,7.480000019073486,7.5,3486000
2015-05-20,5.5120673179626465,7.880000114440918,7.96999979019165,7.789999961853027,7.789999961853027,3166000
2015-05-21,5.533052444458008,7.909999847412109,8.0,7.760000228881836,7.880000114440918,2484000
2015-05-22,5.561032295227051,7.949999809265137,8.0,7.739999771118164,7.880000114440918,3637000
2015-05-26,5.770882606506348,8.25,8.399999618530273,8.119999885559082,8.119999885559082,5330370
2015-05-27,5.966742515563965,8.529999732971191,8.550000190734863,8.170000076293945,8.220000267028809,7239600
2015-05-28,5.4840874671936035,7.840000152587891,8.65999984741211,7.809999942779541,8.550000190734863,6822000
2015-05-29,5.477092742919922,7.829999923706055,8.010000228881836,7.699999809265137,7.829999923706055,4891279
2015-06-01,5.490323066711426,7.760000228881836,7.949999809265137,7.599999904632568,7.619999885559082,4160000
2015-06-02,5.405420303344727,7.639999866485596,7.809999942779541,7.599999904632568,7.760000228881836,2684000
2015-06-03,5.299293041229248,7.489999771118164,7.659999847412109,7.449999809265137,7.619999885559082,2548000
2015-06-04,5.256842613220215,7.429999828338623,7.650000095367432,7.210000038146973,7.53000020980835,3743278
2015-06-05,5.221467018127441,7.380000114440918,7.590000152587891,7.369999885559082,7.510000228881836,1729278
2015-06-08,5.285142421722412,7.46999979019165,7.570000171661377,7.309999942779541,7.389999866485596,1713000
2015-06-09,4.959685802459717,7.010000228881836,7.46999979019165,6.949999809265137,7.389999866485596,3908000
2015-06-10,4.931385040283203,6.96999979019165,7.170000076293945,6.829999923706055,7.099999904632568,2000000
2015-06-11,5.33466911315918,7.539999961853027,7.550000190734863,7.090000152587891,7.119999885559082,8524000
2015-06-12,5.419570446014404,7.659999847412109,7.690000057220459,7.389999866485596,7.539999961853027,3836000
2015-06-15,5.1931657791137695,7.340000152587891,7.550000190734863,7.300000190734863,7.519999980926514,1932000
2015-06-16,4.924310207366943,6.960000038146973,7.340000152587891,6.909999847412109,7.289999961853027,2876000
2015-06-17,5.079963207244873,7.179999828338623,7.260000228881836,6.929999828338623,6.949999809265137,2104000
2015-06-18,4.973836421966553,7.03000020980835,7.230000019073486,7.010000228881836,7.070000171661377,1028000
2015-06-19,4.825258255004883,6.820000171661377,7.079999923706055,6.800000190734863,7.0,3450000
2015-06-22,4.832333087921143,6.829999923706055,6.900000095367432,6.75,6.800000190734863,362000
2015-06-23,4.966761112213135,7.019999980926514,7.03000020980835,6.78000020980835,6.920000076293945,1406000
2015-06-24,4.99506139755249,7.059999942779541,7.099999904632568,6.960000038146973,7.079999923706055,2026000
2015-06-25,4.860633373260498,6.869999885559082,7.050000190734863,6.849999904632568,7.010000228881836,1521028
2015-06-26,4.521025657653809,6.389999866485596,6.820000171661377,6.099999904632568,6.820000171661377,6613748
2015-06-29,4.266320705413818,6.03000020980835,6.5,5.809999942779541,6.300000190734863,4458508
2015-06-30,4.443199634552002,6.28000020980835,6.380000114440918,5.800000190734863,6.0,3472000
2015-07-02,4.209719181060791,5.949999809265137,6.25,5.849999904632568,6.159999847412109,3434000
2015-07-03,3.9479379653930664,5.579999923706055,5.869999885559082,5.400000095367432,5.75,3806000
2015-07-06,3.403151035308838,4.809999942779541,5.949999809265137,4.099999904632568,5.800000190734863,11199000
2015-07-07,2.9361908435821533,4.150000095367432,4.900000095367432,4.139999866485596,4.800000190734863,7658364
2015-07-08,2.6178085803985596,3.700000047683716,3.9600000381469727,3.380000114440918,3.619999885559082,15221000
2015-07-09,3.169670581817627,4.480000019073486,4.489999771118164,3.5999999046325684,3.5999999046325684,13732000
2015-07-10,3.5022027492523193,4.949999809265137,5.239999771118164,4.519999980926514,4.519999980926514,13800000
2015-07-13,3.6790823936462402,5.199999809265137,5.230000019073486,4.820000171661377,4.949999809265137,7722000
2015-07-14,3.608330488204956,5.099999904632568,5.309999942779541,4.960000038146973,5.199999809265137,5338000
2015-07-15,3.2757983207702637,4.630000114440918,5.099999904632568,4.610000133514404,5.099999904632568,6646000
2015-07-16,3.4385273456573486,4.860000133514404,4.960000038146973,4.519999980926514,4.699999809265137,4882000
2015-07-17,3.6366312503814697,5.139999866485596,5.199999809265137,4.900000095367432,4.900000095367432,6476000
2015-07-20,3.6649317741394043,5.179999828338623,5.25,5.050000190734863,5.190000057220459,3250000
2015-07-21,3.6790823936462402,5.199999809265137,5.25,5.079999923706055,5.199999809265137,1552000
2015-07-22,3.615405797958374,5.110000133514404,5.210000038146973,5.019999980926514,5.119999885559082,2438600
2015-07-23,3.7356832027435303,5.28000020980835,5.340000152587891,5.110000133514404,5.110000133514404,2634000
2015-07-24,3.629556179046631,5.130000114440918,5.269999980926514,5.099999904632568,5.269999980926514,1712000
2015-07-27,3.2050466537475586,4.53000020980835,5.130000114440918,4.400000095367432,5.130000114440918,5187000
2015-07-28,3.318249225616455,4.690000057220459,4.880000114440918,4.329999923706055,4.510000228881836,5405000
2015-07-29,3.473902463912964,4.909999847412109,4.940000057220459,4.739999771118164,4.829999923706055,2868000
2015-07-30,3.4243762493133545,4.840000152587891,4.949999809265137,4.809999942779541,4.940000057220459,2572000
2015-07-31,3.4314517974853516,4.849999904632568,4.949999809265137,4.769999980926514,4.769999980926514,1906000
2015-08-03,3.3465497493743896,4.730000019073486,4.920000076293945,4.630000114440918,4.849999904632568,1828000
2015-08-04,3.4314517974853516,4.849999904632568,4.920000076293945,4.690000057220459,4.699999809265137,2010000
2015-08-05,3.4385273456573486,4.860000133514404,4.929999828338623,4.769999980926514,4.800000190734863,716000
2015-08-06,3.466827630996704,4.900000095367432,5.0,4.829999923706055,4.940000057220459,1056000
2015-08-07,3.6012556552886963,5.090000152587891,5.099999904632568,4.900000095367432,4.940000057220459,1998000
2015-08-10,3.7852094173431396,5.349999904632568,5.380000114440918,5.070000171661377,5.119999885559082,5310000
2015-08-11,3.615405797958374,5.110000133514404,5.420000076293945,5.079999923706055,5.360000133514404,5554000
2015-08-12,3.4951279163360596,4.940000057220459,5.079999923706055,4.860000133514404,5.050000190734863,3774000
2015-08-13,3.5163536071777344,4.96999979019165,5.03000020980835,4.829999923706055,4.900000095367432,2278000
2015-08-14,3.622480630874634,5.119999885559082,5.130000114440918,4.940000057220459,5.03000020980835,3232000
2015-08-17,3.5871055126190186,5.070000171661377,5.25,5.039999961853027,5.099999904632568,2110000
2015-08-18,3.2970235347747803,4.659999847412109,5.110000133514404,4.599999904632568,5.039999961853027,7464000
2015-08-19,3.381925344467163,4.78000020980835,4.789999961853027,4.5,4.659999847412109,3459000
2015-08-20,3.183821201324463,4.5,4.730000019073486,4.5,4.699999809265137,2210000
2015-08-21,3.0776937007904053,4.349999904632568,4.5,4.21999979019165,4.380000114440918,2900000
2015-08-24,2.6319589614868164,3.7200000286102295,4.119999885559082,3.6700000762939453,4.019999980926514,9508000
2015-08-25,2.71686053276062,3.8399999141693115,3.940000057220459,3.6500000953674316,3.6500000953674316,5888478
2015-08-26,2.653184413909912,3.75,4.03000020980835,3.75,3.950000047683716,3160000
2015-08-27,2.8583638668060303,4.039999961853027,4.050000190734863,3.8299999237060547,3.950000047683716,3414000
2015-08-28,2.893739700317383,4.090000152587891,4.230000019073486,4.050000190734863,4.230000019073486,2516000
2015-08-31,2.8654391765594482,4.050000190734863,4.150000095367432,3.8499999046325684,4.150000095367432,2012000
2015-09-01,2.6885600090026855,3.799999952316284,4.099999904632568,3.799999952316284,3.940000057220459,1320000
2015-09-02,2.723935842514038,3.8499999046325684,3.9700000286102295,3.6500000953674316,3.6500000953674316,1851630
2015-09-04,2.660259246826172,3.759999990463257,3.9100000858306885,3.7200000286102295,3.8399999141693115,906000
2015-09-07,2.752236843109131,3.890000104904175,3.9800000190734863,3.700000047683716,3.7100000381469727,1926000
2015-09-08,2.9291152954101562,4.139999866485596,4.179999828338623,3.8499999046325684,3.859999895095825,1566000
2015-09-09,2.9857168197631836,4.21999979019165,4.239999771118164,4.099999904632568,4.170000076293945,3490000
2015-09-10,2.943265676498413,4.159999847412109,4.199999809265137,4.099999904632568,4.099999904632568,1356000
2015-09-11,2.9574155807495117,4.179999828338623,4.28000020980835,4.130000114440918,4.21999979019165,1416500
2015-09-14,2.9008145332336426,4.099999904632568,4.269999980926514,4.090000152587891,4.25,2292000
2015-09-15,2.872514247894287,4.059999942779541,4.159999847412109,3.9800000190734863,4.0,1292000
2015-09-16,3.035242795944214,4.289999961853027,4.360000133514404,4.079999923706055,4.199999809265137,2037070
2015-09-17,3.028167486190796,4.28000020980835,4.389999866485596,4.199999809265137,4.289999961853027,1864000
2015-09-18,3.09891939163208,4.380000114440918,4.449999809265137,4.230000019073486,4.320000171661377,2744000
2015-09-21,3.091843843460083,4.369999885559082,4.420000076293945,4.239999771118164,4.260000228881836,1444000
2015-09-22,3.19089674949646,4.510000228881836,4.53000020980835,4.400000095367432,4.409999847412109,2652000
2015-09-23,3.183821201324463,4.5,4.5,4.320000171661377,4.449999809265137,2838000
2015-09-24,3.1484451293945312,4.449999809265137,4.550000190734863,4.400000095367432,4.550000190734863,1338000
2015-09-25,3.2616477012634277,4.610000133514404,4.690000057220459,4.440000057220459,4.539999961853027,3572800
2015-09-29,3.09891939163208,4.380000114440918,4.510000228881836,4.300000190734863,4.340000152587891,1776000
2015-09-30,3.240422487258911,4.579999923706055,4.599999904632568,4.409999847412109,4.440000057220459,2128000
2015-10-02,3.318249225616455,4.690000057220459,4.78000020980835,4.5,4.610000133514404,1098497
2015-10-05,3.3323991298675537,4.710000038146973,4.929999828338623,4.679999828338623,4.880000114440918,812000
2015-10-06,3.2970235347747803,4.659999847412109,4.880000114440918,4.650000095367432,4.880000114440918,710000
2015-10-07,3.396076202392578,4.800000190734863,4.840000152587891,4.699999809265137,4.699999809265137,1050000
2015-10-08,3.3536245822906494,4.739999771118164,4.829999923706055,4.630000114440918,4.809999942779541,1608600
2015-10-09,3.3536245822906494,4.739999771118164,4.849999904632568,4.710000038146973,4.760000228881836,2172400
2015-10-12,3.4385273456573486,4.860000133514404,4.880000114440918,4.739999771118164,4.739999771118164,3362000
2015-10-13,3.4314517974853516,4.849999904632568,4.960000038146973,4.800000190734863,4.900000095367432,1790000
2015-10-14,3.53757905960083,5.0,5.059999942779541,4.800000190734863,4.800000190734863,4135461
2015-10-15,3.7286086082458496,5.269999980926514,5.28000020980835,5.0,5.079999923706055,5511496
2015-10-16,3.8701114654541016,5.46999979019165,5.53000020980835,5.139999866485596,5.329999923706055,8492000
2015-10-19,3.82766056060791,5.409999847412109,5.579999923706055,5.329999923706055,5.46999979019165,5171000
2015-10-20,3.8913371562957764,5.5,5.5,5.400000095367432,5.449999809265137,3368000
2015-10-22,3.8630361557006836,5.460000038146973,5.590000152587891,5.329999923706055,5.489999771118164,6118000
2015-10-23,3.976238489151001,5.619999885559082,5.650000095367432,5.400000095367432,5.579999923706055,4404000
2015-10-26,4.061140060424805,5.739999771118164,5.789999961853027,5.670000076293945,5.679999828338623,4110200
2015-10-27,3.9833147525787354,5.630000114440918,5.739999771118164,5.519999980926514,5.739999771118164,1738998
2015-10-28,4.082365989685059,5.769999980926514,5.849999904632568,5.559999942779541,5.559999942779541,4240000
2015-10-29,4.075291633605957,5.760000228881836,5.809999942779541,5.690000057220459,5.760000228881836,1493700
2015-10-30,4.146042823791504,5.860000133514404,5.900000095367432,5.710000038146973,5.849999904632568,2901000
2015-11-02,4.174343585968018,5.900000095367432,6.0,5.789999961853027,5.980000019073486,3234000
2015-11-03,4.153118133544922,5.869999885559082,5.960000038146973,5.800000190734863,5.960000038146973,1448082
2015-11-04,4.372447490692139,6.179999828338623,6.429999828338623,5.889999866485596,5.96999979019165,6210000
2015-11-05,4.3229217529296875,6.110000133514404,6.28000020980835,6.070000171661377,6.179999828338623,2582000
2015-11-06,4.273395538330078,6.039999961853027,6.190000057220459,6.03000020980835,6.110000133514404,4914000
2015-11-09,4.329996585845947,6.119999885559082,6.199999809265137,5.989999771118164,6.039999961853027,3251000
2015-11-10,4.372447490692139,6.179999828338623,6.269999980926514,6.039999961853027,6.170000076293945,3025000
2015-11-11,4.372447490692139,6.179999828338623,6.269999980926514,6.090000152587891,6.110000133514404,2827435
2015-11-12,4.436123847961426,6.269999980926514,6.320000171661377,6.190000057220459,6.239999771118164,3706000
2015-11-13,4.4078240394592285,6.230000019073486,6.329999923706055,6.170000076293945,6.210000038146973,2852200
2015-11-16,4.386597633361816,6.199999809265137,6.239999771118164,6.019999980926514,6.050000190734863,2254000
2015-11-17,4.641304016113281,6.559999942779541,6.670000076293945,6.260000228881836,6.289999961853027,5010000
2015-11-18,4.740355968475342,6.699999809265137,6.71999979019165,6.449999809265137,6.53000020980835,3514000
2015-11-19,4.874783992767334,6.889999866485596,6.900000095367432,6.710000038146973,6.800000190734863,3502992
2015-11-20,4.775732040405273,6.75,6.869999885559082,6.670000076293945,6.840000152587891,2406000
2015-11-23,4.747430801391602,6.710000038146973,6.800000190734863,6.690000057220459,6.800000190734863,1594000
2015-11-24,4.88185977935791,6.900000095367432,6.949999809265137,6.659999847412109,6.659999847412109,1354000
2015-11-25,4.804032802581787,6.789999961853027,6.900000095367432,6.71999979019165,6.78000020980835,1184000
2015-11-26,4.662529468536377,6.590000152587891,6.860000133514404,6.46999979019165,6.789999961853027,1572000
2015-11-27,4.4078240394592285,6.230000019073486,6.650000095367432,6.190000057220459,6.599999904632568,2940000
2015-11-30,4.570551872253418,6.460000038146973,6.489999771118164,6.199999809265137,6.389999866485596,3648000
2015-12-01,4.69790506362915,6.639999866485596,6.659999847412109,6.429999828338623,6.460000038146973,2147000
2015-12-02,4.570551872253418,6.460000038146973,6.710000038146973,6.449999809265137,6.710000038146973,1197900
2015-12-03,4.613002777099609,6.519999980926514,6.639999866485596,6.449999809265137,6.480000019073486,1496500
2015-12-04,4.436123847961426,6.269999980926514,6.429999828338623,6.260000228881836,6.409999847412109,1017545
2015-12-07,4.443199634552002,6.28000020980835,6.360000133514404,6.260000228881836,6.260000228881836,576000
2015-12-08,4.266320705413818,6.03000020980835,6.269999980926514,5.940000057220459,6.210000038146973,2214000
2015-12-09,4.280470371246338,6.050000190734863,6.150000095367432,6.0,6.0,1486000
2015-12-10,4.2380194664001465,5.989999771118164,6.099999904632568,5.889999866485596,5.980000019073486,1114000
2015-12-11,3.997464656829834,5.650000095367432,5.96999979019165,5.650000095367432,5.900000095367432,2110000
2015-12-14,4.039915084838867,5.710000038146973,5.71999979019165,5.480000019073486,5.550000190734863,1826000
2015-12-15,4.046989917755127,5.71999979019165,5.889999866485596,5.630000114440918,5.630000114440918,1624000
2015-12-16,4.195569038391113,5.929999828338623,5.96999979019165,5.78000020980835,5.789999961853027,1338000
2015-12-17,4.372447490692139,6.179999828338623,6.210000038146973,5.949999809265137,5.949999809265137,1402000
2015-12-18,4.499801158905029,6.360000133514404,6.480000019073486,6.0,6.0,6306000
2015-12-21,4.280470371246338,6.050000190734863,6.360000133514404,6.019999980926514,6.239999771118164,1476000
2015-12-22,4.301696300506592,6.079999923706055,6.110000133514404,6.0,6.0,1917000
2015-12-23,4.386597633361816,6.199999809265137,6.199999809265137,6.090000152587891,6.090000152587891,706000
2015-12-24,4.3158464431762695,6.099999904632568,6.269999980926514,6.090000152587891,6.269999980926514,224000
2015-12-28,4.259244918823242,6.019999980926514,6.25,6.0,6.079999923706055,1420000
2015-12-29,4.245095252990723,6.0,6.130000114440918,5.960000038146973,6.0,804000
2015-12-30,4.223869323730469,5.96999979019165,6.070000171661377,5.920000076293945,6.0,584000
2015-12-31,4.266320705413818,6.03000020980835,6.050000190734863,5.929999828338623,5.929999828338623,298400
2016-01-04,4.046989917755127,5.71999979019165,6.010000228881836,5.559999942779541,5.949999809265137,1915530
2016-01-05,4.174343585968018,5.900000095367432,5.929999828338623,5.710000038146973,5.659999847412109,1850000
2016-01-06,4.209719181060791,5.949999809265137,6.050000190734863,5.900000095367432,6.010000228881836,1186000
2016-01-07,3.976238489151001,5.619999885559082,6.050000190734863,5.449999809265137,5.840000152587891,2598000
2016-01-08,4.110666275024414,5.809999942779541,5.920000076293945,5.599999904632568,5.650000095367432,2070000
2016-01-11,3.919637680053711,5.539999961853027,5.78000020980835,5.460000038146973,5.78000020980835,2408000
2016-01-12,3.7427587509155273,5.289999961853027,5.650000095367432,5.25,5.539999961853027,1835058
2016-01-13,3.6790823936462402,5.199999809265137,5.510000228881836,5.130000114440918,5.409999847412109,1465000
2016-01-14,3.6861572265625,5.210000038146973,5.25,4.980000019073486,5.110000133514404,1668000
2016-01-15,3.4243762493133545,4.840000152587891,5.239999771118164,4.800000190734863,5.150000095367432,1732000
2016-01-18,3.530503273010254,4.989999771118164,5.059999942779541,4.599999904632568,4.599999904632568,1248000
2016-01-19,3.6649317741394043,5.179999828338623,5.179999828338623,4.900000095367432,4.900000095367432,1003929
2016-01-20,3.480977773666382,4.920000076293945,5.03000020980835,4.71999979019165,5.03000020980835,1347000
2016-01-21,3.2828733921051025,4.639999866485596,4.989999771118164,4.610000133514404,4.949999809265137,1408030
2016-01-22,3.459751844406128,4.889999866485596,4.940000057220459,4.650000095367432,4.789999961853027,1366000
2016-01-25,3.4314517974853516,4.849999904632568,4.96999979019165,4.699999809265137,4.920000076293945,958000
2016-01-26,3.2191972732543945,4.550000190734863,4.78000020980835,4.460000038146973,4.760000228881836,702000
2016-01-27,3.3536245822906494,4.739999771118164,4.800000190734863,4.559999942779541,4.699999809265137,1022000
2016-01-28,3.3394739627838135,4.71999979019165,4.789999961853027,4.650000095367432,4.659999847412109,924000
2016-01-29,3.4880530834198,4.929999828338623,4.940000057220459,4.659999847412109,4.670000076293945,1326000
2016-02-01,3.381925344467163,4.78000020980835,5.039999961853027,4.75,4.869999885559082,906000
2016-02-02,3.4385273456573486,4.860000133514404,4.940000057220459,4.710000038146973,4.710000038146973,968120
2016-02-03,3.2757983207702637,4.630000114440918,4.730000019073486,4.590000152587891,4.650000095367432,872000
2016-02-04,3.3394739627838135,4.71999979019165,4.769999980926514,4.670000076293945,4.699999809265137,252000
2016-02-05,3.3677754402160645,4.760000228881836,4.820000171661377,4.730000019073486,4.730000019073486,632000
2016-02-11,3.2333474159240723,4.570000171661377,4.610000133514404,4.449999809265137,4.610000133514404,594118
2016-02-12,3.0140175819396973,4.260000228881836,4.5,4.239999771118164,4.409999847412109,724000
2016-02-15,3.2757983207702637,4.630000114440918,4.690000057220459,4.320000171661377,4.320000171661377,892000
2016-02-16,3.2899484634399414,4.650000095367432,4.789999961853027,4.570000171661377,4.570000171661377,1516000
2016-02-17,3.4314517974853516,4.849999904632568,4.889999866485596,4.71999979019165,4.760000228881836,1823060
2016-02-18,3.5022027492523193,4.949999809265137,4.980000019073486,4.869999885559082,4.869999885559082,989000
2016-02-19,3.558804750442505,5.03000020980835,5.090000152587891,4.889999866485596,4.889999866485596,1744400
2016-02-22,3.629556179046631,5.130000114440918,5.230000019073486,5.090000152587891,5.099999904632568,590000
2016-02-23,3.6649317741394043,5.179999828338623,5.199999809265137,5.090000152587891,5.190000057220459,712000
2016-02-24,3.6649317741394043,5.179999828338623,5.190000057220459,5.03000020980835,5.099999904632568,2066889
2016-02-25,3.6012556552886963,5.090000152587891,5.25,4.989999771118164,5.199999809265137,1544000
2016-02-26,3.7144582271575928,5.25,5.25,5.090000152587891,5.179999828338623,1518000
2016-02-29,3.4880530834198,4.929999828338623,5.230000019073486,4.889999866485596,5.210000038146973,512000
2016-03-01,3.5871055126190186,5.070000171661377,5.110000133514404,4.909999847412109,4.940000057220459,524000
2016-03-02,3.6720070838928223,5.190000057220459,5.239999771118164,5.130000114440918,5.199999809265137,694000
2016-03-03,3.5729548931121826,5.050000190734863,5.190000057220459,5.039999961853027,5.159999847412109,852000
2016-03-04,3.6366312503814697,5.139999866485596,5.179999828338623,5.010000228881836,5.010000228881836,986000
2016-03-07,3.622480630874634,5.119999885559082,5.25,5.110000133514404,5.25,526000
2016-03-08,3.5092782974243164,4.960000038146973,5.03000020980835,4.880000114440918,5.03000020980835,516000
2016-03-09,3.466827630996704,4.900000095367432,5.039999961853027,4.860000133514404,4.889999866485596,622000
2016-03-10,3.38900089263916,4.789999961853027,4.929999828338623,4.769999980926514,4.900000095367432,512000
2016-03-11,3.417301654815674,4.829999923706055,4.880000114440918,4.78000020980835,4.829999923706055,820361
2016-03-14,3.4243762493133545,4.840000152587891,4.929999828338623,4.829999923706055,4.869999885559082,714000
2016-03-15,3.3607003688812256,4.75,4.869999885559082,4.739999771118164,4.78000020980835,1080000
2016-03-16,3.396076202392578,4.800000190734863,4.820000171661377,4.739999771118164,4.809999942779541,525092
2016-03-17,3.3536245822906494,4.739999771118164,4.829999923706055,4.730000019073486,4.829999923706055,2316000
2016-03-18,3.5092782974243164,4.960000038146973,5.0,4.71999979019165,4.71999979019165,2550000
2016-03-21,3.6012556552886963,5.090000152587891,5.110000133514404,4.869999885559082,4.960000038146973,1732000
2016-03-22,3.615405797958374,5.110000133514404,5.179999828338623,4.980000019073486,5.179999828338623,1088000
2016-03-23,3.5800294876098633,5.059999942779541,5.139999866485596,5.010000228881836,5.079999923706055,1382000
2016-03-24,3.5658795833587646,5.039999961853027,5.050000190734863,4.96999979019165,5.019999980926514,478000
2016-03-29,3.38900089263916,4.789999961853027,4.989999771118164,4.670000076293945,4.989999771118164,2005000
2016-03-30,3.417301654815674,4.829999923706055,4.880000114440918,4.699999809265137,4.789999961853027,922000
2016-03-31,3.325324535369873,4.699999809265137,4.820000171661377,4.699999809265137,4.820000171661377,2172000
2016-04-01,3.226271867752075,4.559999942779541,4.699999809265137,4.550000190734863,4.699999809265137,1506000
2016-04-05,3.2121217250823975,4.539999961853027,4.559999942779541,4.480000019073486,4.5,1214000
2016-04-06,3.169670581817627,4.480000019073486,4.519999980926514,4.440000057220459,4.480000019073486,1178000
2016-04-07,3.169670581817627,4.480000019073486,4.53000020980835,4.46999979019165,4.5,898000
2016-04-08,3.1342947483062744,4.429999828338623,4.480000019073486,4.409999847412109,4.480000019073486,550600
2016-04-11,3.1979713439941406,4.519999980926514,4.53000020980835,4.440000057220459,4.449999809265137,1208000
2016-04-12,3.176745891571045,4.489999771118164,4.550000190734863,4.429999828338623,4.46999979019165,986000
2016-04-13,3.2899484634399414,4.650000095367432,4.71999979019165,4.510000228881836,4.519999980926514,3192000
2016-04-14,3.3465497493743896,4.730000019073486,4.78000020980835,4.610000133514404,4.710000038146973,2540000
2016-04-15,3.304098606109619,4.670000076293945,4.75,4.650000095367432,4.730000019073486,2108961
2016-04-18,3.24749755859375,4.590000152587891,4.710000038146973,4.559999942779541,4.710000038146973,1030000
2016-04-19,3.2828733921051025,4.639999866485596,4.670000076293945,4.590000152587891,4.659999847412109,1870200
2016-04-20,3.1979713439941406,4.519999980926514,4.690000057220459,4.5,4.659999847412109,2188000
2016-04-21,3.226271867752075,4.559999942779541,4.630000114440918,4.46999979019165,4.579999923706055,2353111
2016-04-22,3.169670581817627,4.480000019073486,4.550000190734863,4.449999809265137,4.510000228881836,1622000
2016-04-25,3.1272201538085938,4.420000076293945,4.489999771118164,4.380000114440918,4.489999771118164,1794000
2016-04-26,3.0564684867858887,4.320000171661377,4.440000057220459,4.25,4.389999866485596,2534000
2016-04-27,3.042318105697632,4.300000190734863,4.360000133514404,4.260000228881836,4.340000152587891,1646810
2016-04-28,3.0847690105438232,4.360000133514404,4.429999828338623,4.309999942779541,4.380000114440918,1933200
2016-04-29,3.0706186294555664,4.340000152587891,4.380000114440918,4.300000190734863,4.309999942779541,1054000
2016-05-03,2.9857168197631836,4.21999979019165,4.409999847412109,4.190000057220459,4.409999847412109,1638000
2016-05-04,2.9291152954101562,4.139999866485596,4.25,4.130000114440918,4.190000057220459,2022500
2016-05-05,2.964491367340088,4.190000057220459,4.210000038146973,4.119999885559082,4.119999885559082,1234000
2016-05-06,2.9008145332336426,4.099999904632568,4.21999979019165,4.090000152587891,4.179999828338623,2841647
2016-05-09,2.872514247894287,4.059999942779541,4.199999809265137,4.059999942779541,4.190000057220459,750000
2016-05-10,2.8442137241363525,4.019999980926514,4.059999942779541,3.940000057220459,3.990000009536743,2078828
2016-05-11,2.8300628662109375,4.0,4.079999923706055,3.9800000190734863,4.039999961853027,1538000
2016-05-12,2.8371384143829346,4.010000228881836,4.03000020980835,3.9600000381469727,3.990000009536743,1610000
2016-05-13,2.815912961959839,3.9800000190734863,4.010000228881836,3.9700000286102295,4.0,1086000
2016-05-16,2.8583638668060303,4.039999961853027,4.059999942779541,3.9000000953674316,3.9100000858306885,1056000
2016-05-17,2.8371384143829346,4.010000228881836,4.03000020980835,3.990000009536743,4.019999980926514,682000
2016-05-18,2.7876124382019043,3.940000057220459,4.0,3.930000066757202,3.9600000381469727,482359
2016-05-19,2.738085985183716,3.869999885559082,3.9600000381469727,3.859999895095825,3.9600000381469727,914000
2016-05-20,2.752236843109131,3.890000104904175,3.930000066757202,3.869999885559082,3.880000114440918,977426
2016-05-23,2.7734622955322266,3.9200000762939453,3.9600000381469727,3.880000114440918,3.890000104904175,479700
2016-05-24,2.752236843109131,3.890000104904175,3.930000066757202,3.859999895095825,3.890000104904175,566000
2016-05-25,2.7734622955322266,3.9200000762939453,3.9800000190734863,3.9200000762939453,3.9200000762939453,888000
2016-05-26,2.7876124382019043,3.940000057220459,3.990000009536743,3.890000104904175,3.9000000953674316,719426
2016-05-27,2.822988271713257,3.990000009536743,4.010000228881836,3.9200000762939453,3.9700000286102295,926000
2016-05-30,2.897158622741699,4.010000228881836,4.039999961853027,3.9000000953674316,3.940000057220459,648000
2016-05-31,2.962181568145752,4.099999904632568,4.139999866485596,3.9800000190734863,3.9800000190734863,1552000
2016-06-01,2.897158622741699,4.010000228881836,4.099999904632568,3.990000009536743,4.050000190734863,1922426
2016-06-02,2.8899335861206055,4.0,4.039999961853027,3.9700000286102295,3.990000009536743,1786000
2016-06-03,2.9116082191467285,4.03000020980835,4.070000171661377,3.990000009536743,4.0,692000
2016-06-06,2.8465847969055176,3.940000057220459,4.03000020980835,3.930000066757202,4.010000228881836,1840000
2016-06-07,2.8610339164733887,3.9600000381469727,4.0,3.940000057220459,3.9800000190734863,1248000
2016-06-08,2.788785696029663,3.859999895095825,4.0,3.8499999046325684,4.0,2112000
2016-06-10,2.637064218521118,3.6500000953674316,3.8499999046325684,3.6500000953674316,3.8499999046325684,2242200
2016-06-13,2.550366163253784,3.5299999713897705,3.630000114440918,3.509999990463257,3.5999999046325684,3410000
2016-06-14,2.5286920070648193,3.5,3.5299999713897705,3.490000009536743,3.5199999809265137,2150000
2016-06-15,2.550366163253784,3.5299999713897705,3.559999942779541,3.4600000381469727,3.4600000381469727,1606000
2016-06-16,2.46366810798645,3.4100000858306885,3.5199999809265137,3.4000000953674316,3.5199999809265137,3693526
2016-06-17,2.4347686767578125,3.369999885559082,3.450000047683716,3.3499999046325684,3.450000047683716,6851000
2016-06-20,2.4781179428100586,3.430000066757202,3.440000057220459,3.359999895095825,3.4000000953674316,2022000
2016-06-21,2.44921875,3.390000104904175,3.450000047683716,3.390000104904175,3.430000066757202,2322000
2016-06-22,2.5070173740386963,3.4700000286102295,3.5,3.390000104904175,3.390000104904175,5351000
2016-06-23,2.5070173740386963,3.4700000286102295,3.5,3.440000057220459,3.5,1896000
2016-06-24,2.427543878555298,3.359999895095825,3.4800000190734863,3.259999990463257,3.4600000381469727,4080000
2016-06-27,2.470893144607544,3.4200000762939453,3.450000047683716,3.2899999618530273,3.2899999618530273,1394000
2016-06-28,2.470893144607544,3.4200000762939453,3.430000066757202,3.359999895095825,3.369999885559082,1096000
2016-06-29,2.535916566848755,3.509999990463257,3.5199999809265137,3.430000066757202,3.450000047683716,2384000
2016-06-30,2.5431416034698486,3.5199999809265137,3.559999942779541,3.4800000190734863,3.559999942779541,1688000
2016-07-04,2.6081647872924805,3.609999895095825,3.609999895095825,3.5199999809265137,3.5299999713897705,3060000
2016-07-05,2.5864903926849365,3.5799999237060547,3.630000114440918,3.569999933242798,3.569999933242798,1595400
2016-07-06,2.5792653560638428,3.569999933242798,3.5799999237060547,3.5199999809265137,3.5199999809265137,1368000
2016-07-07,2.5792653560638428,3.569999933242798,3.5899999141693115,3.549999952316284,3.5899999141693115,524000
2016-07-08,2.557590961456299,3.5399999618530273,3.559999942779541,3.5399999618530273,3.559999942779541,350000
2016-07-11,2.593715190887451,3.5899999141693115,3.5999999046325684,3.549999952316284,3.549999952316284,954000
2016-07-12,2.6298398971557617,3.640000104904175,3.6500000953674316,3.569999933242798,3.609999895095825,1674000
2016-07-13,2.6298398971557617,3.640000104904175,3.700000047683716,3.630000114440918,3.6700000762939453,1830000
2016-07-14,2.637064218521118,3.6500000953674316,3.6700000762939453,3.609999895095825,3.630000114440918,768000
2016-07-15,2.615389585494995,3.619999885559082,3.680000066757202,3.5999999046325684,3.6500000953674316,2024000
2016-07-18,2.600939989089966,3.5999999046325684,3.6600000858306885,3.5899999141693115,3.630000114440918,1166000
2016-07-19,2.593715190887451,3.5899999141693115,3.619999885559082,3.559999942779541,3.619999885559082,866000
2016-07-20,2.593715190887451,3.5899999141693115,3.619999885559082,3.569999933242798,3.569999933242798,550000
2016-07-21,2.615389585494995,3.619999885559082,3.6600000858306885,3.5899999141693115,3.5899999141693115,2074000
2016-07-22,2.600939989089966,3.5999999046325684,3.630000114440918,3.5899999141693115,3.609999895095825,864000
2016-07-25,2.6515140533447266,3.6700000762939453,3.680000066757202,3.5999999046325684,3.5999999046325684,940000
2016-07-26,2.7382116317749023,3.7899999618530273,3.7899999618530273,3.630000114440918,3.640000104904175,2522304
2016-07-27,2.687638282775879,3.7200000286102295,3.8399999141693115,3.690000057220459,3.799999952316284,1928000
2016-07-28,2.702087879180908,3.740000009536743,3.7699999809265137,3.7100000381469727,3.7300000190734863,1420000
2016-07-29,2.637064218521118,3.6500000953674316,3.7699999809265137,3.6500000953674316,3.7699999809265137,1204000
2016-08-01,2.6298398971557617,3.640000104904175,3.690000057220459,3.5999999046325684,3.690000057220459,1364000
2016-08-02,2.6298398971557617,3.640000104904175,3.640000104904175,3.640000104904175,3.640000104904175,0
2016-08-03,2.593715190887451,3.5899999141693115,3.640000104904175,3.569999933242798,3.630000114440918,2360000
2016-08-04,2.6081647872924805,3.609999895095825,3.640000104904175,3.5899999141693115,3.619999885559082,824000
2016-08-05,2.687638282775879,3.7200000286102295,3.7200000286102295,3.640000104904175,3.6500000953674316,1840000
2016-08-08,2.730987071990967,3.7799999713897705,3.7799999713897705,3.700000047683716,3.7300000190734863,1114000
2016-08-09,2.7382116317749023,3.7899999618530273,3.809999942779541,3.7699999809265137,3.799999952316284,1222000
2016-08-10,2.7598862648010254,3.819999933242798,3.890000104904175,3.759999990463257,3.7799999713897705,3252000
2016-08-11,2.8104605674743652,3.890000104904175,3.9200000762939453,3.809999942779541,3.809999942779541,2138508
2016-08-12,2.8827085494995117,3.990000009536743,3.990000009536743,3.9000000953674316,3.9200000762939453,2692000
2016-08-15,2.9694066047668457,4.110000133514404,4.119999885559082,3.990000009536743,4.0,2450000
2016-08-16,3.0199801921844482,4.179999828338623,4.21999979019165,4.050000190734863,4.119999885559082,3208000
2016-08-17,2.9477319717407227,4.079999923706055,4.190000057220459,4.059999942779541,4.190000057220459,2136000
2016-08-18,2.9116082191467285,4.03000020980835,4.099999904632568,4.010000228881836,4.079999923706055,2070000
2016-08-19,2.897158622741699,4.010000228881836,4.070000171661377,4.0,4.070000171661377,1184000
2016-08-22,2.8104605674743652,3.890000104904175,4.019999980926514,3.880000114440918,4.019999980926514,2310000
2016-08-23,2.8249101638793945,3.9100000858306885,3.930000066757202,3.869999885559082,3.880000114440918,952000
2016-08-24,2.8032357692718506,3.880000114440918,3.930000066757202,3.859999895095825,3.9200000762939453,1150000
2016-08-25,2.7815608978271484,3.8499999046325684,3.9100000858306885,3.809999942779541,3.859999895095825,766000
2016-08-26,2.8249101638793945,3.9100000858306885,3.9200000762939453,3.8399999141693115,3.8399999141693115,1314000
2016-08-29,2.9332826137542725,4.059999942779541,4.139999866485596,3.950000047683716,4.039999961853027,3256000
2016-08-30,2.9477319717407227,4.079999923706055,4.159999847412109,4.019999980926514,4.159999847412109,1352000
2016-08-31,2.8899335861206055,4.0,4.110000133514404,4.0,4.099999904632568,1214000
2016-09-01,2.8827085494995117,3.990000009536743,4.03000020980835,3.9600000381469727,4.0,1218000
2016-09-02,3.00553035736084,4.159999847412109,4.239999771118164,4.019999980926514,4.03000020980835,4808000
2016-09-05,3.063328981399536,4.239999771118164,4.269999980926514,4.179999828338623,4.21999979019165,1890000
2016-09-06,3.2439498901367188,4.489999771118164,4.489999771118164,4.260000228881836,4.269999980926514,4274000
2016-09-07,3.1644771099090576,4.380000114440918,4.5,4.369999885559082,4.5,3032000
2016-09-08,3.3812222480773926,4.679999828338623,4.789999961853027,4.360000133514404,4.360000133514404,8914000
2016-09-09,3.4895944595336914,4.829999923706055,5.039999961853027,4.71999979019165,4.71999979019165,16286000
2016-09-12,3.3595476150512695,4.650000095367432,4.860000133514404,4.650000095367432,4.690000057220459,9272369
2016-09-13,3.417346477508545,4.730000019073486,4.889999866485596,4.670000076293945,4.800000190734863,4776000
2016-09-14,3.323423385620117,4.599999904632568,4.730000019073486,4.559999942779541,4.659999847412109,1664000
2016-09-15,3.4679200649261475,4.800000190734863,4.800000190734863,4.579999923706055,4.610000133514404,1228000
2016-09-19,3.4534707069396973,4.78000020980835,4.800000190734863,4.679999828338623,4.789999961853027,4086000
2016-09-20,3.3812222480773926,4.679999828338623,4.800000190734863,4.650000095367432,4.800000190734863,2499000
2016-09-21,3.3450980186462402,4.630000114440918,4.739999771118164,4.559999942779541,4.739999771118164,3506000
2016-09-22,3.417346477508545,4.730000019073486,4.809999942779541,4.659999847412109,4.710000038146973,4935559
2016-09-23,3.3812222480773926,4.679999828338623,4.78000020980835,4.650000095367432,4.71999979019165,1970000
2016-09-26,3.2584002017974854,4.510000228881836,4.710000038146973,4.480000019073486,4.710000038146973,1912000
2016-09-27,3.2439498901367188,4.489999771118164,4.519999980926514,4.440000057220459,4.449999809265137,1928000
2016-09-28,3.2295007705688477,4.46999979019165,4.489999771118164,4.369999885559082,4.460000038146973,2747000
2016-09-29,3.280074119567871,4.539999961853027,4.599999904632568,4.460000038146973,4.550000190734863,612000
2016-09-30,3.1644771099090576,4.380000114440918,4.539999961853027,4.360000133514404,4.539999961853027,1664400
2016-10-03,3.236725330352783,4.480000019073486,4.480000019073486,4.389999866485596,4.429999828338623,646000
2016-10-04,3.236725330352783,4.480000019073486,4.489999771118164,4.409999847412109,4.440000057220459,572000
2016-10-05,3.2295007705688477,4.46999979019165,4.559999942779541,4.440000057220459,4.449999809265137,876000
2016-10-06,3.2728500366210938,4.53000020980835,4.550000190734863,4.429999828338623,4.440000057220459,1590200
2016-10-07,3.236725330352783,4.480000019073486,4.590000152587891,4.449999809265137,4.590000152587891,678000
2016-10-11,3.2728500366210938,4.53000020980835,4.639999866485596,4.510000228881836,4.550000190734863,2526000
2016-10-12,3.2584002017974854,4.510000228881836,4.590000152587891,4.449999809265137,4.519999980926514,1160000
2016-10-13,3.2439498901367188,4.489999771118164,4.550000190734863,4.460000038146973,4.550000190734863,1662000
2016-10-14,3.2439498901367188,4.489999771118164,4.550000190734863,4.429999828338623,4.489999771118164,948000
2016-10-17,3.178926944732666,4.400000095367432,4.5,4.340000152587891,4.5,1308000
2016-10-18,3.2295007705688477,4.46999979019165,4.480000019073486,4.360000133514404,4.389999866485596,1408000
2016-10-19,3.2511749267578125,4.5,4.539999961853027,4.440000057220459,4.440000057220459,964000
2016-10-20,3.373997211456299,4.670000076293945,4.690000057220459,4.5,4.5,2474000
2016-10-21,3.373997211456299,4.670000076293945,4.670000076293945,4.670000076293945,4.670000076293945,0
2016-10-24,3.417346477508545,4.730000019073486,4.739999771118164,4.630000114440918,4.699999809265137,1564000
2016-10-25,3.3812222480773926,4.679999828338623,4.75,4.610000133514404,4.690000057220459,1884000
2016-10-26,3.3161983489990234,4.590000152587891,4.639999866485596,4.579999923706055,4.610000133514404,1168000
2016-10-27,3.287299394607544,4.550000190734863,4.619999885559082,4.46999979019165,4.619999885559082,908000
2016-10-28,3.222275733947754,4.460000038146973,4.550000190734863,4.449999809265137,4.550000190734863,766000
2016-10-31,3.1428024768829346,4.349999904632568,4.5,4.349999904632568,4.5,1148000
2016-11-01,3.200601100921631,4.429999828338623,4.440000057220459,4.309999942779541,4.309999942779541,878000
2016-11-02,3.157252073287964,4.369999885559082,4.420000076293945,4.289999961853027,4.360000133514404,1054000
2016-11-03,3.113903045654297,4.309999942779541,4.420000076293945,4.309999942779541,4.400000095367432,820000
2016-11-04,3.1211280822753906,4.320000171661377,4.360000133514404,4.309999942779541,4.320000171661377,782000
2016-11-07,3.2295007705688477,4.46999979019165,4.480000019073486,4.329999923706055,4.369999885559082,772000
2016-11-08,3.21505069732666,4.449999809265137,4.5,4.420000076293945,4.5,686000
2016-11-09,3.1066787242889404,4.300000190734863,4.46999979019165,4.21999979019165,4.46999979019165,1998000
2016-11-10,3.171701669692993,4.389999866485596,4.46999979019165,4.340000152587891,4.389999866485596,2260000
2016-11-11,3.1500275135040283,4.360000133514404,4.429999828338623,4.320000171661377,4.389999866485596,1730000
2016-11-14,3.1428024768829346,4.349999904632568,4.420000076293945,4.28000020980835,4.28000020980835,1253000
2016-11-15,3.1211280822753906,4.320000171661377,4.349999904632568,4.309999942779541,4.349999904632568,844000
2016-11-16,3.135577917098999,4.340000152587891,4.380000114440918,4.320000171661377,4.340000152587891,800000
2016-11-17,3.128352642059326,4.329999923706055,4.360000133514404,4.289999961853027,4.289999961853027,602000
2016-11-18,3.135577917098999,4.340000152587891,4.349999904632568,4.309999942779541,4.320000171661377,362000
2016-11-21,3.135577917098999,4.340000152587891,4.360000133514404,4.300000190734863,4.309999942779541,442000
2016-11-22,3.200601100921631,4.429999828338623,4.440000057220459,4.329999923706055,4.369999885559082,1434000
2016-11-23,3.2078258991241455,4.440000057220459,4.489999771118164,4.429999828338623,4.440000057220459,1204000
2016-11-24,3.1933765411376953,4.420000076293945,4.460000038146973,4.380000114440918,4.460000038146973,662000
2016-11-25,3.1933765411376953,4.420000076293945,4.440000057220459,4.380000114440918,4.409999847412109,778000
2016-11-28,3.2295007705688477,4.46999979019165,4.539999961853027,4.420000076293945,4.420000076293945,2238000
2016-11-29,3.1861515045166016,4.409999847412109,4.460000038146973,4.400000095367432,4.440000057220459,906000
2016-11-30,3.1861515045166016,4.409999847412109,4.449999809265137,4.369999885559082,4.449999809265137,820000
2016-12-01,3.157252073287964,4.369999885559082,4.46999979019165,4.369999885559082,4.46999979019165,702000
2016-12-02,3.113903045654297,4.309999942779541,4.389999866485596,4.309999942779541,4.389999866485596,1172000
2016-12-05,3.092228889465332,4.28000020980835,4.369999885559082,4.210000038146973,4.329999923706055,928000
2016-12-06,3.00553035736084,4.159999847412109,4.320000171661377,4.159999847412109,4.289999961853027,1684000
2016-12-07,3.070554256439209,4.25,4.25,4.150000095367432,4.210000038146973,1046000
2016-12-08,3.0416548252105713,4.210000038146973,4.289999961853027,4.179999828338623,4.289999961853027,690000
2016-12-09,2.9983060359954834,4.150000095367432,4.190000057220459,4.130000114440918,4.179999828338623,1038000
2016-12-12,2.8827085494995117,3.990000009536743,4.210000038146973,3.940000057220459,4.210000038146973,2969000
2016-12-13,2.918833017349243,4.039999961853027,4.059999942779541,3.9700000286102295,4.039999961853027,1360000
2016-12-14,2.918833017349243,4.039999961853027,4.079999923706055,4.0,4.079999923706055,646000
2016-12-15,2.839359760284424,3.930000066757202,4.010000228881836,3.9000000953674316,3.9800000190734863,987881
2016-12-16,2.853809118270874,3.950000047683716,4.0,3.859999895095825,3.9200000762939453,1392372
2016-12-19,2.7598862648010254,3.819999933242798,3.9700000286102295,3.809999942779541,3.950000047683716,1666000
2016-12-20,2.730987071990967,3.7799999713897705,3.859999895095825,3.7699999809265137,3.799999952316284,1428200
2016-12-21,2.7598862648010254,3.819999933242798,3.8499999046325684,3.75,3.799999952316284,724200
2016-12-22,2.7382116317749023,3.7899999618530273,3.8499999046325684,3.7699999809265137,3.819999933242798,476000
2016-12-23,2.7165374755859375,3.759999990463257,3.7899999618530273,3.75,3.75,230000
2016-12-28,2.8032357692718506,3.880000114440918,3.880000114440918,3.7200000286102295,3.7300000190734863,904200
2016-12-29,2.8465847969055176,3.940000057220459,3.940000057220459,3.8399999141693115,3.859999895095825,1111794
2016-12-30,2.940507173538208,4.070000171661377,4.070000171661377,3.890000104904175,3.9100000858306885,1250000
2017-01-03,2.9043831825256348,4.019999980926514,4.050000190734863,3.940000057220459,4.050000190734863,886000
2017-01-04,2.8827085494995117,3.990000009536743,4.050000190734863,3.9800000190734863,4.0,594000
2017-01-05,2.875483989715576,3.9800000190734863,4.039999961853027,3.9700000286102295,4.0,1004000
2017-01-06,2.8610339164733887,3.9600000381469727,4.079999923706055,3.950000047683716,3.9700000286102295,2524922
2017-01-09,2.8610339164733887,3.9600000381469727,4.03000020980835,3.940000057220459,3.950000047683716,1148000
2017-01-10,2.8610339164733887,3.9600000381469727,4.019999980926514,3.950000047683716,3.9700000286102295,2566000
2017-01-11,2.8465847969055176,3.940000057220459,3.9700000286102295,3.940000057220459,3.9700000286102295,2266000
2017-01-12,2.940507173538208,4.070000171661377,4.079999923706055,3.940000057220459,3.940000057220459,3566476
2017-01-13,2.918833017349243,4.039999961853027,4.099999904632568,4.019999980926514,4.090000152587891,1084000
2017-01-16,2.839359760284424,3.930000066757202,4.03000020980835,3.9100000858306885,3.990000009536743,1714000
2017-01-17,2.8682589530944824,3.9700000286102295,3.9800000190734863,3.9100000858306885,3.930000066757202,972000
2017-01-18,2.918833017349243,4.039999961853027,4.059999942779541,4.0,3.990000009536743,1423000
2017-01-19,2.9116082191467285,4.03000020980835,4.050000190734863,3.990000009536743,4.050000190734863,1074000
2017-01-20,2.918833017349243,4.039999961853027,4.079999923706055,3.990000009536743,3.990000009536743,1650000
2017-01-23,2.962181568145752,4.099999904632568,4.139999866485596,4.059999942779541,4.070000171661377,1328000
2017-01-24,2.9983060359954834,4.150000095367432,4.159999847412109,4.090000152587891,4.099999904632568,1664000
2017-01-25,2.9694066047668457,4.110000133514404,4.170000076293945,4.079999923706055,4.170000076293945,356000
2017-01-26,3.048879384994507,4.21999979019165,4.230000019073486,4.119999885559082,4.150000095367432,1290000
2017-01-27,3.0344295501708984,4.199999809265137,4.210000038146973,4.170000076293945,4.190000057220459,126000
2017-02-01,3.0127556324005127,4.170000076293945,4.179999828338623,4.110000133514404,4.179999828338623,270000
2017-02-02,2.9694066047668457,4.110000133514404,4.190000057220459,4.099999904632568,4.159999847412109,516000
2017-02-03,2.9910807609558105,4.139999866485596,4.159999847412109,4.110000133514404,4.119999885559082,1037470
2017-02-06,3.063328981399536,4.239999771118164,4.28000020980835,4.119999885559082,4.179999828338623,2340800
2017-02-07,3.063328981399536,4.239999771118164,4.289999961853027,4.190000057220459,4.289999961853027,790000
2017-02-08,3.0850040912628174,4.269999980926514,4.300000190734863,4.159999847412109,4.21999979019165,2702000
2017-02-09,3.157252073287964,4.369999885559082,4.400000095367432,4.289999961853027,4.289999961853027,2824000
2017-02-10,3.157252073287964,4.369999885559082,4.440000057220459,4.360000133514404,4.380000114440918,1768000
2017-02-13,3.1861515045166016,4.409999847412109,4.420000076293945,4.320000171661377,4.420000076293945,1554000
2017-02-14,3.128352642059326,4.329999923706055,4.429999828338623,4.300000190734863,4.400000095367432,2354000
2017-02-15,3.157252073287964,4.369999885559082,4.420000076293945,4.340000152587891,4.369999885559082,2768000
2017-02-16,3.157252073287964,4.369999885559082,4.400000095367432,4.340000152587891,4.369999885559082,2812000
2017-02-17,3.0994534492492676,4.289999961853027,4.380000114440918,4.269999980926514,4.380000114440918,1832000
2017-02-20,3.1211280822753906,4.320000171661377,4.360000133514404,4.289999961853027,4.289999961853027,868000
2017-02-21,3.135577917098999,4.340000152587891,4.389999866485596,4.300000190734863,4.300000190734863,1542000
2017-02-22,3.21505069732666,4.449999809265137,4.5,4.329999923706055,4.329999923706055,2354000
2017-02-23,3.1933765411376953,4.420000076293945,4.510000228881836,4.380000114440918,4.420000076293945,1700200
2017-02-24,3.1500275135040283,4.360000133514404,4.420000076293945,4.320000171661377,4.409999847412109,1368033
2017-02-27,3.2511749267578125,4.5,4.539999961853027,4.349999904632568,4.349999904632568,3340000
2017-02-28,3.200601100921631,4.429999828338623,4.5,4.409999847412109,4.46999979019165,1618000
2017-03-01,3.1933765411376953,4.420000076293945,4.480000019073486,4.389999866485596,4.409999847412109,1578000
2017-03-02,3.2078258991241455,4.440000057220459,4.510000228881836,4.429999828338623,4.489999771118164,1802000
2017-03-03,3.135577917098999,4.340000152587891,4.429999828338623,4.340000152587891,4.400000095367432,1436000
2017-03-06,3.1933765411376953,4.420000076293945,4.440000057220459,4.349999904632568,4.389999866485596,1282200
2017-03-07,3.200601100921631,4.429999828338623,4.429999828338623,4.389999866485596,4.400000095367432,534000
2017-03-08,3.1861515045166016,4.409999847412109,4.46999979019165,4.380000114440918,4.400000095367432,890000
2017-03-09,3.1211280822753906,4.320000171661377,4.409999847412109,4.28000020980835,4.409999847412109,1420000
2017-03-10,3.0850040912628174,4.269999980926514,4.300000190734863,4.239999771118164,4.300000190734863,668000
2017-03-13,3.0994534492492676,4.289999961853027,4.320000171661377,4.199999809265137,4.239999771118164,1248000
2017-03-14,3.092228889465332,4.28000020980835,4.309999942779541,4.230000019073486,4.309999942779541,1122000
2017-03-15,3.0994534492492676,4.289999961853027,4.320000171661377,4.230000019073486,4.239999771118164,1222000
2017-03-16,3.128352642059326,4.329999923706055,4.360000133514404,4.289999961853027,4.309999942779541,4098043
2017-03-17,3.135577917098999,4.340000152587891,4.429999828338623,4.329999923706055,4.349999904632568,1488600
2017-03-20,3.1428024768829346,4.349999904632568,4.389999866485596,4.300000190734863,4.340000152587891,2592000
2017-03-21,3.1933765411376953,4.420000076293945,4.429999828338623,4.329999923706055,4.349999904632568,2842000
2017-03-22,3.157252073287964,4.369999885559082,4.409999847412109,4.329999923706055,4.349999904632568,2012000
2017-03-23,3.1428024768829346,4.349999904632568,4.400000095367432,4.340000152587891,4.369999885559082,868000
2017-03-24,3.128352642059326,4.329999923706055,4.360000133514404,4.300000190734863,4.349999904632568,1426000
2017-03-27,3.070554256439209,4.25,4.380000114440918,4.21999979019165,4.329999923706055,1308000
2017-03-28,3.063328981399536,4.239999771118164,4.289999961853027,4.199999809265137,4.25,1630000
2017-03-29,3.0127556324005127,4.170000076293945,4.25,4.150000095367432,4.25,1328000
2017-03-30,3.063328981399536,4.239999771118164,4.320000171661377,4.199999809265137,4.300000190734863,1646000
2017-03-31,3.0416548252105713,4.210000038146973,4.260000228881836,4.159999847412109,4.260000228881836,894000
2017-04-03,3.410121202468872,4.71999979019165,4.78000020980835,4.239999771118164,4.239999771118164,11734000
2017-04-05,3.410121202468872,4.71999979019165,4.980000019073486,4.650000095367432,4.820000171661377,19282000
2017-04-06,3.3161983489990234,4.590000152587891,4.78000020980835,4.510000228881836,4.78000020980835,7650000
2017-04-07,3.5040442943573,4.849999904632568,4.929999828338623,4.519999980926514,4.610000133514404,14958000
2017-04-10,3.648541212081909,5.050000190734863,5.159999847412109,4.880000114440918,4.920000076293945,20562000
2017-04-11,3.6846652030944824,5.099999904632568,5.260000228881836,5.059999942779541,5.099999904632568,17896000
2017-04-12,3.590742349624634,4.96999979019165,5.190000057220459,4.929999828338623,5.079999923706055,8994100
2017-04-13,3.5546183586120605,4.920000076293945,4.980000019073486,4.849999904632568,4.960000038146973,5022000
2017-04-18,3.3884472846984863,4.690000057220459,4.860000133514404,4.659999847412109,4.829999923706055,7988000
2017-04-19,3.5257186889648438,4.880000114440918,4.889999866485596,4.599999904632568,4.690000057220459,9950000
2017-04-20,3.6196417808532715,5.010000228881836,5.079999923706055,4.78000020980835,4.820000171661377,9904000
2017-04-21,3.475145101547241,4.809999942779541,5.039999961853027,4.800000190734863,5.039999961853027,3660000
2017-04-24,3.496819496154785,4.840000152587891,4.929999828338623,4.809999942779541,4.860000133514404,3628000
2017-04-25,3.605191707611084,4.989999771118164,5.019999980926514,4.800000190734863,4.840000152587891,8726000
2017-04-26,3.7280139923095703,5.159999847412109,5.230000019073486,4.989999771118164,5.019999980926514,13404000
2017-04-27,3.7063398361206055,5.130000114440918,5.440000057220459,5.110000133514404,5.179999828338623,18220000
2017-04-28,3.82193660736084,5.289999961853027,5.309999942779541,5.139999866485596,5.170000076293945,8124000
2017-05-02,3.742464065551758,5.179999828338623,5.289999961853027,5.070000171661377,5.260000228881836,11850000
2017-05-04,3.7280139923095703,5.159999847412109,5.260000228881836,5.099999904632568,5.159999847412109,6022000
2017-05-05,3.5257186889648438,4.880000114440918,5.119999885559082,4.869999885559082,5.119999885559082,6418000
2017-05-08,3.5040442943573,4.849999904632568,4.960000038146973,4.820000171661377,4.920000076293945,4490000
2017-05-09,3.6124167442321777,5.0,5.010000228881836,4.789999961853027,4.860000133514404,5194706
2017-05-10,3.5257186889648438,4.880000114440918,5.039999961853027,4.869999885559082,5.0,4124000
2017-05-11,3.677440881729126,5.090000152587891,5.090000152587891,4.900000095367432,4.909999847412109,5640000
2017-05-12,3.908634901046753,5.409999847412109,5.519999980926514,5.059999942779541,5.110000133514404,18008000
2017-05-15,4.110930442810059,5.690000057220459,5.78000020980835,5.420000076293945,5.420000076293945,17534000
2017-05-16,4.110930442810059,5.690000057220459,5.739999771118164,5.53000020980835,5.659999847412109,6075000
2017-05-17,4.0892558097839355,5.659999847412109,5.699999809265137,5.559999942779541,5.659999847412109,5464000
2017-05-18,3.8797354698181152,5.369999885559082,5.760000228881836,5.300000190734863,5.579999923706055,8030000
2017-05-19,3.930309772491455,5.440000057220459,5.519999980926514,5.380000114440918,5.409999847412109,3452000
2017-05-22,3.8475284576416016,5.21999979019165,5.380000114440918,5.21999979019165,5.380000114440918,3268000
2017-05-23,3.8033039569854736,5.159999847412109,5.289999961853027,5.130000114440918,5.239999771118164,3807100
2017-05-24,3.8475284576416016,5.21999979019165,5.239999771118164,5.079999923706055,5.139999866485596,3450000
2017-05-25,3.8180458545684814,5.179999828338623,5.260000228881836,5.099999904632568,5.260000228881836,2084000
2017-05-26,3.744338274002075,5.079999923706055,5.170000076293945,5.010000228881836,5.170000076293945,2846000
2017-05-29,3.714855194091797,5.039999961853027,5.150000095367432,5.019999980926514,5.079999923706055,1406000
2017-05-31,3.759079694747925,5.099999904632568,5.170000076293945,5.019999980926514,5.059999942779541,4646000
2017-06-01,3.62640643119812,4.920000076293945,5.110000133514404,4.869999885559082,5.070000171661377,4653000
2017-06-02,3.589552402496338,4.869999885559082,5.019999980926514,4.849999904632568,4.929999828338623,3856000
2017-06-05,3.589552402496338,4.869999885559082,4.949999809265137,4.829999923706055,4.869999885559082,4510000
2017-06-06,3.619035243988037,4.909999847412109,4.920000076293945,4.829999923706055,4.849999904632568,2073918
2017-06-07,3.6853721141815186,5.0,5.110000133514404,4.809999942779541,4.909999847412109,8588000
2017-06-08,3.6853721141815186,5.0,5.019999980926514,4.900000095367432,4.980000019073486,4014000
2017-06-09,3.5969231128692627,4.880000114440918,5.0,4.880000114440918,5.0,2292000
2017-06-12,3.545328140258789,4.809999942779541,4.920000076293945,4.800000190734863,4.900000095367432,3164000
2017-06-13,3.51584529876709,4.769999980926514,4.809999942779541,4.75,4.800000190734863,3972000
2017-06-14,3.5674402713775635,4.840000152587891,4.849999904632568,4.75,4.800000190734863,3015000
2017-06-15,3.545328140258789,4.809999942779541,4.849999904632568,4.809999942779541,4.820000171661377,1398000
2017-06-16,3.795933246612549,5.150000095367432,5.179999828338623,4.809999942779541,4.809999942779541,13365000
2017-06-19,3.759079694747925,5.099999904632568,5.199999809265137,5.03000020980835,5.139999866485596,3550000
2017-06-20,3.869640350341797,5.25,5.369999885559082,5.099999904632568,5.130000114440918,14345000
2017-06-21,3.8548989295959473,5.230000019073486,5.320000171661377,5.150000095367432,5.239999771118164,4714843
2017-06-22,3.788562774658203,5.139999866485596,5.300000190734863,5.090000152587891,5.239999771118164,4632000
2017-06-23,3.795933246612549,5.150000095367432,5.179999828338623,5.059999942779541,5.139999866485596,2446000
2017-06-26,3.8180458545684814,5.179999828338623,5.190000057220459,5.119999885559082,5.179999828338623,2314000
2017-06-27,3.869640350341797,5.25,5.389999866485596,5.150000095367432,5.179999828338623,6165000
2017-06-28,3.8917531967163086,5.28000020980835,5.329999923706055,5.179999828338623,5.239999771118164,3936000
2017-06-29,3.8622701168060303,5.239999771118164,5.349999904632568,5.199999809265137,5.300000190734863,3612000
2017-06-30,3.8106746673583984,5.170000076293945,5.230000019073486,5.119999885559082,5.199999809265137,2284000
2017-07-03,3.9286065101623535,5.329999923706055,5.349999904632568,5.25,5.260000228881836,6322000
2017-07-04,3.877012014389038,5.260000228881836,5.440000057220459,5.179999828338623,5.300000190734863,4721000
2017-07-05,3.877012014389038,5.260000228881836,5.260000228881836,5.170000076293945,5.21999979019165,2004000
2017-07-06,3.8843817710876465,5.269999980926514,5.28000020980835,5.230000019073486,5.28000020980835,1322000
2017-07-07,3.8475284576416016,5.21999979019165,5.260000228881836,5.179999828338623,5.21999979019165,1821294
2017-07-10,3.8401572704315186,5.210000038146973,5.300000190734863,5.210000038146973,5.21999979019165,1342000
2017-07-11,3.8106746673583984,5.170000076293945,5.239999771118164,5.110000133514404,5.21999979019165,2726000
2017-07-12,3.7369675636291504,5.070000171661377,5.210000038146973,5.0,5.179999828338623,4279000
2017-07-13,3.8033039569854736,5.159999847412109,5.190000057220459,5.099999904632568,5.110000133514404,2412000
2017-07-14,3.8106746673583984,5.170000076293945,5.190000057220459,5.130000114440918,5.139999866485596,2260000
2017-07-17,3.7369675636291504,5.070000171661377,5.269999980926514,5.03000020980835,5.21999979019165,3418000
2017-07-18,3.744338274002075,5.079999923706055,5.099999904632568,5.03000020980835,5.039999961853027,2186000
2017-07-19,3.795933246612549,5.150000095367432,5.150000095367432,5.050000190734863,5.050000190734863,4396000
2017-07-20,3.759079694747925,5.099999904632568,5.159999847412109,5.099999904632568,5.139999866485596,2791623
2017-07-21,3.832787036895752,5.199999809265137,5.28000020980835,5.079999923706055,5.079999923706055,5822600
2017-07-24,3.832787036895752,5.199999809265137,5.300000190734863,5.170000076293945,5.199999809265137,4012000
2017-07-25,3.8033039569854736,5.159999847412109,5.21999979019165,5.139999866485596,5.199999809265137,1754000
2017-07-26,3.7369675636291504,5.070000171661377,5.199999809265137,5.039999961853027,5.159999847412109,3515000
2017-07-27,3.759079694747925,5.099999904632568,5.110000133514404,5.050000190734863,5.079999923706055,1338000
2017-07-28,3.7295966148376465,5.059999942779541,5.110000133514404,5.010000228881836,5.110000133514404,1752000
2017-07-31,3.700113534927368,5.019999980926514,5.099999904632568,5.0,5.059999942779541,2008000
2017-08-01,3.744338274002075,5.079999923706055,5.159999847412109,5.03000020980835,5.03000020980835,3694000
2017-08-02,3.7664506435394287,5.110000133514404,5.159999847412109,5.059999942779541,5.130000114440918,2522000
2017-08-03,3.751709461212158,5.090000152587891,5.179999828338623,5.059999942779541,5.110000133514404,2802000
2017-08-04,3.722226142883301,5.050000190734863,5.090000152587891,5.03000020980835,5.070000171661377,1448000
2017-08-07,3.8106746673583984,5.170000076293945,5.179999828338623,5.050000190734863,5.050000190734863,3073000
2017-08-08,3.8106746673583984,5.170000076293945,5.25,5.119999885559082,5.190000057220459,4348000
2017-08-09,3.788562774658203,5.139999866485596,5.179999828338623,5.090000152587891,5.170000076293945,1752000
2017-08-10,3.6042933464050293,4.889999866485596,5.110000133514404,4.889999866485596,5.099999904632568,5618000
2017-08-11,3.471620798110962,4.710000038146973,4.860000133514404,4.690000057220459,4.860000133514404,6817000
2017-08-14,3.5748109817504883,4.849999904632568,4.880000114440918,4.739999771118164,4.739999771118164,2904000
2017-08-15,3.545328140258789,4.809999942779541,4.900000095367432,4.809999942779541,4.880000114440918,1356000
2017-08-16,3.5674402713775635,4.840000152587891,4.840000152587891,4.800000190734863,4.840000152587891,1082000
2017-08-17,3.537957191467285,4.800000190734863,4.860000133514404,4.760000228881836,4.860000133514404,2202000
2017-08-18,3.5748109817504883,4.849999904632568,4.920000076293945,4.760000228881836,4.760000228881836,2914000
2017-08-21,3.582181930541992,4.860000133514404,4.880000114440918,4.800000190734863,4.869999885559082,870000
2017-08-22,3.619035243988037,4.909999847412109,4.940000057220459,4.869999885559082,4.869999885559082,1394000
2017-08-23,3.619035243988037,4.909999847412109,4.909999847412109,4.909999847412109,4.909999847412109,0
2017-08-24,3.619035243988037,4.909999847412109,4.949999809265137,4.889999866485596,4.929999828338623,1415400
2017-08-25,3.6411478519439697,4.940000057220459,4.949999809265137,4.849999904632568,4.900000095367432,1276000
2017-08-28,3.6411478519439697,4.940000057220459,4.989999771118164,4.909999847412109,4.940000057220459,1548000
2017-08-29,3.6116647720336914,4.900000095367432,4.96999979019165,4.880000114440918,4.940000057220459,1448000
2017-08-30,3.6116647720336914,4.900000095367432,4.96999979019165,4.880000114440918,4.889999866485596,2082000
2017-08-31,3.6558895111083984,4.960000038146973,4.96999979019165,4.849999904632568,4.889999866485596,2546000
2017-09-01,3.7295966148376465,5.059999942779541,5.070000171661377,4.940000057220459,4.960000038146973,2327000
2017-09-04,3.9802019596099854,5.400000095367432,5.409999847412109,4.989999771118164,5.0,17948000
2017-09-05,3.906494617462158,5.300000190734863,5.429999828338623,5.28000020980835,5.400000095367432,5884000
2017-09-06,3.869640350341797,5.25,5.289999961853027,5.150000095367432,5.289999961853027,3729000
2017-09-07,3.8401572704315186,5.210000038146973,5.320000171661377,5.170000076293945,5.28000020980835,3154000
2017-09-08,3.8106746673583984,5.170000076293945,5.21999979019165,5.150000095367432,5.210000038146973,1636000
2017-09-11,3.832787036895752,5.199999809265137,5.260000228881836,5.170000076293945,5.170000076293945,2419000
2017-09-12,3.8180458545684814,5.179999828338623,5.210000038146973,5.150000095367432,5.199999809265137,1574000
2017-09-13,3.832787036895752,5.199999809265137,5.210000038146973,5.130000114440918,5.179999828338623,1406200
2017-09-14,3.8180458545684814,5.179999828338623,5.210000038146973,5.150000095367432,5.179999828338623,1287000
2017-09-15,3.7369675636291504,5.070000171661377,5.170000076293945,5.03000020980835,5.170000076293945,3232000
2017-09-18,3.759079694747925,5.099999904632568,5.110000133514404,5.0,5.050000190734863,2775993
2017-09-19,3.7369675636291504,5.070000171661377,5.130000114440918,5.039999961853027,5.079999923706055,1760197
2017-09-20,3.759079694747925,5.099999904632568,5.150000095367432,5.010000228881836,5.079999923706055,2396000
2017-09-21,3.7295966148376465,5.059999942779541,5.130000114440918,5.03000020980835,5.099999904632568,1290000
2017-09-22,3.670631170272827,4.980000019073486,5.03000020980835,4.940000057220459,5.039999961853027,2143000
2017-09-25,3.5969231128692627,4.880000114440918,4.989999771118164,4.840000152587891,4.960000038146973,3788000
2017-09-26,3.619035243988037,4.909999847412109,4.949999809265137,4.849999904632568,4.860000133514404,1560000
2017-09-27,3.6337764263153076,4.929999828338623,4.940000057220459,4.880000114440918,4.929999828338623,1012200
2017-09-28,3.6116647720336914,4.900000095367432,4.929999828338623,4.869999885559082,4.909999847412109,632000
2017-09-29,3.62640643119812,4.920000076293945,4.960000038146973,4.869999885559082,4.900000095367432,740000
2017-10-03,3.6337764263153076,4.929999828338623,4.960000038146973,4.900000095367432,4.900000095367432,685000
2017-10-04,3.6558895111083984,4.960000038146973,5.059999942779541,4.949999809265137,4.980000019073486,1058000
2017-10-06,3.6780014038085938,4.989999771118164,5.019999980926514,4.940000057220459,5.019999980926514,1200600
2017-10-09,3.62640643119812,4.920000076293945,4.989999771118164,4.909999847412109,4.980000019073486,1730000
2017-10-10,3.744338274002075,5.079999923706055,5.079999923706055,4.920000076293945,4.920000076293945,3262000
2017-10-11,3.6927430629730225,5.010000228881836,5.079999923706055,5.0,5.079999923706055,1662000
2017-10-12,3.707484722137451,5.03000020980835,5.090000152587891,5.010000228881836,5.010000228881836,1768000
2017-10-13,3.877012014389038,5.260000228881836,5.269999980926514,4.989999771118164,5.079999923706055,8846000
2017-10-16,3.8548989295959473,5.230000019073486,5.300000190734863,5.159999847412109,5.28000020980835,4646000
2017-10-17,3.7738213539123535,5.119999885559082,5.230000019073486,5.119999885559082,5.230000019073486,2434000
2017-10-18,3.795933246612549,5.150000095367432,5.239999771118164,5.099999904632568,5.119999885559082,2184000
2017-10-19,3.6558895111083984,4.960000038146973,5.190000057220459,4.929999828338623,5.190000057220459,3796000
2017-10-20,3.722226142883301,5.050000190734863,5.059999942779541,4.96999979019165,5.0,1846000
2017-10-23,3.869640350341797,5.25,5.25,4.989999771118164,5.050000190734863,5911000
2017-10-24,3.744338274002075,5.079999923706055,5.239999771118164,5.03000020980835,5.239999771118164,3024000
2017-10-25,3.7738213539123535,5.119999885559082,5.170000076293945,5.079999923706055,5.119999885559082,1756000
2017-10-26,3.744338274002075,5.079999923706055,5.110000133514404,5.050000190734863,5.079999923706055,1562000
2017-10-27,3.714855194091797,5.039999961853027,5.130000114440918,5.019999980926514,5.110000133514404,1620000
2017-10-30,3.6558895111083984,4.960000038146973,5.099999904632568,4.949999809265137,5.090000152587891,2084000
2017-10-31,3.663259983062744,4.96999979019165,4.96999979019165,4.909999847412109,4.920000076293945,1257640
2017-11-01,3.6485183238983154,4.949999809265137,4.980000019073486,4.909999847412109,4.980000019073486,1766000
2017-11-02,3.707484722137451,5.03000020980835,5.099999904632568,4.920000076293945,4.949999809265137,2274600
2017-11-03,3.62640643119812,4.920000076293945,5.03000020980835,4.909999847412109,5.03000020980835,1744000
2017-11-06,3.619035243988037,4.909999847412109,4.920000076293945,4.860000133514404,4.900000095367432,2102000
2017-11-07,3.62640643119812,4.920000076293945,4.96999979019165,4.889999866485596,4.929999828338623,1366000
2017-11-08,3.6116647720336914,4.900000095367432,4.920000076293945,4.880000114440918,4.889999866485596,1082000
2017-11-09,3.6116647720336914,4.900000095367432,4.920000076293945,4.889999866485596,4.900000095367432,1200000
2017-11-10,3.589552402496338,4.869999885559082,4.900000095367432,4.869999885559082,4.900000095367432,1340000
2017-11-13,3.5600695610046387,4.829999923706055,4.889999866485596,4.789999961853027,4.889999866485596,1822000
2017-11-14,3.5526986122131348,4.820000171661377,4.869999885559082,4.809999942779541,4.820000171661377,1050000
2017-11-15,3.4863622188568115,4.730000019073486,4.820000171661377,4.690000057220459,4.809999942779541,2206000
2017-11-16,3.434767007827759,4.659999847412109,4.75,4.639999866485596,4.75,1850000
2017-11-17,3.2799811363220215,4.449999809265137,4.710000038146973,4.420000076293945,4.710000038146973,3655623
2017-11-20,3.2504982948303223,4.409999847412109,4.5,4.349999904632568,4.449999809265137,2040000
2017-11-21,3.228386163711548,4.380000114440918,4.440000057220459,4.349999904632568,4.409999847412109,1896000
2017-11-22,3.3094639778137207,4.489999771118164,4.53000020980835,4.380000114440918,4.380000114440918,1910000
2017-11-23,3.2726101875305176,4.440000057220459,4.570000171661377,4.420000076293945,4.460000038146973,1324000
2017-11-24,3.3094639778137207,4.489999771118164,4.489999771118164,4.440000057220459,4.460000038146973,878000
2017-11-27,3.2947230339050293,4.46999979019165,4.550000190734863,4.460000038146973,4.489999771118164,1594000
2017-11-28,3.257869243621826,4.420000076293945,4.519999980926514,4.349999904632568,4.46999979019165,1304000
2017-11-29,3.257869243621826,4.420000076293945,4.449999809265137,4.389999866485596,4.420000076293945,1549000
2017-11-30,3.1989033222198486,4.340000152587891,4.420000076293945,4.309999942779541,4.420000076293945,1154000
2017-12-01,3.2136447429656982,4.360000133514404,4.429999828338623,4.309999942779541,4.369999885559082,1426000
2017-12-04,3.2136447429656982,4.360000133514404,4.420000076293945,4.360000133514404,4.409999847412109,640000
2017-12-05,3.2136447429656982,4.360000133514404,4.389999866485596,4.349999904632568,4.389999866485596,746000
2017-12-06,3.1104538440704346,4.21999979019165,4.380000114440918,4.159999847412109,4.369999885559082,2150000
2017-12-07,3.1104538440704346,4.21999979019165,4.400000095367432,4.199999809265137,4.28000020980835,1088000
2017-12-08,3.147308111190796,4.269999980926514,4.269999980926514,4.190000057220459,4.190000057220459,892000
2017-12-11,3.1546788215637207,4.28000020980835,4.320000171661377,4.269999980926514,4.269999980926514,1246000
2017-12-12,3.147308111190796,4.269999980926514,4.309999942779541,4.25,4.25,814000
2017-12-13,3.2062737941741943,4.349999904632568,4.360000133514404,4.28000020980835,4.300000190734863,1386000
2017-12-14,3.176790714263916,4.309999942779541,4.349999904632568,4.28000020980835,4.340000152587891,950000
2017-12-15,3.2062737941741943,4.349999904632568,4.380000114440918,4.28000020980835,4.329999923706055,860200
2017-12-18,3.18416166305542,4.320000171661377,4.349999904632568,4.289999961853027,4.349999904632568,562000
2017-12-19,3.265239715576172,4.429999828338623,4.429999828338623,4.300000190734863,4.300000190734863,964000
2017-12-20,3.2357566356658936,4.389999866485596,4.449999809265137,4.369999885559082,4.420000076293945,696000
2017-12-21,3.2947230339050293,4.46999979019165,4.550000190734863,4.409999847412109,4.409999847412109,2026000
2017-12-22,3.3168349266052246,4.5,4.53000020980835,4.46999979019165,4.5,1340000
2017-12-27,3.3094639778137207,4.489999771118164,4.559999942779541,4.429999828338623,4.559999942779541,1582000
2017-12-28,3.2726101875305176,4.440000057220459,4.5,4.409999847412109,4.480000019073486,1100000
2017-12-29,3.2799811363220215,4.449999809265137,4.480000019073486,4.440000057220459,4.449999809265137,554000
2018-01-02,3.346317768096924,4.539999961853027,4.579999923706055,4.480000019073486,4.480000019073486,1762000
2018-01-03,3.5969231128692627,4.880000114440918,4.900000095367432,4.550000190734863,4.550000190734863,9745938
2018-01-04,3.5600695610046387,4.829999923706055,4.980000019073486,4.789999961853027,4.880000114440918,8190000
2018-01-05,3.51584529876709,4.769999980926514,4.860000133514404,4.75,4.849999904632568,1832000
2018-01-08,3.537957191467285,4.800000190734863,4.809999942779541,4.71999979019165,4.71999979019165,1092000
2018-01-09,3.508474349975586,4.760000228881836,4.869999885559082,4.710000038146973,4.800000190734863,1564000
2018-01-10,3.464250326156616,4.699999809265137,4.769999980926514,4.699999809265137,4.760000228881836,1118000
2018-01-11,3.5232162475585938,4.78000020980835,4.78000020980835,4.679999828338623,4.699999809265137,1170000
2018-01-12,3.5232162475585938,4.78000020980835,4.789999961853027,4.739999771118164,4.769999980926514,766000
2018-01-15,3.4495084285736084,4.679999828338623,4.800000190734863,4.630000114440918,4.800000190734863,1458000
2018-01-16,3.5011038780212402,4.75,4.769999980926514,4.679999828338623,4.679999828338623,1394000
2018-01-17,3.4789910316467285,4.71999979019165,4.75,4.650000095367432,4.75,1473000
2018-01-18,3.471620798110962,4.710000038146973,4.75,4.690000057220459,4.699999809265137,890000
2018-01-19,3.4863622188568115,4.730000019073486,4.75,4.679999828338623,4.710000038146973,1300000
2018-01-22,3.5526986122131348,4.820000171661377,4.820000171661377,4.650000095367432,4.739999771118164,1494000
2018-01-23,3.508474349975586,4.760000228881836,4.789999961853027,4.71999979019165,4.78000020980835,2084000
2018-01-24,3.5526986122131348,4.820000171661377,4.820000171661377,4.710000038146973,4.769999980926514,1696000
2018-01-25,3.5748109817504883,4.849999904632568,4.929999828338623,4.78000020980835,4.829999923706055,1894200
2018-01-26,3.589552402496338,4.869999885559082,4.949999809265137,4.849999904632568,4.889999866485596,1628000
2018-01-29,3.508474349975586,4.760000228881836,4.889999866485596,4.760000228881836,4.889999866485596,1650000
2018-01-30,3.4863622188568115,4.730000019073486,4.800000190734863,4.679999828338623,4.75,1502000
2018-01-31,3.464250326156616,4.699999809265137,4.710000038146973,4.650000095367432,4.710000038146973,1396000
2018-02-01,3.383171558380127,4.590000152587891,4.730000019073486,4.579999923706055,4.690000057220459,1864000
2018-02-02,3.3979129791259766,4.610000133514404,4.639999866485596,4.550000190734863,4.570000171661377,1326000
2018-02-05,3.383171558380127,4.590000152587891,4.619999885559082,4.519999980926514,4.519999980926514,1198000
2018-02-06,3.221015214920044,4.369999885559082,4.510000228881836,4.300000190734863,4.510000228881836,3384000
2018-02-07,3.2062737941741943,4.349999904632568,4.53000020980835,4.320000171661377,4.53000020980835,1268100
2018-02-08,3.2136447429656982,4.360000133514404,4.400000095367432,4.289999961853027,4.289999961853027,864000
2018-02-09,3.0809710025787354,4.179999828338623,4.28000020980835,4.139999866485596,4.28000020980835,1907000
2018-02-12,3.103083372116089,4.210000038146973,4.25,4.170000076293945,4.179999828338623,1201000
2018-02-13,3.132566452026367,4.25,4.320000171661377,4.25,4.289999961853027,422000
2018-02-14,3.18416166305542,4.320000171661377,4.320000171661377,4.170000076293945,4.210000038146973,458000
2018-02-15,3.2357566356658936,4.389999866485596,4.389999866485596,4.309999942779541,4.320000171661377,324000
2018-02-20,3.228386163711548,4.380000114440918,4.420000076293945,4.320000171661377,4.369999885559082,340000
2018-02-21,3.2799811363220215,4.449999809265137,4.449999809265137,4.369999885559082,4.389999866485596,208000
2018-02-22,3.302093267440796,4.480000019073486,4.53000020980835,4.349999904632568,4.360000133514404,1502000
2018-02-23,3.4052839279174805,4.619999885559082,4.730000019073486,4.519999980926514,4.550000190734863,2272000
2018-02-26,3.420025587081909,4.639999866485596,4.690000057220459,4.599999904632568,4.659999847412109,1504000
2018-02-27,3.3905422687530518,4.599999904632568,4.670000076293945,4.550000190734863,4.670000076293945,850000
2018-02-28,3.3610591888427734,4.559999942779541,4.610000133514404,4.53000020980835,4.53000020980835,556000
2018-03-01,3.3684301376342773,4.570000171661377,4.590000152587891,4.53000020980835,4.53000020980835,570000
2018-03-02,3.3684301376342773,4.570000171661377,4.679999828338623,4.519999980926514,4.519999980926514,940000
2018-03-05,3.3168349266052246,4.5,4.599999904632568,4.480000019073486,4.570000171661377,550000
2018-03-06,3.3758010864257812,4.579999923706055,4.599999904632568,4.5,4.5,1196000
2018-03-07,3.353688955307007,4.550000190734863,4.579999923706055,4.519999980926514,4.550000190734863,536000
2018-03-08,3.464250326156616,4.699999809265137,4.739999771118164,4.53000020980835,4.550000190734863,2508000
2018-03-09,3.4863622188568115,4.730000019073486,4.809999942779541,4.679999828338623,4.690000057220459,4130000
2018-03-12,3.4789910316467285,4.71999979019165,4.730000019073486,4.650000095367432,4.730000019073486,908000
2018-03-13,3.434767007827759,4.659999847412109,4.71999979019165,4.619999885559082,4.71999979019165,698000
2018-03-14,3.420025587081909,4.639999866485596,4.670000076293945,4.590000152587891,4.610000133514404,786000
2018-03-15,3.427396059036255,4.650000095367432,4.800000190734863,4.610000133514404,4.639999866485596,2508000
2018-03-16,3.3242061138153076,4.510000228881836,4.630000114440918,4.510000228881836,4.630000114440918,1461008
2018-03-19,3.353688955307007,4.550000190734863,4.579999923706055,4.510000228881836,4.510000228881836,702000
2018-03-20,3.3242061138153076,4.510000228881836,4.53000020980835,4.489999771118164,4.510000228881836,568000
2018-03-21,3.2873520851135254,4.460000038146973,4.550000190734863,4.460000038146973,4.53000020980835,828000
2018-03-22,3.265239715576172,4.429999828338623,4.5,4.429999828338623,4.480000019073486,1268000
2018-03-23,3.1104538440704346,4.21999979019165,4.369999885559082,4.210000038146973,4.360000133514404,2028000
2018-03-26,3.1620492935180664,4.289999961853027,4.289999961853027,4.210000038146973,4.21999979019165,1374000
2018-03-27,3.2799811363220215,4.449999809265137,4.460000038146973,4.340000152587891,4.360000133514404,1364000
2018-03-28,3.331576347351074,4.519999980926514,4.590000152587891,4.289999961853027,4.289999961853027,3915000
2018-03-29,3.265239715576172,4.429999828338623,4.559999942779541,4.400000095367432,4.559999942779541,1646000
2018-04-03,3.2431278228759766,4.400000095367432,4.449999809265137,4.349999904632568,4.429999828338623,458000
2018-04-04,3.1915321350097656,4.329999923706055,4.550000190734863,4.329999923706055,4.550000190734863,370000
2018-04-06,3.1915321350097656,4.329999923706055,4.380000114440918,4.309999942779541,4.380000114440918,300000
2018-04-09,3.221015214920044,4.369999885559082,4.389999866485596,4.289999961853027,4.389999866485596,986000
2018-04-10,3.257869243621826,4.420000076293945,4.440000057220459,4.389999866485596,4.400000095367432,926000
2018-04-11,3.2799811363220215,4.449999809265137,4.46999979019165,4.409999847412109,4.409999847412109,532000
2018-04-12,3.2431278228759766,4.400000095367432,4.449999809265137,4.380000114440918,4.449999809265137,518000
2018-04-13,3.2136447429656982,4.360000133514404,4.420000076293945,4.349999904632568,4.400000095367432,494000
2018-04-16,3.1915321350097656,4.329999923706055,4.360000133514404,4.28000020980835,4.329999923706055,584000
2018-04-17,3.139937400817871,4.260000228881836,4.329999923706055,4.230000019073486,4.329999923706055,996000
2018-04-18,3.1178252696990967,4.230000019073486,4.300000190734863,4.190000057220459,4.28000020980835,838000
2018-04-19,3.18416166305542,4.320000171661377,4.329999923706055,4.21999979019165,4.21999979019165,898000
2018-04-20,3.1694204807281494,4.300000190734863,4.300000190734863,4.25,4.300000190734863,406000
2018-04-23,3.139937400817871,4.260000228881836,4.340000152587891,4.230000019073486,4.320000171661377,478000
2018-04-24,3.176790714263916,4.309999942779541,4.309999942779541,4.239999771118164,4.239999771118164,448000
2018-04-25,3.132566452026367,4.25,4.28000020980835,4.230000019073486,4.28000020980835,662000
2018-04-26,3.0441174507141113,4.130000114440918,4.199999809265137,4.110000133514404,4.199999809265137,506000
2018-04-27,3.139937400817871,4.260000228881836,4.260000228881836,4.119999885559082,4.119999885559082,378000
2018-04-30,3.1620492935180664,4.289999961853027,4.320000171661377,4.239999771118164,4.239999771118164,382000
2018-05-02,3.176790714263916,4.309999942779541,4.329999923706055,4.28000020980835,4.289999961853027,464000
2018-05-03,3.221015214920044,4.369999885559082,4.380000114440918,4.260000228881836,4.300000190734863,1970000
2018-05-04,3.18416166305542,4.320000171661377,4.369999885559082,4.300000190734863,4.340000152587891,164000
2018-05-07,3.18416166305542,4.320000171661377,4.349999904632568,4.289999961853027,4.309999942779541,508000
2018-05-08,3.2136447429656982,4.360000133514404,4.389999866485596,4.349999904632568,4.360000133514404,486200
2018-05-09,3.1989033222198486,4.340000152587891,4.380000114440918,4.329999923706055,4.360000133514404,692000
2018-05-10,3.221015214920044,4.369999885559082,4.389999866485596,4.340000152587891,4.340000152587891,362000
2018-05-11,3.1989033222198486,4.340000152587891,4.400000095367432,4.320000171661377,4.340000152587891,242000
2018-05-14,3.1915321350097656,4.329999923706055,4.349999904632568,4.300000190734863,4.349999904632568,374000
2018-05-15,3.1620492935180664,4.289999961853027,4.320000171661377,4.28000020980835,4.309999942779541,298000
2018-05-16,3.1546788215637207,4.28000020980835,4.300000190734863,4.269999980926514,4.300000190734863,644425
2018-05-17,3.1104538440704346,4.21999979019165,4.300000190734863,4.210000038146973,4.300000190734863,1612000
2018-05-18,3.147308111190796,4.269999980926514,4.320000171661377,4.230000019073486,4.25,2322000
2018-05-21,3.221015214920044,4.369999885559082,4.380000114440918,4.309999942779541,4.309999942779541,3730000
2018-05-23,3.1694204807281494,4.300000190734863,4.369999885559082,4.289999961853027,4.369999885559082,1758000
2018-05-24,3.139937400817871,4.260000228881836,4.300000190734863,4.25,4.300000190734863,1502000
2018-05-25,3.147308111190796,4.269999980926514,4.289999961853027,4.239999771118164,4.260000228881836,934000
2018-05-28,3.1178252696990967,4.230000019073486,4.28000020980835,4.230000019073486,4.269999980926514,706000
2018-05-29,3.0736005306243896,4.170000076293945,4.230000019073486,4.150000095367432,4.21999979019165,1020000
2018-05-30,3.05885910987854,4.150000095367432,4.170000076293945,4.119999885559082,4.150000095367432,1958000
2018-05-31,3.147308111190796,4.269999980926514,4.289999961853027,4.170000076293945,4.170000076293945,3776000
2018-06-01,3.147308111190796,4.269999980926514,4.300000190734863,4.239999771118164,4.269999980926514,390000
2018-06-04,3.147308111190796,4.269999980926514,4.300000190734863,4.239999771118164,4.269999980926514,657000
2018-06-05,3.176790714263916,4.309999942779541,4.320000171661377,4.269999980926514,4.269999980926514,915000
2018-06-06,3.176790714263916,4.309999942779541,4.320000171661377,4.28000020980835,4.309999942779541,278000
2018-06-07,3.1620492935180664,4.289999961853027,4.329999923706055,4.269999980926514,4.309999942779541,282000
2018-06-08,3.0736005306243896,4.170000076293945,4.260000228881836,4.159999847412109,4.260000228881836,1226000
2018-06-11,3.095712423324585,4.199999809265137,4.21999979019165,4.179999828338623,4.21999979019165,639886
2018-06-12,3.1251955032348633,4.239999771118164,4.25,4.210000038146973,4.21999979019165,668000
2018-06-13,3.095712423324585,4.199999809265137,4.230000019073486,4.179999828338623,4.230000019073486,666000
2018-06-14,3.095712423324585,4.199999809265137,4.230000019073486,4.179999828338623,4.21999979019165,493200
2018-06-15,3.007263660430908,4.079999923706055,4.190000057220459,4.070000171661377,4.190000057220459,1294000
2018-06-19,2.859849214553833,3.880000114440918,4.070000171661377,3.8399999141693115,4.070000171661377,1588000
2018-06-20,2.8893322944641113,3.9200000762939453,3.9600000381469727,3.869999885559082,3.9100000858306885,1802000
2018-06-21,2.852478265762329,3.869999885559082,3.940000057220459,3.8499999046325684,3.930000066757202,522000
2018-06-22,2.845107316970825,3.859999895095825,3.869999885559082,3.819999933242798,3.819999933242798,992000
2018-06-25,2.7861413955688477,3.7799999713897705,3.859999895095825,3.7799999713897705,3.8299999237060547,644000
2018-06-26,2.741917133331299,3.7200000286102295,3.799999952316284,3.7100000381469727,3.7899999618530273,538000
2018-06-27,2.61661434173584,3.549999952316284,3.740000009536743,3.549999952316284,3.740000009536743,1374000
2018-06-28,2.6387264728546143,3.5799999237060547,3.609999895095825,3.549999952316284,3.559999942779541,950000
2018-06-29,2.690321445465088,3.6500000953674316,3.700000047683716,3.5899999141693115,3.5999999046325684,1094000
2018-07-03,2.646097183227539,3.5899999141693115,3.6500000953674316,3.5299999713897705,3.6500000953674316,796000
2018-07-04,2.601872682571411,3.5299999713897705,3.5999999046325684,3.5199999809265137,3.5999999046325684,636000
2018-07-05,2.5945022106170654,3.5199999809265137,3.6500000953674316,3.5,3.5799999237060547,1262000
2018-07-06,2.61661434173584,3.549999952316284,3.5799999237060547,3.450000047683716,3.5299999713897705,916000
2018-07-09,2.646097183227539,3.5899999141693115,3.5999999046325684,3.5299999713897705,3.5399999618530273,532000
2018-07-10,2.6387264728546143,3.5799999237060547,3.640000104904175,3.569999933242798,3.5999999046325684,828088
2018-07-11,2.5945022106170654,3.5199999809265137,3.5999999046325684,3.509999990463257,3.559999942779541,522000
2018-07-12,2.6387264728546143,3.5799999237060547,3.640000104904175,3.5299999713897705,3.559999942779541,628000
2018-07-13,2.6387264728546143,3.5799999237060547,3.5999999046325684,3.559999942779541,3.5899999141693115,242000
2018-07-16,2.61661434173584,3.549999952316284,3.5799999237060547,3.5299999713897705,3.5799999237060547,486000
2018-07-17,2.5945022106170654,3.5199999809265137,3.569999933242798,3.509999990463257,3.549999952316284,524000
2018-07-18,2.5871312618255615,3.509999990463257,3.5799999237060547,3.5,3.5,762000
2018-07-19,2.5945022106170654,3.5199999809265137,3.5399999618530273,3.5,3.509999990463257,310000
2018-07-20,2.5576484203338623,3.4700000286102295,3.5199999809265137,3.390000104904175,3.5199999809265137,480000
2018-07-23,2.5871312618255615,3.509999990463257,3.5399999618530273,3.430000066757202,3.490000009536743,642000
2018-07-24,2.6755805015563965,3.630000114440918,3.630000114440918,3.509999990463257,3.509999990463257,1340000
2018-07-25,2.653467893600464,3.5999999046325684,3.640000104904175,3.5799999237060547,3.640000104904175,638000
2018-07-26,2.653467893600464,3.5999999046325684,3.5999999046325684,3.569999933242798,3.5899999141693115,566000
2018-07-27,2.653467893600464,3.5999999046325684,3.5999999046325684,3.5899999141693115,3.5899999141693115,158000
2018-07-30,2.61661434173584,3.549999952316284,3.5999999046325684,3.5,3.5799999237060547,870000
2018-07-31,2.601872682571411,3.5299999713897705,3.549999952316284,3.490000009536743,3.5299999713897705,488000
2018-08-01,2.601872682571411,3.5299999713897705,3.549999952316284,3.5,3.5299999713897705,890000
2018-08-02,2.5502777099609375,3.4600000381469727,3.5,3.440000057220459,3.4800000190734863,780000
2018-08-03,2.4986824989318848,3.390000104904175,3.4700000286102295,3.3499999046325684,3.440000057220459,1572000
2018-08-06,2.417604446411133,3.2799999713897705,3.390000104904175,3.25,3.369999885559082,1462000
2018-08-07,2.4765701293945312,3.359999895095825,3.390000104904175,3.2699999809265137,3.309999942779541,744000
2018-08-08,2.439716339111328,3.309999942779541,3.369999885559082,3.309999942779541,3.3499999046325684,434000
2018-08-09,2.4765701293945312,3.359999895095825,3.380000114440918,3.3299999237060547,3.3299999237060547,396000
2018-08-10,2.491311550140381,3.380000114440918,3.4000000953674316,3.319999933242798,3.3299999237060547,1062000
2018-08-13,2.447087287902832,3.319999933242798,3.359999895095825,3.319999933242798,3.359999895095825,456000
2018-08-14,2.439716339111328,3.309999942779541,3.359999895095825,3.309999942779541,3.359999895095825,778000
2018-08-15,2.3438966274261475,3.180000066757202,3.2899999618530273,3.1600000858306885,3.2899999618530273,1058000
2018-08-16,2.277559995651245,3.0899999141693115,3.1700000762939453,3.0799999237060547,3.1700000762939453,1480000
2018-08-17,2.1891114711761475,2.9700000286102295,3.140000104904175,2.950000047683716,3.140000104904175,2250000
2018-08-20,2.2112231254577637,3.0,3.0299999713897705,2.950000047683716,2.9800000190734863,796000
2018-08-21,2.248077154159546,3.049999952316284,3.069999933242798,2.9700000286102295,3.0,1110000
2018-08-22,2.233335494995117,3.0299999713897705,3.059999942779541,2.990000009536743,3.049999952316284,1088000
2018-08-23,2.2628185749053955,3.069999933242798,3.069999933242798,3.0,3.0,694000
2018-08-24,2.248077154159546,3.049999952316284,3.0799999237060547,3.0199999809265137,3.0799999237060547,338000
2018-08-27,2.277559995651245,3.0899999141693115,3.0899999141693115,3.049999952316284,3.049999952316284,320000
2018-08-28,2.28493070602417,3.0999999046325684,3.109999895095825,3.059999942779541,3.0799999237060547,730000
2018-08-29,2.3954920768737793,3.25,3.319999933242798,3.130000114440918,3.130000114440918,3023000
2018-08-30,2.358638286590576,3.200000047683716,3.2300000190734863,3.180000066757202,3.2200000286102295,346000
2018-08-31,2.329155445098877,3.1600000858306885,3.200000047683716,3.130000114440918,3.200000047683716,634000
2018-09-03,2.28493070602417,3.0999999046325684,3.130000114440918,3.059999942779541,3.130000114440918,346000
2018-09-04,2.3144137859344482,3.140000104904175,3.140000104904175,3.069999933242798,3.0799999237060547,218000
2018-09-05,2.248077154159546,3.049999952316284,3.140000104904175,3.049999952316284,3.140000104904175,638000
2018-09-06,2.240706443786621,3.0399999618530273,3.0899999141693115,3.0299999713897705,3.049999952316284,590000
2018-09-07,2.2554476261138916,3.059999942779541,3.109999895095825,3.0299999713897705,3.0399999618530273,846000
2018-09-10,2.203852415084839,2.990000009536743,3.049999952316284,2.9700000286102295,3.049999952316284,838000
2018-09-11,2.2112231254577637,3.0,3.009999990463257,2.950000047683716,2.9700000286102295,750000
2018-09-12,2.1891114711761475,2.9700000286102295,3.0,2.9600000381469727,2.9800000190734863,658000
2018-09-13,2.233335494995117,3.0299999713897705,3.0299999713897705,3.0,3.0,612000
2018-09-14,2.2996721267700195,3.119999885559082,3.1600000858306885,3.0299999713897705,3.059999942779541,1244000
2018-09-17,2.2996721267700195,3.119999885559082,3.130000114440918,3.069999933242798,3.0999999046325684,1290000
2018-09-18,2.3144137859344482,3.140000104904175,3.1500000953674316,3.0899999141693115,3.0999999046325684,570000
2018-09-19,2.3365261554718018,3.1700000762939453,3.1700000762939453,3.140000104904175,3.140000104904175,372000
2018-09-20,2.321784734725952,3.1500000953674316,3.1700000762939453,3.0899999141693115,3.1700000762939453,150000
2018-09-21,2.321784734725952,3.1500000953674316,3.180000066757202,3.119999885559082,3.130000114440918,244000
2018-09-24,2.321784734725952,3.1500000953674316,3.200000047683716,3.119999885559082,3.200000047683716,158000
2018-09-26,2.3070433139801025,3.130000114440918,3.190000057220459,3.119999885559082,3.180000066757202,1030000
2018-09-27,2.3144137859344482,3.140000104904175,3.1500000953674316,3.109999895095825,3.130000114440918,130000
2018-09-28,2.28493070602417,3.0999999046325684,3.130000114440918,3.0999999046325684,3.130000114440918,168000
2018-10-02,2.248077154159546,3.049999952316284,3.059999942779541,3.0199999809265137,3.059999942779541,129000
2018-10-03,2.240706443786621,3.0399999618530273,3.049999952316284,3.009999990463257,3.0299999713897705,272000
2018-10-04,2.2554476261138916,3.059999942779541,3.0799999237060547,3.009999990463257,3.0199999809265137,276000
2018-10-05,2.248077154159546,3.049999952316284,3.049999952316284,3.0,3.009999990463257,118000
2018-10-08,2.196481943130493,2.9800000190734863,3.049999952316284,2.9800000190734863,3.049999952316284,608000
2018-10-09,2.196481943130493,2.9800000190734863,3.0399999618530273,2.9800000190734863,2.990000009536743,854850
2018-10-10,2.2112231254577637,3.0,3.0299999713897705,2.9800000190734863,2.9800000190734863,194002
2018-10-11,2.1080329418182373,2.859999895095825,2.9700000286102295,2.8299999237060547,2.950000047683716,1030000
2018-10-12,2.115403413772583,2.869999885559082,2.9200000762939453,2.819999933242798,2.880000114440918,536000
2018-10-15,2.115403413772583,2.869999885559082,2.9000000953674316,2.8399999141693115,2.9000000953674316,284000
2018-10-16,2.0932912826538086,2.8399999141693115,2.9000000953674316,2.819999933242798,2.9000000953674316,392000
2018-10-18,2.071178913116455,2.809999942779541,2.859999895095825,2.7799999713897705,2.8499999046325684,606000
2018-10-19,2.0932912826538086,2.8399999141693115,2.8499999046325684,2.759999990463257,2.7799999713897705,408000
2018-10-22,2.15962815284729,2.930000066757202,2.9600000381469727,2.8499999046325684,2.8499999046325684,564000
2018-10-23,2.1080329418182373,2.859999895095825,2.9800000190734863,2.8299999237060547,2.930000066757202,688000
2018-10-24,2.1080329418182373,2.859999895095825,2.890000104904175,2.8499999046325684,2.890000104904175,542000
2018-10-25,2.071178913116455,2.809999942779541,2.8399999141693115,2.799999952316284,2.8399999141693115,344000
2018-10-26,2.071178913116455,2.809999942779541,2.859999895095825,2.799999952316284,2.8499999046325684,154000
2018-10-29,2.071178913116455,2.809999942779541,2.8399999141693115,2.7799999713897705,2.809999942779541,280000
2018-10-30,2.1080329418182373,2.859999895095825,2.950000047683716,2.799999952316284,2.809999942779541,520000
2018-10-31,2.122774600982666,2.880000114440918,2.9000000953674316,2.859999895095825,2.9000000953674316,410000
2018-11-01,2.15962815284729,2.930000066757202,2.940000057220459,2.890000104904175,2.9000000953674316,410000
2018-11-02,2.2112231254577637,3.0,3.009999990463257,2.940000057220459,2.950000047683716,854000
2018-11-05,2.1743695735931396,2.950000047683716,3.0,2.950000047683716,2.9600000381469727,414000
2018-11-06,2.2112231254577637,3.0,3.0,2.940000057220459,2.9700000286102295,486000
2018-11-07,2.2185940742492676,3.009999990463257,3.0199999809265137,2.9800000190734863,3.0199999809265137,274000
2018-11-08,2.2259647846221924,3.0199999809265137,3.0299999713897705,3.009999990463257,3.0199999809265137,272000
2018-11-09,2.196481943130493,2.9800000190734863,3.0,2.950000047683716,2.9700000286102295,160000
2018-11-12,2.203852415084839,2.990000009536743,3.0,2.9700000286102295,2.9800000190734863,474000
2018-11-13,2.240706443786621,3.0399999618530273,3.0399999618530273,2.9600000381469727,2.990000009536743,1656000
2018-11-14,2.2259647846221924,3.0199999809265137,3.0399999618530273,3.0,3.0199999809265137,416000
2018-11-15,2.233335494995117,3.0299999713897705,3.0399999618530273,3.0199999809265137,3.0199999809265137,1430000
2018-11-16,2.240706443786621,3.0399999618530273,3.0799999237060547,3.0,3.0299999713897705,900000
2018-11-19,2.358638286590576,3.200000047683716,3.25,3.0399999618530273,3.0399999618530273,2682000
2018-11-20,2.2923014163970947,3.109999895095825,3.2799999713897705,3.0899999141693115,3.180000066757202,3052000
2018-11-21,2.28493070602417,3.0999999046325684,3.109999895095825,3.049999952316284,3.0799999237060547,1004000
2018-11-22,2.28493070602417,3.0999999046325684,3.0999999046325684,3.0799999237060547,3.0899999141693115,286000
2018-11-23,2.2554476261138916,3.059999942779541,3.140000104904175,3.0399999618530273,3.109999895095825,802000
2018-11-26,2.2554476261138916,3.059999942779541,3.130000114440918,3.0399999618530273,3.049999952316284,1406000
2018-11-27,2.2554476261138916,3.059999942779541,3.0999999046325684,3.049999952316284,3.049999952316284,428000
2018-11-28,2.248077154159546,3.049999952316284,3.0799999237060547,3.009999990463257,3.0799999237060547,950000
2018-11-29,2.240706443786621,3.0399999618530273,3.0899999141693115,3.0199999809265137,3.0899999141693115,686000
2018-11-30,2.248077154159546,3.049999952316284,3.049999952316284,3.0199999809265137,3.0399999618530273,294000
2018-12-03,2.3144137859344482,3.140000104904175,3.1600000858306885,3.0799999237060547,3.0799999237060547,1780000
2018-12-04,2.3438966274261475,3.180000066757202,3.2200000286102295,3.109999895095825,3.130000114440918,1472000
2018-12-05,2.3438966274261475,3.180000066757202,3.200000047683716,3.109999895095825,3.130000114440918,1546000
2018-12-06,2.3070433139801025,3.130000114440918,3.2300000190734863,3.109999895095825,3.190000057220459,1828000
2018-12-07,2.3070433139801025,3.130000114440918,3.130000114440918,3.0899999141693115,3.0999999046325684,268000
2018-12-10,2.2701892852783203,3.0799999237060547,3.109999895095825,3.059999942779541,3.0999999046325684,370000
2018-12-11,2.2554476261138916,3.059999942779541,3.0999999046325684,3.049999952316284,3.069999933242798,330000
2018-12-12,2.28493070602417,3.0999999046325684,3.109999895095825,3.0799999237060547,3.0899999141693115,176000
2018-12-13,2.2923014163970947,3.109999895095825,3.130000114440918,3.069999933242798,3.109999895095825,972000
2018-12-14,2.2923014163970947,3.109999895095825,3.190000057220459,3.0899999141693115,3.109999895095825,1806000
2018-12-17,2.240706443786621,3.0399999618530273,3.140000104904175,3.0299999713897705,3.140000104904175,448000
2018-12-18,2.2185940742492676,3.009999990463257,3.069999933242798,2.9800000190734863,3.049999952316284,686000
2018-12-19,2.1891114711761475,2.9700000286102295,3.0199999809265137,2.9700000286102295,3.009999990463257,372000
2018-12-20,2.203852415084839,2.990000009536743,2.990000009536743,2.9600000381469727,2.9800000190734863,416000
2018-12-21,2.15962815284729,2.930000066757202,2.9700000286102295,2.930000066757202,2.950000047683716,279947
2018-12-24,2.1522574424743652,2.9200000762939453,2.930000066757202,2.9000000953674316,2.930000066757202,184000
2018-12-27,2.1743695735931396,2.950000047683716,2.950000047683716,2.930000066757202,2.930000066757202,142000
2018-12-28,2.15962815284729,2.930000066757202,2.9600000381469727,2.930000066757202,2.930000066757202,94000
2018-12-31,2.203852415084839,2.990000009536743,2.990000009536743,2.940000057220459,2.9600000381469727,80000
2019-01-02,2.15962815284729,2.930000066757202,2.990000009536743,2.9100000858306885,2.990000009536743,282000
2019-01-03,2.130145311355591,2.890000104904175,2.9200000762939453,2.890000104904175,2.9100000858306885,236000
2019-01-04,2.166998863220215,2.940000057220459,2.950000047683716,2.869999885559082,2.890000104904175,460000
2019-01-07,2.203852415084839,2.990000009536743,3.0199999809265137,2.940000057220459,2.940000057220459,208000
2019-01-08,2.196481943130493,2.9800000190734863,3.009999990463257,2.9700000286102295,2.9700000286102295,66000
2019-01-09,2.2185940742492676,3.009999990463257,3.069999933242798,2.9800000190734863,3.009999990463257,798000
2019-01-10,2.233335494995117,3.0299999713897705,3.0399999618530273,3.009999990463257,3.009999990463257,180000
2019-01-11,2.248077154159546,3.049999952316284,3.049999952316284,3.009999990463257,3.0299999713897705,284000
2019-01-14,2.2112231254577637,3.0,3.0399999618530273,3.0,3.0199999809265137,238000
2019-01-15,2.2554476261138916,3.059999942779541,3.069999933242798,3.009999990463257,3.009999990463257,484000
2019-01-16,2.277559995651245,3.0899999141693115,3.119999885559082,3.059999942779541,3.059999942779541,1060000
2019-01-17,2.2554476261138916,3.059999942779541,3.0899999141693115,3.049999952316284,3.0899999141693115,246000
2019-01-18,2.2554476261138916,3.059999942779541,3.0999999046325684,3.049999952316284,3.0899999141693115,904000
2019-01-21,2.277559995651245,3.0899999141693115,3.109999895095825,3.069999933242798,3.0999999046325684,748000
2019-01-22,2.233335494995117,3.0299999713897705,3.0899999141693115,3.0199999809265137,3.0899999141693115,522000
2019-01-23,2.248077154159546,3.049999952316284,3.069999933242798,3.0399999618530273,3.059999942779541,240995
2019-01-24,2.277559995651245,3.0899999141693115,3.0899999141693115,3.049999952316284,3.049999952316284,266000
2019-01-25,2.277559995651245,3.0899999141693115,3.119999885559082,3.0799999237060547,3.0899999141693115,906000
2019-01-28,2.2923014163970947,3.109999895095825,3.1500000953674316,3.0799999237060547,3.0899999141693115,485250
2019-01-29,2.2701892852783203,3.0799999237060547,3.109999895095825,3.059999942779541,3.0799999237060547,358000
2019-01-30,2.2628185749053955,3.069999933242798,3.0999999046325684,3.059999942779541,3.069999933242798,364700
2019-01-31,2.2923014163970947,3.109999895095825,3.130000114440918,3.0999999046325684,3.0999999046325684,168000
2019-02-01,2.3070433139801025,3.130000114440918,3.140000104904175,3.0999999046325684,3.140000104904175,420000
2019-02-04,2.321784734725952,3.1500000953674316,3.1600000858306885,3.130000114440918,3.130000114440918,76000
2019-02-08,2.3144137859344482,3.140000104904175,3.140000104904175,3.0899999141693115,3.1500000953674316,250000
2019-02-11,2.321784734725952,3.1500000953674316,3.1700000762939453,3.140000104904175,3.1600000858306885,1130000
2019-02-12,2.329155445098877,3.1600000858306885,3.1700000762939453,3.119999885559082,3.119999885559082,1348000
2019-02-13,2.417604446411133,3.2799999713897705,3.2799999713897705,3.1600000858306885,3.1700000762939453,2127000
2019-02-14,2.3807501792907715,3.2300000190734863,3.2799999713897705,3.2300000190734863,3.2799999713897705,732000
2019-02-15,2.3512675762176514,3.190000057220459,3.259999990463257,3.1600000858306885,3.2200000286102295,1036000
2019-02-18,2.402862548828125,3.259999990463257,3.2799999713897705,3.2100000381469727,3.2100000381469727,1152000
2019-02-19,2.373379707336426,3.2200000286102295,3.2899999618530273,3.200000047683716,3.2699999809265137,1950000
2019-02-20,2.3881211280822754,3.240000009536743,3.2799999713897705,3.2200000286102295,3.2799999713897705,2702000
2019-02-21,2.410233497619629,3.2699999809265137,3.309999942779541,3.240000009536743,3.259999990463257,2174000
2019-02-22,2.4618287086486816,3.3399999141693115,3.3399999141693115,3.2300000190734863,3.2799999713897705,1914000
2019-02-25,2.535536289215088,3.440000057220459,3.4600000381469727,3.3399999141693115,3.3399999141693115,3816000
2019-02-26,2.5134239196777344,3.4100000858306885,3.490000009536743,3.390000104904175,3.450000047683716,3004000
2019-02-27,2.5502777099609375,3.4600000381469727,3.5,3.4000000953674316,3.4000000953674316,1100000
2019-02-28,2.4691994190216064,3.3499999046325684,3.490000009536743,3.319999933242798,3.490000009536743,1634000
2019-03-01,2.520794630050659,3.4200000762939453,3.4200000762939453,3.359999895095825,3.359999895095825,785000
2019-03-04,2.565019130706787,3.4800000190734863,3.5299999713897705,3.450000047683716,3.4600000381469727,2348000
2019-03-05,2.572389841079712,3.490000009536743,3.509999990463257,3.450000047683716,3.4700000286102295,1014000
2019-03-06,2.572389841079712,3.490000009536743,3.5399999618530273,3.4700000286102295,3.5399999618530273,1232000
2019-03-07,2.528165340423584,3.430000066757202,3.5199999809265137,3.430000066757202,3.5199999809265137,1922000
2019-03-08,2.447087287902832,3.319999933242798,3.390000104904175,3.309999942779541,3.390000104904175,2074000
2019-03-11,2.5134239196777344,3.4100000858306885,3.4100000858306885,3.309999942779541,3.3299999237060547,1556000
2019-03-12,2.5134239196777344,3.4100000858306885,3.4600000381469727,3.4000000953674316,3.430000066757202,1084000
2019-03-13,2.5060532093048096,3.4000000953674316,3.450000047683716,3.4000000953674316,3.4100000858306885,1046000
2019-03-14,2.454458236694336,3.3299999237060547,3.4100000858306885,3.3299999237060547,3.4000000953674316,878000
2019-03-15,2.4691994190216064,3.3499999046325684,3.390000104904175,3.3299999237060547,3.3499999046325684,554000
2019-03-18,2.5060532093048096,3.4000000953674316,3.4100000858306885,3.3399999141693115,3.3399999141693115,776000
2019-03-19,2.5060532093048096,3.4000000953674316,3.4200000762939453,3.369999885559082,3.4000000953674316,348000
2019-03-20,2.491311550140381,3.380000114440918,3.4100000858306885,3.359999895095825,3.4000000953674316,266000
2019-03-21,2.5134239196777344,3.4100000858306885,3.4600000381469727,3.4000000953674316,3.4200000762939453,1154000
2019-03-22,2.5429069995880127,3.450000047683716,3.450000047683716,3.4100000858306885,3.4100000858306885,644000
2019-03-25,2.491311550140381,3.380000114440918,3.4100000858306885,3.3399999141693115,3.3499999046325684,749700
2019-03-26,2.4618287086486816,3.3399999141693115,3.390000104904175,3.319999933242798,3.380000114440918,764000
2019-03-27,2.447087287902832,3.319999933242798,3.3399999141693115,3.2899999618530273,3.3399999141693115,444000
2019-03-28,2.410233497619629,3.2699999809265137,3.309999942779541,3.240000009536743,3.2899999618530273,504000
2019-03-29,2.4618287086486816,3.3399999141693115,3.369999885559082,3.2799999713897705,3.2799999713897705,1334000
2019-04-01,2.4986824989318848,3.390000104904175,3.440000057220459,3.3499999046325684,3.359999895095825,1036000
2019-04-02,2.5060532093048096,3.4000000953674316,3.4200000762939453,3.380000114440918,3.4200000762939453,424000
2019-04-03,2.520794630050659,3.4200000762939453,3.4200000762939453,3.369999885559082,3.380000114440918,696000
2019-04-04,2.5134239196777344,3.4100000858306885,3.450000047683716,3.4000000953674316,3.4100000858306885,990000
2019-04-08,2.520794630050659,3.4200000762939453,3.450000047683716,3.4000000953674316,3.4200000762939453,1158000
2019-04-09,2.520794630050659,3.4200000762939453,3.430000066757202,3.390000104904175,3.430000066757202,554000
2019-04-10,2.5134239196777344,3.4100000858306885,3.4100000858306885,3.3299999237060547,3.4000000953674316,1362000
2019-04-11,2.4691994190216064,3.3499999046325684,3.4100000858306885,3.3499999046325684,3.4000000953674316,572000
2019-04-12,2.4691994190216064,3.3499999046325684,3.380000114440918,3.3499999046325684,3.3499999046325684,302000
2019-04-15,2.4765701293945312,3.359999895095825,3.4200000762939453,3.3399999141693115,3.3499999046325684,402000
2019-04-16,2.483940839767456,3.369999885559082,3.369999885559082,3.309999942779541,3.3399999141693115,480000
2019-04-17,2.4618287086486816,3.3399999141693115,3.390000104904175,3.319999933242798,3.380000114440918,1432000
2019-04-18,2.454458236694336,3.3299999237060547,3.3499999046325684,3.3299999237060547,3.3399999141693115,460000
2019-04-23,2.410233497619629,3.2699999809265137,3.3299999237060547,3.2699999809265137,3.3299999237060547,650000
2019-04-24,2.402862548828125,3.259999990463257,3.2799999713897705,3.240000009536743,3.2699999809265137,700000
2019-04-25,2.329155445098877,3.1600000858306885,3.2300000190734863,3.140000104904175,3.2200000286102295,1374000
2019-04-26,2.321784734725952,3.1500000953674316,3.180000066757202,3.130000114440918,3.130000114440918,398000
2019-04-29,2.28493070602417,3.0999999046325684,3.140000104904175,3.0899999141693115,3.140000104904175,128000
2019-04-30,2.3438966274261475,3.180000066757202,3.2200000286102295,3.0799999237060547,3.0799999237060547,574000
2019-05-02,2.329155445098877,3.1600000858306885,3.190000057220459,3.119999885559082,3.190000057220459,112000
2019-05-03,2.2996721267700195,3.119999885559082,3.180000066757202,3.0899999141693115,3.1600000858306885,168000
2019-05-06,2.2112231254577637,3.0,3.109999895095825,2.9700000286102295,3.109999895095825,2504000
2019-05-07,2.233335494995117,3.0299999713897705,3.049999952316284,3.009999990463257,3.0199999809265137,558000
2019-05-08,2.2112231254577637,3.0,3.0299999713897705,2.990000009536743,3.0199999809265137,266000
2019-05-09,2.203852415084839,2.990000009536743,3.0399999618530273,2.9600000381469727,3.0399999618530273,328000
2019-05-10,2.2185940742492676,3.009999990463257,3.0199999809265137,2.9800000190734863,2.990000009536743,862000
2019-05-14,2.15962815284729,2.930000066757202,3.0,2.9200000762939453,3.0,632000
2019-05-15,2.1891114711761475,2.9700000286102295,2.990000009536743,2.940000057220459,2.9600000381469727,1064000
2019-05-16,2.196481943130493,2.9800000190734863,3.0,2.9700000286102295,3.0,312000
2019-05-17,2.1891114711761475,2.9700000286102295,3.0,2.9700000286102295,2.9800000190734863,1054000
2019-05-20,2.189568042755127,2.8499999046325684,2.930000066757202,2.819999933242798,2.930000066757202,338000
2019-05-21,2.2279818058013916,2.9000000953674316,2.9200000762939453,2.8499999046325684,2.859999895095825,358000
2019-05-22,2.235664129257202,2.9100000858306885,2.9100000858306885,2.880000114440918,2.9100000858306885,616000
2019-05-23,2.1511547565460205,2.799999952316284,2.9000000953674316,2.799999952316284,2.9000000953674316,786000
2019-05-24,2.1511547565460205,2.799999952316284,2.8499999046325684,2.799999952316284,2.809999942779541,268000
2019-05-27,2.181885242462158,2.8399999141693115,2.8399999141693115,2.819999933242798,2.819999933242798,126000
2019-05-28,2.220299005508423,2.890000104904175,2.9000000953674316,2.8299999237060547,2.8299999237060547,168000
2019-05-29,2.2510297298431396,2.930000066757202,2.940000057220459,2.859999895095825,2.9000000953674316,340000
2019-05-30,2.2279818058013916,2.9000000953674316,2.930000066757202,2.890000104904175,2.9000000953674316,262000
2019-05-31,2.2279818058013916,2.9000000953674316,2.990000009536743,2.9000000953674316,2.930000066757202,190000
2019-06-03,2.2279818058013916,2.9000000953674316,2.930000066757202,2.890000104904175,2.9000000953674316,204000
2019-06-04,2.2049334049224854,2.869999885559082,2.930000066757202,2.8299999237060547,2.930000066757202,306000
2019-06-05,2.189568042755127,2.8499999046325684,2.9100000858306885,2.8399999141693115,2.880000114440918,1144000
2019-06-06,2.181885242462158,2.8399999141693115,2.8499999046325684,2.8399999141693115,2.8399999141693115,22000
2019-06-10,2.1742026805877686,2.8299999237060547,2.869999885559082,2.819999933242798,2.8399999141693115,896500
2019-06-11,2.2049334049224854,2.869999885559082,2.890000104904175,2.8299999237060547,2.859999895095825,1254000
2019-06-12,2.2049334049224854,2.869999885559082,2.869999885559082,2.8299999237060547,2.869999885559082,332000
2019-06-13,2.1742026805877686,2.8299999237060547,2.8499999046325684,2.809999942779541,2.819999933242798,358000
2019-06-14,2.1511547565460205,2.799999952316284,2.8399999141693115,2.7899999618530273,2.8299999237060547,400000
2019-06-17,2.166520357131958,2.819999933242798,2.819999933242798,2.799999952316284,2.819999933242798,296000
2019-06-18,2.1511547565460205,2.799999952316284,2.8299999237060547,2.799999952316284,2.819999933242798,298000
2019-06-19,2.166520357131958,2.819999933242798,2.859999895095825,2.809999942779541,2.8399999141693115,532000
2019-06-20,2.189568042755127,2.8499999046325684,2.890000104904175,2.8299999237060547,2.8399999141693115,1508000
2019-06-21,2.220299005508423,2.890000104904175,2.9200000762939453,2.8399999141693115,2.859999895095825,1024000
2019-06-24,2.181885242462158,2.8399999141693115,2.880000114440918,2.8299999237060547,2.859999895095825,822000
2019-06-25,2.166520357131958,2.819999933242798,2.8399999141693115,2.799999952316284,2.819999933242798,342000
2019-06-26,2.2049334049224854,2.869999885559082,2.869999885559082,2.8399999141693115,2.8299999237060547,174000
2019-06-27,2.2049334049224854,2.869999885559082,2.890000104904175,2.8499999046325684,2.859999895095825,666000
2019-06-28,2.2049334049224854,2.869999885559082,2.880000114440918,2.8499999046325684,2.859999895095825,208000
2019-07-02,2.235664129257202,2.9100000858306885,2.9100000858306885,2.859999895095825,2.869999885559082,1546000
2019-07-03,2.220299005508423,2.890000104904175,2.9600000381469727,2.890000104904175,2.890000104904175,1016000
2019-07-04,2.2279818058013916,2.9000000953674316,2.9800000190734863,2.880000114440918,2.890000104904175,1076000
2019-07-05,2.2279818058013916,2.9000000953674316,2.930000066757202,2.880000114440918,2.9200000762939453,608000
2019-07-08,2.181885242462158,2.8399999141693115,2.890000104904175,2.8299999237060547,2.890000104904175,706000
2019-07-09,2.1511547565460205,2.799999952316284,2.8399999141693115,2.7899999618530273,2.8299999237060547,2394000
2019-07-10,2.1511547565460205,2.799999952316284,2.819999933242798,2.7899999618530273,2.799999952316284,740000
2019-07-11,2.166520357131958,2.819999933242798,2.819999933242798,2.799999952316284,2.799999952316284,466000
2019-07-12,2.15883731842041,2.809999942779541,2.8299999237060547,2.799999952316284,2.809999942779541,578000
2019-07-15,2.15883731842041,2.809999942779541,2.8299999237060547,2.799999952316284,2.799999952316284,684000
2019-07-16,2.15883731842041,2.809999942779541,2.8399999141693115,2.799999952316284,2.8299999237060547,362000
2019-07-17,2.135789394378662,2.7799999713897705,2.819999933242798,2.759999990463257,2.799999952316284,960000
2019-07-18,2.1511547565460205,2.799999952316284,2.799999952316284,2.759999990463257,2.759999990463257,278000
2019-07-19,2.15883731842041,2.809999942779541,2.819999933242798,2.7899999618530273,2.799999952316284,355100
2019-07-22,2.1434719562530518,2.7899999618530273,2.799999952316284,2.7799999713897705,2.799999952316284,312000
2019-07-23,2.1434719562530518,2.7899999618530273,2.799999952316284,2.7699999809265137,2.7899999618530273,426000
2019-07-24,2.1511547565460205,2.799999952316284,2.809999942779541,2.7899999618530273,2.809999942779541,292000
2019-07-25,2.1511547565460205,2.799999952316284,2.809999942779541,2.7799999713897705,2.799999952316284,146000
2019-07-26,2.1511547565460205,2.799999952316284,2.809999942779541,2.7899999618530273,2.799999952316284,270000
2019-07-29,2.1434719562530518,2.7899999618530273,2.809999942779541,2.759999990463257,2.7799999713897705,472000
2019-07-30,2.1434719562530518,2.7899999618530273,2.7899999618530273,2.7799999713897705,2.7799999713897705,2862000
2019-07-31,2.0973756313323975,2.7300000190734863,2.799999952316284,2.7300000190734863,2.799999952316284,1258000
2019-08-01,2.0973756313323975,2.7300000190734863,2.759999990463257,2.7100000381469727,2.740000009536743,480000
2019-08-02,2.058962345123291,2.680000066757202,2.7100000381469727,2.6700000762939453,2.7100000381469727,296000
2019-08-05,2.005183458328247,2.609999895095825,2.680000066757202,2.609999895095825,2.6700000762939453,522000
2019-08-06,1.9590872526168823,2.549999952316284,2.5799999237060547,2.5,2.5799999237060547,632000
2019-08-07,1.9667696952819824,2.559999942779541,2.569999933242798,2.509999990463257,2.559999942779541,300000
2019-08-08,1.9667696952819824,2.559999942779541,2.5799999237060547,2.5299999713897705,2.569999933242798,552000
2019-08-09,1.9667696952819824,2.559999942779541,2.5899999141693115,2.549999952316284,2.5799999237060547,376000
2019-08-12,1.9667696952819824,2.559999942779541,2.5899999141693115,2.559999942779541,2.559999942779541,252000
2019-08-13,1.9206739664077759,2.5,2.5399999618530273,2.4800000190734863,2.5399999618530273,530000
2019-08-14,1.9129912853240967,2.490000009536743,2.549999952316284,2.430000066757202,2.5199999809265137,391000
2019-08-15,1.9129912853240967,2.490000009536743,2.490000009536743,2.4600000381469727,2.4800000190734863,350000
2019-08-16,1.9360392093658447,2.5199999809265137,2.5299999713897705,2.4800000190734863,2.490000009536743,270000
2019-08-19,2.166520357131958,2.819999933242798,2.8299999237060547,2.5299999713897705,2.5299999713897705,2894000
2019-08-20,2.0743277072906494,2.700000047683716,2.7699999809265137,2.690000057220459,2.759999990463257,1182000
2019-08-21,2.0666451454162598,2.690000057220459,2.7200000286102295,2.690000057220459,2.700000047683716,288000
2019-08-22,2.0512795448303223,2.6700000762939453,2.700000047683716,2.630000114440918,2.690000057220459,134000
2019-08-23,2.0743277072906494,2.700000047683716,2.7699999809265137,2.6600000858306885,2.6700000762939453,244000
2019-08-26,2.112741231918335,2.75,2.799999952316284,2.6600000858306885,2.6600000858306885,2134000
2019-08-27,2.2049334049224854,2.869999885559082,2.950000047683716,2.7100000381469727,2.75,5222000
2019-08-28,2.181885242462158,2.8399999141693115,2.8399999141693115,2.809999942779541,2.8399999141693115,570000
2019-08-29,2.1742026805877686,2.8299999237060547,2.880000114440918,2.7799999713897705,2.799999952316284,374000
2019-08-30,2.15883731842041,2.809999942779541,2.8399999141693115,2.740000009536743,2.8399999141693115,291211
2019-09-02,2.1511547565460205,2.799999952316284,2.819999933242798,2.75,2.799999952316284,306000
2019-09-03,2.220299005508423,2.890000104904175,2.930000066757202,2.7699999809265137,2.7699999809265137,2286000
2019-09-04,2.220299005508423,2.890000104904175,2.9000000953674316,2.8399999141693115,2.9000000953674316,390000
2019-09-05,2.235664129257202,2.9100000858306885,2.9100000858306885,2.8399999141693115,2.859999895095825,514000
2019-09-06,2.220299005508423,2.890000104904175,2.9100000858306885,2.8499999046325684,2.880000114440918,242000
2019-09-09,2.2049334049224854,2.869999885559082,2.9000000953674316,2.8399999141693115,2.9000000953674316,526000
2019-09-10,2.1972508430480957,2.859999895095825,2.869999885559082,2.8499999046325684,2.859999895095825,334000
2019-09-11,2.2049334049224854,2.869999885559082,2.880000114440918,2.8299999237060547,2.8299999237060547,72000
2019-09-12,2.2279818058013916,2.9000000953674316,2.9000000953674316,2.8499999046325684,2.890000104904175,104000
2019-09-13,2.243346929550171,2.9200000762939453,2.9200000762939453,2.880000114440918,2.9200000762939453,88000
2019-09-16,2.2279818058013916,2.9000000953674316,2.9000000953674316,2.8299999237060547,2.9000000953674316,504000
2019-09-17,2.212616205215454,2.880000114440918,2.9000000953674316,2.8399999141693115,2.869999885559082,350000
2019-09-18,2.189568042755127,2.8499999046325684,2.859999895095825,2.8399999141693115,2.859999895095825,130000
2019-09-19,2.1972508430480957,2.859999895095825,2.869999885559082,2.819999933242798,2.8299999237060547,198000
2019-09-20,2.189568042755127,2.8499999046325684,2.869999885559082,2.8399999141693115,2.8399999141693115,362000
2019-09-23,2.1972508430480957,2.859999895095825,2.869999885559082,2.819999933242798,2.819999933242798,908000
2019-09-24,2.181885242462158,2.8399999141693115,2.880000114440918,2.8299999237060547,2.8299999237060547,96000
2019-09-25,2.1972508430480957,2.859999895095825,2.859999895095825,2.799999952316284,2.819999933242798,494000
2019-09-26,2.189568042755127,2.8499999046325684,2.859999895095825,2.8299999237060547,2.8299999237060547,26000
2019-09-27,2.1511547565460205,2.799999952316284,2.8499999046325684,2.799999952316284,2.8499999046325684,120000
2019-09-30,2.0743277072906494,2.700000047683716,2.759999990463257,2.680000066757202,2.700000047683716,132000
2019-10-02,2.0743277072906494,2.700000047683716,2.759999990463257,2.690000057220459,2.690000057220459,22000
2019-10-03,2.028231620788574,2.640000104904175,2.700000047683716,2.5999999046325684,2.700000047683716,102000
2019-10-04,2.0205488204956055,2.630000114440918,2.630000114440918,2.5999999046325684,2.630000114440918,60000
2019-10-08,2.1204240322113037,2.759999990463257,2.799999952316284,2.680000066757202,2.690000057220459,892000
2019-10-09,2.1281065940856934,2.7699999809265137,2.7699999809265137,2.740000009536743,2.740000009536743,30000
2019-10-10,2.1742026805877686,2.8299999237060547,2.950000047683716,2.75,2.75,906000
2019-10-11,2.1511547565460205,2.799999952316284,2.8499999046325684,2.7799999713897705,2.8299999237060547,822000
2019-10-14,2.15883731842041,2.809999942779541,2.819999933242798,2.799999952316284,2.799999952316284,184000
2019-10-15,2.135789394378662,2.7799999713897705,2.809999942779541,2.7799999713897705,2.819999933242798,534000
2019-10-16,2.2510297298431396,2.930000066757202,3.049999952316284,2.7799999713897705,2.7799999713897705,5294000
2019-10-17,2.2279818058013916,2.9000000953674316,2.930000066757202,2.859999895095825,2.890000104904175,296000
2019-10-18,2.220299005508423,2.890000104904175,2.9000000953674316,2.859999895095825,2.9000000953674316,94000
2019-10-21,2.1972508430480957,2.859999895095825,2.890000104904175,2.859999895095825,2.880000114440918,34000
2019-10-22,2.212616205215454,2.880000114440918,2.890000104904175,2.859999895095825,2.880000114440918,844000
2019-10-23,2.2049334049224854,2.869999885559082,2.950000047683716,2.8399999141693115,2.950000047683716,220000
2019-10-24,2.2049334049224854,2.869999885559082,2.869999885559082,2.8499999046325684,2.8499999046325684,196000
2019-10-25,2.189568042755127,2.8499999046325684,2.869999885559082,2.8399999141693115,2.8499999046325684,482000
2019-10-28,2.189568042755127,2.8499999046325684,2.880000114440918,2.8399999141693115,2.8499999046325684,460000
2019-10-29,2.189568042755127,2.8499999046325684,2.880000114440918,2.8399999141693115,2.880000114440918,332000
2019-10-30,2.243346929550171,2.9200000762939453,2.930000066757202,2.8299999237060547,2.8499999046325684,400000
2019-10-31,2.1742026805877686,2.8299999237060547,2.890000104904175,2.8299999237060547,2.8399999141693115,100000
2019-11-01,2.1972508430480957,2.859999895095825,2.880000114440918,2.8299999237060547,2.859999895095825,152000
2019-11-04,2.1972508430480957,2.859999895095825,2.869999885559082,2.8299999237060547,2.869999885559082,226000
2019-11-05,2.1972508430480957,2.859999895095825,2.869999885559082,2.8499999046325684,2.859999895095825,300000
2019-11-06,2.2049334049224854,2.869999885559082,2.880000114440918,2.8499999046325684,2.880000114440918,202000
2019-11-07,2.212616205215454,2.880000114440918,2.880000114440918,2.8399999141693115,2.880000114440918,334000
2019-11-08,2.1972508430480957,2.859999895095825,2.869999885559082,2.8399999141693115,2.869999885559082,172000
2019-11-11,2.189568042755127,2.8499999046325684,2.880000114440918,2.809999942779541,2.880000114440918,494000
2019-11-12,2.1972508430480957,2.859999895095825,2.859999895095825,2.809999942779541,2.809999942779541,238000
2019-11-13,2.181885242462158,2.8399999141693115,2.8499999046325684,2.809999942779541,2.859999895095825,142000
2019-11-14,2.1742026805877686,2.8299999237060547,2.8399999141693115,2.799999952316284,2.799999952316284,148000
2019-11-15,2.1742026805877686,2.8299999237060547,2.8399999141693115,2.7899999618530273,2.8399999141693115,134000
2019-11-18,2.189568042755127,2.8499999046325684,2.930000066757202,2.799999952316284,2.809999942779541,180000
2019-11-19,2.1972508430480957,2.859999895095825,2.869999885559082,2.8399999141693115,2.869999885559082,168000
2019-11-20,2.2049334049224854,2.869999885559082,2.869999885559082,2.8399999141693115,2.859999895095825,132000
2019-11-21,2.189568042755127,2.8499999046325684,2.859999895095825,2.799999952316284,2.859999895095825,94000
2019-11-22,2.181885242462158,2.8399999141693115,2.8399999141693115,2.799999952316284,2.819999933242798,68000
2019-11-25,2.181885242462158,2.8399999141693115,2.8399999141693115,2.799999952316284,2.799999952316284,78000
2019-11-26,2.181885242462158,2.8399999141693115,2.8399999141693115,2.819999933242798,2.819999933242798,64000
2019-11-27,2.181885242462158,2.8399999141693115,2.8399999141693115,2.799999952316284,2.799999952316284,96000
2019-11-28,2.181885242462158,2.8399999141693115,2.8399999141693115,2.7799999713897705,2.799999952316284,82000
2019-11-29,2.1742026805877686,2.8299999237060547,2.8399999141693115,2.75,2.819999933242798,360000
2019-12-02,2.181885242462158,2.8399999141693115,2.8499999046325684,2.799999952316284,2.819999933242798,140000
2019-12-03,2.181885242462158,2.8399999141693115,2.8399999141693115,2.7899999618530273,2.799999952316284,532000
2019-12-04,2.212616205215454,2.880000114440918,2.9200000762939453,2.7799999713897705,2.809999942779541,588000
2019-12-05,2.181885242462158,2.8399999141693115,2.8399999141693115,2.7899999618530273,2.869999885559082,206000
2019-12-06,2.189568042755127,2.8499999046325684,2.8499999046325684,2.809999942779541,2.8399999141693115,48000
2019-12-09,2.181885242462158,2.8399999141693115,2.8499999046325684,2.809999942779541,2.819999933242798,580000
2019-12-10,2.1742026805877686,2.8299999237060547,2.8399999141693115,2.799999952316284,2.819999933242798,56000
2019-12-11,2.1742026805877686,2.8299999237060547,2.8299999237060547,2.809999942779541,2.819999933242798,46000
2019-12-12,2.1742026805877686,2.8299999237060547,2.8299999237060547,2.809999942779541,2.8299999237060547,472000
2019-12-13,2.181885242462158,2.8399999141693115,2.8399999141693115,2.8299999237060547,2.8399999141693115,364000
2019-12-16,2.181885242462158,2.8399999141693115,2.8499999046325684,2.809999942779541,2.8299999237060547,206000
2019-12-17,2.2049334049224854,2.869999885559082,2.880000114440918,2.8399999141693115,2.8499999046325684,1468000
2019-12-18,2.212616205215454,2.880000114440918,2.880000114440918,2.8499999046325684,2.869999885559082,322000
2019-12-19,2.212616205215454,2.880000114440918,2.880000114440918,2.8399999141693115,2.8399999141693115,264000
2019-12-20,2.1742026805877686,2.8299999237060547,2.880000114440918,2.8299999237060547,2.869999885559082,432994
2019-12-23,2.189568042755127,2.8499999046325684,2.859999895095825,2.819999933242798,2.8299999237060547,444000
2019-12-24,2.181885242462158,2.8399999141693115,2.8499999046325684,2.8299999237060547,2.8399999141693115,118000
2019-12-27,2.2049334049224854,2.869999885559082,2.869999885559082,2.819999933242798,2.819999933242798,294157
2019-12-30,2.220299005508423,2.890000104904175,2.9000000953674316,2.8499999046325684,2.869999885559082,1332994
2019-12-31,2.2049334049224854,2.869999885559082,2.890000104904175,2.8499999046325684,2.859999895095825,340000
2020-01-02,2.243346929550171,2.9200000762939453,2.9200000762939453,2.890000104904175,2.9000000953674316,362000
2020-01-03,2.2510297298431396,2.930000066757202,2.940000057220459,2.9100000858306885,2.930000066757202,364000
2020-01-06,2.243346929550171,2.9200000762939453,2.9200000762939453,2.880000114440918,2.890000104904175,792000
2020-01-07,2.2740776538848877,2.9600000381469727,2.9700000286102295,2.9200000762939453,2.930000066757202,886000
2020-01-08,2.235664129257202,2.9100000858306885,2.950000047683716,2.890000104904175,2.940000057220459,406000
2020-01-09,2.3048083782196045,3.0,3.009999990463257,2.9100000858306885,2.890000104904175,1270000
2020-01-10,2.266395092010498,2.950000047683716,3.0,2.9100000858306885,3.0,470000
2020-01-13,2.2740776538848877,2.9600000381469727,2.9600000381469727,2.930000066757202,2.940000057220459,160000
2020-01-14,2.2817604541778564,2.9700000286102295,2.9800000190734863,2.930000066757202,2.940000057220459,206000
2020-01-15,2.2587125301361084,2.940000057220459,2.9700000286102295,2.9100000858306885,2.9600000381469727,336000
2020-01-16,2.2587125301361084,2.940000057220459,2.940000057220459,2.9100000858306885,2.940000057220459,122000
2020-01-17,2.266395092010498,2.950000047683716,2.950000047683716,2.9100000858306885,2.9100000858306885,94000
2020-01-20,2.243346929550171,2.9200000762939453,2.940000057220459,2.9200000762939453,2.940000057220459,258000
2020-01-21,2.235664129257202,2.9100000858306885,2.9200000762939453,2.859999895095825,2.9100000858306885,446000
2020-01-22,2.2279818058013916,2.9000000953674316,2.9000000953674316,2.9000000953674316,2.9000000953674316,0
2020-01-23,2.166520357131958,2.819999933242798,2.9100000858306885,2.740000009536743,2.859999895095825,146000
2020-01-24,2.1511547565460205,2.799999952316284,2.799999952316284,2.799999952316284,2.799999952316284,54000
2020-01-29,2.0666451454162598,2.690000057220459,2.759999990463257,2.6600000858306885,2.759999990463257,192000
2020-01-30,1.9821351766586304,2.5799999237060547,2.6600000858306885,2.569999933242798,2.640000104904175,72000
2020-01-31,1.9206739664077759,2.5,2.569999933242798,2.4700000286102295,2.559999942779541,404000
2020-02-03,1.9744524955749512,2.569999933242798,2.700000047683716,2.5199999809265137,2.5199999809265137,1228162
2020-02-04,2.012866258621216,2.619999885559082,2.640000104904175,2.5299999713897705,2.609999895095825,716000
2020-02-05,2.012866258621216,2.619999885559082,2.640000104904175,2.609999895095825,2.630000114440918,424000
2020-02-06,2.035914421081543,2.6500000953674316,2.680000066757202,2.640000104904175,2.640000104904175,1438000
2020-02-07,2.035914421081543,2.6500000953674316,2.6500000953674316,2.619999885559082,2.640000104904175,502000
2020-02-10,2.028231620788574,2.640000104904175,2.6500000953674316,2.619999885559082,2.640000104904175,194000
2020-02-11,2.012866258621216,2.619999885559082,2.640000104904175,2.609999895095825,2.619999885559082,1456000
2020-02-12,2.0205488204956055,2.630000114440918,2.640000104904175,2.609999895095825,2.619999885559082,346000
2020-02-13,1.9744524955749512,2.569999933242798,2.630000114440918,2.549999952316284,2.619999885559082,3914000
2020-02-14,1.9744524955749512,2.569999933242798,2.5799999237060547,2.559999942779541,2.569999933242798,992000
2020-02-17,1.98981773853302,2.5899999141693115,2.619999885559082,2.5799999237060547,2.5799999237060547,1594000
2020-02-18,1.9821351766586304,2.5799999237060547,2.609999895095825,2.5799999237060547,2.5999999046325684,682000
2020-02-19,1.98981773853302,2.5899999141693115,2.609999895095825,2.569999933242798,2.5999999046325684,1238000
2020-02-20,1.9744524955749512,2.569999933242798,2.609999895095825,2.549999952316284,2.5999999046325684,1856000
2020-02-21,1.9667696952819824,2.559999942779541,2.5899999141693115,2.549999952316284,2.5799999237060547,1800000
2020-02-24,1.9514046907424927,2.5399999618530273,2.559999942779541,2.5199999809265137,2.559999942779541,986000
2020-02-25,1.9437220096588135,2.5299999713897705,2.5399999618530273,2.509999990463257,2.5299999713897705,826000
2020-02-26,1.9360392093658447,2.5199999809265137,2.5399999618530273,2.5,2.5199999809265137,1115006
2020-02-27,1.9667696952819824,2.559999942779541,2.5999999046325684,2.509999990463257,2.5299999713897705,1236000
2020-02-28,1.9129912853240967,2.490000009536743,2.5299999713897705,2.4800000190734863,2.5199999809265137,996000
2020-03-02,1.9437220096588135,2.5299999713897705,2.5399999618530273,2.5,2.5299999713897705,754000
2020-03-03,1.9514046907424927,2.5399999618530273,2.569999933242798,2.5299999713897705,2.549999952316284,652000
2020-03-04,1.9590872526168823,2.549999952316284,2.569999933242798,2.5399999618530273,2.559999942779541,504000
2020-03-05,1.9744524955749512,2.569999933242798,2.569999933242798,2.549999952316284,2.559999942779541,1044000
2020-03-06,1.9514046907424927,2.5399999618530273,2.559999942779541,2.5199999809265137,2.559999942779541,312000
2020-03-09,1.88994300365448,2.4600000381469727,2.509999990463257,2.4600000381469727,2.5,2290000
2020-03-10,1.9514046907424927,2.5399999618530273,2.559999942779541,2.450000047683716,2.450000047683716,1158000
2020-03-11,1.9590872526168823,2.549999952316284,2.559999942779541,2.509999990463257,2.5399999618530273,118000
2020-03-12,1.905308485031128,2.4800000190734863,2.509999990463257,2.430000066757202,2.509999990463257,1378000
2020-03-13,1.8592122793197632,2.4200000762939453,2.4800000190734863,2.369999885559082,2.4000000953674316,1636000
2020-03-16,1.8054333925247192,2.3499999046325684,2.4200000762939453,2.3399999141693115,2.4000000953674316,912000
2020-03-17,1.7977505922317505,2.3399999141693115,2.3399999141693115,2.3399999141693115,2.3399999141693115,0
2020-03-18,1.7362889051437378,2.259999990463257,2.3299999237060547,2.200000047683716,2.3299999237060547,1598000
2020-03-19,1.7055585384368896,2.2200000286102295,2.259999990463257,2.130000114440918,2.259999990463257,1182000
2020-03-20,1.7823851108551025,2.319999933242798,2.319999933242798,2.190000057220459,2.240000009536743,2576000
2020-03-23,1.7823851108551025,2.319999933242798,2.319999933242798,2.200000047683716,2.25,1158000
2020-03-24,1.8438470363616943,2.4000000953674316,2.5199999809265137,2.2899999618530273,2.3299999237060547,828000
2020-03-25,1.851529598236084,2.4100000858306885,2.430000066757202,2.369999885559082,2.4000000953674316,858000
2020-03-26,1.8438470363616943,2.4000000953674316,2.4200000762939453,2.359999895095825,2.4000000953674316,538000
2020-03-27,1.8131160736083984,2.359999895095825,2.4200000762939453,2.359999895095825,2.4200000762939453,632000
2020-03-30,1.7977505922317505,2.3399999141693115,2.3499999046325684,2.299999952316284,2.319999933242798,430000
2020-03-31,1.8361643552780151,2.390000104904175,2.4000000953674316,2.3399999141693115,2.3499999046325684,610000
2020-04-01,1.8054333925247192,2.3499999046325684,2.390000104904175,2.319999933242798,2.369999885559082,224000
2020-04-02,1.7823851108551025,2.319999933242798,2.3399999141693115,2.2899999618530273,2.319999933242798,36000
2020-04-03,1.7670197486877441,2.299999952316284,2.299999952316284,2.2799999713897705,2.299999952316284,52000
2020-04-06,1.7747024297714233,2.309999942779541,2.319999933242798,2.299999952316284,2.319999933242798,132000
2020-04-07,1.8361643552780151,2.390000104904175,2.390000104904175,2.359999895095825,2.359999895095825,462000
2020-04-08,1.8131160736083984,2.359999895095825,2.390000104904175,2.3499999046325684,2.390000104904175,302000
2020-04-09,1.8284815549850464,2.380000114440918,2.390000104904175,2.359999895095825,2.369999885559082,272000
2020-04-14,1.8284815549850464,2.380000114440918,2.4100000858306885,2.380000114440918,2.380000114440918,334000
2020-04-15,1.8438470363616943,2.4000000953674316,2.4100000858306885,2.390000104904175,2.4000000953674316,672000
2020-04-16,1.851529598236084,2.4100000858306885,2.4200000762939453,2.390000104904175,2.4100000858306885,392000
2020-04-17,1.851529598236084,2.4100000858306885,2.430000066757202,2.380000114440918,2.430000066757202,252000
2020-04-20,1.8438470363616943,2.4000000953674316,2.4100000858306885,2.380000114440918,2.4100000858306885,352000
2020-04-21,1.8361643552780151,2.390000104904175,2.390000104904175,2.3299999237060547,2.359999895095825,458000
2020-04-22,1.820798635482788,2.369999885559082,2.380000114440918,2.3499999046325684,2.359999895095825,144000
2020-04-23,1.8131160736083984,2.359999895095825,2.380000114440918,2.3399999141693115,2.3499999046325684,116000
2020-04-24,1.8284815549850464,2.380000114440918,2.380000114440918,2.3499999046325684,2.359999895095825,452000
2020-04-27,1.8361643552780151,2.390000104904175,2.4000000953674316,2.369999885559082,2.390000104904175,330000
2020-04-28,1.8822603225708008,2.450000047683716,2.5,2.4100000858306885,2.4100000858306885,360000
2020-04-29,1.8976258039474487,2.4700000286102295,2.4700000286102295,2.4200000762939453,2.450000047683716,564000
2020-05-04,1.8822603225708008,2.450000047683716,2.450000047683716,2.450000047683716,2.450000047683716,4000
2020-05-05,1.8284815549850464,2.380000114440918,2.4200000762939453,2.369999885559082,2.4100000858306885,233994
2020-05-06,1.851529598236084,2.4100000858306885,2.430000066757202,2.390000104904175,2.4100000858306885,1022000
2020-05-07,1.851529598236084,2.4100000858306885,2.430000066757202,2.4000000953674316,2.4100000858306885,346000
2020-05-08,1.866895079612732,2.430000066757202,2.430000066757202,2.4000000953674316,2.4200000762939453,2118000
2020-05-11,1.874577522277832,2.440000057220459,2.450000047683716,2.4200000762939453,2.450000047683716,498000
2020-05-12,1.8976258039474487,2.4700000286102295,2.4700000286102295,2.4000000953674316,2.430000066757202,674000
2020-05-13,1.8822603225708008,2.450000047683716,2.4700000286102295,2.430000066757202,2.4700000286102295,348000
2020-05-14,1.866895079612732,2.430000066757202,2.440000057220459,2.4100000858306885,2.430000066757202,314000
2020-05-15,1.866895079612732,2.430000066757202,2.430000066757202,2.4100000858306885,2.4100000858306885,192000
2020-05-18,1.8822603225708008,2.450000047683716,2.450000047683716,2.4200000762939453,2.430000066757202,160000
2020-05-19,1.88994300365448,2.4600000381469727,2.5,2.440000057220459,2.4700000286102295,1215000
2020-05-20,1.8953896760940552,2.3499999046325684,2.359999895095825,2.299999952316284,2.3499999046325684,432000
2020-05-21,1.8550621271133423,2.299999952316284,2.3499999046325684,2.299999952316284,2.3299999237060547,438000
2020-05-22,1.814734697341919,2.25,2.309999942779541,2.25,2.2799999713897705,704000
2020-05-25,1.814734697341919,2.25,2.299999952316284,2.240000009536743,2.25,328000
2020-05-26,1.8228000402450562,2.259999990463257,2.2799999713897705,2.25,2.259999990463257,458000
2020-05-27,1.830865502357483,2.2699999809265137,2.2899999618530273,2.25,2.2799999713897705,330000
2020-05-28,1.830865502357483,2.2699999809265137,2.2799999713897705,2.259999990463257,2.2699999809265137,176000
2020-05-29,1.846996784210205,2.2899999618530273,2.309999942779541,2.240000009536743,2.259999990463257,940000
2020-06-01,1.8631274700164795,2.309999942779541,2.3299999237060547,2.2899999618530273,2.2899999618530273,934000
2020-06-02,1.8631274700164795,2.309999942779541,2.3399999141693115,2.2899999618530273,2.3299999237060547,550000
2020-06-03,1.8711930513381958,2.319999933242798,2.3399999141693115,2.309999942779541,2.309999942779541,712000
2020-06-04,1.8711930513381958,2.319999933242798,2.3299999237060547,2.309999942779541,2.3299999237060547,122000
2020-06-05,1.8953896760940552,2.3499999046325684,2.359999895095825,2.309999942779541,2.319999933242798,1706000
2020-06-08,1.8953896760940552,2.3499999046325684,2.369999885559082,2.3499999046325684,2.359999895095825,430000
2020-06-09,1.903455138206482,2.359999895095825,2.4000000953674316,2.3299999237060547,2.4000000953674316,502000
2020-06-10,1.903455138206482,2.359999895095825,2.380000114440918,2.3299999237060547,2.380000114440918,416000
2020-06-11,1.8631274700164795,2.309999942779541,2.390000104904175,2.299999952316284,2.390000104904175,260000
2020-06-12,1.8631274700164795,2.309999942779541,2.309999942779541,2.2300000190734863,2.299999952316284,790000
2020-06-15,1.846996784210205,2.2899999618530273,2.3299999237060547,2.2699999809265137,2.319999933242798,2012632
2020-06-16,1.8550621271133423,2.299999952316284,2.3299999237060547,2.299999952316284,2.319999933242798,598000
2020-06-17,1.8550621271133423,2.299999952316284,2.319999933242798,2.2899999618530273,2.309999942779541,238000
2020-06-18,1.8711930513381958,2.319999933242798,2.319999933242798,2.2699999809265137,2.319999933242798,318000
2020-06-19,1.8631274700164795,2.309999942779541,2.3299999237060547,2.2899999618530273,2.2899999618530273,362197
2020-06-22,1.8873240947723389,2.3399999141693115,2.3399999141693115,2.299999952316284,2.309999942779541,2852000
2020-06-23,1.8873240947723389,2.3399999141693115,2.3399999141693115,2.299999952316284,2.299999952316284,84000
2020-06-24,1.846996784210205,2.2899999618530273,2.309999942779541,2.2899999618530273,2.299999952316284,30000
2020-06-26,1.8389313220977783,2.2799999713897705,2.319999933242798,2.259999990463257,2.259999990463257,103937
2020-06-29,1.879258632659912,2.3299999237060547,2.3399999141693115,2.2699999809265137,2.2699999809265137,5320695
2020-06-30,1.903455138206482,2.359999895095825,2.380000114440918,2.309999942779541,2.309999942779541,1754000
2020-07-02,1.951848030090332,2.4200000762939453,2.4200000762939453,2.309999942779541,2.309999942779541,1740000
2020-07-03,1.967978835105896,2.440000057220459,2.4700000286102295,2.4200000762939453,2.430000066757202,3098000
2020-07-06,2.056699275970459,2.549999952316284,2.5799999237060547,2.4800000190734863,2.4800000190734863,4810000
2020-07-07,2.0325028896331787,2.5199999809265137,2.630000114440918,2.509999990463257,2.619999885559082,2862000
2020-07-08,2.0970265865325928,2.5999999046325684,2.630000114440918,2.509999990463257,2.5299999713897705,2184000
2020-07-09,2.0808956623077393,2.5799999237060547,2.690000057220459,2.5799999237060547,2.619999885559082,4196000
2020-07-10,2.016371965408325,2.5,2.640000104904175,2.4800000190734863,2.640000104904175,4994000
2020-07-13,2.0647647380828857,2.559999942779541,2.5899999141693115,2.490000009536743,2.509999990463257,3224000
2020-07-14,2.0325028896331787,2.5199999809265137,2.619999885559082,2.4700000286102295,2.609999895095825,3236000
2020-07-15,2.0486338138580322,2.5399999618530273,2.569999933242798,2.509999990463257,2.559999942779541,910000
2020-07-16,2.016371965408325,2.5,2.569999933242798,2.490000009536743,2.569999933242798,1674000
2020-07-17,2.0486338138580322,2.5399999618530273,2.549999952316284,2.5,2.5,680000
2020-07-20,2.1050922870635986,2.609999895095825,2.640000104904175,2.549999952316284,2.5899999141693115,2782000
2020-07-21,2.0647647380828857,2.559999942779541,2.630000114440918,2.509999990463257,2.630000114440918,968000
2020-07-22,2.0405683517456055,2.5299999713897705,2.569999933242798,2.5199999809265137,2.559999942779541,626000
2020-07-23,2.0486338138580322,2.5399999618530273,2.569999933242798,2.4800000190734863,2.5199999809265137,1412000
2020-07-24,1.9921754598617554,2.4700000286102295,2.5299999713897705,2.450000047683716,2.5,1000000
2020-07-27,2.016371965408325,2.5,2.5,2.4800000190734863,2.4800000190734863,242000
2020-07-28,2.024437665939331,2.509999990463257,2.5299999713897705,2.5,2.5199999809265137,496000
2020-07-29,2.016371965408325,2.5,2.5399999618530273,2.5,2.509999990463257,1074000
2020-07-30,2.024437665939331,2.509999990463257,2.5399999618530273,2.5,2.5199999809265137,411000
2020-07-31,2.0325028896331787,2.5199999809265137,2.549999952316284,2.509999990463257,2.5399999618530273,1106000
2020-08-03,2.0647647380828857,2.559999942779541,2.5999999046325684,2.5299999713897705,2.5399999618530273,1948000
2020-08-04,2.0808956623077393,2.5799999237060547,2.5899999141693115,2.559999942779541,2.5799999237060547,706000
2020-08-05,2.0808956623077393,2.5799999237060547,2.5799999237060547,2.549999952316284,2.549999952316284,238000
2020-08-06,2.0728302001953125,2.569999933242798,2.5799999237060547,2.549999952316284,2.5799999237060547,176000
2020-08-07,2.0405683517456055,2.5299999713897705,2.5799999237060547,2.5,2.569999933242798,440000
2020-08-10,2.0083065032958984,2.490000009536743,2.549999952316284,2.4800000190734863,2.5199999809265137,778000
2020-08-11,2.0002410411834717,2.4800000190734863,2.5399999618530273,2.4800000190734863,2.5199999809265137,632000
2020-08-12,2.0405683517456055,2.5299999713897705,2.5299999713897705,2.4800000190734863,2.5,576000
2020-08-13,2.0405683517456055,2.5299999713897705,2.5399999618530273,2.509999990463257,2.509999990463257,722000
2020-08-14,2.0405683517456055,2.5299999713897705,2.569999933242798,2.509999990463257,2.559999942779541,1094000
2020-08-17,2.0405683517456055,2.5299999713897705,2.549999952316284,2.5199999809265137,2.5399999618530273,976000
2020-08-18,2.0325028896331787,2.5199999809265137,2.549999952316284,2.5199999809265137,2.549999952316284,854000
2020-08-19,2.024437665939331,2.509999990463257,2.549999952316284,2.490000009536743,2.5399999618530273,360000
2020-08-20,2.0808956623077393,2.5799999237060547,2.5899999141693115,2.509999990463257,2.509999990463257,3376000
2020-08-21,2.1454198360443115,2.6600000858306885,2.6600000858306885,2.5799999237060547,2.5799999237060547,3440000
2020-08-24,2.1131579875946045,2.619999885559082,2.6600000858306885,2.609999895095825,2.640000104904175,1634000
2020-08-25,2.169616222381592,2.690000057220459,2.700000047683716,2.630000114440918,2.6500000953674316,4934000
2020-08-26,2.129288911819458,2.640000104904175,2.7100000381469727,2.640000104904175,2.690000057220459,1778000
2020-08-27,2.1131579875946045,2.619999885559082,2.6600000858306885,2.569999933242798,2.640000104904175,2940000
2020-08-28,2.1131579875946045,2.619999885559082,2.6500000953674316,2.609999895095825,2.609999895095825,630000
2020-08-31,2.1373543739318848,2.6500000953674316,2.6700000762939453,2.630000114440918,2.640000104904175,1514000
2020-09-01,2.1454198360443115,2.6600000858306885,2.7100000381469727,2.6500000953674316,2.6600000858306885,2896000
2020-09-02,2.161550760269165,2.680000066757202,2.700000047683716,2.6700000762939453,2.690000057220459,3088000
2020-09-03,2.1776816844940186,2.700000047683716,2.700000047683716,2.6700000762939453,2.680000066757202,1384000
2020-09-04,2.1857471466064453,2.7100000381469727,2.7100000381469727,2.6600000858306885,2.6700000762939453,730000
2020-09-07,2.1857471466064453,2.7100000381469727,2.7200000286102295,2.6700000762939453,2.7100000381469727,800000
2020-09-08,2.2099435329437256,2.740000009536743,2.759999990463257,2.7100000381469727,2.7100000381469727,1762000
2020-09-09,2.226074695587158,2.759999990463257,2.7899999618530273,2.7200000286102295,2.740000009536743,1170000
2020-09-10,2.2180092334747314,2.75,2.7699999809265137,2.7200000286102295,2.7300000190734863,1456000
2020-09-11,2.2180092334747314,2.75,2.759999990463257,2.740000009536743,2.740000009536743,1092000
2020-09-14,2.2502710819244385,2.7899999618530273,2.7899999618530273,2.7200000286102295,2.7200000286102295,712000
2020-09-15,2.3228604793548584,2.880000114440918,2.880000114440918,2.7799999713897705,2.7799999713897705,1976000
2020-09-16,2.371253490447998,2.940000057220459,3.049999952316284,2.9000000953674316,2.9000000953674316,6086000
2020-09-17,2.3309261798858643,2.890000104904175,2.9700000286102295,2.890000104904175,2.9700000286102295,1092000
2020-09-18,2.338991641998291,2.9000000953674316,2.9000000953674316,2.8499999046325684,2.890000104904175,652000
2020-09-21,2.2825329303741455,2.8299999237060547,2.880000114440918,2.819999933242798,2.880000114440918,594000
2020-09-22,2.2905983924865723,2.8399999141693115,2.869999885559082,2.819999933242798,2.8499999046325684,290000
2020-09-23,2.234140157699585,2.7699999809265137,2.869999885559082,2.759999990463257,2.869999885559082,646000
2020-09-24,2.2825329303741455,2.8299999237060547,2.8299999237060547,2.759999990463257,2.7699999809265137,908000
2020-09-25,2.2502710819244385,2.7899999618530273,2.8299999237060547,2.7799999713897705,2.7899999618530273,1390000
2020-09-28,2.2583365440368652,2.799999952316284,2.8399999141693115,2.7899999618530273,2.799999952316284,1336000
2020-09-29,2.298663854598999,2.8499999046325684,2.890000104904175,2.799999952316284,2.799999952316284,24000
2020-09-30,2.2099435329437256,2.740000009536743,2.8499999046325684,2.7300000190734863,2.8499999046325684,144000
2020-10-05,2.193812608718872,2.7200000286102295,2.869999885559082,2.690000057220459,2.869999885559082,180800
2020-10-06,2.1776816844940186,2.700000047683716,2.740000009536743,2.700000047683716,2.7100000381469727,56000
2020-10-07,2.201878070831299,2.7300000190734863,2.7899999618530273,2.7300000190734863,2.7899999618530273,38000
2020-10-08,2.193812608718872,2.7200000286102295,2.8399999141693115,2.630000114440918,2.7100000381469727,116000
2020-10-09,2.2502710819244385,2.7899999618530273,2.819999933242798,2.7699999809265137,2.819999933242798,1040000
2020-10-12,2.274467706680298,2.819999933242798,2.8499999046325684,2.799999952316284,2.8399999141693115,382000
2020-10-14,2.2583365440368652,2.799999952316284,2.859999895095825,2.799999952316284,2.859999895095825,206000
2020-10-15,2.298663854598999,2.8499999046325684,2.8499999046325684,2.799999952316284,2.799999952316284,668000
2020-10-16,2.2905983924865723,2.8399999141693115,2.890000104904175,2.8399999141693115,2.8499999046325684,662000
2020-10-19,2.3228604793548584,2.880000114440918,2.9100000858306885,2.8399999141693115,2.8399999141693115,1002000
2020-10-20,2.3470568656921387,2.9100000858306885,2.9200000762939453,2.8499999046325684,2.859999895095825,928000
2020-10-21,2.338991641998291,2.9000000953674316,2.940000057220459,2.9000000953674316,2.9200000762939453,2606000
2020-10-22,2.3470568656921387,2.9100000858306885,2.9200000762939453,2.880000114440918,2.9000000953674316,92000
2020-10-23,2.3470568656921387,2.9100000858306885,2.9600000381469727,2.9000000953674316,2.9000000953674316,874000
2020-10-27,2.403515338897705,2.9800000190734863,2.990000009536743,2.9000000953674316,2.9000000953674316,2152000
2020-10-28,2.3954498767852783,2.9700000286102295,3.0,2.950000047683716,3.0,717200
2020-10-29,2.3954498767852783,2.9700000286102295,2.990000009536743,2.930000066757202,2.9600000381469727,1210000
2020-10-30,2.468039035797119,3.059999942779541,3.069999933242798,2.9700000286102295,2.9700000286102295,2018000
2020-11-02,2.4922356605529785,3.0899999141693115,3.140000104904175,3.059999942779541,3.069999933242798,966000
2020-11-03,2.4519083499908447,3.0399999618530273,3.0899999141693115,3.0399999618530273,3.0899999141693115,546000
2020-11-04,2.411580801010132,2.990000009536743,3.0399999618530273,2.990000009536743,3.0299999713897705,374000
2020-11-05,2.403515338897705,2.9800000190734863,3.0299999713897705,2.9700000286102295,3.0299999713897705,482000
2020-11-06,2.3954498767852783,2.9700000286102295,2.990000009536743,2.9700000286102295,2.9700000286102295,242000
2020-11-09,2.468039035797119,3.059999942779541,3.069999933242798,3.009999990463257,3.009999990463257,768600
2020-11-10,2.5003011226654053,3.0999999046325684,3.130000114440918,3.0299999713897705,3.059999942779541,2110000
2020-11-11,2.468039035797119,3.059999942779541,3.1600000858306885,3.0299999713897705,3.140000104904175,510000
2020-11-12,2.508366584777832,3.109999895095825,3.109999895095825,3.049999952316284,3.0899999141693115,418000
2020-11-13,2.540628671646118,3.1500000953674316,3.1500000953674316,3.0799999237060547,3.0999999046325684,1072000
2020-11-16,2.621283531188965,3.25,3.2699999809265137,3.0999999046325684,3.1500000953674316,2234000
2020-11-17,2.580955982208252,3.200000047683716,3.25,3.1700000762939453,3.25,188000
2020-11-18,2.580955982208252,3.200000047683716,3.2300000190734863,3.180000066757202,3.200000047683716,370000
2020-11-19,2.5728907585144043,3.190000057220459,3.2100000381469727,3.180000066757202,3.200000047683716,368000
2020-11-20,2.645479679107666,3.2799999713897705,3.2799999713897705,3.190000057220459,3.190000057220459,798000
2020-11-23,2.677741765975952,3.319999933242798,3.3299999237060547,3.200000047683716,3.25,978000
2020-11-24,2.6616110801696777,3.299999952316284,3.3499999046325684,3.2899999618530273,3.319999933242798,412000
2020-11-25,2.6616110801696777,3.299999952316284,3.3299999237060547,3.2799999713897705,3.299999952316284,498000
2020-11-26,2.726134777069092,3.380000114440918,3.4000000953674316,3.25,3.25,970000
2020-11-27,2.8148550987243652,3.490000009536743,3.490000009536743,3.380000114440918,3.380000114440918,1924000
2020-11-30,2.863248109817505,3.549999952316284,3.549999952316284,3.4200000762939453,3.509999990463257,1458000
2020-12-01,2.645479679107666,3.2799999713897705,3.549999952316284,3.2699999809265137,3.549999952316284,2156000
2020-12-02,2.621283531188965,3.25,3.319999933242798,3.240000009536743,3.2799999713897705,982000
2020-12-03,2.677741765975952,3.319999933242798,3.319999933242798,3.25,3.25,264000
2020-12-04,2.685807466506958,3.3299999237060547,3.359999895095825,3.309999942779541,3.319999933242798,328000
2020-12-07,2.580955982208252,3.200000047683716,3.2899999618530273,3.140000104904175,3.2699999809265137,792000
2020-12-08,2.516432046890259,3.119999885559082,3.1700000762939453,3.119999885559082,3.1700000762939453,404000
2020-12-09,2.476104736328125,3.069999933242798,3.140000104904175,3.069999933242798,3.119999885559082,298000
2020-12-10,2.468039035797119,3.059999942779541,3.1500000953674316,3.059999942779541,3.0899999141693115,446000
2020-12-11,2.4519083499908447,3.0399999618530273,3.0899999141693115,3.0,3.0899999141693115,374000
2020-12-14,2.5728907585144043,3.190000057220459,3.240000009536743,3.0399999618530273,3.0399999618530273,1182000
2020-12-15,2.7100038528442383,3.359999895095825,3.369999885559082,3.1700000762939453,3.1700000762939453,3352000
2020-12-16,2.7019381523132324,3.3499999046325684,3.4200000762939453,3.319999933242798,3.369999885559082,500000
2020-12-17,2.8148550987243652,3.490000009536743,3.5999999046325684,3.3299999237060547,3.3499999046325684,2786000
2020-12-18,2.887444496154785,3.5799999237060547,3.619999885559082,3.4600000381469727,3.4600000381469727,4170000
2020-12-21,2.8793790340423584,3.569999933242798,3.6500000953674316,3.549999952316284,3.619999885559082,1346000
2020-12-22,2.9519686698913574,3.6600000858306885,3.7100000381469727,3.4100000858306885,3.609999895095825,5582000
2020-12-23,3.064885139465332,3.799999952316284,3.8399999141693115,3.640000104904175,3.6600000858306885,5124000
2020-12-24,3.064885139465332,3.799999952316284,3.799999952316284,3.799999952316284,3.799999952316284,0
2020-12-28,3.064885139465332,3.799999952316284,3.8499999046325684,3.7699999809265137,3.8299999237060547,680000
2020-12-29,3.1132781505584717,3.859999895095825,3.859999895095825,3.7699999809265137,3.799999952316284,1662000
2020-12-30,3.1294093132019043,3.880000114440918,3.880000114440918,3.809999942779541,3.880000114440918,1218000
2020-12-31,3.1132781505584717,3.859999895095825,3.859999895095825,3.859999895095825,3.859999895095825,0
2021-01-04,2.968099355697632,3.680000066757202,3.859999895095825,3.619999885559082,3.8299999237060547,850000
2021-01-05,2.9277725219726562,3.630000114440918,3.7200000286102295,3.619999885559082,3.6600000858306885,572000
2021-01-06,2.9519686698913574,3.6600000858306885,3.700000047683716,3.609999895095825,3.640000104904175,422000
2021-01-07,2.895510196685791,3.5899999141693115,3.7100000381469727,3.549999952316284,3.7100000381469727,332000
2021-01-08,2.895510196685791,3.5899999141693115,3.630000114440918,3.5199999809265137,3.549999952316284,368000
2021-01-11,2.758396625518799,3.4200000762939453,3.609999895095825,3.4100000858306885,3.609999895095825,968000
2021-01-12,2.7825934886932373,3.450000047683716,3.4800000190734863,3.4000000953674316,3.4000000953674316,234000
2021-01-13,2.750331401824951,3.4100000858306885,3.509999990463257,3.4000000953674316,3.509999990463257,240000
2021-01-14,2.758396625518799,3.4200000762939453,3.450000047683716,3.4000000953674316,3.450000047683716,248000
2021-01-15,2.7745280265808105,3.440000057220459,3.4600000381469727,3.4000000953674316,3.4600000381469727,270000
2021-01-18,2.855182409286499,3.5399999618530273,3.5799999237060547,3.4200000762939453,3.490000009536743,644000
2021-01-19,2.9277725219726562,3.630000114440918,3.6600000858306885,3.5399999618530273,3.549999952316284,444000
2021-01-20,2.935837745666504,3.640000104904175,3.700000047683716,3.609999895095825,3.609999895095825,776000
2021-01-21,2.887444496154785,3.5799999237060547,3.700000047683716,3.509999990463257,3.609999895095825,614000
2021-01-22,2.7745280265808105,3.440000057220459,3.549999952316284,3.440000057220459,3.5399999618530273,286000
2021-01-25,2.7342002391815186,3.390000104904175,3.5,3.380000114440918,3.450000047683716,516000
2021-01-26,2.653545618057251,3.2899999618530273,3.4000000953674316,3.2200000286102295,3.4000000953674316,1184000
2021-01-27,2.580955982208252,3.200000047683716,3.2899999618530273,3.130000114440918,3.25,920000
2021-01-28,2.6616110801696777,3.299999952316284,3.319999933242798,3.1600000858306885,3.200000047683716,734000
2021-01-29,2.758396625518799,3.4200000762939453,3.440000057220459,3.2200000286102295,3.259999990463257,850000
2021-02-01,2.685807466506958,3.3299999237060547,3.430000066757202,3.0899999141693115,3.430000066757202,656000
2021-02-02,2.653545618057251,3.2899999618530273,3.3499999046325684,3.25,3.299999952316284,274000
2021-02-03,2.677741765975952,3.319999933242798,3.3299999237060547,3.2100000381469727,3.2300000190734863,286000
2021-02-04,2.685807466506958,3.3299999237060547,3.359999895095825,3.299999952316284,3.3299999237060547,228000
2021-02-05,2.6696763038635254,3.309999942779541,3.369999885559082,3.299999952316284,3.369999885559082,192000
2021-02-08,2.677741765975952,3.319999933242798,3.4700000286102295,3.2799999713897705,3.4700000286102295,158000
2021-02-09,2.6616110801696777,3.299999952316284,3.319999933242798,3.299999952316284,3.299999952316284,140000
2021-02-10,2.7100038528442383,3.359999895095825,3.390000104904175,3.299999952316284,3.299999952316284,64000
2021-02-11,2.7100038528442383,3.359999895095825,3.359999895095825,3.359999895095825,3.359999895095825,0
2021-02-16,2.8067898750305176,3.4800000190734863,3.549999952316284,3.369999885559082,3.369999885559082,380000
2021-02-17,2.830986261367798,3.509999990463257,3.509999990463257,3.4100000858306885,3.4100000858306885,356000
2021-02-18,2.7745280265808105,3.440000057220459,3.4700000286102295,3.380000114440918,3.4700000286102295,300000
2021-02-19,2.790658712387085,3.4600000381469727,3.5,3.4000000953674316,3.4000000953674316,498000
2021-02-22,2.822920799255371,3.5,3.5299999713897705,3.4200000762939453,3.4200000762939453,492000
2021-02-23,2.750331401824951,3.4100000858306885,3.490000009536743,3.380000114440918,3.490000009536743,708000
2021-02-24,2.7422659397125244,3.4000000953674316,3.440000057220459,3.359999895095825,3.4100000858306885,834000
2021-02-25,2.7100038528442383,3.359999895095825,3.4100000858306885,3.359999895095825,3.390000104904175,328000
2021-02-26,2.653545618057251,3.2899999618530273,3.3299999237060547,3.2200000286102295,3.319999933242798,798000
2021-03-01,2.653545618057251,3.2899999618530273,3.3299999237060547,3.2699999809265137,3.3299999237060547,202000
2021-03-02,2.6374144554138184,3.2699999809265137,3.3499999046325684,3.2699999809265137,3.3499999046325684,192000
2021-03-03,2.645479679107666,3.2799999713897705,3.319999933242798,3.2100000381469727,3.259999990463257,258000
2021-03-04,2.613217830657959,3.240000009536743,3.2699999809265137,3.2300000190734863,3.25,140000
2021-03-05,2.548694372177124,3.1600000858306885,3.319999933242798,3.130000114440918,3.319999933242798,944000
2021-03-08,2.5567595958709717,3.1700000762939453,3.240000009536743,3.140000104904175,3.1600000858306885,363636
2021-03-09,2.516432046890259,3.119999885559082,3.180000066757202,3.109999895095825,3.119999885559082,428000
2021-03-10,2.540628671646118,3.1500000953674316,3.1500000953674316,3.119999885559082,3.119999885559082,88000
2021-03-11,2.5567595958709717,3.1700000762939453,3.200000047683716,3.1500000953674316,3.1700000762939453,220000
2021-03-12,2.516432046890259,3.119999885559082,3.2200000286102295,3.109999895095825,3.130000114440918,2000000
2021-03-15,2.540628671646118,3.1500000953674316,3.1600000858306885,3.119999885559082,3.1500000953674316,370000
2021-03-16,2.540628671646118,3.1500000953674316,3.200000047683716,3.0899999141693115,3.119999885559082,948000
2021-03-17,2.540628671646118,3.1500000953674316,3.1700000762939453,3.140000104904175,3.1500000953674316,322000
2021-03-18,2.540628671646118,3.1500000953674316,3.190000057220459,3.140000104904175,3.1600000858306885,358000
2021-03-19,2.5003011226654053,3.0999999046325684,3.180000066757202,3.0999999046325684,3.1700000762939453,432000
2021-03-22,2.580955982208252,3.200000047683716,3.259999990463257,3.130000114440918,3.140000104904175,742000
2021-03-23,2.5325632095336914,3.140000104904175,3.180000066757202,3.130000114440918,3.180000066757202,216000
2021-03-24,2.5003011226654053,3.0999999046325684,3.200000047683716,3.0999999046325684,3.1500000953674316,746000
2021-03-25,2.5003011226654053,3.0999999046325684,3.119999885559082,3.069999933242798,3.0999999046325684,288000
2021-03-26,2.5325632095336914,3.140000104904175,3.140000104904175,3.069999933242798,3.0999999046325684,2104000
2021-03-29,2.5244975090026855,3.130000114440918,3.1500000953674316,3.119999885559082,3.1500000953674316,218000
2021-03-30,2.5728907585144043,3.190000057220459,3.190000057220459,3.0999999046325684,3.130000114440918,590000
2021-03-31,2.7019381523132324,3.3499999046325684,3.390000104904175,3.1500000953674316,3.190000057220459,1698000
2021-04-01,2.6374144554138184,3.2699999809265137,3.359999895095825,3.2200000286102295,3.359999895095825,476000
2021-04-07,2.5890214443206787,3.2100000381469727,3.2799999713897705,3.1700000762939453,3.2799999713897705,262000
2021-04-08,2.540628671646118,3.1500000953674316,3.1700000762939453,3.140000104904175,3.1500000953674316,198000
2021-04-09,2.548694372177124,3.1600000858306885,3.1600000858306885,3.130000114440918,3.1500000953674316,262000
2021-04-12,2.5325632095336914,3.140000104904175,3.1700000762939453,3.130000114440918,3.1700000762939453,252000
2021-04-13,2.5244975090026855,3.130000114440918,3.1700000762939453,3.130000114440918,3.1600000858306885,194000
2021-04-14,2.5567595958709717,3.1700000762939453,3.200000047683716,3.130000114440918,3.180000066757202,82000
2021-04-15,2.540628671646118,3.1500000953674316,3.1600000858306885,3.119999885559082,3.140000104904175,164000
2021-04-16,2.540628671646118,3.1500000953674316,3.1600000858306885,3.1500000953674316,3.1500000953674316,50000
2021-04-19,2.580955982208252,3.200000047683716,3.200000047683716,3.119999885559082,3.130000114440918,142000
2021-04-20,2.5567595958709717,3.1700000762939453,3.25,3.1600000858306885,3.25,34000
2021-04-21,2.540628671646118,3.1500000953674316,3.1500000953674316,3.130000114440918,3.130000114440918,84000
2021-04-22,2.5244975090026855,3.130000114440918,3.140000104904175,3.119999885559082,3.140000104904175,92000
2021-04-23,2.5244975090026855,3.130000114440918,3.1500000953674316,3.130000114440918,3.130000114440918,60900
2021-04-26,2.5325632095336914,3.140000104904175,3.1500000953674316,3.130000114440918,3.130000114440918,14000
2021-04-27,2.540628671646118,3.1500000953674316,3.1500000953674316,3.109999895095825,3.119999885559082,208000
2021-04-28,2.5325632095336914,3.140000104904175,3.1500000953674316,3.109999895095825,3.1500000953674316,208000
2021-04-29,2.468039035797119,3.059999942779541,3.109999895095825,3.059999942779541,3.109999895095825,438000
2021-04-30,2.298663854598999,2.8499999046325684,3.0999999046325684,2.8499999046325684,3.049999952316284,1638000
2021-05-03,2.338991641998291,2.9000000953674316,2.9100000858306885,2.8499999046325684,2.8499999046325684,142000
2021-05-04,2.3147947788238525,2.869999885559082,2.9000000953674316,2.859999895095825,2.869999885559082,108000
2021-05-05,2.3309261798858643,2.890000104904175,2.9800000190734863,2.859999895095825,2.869999885559082,420000
2021-05-06,2.3954498767852783,2.9700000286102295,2.990000009536743,2.930000066757202,2.930000066757202,524000
2021-05-07,2.379318952560425,2.950000047683716,2.9800000190734863,2.950000047683716,2.9800000190734863,262000
2021-05-10,2.4196462631225586,3.0,3.0,2.950000047683716,2.950000047683716,300000
2021-05-11,2.411580801010132,2.990000009536743,3.009999990463257,2.930000066757202,2.9600000381469727,212000
2021-05-12,2.4196462631225586,3.0,3.0,2.940000057220459,2.9600000381469727,434000
2021-05-13,2.403515338897705,2.9800000190734863,3.0,2.9700000286102295,3.0,234000
2021-05-14,2.4196462631225586,3.0,3.0299999713897705,2.950000047683716,2.9700000286102295,1232000
2021-05-17,2.403515338897705,2.9800000190734863,3.069999933242798,2.9800000190734863,3.0,776000
2021-05-18,2.4196462631225586,3.0,3.0199999809265137,2.990000009536743,3.009999990463257,130000
2021-05-20,2.4277117252349854,3.009999990463257,3.009999990463257,2.9800000190734863,3.0,330000
2021-05-21,2.4277117252349854,3.009999990463257,3.009999990463257,2.950000047683716,2.9800000190734863,228000
2021-05-24,2.4196462631225586,3.0,3.009999990463257,2.9700000286102295,3.0,156000
2021-05-25,2.4277117252349854,3.009999990463257,3.009999990463257,2.9800000190734863,3.0,172000
2021-05-26,2.435777187347412,3.0199999809265137,3.0199999809265137,2.9800000190734863,2.990000009536743,140000
2021-05-27,2.4196462631225586,3.0,3.0299999713897705,2.9800000190734863,2.990000009536743,196000
2021-05-28,2.4277117252349854,3.009999990463257,3.0399999618530273,2.9800000190734863,3.009999990463257,344000
2021-05-31,2.476104736328125,3.069999933242798,3.0799999237060547,3.0399999618530273,3.069999933242798,324000
2021-06-01,2.5003011226654053,3.0999999046325684,3.180000066757202,3.049999952316284,3.0899999141693115,1024000
2021-06-02,2.5648252964019775,3.180000066757202,3.180000066757202,3.109999895095825,3.1600000858306885,294000
2021-06-03,2.5567595958709717,3.1700000762939453,3.200000047683716,3.130000114440918,3.1500000953674316,645000
2021-06-04,2.516432046890259,3.119999885559082,3.180000066757202,3.069999933242798,3.119999885559082,128000
2021-06-07,2.5888853073120117,3.059999942779541,3.059999942779541,2.990000009536743,2.990000009536743,374000
2021-06-08,2.5888853073120117,3.059999942779541,3.069999933242798,3.049999952316284,3.059999942779541,98000
2021-06-09,2.5973458290100098,3.069999933242798,3.069999933242798,2.9700000286102295,3.0399999618530273,88000
2021-06-10,2.6142666339874268,3.0899999141693115,3.0999999046325684,3.0299999713897705,3.0299999713897705,194000
2021-06-11,2.605806350708008,3.0799999237060547,3.0999999046325684,3.059999942779541,3.0799999237060547,270000
2021-06-15,2.5888853073120117,3.059999942779541,3.0799999237060547,3.059999942779541,3.0799999237060547,302000
2021-06-16,2.5888853073120117,3.059999942779541,3.0999999046325684,3.0399999618530273,3.0399999618530273,182000
2021-06-17,2.5719645023345947,3.0399999618530273,3.0799999237060547,3.0399999618530273,3.059999942779541,324000
2021-06-18,2.6565685272216797,3.140000104904175,3.140000104904175,3.0299999713897705,3.0799999237060547,458000
2021-06-21,2.6565685272216797,3.140000104904175,3.180000066757202,3.130000114440918,3.140000104904175,1428000
2021-06-22,2.6988706588745117,3.190000057220459,3.2100000381469727,3.140000104904175,3.140000104904175,560000
2021-06-23,2.7834746837615967,3.2899999618530273,3.299999952316284,3.1600000858306885,3.190000057220459,1148000
2021-06-24,2.7580935955047607,3.259999990463257,3.319999933242798,3.2200000286102295,3.309999942779541,518000
2021-06-25,2.8173165321350098,3.3299999237060547,3.3399999141693115,3.25,3.2799999713897705,534000
2021-06-28,2.8342373371124268,3.3499999046325684,3.369999885559082,3.309999942779541,3.3499999046325684,142000
2021-06-29,2.8680789470672607,3.390000104904175,3.4000000953674316,3.309999942779541,3.3399999141693115,872000
2021-06-30,2.9273018836975098,3.4600000381469727,3.490000009536743,3.369999885559082,3.4000000953674316,1634000
2021-07-02,2.8257768154144287,3.3399999141693115,3.490000009536743,3.3399999141693115,3.4600000381469727,362000
2021-07-05,2.8173165321350098,3.3299999237060547,3.390000104904175,3.319999933242798,3.319999933242798,48000
2021-07-06,2.7919352054595947,3.299999952316284,3.3299999237060547,3.2100000381469727,3.3299999237060547,298000
2021-07-07,2.766554117202759,3.2699999809265137,3.2799999713897705,3.2200000286102295,3.2200000286102295,60000
2021-07-08,2.673489570617676,3.1600000858306885,3.2899999618530273,3.1500000953674316,3.2899999618530273,314000
2021-07-09,2.681950092315674,3.1700000762939453,3.2200000286102295,3.130000114440918,3.1600000858306885,238157
2021-07-12,2.6988706588745117,3.190000057220459,3.2300000190734863,3.190000057220459,3.190000057220459,46000
2021-07-13,2.7580935955047607,3.259999990463257,3.2799999713897705,3.190000057220459,3.200000047683716,1054000
2021-07-14,2.732712507247925,3.2300000190734863,3.259999990463257,3.2300000190734863,3.259999990463257,50000
2021-07-15,2.6988706588745117,3.190000057220459,3.2200000286102295,3.1700000762939453,3.2200000286102295,78000
2021-07-16,2.6904103755950928,3.180000066757202,3.25,3.1600000858306885,3.190000057220459,202000
2021-07-19,2.673489570617676,3.1600000858306885,3.180000066757202,3.109999895095825,3.180000066757202,1140000
2021-07-20,2.6565685272216797,3.140000104904175,3.1600000858306885,3.140000104904175,3.1600000858306885,18000
2021-07-21,2.6396477222442627,3.119999885559082,3.130000114440918,3.0899999141693115,3.109999895095825,156000
2021-07-22,2.6904103755950928,3.180000066757202,3.180000066757202,3.0999999046325684,3.1500000953674316,252000
2021-07-23,2.6396477222442627,3.119999885559082,3.180000066757202,3.119999885559082,3.180000066757202,66000
2021-07-26,2.605806350708008,3.0799999237060547,3.140000104904175,3.0799999237060547,3.109999895095825,154000
2021-07-27,2.487360715866089,2.940000057220459,3.119999885559082,2.7100000381469727,3.0999999046325684,640000
2021-07-28,2.521202325820923,2.9800000190734863,3.0,2.880000114440918,2.950000047683716,522000
2021-07-29,2.681950092315674,3.1700000762939453,3.180000066757202,2.9800000190734863,2.9800000190734863,1346000
2021-07-30,2.7073311805725098,3.200000047683716,3.240000009536743,3.130000114440918,3.25,262000
2021-08-02,2.715791702270508,3.2100000381469727,3.259999990463257,3.130000114440918,3.2100000381469727,140000
2021-08-03,2.64810848236084,3.130000114440918,3.2100000381469727,3.130000114440918,3.1500000953674316,54000
2021-08-04,2.6227269172668457,3.0999999046325684,3.130000114440918,3.069999933242798,3.069999933242798,114000
2021-08-05,2.605806350708008,3.0799999237060547,3.109999895095825,3.0799999237060547,3.109999895095825,41416
2021-08-06,2.5804247856140137,3.049999952316284,3.0799999237060547,3.0,3.0799999237060547,2142000
2021-08-09,2.555043935775757,3.0199999809265137,3.0399999618530273,3.0199999809265137,3.0399999618530273,196000
2021-08-10,2.5804247856140137,3.049999952316284,3.2200000286102295,2.950000047683716,3.0199999809265137,2004000
2021-08-11,2.5804247856140137,3.049999952316284,3.0799999237060547,3.049999952316284,3.0799999237060547,38000
2021-08-12,2.5973458290100098,3.069999933242798,3.0899999141693115,3.009999990463257,3.059999942779541,448000
2021-08-13,2.64810848236084,3.130000114440918,3.140000104904175,3.049999952316284,3.069999933242798,574000
2021-08-16,2.605806350708008,3.0799999237060547,3.109999895095825,3.0799999237060547,3.109999895095825,14000
2021-08-17,2.6227269172668457,3.0999999046325684,3.140000104904175,3.0799999237060547,3.0799999237060547,410000
2021-08-18,2.6227269172668457,3.0999999046325684,3.119999885559082,3.069999933242798,3.0799999237060547,226000
2021-08-19,2.605806350708008,3.0799999237060547,3.0999999046325684,3.069999933242798,3.0999999046325684,152000
2021-08-20,2.563504219055176,3.0299999713897705,3.0799999237060547,3.009999990463257,3.0799999237060547,550000
2021-08-23,2.5804247856140137,3.049999952316284,3.069999933242798,3.0299999713897705,3.0299999713897705,112000
2021-08-24,2.563504219055176,3.0299999713897705,3.049999952316284,3.009999990463257,3.0299999713897705,453000
2021-08-25,2.5973458290100098,3.069999933242798,3.0799999237060547,3.0399999618530273,3.069999933242798,406000
2021-08-26,2.5804247856140137,3.049999952316284,3.069999933242798,3.0299999713897705,3.059999942779541,776000
2021-08-27,2.605806350708008,3.0799999237060547,3.0799999237060547,3.049999952316284,3.069999933242798,172000
2021-08-30,2.6396477222442627,3.119999885559082,3.119999885559082,3.069999933242798,3.0799999237060547,308000
2021-08-31,2.7411727905273438,3.240000009536743,3.259999990463257,3.119999885559082,3.130000114440918,964000
2021-09-01,2.7411727905273438,3.240000009536743,3.240000009536743,3.1600000858306885,3.200000047683716,362000
2021-09-02,2.7834746837615967,3.2899999618530273,3.299999952316284,3.2300000190734863,3.2300000190734863,318000
2021-09-03,2.7919352054595947,3.299999952316284,3.3399999141693115,3.2699999809265137,3.2799999713897705,310000
2021-09-06,2.8680789470672607,3.390000104904175,3.440000057220459,3.299999952316284,3.299999952316284,764000
2021-09-07,2.8088560104370117,3.319999933242798,3.4200000762939453,3.319999933242798,3.430000066757202,424000
2021-09-08,2.8003954887390137,3.309999942779541,3.3499999046325684,3.299999952316284,3.319999933242798,472000
2021-09-09,2.8003954887390137,3.309999942779541,3.309999942779541,3.299999952316284,3.309999942779541,156000
2021-09-10,2.8003954887390137,3.309999942779541,3.3399999141693115,3.309999942779541,3.319999933242798,106000
2021-09-13,2.8173165321350098,3.3299999237060547,3.3499999046325684,3.299999952316284,3.309999942779541,430000
2021-09-14,2.7580935955047607,3.259999990463257,3.359999895095825,3.25,3.3399999141693115,342000
2021-09-15,2.724252223968506,3.2200000286102295,3.259999990463257,3.200000047683716,3.259999990463257,150000
2021-09-16,2.7073311805725098,3.200000047683716,3.25,3.0299999713897705,3.190000057220459,1294000
2021-09-17,2.673489570617676,3.1600000858306885,3.319999933242798,3.0899999141693115,3.319999933242798,2694838
2021-09-20,2.6565685272216797,3.140000104904175,3.1700000762939453,3.0,3.119999885559082,900000
2021-09-21,2.681950092315674,3.1700000762939453,3.180000066757202,3.009999990463257,3.009999990463257,98000
2021-09-23,2.9526829719543457,3.490000009536743,3.5,3.1700000762939453,3.1700000762939453,2308000
2021-09-24,2.876539468765259,3.4000000953674316,3.559999942779541,3.4000000953674316,3.490000009536743,1022000
2021-09-27,3.0626683235168457,3.619999885559082,3.7799999713897705,3.4000000953674316,3.4000000953674316,3602000
2021-09-28,3.2149558067321777,3.799999952316284,3.8399999141693115,3.569999933242798,3.619999885559082,3718000
2021-09-29,3.1726536750793457,3.75,3.8399999141693115,3.640000104904175,3.7899999618530273,1344000
2021-09-30,3.2910995483398438,3.890000104904175,3.9000000953674316,3.799999952316284,3.799999952316284,2076000
2021-10-04,3.1726536750793457,3.75,3.9200000762939453,3.609999895095825,3.890000104904175,262000
2021-10-05,3.2064952850341797,3.7899999618530273,3.890000104904175,3.630000114440918,3.799999952316284,538000
2021-10-06,3.2826390266418457,3.880000114440918,3.9000000953674316,3.740000009536743,3.880000114440918,1400000
2021-10-07,3.3418619632720947,3.950000047683716,3.9600000381469727,3.869999885559082,3.9000000953674316,1032000
2021-10-08,3.2318763732910156,3.819999933242798,4.050000190734863,3.809999942779541,3.9200000762939453,2080000
2021-10-11,3.1218912601470947,3.690000057220459,3.9000000953674316,3.5899999141693115,3.9000000953674316,994000
2021-10-12,3.0119059085845947,3.559999942779541,3.640000104904175,3.5299999713897705,3.640000104904175,398000
2021-10-15,2.9696037769317627,3.509999990463257,3.559999942779541,3.4700000286102295,3.559999942779541,900000
2021-10-18,3.0119059085845947,3.559999942779541,3.5799999237060547,3.5299999713897705,3.559999942779541,176000
2021-10-19,3.0457475185394287,3.5999999046325684,3.630000114440918,3.509999990463257,3.5199999809265137,640000
2021-10-20,3.0372872352600098,3.5899999141693115,3.5999999046325684,3.5299999713897705,3.5999999046325684,170000
2021-10-21,3.0034453868865967,3.549999952316284,3.559999942779541,3.5,3.509999990463257,264000
2021-10-22,2.9696037769317627,3.509999990463257,3.569999933242798,3.5,3.509999990463257,180000
2021-10-25,3.0880496501922607,3.6500000953674316,3.6500000953674316,3.5,3.5,800000
2021-10-26,3.2657182216644287,3.859999895095825,3.869999885559082,3.6500000953674316,3.6500000953674316,1750000
2021-10-27,3.1895742416381836,3.7699999809265137,3.8399999141693115,3.759999990463257,3.799999952316284,284000
2021-10-28,3.1303515434265137,3.700000047683716,3.7899999618530273,3.6700000762939453,3.759999990463257,540000
2021-10-29,3.2657182216644287,3.859999895095825,3.859999895095825,3.6500000953674316,3.6700000762939453,938000
2021-11-01,3.2064952850341797,3.7899999618530273,3.859999895095825,3.7300000190734863,3.859999895095825,328000
2021-11-02,3.1726536750793457,3.75,3.759999990463257,3.6700000762939453,3.7300000190734863,688000
2021-11-03,3.2572579383850098,3.8499999046325684,3.869999885559082,3.740000009536743,3.7799999713897705,716000
2021-11-04,3.3672432899475098,3.9800000190734863,4.03000020980835,3.8399999141693115,3.880000114440918,1956000
2021-11-05,3.3334014415740967,3.940000057220459,3.9800000190734863,3.890000104904175,3.9800000190734863,668000
2021-11-08,3.3334014415740967,3.940000057220459,4.0,3.9000000953674316,3.940000057220459,532000
2021-11-09,3.4433867931365967,4.070000171661377,4.090000152587891,3.940000057220459,3.940000057220459,2006000
2021-11-10,3.4180057048797607,4.039999961853027,4.159999847412109,3.950000047683716,4.079999923706055,1334000
2021-11-11,3.5110702514648438,4.150000095367432,4.179999828338623,3.9700000286102295,4.090000152587891,2786000
2021-11-12,3.3164806365966797,3.9200000762939453,4.170000076293945,3.9000000953674316,4.170000076293945,1470000
2021-11-15,3.2149558067321777,3.799999952316284,3.9000000953674316,3.759999990463257,3.869999885559082,708000
2021-11-16,3.1980350017547607,3.7799999713897705,3.859999895095825,3.740000009536743,3.799999952316284,352000
2021-11-17,3.2149558067321777,3.799999952316284,3.8499999046325684,3.759999990463257,3.7799999713897705,98000
2021-11-18,3.1726536750793457,3.75,3.8499999046325684,3.7200000286102295,3.8499999046325684,130000
2021-11-19,3.1303515434265137,3.700000047683716,3.7699999809265137,3.6700000762939453,3.7699999809265137,308000
2021-11-22,3.096510171890259,3.6600000858306885,3.75,3.549999952316284,3.7100000381469727,870000
2021-11-23,3.0288264751434326,3.5799999237060547,3.6600000858306885,3.569999933242798,3.619999885559082,476000
2021-11-24,3.0372872352600098,3.5899999141693115,3.5999999046325684,3.5199999809265137,3.5999999046325684,142000
2021-11-25,3.0457475185394287,3.5999999046325684,3.5999999046325684,3.5799999237060547,3.5799999237060547,73000
2021-11-26,2.9780642986297607,3.5199999809265137,3.6600000858306885,3.5,3.5799999237060547,346000
2021-11-29,2.9949851036071777,3.5399999618530273,3.609999895095825,3.5199999809265137,3.5199999809265137,54000
2021-11-30,3.0203661918640137,3.569999933242798,3.630000114440918,3.509999990463257,3.5899999141693115,886000
2021-12-01,3.0880496501922607,3.6500000953674316,3.7100000381469727,3.549999952316284,3.549999952316284,472000
2021-12-02,3.1726536750793457,3.75,3.7899999618530273,3.6600000858306885,3.6600000858306885,605520
2021-12-03,3.1811141967773438,3.759999990463257,3.799999952316284,3.7100000381469727,3.7300000190734863,214000
2021-12-06,3.1557328701019287,3.7300000190734863,3.799999952316284,3.7100000381469727,3.799999952316284,228000
2021-12-07,3.1641933917999268,3.740000009536743,3.75,3.700000047683716,3.700000047683716,82000
2021-12-08,3.1303515434265137,3.700000047683716,3.7799999713897705,3.609999895095825,3.75,816000
2021-12-09,3.1895742416381836,3.7699999809265137,3.7699999809265137,3.7100000381469727,3.759999990463257,278000
2021-12-10,3.1895742416381836,3.7699999809265137,3.7799999713897705,3.7200000286102295,3.7699999809265137,226000
2021-12-13,3.1980350017547607,3.7799999713897705,3.8499999046325684,3.7799999713897705,3.7899999618530273,246000
2021-12-14,3.1895742416381836,3.7699999809265137,3.809999942779541,3.7300000190734863,3.75,214000
2021-12-15,3.2487971782684326,3.8399999141693115,3.869999885559082,3.759999990463257,3.759999990463257,890000
2021-12-16,3.2826390266418457,3.880000114440918,3.890000104904175,3.819999933242798,3.869999885559082,824000
2021-12-17,3.3418619632720947,3.950000047683716,3.9700000286102295,3.8499999046325684,3.880000114440918,602000
2021-12-20,3.2910995483398438,3.890000104904175,4.039999961853027,3.869999885559082,3.9600000381469727,662000
2021-12-21,3.4433867931365967,4.070000171661377,4.079999923706055,3.9000000953674316,3.9000000953674316,1476000
2021-12-22,3.4349262714385986,4.059999942779541,4.110000133514404,3.9800000190734863,4.099999904632568,596000
2021-12-23,3.4433867931365967,4.070000171661377,4.110000133514404,4.019999980926514,4.110000133514404,598000
2021-12-24,3.4349262714385986,4.059999942779541,4.21999979019165,4.03000020980835,4.079999923706055,804000
2021-12-28,3.4856886863708496,4.119999885559082,4.230000019073486,4.019999980926514,4.139999866485596,1940000
2021-12-29,3.5195302963256836,4.159999847412109,4.21999979019165,4.090000152587891,4.150000095367432,386000
2021-12-30,3.5364511013031006,4.179999828338623,4.21999979019165,4.130000114440918,4.21999979019165,456000
2021-12-31,3.6295158863067627,4.289999961853027,4.289999961853027,4.190000057220459,4.199999809265137,1064000
2022-01-03,3.5872135162353516,4.239999771118164,4.28000020980835,4.139999866485596,4.28000020980835,160000
2022-01-04,3.3672432899475098,3.9800000190734863,4.199999809265137,3.9800000190734863,4.199999809265137,668000
2022-01-05,3.2995598316192627,3.9000000953674316,4.050000190734863,3.880000114440918,3.990000009536743,482000
2022-01-06,3.3672432899475098,3.9800000190734863,3.9800000190734863,3.9000000953674316,3.9000000953674316,148000
2022-01-07,3.30802059173584,3.9100000858306885,3.990000009536743,3.859999895095825,3.990000009536743,382000
2022-01-10,3.3164806365966797,3.9200000762939453,3.9600000381469727,3.880000114440918,3.9600000381469727,64000
2022-01-11,3.2741785049438477,3.869999885559082,3.880000114440918,3.8499999046325684,3.880000114440918,76000
2022-01-12,3.2741785049438477,3.869999885559082,3.890000104904175,3.8499999046325684,3.869999885559082,114000
2022-01-13,3.2741785049438477,3.869999885559082,3.9000000953674316,3.859999895095825,3.9000000953674316,134000
2022-01-14,3.2403368949890137,3.8299999237060547,3.9000000953674316,3.809999942779541,3.8499999046325684,254000
2022-01-17,3.1895742416381836,3.7699999809265137,3.859999895095825,3.759999990463257,3.809999942779541,272000
2022-01-18,3.2487971782684326,3.8399999141693115,3.859999895095825,3.7699999809265137,3.7699999809265137,154000
2022-01-19,3.2657182216644287,3.859999895095825,3.869999885559082,3.799999952316284,3.8299999237060547,424000
2022-01-20,3.2487971782684326,3.8399999141693115,3.950000047683716,3.700000047683716,3.950000047683716,778000
2022-01-21,3.1980350017547607,3.7799999713897705,3.890000104904175,3.75,3.890000104904175,122000
2022-01-24,3.1557328701019287,3.7300000190734863,3.7699999809265137,3.7200000286102295,3.759999990463257,48000
2022-01-25,3.1049704551696777,3.6700000762939453,3.7300000190734863,3.6700000762939453,3.7100000381469727,256000
2022-01-26,3.1388120651245117,3.7100000381469727,3.740000009536743,3.6700000762939453,3.6700000762939453,24000
2022-01-27,3.0880496501922607,3.6500000953674316,3.690000057220459,3.630000114440918,3.690000057220459,88000
2022-01-28,3.0203661918640137,3.569999933242798,3.630000114440918,3.549999952316284,3.630000114440918,288000
2022-01-31,3.1811141967773438,3.759999990463257,3.759999990463257,3.759999990463257,3.759999990463257,0
2022-02-04,3.096510171890259,3.6600000858306885,3.7300000190734863,3.640000104904175,3.690000057220459,168000
2022-02-07,3.1049704551696777,3.6700000762939453,3.680000066757202,3.619999885559082,3.6600000858306885,518000
2022-02-08,3.1134307384490967,3.680000066757202,3.7300000190734863,3.640000104904175,3.7300000190734863,252000
2022-02-09,3.1641933917999268,3.740000009536743,3.759999990463257,3.690000057220459,3.690000057220459,162000
2022-02-10,3.1726536750793457,3.75,3.7899999618530273,3.7300000190734863,3.759999990463257,160000
2022-02-11,3.1388120651245117,3.7100000381469727,3.7200000286102295,3.700000047683716,3.7799999713897705,182000
2022-02-14,3.096510171890259,3.6600000858306885,3.7200000286102295,3.640000104904175,3.700000047683716,48000
2022-02-15,3.1134307384490967,3.680000066757202,3.7200000286102295,3.6500000953674316,3.6600000858306885,28000
2022-02-16,3.1726536750793457,3.75,3.75,3.6500000953674316,3.700000047683716,258000
2022-02-17,3.1726536750793457,3.75,3.7799999713897705,3.680000066757202,3.75,202000
2022-02-18,3.1218912601470947,3.690000057220459,3.7300000190734863,3.6600000858306885,3.700000047683716,138000
2022-02-21,3.1134307384490967,3.680000066757202,3.799999952316284,3.640000104904175,3.799999952316284,50000
2022-02-22,3.0711288452148438,3.630000114440918,3.6500000953674316,3.630000114440918,3.6500000953674316,40000
2022-02-23,3.0880496501922607,3.6500000953674316,3.700000047683716,3.630000114440918,3.700000047683716,32000
2022-02-24,3.0288264751434326,3.5799999237060547,3.640000104904175,3.509999990463257,3.619999885559082,356000
2022-02-25,3.0711288452148438,3.630000114440918,3.640000104904175,3.5199999809265137,3.6600000858306885,172000
2022-02-28,3.0457475185394287,3.5999999046325684,3.6500000953674316,3.5999999046325684,3.6500000953674316,50000
2022-03-01,3.0119059085845947,3.559999942779541,3.5899999141693115,3.559999942779541,3.5799999237060547,126000
2022-03-02,3.0119059085845947,3.559999942779541,3.619999885559082,3.559999942779541,3.619999885559082,22000
2022-03-03,3.0372872352600098,3.5899999141693115,3.6500000953674316,3.559999942779541,3.6500000953674316,16000
2022-03-04,2.9865245819091797,3.5299999713897705,3.559999942779541,3.5299999713897705,3.549999952316284,32000
2022-03-07,2.9019205570220947,3.430000066757202,3.509999990463257,3.4100000858306885,3.509999990463257,212000
2022-03-08,2.8003954887390137,3.309999942779541,3.430000066757202,3.309999942779541,3.4200000762939453,176000
2022-03-09,2.8342373371124268,3.3499999046325684,3.6500000953674316,3.25,3.5799999237060547,1120000
2022-03-10,2.876539468765259,3.4000000953674316,3.4800000190734863,3.3499999046325684,3.3499999046325684,176000
2022-03-11,2.8596184253692627,3.380000114440918,3.4200000762939453,3.259999990463257,3.4200000762939453,90000
2022-03-14,2.766554117202759,3.2699999809265137,3.569999933242798,3.2100000381469727,3.569999933242798,174000
2022-03-15,2.521202325820923,2.9800000190734863,3.25,2.9100000858306885,3.0999999046325684,588000
2022-03-16,2.5719645023345947,3.0399999618530273,3.1500000953674316,2.9800000190734863,3.049999952316284,782000
2022-03-17,2.64810848236084,3.130000114440918,3.190000057220459,3.0999999046325684,3.190000057220459,238000
2022-03-18,2.7411727905273438,3.240000009536743,3.25,3.130000114440918,3.1500000953674316,366869
2022-03-21,2.6988706588745117,3.190000057220459,3.3299999237060547,3.0199999809265137,3.3299999237060547,352000
2022-03-22,2.7919352054595947,3.299999952316284,3.309999942779541,3.200000047683716,3.299999952316284,222000
2022-03-23,2.8257768154144287,3.3399999141693115,3.369999885559082,3.2300000190734863,3.369999885559082,40000
2022-03-24,2.7411727905273438,3.240000009536743,3.3299999237060547,3.200000047683716,3.200000047683716,64000
2022-03-25,2.766554117202759,3.2699999809265137,3.369999885559082,3.25,3.299999952316284,174000
2022-03-28,2.8003954887390137,3.309999942779541,3.3299999237060547,3.2100000381469727,3.3299999237060547,24000
2022-03-29,2.7834746837615967,3.2899999618530273,3.309999942779541,3.299999952316284,3.299999952316284,30000
2022-03-30,2.8003954887390137,3.309999942779541,3.309999942779541,3.200000047683716,3.200000047683716,58000
2022-03-31,2.8342373371124268,3.3499999046325684,3.4800000190734863,3.319999933242798,3.359999895095825,514000
2022-04-01,2.775014638900757,3.2799999713897705,3.3499999046325684,3.2200000286102295,3.319999933242798,246000
2022-04-04,2.7919352054595947,3.299999952316284,3.359999895095825,3.299999952316284,3.359999895095825,20000
2022-04-06,2.8088560104370117,3.319999933242798,3.3499999046325684,3.299999952316284,3.3399999141693115,254000
2022-04-07,2.775014638900757,3.2799999713897705,3.369999885559082,3.2799999713897705,3.390000104904175,40000
2022-04-08,2.8257768154144287,3.3399999141693115,3.3399999141693115,3.25,3.2799999713897705,220000
2022-04-11,2.7834746837615967,3.2899999618530273,3.299999952316284,3.25,3.299999952316284,80000
2022-04-12,2.7919352054595947,3.299999952316284,3.3299999237060547,3.25,3.2799999713897705,36000
2022-04-13,2.775014638900757,3.2799999713897705,3.2899999618530273,3.2799999713897705,3.2799999713897705,14000
2022-04-14,2.9696037769317627,3.509999990463257,3.5799999237060547,3.2699999809265137,3.2699999809265137,1826000
2022-04-19,2.8596184253692627,3.380000114440918,3.4800000190734863,3.299999952316284,3.4800000190734863,639000
2022-04-20,2.7919352054595947,3.299999952316284,3.4200000762939453,3.299999952316284,3.4200000762939453,190000
2022-04-21,2.766554117202759,3.2699999809265137,3.299999952316284,3.130000114440918,3.299999952316284,370000
2022-04-22,2.7496330738067627,3.25,3.2699999809265137,3.190000057220459,3.190000057220459,52000
2022-04-25,2.605806350708008,3.0799999237060547,3.2100000381469727,3.0399999618530273,3.2100000381469727,240000
2022-04-26,2.563504219055176,3.0299999713897705,3.109999895095825,3.0299999713897705,3.069999933242798,174000
2022-04-27,2.673489570617676,3.1600000858306885,3.1700000762939453,3.049999952316284,3.109999895095825,492000
2022-04-28,2.64810848236084,3.130000114440918,3.200000047683716,3.059999942779541,3.059999942779541,28000
2022-04-29,2.673489570617676,3.1600000858306885,3.140000104904175,3.0799999237060547,3.0799999237060547,12000
2022-05-03,2.6565685272216797,3.140000104904175,3.140000104904175,3.140000104904175,3.140000104904175,0
2022-05-04,2.665029287338257,3.1500000953674316,3.2100000381469727,3.109999895095825,3.1700000762939453,60000
2022-05-05,2.6988706588745117,3.190000057220459,3.190000057220459,3.0399999618530273,3.130000114440918,344000
2022-05-06,2.6142666339874268,3.0899999141693115,3.140000104904175,3.0899999141693115,3.140000104904175,142000
2022-05-10,2.6565685272216797,3.140000104904175,3.140000104904175,3.0399999618530273,3.130000114440918,126000
2022-05-11,2.6904103755950928,3.180000066757202,3.200000047683716,3.140000104904175,3.140000104904175,150000
2022-05-12,2.6311874389648438,3.109999895095825,3.180000066757202,3.0799999237060547,3.119999885559082,742000
2022-05-13,2.6227269172668457,3.0999999046325684,3.109999895095825,3.0799999237060547,3.109999895095825,296000
2022-05-16,2.6311874389648438,3.109999895095825,3.119999885559082,3.0399999618530273,3.109999895095825,1104000
2022-05-17,2.6396477222442627,3.119999885559082,3.119999885559082,3.059999942779541,3.109999895095825,386000
2022-05-18,2.6311874389648438,3.109999895095825,3.109999895095825,3.0899999141693115,3.0899999141693115,164000
2022-05-19,2.6683835983276367,2.9800000190734863,3.0,2.950000047683716,2.9600000381469727,92000
2022-05-20,2.695246458053589,3.009999990463257,3.0199999809265137,2.9600000381469727,2.9800000190734863,428000
2022-05-23,2.6683835983276367,2.9800000190734863,3.009999990463257,2.9700000286102295,3.0299999713897705,88000
2022-05-24,2.632566452026367,2.940000057220459,2.9700000286102295,2.940000057220459,2.9700000286102295,272000
2022-05-25,2.62361216545105,2.930000066757202,2.9600000381469727,2.890000104904175,2.940000057220459,204000
2022-05-26,2.650475025177002,2.9600000381469727,2.9600000381469727,2.930000066757202,2.930000066757202,53000
2022-05-27,2.6683835983276367,2.9800000190734863,2.9800000190734863,2.930000066757202,2.9700000286102295,114000
2022-05-30,2.7131552696228027,3.0299999713897705,3.0299999713897705,2.9800000190734863,2.990000009536743,136000
2022-05-31,2.7310636043548584,3.049999952316284,3.049999952316284,3.009999990463257,3.0399999618530273,156000
2022-06-01,2.748972177505493,3.069999933242798,3.069999933242798,3.0299999713897705,3.0299999713897705,130000
2022-06-02,2.7579267024993896,3.0799999237060547,3.0799999237060547,3.0399999618530273,3.0399999618530273,18000
2022-06-06,2.748972177505493,3.069999933242798,3.069999933242798,3.069999933242798,3.069999933242798,0
2022-06-07,2.748972177505493,3.069999933242798,3.0799999237060547,3.049999952316284,3.049999952316284,60000
2022-06-08,2.793743848800659,3.119999885559082,3.119999885559082,3.059999942779541,3.059999942779541,198000
2022-06-09,2.766880989074707,3.0899999141693115,3.109999895095825,3.0399999618530273,3.0899999141693115,234000
2022-06-10,2.740017890930176,3.059999942779541,3.0999999046325684,3.059999942779541,3.109999895095825,98000
2022-06-13,2.748972177505493,3.069999933242798,3.0899999141693115,3.059999942779541,3.109999895095825,38000
2022-06-14,2.766880989074707,3.0899999141693115,3.0899999141693115,3.0399999618530273,3.069999933242798,178000
2022-06-15,2.8026983737945557,3.130000114440918,3.1500000953674316,3.049999952316284,3.049999952316284,186000
2022-06-16,2.7758352756500244,3.0999999046325684,3.119999885559082,3.0899999141693115,3.119999885559082,44000
2022-06-17,2.740017890930176,3.059999942779541,3.0899999141693115,3.0299999713897705,3.0799999237060547,84000
2022-06-20,2.7758352756500244,3.0999999046325684,3.109999895095825,3.059999942779541,3.109999895095825,82000
2022-06-21,2.7758352756500244,3.0999999046325684,3.0999999046325684,3.069999933242798,3.0999999046325684,96000
2022-06-22,2.766880989074707,3.0899999141693115,3.0999999046325684,3.059999942779541,3.0999999046325684,58000
2022-06-23,2.7579267024993896,3.0799999237060547,3.0999999046325684,3.0399999618530273,3.109999895095825,164000
2022-06-24,2.7758352756500244,3.0999999046325684,3.119999885559082,3.069999933242798,3.119999885559082,204000
2022-06-27,2.7758352756500244,3.0999999046325684,3.0999999046325684,3.059999942779541,3.0799999237060547,112000
2022-06-28,2.784789562225342,3.109999895095825,3.119999885559082,3.0799999237060547,3.0999999046325684,366000
2022-06-29,2.793743848800659,3.119999885559082,3.1500000953674316,3.0899999141693115,3.140000104904175,160000
2022-06-30,2.784789562225342,3.109999895095825,3.130000114440918,3.0799999237060547,3.0799999237060547,38000
2022-07-04,2.793743848800659,3.119999885559082,3.140000104904175,3.0899999141693115,3.140000104904175,58000
2022-07-05,2.766880989074707,3.0899999141693115,3.1500000953674316,3.0899999141693115,3.119999885559082,54000
2022-07-06,2.7579267024993896,3.0799999237060547,3.0799999237060547,3.059999942779541,3.069999933242798,61857
2022-07-07,2.7758352756500244,3.0999999046325684,3.0999999046325684,3.049999952316284,3.059999942779541,26000
2022-07-08,2.7579267024993896,3.0799999237060547,3.0899999141693115,3.0399999618530273,3.069999933242798,200000
2022-07-11,2.740017890930176,3.059999942779541,3.069999933242798,3.0399999618530273,3.069999933242798,40000
2022-07-12,2.766880989074707,3.0899999141693115,3.0899999141693115,3.049999952316284,3.049999952316284,140000
2022-07-13,2.784789562225342,3.109999895095825,3.109999895095825,3.069999933242798,3.109999895095825,36000
2022-07-14,2.766880989074707,3.0899999141693115,3.109999895095825,3.059999942779541,3.059999942779541,40000
2022-07-15,2.740017890930176,3.059999942779541,3.0999999046325684,3.0299999713897705,3.0999999046325684,110000
2022-07-18,2.811652421951294,3.140000104904175,3.2100000381469727,3.049999952316284,3.0899999141693115,978000
2022-07-19,2.811652421951294,3.140000104904175,3.1600000858306885,3.109999895095825,3.1600000858306885,102000
2022-07-20,2.784789562225342,3.109999895095825,3.1600000858306885,3.0899999141693115,3.1600000858306885,26000
2022-07-21,2.766880989074707,3.0899999141693115,3.0899999141693115,3.049999952316284,3.069999933242798,56000
2022-07-22,2.784789562225342,3.109999895095825,3.119999885559082,3.069999933242798,3.109999895095825,122000
2022-07-25,2.811652421951294,3.140000104904175,3.140000104904175,3.0799999237060547,3.0799999237060547,92000
2022-07-26,2.811652421951294,3.140000104904175,3.1500000953674316,3.109999895095825,3.109999895095825,104000
2022-07-27,2.829561233520508,3.1600000858306885,3.200000047683716,3.0999999046325684,3.200000047683716,316000
2022-07-28,2.8206069469451904,3.1500000953674316,3.1500000953674316,3.0999999046325684,3.0999999046325684,86000
2022-07-29,2.811652421951294,3.140000104904175,3.1500000953674316,3.0999999046325684,3.140000104904175,306000
2022-08-01,2.838515520095825,3.1700000762939453,3.180000066757202,3.0899999141693115,3.109999895095825,572000
2022-08-02,2.7042009830474854,3.0199999809265137,3.0999999046325684,2.990000009536743,3.0999999046325684,484562
2022-08-03,2.7131552696228027,3.0299999713897705,3.059999942779541,3.0,3.0,100000
2022-08-04,2.7310636043548584,3.049999952316284,3.069999933242798,3.0199999809265137,3.0199999809265137,50000
2022-08-05,2.7579267024993896,3.0799999237060547,3.0799999237060547,3.049999952316284,3.049999952316284,32000
2022-08-08,2.7579267024993896,3.0799999237060547,3.0799999237060547,3.069999933242798,3.0799999237060547,24000
2022-08-09,2.7579267024993896,3.0799999237060547,3.0799999237060547,3.0799999237060547,3.0799999237060547,0
2022-08-10,2.748972177505493,3.069999933242798,3.069999933242798,3.009999990463257,3.0399999618530273,25600
2022-08-11,2.72210955619812,3.0399999618530273,3.0799999237060547,3.009999990463257,3.069999933242798,176000
2022-08-12,2.7042009830474854,3.0199999809265137,3.059999942779541,3.009999990463257,3.0399999618530273,620000
2022-08-15,2.6862921714782715,3.0,3.0199999809265137,3.0,3.0,168000
2022-08-16,2.650475025177002,2.9600000381469727,3.009999990463257,2.930000066757202,2.990000009536743,852000
2022-08-17,2.6683835983276367,2.9800000190734863,3.0,2.9700000286102295,2.990000009536743,40000
2022-08-18,2.6683835983276367,2.9800000190734863,2.990000009536743,2.9800000190734863,2.990000009536743,66000
2022-08-19,2.6683835983276367,2.9800000190734863,3.0199999809265137,2.9700000286102295,2.9700000286102295,20000
2022-08-22,2.6594293117523193,2.9700000286102295,3.0399999618530273,2.9700000286102295,3.0,148000
2022-08-23,2.650475025177002,2.9600000381469727,3.0199999809265137,2.9600000381469727,3.0199999809265137,70000
2022-08-24,2.62361216545105,2.930000066757202,2.9600000381469727,2.930000066757202,2.9600000381469727,54000
2022-08-25,2.62361216545105,2.930000066757202,2.930000066757202,2.9200000762939453,2.9200000762939453,54000
2022-08-26,2.632566452026367,2.940000057220459,2.9700000286102295,2.940000057220459,2.9700000286102295,10000
2022-08-29,2.677337884902954,2.990000009536743,3.009999990463257,2.9800000190734863,2.9800000190734863,46000
2022-08-30,2.6683835983276367,2.9800000190734863,2.9800000190734863,2.9800000190734863,2.9800000190734863,2000
2022-08-31,2.7131552696228027,3.0299999713897705,3.0299999713897705,2.950000047683716,2.9600000381469727,60000
2022-09-01,2.748972177505493,3.069999933242798,3.0799999237060547,3.0299999713897705,3.0299999713897705,130000
2022-09-02,2.695246458053589,3.009999990463257,3.0799999237060547,3.0,3.0799999237060547,232000
2022-09-05,2.6862921714782715,3.0,3.069999933242798,3.0,3.069999933242798,60000
2022-09-06,2.6862921714782715,3.0,3.0,2.990000009536743,3.059999942779541,26000
2022-09-07,2.6862921714782715,3.0,3.0,2.9800000190734863,2.990000009536743,94000
2022-09-08,2.677337884902954,2.990000009536743,3.0,2.990000009536743,3.0,44000
2022-09-09,2.72210955619812,3.0399999618530273,3.049999952316284,2.990000009536743,3.049999952316284,14000
2022-09-13,2.7042009830474854,3.0199999809265137,3.0399999618530273,3.0199999809265137,3.0399999618530273,20000
2022-09-14,2.6862921714782715,3.0,3.0,2.9800000190734863,2.990000009536743,72000
2022-09-15,2.6862921714782715,3.0,3.0,2.9800000190734863,2.9800000190734863,88000
2022-09-16,2.6146578788757324,2.9200000762939453,2.9600000381469727,2.9100000858306885,2.9800000190734863,96000
2022-09-19,2.587794780731201,2.890000104904175,2.9200000762939453,2.8299999237060547,2.9200000762939453,92000
2022-09-20,2.5698859691619873,2.869999885559082,2.890000104904175,2.8299999237060547,2.9000000953674316,234000
2022-09-21,2.4982516765594482,2.7899999618530273,2.869999885559082,2.7799999713897705,2.869999885559082,746000
2022-09-22,2.4355716705322266,2.7200000286102295,2.75,2.7100000381469727,2.759999990463257,258000
2022-09-23,2.426617383956909,2.7100000381469727,2.75,2.7100000381469727,2.740000009536743,86000
2022-09-26,2.399754524230957,2.680000066757202,2.740000009536743,2.619999885559082,2.740000009536743,302000
2022-09-27,2.3639373779296875,2.640000104904175,2.6600000858306885,2.5899999141693115,2.6600000858306885,490000
2022-09-28,2.265439748764038,2.5299999713897705,2.5999999046325684,2.5299999713897705,2.5999999046325684,356000
2022-09-29,2.2475311756134033,2.509999990463257,2.5199999809265137,2.490000009536743,2.490000009536743,26000
2022-09-30,2.238576889038086,2.5,2.4700000286102295,2.440000057220459,2.440000057220459,16000
2022-10-03,2.238576889038086,2.5,2.5,2.5,2.5,0
2022-10-05,2.2923026084899902,2.559999942779541,2.5799999237060547,2.4000000953674316,2.5799999237060547,84000
2022-10-06,2.2923026084899902,2.559999942779541,2.559999942779541,2.559999942779541,2.559999942779541,0
2022-10-07,2.220668315887451,2.4800000190734863,2.559999942779541,2.4000000953674316,2.559999942779541,48000
2022-10-10,2.238576889038086,2.5,2.5299999713897705,2.490000009536743,2.5799999237060547,90000
2022-10-11,2.2923026084899902,2.559999942779541,2.569999933242798,2.4800000190734863,2.4800000190734863,166000
2022-10-12,2.3191657066345215,2.5899999141693115,2.609999895095825,2.509999990463257,2.549999952316284,188000
2022-10-13,2.3191657066345215,2.5899999141693115,2.609999895095825,2.5899999141693115,2.609999895095825,84000
2022-10-14,2.3191657066345215,2.5899999141693115,2.619999885559082,2.559999942779541,2.5999999046325684,228000
2022-10-17,2.3012568950653076,2.569999933242798,2.5799999237060547,2.559999942779541,2.569999933242798,48000
2022-10-18,2.3191657066345215,2.5899999141693115,2.5999999046325684,2.559999942779541,2.569999933242798,94000
2022-10-19,2.2923026084899902,2.559999942779541,2.5799999237060547,2.549999952316284,2.609999895095825,110000
2022-10-20,2.283348321914673,2.549999952316284,2.5799999237060547,2.5299999713897705,2.549999952316284,32000
2022-10-21,2.3012568950653076,2.569999933242798,2.5999999046325684,2.569999933242798,2.5799999237060547,54000
2022-10-24,2.193805456161499,2.450000047683716,2.5899999141693115,2.440000057220459,2.5799999237060547,434000
2022-10-25,2.175896644592285,2.430000066757202,2.4600000381469727,2.4100000858306885,2.4600000381469727,246000
2022-10-26,2.2475311756134033,2.509999990463257,2.5199999809265137,2.430000066757202,2.430000066757202,264000
2022-10-27,2.283348321914673,2.549999952316284,2.609999895095825,2.4800000190734863,2.4800000190734863,142000
2022-10-28,2.283348321914673,2.549999952316284,2.559999942779541,2.5,2.5399999618530273,206000
2022-10-31,2.3639373779296875,2.640000104904175,2.640000104904175,2.509999990463257,2.509999990463257,3732000
2022-11-01,2.354982852935791,2.630000114440918,2.640000104904175,2.509999990463257,2.630000114440918,1826000
2022-11-02,2.3460283279418945,2.619999885559082,2.630000114440918,2.4800000190734863,2.549999952316284,1628000
2022-11-03,2.2923026084899902,2.559999942779541,2.619999885559082,2.559999942779541,2.569999933242798,170000
2022-11-04,2.3639373779296875,2.640000104904175,2.680000066757202,2.5899999141693115,2.630000114440918,198000
2022-11-07,2.426617383956909,2.7100000381469727,2.75,2.690000057220459,2.7200000286102295,204000
2022-11-08,2.471388816833496,2.759999990463257,2.759999990463257,2.7100000381469727,2.7300000190734863,198000
2022-11-09,2.4355716705322266,2.7200000286102295,2.759999990463257,2.7200000286102295,2.740000009536743,48000
2022-11-10,2.4087085723876953,2.690000057220459,2.75,2.6500000953674316,2.700000047683716,676000
2022-11-11,2.4624345302581787,2.75,2.7799999713897705,2.6500000953674316,2.7799999713897705,2064000
2022-11-14,2.534069061279297,2.8299999237060547,2.8399999141693115,2.7699999809265137,2.7899999618530273,390000
2022-11-15,2.578840494155884,2.880000114440918,2.880000114440918,2.799999952316284,2.799999952316284,176000
2022-11-16,2.5251145362854004,2.819999933242798,2.890000104904175,2.819999933242798,2.8399999141693115,186000
2022-11-17,2.5251145362854004,2.819999933242798,2.8299999237060547,2.75,2.819999933242798,1612000
2022-11-18,2.5430233478546143,2.8399999141693115,2.8399999141693115,2.799999952316284,2.809999942779541,152000
2022-11-21,2.605703592300415,2.9100000858306885,2.9200000762939453,2.799999952316284,2.809999942779541,350000
2022-11-22,2.6415207386016846,2.950000047683716,2.9600000381469727,2.890000104904175,2.9100000858306885,416000
2022-11-23,2.6683835983276367,2.9800000190734863,2.9800000190734863,2.9200000762939453,2.9200000762939453,74000
2022-11-24,2.605703592300415,2.9100000858306885,2.9100000858306885,2.9100000858306885,2.9100000858306885,52000
2022-11-25,2.62361216545105,2.930000066757202,2.9700000286102295,2.9000000953674316,2.9200000762939453,100000
2022-11-28,2.6683835983276367,2.9800000190734863,2.9800000190734863,2.809999942779541,2.809999942779541,318000
2022-11-29,2.72210955619812,3.0399999618530273,3.0799999237060547,2.9600000381469727,2.9600000381469727,692000
2022-11-30,2.766880989074707,3.0899999141693115,3.119999885559082,3.059999942779541,3.059999942779541,716000
2022-12-01,2.9638757705688477,3.309999942779541,3.3399999141693115,3.119999885559082,3.130000114440918,2586000
2022-12-02,2.9370129108428955,3.2799999713897705,3.309999942779541,3.2300000190734863,3.309999942779541,258000
2022-12-05,2.9907386302948,3.3399999141693115,3.3399999141693115,3.25,3.259999990463257,330000
2022-12-06,2.9907386302948,3.3399999141693115,3.359999895095825,3.2899999618530273,3.2899999618530273,168000
2022-12-07,2.9370129108428955,3.2799999713897705,3.380000114440918,3.240000009536743,3.3499999046325684,510000
2022-12-08,2.972830057144165,3.319999933242798,3.3499999046325684,3.2799999713897705,3.2799999713897705,74000
2022-12-09,2.9638757705688477,3.309999942779541,3.3499999046325684,3.299999952316284,3.299999952316284,276000
2022-12-12,2.9549214839935303,3.299999952316284,3.3299999237060547,3.2699999809265137,3.3299999237060547,104000
2022-12-13,2.9370129108428955,3.2799999713897705,3.2899999618530273,3.2799999713897705,3.2899999618530273,36000
2022-12-14,2.9370129108428955,3.2799999713897705,3.3299999237060547,3.2699999809265137,3.3299999237060547,30000
2022-12-15,2.928058624267578,3.2699999809265137,3.2699999809265137,3.259999990463257,3.2699999809265137,42000
2022-12-16,2.9370129108428955,3.2799999713897705,3.2799999713897705,3.259999990463257,3.2699999809265137,62000
2022-12-19,2.928058624267578,3.2699999809265137,3.2799999713897705,3.240000009536743,3.2699999809265137,230000
2022-12-20,2.9370129108428955,3.2799999713897705,3.299999952316284,3.25,3.2799999713897705,78000
2022-12-21,2.928058624267578,3.2699999809265137,3.2899999618530273,3.25,3.2699999809265137,180000
2022-12-22,2.945967197418213,3.2899999618530273,3.299999952316284,3.25,3.2699999809265137,208000
2022-12-23,2.9101498126983643,3.25,3.2899999618530273,3.240000009536743,3.2699999809265137,154000
2022-12-28,2.945967197418213,3.2899999618530273,3.2899999618530273,3.259999990463257,3.2899999618530273,46000
2022-12-29,2.928058624267578,3.2699999809265137,3.2799999713897705,3.259999990463257,3.259999990463257,202000
2022-12-30,2.928058624267578,3.2699999809265137,3.3399999141693115,3.25,3.2799999713897705,204000
2023-01-03,2.928058624267578,3.2699999809265137,3.2699999809265137,3.200000047683716,3.2300000190734863,116000
2023-01-04,2.945967197418213,3.2899999618530273,3.2899999618530273,3.259999990463257,3.259999990463257,252000
2023-01-05,2.945967197418213,3.2899999618530273,3.2899999618530273,3.25,3.2899999618530273,148000
2023-01-06,2.9638757705688477,3.309999942779541,3.309999942779541,3.1500000953674316,3.240000009536743,104000
2023-01-09,2.9638757705688477,3.309999942779541,3.309999942779541,3.309999942779541,3.309999942779541,0
2023-01-10,2.9101498126983643,3.25,3.299999952316284,3.2300000190734863,3.2300000190734863,26000
2023-01-11,2.9101498126983643,3.25,3.259999990463257,3.25,3.25,60000
2023-01-12,2.883287191390991,3.2200000286102295,3.240000009536743,3.200000047683716,3.2300000190734863,20000
2023-01-13,2.9101498126983643,3.25,3.25,3.2200000286102295,3.2300000190734863,96000
2023-01-16,2.9191040992736816,3.259999990463257,3.2899999618530273,3.240000009536743,3.240000009536743,52000
2023-01-17,2.9191040992736816,3.259999990463257,3.2699999809265137,3.259999990463257,3.259999990463257,22000
2023-01-18,2.9191040992736816,3.259999990463257,3.369999885559082,3.259999990463257,3.2899999618530273,54000
2023-01-19,2.901195526123047,3.240000009536743,3.240000009536743,3.2100000381469727,3.2300000190734863,6000
2023-01-20,2.9549214839935303,3.299999952316284,3.2899999618530273,3.240000009536743,3.259999990463257,58000
2023-01-26,2.972830057144165,3.319999933242798,3.3299999237060547,3.240000009536743,3.299999952316284,86000
2023-01-27,2.9549214839935303,3.299999952316284,3.319999933242798,3.240000009536743,3.319999933242798,54000
2023-01-30,2.9638757705688477,3.309999942779541,3.369999885559082,3.2799999713897705,3.3399999141693115,108000
2023-01-31,2.972830057144165,3.319999933242798,3.3399999141693115,3.2799999713897705,3.3399999141693115,62000
2023-02-01,2.972830057144165,3.319999933242798,3.319999933242798,3.2699999809265137,3.2899999618530273,52000
2023-02-02,2.9549214839935303,3.299999952316284,3.3399999141693115,3.2799999713897705,3.2899999618530273,12000
2023-02-03,2.9191040992736816,3.259999990463257,3.259999990463257,3.259999990463257,3.259999990463257,0
2023-02-06,2.883287191390991,3.2200000286102295,3.259999990463257,3.2200000286102295,3.259999990463257,60000
2023-02-07,2.928058624267578,3.2699999809265137,3.2699999809265137,3.200000047683716,3.25,302000
2023-02-08,2.874332904815674,3.2100000381469727,3.240000009536743,3.200000047683716,3.240000009536743,72000
2023-02-09,2.928058624267578,3.2699999809265137,3.2699999809265137,3.200000047683716,3.2100000381469727,18000
2023-02-10,2.8653783798217773,3.200000047683716,3.240000009536743,3.190000057220459,3.2100000381469727,116000
2023-02-13,2.972830057144165,3.319999933242798,3.380000114440918,3.200000047683716,3.2100000381469727,98000
2023-02-14,2.9638757705688477,3.309999942779541,3.309999942779541,3.2100000381469727,3.240000009536743,112000
2023-02-15,2.9101498126983643,3.25,3.25,3.180000066757202,3.2300000190734863,98000
2023-02-16,2.874332904815674,3.2100000381469727,3.2100000381469727,3.200000047683716,3.2100000381469727,22000
2023-02-17,2.883287191390991,3.2200000286102295,3.2699999809265137,3.2200000286102295,3.2300000190734863,62000
2023-02-20,2.9191040992736816,3.259999990463257,3.2699999809265137,3.2300000190734863,3.25,63000
2023-02-21,2.9101498126983643,3.25,3.2799999713897705,3.1600000858306885,3.2799999713897705,180000
2023-02-22,2.9191040992736816,3.259999990463257,3.2699999809265137,3.25,3.25,12000
2023-02-23,2.8922412395477295,3.2300000190734863,3.25,3.2300000190734863,3.2300000190734863,12000
2023-02-24,2.85642409324646,3.190000057220459,3.200000047683716,3.180000066757202,3.200000047683716,14000
2023-02-27,2.8653783798217773,3.200000047683716,3.200000047683716,3.1600000858306885,3.180000066757202,74000
2023-02-28,2.8653783798217773,3.200000047683716,3.200000047683716,3.180000066757202,3.180000066757202,10000
2023-03-01,2.9191040992736816,3.259999990463257,3.259999990463257,3.200000047683716,3.2200000286102295,124000
2023-03-02,2.9370129108428955,3.2799999713897705,3.2799999713897705,3.25,3.2699999809265137,62000
2023-03-03,2.999692916870117,3.3499999046325684,3.3499999046325684,3.200000047683716,3.2100000381469727,310000
2023-03-06,2.9817841053009033,3.3299999237060547,3.3499999046325684,3.2799999713897705,3.3299999237060547,40000
2023-03-07,2.9907386302948,3.3399999141693115,3.380000114440918,3.2899999618530273,3.319999933242798,288000
2023-03-08,3.0265560150146484,3.380000114440918,3.380000114440918,3.2200000286102295,3.2200000286102295,48000
2023-03-09,2.9907386302948,3.3399999141693115,3.3399999141693115,3.25,3.2699999809265137,174000
2023-03-10,2.928058624267578,3.2699999809265137,3.2899999618530273,3.2100000381469727,3.2300000190734863,48000
2023-03-13,2.972830057144165,3.319999933242798,3.319999933242798,3.2100000381469727,3.240000009536743,76000
2023-03-14,2.874332904815674,3.2100000381469727,3.2300000190734863,3.2100000381469727,3.2300000190734863,16000
2023-03-15,2.9101498126983643,3.25,3.3399999141693115,3.2200000286102295,3.259999990463257,86000
2023-03-16,2.85642409324646,3.190000057220459,3.25,3.180000066757202,3.200000047683716,92000
2023-03-17,2.874332904815674,3.2100000381469727,3.3299999237060547,3.200000047683716,3.25,2485266
2023-03-20,2.901195526123047,3.240000009536743,3.25,3.190000057220459,3.2200000286102295,78000
2023-03-21,2.85642409324646,3.190000057220459,3.2100000381469727,3.190000057220459,3.190000057220459,32000
2023-03-22,2.874332904815674,3.2100000381469727,3.319999933242798,3.180000066757202,3.190000057220459,108000
2023-03-23,2.8653783798217773,3.200000047683716,3.2699999809265137,3.1600000858306885,3.2100000381469727,114000
2023-03-24,2.838515520095825,3.1700000762939453,3.2699999809265137,3.1600000858306885,3.25,88000
2023-03-27,2.784789562225342,3.109999895095825,3.1700000762939453,3.0999999046325684,3.1700000762939453,150000
2023-03-28,2.8206069469451904,3.1500000953674316,3.2899999618530273,3.059999942779541,3.109999895095825,224500
2023-03-29,2.766880989074707,3.0899999141693115,3.119999885559082,3.059999942779541,3.119999885559082,154000
2023-03-30,2.784789562225342,3.109999895095825,3.1600000858306885,3.0399999618530273,3.0899999141693115,86000
2023-03-31,2.8026983737945557,3.130000114440918,3.1500000953674316,3.0799999237060547,3.109999895095825,78000
2023-04-03,2.8474698066711426,3.180000066757202,3.180000066757202,3.130000114440918,3.130000114440918,58000
2023-04-04,2.829561233520508,3.1600000858306885,3.180000066757202,3.109999895095825,3.140000104904175,60000
2023-04-06,2.811652421951294,3.140000104904175,3.180000066757202,3.140000104904175,3.180000066757202,24000
2023-04-11,2.8026983737945557,3.130000114440918,3.1600000858306885,3.130000114440918,3.140000104904175,38000
2023-04-12,2.8026983737945557,3.130000114440918,3.1700000762939453,3.130000114440918,3.1700000762939453,80000
2023-04-13,2.8206069469451904,3.1500000953674316,3.1500000953674316,3.109999895095825,3.109999895095825,12000
2023-04-14,2.8026983737945557,3.130000114440918,3.1700000762939453,3.0999999046325684,3.1700000762939453,200000
2023-04-17,2.8653783798217773,3.200000047683716,3.200000047683716,3.0899999141693115,3.119999885559082,742000
2023-04-18,2.838515520095825,3.1700000762939453,3.2200000286102295,3.1700000762939453,3.190000057220459,118000
2023-04-19,2.829561233520508,3.1600000858306885,3.190000057220459,3.130000114440918,3.1700000762939453,12000
2023-04-20,2.85642409324646,3.190000057220459,3.190000057220459,3.109999895095825,3.1600000858306885,312000
2023-04-21,2.740017890930176,3.059999942779541,3.200000047683716,3.059999942779541,3.180000066757202,192000
2023-04-24,2.740017890930176,3.059999942779541,3.140000104904175,3.059999942779541,3.059999942779541,200000
2023-04-25,2.748972177505493,3.069999933242798,3.0899999141693115,3.059999942779541,3.049999952316284,73600
2023-04-26,2.766880989074707,3.0899999141693115,3.109999895095825,3.049999952316284,3.059999942779541,270000
2023-04-27,2.7579267024993896,3.0799999237060547,3.1700000762939453,3.049999952316284,3.119999885559082,288000
2023-04-28,2.8026983737945557,3.130000114440918,3.180000066757202,3.0799999237060547,3.0799999237060547,596698
2023-05-02,2.793743848800659,3.119999885559082,3.119999885559082,3.119999885559082,3.119999885559082,0
2023-05-03,2.7579267024993896,3.0799999237060547,3.0999999046325684,3.0399999618530273,3.0999999046325684,28000
2023-05-04,2.829561233520508,3.1600000858306885,3.2100000381469727,3.0799999237060547,3.0799999237060547,238000
2023-05-05,2.85642409324646,3.190000057220459,3.190000057220459,3.130000114440918,3.1700000762939453,152000
2023-05-08,2.9370129108428955,3.2799999713897705,3.2799999713897705,3.1600000858306885,3.200000047683716,154000
2023-05-09,2.8922412395477295,3.2300000190734863,3.309999942779541,3.2100000381469727,3.2799999713897705,286000
2023-05-10,2.8653783798217773,3.200000047683716,3.2300000190734863,3.200000047683716,3.200000047683716,22000
2023-05-11,2.829561233520508,3.1600000858306885,3.2699999809265137,3.1600000858306885,3.190000057220459,44000
2023-05-12,2.838515520095825,3.1700000762939453,3.180000066757202,3.140000104904175,3.1600000858306885,24000
2023-05-15,2.8026983737945557,3.130000114440918,3.180000066757202,3.109999895095825,3.180000066757202,90000
2023-05-16,2.8026983737945557,3.130000114440918,3.1500000953674316,3.119999885559082,3.140000104904175,34000
2023-05-17,2.793743848800659,3.119999885559082,3.130000114440918,3.109999895095825,3.109999895095825,30000
2023-05-18,2.8026983737945557,3.130000114440918,3.140000104904175,3.0899999141693115,3.119999885559082,44000
2023-05-19,2.811652421951294,3.140000104904175,3.140000104904175,3.069999933242798,3.0899999141693115,22000
2023-05-22,2.7579267024993896,3.0799999237060547,3.109999895095825,3.0799999237060547,3.109999895095825,72000
2023-05-23,2.7579267024993896,3.0799999237060547,3.1600000858306885,3.059999942779541,3.069999933242798,180000
2023-05-24,2.7310636043548584,3.049999952316284,3.0999999046325684,3.009999990463257,3.069999933242798,128000
2023-05-25,2.7131552696228027,3.0299999713897705,3.0199999809265137,3.0199999809265137,3.0199999809265137,4000
2023-05-29,2.7310636043548584,3.049999952316284,3.049999952316284,3.0299999713897705,3.049999952316284,16000
2023-05-30,2.7310636043548584,3.049999952316284,3.119999885559082,2.940000057220459,3.069999933242798,210000
2023-05-31,2.72210955619812,3.0399999618530273,3.049999952316284,3.009999990463257,3.0199999809265137,44000
2023-06-01,2.7131552696228027,3.0299999713897705,3.0899999141693115,3.009999990463257,3.059999942779541,78000
2023-06-02,2.740017890930176,3.059999942779541,3.0999999046325684,3.059999942779541,3.0999999046325684,16000
2023-06-05,2.7671618461608887,2.930000066757202,2.9800000190734863,2.9200000762939453,2.9200000762939453,46000
2023-06-06,2.7671618461608887,2.930000066757202,2.9700000286102295,2.9200000762939453,2.930000066757202,138000
2023-06-07,2.7482733726501465,2.9100000858306885,2.950000047683716,2.880000114440918,2.950000047683716,94000
2023-06-08,2.7482733726501465,2.9100000858306885,2.9100000858306885,2.9000000953674316,2.9000000953674316,29200
2023-06-09,2.7482733726501465,2.9100000858306885,2.930000066757202,2.9000000953674316,2.930000066757202,10000
2023-06-12,2.7482733726501465,2.9100000858306885,2.950000047683716,2.9100000858306885,2.930000066757202,40000
2023-06-13,2.7388291358947754,2.9000000953674316,2.9100000858306885,2.890000104904175,2.9100000858306885,574000
2023-06-14,2.7293848991394043,2.890000104904175,2.9000000953674316,2.890000104904175,2.9000000953674316,24000
2023-06-15,2.7482733726501465,2.9100000858306885,2.9100000858306885,2.9000000953674316,2.9100000858306885,12000
2023-06-16,2.7577176094055176,2.9200000762939453,2.9200000762939453,2.890000104904175,2.890000104904175,30000
2023-06-19,2.7293848991394043,2.890000104904175,2.930000066757202,2.880000114440918,2.9000000953674316,92000
2023-06-20,2.719940662384033,2.880000114440918,2.990000009536743,2.880000114440918,2.930000066757202,108000
2023-06-21,2.7293848991394043,2.890000104904175,2.990000009536743,2.880000114440918,2.9000000953674316,314000
2023-06-23,2.6443865299224854,2.799999952316284,2.8299999237060547,2.799999952316284,2.8299999237060547,34000
2023-06-26,2.6349422931671143,2.7899999618530273,2.8499999046325684,2.7799999713897705,2.819999933242798,98000
2023-06-27,2.606609582901001,2.759999990463257,2.799999952316284,2.7100000381469727,2.799999952316284,1084000
2023-06-28,2.616053819656372,2.7699999809265137,2.7899999618530273,2.740000009536743,2.75,168000
2023-06-29,2.587721109390259,2.740000009536743,2.7899999618530273,2.740000009536743,2.7899999618530273,465700
2023-06-30,2.616053819656372,2.7699999809265137,2.7799999713897705,2.75,2.7799999713897705,48000
2023-07-03,2.625498056411743,2.7799999713897705,2.799999952316284,2.759999990463257,2.7799999713897705,82000
2023-07-04,2.5782768726348877,2.7300000190734863,2.7699999809265137,2.700000047683716,2.7699999809265137,1316000
2023-07-05,2.5782768726348877,2.7300000190734863,2.759999990463257,2.7200000286102295,2.7200000286102295,96000
2023-07-06,2.5499444007873535,2.700000047683716,2.740000009536743,2.700000047683716,2.7200000286102295,170000
2023-07-07,2.5499444007873535,2.700000047683716,2.740000009536743,2.690000057220459,2.740000009536743,180000
2023-07-10,2.5688326358795166,2.7200000286102295,2.75,2.700000047683716,2.75,66000
2023-07-11,2.5593886375427246,2.7100000381469727,2.740000009536743,2.700000047683716,2.7100000381469727,109000
2023-07-12,2.587721109390259,2.740000009536743,2.740000009536743,2.7100000381469727,2.740000009536743,8000
2023-07-13,2.5688326358795166,2.7200000286102295,2.890000104904175,2.690000057220459,2.7200000286102295,510000
2023-07-14,2.5782768726348877,2.7300000190734863,2.75,2.7200000286102295,2.7200000286102295,6000
2023-07-18,2.5688326358795166,2.7200000286102295,2.740000009536743,2.7200000286102295,2.7300000190734863,92000
2023-07-19,2.5593886375427246,2.7100000381469727,2.7300000190734863,2.700000047683716,2.7200000286102295,386616
2023-07-20,2.5688326358795166,2.7200000286102295,2.7200000286102295,2.7200000286102295,2.7200000286102295,20000
2023-07-21,2.5782768726348877,2.7300000190734863,2.7300000190734863,2.7300000190734863,2.7300000190734863,54000
2023-07-24,2.5405001640319824,2.690000057220459,2.740000009536743,2.680000066757202,2.7300000190734863,366000
2023-07-25,2.5688326358795166,2.7200000286102295,2.7300000190734863,2.690000057220459,2.7200000286102295,592000
2023-07-26,2.5782768726348877,2.7300000190734863,2.75,2.7100000381469727,2.7200000286102295,82000
2023-07-27,2.5688326358795166,2.7200000286102295,2.75,2.7200000286102295,2.75,392000
2023-07-28,2.59716534614563,2.75,2.759999990463257,2.7200000286102295,2.7200000286102295,247600
2023-07-31,2.606609582901001,2.759999990463257,2.7699999809265137,2.7100000381469727,2.7699999809265137,500000
2023-08-01,2.625498056411743,2.7799999713897705,2.7899999618530273,2.759999990463257,2.7799999713897705,350000
2023-08-02,2.587721109390259,2.740000009536743,2.7899999618530273,2.7300000190734863,2.7699999809265137,590000
2023-08-03,2.5782768726348877,2.7300000190734863,2.75,2.7200000286102295,2.740000009536743,166000
2023-08-04,2.5782768726348877,2.7300000190734863,2.75,2.7200000286102295,2.75,118000
2023-08-07,2.59716534614563,2.75,2.75,2.75,2.75,2000
2023-08-08,2.5688326358795166,2.7200000286102295,2.7200000286102295,2.7200000286102295,2.7200000286102295,18000
2023-08-09,2.5688326358795166,2.7200000286102295,2.7300000190734863,2.7100000381469727,2.7200000286102295,146000
2023-08-10,2.5688326358795166,2.7200000286102295,2.740000009536743,2.7200000286102295,2.7300000190734863,32000
2023-08-11,2.5499444007873535,2.700000047683716,2.740000009536743,2.700000047683716,2.740000009536743,206000
2023-08-14,2.5405001640319824,2.690000057220459,2.7300000190734863,2.690000057220459,2.700000047683716,264000
2023-08-15,2.5405001640319824,2.690000057220459,2.7200000286102295,2.680000066757202,2.7200000286102295,36000
2023-08-16,2.5310559272766113,2.680000066757202,2.690000057220459,2.6700000762939453,2.680000066757202,150000
2023-08-17,2.5405001640319824,2.690000057220459,2.700000047683716,2.6700000762939453,2.680000066757202,24000
2023-08-18,2.5405001640319824,2.690000057220459,2.700000047683716,2.690000057220459,2.690000057220459,46000
2023-08-21,2.512167453765869,2.6600000858306885,2.690000057220459,2.6600000858306885,2.680000066757202,70000
2023-08-22,2.502723217010498,2.6500000953674316,2.6700000762939453,2.619999885559082,2.6700000762939453,224000
2023-08-23,2.512167453765869,2.6600000858306885,2.700000047683716,2.6600000858306885,2.680000066757202,58000
2023-08-24,2.493278980255127,2.640000104904175,2.680000066757202,2.619999885559082,2.6600000858306885,180000
2023-08-25,2.4743902683258057,2.619999885559082,2.7799999713897705,2.609999895095825,2.6500000953674316,1768000
2023-08-28,2.493278980255127,2.640000104904175,2.7300000190734863,2.630000114440918,2.6500000953674316,1348000
2023-08-29,2.5499444007873535,2.700000047683716,2.700000047683716,2.6700000762939453,2.680000066757202,166000
2023-08-30,2.5405001640319824,2.690000057220459,2.7200000286102295,2.690000057220459,2.690000057220459,180000
2023-08-31,2.5216116905212402,2.6700000762939453,2.7100000381469727,2.6700000762939453,2.680000066757202,68000
2023-09-04,2.5499444007873535,2.700000047683716,2.7100000381469727,2.630000114440918,2.6700000762939453,316000
2023-09-05,2.5405001640319824,2.690000057220459,2.7300000190734863,2.690000057220459,2.690000057220459,304000
2023-09-06,2.5499444007873535,2.700000047683716,2.7300000190734863,2.680000066757202,2.690000057220459,558000
2023-09-07,2.5405001640319824,2.690000057220459,2.7300000190734863,2.690000057220459,2.7300000190734863,222000
2023-09-11,2.5499444007873535,2.700000047683716,2.700000047683716,2.680000066757202,2.700000047683716,91330
2023-09-12,2.5782768726348877,2.7300000190734863,2.7300000190734863,2.700000047683716,2.690000057220459,46000
2023-09-13,2.5593886375427246,2.7100000381469727,2.7300000190734863,2.7100000381469727,2.7100000381469727,29178
2023-09-14,2.5593886375427246,2.7100000381469727,2.7100000381469727,2.680000066757202,2.7100000381469727,86000
2023-09-15,2.5499444007873535,2.700000047683716,2.740000009536743,2.690000057220459,2.740000009536743,102000
2023-09-18,2.5405001640319824,2.690000057220459,2.7100000381469727,2.690000057220459,2.690000057220459,116829
2023-09-19,2.5405001640319824,2.690000057220459,2.700000047683716,2.680000066757202,2.700000047683716,36968
2023-09-20,2.5310559272766113,2.680000066757202,2.700000047683716,2.680000066757202,2.690000057220459,298000
2023-09-21,2.5310559272766113,2.680000066757202,2.700000047683716,2.680000066757202,2.680000066757202,46000
2023-09-22,2.5405001640319824,2.690000057220459,2.700000047683716,2.6700000762939453,2.680000066757202,148000
2023-09-25,2.5688326358795166,2.7200000286102295,2.7300000190734863,2.690000057220459,2.690000057220459,144000
2023-09-26,2.5499444007873535,2.700000047683716,2.7300000190734863,2.690000057220459,2.7100000381469727,192000
2023-09-27,2.5593886375427246,2.7100000381469727,2.7100000381469727,2.680000066757202,2.690000057220459,263079
2023-09-28,2.5310559272766113,2.680000066757202,2.7100000381469727,2.6700000762939453,2.7100000381469727,320000
2023-09-29,2.512167453765869,2.6600000858306885,2.6600000858306885,2.630000114440918,2.6600000858306885,64000
2023-10-03,2.4649460315704346,2.609999895095825,2.630000114440918,2.609999895095825,2.630000114440918,4000
2023-10-04,2.4649460315704346,2.609999895095825,2.609999895095825,2.609999895095825,2.609999895095825,0
2023-10-05,2.4366133213043213,2.5799999237060547,2.5899999141693115,2.5799999237060547,2.5899999141693115,4000
2023-10-06,2.4460575580596924,2.5899999141693115,2.5899999141693115,2.5899999141693115,2.5899999141693115,0
2023-10-09,2.4649460315704346,2.609999895095825,2.6500000953674316,2.609999895095825,2.619999885559082,114000
2023-10-10,2.4555017948150635,2.5999999046325684,2.6500000953674316,2.5999999046325684,2.6500000953674316,160000
2023-10-11,2.4555017948150635,2.5999999046325684,2.619999885559082,2.5799999237060547,2.609999895095825,262000
2023-10-12,2.493278980255127,2.640000104904175,2.6600000858306885,2.5999999046325684,2.609999895095825,140000
2023-10-13,2.4743902683258057,2.619999885559082,2.630000114440918,2.619999885559082,2.630000114440918,22000
2023-10-16,2.4555017948150635,2.5999999046325684,2.619999885559082,2.5899999141693115,2.619999885559082,192000
2023-10-17,2.4460575580596924,2.5899999141693115,2.609999895095825,2.5799999237060547,2.5999999046325684,156000
2023-10-18,2.4555017948150635,2.5999999046325684,2.619999885559082,2.5899999141693115,2.5999999046325684,60000
2023-10-19,2.42716908454895,2.569999933242798,2.5999999046325684,2.559999942779541,2.5799999237060547,212000
2023-10-20,2.389392137527466,2.5299999713897705,2.569999933242798,2.5199999809265137,2.559999942779541,184000
2023-10-24,2.408280611038208,2.549999952316284,2.569999933242798,2.5199999809265137,2.5299999713897705,174000
2023-10-25,2.4366133213043213,2.5799999237060547,2.609999895095825,2.559999942779541,2.5999999046325684,448000
2023-10-26,2.4460575580596924,2.5899999141693115,2.5999999046325684,2.569999933242798,2.569999933242798,22000
2023-10-27,2.502723217010498,2.6500000953674316,2.6700000762939453,2.5999999046325684,2.5999999046325684,414800
2023-10-30,2.493278980255127,2.640000104904175,2.680000066757202,2.630000114440918,2.630000114440918,182000
2023-10-31,2.5216116905212402,2.6700000762939453,2.6700000762939453,2.6500000953674316,2.6500000953674316,44000
2023-11-01,2.493278980255127,2.640000104904175,2.6600000858306885,2.630000114440918,2.6500000953674316,74000
2023-11-02,2.483834743499756,2.630000114440918,2.640000104904175,2.630000114440918,2.640000104904175,34000
2023-11-03,2.502723217010498,2.6500000953674316,2.6500000953674316,2.609999895095825,2.619999885559082,78000
2023-11-06,2.5310559272766113,2.680000066757202,2.690000057220459,2.6500000953674316,2.6700000762939453,150000
2023-11-07,2.512167453765869,2.6600000858306885,2.680000066757202,2.6500000953674316,2.6500000953674316,50000
2023-11-08,2.493278980255127,2.640000104904175,2.6600000858306885,2.640000104904175,2.6500000953674316,6000
2023-11-09,2.483834743499756,2.630000114440918,2.640000104904175,2.609999895095825,2.630000114440918,108000
2023-11-10,2.483834743499756,2.630000114440918,2.630000114440918,2.5899999141693115,2.609999895095825,136000
2023-11-13,2.493278980255127,2.640000104904175,2.6600000858306885,2.5999999046325684,2.630000114440918,154000
2023-11-14,2.502723217010498,2.6500000953674316,2.6600000858306885,2.619999885559082,2.619999885559082,220000
2023-11-15,2.5310559272766113,2.680000066757202,2.680000066757202,2.6500000953674316,2.6600000858306885,194000
2023-11-16,2.502723217010498,2.6500000953674316,2.690000057220459,2.630000114440918,2.6600000858306885,154000
2023-11-17,2.493278980255127,2.640000104904175,2.690000057220459,2.619999885559082,2.619999885559082,230000
2023-11-20,2.502723217010498,2.6500000953674316,2.6600000858306885,2.640000104904175,2.640000104904175,66000
2023-11-21,2.5310559272766113,2.680000066757202,2.7200000286102295,2.6500000953674316,2.6500000953674316,192000
2023-11-22,2.5310559272766113,2.680000066757202,2.700000047683716,2.6500000953674316,2.6600000858306885,260000
2023-11-23,2.5216116905212402,2.6700000762939453,2.690000057220459,2.6600000858306885,2.6600000858306885,22000
2023-11-24,2.5216116905212402,2.6700000762939453,2.690000057220459,2.6600000858306885,2.6700000762939453,62000
2023-11-27,2.5310559272766113,2.680000066757202,2.680000066757202,2.6500000953674316,2.6700000762939453,96000
2023-11-28,2.5216116905212402,2.6700000762939453,2.680000066757202,2.6500000953674316,2.680000066757202,174000
2023-11-29,2.493278980255127,2.640000104904175,2.680000066757202,2.630000114440918,2.680000066757202,542000
2023-11-30,2.493278980255127,2.640000104904175,2.6600000858306885,2.640000104904175,2.6600000858306885,8000
2023-12-01,2.493278980255127,2.640000104904175,2.640000104904175,2.630000114440918,2.640000104904175,42000
2023-12-04,2.493278980255127,2.640000104904175,2.6500000953674316,2.619999885559082,2.6500000953674316,126000
2023-12-05,2.4555017948150635,2.5999999046325684,2.630000114440918,2.5999999046325684,2.619999885559082,470000
2023-12-06,2.483834743499756,2.630000114440918,2.640000104904175,2.5999999046325684,2.609999895095825,196000
2023-12-07,2.4649460315704346,2.609999895095825,2.609999895095825,2.5999999046325684,2.5999999046325684,24000
2023-12-08,2.4460575580596924,2.5899999141693115,2.619999885559082,2.5799999237060547,2.5999999046325684,270000
2023-12-11,2.4366133213043213,2.5799999237060547,2.5899999141693115,2.569999933242798,2.569999933242798,102000
2023-12-12,2.4555017948150635,2.5999999046325684,2.5999999046325684,2.569999933242798,2.5799999237060547,2342000
2023-12-13,2.4366133213043213,2.5799999237060547,2.5999999046325684,2.5799999237060547,2.5999999046325684,98000
2023-12-14,2.4366133213043213,2.5799999237060547,2.619999885559082,2.5799999237060547,2.5899999141693115,122000
2023-12-15,2.483834743499756,2.630000114440918,2.630000114440918,2.5899999141693115,2.5899999141693115,222000
2023-12-18,2.493278980255127,2.640000104904175,2.640000104904175,2.5999999046325684,2.5999999046325684,64000
2023-12-19,2.4555017948150635,2.5999999046325684,2.5999999046325684,2.5999999046325684,2.5999999046325684,10000
2023-12-20,2.4743902683258057,2.619999885559082,2.640000104904175,2.5899999141693115,2.640000104904175,148000
2023-12-21,2.493278980255127,2.640000104904175,2.640000104904175,2.5899999141693115,2.619999885559082,75000
2023-12-22,2.4743902683258057,2.619999885559082,2.6500000953674316,2.619999885559082,2.609999895095825,36000
2023-12-27,2.4649460315704346,2.609999895095825,2.6500000953674316,2.5999999046325684,2.5999999046325684,92000
2023-12-28,2.483834743499756,2.630000114440918,2.6600000858306885,2.609999895095825,2.640000104904175,310900
2023-12-29,2.5216116905212402,2.6700000762939453,2.6700000762939453,2.640000104904175,2.640000104904175,96000
2024-01-02,2.5405001640319824,2.690000057220459,2.7200000286102295,2.680000066757202,2.680000066757202,160000
2024-01-03,2.5688326358795166,2.7200000286102295,2.7200000286102295,2.690000057220459,2.7100000381469727,94000
2024-01-04,2.587721109390259,2.740000009536743,2.7699999809265137,2.690000057220459,2.7100000381469727,264000
2024-01-05,2.5405001640319824,2.690000057220459,2.759999990463257,2.690000057220459,2.759999990463257,232000
2024-01-08,2.5310559272766113,2.680000066757202,2.740000009536743,2.680000066757202,2.680000066757202,86000
2024-01-09,2.5310559272766113,2.680000066757202,2.740000009536743,2.680000066757202,2.680000066757202,16000
2024-01-10,2.5499444007873535,2.700000047683716,2.700000047683716,2.700000047683716,2.700000047683716,14000
2024-01-11,2.5499444007873535,2.700000047683716,2.700000047683716,2.680000066757202,2.680000066757202,70000
2024-01-12,2.59716534614563,2.75,2.75,2.7100000381469727,2.7300000190734863,82000
2024-01-15,2.5782768726348877,2.7300000190734863,2.75,2.7100000381469727,2.75,78000
2024-01-16,2.5310559272766113,2.680000066757202,2.700000047683716,2.6700000762939453,2.700000047683716,54000
2024-01-17,2.4460575580596924,2.5899999141693115,2.6600000858306885,2.5899999141693115,2.6700000762939453,252000
2024-01-18,2.4555017948150635,2.5999999046325684,2.5999999046325684,2.559999942779541,2.5899999141693115,118000
2024-01-19,2.4555017948150635,2.5999999046325684,2.609999895095825,2.5999999046325684,2.609999895095825,44000
2024-01-22,2.408280611038208,2.549999952316284,2.619999885559082,2.5299999713897705,2.619999885559082,158000
2024-01-23,2.408280611038208,2.549999952316284,2.5999999046325684,2.549999952316284,2.559999942779541,98000
2024-01-24,2.4555017948150635,2.5999999046325684,2.5999999046325684,2.549999952316284,2.5999999046325684,216000
2024-01-25,2.502723217010498,2.6500000953674316,2.690000057220459,2.5999999046325684,2.5999999046325684,660000
2024-01-26,2.512167453765869,2.6600000858306885,2.6600000858306885,2.5999999046325684,2.619999885559082,92000
2024-01-29,2.512167453765869,2.6600000858306885,2.7200000286102295,2.6600000858306885,2.6600000858306885,164000
2024-01-30,2.502723217010498,2.6500000953674316,2.6500000953674316,2.6500000953674316,2.6500000953674316,0
2024-01-31,2.4743902683258057,2.619999885559082,2.640000104904175,2.5999999046325684,2.5999999046325684,56000
2024-02-01,2.4743902683258057,2.619999885559082,2.619999885559082,2.619999885559082,2.619999885559082,48000
2024-02-02,2.4649460315704346,2.609999895095825,2.619999885559082,2.569999933242798,2.609999895095825,108000
2024-02-05,2.389392137527466,2.5299999713897705,2.6700000762939453,2.5199999809265137,2.6700000762939453,176000
2024-02-06,2.483834743499756,2.630000114440918,2.630000114440918,2.559999942779541,2.559999942779541,80000
2024-02-07,2.493278980255127,2.640000104904175,2.6500000953674316,2.640000104904175,2.640000104904175,10000
2024-02-08,2.493278980255127,2.640000104904175,2.6600000858306885,2.640000104904175,2.6500000953674316,78000
2024-02-09,2.493278980255127,2.640000104904175,2.640000104904175,2.640000104904175,2.640000104904175,0
2024-02-14,2.493278980255127,2.640000104904175,2.640000104904175,2.640000104904175,2.640000104904175,0
2024-02-15,2.4743902683258057,2.619999885559082,2.619999885559082,2.619999885559082,2.619999885559082,0
2024-02-16,2.4743902683258057,2.619999885559082,2.619999885559082,2.619999885559082,2.619999885559082,0
2024-02-19,2.512167453765869,2.6600000858306885,2.6600000858306885,2.640000104904175,2.6600000858306885,274000
2024-02-20,2.5405001640319824,2.690000057220459,2.690000057220459,2.609999895095825,2.609999895095825,320000
2024-02-21,2.5310559272766113,2.680000066757202,2.7100000381469727,2.680000066757202,2.680000066757202,716000
2024-02-22,2.5688326358795166,2.7200000286102295,2.7200000286102295,2.640000104904175,2.6700000762939453,558000
2024-02-23,2.587721109390259,2.740000009536743,2.740000009536743,2.7100000381469727,2.7200000286102295,822000
2024-02-26,2.691607713699341,2.8499999046325684,2.8499999046325684,2.7100000381469727,2.740000009536743,2124000
2024-02-27,2.6443865299224854,2.799999952316284,2.880000114440918,2.799999952316284,2.8499999046325684,1874000
2024-02-28,2.6538307666778564,2.809999942779541,2.869999885559082,2.7699999809265137,2.869999885559082,508000
2024-02-29,2.6727192401885986,2.8299999237060547,2.8499999046325684,2.7899999618530273,2.809999942779541,292000
2024-03-01,2.691607713699341,2.8499999046325684,2.8499999046325684,2.799999952316284,2.8499999046325684,288000
2024-03-04,2.691607713699341,2.8499999046325684,2.8499999046325684,2.7899999618530273,2.7899999618530273,744000
2024-03-05,2.6538307666778564,2.809999942779541,2.8499999046325684,2.809999942779541,2.8299999237060547,500000
2024-03-06,2.691607713699341,2.8499999046325684,2.8499999046325684,2.7799999713897705,2.799999952316284,814000
2024-03-07,2.6632750034332275,2.819999933242798,2.8299999237060547,2.809999942779541,2.809999942779541,44000
2024-03-08,2.710496187210083,2.869999885559082,2.869999885559082,2.819999933242798,2.819999933242798,814000
2024-03-11,2.7293848991394043,2.890000104904175,2.9000000953674316,2.8499999046325684,2.880000114440918,1604000
2024-03-12,2.719940662384033,2.880000114440918,2.9000000953674316,2.8499999046325684,2.869999885559082,904000
2024-03-13,2.7388291358947754,2.9000000953674316,2.940000057220459,2.859999895095825,2.869999885559082,1000000
2024-03-14,2.7482733726501465,2.9100000858306885,2.950000047683716,2.890000104904175,2.9000000953674316,648000
2024-03-15,2.804938793182373,2.9700000286102295,2.9800000190734863,2.880000114440918,2.890000104904175,1252000
2024-03-18,2.719940662384033,2.880000114440918,2.9700000286102295,2.869999885559082,2.940000057220459,476000
2024-03-19,2.6632750034332275,2.819999933242798,2.9100000858306885,2.7200000286102295,2.890000104904175,364000
2024-03-20,2.701051950454712,2.859999895095825,2.880000114440918,2.8399999141693115,2.8399999141693115,346000
2024-03-21,2.7577176094055176,2.9200000762939453,2.9200000762939453,2.8399999141693115,2.8399999141693115,456000
2024-03-22,2.6727192401885986,2.8299999237060547,2.940000057220459,2.75,2.940000057220459,372000
2024-03-25,2.719940662384033,2.880000114440918,2.9000000953674316,2.8399999141693115,2.8399999141693115,160000
2024-03-26,2.786050319671631,2.950000047683716,2.9800000190734863,2.859999895095825,2.9000000953674316,934000
2024-03-27,2.8238272666931152,2.990000009536743,3.0,2.9200000762939453,2.9200000762939453,702000
2024-03-28,2.8332715034484863,3.0,3.0299999713897705,2.950000047683716,3.009999990463257,532000
2024-04-02,2.899380922317505,3.069999933242798,3.0799999237060547,3.0299999713897705,3.0299999713897705,806000
2024-04-03,2.8804924488067627,3.049999952316284,3.0799999237060547,3.049999952316284,3.0799999237060547,178000
2024-04-05,2.889936685562134,3.059999942779541,3.130000114440918,2.9200000762939453,2.9200000762939453,64000
2024-04-08,2.9560465812683105,3.130000114440918,3.130000114440918,3.0199999809265137,3.0199999809265137,784000
2024-04-09,2.9749350547790527,3.1500000953674316,3.1500000953674316,3.0899999141693115,3.0999999046325684,548000
2024-04-10,3.012712001800537,3.190000057220459,3.240000009536743,3.119999885559082,3.1500000953674316,1208000
2024-04-11,3.0693774223327637,3.25,3.25,3.1500000953674316,3.1500000953674316,612000
2024-04-12,3.012712001800537,3.190000057220459,3.259999990463257,3.180000066757202,3.259999990463257,124000
2024-04-15,2.993823528289795,3.1700000762939453,3.190000057220459,3.119999885559082,3.140000104904175,112000
2024-04-16,2.927713632583618,3.0999999046325684,3.1600000858306885,3.0899999141693115,3.140000104904175,246000
2024-04-17,3.088265895843506,3.2699999809265137,3.299999952316284,3.0899999141693115,3.0899999141693115,1482000
2024-04-18,2.9654908180236816,3.140000104904175,3.2699999809265137,3.140000104904175,3.2699999809265137,356000
2024-04-19,2.9560465812683105,3.130000114440918,3.1600000858306885,3.109999895095825,3.119999885559082,286000
2024-04-22,2.9654908180236816,3.140000104904175,3.2300000190734863,3.0999999046325684,3.130000114440918,130000
2024-04-23,2.9560465812683105,3.130000114440918,3.180000066757202,3.130000114440918,3.1700000762939453,170000
2024-04-24,3.012712001800537,3.190000057220459,3.2699999809265137,3.1500000953674316,3.2699999809265137,234000
2024-04-25,3.012712001800537,3.190000057220459,3.190000057220459,3.1500000953674316,3.1700000762939453,124000
2024-04-26,3.022156238555908,3.200000047683716,3.2100000381469727,3.1500000953674316,3.1500000953674316,538000
2024-04-29,3.022156238555908,3.200000047683716,3.25,3.1700000762939453,3.25,256000
2024-04-30,3.0504889488220215,3.2300000190734863,3.2300000190734863,3.180000066757202,3.180000066757202,218000
2024-05-02,3.003267765045166,3.180000066757202,3.1700000762939453,3.1600000858306885,3.1700000762939453,20000
2024-05-03,2.993823528289795,3.1700000762939453,3.1700000762939453,3.1500000953674316,3.1500000953674316,40000
2024-05-06,3.097710132598877,3.2799999713897705,3.299999952316284,3.1700000762939453,3.1700000762939453,998000
2024-05-07,3.107154130935669,3.2899999618530273,3.299999952316284,3.2200000286102295,3.2899999618530273,150000
2024-05-08,3.0693774223327637,3.25,3.2899999618530273,3.25,3.2899999618530273,190000
2024-05-09,3.097710132598877,3.2799999713897705,3.2799999713897705,3.2200000286102295,3.25,348000
2024-05-10,3.1732637882232666,3.359999895095825,3.369999885559082,3.25,3.25,1798000
2024-05-13,3.2393736839294434,3.430000066757202,3.440000057220459,3.3499999046325684,3.369999885559082,856000
2024-05-14,3.220485210418701,3.4100000858306885,3.450000047683716,3.390000104904175,3.450000047683716,174000
2024-05-16,3.2488179206848145,3.440000057220459,3.440000057220459,3.380000114440918,3.380000114440918,318000
2024-05-17,3.2771506309509277,3.4700000286102295,3.4800000190734863,3.4200000762939453,3.430000066757202,356000
2024-05-20,3.2677063941955566,3.4600000381469727,3.5,3.440000057220459,3.4800000190734863,308000
2024-05-21,3.201596736907959,3.390000104904175,3.440000057220459,3.390000104904175,3.430000066757202,353000
2024-05-22,3.2393736839294434,3.430000066757202,3.440000057220459,3.390000104904175,3.390000104904175,332000
2024-05-23,3.1543753147125244,3.3399999141693115,3.390000104904175,3.3399999141693115,3.390000104904175,158000
2024-05-24,3.192152500152588,3.380000114440918,3.390000104904175,3.3399999141693115,3.369999885559082,218000
2024-05-27,3.21104097366333,3.4000000953674316,3.4100000858306885,3.380000114440918,3.390000104904175,404000
2024-05-28,3.21104097366333,3.4000000953674316,3.430000066757202,3.380000114440918,3.4000000953674316,492000
2024-05-29,3.1638195514678955,3.3499999046325684,3.4000000953674316,3.3399999141693115,3.4000000953674316,264000
2024-05-30,3.126042604446411,3.309999942779541,3.359999895095825,3.2899999618530273,3.359999895095825,262000
2024-05-31,3.097710132598877,3.2799999713897705,3.309999942779541,3.2799999713897705,3.309999942779541,268000
2024-06-03,3.0788216590881348,3.259999990463257,3.2699999809265137,3.240000009536743,3.2699999809265137,608000
2024-06-04,3.088265895843506,3.2699999809265137,3.2799999713897705,3.259999990463257,3.259999990463257,190000
2024-06-05,3.0410447120666504,3.2200000286102295,3.299999952316284,3.2200000286102295,3.2799999713897705,273896
2024-06-06,3.097710132598877,3.2799999713897705,3.299999952316284,3.2300000190734863,3.2300000190734863,276000
2024-06-07,3.119999885559082,3.119999885559082,3.180000066757202,3.0999999046325684,3.0999999046325684,220000
2024-06-11,3.0899999141693115,3.0899999141693115,3.130000114440918,3.0899999141693115,3.1700000762939453,396000
2024-06-12,3.0799999237060547,3.0799999237060547,3.0899999141693115,3.0399999618530273,3.0399999618530273,176000
2024-06-13,3.109999895095825,3.109999895095825,3.130000114440918,3.0999999046325684,3.0999999046325684,162000
2024-06-14,3.1600000858306885,3.1600000858306885,3.1700000762939453,3.109999895095825,3.130000114440918,198000
2024-06-17,3.140000104904175,3.140000104904175,3.190000057220459,3.0999999046325684,3.0999999046325684,56000
2024-06-18,3.0999999046325684,3.0999999046325684,3.1600000858306885,3.009999990463257,3.140000104904175,160000
2024-06-19,3.1500000953674316,3.1500000953674316,3.190000057220459,3.119999885559082,3.119999885559082,114000
2024-06-20,3.140000104904175,3.140000104904175,3.180000066757202,3.140000104904175,3.1600000858306885,140000
2024-06-21,3.140000104904175,3.140000104904175,3.180000066757202,3.130000114440918,3.1500000953674316,240000
2024-06-24,3.119999885559082,3.119999885559082,3.140000104904175,3.0799999237060547,3.0999999046325684,358000
2024-06-25,3.140000104904175,3.140000104904175,3.1500000953674316,3.130000114440918,3.1500000953674316,56000
2024-06-26,3.130000114440918,3.130000114440918,3.1500000953674316,3.109999895095825,3.1500000953674316,208000
2024-06-27,3.140000104904175,3.140000104904175,3.140000104904175,3.049999952316284,3.0999999046325684,440000
2024-06-28,3.1500000953674316,3.1500000953674316,3.180000066757202,3.0999999046325684,3.140000104904175,220000
2024-07-02,3.180000066757202,3.180000066757202,3.2300000190734863,3.140000104904175,3.140000104904175,422000
2024-07-03,3.2100000381469727,3.2100000381469727,3.2200000286102295,3.190000057220459,3.190000057220459,84000
2024-07-04,3.200000047683716,3.200000047683716,3.25,3.190000057220459,3.25,106000
2024-07-05,3.190000057220459,3.190000057220459,3.2300000190734863,3.190000057220459,3.2300000190734863,14000
2024-07-08,3.1700000762939453,3.1700000762939453,3.190000057220459,3.130000114440918,3.1700000762939453,70000
2024-07-09,3.1600000858306885,3.1600000858306885,3.180000066757202,3.1500000953674316,3.1500000953674316,58000
2024-07-10,3.140000104904175,3.140000104904175,3.1600000858306885,3.119999885559082,3.1600000858306885,106000
2024-07-11,3.1700000762939453,3.1700000762939453,3.190000057220459,3.130000114440918,3.140000104904175,292000
2024-07-12,3.1700000762939453,3.1700000762939453,3.1700000762939453,3.130000114440918,3.140000104904175,498000
2024-07-15,3.130000114440918,3.130000114440918,3.130000114440918,3.130000114440918,3.130000114440918,66000
2024-07-16,3.109999895095825,3.109999895095825,3.130000114440918,3.109999895095825,3.119999885559082,42000
2024-07-17,3.0799999237060547,3.0799999237060547,3.119999885559082,3.0799999237060547,3.0999999046325684,126000
2024-07-18,3.069999933242798,3.069999933242798,3.0899999141693115,3.0,3.0799999237060547,212000
2024-07-19,3.0799999237060547,3.0799999237060547,3.0899999141693115,3.059999942779541,3.069999933242798,84000
2024-07-22,3.0799999237060547,3.0799999237060547,3.0799999237060547,3.0799999237060547,3.0799999237060547,0
2024-07-23,3.059999942779541,3.059999942779541,3.109999895095825,3.0399999618530273,3.109999895095825,146000
2024-07-24,3.0999999046325684,3.0999999046325684,3.0999999046325684,3.0399999618530273,3.0399999618530273,210000
2024-07-25,3.049999952316284,3.049999952316284,3.0799999237060547,3.0399999618530273,3.069999933242798,244000
2024-07-26,3.059999942779541,3.059999942779541,3.0799999237060547,3.049999952316284,3.0799999237060547,78000
2024-07-29,3.0799999237060547,3.0799999237060547,3.0799999237060547,3.0799999237060547,3.0799999237060547,0
2024-07-30,3.069999933242798,3.069999933242798,3.0799999237060547,3.0399999618530273,3.0799999237060547,376000
2024-07-31,3.109999895095825,3.109999895095825,3.109999895095825,3.049999952316284,3.049999952316284,186000
2024-08-01,3.0899999141693115,3.0899999141693115,3.109999895095825,3.0899999141693115,3.0899999141693115,74000
2024-08-02,3.0799999237060547,3.0799999237060547,3.0799999237060547,3.049999952316284,3.0799999237060547,52000
2024-08-05,3.0399999618530273,3.0399999618530273,3.0799999237060547,3.0399999618530273,3.069999933242798,84000
2024-08-06,3.059999942779541,3.059999942779541,3.069999933242798,3.0199999809265137,3.049999952316284,272000
2024-08-07,3.049999952316284,3.049999952316284,3.069999933242798,3.049999952316284,3.069999933242798,78000
2024-08-08,3.049999952316284,3.049999952316284,3.069999933242798,3.0299999713897705,3.069999933242798,122000
2024-08-09,3.049999952316284,3.049999952316284,3.059999942779541,3.049999952316284,3.049999952316284,62000
2024-08-12,3.0899999141693115,3.0899999141693115,3.119999885559082,3.059999942779541,3.0799999237060547,250000
2024-08-13,3.0899999141693115,3.0899999141693115,3.0899999141693115,3.059999942779541,3.069999933242798,78000
2024-08-14,3.0899999141693115,3.0899999141693115,3.119999885559082,3.0799999237060547,3.0799999237060547,160000
2024-08-15,3.0899999141693115,3.0899999141693115,3.119999885559082,3.069999933242798,3.0799999237060547,134000
2024-08-16,3.0899999141693115,3.0899999141693115,3.0999999046325684,3.0899999141693115,3.0899999141693115,160000
2024-08-19,3.109999895095825,3.109999895095825,3.109999895095825,3.0999999046325684,3.0999999046325684,310000
2024-08-20,3.0799999237060547,3.0799999237060547,3.0799999237060547,3.0799999237060547,3.0899999141693115,90000
2024-08-21,3.0799999237060547,3.0799999237060547,3.0999999046325684,3.069999933242798,3.0999999046325684,22000
2024-08-22,3.0999999046325684,3.0999999046325684,3.0999999046325684,3.0799999237060547,3.0899999141693115,84000
2024-08-23,3.0799999237060547,3.0799999237060547,3.0799999237060547,3.049999952316284,3.049999952316284,64000
2024-08-26,2.930000066757202,2.930000066757202,3.0,2.809999942779541,2.809999942779541,840000
2024-08-27,2.890000104904175,2.890000104904175,2.9100000858306885,2.869999885559082,2.9100000858306885,182000
2024-08-28,2.880000114440918,2.880000114440918,2.9100000858306885,2.859999895095825,2.9100000858306885,230000
2024-08-29,2.880000114440918,2.880000114440918,2.9200000762939453,2.880000114440918,2.9100000858306885,124000
2024-08-30,2.9000000953674316,2.9000000953674316,2.930000066757202,2.880000114440918,2.9100000858306885,238000
2024-09-02,2.859999895095825,2.859999895095825,2.890000104904175,2.8299999237060547,2.9000000953674316,244000
2024-09-03,2.8499999046325684,2.8499999046325684,2.9000000953674316,2.8299999237060547,2.9000000953674316,154000
2024-09-04,2.809999942779541,2.809999942779541,2.8399999141693115,2.809999942779541,2.8299999237060547,118000
2024-09-05,2.819999933242798,2.819999933242798,2.869999885559082,2.7799999713897705,2.869999885559082,214000
2024-09-09,2.809999942779541,2.809999942779541,2.8399999141693115,2.7699999809265137,2.8299999237060547,216000
2024-09-10,2.7899999618530273,2.7899999618530273,2.799999952316284,2.759999990463257,2.7899999618530273,214000
2024-09-11,2.7300000190734863,2.7300000190734863,2.809999942779541,2.7200000286102295,2.809999942779541,148000
2024-09-12,2.740000009536743,2.740000009536743,2.7799999713897705,2.740000009536743,2.759999990463257,64000
2024-09-13,2.740000009536743,2.740000009536743,2.7699999809265137,2.7300000190734863,2.740000009536743,54000
2024-09-16,2.740000009536743,2.740000009536743,2.740000009536743,2.740000009536743,2.740000009536743,0
2024-09-17,2.7799999713897705,2.7799999713897705,2.8499999046325684,2.7200000286102295,2.8499999046325684,32000
2024-09-19,2.890000104904175,2.890000104904175,2.9000000953674316,2.7799999713897705,2.7799999713897705,376000
2024-09-20,2.8399999141693115,2.8399999141693115,2.890000104904175,2.8299999237060547,2.890000104904175,64000
2024-09-23,2.8399999141693115,2.8399999141693115,2.869999885559082,2.8399999141693115,2.8499999046325684,76000
2024-09-24,2.930000066757202,2.930000066757202,2.930000066757202,2.8399999141693115,2.8399999141693115,362000
2024-09-25,2.950000047683716,2.950000047683716,3.0,2.9200000762939453,2.9100000858306885,480000
2024-09-26,3.0399999618530273,3.0399999618530273,3.049999952316284,2.950000047683716,2.950000047683716,618000
2024-09-27,3.109999895095825,3.109999895095825,3.130000114440918,3.059999942779541,3.0799999237060547,974000
2024-09-30,3.180000066757202,3.180000066757202,3.2799999713897705,3.140000104904175,3.180000066757202,2696000
2024-10-02,3.2899999618530273,3.2899999618530273,3.3499999046325684,3.180000066757202,3.2100000381469727,358000
2024-10-03,3.180000066757202,3.180000066757202,3.3299999237060547,3.130000114440918,3.2899999618530273,788000
2024-10-04,3.3499999046325684,3.3499999046325684,3.3499999046325684,3.0799999237060547,3.109999895095825,644000
2024-10-07,3.6600000858306885,3.6600000858306885,3.700000047683716,3.369999885559082,3.390000104904175,836000
2024-10-08,3.2899999618530273,3.2899999618530273,3.7899999618530273,3.2100000381469727,3.7899999618530273,4074000
2024-10-09,3.0999999046325684,3.0999999046325684,3.3499999046325684,3.069999933242798,3.240000009536743,1832000
2024-10-10,3.1600000858306885,3.1600000858306885,3.240000009536743,3.119999885559082,3.1700000762939453,1138000
2024-10-14,3.1600000858306885,3.1600000858306885,3.25,3.0999999046325684,3.2300000190734863,1774000
2024-10-15,3.0399999618530273,3.0399999618530273,3.1600000858306885,3.0399999618530273,3.1500000953674316,420000
2024-10-16,3.109999895095825,3.109999895095825,3.109999895095825,3.049999952316284,3.049999952316284,256000
2024-10-17,3.0399999618530273,3.0399999618530273,3.1700000762939453,3.0399999618530273,3.0999999046325684,446000
2024-10-18,3.1700000762939453,3.1700000762939453,3.180000066757202,3.059999942779541,3.0799999237060547,264000
2024-10-21,3.130000114440918,3.130000114440918,3.200000047683716,3.119999885559082,3.190000057220459,620000
2024-10-22,3.1500000953674316,3.1500000953674316,3.240000009536743,3.130000114440918,3.240000009536743,184000
2024-10-23,3.2200000286102295,3.2200000286102295,3.3499999046325684,3.1500000953674316,3.1600000858306885,568000
2024-10-24,3.180000066757202,3.180000066757202,3.319999933242798,3.1500000953674316,3.319999933242798,280000
2024-10-25,3.2100000381469727,3.2100000381469727,3.2300000190734863,3.1700000762939453,3.1700000762939453,206000
2024-10-28,3.299999952316284,3.299999952316284,3.309999942779541,3.2100000381469727,3.240000009536743,1368000
2024-10-29,3.25,3.25,3.309999942779541,3.2100000381469727,3.259999990463257,504000
2024-10-30,3.200000047683716,3.200000047683716,3.2300000190734863,3.140000104904175,3.2100000381469727,544000
2024-10-31,3.2200000286102295,3.2200000286102295,3.240000009536743,3.190000057220459,3.240000009536743,350000
2024-11-01,3.2100000381469727,3.2100000381469727,3.2300000190734863,3.200000047683716,3.200000047683716,272000
2024-11-04,3.25,3.25,3.25,3.2100000381469727,3.2899999618530273,76000
2024-11-05,3.2799999713897705,3.2799999713897705,3.2799999713897705,3.25,3.2799999713897705,676000
2024-11-06,3.240000009536743,3.240000009536743,3.2799999713897705,3.200000047683716,3.2799999713897705,412000
2024-11-07,3.3399999141693115,3.3399999141693115,3.3399999141693115,3.2100000381469727,3.2200000286102295,864000
2024-11-08,3.299999952316284,3.299999952316284,3.380000114440918,3.2799999713897705,3.259999990463257,362000
2024-11-11,3.319999933242798,3.319999933242798,3.319999933242798,3.259999990463257,3.2899999618530273,190000
2024-11-12,3.190000057220459,3.190000057220459,3.2799999713897705,3.1500000953674316,3.2799999713897705,602000
2024-11-13,3.190000057220459,3.190000057220459,3.200000047683716,3.1500000953674316,3.1600000858306885,128000
2024-11-14,3.130000114440918,3.130000114440918,3.2100000381469727,3.0899999141693115,3.2100000381469727,266000
2024-11-15,3.119999885559082,3.119999885559082,3.180000066757202,3.119999885559082,3.180000066757202,174000
2024-11-18,3.1700000762939453,3.1700000762939453,3.2100000381469727,3.1500000953674316,3.1500000953674316,308000
2024-11-19,3.190000057220459,3.190000057220459,3.2100000381469727,3.140000104904175,3.2100000381469727,116000
2024-11-20,3.180000066757202,3.180000066757202,3.180000066757202,3.1600000858306885,3.180000066757202,28000
2024-11-21,3.1700000762939453,3.1700000762939453,3.180000066757202,3.1600000858306885,3.180000066757202,54000
2024-11-22,3.119999885559082,3.119999885559082,3.1700000762939453,3.119999885559082,3.1700000762939453,428000
2024-11-25,3.119999885559082,3.119999885559082,3.1500000953674316,3.0899999141693115,3.119999885559082,182000
2024-11-26,3.119999885559082,3.119999885559082,3.1500000953674316,3.0899999141693115,3.109999895095825,46000
2024-11-27,3.1600000858306885,3.1600000858306885,3.1700000762939453,3.0999999046325684,3.109999895095825,98000
2024-11-28,3.140000104904175,3.140000104904175,3.180000066757202,3.140000104904175,3.180000066757202,50000
2024-11-29,3.1700000762939453,3.1700000762939453,3.200000047683716,3.119999885559082,3.130000114440918,84000
2024-12-02,3.190000057220459,3.190000057220459,3.2200000286102295,3.1600000858306885,3.2200000286102295,70000
2024-12-03,3.190000057220459,3.190000057220459,3.2200000286102295,3.140000104904175,3.1500000953674316,242000
2024-12-04,3.2100000381469727,3.2100000381469727,3.2100000381469727,3.1600000858306885,3.200000047683716,270000
2024-12-05,3.180000066757202,3.180000066757202,3.200000047683716,3.1600000858306885,3.180000066757202,164000
2024-12-06,3.2300000190734863,3.2300000190734863,3.25,3.190000057220459,3.190000057220459,218000
2024-12-09,3.2899999618530273,3.2899999618530273,3.2899999618530273,3.2300000190734863,3.259999990463257,372000
2024-12-10,3.2300000190734863,3.2300000190734863,3.369999885559082,3.2300000190734863,3.369999885559082,458000
2024-12-11,3.25,3.25,3.259999990463257,3.2300000190734863,3.240000009536743,238000
2024-12-12,3.2699999809265137,3.2699999809265137,3.2799999713897705,3.240000009536743,3.2799999713897705,94000
2024-12-13,3.2200000286102295,3.2200000286102295,3.259999990463257,3.2200000286102295,3.259999990463257,136000
2024-12-16,3.2300000190734863,3.2300000190734863,3.2300000190734863,3.2100000381469727,3.2200000286102295,82000
2024-12-17,3.200000047683716,3.200000047683716,3.2200000286102295,3.109999895095825,3.200000047683716,110000
2024-12-18,3.190000057220459,3.190000057220459,3.2300000190734863,3.180000066757202,3.2300000190734863,186000
2024-12-19,3.200000047683716,3.200000047683716,3.2100000381469727,3.200000047683716,3.2100000381469727,20000
2024-12-20,3.2100000381469727,3.2100000381469727,3.2300000190734863,3.180000066757202,3.200000047683716,66000
2024-12-23,3.2200000286102295,3.2200000286102295,3.25,3.2200000286102295,3.25,420000
2024-12-24,3.2699999809265137,3.2699999809265137,3.2699999809265137,3.2699999809265137,3.2699999809265137,0
2024-12-27,3.2699999809265137,3.2699999809265137,3.2699999809265137,3.2100000381469727,3.2100000381469727,72000
2024-12-30,3.299999952316284,3.299999952316284,3.299999952316284,3.2799999713897705,3.2799999713897705,418000
2024-12-31,3.319999933242798,3.319999933242798,3.319999933242798,3.319999933242798,3.319999933242798,0
2025-01-02,3.2300000190734863,3.2300000190734863,3.3299999237060547,3.2300000190734863,3.3399999141693115,152000
2025-01-03,3.1600000858306885,3.1600000858306885,3.299999952316284,3.1600000858306885,3.2200000286102295,246000
2025-01-06,3.1600000858306885,3.1600000858306885,3.259999990463257,3.1600000858306885,3.2699999809265137,102000
2025-01-07,3.190000057220459,3.190000057220459,3.25,3.1600000858306885,3.25,266000
2025-01-08,3.180000066757202,3.180000066757202,3.2300000190734863,3.1600000858306885,3.2300000190734863,158000
2025-01-09,3.1600000858306885,3.1600000858306885,3.200000047683716,3.1600000858306885,3.200000047683716,280000
2025-01-10,3.140000104904175,3.140000104904175,3.180000066757202,3.130000114440918,3.1600000858306885,24000
2025-01-13,3.140000104904175,3.140000104904175,3.140000104904175,3.0899999141693115,3.140000104904175,94000
2025-01-14,3.180000066757202,3.180000066757202,3.180000066757202,3.140000104904175,3.1600000858306885,70000
2025-01-15,3.190000057220459,3.190000057220459,3.190000057220459,3.180000066757202,3.180000066757202,34000
2025-01-16,3.200000047683716,3.200000047683716,3.2200000286102295,3.1600000858306885,3.1600000858306885,94000
2025-01-17,3.200000047683716,3.200000047683716,3.200000047683716,3.1600000858306885,3.1600000858306885,24000
2025-01-20,3.200000047683716,3.200000047683716,3.25,3.200000047683716,3.2100000381469727,98000
2025-01-21,3.200000047683716,3.200000047683716,3.25,3.200000047683716,3.200000047683716,14000
2025-01-22,3.180000066757202,3.180000066757202,3.200000047683716,3.1600000858306885,3.200000047683716,74000
2025-01-23,3.200000047683716,3.200000047683716,3.2300000190734863,3.200000047683716,3.190000057220459,176000
2025-01-24,3.2200000286102295,3.2200000286102295,3.240000009536743,3.2200000286102295,3.240000009536743,34000
2025-01-27,3.240000009536743,3.240000009536743,3.2699999809265137,3.2200000286102295,3.2200000286102295,202000
2025-01-28,3.240000009536743,3.240000009536743,3.240000009536743,3.240000009536743,3.240000009536743,0
2025-02-03,3.140000104904175,3.140000104904175,3.1600000858306885,3.0999999046325684,3.1600000858306885,16000
2025-02-04,3.1500000953674316,3.1500000953674316,3.1500000953674316,3.1500000953674316,3.1500000953674316,4000
2025-02-05,3.1500000953674316,3.1500000953674316,3.2300000190734863,3.140000104904175,3.1600000858306885,188000
2025-02-06,3.200000047683716,3.200000047683716,3.2100000381469727,3.190000057220459,3.200000047683716,128000
2025-02-07,3.2100000381469727,3.2100000381469727,3.2300000190734863,3.180000066757202,3.200000047683716,304000
2025-02-10,3.2200000286102295,3.2200000286102295,3.2300000190734863,3.2100000381469727,3.2300000190734863,26000
2025-02-11,3.190000057220459,3.190000057220459,3.2200000286102295,3.180000066757202,3.2200000286102295,246000
2025-02-12,3.2200000286102295,3.2200000286102295,3.2300000190734863,3.180000066757202,3.180000066757202,302000
2025-02-13,3.1700000762939453,3.1700000762939453,3.240000009536743,3.1700000762939453,3.2100000381469727,220000
2025-02-14,3.200000047683716,3.200000047683716,3.200000047683716,3.1700000762939453,3.200000047683716,260000
2025-02-17,3.190000057220459,3.190000057220459,3.2200000286102295,3.180000066757202,3.190000057220459,528000
2025-02-18,3.200000047683716,3.200000047683716,3.2200000286102295,3.180000066757202,3.200000047683716,262000
2025-02-19,3.2200000286102295,3.2200000286102295,3.2200000286102295,3.1700000762939453,3.200000047683716,206000
2025-02-20,3.2200000286102295,3.2200000286102295,3.2300000190734863,3.200000047683716,3.2300000190734863,614000
2025-02-21,3.200000047683716,3.200000047683716,3.2300000190734863,3.200000047683716,3.2300000190734863,262000
2025-02-24,3.2200000286102295,3.2200000286102295,3.240000009536743,3.200000047683716,3.2100000381469727,744000
2025-02-25,3.190000057220459,3.190000057220459,3.2300000190734863,3.180000066757202,3.2100000381469727,1082000
2025-02-26,3.2200000286102295,3.2200000286102295,3.2200000286102295,3.180000066757202,3.2200000286102295,222000
2025-02-27,3.240000009536743,3.240000009536743,3.25,3.2100000381469727,3.240000009536743,266000
2025-02-28,3.180000066757202,3.180000066757202,3.2200000286102295,3.1700000762939453,3.2200000286102295,416000
2025-03-03,3.180000066757202,3.180000066757202,3.200000047683716,3.180000066757202,3.190000057220459,366000
2025-03-04,3.190000057220459,3.190000057220459,3.190000057220459,3.1700000762939453,3.1700000762939453,116000
2025-03-05,3.2100000381469727,3.2100000381469727,3.2100000381469727,3.190000057220459,3.200000047683716,58000
2025-03-06,3.2200000286102295,3.2200000286102295,3.2200000286102295,3.200000047683716,3.2100000381469727,336000
2025-03-07,3.240000009536743,3.240000009536743,3.2699999809265137,3.190000057220459,3.190000057220459,690000
2025-03-10,3.2200000286102295,3.2200000286102295,3.240000009536743,3.2200000286102295,3.240000009536743,264000
2025-03-11,3.2300000190734863,3.2300000190734863,3.25,3.2200000286102295,3.2300000190734863,186000
2025-03-12,3.200000047683716,3.200000047683716,3.240000009536743,3.180000066757202,3.2200000286102295,550000
2025-03-13,3.2100000381469727,3.2100000381469727,3.2200000286102295,3.190000057220459,3.2200000286102295,310000
2025-03-14,3.240000009536743,3.240000009536743,3.2699999809265137,3.2100000381469727,3.2100000381469727,1112000
2025-03-17,3.2899999618530273,3.2899999618530273,3.2899999618530273,3.259999990463257,3.259999990463257,794000
2025-03-18,3.299999952316284,3.299999952316284,3.319999933242798,3.2799999713897705,3.299999952316284,928000
2025-03-19,3.309999942779541,3.309999942779541,3.309999942779541,3.2899999618530273,3.299999952316284,366000
2025-03-20,3.2799999713897705,3.2799999713897705,3.319999933242798,3.2799999713897705,3.309999942779541,716000
2025-03-21,3.2699999809265137,3.2699999809265137,3.319999933242798,3.259999990463257,3.299999952316284,684000
2025-03-24,3.2300000190734863,3.2300000190734863,3.240000009536743,3.180000066757202,3.240000009536743,1586000
2025-03-25,3.240000009536743,3.240000009536743,3.240000009536743,3.2200000286102295,3.2200000286102295,180000
2025-03-26,3.2300000190734863,3.2300000190734863,3.240000009536743,3.2100000381469727,3.240000009536743,508000
2025-03-27,3.2200000286102295,3.2200000286102295,3.2300000190734863,3.200000047683716,3.2300000190734863,392000
2025-03-28,3.2200000286102295,3.2200000286102295,3.2200000286102295,3.180000066757202,3.2200000286102295,470000
2025-03-31,3.200000047683716,3.200000047683716,3.2100000381469727,3.180000066757202,3.190000057220459,466000
2025-04-01,3.25,3.25,3.25,3.2200000286102295,3.2200000286102295,338000
2025-04-02,3.259999990463257,3.259999990463257,3.2699999809265137,3.240000009536743,3.25,596000
2025-04-03,3.259999990463257,3.259999990463257,3.2799999713897705,3.25,3.259999990463257,560000
2025-04-07,3.0299999713897705,3.0299999713897705,3.180000066757202,3.009999990463257,3.1700000762939453,2540000
2025-04-08,3.0899999141693115,3.0899999141693115,3.109999895095825,3.049999952316284,3.0799999237060547,866000
2025-04-09,3.0899999141693115,3.0899999141693115,3.0899999141693115,3.0199999809265137,3.069999933242798,812000
2025-04-10,3.140000104904175,3.140000104904175,3.1500000953674316,3.0999999046325684,3.0999999046325684,640000
2025-04-11,3.1500000953674316,3.1500000953674316,3.1500000953674316,3.119999885559082,3.119999885559082,200000
2025-04-14,3.1700000762939453,3.1700000762939453,3.1700000762939453,3.1500000953674316,3.1500000953674316,278000
2025-04-15,3.1600000858306885,3.1600000858306885,3.1700000762939453,3.140000104904175,3.1700000762939453,186000
2025-04-16,3.140000104904175,3.140000104904175,3.140000104904175,3.0999999046325684,3.130000114440918,344000
2025-04-17,3.1500000953674316,3.1500000953674316,3.1500000953674316,3.119999885559082,3.130000114440918,94000
2025-04-22,3.180000066757202,3.180000066757202,3.180000066757202,3.140000104904175,3.1500000953674316,418000
2025-04-23,3.1700000762939453,3.1700000762939453,3.180000066757202,3.1600000858306885,3.1600000858306885,134000
2025-04-24,3.1700000762939453,3.1700000762939453,3.200000047683716,3.1700000762939453,3.190000057220459,332000
2025-04-25,3.190000057220459,3.190000057220459,3.2100000381469727,3.180000066757202,3.200000047683716,224000
2025-04-28,3.190000057220459,3.190000057220459,3.2100000381469727,3.190000057220459,3.200000047683716,754000
2025-04-29,3.2100000381469727,3.2100000381469727,3.2100000381469727,3.190000057220459,3.2100000381469727,148000
2025-04-30,3.190000057220459,3.190000057220459,3.190000057220459,3.180000066757202,3.190000057220459,408000
2025-05-02,3.190000057220459,3.190000057220459,3.190000057220459,3.190000057220459,3.190000057220459,0
2025-05-06,3.25,3.25,3.259999990463257,3.2100000381469727,3.2100000381469727,690000
2025-05-07,3.25,3.25,3.2699999809265137,3.2300000190734863,3.2699999809265137,932000
2025-05-08,3.259999990463257,3.259999990463257,3.259999990463257,3.2300000190734863,3.2300000190734863,406000
2025-05-09,3.259999990463257,3.259999990463257,3.2699999809265137,3.240000009536743,3.259999990463257,1164000
2025-05-12,3.2899999618530273,3.2899999618530273,3.2899999618530273,3.259999990463257,3.259999990463257,872000
2025-05-13,3.3299999237060547,3.3299999237060547,3.3299999237060547,3.259999990463257,3.2899999618530273,1402000
2025-05-14,3.4200000762939453,3.4200000762939453,3.4200000762939453,3.3399999141693115,3.3399999141693115,1358000
2025-05-15,3.4000000953674316,3.4000000953674316,3.430000066757202,3.380000114440918,3.380000114440918,580000
2025-05-16,3.4200000762939453,3.4200000762939453,3.430000066757202,3.390000104904175,3.4100000858306885,782000
