Date,Close,High,Low,Open,Volume
2010-10-29,18.764020919799805,18.84542696370409,18.764020919799805,18.84542696370409,2080560896
2010-11-01,18.894264221191406,19.21174754056817,18.894264221191406,19.21174754056817,354288959
2010-11-02,18.397689819335938,18.723312331962376,18.356986034825997,18.723312331962376,165795570
2010-11-03,18.43839454650879,18.560502811182857,18.275584044506978,18.43839454650879,181364196
2010-11-04,18.641908645629883,18.641908645629883,18.47909814531277,18.519800382219344,107108566
2010-11-05,18.764020919799805,19.333861674438662,18.723318674193234,18.886130762001805,218154896
2010-11-08,19.293155670166016,19.293155670166016,18.804721054587603,18.804721054587603,151807278
2010-11-09,19.333860397338867,19.496672474392874,19.13034607736688,19.211752115893884,186787428
2010-11-10,19.211750030517578,19.252452269017457,18.845423673255183,19.252452269017457,170176318
2010-11-11,19.903701782226562,20.02581006776902,19.171048963589634,19.415267087365642,609203714
2010-11-12,19.048934936523438,19.537369484165705,19.008232704507677,19.537369484165705,181891552
2010-11-15,19.089637756347656,19.415260254087098,18.926825731132663,19.415260254087098,58157760
2010-11-16,19.048934936523438,19.211746969967734,18.682610190309706,19.211746969967734,66258996
2010-11-17,18.560504913330078,18.96753354347057,18.479100429454782,18.84542526496662,80271002
2010-11-18,18.9675350189209,19.048941061819626,18.723318442915836,18.845426730918366,58038403
2010-11-19,18.926828384399414,19.04893664408319,18.135564749989086,19.04893664408319,34120123
2010-11-22,18.682615280151367,18.967534087265467,18.64191148435575,18.926831844160894,42937986
2010-11-23,18.519798278808594,18.764014777892452,18.43839226155043,18.560500511092357,57604845
2010-11-24,18.479101181030273,18.64191170809364,18.31628910127584,18.519803424623348,71606551
2010-11-25,18.43839454650879,18.641908838529176,18.316286281834724,18.641908838529176,33543250
2010-11-26,18.356992721557617,18.43839876753991,18.234884428929774,18.356992721557617,36355685
2010-11-29,18.397689819335938,18.479095835665202,18.23487778667741,18.23487778667741,29478529
2010-11-30,18.275585174560547,18.438395686629594,18.072070869956047,18.35698965424961,56358898
2010-12-01,18.641908645629883,18.804720698637805,18.356988329211422,18.47909814531277,72802933
2010-12-02,18.519798278808594,19.089638846925112,18.397690029266663,18.926826812408784,151491194
2010-12-03,18.397689819335938,18.519798067484526,18.316283803006673,18.356986034825997,90298637
2010-12-06,18.275585174560547,18.601207751389563,18.234881382025094,18.56050395885411,43998297
2010-12-07,18.275585174560547,18.397693446785063,18.072070869956047,18.194179142180563,33546242
2010-12-08,18.316286087036133,18.479098139997223,18.23488006055559,18.356988323931002,54554172
2010-12-09,18.234882354736328,18.397694428181254,18.194180112720602,18.31628839145879,30037818
2010-12-10,18.112770080566406,18.23487833236917,18.03136406180101,18.112770080566406,37053699
2010-12-13,18.153474807739258,18.316286867639064,18.07207033048023,18.194178599059647,37861133
2010-12-14,17.990659713745117,18.19417396038773,17.990659713745117,18.112767951192588,29359733
2010-12-15,17.990659713745117,18.112767951192588,17.868551476297647,18.03136194199745,59685146
2010-12-16,17.82785415649414,18.031368476894052,17.787151913490575,17.990666233890487,54384062
2010-12-17,18.194177627563477,18.316285889622804,17.868555077841673,17.909257314297854,44284986
2010-12-20,18.031368255615234,18.19418033101357,17.90925997541199,18.19418033101357,21985958
2010-12-21,17.990659713745117,18.15347017944492,17.949955932802308,18.07206572294026,16351247
2010-12-22,17.787147521972656,18.031364025080848,17.70574150337304,17.949958006481232,57414850
2010-12-23,17.868555068969727,18.031365567404393,17.787149043407,17.909257305405696,38906764
2010-12-24,17.868555068969727,17.909257305405696,17.787149043407,17.827851279842967,10826496
2010-12-28,17.82785415649414,17.86855795218875,17.705745874792402,17.82785415649414,15953600
2010-12-29,17.949960708618164,18.07207053124499,17.82785243868223,17.868556230454804,24665722
2010-12-30,18.072071075439453,18.1534755560541,17.949961249135598,18.1534755560541,16080410
2010-12-31,17.787147521972656,18.153472276634943,17.62433548477342,18.153472276634943,9596693
2011-01-03,18.112770080566406,18.153472313603775,17.909255809998246,17.990661828763642,13705173
2011-01-04,18.356992721557617,18.56050706016775,18.19418218228422,18.56050706016775,26916819
2011-01-05,18.275585174560547,18.397693446785063,18.194179142180563,18.397693446785063,24733753
2011-01-06,18.153474807739258,18.438395136218485,18.07207033048023,18.438395136218485,27148821
2011-01-07,18.153474807739258,18.27558462900955,18.031366539159837,18.194178599059647,26760325
2011-01-10,17.70574378967285,18.153474620749154,17.70574378967285,18.153474620749154,41090320
2011-01-11,17.665042877197266,17.78715115368295,17.583636841976485,17.74644735972707,38631111
2011-01-12,17.461532592773438,17.665046951417924,17.25801823412895,17.665046951417924,51594412
2011-01-13,17.70574378967285,17.78714981878423,17.58363552235121,17.62433776056147,51894290
2011-01-14,17.420822143554688,17.705742447500896,17.380119908429833,17.705742447500896,42996316
2011-01-17,17.258012771606445,17.50222930360365,17.095200715147747,17.4208232753743,42672095
2011-01-18,17.217309951782227,17.46152805023821,17.17660771171836,17.258013744537024,27095600
2011-01-19,17.70574378967285,17.74644602788311,17.380121225918188,17.46152725502957,46643105
2011-01-20,17.70574378967285,17.86855584789561,17.54293173145009,17.54293173145009,36944669
2011-01-21,17.583637237548828,17.7464477589621,17.583637237548828,17.624339479729393,19082580
2011-01-24,17.82785415649414,17.990666233890487,17.58363759309066,17.746448117795968,31604657
2011-01-25,17.746444702148438,17.90925674820845,17.624336443948803,17.827850725178443,17308848
2011-01-26,17.665042877197266,17.86855718890373,17.502230806755705,17.827853394947848,15574800
2011-01-27,17.82785415649414,17.909260195192314,17.746448117795968,17.86855795218875,20100338
2011-01-28,17.624338150024414,17.90925848186499,16.93238921632327,17.90925848186499,18614425
2011-01-31,17.461532592773438,17.624343148074225,17.33942273543368,17.461532592773438,27054564
2011-02-01,17.502233505249023,17.624341800561357,17.339421409705103,17.461531257708653,19244687
2011-02-02,17.583637237548828,17.705745516781533,17.502231200496688,17.624339479729393,14623381
2011-02-07,17.90925407409668,17.949956303188877,17.78714583412958,17.827848063221772,40023172
2011-02-08,18.234882354736328,18.275586149443065,17.909259760537484,17.990665797259947,35337898
2011-02-09,17.949960708618164,18.316287071116857,17.909258469536482,18.316287071116857,47666371
2011-02-10,17.949960708618164,18.27558483203518,17.909258469536482,17.949960708618164,47867000
2011-02-11,18.275585174560547,18.397693446785063,18.072070869956047,18.194179142180563,42156075
2011-02-14,18.234882354736328,18.275586149443065,18.031368039275677,18.031368039275677,24880077
2011-02-15,18.275585174560547,18.31628741440508,18.194179142180563,18.234881382025094,20133304
2011-02-16,18.031368255615234,18.316288611216812,17.949962217916067,18.316288611216812,14047991
2011-02-17,17.787147521972656,18.072067810725986,17.746443736327517,18.031364025080848,25005151
2011-02-18,17.746444702148438,17.949958983378078,17.665040231809176,17.90925674820845,18877811
2011-02-21,17.624338150024414,17.746446420044403,17.54293211911412,17.746446420044403,24000367
2011-02-22,17.502233505249023,17.583639553020983,17.339421409705103,17.502233505249023,15120699
2011-02-23,17.380123138427734,17.58363745725548,17.339419343047567,17.542933661875313,16645527
2011-02-24,17.176607131958008,17.502229699551016,17.09520110188704,17.298715400719026,31586382
2011-02-25,18.153474807739258,18.39769289758897,17.705743972051096,17.90925827058042,101770244
2011-02-28,18.479101181030273,18.560505668216425,18.234883061398623,18.397695141153054,70573760
2011-03-01,18.43839454650879,18.682612628547748,18.35698851916247,18.51980057385511,52176705
2011-03-02,18.275585174560547,18.31628741440508,18.031367077420594,18.234881382025094,24220188
2011-03-03,18.560504913330078,18.60120870795873,18.275586114384534,18.275586114384534,29960222
2011-03-04,18.60120391845703,18.723312165520127,18.47909567139393,18.723312165520127,40771345
2011-03-07,18.72331428527832,18.92682857098787,18.641908260456347,18.88612633492227,48159247
2011-03-08,19.455957412719727,19.496661184759038,18.804712586992174,18.845414806341346,135198458
2011-03-09,19.293155670166016,19.618778229654676,19.17104585175328,19.537372201609802,52142005
2011-03-10,19.293155670166016,19.455966173564928,19.04893758603139,19.455966173564928,27836410
2011-03-11,18.804719924926758,19.211748488008762,18.56050185546311,19.130342464854213,50362079
2011-03-14,18.682615280151367,18.80472356215613,18.316288881446027,18.64191148435575,39384354
2011-03-15,18.479101181030273,18.601209464500567,17.70574613123331,18.560505668216425,70838311
2011-03-16,18.804719924926758,18.926828183313212,18.519799620231204,18.723313901772208,55554818
2011-03-17,18.519798278808594,18.682610313324922,18.43839226155043,18.560500511092357,55259267
2011-03-18,18.397689819335938,18.68261010014305,18.27558157118735,18.68261010014305,40772916
2011-03-21,18.72331428527832,18.804720310100297,18.4383939747468,18.479097763503177,27554187
2011-03-22,18.804719924926758,18.84542216015866,18.64190787861766,18.84542216015866,26673180
2011-03-23,19.13034439086914,19.252452661549274,18.723315786808094,18.723315786808094,61491705
2011-03-24,19.455957412719727,19.496661184759038,19.21174099124443,19.33384920198208,70485245
2011-03-25,19.537372589111328,19.6187786187708,19.130343993504844,19.537372589111328,73641524
2011-03-28,19.455957412719727,19.700175386885164,19.21174099124443,19.21174099124443,37667798
2011-03-29,19.455957412719727,19.537363404108206,19.374551421331248,19.41525519337056,25826313
2011-03-30,19.415264129638672,19.65948066351957,19.37456033886462,19.65948066351957,25061926
2011-03-31,19.496673583984375,19.65948411761319,19.415267540824406,19.537375829218796,38490133
2011-04-01,19.659473419189453,19.862987639994085,19.61877119610464,19.862987639994085,46469449
2011-04-04,19.94440460205078,19.985106847509122,19.70018802391845,19.65948422576897,43728894
2011-04-06,20.229326248168945,20.270028496182253,20.06651415073325,20.270028496182253,45582950
2011-04-07,20.188615798950195,20.310725608159384,20.02580530782248,20.229319586250167,25688332
2011-04-08,19.700183868408203,20.188616921643952,19.578074052408457,20.066508658335014,38291868
2011-04-11,19.659473419189453,19.944393638853995,19.578067420329543,19.70017719496455,23141552
2011-04-12,19.57807159423828,19.700181394906245,19.49666713071379,19.659477610453386,26491617
2011-04-13,19.862995147705078,20.025807206963748,19.57807482034784,19.618778611507942,34113367
2011-04-14,20.14791488647461,20.2293209137258,19.822292330160657,19.944400594692038,29314550
2011-04-15,20.392131805419922,20.47353783422754,20.147915271687925,20.27002353855392,53813886
2011-04-18,20.921268463134766,21.328297020373256,20.677050397177236,20.677050397177236,75292895
2011-04-19,21.124780654907227,21.20618511616067,20.75845436850445,20.921266396392475,66450278
2011-04-20,21.043378829956055,21.287595367712406,20.758458500779724,21.246893128983306,50746894
2011-04-21,21.776031494140625,21.816733735670102,21.043380277773156,21.043380277773156,63300070
2011-04-26,21.08407974243164,21.69462260110837,20.92126924506565,21.53181210374238,40586627
2011-04-27,20.79916000366211,21.328298404565455,20.758457766373002,21.206188587316483,31061159
2011-04-28,21.08407974243164,21.57251433991118,21.00267371740325,21.206188003628828,36929589
2011-04-29,21.2875919342041,21.531809985261027,21.165483685020952,21.531809985261027,20843100
2011-05-03,21.246891021728516,21.7760278361817,21.16548499965324,21.531811322646607,26108795
2011-05-04,21.32829475402832,21.409699214673402,20.758454213369408,20.921266240040687,27937140
2011-05-05,21.81673240661621,21.81673240661621,21.12478502662196,21.287595535512594,40781469
2011-05-06,21.572511672973633,21.77602593403942,21.450403426872278,21.572511672973633,30063363
2011-05-09,22.345874786376953,22.50868532409049,21.653925731193713,21.653925731193713,70374275
2011-05-11,22.30516815185547,22.630790738578497,22.183059875920705,22.549386256415968,48015861
2011-05-12,21.81673240661621,21.979544468197737,21.572515866934815,21.979544468197737,53632253
2011-05-13,21.776031494140625,21.979545807169977,21.61321942264075,21.979545807169977,28810985
2011-05-16,21.572511672973633,21.93883796396829,21.450403426872278,21.857431949003857,21642508
2011-05-17,21.572511672973633,21.653917687938065,21.002671120913188,21.409699643044764,35910845
2011-05-18,21.49110984802246,21.735327940529732,21.409703817186703,21.49110984802246,19685274
2011-05-19,21.81673240661621,21.979544468197737,21.53181362788488,21.776030167566276,21361648
2011-05-20,21.572511672973633,21.898134180140776,21.53180944183671,21.898134180140776,15340820
2011-05-23,21.16548728942871,21.613218130244114,20.961972988568817,21.287595559406466,32561596
2011-05-24,21.246891021728516,21.287593256420788,20.961970720810424,21.16548499965324,22375035
2011-05-25,21.2875919342041,21.368997951223076,20.921267186654653,21.165483685020952,24608494
2011-05-26,21.2875919342041,21.450403968242053,21.12478145285678,21.246889702039926,21718557
2011-05-27,21.735332489013672,21.776034736603734,21.24689775447684,21.409708297528304,22270060
2011-05-30,22.345874786376953,22.386577032632545,21.653925731193713,21.85744006785401,36552926
2011-05-31,22.345874786376953,22.50868532409049,22.142360449716655,22.2644687411746,47182529
2011-06-01,22.264461517333984,22.427272002222665,22.14235326549481,22.345867536123656,56331535
2011-06-02,22.264461517333984,22.264461517333984,21.938838994865964,21.979541227915465,46000189
2011-06-03,22.834300994873047,22.915707015271966,22.142353703208954,22.34586797786091,236795745
2011-06-07,22.467981338500977,22.671495659406435,22.14235873559045,22.14235873559045,80587625
2011-06-08,22.30516815185547,22.59008849749723,22.223762117001968,22.30516815185547,39732718
2011-06-09,22.752893447875977,22.793595676221607,22.183052934894242,22.183052934894242,53252119
2011-06-10,22.793598175048828,22.956410211661154,22.467975654514834,22.793598175048828,43267064
2011-06-13,22.915712356567383,22.95641615259961,22.508683712391438,22.63079199510601,30383619
2011-06-14,22.8750057220459,23.200628264340597,22.630787650806806,22.71219367455317,27779622
2011-06-15,22.183055877685547,22.875004720188187,22.183055877685547,22.712192679826146,37009566
2011-06-16,21.246891021728516,21.857433858256975,21.08407897757797,21.857433858256975,93786301
2011-06-17,21.043378829956055,21.328299159132385,20.799160739508824,21.246893128983306,38153759
2011-06-20,21.043378829956055,21.40970363659058,20.63635023190155,21.08408106868515,25881764
2011-06-21,21.572511672973633,21.653917687938065,21.124780919705135,21.328295180770922,34850231
2011-06-22,21.694622039794922,21.979542343677032,21.40970173591281,21.73532582760136,31848976
2011-06-23,21.81673240661621,21.938842229147802,21.409703805353292,21.53181362788488,27210008
2011-06-24,21.9388427734375,22.020247253556967,21.735328467756972,21.898138980686834,21593908
2011-06-27,21.898136138916016,21.97954216116217,21.572513602622127,21.613215837399842,25133897
2011-06-28,21.776031494140625,21.9388435656405,21.45040890383186,21.816733735670102,20530087
2011-06-29,21.81673240661621,21.979544468197737,21.694624136775513,21.898138437406974,21160041
2011-06-30,21.9388427734375,22.101653286367366,21.735328467756972,21.81673294787644,25066384
2011-07-04,22.264461517333984,22.38656976917316,22.10164947975464,22.14235326549481,32753533
2011-07-05,22.467981338500977,22.630791863610717,22.223763221799796,22.386575299600583,21992190
2011-07-06,22.223758697509766,22.793599301113908,22.14235422787266,22.590085021639677,32105343
2011-07-07,22.590089797973633,22.75290187705347,22.14235890954067,22.14235890954067,35830557
2011-07-08,22.752893447875977,22.915703913948985,22.630783657458117,22.712189666839862,23433261
2011-07-11,22.345874786376953,22.712199660750784,22.305170987430195,22.671497414495192,11763659
2011-07-12,21.531808853149414,22.142351619654328,21.45040284041065,22.020241824200905,32028392
2011-07-13,21.776031494140625,21.9388435656405,21.45040890383186,21.45040890383186,23026189
2011-07-14,21.65391731262207,21.77602555660699,21.450403055083687,21.735323326175536,22487938
2011-07-15,21.16548728942871,21.49110986026636,21.043379019450953,21.49110986026636,37554439
2011-07-18,21.32829475402832,21.61321347166722,21.002670700685766,21.002670700685766,18918220
2011-07-19,21.735332489013672,21.776034736603734,21.165491706605497,21.369006049938243,21682227
2011-07-20,21.857433319091797,21.979541572847253,21.572513025201935,21.735325065336337,20491602
2011-07-21,21.735332489013672,21.938846832346417,21.694628688732394,21.816736984193795,16368969
2011-07-22,21.898136138916016,21.97954216116217,21.572513602622127,21.857433904138304,25217960
2011-07-25,22.264461517333984,22.712192291641184,21.61321491970728,21.61321491970728,36543923
2011-07-26,22.590089797973633,22.630792041398063,22.22376339638953,22.345873232044937,20083976
2011-07-27,22.386571884155273,22.46797791063582,22.30516585767473,22.386571884155273,12175398
2011-07-28,22.54938316345215,22.630787634448915,22.060948574017768,22.060948574017768,24817798
2011-07-29,23.322738647460938,23.60765898017363,22.875007805120212,23.60765898017363,119266087
2011-08-01,24.055389404296875,24.340309732056053,23.689064599484396,23.892578897499398,87704112
2011-08-02,23.5262508392334,24.014685429697604,23.444844815374235,23.81117114639508,38186348
2011-08-03,23.07851791381836,23.200626162027753,22.79359763286937,23.200626162027753,47788244
2011-08-04,22.915712356567383,23.444849283457895,22.63079199510601,23.444849283457895,36557386
2011-08-05,21.531808853149414,21.9795395941768,20.67704804842821,21.89813358143803,143878585
2011-08-08,21.9388427734375,22.14235707911803,20.880567452284186,20.961973485094585,68701953
2011-08-09,20.717754364013672,21.57251372054383,20.229319780557553,20.67705057632273,107861134
2011-08-10,20.6363525390625,21.40970603021308,20.554946499812164,21.002677386652444,60198134
2011-08-11,20.685407638549805,21.012450913979105,20.194845844321677,20.358365922578415,44961440
2011-08-12,21.053329467773438,21.38037116703175,20.889807838415365,21.175969910063074,34863159
2011-08-15,21.58477210998535,21.952694990959557,21.33949122897442,21.421252042463998,47997561
2011-08-16,21.870933532714844,22.15709559176341,21.7074119105563,22.07533478068414,35615034
2011-08-17,22.320615768432617,22.606777828942324,22.034455267380686,22.075334893400168,41278320
2011-08-18,22.07533073425293,22.484133155257613,22.034451115935454,22.11621035257041,31779666
2011-08-19,21.175968170166016,21.625651834224097,21.094207362204752,21.339489786088535,41652393
2011-08-22,20.767166137695312,21.503010306300936,20.153962403947666,21.257729436584974,52782103
2011-08-23,21.012449264526367,21.13508970345627,20.194844259049976,20.808048013157272,51688170
2011-08-24,20.889808654785156,21.216851926282093,20.726288578494582,21.012450661325452,28159746
2011-08-25,21.135087966918945,21.25772839577225,20.93068673234421,20.93068673234421,24853584
2011-08-26,20.767166137695312,20.971567382277858,20.481004083388196,20.930687757144444,28434408
2011-08-29,21.053329467773438,21.175969910063074,20.889807838415365,21.175969910063074,24360392
2011-08-30,22.116214752197266,22.197975564554554,21.29860974753995,21.380370559897237,54495370
2011-08-31,22.361495971679688,22.48413640380892,21.911812307928887,22.034454299515826,55872706
2011-09-01,22.15709686279297,22.97470190157162,22.034456418867745,22.72941945426331,38534813
2011-09-02,21.625652313232422,22.484136917196842,21.462130693687893,22.484136917196842,26030872
2011-09-05,21.29861068725586,21.66653357936789,21.175970243037803,21.339491874967116,19218533
2011-09-06,21.421249389648438,21.462129011601775,20.76716452219172,21.053326554237934,31312326
2011-09-07,21.993572235107422,22.075333039738723,21.503008966777255,21.584769771408556,33328591
2011-09-08,21.78917121887207,22.197973686616226,21.625651167449,22.197973686616226,18876536
2011-09-09,21.29861068725586,21.78917402358595,21.25773105900246,21.707413207621293,27652700
2011-09-12,20.194843292236328,20.68540502447064,20.11308248371137,20.64452539993702,57995530
2011-09-14,19.29547691345215,20.113081854196242,18.8866744430801,19.949560242264358,76017467
2011-09-15,20.153963088989258,20.276603528015837,19.458998521894912,19.458998521894912,51351505
2011-09-16,20.23572540283203,20.68540756577847,20.031324136136757,20.440126669527302,32297758
2011-09-19,19.867799758911133,20.194842988085423,19.786040511075253,20.194842988085423,25034626
2011-09-20,19.990446090698242,20.072205356288936,19.499882699863935,20.031325723493588,24421597
2011-09-21,19.377239227294922,19.745160543585662,19.21371760263829,19.663399731257346,36592786
2011-09-22,17.660266876220703,19.0501943275535,17.537626448082168,19.0501943275535,74874742
2011-09-23,18.35523223876953,18.641392731303362,17.292344839866285,17.660267700920816,57877393
2011-09-26,18.232593536376953,18.477876007838663,17.537630432547118,18.35523555183681,58395780
2011-09-27,18.559635162353516,18.968437685229514,18.355233900915515,18.641394419362424,44204304
2011-09-28,18.10995101928711,18.477873904877484,17.946430949714145,18.314352275846687,36923746
2011-09-30,18.232593536376953,18.88667856748351,17.905551800552676,18.1099530803751,52998779
2011-10-03,17.660266876220703,18.069069342987582,17.047063176070385,18.0281881606363,36952816
2011-10-04,16.303043365478516,17.333225803883565,16.221282557454426,17.210583812118575,52870932
2011-10-06,17.905550003051758,18.518753780960775,17.29234622514274,17.333227412678053,75892048
2011-10-07,18.764039993286133,19.336362698511106,18.477877860944567,17.946434792000606,73023264
2011-10-10,18.518756866455078,19.131960746532783,18.232594743860528,19.131960746532783,40785580
2011-10-11,19.131956100463867,19.622519397287604,19.05019529108362,19.622519397287604,45583521
2011-10-12,19.826921463012695,19.908682275782656,18.23259107210072,18.80491520203266,41990241
2011-10-13,19.949562072753906,20.440125394103966,19.745160818812867,20.440125394103966,58640874
2011-10-14,19.54075050354004,20.27659436461466,19.050187409671263,20.27659436461466,51906703
2011-10-17,19.254596710205078,19.908681631747687,18.96843621395404,19.908681631747687,45246965
2011-10-18,18.518756866455078,18.96844064752026,18.27347593820724,18.518756866455078,44022175
2011-10-19,18.92755699157715,19.213719076955297,18.559635647054876,18.559635647054876,27240737
2011-10-20,18.96843719482422,19.2545977058728,18.64139393741242,18.80491556611832,40746610
2011-10-21,18.804912567138672,19.131954212936524,18.723151765824813,18.92755298938067,19360496
2011-10-24,19.45899772644043,19.58163971991138,19.091076424400754,19.091076424400754,26164843
2011-10-25,19.254596710205078,19.581639950705256,19.091076649412734,19.581639950705256,24271312
2011-10-26,19.377239227294922,19.418118853730185,18.76403547401923,18.927555539218076,24307175
2011-10-27,19.54075050354004,19.70427205464866,18.968428193574038,19.41811011993712,51096480
2011-10-28,19.704282760620117,19.99044485081274,19.459000300687325,19.949563661094974,69977666
2011-10-31,19.704282760620117,20.15396493131,19.459000300687325,19.62252194064252,41053092
2011-11-01,19.786043167114258,20.113084880732284,19.45899989403833,19.45899989403833,39575843
2011-11-02,19.62251853942871,19.826919774214424,19.377237681468916,19.49987811044881,30115015
2011-11-03,19.213716506958008,19.622518985829455,19.13195569929218,19.295477314623838,27512097
2011-11-04,19.867799758911133,19.949560566204706,19.540758089194536,19.62251889648811,39372157
2011-11-07,19.990446090698242,20.194847373591035,19.745163615552073,20.072205356288936,38428233
2011-11-08,20.276599884033203,20.39924186047713,20.031319050060365,20.235720264856898,24434783
2011-11-09,20.317487716674805,20.52188899841307,20.235726892087897,20.4810078063906,22066338
2011-11-10,19.54075050354004,19.908673213805894,19.499870895491426,19.62251127909435,26489534
2011-11-11,19.581640243530273,19.78604149217064,19.540759058127538,19.78604149217064,11642911
2011-11-14,20.072200775146484,20.19484276445761,19.908680721827775,19.990441528215968,20656335
2011-11-15,19.663394927978516,19.99043809740326,19.581635695079736,19.99043809740326,11563903
2011-11-16,19.33635902404785,19.826922363489683,19.213718579051857,19.826922363489683,15045186
2011-11-17,19.418121337890625,19.62252261513158,19.009318783408716,19.21372006064967,14353130
2011-11-18,19.33635902404785,19.540760285527124,19.131957762568575,19.540760285527124,21196253
2011-11-21,18.845794677734375,19.213717552523253,18.72315423929068,19.213717552523253,16240127
2011-11-22,19.09107208251953,19.295473279207197,18.804910095265324,18.886670885831865,14330110
2011-11-23,18.92755699157715,19.13195825835327,18.682276095228968,19.05019743975124,16056374
2011-11-24,19.418121337890625,19.581642983466583,18.80491750616776,19.009318783408716,23383471
2011-11-25,19.33635902404785,19.418119840531133,18.88667687257659,19.009317317572584,11327280
2011-11-28,19.172834396362305,19.704277238081747,19.13195321810235,19.54075564395692,11496444
2011-11-29,19.377239227294922,19.418118853730185,19.091077163874708,19.21371760263829,12331841
2011-11-30,19.254596710205078,19.54075876591386,19.05019546462134,19.54075876591386,24582712
2011-12-01,19.663394927978516,20.07219733030204,19.581635695079736,20.031317713852648,45098331
2011-12-02,19.4998836517334,19.704284944603856,19.377243187902746,19.459002457484445,31000581
2011-12-05,19.663394927978516,19.867796129140277,19.499874902723548,19.663394927978516,19764820
2011-12-06,19.4998836517334,19.581644480773203,19.377243187902746,19.459002457484445,6579656
2011-12-07,19.826921463012695,19.867801089668777,19.581640584160603,19.70428102358665,13494484
2011-12-08,19.62251853942871,19.786040151040346,19.49987811044881,19.786040151040346,13609055
2011-12-09,19.213716506958008,19.622518985829455,19.13195569929218,19.295477314623838,10508828
2011-12-12,19.418121337890625,19.704283437919557,19.37724170622563,19.5407617923436,15149889
2011-12-13,19.131956100463867,19.54075858790736,19.05019529108362,19.213716909844113,15022090
2011-12-14,19.254596710205078,19.458997955788817,19.00931583928769,19.131956274746383,19829785
2011-12-15,18.600515365600586,19.050197530875895,18.396114097846734,19.00931790110829,31772685
2011-12-16,18.682273864746094,18.886675107118684,18.396111813532926,18.396111813532926,21950919
2011-12-19,18.600515365600586,18.804916633354438,18.35523446807913,18.55963573583298,18366214
2011-12-20,19.131956100463867,19.25459653480537,18.600513178678874,18.76403479743936,19634798
2011-12-21,19.54075050354004,19.62251127909435,19.377230511888506,19.62251127909435,13895401
2011-12-22,19.54075050354004,19.62251127909435,19.41811011993712,19.581631671045738,7259351
2011-12-23,19.74515151977539,19.826912294737888,19.581631529307465,19.62251113706018,8292308
2011-12-28,19.74515151977539,19.826912294737888,19.62251113706018,19.826912294737888,11488817
2011-12-29,19.704282760620117,19.786043580597713,19.459000300687325,19.62252194064252,13615995
2011-12-30,19.826921463012695,19.867801089668777,19.540759398046724,19.581640584160603,15603934
2012-01-03,20.113088607788086,20.276608715169242,20.031327774368414,20.113088607788086,17281323
2012-01-04,20.031326293945312,20.35836804399566,19.990446659985796,20.35836804399566,17814076
2012-01-05,20.072200775146484,20.276602011388132,20.072200775146484,20.276602011388132,7998290
2012-01-06,19.74515151977539,19.99043384466289,19.581631529307465,19.867791902490602,14853583
2012-01-09,19.54075050354004,19.826912438251583,19.254588568828495,19.826912438251583,26453015
2012-01-10,19.62251853942871,19.867799397388502,19.54075773362289,19.826919774214424,23572998
2012-01-11,19.581640243530273,19.826921118115607,19.499879432182574,19.826921118115607,18543715
2012-01-12,19.704282760620117,19.786043580597713,19.62252194064252,19.704282760620117,22561402
2012-01-13,19.54075050354004,19.78603283020297,19.41811011993712,19.70427205464866,15488343
2012-01-16,19.62251853942871,19.745158968408607,19.377237681468916,19.458996927817072,10231851
2012-01-17,19.949562072753906,19.9904432592168,19.58164075133472,19.78604200527576,21269148
2012-01-18,20.276599884033203,20.39924186047713,19.990439430884063,20.031319050060365,37502821
2012-01-19,20.971569061279297,21.053329877549704,20.399246466302177,20.44012609470845,55482627
2012-01-20,21.135087966918945,21.625651241789836,20.93068673234421,21.50300925347887,50087112
2012-01-26,21.543895721435547,21.62565654721537,21.053332326214665,21.462134895655726,44337026
2012-01-27,21.58477210998535,22.075335431465025,21.380370855990304,22.034455804449138,37774034
2012-01-30,21.094205856323242,21.543889488279135,20.971565432865305,21.380367884030157,26015782
2012-01-31,21.175968170166016,21.4212505940498,21.012448113701197,21.135088545914236,22759178
2012-02-01,21.462127685546875,21.952690915965164,21.175965671181412,21.6665289015997,27687926
2012-02-02,21.462127685546875,21.87093011765253,21.38036688723424,21.584768103287068,26481581
2012-02-03,21.380367279052734,21.58476849885144,21.257726859065023,21.257726859065023,13797332
2012-02-06,21.094205856323242,21.707409533070518,20.84892500940737,21.66652991173707,30400823
2012-02-07,21.053329467773438,21.625653611068856,20.84892821080476,21.25773072474211,28654254
2012-02-08,21.339488983154297,21.38036860586791,20.930686518187578,21.17596737338455,16143746
2012-02-09,21.462127685546875,21.543888483859508,20.971564455128586,21.175965671181412,28520791
2012-02-10,21.462127685546875,21.6665289015997,21.25772646949405,21.6665289015997,19848339
2012-02-13,21.870933532714844,22.07533478068414,21.421251410965493,21.62565265893479,27071898
2012-02-14,21.83005714416504,22.075338054318717,21.707415129630206,22.075338054318717,18768833
2012-02-15,21.95269203186035,22.034452834329038,21.707409624454296,21.707409624454296,23209533
2012-02-16,21.625652313232422,21.911812808248737,21.54389150346016,21.911812808248737,17167042
2012-02-17,21.78917121887207,21.911811647303786,21.54389036200864,21.870932024312435,8738216
2012-02-20,21.95269203186035,22.157093258303266,21.830051607886126,22.157093258303266,25247731
2012-02-21,22.15709686279297,22.19797649094876,21.789173971559435,21.95269560309831,17262367
2012-02-22,22.688539505004883,22.72941913258212,22.03445610702211,22.116215362176582,34869347
2012-02-23,22.402379989624023,22.484140813564952,21.993577429377385,22.44326118132349,24665414
2012-02-24,23.13821792602539,23.383500330425825,22.606775055677492,22.89293708108254,73917685
2012-02-27,23.95582389831543,24.119345508597455,23.547021432068014,23.628782237209027,69506784
2012-02-28,24.16022491455078,24.24198571895782,23.8740644383126,24.07846566960138,53439930
2012-02-29,24.037586212158203,24.405509078656348,23.833184966205398,24.405509078656348,33812616
2012-03-01,23.83318328857422,24.160224947186506,23.83318328857422,24.119345324656585,21991988
2012-03-02,23.874067306518555,24.078468562363895,23.628784863829456,24.078468562363895,32394321
2012-03-05,23.874067306518555,23.874067306518555,23.874067306518555,23.874067306518555,0
2012-03-06,21.870933532714844,22.27973602865344,21.748293095824817,22.197975217574164,1928902108
2012-03-07,22.484134674072266,22.52501429515118,21.58476897521786,21.666529776833272,189149783
2012-03-08,22.402379989624023,22.68854209368827,22.320619165683095,22.64766246144681,75799874
2012-03-09,22.361495971679688,22.56589721171431,22.23885553955045,22.56589721171431,34747433
2012-03-12,22.443262100219727,22.565902561423393,22.15709998443912,22.320620079557987,40810309
2012-03-13,22.606782913208008,22.647664107879443,22.361501983011873,22.484142448109942,25122608
2012-03-14,22.852054595947266,22.974695003047724,22.64765339762737,22.688533013508394,56423729
2012-03-15,23.21997833251953,23.30173913259559,22.93381631198211,23.015577112058168,63416763
2012-03-16,23.21997833251953,23.424379552980895,23.097337912134222,23.424379552980895,56941707
2012-03-20,22.64765739440918,22.97469905754474,22.443256160017246,22.97469905754474,36255670
2012-03-21,22.5250186920166,22.81118077380037,22.157097352115656,22.72941995622531,28500116
2012-03-22,22.688539505004883,22.892940761806727,22.56589906281534,22.688539505004883,31714146
2012-03-23,22.729419708251953,22.77030089632242,22.27973755568189,22.48413881766062,29703834
2012-03-26,22.565898895263672,22.974701405832008,22.48413808125844,22.974701405832008,17582544
2012-03-27,23.015583038330078,23.056464228623362,22.688541313273582,22.811181765237524,35588153
2012-03-28,22.974700927734375,23.056461740038184,22.770299676703747,23.01558055415739,26939878
2012-03-29,22.974700927734375,23.138220992884207,22.852060489007556,23.056461740038184,30028855
2012-03-30,23.260860443115234,23.301740065060365,22.525014772441974,22.7702971824856,39433552
2012-04-02,23.015583038330078,23.383505953679858,22.770302134402193,23.219984311422632,25223310
2012-04-03,22.933818817138672,23.301741677941898,22.688537949575007,23.301741677941898,20922971
2012-04-05,23.015583038330078,23.097343859458693,22.525019671016356,22.525019671016356,32317856
2012-04-10,22.8929386138916,23.015579044574483,22.770298183208716,22.8929386138916,20729111
2012-04-11,22.484134674072266,22.852057501612844,22.361494251377934,22.811176321076346,38081319
2012-04-12,22.320615768432617,22.56589820292284,22.116214519419653,22.4841373914261,35100357
2012-04-13,22.320615768432617,22.647659014419578,22.197975330916393,22.647659014419578,34858991
2012-04-16,22.034456253051758,22.19797632390224,21.911814250591597,22.116215508748077,23026513
2012-04-17,22.320615768432617,22.443257765406614,21.952694455883943,22.15709570489691,26705717
2012-04-18,22.606782913208008,22.688543743092758,22.443262812896627,22.525022083323254,20690208
2012-04-19,22.8929386138916,22.8929386138916,22.52501576238527,22.52501576238527,16386423
2012-04-20,22.8929386138916,23.219980282198513,22.770298183208716,23.219980282198513,25026827
2012-04-23,22.484134674072266,22.974697924307176,22.40237387245685,22.89293712269176,13211399
2012-04-24,22.320615768432617,22.606777828942324,22.27973614241313,22.361496953909874,22444805
2012-04-25,22.320615768432617,22.606777828942324,22.15709570489691,22.56589820292284,20422346
2012-04-26,22.19797706604004,22.484139148917844,22.07533661893752,22.402378331030203,23734698
2012-04-27,22.07533073425293,22.40237235916518,21.911809142068066,22.279731944755273,19781386
2012-04-30,22.565898895263672,22.729418963816315,22.075335570690104,22.075335570690104,25235905
2012-05-02,23.05646324157715,23.138222499747698,22.811180788691843,22.974702423948713,29251752
2012-05-03,23.097341537475586,23.219981977110447,23.0564619107499,23.17910235038476,19650644
2012-05-04,23.05646324157715,23.097342870662423,22.770301159606568,23.015582053033988,16787392
2012-05-07,22.19797706604004,22.606779596020363,22.07533661893752,22.484139148917844,31320532
2012-05-08,22.15709686279297,22.32061693487399,22.116215675179326,22.32061693487399,21302568
2012-05-09,22.19797706604004,22.23885825471281,21.87093535394736,22.034456989722646,27453468
2012-05-10,22.214462280273438,22.461746938793997,21.884747305982668,22.09081837881564,26831129
2012-05-11,21.843528747558594,22.008386197173746,21.637457721638228,21.92595747236617,31469277
2012-05-14,21.843528747558594,22.21445722309411,21.761100022751016,22.008386197173746,26872608
2012-05-15,22.0908203125,22.214464224780766,21.678678130757852,21.71989329225066,26215380
2012-05-16,21.7611026763916,22.296887094680926,21.513818044011096,22.296887094680926,50870728
2012-05-17,21.51382064819336,21.92596280018098,21.431391903356328,21.92596280018098,44195352
2012-05-18,21.307748794555664,21.43139112120001,20.93682024242513,21.307748794555664,56695289
2012-05-21,21.431392669677734,21.5962501652466,21.22532158631545,21.3489639218933,18430902
2012-05-22,21.26653480529785,21.76110571122985,21.142892471864243,21.76110571122985,26443266
2012-05-23,20.93682289123535,21.22532273803655,20.689538206661574,21.142893985779395,38990440
2012-05-24,20.524682998657227,21.101682756820214,20.359827047894843,21.060467589981226,52941224
2012-05-25,20.359819412231445,20.6483176109179,20.112533220532285,20.60710403173334,40345251
2012-05-28,20.31861114501953,20.524682255156034,20.194968793377193,20.359826310365513,27747124
2012-05-29,20.73074722290039,20.813175956971428,20.27739154380569,20.27739154380569,51413769
2012-05-30,20.73074722290039,21.10167574012139,20.648318488829354,20.895604691042465,89290195
2012-05-31,20.854393005371094,20.978036913134606,20.56589474644982,20.689537082015736,167639269
2012-06-01,20.81317901611328,21.01925009548074,20.689536682932317,20.854392603107744,99505578
2012-06-04,20.31861114501953,20.359826310365513,19.824040166252367,20.194968793377193,48106623
2012-06-05,20.77196502685547,20.89560735764201,20.607107537675056,20.77196502685547,29554949
2012-06-06,20.854393005371094,21.060464088713484,20.77196582979221,20.813179417581654,31146076
2012-06-07,21.101682662963867,21.18411142407736,20.854396379623388,20.854396379623388,21401166
2012-06-08,21.06046485900879,21.390179862174158,20.978037680415103,21.390179862174158,17493555
2012-06-11,21.472604751586914,21.596248650691155,21.225320097773402,21.555033493590578,26627466
2012-06-12,21.39017105102539,21.513813340182214,21.14288490051474,21.184100045031688,32964763
2012-06-13,21.39017105102539,21.43138462334533,21.266527189671564,21.39017105102539,24878087
2012-06-14,21.307748794555664,21.39017753638439,21.184106467911313,21.184106467911313,27369971
2012-06-15,21.431392669677734,21.555035005255586,21.307750334099882,21.513821417462168,25583907
2012-06-18,21.67867660522461,21.967176426581847,21.43139194245986,21.67867660522461,52407511
2012-06-19,21.67867660522461,21.967176426581847,21.555034273842235,21.925962840186905,18077707
2012-06-20,21.596248626708984,21.92596202216002,21.596248626708984,21.76110453833576,16854725
2012-06-21,21.39017105102539,21.84352663533274,21.348955906508447,21.761097918495857,17922447
2012-06-22,21.307748794555664,21.555033447844362,21.060462569069482,21.060462569069482,34509156
2012-06-25,21.019248962402344,21.307748772404224,20.936820220659307,21.18410644588841,15014772
2012-06-26,21.225322723388672,21.30775147558894,20.93682287678657,20.93682287678657,18498865
2012-06-27,21.34896469116211,21.390179852638234,21.14289360037445,21.266535940407515,16375533
2012-06-28,21.06046485900879,21.637464542350532,20.936822518920604,21.637464542350532,16228802
2012-06-29,21.843528747558594,22.049599773478956,21.019244643877137,21.184102093492292,33673111
2012-07-03,22.544174194335938,22.709030098402472,22.090816920708786,22.296887979940013,40200854
2012-07-04,22.379322052001953,22.544179567558352,22.173250943655347,22.544179567558352,14073277
2012-07-05,22.379322052001953,22.544179567558352,21.96717983530874,22.173250943655347,16351359
2012-07-06,22.956315994262695,23.03874473125091,22.420531562135384,22.66781620090264,23005884
2012-07-09,22.296890258789062,22.8738899124876,22.13203433787346,22.709032419374424,20624198
2012-07-10,22.544174194335938,22.750245253567165,22.255674396972733,22.255674396972733,14448121
2012-07-11,22.7502498626709,22.915105800136544,22.296892497195476,22.420536415541875,10471161
2012-07-12,22.296890258789062,22.667818832194918,22.17324792505297,22.667818832194918,12974535
2012-07-13,22.420530319213867,22.544172631743166,22.255672854376602,22.502957479435196,11134463
2012-07-16,22.296890258789062,22.544176498458825,22.13203433787346,22.420534164722728,11703441
2012-07-17,22.7502498626709,22.873892208819566,22.420536415541875,22.420536415541875,14205268
2012-07-18,22.791467666625977,22.997538805695285,22.37932538848736,22.915110035627958,12343543
2012-07-19,22.832674026489258,22.91510119254941,22.544174228686465,22.544174228686465,16512692
2012-07-20,22.997529983520508,23.038745138842472,22.66781660193189,22.7502453403784,12309159
2012-07-23,22.00839614868164,22.626609505979463,21.843538624523074,22.626609505979463,21798120
2012-07-24,22.049606323242188,22.667819584641503,21.92596398540185,22.667819584641503,14886536
2012-07-25,21.967174530029297,22.090816850736918,21.678674733579907,21.884745792158412,16838795
2012-07-26,22.0908203125,22.296891403371074,21.925964383121734,22.0908203125,15873912
2012-07-27,22.049606323242188,22.873890671774607,21.92596398540185,22.667819584641503,29837833
2012-07-30,22.62660789489746,22.750250243113747,22.338108034260955,22.420536790471065,32199679
2012-07-31,22.46174430847168,22.667815357173257,22.4205307276103,22.58538662325316,19110526
2012-08-01,22.338104248046875,22.667817644804536,22.338104248046875,22.46174657530631,20483285
2012-08-02,22.255672454833984,22.296886034204768,22.04960141358552,22.13203014452436,15768505
2012-08-03,22.049606323242188,22.090819911789758,21.59625056042841,21.59625056042841,18279664
2012-08-06,22.214462280273438,22.502960524481587,22.173247122388332,22.461746938793997,18275690
2012-08-07,22.13203239440918,22.25567471728796,21.967174915772517,22.25567471728796,18929016
2012-08-08,22.0908203125,22.296891403371074,21.884749221628926,22.214464224780766,22370171
2012-08-09,22.234329223632812,22.358543035716153,21.98590002000182,21.98590002000182,14714879
2012-08-10,22.151517868041992,22.35854139951902,22.06870813955834,22.35854139951902,20438968
2012-08-13,22.317142486572266,22.44135631829412,21.820285580220286,21.94449941194214,16541524
2012-08-14,22.524158477783203,22.648372267658765,22.358539038306432,22.482752828181994,19609142
2012-08-15,22.482755661010742,22.648375121355578,22.35854185548423,22.648375121355578,21161334
2012-08-16,22.482755661010742,22.731184851527996,22.23432804995772,22.60696946653725,16833332
2012-08-17,22.524158477783203,22.648372267658765,22.317134968169256,22.648372267658765,15409556
2012-08-20,22.648374557495117,22.648374557495117,22.234327496405495,22.358541298839544,12529235
2012-08-21,22.44135093688965,22.606968812982334,22.31713713495409,22.606968812982334,11332093
2012-08-22,22.19292449951172,22.441353713585467,21.98590094418245,22.19292449951172,18136978
2012-08-23,22.234329223632812,22.317138958176475,22.110115411549476,22.275733301172487,21402447
2012-08-24,22.151517868041992,22.23432759652564,21.820280533571587,22.06870813955834,23241367
2012-08-27,22.27573013305664,22.44134957858911,22.15151633863933,22.15151633863933,18299666
2012-08-28,22.234329223632812,22.358543035716153,22.15151948908915,22.192923566628824,12442768
2012-08-29,22.27573013305664,22.524159301355347,22.234326061405564,22.524159301355347,14392056
2012-08-30,21.985898971557617,22.234328163341736,21.944494895992385,22.19292250831226,15722201
2012-08-31,22.068708419799805,22.110114074299524,21.861684885693872,21.94449461522909,18220491
2012-09-03,21.77887535095215,22.027304541779788,21.61325746986462,21.86168508122803,23447562
2012-09-04,21.61325454711914,21.944491843965437,21.53044482804156,21.82027805508108,18697263
2012-09-05,21.654664993286133,21.86168856220754,21.447641424364726,21.571855249824672,21833017
2012-09-06,21.77887535095215,22.027304541779788,21.61325746986462,21.86168508122803,27281444
2012-09-07,23.269447326660156,23.269447326660156,22.64837667690658,23.02101811908012,758481839
2012-09-10,23.310850143432617,23.642087489484002,22.938208721423905,23.642087489484002,58314378
2012-09-11,22.7725887298584,23.145231722678133,22.60696927094647,23.145231722678133,37289023
2012-09-12,23.310850143432617,23.600683413526674,23.021016873338564,23.145232260139053,53013908
2012-09-13,23.269447326660156,23.600684690635862,23.186637590800146,23.476470876578013,27374896
2012-09-14,24.0975341796875,24.13893824526243,23.807700982271424,23.89051069288514,56914155
2012-09-17,23.890512466430664,24.387369187533952,23.683488964259627,24.387369187533952,20941488
2012-09-18,23.931921005249023,24.014730737478008,23.64208773217971,23.68349338802634,21916786
2012-09-19,23.766305923461914,23.973329488720417,23.68349618146562,23.93192382799004,24826778
2012-09-20,23.4350643157959,23.642087857735667,23.310850506524893,23.600683781133423,24899644
2012-09-21,23.559280395507812,23.76630394351943,23.43506500312938,23.517874738226894,19195130
2012-09-24,23.683486938476562,23.683486938476562,23.186630259872246,23.310844034657364,13163417
2012-09-25,23.559280395507812,23.68349420842192,23.517874738226894,23.517874738226894,14292781
2012-09-26,23.393657684326172,23.55927713157607,23.06242036929048,23.18663416499585,19746718
2012-09-27,23.890512466430664,23.973322183191875,23.26944195991755,23.26944195991755,29301660
2012-09-28,23.931921005249023,24.014730737478008,23.559279579414994,24.014730737478008,28268822
2012-10-03,24.470182418823242,24.801421354822555,24.09754098502047,24.801421354822555,45999356
2012-10-04,24.387374877929688,24.718612242799384,24.34596922015576,24.718612242799384,18613443
2012-10-05,24.801420211791992,24.801420211791992,24.59439667606573,24.7600145569682,19991880
2012-10-08,24.594396591186523,25.008443661210105,24.4287771313914,24.96703800652921,14406446
2012-10-09,24.76001739501953,24.925636874369925,24.718613314914137,24.88423121480012,17229128
2012-10-10,24.51158905029297,24.67720694541435,24.304565496792968,24.51158905029297,20561752
2012-10-11,24.51158905029297,24.67720694541435,24.428779313000096,24.594398787585845,25095133
2012-10-12,24.221752166748047,24.677203285106373,24.138942441738134,24.55298948732357,23806220
2012-10-15,24.387374877929688,24.635802506715873,24.097541591369573,24.097541591369573,16447051
2012-10-16,24.428781509399414,24.677209164149875,24.263162019922767,24.677209164149875,9877764
2012-10-17,24.677200317382812,24.760010032433883,24.594392181795683,24.760010032433883,21800584
2012-10-18,24.842824935913086,24.8842290123539,24.67720547122129,24.801420859472273,20262207
2012-10-19,24.76001739501953,24.84282713469473,24.63580357523894,24.63580357523894,12679268
2012-10-22,25.008445739746094,25.049849818403995,24.42877916174935,24.42877916174935,16574881
2012-10-24,25.83653450012207,26.04355800868246,25.091248605733455,25.174058325050414,45765900
2012-10-25,25.75372886657715,26.084966216931036,25.75372886657715,25.919346752021955,24130895
2012-10-26,25.588109970092773,25.919347327804903,25.132658800671635,25.919347327804903,27793590
2012-10-29,25.091249465942383,25.463892425912093,25.008441323250516,25.256868910254273,21192238
2012-10-30,25.29827308654785,25.381082809047324,24.967035776014043,25.381082809047324,19995883
2012-10-31,25.422494888305664,25.54670871373127,25.174065657989974,25.463898970292707,14104585
2012-11-01,25.83653450012207,25.83653450012207,25.215463974440905,25.215463974440905,33508094
2012-11-02,26.333393096923828,26.4162028270579,25.919346025717704,26.209179291454838,31100364
2012-11-05,25.83653450012207,26.291985587169314,25.71231913141462,26.126366148535396,20196915
2012-11-06,25.795133590698242,25.96075305976545,25.546705966561742,25.629515701095347,21570234
2012-11-07,25.75372886657715,25.919346752021955,25.42249151622326,25.588109401668067,25637767
2012-11-08,25.422494888305664,25.79513636458248,25.256875401428537,25.58811279571831,23109674
2012-11-09,25.008445739746094,25.422492844182525,24.925636002965938,25.422492844182525,18208194
2012-11-12,25.25687026977539,25.25687026977539,24.884227289747137,25.25687026977539,10788326
2012-11-13,25.008445739746094,25.25687337062221,24.925636002965938,25.25687337062221,11144677
2012-11-14,25.13265609741211,25.29827396872222,24.884226921250733,24.925632573676367,16775351
2012-11-15,24.925630569458008,25.049844357818852,24.760011132000873,24.801416781097164,16400447
2012-11-16,24.925630569458008,25.215463795275987,24.801416781097164,25.215463795275987,14477229
2012-11-19,24.884225845336914,25.298272874906342,24.801417702994286,25.298272874906342,16969937
2012-11-20,24.635801315307617,25.132658128315917,24.428777774842846,24.92563458785115,30721324
2012-11-21,25.04984474182129,25.09124881208827,24.7600115115603,24.8428212315583,18122675
2012-11-22,25.215465545654297,25.298273690667134,24.967036372223422,25.13265582117734,21642272
2012-11-23,25.13265609741211,25.174060170373604,24.884226921250733,25.049846372024984,19601800
2012-11-26,24.884225845336914,25.132655010757013,24.801417702994286,25.008441217779,15525973
2012-11-27,25.174057006835938,25.298270789575035,24.801415658618648,24.842819726377034,33480789
2012-11-28,25.04984474182129,25.38108204234926,24.925630951556304,25.298272322351256,22816583
2012-11-29,25.25687026977539,25.3396799963888,25.091250816548573,25.25687026977539,21184484
2012-11-30,24.967042922973633,25.298280328326054,24.842829093399544,25.21547216158635,78445063
2012-12-03,24.635801315307617,25.091252472544404,24.594397239000372,25.049848396237156,33212155
2012-12-04,24.51158905029297,24.884230498914352,24.345969575707223,24.51158905029297,26156501
2012-12-05,25.008445739746094,25.049849818403995,24.345969424969194,24.42877916174935,24195033
2012-12-06,24.925630569458008,25.008440288186573,24.59439327400775,25.008440288186573,122026468
2012-12-07,24.842824935913086,24.925634668258983,24.718611127126373,24.8842290123539,38266696
2012-12-10,24.76001739501953,25.17406451393111,24.677207655344333,25.132660433825716,18738343
2012-12-11,25.46389389038086,25.753727144863394,24.801419233961497,24.842823307688644,33920297
2012-12-12,25.505294799804688,25.71231830168448,25.298271297924895,25.54670044785903,21821196
2012-12-13,25.422494888305664,25.75373228259544,25.422494888305664,25.670922539156873,17884817
2012-12-14,26.20917320251465,26.333386979126175,25.42248489766573,25.42248489766573,31761298
2012-12-17,26.20917320251465,26.20917320251465,26.20917320251465,26.20917320251465,0
2012-12-18,25.339675903320312,26.167769876765657,25.2982702569697,25.67091317680567,1859866588
2012-12-19,25.174057006835938,25.588104002275553,25.04984322409684,25.588104002275553,95209103
2012-12-20,25.215465545654297,25.298273690667134,24.925632299717005,24.925632299717005,73379561
2012-12-21,25.091249465942383,25.21546483890834,24.84282187893863,25.04984539459645,49826285
2012-12-24,25.008445739746094,25.091253897061897,24.84282626618578,25.091253897061897,19177302
2012-12-27,25.04984474182129,25.629511202343263,25.008440671554304,25.38108204234926,35892949
2012-12-28,25.091249465942383,25.21546483890834,25.008441323250516,25.132655116752396,23283549
2012-12-31,25.04984474182129,25.17405853208627,24.925630951556304,25.008440671554304,18488811
2013-01-02,25.75372886657715,25.960752407981364,25.132658242364506,25.298276127809313,57462514
2013-01-03,25.670917510986328,26.002154840396543,25.463893982671923,26.002154840396543,39766505
2013-01-04,25.588109970092773,25.753729438680995,25.505300235798664,25.670919704386883,26053122
2013-01-07,25.29827308654785,25.629511976545746,25.25686901503016,25.54670225404627,31515052
2013-01-08,25.174057006835938,25.25686672181665,25.008439156338454,25.174057006835938,27527302
2013-01-09,25.174057006835938,25.215462654058264,25.008439156338454,25.008439156338454,29994424
2013-01-10,25.008445739746094,25.13265955518415,24.84282626618578,25.049849818403995,45974382
2013-01-11,24.801420211791992,25.049847822877815,24.718610481608643,25.008443747518257,40704306
2013-01-14,25.04984474182129,25.17405853208627,24.8428212315583,24.925630951556304,36552335
2013-01-15,25.215465545654297,25.422489067114633,25.0912501692068,25.298273690667134,42145816
2013-01-16,25.008445739746094,25.174063633842053,24.88423034484368,25.091253897061897,28815113
2013-01-17,24.801420211791992,25.174061628420727,24.677204826784852,24.884228362511113,38305164
2013-01-18,24.594396591186523,24.88422827663165,24.4287771313914,24.760014471517422,53624261
2013-01-21,24.470182418823242,24.55299215282307,24.26315887355582,24.38737426428772,50631463
2013-01-22,24.842824935913086,24.925634668258983,24.47018193008868,24.511587585993766,72931363
2013-01-23,25.29827308654785,25.463892531546797,24.92563170449635,24.92563170449635,57993172
2013-01-24,25.46389389038086,25.505297964108006,25.33968008973525,25.505297964108006,46151238
2013-01-25,25.546703338623047,25.546703338623047,25.21546601402667,25.463893612607915,42580902
2013-01-28,25.422494888305664,25.75373228259544,25.3396851448671,25.629518457169834,26178319
2013-01-29,25.339675903320312,25.42248561655763,25.215462123196293,25.256866190083,35057878
2013-01-30,25.588109970092773,25.670919704386883,25.215468534965744,25.215468534965744,29816963
2013-01-31,25.546703338623047,25.67091713791367,25.339679813317293,25.422489539332425,25306680
2013-02-01,25.422494888305664,25.712326621143912,25.298279483415577,25.58811279571831,30326553
2013-02-04,25.215465545654297,25.505297212127466,25.13265582117734,25.339679342637673,48647688
2013-02-05,24.884225845336914,25.256868803735028,24.801417702994286,25.132655010757013,25838579
2013-02-06,25.546703338623047,25.62951306463818,25.091250635271894,25.25687008730216,41487183
2013-02-07,25.795133590698242,25.96075305976545,25.712323856164637,25.91934740276649,53973735
2013-02-08,26.20917320251465,26.499006400917455,25.877935938395954,25.91934000411184,48241340
2013-02-14,25.83653450012207,26.209175867852355,25.54670127224472,26.167771797925887,46891280
2013-02-15,25.71232032775879,25.795130050928723,25.546702460883015,25.546702460883015,31714669
2013-02-18,26.002155303955078,26.04356095803463,25.670917968639664,26.002155303955078,20344144
2013-02-19,26.16777801513672,26.16777801513672,25.919348798161458,25.960754457389534,30297299
2013-02-20,26.706035614013672,26.706035614013672,26.333392624823148,26.58182023130736,49012044
2013-02-21,26.58182144165039,26.91306037133049,26.250585670898836,26.499013288694638,43064252
2013-02-22,26.457609176635742,26.664632717675257,26.167775903287566,26.664632717675257,21381072
2013-02-25,26.747438430786133,26.913057880296684,26.49901083598443,26.913057880296684,33793172
2013-02-26,26.126371383666992,26.70603795557371,26.08496730544409,26.4576103273076,30845218
2013-02-27,27.20288848876953,27.285699789765193,26.706033318508073,26.706033318508073,94653532
2013-02-28,27.823963165283203,27.989582632954964,27.327107921196525,27.741155010911623,130495601
2013-03-01,27.823963165283203,27.94817855576917,27.575535543239862,27.906774478583383,95605089
2013-03-04,27.699750900268555,28.072393912347767,27.45132327852528,27.86537036774027,39606893
2013-03-05,27.741153717041016,28.072392636935273,27.616938332348553,28.072392636935273,30801296
2013-03-06,27.492725372314453,27.741152976135968,27.244297768492938,27.741152976135968,40973690
2013-03-07,27.782560348510742,27.906775744632004,27.36851324001154,27.6997521903824,33401127
2013-03-08,27.989585876464844,28.07239719936143,27.90677771249723,27.989585876464844,27873665
2013-03-11,28.445032119750977,28.77627103552988,28.155200437640747,28.3208198955302,37379155
2013-03-12,28.320816040039062,28.817671187138984,28.279411970935403,28.817671187138984,23618156
2013-03-13,28.0723934173584,28.65205680489553,27.74115448825557,28.65205680489553,31644955
2013-03-14,28.155200958251953,28.196605033757805,27.782557960842336,28.196605033757805,21286152
2013-03-15,28.569244384765625,28.859076035242744,28.238005505139142,28.569244384765625,44707880
2013-03-18,27.6169376373291,28.155200078879023,27.451321340478398,28.155200078879023,38221257
2013-03-19,27.65834617614746,27.906773792079505,27.327107248952384,27.327107248952384,23379723
2013-03-20,27.65834617614746,27.906773792079505,27.45132263638267,27.616938941051682,29902831
2013-03-21,27.906770706176758,28.030982920943252,27.658343117715585,27.865366634587925,23932073
2013-03-22,27.865371704101562,28.320822892294757,27.78256038692996,28.1552034168803,23245938
2013-03-25,28.030982971191406,28.527841307932587,27.989578899528354,28.527841307932587,15159856
2013-03-26,27.906770706176758,28.113794223049094,27.534127744020914,28.113794223049094,28163395
2013-03-27,28.238014221191406,28.36222962912415,27.741158907318514,27.98958656425496,22269630
2013-03-28,28.155200958251953,28.196605033757805,27.782557960842336,28.196605033757805,19269207
2013-04-02,28.279420852661133,28.320824934768588,27.741158308477296,27.78256239058475,29910750
2013-04-03,28.4864501953125,28.817686078230782,28.19661524396318,28.817686078230782,20416665
2013-04-05,27.285703659057617,28.40362953013921,26.995868802864504,28.36222545323407,55993793
2013-04-08,27.078676223754883,27.244295666500562,26.83024863910042,27.244295666500562,31312405
2013-04-09,27.120079040527344,27.451317910700396,27.078674971487708,27.16148310956698,21754184
2013-04-10,27.03727149963379,27.244295008332582,26.91305613084329,27.078675569587936,26819813
2013-04-11,27.492725372314453,27.782557050284826,27.285701842641796,27.69974890198711,36207089
2013-04-12,27.492725372314453,27.741152976135968,27.36850999093951,27.57553352061217,14960338
2013-04-15,27.078676223754883,27.36850787936373,26.995864922917978,27.28569973745495,16486175
2013-04-16,26.706035614013672,26.91305914590525,26.499012082122093,26.664631539421038,32542489
2013-04-17,26.830251693725586,27.368510995269734,26.706036307792367,26.95446392073032,31097440
2013-04-18,26.788841247558594,27.12008013105107,26.664629035444992,27.037271989642004,16762552
2013-04-19,27.57553482055664,27.57553482055664,26.78884473892934,26.99586827836134,22239280
2013-04-22,27.45132064819336,27.906771770903692,27.45132064819336,27.906771770903692,22314084
2013-04-23,27.45132064819336,27.69974824613279,27.03727359865155,27.658344172964267,17212592
2013-04-24,27.534130096435547,27.616938246688036,27.120083027316216,27.32710656187588,21532311
2013-04-25,27.989585876464844,28.113801281345236,27.616942820752637,27.658350061665413,22146762
2013-04-26,28.362228393554688,28.610656039668655,28.279420231159666,28.403632474752197,31673050
2013-04-29,28.279420852661133,28.48644442212738,28.072397283194885,28.2380136116247,20601043
2013-04-30,28.5278377532959,28.900480669687543,28.362218328352082,28.5278377532959,32691769
2013-05-02,28.40363121032715,28.859082401082564,28.27941897226409,28.859082401082564,18625933
2013-05-03,28.320816040039062,28.734863048931658,28.155196604696428,28.610647682692687,15323835
2013-05-06,28.693464279174805,28.859080586176848,28.486440736493684,28.610652966745217,13454291
2013-05-07,29.314537048339844,29.35594112811449,28.693466374933735,28.77627453448303,27382577
2013-05-08,29.48015022277832,29.64576968313901,29.35593799670415,29.604365607780956,21207118
2013-05-09,29.521554946899414,29.811386608690405,29.107507910667604,29.811386608690405,15973920
2013-05-10,29.811386108398438,29.811386108398438,29.231719635616173,29.645766664899483,20304342
2013-05-13,29.314537048339844,29.81139232349321,29.273129809636398,29.81139232349321,21489850
2013-05-14,29.22838592529297,29.561949383883082,29.019909558948374,29.31177838048895,22048296
2013-05-15,29.436866760253906,29.645343158245925,29.228390362261884,29.645343158245925,14629288
2013-05-16,29.27008056640625,29.85381502847154,29.22838592935092,29.81212039141621,16440543
2013-05-20,30.395862579345703,30.437557226998763,29.687040844852863,29.72873867360363,36653701
2013-05-21,30.103988647460938,30.8128102633745,30.02059936610507,30.270770391269846,29106503
2013-05-22,29.937204360961914,30.47924094833573,29.77042264904052,30.020593626374325,13132381
2013-05-23,28.936521530151367,29.895510947949102,28.76973979367875,29.603645294944798,30640012
2013-05-24,29.14499282836914,29.27007672311104,28.853124045111755,28.853124045111755,12592107
2013-05-27,29.14499282836914,29.353469167368782,28.853124045111755,29.019905752530764,13784363
2013-05-28,29.395166397094727,29.60364275452093,29.019908317508207,29.061602952774095,12851710
2013-05-29,28.894824981689453,29.478556249120086,28.76973789232756,29.478556249120086,20455587
2013-05-30,28.728042602539062,28.978213594473438,28.43617379436833,28.644650151163102,23591084
2013-05-31,28.811439514160156,29.35347945802457,28.60296310207347,29.186697692135706,32386771
2013-06-03,28.6446533203125,29.186693180387103,28.47787476130226,28.81143506041985,28431490
2013-06-04,28.6446533203125,28.81143506041985,28.436176940452594,28.436176940452594,30049315
2013-06-05,27.685665130615234,28.51957068767535,27.35210163535229,28.352788940043876,44296857
2013-06-06,27.435489654541016,27.935831635271363,27.35209720368814,27.60226819405331,32056007
2013-06-07,27.268714904785156,27.72736236788403,26.8934567327597,27.602275250176362,39607166
2013-06-10,27.602275848388672,27.810752261687973,27.143628375349728,27.143628375349728,25423809
2013-06-11,27.685665130615234,28.102617909145295,27.35210163535229,27.518883382983763,32019499
2013-06-13,27.352102279663086,27.518884031223298,26.559892936123735,27.518884031223298,46476621
2013-06-14,27.560575485229492,27.85244431196655,27.227015201797514,27.518880847437615,30673897
2013-06-17,27.685665130615234,27.93583616151382,27.435494099716653,27.64397048898168,24495832
2013-06-18,27.602275848388672,27.769057615247636,27.435497262627322,27.769057615247636,20600110
2013-06-19,27.352102279663086,27.769055068014953,27.10193124287143,27.769055068014953,22386551
2013-06-20,26.76836585998535,27.06023469999403,26.684976580609785,26.684976580609785,41591623
2013-06-21,27.101932525634766,27.31040892967811,26.39311243377765,26.643285072958903,53658159
2013-06-24,26.393108367919922,26.93514661682189,25.85107011901795,26.68497560672821,37632679
2013-06-25,26.559892654418945,26.643283529314573,26.017854353420322,26.351416262454194,41459689
2013-06-26,26.976844787597656,27.310408298800596,26.559893579691387,27.060237255947094,48497736
2013-06-27,27.227014541625977,27.643967271628842,27.060232813405452,27.51888018018923,36583075
2013-06-28,27.393789291381836,27.60226562748397,27.22701076737728,27.51887636548169,22965578
2013-07-02,27.602275848388672,27.810752261687973,27.47719190906766,27.7273629688073,31288670
2013-07-03,26.76836585998535,27.68566383860207,26.684976580609785,27.602271378129405,34343531
2013-07-04,27.101932525634766,27.268714285088937,27.01854323645642,27.14362717022394,9903514
2013-07-05,27.727359771728516,27.810749054994066,27.477188740834627,27.5188833824674,15486165
2013-07-08,27.227014541625977,27.643967271628842,26.810061811623108,27.602269453751052,20426023
2013-07-09,27.769054412841797,28.102617908092242,27.31040699269537,27.477188740320592,24354989
2013-07-10,28.39448356628418,28.769741702977246,28.019225429591113,28.060923252299315,28979974
2013-07-11,29.186695098876953,29.270084383863388,28.76974231175014,28.76974231175014,36340592
2013-07-12,28.853126525878906,29.10330069906542,28.602955533789146,29.10330069906542,19387597
2013-07-15,28.436182022094727,28.97822197903371,28.311098080484122,28.89483268462664,20333564
2013-07-16,28.728042602539062,28.769737237678665,28.394479159228723,28.561260880883893,14234313
2013-07-17,28.68636131286621,28.811445276476572,28.436187023449015,28.728055967402998,14067900
2013-07-18,28.519563674926758,28.769734644310162,28.477869043545603,28.769734644310162,13893181
2013-07-19,28.811439514160156,29.10330839974007,28.47787916348002,28.686355575566704,26578287
2013-07-22,29.645339965820312,29.687034604709257,28.853129102542177,29.061605478083948,19408013
2013-07-23,29.72873306274414,29.97890408254412,29.56195132251179,29.6036459622956,25795307
2013-07-24,30.270771026611328,30.312465668164375,29.770428965780294,30.020599996195813,26666830
2013-07-25,29.770435333251953,30.229082850628107,29.72874068278102,30.18738820015717,23613932
2013-07-26,29.895511627197266,30.31246438730377,29.019911467193037,30.31246438730377,34375636
2013-07-29,29.978912353515625,30.22908344233605,29.27009055724344,29.7287412646952,23656432
2013-07-30,30.43755340576172,30.81281154972345,30.145687727734437,30.27077165499014,35244874
2013-07-31,30.64602279663086,30.85449914218617,30.437546451075548,30.52093571685904,25715891
2013-08-01,30.812820434570312,31.27146799561976,30.520951491285594,31.188078686737395,18278885
2013-08-02,30.97959327697754,31.104677204138287,30.85450616871948,31.021287919364454,16394573
2013-08-05,30.395862579345703,30.771120770418655,30.312470102941877,30.64603364636177,21067385
2013-08-06,29.812129974365234,30.229082841139576,29.728740673449536,30.145693540223874,26970540
2013-08-07,29.35348129272461,29.72873949415517,29.270088814019044,29.520263069037945,21600867
2013-08-08,29.344514846801758,29.804984493847787,29.260794254151893,29.470098929512442,22468664
2013-08-09,29.888715744018555,29.930576050796805,29.470106288762654,29.679411016390603,13355042
2013-08-12,30.30732536315918,30.432906284173004,29.63755086987532,29.63755086987532,16289060
2013-08-13,30.265457153320312,30.60034271564948,30.098012775287792,30.60034271564948,20975519
2013-08-14,30.265457153320312,30.265457153320312,30.265457153320312,30.265457153320312,0
2013-08-15,30.0561466217041,30.558476464168944,29.972422852136464,30.34917183085272,26040718
2013-08-16,30.349185943603516,30.474770059485532,29.88871617493067,30.09802090557621,11744213
2013-08-19,29.763126373291016,30.34918014588991,29.553821682629707,30.223596053998673,18667374
2013-08-20,28.884042739868164,29.804981955529133,28.549154010317473,29.7631216627692,46028504
2013-08-21,28.884042739868164,28.967763325388027,28.130544695246922,28.71659837509282,38034656
2013-08-22,28.758460998535156,29.051489459073927,28.339851649539096,28.339851649539096,66689773
2013-08-23,28.884042739868164,29.38637264045858,28.71659837509282,29.260791762178787,19545528
2013-08-26,28.800334930419922,29.09336030346359,28.591030180035293,29.051499992134072,12303860
2013-08-27,28.214269638061523,28.758459853854326,28.130545855353265,28.50729489320105,20001056
2013-08-28,27.921247482299805,28.0049712838784,27.544501553273765,27.795666570536614,34076354
2013-08-29,28.29799461364746,28.381718409334162,27.96310901210939,27.96310901210939,26173073
2013-08-30,28.50729751586914,28.67474190295477,28.297992830446113,28.67474190295477,23868030
2013-09-02,28.92591094970703,29.302660075134632,28.800330037055495,28.884050645489854,23232140
2013-09-03,29.218931198120117,29.302651782862633,29.093347127270757,29.302651782862633,22886608
2013-09-04,29.260791778564453,29.428236143433562,29.05148712091197,29.21893148578108,26612535
2013-09-05,29.679412841796875,29.930577891650763,29.42824779194299,29.72127315114971,27389703
2013-09-06,29.344514846801758,30.09801295559409,29.302654550476824,30.09801295559409,25625901
2013-09-09,29.302658081054688,29.88871188142304,29.009632777738652,29.72126748221261,20599393
2013-09-10,29.344514846801758,29.721263901197922,29.302654550476824,29.553819522162307,18350093
2013-09-11,29.5119571685791,29.637541242535406,29.428236581765344,29.637541242535406,20868668
2013-09-12,29.260791778564453,29.67940109386942,29.135207706478713,29.595677314567055,17618944
2013-09-13,29.428241729736328,29.511962331195583,29.21893703235196,29.344517934540843,20352427
2013-09-16,30.18174171447754,30.22360202212856,29.72127194284282,29.72127194284282,25776571
2013-09-17,29.888715744018555,30.139880778424754,29.8468554372403,30.098020471646503,14111549
2013-09-18,30.474756240844727,30.516616529245127,30.01428348723444,30.30731189350783,20285284
2013-09-19,31.060813903808594,31.2282582901639,30.851509219298464,31.144537693854264,46601236
2013-09-23,30.93524169921875,31.228267062350906,30.34918777921751,30.34918777921751,21110365
2013-09-24,30.85150718688965,31.144535642141573,30.642202516167913,31.144535642141573,13895021
2013-09-25,31.060813903808594,31.144537693854264,30.851509219298464,31.102677395699445,19006644
2013-09-26,31.018959045410156,31.102682850138365,30.80965432419452,30.977098739914346,15742600
2013-09-27,31.144542694091797,31.270123608718194,30.851514172490447,31.018958585728853,19132954
2013-09-30,30.516626358032227,30.97709606621519,30.432902560530398,30.72593106118233,23285171
2013-10-02,31.102680206298828,31.144540508236364,30.72593110138839,31.060816710624977,29995714
2013-10-03,31.102680206298828,31.646870518959403,30.93523580481238,31.646870518959403,42177948
2013-10-04,31.060813903808594,31.144537693854264,30.893372711189315,30.977093307498954,34911394
2013-10-07,30.642208099365234,30.977096911033126,30.558487493316463,30.893376304984354,21326680
2013-10-08,30.977096557617188,31.228261566634377,30.684071246053193,30.977096557617188,17230480
2013-10-09,31.2282657623291,31.270126070500076,30.80965629314577,30.80965629314577,12284989
2013-10-10,31.270116806030273,31.521284968115534,30.977091541911932,31.395700887072902,22615221
2013-10-11,31.814315795898438,31.89803640207729,31.47942698371021,31.605011086714896,25795894
2013-10-15,32.274776458740234,32.56780488559426,31.81430686652448,32.06547180830257,36719714
2013-10-16,31.981752395629883,32.232917346596494,31.7724477375351,32.19105705372466,28466776
2013-10-17,32.10733413696289,32.316638800681645,32.02361354896967,32.23291821268843,25137404
2013-10-18,33.53061294555664,33.57247324761375,32.48408942544728,32.609673525354935,59094493
2013-10-21,33.11199188232422,33.446880568375285,32.90268725197611,33.23757593802717,40948474
2013-10-22,33.405025482177734,33.57246665753846,32.98641615630451,33.070136743984875,35763752
2013-10-23,33.15386199951172,33.865499869931575,32.90269700737254,33.865499869931575,27838257
2013-10-24,32.735260009765625,33.781783708207456,32.2747902211986,33.781783708207456,35274504
2013-10-25,32.442230224609375,32.77711903990637,32.35850961765334,32.60967463225787,21430578
2013-10-28,32.40036392211914,32.60966859449234,32.31664013692835,32.31664013692835,16051405
2013-10-29,32.10733413696289,32.442222876407186,31.898029473244133,32.442222876407186,28353716
2013-10-30,33.02828598022461,33.07014628614329,32.27478769874188,32.4840924220719,19662089
2013-10-31,32.94456100463867,33.27944982756792,32.860840395774616,32.902700700206644,16707393
2013-11-01,33.27944564819336,33.36316624654343,32.65153157935952,32.65153157935952,14458264
2013-11-04,32.986419677734375,33.23758466132402,32.77711499245366,33.07014027435224,9544591
2013-11-05,32.442230224609375,33.07014435798891,32.35850961765334,33.07014435798891,12912518
2013-11-06,32.35850143432617,32.60966638541215,32.10733328950456,32.60966638541215,14313934
2013-11-07,32.149208068847656,32.40037310815775,31.93990333713312,32.40037310815775,12695481
2013-11-08,31.898027420043945,32.35850020557424,31.730586254835302,31.856167128741784,22032334
2013-11-11,32.735260009765625,32.86084413107339,31.81432043263157,32.1492092936277,23581432
2013-11-12,32.10733413696289,32.77711161585148,32.02361354896967,32.5259434644004,15694921
2013-11-13,31.646869659423828,32.06547905490228,31.60500935862323,31.814314056362456,17969007
2013-11-14,31.856170654296875,32.023615031772266,31.6468659808866,32.023615031772266,16870149
2013-11-15,32.31664276123047,32.48408715147367,31.814312784236957,31.814312784236957,16597054
2013-11-18,32.9026985168457,33.19572701589811,32.73525411649237,33.028282615544775,26635640
2013-11-19,32.94456100463867,33.48875454346457,32.902700700206644,33.070145111671266,28312428
2013-11-20,32.52594757080078,33.27944573281172,32.44222697223784,33.153861641231195,22054116
2013-11-21,32.48408889770508,32.609672995572474,32.19106359432953,32.31664449846065,15941223
2013-11-22,32.65153503417969,32.98642385048637,32.65153503417969,32.98642385048637,18085719
2013-11-25,32.65153503417969,33.11200476129903,32.60967473057546,33.11200476129903,13277728
2013-11-26,32.8189697265625,32.98641408514539,32.52594130060856,32.52594130060856,15513710
2013-11-27,32.86083984375,33.4468936771629,32.65153513136943,32.65153513136943,23215210
2013-11-28,32.986419677734375,33.279444959632954,32.77711499245366,32.986419677734375,16627468
2013-11-29,32.9026985168457,33.112003218853296,32.86083821519144,32.98642231389052,8108533
2013-12-02,33.07014083862305,33.15386143666942,32.81897585074781,33.07014083862305,13023595
2013-12-03,32.735260009765625,33.11200917995206,32.40037434250637,32.56781877300443,14293765
2013-12-04,32.274776458740234,32.77710953603192,32.2329161673998,32.651525468275125,26490262
2013-12-05,32.48408889770508,32.609672995572474,31.898035097217704,31.898035097217704,19219844
2013-12-06,32.10733413696289,32.442222876407186,32.065473842966284,32.23291821268843,16221433
2013-12-09,32.442230224609375,32.5259508315654,31.981760498878334,32.27478581696088,16509008
2013-12-10,32.23292541503906,32.735255442713935,32.107341311252135,32.735255442713935,16782413
2013-12-11,31.563146591186523,32.107336846538715,31.479422802392044,31.939895656421722,25417064
2013-12-12,31.646869659423828,31.939898152500486,31.395704660884004,31.56314905782263,22180797
2013-12-13,31.39571189880371,31.646876955246746,31.186407152811686,31.311991277901686,23287188
2013-12-16,31.102680206298828,31.563149915084335,31.060816710624977,31.311984909722817,14956924
2013-12-17,31.772443771362305,32.23291332294302,31.395694795074366,31.521278851748757,25324312
2013-12-18,31.6887264251709,32.06547547782031,31.479421750780773,31.479421750780773,20434864
2013-12-19,31.898027420043945,32.35850020557424,31.395697536946997,32.31663672053657,26694785
2013-12-20,31.646869659423828,32.31664405344211,31.395704660884004,32.31664405344211,20636573
2013-12-23,31.981752395629883,32.232917346596494,31.563143079440316,31.605003372312147,13258077
2013-12-24,32.10733413696289,32.14919762469521,31.7305882972577,31.981753254973064,13109374
2013-12-27,32.06547927856445,32.232923676671035,31.89803488045787,32.02361897747187,10241369
2013-12-30,32.23292541503906,32.40036982217616,32.107341311252135,32.40036982217616,9502144
2013-12-31,32.56782150268555,32.73526275348088,32.358516745454246,32.52595799624957,8280134
2014-01-02,32.94456100463867,33.02828480723924,32.567815071013904,32.81898009134258,25876972
2014-01-03,32.19105911254883,32.90269371809042,31.939894145518608,32.81897312699229,31469942
2014-01-06,31.898027420043945,31.981751196383776,31.772446546137463,31.898027420043945,20725739
2014-01-07,31.605003356933594,31.898028600629456,31.395698698940656,31.646863649785058,26409543
2014-01-08,31.563146591186523,31.77245127256875,31.39570220733355,31.437562504862797,22863720
2014-01-09,31.563146591186523,31.814311570097995,31.39570220733355,31.814311570097995,20547355
2014-01-10,31.47942352294922,31.8143122983207,31.437563224461798,31.77245199983328,10772608
2014-01-13,31.144542694091797,31.730596543557954,30.977098280853387,31.646872740070478,22259848
2014-01-14,30.93524169921875,31.311990875915043,30.851517885654612,30.977102009132352,15311964
2014-01-15,31.102680206298828,31.437565815535415,31.060816710624977,31.270121414048962,13350708
2014-01-16,31.814315795898438,31.856176098987866,31.144541365258384,31.144541365258384,16133673
2014-01-17,32.442230224609375,32.77711903990637,31.898036698185866,32.14920490652683,34268558
2014-01-20,31.856170654296875,32.4840846745277,31.730589766492226,32.40036408265794,19692845
2014-01-21,32.06547927856445,32.232923676671035,31.772453977180128,32.19106337557845,9638171
2014-01-22,32.06547927856445,32.316644278856195,31.730593676087548,31.730593676087548,11534818
2014-01-23,31.39571189880371,32.02362613677978,30.97710240681966,31.85618170123877,25668920
2014-01-24,30.977096557617188,31.39570597055796,30.89337595252358,31.39570597055796,28034239
2014-01-27,30.558486938476562,30.64220754300525,30.139877528360444,30.558486938476562,41797130
2014-01-28,30.0980224609375,30.684076375777597,29.72127328755909,30.64221287249574,44724393
2014-01-29,30.516626358032227,30.6422072636805,30.181737555497538,30.432902560530398,27349538
2014-01-30,29.93057632446289,30.474769898765995,29.595687479701486,30.474769898765995,32041153
2014-02-04,29.344514846801758,29.93056857655847,29.260794254151893,29.88870828023354,46026381
2014-02-05,29.846847534179688,29.93056812556806,29.30265410894775,29.637542861972918,28040706
2014-02-06,29.679412841796875,29.846857272945098,29.47010810129582,29.47010810129582,29311820
2014-02-07,29.846847534179688,30.098012502080643,29.637542861972918,29.637542861972918,34215310
2014-02-10,29.846847534179688,29.846847534179688,29.00962884535261,29.428238189766148,28607788
2014-02-11,30.977096557617188,31.14454096154077,29.595684217418093,29.595684217418093,33409375
2014-02-12,31.39571189880371,31.563156334344722,30.809657971278646,30.851518281729657,31634045
2014-02-13,31.060813903808594,31.186397992009084,31.018953605653774,31.144537693854264,22779892
2014-02-14,30.642208099365234,31.18640161989146,30.60034779634085,30.977096911033126,27888379
2014-02-17,30.89337730407715,31.311986735331654,30.725932892828045,30.977097912833447,16891924
2014-02-18,31.47942352294922,31.563147313660117,30.558484181281724,30.558484181281724,15908114
2014-02-19,31.730587005615234,31.939891660813924,31.35383798751048,31.60500293500179,20767503
2014-02-20,31.270116806030273,31.939894313276504,31.10267562295456,31.772449936464948,20765432
2014-02-21,31.2282657623291,31.730599041591177,30.51663094221216,31.730599041591177,31846568
2014-02-24,30.93524169921875,31.1864067524373,30.684076646000197,31.06082262895956,26157753
2014-02-25,31.018959045410156,31.52129229256964,30.977098739914346,31.395708182345622,20861830
2014-02-26,31.52128791809082,31.730592610259453,30.72592944910278,30.72592944910278,27074411
2014-02-27,31.605003356933594,31.81430801492653,31.52128277123067,31.730587429223608,25441971
2014-02-28,31.772443771362305,31.898024634301468,31.479415370367143,31.81430405900869,19414897
2014-03-03,31.060813903808594,31.772451747384647,31.018953605653774,31.730591449229827,16386561
2014-03-04,31.270116806030273,31.89803082377173,31.144535918723488,31.27011680603027,20114471
2014-03-05,31.311979293823242,31.898029803311392,31.228255511227974,31.898029803311392,15086904
2014-03-06,31.47942352294922,31.77245199983328,31.144537941313793,31.144537941313793,14615738
2014-03-07,31.2282657623291,31.646875231512432,31.144545145987156,31.47943080509174,14202488
2014-03-10,30.977096557617188,31.060817162710794,30.642207749770023,30.7259315486,20020805
2014-03-11,30.600345611572266,30.851510605522595,30.558485311536575,30.725929705415517,21226472
2014-03-12,30.391040802001953,30.80965018823817,30.307320202249176,30.64220579499645,25520303
2014-03-13,29.97243309020996,30.432902802047234,29.930572787995,30.39104249983227,26802506
2014-03-14,29.93057632446289,30.098020746843595,29.76313190208219,30.014296938784884,31547998
2014-03-17,29.846847534179688,30.39103776567578,29.763123749055474,29.93056812556806,14277230
2014-03-18,29.888715744018555,29.972436357575056,29.55382690231916,29.8468554372403,26498041
2014-03-19,30.0980224609375,30.34918751194414,29.804993906649003,30.056162151392545,22691377
2014-03-20,29.386377334594727,30.056154900685375,29.302656735701458,30.056154900685375,31432985
2014-03-21,29.386377334594727,29.679405818193416,29.218936136808193,29.470101127224122,45645952
2014-03-24,30.0561466217041,30.223587773368884,29.553813585504013,29.553813585504013,31836643
2014-03-25,29.763126373291016,30.223596053998673,29.72126607390598,30.223596053998673,32114458
2014-03-26,30.30732536315918,30.51663009191893,30.05616032739482,30.181741248408645,23790774
2014-03-27,30.474756240844727,31.10267014805662,30.30731189350783,30.935225800719724,27949250
2014-03-28,30.93524169921875,31.144546442523698,30.642213142349664,30.893381389305144,22974420
2014-03-31,30.809648513793945,31.605006943163808,30.725927918591218,31.605006943163808,19205355
2014-04-01,31.270116806030273,31.311980295535047,30.809647165100372,31.228256510261343,19547617
2014-04-02,31.646869659423828,31.73059345476126,31.270120564745973,31.395704660884004,27528431
2014-04-03,31.898027420043945,32.191055846630086,31.772446546137463,31.898027420043945,19710276
2014-04-04,32.02362060546875,32.14920470886712,31.856176198849735,31.898036502070386,17982843
2014-04-07,31.353837966918945,31.98175193210263,31.270114188653107,31.73058698477627,18265597
2014-04-08,31.898027420043945,32.02361148768593,31.270113469305006,31.52128160458899,16549973
2014-04-09,31.43756675720215,32.065480886282366,31.27012235070014,31.93989997670817,28388615
2014-04-10,32.19105911254883,32.23291940809789,31.479421313271402,31.814310065135583,27248340
2014-04-11,33.19572067260742,33.61432999663155,32.442222611869724,32.65152727388178,51395383
2014-04-14,33.02828598022461,33.57247634464069,32.98642567430593,33.07014628614329,28035020
2014-04-15,32.48408889770508,33.44689179805835,32.400368294951,33.15386330094653,29256343
2014-04-16,32.9026985168457,33.112003218853296,32.609673211529596,32.65153351318386,15844787
2014-04-17,32.69339370727539,33.40503160800165,32.400368402923355,33.36316811274883,16223061
2014-04-22,32.735260009765625,33.11200917995206,32.52595527007726,32.98642825238117,9364063
2014-04-23,31.981752395629883,33.153856564719284,31.898028616150594,33.153856564719284,29641052
2014-04-24,32.35850143432617,32.44222202010962,31.814308045526854,31.814308045526854,20665913
2014-04-25,31.6887264251709,32.31664044834128,31.6050058329092,32.191059559948734,21730959
2014-04-28,31.39571189880371,31.688737265697757,31.311991277901686,31.395711898803707,19066149
2014-04-29,32.52594757080078,32.65153166238131,31.395703521520492,31.395703521520492,25381265
2014-04-30,31.47942352294922,32.56781044603851,31.437563224461798,32.52594695381503,28703056
2014-05-02,32.02362060546875,32.232925315308414,31.64687148901007,31.939899999027453,19138662
2014-05-05,31.563146591186523,32.44222561424467,31.39570220733355,32.23292093286244,14548676
2014-05-07,30.93524169921875,31.228267062350906,30.725936955913802,30.977102009132352,29549539
2014-05-08,31.270116806030273,31.60500555965339,31.186396214492415,31.311980295535047,14799388
2014-05-09,31.39571189880371,31.563156334344722,31.186407152811686,31.395711898803707,13352508
2014-05-12,31.981752395629883,32.31663793234016,30.893368812284137,31.353838421345536,37679152
2014-05-13,32.391883850097656,32.47623642380093,32.096643406447356,32.30752805854996,18772406
2014-05-14,32.05447006225586,32.68712407664249,31.970117480808863,32.68712407664249,15220099
2014-05-15,32.18101119995117,32.476248535866254,31.970126469198792,32.307540107695225,12862937
2014-05-16,32.265350341796875,32.265350341796875,32.01228941405752,32.18099777183185,17588964
2014-05-19,32.05447006225586,32.43406311445678,31.88576168151715,32.34970731516506,12846068
2014-05-20,32.349700927734375,32.4762329927659,31.97011116832796,31.97011116832796,12886886
2014-05-21,32.05447006225586,32.47623940518028,31.970117480808863,32.34970731516506,27575693
2014-05-22,32.096649169921875,32.34971015431732,31.97012028664665,32.307533859892246,19163539
2014-05-23,32.18101119995117,32.34971641027658,31.970126469198792,32.307540107695225,10202927
2014-05-26,32.096649169921875,32.34971015431732,32.01229658107172,32.26535756546718,10680725
2014-05-27,32.096649169921875,32.47624225543755,32.0544728754968,32.34971015431732,10179917
2014-05-28,32.349700927734375,32.68711762258906,32.05446373311959,32.096640015515405,19605883
2014-05-29,32.47623825073242,32.72929920392245,32.26535358676663,32.26535358676663,13325888
2014-05-30,32.7714729309082,33.02453708215701,32.51841199750375,32.72929664498152,19773958
2014-06-03,33.108890533447266,33.31977518652655,32.51841286125639,33.31977518652655,18163253
2014-06-04,33.23542404174805,33.319776619469636,32.94018358403334,33.319776619469636,11531959
2014-06-05,32.98236083984375,33.235425016116785,32.81365567945462,33.19324550817483,9810229
2014-06-06,32.60276794433594,33.31977446207836,32.56058844036161,33.31977446207836,13460472
2014-06-09,32.94019317626953,33.15107789982804,32.77148475385363,32.898016875126935,7552380
2014-06-10,33.15107345581055,33.40413444658794,32.7293040652332,33.3197818556105,14859501
2014-06-11,33.02455139160156,33.10890400000468,32.85584295694959,33.066727695803124,10089902
2014-06-12,32.98236083984375,33.06671663788298,32.64494730122082,32.89800825964919,9783936
2014-06-13,33.15107345581055,33.3197818556105,32.7293040652332,32.77148036072192,7414487
2014-06-16,33.23542404174805,33.23542404174805,32.89800729517255,32.94018358403334,6069910
2014-06-17,32.7714729309082,33.0667133680837,32.26535106409929,32.98235757838598,19965064
2014-06-18,32.64494323730469,32.89800416422991,32.476234880073115,32.560587449766764,13656041
2014-06-19,32.98236083984375,33.15106921807755,32.81365567945462,33.06671663788298,11240811
2014-06-20,33.066707611083984,33.151060168251355,32.85582300032177,32.94017555748914,12593078
2014-06-23,32.307533264160156,33.3197804009217,32.26535697051279,33.10889571483992,25399052
2014-06-24,32.60276794433594,32.89800516509003,32.30752750573748,32.56058844036161,16422527
2014-06-25,32.60276794433594,32.72929680272582,32.43405958197173,32.60276794433594,14480427
2014-06-26,32.7714729309082,32.89800500653261,32.51841199750375,32.602767787201465,19599306
2014-06-27,33.23542404174805,33.23542404174805,32.89800729517255,32.982359872894136,15874108
2014-06-30,32.855831146240234,33.36195305041441,32.56059068726814,33.319776761373994,22809359
2014-07-02,33.65719223022461,33.74154480509957,32.982358759847045,33.02453826512899,28556162
2014-07-03,33.36194610595703,33.741539063995766,33.31976982569582,33.741539063995766,16852659
2014-07-04,33.40412521362305,33.6150098506228,33.361948929791936,33.40412521362305,9064142
2014-07-07,33.23542404174805,33.57283757047897,33.23542404174805,33.319776619469636,7052739
2014-07-08,33.27760314941406,33.530664121859125,33.024542176969,33.530664121859125,12130239
2014-07-09,32.98236083984375,33.235425016116785,32.94018454974647,33.06671663788298,15802380
2014-07-10,33.02455139160156,33.10890400000468,32.89801926115115,32.98237186955426,11143144
2014-07-11,33.15107345581055,33.53066655089918,32.85583616954444,32.898012465033155,19258560
2014-07-14,32.94019317626953,33.40413892452914,32.898016875126935,32.98236947741213,13365012
2014-07-15,32.94019317626953,33.277610021101346,32.898016875126935,32.98236947741213,22298279
2014-07-16,33.27760314941406,33.40413202671417,32.940186374257415,33.024542176969,18542531
2014-07-17,33.53065490722656,33.65718696759897,33.151061943953316,33.27759400432572,13570904
2014-07-18,33.36194610595703,33.572830725107,33.06670892628464,33.06670892628464,12226639
2014-07-21,33.48847961425781,33.69936424253671,33.44630333217084,33.530655896344776,9679895
2014-07-22,34.5850830078125,34.627259294740945,33.53065974537919,33.7837206847943,33138779
2014-07-23,34.83815002441406,34.880326318699765,34.24767225087925,34.585089040854854,23823224
2014-07-24,34.66944122314453,35.00685800916604,34.50073604797873,35.00685800916604,27405420
2014-07-25,34.92250061035156,35.681683447540806,34.45855178902843,35.681683447540806,42055680
2014-07-28,35.04903793334961,35.597339462966595,34.66944481421825,34.66944481421825,33132603
2014-07-29,35.04903793334961,35.25992264199533,34.58509221789808,35.25992264199533,24174122
2014-07-30,34.96467971801758,35.25991697553726,34.83814762602642,35.00685600939971,30042313
2014-07-31,35.302093505859375,35.42862559870696,34.838147861826215,34.88032415349382,20468611
2014-08-01,35.470802307128906,35.85039537228679,35.133388751978984,35.30209392063153,26301261
2014-08-04,35.470802307128906,35.63951069362628,35.17556504414212,35.42862601496577,14259134
2014-08-05,35.42863082885742,35.63951553617205,35.217746121542795,35.51298342464517,11300447
2014-08-06,35.470802307128906,35.55515810930001,35.17556504414212,35.42862601496577,9327799
2014-08-07,35.09120559692383,35.42862233486991,34.92250044579528,35.42862233486991,21383315
2014-08-08,34.92250061035156,35.34426992584931,34.711615952602685,35.13338526810044,14552534
2014-08-11,35.934749603271484,35.976929115212265,35.006858261783876,35.006858261783876,17593824
2014-08-12,36.197235107421875,36.23957040892064,35.562195895010966,35.773875632481264,20238110
2014-08-13,36.535919189453125,36.66292507729877,35.900880060296764,36.281900953809746,21526154
2014-08-14,36.74760437011719,37.08629001810479,36.62059523338651,36.832274974619956,17180515
2014-08-15,36.36656951904297,37.001608556407014,36.281895709409085,36.91693474677313,11887561
2014-08-18,35.900882720947266,36.239568343612035,35.68920299554068,36.15489774543991,18834823
2014-08-19,36.36656951904297,36.705255067651784,35.64685667204503,35.81620106133723,15919147
2014-08-20,37.17095947265625,37.25563006718212,36.49358179654475,37.00161505362838,23881915
2014-08-21,36.535919189453125,36.91694008296611,36.366574775682885,36.87460478701756,18590106
2014-08-22,36.70526885986328,36.78994270131384,36.32424787825453,36.535927636915744,16758026
2014-08-25,37.08628463745117,37.42497346627672,36.408910209776124,36.5782546241889,14752105
2014-08-26,36.74760437011719,37.04395471585341,36.6629305356379,36.832274974619956,14070484
2014-08-27,36.324241638183594,36.578256658944944,36.281903109743176,36.53592136048076,18535305
2014-08-28,36.027889251708984,36.6205931392646,35.94321865204804,36.57825783943413,18422736
2014-08-29,35.81621551513672,36.366584194946284,35.64687105750478,36.366584194946284,17175491
2014-09-01,36.45124053955078,36.87459990291368,35.562186522483806,35.562186522483806,19577292
2014-09-02,36.197235107421875,36.57825928086371,35.858546235478805,36.40891484489218,16447945
2014-09-03,37.25562286376953,37.25562286376953,36.154889197880536,36.45123945139758,22422874
2014-09-04,36.78992462158203,37.12861013101313,36.2395562275406,37.00160427621717,27887824
2014-09-05,36.662933349609375,36.9169484125905,36.5359274331072,36.662933349609375,13157194
2014-09-08,36.36656951904297,36.578249198164315,35.985545450629424,36.578249198164315,16523019
2014-09-10,36.070220947265625,36.23956535964231,35.8162059436886,35.98555035606529,15373393
2014-09-11,36.36656951904297,36.53591390833516,36.02788074045858,36.19722512975078,12699584
2014-09-12,36.197235107421875,36.28190571041941,35.81621093398004,36.07022597294911,11465356
2014-09-15,35.77387619018555,36.366580110337765,35.68920558586802,35.985555930955876,11681388
2014-09-16,35.68920135498047,36.23956667775264,35.43518311218825,35.562192233584355,11451761
2014-09-17,35.6468620300293,35.90088026713617,35.477520845259455,35.68920055619782,22001090
2014-09-18,35.35050964355469,35.689198453088075,34.84247965923048,35.477518754623674,24508037
2014-09-19,36.197235107421875,36.40891484489218,34.800147548127285,35.138836420070355,32473904
2014-09-22,35.22349548339844,35.77386391250405,35.18116019576925,35.604519532011906,19758503
2014-09-23,35.18117141723633,35.81621062415387,35.05416551383868,35.265845249477856,17745644
2014-09-24,35.22349548339844,35.85853448776241,35.09648962051089,35.30816928863221,20781053
2014-09-25,34.71547317504883,35.604527329878024,34.63080258124647,35.39284761539602,28081701
2014-09-26,34.88481521606445,34.96948580409853,34.37678199793228,34.54612640397634,21536172
2014-09-29,33.995758056640625,34.54612328919132,33.6994045652897,34.292108318015956,35271102
2014-09-30,33.995758056640625,34.122763927240506,33.10670081256343,33.614733984889774,47900720
2014-10-03,34.88481521606445,35.09649491612555,33.23371290959269,33.318383497626776,53745400
2014-10-06,34.673133850097656,35.01181941593739,34.03809478042545,34.41911886822392,30616490
2014-10-07,34.969486236572266,35.096495350170024,34.334447128535324,34.334447128535324,28472263
2014-10-08,34.84248352050781,35.26584296435371,34.673139096974204,34.673139096974204,15741031
2014-10-09,35.85853958129883,36.02788398584554,35.26583901034912,35.51985400218126,25312777
2014-10-10,34.88481521606445,35.18116550415964,34.757806104037435,35.138830210142594,27396718
2014-10-13,35.47751998901367,35.94321469584336,34.12276793371932,34.12276793371932,26637166
2014-10-14,35.01181411743164,35.731526892128,34.92714354627925,35.181158489711684,23618755
2014-10-15,35.39284896850586,35.8585437121751,35.05416335037197,35.138833947411385,32247953
2014-10-16,35.138824462890625,35.47751321958333,34.96948008454427,34.96948008454427,23457213
2014-10-17,34.80014419555664,35.3505127519487,34.75780889813636,34.80014419555664,26814373
2014-10-20,34.630802154541016,35.392847179300986,34.54612833180586,35.22350276380674,26400326
2014-10-21,34.84248352050781,35.18116913759879,34.54612997182995,34.630803798584864,13792851
2014-10-22,35.562191009521484,35.64686160088708,35.096496297058664,35.350511301131476,17820457
2014-10-23,35.60452651977539,35.81620622944109,35.308176218233825,35.477520631961596,13379617
2014-10-24,35.51984786987305,35.60451844254056,35.181159119252385,35.5621831562068,12986147
2014-10-27,35.562191009521484,35.64686160088708,34.884816588668656,35.350511301131476,16933860
2014-10-28,36.070220947265625,36.15489476844198,35.392846527734896,35.731535352488265,28001772
2014-10-29,36.49357986450195,36.789933389605224,36.197229569374656,36.408909274458715,25204354
2014-10-30,36.197235107421875,36.78993901833402,35.98555536995157,36.62059458236248,13890760
2014-10-31,36.62058639526367,36.789930793375646,36.40890670511764,36.662921687297725,18326586
2014-11-03,36.62058639526367,37.043945775555734,36.49357728918575,36.789930793375646,13923679
2014-11-04,36.45124053955078,36.62058493089106,35.858536784847594,36.324234668527275,16924018
2014-11-05,36.45124053955078,36.62058493089106,35.98554588584671,36.5782496405499,12738439
2014-11-06,36.662933349609375,36.83227780158905,36.36658298112753,36.45125359212898,13728204
2014-11-07,36.36656951904297,36.91693474677313,36.154889839921616,36.66291977782263,20353289
2014-11-10,36.87460708618164,37.382640359168676,36.747601190417065,37.04395151051065,18188383
2014-11-11,37.12862014770508,37.25562926674122,36.74759925054881,36.83226984325552,16581694
2014-11-12,37.67898941040039,37.763660004725445,36.916941141570376,37.21329468166033,19290408
2014-11-13,38.14468002319336,38.22935383835794,37.80599445246239,37.933000330245584,19484468
2014-11-14,38.06001281738281,38.483372240868775,37.933003698346596,38.31402782547917,15091176
2014-11-17,37.59431457519531,38.652713034745005,37.551976052832714,38.52570392760873,18218389
2014-11-18,37.04395294189453,37.763662735632224,36.95928234144646,37.50964770431165,18652549
2014-11-19,37.297969818115234,37.55198486200037,36.662930593414146,37.00161947191201,19301645
2014-11-20,37.08628463745117,37.38263817016754,36.95927874912363,37.08628463745117,15295227
2014-11-21,37.21329116821289,37.34029704770937,36.74759648344083,36.916937656102796,12841537
2014-11-24,37.55198669433594,38.060020036872025,37.42498078118443,37.975346198127674,22156287
2014-11-25,37.63664627075195,37.932996519114184,37.086277832392994,37.21328692739136,23186851
2014-11-26,38.187015533447266,38.52570433608448,37.42497057247723,37.67898555946724,26631940
2014-11-27,38.06001281738281,38.61037812992892,37.84833310563984,38.14468341008958,16181626
2014-11-28,37.93300247192383,38.61037688160576,37.84833188195457,37.93300247192383,11285813
2014-12-01,36.74760437011719,37.763664544056525,36.62059523338651,37.763664544056525,30841909
2014-12-02,37.08628463745117,37.50964405849508,36.4512455058853,36.916940223038395,29012624
2014-12-03,36.535919189453125,37.21329361455803,36.49358066352853,36.78993419512046,27995648
2014-12-04,37.17095947265625,37.25563006718212,36.45124649928182,36.45124649928182,18922280
2014-12-05,37.76365661621094,38.27168982650408,37.34029722262124,37.636650736119535,29153666
2014-12-08,36.78992462158203,37.932993464621696,36.66291553681087,37.805987609825735,27224081
2014-12-09,36.95928192138672,37.63665640720169,36.662928363233945,37.00161722112959,24760220
2014-12-10,37.17095947265625,37.50964508073586,36.78993533733757,37.29796536444505,19601764
2014-12-11,36.40890884399414,36.74759766011469,36.239564435933865,36.40890884399414,22495064
2014-12-12,36.5782470703125,37.128612266026494,36.45123797823791,36.5782470703125,18139976
2014-12-15,36.11255645751953,36.32423614782158,35.816202953111215,36.027882643413264,20235987
2014-12-16,35.35050964355469,36.32423754848127,35.26583905615927,36.15489314371458,30198367
2014-12-17,34.673133850097656,35.816202883517334,34.58846003615592,35.181163813845124,32238296
2014-12-18,34.80014419555664,35.43518334678925,34.75780889813636,35.39284804936897,28925002
2014-12-19,35.985538482666016,36.23955340243102,35.68918828126934,36.23955340243102,36222332
2014-12-22,35.47751998901367,36.07022058135547,35.05416057735468,35.90087940067266,30799452
2014-12-23,36.11255645751953,36.23956233371531,35.646858554874434,35.816202953111215,18548580
2014-12-24,36.40890884399414,36.66292384109659,36.02788473335251,36.28189973045495,11530863
2014-12-29,37.08628463745117,37.25562905186394,36.916940223038395,36.95927874912363,20624817
2014-12-30,36.45124053955078,37.25562397593542,36.15489027718699,37.25562397593542,15430373
2014-12-31,36.535919189453125,36.66292507729877,36.07022124409096,36.11255977001555,8421603
2015-01-02,37.21329116821289,37.255626461378384,36.57825208080303,36.916937656102796,14715401
2015-01-05,36.535919189453125,37.38263802832827,36.451245367579986,37.297964206455134,17019881
2015-01-06,35.562191009521484,36.36657454739872,35.39284659681427,36.070221017667095,30608916
2015-01-07,35.60452651977539,35.73153563756522,34.46145737957103,35.0541612126302,42739144
2015-01-08,36.15488815307617,36.23955872878408,35.64685500890243,35.985543771684924,20412427
2015-01-09,36.36656951904297,36.78992887728567,35.900874870971116,36.78992887728567,16181389
2015-01-12,36.40890884399414,36.83226824915686,36.02788473335251,36.239564435933865,10693790
2015-01-13,37.17095947265625,37.25563006718212,36.154896188465145,36.154896188465145,20216954
2015-01-14,37.25562286376953,37.59431163633946,37.08627847748456,37.34029344192425,29695443
2015-01-15,38.10234451293945,38.10234451293945,37.34029633069036,37.509640730076356,31115684
2015-01-16,37.80599594116211,38.06001093670672,37.467307127118694,37.55197771564159,26996111
2015-01-19,37.97533416748047,38.31402295520737,37.424968924893825,37.424968924893825,33957315
2015-01-20,37.76365661621094,38.18701600980064,37.509641626052286,37.80599513955058,22157844
2015-01-21,37.93300247192383,38.060011586853676,37.636652177055474,37.93300247192383,15741239
2015-01-22,38.14468002319336,38.22935383835794,37.63665005210902,37.76365592989221,18109044
2015-01-23,38.06001281738281,38.525707537222154,37.97533899469998,38.39869841818594,36350228
2015-01-26,38.441036224365234,38.48337151992551,37.59431739325566,37.678987984376214,25233565
2015-01-27,38.73738479614258,38.77972008981532,37.84833070911153,38.35636069313617,21142826
2015-01-28,39.24541091918945,39.330084728180566,38.31402163011607,38.77971627465276,31083368
2015-01-29,38.187015533447266,39.03373431006451,38.144680240611564,38.779719323074495,26128630
2015-01-30,38.31402587890625,38.86439439346653,38.27169058470374,38.86439439346653,18967397
2015-02-02,38.271690368652344,38.4833700684458,38.1023459628224,38.144681256785915,13758881
2015-02-03,37.80599594116211,38.398696520774216,37.467307127118694,38.398696520774216,26843702
2015-02-04,37.72132110595703,38.56803988826797,37.59431522659588,38.56803988826797,21114269
2015-02-05,37.67898941040039,38.0600135448154,37.4249743974491,38.01767824765287,15154805
2015-02-06,37.42496871948242,37.76365427537475,37.382633428742835,37.678983693895574,16160138
2015-02-09,37.55198669433594,37.7636664462318,36.91694743864834,36.91694743864834,15511201
2015-02-10,37.42496871948242,37.63664840315599,37.001609352135276,37.34029490802761,17748733
2015-02-11,37.17095947265625,37.42497448620999,36.916941229126365,37.17095947265625,24007140
2015-02-12,37.08628463745117,37.4673087623859,36.95927874912363,37.001614045232806,23050127
2015-02-13,37.63664627075195,37.763652135774855,37.04394254405203,37.04394254405203,17824796
2015-02-16,37.67898941040039,38.0600135448154,37.63665411323786,38.01767824765287,12649670
2015-02-17,37.63664627075195,37.84832594243225,37.55197246409456,37.67898155909292,15812991
2015-02-18,37.67898941040039,37.93300442335168,37.551980288936676,37.551980288936676,11911763
2015-02-23,37.72132110595703,38.060009910871734,37.551976703499676,38.060009910871734,18631624
2015-02-24,38.610374450683594,38.69504826529772,37.933000083649375,38.06000919058269,24394287
2015-02-25,38.69504928588867,39.24541456050559,38.35636047845069,38.94906427647924,31726461
2015-02-26,38.73738479614258,39.33008859748856,38.695049502469836,39.11840889914899,38059307
2015-02-27,38.652706146240234,39.330080393638404,38.52569706173893,39.28774510879637,37496455
2015-03-02,40.09213638305664,40.303816096230065,38.99140252055004,39.33009135361796,46359400
2015-03-03,40.93885803222656,41.235211588898515,40.473163277429286,40.76951683410124,39972255
2015-03-04,41.36220932006836,42.03958689871925,40.93884994839939,41.06585905189035,49840385
2015-03-05,40.3038215637207,41.023534624130036,40.00747121706638,40.00747121706638,40383426
2015-03-06,41.10820007324219,41.57389480099733,40.854185060828115,41.10820007324219,31084268
2015-03-09,40.85417938232422,40.98118848586576,40.64249969640544,40.64249969640544,21527441
2015-03-10,39.92279052734375,41.23520394953096,39.88045200567988,41.15053013617893,31214142
2015-03-11,39.88045883178711,40.55783653464333,39.66877910713861,40.55783653464333,23113648
2015-03-12,39.92279052734375,40.04979640240823,39.58410173388705,40.04979640240823,20050440
2015-03-13,39.49943161010742,40.134470682745956,39.414757795770164,39.79578188534844,18862327
2015-03-16,40.0498046875,40.13447851836848,39.54177462219463,39.880460255739415,15099283
2015-03-17,39.541778564453125,40.89652769365158,39.41476942047596,40.89652769365158,23446546
2015-03-18,39.584102630615234,39.71111173853266,39.24541382948597,39.24541382948597,27782740
2015-03-19,40.81184768676758,40.896518276604525,40.09213475324971,40.515494162386354,33490239
2015-03-20,40.64250183105469,41.23520562875274,40.473157427430124,41.23520562875274,17581889
2015-03-23,40.60017013549805,41.277544580047184,40.43082571686673,41.277544580047184,11721607
2015-03-24,40.55783462524414,40.81184963686846,40.219145789760965,40.219145789760965,16586514
2015-03-25,41.40456008911133,41.44689539280631,40.51550256163357,40.55784109530518,19882073
2015-03-26,41.40456008911133,41.48923069650129,40.8118561474517,41.44689539280631,17170333
2015-03-27,41.36220932006836,41.658562818222045,41.10819434306211,41.57388900590284,14757370
2015-03-30,41.700904846191406,41.870249268211786,41.235210108117506,41.870249268211786,22478949
2015-03-31,41.31987762451172,41.44688673905489,41.06586262540134,41.31987762451172,25800335
2015-04-01,41.65856170654297,41.700896996584994,41.3198729262556,41.489217316399284,17749335
2015-04-02,41.785560607910156,41.95490496981155,41.404539831100834,41.95490496981155,14685251
2015-04-08,43.81770324707031,43.9023738454123,41.870250415418,42.33594516625151,50630176
2015-04-09,45.42646789550781,49.27903804254156,44.87609934737037,46.44252793825984,64268170
2015-04-10,45.51113510131836,46.569533592046696,44.45273661059002,46.569533592046696,45320380
2015-04-13,45.21479415893555,45.51114450558596,44.5374164009177,45.130120324195055,49518573
2015-04-14,45.08778381347656,45.93450275833059,44.87610407726306,45.93450275833059,32506845
2015-04-15,44.49507522583008,45.553473795569026,44.452739929035744,45.553473795569026,29316804
2015-04-16,44.114051818847656,44.66442037613648,44.02938122386914,44.495075956203294,33085671
2015-04-17,45.08778381347656,45.29946354969007,44.28340016986996,44.62208903980214,25718399
2015-04-20,43.9447135925293,45.42647171441644,43.8600397618642,45.04544755136447,24433895
2015-04-21,43.606021881103516,44.19872573713317,43.43667746081274,43.94471072168508,45220506
2015-04-22,43.22499084472656,43.648350212902095,42.88630528817153,43.606014922079666,65409252
2015-04-23,44.15638732910156,44.368067032059905,43.352003811864655,43.352003811864655,68051760
2015-04-24,43.902374267578125,44.833767008177716,43.394344212688395,44.791431708599625,46314224
2015-04-27,44.114051818847656,44.452740658714035,43.90237210142521,44.452740658714035,34405200
2015-04-28,44.1987190246582,44.91842866412126,43.86003023551343,44.87609337297208,25835925
2015-04-29,43.81770324707031,44.452742424564086,43.690694119581046,44.241062698732826,26907091
2015-04-30,43.86003112792969,44.114046109968854,43.56368085387995,43.81769583591912,24046403
2015-05-04,43.267330169677734,44.114048984974566,43.05565046585353,44.071713690204916,30713408
2015-05-05,42.801639556884766,43.77536757950459,42.505289235205474,43.60602315426945,27328002
2015-05-06,43.30965805053711,43.94469700594102,42.58994529642758,42.58994529642758,21777661
2015-05-07,43.690696716308594,44.1140561931332,43.30967577114763,43.7753705496594,24982872
2015-05-08,43.39433670043945,43.775360790633584,43.224992301466976,43.69068697615947,20645977
2015-05-11,43.56368637084961,43.86003668242959,43.26733282929349,43.86003668242959,15347405
2015-05-12,43.21422576904297,44.066577349294455,43.171608840323046,43.853489454231585,19103152
2015-05-13,43.00113296508789,43.34207160738991,42.74542817049566,43.21422083582523,21316710
2015-05-14,42.915889739990234,43.46991942540884,42.66018498189796,43.46991942540884,14216581
2015-05-15,44.6205940246582,44.66321419538433,43.214216180184216,43.469920947228346,28499562
2015-05-18,44.705841064453125,45.13201685486457,44.36489913153867,44.91892895965884,32643655
2015-05-19,44.3222770690918,44.70583588632844,44.10918919856732,44.40751091671645,16108492
2015-05-20,43.64039993286133,44.023958779973405,43.17160723148574,43.81087089285149,23350528
2015-05-21,43.512542724609375,43.81086769568722,43.17160408097269,43.21422100499442,19640036
2015-05-22,44.023956298828125,44.40751187286028,43.64039747333303,43.72563132279286,15092207
2015-05-26,45.30248260498047,45.68603817101578,44.36489402315571,44.53536496998411,29844980
2015-05-27,44.57797622680664,45.60079852628687,44.45012547153564,45.60079852628687,24477116
2015-05-28,43.12898254394531,44.57798067518059,43.043748698592616,44.57798067518059,46332540
2015-05-29,43.512542724609375,44.06657249128045,43.29945485303787,43.3846919525442,36124403
2015-06-01,43.938720703125,44.32227954175976,43.299457055888084,43.683015894522846,24323250
2015-06-02,43.38469314575195,43.725631798765455,43.299456043901344,43.597781023184005,17749623
2015-06-03,43.34206771850586,43.64039266164854,43.12897986688791,43.55515557012381,15697111
2015-06-04,43.38469314575195,43.810868900616065,42.958517390887835,43.68301487357164,31031908
2015-06-05,43.2568359375,43.384689955141745,43.001131153679246,43.2568359375,20977697
2015-06-08,43.21422576904297,43.342076555202745,42.83066690763715,43.04375480270002,18000558
2015-06-09,42.74543762207031,43.256847324334146,42.61758357077256,43.043759406480284,19818759
2015-06-10,42.2766227722168,43.08635714971007,41.76521329772744,42.6175645895178,49988335
2015-06-11,42.404483795166016,42.78804259033945,42.19139593689885,42.19139593689885,24410883
2015-06-12,43.04375076293945,43.128984612379895,42.10616541324278,42.40448713774728,20981892
2015-06-15,42.70280456542969,43.17160044457,42.48971671180686,43.04374643181126,13796133
2015-06-16,42.74543762207031,43.08637633975834,42.574966637494505,43.043759406480284,16793359
2015-06-17,43.04375076293945,43.25683863800351,42.78804596315517,43.128984612379895,21110705
2015-06-18,43.04375076293945,43.42730958834734,42.74542903843495,43.38469266362711,15116874
2015-06-19,43.76824951171875,44.1518083482925,43.68301565979704,43.98133739298605,22669560
2015-06-22,45.04676818847656,45.30247619828828,44.06656607289383,44.32227083124313,28061315
2015-06-23,44.96154022216797,45.600803827222485,44.237042770357974,45.600803827222485,28230004
2015-06-24,44.57797622680664,45.30247684585876,44.53535930838297,45.25985667597264,19031290
2015-06-25,44.918922424316406,45.30248123017463,44.36489267680311,44.40750959935119,19994307
2015-06-26,44.15180969238281,44.57798546789127,43.68301698961615,44.49275161337483,25756585
2015-06-29,42.70280456542969,44.23703971268414,42.44709979137482,43.85348092587053,30036648
2015-06-30,43.2568359375,44.19442122866367,42.788043291918164,42.958514231619574,23475548
2015-07-02,44.109195709228516,44.74845941515937,43.34207796152616,44.74845941515937,28556343
2015-07-03,43.46992492675781,44.32227639590993,43.04374919218176,44.1091885286219,19860153
2015-07-06,42.19139862060547,43.89610159517539,41.381664057392186,43.25683797971167,28959604
2015-07-07,42.66019058227539,43.00113247213179,42.0635439007581,42.19139792231996,31848247
2015-07-08,40.145751953125,42.40448459388699,38.781990935112724,41.93569194716169,63302099
2015-07-09,42.106163024902344,42.617572595462796,39.33602080619726,39.9752843951292,56988552
2015-07-10,42.234012603759766,43.00113018948402,41.76521996868946,41.89307398346439,43021821
2015-07-13,43.08637237548828,43.17160948566553,41.85046191535621,41.85046191535621,27557347
2015-07-14,42.5323486328125,43.001141389989236,42.234023604453846,42.66019942942606,27131696
2015-07-15,43.21422576904297,43.342076555202745,42.40449111751141,42.95852094526017,22452691
2015-07-16,42.9585075378418,43.46991702579568,42.70279954240263,43.46991702579568,17992500
2015-07-17,43.2568359375,43.46992379926108,42.91589405809717,43.04374807573892,16051569
2015-07-20,43.12898254394531,43.46992442828166,42.66018989157993,43.46992442828166,15747627
2015-07-21,43.46992492675781,43.93871758449892,43.0863661153468,43.25683705946979,19848921
2015-07-22,42.915889739990234,43.640390347957826,42.74542206890366,43.46991942540884,17968977
2015-07-23,43.85348892211914,44.27966470707373,43.12898813681843,43.342076029295725,20949409
2015-07-24,43.12898254394531,43.89610015797069,42.915894679100795,43.89610015797069,25801591
2015-07-27,41.80784225463867,43.171606665208465,41.76522532806591,42.78804782312749,37071150
2015-07-28,42.915889739990234,43.59777343018618,40.99809917710455,41.509511944751516,38013204
2015-07-29,43.12898254394531,43.38469058292896,42.66018989157993,43.299453486113485,23246694
2015-07-30,42.70280456542969,43.81086400543848,42.66018764499764,43.81086400543848,13919089
2015-07-31,43.04375076293945,43.17160478856306,42.36187021302705,43.086367687659674,28675437
2015-08-03,41.89308166503906,42.87328403601506,41.807844555739024,42.66019613995985,23984715
2015-08-04,42.106163024902344,42.958514476811594,41.893075161925026,42.958514476811594,18511623
2015-08-05,42.5323486328125,43.04375832219375,42.447111516939955,42.87328734191217,14627838
2015-08-06,42.2766227722168,42.6175645895178,42.10615511502844,42.53233076092362,11432552
2015-08-07,42.78804397583008,42.830660898570926,42.27663114855156,42.27663114855156,12324121
2015-08-10,42.106163024902344,42.788043536137195,41.85045498815936,42.788043536137195,17842301
2015-08-11,41.96686935424805,42.651343645531036,41.79574996546958,42.48022752058344,20673685
2015-08-12,40.72625732421875,41.667412318078725,40.51235890704569,41.496292931574104,31005880
2015-08-13,40.940155029296875,41.32517282627772,40.46957917246729,40.72625661584427,28819076
2015-08-14,40.89738082885742,41.62463747877494,40.85460179388137,41.02572119761674,12881222
2015-08-17,40.084564208984375,40.98294022005435,39.99900614308771,40.6407014288057,19582742
2015-08-18,39.3573112487793,40.72625989972616,39.3573112487793,40.469582435652505,26852873
2015-08-19,38.50171661376953,39.31453128393752,38.28781818813748,39.186190923025904,46372739
2015-08-20,37.988365173339844,38.80117665404099,37.43222791028313,38.245042654815535,41336631
2015-08-21,37.261104583740234,38.2022596019735,37.0899851928041,37.56056433383619,40935272
2015-08-24,34.90822219848633,36.063275648186625,34.56598667785104,35.84937722385297,63610350
2015-08-25,36.662200927734375,37.346678726352245,35.2932518581627,35.849389253581705,76282212
2015-08-26,35.97771453857422,37.30388412472782,35.76381611294199,37.17554702764706,52245440
2015-08-27,36.362728118896484,37.261100749067815,35.592692570846445,37.218321721694046,75311630
2015-08-28,36.83330535888672,37.774460316321445,36.57662792097932,37.6461199654524,59946824
2015-08-31,36.662200927734375,37.04721887349892,36.02050543940415,37.04721887349892,36356661
2015-09-01,36.06327819824219,37.04720906145277,35.97771686416007,37.04720906145277,38968421
2015-09-02,35.50713348388672,36.191607693460604,35.07933669492423,36.063270615070145,41553122
2015-09-04,35.464359283447266,35.89215613062074,35.25046085986053,35.50713831539843,35670988
2015-09-07,35.07933807373047,35.93493168528487,34.99378001810727,35.72103328239627,33521489
2015-09-08,35.892154693603516,36.40550958412608,34.86544164872759,35.07934006375046,31427579
2015-09-09,37.688899993896484,38.07391779288281,36.53384986076831,36.87608536577665,59756944
2015-09-10,36.61940383911133,37.132761935146185,36.533845788354064,37.04720062055849,26016946
2015-09-11,36.27717208862305,37.346664151803786,36.191610765270134,36.70496891389534,31966802
2015-09-14,36.70497131347656,37.303884296947004,36.36273252535262,36.70497131347656,25035349
2015-09-15,36.06327819824219,37.00443002632729,35.67826035445058,37.00443002632729,32326106
2015-09-16,36.8760871887207,37.303884039002064,36.10605481651283,36.662188763580026,33994749
2015-09-17,36.96165084838867,37.47500579557319,36.49107493616434,37.47500579557319,37234991
2015-09-18,36.96165084838867,37.432226760613005,36.7477524097566,36.790531444716784,33648653
2015-09-21,36.53385543823242,36.96165233267582,36.1488375804671,36.66219254826667,15944671
2015-09-22,36.362728118896484,37.303879776441576,36.362728118896484,36.74774589292151,16576806
2015-09-23,35.67826461791992,36.362739053214106,34.651551333062855,35.97772116341377,29655751
2015-09-24,34.737098693847656,35.93493103384125,34.65154063977549,35.592692289891495,31301823
2015-09-25,34.737098693847656,35.16489549186958,34.43764224076453,34.737098693847656,34276649
2015-09-29,33.667606353759766,33.83872572398097,33.239809560122,33.71038864418796,36460172
2015-09-30,34.26653289794922,34.56599270250906,33.83873597471931,33.83873597471931,57266997
2015-10-02,36.40550994873047,36.44828897939732,34.95100005924176,34.95100005924176,57351941
2015-10-05,36.53385543823242,37.04721040603198,36.191616617145186,36.833311958810285,35895160
2015-10-06,36.49106979370117,37.17554404809881,36.448287500938875,37.17554404809881,24730636
2015-10-07,37.688899993896484,37.81724034816886,36.6194079210627,37.047204750196215,35018918
2015-10-08,37.945579528808594,38.373376381506915,37.646123037452156,38.28781831649964,30848496
2015-10-09,38.20225524902344,38.50171170116696,38.116693931389186,38.373371356630855,26945009
2015-10-12,38.50171661376953,38.886734432673414,38.073919762505426,38.245039155777256,26781135
2015-10-13,37.860023498535156,38.45893977726691,37.08998781676131,38.159480005985465,26291235
2015-10-14,37.51778793334961,37.86002676899741,37.13277332303512,37.34667177935713,18894344
2015-10-15,38.24504089355469,38.50171836320987,37.774464988548345,38.07392149250754,27612108
2015-10-16,39.5284309387207,40.384024667853915,39.357311540127846,39.48565190503025,45396245
2015-10-19,39.18619155883789,40.59792249644774,39.057854459674914,40.384024067345095,26055143
2015-10-20,39.271751403808594,39.44286752955554,38.587273845497236,38.929512624652915,20384987
2015-10-22,38.843955993652344,39.27175285145102,38.67283659776667,38.67283659776667,20115957
2015-10-23,39.99900817871094,40.17012758304385,39.485653229543374,39.52843226466881,26154421
2015-10-26,39.91344451904297,40.8545962153298,39.8278831969428,40.8545962153298,25205029
2015-10-27,40.127342224121094,40.21290028088859,39.57120506364037,39.61398409202412,20297905
2015-10-28,40.084564208984375,40.555143362909035,40.04178517603604,40.29846263755704,18911936
2015-10-29,40.21290588378906,40.512362388029516,39.82788804702911,40.04178648258118,26172881
2015-10-30,39.015079498291016,40.64070917064965,38.92952141609598,40.64070917064965,33906295
2015-11-02,39.015079498291016,39.48565874185857,38.33060504923587,38.63006486458174,24638984
2015-11-03,39.74232482910156,40.12734261597644,39.271748984623684,39.57120545006487,21206527
2015-11-04,41.025718688964844,41.06849772132503,39.74232813517344,40.212904018797424,46158229
2015-11-05,40.85459899902344,41.23961681513121,40.55514251084569,41.19683778308166,29610728
2015-11-06,40.89738082885742,41.02572119761674,40.42680491645853,40.85460179388137,20291753
2015-11-09,41.325172424316406,41.62463215853574,40.81181754255575,41.025715953927815,22993684
2015-11-10,40.42680740356445,41.325180248655165,39.913452424607286,41.325180248655165,27368028
2015-11-11,39.956233978271484,40.64070841459306,39.7851145532332,40.42680994925309,21235070
2015-11-12,41.45351028442383,41.752966736808645,39.91344246790234,40.04177954871132,27432766
2015-11-13,40.76903533935547,40.98293373407647,40.384017576091566,40.64069499699067,19450830
2015-11-16,39.613990783691406,39.99900863184438,39.44287137741995,39.785110189962865,21038222
2015-11-17,39.827880859375,40.2984566798995,39.78510183275105,40.2128986266516,19149050
2015-11-18,39.74232482910156,39.95622323693975,39.44286509982969,39.78510385790306,18657704
2015-11-19,40.46957778930664,40.59791813852412,40.12734229777778,40.42679876084436,23145925
2015-11-20,40.98294448852539,41.19684293937608,40.21290875993036,40.2984668347381,16258153
2015-11-23,41.025718688964844,41.19683808223655,40.68347990242142,40.98293965660465,11534416
2015-11-24,40.89738082885742,41.11127926756884,40.64070335516995,41.02572119761674,13416522
2015-11-25,40.76903533935547,41.06849178643267,40.512354654625874,40.76903533935547,14905409
2015-11-26,40.85459899902344,41.36795391127984,40.683479606994325,41.36795391127984,18836141
2015-11-27,39.78510284423828,40.98293520314544,39.74232381652672,40.98293520314544,21954643
2015-11-30,39.613990783691406,40.38402647999736,39.100635828708235,39.69955211874274,39797668
2015-12-01,40.85459899902344,41.068497423102095,40.12734566268838,40.17012469473792,28296903
2015-12-02,41.49629211425781,41.581850173909544,41.025716258511764,41.06849528833763,26622161
2015-12-03,41.410728454589844,41.71018488670586,40.94014939864993,41.28238811863708,18660917
2015-12-04,41.45351028442383,41.71018770987232,40.89737314275998,40.98293446046318,23646015
2015-12-07,41.49629211425781,41.924088940177995,41.41073405460608,41.838530880526264,19492441
2015-12-08,40.940155029296875,41.4535131798816,40.46957917246729,41.4535131798816,25074674
2015-12-09,41.19683837890625,41.2396174115745,40.255683341049796,40.68348019539428,16810443
2015-12-10,40.76903533935547,41.28239018115368,40.55513694463446,40.89737241788978,14406630
2015-12-11,39.870670318603516,40.683485092462696,39.613992827866774,40.512365677361075,25105433
2015-12-14,39.22897720336914,39.57121605314518,38.58728180791273,38.715622192536635,28312027
2015-12-15,38.843955993652344,39.35731091747835,38.80117369680767,39.22897055460635,15650466
2015-12-16,39.74232482910156,40.341241023814625,39.271748984623684,39.271748984623684,21834686
2015-12-17,40.298458099365234,40.34124039132666,39.78510323413446,39.827882262265256,21515692
2015-12-18,39.91344451904297,40.640697805825454,39.57120575830373,39.87066222607753,20846993
2015-12-21,39.91344451904297,40.041781606447145,39.48564770003428,39.48564770003428,9551561
2015-12-22,40.21290588378906,40.341246250652745,39.870667081373306,40.12734781510068,13897289
2015-12-23,40.041786193847656,40.89737992988641,39.99900715981194,40.55514439376956,15411954
2015-12-24,40.21290588378906,40.597923720549005,40.12734781510068,40.55514468620481,5534376
2015-12-28,39.69955062866211,40.255684598381436,39.442869896973555,40.21290556437704,7582069
2015-12-29,39.69955062866211,39.8278877306753,39.485652194809035,39.8278877306753,9572374
2015-12-30,39.65676498413086,40.17012314035379,39.571206923342444,39.999003754946145,8623677
2015-12-31,39.870670318603516,40.084568771522704,39.656771865684334,39.74233320515083,5571602
2016-01-04,38.88673400878906,39.656766374372154,38.672835585488606,39.52842927869043,27187337
2016-01-05,39.057857513427734,40.12734974255959,38.71561869457303,40.041788405930276,20689425
2016-01-06,38.544490814208984,39.52842475430327,38.501711787211526,39.271747328487976,18742724
2016-01-07,37.3466796875,38.15949138257105,36.91888268427014,37.902813833399556,29220124
2016-01-08,37.43223190307617,37.98836922545451,37.261112475895786,37.34667382140178,25195079
2016-01-11,36.191619873046875,36.87609431296733,36.148840832520264,36.40551833951149,25328898
2016-01-12,35.9349365234375,37.04720771544435,35.892157489866285,36.6194108520701,28610123
2016-01-13,36.8760871887207,37.51778246414274,36.491072634532244,36.8760871887207,23299012
2016-01-14,36.53385543823242,36.66219254826667,35.97771816992349,36.191616617145186,24100187
2016-01-15,36.31995391845703,36.70497174365105,36.02049415938123,36.36273295151614,19980935
2016-01-18,35.37879943847656,35.93493666864275,35.33602040473249,35.76381726983538,25446878
2016-01-19,36.31995391845703,36.36273295151614,34.65154551850362,35.20768273976509,26606313
2016-01-20,34.56598663330078,35.76381584972687,34.26652688132106,35.72103681768146,47332642
2016-01-21,34.52320098876953,35.72103335284013,34.30930258545911,35.25045751832333,35606246
2016-01-22,35.763816833496094,36.10605562693532,34.608766617343,35.464360337110044,38340886
2016-01-25,36.31995391845703,36.96164920583673,36.234392588507795,36.83330884282838,28659484
2016-01-26,35.763816833496094,36.277175023654934,35.464360337110044,35.50713937033219,21809915
2016-01-27,36.747745513916016,37.13276328397008,36.40550677079451,36.40550677079451,32160893
2016-01-28,36.14883804321289,36.79053339309241,35.63548306884181,36.619413980358274,31750945
2016-01-29,36.662200927734375,36.74776228447762,35.507150354272774,35.934947346492926,38142725
2016-02-01,36.06327819824219,37.21832846578583,35.806597459827,37.21832846578583,29896314
2016-02-02,35.03656005859375,36.44828760016384,34.993781029545694,36.277171483971614,42296747
2016-02-03,33.325374603271484,33.7959504761222,31.74252433153432,32.04198407886178,141175596
2016-02-04,34.1381950378418,34.56599195178051,33.92429658087244,33.96707561950002,50701293
2016-02-05,33.71039581298828,35.07934453821542,33.539276406377084,35.07934453821542,56807088
2016-02-11,32.64090347290039,32.85480191436414,31.82808874257191,32.341443696552425,67471602
2016-02-12,31.87086296081543,32.170319428069334,31.528624200670365,31.742522609803355,44065371
2016-02-15,32.683685302734375,32.76924338110222,32.2986674224161,32.5125658821672,49905539
2016-02-16,32.98313522338867,33.36815302646015,32.76923680655239,32.94035619278758,30800980
2016-02-17,32.72646713256836,33.624840087362706,32.59812674024127,33.36816256654029,31268518
2016-02-18,33.58205032348633,33.795948733190066,33.3681519137826,33.795948733190066,34334703
2016-02-19,33.667606353759766,34.052624120799855,33.41092893034321,33.41092893034321,18763887
2016-02-22,34.05263137817383,34.13819271343472,33.45371508667246,33.66761352907786,25422088
2016-02-23,34.309303283691406,34.5232016913549,34.05262584726135,34.13818716862516,24516502
2016-02-24,33.496498107910156,34.00985307521101,32.85480276686844,33.88151270147016,32800430
2016-02-25,33.79594421386719,34.13818292915998,33.41092647512037,34.05262161842165,44745928
2016-02-26,34.77988052368164,34.9509966295577,34.138185335154894,34.608761153975074,45906352
2016-02-29,33.96707534790039,34.90822724550757,33.79595593092689,34.90822724550757,29636119
2016-03-01,34.48042678833008,34.56598811993169,33.9670718540447,34.309307388957926,27349911
2016-03-02,35.892154693603516,36.02049178431876,35.33601750901174,35.50713689379619,45697660
2016-03-03,36.27717208862305,36.40550917790628,35.93493332287291,36.362730148145204,32306130
2016-03-04,35.97771453857422,36.74775017638261,35.63547901586123,36.74775017638261,28202670
2016-03-07,35.67826461791992,36.362739053214106,35.378804808594516,36.362739053214106,27795293
2016-03-08,35.42158126831055,35.84937812776439,35.33601993812117,35.67825873121665,9381677
2016-03-09,35.59270095825195,35.80659940935643,35.2504653947836,35.67826229699255,16000119
2016-03-10,35.97771453857422,36.31995332511816,35.84937744149345,35.93493550621396,24988775
2016-03-11,36.790531158447266,37.0472086300423,35.63548090435405,35.63548090435405,31216488
2016-03-14,36.49106979370117,36.74774723112145,35.892153597166725,36.148831034587005,40544899
2016-03-15,36.40550994873047,36.619408365895545,36.02049214506716,36.063274439564836,17339892
2016-03-16,36.191619873046875,36.576637765449505,35.93494236605565,36.40551833951149,20216638
2016-03-17,36.31995391845703,36.918870172777616,36.14883452238958,36.790529809769275,23891138
2016-03-18,36.53385543823242,36.66219254826667,36.362736027688804,36.362736027688804,19193009
2016-03-21,36.662200927734375,36.79054133093324,36.36274433871308,36.79054133093324,16141823
2016-03-22,36.40550994873047,36.79052775239378,36.234390562232235,36.79052775239378,17082768
2016-03-23,36.14883804321289,36.662193017583974,36.10605900598719,36.40551553039843,17005288
2016-03-24,35.806602478027344,36.31996076297234,35.507145926349814,35.9349428652215,24456334
2016-03-29,36.31995391845703,36.44829101763436,35.678258631077334,36.14883452238958,26073756
2016-03-30,37.56056594848633,37.60334498210162,36.61941088979478,36.74775125447169,37464799
2016-03-31,37.60334396362305,37.90280045465039,37.26110517630812,37.90280045465039,21854268
2016-04-01,36.91886901855469,37.94557883519858,36.8760867230021,37.9027998034769,22056193
2016-04-05,36.53385543823242,37.26110885325368,36.40551506436689,37.26110885325368,21514546
2016-04-06,36.31995391845703,36.74775077671016,36.19161355544869,36.36273295151614,17498763
2016-04-07,36.49106979370117,36.918866610678535,36.405508472007284,36.83330528898464,13780853
2016-04-08,37.004432678222656,37.04721171641386,36.1916178972642,36.40551635205162,11144107
2016-04-11,36.8760871887207,37.17554694221622,36.57663069905613,36.8760871887207,15384352
2016-04-12,37.17554473876953,37.34666412150578,36.91886729658054,37.34666412150578,12724355
2016-04-13,38.15947723388672,38.287817592802774,37.26110451296702,37.517781966968236,27827566
2016-04-14,39.10063552856445,39.528432409043646,38.41616117256398,39.48565337376196,41682178
2016-04-15,38.45894241333008,39.528434675859664,38.37338107402889,39.35731526108866,28230192
2016-04-18,38.15947723388672,38.287817592802774,37.64612232588429,38.11669820219167,15350521
2016-04-19,38.5872802734375,39.015077186729854,38.37338181679132,38.92951910960395,19842547
2016-04-20,38.20225524902344,38.80116815331049,38.15947295829104,38.80116815331049,15240670
2016-04-21,39.31453323364258,39.40009130260605,38.28782008692529,38.50171852316509,26514046
2016-04-22,40.041786193847656,41.06849932986039,39.74232969176653,40.89737992988641,47883391
2016-04-25,40.46957778930664,41.068493979270464,40.341240703919816,41.068493979270464,31583838
2016-04-26,40.46957778930664,40.72625522391095,39.57120513627623,40.72625522391095,24302107
2016-04-27,40.512359619140625,40.59792094581228,39.78510629350145,40.29846119820782,24370041
2016-04-28,40.298458099365234,40.72625490833442,39.999001638619056,40.640696852072836,25544091
2016-04-29,39.956233978271484,40.21291148391313,39.48565800728988,39.9134549379698,19814859
2016-05-03,38.88673400878906,39.956226125291344,38.843954976895155,39.87066479767261,28602350
2016-05-04,38.41615295410156,38.672830374711204,38.073914217401715,38.672830374711204,19936978
2016-05-05,39.18619155883789,39.4856513178802,38.159478446379005,38.159478446379005,20498898
2016-05-06,38.03114318847656,39.1434144208942,37.86002378414358,39.1434144208942,22178347
2016-05-09,38.116703033447266,38.41616282093068,37.6889061346121,38.03114495921276,23024924
2016-05-10,38.428279876708984,38.817753031583464,37.43295152138541,37.73587581998273,16308901
2016-05-11,37.606056213378906,38.861034561896076,37.389680749897586,38.861034561896076,19975808
2016-05-12,37.38967514038086,38.08207585931573,37.21657413524037,38.08207585931573,16811163
2016-05-13,37.21657943725586,37.47622933114377,36.61072748376572,37.17330500521246,25160260
2016-05-16,37.77915954589844,38.25518493423007,37.130033115911374,37.30313085593905,19285017
2016-05-17,37.95225143432617,38.03880359262288,37.562778277686355,37.95225143432617,14524452
2016-05-18,37.259849548339844,37.77915257752053,37.08674853861295,37.3896761310418,18735652
2016-05-19,36.95692825317383,37.38967916175519,36.8703760904811,37.21657813799716,16246435
2016-05-20,37.346412658691406,37.64933703834871,36.783835037467135,36.783835037467135,13356317
2016-05-23,37.38967514038086,37.69259942315641,36.95692427834318,37.04347313009989,9477945
2016-05-24,37.08675003051758,37.47622649266394,36.913652315454556,37.38967763513243,12951420
2016-05-25,38.34172058105469,38.428272722846415,37.606045534771404,37.64931995485396,26620213
2016-05-26,38.51483917236328,38.68794023346358,38.34173811126299,38.60138805209937,26070348
2016-05-27,38.817752838134766,38.90430499560783,38.34172752772817,38.60137739689293,17432356
2016-05-30,38.77448654174805,39.12068864098915,38.34173556851062,38.60138549212749,12807762
2016-05-31,39.33705520629883,39.72653165420816,38.60137673766406,38.731203320842894,23660746
2016-06-01,39.466888427734375,40.07274046577642,39.2937906754035,39.68326391977596,24524162
2016-06-02,39.726531982421875,40.159282861090404,39.38032995883618,39.76980640996329,17694708
2016-06-03,39.942909240722656,40.46220899812249,39.85635708007113,40.07273252925895,24991433
2016-06-06,39.899627685546875,40.15928084098861,39.46687682864668,39.813078834817645,14717314
2016-06-07,40.33238983154297,40.592043059662025,40.072739905051854,40.54876532055688,19130365
2016-06-08,40.24583053588867,40.46220596887732,39.98618067662771,40.46220596887732,18975620
2016-06-10,40.37565612792969,40.635305980834374,40.15928070023794,40.50547940356852,22134932
2016-06-13,38.90431213378906,39.81308849342204,38.81775996043536,39.55343857661659,27882006
2016-06-14,38.68792724609375,38.9475770997668,38.341725240111685,38.68792724609375,18664796
2016-06-15,38.94758224487305,39.33705872764727,38.341730305182864,38.341730305182864,12672212
2016-06-16,38.34172058105469,38.51482156301152,37.82242093681079,38.51482156301152,19033650
2016-06-17,38.601375579833984,38.94757759017526,38.34172572289156,38.77447658500462,14357268
2016-06-20,38.99085998535156,39.03413442008226,38.16863251895735,38.817758944801035,16956332
2016-06-21,38.94758224487305,39.16395770178901,38.644657925841685,38.731206787957085,13905873
2016-06-22,39.38032913208008,39.89962885492919,38.73120282770513,39.16395369728843,25010019
2016-06-23,39.98618698120117,40.332385747591495,39.466883879174276,39.466883879174276,19147264
2016-06-24,38.731204986572266,40.46220856139114,37.47622673450312,39.423605756174354,44381025
2016-06-27,38.51483917236328,38.68794023346358,37.95226154919437,38.1686370501627,20135380
2016-06-28,38.4715576171875,38.51483204905194,37.73587906898191,37.73587906898191,19040509
2016-06-29,38.86103820800781,39.120688128221374,38.55811054973544,38.601384986166394,20169340
2016-06-30,40.11601257324219,40.24583918157581,39.55343830759469,40.24583918157581,32349572
2016-07-04,40.41893005371094,40.5054789030674,39.85635262801303,40.33237790272751,30632865
2016-07-05,39.98618698120117,40.15928801521014,39.55343604699256,39.85636038028755,15349278
2016-07-06,39.466888427734375,39.510166167445085,38.94758856748576,39.20723849761007,17802315
2016-07-07,39.726531982421875,39.89962969258754,39.38032995883618,39.76980640996329,12025533
2016-07-08,39.683258056640625,39.98618568171859,39.42360816487916,39.55343476157365,12211135
2016-07-11,39.98618698120117,40.63531338251409,39.85636038028755,40.63531338251409,13915545
2016-07-12,40.76513671875,40.80841445351218,40.24583691788001,40.678587852480874,21185393
2016-07-13,40.80841064453125,41.0247860916356,40.592035197426895,40.93823393181747,14419413
2016-07-14,41.154605865478516,41.24115801790752,40.46220515418156,40.63530615741256,13882433
2016-07-15,41.58736038208008,41.89028798979616,41.241161646782544,41.45753709445375,22867278
2016-07-18,42.10666275024414,42.366312622886376,41.58735970333241,41.760460718969654,23412145
2016-07-19,42.27975845336914,42.409585034329154,41.630632151823285,41.8470075856719,20782244
2016-07-20,42.58268737792969,42.84233724637013,42.0201099116194,42.0633843394216,24742363
2016-07-21,42.66923522949219,43.05871167380175,42.58268637592434,42.799061811471084,17926408
2016-07-22,42.45286178588867,42.5826883739592,42.14993748256048,42.40958735707426,17570011
2016-07-25,42.40958786010742,42.45286228943513,42.10666355318616,42.14993798251386,15194604
2016-07-26,43.14527130126953,43.23182347807764,41.97684497819768,41.97684497819768,32701806
2016-07-27,42.972164154052734,43.534738322959804,42.75578871178989,43.14526186656123,24787393
2016-07-28,42.45286178588867,42.928887106101804,41.89028760804671,42.669237231588035,32518213
2016-07-29,41.58736038208008,42.366313314347344,41.370984934408874,42.063385706631266,34521542
2016-08-01,42.40958786010742,42.88561318596684,41.976836963575714,42.063385822231126,40024027
2016-08-02,42.40958786010742,42.40958786010742,42.40958786010742,42.40958786010742,0
2016-08-03,41.717193603515625,42.19321900374513,41.717193603515625,41.976843521674645,26954602
2016-08-04,41.630638122558594,42.06338905232169,41.630638122558594,41.630638122558594,13162840
2016-08-05,42.62596130371094,42.88561116909339,41.93356056214868,42.06338384402632,21281834
2016-08-08,42.928890228271484,43.18854342329683,42.79906693238634,43.10199125774587,21683193
2016-08-09,42.66923522949219,42.972162820233905,42.58268637592434,42.928885091822856,13203145
2016-08-10,42.49613952636719,43.14526591405076,42.19321519943253,43.10199148186403,22895441
2016-08-11,42.84233856201172,43.10198843842572,42.0633856311424,42.14993779103194,15875788
2016-08-12,42.90232467651367,43.293531959862044,42.77192445959729,43.293531959862044,17281545
2016-08-15,43.0327262878418,43.554333764811005,42.77192254935719,42.815389286388054,19656100
2016-08-16,42.250308990478516,43.25006045824406,42.250308990478516,42.989256736831074,24410825
2016-08-17,42.380714416503906,43.03272540752704,42.29378094422058,42.771921674377666,17549639
2016-08-18,42.380714416503906,42.771921674377666,42.25031089177952,42.771921674377666,12643303
2016-08-19,41.815643310546875,42.77192823381483,41.815643310546875,42.77192823381483,22317577
2016-08-22,41.989505767822266,42.076442553525396,41.51136505350251,41.77216877801335,12313333
2016-08-23,42.250308990478516,42.250308990478516,41.728701547652555,41.98950526906553,10029389
2016-08-24,42.076438903808594,42.511112845722735,41.64176496189445,42.25030582753505,12115476
2016-08-25,41.77216339111328,42.293774089167805,41.77216339111328,42.25030404377245,9599790
2016-08-26,42.076438903808594,42.511112845722735,41.59829491466384,41.59829491466384,13186777
2016-08-29,41.9025764465332,42.07644671885235,41.55483590189491,41.94604318553809,10942876
2016-08-30,42.424190521240234,42.77193111976439,41.94604968549462,41.98951643123511,20356333
2016-08-31,42.64152145385742,42.68498819336723,42.163380686650186,42.64152145385742,17144194
2016-09-01,42.989253997802734,43.11965419205125,42.337243077663054,42.337243077663054,18973328
2016-09-02,43.42393112182617,43.42393112182617,42.945790408665374,43.032723877858515,19954564
2016-09-05,43.81513977050781,44.33674723498792,43.81513977050781,44.33674723498792,18221772
2016-09-06,43.81513977050781,44.11941023873798,43.33699572571844,44.07594350274786,12077053
2016-09-07,44.16287612915039,44.42367985639689,43.77166888013099,44.33674638608116,17029499
2016-09-08,44.24980926513672,44.42367619142408,43.858602048392086,44.162872485694,15957863
2016-09-09,44.59754943847656,45.03222341607633,43.858605003076654,44.249812246176305,29021396
2016-09-12,43.55432891845703,43.771665895727374,43.119654963916346,43.59779896695037,24606362
2016-09-13,43.42393112182617,44.206342293462214,43.20659413254406,44.11940882426908,19902379
2016-09-14,43.510868072509766,43.94554208585412,43.423934596360716,43.81514187163054,16517688
2016-09-15,43.77167510986328,44.24981921354881,43.77167510986328,43.94554539153986,17043881
2016-09-19,44.554080963134766,44.597547695936534,44.07594026971705,44.24981051722325,15181954
2016-09-20,43.9890022277832,44.510612955360685,43.9890022277832,44.206339201865724,12722870
2016-09-21,44.11941146850586,44.336748470813774,43.68473746389004,43.989007940601326,17808931
2016-09-22,44.684486389160156,44.98875684808644,44.380212613934596,44.641016338199876,20304880
2016-09-23,45.0322265625,45.162630091410996,44.42368228808118,44.684489345903174,19945621
2016-09-26,44.510623931884766,45.07569821406982,44.293286904205935,45.03223147179402,15013370
2016-09-27,45.119163513183594,45.119163513183594,44.336748969554016,44.90182650843088,13923097
2016-09-28,45.42343521118164,45.42343521118164,44.684490701730105,44.77142417944219,17346583
2016-09-29,45.68423843383789,45.901575441911625,45.379967949054496,45.901575441911625,14651917
2016-09-30,44.81489181518555,45.20609910531843,44.51062132080423,44.90182861093711,22709104
2016-10-03,45.640777587890625,45.68424433185719,44.858362931292504,45.379973807791245,16009102
2016-10-04,45.81463623046875,45.988506478423865,45.37996226873052,45.90156969629673,14931775
2016-10-05,46.37971115112305,46.42318120104867,45.553833263323405,45.771170247754725,16023863
2016-10-06,46.81438446044922,47.07519149113182,46.51011401305172,46.51011401305172,24093027
2016-10-07,46.90132141113281,46.94478814430289,46.292777197854235,46.857854677962735,15832838
2016-10-11,46.162376403808594,47.07519443569638,45.814639201646,46.553583658003454,27953938
2016-10-12,46.162376403808594,46.24931319157376,45.29302842395307,45.68423567814793,22863182
2016-10-13,44.77141571044922,45.90156728842406,44.77141571044922,45.81463382715637,23344525
2016-10-14,45.293033599853516,45.72770763945403,45.07569658005326,45.46690387895367,30130724
2016-10-17,44.85835647583008,45.20609701012003,44.29328225298328,45.032226742975055,16831861
2016-10-18,45.72771072387695,45.85811427107298,45.206103167692795,45.24956991132481,22328485
2016-10-19,45.46689224243164,46.07543640538518,45.16262181910432,46.07543640538518,16195606
2016-10-20,45.85810852050781,45.94504199687047,45.51036798245808,45.727704989664275,13205066
2016-10-21,45.85810852050781,45.85810852050781,45.85810852050781,45.85810852050781,0
2016-10-24,45.81463623046875,46.51011390599008,45.16262528786141,46.51011390599008,24286596
2016-10-25,46.075439453125,46.33624316412815,45.51036198236891,45.640765496020045,9226720
2016-10-26,45.46689224243164,45.94503290035982,45.37995878328066,45.597295747457004,13676618
2016-10-27,44.684486389160156,45.379964092634005,44.641016338199876,45.249560572351726,21037120
2016-10-28,44.684486389160156,44.85835332780416,44.03247542034731,44.85835332780416,17514033
2016-10-31,42.554588317871094,42.554588317871094,41.467903239867745,42.119914286669754,96315061
2016-11-01,42.16337585449219,42.94579034119835,42.11990911996391,42.59804983237355,53744607
2016-11-02,41.685245513916016,42.20685309063672,41.554841961585794,42.07645285460659,27976341
2016-11-03,41.424434661865234,42.07644567973531,41.33749786970284,41.424434661865234,20347960
2016-11-04,41.55482482910156,41.72869505509085,41.163617649700335,41.163617649700335,15441959
2016-11-07,42.16337585449219,42.38071284343287,41.81563534566739,41.98950560007979,24767248
2016-11-08,42.16337585449219,43.032723810254915,41.98950560007979,43.032723810254915,23650165
2016-11-09,41.25056076049805,42.424179162772276,40.1638758264296,42.424179162772276,52279566
2016-11-10,42.20684051513672,42.42417749339828,41.81563329100607,42.16337378274422,30719534
2016-11-11,42.03297424316406,42.42418150428036,41.64177029834718,41.94604077016018,26877480
2016-11-14,41.55482482910156,41.72869505509085,41.120150922277695,41.72869505509085,20123287
2016-11-15,41.03322219848633,41.59829635273011,40.598548241545366,41.29402590939108,37086883
2016-11-16,40.98976135253906,41.7721725976144,40.90282455888652,41.29403183957398,27071745
2016-11-17,40.98976135253906,41.38096531692694,40.51161727819906,40.55508733317512,25744114
2016-11-18,40.728946685791016,41.03322043233259,40.51160971667517,41.03322043233259,29079754
2016-11-21,40.555084228515625,41.380962149043064,40.42468070616954,40.42468070616954,31453195
2016-11-22,41.03322219848633,41.554829620295834,40.64201497397964,41.0766889309206,23150352
2016-11-23,41.03322219848633,41.380959374259625,40.902818684884394,40.902818684884394,16453195
2016-11-24,40.946292877197266,41.20709995191677,40.859359396490575,40.946292877197266,23500482
2016-11-25,41.120155334472656,41.38095904329148,40.85935162565383,40.85935162565383,11577960
2016-11-28,40.946292877197266,41.511370450689896,40.90282613684392,41.03322967420367,20928181
2016-11-29,40.90282440185547,40.989761195174246,40.68548739300788,40.85935766334587,23007979
2016-11-30,41.120155334472656,41.120155334472656,40.59854791683501,40.90281835774046,28732839
2016-12-01,40.728946685791016,41.29402413201182,40.55507976353751,41.29402413201182,25084872
2016-12-02,39.3814582824707,40.72894683258579,39.3814582824707,40.72894683258579,47979163
2016-12-05,39.59880065917969,40.03347465832831,39.38146365960537,39.38146365960537,25281123
2016-12-06,39.33799743652344,40.033475180981085,39.294530699300985,39.99000844375863,28584456
2016-12-07,39.20759582519531,39.51186963322565,38.55558478608697,39.294532620189536,33920967
2016-12-08,38.46865463256836,39.55533979168046,38.29478434385044,39.20759921424462,64233145
2016-12-09,37.990509033203125,38.20784603760784,37.077694277963246,37.338498019989,69340219
2016-12-12,38.077430725097656,38.85984502535042,37.8600937879495,38.4251711510541,56493987
2016-12-13,38.685977935791016,38.685977935791016,38.07743379938399,38.20783729872076,38765921
2016-12-14,38.3382453918457,39.120659916699466,38.3382453918457,38.685985917625025,29439907
2016-12-15,38.03398132324219,38.55558888344094,37.99051457927562,38.29478510334156,40192902
2016-12-16,38.599056243896484,38.85986000575394,38.16438220203413,38.2513156838867,58497910
2016-12-19,38.12090301513672,38.42517676134893,37.773165854707145,38.25130652298466,32874043
2016-12-20,38.164371490478516,38.25130494793156,37.8166310280687,37.86009775679522,33822507
2016-12-21,38.29478454589844,38.77292535517051,38.16438431589693,38.33825128923227,21323675
2016-12-22,38.3382453918457,38.685985917625025,38.03397491901337,38.599052444329914,24151137
2016-12-23,38.207847595214844,38.38171786908663,37.903573786864314,38.03397732134306,19964077
2016-12-28,38.12090301513672,38.55557695289791,37.94703609307142,38.55557695289791,20008158
2016-12-29,37.642765045166016,37.99050554682127,37.38196132707417,37.81663529599364,24524568
2016-12-30,38.03398132324219,38.42518865154125,37.729710799176246,37.77317754314281,20988221
2017-01-03,38.03398132324219,38.251318359375,37.46890370277688,38.251318359375,29827813
2017-01-04,37.860103607177734,38.16437738787934,37.599299878218744,37.599299878218744,27899316
2017-01-05,38.64251708984375,38.990254280505894,37.86010260733022,38.16437637999626,36593647
2017-01-06,38.9467887878418,39.72920329529885,38.9033220521607,39.164125782546606,39394779
2017-01-09,39.4249267578125,39.468396806755145,38.94678606613555,39.16412304565227,24087021
2017-01-10,40.16387939453125,40.33774966268843,39.72920538228805,40.07694260230289,43422753
2017-01-11,40.381221771240234,40.51162200247633,40.03348118867736,40.337755027494865,31225145
2017-01-12,40.20733642578125,40.555076878145336,40.12040297083959,40.38120665196329,27270864
2017-01-13,40.33774948120117,40.55508648634493,40.16387921382626,40.381216218970025,16200642
2017-01-16,40.381221771240234,40.642025550012406,40.207351479958795,40.598558806267036,20952413
2017-01-17,40.728946685791016,40.815883463216736,40.468142986111786,40.64201322466426,19323424
2017-01-18,41.25056076049805,41.38096096280672,40.511613015551966,40.511613015551966,36832874
2017-01-19,41.337493896484375,41.55483088155138,41.03322344391025,41.55483088155138,31710756
2017-01-20,41.25056076049805,41.38096096280672,40.81588678687067,41.29402749460094,18652915
2017-01-23,41.3809700012207,41.5113735483113,40.90282918905512,41.29403651402695,16367306
2017-01-24,41.25056076049805,41.424431013208846,41.03322377368436,41.07669050778725,15571274
2017-01-25,41.55482482910156,41.64176160024557,41.294021148266985,41.5982915565242,12895241
2017-01-26,41.859107971191406,42.29378197580897,41.72870444328635,41.72870444328635,27346911
2017-01-27,41.989505767822266,42.16337602292925,41.64176857390757,42.16337602292925,16452074
2017-02-01,41.685245513916016,41.685245513916016,41.20710468253869,41.46790847089904,33933472
2017-02-02,41.076698303222656,41.68524264504889,40.81589453281137,41.42443887463761,23984250
2017-02-03,40.946292877197266,41.20709995191677,40.772425915783884,41.03322967420367,20408451
2017-02-06,41.29403305053711,41.380966530439416,40.85935901842619,40.90282575837735,12945880
2017-02-07,41.207096099853516,41.380963045013715,40.90282231322436,41.380963045013715,17255390
2017-02-08,41.51137161254883,41.51137161254883,40.337753008661615,41.2071011052595,24531709
2017-02-09,41.03322219848633,41.728699866332036,40.98975546605205,41.728699866332036,19073270
2017-02-10,41.076698303222656,41.29403533128203,40.98976481851885,41.076698303222656,26782546
2017-02-13,41.3809700012207,41.5113735483113,41.120166223339474,41.3809700012207,21495991
2017-02-14,41.120155334472656,41.337492311204855,40.989755138212786,41.076688602386035,19492336
2017-02-15,41.337493896484375,41.55483088155138,41.076690177663814,41.076690177663814,23752254
2017-02-16,41.207096099853516,41.46789983389321,41.12015931097401,41.207096099853516,24996515
2017-02-17,42.598045349121094,42.81538231518804,41.120153316606086,41.120153316606086,62851405
2017-02-20,42.68498229980469,43.20659305080201,42.467645315963935,42.85885255013713,32033652
2017-02-21,42.64152145385742,42.98926200253522,42.3807177004989,42.59805471434761,25714021
2017-02-22,42.598045349121094,42.902315775095246,42.511111889213886,42.598045349121094,25055850
2017-02-23,42.64152145385742,42.98926200253522,42.33725096098908,42.33725096098908,19684104
2017-02-24,42.380714416503906,43.25006240453475,41.90257368634682,43.03272540752704,39407736
2017-02-27,43.55432891845703,43.68473243133887,42.46764403210532,42.8153845222575,37709860
2017-02-28,42.64152145385742,43.72820652310098,42.64152145385742,43.64127304408136,37129990
2017-03-01,42.85885238647461,43.076189369485434,42.55458193677913,43.032722636143106,19642424
2017-03-02,42.85885238647461,43.336993085838586,42.641515403463785,43.11965610282776,25782158
2017-03-03,42.598045349121094,42.81538231518804,42.424175113007756,42.598045349121094,30338963
2017-03-06,42.64152145385742,42.902325207215945,42.511121235327984,42.68498819336723,21327556
2017-03-07,42.72846221923828,42.98926599682906,42.598058672292915,42.98926599682906,12286532
2017-03-08,43.20659637451172,43.29352984821579,42.64151884653694,42.94579263710007,31042991
2017-03-09,43.11965560913086,43.42392937164175,42.81538516291911,43.42392937164175,22191554
2017-03-10,43.72820281982422,43.98900655109566,43.076191833495926,43.467399088552774,33997638
2017-03-13,42.424190521240234,42.945801419026466,42.206853476237676,42.511127329021335,73803088
2017-03-14,42.11991882324219,42.81539668481161,41.989515273316655,42.72846319572795,45209409
2017-03-15,42.11991882324219,42.25031905686769,41.77217823430746,42.11991882324219,47673240
2017-03-16,43.29353332519531,43.380470122180874,42.64152227115231,42.72845906813787,56705686
2017-03-17,43.29353332519531,43.7716741015669,43.20659984450946,43.467403602866725,27147756
2017-03-20,43.380462646484375,43.46739611218909,43.07618888391956,43.20659239877579,29641503
2017-03-21,43.597801208496094,44.33674564268785,43.597801208496094,44.33674564268785,33423364
2017-03-22,43.380462646484375,43.64126635989768,43.20659239877579,43.64126635989768,17710522
2017-03-23,43.64127731323242,43.902081092103735,43.46740702188489,43.64127731323242,20173681
2017-03-24,43.55432891845703,43.85860267641497,43.38046198968003,43.85860267641497,22454854
2017-03-27,42.85885238647461,43.64126685183325,42.85885238647461,43.11965610282776,18725976
2017-03-28,42.85885238647461,43.29352635249626,42.59804867012146,43.076189369485434,19843521
2017-03-29,43.29353332519531,43.337000065538234,42.771925808480795,43.03272956683806,14862494
2017-03-30,43.11965560913086,43.64126635216418,42.945788677752226,43.64126635216418,26333382
2017-03-31,42.598045349121094,43.032719281254984,42.424175113007756,42.945785821347776,18189653
2017-04-03,42.94579315185547,43.29353036713922,42.81538962343688,42.94579315185547,15979803
2017-04-05,43.20659637451172,43.51086684877541,42.64151884653694,43.46740011192337,28691440
2017-04-06,43.16313552856445,43.33700249970195,42.98926524112705,43.20660227134883,20961743
2017-04-07,43.16313552856445,43.33700249970195,42.51112443789913,43.2500690141332,18917447
2017-04-10,43.25006866455078,43.29353540698382,42.858861350053665,43.163135179684694,8315705
2017-04-11,42.85885238647461,43.336993085838586,42.641515403463785,43.336993085838586,20090594
2017-04-12,43.337005615234375,43.337005615234375,42.68499447769544,43.0327350775696,13794508
2017-04-13,43.337005615234375,43.46740916926222,42.98926833166036,43.163138631597434,11865756
2017-04-18,42.77191925048828,43.467396938240284,42.59804899947547,43.380463470883484,21846660
2017-04-19,42.337249755859375,42.77192377118381,41.90257574053495,42.77192377118381,24660708
2017-04-20,43.07618713378906,43.293524105519886,42.59804645924106,42.98925367161634,25866621
2017-04-21,43.25006866455078,43.46740569301586,43.07619837851874,43.46740569301586,17173541
2017-04-24,43.29353332519531,43.72820736122398,42.858859289166645,43.64127388053813,12416485
2017-04-25,43.77167510986328,43.77167510986328,43.032730558112576,43.206600839789154,16674965
2017-04-26,44.59754943847656,44.68448622377608,44.11940872637667,44.293278980676426,31307392
2017-04-27,47.37946701049805,47.64027075280052,46.03197824501901,46.988259738894584,81927209
2017-04-28,46.81438446044922,47.20559169017397,46.33624376469637,47.11865822414587,43938574
2017-05-02,47.596797943115234,47.814134920024436,46.814383499722474,47.814134920024436,36880327
2017-05-04,47.814144134521484,47.814144134521484,47.118666337642935,47.596807115728204,30213803
2017-05-05,47.466400146484375,48.03147768101613,47.11866293133363,47.8141406779346,21224622
2017-05-08,47.335994720458984,47.55333169960131,46.55358026902695,47.46639491816491,18886608
2017-05-09,48.1618766784668,48.20534341173399,47.42292894772782,47.81413617973091,26166474
2017-05-10,48.37922286987305,48.68349337695912,47.85761202248289,48.16188584586877,20998870
2017-05-11,48.55308532714844,48.770422330969694,48.20534811081413,48.68348885596099,17739704
2017-05-12,48.1618766784668,48.683484110271465,47.81413617973091,48.683484110271465,21679357
2017-05-15,48.42268371582031,48.81389097465743,48.074943193231896,48.50961718831772,19564213
2017-05-16,48.543609619140625,49.07125620061258,48.499639629800484,49.07125620061258,16084555
2017-05-17,47.92801284790039,49.07124918067284,47.84007288180046,49.07124918067284,24706742
2017-05-18,47.97198486328125,48.015954848194,47.35639501041829,47.44433833493861,24343321
2017-05-19,48.10390090942383,48.41169417601876,47.70816431330534,48.36772418860449,11121672
2017-05-22,48.10390090942383,48.675517455199426,48.015957579900274,48.675517455199426,13527359
2017-05-23,48.191829681396484,48.2797729904764,47.84006650915948,47.84006650915948,10418776
2017-05-24,48.36772155761719,48.49963486737953,47.92801499800249,48.19183826283235,9952444
2017-05-25,47.97198486328125,48.36772143688564,47.9280148783685,48.14786815762707,16117914
2017-05-26,48.14786148071289,48.45565468711368,48.015948189572924,48.41168470829847,12528493
2017-05-29,48.14786148071289,48.41168470829847,47.840068274312095,48.14786148071289,14537363
2017-05-31,48.58757019042969,48.67551015206398,47.92801041408901,47.92801041408901,19919184
2017-06-01,48.63154220581055,49.027278759110004,48.36771895517579,48.80742549113194,20683575
2017-06-02,48.67551040649414,49.115216926352964,48.23580388663532,48.939337002165054,13222170
2017-06-05,48.67551040649414,48.895363666423556,48.32374720342379,48.895363666423556,12854403
2017-06-06,48.63154220581055,48.93933879379664,48.455658920489164,48.455658920489164,10822361
2017-06-07,48.93934631347656,49.027286292302186,48.58757968878378,48.98331630288938,11841772
2017-06-08,49.071250915527344,49.11522090013182,48.71948768399679,49.11522090013182,11163436
2017-06-09,49.51095962524414,49.51095962524414,48.939343091124705,49.24713635144325,28035479
2017-06-12,48.895362854003906,49.686835918476895,48.85139287368751,49.686835918476895,14493341
2017-06-13,49.291099548339844,49.33506952880084,48.49962983595847,49.203159587417844,16013868
2017-06-14,49.20316696166992,49.291106935771786,48.85140035587249,49.24713694872086,12022141
2017-06-15,48.85139846801758,49.46698832702621,48.71948851196242,49.3350750162762,21505737
2017-06-16,49.15919876098633,49.55493201352003,48.67551882176497,49.247138738283795,18049433
2017-06-19,50.170509338378906,50.170509338378906,49.247126389514364,49.33506634476079,14170088
2017-06-20,50.214481353759766,50.654187857224194,50.214481353759766,50.434334605491976,16695745
2017-06-21,49.77478790283203,50.25846786723473,49.55493459344727,50.170524530663656,17049191
2017-06-22,50.47830581665039,51.4016887641525,50.17050926435352,50.21447924191185,22598823
2017-06-23,50.52228927612305,50.610229254706574,49.95066935124465,50.3903759535526,14696987
2017-06-26,51.005958557128906,51.005958557128906,50.25845878222126,50.25845878222126,12962227
2017-06-27,50.91801834106445,51.00595830661179,50.61022175225949,51.00595830661179,14006321
2017-06-28,50.346405029296875,50.961994932035154,50.08258174375049,50.478318349417606,19511054
2017-06-29,50.69816970825195,51.00596297050634,50.390373091302614,51.00596297050634,14933221
2017-06-30,50.170509338378906,50.21447931600212,49.5988929198886,50.12653936075569,19685427
2017-07-03,49.46697998046875,49.862716491251355,49.15918678024577,49.73080320275906,20646830
2017-07-04,48.191829681396484,49.774772343198585,47.928006463545174,49.68683238881289,19266579
2017-07-05,48.80741500854492,48.89535495497103,48.27976862060038,48.54359181457265,25039237
2017-07-06,48.895362854003906,49.46698266220045,48.80742289337111,49.46698266220045,22613102
2017-07-07,48.67551040649414,49.02727696425901,48.32374720342379,48.98330698321203,17553317
2017-07-10,49.46697998046875,49.818746513318686,48.54359702510553,48.80742024739583,22217842
2017-07-11,50.6541862487793,50.961982804247434,49.90668655850322,50.302423069994084,20599678
2017-07-12,51.35773468017578,51.35773468017578,50.74214473977082,51.00596804146001,18870097
2017-07-13,51.62154769897461,52.06125423243318,51.13787118310911,51.885370948110825,14862047
2017-07-14,51.0938835144043,51.665503189441544,50.78609036919573,51.62153321936799,14611401
2017-07-17,51.225807189941406,51.621543710416304,51.13786723192226,51.48963041869322,12375479
2017-07-18,51.6655158996582,51.6655158996582,51.31374934314443,51.62154591876761,15340222
2017-07-19,51.31374740600586,51.88536720008797,51.22580744754448,51.79742724162659,13685023
2017-07-20,52.14919662475586,52.325079917265455,51.533606778319665,51.88537336333886,14123882
2017-07-21,51.75345993041992,52.10522651459042,51.445666685291805,51.92934322250517,17512703
2017-07-24,51.79743576049805,52.10522902042852,51.57758247349202,51.7534624193409,11379552
2017-07-25,51.841392517089844,52.01727577274843,51.53359598101381,51.53359598101381,13724032
2017-07-26,52.45698547363281,52.76477867402022,52.06124896263881,52.76477867402022,23538270
2017-07-27,53.380374908447266,53.46831487503316,52.45699184051662,52.544931807102515,25962820
2017-07-28,52.325077056884766,53.46831336365929,52.061253809889806,53.380373399559176,31683655
2017-07-31,54.12787628173828,54.12787628173828,52.500963369149055,52.76478663136693,34086314
2017-08-01,54.47964096069336,54.52361094374132,53.73213783009946,54.12787438692039,19228155
2017-08-02,54.17184066772461,54.655520512280184,53.995960747552886,54.52360721745695,18973050
2017-08-03,54.083900451660156,54.52360695939723,53.90801717762644,54.52360695939723,12877510
2017-08-04,53.600223541259766,53.995960066040226,53.204487016479305,53.9080167523699,16573216
2017-08-07,53.33640670776367,53.60022997103354,53.24846338354385,53.46831666205121,11557240
2017-08-08,54.083900451660156,54.083900451660156,53.29242739585565,53.95198715746126,19343160
2017-08-09,53.02861785888672,54.03994442977478,52.85273453942419,54.03994442977478,21283720
2017-08-10,52.7647819519043,53.24845844885785,52.061252196817804,53.20448846817017,17698097
2017-08-11,51.75345993041992,52.720816359541416,51.53360665398705,51.88537323815755,26935098
2017-08-14,52.33305740356445,52.421381891099436,51.80310373962808,52.37721964733195,15091861
2017-08-15,52.59803771972656,53.569623993787275,52.46555097964791,53.0838291720752,15381209
2017-08-16,52.86301040649414,53.30463957737333,52.11224216374478,52.995500505503166,15074935
2017-08-17,51.9797477722168,52.95133388953476,51.80309881394344,52.90717164996642,19792658
2017-08-18,51.449798583984375,51.84726551301226,50.30156340963075,50.30156340963075,14303848
2017-08-21,51.31730270385742,51.582282872935984,50.87567358121024,51.582282872935984,12127762
2017-08-22,51.84726333618164,52.28889249003436,51.49395866535424,51.67061100076794,17359378
2017-08-23,51.84726333618164,51.84726333618164,51.84726333618164,51.84726333618164,0
2017-08-24,52.33305740356445,53.172153512599735,52.28889515979696,52.68636209243085,28417822
2017-08-25,52.774688720703125,52.99550331786088,51.84726808651323,52.59803636910425,16918910
2017-08-28,52.81885528564453,53.26048451607528,52.46555392291812,52.46555392291812,15197322
2017-08-29,52.33305740356445,52.64219647930013,52.15640505913125,52.55387199176514,10325390
2017-08-30,52.9954948425293,53.30463388136559,52.28888891850147,52.818842519181636,18286424
2017-08-31,53.03965759277344,53.5254489596445,52.77468078987675,52.81884302879906,19184263
2017-09-01,53.4371337890625,53.7904385007025,53.17215694001421,53.4371337890625,12260396
2017-09-04,53.525447845458984,54.32038160696456,53.03965648870015,54.32038160696456,17485325
2017-09-05,53.17215347290039,53.52545479213978,52.77468654056325,53.437130304670745,9077173
2017-09-06,52.86301040649414,53.65794426182196,52.509709091408695,53.65794426182196,13805971
2017-09-07,51.93559265136719,53.39297034242284,51.84726816012403,53.26048023619474,17566446
2017-09-08,51.93559265136719,52.42138409193129,51.449801210803095,52.42138409193129,16708597
2017-09-11,52.730525970458984,52.995502810639515,52.42138351577892,52.774688215595184,19329630
2017-09-12,52.68635940551758,53.52545210239736,52.59803155312394,53.52545210239736,12551048
2017-09-13,52.553871154785156,52.86301022559745,52.24473208397286,52.77468573946913,13539170
2017-09-14,52.20056915283203,52.42138374885816,51.75893996077976,52.24473476752793,11540759
2017-09-15,52.112239837646484,52.288892171985694,51.405633869652696,52.200564320134575,22719390
2017-09-18,53.304630279541016,53.34879588441575,52.200557544924486,52.598024403258954,16498181
2017-09-19,52.81885528564453,53.87876611255105,52.686368538133486,53.87876611255105,13417060
2017-09-20,53.03965759277344,53.5254489596445,52.73051855095444,53.481286720722196,16001703
2017-09-21,53.17215347290039,53.61378264897205,52.907176641130036,53.61378264897205,17318422
2017-09-22,52.90717315673828,53.43712678537699,52.73052082407105,53.43712678537699,21454502
2017-09-25,52.28889083862305,53.392963688385514,51.935586178953876,53.392963688385514,15493637
2017-09-26,51.49395751953125,51.89142442302703,51.31730518804835,51.49395751953125,22230913
2017-09-27,51.53812026977539,52.023915028498635,51.1848189726784,51.84726269526864,21077677
2017-09-28,51.228981018066406,51.935586978925755,50.6548617796015,51.935586978925755,23900509
2017-09-29,50.875675201416016,51.18481761873179,50.38988382490598,51.09648976977175,22621410
2017-10-03,50.96400451660156,51.62644824072716,50.38988527461418,51.62644824072716,26541908
2017-10-04,51.80310821533203,52.24473742988946,51.14066439349589,51.228988888661966,18905929
2017-10-06,52.6422004699707,53.34880990126975,52.06808451874457,53.34880990126975,38525263
2017-10-09,52.50970458984375,52.730519156353296,52.11223769625398,52.730519156353296,13395776
2017-10-10,52.6422004699707,52.6422004699707,51.758942050210365,52.023922271629246,12868280
2017-10-11,52.774688720703125,52.99550331786088,52.421384017505375,52.774688720703125,12231745
2017-10-12,53.216312408447266,53.437126982756176,52.95133559314918,53.216312408447266,17791193
2017-10-13,54.01124572753906,54.452874872099926,53.30463640075129,53.437126491864746,18040271
2017-10-16,53.922916412353516,54.6736879593323,53.922916412353516,54.6736879593323,11580059
2017-10-17,54.45287322998047,54.71785003485356,54.05540633798939,54.49703546923217,13040660
2017-10-18,54.71784973144531,54.76201197045214,54.099568277261184,54.143730516268015,8999949
2017-10-19,53.96708679199219,54.98283529785044,53.74627219240242,54.938673051805175,21686490
2017-10-20,53.17215347290039,53.21631571663491,52.46554746505838,53.17215347290039,31712431
2017-10-23,52.28889083862305,53.26047359866884,51.84726169871806,53.08382126883426,26781902
2017-10-24,51.89142990112305,52.28889684657879,51.49396295566731,51.714777550991236,24883373
2017-10-25,52.20056915283203,52.46554936355406,51.670615470114654,51.891430066140785,10612336
2017-10-26,52.46554183959961,52.50970407859897,51.71477029915906,52.112237188879014,12686179
2017-10-27,52.9954948425293,53.26047164286938,52.73051804218922,52.818842519181636,17076686
2017-10-30,52.46554183959961,53.30463448867602,52.023912710880296,52.86300535995671,14584463
2017-10-31,51.84726333618164,52.20056463764598,51.7147732422806,51.8914255776943,12400914
2017-11-01,53.12798309326172,53.12798309326172,51.979744715823564,52.465539430599414,22999090
2017-11-02,52.68635940551758,53.039660707003,52.28889249315381,52.863008371578765,17927719
2017-11-03,53.216312408447266,53.216312408447266,52.59803092650972,53.083822316116716,18958361
2017-11-06,52.90717315673828,53.702103599696336,51.758934679082756,53.702103599696336,22494914
2017-11-07,53.4371337890625,53.4371337890625,52.68636548853179,52.995504584194215,12210442
2017-11-08,54.0554084777832,54.187895200782826,53.613779329058445,54.187895200782826,17266500
2017-11-09,54.09957504272461,54.54120422674685,53.79043596165435,54.32038963473573,18965547
2017-11-10,54.40871047973633,54.62952505695825,54.055409177799085,54.055409177799085,20515140
2017-11-13,57.67677688598633,57.94175036583057,54.76202143661141,54.76202143661141,45326719
2017-11-14,58.206722259521484,59.575768556396,57.85341759819951,59.178305024112476,38011493
2017-11-15,57.05848693847656,58.95749370132054,57.05848693847656,58.38337443738264,30032215
2017-11-16,57.67677688598633,57.89759148855331,56.92600184627708,56.97016746228123,19190021
2017-11-17,58.206722259521484,59.08998054346346,57.809251988512045,57.897583207886974,27497649
2017-11-20,57.67677688598633,58.383379570964536,57.58844565397803,57.94175036583057,15425288
2017-11-21,60.14988708496094,60.238211564576574,57.897582530495995,58.295046058129266,37069081
2017-11-22,60.194053649902344,61.07731193753488,59.39911984328788,60.94482184664481,33624400
2017-11-23,59.619937896728516,60.41487174976349,59.001659754771495,60.06156706633391,27805530
2017-11-24,60.370704650878906,60.414870262242545,59.22247288141218,59.22247288141218,19858430
2017-11-27,59.88491439819336,60.238212321092874,59.26662955566736,59.97323887891824,16189101
2017-11-28,58.515865325927734,58.91332888548122,58.030070540938915,58.515865325927734,29085973
2017-11-29,58.250877380371094,58.51585754398499,57.500109235099025,58.29504298721524,25354892
2017-11-30,55.91025161743164,57.36762584037382,55.82192713217325,57.10265238459866,47371839
2017-12-01,55.82192611694336,56.66102218908998,55.42445920178305,56.13106517908855,21502252
2017-12-04,56.17522430419922,56.39603887044114,54.320383295512244,55.115317081728314,16094024
2017-12-05,55.29196548461914,56.26355158795572,55.0269886816593,55.071150920592125,16658073
2017-12-06,54.585357666015625,55.73359268537697,54.232056397407455,55.42445365417448,20231822
2017-12-07,53.702110290527344,54.938673403900346,53.657948044199046,54.89451115757204,25351354
2017-12-08,54.585357666015625,54.7178477475954,53.79042728462518,54.364543109624485,32510159
2017-12-11,55.33613204956055,55.60110885710128,54.67368834602724,55.60110885710128,29280692
2017-12-12,55.82192611694336,56.086902937262536,55.380296959957036,55.64527378027621,21235368
2017-12-13,56.04273986816406,56.17522659168642,54.93866699199599,55.46862062481146,19740467
2017-12-14,54.93866729736328,55.954412327465946,54.8945050559437,55.645273268165795,20218825
2017-12-15,54.71784973144531,55.203641099246106,54.32038284165817,54.982826534849124,35492938
2017-12-18,55.29196548461914,55.645270134807504,54.585359553605265,54.71784963976662,16877654
2017-12-19,55.77776336669922,56.92599512116175,54.80617720856755,54.80617720856755,21712666
2017-12-20,55.29196548461914,55.86608469883452,55.159478767820644,55.46861780971332,14770399
2017-12-21,55.73360061645508,56.04274306101232,55.46862378495118,55.60111388538474,11787850
2017-12-22,56.48436737060547,56.52852961049108,55.82192366423252,56.263552801814484,14292740
2017-12-27,56.97016525268555,56.97016525268555,55.99858238681918,56.30772147067758,18864281
2017-12-28,57.63260269165039,57.98590735091526,56.79351002228147,57.23513916168108,20106154
2017-12-29,58.869171142578125,59.001661244550355,57.588442475148554,57.85342267909302,20605784
2018-01-02,59.75242233276367,60.06156137444582,59.089978641133754,59.13413751067366,18995725
2018-01-03,60.14988708496094,60.37070165336294,59.66409907771204,60.37070165336294,18713838
2018-01-04,60.06157302856445,60.149897523508116,58.9133343781158,59.929082916785454,22487837
2018-01-05,59.575775146484375,60.94482833352525,58.73668237941202,60.591523633121795,17434871
2018-01-08,59.04581832885742,59.354957398267146,58.20672560635583,59.354957398267146,16912507
2018-01-09,58.56002426147461,59.089977860027986,58.162554008515365,59.089977860027986,19284265
2018-01-10,58.82500457763672,59.04581916444371,57.8975873562832,58.51586550385221,20358463
2018-01-11,58.913333892822266,58.95749950929379,58.11840670615043,58.64836041017397,21812494
2018-01-12,59.399112701416016,59.61992724677444,58.6483445949424,59.08997368565925,20149879
2018-01-15,59.443294525146484,60.63569204768393,59.443294525146484,59.97324823086013,31919727
2018-01-16,60.326541900634766,60.41486637895864,59.35495242289488,60.061561726937384,20947600
2018-01-17,60.06157302856445,60.72401684873244,59.664109431954465,60.72401684873244,17798527
2018-01-18,58.7366828918457,60.01740486091405,58.7366828918457,59.619941281196766,26491595
2018-01-19,58.869171142578125,58.869171142578125,57.0143299311464,58.29505185984945,32716914
2018-01-22,58.47169494628906,59.17830425980694,57.8534168510053,59.17830425980694,29725370
2018-01-23,59.222476959228516,59.61994053396429,58.8250066457661,59.399125939394054,27701120
2018-01-24,59.0899772644043,59.84074541634769,58.86916270567239,59.44328190612047,24326464
2018-01-25,58.60417938232422,59.35494749381895,58.33920596935705,58.73666945817039,22093981
2018-01-26,58.82500457763672,59.266633751250694,58.78084570351116,59.222474877125144,18393323
2018-01-29,57.76509094238281,59.53160744374787,57.76509094238281,59.134137187705335,24227793
2018-01-30,58.82500457763672,58.869170190488674,57.76509725645373,57.85342174343124,22717956
2018-01-31,59.17830276489258,59.53160741272662,58.78083924778282,59.00165381033839,26131314
2018-02-01,57.67677688598633,59.178313487951044,57.67677688598633,58.91333326937991,23426111
2018-02-02,57.58843994140625,58.29504929501817,57.50011545688631,57.76509564917234,12796343
2018-02-05,56.35188293457031,57.14681344034418,55.954415997001746,56.175230587943915,28410329
2018-02-06,53.87875747680664,55.02699261801351,53.790432992622684,54.364548878544575,41554227
2018-02-07,53.702110290527344,55.46862709856682,53.702110290527344,55.20365025123358,36755438
2018-02-08,54.71784973144531,55.29196557725976,54.143730516268015,55.29196557725976,29961037
2018-02-09,52.377220153808594,53.9670845303546,52.15640556347267,53.87876004196553,43769542
2018-02-12,52.9954948425293,53.878753089904784,52.9954948425293,53.878753089904784,34277613
2018-02-13,54.14373016357422,54.62952152821055,53.70210103765704,53.79042888445817,40289235
2018-02-14,55.115325927734375,55.20365042066206,54.01125291932113,55.02699806544326,23355910
2018-02-15,55.91025161743164,56.08690395731155,55.203645627275144,56.04274171468235,14809889
2018-02-20,55.8660888671875,56.52853260869565,54.629525868627034,55.1153206412235,25243029
2018-02-21,56.837669372558594,56.925993853438584,55.42445746230089,56.042738936549746,17280947
2018-02-22,55.64527130126953,56.528529575892854,55.4244567326137,56.08690043858119,24927027
2018-02-23,56.219390869140625,56.35187758952143,55.73359611965549,56.30771534939449,16287292
2018-02-26,55.82192611694336,56.35187975758171,55.73359826392825,56.086902937262536,22473288
2018-02-27,57.897586822509766,58.73667954914994,57.05848735714325,57.50011652668573,42629635
2018-02-28,57.897586822509766,58.82500403531317,57.4117920405225,57.897586822509766,29107828
2018-03-01,57.941741943359375,57.985907552943566,56.70517900098696,56.83766909101363,25299626
2018-03-02,56.88184356689453,57.10265817178253,56.35188649354524,57.10265817178253,31294395
2018-03-05,55.247806549072266,56.83767083125562,54.93866748869549,56.61685625402563,25358211
2018-03-06,57.014320373535156,57.19096932073453,55.733591920800855,55.733591920800855,23416389
2018-03-07,55.46862030029297,56.396040836975686,55.38029581846148,56.219391873312695,22738854
2018-03-08,57.146812438964844,57.323468151858975,56.21939521649469,56.44020980356755,19125724
2018-03-09,58.2950553894043,58.2950553894043,57.36763135817301,57.45596259065364,19322956
2018-03-12,59.84074783325195,60.32654257757311,59.17830413030082,60.32654257757311,26855129
2018-03-13,59.88491439819336,60.1940534500934,59.17830507494248,60.1940534500934,19238959
2018-03-14,59.17830276489258,59.48744180472524,58.47169346922449,59.48744180472524,15151348
2018-03-15,59.31080627441406,59.44329638967998,58.29505770901161,58.47170670354804,14042245
2018-03-16,59.31080627441406,59.31080627441406,58.64836243681166,58.73668693407988,21544824
2018-03-19,60.06157302856445,60.149897523508116,58.78085100506381,59.3108047134528,19682682
2018-03-20,60.768165588378906,60.768165588378906,59.399112711435684,59.708251727244594,24480848
2018-03-21,60.017398834228516,61.69559095322414,59.929074351907914,61.386451895739015,29345167
2018-03-22,59.354942321777344,60.76816068935862,59.045803330890664,60.76816068935862,23678708
2018-03-23,58.33921432495117,58.427538808590434,57.41179039992348,57.45595601110619,29980310
2018-03-26,59.75242233276367,59.75242233276367,57.54427669399728,58.33921047169832,25218912
2018-03-27,59.443294525146484,60.94483114778964,59.04582419181602,60.76818215879408,19796119
2018-03-28,57.67677688598633,59.61994269308501,57.63261126998218,59.61994269308501,22363662
2018-03-29,58.64834976196289,58.824998718322654,57.45595245972018,58.206720632337756,22568029
2018-04-03,59.79659652709961,60.19406688717751,58.692523424762264,59.531623025775104,29056750
2018-04-04,58.82500457763672,60.63568688494459,58.82500457763672,60.23821658545617,26014980
2018-04-06,59.66410446166992,59.796587823685456,58.95749508353029,59.354958647029804,32745878
2018-04-09,59.88491439819336,60.547358111718836,59.75242430774308,59.97323887891824,25510436
2018-04-10,60.41487121582031,60.724010284066665,59.22247381616935,60.724010284066665,32768631
2018-04-11,63.241294860839844,63.68292402430762,60.14989071656543,60.19405632840271,54657403
2018-04-12,62.358028411865234,63.63875686234458,62.00472377936316,63.417942309371455,34606054
2018-04-13,62.26970291137695,63.24128558068885,62.09305396740216,63.064636636714056,27536749
2018-04-16,59.79659652709961,62.71135221276117,59.664113145801075,62.26972297182623,29221614
2018-04-17,59.575775146484375,60.81233822853312,59.00166258939627,60.06156995187995,26050461
2018-04-18,60.988990783691406,61.0331496572465,59.6199376676837,60.41487151766475,18993276
2018-04-19,60.679847717285156,61.87225191550441,60.14989403959139,61.474781603189115,35394757
2018-04-20,60.14988708496094,61.20980105652607,59.88491364611404,60.679840701380584,29674940
2018-04-23,60.194053649902344,60.50319270282854,59.619934415196006,59.79658337723213,20787186
2018-04-24,60.7240104675293,60.988990663241765,60.19405681483067,60.63568598186725,18259909
2018-04-25,60.81233596801758,61.342289629559986,60.06156771927196,60.06156771927196,25654299
2018-04-26,59.92906951904297,61.20979799495097,59.708254961685604,61.03314230582978,21826370
2018-04-27,60.944828033447266,60.98899364780274,59.97324516616662,60.5915233347834,24299910
2018-04-30,62.446346282958984,62.711326414000965,60.90064457557163,61.82806829549391,27846946
2018-05-02,61.5630989074707,62.44635718011003,61.077310900754576,62.44635718011003,22307829
2018-05-03,61.25395584106445,61.51893600096186,59.973234125252894,61.20979697356515,23479913
2018-05-04,60.06157302856445,62.26971909579109,59.88492403867713,62.181394600847426,33462355
2018-05-07,60.370704650878906,60.90065829361172,59.22247288141218,60.6356848416084,23114987
2018-05-08,61.29813003540039,61.43062013391148,59.88491804164352,59.88491804164352,19994983
2018-05-09,61.5630989074707,62.04889365291267,61.16563538027334,62.04889365291267,21533283
2018-05-10,62.79966735839844,63.06464755897822,61.8280845208166,62.18138920868084,25349584
2018-05-11,64.30121612548828,65.05198444004367,63.41795769925205,63.682931183886716,24983061
2018-05-14,65.67024230957031,66.24436145660587,65.00779869500425,66.24436145660587,24123797
2018-05-15,64.5661849975586,66.24437723526391,64.5661849975586,66.24437723526391,16077640
2018-05-16,64.16870880126953,64.87531130948409,63.02047045967372,63.947894253941506,21685307
2018-05-17,63.329620361328125,64.03622972969809,63.329620361328125,63.771249531877764,15590218
2018-05-18,63.594608306884766,63.992071913311925,62.799674355303274,63.72709842193621,19071004
2018-05-21,65.53776550292969,65.53776550292969,64.03622903484454,64.0803946469108,20448813
2018-05-23,62.76639938354492,64.86307238960995,62.76639938354492,64.2385338114493,36782359
2018-05-24,63.07868576049805,63.658618487012525,62.721810365992354,62.76641638682465,18157818
2018-05-25,62.900245666503906,63.79244773269545,62.900245666503906,63.34634669959968,18239433
2018-05-28,64.95230102539062,65.08612586478655,63.83704865068928,64.59541890409413,19256712
2018-05-29,63.569400787353516,64.37238405342826,63.48018193711454,64.10472069574936,11173402
2018-05-30,62.81101989746094,62.944851554029384,62.32030609236357,62.45413774893202,22273208
2018-05-31,64.2385482788086,64.2385482788086,62.63258184905377,63.83706007485064,34446735
2018-06-01,63.301734924316406,64.59543202594651,63.16791005773543,64.59543202594651,25167087
2018-06-04,64.19393157958984,64.5954265662831,63.926275062088784,64.5954265662831,15819882
2018-06-05,64.28316497802734,64.77387205610395,64.06011444973018,64.23855214958314,18020541
2018-06-06,65.2199478149414,65.57682988318051,64.23852723250334,64.41696486314325,18190425
2018-06-07,65.7999038696289,66.20139208570976,65.1753651319561,66.20139208570976,17678176
2018-06-08,64.19393157958984,65.93372957467172,63.792443399857696,65.93372957467172,16054164
2018-06-11,64.59540557861328,64.99689362789809,64.1046919121906,64.59540557861328,9455616
2018-06-12,64.06010437011719,65.13074401469774,64.06010437011719,64.81847468560848,14150872
2018-06-13,63.480167388916016,64.50620094892584,63.167898081163564,64.23853765258923,14908277
2018-06-14,62.58796310424805,63.747821461493395,62.45413146115355,63.34633333917003,21073563
2018-06-15,62.09722900390625,63.12326218886238,62.09722900390625,62.81099299525605,24994458
2018-06-19,60.13440704345703,62.3649117052547,60.13440704345703,62.3649117052547,42409942
2018-06-20,61.60654830932617,61.963423649197324,60.3128513779305,60.40207021289829,31854410
2018-06-21,60.35746383666992,62.00803609803112,60.35746383666992,62.00803609803112,22706247
2018-06-22,61.205055236816406,61.82960071485227,59.77753341224455,60.08980274778199,27819297
2018-06-25,59.95595932006836,61.606538125446754,59.643690045820435,61.20504322401972,27204912
2018-06-26,60.35746383666992,60.80356481579245,59.42064905772832,59.732918381721944,21096520
2018-06-27,59.06377029418945,60.93739995933004,59.06377029418945,60.66973663374963,18995490
2018-06-28,60.75895690917969,60.75895690917968,59.019165672674696,59.77753603712658,32664146
2018-06-29,61.205055236816406,61.56193739469961,60.357466067934645,61.11583639908585,27649944
2018-07-03,60.08979797363281,61.56193250358899,59.10837722264885,61.56193250358899,29124999
2018-07-04,60.00057601928711,61.02660953565578,59.64369390833799,60.22362648776029,15819097
2018-07-05,59.77752685546875,60.268240619603716,59.06376261799249,59.643695210071925,19565936
2018-07-06,60.35746383666992,61.026615305353715,58.92994206486999,60.045194512676304,19283980
2018-07-09,61.160438537597656,61.38348899644088,60.58050598321329,61.29426336733575,17818667
2018-07-10,60.625118255615234,61.96342114697063,60.625118255615234,61.29426970129293,15729418
2018-07-11,60.268245697021484,60.4020705467324,59.599094220623584,59.777531891545365,15331672
2018-07-12,60.892791748046875,61.115842267270494,59.86675799822592,60.00058967115242,13031343
2018-07-13,60.75895690917969,61.517327273631565,60.491300384235,61.38350241463987,14217832
2018-07-16,61.38349151611328,61.56192916772846,60.40206401134954,60.758946121539985,10039165
2018-07-17,60.803558349609375,61.561928572076276,60.66972670871286,61.561928572076276,19907178
2018-07-18,60.40208053588867,61.561946009578556,60.223642835457284,61.33889548055834,14100222
2018-07-19,60.268245697021484,61.33888533647379,60.089801219138884,60.669733860075894,15962583
2018-07-20,60.446678161621094,60.93739192483163,59.24220696923914,60.223627688699985,17277214
2018-07-23,61.07121276855469,61.33887604133716,60.53589302994952,61.02660676106413,13965823
2018-07-24,61.78498458862305,61.8295974085832,60.75895099218519,61.517321282783385,15991997
2018-07-25,61.5173225402832,62.27569965334431,61.249666035932904,62.27569965334431,12108855
2018-07-26,60.937400817871094,61.82960283976109,60.580518647722855,61.82960283976109,13607911
2018-07-27,61.24966812133789,61.24966812133789,60.62512264266804,60.6697354650591,10573112
2018-07-30,61.29427719116211,61.472721682657536,60.402075154569,60.49130080379738,10784790
2018-07-31,61.11583709716797,61.874207436981486,60.89278659681334,61.65115693662686,17724808
2018-08-01,60.04519271850586,61.87420259408035,59.77752941624592,61.78498376231388,16221180
2018-08-02,58.796112060546875,60.4020715463017,58.57306156472307,60.04519619855236,20129074
2018-08-03,59.06377029418945,59.86675346396954,58.79611377557018,59.777534624429784,22926850
2018-08-06,60.31285095214844,60.669733096460945,59.46526181549688,60.04519444913461,20356724
2018-08-07,60.803558349609375,61.026608815450224,60.00057531119029,60.98199599949805,12216154
2018-08-08,60.98200607299805,61.249669399005874,60.53590506762578,61.249669399005874,18284940
2018-08-09,62.09722900390625,62.543329796760396,60.98197702177087,61.071195818950116,17766669
2018-08-10,61.78498458862305,62.32030439334173,61.47271526978386,61.561934102743535,12200082
2018-08-13,60.803558349609375,61.3834909221876,60.26823859298332,60.66972670871286,13048676
2018-08-14,60.66972732543945,61.42809755561543,60.44667685733122,60.66972732543945,16749324
2018-08-15,59.688316345214844,61.071225388466004,59.420653017121744,60.982006548088705,15713997
2018-08-16,58.5284423828125,60.17901451115794,58.43922355557008,58.5284423828125,24241080
2018-08-17,58.796112060546875,59.59909520690476,58.483842727785735,59.59909520690476,19001704
2018-08-20,59.91136169433594,60.13441217956655,58.21617664519112,58.21617664519112,18553980
2018-08-21,60.937400817871094,61.69577117508535,60.0451987959811,60.625124664640616,21647896
2018-08-22,61.24966812133789,61.56193745719232,60.04519679335024,61.56193745719232,15164040
2018-08-23,60.625118255615234,61.56193300234821,60.089798460465175,61.56193300234821,20078642
2018-08-24,59.01917266845703,59.732930293208746,58.26080221411241,58.88534098664043,43873706
2018-08-27,60.17903137207031,60.35747588351179,59.063778701668994,59.866761985750365,24923180
2018-08-28,60.17903137207031,61.07123350839137,60.00059366759095,61.07123350839137,17590214
2018-08-29,61.07121276855469,61.11582558300503,60.26823656412683,60.625111851890416,17987833
2018-08-30,60.53590774536133,62.008042489600236,60.49130172702769,62.008042489600236,13587379
2018-08-31,60.40208053588867,60.93740725110674,59.82215460600568,60.40208053588868,18867813
2018-09-03,60.35746383666992,61.026615305353715,60.13441334710866,60.84817082952826,11549864
2018-09-04,60.66972732543945,60.66972732543945,59.64369381074956,60.4912896737369,10165605
2018-09-05,58.70689010620117,60.75895047463667,58.662277286621034,60.669731642436965,20357885
2018-09-06,57.54702377319336,58.61766335316627,57.056313398459075,57.54702377319336,27650094
2018-09-07,57.145538330078125,58.43922845086254,56.208723548157856,57.190144343955765,27947373
2018-09-10,55.43541717529297,57.18317964016867,55.121717710421734,57.18317964016867,32367977
2018-09-11,55.569862365722656,57.13836654540032,55.569862365722656,56.24207844272737,26989549
2018-09-12,56.28688430786133,56.51095630225494,55.88355403413937,56.37651515705915,24097400
2018-09-13,57.3624382019043,57.98983713448342,56.242078080773354,57.94502683251949,21850529
2018-09-14,58.079471588134766,58.348353915127895,57.36243837321536,58.25872647279685,13684869
2018-09-17,57.67613220214844,58.43797564468944,56.77984419018611,57.586504768579175,12477470
2018-09-18,58.39316940307617,58.43797970390599,57.00392015278066,58.213907685350925,18279504
2018-09-19,58.930946350097656,59.06539094133724,57.98984104955654,58.70687431074367,15286117
2018-09-20,58.706871032714844,59.06538764328983,58.16909953592014,58.975760200179984,18604288
2018-09-21,60.768333435058594,60.768333435058594,59.244639624365234,59.37908420150512,30036985
2018-09-24,59.961673736572266,61.84387733119908,59.91685659745494,61.84387733119908,26228571
2018-09-26,61.0372200012207,61.17166458772196,59.69278781247956,59.96167698548208,31514719
2018-09-27,61.8438835144043,62.29202759784201,61.395739430966586,61.395739430966586,24046218
2018-09-28,62.65053939819336,62.82979428248298,62.2023953493338,62.74016684033817,28986361
2018-10-02,60.54426956176758,62.292028785235544,60.185752920556254,62.292028785235544,39446639
2018-10-03,58.97575759887695,60.76833373454938,58.437979287667,60.0513005450263,35828629
2018-10-04,57.317626953125,59.558343872966844,57.048741196269404,59.558343872966844,30856278
2018-10-05,57.13837432861328,57.58651844099457,56.10764150250904,56.735043943656486,26891192
2018-10-08,56.959110260009766,58.16910129294793,56.77985194930768,58.124284150971484,21083430
2018-10-09,56.466148376464844,57.272809006612825,56.33170379841763,56.690220393831765,19163010
2018-10-10,56.64540481567383,57.63132371118154,56.64540481567383,56.73503225205292,21432347
2018-10-11,54.22542190551758,55.03208244198689,54.001349914172465,54.62875217375223,32436707
2018-10-12,56.42133331298828,56.51096075017329,54.40468520471754,54.71838465393263,39658831
2018-10-15,55.92837905883789,56.645408858244984,55.12171839758754,56.19726480623208,30309595
2018-10-16,55.076908111572266,56.28689575985189,54.35987826744108,56.28689575985189,24133539
2018-10-18,55.43541717529297,56.46614984970031,54.987273128866775,56.46614984970031,26490551
2018-10-19,55.8387451171875,56.107630849751196,54.673571330033106,54.80801590584875,21407645
2018-10-22,57.94502258300781,57.989832881685494,56.46614596394418,56.91428997953104,26036414
2018-10-23,55.25616455078125,57.27281284213724,55.21134740905237,57.09355453242535,23570949
2018-10-24,54.404685974121094,55.79393178454112,54.31505511660094,55.569859769342166,30183937
2018-10-25,53.194698333740234,53.55321494788037,52.70174055359842,53.28432919680918,35315626
2018-10-26,53.239505767822266,54.04616287396067,53.01543377960596,54.04616287396067,26477457
2018-10-29,53.37395477294922,54.2254291374332,52.88099701005882,53.77728509497507,23694550
2018-10-30,52.20878982543945,53.68766678468866,52.16397609738578,53.59803590951302,28949392
2018-10-31,53.194698333740234,53.373956640810306,52.25359649545716,52.38804108052667,31517662
2018-11-01,54.94245910644531,55.076903687262266,53.46358581279741,54.2254293199129,35655967
2018-11-02,57.58650588989258,58.07946704132464,55.56985782370957,56.0180018384169,40719541
2018-11-05,55.74911880493164,56.77984803708085,55.61467422640156,56.46614857926754,19638447
2018-11-06,56.018009185791016,56.018009185791016,55.30097935202648,55.749123425512806,16245497
2018-11-07,57.00392150878906,57.72095472047617,56.01800597132092,56.10763341324793,24427253
2018-11-08,56.779850006103516,58.437981630448014,56.46615053741167,58.437981630448014,18245456
2018-11-09,56.1524543762207,56.73503962654505,55.97319606109476,56.42134013937563,18304437
2018-11-12,57.04874801635742,57.4968921377143,55.92838771296524,56.01801516960929,14090679
2018-11-13,58.03465270996094,58.0794698488521,56.01800454629434,56.42133486284119,19299743
2018-11-14,56.9142951965332,57.63132842245244,56.555778583573584,57.36243925319882,17774069
2018-11-15,57.541683197021484,57.76575518273906,56.37651297417065,57.36242834370115,17295141
2018-11-16,57.90019989013672,58.03464444953858,56.73502624523355,57.5416833444432,13260093
2018-11-19,58.75168991088867,59.15501683587899,58.3035458439502,58.52761787741944,23466983
2018-11-20,56.24208068847656,57.81058493078468,56.107636100080136,57.362440861553786,35214407
2018-11-21,56.86948013305664,57.27281045835418,55.25616225093422,55.8387474594149,23137328
2018-11-22,57.04874801635742,57.54170244696802,56.77985880828865,57.407264681070245,11206679
2018-11-23,57.13837432861328,57.272818929954965,56.690230216232,57.093560601188805,7624016
2018-11-26,58.169097900390625,58.52761450088528,57.31762353851661,57.63132641871635,20943898
2018-11-27,57.67613220214844,58.25872077755091,57.586504768579175,58.25872077755091,18733356
2018-11-28,57.989837646484375,58.25872681318407,57.407255848860984,58.169099370329356,16541180
2018-11-29,57.720951080322266,59.19982771232734,57.631323644047576,58.97575570257309,26384090
2018-11-30,57.22799301147461,58.258725679586696,57.22799301147461,58.034653657742126,25713026
2018-12-03,59.37909698486328,59.82724111305093,58.079481748373794,58.25873666439416,41438754
2018-12-04,60.051292419433594,60.051292419433594,58.70686049959553,58.751677632177206,25302558
2018-12-05,58.079471588134766,59.0653871300473,57.989837307668196,58.43798135745894,22118378
2018-12-06,56.64540481567383,57.272807127530086,56.4661465238481,57.09354883570437,20927903
2018-12-07,56.51096725463867,57.72095831031277,56.37652608338686,57.63133086281155,21281751
2018-12-10,55.480228424072266,56.5557712860354,54.67356785853254,56.01799985505383,26029035
2018-12-11,55.88356018066406,56.10763219970292,55.16653040355325,55.16653040355325,20868696
2018-12-12,57.317626953125,57.36244067608961,56.10763591867299,56.510966263490324,19515436
2018-12-13,57.90019989013672,58.25871643583024,57.09354279092707,58.25871643583024,19860850
2018-12-14,57.407249450683594,57.407249450683594,56.69021631148988,57.407249450683594,16690840
2018-12-17,57.13837432861328,57.631335587487285,56.33171355869968,57.40726353129664,17383145
2018-12-18,56.779850006103516,57.94502727625671,56.779850006103516,57.36243864118011,22929966
2018-12-19,57.765769958496094,58.0794762892503,56.8246714806417,57.00392637981317,19503636
2018-12-20,57.496883392333984,57.989837747965325,57.00392219856707,57.586510835345535,16905196
2018-12-21,58.079471588134766,58.16909903046581,56.69022229852924,57.31762465204984,30089234
2018-12-24,57.3624382019043,57.3624382019043,56.69022212922573,56.779849571289105,9995675
2018-12-27,57.09355545043945,58.21391221125037,56.86948341446369,57.945029870960965,18479943
2018-12-28,57.496883392333984,57.676138278357094,56.73503645046461,57.09355306064641,15521921
2018-12-31,58.258724212646484,58.52761336734358,57.631325302533625,57.945024757590055,11782085
2019-01-02,56.42133331298828,58.25872312782145,56.10763044470563,58.25872312782145,21983005
2019-01-03,55.43541717529297,56.19726410565814,55.03209026876359,55.92837836161597,24916086
2019-01-04,56.86948013305664,56.86948013305664,54.6735736233858,54.85283192563667,25312949
2019-01-07,56.73503494262695,57.810581325519934,56.5109629219854,57.36243728423683,17478541
2019-01-08,57.3624382019043,57.586510226130486,56.73503585025742,57.183179898709795,19412127
2019-01-09,59.06538391113281,59.11019421078853,58.25872329784334,58.70686732321136,31453181
2019-01-10,59.872047424316406,60.05130230789174,58.79649760845795,60.05130230789174,22276664
2019-01-11,60.320186614990234,60.4994414841337,59.827225467643316,60.4994414841337,17283945
2019-01-14,60.14092254638672,60.4546219741384,59.468706556289696,60.4546219741384,13877459
2019-01-15,62.38163757324219,62.38163757324219,60.54425144869764,60.94757827556168,24123373
2019-01-16,62.47126770019531,62.51608483317895,61.440542022915665,61.97831342804731,21794363
2019-01-17,61.53017807006836,62.56091072987034,61.35091635115672,62.56091072987034,15304850
2019-01-18,62.65053939819336,62.74016684033817,61.4853621359043,61.84387874261905,18072715
2019-01-21,61.48535919189453,62.60571926039893,61.395731754041215,62.336836946838986,15291494
2019-01-22,61.664615631103516,61.75424306129033,60.947582513339796,61.39572650240847,17501677
2019-01-23,61.35091781616211,61.75425156474303,60.768336020660016,60.94759090571673,12909665
2019-01-24,61.21648406982422,61.395738966589064,60.1409341748272,60.99241202980017,17567794
2019-01-25,62.292015075683594,62.471269937769826,61.440544223572005,62.292015075683594,15737447
2019-01-28,62.65053939819336,63.09868344705291,62.06795076704883,62.74016684033817,12993271
2019-01-29,61.53017807006836,62.29202157057057,61.17166147038045,61.2164786096422,23856227
2019-01-30,61.70942306518555,61.79905049121564,60.678690570503726,60.9475796867283,23329703
2019-01-31,63.18830871582031,63.50200817160513,61.978321193144424,62.11276577080514,24201592
2019-02-01,62.65053939819336,63.8157098223469,61.66462385832943,63.8157098223469,19772828
2019-02-04,64.93606567382812,65.02569994821344,63.72607818911199,64.53273879163443,24289373
2019-02-08,66.37013244628906,66.63901475682205,64.57755635686205,65.42902726408585,41814577
2019-02-11,66.683837890625,66.683837890625,66.01162179664317,66.14606638306668,28823625
2019-02-12,65.42903137207031,66.32531947305758,65.0705147640483,66.23569203058595,28688709
2019-02-13,66.7734603881836,66.7734603881836,64.75681225565455,64.75681225565455,24595799
2019-02-14,67.0423355102539,67.35603489759039,65.8771585422798,66.23567505843597,18764234
2019-02-15,65.60828399658203,66.77346122297531,65.3394016784311,66.1460623091545,20076236
2019-02-18,66.683837890625,66.86309278043254,65.9219943517394,66.41494871777797,19895375
2019-02-19,66.50457000732422,66.86308659189235,65.92198825030297,66.3253151341077,13787448
2019-02-20,67.8938217163086,68.1178937351743,66.90790620092656,67.22160565971149,18456346
2019-02-21,67.93865203857422,68.52123393016458,67.49050791388214,67.49050791388214,20946973
2019-02-22,68.61085510253906,68.61085510253906,67.31123328662632,67.4904950050981,15988296
2019-02-25,68.6556625366211,69.5071402780013,68.34196309006421,69.462323140721,23326684
2019-02-26,67.8938217163086,68.29714861501273,67.5353051184964,68.1178937351743,20065858
2019-02-27,69.0141830444336,69.86565399609125,67.9386400699044,67.9386400699044,32000372
2019-02-28,70.3586196899414,70.58269172717051,69.01418746656672,69.41751439832477,35661001
2019-03-01,70.80675506591797,71.16527164906861,70.13453903681116,70.80675506591797,25306014
2019-03-04,70.3586196899414,71.56860732335143,69.95529275818336,71.56860732335143,25470507
2019-03-05,69.46232604980469,69.95528722799293,69.10380945095281,69.91047008883568,21351723
2019-03-06,69.55194854736328,70.80675313510605,69.2382491099613,70.80675313510605,14209942
2019-03-07,68.6556625366211,69.86565002370341,68.61085223747587,69.05899625773858,21451938
2019-03-08,67.22161102294922,68.25234375959495,66.95272184360307,68.11789916992187,27344600
2019-03-11,68.83493041992188,68.83493041992188,67.04235417813365,67.04235417813365,16176559
2019-03-12,70.04491424560547,70.26898626376918,69.46232563075273,69.46232563075273,19257668
2019-03-13,70.53788757324219,70.58270472419495,69.50716148270017,70.35863264570544,21066182
2019-03-14,70.58268737792969,70.7619422614131,70.0897261911471,70.53787023799109,14730277
2019-03-15,70.3586196899414,70.8963912116641,69.46233154102495,69.91047561548318,32346581
2019-03-18,70.85157775878906,71.21008753191643,69.82084506570887,70.04491709298128,22596723
2019-03-19,70.17936706542969,70.76194891056082,70.17936706542969,70.76194891056082,22630431
2019-03-20,69.46232604980469,70.62750328653942,69.46232604980469,69.95528722799293,18690139
2019-03-21,68.34197235107422,69.9104766345415,68.34197235107422,69.14863306448459,17894690
2019-03-22,69.10381317138672,69.14863031295684,68.16271474163567,68.3419696316447,12200769
2019-03-25,67.58012390136719,67.84900622766521,66.37013633768727,66.37013633768727,21593751
2019-03-26,67.80420684814453,67.80420684814453,67.26643527078427,67.26643527078427,23342214
2019-03-27,68.43160247802734,68.83493626958683,67.40086968377922,67.71457602325981,18655367
2019-03-28,68.47640228271484,69.19342855590834,68.11788572705083,68.38677485333247,14689188
2019-03-29,70.04491424560547,70.08972454635702,68.25233810029572,68.34196553993414,21539212
2019-04-01,70.89639282226562,71.47898149992356,70.31380414460769,70.80676537296503,21364392
2019-04-02,71.70304870605469,72.42008192836947,70.9860154837399,72.42008192836947,20755037
2019-04-03,72.46488952636719,73.0474781429874,72.01674548868014,72.6889615452107,30891400
2019-04-04,71.70304870605469,72.42008192836947,71.29972179233737,71.88230359256558,23688044
2019-04-08,71.70304870605469,72.73378139883134,71.34453209489729,72.15119276046752,24601475
2019-04-09,71.43415069580078,71.74785696556667,71.21007869633073,71.25489583147863,17545438
2019-04-10,71.92711639404297,72.06156096988317,71.07564547728033,71.07564547728033,15389250
2019-04-11,71.70304870605469,72.01674817651656,71.43415953815274,71.56860412210371,26271760
2019-04-12,71.07564544677734,71.92711636317456,70.80675629521234,71.25490032239722,14914558
2019-04-15,71.70304870605469,72.59933681488037,71.47897667884827,71.70304870605469,21240431
2019-04-16,72.50970458984375,72.50970458984375,71.43415482730062,71.70304397747019,12980862
2019-04-17,71.6134262084961,72.59934182866557,71.25490957257918,72.59934182866557,13179038
2019-04-18,71.43415069580078,72.06155639719779,71.3445232636397,71.61341239825768,10798161
2019-04-23,71.97193145751953,72.28563090001448,71.25489829912964,71.25489829912964,13693259
2019-04-24,71.88229370117188,72.86821595572034,71.65822170479898,72.86821595572034,15979387
2019-04-25,71.56859588623047,72.50970102745246,71.3445238848095,71.43415131775092,14507877
2019-04-26,71.6134262084961,71.92712570062237,71.16528212313396,71.92712570062237,12407065
2019-04-29,71.97193145751953,72.2408137633145,71.65822517688959,71.88229718411955,5439951
2019-04-30,71.6582260131836,72.33044204271866,71.21008199349356,72.10637003287364,11663902
2019-05-02,74.61598205566406,75.01930895314325,71.88230069855076,72.10637271673595,26553168
2019-05-03,74.79522705078125,75.28818816089804,73.85412880165067,75.28818816089804,18782409
2019-05-06,72.10636901855469,73.45080105871271,71.61341470671105,72.59933016853329,37557223
2019-05-07,73.31636047363281,74.03338676428137,72.42007248172109,72.59932734484956,28566950
2019-05-08,72.06156158447266,73.04747708548403,71.7478621302602,72.55451591591073,23874879
2019-05-09,69.59677124023438,72.06156347654694,69.32788207920066,71.4341577135134,29936417
2019-05-10,69.86565399169922,70.22417059589823,68.07307780883961,68.16271208849096,43964709
2019-05-14,67.84900665283203,68.96936678143318,67.75937921017105,68.47641242773001,36470920
2019-05-15,69.3727035522461,70.26899169416623,69.01418692785087,69.19344182098055,23689641
2019-05-16,69.0141830444336,69.91047113591974,68.61085613851901,69.91047113591974,18666108
2019-05-17,69.05900573730469,70.04492134958996,68.43159991993333,69.91047675742922,18682259
2019-05-20,68.79012298583984,69.95530044267876,68.61086807162,69.01419504768297,17236755
2019-05-21,67.30492401123047,68.60614980346989,67.12544695251155,68.56128396209563,22023108
2019-05-22,68.2471923828125,68.42666943284458,67.12544370358555,67.66388170029236,13579719
2019-05-23,67.21517944335938,68.02283982825732,66.90109119551303,68.02283982825732,15583349
2019-05-24,67.70874786376953,67.9330976006894,67.03569865300994,67.48439812684967,13938873
2019-05-27,67.97796630859375,68.11257751219024,67.34978982062377,67.34978982062377,9005789
2019-05-28,69.54841613769531,69.54841613769531,67.3497915274704,67.75361830188382,30121259
2019-05-29,68.83049774169922,69.09972016931488,68.2471938928832,68.74075921469759,19311071
2019-05-30,67.34979248046875,69.54841712180416,67.08057006264337,69.54841712180416,20979353
2019-05-31,66.09342956542969,67.52926641896947,65.95881836271437,66.63186752968083,31557276
2019-06-03,65.01654052734375,66.40751141039448,64.83706350541893,65.95881200897288,24448627
2019-06-04,64.79219055175781,66.36263845007088,64.7024520411761,65.86907321856675,24212631
2019-06-05,66.18316650390625,66.58699325579455,65.59985587048202,66.0485553044068,41586302
2019-06-06,66.67675018310547,67.48440382694726,66.09343944852213,67.48440382694726,20363978
2019-06-10,68.47154998779297,68.65102705845156,67.4844055593366,68.65102705845156,31338502
2019-06-11,69.189453125,69.32406432796859,68.47153812018456,69.09971460522435,15744223
2019-06-12,67.39466094970703,68.69589355784116,67.17031120829881,68.2920599153399,20671433
2019-06-13,67.34979248046875,67.84335778433461,65.6895989815631,67.84335778433461,18612376
2019-06-14,66.22803497314453,67.7087375336201,66.09342378220778,66.67673437852733,22604582
2019-06-17,67.4843978881836,68.38179683268928,66.85622136567385,67.17030962692871,21301388
2019-06-18,68.83049774169922,69.45868112393217,67.52927198364863,68.06770999226919,19516720
2019-06-19,71.79191589355469,71.83678857963241,70.80477841934044,71.83678857963241,28331012
2019-06-20,73.63157653808594,73.63157653808594,71.88164471642222,72.4200826436227,23748424
2019-06-21,74.21488189697266,74.21488189697266,73.49696692744773,74.0354048662439,24281500
2019-06-24,74.3494873046875,74.48409849055857,73.81104940781256,73.81104940781256,17981980
2019-06-25,73.9456558227539,74.48409368488916,73.36234528602034,74.48409368488916,15051608
2019-06-26,74.1251449584961,74.1700176404378,72.8687851768382,73.40722997369872,15267766
2019-06-27,75.56098937988281,75.56098937988281,73.22775346288464,74.3046363183835,20072264
2019-06-28,75.6058578491211,75.7404690543763,74.61872042160003,75.38150812256585,21184240
2019-07-02,77.35578155517578,77.44552692143587,75.91994470094664,76.23403294302642,27779290
2019-07-03,77.80448913574219,77.8493618235644,76.50326334822898,76.72761309411823,15226560
2019-07-04,77.17630767822266,78.34292902130508,77.04169646992692,77.62500714146813,13280189
2019-07-05,77.40065002441406,77.98396064029683,77.17630031419837,77.22117299488544,9589905
2019-07-08,75.87507629394531,76.3237757236041,74.75332771979834,76.05455332716485,22405653
2019-07-09,75.24689483642578,75.78533279594632,74.61871835808684,75.38150603795845,19328746
2019-07-10,74.75333404541016,75.29177203724123,74.57385015039279,75.2020335130378,16921350
2019-07-11,75.69560241699219,76.23404043441322,75.38151414404749,75.38151414404749,12180444
2019-07-12,76.68273162841797,76.9519540313115,74.93280654944036,75.33663330717054,12659643
2019-07-15,76.95195770263672,77.08656891050569,75.42638227108284,75.69559784021035,14573316
2019-07-16,76.63787078857422,76.99683173363053,75.91994889846158,76.27890984351791,16119300
2019-07-17,76.72761535644531,76.86222657727006,75.91995487810787,76.45839291479581,13644339
2019-07-18,77.3109130859375,77.3109130859375,75.87507628060384,75.91994211559584,13338089
2019-07-19,79.41980743408203,79.41980743408203,77.26604857502208,77.26604857502208,19997601
2019-07-22,78.20831298828125,78.88136214162857,77.6698750349254,78.52240122385466,19230437
2019-07-23,78.20831298828125,78.20831298828125,76.54812644601319,76.8173419993861,15927549
2019-07-24,77.89423370361328,78.52241024694452,77.71474980079662,78.07371075981911,13562096
2019-07-25,76.77246856689453,77.75960585813462,76.77246856689453,77.17629528029886,17186671
2019-07-26,75.56098937988281,75.9648230181739,75.38151232727168,75.8302118054102,25031452
2019-07-29,74.1251449584961,74.75332827263004,73.36235729175702,74.61871707341491,26983307
2019-07-30,74.08026885986328,74.66357256463289,72.86877508138105,72.91364775710596,27161165
2019-07-31,72.59957122802734,73.31748622867639,72.01626058295552,72.82392094946958,25623911
2019-08-01,71.5226821899414,72.10599278390046,71.02911695398339,71.07398278637437,33980583
2019-08-02,70.13172149658203,70.44580972475897,69.54841087476204,69.99711029976051,38468041
2019-08-05,67.8433609008789,68.92024377503907,67.34979557433996,68.65102134484633,36607687
2019-08-06,67.75362396240234,67.88823518065647,65.24090404369535,65.95882597664334,57037103
2019-08-07,68.92024230957031,68.92024230957031,67.61900972012158,67.9330979842607,30576396
2019-08-08,69.27919006347656,70.17658893397035,69.05484034585312,69.09971302802182,21540802
2019-08-09,68.0228500366211,70.44582470832664,67.88823881116826,70.0419978785795,31252707
2019-08-12,67.88823699951172,69.14459699252549,67.30492626918983,67.30492626918983,16587426
2019-08-13,65.86907958984375,66.85621699494371,65.86907958984375,66.54212875422238,40302535
2019-08-14,65.77934265136719,67.12544101247339,65.10629347081408,66.67674155877133,50573475
2019-08-15,67.12542724609375,67.30490425212251,65.37549562757322,65.51010680539925,33861663
2019-08-16,68.20232391357422,68.20232391357422,66.27291469669696,67.3049249147114,34108728
2019-08-19,70.22146606445312,70.44581579628844,68.9202403584525,69.36893982212312,34851589
2019-08-20,69.45867919921875,70.22146692751178,69.18945677906329,70.17659424194902,21611371
2019-08-21,69.54841613769531,69.54841613769531,68.74075574225806,69.50354345315587,18848986
2019-08-22,68.42667388916016,70.0868606732143,67.93310169951197,69.63816117230178,24968395
2019-08-23,69.77276611328125,70.4458153040846,68.51640625445957,69.41380517553071,31513951
2019-08-26,67.75362396240234,68.06771224058797,66.45239816137145,66.45239816137145,32269053
2019-08-27,67.61900329589844,67.97796421221564,66.94595414528244,67.84335301277044,22056587
2019-08-28,67.61900329589844,67.88822569478884,67.12543802674605,67.75361449534364,16901421
2019-08-29,68.78562927246094,68.8753677960327,67.34979235548138,68.29205712290056,21824363
2019-08-30,68.42667388916016,70.26634458154594,67.39466366773914,70.26634458154594,30312349
2019-09-02,67.43952178955078,68.8753585130082,67.17029940851084,68.15743672797471,18493322
2019-09-03,67.30492401123047,68.06771178070223,67.03570157654119,67.57414644591977,15283896
2019-09-04,71.25346374511719,71.79190163808094,67.5741301554874,67.75360717093889,49089267
2019-09-05,70.49068450927734,71.34321070356904,69.54841295002014,70.89451126518182,28374529
2019-09-06,71.82719421386719,71.82719421386719,70.65561294342041,71.46671190035087,33649281
2019-09-09,72.1285629272461,72.30956723485197,71.31406770914882,72.1285629272461,24961619
2019-09-10,72.1285629272461,72.67156894545539,71.58556381364514,72.35481313329718,19599904
2019-09-11,72.71680450439453,72.76205730101366,71.04255459859746,72.12855267138276,23112226
2019-09-12,71.6760482788086,73.12405483361843,71.26880075064767,73.07880203955301,20957133
2019-09-13,73.0335464477539,73.0335464477539,71.5855468530203,72.12854583796957,14968242
2019-09-16,72.08330535888672,72.85255455400132,71.40455485061963,72.85255455400132,19595179
2019-09-17,70.90679931640625,71.8117999634685,70.63530326505176,70.77104783842552,21851749
2019-09-18,71.40455627441406,71.67605234037015,70.77105164463514,71.35930347778437,13962711
2019-09-19,69.23255157470703,71.7665562242516,68.87054992411392,71.7665562242516,33944446
2019-09-20,68.28229522705078,69.59455029206669,67.92030049632203,69.18729586308648,44035725
2019-09-23,67.78456115722656,68.78006065419459,67.3320607581858,68.50855765292688,20117221
2019-09-24,68.82530975341797,69.00630714145409,67.78455751069087,67.82980340539602,22434906
2019-09-25,67.42254638671875,67.87504669803901,67.19629623105862,67.64879654237889,30019129
2019-09-26,67.28679656982422,67.82979557586243,66.97004772501917,67.82979557586243,24383305
2019-09-27,66.97003936767578,67.37728684523137,66.65329056239854,67.24154228911691,20560572
2019-09-30,67.01529693603516,67.10579561476838,66.11029633948968,66.7890467868988,27681059
2019-10-02,67.28679656982422,67.73929689229057,66.11029987417591,67.33204936391364,24713962
2019-10-03,67.51305389404297,67.55830669293361,66.51755445991812,67.42255520086938,26841682
2019-10-04,66.56280517578125,68.0108049350678,66.06505202199175,67.78455475691028,26302592
2019-10-08,66.92479705810547,67.37729739495434,66.29129934835993,66.92479705810547,33121947
2019-10-09,65.612548828125,67.10580132030722,65.11479569586187,66.87955115193438,48939152
2019-10-10,64.88854217529297,65.52204675677388,64.52654744828311,65.34104248866211,30058577
2019-10-11,66.29130554199219,66.74380592111841,65.06955589927294,65.11480179442087,38245018
2019-10-14,66.78904724121094,67.60354225995694,66.3817928272313,67.60354225995694,28730607
2019-10-15,66.69854736328125,67.42255066922318,66.42705130200845,67.42255066922318,21399460
2019-10-16,67.92029571533203,68.23704453472682,66.56279485683457,66.97004235254124,60661824
2019-10-17,68.5538101196289,69.45881091328738,68.14656252432584,68.50855731810275,29744853
2019-10-18,68.19181823730469,69.5493196232017,67.92032210289074,69.27782348878775,30159169
2019-10-21,68.05604553222656,69.23254912894022,68.01079964288031,68.87054749113548,14883526
2019-10-22,68.10128784179688,68.50853530625098,67.73928625972329,68.46328942387046,22943912
2019-10-23,67.60355377197266,68.50855452878412,67.01530880373147,68.10130695006208,14727668
2019-10-24,68.14655303955078,68.14655303955078,67.51304842939744,68.14655303955078,11606251
2019-10-25,67.64879608154297,68.55379669801846,67.01529841185283,68.55379669801846,17481160
2019-10-28,70.13755798339844,70.77105574527636,68.32755648705268,68.64430536799163,35436386
2019-10-29,70.00180053710938,71.49505302552596,69.41354871990197,71.49505302552596,25536573
2019-10-30,69.4135513305664,70.40905763002354,69.23255395136007,70.40905763002354,18222371
2019-10-31,70.9972915649414,71.04254435503556,69.59454483190515,69.59454483190515,22703873
2019-11-01,71.94756317138672,71.94756317138672,70.81631217812593,71.85706447284748,24415862
2019-11-04,74.34579467773438,74.34579467773438,73.1692912307324,74.0742917577782,29586750
2019-11-05,74.57205963134766,74.79830980807832,73.667058924425,74.57205963134766,25083259
2019-11-06,74.93405151367188,75.02455019162959,74.02905092488166,74.48155121927677,13495853
2019-11-07,75.43181610107422,75.56756760343917,73.98381618660062,75.56756760343917,19426734
2019-11-08,74.57205963134766,76.0200593815024,74.43630814438777,76.0200593815024,15361015
2019-11-11,72.03804779052734,73.75755034513905,71.8117976360944,73.30505003627317,32056468
2019-11-12,72.71680450439453,73.12405896014454,71.76655791685923,72.40005564188277,18020944
2019-11-13,70.3637924194336,71.63079456417744,69.73029479936478,71.49504310141806,29981625
2019-11-14,69.14205169677734,70.363801204945,68.82530284719418,69.63979791623458,24098623
2019-11-15,69.68505859375,70.54480655481676,69.45880840351056,69.86605598409842,16208478
2019-11-18,71.04254150390625,71.58554044021234,70.22803964714407,70.36379110737211,21106315
2019-11-19,71.94756317138672,71.94756317138672,70.68056067801301,71.94756317138672,24966164
2019-11-20,70.40904998779297,71.40454927459072,70.31854440340588,71.31405059481033,22590851
2019-11-21,69.4135513305664,69.7755529935865,68.59905621953047,69.59455561438017,23523368
2019-11-22,69.95655822753906,70.77105334963734,69.68505525043462,70.13755560920367,13275697
2019-11-25,72.49054718017578,72.71679733173976,71.40454921451138,71.94754819734358,33067772
2019-11-26,71.81181335449219,73.03356307492919,71.44981164724204,72.67156827228732,30286440
2019-11-27,72.21906280517578,72.21906280517578,71.26880925328881,71.49505944139449,15644153
2019-11-28,72.5810546875,73.033555045663,71.67605397117403,72.40005730607781,19132126
2019-11-29,70.95205688476562,72.49055532644988,70.77105260040972,72.49055532644988,19905319
2019-12-02,71.40455627441406,71.81180382565188,71.13305330385062,71.58555365171813,13727742
2019-12-03,71.49506378173828,71.49506378173828,70.04706387087789,70.5900629743745,13715063
2019-12-04,70.27330780029297,70.90680554705985,69.95655892690952,70.5900566736764,13918475
2019-12-05,70.18280792236328,71.26880601406799,70.00180363734084,70.9068043486306,21042581
2019-12-06,70.5447998046875,70.5447998046875,69.86604929891588,70.18280505862839,30937530
2019-12-09,70.22805786132812,70.90680843390142,69.86605617503413,70.86156253849458,13479423
2019-12-10,70.04705047607422,70.36379931715935,69.86604620644923,69.95655179356517,12086420
2019-12-11,70.59004974365234,70.81629990308713,69.23254878704364,69.68504910591321,17673519
2019-12-12,72.1738052368164,72.53580689478774,71.08780716750975,71.17830585585075,25697384
2019-12-13,74.7983169555664,74.7983169555664,73.12406686869501,73.39556296395064,32959062
2019-12-16,73.3050537109375,74.61730191058675,73.3050537109375,73.89330552287262,19086612
2019-12-17,74.029052734375,74.1647973023263,72.80729638595957,73.12405212346385,24368968
2019-12-18,73.5765609741211,74.1648059158469,73.44080948579686,74.02906133213018,19656371
2019-12-19,72.53580474853516,73.98380443296847,72.53580474853516,73.21455524792019,20397668
2019-12-20,72.30956268310547,73.0335591541298,71.8570622994873,72.80730896232072,23867184
2019-12-23,71.6760482788086,73.93854988994026,71.35929943417155,73.8933040004818,21618319
2019-12-24,71.85704803466797,72.21904965062075,71.35929494965708,71.99279950372608,10469987
2019-12-27,73.25980377197266,73.48605394656752,72.26430438467675,72.26430438467675,16749764
2019-12-30,74.34579467773438,74.66254348127919,73.39554136249384,73.98379308599483,19572011
2019-12-31,74.029052734375,74.66255040017012,73.93854714959852,74.21005009471455,10091325
2020-01-02,76.65355682373047,76.7893083101754,74.30055637557886,74.34580917259632,28101537
2020-01-03,77.1060562133789,79.14230777082314,76.38205980238536,78.91605759777379,25080950
2020-01-06,76.29154205322266,76.87978683249662,75.79378903503095,76.42728659945166,15688952
2020-01-07,77.19656372070312,77.46805979233086,75.9295613392845,76.92506074446788,24044976
2020-01-08,75.83906555175781,76.87981088974703,75.38656517711631,76.11056163377805,26592054
2020-01-09,77.46806335449219,77.46806335449219,76.33681240917365,76.65356129294128,25366986
2020-01-10,77.83006286621094,77.83006286621094,76.83456344302977,77.46806119288843,19464723
2020-01-13,78.4183120727539,78.50881076187494,77.37755988634359,78.32781338363287,18301370
2020-01-14,79.0065689086914,79.27806499323546,77.78481236211573,79.27806499323546,23831341
2020-01-15,78.4183120727539,79.4138114623,77.60381006144986,79.27805997631476,19251439
2020-01-16,79.05179595947266,79.45905034611934,77.92054528201997,78.41829834194162,24034784
2020-01-17,78.37305450439453,79.45905942155109,77.55855254267887,79.45905942155109,21069259
2020-01-20,76.69880676269531,77.8300575999032,76.11055494642576,77.60380743246162,24925179
2020-01-21,74.07430267333984,74.75305316864463,73.8933053031014,74.57205579840618,32469342
2020-01-22,75.11505126953125,75.25080274310838,74.21005065182605,74.48155359898033,19611637
2020-01-23,74.93405151367188,75.88429798913766,74.34579975003693,75.88429798913766,34950772
2020-01-24,75.11505126953125,75.61280437111182,74.43630080625235,75.61280437111182,9317851
2020-01-29,73.12406158447266,74.16480689798985,73.12406158447266,74.0290623124755,34696889
2020-01-30,70.86156463623047,73.12406661178562,70.49956293922003,72.8978164142301,33922365
2020-01-31,70.3637924194336,72.40004364700563,70.18279507215857,72.26429218424626,34290045
2020-02-03,71.04254150390625,71.67603911216234,69.73029349911602,70.31853831909407,35847965
2020-02-04,71.72129821777344,72.89780177057013,71.35929659348163,72.89780177057013,29228951
2020-02-05,71.76654815673828,72.85254608182983,71.31404787051574,72.40004579560728,32494430
2020-02-06,73.3503189086914,73.89331801744413,71.90231207920642,72.94306439867064,31218255
2020-02-07,72.5810546875,73.1240606409816,71.90230415025552,73.1240606409816,17885567
2020-02-10,71.63080596923828,72.03805351775218,71.22355151611707,71.40455579681782,17592869
2020-02-11,72.53580474853516,72.9883050814585,72.0833044156118,72.67155622933359,15181263
2020-02-12,73.6218032836914,73.6218032836914,72.62630392544783,73.44080591114064,20317665
2020-02-13,72.5810546875,74.52680760852235,72.35480450841851,74.52680760852235,16600492
2020-02-14,72.9883041381836,73.75755331329036,72.49055101655783,72.49055101655783,16667168
2020-02-17,73.3050537109375,74.07430289364937,73.12405634016075,73.48605108171427,9665050
2020-02-18,72.21906280517578,72.89781336949281,71.81180832382088,72.53581168760216,13936641
2020-02-19,72.21906280517578,72.49055888813791,71.5855581357152,72.44531299328146,14426472
2020-02-20,72.08330535888672,72.40005421515659,71.08780599434976,72.17380404573423,19776802
2020-02-21,71.5855484008789,72.40005034821773,71.22354676821645,72.08330150886565,18344873
2020-02-24,70.00180053710938,71.04255268992138,69.95655464631322,70.63530514972011,20798565
2020-02-25,70.09230041503906,70.72580503842083,69.59455418017548,69.68505286791365,19757565
2020-02-26,69.95655822753906,70.22805430003598,69.05155751000095,69.23255489166556,17270484
2020-02-27,70.72579956054688,70.81629824127572,69.27779995506515,69.50405010919063,27627397
2020-02-28,69.59455108642578,69.59455108642578,68.68955044006032,69.0515520795279,41504793
2020-03-02,69.18730163574219,70.18280794212724,69.05155705269648,69.68505478893472,31230325
2020-03-03,68.32754516601562,69.91129621291003,68.1465478082132,69.232545764241,31135827
2020-03-04,67.92029571533203,68.78004349720452,67.784544248561,68.78004349720452,29495534
2020-03-05,70.27330780029297,70.27330780029297,68.55380503885881,69.4135529672721,36107180
2020-03-06,68.82530975341797,69.59455900948312,68.23705788538894,69.23255732880311,36075026
2020-03-09,64.61705017089844,67.01530336265238,64.57179737488887,65.38629937081005,64588679
2020-03-10,65.0242919921875,65.56729097346333,63.66679108669462,64.88854052071689,45499472
2020-03-11,65.16004943847656,66.20080160904035,64.7980477828969,66.20080160904035,32699987
2020-03-12,62.264034271240234,63.531029388735405,61.540031143009664,63.35003205898054,46099937
2020-03-13,62.53554153442383,63.44054215548527,56.200537186993785,57.10553780805522,74608006
2020-03-16,59.775291442871094,61.54003982301192,59.23228556780636,60.68029202850362,58596450
2020-03-17,59.63955307006836,59.63955307006836,59.63955307006836,59.63955307006836,0
2020-03-18,58.236785888671875,62.12829114094571,57.693786922091135,60.137285724007704,51409513
2020-03-19,54.93354034423828,58.825042462859024,54.34528853868829,58.101039178396405,61815523
2020-03-20,58.77979278564453,59.18704724398048,56.517294484773196,56.83404334929622,67597427
2020-03-23,55.657535552978516,57.10553509701276,55.06928379629404,55.295533940818345,48397874
2020-03-24,57.82954788208008,58.28204824593891,56.562545482353826,57.92004657393032,39918961
2020-03-25,61.63054656982422,61.63054656982422,60.00154944516808,60.6350471762109,52575517
2020-03-26,61.17804718017578,63.35005028515991,60.49929664140621,63.35005028515991,43336846
2020-03-27,62.21879196166992,63.169045364381745,61.85679033660796,62.44504211425782,40789160
2020-03-30,61.67579650878906,62.85229322686453,60.5897915714035,60.5897915714035,36070250
2020-03-31,63.48579406738281,63.938294371634136,62.71654493107689,63.48579406738281,36492678
2020-04-01,63.078548431396484,65.97455492449632,62.26405329405082,65.97455492449632,30720451
2020-04-02,63.16905212402344,63.16905212402344,61.35905070963432,61.902049753029566,24112795
2020-04-03,63.531036376953125,63.531036376953125,62.12828965554122,62.26404112009239,22357646
2020-04-06,64.11930084228516,64.61705400953068,62.62604824515626,64.345551026559,23422269
2020-04-07,65.74829864501953,65.74829864501953,63.89304454950293,65.34104420949765,26829036
2020-04-08,65.29580688476562,65.61255577309346,64.52655761179577,65.61255577309346,20069604
2020-04-09,64.79804229736328,65.29579539472351,64.30029610460976,64.97904656213369,24708535
2020-04-14,65.06954956054688,65.56729578633326,64.52655053941302,65.16004824663466,41234559
2020-04-15,63.62156295776367,65.29581316094512,63.21430842967614,64.7980599281521,40991622
2020-04-16,62.85228729248047,63.71204198314364,62.62603714829644,63.71204198314364,26995000
2020-04-17,65.70305633544922,66.2913082331152,64.70755684188038,64.79805554045788,30617490
2020-04-20,65.29580688476562,67.24155991964791,65.29580688476562,67.24155991964791,20976609
2020-04-21,63.48579406738281,65.70304279637165,63.0785396507926,65.70304279637165,23630631
2020-04-22,63.4405632019043,63.48581600981271,62.35456485819313,62.852311222140294,19863265
2020-04-23,63.033287048339844,63.395288634099046,62.445035334556884,62.852282803157266,26124822
2020-04-24,62.94279861450195,63.531043519345815,62.44504549005722,63.078543189707716,18268684
2020-04-27,64.20979309082031,64.3455445686818,63.7120468781375,63.7120468781375,19200796
2020-04-28,64.97905731201172,65.29580619700323,63.57630337255352,64.88855171235028,24102563
2020-04-29,65.11479949951172,65.97455433231501,64.30030436947689,65.65780545901174,24193032
2020-05-04,61.449546813964844,63.12379667090984,61.449546813964844,62.9427992989293,49594872
2020-05-05,61.404293060302734,62.17354223612473,61.087544211976855,61.90204618239129,27913660
2020-05-06,62.671295166015625,63.12379549212404,61.72104171934514,61.81154730825244,25131358
2020-05-07,62.62604904174805,63.07854941605145,62.39979885459635,63.07854941605145,20381039
2020-05-08,63.033287048339844,63.666784644963975,62.761784132868954,63.666784644963975,14845871
2020-05-11,63.98353576660156,64.88853631155834,63.57628828321349,63.80253841945269,16122509
2020-05-12,62.94279861450195,63.98354384898391,62.128296640231966,63.21429466952056,20650743
2020-05-13,62.03779983520508,62.89754772572823,61.72104407117386,62.44504738237767,27501558
2020-05-14,60.77080154418945,61.26854781229297,60.40879986445469,60.40879986445469,31764967
2020-05-15,61.76629638671875,62.35454820941847,60.680298332970985,60.680298332970985,28764182
2020-05-18,61.811553955078125,62.30930022455767,61.4495522743426,61.4495522743426,20247776
2020-05-19,63.71204376220703,63.93829391270875,62.62603889703476,63.304789348539934,40619080
2020-05-20,63.89304733276367,64.52655195852493,63.53104567584399,64.52655195852493,20092077
2020-05-21,63.938297271728516,64.93379660531367,63.57629563098656,64.79804512695955,31806656
2020-05-22,57.9200439453125,61.992547035217285,57.9200439453125,61.992547035217285,84480926
2020-05-25,57.01504135131836,57.196042173053094,55.43129020267063,55.43129020267063,83739590
2020-05-26,58.59880065917969,58.73455215745846,57.55804837851976,57.55804837851976,37574068
2020-05-27,58.3725471496582,59.23229508226748,57.55804511083446,59.187049188481936,46146883
2020-05-28,58.55354309082031,59.18704772967234,57.4675450022275,58.372545710923994,57345769
2020-05-29,56.87928771972656,57.60329097927045,56.83403837908092,57.331788030789795,53659666
2020-06-01,59.82054901123047,60.63505107827817,58.82504955355345,58.82504955355345,49034716
2020-06-02,61.721046447753906,61.721046447753906,60.725547034972244,61.35905168282061,46704046
2020-06-03,65.0086441040039,65.28391286959128,63.402925972287065,63.49467989402436,65377098
2020-06-04,65.14627838134766,67.25665357976686,64.6875017730283,67.25665357976686,42493813
2020-06-05,65.6968002319336,66.06382287017615,64.87100104598147,65.60504632246659,41692168
2020-06-08,66.29322052001953,66.61436274876112,65.83444390742424,66.52260882631718,26472272
2020-06-09,68.08244323730469,68.816488582333,66.751993924863,66.98138222013745,39916495
2020-06-10,67.39427185058594,68.17419757958707,66.88962184988617,67.89892885166026,31007067
2020-06-11,65.46742248535156,67.7154321308369,65.37566856113038,67.62367120624002,33758378
2020-06-12,65.51329040527344,65.69679821858364,64.09108035080916,64.22871471097898,24912837
2020-06-15,63.49467849731445,65.10039659370987,63.21941673815759,64.32047777553574,32982526
2020-06-16,64.82512664794922,66.10970236291476,64.82512664794922,65.14626882659698,25370835
2020-06-17,65.9720687866211,66.06382269584597,65.00863523882352,66.06382269584597,18546748
2020-06-18,66.06382751464844,66.61435801052883,64.73337823290623,66.61435801052883,13915865
2020-06-19,65.88032531738281,66.61436370787867,64.50399545978047,65.60505654571207,31063057
2020-06-22,67.07312774658203,67.57778473319772,66.84373948000659,66.88961993347142,27964847
2020-06-23,68.72473907470703,68.77061253648071,66.10971374083422,68.72473907470703,35086580
2020-06-24,69.36701202392578,70.19281120285783,68.99998938880326,69.7340346590483,28374878
2020-06-26,67.99068450927734,69.91754465319214,67.80717668619012,69.91754465319214,25107992
2020-06-29,66.43084716796875,68.72472996382143,65.46741359356072,68.72472996382143,32545179
2020-06-30,66.33909606933594,67.07313439491104,65.14627416476073,66.38496952697342,29099536
2020-07-02,68.54122161865234,68.54122161865234,67.16489181104586,67.44016057271733,34301387
2020-07-03,68.77059936523438,69.27525635072048,68.26594938012259,68.8164798185965,22689124
2020-07-06,71.01860809326172,71.47738462228747,68.99998716532383,69.73403241191475,40900157
2020-07-07,70.28457641601562,74.13830420406843,70.28457641601562,74.13830420406843,46251372
2020-07-08,70.46808624267578,71.75265508013004,69.32114478039509,70.37632532539321,35654207
2020-07-09,70.19281005859375,72.2573044720818,69.09174917154988,72.2573044720818,24783215
2020-07-10,68.90824127197266,70.19281710268505,67.94481464921968,69.68816006192748,25361925
2020-07-13,68.81649017333984,70.19281997680665,68.49534795260601,70.19281997680665,21763725
2020-07-14,67.66954803466797,68.81648952678098,67.07313705869413,68.81648952678098,21133568
2020-07-15,67.21076965332031,69.18351036745185,66.88962744413033,68.72473378278754,31230549
2020-07-16,66.61436462402344,68.0824484255813,66.20146846121445,67.76130618779924,21178435
2020-07-17,66.20146179199219,67.71542590373267,65.92619304426663,67.71542590373267,20853649
2020-07-20,66.0179443359375,66.4767208969944,65.23802558221573,66.20145916058512,22666829
2020-07-21,67.21076965332031,67.5319118625103,66.6143586931817,66.751993068656,23808269
2020-07-22,66.0179443359375,67.71542321214784,65.97207088005668,66.88962400217046,16787356
2020-07-23,66.84375762939453,67.3484147530345,66.10971917727194,66.93551156086282,14464160
2020-07-24,65.9720687866211,66.79786797039408,65.37565787609758,66.79786797039408,19858253
2020-07-27,66.43084716796875,67.66954247765425,66.20145888838348,67.11901200672455,22658333
2020-07-28,66.79786682128906,67.57778553684561,66.24732937466145,67.57778553684561,16900703
2020-07-29,66.61436462402344,66.75199901175168,65.78856529802971,66.15558799851311,14035081
2020-07-30,65.0086441040039,66.56848877503985,64.64162141667924,66.43085439224618,31412332
2020-07-31,64.27459716796875,65.23802371843936,63.769940165073734,64.2287167130239,30144113
2020-08-03,63.63231658935547,64.59575030354905,63.17353996362056,64.54986984082527,22193372
2020-08-04,66.2473373413086,66.3390982603643,64.22872312883807,64.59574580393506,34614669
2020-08-05,66.0179443359375,66.98137791430689,65.5591677748806,66.84374354591486,17109449
2020-08-06,65.6968002319336,67.07312987506226,64.41222449827193,67.07312987506226,17372722
2020-08-07,65.28390502929688,66.10970422650884,64.27459801064877,66.06382377096247,14785287
2020-08-10,65.0086441040039,65.51330117412226,64.59574795599835,64.73338233879204,10205045
2020-08-11,66.66023254394531,67.25664344496329,65.83443337333384,65.8803138274023,22200398
2020-08-12,68.67884063720703,68.81647498725631,66.1555698876743,67.16487678741262,29975735
2020-08-13,68.2200698852539,70.65158693974871,67.80717380069086,70.65158693974871,19478173
2020-08-14,68.90824127197266,69.59640614552839,67.99068810723168,68.26595685680401,18389704
2020-08-17,69.04586029052734,70.10104759537424,68.40357601820673,68.6329642583746,18227634
2020-08-18,68.72473907470703,69.96343454860724,68.35771637863921,69.96343454860724,16176063
2020-08-19,68.449462890625,69.825792601564,68.12832069148088,69.18350820327576,10619552
2020-08-20,66.20146179199219,68.8164868938848,65.23802817532778,68.8164868938848,33501646
2020-08-21,68.86235809326172,69.04586590015568,66.52259505330613,67.57778244388167,37001565
2020-08-24,72.07380676269531,72.30319506302168,69.5964089189453,69.68816283900077,39753656
2020-08-25,71.4773941040039,72.6702090374772,71.11037143202165,72.07380507092816,18025959
2020-08-26,71.38562774658203,71.66088945232075,70.69746298167426,71.56913555040784,21198152
2020-08-27,71.1103744506836,71.75265890363633,70.33045561484796,70.92686660709009,17793564
2020-08-28,74.00065612792969,74.78057483348007,71.56913910443492,72.02791563715566,44428004
2020-08-31,73.22074890136719,75.60638584544203,72.99136059904508,75.60638584544203,36008188
2020-09-01,73.77127838134766,74.32180889904328,72.85372518506317,74.32180889904328,15703719
2020-09-02,73.40425109863281,75.23935737609862,72.44081750281329,75.23935737609862,21722863
2020-09-03,73.81715393066406,73.86303439192727,72.25731625297233,73.86303439192727,24146007
2020-09-04,71.56913757324219,72.71607888050569,71.29386885934927,72.71607888050569,50759186
2020-09-07,75.85499572753906,76.03933068612821,72.07606578911036,72.35257525892199,59815850
2020-09-08,74.84114074707031,75.85500422871951,74.05770653737397,75.85500422871951,23846654
2020-09-09,74.70288848876953,74.9333107147905,73.27426787466821,74.84113619883948,18981133
2020-09-10,73.59684753417969,75.11763542462192,73.41251259130738,74.88721323006786,16993340
2020-09-11,74.05770111083984,74.61071303999042,73.68902414743006,74.19595585110953,21899128
2020-09-14,74.19596099853516,75.1176499550387,73.91945149881262,75.02548246577408,11609163
2020-09-15,75.39414978027344,75.947161676828,74.7950506290361,75.11764031603226,16977086
2020-09-16,74.65679931640625,75.48632071519638,73.91944539927543,75.39415323353705,14138312
2020-09-17,72.8595199584961,74.42638848219161,72.58301043928903,73.82728921186244,15335762
2020-09-18,73.735107421875,74.47246130886488,72.90558605699334,73.735107421875,19496894
2020-09-21,72.16825103759766,74.14987674900692,71.93782878911482,74.0116290254604,16890614
2020-09-22,71.38480377197266,72.3986672056912,71.10830131617263,71.52305851583685,15209840
2020-09-23,71.84564208984375,71.89172934450237,70.97004050675233,71.70739438972348,11309695
2020-09-24,70.64745330810547,71.98389935714108,70.50919857118812,71.20046522384682,20677299
2020-09-25,71.56914520263672,71.6152254289377,70.69353651977801,70.97004600529725,17350517
2020-09-28,70.97004699707031,71.98390340492848,70.50920253605038,71.24655648645364,19456490
2020-09-29,70.18659973144531,71.24654320052042,69.81792282499391,70.6013568562487,27750804
2020-09-30,69.95619201660156,71.52306040326843,69.95619201660156,70.69353895012127,22601608
2020-10-05,72.53691101074219,74.65679821733906,72.07606657730182,74.65679821733906,28389038
2020-10-06,72.67516326904297,72.8134180007464,71.89172916529391,72.76733074620267,10945360
2020-10-07,73.68902587890625,73.68902587890625,72.1682447959903,73.27426868027979,16041515
2020-10-08,73.735107421875,74.01161688747816,72.90558605699334,74.01161688747816,9932042
2020-10-09,73.41252136230469,74.61071269798389,72.76733492131297,74.61071269798389,11714715
2020-10-12,74.05770111083984,74.61071303999042,73.68902414743006,74.61071303999042,18059945
2020-10-14,74.9793930053711,75.57849221590727,73.27426989225157,75.57849221590727,28491596
2020-10-15,72.21431732177734,75.0715512447767,71.6613054386045,74.70288134394654,20593180
2020-10-16,71.70738983154297,72.49082388744486,71.70738983154297,71.75347005134465,14428244
2020-10-19,71.52305603027344,72.3986646896987,71.06221158802693,71.89173299045628,19658737
2020-10-20,71.84564208984375,72.6290832274735,71.24654997084845,72.6290832274735,19956000
2020-10-21,71.61521911621094,72.21431826074112,71.43088416339906,71.9378158315233,16898785
2020-10-22,72.1221694946289,72.16825676075192,71.4309026943609,72.16825676075192,22006432
2020-10-23,72.02998352050781,72.26040572816656,71.70739383617112,72.12215099718577,14318132
2020-10-27,70.41703033447266,72.12215331967033,69.86401842466908,72.12215331967033,28751340
2020-10-28,70.60137939453125,71.06222391673045,69.86403237817015,70.04836737427809,23706909
2020-10-29,69.67967224121094,69.77183971531167,68.61972870923368,68.94232541647754,14713317
2020-10-30,67.32937622070312,70.00226837589985,67.32937622070312,70.00226837589985,25621447
2020-11-02,67.60588073730469,68.57365691409616,67.37545850777609,68.4814894286704,20242735
2020-11-03,71.84564208984375,72.35257376337738,69.21883030864171,69.35708504068978,35070293
2020-11-04,72.35256958007812,73.08992342041674,71.6152157397395,72.72124650024743,17664404
2020-11-05,74.01160430908203,74.61069632952582,72.90557366656897,74.28810669576532,21542612
2020-11-06,74.19596099853516,75.57849443329047,73.87337127014466,75.57849443329047,24642063
2020-11-09,75.85499572753906,76.6384298494348,74.65679740092587,76.40800763523441,25318353
2020-11-10,80.18694305419922,80.78604231098996,79.08091906622326,80.18694305419922,63950384
2020-11-11,80.18694305419922,82.95201005606816,79.58784379740848,82.95201005606816,47286247
2020-11-12,77.1453628540039,80.14085196292888,76.82277312558234,79.26525026693767,50916562
2020-11-13,78.1131362915039,78.57398075340068,76.59234816085885,76.68451564685252,24987408
2020-11-16,80.60169219970703,80.78603420048204,79.35741358017107,79.5878358071936,28981767
2020-11-17,82.21463775634766,82.30681226145141,81.29294896072973,81.98421555744318,31823639
2020-11-18,82.8137435913086,83.78151971790929,81.84597449663593,82.49115389308437,41943676
2020-11-19,81.29296112060547,82.90591675420421,81.15471340612552,82.85983652668708,30030846
2020-11-20,82.49114990234375,83.18241652163714,81.66162855280615,82.30681494996992,20200640
2020-11-23,80.18694305419922,82.49116555575667,79.35742154725273,82.49116555575667,28977583
2020-11-24,81.29296112060547,81.29296112060547,79.72609274645238,80.78603642634583,22719348
2020-11-25,81.89205932617188,83.09025773773136,81.29296012039212,82.7215807624878,28376701
2020-11-26,82.8137435913086,82.8137435913086,81.4772975421248,82.03030945792747,10854584
2020-11-27,81.56946563720703,83.41284339172019,81.24687593655285,82.90591169645784,16433477
2020-11-30,78.29747772216797,82.16857574058078,78.29747772216797,81.56947648431021,35518927
2020-12-01,81.29296112060547,81.43121586701392,79.58783800004393,79.95651497982362,26930347
2020-12-02,81.38511657714844,81.66161897327333,80.18691843149331,81.43119679387249,20086955
2020-12-03,81.93814086914062,82.03030834853992,80.69386231743039,81.79988613407772,17287337
2020-12-04,82.03030395507812,82.07639120827335,80.69385799554732,81.7537944997619,21877325
2020-12-07,81.06254577636719,82.9520110633598,79.72609952200692,82.9520110633598,14362943
2020-12-08,80.23302459716797,80.69386906462573,79.63392538308717,80.41735957137966,17975188
2020-12-09,82.03030395507812,82.62940308697826,81.15470239978933,82.62940308697826,22563712
2020-12-10,82.53723907470703,82.76766128649356,81.6155502275609,82.76766128649356,16749902
2020-12-11,82.26073455810547,83.41284568637026,81.89205759067508,82.95200123506434,17411823
2020-12-14,82.9520034790039,83.41284794277615,82.26073678334554,82.81374873348653,17641109
2020-12-15,82.62940979003906,84.51886778155134,82.53724230809937,84.33453281767194,28424202
2020-12-16,83.87368774414062,83.87368774414062,82.67548939216739,83.13633383032202,15970203
2020-12-17,83.82760620117188,84.33453793046522,82.26073781742099,84.33453793046522,16685624
2020-12-18,82.49114990234375,84.33452755379277,81.89205075923728,84.33452755379277,19399116
2020-12-21,82.8137435913086,83.59717772468971,81.9381419772817,83.09025306517394,11789422
2020-12-22,81.24687957763672,82.95200267059097,81.0164573479962,82.81374792642097,13616539
2020-12-23,83.18242645263672,83.18242645263672,81.0164588599787,81.33904858111013,13470356
2020-12-24,84.0119400024414,84.0119400024414,84.0119400024414,84.0119400024414,0
2020-12-28,87.56044006347656,88.02128448486329,84.05801964816638,84.19627438096795,19472133
2020-12-29,86.8230972290039,88.4360529091855,86.45442727050538,87.88304093950899,15460583
2020-12-30,88.75863647460938,88.85080395053104,85.48663833993254,86.68483662269726,14337748
2020-12-31,87.97520446777344,87.97520446777344,87.97520446777344,87.97520446777344,0
2021-01-04,90.83243560791016,91.01677055829515,87.3761025487344,87.42218277036685,14388311
2021-01-05,91.01676940917969,91.01676940917969,88.66646014584252,90.83243446112198,21310166
2021-01-06,87.69869995117188,89.86466745261858,87.65261269355308,89.49599048745296,29405714
2021-01-07,89.54208374023438,91.06287192840962,88.94298451071944,89.3577417293451,29905719
2021-01-08,91.24720764160156,91.2932949026769,89.86467419248638,90.78636315856316,24506611
2021-01-11,91.10894775390625,91.80021443949269,90.32551358329397,91.2472024974092,21138082
2021-01-12,94.93395233154297,94.93395233154297,90.37159529925455,91.10894216616803,26659016
2021-01-13,93.73575592041016,94.93395427254359,93.27491148219393,94.93395427254359,25254891
2021-01-14,92.8140640258789,93.45925043755851,91.5237052663754,93.09057349258843,31310073
2021-01-15,96.22431182861328,97.51467755100566,92.90623356526679,92.90623356526679,33139134
2021-01-18,96.13215637207031,97.60685722546296,95.39480242940981,97.42251522383366,27167019
2021-01-19,100.37191772460938,100.740594673027,96.31648535587132,97.146006731829,35308626
2021-01-20,96.96166229248047,100.0954057269825,96.31648292299228,99.9110707733938,41955389
2021-01-21,95.67131042480469,96.59299932280116,94.10443507905374,95.39480094263445,36111060
2021-01-22,92.53755950927734,94.65743958929056,92.26105004878846,93.73575076356454,34287313
2021-01-25,94.10442352294922,94.19659099504497,91.93845628502582,94.01225605085347,23401114
2021-01-26,92.8140640258789,94.84178370725041,92.0306299127724,94.10442981731026,23614903
2021-01-27,91.9384765625,92.62974330357143,90.87853281980469,92.26106630194755,22892850
2021-01-28,87.65261840820312,90.2333503006891,86.6848492224674,89.40382883296655,30219317
2021-01-29,86.40834045410156,89.68033909206837,85.67098646945506,89.68033909206837,35514520
2021-02-01,88.62039184570312,88.94298156416154,86.31616952538806,86.54659175741956,24116951
2021-02-02,90.09508514404297,90.09508514404297,87.60652806025232,89.86466293139836,22723128
2021-02-03,90.09508514404297,90.97068673932135,88.15953996421382,90.97068673932135,22650871
2021-02-04,90.18724822998047,91.89237111411389,88.98905700174531,89.86465855437591,17883669
2021-02-05,92.16888427734375,92.26105175523554,90.69418353529181,92.26105175523554,22457506
2021-02-08,92.53755950927734,94.38093716072936,92.03062784235696,94.01226022405342,23023090
2021-02-09,94.10442352294922,95.02611230776151,92.99839979394542,95.02611230776151,18888057
2021-02-10,95.1182861328125,96.22431696761554,94.38093927487166,95.3026281212436,14537000
2021-02-11,95.30264282226562,95.30264282226562,95.30264282226562,95.30264282226562,0
2021-02-16,96.77732849121094,97.0538379568141,95.67130469265395,96.77732849121094,23239503
2021-02-17,97.33035278320312,97.8833647528946,95.48697486294577,97.23818529357601,18520243
2021-02-18,93.4592514038086,96.59299492056142,92.62973002703168,96.59299492056142,24064536
2021-02-19,93.55142974853516,94.47311871157491,92.35323128381198,92.99841777709705,19504891
2021-02-22,92.7219009399414,96.31648901780493,92.16888901225352,95.67130960749043,23972086
2021-02-23,97.14601135253906,97.51468831849266,91.56979070130261,91.84630018374986,30967799
2021-02-24,93.4592514038086,96.77732987898833,93.27490941345377,96.77732987898833,33677867
2021-02-25,92.9984130859375,94.56528143129538,92.44540114239523,94.3809464607574,23207202
2021-02-26,89.44989776611328,92.44538626274762,89.44989776611328,91.80019990585464,32032861
2021-03-01,92.07672119140625,92.72190059935085,91.29328704406548,92.16888867369431,20374723
2021-03-02,89.21949005126953,92.81407120496384,89.03514804856188,92.0767242899184,28171056
2021-03-03,91.5237045288086,92.12279664863821,89.21948243122458,89.21948243122458,22647924
2021-03-04,92.0306396484375,92.0306396484375,89.91075929647704,92.0306396484375,17670621
2021-03-05,90.41767883300781,90.97069076141969,88.11345660468484,88.11345660468484,19693796
2021-03-08,88.98906707763672,91.01677986696485,86.68484480252368,90.97069260869127,23994662
2021-03-09,92.8140640258789,92.8140640258789,88.29779430376095,88.71255147189738,28797753
2021-03-10,92.53755950927734,94.93394904977944,91.24719374687538,94.93394904977944,24514718
2021-03-11,93.4592514038086,93.4592514038086,90.78635231505095,92.1688855990365,21503007
2021-03-12,88.48213195800781,92.16888745625815,88.48213195800781,91.6158755379062,37226256
2021-03-15,92.16888427734375,92.16888427734375,89.31165027113167,89.40381774902345,29250614
2021-03-16,89.86466217041016,91.15502795667854,88.98906058254653,91.06286047878676,23848280
2021-03-17,89.95684814453125,91.29330146050059,89.21950113786161,89.8646806476887,17715743
2021-03-18,90.55593872070312,91.4776276644253,90.00292676085554,91.10895068055072,14863218
2021-03-19,90.04898834228516,91.61586344131446,88.7125424633996,90.97067709515164,26714858
2021-03-22,89.17339324951172,90.09508206862812,88.6203813644274,89.40381545429082,13585898
2021-03-23,88.80471801757812,90.41767348194695,88.66646328567525,90.23333852736162,15462409
2021-03-24,85.48664855957031,89.31165903897183,85.25622632625611,89.17340429259761,25554173
2021-03-25,87.92912292480469,89.1734015399061,86.22399985730067,86.68484430970328,23995075
2021-03-26,88.25171661376953,89.1273183000381,87.60653716409044,88.29780387385887,16309752
2021-03-29,88.57430267333984,89.12731461188483,87.19176931101322,89.12731461188483,11640888
2021-03-30,88.5282211303711,89.77249973157275,87.83695445948926,89.77249973157275,16596484
2021-03-31,86.9152603149414,90.14117125086501,86.9152603149414,90.14117125086501,22481112
2021-04-01,87.46827697753906,87.60653171728269,85.67097942472833,85.67097942472833,30545823
2021-04-07,86.0396499633789,88.38995926777181,85.9935697415233,88.38995926777181,25981041
2021-04-08,91.33937072753906,91.33937072753906,86.86918086400007,88.62039122149027,40137431
2021-04-09,90.14117431640625,92.6297314531219,89.6803298813161,92.6297314531219,19195186
2021-04-12,88.66646575927734,90.00291882905232,87.92911888843788,89.6342418776686,15826400
2021-04-13,91.5237045288086,92.44539336784221,89.17339517650177,89.40381738626017,23064309
2021-04-14,91.155029296875,92.90623953027706,91.01677456204075,92.07671815319947,16267779
2021-04-15,92.0306396484375,92.44540389237854,90.92461572845193,91.15503796444297,17958553
2021-04-16,91.20111846923828,92.26106216439926,90.60202627938646,91.61588271443794,14159358
2021-04-19,90.32551574707031,91.98455864499199,90.23334825983656,90.87852770240136,13534787
2021-04-20,90.3716049194336,90.83244939728502,89.17340646424846,89.40382870317416,13463227
2021-04-21,88.38996887207031,89.08123556236504,87.97520463873644,88.43604909893291,17198267
2021-04-22,89.17339324951172,89.54207018354381,88.38995915964831,88.38995915964831,14760891
2021-04-23,90.18724822998047,90.60201241169564,89.12730469705616,89.40381415153296,15614287
2021-04-26,91.24720764160156,91.8923871050838,89.54208446074526,90.32551867552478,19080549
2021-04-27,91.7541275024414,92.07671719240325,91.201108568875,92.07671719240325,13877182
2021-04-28,91.98455810546875,91.98455810546875,91.0628691746802,91.8923835868471,15358169
2021-04-29,95.3947982788086,95.8556427149381,92.12279996951786,92.81406662371212,34895847
2021-04-30,91.155029296875,95.39479662958195,91.1089420412876,95.39479662958195,26629105
2021-05-03,88.80471801757812,91.6158717825349,88.57429580838257,91.33936231872914,17166946
2021-05-04,90.2794189453125,90.97068557439431,89.35773010653676,90.97068557439431,14929197
2021-05-05,89.4959945678711,90.69419300130713,89.0351500983847,89.91075880956598,14153349
2021-05-06,91.47762298583984,91.47762298583984,90.18725712423831,90.32551186511138,17214554
2021-05-07,93.55142974853516,94.01227423005503,91.80021931237387,91.89238680229211,19226794
2021-05-10,93.92010498046875,94.19660744504294,92.72190653819477,94.01227246866014,13472628
2021-05-11,90.97068786621094,94.01226392356814,90.602017946955,93.45925201275628,23657104
2021-05-12,90.00291442871094,90.8324357707861,88.85080340691978,90.64809378814294,22180058
2021-05-13,88.62039184570312,89.58816100107838,88.38996961367162,89.26557128261996,18939491
2021-05-14,94.19660186767578,94.93395579340554,91.47762245141261,91.80021215694632,34840016
2021-05-17,94.84178924560547,96.50082504695965,94.65744724639173,95.76347814588944,23437882
2021-05-18,95.57913208007812,96.59299545279633,95.30262964091422,96.31648598170446,14662453
2021-05-20,93.64359283447266,95.5791381594433,93.18274837462592,95.5791381594433,29398716
2021-05-21,93.73575592041016,94.47310983432736,92.1688876432462,94.38094235306973,15547209
2021-05-24,93.55142974853516,94.01227423005503,92.26106379389375,93.7357647283716,13518920
2021-05-25,94.76436614990234,96.16069763284526,93.36803466695945,93.55420935717483,17283959
2021-05-26,95.32290649414062,95.97452507469906,94.01966223091391,95.32290649414062,16184561
2021-05-27,95.13671875,96.43996293194029,93.7403872198017,94.01965636668513,28748411
2021-05-28,96.06761932373047,96.53306322956658,94.76438206907764,95.88144460224017,25342286
2021-05-31,92.34405517578125,95.50907471370842,91.7855239872316,95.41598736596838,35629920
2021-06-01,93.46112060546875,93.8334770824047,90.90117959193411,92.34405117466092,24443547
2021-06-02,92.29751586914062,92.48369056626703,91.64589022497931,91.64589022497931,24428387
2021-06-03,90.80810546875,93.5542215694982,90.62192365212175,92.80950850720541,25509374
2021-06-04,91.18045043945312,91.878616237924,90.34265716297588,91.08736308674563,52853035
2021-06-07,90.62191772460938,91.18044893374079,89.92375193766769,91.18044893374079,32833471
2021-06-08,90.29610443115234,91.92515786161128,89.87720781844949,91.18044488112918,18954795
2021-06-09,89.69103240966797,90.85464208571999,89.59794505600577,90.4357454431852,14789823
2021-06-10,88.99287414550781,90.24957128171758,88.99287414550781,89.83067460368447,17331979
2021-06-11,88.99287414550781,89.64449988058318,88.89978678395717,89.17905597071953,18730650
2021-06-15,87.45689392089844,88.99285999972237,87.03799730945069,88.99285999972237,27378802
2021-06-16,88.52742004394531,88.99286390022485,88.15506353849976,88.52742004394531,17581413
2021-06-17,88.6205062866211,89.13249736297023,87.87580038715181,88.01543496271154,14500116
2021-06-18,88.6205062866211,89.50485386375964,87.64307846192213,87.87580038715181,25855228
2021-06-21,87.22417449951172,87.87580014965948,85.73475560248892,87.68961834871318,23356783
2021-06-22,87.27072143554688,87.96888720703126,86.5725556640625,87.96888720703126,16397961
2021-06-23,89.87721252441406,90.10993445523636,87.82925527191205,89.17904673194718,25774459
2021-06-24,90.43573760986328,90.94772156171346,89.36521538019946,90.48227773160826,22616017
2021-06-25,90.43573760986328,91.69243453072549,90.24955581655566,91.69243453072549,14431558
2021-06-28,89.1790542602539,91.0408298639994,88.620515897442,90.85464804235868,15169745
2021-06-29,89.08594512939453,89.8772053123849,88.89977044051982,89.8772053123849,14331011
2021-06-30,89.8306655883789,91.04082247341857,89.8306655883789,90.80810054184246,22907334
2021-07-02,89.1790542602539,90.57538596306303,88.48088840884934,90.48229150118752,23921232
2021-07-05,90.06339263916016,90.48228929896337,87.73617319111985,88.43433902553194,12434917
2021-07-06,89.87721252441406,90.90118759961021,89.55139613957509,90.156474580135,11957042
2021-07-07,90.29610443115234,90.29610443115234,88.8997729193304,89.50485132820845,14203066
2021-07-08,87.68961334228516,90.80809263558054,87.1310821755533,90.80809263558054,20921358
2021-07-09,88.01543426513672,89.27213123099506,87.68961789070983,88.43433088638633,17494884
2021-07-12,87.5965347290039,88.94632621042567,86.71219421871123,88.52742246704244,13777945
2021-07-13,90.29610443115234,90.62191369682226,88.01543246935357,88.24815438799055,19059327
2021-07-14,88.66705322265625,90.29610669393865,88.43433129818733,90.29610669393865,13034695
2021-07-15,89.41177368164062,90.52883617144683,88.99286992138072,89.36522645201948,16800215
2021-07-16,89.50485229492188,90.15647083329964,88.76013930639635,89.69102699099854,14641499
2021-07-19,86.57255554199219,89.41176584953573,86.386380844036,89.41176584953573,22621616
2021-07-20,86.75873565673828,87.17763940645823,85.92094236151823,86.33983900912826,13772165
2021-07-21,87.22417449951172,87.7827128002411,86.0140247528536,87.5034436498764,12754974
2021-07-22,89.36521911621094,89.83066296577454,87.31726901897491,87.87580021802933,20865156
2021-07-23,88.34124755859375,89.0859534860585,87.8758036906371,88.8066914265504,8912601
2021-07-26,86.43292236328125,87.82925392683057,86.24674766231851,86.57255694005809,25897366
2021-07-27,83.08172607421875,87.31726789139525,82.19738561231173,86.10711105731356,43693078
2021-07-28,82.47664642333984,83.08172483132881,79.49780871000708,82.33701185194096,60783773
2021-07-29,85.68821716308594,86.33983572393213,84.01261643218194,86.33983572393213,42654339
2021-07-30,86.6656494140625,88.20161564519233,86.15366540509257,87.968893704176,32053891
2021-08-02,86.29328918457031,87.31727136278403,85.31586133551592,87.31727136278403,16591976
2021-08-03,86.38638305664062,87.17763619638494,85.45549533879799,86.57255775936528,15026143
2021-08-04,86.20020294189453,87.68962189922318,86.20020294189453,86.38638475037924,15236959
2021-08-05,85.54859161376953,86.57256678978578,85.3624097895145,85.73476633591416,13844692
2021-08-06,85.73475646972656,85.96747839668136,84.57114683495256,85.36239996617697,10834681
2021-08-09,86.71218872070312,87.82925109467782,85.6882136942081,85.73475381689325,13364843
2021-08-10,86.75873565673828,87.50344869927824,85.73476054982828,87.50344869927824,12341228
2021-08-11,87.1776351928711,87.68961917052522,86.61910398901676,86.75873146339816,9161127
2021-08-12,85.2227783203125,87.22418134731758,85.03659650474943,86.99145940444629,15673547
2021-08-13,86.43292236328125,86.57255694005809,84.10570309069904,84.33842501795726,16852346
2021-08-16,87.50344848632812,88.24816152705573,86.75873544560051,87.31727377720117,24045972
2021-08-17,90.24955749511719,91.13390505003069,89.22558247026255,89.83066088107509,43282079
2021-08-18,90.76155090332031,91.78552595462817,90.29610705253405,91.22699475410657,30207614
2021-08-19,90.90119171142578,91.18045377977882,89.64449464856202,90.76155712619425,19680791
2021-08-20,88.99287414550781,91.64590301130852,88.43434287409352,91.3666409266566,18019393
2021-08-23,89.13250732421875,90.9942829341241,88.99287273305377,88.99287273305377,17201577
2021-08-24,88.99287414550781,89.13250873888899,87.82926437084868,89.13250873888899,18327357
2021-08-25,88.80668640136719,89.22558301798071,87.96888606603073,88.99286109717112,11918050
2021-08-26,87.45689392089844,88.38778159265728,87.03799730945069,88.24815412358089,13552728
2021-08-27,88.66705322265625,88.66705322265625,86.85182505264252,86.85182505264252,17735674
2021-08-30,87.41035461425781,88.99286083017148,86.66564162905763,88.99286083017148,17148458
2021-08-31,86.52600860595703,87.4103561794816,84.71078043742739,87.4103561794816,32043438
2021-09-01,87.31727600097656,87.31727600097656,85.08314392400531,86.52601571176064,20753530
2021-09-02,86.5975570678711,87.29856264511075,85.56941698078577,86.03675403227886,21302942
2021-09-03,86.64429473876953,87.81263747867203,86.64429473876953,87.81263747867203,26802443
2021-09-06,88.60711669921875,88.79404868615876,86.50409975665184,86.92470029276593,18336855
2021-09-07,88.747314453125,88.88751701250877,87.57897167659098,88.60711902473963,11873139
2021-09-08,88.46692657470703,89.54180347814705,87.67245482207717,89.49506690934562,21311010
2021-09-09,87.25183868408203,88.13978348870972,86.59756956993407,87.85937836493287,16521644
2021-09-10,89.07444763183594,89.12117705983722,87.48549732884022,87.99957095383837,15935316
2021-09-13,88.09304809570312,89.07445891097247,87.62571097052698,88.56038522087927,12535533
2021-09-14,87.53224182128906,89.49505625018482,87.43877582581752,88.65384802894425,15241111
2021-09-15,84.12068176269531,88.04631072588835,83.98047920022445,87.01817048609955,34233887
2021-09-16,82.34479522705078,83.60660396523124,82.01766068470742,82.99907144273568,28408182
2021-09-17,82.34479522705078,82.43826122043485,80.4287174041836,81.92419469132335,41223997
2021-09-20,78.27896118164062,81.17644966186595,76.78348394645961,81.17644966186595,34541825
2021-09-21,82.95233917236328,82.99907573697249,78.83977107170274,79.44731075662962,43732374
2021-09-23,82.62521362304688,85.99003984287245,81.3634046819872,85.99003984287245,45735633
2021-09-24,80.84931945800781,82.95233643812941,80.56891434159226,82.62520188964349,30709931
2021-09-27,81.1297378540039,81.69054104763076,80.0081243357507,80.52219808965835,25541765
2021-09-28,80.75585174560547,81.9709239185717,79.77444099001897,81.12972284920977,25687812
2021-09-29,83.23274230957031,83.84027484898452,80.38198308047953,81.31665730234556,31747068
2021-09-30,84.07394409179688,85.38248943930702,83.04580386553836,85.38248943930702,28226276
2021-10-04,82.43826293945312,85.80309581942946,81.31665673345992,85.80309581942946,26139002
2021-10-05,84.07394409179688,84.40108577692325,82.15786619990565,83.18600642616417,21453697
2021-10-06,83.60660552978516,84.68148230131196,82.9055998697892,84.16741576258059,14785073
2021-10-07,84.40108489990234,85.42922511547735,83.70007923505598,85.0553540013596,11760881
2021-10-08,84.12068176269531,85.75636168585883,83.74681063977252,85.75636168585883,14354839
2021-10-11,82.85887145996094,84.40108535717818,82.76540546367471,84.12068023732107,18579074
2021-10-12,81.78400421142578,82.48500996180944,80.94279588476556,81.69053820424115,14928337
2021-10-15,82.06439208984375,83.55986928300538,81.31664992776406,83.32620074873019,32859458
2021-10-18,81.73725891113281,82.718669709235,81.03625323563082,82.718669709235,21830461
2021-10-19,83.60660552978516,85.0553534128428,82.15786477772585,82.25133077285898,19089970
2021-10-20,84.77494812011719,85.99002744731554,83.88701047170184,85.99002744731554,17977660
2021-10-21,83.84027862548828,85.14882402124258,83.18600949311049,85.14882402124258,16890102
2021-10-22,83.55988311767578,84.21415226957188,82.90560683478076,83.84028112663171,12876091
2021-10-25,85.00862121582031,85.4292289120193,83.23274582408692,84.02721752002007,17117596
2021-10-26,84.3543472290039,85.1488188791993,83.88701012524211,85.1488188791993,9777681
2021-10-27,82.99907684326172,83.79354853521775,82.48500314970264,83.18600884219302,14964394
2021-10-28,83.70008087158203,83.98047886440396,82.25133295017388,82.90560206442358,15121311
2021-10-29,82.11112976074219,82.99907455872197,81.45686065149263,82.34479831847395,24244144
2021-11-01,82.11112976074219,82.62520344015145,80.84932097519035,82.48500087931271,16503460
2021-11-02,82.43826293945312,84.0739428162756,82.25133094878704,84.0739428162756,12655022
2021-11-03,80.42872619628906,81.64379850510463,79.91465247998315,81.12973191979769,21336607
2021-11-04,80.00810241699219,80.47543947215102,79.26036740733659,80.42871004523366,18028580
2021-11-05,80.52218627929688,82.20459561341487,80.10157859751854,80.3819837187041,28310246
2021-11-08,80.52218627929688,81.55032650531317,79.91464660406047,80.0081126007895,18961184
2021-11-09,80.00810241699219,81.08297907005701,79.82117044732767,80.56890545698327,19758550
2021-11-10,77.15735626220703,78.88650206566393,75.89554041684843,78.04529387909088,47602130
2021-11-11,77.5312271118164,78.2322328076954,76.22268885097459,77.57796367727448,41551763
2021-11-12,77.76488494873047,78.55936366591999,77.48448698766157,77.5312164156742,30231414
2021-11-15,79.58750915527344,79.96138025958969,78.55936896665239,79.4005700376162,34884371
2021-11-16,80.19505310058594,80.80258565524304,79.82118197625948,79.82118197625948,19481063
2021-11-17,79.72771453857422,80.19505165279564,78.88650630677597,80.19505165279564,14938331
2021-11-18,79.40058135986328,80.33525568843613,79.07344677106263,79.30711535320584,19752097
2021-11-19,79.07344055175781,79.07344055175781,78.13876629669922,78.32570542631012,13349522
2021-11-22,80.00810241699219,80.80257398456268,79.86789987424503,80.38197348731876,20814786
2021-11-23,79.77444458007812,80.56891625411669,79.44731002382677,79.63424201854227,12405633
2021-11-24,81.8774642944336,82.95234112678321,80.3819868946857,80.84932402779434,25057727
2021-11-25,81.78400421142578,82.71867854527065,81.31666704450335,82.71867854527065,14027149
2021-11-26,79.07344055175781,80.9895256270274,78.97997455245168,80.8025864974165,20669544
2021-11-29,78.4191665649414,79.72771186711529,78.23222744691759,78.4658959961987,21207146
2021-11-30,76.69002532958984,79.30710896002337,76.26941763703898,78.41917127185815,32083967
2021-12-01,77.01715850830078,77.71816418562572,76.83021938241502,77.57796162396104,25572485
2021-12-02,77.43775177001953,77.57795431848142,76.92368526698974,77.53121775866151,17343515
2021-12-03,75.989013671875,76.64328274535072,74.44679984897016,76.64328274535072,32306579
2021-12-06,75.38146209716797,75.94226509009545,73.83924851836971,73.83924851836971,28390296
2021-12-07,76.73674774169922,76.83021373226929,75.70860758343245,75.94227612535661,25372854
2021-12-08,77.76488494873047,78.04529004079708,77.11061590857197,77.43775042865123,20556024
2021-12-09,77.4844970703125,78.41917132416187,77.11062594257302,78.32570532497667,16469581
2021-12-10,76.45635986328125,77.15736558159618,76.36288672937344,76.36288672937344,14991128
2021-12-13,75.89553833007812,77.57795465696569,75.89553833007812,77.4844886679159,18389141
2021-12-14,74.7271957397461,75.61514046440533,74.44679777222045,74.44679777222045,13943876
2021-12-15,74.35333251953125,75.47493866273935,74.02619085768077,74.77393304048479,19360539
2021-12-16,74.77393341064453,75.24127049446106,74.306596326828,75.24127049446106,18949137
2021-12-17,74.4468002319336,74.96086675488091,74.35333423967027,74.820671331985,17767570
2021-12-20,73.09152221679688,74.25986500882367,72.62418509998615,73.83926445609342,18621347
2021-12-21,72.85786437988281,73.74580931108893,72.34379775434199,73.46540414733973,17089723
2021-12-22,73.23172760009766,73.55886216827192,72.81112703115915,73.32519360086191,12237648
2021-12-23,73.46540069580078,74.07294043471437,72.99806353217483,73.4186712580377,14750560
2021-12-24,73.65232849121094,73.93272646758217,73.32518682228067,73.46538937596534,8032087
2021-12-28,74.213134765625,74.213134765625,73.04479198635192,73.27846054220655,12204008
2021-12-29,74.11967468261719,74.35334325711347,73.65233753362465,74.35334325711347,7157334
2021-12-30,73.9794692993164,74.86740699624681,73.41866616804464,74.7739409962013,12040557
2021-12-31,73.46540069580078,74.68048017362796,73.27846868275009,74.68048017362796,7607988
2022-01-03,73.83926391601562,74.68047214632182,73.69906135579818,73.83926391601562,8579405
2022-01-04,74.2598648071289,75.05434360834806,73.97946681640315,74.68047248971524,8883925
2022-01-05,73.46540069580078,75.14781733725391,73.13826610746246,74.68048017362796,20112616
2022-01-06,74.54027557373047,74.63374157771716,72.99806154945348,73.37193269639927,15549178
2022-01-07,75.70861053466797,76.12921107412794,74.9608683189633,76.12921107412794,35461978
2022-01-10,74.77393341064453,75.7086075782776,74.07292778491974,75.7086075782776,18791013
2022-01-11,73.46540069580078,74.54027759834032,73.13826610746246,74.07294043471437,24225132
2022-01-12,76.08248138427734,76.4096159284134,74.30659897625524,74.77393607673483,39670227
2022-01-13,77.29755401611328,77.76489111930864,76.92369003835562,77.48449313599039,47113159
2022-01-14,78.9799575805664,79.16688953900915,77.81161501280656,78.23221548480126,35967800
2022-01-17,77.76488494873047,79.77443575921401,77.48448698766157,79.54076722615773,17325860
2022-01-18,76.92369079589844,78.51263411001123,76.26941456638266,78.51263411001123,15322496
2022-01-19,78.3724365234375,78.51263909087096,77.48449881469027,78.51263909087096,24650396
2022-01-20,82.90560913085938,82.90560913085938,79.49405357591915,80.38199132536951,48645090
2022-01-21,82.99907684326172,86.45736874048151,82.43826658447047,86.45736874048151,34792384
2022-01-24,82.29808044433594,83.23275480653851,81.26993294111354,82.25134387382602,16849467
2022-01-25,79.77444458007812,81.26992193079752,78.97997290603956,80.94278737454617,32788193
2022-01-26,80.19505310058594,80.89605878457358,79.7277159779275,80.42872166191515,19070699
2022-01-27,78.74630737304688,80.00811621335885,77.57796453368415,79.86791364643557,28973522
2022-01-28,75.56842041015625,78.69957808292722,75.28802238138539,78.60611207333693,35789815
2022-01-31,75.70861053466797,75.70861053466797,75.70861053466797,75.70861053466797,0
2022-02-04,79.44731140136719,79.58751396533403,76.03574895616758,77.6246994627941,41986537
2022-02-07,79.4940414428711,80.19504707418037,78.51263070663889,80.19504707418037,16661416
2022-02-08,80.3819808959961,81.31665509246116,79.30710414386162,81.31665509246116,19348874
2022-02-09,81.2699203491211,81.92419657988877,80.8025832404292,80.84931980369774,20171295
2022-02-10,80.61565399169922,82.01766536546789,80.38198542940444,82.01766536546789,13992824
2022-02-11,81.5970687866211,81.83073736031588,80.1483207773138,80.80258993125963,26627317
2022-02-14,81.50359344482422,82.01766714542869,80.19505517237423,82.01766714542869,20567638
2022-02-15,81.03624725341797,81.87745542812085,80.0548436587629,81.83072599846945,23091339
2022-02-16,82.53173828125,82.81213627477608,81.55032747641239,82.06440116104133,19506703
2022-02-17,83.4664077758789,85.05535104184376,82.0643964949694,83.98047430028018,29741700
2022-02-18,82.25133514404297,83.46641453834309,81.78399801254272,83.46641453834309,18915661
2022-02-21,82.62521362304688,82.76541620116447,81.3634046819872,82.25134245839973,15095141
2022-02-22,79.44731140136719,81.03625477699508,78.55937371457489,80.98952534300521,22260918
2022-02-23,79.3071060180664,79.44730857704911,78.79303947646099,79.40057201372208,21098512
2022-02-24,76.45635986328125,77.67143216309444,75.80208358092129,77.57796616018557,31552811
2022-02-25,76.17594909667969,76.64328620770226,75.05434288262487,75.05434288262487,26604558
2022-02-28,75.9422836303711,76.5498233256138,75.33474393512839,75.84881763056423,31042350
2022-03-01,75.80207824707031,77.15736015238011,75.75534881440348,75.94228080706766,19422474
2022-03-02,74.35333251953125,75.10106757133732,74.02619085768077,74.30659595898177,19617527
2022-03-03,75.47493743896484,76.08247706126754,74.86739781666215,75.10106635362489,20375712
2022-03-04,74.213134765625,75.14780898904345,73.9327296462001,74.86740386961856,20135433
2022-03-07,70.19403076171875,71.96991316204682,69.21262713356249,71.96991316204682,36480551
2022-03-08,68.2779541015625,70.7081056287896,67.8573464271781,69.30609430950493,36994598
2022-03-09,66.8759536743164,67.67042545843977,65.56740813699585,67.20308827589668,40976449
2022-03-10,70.05382537841797,70.52116245800981,68.74528726035915,69.67996141954282,32166837
2022-03-11,72.20358276367188,72.67091986893836,69.11915501651376,71.96991421103864,50824235
2022-03-14,72.48399353027344,73.09152610968606,71.54931924687081,72.43725696370376,45727951
2022-03-15,67.81061553955078,70.9417726592086,66.87594134675751,70.38096956973227,50134617
2022-03-16,70.10057067871094,71.64278465984233,67.99755355834961,69.21263296918012,51884797
2022-03-17,74.63373565673828,74.77393821709502,71.96991553395397,74.77393821709502,45300436
2022-03-18,74.68047332763672,75.70861356716394,73.51213052567432,74.63373676315881,42191984
2022-03-21,75.52168273925781,76.17595186607618,75.00760904604434,76.17595186607618,24485277
2022-03-22,77.01715850830078,77.11062450574441,75.56841058942982,76.17595026931114,20053144
2022-03-23,77.81163024902344,78.18550137011334,76.31615289566233,76.54982145496871,20835943
2022-03-24,77.39102935791016,78.79304070764766,76.87695567727367,77.57796135214242,36059283
2022-03-25,74.96086883544922,76.17594816159172,74.44680229823378,75.75534761923379,31673818
2022-03-28,75.19454193115234,75.28801506265557,73.2317273965633,73.88600366209214,20708785
2022-03-29,75.66188049316406,76.08248819987338,73.88600505705432,75.14781391518451,23865396
2022-03-30,77.11062622070312,78.27896904222892,75.66187826961166,75.70861483487215,26095467
2022-03-31,77.06388854980469,78.51263648011093,76.7367539906706,78.51263648011093,26549612
2022-04-01,77.62471008300781,77.67143952339096,76.45636710843515,77.20410233356189,17684611
2022-04-04,78.4191665649414,78.4191665649414,77.01715526925473,77.81162691061087,11640170
2022-04-06,77.11062622070312,78.04530047792376,76.6900256573533,78.04530047792376,20325989
2022-04-07,76.92369079589844,77.7648918851356,76.36288056174253,77.11062278661817,14944537
2022-04-08,78.88650512695312,78.88650512695312,76.50308302767084,77.11062269327203,19073146
2022-04-11,76.36288452148438,78.51263818122698,76.22268908667401,78.51263818122698,18857071
2022-04-12,75.56842041015625,76.26942617858256,74.58701661295908,75.75535956033626,19913258
2022-04-13,74.91413879394531,75.70861044026698,74.54026768655916,74.58700424910677,22062370
2022-04-14,74.91413879394531,75.4282053269778,73.37192493285133,74.11966714762364,24980254
2022-04-19,73.23172760009766,73.83926730156344,72.01665532816486,72.43725589710337,28136538
2022-04-20,74.40007019042969,75.24127845651596,73.32519335770829,73.65233505579647,21397847
2022-04-21,74.11967468261719,74.58701183160973,73.23172982093196,74.16640411891706,20164308
2022-04-22,73.13825225830078,73.9794604197396,72.53071263442843,73.46538678469425,19513292
2022-04-25,70.10057067871094,72.29705380044412,70.10057067871094,72.29705380044412,32906633
2022-04-26,69.96035766601562,70.56789728072472,69.25935206388922,69.25935206388922,29396934
2022-04-27,71.50257873535156,72.29705040621133,70.19403338458334,70.28749938156712,25650118
2022-04-28,72.8111343383789,73.04480292923955,71.36238622264307,72.90460034852327,23405831
2022-04-29,72.67091369628906,74.30659342578753,71.87644211101792,74.30659342578753,35240146
2022-05-03,72.67091369628906,73.27845330773089,71.96990809793257,73.0447847749454,20863223
2022-05-04,71.73624420166016,72.20358129743644,71.17544111292824,71.17544111292824,20328451
2022-05-05,71.26891326904297,73.23172781484308,71.22217670302442,72.48399267553764,17788527
2022-05-06,69.16588592529297,70.14729661852392,68.97895395086694,69.72668897956878,20794474
2022-05-10,68.5116195678711,69.02568608318101,67.29654029350581,69.02568608318101,30146570
2022-05-11,67.3432846069336,68.3246883205933,67.10961603734812,67.7171486134713,32059710
2022-05-12,67.7171401977539,68.79201691046386,66.92266858609801,66.96940514660633,26516145
2022-05-13,68.46488189697266,69.16588751366521,67.48347118120392,69.16588751366521,27615736
2022-05-16,69.21263122558594,69.25936065959526,68.51162553645845,68.79202353351027,16066107
2022-05-17,72.48399353027344,72.67092553455441,70.0538346886275,70.38097639261753,27670261
2022-05-18,72.998046875,75.00759764623893,72.25031186242109,75.00759764623893,29239227
2022-05-19,72.53071594238281,72.76438449060633,71.50257575639893,71.87644685975621,18027210
2022-05-20,75.56842041015625,75.84882556992655,73.41867366558189,73.97947685412306,35317056
2022-05-23,73.65232849121094,74.96086664293956,72.7643837385401,74.820671220253,33383255
2022-05-24,73.01740264892578,73.68076354442744,72.49618535239483,73.15954624789649,19462579
2022-05-25,73.11216735839844,73.68076344377909,72.44879923371145,72.73310089144752,19804074
2022-05-26,73.01740264892578,73.87029316311605,72.06974009529971,73.87029316311605,17223209
2022-05-27,75.10225677490234,75.90776849303127,74.48627467394795,74.48627467394795,25753184
2022-05-30,76.381591796875,76.99757383356163,75.71823097588367,76.66589342306597,24085185
2022-05-31,76.66590118408203,77.18711124474083,75.90776825755286,76.42898554830309,66329812
2022-06-01,76.57113647460938,77.70832863577932,76.14468399160207,77.70832863577932,35090752
2022-06-02,75.81299591064453,76.3342131495665,74.9127194762419,76.23944112060562,18776854
2022-06-06,78.0400161743164,78.08740219787744,75.90777525572803,77.04497475036375,21976374
2022-06-07,76.76066589355469,79.17720826742539,76.52375025808075,79.17720826742539,21515201
2022-06-08,77.42402648925781,77.70832814279238,76.28683433530229,77.32926168144341,25958213
2022-06-09,78.08739471435547,78.22954554132339,77.23449698263933,77.80309306041963,24119873
2022-06-10,76.66590118408203,77.18711124474083,75.43393698599499,77.09234643644754,32186843
2022-06-13,74.9601058959961,75.29178634087167,73.5386120778795,73.91767854206222,29196771
2022-06-14,74.48628234863281,74.58104716698416,73.30170404401049,73.49124091080537,20407713
2022-06-15,74.6758041381836,75.10224934971033,73.96505729891189,74.4862673096567,22618014
2022-06-16,73.58599853515625,74.96010634214413,72.6383359841049,74.86534153305729,24307916
2022-06-17,75.19701385498047,75.6234662949309,72.87524374780507,72.9700085466527,28893905
2022-06-20,76.19207000732422,76.61851526022032,75.38655829069188,75.38655829069188,15411654
2022-06-21,77.32926177978516,77.47141260673322,76.09730481644851,76.19206962438342,18373244
2022-06-22,74.6758041381836,76.33421342981758,74.6758041381836,76.0499118020726,30762491
2022-06-23,75.29178619384766,75.95515431239488,74.20198005282619,74.58103928617726,18177041
2022-06-24,76.381591796875,76.61850740867057,75.10224893919704,75.29177853659722,15572072
2022-06-27,78.51383209228516,78.60859689073087,76.76065801572199,76.76065801572199,23839448
2022-06-28,80.31439971923828,80.31439971923828,78.32430984477985,78.6559902855077,28702662
2022-06-29,81.11990356445312,82.11495202028605,80.74083714175055,81.6411207994305,35240183
2022-06-30,80.59869384765625,81.11990385440598,79.79317498525006,81.11990385440598,26598980
2022-07-04,80.78822326660156,81.11990367563693,78.94028439476836,80.59869367003583,26389335
2022-07-05,81.49897766113281,81.87804411952844,80.88299557000133,81.49897766113281,19627532
2022-07-06,80.17224884033203,81.49897783246011,78.70337625233668,81.49897783246011,23627090
2022-07-07,80.50393676757812,81.02515410120161,78.94029922689171,79.65104619269172,16273788
2022-07-08,80.6934585571289,81.1672897791554,79.88794692570201,80.6934585571289,11743725
2022-07-11,78.84551239013672,79.88794686183412,78.27691637017764,79.46149442429683,19686652
2022-07-12,78.89290618896484,79.55626707269136,77.8504788444983,78.37168890168589,14370471
2022-07-13,79.60365295410156,80.31439985547748,79.27197251281109,79.60365295410156,22229531
2022-07-14,78.51383209228516,79.27196494003226,77.99262208578835,78.70336891926726,20092276
2022-07-15,77.66094970703125,78.75076317853994,77.0449747810452,77.99263741190632,28153525
2022-07-18,79.31935119628906,79.74580367460369,77.28188253245415,77.94524341415509,21665538
2022-07-19,79.17720794677734,79.4615023701399,78.08739458199244,78.371689005355,17200859
2022-07-20,78.79814147949219,80.930382189959,78.65599065277613,80.55131572874663,18101843
2022-07-21,75.05487060546875,78.08739508483696,74.67581137187773,77.51879900435898,38044134
2022-07-22,75.33916473388672,75.528694331747,74.53365309784444,75.05486310700559,16746573
2022-07-25,75.95515441894531,76.4763644805799,75.05487066324503,75.1970214909968,17637040
2022-07-26,77.13973236083984,77.32926197719351,75.76561733695587,75.95515418340094,16948279
2022-07-27,76.381591796875,76.80804423616145,75.67084496148827,75.81299577458375,11586006
2022-07-28,75.7182388305664,76.28683491184134,75.10225672998045,75.81300363909699,28151304
2022-07-29,74.86534118652344,76.0499193698545,74.48627472183921,76.0499193698545,18872440
2022-08-01,73.1595458984375,73.87029281026206,72.73310064337936,72.73310064337936,25940145
2022-08-02,71.1220703125,72.4961779835506,70.97991949788666,72.2118763543239,28944720
2022-08-03,70.93253326416016,71.73804490436314,70.79038244998534,70.79038244998534,24466637
2022-08-04,72.73309326171875,73.68075571464017,71.8328168234797,72.3066480499404,22684549
2022-08-05,72.78048706054688,73.49123397625497,72.40142059281759,72.9226306596153,13708858
2022-08-08,72.97001647949219,73.2543181370333,72.16450475658102,72.49618520365134,9527946
2022-08-09,73.11216735839844,74.10720870029168,72.35403442449659,72.97001652953041,13610978
2022-08-10,71.88019561767578,72.87524408541252,71.5959012198158,72.6383284721505,11348675
2022-08-11,72.875244140625,73.20692455342495,71.26421363116832,71.26421363116832,19683504
2022-08-12,73.77552795410156,74.05982961068581,72.97001623390146,73.20693187102452,13379284
2022-08-15,73.11216735839844,74.24935952915972,73.01740254918359,73.01740254918359,10267285
2022-08-16,72.68572235107422,73.6333850009192,72.35404186964692,72.97002403806461,15140158
2022-08-17,72.16449737548828,73.63336984230158,72.06973257603109,73.63336984230158,16857957
2022-08-18,71.54850769042969,72.68569962261245,71.16944130300544,72.40140525461175,18651132
2022-08-19,71.4537582397461,71.97496830801147,71.1220777908333,71.26422139030198,14093964
2022-08-22,71.21684265136719,71.78543873992253,70.45870971323238,70.83777618229978,16662875
2022-08-23,71.1220703125,71.73804512567324,70.64823908384935,71.1694490973106,17356379
2022-08-24,70.26918029785156,71.1220780482077,70.03226465775772,71.1220780482077,15910526
2022-08-25,73.63336944580078,73.87028505821338,70.41132290106195,70.41132290106195,25668084
2022-08-26,74.10720825195312,75.57608809121712,73.87029261530354,74.39150990796921,25479702
2022-08-29,73.4912338256836,73.87029306254475,72.54357127334772,73.06478133907756,17889107
2022-08-30,72.44879913330078,73.49123372349393,71.64328741095365,73.49123372349393,24048691
2022-08-31,71.97496795654297,72.5909500615682,70.88516180545004,70.93254059501106,27330671
2022-09-01,71.31160736083984,71.35899338069096,70.45870961416033,70.74301127308401,19173270
2022-09-02,70.2218017578125,71.31161526434926,69.65320560703881,71.02731357391625,27638605
2022-09-05,71.21684265136719,71.3589934810289,69.984878434421,70.6008605428941,24305260
2022-09-06,70.55348205566406,71.45376591957996,70.31656639096393,71.21685025487983,12812894
2022-09-07,69.22674560546875,69.41627520546099,68.27908314532594,68.9424439753896,22979191
2022-09-08,68.27909088134766,69.08460261771538,68.04217523946942,68.84768697583714,17137455
2022-09-09,71.23602294921875,71.3313205224278,68.61529969690635,68.85354726529839,23707586
2022-09-13,70.04478454589844,71.61721993883165,69.85418940100782,71.37897237234901,23713044
2022-09-14,68.13880157470703,69.37769178436072,67.9482064366396,69.37769178436072,25283954
2022-09-15,68.13880157470703,68.9964942374874,67.70995887868608,67.70995887868608,18437580
2022-09-16,67.8529052734375,68.13880526676843,66.89991498998619,67.09051740911977,30951659
2022-09-19,67.8529052734375,68.28175526343391,67.18581498331713,67.9005576959056,14539869
2022-09-20,68.2817611694336,68.56765391675384,67.85291114234401,68.13881116040373,19030893
2022-09-21,67.94821166992188,68.37705439897174,67.37641167020337,67.75760924643603,19183471
2022-09-22,66.32811737060547,66.99521488214799,65.80397711589883,65.8992746830511,24234667
2022-09-23,65.8039779663086,66.42341579617273,65.61337555880252,66.28047307896618,21722421
2022-09-26,65.13687896728516,65.99457160474356,64.70803628392508,65.04158140106495,24342670
2022-09-27,64.70804595947266,65.42278871910437,64.66039353386815,64.80334353994235,20536473
2022-09-28,62.51615905761719,64.32684199000201,61.706118797816735,64.18389199809872,31561064
2022-09-29,61.61082077026367,63.42150368923149,61.27727563878663,63.18325612807095,27329200
2022-09-30,62.37321472167969,63.08795747526994,61.0866792193651,61.0866792193651,24773520
2022-10-03,62.27791213989258,62.468514554651144,61.46787187170008,61.99201942386277,18843170
2022-10-05,66.89990234375,66.89990234375,64.18388200347687,65.80396954153868,55514108
2022-10-06,66.7569808959961,67.23347609933442,65.4227928725008,66.8522784825158,28380820
2022-10-07,67.13815307617188,67.80525054278954,66.51871529602823,66.70931041749738,22100417
2022-10-10,65.7563247680664,66.70931498209634,65.42277964730359,66.70931498209634,24946340
2022-10-11,64.13624572753906,65.61337622943219,63.8026933286788,65.5657310801225,24668740
2022-10-12,65.32748413085938,65.89927682307984,63.46914879271967,64.23154389617267,28099719
2022-10-13,63.51680374145508,65.7563294497255,63.37385374502529,65.7563294497255,21531314
2022-10-14,64.66038513183594,66.80461313210806,64.61273998316182,65.04158267492089,22407727
2022-10-17,64.46980285644531,64.99394322084936,63.42151485689739,63.42151485689739,19786907
2022-10-18,65.13687896728516,65.56572892138348,63.70739366176724,65.47042408442502,21766989
2022-10-19,64.80333709716797,65.99457491145414,64.42213954244866,65.0415846600252,14146862
2022-10-20,63.89799880981445,64.70803906359055,62.802058574358064,63.65975124866039,19753961
2022-10-21,62.849708557128906,64.18389645633502,62.27791582053746,64.18389645633502,21532354
2022-10-24,56.893516540527344,62.08731393733856,56.655268986869665,61.99201637002315,62456109
2022-10-25,55.36873245239258,57.41766295815927,54.939889745232904,57.179415394017525,62289313
2022-10-26,56.32172393798828,57.56061420685533,55.225787300242814,55.27343608703706,38702572
2022-10-27,57.75120544433594,59.275991966111455,57.131763987207364,57.27471033791281,32959000
2022-10-28,55.22578811645508,59.27599685510685,54.65399176036492,58.27535777616089,36874987
2022-10-31,56.655269622802734,57.46530986018355,54.558690400008054,55.60697819372079,32199280
2022-11-01,60.419586181640625,61.13432890318037,56.98881893702818,56.98881893702818,39509600
2022-11-02,60.896080017089844,61.849070291940265,59.609540964820134,60.51488245300192,53692178
2022-11-03,59.75249099731445,61.086675201712225,59.228347072895,60.84842763285162,22554652
2022-11-04,62.46851348876953,63.27855374314055,59.46659276187592,59.99073666972595,65173223
2022-11-07,64.51744842529297,65.27984366840238,62.373219983630115,63.04031763903583,36863700
2022-11-08,65.47042846679688,65.56573331013472,64.08859548726291,65.37513089419775,28345100
2022-11-09,64.85099029541016,65.37513057753583,63.945645183257035,65.27983300539832,17487877
2022-11-10,63.9932975769043,64.85099026724684,63.23090245865789,64.85099026724684,17006185
2022-11-11,69.6159439086914,70.04478663284179,67.37641090043796,68.47235119305878,41979276
2022-11-14,72.14136505126953,73.52320539180248,71.71252231119263,73.09435538098637,42478671
2022-11-15,72.2366714477539,73.23730695294131,71.85547385355612,72.14136659614994,29887769
2022-11-16,72.47491455078125,73.14200484629555,70.52128154561395,71.09307426616033,28425884
2022-11-17,72.80845642089844,73.57084425706,70.47362595022834,72.47491128815659,26310319
2022-11-18,72.52255249023438,73.76144265382133,71.95075982655509,72.99904758842348,25951604
2022-11-21,70.99777221679688,71.09306978575898,69.18708932356309,70.75952465902239,20089071
2022-11-22,70.66423034667969,72.61785604802185,70.28303278252501,70.6165779246333,21637360
2022-11-23,71.09307098388672,71.4742685368979,69.85418802502363,70.66422828096077,15149622
2022-11-24,71.4266128540039,71.76016524186608,70.75952261975604,71.76016524186608,12748848
2022-11-25,71.04542541503906,71.80781324582726,70.37832788351854,71.76016809619342,14101118
2022-11-28,68.90119934082031,69.37769447520844,66.75697123607368,67.80525907757985,28394805
2022-11-29,72.61785125732422,72.76080124329397,69.09179038067477,69.09179038067477,33282572
2022-11-30,74.80973052978516,75.04797807924307,73.04670011794423,73.18965010176662,50723388
2022-12-01,76.57276153564453,78.14519682841268,75.95331644810092,76.7633639391324,39018353
2022-12-02,75.90567779541016,76.81101565954648,75.66743022371756,76.33452051616128,31705202
2022-12-05,79.4793930053711,79.9558881585559,77.23986723955038,79.09819542867545,33993664
2022-12-06,80.24179077148438,80.33709563045134,77.90696714159196,78.57405752992123,23664406
2022-12-07,76.04862213134766,80.43237567000752,75.5721270234338,80.05117812952875,39166900
2022-12-08,79.81292724609375,80.52766987814832,75.85801656124418,75.85801656124418,36272268
2022-12-09,81.48066711425781,82.33835980118721,79.09819146764208,81.00417198493466,35672494
2022-12-12,81.00416564941406,81.7665607049979,79.66997793751139,80.57532297485946,23408366
2022-12-13,82.71955108642578,83.00544377989812,80.71826587842891,80.71826587842891,26196968
2022-12-14,80.146484375,82.43366259478344,79.47939405998527,81.67126743127592,29620575
2022-12-15,80.6706314086914,81.29007656597511,79.09819593889094,79.62234351907078,28003189
2022-12-16,80.62297058105469,81.8618607664867,79.384087666361,81.8618607664867,33842993
2022-12-19,79.62234497070312,81.29007804801267,79.24114738459882,80.52768287580406,15521050
2022-12-20,80.6706314086914,81.00417656392445,78.90760078468321,79.19349351599479,15869797
2022-12-21,80.33708953857422,81.29007989006031,79.86059436283116,81.29007989006031,16374431
2022-12-22,79.95588684082031,82.52895771731635,79.43173927265978,82.00481741989474,29964115
2022-12-23,82.6242446899414,83.33898731622374,79.24113395464786,79.62233147614603,29570821
2022-12-28,82.81485748291016,84.76848321090368,82.81485748291016,83.52960019892365,26584413
2022-12-29,81.09947204589844,81.38537204056314,80.24177933264325,81.19476962054037,20031672
2022-12-30,82.71955108642578,83.81548398417688,81.9095036114089,82.1477511580049,17752997
2023-01-03,84.1490478515625,84.48259300817507,80.43238416322735,82.52895995113994,20260289
2023-01-04,87.05565643310547,87.05565643310547,84.53023085852843,84.67318084779477,30110356
2023-01-05,84.91143035888672,89.24753893215757,84.72083521597447,89.24753893215757,36298225
2023-01-06,84.05374145507812,84.76848417925648,82.43366085523613,82.76720600570489,33635273
2023-01-09,83.19605255126953,85.29262821358738,82.29070744242512,84.24434038242845,38125376
2023-01-10,82.29071044921875,83.9107983117863,81.76657014985723,82.48131287050025,28344164
2023-01-11,81.71891784667969,83.24370086547286,81.29007512196063,83.00545329157583,26031302
2023-01-12,84.24433898925781,84.24433898925781,81.48066582864155,82.38600365177548,35212650
2023-01-13,83.81549072265625,85.19733096645115,83.24369801900329,85.05438097285322,23819640
2023-01-16,83.81549072265625,84.24434070344999,82.2430626052953,82.2430626052953,22156932
2023-01-17,81.57596588134766,83.38664885345618,81.33771831319493,82.95780613907677,22487641
2023-01-18,82.6718978881836,82.7195503053481,81.29006503926999,81.76656012796269,18502514
2023-01-19,83.3389892578125,83.72018678819161,81.90950397194445,82.48130390288217,15240826
2023-01-20,83.48194885253906,84.10139400188487,82.14776097796477,83.3866512766564,22452493
2023-01-26,85.76912689208984,85.95972204355445,84.57788901858859,85.76912689208984,30850823
2023-01-27,84.8161392211914,85.91207955291644,84.05374405023333,85.2926343853554,20892043
2023-01-30,85.1496810913086,86.38857137855317,84.43493837268417,85.67382865992874,34770633
2023-01-31,84.38728332519531,86.38856124852359,83.67254069038249,85.57852104988334,22298408
2023-02-01,82.86249542236328,85.48321848630016,82.24305760565971,85.00672338376619,25498990
2023-02-02,81.33772277832031,83.5296034339467,80.7659300375123,82.9101582685967,29276538
2023-02-03,80.95651245117188,81.24241241194314,79.8129271495629,81.14711484859872,26027334
2023-02-06,81.57596588134766,82.00481586646585,80.71827318185007,81.95716344453979,25376836
2023-02-07,81.3853759765625,81.71892113930978,80.6229808010779,81.43302113081826,15761687
2023-02-08,81.67125701904297,82.48130450352429,81.1947619202837,81.38536432223033,14327759
2023-02-09,83.72019958496094,84.19669475308336,81.05183100591896,81.05183100591896,17847505
2023-02-10,82.14775848388672,84.48258901118898,81.95716333790801,83.86314388065006,24842957
2023-02-13,82.00482177734375,82.10011935732611,80.90888143069844,81.62362418667504,9557135
2023-02-14,82.2430648803711,82.91015517463003,81.90951246250273,82.05246246005504,10809785
2023-02-15,80.146484375,81.67126743127592,79.86059164173903,81.52832470001499,17174271
2023-02-16,81.19476318359375,82.43365336793903,80.38472295724722,80.67062292924638,14233446
2023-02-17,79.71764373779297,80.71827923665036,79.66999131229242,80.24178406460227,13869299
2023-02-20,79.33643341064453,80.19412603679913,78.66934318515659,79.14583828071602,17309282
2023-02-21,78.62169647216797,79.90823186938299,78.28815133522167,79.3364391673695,10584560
2023-02-22,78.52639770507812,79.62233794185411,78.19285257320854,78.95524040737637,14096602
2023-02-23,77.28750610351562,78.33579390107484,77.23986095451747,77.76400121792786,19514968
2023-02-24,77.3828125,77.85930766877028,76.47747458763214,77.1922173407876,18288737
2023-02-27,78.28815460205078,78.52640217705961,75.5244812778005,75.5244812778005,18040940
2023-02-28,79.33643341064453,80.43237358457884,78.8599383150851,79.14583828071602,27016337
2023-03-01,81.48066711425781,82.05245981529785,79.38409145353144,80.24177686972216,20691231
2023-03-02,82.10011291503906,82.57660804830019,81.43301536603025,82.24306290916515,16760340
2023-03-03,82.14775848388672,83.815491458786,81.86186576491866,83.38664874496455,15583185
2023-03-06,82.57661437988281,83.24370470930221,81.7665740453766,82.00482163027486,13774527
2023-03-07,82.48130798339844,84.24433846904208,81.718912884923,82.76720069227285,15550970
2023-03-08,80.76592254638672,81.6236152134164,79.90822987935704,81.43301280366619,15780034
2023-03-09,81.48066711425781,82.4336573729041,80.7659244202731,81.48066711425781,20076694
2023-03-10,77.71635437011719,81.38536521674224,77.66870195142224,81.38536521674224,26572387
2023-03-13,80.48002624511719,80.67062866357804,77.90695539717572,79.76528353505135,32479294
2023-03-14,76.95397186279297,79.62234778924133,74.95269355332644,79.62234778924133,41886783
2023-03-15,76.7157211303711,78.85994936072308,75.7150783812445,78.71699935788511,28545984
2023-03-16,72.80845642089844,73.38024911570426,71.61721861057856,72.90375399157631,46513301
2023-03-17,75.23857879638672,75.61977635796795,72.71316040123094,73.57084582636527,44978961
2023-03-20,72.09371185302734,74.71443496732898,71.37896918549053,73.99969229979217,36253064
2023-03-21,74.1902847290039,74.57148225859483,73.14199697568246,73.85673961713864,33531793
2023-03-22,76.8586654663086,77.09691302989248,75.04798252892336,75.09563494993559,27310608
2023-03-23,77.28750610351562,77.47810851172358,75.14327808866061,75.52447563433807,18777278
2023-03-24,77.71635437011719,78.09754463672373,76.33451420608449,76.85866172877591,16382466
2023-03-27,76.76336669921875,78.04990206838261,75.76272403945879,76.47746671907633,22092067
2023-03-28,78.00225830078125,78.71700105968408,76.95397037520496,77.57341555373527,20917071
2023-03-29,79.19348907470703,80.19413175502774,78.62169637341177,79.62233905373247,22413103
2023-03-30,79.09819030761719,79.431735439104,78.28815005379533,79.19348787793649,17176653
2023-03-31,78.76464080810547,80.24177124298423,78.19284814716084,80.05117611291541,24309046
2023-04-03,79.66999053955078,79.76528811888822,78.04990987859662,78.76465262973628,20160149
2023-04-04,79.5746841430664,81.00416948695383,79.43173415452998,81.00416948695383,19412918
2023-04-06,79.76528930664062,80.8135845071799,79.38409898361473,80.67063450067552,17727115
2023-04-11,80.52767181396484,81.2900668814456,79.4317316309881,80.14647428022447,20666294
2023-04-12,81.62361907958984,81.86186665000854,80.28943123109744,81.43301666081159,16935900
2023-04-13,80.76592254638672,81.24241766465448,80.00352744886288,80.52767498725284,14021255
2023-04-14,80.57532501220703,81.00416769760491,79.90822750401908,80.67062257888009,15920694
2023-04-17,81.86186981201172,81.9571673897124,79.66998917120051,79.76528674890119,19356657
2023-04-18,81.71891784667969,82.14776057139875,81.00417512498862,81.67126542360471,11828154
2023-04-19,81.00416564941406,82.10010581528904,80.86121566764983,81.86185826926136,11804853
2023-04-20,79.81292724609375,80.62296744160798,79.28877974095852,79.57467970207556,17734058
2023-04-21,78.9075927734375,79.86058298920008,78.28814767904414,79.81293057011662,18910588
2023-04-24,78.57404327392578,79.71763593738369,77.47811030204421,78.24049814027754,11012163
2023-04-25,78.85993957519531,79.47938466346837,78.2881469055349,78.57403960499597,14300749
2023-04-26,79.90823364257812,80.28943120929226,78.57404579444805,78.85994578716837,19354046
2023-04-27,81.19476318359375,82.52895093502597,80.43237537615984,81.95715826176597,25908317
2023-04-28,80.95651245117188,82.52894769393774,80.62296734409743,81.6236099360588,31175497
2023-05-02,81.43301391601562,82.71955656950317,80.86122122043149,82.3860041655687,21150469
2023-05-03,80.52767181396484,80.90886934770522,79.62233403322739,80.90886934770522,13871712
2023-05-04,80.48002624511719,80.76592623743905,79.00289567342443,79.95588595351221,17424956
2023-05-05,77.71635437011719,80.86121769405082,76.81100931008095,80.43237500874933,25799548
2023-05-08,80.05118560791016,80.24178076058577,78.24050257453581,79.05054287951567,16052456
2023-05-09,77.09690856933594,79.38408650156086,76.71571103550875,79.38408650156086,18698611
2023-05-10,77.19221496582031,77.2875125424945,76.38217465798112,76.38217465798112,14767424
2023-05-11,77.14456176757812,78.28815448840382,77.00161903937152,77.90695691479526,11488841
2023-05-12,76.0009765625,77.47811443846801,75.76272898706897,77.47811443846801,14204225
2023-05-15,78.2405014038086,78.71699654910675,75.66743052749415,75.71507567958061,12803077
2023-05-16,77.3828125,79.47939560503285,77.04926733600864,79.47939560503285,12857056
2023-05-17,75.4768295288086,77.57341257006048,75.33388679911744,77.57341257006048,15299337
2023-05-18,75.52448272705078,77.09691820643057,75.0003351436778,76.23922546579259,14616602
2023-05-19,75.19093322753906,75.90567592500476,74.38089295789234,75.28623079972007,12144143
2023-05-22,76.19157409667969,77.19221685307073,75.1432861861562,75.19093861102786,15308168
2023-05-23,75.69275665283203,76.75612719657386,75.49941186056553,76.6111204462114,14441776
2023-05-24,74.484375,76.2244337764744,74.29103021904778,75.20940133403498,19124957
2023-05-25,73.95269012451172,74.4360410403582,73.13099504264264,74.4360410403582,15579634
2023-05-29,74.04935455322266,75.16106307049272,73.71101040675332,74.82271892402338,23053953
2023-05-30,73.95269012451172,74.67771649828144,73.27600179246652,73.5660079167646,14063245
2023-05-31,72.59930419921875,73.95268820350309,72.35762874757332,73.95268820350309,45108479
2023-06-01,72.69597625732422,74.00102965667423,72.59930754727787,73.03432780551115,30601005
2023-06-02,75.40274810791016,75.40274810791016,73.85602654486921,74.6293836387146,26622822
2023-06-05,77.2394790649414,77.52948519388625,75.54775083237226,76.56278334670387,19795582
2023-06-06,76.85279846191406,78.49618868643137,76.65946103856496,77.23948068396224,12131742
2023-06-07,77.2878189086914,78.59287245762013,77.046143418201,78.01284538016263,13987751
2023-06-08,78.59286499023438,78.97953983799916,77.52948703283136,77.81950054400491,17286364
2023-06-09,78.06117248535156,78.4961853571115,77.14280870036963,78.3511859834246,13683167
2023-06-12,78.83454132080078,79.1245474597992,77.81950139593123,78.78620327662603,17211827
2023-06-13,79.84956359863281,80.04290837511031,77.77115334743151,78.54451770264333,25685667
2023-06-14,79.41455841064453,80.18791546502636,79.07621423839312,79.70456454028155,15813334
2023-06-15,78.68953704833984,80.28459667692212,78.30285480878197,79.75290767561127,23894658
2023-06-16,79.02787780761719,79.70456616592163,78.30285140571245,78.68953362846497,27165140
2023-06-19,79.36622619628906,80.04292196583485,78.93121328221346,79.70457039338679,15861336
2023-06-20,78.64119720458984,79.36622362142752,78.20618430462727,79.36622362142752,10002722
2023-06-21,77.57782745361328,78.35119192354016,76.70779426878309,77.14281454887329,15724648
2023-06-23,75.5477523803711,77.38448740272288,74.62938118152024,77.38448740272288,26153767
2023-06-26,74.53271484375,75.01606579263988,73.85602646544423,74.677721603487,21088324
2023-06-27,76.41777801513672,76.80445282359864,74.91938731862454,75.30606950243568,17858805
2023-06-28,76.75613403320312,77.2878156647558,76.51445855285637,77.2878156647558,13919516
2023-06-29,77.04613494873047,77.674492630002,76.51445335330827,77.481155209003,24268191
2023-06-30,76.46611785888672,77.7711639324999,75.88609820120865,76.70779333086509,19184311
2023-07-03,78.30284881591797,78.54452427522637,77.09447151937603,77.57782243799281,16607232
2023-07-04,78.83454132080078,78.93121003380026,78.06117686610493,78.25451429210388,9029314
2023-07-05,77.72283172607422,78.9312090620662,77.67449368249456,78.83454035025683,10927304
2023-07-06,74.62937927246094,77.67449155065515,74.62937927246094,76.56278295698428,24181977
2023-07-07,74.00102996826172,75.01606249104695,73.80768517200511,74.43604285297684,27132116
2023-07-10,74.09769439697266,75.54774709603142,73.80768090702114,75.11272686110414,12826346
2023-07-11,74.91939544677734,76.07943474871647,74.29103775183114,75.0160641593806,14499929
2023-07-12,75.98275756835938,76.07942627018957,74.9193870975288,74.9193870975288,12856443
2023-07-13,78.30284881591797,78.44785556657294,77.43281568733782,78.44785556657294,21217307
2023-07-14,77.81949615478516,78.97953538335021,77.81949615478516,78.93120471778056,12610367
2023-07-18,76.99781036376953,78.01284296722386,76.51445939773878,78.01284296722386,18590319
2023-07-19,75.8860855102539,76.75611853894442,75.16105921556995,76.51444310738312,18907556
2023-07-20,74.8227310180664,75.8377636215402,74.33938005202639,75.20941326596852,22086663
2023-07-21,75.98275756835938,76.51444649144925,74.67771165527871,74.67771165527871,17917630
2023-07-24,73.17932891845703,74.62938172959171,72.64764731291764,74.48438234875825,25202413
2023-07-25,74.38771057128906,74.87106153634059,73.51768473447666,74.43604861793439,28748546
2023-07-26,74.484375,74.58104370280148,73.46933518221132,74.14602347717093,17198556
2023-07-27,75.59608459472656,76.03110486897997,74.82272751052622,74.87105817965431,19989217
2023-07-28,75.35441589355469,75.8377668803648,74.14603842652943,74.33938324646392,26170208
2023-07-31,74.8227310180664,76.22444586944232,74.48438681690848,75.88610166828438,33935598
2023-08-01,74.58104705810547,75.83775500176087,74.24270289540401,75.2577353835084,19449457
2023-08-02,72.74431610107422,74.00103148884075,72.74431610107422,73.71101797617155,23610873
2023-08-03,72.79265594482422,73.56601303881394,71.10092762157458,71.34260309632454,53455010
2023-08-04,71.58428192138672,73.66268520123026,71.39093710732766,73.08266550975415,24906038
2023-08-07,71.53594207763672,72.16429980068602,71.29426659764471,71.82595560376727,20997869
2023-08-08,70.08588409423828,70.76257243880134,69.55419512683171,70.71424177153244,29420878
2023-08-09,69.31251525878906,70.03754159988665,68.58748891769149,69.50586004162469,32533238
2023-08-10,71.29426574707031,71.63260993995246,69.65087545287116,69.89255092997988,27633867
2023-08-11,70.47256469726562,72.35763031068245,70.47256469726562,71.87427939694997,28558223
2023-08-14,69.50586700439453,69.84421118906393,67.81413870569749,68.10414484597837,30909547
2023-08-15,68.44248962402344,69.60252882089867,67.86246265023647,67.86246265023647,32350568
2023-08-16,67.52412414550781,68.15248183608783,66.8957664549278,67.86246832494322,32528960
2023-08-17,68.20081329345703,68.58748810384137,66.07406495959691,66.84742933106409,40647418
2023-08-18,67.3307876586914,68.44249629975086,66.89576738592028,67.4274563719683,29956812
2023-08-21,65.15570831298828,67.18578078984154,64.62401932782073,66.94410531937449,37212680
2023-08-22,65.97740173339844,66.75076616905807,65.15570663010375,65.4457127619637,34106136
2023-08-23,67.62079620361328,68.34582264200235,66.12241265615275,66.4607568523309,28558283
2023-08-24,67.37911987304688,69.31252368432915,66.26741858183976,69.31252368432915,33829335
2023-08-25,65.39738464355469,67.0891129590735,65.25237788429733,66.41241720765589,24757816
2023-08-28,66.12240600585938,67.08910782648495,65.49404834738283,66.60575691617217,26593494
2023-08-29,68.10414123535156,68.63583019403679,66.36408235986748,66.60575781829719,24079171
2023-08-30,68.82917022705078,70.13422365246007,68.53916409112091,69.6025346735637,35476552
2023-08-31,68.82917022705078,69.84421014118023,68.29748862350436,69.07084569466731,27930765
2023-09-04,69.55419921875,69.55419921875,68.20082245000384,68.39415988115323,31575867
2023-09-05,67.089111328125,69.11918378232612,66.79909781666056,68.39415737901501,28564598
2023-09-06,66.50908660888672,66.79909272288673,65.2523713221718,66.36407986421202,38886511
2023-09-07,65.73572540283203,66.31574503425766,65.44571189944433,65.92906282152398,25725782
2023-09-11,64.49342346191406,65.41753436161763,62.6451942410024,65.12570596091939,59635785
2023-09-12,64.73661041259766,65.22298612592596,63.958406302670625,64.0556799610354,24385805
2023-09-13,65.22299194335938,66.43893133513338,64.7852493094177,65.46617982171418,32105610
2023-09-14,63.76386642456055,65.66072895922493,63.32612377859588,65.66072895922493,34381790
2023-09-15,64.73661041259766,65.66072129931965,63.76385898594107,63.76385898594107,34520126
2023-09-18,63.617950439453125,65.70936767686695,63.47203622819075,65.70936767686695,27889859
2023-09-19,63.4720344543457,63.617948661530235,62.839744504216,63.42339391144924,18664891
2023-09-20,63.76386642456055,63.95841376398577,62.79111488442388,62.79111488442388,16806639
2023-09-21,62.79111099243164,63.5693077234027,62.64519678615431,63.326119853442094,19368770
2023-09-22,63.56930923461914,63.56930923461914,62.49928406565599,62.742471941397845,46448312
2023-09-25,61.86699295043945,63.909769584266705,61.47789458296173,61.76971928625813,23580998
2023-09-26,59.970130920410156,61.62380548694827,59.483755174780725,61.283343949308644,35932800
2023-09-27,62.30473709106445,62.45064388014253,59.87285460894337,59.921491442220244,50945670
2023-09-28,61.18606948852539,62.256094630689404,60.748330581002875,62.256094630689404,43154437
2023-09-29,62.11017990112305,63.37475978125276,61.28334263557888,61.769718370781895,38747962
2023-10-03,62.645198822021484,62.839746155710515,61.28334522168307,62.25609673313836,52843018
2023-10-04,63.617950439453125,64.05568565173517,62.93701992739708,63.81249777346624,49964473
2023-10-05,64.15296173095703,64.49343071053957,63.71522650221571,64.39614961837006,23201882
2023-10-06,65.66072845458984,66.00119000672001,65.02843847405941,65.51481424038971,40378902
2023-10-09,65.41754150390625,66.34165250450428,64.3961494114513,66.14710516380111,21559620
2023-10-10,65.46617889404297,66.58483718141933,65.46617889404297,66.09846143160179,22108899
2023-10-11,66.92530059814453,67.75213782002261,66.73074586143511,67.1198479133496,34205710
2023-10-12,68.09260559082031,68.62762188906449,67.65487038062419,68.38443401195441,31662451
2023-10-13,66.43892669677734,67.11984974003092,65.85526989226908,66.73074767752692,27539702
2023-10-16,66.43892669677734,67.4603112616577,66.14709829452322,66.39028615590014,19038194
2023-10-17,67.50895690917969,67.8980590011169,66.97394060507789,67.31440215245853,17675875
2023-10-18,67.363037109375,68.14124122869883,66.73074719011245,66.73074719011245,17597001
2023-10-19,64.93115997314453,66.34164662193682,64.73661264969203,66.34164662193682,34397308
2023-10-20,65.1257095336914,65.3202642853316,63.6179491713807,63.81249650151597,24474105
2023-10-24,64.78524780273438,65.12570934021211,63.81249631193805,64.49342680839841,20409893
2023-10-25,65.17434692382812,66.53620043340305,65.0770732634666,66.0498247100909,17878719
2023-10-26,65.85527801513672,66.04983278113819,64.93116699652248,65.51481645151597,21002050
2023-10-27,66.8280258178711,67.07121369555112,65.80664118451799,66.73075215110009,18403006
2023-10-30,66.8280258178711,67.02258057291814,65.51481276269992,65.51481276269992,13647009
2023-10-31,66.00119018554688,67.07121539007166,65.75800230172283,66.77939438238593,19477424
2023-11-01,65.5634536743164,65.95255576508636,64.59070215814407,65.5634536743164,17799996
2023-11-02,66.43892669677734,67.55758492190755,66.14709829452322,66.14709829452322,17871779
2023-11-03,68.96807861328125,69.45445433351384,67.07120885147145,67.31439671158775,28093128
2023-11-06,70.5731201171875,72.42134192060844,70.4272059165215,70.816307977796,33135783
2023-11-07,68.48170471191406,69.74627716520295,68.43306416999711,69.55172984054457,19641893
2023-11-08,67.55758666992188,68.23851715229868,67.16849201885485,67.31439880225261,22401083
2023-11-09,68.09260559082031,68.28715292390635,67.21712774892303,67.46031562603311,18200740
2023-11-10,67.46031188964844,67.8980544971046,66.68211517890076,67.8980544971046,14163219
2023-11-13,68.5789794921875,68.72489369881227,67.21712593286436,67.21712593286436,15608584
2023-11-14,69.35718536376953,70.28129632609892,69.11399748720864,69.50309215250205,16805743
2023-11-15,71.7890625,71.98360982823111,70.5731231447934,71.39996042203292,34566412
2023-11-16,70.67039489746094,71.5458726938313,69.94083130406975,71.35131794935752,15976027
2023-11-17,70.91358184814453,71.2540433697057,69.64900200062644,69.98946352218759,21346618
2023-11-20,71.25404357910156,71.49723144114628,70.42720633245045,71.39995778062931,19684698
2023-11-21,70.62175750732422,71.9836110933921,70.3785696320087,71.54587588642616,14319967
2023-11-22,71.01085662841797,71.01085662841797,69.89219096435428,70.4758403564513,12530901
2023-11-23,71.44859313964844,71.59450734574978,69.9894659216447,70.52448220351465,10744243
2023-11-24,69.45446014404297,70.76767321423286,69.35718647615948,70.62175900165506,13790063
2023-11-27,68.48170471191406,69.74627716520295,67.84941477451726,69.45445617821538,22198823
2023-11-28,68.23851776123047,68.77352662197421,67.50895415171235,67.70350147898192,23613532
2023-11-29,67.31439971923828,68.87080803072749,66.73075031318226,68.67625328103891,23118852
2023-11-30,65.5634536743164,67.7035040412935,64.97980424891402,67.31440195052355,57029830
2023-12-01,65.02843475341797,66.09845989382143,64.97980163247065,66.001186230422,33314587
2023-12-04,64.3961410522461,65.12570461743697,62.83974026413977,62.83974026413977,33869354
2023-12-05,61.818355560302734,63.228845942713754,60.79696725260938,62.98565807370331,47091234
2023-12-06,61.4778938293457,62.06154322878394,59.921489246256414,60.310591319716835,50551266
2023-12-07,60.94287872314453,61.283340240177964,60.11603777916698,61.283340240177964,33387547
2023-12-08,62.11017990112305,62.83974350392756,60.55377903277437,60.699693237636225,32337037
2023-12-11,61.818355560302734,62.79111074709688,61.13742878492303,62.69382966228888,22017035
2023-12-12,61.137428283691406,61.47789352396617,60.21331735762993,61.28334248820236,31569746
2023-12-13,61.380619049072266,61.91563535037407,61.088794337022904,61.088794337022904,21139928
2023-12-14,63.56930923461914,64.20159919584896,62.596557731651735,62.596557731651735,37507218
2023-12-15,66.0498275756836,66.0498275756836,64.44478613481735,64.8338882146493,52244992
2023-12-18,65.22299194335938,66.24437657954648,65.22299194335938,65.95255557842377,27579900
2023-12-19,64.63932800292969,65.2716179015495,64.25023337747527,65.22298478411983,16295627
2023-12-20,65.46617889404297,66.3902898500943,64.25023951949912,64.25023951949912,16417164
2023-12-21,64.44478607177734,65.12570914468851,64.05568399232601,65.07707602319765,16763948
2023-12-22,64.8338851928711,65.95255083718484,64.49342367195071,65.95255083718484,18314054
2023-12-27,65.02843475341797,65.22298950172166,64.05568327641394,64.83388742661909,14553182
2023-12-28,66.24436950683594,66.29301004591572,64.9311565882288,65.36889175392974,23530697
2023-12-29,66.19574737548828,66.34165417393461,65.51481682288151,66.24438050113523,14067841
2024-01-02,63.86113739013672,66.24437559395358,63.56930897185079,66.24437559395358,15633179
2024-01-03,63.08293151855469,63.47203359192491,62.5965557822181,63.47203359192491,15639663
2024-01-04,62.49928283691406,63.61794852763451,61.86699288811513,62.937018036041486,16747369
2024-01-05,62.645198822021484,63.27748878876843,61.91563518843002,62.40201094415766,17753879
2024-01-08,61.28334426879883,63.666582466205696,61.1860706034668,63.472035135541645,19847663
2024-01-09,61.86699295043945,62.40200923569403,60.99151884055025,61.08879250473157,18080316
2024-01-10,60.74833297729492,61.575170282423414,59.581030414773345,61.42925978132856,29987237
2024-01-11,61.33198165893555,62.25609633099932,60.456507530732374,60.74833224013343,20725188
2024-01-12,61.72108459472656,62.15882352022868,61.38061933677934,61.67244776094912,26434183
2024-01-15,61.769718170166016,61.769718170166016,61.769718170166016,61.769718170166016,0
2024-01-16,60.845603942871094,63.61794786959929,60.553779242887174,62.06154328509774,24952202
2024-01-17,57.97598648071289,61.1374287774628,57.48961074275136,60.74833041354502,38642757
2024-01-18,57.63552474975586,58.07326365456271,56.46822224052172,57.05187535051498,38753140
2024-01-19,58.802825927734375,60.0674020712954,57.684160275304066,58.46236069359144,41700296
2024-01-22,57.4896125793457,59.094654050195224,56.8573263262478,58.170539376395574,26780583
2024-01-23,59.58102798461914,60.310591592594065,56.66277355271943,57.05187562794035,42247979
2024-01-24,61.18606948852539,61.81835572316689,59.386477026655584,61.13742894599324,33480748
2024-01-25,63.277488708496094,63.861138130327845,61.86699456577221,62.59655819843817,37676053
2024-01-26,63.180206298828125,63.90976991623494,62.40200955983046,63.27748738501962,23589837
2024-01-29,63.034297943115234,64.05568252915128,63.034297943115234,63.08293106349521,29430541
2024-01-30,60.31059265136719,61.866993558069225,60.11604161034132,61.76971989293252,32640412
2024-01-31,59.28920364379883,60.65105349384135,58.656913695411376,58.656913695411376,31540653
2024-02-01,59.48375701904297,60.6996964208161,59.14329176009495,59.775581733318006,25286183
2024-02-02,58.12189865112305,60.796965116237494,57.78143713077302,59.48375215402767,34647110
2024-02-05,58.6082763671875,59.289203141819826,57.975986424153405,58.12190062970047,25894184
2024-02-06,60.6024169921875,61.04015590416868,57.97598723105286,58.3650893107589,43906573
2024-02-07,61.4778938293457,63.52067414888431,61.23470596112104,63.034298412434985,36629723
2024-02-08,61.18606948852539,61.96426992925853,60.55377954313149,60.65105320669098,24289480
2024-02-09,61.08879089355469,61.08879089355469,61.08879089355469,61.08879089355469,0
2024-02-14,60.99151611328125,60.99151611328125,59.72693998170809,60.796965082865626,28096398
2024-02-15,61.57516860961914,62.4020096030375,60.84560499170718,61.23470707222787,19925323
2024-02-16,62.54792404174805,62.93701870219975,61.04015625723042,61.57516883685645,25283676
2024-02-19,62.45064163208008,63.32611944255882,62.30473484825427,63.228845779506685,21360558
2024-02-20,62.01290512084961,62.79110925175232,61.57516622490492,62.450640306042,22255215
2024-02-21,63.42339324951172,64.20159739870398,60.65105302795955,60.65105302795955,26568324
2024-02-22,63.617950439453125,64.88252295354852,62.83974626039052,64.78524928654197,23440025
2024-02-23,62.98565673828125,63.958408193698716,62.64519521318606,63.22884460213562,19903535
2024-02-26,62.06154251098633,62.7911098179746,61.18606842195461,62.4020077490145,18236050
2024-02-27,62.11017990112305,62.40200831084675,60.79696690037588,61.769718370781895,25683251
2024-02-28,61.52653121948242,62.93701789939036,61.33198018098575,61.91563329647577,26294000
2024-02-29,61.86699295043945,62.54792344271844,60.894241465616496,60.894241465616496,29249154
2024-03-01,60.845603942871094,61.47789388512991,60.01876667445793,60.553779242887174,26626255
2024-03-04,61.52653121948242,61.52653121948242,60.310591867318735,61.08879231055301,18916273
2024-03-05,59.143287658691406,61.28334159955654,58.85146296465351,60.74832904202834,28065701
2024-03-06,58.6082763671875,59.14328893627276,57.92734959255518,59.09465210467454,43036424
2024-03-07,58.073265075683594,59.240567613482995,58.024628243015385,58.365089782445324,29947081
2024-03-08,59.824214935302734,60.31059066648406,58.316450910791104,58.316450910791104,21170776
2024-03-11,60.55377960205078,60.6996938082844,59.82421599238752,60.21331806850889,17081027
2024-03-12,62.74247360229492,63.13157569808306,60.45650899410925,61.18607264064756,31185840
2024-03-13,63.08293151855469,63.666580917857644,61.96426955143196,62.25609425108344,27742058
2024-03-14,60.55377960205078,63.32611983447022,59.970130198621135,63.22884617081608,43181240
2024-03-15,59.33784103393555,60.01876782073776,58.99737949591067,59.87285361258284,47719998
2024-03-18,57.440975189208984,58.99737981176843,57.392338356481105,58.75419193737656,56071629
2024-03-19,55.835933685302734,56.90595877628236,55.495468457625776,56.46821988969898,53237636
2024-03-20,54.474082946777344,55.83593650474774,54.474082946777344,55.49547125987894,62064167
2024-03-21,55.4954719543457,56.176398741851976,55.009096207663006,55.835937203475076,60470832
2024-03-22,54.425445556640625,55.4468338592661,54.23089452024711,55.4468338592661,30663566
2024-03-25,53.30678176879883,54.27953327447309,53.2095081025324,54.182259608206664,33839646
2024-03-26,52.77177047729492,53.20950940773636,50.77763058389789,50.77763058389789,76645543
2024-03-27,51.11808776855469,52.771765969662304,50.972177278039254,52.723129139490496,67287414
2024-03-28,51.11808776855469,51.653100321949196,48.78348652353713,50.1453363221093,92143433
2024-04-02,52.33403015136719,53.40405903177537,51.993568609409245,52.23675648530849,57851501
2024-04-03,51.55582809448242,52.52857956796322,51.36127705763578,52.33402853111658,32964301
2024-04-05,52.18811798095703,53.0635920797058,51.45855437662354,52.1394774387329,51346743
2024-04-08,50.87490463256836,51.79901933468032,50.58307991367843,51.555831450479936,40432514
2024-04-09,50.77762985229492,51.89629186869141,50.6803524742914,50.8749035195459,21491907
2024-04-10,50.58307647705078,51.36127691147032,50.437162272142956,51.069452212407036,35764161
2024-04-11,50.193973541259766,50.29125091310953,49.02667476508113,49.02667476508113,47272003
2024-04-12,47.275718688964844,49.70759729870074,47.275718688964844,49.22122157675356,85162998
2024-04-15,45.96250534057617,46.98389360599408,45.670680651992804,45.670680651992804,62317110
2024-04-16,44.7465705871582,45.13567268526063,44.01700693628062,44.55201953810699,77365318
2024-04-17,45.5247688293457,46.10842194773942,44.74656838223984,44.74656838223984,44382696
2024-04-18,46.54615783691406,47.372998839186515,46.3029699616726,46.69207204635993,57997189
2024-04-19,45.91387176513672,46.78934589293707,45.427496012774576,46.59479856059422,52963277
2024-04-22,46.83798599243164,47.37299857280393,46.54615757518088,46.93525965768025,28840026
2024-04-23,47.421634674072266,47.6161857123215,46.88662210195116,47.5675488804473,29480639
2024-04-24,49.075313568115234,49.31850144138563,47.95664786677046,48.49166044581482,51675295
2024-04-25,50.14533615112305,50.7289892434515,48.8321231872005,49.46440939878265,58599789
2024-04-26,52.52857971191406,52.96631861833049,50.19397468486137,50.19397468486137,83314291
2024-04-29,55.7386589050293,57.489610821952525,55.44683420400082,56.419585681263996,130593789
2024-04-30,56.225032806396484,57.0032332206273,56.079122316026364,56.66277169901141,58298686
2024-05-02,57.7327995300293,58.17053844330782,55.981847587667666,56.22503546051657,79578176
2024-05-03,59.67830276489258,60.16467851264476,58.802828645390115,59.33784122576703,91387871
2024-05-06,60.796966552734375,61.04015441894531,58.997377827074374,59.678300883863116,60475174
2024-05-07,59.58102798461914,61.283343069893974,58.94873804007324,61.283343069893974,39151421
2024-05-08,59.58102798461914,59.97013005984006,58.99737858254016,59.72694219051508,51023865
2024-05-09,61.08879089355469,61.429256130714634,59.7269410771719,60.018765772771616,43820228
2024-05-10,62.45064163208008,62.83974370579338,61.08879179558829,61.23470600091888,52560685
2024-05-13,62.645198822021484,62.8883866998853,61.47789626612463,62.8883866998853,29373306
2024-05-14,61.18606948852539,63.03429878217494,60.65105320669098,63.03429878217494,32832742
2024-05-16,61.4778938293457,62.35336792850306,60.45650552495258,61.18606912962658,37255473
2024-05-17,63.52067565917969,63.81249665508489,61.72108316507784,62.45064307634579,32600149
2024-05-20,63.374759674072266,64.34751114283314,63.277486011497125,64.10432327564293,22980987
2024-05-21,60.94287872314453,62.25609167256174,60.16467460863573,61.915630155528305,40641639
2024-05-22,60.6024169921875,61.18607011174655,59.921490208078154,60.11604124793117,40212534
2024-05-23,59.970130920410156,60.942882411669025,59.43511463161582,59.43511463161582,19362757
2024-05-24,58.802825927734375,59.824214208658574,58.46236069359144,58.99737695999429,24934166
2024-05-27,60.06740188598633,60.50514077953263,58.511001054213104,58.705548375120536,21351810
2024-05-28,59.970130920410156,60.21331879322487,59.240567301966,60.06740458523506,15617758
2024-05-29,59.911312103271484,60.35766817828096,59.415357545409414,59.812118921399275,30152903
2024-05-30,59.316162109375,60.45685906264163,59.01859014273283,59.71292725411978,27964434
2024-05-31,59.96090316772461,60.75442965543724,59.415353943911725,59.56413803195192,55472645
2024-06-03,59.36575698852539,60.704836518270035,59.31616229123845,60.258476675021825,30386719
2024-06-04,58.42344665527344,59.51454513589842,58.0762762050143,59.266567864498846,31411308
2024-06-05,58.671424865722656,59.66333396719669,58.473042288661254,58.91940214109116,25711015
2024-06-06,58.57223129272461,59.56414038755088,58.32425401901804,59.31616311384431,21631919
2024-06-07,57.87789535522461,59.11778174915686,57.679516559261835,58.572232492593265,26461624
2024-06-11,56.73720169067383,57.38194034007754,55.150144848796224,56.34043653424619,49183449
2024-06-12,55.844482421875,56.092459700643396,55.3981225633253,55.59650514310661,37958743
2024-06-13,56.142051696777344,57.28274863772843,55.894074429947345,56.68760471086957,20415259
2024-06-14,55.05095291137695,56.142051365456716,54.95176351876344,56.142051365456716,36805951
2024-06-17,55.05095291137695,55.99326727653645,54.05904384991071,54.406210507890776,26995585
2024-06-18,54.75338363647461,55.29893289028482,54.257429081404794,55.05095561274991,32769877
2024-06-19,55.844482421875,56.39003167839886,55.24933846636406,55.44772104614537,30870629
2024-06-20,55.497314453125,56.489223545106384,55.29893187796215,56.489223545106384,18614594
2024-06-21,55.34852600097656,55.64609796871399,54.55499949239915,54.902166157454,32622498
2024-06-24,55.00135803222656,55.15014212065222,54.207831542458074,54.55499819928404,23413238
2024-06-25,54.55500030517578,55.398121523631694,54.20783363494874,54.75338288123391,31090863
2024-06-26,54.00944900512695,54.95176336769594,53.761471740442104,53.761471740442104,35038255
2024-06-27,52.81916046142578,53.662281697042104,52.372800602168255,53.463902900779196,46373776
2024-06-28,52.57118225097656,53.2159246789085,52.42239437258213,52.57118225097656,29292991
2024-07-02,52.025630950927734,53.513494540846544,51.579271117185534,51.579271117185534,40927292
2024-07-03,52.719970703125,53.61268663170824,52.17441766563011,52.57118282311131,47374073
2024-07-04,52.372798919677734,53.711878454432004,52.12482164848245,53.56309057818168,24092131
2024-07-05,51.331295013427734,52.372798793165494,51.28170031607505,51.976037430511184,41464127
2024-07-08,50.53776931762695,51.38089053769008,50.0914094666035,50.83534129036494,40452526
2024-07-09,51.033721923828125,51.87684311179166,50.6369567860613,51.33129388523685,27864003
2024-07-10,51.57927322387695,52.07522777410654,51.4304853452749,51.976038377593795,39348329
2024-07-11,53.81106948852539,53.91025888649178,52.22401641806521,52.571183094780565,34417894
2024-07-12,55.150142669677734,55.249335846781754,54.20783208210279,54.2574267787384,34820247
2024-07-15,54.95176315307617,56.09245629587173,54.654187409550346,55.943672207941574,28400312
2024-07-16,53.166324615478516,54.257426862306424,52.96794582863054,54.05904429162564,19837741
2024-07-17,54.108638763427734,54.20783194027223,53.16632439448547,53.16632439448547,15872080
2024-07-18,54.108638763427734,54.45580920663426,53.612684230703685,53.811066800559864,13005178
2024-07-19,53.71187973022461,53.81106912752557,52.670372139399674,53.463902453139234,21525089
2024-07-22,53.364707946777344,54.10863975955909,53.06713597843122,53.91025718605072,26205211
2024-07-23,53.26551818847656,54.55499923173277,53.116730313402336,53.81106742402732,33587192
2024-07-24,51.1825065612793,53.11673000691959,50.0418133996791,52.76956334552666,54485723
2024-07-25,50.438575744628906,51.529678014613566,50.438575744628906,51.38089013748701,39072840
2024-07-26,51.281700134277344,51.728059976534816,50.19059787722208,50.19059787722208,47045885
2024-07-29,52.075225830078125,52.86875232405562,51.777653867815665,51.97603643726824,25885774
2024-07-30,52.22401428222656,52.47199155083384,51.57927187031449,52.07522640752906,40904421
2024-07-31,52.075225830078125,52.91834702046056,51.876843260625556,52.075225830078125,30128965
2024-08-01,52.47199249267578,52.670371284056124,51.67846219182281,51.77765537134588,27755747
2024-08-02,51.1825065612793,51.82724897110367,50.78574520309208,51.331294435495025,39368743
2024-08-05,52.124820709228516,52.62077524268232,49.645048041959484,49.942620005265205,42879231
2024-08-06,50.88493728637695,52.521588853929394,50.835342586961154,52.42239567126478,36630313
2024-08-07,51.678462982177734,51.92644025902855,50.785747055814554,50.8849364530217,24777259
2024-08-08,51.57927322387695,52.025633075850166,50.339386848302986,50.68655351993052,22676922
2024-08-09,52.174415588378906,52.86875269441046,51.97603680136945,52.67037012356818,20665613
2024-08-12,51.48008346557617,52.3727993794159,51.182507710463355,52.07522740813599,17809018
2024-08-13,52.22401428222656,52.868752910305794,51.82724913892178,51.976037013619276,24323871
2024-08-14,51.331295013427734,52.32320409581281,51.18250713753683,51.62886698137669,31161872
2024-08-15,51.132911682128906,52.22401392687641,50.78574502197409,51.08331698551147,26717979
2024-08-16,51.57927322387695,52.025633075850166,51.33129594876216,51.480083827364204,28808723
2024-08-19,51.52967834472656,52.174416987461925,51.38089046664683,52.174416987461925,22482811
2024-08-20,51.678462982177734,52.02563344006865,51.38089100672334,51.529678886367016,27000478
2024-08-21,50.984127044677734,51.67846035752983,50.736149780421194,51.480081573190816,32940953
2024-08-22,54.00944900512695,54.00944900512695,50.09140746633977,50.09140746633977,86491758
2024-08-23,54.059043884277344,54.90216507352654,53.51349465689065,54.30702114980156,37975366
2024-08-26,54.70378875732422,55.05095543119497,54.30702360104369,54.55500087776078,27233125
2024-08-27,55.19974136352539,55.19974136352539,54.35661638212968,54.703786827586555,27501273
2024-08-28,54.75338363647461,55.74529274661425,54.60459575642048,55.199743492804046,20752438
2024-08-29,55.24933624267578,55.39812033364873,54.05904459572805,54.703787008109316,21354247
2024-08-30,55.00135803222656,56.538816315621645,55.00135803222656,55.15014212065222,58328026
2024-09-02,54.65419006347656,55.19974309720998,54.00945141680616,55.100549916607115,18261554
2024-09-03,54.30702209472656,54.85257133160565,54.10863952208885,54.703787240002,12258412
2024-09-04,53.81106948852539,54.10864146625755,53.215925533061075,53.26552023204427,24298509
2024-09-05,54.55500030517578,54.95176545729205,54.059045756946915,54.059045756946915,22538958
2024-09-09,54.0,54.95000076293945,53.79999923706055,54.599998474121094,37748828
2024-09-10,53.5,55.349998474121094,53.349998474121094,54.349998474121094,41220437
2024-09-11,53.20000076293945,53.400001525878906,52.29999923706055,53.400001525878906,34485388
2024-09-12,55.150001525878906,55.45000076293945,53.849998474121094,54.25,40774792
2024-09-13,54.849998474121094,55.900001525878906,54.70000076293945,55.0,20133069
2024-09-16,54.75,55.150001525878906,54.349998474121094,54.349998474121094,12603592
2024-09-17,55.0,55.5,54.5,55.0,24058092
2024-09-19,56.45000076293945,56.70000076293945,54.349998474121094,54.349998474121094,45715130
2024-09-20,58.25,58.45000076293945,56.70000076293945,57.0,68533950
2024-09-23,58.099998474121094,58.900001525878906,57.900001525878906,58.25,27039678
2024-09-24,59.650001525878906,59.849998474121094,58.849998474121094,59.0,42577410
2024-09-25,60.650001525878906,62.70000076293945,60.400001525878906,62.400001525878906,58054754
2024-09-26,63.599998474121094,63.599998474121094,60.79999923706055,61.20000076293945,63054725
2024-09-27,68.3499984741211,68.80000305175781,67.25,67.5,112982642
2024-09-30,69.6500015258789,72.75,69.6500015258789,72.0,87662776
2024-10-02,72.19999694824219,72.44999694824219,68.69999694824219,71.25,112856140
2024-10-03,71.75,74.5,70.55000305175781,74.5,83121693
2024-10-04,74.55000305175781,74.5999984741211,70.5999984741211,71.75,71344225
2024-10-07,72.1500015258789,74.55000305175781,71.69999694824219,74.0999984741211,81844262
2024-10-08,64.69999694824219,70.6500015258789,64.44999694824219,70.3499984741211,109383733
2024-10-09,65.0999984741211,67.8499984741211,63.849998474121094,66.69999694824219,52651222
2024-10-10,67.0999984741211,68.69999694824219,66.44999694824219,67.4000015258789,46008565
2024-10-14,66.05000305175781,67.4000015258789,65.19999694824219,67.30000305175781,39153496
2024-10-15,63.650001525878906,66.4000015258789,63.04999923706055,66.05000305175781,46337811
2024-10-16,63.20000076293945,64.0,62.0,62.0,31744728
2024-10-17,62.5,64.44999694824219,62.099998474121094,63.95000076293945,32277577
2024-10-18,63.400001525878906,63.75,61.400001525878906,62.5,34443829
2024-10-21,62.0,63.0,61.79999923706055,62.95000076293945,27864980
2024-10-22,61.400001525878906,62.349998474121094,61.20000076293945,61.75,20452467
2024-10-23,61.349998474121094,62.25,61.099998474121094,61.79999923706055,18687981
2024-10-24,61.900001525878906,62.95000076293945,61.75,62.400001525878906,27796957
2024-10-25,62.849998474121094,64.3499984741211,62.45000076293945,62.45000076293945,31594206
2024-10-28,62.599998474121094,63.04999923706055,61.849998474121094,62.599998474121094,30053189
2024-10-29,62.5,63.400001525878906,62.20000076293945,62.20000076293945,20904049
2024-10-30,61.20000076293945,62.75,61.099998474121094,62.0,25864634
2024-10-31,61.45000076293945,62.849998474121094,61.29999923706055,61.79999923706055,30746949
2024-11-01,62.25,62.5,61.45000076293945,61.75,19961462
2024-11-04,61.95000076293945,62.349998474121094,61.599998474121094,62.25,14664944
2024-11-05,62.70000076293945,62.79999923706055,61.20000076293945,61.20000076293945,16814652
2024-11-06,60.95000076293945,62.5,60.400001525878906,61.599998474121094,31925303
2024-11-07,61.79999923706055,62.29999923706055,60.70000076293945,61.0,26624689
2024-11-08,61.95000076293945,63.849998474121094,61.79999923706055,63.0,33179888
2024-11-11,60.54999923706055,61.20000076293945,60.150001525878906,60.650001525878906,24869684
2024-11-12,59.0,60.70000076293945,58.54999923706055,60.54999923706055,27475379
2024-11-13,59.0,59.04999923706055,58.099998474121094,58.599998474121094,27487769
2024-11-14,57.849998474121094,59.099998474121094,57.70000076293945,58.900001525878906,32424388
2024-11-15,56.79999923706055,58.349998474121094,56.400001525878906,58.04999923706055,46249742
2024-11-18,57.0,58.150001525878906,56.900001525878906,57.599998474121094,44571256
2024-11-19,57.20000076293945,57.900001525878906,57.099998474121094,57.25,29464905
2024-11-20,57.400001525878906,58.04999923706055,57.150001525878906,57.349998474121094,38350727
2024-11-21,56.849998474121094,57.650001525878906,56.150001525878906,56.54999923706055,33953499
2024-11-22,56.45000076293945,58.04999923706055,56.150001525878906,56.900001525878906,40585002
2024-11-25,56.650001525878906,57.75,56.599998474121094,56.79999923706055,53843064
2024-11-26,57.099998474121094,57.20000076293945,56.45000076293945,56.5,21891063
2024-11-27,58.099998474121094,58.29999923706055,56.849998474121094,57.04999923706055,29498453
2024-11-28,57.95000076293945,58.349998474121094,56.75,57.099998474121094,23745730
2024-11-29,58.150001525878906,58.79999923706055,57.75,57.95000076293945,20513707
2024-12-02,57.900001525878906,58.75,57.45000076293945,58.5,26304257
2024-12-03,58.150001525878906,58.29999923706055,57.29999923706055,58.25,31333324
2024-12-04,57.5,58.0,57.349998474121094,58.0,23594649
2024-12-05,56.599998474121094,56.79999923706055,56.150001525878906,56.29999923706055,31307836
2024-12-06,57.54999923706055,57.79999923706055,56.29999923706055,56.29999923706055,33180222
2024-12-09,58.20000076293945,58.25,56.29999923706055,56.599998474121094,36598659
2024-12-10,59.29999923706055,60.5,59.150001525878906,60.29999923706055,56254541
2024-12-11,58.150001525878906,59.54999923706055,57.900001525878906,59.29999923706055,27603336
2024-12-12,57.79999923706055,58.400001525878906,57.04999923706055,57.349998474121094,24705846
2024-12-13,56.5,57.79999923706055,56.5,57.79999923706055,35572894
2024-12-16,55.099998474121094,56.29999923706055,54.900001525878906,55.900001525878906,43539137
2024-12-17,54.70000076293945,55.349998474121094,54.54999923706055,54.54999923706055,54671867
2024-12-18,55.150001525878906,55.599998474121094,54.900001525878906,55.5,29660953
2024-12-19,54.599998474121094,54.79999923706055,54.0,54.0,31822602
2024-12-20,54.79999923706055,55.150001525878906,54.29999923706055,54.599998474121094,36365009
2024-12-23,55.45000076293945,55.900001525878906,55.20000076293945,55.349998474121094,18508840
2024-12-24,56.75,56.75,56.75,56.75,0
2024-12-27,56.29999923706055,57.04999923706055,56.20000076293945,56.400001525878906,14636507
2024-12-30,56.29999923706055,56.599998474121094,55.849998474121094,55.849998474121094,10271167
2024-12-31,56.25,56.25,56.25,56.25,0
2025-01-02,55.29999923706055,56.29999923706055,54.79999923706055,55.849998474121094,26642616
2025-01-03,55.5,56.04999923706055,55.099998474121094,55.95000076293945,17714158
