Date,Adj Close,Close,High,Low,Open,Volume
2012-12-14,0.23960331082344055,0.4884839951992035,0.6381809711456299,0.4884839951992035,0.6303020119667053,14707848
2012-12-17,0.23187445104122162,0.4727270007133484,0.5042420029640198,0.46484801173210144,0.4884839951992035,1553538
2012-12-18,0.21641623973846436,0.441211998462677,0.48060500621795654,0.43333300948143005,0.4727270007133484,1203230
2012-12-19,0.22028043866157532,0.44909000396728516,0.46484801173210144,0.4096960127353668,0.44909000396728516,1644923
2012-12-20,0.2666555643081665,0.5436360239982605,0.5436360239982605,0.44909000396728516,0.44909000396728516,2655231
2012-12-21,0.25119736790657043,0.5121210217475891,0.5751510262489319,0.5042420029640198,0.5751510262489319,1700769
2012-12-24,0.2434680163860321,0.4963630139827728,0.5278779864311218,0.4727270007133484,0.4727270007133484,228461
2012-12-27,0.2627909183502197,0.5357570052146912,0.5751510262489319,0.5278779864311218,0.5278779864311218,1817538
2012-12-28,0.2666555643081665,0.5436360239982605,0.5436360239982605,0.5199990272521973,0.5436360239982605,700615
2012-12-31,0.2589262127876282,0.5278779864311218,0.5515149831771851,0.5042420029640198,0.5278779864311218,294461
2013-01-02,0.2975720763206482,0.6066660284996033,0.6066660284996033,0.5278779864311218,0.5278779864311218,2477538
2013-01-03,0.2859784960746765,0.5830299854278564,0.6066660284996033,0.5672720074653625,0.6066660284996033,431538
2013-01-04,0.274384468793869,0.5593929886817932,0.5751510262489319,0.5436360239982605,0.5751510262489319,751384
2013-01-07,0.27052024006843567,0.5515149831771851,0.5515149831771851,0.5436360239982605,0.5515149831771851,335076
2013-01-08,0.274384468793869,0.5593929886817932,0.5593929886817932,0.5436360239982605,0.5515149831771851,274153
2013-01-09,0.2666555643081665,0.5436360239982605,0.5593929886817932,0.5357570052146912,0.5593929886817932,162461
2013-01-10,0.2666555643081665,0.5436360239982605,0.5436360239982605,0.5278779864311218,0.5436360239982605,340153
2013-01-11,0.2627909183502197,0.5357570052146912,0.5357570052146912,0.5357570052146912,0.5357570052146912,152307
2013-01-14,0.27052024006843567,0.5515149831771851,0.5751510262489319,0.5357570052146912,0.5357570052146912,350307
2013-01-15,0.27052024006843567,0.5515149831771851,0.5672720074653625,0.5515149831771851,0.5515149831771851,233538
2013-01-16,0.27052024006843567,0.5515149831771851,0.5593929886817932,0.5278779864311218,0.5278779864311218,342692
2013-01-17,0.2627909183502197,0.5357570052146912,0.5357570052146912,0.5357570052146912,0.5357570052146912,304615
2013-01-18,0.274384468793869,0.5593929886817932,0.5830299854278564,0.5672720074653625,0.5672720074653625,132000
2013-01-21,0.27052024006843567,0.5515149831771851,0.5751510262489319,0.5515149831771851,0.5751510262489319,583846
2013-01-22,0.274384468793869,0.5593929886817932,0.5751510262489319,0.5593929886817932,0.5751510262489319,142153
2013-01-23,0.274384468793869,0.5593929886817932,0.5751510262489319,0.5593929886817932,0.5593929886817932,726000
2013-01-24,0.29370737075805664,0.5987870097160339,0.6066660284996033,0.5830299854278564,0.5830299854278564,1512923
2013-01-25,0.2898426651954651,0.5909079909324646,0.6381809711456299,0.5672720074653625,0.6381809711456299,223384
2013-01-28,0.2898426651954651,0.5909079909324646,0.5909079909324646,0.5909079909324646,0.5909079909324646,279230
2013-01-29,0.274384468793869,0.5593929886817932,0.5593929886817932,0.5593929886817932,0.5593929886817932,76153
2013-01-30,0.274384468793869,0.5593929886817932,0.5830299854278564,0.5515149831771851,0.5830299854278564,66000
2013-01-31,0.27052024006843567,0.5515149831771851,0.5593929886817932,0.5515149831771851,0.5515149831771851,157384
2013-02-01,0.2782491445541382,0.5672720074653625,0.5751510262489319,0.5672720074653625,0.5751510262489319,76153
2013-02-04,0.29370737075805664,0.5987870097160339,0.6145449876785278,0.5672720074653625,0.6145449876785278,533077
2013-02-05,0.30143672227859497,0.6145449876785278,0.6303020119667053,0.6145449876785278,0.6145449876785278,60923
2013-02-06,0.3053014278411865,0.6224240064620972,0.6224240064620972,0.6066660284996033,0.6066660284996033,182769
2013-02-07,0.3091655969619751,0.6303020119667053,0.6303020119667053,0.6066660284996033,0.6303020119667053,324923
2013-02-08,0.2975720763206482,0.6066660284996033,0.6145449876785278,0.6066660284996033,0.6145449876785278,345230
2013-02-14,0.2975720763206482,0.6066660284996033,0.6066660284996033,0.6066660284996033,0.6066660284996033,0
2013-02-15,0.2975720763206482,0.6066660284996033,0.6066660284996033,0.6066660284996033,0.6066660284996033,0
2013-02-18,0.2975720763206482,0.6066660284996033,0.6066660284996033,0.5987870097160339,0.5987870097160339,132000
2013-02-19,0.3091655969619751,0.6303020119667053,0.6618180274963379,0.6066660284996033,0.6066660284996033,1599231
2013-02-20,0.3053014278411865,0.6224240064620972,0.6381809711456299,0.6224240064620972,0.6303020119667053,126923
2013-02-21,0.3053014278411865,0.6224240064620972,0.6224240064620972,0.6224240064620972,0.6224240064620972,20307
2013-02-22,0.3091655969619751,0.6303020119667053,0.6303020119667053,0.6224240064620972,0.6303020119667053,319846
2013-02-25,0.30143672227859497,0.6145449876785278,0.6303020119667053,0.6145449876785278,0.6303020119667053,177692
2013-02-26,0.2975720763206482,0.6066660284996033,0.6145449876785278,0.6066660284996033,0.6145449876785278,157384
2013-02-27,0.29370737075805664,0.5987870097160339,0.5987870097160339,0.5987870097160339,0.5987870097160339,634615
2013-02-28,0.29370737075805664,0.5987870097160339,0.5987870097160339,0.5987870097160339,0.5987870097160339,10153
2013-03-01,0.3168949484825134,0.6460599899291992,0.6460599899291992,0.6303020119667053,0.6460599899291992,147230
2013-03-04,0.2975720763206482,0.6066660284996033,0.6066660284996033,0.6066660284996033,0.6066660284996033,1269231
2013-03-05,0.2975720763206482,0.6066660284996033,0.6066660284996033,0.6066660284996033,0.6066660284996033,0
2013-03-06,0.2975720763206482,0.6066660284996033,0.6066660284996033,0.6066660284996033,0.6066660284996033,0
2013-03-07,0.2975720763206482,0.6066660284996033,0.6066660284996033,0.6066660284996033,0.6066660284996033,76153
2013-03-08,0.2898426651954651,0.5909079909324646,0.6460599899291992,0.5909079909324646,0.6460599899291992,192923
2013-03-11,0.2898426651954651,0.5909079909324646,0.5909079909324646,0.5909079909324646,0.5909079909324646,0
2013-03-12,0.29370737075805664,0.5987870097160339,0.5987870097160339,0.5987870097160339,0.5987870097160339,253846
2013-03-13,0.29370737075805664,0.5987870097160339,0.5987870097160339,0.5987870097160339,0.5987870097160339,0
2013-03-14,0.29370737075805664,0.5987870097160339,0.5987870097160339,0.5987870097160339,0.5987870097160339,253846
2013-03-15,0.2898426651954651,0.5909079909324646,0.5909079909324646,0.5909079909324646,0.5909079909324646,319846
2013-03-18,0.2898426651954651,0.5909079909324646,0.5909079909324646,0.5909079909324646,0.5909079909324646,177692
2013-03-19,0.2898426651954651,0.5909079909324646,0.5909079909324646,0.5909079909324646,0.5909079909324646,248769
2013-03-20,0.2898426651954651,0.5909079909324646,0.5909079909324646,0.5909079909324646,0.5909079909324646,228461
2013-03-21,0.2898426651954651,0.5909079909324646,0.5909079909324646,0.5909079909324646,0.5909079909324646,0
2013-03-22,0.3091655969619751,0.6303020119667053,0.6460599899291992,0.6303020119667053,0.6303020119667053,223384
2013-03-25,0.2975720763206482,0.6066660284996033,0.5987870097160339,0.5909079909324646,0.5987870097160339,289384
2013-03-26,0.29370737075805664,0.5987870097160339,0.5987870097160339,0.5987870097160339,0.5987870097160339,253846
2013-03-27,0.3053014278411865,0.6224240064620972,0.6224240064620972,0.6224240064620972,0.6224240064620972,10153
2013-03-28,0.3053014278411865,0.6224240064620972,0.6224240064620972,0.6224240064620972,0.6224240064620972,106615
2013-04-02,0.3053014278411865,0.6224240064620972,0.6224240064620972,0.6224240064620972,0.6224240064620972,0
2013-04-03,0.3053014278411865,0.6224240064620972,0.6224240064620972,0.6224240064620972,0.6224240064620972,0
2013-04-05,0.3053014278411865,0.6224240064620972,0.6224240064620972,0.6224240064620972,0.6224240064620972,0
2013-04-08,0.29370737075805664,0.5987870097160339,0.5987870097160339,0.5987870097160339,0.5987870097160339,710769
2013-04-09,0.29370737075805664,0.5987870097160339,0.5987870097160339,0.5909079909324646,0.5987870097160339,731077
2013-04-10,0.29370737075805664,0.5987870097160339,0.5987870097160339,0.5987870097160339,0.5987870097160339,0
2013-04-11,0.29370737075805664,0.5987870097160339,0.5987870097160339,0.5987870097160339,0.5987870097160339,0
2013-04-12,0.29370737075805664,0.5987870097160339,0.5987870097160339,0.5987870097160339,0.5987870097160339,0
2013-04-15,0.29370737075805664,0.5987870097160339,0.5987870097160339,0.5987870097160339,0.5987870097160339,0
2013-04-16,0.2898426651954651,0.5909079909324646,0.5909079909324646,0.5909079909324646,0.5909079909324646,25384
2013-04-17,0.29370737075805664,0.5987870097160339,0.6224240064620972,0.6224240064620972,0.6224240064620972,30461
2013-04-18,0.29370737075805664,0.5987870097160339,0.5909079909324646,0.5909079909324646,0.5909079909324646,60923
2013-04-19,0.29370737075805664,0.5987870097160339,0.5987870097160339,0.5987870097160339,0.5987870097160339,0
2013-04-22,0.2898426651954651,0.5909079909324646,0.5909079909324646,0.5909079909324646,0.5909079909324646,15230
2013-04-23,0.2898426651954651,0.5909079909324646,0.5909079909324646,0.5909079909324646,0.5909079909324646,0
2013-04-24,0.30143672227859497,0.6145449876785278,0.6145449876785278,0.6145449876785278,0.6145449876785278,86307
2013-04-25,0.30143672227859497,0.6145449876785278,0.6145449876785278,0.6145449876785278,0.6145449876785278,0
2013-04-26,0.3053014278411865,0.6224240064620972,0.6224240064620972,0.6224240064620972,0.6224240064620972,624461
2013-04-29,0.3053014278411865,0.6224240064620972,0.6224240064620972,0.6224240064620972,0.6224240064620972,0
2013-04-30,0.3091655969619751,0.6303020119667053,0.6303020119667053,0.6303020119667053,0.6303020119667053,147230
2013-05-02,0.3091655969619751,0.6303020119667053,0.6303020119667053,0.6303020119667053,0.6303020119667053,0
2013-05-03,0.3091655969619751,0.6303020119667053,0.6303020119667053,0.6145449876785278,0.6145449876785278,60923
2013-05-06,0.3091655969619751,0.6303020119667053,0.6303020119667053,0.6303020119667053,0.6303020119667053,203076
2013-05-07,0.3091655969619751,0.6303020119667053,0.6303020119667053,0.6303020119667053,0.6303020119667053,132000
2013-05-08,0.3091655969619751,0.6303020119667053,0.6303020119667053,0.6303020119667053,0.6303020119667053,0
2013-05-09,0.3091655969619751,0.6303020119667053,0.6303020119667053,0.6303020119667053,0.6303020119667053,0
2013-05-10,0.33011525869369507,0.6303020119667053,0.6303020119667053,0.6303020119667053,0.6303020119667053,66000
2013-05-13,0.35900065302848816,0.6854540109634399,0.709089994430542,0.6303020119667053,0.6618180274963379,746307
2013-05-14,0.43327656388282776,0.8272719979286194,0.9296960234642029,0.6854540109634399,0.6854540109634399,2954769
2013-05-15,0.53643798828125,1.0242420434951782,1.0636359453201294,0.8666660189628601,0.8666660189628601,7300616
2013-05-16,0.43327656388282776,0.8272719979286194,1.087272047996521,0.81939297914505,1.087272047996521,5589693
2013-05-20,0.37550634145736694,0.7169690132141113,0.8036360144615173,0.6854540109634399,0.795756995677948,4422000
2013-05-21,0.38375943899154663,0.7327269911766052,0.8036360144615173,0.6933330297470093,0.6933330297470093,5584616
2013-05-22,0.36725327372550964,0.7012109756469727,0.709089994430542,0.6854540109634399,0.709089994430542,1411384
2013-05-23,0.3548741340637207,0.6775749921798706,0.7563629746437073,0.6696959733963013,0.6854540109634399,1137230
2013-05-24,0.35074755549430847,0.6696959733963013,0.6854540109634399,0.6618180274963379,0.6618180274963379,1248923
2013-05-27,0.33836838603019714,0.6460599899291992,0.6933330297470093,0.6381809711456299,0.6539390087127686,2005384
2013-05-28,0.34249499440193176,0.6539390087127686,0.709089994430542,0.6460599899291992,0.6618180274963379,2315077
2013-05-29,0.33011525869369507,0.6303020119667053,0.6539390087127686,0.6066660284996033,0.6539390087127686,2294769
2013-05-30,0.31773611903190613,0.6066660284996033,0.6224240064620972,0.5987870097160339,0.6224240064620972,1553538
2013-05-31,0.3259892165660858,0.6224240064620972,0.6696959733963013,0.5987870097160339,0.5987870097160339,832615
2013-06-03,0.33011525869369507,0.6303020119667053,0.6539390087127686,0.5987870097160339,0.6066660284996033,969692
2013-06-04,0.33011525869369507,0.6303020119667053,0.6303020119667053,0.6303020119667053,0.6303020119667053,101538
2013-06-05,0.31773611903190613,0.6066660284996033,0.6066660284996033,0.6066660284996033,0.6066660284996033,50769
2013-06-06,0.3136095404624939,0.5987870097160339,0.6066660284996033,0.5436360239982605,0.6066660284996033,1360615
2013-06-07,0.33836838603019714,0.6460599899291992,0.6460599899291992,0.5909079909324646,0.6145449876785278,594000
2013-06-10,0.33836838603019714,0.6460599899291992,0.6460599899291992,0.6460599899291992,0.6460599899291992,15230
2013-06-11,0.33011525869369507,0.6303020119667053,0.6303020119667053,0.6145449876785278,0.6145449876785278,40615
2013-06-13,0.30948296189308167,0.5909079909324646,0.6066660284996033,0.5751510262489319,0.6066660284996033,482307
2013-06-14,0.3259892165660858,0.6224240064620972,0.6224240064620972,0.5830299854278564,0.6145449876785278,335076
2013-06-17,0.3259892165660858,0.6224240064620972,0.6224240064620972,0.6224240064620972,0.6224240064620972,0
2013-06-18,0.3136095404624939,0.5987870097160339,0.5987870097160339,0.5987870097160339,0.5987870097160339,248769
2013-06-19,0.3136095404624939,0.5987870097160339,0.5987870097160339,0.5987870097160339,0.5987870097160339,0
2013-06-20,0.2971038520336151,0.5672720074653625,0.5672720074653625,0.5672720074653625,0.5672720074653625,101538
2013-06-21,0.30123043060302734,0.5751510262489319,0.5751510262489319,0.5593929886817932,0.5593929886817932,182769
2013-06-24,0.30123043060302734,0.5751510262489319,0.5751510262489319,0.5751510262489319,0.5751510262489319,0
2013-06-25,0.288851261138916,0.5515149831771851,0.5515149831771851,0.5515149831771851,0.5515149831771851,299538
2013-06-26,0.2971038520336151,0.5672720074653625,0.5672720074653625,0.5672720074653625,0.5672720074653625,10153
2013-06-27,0.3053569495677948,0.5830299854278564,0.5751510262489319,0.5751510262489319,0.5751510262489319,20307
2013-06-28,0.30948296189308167,0.5909079909324646,0.5987870097160339,0.5830299854278564,0.5830299854278564,187846
2013-07-02,0.3218626379966736,0.6145449876785278,0.6224240064620972,0.5909079909324646,0.6224240064620972,116769
2013-07-03,0.31773611903190613,0.6066660284996033,0.6066660284996033,0.6066660284996033,0.6066660284996033,111692
2013-07-04,0.31773611903190613,0.6066660284996033,0.6066660284996033,0.6066660284996033,0.6066660284996033,0
2013-07-05,0.31773611903190613,0.6066660284996033,0.6066660284996033,0.6066660284996033,0.6066660284996033,0
2013-07-08,0.31773611903190613,0.6066660284996033,0.6066660284996033,0.6066660284996033,0.6066660284996033,0
2013-07-09,0.3053569495677948,0.5830299854278564,0.5830299854278564,0.5830299854278564,0.5830299854278564,60923
2013-07-10,0.30948296189308167,0.5909079909324646,0.5672720074653625,0.5672720074653625,0.5672720074653625,15230
2013-07-11,0.31773611903190613,0.6066660284996033,0.6066660284996033,0.6066660284996033,0.6066660284996033,0
2013-07-12,0.3136095404624939,0.5987870097160339,0.6145449876785278,0.5987870097160339,0.6145449876785278,55846
2013-07-15,0.3259892165660858,0.6224240064620972,0.5672720074653625,0.5672720074653625,0.5672720074653625,5076
2013-07-16,0.31773611903190613,0.6066660284996033,0.6066660284996033,0.5751510262489319,0.6066660284996033,81230
2013-07-17,0.31773611903190613,0.6066660284996033,0.6066660284996033,0.6066660284996033,0.6066660284996033,0
2013-07-18,0.3136095404624939,0.5987870097160339,0.5751510262489319,0.5751510262489319,0.5751510262489319,10153
2013-07-19,0.3136095404624939,0.5987870097160339,0.5987870097160339,0.5987870097160339,0.5987870097160339,121846
2013-07-22,0.30948296189308167,0.5909079909324646,0.5987870097160339,0.5909079909324646,0.5987870097160339,50769
2013-07-23,0.31773611903190613,0.6066660284996033,0.6303020119667053,0.6066660284996033,0.6224240064620972,203076
2013-07-24,0.3218626379966736,0.6145449876785278,0.6145449876785278,0.6145449876785278,0.6145449876785278,5076
2013-07-25,0.30948296189308167,0.5909079909324646,0.5909079909324646,0.5672720074653625,0.5830299854278564,264000
2013-07-26,0.30948296189308167,0.5909079909324646,0.5909079909324646,0.5909079909324646,0.5909079909324646,0
2013-07-29,0.3053569495677948,0.5830299854278564,0.5909079909324646,0.5830299854278564,0.5909079909324646,45692
2013-07-30,0.3053569495677948,0.5830299854278564,0.5830299854278564,0.5830299854278564,0.5830299854278564,0
2013-07-31,0.30123043060302734,0.5751510262489319,0.5672720074653625,0.5672720074653625,0.5672720074653625,66000
2013-08-01,0.30948296189308167,0.5909079909324646,0.5751510262489319,0.5672720074653625,0.5751510262489319,106615
2013-08-02,0.3218626379966736,0.6145449876785278,0.6224240064620972,0.6066660284996033,0.6066660284996033,76153
2013-08-05,0.30948296189308167,0.5909079909324646,0.6145449876785278,0.5909079909324646,0.6145449876785278,203076
2013-08-06,0.3136095404624939,0.5987870097160339,0.6066660284996033,0.5751510262489319,0.6066660284996033,15230
2013-08-07,0.33836838603019714,0.6460599899291992,0.6460599899291992,0.5672720074653625,0.5751510262489319,137076
2013-08-08,0.3136095404624939,0.5987870097160339,0.6224240064620972,0.5987870097160339,0.6224240064620972,157384
2013-08-09,0.33011525869369507,0.6303020119667053,0.6303020119667053,0.6066660284996033,0.6066660284996033,40615
2013-08-12,0.3259892165660858,0.6224240064620972,0.6381809711456299,0.5672720074653625,0.6381809711456299,319846
2013-08-13,0.3218626379966736,0.6145449876785278,0.6145449876785278,0.6145449876785278,0.6145449876785278,25384
2013-08-14,0.3218626379966736,0.6145449876785278,0.6145449876785278,0.6145449876785278,0.6145449876785278,0
2013-08-15,0.3218626379966736,0.6145449876785278,0.6145449876785278,0.6145449876785278,0.6145449876785278,5076
2013-08-16,0.33836838603019714,0.6460599899291992,0.6460599899291992,0.6460599899291992,0.6460599899291992,0
2013-08-19,0.31773611903190613,0.6066660284996033,0.6066660284996033,0.6066660284996033,0.6066660284996033,121846
2013-08-20,0.30948296189308167,0.5909079909324646,0.5909079909324646,0.5909079909324646,0.5909079909324646,142153
2013-08-21,0.3136095404624939,0.5987870097160339,0.5672720074653625,0.5672720074653625,0.5672720074653625,15230
2013-08-22,0.30123043060302734,0.5751510262489319,0.5751510262489319,0.5672720074653625,0.5672720074653625,319846
2013-08-23,0.3218626379966736,0.6145449876785278,0.6145449876785278,0.6145449876785278,0.6145449876785278,0
2013-08-26,0.3136095404624939,0.5987870097160339,0.6303020119667053,0.5672720074653625,0.6303020119667053,91384
2013-08-27,0.30948296189308167,0.5909079909324646,0.5909079909324646,0.5909079909324646,0.5909079909324646,0
2013-08-28,0.30123043060302734,0.5751510262489319,0.5751510262489319,0.5751510262489319,0.5751510262489319,126923
2013-08-29,0.30123043060302734,0.5751510262489319,0.5751510262489319,0.5751510262489319,0.5751510262489319,0
2013-08-30,0.30123043060302734,0.5751510262489319,0.5751510262489319,0.5751510262489319,0.5751510262489319,116769
2013-09-02,0.3053569495677948,0.5830299854278564,0.5909079909324646,0.5751510262489319,0.5751510262489319,330000
2013-09-03,0.3053569495677948,0.5830299854278564,0.6224240064620972,0.5830299854278564,0.5909079909324646,477230
2013-09-04,0.3136095404624939,0.5987870097160339,0.5830299854278564,0.5830299854278564,0.5830299854278564,121846
2013-09-05,0.3136095404624939,0.5987870097160339,0.5987870097160339,0.5987870097160339,0.5987870097160339,0
2013-09-06,0.30948296189308167,0.5909079909324646,0.5909079909324646,0.5909079909324646,0.5909079909324646,0
2013-09-09,0.30948296189308167,0.5909079909324646,0.5909079909324646,0.5909079909324646,0.5909079909324646,0
2013-09-10,0.3053569495677948,0.5830299854278564,0.5909079909324646,0.5751510262489319,0.5830299854278564,126923
2013-09-11,0.3053569495677948,0.5830299854278564,0.5830299854278564,0.5830299854278564,0.5830299854278564,0
2013-09-12,0.30948296189308167,0.5909079909324646,0.5751510262489319,0.5672720074653625,0.5751510262489319,147230
2013-09-13,0.2971038520336151,0.5672720074653625,0.5672720074653625,0.5515149831771851,0.5672720074653625,335076
2013-09-16,0.2971038520336151,0.5672720074653625,0.5672720074653625,0.5515149831771851,0.5672720074653625,451846
2013-09-17,0.288851261138916,0.5515149831771851,0.5515149831771851,0.5515149831771851,0.5515149831771851,71076
2013-09-18,0.288851261138916,0.5515149831771851,0.5515149831771851,0.5515149831771851,0.5515149831771851,223384
2013-09-19,0.288851261138916,0.5515149831771851,0.5515149831771851,0.5515149831771851,0.5515149831771851,0
2013-09-23,0.288851261138916,0.5515149831771851,0.5515149831771851,0.5515149831771851,0.5515149831771851,0
2013-09-24,0.28472471237182617,0.5436360239982605,0.5515149831771851,0.5436360239982605,0.5515149831771851,182769
2013-09-25,0.28472471237182617,0.5436360239982605,0.5436360239982605,0.5436360239982605,0.5436360239982605,0
2013-09-26,0.28472471237182617,0.5436360239982605,0.5436360239982605,0.5436360239982605,0.5436360239982605,0
2013-09-27,0.28472471237182617,0.5436360239982605,0.5436360239982605,0.5357570052146912,0.5357570052146912,228461
2013-09-30,0.28059816360473633,0.5357570052146912,0.5357570052146912,0.5199990272521973,0.5357570052146912,299538
2013-10-02,0.2929772734642029,0.5593929886817932,0.5751510262489319,0.5751510262489319,0.5751510262489319,15230
2013-10-03,0.28059816360473633,0.5357570052146912,0.5357570052146912,0.5357570052146912,0.5357570052146912,66000
2013-10-04,0.288851261138916,0.5515149831771851,0.5357570052146912,0.5357570052146912,0.5357570052146912,45692
2013-10-07,0.2929772734642029,0.5593929886817932,0.5436360239982605,0.5357570052146912,0.5436360239982605,152307
2013-10-08,0.2929772734642029,0.5593929886817932,0.5593929886817932,0.5593929886817932,0.5593929886817932,0
2013-10-09,0.288851261138916,0.5515149831771851,0.5515149831771851,0.5357570052146912,0.5515149831771851,50769
2013-10-10,0.288851261138916,0.5515149831771851,0.5515149831771851,0.5515149831771851,0.5515149831771851,0
2013-10-11,0.288851261138916,0.5515149831771851,0.5515149831771851,0.5515149831771851,0.5515149831771851,0
2013-10-15,0.288851261138916,0.5515149831771851,0.5515149831771851,0.5515149831771851,0.5515149831771851,0
2013-10-16,0.30123043060302734,0.5751510262489319,0.5751510262489319,0.5515149831771851,0.5515149831771851,228461
2013-10-17,0.30123043060302734,0.5751510262489319,0.5751510262489319,0.5751510262489319,0.5751510262489319,0
2013-10-18,0.30123043060302734,0.5751510262489319,0.5751510262489319,0.5751510262489319,0.5751510262489319,0
2013-10-21,0.28059816360473633,0.5357570052146912,0.5751510262489319,0.5357570052146912,0.5751510262489319,81230
2013-10-22,0.28059816360473633,0.5357570052146912,0.5357570052146912,0.5357570052146912,0.5357570052146912,0
2013-10-23,0.28059816360473633,0.5357570052146912,0.5357570052146912,0.5357570052146912,0.5357570052146912,0
2013-10-24,0.28059816360473633,0.5357570052146912,0.5357570052146912,0.5357570052146912,0.5357570052146912,0
2013-10-25,0.27234503626823425,0.5199990272521973,0.5357570052146912,0.5121210217475891,0.5357570052146912,157384
2013-10-28,0.27234503626823425,0.5199990272521973,0.5199990272521973,0.5199990272521973,0.5199990272521973,5076
2013-10-29,0.288851261138916,0.5515149831771851,0.5515149831771851,0.5199990272521973,0.5199990272521973,10153
2013-10-30,0.2929772734642029,0.5593929886817932,0.5593929886817932,0.5593929886817932,0.5593929886817932,50769
2013-10-31,0.2929772734642029,0.5593929886817932,0.5593929886817932,0.5593929886817932,0.5593929886817932,0
2013-11-01,0.2929772734642029,0.5593929886817932,0.5751510262489319,0.5593929886817932,0.5672720074653625,152307
2013-11-04,0.30123043060302734,0.5751510262489319,0.5751510262489319,0.5593929886817932,0.5593929886817932,406153
2013-11-05,0.3136095404624939,0.5987870097160339,0.6303020119667053,0.5751510262489319,0.5751510262489319,396000
2013-11-06,0.31773611903190613,0.6066660284996033,0.6303020119667053,0.6066660284996033,0.6145449876785278,599077
2013-11-07,0.31773611903190613,0.6066660284996033,0.6066660284996033,0.6066660284996033,0.6066660284996033,76153
2013-11-08,0.31773611903190613,0.6066660284996033,0.6066660284996033,0.6066660284996033,0.6066660284996033,0
2013-11-11,0.2971038520336151,0.5672720074653625,0.5672720074653625,0.5672720074653625,0.5672720074653625,101538
2013-11-12,0.2971038520336151,0.5672720074653625,0.5672720074653625,0.5672720074653625,0.5672720074653625,0
2013-11-13,0.2971038520336151,0.5672720074653625,0.5672720074653625,0.5672720074653625,0.5672720074653625,0
2013-11-14,0.2971038520336151,0.5672720074653625,0.5672720074653625,0.5672720074653625,0.5672720074653625,0
2013-11-15,0.30123043060302734,0.5751510262489319,0.5830299854278564,0.5751510262489319,0.5830299854278564,563538
2013-11-18,0.30123043060302734,0.5751510262489319,0.5751510262489319,0.5751510262489319,0.5751510262489319,0
2013-11-19,0.30123043060302734,0.5751510262489319,0.5751510262489319,0.5751510262489319,0.5751510262489319,0
2013-11-20,0.30123043060302734,0.5751510262489319,0.5751510262489319,0.5751510262489319,0.5751510262489319,0
2013-11-21,0.30123043060302734,0.5751510262489319,0.5751510262489319,0.5751510262489319,0.5751510262489319,50769
2013-11-22,0.3136095404624939,0.5987870097160339,0.5987870097160339,0.5987870097160339,0.5987870097160339,25384
2013-11-25,0.30948296189308167,0.5909079909324646,0.5909079909324646,0.5830299854278564,0.5830299854278564,147230
2013-11-26,0.30123043060302734,0.5751510262489319,0.5751510262489319,0.5751510262489319,0.5751510262489319,5076
2013-11-27,0.30948296189308167,0.5909079909324646,0.5909079909324646,0.5751510262489319,0.5751510262489319,86307
2013-11-28,0.31773611903190613,0.6066660284996033,0.6303020119667053,0.6145449876785278,0.6145449876785278,66000
2013-11-29,0.31773611903190613,0.6066660284996033,0.6224240064620972,0.6066660284996033,0.6066660284996033,147230
2013-12-02,0.31773611903190613,0.6066660284996033,0.6066660284996033,0.6066660284996033,0.6066660284996033,198000
2013-12-03,0.3053569495677948,0.5830299854278564,0.6145449876785278,0.5515149831771851,0.6145449876785278,345230
2013-12-04,0.30123043060302734,0.5751510262489319,0.6145449876785278,0.5593929886817932,0.5987870097160339,451846
2013-12-05,0.30123043060302734,0.5751510262489319,0.5909079909324646,0.5672720074653625,0.5909079909324646,279230
2013-12-06,0.30948296189308167,0.5909079909324646,0.5909079909324646,0.5751510262489319,0.5751510262489319,208153
2013-12-09,0.30948296189308167,0.5909079909324646,0.5987870097160339,0.5909079909324646,0.5987870097160339,20307
2013-12-10,0.30948296189308167,0.5909079909324646,0.5909079909324646,0.5909079909324646,0.5909079909324646,25384
2013-12-11,0.30948296189308167,0.5909079909324646,0.5909079909324646,0.5909079909324646,0.5909079909324646,558461
2013-12-12,0.30948296189308167,0.5909079909324646,0.5909079909324646,0.5909079909324646,0.5909079909324646,0
2013-12-13,0.30948296189308167,0.5909079909324646,0.5909079909324646,0.5909079909324646,0.5909079909324646,0
2013-12-16,0.30123043060302734,0.5751510262489319,0.5751510262489319,0.5751510262489319,0.5751510262489319,30461
2013-12-17,0.30123043060302734,0.5751510262489319,0.5751510262489319,0.5751510262489319,0.5751510262489319,0
2013-12-18,0.30123043060302734,0.5751510262489319,0.5751510262489319,0.5751510262489319,0.5751510262489319,101538
2013-12-19,0.3053569495677948,0.5830299854278564,0.5909079909324646,0.5593929886817932,0.5909079909324646,76153
2013-12-20,0.2971038520336151,0.5672720074653625,0.5830299854278564,0.5515149831771851,0.5672720074653625,182769
2013-12-23,0.30123043060302734,0.5751510262489319,0.5909079909324646,0.5672720074653625,0.5672720074653625,365538
2013-12-24,0.30948296189308167,0.5909079909324646,0.5909079909324646,0.5672720074653625,0.5751510262489319,45692
2013-12-27,0.30123043060302734,0.5751510262489319,0.5909079909324646,0.5751510262489319,0.5909079909324646,55846
2013-12-30,0.2971038520336151,0.5672720074653625,0.5751510262489319,0.5672720074653625,0.5672720074653625,60923
2013-12-31,0.2971038520336151,0.5672720074653625,0.5672720074653625,0.5672720074653625,0.5672720074653625,5076
2014-01-02,0.2929772734642029,0.5593929886817932,0.5830299854278564,0.5593929886817932,0.5672720074653625,142153
2014-01-03,0.3053569495677948,0.5830299854278564,0.5830299854278564,0.5593929886817932,0.5593929886817932,45692
2014-01-06,0.288851261138916,0.5515149831771851,0.5751510262489319,0.5515149831771851,0.5593929886817932,208153
2014-01-07,0.30123043060302734,0.5751510262489319,0.5751510262489319,0.5515149831771851,0.5515149831771851,35538
2014-01-08,0.28472471237182617,0.5436360239982605,0.5751510262489319,0.5436360239982605,0.5751510262489319,330000
2014-01-09,0.288851261138916,0.5515149831771851,0.5751510262489319,0.5436360239982605,0.5751510262489319,172615
2014-01-10,0.288851261138916,0.5515149831771851,0.5751510262489319,0.5515149831771851,0.5672720074653625,274153
2014-01-13,0.288851261138916,0.5515149831771851,0.5515149831771851,0.5515149831771851,0.5515149831771851,0
2014-01-14,0.27234503626823425,0.5199990272521973,0.5515149831771851,0.5199990272521973,0.5672720074653625,35538
2014-01-15,0.28472471237182617,0.5436360239982605,0.5515149831771851,0.5278779864311218,0.5515149831771851,218307
2014-01-16,0.2929772734642029,0.5593929886817932,0.5751510262489319,0.5199990272521973,0.5357570052146912,604153
2014-01-17,0.288851261138916,0.5515149831771851,0.5515149831771851,0.5436360239982605,0.5436360239982605,35538
2014-01-20,0.2971038520336151,0.5672720074653625,0.5672720074653625,0.5672720074653625,0.5672720074653625,10153
2014-01-21,0.30123043060302734,0.5751510262489319,0.5751510262489319,0.5672720074653625,0.5672720074653625,91384
2014-01-22,0.30123043060302734,0.5751510262489319,0.5751510262489319,0.5751510262489319,0.5751510262489319,0
2014-01-23,0.2971038520336151,0.5672720074653625,0.5672720074653625,0.5672720074653625,0.5672720074653625,0
2014-01-24,0.30123043060302734,0.5751510262489319,0.6066660284996033,0.5751510262489319,0.5751510262489319,223384
2014-01-27,0.30123043060302734,0.5751510262489319,0.5751510262489319,0.5751510262489319,0.5751510262489319,20307
2014-01-28,0.30948296189308167,0.5909079909324646,0.5909079909324646,0.5909079909324646,0.5909079909324646,50769
2014-01-29,0.30948296189308167,0.5909079909324646,0.5909079909324646,0.5909079909324646,0.5909079909324646,0
2014-01-30,0.2971038520336151,0.5672720074653625,0.5672720074653625,0.5672720074653625,0.5672720074653625,10153
2014-02-04,0.30948296189308167,0.5909079909324646,0.5909079909324646,0.5672720074653625,0.5751510262489319,60923
2014-02-05,0.30948296189308167,0.5909079909324646,0.5909079909324646,0.5909079909324646,0.5909079909324646,0
2014-02-06,0.2971038520336151,0.5672720074653625,0.5672720074653625,0.5515149831771851,0.5515149831771851,172615
2014-02-07,0.3053569495677948,0.5830299854278564,0.5909079909324646,0.5830299854278564,0.5909079909324646,253846
2014-02-10,0.30948296189308167,0.5909079909324646,0.6066660284996033,0.5830299854278564,0.5830299854278564,304615
2014-02-11,0.30948296189308167,0.5909079909324646,0.5987870097160339,0.5909079909324646,0.5987870097160339,157384
2014-02-12,0.30948296189308167,0.5909079909324646,0.5909079909324646,0.5909079909324646,0.5909079909324646,0
2014-02-13,0.3136095404624939,0.5987870097160339,0.5987870097160339,0.5987870097160339,0.5987870097160339,55846
2014-02-14,0.288851261138916,0.5515149831771851,0.5909079909324646,0.5515149831771851,0.5909079909324646,121846
2014-02-17,0.30948296189308167,0.5909079909324646,0.5909079909324646,0.5751510262489319,0.5751510262489319,269076
2014-02-18,0.3053569495677948,0.5830299854278564,0.5830299854278564,0.5830299854278564,0.5830299854278564,157384
2014-02-19,0.30123043060302734,0.5751510262489319,0.5909079909324646,0.5751510262489319,0.5909079909324646,76153
2014-02-20,0.3053569495677948,0.5830299854278564,0.5830299854278564,0.5830299854278564,0.5830299854278564,66000
2014-02-21,0.3136095404624939,0.5987870097160339,0.6066660284996033,0.5987870097160339,0.5987870097160339,50769
2014-02-24,0.30948296189308167,0.5909079909324646,0.5909079909324646,0.5830299854278564,0.5909079909324646,192923
2014-02-25,0.31773611903190613,0.6066660284996033,0.6066660284996033,0.4963630139827728,0.5751510262489319,426461
2014-02-26,0.31773611903190613,0.6066660284996033,0.6066660284996033,0.5909079909324646,0.5909079909324646,35538
2014-02-27,0.3342418372631073,0.6381809711456299,0.6381809711456299,0.6381809711456299,0.6381809711456299,0
2014-02-28,0.3342418372631073,0.6381809711456299,0.6460599899291992,0.6303020119667053,0.6460599899291992,101538
2014-03-03,0.31773611903190613,0.6066660284996033,0.6539390087127686,0.6066660284996033,0.6381809711456299,228461
2014-03-04,0.3218626379966736,0.6145449876785278,0.6303020119667053,0.6066660284996033,0.6066660284996033,695538
2014-03-05,0.30948296189308167,0.5909079909324646,0.6066660284996033,0.5909079909324646,0.6066660284996033,279230
2014-03-06,0.40851783752441406,0.7799990177154541,0.9296960234642029,0.6224240064620972,0.6224240064620972,11052463
2014-03-07,0.38788551092147827,0.7406049966812134,0.8036360144615173,0.6933330297470093,0.8036360144615173,2807538
2014-03-10,0.363127201795578,0.6933330297470093,0.7406049966812134,0.6696959733963013,0.7406049966812134,1518139
2014-03-11,0.35900065302848816,0.6854540109634399,0.7012109756469727,0.6460599899291992,0.7012109756469727,508073
2014-03-12,0.33836838603019714,0.6460599899291992,0.6933330297470093,0.6381809711456299,0.6933330297470093,502615
2014-03-13,0.34249499440193176,0.6539390087127686,0.6775749921798706,0.6460599899291992,0.6460599899291992,416307
2014-03-14,0.3342418372631073,0.6381809711456299,0.6854540109634399,0.6224240064620972,0.6618180274963379,538153
2014-03-17,0.3342418372631073,0.6381809711456299,0.6303020119667053,0.6145449876785278,0.6145449876785278,60923
2014-03-18,0.3342418372631073,0.6381809711456299,0.6381809711456299,0.6381809711456299,0.6381809711456299,147230
2014-03-19,0.3548741340637207,0.6775749921798706,0.6775749921798706,0.6303020119667053,0.6303020119667053,436615
2014-03-20,0.3342418372631073,0.6381809711456299,0.6775749921798706,0.6303020119667053,0.6696959733963013,243692
2014-03-21,0.3342418372631073,0.6381809711456299,0.6381809711456299,0.6381809711456299,0.6381809711456299,25384
2014-03-24,0.3342418372631073,0.6381809711456299,0.6696959733963013,0.5987870097160339,0.6381809711456299,456923
2014-03-25,0.3259892165660858,0.6224240064620972,0.6303020119667053,0.6145449876785278,0.6303020119667053,685384
2014-03-26,0.3218626379966736,0.6145449876785278,0.6303020119667053,0.6066660284996033,0.6145449876785278,253846
2014-03-27,0.3342418372631073,0.6381809711456299,0.6460599899291992,0.6145449876785278,0.6303020119667053,416307
2014-03-28,0.3218626379966736,0.6145449876785278,0.6618180274963379,0.6145449876785278,0.6618180274963379,101538
2014-03-31,0.3342418372631073,0.6381809711456299,0.6381809711456299,0.6224240064620972,0.6224240064620972,35538
2014-04-01,0.33836838603019714,0.6460599899291992,0.6460599899291992,0.6460599899291992,0.6460599899291992,5076
2014-04-02,0.3342418372631073,0.6381809711456299,0.6460599899291992,0.6381809711456299,0.6460599899291992,299538
2014-04-03,0.33836838603019714,0.6460599899291992,0.6460599899291992,0.6460599899291992,0.6460599899291992,5076
2014-04-04,0.3259892165660858,0.6224240064620972,0.6381809711456299,0.6224240064620972,0.6381809711456299,152307
2014-04-07,0.34662148356437683,0.6618180274963379,0.6618180274963379,0.6145449876785278,0.6145449876785278,324923
2014-04-08,0.33836838603019714,0.6460599899291992,0.6539390087127686,0.6381809711456299,0.6381809711456299,299538
2014-04-09,0.34662148356437683,0.6618180274963379,0.6618180274963379,0.6381809711456299,0.6381809711456299,116769
2014-04-10,0.34249499440193176,0.6539390087127686,0.6539390087127686,0.6539390087127686,0.6539390087127686,81230
2014-04-11,0.3259892165660858,0.6224240064620972,0.6381809711456299,0.6224240064620972,0.6381809711456299,157384
2014-04-14,0.3342418372631073,0.6381809711456299,0.6381809711456299,0.6224240064620972,0.6224240064620972,86307
2014-04-15,0.3259892165660858,0.6224240064620972,0.6303020119667053,0.6224240064620972,0.6303020119667053,274153
2014-04-16,0.33011525869369507,0.6303020119667053,0.6303020119667053,0.6303020119667053,0.6303020119667053,86307
2014-04-17,0.33011525869369507,0.6303020119667053,0.6303020119667053,0.6303020119667053,0.6303020119667053,0
2014-04-22,0.3342418372631073,0.6381809711456299,0.6145449876785278,0.6145449876785278,0.6145449876785278,5076
2014-04-23,0.3259892165660858,0.6224240064620972,0.6224240064620972,0.6224240064620972,0.6224240064620972,50769
2014-04-24,0.3259892165660858,0.6224240064620972,0.6224240064620972,0.6224240064620972,0.6224240064620972,0
2014-04-25,0.3218626379966736,0.6145449876785278,0.6145449876785278,0.6145449876785278,0.6145449876785278,60923
2014-04-28,0.3218626379966736,0.6145449876785278,0.6145449876785278,0.6145449876785278,0.6145449876785278,50769
2014-04-29,0.34249499440193176,0.6539390087127686,0.6539390087127686,0.6303020119667053,0.6381809711456299,456923
2014-04-30,0.34249499440193176,0.6539390087127686,0.6539390087127686,0.6460599899291992,0.6460599899291992,55846
2014-05-02,0.3479457497596741,0.6460599899291992,0.6460599899291992,0.6460599899291992,0.6460599899291992,223384
2014-05-05,0.3479457497596741,0.6460599899291992,0.6460599899291992,0.6460599899291992,0.6460599899291992,269076
2014-05-07,0.34370237588882446,0.6381809711456299,0.6460599899291992,0.6381809711456299,0.6460599899291992,101538
2014-05-08,0.34370237588882446,0.6381809711456299,0.6381809711456299,0.6303020119667053,0.6303020119667053,35538
2014-05-09,0.3479457497596741,0.6460599899291992,0.6775749921798706,0.6618180274963379,0.6618180274963379,91384
2014-05-12,0.3606753349304199,0.6696959733963013,0.7012109756469727,0.6696959733963013,0.7012109756469727,198000
2014-05-13,0.35218915343284607,0.6539390087127686,0.7012109756469727,0.6696959733963013,0.6539390087127686,20307
2014-05-14,0.34370237588882446,0.6381809711456299,0.6381809711456299,0.6381809711456299,0.6381809711456299,5076
2014-05-15,0.35218915343284607,0.6539390087127686,0.6303020119667053,0.6303020119667053,0.6303020119667053,71076
2014-05-16,0.36916205286979675,0.6854540109634399,0.7484840154647827,0.6696959733963013,0.6696959733963013,1751538
2014-05-19,0.41159453988075256,0.7642419934272766,0.8509079813957214,0.7484840154647827,0.7484840154647827,1997769
2014-05-20,0.3903782069683075,0.7248479723930359,0.7642419934272766,0.6854540109634399,0.7642419934272766,588923
2014-05-21,0.38613489270210266,0.7169690132141113,0.7169690132141113,0.7169690132141113,0.7169690132141113,25384
2014-05-22,0.3988644778728485,0.7406049966812134,0.7484840154647827,0.7484840154647827,0.7248479723930359,71076
2014-05-23,0.41159453988075256,0.7642419934272766,0.7642419934272766,0.709089994430542,0.709089994430542,40615
2014-05-26,0.38189154863357544,0.709089994430542,0.7799990177154541,0.6696959733963013,0.772121012210846,4102154
2014-05-27,0.38189154863357544,0.709089994430542,0.7248479723930359,0.6854540109634399,0.6933330297470093,878307
2014-05-28,0.38189154863357544,0.709089994430542,0.709089994430542,0.709089994430542,0.709089994430542,0
2014-05-29,0.36491867899894714,0.6775749921798706,0.6933330297470093,0.6775749921798706,0.6933330297470093,116769
2014-05-30,0.36491867899894714,0.6775749921798706,0.6696959733963013,0.6618180274963379,0.6696959733963013,177692
2014-06-03,0.36491867899894714,0.6775749921798706,0.6775749921798706,0.6775749921798706,0.6775749921798706,15230
2014-06-04,0.3564324378967285,0.6618180274963379,0.6618180274963379,0.6303020119667053,0.6460599899291992,132000
2014-06-05,0.3479457497596741,0.6460599899291992,0.6854540109634399,0.6460599899291992,0.6854540109634399,40615
2014-06-06,0.35218915343284607,0.6539390087127686,0.6539390087127686,0.6539390087127686,0.6539390087127686,91384
2014-06-09,0.35218915343284607,0.6539390087127686,0.6539390087127686,0.6539390087127686,0.6539390087127686,0
2014-06-10,0.33945906162261963,0.6303020119667053,0.6696959733963013,0.6303020119667053,0.6696959733963013,142153
2014-06-11,0.34370237588882446,0.6381809711456299,0.6381809711456299,0.6224240064620972,0.6224240064620972,111692
2014-06-12,0.34370237588882446,0.6381809711456299,0.6381809711456299,0.6381809711456299,0.6381809711456299,15230
2014-06-13,0.33945906162261963,0.6303020119667053,0.6381809711456299,0.5987870097160339,0.6303020119667053,147230
2014-06-16,0.33945906162261963,0.6303020119667053,0.6303020119667053,0.6303020119667053,0.6303020119667053,25384
2014-06-17,0.33945906162261963,0.6303020119667053,0.6303020119667053,0.6303020119667053,0.6303020119667053,66000
2014-06-18,0.33945906162261963,0.6303020119667053,0.6303020119667053,0.6303020119667053,0.6303020119667053,30461
2014-06-19,0.3564324378967285,0.6618180274963379,0.6303020119667053,0.6303020119667053,0.6303020119667053,126923
2014-06-20,0.33945906162261963,0.6303020119667053,0.6303020119667053,0.6303020119667053,0.6303020119667053,45692
2014-06-23,0.3309728503227234,0.6145449876785278,0.6145449876785278,0.6145449876785278,0.6145449876785278,86307
2014-06-24,0.3352162539958954,0.6224240064620972,0.6224240064620972,0.6224240064620972,0.6224240064620972,40615
2014-06-25,0.3309728503227234,0.6145449876785278,0.6224240064620972,0.6145449876785278,0.6224240064620972,81230
2014-06-26,0.3352162539958954,0.6224240064620972,0.6145449876785278,0.6145449876785278,0.6145449876785278,55846
2014-06-27,0.3352162539958954,0.6224240064620972,0.6224240064620972,0.6224240064620972,0.6224240064620972,0
2014-06-30,0.3309728503227234,0.6145449876785278,0.6145449876785278,0.6145449876785278,0.6145449876785278,15230
2014-07-02,0.33945906162261963,0.6303020119667053,0.6303020119667053,0.6303020119667053,0.6303020119667053,55846
2014-07-03,0.3309728503227234,0.6145449876785278,0.6381809711456299,0.6145449876785278,0.6381809711456299,76153
2014-07-04,0.3352162539958954,0.6224240064620972,0.6224240064620972,0.6224240064620972,0.6145449876785278,25384
2014-07-07,0.3479457497596741,0.6460599899291992,0.6460599899291992,0.6460599899291992,0.6460599899291992,60923
2014-07-08,0.3309728503227234,0.6145449876785278,0.6145449876785278,0.6145449876785278,0.6145449876785278,10153
2014-07-09,0.3309728503227234,0.6145449876785278,0.6145449876785278,0.5830299854278564,0.5830299854278564,15230
2014-07-10,0.3309728503227234,0.6145449876785278,0.6145449876785278,0.6145449876785278,0.6145449876785278,0
2014-07-11,0.3309728503227234,0.6145449876785278,0.6145449876785278,0.6145449876785278,0.6145449876785278,0
2014-07-14,0.32248613238334656,0.5987870097160339,0.5987870097160339,0.5751510262489319,0.5751510262489319,15230
2014-07-15,0.32672953605651855,0.6066660284996033,0.6224240064620972,0.6066660284996033,0.6066660284996033,91384
2014-07-16,0.32672953605651855,0.6066660284996033,0.6066660284996033,0.6066660284996033,0.6066660284996033,15230
2014-07-17,0.34370237588882446,0.6381809711456299,0.6460599899291992,0.6224240064620972,0.6224240064620972,71076
2014-07-18,0.34370237588882446,0.6381809711456299,0.6381809711456299,0.6381809711456299,0.6381809711456299,5076
2014-07-21,0.34370237588882446,0.6381809711456299,0.6381809711456299,0.6381809711456299,0.6381809711456299,0
2014-07-22,0.34370237588882446,0.6381809711456299,0.6381809711456299,0.6381809711456299,0.6381809711456299,0
2014-07-23,0.33945906162261963,0.6303020119667053,0.6303020119667053,0.6303020119667053,0.6303020119667053,25384
2014-07-24,0.33945906162261963,0.6303020119667053,0.6303020119667053,0.6303020119667053,0.6303020119667053,0
2014-07-25,0.33945906162261963,0.6303020119667053,0.6303020119667053,0.6303020119667053,0.6303020119667053,0
2014-07-28,0.3309728503227234,0.6145449876785278,0.6145449876785278,0.6145449876785278,0.6145449876785278,5076
2014-07-29,0.3309728503227234,0.6145449876785278,0.6460599899291992,0.6145449876785278,0.6303020119667053,30461
2014-07-30,0.3309728503227234,0.6145449876785278,0.6145449876785278,0.6145449876785278,0.6145449876785278,76153
2014-07-31,0.3309728503227234,0.6145449876785278,0.6145449876785278,0.6145449876785278,0.6145449876785278,0
2014-08-01,0.33945906162261963,0.6303020119667053,0.6303020119667053,0.6303020119667053,0.6303020119667053,5076
2014-08-04,0.3479457497596741,0.6460599899291992,0.6460599899291992,0.6460599899291992,0.6460599899291992,187846
2014-08-05,0.3479457497596741,0.6460599899291992,0.6460599899291992,0.6145449876785278,0.6145449876785278,45692
2014-08-06,0.34370237588882446,0.6381809711456299,0.6460599899291992,0.6381809711456299,0.6460599899291992,76153
2014-08-07,0.3564324378967285,0.6618180274963379,0.6618180274963379,0.6303020119667053,0.6303020119667053,187846
2014-08-08,0.3564324378967285,0.6618180274963379,0.6618180274963379,0.6618180274963379,0.6618180274963379,0
2014-08-11,0.3479457497596741,0.6460599899291992,0.6618180274963379,0.6224240064620972,0.6460599899291992,223384
2014-08-12,0.3479457497596741,0.6460599899291992,0.6460599899291992,0.6224240064620972,0.6303020119667053,167538
2014-08-13,0.3776482343673706,0.7012109756469727,0.7327269911766052,0.6381809711456299,0.6381809711456299,1091538
2014-08-14,0.3606753349304199,0.6696959733963013,0.6696959733963013,0.6696959733963013,0.6696959733963013,55846
2014-08-15,0.3606753349304199,0.6696959733963013,0.6696959733963013,0.6696959733963013,0.6696959733963013,35538
2014-08-18,0.3606753349304199,0.6696959733963013,0.6696959733963013,0.6696959733963013,0.6696959733963013,25384
2014-08-19,0.3776482343673706,0.7012109756469727,0.7012109756469727,0.7012109756469727,0.7012109756469727,5076
2014-08-20,0.3734053671360016,0.6933330297470093,0.7012109756469727,0.6618180274963379,0.7012109756469727,233538
2014-08-21,0.3776482343673706,0.7012109756469727,0.7012109756469727,0.6933330297470093,0.6933330297470093,86307
2014-08-22,0.38613489270210266,0.7169690132141113,0.7248479723930359,0.6933330297470093,0.709089994430542,421384
2014-08-25,0.3734053671360016,0.6933330297470093,0.7169690132141113,0.6933330297470093,0.7169690132141113,213230
2014-08-26,0.3734053671360016,0.6933330297470093,0.7248479723930359,0.6775749921798706,0.7012109756469727,269076
2014-08-27,0.3776482343673706,0.7012109756469727,0.709089994430542,0.7012109756469727,0.7012109756469727,182769
2014-08-28,0.38189154863357544,0.709089994430542,0.709089994430542,0.7012109756469727,0.7012109756469727,284307
2014-08-29,0.3903782069683075,0.7248479723930359,0.7248479723930359,0.7012109756469727,0.7012109756469727,309692
2014-09-01,0.38613489270210266,0.7169690132141113,0.7248479723930359,0.7169690132141113,0.7248479723930359,50769
2014-09-02,0.38613489270210266,0.7169690132141113,0.7169690132141113,0.7169690132141113,0.7169690132141113,50769
2014-09-03,0.3776482343673706,0.7012109756469727,0.7012109756469727,0.6933330297470093,0.7012109756469727,152307
2014-09-04,0.38189154863357544,0.709089994430542,0.709089994430542,0.6854540109634399,0.6854540109634399,15230
2014-09-05,0.38189154863357544,0.709089994430542,0.709089994430542,0.709089994430542,0.709089994430542,0
2014-09-08,0.3903782069683075,0.7248479723930359,0.7248479723930359,0.6933330297470093,0.7012109756469727,162461
2014-09-10,0.3776482343673706,0.7012109756469727,0.7248479723930359,0.7012109756469727,0.7248479723930359,55846
2014-09-11,0.3776482343673706,0.7012109756469727,0.7012109756469727,0.7012109756469727,0.7012109756469727,0
2014-09-12,0.3903782069683075,0.7248479723930359,0.7248479723930359,0.7248479723930359,0.7248479723930359,81230
2014-09-15,0.3776482343673706,0.7012109756469727,0.7248479723930359,0.6933330297470093,0.7248479723930359,385846
2014-09-16,0.3776482343673706,0.7012109756469727,0.7012109756469727,0.7012109756469727,0.7012109756469727,0
2014-09-17,0.3988644778728485,0.7406049966812134,0.7878779768943787,0.709089994430542,0.7642419934272766,446769
2014-09-18,0.3903782069683075,0.7248479723930359,0.7563629746437073,0.7248479723930359,0.7563629746437073,96461
2014-09-19,0.3946216404438019,0.7327269911766052,0.7406049966812134,0.6933330297470093,0.7248479723930359,568615
2014-09-22,0.38189154863357544,0.709089994430542,0.7484840154647827,0.709089994430542,0.7484840154647827,55846
2014-09-23,0.3946216404438019,0.7327269911766052,0.7327269911766052,0.7012109756469727,0.7012109756469727,264000
2014-09-24,0.3946216404438019,0.7327269911766052,0.7327269911766052,0.709089994430542,0.7327269911766052,162461
2014-09-25,0.38613489270210266,0.7169690132141113,0.7327269911766052,0.709089994430542,0.7327269911766052,132000
2014-09-26,0.3903782069683075,0.7248479723930359,0.7406049966812134,0.709089994430542,0.709089994430542,426461
2014-09-29,0.3734053671360016,0.6933330297470093,0.7169690132141113,0.6854540109634399,0.709089994430542,213230
2014-09-30,0.38189154863357544,0.709089994430542,0.709089994430542,0.6933330297470093,0.6933330297470093,208153
2014-10-03,0.38189154863357544,0.709089994430542,0.709089994430542,0.709089994430542,0.709089994430542,0
2014-10-06,0.38189154863357544,0.709089994430542,0.709089994430542,0.709089994430542,0.709089994430542,0
2014-10-07,0.38189154863357544,0.709089994430542,0.709089994430542,0.709089994430542,0.709089994430542,0
2014-10-08,0.38189154863357544,0.709089994430542,0.7406049966812134,0.709089994430542,0.7406049966812134,45692
2014-10-09,0.3988644778728485,0.7406049966812134,0.7406049966812134,0.7406049966812134,0.7406049966812134,15230
2014-10-10,0.3903782069683075,0.7248479723930359,0.7248479723930359,0.7248479723930359,0.7248479723930359,30461
2014-10-13,0.3903782069683075,0.7248479723930359,0.7327269911766052,0.7248479723930359,0.7327269911766052,30461
2014-10-14,0.3988644778728485,0.7406049966812134,0.7406049966812134,0.7248479723930359,0.7248479723930359,25384
2014-10-15,0.3946216404438019,0.7327269911766052,0.7406049966812134,0.7327269911766052,0.7406049966812134,60923
2014-10-16,0.3776482343673706,0.7012109756469727,0.7248479723930359,0.7012109756469727,0.7248479723930359,76153
2014-10-17,0.3903782069683075,0.7248479723930359,0.7327269911766052,0.7012109756469727,0.7012109756469727,126923
2014-10-20,0.3946216404438019,0.7327269911766052,0.7327269911766052,0.7327269911766052,0.7327269911766052,30461
2014-10-21,0.38189154863357544,0.709089994430542,0.7327269911766052,0.709089994430542,0.7327269911766052,40615
2014-10-22,0.38189154863357544,0.709089994430542,0.709089994430542,0.709089994430542,0.709089994430542,0
2014-10-23,0.38189154863357544,0.709089994430542,0.709089994430542,0.709089994430542,0.709089994430542,0
2014-10-24,0.38189154863357544,0.709089994430542,0.709089994430542,0.709089994430542,0.709089994430542,0
2014-10-27,0.3776482343673706,0.7012109756469727,0.7012109756469727,0.7012109756469727,0.7012109756469727,10153
2014-10-28,0.3776482343673706,0.7012109756469727,0.7012109756469727,0.7012109756469727,0.7012109756469727,0
2014-10-29,0.3776482343673706,0.7012109756469727,0.7169690132141113,0.7012109756469727,0.7169690132141113,55846
2014-10-30,0.3946216404438019,0.7327269911766052,0.7327269911766052,0.709089994430542,0.709089994430542,304615
2014-10-31,0.4582698941230774,0.8509079813957214,1.039999008178711,0.7012109756469727,0.7169690132141113,4198616
2014-11-03,0.5346487760543823,0.9927269816398621,1.039999008178711,0.8903020024299622,1.039999008178711,9991386
2014-11-04,0.6407294273376465,1.189695954322815,1.2054539918899536,0.9296960234642029,1.0084840059280396,9828924
2014-11-05,0.6025403738021851,1.1187870502471924,1.260604977607727,1.0636359453201294,1.260604977607727,6587308
2014-11-06,0.6492162346839905,1.2054539918899536,1.2212109565734863,1.0715140104293823,1.087272047996521,3004904
2014-11-07,0.6322432160377502,1.1739389896392822,1.2212109565734863,1.1424239873886108,1.1424239873886108,776769
2014-11-10,0.5855674743652344,1.087272047996521,1.1581809520721436,1.087272047996521,1.1266659498214722,1152461
2014-11-11,0.7892432808876038,1.4654539823532104,1.5284839868545532,1.1030299663543701,1.1030299663543701,12664386
2014-11-12,0.9038106203079224,1.6781810522079468,1.7412110567092896,1.3787870407104492,1.4812109470367432,11301232
2014-11-13,0.8359185457229614,1.5521199703216553,1.6860599517822266,1.4969689846038818,1.6781810522079468,3828000
2014-11-14,0.8359185457229614,1.5521199703216553,1.693938970565796,1.5127259492874146,1.5599989891052246,1731231
2014-11-17,0.8741081953048706,1.6230299472808838,1.6545449495315552,1.5127259492874146,1.615151047706604,2650154
2014-11-18,0.848648726940155,1.5757570266723633,1.6545449495315552,1.5127259492874146,1.5757570266723633,995077
2014-11-19,0.8401619791984558,1.5599989891052246,1.6545449495315552,1.5521199703216553,1.5757570266723633,974769
2014-11-20,0.8444054126739502,1.567878007888794,1.5757570266723633,1.4969689846038818,1.544242024421692,599077
2014-11-21,0.8189457654953003,1.5206049680709839,1.5521199703216553,1.3945449590682983,1.5284839868545532,1289538
2014-11-24,0.7637836337089539,1.4181809425354004,1.5206049680709839,1.3157570362091064,1.5206049680709839,2855769
2014-11-25,0.7637836337089539,1.4181809425354004,1.4181809425354004,1.2999989986419678,1.363029956817627,441692
2014-11-26,0.7552969455718994,1.4024230241775513,1.441817045211792,1.4024230241775513,1.4181809425354004,279230
2014-11-27,0.7340812087059021,1.363029956817627,1.3866660594940186,1.363029956817627,1.3866660594940186,421384
2014-11-28,0.721351146697998,1.3393930196762085,1.363029956817627,1.236968994140625,1.3315140008926392,720923
2014-12-01,0.700134813785553,1.2999989986419678,1.2999989986419678,1.2527270317077637,1.2999989986419678,203076
2014-12-02,0.7892432808876038,1.4654539823532104,1.5206049680709839,1.3315140008926392,1.3315140008926392,2142461
2014-12-03,0.7298378944396973,1.3551510572433472,1.4654539823532104,1.3551510572433472,1.4654539823532104,187846
2014-12-04,0.8359185457229614,1.5521199703216553,1.7333329916000366,1.441817045211792,1.441817045211792,3604616
2014-12-05,0.8316758275032043,1.544242024421692,1.6545449495315552,1.5284839868545532,1.615151047706604,1020461
2014-12-08,0.8571348190307617,1.591513991355896,1.615151047706604,1.5599989891052246,1.5993930101394653,822461
2014-12-09,1.1244593858718872,2.0878779888153076,2.127271890640259,1.615151047706604,1.615151047706604,7572232
2014-12-10,1.1244593858718872,2.0878779888153076,2.0878779888153076,2.0878779888153076,2.0878779888153076,0
2014-12-11,1.1244593858718872,2.0878779888153076,2.0878779888153076,2.0878779888153076,2.0878779888153076,0
2014-12-12,1.1244593858718872,2.0878779888153076,2.0878779888153076,2.0878779888153076,2.0878779888153076,0
2014-12-15,1.4299731254577637,2.655150890350342,3.1436350345611572,2.5054540634155273,2.5212109088897705,19216157
2014-12-16,1.3875408172607422,2.5763630867004395,2.773332118988037,2.560605049133301,2.6630289554595947,7082308
2014-12-17,1.3408650159835815,2.4896960258483887,2.56848406791687,2.371514081954956,2.5448479652404785,5848616
2014-12-18,1.3323781490325928,2.47393798828125,2.5054540634155273,2.442423105239868,2.47393798828125,1787077
2014-12-19,1.3196486234664917,2.4503018856048584,2.47393798828125,2.4345450401306152,2.4581809043884277,1162615
2014-12-22,1.3323781490325928,2.47393798828125,2.4818170070648193,2.4503018856048584,2.47393798828125,903692
2014-12-23,1.3323781490325928,2.47393798828125,2.4818170070648193,2.426666021347046,2.47393798828125,1147384
2014-12-24,1.3790539503097534,2.560605049133301,2.6393930912017822,2.560605049133301,2.56848406791687,3909231
2014-12-29,1.3790539503097534,2.560605049133301,2.56848406791687,2.5448479652404785,2.560605049133301,1857519
2014-12-30,1.4045134782791138,2.6078779697418213,2.6866660118103027,2.560605049133301,2.560605049133301,2487692
2014-12-31,1.4002701044082642,2.599998950958252,2.6078779697418213,2.56848406791687,2.6078779697418213,680307
2015-01-02,1.4045134782791138,2.6078779697418213,2.6236350536346436,2.599998950958252,2.6236350536346436,624461
2015-01-05,1.4002701044082642,2.599998950958252,2.6078779697418213,2.5763630867004395,2.6078779697418213,1893692
2015-01-06,1.4002701044082642,2.599998950958252,2.599998950958252,2.5763630867004395,2.5842409133911133,477230
2015-01-07,1.4342162609100342,2.6630289554595947,2.6630289554595947,2.5842409133911133,2.599998950958252,2472461
2015-01-08,1.421486496925354,2.6393930912017822,2.6945440769195557,2.599998950958252,2.6866660118103027,1314923
2015-01-09,1.4002701044082642,2.599998950958252,2.631514072418213,2.5921199321746826,2.631514072418213,1665231
2015-01-12,1.4087568521499634,2.6157569885253906,2.6157569885253906,2.5842409133911133,2.6078779697418213,512769
2015-01-13,1.4002701044082642,2.599998950958252,2.599998950958252,2.5842409133911133,2.5921199321746826,360461
2015-01-14,1.4002701044082642,2.599998950958252,2.6078779697418213,2.5921199321746826,2.6078779697418213,807230
2015-01-15,1.4002701044082642,2.599998950958252,2.599998950958252,2.5842409133911133,2.5842409133911133,314769
2015-01-16,1.4002701044082642,2.599998950958252,2.6157569885253906,2.5921199321746826,2.599998950958252,385846
2015-01-19,1.3875408172607422,2.5763630867004395,2.6078779697418213,2.56848406791687,2.5763630867004395,1487538
2015-01-20,1.3875408172607422,2.5763630867004395,2.6078779697418213,2.5763630867004395,2.599998950958252,1589077
2015-01-21,1.3875408172607422,2.5763630867004395,2.5842409133911133,2.5763630867004395,2.5842409133911133,1314923
2015-01-22,1.383297324180603,2.56848406791687,2.599998950958252,2.5527260303497314,2.5763630867004395,5330770
2015-01-23,1.4002701044082642,2.599998950958252,2.6078779697418213,2.5763630867004395,2.5763630867004395,2599385
2015-01-26,1.4639190435409546,2.7181808948516846,2.7181808948516846,2.5763630867004395,2.5842409133911133,8981078
2015-01-27,1.489378809928894,2.765454053878784,2.899393081665039,2.6787869930267334,2.7181808948516846,7412309
2015-01-28,1.4808919429779053,2.7496960163116455,2.7812108993530273,2.702423095703125,2.7181808948516846,1416461
2015-01-29,1.4851353168487549,2.757575035095215,2.8206050395965576,2.702423095703125,2.733937978744507,2411538
2015-01-30,1.4724050760269165,2.733937978744507,2.757575035095215,2.7103021144866943,2.757575035095215,1386000
2015-02-02,1.4511889219284058,2.6945440769195557,2.7496960163116455,2.6945440769195557,2.733937978744507,1193077
2015-02-03,1.4045134782791138,2.6078779697418213,2.702423095703125,2.599998950958252,2.702423095703125,2843077
2015-02-04,1.4639190435409546,2.7181808948516846,2.726059913635254,2.6157569885253906,2.6157569885253906,2365846
2015-02-05,1.4639190435409546,2.7181808948516846,2.757575035095215,2.6236350536346436,2.741816997528076,2650154
2015-02-06,1.455432415008545,2.702423095703125,2.8206050395965576,2.6630289554595947,2.7181808948516846,3162923
2015-02-09,1.4129998683929443,2.6236350536346436,2.6787869930267334,2.6157569885253906,2.6787869930267334,3102000
2015-02-10,1.4045134782791138,2.6078779697418213,2.6866660118103027,2.599998950958252,2.6078779697418213,1812461
2015-02-11,1.4087568521499634,2.6157569885253906,2.6866660118103027,2.6157569885253906,2.6236350536346436,1279384
2015-02-12,1.298432469367981,2.4109079837799072,2.6393930912017822,2.095757007598877,2.6236350536346436,7452924
2015-02-13,1.19235098361969,2.213937997817993,2.4109079837799072,2.198180913925171,2.403028964996338,4406770
2015-02-16,1.2135673761367798,2.2533318996429443,2.2533318996429443,2.135150909423828,2.2060599327087402,2061231
2015-02-17,1.2857027053833008,2.3872718811035156,2.403028964996338,2.269089937210083,2.2769689559936523,1782000
2015-02-18,1.251757264137268,2.324242115020752,2.395150899887085,2.300605058670044,2.324242115020752,182769
2015-02-23,1.251757264137268,2.324242115020752,2.339998960494995,2.2927260398864746,2.300605058670044,330000
2015-02-24,1.251757264137268,2.324242115020752,2.3636350631713867,2.3084840774536133,2.3636350631713867,243692
2015-02-25,1.23478364944458,2.2927260398864746,2.324242115020752,2.2769689559936523,2.2848479747772217,507692
2015-02-26,1.1965943574905396,2.2218170166015625,2.2848479747772217,2.2218170166015625,2.2848479747772217,964615
2015-02-27,1.2135673761367798,2.2533318996429443,2.2848479747772217,2.229696035385132,2.229696035385132,167538
2015-03-02,1.226297378540039,2.2769689559936523,2.2769689559936523,2.229696035385132,2.2454540729522705,157384
2015-03-03,1.2305407524108887,2.2848479747772217,2.300605058670044,2.237575054168701,2.2769689559936523,431538
2015-03-04,1.226297378540039,2.2769689559936523,2.332119941711426,2.2454540729522705,2.300605058670044,685384
2015-03-05,1.2093244791030884,2.2454540729522705,2.269089937210083,2.2454540729522705,2.269089937210083,192923
2015-03-06,1.2135673761367798,2.2533318996429443,2.2533318996429443,2.2454540729522705,2.2454540729522705,406153
2015-03-09,1.2432705163955688,2.3084840774536133,2.3163630962371826,2.2060599327087402,2.237575054168701,1888615
2015-03-10,1.2857027053833008,2.3872718811035156,2.442423105239868,2.324242115020752,2.324242115020752,2700923
2015-03-11,1.3196486234664917,2.4503018856048584,2.497575044631958,2.3636350631713867,2.371514081954956,1903846
2015-03-12,1.302675724029541,2.4187870025634766,2.4503018856048584,2.3793931007385254,2.4503018856048584,274153
2015-03-13,1.3196486234664917,2.4503018856048584,2.4581809043884277,2.426666021347046,2.426666021347046,446769
2015-03-16,1.3196486234664917,2.4503018856048584,2.4581809043884277,2.4187870025634766,2.4581809043884277,837692
2015-03-17,1.315405249595642,2.442423105239868,2.4818170070648193,2.4109079837799072,2.442423105239868,406153
2015-03-18,1.5190811157226562,2.8206050395965576,2.8363630771636963,2.426666021347046,2.426666021347046,5538924
2015-03-19,1.4766485691070557,2.741816997528076,3.0254530906677246,2.6472721099853516,2.8363630771636963,3873693
2015-03-20,1.4511889219284058,2.6945440769195557,2.859998941421509,2.6393930912017822,2.8363630771636963,2919231
2015-03-23,1.3875408172607422,2.5763630867004395,2.7181808948516846,2.5763630867004395,2.7181808948516846,2599385
2015-03-24,1.4427028894424438,2.6787869930267334,2.7103021144866943,2.5212109088897705,2.5763630867004395,2122154
2015-03-25,1.446946144104004,2.6866660118103027,2.7496960163116455,2.631514072418213,2.7496960163116455,903692
2015-03-26,1.5572704076766968,2.8915140628814697,2.9860599040985107,2.655150890350342,2.6630289554595947,4175769
2015-03-27,1.799135446548462,3.3406050205230713,3.4509079456329346,2.9151499271392822,2.9151499271392822,10232540
2015-03-30,1.8245949745178223,3.387877941131592,3.4666659832000732,3.198786973953247,3.3406050205230713,4449923
2015-03-31,1.7864056825637817,3.3169689178466797,3.490302085876465,3.2460598945617676,3.2539379596710205,2683154
2015-04-01,1.917946219444275,3.561211109161377,3.7187869548797607,3.3090898990631104,3.3406050205230713,2919335
2015-04-02,1.9009734392166138,3.529695987701416,3.663635015487671,3.4509079456329346,3.561211109161377,1964769
2015-04-08,1.8542972803115845,3.4430289268493652,3.561211109161377,3.26181697845459,3.5454530715942383,2685692
2015-04-09,1.8330810070037842,3.403635025024414,3.4666659832000732,3.1909079551696777,3.4115140438079834,3094385
2015-04-10,1.8076221942901611,3.35636305809021,3.372119903564453,3.2854530811309814,3.3248469829559326,654923
2015-04-13,1.7821625471115112,3.3090898990631104,3.372119903564453,3.2145440578460693,3.364240884780884,1766769
2015-04-14,1.7397297620773315,3.230302095413208,3.364240884780884,3.1672720909118652,3.1672720909118652,2289692
2015-04-15,1.777919054031372,3.30121111869812,3.4666659832000732,3.2224230766296387,3.230302095413208,3223846
2015-04-16,1.777919054031372,3.30121111869812,3.3799989223480225,3.2460598945617676,3.3799989223480225,1335231
2015-04-17,1.7821625471115112,3.3090898990631104,3.3406050205230713,3.2381811141967773,3.2775750160217285,1146115
2015-04-20,1.7567027807235718,3.26181697845459,3.387877941131592,3.26181697845459,3.3169689178466797,1518000
2015-04-21,1.8033784627914429,3.3484840393066406,3.4666659832000732,3.26181697845459,3.26181697845459,1770577
2015-04-22,1.816108226776123,3.372119903564453,3.592725992202759,3.3406050205230713,3.4115140438079834,3340615
2015-04-23,1.790648341178894,3.3248469829559326,3.4509079456329346,3.30121111869812,3.4509079456329346,2365846
2015-04-24,1.773675799369812,3.293332099914551,3.372119903564453,3.2066659927368164,3.372119903564453,2000308
2015-04-27,1.7821625471115112,3.3090898990631104,3.372119903564453,3.2775750160217285,3.293332099914551,2081538
2015-04-28,1.820351243019104,3.3799989223480225,3.4193930625915527,3.293332099914551,3.293332099914551,1188000
2015-04-29,1.8288376331329346,3.3957560062408447,3.490302085876465,3.3090898990631104,3.3799989223480225,1865769
2015-04-30,1.8500537872314453,3.435149908065796,3.4666659832000732,3.3484840393066406,3.387877941131592,1457077
2015-05-04,2.1937568187713623,4.073331832885742,4.183635234832764,3.5139379501342773,3.5375750064849854,10504155
2015-05-05,2.07070255279541,3.8448469638824463,4.128483772277832,3.7424230575561523,4.04969596862793,4416923
2015-05-06,1.8924864530563354,3.5139379501342773,3.8763620853424072,3.3484840393066406,3.797574996948242,5036308
2015-05-07,1.799135446548462,3.3406050205230713,3.506058931350708,3.30121111869812,3.403635025024414,3635077
2015-05-08,1.845810890197754,3.427272081375122,3.5375750064849854,3.35636305809021,3.35636305809021,1345384
2015-05-11,1.917946219444275,3.561211109161377,3.9472720623016357,3.4509079456329346,3.5454530715942383,5993308
2015-05-12,1.816108226776123,3.372119903564453,3.663635015487671,3.332726001739502,3.6242411136627197,2195769
2015-05-13,1.777919054031372,3.30121111869812,3.4666659832000732,3.1830289363861084,3.4666659832000732,2365846
2015-05-14,1.684567928314209,3.127877950668335,3.387877941131592,3.1121199131011963,3.3090898990631104,3046154
2015-05-15,1.6039460897445679,2.9781808853149414,3.1830289363861084,2.9466660022735596,3.1515140533447266,5745174
2015-05-18,1.6463783979415894,3.056968927383423,3.064846992492676,2.899393081665039,2.899393081665039,1832769
2015-05-19,1.7439733743667603,3.2381811141967773,3.35636305809021,3.001816987991333,3.001816987991333,5706462
2015-05-20,1.6760812997817993,3.1121199131011963,3.230302095413208,2.9781808853149414,3.1672720909118652,7046770
2015-05-21,1.7651894092559814,3.2775750160217285,3.2775750160217285,3.033332109451294,3.0490899085998535,7122924
2015-05-22,1.8627840280532837,3.458786964416504,3.5218169689178467,3.2145440578460693,3.2145440578460693,4975385
2015-05-26,2.0664594173431396,3.836967945098877,3.9393930435180664,3.6163620948791504,3.6163620948791504,12925848
2015-05-27,1.9603784084320068,3.6399989128112793,3.9393930435180664,3.5454530715942383,3.860605001449585,4878923
2015-05-28,2.206486463546753,4.096968173980713,4.144240856170654,3.836967945098877,3.899998903274536,8747540
2015-05-29,2.2616491317749023,4.199392795562744,4.349090099334717,4.096968173980713,4.207271099090576,3670616
2015-06-01,2.821756601333618,5.239391803741455,5.333938121795654,4.270301818847656,4.270301818847656,9034386
2015-06-02,3.8401355743408203,7.130300998687744,7.484847068786621,5.184240818023682,5.184240818023682,11265694
2015-06-03,3.41581130027771,6.342422962188721,7.815755844116211,5.52302885055542,7.185452938079834,15314541
2015-06-04,3.4370274543762207,6.381816864013672,6.602423191070557,5.901210784912109,6.295149803161621,2289692
2015-06-05,3.0593786239624023,5.680604934692383,6.342422962188721,5.530908107757568,6.310906887054443,4305231
2015-06-08,3.1357576847076416,5.822422981262207,5.940604209899902,5.5703020095825195,5.6018171310424805,2678077
2015-06-09,3.1612167358398438,5.86969518661499,5.909089088439941,5.294544219970703,5.909089088439941,2137385
2015-06-10,3.4497573375701904,6.405453205108643,6.649694919586182,5.86969518661499,5.86969518661499,5156885
2015-06-11,3.5218923091888428,6.539391994476318,6.9333319664001465,6.366058826446533,6.366058826446533,3642692
2015-06-12,4.192325115203857,7.784241199493408,7.799997806549072,6.5787858963012695,6.6103010177612305,6417231
2015-06-15,3.9250009059906006,7.287877082824707,7.926058769226074,6.854544162750244,7.815755844116211,5564308
2015-06-16,3.738297462463379,6.94120979309082,7.484847068786621,6.3030290603637695,7.287877082824707,2059327
2015-06-17,3.653433322906494,6.783635139465332,7.0672712326049805,6.618179798126221,7.0672712326049805,1644923
2015-06-18,3.6491899490356445,6.775755882263184,7.012118816375732,6.460604190826416,6.649694919586182,1132154
2015-06-19,3.5218923091888428,6.539391994476318,6.862421989440918,6.429089069366455,6.775755882263184,634615
2015-06-22,3.530378818511963,6.555150032043457,6.696968078613281,6.539391994476318,6.539391994476318,817384
2015-06-23,3.500675916671753,6.499998092651367,6.689088821411133,6.224240779876709,6.476362228393555,1990154
2015-06-24,3.479459524154663,6.460604190826416,6.775755882263184,6.381816864013672,6.499998092651367,1782000
2015-06-25,3.4964327812194824,6.492119789123535,6.673332214355469,6.405453205108643,6.539391994476318,927173
2015-06-26,3.3945953845977783,6.3030290603637695,6.570907115936279,6.3030290603637695,6.381816864013672,1157538
2015-06-29,3.1060540676116943,5.767271041870117,6.3345441818237305,5.121211051940918,5.995756149291992,2934462
2015-06-30,3.237595558166504,6.011514186859131,6.25575590133667,5.2787861824035645,5.901210784912109,1614461
2015-07-02,3.127270460128784,5.806664943695068,6.098179817199707,5.633331775665283,5.916967868804932,654923
2015-07-03,2.711432695388794,5.034543991088867,5.751513957977295,4.845452785491943,5.751513957977295,5127693
2015-07-06,2.206486463546753,4.096968173980713,5.436361789703369,3.703028917312622,5.034543991088867,6579693
2015-07-07,2.1173787117004395,3.931514024734497,4.246665000915527,3.506058931350708,4.246665000915527,3102000
2015-07-08,1.4851353168487549,2.757575035095215,3.7818169593811035,2.52908992767334,3.7818169593811035,7970770
2015-07-09,2.121622085571289,3.9393930435180664,4.018180847167969,2.8363630771636963,2.8363630771636963,5922866
2015-07-10,2.5841352939605713,4.798180103302002,5.105453014373779,4.254543781280518,4.254543781280518,3536077
2015-07-13,2.7156758308410645,5.042422771453857,5.121211051940918,4.703635215759277,4.884847164154053,1512923
2015-07-14,2.6308107376098633,4.884847164154053,5.121211051940918,4.632726192474365,5.121211051940918,2345538
2015-07-15,2.4610815048217773,4.569695949554443,4.72727108001709,4.530302047729492,4.648484230041504,1299692
2015-07-16,2.503514528274536,4.648484230041504,4.695755958557129,4.40424108505249,4.4121198654174805,736153
2015-07-17,2.5162439346313477,4.672120094299316,4.758787155151367,4.593331813812256,4.750907897949219,558461
2015-07-20,2.643540620803833,4.908483028411865,4.947876930236816,4.648484230041504,4.719392776489258,988096
2015-07-21,2.613837957382202,4.853332042694092,4.963634967803955,4.711513996124268,4.963634967803955,502615
2015-07-22,2.5544331073760986,4.7430291175842285,4.79030179977417,4.72727108001709,4.73514986038208,223384
2015-07-23,2.5926218032836914,4.813938140869141,4.884847164154053,4.72727108001709,4.813938140869141,934154
2015-07-24,2.6223247051239014,4.8690900802612305,4.900605201721191,4.72727108001709,4.813938140869141,573692
2015-07-27,2.4610815048217773,4.569695949554443,4.8690900802612305,4.490908145904541,4.8690900802612305,756461
2015-07-28,2.4186489582061768,4.490908145904541,4.798180103302002,4.112726211547852,4.530302047729492,944307
2015-07-29,2.5374598503112793,4.711513996124268,4.711513996124268,4.490908145904541,4.569695949554443,152307
2015-07-30,2.482297897338867,4.6090898513793945,4.829696178436279,4.6090898513793945,4.829696178436279,137076
2015-07-31,2.414405345916748,4.483028888702393,4.6090898513793945,4.490908145904541,4.6090898513793945,106615
2015-08-03,2.2701351642608643,4.215149879455566,4.45939302444458,4.175755977630615,4.451513767242432,396000
2015-08-04,2.3507566452026367,4.364847183227539,4.372725963592529,4.2387871742248535,4.2387871742248535,258923
2015-08-05,2.2489187717437744,4.175755977630615,4.388484001159668,4.167878150939941,4.388484001159668,213230
2015-08-06,2.2616491317749023,4.199392795562744,4.207271099090576,4.089089870452881,4.104846954345703,264000
2015-08-07,2.206486463546753,4.096968173980713,4.199392795562744,4.096968173980713,4.199392795562744,375692
2015-08-10,2.176784038543701,4.0418171882629395,4.167878150939941,3.9393930435180664,3.9472720623016357,360461
2015-08-11,2.176784038543701,4.0418171882629395,4.207271099090576,4.0418171882629395,4.0418171882629395,198000
2015-08-12,2.2277026176452637,4.136362075805664,4.175755977630615,3.766058921813965,4.033937931060791,1416461
2015-08-13,2.053730010986328,3.8133320808410645,4.065453052520752,3.8133320808410645,4.00242280960083,959538
2015-08-14,2.0579731464385986,3.821211099624634,3.899998903274536,3.8133320808410645,3.821211099624634,390923
2015-08-17,2.07070255279541,3.8448469638824463,3.9472720623016357,3.687272071838379,3.9472720623016357,670153
2015-08-18,1.8670274019241333,3.4666659832000732,3.766058921813965,3.387877941131592,3.758181095123291,918923
2015-08-19,2.0282702445983887,3.766058921813965,3.8448469638824463,3.4666659832000732,3.474544048309326,1761692
2015-08-20,1.8288376331329346,3.3957560062408447,3.703028917312622,3.3799989223480225,3.6242411136627197,1538307
2015-08-21,1.7821625471115112,3.3090898990631104,3.5139379501342773,3.159393072128296,3.372119903564453,913846
2015-08-24,1.6124322414398193,2.9939379692077637,3.2539379596710205,2.9860599040985107,3.1357569694519043,3086769
2015-08-25,1.654865026473999,3.072726011276245,3.1672720909118652,2.9387869834899902,2.9860599040985107,1655077
2015-08-26,1.625162124633789,3.0175750255584717,3.2224230766296387,2.9860599040985107,3.0806050300598145,1954615
2015-08-27,1.7482163906097412,3.2460598945617676,3.2460598945617676,3.056968927383423,3.175149917602539,634615
2015-08-28,1.7439733743667603,3.2381811141967773,3.3957560062408447,3.2381811141967773,3.2775750160217285,939230
2015-08-31,1.777919054031372,3.30121111869812,3.387877941131592,3.2066659927368164,3.387877941131592,213230
2015-09-01,1.6760812997817993,3.1121199131011963,3.30121111869812,3.104240894317627,3.30121111869812,695538
2015-09-02,1.625162124633789,3.0175750255584717,3.1199989318847656,3.0096960067749023,3.056968927383423,406153
2015-09-04,1.608189582824707,2.9860599040985107,3.1515140533447266,2.970302104949951,3.1436350345611572,446769
2015-09-07,1.616675615310669,3.001816987991333,3.175149917602539,2.9860599040985107,3.175149917602539,304615
2015-09-08,1.7057844400405884,3.1672720909118652,3.175149917602539,3.0175750255584717,3.1436350345611572,639692
2015-09-09,1.69729745388031,3.1515140533447266,3.30121111869812,3.1436350345611572,3.175149917602539,309692
2015-09-10,1.6803245544433594,3.1199989318847656,3.3090898990631104,3.1121199131011963,3.3090898990631104,76153
2015-09-11,1.7015405893325806,3.159393072128296,3.2381811141967773,3.096363067626953,3.104240894317627,462000
2015-09-14,1.6633516550064087,3.088484048843384,3.1830289363861084,3.056968927383423,3.1830289363861084,563538
2015-09-15,1.659108281135559,3.0806050300598145,3.064846992492676,3.064846992492676,3.064846992492676,15230
2015-09-16,1.7227569818496704,3.198786973953247,3.2775750160217285,3.072726011276245,3.072726011276245,294461
2015-09-17,1.6760812997817993,3.1121199131011963,3.2775750160217285,3.1121199131011963,3.1672720909118652,492461
2015-09-18,1.684567928314209,3.127877950668335,3.2224230766296387,3.1121199131011963,3.1121199131011963,71076
2015-09-21,1.7567027807235718,3.26181697845459,3.269695997238159,3.127877950668335,3.127877950668335,360461
2015-09-22,1.7185134887695312,3.1909079551696777,3.2066659927368164,3.1515140533447266,3.2066659927368164,91384
2015-09-23,1.693053960800171,3.1436350345611572,3.1436350345611572,3.104240894317627,3.104240894317627,86307
2015-09-24,1.6463783979415894,3.056968927383423,3.1357569694519043,2.4503018856048584,3.1357569694519043,685384
2015-09-25,1.6336486339569092,3.033332109451294,3.0806050300598145,3.033332109451294,3.033332109451294,81230
2015-09-29,1.6039460897445679,2.9781808853149414,3.033332109451294,2.9151499271392822,3.033332109451294,456923
2015-09-30,1.6803245544433594,3.1199989318847656,3.2224230766296387,2.9466660022735596,3.0096960067749023,492461
2015-10-02,1.6803245544433594,3.1199989318847656,3.1199989318847656,3.104240894317627,3.1121199131011963,223384
2015-10-05,1.6803245544433594,3.1199989318847656,3.1830289363861084,3.175149917602539,3.1830289363861084,91384
2015-10-06,1.6760812997817993,3.1121199131011963,3.1199989318847656,3.104240894317627,3.1199989318847656,101538
2015-10-07,1.654865026473999,3.072726011276245,3.1199989318847656,3.072726011276245,3.1199989318847656,91384
2015-10-08,1.654865026473999,3.072726011276245,3.056968927383423,3.056968927383423,3.056968927383423,10153
2015-10-09,1.6336486339569092,3.033332109451294,3.1121199131011963,3.0254530906677246,3.072726011276245,152307
2015-10-12,1.6760812997817993,3.1121199131011963,3.1199989318847656,3.041210889816284,3.041210889816284,152307
2015-10-13,1.69729745388031,3.1515140533447266,3.2145440578460693,3.1121199131011963,3.1121199131011963,228461
2015-10-14,1.6506216526031494,3.064846992492676,3.1121199131011963,3.064846992492676,3.1121199131011963,121846
2015-10-15,1.69729745388031,3.1515140533447266,3.1515140533447266,3.072726011276245,3.1515140533447266,548307
2015-10-16,1.6760812997817993,3.1121199131011963,3.175149917602539,3.104240894317627,3.175149917602539,111692
2015-10-19,1.654865026473999,3.072726011276245,3.1199989318847656,3.0096960067749023,3.041210889816284,121846
2015-10-20,1.6760812997817993,3.1121199131011963,3.1121199131011963,3.0806050300598145,3.0806050300598145,126923
2015-10-22,1.6760812997817993,3.1121199131011963,3.1436350345611572,3.096363067626953,3.1121199131011963,66000
2015-10-23,1.69729745388031,3.1515140533447266,3.1672720909118652,3.1199989318847656,3.1672720909118652,203076
2015-10-26,1.69729745388031,3.1515140533447266,3.1830289363861084,3.1515140533447266,3.1830289363861084,86307
2015-10-27,1.7100268602371216,3.175149917602539,3.198786973953247,3.1436350345611572,3.1436350345611572,76153
2015-10-28,1.6760812997817993,3.1121199131011963,3.1515140533447266,3.1121199131011963,3.1909079551696777,76153
2015-10-29,1.7567027807235718,3.26181697845459,3.269695997238159,3.1909079551696777,3.1909079551696777,10153
2015-10-30,1.9434056282043457,3.6084840297698975,3.6399989128112793,3.2854530811309814,3.2854530811309814,2426769
2015-11-02,1.9349188804626465,3.592725992202759,3.8133320808410645,3.506058931350708,3.6084840297698975,1248923
2015-11-03,1.8712705373764038,3.474544048309326,3.600605010986328,3.4666659832000732,3.592725992202759,279230
2015-11-04,1.8712705373764038,3.474544048309326,3.569089889526367,3.2854530811309814,3.293332099914551,436615
2015-11-05,1.8882429599761963,3.506058931350708,3.6163620948791504,3.490302085876465,3.6084840297698975,330000
2015-11-06,1.8500537872314453,3.435149908065796,3.4666659832000732,3.427272081375122,3.4666659832000732,182769
2015-11-09,1.8033784627914429,3.3484840393066406,3.427272081375122,3.3484840393066406,3.387877941131592,321115
2015-11-10,1.7864056825637817,3.3169689178466797,3.4430289268493652,3.3169689178466797,3.3484840393066406,233538
2015-11-11,1.7948917150497437,3.332726001739502,3.3169689178466797,3.2539379596710205,3.2539379596710205,152307
2015-11-12,1.8288376331329346,3.3957560062408447,3.3957560062408447,3.3484840393066406,3.372119903564453,279230
2015-11-13,1.816108226776123,3.372119903564453,3.4193930625915527,3.3406050205230713,3.3406050205230713,350307
2015-11-16,1.8245949745178223,3.387877941131592,3.506058931350708,3.2854530811309814,3.3090898990631104,178961
2015-11-17,1.8585405349731445,3.4509079456329346,3.4509079456329346,3.403635025024414,3.403635025024414,390923
2015-11-18,1.8585405349731445,3.4509079456329346,3.4509079456329346,3.3484840393066406,3.427272081375122,210692
2015-11-19,1.845810890197754,3.427272081375122,3.4824230670928955,3.4115140438079834,3.4824230670928955,157384
2015-11-20,1.8670274019241333,3.4666659832000732,3.5218169689178467,3.3957560062408447,3.427272081375122,248769
2015-11-23,1.8882429599761963,3.506058931350708,3.6163620948791504,3.4824230670928955,3.529695987701416,365538
2015-11-24,1.9052166938781738,3.5375750064849854,3.5375750064849854,3.506058931350708,3.5218169689178467,81230
2015-11-25,1.8670274019241333,3.4666659832000732,3.569089889526367,3.4666659832000732,3.5375750064849854,319846
2015-11-26,1.917946219444275,3.561211109161377,3.561211109161377,3.458786964416504,3.506058931350708,248769
2015-11-27,1.845810890197754,3.427272081375122,3.6242411136627197,3.427272081375122,3.569089889526367,360461
2015-11-30,1.8500537872314453,3.435149908065796,3.5139379501342773,3.3957560062408447,3.427272081375122,264000
2015-12-01,1.8797569274902344,3.490302085876465,3.506058931350708,3.498181104660034,3.498181104660034,10153
2015-12-02,1.8967299461364746,3.5218169689178467,3.5375750064849854,3.506058931350708,3.506058931350708,137076
2015-12-03,1.8840004205703735,3.498181104660034,3.498181104660034,3.490302085876465,3.498181104660034,91384
2015-12-04,1.8542972803115845,3.4430289268493652,3.4666659832000732,3.435149908065796,3.4666659832000732,111692
2015-12-07,1.8585405349731445,3.4509079456329346,3.4666659832000732,3.403635025024414,3.403635025024414,111692
2015-12-08,1.8585405349731445,3.4509079456329346,3.4509079456329346,3.427272081375122,3.4430289268493652,152307
2015-12-09,1.8500537872314453,3.435149908065796,3.4430289268493652,3.435149908065796,3.4430289268493652,132000
2015-12-10,1.8245949745178223,3.387877941131592,3.4430289268493652,3.387877941131592,3.435149908065796,101538
2015-12-11,1.773675799369812,3.293332099914551,3.427272081375122,3.3090898990631104,3.427272081375122,132000
2015-12-14,1.7439733743667603,3.2381811141967773,3.293332099914551,3.230302095413208,3.293332099914551,182769
2015-12-15,1.7227569818496704,3.198786973953247,3.2381811141967773,3.1515140533447266,3.230302095413208,274153
2015-12-16,1.7312432527542114,3.2145440578460693,3.230302095413208,3.1672720909118652,3.198786973953247,243692
2015-12-17,1.7354865074157715,3.2224230766296387,3.2145440578460693,3.2145440578460693,3.2145440578460693,5076
2015-12-18,1.7864056825637817,3.3169689178466797,3.372119903564453,3.198786973953247,3.198786973953247,76153
2015-12-21,1.8542972803115845,3.4430289268493652,3.529695987701416,3.387877941131592,3.5218169689178467,111692
2015-12-22,1.7694323062896729,3.2854530811309814,3.4193930625915527,3.2854530811309814,3.4193930625915527,20307
2015-12-23,1.8076221942901611,3.35636305809021,3.364240884780884,3.2539379596710205,3.2539379596710205,55846
2015-12-24,1.7821625471115112,3.3090898990631104,3.387877941131592,3.2066659927368164,3.2066659927368164,40615
2015-12-28,1.9009734392166138,3.529695987701416,3.569089889526367,3.506058931350708,3.5533320903778076,1528154
2015-12-29,1.9009734392166138,3.529695987701416,3.5375750064849854,3.529695987701416,3.5375750064849854,543230
2015-12-30,1.8924864530563354,3.5139379501342773,3.529695987701416,3.5139379501342773,3.529695987701416,152307
2015-12-31,1.8500537872314453,3.435149908065796,3.4666659832000732,3.435149908065796,3.4666659832000732,40615
2016-01-04,1.790648341178894,3.3248469829559326,3.387877941131592,3.3248469829559326,3.387877941131592,233538
2016-01-05,1.7948917150497437,3.332726001739502,3.3957560062408447,3.3169689178466797,3.3169689178466797,60923
2016-01-06,1.7948917150497437,3.332726001739502,3.332726001739502,3.332726001739502,3.332726001739502,0
2016-01-07,1.72700035572052,3.2066659927368164,3.3090898990631104,3.2145440578460693,3.3090898990631104,215769
2016-01-08,1.6463783979415894,3.056968927383423,3.2539379596710205,3.033332109451294,3.230302095413208,614307
2016-01-11,1.6463783979415894,3.056968927383423,3.0806050300598145,2.9939379692077637,2.9939379692077637,370615
2016-01-12,1.659108281135559,3.0806050300598145,3.1199989318847656,3.056968927383423,3.1121199131011963,91384
2016-01-13,1.671837568283081,3.104240894317627,3.1515140533447266,3.096363067626953,3.1199989318847656,71076
2016-01-14,1.659108281135559,3.0806050300598145,3.0806050300598145,3.056968927383423,3.056968927383423,126923
2016-01-15,1.6378918886184692,3.041210889816284,3.0806050300598145,3.041210889816284,3.0806050300598145,15230
2016-01-18,1.6378918886184692,3.041210889816284,3.041210889816284,3.041210889816284,3.041210889816284,25384
2016-01-19,1.6378918886184692,3.041210889816284,3.041210889816284,3.041210889816284,3.041210889816284,0
2016-01-20,1.6336486339569092,3.033332109451294,3.041210889816284,3.0175750255584717,3.0175750255584717,60923
2016-01-21,1.6336486339569092,3.033332109451294,3.033332109451294,3.033332109451294,3.033332109451294,0
2016-01-22,1.659108281135559,3.0806050300598145,3.1515140533447266,3.056968927383423,3.072726011276245,132000
2016-01-25,1.659108281135559,3.0806050300598145,3.0806050300598145,3.0806050300598145,3.0806050300598145,0
2016-01-26,1.616675615310669,3.001816987991333,3.0806050300598145,3.001816987991333,3.0806050300598145,10153
2016-01-27,1.5954593420028687,2.962423086166382,3.056968927383423,2.757575035095215,3.001816987991333,162461
2016-01-28,1.5954593420028687,2.962423086166382,2.970302104949951,2.8521199226379395,2.8521199226379395,45692
2016-01-29,1.591215968132019,2.9545440673828125,2.962423086166382,2.6866660118103027,2.962423086166382,309692
2016-02-01,1.5997028350830078,2.970302104949951,2.9781808853149414,2.9151499271392822,2.9466660022735596,86307
2016-02-02,1.608189582824707,2.9860599040985107,3.001816987991333,2.84424090385437,2.84424090385437,101538
2016-02-03,1.608189582824707,2.9860599040985107,2.9939379692077637,2.9151499271392822,2.9545440673828125,228461
2016-02-04,1.608189582824707,2.9860599040985107,2.9939379692077637,2.9860599040985107,2.9939379692077637,71076
2016-02-05,1.6124322414398193,2.9939379692077637,2.9939379692077637,2.9545440673828125,2.9939379692077637,86307
2016-02-11,1.6124322414398193,2.9939379692077637,2.9939379692077637,2.9939379692077637,2.9939379692077637,0
2016-02-12,1.6124322414398193,2.9939379692077637,2.9939379692077637,2.757575035095215,2.9151499271392822,91384
2016-02-15,1.5699996948242188,2.9151499271392822,3.033332109451294,2.8521199226379395,3.033332109451294,55846
2016-02-16,1.5784865617752075,2.930907964706421,2.930907964706421,2.9072721004486084,2.9151499271392822,111692
2016-02-17,1.5699996948242188,2.9151499271392822,2.9387869834899902,2.9151499271392822,2.9387869834899902,50769
2016-02-18,1.6506216526031494,3.064846992492676,3.127877950668335,3.033332109451294,3.033332109451294,162461
2016-02-19,1.5954593420028687,2.962423086166382,3.072726011276245,2.930907964706421,3.072726011276245,50769
2016-02-22,1.654865026473999,3.072726011276245,3.1515140533447266,3.0490899085998535,3.1357569694519043,573692
2016-02-23,1.6760812997817993,3.1121199131011963,3.1121199131011963,3.072726011276245,3.072726011276245,228461
2016-02-24,1.654865026473999,3.072726011276245,3.072726011276245,2.9781808853149414,3.072726011276245,243692
2016-02-25,1.654865026473999,3.072726011276245,3.072726011276245,3.072726011276245,3.072726011276245,0
2016-02-26,1.654865026473999,3.072726011276245,3.072726011276245,3.072726011276245,3.072726011276245,0
2016-02-29,1.654865026473999,3.072726011276245,3.033332109451294,2.9939379692077637,3.033332109451294,81230
2016-03-01,1.6336486339569092,3.033332109451294,3.1357569694519043,2.765454053878784,3.072726011276245,2477538
2016-03-02,1.654865026473999,3.072726011276245,3.1121199131011963,2.9860599040985107,3.072726011276245,868154
2016-03-03,1.591215968132019,2.9545440673828125,3.104240894317627,2.9151499271392822,3.104240894317627,203076
2016-03-04,1.608189582824707,2.9860599040985107,3.001816987991333,2.962423086166382,2.9939379692077637,86307
2016-03-07,1.6506216526031494,3.064846992492676,3.064846992492676,3.064846992492676,3.064846992492676,40615
2016-03-08,1.6760812997817993,3.1121199131011963,3.1121199131011963,3.033332109451294,3.064846992492676,66000
2016-03-09,1.6378918886184692,3.041210889816284,3.041210889816284,3.033332109451294,3.041210889816284,25384
2016-03-10,1.6378918886184692,3.041210889816284,3.041210889816284,3.033332109451294,3.041210889816284,76153
2016-03-11,1.6378918886184692,3.041210889816284,3.096363067626953,3.033332109451294,3.096363067626953,40615
2016-03-14,1.6124322414398193,2.9939379692077637,2.9939379692077637,2.962423086166382,2.9939379692077637,60923
2016-03-15,1.6124322414398193,2.9939379692077637,2.9939379692077637,2.9545440673828125,2.962423086166382,142153
2016-03-16,1.6378918886184692,3.041210889816284,3.064846992492676,3.033332109451294,3.0490899085998535,294461
2016-03-17,1.6124322414398193,2.9939379692077637,3.041210889816284,2.9939379692077637,3.033332109451294,269076
2016-03-18,1.591215968132019,2.9545440673828125,2.9781808853149414,2.9545440673828125,2.970302104949951,132000
2016-03-21,1.5657570362091064,2.9072721004486084,2.9781808853149414,2.8836350440979004,2.9545440673828125,182769
2016-03-22,1.591215968132019,2.9545440673828125,3.033332109451294,2.9151499271392822,3.0254530906677246,294461
2016-03-23,1.608189582824707,2.9860599040985107,3.001816987991333,2.765454053878784,2.8836350440979004,802153
2016-03-24,1.608189582824707,2.9860599040985107,2.9860599040985107,2.84424090385437,2.9387869834899902,116769
2016-03-29,1.6294052600860596,3.0254530906677246,3.0254530906677246,2.84424090385437,2.970302104949951,203076
2016-03-30,1.625162124633789,3.0175750255584717,3.0254530906677246,2.8836350440979004,3.0254530906677246,147230
2016-03-31,1.6124322414398193,2.9939379692077637,3.0175750255584717,2.8915140628814697,3.0175750255584717,192923
2016-04-01,1.608189582824707,2.9860599040985107,2.9860599040985107,2.8757569789886475,2.9781808853149414,218307
2016-04-05,1.5869734287261963,2.9466660022735596,2.9545440673828125,2.8836350440979004,2.9545440673828125,279230
2016-04-06,1.6209189891815186,3.0096960067749023,3.033332109451294,2.9230289459228516,2.9230289459228516,147230
2016-04-07,1.6209189891815186,3.0096960067749023,3.0175750255584717,2.9781808853149414,3.001816987991333,76153
2016-04-08,1.6336486339569092,3.033332109451294,3.033332109451294,2.9939379692077637,3.0175750255584717,147230
2016-04-11,1.6336486339569092,3.033332109451294,3.033332109451294,2.9939379692077637,3.001816987991333,116769
2016-04-12,1.6209189891815186,3.0096960067749023,3.0490899085998535,2.9781808853149414,3.041210889816284,96461
2016-04-13,1.6124322414398193,2.9939379692077637,3.0254530906677246,2.9939379692077637,3.0254530906677246,121846
2016-04-14,1.616675615310669,3.001816987991333,3.0175750255584717,2.970302104949951,3.0175750255584717,20307
2016-04-15,1.6209189891815186,3.0096960067749023,3.0175750255584717,2.962423086166382,2.962423086166382,15230
2016-04-18,1.6209189891815186,3.0096960067749023,3.0096960067749023,3.0096960067749023,3.0096960067749023,0
2016-04-19,1.6209189891815186,3.0096960067749023,3.0096960067749023,2.9545440673828125,2.9545440673828125,30461
2016-04-20,1.6209189891815186,3.0096960067749023,3.0096960067749023,2.9545440673828125,2.9545440673828125,66000
2016-04-21,1.5954593420028687,2.962423086166382,3.0254530906677246,2.9545440673828125,2.9545440673828125,304615
2016-04-22,1.6336486339569092,3.033332109451294,3.033332109451294,2.9151499271392822,2.9151499271392822,147230
2016-04-25,1.6336486339569092,3.033332109451294,3.033332109451294,3.033332109451294,3.033332109451294,0
2016-04-26,1.6336486339569092,3.033332109451294,3.033332109451294,3.033332109451294,3.033332109451294,0
2016-04-27,1.625162124633789,3.0175750255584717,3.0175750255584717,2.9545440673828125,2.9781808853149414,55846
2016-04-28,1.608189582824707,2.9860599040985107,2.9860599040985107,2.9860599040985107,2.9860599040985107,101538
2016-04-29,1.5784865617752075,2.930907964706421,2.930907964706421,2.930907964706421,2.930907964706421,15230
2016-05-03,1.6336486339569092,3.033332109451294,3.033332109451294,3.033332109451294,3.033332109451294,50769
2016-05-04,1.6336486339569092,3.033332109451294,3.033332109451294,3.033332109451294,3.033332109451294,0
2016-05-05,1.608189582824707,2.9860599040985107,2.9860599040985107,2.9781808853149414,2.9781808853149414,25384
2016-05-06,1.5997028350830078,2.970302104949951,2.9781808853149414,2.9781808853149414,2.9781808853149414,10153
2016-05-09,1.5997028350830078,2.970302104949951,2.9939379692077637,2.8757569789886475,2.9939379692077637,182769
2016-05-10,1.5954593420028687,2.962423086166382,2.970302104949951,2.899393081665039,2.899393081665039,76153
2016-05-11,1.5954593420028687,2.962423086166382,2.962423086166382,2.962423086166382,2.962423086166382,5076
2016-05-12,1.5954593420028687,2.962423086166382,2.962423086166382,2.962423086166382,2.962423086166382,0
2016-05-13,1.6039460897445679,2.9781808853149414,2.9860599040985107,2.930907964706421,2.9545440673828125,172615
2016-05-16,1.5827298164367676,2.9387869834899902,2.962423086166382,2.9387869834899902,2.9387869834899902,60923
2016-05-17,1.591215968132019,2.9545440673828125,2.9545440673828125,2.9151499271392822,2.9387869834899902,60923
2016-05-18,1.591215968132019,2.9545440673828125,2.9545440673828125,2.9545440673828125,2.9545440673828125,0
2016-05-19,1.591215968132019,2.9545440673828125,3.0254530906677246,2.9545440673828125,2.9939379692077637,50769
2016-05-20,1.5827298164367676,2.9387869834899902,2.9387869834899902,2.9151499271392822,2.9151499271392822,86307
2016-05-23,1.5827298164367676,2.9387869834899902,2.9545440673828125,2.9151499271392822,2.9151499271392822,60923
2016-05-24,1.6209189891815186,3.0096960067749023,3.0096960067749023,2.9151499271392822,2.9545440673828125,380769
2016-05-25,1.5997028350830078,2.970302104949951,2.9860599040985107,2.9230289459228516,2.9230289459228516,101538
2016-05-26,1.6124322414398193,2.9939379692077637,2.9939379692077637,2.9781808853149414,2.9781808853149414,10153
2016-05-27,1.6124322414398193,2.9939379692077637,2.9939379692077637,2.9939379692077637,2.9939379692077637,0
2016-05-30,1.6336486339569092,3.033332109451294,3.033332109451294,2.9939379692077637,2.9939379692077637,40615
2016-05-31,1.616675615310669,3.001816987991333,3.0175750255584717,3.0096960067749023,3.0096960067749023,121846
2016-06-01,1.5742430686950684,2.9230289459228516,2.9860599040985107,2.9151499271392822,2.930907964706421,86307
2016-06-02,1.5742430686950684,2.9230289459228516,2.9545440673828125,2.899393081665039,2.9230289459228516,157384
2016-06-03,1.5657570362091064,2.9072721004486084,2.9151499271392822,2.9072721004486084,2.9072721004486084,81230
2016-06-06,1.5699996948242188,2.9151499271392822,2.9939379692077637,2.899393081665039,2.9072721004486084,253846
2016-06-07,1.5657570362091064,2.9072721004486084,2.9072721004486084,2.8836350440979004,2.899393081665039,86307
2016-06-08,1.5827298164367676,2.9387869834899902,2.9545440673828125,2.899393081665039,2.899393081665039,182769
2016-06-10,1.5827298164367676,2.9387869834899902,2.9387869834899902,2.9387869834899902,2.9387869834899902,0
2016-06-13,1.5827298164367676,2.9387869834899902,2.9860599040985107,2.859998941421509,2.9072721004486084,96461
2016-06-14,1.5827298164367676,2.9387869834899902,2.9387869834899902,2.9387869834899902,2.9387869834899902,0
2016-06-15,1.5742430686950684,2.9230289459228516,2.9230289459228516,2.867877960205078,2.8757569789886475,91384
2016-06-16,1.5699996948242188,2.9151499271392822,2.9860599040985107,2.867877960205078,2.9781808853149414,96461
2016-06-17,1.6336486339569092,3.033332109451294,3.056968927383423,2.8757569789886475,2.8757569789886475,654923
2016-06-20,1.6336486339569092,3.033332109451294,3.033332109451294,3.033332109451294,3.033332109451294,66000
2016-06-21,1.6294052600860596,3.0254530906677246,3.0254530906677246,2.9072721004486084,3.0254530906677246,121846
2016-06-22,1.6294052600860596,3.0254530906677246,3.033332109451294,2.9151499271392822,2.9230289459228516,81230
2016-06-23,1.6294052600860596,3.0254530906677246,3.0254530906677246,3.0254530906677246,3.0254530906677246,0
2016-06-24,1.6124322414398193,2.9939379692077637,2.9939379692077637,2.9151499271392822,2.9151499271392822,60923
2016-06-27,1.6336486339569092,3.033332109451294,3.001816987991333,2.9939379692077637,3.001816987991333,76153
2016-06-28,1.6209189891815186,3.0096960067749023,3.0254530906677246,2.930907964706421,2.930907964706421,30461
2016-06-29,1.6209189891815186,3.0096960067749023,3.0096960067749023,2.9466660022735596,2.9545440673828125,35538
2016-06-30,1.6209189891815186,3.0096960067749023,3.0096960067749023,3.0096960067749023,3.0096960067749023,0
2016-07-04,1.6124322414398193,2.9939379692077637,3.001816987991333,2.9939379692077637,3.001816987991333,10153
2016-07-05,1.6124322414398193,2.9939379692077637,2.9939379692077637,2.9939379692077637,2.9939379692077637,0
2016-07-06,1.6124322414398193,2.9939379692077637,2.9939379692077637,2.9939379692077637,2.9939379692077637,0
2016-07-07,1.6124322414398193,2.9939379692077637,2.9939379692077637,2.9939379692077637,2.9939379692077637,0
2016-07-08,1.608189582824707,2.9860599040985107,2.9860599040985107,2.9387869834899902,2.9387869834899902,10153
2016-07-11,1.608189582824707,2.9860599040985107,2.9860599040985107,2.9860599040985107,2.9860599040985107,0
2016-07-12,1.608189582824707,2.9860599040985107,2.9860599040985107,2.9860599040985107,2.9860599040985107,0
2016-07-13,1.608189582824707,2.9860599040985107,2.9860599040985107,2.9860599040985107,2.9860599040985107,0
2016-07-14,1.608189582824707,2.9860599040985107,2.9860599040985107,2.9860599040985107,2.9860599040985107,0
2016-07-15,1.608189582824707,2.9860599040985107,2.9860599040985107,2.9860599040985107,2.9860599040985107,0
2016-07-18,1.6124322414398193,2.9939379692077637,2.9939379692077637,2.9151499271392822,2.9230289459228516,162461
2016-07-19,1.608189582824707,2.9860599040985107,2.9860599040985107,2.9387869834899902,2.9387869834899902,20307
2016-07-20,1.6124322414398193,2.9939379692077637,2.9939379692077637,2.930907964706421,2.9545440673828125,162461
2016-07-21,1.6124322414398193,2.9939379692077637,2.9939379692077637,2.9939379692077637,2.9939379692077637,0
2016-07-22,1.608189582824707,2.9860599040985107,2.9860599040985107,2.9781808853149414,2.9781808853149414,10153
2016-07-25,1.5954593420028687,2.962423086166382,2.962423086166382,2.962423086166382,2.962423086166382,25384
2016-07-26,1.5742430686950684,2.9230289459228516,2.962423086166382,2.9230289459228516,2.9466660022735596,40615
2016-07-27,1.5699996948242188,2.9151499271392822,2.9151499271392822,2.9151499271392822,2.9151499271392822,20307
2016-07-28,1.5615137815475464,2.899393081665039,2.8915140628814697,2.8836350440979004,2.8836350440979004,126923
2016-07-29,1.5615137815475464,2.899393081665039,2.899393081665039,2.899393081665039,2.899393081665039,0
2016-08-01,1.5233243703842163,2.828484058380127,2.8757569789886475,2.8127260208129883,2.84424090385437,167538
2016-08-02,1.5233243703842163,2.828484058380127,2.828484058380127,2.828484058380127,2.828484058380127,0
2016-08-03,1.5233243703842163,2.828484058380127,2.828484058380127,2.7496960163116455,2.757575035095215,35538
2016-08-04,1.455432415008545,2.702423095703125,2.765454053878784,2.4818170070648193,2.765454053878784,406153
2016-08-05,1.4851353168487549,2.757575035095215,2.765454053878784,2.702423095703125,2.702423095703125,86307
2016-08-08,1.5105944871902466,2.804847002029419,2.84424090385437,2.765454053878784,2.765454053878784,35538
2016-08-09,1.5105944871902466,2.804847002029419,2.804847002029419,2.804847002029419,2.804847002029419,0
2016-08-10,1.5105944871902466,2.804847002029419,2.804847002029419,2.804847002029419,2.804847002029419,25384
2016-08-11,1.5105944871902466,2.804847002029419,2.804847002029419,2.804847002029419,2.804847002029419,0
2016-08-12,1.5105944871902466,2.804847002029419,2.804847002029419,2.804847002029419,2.804847002029419,0
2016-08-15,1.5105944871902466,2.804847002029419,2.804847002029419,2.804847002029419,2.804847002029419,0
2016-08-16,1.5105944871902466,2.804847002029419,2.804847002029419,2.7496960163116455,2.7496960163116455,60923
2016-08-17,1.4681624174118042,2.726059913635254,2.757575035095215,2.726059913635254,2.757575035095215,30461
2016-08-18,1.5997028350830078,2.970302104949951,2.9860599040985107,2.757575035095215,2.757575035095215,619384
2016-08-19,1.5487841367721558,2.8757569789886475,2.899393081665039,2.8757569789886475,2.899393081665039,25384
2016-08-22,1.5275678634643555,2.8363630771636963,2.8363630771636963,2.8363630771636963,2.8363630771636963,25384
2016-08-23,1.5997028350830078,2.970302104949951,2.9939379692077637,2.8363630771636963,2.8363630771636963,385846
2016-08-24,1.6039460897445679,2.9781808853149414,2.9939379692077637,2.9939379692077637,2.9939379692077637,25384
2016-08-25,1.608189582824707,2.9860599040985107,2.9939379692077637,2.84424090385437,2.9939379692077637,142153
2016-08-26,1.608189582824707,2.9860599040985107,2.9939379692077637,2.8915140628814697,2.9860599040985107,233538
2016-08-29,1.608189582824707,2.9860599040985107,2.9939379692077637,2.9860599040985107,2.9860599040985107,45692
2016-08-30,1.591215968132019,2.9545440673828125,2.9545440673828125,2.9466660022735596,2.9545440673828125,304615
2016-08-31,1.5997028350830078,2.970302104949951,2.9939379692077637,2.970302104949951,2.9860599040985107,86307
2016-09-01,1.608189582824707,2.9860599040985107,2.9939379692077637,2.9230289459228516,2.9781808853149414,172615
2016-09-02,1.608189582824707,2.9860599040985107,2.9939379692077637,2.9781808853149414,2.9860599040985107,96461
2016-09-05,1.608189582824707,2.9860599040985107,2.9939379692077637,2.930907964706421,2.9860599040985107,370615
2016-09-06,1.608189582824707,2.9860599040985107,2.9939379692077637,2.9151499271392822,2.9939379692077637,121846
2016-09-07,1.608189582824707,2.9860599040985107,2.9939379692077637,2.9466660022735596,2.9939379692077637,294461
2016-09-08,1.6124322414398193,2.9939379692077637,3.0096960067749023,2.9545440673828125,2.9860599040985107,594000
2016-09-09,1.6124322414398193,2.9939379692077637,2.9939379692077637,2.9466660022735596,2.9860599040985107,309692
2016-09-12,1.608189582824707,2.9860599040985107,2.9939379692077637,2.9466660022735596,2.9860599040985107,228461
2016-09-13,1.6039460897445679,2.9781808853149414,2.9860599040985107,2.9545440673828125,2.9860599040985107,152307
2016-09-14,1.608189582824707,2.9860599040985107,2.9860599040985107,2.9860599040985107,2.9860599040985107,50769
2016-09-15,1.608189582824707,2.9860599040985107,2.9860599040985107,2.962423086166382,2.9860599040985107,50769
2016-09-19,1.608189582824707,2.9860599040985107,2.9939379692077637,2.930907964706421,2.9860599040985107,76153
2016-09-20,1.6039460897445679,2.9781808853149414,2.9860599040985107,2.962423086166382,2.9860599040985107,60923
2016-09-21,1.6039460897445679,2.9781808853149414,2.9939379692077637,2.9151499271392822,2.9939379692077637,101538
2016-09-22,1.608189582824707,2.9860599040985107,3.001816987991333,2.9860599040985107,2.9860599040985107,55846
2016-09-23,1.6124322414398193,2.9939379692077637,2.9939379692077637,2.9781808853149414,2.9860599040985107,182769
2016-09-26,1.6039460897445679,2.9781808853149414,2.9939379692077637,2.9230289459228516,2.9939379692077637,258923
2016-09-27,1.6039460897445679,2.9781808853149414,2.9939379692077637,2.970302104949951,2.9939379692077637,218307
2016-09-28,1.6039460897445679,2.9781808853149414,2.9781808853149414,2.970302104949951,2.9781808853149414,106615
2016-09-29,1.6039460897445679,2.9781808853149414,2.9781808853149414,2.9781808853149414,2.9781808853149414,40615
2016-09-30,1.6039460897445679,2.9781808853149414,2.9781808853149414,2.970302104949951,2.9781808853149414,55846
2016-10-03,1.6039460897445679,2.9781808853149414,2.9781808853149414,2.970302104949951,2.9781808853149414,116769
2016-10-04,1.6039460897445679,2.9781808853149414,2.9781808853149414,2.9230289459228516,2.9781808853149414,147230
2016-10-05,1.6039460897445679,2.9781808853149414,2.9781808853149414,2.9781808853149414,2.9781808853149414,462000
2016-10-06,1.6039460897445679,2.9781808853149414,2.9781808853149414,2.9781808853149414,2.9781808853149414,25384
2016-10-07,1.5997028350830078,2.970302104949951,2.9781808853149414,2.9387869834899902,2.9781808853149414,60923
2016-10-11,1.591215968132019,2.9545440673828125,2.9781808853149414,2.899393081665039,2.9781808853149414,436615
2016-10-12,1.608189582824707,2.9860599040985107,2.9939379692077637,2.9466660022735596,2.9939379692077637,274153
2016-10-13,1.5827298164367676,2.9387869834899902,2.9860599040985107,2.9387869834899902,2.9860599040985107,198000
2016-10-14,1.6039460897445679,2.9781808853149414,2.9860599040985107,2.970302104949951,2.9781808853149414,319846
2016-10-17,1.591215968132019,2.9545440673828125,2.9860599040985107,2.9545440673828125,2.9860599040985107,35538
2016-10-18,1.6039460897445679,2.9781808853149414,2.9781808853149414,2.9545440673828125,2.9781808853149414,40615
2016-10-19,1.6039460897445679,2.9781808853149414,2.9781808853149414,2.9781808853149414,2.9781808853149414,25384
2016-10-20,1.6039460897445679,2.9781808853149414,2.9781808853149414,2.9545440673828125,2.9545440673828125,213230
2016-10-21,1.6039460897445679,2.9781808853149414,2.9781808853149414,2.9781808853149414,2.9781808853149414,0
2016-10-24,1.6039460897445679,2.9781808853149414,2.9939379692077637,2.9781808853149414,2.9781808853149414,248769
2016-10-25,1.6124322414398193,2.9939379692077637,2.9939379692077637,2.9860599040985107,2.9860599040985107,248769
2016-10-26,1.6124322414398193,2.9939379692077637,2.9939379692077637,2.970302104949951,2.9939379692077637,350307
2016-10-27,1.6888113021850586,3.1357569694519043,3.1357569694519043,2.9860599040985107,2.9860599040985107,609230
2016-10-28,1.6463783979415894,3.056968927383423,3.088484048843384,3.056968927383423,3.088484048843384,30461
2016-10-31,1.6463783979415894,3.056968927383423,3.056968927383423,3.056968927383423,3.056968927383423,50769
2016-11-01,1.6336486339569092,3.033332109451294,3.056968927383423,2.9860599040985107,3.056968927383423,289384
2016-11-02,1.6294052600860596,3.0254530906677246,3.033332109451294,3.0254530906677246,3.033332109451294,55846
2016-11-03,1.6209189891815186,3.0096960067749023,3.033332109451294,2.970302104949951,2.9939379692077637,446769
2016-11-04,1.6336486339569092,3.033332109451294,3.033332109451294,3.033332109451294,3.033332109451294,30461
2016-11-07,1.6294052600860596,3.0254530906677246,3.0254530906677246,2.9545440673828125,2.962423086166382,91384
2016-11-08,1.625162124633789,3.0175750255584717,3.0254530906677246,2.962423086166382,3.0254530906677246,96461
2016-11-09,1.625162124633789,3.0175750255584717,3.033332109451294,2.9466660022735596,3.033332109451294,50769
2016-11-10,1.625162124633789,3.0175750255584717,3.033332109451294,3.0175750255584717,3.033332109451294,116769
2016-11-11,1.6336486339569092,3.033332109451294,3.0175750255584717,2.9860599040985107,2.9939379692077637,177692
2016-11-14,1.6378918886184692,3.041210889816284,3.072726011276245,2.757575035095215,2.757575035095215,264000
2016-11-15,1.625162124633789,3.0175750255584717,3.0254530906677246,2.970302104949951,2.970302104949951,355384
2016-11-16,1.625162124633789,3.0175750255584717,3.1357569694519043,3.0096960067749023,3.0175750255584717,685384
2016-11-17,1.6336486339569092,3.033332109451294,3.064846992492676,2.9939379692077637,3.064846992492676,314769
2016-11-18,1.654865026473999,3.072726011276245,3.0806050300598145,3.033332109451294,3.041210889816284,350307
2016-11-21,1.6463783979415894,3.056968927383423,3.072726011276245,3.033332109451294,3.072726011276245,264000
2016-11-22,1.6209189891815186,3.0096960067749023,3.033332109451294,3.0096960067749023,3.033332109451294,76153
2016-11-23,1.7312432527542114,3.2145440578460693,3.2145440578460693,3.0175750255584717,3.041210889816284,939230
2016-11-24,1.8797569274902344,3.490302085876465,3.5454530715942383,3.2460598945617676,3.364240884780884,1375846
2016-11-25,1.8797569274902344,3.490302085876465,3.5375750064849854,3.3799989223480225,3.4193930625915527,507692
2016-11-28,1.9052166938781738,3.5375750064849854,3.5848469734191895,3.4430289268493652,3.498181104660034,1337769
2016-11-29,1.9306756258010864,3.5848469734191895,3.687272071838379,3.506058931350708,3.6163620948791504,1188000
2016-11-30,1.9603784084320068,3.6399989128112793,3.6557559967041016,3.5848469734191895,3.5848469734191895,802153
2016-12-01,1.9434056282043457,3.6084840297698975,3.663635015487671,3.6084840297698975,3.6399989128112793,223384
2016-12-02,2.10040545463562,3.899998903274536,3.9236350059509277,3.7424230575561523,3.7424230575561523,2279538
2016-12-05,2.299838066101074,4.270301818847656,4.293938159942627,3.899998903274536,3.899998903274536,2980154
2016-12-06,2.3634870052337646,4.388484001159668,4.648484230041504,4.254543781280518,4.32545280456543,3218769
2016-12-07,2.503514528274536,4.648484230041504,4.79030179977417,4.4121198654174805,4.490908145904541,3066462
2016-12-08,2.503514528274536,4.648484230041504,4.766664981842041,4.498786926269531,4.687877178192139,1188000
2016-12-09,2.397432565689087,4.451513767242432,4.656362056732178,4.364847183227539,4.585453033447266,1634769
2016-12-12,2.312567710876465,4.293938159942627,4.6090898513793945,4.128483772277832,4.451513767242432,1157538
2016-12-13,2.3337838649749756,4.333332061767578,4.443634986877441,4.065453052520752,4.293938159942627,1416461
2016-12-14,2.376216411590576,4.4121198654174805,4.5460591316223145,4.40424108505249,4.5145440101623535,2497846
2016-12-15,2.376216411590576,4.4121198654174805,4.435756206512451,4.372725963592529,4.4121198654174805,858000
2016-12-16,2.304081439971924,4.278181076049805,4.40424108505249,4.270301818847656,4.333332061767578,1411384
2016-12-19,2.291351079940796,4.254543781280518,4.396361827850342,4.152120113372803,4.262423038482666,1223538
2016-12-20,2.2701351642608643,4.215149879455566,4.262423038482666,4.183635234832764,4.254543781280518,979846
2016-12-21,2.2574057579040527,4.191514015197754,4.2860589027404785,4.175755977630615,4.175755977630615,903692
2016-12-22,2.189513683319092,4.065453052520752,4.183635234832764,3.9472720623016357,4.167878150939941,1736308
2016-12-23,2.168297529220581,4.026059150695801,4.081211090087891,4.0103020668029785,4.0103020668029785,2284615
2016-12-28,2.181027412414551,4.04969596862793,4.081211090087891,4.018180847167969,4.065453052520752,568615
2016-12-29,2.168297529220581,4.026059150695801,4.081211090087891,4.018180847167969,4.0418171882629395,1644923
2016-12-30,2.176784038543701,4.0418171882629395,4.057575225830078,4.018180847167969,4.04969596862793,192923
2017-01-03,2.083432674407959,3.8684840202331543,4.065453052520752,3.821211099624634,4.065453052520752,822461
2017-01-04,1.9943245649337769,3.703028917312622,3.9393930435180664,3.6951498985290527,3.9393930435180664,675230
2017-01-05,1.9900810718536377,3.6951498985290527,3.7818169593811035,3.600605010986328,3.7818169593811035,1863231
2017-01-06,2.0664594173431396,3.836967945098877,3.9866650104522705,3.6951498985290527,3.703028917312622,2279538
2017-01-09,2.0282702445983887,3.766058921813965,3.821211099624634,3.766058921813965,3.797574996948242,863077
2017-01-10,1.9773513078689575,3.6715140342712402,3.758181095123291,3.6715140342712402,3.758181095123291,456923
2017-01-11,1.9646220207214355,3.6478779315948486,3.7109079360961914,3.63211989402771,3.7109079360961914,1477384
2017-01-12,1.9646220207214355,3.6478779315948486,3.7424230575561523,3.63211989402771,3.703028917312622,385846
2017-01-13,1.9306756258010864,3.5848469734191895,3.6399989128112793,3.5533320903778076,3.63211989402771,269076
2017-01-16,1.8967299461364746,3.5218169689178467,3.6557559967041016,3.5139379501342773,3.5848469734191895,660000
2017-01-17,1.9434056282043457,3.6084840297698975,3.687272071838379,3.498181104660034,3.498181104660034,751384
2017-01-18,1.9815948009490967,3.6793930530548096,3.6793930530548096,3.6084840297698975,3.6242411136627197,187846
2017-01-19,1.9773513078689575,3.6715140342712402,3.7266650199890137,3.6084840297698975,3.7266650199890137,319846
2017-01-20,2.0197839736938477,3.7503020763397217,3.7503020763397217,3.6399989128112793,3.6399989128112793,446769
2017-01-23,2.074946165084839,3.8527259826660156,3.8684840202331543,3.7109079360961914,3.7109079360961914,335076
2017-01-24,2.121622085571289,3.9393930435180664,3.99454402923584,3.797574996948242,3.797574996948242,1538307
2017-01-25,2.121622085571289,3.9393930435180664,3.9866650104522705,3.899998903274536,3.9866650104522705,243692
2017-01-26,2.2404327392578125,4.159998893737793,4.191514015197754,4.00242280960083,4.026059150695801,868154
2017-01-27,2.2404327392578125,4.159998893737793,4.159998893737793,4.096968173980713,4.104846954345703,152307
2017-02-01,2.2319462299346924,4.144240856170654,4.152120113372803,4.073331832885742,4.096968173980713,482307
2017-02-02,2.189513683319092,4.065453052520752,4.144240856170654,4.018180847167969,4.018180847167969,291933
2017-02-03,2.2277026176452637,4.136362075805664,4.175755977630615,4.0418171882629395,4.0418171882629395,467077
2017-02-06,2.1852707862854004,4.057575225830078,4.159998893737793,4.033937931060791,4.136362075805664,792000
2017-02-07,2.121622085571289,3.9393930435180664,4.065453052520752,3.9393930435180664,4.057575225830078,522923
2017-02-08,2.1640543937683105,4.018180847167969,4.096968173980713,3.9551498889923096,3.963028907775879,472153
2017-02-09,2.1428382396698,3.9787869453430176,4.104846954345703,3.963028907775879,3.963028907775879,776769
2017-02-10,2.147081136703491,3.9866650104522705,4.065453052520752,3.9709079265594482,4.018180847167969,842769
2017-02-13,2.1555674076080322,4.00242280960083,4.096968173980713,4.00242280960083,4.096968173980713,172615
2017-02-14,2.15981125831604,4.0103020668029785,4.033937931060791,3.963028907775879,4.033937931060791,462000
2017-02-15,2.1428382396698,3.9787869453430176,4.04969596862793,3.9393930435180664,3.9787869453430176,517846
2017-02-16,2.1385951042175293,3.9709079265594482,4.026059150695801,3.8842411041259766,4.018180847167969,1000154
2017-02-17,2.121622085571289,3.9393930435180664,3.9709079265594482,3.9078779220581055,3.9709079265594482,436615
2017-02-20,2.1258654594421387,3.9472720623016357,3.99454402923584,3.9236350059509277,3.99454402923584,1193077
2017-02-21,2.121622085571289,3.9393930435180664,3.9787869453430176,3.9236350059509277,3.9787869453430176,208153
2017-02-22,2.1088919639587402,3.9157559871673584,3.9709079265594482,3.892119884490967,3.9393930435180664,558461
2017-02-23,2.1343512535095215,3.963028907775879,4.018180847167969,3.9236350059509277,4.018180847167969,330000
2017-02-24,2.0919189453125,3.8842411041259766,3.9787869453430176,3.789695978164673,3.9787869453430176,995077
2017-02-27,2.07070255279541,3.8448469638824463,3.9551498889923096,3.836967945098877,3.9393930435180664,528000
2017-02-28,2.0791893005371094,3.860605001449585,3.9472720623016357,3.789695978164673,3.8527259826660156,1218461
2017-03-01,2.0919189453125,3.8842411041259766,3.931514024734497,3.829090118408203,3.899998903274536,888461
2017-03-02,2.0919189453125,3.8842411041259766,3.9157559871673584,3.829090118408203,3.8842411041259766,528000
2017-03-03,2.104649066925049,3.9078779220581055,3.9236350059509277,3.7818169593811035,3.821211099624634,1274307
2017-03-06,2.1088919639587402,3.9157559871673584,3.99454402923584,3.836967945098877,3.8448469638824463,1746461
2017-03-07,2.10040545463562,3.899998903274536,3.99454402923584,3.860605001449585,3.892119884490967,599077
2017-03-08,2.10040545463562,3.899998903274536,3.9236350059509277,3.8842411041259766,3.899998903274536,365538
2017-03-09,2.10040545463562,3.899998903274536,3.931514024734497,3.821211099624634,3.860605001449585,380769
2017-03-10,2.0961625576019287,3.892119884490967,3.9709079265594482,3.8448469638824463,3.8684840202331543,1243846
2017-03-13,2.0919189453125,3.8842411041259766,3.9787869453430176,3.829090118408203,3.8527259826660156,528000
2017-03-14,2.036756992340088,3.7818169593811035,3.899998903274536,3.7818169593811035,3.8842411041259766,558461
2017-03-15,2.0664594173431396,3.836967945098877,3.8448469638824463,3.734544038772583,3.7818169593811035,695538
2017-03-16,2.0664594173431396,3.836967945098877,3.8763620853424072,3.805453062057495,3.836967945098877,406153
2017-03-17,2.0876755714416504,3.8763620853424072,3.892119884490967,3.8448469638824463,3.892119884490967,388384
2017-03-20,2.121622085571289,3.9393930435180664,3.9393930435180664,3.8763620853424072,3.931514024734497,624461
2017-03-21,2.1385951042175293,3.9709079265594482,3.9709079265594482,3.860605001449585,3.899998903274536,462000
2017-03-22,2.1088919639587402,3.9157559871673584,3.963028907775879,3.8842411041259766,3.9078779220581055,385846
2017-03-23,2.0961625576019287,3.892119884490967,3.9551498889923096,3.8684840202331543,3.8842411041259766,771692
2017-03-24,2.0664594173431396,3.836967945098877,3.899998903274536,3.836967945098877,3.899998903274536,416307
2017-03-27,2.045243740081787,3.797574996948242,3.892119884490967,3.7818169593811035,3.797574996948242,456923
2017-03-28,2.015540838241577,3.7424230575561523,3.8684840202331543,3.7424230575561523,3.7503020763397217,1142307
2017-03-29,1.9943245649337769,3.703028917312622,3.829090118408203,3.6715140342712402,3.7266650199890137,563538
2017-03-30,1.9985675811767578,3.7109079360961914,3.8448469638824463,3.7109079360961914,3.7424230575561523,411230
2017-03-31,1.9943245649337769,3.703028917312622,3.7424230575561523,3.703028917312622,3.7266650199890137,20307
2017-04-03,2.0028109550476074,3.7187869548797607,3.805453062057495,3.6951498985290527,3.7109079360961914,360461
2017-04-05,2.0028109550476074,3.7187869548797607,3.836967945098877,3.7187869548797607,3.734544038772583,832615
2017-04-06,1.9858382940292358,3.687272071838379,3.797574996948242,3.687272071838379,3.734544038772583,822461
2017-04-07,1.9646220207214355,3.6478779315948486,3.6951498985290527,3.5848469734191895,3.6951498985290527,609230
2017-04-10,1.9476484060287476,3.6163620948791504,3.6951498985290527,3.592725992202759,3.6242411136627197,431538
2017-04-11,1.9391623735427856,3.600605010986328,3.6951498985290527,3.600605010986328,3.63211989402771,568615
2017-04-12,1.9094597101211548,3.5454530715942383,3.6715140342712402,3.5454530715942383,3.663635015487671,502615
2017-04-13,1.8882429599761963,3.506058931350708,3.687272071838379,3.506058931350708,3.561211109161377,929077
2017-04-18,1.8882429599761963,3.506058931350708,3.561211109161377,3.506058931350708,3.5533320903778076,396000
2017-04-19,1.8500537872314453,3.435149908065796,3.5848469734191895,3.4115140438079834,3.4666659832000732,477230
2017-04-20,1.8500537872314453,3.435149908065796,3.498181104660034,3.3090898990631104,3.3957560062408447,355384
2017-04-21,1.8670274019241333,3.4666659832000732,3.5769689083099365,3.3957560062408447,3.3957560062408447,502615
2017-04-24,1.8627840280532837,3.458786964416504,3.474544048309326,3.4115140438079834,3.474544048309326,86307
2017-04-25,1.816108226776123,3.372119903564453,3.498181104660034,3.332726001739502,3.4666659832000732,705692
2017-04-26,1.8076221942901611,3.35636305809021,3.4509079456329346,3.2775750160217285,3.427272081375122,355384
2017-04-27,1.8500537872314453,3.435149908065796,3.458786964416504,3.3406050205230713,3.3484840393066406,528000
2017-04-28,1.816108226776123,3.372119903564453,3.387877941131592,3.372119903564453,3.387877941131592,162461
2017-05-02,1.8118644952774048,3.364240884780884,3.4115140438079834,3.372119903564453,3.403635025024414,360461
2017-05-04,1.8245949745178223,3.387877941131592,3.4666659832000732,3.3484840393066406,3.403635025024414,1091538
2017-05-05,1.8670274019241333,3.4666659832000732,3.474544048309326,3.387877941131592,3.3957560062408447,639692
2017-05-08,1.820351243019104,3.3799989223480225,3.4509079456329346,3.35636305809021,3.427272081375122,269076
2017-05-09,1.816108226776123,3.372119903564453,3.372119903564453,3.3406050205230713,3.3484840393066406,350307
2017-05-10,1.7864056825637817,3.3169689178466797,3.4430289268493652,3.3169689178466797,3.387877941131592,731077
2017-05-11,1.7821625471115112,3.3090898990631104,3.3799989223480225,3.293332099914551,3.3090898990631104,487384
2017-05-12,1.8245949745178223,3.387877941131592,3.3957560062408447,3.35636305809021,3.372119903564453,238615
2017-05-15,1.8330810070037842,3.403635025024414,3.4430289268493652,3.3406050205230713,3.3484840393066406,883384
2017-05-16,2.036756992340088,3.7818169593811035,3.860605001449585,3.364240884780884,3.3799989223480225,1243846
2017-05-17,2.0791893005371094,3.860605001449585,4.018180847167969,3.7818169593811035,3.836967945098877,391557
2017-05-18,2.0299320220947266,3.6715140342712402,3.931514024734497,3.663635015487671,3.687272071838379,385846
2017-05-19,1.9994394779205322,3.6163620948791504,3.8527259826660156,3.561211109161377,3.6399989128112793,487384
2017-05-22,1.9907273054122925,3.600605010986328,3.6715140342712402,3.5218169689178467,3.569089889526367,441692
2017-05-23,2.0212199687957764,3.6557559967041016,3.663635015487671,3.4666659832000732,3.4666659832000732,345230
2017-05-24,2.038644790649414,3.687272071838379,3.766058921813965,3.6084840297698975,3.63211989402771,522923
2017-05-25,2.05171275138855,3.7109079360961914,3.7503020763397217,3.6557559967041016,3.6715140342712402,533077
2017-05-26,2.0212199687957764,3.6557559967041016,3.687272071838379,3.6242411136627197,3.687272071838379,299538
2017-05-29,1.9820151329040527,3.5848469734191895,3.734544038772583,3.5848469734191895,3.6478779315948486,614307
2017-05-31,1.9820151329040527,3.5848469734191895,3.6557559967041016,3.5454530715942383,3.6242411136627197,990000
2017-06-01,1.89924955368042,3.435149908065796,3.63211989402771,3.435149908065796,3.6242411136627197,649846
2017-06-02,1.9166743755340576,3.4666659832000732,3.529695987701416,3.3957560062408447,3.3957560062408447,924000
2017-06-05,1.8948941230773926,3.427272081375122,3.4666659832000732,3.3957560062408447,3.4666659832000732,477230
2017-06-06,1.8948941230773926,3.427272081375122,3.5139379501342773,3.3799989223480225,3.427272081375122,832615
2017-06-07,1.9820151329040527,3.5848469734191895,3.5848469734191895,3.403635025024414,3.427272081375122,1132154
2017-06-08,2.038644790649414,3.687272071838379,3.773937940597534,3.5769689083099365,3.5769689083099365,903692
2017-06-09,2.0691370964050293,3.7424230575561523,3.797574996948242,3.6557559967041016,3.663635015487671,797077
2017-06-12,2.103985548019409,3.805453062057495,3.8133320808410645,3.7109079360961914,3.7266650199890137,1071230
2017-06-13,2.095273494720459,3.789695978164673,3.8763620853424072,3.758181095123291,3.805453062057495,690461
2017-06-14,2.103985548019409,3.805453062057495,3.8684840202331543,3.773937940597534,3.797574996948242,477230
2017-06-15,2.125765800476074,3.8448469638824463,3.860605001449585,3.789695978164673,3.821211099624634,766615
2017-06-16,2.138834238052368,3.8684840202331543,3.9709079265594482,3.797574996948242,3.8448469638824463,1528154
2017-06-19,2.1780388355255127,3.9393930435180664,4.0103020668029785,3.8763620853424072,3.8763620853424072,533077
2017-06-20,2.1780388355255127,3.9393930435180664,3.963028907775879,3.860605001449585,3.9078779220581055,634615
2017-06-21,2.1431901454925537,3.8763620853424072,4.0103020668029785,3.860605001449585,3.899998903274536,873230
2017-06-22,2.1475460529327393,3.8842411041259766,3.9551498889923096,3.860605001449585,3.860605001449585,756461
2017-06-23,2.1649703979492188,3.9157559871673584,3.9472720623016357,3.8684840202331543,3.8684840202331543,548307
2017-06-26,2.1606149673461914,3.9078779220581055,3.9393930435180664,3.8842411041259766,3.899998903274536,142153
2017-06-27,2.1126978397369385,3.821211099624634,3.9393930435180664,3.789695978164673,3.860605001449585,1582731
2017-06-28,2.1431901454925537,3.8763620853424072,3.9236350059509277,3.8763620853424072,3.9157559871673584,426461
2017-06-29,2.1693267822265625,3.9236350059509277,3.9393930435180664,3.805453062057495,3.9236350059509277,1243846
2017-06-30,2.1344780921936035,3.860605001449585,4.00242280960083,3.860605001449585,3.899998903274536,1035692
2017-07-03,2.199819564819336,3.9787869453430176,3.9787869453430176,3.805453062057495,3.860605001449585,929077
2017-07-04,2.199819564819336,3.9787869453430176,4.033937931060791,3.9157559871673584,4.018180847167969,568615
2017-07-05,2.186750888824463,3.9551498889923096,4.033937931060791,3.9393930435180664,3.9709079265594482,218307
2017-07-06,2.1911070346832275,3.963028907775879,4.057575225830078,3.963028907775879,4.057575225830078,436615
2017-07-07,2.243380308151245,4.057575225830078,4.057575225830078,3.9078779220581055,3.9393930435180664,797077
2017-07-10,2.1780388355255127,3.9393930435180664,4.033937931060791,3.9078779220581055,4.018180847167969,832615
2017-07-11,2.2128872871398926,4.00242280960083,4.00242280960083,3.8684840202331543,3.9551498889923096,1005230
2017-07-12,2.221599817276001,4.018180847167969,4.057575225830078,3.9078779220581055,3.9472720623016357,883384
2017-07-13,2.2608041763305664,4.089089870452881,4.096968173980713,3.9787869453430176,4.018180847167969,1411384
2017-07-14,2.265160322189331,4.096968173980713,4.112726211547852,4.081211090087891,4.096968173980713,279230
2017-07-17,2.30000901222229,4.159998893737793,4.159998893737793,3.9472720623016357,3.9787869453430176,1066154
2017-07-18,2.252091884613037,4.073331832885742,4.246665000915527,4.04969596862793,4.120604991912842,436615
2017-07-19,2.265160322189331,4.096968173980713,4.230907917022705,4.065453052520752,4.144240856170654,568615
2017-07-20,2.252091884613037,4.073331832885742,4.136362075805664,3.99454402923584,4.136362075805664,660000
2017-07-21,2.265160322189331,4.096968173980713,4.159998893737793,4.033937931060791,4.081211090087891,502615
2017-07-24,2.2346677780151367,4.0418171882629395,4.136362075805664,4.0418171882629395,4.089089870452881,558461
2017-07-25,2.2259557247161865,4.026059150695801,4.089089870452881,3.9709079265594482,4.04969596862793,680307
2017-07-26,2.243380308151245,4.057575225830078,4.065453052520752,3.9866650104522705,4.026059150695801,482307
2017-07-27,2.2346677780151367,4.0418171882629395,4.136362075805664,4.033937931060791,4.065453052520752,116769
2017-07-28,2.243380308151245,4.057575225830078,4.104846954345703,4.026059150695801,4.033937931060791,390923
2017-07-31,2.2477359771728516,4.065453052520752,4.089089870452881,4.033937931060791,4.0418171882629395,360461
2017-08-01,2.1606149673461914,3.9078779220581055,4.033937931060791,3.899998903274536,4.026059150695801,528000
2017-08-02,2.1649703979492188,3.9157559871673584,3.99454402923584,3.8842411041259766,3.931514024734497,614307
2017-08-03,2.1823952198028564,3.9472720623016357,3.963028907775879,3.8842411041259766,3.892119884490967,609230
2017-08-04,2.173682928085327,3.931514024734497,4.081211090087891,3.931514024734497,3.9866650104522705,995077
2017-08-07,2.1693267822265625,3.9236350059509277,3.9472720623016357,3.899998903274536,3.9472720623016357,715846
2017-08-08,2.186750888824463,3.9551498889923096,3.9551498889923096,3.899998903274536,3.9393930435180664,619384
2017-08-09,2.1911070346832275,3.963028907775879,4.073331832885742,3.931514024734497,4.073331832885742,126923
2017-08-10,2.1823952198028564,3.9472720623016357,4.018180847167969,3.9472720623016357,4.0103020668029785,233538
2017-08-11,2.173682928085327,3.931514024734497,3.9393930435180664,3.899998903274536,3.9393930435180664,203076
2017-08-14,2.1693267822265625,3.9236350059509277,3.9236350059509277,3.8684840202331543,3.8763620853424072,35538
2017-08-15,2.1649703979492188,3.9157559871673584,3.9472720623016357,3.899998903274536,3.9472720623016357,213230
2017-08-16,2.1780388355255127,3.9393930435180664,3.9393930435180664,3.9393930435180664,3.9393930435180664,50769
2017-08-17,2.1693267822265625,3.9236350059509277,3.9393930435180664,3.899998903274536,3.9393930435180664,375692
2017-08-18,2.151902198791504,3.892119884490967,3.9236350059509277,3.892119884490967,3.9236350059509277,543230
2017-08-21,2.138834238052368,3.8684840202331543,3.8763620853424072,3.8684840202331543,3.8763620853424072,66000
2017-08-22,2.173682928085327,3.931514024734497,3.9393930435180664,3.931514024734497,3.9393930435180664,15230
2017-08-23,2.173682928085327,3.931514024734497,3.931514024734497,3.931514024734497,3.931514024734497,0
2017-08-24,2.2128872871398926,4.00242280960083,4.033937931060791,3.9078779220581055,3.9157559871673584,411230
2017-08-25,2.25644850730896,4.081211090087891,4.096968173980713,3.9866650104522705,3.9866650104522705,1223538
2017-08-28,2.265160322189331,4.096968173980713,4.120604991912842,4.089089870452881,4.089089870452881,1219730
2017-08-29,2.2390241622924805,4.04969596862793,4.065453052520752,4.04969596862793,4.065453052520752,45692
2017-08-30,2.2608041763305664,4.089089870452881,4.096968173980713,4.089089870452881,4.089089870452881,294461
2017-08-31,2.243380308151245,4.057575225830078,4.096968173980713,3.9551498889923096,4.096968173980713,1071230
2017-09-01,2.2390241622924805,4.04969596862793,4.065453052520752,4.0418171882629395,4.0418171882629395,203076
2017-09-04,2.230311632156372,4.033937931060791,4.033937931060791,4.033937931060791,4.033937931060791,63461
2017-09-05,2.2172439098358154,4.0103020668029785,4.065453052520752,4.00242280960083,4.018180847167969,248769
2017-09-06,2.199819564819336,3.9787869453430176,4.0103020668029785,3.9709079265594482,3.9787869453430176,192923
2017-09-07,2.2041752338409424,3.9866650104522705,4.073331832885742,3.9787869453430176,4.073331832885742,264000
2017-09-08,2.208531618118286,3.99454402923584,4.018180847167969,3.9787869453430176,3.9787869453430176,680307
2017-09-11,2.2128872871398926,4.00242280960083,4.026059150695801,4.00242280960083,4.00242280960083,685384
2017-09-12,2.2172439098358154,4.0103020668029785,4.018180847167969,4.00242280960083,4.00242280960083,548307
2017-09-13,2.221599817276001,4.018180847167969,4.089089870452881,3.9551498889923096,3.9787869453430176,647307
2017-09-14,2.221599817276001,4.018180847167969,4.089089870452881,4.00242280960083,4.089089870452881,456923
2017-09-15,2.221599817276001,4.018180847167969,4.073331832885742,3.9787869453430176,4.073331832885742,81230
2017-09-18,2.2390241622924805,4.04969596862793,4.04969596862793,4.0103020668029785,4.018180847167969,1020461
2017-09-19,2.2128872871398926,4.00242280960083,4.0418171882629395,3.9787869453430176,4.0418171882629395,766615
2017-09-20,2.2172439098358154,4.0103020668029785,4.0103020668029785,4.00242280960083,4.00242280960083,345230
2017-09-21,2.1911070346832275,3.963028907775879,4.018180847167969,3.9551498889923096,4.018180847167969,990000
2017-09-22,2.2128872871398926,4.00242280960083,4.00242280960083,3.9787869453430176,3.9787869453430176,908769
2017-09-25,2.2390241622924805,4.04969596862793,4.065453052520752,4.04969596862793,4.00242280960083,751384
2017-09-26,2.208531618118286,3.99454402923584,4.033937931060791,3.860605001449585,3.99454402923584,309692
2017-09-27,2.2172439098358154,4.0103020668029785,3.9866650104522705,3.9866650104522705,3.9866650104522705,25384
2017-09-28,2.2172439098358154,4.0103020668029785,4.0103020668029785,3.9393930435180664,3.9393930435180664,20307
2017-09-29,2.2259557247161865,4.026059150695801,4.018180847167969,3.9787869453430176,3.9787869453430176,142153
2017-10-03,2.2041752338409424,3.9866650104522705,4.026059150695801,3.9393930435180664,4.026059150695801,124384
2017-10-04,2.208531618118286,3.99454402923584,4.026059150695801,3.99454402923584,4.026059150695801,86307
2017-10-06,2.230311632156372,4.033937931060791,4.04969596862793,3.99454402923584,3.99454402923584,126923
2017-10-09,2.221599817276001,4.018180847167969,4.033937931060791,4.018180847167969,4.033937931060791,45692
2017-10-10,2.221599817276001,4.018180847167969,4.018180847167969,3.9866650104522705,4.00242280960083,248769
2017-10-11,2.2259557247161865,4.026059150695801,4.026059150695801,4.018180847167969,4.018180847167969,132000
2017-10-12,2.2608041763305664,4.089089870452881,4.096968173980713,4.018180847167969,4.057575225830078,746307
2017-10-13,2.243380308151245,4.057575225830078,4.081211090087891,3.9787869453430176,4.018180847167969,624461
2017-10-16,2.2390241622924805,4.04969596862793,4.065453052520752,4.04969596862793,4.065453052520752,137076
2017-10-17,2.25644850730896,4.081211090087891,4.089089870452881,4.04969596862793,4.04969596862793,177692
2017-10-18,2.221599817276001,4.018180847167969,4.089089870452881,4.018180847167969,4.089089870452881,284307
2017-10-19,2.221599817276001,4.018180847167969,4.026059150695801,4.018180847167969,4.026059150695801,91384
2017-10-20,2.286940813064575,4.136362075805664,4.175755977630615,4.026059150695801,4.089089870452881,1233692
2017-10-23,2.334857702255249,4.223029136657715,4.427876949310303,4.128483772277832,4.144240856170654,634615
2017-10-24,2.5047452449798584,4.530302047729492,4.593331813812256,4.223029136657715,4.223029136657715,1218461
2017-10-25,2.574441909790039,4.656362056732178,4.679998874664307,4.451513767242432,4.490908145904541,858000
2017-10-26,2.552661418914795,4.616968154907227,4.719392776489258,4.506665229797363,4.711513996124268,573692
2017-10-27,2.552661418914795,4.616968154907227,4.6406049728393555,4.490908145904541,4.624846935272217,233538
2017-10-30,2.5700864791870117,4.648484230041504,4.687877178192139,4.616968154907227,4.616968154907227,406153
2017-10-31,2.5700864791870117,4.648484230041504,4.648484230041504,4.648484230041504,4.648484230041504,0
2017-11-01,2.7661092281341553,5.003028869628906,5.121211051940918,4.798180103302002,4.813938140869141,1330154
2017-11-02,2.7051243782043457,4.892725944519043,5.042422771453857,4.845452785491943,5.026665210723877,523151
2017-11-03,2.6615633964538574,4.813938140869141,4.932119846343994,4.806058883666992,4.884847164154053,888461
2017-11-06,2.5918662548065186,4.687877178192139,4.813938140869141,4.687877178192139,4.813938140869141,162461
2017-11-07,2.5613739490509033,4.632726192474365,4.711513996124268,4.632726192474365,4.687877178192139,279230
2017-11-08,2.5570178031921387,4.624846935272217,4.687877178192139,4.6090898513793945,4.6090898513793945,284307
2017-11-09,2.5831542015075684,4.672120094299316,4.72727108001709,4.624846935272217,4.624846935272217,345230
2017-11-10,2.5918662548065186,4.687877178192139,4.703635215759277,4.632726192474365,4.679998874664307,441692
2017-11-13,2.6528513431549072,4.798180103302002,4.798180103302002,4.679998874664307,4.687877178192139,411230
2017-11-14,2.6833441257476807,4.853332042694092,4.853332042694092,4.798180103302002,4.798180103302002,396000
2017-11-15,2.6136465072631836,4.72727108001709,4.932119846343994,4.72727108001709,4.73514986038208,517846
2017-11-16,2.5918662548065186,4.687877178192139,4.711513996124268,4.687877178192139,4.711513996124268,365538
2017-11-17,2.5700864791870117,4.648484230041504,4.672120094299316,4.569695949554443,4.672120094299316,264000
2017-11-20,2.5570178031921387,4.624846935272217,4.687877178192139,4.569695949554443,4.632726192474365,847846
2017-11-21,2.496032476425171,4.5145440101623535,4.632726192474365,4.467270851135254,4.632726192474365,588923
2017-11-22,2.552661418914795,4.616968154907227,4.72727108001709,4.45939302444458,4.45939302444458,995077
2017-11-23,2.587510585784912,4.679998874664307,4.703635215759277,4.538179874420166,4.695755958557129,639692
2017-11-24,2.565729856491089,4.6406049728393555,4.73514986038208,4.6090898513793945,4.72727108001709,426461
2017-11-27,2.69205641746521,4.8690900802612305,4.884847164154053,4.72727108001709,4.72727108001709,1218461
2017-11-28,2.722548723220825,4.924241065979004,4.939999103546143,4.8690900802612305,4.924241065979004,1619538
2017-11-29,2.7530417442321777,4.979393005371094,5.010908126831055,4.924241065979004,4.924241065979004,639692
2017-11-30,2.7051243782043457,4.892725944519043,4.987270832061768,4.884847164154053,4.979393005371094,497538
2017-12-01,2.713836193084717,4.908483028411865,4.955756187438965,4.876967906951904,4.900605201721191,340153
2017-12-04,2.7181921005249023,4.9163618087768555,5.003028869628906,4.884847164154053,4.892725944519043,553384
2017-12-05,2.700768232345581,4.884847164154053,4.924241065979004,4.884847164154053,4.900605201721191,111692
2017-12-06,2.7443289756774902,4.963634967803955,4.963634967803955,4.72727108001709,4.853332042694092,813862
2017-12-07,2.6528513431549072,4.798180103302002,4.963634967803955,4.766664981842041,4.955756187438965,776769
2017-12-08,2.678987503051758,4.845452785491943,4.932119846343994,4.821816921234131,4.884847164154053,160308
2017-12-11,2.657207489013672,4.806058883666992,4.9163618087768555,4.798180103302002,4.798180103302002,314769
2017-12-12,2.6528513431549072,4.798180103302002,4.829696178436279,4.73514986038208,4.813938140869141,213230
2017-12-13,2.6877002716064453,4.861210823059082,4.861210823059082,4.72727108001709,4.750907897949219,362965
2017-12-14,2.657207489013672,4.806058883666992,4.806058883666992,4.750907897949219,4.774543762207031,86311
2017-12-15,2.6877002716064453,4.861210823059082,4.9163618087768555,4.758787155151367,4.766664981842041,396000
2017-12-18,2.6615633964538574,4.813938140869141,4.892725944519043,4.73514986038208,4.774543762207031,385846
2017-12-19,2.6354269981384277,4.766664981842041,4.876967906951904,4.766664981842041,4.806058883666992,390923
2017-12-20,2.6397829055786133,4.774543762207031,4.774543762207031,4.774543762207031,4.774543762207031,71076
2017-12-21,2.665919542312622,4.821816921234131,4.861210823059082,4.774543762207031,4.774543762207031,745017
2017-12-22,2.6833441257476807,4.853332042694092,4.853332042694092,4.821816921234131,4.853332042694092,137076
2017-12-27,2.757396936416626,4.987270832061768,4.987270832061768,4.853332042694092,4.853332042694092,766615
2017-12-28,2.748685359954834,4.9715142250061035,4.979393005371094,4.853332042694092,4.979393005371094,330000
2017-12-29,3.0056934356689453,5.436361789703369,5.51515007019043,4.853332042694092,5.05817985534668,3239077
2018-01-02,2.9142160415649414,5.270907878875732,5.444241046905518,5.13696813583374,5.444241046905518,1260346
2018-01-03,2.9229278564453125,5.286664962768555,5.357573986053467,5.05817985534668,5.19999885559082,837692
2018-01-04,3.0841031074523926,5.578179836273193,5.593937873840332,5.207877159118652,5.2472710609436035,1449461
2018-01-05,3.079747200012207,5.5703020095825195,5.609694957733154,5.436361789703369,5.593937873840332,578769
2018-01-08,3.1886494159698486,5.767271041870117,6.145452976226807,5.656968116760254,5.656968116760254,2688542
2018-01-09,3.2452778816223145,5.86969518661499,5.964241027832031,5.727877140045166,5.767271041870117,1853077
2018-01-10,3.240922451019287,5.861816883087158,6.082423210144043,5.790907859802246,5.909089088439941,1127077
2018-01-11,3.171225070953369,5.735755920410156,5.901210784912109,5.712120056152344,5.853938102722168,411230
2018-01-12,3.227853775024414,5.838180065155029,5.909089088439941,5.727877140045166,5.727877140045166,1386000
2018-01-15,3.2452778816223145,5.86969518661499,5.9721198081970215,5.759391784667969,5.964241027832031,761538
2018-01-16,3.2322099208831787,5.8460588455200195,5.956361770629883,5.751513957977295,5.86969518661499,1314923
2018-01-17,3.3062632083892822,5.9799981117248535,5.9799981117248535,5.790907859802246,5.901210784912109,548307
2018-01-18,3.2670583724975586,5.909089088439941,5.987876892089844,5.8460588455200195,5.987876892089844,456923
2018-01-19,3.3062632083892822,5.9799981117248535,6.027270793914795,5.830300807952881,5.86969518661499,746307
2018-01-22,3.484862804412842,6.3030290603637695,6.444847106933594,5.964241027832031,5.9799981117248535,1030615
2018-01-23,3.615544319152832,6.539391994476318,6.6103010177612305,6.3030290603637695,6.3030290603637695,1122000
2018-01-24,3.5502030849456787,6.421209812164307,6.696968078613281,6.421209812164307,6.618179798126221,842769
2018-01-25,3.685241937637329,6.66545295715332,6.775755882263184,6.381816864013672,6.421209812164307,1812461
2018-01-26,3.916114568710327,7.083028793334961,7.090907096862793,6.775755882263184,6.775755882263184,1218461
2018-01-29,3.9335384368896484,7.114543914794922,7.169694900512695,7.019998073577881,7.169694900512695,502615
2018-01-30,3.9204699993133545,7.090907096862793,7.169694900512695,6.98060417175293,7.090907096862793,492461
2018-01-31,3.9204699993133545,7.090907096862793,7.090907096862793,7.051513195037842,7.075150012969971,132000
2018-02-01,3.872553825378418,7.004240989685059,7.130300998687744,7.004240989685059,7.090907096862793,309692
2018-02-02,3.872553825378418,7.004240989685059,7.012118816375732,6.775755882263184,7.012118816375732,587360
2018-02-05,3.7462270259857178,6.775755882263184,6.996362209320068,6.696968078613281,6.996362209320068,934154
2018-02-06,3.484862804412842,6.3030290603637695,6.618179798126221,6.263635158538818,6.618179798126221,1771846
2018-02-07,3.4500131607055664,6.239997863769531,6.689088821411133,6.176968097686768,6.65757417678833,1218461
2018-02-08,3.480506420135498,6.295149803161621,6.381816864013672,6.239997863769531,6.239997863769531,299538
2018-02-09,3.332399845123291,6.027270793914795,6.295149803161621,6.003634929656982,6.295149803161621,477230
2018-02-12,3.389028310775757,6.129694938659668,6.310906887054443,6.129694938659668,6.216361999511719,446769
2018-02-13,3.4369454383850098,6.216361999511719,6.287271022796631,6.216361999511719,6.263635158538818,233538
2018-02-14,3.4195213317871094,6.184846878051758,6.216361999511719,6.1060590744018555,6.216361999511719,157384
2018-02-15,3.4630820751190186,6.263635158538818,6.295149803161621,6.082423210144043,6.137574195861816,187846
2018-02-20,3.458726167678833,6.25575590133667,6.25575590133667,6.25575590133667,6.25575590133667,0
2018-02-21,3.480506420135498,6.295149803161621,6.295149803161621,6.263635158538818,6.295149803161621,122074
2018-02-22,3.3803162574768066,6.113937854766846,6.3030290603637695,6.113937854766846,6.3030290603637695,121846
2018-02-23,3.410808801651001,6.169088840484619,6.287271022796631,6.129694938659668,6.145452976226807,279230
2018-02-26,3.4369454383850098,6.216361999511719,6.413331985473633,6.2084832191467285,6.287271022796631,528000
2018-02-27,3.4369454383850098,6.216361999511719,6.224240779876709,6.153332233428955,6.2084832191467285,167538
2018-02-28,3.4282326698303223,6.20060396194458,6.263635158538818,6.20060396194458,6.216361999511719,132000
2018-03-01,3.4282326698303223,6.20060396194458,6.287271022796631,6.129694938659668,6.2084832191467285,487384
2018-03-02,3.397740602493286,6.145452976226807,6.279391765594482,6.121817111968994,6.129694938659668,573692
2018-03-05,3.375960350036621,6.1060590744018555,6.145452976226807,6.0745439529418945,6.145452976226807,192923
2018-03-06,3.4064531326293945,6.161211013793945,6.24787712097168,6.090301036834717,6.1060590744018555,390923
2018-03-07,3.397740602493286,6.145452976226807,6.24787712097168,6.098179817199707,6.169088840484619,406153
2018-03-08,3.389028310775757,6.129694938659668,6.184846878051758,6.129694938659668,6.184846878051758,35538
2018-03-09,3.3803162574768066,6.113937854766846,6.184846878051758,6.1060590744018555,6.184846878051758,50769
2018-03-12,3.397740602493286,6.145452976226807,6.145452976226807,6.129694938659668,6.137574195861816,121846
2018-03-13,3.397740602493286,6.145452976226807,6.145452976226807,6.145452976226807,6.145452976226807,30461
2018-03-14,3.397740602493286,6.145452976226807,6.145452976226807,6.1060590744018555,6.145452976226807,101538
2018-03-15,3.397740602493286,6.145452976226807,6.145452976226807,6.113937854766846,6.113937854766846,162461
2018-03-16,3.3803162574768066,6.113937854766846,6.25575590133667,6.082423210144043,6.145452976226807,618115
2018-03-19,3.3803162574768066,6.113937854766846,6.192726135253906,6.0745439529418945,6.1060590744018555,350307
2018-03-20,3.3846728801727295,6.121817111968994,6.24787712097168,6.003634929656982,6.0745439529418945,639692
2018-03-21,3.397740602493286,6.145452976226807,6.216361999511719,6.090301036834717,6.121817111968994,451846
2018-03-22,3.332399845123291,6.027270793914795,6.20060396194458,5.995756149291992,6.176968097686768,319846
2018-03-23,3.2583465576171875,5.893332004547119,6.20060396194458,5.8775739669799805,6.027270793914795,847846
2018-03-26,3.1407322883605957,5.680604934692383,5.830300807952881,5.672726154327393,5.830300807952881,837692
2018-03-27,3.240922451019287,5.861816883087158,5.987876892089844,5.830300807952881,5.9799981117248535,132000
2018-03-28,3.2583465576171875,5.893332004547119,6.027270793914795,5.838180065155029,5.86969518661499,794538
2018-03-29,3.2234973907470703,5.830300807952881,5.909089088439941,5.751513957977295,5.909089088439941,40615
2018-04-03,3.2452778816223145,5.86969518661499,5.987876892089844,5.798786163330078,5.838180065155029,558461
2018-04-04,3.2365663051605225,5.853938102722168,6.019392013549805,5.688483238220215,5.861816883087158,1030615
2018-04-06,3.2104294300079346,5.806664943695068,5.901210784912109,5.609694957733154,5.641211032867432,528000
2018-04-09,3.2452778816223145,5.86969518661499,5.86969518661499,5.853938102722168,5.853938102722168,106615
2018-04-10,3.2670583724975586,5.909089088439941,5.909089088439941,5.893332004547119,5.893332004547119,157384
2018-04-11,3.375960350036621,6.1060590744018555,6.3030290603637695,5.995756149291992,6.003634929656982,264000
2018-04-12,3.375960350036621,6.1060590744018555,6.145452976226807,6.066665172576904,6.0745439529418945,147230
2018-04-13,3.3933846950531006,6.137574195861816,6.287271022796631,5.995756149291992,6.066665172576904,522923
2018-04-16,3.375960350036621,6.1060590744018555,6.279391765594482,6.003634929656982,6.0745439529418945,756461
2018-04-17,3.375960350036621,6.1060590744018555,6.20060396194458,6.011514186859131,6.011514186859131,261461
2018-04-18,3.3106188774108887,5.987876892089844,6.145452976226807,5.956361770629883,6.145452976226807,375692
2018-04-19,3.3541805744171143,6.066665172576904,6.1060590744018555,5.8775739669799805,6.1060590744018555,317307
2018-04-20,3.375960350036621,6.1060590744018555,6.1060590744018555,6.066665172576904,6.066665172576904,157384
2018-04-23,3.3454678058624268,6.050907135009766,6.113937854766846,5.995756149291992,6.113937854766846,55846
2018-04-24,3.397740602493286,6.145452976226807,6.287271022796631,6.011514186859131,6.287271022796631,330000
2018-04-25,3.4413015842437744,6.224240779876709,6.263635158538818,6.145452976226807,6.145452976226807,442327
2018-04-26,3.4369454383850098,6.216361999511719,6.287271022796631,6.145452976226807,6.287271022796631,20079
2018-04-27,3.4369454383850098,6.216361999511719,6.216361999511719,6.216361999511719,6.216361999511719,0
2018-04-30,3.3541805744171143,6.066665172576904,6.176968097686768,5.9799981117248535,6.129694938659668,279230
2018-05-02,3.375960350036621,6.1060590744018555,6.137574195861816,5.948482990264893,6.0745439529418945,195461
2018-05-03,3.389028310775757,6.129694938659668,6.145452976226807,6.066665172576904,6.145452976226807,160083
2018-05-04,3.4413015842437744,6.224240779876709,6.224240779876709,5.987876892089844,6.019392013549805,558461
2018-05-07,3.585052251815796,6.484241008758545,6.523634910583496,6.082423210144043,6.145452976226807,761538
2018-05-08,3.593764066696167,6.499998092651367,6.499998092651367,6.484241008758545,6.429089069366455,192923
2018-05-09,3.5894081592559814,6.492119789123535,6.492119789123535,6.381816864013672,6.381816864013672,126923
2018-05-10,3.693953514099121,6.681210041046143,6.681210041046143,6.413331985473633,6.421209812164307,852923
2018-05-11,3.7288026809692383,6.744241237640381,6.917573928833008,6.66545295715332,6.66545295715332,629538
2018-05-14,3.789788246154785,6.854544162750244,6.9333319664001465,6.775755882263184,6.799392223358154,264000
2018-05-15,3.8289923667907715,6.925453186035156,7.090907096862793,6.71272611618042,6.71272611618042,888461
2018-05-16,3.8159234523773193,6.901815891265869,7.051513195037842,6.893938064575195,6.996362209320068,274153
2018-05-17,3.7941434383392334,6.862421989440918,6.98060417175293,6.854544162750244,6.901815891265869,643500
2018-05-18,3.7592952251434326,6.799392223358154,6.9333319664001465,6.696968078613281,6.9333319664001465,314769
2018-05-21,3.7462270259857178,6.775755882263184,6.956967830657959,6.696968078613281,6.956967830657959,427730
2018-05-23,3.7375147342681885,6.759997844696045,6.925453186035156,6.744241237640381,6.878180027008057,265269
2018-05-24,3.7462270259857178,6.775755882263184,6.815149784088135,6.759997844696045,6.759997844696045,178961
2018-05-25,3.7462270259857178,6.775755882263184,6.925453186035156,6.752119064331055,6.925453186035156,318576
2018-05-28,3.772364377975464,6.823029041290283,6.901815891265869,6.696968078613281,6.775755882263184,388384
2018-05-29,3.781076192855835,6.8387861251831055,6.846664905548096,6.728483200073242,6.823029041290283,572423
2018-05-30,3.895324230194092,6.736361980438232,6.815149784088135,6.649694919586182,6.775755882263184,1547192
2018-05-31,3.872544765472412,6.696968078613281,6.775755882263184,6.618179798126221,6.7048468589782715,2864654
2018-06-01,4.004666805267334,6.925453186035156,6.94120979309082,6.618179798126221,6.618179798126221,2189423
2018-06-04,4.086673736572266,7.0672712326049805,7.248483180999756,6.94120979309082,6.94120979309082,1920346
2018-06-05,4.01833438873291,6.949089050292969,7.138179779052734,6.925453186035156,7.075150012969971,1653017
2018-06-06,4.05022668838501,7.004240989685059,7.122422218322754,7.004240989685059,7.012118816375732,1427884
2018-06-07,3.9727749824523926,6.870300769805908,7.106665134429932,6.791512966156006,6.862421989440918,967154
2018-06-08,3.7723145484924316,6.523634910583496,6.886058807373047,6.476362228393555,6.886058807373047,1512923
2018-06-11,3.9226603507995605,6.783635139465332,6.9333319664001465,6.413331985473633,6.421209812164307,1656346
2018-06-12,4.01833438873291,6.949089050292969,6.972725868225098,6.767877101898193,6.791512966156006,1012846
2018-06-13,3.931771993637085,6.799392223358154,7.083028793334961,6.791512966156006,7.051513195037842,1002692
2018-06-14,3.872544765472412,6.696968078613281,6.917573928833008,6.618179798126221,6.799392223358154,987461
2018-06-15,4.063893795013428,7.027876853942871,7.0357561111450195,6.689088821411133,6.696968078613281,1346654
2018-06-19,3.867988348007202,6.689088821411133,7.004240989685059,6.618179798126221,7.004240989685059,1240038
2018-06-20,3.872544765472412,6.696968078613281,6.846664905548096,6.547270774841309,6.736361980438232,1307307
2018-06-21,3.8269851207733154,6.618179798126221,6.823029041290283,6.539391994476318,6.736361980438232,1388538
2018-06-22,3.5991885662078857,6.224240779876709,6.744241237640381,6.20060396194458,6.618179798126221,2664115
2018-06-25,3.6265246868133545,6.271513938903809,6.295149803161621,6.0745439529418945,6.082423210144043,1868308
2018-06-26,3.5991885662078857,6.224240779876709,6.3030290603637695,6.145452976226807,6.271513938903809,1405038
2018-06-27,3.426063299179077,5.92484712600708,6.3030290603637695,5.8775739669799805,6.224240779876709,1363154
2018-06-28,3.312164545059204,5.727877140045166,5.956361770629883,5.546665191650391,5.948482990264893,3619846
2018-06-29,3.4716224670410156,6.003634929656982,6.019392013549805,5.735755920410156,5.735755920410156,1143577
2018-07-03,3.4169511795043945,5.909089088439941,5.916967868804932,5.743635177612305,5.790907859802246,1656346
2018-07-04,3.357724189758301,5.806664943695068,5.901210784912109,5.617574214935303,5.901210784912109,2219885
2018-07-05,3.334944725036621,5.767271041870117,5.806664943695068,5.6018171310424805,5.798786163330078,1201961
2018-07-06,3.262049674987793,5.641211032867432,5.940604209899902,5.593937873840332,5.751513957977295,1276846
2018-07-09,3.3486125469207764,5.790907859802246,5.790907859802246,5.6490888595581055,5.719997882843018,1028077
2018-07-10,3.275716781616211,5.664846897125244,5.822422981262207,5.633331775665283,5.814544200897217,1001423
2018-07-11,3.2438254356384277,5.609694957733154,5.712120056152344,5.609694957733154,5.656968116760254,13825733
2018-07-12,3.366835832595825,5.822422981262207,5.822422981262207,5.625452995300293,5.625452995300293,1188000
2018-07-13,3.3805038928985596,5.8460588455200195,5.93272590637207,5.751513957977295,5.751513957977295,1297154
2018-07-16,3.421506881713867,5.916967868804932,5.956361770629883,5.8460588455200195,5.86969518661499,1024269
2018-07-17,3.4169511795043945,5.909089088439941,5.916967868804932,5.822422981262207,5.909089088439941,1075038
2018-07-18,3.421506881713867,5.916967868804932,5.940604209899902,5.806664943695068,5.885453224182129,1364423
2018-07-19,3.371391534805298,5.830300807952881,5.916967868804932,5.790907859802246,5.916967868804932,1130884
2018-07-20,3.357724189758301,5.806664943695068,5.814544200897217,5.664846897125244,5.806664943695068,1209577
2018-07-23,3.366835832595825,5.822422981262207,5.86969518661499,5.680604934692383,5.830300807952881,984923
2018-07-24,3.3622798919677734,5.814544200897217,5.893332004547119,5.798786163330078,5.86969518661499,951923
2018-07-25,3.4533987045288086,5.9721198081970215,5.987876892089844,5.767271041870117,5.830300807952881,1411384
2018-07-26,3.4761786460876465,6.011514186859131,6.129694938659668,5.948482990264893,6.066665172576904,1054730
2018-07-27,3.375947952270508,5.838180065155029,6.035150051116943,5.830300807952881,5.987876892089844,958269
2018-07-30,3.3622798919677734,5.814544200897217,6.058785915374756,5.735755920410156,5.830300807952881,1024269
2018-07-31,3.448843002319336,5.964241027832031,5.9721198081970215,5.680604934692383,5.688483238220215,1224807
2018-08-01,3.334944725036621,5.767271041870117,5.9799981117248535,5.751513957977295,5.9799981117248535,1080115
2018-08-02,3.202822208404541,5.538785934448242,5.759391784667969,5.436361789703369,5.759391784667969,1382192
2018-08-03,3.1754865646362305,5.491514205932617,5.617574214935303,5.436361789703369,5.554543972015381,1078846
2018-08-06,2.9932491779327393,5.176362037658691,5.507270812988281,5.129088878631592,5.459999084472656,1412654
2018-08-07,2.984137773513794,5.160604953765869,5.2472710609436035,4.963634967803955,5.105453014373779,1496423
2018-08-08,3.0479204654693604,5.270907878875732,5.3418169021606445,5.152726173400879,5.160604953765869,1207038
2018-08-09,3.0479204654693604,5.270907878875732,5.326058864593506,5.1133317947387695,5.270907878875732,1278115
2018-08-10,3.0479204654693604,5.270907878875732,5.2787861824035645,5.184240818023682,5.2787861824035645,1226077
2018-08-13,2.997805118560791,5.184240818023682,5.310301780700684,5.097574234008789,5.263029098510742,1087730
2018-08-14,2.8565714359283447,4.939999103546143,5.239391803741455,4.939999103546143,5.19999885559082,1454538
2018-08-15,2.706225633621216,4.679998874664307,4.955756187438965,4.672120094299316,4.947876930236816,1195615
2018-08-16,2.6378865242004395,4.561817169189453,4.6090898513793945,4.443634986877441,4.6090898513793945,1737577
2018-08-17,2.6469976902008057,4.577573776245117,4.711513996124268,4.561817169189453,4.561817169189453,1587807
2018-08-20,2.6561100482940674,4.593331813812256,4.6090898513793945,4.483028888702393,4.577573776245117,1571307
2018-08-21,2.605994701385498,4.506665229797363,4.616968154907227,4.490908145904541,4.6090898513793945,1669038
2018-08-22,2.6151068210601807,4.522422790527344,4.6090898513793945,4.498786926269531,4.553937911987305,1721077
2018-08-23,2.6788899898529053,4.632726192474365,4.648484230041504,4.506665229797363,4.538179874420166,1850538
2018-08-24,2.688002109527588,4.648484230041504,4.774543762207031,4.6090898513793945,4.648484230041504,1389807
2018-08-27,2.756340503692627,4.766664981842041,4.845452785491943,4.648484230041504,4.687877178192139,1471292
2018-08-28,3.0069169998168945,5.19999885559082,5.19999885559082,4.884847164154053,4.884847164154053,2123423
2018-08-29,3.011472702026367,5.207877159118652,5.428483009338379,5.050302028656006,5.357573986053467,1542115
2018-08-30,2.9886929988861084,5.168482780456543,5.239391803741455,5.05817985534668,5.223635196685791,1783269
2018-08-31,3.139038562774658,5.428483009338379,5.436361789703369,4.9715142250061035,5.050302028656006,3297969
2018-09-03,3.052476167678833,5.2787861824035645,5.396967887878418,5.184240818023682,5.396967887878418,1015384
2018-09-04,3.0843677520751953,5.333938121795654,5.349695205688477,5.19999885559082,5.302423000335693,1528154
2018-09-05,2.9932491779327393,5.176362037658691,5.381210803985596,5.121211051940918,5.318180084228516,1171500
2018-09-06,2.9659132957458496,5.129088878631592,5.223635196685791,5.066059112548828,5.184240818023682,1190538
2018-09-07,3.002361297607422,5.19212007522583,5.215755939483643,5.121211051940918,5.160604953765869,1063615
2018-09-10,3.1754865646362305,5.491514205932617,5.51515007019043,5.19999885559082,5.365452766418457,3867346
2018-09-11,3.1025915145874023,5.365452766418457,5.6018171310424805,5.333938121795654,5.6018171310424805,1257807
2018-09-12,3.0069169998168945,5.19999885559082,5.436361789703369,5.19999885559082,5.3733320236206055,1240038
2018-09-13,3.038808584213257,5.255149841308594,5.412725925445557,5.19999885559082,5.19999885559082,1195615
2018-09-14,3.020585060119629,5.223635196685791,5.3733320236206055,5.160604953765869,5.263029098510742,1327615
2018-09-17,2.997805118560791,5.184240818023682,5.286664962768555,5.1448469161987305,5.286664962768555,1199423
2018-09-18,2.9294660091400146,5.066059112548828,5.2472710609436035,5.010908126831055,5.184240818023682,2172923
2018-09-19,2.9932491779327393,5.176362037658691,5.184240818023682,5.026665210723877,5.081817150115967,1752808
2018-09-20,2.8793513774871826,4.979393005371094,4.979393005371094,4.979393005371094,4.979393005371094,0
2018-09-21,2.9294660091400146,5.066059112548828,5.19999885559082,4.900605201721191,5.05817985534668,1808654
2018-09-24,2.9112422466278076,5.034543991088867,5.121211051940918,5.034543991088867,5.105453014373779,181500
2018-09-26,2.9659132957458496,5.129088878631592,5.129088878631592,5.003028869628906,5.034543991088867,129461
2018-09-27,2.984137773513794,5.160604953765869,5.215755939483643,4.9163618087768555,5.121211051940918,630807
2018-09-28,3.134483575820923,5.420605182647705,5.428483009338379,5.034543991088867,5.19999885559082,2045492
2018-10-02,3.0615882873535156,5.294544219970703,5.420605182647705,5.184240818023682,5.420605182647705,378230
2018-10-03,2.975025177001953,5.1448469161987305,5.302423000335693,5.1448469161987305,5.302423000335693,74884
2018-10-04,2.9704694747924805,5.13696813583374,5.2787861824035645,5.066059112548828,5.239391803741455,564807
2018-10-05,3.016028642654419,5.215755939483643,5.215755939483643,5.042422771453857,5.081817150115967,475961
2018-10-08,2.924909830093384,5.05817985534668,5.263029098510742,5.066059112548828,5.263029098510742,13961
2018-10-09,2.8975749015808105,5.010908126831055,5.042422771453857,5.003028869628906,5.042422771453857,78692
2018-10-10,2.888462781906128,4.995150089263916,5.010908126831055,4.884847164154053,5.010908126831055,520384
2018-10-11,2.888462781906128,4.995150089263916,4.995150089263916,4.72727108001709,4.8690900802612305,482307
2018-10-12,2.9157981872558594,5.042422771453857,5.121211051940918,4.876967906951904,4.932119846343994,456923
2018-10-15,2.979581594467163,5.152726173400879,5.160604953765869,4.845452785491943,4.932119846343994,475961
2018-10-16,2.997805118560791,5.184240818023682,5.2787861824035645,5.13696813583374,5.13696813583374,46961
2018-10-18,3.038808584213257,5.255149841308594,5.270907878875732,5.081817150115967,5.160604953765869,512769
2018-10-19,2.943134069442749,5.089695930480957,5.239391803741455,4.987270832061768,5.239391803741455,73615
2018-10-22,2.997805118560791,5.184240818023682,5.263029098510742,5.1133317947387695,5.121211051940918,483577
2018-10-23,3.034252643585205,5.2472710609436035,5.2472710609436035,5.2472710609436035,5.2472710609436035,2538
2018-10-24,3.1025915145874023,5.365452766418457,5.396967887878418,5.042422771453857,5.318180084228516,496269
2018-10-25,3.088923931121826,5.3418169021606445,5.396967887878418,5.231513977050781,5.357573986053467,479769
2018-10-26,3.0980355739593506,5.357573986053467,5.381210803985596,5.310301780700684,5.381210803985596,470884
2018-10-29,3.0570318698883057,5.286664962768555,5.3418169021606445,5.286664962768555,5.349695205688477,29192
2018-10-30,2.9886929988861084,5.168482780456543,5.294544219970703,5.1133317947387695,5.294544219970703,201807
2018-10-31,3.0980355739593506,5.357573986053467,5.357573986053467,5.121211051940918,5.270907878875732,1837846
2018-11-01,3.0069169998168945,5.19999885559082,5.3418169021606445,5.160604953765869,5.3418169021606445,568615
2018-11-02,2.984137773513794,5.160604953765869,5.286664962768555,5.1133317947387695,5.286664962768555,477230
2018-11-05,2.8930184841156006,5.003028869628906,5.207877159118652,4.963634967803955,5.184240818023682,477230
2018-11-06,2.9294660091400146,5.066059112548828,5.097574234008789,5.042422771453857,5.042422771453857,312230
2018-11-07,3.0069169998168945,5.19999885559082,5.19999885559082,5.003028869628906,5.121211051940918,474692
2018-11-08,3.002361297607422,5.19212007522583,5.239391803741455,5.05817985534668,5.223635196685791,469615
2018-11-09,2.9203543663024902,5.050302028656006,5.239391803741455,5.026665210723877,5.239391803741455,229730
2018-11-12,2.975025177001953,5.1448469161987305,5.19999885559082,4.9715142250061035,5.184240818023682,497538
2018-11-13,3.0570318698883057,5.286664962768555,5.294544219970703,5.097574234008789,5.1448469161987305,473423
2018-11-14,3.020585060119629,5.223635196685791,5.263029098510742,5.19999885559082,5.263029098510742,147230
2018-11-15,3.016028642654419,5.215755939483643,5.270907878875732,5.152726173400879,5.2472710609436035,223384
2018-11-16,3.0433647632598877,5.263029098510742,5.270907878875732,5.121211051940918,5.215755939483643,231000
2018-11-19,3.011472702026367,5.207877159118652,5.255149841308594,5.081817150115967,5.121211051940918,469615
2018-11-20,3.0069169998168945,5.19999885559082,5.2472710609436035,5.1448469161987305,5.19999885559082,69807
2018-11-21,2.984137773513794,5.160604953765869,5.215755939483643,5.105453014373779,5.129088878631592,201807
2018-11-22,3.0069169998168945,5.19999885559082,5.215755939483643,5.121211051940918,5.19212007522583,487384
2018-11-23,2.9886929988861084,5.168482780456543,5.168482780456543,5.121211051940918,5.121211051940918,156115
2018-11-26,3.0069169998168945,5.19999885559082,5.215755939483643,5.152726173400879,5.207877159118652,506423
2018-11-27,3.011472702026367,5.207877159118652,5.255149841308594,5.19999885559082,5.255149841308594,116769
2018-11-28,3.0615882873535156,5.294544219970703,5.294544219970703,5.19212007522583,5.19212007522583,483577
2018-11-29,3.029696464538574,5.239391803741455,5.294544219970703,5.239391803741455,5.294544219970703,50769
2018-11-30,3.002361297607422,5.19212007522583,5.3418169021606445,5.160604953765869,5.294544219970703,1171500
2018-12-03,3.0570318698883057,5.286664962768555,5.294544219970703,5.1448469161987305,5.215755939483643,475961
2018-12-04,3.0069169998168945,5.19999885559082,5.255149841308594,5.160604953765869,5.160604953765869,53307
2018-12-05,2.9659132957458496,5.129088878631592,5.1448469161987305,5.105453014373779,5.1448469161987305,110423
2018-12-06,2.9932491779327393,5.176362037658691,5.176362037658691,5.081817150115967,5.176362037658691,130730
2018-12-07,3.011472702026367,5.207877159118652,5.263029098510742,5.160604953765869,5.176362037658691,36807
2018-12-10,3.0479204654693604,5.270907878875732,5.2787861824035645,5.13696813583374,5.239391803741455,477230
2018-12-11,3.034252643585205,5.2472710609436035,5.270907878875732,5.184240818023682,5.270907878875732,29192
2018-12-12,3.029696464538574,5.239391803741455,5.294544219970703,5.239391803741455,5.2472710609436035,97730
2018-12-13,3.029696464538574,5.239391803741455,5.2787861824035645,5.19999885559082,5.239391803741455,489923
2018-12-14,3.029696464538574,5.239391803741455,5.396967887878418,5.160604953765869,5.239391803741455,481038
2018-12-17,3.029696464538574,5.239391803741455,5.239391803741455,5.168482780456543,5.168482780456543,31730
2018-12-18,3.034252643585205,5.2472710609436035,5.2472710609436035,5.152726173400879,5.160604953765869,482307
2018-12-19,3.029696464538574,5.239391803741455,5.255149841308594,5.184240818023682,5.2472710609436035,501346
2018-12-20,3.002361297607422,5.19212007522583,5.2472710609436035,5.152726173400879,5.176362037658691,511500
2018-12-21,3.029696464538574,5.239391803741455,5.239391803741455,5.081817150115967,5.160604953765869,517846
2018-12-24,3.029696464538574,5.239391803741455,5.239391803741455,5.239391803741455,5.239391803741455,0
2018-12-27,3.0251410007476807,5.231513977050781,5.499392032623291,5.176362037658691,5.239391803741455,1722346
2018-12-28,2.9886929988861084,5.168482780456543,5.239391803741455,5.121211051940918,5.223635196685791,587653
2018-12-31,3.0433647632598877,5.263029098510742,5.46787691116333,5.121211051940918,5.239391803741455,1266692
2019-01-02,3.1208155155181885,5.396967887878418,5.452119827270508,5.263029098510742,5.263029098510742,538153
2019-01-03,3.134483575820923,5.420605182647705,5.499392032623291,5.318180084228516,5.459999084472656,500077
2019-01-04,3.143594741821289,5.436361789703369,5.4757561683654785,5.310301780700684,5.349695205688477,473423
2019-01-07,3.202822208404541,5.538785934448242,5.578179836273193,5.51515007019043,5.51515007019043,555923
2019-01-08,3.257493495941162,5.633331775665283,5.656968116760254,5.51515007019043,5.538785934448242,561000
2019-01-09,3.280273199081421,5.672726154327393,5.712120056152344,5.609694957733154,5.633331775665283,520384
2019-01-10,3.389616012573242,5.861816883087158,5.861816883087158,5.593937873840332,5.593937873840332,764077
2019-01-11,3.48529052734375,6.027270793914795,6.027270793914795,5.578179836273193,5.743635177612305,624461
2019-01-14,3.312164545059204,5.727877140045166,6.027270793914795,5.727877140045166,6.027270793914795,229730
2019-01-15,3.2848291397094727,5.680604934692383,5.853938102722168,5.672726154327393,5.727877140045166,502615
2019-01-16,3.3212766647338867,5.743635177612305,5.783029079437256,5.704240798950195,5.712120056152344,492461
2019-01-17,3.316720962524414,5.735755920410156,5.783029079437256,5.672726154327393,5.783029079437256,470884
2019-01-18,3.280273199081421,5.672726154327393,5.743635177612305,5.664846897125244,5.735755920410156,621923
2019-01-21,3.257493495941162,5.633331775665283,5.735755920410156,5.593937873840332,5.727877140045166,602884
2019-01-22,3.2347137928009033,5.593937873840332,5.672726154327393,5.562423229217529,5.633331775665283,908769
2019-01-23,3.2301578521728516,5.586059093475342,5.672726154327393,5.168482780456543,5.593937873840332,753923
2019-01-24,3.2347137928009033,5.593937873840332,5.593937873840332,5.51515007019043,5.51515007019043,568615
2019-01-25,3.2438254356384277,5.609694957733154,5.672726154327393,5.459999084472656,5.507270812988281,835153
2019-01-28,3.239269971847534,5.6018171310424805,5.672726154327393,5.452119827270508,5.562423229217529,756461
2019-01-29,3.2164902687072754,5.562423229217529,5.625452995300293,5.546665191650391,5.578179836273193,624461
2019-01-30,3.1891541481018066,5.51515007019043,5.656968116760254,5.51515007019043,5.578179836273193,991269
2019-01-31,3.207378387451172,5.546665191650391,5.586059093475342,5.46787691116333,5.51515007019043,769153
2019-02-01,3.2347137928009033,5.593937873840332,5.6490888595581055,5.538785934448242,5.562423229217529,771692
2019-02-04,3.257493495941162,5.633331775665283,5.633331775665283,5.52302885055542,5.52302885055542,332538
2019-02-08,3.2529373168945312,5.625452995300293,5.656968116760254,5.530908107757568,5.530908107757568,581307
2019-02-11,3.280273199081421,5.672726154327393,5.751513957977295,5.5703020095825195,5.5703020095825195,875769
2019-02-12,3.293940782546997,5.696362018585205,5.727877140045166,5.6018171310424805,5.617574214935303,800884
2019-02-13,3.275716781616211,5.664846897125244,5.735755920410156,5.6490888595581055,5.6490888595581055,708230
2019-02-14,3.330388307571411,5.759391784667969,5.86969518661499,5.633331775665283,5.633331775665283,746307
2019-02-15,3.316720962524414,5.735755920410156,5.759391784667969,5.672726154327393,5.759391784667969,643500
2019-02-18,3.3622798919677734,5.814544200897217,5.86969518661499,5.751513957977295,5.751513957977295,564807
2019-02-19,3.3805038928985596,5.8460588455200195,5.893332004547119,5.712120056152344,5.790907859802246,807230
2019-02-20,3.448843002319336,5.964241027832031,5.987876892089844,5.806664943695068,5.806664943695068,706961
2019-02-21,3.4761786460876465,6.011514186859131,6.066665172576904,5.92484712600708,5.93272590637207,637153
2019-02-22,3.448843002319336,5.964241027832031,6.058785915374756,5.956361770629883,5.964241027832031,574961
2019-02-25,3.508070468902588,6.066665172576904,6.145452976226807,5.948482990264893,5.956361770629883,680307
2019-02-26,3.48984694480896,6.035150051116943,6.145452976226807,6.019392013549805,6.1060590744018555,524192
2019-02-27,3.48984694480896,6.035150051116943,6.1060590744018555,5.987876892089844,6.082423210144043,548307
2019-02-28,3.498958110809326,6.050907135009766,6.113937854766846,5.995756149291992,6.0745439529418945,613038
2019-03-01,3.462510347366333,5.987876892089844,6.035150051116943,5.798786163330078,6.027270793914795,637153
2019-03-04,3.562741279602051,6.161211013793945,6.216361999511719,5.987876892089844,5.987876892089844,816115
2019-03-05,3.5217373371124268,6.090301036834717,6.2084832191467285,6.058785915374756,6.113937854766846,726000
2019-03-06,3.5126261711120605,6.0745439529418945,6.224240779876709,5.9799981117248535,6.137574195861816,1188000
2019-03-07,3.5171823501586914,6.082423210144043,6.137574195861816,5.987876892089844,6.011514186859131,654923
2019-03-08,3.498958110809326,6.050907135009766,6.098179817199707,5.987876892089844,6.098179817199707,827538
2019-03-11,3.5217373371124268,6.090301036834717,6.145452976226807,6.003634929656982,6.066665172576904,1195615
2019-03-12,3.553629159927368,6.145452976226807,6.287271022796631,6.035150051116943,6.1060590744018555,1867038
2019-03-13,3.5718531608581543,6.176968097686768,6.176968097686768,6.082423210144043,6.129694938659668,860538
2019-03-14,3.6720833778381348,6.3503007888793945,6.366058826446533,6.161211013793945,6.161211013793945,958269
2019-03-15,3.7905380725860596,6.555150032043457,6.649694919586182,6.3503007888793945,6.381816864013672,1897500
2019-03-18,3.867988348007202,6.689088821411133,6.854544162750244,6.65757417678833,6.65757417678833,1930500
2019-03-19,3.872544765472412,6.696968078613281,6.854544162750244,6.689088821411133,6.854544162750244,1429154
2019-03-20,3.8634321689605713,6.681210041046143,6.728483200073242,6.358180046081543,6.358180046081543,1657615
2019-03-21,3.9181041717529297,6.775755882263184,7.0672712326049805,6.618179798126221,6.9333319664001465,4611116
2019-03-22,4.182348251342773,7.232725143432617,7.248483180999756,6.823029041290283,6.925453186035156,3080423
2019-03-25,4.2370195388793945,7.327270984649658,7.4060587882995605,7.090907096862793,7.090907096862793,3298731
2019-03-26,4.145900726318359,7.169694900512695,7.4060587882995605,7.130300998687744,7.366664886474609,1265423
2019-03-27,4.159569263458252,7.193332195281982,7.279997825622559,7.130300998687744,7.185452938079834,1304769
2019-03-28,4.100341320037842,7.090907096862793,7.185452938079834,7.019998073577881,7.185452938079834,1398692
2019-03-29,4.118565082550049,7.122422218322754,7.177574157714844,6.996362209320068,7.169694900512695,3580500
2019-04-01,4.496708393096924,7.77636194229126,7.784241199493408,7.153937816619873,7.153937816619873,3090577
2019-04-02,4.4238128662109375,7.650300979614258,7.863028049468994,7.587271213531494,7.863028049468994,1845461
2019-04-03,4.592382431030273,7.9418158531188965,8.115150451660156,7.642422199249268,7.642422199249268,2350615
2019-04-04,4.574158668518066,7.910301208496094,8.115150451660156,7.870906829833984,8.036361694335938,1661423
2019-04-08,4.637942314147949,8.020604133605957,8.052119255065918,7.792119026184082,7.910301208496094,1595423
2019-04-09,4.76550817489624,8.241209983825684,8.477574348449707,7.989089012145996,8.036361694335938,5518616
2019-04-10,4.847515106201172,8.383028030395508,8.43030071258545,8.22545337677002,8.272725105285645,2754231
2019-04-11,4.874850273132324,8.43030071258545,8.493330955505371,8.178179740905762,8.446059226989746,1427884
2019-04-12,4.874850273132324,8.43030071258545,8.509089469909668,8.288482666015625,8.43030071258545,1589077
2019-04-15,4.710836887359619,8.1466646194458,8.572118759155273,8.036361694335938,8.414543151855469,3160385
2019-04-16,4.542267799377441,7.85515022277832,8.193937301635742,7.831512928009033,8.193937301635742,4267154
2019-04-17,4.637942314147949,8.020604133605957,8.09939193725586,7.807877063751221,7.9418158531188965,1886077
2019-04-18,4.555934906005859,7.878786087036133,8.272725105285645,7.847270965576172,7.8945441246032715,22942619
2019-04-23,4.3326945304870605,7.492724895477295,8.020604133605957,7.335149765014648,7.752725124359131,4729154
2019-04-24,4.373697757720947,7.563633918762207,7.626665115356445,7.484847068786621,7.484847068786621,3367269
2019-04-25,4.419257164001465,7.642422199249268,7.870906829833984,7.555756092071533,7.555756092071533,3220039
2019-04-26,4.42836856842041,7.658180236816406,7.7684831619262695,7.579391956329346,7.579391956329346,1158807
2019-04-29,4.455704689025879,7.705452919006348,7.8945441246032715,7.67393684387207,7.72121000289917,1992692
2019-04-30,4.729060173034668,8.178179740905762,8.256967544555664,7.67393684387207,7.67393684387207,2344269
2019-05-02,4.719948768615723,8.162422180175781,8.178179740905762,8.004846572875977,8.1466646194458,642230
2019-05-03,4.69261360168457,8.115150451660156,8.241209983825684,8.067876815795898,8.13090705871582,649846
2019-05-06,4.432924747467041,7.6660590171813965,8.004846572875977,7.642422199249268,7.878786087036133,1255269
2019-05-07,4.460260391235352,7.71333122253418,7.831512928009033,7.6660590171813965,7.823634147644043,421384
2019-05-08,4.410145282745361,7.626665115356445,7.72908878326416,7.5715131759643555,7.705452919006348,1048384
2019-05-09,4.268910884857178,7.382421970367432,7.650300979614258,7.327270984649658,7.642422199249268,1345384
2019-05-10,4.405589580535889,7.618785858154297,7.642422199249268,7.382421970367432,7.382421970367432,1693154
2019-05-14,4.360030174255371,7.5399980545043945,7.610907077789307,7.421815872192383,7.508482933044434,775500
2019-05-15,4.373697757720947,7.563633918762207,7.697574138641357,7.532118797302246,7.532118797302246,1795961
2019-05-16,4.419257164001465,7.642422199249268,7.705452919006348,7.563633918762207,7.587271213531494,470884
2019-05-17,4.3326945304870605,7.492724895477295,7.72121000289917,7.461209774017334,7.72121000289917,693000
2019-05-20,4.319026470184326,7.469089031219482,7.555756092071533,7.295755863189697,7.492724895477295,1351731
2019-05-21,4.287134647369385,7.413938045501709,7.587271213531494,7.4060587882995605,7.484847068786621,731077
2019-05-22,4.259799480438232,7.366664886474609,7.547876834869385,7.335149765014648,7.366664886474609,698077
2019-05-23,4.2187957763671875,7.295755863189697,7.366664886474609,7.232725143432617,7.366664886474609,648577
2019-05-24,4.273467063903809,7.39030122756958,7.792119026184082,7.248483180999756,7.327270984649658,1670307
2019-05-27,4.305358409881592,7.44545316696167,7.492724895477295,7.366664886474609,7.366664886474609,451846
2019-05-28,4.451148509979248,7.697574138641357,7.870906829833984,7.4060587882995605,7.421815872192383,2356961
2019-05-29,4.401033878326416,7.610907077789307,7.650300979614258,7.484847068786621,7.650300979614258,1313654
2019-05-30,4.414701461791992,7.6345438957214355,7.697574138641357,7.508482933044434,7.697574138641357,1285731
2019-05-31,4.510375499725342,7.799997806549072,7.878786087036133,7.469089031219482,7.760603904724121,3184500
2019-06-03,4.364585876464844,7.547876834869385,7.799997806549072,7.532118797302246,7.799997806549072,666346
2019-06-04,4.369142055511475,7.555756092071533,7.563633918762207,7.44545316696167,7.516362190246582,621923
2019-06-05,4.337250709533691,7.500604152679443,7.563633918762207,7.4060587882995605,7.555756092071533,981115
2019-06-06,4.300802707672119,7.4375739097595215,7.547876834869385,7.4060587882995605,7.500604152679443,343961
2019-06-10,4.341806411743164,7.508482933044434,7.681816101074219,7.469089031219482,7.524240970611572,1333707
2019-06-11,4.364585876464844,7.547876834869385,7.587271213531494,7.484847068786621,7.563633918762207,1780731
2019-06-12,4.32813835144043,7.484847068786621,7.555756092071533,7.413938045501709,7.555756092071533,602884
2019-06-13,4.3326945304870605,7.492724895477295,7.595149993896484,7.382421970367432,7.595149993896484,1405038
2019-06-14,4.200572490692139,7.2642412185668945,7.563633918762207,7.240603923797607,7.547876834869385,1096615
2019-06-17,4.15045690536499,7.177574157714844,7.2642412185668945,7.153937816619873,7.248483180999756,712038
2019-06-18,4.164124011993408,7.201210021972656,7.232725143432617,7.114543914794922,7.232725143432617,657461
2019-06-19,4.164124011993408,7.201210021972656,7.287877082824707,7.193332195281982,7.240603923797607,1591615
2019-06-20,4.268910884857178,7.382421970367432,7.44545316696167,7.216968059539795,7.232725143432617,1554807
2019-06-21,4.209683895111084,7.279997825622559,7.4060587882995605,7.059391975402832,7.4060587882995605,1207038
2019-06-24,4.232463836669922,7.319392204284668,7.366664886474609,7.248483180999756,7.248483180999756,1749000
2019-06-25,4.164124011993408,7.201210021972656,7.4375739097595215,7.169694900512695,7.366664886474609,701884
2019-06-26,4.382809638977051,7.579391956329346,7.610907077789307,7.224846839904785,7.327270984649658,1331423
2019-06-27,4.419257164001465,7.642422199249268,7.67393684387207,7.484847068786621,7.555756092071533,1328933
2019-06-28,4.455704689025879,7.705452919006348,7.752725124359131,7.413938045501709,7.744846820831299,2467765
2019-07-02,4.419257164001465,7.642422199249268,7.752725124359131,7.595149993896484,7.72121000289917,2210238
2019-07-03,4.487596035003662,7.760603904724121,7.77636194229126,7.563633918762207,7.642422199249268,1759154
2019-07-04,4.542267799377441,7.85515022277832,7.870906829833984,7.736968040466309,7.760603904724121,2379808
2019-07-05,4.726754665374756,6.925453186035156,7.169694900512695,6.799392223358154,6.9333319664001465,1391077
2019-07-08,4.672979831695557,6.846664905548096,6.996362209320068,6.752119064331055,6.909695148468018,988730
2019-07-09,4.570809364318848,6.696968078613281,6.846664905548096,6.563028812408447,6.846664905548096,1101692
2019-07-10,4.533166885375977,6.641816139221191,6.854544162750244,6.586665153503418,6.854544162750244,698077
2019-07-11,4.5546770095825195,6.673332214355469,6.854544162750244,6.626059055328369,6.854544162750244,677769
2019-07-12,4.533166885375977,6.641816139221191,6.696968078613281,6.618179798126221,6.618179798126221,866884
2019-07-15,4.522411823272705,6.626059055328369,6.7048468589782715,6.539391994476318,6.626059055328369,854192
2019-07-16,4.549299716949463,6.66545295715332,6.696968078613281,6.594543933868408,6.618179798126221,968423
2019-07-17,4.549299716949463,6.66545295715332,6.66545295715332,6.602423191070557,6.618179798126221,698077
2019-07-18,4.549299716949463,6.66545295715332,6.759997844696045,6.586665153503418,6.586665153503418,1463931
2019-07-19,4.672979831695557,6.846664905548096,7.090907096862793,6.71272611618042,6.71272611618042,2074277
2019-07-22,4.710621356964111,6.901815891265869,7.083028793334961,6.783635139465332,7.083028793334961,817130
2019-07-23,4.565431118011475,6.689088821411133,6.893938064575195,6.547270774841309,6.862421989440918,979846
2019-07-24,4.6676025390625,6.8387861251831055,6.862421989440918,6.71272611618042,6.752119064331055,618115
2019-07-25,4.721376895904541,6.917573928833008,7.090907096862793,6.815149784088135,6.815149784088135,718384
2019-07-26,4.732131481170654,6.9333319664001465,7.0357561111450195,6.878180027008057,6.917573928833008,516577
2019-07-29,4.83430290222168,7.083028793334961,7.083028793334961,6.925453186035156,6.925453186035156,652130
2019-07-30,4.80741548538208,7.04363489151001,7.083028793334961,7.019998073577881,7.0672712326049805,251307
2019-07-31,4.775151252746582,6.996362209320068,7.012118816375732,6.9333319664001465,7.012118816375732,298269
2019-08-01,4.656847953796387,6.823029041290283,6.964847087860107,6.815149784088135,6.870300769805908,779307
2019-08-02,4.5009026527404785,6.594543933868408,6.744241237640381,6.429089069366455,6.696968078613281,1271769
2019-08-05,4.409485816955566,6.460604190826416,6.65757417678833,6.389695167541504,6.586665153503418,1556077
2019-08-06,4.301938056945801,6.3030290603637695,6.381816864013672,6.169088840484619,6.381816864013672,1643654
2019-08-07,4.258918285369873,6.239997863769531,6.531513214111328,6.2084832191467285,6.326664924621582,600346
2019-08-08,4.301938056945801,6.3030290603637695,6.373938083648682,6.216361999511719,6.373938083648682,363000
2019-08-09,4.275051593780518,6.263635158538818,6.397573947906494,6.20060396194458,6.397573947906494,858000
2019-08-12,4.323448181152344,6.3345441818237305,6.366058826446533,6.224240779876709,6.373938083648682,293192
2019-08-13,4.226654529571533,6.192726135253906,6.279391765594482,6.176968097686768,6.224240779876709,408692
2019-08-14,4.280428409576416,6.271513938903809,6.318786144256592,6.263635158538818,6.287271022796631,191653
2019-08-15,4.178257465362549,6.121817111968994,6.3030290603637695,6.113937854766846,6.20060396194458,454384
2019-08-16,4.215899467468262,6.176968097686768,6.2084832191467285,6.035150051116943,6.20060396194458,852923
2019-08-19,4.387976169586182,6.429089069366455,6.476362228393555,6.24787712097168,6.3030290603637695,1270500
2019-08-20,4.5009026527404785,6.594543933868408,6.8387861251831055,6.492119789123535,6.531513214111328,1389807
2019-08-21,4.570809364318848,6.696968078613281,6.759997844696045,6.5787858963012695,6.5787858963012695,473423
2019-08-22,4.576186180114746,6.7048468589782715,6.8387861251831055,6.649694919586182,6.744241237640381,1073769
2019-08-23,4.517034530639648,6.618179798126221,6.799392223358154,6.5787858963012695,6.799392223358154,746307
2019-08-26,4.4793925285339355,6.563028812408447,6.681210041046143,6.366058826446533,6.586665153503418,1105500
2019-08-27,4.52778959274292,6.633937835693359,6.7048468589782715,6.366058826446533,6.673332214355469,1401231
2019-08-28,4.441751003265381,6.507876873016357,6.7048468589782715,6.413331985473633,6.476362228393555,1056000
2019-08-29,4.350334644317627,6.373938083648682,6.618179798126221,6.3503007888793945,6.618179798126221,1047115
2019-08-30,4.350334644317627,6.373938083648682,6.523634910583496,6.3030290603637695,6.507876873016357,743997
2019-09-02,4.36108922958374,6.389695167541504,6.405453205108643,6.263635158538818,6.310906887054443,620653
2019-09-03,4.312692642211914,6.318786144256592,6.429089069366455,6.287271022796631,6.318786144256592,6858924
2019-09-04,4.506279945373535,6.602423191070557,6.641816139221191,6.326664924621582,6.326664924621582,1033154
2019-09-05,4.5009026527404785,6.594543933868408,6.689088821411133,6.468482971191406,6.602423191070557,1297154
2019-09-06,4.54392147064209,6.65757417678833,6.9333319664001465,6.6103010177612305,6.66545295715332,3937154
2019-09-09,4.715999126434326,6.909695148468018,6.9333319664001465,6.65757417678833,6.767877101898193,3315231
2019-09-10,4.721376895904541,6.917573928833008,7.012118816375732,6.823029041290283,7.012118816375732,1798500
2019-09-11,4.651470184326172,6.815149784088135,6.98060417175293,6.696968078613281,6.98060417175293,1808654
2019-09-12,4.694489479064941,6.878180027008057,6.893938064575195,6.759997844696045,6.815149784088135,630807
2019-09-13,4.710621356964111,6.901815891265869,7.004240989685059,6.878180027008057,6.972725868225098,630807
2019-09-16,4.742886543273926,6.949089050292969,7.0357561111450195,6.870300769805908,7.0357561111450195,1010307
2019-09-17,4.705244541168213,6.893938064575195,7.012118816375732,6.8072710037231445,6.956967830657959,1172769
2019-09-18,4.759018898010254,6.972725868225098,6.98848295211792,6.870300769805908,6.893938064575195,1028077
2019-09-19,4.672979831695557,6.846664905548096,6.972725868225098,6.846664905548096,6.949089050292969,948115
2019-09-20,4.517034530639648,6.618179798126221,6.917573928833008,6.618179798126221,6.846664905548096,1525615
2019-09-23,4.474015235900879,6.555150032043457,6.775755882263184,6.555150032043457,6.7048468589782715,1052192
2019-09-24,4.425618648529053,6.484241008758545,6.673332214355469,6.436967849731445,6.673332214355469,1024269
2019-09-25,4.398731708526611,6.444847106933594,6.547270774841309,6.429089069366455,6.555150032043457,7086116
2019-09-26,4.425618648529053,6.484241008758545,6.563028812408447,6.452725887298584,6.452725887298584,310961
2019-09-27,4.366466522216797,6.397573947906494,6.444847106933594,6.397573947906494,6.444847106933594,266538
2019-09-30,4.37184476852417,6.405453205108643,6.618179798126221,6.381816864013672,6.421209812164307,283685
2019-10-02,4.328824996948242,6.342422962188721,6.452725887298584,6.287271022796631,6.452725887298584,323653
2019-10-03,4.377222061157227,6.413331985473633,6.421209812164307,6.239997863769531,6.326664924621582,609230
2019-10-04,4.490147590637207,6.5787858963012695,6.633937835693359,6.271513938903809,6.389695167541504,588923
2019-10-08,4.441751003265381,6.507876873016357,6.633937835693359,6.429089069366455,6.5787858963012695,1024063
2019-10-09,4.425618648529053,6.484241008758545,6.539391994476318,6.421209812164307,6.484241008758545,665077
2019-10-10,4.441751003265381,6.507876873016357,6.539391994476318,6.421209812164307,6.484241008758545,422653
2019-10-11,4.468637943267822,6.547270774841309,6.65757417678833,6.515756130218506,6.515756130218506,1028077
2019-10-14,4.441751003265381,6.507876873016357,6.71272611618042,6.444847106933594,6.626059055328369,1160077
2019-10-15,4.436372756958008,6.499998092651367,6.515756130218506,6.436967849731445,6.507876873016357,957000
2019-10-16,4.414863586425781,6.468482971191406,6.5787858963012695,6.444847106933594,6.499998092651367,1368231
2019-10-17,4.382598400115967,6.421209812164307,6.507876873016357,6.366058826446533,6.476362228393555,2015538
2019-10-18,4.414863586425781,6.468482971191406,6.515756130218506,6.3030290603637695,6.389695167541504,4852270
2019-10-21,4.398731708526611,6.444847106933594,6.507876873016357,6.405453205108643,6.429089069366455,1133423
2019-10-22,4.398731708526611,6.444847106933594,6.452725887298584,6.381816864013672,6.413331985473633,1242577
2019-10-23,4.34495735168457,6.366058826446533,6.429089069366455,6.3503007888793945,6.397573947906494,663807
2019-10-24,4.425618648529053,6.484241008758545,6.499998092651367,6.318786144256592,6.358180046081543,1584000
2019-10-25,4.420241355895996,6.476362228393555,6.515756130218506,6.405453205108643,6.499998092651367,799615
2019-10-28,4.296560287475586,6.295149803161621,6.444847106933594,6.239997863769531,6.421209812164307,2161500
2019-10-29,4.296560287475586,6.295149803161621,6.373938083648682,6.192726135253906,6.295149803161621,898615
2019-10-30,4.226654529571533,6.192726135253906,6.389695167541504,6.176968097686768,6.389695167541504,712038
2019-10-31,4.232030868530273,6.20060396194458,6.24787712097168,6.137574195861816,6.24787712097168,964615
2019-11-01,4.210521221160889,6.169088840484619,6.271513938903809,6.161211013793945,6.20060396194458,1622077
2019-11-04,4.242785453796387,6.216361999511719,6.381816864013672,6.145452976226807,6.169088840484619,1615731
2019-11-05,4.328824996948242,6.342422962188721,6.421209812164307,6.192726135253906,6.279391765594482,941769
2019-11-06,4.296560287475586,6.295149803161621,6.381816864013672,6.25575590133667,6.405453205108643,828807
2019-11-07,4.3395795822143555,6.358180046081543,6.366058826446533,6.263635158538818,6.295149803161621,1120730
2019-11-08,4.328824996948242,6.342422962188721,6.397573947906494,6.25575590133667,6.397573947906494,421384
2019-11-11,4.2858052253723145,6.279391765594482,6.366058826446533,6.279391765594482,6.310906887054443,821192
2019-11-12,4.275051593780518,6.263635158538818,6.3030290603637695,6.24787712097168,6.263635158538818,413769
2019-11-13,4.253541469573975,6.232120037078857,6.279391765594482,6.2084832191467285,6.279391765594482,559730
2019-11-14,4.226654529571533,6.192726135253906,6.216361999511719,6.169088840484619,6.176968097686768,394730
2019-11-15,4.258918285369873,6.239997863769531,6.342422962188721,6.192726135253906,6.192726135253906,799615
2019-11-18,4.296560287475586,6.295149803161621,6.310906887054443,6.224240779876709,6.224240779876709,679038
2019-11-19,4.323448181152344,6.3345441818237305,6.405453205108643,6.3030290603637695,6.326664924621582,408692
2019-11-20,4.2696733474731445,6.25575590133667,6.3345441818237305,6.216361999511719,6.287271022796631,719653
2019-11-21,4.194389343261719,6.145452976226807,6.232120037078857,6.121817111968994,6.232120037078857,830077
2019-11-22,4.189012050628662,6.137574195861816,6.192726135253906,6.090301036834717,6.192726135253906,1228615
2019-11-25,4.312692642211914,6.318786144256592,6.318786144256592,6.169088840484619,6.20060396194458,667615
2019-11-26,4.382598400115967,6.421209812164307,6.421209812164307,6.3030290603637695,6.318786144256592,1652538
2019-11-27,4.387976169586182,6.429089069366455,6.460604190826416,6.366058826446533,6.444847106933594,714577
2019-11-28,4.414863586425781,6.468482971191406,6.499998092651367,6.3503007888793945,6.3503007888793945,734884
2019-11-29,4.350334644317627,6.373938083648682,6.484241008758545,6.318786144256592,6.452725887298584,354115
2019-12-02,4.328824996948242,6.342422962188721,6.436967849731445,6.295149803161621,6.381816864013672,1535515
2019-12-03,4.307314872741699,6.310906887054443,6.342422962188721,6.271513938903809,6.342422962188721,239630
2019-12-04,4.307314872741699,6.310906887054443,6.326664924621582,6.295149803161621,6.318786144256592,280500
2019-12-05,4.350334644317627,6.373938083648682,6.373938083648682,6.239997863769531,6.358180046081543,7147393
2019-12-06,4.560053825378418,6.681210041046143,6.681210041046143,6.381816864013672,6.389695167541504,1947127
2019-12-09,4.635337829589844,6.791512966156006,6.893938064575195,6.681210041046143,6.696968078613281,2331704
2019-12-10,4.608450889587402,6.752119064331055,6.823029041290283,6.752119064331055,6.783635139465332,1155888
2019-12-11,4.656847953796387,6.823029041290283,6.878180027008057,6.728483200073242,6.744241237640381,1471038
2019-12-12,4.629961013793945,6.783635139465332,6.878180027008057,6.7048468589782715,6.870300769805908,1636038
2019-12-13,4.769773483276367,6.98848295211792,7.004240989685059,6.759997844696045,6.870300769805908,2843077
2019-12-16,4.737508296966553,6.94120979309082,7.130300998687744,6.893938064575195,7.051513195037842,6027609
2019-12-17,4.732131481170654,6.9333319664001465,7.019998073577881,6.886058807373047,6.98060417175293,4314116
2019-12-18,4.737508296966553,6.94120979309082,7.090907096862793,6.878180027008057,7.090907096862793,1662692
2019-12-19,4.742886543273926,6.949089050292969,6.972725868225098,6.878180027008057,6.972725868225098,7634424
2019-12-20,4.839679718017578,7.090907096862793,7.090907096862793,6.949089050292969,7.083028793334961,9207001
2019-12-23,4.759018898010254,6.972725868225098,7.138179779052734,6.964847087860107,7.130300998687744,3477692
2019-12-24,4.7643961906433105,6.98060417175293,7.090907096862793,6.956967830657959,7.012118816375732,7141962
2019-12-27,4.802037715911865,7.0357561111450195,7.04363489151001,6.949089050292969,7.012118816375732,7126729
2019-12-30,4.818170070648193,7.059391975402832,7.130300998687744,7.012118816375732,7.0357561111450195,5782616
2019-12-31,4.85043478012085,7.106665134429932,7.130300998687744,7.004240989685059,7.059391975402832,17176503
2020-01-02,5.286006450653076,7.744846820831299,7.878786087036133,7.075150012969971,7.169694900512695,14558968
2020-01-03,5.5817646980285645,8.178179740905762,8.446059226989746,7.579391956329346,7.579391956329346,10322021
2020-01-06,5.5817646980285645,8.178179740905762,8.398785591125488,7.973330974578857,8.351512908935547,8705655
2020-01-07,5.592519283294678,8.193937301635742,8.414543151855469,8.13090705871582,8.256967544555664,23573427
2020-01-08,5.592519283294678,8.193937301635742,8.288482666015625,8.067876815795898,8.115150451660156,5409462
2020-01-09,5.538745403289795,8.115150451660156,8.383028030395508,8.115150451660156,8.319997787475586,9342809
2020-01-10,5.904409408569336,8.650906562805176,8.91878604888916,8.115150451660156,8.162422180175781,44613596
2020-01-13,6.248564720153809,9.155149459838867,9.296968460083008,8.666665077209473,8.8872709274292,20236792
2020-01-14,6.270073890686035,9.186663627624512,9.186663627624512,8.91878604888916,9.107876777648926,3544962
2020-01-15,6.141016483306885,8.997573852539062,9.738180160522461,8.903027534484863,9.23393726348877,12493040
2020-01-16,6.173280715942383,9.044845581054688,9.155149459838867,8.855754852294922,9.107876777648926,4940791
2020-01-17,6.194789886474609,9.076360702514648,9.186663627624512,8.745451927185059,9.123634338378906,6139651
2020-01-20,6.022712707519531,8.824239730834961,9.281209945678711,8.776968002319336,9.281209945678711,1828961
2020-01-21,5.7215776443481445,8.383028030395508,8.824239730834961,8.319997787475586,8.824239730834961,4684731
2020-01-22,5.82912540435791,8.540603637695312,8.572118759155273,8.304240226745605,8.414543151855469,2249077
2020-01-23,5.592519283294678,8.193937301635742,8.509089469909668,7.973330974578857,8.493330955505371,4320462
2020-01-24,5.5817646980285645,8.178179740905762,8.335756301879883,7.8945441246032715,8.272725105285645,1045846
2020-01-29,5.37742280960083,7.878786087036133,7.9418158531188965,7.760603904724121,7.792119026184082,2685692
2020-01-30,5.140815734863281,7.532118797302246,7.926058769226074,7.492724895477295,7.847270965576172,3407885
2020-01-31,5.183835506439209,7.595149993896484,7.760603904724121,7.413938045501709,7.484847068786621,1685538
2020-02-03,5.167702674865723,7.5715131759643555,7.72908878326416,7.39030122756958,7.39030122756958,7239703
2020-02-04,5.355912685394287,7.847270965576172,7.878786087036133,7.610907077789307,7.736968040466309,2843077
2020-02-05,5.329026222229004,7.807877063751221,8.09939193725586,7.7684831619262695,7.878786087036133,3989193
2020-02-06,5.441951274871826,7.973330974578857,8.020604133605957,7.72908878326416,7.8945441246032715,3180692
2020-02-07,5.495725154876709,8.052119255065918,8.083634376525879,7.792119026184082,8.004846572875977,3510692
2020-02-10,5.614029884338379,8.22545337677002,8.335756301879883,7.973330974578857,8.067876815795898,5385347
2020-02-11,5.990448951721191,8.776968002319336,8.824239730834961,8.304240226745605,8.398785591125488,5464039
2020-02-12,6.033468246459961,8.839998245239258,8.966057777404785,8.58787727355957,8.650906562805176,4878901
2020-02-13,6.022712707519531,8.824239730834961,9.170907020568848,8.761210441589355,8.966057777404785,4268748
2020-02-14,6.205545902252197,9.092119216918945,9.139391899108887,8.934542655944824,9.029088973999023,5660148
2020-02-17,6.194789886474609,9.076360702514648,9.202422142028809,8.91878604888916,9.139391899108887,2382346
2020-02-18,6.054977893829346,8.871513366699219,9.076360702514648,8.808483123779297,9.060604095458984,2197038
2020-02-19,6.1302618980407715,8.981816291809082,9.123634338378906,8.871513366699219,8.91878604888916,1907654
2020-02-20,6.054977893829346,8.871513366699219,9.060604095458984,8.55636215209961,9.060604095458984,6889436
2020-02-21,5.925919532775879,8.682421684265137,8.8872709274292,8.635149002075195,8.839998245239258,2641269
2020-02-24,5.925919532775879,8.682421684265137,8.682421684265137,8.367271423339844,8.682421684265137,3646500
2020-02-25,5.936675071716309,8.698180198669434,8.855754852294922,8.572118759155273,8.635149002075195,2825308
2020-02-26,5.979694843292236,8.761210441589355,8.981816291809082,8.477574348449707,8.666665077209473,4564154
2020-02-27,6.0012030601501465,8.792724609375,8.950301170349121,8.666665077209473,8.8872709274292,4190998
2020-02-28,5.818370819091797,8.524846076965332,8.729695320129395,8.351512908935547,8.635149002075195,6381693
2020-03-02,6.0012030601501465,8.792724609375,8.91878604888916,8.55636215209961,8.58787727355957,6075950
2020-03-03,5.958184719085693,8.729695320129395,9.092119216918945,8.682421684265137,8.966057777404785,4435962
2020-03-04,6.141016483306885,8.997573852539062,9.029088973999023,8.603633880615234,8.8872709274292,4555270
2020-03-05,6.1302618980407715,8.981816291809082,9.013331413269043,8.839998245239258,8.997573852539062,4362346
2020-03-06,5.882900238037109,8.619392395019531,8.997573852539062,8.619392395019531,8.997573852539062,3772154
2020-03-09,5.592519283294678,8.193937301635742,8.43030071258545,8.13090705871582,8.272725105285645,4604770
2020-03-10,5.624783515930176,8.241209983825684,8.46181583404541,8.052119255065918,8.335756301879883,3679500
2020-03-11,5.70006799697876,8.351512908935547,8.619392395019531,8.256967544555664,8.319997787475586,3264462
2020-03-12,5.5602545738220215,8.1466646194458,8.477574348449707,7.910301208496094,8.477574348449707,6065654
2020-03-13,5.463461399078369,8.004846572875977,8.09939193725586,7.603027820587158,7.689694881439209,8081193
2020-03-16,5.162325382232666,7.563633918762207,8.13090705871582,7.461209774017334,8.13090705871582,4610354
2020-03-17,5.076286792755127,7.4375739097595215,7.650300979614258,7.248483180999756,7.563633918762207,6803078
2020-03-18,4.791283130645752,7.019998073577881,7.736968040466309,6.909695148468018,7.4375739097595215,6412155
2020-03-19,4.538544654846191,6.649694919586182,6.9333319664001465,6.484241008758545,6.901815891265869,15372925
2020-03-20,4.94722843170166,7.248483180999756,7.9418158531188965,6.98848295211792,7.9418158531188965,9642855
2020-03-23,4.812792778015137,7.051513195037842,7.453330993652344,6.783635139465332,7.075150012969971,5436624
2020-03-24,5.08704137802124,7.453330993652344,7.5715131759643555,7.2090888023376465,7.374544143676758,3976500
2020-03-25,5.37742280960083,7.878786087036133,7.989089012145996,7.610907077789307,7.610907077789307,6628431
2020-03-26,5.302138805389404,7.7684831619262695,8.020604133605957,7.72908878326416,8.020604133605957,2711204
2020-03-27,5.484971046447754,8.036361694335938,8.115150451660156,7.870906829833984,7.989089012145996,5604924
2020-03-30,5.5602545738220215,8.1466646194458,8.162422180175781,7.823634147644043,7.910301208496094,2049808
2020-03-31,5.753841400146484,8.43030071258545,8.46181583404541,8.178179740905762,8.46181583404541,2506731
2020-04-01,5.5817646980285645,8.178179740905762,8.509089469909668,8.004846572875977,8.414543151855469,3524654
2020-04-02,5.538745403289795,8.115150451660156,8.13090705871582,7.878786087036133,7.878786087036133,907500
2020-04-03,5.5602545738220215,8.1466646194458,8.414543151855469,7.878786087036133,8.115150451660156,1811446
2020-04-06,5.592519283294678,8.193937301635742,8.446059226989746,8.083634376525879,8.178179740905762,1812715
2020-04-07,5.7215776443481445,8.383028030395508,8.43030071258545,8.256967544555664,8.256967544555664,2424231
2020-04-08,5.70006799697876,8.351512908935547,8.477574348449707,8.304240226745605,8.304240226745605,1424331
2020-04-09,5.753841400146484,8.43030071258545,8.58787727355957,8.351512908935547,8.493330955505371,1347923
2020-04-14,5.850635051727295,8.572118759155273,8.682421684265137,8.351512908935547,8.509089469909668,5135308
2020-04-15,5.764597415924072,8.446059226989746,8.619392395019531,8.351512908935547,8.619392395019531,4999782
2020-04-16,5.947429180145264,8.713936805725098,8.745451927185059,8.335756301879883,8.446059226989746,3657923
2020-04-17,6.097996711730957,8.934542655944824,9.060604095458984,8.713936805725098,8.808483123779297,4171327
2020-04-20,6.141016483306885,8.997573852539062,9.060604095458984,8.871513366699219,9.060604095458984,3086769
2020-04-21,5.925919532775879,8.682421684265137,9.013331413269043,8.58787727355957,8.997573852539062,4488000
2020-04-22,5.947429180145264,8.713936805725098,8.745451927185059,8.493330955505371,8.745451927185059,1398692
2020-04-23,5.947429180145264,8.713936805725098,8.808483123779297,8.603633880615234,8.713936805725098,1116923
2020-04-24,5.807616710662842,8.509089469909668,8.776968002319336,8.367271423339844,8.776968002319336,2435654
2020-04-27,5.861390590667725,8.58787727355957,8.713936805725098,8.509089469909668,8.713936805725098,6575885
2020-04-28,5.850635051727295,8.572118759155273,8.650906562805176,8.524846076965332,8.603633880615234,547800
2020-04-29,5.947429180145264,8.713936805725098,8.8872709274292,8.619392395019531,8.8872709274292,835153
2020-05-04,5.657048225402832,8.288482666015625,8.540603637695312,8.272725105285645,8.540603637695312,1435978
2020-05-05,5.667802810668945,8.304240226745605,8.414543151855469,8.272725105285645,8.414543151855469,898107
2020-05-06,5.678557872772217,8.319997787475586,8.446059226989746,8.319997787475586,8.367271423339844,990000
2020-05-07,5.82912540435791,8.540603637695312,8.650906562805176,8.052119255065918,8.367271423339844,3581375
2020-05-08,6.033468246459961,8.839998245239258,9.044845581054688,8.572118759155273,8.666665077209473,2917454
2020-05-11,6.033468246459961,8.839998245239258,9.060604095458984,8.792724609375,8.950301170349121,1138500
2020-05-12,5.96893835067749,8.745451927185059,8.8872709274292,8.650906562805176,8.8872709274292,607961
2020-05-13,5.915164947509766,8.666665077209473,8.745451927185059,8.493330955505371,8.745451927185059,1481192
2020-05-14,5.710823059082031,8.367271423339844,8.776968002319336,8.335756301879883,8.776968002319336,3223846
2020-05-15,5.753841400146484,8.43030071258545,8.55636215209961,8.319997787475586,8.55636215209961,1231154
2020-05-18,5.82912540435791,8.540603637695312,8.650906562805176,8.383028030395508,8.650906562805176,2142588
2020-05-19,6.067525863647461,8.036361694335938,8.241209983825684,7.926058769226074,8.241209983825684,2249077
2020-05-20,5.972349166870117,7.910301208496094,8.067876815795898,7.863028049468994,8.052119255065918,2023154
2020-05-21,5.823634624481201,7.71333122253418,7.973330974578857,7.6660590171813965,7.957573890686035,4290042
2020-05-22,5.770097732543945,7.642422199249268,8.052119255065918,7.563633918762207,8.004846572875977,6262004
2020-05-25,5.770097732543945,7.642422199249268,7.744846820831299,7.327270984649658,7.626665115356445,8010116
2020-05-26,5.895018100738525,7.807877063751221,7.870906829833984,7.5715131759643555,7.736968040466309,4917000
2020-05-27,5.746303558349609,7.610907077789307,7.807877063751221,7.5715131759643555,7.807877063751221,2099308
2020-05-28,5.668972492218018,7.508482933044434,7.863028049468994,7.358786106109619,7.863028049468994,2386154
2020-05-29,5.7582011222839355,7.626665115356445,7.689694881439209,7.429695129394531,7.6345438957214355,3110885
2020-06-01,6.103217124938965,8.083634376525879,8.193937301635742,7.689694881439209,7.863028049468994,5386616
2020-06-02,6.2340850830078125,8.256967544555664,8.398785591125488,8.115150451660156,8.193937301635742,4138962
2020-06-03,6.317365646362305,8.367271423339844,8.55636215209961,8.209694862365723,8.256967544555664,3052500
2020-06-04,6.3768510818481445,8.446059226989746,8.55636215209961,8.209694862365723,8.209694862365723,4581923
2020-06-05,6.495820999145508,8.603633880615234,8.682421684265137,8.367271423339844,8.446059226989746,10575437
2020-06-08,6.80514669418335,9.013331413269043,9.044845581054688,8.650906562805176,8.666665077209473,5686154
2020-06-09,6.888426303863525,9.123634338378906,9.170907020568848,8.8872709274292,9.013331413269043,4131600
2020-06-10,6.733764171600342,8.91878604888916,9.139391899108887,8.8872709274292,9.123634338378906,2878615
2020-06-11,6.733764171600342,8.91878604888916,8.966057777404785,8.745451927185059,8.91878604888916,2805000
2020-06-12,6.840838432312012,9.060604095458984,9.123634338378906,8.666665077209473,8.855754852294922,4033616
2020-06-15,7.150162220001221,9.470300674438477,9.643633842468262,9.044845581054688,9.092119216918945,9115617
2020-06-16,7.185853958129883,9.517574310302734,9.675148963928223,9.407271385192871,9.675148963928223,3566539
2020-06-17,7.233442306518555,9.58060359954834,9.59636116027832,9.391512870788574,9.517574310302734,3696000
2020-06-18,7.55466365814209,10.006057739257812,10.05333137512207,9.533330917358398,9.533330917358398,4217654
2020-06-19,7.542767524719238,9.990301132202148,10.195149421691895,9.832724571228027,10.006057739257812,10551117
2020-06-22,7.376208782196045,9.769695281982422,9.990301132202148,9.675148963928223,9.990301132202148,1818808
2020-06-23,7.4594879150390625,9.879998207092285,10.037572860717773,9.6121187210083,9.879998207092285,1361884
2020-06-24,7.411899089813232,9.816967010498047,9.911513328552246,9.769695281982422,9.879998207092285,495000
2020-06-26,7.3167219161987305,9.690906524658203,9.848483085632324,9.690906524658203,9.816967010498047,581307
2020-06-29,7.173956871032715,9.501815795898438,9.675148963928223,9.359997749328613,9.659392356872559,2699654
2020-06-30,7.162059307098389,9.486058235168457,9.549089431762695,9.296968460083008,9.533330917358398,2603192
2020-07-02,7.792606830596924,10.321209907531738,10.336967468261719,9.690906524658203,9.785451889038086,5744539
2020-07-03,7.780709743499756,10.305452346801758,10.636361122131348,10.242422103881836,10.38424015045166,1054730
2020-07-06,7.923474311828613,10.494543075561523,10.573330879211426,10.100604057312012,10.415755271911621,2989165
2020-07-07,7.685533046722412,10.179391860961914,10.541815757751465,9.92726993560791,10.494543075561523,4281116
2020-07-08,8.006753921508789,10.604846000671387,10.604846000671387,10.132119178771973,10.242422103881836,4976654
2020-07-09,8.04244613647461,10.652118682861328,10.84121036529541,10.38424015045166,10.636361122131348,2821500
2020-07-10,7.840195178985596,10.38424015045166,10.573330879211426,10.305452346801758,10.494543075561523,1203230
2020-07-13,7.733120441436768,10.242422103881836,10.478784561157227,10.100604057312012,10.38424015045166,2265577
2020-07-14,7.55466365814209,10.006057739257812,10.242422103881836,9.974542617797852,10.242422103881836,1512923
2020-07-15,7.530869960784912,9.974542617797852,10.620603561401367,9.864239692687988,10.620603561401367,831346
2020-07-16,7.281030654907227,9.643633842468262,10.242422103881836,9.517574310302734,10.242422103881836,1850538
2020-07-17,7.400002479553223,9.801210403442383,9.974542617797852,9.6121187210083,9.643633842468262,1920346
2020-07-20,7.578457355499268,10.037572860717773,10.132119178771973,9.627877235412598,9.722421646118164,1817284
2020-07-21,7.435693740844727,9.848483085632324,10.226663589477539,9.659392356872559,10.226663589477539,2125432
2020-07-22,7.197751045227051,9.533330917358398,9.974542617797852,9.517574310302734,9.848483085632324,2760577
2020-07-23,7.197751045227051,9.533330917358398,9.848483085632324,9.454543113708496,9.832724571228027,2409000
2020-07-24,7.173956871032715,9.501815795898438,9.6121187210083,9.312725067138672,9.533330917358398,1488807
2020-07-27,7.019295692443848,9.296968460083008,9.785451889038086,9.123634338378906,9.423027992248535,1424077
2020-07-28,7.019295692443848,9.296968460083008,9.454543113708496,9.092119216918945,9.296968460083008,1111846
2020-07-29,7.185853958129883,9.517574310302734,9.643633842468262,9.312725067138672,9.375755310058594,903692
2020-07-30,7.138265609741211,9.454543113708496,9.769695281982422,9.312725067138672,9.517574310302734,1264154
2020-07-31,7.245339393615723,9.59636116027832,9.659392356872559,9.359997749328613,9.659392356872559,4022954
2020-08-03,7.150162220001221,9.470300674438477,9.753936767578125,9.391512870788574,9.706664085388184,1643019
2020-08-04,7.197751045227051,9.533330917358398,9.675148963928223,9.23393726348877,9.675148963928223,1512923
2020-08-05,7.197751045227051,9.533330917358398,9.6121187210083,9.438785552978516,9.6121187210083,836803
2020-08-06,7.150162220001221,9.470300674438477,9.6121187210083,9.375755310058594,9.6121187210083,746307
2020-08-07,7.138265609741211,9.454543113708496,9.627877235412598,9.296968460083008,9.627877235412598,3731539
2020-08-10,7.078780174255371,9.375755310058594,9.407271385192871,9.23393726348877,9.296968460083008,981496
2020-08-11,7.292928695678711,9.659392356872559,9.675148963928223,9.24969482421875,9.438785552978516,2890038
2020-08-12,7.292928695678711,9.659392356872559,9.943028450012207,9.486058235168457,9.659392356872559,1332692
2020-08-13,7.364310264587402,9.753936767578125,9.753936767578125,9.56484603881836,9.785451889038086,864346
2020-08-14,7.3167219161987305,9.690906524658203,9.92726993560791,9.59636116027832,9.706664085388184,1558996
2020-08-17,7.4594879150390625,9.879998207092285,10.163634300231934,9.659392356872559,9.738180160522461,4639800
2020-08-18,7.542767524719238,9.990301132202148,10.006057739257812,9.816967010498047,9.879998207092285,1512923
2020-08-19,7.566562175750732,10.02181625366211,10.132119178771973,9.92726993560791,10.037572860717773,817384
2020-08-20,7.637943744659424,10.116360664367676,10.132119178771973,9.848483085632324,10.100604057312012,1389807
2020-08-21,8.2684907913208,10.951513290405273,10.951513290405273,10.147875785827637,10.226663589477539,4171962
2020-08-24,8.078136444091797,10.69939136505127,10.983028411865234,10.620603561401367,10.983028411865234,2492769
2020-08-25,7.840195178985596,10.38424015045166,10.431512832641602,8.115150451660156,10.321209907531738,5804193
2020-08-26,8.078136444091797,10.69939136505127,10.825451850891113,10.38424015045166,10.38424015045166,4151654
2020-08-27,8.006753921508789,10.604846000671387,10.80969524383545,10.431512832641602,10.69939136505127,2431846
2020-08-28,8.161417007446289,10.80969524383545,10.951513290405273,10.541815757751465,10.541815757751465,2004115
2020-08-31,8.304182052612305,10.998785018920898,11.109087944030762,10.80969524383545,10.80969524383545,3235269
2020-09-01,7.971062660217285,10.557573318481445,11.014542579650879,10.39999771118164,11.014542579650879,3121800
2020-09-02,8.1138277053833,10.746664047241211,10.762421607971191,10.3527250289917,10.526058197021484,2885666
2020-09-03,8.054342269897461,10.667876243591309,11.014542579650879,10.604846000671387,10.746664047241211,1221389
2020-09-04,7.911577224731445,10.478784561157227,10.667876243591309,10.242422103881836,10.667876243591309,1978731
2020-09-07,7.733120441436768,10.242422103881836,10.526058197021484,10.147875785827637,10.478784561157227,2005384
2020-09-08,7.661737442016602,10.147875785827637,10.431512832641602,9.879998207092285,9.879998207092285,2436923
2020-09-09,7.721223831176758,10.226663589477539,10.273937225341797,9.92726993560791,10.06908893585205,1878100
2020-09-10,7.685533046722412,10.179391860961914,10.478784561157227,10.05333137512207,10.226663589477539,1633500
2020-09-11,7.566562175750732,10.02181625366211,10.289694786071777,9.89575481414795,10.179391860961914,1487538
2020-09-14,7.61414909362793,10.084845542907715,10.321209907531738,9.943028450012207,10.02181625366211,1636038
2020-09-15,7.875886917114258,10.431512832641602,10.478784561157227,10.05333137512207,10.163634300231934,2205035
2020-09-16,8.018651962280273,10.620603561401367,10.636361122131348,10.38424015045166,10.431512832641602,1695946
2020-09-17,7.816400527954102,10.3527250289917,10.636361122131348,10.289694786071777,10.636361122131348,1298423
2020-09-18,7.685533046722412,10.179391860961914,10.667876243591309,10.179391860961914,10.2581787109375,5636654
2020-09-21,7.542767524719238,9.990301132202148,10.336967468261719,9.92726993560791,10.242422103881836,1448192
2020-09-22,7.542767524719238,9.990301132202148,10.289694786071777,9.690906524658203,9.990301132202148,1440577
2020-09-23,7.590356349945068,10.05333137512207,10.116360664367676,9.92726993560791,10.006057739257812,1501500
2020-09-24,7.4594879150390625,9.879998207092285,10.132119178771973,9.785451889038086,9.974542617797852,1002057
2020-09-25,7.269134044647217,9.627877235412598,10.06908893585205,9.627877235412598,10.006057739257812,2828227
2020-09-28,7.64984130859375,10.132119178771973,10.242422103881836,9.643633842468262,9.643633842468262,3517039
2020-09-29,7.626046657562256,10.100604057312012,10.179391860961914,10.006057739257812,10.132119178771973,1525615
2020-09-30,7.792606830596924,10.321209907531738,10.321209907531738,10.100604057312012,10.147875785827637,1255269
2020-10-05,8.018651962280273,10.620603561401367,11.313937187194824,10.620603561401367,10.935754776000977,6761180
2020-10-06,8.030549049377441,10.636361122131348,10.967269897460938,10.557573318481445,10.935754776000977,1879731
2020-10-07,7.828297138214111,10.368481636047363,10.778179168701172,10.289694786071777,10.762421607971191,1745383
2020-10-08,7.685533046722412,10.179391860961914,10.620603561401367,10.163634300231934,10.39999771118164,3357115
2020-10-09,7.578457355499268,10.037572860717773,10.3527250289917,9.92726993560791,10.336967468261719,6644424
2020-10-12,8.23279857635498,10.904239654541016,11.014542579650879,10.006057739257812,10.132119178771973,53984202
2020-10-14,8.161417007446289,10.80969524383545,11.156360626220703,10.762421607971191,11.156360626220703,6633001
2020-10-15,8.04244613647461,10.652118682861328,10.935754776000977,10.557573318481445,10.84121036529541,1806115
2020-10-16,8.137622833251953,10.778179168701172,10.951513290405273,10.652118682861328,10.652118682861328,1624615
2020-10-19,7.947268962860107,10.526058197021484,10.904239654541016,10.478784561157227,10.919998168945312,2108192
2020-10-20,7.875886917114258,10.431512832641602,10.71514892578125,10.368481636047363,10.526058197021484,1662692
2020-10-21,7.9353718757629395,10.510300636291504,10.683633804321289,10.478784561157227,10.494543075561523,1634769
2020-10-22,7.994857311248779,10.589088439941406,10.825451850891113,10.478784561157227,10.636361122131348,2546077
2020-10-23,8.018651962280273,10.620603561401367,10.778179168701172,10.541815757751465,10.778179168701172,1571307
2020-10-27,7.733120441436768,10.242422103881836,10.636361122131348,10.179391860961914,10.636361122131348,3315231
2020-10-28,7.602252960205078,10.06908893585205,10.321209907531738,9.92726993560791,10.321209907531738,2113269
2020-10-29,7.423795223236084,9.832724571228027,10.147875785827637,9.738180160522461,9.990301132202148,2571462
2020-10-30,7.483282566070557,9.911513328552246,10.037572860717773,9.738180160522461,9.879998207092285,3841962
2020-11-02,7.780709743499756,10.305452346801758,10.368481636047363,9.864239692687988,10.195149421691895,2926846
2020-11-03,7.721223831176758,10.226663589477539,10.557573318481445,10.02181625366211,10.305452346801758,3603346
2020-11-04,7.8520917892456055,10.39999771118164,10.463027954101562,10.163634300231934,10.463027954101562,1599231
2020-11-05,8.197108268737793,10.856966972351074,10.872724533081055,10.3527250289917,10.478784561157227,6662193
2020-11-06,8.304182052612305,10.998785018920898,11.030301094055176,10.778179168701172,10.84121036529541,1858154
2020-11-09,8.2684907913208,10.951513290405273,11.392724990844727,10.80969524383545,11.109087944030762,1431692
2020-11-10,8.23279857635498,10.904239654541016,10.951513290405273,10.762421607971191,10.951513290405273,882115
2020-11-11,8.327977180480957,11.030301094055176,11.235149383544922,10.80969524383545,10.904239654541016,2011379
2020-11-12,8.209004402160645,10.872724533081055,11.172119140625,10.856966972351074,11.04605770111084,1330154
2020-11-13,8.256592750549316,10.935754776000977,10.998785018920898,10.762421607971191,10.872724533081055,2584154
2020-11-16,8.649198532104492,11.455755233764648,11.613330841064453,10.951513290405273,10.951513290405273,3958137
2020-11-17,8.7205810546875,11.550299644470215,11.676361083984375,11.455755233764648,11.455755233764648,1321269
2020-11-18,8.93472957611084,11.83393669128418,11.959997177124023,11.613330841064453,11.660602569580078,2422961
2020-11-19,9.196465492248535,12.18060302734375,12.212118148803711,11.739391326904297,11.786664009094238,2664115
2020-11-20,9.184569358825684,12.164846420288086,12.243634223937988,11.912725448608398,12.117572784423828,2520692
2020-11-23,8.946626663208008,11.84969425201416,12.164846420288086,11.755148887634277,12.164846420288086,1842923
2020-11-24,8.982317924499512,11.896966934204102,11.944239616394043,11.723633766174316,11.84969425201416,2499115
2020-11-25,8.7205810546875,11.550299644470215,11.896966934204102,11.455755233764648,11.896966934204102,1231154
2020-11-26,8.803861618041992,11.660602569580078,11.786664009094238,11.550299644470215,11.550299644470215,981115
2020-11-27,8.851449966430664,11.723633766174316,11.755148887634277,11.660602569580078,11.676361083984375,1551000
2020-11-30,9.006112098693848,11.928482055664062,12.227875709533691,11.723633766174316,11.723633766174316,4158000
2020-12-01,9.148877143859863,12.117572784423828,12.527270317077637,11.86545181274414,11.944239616394043,2721231
2020-12-02,9.065598487854004,12.007269859313965,12.212118148803711,11.802421569824219,12.212118148803711,1599231
2020-12-03,9.136980056762695,12.101815223693848,12.212118148803711,11.86545181274414,12.007269859313965,2337923
2020-12-04,9.041803359985352,11.975754737854004,12.133331298828125,11.83393669128418,12.101815223693848,2142461
2020-12-07,8.910935401916504,11.802421569824219,11.975754737854004,11.692118644714355,11.975754737854004,5740731
2020-12-08,8.970419883728027,11.881209373474121,11.975754737854004,11.629088401794434,11.802421569824219,2440223
2020-12-09,8.875244140625,11.755148887634277,11.881209373474121,11.676361083984375,11.881209373474121,2176828
2020-12-10,8.768168449401855,11.613330841064453,11.802421569824219,11.53454303741455,11.755148887634277,687923
2020-12-11,8.649198532104492,11.455755233764648,11.676361083984375,11.345452308654785,11.629088401794434,2532115
2020-12-14,8.803861618041992,11.660602569580078,11.86545181274414,11.345452308654785,11.40848159790039,6412155
2020-12-15,8.708683967590332,11.53454303741455,11.723633766174316,11.40848159790039,11.660602569580078,2520692
2020-12-16,9.089391708374023,12.038784980773926,12.038784980773926,11.644845962524414,11.802421569824219,6763733
2020-12-17,9.220260620117188,12.212118148803711,12.353937149047852,11.975754737854004,12.212118148803711,4371231
2020-12-18,8.93472957611084,11.83393669128418,12.353937149047852,11.629088401794434,12.212118148803711,4825616
2020-12-21,8.863347053527832,11.739391326904297,11.975754737854004,11.51878547668457,11.975754737854004,5398039
2020-12-22,8.768168449401855,11.613330841064453,11.755148887634277,11.471512794494629,11.739391326904297,2186661
2020-12-23,8.7205810546875,11.550299644470215,11.86545181274414,11.471512794494629,11.550299644470215,3868392
2020-12-24,8.637300491333008,11.439996719360352,11.439996719360352,11.439996719360352,11.439996719360352,0
2020-12-28,8.93930721282959,11.84000015258789,12.859999656677246,11.300000190734863,11.800000190734863,5792600
2020-12-29,8.984607696533203,11.899999618530273,12.399999618530273,11.5600004196167,11.9399995803833,2386000
2020-12-30,9.045007705688477,11.979999542236328,12.0600004196167,11.739999771118164,12.020000457763672,1747000
2020-12-31,9.13560962677002,12.100000381469727,12.100000381469727,12.100000381469727,12.100000381469727,0
2021-01-04,8.833605766296387,11.699999809265137,12.079999923706055,11.5,12.0,10976000
2021-01-05,8.81850528717041,11.680000305175781,11.899999618530273,11.039999961853027,11.5,4663000
2021-01-06,9.13560962677002,12.100000381469727,12.199999809265137,11.699999809265137,11.84000015258789,2061000
2021-01-07,9.241310119628906,12.239999771118164,12.380000114440918,12.0,12.380000114440918,1514000
2021-01-08,9.180910110473633,12.15999984741211,12.34000015258789,11.899999618530273,12.279999732971191,1878000
2021-01-11,9.603714942932129,12.720000267028809,12.819999694824219,12.0600004196167,12.15999984741211,1970000
2021-01-12,9.664114952087402,12.800000190734863,12.960000038146973,12.5,12.5,1019000
2021-01-13,9.769816398620605,12.9399995803833,13.0,12.779999732971191,12.800000190734863,2198000
2021-01-14,9.754716873168945,12.920000076293945,13.100000381469727,12.819999694824219,12.880000114440918,1093000
2021-01-15,9.528213500976562,12.619999885559082,12.880000114440918,12.579999923706055,12.880000114440918,1587000
2021-01-18,9.679215431213379,12.819999694824219,12.979999542236328,12.460000038146973,12.899999618530273,2063000
2021-01-19,9.875517845153809,13.079999923706055,13.420000076293945,12.319999694824219,12.319999694824219,2816000
2021-01-20,9.845317840576172,13.039999961853027,13.399999618530273,12.9399995803833,13.140000343322754,1438000
2021-01-21,9.860418319702148,13.0600004196167,13.119999885559082,12.880000114440918,13.0,1325000
2021-01-22,9.754716873168945,12.920000076293945,13.079999923706055,12.779999732971191,12.920000076293945,1817000
2021-01-25,9.769816398620605,12.9399995803833,13.0,12.539999961853027,12.9399995803833,2089000
2021-01-26,9.769816398620605,12.9399995803833,13.079999923706055,12.739999771118164,12.739999771118164,1201000
2021-01-27,9.618815422058105,12.739999771118164,12.920000076293945,12.479999542236328,12.920000076293945,1725928
2021-01-28,9.528213500976562,12.619999885559082,12.739999771118164,12.199999809265137,12.460000038146973,1701928
2021-01-29,9.362112045288086,12.399999618530273,12.720000267028809,12.380000114440918,12.600000381469727,1782000
2021-02-01,9.422513008117676,12.479999542236328,12.5600004196167,12.300000190734863,12.300000190734863,1642000
2021-02-02,9.422513008117676,12.479999542236328,12.5600004196167,12.359999656677246,12.5,1678000
2021-02-03,9.347012519836426,12.380000114440918,12.539999961853027,12.279999732971191,12.5,1751000
2021-02-04,9.13560962677002,12.100000381469727,12.279999732971191,11.9399995803833,12.279999732971191,1559000
2021-02-05,9.301711082458496,12.319999694824219,12.319999694824219,12.039999961853027,12.100000381469727,517000
2021-02-08,9.467812538146973,12.539999961853027,12.779999732971191,12.079999923706055,12.119999885559082,2115000
2021-02-09,9.437612533569336,12.5,12.680000305175781,12.4399995803833,12.539999961853027,682000
2021-02-10,9.543314933776855,12.640000343322754,12.680000305175781,12.380000114440918,12.479999542236328,687920
2021-02-11,9.316811561584473,12.34000015258789,12.34000015258789,12.34000015258789,12.34000015258789,0
2021-02-16,9.422513008117676,12.479999542236328,12.680000305175781,12.260000228881836,12.359999656677246,618000
2021-02-17,9.498013496398926,12.579999923706055,12.600000381469727,12.399999618530273,12.399999618530273,867383
2021-02-18,9.558414459228516,12.65999984741211,12.720000267028809,12.199999809265137,12.399999618530273,1969383
2021-02-19,9.633915901184082,12.760000228881836,12.920000076293945,12.65999984741211,12.779999732971191,833000
2021-02-22,9.633915901184082,12.760000228881836,12.859999656677246,12.65999984741211,12.760000228881836,1940000
2021-02-23,9.498013496398926,12.579999923706055,12.680000305175781,12.399999618530273,12.680000305175781,3165922
2021-02-24,9.467812538146973,12.539999961853027,12.720000267028809,12.4399995803833,12.579999923706055,2018922
2021-02-25,10.328523635864258,13.680000305175781,13.84000015258789,12.520000457763672,12.5600004196167,3826000
2021-02-26,10.102020263671875,13.380000114440918,13.800000190734863,13.180000305175781,13.5,1731000
2021-03-01,10.76642894744873,14.260000228881836,14.4399995803833,13.199999809265137,13.380000114440918,3033168
2021-03-02,11.325136184692383,15.0,15.020000457763672,14.260000228881836,14.260000228881836,5101924
2021-03-03,11.476137161254883,15.199999809265137,15.619999885559082,14.100000381469727,15.100000381469727,2165924
2021-03-04,11.551637649536133,15.300000190734863,15.420000076293945,14.739999771118164,15.0,2190000
2021-03-05,11.08353328704834,14.680000305175781,15.260000228881836,14.479999542236328,14.960000038146973,1904000
2021-03-08,10.857029914855957,14.380000114440918,15.020000457763672,14.239999771118164,14.720000267028809,1336088
2021-03-09,10.84192943572998,14.359999656677246,14.800000190734863,14.079999923706055,14.399999618530273,3381920
2021-03-10,10.90233039855957,14.4399995803833,15.0600004196167,14.15999984741211,15.0600004196167,982920
2021-03-11,11.128833770751953,14.739999771118164,14.779999732971191,14.039999961853027,14.180000305175781,1897000
2021-03-12,11.56673812866211,15.319999694824219,15.539999961853027,14.380000114440918,14.600000381469727,3294383
2021-03-15,11.29493522644043,14.960000038146973,15.600000381469727,14.819999694824219,15.600000381469727,1049905
2021-03-16,11.506338119506836,15.239999771118164,15.279999732971191,14.880000114440918,15.100000381469727,428544
2021-03-17,11.687539100646973,15.479999542236328,15.880000114440918,15.140000343322754,15.359999656677246,1541922
2021-03-18,11.702640533447266,15.5,15.84000015258789,15.380000114440918,15.84000015258789,1579000
2021-03-19,11.340235710144043,15.020000457763672,15.65999984741211,15.020000457763672,15.5,4156844
2021-03-22,11.702640533447266,15.5,15.65999984741211,15.020000457763672,15.020000457763672,1054844
2021-03-23,11.914042472839355,15.779999732971191,15.880000114440918,15.4399995803833,15.640000343322754,2226600
2021-03-24,11.627138137817383,15.399999618530273,15.84000015258789,15.239999771118164,15.84000015258789,1703000
2021-03-25,11.2496337890625,14.899999618530273,15.100000381469727,14.640000343322754,15.100000381469727,3452000
2021-03-26,10.388924598693848,13.760000228881836,15.180000305175781,13.680000305175781,15.199999809265137,5559000
2021-03-29,10.63052749633789,14.079999923706055,14.199999809265137,13.479999542236328,13.880000114440918,6350922
2021-03-30,10.5701265335083,14.0,14.300000190734863,13.800000190734863,14.300000190734863,1777922
2021-03-31,10.645627975463867,14.100000381469727,14.199999809265137,13.859999656677246,14.0,1580922
2021-04-01,11.008031845092773,14.579999923706055,14.640000343322754,14.199999809265137,14.300000190734863,2021922
2021-04-07,11.43083667755127,15.140000343322754,15.140000343322754,14.399999618530273,14.399999618530273,2785896
2021-04-08,11.2496337890625,14.899999618530273,15.399999618530273,14.520000457763672,15.399999618530273,1436922
2021-04-09,11.56673812866211,15.319999694824219,15.600000381469727,14.800000190734863,14.800000190734863,1271922
2021-04-12,11.43083667755127,15.140000343322754,15.859999656677246,14.880000114440918,14.880000114440918,1322922
2021-04-13,11.355335235595703,15.039999961853027,15.199999809265137,14.899999618530273,15.0,3533922
2021-04-14,11.174134254455566,14.800000190734863,15.039999961853027,14.680000305175781,15.039999961853027,612000
2021-04-15,11.355335235595703,15.039999961853027,15.15999984741211,14.779999732971191,14.819999694824219,2101000
2021-04-16,11.355335235595703,15.039999961853027,15.140000343322754,14.880000114440918,15.100000381469727,548000
2021-04-19,11.521437644958496,15.260000228881836,15.359999656677246,14.899999618530273,14.899999618530273,714000
2021-04-20,11.929142951965332,15.800000190734863,15.819999694824219,15.119999885559082,15.239999771118164,1457000
2021-04-21,12.080144882202148,16.0,16.139999389648438,15.65999984741211,15.739999771118164,635000
2021-04-22,12.080144882202148,16.0,16.280000686645508,15.960000038146973,16.0,672918
2021-04-23,12.095244407653809,16.020000457763672,16.15999984741211,15.920000076293945,16.020000457763672,960918
2021-04-26,12.049943923950195,15.960000038146973,16.34000015258789,15.899999618530273,16.059999465942383,2914104
2021-04-27,12.080144882202148,16.0,16.299999237060547,15.899999618530273,15.899999618530273,578000
2021-04-28,12.080144882202148,16.0,16.280000686645508,15.899999618530273,16.0,794000
2021-04-29,12.095244407653809,16.020000457763672,16.200000762939453,15.960000038146973,16.0,385000
2021-04-30,11.702640533447266,15.5,16.0,15.399999618530273,16.0,4356000
2021-05-03,12.049943923950195,15.960000038146973,16.0,15.5,15.5,4783000
2021-05-04,12.276447296142578,16.260000228881836,16.600000381469727,15.699999809265137,15.699999809265137,1142000
2021-05-05,12.049943923950195,15.960000038146973,16.260000228881836,15.960000038146973,16.0,251916
2021-05-06,11.521437644958496,15.260000228881836,16.100000381469727,15.119999885559082,15.899999618530273,1061374
2021-05-07,11.672439575195312,15.460000038146973,15.539999961853027,15.300000190734863,15.319999694824219,1087917
2021-05-10,11.778141021728516,15.600000381469727,15.680000305175781,15.5,15.579999923706055,938459
2021-05-11,11.506338119506836,15.239999771118164,15.619999885559082,15.079999923706055,15.619999885559082,2310000
2021-05-12,11.08353328704834,14.680000305175781,15.100000381469727,14.65999984741211,15.100000381469727,1601000
2021-05-13,10.872130393981934,14.399999618530273,14.680000305175781,14.199999809265137,14.680000305175781,1934000
2021-05-14,10.751328468322754,14.239999771118164,14.399999618530273,14.079999923706055,14.399999618530273,1683000
2021-05-17,10.736228942871094,14.220000267028809,14.420000076293945,14.0,14.239999771118164,1517914
2021-05-18,11.068432807922363,14.65999984741211,14.680000305175781,14.239999771118164,14.180000305175781,950914
2021-05-20,10.796629905700684,14.300000190734863,14.619999885559082,14.140000343322754,14.579999923706055,1276000
2021-05-21,10.84192943572998,14.359999656677246,14.359999656677246,14.020000457763672,14.300000190734863,1862000
2021-05-24,10.615427017211914,14.0600004196167,14.479999542236328,14.0,14.4399995803833,684908
2021-05-25,10.615427017211914,14.0600004196167,14.300000190734863,13.760000228881836,13.760000228881836,703908
2021-05-26,10.96273136138916,14.520000457763672,14.65999984741211,14.0600004196167,14.0600004196167,1037000
2021-05-27,11.008031845092773,14.579999923706055,14.579999923706055,14.279999732971191,14.4399995803833,1728000
2021-05-28,10.857029914855957,14.380000114440918,14.5,14.279999732971191,14.300000190734863,483000
2021-05-31,10.675827980041504,14.140000343322754,14.359999656677246,14.039999961853027,14.359999656677246,528000
2021-06-01,10.932530403137207,14.479999542236328,14.479999542236328,14.0,14.119999885559082,733000
2021-06-02,11.355335235595703,15.039999961853027,15.180000305175781,14.359999656677246,14.359999656677246,1950000
2021-06-03,10.947629928588867,14.5,15.039999961853027,14.359999656677246,15.0,872974
2021-06-04,10.992931365966797,14.5600004196167,14.800000190734863,14.34000015258789,14.5,66070000
2021-06-07,10.675827980041504,14.140000343322754,15.0600004196167,14.039999961853027,14.5600004196167,1449000
2021-06-08,10.675827980041504,14.140000343322754,14.520000457763672,13.779999732971191,14.260000228881836,1097000
2021-06-09,10.751328468322754,14.239999771118164,14.579999923706055,14.119999885559082,14.140000343322754,1137896
2021-06-10,10.796629905700684,14.300000190734863,14.5600004196167,14.079999923706055,14.239999771118164,1199896
2021-06-11,10.69092845916748,14.15999984741211,14.479999542236328,14.140000343322754,14.300000190734863,841000
2021-06-15,10.49462604522705,13.899999618530273,14.520000457763672,13.800000190734863,14.520000457763672,1588000
2021-06-16,10.283222198486328,13.619999885559082,14.039999961853027,13.34000015258789,13.899999618530273,1164700
2021-06-17,10.283222198486328,13.619999885559082,13.819999694824219,13.420000076293945,13.420000076293945,942000
2021-06-18,10.162422180175781,13.460000038146973,13.600000381469727,12.920000076293945,13.600000381469727,1984632
2021-06-21,10.328523635864258,13.680000305175781,13.859999656677246,13.34000015258789,13.399999618530273,1512974
2021-06-22,10.645627975463867,14.100000381469727,14.239999771118164,13.800000190734863,13.800000190734863,2258000
2021-06-23,10.76642894744873,14.260000228881836,14.300000190734863,13.460000038146973,14.039999961853027,1718000
2021-06-24,10.69092845916748,14.15999984741211,14.239999771118164,13.920000076293945,14.020000457763672,966658
2021-06-25,10.5701265335083,14.0,14.460000038146973,13.960000038146973,14.15999984741211,2079000
2021-06-28,10.434225082397461,13.819999694824219,14.15999984741211,13.65999984741211,14.15999984741211,522442
2021-06-29,10.388924598693848,13.760000228881836,13.9399995803833,13.680000305175781,13.819999694824219,406326
2021-06-30,10.539925575256348,13.960000038146973,14.0,13.699999809265137,13.979999542236328,929884
2021-07-02,11.38553524017334,15.079999923706055,15.319999694824219,14.220000267028809,14.220000267028809,3843624
2021-07-05,11.415736198425293,15.119999885559082,15.300000190734863,14.960000038146973,15.100000381469727,1265000
2021-07-06,11.506338119506836,15.239999771118164,15.4399995803833,14.800000190734863,15.079999923706055,933260
2021-07-07,11.853641510009766,15.699999809265137,15.760000228881836,15.220000267028809,15.220000267028809,1247872
2021-07-08,11.732840538024902,15.539999961853027,15.9399995803833,15.300000190734863,15.699999809265137,1514311
2021-07-09,11.506338119506836,15.239999771118164,15.539999961853027,14.899999618530273,15.399999618530273,631439
2021-07-12,11.38553524017334,15.079999923706055,15.5,15.020000457763672,15.180000305175781,267000
2021-07-13,11.445937156677246,15.15999984741211,15.359999656677246,14.899999618530273,15.039999961853027,752000
2021-07-14,11.400636672973633,15.100000381469727,15.100000381469727,14.819999694824219,15.039999961853027,465000
2021-07-15,11.612039566040039,15.380000114440918,15.819999694824219,15.15999984741211,15.180000305175781,845000
2021-07-16,11.657339096069336,15.4399995803833,15.720000267028809,15.380000114440918,15.479999542236328,258464
2021-07-19,11.551637649536133,15.300000190734863,15.5600004196167,15.220000267028809,15.380000114440918,970464
2021-07-20,11.2496337890625,14.899999618530273,15.260000228881836,14.640000343322754,15.100000381469727,1382318
2021-07-21,11.506338119506836,15.239999771118164,15.239999771118164,14.800000190734863,15.0,3118474
2021-07-22,11.612039566040039,15.380000114440918,16.0,15.0,15.380000114440918,1884422
2021-07-23,11.823440551757812,15.65999984741211,15.760000228881836,15.399999618530273,15.399999618530273,579000
2021-07-26,11.204334259033203,14.84000015258789,15.760000228881836,14.600000381469727,15.760000228881836,2064000
2021-07-27,10.7211275100708,14.199999809265137,15.0,13.739999771118164,14.680000305175781,3086000
2021-07-28,10.49462604522705,13.899999618530273,14.720000267028809,13.699999809265137,14.720000267028809,1309000
2021-07-29,10.5701265335083,14.0,14.100000381469727,13.539999961853027,14.0,3083000
2021-07-30,10.207722663879395,13.520000457763672,13.920000076293945,13.359999656677246,13.619999885559082,1046000
2021-08-02,10.419124603271484,13.800000190734863,13.800000190734863,12.960000038146973,13.520000457763672,1697000
2021-08-03,10.237922668457031,13.5600004196167,14.0,13.420000076293945,14.0,779000
2021-08-04,10.283222198486328,13.619999885559082,13.819999694824219,13.4399995803833,13.4399995803833,921061
2021-08-05,10.237922668457031,13.5600004196167,13.720000267028809,13.5,13.619999885559082,427000
2021-08-06,10.162422180175781,13.460000038146973,13.579999923706055,13.260000228881836,13.579999923706055,991000
2021-08-09,10.49462604522705,13.899999618530273,13.979999542236328,13.479999542236328,13.539999961853027,1124000
2021-08-10,10.600327491760254,14.039999961853027,15.5,13.960000038146973,14.100000381469727,1168000
2021-08-11,11.068432807922363,14.65999984741211,14.84000015258789,14.020000457763672,14.020000457763672,2512000
2021-08-12,11.204334259033203,14.84000015258789,14.84000015258789,14.420000076293945,14.420000076293945,724000
2021-08-13,11.08353328704834,14.680000305175781,15.0,14.579999923706055,14.699999809265137,444918
2021-08-16,11.29493522644043,14.960000038146973,15.0600004196167,14.65999984741211,14.680000305175781,540918
2021-08-17,11.415736198425293,15.119999885559082,15.15999984741211,14.779999732971191,14.9399995803833,629000
2021-08-18,11.551637649536133,15.300000190734863,15.300000190734863,15.079999923706055,15.199999809265137,386000
2021-08-19,11.415736198425293,15.119999885559082,15.600000381469727,14.920000076293945,15.579999923706055,478000
2021-08-20,11.43083667755127,15.140000343322754,15.199999809265137,14.65999984741211,14.84000015258789,743000
2021-08-23,11.476137161254883,15.199999809265137,15.279999732971191,15.0,15.15999984741211,877500
2021-08-24,11.461037635803223,15.180000305175781,15.5,15.100000381469727,15.34000015258789,381500
2021-08-25,11.898942947387695,15.760000228881836,15.760000228881836,15.260000228881836,15.34000015258789,649920
2021-08-26,11.732840538024902,15.539999961853027,15.859999656677246,15.260000228881836,15.859999656677246,621920
2021-08-27,11.642239570617676,15.420000076293945,15.619999885559082,15.279999732971191,15.619999885559082,690000
2021-08-30,11.627138137817383,15.399999618530273,15.5600004196167,15.0600004196167,15.5600004196167,814000
2021-08-31,12.019743919372559,15.920000076293945,15.920000076293945,15.239999771118164,15.300000190734863,1174000
2021-09-01,12.880453109741211,17.059999465942383,17.100000381469727,15.84000015258789,15.920000076293945,12200377
2021-09-02,12.71435260772705,16.84000015258789,17.5,16.799999237060547,17.299999237060547,4996377
2021-09-03,12.971055030822754,17.18000030517578,17.200000762939453,16.8799991607666,17.040000915527344,731000
2021-09-06,12.880453109741211,17.059999465942383,17.34000015258789,16.899999618530273,17.280000686645508,1490000
2021-09-07,12.86535358428955,17.040000915527344,17.139999389648438,16.920000076293945,17.040000915527344,972000
2021-09-08,12.744551658630371,16.8799991607666,17.020000457763672,16.700000762939453,17.0,734804
2021-09-09,12.684150695800781,16.799999237060547,16.799999237060547,16.559999465942383,16.799999237060547,1114328
2021-09-10,12.85025405883789,17.020000457763672,17.139999389648438,16.5,16.799999237060547,566000
2021-09-13,12.895554542541504,17.079999923706055,17.139999389648438,16.719999313354492,17.020000457763672,1902000
2021-09-14,12.729452133178711,16.860000610351562,17.15999984741211,16.65999984741211,17.079999923706055,2926918
2021-09-15,12.442547798156738,16.479999542236328,17.059999465942383,16.200000762939453,16.799999237060547,2263918
2021-09-16,11.43937873840332,14.140000343322754,15.399999618530273,14.020000457763672,15.399999618530273,1926000
2021-09-17,11.43937873840332,14.140000343322754,14.34000015258789,13.819999694824219,14.0600004196167,3362000
2021-09-20,10.581829071044922,13.079999923706055,14.140000343322754,12.960000038146973,14.020000457763672,1116000
2021-09-21,10.32294750213623,12.760000228881836,12.979999542236328,12.5600004196167,12.979999542236328,1002000
2021-09-23,11.099595069885254,13.720000267028809,13.880000114440918,13.039999961853027,13.039999961853027,2723748
2021-09-24,11.018692970275879,13.619999885559082,13.779999732971191,13.5,13.779999732971191,1467000
2021-09-27,10.986333847045898,13.579999923706055,13.619999885559082,13.319999694824219,13.619999885559082,1226000
2021-09-28,11.682080268859863,14.4399995803833,14.4399995803833,13.460000038146973,13.460000038146973,1237000
2021-09-29,11.90860366821289,14.720000267028809,14.859999656677246,14.0600004196167,14.399999618530273,1117000
2021-09-30,12.054224014282227,14.899999618530273,15.020000457763672,14.539999961853027,14.699999809265137,702000
2021-10-04,11.827702522277832,14.619999885559082,14.920000076293945,14.15999984741211,14.15999984741211,1038000
2021-10-05,11.455558776855469,14.15999984741211,14.5,14.020000457763672,14.5,485000
2021-10-06,11.21285629272461,13.859999656677246,14.239999771118164,13.819999694824219,14.199999809265137,246000
2021-10-07,11.423197746276855,14.119999885559082,14.260000228881836,13.699999809265137,13.699999809265137,657000
2021-10-08,11.423197746276855,14.119999885559082,14.260000228881836,13.800000190734863,14.140000343322754,894000
2021-10-11,11.326116561889648,14.0,14.380000114440918,13.819999694824219,14.380000114440918,625000
2021-10-12,11.423197746276855,14.119999885559082,14.34000015258789,14.0,14.0,465000
2021-10-15,11.48791790008545,14.199999809265137,14.319999694824219,13.880000114440918,14.020000457763672,1260156
2021-10-18,12.118945121765137,14.979999542236328,14.979999542236328,14.199999809265137,14.199999809265137,1718000
2021-10-19,11.827702522277832,14.619999885559082,15.100000381469727,14.300000190734863,14.960000038146973,1206000
2021-10-20,11.860062599182129,14.65999984741211,14.65999984741211,14.239999771118164,14.619999885559082,713000
2021-10-21,11.48791790008545,14.199999809265137,15.100000381469727,14.199999809265137,14.65999984741211,5144000
2021-10-22,12.458727836608887,15.399999618530273,15.399999618530273,14.619999885559082,14.979999542236328,1457600
2021-10-25,12.264566421508789,15.15999984741211,15.399999618530273,14.819999694824219,15.399999618530273,989600
2021-10-26,11.924783706665039,14.739999771118164,15.15999984741211,14.600000381469727,15.15999984741211,367000
2021-10-27,11.84388256072998,14.640000343322754,14.800000190734863,14.420000076293945,14.5,219297
2021-10-28,11.730620384216309,14.5,14.600000381469727,14.380000114440918,14.5,331453
2021-10-29,11.762981414794922,14.539999961853027,14.5600004196167,14.300000190734863,14.5,421037
2021-11-01,11.536458969116211,14.260000228881836,14.460000038146973,14.039999961853027,14.460000038146973,442500
2021-11-02,11.37465763092041,14.0600004196167,14.359999656677246,13.9399995803833,14.359999656677246,591000
2021-11-03,11.43937873840332,14.140000343322754,14.220000267028809,13.859999656677246,14.15999984741211,879000
2021-11-04,11.43937873840332,14.140000343322754,14.319999694824219,13.979999542236328,14.260000228881836,328795
2021-11-05,11.1481351852417,13.779999732971191,14.15999984741211,13.699999809265137,14.079999923706055,1223701
2021-11-08,11.180495262145996,13.819999694824219,14.279999732971191,13.420000076293945,13.760000228881836,2027846
2021-11-09,11.018692970275879,13.619999885559082,13.979999542236328,13.140000343322754,13.979999542236328,1589703
2021-11-10,11.37465763092041,14.0600004196167,14.15999984741211,13.300000190734863,13.800000190734863,1234567
2021-11-11,11.892422676086426,14.699999809265137,15.079999923706055,13.520000457763672,14.359999656677246,1784854
2021-11-12,12.3292875289917,15.239999771118164,15.239999771118164,14.539999961853027,14.800000190734863,2317780
2021-11-15,12.151305198669434,15.020000457763672,15.359999656677246,14.680000305175781,15.359999656677246,731354
2021-11-16,12.151305198669434,15.020000457763672,15.180000305175781,14.960000038146973,14.960000038146973,313132
2021-11-17,12.118945121765137,14.979999542236328,15.140000343322754,14.720000267028809,15.140000343322754,855132
2021-11-18,11.924783706665039,14.739999771118164,14.960000038146973,14.65999984741211,14.960000038146973,475000
2021-11-19,12.24838638305664,15.140000343322754,15.15999984741211,14.579999923706055,14.9399995803833,1013000
2021-11-22,12.216026306152344,15.100000381469727,15.220000267028809,14.960000038146973,15.140000343322754,330355
2021-11-23,12.458727836608887,15.399999618530273,15.479999542236328,14.699999809265137,14.699999809265137,737800
2021-11-24,12.410187721252441,15.34000015258789,15.4399995803833,15.0,15.0,357612
2021-11-25,12.620530128479004,15.600000381469727,15.619999885559082,15.039999961853027,15.5,715956
2021-11-26,12.264566421508789,15.15999984741211,15.600000381469727,14.819999694824219,15.640000343322754,375565
2021-11-29,12.135126113891602,15.0,15.220000267028809,14.779999732971191,15.039999961853027,571001
2021-11-30,12.038043975830078,14.880000114440918,15.0600004196167,14.239999771118164,15.0,1814704
2021-12-01,11.940962791442871,14.760000228881836,15.0,14.479999542236328,14.880000114440918,428751
2021-12-02,12.005683898925781,14.84000015258789,14.9399995803833,14.640000343322754,14.760000228881836,1098575
2021-12-03,12.08658504486084,14.9399995803833,14.9399995803833,14.680000305175781,14.84000015258789,453692
2021-12-06,12.02186393737793,14.859999656677246,15.859999656677246,14.5600004196167,15.199999809265137,1450128
2021-12-07,12.038043975830078,14.880000114440918,15.460000038146973,14.5,14.720000267028809,1620798
2021-12-08,12.296926498413086,15.199999809265137,15.420000076293945,14.699999809265137,14.779999732971191,1284132
2021-12-09,12.539629936218262,15.5,15.699999809265137,15.199999809265137,15.199999809265137,1957116
2021-12-10,12.523448944091797,15.479999542236328,15.680000305175781,15.279999732971191,15.420000076293945,1153278
2021-12-13,12.73379135131836,15.739999771118164,15.960000038146973,15.619999885559082,15.779999732971191,646500
2021-12-14,12.620530128479004,15.600000381469727,15.800000190734863,15.399999618530273,15.800000190734863,1050000
2021-12-15,12.394007682800293,15.319999694824219,15.800000190734863,15.300000190734863,15.680000305175781,536641
2021-12-16,12.345467567443848,15.260000228881836,15.359999656677246,14.880000114440918,15.180000305175781,1168526
2021-12-17,12.151305198669434,15.020000457763672,15.460000038146973,14.920000076293945,15.199999809265137,1618000
2021-12-20,11.876243591308594,14.680000305175781,15.300000190734863,14.420000076293945,15.300000190734863,1183000
2021-12-21,12.135126113891602,15.0,15.239999771118164,14.800000190734863,14.920000076293945,808689
2021-12-22,12.151305198669434,15.020000457763672,15.15999984741211,14.800000190734863,15.15999984741211,1140689
2021-12-23,12.879412651062012,15.920000076293945,15.920000076293945,15.020000457763672,15.119999885559082,1931700
2021-12-24,12.863231658935547,15.899999618530273,16.239999771118164,15.779999732971191,16.040000915527344,220000
2021-12-28,12.830872535705566,15.859999656677246,16.100000381469727,15.619999885559082,15.899999618530273,679000
2021-12-29,12.766151428222656,15.779999732971191,15.800000190734863,15.520000457763672,15.65999984741211,238000
2021-12-30,12.879412651062012,15.920000076293945,16.0,15.619999885559082,15.720000267028809,711000
2021-12-31,13.300097465515137,16.440000534057617,16.479999542236328,15.859999656677246,16.1200008392334,1126118
2022-01-03,12.89559268951416,15.9399995803833,16.440000534057617,15.920000076293945,16.440000534057617,262118
2022-01-04,12.944133758544922,16.0,16.079999923706055,15.819999694824219,15.9399995803833,518560
2022-01-05,12.79851245880127,15.819999694824219,16.059999465942383,15.5600004196167,16.0,723539
2022-01-06,12.539629936218262,15.5,16.0,15.260000228881836,16.0,727222
2022-01-07,12.879412651062012,15.920000076293945,15.9399995803833,15.600000381469727,15.800000190734863,383187
2022-01-10,12.766151428222656,15.779999732971191,16.18000030517578,15.680000305175781,15.859999656677246,754000
2022-01-11,12.863231658935547,15.899999618530273,16.0,15.520000457763672,15.779999732971191,3670000
2022-01-12,12.701431274414062,15.699999809265137,16.200000762939453,15.600000381469727,16.200000762939453,854120
2022-01-13,12.345467567443848,15.260000228881836,15.9399995803833,15.180000305175781,15.9399995803833,1013682
2022-01-14,12.199845314025879,15.079999923706055,15.460000038146973,14.800000190734863,15.279999732971191,851360
2022-01-17,11.95714282989502,14.779999732971191,15.079999923706055,14.699999809265137,15.079999923706055,745000
2022-01-18,11.892422676086426,14.699999809265137,15.0,14.65999984741211,15.0,800000
2022-01-19,12.038043975830078,14.880000114440918,14.899999618530273,14.399999618530273,14.539999961853027,2207000
2022-01-20,12.571990013122559,15.539999961853027,15.579999923706055,14.960000038146973,15.199999809265137,2795000
2022-01-21,12.766151428222656,15.779999732971191,15.960000038146973,15.579999923706055,15.800000190734863,831998
2022-01-24,12.685251235961914,15.680000305175781,15.9399995803833,15.5,15.800000190734863,386880
2022-01-25,12.604350090026855,15.579999923706055,15.65999984741211,15.399999618530273,15.65999984741211,374000
2022-01-26,12.55580997467041,15.520000457763672,16.0,15.420000076293945,16.0,562075
2022-01-27,12.216026306152344,15.100000381469727,15.739999771118164,14.9399995803833,15.739999771118164,351000
2022-01-28,11.95714282989502,14.779999732971191,15.460000038146973,14.600000381469727,15.460000038146973,245561
2022-01-31,11.940962791442871,14.760000228881836,14.760000228881836,14.760000228881836,14.760000228881836,0
2022-02-04,12.232206344604492,15.119999885559082,15.399999618530273,14.819999694824219,15.399999618530273,772674
2022-02-07,12.216026306152344,15.100000381469727,15.300000190734863,14.5,15.300000190734863,1105596
2022-02-08,12.151305198669434,15.020000457763672,15.260000228881836,14.720000267028809,15.199999809265137,732286
2022-02-09,12.31310749053955,15.220000267028809,15.220000267028809,14.779999732971191,15.199999809265137,758000
2022-02-10,12.571990013122559,15.539999961853027,15.800000190734863,15.260000228881836,15.319999694824219,293450
2022-02-11,12.183666229248047,15.0600004196167,15.539999961853027,14.960000038146973,15.34000015258789,2560000
2022-02-14,11.762981414794922,14.539999961853027,15.300000190734863,14.4399995803833,15.199999809265137,781030
2022-02-15,11.48791790008545,14.199999809265137,14.619999885559082,14.15999984741211,14.619999885559082,669000
2022-02-16,11.43937873840332,14.140000343322754,14.359999656677246,13.600000381469727,14.359999656677246,3333397
2022-02-17,11.601180076599121,14.34000015258789,14.640000343322754,14.180000305175781,14.34000015258789,574112
2022-02-18,12.102765083312988,14.960000038146973,14.979999542236328,14.359999656677246,14.359999656677246,816224
2022-02-21,12.118945121765137,14.979999542236328,15.0,14.539999961853027,14.960000038146973,639112
2022-02-22,12.08658504486084,14.9399995803833,15.079999923706055,14.699999809265137,14.979999542236328,391288
2022-02-23,11.90860366821289,14.720000267028809,15.100000381469727,14.680000305175781,14.979999542236328,430900
2022-02-24,11.665901184082031,14.420000076293945,14.800000190734863,14.140000343322754,14.720000267028809,2182000
2022-02-25,11.71444034576416,14.479999542236328,14.739999771118164,14.359999656677246,14.640000343322754,1105000
2022-02-28,11.730620384216309,14.5,14.800000190734863,14.380000114440918,14.539999961853027,2248766
2022-03-01,11.568819999694824,14.300000190734863,14.760000228881836,14.180000305175781,14.720000267028809,816123
2022-03-02,11.342297554016113,14.020000457763672,14.920000076293945,14.0,14.920000076293945,2509189
2022-03-03,11.95714282989502,14.779999732971191,14.84000015258789,14.0600004196167,14.220000267028809,601400
2022-03-04,12.02186393737793,14.859999656677246,14.899999618530273,14.640000343322754,14.800000190734863,640000
2022-03-07,12.31310749053955,15.220000267028809,15.239999771118164,14.539999961853027,14.600000381469727,997000
2022-03-08,11.860062599182129,14.65999984741211,15.199999809265137,14.5600004196167,15.199999809265137,728000
2022-03-09,11.649720191955566,14.399999618530273,14.880000114440918,13.920000076293945,14.880000114440918,681079
2022-03-10,11.698260307312012,14.460000038146973,14.65999984741211,14.260000228881836,14.5,828224
2022-03-11,11.245216369628906,13.899999618530273,14.460000038146973,13.399999618530273,14.460000038146973,2489084
2022-03-14,10.403846740722656,12.859999656677246,14.100000381469727,12.760000228881836,14.0,2329000
2022-03-15,9.513938903808594,11.760000228881836,12.859999656677246,11.640000343322754,12.859999656677246,3722290
2022-03-16,11.051054000854492,13.65999984741211,13.699999809265137,11.5,12.180000305175781,3150476
2022-03-17,12.135126113891602,15.0,15.199999809265137,14.239999771118164,15.15999984741211,4280595
2022-03-18,12.523448944091797,15.479999542236328,15.5600004196167,14.680000305175781,15.100000381469727,2578000
2022-03-21,12.474908828735352,15.420000076293945,15.819999694824219,15.100000381469727,15.819999694824219,863000
2022-03-22,12.863231658935547,15.899999618530273,15.979999542236328,15.479999542236328,15.579999923706055,1298000
2022-03-23,13.397177696228027,16.559999465942383,16.719999313354492,15.680000305175781,16.31999969482422,1395000
2022-03-24,13.558979988098145,16.760000228881836,16.920000076293945,16.440000534057617,16.639999389648438,1532400
2022-03-25,13.478078842163086,16.65999984741211,17.0,16.420000076293945,16.8799991607666,1075250
2022-03-28,13.445719718933105,16.6200008392334,16.860000610351562,16.15999984741211,16.5,1261000
2022-03-29,13.736961364746094,16.979999542236328,17.100000381469727,16.559999465942383,17.100000381469727,887000
2022-03-30,13.97966480255127,17.280000686645508,17.3799991607666,16.6200008392334,16.6200008392334,1077000
2022-03-31,13.8340425491333,17.100000381469727,17.579999923706055,17.079999923706055,17.399999618530273,2105535
2022-04-01,14.157645225524902,17.5,17.5,16.739999771118164,16.780000686645508,371565
2022-04-04,15.274075508117676,18.8799991607666,18.8799991607666,17.34000015258789,17.579999923706055,1949402
2022-04-06,15.6947603225708,19.399999618530273,19.6200008392334,18.299999237060547,18.8799991607666,3327250
2022-04-07,15.435879707336426,19.079999923706055,19.399999618530273,18.68000030517578,19.399999618530273,1783164
2022-04-08,15.581500053405762,19.260000228881836,19.280000686645508,18.6200008392334,19.079999923706055,16952000
2022-04-11,14.723953247070312,18.200000762939453,19.399999618530273,18.200000762939453,19.399999618530273,1219341
2022-04-12,14.918113708496094,18.440000534057617,18.700000762939453,17.65999984741211,18.020000457763672,2496000
2022-04-13,15.35497760772705,18.979999542236328,19.280000686645508,17.979999542236328,18.559999465942383,1622100
2022-04-14,15.53296184539795,19.200000762939453,19.360000610351562,18.739999771118164,19.239999771118164,708664
2022-04-19,16.50377082824707,20.399999618530273,20.399999618530273,19.0,19.100000381469727,3648298
2022-04-20,15.338797569274902,18.959999084472656,20.25,18.899999618530273,20.25,1661148
2022-04-21,15.35497760772705,18.979999542236328,19.6200008392334,18.700000762939453,19.6200008392334,1275000
2022-04-22,15.662400245666504,19.360000610351562,19.540000915527344,18.579999923706055,18.799999237060547,1339162
2022-04-25,14.999014854431152,18.540000915527344,19.020000457763672,18.31999969482422,19.0,1074252
2022-04-26,15.128457069396973,18.700000762939453,19.239999771118164,18.600000381469727,18.639999389648438,608800
2022-04-27,15.047554969787598,18.600000381469727,19.0,18.360000610351562,18.700000762939453,810580
2022-04-28,15.0151948928833,18.559999465942383,18.780000686645508,18.219999313354492,18.6200008392334,581000
2022-04-29,15.63004207611084,19.31999969482422,19.920000076293945,18.420000076293945,18.559999465942383,786008
2022-05-03,15.516779899597168,19.18000030517578,19.700000762939453,19.18000030517578,19.31999969482422,166162
2022-05-04,15.743302345275879,19.459999084472656,19.719999313354492,19.260000228881836,19.260000228881836,329000
2022-05-05,16.0345458984375,19.81999969482422,20.25,19.600000381469727,19.600000381469727,1428103
2022-05-06,15.096095085144043,18.65999984741211,19.360000610351562,18.440000534057617,19.079999923706055,1131000
2022-05-10,14.756312370300293,18.239999771118164,18.579999923706055,17.799999237060547,18.0,1575823
2022-05-11,14.643051147460938,18.100000381469727,18.559999465942383,17.920000076293945,18.3799991607666,420000
2022-05-12,14.092924118041992,17.420000076293945,18.18000030517578,17.1200008392334,18.139999389648438,932000
2022-05-13,14.643051147460938,18.100000381469727,18.260000228881836,17.700000762939453,18.0,1093000
2022-05-16,15.096095085144043,18.65999984741211,19.280000686645508,18.139999389648438,18.5,650270
2022-05-17,14.837213516235352,18.34000015258789,18.639999389648438,18.1200008392334,18.299999237060547,493000
2022-05-18,14.707771301269531,18.18000030517578,18.920000076293945,17.579999923706055,18.920000076293945,985000
2022-05-19,14.562150001525879,18.0,18.0,17.5,17.5,1029000
2022-05-20,14.6915922164917,18.15999984741211,18.200000762939453,17.6200008392334,18.059999465942383,881000
2022-05-23,14.723953247070312,18.200000762939453,18.200000762939453,17.520000457763672,18.059999465942383,597000
2022-05-24,14.429472923278809,16.65999984741211,17.260000228881836,16.360000610351562,17.260000228881836,1077166
2022-05-25,14.550727844238281,16.799999237060547,17.020000457763672,16.520000457763672,17.020000457763672,424166
2022-05-26,14.498761177062988,16.739999771118164,16.959999084472656,16.440000534057617,16.899999618530273,461000
2022-05-27,14.481438636779785,16.719999313354492,17.020000457763672,16.600000381469727,16.780000686645508,222000
2022-05-30,14.30821704864502,16.520000457763672,17.0,16.299999237060547,16.81999969482422,793000
2022-05-31,14.637340545654297,16.899999618530273,17.020000457763672,16.360000610351562,16.420000076293945,1912000
2022-06-01,14.862530708312988,17.15999984741211,17.31999969482422,16.860000610351562,17.139999389648438,635000
2022-06-02,14.949142456054688,17.260000228881836,17.299999237060547,16.940000534057617,17.100000381469727,307000
2022-06-06,15.139686584472656,17.479999542236328,17.719999313354492,16.84000015258789,17.479999542236328,357240
2022-06-07,15.191654205322266,17.540000915527344,17.600000381469727,17.040000915527344,17.31999969482422,5364000
2022-06-08,15.295587539672852,17.65999984741211,17.799999237060547,17.420000076293945,17.559999465942383,597207
2022-06-09,15.468811988830566,17.860000610351562,18.31999969482422,17.540000915527344,17.65999984741211,899000
2022-06-10,15.208976745605469,17.559999465942383,17.920000076293945,17.3799991607666,17.6200008392334,819000
2022-06-13,14.914497375488281,17.219999313354492,17.260000228881836,16.860000610351562,17.239999771118164,860000
2022-06-14,14.845207214355469,17.139999389648438,17.360000610351562,16.84000015258789,17.360000610351562,1019168
2022-06-15,15.278265953063965,17.639999389648438,17.639999389648438,17.139999389648438,17.139999389648438,1431000
2022-06-16,14.914497375488281,17.219999313354492,17.719999313354492,17.0,17.639999389648438,1698000
2022-06-17,14.827886581420898,17.1200008392334,17.81999969482422,16.940000534057617,17.5,1363000
2022-06-20,15.780611038208008,18.219999313354492,18.420000076293945,16.899999618530273,17.139999389648438,1743000
2022-06-21,16.577436447143555,19.139999389648438,19.260000228881836,18.34000015258789,18.5,3850870
2022-06-22,17.027816772460938,19.65999984741211,19.799999237060547,19.1200008392334,19.219999313354492,4416515
2022-06-23,17.755353927612305,20.5,20.600000381469727,19.780000686645508,19.940000534057617,4606204
2022-06-24,17.755353927612305,20.5,20.899999618530273,20.200000762939453,20.799999237060547,2218449
2022-06-27,17.841964721679688,20.600000381469727,21.399999618530273,20.450000762939453,20.799999237060547,1846954
2022-06-28,17.5388240814209,20.25,21.399999618530273,20.0,20.700000762939453,1325766
2022-06-29,18.015188217163086,20.799999237060547,20.950000762939453,20.149999618530273,20.350000381469727,1360000
2022-06-30,18.361635208129883,21.200000762939453,21.25,20.350000381469727,20.850000381469727,1580701
2022-07-04,18.404939651489258,21.25,22.799999237060547,20.75,21.399999618530273,3963426
2022-07-05,18.318328857421875,21.149999618530273,21.850000381469727,20.899999618530273,21.25,2239771
2022-07-06,17.625436782836914,20.350000381469727,21.0,20.049999237060547,21.0,1615069
2022-07-07,16.993173599243164,19.6200008392334,20.100000381469727,19.399999618530273,20.100000381469727,1790000
2022-07-08,17.131752014160156,19.780000686645508,20.600000381469727,19.6200008392334,20.600000381469727,1496000
2022-07-11,16.490827560424805,19.040000915527344,19.760000228881836,18.920000076293945,19.84000015258789,864000
2022-07-12,15.988479614257812,18.459999084472656,19.34000015258789,18.440000534057617,19.280000686645508,706189
2022-07-13,15.330233573913574,17.700000762939453,18.0,16.799999237060547,17.520000457763672,48642377
2022-07-14,15.503456115722656,17.899999618530273,18.079999923706055,17.100000381469727,18.079999923706055,3736000
2022-07-15,15.434165954589844,17.81999969482422,18.31999969482422,17.6200008392334,17.899999618530273,2435722
2022-07-18,16.42153549194336,18.959999084472656,19.040000915527344,17.6200008392334,17.719999313354492,2142195
2022-07-19,16.80262565612793,19.399999618530273,19.459999084472656,18.260000228881836,18.739999771118164,1507062
2022-07-20,16.59476089477539,19.15999984741211,19.780000686645508,19.15999984741211,19.540000915527344,839549
2022-07-21,16.456180572509766,19.0,19.68000030517578,19.0,19.68000030517578,1380940
2022-07-22,16.282958984375,18.799999237060547,19.299999237060547,18.520000457763672,19.18000030517578,1226700
2022-07-25,16.993173599243164,19.6200008392334,19.739999771118164,18.68000030517578,18.860000610351562,1372003
2022-07-26,16.993173599243164,19.6200008392334,19.760000228881836,19.200000762939453,19.760000228881836,3908442
2022-07-27,16.85459327697754,19.459999084472656,19.700000762939453,18.959999084472656,19.420000076293945,721413
2022-07-28,16.80262565612793,19.399999618530273,19.84000015258789,19.100000381469727,19.6200008392334,940000
2022-07-29,16.525470733642578,19.079999923706055,19.34000015258789,18.639999389648438,19.299999237060547,1548000
2022-08-01,15.936511993408203,18.399999618530273,19.020000457763672,17.579999923706055,19.020000457763672,3284761
2022-08-02,15.364876747131348,17.739999771118164,18.579999923706055,17.579999923706055,18.579999923706055,2374931
2022-08-03,15.122363090515137,17.459999084472656,19.420000076293945,17.0,19.420000076293945,2287559
2022-08-04,15.139686584472656,17.479999542236328,17.65999984741211,17.1200008392334,17.639999389648438,1174125
2022-08-05,15.451488494873047,17.84000015258789,18.0,17.360000610351562,17.559999465942383,851000
2022-08-08,15.330233573913574,17.700000762939453,17.899999618530273,17.34000015258789,17.639999389648438,1093000
2022-08-09,15.208976745605469,17.559999465942383,18.079999923706055,17.31999969482422,18.079999923706055,551400
2022-08-10,14.983786582946777,17.299999237060547,17.899999618530273,17.100000381469727,17.899999618530273,1292000
2022-08-11,14.68930721282959,16.959999084472656,17.34000015258789,16.739999771118164,17.200000762939453,2958740
2022-08-12,14.845207214355469,17.139999389648438,17.200000762939453,16.100000381469727,16.760000228881836,3846360
2022-08-15,14.845207214355469,17.139999389648438,17.18000030517578,16.479999542236328,17.18000030517578,1630000
2022-08-16,14.983786582946777,17.299999237060547,18.079999923706055,17.139999389648438,17.239999771118164,2509400
2022-08-17,15.278265953063965,17.639999389648438,17.860000610351562,17.139999389648438,17.579999923706055,1047994
2022-08-18,14.827886581420898,17.1200008392334,17.579999923706055,16.920000076293945,17.34000015258789,1262287
2022-08-19,15.174332618713379,17.520000457763672,17.600000381469727,17.100000381469727,17.1200008392334,1009510
2022-08-22,15.57274341583252,17.979999542236328,17.979999542236328,17.31999969482422,17.31999969482422,1632000
2022-08-23,16.005802154541016,18.479999542236328,18.559999465942383,17.899999618530273,17.979999542236328,1317600
2022-08-24,11.380748748779297,13.140000343322754,16.100000381469727,12.899999618530273,16.100000381469727,27367138
2022-08-25,12.142930030822754,14.020000457763672,14.300000190734863,13.140000343322754,13.140000343322754,10613731
2022-08-26,14.013737678527832,16.18000030517578,16.700000762939453,14.600000381469727,14.600000381469727,9578498
2022-08-29,13.857837677001953,16.0,16.739999771118164,15.699999809265137,16.18000030517578,7809527
2022-08-30,13.771224975585938,15.899999618530273,16.579999923706055,15.34000015258789,16.0,5680126
2022-08-31,13.632647514343262,15.739999771118164,16.040000915527344,15.420000076293945,15.4399995803833,5005044
2022-09-01,13.857837677001953,16.0,16.68000030517578,15.680000305175781,16.040000915527344,4943198
2022-09-02,13.701936721801758,15.819999694824219,16.079999923706055,15.600000381469727,15.9399995803833,2506038
2022-09-05,13.961771965026855,16.1200008392334,16.1200008392334,15.520000457763672,15.520000457763672,1531787
2022-09-06,14.550727844238281,16.799999237060547,16.979999542236328,16.079999923706055,16.079999923706055,2044467
2022-09-07,14.72395133972168,17.0,17.459999084472656,16.700000762939453,16.799999237060547,2037000
2022-09-08,14.671985626220703,16.940000534057617,17.15999984741211,16.600000381469727,16.600000381469727,1636000
2022-09-09,16.23099136352539,18.739999771118164,18.899999618530273,16.920000076293945,16.920000076293945,8017855
2022-09-13,16.61208152770996,19.18000030517578,19.31999969482422,18.020000457763672,18.6200008392334,4028100
2022-09-14,16.733339309692383,19.31999969482422,19.6200008392334,17.860000610351562,17.860000610351562,2424367
2022-09-15,17.365602493286133,20.049999237060547,20.700000762939453,19.31999969482422,19.31999969482422,7576644
2022-09-16,17.365602493286133,20.049999237060547,20.649999618530273,19.899999618530273,20.100000381469727,8710732
2022-09-19,17.010494232177734,19.639999389648438,20.450000762939453,19.520000457763672,19.81999969482422,3919584
2022-09-20,17.322296142578125,20.0,20.25,19.6200008392334,19.700000762939453,5747236
2022-09-21,17.5388240814209,20.25,20.899999618530273,19.239999771118164,19.239999771118164,5745582
2022-09-22,17.5388240814209,20.25,20.450000762939453,19.260000228881836,19.520000457763672,2781000
2022-09-23,17.452213287353516,20.149999618530273,20.600000381469727,19.459999084472656,20.100000381469727,2980295
2022-09-26,17.235685348510742,19.899999618530273,21.0,19.459999084472656,20.399999618530273,4437123
2022-09-27,17.304973602294922,19.979999542236328,20.049999237060547,19.559999465942383,19.8799991607666,2526854
2022-09-28,16.923885345458984,19.540000915527344,20.0,19.34000015258789,20.0,2316491
2022-09-29,17.322296142578125,20.0,20.100000381469727,19.6200008392334,19.920000076293945,1925000
2022-09-30,17.5388240814209,20.25,20.399999618530273,19.700000762939453,20.0,1782000
2022-10-03,18.145105361938477,20.950000762939453,21.549999237060547,20.299999237060547,20.350000381469727,2321600
2022-10-05,18.70808219909668,21.600000381469727,21.950000762939453,20.950000762939453,21.5,4738915
2022-10-06,18.578163146972656,21.450000762939453,21.799999237060547,21.299999237060547,21.75,687917
2022-10-07,18.404939651489258,21.25,21.399999618530273,20.799999237060547,21.399999618530273,754596
2022-10-10,17.97188377380371,20.75,21.399999618530273,20.600000381469727,20.799999237060547,2366318
2022-10-11,17.71204948425293,20.450000762939453,21.149999618530273,20.049999237060547,21.149999618530273,2845732
2022-10-12,17.365602493286133,20.049999237060547,20.899999618530273,19.399999618530273,20.450000762939453,3872952
2022-10-13,17.062461853027344,19.700000762939453,20.200000762939453,19.239999771118164,20.100000381469727,3592000
2022-10-14,17.322296142578125,20.0,20.049999237060547,19.600000381469727,19.860000610351562,1733059
2022-10-17,16.958528518676758,19.579999923706055,19.979999542236328,17.420000076293945,19.739999771118164,1134000
2022-10-18,16.958528518676758,19.579999923706055,19.860000610351562,19.219999313354492,19.559999465942383,1648000
2022-10-19,16.80262565612793,19.399999618530273,20.350000381469727,19.3799991607666,19.700000762939453,1749000
2022-10-20,16.4735050201416,19.020000457763672,19.31999969482422,18.079999923706055,19.079999923706055,9613695
2022-10-21,16.629405975341797,19.200000762939453,19.68000030517578,18.780000686645508,18.959999084472656,1511000
2022-10-24,14.620018005371094,16.8799991607666,19.040000915527344,16.639999389648438,18.8799991607666,5955344
2022-10-25,14.72395133972168,17.0,17.440000534057617,16.18000030517578,17.440000534057617,3927000
2022-10-26,14.065704345703125,16.239999771118164,17.479999542236328,16.0,17.15999984741211,4011553
2022-10-27,12.783854484558105,14.760000228881836,16.479999542236328,14.720000267028809,16.479999542236328,9972153
2022-10-28,11.727194786071777,13.539999961853027,14.859999656677246,13.220000267028809,14.65999984741211,12915900
2022-10-31,10.566600799560547,12.199999809265137,13.300000190734863,11.819999694824219,13.300000190734863,18178639
2022-11-01,11.519328117370605,13.300000190734863,13.319999694824219,11.640000343322754,11.979999542236328,13289154
2022-11-02,11.883095741271973,13.720000267028809,14.0,12.579999923706055,13.239999771118164,8565550
2022-11-03,12.541341781616211,14.479999542236328,14.699999809265137,13.65999984741211,13.65999984741211,8951000
2022-11-04,13.944449424743652,16.100000381469727,16.260000228881836,14.319999694824219,14.479999542236328,5545119
2022-11-07,14.238927841186523,16.440000534057617,17.299999237060547,16.1200008392334,17.200000762939453,2472000
2022-11-08,14.169639587402344,16.360000610351562,16.959999084472656,16.020000457763672,16.6200008392334,1928000
2022-11-09,14.516084671020508,16.760000228881836,17.700000762939453,16.360000610351562,16.360000610351562,3719329
2022-11-10,14.186960220336914,16.3799991607666,17.959999084472656,16.100000381469727,17.959999084472656,1930948
2022-11-11,15.694002151489258,18.1200008392334,18.299999237060547,17.0,17.299999237060547,4942360
2022-11-14,15.659356117248535,18.079999923706055,20.700000762939453,17.299999237060547,19.0,11359418
2022-11-15,16.508148193359375,19.059999465942383,19.5,17.719999313354492,18.079999923706055,4884429
2022-11-16,16.66404914855957,19.239999771118164,19.600000381469727,18.520000457763672,19.079999923706055,3065257
2022-11-17,16.560115814208984,19.1200008392334,19.5,18.8799991607666,19.239999771118164,1832761
2022-11-18,16.490827560424805,19.040000915527344,19.68000030517578,18.899999618530273,19.479999542236328,1809222
2022-11-21,16.02312469482422,18.5,19.399999618530273,18.299999237060547,19.399999618530273,1533000
2022-11-22,16.144380569458008,18.639999389648438,19.540000915527344,18.600000381469727,18.639999389648438,3082083
2022-11-23,16.490827560424805,19.040000915527344,19.719999313354492,18.600000381469727,19.360000610351562,1275625
2022-11-24,16.369569778442383,18.899999618530273,19.700000762939453,18.799999237060547,19.200000762939453,1816000
2022-11-25,17.253007888793945,19.920000076293945,20.0,18.959999084472656,19.360000610351562,7891958
2022-11-28,17.04513931274414,19.68000030517578,19.959999084472656,18.979999542236328,19.739999771118164,2692946
2022-11-29,17.201040267944336,19.860000610351562,20.899999618530273,19.459999084472656,20.200000762939453,7199662
2022-11-30,15.867222785949707,18.31999969482422,18.459999084472656,17.5,18.0,110886477
2022-12-01,16.456180572509766,19.0,19.219999313354492,18.15999984741211,18.239999771118164,18015236
2022-12-02,16.02312469482422,18.5,19.260000228881836,17.81999969482422,19.200000762939453,7991996
2022-12-05,16.02312469482422,18.5,19.0,18.100000381469727,19.0,4680424
2022-12-06,16.54279327392578,19.100000381469727,19.200000762939453,18.0,18.559999465942383,3286083
2022-12-07,16.750659942626953,19.34000015258789,20.0,19.0,19.280000686645508,7002912
2022-12-08,17.495519638061523,20.200000762939453,20.25,19.200000762939453,19.200000762939453,3981000
2022-12-09,18.015188217163086,20.799999237060547,21.299999237060547,20.200000762939453,20.200000762939453,8713225
2022-12-12,17.668743133544922,20.399999618530273,20.649999618530273,19.6200008392334,19.639999389648438,2307632
2022-12-13,17.625436782836914,20.350000381469727,21.200000762939453,20.0,20.399999618530273,4218714
2022-12-14,17.755353927612305,20.5,20.850000381469727,20.049999237060547,20.350000381469727,3606530
2022-12-15,17.885269165039062,20.649999618530273,20.75,19.600000381469727,20.399999618530273,2752522
2022-12-16,18.491552352905273,21.350000381469727,21.549999237060547,20.299999237060547,21.0,2964147
2022-12-19,19.054527282714844,22.0,22.0,20.950000762939453,21.350000381469727,2354008
2022-12-20,18.578163146972656,21.450000762939453,22.0,20.950000762939453,22.0,2050000
2022-12-21,18.491552352905273,21.350000381469727,22.0,21.149999618530273,21.450000762939453,836032
2022-12-22,19.22774887084961,22.200000762939453,22.299999237060547,21.350000381469727,22.299999237060547,2323957
2022-12-23,19.877336502075195,22.950000762939453,23.350000381469727,21.649999618530273,21.649999618530273,2400221
2022-12-28,19.574195861816406,22.600000381469727,23.5,22.5,23.5,962346
2022-12-29,19.314359664916992,22.299999237060547,22.600000381469727,21.850000381469727,22.25,884000
2022-12-30,19.704111099243164,22.75,22.850000381469727,21.899999618530273,22.100000381469727,1485717
2023-01-03,19.92064094543457,23.0,23.350000381469727,21.700000762939453,21.700000762939453,1669179
2023-01-04,20.18047523498535,23.299999237060547,23.549999237060547,22.450000762939453,22.450000762939453,3103678
2023-01-05,21.1765079498291,24.450000762939453,24.5,23.200000762939453,23.450000762939453,3368927
2023-01-06,22.17253875732422,25.600000381469727,25.899999618530273,24.549999237060547,24.549999237060547,2510542
2023-01-09,21.133201599121094,24.399999618530273,26.299999237060547,24.350000381469727,25.850000381469727,4526000
2023-01-10,20.570226669311523,23.75,25.100000381469727,23.399999618530273,25.100000381469727,9439481
2023-01-11,21.436342239379883,24.75,25.100000381469727,23.799999237060547,24.450000762939453,7660336
2023-01-12,20.52692222595215,23.700000762939453,24.549999237060547,23.5,24.149999618530273,3946775
2023-01-13,20.22378158569336,23.350000381469727,24.0,22.899999618530273,24.0,1977798
2023-01-16,20.007251739501953,23.100000381469727,23.549999237060547,22.049999237060547,22.049999237060547,3203000
2023-01-17,20.18047523498535,23.299999237060547,23.649999618530273,22.700000762939453,23.200000762939453,1009000
2023-01-18,20.873369216918945,24.100000381469727,24.200000762939453,23.5,23.75,1385231
2023-01-19,21.046588897705078,24.299999237060547,24.299999237060547,23.75,24.049999237060547,886381
2023-01-20,21.566259384155273,24.899999618530273,25.0,24.049999237060547,24.200000762939453,726324
2023-01-26,22.17253875732422,25.600000381469727,25.950000762939453,24.600000381469727,25.600000381469727,1365388
2023-01-27,21.782787322998047,25.149999618530273,25.700000762939453,24.450000762939453,25.700000762939453,1170748
2023-01-30,21.306425094604492,24.600000381469727,25.350000381469727,24.200000762939453,25.0,3051451
2023-01-31,21.566259384155273,24.899999618530273,25.299999237060547,24.0,24.0,4816923
2023-02-01,22.518985748291016,26.0,26.200000762939453,24.299999237060547,24.299999237060547,2340880
2023-02-02,21.86939811706543,25.25,26.450000762939453,25.100000381469727,26.0,1107977
2023-02-03,21.566259384155273,24.899999618530273,25.850000381469727,24.700000762939453,25.850000381469727,1179273
2023-02-06,20.91667366027832,24.149999618530273,24.5,23.350000381469727,24.299999237060547,1934829
2023-02-07,21.522953033447266,24.850000381469727,25.350000381469727,24.5,24.5,1617513
2023-02-08,22.259151458740234,25.700000762939453,26.0,24.850000381469727,24.850000381469727,1382542
2023-02-09,22.389068603515625,25.850000381469727,25.950000762939453,25.25,25.25,1440000
2023-02-10,22.302457809448242,25.75,26.0,25.25,25.799999237060547,1199888
2023-02-13,22.822126388549805,26.350000381469727,26.5,25.100000381469727,26.0,1727165
2023-02-14,23.25518226623535,26.850000381469727,27.149999618530273,26.200000762939453,26.200000762939453,1254000
2023-02-15,22.648902893066406,26.149999618530273,26.950000762939453,26.0,26.799999237060547,807729
2023-02-16,22.518985748291016,26.0,26.299999237060547,25.5,26.299999237060547,1589163
2023-02-17,22.432373046875,25.899999618530273,26.5,25.75,26.5,908100
2023-02-20,22.345762252807617,25.799999237060547,25.899999618530273,25.149999618530273,25.799999237060547,753948
2023-02-21,23.16857147216797,26.75,26.950000762939453,25.600000381469727,25.850000381469727,1867399
2023-02-22,22.648902893066406,26.149999618530273,26.700000762939453,25.5,26.5,1254226
2023-02-23,21.60956573486328,24.950000762939453,26.0,24.5,25.600000381469727,1704912
2023-02-24,21.86939811706543,25.25,25.5,24.399999618530273,25.5,1821345
2023-02-27,21.86939811706543,25.25,25.600000381469727,24.850000381469727,24.950000762939453,573221
2023-02-28,21.912704467773438,25.299999237060547,25.549999237060547,25.100000381469727,25.149999618530273,1666281
2023-03-01,22.73551368713379,26.25,26.25,25.299999237060547,25.299999237060547,1668597
2023-03-02,22.345762252807617,25.799999237060547,26.149999618530273,25.399999618530273,26.149999618530273,1604017
2023-03-03,23.03865623474121,26.600000381469727,26.700000762939453,25.700000762939453,26.100000381469727,1398104
2023-03-06,22.86543083190918,26.399999618530273,26.600000381469727,25.75,26.600000381469727,1351456
2023-03-07,22.73551368713379,26.25,26.850000381469727,25.899999618530273,26.25,1313685
2023-03-08,22.302457809448242,25.75,26.200000762939453,25.600000381469727,25.950000762939453,1952598
2023-03-09,21.782787322998047,25.149999618530273,26.350000381469727,25.049999237060547,26.350000381469727,2384947
2023-03-10,21.046588897705078,24.299999237060547,25.0,23.75,25.0,2037822
2023-03-13,21.349729537963867,24.649999618530273,24.950000762939453,24.100000381469727,24.450000762939453,1056662
2023-03-14,20.52692222595215,23.700000762939453,24.799999237060547,23.700000762939453,24.149999618530273,1533989
2023-03-15,21.21981430053711,24.5,24.75,24.049999237060547,24.049999237060547,2018895
2023-03-16,21.696176528930664,25.049999237060547,25.149999618530273,24.299999237060547,24.600000381469727,1098208
2023-03-17,22.12923240661621,25.549999237060547,25.600000381469727,24.899999618530273,25.149999618530273,16217547
2023-03-20,21.999317169189453,25.399999618530273,25.649999618530273,25.149999618530273,25.649999618530273,4542101
2023-03-21,22.432373046875,25.899999618530273,26.200000762939453,24.950000762939453,25.149999618530273,1076303
2023-03-22,23.03865623474121,26.600000381469727,26.75,25.700000762939453,25.899999618530273,1200778
2023-03-23,22.908737182617188,26.450000762939453,26.549999237060547,25.899999618530273,26.350000381469727,2100354
2023-03-24,22.778820037841797,26.299999237060547,27.0,26.100000381469727,27.0,1891000
2023-03-27,22.56229019165039,26.049999237060547,26.350000381469727,25.600000381469727,26.350000381469727,2256037
2023-03-28,22.692209243774414,26.200000762939453,26.399999618530273,25.850000381469727,26.049999237060547,1435778
2023-03-29,22.475679397583008,25.950000762939453,26.399999618530273,25.049999237060547,26.200000762939453,1861984
2023-03-30,22.302457809448242,25.75,26.5,25.450000762939453,25.950000762939453,1330860
2023-03-31,22.302457809448242,25.75,26.549999237060547,25.350000381469727,25.950000762939453,1653570
2023-04-03,22.302457809448242,25.75,26.350000381469727,25.5,26.25,1610708
2023-04-04,22.345762252807617,25.799999237060547,26.100000381469727,25.600000381469727,25.75,2251488
2023-04-06,21.263118743896484,24.549999237060547,25.799999237060547,23.549999237060547,25.799999237060547,3804330
2023-04-11,22.648902893066406,26.149999618530273,26.5,24.950000762939453,25.149999618530273,4442914
2023-04-12,23.081960678100586,26.649999618530273,27.299999237060547,26.350000381469727,26.350000381469727,3789034
2023-04-13,23.904769897460938,27.600000381469727,27.799999237060547,26.350000381469727,26.649999618530273,3512108
2023-04-14,23.42840576171875,27.049999237060547,27.799999237060547,27.0,27.799999237060547,2038376
2023-04-17,22.518985748291016,26.0,27.25,25.399999618530273,27.049999237060547,11465462
2023-04-18,22.04262351989746,25.450000762939453,26.899999618530273,25.299999237060547,25.549999237060547,2461137
2023-04-19,21.60956573486328,24.950000762939453,25.600000381469727,24.549999237060547,25.600000381469727,2187000
2023-04-20,21.479646682739258,24.799999237060547,25.5,24.700000762939453,25.5,3114974
2023-04-21,21.089895248413086,24.350000381469727,25.149999618530273,24.149999618530273,24.850000381469727,1256657
2023-04-24,21.046588897705078,24.299999237060547,24.950000762939453,23.649999618530273,24.399999618530273,1729263
2023-04-25,20.440309524536133,23.600000381469727,24.350000381469727,23.5,24.25,1389812
2023-04-26,20.743450164794922,23.950000762939453,24.450000762939453,23.399999618530273,23.600000381469727,1556304
2023-04-27,20.65683937072754,23.850000381469727,24.049999237060547,23.350000381469727,24.049999237060547,1813874
2023-04-28,20.830060958862305,24.049999237060547,24.649999618530273,23.549999237060547,23.850000381469727,3432380
2023-05-02,20.48361587524414,23.649999618530273,25.0,23.450000762939453,24.25,837884
2023-05-03,19.92064094543457,23.0,23.5,22.850000381469727,23.5,1178404
2023-05-04,20.18047523498535,23.299999237060547,23.600000381469727,22.950000762939453,23.0,2086720
2023-05-05,20.48361587524414,23.649999618530273,23.950000762939453,23.149999618530273,23.399999618530273,1440312
2023-05-08,20.397003173828125,23.549999237060547,24.399999618530273,23.450000762939453,24.0,2084928
2023-05-09,20.267086029052734,23.399999618530273,24.0,23.200000762939453,23.5,2987627
2023-05-10,20.18047523498535,23.299999237060547,23.399999618530273,22.899999618530273,23.399999618530273,1136000
2023-05-11,19.834030151367188,22.899999618530273,23.450000762939453,22.549999237060547,23.399999618530273,2596140
2023-05-12,19.314359664916992,22.299999237060547,22.899999618530273,21.649999618530273,22.899999618530273,4841847
2023-05-15,18.92460823059082,21.850000381469727,22.450000762939453,21.549999237060547,21.950000762939453,1941000
2023-05-16,18.751386642456055,21.649999618530273,21.950000762939453,21.450000762939453,21.700000762939453,1166000
2023-05-17,18.361635208129883,21.200000762939453,21.75,21.0,21.399999618530273,1287720
2023-05-18,18.10179901123047,20.899999618530273,22.149999618530273,20.649999618530273,22.149999618530273,2178987
2023-05-19,18.66477394104004,21.549999237060547,21.799999237060547,20.299999237060547,20.600000381469727,2412000
2023-05-22,18.10179901123047,20.899999618530273,21.5,20.600000381469727,21.5,1861896
2023-05-23,18.145105361938477,20.950000762939453,21.299999237060547,20.75,20.899999618530273,1001000
2023-05-24,17.755353927612305,20.5,21.75,20.399999618530273,21.75,1629808
2023-05-25,17.668743133544922,20.399999618530273,21.25,20.0,20.399999618530273,1580235
2023-05-29,17.40890884399414,20.100000381469727,21.700000762939453,20.0,21.700000762939453,1436669
2023-05-30,17.322296142578125,20.0,20.25,19.639999389648438,20.25,2868124
2023-05-31,17.04513931274414,19.68000030517578,20.0,19.31999969482422,20.0,4705019
2023-06-01,16.692737579345703,18.0,19.200000762939453,17.799999237060547,18.399999618530273,3325052
2023-06-02,17.58301544189453,18.959999084472656,19.040000915527344,18.040000915527344,18.15999984741211,5285372
2023-06-05,17.490280151367188,18.860000610351562,19.020000457763672,18.15999984741211,18.8799991607666,2124000
2023-06-06,17.638660430908203,19.020000457763672,19.799999237060547,18.68000030517578,18.739999771118164,3885895
2023-06-07,17.73139762878418,19.1200008392334,19.239999771118164,18.860000610351562,19.100000381469727,3223899
2023-06-08,17.73139762878418,19.1200008392334,19.299999237060547,18.639999389648438,19.18000030517578,1866173
2023-06-09,17.490280151367188,18.860000610351562,19.399999618530273,18.780000686645508,19.239999771118164,1423000
2023-06-12,17.249162673950195,18.600000381469727,18.860000610351562,18.040000915527344,18.739999771118164,4788052
2023-06-13,17.768491744995117,19.15999984741211,19.15999984741211,18.579999923706055,18.579999923706055,3114135
2023-06-14,18.028156280517578,19.440000534057617,19.979999542236328,19.139999389648438,19.3799991607666,1942000
2023-06-15,17.991060256958008,19.399999618530273,19.719999313354492,19.100000381469727,19.280000686645508,1446300
2023-06-16,18.454748153686523,19.899999618530273,19.899999618530273,19.1200008392334,19.1200008392334,8593072
2023-06-19,18.2507266998291,19.68000030517578,19.979999542236328,19.299999237060547,19.959999084472656,2254130
2023-06-20,17.508825302124023,18.8799991607666,19.719999313354492,18.739999771118164,19.700000762939453,2402000
2023-06-21,16.970949172973633,18.299999237060547,18.8799991607666,18.1200008392334,18.739999771118164,2405305
2023-06-23,16.414525985717773,17.700000762939453,18.600000381469727,17.420000076293945,18.299999237060547,1554389
2023-06-26,16.062122344970703,17.31999969482422,18.639999389648438,17.020000457763672,17.700000762939453,4473647
2023-06-27,17.08223533630371,18.420000076293945,18.459999084472656,17.34000015258789,17.34000015258789,1875066
2023-06-28,16.600000381469727,17.899999618530273,19.34000015258789,17.799999237060547,19.34000015258789,1817000
2023-06-29,16.17340850830078,17.440000534057617,17.799999237060547,17.239999771118164,17.799999237060547,1901600
2023-06-30,16.47016716003418,17.760000228881836,18.079999923706055,17.5,17.5,1933875
2023-07-03,16.859664916992188,18.18000030517578,18.3799991607666,17.6200008392334,18.200000762939453,1947939
2023-07-04,16.9894962310791,18.31999969482422,18.399999618530273,18.15999984741211,18.18000030517578,1117431
2023-07-05,17.230613708496094,18.579999923706055,18.65999984741211,18.079999923706055,18.520000457763672,919847
2023-07-06,17.06368637084961,18.399999618530273,18.540000915527344,18.200000762939453,18.239999771118164,979195
2023-07-07,16.915307998657227,18.239999771118164,18.399999618530273,17.979999542236328,18.399999618530273,1127000
2023-07-10,17.286256790161133,18.639999389648438,19.139999389648438,18.239999771118164,19.139999389648438,1896261
2023-07-11,17.453184127807617,18.81999969482422,19.079999923706055,18.639999389648438,18.979999542236328,1604519
2023-07-12,17.3048038482666,18.65999984741211,19.0,18.219999313354492,19.0,1756667
2023-07-13,17.657207489013672,19.040000915527344,19.219999313354492,18.65999984741211,18.899999618530273,1526786
2023-07-14,17.67575454711914,19.059999465942383,19.18000030517578,18.719999313354492,19.18000030517578,1222763
2023-07-18,17.37899398803711,18.739999771118164,19.059999465942383,18.520000457763672,19.059999465942383,1918731
2023-07-19,17.39754295349121,18.760000228881836,18.84000015258789,18.420000076293945,18.719999313354492,1345707
2023-07-20,17.861228942871094,19.260000228881836,19.440000534057617,18.8799991607666,18.920000076293945,2439268
2023-07-21,17.749942779541016,19.139999389648438,19.479999542236328,19.0,19.360000610351562,984911
2023-07-24,17.286256790161133,18.639999389648438,19.059999465942383,18.600000381469727,19.020000457763672,1310002
2023-07-25,18.82569694519043,20.299999237060547,20.5,19.200000762939453,19.200000762939453,7872243
2023-07-26,18.872066497802734,20.350000381469727,20.450000762939453,20.100000381469727,20.399999618530273,976000
2023-07-27,19.011173248291016,20.5,20.799999237060547,20.0,20.350000381469727,1364111
2023-07-28,19.75307273864746,21.299999237060547,21.5,20.049999237060547,20.450000762939453,2284061
2023-07-31,19.660335540771484,21.200000762939453,22.299999237060547,21.100000381469727,21.75,3618944
2023-08-01,19.892179489135742,21.450000762939453,21.850000381469727,20.799999237060547,20.799999237060547,2607900
2023-08-02,19.938547134399414,21.5,22.0,21.100000381469727,21.299999237060547,2332129
2023-08-03,20.494972229003906,22.100000381469727,22.299999237060547,21.299999237060547,21.75,2932280
2023-08-04,20.68044662475586,22.299999237060547,22.75,22.0,22.350000381469727,2318429
2023-08-07,20.26312828063965,21.850000381469727,22.299999237060547,21.25,21.899999618530273,1631001
2023-08-08,19.567598342895508,21.100000381469727,21.700000762939453,20.850000381469727,21.149999618530273,2734414
2023-08-09,19.984914779663086,21.549999237060547,21.700000762939453,21.049999237060547,21.649999618530273,1133239
2023-08-10,19.428491592407227,20.950000762939453,21.299999237060547,20.450000762939453,20.850000381469727,1157611
2023-08-11,19.521228790283203,21.049999237060547,21.5,20.299999237060547,21.5,1850070
2023-08-14,19.011173248291016,20.5,21.049999237060547,20.049999237060547,21.049999237060547,1806563
2023-08-15,18.872066497802734,20.350000381469727,21.350000381469727,20.25,20.950000762939453,878782
2023-08-16,18.91843605041504,20.399999618530273,20.700000762939453,20.0,20.25,1556027
2023-08-17,18.779329299926758,20.25,20.549999237060547,19.8799991607666,20.350000381469727,763822
2023-08-18,18.417654037475586,19.860000610351562,20.5,19.84000015258789,20.299999237060547,1290615
2023-08-21,18.28782081604004,19.719999313354492,19.8799991607666,19.5,19.81999969482422,919000
2023-08-22,18.2507266998291,19.68000030517578,19.940000534057617,19.5,19.719999313354492,1013320
2023-08-23,17.95396614074707,19.360000610351562,19.940000534057617,19.15999984741211,19.760000228881836,1064662
2023-08-24,18.399106979370117,19.84000015258789,20.0,19.399999618530273,19.559999465942383,888000
2023-08-25,18.362010955810547,19.799999237060547,20.5,19.639999389648438,20.100000381469727,1374855
2023-08-28,18.779329299926758,20.25,22.5,20.049999237060547,20.100000381469727,1355326
2023-08-29,19.892179489135742,21.450000762939453,21.700000762939453,20.100000381469727,20.850000381469727,2817324
2023-08-30,19.799442291259766,21.350000381469727,21.850000381469727,20.850000381469727,21.850000381469727,2947417
2023-08-31,18.51038932800293,19.959999084472656,21.649999618530273,19.959999084472656,21.600000381469727,8640661
2023-09-04,19.61396598815918,21.149999618530273,22.100000381469727,20.450000762939453,20.450000762939453,5579917
2023-09-05,19.428491592407227,20.950000762939453,21.149999618530273,20.549999237060547,21.149999618530273,1456000
2023-09-06,19.243017196655273,20.75,21.399999618530273,20.399999618530273,20.950000762939453,1932000
2023-09-07,18.964805603027344,20.450000762939453,21.0,20.350000381469727,20.549999237060547,725205
2023-09-11,18.964805603027344,20.450000762939453,21.0,20.049999237060547,21.0,1444415
2023-09-12,18.779329299926758,20.25,20.450000762939453,19.920000076293945,20.450000762939453,1019075
2023-09-13,18.5474853515625,20.0,20.950000762939453,19.959999084472656,20.950000762939453,713000
2023-09-14,18.083799362182617,19.5,19.979999542236328,19.3799991607666,19.979999542236328,973000
2023-09-15,17.97251319885254,19.3799991607666,19.860000610351562,19.3799991607666,19.860000610351562,1616328
2023-09-18,17.861228942871094,19.260000228881836,19.81999969482422,18.739999771118164,19.3799991607666,1086820
2023-09-19,18.028156280517578,19.440000534057617,19.559999465942383,19.100000381469727,19.239999771118164,726000
2023-09-20,18.157989501953125,19.579999923706055,19.780000686645508,19.200000762939453,19.3799991607666,742000
2023-09-21,17.9354190826416,19.34000015258789,19.700000762939453,19.34000015258789,19.579999923706055,976900
2023-09-22,18.64022445678711,20.100000381469727,20.25,19.1200008392334,19.139999389648438,1965038
2023-09-25,17.527374267578125,18.899999618530273,20.5,17.68000030517578,19.239999771118164,949000
2023-09-26,17.490280151367188,18.860000610351562,19.100000381469727,18.700000762939453,18.8799991607666,887921
2023-09-27,17.37899398803711,18.739999771118164,19.200000762939453,18.600000381469727,18.799999237060547,2078580
2023-09-28,17.453184127807617,18.81999969482422,19.040000915527344,18.6200008392334,18.739999771118164,716630
2023-09-29,17.67575454711914,19.059999465942383,20.25,18.65999984741211,18.65999984741211,559000
2023-10-03,17.564470291137695,18.940000534057617,19.0,18.219999313354492,18.219999313354492,747440
2023-10-04,17.286256790161133,18.639999389648438,19.040000915527344,18.5,18.81999969482422,528090
2023-10-05,16.970949172973633,18.299999237060547,18.5,18.219999313354492,18.239999771118164,387056
2023-10-06,17.490280151367188,18.860000610351562,18.979999542236328,18.440000534057617,18.440000534057617,512000
2023-10-09,17.267709732055664,18.6200008392334,18.899999618530273,18.399999618530273,18.899999618530273,627000
2023-10-10,17.6201114654541,19.0,19.299999237060547,18.799999237060547,18.899999618530273,1396697
2023-10-11,17.73139762878418,19.1200008392334,19.540000915527344,18.520000457763672,19.299999237060547,3809460
2023-10-12,18.2507266998291,19.68000030517578,19.959999084472656,18.979999542236328,18.979999542236328,1716066
2023-10-13,17.824132919311523,19.219999313354492,19.719999313354492,19.15999984741211,19.420000076293945,524000
2023-10-16,17.43463706970215,18.799999237060547,19.399999618530273,18.799999237060547,19.399999618530273,937000
2023-10-17,17.453184127807617,18.81999969482422,19.440000534057617,18.420000076293945,18.6200008392334,1315314
2023-10-18,17.15642547607422,18.5,18.799999237060547,18.34000015258789,18.219999313354492,1357000
2023-10-19,16.87821388244629,18.200000762939453,18.540000915527344,18.100000381469727,18.260000228881836,1151523
2023-10-20,17.026592254638672,18.360000610351562,18.540000915527344,17.920000076293945,17.979999542236328,622340
2023-10-24,16.284692764282227,17.559999465942383,18.6200008392334,17.559999465942383,18.0,1374007
2023-10-25,16.84111785888672,18.15999984741211,18.5,17.68000030517578,17.68000030517578,1380599
2023-10-26,16.56290626525879,17.860000610351562,18.18000030517578,17.360000610351562,18.18000030517578,1159000
2023-10-27,16.618547439575195,17.920000076293945,18.299999237060547,17.5,18.299999237060547,1823000
2023-10-30,16.637096405029297,17.940000534057617,18.040000915527344,17.360000610351562,17.920000076293945,1176728
2023-10-31,16.284692764282227,17.559999465942383,17.979999542236328,17.260000228881836,17.979999542236328,792493
2023-11-01,16.191953659057617,17.459999084472656,17.600000381469727,17.420000076293945,17.579999923706055,624091
2023-11-02,16.21050262451172,17.479999542236328,17.799999237060547,17.200000762939453,17.780000686645508,1073100
2023-11-03,16.13631248474121,17.399999618530273,17.65999984741211,17.18000030517578,17.520000457763672,1732681
2023-11-06,16.711284637451172,18.020000457763672,18.020000457763672,17.020000457763672,17.020000457763672,1514000
2023-11-07,16.229049682617188,17.5,18.020000457763672,17.360000610351562,18.020000457763672,1827000
2023-11-08,16.414525985717773,17.700000762939453,17.739999771118164,17.260000228881836,17.600000381469727,1310000
2023-11-09,15.691173553466797,16.920000076293945,17.68000030517578,16.860000610351562,17.68000030517578,1966000
2023-11-10,15.301675796508789,16.5,17.260000228881836,16.139999389648438,17.200000762939453,2653100
2023-11-13,15.042010307312012,16.219999313354492,16.68000030517578,15.9399995803833,16.520000457763672,1920484
2023-11-14,15.672625541687012,16.899999618530273,16.899999618530273,15.960000038146973,16.31999969482422,3836917
2023-11-15,16.507261276245117,17.799999237060547,17.920000076293945,17.360000610351562,17.360000610351562,1353539
2023-11-16,15.932291030883789,17.18000030517578,17.920000076293945,16.84000015258789,17.920000076293945,2101324
2023-11-17,16.24759864807129,17.520000457763672,17.899999618530273,16.3799991607666,17.18000030517578,2789967
2023-11-20,16.321788787841797,17.600000381469727,17.780000686645508,17.1200008392334,17.520000457763672,2004130
2023-11-21,16.637096405029297,17.940000534057617,18.139999389648438,17.5,17.700000762939453,3229330
2023-11-22,16.52581024169922,17.81999969482422,18.299999237060547,17.520000457763672,17.940000534057617,886000
2023-11-23,16.78547477722168,18.100000381469727,18.100000381469727,17.299999237060547,17.399999618530273,1791563
2023-11-24,16.655641555786133,17.959999084472656,18.479999542236328,17.6200008392334,18.479999542236328,492000
2023-11-27,15.913743019104004,17.15999984741211,17.639999389648438,17.100000381469727,17.100000381469727,1040000
2023-11-28,15.450056076049805,16.65999984741211,17.139999389648438,16.559999465942383,17.139999389648438,1775566
2023-11-29,14.763798713684082,15.920000076293945,16.799999237060547,15.520000457763672,16.799999237060547,3706344
2023-11-30,14.800893783569336,15.960000038146973,16.100000381469727,15.619999885559082,15.920000076293945,3293240
2023-12-01,14.856536865234375,16.020000457763672,16.3799991607666,15.760000228881836,16.040000915527344,926513
2023-12-04,14.392849922180176,15.520000457763672,15.84000015258789,15.34000015258789,15.739999771118164,1721076
2023-12-05,13.947709083557129,15.039999961853027,15.800000190734863,15.0,15.800000190734863,1502271
2023-12-06,14.355753898620605,15.479999542236328,15.5600004196167,15.0,15.239999771118164,1626896
2023-12-07,14.225921630859375,15.34000015258789,15.539999961853027,15.100000381469727,15.539999961853027,1234111
2023-12-08,14.021899223327637,15.119999885559082,15.4399995803833,14.979999542236328,15.4399995803833,2094876
2023-12-11,14.20737361907959,15.319999694824219,15.380000114440918,14.699999809265137,15.0600004196167,3430900
2023-12-12,15.042010307312012,16.219999313354492,16.31999969482422,15.300000190734863,15.399999618530273,978278
2023-12-13,14.467039108276367,15.600000381469727,16.15999984741211,15.539999961853027,15.739999771118164,1093788
2023-12-14,14.633966445922852,15.779999732971191,16.280000686645508,15.539999961853027,16.280000686645508,856200
2023-12-15,14.819440841674805,15.979999542236328,16.540000915527344,15.899999618530273,15.899999618530273,2441113
2023-12-18,14.763798713684082,15.920000076293945,16.100000381469727,15.600000381469727,15.960000038146973,357554
2023-12-19,14.263016700744629,15.380000114440918,15.739999771118164,15.239999771118164,15.600000381469727,523000
2023-12-20,14.448492050170898,15.579999923706055,15.619999885559082,15.0,15.380000114440918,621329
2023-12-21,14.411396980285645,15.539999961853027,15.579999923706055,15.180000305175781,15.539999961853027,853065
2023-12-22,14.392849922180176,15.520000457763672,15.859999656677246,15.15999984741211,15.300000190734863,819117
2023-12-27,14.300111770629883,15.420000076293945,15.479999542236328,14.779999732971191,15.180000305175781,2055006
2023-12-28,15.171844482421875,16.360000610351562,16.360000610351562,15.239999771118164,15.300000190734863,2002761
2023-12-29,15.43150806427002,16.639999389648438,16.959999084472656,16.200000762939453,16.299999237060547,1712539
2024-01-02,14.78234577178955,15.9399995803833,16.399999618530273,15.9399995803833,16.31999969482422,499161
2024-01-03,14.541229248046875,15.680000305175781,16.020000457763672,15.65999984741211,15.899999618530273,321500
2024-01-04,14.578324317932129,15.720000267028809,17.0,15.380000114440918,15.640000343322754,1300498
2024-01-05,14.411396980285645,15.539999961853027,16.0,15.300000190734863,15.300000190734863,633772
2024-01-08,13.873519897460938,14.960000038146973,15.579999923706055,14.920000076293945,15.539999961853027,623800
2024-01-09,13.873519897460938,14.960000038146973,15.119999885559082,14.84000015258789,14.960000038146973,487000
2024-01-10,14.05899429321289,15.15999984741211,15.640000343322754,14.619999885559082,14.619999885559082,1058000
2024-01-11,14.392849922180176,15.520000457763672,15.699999809265137,14.899999618530273,15.399999618530273,1077000
2024-01-12,14.37430191040039,15.5,15.680000305175781,15.199999809265137,15.680000305175781,992644
2024-01-15,14.448492050170898,15.579999923706055,15.579999923706055,15.579999923706055,15.579999923706055,0
2024-01-16,13.558212280273438,14.619999885559082,15.079999923706055,14.4399995803833,14.779999732971191,1025355
2024-01-17,12.834860801696777,13.84000015258789,14.579999923706055,13.640000343322754,14.579999923706055,2183167
2024-01-18,12.8905029296875,13.899999618530273,14.079999923706055,13.319999694824219,13.800000190734863,3188600
2024-01-19,13.16871452331543,14.199999809265137,14.239999771118164,13.5,13.800000190734863,1290811
2024-01-22,12.1115083694458,13.0600004196167,14.220000267028809,12.859999656677246,14.199999809265137,1432911
2024-01-23,12.185698509216309,13.140000343322754,13.5600004196167,12.899999618530273,13.0600004196167,2089609
2024-01-24,12.241340637207031,13.199999809265137,13.420000076293945,12.739999771118164,13.260000228881836,2034622
2024-01-25,12.667932510375977,13.65999984741211,13.739999771118164,12.84000015258789,13.260000228881836,2231245
2024-01-26,12.44536304473877,13.420000076293945,13.9399995803833,13.260000228881836,13.9399995803833,2097456
2024-01-29,12.723575592041016,13.720000267028809,14.020000457763672,13.579999923706055,13.859999656677246,1331553
2024-01-30,11.98167610168457,12.920000076293945,13.720000267028809,12.84000015258789,13.720000267028809,1768313
2024-01-31,12.000223159790039,12.9399995803833,13.15999984741211,12.5,12.5,1548379
2024-02-01,12.018771171569824,12.960000038146973,12.979999542236328,12.479999542236328,12.979999542236328,1719000
2024-02-02,12.259888648986816,13.220000267028809,13.899999618530273,12.880000114440918,13.239999771118164,1670174
2024-02-05,12.204245567321777,13.15999984741211,13.880000114440918,12.619999885559082,13.5,1761640
2024-02-06,12.352625846862793,13.319999694824219,13.600000381469727,12.859999656677246,13.15999984741211,1826000
2024-02-07,11.147039413452148,12.020000457763672,13.65999984741211,12.0,13.5,3911400
2024-02-08,11.443799018859863,12.34000015258789,12.520000457763672,12.079999923706055,12.279999732971191,1594770
2024-02-09,10.868826866149902,11.720000267028809,11.720000267028809,11.720000267028809,11.720000267028809,0
2024-02-14,11.221229553222656,12.100000381469727,12.239999771118164,11.34000015258789,11.739999771118164,1166061
2024-02-15,11.239776611328125,12.119999885559082,12.300000190734863,11.600000381469727,12.300000190734863,682000
2024-02-16,11.98167610168457,12.920000076293945,12.960000038146973,12.15999984741211,12.479999542236328,1030000
2024-02-19,11.907485961914062,12.84000015258789,12.979999542236328,12.65999984741211,12.880000114440918,1396000
2024-02-20,11.684916496276855,12.600000381469727,13.15999984741211,12.5,13.15999984741211,1136067
2024-02-21,12.092961311340332,13.039999961853027,13.319999694824219,12.539999961853027,12.899999618530273,1457398
2024-02-22,12.148603439331055,13.100000381469727,13.399999618530273,12.600000381469727,13.399999618530273,1037052
2024-02-23,12.000223159790039,12.9399995803833,13.199999809265137,12.739999771118164,13.100000381469727,1524015
2024-02-26,11.796201705932617,12.720000267028809,13.039999961853027,12.5,12.960000038146973,682827
2024-02-27,11.66636848449707,12.579999923706055,12.640000343322754,12.199999809265137,12.520000457763672,1408629
2024-02-28,11.759106636047363,12.680000305175781,12.760000228881836,12.140000343322754,12.140000343322754,1890000
2024-02-29,11.814748764038086,12.739999771118164,12.739999771118164,12.199999809265137,12.680000305175781,7201131
2024-03-01,11.443799018859863,12.34000015258789,12.640000343322754,12.140000343322754,12.859999656677246,1853928
2024-03-04,11.147039413452148,12.020000457763672,12.5,11.960000038146973,12.5,1390000
2024-03-05,10.738994598388672,11.579999923706055,11.9399995803833,11.579999923706055,11.819999694824219,1444612
2024-03-06,10.887373924255371,11.739999771118164,11.819999694824219,11.34000015258789,11.579999923706055,1312492
2024-03-07,10.572066307067871,11.399999618530273,12.039999961853027,11.34000015258789,12.039999961853027,700343
2024-03-08,10.720447540283203,11.5600004196167,11.739999771118164,11.420000076293945,11.739999771118164,715000
2024-03-11,10.905921936035156,11.760000228881836,11.920000076293945,11.399999618530273,11.399999618530273,711599
2024-03-12,11.480894088745117,12.380000114440918,12.520000457763672,11.380000114440918,11.699999809265137,4879120
2024-03-13,10.813183784484863,11.65999984741211,12.300000190734863,11.600000381469727,12.0600004196167,2717000
2024-03-14,10.720447540283203,11.5600004196167,12.039999961853027,11.420000076293945,11.600000381469727,2381034
2024-03-15,10.590614318847656,11.420000076293945,11.5600004196167,11.239999771118164,11.359999656677246,9439234
2024-03-18,10.776089668273926,11.619999885559082,11.699999809265137,11.359999656677246,11.420000076293945,1227117
2024-03-19,10.757542610168457,11.600000381469727,11.859999656677246,11.359999656677246,11.619999885559082,2554290
2024-03-20,11.09139633178711,11.960000038146973,11.979999542236328,11.319999694824219,11.460000038146973,5716440
2024-03-21,11.944581031799316,12.880000114440918,12.9399995803833,12.0,12.0,4938000
2024-03-22,13.001788139343262,14.020000457763672,14.079999923706055,12.539999961853027,12.880000114440918,6295543
2024-03-25,12.593743324279785,13.579999923706055,14.239999771118164,13.359999656677246,14.199999809265137,3486489
2024-03-26,12.723575592041016,13.720000267028809,14.239999771118164,13.5,14.239999771118164,2395629
2024-03-27,12.667932510375977,13.65999984741211,14.0,13.5600004196167,13.819999694824219,1534000
2024-03-28,12.667932510375977,13.65999984741211,13.739999771118164,13.279999732971191,13.539999961853027,2596387
2024-04-02,12.538101196289062,13.520000457763672,13.979999542236328,13.399999618530273,13.979999542236328,4224256
2024-04-03,12.723575592041016,13.720000267028809,13.880000114440918,13.399999618530273,13.600000381469727,2514278
2024-04-05,13.02033519744873,14.039999961853027,14.119999885559082,13.680000305175781,13.720000267028809,2727699
2024-04-08,12.334078788757324,13.300000190734863,13.880000114440918,12.979999542236328,13.880000114440918,17663522
2024-04-09,12.482458114624023,13.460000038146973,13.739999771118164,13.300000190734863,13.300000190734863,1407821
2024-04-10,12.519553184509277,13.5,13.579999923706055,13.380000114440918,13.460000038146973,2493100
2024-04-11,12.463910102844238,13.4399995803833,13.65999984741211,13.239999771118164,13.65999984741211,1327000
2024-04-12,12.352625846862793,13.319999694824219,13.520000457763672,13.199999809265137,13.420000076293945,1640519
2024-04-15,11.870390892028809,12.800000190734863,13.180000305175781,12.800000190734863,13.100000381469727,2246472
2024-04-16,12.055866241455078,13.0,13.100000381469727,12.65999984741211,12.699999809265137,1936454
2024-04-17,12.408267974853516,13.380000114440918,13.399999618530273,12.899999618530273,12.899999618530273,2063753
2024-04-18,12.463910102844238,13.4399995803833,13.579999923706055,13.239999771118164,13.380000114440918,3087037
2024-04-19,12.463910102844238,13.4399995803833,13.640000343322754,13.34000015258789,13.34000015258789,2245335
2024-04-22,12.667932510375977,13.65999984741211,13.779999732971191,13.199999809265137,13.199999809265137,2263392
2024-04-23,12.723575592041016,13.720000267028809,13.84000015258789,13.640000343322754,13.65999984741211,1728500
2024-04-24,12.593743324279785,13.579999923706055,14.079999923706055,13.460000038146973,13.899999618530273,2845142
2024-04-25,12.371172904968262,13.34000015258789,13.739999771118164,13.220000267028809,13.579999923706055,1439293
2024-04-26,13.465475082397461,14.520000457763672,14.5600004196167,13.359999656677246,13.640000343322754,6305814
2024-04-29,13.6694974899292,14.739999771118164,15.220000267028809,14.460000038146973,14.5,7149663
2024-04-30,14.485586166381836,15.619999885559082,15.720000267028809,14.579999923706055,15.199999809265137,11774406
2024-05-02,15.079106330871582,16.260000228881836,16.360000610351562,15.4399995803833,15.619999885559082,2476791
2024-05-03,15.765362739562988,17.0,18.579999923706055,16.31999969482422,16.65999984741211,4349000
2024-05-06,15.709721565246582,16.940000534057617,17.34000015258789,15.859999656677246,16.860000610351562,6240340
2024-05-07,16.303239822387695,17.579999923706055,17.700000762939453,16.68000030517578,16.84000015258789,4942278
2024-05-08,16.340335845947266,17.6200008392334,17.700000762939453,16.799999237060547,17.5,7450910
2024-05-09,16.395977020263672,17.68000030517578,18.0,17.579999923706055,17.6200008392334,3462898
2024-05-10,17.08223533630371,18.420000076293945,18.65999984741211,17.559999465942383,17.68000030517578,5563686
2024-05-13,16.970949172973633,18.299999237060547,18.8799991607666,18.15999984741211,18.520000457763672,3649211
2024-05-14,16.859664916992188,18.18000030517578,18.8799991607666,18.15999984741211,18.299999237060547,2008548
2024-05-16,17.04513931274414,18.3799991607666,19.200000762939453,18.200000762939453,18.280000686645508,10472086
2024-05-17,17.267709732055664,18.6200008392334,18.899999618530273,17.739999771118164,18.799999237060547,7532556
2024-05-20,17.249162673950195,18.600000381469727,18.959999084472656,18.0,18.5,6790742
2024-05-21,16.78547477722168,18.100000381469727,18.8799991607666,17.899999618530273,18.600000381469727,3734205
2024-05-22,16.43307113647461,17.719999313354492,18.18000030517578,17.399999618530273,18.100000381469727,5475232
2024-05-23,16.76692771911621,18.079999923706055,18.239999771118164,17.719999313354492,17.719999313354492,8758327
2024-05-24,16.321788787841797,17.600000381469727,18.18000030517578,17.399999618530273,18.1200008392334,3436735
2024-05-27,16.600000381469727,17.899999618530273,17.940000534057617,17.079999923706055,17.579999923706055,2282590
2024-05-28,16.700000762939453,16.700000762939453,17.260000228881836,16.420000076293945,17.0,4694013
2024-05-29,16.040000915527344,16.040000915527344,16.68000030517578,16.040000915527344,16.579999923706055,1905485
2024-05-30,16.040000915527344,16.040000915527344,16.100000381469727,15.65999984741211,15.800000190734863,2835000
2024-05-31,15.760000228881836,15.760000228881836,16.100000381469727,15.720000267028809,15.800000190734863,4834320
2024-06-03,15.399999618530273,15.399999618530273,16.0,15.319999694824219,15.600000381469727,9093701
2024-06-04,15.9399995803833,15.9399995803833,16.100000381469727,15.300000190734863,15.399999618530273,4872994
2024-06-05,15.600000381469727,15.600000381469727,16.31999969482422,15.520000457763672,16.299999237060547,4844907
2024-06-06,15.600000381469727,15.600000381469727,16.059999465942383,15.5,15.819999694824219,8003639
2024-06-07,14.9399995803833,14.9399995803833,15.920000076293945,14.9399995803833,15.600000381469727,12186005
2024-06-11,15.5,15.5,15.979999542236328,14.9399995803833,15.180000305175781,6220495
2024-06-12,15.119999885559082,15.119999885559082,15.5600004196167,15.039999961853027,15.5,2324000
2024-06-13,15.300000190734863,15.300000190734863,15.600000381469727,15.140000343322754,15.300000190734863,2203930
2024-06-14,15.619999885559082,15.619999885559082,15.800000190734863,15.0600004196167,15.319999694824219,2804950
2024-06-17,15.279999732971191,15.279999732971191,15.600000381469727,15.0,15.600000381469727,3352305
2024-06-18,15.239999771118164,15.239999771118164,15.5600004196167,15.100000381469727,15.399999618530273,1619074
2024-06-19,15.479999542236328,15.479999542236328,15.699999809265137,15.100000381469727,15.359999656677246,969663
2024-06-20,15.119999885559082,15.119999885559082,15.520000457763672,15.0,15.479999542236328,2329972
2024-06-21,14.739999771118164,14.739999771118164,15.180000305175781,14.720000267028809,15.100000381469727,2032266
2024-06-24,14.600000381469727,14.600000381469727,14.779999732971191,14.300000190734863,14.739999771118164,1894000
2024-06-25,14.680000305175781,14.680000305175781,14.899999618530273,14.420000076293945,14.680000305175781,1550687
2024-06-26,14.460000038146973,14.460000038146973,14.84000015258789,14.399999618530273,14.600000381469727,1243034
2024-06-27,14.359999656677246,14.359999656677246,14.800000190734863,14.100000381469727,14.800000190734863,2248702
2024-06-28,14.520000457763672,14.520000457763672,14.779999732971191,14.140000343322754,14.640000343322754,1404005
2024-07-02,15.020000457763672,15.020000457763672,15.420000076293945,14.4399995803833,14.4399995803833,3947922
2024-07-03,15.5,15.5,15.65999984741211,15.0600004196167,15.279999732971191,2442593
2024-07-04,15.5600004196167,15.5600004196167,15.800000190734863,15.460000038146973,15.5,1924532
2024-07-05,15.319999694824219,15.319999694824219,15.619999885559082,15.0,15.619999885559082,2243214
2024-07-08,15.279999732971191,15.279999732971191,15.5,15.020000457763672,15.020000457763672,3264522
2024-07-09,15.539999961853027,15.539999961853027,15.640000343322754,15.100000381469727,15.34000015258789,3700837
2024-07-10,15.239999771118164,15.239999771118164,15.779999732971191,15.220000267028809,15.65999984741211,2176733
2024-07-11,14.800000190734863,14.800000190734863,15.4399995803833,14.34000015258789,15.4399995803833,3725284
2024-07-12,14.960000038146973,14.960000038146973,15.279999732971191,14.800000190734863,14.880000114440918,2046245
2024-07-15,14.680000305175781,14.680000305175781,15.180000305175781,14.5,15.180000305175781,1004037
2024-07-16,14.039999961853027,14.039999961853027,14.699999809265137,14.0,14.699999809265137,1903386
2024-07-17,14.720000267028809,14.720000267028809,14.899999618530273,14.0600004196167,14.399999618530273,2314239
2024-07-18,14.65999984741211,14.65999984741211,15.140000343322754,14.5600004196167,15.140000343322754,905204
2024-07-19,14.199999809265137,14.199999809265137,15.079999923706055,14.15999984741211,15.079999923706055,969392
2024-07-22,14.020000457763672,14.020000457763672,14.779999732971191,13.880000114440918,14.020000457763672,1679968
2024-07-23,13.9399995803833,13.9399995803833,14.180000305175781,13.760000228881836,14.15999984741211,568136
2024-07-24,13.880000114440918,13.880000114440918,13.9399995803833,13.539999961853027,13.539999961853027,1624146
2024-07-25,13.520000457763672,13.520000457763672,13.979999542236328,13.460000038146973,13.760000228881836,1839290
2024-07-26,13.640000343322754,13.640000343322754,13.779999732971191,13.399999618530273,13.539999961853027,2917118
2024-07-29,13.199999809265137,13.199999809265137,14.020000457763672,13.100000381469727,14.020000457763672,2430270
2024-07-30,12.680000305175781,12.680000305175781,13.220000267028809,12.619999885559082,13.140000343322754,1618074
2024-07-31,13.100000381469727,13.100000381469727,13.260000228881836,12.720000267028809,12.779999732971191,1382520
2024-08-01,12.579999923706055,12.579999923706055,13.260000228881836,12.460000038146973,13.260000228881836,3087063
2024-08-02,12.399999618530273,12.399999618530273,12.520000457763672,12.140000343322754,12.520000457763672,1793970
2024-08-05,12.479999542236328,12.479999542236328,12.699999809265137,12.119999885559082,12.699999809265137,2356000
2024-08-06,12.640000343322754,12.640000343322754,13.100000381469727,12.460000038146973,13.100000381469727,2315705
2024-08-07,12.880000114440918,12.880000114440918,13.0,12.699999809265137,12.9399995803833,1376897
2024-08-08,12.739999771118164,12.739999771118164,13.119999885559082,12.65999984741211,13.0,1521477
2024-08-09,12.899999618530273,12.899999618530273,13.0600004196167,12.520000457763672,12.539999961853027,1689000
2024-08-12,12.859999656677246,12.859999656677246,13.0600004196167,12.640000343322754,12.640000343322754,542942
2024-08-13,12.899999618530273,12.899999618530273,12.960000038146973,12.579999923706055,12.579999923706055,556000
2024-08-14,12.84000015258789,12.84000015258789,12.880000114440918,12.600000381469727,12.779999732971191,782770
2024-08-15,12.9399995803833,12.9399995803833,12.979999542236328,12.5600004196167,12.65999984741211,797000
2024-08-16,12.720000267028809,12.720000267028809,12.979999542236328,12.5600004196167,12.9399995803833,965000
2024-08-19,12.899999618530273,12.899999618530273,13.119999885559082,12.720000267028809,12.720000267028809,1091000
2024-08-20,12.600000381469727,12.600000381469727,12.920000076293945,12.4399995803833,13.0600004196167,1117000
2024-08-21,12.479999542236328,12.479999542236328,12.579999923706055,12.180000305175781,12.579999923706055,1945533
2024-08-22,12.65999984741211,12.65999984741211,12.65999984741211,12.260000228881836,12.380000114440918,1774817
2024-08-23,12.260000228881836,12.260000228881836,12.420000076293945,11.859999656677246,12.420000076293945,5005483
2024-08-26,12.699999809265137,12.699999809265137,12.760000228881836,12.199999809265137,12.579999923706055,1751909
2024-08-27,12.100000381469727,12.100000381469727,12.479999542236328,11.920000076293945,12.479999542236328,4013950
2024-08-28,11.720000267028809,11.720000267028809,12.220000267028809,11.460000038146973,12.100000381469727,5575583
2024-08-29,12.140000343322754,12.140000343322754,12.319999694824219,11.640000343322754,11.65999984741211,5007158
2024-08-30,12.619999885559082,12.619999885559082,13.0600004196167,12.15999984741211,12.15999984741211,10408788
2024-09-02,11.739999771118164,11.739999771118164,12.359999656677246,11.5600004196167,12.319999694824219,4602438
2024-09-03,11.84000015258789,11.84000015258789,11.899999618530273,11.579999923706055,11.720000267028809,2891187
2024-09-04,11.819999694824219,11.819999694824219,11.960000038146973,11.520000457763672,11.84000015258789,3546501
2024-09-05,12.020000457763672,12.020000457763672,12.039999961853027,11.65999984741211,11.819999694824219,3305659
2024-09-09,11.460000038146973,11.460000038146973,12.15999984741211,11.100000381469727,12.020000457763672,6646613
2024-09-10,10.699999809265137,10.699999809265137,11.380000114440918,10.5600004196167,11.380000114440918,9923679
2024-09-11,10.359999656677246,10.359999656677246,10.699999809265137,10.100000381469727,10.699999809265137,10393172
2024-09-12,10.399999618530273,10.399999618530273,10.600000381469727,10.0600004196167,10.5,8211788
2024-09-13,10.600000381469727,10.600000381469727,10.960000038146973,10.399999618530273,10.399999618530273,3734000
2024-09-16,10.279999732971191,10.279999732971191,11.100000381469727,10.199999809265137,10.600000381469727,2340389
2024-09-17,10.239999771118164,10.239999771118164,10.359999656677246,10.119999885559082,10.279999732971191,5118000
2024-09-19,11.34000015258789,11.34000015258789,11.359999656677246,10.5,10.5,8591232
2024-09-20,11.600000381469727,11.600000381469727,11.720000267028809,11.300000190734863,11.34000015258789,11038001
2024-09-23,11.5600004196167,11.5600004196167,11.899999618530273,11.4399995803833,11.579999923706055,2819000
2024-09-24,12.140000343322754,12.140000343322754,12.180000305175781,11.680000305175781,11.720000267028809,4342000
2024-09-25,12.65999984741211,12.65999984741211,12.899999618530273,12.300000190734863,12.300000190734863,8263194
2024-09-26,14.279999732971191,14.279999732971191,14.420000076293945,12.4399995803833,12.479999542236328,9125100
2024-09-27,15.5600004196167,15.5600004196167,15.779999732971191,14.520000457763672,14.619999885559082,12735000
2024-09-30,16.84000015258789,16.84000015258789,17.559999465942383,16.18000030517578,16.260000228881836,11607662
2024-10-02,18.959999084472656,18.959999084472656,19.579999923706055,17.31999969482422,17.31999969482422,22682061
2024-10-03,17.940000534057617,17.940000534057617,19.31999969482422,16.860000610351562,19.0,5202161
2024-10-04,17.700000762939453,17.700000762939453,18.100000381469727,17.200000762939453,17.940000534057617,5442281
2024-10-07,17.799999237060547,17.799999237060547,17.959999084472656,16.940000534057617,17.700000762939453,7769423
2024-10-08,15.720000267028809,15.720000267028809,17.799999237060547,15.699999809265137,17.799999237060547,9541583
2024-10-09,15.0600004196167,15.0600004196167,16.600000381469727,14.220000267028809,16.600000381469727,7052920
2024-10-10,15.260000228881836,15.260000228881836,15.880000114440918,14.65999984741211,15.119999885559082,3893110
2024-10-14,15.34000015258789,15.34000015258789,15.880000114440918,14.920000076293945,15.84000015258789,2042144
2024-10-15,15.300000190734863,15.300000190734863,15.720000267028809,15.0,15.34000015258789,4625467
2024-10-16,15.4399995803833,15.4399995803833,15.979999542236328,15.0600004196167,15.119999885559082,4286999
2024-10-17,14.180000305175781,14.180000305175781,15.699999809265137,14.100000381469727,15.699999809265137,7496532
2024-10-18,14.739999771118164,14.739999771118164,14.819999694824219,13.979999542236328,14.4399995803833,3985000
2024-10-21,14.600000381469727,14.600000381469727,14.9399995803833,14.359999656677246,14.699999809265137,2712957
2024-10-22,14.600000381469727,14.600000381469727,14.859999656677246,14.399999618530273,14.699999809265137,2199000
2024-10-23,14.399999618530273,14.399999618530273,14.899999618530273,14.34000015258789,14.720000267028809,1112200
2024-10-24,14.119999885559082,14.119999885559082,14.319999694824219,13.960000038146973,14.020000457763672,1838000
2024-10-25,14.319999694824219,14.319999694824219,14.460000038146973,14.15999984741211,14.279999732971191,2320281
2024-10-28,14.720000267028809,14.720000267028809,14.84000015258789,14.239999771118164,14.319999694824219,3248504
2024-10-29,14.319999694824219,14.319999694824219,15.039999961853027,14.180000305175781,14.880000114440918,1306500
2024-10-30,14.199999809265137,14.199999809265137,14.600000381469727,14.039999961853027,14.319999694824219,1354009
2024-10-31,14.699999809265137,14.699999809265137,15.079999923706055,14.180000305175781,14.199999809265137,3555501
2024-11-01,14.84000015258789,14.84000015258789,15.0,14.600000381469727,14.720000267028809,1211200
2024-11-04,14.600000381469727,14.600000381469727,14.979999542236328,14.199999809265137,14.979999542236328,2931644
2024-11-05,15.199999809265137,15.199999809265137,15.279999732971191,14.5,14.800000190734863,2332070
2024-11-06,15.239999771118164,15.239999771118164,15.4399995803833,14.619999885559082,15.0,3312824
2024-11-07,15.640000343322754,15.640000343322754,15.979999542236328,14.680000305175781,14.680000305175781,5588386
2024-11-08,15.34000015258789,15.34000015258789,15.859999656677246,15.199999809265137,15.720000267028809,2587609
2024-11-11,15.020000457763672,15.020000457763672,15.300000190734863,14.460000038146973,15.300000190734863,2288843
2024-11-12,14.960000038146973,14.960000038146973,15.420000076293945,14.699999809265137,15.079999923706055,1932000
2024-11-13,14.579999923706055,14.579999923706055,14.819999694824219,14.319999694824219,14.720000267028809,1433000
2024-11-14,13.819999694824219,13.819999694824219,14.9399995803833,13.760000228881836,14.9399995803833,1583000
2024-11-15,13.720000267028809,13.720000267028809,14.0600004196167,13.520000457763672,13.800000190734863,838200
2024-11-18,14.239999771118164,14.239999771118164,14.460000038146973,13.720000267028809,13.720000267028809,2302336
2024-11-19,14.15999984741211,14.15999984741211,14.579999923706055,13.960000038146973,14.0,1798381
2024-11-20,14.0,14.0,14.199999809265137,13.920000076293945,14.199999809265137,391402
2024-11-21,13.5600004196167,13.5600004196167,14.0,13.479999542236328,14.0,1781855
2024-11-22,12.699999809265137,12.699999809265137,13.5600004196167,12.579999923706055,13.5,2799287
2024-11-25,12.84000015258789,12.84000015258789,13.199999809265137,12.640000343322754,13.079999923706055,2614452
2024-11-26,12.5600004196167,12.5600004196167,13.199999809265137,12.460000038146973,12.84000015258789,2177669
2024-11-27,13.0,13.0,13.0,12.34000015258789,12.65999984741211,3647198
2024-11-28,12.800000190734863,12.800000190734863,13.0,12.520000457763672,13.0,1191474
2024-11-29,12.859999656677246,12.859999656677246,13.100000381469727,12.739999771118164,12.779999732971191,1185118
2024-12-02,12.960000038146973,12.960000038146973,13.239999771118164,12.239999771118164,13.239999771118164,2025270
2024-12-03,13.279999732971191,13.279999732971191,13.34000015258789,12.84000015258789,13.34000015258789,5955353
2024-12-04,13.180000305175781,13.180000305175781,13.260000228881836,12.760000228881836,12.760000228881836,1047000
2024-12-05,12.819999694824219,12.819999694824219,13.0,12.600000381469727,12.800000190734863,2242937
2024-12-06,12.760000228881836,12.760000228881836,13.079999923706055,12.739999771118164,12.9399995803833,988405
2024-12-09,13.319999694824219,13.319999694824219,13.34000015258789,12.600000381469727,12.720000267028809,1858961
2024-12-10,13.180000305175781,13.180000305175781,14.100000381469727,12.960000038146973,14.0,4157000
2024-12-11,12.920000076293945,12.920000076293945,13.359999656677246,12.84000015258789,13.359999656677246,1247965
2024-12-12,12.859999656677246,12.859999656677246,13.15999984741211,12.600000381469727,12.800000190734863,2426282
2024-12-13,12.5600004196167,12.5600004196167,12.800000190734863,12.34000015258789,12.800000190734863,3110524
2024-12-16,12.100000381469727,12.100000381469727,13.5,11.880000114440918,12.5600004196167,2870158
2024-12-17,11.9399995803833,11.9399995803833,12.199999809265137,11.779999732971191,12.020000457763672,2929390
