Date,Adj Close,Close,High,Low,Open,Volume
2020-09-18,8.366040229797363,9.180000305175781,10.65999984741211,9.140000343322754,9.300000190734863,124515000
2020-09-21,8.110865592956543,8.899999618530273,9.449999809265137,8.899999618530273,9.149999618530273,15825600
2020-09-22,8.110865592956543,8.899999618530273,9.15999984741211,8.899999618530273,8.920000076293945,10789000
2020-09-23,7.819239616394043,8.579999923706055,8.9399995803833,8.100000381469727,8.920000076293945,24066920
2020-09-24,7.50938606262207,8.239999771118164,8.649999618530273,8.220000267028809,8.649999618530273,4434500
2020-09-25,7.281553268432617,7.989999771118164,8.399999618530273,7.699999809265137,8.350000381469727,10524500
2020-09-28,6.935246467590332,7.610000133514404,7.96999979019165,7.610000133514404,7.96999979019165,3183500
2020-09-29,6.9808125495910645,7.659999847412109,8.0,7.519999980926514,7.619999885559082,5064500
2020-09-30,6.379333019256592,7.0,7.730000019073486,6.96999979019165,7.670000076293945,6831000
2020-10-05,5.732285976409912,6.289999961853027,7.039999961853027,6.199999809265137,6.989999771118164,6606500
2020-10-06,6.989926338195801,7.670000076293945,7.739999771118164,6.099999904632568,6.230000019073486,14278600
2020-10-07,6.698299407958984,7.349999904632568,7.829999923706055,6.860000133514404,7.5,4839500
2020-10-08,7.418253421783447,8.140000343322754,8.15999984741211,7.28000020980835,7.349999904632568,7319000
2020-10-09,7.290666580200195,8.0,8.699999809265137,7.840000152587891,8.15999984741211,13091500
2020-10-12,7.044606685638428,7.730000019073486,8.199999809265137,7.659999847412109,8.010000228881836,3696000
2020-10-14,6.5615997314453125,7.199999809265137,7.900000095367432,7.159999847412109,7.730000019073486,2756000
2020-10-15,6.607165813446045,7.25,7.460000038146973,7.130000114440918,7.199999809265137,1184500
2020-10-16,6.616279602050781,7.260000228881836,7.400000095367432,7.150000095367432,7.25,799500
2020-10-19,6.279086589813232,6.889999866485596,7.260000228881836,6.860000133514404,7.260000228881836,2057500
2020-10-20,6.434013366699219,7.059999942779541,7.199999809265137,6.800000190734863,6.900000095367432,799000
2020-10-21,6.242632865905762,6.849999904632568,7.0,6.820000171661377,6.829999923706055,895500
2020-10-22,6.096819877624512,6.690000057220459,6.849999904632568,6.610000133514404,6.849999904632568,1282500
2020-10-23,6.379333019256592,7.0,7.110000133514404,6.650000095367432,6.690000057220459,2021500
2020-10-27,6.105932712554932,6.699999809265137,7.0,6.579999923706055,7.0,879000
2020-10-28,6.133273124694824,6.730000019073486,6.760000228881836,6.480000019073486,6.699999809265137,997000
2020-10-29,6.142386436462402,6.739999771118164,7.0,6.5,6.590000152587891,1050000
2020-10-30,6.096819877624512,6.690000057220459,6.889999866485596,6.400000095367432,6.690000057220459,1790500
2020-11-02,5.9510064125061035,6.53000020980835,6.599999904632568,6.489999771118164,6.5,713500
2020-11-03,5.859872817993164,6.429999828338623,6.53000020980835,6.300000190734863,6.53000020980835,1168500
2020-11-04,5.805192947387695,6.369999885559082,6.369999885559082,6.239999771118164,6.239999771118164,991500
2020-11-05,6.023913383483887,6.610000133514404,6.809999942779541,6.369999885559082,6.369999885559082,1819500
2020-11-06,6.087706089019775,6.679999828338623,6.679999828338623,6.420000076293945,6.659999847412109,623500
2020-11-09,6.142386436462402,6.739999771118164,6.849999904632568,6.599999904632568,6.679999828338623,814500
2020-11-10,5.914552688598633,6.489999771118164,6.800000190734863,6.409999847412109,6.739999771118164,1148500
2020-11-11,5.677606105804443,6.230000019073486,6.420000076293945,6.099999904632568,6.400000095367432,1840500
2020-11-12,5.750513076782227,6.309999942779541,6.460000038146973,6.230000019073486,6.230000019073486,578000
2020-11-13,5.741399765014648,6.300000190734863,6.409999847412109,6.210000038146973,6.309999942779541,497500
2020-11-16,5.841646194458008,6.409999847412109,6.460000038146973,6.150000095367432,6.289999961853027,1337500
2020-11-17,5.723173141479492,6.28000020980835,6.460000038146973,6.210000038146973,6.429999828338623,756000
2020-11-18,5.632039546966553,6.179999828338623,6.400000095367432,6.150000095367432,6.28000020980835,1665000
2020-11-19,5.632039546966553,6.179999828338623,6.28000020980835,6.099999904632568,6.28000020980835,830000
2020-11-20,5.622926235198975,6.170000076293945,6.25,6.150000095367432,6.190000057220459,574000
2020-11-23,5.4679999351501465,6.0,6.21999979019165,5.940000057220459,6.199999809265137,1336400
2020-11-24,5.285733699798584,5.800000190734863,6.0,5.619999885559082,6.0,1677500
2020-11-25,4.9303131103515625,5.409999847412109,5.860000133514404,5.400000095367432,5.800000190734863,1784500
2020-11-26,5.103466033935547,5.599999904632568,5.599999904632568,5.409999847412109,5.420000076293945,612000
2020-11-27,4.9485392570495605,5.429999828338623,5.599999904632568,5.400000095367432,5.599999904632568,545000
2020-11-30,4.811840057373047,5.28000020980835,5.570000171661377,5.210000038146973,5.429999828338623,1275000
2020-12-01,4.89385986328125,5.369999885559082,5.389999866485596,5.210000038146973,5.28000020980835,903000
2020-12-02,4.711592674255371,5.170000076293945,5.309999942779541,5.159999847412109,5.300000190734863,500500
2020-12-03,4.720705986022949,5.179999828338623,5.300000190734863,5.159999847412109,5.199999809265137,294500
2020-12-04,4.620460033416748,5.070000171661377,5.210000038146973,5.070000171661377,5.179999828338623,513000
2020-12-07,4.994106769561768,5.480000019073486,5.519999980926514,5.039999961853027,5.070000171661377,910000
2020-12-08,4.702479362487793,5.159999847412109,5.5,5.110000133514404,5.480000019073486,600500
2020-12-09,4.675139904022217,5.130000114440918,5.25,5.110000133514404,5.150000095367432,455000
2020-12-10,4.784499645233154,5.25,5.460000038146973,5.119999885559082,5.130000114440918,534000
2020-12-11,5.185486316680908,5.690000057220459,5.769999980926514,5.210000038146973,5.239999771118164,1908500
2020-12-14,5.6867194175720215,6.239999771118164,6.300000190734863,5.699999809265137,5.699999809265137,3497000
2020-12-15,5.613812446594238,6.159999847412109,6.409999847412109,5.929999828338623,6.309999942779541,1401500
2020-12-16,5.6958327293396,6.25,6.28000020980835,6.039999961853027,6.090000152587891,1003500
2020-12-17,5.650266170501709,6.199999809265137,6.25,6.110000133514404,6.25,520500
2020-12-18,5.4679999351501465,6.0,6.199999809265137,6.0,6.199999809265137,533500
2020-12-21,5.55001974105835,6.090000152587891,6.099999904632568,5.699999809265137,6.0,1660500
2020-12-22,5.422432899475098,5.949999809265137,6.119999885559082,5.900000095367432,6.099999904632568,467000
2020-12-23,5.358639717102051,5.880000114440918,5.949999809265137,5.809999942779541,5.949999809265137,592500
2020-12-24,5.258393287658691,5.769999980926514,5.769999980926514,5.769999980926514,5.769999980926514,0
2020-12-28,5.413320064544678,5.940000057220459,6.019999980926514,5.659999847412109,5.769999980926514,786500
2020-12-29,5.513566970825195,6.050000190734863,6.099999904632568,5.78000020980835,5.800000190734863,671000
2020-12-30,5.741399765014648,6.300000190734863,6.380000114440918,5.960000038146973,6.050000190734863,1300500
2020-12-31,5.759626865386963,6.320000171661377,6.320000171661377,6.320000171661377,6.320000171661377,0
2021-01-04,5.586472988128662,6.130000114440918,6.320000171661377,6.050000190734863,6.320000171661377,624500
2021-01-05,5.422432899475098,5.949999809265137,6.190000057220459,5.909999847412109,6.119999885559082,617500
2021-01-06,5.559133052825928,6.099999904632568,6.099999904632568,5.929999828338623,5.949999809265137,727500
2021-01-07,5.896326065063477,6.46999979019165,6.559999942779541,6.019999980926514,6.090000152587891,2031000
2021-01-08,5.905439853668213,6.480000019073486,6.619999885559082,6.28000020980835,6.46999979019165,1022000
2021-01-11,6.479579925537109,7.110000133514404,7.199999809265137,6.5,6.5,3933000
2021-01-12,6.388446807861328,7.010000228881836,7.599999904632568,6.869999885559082,7.190000057220459,4131500
2021-01-13,6.461353302001953,7.090000152587891,7.199999809265137,6.710000038146973,7.0,1157000
2021-01-14,6.379333019256592,7.0,7.099999904632568,6.840000152587891,7.090000152587891,787500
2021-01-15,6.133273124694824,6.730000019073486,7.0,6.619999885559082,7.0,1447000
2021-01-18,6.069479465484619,6.659999847412109,6.800000190734863,6.610000133514404,6.710000038146973,1045500
2021-01-19,6.160613536834717,6.760000228881836,6.900000095367432,6.619999885559082,6.840000152587891,1156000
2021-01-20,6.6891865730285645,7.340000152587891,7.400000095367432,6.760000228881836,6.760000228881836,2233000
2021-01-21,6.479579925537109,7.110000133514404,7.579999923706055,6.960000038146973,7.340000152587891,1297000
2021-01-22,6.3702192306518555,6.989999771118164,7.170000076293945,6.800000190734863,7.170000076293945,516000
2021-01-25,6.579826354980469,7.21999979019165,7.46999979019165,6.820000171661377,6.980000019073486,1594500
2021-01-26,6.525146484375,7.159999847412109,7.210000038146973,6.880000114440918,7.210000038146973,728500
2021-01-27,6.351993083953857,6.96999979019165,7.239999771118164,6.909999847412109,7.159999847412109,735000
2021-01-28,7.035492897033691,7.71999979019165,7.869999885559082,6.920000076293945,6.949999809265137,7028000
2021-01-29,7.600519180297852,8.34000015258789,8.430000305175781,7.75,7.980000019073486,7154000
2021-02-01,7.400026798248291,8.119999885559082,8.649999618530273,7.849999904632568,8.300000190734863,1223000
2021-02-02,7.418253421783447,8.140000343322754,8.170000076293945,7.880000114440918,8.119999885559082,750600
2021-02-03,7.299779891967773,8.010000228881836,8.130000114440918,7.949999809265137,8.100000381469727,1014000
2021-02-04,7.545839786529541,8.279999732971191,8.479999542236328,8.0,8.15999984741211,1480600
2021-02-05,7.281553268432617,7.989999771118164,8.489999771118164,7.909999847412109,8.300000190734863,1235000
2021-02-08,7.290666580200195,8.0,8.1899995803833,7.949999809265137,8.180000305175781,659000
2021-02-09,7.427366256713867,8.149999618530273,8.149999618530273,7.960000038146973,8.0,714000
2021-02-10,8.34781265258789,9.15999984741211,9.15999984741211,8.25,8.25,5780500
2021-02-11,8.80348014831543,9.65999984741211,9.65999984741211,9.65999984741211,9.65999984741211,0
2021-02-16,8.70323371887207,9.550000190734863,9.880000114440918,9.220000267028809,9.710000038146973,2210500
2021-02-17,9.204465866088867,10.100000381469727,10.4399995803833,9.449999809265137,9.449999809265137,4066000
2021-02-18,8.903727531433105,9.770000457763672,10.180000305175781,9.520000457763672,10.180000305175781,1992000
2021-02-19,9.09510612487793,9.979999542236328,10.140000343322754,9.010000228881836,9.760000228881836,1693500
2021-02-22,8.484513282775879,9.3100004196167,10.300000190734863,9.270000457763672,9.979999542236328,1683000
2021-02-23,8.438946723937988,9.260000228881836,9.5,8.949999809265137,9.100000381469727,1613000
2021-02-24,7.928599834442139,8.699999809265137,9.220000267028809,8.550000190734863,9.220000267028809,1685500
2021-02-25,8.393380165100098,9.210000038146973,9.270000457763672,8.699999809265137,8.699999809265137,1450000
2021-02-26,8.019733428955078,8.800000190734863,8.859999656677246,8.270000457763672,8.800000190734863,1196500
2021-03-01,8.05618667602539,8.84000015258789,9.0,8.630000114440918,8.800000190734863,388500
2021-03-02,7.946826457977295,8.720000267028809,9.149999618530273,8.600000381469727,9.069999694824219,512000
2021-03-03,7.837466239929199,8.600000381469727,8.850000381469727,8.520000457763672,8.729999542236328,385000
2021-03-04,7.564066410064697,8.300000190734863,8.600000381469727,8.25,8.600000381469727,853000
2021-03-05,7.1721930503845215,7.869999885559082,8.199999809265137,7.610000133514404,8.279999732971191,1348500
2021-03-08,7.163080215454102,7.860000133514404,8.300000190734863,7.619999885559082,8.109999656677246,575000
2021-03-09,7.108399868011475,7.800000190734863,8.100000381469727,7.449999809265137,7.860000133514404,5046500
2021-03-10,7.254212856292725,7.960000038146973,8.100000381469727,7.960000038146973,8.100000381469727,351000
2021-03-11,7.381800174713135,8.100000381469727,8.199999809265137,7.960000038146973,7.960000038146973,321000
2021-03-12,7.381800174713135,8.100000381469727,8.199999809265137,7.960000038146973,8.199999809265137,157000
2021-03-15,7.381800174713135,8.100000381469727,8.149999618530273,7.989999771118164,8.100000381469727,87000
2021-03-16,7.390913009643555,8.109999656677246,8.220000267028809,8.0600004196167,8.100000381469727,142000
2021-03-17,7.409140110015869,8.130000114440918,8.199999809265137,8.029999732971191,8.199999809265137,91000
2021-03-18,7.609632968902588,8.350000381469727,8.449999809265137,8.130000114440918,8.149999618530273,371000
2021-03-19,7.427366256713867,8.149999618530273,8.390000343322754,8.0,8.300000190734863,299500
2021-03-22,7.600519180297852,8.34000015258789,8.40999984741211,8.020000457763672,8.40999984741211,217000
2021-03-23,7.336233139038086,8.050000190734863,8.350000381469727,8.029999732971191,8.34000015258789,256000
2021-03-24,7.345346927642822,8.0600004196167,8.130000114440918,7.909999847412109,8.039999961853027,362000
2021-03-25,7.636972427368164,8.380000114440918,8.600000381469727,7.849999904632568,7.849999904632568,861000
2021-03-26,8.010619163513184,8.789999961853027,8.890000343322754,8.489999771118164,8.5600004196167,2162000
2021-03-29,8.138206481933594,8.930000305175781,9.350000381469727,8.699999809265137,8.75,2016500
2021-03-30,8.165546417236328,8.960000038146973,9.199999809265137,8.800000190734863,8.930000305175781,2921000
2021-03-31,8.293133735656738,9.100000381469727,9.149999618530273,8.789999961853027,9.130000114440918,1464500
2021-04-01,8.037959098815918,8.819999694824219,9.100000381469727,8.619999885559082,9.100000381469727,1646500
2021-04-07,7.846579074859619,8.609999656677246,8.779999732971191,8.510000228881836,8.779999732971191,245000
2021-04-08,7.801012992858887,8.5600004196167,8.619999885559082,8.520000457763672,8.609999656677246,163500
2021-04-09,7.7281060218811035,8.479999542236328,8.600000381469727,8.40999984741211,8.5600004196167,158500
2021-04-12,7.664312362670898,8.40999984741211,8.479999542236328,8.279999732971191,8.479999542236328,101000
2021-04-13,7.527613162994385,8.260000228881836,8.40999984741211,8.25,8.40999984741211,1079000
2021-04-14,7.591406345367432,8.329999923706055,8.5,8.069999694824219,8.239999771118164,292500
2021-04-15,7.600519180297852,8.34000015258789,8.420000076293945,8.100000381469727,8.329999923706055,215000
2021-04-16,7.436479568481445,8.15999984741211,8.300000190734863,8.100000381469727,8.239999771118164,297000
2021-04-19,7.45470666885376,8.180000305175781,8.300000190734863,8.119999885559082,8.15999984741211,240000
2021-04-20,7.46381950378418,8.1899995803833,8.239999771118164,8.15999984741211,8.1899995803833,240500
2021-04-21,7.536726951599121,8.270000457763672,8.300000190734863,7.960000038146973,8.1899995803833,732500
2021-04-22,7.4911603927612305,8.220000267028809,8.329999923706055,8.15999984741211,8.329999923706055,120000
2021-04-23,7.536726951599121,8.270000457763672,8.359999656677246,8.140000343322754,8.359999656677246,178000
2021-04-26,7.673426151275635,8.420000076293945,8.470000267028809,8.270000457763672,8.350000381469727,210500
2021-04-27,7.801012992858887,8.5600004196167,8.640000343322754,8.40999984741211,8.420000076293945,199500
2021-04-28,7.545839786529541,8.279999732971191,8.5600004196167,8.25,8.5600004196167,170500
2021-04-29,7.74633264541626,8.5,8.579999923706055,8.25,8.260000228881836,364000
2021-04-30,7.883032321929932,8.649999618530273,8.859999656677246,8.380000114440918,8.430000305175781,319000
2021-05-03,8.037959098815918,8.819999694824219,9.109999656677246,8.359999656677246,8.649999618530273,1245000
2021-05-04,7.992393493652344,8.770000457763672,8.899999618530273,8.65999984741211,8.890000343322754,246500
2021-05-05,8.028846740722656,8.8100004196167,9.010000228881836,8.720000267028809,8.720000267028809,317000
2021-05-06,7.965053081512451,8.739999771118164,8.829999923706055,8.460000038146973,8.819999694824219,571000
2021-05-07,7.7281060218811035,8.479999542236328,8.619999885559082,8.25,8.510000228881836,732000
2021-05-10,7.74633264541626,8.5,8.649999618530273,8.40999984741211,8.59000015258789,211500
2021-05-11,7.600519180297852,8.34000015258789,8.550000190734863,8.3100004196167,8.319999694824219,283000
2021-05-12,7.691652774810791,8.4399995803833,8.5600004196167,8.350000381469727,8.350000381469727,569500
2021-05-13,7.819239616394043,8.579999923706055,8.710000038146973,8.4399995803833,8.4399995803833,466000
2021-05-14,8.084299087524414,8.539999961853027,8.680000305175781,8.25,8.270000457763672,717000
2021-05-17,8.425087928771973,8.899999618530273,9.0,8.520000457763672,8.539999961853027,943500
2021-05-18,8.425087928771973,8.899999618530273,9.0,8.619999885559082,8.899999618530273,247500
2021-05-20,8.642815589904785,9.130000114440918,9.140000343322754,8.829999923706055,8.899999618530273,696500
2021-05-21,8.96467399597168,9.470000267028809,9.59000015258789,9.140000343322754,9.149999618530273,1869000
2021-05-24,8.813211441040039,9.3100004196167,9.550000190734863,9.029999732971191,9.5,879000
2021-05-25,9.030938148498535,9.539999961853027,9.640000343322754,9.199999809265137,9.5,1052000
2021-05-26,9.598921775817871,10.140000343322754,10.279999732971191,9.619999885559082,9.619999885559082,2391000
2021-05-27,9.466392517089844,10.0,10.539999961853027,9.800000190734863,10.15999984741211,1735000
2021-05-28,9.542122840881348,10.079999923706055,10.380000114440918,9.760000228881836,10.300000190734863,1353500
2021-05-31,10.280501365661621,10.859999656677246,10.899999618530273,10.199999809265137,10.260000228881836,2425200
2021-06-01,10.356232643127441,10.9399995803833,11.199999809265137,10.760000228881836,10.960000038146973,2089500
2021-06-02,10.091174125671387,10.65999984741211,11.180000305175781,10.0,11.0,4583000
2021-06-03,9.920778274536133,10.479999542236328,10.979999542236328,10.460000038146973,10.819999694824219,1293600
2021-06-04,9.882912635803223,10.4399995803833,10.880000114440918,10.300000190734863,10.34000015258789,766900
2021-06-07,9.939711570739746,10.5,10.819999694824219,10.300000190734863,10.420000076293945,682000
2021-06-08,11.094611167907715,11.720000267028809,11.880000114440918,10.520000457763672,10.520000457763672,3649000
2021-06-09,10.79168701171875,11.399999618530273,12.4399995803833,11.399999618530273,11.880000114440918,3568000
2021-06-10,11.075678825378418,11.699999809265137,12.0600004196167,11.140000343322754,11.399999618530273,2240500
2021-06-11,10.469829559326172,11.0600004196167,11.899999618530273,11.0,11.800000190734863,1521500
2021-06-15,10.526627540588379,11.119999885559082,11.239999771118164,10.579999923706055,11.0,2659000
2021-06-16,10.318367004394531,10.899999618530273,11.119999885559082,10.579999923706055,11.119999885559082,762500
2021-06-17,10.129039764404297,10.699999809265137,10.960000038146973,10.520000457763672,10.680000305175781,492000
2021-06-18,10.318367004394531,10.899999618530273,11.399999618530273,10.699999809265137,10.699999809265137,366500
2021-06-21,10.129039764404297,10.699999809265137,10.899999618530273,10.65999984741211,10.899999618530273,223000
2021-06-22,9.939711570739746,10.5,10.739999771118164,9.899999618530273,10.699999809265137,1276500
2021-06-23,10.185837745666504,10.760000228881836,10.899999618530273,10.300000190734863,10.380000114440918,715500
2021-06-24,10.034375190734863,10.600000381469727,10.760000228881836,10.359999656677246,10.5,219000
2021-06-25,9.863980293273926,10.420000076293945,10.600000381469727,10.34000015258789,10.579999923706055,184000
2021-06-28,9.52319049835205,10.0600004196167,10.4399995803833,10.039999961853027,10.420000076293945,363000
2021-06-29,9.561056137084961,10.100000381469727,10.479999542236328,9.960000038146973,10.0600004196167,496000
2021-06-30,9.466392517089844,10.0,10.300000190734863,9.880000114440918,10.300000190734863,2538000
2021-07-02,9.598921775817871,10.140000343322754,10.220000267028809,9.699999809265137,9.930000305175781,494000
2021-07-05,9.381194114685059,9.90999984741211,10.300000190734863,9.899999618530273,10.140000343322754,132000
2021-07-06,9.087736129760742,9.600000381469727,9.960000038146973,9.5600004196167,9.920000076293945,410000
2021-07-07,9.182400703430176,9.699999809265137,9.890000343322754,9.699999809265137,9.890000343322754,138000
2021-07-08,8.822676658630371,9.319999694824219,9.699999809265137,9.130000114440918,9.699999809265137,575000
2021-07-09,9.05933666229248,9.569999694824219,9.680000305175781,9.229999542236328,9.5,167000
2021-07-12,8.822676658630371,9.319999694824219,9.600000381469727,9.300000190734863,9.59000015258789,141500
2021-07-13,8.860542297363281,9.359999656677246,9.5,9.279999732971191,9.329999923706055,221000
2021-07-14,9.05933666229248,9.569999694824219,9.670000076293945,9.359999656677246,9.359999656677246,310500
2021-07-15,8.98360538482666,9.489999771118164,9.609999656677246,9.449999809265137,9.569999694824219,330500
2021-07-16,8.936273574829102,9.4399995803833,9.529999732971191,9.3100004196167,9.430000305175781,264000
2021-07-19,9.030938148498535,9.539999961853027,9.699999809265137,9.300000190734863,9.4399995803833,243500
2021-07-20,8.92680835723877,9.430000305175781,9.699999809265137,9.300000190734863,9.539999961853027,427500
2021-07-21,9.02147102355957,9.529999732971191,9.960000038146973,9.420000076293945,9.430000305175781,482000
2021-07-22,9.371726989746094,9.899999618530273,9.979999542236328,9.510000228881836,9.630000114440918,544500
2021-07-23,9.352795600891113,9.880000114440918,9.979999542236328,9.649999618530273,9.850000381469727,371000
2021-07-26,8.98360538482666,9.489999771118164,9.819999694824219,9.380000114440918,9.510000228881836,401500
2021-07-27,8.283092498779297,8.75,9.520000457763672,8.40999984741211,9.489999771118164,634000
2021-07-28,8.160030364990234,8.619999885559082,8.970000267028809,8.449999809265137,8.75,240500
2021-07-29,8.339892387390137,8.8100004196167,8.970000267028809,8.699999809265137,8.970000267028809,126000
2021-07-30,8.425087928771973,8.899999618530273,8.930000305175781,8.630000114440918,8.899999618530273,96500
2021-08-02,8.406156539916992,8.880000114440918,8.960000038146973,8.630000114440918,8.899999618530273,1252000
2021-08-03,8.292559623718262,8.760000228881836,8.930000305175781,8.649999618530273,8.930000305175781,1045000
2021-08-04,8.18842887878418,8.649999618530273,8.760000228881836,8.539999961853027,8.890000343322754,925000
2021-08-05,8.207361221313477,8.670000076293945,8.670000076293945,8.550000190734863,8.680000305175781,610000
2021-08-06,8.377758026123047,8.850000381469727,8.899999618530273,8.609999656677246,8.890000343322754,697000
2021-08-09,8.141097068786621,8.600000381469727,8.819999694824219,8.5,8.960000038146973,690500
2021-08-10,8.15056324005127,8.609999656677246,9.010000228881836,8.550000190734863,9.010000228881836,643500
2021-08-11,8.245226860046387,8.710000038146973,8.84000015258789,8.649999618530273,8.850000381469727,722500
2021-08-12,8.254693984985352,8.720000267028809,8.800000190734863,8.609999656677246,8.770000457763672,687000
2021-08-13,8.207361221313477,8.670000076293945,8.8100004196167,8.5,8.84000015258789,676500
2021-08-16,7.999100685119629,8.449999809265137,8.779999732971191,8.380000114440918,8.850000381469727,680000
2021-08-17,7.762441158294678,8.199999809265137,8.649999618530273,8.15999984741211,8.300000190734863,661000
2021-08-18,7.696177005767822,8.130000114440918,8.359999656677246,7.949999809265137,8.050000190734863,829500
2021-08-19,7.203924655914307,7.610000133514404,8.350000381469727,7.510000228881836,8.180000305175781,1147000
2021-08-20,6.787403106689453,7.170000076293945,7.179999828338623,6.630000114440918,7.0,2961000
2021-08-23,7.222857475280762,7.630000114440918,7.630000114440918,7.119999885559082,7.170000076293945,795000
2021-08-24,7.175525188446045,7.579999923706055,7.789999961853027,7.159999847412109,7.730000019073486,1202000
2021-08-25,7.1944580078125,7.599999904632568,7.659999847412109,7.349999904632568,7.579999923706055,977000
2021-08-26,6.740070819854736,7.119999885559082,7.650000095367432,7.119999885559082,7.570000171661377,5908500
2021-08-27,6.853667736053467,7.239999771118164,7.429999828338623,7.119999885559082,7.119999885559082,369500
2021-08-30,7.052462100982666,7.449999809265137,7.449999809265137,7.179999828338623,7.420000076293945,847500
2021-08-31,7.0808610916137695,7.480000019073486,7.480000019073486,7.119999885559082,7.119999885559082,742000
2021-09-01,6.825268745422363,7.210000038146973,7.480000019073486,7.210000038146973,7.480000019073486,831500
2021-09-02,6.976730823516846,7.369999885559082,7.5,7.199999809265137,7.400000095367432,744000
2021-09-03,6.759003639221191,7.139999866485596,7.349999904632568,7.099999904632568,7.28000020980835,770500
2021-09-06,6.9199323654174805,7.309999942779541,7.309999942779541,7.099999904632568,7.170000076293945,707000
2021-09-07,6.891533851623535,7.28000020980835,7.400000095367432,7.119999885559082,7.230000019073486,1005000
2021-09-08,6.863133907318115,7.25,7.389999866485596,7.170000076293945,7.210000038146973,738500
2021-09-09,6.7779364585876465,7.159999847412109,7.420000076293945,7.059999942779541,7.289999961853027,799500
2021-09-10,6.891533851623535,7.28000020980835,7.320000171661377,7.210000038146973,7.210000038146973,825500
2021-09-13,6.692739486694336,7.070000171661377,7.300000190734863,7.059999942779541,7.25,750000
2021-09-14,6.626474380493164,7.0,7.130000114440918,6.920000076293945,7.119999885559082,868500
2021-09-15,6.664340019226074,7.039999961853027,7.070000171661377,6.980000019073486,7.019999980926514,729500
2021-09-16,6.418214321136475,6.78000020980835,7.019999980926514,6.730000019073486,6.869999885559082,957000
2021-09-17,6.52234411239624,6.889999866485596,7.0,6.639999866485596,6.809999942779541,413500
2021-09-20,6.304616928100586,6.659999847412109,6.869999885559082,6.579999923706055,6.849999904632568,816500
2021-09-21,6.418214321136475,6.78000020980835,6.960000038146973,6.5,6.5,598000
2021-09-23,6.730604648590088,7.110000133514404,7.389999866485596,6.78000020980835,6.78000020980835,482500
2021-09-24,6.702205657958984,7.079999923706055,7.260000228881836,7.079999923706055,7.239999771118164,776000
2021-09-27,6.43714714050293,6.800000190734863,7.099999904632568,6.800000190734863,7.269999980926514,801500
2021-09-28,6.759003639221191,7.139999866485596,7.449999809265137,7.03000020980835,7.28000020980835,381000
2021-09-29,6.503411293029785,6.869999885559082,7.269999980926514,6.809999942779541,7.190000057220459,732500
2021-09-30,7.289121627807617,7.699999809265137,8.029999732971191,6.869999885559082,6.869999885559082,828000
2021-10-04,6.91046667098999,7.300000190734863,7.619999885559082,7.260000228881836,7.619999885559082,873000
2021-10-05,6.87260103225708,7.260000228881836,7.480000019073486,7.150000095367432,7.400000095367432,710500
2021-10-06,6.796869277954102,7.179999828338623,7.400000095367432,7.099999904632568,7.260000228881836,678000
2021-10-07,6.957798004150391,7.349999904632568,7.420000076293945,7.179999828338623,7.170000076293945,144000
2021-10-08,6.863133907318115,7.25,7.71999979019165,7.119999885559082,7.71999979019165,566000
2021-10-11,7.147126197814941,7.550000190734863,7.989999771118164,7.289999961853027,7.289999961853027,225500
2021-10-12,7.099793910980225,7.5,8.039999961853027,7.460000038146973,7.760000228881836,649500
2021-10-15,7.052462100982666,7.449999809265137,7.639999866485596,7.099999904632568,7.300000190734863,670500
2021-10-18,7.222857475280762,7.630000114440918,8.020000457763672,7.489999771118164,7.5,389000
2021-10-19,7.364853382110596,7.78000020980835,8.020000457763672,7.78000020980835,8.0,209500
2021-10-20,7.289121627807617,7.699999809265137,7.96999979019165,7.679999828338623,7.96999979019165,706500
2021-10-21,7.989634990692139,8.4399995803833,8.449999809265137,7.510000228881836,7.53000020980835,1599000
2021-10-22,7.478449821472168,7.900000095367432,8.529999732971191,7.820000171661377,8.529999732971191,715500
2021-10-25,7.421651840209961,7.840000152587891,7.960000038146973,7.699999809265137,7.699999809265137,3054500
2021-10-26,7.345920562744141,7.760000228881836,8.039999961853027,7.710000038146973,7.710000038146973,674000
2021-10-27,7.487915992736816,7.909999847412109,8.029999732971191,7.630000114440918,7.989999771118164,852976
2021-10-28,7.563647270202637,7.989999771118164,7.989999771118164,7.739999771118164,7.849999904632568,431500
2021-10-29,7.800306797027588,8.239999771118164,8.34000015258789,7.840000152587891,7.980000019073486,607376
2021-11-01,7.525781631469727,7.949999809265137,8.199999809265137,7.900000095367432,8.199999809265137,373000
2021-11-02,7.610979080200195,8.039999961853027,8.09000015258789,7.909999847412109,7.949999809265137,497000
2021-11-03,7.431117534637451,7.849999904632568,7.929999828338623,7.71999979019165,7.71999979019165,545500
2021-11-04,7.383786201477051,7.800000190734863,7.849999904632568,7.610000133514404,7.730000019073486,584000
2021-11-05,7.364853382110596,7.78000020980835,8.010000228881836,7.679999828338623,7.800000190734863,729000
2021-11-08,7.213390350341797,7.619999885559082,7.710000038146973,7.53000020980835,7.690000057220459,479500
2021-11-09,7.478449821472168,7.900000095367432,7.940000057220459,7.639999866485596,7.639999866485596,620500
2021-11-10,7.374319076538086,7.789999961853027,7.880000114440918,7.539999961853027,7.800000190734863,491500
2021-11-11,7.412184715270996,7.829999923706055,7.889999866485596,7.619999885559082,7.630000114440918,576000
2021-11-12,7.412184715270996,7.829999923706055,7.840000152587891,7.639999866485596,7.639999866485596,352500
2021-11-15,7.525781631469727,7.949999809265137,8.0,7.619999885559082,7.78000020980835,434000
2021-11-16,7.55418062210083,7.980000019073486,8.050000190734863,7.800000190734863,7.920000076293945,364500
2021-11-17,7.573113441467285,8.0,8.15999984741211,7.869999885559082,7.929999828338623,569500
2021-11-18,7.459517002105713,7.880000114440918,7.900000095367432,7.610000133514404,7.820000171661377,475500
2021-11-19,7.364853382110596,7.78000020980835,7.889999866485596,7.5,7.5,214000
2021-11-22,7.232323169708252,7.639999866485596,7.96999979019165,7.639999866485596,7.679999828338623,356500
2021-11-23,7.289121627807617,7.699999809265137,7.889999866485596,7.679999828338623,7.699999809265137,491000
2021-11-24,7.270188808441162,7.679999828338623,8.0,7.679999828338623,7.699999809265137,822500
2021-11-25,7.317521095275879,7.730000019073486,8.229999542236328,7.690000057220459,8.229999542236328,464000
2021-11-26,7.364853382110596,7.78000020980835,7.96999979019165,7.699999809265137,7.96999979019165,378000
2021-11-29,7.374319076538086,7.789999961853027,7.929999828338623,7.690000057220459,7.699999809265137,522000
2021-11-30,7.431117534637451,7.849999904632568,7.909999847412109,7.539999961853027,7.539999961853027,557000
2021-12-01,7.317521095275879,7.730000019073486,7.900000095367432,7.699999809265137,7.820000171661377,502500
2021-12-02,7.251255989074707,7.659999847412109,7.940000057220459,7.559999942779541,7.679999828338623,485500
2021-12-03,7.336453437805176,7.75,7.789999961853027,7.659999847412109,7.789999961853027,366500
2021-12-06,7.11872673034668,7.519999980926514,7.889999866485596,7.519999980926514,7.889999866485596,333000
2021-12-07,7.308054447174072,7.71999979019165,7.949999809265137,7.659999847412109,7.679999828338623,732000
2021-12-08,7.317521095275879,7.730000019073486,7.989999771118164,7.519999980926514,7.710000038146973,1049500
2021-12-09,7.308054447174072,7.71999979019165,7.880000114440918,7.699999809265137,7.78000020980835,537500
2021-12-10,7.15659236907959,7.559999942779541,7.78000020980835,7.550000190734863,7.699999809265137,893000
2021-12-13,6.740070819854736,7.119999885559082,7.670000076293945,7.099999904632568,7.619999885559082,440000
2021-12-14,6.626474380493164,7.0,7.550000190734863,6.900000095367432,7.550000190734863,440000
2021-12-15,6.787403106689453,7.170000076293945,7.5,6.980000019073486,6.980000019073486,321000
2021-12-16,6.626474380493164,7.0,7.28000020980835,6.920000076293945,7.28000020980835,193000
2021-12-17,6.626474380493164,7.0,7.190000057220459,6.940000057220459,7.190000057220459,213000
2021-12-20,6.48447847366333,6.849999904632568,7.179999828338623,6.840000152587891,7.0,215000
2021-12-21,6.617007732391357,6.989999771118164,7.099999904632568,6.869999885559082,7.099999904632568,167500
2021-12-22,6.692739486694336,7.070000171661377,7.130000114440918,6.989999771118164,7.119999885559082,169000
2021-12-23,6.853667736053467,7.239999771118164,7.28000020980835,6.869999885559082,7.090000152587891,469000
2021-12-24,6.834734916687012,7.21999979019165,7.239999771118164,7.199999809265137,7.239999771118164,99000
2021-12-28,7.090327262878418,7.489999771118164,7.579999923706055,7.150000095367432,7.210000038146973,347000
2021-12-29,6.9483323097229,7.340000152587891,7.480000019073486,7.170000076293945,7.480000019073486,219500
2021-12-30,6.787403106689453,7.170000076293945,7.380000114440918,7.03000020980835,7.380000114440918,255500
2021-12-31,7.0808610916137695,7.480000019073486,7.71999979019165,7.230000019073486,7.71999979019165,203000
2022-01-03,7.1944580078125,7.599999904632568,7.920000076293945,7.349999904632568,7.489999771118164,583500
2022-01-04,7.270188808441162,7.679999828338623,7.809999942779541,7.409999847412109,7.809999942779541,199500
2022-01-05,7.15659236907959,7.559999942779541,7.730000019073486,7.489999771118164,7.730000019073486,99500
2022-01-06,7.071394920349121,7.46999979019165,7.639999866485596,7.010000228881836,7.380000114440918,167500
2022-01-07,6.863133907318115,7.25,7.659999847412109,7.150000095367432,7.650000095367432,192000
2022-01-10,7.147126197814941,7.550000190734863,7.75,7.25,7.25,248500
2022-01-11,7.099793910980225,7.5,7.690000057220459,7.269999980926514,7.690000057220459,125500
2022-01-12,7.326987266540527,7.739999771118164,7.889999866485596,7.440000057220459,7.679999828338623,371500
2022-01-13,7.184991836547852,7.590000152587891,7.659999847412109,7.380000114440918,7.610000133514404,150000
2022-01-14,6.986196994781494,7.380000114440918,7.760000228881836,7.380000114440918,7.760000228881836,136500
2022-01-17,6.986196994781494,7.380000114440918,7.570000171661377,7.300000190734863,7.369999885559082,158500
2022-01-18,7.071394920349121,7.46999979019165,7.579999923706055,7.199999809265137,7.579999923706055,168000
2022-01-19,6.976730823516846,7.369999885559082,7.489999771118164,7.159999847412109,7.489999771118164,319500
2022-01-20,6.806335926055908,7.190000057220459,7.369999885559082,7.139999866485596,7.349999904632568,210500
2022-01-21,6.7779364585876465,7.159999847412109,7.409999847412109,7.139999866485596,7.409999847412109,216500
2022-01-24,6.891533851623535,7.28000020980835,7.380000114440918,7.159999847412109,7.159999847412109,217000
2022-01-25,6.456079483032227,6.820000171661377,7.28000020980835,6.809999942779541,7.28000020980835,391500
2022-01-26,6.626474380493164,7.0,7.460000038146973,6.78000020980835,6.829999923706055,946000
2022-01-27,6.635941028594971,7.010000228881836,7.070000171661377,6.820000171661377,6.980000019073486,1185500
2022-01-28,6.5791425704956055,6.949999809265137,7.28000020980835,6.699999809265137,7.28000020980835,417000
2022-01-31,7.071394920349121,7.46999979019165,7.46999979019165,7.46999979019165,7.46999979019165,0
2022-02-04,6.834734916687012,7.21999979019165,7.570000171661377,7.159999847412109,7.570000171661377,299000
2022-02-07,6.834734916687012,7.21999979019165,7.409999847412109,7.039999961853027,7.409999847412109,396000
2022-02-08,6.56020975112915,6.929999828338623,7.369999885559082,6.920000076293945,7.369999885559082,226000
2022-02-09,6.673806667327881,7.050000190734863,7.360000133514404,7.0,7.360000133514404,396000
2022-02-10,6.796869277954102,7.179999828338623,7.380000114440918,7.010000228881836,7.380000114440918,219500
2022-02-11,6.645407199859619,7.019999980926514,7.159999847412109,6.960000038146973,7.159999847412109,204500
2022-02-14,6.721138000488281,7.099999904632568,7.239999771118164,6.909999847412109,7.239999771118164,315000
2022-02-15,6.768470287322998,7.150000095367432,7.320000171661377,7.099999904632568,7.320000171661377,1366000
2022-02-16,6.617007732391357,6.989999771118164,7.300000190734863,6.96999979019165,7.300000190734863,253500
2022-02-17,6.692739486694336,7.070000171661377,7.099999904632568,6.960000038146973,7.099999904632568,255500
2022-02-18,6.654873847961426,7.03000020980835,7.159999847412109,6.929999828338623,7.070000171661377,242000
2022-02-21,6.617007732391357,6.989999771118164,7.03000020980835,6.809999942779541,7.019999980926514,343000
2022-02-22,6.52234411239624,6.889999866485596,7.079999923706055,6.849999904632568,7.079999923706055,186000
2022-02-23,6.683272838592529,7.059999942779541,7.159999847412109,6.840000152587891,7.010000228881836,584500
2022-02-24,6.52234411239624,6.889999866485596,7.090000152587891,6.75,7.0,415500
2022-02-25,6.617007732391357,6.989999771118164,7.039999961853027,6.760000228881836,7.039999961853027,221500
2022-02-28,6.550743103027344,6.920000076293945,6.989999771118164,6.880000114440918,6.989999771118164,171000
2022-03-01,6.56020975112915,6.929999828338623,6.96999979019165,6.800000190734863,6.96999979019165,284500
2022-03-02,6.607541561126709,6.980000019073486,7.119999885559082,6.920000076293945,7.119999885559082,258000
2022-03-03,6.664340019226074,7.039999961853027,7.079999923706055,6.809999942779541,7.079999923706055,406500
2022-03-04,6.465545654296875,6.829999923706055,6.960000038146973,6.71999979019165,6.960000038146973,217500
2022-03-07,6.531810283660889,6.900000095367432,6.980000019073486,6.670000076293945,6.690000057220459,462000
2022-03-08,6.44661283493042,6.809999942779541,6.989999771118164,6.739999771118164,6.989999771118164,171500
2022-03-09,6.44661283493042,6.809999942779541,6.889999866485596,6.699999809265137,6.809999942779541,269500
2022-03-10,6.569675922393799,6.940000057220459,7.059999942779541,6.820000171661377,6.960000038146973,634500
2022-03-11,6.427680015563965,6.789999961853027,6.920000076293945,6.150000095367432,6.920000076293945,647500
2022-03-14,6.143688201904297,6.489999771118164,6.78000020980835,6.239999771118164,6.769999980926514,160000
2022-03-15,5.765032768249512,6.090000152587891,6.5,5.769999980926514,6.489999771118164,180500
2022-03-16,6.001692295074463,6.340000152587891,6.5,6.199999809265137,6.199999809265137,719000
2022-03-17,6.134222030639648,6.480000019073486,6.699999809265137,6.300000190734863,6.340000152587891,954000
2022-03-18,6.16262149810791,6.510000228881836,6.679999828338623,6.400000095367432,6.679999828338623,87000
2022-03-21,6.200486660003662,6.550000190734863,6.670000076293945,6.46999979019165,6.670000076293945,130000
2022-03-22,6.238352298736572,6.590000152587891,6.639999866485596,6.380000114440918,6.559999942779541,226500
2022-03-23,6.1531548500061035,6.5,6.670000076293945,6.5,6.570000171661377,157500
2022-03-24,6.134222030639648,6.480000019073486,6.630000114440918,6.349999904632568,6.349999904632568,108500
2022-03-25,6.124755382537842,6.46999979019165,6.510000228881836,6.349999904632568,6.349999904632568,78000
2022-03-28,6.1531548500061035,6.5,6.659999847412109,6.010000228881836,6.389999866485596,228000
2022-03-29,6.1531548500061035,6.5,6.639999866485596,6.309999942779541,6.489999771118164,309500
2022-03-30,6.1531548500061035,6.5,6.650000095367432,6.199999809265137,6.489999771118164,411500
2022-03-31,6.257285118103027,6.610000133514404,6.690000057220459,6.389999866485596,6.449999809265137,226500
2022-04-01,6.077423572540283,6.420000076293945,6.610000133514404,6.400000095367432,6.599999904632568,102000
2022-04-04,6.134222030639648,6.480000019073486,6.590000152587891,6.380000114440918,6.380000114440918,265000
2022-04-06,6.039557933807373,6.380000114440918,6.480000019073486,6.300000190734863,6.460000038146973,69000
2022-04-07,5.944894313812256,6.28000020980835,6.46999979019165,6.190000057220459,6.360000133514404,119000
2022-04-08,6.04902458190918,6.389999866485596,6.5,6.110000133514404,6.309999942779541,463000
2022-04-11,5.888095855712891,6.21999979019165,6.409999847412109,6.050000190734863,6.360000133514404,131000
2022-04-12,5.8691630363464355,6.199999809265137,6.449999809265137,6.0,6.199999809265137,408000
2022-04-13,5.8502302169799805,6.179999828338623,6.289999961853027,6.019999980926514,6.190000057220459,215500
2022-04-14,5.8691630363464355,6.199999809265137,6.389999866485596,6.070000171661377,6.170000076293945,432000
2022-04-19,5.81236457824707,6.139999866485596,6.260000228881836,6.0,6.150000095367432,266500
2022-04-20,5.727167129516602,6.050000190734863,6.150000095367432,5.840000152587891,6.150000095367432,134000
2022-04-21,5.736633777618408,6.059999942779541,6.170000076293945,5.909999847412109,6.039999961853027,183000
2022-04-22,5.660902500152588,5.980000019073486,6.050000190734863,5.909999847412109,6.050000190734863,92000
2022-04-25,5.481040954589844,5.789999961853027,5.96999979019165,5.579999923706055,5.96999979019165,320500
2022-04-26,5.537839412689209,5.849999904632568,5.989999771118164,5.699999809265137,5.699999809265137,664000
2022-04-27,5.471574783325195,5.78000020980835,5.840000152587891,5.75,5.840000152587891,104500
2022-04-28,5.49050760269165,5.800000190734863,5.869999885559082,5.539999961853027,5.78000020980835,347500
2022-04-29,5.859696865081787,6.190000057220459,6.199999809265137,5.610000133514404,5.78000020980835,894000
2022-05-03,5.660902500152588,5.980000019073486,6.179999828338623,5.980000019073486,6.179999828338623,136773
2022-05-04,5.509439945220947,5.820000171661377,5.960000038146973,5.75,5.960000038146973,100000
2022-05-05,5.585171222686768,5.900000095367432,5.980000019073486,5.800000190734863,5.800000190734863,437000
2022-05-06,5.471574783325195,5.78000020980835,5.900000095367432,5.769999980926514,5.849999904632568,201500
2022-05-10,5.49050760269165,5.800000190734863,6.099999904632568,5.440000057220459,5.559999942779541,672500
2022-05-11,5.33904504776001,5.639999866485596,5.929999828338623,5.519999980926514,5.639999866485596,249500
2022-05-12,5.017187595367432,5.300000190734863,5.730000019073486,5.210000038146973,5.639999866485596,327000
2022-05-13,5.215981960296631,5.510000228881836,5.590000152587891,5.300000190734863,5.300000190734863,539500
2022-05-16,5.2633137702941895,5.559999942779541,5.610000133514404,5.429999828338623,5.590000152587891,1022287
2022-05-17,5.310646057128906,5.610000133514404,5.78000020980835,5.550000190734863,5.78000020980835,550000
2022-05-18,5.3674445152282715,5.670000076293945,5.730000019073486,5.590000152587891,5.610000133514404,437500
2022-05-19,5.310646057128906,5.610000133514404,5.730000019073486,5.519999980926514,5.650000095367432,313500
2022-05-20,5.395843505859375,5.699999809265137,5.849999904632568,5.599999904632568,5.610000133514404,327500
2022-05-23,5.567759990692139,5.699999809265137,5.989999771118164,5.519999980926514,5.519999980926514,414000
2022-05-24,5.538456439971924,5.670000076293945,5.789999961853027,5.53000020980835,5.699999809265137,258000
2022-05-25,5.382168292999268,5.510000228881836,5.730000019073486,5.489999771118164,5.670000076293945,201000
2022-05-26,5.255184173583984,5.380000114440918,5.730000019073486,5.269999980926514,5.510000228881836,193500
2022-05-27,5.411472320556641,5.539999961853027,5.699999809265137,5.380000114440918,5.380000114440918,306500
2022-05-30,5.4310078620910645,5.559999942779541,5.670000076293945,5.5,5.539999961853027,191000
2022-05-31,5.567759990692139,5.699999809265137,5.800000190734863,5.449999809265137,5.559999942779541,314000
2022-06-01,5.587296009063721,5.71999979019165,5.840000152587891,5.679999828338623,5.699999809265137,376000
2022-06-02,5.518920421600342,5.650000095367432,5.789999961853027,5.559999942779541,5.71999979019165,220500
2022-06-06,5.538456439971924,5.670000076293945,5.789999961853027,5.449999809265137,5.650000095367432,216000
2022-06-07,5.567759990692139,5.699999809265137,5.760000228881836,5.5,5.670000076293945,217500
2022-06-08,5.518920421600342,5.650000095367432,5.730000019073486,5.550000190734863,5.699999809265137,238000
2022-06-09,5.538456439971924,5.670000076293945,5.800000190734863,5.579999923706055,5.650000095367432,287000
2022-06-10,5.665440559387207,5.800000190734863,5.840000152587891,5.550000190734863,5.550000190734863,461500
2022-06-13,5.567759990692139,5.699999809265137,5.789999961853027,5.670000076293945,5.78000020980835,218500
2022-06-14,5.792424201965332,5.929999828338623,6.099999904632568,5.679999828338623,5.699999809265137,600500
2022-06-15,5.724048137664795,5.860000133514404,5.949999809265137,5.699999809265137,5.929999828338623,258000
2022-06-16,5.548223972320557,5.679999828338623,5.960000038146973,5.599999904632568,5.849999904632568,183000
2022-06-17,5.4310078620910645,5.559999942779541,5.909999847412109,5.5,5.670000076293945,215000
2022-06-20,5.4505438804626465,5.579999923706055,5.690000057220459,5.5,5.5,205000
2022-06-21,5.4896159172058105,5.619999885559082,5.619999885559082,5.539999961853027,5.579999923706055,241500
2022-06-22,5.518920421600342,5.650000095367432,5.900000095367432,5.590000152587891,5.619999885559082,309000
2022-06-23,5.538456439971924,5.670000076293945,5.809999942779541,5.519999980926514,5.650000095367432,357000
2022-06-24,5.479848384857178,5.610000133514404,5.849999904632568,5.460000038146973,5.670000076293945,401500
2022-06-27,5.274720191955566,5.400000095367432,5.690000057220459,5.369999885559082,5.599999904632568,315000
2022-06-28,4.981679916381836,5.099999904632568,5.619999885559082,5.099999904632568,5.389999866485596,328000
2022-06-29,5.001215934753418,5.119999885559082,5.179999828338623,4.889999866485596,5.110000133514404,264500
2022-06-30,5.020751953125,5.139999866485596,5.239999771118164,4.980000019073486,4.980000019073486,227000
2022-07-04,4.874231815338135,4.989999771118164,5.130000114440918,4.960000038146973,5.130000114440918,231500
2022-07-05,5.079360008239746,5.199999809265137,5.199999809265137,4.989999771118164,4.989999771118164,647500
2022-07-06,5.030520439147949,5.150000095367432,5.199999809265137,4.920000076293945,5.199999809265137,263000
2022-07-07,5.040287971496582,5.159999847412109,5.329999923706055,4.96999979019165,5.150000095367432,254000
2022-07-08,4.737480163574219,4.849999904632568,5.159999847412109,4.78000020980835,5.159999847412109,367784
2022-07-11,4.766784191131592,4.880000114440918,4.960000038146973,4.179999828338623,4.800000190734863,619500
2022-07-12,4.727712154388428,4.840000152587891,4.880000114440918,4.679999828338623,4.880000114440918,182500
2022-07-13,4.757016181945801,4.869999885559082,4.900000095367432,4.679999828338623,4.840000152587891,237000
2022-07-14,4.74724817276001,4.860000133514404,4.889999866485596,4.579999923706055,4.869999885559082,202000
2022-07-15,4.669104099273682,4.78000020980835,4.860000133514404,4.610000133514404,4.860000133514404,209209
2022-07-18,4.6007280349731445,4.710000038146973,4.889999866485596,4.630000114440918,4.78000020980835,245500
2022-07-19,4.6007280349731445,4.710000038146973,4.869999885559082,4.699999809265137,4.699999809265137,130500
2022-07-20,4.512815952301025,4.619999885559082,4.860000133514404,4.619999885559082,4.710000038146973,247000
2022-07-21,4.473743915557861,4.579999923706055,4.659999847412109,4.570000171661377,4.619999885559082,246500
2022-07-22,4.630032062530518,4.739999771118164,4.739999771118164,4.539999961853027,4.579999923706055,189000
2022-07-25,4.688640117645264,4.800000190734863,4.800000190734863,4.25,4.25,488000
2022-07-26,4.649568557739258,4.760000228881836,4.829999923706055,4.730000019073486,4.800000190734863,234000
2022-07-27,4.649568557739258,4.760000228881836,4.809999942779541,4.659999847412109,4.760000228881836,241500
2022-07-28,4.5518879890441895,4.659999847412109,4.789999961853027,4.5,4.760000228881836,259000
2022-07-29,4.4444403648376465,4.550000190734863,4.650000095367432,4.550000190734863,4.659999847412109,246000
2022-08-01,4.493279933929443,4.599999904632568,4.670000076293945,4.480000019073486,4.550000190734863,283500
2022-08-02,4.307687759399414,4.409999847412109,4.610000133514404,4.21999979019165,4.599999904632568,211000
2022-08-03,4.278384208679199,4.380000114440918,4.409999847412109,4.309999942779541,4.409999847412109,209000
2022-08-04,4.249080181121826,4.349999904632568,4.409999847412109,4.25,4.380000114440918,306500
2022-08-05,4.336992263793945,4.440000057220459,4.440000057220459,4.269999980926514,4.360000133514404,272000
2022-08-08,4.4835124015808105,4.590000152587891,4.639999866485596,4.400000095367432,4.440000057220459,288500
2022-08-09,4.405368328094482,4.510000228881836,4.590000152587891,4.510000228881836,4.550000190734863,249000
2022-08-10,4.297920227050781,4.400000095367432,4.510000228881836,4.389999866485596,4.510000228881836,267500
2022-08-11,4.327223777770996,4.429999828338623,4.429999828338623,4.400000095367432,4.400000095367432,247500
2022-08-12,4.434671878814697,4.539999961853027,4.550000190734863,4.409999847412109,4.429999828338623,238500
2022-08-15,4.4444403648376465,4.550000190734863,4.710000038146973,4.460000038146973,4.539999961853027,161000
2022-08-16,4.512815952301025,4.619999885559082,4.619999885559082,4.550000190734863,4.570000171661377,279000
2022-08-17,4.796087741851807,4.909999847412109,4.920000076293945,4.480000019073486,4.619999885559082,317500
2022-08-18,4.698408126831055,4.809999942779541,4.909999847412109,4.610000133514404,4.909999847412109,251500
2022-08-19,4.717944145202637,4.829999923706055,5.099999904632568,4.570000171661377,4.570000171661377,269500
2022-08-22,4.659336090087891,4.769999980926514,4.949999809265137,4.650000095367432,4.829999923706055,222500
2022-08-23,4.698408126831055,4.809999942779541,4.880000114440918,4.53000020980835,4.769999980926514,230000
2022-08-24,4.698408126831055,4.809999942779541,4.909999847412109,4.699999809265137,4.809999942779541,261500
2022-08-25,4.864464282989502,4.980000019073486,5.03000020980835,4.800000190734863,4.809999942779541,308000
2022-08-26,4.659336090087891,4.769999980926514,4.929999828338623,4.739999771118164,4.900000095367432,261500
2022-08-29,4.542119979858398,4.650000095367432,4.75,4.650000095367432,4.710000038146973,218000
2022-08-30,4.493279933929443,4.599999904632568,4.860000133514404,4.590000152587891,4.860000133514404,276089
2022-08-31,4.4639763832092285,4.570000171661377,4.710000038146973,4.510000228881836,4.630000114440918,260325
2022-09-01,4.415135860443115,4.519999980926514,4.710000038146973,4.5,4.5,243807
2022-09-02,4.503048419952393,4.610000133514404,4.769999980926514,4.539999961853027,4.769999980926514,284500
2022-09-05,4.512815952301025,4.619999885559082,4.78000020980835,4.429999828338623,4.489999771118164,398500
2022-09-06,4.473743915557861,4.579999923706055,4.630000114440918,4.519999980926514,4.619999885559082,309600
2022-09-07,4.5909600257873535,4.699999809265137,4.849999904632568,4.570000171661377,4.570000171661377,291500
2022-09-08,4.6104960441589355,4.71999979019165,4.860000133514404,4.510000228881836,4.699999809265137,208600
2022-09-09,4.405368328094482,4.510000228881836,4.630000114440918,4.480000019073486,4.550000190734863,261000
2022-09-13,4.493279933929443,4.599999904632568,4.619999885559082,4.460000038146973,4.559999942779541,268500
2022-09-14,4.493279933929443,4.599999904632568,4.659999847412109,4.21999979019165,4.630000114440918,240500
2022-09-15,4.493279933929443,4.599999904632568,4.630000114440918,4.5,4.619999885559082,259000
2022-09-16,4.649568557739258,4.760000228881836,4.800000190734863,4.570000171661377,4.619999885559082,514000
2022-09-19,4.5616559982299805,4.670000076293945,4.730000019073486,4.5,4.650000095367432,327500
2022-09-20,4.5811920166015625,4.690000057220459,4.78000020980835,4.510000228881836,4.619999885559082,424446
2022-09-21,4.454207897186279,4.559999942779541,4.699999809265137,4.550000190734863,4.599999904632568,295500
2022-09-22,4.405368328094482,4.510000228881836,4.579999923706055,4.480000019073486,4.539999961853027,284500
2022-09-23,4.327223777770996,4.429999828338623,4.519999980926514,4.320000171661377,4.510000228881836,384000
2022-09-26,4.376064300537109,4.480000019073486,4.489999771118164,4.309999942779541,4.380000114440918,677500
2022-09-27,4.317456245422363,4.420000076293945,4.480000019073486,4.329999923706055,4.480000019073486,252659
2022-09-28,4.385831832885742,4.489999771118164,4.650000095367432,4.260000228881836,4.380000114440918,357774
2022-09-29,4.385831832885742,4.489999771118164,4.630000114440918,4.329999923706055,4.449999809265137,283500
2022-09-30,4.5714240074157715,4.679999828338623,4.849999904632568,4.320000171661377,4.449999809265137,321640
2022-10-03,4.229544162750244,4.329999923706055,4.599999904632568,4.329999923706055,4.650000095367432,358000
2022-10-05,4.268616199493408,4.369999885559082,4.440000057220459,4.329999923706055,4.380000114440918,258000
2022-10-06,4.229544162750244,4.329999923706055,4.400000095367432,4.289999961853027,4.369999885559082,257500
2022-10-07,4.356528282165527,4.460000038146973,4.550000190734863,4.300000190734863,4.329999923706055,370000
2022-10-10,4.161168098449707,4.260000228881836,4.380000114440918,4.110000133514404,4.320000171661377,280500
2022-10-11,4.180704116821289,4.28000020980835,4.300000190734863,4.099999904632568,4.269999980926514,293651
2022-10-12,4.112328052520752,4.210000038146973,4.21999979019165,4.130000114440918,4.21999979019165,193837
2022-10-13,4.063488006591797,4.159999847412109,4.269999980926514,4.139999866485596,4.190000057220459,239500
2022-10-14,4.112328052520752,4.210000038146973,4.460000038146973,4.03000020980835,4.170000076293945,363000
2022-10-17,4.102560043334961,4.199999809265137,4.289999961853027,4.070000171661377,4.21999979019165,303327
2022-10-18,4.073256015777588,4.170000076293945,4.28000020980835,4.079999923706055,4.170000076293945,196500
2022-10-19,3.9072000980377197,4.0,4.159999847412109,3.9000000953674316,4.159999847412109,419500
2022-10-20,3.8681280612945557,3.9600000381469727,4.099999904632568,3.799999952316284,4.0,1017462
2022-10-21,4.200240135192871,4.300000190734863,4.349999904632568,3.9100000858306885,3.9600000381469727,1007138
2022-10-24,4.102560043334961,4.199999809265137,4.28000020980835,4.079999923706055,4.28000020980835,124000
2022-10-25,4.151400089263916,4.25,4.349999904632568,4.0,4.199999809265137,451373
2022-10-26,4.083024024963379,4.179999828338623,4.199999809265137,4.059999942779541,4.199999809265137,94000
2022-10-27,4.083024024963379,4.179999828338623,4.179999828338623,4.010000228881836,4.170000076293945,197500
2022-10-28,4.083024024963379,4.179999828338623,4.300000190734863,4.019999980926514,4.150000095367432,254500
2022-10-31,4.004879951477051,4.099999904632568,4.21999979019165,4.039999961853027,4.179999828338623,221000
2022-11-01,4.073256015777588,4.170000076293945,4.329999923706055,4.070000171661377,4.099999904632568,419788
2022-11-02,4.219776153564453,4.320000171661377,4.420000076293945,4.079999923706055,4.150000095367432,196994
2022-11-03,4.112328052520752,4.210000038146973,4.349999904632568,4.170000076293945,4.320000171661377,197000
2022-11-04,4.131864070892334,4.230000019073486,4.409999847412109,4.059999942779541,4.159999847412109,320368
2022-11-07,4.102560043334961,4.199999809265137,4.269999980926514,4.150000095367432,4.230000019073486,189000
2022-11-08,4.102560043334961,4.199999809265137,4.300000190734863,4.070000171661377,4.079999923706055,280000
2022-11-09,4.053719997406006,4.150000095367432,4.239999771118164,4.110000133514404,4.190000057220459,255500
2022-11-10,4.034183979034424,4.130000114440918,4.159999847412109,4.010000228881836,4.159999847412109,254500
2022-11-11,4.112328052520752,4.210000038146973,4.300000190734863,4.010000228881836,4.159999847412109,419538
2022-11-14,4.122096061706543,4.21999979019165,4.269999980926514,4.150000095367432,4.260000228881836,313000
2022-11-15,4.102560043334961,4.199999809265137,4.300000190734863,4.170000076293945,4.199999809265137,262500
2022-11-16,4.112328052520752,4.210000038146973,4.300000190734863,4.110000133514404,4.21999979019165,216000
2022-11-17,4.19047212600708,4.289999961853027,4.360000133514404,4.159999847412109,4.21999979019165,564772
2022-11-18,4.200240135192871,4.300000190734863,4.320000171661377,3.990000009536743,4.25,965000
2022-11-21,4.063488006591797,4.159999847412109,4.360000133514404,4.110000133514404,4.199999809265137,295500
2022-11-22,4.063488006591797,4.159999847412109,4.349999904632568,4.099999904632568,4.159999847412109,362680
2022-11-23,4.112328052520752,4.210000038146973,4.21999979019165,4.099999904632568,4.21999979019165,243000
2022-11-24,4.170936107635498,4.269999980926514,4.449999809265137,4.170000076293945,4.210000038146973,497500
2022-11-25,4.141632080078125,4.239999771118164,4.300000190734863,4.159999847412109,4.21999979019165,251500
2022-11-28,4.200240135192871,4.300000190734863,4.380000114440918,4.190000057220459,4.239999771118164,451898
2022-11-29,4.131864070892334,4.230000019073486,4.300000190734863,4.230000019073486,4.260000228881836,215500
2022-11-30,4.239312171936035,4.340000152587891,4.340000152587891,4.21999979019165,4.239999771118164,381752
2022-12-01,4.512815952301025,4.619999885559082,4.650000095367432,4.289999961853027,4.289999961853027,435742
2022-12-02,4.454207897186279,4.559999942779541,4.630000114440918,4.510000228881836,4.539999961853027,152000
2022-12-05,4.415135860443115,4.519999980926514,4.559999942779541,4.420000076293945,4.559999942779541,147000
2022-12-06,4.639800071716309,4.75,4.989999771118164,4.519999980926514,4.53000020980835,606930
2022-12-07,4.952376365661621,5.070000171661377,5.179999828338623,4.599999904632568,4.599999904632568,415358
2022-12-08,5.206344127655029,5.329999923706055,5.5,5.019999980926514,5.070000171661377,474252
2022-12-09,4.913304328918457,5.03000020980835,5.289999961853027,4.900000095367432,5.010000228881836,248500
2022-12-12,4.981679916381836,5.099999904632568,5.150000095367432,4.989999771118164,5.03000020980835,227500
2022-12-13,5.069591999053955,5.190000057220459,5.289999961853027,5.110000133514404,5.119999885559082,200500
2022-12-14,5.001215934753418,5.119999885559082,5.199999809265137,5.039999961853027,5.159999847412109,220000
2022-12-15,4.991448402404785,5.110000133514404,5.210000038146973,5.070000171661377,5.159999847412109,134000
2022-12-16,4.981679916381836,5.099999904632568,5.389999866485596,5.019999980926514,5.150000095367432,138000
2022-12-19,4.981679916381836,5.099999904632568,5.190000057220459,4.960000038146973,5.170000076293945,178000
2022-12-20,4.903536319732666,5.019999980926514,5.199999809265137,5.0,5.159999847412109,246000
2022-12-21,4.864464282989502,4.980000019073486,5.110000133514404,4.900000095367432,5.039999961853027,189000
2022-12-22,5.284488201141357,5.409999847412109,5.429999828338623,4.949999809265137,4.960000038146973,421500
2022-12-23,5.040287971496582,5.159999847412109,5.320000171661377,5.150000095367432,5.320000171661377,208000
2022-12-28,5.059823989868164,5.179999828338623,5.179999828338623,4.960000038146973,5.130000114440918,315000
2022-12-29,5.128200054168701,5.25,5.349999904632568,5.010000228881836,5.010000228881836,321000
2022-12-30,5.372400283813477,5.5,5.659999847412109,5.300000190734863,5.449999809265137,526500
2023-01-03,5.030520439147949,5.150000095367432,5.449999809265137,5.150000095367432,5.5,302000
2023-01-04,4.952376365661621,5.070000171661377,5.239999771118164,5.03000020980835,5.159999847412109,286500
2023-01-05,5.069591999053955,5.190000057220459,5.199999809265137,5.03000020980835,5.119999885559082,339000
2023-01-06,4.884000301361084,5.0,5.190000057220459,5.0,5.190000057220459,227000
2023-01-09,4.962143898010254,5.079999923706055,5.090000152587891,4.96999979019165,5.010000228881836,235000
2023-01-10,4.884000301361084,5.0,5.079999923706055,4.96999979019165,5.059999942779541,267500
2023-01-11,4.805856227874756,4.920000076293945,5.019999980926514,4.900000095367432,5.019999980926514,306000
2023-01-12,4.786320209503174,4.900000095367432,4.989999771118164,4.860000133514404,4.960000038146973,156348
2023-01-13,4.678872108459473,4.789999961853027,5.179999828338623,4.789999961853027,4.900000095367432,272000
2023-01-16,4.835159778594971,4.949999809265137,5.090000152587891,4.809999942779541,4.809999942779541,345000
2023-01-17,4.805856227874756,4.920000076293945,5.03000020980835,4.860000133514404,4.960000038146973,252500
2023-01-18,5.001215934753418,5.119999885559082,5.119999885559082,4.869999885559082,4.980000019073486,306000
2023-01-19,5.255184173583984,5.380000114440918,5.5,5.079999923706055,5.130000114440918,404000
2023-01-20,5.372400283813477,5.5,5.5,5.360000133514404,5.400000095367432,308500
2023-01-26,5.4310078620910645,5.559999942779541,5.599999904632568,5.420000076293945,5.480000019073486,263000
2023-01-27,5.509151935577393,5.639999866485596,5.730000019073486,5.360000133514404,5.579999923706055,277000
2023-01-30,5.079360008239746,5.199999809265137,5.650000095367432,5.199999809265137,5.650000095367432,675000
2023-01-31,4.884000301361084,5.0,5.260000228881836,4.989999771118164,5.25,317500
2023-02-01,4.981679916381836,5.099999904632568,5.099999904632568,4.889999866485596,5.019999980926514,219000
2023-02-02,4.991448402404785,5.110000133514404,5.269999980926514,4.989999771118164,5.119999885559082,321500
2023-02-03,5.030520439147949,5.150000095367432,5.159999847412109,4.980000019073486,5.130000114440918,527500
2023-02-06,5.421240329742432,5.550000190734863,5.630000114440918,5.139999866485596,5.170000076293945,640500
2023-02-07,5.206344127655029,5.329999923706055,5.599999904632568,5.329999923706055,5.559999942779541,217000
2023-02-08,5.21611213684082,5.340000152587891,5.380000114440918,5.239999771118164,5.360000133514404,213000
2023-02-09,5.196576118469238,5.320000171661377,5.420000076293945,5.159999847412109,5.360000133514404,229000
2023-02-10,5.177040100097656,5.300000190734863,5.539999961853027,5.099999904632568,5.380000114440918,198500
2023-02-13,5.108664035797119,5.230000019073486,5.360000133514404,5.110000133514404,5.309999942779541,210500
2023-02-14,5.11843204498291,5.239999771118164,5.519999980926514,5.239999771118164,5.25,394500
2023-02-15,5.059823989868164,5.179999828338623,5.309999942779541,5.159999847412109,5.179999828338623,275500
2023-02-16,5.284488201141357,5.409999847412109,5.5,5.159999847412109,5.21999979019165,265500
2023-02-17,5.362631797790527,5.489999771118164,5.730000019073486,5.349999904632568,5.420000076293945,250000
2023-02-20,5.460312366485596,5.590000152587891,5.71999979019165,5.440000057220459,5.510000228881836,241000
2023-02-21,5.440776348114014,5.570000171661377,5.670000076293945,5.409999847412109,5.599999904632568,195000
2023-02-22,5.177040100097656,5.300000190734863,5.590000152587891,5.300000190734863,5.590000152587891,250000
2023-02-23,5.304023742675781,5.429999828338623,5.429999828338623,5.329999923706055,5.329999923706055,186000
2023-02-24,5.235648155212402,5.360000133514404,5.46999979019165,5.360000133514404,5.449999809265137,193000
2023-02-27,5.108664035797119,5.230000019073486,5.420000076293945,5.199999809265137,5.409999847412109,221000
2023-02-28,5.372400283813477,5.5,5.539999961853027,5.210000038146973,5.429999828338623,268500
2023-03-01,5.245416164398193,5.369999885559082,5.539999961853027,5.269999980926514,5.340000152587891,231000
2023-03-02,5.177040100097656,5.300000190734863,5.400000095367432,5.230000019073486,5.389999866485596,262500
2023-03-03,5.274720191955566,5.400000095367432,5.5,5.28000020980835,5.300000190734863,238000
2023-03-06,5.13796854019165,5.260000228881836,5.510000228881836,5.21999979019165,5.409999847412109,281000
2023-03-07,5.098896026611328,5.21999979019165,5.449999809265137,5.21999979019165,5.289999961853027,298500
2023-03-08,5.13796854019165,5.260000228881836,5.309999942779541,5.170000076293945,5.309999942779541,263500
2023-03-09,5.128200054168701,5.25,5.340000152587891,5.21999979019165,5.260000228881836,334000
2023-03-10,5.11843204498291,5.239999771118164,5.409999847412109,5.21999979019165,5.230000019073486,215500
2023-03-13,5.157504558563232,5.28000020980835,5.340000152587891,5.159999847412109,5.340000152587891,288500
2023-03-14,5.235648155212402,5.360000133514404,5.409999847412109,5.239999771118164,5.28000020980835,317000
2023-03-15,5.167272090911865,5.289999961853027,5.409999847412109,5.230000019073486,5.329999923706055,289000
2023-03-16,5.030520439147949,5.150000095367432,5.389999866485596,5.059999942779541,5.289999961853027,204000
2023-03-17,5.3137922286987305,5.440000057220459,5.800000190734863,5.159999847412109,5.159999847412109,651500
2023-03-20,5.030520439147949,5.150000095367432,5.519999980926514,5.150000095367432,5.449999809265137,345000
2023-03-21,5.098896026611328,5.21999979019165,5.309999942779541,5.130000114440918,5.210000038146973,298000
2023-03-22,5.167272090911865,5.289999961853027,5.369999885559082,5.130000114440918,5.190000057220459,326500
2023-03-23,5.284488201141357,5.409999847412109,5.440000057220459,5.170000076293945,5.309999942779541,373000
2023-03-24,5.13796854019165,5.260000228881836,5.369999885559082,5.099999904632568,5.260000228881836,332500
2023-03-27,4.942607879638672,5.059999942779541,5.440000057220459,5.059999942779541,5.380000114440918,422000
2023-03-28,4.893768310546875,5.010000228881836,5.199999809265137,4.960000038146973,5.170000076293945,305500
2023-03-29,4.766784191131592,4.880000114440918,5.28000020980835,4.869999885559082,5.050000190734863,407866
2023-03-30,5.059823989868164,5.179999828338623,5.289999961853027,4.929999828338623,4.929999828338623,832500
2023-03-31,5.128200054168701,5.25,5.360000133514404,5.110000133514404,5.179999828338623,774500
2023-04-03,5.3528642654418945,5.480000019073486,5.53000020980835,5.199999809265137,5.199999809265137,746090
2023-04-04,5.3528642654418945,5.480000019073486,5.570000171661377,5.389999866485596,5.46999979019165,442858
2023-04-06,5.167272090911865,5.289999961853027,5.460000038146973,5.099999904632568,5.460000038146973,304500
2023-04-11,4.981679916381836,5.099999904632568,5.239999771118164,5.079999923706055,5.199999809265137,327000
2023-04-12,4.952376365661621,5.070000171661377,5.139999866485596,5.010000228881836,5.090000152587891,261500
2023-04-13,4.903536319732666,5.019999980926514,5.099999904632568,5.010000228881836,5.070000171661377,222000
2023-04-14,4.991448402404785,5.110000133514404,5.230000019073486,5.010000228881836,5.050000190734863,320110
2023-04-17,5.020751953125,5.139999866485596,5.170000076293945,5.079999923706055,5.110000133514404,230500
2023-04-18,4.942607879638672,5.059999942779541,5.429999828338623,5.03000020980835,5.349999904632568,250500
2023-04-19,4.913304328918457,5.03000020980835,5.070000171661377,4.920000076293945,5.059999942779541,246000
2023-04-20,4.835159778594971,4.949999809265137,5.179999828338623,4.929999828338623,5.179999828338623,273000
2023-04-21,4.825392246246338,4.940000057220459,5.059999942779541,4.900000095367432,5.059999942779541,281500
2023-04-24,4.659336090087891,4.769999980926514,4.949999809265137,4.769999980926514,4.940000057220459,320000
2023-04-25,4.5518879890441895,4.659999847412109,5.079999923706055,4.440000057220459,5.079999923706055,445000
2023-04-26,4.757016181945801,4.869999885559082,5.099999904632568,4.579999923706055,4.579999923706055,645500
2023-04-27,4.708176136016846,4.820000171661377,4.989999771118164,4.679999828338623,4.730000019073486,401000
2023-04-28,4.688640117645264,4.800000190734863,4.809999942779541,4.760000228881836,4.760000228881836,231500
2023-05-02,4.639800071716309,4.75,4.869999885559082,4.690000057220459,4.800000190734863,254000
2023-05-03,4.698408126831055,4.809999942779541,5.139999866485596,4.699999809265137,4.789999961853027,216230
2023-05-04,4.737480163574219,4.849999904632568,4.889999866485596,4.760000228881836,4.760000228881836,382000
2023-05-05,4.874231815338135,4.989999771118164,5.0,4.809999942779541,4.849999904632568,606500
2023-05-08,4.786320209503174,4.900000095367432,4.980000019073486,4.78000020980835,4.929999828338623,551000
2023-05-09,4.678872108459473,4.789999961853027,4.880000114440918,4.739999771118164,4.849999904632568,291500
2023-05-10,4.678872108459473,4.789999961853027,4.869999885559082,4.71999979019165,4.71999979019165,310500
2023-05-11,4.727712154388428,4.840000152587891,4.880000114440918,4.639999866485596,4.760000228881836,616500
2023-05-12,4.639800071716309,4.75,4.809999942779541,4.690000057220459,4.800000190734863,351000
2023-05-15,4.678872108459473,4.789999961853027,4.96999979019165,4.71999979019165,4.960000038146973,210000
2023-05-16,4.6007280349731445,4.710000038146973,4.880000114440918,4.699999809265137,4.840000152587891,212500
2023-05-17,4.678872108459473,4.789999961853027,4.949999809265137,4.659999847412109,4.659999847412109,233500
2023-05-18,4.766784191131592,4.880000114440918,4.880000114440918,4.739999771118164,4.739999771118164,235000
2023-05-19,4.757016181945801,4.869999885559082,5.139999866485596,4.820000171661377,4.820000171661377,325876
2023-05-22,4.698408126831055,4.809999942779541,4.840000152587891,4.699999809265137,4.78000020980835,273000
2023-05-23,4.669104099273682,4.78000020980835,4.949999809265137,4.619999885559082,4.75,376500
2023-05-24,4.659336090087891,4.769999980926514,4.809999942779541,4.610000133514404,4.710000038146973,262500
2023-05-25,4.639800071716309,4.75,4.78000020980835,4.599999904632568,4.650000095367432,368000
2023-05-29,4.669104099273682,4.78000020980835,4.880000114440918,4.619999885559082,4.679999828338623,350354
2023-05-30,4.698408126831055,4.809999942779541,4.880000114440918,4.690000057220459,4.690000057220459,295000
2023-05-31,4.884000301361084,5.0,5.0,4.679999828338623,4.809999942779541,277500
2023-06-01,4.75,4.75,4.980000019073486,4.710000038146973,4.730000019073486,489500
2023-06-02,4.789999961853027,4.789999961853027,4.829999923706055,4.690000057220459,4.690000057220459,232584
2023-06-05,4.739999771118164,4.739999771118164,4.840000152587891,4.690000057220459,4.690000057220459,229000
2023-06-06,4.699999809265137,4.699999809265137,4.730000019073486,4.679999828338623,4.71999979019165,197000
2023-06-07,4.679999828338623,4.679999828338623,4.760000228881836,4.610000133514404,4.610000133514404,222500
2023-06-08,4.730000019073486,4.730000019073486,5.0,4.630000114440918,4.679999828338623,296000
2023-06-09,4.699999809265137,4.699999809265137,4.800000190734863,4.670000076293945,4.800000190734863,220000
2023-06-12,4.739999771118164,4.739999771118164,4.800000190734863,4.690000057220459,4.699999809265137,254500
2023-06-13,4.650000095367432,4.650000095367432,4.730000019073486,4.610000133514404,4.670000076293945,254000
2023-06-14,4.599999904632568,4.599999904632568,4.78000020980835,4.599999904632568,4.650000095367432,280500
2023-06-15,4.599999904632568,4.599999904632568,4.699999809265137,4.400000095367432,4.510000228881836,449000
2023-06-16,4.429999828338623,4.429999828338623,4.630000114440918,4.360000133514404,4.590000152587891,308000
2023-06-19,4.400000095367432,4.400000095367432,4.460000038146973,4.289999961853027,4.429999828338623,396500
2023-06-20,4.329999923706055,4.329999923706055,4.570000171661377,4.289999961853027,4.360000133514404,495000
2023-06-21,4.269999980926514,4.269999980926514,4.369999885559082,4.170000076293945,4.300000190734863,308076
2023-06-23,4.400000095367432,4.400000095367432,4.489999771118164,4.28000020980835,4.28000020980835,288000
2023-06-26,4.420000076293945,4.420000076293945,4.699999809265137,4.139999866485596,4.460000038146973,648000
2023-06-27,4.369999885559082,4.369999885559082,4.599999904632568,4.159999847412109,4.590000152587891,399000
2023-06-28,4.059999942779541,4.059999942779541,4.320000171661377,4.059999942779541,4.25,564000
2023-06-29,4.090000152587891,4.090000152587891,4.320000171661377,3.9700000286102295,4.090000152587891,560000
2023-06-30,3.9800000190734863,3.9800000190734863,4.099999904632568,3.819999933242798,4.119999885559082,786000
2023-07-03,3.880000114440918,3.880000114440918,3.9800000190734863,3.819999933242798,3.9100000858306885,4337500
2023-07-04,3.700000047683716,3.700000047683716,3.9000000953674316,3.700000047683716,3.890000104904175,689500
2023-07-05,3.7300000190734863,3.7300000190734863,3.8499999046325684,3.559999942779541,3.7200000286102295,1155998
2023-07-06,3.5999999046325684,3.5999999046325684,3.7200000286102295,3.5999999046325684,3.680000066757202,413000
2023-07-07,3.5999999046325684,3.5999999046325684,3.7799999713897705,3.5399999618530273,3.7200000286102295,362500
2023-07-10,3.7300000190734863,3.7300000190734863,3.869999885559082,3.569999933242798,3.619999885559082,876000
2023-07-11,3.549999952316284,3.549999952316284,3.869999885559082,3.549999952316284,3.869999885559082,341500
2023-07-12,3.619999885559082,3.619999885559082,3.619999885559082,3.5199999809265137,3.549999952316284,361000
2023-07-13,3.680000066757202,3.680000066757202,3.680000066757202,3.5399999618530273,3.5399999618530273,279500
2023-07-14,3.680000066757202,3.680000066757202,3.680000066757202,3.680000066757202,3.680000066757202,0
2023-07-18,3.7200000286102295,3.7200000286102295,3.880000114440918,3.559999942779541,3.880000114440918,27500
2023-07-19,3.6500000953674316,3.6500000953674316,3.700000047683716,3.6500000953674316,3.700000047683716,11500
2023-07-20,3.5399999618530273,3.5399999618530273,3.640000104904175,3.25,3.5399999618530273,281500
2023-07-21,3.049999952316284,3.049999952316284,3.5899999141693115,3.049999952316284,3.5799999237060547,3112000
2023-07-24,2.9600000381469727,2.9600000381469727,3.0399999618530273,2.859999895095825,3.0399999618530273,72500
2023-07-25,2.9700000286102295,2.9700000286102295,3.0199999809265137,2.7699999809265137,2.9800000190734863,106000
2023-07-26,2.950000047683716,2.950000047683716,2.9700000286102295,2.8299999237060547,2.9700000286102295,129500
2023-07-27,3.0,3.0,3.0999999046325684,2.9200000762939453,3.0999999046325684,33000
2023-07-28,3.0,3.0,3.059999942779541,2.859999895095825,3.059999942779541,6000
2023-07-31,3.299999952316284,3.299999952316284,3.299999952316284,2.9000000953674316,2.990000009536743,97000
2023-08-01,3.450000047683716,3.450000047683716,3.450000047683716,3.2899999618530273,3.2899999618530273,12000
2023-08-02,3.430000066757202,3.430000066757202,3.450000047683716,3.2300000190734863,3.4100000858306885,31500
2023-08-03,3.4000000953674316,3.4000000953674316,3.5199999809265137,3.0,3.5199999809265137,3500
2023-08-04,3.190000057220459,3.190000057220459,3.5199999809265137,3.0799999237060547,3.5199999809265137,7500
2023-08-07,3.049999952316284,3.049999952316284,3.440000057220459,3.049999952316284,3.440000057220459,1000
2023-08-08,2.9100000858306885,2.9100000858306885,3.009999990463257,2.9100000858306885,3.009999990463257,4500
2023-08-09,2.880000114440918,2.880000114440918,2.890000104904175,2.880000114440918,2.880000114440918,39500
2023-08-10,3.0199999809265137,3.0199999809265137,3.0299999713897705,3.0299999713897705,3.0299999713897705,1500
2023-08-11,3.2100000381469727,3.2100000381469727,3.4200000762939453,3.0999999046325684,3.4200000762939453,2500
2023-08-14,3.3499999046325684,3.3499999046325684,3.3499999046325684,3.3499999046325684,3.3499999046325684,0
2023-08-15,3.3499999046325684,3.3499999046325684,3.3499999046325684,3.0799999237060547,3.3499999046325684,3000
2023-08-16,3.3399999141693115,3.3399999141693115,3.3399999141693115,3.200000047683716,3.200000047683716,1000
2023-08-17,3.319999933242798,3.319999933242798,3.319999933242798,2.930000066757202,3.319999933242798,264500
2023-08-18,3.309999942779541,3.309999942779541,3.309999942779541,2.880000114440918,3.299999952316284,253000
2023-08-21,3.1500000953674316,3.1500000953674316,3.2100000381469727,2.9100000858306885,3.2300000190734863,351500
2023-08-22,3.190000057220459,3.190000057220459,3.200000047683716,2.859999895095825,3.200000047683716,371500
2023-08-23,3.130000114440918,3.130000114440918,3.25,3.0299999713897705,3.25,375500
2023-08-24,3.180000066757202,3.180000066757202,3.180000066757202,3.180000066757202,3.180000066757202,0
2023-08-25,3.1500000953674316,3.1500000953674316,3.369999885559082,2.930000066757202,3.369999885559082,39500
2023-08-28,3.069999933242798,3.069999933242798,3.3499999046325684,3.0,3.3499999046325684,4739500
2023-08-29,3.200000047683716,3.200000047683716,3.369999885559082,3.009999990463257,3.369999885559082,4000
2023-08-30,3.0899999141693115,3.0899999141693115,3.0999999046325684,2.950000047683716,3.0299999713897705,55000
2023-08-31,3.549999952316284,3.549999952316284,3.5999999046325684,2.950000047683716,3.369999885559082,140100
2023-09-04,3.4700000286102295,3.4700000286102295,3.7300000190734863,3.200000047683716,3.7300000190734863,10000
2023-09-05,3.5299999713897705,3.5299999713897705,3.7300000190734863,3.3499999046325684,3.7300000190734863,8500
2023-09-06,3.359999895095825,3.359999895095825,3.759999990463257,3.3299999237060547,3.759999990463257,17500
2023-09-07,3.3499999046325684,3.3499999046325684,3.440000057220459,3.2300000190734863,3.440000057220459,3000
2023-09-11,3.4200000762939453,3.4200000762939453,3.7300000190734863,3.049999952316284,3.7300000190734863,13500
2023-09-12,3.440000057220459,3.440000057220459,3.440000057220459,3.440000057220459,3.440000057220459,0
2023-09-13,3.3499999046325684,3.3499999046325684,3.430000066757202,3.2100000381469727,3.25,3000
2023-09-14,3.5299999713897705,3.5299999713897705,3.5299999713897705,3.140000104904175,3.490000009536743,86000
2023-09-15,3.4200000762939453,3.4200000762939453,3.7300000190734863,3.299999952316284,3.7300000190734863,4000
2023-09-18,3.4000000953674316,3.4000000953674316,3.7300000190734863,3.3499999046325684,3.7300000190734863,4000
2023-09-19,3.3299999237060547,3.3299999237060547,3.7300000190734863,3.190000057220459,3.7300000190734863,37500
2023-09-20,3.1600000858306885,3.1600000858306885,3.7300000190734863,3.0999999046325684,3.430000066757202,14000
2023-09-21,3.1600000858306885,3.1600000858306885,3.430000066757202,3.140000104904175,3.1600000858306885,25000
2023-09-22,3.180000066757202,3.180000066757202,3.450000047683716,2.950000047683716,3.369999885559082,80500
2023-09-25,2.9100000858306885,2.9100000858306885,3.1700000762939453,2.859999895095825,3.049999952316284,71000
2023-09-26,2.890000104904175,2.890000104904175,3.0899999141693115,2.8499999046325684,3.0899999141693115,12000
2023-09-27,2.869999885559082,2.869999885559082,3.0899999141693115,2.7799999713897705,3.0899999141693115,2000
2023-09-28,3.0999999046325684,3.0999999046325684,3.2300000190734863,2.7200000286102295,3.0899999141693115,88000
2023-09-29,3.880000114440918,3.880000114440918,3.890000104904175,3.049999952316284,3.0999999046325684,419000
2023-10-03,3.7200000286102295,3.7200000286102295,3.7200000286102295,3.630000114440918,3.7200000286102295,6500
2023-10-04,3.700000047683716,3.700000047683716,3.700000047683716,3.700000047683716,3.700000047683716,0
2023-10-05,3.700000047683716,3.700000047683716,3.700000047683716,3.700000047683716,3.700000047683716,0
2023-10-06,3.690000057220459,3.690000057220459,3.690000057220459,3.690000057220459,3.690000057220459,0
2023-10-09,3.5999999046325684,3.5999999046325684,3.5999999046325684,3.5999999046325684,3.5999999046325684,0
2023-10-10,3.0899999141693115,3.0899999141693115,3.4200000762939453,3.0899999141693115,3.2100000381469727,48500
2023-10-11,2.9000000953674316,2.9000000953674316,3.0799999237060547,2.9000000953674316,3.0799999237060547,113000
2023-10-12,3.0199999809265137,3.0199999809265137,3.140000104904175,2.869999885559082,2.9100000858306885,22504
2023-10-13,2.9700000286102295,2.9700000286102295,3.009999990463257,2.809999942779541,2.8499999046325684,4000
2023-10-16,2.950000047683716,2.950000047683716,2.9600000381469727,2.759999990463257,2.950000047683716,13500
2023-10-17,2.75,2.75,2.890000104904175,2.7200000286102295,2.759999990463257,108500
2023-10-18,2.75,2.75,2.75,2.75,2.75,0
2023-10-19,2.75,2.75,2.75,2.75,2.75,0
2023-10-20,2.75,2.75,2.75,2.7100000381469727,2.7100000381469727,3000
2023-10-24,2.700000047683716,2.700000047683716,2.700000047683716,2.380000114440918,2.549999952316284,42500
2023-10-25,2.8499999046325684,2.8499999046325684,2.9000000953674316,2.200000047683716,2.5199999809265137,98500
2023-10-26,2.7300000190734863,2.7300000190734863,2.7300000190734863,2.3499999046325684,2.5999999046325684,86094
2023-10-27,2.6500000953674316,2.6500000953674316,2.6500000953674316,2.549999952316284,2.6500000953674316,1500
2023-10-30,2.6500000953674316,2.6500000953674316,2.6500000953674316,2.5,2.569999933242798,8500
2023-10-31,2.930000066757202,2.930000066757202,3.0799999237060547,2.609999895095825,2.6500000953674316,450654
2023-11-01,2.809999942779541,2.809999942779541,2.809999942779541,2.809999942779541,2.809999942779541,0
2023-11-02,2.799999952316284,2.799999952316284,2.799999952316284,2.799999952316284,2.799999952316284,0
2023-11-03,2.759999990463257,2.759999990463257,2.799999952316284,2.390000104904175,2.799999952316284,70500
2023-11-06,2.740000009536743,2.740000009536743,2.740000009536743,2.740000009536743,2.740000009536743,0
2023-11-07,2.5,2.5,2.5999999046325684,2.450000047683716,2.5199999809265137,71000
2023-11-08,2.4200000762939453,2.4200000762939453,2.5,2.25,2.4000000953674316,154000
2023-11-09,2.299999952316284,2.299999952316284,2.299999952316284,2.0899999141693115,2.319999933242798,346500
2023-11-10,2.299999952316284,2.299999952316284,2.299999952316284,2.299999952316284,2.299999952316284,10500
2023-11-13,2.4600000381469727,2.4600000381469727,2.4600000381469727,2.4600000381469727,2.4600000381469727,500
2023-11-14,2.490000009536743,2.490000009536743,2.490000009536743,2.0399999618530273,2.25,16500
2023-11-15,2.4700000286102295,2.4700000286102295,2.490000009536743,2.259999990463257,2.490000009536743,11000
2023-11-16,2.450000047683716,2.450000047683716,2.490000009536743,2.299999952316284,2.4100000858306885,5500
2023-11-17,2.4000000953674316,2.4000000953674316,2.4000000953674316,2.4000000953674316,2.4000000953674316,0
2023-11-20,2.4000000953674316,2.4000000953674316,2.4000000953674316,2.4000000953674316,2.4000000953674316,0
2023-11-21,2.390000104904175,2.390000104904175,2.490000009536743,2.2300000190734863,2.2300000190734863,34000
2023-11-22,2.390000104904175,2.390000104904175,2.390000104904175,2.390000104904175,2.390000104904175,0
2023-11-23,2.369999885559082,2.369999885559082,2.4000000953674316,2.240000009536743,2.240000009536743,1500
2023-11-24,2.369999885559082,2.369999885559082,2.369999885559082,2.369999885559082,2.369999885559082,0
2023-11-27,2.369999885559082,2.369999885559082,2.369999885559082,2.309999942779541,2.369999885559082,7500
2023-11-28,2.390000104904175,2.390000104904175,2.390000104904175,2.299999952316284,2.299999952316284,19500
2023-11-29,2.369999885559082,2.369999885559082,2.369999885559082,2.240000009536743,2.369999885559082,2000
2023-11-30,2.4200000762939453,2.4200000762939453,2.4800000190734863,2.299999952316284,2.3499999046325684,118000
2023-12-01,2.3499999046325684,2.3499999046325684,2.390000104904175,2.049999952316284,2.2300000190734863,87000
2023-12-04,2.2799999713897705,2.2799999713897705,2.2799999713897705,2.2799999713897705,2.2799999713897705,0
2023-12-05,2.2799999713897705,2.2799999713897705,2.2799999713897705,2.2799999713897705,2.2799999713897705,0
2023-12-06,2.3499999046325684,2.3499999046325684,2.3499999046325684,2.130000114440918,2.25,2000
2023-12-07,2.299999952316284,2.299999952316284,2.299999952316284,2.299999952316284,2.299999952316284,0
2023-12-08,2.2699999809265137,2.2699999809265137,2.2699999809265137,2.2699999809265137,2.2699999809265137,0
2023-12-11,2.2699999809265137,2.2699999809265137,2.2699999809265137,2.2699999809265137,2.2699999809265137,0
2023-12-12,2.2899999618530273,2.2899999618530273,2.299999952316284,2.109999895095825,2.2699999809265137,1500
2023-12-13,2.2899999618530273,2.2899999618530273,2.2899999618530273,2.2899999618530273,2.2899999618530273,0
2023-12-14,2.1700000762939453,2.1700000762939453,2.240000009536743,2.059999942779541,2.119999885559082,54000
2023-12-15,2.180000066757202,2.180000066757202,2.180000066757202,2.059999942779541,2.0799999237060547,70158
2023-12-18,2.1600000858306885,2.1600000858306885,2.1600000858306885,2.0899999141693115,2.0999999046325684,24000
2023-12-19,2.0799999237060547,2.0799999237060547,2.1600000858306885,2.069999933242798,2.1600000858306885,16000
2023-12-20,2.180000066757202,2.180000066757202,2.180000066757202,2.0799999237060547,2.0799999237060547,16000
2023-12-21,2.109999895095825,2.109999895095825,2.180000066757202,2.069999933242798,2.180000066757202,65000
2023-12-22,2.119999885559082,2.119999885559082,2.119999885559082,2.109999895095825,2.109999895095825,17500
2023-12-27,2.359999895095825,2.359999895095825,2.359999895095825,2.049999952316284,2.059999942779541,19636
2023-12-28,2.440000057220459,2.440000057220459,2.5,2.4000000953674316,2.440000057220459,20000
2023-12-29,2.75,2.75,2.799999952316284,2.240000009536743,2.440000057220459,129158
2024-01-02,2.609999895095825,2.609999895095825,2.690000057220459,2.1600000858306885,2.1600000858306885,4000
2024-01-03,2.549999952316284,2.549999952316284,2.549999952316284,2.549999952316284,2.549999952316284,0
2024-01-04,2.490000009536743,2.490000009536743,2.5299999713897705,2.259999990463257,2.259999990463257,1000
2024-01-05,2.4800000190734863,2.4800000190734863,2.4800000190734863,2.4800000190734863,2.4800000190734863,0
2024-01-08,2.390000104904175,2.390000104904175,2.4800000190734863,2.259999990463257,2.259999990463257,15000
2024-01-09,2.3499999046325684,2.3499999046325684,2.3499999046325684,2.3499999046325684,2.3499999046325684,0
2024-01-10,2.2899999618530273,2.2899999618530273,2.2899999618530273,2.2899999618530273,2.2899999618530273,0
2024-01-11,2.3499999046325684,2.3499999046325684,2.3499999046325684,2.3499999046325684,2.3499999046325684,0
2024-01-12,2.259999990463257,2.259999990463257,2.3399999141693115,2.130000114440918,2.1500000953674316,16500
2024-01-15,2.259999990463257,2.259999990463257,2.259999990463257,2.259999990463257,2.259999990463257,0
2024-01-16,2.299999952316284,2.299999952316284,2.380000114440918,2.2100000381469727,2.2200000286102295,12500
2024-01-17,2.2899999618530273,2.2899999618530273,2.4000000953674316,2.1700000762939453,2.1700000762939453,15990
2024-01-18,2.359999895095825,2.359999895095825,2.359999895095825,2.359999895095825,2.359999895095825,0
2024-01-19,2.299999952316284,2.299999952316284,2.299999952316284,2.299999952316284,2.299999952316284,0
2024-01-22,2.240000009536743,2.240000009536743,2.240000009536743,2.240000009536743,2.240000009536743,0
2024-01-23,2.180000066757202,2.180000066757202,2.2699999809265137,2.0799999237060547,2.119999885559082,500
2024-01-24,2.130000114440918,2.130000114440918,2.140000104904175,2.0999999046325684,2.0999999046325684,4000
2024-01-25,2.0799999237060547,2.0799999237060547,2.0799999237060547,2.009999990463257,2.0799999237060547,34500
2024-01-26,2.180000066757202,2.180000066757202,2.180000066757202,2.180000066757202,2.180000066757202,1000
2024-01-29,2.25,2.25,2.2100000381469727,2.180000066757202,2.180000066757202,8500
2024-01-30,2.25,2.25,2.25,2.240000009536743,2.240000009536743,1000
2024-01-31,2.200000047683716,2.200000047683716,2.200000047683716,2.200000047683716,2.200000047683716,0
2024-02-01,2.119999885559082,2.119999885559082,2.140000104904175,2.009999990463257,2.009999990463257,17500
2024-02-02,2.0999999046325684,2.0999999046325684,2.119999885559082,2.0999999046325684,2.0999999046325684,13500
2024-02-05,2.0999999046325684,2.0999999046325684,2.0999999046325684,2.0399999618530273,2.0399999618530273,2000
2024-02-06,2.1500000953674316,2.1500000953674316,2.1500000953674316,2.1500000953674316,2.1500000953674316,0
2024-02-07,2.200000047683716,2.200000047683716,2.200000047683716,2.200000047683716,2.200000047683716,0
2024-02-08,2.25,2.25,2.25,2.25,2.25,0
2024-02-09,2.1700000762939453,2.1700000762939453,2.1700000762939453,2.1700000762939453,2.1700000762939453,0
2024-02-14,2.1700000762939453,2.1700000762939453,2.1700000762939453,2.130000114440918,2.130000114440918,29000
2024-02-15,2.1700000762939453,2.1700000762939453,2.1700000762939453,2.1700000762939453,2.1700000762939453,0
2024-02-16,2.1700000762939453,2.1700000762939453,2.1700000762939453,2.1700000762939453,2.1700000762939453,2500
2024-02-19,2.1700000762939453,2.1700000762939453,2.1700000762939453,2.1700000762939453,2.1700000762939453,0
2024-02-20,2.1700000762939453,2.1700000762939453,2.1700000762939453,2.1700000762939453,2.1700000762939453,0
2024-02-21,2.1700000762939453,2.1700000762939453,2.1700000762939453,2.1700000762939453,2.1700000762939453,0
2024-02-22,2.1600000858306885,2.1600000858306885,2.1600000858306885,2.1600000858306885,2.1600000858306885,0
2024-02-23,2.1500000953674316,2.1500000953674316,2.140000104904175,2.049999952316284,2.059999942779541,9500
2024-02-26,2.1700000762939453,2.1700000762939453,2.1700000762939453,2.1700000762939453,2.1700000762939453,0
2024-02-27,2.240000009536743,2.240000009536743,2.240000009536743,2.1700000762939453,2.1700000762939453,17500
2024-02-28,2.430000066757202,2.430000066757202,2.430000066757202,2.240000009536743,2.240000009536743,13000
2024-02-29,2.5199999809265137,2.5199999809265137,2.700000047683716,2.390000104904175,2.440000057220459,97500
2024-03-01,2.5899999141693115,2.5899999141693115,2.700000047683716,2.5799999237060547,2.700000047683716,2500
2024-03-04,2.5899999141693115,2.5899999141693115,2.5899999141693115,2.5899999141693115,2.5899999141693115,0
2024-03-05,2.490000009536743,2.490000009536743,2.5299999713897705,2.4100000858306885,2.4100000858306885,6000
2024-03-06,2.4800000190734863,2.4800000190734863,2.4800000190734863,2.4800000190734863,2.4800000190734863,0
2024-03-07,2.390000104904175,2.390000104904175,2.4800000190734863,2.200000047683716,2.2200000286102295,15000
2024-03-08,2.380000114440918,2.380000114440918,2.380000114440918,2.380000114440918,2.380000114440918,0
2024-03-11,2.380000114440918,2.380000114440918,2.380000114440918,2.380000114440918,2.380000114440918,0
2024-03-12,2.430000066757202,2.430000066757202,2.440000057220459,2.359999895095825,2.359999895095825,10500
2024-03-13,2.4000000953674316,2.4000000953674316,2.4000000953674316,2.0999999046325684,2.109999895095825,6000
2024-03-14,2.3399999141693115,2.3399999141693115,2.4000000953674316,2.180000066757202,2.4000000953674316,7000
2024-03-15,2.25,2.25,2.25,2.25,2.25,0
2024-03-18,2.130000114440918,2.130000114440918,2.2799999713897705,2.119999885559082,2.190000057220459,12000
2024-03-19,2.2300000190734863,2.2300000190734863,2.2300000190734863,2.0999999046325684,2.0999999046325684,11500
2024-03-20,2.240000009536743,2.240000009536743,2.240000009536743,2.140000104904175,2.200000047683716,4500
2024-03-21,2.1700000762939453,2.1700000762939453,2.240000009536743,2.0999999046325684,2.140000104904175,3500
2024-03-22,2.200000047683716,2.200000047683716,2.200000047683716,2.200000047683716,2.200000047683716,1500
2024-03-25,2.200000047683716,2.200000047683716,2.200000047683716,2.200000047683716,2.200000047683716,0
2024-03-26,2.299999952316284,2.299999952316284,2.3499999046325684,2.200000047683716,2.200000047683716,6500
2024-03-27,2.299999952316284,2.299999952316284,2.299999952316284,2.299999952316284,2.299999952316284,0
2024-03-28,2.2899999618530273,2.2899999618530273,2.299999952316284,2.1600000858306885,2.299999952316284,2500
2024-04-02,2.2699999809265137,2.2699999809265137,2.2899999618530273,2.069999933242798,2.109999895095825,34500
2024-04-03,2.1600000858306885,2.1600000858306885,2.200000047683716,2.069999933242798,2.109999895095825,13000
2024-04-05,2.200000047683716,2.200000047683716,2.200000047683716,2.1500000953674316,2.1500000953674316,8000
2024-04-08,2.0799999237060547,2.0799999237060547,2.1500000953674316,2.059999942779541,2.0999999046325684,14500
2024-04-09,2.0899999141693115,2.0899999141693115,2.0999999046325684,2.0399999618530273,2.0399999618530273,18000
2024-04-10,2.059999942779541,2.059999942779541,2.0899999141693115,1.899999976158142,2.0299999713897705,26000
2024-04-11,2.0399999618530273,2.0399999618530273,2.0399999618530273,2.0399999618530273,2.0399999618530273,2500
2024-04-12,1.899999976158142,1.899999976158142,2.0299999713897705,1.7999999523162842,1.909999966621399,39000
2024-04-15,1.9900000095367432,1.9900000095367432,1.9900000095367432,1.7999999523162842,1.899999976158142,124000
2024-04-16,1.8899999856948853,1.8899999856948853,1.909999966621399,1.8200000524520874,1.909999966621399,11500
2024-04-17,1.8899999856948853,1.8899999856948853,1.8899999856948853,1.8899999856948853,1.8200000524520874,1000
2024-04-18,1.8700000047683716,1.8700000047683716,1.8899999856948853,1.809999942779541,1.809999942779541,17628
2024-04-19,1.850000023841858,1.850000023841858,1.9900000095367432,1.6200000047683716,1.809999942779541,52000
2024-04-22,1.850000023841858,1.850000023841858,1.850000023841858,1.850000023841858,1.850000023841858,0
2024-04-23,1.8600000143051147,1.8600000143051147,1.9900000095367432,1.649999976158142,1.7100000381469727,175077
2024-04-24,1.840000033378601,1.840000033378601,1.8799999952316284,1.7000000476837158,1.8600000143051147,386000
2024-04-25,1.840000033378601,1.840000033378601,1.840000033378601,1.7699999809265137,1.840000033378601,51500
2024-04-26,1.8200000524520874,1.8200000524520874,1.8200000524520874,1.8200000524520874,1.8200000524520874,0
2024-04-29,1.8700000047683716,1.8700000047683716,1.8700000047683716,1.7599999904632568,1.7999999523162842,261000
2024-04-30,2.380000114440918,2.380000114440918,2.5299999713897705,1.850000023841858,1.8700000047683716,396500
2024-05-02,2.0899999141693115,2.0899999141693115,2.359999895095825,2.049999952316284,2.049999952316284,73500
2024-05-03,2.0899999141693115,2.0899999141693115,2.0899999141693115,2.0899999141693115,2.0899999141693115,3500
2024-05-06,2.0299999713897705,2.0299999713897705,2.0399999618530273,1.9800000190734863,2.0,62500
2024-05-07,2.059999942779541,2.059999942779541,2.059999942779541,1.9299999475479126,2.0299999713897705,10000
2024-05-08,1.9199999570846558,1.9199999570846558,2.0399999618530273,1.840000033378601,2.0299999713897705,51500
2024-05-09,1.9199999570846558,1.9199999570846558,1.9199999570846558,1.9199999570846558,1.9199999570846558,0
2024-05-10,1.8700000047683716,1.8700000047683716,2.0,1.8300000429153442,2.0,14000
2024-05-13,1.8700000047683716,1.8700000047683716,1.8700000047683716,1.8300000429153442,1.8700000047683716,6000
2024-05-14,2.0299999713897705,2.0299999713897705,2.0399999618530273,1.9900000095367432,1.9900000095367432,1000
2024-05-16,2.009999990463257,2.009999990463257,2.0199999809265137,1.8899999856948853,2.0199999809265137,21500
2024-05-17,1.9900000095367432,1.9900000095367432,2.0,1.8700000047683716,1.9199999570846558,52500
2024-05-20,1.940000057220459,1.940000057220459,1.940000057220459,1.9299999475479126,1.9299999475479126,14000
2024-05-21,1.9299999475479126,1.9299999475479126,1.940000057220459,1.9299999475479126,1.9299999475479126,15000
2024-05-22,1.9800000190734863,1.9800000190734863,1.9900000095367432,1.899999976158142,1.9299999475479126,39000
2024-05-23,1.940000057220459,1.940000057220459,1.940000057220459,1.8600000143051147,1.909999966621399,390616
2024-05-24,1.8700000047683716,1.8700000047683716,1.9299999475479126,1.8300000429153442,1.8799999952316284,323500
2024-05-27,1.9900000095367432,1.9900000095367432,1.9900000095367432,1.8700000047683716,1.9299999475479126,366500
2024-05-28,1.9700000286102295,1.9700000286102295,1.9700000286102295,1.9299999475479126,1.9299999475479126,16500
2024-05-29,1.9600000381469727,1.9600000381469727,1.9600000381469727,1.9500000476837158,1.9500000476837158,10500
2024-05-30,1.9900000095367432,1.9900000095367432,1.9900000095367432,1.909999966621399,1.9500000476837158,4500
2024-05-31,1.8799999952316284,1.8799999952316284,2.009999990463257,1.8799999952316284,2.0,38000
2024-06-03,1.8700000047683716,1.8700000047683716,1.899999976158142,1.850000023841858,1.8899999856948853,51500
2024-06-04,1.8700000047683716,1.8700000047683716,1.8700000047683716,1.8700000047683716,1.8700000047683716,0
2024-06-05,1.8899999856948853,1.8899999856948853,1.909999966621399,1.809999942779541,1.909999966621399,58500
2024-06-06,1.8899999856948853,1.8899999856948853,1.899999976158142,1.8799999952316284,1.8799999952316284,8000
2024-06-07,1.899999976158142,1.899999976158142,1.899999976158142,1.8300000429153442,1.8899999856948853,15500
2024-06-11,1.899999976158142,1.899999976158142,1.8700000047683716,1.8600000143051147,1.8700000047683716,19000
2024-06-12,1.8899999856948853,1.8899999856948853,1.899999976158142,1.8300000429153442,1.8899999856948853,31500
2024-06-13,1.8899999856948853,1.8899999856948853,1.9600000381469727,1.850000023841858,1.8600000143051147,81000
2024-06-14,1.899999976158142,1.899999976158142,1.899999976158142,1.8899999856948853,1.8899999856948853,25500
2024-06-17,1.899999976158142,1.899999976158142,1.899999976158142,1.899999976158142,1.899999976158142,0
2024-06-18,1.899999976158142,1.899999976158142,1.899999976158142,1.840000033378601,1.8700000047683716,92500
2024-06-19,1.8600000143051147,1.8600000143051147,1.8899999856948853,1.850000023841858,1.8799999952316284,25500
2024-06-20,1.909999966621399,1.909999966621399,1.909999966621399,1.840000033378601,1.8799999952316284,27000
2024-06-21,1.8899999856948853,1.8899999856948853,1.909999966621399,1.850000023841858,1.909999966621399,10500
2024-06-24,1.809999942779541,1.809999942779541,1.8600000143051147,1.7999999523162842,1.840000033378601,93500
2024-06-25,1.7999999523162842,1.7999999523162842,1.7999999523162842,1.75,1.75,18500
2024-06-26,1.7599999904632568,1.7599999904632568,1.7899999618530273,1.7599999904632568,1.7599999904632568,6500
2024-06-27,1.8300000429153442,1.8300000429153442,1.909999966621399,1.75,1.7599999904632568,36500
2024-06-28,1.899999976158142,1.899999976158142,1.899999976158142,1.840000033378601,1.840000033378601,58500
2024-07-02,1.8200000524520874,1.8200000524520874,1.850000023841858,1.7599999904632568,1.850000023841858,20500
2024-07-03,1.809999942779541,1.809999942779541,1.8200000524520874,1.7699999809265137,1.809999942779541,4500
2024-07-04,1.75,1.75,1.7599999904632568,1.75,1.7599999904632568,1500
2024-07-05,1.75,1.75,1.75,1.75,1.75,1500
2024-07-08,1.75,1.75,1.75,1.75,1.75,0
2024-07-09,1.840000033378601,1.840000033378601,1.840000033378601,1.840000033378601,1.840000033378601,0
2024-07-10,1.75,1.75,1.75,1.75,1.75,0
2024-07-11,1.6699999570846558,1.6699999570846558,1.6699999570846558,1.6399999856948853,1.6699999570846558,46500
2024-07-12,1.659999966621399,1.659999966621399,1.659999966621399,1.5800000429153442,1.5800000429153442,16000
2024-07-15,1.5700000524520874,1.5700000524520874,1.7599999904632568,1.4199999570846558,1.5700000524520874,78000
2024-07-16,1.6399999856948853,1.6399999856948853,1.649999976158142,1.5099999904632568,1.5199999809265137,41000
2024-07-17,1.600000023841858,1.600000023841858,1.649999976158142,1.559999942779541,1.600000023841858,59500
2024-07-18,1.5299999713897705,1.5299999713897705,1.600000023841858,1.5,1.600000023841858,86000
2024-07-19,1.5099999904632568,1.5099999904632568,1.6100000143051147,1.5099999904632568,1.600000023841858,95500
2024-07-22,1.4600000381469727,1.4600000381469727,1.4600000381469727,1.440000057220459,1.4299999475479126,18500
2024-07-23,1.399999976158142,1.399999976158142,1.4600000381469727,1.3799999952316284,1.4600000381469727,405000
2024-07-24,1.3700000047683716,1.3700000047683716,1.4900000095367432,1.350000023841858,1.350000023841858,13224
2024-07-25,1.2999999523162842,1.2999999523162842,1.3600000143051147,1.2999999523162842,1.350000023841858,89000
2024-07-26,1.3899999856948853,1.3899999856948853,1.5,1.2899999618530273,1.2899999618530273,31000
2024-07-29,1.3700000047683716,1.3700000047683716,1.3899999856948853,1.2999999523162842,1.3899999856948853,153500
2024-07-30,1.309999942779541,1.309999942779541,1.3799999952316284,1.309999942779541,1.3300000429153442,46000
2024-07-31,1.9700000286102295,1.9700000286102295,1.9800000190734863,1.2799999713897705,1.2799999713897705,53500
2024-08-01,1.4900000095367432,1.4900000095367432,1.4900000095367432,1.4800000190734863,1.4800000190734863,2000
2024-08-02,1.399999976158142,1.399999976158142,1.409999966621399,1.399999976158142,1.409999966621399,2500
2024-08-05,1.409999966621399,1.409999966621399,1.409999966621399,1.409999966621399,1.409999966621399,6000
2024-08-06,1.600000023841858,1.600000023841858,1.6100000143051147,1.409999966621399,1.409999966621399,11500
2024-08-07,1.5499999523162842,1.5499999523162842,1.7999999523162842,1.4800000190734863,1.7999999523162842,1500
2024-08-08,1.6200000047683716,1.6200000047683716,1.6200000047683716,1.5499999523162842,1.5499999523162842,16000
2024-08-09,1.5499999523162842,1.5499999523162842,1.5499999523162842,1.5499999523162842,1.5499999523162842,0
2024-08-12,1.5499999523162842,1.5499999523162842,1.5499999523162842,1.5499999523162842,1.5499999523162842,0
2024-08-13,1.6100000143051147,1.6100000143051147,1.7300000190734863,1.5499999523162842,1.649999976158142,30000
2024-08-14,1.690000057220459,1.690000057220459,1.7000000476837158,1.6100000143051147,1.690000057220459,76500
2024-08-15,1.7799999713897705,1.7799999713897705,1.7999999523162842,1.690000057220459,1.7899999618530273,31500
2024-08-16,1.659999966621399,1.659999966621399,1.659999966621399,1.659999966621399,1.659999966621399,0
2024-08-19,2.0999999046325684,2.0999999046325684,2.109999895095825,1.7899999618530273,1.7999999523162842,944000
2024-08-20,2.069999933242798,2.069999933242798,2.069999933242798,1.7000000476837158,2.0,87000
2024-08-21,2.059999942779541,2.059999942779541,2.069999933242798,1.8600000143051147,2.0,155000
2024-08-22,2.059999942779541,2.059999942779541,2.059999942779541,2.059999942779541,2.059999942779541,0
2024-08-23,2.240000009536743,2.240000009536743,2.2699999809265137,2.0299999713897705,2.059999942779541,16500
2024-08-26,1.8200000524520874,1.8200000524520874,1.909999966621399,1.8200000524520874,1.9500000476837158,995500
2024-08-27,1.7899999618530273,1.7899999618530273,1.7899999618530273,1.7000000476837158,1.7799999713897705,1775500
2024-08-28,1.8700000047683716,1.8700000047683716,1.9299999475479126,1.7799999713897705,1.9299999475479126,10000
2024-08-29,2.009999990463257,2.009999990463257,2.009999990463257,1.7699999809265137,1.8700000047683716,145000
2024-08-30,2.200000047683716,2.200000047683716,2.200000047683716,2.009999990463257,2.009999990463257,115098
2024-09-02,2.130000114440918,2.130000114440918,2.130000114440918,1.9800000190734863,2.009999990463257,32000
2024-09-03,2.130000114440918,2.130000114440918,2.130000114440918,2.130000114440918,2.130000114440918,0
2024-09-04,2.119999885559082,2.119999885559082,2.130000114440918,1.8600000143051147,1.8600000143051147,36000
2024-09-05,2.130000114440918,2.130000114440918,2.1500000953674316,2.009999990463257,2.0999999046325684,7000
2024-09-09,2.0999999046325684,2.0999999046325684,2.1500000953674316,2.049999952316284,2.0999999046325684,3500
2024-09-10,2.200000047683716,2.200000047683716,2.200000047683716,1.9299999475479126,2.0,111500
2024-09-11,2.1700000762939453,2.1700000762939453,2.190000057220459,1.9900000095367432,2.009999990463257,57000
2024-09-12,2.009999990463257,2.009999990463257,2.119999885559082,1.9700000286102295,2.049999952316284,53000
2024-09-13,2.0899999141693115,2.0899999141693115,2.0899999141693115,1.9600000381469727,2.009999990463257,33000
2024-09-16,2.0899999141693115,2.0899999141693115,2.0899999141693115,2.0,2.059999942779541,17500
2024-09-17,2.130000114440918,2.130000114440918,2.140000104904175,2.059999942779541,2.069999933242798,11000
2024-09-19,2.0399999618530273,2.0399999618530273,2.119999885559082,1.9800000190734863,2.009999990463257,179000
2024-09-20,2.0399999618530273,2.0399999618530273,2.0399999618530273,1.9900000095367432,2.0,127000
2024-09-23,2.0199999809265137,2.0199999809265137,2.0199999809265137,1.9900000095367432,1.9900000095367432,6000
2024-09-24,2.0299999713897705,2.0299999713897705,2.319999933242798,1.9600000381469727,2.319999933242798,147000
2024-09-25,2.0199999809265137,2.0199999809265137,2.0799999237060547,1.9800000190734863,1.9800000190734863,6000
2024-09-26,2.0399999618530273,2.0399999618530273,2.049999952316284,1.9800000190734863,2.049999952316284,79000
2024-09-27,2.140000104904175,2.140000104904175,2.1500000953674316,2.0399999618530273,2.0399999618530273,26000
2024-09-30,2.200000047683716,2.200000047683716,2.259999990463257,2.0899999141693115,2.200000047683716,112500
2024-10-02,2.200000047683716,2.200000047683716,2.2100000381469727,2.0899999141693115,2.0899999141693115,175500
2024-10-03,2.1500000953674316,2.1500000953674316,2.200000047683716,2.1700000762939453,2.200000047683716,52500
2024-10-04,2.1500000953674316,2.1500000953674316,2.1500000953674316,1.9600000381469727,2.0299999713897705,94000
2024-10-07,2.3399999141693115,2.3399999141693115,2.5999999046325684,2.180000066757202,2.180000066757202,37000
2024-10-08,2.0,2.0,2.3499999046325684,2.0,2.3499999046325684,197000
2024-10-09,2.0,2.0,2.140000104904175,1.9800000190734863,2.0,41500
2024-10-10,2.0,2.0,2.0,2.0,2.0,0
2024-10-14,1.9500000476837158,1.9500000476837158,1.9900000095367432,1.9500000476837158,1.9900000095367432,7000
2024-10-15,1.9700000286102295,1.9700000286102295,1.9700000286102295,1.9500000476837158,1.9500000476837158,33000
2024-10-16,1.9700000286102295,1.9700000286102295,1.9700000286102295,1.850000023841858,1.9500000476837158,33500
2024-10-17,1.9700000286102295,1.9700000286102295,1.9700000286102295,1.9700000286102295,1.9700000286102295,0
2024-10-18,1.9500000476837158,1.9500000476837158,1.9800000190734863,1.9500000476837158,1.9700000286102295,27500
2024-10-21,1.899999976158142,1.899999976158142,1.9500000476837158,1.899999976158142,1.9500000476837158,10500
2024-10-22,1.899999976158142,1.899999976158142,1.899999976158142,1.899999976158142,1.899999976158142,1500
2024-10-23,1.899999976158142,1.899999976158142,1.9900000095367432,1.899999976158142,1.9900000095367432,1000
2024-10-24,1.899999976158142,1.899999976158142,1.899999976158142,1.899999976158142,1.899999976158142,1500
2024-10-25,1.899999976158142,1.899999976158142,1.899999976158142,1.899999976158142,1.899999976158142,500
2024-10-28,1.9199999570846558,1.9199999570846558,1.9199999570846558,1.9199999570846558,1.9199999570846558,0
2024-10-29,1.9800000190734863,1.9800000190734863,1.9800000190734863,1.9700000286102295,1.9700000286102295,11500
2024-10-30,1.9800000190734863,1.9800000190734863,2.0,1.9800000190734863,2.0,15000
2024-10-31,2.0999999046325684,2.0999999046325684,2.0999999046325684,1.9500000476837158,1.9900000095367432,59500
2024-11-01,1.9700000286102295,1.9700000286102295,1.9700000286102295,1.9700000286102295,1.9700000286102295,0
2024-11-04,1.9700000286102295,1.9700000286102295,1.9700000286102295,1.9700000286102295,1.9700000286102295,0
2024-11-05,1.899999976158142,1.899999976158142,1.9500000476837158,1.899999976158142,1.9500000476837158,6500
2024-11-06,1.909999966621399,1.909999966621399,1.909999966621399,1.909999966621399,1.909999966621399,1500
2024-11-07,1.8600000143051147,1.8600000143051147,1.9199999570846558,1.8600000143051147,1.9199999570846558,10500
2024-11-08,1.8700000047683716,1.8700000047683716,1.8700000047683716,1.8700000047683716,1.8700000047683716,0
2024-11-11,1.7999999523162842,1.7999999523162842,1.8700000047683716,1.7999999523162842,1.8700000047683716,31782
2024-11-12,1.75,1.75,1.7999999523162842,1.75,1.7999999523162842,20000
2024-11-13,1.7100000381469727,1.7100000381469727,1.7400000095367432,1.7100000381469727,1.7400000095367432,18000
2024-11-14,1.8799999952316284,1.8799999952316284,1.8799999952316284,1.5099999904632568,1.6100000143051147,22500
2024-11-15,1.899999976158142,1.899999976158142,1.899999976158142,1.8799999952316284,1.8799999952316284,2500
2024-11-18,1.899999976158142,1.899999976158142,1.9500000476837158,1.8799999952316284,1.899999976158142,3500
2024-11-19,1.899999976158142,1.899999976158142,1.9500000476837158,1.8799999952316284,1.899999976158142,3000
2024-11-20,1.8799999952316284,1.8799999952316284,1.899999976158142,1.8700000047683716,1.899999976158142,6000
2024-11-21,1.899999976158142,1.899999976158142,1.899999976158142,1.8799999952316284,1.8899999856948853,2500
2024-11-22,1.899999976158142,1.899999976158142,1.899999976158142,1.8799999952316284,1.899999976158142,2500
2024-11-25,1.940000057220459,1.940000057220459,1.940000057220459,1.8799999952316284,1.899999976158142,3000
2024-11-26,1.940000057220459,1.940000057220459,1.940000057220459,1.9299999475479126,1.940000057220459,4000
2024-11-27,1.940000057220459,1.940000057220459,1.940000057220459,1.7999999523162842,1.940000057220459,10500
2024-11-28,1.9199999570846558,1.9199999570846558,1.940000057220459,1.899999976158142,1.940000057220459,11000
2024-11-29,1.9500000476837158,1.9500000476837158,1.9500000476837158,1.7000000476837158,1.9500000476837158,2632000
2024-12-02,1.9500000476837158,1.9500000476837158,1.9500000476837158,1.9500000476837158,1.9500000476837158,0
2024-12-03,1.899999976158142,1.899999976158142,1.899999976158142,1.899999976158142,1.899999976158142,0
2024-12-04,1.940000057220459,1.940000057220459,1.940000057220459,1.840000033378601,1.899999976158142,24000
2024-12-05,1.899999976158142,1.899999976158142,1.899999976158142,1.840000033378601,1.840000033378601,7500
2024-12-06,1.9299999475479126,1.9299999475479126,1.9500000476837158,1.850000023841858,1.850000023841858,75500
2024-12-09,1.8899999856948853,1.8899999856948853,1.8899999856948853,1.7999999523162842,1.9299999475479126,8500
2024-12-10,1.9500000476837158,1.9500000476837158,1.9700000286102295,1.840000033378601,1.8899999856948853,106000
2024-12-11,1.9500000476837158,1.9500000476837158,1.9500000476837158,1.9500000476837158,1.9500000476837158,0
2024-12-12,1.9500000476837158,1.9500000476837158,1.9500000476837158,1.9500000476837158,1.940000057220459,1500
2024-12-13,1.940000057220459,1.940000057220459,1.940000057220459,1.940000057220459,1.940000057220459,0
2024-12-16,1.940000057220459,1.940000057220459,1.940000057220459,1.940000057220459,1.940000057220459,0
2024-12-17,1.9199999570846558,1.9199999570846558,1.9700000286102295,1.7000000476837158,1.840000033378601,44500
2024-12-18,1.909999966621399,1.909999966621399,1.909999966621399,1.909999966621399,1.909999966621399,0
2024-12-19,1.8899999856948853,1.8899999856948853,1.9500000476837158,1.8600000143051147,1.899999976158142,41500
2024-12-20,1.8300000429153442,1.8300000429153442,1.8899999856948853,1.7999999523162842,1.8200000524520874,156000
2024-12-23,1.8899999856948853,1.8899999856948853,1.8899999856948853,1.8899999856948853,1.8899999856948853,0
2024-12-24,1.8200000524520874,1.8200000524520874,1.8200000524520874,1.8200000524520874,1.8200000524520874,0
2024-12-27,1.8300000429153442,1.8300000429153442,1.8300000429153442,1.6399999856948853,1.7999999523162842,94500
2024-12-30,1.7999999523162842,1.7999999523162842,1.809999942779541,1.7999999523162842,1.809999942779541,110000
2024-12-31,1.909999966621399,1.909999966621399,1.909999966621399,1.909999966621399,1.909999966621399,0
2025-01-02,1.7999999523162842,1.7999999523162842,1.809999942779541,1.7999999523162842,1.7999999523162842,47500
2025-01-03,1.7999999523162842,1.7999999523162842,1.7999999523162842,1.7999999523162842,1.7999999523162842,66000
2025-01-06,1.7799999713897705,1.7799999713897705,1.7799999713897705,1.7799999713897705,1.7799999713897705,0
2025-01-07,1.7799999713897705,1.7799999713897705,1.7799999713897705,1.7799999713897705,1.7799999713897705,0
2025-01-08,1.7799999713897705,1.7799999713897705,1.7799999713897705,1.7799999713897705,1.7799999713897705,0
2025-01-09,1.850000023841858,1.850000023841858,1.850000023841858,1.7799999713897705,1.7799999713897705,50000
2025-01-10,1.850000023841858,1.850000023841858,1.850000023841858,1.7999999523162842,1.7999999523162842,20000
2025-01-13,1.8600000143051147,1.8600000143051147,1.8600000143051147,1.659999966621399,1.7999999523162842,14000
2025-01-14,1.840000033378601,1.840000033378601,1.840000033378601,1.840000033378601,1.840000033378601,0
2025-01-15,1.850000023841858,1.850000023841858,1.850000023841858,1.840000033378601,1.840000033378601,1561500
2025-01-16,1.8300000429153442,1.8300000429153442,1.840000033378601,1.8200000524520874,1.840000033378601,381500
2025-01-17,2.0,2.0,2.0,1.8600000143051147,1.9500000476837158,52500
2025-01-20,1.8899999856948853,1.8899999856948853,1.8899999856948853,1.8899999856948853,1.8899999856948853,0
2025-01-21,1.8700000047683716,1.8700000047683716,1.8700000047683716,1.8700000047683716,1.8700000047683716,500
2025-01-22,1.9500000476837158,1.9500000476837158,2.0,1.9800000190734863,1.9800000190734863,50000
2025-01-23,1.899999976158142,1.899999976158142,1.9299999475479126,1.899999976158142,1.909999966621399,389000
2025-01-24,1.840000033378601,1.840000033378601,1.840000033378601,1.840000033378601,1.840000033378601,1500
2025-01-27,1.850000023841858,1.850000023841858,1.850000023841858,1.850000023841858,1.850000023841858,0
2025-01-28,1.850000023841858,1.850000023841858,1.850000023841858,1.850000023841858,1.850000023841858,0
2025-02-03,1.850000023841858,1.850000023841858,1.850000023841858,1.850000023841858,1.850000023841858,0
2025-02-04,1.850000023841858,1.850000023841858,1.850000023841858,1.850000023841858,1.850000023841858,0
2025-02-05,1.850000023841858,1.850000023841858,1.850000023841858,1.7999999523162842,1.7999999523162842,28000
2025-02-06,1.850000023841858,1.850000023841858,1.850000023841858,1.7999999523162842,1.7999999523162842,5000
2025-02-07,1.8300000429153442,1.8300000429153442,1.850000023841858,1.8300000429153442,1.850000023841858,43000
2025-02-10,1.8200000524520874,1.8200000524520874,1.8300000429153442,1.7999999523162842,1.809999942779541,8500
2025-02-11,1.8700000047683716,1.8700000047683716,1.9299999475479126,1.840000033378601,1.840000033378601,2500
2025-02-12,1.8600000143051147,1.8600000143051147,1.8600000143051147,1.850000023841858,1.8600000143051147,103000
2025-02-13,1.8600000143051147,1.8600000143051147,1.8600000143051147,1.840000033378601,1.840000033378601,35500
2025-02-14,1.899999976158142,1.899999976158142,1.9500000476837158,1.7999999523162842,1.7999999523162842,120500
2025-02-17,1.8899999856948853,1.8899999856948853,1.8899999856948853,1.8300000429153442,1.840000033378601,45500
2025-02-18,1.850000023841858,1.850000023841858,1.8899999856948853,1.840000033378601,1.840000033378601,11000
2025-02-19,1.809999942779541,1.809999942779541,1.809999942779541,1.7999999523162842,1.809999942779541,221000
2025-02-20,1.7899999618530273,1.7899999618530273,1.7999999523162842,1.7000000476837158,1.7400000095367432,69500
2025-02-21,1.7000000476837158,1.7000000476837158,1.7300000190734863,1.6100000143051147,1.7300000190734863,44500
2025-02-24,1.690000057220459,1.690000057220459,1.850000023841858,1.6299999952316284,1.6299999952316284,1267500
2025-02-25,1.7000000476837158,1.7000000476837158,1.7000000476837158,1.6100000143051147,1.6399999856948853,70500
2025-02-26,1.7000000476837158,1.7000000476837158,1.7000000476837158,1.6399999856948853,1.6399999856948853,114500
2025-02-27,1.7000000476837158,1.7000000476837158,1.7000000476837158,1.7000000476837158,1.7000000476837158,23500
2025-02-28,1.899999976158142,1.899999976158142,1.899999976158142,1.659999966621399,1.690000057220459,76000
2025-03-03,1.809999942779541,1.809999942779541,1.850000023841858,1.7799999713897705,1.7899999618530273,59000
2025-03-04,1.809999942779541,1.809999942779541,1.809999942779541,1.809999942779541,1.809999942779541,0
2025-03-05,1.7300000190734863,1.7300000190734863,1.809999942779541,1.7300000190734863,1.809999942779541,26500
2025-03-06,1.7999999523162842,1.7999999523162842,1.7999999523162842,1.7200000286102295,1.7300000190734863,29500
2025-03-07,1.7000000476837158,1.7000000476837158,1.809999942779541,1.6799999475479126,1.809999942779541,24000
2025-03-10,1.7100000381469727,1.7100000381469727,1.7100000381469727,1.7100000381469727,1.7100000381469727,0
2025-03-11,1.7599999904632568,1.7599999904632568,1.7599999904632568,1.649999976158142,1.649999976158142,51000
2025-03-12,1.8300000429153442,1.8300000429153442,1.840000033378601,1.7899999618530273,1.7999999523162842,315500
2025-03-13,1.7799999713897705,1.7799999713897705,1.840000033378601,1.6799999475479126,1.7799999713897705,108000
2025-03-14,1.840000033378601,1.840000033378601,1.840000033378601,1.7100000381469727,1.7400000095367432,12000
2025-03-17,1.7699999809265137,1.7699999809265137,1.7999999523162842,1.7000000476837158,1.7999999523162842,118500
2025-03-18,1.6799999475479126,1.6799999475479126,1.8899999856948853,1.6799999475479126,1.8200000524520874,13000
2025-03-19,1.7100000381469727,1.7100000381469727,1.7200000286102295,1.690000057220459,1.7000000476837158,47000
2025-03-20,1.7100000381469727,1.7100000381469727,1.75,1.6799999475479126,1.7100000381469727,126500
2025-03-21,1.7000000476837158,1.7000000476837158,1.7100000381469727,1.6100000143051147,1.6799999475479126,35000
2025-03-24,1.6799999475479126,1.6799999475479126,1.6799999475479126,1.6799999475479126,1.6799999475479126,2000
2025-03-25,1.6799999475479126,1.6799999475479126,1.6799999475479126,1.6100000143051147,1.6399999856948853,58000
2025-03-26,1.6299999952316284,1.6299999952316284,1.649999976158142,1.6299999952316284,1.649999976158142,1500
2025-03-27,1.649999976158142,1.649999976158142,1.649999976158142,1.6399999856948853,1.6399999856948853,12500
2025-03-28,1.649999976158142,1.649999976158142,1.659999966621399,1.6399999856948853,1.649999976158142,23500
2025-03-31,1.7000000476837158,1.7000000476837158,1.7100000381469727,1.6399999856948853,1.659999966621399,105000
2025-04-01,1.7000000476837158,1.7000000476837158,1.7000000476837158,1.659999966621399,1.659999966621399,147500
2025-04-02,1.6699999570846558,1.6699999570846558,1.690000057220459,1.6699999570846558,1.690000057220459,132000
2025-04-03,1.649999976158142,1.649999976158142,1.649999976158142,1.649999976158142,1.649999976158142,9500
2025-04-07,1.690000057220459,1.690000057220459,1.690000057220459,1.5099999904632568,1.590000033378601,208500
2025-04-08,1.649999976158142,1.649999976158142,1.649999976158142,1.5499999523162842,1.559999942779541,20000
2025-04-09,1.649999976158142,1.649999976158142,1.649999976158142,1.340000033378601,1.590000033378601,127500
2025-04-10,1.6299999952316284,1.6299999952316284,1.649999976158142,1.5299999713897705,1.559999942779541,85000
2025-04-11,1.6299999952316284,1.6299999952316284,1.6299999952316284,1.6299999952316284,1.6299999952316284,0
2025-04-14,1.6299999952316284,1.6299999952316284,1.6299999952316284,1.559999942779541,1.6299999952316284,22000
2025-04-15,1.600000023841858,1.600000023841858,1.600000023841858,1.5499999523162842,1.5700000524520874,80000
2025-04-16,1.6299999952316284,1.6299999952316284,1.6399999856948853,1.559999942779541,1.600000023841858,16000
2025-04-17,1.600000023841858,1.600000023841858,1.600000023841858,1.559999942779541,1.600000023841858,44000
2025-04-22,1.590000033378601,1.590000033378601,1.600000023841858,1.559999942779541,1.5800000429153442,55500
2025-04-23,1.5399999618530273,1.5399999618530273,1.590000033378601,1.5299999713897705,1.5299999713897705,25500
2025-04-24,1.590000033378601,1.590000033378601,1.600000023841858,1.4800000190734863,1.5399999618530273,30500
2025-04-25,1.590000033378601,1.590000033378601,1.590000033378601,1.5399999618530273,1.5499999523162842,11000
2025-04-28,1.5700000524520874,1.5700000524520874,1.5700000524520874,1.5199999809265137,1.5499999523162842,294000
2025-04-29,1.600000023841858,1.600000023841858,1.600000023841858,1.5399999618530273,1.5499999523162842,111500
2025-04-30,1.649999976158142,1.649999976158142,1.649999976158142,1.5800000429153442,1.600000023841858,238500
2025-05-02,1.5800000429153442,1.5800000429153442,1.5800000429153442,1.5499999523162842,1.5800000429153442,45000
2025-05-06,1.5800000429153442,1.5800000429153442,1.5800000429153442,1.5800000429153442,1.5800000429153442,0
2025-05-07,1.5700000524520874,1.5700000524520874,1.590000033378601,1.5700000524520874,1.5800000429153442,88000
2025-05-08,1.5800000429153442,1.5800000429153442,1.5800000429153442,1.5499999523162842,1.5499999523162842,111000
2025-05-09,1.5800000429153442,1.5800000429153442,1.5800000429153442,1.5499999523162842,1.5800000429153442,48000
2025-05-12,1.5499999523162842,1.5499999523162842,1.5700000524520874,1.5499999523162842,1.5700000524520874,66000
2025-05-13,1.5499999523162842,1.5499999523162842,1.5499999523162842,1.5499999523162842,1.5499999523162842,0
2025-05-14,1.5299999713897705,1.5299999713897705,1.559999942779541,1.5299999713897705,1.559999942779541,7000
2025-05-15,1.5499999523162842,1.5499999523162842,1.5499999523162842,1.4500000476837158,1.4500000476837158,2000
