Date,Adj Close,Close,High,Low,Open,Volume
2003-06-30,1.0241600275039673,1.440000057220459,1.4600000381469727,1.399999976158142,1.399999976158142,77894000
2003-07-01,1.0241600275039673,1.440000057220459,1.440000057220459,1.440000057220459,1.440000057220459,0
2003-07-02,0.9743747711181641,1.3700000047683716,1.4500000476837158,1.340000033378601,1.4500000476837158,17588000
2003-07-03,0.9885989427566528,1.3899999856948853,1.4199999570846558,1.350000023841858,1.3899999856948853,11584000
2003-07-04,1.0028234720230103,1.409999966621399,1.409999966621399,1.3600000143051147,1.3899999856948853,3680000
2003-07-07,1.031272292137146,1.4500000476837158,1.4500000476837158,1.399999976158142,1.399999976158142,3088000
2003-07-08,1.031272292137146,1.4500000476837158,1.4600000381469727,1.4199999570846558,1.4600000381469727,6184000
2003-07-09,1.0241600275039673,1.440000057220459,1.4500000476837158,1.4299999475479126,1.4500000476837158,1854000
2003-07-10,1.031272292137146,1.4500000476837158,1.4600000381469727,1.440000057220459,1.440000057220459,4032000
2003-07-11,1.1237313747406006,1.5800000429153442,1.600000023841858,1.4500000476837158,1.4500000476837158,20004000
2003-07-14,1.1664047241210938,1.6399999856948853,1.6699999570846558,1.5700000524520874,1.6100000143051147,10088000
2003-07-15,1.1806291341781616,1.659999966621399,1.659999966621399,1.590000033378601,1.6299999952316284,8584000
2003-07-16,1.1450680494308472,1.6100000143051147,1.649999976158142,1.6100000143051147,1.649999976158142,5666000
2003-07-17,1.1806291341781616,1.659999966621399,1.7100000381469727,1.600000023841858,1.6299999952316284,5808000
2003-07-18,1.1806291341781616,1.659999966621399,1.6699999570846558,1.649999976158142,1.6699999570846558,2546000
2003-07-21,1.1877412796020508,1.6699999570846558,1.690000057220459,1.6699999570846558,1.6699999570846558,2594000
2003-07-22,1.2019656896591187,1.690000057220459,1.690000057220459,1.649999976158142,1.690000057220459,3518000
2003-07-23,1.2161903381347656,1.7100000381469727,1.7999999523162842,1.7100000381469727,1.7200000286102295,9858000
2003-07-24,1.2233024835586548,1.7200000286102295,1.75,1.6699999570846558,1.7200000286102295,5548000
2003-07-25,1.2802002429962158,1.7999999523162842,1.840000033378601,1.7200000286102295,1.7200000286102295,11296000
2003-07-28,1.3726589679718018,1.9299999475479126,1.9500000476837158,1.8200000524520874,1.8200000524520874,9524000
2003-07-29,1.4011080265045166,1.9700000286102295,2.0250000953674316,1.899999976158142,1.9500000476837158,7650000
2003-07-30,1.3939958810806274,1.9600000381469727,2.0250000953674316,1.9600000381469727,1.9900000095367432,5532000
2003-07-31,1.344210147857666,1.8899999856948853,2.1500000953674316,1.8899999856948853,2.0999999046325684,9358000
2003-08-01,1.415332317352295,1.9900000095367432,2.0250000953674316,1.899999976158142,1.899999976158142,6444000
2003-08-04,1.493566632270813,2.0999999046325684,2.0999999046325684,2.0,2.0,2790000
2003-08-05,1.4757864475250244,2.075000047683716,2.1500000953674316,2.075000047683716,2.125,3688000
2003-08-06,1.422444462776184,2.0,2.075000047683716,2.0,2.075000047683716,2394000
2003-08-07,1.5824695825576782,2.2249999046325684,2.2750000953674316,2.049999952316284,2.049999952316284,12020000
2003-08-08,1.6180310249328613,2.2750000953674316,2.325000047683716,2.25,2.2750000953674316,3576000
2003-08-11,1.5291281938552856,2.1500000953674316,2.2249999046325684,2.1500000953674316,2.2249999046325684,986000
2003-08-12,1.493566632270813,2.0999999046325684,2.25,2.075000047683716,2.174999952316284,4266000
2003-08-13,1.5469086170196533,2.174999952316284,2.2750000953674316,2.0999999046325684,2.0999999046325684,17380000
2003-08-14,1.63581120967865,2.299999952316284,2.325000047683716,2.2249999046325684,2.2750000953674316,12658000
2003-08-15,1.6891530752182007,2.375,2.450000047683716,2.375,2.450000047683716,12189000
2003-08-18,1.8491779565811157,2.5999999046325684,2.674999952316284,2.450000047683716,2.450000047683716,13208000
2003-08-19,1.991422414779663,2.799999952316284,2.924999952316284,2.674999952316284,2.700000047683716,12914000
2003-08-20,1.9736416339874268,2.7750000953674316,2.8499999046325684,2.700000047683716,2.8499999046325684,2822000
2003-08-21,1.991422414779663,2.799999952316284,2.8499999046325684,2.700000047683716,2.8499999046325684,502000
2003-08-22,2.1158864498138428,2.9749999046325684,2.9749999046325684,2.7750000953674316,2.799999952316284,5176000
2003-08-25,2.044764280319214,2.875,3.0,2.825000047683716,3.0,3162000
2003-08-26,1.9558614492416382,2.75,2.799999952316284,2.5999999046325684,2.799999952316284,3734000
2003-08-27,1.9558614492416382,2.75,2.825000047683716,2.7249999046325684,2.75,1944000
2003-08-28,1.9736416339874268,2.7750000953674316,2.875,2.7750000953674316,2.799999952316284,1100000
2003-08-29,1.991422414779663,2.799999952316284,2.799999952316284,2.75,2.799999952316284,3233000
2003-09-01,1.9203006029129028,2.700000047683716,2.799999952316284,2.674999952316284,2.799999952316284,1582000
2003-09-02,1.8491779565811157,2.5999999046325684,2.700000047683716,2.5999999046325684,2.700000047683716,1332000
2003-09-03,1.9380807876586914,2.7249999046325684,2.75,2.5999999046325684,2.5999999046325684,2270000
2003-09-04,1.902519702911377,2.674999952316284,2.799999952316284,2.6500000953674316,2.799999952316284,887000
2003-09-05,1.8491779565811157,2.5999999046325684,2.7249999046325684,2.549999952316284,2.700000047683716,1290000
2003-09-08,1.8136166334152222,2.549999952316284,2.625,2.549999952316284,2.5999999046325684,1796000
2003-09-09,1.866958498954773,2.625,2.6500000953674316,2.5,2.5,1781000
2003-09-10,1.7780561447143555,2.5,2.6500000953674316,2.5,2.6500000953674316,1278000
2003-09-11,1.9203006029129028,2.700000047683716,2.7249999046325684,2.549999952316284,2.549999952316284,6934000
2003-09-12,1.9203006029129028,2.700000047683716,2.700000047683716,2.700000047683716,2.700000047683716,0
2003-09-15,1.8847393989562988,2.6500000953674316,2.700000047683716,2.625,2.674999952316284,1234000
2003-09-16,1.902519702911377,2.674999952316284,2.7249999046325684,2.6500000953674316,2.7249999046325684,694000
2003-09-17,1.7780561447143555,2.5,2.700000047683716,2.5,2.700000047683716,1584000
2003-09-18,1.8491779565811157,2.5999999046325684,2.5999999046325684,2.4749999046325684,2.549999952316284,1972000
2003-09-19,1.8491779565811157,2.5999999046325684,2.674999952316284,2.549999952316284,2.549999952316284,870000
2003-09-22,1.795836329460144,2.5250000953674316,2.625,2.5250000953674316,2.625,544000
2003-09-23,1.8136166334152222,2.549999952316284,2.549999952316284,2.5,2.5250000953674316,1466500
2003-09-24,1.8491779565811157,2.5999999046325684,2.5999999046325684,2.575000047683716,2.5999999046325684,1224000
2003-09-25,1.866958498954773,2.625,2.6500000953674316,2.5999999046325684,2.5999999046325684,1166000
2003-09-26,1.866958498954773,2.625,2.6500000953674316,2.5999999046325684,2.625,274000
2003-09-29,1.8136166334152222,2.549999952316284,2.5999999046325684,2.5250000953674316,2.5999999046325684,566000
2003-09-30,1.831397294998169,2.575000047683716,2.5999999046325684,2.575000047683716,2.5999999046325684,1114000
2003-10-01,1.831397294998169,2.575000047683716,2.575000047683716,2.575000047683716,2.575000047683716,0
2003-10-02,1.866958498954773,2.625,2.625,2.549999952316284,2.549999952316284,2160000
2003-10-03,1.8136166334152222,2.549999952316284,2.625,2.4749999046325684,2.625,260000
2003-10-06,1.902519702911377,2.674999952316284,2.7750000953674316,2.5999999046325684,2.5999999046325684,3202000
2003-10-07,1.991422414779663,2.799999952316284,2.8499999046325684,2.75,2.75,2152000
2003-10-08,1.9380807876586914,2.7249999046325684,2.8499999046325684,2.700000047683716,2.8499999046325684,588000
2003-10-09,1.902519702911377,2.674999952316284,2.700000047683716,2.674999952316284,2.700000047683716,402000
2003-10-10,1.9736416339874268,2.7750000953674316,2.799999952316284,2.7249999046325684,2.7249999046325684,2018000
2003-10-13,1.9736416339874268,2.7750000953674316,2.799999952316284,2.75,2.799999952316284,2108000
2003-10-14,1.9736416339874268,2.7750000953674316,2.7750000953674316,2.75,2.7750000953674316,1188000
2003-10-15,1.9203006029129028,2.700000047683716,2.799999952316284,2.674999952316284,2.799999952316284,1134000
2003-10-16,1.866958498954773,2.625,2.75,2.625,2.75,1962000
2003-10-17,1.8847393989562988,2.6500000953674316,2.674999952316284,2.5999999046325684,2.6500000953674316,1822000
2003-10-20,1.902519702911377,2.674999952316284,2.700000047683716,2.6500000953674316,2.6500000953674316,2462000
2003-10-21,1.9558614492416382,2.75,2.75,2.7249999046325684,2.7249999046325684,150000
2003-10-22,1.902519702911377,2.674999952316284,2.7750000953674316,2.674999952316284,2.7750000953674316,2512000
2003-10-23,1.8491779565811157,2.5999999046325684,2.674999952316284,2.549999952316284,2.674999952316284,7830000
2003-10-24,1.831397294998169,2.575000047683716,2.5999999046325684,2.549999952316284,2.5999999046325684,870000
2003-10-27,1.8847393989562988,2.6500000953674316,2.674999952316284,2.575000047683716,2.575000047683716,650000
2003-10-28,1.9380807876586914,2.7249999046325684,2.7750000953674316,2.5999999046325684,2.6500000953674316,1602000
2003-10-29,1.9736416339874268,2.7750000953674316,2.7750000953674316,2.7249999046325684,2.7249999046325684,828000
2003-10-30,1.8847393989562988,2.6500000953674316,2.75,2.6500000953674316,2.75,18000
2003-10-31,1.9558614492416382,2.75,2.7750000953674316,2.6500000953674316,2.6500000953674316,612000
2003-11-03,1.9558614492416382,2.75,2.7750000953674316,2.700000047683716,2.75,90000
2003-11-04,1.9558614492416382,2.75,2.7750000953674316,2.700000047683716,2.7750000953674316,396000
2003-11-05,1.8847393989562988,2.6500000953674316,2.7249999046325684,2.5999999046325684,2.700000047683716,498000
2003-11-06,1.866958498954773,2.625,2.700000047683716,2.625,2.700000047683716,563000
2003-11-07,1.8847393989562988,2.6500000953674316,2.700000047683716,2.6500000953674316,2.700000047683716,806000
2003-11-10,1.866958498954773,2.625,2.6500000953674316,2.5999999046325684,2.5999999046325684,2374000
2003-11-11,1.8491779565811157,2.5999999046325684,2.625,2.5999999046325684,2.625,414000
2003-11-12,1.866958498954773,2.625,2.625,2.5999999046325684,2.5999999046325684,484000
2003-11-13,1.866958498954773,2.625,2.6500000953674316,2.5999999046325684,2.625,1230000
2003-11-14,1.9736416339874268,2.7750000953674316,2.7750000953674316,2.575000047683716,2.625,1952000
2003-11-17,1.991422414779663,2.799999952316284,2.8499999046325684,2.75,2.7750000953674316,836000
2003-11-18,1.991422414779663,2.799999952316284,2.799999952316284,2.7750000953674316,2.799999952316284,110000
2003-11-19,1.9736416339874268,2.7750000953674316,2.799999952316284,2.700000047683716,2.799999952316284,1020000
2003-11-20,1.9736416339874268,2.7750000953674316,2.7750000953674316,2.700000047683716,2.700000047683716,432000
2003-11-21,1.9736416339874268,2.7750000953674316,2.7750000953674316,2.75,2.75,400000
2003-11-24,1.9380807876586914,2.7249999046325684,2.7750000953674316,2.7249999046325684,2.7750000953674316,137000
2003-11-25,1.9558614492416382,2.75,2.7750000953674316,2.75,2.7750000953674316,412000
2003-11-26,1.9203006029129028,2.700000047683716,2.700000047683716,2.700000047683716,2.700000047683716,600000
2003-11-27,1.9203006029129028,2.700000047683716,2.700000047683716,2.700000047683716,2.700000047683716,902000
2003-11-28,1.9558614492416382,2.75,2.75,2.700000047683716,2.700000047683716,1750000
2003-12-01,1.902519702911377,2.674999952316284,2.700000047683716,2.5,2.5,694000
2003-12-02,1.902519702911377,2.674999952316284,2.7249999046325684,2.6500000953674316,2.700000047683716,1954000
2003-12-03,1.866958498954773,2.625,2.674999952316284,2.5999999046325684,2.6500000953674316,942000
2003-12-04,1.902519702911377,2.674999952316284,2.674999952316284,2.625,2.625,1166000
2003-12-05,1.8847393989562988,2.6500000953674316,2.674999952316284,2.625,2.674999952316284,38000
2003-12-08,1.902519702911377,2.674999952316284,2.674999952316284,2.6500000953674316,2.6500000953674316,334000
2003-12-09,1.8847393989562988,2.6500000953674316,2.674999952316284,2.6500000953674316,2.674999952316284,462000
2003-12-10,1.866958498954773,2.625,2.6500000953674316,2.5999999046325684,2.6500000953674316,770000
2003-12-11,1.866958498954773,2.625,2.674999952316284,2.5999999046325684,2.625,1812000
2003-12-12,1.9203006029129028,2.700000047683716,2.700000047683716,2.700000047683716,2.700000047683716,670000
2003-12-15,1.991422414779663,2.799999952316284,2.799999952316284,2.700000047683716,2.700000047683716,2110000
2003-12-16,2.133666515350342,3.0,3.0999999046325684,2.799999952316284,2.799999952316284,3044000
2003-12-17,2.0981056690216064,2.950000047683716,3.0,2.9000000953674316,3.0,1234000
2003-12-18,2.080325126647949,2.924999952316284,2.924999952316284,2.799999952316284,2.799999952316284,672000
2003-12-19,2.044764280319214,2.875,3.049999952316284,2.875,2.924999952316284,105900
2003-12-22,2.080325126647949,2.924999952316284,2.924999952316284,2.825000047683716,2.9000000953674316,288000
2003-12-23,2.0981056690216064,2.950000047683716,2.9749999046325684,2.875,2.875,28000
2003-12-24,2.0981056690216064,2.950000047683716,2.9749999046325684,2.950000047683716,2.950000047683716,130000
2003-12-25,2.0981056690216064,2.950000047683716,2.950000047683716,2.950000047683716,2.950000047683716,0
2003-12-26,2.0981056690216064,2.950000047683716,2.950000047683716,2.950000047683716,2.950000047683716,0
2003-12-29,2.1158864498138428,2.9749999046325684,3.0,2.924999952316284,2.950000047683716,180000
2003-12-30,2.133666515350342,3.0,3.075000047683716,2.950000047683716,3.0,442000
2003-12-31,2.1692278385162354,3.049999952316284,3.075000047683716,3.0,3.0,612000
2004-01-01,2.1692278385162354,3.049999952316284,3.049999952316284,3.049999952316284,3.049999952316284,0
2004-01-02,2.1692278385162354,3.049999952316284,3.0999999046325684,3.049999952316284,3.075000047683716,1736000
2004-01-05,2.2403502464294434,3.1500000953674316,3.1500000953674316,2.9749999046325684,2.9749999046325684,1012000
2004-01-06,2.418156385421753,3.4000000953674316,3.4749999046325684,3.200000047683716,3.200000047683716,616000
2004-01-07,2.4892783164978027,3.5,3.549999952316284,3.4000000953674316,3.4000000953674316,1510000
2004-01-08,2.4892783164978027,3.5,3.5,3.375,3.5,560000
2004-01-09,2.4537172317504883,3.450000047683716,3.5250000953674316,3.450000047683716,3.5250000953674316,1636000
2004-01-12,2.4003753662109375,3.375,3.4000000953674316,3.375,3.4000000953674316,392000
2004-01-13,2.2581307888031006,3.174999952316284,3.4000000953674316,3.1500000953674316,3.4000000953674316,836000
2004-01-14,2.3292529582977295,3.2750000953674316,3.325000047683716,3.200000047683716,3.25,1074000
2004-01-15,2.364814519882202,3.325000047683716,3.5,3.325000047683716,3.5,630000
2004-01-16,2.382594585418701,3.3499999046325684,3.450000047683716,3.3499999046325684,3.450000047683716,204000
2004-01-19,2.382594585418701,3.3499999046325684,3.375,3.325000047683716,3.3499999046325684,868000
2004-01-20,2.5781807899475098,3.625,3.625,3.424999952316284,3.450000047683716,196000
2004-01-21,2.7026448249816895,3.799999952316284,3.799999952316284,3.6500000953674316,3.6500000953674316,436000
2004-01-22,2.7026448249816895,3.799999952316284,3.799999952316284,3.799999952316284,3.799999952316284,0
2004-01-23,2.7026448249816895,3.799999952316284,3.799999952316284,3.799999952316284,3.799999952316284,0
2004-01-26,2.667083501815796,3.75,3.799999952316284,3.6500000953674316,3.799999952316284,1320000
2004-01-27,2.595961570739746,3.6500000953674316,3.75,3.6500000953674316,3.75,196000
2004-01-28,2.5781807899475098,3.625,3.6500000953674316,3.5999999046325684,3.6500000953674316,1148000
2004-01-29,2.4892783164978027,3.5,3.625,3.450000047683716,3.625,1232000
2004-01-30,2.4714975357055664,3.4749999046325684,3.5,3.4749999046325684,3.4749999046325684,358000
2004-02-02,2.507058620452881,3.5250000953674316,3.5250000953674316,3.200000047683716,3.4000000953674316,675800
2004-02-03,2.524839401245117,3.549999952316284,3.5999999046325684,3.3499999046325684,3.3499999046325684,1860000
2004-02-04,2.613741874694824,3.674999952316284,3.700000047683716,3.3499999046325684,3.3499999046325684,4540000
2004-02-05,2.7382054328918457,3.8499999046325684,4.0,3.75,3.75,2106000
2004-02-06,2.916011333465576,4.099999904632568,4.150000095367432,3.875,3.9749999046325684,3262000
2004-02-09,2.951572895050049,4.150000095367432,4.150000095367432,4.0,4.050000190734863,324000
2004-02-10,2.9337921142578125,4.125,4.224999904632568,4.0,4.074999809265137,2464000
2004-02-11,3.022695302963257,4.25,4.324999809265137,4.150000095367432,4.150000095367432,1291000
2004-02-12,3.0582563877105713,4.300000190734863,4.300000190734863,4.25,4.25,392000
2004-02-13,3.0760364532470703,4.324999809265137,4.324999809265137,4.275000095367432,4.300000190734863,613300
2004-02-16,3.2360620498657227,4.550000190734863,4.75,4.349999904632568,4.349999904632568,472000
2004-02-17,3.2538416385650635,4.574999809265137,4.650000095367432,4.474999904632568,4.474999904632568,1610000
2004-02-18,3.324964761734009,4.675000190734863,4.699999809265137,4.574999809265137,4.650000095367432,1326000
2004-02-19,3.431647777557373,4.824999809265137,4.949999809265137,4.800000190734863,4.800000190734863,152000
2004-02-20,3.484989881515503,4.900000095367432,5.050000190734863,4.824999809265137,4.900000095367432,1376000
2004-02-23,3.502769947052002,4.925000190734863,5.099999904632568,4.900000095367432,4.900000095367432,2066000
2004-02-24,3.413867473602295,4.800000190734863,4.949999809265137,4.800000190734863,4.925000190734863,1696000
2004-02-25,3.431647777557373,4.824999809265137,4.875,4.800000190734863,4.800000190734863,782000
2004-02-26,3.556112289428711,5.0,5.050000190734863,4.824999809265137,4.824999809265137,748000
2004-02-27,3.3427445888519287,4.699999809265137,5.0,4.599999904632568,4.949999809265137,2030000
2004-03-01,3.022695302963257,4.25,4.724999904632568,4.224999904632568,4.724999904632568,2476000
2004-03-02,3.218280792236328,4.525000095367432,4.550000190734863,4.400000095367432,4.5,1102000
2004-03-03,3.2538416385650635,4.574999809265137,4.599999904632568,4.525000095367432,4.525000095367432,110000
2004-03-04,3.0938172340393066,4.349999904632568,4.625,4.349999904632568,4.625,302000
2004-03-05,3.129378318786621,4.400000095367432,4.449999809265137,4.400000095367432,4.449999809265137,276000
2004-03-08,3.1827197074890137,4.474999904632568,4.625,4.474999904632568,4.574999809265137,284000
2004-03-09,3.200500726699829,4.5,4.525000095367432,4.449999809265137,4.449999809265137,476000
2004-03-10,3.1471588611602783,4.425000190734863,4.5,4.400000095367432,4.5,384000
2004-03-11,3.0760364532470703,4.324999809265137,4.425000190734863,4.275000095367432,4.400000095367432,1076000
2004-03-12,2.987133264541626,4.199999809265137,4.324999809265137,4.099999904632568,4.324999809265137,1256000
2004-03-15,2.987133264541626,4.199999809265137,4.224999904632568,4.099999904632568,4.175000190734863,138000
2004-03-16,3.0049145221710205,4.224999904632568,4.224999904632568,4.099999904632568,4.224999904632568,302000
2004-03-17,3.0582563877105713,4.300000190734863,4.300000190734863,4.099999904632568,4.099999904632568,526000
2004-03-18,3.0582563877105713,4.300000190734863,4.400000095367432,4.150000095367432,4.400000095367432,78000
2004-03-19,3.0760364532470703,4.324999809265137,4.324999809265137,4.175000190734863,4.175000190734863,104000
2004-03-22,3.0938172340393066,4.349999904632568,4.349999904632568,4.324999809265137,4.324999809265137,36000
2004-03-23,3.0760364532470703,4.324999809265137,4.349999904632568,4.300000190734863,4.349999904632568,54000
2004-03-24,3.022695302963257,4.25,4.300000190734863,4.150000095367432,4.300000190734863,116000
2004-03-25,2.969353199005127,4.175000190734863,4.25,4.150000095367432,4.25,188000
2004-03-26,2.916011333465576,4.099999904632568,4.199999809265137,4.050000190734863,4.074999809265137,700000
2004-03-29,2.7737669944763184,3.9000000953674316,4.099999904632568,3.9000000953674316,4.099999904632568,0
2004-03-30,2.916011333465576,4.099999904632568,4.099999904632568,4.099999904632568,4.099999904632568,100000
2004-03-31,2.9337921142578125,4.125,4.125,4.050000190734863,4.099999904632568,44000
2004-04-01,2.7915477752685547,3.924999952316284,4.125,3.8499999046325684,4.125,334000
2004-04-02,2.7737669944763184,3.9000000953674316,3.924999952316284,3.799999952316284,3.8499999046325684,122000
2004-04-05,2.7737669944763184,3.9000000953674316,3.9000000953674316,3.9000000953674316,3.9000000953674316,0
2004-04-06,2.82710862159729,3.9749999046325684,3.9749999046325684,3.799999952316284,3.799999952316284,546000
2004-04-07,2.7915477752685547,3.924999952316284,4.0,3.9000000953674316,3.9749999046325684,250000
2004-04-08,2.7915477752685547,3.924999952316284,3.950000047683716,3.9000000953674316,3.950000047683716,106000
2004-04-09,2.7915477752685547,3.924999952316284,3.924999952316284,3.924999952316284,3.924999952316284,0
2004-04-12,2.7915477752685547,3.924999952316284,3.924999952316284,3.924999952316284,3.924999952316284,0
2004-04-13,2.7915477752685547,3.924999952316284,3.924999952316284,3.9000000953674316,3.924999952316284,18000
2004-04-14,2.7382054328918457,3.8499999046325684,3.8499999046325684,3.8499999046325684,3.8499999046325684,66000
2004-04-15,2.7026448249816895,3.799999952316284,3.8499999046325684,3.799999952316284,3.799999952316284,96000
2004-04-16,2.667083501815796,3.75,3.799999952316284,3.700000047683716,3.799999952316284,1382000
2004-04-19,2.613741874694824,3.674999952316284,3.799999952316284,3.674999952316284,3.799999952316284,0
2004-04-20,2.6493029594421387,3.7249999046325684,3.7249999046325684,3.6500000953674316,3.6500000953674316,10000
2004-04-21,2.595961570739746,3.6500000953674316,3.674999952316284,3.5,3.5,236000
2004-04-22,2.595961570739746,3.6500000953674316,3.6500000953674316,3.299999952316284,3.549999952316284,213000
2004-04-23,2.5604004859924316,3.5999999046325684,3.5999999046325684,3.5999999046325684,3.5999999046325684,2000
2004-04-26,2.507058620452881,3.5250000953674316,3.5999999046325684,3.299999952316284,3.5999999046325684,113000
2004-04-27,2.2581307888031006,3.174999952316284,3.5,3.075000047683716,3.5,1280000
2004-04-28,2.1870083808898926,3.075000047683716,3.075000047683716,2.799999952316284,2.9749999046325684,1599000
2004-04-29,2.1692278385162354,3.049999952316284,3.0999999046325684,3.0,3.0250000953674316,1871000
2004-04-30,2.2403502464294434,3.1500000953674316,3.1500000953674316,2.9749999046325684,3.0,1704000
2004-05-03,2.133666515350342,3.0,3.0,2.9749999046325684,2.9749999046325684,50000
2004-05-04,2.20478892326355,3.0999999046325684,3.125,2.9000000953674316,3.125,168000
2004-05-05,2.20478892326355,3.0999999046325684,3.125,3.0,3.0999999046325684,3092000
2004-05-06,2.20478892326355,3.0999999046325684,3.125,3.0999999046325684,3.125,36000
2004-05-07,2.133666515350342,3.0,3.0999999046325684,3.0,3.0999999046325684,534000
2004-05-10,2.133666515350342,3.0,3.0999999046325684,2.9000000953674316,2.950000047683716,270000
2004-05-11,2.1514475345611572,3.0250000953674316,3.0250000953674316,2.924999952316284,2.924999952316284,82000
2004-05-12,2.1692278385162354,3.049999952316284,3.049999952316284,3.0250000953674316,3.0250000953674316,488000
2004-05-13,2.1514475345611572,3.0250000953674316,3.0250000953674316,3.0250000953674316,3.0250000953674316,42000
2004-05-14,2.1514475345611572,3.0250000953674316,3.049999952316284,3.0,3.049999952316284,384000
2004-05-17,2.133666515350342,3.0,3.0,2.924999952316284,2.9749999046325684,914000
2004-05-18,2.062544584274292,2.9000000953674316,3.0,2.9000000953674316,2.9000000953674316,226000
2004-05-19,2.0981056690216064,2.950000047683716,2.9749999046325684,2.924999952316284,2.9749999046325684,258000
2004-05-20,2.0981056690216064,2.950000047683716,3.0,2.924999952316284,3.0,430000
2004-05-21,2.133666515350342,3.0,3.0,2.950000047683716,2.950000047683716,650000
2004-05-24,2.2403502464294434,3.1500000953674316,3.1500000953674316,3.0,3.0,106000
2004-05-25,2.347033739089966,3.299999952316284,3.299999952316284,3.125,3.125,232000
2004-05-26,2.347033739089966,3.299999952316284,3.299999952316284,3.299999952316284,3.299999952316284,0
2004-05-27,2.4892783164978027,3.5,3.700000047683716,3.299999952316284,3.299999952316284,134000
2004-05-28,2.5781807899475098,3.625,3.625,3.5,3.5,72000
2004-05-31,2.7026448249816895,3.799999952316284,3.799999952316284,3.549999952316284,3.6500000953674316,356000
2004-06-01,2.755986452102661,3.875,3.924999952316284,3.799999952316284,3.799999952316284,306000
2004-06-02,2.667083501815796,3.75,3.875,3.700000047683716,3.799999952316284,120000
2004-06-03,2.667083501815796,3.75,3.75,3.5999999046325684,3.75,92000
2004-06-04,2.667083501815796,3.75,3.7750000953674316,3.6500000953674316,3.75,70000
2004-06-07,2.667083501815796,3.75,3.7750000953674316,3.75,3.7750000953674316,40000
2004-06-08,2.667083501815796,3.75,3.75,3.5999999046325684,3.75,34000
2004-06-09,2.667083501815796,3.75,3.75,3.6500000953674316,3.674999952316284,74000
2004-06-10,2.667083501815796,3.75,3.75,3.549999952316284,3.7249999046325684,50000
2004-06-11,2.6493029594421387,3.7249999046325684,3.75,3.625,3.625,24000
2004-06-14,2.667083501815796,3.75,3.75,3.700000047683716,3.75,168000
2004-06-15,2.6315226554870605,3.700000047683716,3.75,3.6500000953674316,3.6500000953674316,14000
2004-06-16,2.6315226554870605,3.700000047683716,3.700000047683716,3.5999999046325684,3.5999999046325684,26000
2004-06-17,2.5604004859924316,3.5999999046325684,3.700000047683716,3.5999999046325684,3.700000047683716,0
2004-06-18,2.5604004859924316,3.5999999046325684,3.5999999046325684,3.5250000953674316,3.5999999046325684,22000
2004-06-21,2.524839401245117,3.549999952316284,3.5999999046325684,3.450000047683716,3.5999999046325684,90000
2004-06-22,2.524839401245117,3.549999952316284,3.549999952316284,3.549999952316284,3.549999952316284,0
2004-06-23,2.4892783164978027,3.5,3.5,3.5,3.5,40000
2004-06-24,2.4892783164978027,3.5,3.5999999046325684,3.3499999046325684,3.4000000953674316,186000
2004-06-25,2.418156385421753,3.4000000953674316,3.450000047683716,3.3499999046325684,3.450000047683716,102000
2004-06-28,2.4892783164978027,3.5,3.5,3.1500000953674316,3.299999952316284,510000
2004-06-29,2.507058620452881,3.5250000953674316,3.5250000953674316,3.299999952316284,3.299999952316284,8000
2004-06-30,2.5781807899475098,3.625,3.625,3.5,3.5,60000
2004-07-01,2.5781807899475098,3.625,3.625,3.625,3.625,0
2004-07-02,2.6493029594421387,3.7249999046325684,3.7249999046325684,3.6500000953674316,3.6500000953674316,222000
2004-07-05,2.6315226554870605,3.700000047683716,3.700000047683716,3.700000047683716,3.700000047683716,2000
2004-07-06,2.6315226554870605,3.700000047683716,3.700000047683716,3.5999999046325684,3.5999999046325684,44000
2004-07-07,2.6493029594421387,3.7249999046325684,3.7249999046325684,3.7249999046325684,3.7249999046325684,2000
2004-07-08,2.4892783164978027,3.5,3.700000047683716,3.5,3.700000047683716,0
2004-07-09,2.6315226554870605,3.700000047683716,3.700000047683716,3.5,3.5,42000
2004-07-12,2.6315226554870605,3.700000047683716,3.700000047683716,3.5,3.5,68000
2004-07-13,2.6315226554870605,3.700000047683716,3.700000047683716,3.700000047683716,3.700000047683716,0
2004-07-14,2.5604004859924316,3.5999999046325684,3.700000047683716,3.5,3.5,56000
2004-07-15,2.595961570739746,3.6500000953674316,3.6500000953674316,2.7750000953674316,2.7750000953674316,32000
2004-07-16,2.6057331562042236,3.5999999046325684,3.5999999046325684,3.5999999046325684,3.5999999046325684,6000
2004-07-19,2.7504961490631104,3.799999952316284,3.799999952316284,3.5,3.5,120000
2004-07-20,2.7143051624298096,3.75,3.75,3.674999952316284,3.674999952316284,164000
2004-07-21,2.678114414215088,3.700000047683716,3.700000047683716,3.5999999046325684,3.5999999046325684,738000
2004-07-22,2.73240065574646,3.7750000953674316,3.7750000953674316,3.7249999046325684,3.7249999046325684,220000
2004-07-23,2.696209669113159,3.7249999046325684,3.75,3.700000047683716,3.75,166000
2004-07-26,2.7504961490631104,3.799999952316284,3.799999952316284,3.674999952316284,3.7249999046325684,204000
2004-07-27,2.8228776454925537,3.9000000953674316,3.9000000953674316,3.7249999046325684,3.75,380000
2004-07-28,2.678114414215088,3.700000047683716,3.7750000953674316,3.700000047683716,3.75,2676000
2004-07-29,2.696209669113159,3.7249999046325684,3.7249999046325684,3.674999952316284,3.700000047683716,2182000
2004-07-30,2.7685914039611816,3.825000047683716,3.825000047683716,3.674999952316284,3.674999952316284,2876000
2004-08-02,2.696209669113159,3.7249999046325684,3.825000047683716,3.7249999046325684,3.825000047683716,122000
2004-08-03,2.7143051624298096,3.75,3.7750000953674316,3.7249999046325684,3.7249999046325684,670000
2004-08-04,2.7685914039611816,3.825000047683716,3.825000047683716,3.625,3.700000047683716,244000
2004-08-05,2.7685914039611816,3.825000047683716,3.825000047683716,3.825000047683716,3.825000047683716,50000
2004-08-06,2.7685914039611816,3.825000047683716,3.825000047683716,3.799999952316284,3.799999952316284,444000
2004-08-09,2.7685914039611816,3.825000047683716,3.825000047683716,3.75,3.825000047683716,122000
2004-08-10,2.7504961490631104,3.799999952316284,3.799999952316284,3.75,3.7750000953674316,118000
2004-08-11,2.7143051624298096,3.75,3.75,3.700000047683716,3.75,66000
2004-08-12,2.696209669113159,3.7249999046325684,3.75,3.700000047683716,3.75,166000
2004-08-13,2.7143051624298096,3.75,3.75,3.700000047683716,3.7249999046325684,228000
2004-08-16,2.696209669113159,3.7249999046325684,3.7249999046325684,3.700000047683716,3.7249999046325684,42000
2004-08-17,2.696209669113159,3.7249999046325684,3.7249999046325684,3.7249999046325684,3.7249999046325684,32000
2004-08-18,2.696209669113159,3.7249999046325684,3.75,3.700000047683716,3.700000047683716,128000
2004-08-19,2.7504961490631104,3.799999952316284,3.825000047683716,3.700000047683716,3.7249999046325684,772000
2004-08-20,2.73240065574646,3.7750000953674316,3.875,3.7249999046325684,3.8499999046325684,138000
2004-08-23,2.73240065574646,3.7750000953674316,3.799999952316284,3.700000047683716,3.799999952316284,86000
2004-08-24,2.7143051624298096,3.75,3.75,3.700000047683716,3.700000047683716,74000
2004-08-25,2.73240065574646,3.7750000953674316,3.7750000953674316,3.75,3.75,452000
2004-08-26,2.786686658859253,3.8499999046325684,3.9000000953674316,3.799999952316284,3.799999952316284,448000
2004-08-27,2.786686658859253,3.8499999046325684,3.8499999046325684,3.825000047683716,3.825000047683716,368000
2004-08-30,2.8228776454925537,3.9000000953674316,3.950000047683716,3.825000047683716,3.8499999046325684,504000
2004-08-31,2.8228776454925537,3.9000000953674316,3.924999952316284,3.8499999046325684,3.9000000953674316,698000
2004-09-01,2.8771631717681885,3.9749999046325684,3.9749999046325684,3.9000000953674316,3.924999952316284,438000
2004-09-02,2.840972661972046,3.924999952316284,3.950000047683716,3.924999952316284,3.950000047683716,548000
2004-09-03,2.8590686321258545,3.950000047683716,3.950000047683716,3.924999952316284,3.950000047683716,472000
2004-09-06,2.840972661972046,3.924999952316284,3.924999952316284,3.924999952316284,3.924999952316284,390000
2004-09-07,2.840972661972046,3.924999952316284,3.924999952316284,3.924999952316284,3.924999952316284,64000
2004-09-08,2.840972661972046,3.924999952316284,3.924999952316284,3.924999952316284,3.924999952316284,114000
2004-09-09,2.840972661972046,3.924999952316284,3.924999952316284,3.924999952316284,3.924999952316284,16000
2004-09-10,2.8228776454925537,3.9000000953674316,3.924999952316284,3.825000047683716,3.9000000953674316,60000
2004-09-13,2.8228776454925537,3.9000000953674316,3.9000000953674316,3.875,3.9000000953674316,78000
2004-09-14,2.804781913757324,3.875,3.875,3.825000047683716,3.875,32000
2004-09-15,2.786686658859253,3.8499999046325684,3.8499999046325684,3.799999952316284,3.8499999046325684,8000
2004-09-16,2.7685914039611816,3.825000047683716,3.825000047683716,3.825000047683716,3.825000047683716,2000
2004-09-17,2.7504961490631104,3.799999952316284,3.799999952316284,3.75,3.7750000953674316,82000
2004-09-20,2.804781913757324,3.875,3.875,3.8499999046325684,3.8499999046325684,34000
2004-09-21,2.9133543968200684,4.025000095367432,4.025000095367432,3.75,3.799999952316284,228000
2004-09-22,2.8590686321258545,3.950000047683716,3.950000047683716,3.950000047683716,3.950000047683716,20000
2004-09-23,2.8590686321258545,3.950000047683716,3.9749999046325684,3.924999952316284,3.9749999046325684,318000
2004-09-24,2.8590686321258545,3.950000047683716,3.950000047683716,3.8499999046325684,3.924999952316284,112000
2004-09-27,2.8590686321258545,3.950000047683716,3.950000047683716,3.8499999046325684,3.8499999046325684,42000
2004-09-28,2.8590686321258545,3.950000047683716,3.950000047683716,3.799999952316284,3.950000047683716,22000
2004-09-29,2.8590686321258545,3.950000047683716,3.950000047683716,3.950000047683716,3.950000047683716,0
2004-09-30,2.8590686321258545,3.950000047683716,3.950000047683716,3.700000047683716,3.924999952316284,64000
2004-10-01,2.8590686321258545,3.950000047683716,3.950000047683716,3.950000047683716,3.950000047683716,0
2004-10-04,2.840972661972046,3.924999952316284,3.9749999046325684,3.75,3.9000000953674316,254000
2004-10-05,2.895258903503418,4.0,4.0,3.8499999046325684,3.875,88000
2004-10-06,2.9314498901367188,4.050000190734863,4.150000095367432,4.0,4.0,344000
2004-10-07,2.9314498901367188,4.050000190734863,4.050000190734863,4.050000190734863,4.050000190734863,0
2004-10-08,2.9314498901367188,4.050000190734863,4.099999904632568,4.050000190734863,4.099999904632568,274000
2004-10-11,2.895258903503418,4.0,4.150000095367432,4.0,4.099999904632568,84000
2004-10-12,2.9314498901367188,4.050000190734863,4.099999904632568,4.0,4.050000190734863,438000
2004-10-13,2.9314498901367188,4.050000190734863,4.074999809265137,4.0,4.050000190734863,714000
2004-10-14,2.949544668197632,4.074999809265137,4.074999809265137,4.025000095367432,4.074999809265137,130000
2004-10-15,3.0400211811065674,4.199999809265137,4.199999809265137,4.050000190734863,4.050000190734863,1334000
2004-10-18,3.0400211811065674,4.199999809265137,4.199999809265137,4.175000190734863,4.199999809265137,566000
2004-10-19,3.003831386566162,4.150000095367432,4.175000190734863,4.150000095367432,4.175000190734863,386000
2004-10-20,2.949544668197632,4.074999809265137,4.150000095367432,4.025000095367432,4.150000095367432,1340000
2004-10-21,2.9676403999328613,4.099999904632568,4.099999904632568,4.0,4.050000190734863,1740000
2004-10-22,2.9676403999328613,4.099999904632568,4.099999904632568,4.099999904632568,4.099999904632568,0
2004-10-25,2.9314498901367188,4.050000190734863,4.074999809265137,4.0,4.0,512000
2004-10-26,3.003831386566162,4.150000095367432,4.150000095367432,4.0,4.0,1006000
2004-10-27,3.0400211811065674,4.199999809265137,4.275000095367432,4.150000095367432,4.175000190734863,2480000
2004-10-28,3.0400211811065674,4.199999809265137,4.25,4.150000095367432,4.199999809265137,1180000
2004-10-29,3.058117389678955,4.224999904632568,4.224999904632568,4.199999809265137,4.224999904632568,240000
2004-11-01,3.094308376312256,4.275000095367432,4.275000095367432,4.25,4.25,114000
2004-11-02,3.1304988861083984,4.324999809265137,4.324999809265137,4.275000095367432,4.300000190734863,322000
2004-11-03,3.148594379425049,4.349999904632568,4.349999904632568,4.300000190734863,4.300000190734863,306000
2004-11-04,3.1304988861083984,4.324999809265137,4.349999904632568,4.25,4.300000190734863,1690000
2004-11-05,3.148594379425049,4.349999904632568,4.400000095367432,4.324999809265137,4.349999904632568,472000
2004-11-08,3.112403631210327,4.300000190734863,4.375,4.300000190734863,4.349999904632568,116000
2004-11-09,3.1847851276397705,4.400000095367432,4.400000095367432,4.375,4.375,48000
2004-11-10,3.220975399017334,4.449999809265137,4.474999904632568,4.400000095367432,4.425000190734863,276000
2004-11-11,3.148594379425049,4.349999904632568,4.449999809265137,4.349999904632568,4.449999809265137,108000
2004-11-12,3.202880382537842,4.425000190734863,4.449999809265137,4.349999904632568,4.449999809265137,80000
2004-11-15,3.202880382537842,4.425000190734863,4.449999809265137,4.400000095367432,4.425000190734863,174000
2004-11-16,3.166689395904541,4.375,4.425000190734863,4.375,4.425000190734863,154000
2004-11-17,3.166689395904541,4.375,4.375,4.349999904632568,4.349999904632568,34000
2004-11-18,3.148594379425049,4.349999904632568,4.375,4.300000190734863,4.349999904632568,184000
2004-11-19,3.112403631210327,4.300000190734863,4.375,4.099999904632568,4.375,284000
2004-11-22,3.1304988861083984,4.324999809265137,4.400000095367432,4.25,4.25,453900
2004-11-23,3.1304988861083984,4.324999809265137,4.324999809265137,4.300000190734863,4.324999809265137,338000
2004-11-24,3.166689395904541,4.375,4.375,4.375,4.375,20000
2004-11-25,3.166689395904541,4.375,4.400000095367432,4.300000190734863,4.375,176000
2004-11-26,3.166689395904541,4.375,4.375,4.300000190734863,4.300000190734863,40000
2004-11-29,3.148594379425049,4.349999904632568,4.375,4.300000190734863,4.349999904632568,234000
2004-11-30,3.112403631210327,4.300000190734863,4.300000190734863,4.275000095367432,4.300000190734863,170000
2004-12-01,3.112403631210327,4.300000190734863,4.349999904632568,4.300000190734863,4.349999904632568,70000
2004-12-02,3.112403631210327,4.300000190734863,4.300000190734863,4.275000095367432,4.275000095367432,230000
2004-12-03,3.0400211811065674,4.199999809265137,4.300000190734863,4.199999809265137,4.300000190734863,272000
2004-12-06,3.058117389678955,4.224999904632568,4.25,4.099999904632568,4.099999904632568,310000
2004-12-07,3.112403631210327,4.300000190734863,4.300000190734863,4.300000190734863,4.300000190734863,10000
2004-12-08,2.9676403999328613,4.099999904632568,4.275000095367432,4.099999904632568,4.275000095367432,222000
2004-12-09,3.094308376312256,4.275000095367432,4.300000190734863,4.199999809265137,4.300000190734863,36000
2004-12-10,3.0762126445770264,4.25,4.25,4.150000095367432,4.25,150000
2004-12-13,3.058117389678955,4.224999904632568,4.25,4.125,4.25,52000
2004-12-14,3.0400211811065674,4.199999809265137,4.25,4.150000095367432,4.224999904632568,64000
2004-12-15,3.058117389678955,4.224999904632568,4.25,4.099999904632568,4.224999904632568,338000
2004-12-16,3.0400211811065674,4.199999809265137,4.224999904632568,4.125,4.224999904632568,398000
2004-12-17,2.9676403999328613,4.099999904632568,4.150000095367432,4.099999904632568,4.150000095367432,176000
2004-12-20,3.0400211811065674,4.199999809265137,4.199999809265137,4.099999904632568,4.099999904632568,40000
2004-12-21,3.0400211811065674,4.199999809265137,4.199999809265137,4.150000095367432,4.199999809265137,118000
2004-12-22,3.0400211811065674,4.199999809265137,4.199999809265137,4.175000190734863,4.199999809265137,240000
2004-12-23,3.094308376312256,4.275000095367432,4.275000095367432,4.199999809265137,4.199999809265137,194000
2004-12-24,3.094308376312256,4.275000095367432,4.300000190734863,4.199999809265137,4.224999904632568,18000
2004-12-27,3.094308376312256,4.275000095367432,4.275000095367432,4.275000095367432,4.275000095367432,0
2004-12-28,3.0762126445770264,4.25,4.300000190734863,4.25,4.275000095367432,124000
2004-12-29,3.058117389678955,4.224999904632568,4.25,4.175000190734863,4.25,62000
2004-12-30,3.094308376312256,4.275000095367432,4.275000095367432,4.25,4.25,130000
2004-12-31,3.2933576107025146,4.550000190734863,4.550000190734863,4.275000095367432,4.275000095367432,754000
2005-01-03,3.2390711307525635,4.474999904632568,4.5,4.449999809265137,4.5,280000
2005-01-04,3.1847851276397705,4.400000095367432,4.400000095367432,4.375,4.400000095367432,40000
2005-01-05,3.1304988861083984,4.324999809265137,4.400000095367432,4.25,4.349999904632568,228000
2005-01-06,3.1304988861083984,4.324999809265137,4.349999904632568,4.25,4.349999904632568,198000
2005-01-07,3.148594379425049,4.349999904632568,4.400000095367432,4.300000190734863,4.349999904632568,1758000
2005-01-10,3.148594379425049,4.349999904632568,4.375,4.300000190734863,4.349999904632568,190000
2005-01-11,3.2571663856506348,4.5,4.550000190734863,4.349999904632568,4.375,618000
2005-01-12,3.2571663856506348,4.5,4.574999809265137,4.400000095367432,4.550000190734863,612000
2005-01-13,3.2390711307525635,4.474999904632568,4.474999904632568,4.474999904632568,4.474999904632568,0
2005-01-14,3.0762126445770264,4.25,4.449999809265137,4.175000190734863,4.449999809265137,1760000
2005-01-17,3.058117389678955,4.224999904632568,4.224999904632568,4.150000095367432,4.199999809265137,788000
2005-01-18,3.0762126445770264,4.25,4.275000095367432,4.199999809265137,4.199999809265137,516000
2005-01-19,2.9314498901367188,4.050000190734863,4.199999809265137,4.050000190734863,4.199999809265137,854000
2005-01-20,2.9133543968200684,4.025000095367432,4.050000190734863,3.9000000953674316,4.050000190734863,886000
2005-01-21,2.8590686321258545,3.950000047683716,4.025000095367432,3.950000047683716,4.025000095367432,324000
2005-01-24,2.895258903503418,4.0,4.224999904632568,3.875,3.950000047683716,2484000
2005-01-25,2.840972661972046,3.924999952316284,4.050000190734863,3.924999952316284,4.0,3058700
2005-01-26,2.895258903503418,4.0,4.050000190734863,3.9749999046325684,4.050000190734863,3764300
2005-01-27,2.985736131668091,4.125,4.150000095367432,4.050000190734863,4.050000190734863,837000
2005-01-28,3.0400211811065674,4.199999809265137,4.224999904632568,4.125,4.125,3678000
2005-01-31,3.0219268798828125,4.175000190734863,4.199999809265137,4.175000190734863,4.199999809265137,310000
2005-02-01,2.949544668197632,4.074999809265137,4.199999809265137,4.050000190734863,4.199999809265137,268000
2005-02-02,2.9133543968200684,4.025000095367432,4.099999904632568,3.950000047683716,4.050000190734863,1308000
2005-02-03,2.949544668197632,4.074999809265137,4.074999809265137,4.0,4.0,1122000
2005-02-04,2.9314498901367188,4.050000190734863,4.074999809265137,4.0,4.0,1900000
2005-02-07,3.094308376312256,4.275000095367432,4.300000190734863,4.099999904632568,4.099999904632568,747600
2005-02-08,3.003831386566162,4.150000095367432,4.324999809265137,4.150000095367432,4.275000095367432,960000
2005-02-14,3.148594379425049,4.349999904632568,4.349999904632568,4.199999809265137,4.199999809265137,214000
2005-02-15,3.148594379425049,4.349999904632568,4.449999809265137,4.150000095367432,4.400000095367432,743400
2005-02-16,3.1847851276397705,4.400000095367432,4.400000095367432,4.349999904632568,4.375,1240000
2005-02-17,3.1847851276397705,4.400000095367432,4.474999904632568,4.375,4.474999904632568,650000
2005-02-18,3.2571663856506348,4.5,4.5,4.349999904632568,4.5,1250000
2005-02-21,3.3114523887634277,4.574999809265137,4.625,4.550000190734863,4.550000190734863,830000
2005-02-22,3.32954740524292,4.599999904632568,4.675000190734863,4.574999809265137,4.625,940000
2005-02-23,3.4200243949890137,4.724999904632568,4.724999904632568,4.625,4.625,978000
2005-02-24,3.492405891418457,4.824999809265137,4.849999904632568,4.775000095367432,4.800000190734863,722000
2005-02-25,3.438120126724243,4.75,4.849999904632568,4.699999809265137,4.849999904632568,1012000
2005-02-28,3.438120126724243,4.75,4.75,4.724999904632568,4.75,1520000
2005-03-01,3.3838343620300293,4.675000190734863,4.75,4.675000190734863,4.75,684000
2005-03-02,3.3476431369781494,4.625,4.724999904632568,4.574999809265137,4.650000095367432,480000
2005-03-03,3.3476431369781494,4.625,4.625,4.625,4.625,52000
2005-03-04,3.2933576107025146,4.550000190734863,4.599999904632568,4.550000190734863,4.599999904632568,240000
2005-03-07,3.3657386302948,4.650000095367432,4.699999809265137,4.574999809265137,4.574999809265137,292000
2005-03-08,3.474311351776123,4.800000190734863,4.849999904632568,4.675000190734863,4.675000190734863,338000
2005-03-09,3.474311351776123,4.800000190734863,4.800000190734863,4.775000095367432,4.775000095367432,204000
2005-03-10,3.4562156200408936,4.775000095367432,4.800000190734863,4.724999904632568,4.75,516000
2005-03-11,3.4562156200408936,4.775000095367432,4.800000190734863,4.775000095367432,4.800000190734863,128000
2005-03-14,3.474311351776123,4.800000190734863,4.800000190734863,4.800000190734863,4.800000190734863,56000
2005-03-15,3.474311351776123,4.800000190734863,4.849999904632568,4.800000190734863,4.849999904632568,192000
2005-03-16,3.4562156200408936,4.775000095367432,4.824999809265137,4.775000095367432,4.824999809265137,98000
2005-03-17,3.4562156200408936,4.775000095367432,4.775000095367432,4.75,4.775000095367432,212000
2005-03-18,3.438120126724243,4.75,4.75,4.599999904632568,4.75,34000
2005-03-21,3.3657386302948,4.650000095367432,4.699999809265137,4.650000095367432,4.699999809265137,160000
2005-03-22,3.4200243949890137,4.724999904632568,4.724999904632568,4.699999809265137,4.699999809265137,200001
2005-03-23,3.4019293785095215,4.699999809265137,4.699999809265137,4.574999809265137,4.699999809265137,192000
2005-03-24,3.4019293785095215,4.699999809265137,4.699999809265137,4.699999809265137,4.699999809265137,106000
2005-03-29,3.3838343620300293,4.675000190734863,4.699999809265137,4.675000190734863,4.699999809265137,80000
2005-03-30,3.2933576107025146,4.550000190734863,4.699999809265137,4.550000190734863,4.699999809265137,202000
2005-03-31,3.474311351776123,4.800000190734863,4.800000190734863,4.474999904632568,4.550000190734863,568000
2005-04-01,3.474311351776123,4.800000190734863,4.800000190734863,4.525000095367432,4.599999904632568,108000
2005-04-04,3.3476431369781494,4.625,4.849999904632568,4.625,4.800000190734863,328000
2005-04-06,3.3838343620300293,4.675000190734863,4.699999809265137,4.675000190734863,4.675000190734863,66000
2005-04-07,3.3838343620300293,4.675000190734863,4.675000190734863,4.675000190734863,4.675000190734863,0
2005-04-08,3.3657386302948,4.650000095367432,4.675000190734863,4.574999809265137,4.675000190734863,232000
2005-04-11,3.32954740524292,4.599999904632568,4.625,4.599999904632568,4.625,122000
2005-04-12,3.32954740524292,4.599999904632568,4.599999904632568,4.599999904632568,4.599999904632568,94000
2005-04-13,3.32954740524292,4.599999904632568,4.599999904632568,4.5,4.599999904632568,238000
2005-04-14,3.32954740524292,4.599999904632568,4.599999904632568,4.599999904632568,4.599999904632568,4000
2005-04-15,3.32954740524292,4.599999904632568,4.599999904632568,4.599999904632568,4.599999904632568,0
2005-04-18,3.3621232509613037,4.5,4.550000190734863,4.125,4.5,120000
2005-04-19,3.324766159057617,4.449999809265137,4.5,4.074999809265137,4.099999904632568,32000
2005-04-20,3.3621232509613037,4.5,4.550000190734863,4.050000190734863,4.050000190734863,96000
2005-04-21,3.3621232509613037,4.5,4.525000095367432,4.5,4.5,174000
2005-04-22,3.3621232509613037,4.5,4.5,4.5,4.5,4000
2005-04-25,3.2874093055725098,4.400000095367432,4.449999809265137,4.099999904632568,4.449999809265137,16000
2005-04-26,3.3621232509613037,4.5,4.5,4.199999809265137,4.199999809265137,18000
2005-04-27,3.2874093055725098,4.400000095367432,4.400000095367432,4.400000095367432,4.400000095367432,6000
2005-04-28,3.2874093055725098,4.400000095367432,4.400000095367432,4.400000095367432,4.400000095367432,4000
2005-04-29,3.3621232509613037,4.5,4.5,4.400000095367432,4.400000095367432,286000
2005-05-03,3.324766159057617,4.449999809265137,4.474999904632568,4.425000190734863,4.474999904632568,102000
2005-05-04,3.324766159057617,4.449999809265137,4.449999809265137,4.449999809265137,4.449999809265137,0
2005-05-05,3.3060877323150635,4.425000190734863,4.425000190734863,4.425000190734863,4.425000190734863,0
2005-05-06,3.324766159057617,4.449999809265137,4.474999904632568,4.449999809265137,4.449999809265137,34000
2005-05-09,3.324766159057617,4.449999809265137,4.449999809265137,4.449999809265137,4.449999809265137,2000
2005-05-10,3.3060877323150635,4.425000190734863,4.425000190734863,4.349999904632568,4.400000095367432,18000
2005-05-11,3.3060877323150635,4.425000190734863,4.425000190734863,4.425000190734863,4.425000190734863,0
2005-05-12,3.212695598602295,4.300000190734863,4.300000190734863,4.099999904632568,4.199999809265137,276000
2005-05-13,3.212695598602295,4.300000190734863,4.300000190734863,4.300000190734863,4.300000190734863,30000
2005-05-17,3.212695598602295,4.300000190734863,4.300000190734863,4.150000095367432,4.300000190734863,6000
2005-05-18,3.1006247997283936,4.150000095367432,4.25,4.099999904632568,4.150000095367432,318000
2005-05-19,3.1006247997283936,4.150000095367432,4.150000095367432,4.125,4.150000095367432,126000
2005-05-20,3.1006247997283936,4.150000095367432,4.150000095367432,4.099999904632568,4.099999904632568,48000
2005-05-23,3.0259106159210205,4.050000190734863,4.150000095367432,4.0,4.150000095367432,106000
2005-05-24,2.9511971473693848,3.950000047683716,4.050000190734863,3.924999952316284,4.025000095367432,190000
2005-05-25,2.988553285598755,4.0,4.0,4.0,4.0,20000
2005-05-26,2.988553285598755,4.0,4.0,3.950000047683716,4.0,44000
2005-05-27,3.044588804244995,4.074999809265137,4.074999809265137,4.050000190734863,4.050000190734863,6000
2005-05-30,3.044588804244995,4.074999809265137,4.074999809265137,4.074999809265137,4.074999809265137,6000
2005-05-31,3.063267469406128,4.099999904632568,4.150000095367432,4.0,4.074999809265137,150000
2005-06-01,3.08194637298584,4.125,4.125,4.099999904632568,4.099999904632568,30000
2005-06-02,3.044588804244995,4.074999809265137,4.099999904632568,4.0,4.099999904632568,118000
2005-06-03,3.08194637298584,4.125,4.125,4.074999809265137,4.099999904632568,168000
2005-06-06,3.08194637298584,4.125,4.125,4.125,4.125,0
2005-06-07,3.044588804244995,4.074999809265137,4.099999904632568,4.074999809265137,4.074999809265137,134000
2005-06-08,3.044588804244995,4.074999809265137,4.074999809265137,4.074999809265137,4.074999809265137,33300
2005-06-09,3.044588804244995,4.074999809265137,4.074999809265137,4.074999809265137,4.074999809265137,0
2005-06-10,3.063267469406128,4.099999904632568,4.099999904632568,4.025000095367432,4.074999809265137,206000
2005-06-13,3.063267469406128,4.099999904632568,4.099999904632568,4.050000190734863,4.050000190734863,4000
2005-06-14,3.063267469406128,4.099999904632568,4.099999904632568,4.099999904632568,4.099999904632568,142000
2005-06-15,3.044588804244995,4.074999809265137,4.099999904632568,4.050000190734863,4.099999904632568,746000
2005-06-16,3.0259106159210205,4.050000190734863,4.050000190734863,4.050000190734863,4.050000190734863,0
2005-06-17,3.044588804244995,4.074999809265137,4.074999809265137,4.050000190734863,4.050000190734863,312000
2005-06-20,3.044588804244995,4.074999809265137,4.099999904632568,4.050000190734863,4.074999809265137,776000
2005-06-21,3.0259106159210205,4.050000190734863,4.050000190734863,4.050000190734863,4.050000190734863,442000
2005-06-22,3.044588804244995,4.074999809265137,4.074999809265137,4.050000190734863,4.074999809265137,328000
2005-06-23,3.044588804244995,4.074999809265137,4.074999809265137,4.074999809265137,4.074999809265137,4000
2005-06-24,3.044588804244995,4.074999809265137,4.074999809265137,4.025000095367432,4.025000095367432,382000
2005-06-27,3.0259106159210205,4.050000190734863,4.074999809265137,4.050000190734863,4.074999809265137,458000
2005-06-28,3.0259106159210205,4.050000190734863,4.050000190734863,4.050000190734863,4.050000190734863,0
2005-06-29,3.0259106159210205,4.050000190734863,4.099999904632568,4.050000190734863,4.050000190734863,1398000
2005-06-30,3.2313735485076904,4.324999809265137,4.400000095367432,4.074999809265137,4.074999809265137,2204000
2005-07-04,3.1379806995391846,4.199999809265137,4.199999809265137,4.150000095367432,4.150000095367432,1156000
2005-07-05,3.1006247997283936,4.150000095367432,4.199999809265137,4.150000095367432,4.199999809265137,42000
2005-07-06,3.1006247997283936,4.150000095367432,4.150000095367432,4.150000095367432,4.150000095367432,108000
2005-07-07,3.1006247997283936,4.150000095367432,4.150000095367432,4.125,4.150000095367432,86000
2005-07-08,3.063267469406128,4.099999904632568,4.150000095367432,4.099999904632568,4.150000095367432,278000
2005-07-11,3.1006247997283936,4.150000095367432,4.150000095367432,4.150000095367432,4.150000095367432,18000
2005-07-12,3.1006247997283936,4.150000095367432,4.150000095367432,4.150000095367432,4.150000095367432,0
2005-07-13,3.1006247997283936,4.150000095367432,4.150000095367432,4.150000095367432,4.150000095367432,0
2005-07-14,3.1006247997283936,4.150000095367432,4.150000095367432,4.150000095367432,4.150000095367432,0
2005-07-15,3.119302988052368,4.175000190734863,4.175000190734863,4.150000095367432,4.150000095367432,24000
2005-07-18,3.119302988052368,4.175000190734863,4.175000190734863,4.099999904632568,4.175000190734863,50000
2005-07-19,3.119302988052368,4.175000190734863,4.175000190734863,4.175000190734863,4.175000190734863,10000
2005-07-20,3.119302988052368,4.175000190734863,4.175000190734863,4.150000095367432,4.150000095367432,20000
2005-07-21,3.119302988052368,4.175000190734863,4.175000190734863,4.150000095367432,4.175000190734863,8000
2005-07-22,3.1753382682800293,4.25,4.800000190734863,4.150000095367432,4.175000190734863,218000
2005-07-25,3.1753382682800293,4.25,4.275000095367432,4.199999809265137,4.25,158000
2005-07-26,3.1753382682800293,4.25,4.300000190734863,4.199999809265137,4.25,202000
2005-07-27,3.1566598415374756,4.224999904632568,4.25,4.150000095367432,4.25,104000
2005-07-28,3.268730640411377,4.375,4.400000095367432,4.199999809265137,4.224999904632568,478000
2005-07-29,3.1379806995391846,4.199999809265137,4.449999809265137,4.199999809265137,4.400000095367432,156000
2005-08-01,3.1379806995391846,4.199999809265137,4.199999809265137,4.125,4.150000095367432,92000
2005-08-02,3.1379806995391846,4.199999809265137,4.224999904632568,4.175000190734863,4.199999809265137,56000
2005-08-03,3.1566598415374756,4.224999904632568,4.224999904632568,4.199999809265137,4.199999809265137,34000
2005-08-04,3.1379806995391846,4.199999809265137,4.224999904632568,4.199999809265137,4.224999904632568,168000
2005-08-05,3.1379806995391846,4.199999809265137,4.199999809265137,4.175000190734863,4.199999809265137,412000
2005-08-08,3.1753382682800293,4.25,4.25,4.199999809265137,4.199999809265137,192000
2005-08-09,3.1379806995391846,4.199999809265137,4.425000190734863,4.199999809265137,4.199999809265137,554000
2005-08-10,3.1753382682800293,4.25,4.300000190734863,4.199999809265137,4.224999904632568,204000
2005-08-11,3.2874093055725098,4.400000095367432,4.474999904632568,4.275000095367432,4.275000095367432,238000
2005-08-12,3.268730640411377,4.375,4.375,4.324999809265137,4.349999904632568,696000
2005-08-15,3.2874093055725098,4.400000095367432,4.400000095367432,4.349999904632568,4.375,56000
2005-08-16,3.2500524520874023,4.349999904632568,4.400000095367432,4.349999904632568,4.349999904632568,337700
2005-08-17,3.2500524520874023,4.349999904632568,4.425000190734863,4.349999904632568,4.400000095367432,206000
2005-08-18,3.2500524520874023,4.349999904632568,4.349999904632568,4.349999904632568,4.349999904632568,4000
2005-08-19,3.268730640411377,4.375,4.449999809265137,4.349999904632568,4.375,1644000
2005-08-22,3.3994803428649902,4.550000190734863,4.550000190734863,4.375,4.400000095367432,1604000
2005-08-23,3.4555153846740723,4.625,4.625,4.550000190734863,4.550000190734863,242000
2005-08-24,3.3994803428649902,4.550000190734863,4.625,4.5,4.625,586000
2005-08-25,3.4181578159332275,4.574999809265137,4.650000095367432,4.5,4.5,924000
2005-08-26,3.4555153846740723,4.625,4.675000190734863,4.525000095367432,4.525000095367432,928000
2005-08-29,3.474193811416626,4.650000095367432,4.650000095367432,4.574999809265137,4.599999904632568,1586000
2005-08-30,3.4368364810943604,4.599999904632568,4.625,4.574999809265137,4.574999809265137,740000
2005-08-31,3.4368364810943604,4.599999904632568,4.599999904632568,4.525000095367432,4.599999904632568,1544000
2005-09-01,3.4368364810943604,4.599999904632568,4.625,4.599999904632568,4.599999904632568,1780000
2005-09-02,3.4368364810943604,4.599999904632568,4.625,4.550000190734863,4.599999904632568,374000
2005-09-05,3.4555153846740723,4.625,4.724999904632568,4.599999904632568,4.625,1152000
2005-09-06,3.530229091644287,4.724999904632568,4.824999809265137,4.650000095367432,4.650000095367432,2080000
2005-09-07,3.474193811416626,4.650000095367432,4.75,4.650000095367432,4.699999809265137,518000
2005-09-08,3.492872953414917,4.675000190734863,4.699999809265137,4.650000095367432,4.650000095367432,1506000
2005-09-09,3.492872953414917,4.675000190734863,4.675000190734863,4.650000095367432,4.650000095367432,990000
2005-09-12,3.530229091644287,4.724999904632568,4.800000190734863,4.650000095367432,4.675000190734863,892000
2005-09-13,3.548907518386841,4.75,4.775000095367432,4.75,4.75,140000
2005-09-14,3.492872953414917,4.675000190734863,4.75,4.650000095367432,4.724999904632568,738000
2005-09-15,3.548907518386841,4.75,4.75,4.675000190734863,4.75,256000
2005-09-16,3.530229091644287,4.724999904632568,4.75,4.724999904632568,4.75,136000
2005-09-20,3.530229091644287,4.724999904632568,4.75,4.724999904632568,4.724999904632568,474000
2005-09-21,3.5862648487091064,4.800000190734863,4.824999809265137,4.699999809265137,4.724999904632568,1500000
2005-09-22,3.9971909523010254,5.349999904632568,5.400000095367432,4.775000095367432,4.775000095367432,1166000
2005-09-23,3.8477625846862793,5.150000095367432,5.300000190734863,5.150000095367432,5.199999809265137,334000
2005-09-26,3.8477625846862793,5.150000095367432,5.25,5.150000095367432,5.199999809265137,84000
2005-09-27,3.810405969619751,5.099999904632568,5.25,5.099999904632568,5.150000095367432,1940000
2005-09-28,3.8477625846862793,5.150000095367432,5.199999809265137,5.099999904632568,5.099999904632568,256000
2005-09-29,4.034548282623291,5.400000095367432,5.599999904632568,5.199999809265137,5.199999809265137,1216000
2005-09-30,4.146618366241455,5.550000190734863,5.800000190734863,5.449999809265137,5.599999904632568,1056000
2005-10-03,4.071905136108398,5.449999809265137,5.599999904632568,5.349999904632568,5.449999809265137,696000
2005-10-04,3.9971909523010254,5.349999904632568,5.349999904632568,5.300000190734863,5.300000190734863,62000
2005-10-05,3.9971909523010254,5.349999904632568,5.349999904632568,5.25,5.300000190734863,138000
2005-10-06,3.9224774837493896,5.25,5.349999904632568,5.0,5.349999904632568,858000
2005-10-07,3.810405969619751,5.099999904632568,5.25,5.099999904632568,5.199999809265137,140000
2005-10-10,3.885119915008545,5.199999809265137,5.300000190734863,5.150000095367432,5.150000095367432,102000
2005-10-12,3.885119915008545,5.199999809265137,5.400000095367432,5.199999809265137,5.300000190734863,114000
2005-10-13,3.810405969619751,5.099999904632568,5.150000095367432,5.099999904632568,5.150000095367432,16000
2005-10-14,3.810405969619751,5.099999904632568,5.199999809265137,5.050000190734863,5.050000190734863,358000
2005-10-17,3.8477625846862793,5.150000095367432,5.25,5.099999904632568,5.150000095367432,296000
2005-10-18,3.885119915008545,5.199999809265137,5.25,5.099999904632568,5.099999904632568,144000
2005-10-19,3.8477625846862793,5.150000095367432,5.25,5.099999904632568,5.099999904632568,428000
2005-10-20,3.885119915008545,5.199999809265137,5.25,5.099999904632568,5.150000095367432,650000
2005-10-21,3.959834337234497,5.300000190734863,5.349999904632568,5.25,5.349999904632568,212000
2005-10-24,3.959834337234497,5.300000190734863,5.300000190734863,5.25,5.25,832000
2005-10-25,3.9224774837493896,5.25,5.349999904632568,5.199999809265137,5.349999904632568,1508000
2005-10-26,3.9224774837493896,5.25,5.25,5.25,5.25,128000
2005-10-27,3.9224774837493896,5.25,5.300000190734863,5.150000095367432,5.300000190734863,82000
2005-10-28,3.885119915008545,5.199999809265137,5.300000190734863,5.199999809265137,5.199999809265137,260000
2005-10-31,4.071905136108398,5.449999809265137,5.5,5.199999809265137,5.300000190734863,768000
2005-11-01,3.9971909523010254,5.349999904632568,5.349999904632568,5.300000190734863,5.349999904632568,232000
2005-11-02,4.071905136108398,5.449999809265137,5.5,5.25,5.349999904632568,188000
2005-11-03,3.885119915008545,5.199999809265137,5.349999904632568,5.199999809265137,5.349999904632568,230000
2005-11-04,4.557544231414795,6.099999904632568,6.349999904632568,5.300000190734863,5.300000190734863,5120000
2005-11-07,4.5201873779296875,6.050000190734863,6.25,6.0,6.199999809265137,2576000
2005-11-08,4.781686305999756,6.400000095367432,6.400000095367432,6.0,6.0,3536000
2005-11-09,4.968470096588135,6.650000095367432,6.75,6.300000190734863,6.300000190734863,2904000
2005-11-10,4.819042682647705,6.449999809265137,6.699999809265137,6.400000095367432,6.599999904632568,1894000
2005-11-11,4.781686305999756,6.400000095367432,6.449999809265137,6.349999904632568,6.400000095367432,876000
2005-11-14,4.706971645355225,6.300000190734863,6.5,6.25,6.349999904632568,1218000
2005-11-15,4.74432897567749,6.349999904632568,6.400000095367432,6.199999809265137,6.300000190734863,524000
2005-11-16,4.781686305999756,6.400000095367432,6.699999809265137,6.349999904632568,6.349999904632568,2218000
2005-11-17,4.893755912780762,6.550000190734863,6.599999904632568,6.349999904632568,6.349999904632568,1340000
2005-11-18,4.8563995361328125,6.5,6.550000190734863,6.449999809265137,6.5,424000
2005-11-21,4.819042682647705,6.449999809265137,6.599999904632568,6.349999904632568,6.599999904632568,754000
2005-11-22,4.819042682647705,6.449999809265137,6.550000190734863,6.400000095367432,6.550000190734863,648000
2005-11-23,4.8563995361328125,6.5,6.5,6.449999809265137,6.449999809265137,216000
2005-11-24,4.8563995361328125,6.5,6.5,6.349999904632568,6.5,272000
2005-11-25,5.080542087554932,6.800000190734863,6.900000095367432,6.449999809265137,6.5,1241600
2005-11-28,5.043184757232666,6.75,6.800000190734863,6.599999904632568,6.800000190734863,326000
2005-11-29,4.968470096588135,6.650000095367432,6.75,6.599999904632568,6.75,202000
2005-11-30,4.9311137199401855,6.599999904632568,6.599999904632568,6.5,6.599999904632568,438000
2005-12-01,5.043184757232666,6.75,6.75,6.5,6.599999904632568,856000
2005-12-02,5.117897987365723,6.849999904632568,6.849999904632568,6.699999809265137,6.75,644000
2005-12-05,5.640895366668701,7.550000190734863,7.699999809265137,6.800000190734863,6.800000190734863,4714000
2005-12-06,5.640895366668701,7.550000190734863,7.599999904632568,7.400000095367432,7.5,1636000
2005-12-07,5.827679634094238,7.800000190734863,7.900000095367432,7.5,7.5,4154000
2005-12-08,5.491467475891113,7.349999904632568,7.699999809265137,7.199999809265137,7.699999809265137,1778000
2005-12-09,5.6035380363464355,7.5,7.650000095367432,7.349999904632568,7.349999904632568,766000
2005-12-12,5.790322780609131,7.75,7.75,7.5,7.550000190734863,1852000
2005-12-13,5.827679634094238,7.800000190734863,7.800000190734863,7.699999809265137,7.699999809265137,312000
2005-12-14,5.6035380363464355,7.5,7.699999809265137,7.5,7.699999809265137,700000
2005-12-15,5.528824329376221,7.400000095367432,7.550000190734863,7.400000095367432,7.449999809265137,261000
2005-12-16,5.41675329208374,7.25,7.5,7.0,7.5,898000
2005-12-19,5.41675329208374,7.25,7.400000095367432,7.25,7.25,572000
2005-12-20,5.491467475891113,7.349999904632568,7.349999904632568,7.099999904632568,7.300000190734863,372000
2005-12-21,5.566181182861328,7.449999809265137,7.5,7.349999904632568,7.349999904632568,504000
2005-12-22,5.640895366668701,7.550000190734863,7.550000190734863,7.449999809265137,7.449999809265137,123600
2005-12-23,5.827679634094238,7.800000190734863,7.900000095367432,7.550000190734863,7.550000190734863,1378000
2005-12-28,5.865036964416504,7.849999904632568,7.900000095367432,7.550000190734863,7.550000190734863,490000
2005-12-29,5.9023942947387695,7.900000095367432,7.900000095367432,7.75,7.849999904632568,616000
2005-12-30,5.97710657119751,8.0,8.0,7.849999904632568,7.900000095367432,766000
2006-01-03,5.827679634094238,7.800000190734863,7.949999809265137,7.75,7.949999809265137,266000
2006-01-04,6.051821231842041,8.100000381469727,8.100000381469727,7.800000190734863,7.900000095367432,1920000
2006-01-05,5.97710657119751,8.0,8.100000381469727,7.949999809265137,8.100000381469727,972912
2006-01-06,5.9397501945495605,7.949999809265137,8.0,7.849999904632568,8.0,600000
2006-01-09,5.9023942947387695,7.900000095367432,8.0,7.599999904632568,7.949999809265137,1196000
2006-01-10,5.790322780609131,7.75,7.900000095367432,7.699999809265137,7.900000095367432,1131200
2006-01-11,5.865036964416504,7.849999904632568,8.0,7.75,7.75,911772
2006-01-12,6.014463901519775,8.050000190734863,8.050000190734863,7.849999904632568,7.949999809265137,618000
2006-01-13,6.313319683074951,8.449999809265137,8.449999809265137,8.0,8.050000190734863,1798000
2006-01-16,6.126534938812256,8.199999809265137,8.399999618530273,8.199999809265137,8.399999618530273,540000
2006-01-17,6.42539119720459,8.600000381469727,8.699999809265137,8.199999809265137,8.199999809265137,1164000
2006-01-18,6.500104904174805,8.699999809265137,8.75,8.199999809265137,8.350000381469727,1820000
2006-01-19,7.097815036773682,9.5,9.649999618530273,8.699999809265137,8.699999809265137,2998000
2006-01-20,7.172529697418213,9.600000381469727,9.899999618530273,9.399999618530273,9.600000381469727,1918000
2006-01-23,7.023101329803467,9.399999618530273,9.5,9.25,9.5,438000
2006-01-24,6.948387622833252,9.300000190734863,9.5,9.149999618530273,9.300000190734863,1051000
2006-01-25,6.9110307693481445,9.25,9.5,9.25,9.449999809265137,824000
2006-01-26,6.985745906829834,9.350000381469727,9.399999618530273,9.199999809265137,9.399999618530273,1212000
2006-01-27,6.948387622833252,9.300000190734863,9.350000381469727,9.25,9.25,454000
2006-02-01,7.2472429275512695,9.699999809265137,9.800000190734863,9.350000381469727,9.399999618530273,1592000
2006-02-02,7.396670818328857,9.899999618530273,10.300000190734863,9.699999809265137,10.100000381469727,2818000
2006-02-03,7.5834550857543945,10.149999618530273,10.300000190734863,9.0,9.800000190734863,1768000
2006-02-06,8.255880355834961,11.050000190734863,11.100000381469727,10.149999618530273,10.149999618530273,2280000
2006-02-07,8.40530776977539,11.25,11.800000190734863,11.199999809265137,11.199999809265137,2580681
2006-02-08,8.480022430419922,11.350000381469727,11.350000381469727,10.949999809265137,11.25,4020000
2006-02-09,8.517377853393555,11.399999618530273,11.699999809265137,11.350000381469727,11.399999618530273,1046000
2006-02-10,8.480022430419922,11.350000381469727,11.449999809265137,10.600000381469727,11.399999618530273,1866000
2006-02-13,8.480022430419922,11.350000381469727,11.399999618530273,11.0,11.350000381469727,354000
2006-02-14,8.442665100097656,11.300000190734863,11.449999809265137,11.199999809265137,11.399999618530273,452000
2006-02-15,8.367950439453125,11.199999809265137,11.25,11.050000190734863,11.050000190734863,500600
2006-02-16,8.40530776977539,11.25,11.300000190734863,11.0,11.0,442000
2006-02-17,8.069096565246582,10.800000190734863,11.199999809265137,10.699999809265137,11.0,1030000
2006-02-20,8.181164741516113,10.949999809265137,10.949999809265137,10.350000381469727,10.350000381469727,334000
2006-02-21,8.367950439453125,11.199999809265137,11.25,10.949999809265137,10.949999809265137,1194000
2006-02-22,8.367950439453125,11.199999809265137,11.25,11.100000381469727,11.149999618530273,1138000
2006-02-23,8.03173828125,10.75,11.199999809265137,10.75,11.199999809265137,902000
2006-02-24,8.106451988220215,10.850000381469727,10.850000381469727,10.75,10.800000190734863,458000
2006-02-27,8.853590965270996,11.850000381469727,11.949999809265137,10.850000381469727,10.850000381469727,1320000
2006-02-28,8.480022430419922,11.350000381469727,11.800000190734863,11.25,11.800000190734863,1406000
2006-03-01,8.890947341918945,11.899999618530273,12.149999618530273,11.100000381469727,11.100000381469727,1084000
2006-03-02,8.81623363494873,11.800000190734863,12.0,11.800000190734863,12.0,102000
2006-03-03,8.7415189743042,11.699999809265137,11.800000190734863,11.5,11.5,229251
2006-03-06,8.928304672241211,11.949999809265137,11.949999809265137,11.699999809265137,11.800000190734863,334000
2006-03-07,8.778877258300781,11.75,11.949999809265137,11.649999618530273,11.949999809265137,2380000
2006-03-08,8.629448890686035,11.550000190734863,11.800000190734863,11.149999618530273,11.800000190734863,1290000
2006-03-09,8.96566104888916,12.0,12.699999809265137,11.25,11.449999809265137,2426000
2006-03-10,8.96566104888916,12.0,12.0,11.800000190734863,11.800000190734863,422000
2006-03-13,8.928304672241211,11.949999809265137,12.0,11.699999809265137,12.0,340000
2006-03-14,8.928304672241211,11.949999809265137,11.949999809265137,11.699999809265137,11.699999809265137,78000
2006-03-15,9.07773208618164,12.149999618530273,12.25,11.75,11.75,792000
2006-03-16,9.33923053741455,12.5,12.550000190734863,12.25,12.25,598000
2006-03-17,9.48865795135498,12.699999809265137,13.0,12.5,12.649999618530273,750000
2006-03-20,9.526016235351562,12.75,12.949999809265137,12.550000190734863,12.949999809265137,362000
2006-03-21,9.563372611999512,12.800000190734863,12.899999618530273,12.399999618530273,12.699999809265137,456000
2006-03-22,9.563372611999512,12.800000190734863,13.0,12.699999809265137,12.800000190734863,364000
2006-03-23,9.89958381652832,13.25,13.350000381469727,12.75,12.800000190734863,1020000
2006-03-24,9.89958381652832,13.25,13.399999618530273,13.100000381469727,13.25,594000
2006-03-27,10.086369514465332,13.5,13.5,13.149999618530273,13.399999618530273,1178000
2006-03-28,10.235795974731445,13.699999809265137,13.800000190734863,13.449999809265137,13.699999809265137,1222000
2006-03-29,9.93694019317627,13.300000190734863,13.649999618530273,13.25,13.649999618530273,286000
2006-03-30,10.086369514465332,13.5,13.800000190734863,13.399999618530273,13.800000190734863,812000
2006-03-31,10.19843864440918,13.649999618530273,13.800000190734863,13.5,13.600000381469727,1138000
2006-04-03,10.19843864440918,13.649999618530273,13.75,13.300000190734863,13.699999809265137,1043700
2006-04-04,10.04901123046875,13.449999809265137,13.649999618530273,13.199999809265137,13.649999618530273,1398000
2006-04-06,9.862227439880371,13.199999809265137,13.449999809265137,12.75,13.449999809265137,2360000
2006-04-07,9.48865795135498,12.699999809265137,13.25,12.550000190734863,13.25,1208774
2006-04-10,9.451300621032715,12.649999618530273,12.800000190734863,12.100000381469727,12.800000190734863,1370000
2006-04-11,9.451300621032715,12.649999618530273,12.649999618530273,11.300000190734863,11.800000190734863,756000
2006-04-12,9.48865795135498,12.699999809265137,12.699999809265137,12.350000381469727,12.350000381469727,474000
2006-04-13,9.787511825561523,13.100000381469727,13.100000381469727,12.449999809265137,12.699999809265137,498000
2006-04-18,9.675442695617676,12.949999809265137,13.0,12.800000190734863,13.0,120000
2006-04-19,9.33923053741455,12.5,12.899999618530273,12.5,12.899999618530273,226000
2006-04-20,9.227160453796387,12.350000381469727,12.600000381469727,12.0,12.5,778000
2006-04-21,9.189802169799805,12.300000190734863,12.350000381469727,11.949999809265137,12.0,254000
2006-04-24,8.96566104888916,12.0,12.350000381469727,11.850000381469727,12.350000381469727,562000
2006-04-25,8.40530776977539,11.25,11.75,10.699999809265137,11.699999809265137,1310000
2006-04-26,8.442665100097656,11.300000190734863,11.300000190734863,10.300000190734863,11.0,514000
2006-04-27,8.442665100097656,11.300000190734863,11.350000381469727,10.550000190734863,10.550000190734863,1746000
2006-04-28,8.382251739501953,11.100000381469727,11.199999809265137,10.550000190734863,11.184000015258789,800000
2006-05-02,8.68431568145752,11.5,11.600000381469727,10.75,10.75,2052000
2006-05-03,8.68431568145752,11.5,11.5,10.899999618530273,11.5,941606
2006-05-04,8.571040153503418,11.350000381469727,11.5,11.199999809265137,11.5,228000
2006-05-08,8.457767486572266,11.199999809265137,11.550000190734863,11.199999809265137,11.550000190734863,292000
2006-05-09,8.495525360107422,11.25,11.25,11.0,11.199999809265137,338000
2006-05-10,8.30673599243164,11.0,11.350000381469727,10.899999618530273,11.100000381469727,1724000
2006-05-11,8.30673599243164,11.0,11.100000381469727,10.850000381469727,11.0,906000
2006-05-12,8.268978118896484,10.949999809265137,11.0,10.800000190734863,10.800000190734863,1736000
2006-05-15,8.231220245361328,10.899999618530273,10.899999618530273,10.600000381469727,10.699999809265137,1258000
2006-05-16,8.155705451965332,10.800000190734863,10.850000381469727,10.0,10.0,1044000
2006-05-17,8.30673599243164,11.0,11.0,10.800000190734863,10.800000190734863,182000
2006-05-18,8.30673599243164,11.0,11.0,10.0,10.899999618530273,1116000
2006-05-19,8.11794662475586,10.75,11.050000190734863,10.699999809265137,11.0,2350000
2006-05-22,8.155705451965332,10.800000190734863,11.0,10.75,11.0,484000
2006-05-23,8.042430877685547,10.649999618530273,10.850000381469727,10.0,10.550000190734863,748000
2006-05-24,7.702610492706299,10.199999809265137,10.399999618530273,9.949999809265137,10.050000190734863,848000
2006-05-25,7.589335918426514,10.050000190734863,10.199999809265137,9.850000381469727,10.100000381469727,1102000
2006-05-26,7.476062297821045,9.899999618530273,10.050000190734863,9.649999618530273,9.850000381469727,1432000
2006-05-29,7.740368366241455,10.25,10.399999618530273,9.649999618530273,9.649999618530273,3814000
2006-05-30,8.042430877685547,10.649999618530273,10.699999809265137,10.25,10.25,436000
2006-06-01,7.778125762939453,10.300000190734863,10.949999809265137,10.199999809265137,10.399999618530273,474000
2006-06-02,7.929156303405762,10.5,10.800000190734863,10.100000381469727,10.25,328
2006-06-05,8.382251739501953,11.100000381469727,11.399999618530273,10.649999618530273,10.699999809265137,596769
2006-06-06,8.533283233642578,11.300000190734863,11.300000190734863,10.649999618530273,10.649999618530273,138000
2006-06-07,8.155705451965332,10.800000190734863,11.0,10.600000381469727,10.949999809265137,778000
2006-06-08,7.8913984298706055,10.449999809265137,10.75,10.199999809265137,10.75,66000
2006-06-09,7.627094268798828,10.100000381469727,10.300000190734863,9.949999809265137,10.149999618530273,730000
2006-06-12,7.551578521728516,10.0,10.0,9.5,9.649999618530273,494000
2006-06-13,7.551578521728516,10.0,10.0,9.300000190734863,9.75,264000
2006-06-14,7.513820171356201,9.949999809265137,10.0,9.550000190734863,10.0,354000
2006-06-15,7.551578521728516,10.0,10.25,9.75,9.899999618530273,257500
2006-06-16,7.815884113311768,10.350000381469727,10.949999809265137,10.050000190734863,10.050000190734863,568000
2006-06-19,7.476062297821045,9.899999618530273,10.850000381469727,9.899999618530273,10.850000381469727,180000
2006-06-20,7.362788677215576,9.75,9.800000190734863,9.600000381469727,9.800000190734863,2182000
2006-06-21,7.2872724533081055,9.649999618530273,9.649999618530273,9.550000190734863,9.600000381469727,3286000
2006-06-22,7.438304901123047,9.850000381469727,10.199999809265137,9.649999618530273,9.649999618530273,370000
2006-06-23,7.551578521728516,10.0,10.0,9.699999809265137,9.850000381469727,174000
2006-06-26,7.551578521728516,10.0,10.0,10.0,10.0,16000
2006-06-27,7.8913984298706055,10.449999809265137,10.800000190734863,10.199999809265137,10.5,152000
2006-06-28,7.8913984298706055,10.449999809265137,10.800000190734863,10.449999809265137,10.449999809265137,42000
2006-06-29,8.080187797546387,10.699999809265137,10.800000190734863,10.699999809265137,10.699999809265137,28000
2006-06-30,8.382251739501953,11.100000381469727,11.199999809265137,10.5,10.5,470000
2006-07-03,8.68431568145752,11.5,11.899999618530273,11.100000381469727,11.100000381469727,74000
2006-07-04,8.646554946899414,11.449999809265137,11.699999809265137,11.399999618530273,11.5,106000
2006-07-05,8.608799934387207,11.399999618530273,11.5,11.25,11.5,72000
2006-07-06,8.68431568145752,11.5,11.5,11.25,11.25,34000
2006-07-07,8.457767486572266,11.199999809265137,11.199999809265137,11.149999618530273,11.199999809265137,16000
2006-07-10,8.571040153503418,11.350000381469727,11.399999618530273,11.199999809265137,11.199999809265137,32000
2006-07-11,8.268978118896484,10.949999809265137,11.25,10.800000190734863,11.25,474000
2006-07-12,8.004673957824707,10.600000381469727,10.850000381469727,10.5,10.699999809265137,426000
2006-07-13,7.929156303405762,10.5,10.699999809265137,10.300000190734863,10.600000381469727,628000
2006-07-14,7.513820171356201,9.949999809265137,10.399999618530273,9.899999618530273,10.399999618530273,1084000
2006-07-17,7.513820171356201,9.949999809265137,9.949999809265137,9.899999618530273,9.949999809265137,156000
2006-07-18,7.438304901123047,9.850000381469727,9.899999618530273,9.699999809265137,9.899999618530273,1060000
2006-07-19,7.211757183074951,9.550000190734863,9.649999618530273,9.399999618530273,9.550000190734863,938000
2006-07-20,7.211757183074951,9.550000190734863,9.850000381469727,9.449999809265137,9.649999618530273,1390000
2006-07-21,6.909693717956543,9.149999618530273,9.600000381469727,9.050000190734863,9.600000381469727,1964000
2006-07-24,6.871936321258545,9.100000381469727,9.1899995803833,8.949999809265137,8.949999809265137,832000
2006-07-25,7.000313758850098,9.270000457763672,9.5,9.100000381469727,9.100000381469727,110000
2006-07-26,6.887039661407471,9.119999885559082,9.270000457763672,9.100000381469727,9.270000457763672,90000
2006-07-27,6.9021430015563965,9.140000343322754,9.199999809265137,9.0,9.0,446000
2006-07-28,6.9021430015563965,9.140000343322754,9.149999618530273,9.0,9.130000114440918,150000
2006-07-31,6.947451591491699,9.199999809265137,9.300000190734863,9.050000190734863,9.140000343322754,202000
2006-08-01,7.000313758850098,9.270000457763672,9.270000457763672,9.100000381469727,9.199999809265137,338000
2006-08-02,7.0758280754089355,9.369999885559082,9.380000114440918,9.270000457763672,9.270000457763672,112400
2006-08-03,7.173999309539795,9.5,9.5,9.470000267028809,9.5,242000
2006-08-04,7.2872724533081055,9.649999618530273,9.649999618530273,9.5,9.5,397700
2006-08-07,7.3023762702941895,9.670000076293945,9.670000076293945,9.600000381469727,9.649999618530273,16000
2006-08-08,7.3023762702941895,9.670000076293945,9.670000076293945,9.479999542236328,9.670000076293945,86000
2006-08-09,7.340134620666504,9.720000267028809,9.720000267028809,9.65999984741211,9.65999984741211,14000
2006-08-10,7.325031757354736,9.699999809265137,9.800000190734863,9.100000381469727,9.100000381469727,54000
2006-08-11,7.898950099945068,10.460000038146973,10.479999542236328,9.880000114440918,9.880000114440918,687000
2006-08-14,8.080187797546387,10.699999809265137,10.819999694824219,10.460000038146973,10.460000038146973,198000
2006-08-15,8.12549877166748,10.760000228881836,10.760000228881836,10.699999809265137,10.699999809265137,132000
2006-08-16,8.12549877166748,10.760000228881836,10.800000190734863,10.699999809265137,10.800000190734863,16000
2006-08-17,8.12549877166748,10.760000228881836,10.84000015258789,10.699999809265137,10.760000228881836,56000
2006-08-18,8.12549877166748,10.760000228881836,10.760000228881836,10.760000228881836,10.760000228881836,0
2006-08-21,7.732814788818359,10.239999771118164,10.800000190734863,10.239999771118164,10.800000190734863,76000
2006-08-22,7.5440263748168945,9.989999771118164,10.399999618530273,9.699999809265137,10.399999618530273,522000
2006-08-23,7.460958480834961,9.880000114440918,9.989999771118164,9.789999961853027,9.989999771118164,236000
2006-08-24,7.468510627746582,9.890000343322754,9.899999618530273,9.859999656677246,9.859999656677246,366000
2006-08-25,7.438304901123047,9.850000381469727,9.970000267028809,9.819999694824219,9.890000343322754,1868000
2006-08-28,7.551578521728516,10.0,10.5,9.850000381469727,10.0,62000
2006-08-29,7.778125762939453,10.300000190734863,10.859999656677246,10.199999809265137,10.199999809265137,1058000
2006-08-30,8.170807838439941,10.819999694824219,10.819999694824219,10.5,10.5,302000
2006-08-31,8.442665100097656,11.180000305175781,11.300000190734863,10.819999694824219,10.819999694824219,898000
2006-09-01,8.231220245361328,10.899999618530273,11.100000381469727,10.600000381469727,11.0,72
2006-09-04,8.30673599243164,11.0,11.0,10.5,10.899999618530273,194000
2006-09-05,8.457767486572266,11.199999809265137,11.199999809265137,10.65999984741211,10.899999618530273,160000
2006-09-06,8.442665100097656,11.180000305175781,11.199999809265137,10.779999732971191,10.859999656677246,276000
2006-09-07,8.457767486572266,11.199999809265137,11.199999809265137,10.699999809265137,10.800000190734863,278000
2006-09-08,8.32183837890625,11.020000457763672,12.100000381469727,10.600000381469727,11.279999732971191,1723000
2006-09-11,7.914052486419678,10.479999542236328,11.0,10.300000190734863,11.0,1164000
2006-09-12,7.868744850158691,10.420000076293945,10.5,10.180000305175781,10.300000190734863,796000
2006-09-13,7.868744850158691,10.420000076293945,10.5600004196167,10.199999809265137,10.199999809265137,650000
2006-09-14,7.702610492706299,10.199999809265137,10.300000190734863,10.0,10.220000267028809,1380000
2006-09-15,7.868744850158691,10.420000076293945,10.420000076293945,9.890000343322754,10.100000381469727,1219400
2006-09-18,7.747919082641602,10.260000228881836,10.260000228881836,9.899999618530273,10.119999885559082,158000
2006-09-19,7.672403812408447,10.15999984741211,10.5,10.15999984741211,10.5,10000
2006-09-20,7.611990451812744,10.079999923706055,10.119999885559082,9.899999618530273,10.119999885559082,264000
2006-09-21,7.627094268798828,10.100000381469727,10.180000305175781,9.979999542236328,10.0,98000
2006-09-22,7.551578521728516,10.0,10.0600004196167,9.5,9.979999542236328,980000
2006-09-25,7.536473751068115,9.979999542236328,10.100000381469727,9.920000076293945,10.100000381469727,186000
2006-09-26,7.476062297821045,9.899999618530273,10.199999809265137,9.800000190734863,9.800000190734863,354000
2006-09-27,7.1815505027771,9.510000228881836,9.699999809265137,9.449999809265137,9.600000381469727,764000
2006-09-28,7.400546550750732,9.800000190734863,9.800000190734863,9.539999961853027,9.600000381469727,118000
2006-09-29,7.551578521728516,10.0,10.140000343322754,9.800000190734863,9.800000190734863,1184000
2006-10-03,7.340134620666504,9.720000267028809,10.0,9.720000267028809,10.0,928000
2006-10-04,7.1362409591674805,9.449999809265137,9.720000267028809,9.399999618530273,9.720000267028809,892000
2006-10-05,7.249515533447266,9.600000381469727,9.680000305175781,9.579999923706055,9.579999923706055,660000
2006-10-06,7.211757183074951,9.550000190734863,9.640000343322754,9.430000305175781,9.640000343322754,418000
2006-10-09,7.098483562469482,9.399999618530273,9.449999809265137,9.390000343322754,9.449999809265137,392000
2006-10-10,7.158895969390869,9.479999542236328,9.550000190734863,9.479999542236328,9.550000190734863,22000
2006-10-11,7.460958480834961,9.880000114440918,9.979999542236328,9.5,9.5,304000
2006-10-12,7.347684860229492,9.729999542236328,9.859999656677246,9.6899995803833,9.859999656677246,909600
2006-10-13,7.279720783233643,9.640000343322754,9.770000457763672,9.399999618530273,9.600000381469727,652000
2006-10-16,7.098483562469482,9.399999618530273,9.789999961853027,9.289999961853027,9.479999542236328,1482000
2006-10-17,7.053174018859863,9.34000015258789,9.399999618530273,9.300000190734863,9.300000190734863,518000
2006-10-18,7.038071155548096,9.319999694824219,9.329999923706055,9.289999961853027,9.329999923706055,180000
2006-10-19,6.917245388031006,9.15999984741211,9.300000190734863,8.989999771118164,9.300000190734863,258000
2006-10-20,7.030519008636475,9.3100004196167,9.600000381469727,9.199999809265137,9.199999809265137,1047795
2006-10-23,7.551578521728516,10.0,10.140000343322754,9.550000190734863,9.550000190734863,671000
2006-10-24,7.627094268798828,10.100000381469727,10.279999732971191,10.020000457763672,10.0600004196167,455000
2006-10-25,7.627094268798828,10.100000381469727,10.100000381469727,10.0,10.020000457763672,331000
2006-10-26,7.627094268798828,10.100000381469727,10.220000267028809,10.020000457763672,10.199999809265137,444000
2006-10-27,7.627094268798828,10.100000381469727,10.100000381469727,10.020000457763672,10.100000381469727,194000
2006-10-31,7.702610492706299,10.199999809265137,10.199999809265137,10.020000457763672,10.100000381469727,402000
2006-11-01,8.080187797546387,10.699999809265137,10.859999656677246,10.199999809265137,10.220000267028809,374000
2006-11-02,9.061893463134766,12.0,12.100000381469727,10.699999809265137,10.699999809265137,656000
2006-11-03,9.061893463134766,12.0,12.199999809265137,11.800000190734863,12.100000381469727,302000
2006-11-06,9.28844165802002,12.300000190734863,12.5,11.899999618530273,12.0,284000
2006-11-07,9.137410163879395,12.100000381469727,12.420000076293945,12.100000381469727,12.279999732971191,318000
2006-11-08,8.910861015319824,11.800000190734863,12.199999809265137,11.5,11.800000190734863,440000
2006-11-09,8.910861015319824,11.800000190734863,11.859999656677246,11.800000190734863,11.800000190734863,142000
2006-11-10,8.850449562072754,11.720000267028809,11.800000190734863,11.399999618530273,11.800000190734863,252000
2006-11-13,8.699417114257812,11.520000457763672,11.699999809265137,11.5,11.680000305175781,114000
2006-11-14,8.533283233642578,11.300000190734863,11.5,11.100000381469727,11.5,136000
2006-11-15,8.68431568145752,11.5,11.539999961853027,11.199999809265137,11.199999809265137,356000
2006-11-16,8.74472713470459,11.579999923706055,11.65999984741211,11.5,11.600000381469727,196700
2006-11-17,8.68431568145752,11.5,11.600000381469727,11.199999809265137,11.579999923706055,110000
2006-11-20,8.397355079650879,11.119999885559082,11.5,11.0,11.5,138000
2006-11-21,8.759830474853516,11.600000381469727,11.600000381469727,11.079999923706055,11.15999984741211,256000
2006-11-22,8.669211387634277,11.479999542236328,11.600000381469727,11.300000190734863,11.600000381469727,462000
2006-11-23,8.729622840881348,11.5600004196167,11.899999618530273,11.300000190734863,11.479999542236328,342000
2006-11-24,8.835346221923828,11.699999809265137,11.800000190734863,11.5600004196167,11.5600004196167,1632000
2006-11-27,8.880655288696289,11.760000228881836,12.039999961853027,11.699999809265137,11.899999618530273,926000
2006-11-28,8.68431568145752,11.5,11.65999984741211,11.300000190734863,11.600000381469727,506000
2006-11-29,8.533283233642578,11.300000190734863,11.779999732971191,11.300000190734863,11.399999618530273,700000
2006-11-30,8.68431568145752,11.5,11.579999923706055,11.319999694824219,11.34000015258789,504000
2006-12-01,8.518179893493652,11.279999732971191,11.460000038146973,11.079999923706055,11.460000038146973,292000
2006-12-04,8.639005661010742,11.4399995803833,11.4399995803833,11.079999923706055,11.100000381469727,796000
2006-12-05,8.714521408081055,11.539999961853027,11.539999961853027,11.420000076293945,11.4399995803833,1684000
2006-12-06,8.759830474853516,11.600000381469727,11.699999809265137,11.5,11.5,2038000
2006-12-07,8.759830474853516,11.600000381469727,12.199999809265137,11.4399995803833,11.800000190734863,928000
2006-12-08,8.759830474853516,11.600000381469727,11.600000381469727,11.5,11.5,482000
2006-12-11,8.910861015319824,11.800000190734863,11.899999618530273,11.600000381469727,11.619999885559082,920000
2006-12-12,9.122307777404785,12.079999923706055,12.399999618530273,11.800000190734863,11.899999618530273,3016000
2006-12-13,9.061893463134766,12.0,12.119999885559082,11.899999618530273,12.119999885559082,958000
2006-12-14,9.817051887512207,13.0,13.100000381469727,12.300000190734863,12.300000190734863,3450000
2006-12-15,9.817051887512207,13.0,13.100000381469727,12.800000190734863,12.979999542236328,3078000
2006-12-18,10.01339340209961,13.260000228881836,13.5,12.960000038146973,12.979999542236328,2928205
2006-12-19,9.801948547363281,12.979999542236328,13.300000190734863,12.739999771118164,13.300000190734863,1618000
2006-12-20,9.771740913391113,12.9399995803833,13.039999961853027,12.859999656677246,13.039999961853027,836000
2006-12-21,9.907670974731445,13.119999885559082,13.5,12.9399995803833,12.9399995803833,1323000
2006-12-22,9.817051887512207,13.0,13.119999885559082,12.9399995803833,13.119999885559082,350000
2006-12-27,9.87746524810791,13.079999923706055,13.100000381469727,13.0,13.0,510000
2006-12-28,9.922774314880371,13.140000343322754,13.300000190734863,13.0,13.119999885559082,420000
2006-12-29,9.817051887512207,13.0,13.300000190734863,13.0,13.140000343322754,566500
2007-01-02,9.696226119995117,12.84000015258789,13.0600004196167,12.800000190734863,12.800000190734863,339000
2007-01-03,9.620710372924805,12.739999771118164,13.0,12.699999809265137,12.899999618530273,152000
2007-01-04,9.530092239379883,12.619999885559082,12.899999618530273,12.619999885559082,12.800000190734863,868000
2007-01-05,9.922774314880371,13.140000343322754,13.180000305175781,12.619999885559082,12.619999885559082,343000
2007-01-08,10.073805809020996,13.34000015258789,13.34000015258789,13.0,13.140000343322754,490000
2007-01-09,10.043600082397461,13.300000190734863,13.5,13.239999771118164,13.5,722000
2007-01-10,10.19463062286377,13.5,13.5,12.699999809265137,12.800000190734863,678000
2007-01-11,10.19463062286377,13.5,13.5,13.100000381469727,13.100000381469727,460500
2007-01-12,10.874272346496582,14.399999618530273,14.5,13.380000114440918,13.380000114440918,4196000
2007-01-15,11.146130561828613,14.760000228881836,14.800000190734863,14.300000190734863,14.399999618530273,364000
2007-01-16,11.10081958770752,14.699999809265137,14.979999542236328,14.600000381469727,14.800000190734863,254000
2007-01-17,10.934683799743652,14.479999542236328,14.800000190734863,14.279999732971191,14.699999809265137,594000
2007-01-18,10.270146369934082,13.600000381469727,14.399999618530273,13.539999961853027,14.34000015258789,1626000
2007-01-19,10.285248756408691,13.619999885559082,14.0,13.600000381469727,13.619999885559082,314000
2007-01-22,10.421177864074707,13.800000190734863,13.800000190734863,13.5,13.800000190734863,420000
2007-01-23,10.406074523925781,13.779999732971191,13.800000190734863,13.640000343322754,13.800000190734863,122000
2007-01-24,10.466486930847168,13.859999656677246,13.979999542236328,13.640000343322754,13.779999732971191,608000
2007-01-25,10.526899337768555,13.9399995803833,14.300000190734863,13.859999656677246,13.880000114440918,606000
2007-01-26,10.164422035217285,13.460000038146973,13.779999732971191,13.199999809265137,13.779999732971191,932000
2007-01-29,10.224836349487305,13.539999961853027,13.699999809265137,13.4399995803833,13.520000457763672,537000
2007-01-30,10.19463062286377,13.5,13.9399995803833,13.300000190734863,13.539999961853027,144000
2007-01-31,10.315455436706543,13.65999984741211,13.760000228881836,13.460000038146973,13.65999984741211,368000
2007-02-01,10.088908195495605,13.359999656677246,13.65999984741211,13.359999656677246,13.619999885559082,960000
2007-02-02,10.043600082397461,13.300000190734863,13.539999961853027,13.140000343322754,13.420000076293945,618000
2007-02-05,9.968082427978516,13.199999809265137,13.319999694824219,12.720000267028809,13.300000190734863,1168000
2007-02-06,9.93787670135498,13.15999984741211,13.300000190734863,13.140000343322754,13.180000305175781,196000
2007-02-07,9.801948547363281,12.979999542236328,13.100000381469727,12.9399995803833,13.100000381469727,342000
2007-02-08,10.270146369934082,13.600000381469727,13.600000381469727,12.979999542236328,12.979999542236328,2470800
2007-02-09,10.345660209655762,13.699999809265137,13.779999732971191,13.600000381469727,13.619999885559082,580000
2007-02-12,10.572208404541016,14.0,14.0,13.600000381469727,13.600000381469727,234000
2007-02-13,10.481590270996094,13.880000114440918,13.979999542236328,13.779999732971191,13.979999542236328,346000
2007-02-14,10.481590270996094,13.880000114440918,13.960000038146973,13.699999809265137,13.960000038146973,862000
2007-02-15,10.421177864074707,13.800000190734863,13.960000038146973,13.739999771118164,13.880000114440918,1346000
2007-02-16,10.496692657470703,13.899999618530273,13.920000076293945,13.779999732971191,13.800000190734863,244000
2007-02-21,10.72323989868164,14.199999809265137,14.779999732971191,13.899999618530273,13.960000038146973,1245000
2007-02-22,10.949788093566895,14.5,14.600000381469727,14.0,14.199999809265137,298000
2007-02-23,10.572208404541016,14.0,14.5,14.0,14.300000190734863,744000
2007-02-26,10.647725105285645,14.100000381469727,15.100000381469727,14.100000381469727,14.380000114440918,72000
2007-02-27,10.572208404541016,14.0,14.5,13.9399995803833,14.5,214000
2007-02-28,10.496692657470703,13.899999618530273,14.0,13.0,13.800000190734863,490000
2007-03-01,10.421177864074707,13.800000190734863,14.0,13.479999542236328,14.0,90000
2007-03-02,10.043600082397461,13.300000190734863,13.699999809265137,13.239999771118164,13.699999809265137,58000
2007-03-05,9.620710372924805,12.739999771118164,13.300000190734863,12.739999771118164,13.300000190734863,720000
2007-03-06,9.650918006896973,12.779999732971191,12.779999732971191,12.600000381469727,12.699999809265137,146000
2007-03-07,9.817051887512207,13.0,13.0,12.800000190734863,12.84000015258789,564000
2007-03-08,9.892566680908203,13.100000381469727,13.100000381469727,13.0,13.0,1198703
2007-03-09,9.907670974731445,13.119999885559082,13.300000190734863,13.0,13.0,670500
2007-03-12,9.922774314880371,13.140000343322754,13.140000343322754,13.140000343322754,13.140000343322754,112000
2007-03-13,9.968082427978516,13.199999809265137,13.199999809265137,13.199999809265137,13.199999809265137,20000
2007-03-14,9.892566680908203,13.100000381469727,13.100000381469727,13.0,13.0,2341000
2007-03-15,9.817051887512207,13.0,13.319999694824219,12.760000228881836,13.300000190734863,166000
2007-03-16,9.666020393371582,12.800000190734863,12.819999694824219,12.739999771118164,12.779999732971191,192000
2007-03-19,9.59050464630127,12.699999809265137,12.800000190734863,12.680000305175781,12.800000190734863,128000
2007-03-20,9.424368858337402,12.479999542236328,12.5,12.300000190734863,12.399999618530273,58000
2007-03-21,9.28844165802002,12.300000190734863,12.399999618530273,12.039999961853027,12.319999694824219,464000
2007-03-22,9.59050464630127,12.699999809265137,12.699999809265137,12.239999771118164,12.300000190734863,292000
2007-03-23,9.817051887512207,13.0,13.199999809265137,12.699999809265137,12.699999809265137,92000
2007-03-26,9.817051887512207,13.0,13.0,12.899999618530273,12.899999618530273,38000
2007-03-27,10.19463062286377,13.5,13.5,12.800000190734863,12.880000114440918,170000
2007-03-28,9.620710372924805,12.739999771118164,12.979999542236328,12.739999771118164,12.979999542236328,36000
2007-03-29,9.756638526916504,12.920000076293945,13.0,12.739999771118164,12.739999771118164,49500
2007-03-30,9.681123733520508,12.819999694824219,12.979999542236328,12.739999771118164,12.9399995803833,74000
2007-04-02,9.620710372924805,12.739999771118164,12.920000076293945,12.739999771118164,12.800000190734863,222252
2007-04-03,9.862361907958984,13.0600004196167,13.079999923706055,12.5,12.739999771118164,698000
2007-04-04,9.741536140441895,12.899999618530273,13.15999984741211,12.880000114440918,12.880000114440918,2169165
2007-04-10,9.681123733520508,12.819999694824219,13.0,12.739999771118164,12.979999542236328,1762000
2007-04-11,9.666020393371582,12.800000190734863,12.960000038146973,12.739999771118164,12.800000190734863,1964930
2007-04-12,9.666020393371582,12.800000190734863,13.100000381469727,12.779999732971191,12.899999618530273,1042000
2007-04-13,10.72323989868164,14.199999809265137,14.600000381469727,12.800000190734863,12.800000190734863,1932
2007-04-16,10.54200267791748,13.960000038146973,14.5,13.680000305175781,14.5,524000
2007-04-17,9.741536140441895,12.899999618530273,13.800000190734863,12.699999809265137,13.800000190734863,3062000
2007-04-18,9.605607032775879,12.720000267028809,13.0,12.680000305175781,12.899999618530273,444000
2007-04-19,9.575401306152344,12.680000305175781,12.899999618530273,12.5,12.779999732971191,470000
2007-04-20,9.59050464630127,12.699999809265137,12.960000038146973,12.680000305175781,12.960000038146973,136000
2007-04-23,9.28844165802002,12.300000190734863,12.619999885559082,12.199999809265137,12.619999885559082,262000
2007-04-24,9.04679012298584,11.979999542236328,12.319999694824219,11.899999618530273,12.100000381469727,676000
2007-04-25,9.04679012298584,11.979999542236328,12.020000457763672,11.880000114440918,11.979999542236328,464000
2007-04-26,9.061893463134766,12.0,12.199999809265137,11.979999542236328,12.0,564000
2007-04-27,8.880655288696289,11.760000228881836,12.0,11.739999771118164,12.0,538000
2007-04-30,9.001481056213379,11.920000076293945,11.920000076293945,11.65999984741211,11.760000228881836,230000
2007-05-02,8.714521408081055,11.539999961853027,11.779999732971191,11.460000038146973,11.779999732971191,1732000
2007-05-03,8.699417114257812,11.520000457763672,11.699999809265137,11.520000457763672,11.600000381469727,1318000
2007-05-04,8.412459373474121,11.140000343322754,11.520000457763672,10.899999618530273,11.520000457763672,1492426
2007-05-07,8.68431568145752,11.5,11.539999961853027,11.279999732971191,11.279999732971191,2118000
2007-05-08,8.639005661010742,11.4399995803833,11.600000381469727,11.420000076293945,11.600000381469727,2954000
2007-05-09,8.593695640563965,11.380000114440918,11.600000381469727,11.300000190734863,11.600000381469727,2026000
2007-05-10,8.533283233642578,11.300000190734863,11.5,11.300000190734863,11.399999618530273,1672000
2007-05-11,8.457767486572266,11.199999809265137,11.359999656677246,11.199999809265137,11.300000190734863,2076000
2007-05-14,8.578593254089355,11.359999656677246,11.539999961853027,11.0,11.199999809265137,1278000
2007-05-15,8.654109001159668,11.460000038146973,12.0,11.399999618530273,11.399999618530273,1690000
2007-05-16,8.729622840881348,11.5600004196167,11.899999618530273,11.5,11.5,1104000
2007-05-17,8.608799934387207,11.399999618530273,11.84000015258789,11.380000114440918,11.699999809265137,1332000
2007-05-18,8.608799934387207,11.399999618530273,11.5,11.380000114440918,11.399999618530273,508700
2007-05-21,8.835346221923828,11.699999809265137,12.100000381469727,11.399999618530273,11.399999618530273,1170000
2007-05-22,8.774933815002441,11.619999885559082,11.760000228881836,11.600000381469727,11.720000267028809,1078000
2007-05-23,8.904088973999023,11.720000267028809,11.800000190734863,11.5,11.600000381469727,3466000
2007-05-25,9.390318870544434,12.359999656677246,12.680000305175781,11.5,11.5,1700000
2007-05-28,9.876548767089844,13.0,13.300000190734863,12.399999618530273,12.399999618530273,3052000
2007-05-29,10.256416320800781,13.5,13.5,12.880000114440918,13.399999618530273,2892000
2007-05-30,10.256416320800781,13.5,13.800000190734863,13.0,13.199999809265137,588000
2007-05-31,9.906940460205078,13.039999961853027,13.4399995803833,12.960000038146973,12.979999542236328,1312000
2007-06-01,9.572656631469727,12.600000381469727,13.399999618530273,12.5,13.399999618530273,1459744
2007-06-04,9.314345359802246,12.260000228881836,12.899999618530273,12.199999809265137,12.899999618530273,1052000
2007-06-05,9.420708656311035,12.399999618530273,12.979999542236328,12.100000381469727,12.140000343322754,1268000
2007-06-06,9.420708656311035,12.399999618530273,12.899999618530273,12.399999618530273,12.5,2324000
2007-06-07,9.861353874206543,12.979999542236328,12.979999542236328,12.5,12.5,1074000
2007-06-08,9.861353874206543,12.979999542236328,12.979999542236328,12.739999771118164,12.739999771118164,548000
2007-06-11,9.876548767089844,13.0,13.020000457763672,12.920000076293945,12.920000076293945,930000
2007-06-12,9.891743659973145,13.020000457763672,13.199999809265137,12.859999656677246,13.199999809265137,674000
2007-06-13,9.952522277832031,13.100000381469727,13.100000381469727,12.979999542236328,13.039999961853027,151000
2007-06-14,9.876548767089844,13.0,13.119999885559082,13.0,13.100000381469727,300000
2007-06-15,10.028494834899902,13.199999809265137,13.399999618530273,13.020000457763672,13.100000381469727,634000
2007-06-18,10.453948020935059,13.760000228881836,13.779999732971191,13.180000305175781,13.180000305175781,1272000
2007-06-20,10.697062492370605,14.079999923706055,14.380000114440918,13.760000228881836,13.760000228881836,6906000
2007-06-21,10.924983978271484,14.380000114440918,14.5,13.979999542236328,14.020000457763672,3419000
2007-06-22,11.38082504272461,14.979999542236328,14.979999542236328,14.0,14.4399995803833,2003000
2007-06-25,11.244071960449219,14.800000190734863,14.979999542236328,14.0,14.800000190734863,2974000
2007-06-26,11.076930046081543,14.579999923706055,14.899999618530273,14.5600004196167,14.800000190734863,1082000
2007-06-27,10.803424835205078,14.220000267028809,14.5600004196167,14.15999984741211,14.5600004196167,836000
2007-06-28,10.651479721069336,14.020000457763672,14.34000015258789,13.899999618530273,14.199999809265137,3408000
2007-06-29,10.681867599487305,14.0600004196167,14.239999771118164,13.899999618530273,14.0,1569000
2007-07-03,11.775885581970215,15.5,15.800000190734863,14.0600004196167,14.0600004196167,7373792
2007-07-04,11.471990585327148,15.100000381469727,15.5,14.880000114440918,15.5,4740000
2007-07-05,11.623937606811523,15.300000190734863,15.680000305175781,15.199999809265137,15.5,4258080
2007-07-06,11.259264945983887,14.819999694824219,16.0,14.800000190734863,15.300000190734863,3052000
2007-07-09,11.244071960449219,14.800000190734863,15.0,14.699999809265137,14.979999542236328,548000
2007-07-10,11.38082504272461,14.979999542236328,15.100000381469727,14.800000190734863,14.800000190734863,674000
2007-07-11,11.259264945983887,14.819999694824219,14.899999618530273,14.800000190734863,14.899999618530273,978000
2007-07-12,11.396018028259277,15.0,15.399999618530273,14.800000190734863,14.819999694824219,1110000
2007-07-13,11.289653778076172,14.859999656677246,15.279999732971191,14.859999656677246,15.0,3684000
2007-07-16,11.365630149841309,14.960000038146973,14.979999542236328,14.819999694824219,14.859999656677246,740000
2007-07-17,11.92783260345459,15.699999809265137,15.9399995803833,15.020000457763672,15.020000457763672,1750000
2007-07-18,11.912637710571289,15.680000305175781,15.699999809265137,15.5,15.699999809265137,896000
2007-07-19,12.277310371398926,16.15999984741211,16.299999237060547,15.699999809265137,15.699999809265137,1930000
2007-07-20,12.869902610778809,16.940000534057617,17.200000762939453,16.219999313354492,16.219999313354492,2774000
2007-07-23,12.459646224975586,16.399999618530273,16.940000534057617,16.18000030517578,16.940000534057617,1018000
2007-07-24,12.76353931427002,16.799999237060547,16.959999084472656,16.260000228881836,16.399999618530273,1130000
2007-07-25,12.641983032226562,16.639999389648438,16.940000534057617,16.399999618530273,16.780000686645508,564000
2007-07-26,12.535619735717773,16.5,16.639999389648438,16.1200008392334,16.639999389648438,738000
2007-07-27,12.307701110839844,16.200000762939453,16.31999969482422,15.199999809265137,15.199999809265137,2976000
2007-07-30,12.11016845703125,15.9399995803833,16.100000381469727,15.859999656677246,16.100000381469727,2648000
2007-07-31,12.11016845703125,15.9399995803833,15.960000038146973,15.899999618530273,15.920000076293945,1756000
2007-08-01,11.92783260345459,15.699999809265137,15.9399995803833,15.539999961853027,15.899999618530273,2436000
2007-08-02,11.775885581970215,15.5,15.720000267028809,15.0,15.699999809265137,676000
2007-08-03,11.699913024902344,15.399999618530273,15.5,15.260000228881836,15.319999694824219,962000
2007-08-06,11.168097496032715,14.699999809265137,15.100000381469727,14.600000381469727,15.100000381469727,1056610
2007-08-07,10.788229942321777,14.199999809265137,15.020000457763672,14.100000381469727,14.720000267028809,1356000
2007-08-08,10.940176963806152,14.399999618530273,14.520000457763672,13.800000190734863,14.319999694824219,1172000
2007-08-09,11.335240364074707,14.920000076293945,15.039999961853027,14.5,14.5,1498000
2007-08-10,11.016151428222656,14.5,14.699999809265137,14.239999771118164,14.300000190734863,1540000
2007-08-13,10.636282920837402,14.0,14.5,13.979999542236328,14.5,1830000
2007-08-14,10.681867599487305,14.0600004196167,14.100000381469727,14.0,14.079999923706055,780000
2007-08-15,10.484336853027344,13.800000190734863,13.979999542236328,13.420000076293945,13.859999656677246,596000
2007-08-16,9.7094087600708,12.779999732971191,13.680000305175781,12.100000381469727,13.680000305175781,448000
2007-08-17,9.876548767089844,13.0,13.0,10.65999984741211,12.199999809265137,642000
2007-08-20,9.922133445739746,13.0600004196167,13.0600004196167,11.899999618530273,13.0,605513
2007-08-21,9.876548767089844,13.0,13.300000190734863,12.819999694824219,13.300000190734863,557000
2007-08-22,9.542265892028809,12.5600004196167,13.0,12.5600004196167,13.0,364000
2007-08-23,9.952522277832031,13.100000381469727,13.600000381469727,12.920000076293945,13.199999809265137,3258000
2007-08-24,9.876548767089844,13.0,13.100000381469727,12.760000228881836,13.100000381469727,1438000
2007-08-27,10.195638656616211,13.420000076293945,13.699999809265137,13.039999961853027,13.039999961853027,738000
2007-08-28,10.195638656616211,13.420000076293945,13.460000038146973,13.140000343322754,13.460000038146973,1463000
2007-08-29,9.952522277832031,13.100000381469727,13.399999618530273,12.979999542236328,13.300000190734863,1158000
2007-08-30,10.256416320800781,13.5,13.5,13.239999771118164,13.5,128000
2007-08-31,11.092123031616211,14.600000381469727,14.600000381469727,13.199999809265137,13.5,1308000
2007-09-03,10.575504302978516,13.920000076293945,14.600000381469727,13.619999885559082,14.600000381469727,764000
2007-09-04,10.560309410095215,13.899999618530273,14.220000267028809,13.739999771118164,14.199999809265137,461000
2007-09-05,10.545114517211914,13.880000114440918,14.0,13.699999809265137,13.899999618530273,217000
2007-09-06,10.347583770751953,13.619999885559082,13.699999809265137,13.520000457763672,13.699999809265137,312000
2007-09-07,10.332389831542969,13.600000381469727,13.979999542236328,13.520000457763672,13.979999542236328,560000
2007-09-10,10.028494834899902,13.199999809265137,13.5,13.079999923706055,13.460000038146973,992000
2007-09-11,9.952522277832031,13.100000381469727,13.579999923706055,13.100000381469727,13.199999809265137,364000
2007-09-12,10.028494834899902,13.199999809265137,13.300000190734863,12.800000190734863,12.899999618530273,312000
2007-09-13,9.891743659973145,13.020000457763672,13.180000305175781,12.899999618530273,12.920000076293945,50000
2007-09-14,9.61823844909668,12.65999984741211,13.0600004196167,12.579999923706055,13.020000457763672,240000
2007-09-17,8.585000038146973,11.300000190734863,11.899999618530273,10.960000038146973,11.600000381469727,2166000
2007-09-18,8.433053016662598,11.100000381469727,11.300000190734863,10.899999618530273,11.300000190734863,1746000
2007-09-19,8.34188461303711,10.979999542236328,11.199999809265137,10.819999694824219,11.100000381469727,1234000
2007-09-20,8.311494827270508,10.9399995803833,11.020000457763672,10.680000305175781,10.899999618530273,488000
2007-09-21,8.17474365234375,10.760000228881836,10.960000038146973,10.539999961853027,10.539999961853027,1070000
2007-09-24,8.205133438110352,10.800000190734863,11.039999961853027,10.680000305175781,11.039999961853027,1074000
2007-09-25,8.098770141601562,10.65999984741211,10.800000190734863,10.600000381469727,10.779999732971191,308000
2007-09-27,8.18993854522705,10.779999732971191,11.199999809265137,10.539999961853027,10.800000190734863,1238000
2007-09-28,8.220327377319336,10.819999694824219,11.0,10.720000267028809,11.0,1098000
2007-10-02,8.281106948852539,10.899999618530273,11.119999885559082,10.800000190734863,10.899999618530273,528000
2007-10-03,8.03799057006836,10.579999923706055,10.899999618530273,10.520000457763672,10.899999618530273,515963
2007-10-04,7.673319339752197,10.100000381469727,10.359999656677246,10.0600004196167,10.180000305175781,600000
2007-10-05,8.281106948852539,10.899999618530273,10.899999618530273,10.399999618530273,10.399999618530273,148000
2007-10-08,8.29630184173584,10.920000076293945,11.199999809265137,10.600000381469727,10.9399995803833,762000
2007-10-09,8.281106948852539,10.899999618530273,11.0,10.600000381469727,10.899999618530273,1000000
2007-10-10,8.265912055969238,10.880000114440918,11.0,10.5,10.5,184000
2007-10-11,8.554611206054688,11.260000228881836,11.420000076293945,11.0,11.0,1328000
2007-10-12,8.4938325881958,11.180000305175781,11.5,11.15999984741211,11.399999618530273,732000
2007-10-15,8.433053016662598,11.100000381469727,11.180000305175781,10.880000114440918,11.119999885559082,1120000
2007-10-16,8.34188461303711,10.979999542236328,11.100000381469727,10.819999694824219,11.0,474000
2007-10-17,7.901239395141602,10.399999618530273,11.199999809265137,10.380000114440918,11.199999809265137,1031000
2007-10-18,7.673319339752197,10.100000381469727,10.4399995803833,10.100000381469727,10.300000190734863,394000
2007-10-22,7.658123970031738,10.079999923706055,10.319999694824219,10.0,10.020000457763672,1306000
2007-10-23,7.59734582901001,10.0,10.15999984741211,9.680000305175781,10.15999984741211,2544500
2007-10-24,7.589747905731201,9.989999771118164,10.079999923706055,9.4399995803833,10.079999923706055,1192000
2007-10-25,7.513774394989014,9.890000343322754,9.960000038146973,9.779999732971191,9.960000038146973,464000
2007-10-26,7.430203914642334,9.779999732971191,9.829999923706055,9.5,9.800000190734863,308000
2007-10-29,7.141504764556885,9.399999618530273,9.699999809265137,9.25,9.699999809265137,2054000
2007-10-30,7.065531253814697,9.300000190734863,9.460000038146973,9.260000228881836,9.460000038146973,2064000
2007-10-31,6.761636257171631,8.899999618530273,9.300000190734863,8.84000015258789,9.300000190734863,2607000
2007-11-01,6.746442794799805,8.880000114440918,9.100000381469727,8.850000381469727,8.880000114440918,5137000
2007-11-02,6.495731353759766,8.550000190734863,8.899999618530273,8.510000228881836,8.899999618530273,984000
2007-11-05,6.746442794799805,8.880000114440918,8.890000343322754,8.300000190734863,8.5,984000
2007-11-06,6.80722188949585,8.960000038146973,9.130000114440918,8.600000381469727,8.899999618530273,744000
2007-11-07,6.761636257171631,8.899999618530273,9.0,8.699999809265137,8.899999618530273,548000
2007-11-08,7.255465030670166,9.550000190734863,9.670000076293945,8.960000038146973,9.079999923706055,1404000
2007-11-09,7.977212905883789,10.5,10.899999618530273,9.260000228881836,9.649999618530273,1438000
2007-11-12,7.566956043243408,9.960000038146973,10.899999618530273,9.800000190734863,10.899999618530273,692000
2007-11-13,7.521372318267822,9.899999618530273,10.899999618530273,9.699999809265137,9.899999618530273,440000
2007-11-14,7.270660400390625,9.569999694824219,10.100000381469727,9.510000228881836,10.100000381469727,1494000
2007-11-15,6.98955774307251,9.199999809265137,9.699999809265137,9.199999809265137,9.619999885559082,394000
2007-11-16,6.761636257171631,8.899999618530273,9.0,8.760000228881836,9.0,584000
2007-11-19,6.716053009033203,8.84000015258789,8.899999618530273,8.800000190734863,8.899999618530273,216000
2007-11-20,6.495731353759766,8.550000190734863,8.800000190734863,8.550000190734863,8.800000190734863,868000
2007-11-21,6.4577436447143555,8.5,8.649999618530273,8.5,8.619999885559082,634000
2007-11-22,6.609690189361572,8.699999809265137,8.699999809265137,8.34000015258789,8.420000076293945,542000
2007-11-23,6.662871837615967,8.770000457763672,8.779999732971191,8.609999656677246,8.699999809265137,312000
2007-11-26,6.427353858947754,8.460000038146973,8.6899995803833,8.380000114440918,8.600000381469727,642000
2007-11-27,6.275407314300537,8.260000228881836,8.579999923706055,8.260000228881836,8.369999885559082,954000
2007-11-28,6.260212421417236,8.239999771118164,8.529999732971191,8.149999618530273,8.260000228881836,436000
2007-11-29,6.343783855438232,8.350000381469727,8.5,8.199999809265137,8.399999618530273,1404000
2007-11-30,6.503327369689941,8.5600004196167,8.680000305175781,8.350000381469727,8.350000381469727,402000
2007-12-03,6.602092266082764,8.6899995803833,8.819999694824219,8.449999809265137,8.649999618530273,197000
2007-12-04,6.533716678619385,8.600000381469727,8.600000381469727,8.5,8.600000381469727,318000
2007-12-05,6.647677898406982,8.75,8.819999694824219,8.65999984741211,8.699999809265137,256000
2007-12-06,6.609690189361572,8.699999809265137,8.75,8.579999923706055,8.75,292000
2007-12-07,6.434951305389404,8.470000267028809,8.789999961853027,8.350000381469727,8.5,554000
2007-12-10,6.4577436447143555,8.5,8.5,8.319999694824219,8.460000038146973,310732
2007-12-11,6.275407314300537,8.260000228881836,8.600000381469727,8.199999809265137,8.600000381469727,1256000
2007-12-12,6.176641464233398,8.130000114440918,8.25,8.100000381469727,8.210000038146973,380000
2007-12-13,6.19943380355835,8.15999984741211,8.210000038146973,8.130000114440918,8.130000114440918,1164000
2007-12-14,6.077877044677734,8.0,8.1899995803833,7.800000190734863,8.180000305175781,1446000
2007-12-17,5.925929546356201,7.800000190734863,8.100000381469727,6.5,8.100000381469727,406000
2007-12-18,5.872747898101807,7.730000019073486,7.820000171661377,7.730000019073486,7.800000190734863,174000
2007-12-19,5.925929546356201,7.800000190734863,8.0,7.699999809265137,7.800000190734863,290000
2007-12-20,5.925929546356201,7.800000190734863,7.980000019073486,7.570000171661377,7.800000190734863,268000
2007-12-21,5.925929546356201,7.800000190734863,7.800000190734863,7.610000133514404,7.699999809265137,216000
2007-12-24,5.918332099914551,7.789999961853027,7.800000190734863,7.78000020980835,7.78000020980835,40000
2007-12-27,5.728398323059082,7.539999961853027,7.800000190734863,7.519999980926514,7.800000190734863,529000
2007-12-28,5.925929546356201,7.800000190734863,7.800000190734863,7.5,7.550000190734863,86000
2007-12-31,5.925929546356201,7.800000190734863,7.840000152587891,7.510000228881836,7.78000020980835,2251600
2008-01-02,5.849956512451172,7.699999809265137,7.900000095367432,7.699999809265137,7.900000095367432,74000
2008-01-03,5.971513748168945,7.860000133514404,7.900000095367432,7.699999809265137,7.699999809265137,384000
2008-01-04,5.963916301727295,7.849999904632568,7.909999847412109,7.849999904632568,7.900000095367432,626000
2008-01-07,5.99430513381958,7.889999866485596,7.949999809265137,7.699999809265137,7.949999809265137,166000
2008-01-08,6.001903057098389,7.900000095367432,8.079999923706055,7.889999866485596,8.050000190734863,1404000
2008-01-09,6.017097473144531,7.920000076293945,7.949999809265137,7.800000190734863,7.949999809265137,342000
2008-01-10,6.039889335632324,7.949999809265137,8.0,7.760000228881836,7.760000228881836,400000
2008-01-11,5.925929546356201,7.800000190734863,7.860000133514404,7.800000190734863,7.820000171661377,54000
2008-01-14,5.773982524871826,7.599999904632568,7.699999809265137,7.510000228881836,7.699999809265137,194000
2008-01-15,5.773982524871826,7.599999904632568,7.659999847412109,7.5,7.610000133514404,310000
2008-01-16,5.584048748016357,7.349999904632568,7.599999904632568,7.110000133514404,7.599999904632568,602000
2008-01-17,5.622035980224609,7.400000095367432,7.400000095367432,7.300000190734863,7.300000190734863,662000
2008-01-18,5.394114971160889,7.099999904632568,7.550000190734863,6.599999904632568,7.5,208000
2008-01-21,5.318141460418701,7.0,7.210000038146973,7.0,7.0,318000
2008-01-22,5.166194915771484,6.800000190734863,7.0,6.0,7.0,468000
2008-01-23,5.0902204513549805,6.699999809265137,7.050000190734863,6.5,7.0,486000
2008-01-24,4.938274383544922,6.5,6.650000095367432,6.300000190734863,6.599999904632568,488000
2008-01-25,5.113012790679932,6.730000019073486,6.900000095367432,6.519999980926514,6.519999980926514,278000
2008-01-28,4.983859062194824,6.559999942779541,7.400000095367432,6.460000038146973,6.909999847412109,388000
2008-01-29,5.135805606842041,6.760000228881836,6.929999828338623,6.53000020980835,6.53000020980835,195800
2008-01-30,5.242168426513672,6.900000095367432,6.900000095367432,6.869999885559082,6.900000095367432,1092000
2008-01-31,5.287752151489258,6.960000038146973,6.960000038146973,6.699999809265137,6.900000095367432,315000
2008-02-01,5.318141460418701,7.0,7.119999885559082,6.150000095367432,7.099999904632568,508000
2008-02-04,5.394114971160889,7.099999904632568,7.130000114440918,6.800000190734863,7.0,346000
2008-02-05,5.3029465675354,6.980000019073486,7.099999904632568,6.909999847412109,7.099999904632568,208000
2008-02-06,5.3029465675354,6.980000019073486,7.079999923706055,6.980000019073486,7.079999923706055,40000
2008-02-11,5.242168426513672,6.900000095367432,7.0,6.769999980926514,7.0,721600
2008-02-12,4.938274383544922,6.5,6.699999809265137,6.5,6.699999809265137,88000
2008-02-13,4.923079967498779,6.480000019073486,6.590000152587891,6.260000228881836,6.5,120000
2008-02-14,5.014247417449951,6.599999904632568,6.699999809265137,6.5,6.5,150000
2008-02-15,5.1054158210754395,6.71999979019165,6.800000190734863,6.599999904632568,6.599999904632568,92000
2008-02-18,5.0902204513549805,6.699999809265137,6.760000228881836,6.650000095367432,6.760000228881836,386000
2008-02-19,4.938274383544922,6.5,6.699999809265137,6.5,6.690000057220459,244000
2008-02-20,4.961066722869873,6.53000020980835,6.690000057220459,6.5,6.559999942779541,648000
2008-02-21,4.695159435272217,6.179999828338623,6.552000045776367,6.170000076293945,6.552000045776367,734000
2008-02-22,4.786328315734863,6.300000190734863,6.420000076293945,6.199999809265137,6.199999809265137,116000
2008-02-25,4.8547043800354,6.389999866485596,6.480000019073486,6.349999904632568,6.369999885559082,550000
2008-02-26,4.8547043800354,6.389999866485596,6.5,6.360000133514404,6.380000114440918,820000
2008-02-27,4.8395094871521,6.369999885559082,6.46999979019165,6.369999885559082,6.400000095367432,745592
2008-02-28,4.786328315734863,6.300000190734863,6.369999885559082,6.300000190734863,6.369999885559082,112000
2008-02-29,4.862300872802734,6.400000095367432,6.599999904632568,6.300000190734863,6.400000095367432,510000
2008-03-03,4.748340129852295,6.25,6.389999866485596,6.230000019073486,6.389999866485596,156000
2008-03-04,4.717950820922852,6.210000038146973,6.300000190734863,6.199999809265137,6.300000190734863,162000
2008-03-05,4.641977787017822,6.110000133514404,6.400000095367432,6.0,6.400000095367432,448000
2008-03-06,4.5963945388793945,6.050000190734863,6.199999809265137,6.0,6.199999809265137,396000
2008-03-07,4.497628688812256,5.920000076293945,6.0,5.820000171661377,6.0,168000
2008-03-10,4.406460285186768,5.800000190734863,5.800000190734863,5.699999809265137,5.800000190734863,142000
2008-03-11,4.330487251281738,5.699999809265137,5.78000020980835,5.699999809265137,5.78000020980835,68000
2008-03-12,4.269708156585693,5.619999885559082,5.699999809265137,5.550000190734863,5.550000190734863,32000
2008-03-13,4.178539752960205,5.5,5.599999904632568,5.400000095367432,5.599999904632568,38000
2008-03-14,3.8138668537139893,5.019999980926514,5.03000020980835,4.900000095367432,5.03000020980835,148000
2008-03-17,3.8594515323638916,5.079999923706055,5.099999904632568,5.0,5.0,190000
2008-03-18,3.798672914505005,5.0,5.099999904632568,4.849999904632568,5.099999904632568,478000
2008-03-19,3.8062703609466553,5.010000228881836,5.019999980926514,4.949999809265137,5.0,844000
2008-03-20,3.631531238555908,4.78000020980835,5.0,4.699999809265137,5.0,524000
2008-03-25,3.608739137649536,4.75,4.809999942779541,4.679999828338623,4.809999942779541,1262000
2008-03-26,3.631531238555908,4.78000020980835,4.940000057220459,4.739999771118164,4.940000057220459,1158000
2008-03-27,3.608739137649536,4.75,4.78000020980835,4.690000057220459,4.75,1099963
2008-03-28,3.4188053607940674,4.5,4.75,4.5,4.730000019073486,852000
2008-03-31,3.646726131439209,4.800000190734863,4.800000190734863,4.71999979019165,4.730000019073486,426000
2008-04-01,3.5783498287200928,4.710000038146973,4.800000190734863,4.699999809265137,4.75,322000
2008-04-02,3.5783498287200928,4.710000038146973,4.820000171661377,4.710000038146973,4.800000190734863,484000
2008-04-03,3.646726131439209,4.800000190734863,4.880000114440918,4.760000228881836,4.78000020980835,1244000
2008-04-07,3.9658143520355225,5.21999979019165,5.389999866485596,4.809999942779541,4.829999923706055,1184000
2008-04-08,3.783478021621704,4.980000019073486,5.400000095367432,4.900000095367432,5.309999942779541,2280000
2008-04-09,3.646726131439209,4.800000190734863,5.119999885559082,4.690000057220459,5.119999885559082,1096000
2008-04-10,3.7226991653442383,4.900000095367432,4.980000019073486,4.809999942779541,4.860000133514404,224000
2008-04-11,3.798672914505005,5.0,5.03000020980835,4.849999904632568,4.980000019073486,896000
2008-04-14,3.623933792114258,4.769999980926514,4.929999828338623,4.71999979019165,4.929999828338623,372000
2008-04-15,3.623933792114258,4.769999980926514,4.889999866485596,4.639999866485596,4.800000190734863,878000
2008-04-16,3.5707523822784424,4.699999809265137,4.849999904632568,4.650000095367432,4.650000095367432,592000
2008-04-17,3.5707523822784424,4.699999809265137,4.75,4.489999771118164,4.650000095367432,1098000
2008-04-18,3.5099735260009766,4.619999885559082,4.690000057220459,4.480000019073486,4.690000057220459,334000
2008-04-21,3.4871814250946045,4.590000152587891,4.800000190734863,4.590000152587891,4.659999847412109,1678000
2008-04-22,3.5327656269073486,4.650000095367432,4.75,4.5,4.650000095367432,330000
2008-04-23,3.5859475135803223,4.71999979019165,4.849999904632568,4.599999904632568,4.599999904632568,1484000
2008-04-24,3.623933792114258,4.769999980926514,4.849999904632568,4.739999771118164,4.800000190734863,2134000
2008-04-25,3.5783498287200928,4.710000038146973,4.800000190734863,4.699999809265137,4.769999980926514,1266000
2008-04-28,3.6999073028564453,4.869999885559082,4.949999809265137,4.71999979019165,4.71999979019165,2188000
2008-04-29,3.8822436332702637,5.110000133514404,5.210000038146973,4.889999866485596,4.900000095367432,5848000
2008-04-30,3.783478021621704,4.980000019073486,5.449999809265137,4.960000038146973,5.119999885559082,3992000
2008-05-02,3.8062703609466553,5.010000228881836,5.159999847412109,4.880000114440918,4.980000019073486,10124000
2008-05-05,4.041787624359131,5.320000171661377,5.329999923706055,5.079999923706055,5.079999923706055,2628000
2008-05-06,3.760686159133911,4.949999809265137,5.320000171661377,4.940000057220459,5.320000171661377,12298000
2008-05-07,3.8062703609466553,5.010000228881836,5.28000020980835,4.949999809265137,5.28000020980835,4698000
2008-05-08,3.798672914505005,5.0,5.0,4.920000076293945,4.980000019073486,3842000
2008-05-09,3.798672914505005,5.0,5.03000020980835,4.96999979019165,5.0,1082000
2008-05-13,3.783261775970459,4.909999847412109,4.989999771118164,4.900000095367432,4.989999771118164,446000
2008-05-14,3.783261775970459,4.909999847412109,4.909999847412109,4.800000190734863,4.880000114440918,564000
2008-05-15,3.69850492477417,4.800000190734863,4.929999828338623,4.800000190734863,4.929999828338623,1702000
2008-05-16,3.621452808380127,4.699999809265137,4.880000114440918,4.690000057220459,4.809999942779541,480000
2008-05-19,3.7062103748321533,4.809999942779541,4.929999828338623,4.659999847412109,4.75,586000
2008-05-20,3.69850492477417,4.800000190734863,4.849999904632568,4.699999809265137,4.809999942779541,382000
2008-05-21,3.644568681716919,4.730000019073486,4.840000152587891,4.599999904632568,4.599999904632568,362000
2008-05-22,3.5598108768463135,4.619999885559082,4.699999809265137,4.599999904632568,4.659999847412109,622000
2008-05-23,3.5675160884857178,4.630000114440918,4.639999866485596,4.510000228881836,4.639999866485596,144000
2008-05-26,3.528989791870117,4.579999923706055,4.699999809265137,4.519999980926514,4.699999809265137,362000
2008-05-27,3.644568681716919,4.730000019073486,4.730000019073486,4.610000133514404,4.610000133514404,480000
2008-05-28,3.75244140625,4.869999885559082,4.900000095367432,4.650000095367432,4.650000095367432,602000
2008-05-29,3.7986721992492676,4.929999828338623,5.059999942779541,4.75,5.059999942779541,692000
2008-05-30,3.8140830993652344,4.949999809265137,4.980000019073486,4.929999828338623,4.96999979019165,1872000
2008-06-02,3.7986721992492676,4.929999828338623,4.949999809265137,4.699999809265137,4.949999809265137,242000
2008-06-03,3.7909669876098633,4.920000076293945,4.920000076293945,4.730000019073486,4.730000019073486,48000
2008-06-04,3.775557041168213,4.900000095367432,4.900000095367432,4.75,4.75,130000
2008-06-05,3.7909669876098633,4.920000076293945,4.920000076293945,4.800000190734863,4.800000190734863,270000
2008-06-06,3.7909669876098633,4.920000076293945,4.949999809265137,4.809999942779541,4.809999942779541,182000
2008-06-10,3.7678518295288086,4.889999866485596,4.900000095367432,4.699999809265137,4.699999809265137,236000
2008-06-11,3.75244140625,4.869999885559082,4.880000114440918,4.809999942779541,4.820000171661377,540000
2008-06-12,3.667684316635132,4.760000228881836,4.860000133514404,4.599999904632568,4.860000133514404,518000
2008-06-13,3.590632200241089,4.659999847412109,4.710000038146973,4.650000095367432,4.710000038146973,218000
2008-06-16,3.621452808380127,4.699999809265137,4.699999809265137,4.539999961853027,4.550000190734863,660000
2008-06-17,3.621452808380127,4.699999809265137,4.75,4.550000190734863,4.599999904632568,222000
2008-06-18,3.69850492477417,4.800000190734863,4.849999904632568,4.699999809265137,4.699999809265137,356000
2008-06-19,3.7986721992492676,4.929999828338623,4.929999828338623,4.71999979019165,4.730000019073486,360000
2008-06-20,3.6830945014953613,4.78000020980835,4.78000020980835,4.75,4.75,4000
2008-06-23,3.5521059036254883,4.610000133514404,4.78000020980835,4.570000171661377,4.78000020980835,246000
2008-06-24,3.398000955581665,4.409999847412109,4.699999809265137,4.400000095367432,4.5,448000
2008-06-25,3.4057064056396484,4.420000076293945,4.619999885559082,4.380000114440918,4.599999904632568,596000
2008-06-26,3.320949077606201,4.309999942779541,4.559999942779541,4.300000190734863,4.420000076293945,738000
2008-06-27,3.3055386543273926,4.289999961853027,4.320000171661377,4.099999904632568,4.099999904632568,358000
2008-06-30,3.421117067337036,4.440000057220459,4.599999904632568,4.199999809265137,4.400000095367432,846000
2008-07-02,3.3517699241638184,4.349999904632568,4.400000095367432,4.300000190734863,4.349999904632568,506000
2008-07-03,3.2284862995147705,4.190000057220459,4.28000020980835,4.099999904632568,4.230000019073486,826000
2008-07-04,3.082087516784668,4.0,4.139999866485596,3.930000066757202,4.099999904632568,1656000
2008-07-07,2.9742143154144287,3.859999895095825,4.0,3.859999895095825,3.9200000762939453,1282000
2008-07-08,3.005035161972046,3.9000000953674316,4.079999923706055,3.75,4.0,13246000
2008-07-09,2.904867172241211,3.7699999809265137,3.859999895095825,3.680000066757202,3.799999952316284,1342000
2008-07-10,2.781583786010742,3.609999895095825,3.7699999809265137,3.4800000190734863,3.7699999809265137,978000
2008-07-11,2.696826219558716,3.5,3.5999999046325684,3.369999885559082,3.5,3803350
2008-07-14,2.6583001613616943,3.450000047683716,3.5199999809265137,3.369999885559082,3.5,268000
2008-07-15,2.59665846824646,3.369999885559082,3.430000066757202,3.369999885559082,3.390000104904175,304000
2008-07-16,2.54272198677063,3.299999952316284,3.390000104904175,3.200000047683716,3.3499999046325684,788000
2008-07-17,2.5041961669921875,3.25,3.359999895095825,3.1500000953674316,3.3499999046325684,754000
2008-07-18,2.434849262237549,3.1600000858306885,3.200000047683716,3.119999885559082,3.200000047683716,1088000
2008-07-21,2.4271442890167236,3.1500000953674316,3.259999990463257,3.1500000953674316,3.259999990463257,900000
2008-07-22,2.4040279388427734,3.119999885559082,3.299999952316284,3.0999999046325684,3.1500000953674316,2204000
2008-07-23,2.4194388389587402,3.140000104904175,3.299999952316284,3.119999885559082,3.119999885559082,894000
2008-07-24,2.4271442890167236,3.1500000953674316,3.259999990463257,3.1500000953674316,3.1500000953674316,936000
2008-07-25,2.4502594470977783,3.180000066757202,3.25,3.0999999046325684,3.25,374000
2008-07-28,2.365502119064331,3.069999933242798,3.1600000858306885,3.0199999809265137,3.130000114440918,338000
2008-07-29,2.265334129333496,2.940000057220459,3.069999933242798,2.819999933242798,3.069999933242798,686000
2008-07-30,2.342386245727539,3.0399999618530273,3.0999999046325684,2.9200000762939453,2.9800000190734863,188000
2008-07-31,2.3269762992858887,3.0199999809265137,3.049999952316284,2.940000057220459,2.9700000286102295,74000
2008-08-01,2.242218494415283,2.9100000858306885,3.1500000953674316,2.8499999046325684,3.0899999141693115,882000
2008-08-04,2.3500914573669434,3.049999952316284,3.0899999141693115,3.049999952316284,3.0899999141693115,22000
2008-08-05,2.219102621078491,2.880000114440918,3.0399999618530273,2.880000114440918,3.0399999618530273,38000
2008-08-06,2.219102621078491,2.880000114440918,2.880000114440918,2.880000114440918,2.880000114440918,0
2008-08-07,2.188282012939453,2.8399999141693115,3.049999952316284,2.799999952316284,3.0,522000
2008-08-08,2.003356695175171,2.5999999046325684,2.9000000953674316,2.569999933242798,2.799999952316284,1394000
2008-08-11,1.9648308753967285,2.549999952316284,2.5999999046325684,2.490000009536743,2.5399999618530273,730000
2008-08-12,1.8569574356079102,2.4100000858306885,2.680000066757202,2.4100000858306885,2.680000066757202,0
2008-08-13,1.9263046979904175,2.5,2.5,2.309999942779541,2.309999942779541,224000
2008-08-14,2.0495879650115967,2.6600000858306885,2.680000066757202,2.450000047683716,2.5,264000
2008-08-15,1.9494199752807617,2.5299999713897705,2.549999952316284,2.509999990463257,2.549999952316284,246000
2008-08-18,2.003356695175171,2.5999999046325684,2.640000104904175,2.5399999618530273,2.5999999046325684,76000
2008-08-19,1.8877785205841064,2.450000047683716,2.75,2.450000047683716,2.75,36000
2008-08-20,1.9185993671417236,2.490000009536743,2.490000009536743,2.490000009536743,2.490000009536743,4000
2008-08-21,1.9340095520019531,2.509999990463257,2.509999990463257,2.509999990463257,2.509999990463257,34000
2008-08-22,1.9340095520019531,2.509999990463257,2.509999990463257,2.509999990463257,2.509999990463257,0
2008-08-25,1.9108943939208984,2.4800000190734863,2.619999885559082,2.450000047683716,2.5,58000
2008-08-26,1.8954834938049316,2.4600000381469727,2.5899999141693115,2.4600000381469727,2.5,210000
2008-08-27,2.003356695175171,2.5999999046325684,2.640000104904175,2.5799999237060547,2.5799999237060547,112000
2008-08-28,1.8800734281539917,2.440000057220459,2.5,2.380000114440918,2.5,494000
2008-08-29,2.003356695175171,2.5999999046325684,2.5999999046325684,2.490000009536743,2.5,478000
2008-09-01,1.8646631240844727,2.4200000762939453,2.430000066757202,2.4200000762939453,2.430000066757202,6000
2008-09-02,1.8646631240844727,2.4200000762939453,2.4600000381469727,2.3499999046325684,2.4600000381469727,76000
2008-09-03,1.8646631240844727,2.4200000762939453,2.4200000762939453,2.319999933242798,2.3299999237060547,38000
2008-09-04,1.7644948959350586,2.2899999618530273,2.2899999618530273,2.2899999618530273,2.2899999618530273,4000
2008-09-05,1.6797378063201904,2.180000066757202,2.2300000190734863,2.180000066757202,2.2200000286102295,88000
2008-09-08,1.8107264041900635,2.3499999046325684,2.3499999046325684,2.3499999046325684,2.3499999046325684,10000
2008-09-09,1.7413792610168457,2.259999990463257,2.3499999046325684,2.180000066757202,2.3499999046325684,104000
2008-09-10,1.6180957555770874,2.0999999046325684,2.259999990463257,2.0999999046325684,2.200000047683716,371000
2008-09-11,1.7182637453079224,2.2300000190734863,2.2300000190734863,2.0299999713897705,2.0999999046325684,252000
2008-09-12,1.7799054384231567,2.309999942779541,2.3499999046325684,2.2300000190734863,2.2300000190734863,318000
2008-09-16,1.8184317350387573,2.359999895095825,2.359999895095825,2.240000009536743,2.3499999046325684,1152000
2008-09-17,1.7644948959350586,2.2899999618530273,2.5,2.200000047683716,2.5,934000
2008-09-18,1.772200345993042,2.299999952316284,2.359999895095825,2.0799999237060547,2.0999999046325684,706000
2008-09-19,2.080409049987793,2.700000047683716,2.700000047683716,2.200000047683716,2.2799999713897705,248000
2008-09-22,1.849252462387085,2.4000000953674316,2.690000057220459,2.4000000953674316,2.690000057220459,0
2008-09-23,2.0727038383483887,2.690000057220459,2.690000057220459,2.690000057220459,2.690000057220459,42000
2008-09-24,2.0649983882904053,2.680000066757202,2.690000057220459,2.6700000762939453,2.690000057220459,26000
2008-09-25,2.026472568511963,2.630000114440918,2.819999933242798,2.630000114440918,2.7200000286102295,74000
2008-09-26,1.7876107692718506,2.319999933242798,2.569999933242798,2.2300000190734863,2.569999933242798,430000
2008-09-29,1.695148229598999,2.200000047683716,2.319999933242798,2.109999895095825,2.319999933242798,258000
2008-09-30,1.849252462387085,2.4000000953674316,2.4000000953674316,1.909999966621399,2.0799999237060547,218000
2008-10-02,1.6566219329833984,2.1500000953674316,2.2300000190734863,2.109999895095825,2.109999895095825,294000
2008-10-03,1.6566219329833984,2.1500000953674316,2.1500000953674316,2.049999952316284,2.0999999046325684,354000
2008-10-06,1.6180957555770874,2.0999999046325684,2.1500000953674316,2.0999999046325684,2.140000104904175,462000
2008-10-08,1.5564541816711426,2.0199999809265137,2.119999885559082,2.0199999809265137,2.049999952316284,838000
2008-10-09,1.5564541816711426,2.0199999809265137,2.049999952316284,1.9600000381469727,2.049999952316284,816000
2008-10-10,1.4639915227890015,1.899999976158142,1.9500000476837158,1.7000000476837158,1.9500000476837158,396000
2008-10-13,1.4562861919403076,1.8899999856948853,1.9199999570846558,1.7999999523162842,1.7999999523162842,5000
2008-10-14,1.348413109779358,1.75,1.8799999952316284,1.75,1.8300000429153442,506000
2008-10-15,1.248245358467102,1.6200000047683716,1.75,1.5499999523162842,1.75,326000
2008-10-16,1.0402045249938965,1.350000023841858,1.6200000047683716,1.2599999904632568,1.6200000047683716,740000
2008-10-17,1.0402045249938965,1.350000023841858,1.3799999952316284,1.2799999713897705,1.350000023841858,502000
2008-10-20,0.9939730167388916,1.2899999618530273,1.3899999856948853,1.25,1.3300000429153442,774000
2008-10-21,0.9246262311935425,1.2000000476837158,1.309999942779541,1.100000023841858,1.2000000476837158,2351000
2008-10-22,0.8398689031600952,1.090000033378601,1.1100000143051147,1.0800000429153442,1.1100000143051147,1374000
2008-10-23,0.770521879196167,1.0,1.0499999523162842,0.9900000095367432,1.0399999618530273,1060000
2008-10-24,0.6164175271987915,0.800000011920929,1.0,0.7200000286102295,0.9800000190734863,4546000
2008-10-27,0.6703540086746216,0.8700000047683716,1.600000023841858,0.8700000047683716,1.0,426000
2008-10-28,0.6780592203140259,0.8799999952316284,0.9399999976158142,0.8600000143051147,0.8700000047683716,74000
2008-10-29,0.739700973033905,0.9599999785423279,1.0800000429153442,0.8999999761581421,0.9100000262260437,870000
2008-10-30,0.7782270908355713,1.0099999904632568,1.090000033378601,0.9800000190734863,1.0700000524520874,284000
2008-10-31,0.770521879196167,1.0,1.149999976158142,1.0,1.100000023841858,3127000
2008-11-03,0.8475741147994995,1.100000023841858,1.1100000143051147,1.0099999904632568,1.090000033378601,451000
2008-11-04,1.0016783475875854,1.2999999523162842,1.4900000095367432,1.100000023841858,1.100000023841858,242000
2008-11-05,1.0402045249938965,1.350000023841858,1.5,1.2999999523162842,1.3899999856948853,798090
2008-11-06,0.9785628318786621,1.2699999809265137,1.3700000047683716,1.2599999904632568,1.2999999523162842,606000
2008-11-07,1.0324991941452026,1.340000033378601,1.350000023841858,1.149999976158142,1.2699999809265137,72000
2008-11-10,1.1634881496429443,1.5099999904632568,1.659999966621399,1.399999976158142,1.5,296000
2008-11-11,1.1480776071548462,1.4900000095367432,1.7000000476837158,1.4900000095367432,1.600000023841858,792000
2008-11-12,1.1480776071548462,1.4900000095367432,1.4900000095367432,1.440000057220459,1.4500000476837158,30000
2008-11-13,1.132667064666748,1.4700000286102295,1.4800000190734863,1.3600000143051147,1.4800000190734863,18000
2008-11-14,1.0479098558425903,1.3600000143051147,1.4700000286102295,1.350000023841858,1.4500000476837158,522000
2008-11-17,1.0093835592269897,1.309999942779541,1.5,1.2799999713897705,1.2999999523162842,240000
2008-11-18,0.9246262311935425,1.2000000476837158,1.2999999523162842,1.2000000476837158,1.2999999523162842,194000
2008-11-19,0.9092158675193787,1.1799999475479126,1.2000000476837158,1.149999976158142,1.2000000476837158,228000
2008-11-20,0.8706896305084229,1.1299999952316284,1.1699999570846558,1.1200000047683716,1.149999976158142,372000
2008-11-21,0.9631523489952087,1.25,1.25,1.100000023841858,1.100000023841858,410000
2008-11-24,0.8629845380783081,1.1200000047683716,1.1200000047683716,1.100000023841858,1.100000023841858,382000
2008-11-25,0.886100172996521,1.149999976158142,1.149999976158142,1.149999976158142,1.149999976158142,435000
2008-11-26,0.886100172996521,1.149999976158142,1.1799999475479126,1.1399999856948853,1.149999976158142,996000
2008-11-27,0.855279266834259,1.1100000143051147,1.1799999475479126,1.1100000143051147,1.1799999475479126,1508000
2008-11-28,0.8475741147994995,1.100000023841858,1.1399999856948853,1.0499999523162842,1.1100000143051147,1874000
2008-12-01,0.8321635127067566,1.0800000429153442,1.100000023841858,1.0,1.100000023841858,2286000
2008-12-02,0.8013427257537842,1.0399999618530273,1.0800000429153442,1.0399999618530273,1.0800000429153442,696000
2008-12-03,0.816753089427948,1.059999942779541,1.100000023841858,1.0,1.059999942779541,1780000
2008-12-04,0.8090478777885437,1.0499999523162842,1.0800000429153442,1.0499999523162842,1.0700000524520874,1418000
2008-12-05,0.886100172996521,1.149999976158142,1.149999976158142,1.0399999618530273,1.0499999523162842,1426000
2008-12-08,0.9785628318786621,1.2699999809265137,1.309999942779541,1.149999976158142,1.2000000476837158,764000
2008-12-09,0.9477417469024658,1.2300000190734863,1.350000023841858,1.149999976158142,1.2999999523162842,1496230
2008-12-10,1.0016783475875854,1.2999999523162842,1.3200000524520874,1.2400000095367432,1.2799999713897705,1385000
2008-12-11,1.078730583190918,1.399999976158142,1.4199999570846558,1.2799999713897705,1.2999999523162842,5274000
2008-12-12,1.0247939825057983,1.3300000429153442,1.399999976158142,1.2699999809265137,1.399999976158142,1658000
2008-12-15,1.0402045249938965,1.350000023841858,1.399999976158142,1.309999942779541,1.399999976158142,1078000
2008-12-16,1.0247939825057983,1.3300000429153442,1.3799999952316284,1.2899999618530273,1.3799999952316284,988000
2008-12-17,1.0402045249938965,1.350000023841858,1.4199999570846558,1.3200000524520874,1.340000033378601,8432000
2008-12-18,1.248245358467102,1.6200000047683716,1.6699999570846558,1.3200000524520874,1.4199999570846558,14781013
2008-12-19,1.3792341947555542,1.7899999618530273,1.8799999952316284,1.5499999523162842,1.659999966621399,7364000
2008-12-22,1.309887170791626,1.7000000476837158,1.9199999570846558,1.6299999952316284,1.8799999952316284,6128000
2008-12-23,1.232835054397583,1.600000023841858,1.6799999475479126,1.559999942779541,1.6799999475479126,1070000
2008-12-24,1.271360993385315,1.649999976158142,1.7000000476837158,1.6100000143051147,1.6100000143051147,430000
2008-12-29,1.271360993385315,1.649999976158142,1.7699999809265137,1.6100000143051147,1.6100000143051147,1144000
2008-12-30,1.271360993385315,1.649999976158142,1.7000000476837158,1.6399999856948853,1.6799999475479126,1096000
2008-12-31,1.2559508085250854,1.6299999952316284,1.7000000476837158,1.6299999952316284,1.6399999856948853,500000
2009-01-02,1.2790662050247192,1.659999966621399,1.8300000429153442,1.600000023841858,1.6100000143051147,404000
2009-01-05,1.4948123693466187,1.940000057220459,1.9500000476837158,1.690000057220459,1.7999999523162842,2108000
2009-01-06,1.4639915227890015,1.899999976158142,2.0299999713897705,1.899999976158142,1.9800000190734863,778000
2009-01-07,1.4408760070800781,1.8700000047683716,1.9199999570846558,1.809999942779541,1.8899999856948853,846000
2009-01-08,1.3407080173492432,1.7400000095367432,1.8700000047683716,1.7100000381469727,1.8700000047683716,590000
2009-01-09,1.3561184406280518,1.7599999904632568,1.7999999523162842,1.7400000095367432,1.7400000095367432,156000
2009-01-12,1.2944766283035278,1.6799999475479126,1.7100000381469727,1.6799999475479126,1.7100000381469727,160000
2009-01-13,1.232835054397583,1.600000023841858,1.6699999570846558,1.600000023841858,1.649999976158142,502000
2009-01-14,1.2636559009552002,1.6399999856948853,1.659999966621399,1.6299999952316284,1.6299999952316284,190000
2009-01-15,1.1788982152938843,1.5299999713897705,1.6399999856948853,1.5199999809265137,1.6399999856948853,202000
2009-01-16,1.1557828187942505,1.5,1.590000033378601,1.5,1.590000033378601,220000
2009-01-19,1.1557828187942505,1.5,1.7899999618530273,1.5,1.5499999523162842,780000
2009-01-20,1.2097194194793701,1.5700000524520874,1.600000023841858,1.4900000095367432,1.5,404000
2009-01-21,1.1480776071548462,1.4900000095367432,1.5399999618530273,1.4900000095367432,1.5399999618530273,202000
2009-01-22,1.1866035461425781,1.5399999618530273,1.5399999618530273,1.5199999809265137,1.5399999618530273,262000
2009-01-23,1.1480776071548462,1.4900000095367432,1.5,1.4800000190734863,1.5,590000
2009-01-29,1.1943087577819824,1.5499999523162842,1.5499999523162842,1.5499999523162842,1.5499999523162842,22000
2009-01-30,1.2097194194793701,1.5700000524520874,1.5800000429153442,1.5700000524520874,1.5700000524520874,144000
2009-02-02,1.2097194194793701,1.5700000524520874,1.6799999475479126,1.5700000524520874,1.590000033378601,38000
2009-02-03,1.232835054397583,1.600000023841858,1.600000023841858,1.5,1.559999942779541,316000
2009-02-04,1.232835054397583,1.600000023841858,1.600000023841858,1.600000023841858,1.600000023841858,832500
2009-02-05,1.2559508085250854,1.6299999952316284,1.75,1.600000023841858,1.600000023841858,496000
2009-02-06,1.348413109779358,1.75,1.7599999904632568,1.6299999952316284,1.6299999952316284,462000
2009-02-09,1.348413109779358,1.75,1.75,1.6799999475479126,1.6799999475479126,45000
2009-02-10,1.3946444988250732,1.809999942779541,1.8799999952316284,1.75,1.75,1398000
2009-02-11,1.3869391679763794,1.7999999523162842,1.8600000143051147,1.7999999523162842,1.8600000143051147,430000
2009-02-12,1.348413109779358,1.75,1.8799999952316284,1.7000000476837158,1.7000000476837158,165000
2009-02-13,1.3869391679763794,1.7999999523162842,1.7999999523162842,1.690000057220459,1.75,4386000
2009-02-16,1.348413109779358,1.75,1.75,1.75,1.75,184000
2009-02-17,1.3561184406280518,1.7599999904632568,1.8200000524520874,1.7000000476837158,1.7999999523162842,4056000
2009-02-18,1.348413109779358,1.75,1.7699999809265137,1.7400000095367432,1.7599999904632568,2722000
2009-02-19,1.348413109779358,1.75,1.7699999809265137,1.7200000286102295,1.7400000095367432,1302000
2009-02-20,1.348413109779358,1.75,1.7599999904632568,1.7000000476837158,1.7100000381469727,212000
2009-02-23,1.3175923824310303,1.7100000381469727,1.7100000381469727,1.7000000476837158,1.7100000381469727,126000
2009-02-24,1.2944766283035278,1.6799999475479126,1.6799999475479126,1.6799999475479126,1.6799999475479126,0
2009-02-25,1.232835054397583,1.600000023841858,1.600000023841858,1.600000023841858,1.600000023841858,186000
2009-02-26,1.1866035461425781,1.5399999618530273,1.600000023841858,1.5,1.590000033378601,390000
2009-02-27,1.232835054397583,1.600000023841858,1.600000023841858,1.600000023841858,1.600000023841858,58000
2009-03-02,1.1634881496429443,1.5099999904632568,1.559999942779541,1.5099999904632568,1.5099999904632568,18000
2009-03-03,1.1943087577819824,1.5499999523162842,1.559999942779541,1.399999976158142,1.559999942779541,1070000
2009-03-04,1.248245358467102,1.6200000047683716,1.6200000047683716,1.4900000095367432,1.4900000095367432,186750
2009-03-05,1.232835054397583,1.600000023841858,1.600000023841858,1.5499999523162842,1.5499999523162842,74000
2009-03-06,1.1866035461425781,1.5399999618530273,1.5399999618530273,1.5399999618530273,1.5399999618530273,80000
2009-03-09,1.1634881496429443,1.5099999904632568,1.5099999904632568,1.5,1.5,112000
2009-03-10,1.1557828187942505,1.5,1.6299999952316284,1.5,1.5299999713897705,352000
2009-03-11,1.1711931228637695,1.5199999809265137,1.5800000429153442,1.5199999809265137,1.5700000524520874,340000
2009-03-12,1.1634881496429443,1.5099999904632568,1.5199999809265137,1.5099999904632568,1.5199999809265137,160000
2009-03-13,1.1866035461425781,1.5399999618530273,1.5499999523162842,1.5199999809265137,1.5199999809265137,28000
2009-03-16,1.1943087577819824,1.5499999523162842,1.5499999523162842,1.5299999713897705,1.5399999618530273,214000
2009-03-17,1.1866035461425781,1.5399999618530273,1.5800000429153442,1.5199999809265137,1.5199999809265137,1808000
2009-03-18,1.2559508085250854,1.6299999952316284,1.6299999952316284,1.5800000429153442,1.600000023841858,314000
2009-03-19,1.2559508085250854,1.6299999952316284,1.6699999570846558,1.600000023841858,1.659999966621399,672000
2009-03-20,1.2559508085250854,1.6299999952316284,1.6299999952316284,1.6299999952316284,1.6299999952316284,0
2009-03-23,1.232835054397583,1.600000023841858,1.6699999570846558,1.600000023841858,1.6699999570846558,544000
2009-03-24,1.2405402660369873,1.6100000143051147,1.7000000476837158,1.5499999523162842,1.6799999475479126,2824000
2009-03-25,1.271360993385315,1.649999976158142,1.649999976158142,1.6100000143051147,1.6399999856948853,804000
2009-03-26,1.271360993385315,1.649999976158142,1.75,1.649999976158142,1.649999976158142,8716000
2009-03-27,1.286771297454834,1.6699999570846558,1.6699999570846558,1.649999976158142,1.6699999570846558,7632000
2009-03-30,1.1943087577819824,1.5499999523162842,1.690000057220459,1.5399999618530273,1.6799999475479126,2970000
2009-03-31,1.2636559009552002,1.6399999856948853,1.75,1.5800000429153442,1.600000023841858,3750000
2009-04-01,1.2944766283035278,1.6799999475479126,1.7200000286102295,1.6200000047683716,1.659999966621399,3926000
2009-04-02,1.4716967344284058,1.909999966621399,2.0,1.6699999570846558,1.7000000476837158,19311000
2009-04-03,1.4408760070800781,1.8700000047683716,1.9800000190734863,1.850000023841858,1.940000057220459,7454000
2009-04-06,1.4562861919403076,1.8899999856948853,1.9600000381469727,1.8300000429153442,1.8300000429153442,5017200
2009-04-07,1.633506178855896,2.119999885559082,2.140000104904175,1.850000023841858,1.8700000047683716,8750160
2009-04-08,1.5718644857406616,2.0399999618530273,2.0999999046325684,1.9800000190734863,2.0999999046325684,4392000
2009-04-09,1.7182637453079224,2.2300000190734863,2.299999952316284,2.049999952316284,2.049999952316284,8158000
2009-04-14,1.9571256637573242,2.5399999618530273,2.619999885559082,2.3499999046325684,2.3499999046325684,13811000
2009-04-15,2.242218494415283,2.9100000858306885,2.990000009536743,2.4600000381469727,2.5399999618530273,8830648
2009-04-16,2.1959874629974365,2.8499999046325684,3.0399999618530273,2.7899999618530273,2.890000104904175,2184000
2009-04-17,2.0958197116851807,2.7200000286102295,2.950000047683716,2.640000104904175,2.9000000953674316,4699000
2009-04-20,2.157461166381836,2.799999952316284,2.9000000953674316,2.609999895095825,2.7200000286102295,2286000
2009-04-21,2.080409049987793,2.700000047683716,2.8499999046325684,2.6600000858306885,2.7200000286102295,1926000
2009-04-22,1.941714882850647,2.5199999809265137,2.75,2.5,2.740000009536743,2470000
2009-04-23,1.9879460334777832,2.5799999237060547,2.5999999046325684,2.440000057220459,2.5399999618530273,2018000
2009-04-24,1.9725358486175537,2.559999942779541,2.5999999046325684,2.490000009536743,2.5999999046325684,2295000
2009-04-27,1.8415472507476807,2.390000104904175,2.549999952316284,2.380000114440918,2.5399999618530273,1616000
2009-04-28,1.8261367082595825,2.369999885559082,2.5,2.3299999237060547,2.3499999046325684,1770000
2009-04-29,1.9725358486175537,2.559999942779541,2.6500000953674316,2.450000047683716,2.450000047683716,1574000
2009-04-30,2.1651663780212402,2.809999942779541,2.819999933242798,2.569999933242798,2.569999933242798,2290000
2009-05-04,2.411733388900757,3.130000114440918,3.2300000190734863,2.9800000190734863,2.9800000190734863,5914000
2009-05-05,2.465670108795166,3.200000047683716,3.2699999809265137,3.049999952316284,3.200000047683716,3494589
2009-05-06,2.727647304534912,3.5399999618530273,3.5799999237060547,3.180000066757202,3.200000047683716,4058000
2009-05-07,2.550427198410034,3.309999942779541,3.6700000762939453,3.200000047683716,3.6500000953674316,4388000
2009-05-08,2.59665846824646,3.369999885559082,3.4800000190734863,3.259999990463257,3.299999952316284,1618000
2009-05-11,2.7353522777557373,3.549999952316284,3.680000066757202,3.4000000953674316,3.450000047683716,3288000
2009-05-12,2.7353522777557373,3.549999952316284,3.630000114440918,3.4600000381469727,3.4600000381469727,1414000
2009-05-13,2.85093092918396,3.700000047683716,3.799999952316284,3.6500000953674316,3.7200000286102295,1534000
2009-05-14,2.79699444770813,3.630000114440918,3.700000047683716,3.5,3.700000047683716,1642000
2009-05-15,2.7584683895111084,3.5799999237060547,3.7300000190734863,3.5,3.6700000762939453,2511000
2009-05-18,2.9356884956359863,3.809999942779541,3.8499999046325684,3.5299999713897705,3.549999952316284,3732000
2009-05-19,3.236191511154175,4.199999809265137,4.329999923706055,3.880000114440918,3.880000114440918,3420812
2009-05-20,3.236191511154175,4.199999809265137,4.289999961853027,4.099999904632568,4.199999809265137,2672000
2009-05-21,3.1976659297943115,4.150000095367432,4.25,4.070000171661377,4.25,1360000
2009-05-22,3.2369492053985596,4.119999885559082,4.119999885559082,3.799999952316284,4.079999923706055,1944000
2009-05-25,3.3547990322113037,4.269999980926514,4.400000095367432,4.190000057220459,4.269999980926514,5535000
2009-05-26,3.5904996395111084,4.570000171661377,4.599999904632568,4.230000019073486,4.269999980926514,3929000
2009-05-27,3.739776134490967,4.760000228881836,4.889999866485596,4.630000114440918,4.699999809265137,3182000
2009-05-29,3.7476322650909424,4.769999980926514,4.889999866485596,4.699999809265137,4.71999979019165,2032200
2009-06-01,3.739776134490967,4.760000228881836,4.849999904632568,4.679999828338623,4.679999828338623,3528000
2009-06-02,3.637639284133911,4.630000114440918,4.829999923706055,4.559999942779541,4.829999923706055,2359400
2009-06-03,3.653352975845337,4.650000095367432,4.789999961853027,4.579999923706055,4.789999961853027,1032000
2009-06-04,3.653352975845337,4.650000095367432,4.75,4.5,4.610000133514404,1010000
2009-06-05,3.676922559738159,4.679999828338623,4.75,4.559999942779541,4.75,1194000
2009-06-08,3.7162058353424072,4.730000019073486,4.909999847412109,4.699999809265137,4.800000190734863,2342000
2009-06-09,3.5747857093811035,4.550000190734863,4.699999809265137,4.300000190734863,4.699999809265137,1120000
2009-06-10,3.5747857093811035,4.550000190734863,4.369999885559082,4.550000190734863,4.369999885559082,1086000
2009-06-11,3.653352975845337,4.650000095367432,4.650000095367432,4.550000190734863,4.650000095367432,738000
2009-06-12,3.653352975845337,4.650000095367432,4.699999809265137,4.5,4.659999847412109,340000
2009-06-15,3.5433595180511475,4.510000228881836,4.789999961853027,4.369999885559082,4.789999961853027,1726000
2009-06-16,3.3076589107513428,4.210000038146973,4.480000019073486,4.199999809265137,4.46999979019165,1616000
2009-06-17,3.339085578918457,4.25,4.25,4.050000190734863,4.210000038146973,914000
2009-06-18,3.260519027709961,4.150000095367432,4.230000019073486,4.119999885559082,4.179999828338623,332000
2009-06-19,3.2290923595428467,4.110000133514404,4.199999809265137,4.0,4.0,904000
2009-06-22,3.181952714920044,4.050000190734863,4.260000228881836,4.050000190734863,4.050000190734863,744000
2009-06-23,3.048388957977295,3.880000114440918,4.0,3.819999933242798,3.8499999046325684,944000
2009-06-24,3.142669200897217,4.0,4.070000171661377,3.890000104904175,3.890000104904175,862000
2009-06-25,3.174095392227173,4.039999961853027,4.079999923706055,3.8399999141693115,3.8399999141693115,427000
2009-06-26,3.3626556396484375,4.28000020980835,4.300000190734863,4.0,4.059999942779541,1008000
2009-06-29,3.472649335861206,4.420000076293945,4.440000057220459,4.210000038146973,4.300000190734863,1220000
2009-06-30,3.511932134628296,4.46999979019165,4.619999885559082,4.400000095367432,4.449999809265137,1216000
2009-07-02,3.6297824382781982,4.619999885559082,4.659999847412109,4.400000095367432,4.400000095367432,1260000
2009-07-03,3.72406268119812,4.739999771118164,4.869999885559082,4.539999961853027,4.599999904632568,1046000
2009-07-06,3.896909475326538,4.960000038146973,4.960000038146973,4.78000020980835,4.900000095367432,2131000
2009-07-07,4.006902694702148,5.099999904632568,5.170000076293945,4.900000095367432,4.900000095367432,1311132
2009-07-08,3.786916494369507,4.820000171661377,5.019999980926514,4.78000020980835,5.019999980926514,1309000
2009-07-09,3.8183434009552,4.860000133514404,4.96999979019165,4.800000190734863,4.949999809265137,868000
2009-07-10,3.8104865550994873,4.849999904632568,4.989999771118164,4.800000190734863,4.989999771118164,777174
2009-07-13,3.8183434009552,4.860000133514404,4.909999847412109,4.650000095367432,4.679999828338623,1624000
2009-07-14,3.7633466720581055,4.789999961853027,5.0,4.730000019073486,5.0,1000000
2009-07-15,3.8104865550994873,4.849999904632568,4.889999866485596,4.650000095367432,4.860000133514404,1124000
2009-07-16,3.8419127464294434,4.889999866485596,5.039999961853027,4.800000190734863,5.039999961853027,365000
2009-07-17,3.8576254844665527,4.909999847412109,5.0,4.829999923706055,5.0,42000
2009-07-20,3.889052391052246,4.949999809265137,5.050000190734863,4.829999923706055,5.0,1186000
2009-07-21,3.8811960220336914,4.940000057220459,4.949999809265137,4.849999904632568,4.949999809265137,220000
2009-07-22,3.9283359050750732,5.0,5.0,4.900000095367432,5.0,984000
2009-07-23,3.9676191806793213,5.050000190734863,5.090000152587891,4.949999809265137,5.0,1328000
2009-07-24,4.006902694702148,5.099999904632568,5.199999809265137,5.059999942779541,5.059999942779541,1180000
2009-07-27,4.061899662017822,5.170000076293945,5.349999904632568,5.0,5.0,872000
2009-07-28,4.0854692459106445,5.199999809265137,5.25,5.150000095367432,5.179999828338623,1470000
2009-07-29,3.9990463256835938,5.090000152587891,5.199999809265137,4.960000038146973,5.199999809265137,1234000
2009-07-30,3.9676191806793213,5.050000190734863,5.190000057220459,5.0,5.050000190734863,774000
2009-07-31,4.046186447143555,5.150000095367432,5.150000095367432,5.039999961853027,5.079999923706055,2676000
2009-08-03,4.07761287689209,5.190000057220459,5.190000057220459,5.010000228881836,5.090000152587891,692000
2009-08-04,4.164036750793457,5.300000190734863,5.400000095367432,5.199999809265137,5.199999809265137,1026000
2009-08-05,4.179749965667725,5.320000171661377,5.429999828338623,5.25,5.300000190734863,1290000
2009-08-06,3.983332872390747,5.070000171661377,5.199999809265137,5.059999942779541,5.099999904632568,908000
2009-08-07,3.99118971824646,5.079999923706055,5.239999771118164,5.03000020980835,5.099999904632568,1952000
2009-08-10,3.8576254844665527,4.909999847412109,5.110000133514404,4.900000095367432,5.110000133514404,940000
2009-08-11,3.8733391761779785,4.929999828338623,5.050000190734863,4.800000190734863,4.980000019073486,814000
2009-08-12,3.9283359050750732,5.0,5.050000190734863,4.760000228881836,5.050000190734863,530000
2009-08-13,3.826199769973755,4.869999885559082,4.929999828338623,4.840000152587891,4.909999847412109,1032000
2009-08-14,3.7554900646209717,4.78000020980835,4.900000095367432,4.710000038146973,4.900000095367432,1168000
2009-08-17,3.606212854385376,4.590000152587891,4.769999980926514,4.5,4.769999980926514,710000
2009-08-18,3.464792013168335,4.409999847412109,4.570000171661377,4.349999904632568,4.539999961853027,1196000
2009-08-19,3.425509452819824,4.360000133514404,4.5,4.360000133514404,4.5,378000
2009-08-20,3.5904996395111084,4.570000171661377,4.599999904632568,4.360000133514404,4.360000133514404,686000
2009-08-21,3.7162058353424072,4.730000019073486,4.75,4.440000057220459,4.579999923706055,762000
2009-08-24,3.7633466720581055,4.789999961853027,4.880000114440918,4.75,4.880000114440918,224000
2009-08-25,3.779059648513794,4.809999942779541,4.809999942779541,4.679999828338623,4.699999809265137,158000
2009-08-26,3.889052391052246,4.949999809265137,5.010000228881836,4.75,4.760000228881836,1186000
2009-08-27,3.8183434009552,4.860000133514404,4.949999809265137,4.840000152587891,4.949999809265137,46000
2009-08-28,3.802629232406616,4.840000152587891,4.849999904632568,4.679999828338623,4.840000152587891,202000
2009-08-31,3.6140692234039307,4.599999904632568,4.699999809265137,4.46999979019165,4.650000095367432,362938
2009-09-01,3.731919527053833,4.75,4.800000190734863,4.449999809265137,4.46999979019165,256000
2009-09-02,3.5355026721954346,4.5,4.789999961853027,4.420000076293945,4.75,338000
2009-09-03,3.6926357746124268,4.699999809265137,4.75,4.320000171661377,4.320000171661377,592000
2009-09-04,3.8811960220336914,4.940000057220459,4.949999809265137,4.699999809265137,4.75,2810000
2009-09-07,3.9283359050750732,5.0,5.099999904632568,4.949999809265137,4.949999809265137,3430000
2009-09-08,4.556869983673096,5.800000190734863,6.199999809265137,5.260000228881836,5.300000190734863,11151000
2009-09-09,4.580439567565918,5.829999923706055,6.159999847412109,5.659999847412109,5.78000020980835,3658900
2009-09-10,4.6982903480529785,5.980000019073486,6.199999809265137,5.800000190734863,5.800000190734863,4090000
2009-09-11,4.682577133178711,5.960000038146973,6.159999847412109,5.900000095367432,6.119999885559082,1050000
2009-09-14,4.690432071685791,5.96999979019165,5.989999771118164,5.840000152587891,5.960000038146973,1204000
2009-09-15,4.509729862213135,5.739999771118164,6.0,5.699999809265137,6.0,352000
2009-09-16,4.470447063446045,5.690000057220459,5.889999866485596,5.670000076293945,5.699999809265137,1036000
2009-09-17,4.556869983673096,5.800000190734863,5.880000114440918,5.650000095367432,5.880000114440918,2153987
2009-09-18,4.651150226593018,5.920000076293945,5.989999771118164,5.71999979019165,5.900000095367432,3260000
2009-09-21,4.635436534881592,5.900000095367432,5.980000019073486,5.880000114440918,5.900000095367432,1092000
2009-09-22,4.580439567565918,5.829999923706055,5.900000095367432,5.690000057220459,5.900000095367432,569000
2009-09-23,4.611866474151611,5.869999885559082,5.900000095367432,5.699999809265137,5.900000095367432,1458000
2009-09-24,4.525442600250244,5.760000228881836,5.900000095367432,5.75,5.800000190734863,888000
2009-09-25,4.549013137817383,5.789999961853027,5.900000095367432,5.71999979019165,5.760000228881836,1006000
2009-09-28,4.494016647338867,5.71999979019165,5.800000190734863,5.610000133514404,5.800000190734863,547800
2009-09-29,4.4468770027160645,5.659999847412109,5.789999961853027,5.610000133514404,5.71999979019165,196000
2009-09-30,4.517586708068848,5.75,5.769999980926514,5.599999904632568,5.630000114440918,219813
2009-10-02,4.533300399780273,5.769999980926514,5.900000095367432,5.639999866485596,5.900000095367432,296900
2009-10-05,4.462589740753174,5.679999828338623,5.900000095367432,5.559999942779541,5.559999942779541,102000
2009-10-06,4.596153259277344,5.849999904632568,5.849999904632568,5.679999828338623,5.75,544000
2009-10-07,4.611866474151611,5.869999885559082,5.929999828338623,5.78000020980835,5.78000020980835,358000
2009-10-08,4.651150226593018,5.920000076293945,5.920000076293945,5.75,5.869999885559082,218000
2009-10-09,4.611866474151611,5.869999885559082,5.920000076293945,5.769999980926514,5.920000076293945,186000
2009-10-12,4.54115629196167,5.78000020980835,5.849999904632568,5.679999828338623,5.78000020980835,342000
2009-10-13,4.627579689025879,5.889999866485596,5.900000095367432,5.710000038146973,5.800000190734863,388000
2009-10-14,4.643293380737305,5.909999847412109,5.96999979019165,5.900000095367432,5.909999847412109,268800
2009-10-15,4.635436534881592,5.900000095367432,5.989999771118164,5.880000114440918,5.880000114440918,121000
2009-10-16,4.659006118774414,5.929999828338623,5.949999809265137,5.889999866485596,5.940000057220459,346000
2009-10-19,4.604009628295898,5.860000133514404,5.929999828338623,5.699999809265137,5.699999809265137,308000
2009-10-20,4.643293380737305,5.909999847412109,5.960000038146973,5.849999904632568,5.900000095367432,550000
2009-10-21,4.745429515838623,6.039999961853027,6.360000133514404,5.900000095367432,5.909999847412109,2202000
2009-10-22,4.949703693389893,6.300000190734863,6.349999904632568,5.900000095367432,6.010000228881836,2288000
2009-10-23,4.949703693389893,6.300000190734863,6.53000020980835,6.269999980926514,6.5,1078000
2009-10-27,4.94184684753418,6.289999961853027,6.420000076293945,6.179999828338623,6.420000076293945,408000
2009-10-28,4.839710235595703,6.159999847412109,6.239999771118164,6.119999885559082,6.199999809265137,248000
2009-10-29,4.67471981048584,5.949999809265137,6.199999809265137,5.920000076293945,6.199999809265137,836000
2009-10-30,4.71400260925293,6.0,6.079999923706055,5.989999771118164,5.989999771118164,792000
2009-11-02,4.706146717071533,5.989999771118164,6.0,5.880000114440918,6.0,480000
2009-11-03,4.619723320007324,5.880000114440918,5.989999771118164,5.800000190734863,5.989999771118164,584000
2009-11-04,4.761143684387207,6.059999942779541,6.059999942779541,5.880000114440918,5.960000038146973,228000
2009-11-05,4.761143684387207,6.059999942779541,6.199999809265137,5.989999771118164,6.050000190734863,86000
2009-11-06,4.792569637298584,6.099999904632568,6.179999828338623,5.989999771118164,6.099999904632568,126000
2009-11-09,4.886849880218506,6.21999979019165,6.480000019073486,6.099999904632568,6.099999904632568,2852000
2009-11-10,4.8711371421813965,6.199999809265137,6.25,6.199999809265137,6.239999771118164,730000
2009-11-11,4.863280773162842,6.190000057220459,6.300000190734863,6.179999828338623,6.25,492000
2009-11-12,4.847567081451416,6.170000076293945,6.25,6.150000095367432,6.25,336000
2009-11-13,4.745429515838623,6.039999961853027,6.139999866485596,5.840000152587891,6.139999866485596,864000
2009-11-16,4.792569637298584,6.099999904632568,6.099999904632568,6.0,6.099999904632568,512000
2009-11-17,4.776856422424316,6.079999923706055,6.099999904632568,6.050000190734863,6.099999904632568,76000
2009-11-18,4.682577133178711,5.960000038146973,6.199999809265137,5.960000038146973,6.079999923706055,596000
2009-11-19,4.745429515838623,6.039999961853027,6.039999961853027,5.920000076293945,5.980000019073486,634000
2009-11-20,4.745429515838623,6.039999961853027,6.039999961853027,5.989999771118164,6.039999961853027,74000
2009-11-23,4.71400260925293,6.0,6.0,5.900000095367432,5.929999828338623,116000
2009-11-24,4.67471981048584,5.949999809265137,6.0,5.949999809265137,5.949999809265137,1296000
2009-11-25,4.67471981048584,5.949999809265137,5.960000038146973,5.909999847412109,5.909999847412109,90000
2009-11-26,4.659006118774414,5.929999828338623,5.929999828338623,5.880000114440918,5.880000114440918,370000
2009-11-27,4.509729862213135,5.739999771118164,5.929999828338623,5.739999771118164,5.929999828338623,690000
2009-11-30,4.67471981048584,5.949999809265137,6.0,5.760000228881836,5.789999961853027,932000
2009-12-01,4.67471981048584,5.949999809265137,6.099999904632568,5.900000095367432,5.949999809265137,1686000
2009-12-02,4.792569637298584,6.099999904632568,6.150000095367432,5.900000095367432,6.090000152587891,1282000
2009-12-03,4.8947062492370605,6.230000019073486,6.239999771118164,6.010000228881836,6.159999847412109,940000
2009-12-04,4.949703693389893,6.300000190734863,6.309999942779541,6.199999809265137,6.25,1462000
2009-12-07,4.973273754119873,6.329999923706055,6.380000114440918,6.230000019073486,6.380000114440918,732000
2009-12-08,4.910419940948486,6.25,6.329999923706055,6.130000114440918,6.150000095367432,422000
2009-12-09,4.863280773162842,6.190000057220459,6.25,6.119999885559082,6.25,356000
2009-12-10,4.7297163009643555,6.019999980926514,6.289999961853027,5.800000190734863,6.25,376000
2009-12-11,4.80828332901001,6.119999885559082,6.159999847412109,6.0,6.159999847412109,196000
2009-12-14,4.83185338973999,6.150000095367432,6.150000095367432,6.119999885559082,6.119999885559082,78000
2009-12-15,4.80828332901001,6.119999885559082,6.150000095367432,6.0,6.150000095367432,196000
2009-12-16,4.682577133178711,5.960000038146973,6.179999828338623,5.940000057220459,6.179999828338623,324000
2009-12-17,4.556869983673096,5.800000190734863,5.960000038146973,5.789999961853027,5.960000038146973,1312000
2009-12-18,4.517586708068848,5.75,5.889999866485596,5.570000171661377,5.570000171661377,584000
2009-12-21,4.462589740753174,5.679999828338623,5.869999885559082,5.5,5.519999980926514,812000
2009-12-22,4.517586708068848,5.75,5.840000152587891,5.650000095367432,5.679999828338623,568000
2009-12-23,4.462589740753174,5.679999828338623,5.75,5.480000019073486,5.599999904632568,537000
2009-12-24,4.305456638336182,5.480000019073486,5.599999904632568,5.480000019073486,5.579999923706055,180000
2009-12-28,4.321169853210449,5.5,5.619999885559082,5.480000019073486,5.480000019073486,154000
2009-12-29,4.305456638336182,5.480000019073486,5.579999923706055,5.480000019073486,5.5,90000
2009-12-30,4.376166820526123,5.570000171661377,5.599999904632568,5.429999828338623,5.46999979019165,342000
2009-12-31,4.635436534881592,5.900000095367432,5.900000095367432,5.559999942779541,5.650000095367432,1495000
2010-01-04,4.556869983673096,5.800000190734863,5.829999923706055,5.710000038146973,5.829999923706055,192000
2010-01-05,4.604009628295898,5.860000133514404,5.880000114440918,5.599999904632568,5.75,2349000
2010-01-06,4.619723320007324,5.880000114440918,5.889999866485596,5.570000171661377,5.579999923706055,780000
2010-01-07,4.596153259277344,5.849999904632568,5.869999885559082,5.789999961853027,5.849999904632568,762000
2010-01-08,4.651150226593018,5.920000076293945,5.920000076293945,5.849999904632568,5.849999904632568,1912000
2010-01-11,4.415449619293213,5.619999885559082,5.949999809265137,5.579999923706055,5.949999809265137,1118000
2010-01-12,4.588296413421631,5.840000152587891,5.840000152587891,5.650000095367432,5.78000020980835,752000
2010-01-13,4.525442600250244,5.760000228881836,5.849999904632568,5.699999809265137,5.699999809265137,394000
2010-01-14,4.533300399780273,5.769999980926514,5.800000190734863,5.710000038146973,5.78000020980835,1608000
2010-01-15,4.533300399780273,5.769999980926514,5.800000190734863,5.690000057220459,5.75,400000
2010-01-18,4.533300399780273,5.769999980926514,5.800000190734863,5.699999809265137,5.800000190734863,98000
2010-01-19,4.509729862213135,5.739999771118164,5.739999771118164,5.670000076293945,5.679999828338623,200000
2010-01-20,4.431163311004639,5.639999866485596,5.869999885559082,5.639999866485596,5.869999885559082,512000
2010-01-21,4.305456638336182,5.480000019073486,5.570000171661377,5.409999847412109,5.570000171661377,322000
2010-01-22,4.321169853210449,5.5,5.5,5.210000038146973,5.409999847412109,314000
2010-01-25,4.250459671020508,5.409999847412109,5.480000019073486,5.28000020980835,5.28000020980835,352000
2010-01-26,4.140466213226318,5.269999980926514,5.420000076293945,5.25,5.409999847412109,422000
2010-01-27,4.030473232269287,5.130000114440918,5.400000095367432,5.110000133514404,5.340000152587891,470000
2010-01-28,3.8811960220336914,4.940000057220459,5.199999809265137,4.860000133514404,5.199999809265137,800000
2010-01-29,3.889052391052246,4.949999809265137,5.050000190734863,4.900000095367432,5.039999961853027,556000
2010-02-01,3.8811960220336914,4.940000057220459,5.0,4.809999942779541,4.949999809265137,318000
2010-02-02,3.8340559005737305,4.880000114440918,5.0,4.880000114440918,5.0,126000
2010-02-03,3.8340559005737305,4.880000114440918,4.900000095367432,4.699999809265137,4.900000095367432,890000
2010-02-04,3.6926357746124268,4.699999809265137,4.829999923706055,4.699999809265137,4.78000020980835,234000
2010-02-05,3.598356008529663,4.579999923706055,4.679999828338623,4.480000019073486,4.679999828338623,522000
2010-02-08,3.4962189197540283,4.449999809265137,4.579999923706055,4.400000095367432,4.579999923706055,334000
2010-02-09,3.6926357746124268,4.699999809265137,4.699999809265137,4.269999980926514,4.449999809265137,364000
2010-02-10,3.6926357746124268,4.699999809265137,4.730000019073486,4.670000076293945,4.730000019073486,144000
2010-02-11,3.684779405593872,4.690000057220459,4.789999961853027,4.679999828338623,4.78000020980835,26000
2010-02-12,3.676922559738159,4.679999828338623,4.679999828338623,4.559999942779541,4.559999942779541,36000
2010-02-17,3.598356008529663,4.579999923706055,4.679999828338623,2.6050000190734863,4.679999828338623,198000
2010-02-18,3.606212854385376,4.590000152587891,4.639999866485596,4.400000095367432,4.400000095367432,128000
2010-02-19,3.637639284133911,4.630000114440918,4.679999828338623,4.550000190734863,4.550000190734863,24000
2010-02-22,3.598356008529663,4.579999923706055,4.75,4.579999923706055,4.579999923706055,138000
2010-02-23,3.6297824382781982,4.619999885559082,4.699999809265137,4.409999847412109,4.519999980926514,438000
2010-02-24,3.582642078399658,4.559999942779541,4.769999980926514,4.400000095367432,4.400000095367432,487500
2010-02-25,3.606212854385376,4.590000152587891,4.75,4.449999809265137,4.449999809265137,482000
2010-02-26,3.653352975845337,4.650000095367432,4.739999771118164,4.579999923706055,4.579999923706055,332000
2010-03-01,3.826199769973755,4.869999885559082,4.880000114440918,4.650000095367432,4.650000095367432,989200
2010-03-02,3.645496129989624,4.639999866485596,4.900000095367432,4.550000190734863,4.889999866485596,1476000
2010-03-03,3.7083497047424316,4.71999979019165,4.769999980926514,4.650000095367432,4.769999980926514,742000
2010-03-04,3.676922559738159,4.679999828338623,4.760000228881836,4.5,4.760000228881836,1104000
2010-03-05,3.637639284133911,4.630000114440918,4.670000076293945,4.53000020980835,4.53000020980835,660400
2010-03-08,3.6140692234039307,4.599999904632568,4.71999979019165,4.559999942779541,4.699999809265137,642000
2010-03-09,3.700493097305298,4.710000038146973,4.71999979019165,4.619999885559082,4.650000095367432,326000
2010-03-10,3.771202802658081,4.800000190734863,4.860000133514404,4.699999809265137,4.710000038146973,446000
2010-03-11,3.8340559005737305,4.880000114440918,5.0,4.710000038146973,4.710000038146973,665000
2010-03-12,3.7476322650909424,4.769999980926514,4.980000019073486,4.760000228881836,4.889999866485596,658000
2010-03-15,3.944049119949341,5.019999980926514,5.050000190734863,4.789999961853027,4.800000190734863,390000
2010-03-16,4.030473232269287,5.130000114440918,5.230000019073486,5.0,5.130000114440918,1068494
2010-03-17,4.022615909576416,5.119999885559082,5.179999828338623,5.059999942779541,5.059999942779541,330000
2010-03-18,4.164036750793457,5.300000190734863,5.400000095367432,5.110000133514404,5.400000095367432,432000
2010-03-19,4.156179904937744,5.289999961853027,5.300000190734863,5.199999809265137,5.300000190734863,640000
2010-03-22,4.242602825164795,5.400000095367432,5.429999828338623,5.139999866485596,5.289999961853027,614000
2010-03-23,4.556869983673096,5.800000190734863,5.849999904632568,5.300000190734863,5.300000190734863,1612000
2010-03-24,4.611866474151611,5.869999885559082,5.900000095367432,5.699999809265137,5.800000190734863,918000
2010-03-25,4.619723320007324,5.880000114440918,6.0,5.849999904632568,5.900000095367432,826000
2010-03-26,4.651150226593018,5.920000076293945,5.989999771118164,5.760000228881836,5.800000190734863,1368000
2010-03-29,4.933990478515625,6.28000020980835,6.300000190734863,5.980000019073486,6.03000020980835,1854000
2010-03-30,4.572583198547363,5.820000171661377,6.300000190734863,5.789999961853027,6.300000190734863,1462000
2010-03-31,4.439019680023193,5.650000095367432,5.849999904632568,5.5,5.849999904632568,968000
2010-04-01,4.431163311004639,5.639999866485596,5.670000076293945,5.5,5.650000095367432,592000
2010-04-07,4.619723320007324,5.880000114440918,5.900000095367432,5.639999866485596,5.670000076293945,726000
2010-04-08,4.627579689025879,5.889999866485596,6.0,5.800000190734863,5.920000076293945,864000
2010-04-09,4.643293380737305,5.909999847412109,5.940000057220459,5.809999942779541,5.909999847412109,496000
2010-04-12,4.423306465148926,5.630000114440918,5.840000152587891,5.630000114440918,5.800000190734863,430000
2010-04-13,4.384023666381836,5.579999923706055,5.630000114440918,5.360000133514404,5.630000114440918,704000
2010-04-14,4.360453128814697,5.550000190734863,5.690000057220459,5.5,5.5,223000
2010-04-15,4.329026699066162,5.510000228881836,5.590000152587891,5.46999979019165,5.590000152587891,265100
2010-04-16,4.4783034324646,5.699999809265137,6.0,5.449999809265137,5.599999904632568,362000
2010-04-19,4.242602825164795,5.400000095367432,5.679999828338623,5.400000095367432,5.679999828338623,236000
2010-04-20,4.187605857849121,5.329999923706055,5.409999847412109,5.320000171661377,5.400000095367432,300000
2010-04-21,4.21117639541626,5.360000133514404,5.360000133514404,5.179999828338623,5.199999809265137,382000
2010-04-22,4.061899662017822,5.170000076293945,5.300000190734863,5.099999904632568,5.199999809265137,1146000
2010-04-23,4.124752521514893,5.25,5.300000190734863,5.179999828338623,5.239999771118164,542000
2010-04-26,4.124752521514893,5.25,5.449999809265137,5.139999866485596,5.260000228881836,1032000
2010-04-27,4.0854692459106445,5.199999809265137,5.300000190734863,5.199999809265137,5.25,750000
2010-04-28,4.250459671020508,5.409999847412109,5.440000057220459,5.210000038146973,5.25,458000
2010-04-29,4.439019680023193,5.650000095367432,5.650000095367432,5.400000095367432,5.449999809265137,560000
2010-04-30,4.407593250274658,5.610000133514404,5.710000038146973,5.5,5.5,564000
2010-05-03,4.399736404418945,5.599999904632568,5.619999885559082,5.599999904632568,5.619999885559082,66000
2010-05-04,4.0854692459106445,5.199999809265137,5.5,5.199999809265137,5.5,973000
2010-05-05,3.9990463256835938,5.090000152587891,5.110000133514404,4.849999904632568,5.090000152587891,501000
2010-05-06,3.802629232406616,4.840000152587891,5.0,4.840000152587891,5.0,304000
2010-05-07,3.7633466720581055,4.789999961853027,4.869999885559082,4.760000228881836,4.760000228881836,320000
2010-05-10,3.771202802658081,4.800000190734863,4.880000114440918,4.699999809265137,4.699999809265137,532000
2010-05-11,3.8104865550994873,4.849999904632568,4.949999809265137,4.800000190734863,4.900000095367432,162000
2010-05-12,3.771202802658081,4.800000190734863,4.849999904632568,4.699999809265137,4.849999904632568,842000
2010-05-13,3.779278039932251,4.679999828338623,4.909999847412109,4.590000152587891,4.900000095367432,270000
2010-05-14,3.819654941558838,4.730000019073486,4.800000190734863,4.679999828338623,4.690000057220459,203000
2010-05-17,3.5612423419952393,4.409999847412109,4.650000095367432,4.409999847412109,4.650000095367432,550000
2010-05-18,3.650071859359741,4.519999980926514,4.550000190734863,4.5,4.5,276000
2010-05-19,3.6419970989227295,4.510000228881836,4.650000095367432,4.380000114440918,4.429999828338623,372000
2010-05-20,3.4078102111816406,4.21999979019165,4.5,4.0,4.5,316000
2010-05-24,3.5693182945251465,4.420000076293945,4.480000019073486,4.320000171661377,4.320000171661377,818000
2010-05-25,3.6016197204589844,4.460000038146973,4.460000038146973,4.260000228881836,4.340000152587891,320000
2010-05-26,3.4724135398864746,4.300000190734863,4.460000038146973,4.28000020980835,4.460000038146973,204000
2010-05-27,3.5531675815582275,4.400000095367432,4.480000019073486,4.199999809265137,4.199999809265137,182000
2010-05-28,3.6742982864379883,4.550000190734863,4.639999866485596,4.5,4.5,404000
2010-05-31,3.730825662612915,4.619999885559082,4.619999885559082,4.5,4.619999885559082,50000
2010-06-01,3.714674949645996,4.599999904632568,4.599999904632568,4.599999904632568,4.599999904632568,20000
2010-06-02,3.5693182945251465,4.420000076293945,4.599999904632568,4.409999847412109,4.599999904632568,122000
2010-06-03,3.738901376724243,4.630000114440918,4.650000095367432,4.409999847412109,4.409999847412109,34000
2010-06-04,3.6904494762420654,4.570000171661377,4.570000171661377,4.449999809265137,4.449999809265137,48000
2010-06-07,3.5935442447662354,4.449999809265137,4.570000171661377,4.0,4.300000190734863,46000
2010-06-08,3.6177704334259033,4.480000019073486,4.590000152587891,4.300000190734863,4.550000190734863,236000
2010-06-09,3.5531675815582275,4.400000095367432,4.449999809265137,4.300000190734863,4.449999809265137,224000
2010-06-10,3.6339213848114014,4.5,4.5,4.409999847412109,4.5,46000
2010-06-11,3.6742982864379883,4.550000190734863,4.650000095367432,4.409999847412109,4.409999847412109,124000
2010-06-14,3.682373285293579,4.559999942779541,4.699999809265137,4.510000228881836,4.579999923706055,88000
2010-06-15,3.6662228107452393,4.539999961853027,4.599999904632568,4.5,4.5,52000
2010-06-17,3.6177704334259033,4.480000019073486,4.519999980926514,4.480000019073486,4.480000019073486,142000
2010-06-18,3.6419970989227295,4.510000228881836,4.519999980926514,4.400000095367432,4.400000095367432,112000
2010-06-21,3.7065999507904053,4.590000152587891,4.599999904632568,4.409999847412109,4.409999847412109,466000
2010-06-22,3.738901376724243,4.630000114440918,4.639999866485596,4.599999904632568,4.639999866485596,66000
2010-06-23,3.6581475734710693,4.53000020980835,4.630000114440918,4.53000020980835,4.550000190734863,56000
2010-06-24,3.6742982864379883,4.550000190734863,4.579999923706055,4.5,4.579999923706055,266000
2010-06-25,3.6339213848114014,4.5,4.599999904632568,4.5,4.599999904632568,0
2010-06-28,3.795428514480591,4.699999809265137,4.75,4.630000114440918,4.630000114440918,214000
2010-06-29,3.6258456707000732,4.489999771118164,4.699999809265137,4.489999771118164,4.610000133514404,216000
2010-06-30,3.714674949645996,4.599999904632568,4.599999904632568,4.460000038146973,4.460000038146973,56000
2010-07-02,3.6742982864379883,4.550000190734863,4.650000095367432,4.519999980926514,4.599999904632568,159000
2010-07-05,3.650071859359741,4.519999980926514,4.599999904632568,4.519999980926514,4.559999942779541,42000
2010-07-06,3.795428514480591,4.699999809265137,4.699999809265137,4.519999980926514,4.519999980926514,44000
2010-07-07,3.835805892944336,4.75,4.75,4.679999828338623,4.699999809265137,76144
2010-07-08,3.843881130218506,4.760000228881836,4.800000190734863,4.679999828338623,4.679999828338623,68000
2010-07-09,3.9407854080200195,4.880000114440918,4.900000095367432,4.760000228881836,4.760000228881836,214000
2010-07-12,3.9407854080200195,4.880000114440918,5.039999961853027,4.880000114440918,4.900000095367432,236000
2010-07-13,3.860032558441162,4.78000020980835,4.869999885559082,4.78000020980835,4.869999885559082,0
2010-07-14,3.9165596961975098,4.849999904632568,4.900000095367432,4.800000190734863,4.800000190734863,76000
2010-07-15,3.876182794570923,4.800000190734863,4.829999923706055,4.760000228881836,4.829999923706055,158000
2010-07-16,3.795428514480591,4.699999809265137,4.78000020980835,4.610000133514404,4.75,90000
2010-07-19,3.811580181121826,4.71999979019165,4.840000152587891,4.699999809265137,4.699999809265137,86000
2010-07-20,3.9165596961975098,4.849999904632568,4.849999904632568,4.809999942779541,4.849999904632568,308000
2010-07-21,3.924635648727417,4.860000133514404,4.929999828338623,4.849999904632568,4.880000114440918,88000
2010-07-22,3.9165596961975098,4.849999904632568,4.980000019073486,4.699999809265137,4.699999809265137,82000
2010-07-23,3.924635648727417,4.860000133514404,4.880000114440918,4.860000133514404,4.860000133514404,78000
2010-07-26,4.053840637207031,5.019999980926514,5.019999980926514,5.019999980926514,5.019999980926514,2000
2010-07-27,3.9730870723724365,4.920000076293945,4.960000038146973,4.909999847412109,4.960000038146973,168000
2010-07-28,3.9811625480651855,4.929999828338623,4.960000038146973,4.920000076293945,4.929999828338623,310000
2010-07-29,3.9973127841949463,4.949999809265137,4.949999809265137,4.949999809265137,4.949999809265137,70000
2010-07-30,4.0053887367248535,4.960000038146973,5.0,4.940000057220459,4.949999809265137,232000
2010-08-02,4.0942182540893555,5.070000171661377,5.199999809265137,4.940000057220459,4.989999771118164,827000
2010-08-03,4.118443965911865,5.099999904632568,5.199999809265137,5.070000171661377,5.099999904632568,280000
2010-08-04,4.110368728637695,5.090000152587891,5.110000133514404,5.079999923706055,5.099999904632568,50000
2010-08-05,4.0053887367248535,4.960000038146973,5.0,4.929999828338623,5.0,122000
2010-08-06,3.9892380237579346,4.940000057220459,5.039999961853027,4.940000057220459,4.949999809265137,364000
2010-08-09,3.9811625480651855,4.929999828338623,4.949999809265137,4.929999828338623,4.949999809265137,120000
2010-08-10,3.9165596961975098,4.849999904632568,4.920000076293945,4.849999904632568,4.909999847412109,70000
2010-08-11,3.9650113582611084,4.909999847412109,4.909999847412109,4.900000095367432,4.900000095367432,6000
2010-08-12,3.9488613605499268,4.889999866485596,4.900000095367432,4.699999809265137,4.900000095367432,36000
2010-08-13,3.827730417251587,4.739999771118164,4.739999771118164,4.739999771118164,4.739999771118164,8000
2010-08-16,3.835805892944336,4.75,4.800000190734863,4.730000019073486,4.75,154000
2010-08-17,3.876182794570923,4.800000190734863,4.800000190734863,4.710000038146973,4.800000190734863,331000
2010-08-18,3.9004087448120117,4.829999923706055,4.900000095367432,4.800000190734863,4.820000171661377,88000
2010-08-19,3.9811625480651855,4.929999828338623,5.0,4.829999923706055,4.880000114440918,110000
2010-08-20,3.9165596961975098,4.849999904632568,4.929999828338623,4.849999904632568,4.929999828338623,60000
2010-08-23,3.9488613605499268,4.889999866485596,4.900000095367432,4.889999866485596,4.900000095367432,28000
2010-08-24,4.013463497161865,4.96999979019165,5.0,4.809999942779541,4.889999866485596,130000
2010-08-25,3.884258508682251,4.809999942779541,4.96999979019165,4.769999980926514,4.96999979019165,94000
2010-08-26,3.795428514480591,4.699999809265137,4.75,4.599999904632568,4.75,210000
2010-08-27,3.722750425338745,4.610000133514404,4.75,4.610000133514404,4.699999809265137,74000
2010-08-30,3.811580181121826,4.71999979019165,4.75,4.599999904632568,4.610000133514404,87000
2010-08-31,3.763127565383911,4.659999847412109,4.699999809265137,4.550000190734863,4.599999904632568,26000
2010-09-01,3.730825662612915,4.619999885559082,4.670000076293945,4.599999904632568,4.650000095367432,66000
2010-09-02,3.835805892944336,4.75,4.75,4.699999809265137,4.75,138000
2010-09-03,3.9811625480651855,4.929999828338623,4.980000019073486,4.75,4.75,130000
2010-09-06,4.037690162658691,5.0,5.0,4.900000095367432,4.900000095367432,132000
2010-09-07,4.037690162658691,5.0,5.0,4.960000038146973,4.960000038146973,90000
2010-09-08,4.037690162658691,5.0,5.150000095367432,4.900000095367432,5.150000095367432,324000
2010-09-09,3.9973127841949463,4.949999809265137,5.0,4.809999942779541,5.0,226000
2010-09-10,3.876182794570923,4.800000190734863,5.0,4.800000190734863,4.949999809265137,196000
2010-09-13,3.876182794570923,4.800000190734863,4.849999904632568,4.800000190734863,4.849999904632568,504000
2010-09-14,3.8519561290740967,4.769999980926514,4.800000190734863,4.760000228881836,4.760000228881836,64000
2010-09-15,3.835805892944336,4.75,4.800000190734863,4.75,4.800000190734863,80000
2010-09-16,3.803504467010498,4.710000038146973,4.800000190734863,4.699999809265137,4.800000190734863,64000
2010-09-17,3.787353515625,4.690000057220459,4.75,4.690000057220459,4.710000038146973,86000
2010-09-20,3.9165596961975098,4.849999904632568,4.849999904632568,4.730000019073486,4.730000019073486,48000
2010-09-21,3.811580181121826,4.71999979019165,4.75,4.699999809265137,4.75,58000
2010-09-22,3.835805892944336,4.75,4.900000095367432,4.75,4.849999904632568,190000
2010-09-24,3.876182794570923,4.800000190734863,4.949999809265137,4.71999979019165,4.71999979019165,154000
2010-09-27,3.892333745956421,4.820000171661377,4.849999904632568,4.760000228881836,4.760000228881836,239000
2010-09-28,3.9811625480651855,4.929999828338623,4.96999979019165,4.78000020980835,4.820000171661377,246000
2010-09-29,3.9973127841949463,4.949999809265137,4.949999809265137,4.840000152587891,4.840000152587891,302000
2010-09-30,3.9730870723724365,4.920000076293945,5.0,4.900000095367432,4.949999809265137,610000
2010-10-04,3.9730870723724365,4.920000076293945,4.949999809265137,4.880000114440918,4.900000095367432,226000
2010-10-05,3.9650113582611084,4.909999847412109,4.909999847412109,4.860000133514404,4.900000095367432,142000
2010-10-06,4.037690162658691,5.0,5.0,4.900000095367432,4.929999828338623,190000
2010-10-07,4.021539211273193,4.980000019073486,4.980000019073486,4.900000095367432,4.929999828338623,52000
2010-10-08,3.9569363594055176,4.900000095367432,4.900000095367432,4.900000095367432,4.900000095367432,40000
2010-10-11,4.0053887367248535,4.960000038146973,4.980000019073486,4.960000038146973,4.96999979019165,25000
2010-10-12,3.9973127841949463,4.949999809265137,5.039999961853027,4.800000190734863,5.039999961853027,174000
2010-10-13,4.037690162658691,5.0,5.050000190734863,4.900000095367432,5.050000190734863,500000
2010-10-14,4.021539211273193,4.980000019073486,5.019999980926514,4.900000095367432,5.0,490000
2010-10-15,3.9569363594055176,4.900000095367432,5.0,4.849999904632568,5.0,530000
2010-10-18,3.9165596961975098,4.849999904632568,4.860000133514404,4.820000171661377,4.860000133514404,174000
2010-10-19,3.9165596961975098,4.849999904632568,4.900000095367432,4.800000190734863,4.820000171661377,211000
2010-10-20,3.876182794570923,4.800000190734863,4.900000095367432,4.800000190734863,4.800000190734863,1170000
2010-10-21,3.876182794570923,4.800000190734863,4.829999923706055,4.75,4.75,524000
2010-10-22,3.884258508682251,4.809999942779541,4.809999942779541,4.78000020980835,4.800000190734863,245000
2010-10-25,3.9569363594055176,4.900000095367432,4.949999809265137,4.829999923706055,4.840000152587891,222000
2010-10-26,4.029614448547363,4.989999771118164,5.050000190734863,4.920000076293945,4.920000076293945,1092000
2010-10-27,4.029614448547363,4.989999771118164,5.079999923706055,4.980000019073486,5.079999923706055,1040000
2010-10-28,4.0457658767700195,5.010000228881836,5.050000190734863,4.949999809265137,4.949999809265137,338000
2010-10-29,4.118443965911865,5.099999904632568,5.099999904632568,4.949999809265137,4.949999809265137,366000
2010-11-01,4.037690162658691,5.0,5.110000133514404,5.0,5.110000133514404,76000
2010-11-02,4.037690162658691,5.0,5.079999923706055,5.0,5.079999923706055,96000
2010-11-03,3.9973127841949463,4.949999809265137,5.079999923706055,4.849999904632568,4.920000076293945,170000
2010-11-04,4.037690162658691,5.0,5.019999980926514,4.929999828338623,5.0,616000
2010-11-05,3.9650113582611084,4.909999847412109,5.019999980926514,4.909999847412109,4.989999771118164,962000
2010-11-08,3.9892380237579346,4.940000057220459,5.0,4.900000095367432,4.949999809265137,158000
2010-11-09,4.029614448547363,4.989999771118164,5.099999904632568,4.860000133514404,5.050000190734863,366000
2010-11-10,3.9650113582611084,4.909999847412109,5.0,4.860000133514404,5.0,106000
2010-11-11,3.9569363594055176,4.900000095367432,5.010000228881836,4.900000095367432,5.0,290000
2010-11-12,3.876182794570923,4.800000190734863,4.900000095367432,4.760000228881836,4.900000095367432,254000
2010-11-15,3.9084839820861816,4.840000152587891,4.840000152587891,4.75,4.78000020980835,78000
2010-11-16,3.803504467010498,4.710000038146973,4.820000171661377,4.650000095367432,4.820000171661377,292000
2010-11-17,3.722750425338745,4.610000133514404,4.800000190734863,4.610000133514404,4.800000190734863,192000
2010-11-18,3.835805892944336,4.75,4.769999980926514,4.570000171661377,4.570000171661377,444000
2010-11-19,3.811580181121826,4.71999979019165,4.71999979019165,4.690000057220459,4.710000038146973,116000
2010-11-22,3.811580181121826,4.71999979019165,4.71999979019165,4.690000057220459,4.71999979019165,4000
2010-11-23,3.795428514480591,4.699999809265137,4.699999809265137,4.599999904632568,4.599999904632568,64000
2010-11-24,3.714674949645996,4.599999904632568,4.699999809265137,4.599999904632568,4.699999809265137,120000
2010-11-25,3.779278039932251,4.679999828338623,4.78000020980835,4.659999847412109,4.75,402000
2010-11-26,3.779278039932251,4.679999828338623,4.75,4.679999828338623,4.75,328000
2010-11-29,3.819654941558838,4.730000019073486,4.730000019073486,4.599999904632568,4.639999866485596,180000
2010-11-30,3.771202802658081,4.670000076293945,4.75,4.639999866485596,4.75,340000
2010-12-01,3.8519561290740967,4.769999980926514,4.769999980926514,4.679999828338623,4.679999828338623,129659
2010-12-02,3.868107795715332,4.789999961853027,4.800000190734863,4.78000020980835,4.800000190734863,50000
2010-12-03,3.892333745956421,4.820000171661377,4.980000019073486,4.789999961853027,4.800000190734863,668000
2010-12-06,3.892333745956421,4.820000171661377,4.849999904632568,4.679999828338623,4.800000190734863,188000
2010-12-07,3.868107795715332,4.789999961853027,4.800000190734863,4.690000057220459,4.699999809265137,176000
2010-12-08,3.868107795715332,4.789999961853027,4.789999961853027,4.71999979019165,4.71999979019165,22000
2010-12-09,3.827730417251587,4.739999771118164,4.820000171661377,4.670000076293945,4.670000076293945,184000
2010-12-10,3.819654941558838,4.730000019073486,4.78000020980835,4.710000038146973,4.739999771118164,172000
2010-12-13,3.8519561290740967,4.769999980926514,4.820000171661377,4.650000095367432,4.650000095367432,98000
2010-12-14,3.876182794570923,4.800000190734863,4.820000171661377,4.75,4.75,640000
2010-12-15,3.892333745956421,4.820000171661377,4.820000171661377,4.769999980926514,4.78000020980835,112000
2010-12-16,3.835805892944336,4.75,4.849999904632568,4.75,4.849999904632568,264000
2010-12-17,3.811580181121826,4.71999979019165,4.820000171661377,4.659999847412109,4.75,196000
2010-12-20,3.746976852416992,4.639999866485596,4.699999809265137,4.539999961853027,4.659999847412109,152000
2010-12-21,3.795428514480591,4.699999809265137,4.760000228881836,4.650000095367432,4.670000076293945,336000
2010-12-22,3.795428514480591,4.699999809265137,4.800000190734863,4.610000133514404,4.610000133514404,136000
2010-12-23,3.730825662612915,4.619999885559082,4.630000114440918,4.619999885559082,4.630000114440918,30000
2010-12-24,3.698524236679077,4.579999923706055,4.619999885559082,4.579999923706055,4.619999885559082,224000
2010-12-28,3.835805892944336,4.75,4.800000190734863,4.590000152587891,4.619999885559082,74000
2010-12-29,3.827730417251587,4.739999771118164,4.760000228881836,4.599999904632568,4.599999904632568,72000
2010-12-30,3.714674949645996,4.599999904632568,4.71999979019165,4.599999904632568,4.71999979019165,16000
2010-12-31,3.876182794570923,4.800000190734863,4.800000190734863,4.679999828338623,4.679999828338623,62000
2011-01-03,3.868107795715332,4.789999961853027,4.800000190734863,4.789999961853027,4.800000190734863,28000
2011-01-04,3.9165596961975098,4.849999904632568,4.900000095367432,4.789999961853027,4.800000190734863,444000
2011-01-05,3.9165596961975098,4.849999904632568,4.880000114440918,4.849999904632568,4.849999904632568,356000
2011-01-06,3.9165596961975098,4.849999904632568,4.849999904632568,4.809999942779541,4.849999904632568,132000
2011-01-07,3.9165596961975098,4.849999904632568,5.0,4.849999904632568,4.849999904632568,1226000
2011-01-10,4.118443965911865,5.099999904632568,5.25,5.050000190734863,5.050000190734863,264000
2011-01-11,4.199197292327881,5.199999809265137,5.25,5.050000190734863,5.050000190734863,236000
2011-01-12,4.360705852508545,5.400000095367432,5.539999961853027,5.25,5.300000190734863,482000
2011-01-13,4.433383941650391,5.489999771118164,5.53000020980835,5.349999904632568,5.400000095367432,216000
2011-01-14,4.296102523803711,5.320000171661377,5.5,5.309999942779541,5.5,168000
2011-01-17,4.352629661560059,5.389999866485596,5.400000095367432,5.25,5.300000190734863,490000
2011-01-18,4.344554424285889,5.380000114440918,5.5,5.380000114440918,5.389999866485596,462000
2011-01-19,4.401082515716553,5.449999809265137,5.449999809265137,5.300000190734863,5.300000190734863,192200
2011-01-20,4.247650623321533,5.260000228881836,5.320000171661377,5.21999979019165,5.320000171661377,548000
2011-01-21,4.263801574707031,5.28000020980835,5.309999942779541,5.25,5.300000190734863,236000
2011-01-24,4.376856327056885,5.420000076293945,5.429999828338623,5.230000019073486,5.300000190734863,614000
2011-01-25,4.199197292327881,5.199999809265137,5.28000020980835,5.150000095367432,5.230000019073486,64000
2011-01-26,4.271876335144043,5.289999961853027,5.300000190734863,5.300000190734863,5.300000190734863,12000
2011-01-27,4.118443965911865,5.099999904632568,5.300000190734863,5.0,5.119999885559082,88000
2011-01-28,4.078067302703857,5.050000190734863,5.230000019073486,5.039999961853027,5.099999904632568,356000
2011-01-31,4.199197292327881,5.199999809265137,5.199999809265137,5.050000190734863,5.050000190734863,128000
2011-02-01,4.118443965911865,5.099999904632568,5.199999809265137,5.0,5.199999809265137,328000
2011-02-02,4.231499195098877,5.239999771118164,5.239999771118164,5.239999771118164,5.239999771118164,2000
2011-02-07,4.231499195098877,5.239999771118164,5.25,5.199999809265137,5.199999809265137,160000
2011-02-08,4.199197292327881,5.199999809265137,5.260000228881836,5.070000171661377,5.199999809265137,202000
2011-02-09,4.199197292327881,5.199999809265137,5.300000190734863,5.139999866485596,5.300000190734863,196000
2011-02-10,4.215348720550537,5.21999979019165,5.21999979019165,5.159999847412109,5.159999847412109,248000
2011-02-11,4.263801574707031,5.28000020980835,5.28000020980835,5.159999847412109,5.179999828338623,304000
2011-02-14,4.360705852508545,5.400000095367432,5.400000095367432,5.389999866485596,5.400000095367432,36000
2011-02-15,4.279952049255371,5.300000190734863,5.400000095367432,5.300000190734863,5.400000095367432,86000
2011-02-16,4.360705852508545,5.400000095367432,5.400000095367432,5.300000190734863,5.300000190734863,170000
2011-02-17,4.401082515716553,5.449999809265137,5.449999809265137,5.349999904632568,5.349999904632568,150000
2011-02-18,4.360705852508545,5.400000095367432,5.440000057220459,5.440000057220459,5.420000076293945,4000
2011-02-21,4.360705852508545,5.400000095367432,5.449999809265137,5.320000171661377,5.449999809265137,90000
2011-02-22,4.352629661560059,5.389999866485596,5.400000095367432,5.25,5.25,138000
2011-02-23,4.393007278442383,5.440000057220459,5.5,5.360000133514404,5.400000095367432,528000
2011-02-24,4.344554424285889,5.380000114440918,5.400000095367432,5.119999885559082,5.400000095367432,484000
2011-02-25,4.352629661560059,5.389999866485596,5.389999866485596,5.210000038146973,5.380000114440918,106000
2011-02-28,4.433383941650391,5.489999771118164,5.489999771118164,5.340000152587891,5.400000095367432,94000
2011-03-01,4.360705852508545,5.400000095367432,5.550000190734863,5.309999942779541,5.550000190734863,88000
2011-03-02,4.384932041168213,5.429999828338623,5.480000019073486,5.309999942779541,5.480000019073486,70000
2011-03-03,4.393007278442383,5.440000057220459,5.650000095367432,5.360000133514404,5.440000057220459,72000
2011-03-04,4.401082515716553,5.449999809265137,5.449999809265137,5.349999904632568,5.360000133514404,82000
2011-03-07,4.417232990264893,5.46999979019165,5.46999979019165,5.360000133514404,5.440000057220459,320000
2011-03-08,4.417232990264893,5.46999979019165,5.480000019073486,5.400000095367432,5.440000057220459,64000
2011-03-09,4.296102523803711,5.320000171661377,5.400000095367432,5.320000171661377,5.380000114440918,588000
2011-03-10,4.393007278442383,5.440000057220459,5.449999809265137,5.320000171661377,5.320000171661377,18000
2011-03-11,4.4253082275390625,5.480000019073486,5.480000019073486,5.300000190734863,5.440000057220459,70000
2011-03-14,4.384932041168213,5.429999828338623,5.670000076293945,5.329999923706055,5.670000076293945,78000
2011-03-15,4.279952049255371,5.300000190734863,5.349999904632568,5.25,5.300000190734863,276000
2011-03-16,4.352629661560059,5.389999866485596,5.389999866485596,5.079999923706055,5.289999961853027,130000
2011-03-17,4.320328235626221,5.349999904632568,5.349999904632568,5.349999904632568,5.349999904632568,56000
2011-03-18,4.158821105957031,5.150000095367432,5.340000152587891,5.150000095367432,5.199999809265137,1066000
2011-03-21,4.401082515716553,5.449999809265137,5.449999809265137,5.110000133514404,5.110000133514404,84000
2011-03-22,4.384932041168213,5.429999828338623,5.429999828338623,5.300000190734863,5.349999904632568,150000
2011-03-23,4.215348720550537,5.21999979019165,5.46999979019165,5.210000038146973,5.449999809265137,150000
2011-03-24,4.393007278442383,5.440000057220459,5.440000057220459,5.230000019073486,5.230000019073486,92000
2011-03-25,4.393007278442383,5.440000057220459,5.449999809265137,5.389999866485596,5.449999809265137,100000
2011-03-28,4.312253475189209,5.340000152587891,5.340000152587891,5.340000152587891,5.340000152587891,42000
2011-03-29,4.344554424285889,5.380000114440918,5.449999809265137,5.380000114440918,5.440000057220459,422000
2011-03-30,4.393007278442383,5.440000057220459,5.46999979019165,5.400000095367432,5.440000057220459,186000
2011-03-31,4.393007278442383,5.440000057220459,5.449999809265137,5.380000114440918,5.449999809265137,124000
2011-04-01,4.352629661560059,5.389999866485596,5.329999923706055,5.309999942779541,5.309999942779541,22000
2011-04-04,4.328403949737549,5.360000133514404,5.360000133514404,5.360000133514404,5.400000095367432,8000
2011-04-06,4.384932041168213,5.429999828338623,5.440000057220459,5.309999942779541,5.400000095367432,196000
2011-04-07,4.376856327056885,5.420000076293945,5.440000057220459,5.389999866485596,5.389999866485596,140000
2011-04-08,4.401082515716553,5.449999809265137,5.480000019073486,5.210000038146973,5.360000133514404,394000
2011-04-11,4.401082515716553,5.449999809265137,5.480000019073486,5.400000095367432,5.449999809265137,90000
2011-04-12,4.296102523803711,5.320000171661377,5.389999866485596,5.199999809265137,5.389999866485596,154000
2011-04-13,4.376856327056885,5.420000076293945,5.429999828338623,5.349999904632568,5.409999847412109,38000
2011-04-14,4.401082515716553,5.449999809265137,5.449999809265137,5.349999904632568,5.360000133514404,280000
2011-04-15,4.401082515716553,5.449999809265137,5.480000019073486,5.360000133514404,5.449999809265137,146000
2011-04-18,4.279952049255371,5.300000190734863,5.400000095367432,5.21999979019165,5.21999979019165,72000
2011-04-19,4.360705852508545,5.400000095367432,5.400000095367432,5.260000228881836,5.340000152587891,62000
2011-04-20,4.360705852508545,5.400000095367432,5.409999847412109,5.349999904632568,5.400000095367432,808000
2011-04-21,4.393007278442383,5.440000057220459,5.440000057220459,5.300000190734863,5.349999904632568,196000
2011-04-26,4.360705852508545,5.400000095367432,5.440000057220459,5.380000114440918,5.389999866485596,920000
2011-04-27,4.296102523803711,5.320000171661377,5.320000171661377,5.309999942779541,5.309999942779541,32000
2011-04-28,4.239574909210205,5.25,5.300000190734863,5.25,5.300000190734863,38000
2011-04-29,4.239574909210205,5.25,5.25,5.230000019073486,5.25,28000
2011-05-03,4.247650623321533,5.260000228881836,5.25,5.25,5.25,62000
2011-05-04,4.279952049255371,5.300000190734863,5.420000076293945,5.300000190734863,5.400000095367432,182000
2011-05-05,4.304177284240723,5.329999923706055,5.429999828338623,5.329999923706055,5.429999828338623,126000
2011-05-06,4.320328235626221,5.349999904632568,5.349999904632568,5.28000020980835,5.329999923706055,106000
2011-05-09,4.409157752990723,5.460000038146973,5.460000038146973,5.260000228881836,5.349999904632568,236000
2011-05-11,4.528007507324219,5.409999847412109,5.5,5.389999866485596,5.480000019073486,342000
2011-05-12,4.59496545791626,5.489999771118164,5.489999771118164,5.300000190734863,5.389999866485596,198000
2011-05-13,4.59496545791626,5.489999771118164,5.489999771118164,5.489999771118164,5.489999771118164,0
2011-05-16,4.444310188293457,5.309999942779541,5.309999942779541,5.309999942779541,5.309999942779541,12000
2011-05-17,4.444310188293457,5.309999942779541,5.400000095367432,5.25,5.300000190734863,48200
2011-05-18,4.502898693084717,5.380000114440918,5.380000114440918,5.380000114440918,5.380000114440918,2000
2011-05-19,4.318764686584473,5.159999847412109,5.400000095367432,5.150000095367432,5.400000095367432,40000
2011-05-20,4.352243423461914,5.199999809265137,5.309999942779541,5.010000228881836,5.159999847412109,16000
2011-05-23,4.276916980743408,5.110000133514404,5.199999809265137,5.099999904632568,5.099999904632568,56000
2011-05-24,4.486159324645996,5.360000133514404,5.5,5.190000057220459,5.190000057220459,1196000
2011-05-25,4.444310188293457,5.309999942779541,5.320000171661377,5.309999942779541,5.309999942779541,96450
2011-05-26,4.4275712966918945,5.289999961853027,5.289999961853027,5.289999961853027,5.289999961853027,14000
2011-05-27,4.435941219329834,5.300000190734863,5.400000095367432,5.300000190734863,5.300000190734863,74000
2011-05-30,4.477788925170898,5.349999904632568,5.300000190734863,5.300000190734863,5.300000190734863,20000
2011-05-31,4.461049556732178,5.329999923706055,5.380000114440918,5.300000190734863,5.300000190734863,74000
2011-06-01,4.502898693084717,5.380000114440918,5.380000114440918,5.380000114440918,5.380000114440918,28000
2011-06-02,4.435941219329834,5.300000190734863,5.300000190734863,5.25,5.25,22000
2011-06-03,4.477788925170898,5.349999904632568,5.349999904632568,5.199999809265137,5.199999809265137,74000
2011-06-07,4.477788925170898,5.349999904632568,5.480000019073486,5.199999809265137,5.199999809265137,100000
2011-06-08,4.435941219329834,5.300000190734863,5.369999885559082,5.269999980926514,5.289999961853027,314000
2011-06-09,4.293656349182129,5.130000114440918,5.25,5.099999904632568,5.25,416000
2011-06-10,4.310395240783691,5.150000095367432,5.150000095367432,5.039999961853027,5.099999904632568,164000
2011-06-13,4.511268138885498,5.389999866485596,5.449999809265137,4.800000190734863,5.0,202000
2011-06-14,4.435941219329834,5.300000190734863,5.389999866485596,5.159999847412109,5.380000114440918,140000
2011-06-15,4.209959030151367,5.03000020980835,5.199999809265137,5.0,5.159999847412109,530000
2011-06-16,4.201589107513428,5.019999980926514,5.039999961853027,5.0,5.0,216000
2011-06-17,4.201589107513428,5.019999980926514,5.300000190734863,4.980000019073486,4.980000019073486,200000
2011-06-20,4.176479816436768,4.989999771118164,5.019999980926514,4.760000228881836,5.019999980926514,261000
2011-06-21,4.050934791564941,4.840000152587891,4.900000095367432,4.840000152587891,4.900000095367432,27451
2011-06-22,4.176479816436768,4.989999771118164,4.989999771118164,4.989999771118164,4.989999771118164,6000
2011-06-23,4.117892265319824,4.920000076293945,5.019999980926514,4.989999771118164,5.0,72000
2011-06-24,4.184849739074707,5.0,5.0,4.929999828338623,5.0,100000
2011-06-27,4.184849739074707,5.0,5.0,5.0,5.0,38000
2011-06-28,4.168110370635986,4.980000019073486,5.0,4.900000095367432,5.0,86000
2011-06-29,4.176479816436768,4.989999771118164,5.0,5.0,5.0,40000
2011-06-30,4.2601776123046875,5.090000152587891,5.190000057220459,5.0,5.0,204000
2011-07-04,4.184849739074707,5.0,5.090000152587891,5.0,5.090000152587891,94000
2011-07-05,4.143001079559326,4.949999809265137,5.0,4.949999809265137,5.0,26000
2011-07-06,4.143001079559326,4.949999809265137,5.03000020980835,4.949999809265137,5.0,124000
2011-07-07,4.168110370635986,4.980000019073486,5.059999942779541,4.929999828338623,4.949999809265137,444000
2011-07-08,4.1011528968811035,4.900000095367432,4.929999828338623,4.849999904632568,4.900000095367432,382000
2011-07-11,4.034195423126221,4.820000171661377,4.820000171661377,4.809999942779541,4.820000171661377,12000
2011-07-12,4.1011528968811035,4.900000095367432,5.0,4.820000171661377,4.849999904632568,782000
2011-07-13,4.067674160003662,4.860000133514404,5.0,4.860000133514404,4.900000095367432,574000
2011-07-14,4.059304237365723,4.849999904632568,4.909999847412109,4.849999904632568,4.860000133514404,314000
2011-07-15,4.1011528968811035,4.900000095367432,5.099999904632568,4.809999942779541,4.809999942779541,756000
2011-07-18,4.151371002197266,4.960000038146973,5.25,4.960000038146973,5.050000190734863,898000
2011-07-19,4.226698398590088,5.050000190734863,5.050000190734863,4.949999809265137,4.960000038146973,124000
2011-07-20,4.352243423461914,5.199999809265137,5.239999771118164,4.949999809265137,5.099999904632568,900000
2011-07-21,4.352243423461914,5.199999809265137,5.300000190734863,5.199999809265137,5.300000190734863,18000
2011-07-22,4.352243423461914,5.199999809265137,5.25,5.110000133514404,5.199999809265137,284000
2011-07-25,4.335504055023193,5.179999828338623,5.25,5.099999904632568,5.099999904632568,398000
2011-07-26,4.335504055023193,5.179999828338623,5.179999828338623,5.099999904632568,5.170000076293945,280000
2011-07-27,4.335504055023193,5.179999828338623,5.199999809265137,5.179999828338623,5.199999809265137,88000
2011-07-28,4.335504055023193,5.179999828338623,5.199999809265137,5.019999980926514,5.019999980926514,194000
2011-07-29,4.327134609222412,5.170000076293945,5.170000076293945,5.099999904632568,5.110000133514404,80000
2011-08-01,4.343873977661133,5.190000057220459,5.190000057220459,5.170000076293945,5.170000076293945,22000
2011-08-02,4.285285949707031,5.119999885559082,5.170000076293945,5.070000171661377,5.170000076293945,72000
2011-08-03,4.2601776123046875,5.090000152587891,5.119999885559082,4.960000038146973,5.119999885559082,274000
2011-08-04,4.2685465812683105,5.099999904632568,5.099999904632568,5.0,5.0,40000
2011-08-05,4.143001079559326,4.949999809265137,5.099999904632568,4.800000190734863,5.099999904632568,372000
2011-08-08,4.143001079559326,4.949999809265137,5.0,4.699999809265137,4.900000095367432,318000
2011-08-09,3.9588682651519775,4.730000019073486,4.880000114440918,4.559999942779541,4.869999885559082,526000
2011-08-10,3.950498580932617,4.71999979019165,4.900000095367432,4.650000095367432,4.730000019073486,124000
2011-08-11,3.883540630340576,4.639999866485596,4.78000020980835,4.5,4.639999866485596,462000
2011-08-12,4.0007171630859375,4.78000020980835,4.800000190734863,4.360000133514404,4.360000133514404,146000
2011-08-15,3.992347002029419,4.769999980926514,4.800000190734863,4.630000114440918,4.769999980926514,668000
2011-08-16,3.925389051437378,4.690000057220459,4.800000190734863,4.690000057220459,4.800000190734863,36000
2011-08-17,4.0007171630859375,4.78000020980835,4.789999961853027,4.789999961853027,4.789999961853027,22000
2011-08-18,3.950498580932617,4.71999979019165,4.71999979019165,4.510000228881836,4.699999809265137,116000
2011-08-19,3.8668007850646973,4.619999885559082,4.800000190734863,4.5,4.5,150000
2011-08-22,3.883540630340576,4.639999866485596,4.769999980926514,4.480000019073486,4.480000019073486,972000
2011-08-23,3.925389051437378,4.690000057220459,4.800000190734863,4.400000095367432,4.800000190734863,688000
2011-08-24,3.925389051437378,4.690000057220459,4.690000057220459,4.690000057220459,4.690000057220459,46000
2011-08-25,3.9170193672180176,4.679999828338623,4.699999809265137,4.679999828338623,4.699999809265137,62000
2011-08-26,3.8249528408050537,4.570000171661377,4.769999980926514,4.550000190734863,4.550000190734863,58000
2011-08-29,3.992347002029419,4.769999980926514,4.789999961853027,4.71999979019165,4.789999961853027,112000
2011-08-30,4.0174560546875,4.800000190734863,4.800000190734863,4.800000190734863,4.800000190734863,12000
2011-08-31,4.0007171630859375,4.78000020980835,4.800000190734863,4.679999828338623,4.800000190734863,60000
2011-09-01,3.9170193672180176,4.679999828338623,4.800000190734863,4.679999828338623,4.710000038146973,242000
2011-09-02,3.9170193672180176,4.679999828338623,4.679999828338623,4.679999828338623,4.679999828338623,0
2011-09-05,3.9170193672180176,4.679999828338623,4.679999828338623,4.679999828338623,4.679999828338623,0
2011-09-06,3.8500614166259766,4.599999904632568,4.690000057220459,4.599999904632568,4.679999828338623,50000
2011-09-07,3.858431577682495,4.610000133514404,4.599999904632568,4.599999904632568,4.599999904632568,32000
2011-09-08,3.9756076335906982,4.75,4.800000190734863,4.710000038146973,4.78000020980835,82000
2011-09-09,4.0007171630859375,4.78000020980835,4.78000020980835,4.659999847412109,4.75,30000
2011-09-12,3.833322048187256,4.579999923706055,4.579999923706055,4.579999923706055,4.579999923706055,2000
2011-09-14,3.7914743423461914,4.53000020980835,4.599999904632568,4.300000190734863,4.599999904632568,212000
2011-09-15,3.9337587356567383,4.699999809265137,4.699999809265137,4.329999923706055,4.329999923706055,54000
2011-09-16,3.691037178039551,4.409999847412109,4.639999866485596,4.409999847412109,4.5,84000
2011-09-19,3.691037178039551,4.409999847412109,4.409999847412109,4.409999847412109,4.409999847412109,4000
2011-09-20,3.6157102584838867,4.320000171661377,4.320000171661377,4.300000190734863,4.300000190734863,90000
2011-09-21,3.6575586795806885,4.369999885559082,4.380000114440918,4.300000190734863,4.300000190734863,32000
2011-09-22,3.4232075214385986,4.090000152587891,4.099999904632568,3.9800000190734863,4.010000228881836,388000
2011-09-23,3.3980979919433594,4.059999942779541,4.070000171661377,3.9800000190734863,3.9800000190734863,423600
2011-09-26,3.3478801250457764,4.0,4.090000152587891,4.010000228881836,4.090000152587891,134000
2011-09-27,3.406467914581299,4.070000171661377,4.199999809265137,4.0,4.079999923706055,68000
2011-09-28,3.5654919147491455,4.260000228881836,4.269999980926514,4.070000171661377,4.070000171661377,62000
2011-09-30,3.506904125213623,4.190000057220459,4.199999809265137,3.9000000953674316,4.059999942779541,344000
2011-10-03,3.2892918586730957,3.930000066757202,3.940000057220459,3.5999999046325684,3.5999999046325684,40000
2011-10-04,3.414837598800659,4.079999923706055,4.099999904632568,3.990000009536743,3.990000009536743,100000
2011-10-06,3.5152735710144043,4.199999809265137,4.199999809265137,4.079999923706055,4.079999923706055,74000
2011-10-07,3.5571224689483643,4.25,4.269999980926514,4.190000057220459,4.199999809265137,230000
2011-10-10,3.5571224689483643,4.25,4.25,4.25,4.25,0
2011-10-11,3.573861598968506,4.269999980926514,4.349999904632568,4.25,4.349999904632568,82000
2011-10-12,3.5654919147491455,4.260000228881836,4.369999885559082,4.260000228881836,4.369999885559082,56000
2011-10-13,3.431576728820801,4.099999904632568,4.099999904632568,4.010000228881836,4.099999904632568,222000
2011-10-14,3.322770833969116,3.9700000286102295,4.050000190734863,3.9700000286102295,4.050000190734863,90000
2011-10-17,3.2307040691375732,3.859999895095825,4.099999904632568,3.8499999046325684,3.9000000953674316,208000
2011-10-18,3.3478801250457764,4.0,3.859999895095825,3.859999895095825,3.859999895095825,46000
2011-10-19,3.3478801250457764,4.0,4.0,4.0,4.0,0
2011-10-20,3.414837598800659,4.079999923706055,4.079999923706055,4.079999923706055,4.079999923706055,2500
2011-10-21,3.414837598800659,4.079999923706055,4.079999923706055,4.079999923706055,4.079999923706055,0
2011-10-24,3.3478801250457764,4.0,4.0,4.0,4.0,32000
2011-10-25,3.3478801250457764,4.0,4.0,4.0,4.0,0
2011-10-26,3.3478801250457764,4.0,3.990000009536743,3.799999952316284,3.799999952316284,64000
2011-10-27,3.389728546142578,4.050000190734863,4.099999904632568,3.9000000953674316,4.0,56000
2011-10-28,3.4399468898773193,4.110000133514404,4.199999809265137,3.9200000762939453,4.099999904632568,368000
2011-10-31,3.2641828060150146,3.9000000953674316,4.039999961853027,3.8399999141693115,4.039999961853027,148000
2011-11-01,3.180485725402832,3.799999952316284,3.9000000953674316,3.799999952316284,3.9000000953674316,76000
2011-11-02,3.130267858505249,3.740000009536743,3.740000009536743,3.6500000953674316,3.740000009536743,260000
2011-11-03,3.038201093673706,3.630000114440918,3.7200000286102295,3.619999885559082,3.7200000286102295,102000
2011-11-04,3.0967891216278076,3.700000047683716,3.7200000286102295,3.700000047683716,3.700000047683716,74000
2011-11-07,3.0967891216278076,3.700000047683716,3.740000009536743,3.619999885559082,3.740000009536743,38000
2011-11-08,3.180485725402832,3.799999952316284,3.799999952316284,3.680000066757202,3.740000009536743,730000
2011-11-09,3.2641828060150146,3.9000000953674316,3.9000000953674316,3.799999952316284,3.799999952316284,250000
2011-11-10,3.080049514770508,3.680000066757202,3.799999952316284,3.680000066757202,3.799999952316284,20000
2011-11-11,3.1218981742858887,3.7300000190734863,3.7300000190734863,3.680000066757202,3.7300000190734863,90000
2011-11-14,3.1218981742858887,3.7300000190734863,3.75,3.7200000286102295,3.7200000286102295,102000
2011-11-15,3.1218981742858887,3.7300000190734863,3.75,3.7300000190734863,3.75,52000
2011-11-16,3.0967891216278076,3.700000047683716,3.7200000286102295,3.700000047683716,3.7200000286102295,64000
2011-11-17,3.0967891216278076,3.700000047683716,3.700000047683716,3.700000047683716,3.700000047683716,0
2011-11-18,3.013091802597046,3.5999999046325684,3.6600000858306885,3.5,3.6600000858306885,544000
2011-11-21,2.946134328842163,3.5199999809265137,3.5999999046325684,3.509999990463257,3.5999999046325684,184000
2011-11-22,2.9293947219848633,3.5,3.5999999046325684,3.5,3.509999990463257,256000
2011-11-23,3.080049514770508,3.680000066757202,3.680000066757202,3.4000000953674316,3.4000000953674316,138000
2011-11-24,3.013091802597046,3.5999999046325684,3.680000066757202,3.5799999237060547,3.5999999046325684,476000
2011-11-25,3.180485725402832,3.799999952316284,3.799999952316284,3.5999999046325684,3.5999999046325684,100000
2011-11-28,3.0967891216278076,3.700000047683716,3.7799999713897705,3.5799999237060547,3.7799999713897705,332000
2011-11-29,3.013091802597046,3.5999999046325684,3.75,3.5999999046325684,3.5999999046325684,368000
2011-11-30,2.962873697280884,3.5399999618530273,3.5999999046325684,3.5299999713897705,3.5999999046325684,16000
2011-12-01,3.080049514770508,3.680000066757202,3.700000047683716,3.390000104904175,3.559999942779541,200130
2011-12-02,3.080049514770508,3.680000066757202,3.680000066757202,3.5999999046325684,3.5999999046325684,150000
2011-12-05,3.0967891216278076,3.700000047683716,3.8499999046325684,3.430000066757202,3.5199999809265137,172000
2011-12-06,3.0967891216278076,3.700000047683716,3.75,3.7200000286102295,3.7200000286102295,60000
2011-12-07,3.0967891216278076,3.700000047683716,3.700000047683716,3.5,3.5,36000
2011-12-08,3.0716798305511475,3.6700000762939453,3.6700000762939453,3.559999942779541,3.6700000762939453,56000
2011-12-09,3.013091802597046,3.5999999046325684,3.700000047683716,3.5999999046325684,3.6500000953674316,76000
2011-12-12,3.0549402236938477,3.6500000953674316,3.700000047683716,3.5199999809265137,3.5199999809265137,14000
2011-12-13,2.971243381500244,3.549999952316284,3.680000066757202,3.5399999618530273,3.6500000953674316,148000
2011-12-14,2.971243381500244,3.549999952316284,3.630000114440918,3.549999952316284,3.630000114440918,176000
2011-12-15,3.013091802597046,3.5999999046325684,3.5999999046325684,3.5999999046325684,3.5999999046325684,44000
2011-12-16,2.971243381500244,3.549999952316284,3.680000066757202,3.5299999713897705,3.5999999046325684,860000
2011-12-19,2.9126553535461426,3.4800000190734863,3.5399999618530273,3.4800000190734863,3.5299999713897705,538000
2011-12-20,2.7871100902557373,3.3299999237060547,3.5,3.319999933242798,3.319999933242798,328675
2011-12-21,2.8456976413726807,3.4000000953674316,3.4100000858306885,3.3399999141693115,3.4000000953674316,80000
2011-12-22,2.762000799179077,3.299999952316284,3.4000000953674316,3.299999952316284,3.4000000953674316,196000
2011-12-23,2.803849220275879,3.3499999046325684,3.3499999046325684,3.299999952316284,3.299999952316284,230000
2011-12-28,2.803849220275879,3.3499999046325684,3.3499999046325684,3.3499999046325684,3.3499999046325684,24000
2011-12-29,2.7871100902557373,3.3299999237060547,3.390000104904175,3.200000047683716,3.200000047683716,214500
2011-12-30,3.0047221183776855,3.5899999141693115,3.5899999141693115,3.450000047683716,3.450000047683716,94000
2012-01-03,3.0465705394744873,3.640000104904175,3.6500000953674316,3.5799999237060547,3.5799999237060547,32000
2012-01-04,2.996352434158325,3.5799999237060547,3.5999999046325684,3.569999933242798,3.569999933242798,38000
2012-01-05,2.9042856693267822,3.4700000286102295,3.4700000286102295,3.4700000286102295,3.4700000286102295,8000
2012-01-06,2.996352434158325,3.5799999237060547,3.5999999046325684,3.569999933242798,3.5899999141693115,58000
2012-01-09,2.996352434158325,3.5799999237060547,3.5799999237060547,3.5,3.5799999237060547,60000
2012-01-10,2.9545040130615234,3.5299999713897705,3.5799999237060547,3.5,3.5,168000
2012-01-11,2.946134328842163,3.5199999809265137,3.5799999237060547,3.4700000286102295,3.5799999237060547,108000
2012-01-12,2.9126553535461426,3.4800000190734863,3.4800000190734863,3.4800000190734863,3.4800000190734863,66000
2012-01-13,3.063309907913208,3.6600000858306885,3.6600000858306885,3.450000047683716,3.450000047683716,228000
2012-01-16,3.013091802597046,3.5999999046325684,3.5999999046325684,3.5,3.5999999046325684,290000
2012-01-17,3.013091802597046,3.5999999046325684,3.680000066757202,3.549999952316284,3.5799999237060547,526000
2012-01-18,3.013091802597046,3.5999999046325684,3.5999999046325684,3.5999999046325684,3.5999999046325684,90000
2012-01-19,3.0465705394744873,3.640000104904175,3.640000104904175,3.5999999046325684,3.5999999046325684,446000
2012-01-20,3.0214617252349854,3.609999895095825,3.799999952316284,3.5999999046325684,3.640000104904175,80000
2012-01-26,3.0047221183776855,3.5899999141693115,3.609999895095825,3.5799999237060547,3.609999895095825,64000
2012-01-27,3.013091802597046,3.5999999046325684,3.5999999046325684,3.5899999141693115,3.5999999046325684,206000
2012-01-30,2.971243381500244,3.549999952316284,3.5999999046325684,3.549999952316284,3.5999999046325684,350000
2012-01-31,2.971243381500244,3.549999952316284,3.569999933242798,3.5,3.5,28000
2012-02-01,2.9293947219848633,3.5,3.549999952316284,3.5,3.549999952316284,8000
2012-02-02,2.9293947219848633,3.5,3.559999942779541,3.5,3.559999942779541,304000
2012-02-03,2.987982749938965,3.569999933242798,3.5799999237060547,3.4800000190734863,3.4800000190734863,13000
2012-02-06,3.013091802597046,3.5999999046325684,3.5999999046325684,3.5999999046325684,3.5999999046325684,396000
2012-02-07,3.013091802597046,3.5999999046325684,3.5999999046325684,3.5999999046325684,3.5999999046325684,1208000
2012-02-08,3.013091802597046,3.5999999046325684,3.609999895095825,3.5999999046325684,3.5999999046325684,4884000
2012-02-09,3.080049514770508,3.680000066757202,3.759999990463257,3.5799999237060547,3.5999999046325684,1644000
2012-02-10,3.0465705394744873,3.640000104904175,3.75,3.5999999046325684,3.75,418000
2012-02-13,3.105158805847168,3.7100000381469727,3.7300000190734863,3.619999885559082,3.640000104904175,540000
2012-02-14,3.1386375427246094,3.75,3.8299999237060547,3.700000047683716,3.7100000381469727,794000
2012-02-15,3.222334384918213,3.8499999046325684,3.9000000953674316,3.75,3.759999990463257,428000
2012-02-16,3.297661542892456,3.940000057220459,3.9600000381469727,3.8499999046325684,3.8499999046325684,1326000
2012-02-17,3.389728546142578,4.050000190734863,4.079999923706055,3.8499999046325684,3.950000047683716,1120000
2012-02-20,3.5236434936523438,4.210000038146973,4.239999771118164,4.139999866485596,4.139999866485596,2004000
2012-02-21,3.5152735710144043,4.199999809265137,4.210000038146973,4.179999828338623,4.210000038146973,798000
2012-02-22,3.624079942703247,4.329999923706055,4.360000133514404,4.199999809265137,4.199999809265137,1300000
2012-02-23,3.6491892337799072,4.360000133514404,4.420000076293945,4.199999809265137,4.380000114440918,1230000
2012-02-24,3.624079942703247,4.329999923706055,4.380000114440918,4.25,4.380000114440918,680000
2012-02-27,3.481794834136963,4.159999847412109,4.300000190734863,4.119999885559082,4.300000190734863,884000
2012-02-28,3.598970890045166,4.300000190734863,4.300000190734863,4.150000095367432,4.170000076293945,304000
2012-02-29,3.5654919147491455,4.260000228881836,4.340000152587891,4.130000114440918,4.320000171661377,250000
2012-03-01,3.4734253883361816,4.150000095367432,4.230000019073486,4.130000114440918,4.230000019073486,384037
2012-03-02,3.573861598968506,4.269999980926514,4.289999961853027,4.199999809265137,4.230000019073486,202000
2012-03-05,3.6157102584838867,4.320000171661377,4.320000171661377,4.28000020980835,4.28000020980835,280000
2012-03-06,3.506904125213623,4.190000057220459,4.349999904632568,4.170000076293945,4.349999904632568,236000
2012-03-07,3.5571224689483643,4.25,4.320000171661377,4.190000057220459,4.320000171661377,8000
2012-03-08,3.67429780960083,4.389999866485596,4.400000095367432,4.21999979019165,4.239999771118164,444000
2012-03-09,3.783104181289673,4.519999980926514,4.599999904632568,4.360000133514404,4.400000095367432,868000
2012-03-12,3.783104181289673,4.519999980926514,4.559999942779541,4.46999979019165,4.489999771118164,98000
2012-03-13,3.8919103145599365,4.650000095367432,4.710000038146973,4.570000171661377,4.570000171661377,1478000
2012-03-14,3.783104181289673,4.519999980926514,4.760000228881836,4.449999809265137,4.739999771118164,1038000
2012-03-15,3.8249528408050537,4.570000171661377,4.71999979019165,4.559999942779541,4.71999979019165,442000
2012-03-16,3.808213472366333,4.550000190734863,4.559999942779541,4.480000019073486,4.5,130000
2012-03-20,3.6826679706573486,4.400000095367432,4.599999904632568,4.380000114440918,4.599999904632568,544000
2012-03-21,3.691037178039551,4.409999847412109,4.510000228881836,4.300000190734863,4.510000228881836,394000
2012-03-22,3.6826679706573486,4.400000095367432,4.440000057220459,4.369999885559082,4.440000057220459,72000
2012-03-23,3.6491892337799072,4.360000133514404,4.360000133514404,4.28000020980835,4.340000152587891,166000
2012-03-26,3.7663650512695312,4.5,4.5,4.360000133514404,4.360000133514404,582000
2012-03-27,3.808213472366333,4.550000190734863,4.559999942779541,4.519999980926514,4.519999980926514,262000
2012-03-28,3.7663650512695312,4.5,4.559999942779541,4.480000019073486,4.550000190734863,88000
2012-03-29,3.665928602218628,4.380000114440918,4.380000114440918,4.380000114440918,4.380000114440918,10000
2012-03-30,3.691037178039551,4.409999847412109,4.489999771118164,4.380000114440918,4.380000114440918,200000
2012-04-02,3.808213472366333,4.550000190734863,4.550000190734863,4.400000095367432,4.409999847412109,309600
2012-04-03,3.9756076335906982,4.75,4.75,4.599999904632568,4.639999866485596,213600
2012-04-05,4.1011528968811035,4.900000095367432,5.0,4.710000038146973,4.760000228881836,1326000
2012-04-10,4.151371002197266,4.960000038146973,5.0,4.900000095367432,5.0,274000
2012-04-11,4.134631633758545,4.940000057220459,4.989999771118164,4.940000057220459,4.960000038146973,692000
2012-04-12,4.143001079559326,4.949999809265137,4.960000038146973,4.920000076293945,4.940000057220459,94000
2012-04-13,4.109522342681885,4.909999847412109,4.989999771118164,4.909999847412109,4.949999809265137,811600
2012-04-16,4.184849739074707,5.0,5.0,4.889999866485596,4.909999847412109,812000
2012-04-17,4.168110370635986,4.980000019073486,5.0,4.699999809265137,5.0,232000
2012-04-18,4.1932196617126465,5.010000228881836,5.03000020980835,4.900000095367432,4.900000095367432,1026000
2012-04-19,4.1932196617126465,5.010000228881836,5.010000228881836,4.960000038146973,4.960000038146973,162000
2012-04-20,4.159740447998047,4.96999979019165,4.96999979019165,4.940000057220459,4.940000057220459,22000
2012-04-23,4.151371002197266,4.960000038146973,4.989999771118164,4.900000095367432,4.96999979019165,335600
2012-04-24,4.1262617111206055,4.929999828338623,4.989999771118164,4.909999847412109,4.989999771118164,524000
2012-04-25,4.226698398590088,5.050000190734863,5.099999904632568,4.949999809265137,4.949999809265137,1236000
2012-04-26,4.168110370635986,4.980000019073486,5.03000020980835,4.949999809265137,5.03000020980835,670000
2012-04-27,4.143001079559326,4.949999809265137,4.980000019073486,4.949999809265137,4.980000019073486,326000
2012-04-30,4.1011528968811035,4.900000095367432,5.0,4.880000114440918,5.0,78000
2012-05-02,4.067674160003662,4.860000133514404,4.900000095367432,4.840000152587891,4.900000095367432,660000
2012-05-03,4.050934791564941,4.840000152587891,4.860000133514404,4.820000171661377,4.860000133514404,206000
2012-05-04,3.967237949371338,4.739999771118164,4.820000171661377,4.710000038146973,4.820000171661377,36000
2012-05-07,3.9170193672180176,4.679999828338623,4.679999828338623,4.599999904632568,4.599999904632568,434000
2012-05-08,3.8500614166259766,4.599999904632568,4.650000095367432,4.590000152587891,4.650000095367432,162000
2012-05-09,3.724515914916992,4.449999809265137,4.559999942779541,4.440000057220459,4.5,192000
2012-05-10,3.724515914916992,4.449999809265137,4.53000020980835,4.400000095367432,4.400000095367432,490000
2012-05-11,3.724515914916992,4.449999809265137,4.449999809265137,4.449999809265137,4.449999809265137,6000
2012-05-14,3.5152735710144043,4.199999809265137,4.449999809265137,4.199999809265137,4.449999809265137,70000
2012-05-15,3.6826679706573486,4.400000095367432,4.449999809265137,4.210000038146973,4.210000038146973,170000
2012-05-16,3.6826679706573486,4.400000095367432,4.400000095367432,4.400000095367432,4.400000095367432,0
2012-05-17,3.5152735710144043,4.199999809265137,4.400000095367432,4.199999809265137,4.389999866485596,76000
2012-05-18,3.5152735710144043,4.199999809265137,4.309999942779541,4.199999809265137,4.309999942779541,174000
2012-05-21,3.624079942703247,4.329999923706055,4.329999923706055,4.199999809265137,4.199999809265137,66000
2012-05-22,3.665928602218628,4.380000114440918,4.380000114440918,4.300000190734863,4.360000133514404,410000
2012-05-23,3.665928602218628,4.380000114440918,4.380000114440918,4.380000114440918,4.380000114440918,0
2012-05-24,3.5403828620910645,4.230000019073486,4.380000114440918,4.199999809265137,4.380000114440918,866000
2012-05-25,3.5822315216064453,4.28000020980835,4.28000020980835,4.199999809265137,4.199999809265137,26000
2012-05-28,3.5403828620910645,4.230000019073486,4.230000019073486,4.230000019073486,4.230000019073486,30000
2012-05-29,3.5152735710144043,4.199999809265137,4.28000020980835,4.199999809265137,4.28000020980835,1944000
2012-05-30,3.339510440826416,3.990000009536743,4.199999809265137,3.9700000286102295,4.199999809265137,800000
2012-05-31,3.3478801250457764,4.0,4.03000020980835,3.9800000190734863,3.9800000190734863,190000
2012-06-01,3.3478801250457764,4.0,4.019999980926514,4.0,4.019999980926514,532000
2012-06-04,3.2558131217956543,3.890000104904175,4.0,3.7799999713897705,3.7799999713897705,90000
2012-06-05,3.222334384918213,3.8499999046325684,3.890000104904175,3.8499999046325684,3.890000104904175,24000
2012-06-06,3.3311405181884766,3.9800000190734863,4.010000228881836,4.0,4.010000228881836,22000
2012-06-07,3.314401149749756,3.9600000381469727,4.0,3.950000047683716,4.0,196000
2012-06-08,3.314401149749756,3.9600000381469727,3.9600000381469727,3.9600000381469727,3.9600000381469727,0
2012-06-11,3.3478801250457764,4.0,4.099999904632568,3.950000047683716,4.0,306000
2012-06-12,3.3311405181884766,3.9800000190734863,4.0,3.9600000381469727,4.0,310000
2012-06-13,3.339510440826416,3.990000009536743,4.0,3.9600000381469727,3.9800000190734863,674000
2012-06-14,3.3311405181884766,3.9800000190734863,4.0,3.940000057220459,4.0,218000
2012-06-15,3.3478801250457764,4.0,4.010000228881836,3.9800000190734863,4.0,2268000
2012-06-18,3.3478801250457764,4.0,4.010000228881836,3.990000009536743,4.0,584000
2012-06-19,3.3478801250457764,4.0,4.0,3.950000047683716,4.0,626000
2012-06-20,3.399498224258423,3.799999952316284,3.9000000953674316,3.740000009536743,3.9000000953674316,156000
2012-06-21,3.327930212020874,3.7200000286102295,3.7899999618530273,3.700000047683716,3.7200000286102295,74000
2012-06-22,3.390552282333374,3.7899999618530273,3.880000114440918,3.700000047683716,3.700000047683716,74000
2012-06-25,3.3637144565582275,3.759999990463257,3.7899999618530273,3.75,3.7899999618530273,46000
2012-06-26,3.336876392364502,3.7300000190734863,3.75,3.609999895095825,3.75,26000
2012-06-27,3.3100383281707764,3.700000047683716,3.7300000190734863,3.7300000190734863,3.7300000190734863,2000
2012-06-28,3.265307903289795,3.6500000953674316,3.6500000953674316,3.6500000953674316,3.6500000953674316,34000
2012-06-29,3.265307903289795,3.6500000953674316,3.6500000953674316,3.509999990463257,3.6500000953674316,339137
2012-07-03,3.3100383281707764,3.700000047683716,3.7799999713897705,3.6500000953674316,3.6500000953674316,442000
2012-07-04,3.3100383281707764,3.700000047683716,3.75,3.640000104904175,3.700000047683716,2044000
2012-07-05,3.3547682762145996,3.75,3.759999990463257,3.700000047683716,3.75,944000
2012-07-06,3.5784196853637695,4.0,4.010000228881836,3.759999990463257,3.799999952316284,914000
2012-07-09,3.5157971382141113,3.930000066757202,3.990000009536743,3.890000104904175,3.990000009536743,334000
2012-07-10,3.3726603984832764,3.7699999809265137,3.9000000953674316,3.75,3.9000000953674316,96000
2012-07-11,3.5157971382141113,3.930000066757202,3.930000066757202,3.9000000953674316,3.9000000953674316,342000
2012-07-12,3.5784196853637695,4.0,4.0,3.9200000762939453,3.9200000762939453,394000
2012-07-13,3.5157971382141113,3.930000066757202,4.050000190734863,3.9000000953674316,3.9000000953674316,158000
2012-07-16,3.5157971382141113,3.930000066757202,3.930000066757202,3.859999895095825,3.9000000953674316,12000
2012-07-17,3.52474308013916,3.940000057220459,3.940000057220459,3.940000057220459,3.940000057220459,22000
2012-07-18,3.52474308013916,3.940000057220459,3.940000057220459,3.940000057220459,3.940000057220459,6000
2012-07-19,3.4889590740203857,3.9000000953674316,3.9000000953674316,3.890000104904175,3.9000000953674316,28000
2012-07-20,3.4442286491394043,3.8499999046325684,3.9200000762939453,3.799999952316284,3.799999952316284,556000
2012-07-23,3.4442286491394043,3.8499999046325684,3.8499999046325684,3.8499999046325684,3.8499999046325684,0
2012-07-24,3.4442286491394043,3.8499999046325684,3.8499999046325684,3.8499999046325684,3.8499999046325684,0
2012-07-25,3.399498224258423,3.799999952316284,3.799999952316284,3.799999952316284,3.799999952316284,234000
2012-07-26,3.4442286491394043,3.8499999046325684,3.869999885559082,3.799999952316284,3.809999942779541,140000
2012-07-27,3.4442286491394043,3.8499999046325684,3.940000057220459,3.8499999046325684,3.8499999046325684,138000
2012-07-30,3.5068509578704834,3.9200000762939453,3.950000047683716,3.9000000953674316,3.9000000953674316,382000
2012-07-31,3.551581382751465,3.9700000286102295,3.990000009536743,3.940000057220459,3.950000047683716,166000
2012-08-01,3.5784196853637695,4.0,4.0,3.9700000286102295,3.9700000286102295,300000
2012-08-02,3.5068509578704834,3.9200000762939453,4.0,3.9200000762939453,4.0,156000
2012-08-03,3.5605275630950928,3.9800000190734863,4.0,3.9600000381469727,4.0,76000
2012-08-06,3.542635440826416,3.9600000381469727,4.0,3.9600000381469727,4.0,130000
2012-08-07,3.5784196853637695,4.0,4.0,3.9600000381469727,4.0,166000
2012-08-08,3.5694735050201416,3.990000009536743,4.0,3.9600000381469727,4.0,148000
2012-08-09,3.5784196853637695,4.0,4.0,4.0,4.0,8000
2012-08-10,3.533689260482788,3.950000047683716,4.0,3.950000047683716,4.0,62000
2012-08-13,3.4979052543640137,3.9100000858306885,3.9100000858306885,3.9000000953674316,3.9100000858306885,26000
2012-08-14,3.4889590740203857,3.9000000953674316,3.9100000858306885,3.7100000381469727,3.7100000381469727,50000
2012-08-15,3.542635440826416,3.9600000381469727,3.990000009536743,3.9600000381469727,3.9800000190734863,116000
2012-08-16,3.533689260482788,3.950000047683716,3.9600000381469727,3.950000047683716,3.9600000381469727,210000
2012-08-17,3.4889590740203857,3.9000000953674316,3.950000047683716,3.9000000953674316,3.950000047683716,106000
2012-08-20,3.4442286491394043,3.8499999046325684,3.950000047683716,3.75,3.799999952316284,1172000
2012-08-21,3.533689260482788,3.950000047683716,3.950000047683716,3.8399999141693115,3.8399999141693115,1426000
2012-08-22,3.4889590740203857,3.9000000953674316,3.950000047683716,3.9000000953674316,3.9000000953674316,582000
2012-08-23,3.676826238632202,4.110000133514404,4.110000133514404,3.9000000953674316,3.9000000953674316,596000
2012-08-24,3.8468010425567627,4.300000190734863,4.300000190734863,4.010000228881836,4.099999904632568,1514000
2012-08-27,3.7126104831695557,4.150000095367432,4.150000095367432,4.059999942779541,4.059999942779541,20000
2012-08-28,3.8468010425567627,4.300000190734863,4.320000171661377,4.159999847412109,4.28000020980835,264000
2012-08-29,3.8020708560943604,4.25,4.300000190734863,4.25,4.300000190734863,32000
2012-08-30,3.694718599319458,4.130000114440918,4.159999847412109,4.130000114440918,4.159999847412109,70000
2012-08-31,3.7036640644073486,4.139999866485596,4.139999866485596,4.130000114440918,4.130000114440918,34000
2012-09-03,3.7573401927948,4.199999809265137,4.199999809265137,4.190000057220459,4.199999809265137,410000
2012-09-04,3.748394250869751,4.190000057220459,4.199999809265137,4.090000152587891,4.199999809265137,230000
2012-09-05,3.623149871826172,4.050000190734863,4.190000057220459,4.0,4.190000057220459,12000
2012-09-06,3.6589338779449463,4.090000152587891,4.190000057220459,4.079999923706055,4.190000057220459,46000
2012-09-07,3.667879819869995,4.099999904632568,4.199999809265137,4.019999980926514,4.050000190734863,908000
2012-09-10,3.667879819869995,4.099999904632568,4.199999809265137,4.099999904632568,4.099999904632568,2128000
2012-09-11,3.694718599319458,4.130000114440918,4.199999809265137,4.079999923706055,4.099999904632568,568000
2012-09-12,3.7573401927948,4.199999809265137,4.329999923706055,4.099999904632568,4.099999904632568,1644000
2012-09-13,3.8020708560943604,4.25,4.300000190734863,4.159999847412109,4.199999809265137,924000
2012-09-14,3.8378548622131348,4.289999961853027,4.309999942779541,4.25,4.25,906000
2012-09-17,3.918369770050049,4.380000114440918,4.440000057220459,4.349999904632568,4.380000114440918,1220000
2012-09-18,3.8825855255126953,4.340000152587891,4.449999809265137,4.340000152587891,4.400000095367432,656000
2012-09-19,3.828908920288086,4.28000020980835,4.349999904632568,4.28000020980835,4.340000152587891,34000
2012-09-20,3.7662863731384277,4.210000038146973,4.28000020980835,4.179999828338623,4.199999809265137,957600
2012-09-21,3.7573401927948,4.199999809265137,4.440000057220459,4.170000076293945,4.170000076293945,548000
2012-09-24,3.7215561866760254,4.159999847412109,4.260000228881836,4.099999904632568,4.199999809265137,220000
2012-09-25,3.739448070526123,4.179999828338623,4.199999809265137,4.170000076293945,4.199999809265137,130000
2012-09-26,3.8020708560943604,4.25,4.25,4.070000171661377,4.070000171661377,148000
2012-09-27,3.819962739944458,4.269999980926514,4.269999980926514,4.159999847412109,4.199999809265137,704000
2012-09-28,3.9362614154815674,4.400000095367432,4.489999771118164,4.300000190734863,4.300000190734863,252000
2012-10-03,3.891530990600586,4.349999904632568,4.380000114440918,4.349999904632568,4.380000114440918,48000
2012-10-04,3.9094231128692627,4.369999885559082,4.579999923706055,4.269999980926514,4.579999923706055,52000
2012-10-05,3.828908920288086,4.28000020980835,4.320000171661377,4.210000038146973,4.210000038146973,120000
2012-10-08,3.793124198913574,4.239999771118164,4.28000020980835,4.199999809265137,4.28000020980835,1440000
2012-10-09,3.8020708560943604,4.25,4.289999961853027,4.230000019073486,4.239999771118164,804000
2012-10-10,3.793124198913574,4.239999771118164,4.25,4.210000038146973,4.25,1118000
2012-10-11,3.667879819869995,4.099999904632568,4.230000019073486,4.099999904632568,4.230000019073486,1302000
2012-10-12,3.748394250869751,4.190000057220459,4.199999809265137,4.039999961853027,4.150000095367432,722000
2012-10-15,3.828908920288086,4.28000020980835,4.28000020980835,4.190000057220459,4.190000057220459,160000
2012-10-16,3.739448070526123,4.179999828338623,4.210000038146973,4.179999828338623,4.210000038146973,760000
2012-10-17,3.7662863731384277,4.210000038146973,4.349999904632568,4.159999847412109,4.199999809265137,630000
2012-10-18,3.7305026054382324,4.170000076293945,4.210000038146973,4.119999885559082,4.210000038146973,1632000
2012-10-19,3.6499879360198975,4.079999923706055,4.199999809265137,4.059999942779541,4.179999828338623,560000
2012-10-22,3.685772180557251,4.119999885559082,4.119999885559082,4.059999942779541,4.070000171661377,474000
2012-10-24,3.6499879360198975,4.079999923706055,4.239999771118164,4.0,4.159999847412109,1368000
2012-10-25,3.623149871826172,4.050000190734863,4.099999904632568,4.0,4.03000020980835,610000
2012-10-26,3.5068509578704834,3.9200000762939453,4.010000228881836,3.9000000953674316,4.010000228881836,676000
2012-10-29,3.605257987976074,4.03000020980835,4.03000020980835,3.9600000381469727,4.0,74000
2012-10-30,3.5784196853637695,4.0,4.0,3.9700000286102295,3.9700000286102295,514000
2012-10-31,3.542635440826416,3.9600000381469727,4.03000020980835,3.940000057220459,4.010000228881836,346000
2012-11-01,3.685772180557251,4.119999885559082,4.139999866485596,3.990000009536743,4.0,562000
2012-11-02,3.793124198913574,4.239999771118164,4.309999942779541,4.179999828338623,4.179999828338623,674000
2012-11-05,3.8646929264068604,4.320000171661377,4.360000133514404,4.230000019073486,4.25,356000
2012-11-06,3.9273152351379395,4.389999866485596,4.46999979019165,4.340000152587891,4.389999866485596,990000
2012-11-07,3.8557467460632324,4.309999942779541,4.5,4.28000020980835,4.5,160000
2012-11-08,3.7036640644073486,4.139999866485596,4.449999809265137,4.079999923706055,4.260000228881836,858000
2012-11-09,3.676826238632202,4.110000133514404,4.199999809265137,4.099999904632568,4.139999866485596,502000
2012-11-12,3.748394250869751,4.190000057220459,4.199999809265137,4.179999828338623,4.179999828338623,138000
2012-11-13,3.739448070526123,4.179999828338623,4.25,4.179999828338623,4.21999979019165,462000
2012-11-14,3.7752320766448975,4.21999979019165,4.230000019073486,4.179999828338623,4.230000019073486,414000
2012-11-15,3.7036640644073486,4.139999866485596,4.239999771118164,4.130000114440918,4.21999979019165,824000
2012-11-16,3.7662863731384277,4.210000038146973,4.239999771118164,4.139999866485596,4.139999866485596,156000
2012-11-19,3.8646929264068604,4.320000171661377,4.320000171661377,4.21999979019165,4.239999771118164,688000
2012-11-20,3.7573401927948,4.199999809265137,4.5,4.199999809265137,4.349999904632568,354000
2012-11-21,3.7573401927948,4.199999809265137,4.25,4.179999828338623,4.179999828338623,44000
2012-11-22,3.7573401927948,4.199999809265137,4.199999809265137,4.199999809265137,4.199999809265137,34000
2012-11-23,3.7841784954071045,4.230000019073486,4.369999885559082,4.199999809265137,4.21999979019165,416000
2012-11-26,3.9094231128692627,4.369999885559082,4.380000114440918,4.25,4.25,50000
2012-11-27,3.8020708560943604,4.25,4.380000114440918,4.25,4.380000114440918,380000
2012-11-28,3.8020708560943604,4.25,4.269999980926514,4.239999771118164,4.25,198000
2012-11-29,3.811016798019409,4.260000228881836,4.340000152587891,4.21999979019165,4.269999980926514,284000
2012-11-30,4.0078301429748535,4.480000019073486,4.480000019073486,4.25,4.260000228881836,1164000
2012-12-03,4.043613910675049,4.519999980926514,4.650000095367432,4.389999866485596,4.460000038146973,1251221
2012-12-04,4.016776084899902,4.489999771118164,4.5,4.300000190734863,4.5,672000
2012-12-05,4.231481075286865,4.730000019073486,4.739999771118164,4.360000133514404,4.400000095367432,2524000
2012-12-06,4.2046427726745605,4.699999809265137,4.71999979019165,4.599999904632568,4.690000057220459,820000
2012-12-07,4.2046427726745605,4.699999809265137,4.699999809265137,4.630000114440918,4.650000095367432,258000
2012-12-10,4.473024368286133,5.0,5.03000020980835,4.610000133514404,4.610000133514404,5344000
2012-12-11,4.437240123748779,4.960000038146973,5.039999961853027,4.949999809265137,5.039999961853027,812000
2012-12-12,4.392509460449219,4.909999847412109,5.0,4.889999866485596,5.0,600000
2012-12-13,4.392509460449219,4.909999847412109,4.96999979019165,4.860000133514404,4.909999847412109,112000
2012-12-14,4.401455879211426,4.920000076293945,5.0,4.889999866485596,4.909999847412109,330000
2012-12-17,4.508808612823486,5.039999961853027,5.150000095367432,4.920000076293945,4.920000076293945,538000
2012-12-18,4.481970310211182,5.010000228881836,5.340000152587891,5.0,5.179999828338623,1562000
2012-12-19,4.60721492767334,5.150000095367432,5.239999771118164,5.039999961853027,5.050000190734863,1106000
2012-12-20,4.651944637298584,5.199999809265137,5.260000228881836,5.099999904632568,5.199999809265137,878000
2012-12-21,4.70562219619751,5.260000228881836,5.300000190734863,5.199999809265137,5.199999809265137,1664000
2012-12-24,4.70562219619751,5.260000228881836,5.300000190734863,5.25,5.300000190734863,138000
2012-12-27,4.786135673522949,5.349999904632568,5.449999809265137,5.260000228881836,5.260000228881836,2336000
2012-12-28,4.750351905822754,5.309999942779541,5.369999885559082,5.25,5.340000152587891,1944000
2012-12-31,4.804028034210205,5.369999885559082,5.449999809265137,5.349999904632568,5.349999904632568,766000
2013-01-02,4.947165489196777,5.53000020980835,5.570000171661377,5.349999904632568,5.360000133514404,656000
2013-01-03,5.215546131134033,5.829999923706055,5.849999904632568,5.570000171661377,5.570000171661377,926000
2013-01-04,5.242384910583496,5.860000133514404,6.070000171661377,5.829999923706055,5.940000057220459,1510000
2013-01-07,5.1976542472839355,5.809999942779541,5.889999866485596,5.75,5.860000133514404,1106000
2013-01-08,5.018733501434326,5.610000133514404,5.880000114440918,5.550000190734863,5.800000190734863,942000
2013-01-09,5.126086711883545,5.730000019073486,5.760000228881836,5.590000152587891,5.760000228881836,930000
2013-01-10,5.170816421508789,5.78000020980835,5.849999904632568,5.760000228881836,5.760000228881836,827329
2013-01-11,5.018733501434326,5.610000133514404,5.769999980926514,5.590000152587891,5.739999771118164,404000
2013-01-14,5.22449254989624,5.840000152587891,5.849999904632568,5.570000171661377,5.619999885559082,852000
2013-01-15,5.215546131134033,5.829999923706055,5.880000114440918,5.75,5.75,618000
2013-01-16,5.278168678283691,5.900000095367432,5.920000076293945,5.800000190734863,5.880000114440918,914000
2013-01-17,5.16187047958374,5.769999980926514,5.889999866485596,5.679999828338623,5.860000133514404,854000
2013-01-18,5.349737167358398,5.980000019073486,5.980000019073486,5.829999923706055,5.840000152587891,1766000
2013-01-21,5.653903007507324,6.320000171661377,6.329999923706055,5.980000019073486,5.980000019073486,2340000
2013-01-22,5.680740833282471,6.349999904632568,6.440000057220459,6.300000190734863,6.360000133514404,933000
2013-01-23,5.636010646820068,6.300000190734863,6.349999904632568,6.25,6.349999904632568,2122000
2013-01-24,5.636010646820068,6.300000190734863,6.599999904632568,6.25,6.599999904632568,1068000
2013-01-25,5.466035842895508,6.110000133514404,6.329999923706055,6.0,6.260000228881836,1794000
2013-01-28,5.644957065582275,6.309999942779541,6.340000152587891,6.170000076293945,6.199999809265137,1838000
2013-01-29,5.474981784820557,6.119999885559082,6.320000171661377,6.110000133514404,6.300000190734863,1947000
2013-01-30,5.591280460357666,6.25,6.260000228881836,6.110000133514404,6.21999979019165,332000
2013-01-31,5.698633193969727,6.369999885559082,6.5,6.059999942779541,6.059999942779541,1667000
2013-02-01,5.716525077819824,6.389999866485596,6.489999771118164,6.300000190734863,6.400000095367432,580144
2013-02-04,5.636010646820068,6.300000190734863,6.489999771118164,6.25,6.389999866485596,454000
2013-02-05,5.546550273895264,6.199999809265137,6.300000190734863,6.059999942779541,6.300000190734863,485000
2013-02-06,5.546550273895264,6.199999809265137,6.199999809265137,6.139999866485596,6.139999866485596,274000
2013-02-07,5.4302520751953125,6.070000171661377,6.400000095367432,6.03000020980835,6.400000095367432,992000
2013-02-08,5.501820087432861,6.150000095367432,6.289999961853027,6.0,6.0,712000
2013-02-14,5.546550273895264,6.199999809265137,6.199999809265137,6.119999885559082,5.070000171661377,206000
2013-02-15,5.671794891357422,6.340000152587891,6.429999828338623,6.139999866485596,6.289999961853027,578000
2013-02-18,5.546550273895264,6.199999809265137,6.28000020980835,6.139999866485596,6.230000019073486,788000
2013-02-19,5.313952922821045,5.940000057220459,6.150000095367432,5.889999866485596,6.130000114440918,1296000
2013-02-20,5.233438014984131,5.849999904632568,5.940000057220459,5.769999980926514,5.909999847412109,1622000
2013-02-21,5.3228983879089355,5.949999809265137,5.960000038146973,5.800000190734863,5.849999904632568,944000
2013-02-22,5.242384910583496,5.860000133514404,5.96999979019165,5.800000190734863,5.920000076293945,896000
2013-02-25,5.170816421508789,5.78000020980835,5.869999885559082,5.71999979019165,5.869999885559082,318000
2013-02-26,5.0634636878967285,5.659999847412109,5.829999923706055,5.659999847412109,5.75,390000
2013-02-27,5.090301990509033,5.690000057220459,5.849999904632568,5.550000190734863,5.849999904632568,442000
2013-02-28,5.215546131134033,5.829999923706055,5.949999809265137,5.630000114440918,5.71999979019165,1106000
2013-03-01,5.376575469970703,6.010000228881836,6.039999961853027,5.849999904632568,5.949999809265137,644000
2013-03-04,5.072409629821777,5.670000076293945,5.869999885559082,5.599999904632568,5.75,1112000
2013-03-05,4.8577046394348145,5.429999828338623,5.599999904632568,5.420000076293945,5.599999904632568,1242000
2013-03-06,4.982949256896973,5.570000171661377,5.619999885559082,5.5,5.5,1658000
2013-03-07,5.009787559509277,5.599999904632568,5.639999866485596,5.5,5.539999961853027,516000
2013-03-08,5.045571327209473,5.639999866485596,5.71999979019165,5.570000171661377,5.599999904632568,382000
2013-03-11,5.009787559509277,5.599999904632568,5.630000114440918,5.550000190734863,5.599999904632568,610000
2013-03-12,4.875596523284912,5.449999809265137,5.650000095367432,5.429999828338623,5.599999904632568,782000
2013-03-13,4.616160869598389,5.159999847412109,5.460000038146973,5.050000190734863,5.460000038146973,1406000
2013-03-14,4.5714311599731445,5.110000133514404,5.230000019073486,5.079999923706055,5.230000019073486,2172000
2013-03-15,4.884542465209961,5.460000038146973,5.480000019073486,5.269999980926514,5.460000038146973,1186000
2013-03-18,4.70562219619751,5.260000228881836,5.53000020980835,4.610000133514404,4.610000133514404,310000
2013-03-19,4.741405963897705,5.300000190734863,5.329999923706055,5.230000019073486,5.230000019073486,204000
2013-03-20,4.812974452972412,5.380000114440918,5.389999866485596,5.25,5.329999923706055,482000
2013-03-21,4.848758697509766,5.420000076293945,5.420000076293945,5.349999904632568,5.349999904632568,160000
2013-03-22,4.759298324584961,5.320000171661377,5.420000076293945,5.300000190734863,5.420000076293945,464000
2013-03-25,4.839812278747559,5.409999847412109,5.480000019073486,5.230000019073486,5.230000019073486,2948000
2013-03-26,4.9203267097473145,5.5,5.5,5.420000076293945,5.420000076293945,306000
2013-03-27,5.009787559509277,5.599999904632568,5.699999809265137,5.5,5.5,456000
2013-03-28,4.9203267097473145,5.5,5.760000228881836,5.5,5.650000095367432,772000
2013-04-02,4.965057373046875,5.550000190734863,5.659999847412109,5.550000190734863,5.570000171661377,1616000
2013-04-03,5.045571327209473,5.639999866485596,5.679999828338623,5.539999961853027,5.559999942779541,160000
2013-04-05,4.902434825897217,5.480000019073486,5.690000057220459,5.46999979019165,5.650000095367432,379000
2013-04-08,5.018733501434326,5.610000133514404,5.679999828338623,5.420000076293945,5.46999979019165,348000
2013-04-09,5.170816421508789,5.78000020980835,5.800000190734863,5.670000076293945,5.670000076293945,304000
2013-04-10,5.170816421508789,5.78000020980835,5.820000171661377,5.699999809265137,5.71999979019165,258000
2013-04-11,5.0634636878967285,5.659999847412109,5.800000190734863,5.659999847412109,5.78000020980835,362000
2013-04-12,5.126086711883545,5.730000019073486,5.78000020980835,5.679999828338623,5.679999828338623,234000
2013-04-15,5.072409629821777,5.670000076293945,5.730000019073486,5.659999847412109,5.679999828338623,134000
2013-04-16,5.22449254989624,5.840000152587891,5.920000076293945,5.650000095367432,5.650000095367432,1154000
2013-04-17,5.1976542472839355,5.809999942779541,5.840000152587891,5.769999980926514,5.840000152587891,300000
2013-04-18,5.090301990509033,5.690000057220459,5.840000152587891,5.619999885559082,5.840000152587891,778000
2013-04-19,5.1976542472839355,5.809999942779541,5.880000114440918,5.710000038146973,5.710000038146973,714000
2013-04-22,5.28711462020874,5.909999847412109,6.050000190734863,5.880000114440918,5.900000095367432,860000
2013-04-23,5.305006504058838,5.929999828338623,5.940000057220459,5.789999961853027,5.940000057220459,180000
2013-04-24,5.296061038970947,5.920000076293945,5.960000038146973,5.800000190734863,5.800000190734863,171710
2013-04-25,5.403412818908691,6.039999961853027,6.039999961853027,5.809999942779541,6.0,796000
2013-04-26,5.439197540283203,6.079999923706055,6.150000095367432,6.039999961853027,6.039999961853027,442000
2013-04-29,5.466035842895508,6.110000133514404,5.960000038146973,5.900000095367432,5.900000095367432,34000
2013-04-30,5.474981784820557,6.119999885559082,6.119999885559082,5.960000038146973,6.110000133514404,80000
2013-05-02,5.439197540283203,6.079999923706055,6.119999885559082,5.960000038146973,6.0,142000
2013-05-03,5.4302520751953125,6.070000171661377,6.079999923706055,6.0,6.079999923706055,192000
2013-05-06,5.528658390045166,6.179999828338623,6.269999980926514,6.130000114440918,6.139999866485596,460000
2013-05-07,5.528658390045166,6.179999828338623,6.230000019073486,6.099999904632568,6.199999809265137,174000
2013-05-08,5.618119239807129,6.28000020980835,6.300000190734863,6.090000152587891,6.090000152587891,980000
2013-05-09,5.770201206207275,6.449999809265137,6.480000019073486,6.28000020980835,6.28000020980835,688000
2013-05-10,5.707579135894775,6.380000114440918,6.449999809265137,6.329999923706055,6.409999847412109,880000
2013-05-13,5.79703950881958,6.480000019073486,6.489999771118164,6.349999904632568,6.369999885559082,106000
2013-05-14,5.537603855133057,6.190000057220459,6.449999809265137,6.099999904632568,6.449999809265137,794000
2013-05-15,5.636010646820068,6.300000190734863,6.300000190734863,6.199999809265137,6.199999809265137,248000
2013-05-16,5.573388576507568,6.230000019073486,6.389999866485596,6.110000133514404,6.300000190734863,271000
2013-05-20,5.680740833282471,6.349999904632568,6.429999828338623,6.230000019073486,6.230000019073486,624000
2013-05-21,5.716525077819824,6.389999866485596,6.449999809265137,6.300000190734863,6.349999904632568,360000
2013-05-22,5.618119239807129,6.28000020980835,6.320000171661377,6.25,6.289999961853027,68000
2013-05-23,5.260276794433594,5.880000114440918,6.25,5.809999942779541,6.25,1342000
2013-05-24,5.242384910583496,5.860000133514404,5.989999771118164,5.829999923706055,5.920000076293945,658000
2013-05-27,5.376575469970703,6.010000228881836,6.139999866485596,5.900000095367432,5.900000095367432,515000
2013-05-28,5.385521411895752,6.019999980926514,6.059999942779541,5.96999979019165,5.980000019073486,306000
2013-05-29,5.376575469970703,6.010000228881836,6.079999923706055,5.960000038146973,6.019999980926514,460000
2013-05-30,5.546550273895264,6.199999809265137,6.300000190734863,6.0,6.050000190734863,400000
2013-05-31,5.501820087432861,6.150000095367432,6.239999771118164,6.070000171661377,6.199999809265137,363080
2013-06-03,5.564442157745361,6.21999979019165,6.360000133514404,6.099999904632568,6.099999904632568,808000
2013-06-04,5.591280460357666,6.25,6.25,6.099999904632568,6.170000076293945,252000
2013-06-05,5.537603855133057,6.190000057220459,6.300000190734863,5.980000019073486,6.179999828338623,534000
2013-06-06,5.618119239807129,6.28000020980835,6.349999904632568,6.190000057220459,6.190000057220459,454000
2013-06-07,5.662849426269531,6.329999923706055,6.440000057220459,6.230000019073486,6.230000019073486,690000
2013-06-10,5.653903007507324,6.320000171661377,6.409999847412109,6.300000190734863,6.300000190734863,232000
2013-06-11,5.519711971282959,6.170000076293945,6.25,6.159999847412109,6.25,182000
2013-06-13,5.519711971282959,6.170000076293945,6.480000019073486,6.019999980926514,6.170000076293945,1277000
2013-06-14,5.680740833282471,6.349999904632568,6.429999828338623,6.179999828338623,6.260000228881836,1192000
2013-06-17,5.644957065582275,6.309999942779541,6.380000114440918,6.239999771118164,6.239999771118164,436000
2013-06-18,5.591280460357666,6.25,6.389999866485596,6.230000019073486,6.25,1912000
2013-06-19,5.69809627532959,6.099999904632568,6.199999809265137,6.059999942779541,6.099999904632568,712000
2013-06-20,5.567320346832275,5.960000038146973,6.090000152587891,5.869999885559082,6.010000228881836,1182000
2013-06-21,5.231039047241211,5.599999904632568,5.849999904632568,5.25,5.809999942779541,2112000
2013-06-24,4.904099464416504,5.25,5.559999942779541,5.210000038146973,5.559999942779541,812000
2013-06-25,5.455226898193359,5.840000152587891,5.96999979019165,4.730000019073486,5.199999809265137,1441076
2013-06-26,5.3057684898376465,5.679999828338623,5.829999923706055,5.550000190734863,5.550000190734863,348407
2013-06-27,5.315109729766846,5.690000057220459,5.75,5.679999828338623,5.690000057220459,120000
2013-06-28,5.4645676612854,5.849999904632568,5.849999904632568,5.710000038146973,5.710000038146973,248000
2013-07-02,5.455226898193359,5.840000152587891,5.880000114440918,5.760000228881836,5.789999961853027,216000
2013-07-03,5.22169828414917,5.590000152587891,5.880000114440918,5.590000152587891,5.849999904632568,257593
2013-07-04,5.361814975738525,5.739999771118164,5.760000228881836,5.610000133514404,5.610000133514404,393476
2013-07-05,5.361814975738525,5.739999771118164,5.789999961853027,5.690000057220459,5.739999771118164,1326000
2013-07-08,5.352474212646484,5.730000019073486,5.789999961853027,5.699999809265137,5.699999809265137,266000
2013-07-09,5.277745246887207,5.650000095367432,5.690000057220459,5.650000095367432,5.679999828338623,94000
2013-07-10,5.277745246887207,5.650000095367432,5.960000038146973,5.21999979019165,5.21999979019165,134000
2013-07-11,5.371156215667725,5.75,5.960000038146973,5.510000228881836,5.519999980926514,440000
2013-07-12,5.352474212646484,5.730000019073486,5.840000152587891,5.71999979019165,5.769999980926514,166000
2013-07-15,5.501932144165039,5.889999866485596,5.949999809265137,5.800000190734863,5.800000190734863,208000
2013-07-16,5.4645676612854,5.849999904632568,6.0,5.730000019073486,6.0,110000
2013-07-17,5.417862415313721,5.800000190734863,5.820000171661377,5.800000190734863,5.809999942779541,16000
2013-07-18,5.4645676612854,5.849999904632568,5.960000038146973,5.71999979019165,5.960000038146973,126000
2013-07-19,5.4645676612854,5.849999904632568,5.849999904632568,5.730000019073486,5.809999942779541,20000
2013-07-22,5.4085211753845215,5.789999961853027,5.900000095367432,5.71999979019165,5.760000228881836,42000
2013-07-23,5.399179935455322,5.78000020980835,5.900000095367432,5.650000095367432,5.730000019073486,264000
2013-07-24,5.436544895172119,5.820000171661377,5.840000152587891,5.71999979019165,5.75,118000
2013-07-25,5.4085211753845215,5.789999961853027,5.949999809265137,5.599999904632568,5.820000171661377,212000
2013-07-26,5.4085211753845215,5.789999961853027,5.800000190734863,5.71999979019165,5.800000190734863,36000
2013-07-29,5.324450492858887,5.699999809265137,5.699999809265137,5.619999885559082,5.619999885559082,26000
2013-07-30,5.324450492858887,5.699999809265137,5.699999809265137,5.650000095367432,5.650000095367432,8000
2013-07-31,5.333791732788086,5.710000038146973,5.800000190734863,5.630000114440918,5.699999809265137,148000
2013-08-01,5.3057684898376465,5.679999828338623,5.699999809265137,5.599999904632568,5.610000133514404,164000
2013-08-02,4.876075744628906,5.21999979019165,5.650000095367432,5.039999961853027,5.610000133514404,4650000
2013-08-05,4.969487190246582,5.320000171661377,5.389999866485596,5.28000020980835,5.289999961853027,1598000
2013-08-06,5.025534629821777,5.380000114440918,5.429999828338623,5.300000190734863,5.429999828338623,669000
2013-08-07,5.072239875793457,5.429999828338623,5.489999771118164,5.320000171661377,5.429999828338623,221000
2013-08-08,4.960146427154541,5.309999942779541,5.429999828338623,5.300000190734863,5.420000076293945,1284998
2013-08-09,5.090921878814697,5.449999809265137,5.510000228881836,5.400000095367432,5.400000095367432,8000
2013-08-12,5.128286838531494,5.489999771118164,5.5,5.449999809265137,5.449999809265137,204000
2013-08-13,5.277745246887207,5.650000095367432,5.650000095367432,5.460000038146973,5.460000038146973,602000
2013-08-14,5.277745246887207,5.650000095367432,5.650000095367432,5.650000095367432,5.650000095367432,0
2013-08-15,5.324450492858887,5.699999809265137,5.78000020980835,5.650000095367432,5.650000095367432,476000
2013-08-16,5.3057684898376465,5.679999828338623,5.800000190734863,5.659999847412109,5.699999809265137,246000
2013-08-19,5.231039047241211,5.599999904632568,5.610000133514404,5.559999942779541,5.610000133514404,38000
2013-08-20,5.3057684898376465,5.679999828338623,5.679999828338623,5.570000171661377,5.599999904632568,110000
2013-08-21,5.26840353012085,5.639999866485596,5.679999828338623,5.550000190734863,5.679999828338623,262000
2013-08-22,5.231039047241211,5.599999904632568,5.639999866485596,5.570000171661377,5.630000114440918,85000
2013-08-23,5.259063243865967,5.630000114440918,5.630000114440918,5.599999904632568,5.599999904632568,278000
2013-08-26,5.109604358673096,5.46999979019165,5.630000114440918,5.289999961853027,5.630000114440918,712000
2013-08-27,5.034875392913818,5.389999866485596,5.420000076293945,5.349999904632568,5.440000057220459,54000
2013-08-28,4.885417461395264,5.230000019073486,5.349999904632568,5.190000057220459,5.349999904632568,798000
2013-08-29,4.876075744628906,5.21999979019165,5.300000190734863,5.150000095367432,5.300000190734863,820000
2013-08-30,4.838711261749268,5.179999828338623,5.199999809265137,5.119999885559082,5.199999809265137,624000
2013-09-02,4.848052501678467,5.190000057220459,5.230000019073486,5.150000095367432,5.179999828338623,150000
2013-09-03,4.866734504699707,5.210000038146973,5.309999942779541,5.150000095367432,5.190000057220459,476000
2013-09-04,4.763981819152832,5.099999904632568,5.230000019073486,4.949999809265137,5.230000019073486,470000
2013-09-05,4.810688495635986,5.150000095367432,5.239999771118164,5.130000114440918,5.239999771118164,408000
2013-09-06,4.857393741607666,5.199999809265137,5.25,5.159999847412109,5.25,382000
2013-09-09,4.950805187225342,5.300000190734863,5.360000133514404,5.099999904632568,5.199999809265137,548000
2013-09-10,4.950805187225342,5.300000190734863,5.389999866485596,5.28000020980835,5.300000190734863,1152000
2013-09-11,4.960146427154541,5.309999942779541,5.349999904632568,5.269999980926514,5.300000190734863,384000
2013-09-12,5.053557395935059,5.409999847412109,5.449999809265137,5.329999923706055,5.400000095367432,1506000
2013-09-13,4.969487190246582,5.320000171661377,5.380000114440918,5.269999980926514,5.380000114440918,102000
2013-09-16,4.969487190246582,5.320000171661377,5.320000171661377,5.300000190734863,5.320000171661377,50000
2013-09-17,4.810688495635986,5.150000095367432,5.449999809265137,5.150000095367432,5.449999809265137,396000
2013-09-18,4.941463947296143,5.289999961853027,5.300000190734863,5.25,5.300000190734863,402000
2013-09-19,4.904099464416504,5.25,5.320000171661377,5.25,5.320000171661377,60000
2013-09-23,4.829370021820068,5.170000076293945,5.25,5.170000076293945,5.199999809265137,72000
2013-09-24,4.950805187225342,5.300000190734863,5.309999942779541,5.260000228881836,5.300000190734863,1188000
2013-09-25,4.932123184204102,5.28000020980835,5.289999961853027,5.21999979019165,5.21999979019165,186000
2013-09-26,4.820028781890869,5.159999847412109,5.28000020980835,5.159999847412109,5.239999771118164,302000
2013-09-27,4.838711261749268,5.179999828338623,5.260000228881836,5.159999847412109,5.159999847412109,291000
2013-09-30,4.820028781890869,5.159999847412109,5.239999771118164,5.110000133514404,5.239999771118164,50000
2013-10-02,4.9975104331970215,5.349999904632568,5.380000114440918,5.059999942779541,5.099999904632568,356000
2013-10-03,4.857393741607666,5.199999809265137,5.369999885559082,5.179999828338623,5.369999885559082,70000
2013-10-04,4.969487190246582,5.320000171661377,5.46999979019165,5.179999828338623,5.380000114440918,92000
2013-10-07,4.838711261749268,5.179999828338623,5.300000190734863,5.099999904632568,5.190000057220459,118000
2013-10-08,4.876075744628906,5.21999979019165,5.300000190734863,5.199999809265137,5.21999979019165,292000
2013-10-09,4.876075744628906,5.21999979019165,5.25,5.210000038146973,5.25,818000
2013-10-10,4.717276573181152,5.050000190734863,5.25,5.03000020980835,5.210000038146973,564000
2013-10-11,4.857393741607666,5.199999809265137,5.329999923706055,5.099999904632568,5.130000114440918,299000
2013-10-15,4.857393741607666,5.199999809265137,5.239999771118164,5.110000133514404,5.210000038146973,246000
2013-10-16,4.792006015777588,5.130000114440918,5.190000057220459,5.079999923706055,5.190000057220459,274000
2013-10-17,4.801346778869629,5.139999866485596,5.300000190734863,5.099999904632568,5.130000114440918,394000
2013-10-18,4.894758224487305,5.239999771118164,5.260000228881836,5.099999904632568,5.139999866485596,454000
2013-10-21,4.894758224487305,5.239999771118164,5.269999980926514,5.190000057220459,5.230000019073486,132000
2013-10-22,4.829370021820068,5.170000076293945,5.199999809265137,5.159999847412109,5.199999809265137,54000
2013-10-23,4.857393741607666,5.199999809265137,5.289999961853027,5.150000095367432,5.239999771118164,522000
2013-10-24,4.876075744628906,5.21999979019165,5.28000020980835,5.099999904632568,5.199999809265137,876000
2013-10-25,4.857393741607666,5.199999809265137,5.230000019073486,5.159999847412109,5.230000019073486,72000
2013-10-28,4.7826642990112305,5.119999885559082,5.25,5.119999885559082,5.179999828338623,160000
2013-10-29,4.922781467437744,5.269999980926514,5.269999980926514,5.139999866485596,5.210000038146973,966000
2013-10-30,5.062898635864258,5.420000076293945,5.449999809265137,5.269999980926514,5.269999980926514,948000
2013-10-31,5.240380764007568,5.610000133514404,5.630000114440918,5.380000114440918,5.630000114440918,846000
2013-11-01,5.137628078460693,5.5,5.550000190734863,5.449999809265137,5.550000190734863,150000
2013-11-04,5.231039047241211,5.599999904632568,5.599999904632568,5.409999847412109,5.409999847412109,178000
2013-11-05,5.231039047241211,5.599999904632568,5.619999885559082,5.489999771118164,5.489999771118164,86000
2013-11-06,5.137628078460693,5.5,5.650000095367432,5.489999771118164,5.630000114440918,194000
2013-11-07,5.165651798248291,5.53000020980835,5.639999866485596,5.5,5.559999942779541,238000
2013-11-08,4.960146427154541,5.309999942779541,5.590000152587891,5.300000190734863,5.539999961853027,172000
2013-11-11,5.137628078460693,5.5,5.539999961853027,5.5,5.5,84000
2013-11-12,5.2030158042907715,5.570000171661377,5.579999923706055,5.46999979019165,5.539999961853027,62000
2013-11-13,5.137628078460693,5.5,5.570000171661377,5.449999809265137,5.449999809265137,266000
2013-11-14,5.184333801269531,5.550000190734863,5.590000152587891,5.349999904632568,5.360000133514404,242000
2013-11-15,5.174992561340332,5.539999961853027,5.599999904632568,5.539999961853027,5.590000152587891,38000
2013-11-18,5.3057684898376465,5.679999828338623,5.679999828338623,5.539999961853027,5.539999961853027,294000
2013-11-19,5.352474212646484,5.730000019073486,5.75,5.630000114440918,5.690000057220459,400000
2013-11-20,5.371156215667725,5.75,5.789999961853027,5.599999904632568,5.739999771118164,654000
2013-11-21,5.380497455596924,5.760000228881836,5.820000171661377,5.630000114440918,5.699999809265137,402000
2013-11-22,5.324450492858887,5.699999809265137,5.739999771118164,5.650000095367432,5.699999809265137,554000
2013-11-25,5.3057684898376465,5.679999828338623,5.71999979019165,5.630000114440918,5.690000057220459,844000
2013-11-26,5.26840353012085,5.639999866485596,5.679999828338623,5.630000114440918,5.679999828338623,890000
2013-11-27,5.315109729766846,5.690000057220459,5.699999809265137,5.599999904632568,5.699999809265137,1262000
2013-11-28,5.324450492858887,5.699999809265137,5.699999809265137,5.599999904632568,5.679999828338623,1204000
2013-11-29,5.315109729766846,5.690000057220459,5.699999809265137,5.570000171661377,5.679999828338623,1146000
2013-12-02,5.324450492858887,5.699999809265137,5.739999771118164,5.519999980926514,5.739999771118164,758000
2013-12-03,5.277745246887207,5.650000095367432,5.699999809265137,5.570000171661377,5.670000076293945,396000
2013-12-04,5.174992561340332,5.539999961853027,5.670000076293945,5.5,5.670000076293945,436000
2013-12-05,5.212357044219971,5.579999923706055,5.590000152587891,5.519999980926514,5.590000152587891,58000
2013-12-06,5.053557395935059,5.409999847412109,5.579999923706055,5.389999866485596,5.570000171661377,334000
2013-12-09,5.118945598602295,5.480000019073486,5.510000228881836,5.400000095367432,5.510000228881836,76000
2013-12-10,5.090921878814697,5.449999809265137,5.550000190734863,5.400000095367432,5.480000019073486,338000
2013-12-11,5.072239875793457,5.429999828338623,5.480000019073486,5.349999904632568,5.460000038146973,220000
2013-12-12,4.894758224487305,5.239999771118164,5.309999942779541,5.21999979019165,5.309999942779541,370000
2013-12-13,4.857393741607666,5.199999809265137,5.300000190734863,5.199999809265137,5.239999771118164,100000
2013-12-16,4.932123184204102,5.28000020980835,5.289999961853027,5.099999904632568,5.119999885559082,180000
2013-12-17,4.857393741607666,5.199999809265137,5.28000020980835,5.099999904632568,5.28000020980835,322000
2013-12-18,4.810688495635986,5.150000095367432,5.369999885559082,5.150000095367432,5.199999809265137,148000
2013-12-19,4.857393741607666,5.199999809265137,5.380000114440918,5.159999847412109,5.159999847412109,106000
2013-12-20,4.829370021820068,5.170000076293945,5.199999809265137,5.130000114440918,5.199999809265137,46000
2013-12-23,4.885417461395264,5.230000019073486,5.230000019073486,5.159999847412109,5.159999847412109,50000
2013-12-24,4.857393741607666,5.199999809265137,5.400000095367432,5.199999809265137,5.230000019073486,82000
2013-12-27,4.810688495635986,5.150000095367432,5.230000019073486,5.130000114440918,5.230000019073486,642000
2013-12-30,4.820028781890869,5.159999847412109,5.199999809265137,5.150000095367432,5.150000095367432,242000
2013-12-31,4.801346778869629,5.139999866485596,5.150000095367432,5.119999885559082,5.150000095367432,66000
2014-01-02,5.016192436218262,5.369999885559082,5.389999866485596,5.159999847412109,5.159999847412109,366000
2014-01-03,4.978828430175781,5.329999923706055,5.400000095367432,5.300000190734863,5.369999885559082,266000
2014-01-06,4.857393741607666,5.199999809265137,5.260000228881836,5.179999828338623,5.210000038146973,154000
2014-01-07,4.876075744628906,5.21999979019165,5.289999961853027,5.159999847412109,5.190000057220459,103000
2014-01-08,4.904099464416504,5.25,5.340000152587891,5.199999809265137,5.210000038146973,140000
2014-01-09,4.857393741607666,5.199999809265137,5.25,5.199999809265137,5.25,124904
2014-01-10,4.829370021820068,5.170000076293945,5.210000038146973,5.170000076293945,5.199999809265137,90000
2014-01-13,4.876075744628906,5.21999979019165,5.300000190734863,5.130000114440918,5.199999809265137,172000
2014-01-14,4.857393741607666,5.199999809265137,5.210000038146973,5.190000057220459,5.150000095367432,90000
2014-01-15,4.866734504699707,5.210000038146973,5.210000038146973,5.130000114440918,5.150000095367432,350000
2014-01-16,4.904099464416504,5.25,5.25,5.150000095367432,5.170000076293945,172000
2014-01-17,4.829370021820068,5.170000076293945,5.25,5.159999847412109,5.25,58900
2014-01-20,4.763981819152832,5.099999904632568,5.179999828338623,5.099999904632568,5.170000076293945,246000
2014-01-21,4.698594093322754,5.03000020980835,5.119999885559082,5.010000228881836,5.099999904632568,695000
2014-01-22,4.605182647705078,4.929999828338623,5.099999904632568,4.929999828338623,5.070000171661377,306000
2014-01-23,4.605182647705078,4.929999828338623,5.0,4.920000076293945,4.980000019073486,502000
2014-01-24,4.633205890655518,4.960000038146973,4.960000038146973,4.920000076293945,4.940000057220459,346000
2014-01-27,4.661229610443115,4.989999771118164,5.0,4.880000114440918,4.889999866485596,190000
2014-01-28,4.6705708503723145,5.0,5.03000020980835,4.949999809265137,4.989999771118164,290000
2014-01-29,4.6705708503723145,5.0,5.119999885559082,4.920000076293945,5.0,592000
2014-01-30,4.614523887634277,4.940000057220459,4.960000038146973,4.880000114440918,4.960000038146973,104000
2014-02-04,4.390336513519287,4.699999809265137,4.960000038146973,4.619999885559082,4.920000076293945,552000
2014-02-05,4.268901824951172,4.570000171661377,4.75,4.539999961853027,4.699999809265137,1110000
2014-02-06,4.268901824951172,4.570000171661377,4.670000076293945,4.510000228881836,4.550000190734863,771500
2014-02-07,4.324948787689209,4.630000114440918,4.699999809265137,4.53000020980835,4.570000171661377,618000
2014-02-10,4.296925067901611,4.599999904632568,4.670000076293945,4.550000190734863,4.559999942779541,168000
2014-02-11,4.437042236328125,4.75,4.769999980926514,4.559999942779541,4.599999904632568,285568
2014-02-12,4.511771202087402,4.829999923706055,4.869999885559082,4.75,4.800000190734863,328000
2014-02-13,4.474407196044922,4.789999961853027,4.840000152587891,4.75,4.78000020980835,152000
2014-02-14,4.4650654792785645,4.78000020980835,4.809999942779541,4.659999847412109,4.78000020980835,218000
2014-02-17,4.483747959136963,4.800000190734863,4.849999904632568,4.730000019073486,4.730000019073486,238000
2014-02-18,4.418359756469727,4.730000019073486,4.800000190734863,4.730000019073486,4.800000190734863,74000
2014-02-19,4.446383476257324,4.760000228881836,4.78000020980835,4.739999771118164,4.739999771118164,146000
2014-02-20,4.474407196044922,4.789999961853027,4.820000171661377,4.710000038146973,4.730000019073486,202000
2014-02-21,4.437042236328125,4.75,4.829999923706055,4.739999771118164,4.800000190734863,98000
2014-02-24,4.278242588043213,4.579999923706055,4.739999771118164,4.579999923706055,4.739999771118164,406000
2014-02-25,4.28758430480957,4.590000152587891,4.699999809265137,4.570000171661377,4.619999885559082,332000
2014-02-26,4.352972030639648,4.659999847412109,4.679999828338623,4.570000171661377,4.679999828338623,238000
2014-02-27,4.352972030639648,4.659999847412109,4.699999809265137,4.599999904632568,4.599999904632568,224000
2014-02-28,4.296925067901611,4.599999904632568,4.659999847412109,4.590000152587891,4.659999847412109,923132
2014-03-03,4.296925067901611,4.599999904632568,4.599999904632568,4.570000171661377,4.570000171661377,234000
2014-03-04,4.296925067901611,4.599999904632568,4.639999866485596,4.599999904632568,4.579999923706055,44000
2014-03-05,4.33428955078125,4.639999866485596,4.679999828338623,4.590000152587891,4.599999904632568,206000
2014-03-06,4.390336513519287,4.699999809265137,4.710000038146973,4.610000133514404,4.610000133514404,238000
2014-03-07,4.409018516540527,4.71999979019165,4.75,4.710000038146973,4.739999771118164,252000
2014-03-10,4.409018516540527,4.71999979019165,4.71999979019165,4.610000133514404,4.699999809265137,74000
2014-03-11,4.409018516540527,4.71999979019165,4.71999979019165,4.650000095367432,4.690000057220459,68000
2014-03-12,4.278242588043213,4.579999923706055,4.650000095367432,4.579999923706055,4.650000095367432,496000
2014-03-13,4.28758430480957,4.590000152587891,4.650000095367432,4.579999923706055,4.599999904632568,170000
2014-03-14,4.278242588043213,4.579999923706055,4.590000152587891,4.519999980926514,4.590000152587891,248000
2014-03-17,4.268901824951172,4.570000171661377,4.579999923706055,4.53000020980835,4.579999923706055,68000
2014-03-18,4.268901824951172,4.570000171661377,4.599999904632568,4.53000020980835,4.579999923706055,226000
2014-03-19,4.28758430480957,4.590000152587891,4.590000152587891,4.550000190734863,4.590000152587891,26000
2014-03-20,4.231536865234375,4.53000020980835,4.670000076293945,4.53000020980835,4.579999923706055,94000
2014-03-21,4.212855339050293,4.510000228881836,4.590000152587891,4.510000228881836,4.53000020980835,180000
2014-03-24,4.175490379333496,4.46999979019165,4.699999809265137,4.429999828338623,4.53000020980835,408000
2014-03-25,4.194172382354736,4.489999771118164,4.53000020980835,4.46999979019165,4.46999979019165,196000
2014-03-26,4.268901824951172,4.570000171661377,4.71999979019165,4.539999961853027,4.539999961853027,214000
2014-03-27,4.175490379333496,4.46999979019165,4.570000171661377,4.449999809265137,4.570000171661377,226000
2014-03-28,4.184831142425537,4.480000019073486,4.550000190734863,4.460000038146973,4.5,200000
2014-03-31,4.026031970977783,4.309999942779541,4.449999809265137,4.28000020980835,4.409999847412109,1080000
2014-04-01,4.2035136222839355,4.5,4.5,4.380000114440918,4.380000114440918,246000
2014-04-02,4.212855339050293,4.510000228881836,4.550000190734863,4.5,4.5,202000
2014-04-03,4.175490379333496,4.46999979019165,4.53000020980835,4.46999979019165,4.510000228881836,102000
2014-04-04,4.128784656524658,4.420000076293945,4.420000076293945,4.409999847412109,4.420000076293945,172000
2014-04-07,4.06339693069458,4.349999904632568,4.429999828338623,4.349999904632568,4.409999847412109,322000
2014-04-08,4.119443416595459,4.409999847412109,4.420000076293945,4.349999904632568,4.349999904632568,100000
2014-04-09,4.147466659545898,4.440000057220459,4.539999961853027,4.440000057220459,4.539999961853027,88000
2014-04-10,4.184831142425537,4.480000019073486,4.559999942779541,4.110000133514404,4.440000057220459,396000
2014-04-11,4.222196102142334,4.519999980926514,4.519999980926514,4.5,4.5,98000
2014-04-14,4.240878582000732,4.539999961853027,4.559999942779541,4.380000114440918,4.519999980926514,278000
2014-04-15,4.194172382354736,4.489999771118164,4.53000020980835,4.449999809265137,4.519999980926514,728000
2014-04-16,4.06339693069458,4.349999904632568,4.409999847412109,4.309999942779541,4.400000095367432,428000
2014-04-17,4.054055213928223,4.340000152587891,4.369999885559082,4.300000190734863,4.329999923706055,926000
2014-04-22,4.044714450836182,4.329999923706055,4.400000095367432,4.320000171661377,4.369999885559082,384000
2014-04-23,4.016691207885742,4.300000190734863,4.309999942779541,4.21999979019165,4.309999942779541,268000
2014-04-24,3.9699854850769043,4.25,4.289999961853027,4.239999771118164,4.289999961853027,454000
2014-04-25,4.06339693069458,4.349999904632568,4.400000095367432,4.199999809265137,4.260000228881836,2709796
2014-04-28,4.2035136222839355,4.5,4.550000190734863,4.449999809265137,4.449999809265137,2426000
2014-04-29,4.250219821929932,4.550000190734863,4.610000133514404,4.5,4.5,5465103
2014-04-30,4.296925067901611,4.599999904632568,4.639999866485596,4.579999923706055,4.590000152587891,284000
2014-05-02,4.362313270568848,4.670000076293945,4.699999809265137,4.630000114440918,4.630000114440918,158000
2014-05-05,4.446383476257324,4.760000228881836,4.820000171661377,4.699999809265137,4.699999809265137,448000
2014-05-07,4.52111291885376,4.840000152587891,4.880000114440918,4.809999942779541,4.809999942779541,456000
2014-05-08,4.437042236328125,4.75,4.849999904632568,4.690000057220459,4.820000171661377,448000
2014-05-09,4.296925067901611,4.599999904632568,4.739999771118164,4.599999904632568,4.710000038146973,22000
2014-05-12,4.577159881591797,4.900000095367432,4.900000095367432,4.630000114440918,4.630000114440918,1786000
2014-05-13,4.661229610443115,4.989999771118164,4.989999771118164,4.849999904632568,4.949999809265137,3398000
2014-05-14,4.511771202087402,4.829999923706055,5.059999942779541,4.78000020980835,5.0,5074376
2014-05-15,4.55847692489624,4.880000114440918,5.019999980926514,4.840000152587891,5.019999980926514,3086000
2014-05-16,4.52111291885376,4.840000152587891,5.019999980926514,4.789999961853027,4.900000095367432,260000
2014-05-19,4.633205890655518,4.960000038146973,4.96999979019165,4.880000114440918,4.900000095367432,2830000
2014-05-20,4.6705708503723145,5.0,5.010000228881836,4.900000095367432,4.96999979019165,7420000
2014-05-21,4.55847692489624,4.880000114440918,4.989999771118164,4.880000114440918,4.989999771118164,2486000
2014-05-22,4.409018516540527,4.71999979019165,4.900000095367432,4.71999979019165,4.880000114440918,560000
2014-05-23,4.278242588043213,4.579999923706055,4.730000019073486,4.559999942779541,4.679999828338623,1236000
2014-05-26,4.380995273590088,4.690000057220459,4.739999771118164,4.550000190734863,4.630000114440918,698000
2014-05-27,4.371654033660889,4.679999828338623,4.699999809265137,4.599999904632568,4.699999809265137,368000
2014-05-28,4.278242588043213,4.579999923706055,4.699999809265137,4.5,4.659999847412109,600000
2014-05-29,4.371654033660889,4.679999828338623,4.690000057220459,4.619999885559082,4.619999885559082,52000
2014-05-30,4.278242588043213,4.579999923706055,4.690000057220459,4.559999942779541,4.659999847412109,404000
2014-06-03,4.296925067901611,4.599999904632568,4.639999866485596,4.559999942779541,4.579999923706055,286000
2014-06-04,4.231536865234375,4.53000020980835,4.639999866485596,4.5,4.639999866485596,482000
2014-06-05,4.268901824951172,4.570000171661377,4.570000171661377,4.480000019073486,4.5,270000
2014-06-06,4.259560585021973,4.559999942779541,4.559999942779541,4.510000228881836,4.550000190734863,346000
2014-06-09,4.28758430480957,4.590000152587891,4.599999904632568,4.519999980926514,4.53000020980835,384000
2014-06-10,4.231536865234375,4.53000020980835,4.559999942779541,4.449999809265137,4.550000190734863,578000
2014-06-11,4.278242588043213,4.579999923706055,4.650000095367432,4.559999942779541,4.559999942779541,796000
2014-06-12,4.240878582000732,4.539999961853027,4.570000171661377,4.519999980926514,4.519999980926514,236000
2014-06-13,4.240878582000732,4.539999961853027,4.599999904632568,4.510000228881836,4.539999961853027,278000
2014-06-16,4.240878582000732,4.539999961853027,4.570000171661377,4.519999980926514,4.550000190734863,268000
2014-06-17,4.250219821929932,4.550000190734863,4.670000076293945,4.539999961853027,4.670000076293945,226000
2014-06-18,4.2848052978515625,4.460000038146973,4.510000228881836,4.449999809265137,4.5,147000
2014-06-19,4.313626289367676,4.489999771118164,4.539999961853027,4.429999828338623,4.429999828338623,223000
2014-06-20,4.313626289367676,4.489999771118164,4.650000095367432,4.460000038146973,4.650000095367432,120000
2014-06-23,4.332841396331787,4.510000228881836,4.510000228881836,4.409999847412109,4.5,166000
2014-06-24,4.3232340812683105,4.5,4.550000190734863,4.449999809265137,4.460000038146973,84000
2014-06-25,4.332841396331787,4.510000228881836,4.510000228881836,4.46999979019165,4.46999979019165,86000
2014-06-26,4.294412136077881,4.46999979019165,4.510000228881836,4.46999979019165,4.46999979019165,122000
2014-06-27,4.2848052978515625,4.460000038146973,4.599999904632568,4.440000057220459,4.440000057220459,102566
2014-06-30,4.3424482345581055,4.519999980926514,4.599999904632568,4.440000057220459,4.440000057220459,232000
2014-07-02,4.4769487380981445,4.659999847412109,4.699999809265137,4.53000020980835,4.539999961853027,186000
2014-07-03,4.496163368225098,4.679999828338623,4.71999979019165,4.599999904632568,4.639999866485596,304000
2014-07-04,4.352055549621582,4.53000020980835,4.71999979019165,4.53000020980835,4.699999809265137,274000
2014-07-07,4.4385199546813965,4.619999885559082,4.679999828338623,4.559999942779541,4.559999942779541,352000
2014-07-08,4.467341899871826,4.650000095367432,4.690000057220459,4.630000114440918,4.650000095367432,154000
2014-07-09,4.4385199546813965,4.619999885559082,4.71999979019165,4.570000171661377,4.659999847412109,1688000
2014-07-10,4.45773458480835,4.639999866485596,4.710000038146973,4.519999980926514,4.650000095367432,1836000
2014-07-11,4.3808770179748535,4.559999942779541,4.679999828338623,4.559999942779541,4.650000095367432,2362000
2014-07-14,4.467341899871826,4.650000095367432,4.659999847412109,4.559999942779541,4.579999923706055,2430000
2014-07-15,4.6114501953125,4.800000190734863,4.860000133514404,4.659999847412109,4.659999847412109,1072000
2014-07-16,4.515377998352051,4.699999809265137,4.789999961853027,4.599999904632568,4.769999980926514,406000
2014-07-17,4.563414096832275,4.75,4.75,4.650000095367432,4.650000095367432,10000
2014-07-18,4.515377998352051,4.699999809265137,4.78000020980835,4.699999809265137,4.730000019073486,60000
2014-07-21,4.496163368225098,4.679999828338623,4.789999961853027,4.670000076293945,4.789999961853027,70000
2014-07-22,4.544199466705322,4.730000019073486,4.75,4.699999809265137,4.699999809265137,316000
2014-07-23,4.534592151641846,4.71999979019165,4.71999979019165,4.699999809265137,4.710000038146973,128000
2014-07-24,4.534592151641846,4.71999979019165,4.71999979019165,4.690000057220459,4.71999979019165,343000
2014-07-25,4.534592151641846,4.71999979019165,4.730000019073486,4.309999942779541,4.699999809265137,302000
2014-07-28,4.515377998352051,4.699999809265137,4.820000171661377,4.690000057220459,4.739999771118164,52000
2014-07-29,4.58262825012207,4.769999980926514,4.869999885559082,4.690000057220459,4.699999809265137,204000
2014-07-30,4.58262825012207,4.769999980926514,4.769999980926514,4.760000228881836,4.760000228881836,12000
2014-07-31,4.553806781768799,4.739999771118164,4.760000228881836,4.599999904632568,4.760000228881836,166000
2014-08-01,4.4769487380981445,4.659999847412109,4.659999847412109,4.619999885559082,4.619999885559082,8000
2014-08-04,4.467341899871826,4.650000095367432,4.769999980926514,4.619999885559082,4.650000095367432,424000
2014-08-05,4.515377998352051,4.699999809265137,4.699999809265137,4.659999847412109,4.699999809265137,114000
2014-08-06,4.4769487380981445,4.659999847412109,4.739999771118164,4.659999847412109,4.679999828338623,66000
2014-08-07,4.4769487380981445,4.659999847412109,4.690000057220459,4.630000114440918,4.670000076293945,112000
2014-08-08,4.534592151641846,4.71999979019165,4.75,4.650000095367432,4.650000095367432,16000
2014-08-11,4.524985313415527,4.710000038146973,4.71999979019165,4.650000095367432,4.71999979019165,824000
2014-08-12,4.524985313415527,4.710000038146973,4.78000020980835,4.710000038146973,4.710000038146973,66000
2014-08-13,4.601842880249023,4.789999961853027,4.800000190734863,4.690000057220459,4.690000057220459,96000
2014-08-14,4.563414096832275,4.75,4.78000020980835,4.679999828338623,4.78000020980835,200000
2014-08-15,4.601842880249023,4.789999961853027,4.849999904632568,4.739999771118164,4.78000020980835,318000
2014-08-18,4.601842880249023,4.789999961853027,4.800000190734863,4.710000038146973,4.800000190734863,24000
2014-08-19,4.592235565185547,4.78000020980835,4.789999961853027,4.699999809265137,4.789999961853027,318000
2014-08-20,4.573021411895752,4.760000228881836,4.78000020980835,4.710000038146973,4.760000228881836,32000
2014-08-21,4.553806781768799,4.739999771118164,4.739999771118164,4.739999771118164,4.739999771118164,2000
2014-08-22,4.524985313415527,4.710000038146973,4.710000038146973,4.679999828338623,4.699999809265137,106000
2014-08-25,4.563414096832275,4.75,4.75,4.659999847412109,4.659999847412109,90000
2014-08-26,4.58262825012207,4.769999980926514,4.789999961853027,4.699999809265137,4.75,114000
2014-08-27,4.573021411895752,4.760000228881836,4.809999942779541,4.760000228881836,4.760000228881836,484000
2014-08-28,4.515377998352051,4.699999809265137,4.800000190734863,4.699999809265137,4.75,132000
2014-08-29,4.534592151641846,4.71999979019165,4.789999961853027,4.699999809265137,4.75,146000
2014-09-01,4.563414096832275,4.75,4.809999942779541,4.739999771118164,4.800000190734863,44000
2014-09-02,4.563414096832275,4.75,4.820000171661377,4.75,4.809999942779541,52000
2014-09-03,4.58262825012207,4.769999980926514,4.820000171661377,4.75,4.75,128000
2014-09-04,4.6114501953125,4.800000190734863,4.849999904632568,4.760000228881836,4.760000228881836,252000
2014-09-05,4.755557537078857,4.949999809265137,4.949999809265137,4.880000114440918,4.889999866485596,416000
2014-09-08,4.803593635559082,5.0,5.159999847412109,4.940000057220459,4.940000057220459,446000
2014-09-10,4.669093132019043,4.860000133514404,4.960000038146973,4.849999904632568,4.949999809265137,168000
2014-09-11,4.707521915435791,4.900000095367432,4.909999847412109,4.800000190734863,4.900000095367432,93494
2014-09-12,4.678699970245361,4.869999885559082,4.900000095367432,4.840000152587891,4.849999904632568,320000
2014-09-15,4.726736068725586,4.920000076293945,5.050000190734863,4.880000114440918,4.880000114440918,108000
2014-09-16,4.6979146003723145,4.889999866485596,4.920000076293945,4.880000114440918,4.900000095367432,90000
2014-09-17,4.688307285308838,4.880000114440918,4.929999828338623,4.860000133514404,4.889999866485596,60000
2014-09-18,4.707521915435791,4.900000095367432,4.900000095367432,4.889999866485596,4.900000095367432,14000
2014-09-19,4.678699970245361,4.869999885559082,4.909999847412109,4.860000133514404,4.869999885559082,110000
2014-09-22,4.688307285308838,4.880000114440918,4.989999771118164,4.869999885559082,4.869999885559082,28000
2014-09-23,4.669093132019043,4.860000133514404,4.949999809265137,4.860000133514404,4.869999885559082,16000
2014-09-24,4.573021411895752,4.760000228881836,4.900000095367432,4.730000019073486,4.860000133514404,602000
2014-09-25,4.6114501953125,4.800000190734863,4.800000190734863,4.739999771118164,4.739999771118164,48000
2014-09-26,4.6114501953125,4.800000190734863,4.840000152587891,4.78000020980835,4.800000190734863,32000
2014-09-29,4.553806781768799,4.739999771118164,4.800000190734863,4.710000038146973,4.760000228881836,500000
2014-09-30,4.659485816955566,4.849999904632568,4.960000038146973,4.730000019073486,4.75,202000
2014-10-03,4.659485816955566,4.849999904632568,4.849999904632568,4.849999904632568,4.849999904632568,0
2014-10-06,4.6979146003723145,4.889999866485596,4.920000076293945,4.809999942779541,4.860000133514404,376000
2014-10-07,4.755557537078857,4.949999809265137,4.949999809265137,4.880000114440918,4.880000114440918,232000
2014-10-08,4.784379005432129,4.980000019073486,4.980000019073486,4.889999866485596,4.889999866485596,196000
2014-10-09,4.726736068725586,4.920000076293945,4.989999771118164,4.809999942779541,4.989999771118164,92000
2014-10-10,4.659485816955566,4.849999904632568,4.920000076293945,4.849999904632568,4.860000133514404,138000
2014-10-13,4.659485816955566,4.849999904632568,4.849999904632568,4.849999904632568,4.849999904632568,0
2014-10-14,4.621057033538818,4.809999942779541,4.820000171661377,4.809999942779541,4.820000171661377,68000
2014-10-15,4.659485816955566,4.849999904632568,4.849999904632568,4.840000152587891,4.849999904632568,36000
2014-10-16,4.630664348602295,4.820000171661377,4.820000171661377,4.800000190734863,4.809999942779541,56000
2014-10-17,4.467341899871826,4.650000095367432,4.829999923706055,4.630000114440918,4.800000190734863,904000
2014-10-20,4.467341899871826,4.650000095367432,4.730000019073486,4.619999885559082,4.630000114440918,240999
2014-10-21,4.45773458480835,4.639999866485596,4.699999809265137,4.610000133514404,4.679999828338623,600000
2014-10-22,4.3808770179748535,4.559999942779541,4.739999771118164,4.550000190734863,4.639999866485596,1132000
2014-10-23,4.400091171264648,4.579999923706055,4.590000152587891,4.579999923706055,4.579999923706055,484000
2014-10-24,4.4769487380981445,4.659999847412109,4.659999847412109,4.5,4.5,22000
2014-10-27,4.371270179748535,4.550000190734863,4.579999923706055,4.519999980926514,4.579999923706055,236000
2014-10-28,4.371270179748535,4.550000190734863,4.639999866485596,4.539999961853027,4.539999961853027,104000
2014-10-29,4.467341899871826,4.650000095367432,4.679999828338623,4.599999904632568,4.599999904632568,126000
2014-10-30,4.419305801391602,4.599999904632568,4.599999904632568,4.570000171661377,4.570000171661377,14000
2014-10-31,4.4769487380981445,4.659999847412109,4.670000076293945,4.550000190734863,4.599999904632568,56000
2014-11-03,4.409698963165283,4.590000152587891,4.579999923706055,4.510000228881836,4.53000020980835,72000
2014-11-04,4.428913116455078,4.610000133514404,4.710000038146973,4.579999923706055,4.699999809265137,334000
2014-11-05,4.428913116455078,4.610000133514404,4.610000133514404,4.610000133514404,4.610000133514404,0
2014-11-06,4.419305801391602,4.599999904632568,4.619999885559082,4.550000190734863,4.550000190734863,222000
2014-11-07,4.4769487380981445,4.659999847412109,4.730000019073486,4.650000095367432,4.71999979019165,74000
2014-11-10,4.448127269744873,4.630000114440918,4.659999847412109,4.519999980926514,4.519999980926514,190000
2014-11-11,4.352055549621582,4.53000020980835,4.619999885559082,4.5,4.599999904632568,194000
2014-11-12,4.4769487380981445,4.659999847412109,4.670000076293945,4.539999961853027,4.559999942779541,198000
2014-11-13,4.45773458480835,4.639999866485596,4.650000095367432,4.630000114440918,4.639999866485596,155573
2014-11-14,4.39048433303833,4.570000171661377,4.630000114440918,4.539999961853027,4.630000114440918,58000
2014-11-17,4.400091171264648,4.579999923706055,4.619999885559082,4.539999961853027,4.559999942779541,266000
2014-11-18,4.352055549621582,4.53000020980835,4.570000171661377,4.510000228881836,4.570000171661377,238631
2014-11-19,4.313626289367676,4.489999771118164,4.53000020980835,4.480000019073486,4.510000228881836,1286000
2014-11-20,4.2848052978515625,4.460000038146973,4.5,4.429999828338623,4.489999771118164,256000
2014-11-21,4.2848052978515625,4.460000038146973,4.53000020980835,4.449999809265137,4.460000038146973,324000
2014-11-24,4.467341899871826,4.650000095367432,4.650000095367432,4.489999771118164,4.489999771118164,470000
2014-11-25,4.563414096832275,4.75,4.789999961853027,4.599999904632568,4.670000076293945,276000
2014-11-26,4.544199466705322,4.730000019073486,4.75,4.710000038146973,4.75,113759
2014-11-27,4.544199466705322,4.730000019073486,4.789999961853027,4.71999979019165,4.760000228881836,58934
2014-11-28,4.4769487380981445,4.659999847412109,4.730000019073486,4.550000190734863,4.730000019073486,140000
2014-12-01,4.39048433303833,4.570000171661377,4.659999847412109,4.570000171661377,4.659999847412109,20000
2014-12-02,4.361662864685059,4.539999961853027,4.579999923706055,4.53000020980835,4.550000190734863,220000
2014-12-03,4.2848052978515625,4.460000038146973,4.570000171661377,4.460000038146973,4.539999961853027,230000
2014-12-04,4.361662864685059,4.539999961853027,4.570000171661377,4.480000019073486,4.570000171661377,30000
2014-12-05,4.3232340812683105,4.5,4.730000019073486,4.5,4.53000020980835,146000
2014-12-08,4.419305801391602,4.599999904632568,4.599999904632568,4.46999979019165,4.5,218000
2014-12-09,4.3808770179748535,4.559999942779541,4.599999904632568,4.449999809265137,4.510000228881836,218000
2014-12-10,4.2463765144348145,4.420000076293945,4.630000114440918,4.420000076293945,4.570000171661377,286000
2014-12-11,4.2848052978515625,4.460000038146973,4.579999923706055,4.420000076293945,4.420000076293945,130000
2014-12-12,4.2463765144348145,4.420000076293945,4.449999809265137,4.420000076293945,4.429999828338623,78000
2014-12-15,4.265590667724609,4.440000057220459,4.440000057220459,4.420000076293945,4.420000076293945,104000
2014-12-16,4.2271623611450195,4.400000095367432,4.449999809265137,4.389999866485596,4.449999809265137,84000
2014-12-17,4.236769199371338,4.409999847412109,4.409999847412109,4.400000095367432,4.400000095367432,24000
2014-12-18,4.140697479248047,4.309999942779541,4.420000076293945,4.289999961853027,4.420000076293945,238000
2014-12-19,4.159911632537842,4.329999923706055,4.329999923706055,4.21999979019165,4.309999942779541,2594000
2014-12-22,4.2271623611450195,4.400000095367432,4.480000019073486,4.329999923706055,4.329999923706055,80000
2014-12-23,4.313626289367676,4.489999771118164,4.53000020980835,4.400000095367432,4.400000095367432,194000
2014-12-24,4.3424482345581055,4.519999980926514,4.519999980926514,4.489999771118164,4.510000228881836,28000
2014-12-29,4.2463765144348145,4.420000076293945,4.539999961853027,4.400000095367432,4.519999980926514,208000
2014-12-30,4.3232340812683105,4.5,4.5,4.429999828338623,4.440000057220459,222000
2014-12-31,4.371270179748535,4.550000190734863,4.550000190734863,4.539999961853027,4.539999961853027,14000
2015-01-02,4.496163368225098,4.679999828338623,4.710000038146973,4.559999942779541,4.599999904632568,156000
2015-01-05,4.621057033538818,4.809999942779541,4.900000095367432,4.730000019073486,4.730000019073486,582000
2015-01-06,4.6114501953125,4.800000190734863,4.849999904632568,4.769999980926514,4.849999904632568,144000
2015-01-07,4.659485816955566,4.849999904632568,4.920000076293945,4.820000171661377,4.849999904632568,222000
2015-01-08,4.6114501953125,4.800000190734863,4.889999866485596,4.800000190734863,4.889999866485596,96000
2015-01-09,4.621057033538818,4.809999942779541,5.0,4.800000190734863,5.0,80000
2015-01-12,4.544199466705322,4.730000019073486,4.949999809265137,4.690000057220459,4.820000171661377,28000
2015-01-13,4.524985313415527,4.710000038146973,4.75,4.710000038146973,4.75,20000
2015-01-14,4.486556053161621,4.670000076293945,4.710000038146973,4.659999847412109,4.690000057220459,368000
2015-01-15,4.486556053161621,4.670000076293945,4.670000076293945,4.650000095367432,4.650000095367432,20000
2015-01-16,4.486556053161621,4.670000076293945,4.670000076293945,4.670000076293945,4.670000076293945,8000
2015-01-19,4.3424482345581055,4.519999980926514,4.699999809265137,4.510000228881836,4.699999809265137,116000
2015-01-20,4.486556053161621,4.670000076293945,4.670000076293945,4.670000076293945,4.670000076293945,2000
2015-01-21,4.4385199546813965,4.619999885559082,4.639999866485596,4.510000228881836,4.639999866485596,34000
2015-01-22,4.409698963165283,4.590000152587891,4.619999885559082,4.539999961853027,4.539999961853027,68000
2015-01-23,4.352055549621582,4.53000020980835,4.659999847412109,4.5,4.659999847412109,42000
2015-01-26,4.3232340812683105,4.5,4.510000228881836,4.480000019073486,4.510000228881836,30000
2015-01-27,4.371270179748535,4.550000190734863,4.550000190734863,4.429999828338623,4.429999828338623,140000
2015-01-28,4.45773458480835,4.639999866485596,4.650000095367432,4.639999866485596,4.650000095367432,24000
2015-01-29,4.3232340812683105,4.5,4.489999771118164,4.480000019073486,4.489999771118164,12000
2015-01-30,4.3232340812683105,4.5,4.53000020980835,4.480000019073486,4.53000020980835,114000
2015-02-02,4.332841396331787,4.510000228881836,4.590000152587891,4.5,4.5,138000
2015-02-03,4.400091171264648,4.579999923706055,4.590000152587891,4.590000152587891,4.590000152587891,14000
2015-02-04,4.400091171264648,4.579999923706055,4.579999923706055,4.5,4.519999980926514,8000
2015-02-05,4.304019451141357,4.480000019073486,4.489999771118164,4.429999828338623,4.429999828338623,46000
2015-02-06,4.304019451141357,4.480000019073486,4.480000019073486,4.480000019073486,4.480000019073486,0
2015-02-09,4.304019451141357,4.480000019073486,4.480000019073486,4.480000019073486,4.480000019073486,22000
2015-02-10,4.3424482345581055,4.519999980926514,4.559999942779541,4.489999771118164,4.550000190734863,14000
2015-02-11,4.39048433303833,4.570000171661377,4.590000152587891,4.570000171661377,4.570000171661377,56000
2015-02-12,4.3808770179748535,4.559999942779541,4.559999942779541,4.559999942779541,4.559999942779541,6000
2015-02-13,4.428913116455078,4.610000133514404,4.610000133514404,4.610000133514404,4.610000133514404,8000
2015-02-16,4.3232340812683105,4.5,4.639999866485596,4.480000019073486,4.610000133514404,74000
2015-02-17,4.371270179748535,4.550000190734863,4.550000190734863,4.510000228881836,4.510000228881836,30000
2015-02-18,4.371270179748535,4.550000190734863,4.550000190734863,4.550000190734863,4.550000190734863,0
2015-02-23,4.3808770179748535,4.559999942779541,4.579999923706055,4.550000190734863,4.550000190734863,432000
2015-02-24,4.505770683288574,4.690000057220459,4.690000057220459,4.480000019073486,4.559999942779541,42000
2015-02-25,4.409698963165283,4.590000152587891,4.690000057220459,4.53000020980835,4.690000057220459,186000
2015-02-26,4.467341899871826,4.650000095367432,4.650000095367432,4.550000190734863,4.590000152587891,66000
2015-02-27,4.467341899871826,4.650000095367432,4.679999828338623,4.539999961853027,4.659999847412109,58000
2015-03-02,4.294412136077881,4.46999979019165,4.619999885559082,4.440000057220459,4.619999885559082,34000
2015-03-03,4.515377998352051,4.699999809265137,4.699999809265137,4.539999961853027,4.539999961853027,286000
2015-03-04,4.428913116455078,4.610000133514404,4.690000057220459,4.599999904632568,4.690000057220459,100000
2015-03-05,4.371270179748535,4.550000190734863,4.550000190734863,4.5,4.5,34000
2015-03-06,4.544199466705322,4.730000019073486,4.730000019073486,4.559999942779541,4.599999904632568,78000
2015-03-09,4.524985313415527,4.710000038146973,4.710000038146973,4.579999923706055,4.590000152587891,48000
2015-03-10,4.400091171264648,4.579999923706055,4.599999904632568,4.539999961853027,4.539999961853027,56000
2015-03-11,4.400091171264648,4.579999923706055,4.71999979019165,4.559999942779541,4.710000038146973,78000
2015-03-12,4.419305801391602,4.599999904632568,4.590000152587891,4.590000152587891,4.590000152587891,10000
2015-03-13,4.496163368225098,4.679999828338623,4.679999828338623,4.599999904632568,4.599999904632568,138000
2015-03-16,4.428913116455078,4.610000133514404,4.619999885559082,4.610000133514404,4.610000133514404,60000
2015-03-17,4.496163368225098,4.679999828338623,4.679999828338623,4.630000114440918,4.639999866485596,312000
2015-03-18,4.515377998352051,4.699999809265137,4.710000038146973,4.639999866485596,4.650000095367432,354000
2015-03-19,4.45773458480835,4.639999866485596,4.699999809265137,4.630000114440918,4.699999809265137,90000
2015-03-20,4.467341899871826,4.650000095367432,4.659999847412109,4.639999866485596,4.659999847412109,1058000
2015-03-23,4.4385199546813965,4.619999885559082,4.659999847412109,4.610000133514404,4.630000114440918,1550000
2015-03-24,4.4385199546813965,4.619999885559082,4.769999980926514,4.599999904632568,4.610000133514404,126000
2015-03-25,4.467341899871826,4.650000095367432,4.650000095367432,4.579999923706055,4.610000133514404,536000
2015-03-26,4.409698963165283,4.590000152587891,4.679999828338623,4.590000152587891,4.650000095367432,242000
2015-03-27,4.400091171264648,4.579999923706055,4.659999847412109,4.579999923706055,4.619999885559082,180000
2015-03-30,4.3424482345581055,4.519999980926514,4.630000114440918,4.369999885559082,4.570000171661377,582000
2015-03-31,4.4769487380981445,4.659999847412109,4.659999847412109,4.5,4.559999942779541,182000
2015-04-01,4.4385199546813965,4.619999885559082,4.699999809265137,4.559999942779541,4.659999847412109,366000
2015-04-02,4.294412136077881,4.46999979019165,4.710000038146973,4.440000057220459,4.679999828338623,1717000
2015-04-08,4.409698963165283,4.590000152587891,4.699999809265137,4.400000095367432,4.449999809265137,4390000
2015-04-09,4.515377998352051,4.699999809265137,4.940000057220459,4.550000190734863,4.590000152587891,1750000
2015-04-10,4.601842880249023,4.789999961853027,4.880000114440918,4.71999979019165,4.71999979019165,710000
2015-04-13,4.976522922515869,5.179999828338623,5.230000019073486,4.829999923706055,4.829999923706055,2289000
2015-04-14,4.995737075805664,5.199999809265137,5.329999923706055,5.119999885559082,5.210000038146973,1232000
2015-04-15,5.091809272766113,5.300000190734863,5.400000095367432,5.199999809265137,5.260000228881836,1098000
2015-04-16,5.053380489349365,5.260000228881836,5.360000133514404,5.179999828338623,5.269999980926514,1214000
2015-04-17,5.091809272766113,5.300000190734863,5.369999885559082,5.210000038146973,5.260000228881836,3020000
2015-04-20,5.504918098449707,5.730000019073486,5.880000114440918,5.409999847412109,5.409999847412109,2460000
2015-04-21,5.802741050720215,6.039999961853027,6.119999885559082,5.699999809265137,5.699999809265137,1914000
2015-04-22,5.841169834136963,6.079999923706055,6.170000076293945,5.989999771118164,6.090000152587891,1645000
2015-04-23,5.898812770843506,6.139999866485596,6.400000095367432,5.909999847412109,6.159999847412109,1754000
2015-04-24,5.7258830070495605,5.960000038146973,6.369999885559082,5.699999809265137,6.199999809265137,1036000
2015-04-27,6.071742534637451,6.320000171661377,6.349999904632568,6.019999980926514,6.25,2382000
2015-04-28,6.27349328994751,6.53000020980835,6.599999904632568,6.400000095367432,6.400000095367432,1490000
2015-04-29,6.292707443237305,6.550000190734863,6.860000133514404,6.389999866485596,6.860000133514404,1248000
2015-04-30,6.20624303817749,6.460000038146973,6.570000171661377,6.320000171661377,6.449999809265137,1010000
2015-05-04,6.388779163360596,6.650000095367432,6.75,6.400000095367432,6.420000076293945,1488000
2015-05-05,6.4944586753845215,6.760000228881836,6.800000190734863,6.5,6.610000133514404,2662000
2015-05-06,6.417600631713867,6.679999828338623,6.900000095367432,6.480000019073486,6.679999828338623,1600000
2015-05-07,6.523279666900635,6.789999961853027,6.800000190734863,6.489999771118164,6.679999828338623,2998000
2015-05-08,6.484851360321045,6.75,6.789999961853027,6.610000133514404,6.789999961853027,711328
2015-05-11,6.43681526184082,6.699999809265137,6.75,6.630000114440918,6.75,634000
2015-05-12,6.638566017150879,6.909999847412109,6.909999847412109,6.550000190734863,6.75,3082000
2015-05-13,6.705816268920898,6.980000019073486,6.980000019073486,6.820000171661377,6.920000076293945,4148000
2015-05-14,6.830709934234619,7.110000133514404,7.210000038146973,6.989999771118164,6.989999771118164,1686000
2015-05-15,6.811495304107666,7.090000152587891,7.139999866485596,6.929999828338623,7.139999866485596,310000
2015-05-18,6.657780170440674,6.929999828338623,7.119999885559082,6.860000133514404,7.119999885559082,558000
2015-05-19,6.609744548797607,6.880000114440918,6.929999828338623,6.829999923706055,6.929999828338623,1206000
2015-05-20,6.523279666900635,6.789999961853027,6.949999809265137,6.679999828338623,6.949999809265137,542000
2015-05-21,6.725030899047852,7.0,7.019999980926514,6.75,6.75,3248000
2015-05-22,6.6866021156311035,6.960000038146973,7.050000190734863,6.900000095367432,7.0,4322000
2015-05-26,6.43681526184082,6.699999809265137,7.0,6.659999847412109,7.0,1639952
2015-05-27,6.417600631713867,6.679999828338623,6.840000152587891,6.590000152587891,6.840000152587891,576000
2015-05-28,6.24467134475708,6.5,6.760000228881836,6.400000095367432,6.760000228881836,574000
2015-05-29,6.359957695007324,6.619999885559082,6.650000095367432,6.369999885559082,6.559999942779541,914000
2015-06-01,6.340743064880371,6.599999904632568,6.75,6.429999828338623,6.679999828338623,474000
2015-06-02,6.369565010070801,6.630000114440918,6.71999979019165,6.5,6.71999979019165,514000
2015-06-03,6.27349328994751,6.53000020980835,6.699999809265137,6.230000019073486,6.699999809265137,320000
2015-06-04,6.340743064880371,6.599999904632568,6.639999866485596,6.460000038146973,6.579999923706055,860000
2015-06-05,6.215849876403809,6.46999979019165,6.690000057220459,6.460000038146973,6.650000095367432,508000
2015-06-08,6.119778156280518,6.369999885559082,6.78000020980835,6.309999942779541,6.78000020980835,442000
2015-06-09,6.052527904510498,6.300000190734863,6.480000019073486,5.940000057220459,6.480000019073486,314000
2015-06-10,6.1774210929870605,6.429999828338623,6.599999904632568,6.320000171661377,6.489999771118164,840000
2015-06-11,6.148599624633789,6.400000095367432,6.480000019073486,6.360000133514404,6.429999828338623,632000
2015-06-12,6.148599624633789,6.400000095367432,6.590000152587891,6.28000020980835,6.590000152587891,1230290
2015-06-15,6.1966352462768555,6.449999809265137,6.46999979019165,6.369999885559082,6.400000095367432,222000
2015-06-16,6.43681526184082,6.699999809265137,6.699999809265137,6.420000076293945,6.690000057220459,1248000
2015-06-17,6.225457191467285,6.480000019073486,6.599999904632568,6.199999809265137,6.599999904632568,656000
2015-06-18,6.187028408050537,6.440000057220459,6.599999904632568,6.380000114440918,6.599999904632568,222000
2015-06-19,5.918027400970459,6.159999847412109,6.440000057220459,5.989999771118164,6.440000057220459,646000
2015-06-22,6.071742534637451,6.320000171661377,6.349999904632568,6.190000057220459,6.340000152587891,114000
2015-06-23,5.9468488693237305,6.190000057220459,6.289999961853027,6.179999828338623,6.260000228881836,529000
2015-06-24,6.005438327789307,6.150000095367432,6.150000095367432,6.03000020980835,6.079999923706055,108000
2015-06-25,5.878493785858154,6.019999980926514,6.329999923706055,5.909999847412109,6.329999923706055,248000
2015-06-26,5.692960262298584,5.829999923706055,6.019999980926514,5.730000019073486,6.019999980926514,224000
2015-06-29,5.4781317710876465,5.610000133514404,5.800000190734863,5.489999771118164,5.679999828338623,298000
2015-06-30,5.800374507904053,5.940000057220459,5.940000057220459,5.690000057220459,5.789999961853027,300000
2015-07-02,5.48789644241333,5.619999885559082,6.880000114440918,5.510000228881836,5.920000076293945,442000
2015-07-03,5.224242687225342,5.349999904632568,5.539999961853027,5.300000190734863,5.340000152587891,410000
2015-07-06,4.872704982757568,4.989999771118164,5.409999847412109,4.909999847412109,5.349999904632568,826580
2015-07-07,4.589521884918213,4.699999809265137,5.059999942779541,4.599999904632568,4.989999771118164,954000
2015-07-08,4.296573638916016,4.400000095367432,4.630000114440918,4.269999980926514,4.46999979019165,1064253
2015-07-09,4.784820556640625,4.900000095367432,5.21999979019165,4.269999980926514,4.400000095367432,1194000
2015-07-10,4.88247013092041,5.0,5.190000057220459,4.699999809265137,4.699999809265137,544000
2015-07-13,4.892235279083252,5.010000228881836,5.230000019073486,4.75,4.75,829740
2015-07-14,4.872704982757568,4.989999771118164,5.170000076293945,4.949999809265137,5.170000076293945,516000
2015-07-15,4.804350852966309,4.920000076293945,5.190000057220459,4.869999885559082,5.010000228881836,36000
2015-07-16,4.804350852966309,4.920000076293945,5.019999980926514,4.699999809265137,4.699999809265137,87800
2015-07-17,4.892235279083252,5.010000228881836,5.090000152587891,4.900000095367432,4.900000095367432,110000
2015-07-20,4.823880672454834,4.940000057220459,5.050000190734863,4.869999885559082,4.949999809265137,468589
2015-07-21,4.853175163269043,4.96999979019165,5.150000095367432,4.949999809265137,4.949999809265137,132000
2015-07-22,4.843410491943359,4.960000038146973,4.989999771118164,4.989999771118164,4.989999771118164,2000
2015-07-23,4.833645343780518,4.949999809265137,5.0,4.900000095367432,4.900000095367432,324000
2015-07-24,4.814115524291992,4.929999828338623,4.980000019073486,4.869999885559082,4.940000057220459,206000
2015-07-27,4.599287033081055,4.710000038146973,5.119999885559082,4.010000228881836,4.920000076293945,734000
2015-07-28,4.6383466720581055,4.75,4.849999904632568,4.489999771118164,4.650000095367432,284000
2015-07-29,4.706701278686523,4.820000171661377,4.849999904632568,4.710000038146973,4.710000038146973,586000
2015-07-30,4.843410491943359,4.960000038146973,4.96999979019165,4.789999961853027,4.789999961853027,238000
2015-07-31,4.7652907371521,4.880000114440918,5.019999980926514,4.769999980926514,4.920000076293945,368000
2015-08-03,4.784820556640625,4.900000095367432,5.079999923706055,4.849999904632568,4.909999847412109,98000
2015-08-04,4.775055408477783,4.889999866485596,4.960000038146973,4.829999923706055,4.829999923706055,100000
2015-08-05,4.804350852966309,4.920000076293945,4.96999979019165,4.840000152587891,4.840000152587891,308000
2015-08-06,4.843410491943359,4.960000038146973,5.0,4.889999866485596,4.889999866485596,170000
2015-08-07,4.853175163269043,4.96999979019165,4.989999771118164,4.889999866485596,4.960000038146973,50000
2015-08-10,4.980119228363037,5.099999904632568,5.099999904632568,4.960000038146973,4.989999771118164,162000
2015-08-11,4.88247013092041,5.0,5.139999866485596,5.0,5.079999923706055,156000
2015-08-12,4.7652907371521,4.880000114440918,5.03000020980835,4.840000152587891,5.03000020980835,80000
2015-08-13,4.872704982757568,4.989999771118164,5.0,4.920000076293945,4.920000076293945,32000
2015-08-14,4.833645343780518,4.949999809265137,5.230000019073486,4.900000095367432,5.230000019073486,82000
2015-08-17,4.9019999504089355,5.019999980926514,5.190000057220459,4.849999904632568,5.190000057220459,140000
2015-08-18,4.814115524291992,4.929999828338623,5.059999942779541,4.929999828338623,5.050000190734863,54000
2015-08-19,4.862940311431885,4.980000019073486,5.119999885559082,4.860000133514404,5.119999885559082,94000
2015-08-20,4.833645343780518,4.949999809265137,4.960000038146973,3.9100000858306885,3.9100000858306885,260000
2015-08-21,4.61881685256958,4.730000019073486,4.920000076293945,4.619999885559082,4.630000114440918,74000
2015-08-24,4.198924541473389,4.300000190734863,4.599999904632568,4.239999771118164,4.599999904632568,314000
2015-08-25,4.27704381942749,4.380000114440918,4.769999980926514,4.150000095367432,4.150000095367432,280000
2015-08-26,4.198924541473389,4.300000190734863,4.380000114440918,4.25,4.329999923706055,90000
2015-08-27,4.2379841804504395,4.340000152587891,4.400000095367432,4.25,4.369999885559082,248000
2015-08-28,4.27704381942749,4.380000114440918,4.550000190734863,4.199999809265137,4.380000114440918,482000
2015-08-31,4.364928245544434,4.46999979019165,4.559999942779541,4.340000152587891,4.420000076293945,452000
2015-09-01,4.452812671661377,4.559999942779541,4.829999923706055,4.46999979019165,4.46999979019165,380000
2015-09-02,4.403988361358643,4.510000228881836,4.559999942779541,4.409999847412109,4.53000020980835,78000
2015-09-04,4.34539794921875,4.449999809265137,4.449999809265137,4.449999809265137,4.449999809265137,2000
2015-09-07,4.335633277893066,4.440000057220459,4.449999809265137,4.340000152587891,4.340000152587891,178000
2015-09-08,4.384458065032959,4.489999771118164,4.679999828338623,4.420000076293945,4.679999828338623,198000
2015-09-09,4.482107639312744,4.590000152587891,4.599999904632568,4.489999771118164,4.489999771118164,282000
2015-09-10,4.5016374588012695,4.610000133514404,4.670000076293945,4.550000190734863,4.550000190734863,128000
2015-09-11,4.560226917266846,4.670000076293945,4.820000171661377,4.590000152587891,4.820000171661377,166000
2015-09-14,4.589521884918213,4.699999809265137,4.900000095367432,4.639999866485596,4.900000095367432,52000
2015-09-15,4.706701278686523,4.820000171661377,4.909999847412109,4.659999847412109,4.909999847412109,86000
2015-09-16,4.687171459197998,4.800000190734863,4.889999866485596,4.699999809265137,4.889999866485596,82000
2015-09-17,4.687171459197998,4.800000190734863,4.980000019073486,4.730000019073486,4.980000019073486,262000
2015-09-18,4.775055408477783,4.889999866485596,4.889999866485596,4.659999847412109,4.869999885559082,272000
2015-09-21,4.696936130523682,4.809999942779541,5.03000020980835,4.710000038146973,5.03000020980835,364000
2015-09-22,4.706701278686523,4.820000171661377,4.909999847412109,4.800000190734863,4.800000190734863,144000
2015-09-23,4.628581523895264,4.739999771118164,4.809999942779541,4.639999866485596,4.809999942779541,254000
2015-09-24,4.648111820220947,4.760000228881836,4.929999828338623,4.75,4.929999828338623,26000
2015-09-25,4.657876491546631,4.769999980926514,4.940000057220459,4.769999980926514,4.940000057220459,6000
2015-09-29,4.6383466720581055,4.75,4.960000038146973,4.670000076293945,4.960000038146973,14000
2015-09-30,4.61881685256958,4.730000019073486,4.800000190734863,4.610000133514404,4.800000190734863,124000
2015-10-02,4.814115524291992,4.929999828338623,4.949999809265137,4.710000038146973,4.849999904632568,476000
2015-10-05,4.941059589385986,5.059999942779541,5.119999885559082,4.949999809265137,4.960000038146973,358000
2015-10-06,5.009414196014404,5.130000114440918,5.150000095367432,4.96999979019165,5.150000095367432,546000
2015-10-07,5.126593589782715,5.25,5.300000190734863,5.050000190734863,5.119999885559082,811000
2015-10-08,5.194948196411133,5.320000171661377,5.340000152587891,5.21999979019165,5.25,672000
2015-10-09,5.175418376922607,5.300000190734863,5.389999866485596,5.170000076293945,5.389999866485596,410000
2015-10-12,5.273067951202393,5.400000095367432,5.449999809265137,5.289999961853027,5.340000152587891,444000
2015-10-13,5.243772506713867,5.369999885559082,5.440000057220459,5.329999923706055,5.440000057220459,50000
2015-10-14,5.224242687225342,5.349999904632568,5.460000038146973,5.300000190734863,5.460000038146973,86000
2015-10-15,5.273067951202393,5.400000095367432,5.5,5.309999942779541,5.400000095367432,542000
2015-10-16,5.273067951202393,5.400000095367432,5.480000019073486,5.300000190734863,5.400000095367432,228000
2015-10-19,5.185183048248291,5.309999942779541,5.5,5.260000228881836,5.5,288000
2015-10-20,5.194948196411133,5.320000171661377,5.46999979019165,5.199999809265137,5.46999979019165,238000
2015-10-22,5.185183048248291,5.309999942779541,5.369999885559082,5.230000019073486,5.320000171661377,376000
2015-10-23,5.331657409667969,5.460000038146973,5.46999979019165,5.329999923706055,5.429999828338623,156000
2015-10-26,5.3707170486450195,5.5,5.5,5.309999942779541,5.489999771118164,744000
2015-10-27,5.214478015899658,5.340000152587891,5.460000038146973,5.269999980926514,5.460000038146973,136000
2015-10-28,5.302362442016602,5.429999828338623,5.460000038146973,5.320000171661377,5.360000133514404,206000
2015-10-29,5.224242687225342,5.349999904632568,5.480000019073486,5.340000152587891,5.480000019073486,192000
2015-10-30,5.234007835388184,5.360000133514404,5.400000095367432,5.340000152587891,5.389999866485596,38000
2015-11-02,5.282832622528076,5.409999847412109,5.420000076293945,5.289999961853027,5.289999961853027,168000
2015-11-03,5.282832622528076,5.409999847412109,5.409999847412109,5.409999847412109,5.409999847412109,0
2015-11-04,5.302362442016602,5.429999828338623,5.539999961853027,5.360000133514404,5.409999847412109,1006000
2015-11-05,5.273067951202393,5.400000095367432,5.510000228881836,5.369999885559082,5.510000228881836,32000
2015-11-06,5.3707170486450195,5.5,5.5,5.340000152587891,5.340000152587891,134000
2015-11-09,5.292597770690918,5.420000076293945,5.5,5.420000076293945,5.489999771118164,158000
2015-11-10,5.273067951202393,5.400000095367432,5.510000228881836,5.380000114440918,5.400000095367432,64000
2015-11-11,5.302362442016602,5.429999828338623,5.480000019073486,5.429999828338623,5.480000019073486,52000
2015-11-12,5.321892261505127,5.449999809265137,5.480000019073486,5.429999828338623,5.449999809265137,66000
2015-11-13,5.243772506713867,5.369999885559082,5.449999809265137,5.349999904632568,5.409999847412109,316000
2015-11-16,5.234007835388184,5.360000133514404,5.480000019073486,5.309999942779541,5.309999942779541,46000
2015-11-17,5.292597770690918,5.420000076293945,5.440000057220459,5.440000057220459,5.440000057220459,12000
2015-11-18,5.243772506713867,5.369999885559082,5.400000095367432,5.400000095367432,5.400000095367432,4000
2015-11-19,5.312127590179443,5.440000057220459,5.480000019073486,5.360000133514404,5.480000019073486,62000
2015-11-20,5.292597770690918,5.420000076293945,5.429999828338623,5.369999885559082,5.369999885559082,34000
2015-11-23,5.292597770690918,5.420000076293945,5.420000076293945,5.420000076293945,5.420000076293945,0
2015-11-24,5.243772506713867,5.369999885559082,5.420000076293945,5.349999904632568,5.420000076293945,138000
2015-11-25,5.253538131713867,5.380000114440918,5.489999771118164,5.260000228881836,5.489999771118164,128000
2015-11-26,5.341422080993652,5.46999979019165,5.480000019073486,5.389999866485596,5.480000019073486,156000
2015-11-27,5.273067951202393,5.400000095367432,5.449999809265137,5.309999942779541,5.449999809265137,136000
2015-11-30,5.194948196411133,5.320000171661377,5.400000095367432,5.300000190734863,5.360000133514404,274000
2015-12-01,5.097298622131348,5.21999979019165,5.349999904632568,5.150000095367432,5.150000095367432,70000
2015-12-02,5.214478015899658,5.340000152587891,5.360000133514404,5.28000020980835,5.28000020980835,148000
2015-12-03,5.224242687225342,5.349999904632568,5.360000133514404,5.329999923706055,5.329999923706055,82000
2015-12-04,5.155888557434082,5.28000020980835,5.340000152587891,5.25,5.25,116000
2015-12-07,5.126593589782715,5.25,5.289999961853027,5.150000095367432,5.25,60000
2015-12-08,5.028944492340088,5.150000095367432,5.329999923706055,5.110000133514404,5.25,550000
2015-12-09,5.155888557434082,5.28000020980835,5.369999885559082,5.25,5.25,34000
2015-12-10,5.028944492340088,5.150000095367432,5.340000152587891,5.150000095367432,5.28000020980835,98000
2015-12-11,5.126593589782715,5.25,5.25,5.099999904632568,5.170000076293945,140000
2015-12-14,5.058238983154297,5.179999828338623,5.289999961853027,5.139999866485596,5.210000038146973,340000
2015-12-15,5.058238983154297,5.179999828338623,5.179999828338623,5.179999828338623,5.179999828338623,8000
2015-12-16,5.048474311828613,5.170000076293945,5.269999980926514,5.090000152587891,5.199999809265137,74000
2015-12-17,5.077768802642822,5.199999809265137,5.340000152587891,5.179999828338623,5.21999979019165,92000
2015-12-18,5.097298622131348,5.21999979019165,5.329999923706055,5.139999866485596,5.179999828338623,52000
2015-12-21,5.116828441619873,5.239999771118164,5.239999771118164,5.21999979019165,5.21999979019165,14000
2015-12-22,5.126593589782715,5.25,5.369999885559082,5.239999771118164,5.239999771118164,184000
2015-12-23,5.126593589782715,5.25,5.269999980926514,5.21999979019165,5.260000228881836,158000
2015-12-24,5.175418376922607,5.300000190734863,5.320000171661377,5.21999979019165,5.269999980926514,170000
2015-12-28,5.136358737945557,5.260000228881836,5.300000190734863,5.21999979019165,5.300000190734863,130000
2015-12-29,5.175418376922607,5.300000190734863,5.360000133514404,5.230000019073486,5.28000020980835,180000
2015-12-30,5.155888557434082,5.28000020980835,5.340000152587891,5.179999828338623,5.349999904632568,50000
2015-12-31,5.116828441619873,5.239999771118164,5.239999771118164,5.239999771118164,5.239999771118164,2000
2016-01-04,5.077768802642822,5.199999809265137,5.210000038146973,5.199999809265137,5.199999809265137,20000
2016-01-05,5.068004131317139,5.190000057220459,5.210000038146973,5.130000114440918,5.210000038146973,144000
2016-01-06,4.989884376525879,5.110000133514404,5.190000057220459,5.110000133514404,5.179999828338623,36000
2016-01-07,4.989884376525879,5.110000133514404,5.110000133514404,5.110000133514404,5.110000133514404,0
2016-01-08,4.989884376525879,5.110000133514404,5.260000228881836,5.090000152587891,5.25,306000
2016-01-11,4.892235279083252,5.010000228881836,5.079999923706055,5.010000228881836,5.039999961853027,626000
2016-01-12,4.9019999504089355,5.019999980926514,5.050000190734863,4.960000038146973,5.010000228881836,992000
2016-01-13,4.735995769500732,4.849999904632568,5.050000190734863,4.820000171661377,4.909999847412109,200000
2016-01-14,4.745760917663574,4.860000133514404,4.869999885559082,4.820000171661377,4.820000171661377,24000
2016-01-15,4.589521884918213,4.699999809265137,4.829999923706055,4.610000133514404,4.829999923706055,172000
2016-01-18,4.589521884918213,4.699999809265137,4.699999809265137,4.670000076293945,4.670000076293945,10000
2016-01-19,4.569991588592529,4.679999828338623,4.800000190734863,4.670000076293945,4.699999809265137,150000
2016-01-20,4.423518180847168,4.53000020980835,4.679999828338623,4.440000057220459,4.679999828338623,62000
2016-01-21,4.306338310241699,4.409999847412109,4.590000152587891,4.360000133514404,4.590000152587891,120000
2016-01-22,4.394223213195801,4.5,4.699999809265137,4.320000171661377,4.420000076293945,246000
2016-01-25,4.34539794921875,4.449999809265137,4.53000020980835,4.400000095367432,4.53000020980835,68000
2016-01-26,4.208689212799072,4.309999942779541,4.480000019073486,4.309999942779541,4.460000038146973,130000
2016-01-27,4.35516357421875,4.460000038146973,4.5,4.309999942779541,4.320000171661377,482000
2016-01-28,4.374693393707275,4.480000019073486,4.480000019073486,4.369999885559082,4.400000095367432,72000
2016-01-29,4.384458065032959,4.489999771118164,4.650000095367432,4.449999809265137,4.46999979019165,292000
2016-02-01,4.384458065032959,4.489999771118164,4.599999904632568,4.400000095367432,4.599999904632568,178000
2016-02-02,4.403988361358643,4.510000228881836,4.579999923706055,4.360000133514404,4.5,22000
2016-02-03,4.306338310241699,4.409999847412109,4.5,4.409999847412109,4.409999847412109,116000
2016-02-04,4.35516357421875,4.460000038146973,4.5,4.409999847412109,4.460000038146973,62000
2016-02-05,4.394223213195801,4.5,4.5,4.420000076293945,4.449999809265137,205508
2016-02-11,4.27704381942749,4.380000114440918,4.400000095367432,4.320000171661377,4.380000114440918,60000
2016-02-12,4.286808490753174,4.389999866485596,4.400000095367432,4.360000133514404,4.360000133514404,40000
2016-02-15,4.394223213195801,4.5,4.539999961853027,4.460000038146973,4.460000038146973,218000
2016-02-16,4.34539794921875,4.449999809265137,4.53000020980835,4.300000190734863,4.539999961853027,270000
2016-02-17,4.423518180847168,4.53000020980835,4.53000020980835,4.46999979019165,4.46999979019165,562000
2016-02-18,4.413753032684326,4.519999980926514,4.639999866485596,4.519999980926514,4.579999923706055,50000
2016-02-19,4.443048000335693,4.550000190734863,4.550000190734863,4.510000228881836,4.519999980926514,228000
2016-02-22,4.491872310638428,4.599999904632568,4.690000057220459,4.559999942779541,4.599999904632568,132000
2016-02-23,4.491872310638428,4.599999904632568,4.599999904632568,4.599999904632568,4.599999904632568,28000
2016-02-24,4.491872310638428,4.599999904632568,4.599999904632568,4.599999904632568,4.599999904632568,10000
2016-02-25,4.433282852172852,4.539999961853027,4.619999885559082,4.28000020980835,4.28000020980835,18000
2016-02-26,4.433282852172852,4.539999961853027,4.539999961853027,4.539999961853027,4.539999961853027,0
2016-02-29,4.403988361358643,4.510000228881836,4.630000114440918,4.480000019073486,4.480000019073486,126000
2016-03-01,4.491872310638428,4.599999904632568,4.599999904632568,4.5,4.5,22000
2016-03-02,4.609051704406738,4.71999979019165,4.880000114440918,4.599999904632568,4.599999904632568,264000
2016-03-03,4.54069709777832,4.650000095367432,4.78000020980835,4.650000095367432,4.739999771118164,230000
2016-03-04,4.511402130126953,4.619999885559082,4.679999828338623,4.599999904632568,4.659999847412109,710000
2016-03-07,4.609051704406738,4.71999979019165,4.769999980926514,4.650000095367432,4.650000095367432,518000
2016-03-08,4.609051704406738,4.71999979019165,4.71999979019165,4.690000057220459,4.699999809265137,77001
2016-03-09,4.54069709777832,4.650000095367432,4.730000019073486,4.650000095367432,4.730000019073486,18000
2016-03-10,4.61881685256958,4.730000019073486,4.840000152587891,4.690000057220459,4.690000057220459,160000
2016-03-11,4.579757213592529,4.690000057220459,4.760000228881836,4.670000076293945,4.699999809265137,74000
2016-03-14,4.7652907371521,4.880000114440918,4.880000114440918,4.739999771118164,4.739999771118164,84000
2016-03-15,4.696936130523682,4.809999942779541,4.889999866485596,4.800000190734863,4.889999866485596,864000
2016-03-16,4.687171459197998,4.800000190734863,4.889999866485596,4.800000190734863,4.840000152587891,242000
2016-03-17,4.687171459197998,4.800000190734863,4.929999828338623,4.75,4.929999828338623,864000
2016-03-18,4.775055408477783,4.889999866485596,4.889999866485596,4.78000020980835,4.880000114440918,398660
2016-03-21,4.872704982757568,4.989999771118164,5.0,4.960000038146973,4.96999979019165,292000
2016-03-22,4.950824737548828,5.070000171661377,5.210000038146973,4.889999866485596,5.010000228881836,316000
2016-03-23,5.048474311828613,5.170000076293945,5.25,5.039999961853027,5.25,368000
2016-03-24,4.872704982757568,4.989999771118164,5.119999885559082,4.949999809265137,5.119999885559082,322000
2016-03-29,4.745760917663574,4.860000133514404,5.0,4.860000133514404,5.0,246000
2016-03-30,4.784820556640625,4.900000095367432,5.190000057220459,4.900000095367432,4.909999847412109,676000
2016-03-31,4.872704982757568,4.989999771118164,4.989999771118164,4.849999904632568,4.949999809265137,692365
2016-04-01,4.853175163269043,4.96999979019165,5.03000020980835,4.920000076293945,5.03000020980835,256000
2016-04-05,4.862940311431885,4.980000019073486,5.039999961853027,4.960000038146973,4.96999979019165,216000
2016-04-06,4.980119228363037,5.099999904632568,5.199999809265137,4.949999809265137,4.949999809265137,658000
2016-04-07,4.9996490478515625,5.119999885559082,5.150000095367432,5.019999980926514,5.150000095367432,326000
2016-04-08,4.980119228363037,5.099999904632568,5.110000133514404,5.050000190734863,5.050000190734863,484000
2016-04-11,4.941059589385986,5.059999942779541,5.099999904632568,5.039999961853027,5.050000190734863,350000
2016-04-12,4.950824737548828,5.070000171661377,5.119999885559082,4.96999979019165,5.070000171661377,464000
2016-04-13,4.960589408874512,5.079999923706055,5.099999904632568,5.019999980926514,5.099999904632568,598000
2016-04-14,4.980119228363037,5.099999904632568,5.110000133514404,5.0,5.079999923706055,870774
2016-04-15,4.980119228363037,5.099999904632568,5.139999866485596,5.039999961853027,5.099999904632568,196000
2016-04-18,5.019178867340088,5.139999866485596,5.190000057220459,5.070000171661377,5.090000152587891,240000
2016-04-19,4.941059589385986,5.059999942779541,5.170000076293945,5.059999942779541,5.159999847412109,270000
2016-04-20,4.989884376525879,5.110000133514404,5.199999809265137,5.03000020980835,5.099999904632568,314000
2016-04-21,5.009414196014404,5.130000114440918,5.150000095367432,5.03000020980835,5.119999885559082,174000
2016-04-22,5.028944492340088,5.150000095367432,5.300000190734863,5.119999885559082,5.119999885559082,86000
2016-04-25,5.175418376922607,5.300000190734863,5.349999904632568,5.119999885559082,5.150000095367432,596000
2016-04-26,5.14612340927124,5.269999980926514,5.320000171661377,5.170000076293945,5.320000171661377,282000
2016-04-27,5.0387091636657715,5.159999847412109,5.239999771118164,5.150000095367432,5.239999771118164,34000
2016-04-28,5.009414196014404,5.130000114440918,5.190000057220459,5.119999885559082,5.159999847412109,158000
2016-04-29,4.9996490478515625,5.119999885559082,5.130000114440918,5.119999885559082,5.119999885559082,220000
2016-05-03,4.960589408874512,5.079999923706055,5.150000095367432,5.059999942779541,5.119999885559082,438800
2016-05-04,4.960589408874512,5.079999923706055,5.159999847412109,5.079999923706055,5.079999923706055,272000
2016-05-05,4.9996490478515625,5.119999885559082,5.130000114440918,5.079999923706055,5.079999923706055,302000
2016-05-06,4.88247013092041,5.0,5.099999904632568,5.0,5.099999904632568,336000
2016-05-09,4.892235279083252,5.010000228881836,5.019999980926514,4.909999847412109,5.0,204000
2016-05-10,4.862940311431885,4.980000019073486,5.019999980926514,4.909999847412109,5.019999980926514,124000
2016-05-11,4.921529769897461,5.039999961853027,5.059999942779541,4.980000019073486,5.03000020980835,70000
2016-05-12,4.921529769897461,5.039999961853027,5.050000190734863,4.960000038146973,5.050000190734863,96000
2016-05-13,4.872704982757568,4.989999771118164,5.059999942779541,4.989999771118164,5.059999942779541,262000
2016-05-16,4.921529769897461,5.039999961853027,5.039999961853027,4.949999809265137,4.949999809265137,177931
2016-05-17,4.921529769897461,5.039999961853027,5.059999942779541,4.96999979019165,5.059999942779541,74000
2016-05-18,4.862940311431885,4.980000019073486,5.019999980926514,4.980000019073486,5.019999980926514,108000
2016-05-19,4.872704982757568,4.989999771118164,5.050000190734863,4.949999809265137,5.050000190734863,426000
2016-05-20,4.88247013092041,5.0,5.0,4.980000019073486,5.0,30000
2016-05-23,4.911765098571777,5.03000020980835,5.03000020980835,5.010000228881836,5.010000228881836,32000
2016-05-24,4.88247013092041,5.0,5.179999828338623,5.0,5.03000020980835,389708
2016-05-25,4.921529769897461,5.039999961853027,5.039999961853027,5.010000228881836,5.03000020980835,126000
2016-05-26,4.980119228363037,5.099999904632568,5.139999866485596,5.050000190734863,5.059999942779541,60000
2016-05-27,4.88247013092041,5.0,5.099999904632568,4.989999771118164,5.099999904632568,582651
2016-05-30,4.960589408874512,5.079999923706055,5.079999923706055,5.070000171661377,5.070000171661377,10000
2016-05-31,4.960589408874512,5.079999923706055,5.179999828338623,4.989999771118164,5.090000152587891,428000
2016-06-01,5.077768802642822,5.199999809265137,5.199999809265137,5.039999961853027,5.119999885559082,466880
2016-06-02,5.009414196014404,5.130000114440918,5.179999828338623,5.050000190734863,5.179999828338623,688000
2016-06-03,4.980119228363037,5.099999904632568,5.199999809265137,5.079999923706055,5.119999885559082,700000
2016-06-06,5.009414196014404,5.130000114440918,5.150000095367432,5.079999923706055,5.079999923706055,418341
2016-06-07,5.019178867340088,5.139999866485596,5.150000095367432,4.949999809265137,5.110000133514404,631074
2016-06-08,4.941059589385986,5.059999942779541,5.179999828338623,5.059999942779541,5.179999828338623,162000
2016-06-10,4.989884376525879,5.110000133514404,5.110000133514404,4.900000095367432,5.010000228881836,344000
2016-06-13,4.950824737548828,5.070000171661377,5.090000152587891,5.0,5.039999961853027,256000
2016-06-14,4.960589408874512,5.079999923706055,5.090000152587891,5.03000020980835,5.090000152587891,156000
2016-06-15,4.911765098571777,5.03000020980835,5.090000152587891,4.989999771118164,4.989999771118164,254000
2016-06-16,4.9019999504089355,5.019999980926514,5.050000190734863,4.989999771118164,5.050000190734863,96000
2016-06-17,4.88247013092041,5.0,5.079999923706055,4.929999828338623,5.039999961853027,318000
2016-06-20,4.9019999504089355,5.019999980926514,5.03000020980835,4.989999771118164,4.989999771118164,58000
2016-06-21,4.989999771118164,4.989999771118164,5.050000190734863,4.909999847412109,4.909999847412109,158000
2016-06-22,5.0,5.0,5.039999961853027,4.980000019073486,5.019999980926514,482000
2016-06-23,5.019999980926514,5.019999980926514,5.03000020980835,5.0,5.0,312000
2016-06-24,4.949999809265137,4.949999809265137,5.0,4.929999828338623,4.960000038146973,328000
2016-06-27,5.019999980926514,5.019999980926514,5.03000020980835,4.989999771118164,4.989999771118164,338000
2016-06-28,5.050000190734863,5.050000190734863,5.050000190734863,4.980000019073486,4.980000019073486,184000
2016-06-29,5.090000152587891,5.090000152587891,5.110000133514404,5.079999923706055,5.079999923706055,470000
2016-06-30,5.139999866485596,5.139999866485596,5.170000076293945,5.059999942779541,5.119999885559082,218000
2016-07-04,5.090000152587891,5.090000152587891,5.150000095367432,5.099999904632568,5.099999904632568,524000
2016-07-05,5.099999904632568,5.099999904632568,5.099999904632568,5.070000171661377,5.099999904632568,502000
2016-07-06,5.099999904632568,5.099999904632568,5.099999904632568,5.079999923706055,5.090000152587891,1030000
2016-07-07,5.079999923706055,5.079999923706055,5.099999904632568,5.059999942779541,5.099999904632568,208000
2016-07-08,5.079999923706055,5.079999923706055,5.099999904632568,5.070000171661377,5.079999923706055,740000
2016-07-11,5.099999904632568,5.099999904632568,5.150000095367432,5.099999904632568,5.099999904632568,370000
2016-07-12,5.150000095367432,5.150000095367432,5.150000095367432,5.099999904632568,5.099999904632568,132000
2016-07-13,5.230000019073486,5.230000019073486,5.239999771118164,5.170000076293945,5.170000076293945,708000
2016-07-14,5.300000190734863,5.300000190734863,5.400000095367432,5.25,5.25,376018
2016-07-15,5.389999866485596,5.389999866485596,5.389999866485596,5.349999904632568,5.349999904632568,116000
2016-07-18,5.550000190734863,5.550000190734863,5.570000171661377,5.349999904632568,5.349999904632568,334000
2016-07-19,5.650000095367432,5.650000095367432,5.699999809265137,5.550000190734863,5.550000190734863,314000
2016-07-20,5.550000190734863,5.550000190734863,5.599999904632568,5.550000190734863,5.599999904632568,282000
2016-07-21,5.820000171661377,5.820000171661377,5.880000114440918,5.550000190734863,5.550000190734863,376000
2016-07-22,5.699999809265137,5.699999809265137,5.800000190734863,5.670000076293945,5.800000190734863,126000
2016-07-25,5.679999828338623,5.679999828338623,5.699999809265137,5.679999828338623,5.699999809265137,10000
2016-07-26,5.590000152587891,5.590000152587891,5.639999866485596,5.550000190734863,5.619999885559082,1162000
2016-07-27,5.579999923706055,5.579999923706055,5.599999904632568,5.510000228881836,5.590000152587891,288000
2016-07-28,5.71999979019165,5.71999979019165,5.71999979019165,5.619999885559082,5.630000114440918,146000
2016-07-29,5.619999885559082,5.619999885559082,5.679999828338623,5.619999885559082,5.679999828338623,62000
2016-08-01,5.639999866485596,5.639999866485596,5.670000076293945,5.639999866485596,5.639999866485596,48000
2016-08-02,5.639999866485596,5.639999866485596,5.639999866485596,5.639999866485596,5.639999866485596,0
2016-08-03,5.739999771118164,5.739999771118164,5.75,5.579999923706055,5.679999828338623,170000
2016-08-04,5.699999809265137,5.699999809265137,5.730000019073486,5.699999809265137,5.730000019073486,44000
2016-08-05,5.699999809265137,5.699999809265137,5.789999961853027,5.699999809265137,5.699999809265137,26000
2016-08-08,5.659999847412109,5.659999847412109,5.699999809265137,5.659999847412109,5.699999809265137,28000
2016-08-09,5.699999809265137,5.699999809265137,5.789999961853027,5.690000057220459,5.690000057220459,4000
2016-08-10,5.539999961853027,5.539999961853027,5.789999961853027,5.539999961853027,5.739999771118164,90000
2016-08-11,5.679999828338623,5.679999828338623,5.679999828338623,5.550000190734863,5.559999942779541,22000
2016-08-12,5.679999828338623,5.679999828338623,5.789999961853027,5.690000057220459,5.789999961853027,20800
2016-08-15,5.789999961853027,5.789999961853027,5.789999961853027,5.670000076293945,5.679999828338623,142000
2016-08-16,5.78000020980835,5.78000020980835,5.800000190734863,5.739999771118164,5.800000190734863,28000
2016-08-17,5.78000020980835,5.78000020980835,5.800000190734863,5.699999809265137,5.78000020980835,100000
2016-08-18,5.909999847412109,5.909999847412109,5.940000057220459,5.710000038146973,5.710000038146973,186000
2016-08-19,5.800000190734863,5.800000190734863,5.920000076293945,5.800000190734863,5.920000076293945,186000
2016-08-22,5.800000190734863,5.800000190734863,5.900000095367432,5.739999771118164,5.840000152587891,218000
2016-08-23,5.489999771118164,5.489999771118164,5.760000228881836,5.489999771118164,5.760000228881836,256000
2016-08-24,5.53000020980835,5.53000020980835,5.570000171661377,5.360000133514404,5.539999961853027,312871
2016-08-25,5.389999866485596,5.389999866485596,5.599999904632568,5.380000114440918,5.599999904632568,98000
2016-08-26,5.420000076293945,5.420000076293945,5.590000152587891,5.420000076293945,5.590000152587891,308000
2016-08-29,5.300000190734863,5.300000190734863,5.420000076293945,5.260000228881836,5.420000076293945,182000
2016-08-30,5.28000020980835,5.28000020980835,5.360000133514404,5.269999980926514,5.300000190734863,504000
2016-08-31,5.329999923706055,5.329999923706055,5.329999923706055,5.210000038146973,5.269999980926514,326000
2016-09-01,5.260000228881836,5.260000228881836,5.340000152587891,5.260000228881836,5.289999961853027,486360
2016-09-02,5.300000190734863,5.300000190734863,5.320000171661377,5.289999961853027,5.289999961853027,228000
2016-09-05,5.309999942779541,5.309999942779541,5.380000114440918,5.28000020980835,5.380000114440918,448000
2016-09-06,5.349999904632568,5.349999904632568,5.46999979019165,5.300000190734863,5.389999866485596,384000
2016-09-07,5.429999828338623,5.429999828338623,5.429999828338623,5.329999923706055,5.360000133514404,422000
2016-09-08,5.400000095367432,5.400000095367432,5.480000019073486,5.400000095367432,5.480000019073486,400000
2016-09-09,5.360000133514404,5.360000133514404,5.480000019073486,5.320000171661377,5.480000019073486,578000
2016-09-12,5.21999979019165,5.21999979019165,5.420000076293945,5.21999979019165,5.380000114440918,526000
2016-09-13,5.289999961853027,5.289999961853027,5.420000076293945,5.289999961853027,5.420000076293945,16000
2016-09-14,5.300000190734863,5.300000190734863,5.420000076293945,5.25,5.25,154000
2016-09-15,5.360000133514404,5.360000133514404,5.389999866485596,5.300000190734863,5.329999923706055,52000
2016-09-19,5.320000171661377,5.320000171661377,5.389999866485596,5.309999942779541,5.389999866485596,42000
2016-09-20,5.349999904632568,5.349999904632568,5.420000076293945,5.320000171661377,5.420000076293945,78000
2016-09-21,5.349999904632568,5.349999904632568,5.360000133514404,5.340000152587891,5.349999904632568,122259
2016-09-22,5.460000038146973,5.460000038146973,5.480000019073486,5.329999923706055,5.349999904632568,202000
2016-09-23,5.360000133514404,5.360000133514404,5.409999847412109,5.360000133514404,5.369999885559082,86000
2016-09-26,5.309999942779541,5.309999942779541,5.320000171661377,5.300000190734863,5.320000171661377,6000
2016-09-27,5.300000190734863,5.300000190734863,5.389999866485596,5.260000228881836,5.389999866485596,120000
2016-09-28,5.269999980926514,5.269999980926514,5.309999942779541,5.25,5.309999942779541,468000
2016-09-29,5.349999904632568,5.349999904632568,5.349999904632568,5.300000190734863,5.349999904632568,82000
2016-09-30,5.269999980926514,5.269999980926514,5.400000095367432,5.260000228881836,5.400000095367432,370000
2016-10-03,5.329999923706055,5.329999923706055,5.400000095367432,5.300000190734863,5.400000095367432,58000
2016-10-04,5.320000171661377,5.320000171661377,5.389999866485596,5.28000020980835,5.389999866485596,578000
2016-10-05,5.309999942779541,5.309999942779541,5.320000171661377,5.300000190734863,5.309999942779541,48000
2016-10-06,5.389999866485596,5.389999866485596,5.400000095367432,5.300000190734863,5.300000190734863,168000
2016-10-07,5.400000095367432,5.400000095367432,5.400000095367432,5.369999885559082,5.389999866485596,80000
2016-10-11,5.369999885559082,5.369999885559082,5.449999809265137,5.369999885559082,5.449999809265137,244000
2016-10-12,5.5,5.5,5.53000020980835,5.329999923706055,5.349999904632568,920000
2016-10-13,5.510000228881836,5.510000228881836,5.550000190734863,5.480000019073486,5.539999961853027,154000
2016-10-14,5.489999771118164,5.489999771118164,5.539999961853027,5.480000019073486,5.539999961853027,134000
2016-10-17,5.5,5.5,5.559999942779541,5.5,5.539999961853027,284000
2016-10-18,5.449999809265137,5.449999809265137,5.5,5.429999828338623,5.5,336000
2016-10-19,5.510000228881836,5.510000228881836,5.510000228881836,5.5,5.510000228881836,46000
2016-10-20,5.539999961853027,5.539999961853027,5.539999961853027,5.5,5.5,112000
2016-10-21,5.539999961853027,5.539999961853027,5.539999961853027,5.539999961853027,5.539999961853027,0
2016-10-24,5.800000190734863,5.800000190734863,5.800000190734863,5.510000228881836,5.510000228881836,398000
2016-10-25,6.0,6.0,6.099999904632568,5.789999961853027,5.789999961853027,718000
2016-10-26,6.050000190734863,6.050000190734863,6.090000152587891,5.96999979019165,5.96999979019165,2374000
2016-10-27,5.980000019073486,5.980000019073486,5.980000019073486,5.980000019073486,5.980000019073486,0
2016-10-28,6.050000190734863,6.050000190734863,6.079999923706055,5.949999809265137,5.980000019073486,104000
2016-10-31,6.0,6.0,6.0,6.0,6.0,2000
2016-11-01,6.019999980926514,6.019999980926514,6.019999980926514,5.789999961853027,5.809999942779541,496000
2016-11-02,5.800000190734863,5.800000190734863,5.989999771118164,5.760000228881836,5.989999771118164,278000
2016-11-03,5.96999979019165,5.96999979019165,6.010000228881836,5.829999923706055,5.829999923706055,946000
2016-11-04,5.980000019073486,5.980000019073486,5.980000019073486,5.949999809265137,5.949999809265137,12000
2016-11-07,5.940000057220459,5.940000057220459,5.96999979019165,5.75,5.920000076293945,98000
2016-11-08,5.929999828338623,5.929999828338623,5.949999809265137,5.869999885559082,5.920000076293945,24000
2016-11-09,5.880000114440918,5.880000114440918,5.920000076293945,5.800000190734863,5.920000076293945,258000
2016-11-10,5.900000095367432,5.900000095367432,5.909999847412109,5.900000095367432,5.909999847412109,1018000
2016-11-11,5.840000152587891,5.840000152587891,5.920000076293945,5.760000228881836,5.920000076293945,126000
2016-11-14,5.840000152587891,5.840000152587891,5.920000076293945,5.650000095367432,5.849999904632568,202000
2016-11-15,5.699999809265137,5.699999809265137,5.880000114440918,5.579999923706055,5.880000114440918,3068000
2016-11-16,5.650000095367432,5.650000095367432,5.75,5.590000152587891,5.75,238000
2016-11-17,5.599999904632568,5.599999904632568,5.670000076293945,5.539999961853027,5.670000076293945,10000
2016-11-18,5.599999904632568,5.599999904632568,5.619999885559082,5.519999980926514,5.559999942779541,250630
2016-11-21,5.679999828338623,5.679999828338623,5.730000019073486,5.619999885559082,5.679999828338623,72000
2016-11-22,5.610000133514404,5.610000133514404,5.699999809265137,5.610000133514404,5.699999809265137,38000
2016-11-23,5.5,5.5,5.619999885559082,5.480000019073486,5.619999885559082,162000
2016-11-24,5.46999979019165,5.46999979019165,5.53000020980835,5.420000076293945,5.539999961853027,158000
2016-11-25,5.440000057220459,5.440000057220459,5.46999979019165,5.400000095367432,5.46999979019165,112000
2016-11-28,5.519999980926514,5.519999980926514,5.53000020980835,5.460000038146973,5.480000019073486,66000
2016-11-29,5.5,5.5,5.519999980926514,5.460000038146973,5.480000019073486,68000
2016-11-30,5.579999923706055,5.579999923706055,5.659999847412109,5.449999809265137,5.480000019073486,124000
2016-12-01,5.539999961853027,5.539999961853027,5.559999942779541,5.440000057220459,5.559999942779541,14000
2016-12-02,5.480000019073486,5.480000019073486,5.489999771118164,5.480000019073486,5.489999771118164,36000
2016-12-05,5.369999885559082,5.369999885559082,5.5,5.360000133514404,5.449999809265137,110000
2016-12-06,5.420000076293945,5.420000076293945,5.420000076293945,5.420000076293945,5.420000076293945,0
2016-12-07,5.420000076293945,5.420000076293945,5.429999828338623,5.420000076293945,5.429999828338623,58000
2016-12-08,5.46999979019165,5.46999979019165,5.460000038146973,5.389999866485596,5.389999866485596,28000
2016-12-09,5.5,5.5,5.53000020980835,5.5,5.5,80000
2016-12-12,5.639999866485596,5.639999866485596,5.650000095367432,5.460000038146973,5.460000038146973,1386000
2016-12-13,5.800000190734863,5.800000190734863,5.809999942779541,5.71999979019165,5.730000019073486,716000
2016-12-14,5.849999904632568,5.849999904632568,5.849999904632568,5.75,5.840000152587891,1996000
2016-12-15,5.75,5.75,5.78000020980835,5.71999979019165,5.78000020980835,58000
2016-12-16,5.789999961853027,5.789999961853027,5.840000152587891,5.789999961853027,5.840000152587891,56000
2016-12-19,5.650000095367432,5.650000095367432,5.71999979019165,5.650000095367432,5.71999979019165,78021
2016-12-20,5.550000190734863,5.550000190734863,5.599999904632568,5.550000190734863,5.599999904632568,36021
2016-12-21,5.809999942779541,5.809999942779541,5.809999942779541,5.699999809265137,5.739999771118164,1618000
2016-12-22,5.71999979019165,5.71999979019165,5.809999942779541,5.71999979019165,5.809999942779541,60000
2016-12-23,5.679999828338623,5.679999828338623,5.679999828338623,5.670000076293945,5.670000076293945,18000
2016-12-28,5.710000038146973,5.710000038146973,5.769999980926514,5.650000095367432,5.650000095367432,126000
2016-12-29,5.710000038146973,5.710000038146973,5.710000038146973,5.659999847412109,5.690000057220459,16000
2016-12-30,5.699999809265137,5.699999809265137,5.699999809265137,5.699999809265137,5.699999809265137,6000
2017-01-03,5.75,5.75,5.75,5.699999809265137,5.699999809265137,2928000
2017-01-04,5.710000038146973,5.710000038146973,5.75,5.679999828338623,5.730000019073486,3388000
2017-01-05,5.800000190734863,5.800000190734863,5.800000190734863,5.710000038146973,5.710000038146973,146000
2017-01-06,5.739999771118164,5.739999771118164,5.789999961853027,5.730000019073486,5.769999980926514,60000
2017-01-09,5.769999980926514,5.769999980926514,5.820000171661377,5.699999809265137,5.71999979019165,3360000
2017-01-10,5.78000020980835,5.78000020980835,5.820000171661377,5.730000019073486,5.75,3778000
2017-01-11,5.739999771118164,5.739999771118164,5.809999942779541,5.730000019073486,5.760000228881836,214000
2017-01-12,5.789999961853027,5.789999961853027,5.789999961853027,5.730000019073486,5.730000019073486,64000
2017-01-13,5.730000019073486,5.730000019073486,5.730000019073486,5.71999979019165,5.71999979019165,42000
2017-01-16,5.789999961853027,5.789999961853027,5.800000190734863,5.769999980926514,5.800000190734863,72000
2017-01-17,5.789999961853027,5.789999961853027,5.800000190734863,5.769999980926514,5.789999961853027,70000
2017-01-18,5.800000190734863,5.800000190734863,5.800000190734863,5.760000228881836,5.760000228881836,270597
2017-01-19,5.75,5.75,5.800000190734863,5.75,5.769999980926514,84000
2017-01-20,5.690000057220459,5.690000057220459,5.78000020980835,5.659999847412109,5.710000038146973,310000
2017-01-23,5.730000019073486,5.730000019073486,5.730000019073486,5.679999828338623,5.679999828338623,124000
2017-01-24,5.75,5.75,5.78000020980835,5.71999979019165,5.71999979019165,74000
2017-01-25,5.730000019073486,5.730000019073486,5.760000228881836,5.710000038146973,5.739999771118164,220000
2017-01-26,5.75,5.75,5.78000020980835,5.75,5.78000020980835,50000
2017-01-27,5.75,5.75,5.75,5.75,5.75,0
2017-02-01,5.760000228881836,5.760000228881836,5.800000190734863,5.739999771118164,5.78000020980835,38000
2017-02-02,5.800000190734863,5.800000190734863,5.820000171661377,5.78000020980835,5.78000020980835,244000
2017-02-03,5.789999961853027,5.789999961853027,5.800000190734863,5.789999961853027,5.789999961853027,36000
2017-02-06,5.829999923706055,5.829999923706055,5.829999923706055,5.760000228881836,5.800000190734863,264000
2017-02-07,5.800000190734863,5.800000190734863,5.829999923706055,5.800000190734863,5.829999923706055,90000
2017-02-08,5.760000228881836,5.760000228881836,5.800000190734863,5.75,5.800000190734863,328000
2017-02-09,5.840000152587891,5.840000152587891,5.849999904632568,5.800000190734863,5.829999923706055,396000
2017-02-10,5.739999771118164,5.739999771118164,5.860000133514404,5.699999809265137,5.840000152587891,488000
2017-02-13,5.78000020980835,5.78000020980835,5.849999904632568,5.760000228881836,5.760000228881836,156021
2017-02-14,5.78000020980835,5.78000020980835,5.949999809265137,5.760000228881836,5.800000190734863,246021
2017-02-15,5.710000038146973,5.710000038146973,5.809999942779541,5.710000038146973,5.78000020980835,226000
2017-02-16,5.789999961853027,5.789999961853027,5.800000190734863,5.760000228881836,5.800000190734863,66000
2017-02-17,5.789999961853027,5.789999961853027,5.789999961853027,5.789999961853027,5.789999961853027,0
2017-02-20,5.800000190734863,5.800000190734863,5.829999923706055,5.800000190734863,5.809999942779541,116000
2017-02-21,5.789999961853027,5.789999961853027,5.800000190734863,5.75,5.800000190734863,110000
2017-02-22,5.78000020980835,5.78000020980835,5.800000190734863,5.78000020980835,5.820000171661377,74000
2017-02-23,5.78000020980835,5.78000020980835,5.820000171661377,5.78000020980835,5.78000020980835,143035
2017-02-24,5.78000020980835,5.78000020980835,5.789999961853027,5.769999980926514,5.769999980926514,50418
2017-02-27,5.699999809265137,5.699999809265137,5.829999923706055,5.699999809265137,5.760000228881836,158000
2017-02-28,5.710000038146973,5.710000038146973,5.760000228881836,5.699999809265137,5.699999809265137,28000
2017-03-01,5.710000038146973,5.710000038146973,5.760000228881836,5.699999809265137,5.710000038146973,114000
2017-03-02,5.730000019073486,5.730000019073486,5.730000019073486,5.699999809265137,5.71999979019165,48000
2017-03-03,5.699999809265137,5.699999809265137,5.730000019073486,5.699999809265137,5.730000019073486,134000
2017-03-06,5.699999809265137,5.699999809265137,5.699999809265137,5.690000057220459,5.699999809265137,158000
2017-03-07,5.690000057220459,5.690000057220459,5.730000019073486,5.679999828338623,5.690000057220459,92000
2017-03-08,5.829999923706055,5.829999923706055,5.849999904632568,5.75,5.75,432000
2017-03-09,5.809999942779541,5.809999942779541,5.889999866485596,5.800000190734863,5.840000152587891,168000
2017-03-10,5.769999980926514,5.769999980926514,5.820000171661377,5.769999980926514,5.820000171661377,118000
2017-03-13,5.869999885559082,5.869999885559082,5.889999866485596,5.75,5.760000228881836,302000
2017-03-14,5.849999904632568,5.849999904632568,5.909999847412109,5.820000171661377,5.869999885559082,108000
2017-03-15,5.929999828338623,5.929999828338623,5.949999809265137,5.829999923706055,5.829999923706055,200000
2017-03-16,5.920000076293945,5.920000076293945,5.949999809265137,5.909999847412109,5.929999828338623,250000
2017-03-17,5.920000076293945,5.920000076293945,6.039999961853027,5.920000076293945,5.949999809265137,142000
2017-03-20,5.940000057220459,5.940000057220459,6.039999961853027,5.889999866485596,5.920000076293945,20000
2017-03-21,5.889999866485596,5.889999866485596,6.0,5.829999923706055,5.900000095367432,376000
2017-03-22,5.800000190734863,5.800000190734863,5.860000133514404,5.730000019073486,5.860000133514404,486000
2017-03-23,5.789999961853027,5.789999961853027,5.900000095367432,5.78000020980835,5.849999904632568,556000
2017-03-24,5.699999809265137,5.699999809265137,5.849999904632568,5.679999828338623,5.849999904632568,506000
2017-03-27,5.489999771118164,5.489999771118164,5.599999904632568,5.449999809265137,5.599999904632568,888000
2017-03-28,5.429999828338623,5.429999828338623,5.449999809265137,5.400000095367432,5.449999809265137,292000
2017-03-29,5.639999866485596,5.639999866485596,5.730000019073486,5.449999809265137,5.449999809265137,1634000
2017-03-30,5.659999847412109,5.659999847412109,5.730000019073486,5.559999942779541,5.559999942779541,194000
2017-03-31,5.630000114440918,5.630000114440918,5.699999809265137,5.619999885559082,5.659999847412109,169100
2017-04-03,5.630000114440918,5.630000114440918,5.75,5.630000114440918,5.630000114440918,128000
2017-04-05,5.590000152587891,5.590000152587891,5.650000095367432,5.550000190734863,5.610000133514404,1676000
2017-04-06,5.590000152587891,5.590000152587891,5.630000114440918,5.590000152587891,5.599999904632568,290000
2017-04-07,5.599999904632568,5.599999904632568,5.610000133514404,5.53000020980835,5.570000171661377,1160000
2017-04-10,5.539999961853027,5.539999961853027,5.639999866485596,5.519999980926514,5.639999866485596,474000
2017-04-11,5.5,5.5,5.539999961853027,5.480000019073486,5.53000020980835,434000
2017-04-12,5.570000171661377,5.570000171661377,5.570000171661377,5.449999809265137,5.5,1920000
2017-04-13,5.53000020980835,5.53000020980835,5.570000171661377,5.519999980926514,5.559999942779541,140000
2017-04-18,5.599999904632568,5.599999904632568,5.599999904632568,5.559999942779541,5.559999942779541,82000
2017-04-19,5.539999961853027,5.539999961853027,5.599999904632568,5.539999961853027,5.599999904632568,264000
2017-04-20,5.539999961853027,5.539999961853027,5.579999923706055,5.53000020980835,5.570000171661377,138000
2017-04-21,5.539999961853027,5.539999961853027,5.570000171661377,5.519999980926514,5.519999980926514,3416000
2017-04-24,5.730000019073486,5.730000019073486,5.75,5.639999866485596,5.630000114440918,854000
2017-04-25,5.679999828338623,5.679999828338623,5.78000020980835,5.650000095367432,5.769999980926514,394182
2017-04-26,5.71999979019165,5.71999979019165,5.769999980926514,5.690000057220459,5.71999979019165,392000
2017-04-27,5.670000076293945,5.670000076293945,5.739999771118164,5.599999904632568,5.739999771118164,388000
2017-04-28,5.739999771118164,5.739999771118164,5.75,5.619999885559082,5.670000076293945,334000
2017-05-02,5.730000019073486,5.730000019073486,5.789999961853027,5.659999847412109,5.769999980926514,290000
2017-05-04,5.630000114440918,5.630000114440918,5.739999771118164,5.610000133514404,5.710000038146973,370000
2017-05-05,5.53000020980835,5.53000020980835,5.639999866485596,5.53000020980835,5.630000114440918,260000
2017-05-08,5.519999980926514,5.519999980926514,5.559999942779541,5.510000228881836,5.53000020980835,172000
2017-05-09,5.539999961853027,5.539999961853027,5.559999942779541,5.519999980926514,5.519999980926514,281000
2017-05-10,5.570000171661377,5.570000171661377,5.610000133514404,5.570000171661377,5.610000133514404,130000
2017-05-11,5.559999942779541,5.559999942779541,5.599999904632568,5.559999942779541,5.599999904632568,140000
2017-05-12,5.53000020980835,5.53000020980835,5.590000152587891,5.53000020980835,5.550000190734863,208000
2017-05-15,5.590000152587891,5.590000152587891,5.639999866485596,5.510000228881836,5.53000020980835,556550
2017-05-16,5.639999866485596,5.639999866485596,5.670000076293945,5.599999904632568,5.599999904632568,480000
2017-05-17,5.619999885559082,5.619999885559082,5.670000076293945,5.610000133514404,5.630000114440918,126000
2017-05-18,5.630000114440918,5.630000114440918,5.679999828338623,5.619999885559082,5.619999885559082,606000
2017-05-19,5.659999847412109,5.659999847412109,5.679999828338623,5.639999866485596,5.650000095367432,354000
2017-05-22,5.650000095367432,5.650000095367432,5.690000057220459,5.619999885559082,5.659999847412109,1296000
2017-05-23,5.650000095367432,5.650000095367432,5.800000190734863,5.639999866485596,5.650000095367432,3944000
2017-05-24,5.630000114440918,5.630000114440918,5.670000076293945,5.619999885559082,5.659999847412109,738000
2017-05-25,5.639999866485596,5.639999866485596,5.679999828338623,5.630000114440918,5.679999828338623,92000
2017-05-26,5.610000133514404,5.610000133514404,5.679999828338623,5.579999923706055,5.679999828338623,262000
2017-05-29,5.639999866485596,5.639999866485596,5.679999828338623,5.590000152587891,5.610000133514404,404000
2017-05-31,5.590000152587891,5.590000152587891,5.650000095367432,5.559999942779541,5.599999904632568,977914
2017-06-01,5.559999942779541,5.559999942779541,5.619999885559082,5.550000190734863,5.570000171661377,322000
2017-06-02,5.539999961853027,5.539999961853027,5.590000152587891,5.539999961853027,5.550000190734863,263450
2017-06-05,5.610000133514404,5.610000133514404,5.610000133514404,5.53000020980835,5.53000020980835,132000
2017-06-06,5.579999923706055,5.579999923706055,5.599999904632568,5.579999923706055,5.579999923706055,35000
2017-06-07,5.570000171661377,5.570000171661377,5.579999923706055,5.539999961853027,5.550000190734863,124000
2017-06-08,5.650000095367432,5.650000095367432,5.659999847412109,5.570000171661377,5.570000171661377,32000
2017-06-09,5.570000171661377,5.570000171661377,5.619999885559082,5.570000171661377,5.579999923706055,132000
2017-06-12,5.630000114440918,5.630000114440918,5.659999847412109,5.599999904632568,5.659999847412109,414000
2017-06-13,5.610000133514404,5.610000133514404,5.650000095367432,5.610000133514404,5.630000114440918,90000
2017-06-14,5.510000228881836,5.510000228881836,5.610000133514404,5.5,5.610000133514404,220000
2017-06-15,5.53000020980835,5.53000020980835,5.53000020980835,5.5,5.510000228881836,66000
2017-06-16,5.559999942779541,5.559999942779541,5.590000152587891,5.559999942779541,5.570000171661377,68000
2017-06-19,5.550000190734863,5.550000190734863,5.559999942779541,5.550000190734863,5.550000190734863,96000
2017-06-20,5.550000190734863,5.550000190734863,5.579999923706055,5.550000190734863,5.550000190734863,82000
2017-06-21,5.599999904632568,5.599999904632568,5.599999904632568,5.550000190734863,5.559999942779541,112000
2017-06-22,5.579999923706055,5.579999923706055,5.610000133514404,5.559999942779541,5.599999904632568,68000
2017-06-23,5.559999942779541,5.559999942779541,5.559999942779541,5.550000190734863,5.550000190734863,30000
2017-06-26,5.599999904632568,5.599999904632568,5.679999828338623,5.559999942779541,5.679999828338623,166000
2017-06-27,5.579999923706055,5.579999923706055,5.599999904632568,5.579999923706055,5.599999904632568,246000
2017-06-28,5.550000190734863,5.550000190734863,5.590000152587891,5.539999961853027,5.590000152587891,129278
2017-06-29,5.570000171661377,5.570000171661377,5.619999885559082,5.539999961853027,5.539999961853027,284000
2017-06-30,5.559999942779541,5.559999942779541,5.570000171661377,5.550000190734863,5.550000190734863,80000
2017-07-03,5.650000095367432,5.650000095367432,5.679999828338623,5.559999942779541,5.579999923706055,440000
2017-07-04,5.610000133514404,5.610000133514404,5.690000057220459,5.610000133514404,5.650000095367432,170000
2017-07-05,5.619999885559082,5.619999885559082,5.619999885559082,5.599999904632568,5.610000133514404,54000
2017-07-06,5.659999847412109,5.659999847412109,5.670000076293945,5.639999866485596,5.659999847412109,316000
2017-07-07,5.699999809265137,5.699999809265137,5.699999809265137,5.619999885559082,5.670000076293945,100000
2017-07-10,5.699999809265137,5.699999809265137,5.699999809265137,5.690000057220459,5.699999809265137,70000
2017-07-11,5.690000057220459,5.690000057220459,5.710000038146973,5.690000057220459,5.699999809265137,72000
2017-07-12,5.639999866485596,5.639999866485596,5.690000057220459,5.639999866485596,5.679999828338623,48000
2017-07-13,5.699999809265137,5.699999809265137,5.829999923706055,5.639999866485596,5.639999866485596,90000
2017-07-14,5.71999979019165,5.71999979019165,5.730000019073486,5.659999847412109,5.699999809265137,172000
2017-07-17,5.679999828338623,5.679999828338623,5.699999809265137,5.670000076293945,5.699999809265137,86000
2017-07-18,5.619999885559082,5.619999885559082,5.75,5.590000152587891,5.75,238000
2017-07-19,5.690000057220459,5.690000057220459,5.699999809265137,5.690000057220459,5.699999809265137,76000
2017-07-20,5.710000038146973,5.710000038146973,5.75,5.699999809265137,5.739999771118164,154000
2017-07-21,5.769999980926514,5.769999980926514,5.820000171661377,5.730000019073486,5.730000019073486,270000
2017-07-24,5.789999961853027,5.789999961853027,5.820000171661377,5.730000019073486,5.809999942779541,170000
2017-07-25,5.809999942779541,5.809999942779541,5.820000171661377,5.71999979019165,5.789999961853027,480000
2017-07-26,5.800000190734863,5.800000190734863,5.820000171661377,5.760000228881836,5.769999980926514,478000
2017-07-27,5.860000133514404,5.860000133514404,5.880000114440918,5.800000190734863,5.820000171661377,142000
2017-07-28,5.909999847412109,5.909999847412109,6.099999904632568,5.880000114440918,6.0,544000
2017-07-31,6.059999942779541,6.059999942779541,6.059999942779541,5.960000038146973,5.960000038146973,594000
2017-08-01,6.0,6.0,6.099999904632568,5.980000019073486,6.099999904632568,488500
2017-08-02,5.989999771118164,5.989999771118164,6.0,5.949999809265137,6.0,44000
2017-08-03,6.0,6.0,6.019999980926514,5.980000019073486,6.0,396000
2017-08-04,5.940000057220459,5.940000057220459,6.010000228881836,5.889999866485596,5.96999979019165,358000
2017-08-07,5.889999866485596,5.889999866485596,6.010000228881836,5.880000114440918,6.0,212000
2017-08-08,5.96999979019165,5.96999979019165,5.989999771118164,5.869999885559082,5.889999866485596,288000
2017-08-09,5.920000076293945,5.920000076293945,6.010000228881836,5.869999885559082,6.010000228881836,276000
2017-08-10,5.920000076293945,5.920000076293945,6.0,5.860000133514404,6.0,207000
2017-08-11,5.809999942779541,5.809999942779541,5.889999866485596,5.760000228881836,5.889999866485596,465818
2017-08-14,5.820000171661377,5.820000171661377,5.900000095367432,5.809999942779541,5.900000095367432,120000
2017-08-15,5.789999961853027,5.789999961853027,5.840000152587891,5.730000019073486,5.800000190734863,282000
2017-08-16,5.869999885559082,5.869999885559082,5.880000114440918,5.789999961853027,5.800000190734863,494000
2017-08-17,5.900000095367432,5.900000095367432,5.96999979019165,5.860000133514404,5.96999979019165,504000
2017-08-18,5.880000114440918,5.880000114440918,5.960000038146973,5.860000133514404,5.960000038146973,566000
2017-08-21,5.889999866485596,5.889999866485596,5.949999809265137,5.889999866485596,5.949999809265137,20000
2017-08-22,5.889999866485596,5.889999866485596,5.889999866485596,5.760000228881836,5.760000228881836,14000
2017-08-23,5.889999866485596,5.889999866485596,5.889999866485596,5.889999866485596,5.889999866485596,0
2017-08-24,5.929999828338623,5.929999828338623,5.949999809265137,5.800000190734863,5.869999885559082,132000
2017-08-25,5.840000152587891,5.840000152587891,5.940000057220459,5.829999923706055,5.829999923706055,219300
2017-08-28,5.789999961853027,5.789999961853027,5.849999904632568,5.75,5.800000190734863,262000
2017-08-29,5.730000019073486,5.730000019073486,5.789999961853027,5.690000057220459,5.789999961853027,268000
2017-08-30,5.730000019073486,5.730000019073486,5.78000020980835,5.690000057220459,5.78000020980835,192000
2017-08-31,5.71999979019165,5.71999979019165,5.800000190734863,5.659999847412109,5.800000190734863,446000
2017-09-01,5.650000095367432,5.650000095367432,5.78000020980835,5.650000095367432,5.78000020980835,164000
2017-09-04,5.650000095367432,5.650000095367432,5.789999961853027,5.599999904632568,5.78000020980835,342000
2017-09-05,5.630000114440918,5.630000114440918,5.699999809265137,5.579999923706055,5.699999809265137,248000
2017-09-06,5.619999885559082,5.619999885559082,5.670000076293945,5.539999961853027,5.670000076293945,106000
2017-09-07,5.679999828338623,5.679999828338623,5.690000057220459,5.550000190734863,5.570000171661377,800000
2017-09-08,5.679999828338623,5.679999828338623,5.710000038146973,5.650000095367432,5.699999809265137,252000
2017-09-11,5.630000114440918,5.630000114440918,5.670000076293945,5.599999904632568,5.670000076293945,48000
2017-09-12,5.599999904632568,5.599999904632568,5.610000133514404,5.579999923706055,5.599999904632568,96000
2017-09-13,5.599999904632568,5.599999904632568,5.599999904632568,5.570000171661377,5.590000152587891,182000
2017-09-14,5.630000114440918,5.630000114440918,5.670000076293945,5.579999923706055,5.579999923706055,100000
2017-09-15,5.650000095367432,5.650000095367432,5.650000095367432,5.510000228881836,5.599999904632568,524000
2017-09-18,5.699999809265137,5.699999809265137,5.71999979019165,5.590000152587891,5.619999885559082,992000
2017-09-19,5.75,5.75,5.800000190734863,5.670000076293945,5.690000057220459,680000
2017-09-20,5.71999979019165,5.71999979019165,5.800000190734863,5.690000057220459,5.730000019073486,262258
2017-09-21,5.840000152587891,5.840000152587891,5.949999809265137,5.699999809265137,5.71999979019165,528000
2017-09-22,5.78000020980835,5.78000020980835,5.860000133514404,5.699999809265137,5.840000152587891,948000
2017-09-25,5.679999828338623,5.679999828338623,5.75,5.650000095367432,5.670000076293945,236000
2017-09-26,5.639999866485596,5.639999866485596,5.670000076293945,5.619999885559082,5.670000076293945,126000
2017-09-27,5.710000038146973,5.710000038146973,5.730000019073486,5.559999942779541,5.610000133514404,156000
2017-09-28,5.590000152587891,5.590000152587891,5.659999847412109,5.519999980926514,5.610000133514404,170000
2017-09-29,5.639999866485596,5.639999866485596,5.639999866485596,5.519999980926514,5.610000133514404,204000
2017-10-03,5.659999847412109,5.659999847412109,5.699999809265137,5.650000095367432,5.699999809265137,192996
2017-10-04,5.570000171661377,5.570000171661377,5.800000190734863,5.559999942779541,5.800000190734863,126546
2017-10-06,5.659999847412109,5.659999847412109,5.699999809265137,5.579999923706055,5.579999923706055,116000
2017-10-09,5.650000095367432,5.650000095367432,5.659999847412109,5.579999923706055,5.619999885559082,238000
2017-10-10,5.650000095367432,5.650000095367432,5.690000057220459,5.599999904632568,5.690000057220459,150000
2017-10-11,5.630000114440918,5.630000114440918,5.630000114440918,5.550000190734863,5.670000076293945,358000
2017-10-12,5.630000114440918,5.630000114440918,5.670000076293945,5.599999904632568,5.630000114440918,112000
2017-10-13,5.590000152587891,5.590000152587891,5.590000152587891,5.570000171661377,5.590000152587891,488000
2017-10-16,5.630000114440918,5.630000114440918,5.630000114440918,5.590000152587891,5.590000152587891,34000
2017-10-17,5.630000114440918,5.630000114440918,5.639999866485596,5.630000114440918,5.590000152587891,6000
2017-10-18,5.610000133514404,5.610000133514404,5.619999885559082,5.590000152587891,5.590000152587891,74000
2017-10-19,5.559999942779541,5.559999942779541,5.619999885559082,5.559999942779541,5.590000152587891,56000
2017-10-20,5.579999923706055,5.579999923706055,5.599999904632568,5.510000228881836,5.559999942779541,180000
2017-10-23,5.53000020980835,5.53000020980835,5.590000152587891,5.519999980926514,5.579999923706055,82000
2017-10-24,5.519999980926514,5.519999980926514,5.53000020980835,5.5,5.510000228881836,212000
2017-10-25,5.519999980926514,5.519999980926514,5.539999961853027,5.510000228881836,5.539999961853027,160000
2017-10-26,5.510000228881836,5.510000228881836,5.53000020980835,5.489999771118164,5.5,280000
2017-10-27,5.46999979019165,5.46999979019165,5.519999980926514,5.380000114440918,5.510000228881836,330000
2017-10-30,5.510000228881836,5.510000228881836,5.519999980926514,5.409999847412109,5.440000057220459,296000
2017-10-31,5.489999771118164,5.489999771118164,5.590000152587891,5.460000038146973,5.510000228881836,278000
2017-11-01,5.5,5.5,5.570000171661377,5.489999771118164,5.53000020980835,87070
2017-11-02,5.440000057220459,5.440000057220459,5.550000190734863,5.409999847412109,5.550000190734863,368000
2017-11-03,5.480000019073486,5.480000019073486,5.480000019073486,5.480000019073486,5.480000019073486,0
2017-11-06,5.449999809265137,5.449999809265137,5.5,5.409999847412109,5.5,106000
2017-11-07,5.480000019073486,5.480000019073486,5.579999923706055,5.380000114440918,5.380000114440918,477550
2017-11-08,5.480000019073486,5.480000019073486,5.5,5.440000057220459,5.480000019073486,63550
2017-11-09,5.5,5.5,5.519999980926514,5.400000095367432,5.5,146000
2017-11-10,5.53000020980835,5.53000020980835,5.539999961853027,5.53000020980835,5.53000020980835,30000
2017-11-13,5.449999809265137,5.449999809265137,5.539999961853027,5.420000076293945,5.53000020980835,302000
2017-11-14,5.449999809265137,5.449999809265137,5.510000228881836,5.449999809265137,5.449999809265137,38000
2017-11-15,5.460000038146973,5.460000038146973,5.519999980926514,5.460000038146973,5.5,85000
2017-11-16,5.429999828338623,5.429999828338623,5.46999979019165,5.409999847412109,5.460000038146973,140000
2017-11-17,5.389999866485596,5.389999866485596,5.489999771118164,5.329999923706055,5.429999828338623,206000
2017-11-20,5.360000133514404,5.360000133514404,5.449999809265137,5.320000171661377,5.400000095367432,158000
2017-11-21,5.349999904632568,5.349999904632568,5.369999885559082,5.340000152587891,5.349999904632568,142000
2017-11-22,5.420000076293945,5.420000076293945,5.420000076293945,5.360000133514404,5.369999885559082,266000
2017-11-23,5.409999847412109,5.409999847412109,5.429999828338623,5.409999847412109,5.429999828338623,40000
2017-11-24,5.369999885559082,5.369999885559082,5.5,5.360000133514404,5.5,90000
2017-11-27,5.380000114440918,5.380000114440918,5.380000114440918,5.329999923706055,5.380000114440918,286000
2017-11-28,5.340000152587891,5.340000152587891,5.369999885559082,5.309999942779541,5.349999904632568,136000
2017-11-29,5.360000133514404,5.360000133514404,5.380000114440918,5.349999904632568,5.360000133514404,144000
2017-11-30,5.389999866485596,5.389999866485596,5.400000095367432,5.329999923706055,5.369999885559082,356000
2017-12-01,5.360000133514404,5.360000133514404,5.369999885559082,5.320000171661377,5.369999885559082,10000
2017-12-04,5.320000171661377,5.320000171661377,5.340000152587891,5.320000171661377,5.340000152587891,53000
2017-12-05,5.25,5.25,5.349999904632568,5.25,5.320000171661377,589000
2017-12-06,5.260000228881836,5.260000228881836,5.289999961853027,5.239999771118164,5.260000228881836,265000
2017-12-07,5.289999961853027,5.289999961853027,5.300000190734863,5.110000133514404,5.25,288000
2017-12-08,5.289999961853027,5.289999961853027,5.289999961853027,5.289999961853027,5.289999961853027,0
2017-12-11,5.199999809265137,5.199999809265137,5.289999961853027,5.190000057220459,5.289999961853027,92000
2017-12-12,5.230000019073486,5.230000019073486,5.25,5.21999979019165,5.25,46000
2017-12-13,5.179999828338623,5.179999828338623,5.21999979019165,5.119999885559082,5.21999979019165,186000
2017-12-14,5.150000095367432,5.150000095367432,5.150000095367432,5.099999904632568,5.099999904632568,114000
2017-12-15,5.150000095367432,5.150000095367432,5.190000057220459,5.110000133514404,5.110000133514404,46042
2017-12-18,5.150000095367432,5.150000095367432,5.190000057220459,5.150000095367432,5.190000057220459,28000
2017-12-19,5.25,5.25,5.289999961853027,5.139999866485596,5.190000057220459,40000
2017-12-20,5.210000038146973,5.210000038146973,5.210000038146973,5.099999904632568,5.210000038146973,10000
2017-12-21,5.230000019073486,5.230000019073486,5.230000019073486,5.199999809265137,5.230000019073486,4000
2017-12-22,5.389999866485596,5.389999866485596,5.400000095367432,5.300000190734863,5.300000190734863,100000
2017-12-27,5.380000114440918,5.380000114440918,5.400000095367432,5.380000114440918,5.400000095367432,136000
2017-12-28,5.400000095367432,5.400000095367432,5.409999847412109,5.380000114440918,5.380000114440918,352000
2017-12-29,5.480000019073486,5.480000019073486,5.480000019073486,5.429999828338623,5.429999828338623,102000
2018-01-02,5.5,5.5,5.599999904632568,5.480000019073486,5.480000019073486,326000
2018-01-03,5.5,5.5,5.519999980926514,5.480000019073486,5.5,280000
2018-01-04,5.510000228881836,5.510000228881836,5.550000190734863,5.5,5.5,248042
2018-01-05,5.519999980926514,5.519999980926514,5.599999904632568,5.489999771118164,5.590000152587891,318000
2018-01-08,5.599999904632568,5.599999904632568,5.610000133514404,5.539999961853027,5.599999904632568,268500
2018-01-09,5.599999904632568,5.599999904632568,5.610000133514404,5.5,5.599999904632568,210000
2018-01-10,5.639999866485596,5.639999866485596,5.789999961853027,5.559999942779541,5.769999980926514,254000
2018-01-11,5.510000228881836,5.510000228881836,5.599999904632568,5.5,5.599999904632568,126000
2018-01-12,5.630000114440918,5.630000114440918,5.630000114440918,5.550000190734863,5.599999904632568,84000
2018-01-15,5.599999904632568,5.599999904632568,5.650000095367432,5.539999961853027,5.650000095367432,134000
2018-01-16,5.550000190734863,5.550000190734863,5.599999904632568,5.460000038146973,5.599999904632568,274000
2018-01-17,5.670000076293945,5.670000076293945,5.690000057220459,5.5,5.690000057220459,108000
2018-01-18,5.550000190734863,5.550000190734863,5.699999809265137,5.5,5.599999904632568,338000
2018-01-19,5.550000190734863,5.550000190734863,5.630000114440918,5.510000228881836,5.519999980926514,398000
2018-01-22,5.550000190734863,5.550000190734863,5.599999904632568,5.449999809265137,5.510000228881836,538000
2018-01-23,5.579999923706055,5.579999923706055,5.679999828338623,5.550000190734863,5.559999942779541,210000
2018-01-24,5.559999942779541,5.559999942779541,5.579999923706055,5.550000190734863,5.579999923706055,106000
2018-01-25,5.599999904632568,5.599999904632568,5.599999904632568,5.53000020980835,5.570000171661377,62000
2018-01-26,5.619999885559082,5.619999885559082,5.670000076293945,5.550000190734863,5.590000152587891,452000
2018-01-29,5.650000095367432,5.650000095367432,5.71999979019165,5.630000114440918,5.630000114440918,274000
2018-01-30,5.599999904632568,5.599999904632568,5.679999828338623,5.599999904632568,5.679999828338623,76000
2018-01-31,5.53000020980835,5.53000020980835,5.610000133514404,5.53000020980835,5.610000133514404,62000
2018-02-01,5.53000020980835,5.53000020980835,5.599999904632568,5.53000020980835,5.599999904632568,100000
2018-02-02,5.429999828338623,5.429999828338623,5.550000190734863,5.380000114440918,5.539999961853027,430000
2018-02-05,5.309999942779541,5.309999942779541,5.389999866485596,5.300000190734863,5.329999923706055,537000
2018-02-06,5.119999885559082,5.119999885559082,5.289999961853027,5.059999942779541,5.289999961853027,952000
2018-02-07,5.090000152587891,5.090000152587891,5.230000019073486,5.059999942779541,5.199999809265137,396000
2018-02-08,5.119999885559082,5.119999885559082,5.159999847412109,5.050000190734863,5.159999847412109,432000
2018-02-09,5.0,5.0,5.150000095367432,4.900000095367432,5.050000190734863,1115250
2018-02-12,5.050000190734863,5.050000190734863,5.110000133514404,5.0,5.019999980926514,175958
2018-02-13,5.059999942779541,5.059999942779541,5.110000133514404,5.019999980926514,5.050000190734863,360000
2018-02-14,5.199999809265137,5.199999809265137,5.199999809265137,4.940000057220459,5.050000190734863,284000
2018-02-15,5.079999923706055,5.079999923706055,5.079999923706055,4.989999771118164,5.0,136000
2018-02-20,5.059999942779541,5.059999942779541,5.110000133514404,5.059999942779541,5.099999904632568,114000
2018-02-21,5.099999904632568,5.099999904632568,5.150000095367432,5.070000171661377,5.099999904632568,130000
2018-02-22,5.090000152587891,5.090000152587891,5.170000076293945,5.050000190734863,5.119999885559082,98000
2018-02-23,5.110000133514404,5.110000133514404,5.159999847412109,5.099999904632568,5.150000095367432,128000
2018-02-26,5.190000057220459,5.190000057220459,5.190000057220459,5.099999904632568,5.099999904632568,46000
2018-02-27,5.199999809265137,5.199999809265137,5.230000019073486,5.190000057220459,5.230000019073486,146000
2018-02-28,5.070000171661377,5.070000171661377,5.119999885559082,5.070000171661377,5.099999904632568,178000
2018-03-01,5.119999885559082,5.119999885559082,5.119999885559082,5.050000190734863,5.050000190734863,54000
2018-03-02,5.019999980926514,5.019999980926514,5.139999866485596,5.0,5.130000114440918,526000
2018-03-05,5.099999904632568,5.099999904632568,5.110000133514404,5.0,5.079999923706055,506000
2018-03-06,5.159999847412109,5.159999847412109,5.179999828338623,5.019999980926514,5.179999828338623,240800
2018-03-07,5.25,5.25,5.400000095367432,5.099999904632568,5.110000133514404,571300
2018-03-08,5.289999961853027,5.289999961853027,5.369999885559082,5.25,5.369999885559082,164000
2018-03-09,5.309999942779541,5.309999942779541,5.369999885559082,5.25,5.369999885559082,98000
2018-03-12,5.300000190734863,5.300000190734863,5.380000114440918,5.28000020980835,5.380000114440918,182000
2018-03-13,5.170000076293945,5.170000076293945,5.300000190734863,5.099999904632568,5.260000228881836,335292
2018-03-14,5.239999771118164,5.239999771118164,5.239999771118164,5.159999847412109,5.159999847412109,52000
2018-03-15,5.210000038146973,5.210000038146973,5.210000038146973,5.210000038146973,5.210000038146973,0
2018-03-16,5.159999847412109,5.159999847412109,5.210000038146973,5.150000095367432,5.210000038146973,164000
2018-03-19,5.179999828338623,5.179999828338623,5.329999923706055,5.090000152587891,5.329999923706055,428000
2018-03-20,5.190000057220459,5.190000057220459,5.199999809265137,5.190000057220459,5.199999809265137,18000
2018-03-21,5.070000171661377,5.070000171661377,5.179999828338623,5.070000171661377,5.179999828338623,320000
2018-03-22,5.170000076293945,5.170000076293945,5.170000076293945,5.070000171661377,5.099999904632568,36000
2018-03-23,5.010000228881836,5.010000228881836,5.050000190734863,5.0,5.050000190734863,404000
2018-03-26,4.949999809265137,4.949999809265137,5.019999980926514,4.889999866485596,4.889999866485596,656000
2018-03-27,5.070000171661377,5.070000171661377,5.070000171661377,5.0,5.039999961853027,208000
2018-03-28,4.989999771118164,4.989999771118164,5.090000152587891,4.949999809265137,5.019999980926514,380000
2018-03-29,5.03000020980835,5.03000020980835,5.050000190734863,5.0,5.050000190734863,186000
2018-04-03,5.019999980926514,5.019999980926514,5.019999980926514,4.989999771118164,5.010000228881836,160000
2018-04-04,5.019999980926514,5.019999980926514,5.050000190734863,5.0,5.0,92000
2018-04-06,4.989999771118164,4.989999771118164,5.019999980926514,4.989999771118164,5.019999980926514,32000
2018-04-09,4.989999771118164,4.989999771118164,5.010000228881836,4.96999979019165,4.980000019073486,198000
2018-04-10,4.949999809265137,4.949999809265137,5.150000095367432,4.949999809265137,5.150000095367432,170000
2018-04-11,5.0,5.0,5.039999961853027,4.949999809265137,4.949999809265137,122000
2018-04-12,4.949999809265137,4.949999809265137,5.0,4.940000057220459,5.0,62000
2018-04-13,4.949999809265137,4.949999809265137,4.960000038146973,4.940000057220459,4.960000038146973,126000
2018-04-16,4.949999809265137,4.949999809265137,5.019999980926514,4.949999809265137,5.019999980926514,130000
2018-04-17,4.949999809265137,4.949999809265137,4.949999809265137,4.929999828338623,4.929999828338623,92000
2018-04-18,4.809999942779541,4.809999942779541,4.949999809265137,4.650000095367432,4.949999809265137,614000
2018-04-19,4.840000152587891,4.840000152587891,4.840000152587891,4.800000190734863,4.809999942779541,100000
2018-04-20,4.940000057220459,4.940000057220459,5.0,4.840000152587891,4.840000152587891,338000
2018-04-23,4.889999866485596,4.889999866485596,4.920000076293945,4.889999866485596,4.900000095367432,90000
2018-04-24,4.960000038146973,4.960000038146973,4.989999771118164,4.869999885559082,4.869999885559082,126000
2018-04-25,4.989999771118164,4.989999771118164,4.989999771118164,4.869999885559082,4.880000114440918,1272000
2018-04-26,5.170000076293945,5.170000076293945,5.230000019073486,5.010000228881836,5.010000228881836,1722000
2018-04-27,5.230000019073486,5.230000019073486,5.239999771118164,5.190000057220459,5.210000038146973,792000
2018-04-30,5.230000019073486,5.230000019073486,5.300000190734863,5.210000038146973,5.230000019073486,118000
2018-05-02,5.230000019073486,5.230000019073486,5.239999771118164,5.090000152587891,5.239999771118164,314000
2018-05-03,5.289999961853027,5.289999961853027,5.320000171661377,5.170000076293945,5.210000038146973,918000
2018-05-04,5.21999979019165,5.21999979019165,5.269999980926514,5.21999979019165,5.269999980926514,36000
2018-05-07,5.300000190734863,5.300000190734863,5.300000190734863,5.170000076293945,5.21999979019165,1638000
2018-05-08,5.25,5.25,5.289999961853027,5.25,5.25,140000
2018-05-09,5.289999961853027,5.289999961853027,5.28000020980835,5.269999980926514,5.269999980926514,14000
2018-05-10,5.28000020980835,5.28000020980835,5.340000152587891,5.28000020980835,5.28000020980835,158000
2018-05-11,5.28000020980835,5.28000020980835,5.289999961853027,5.28000020980835,5.28000020980835,156000
2018-05-14,5.539999961853027,5.539999961853027,5.559999942779541,5.28000020980835,5.28000020980835,1606000
2018-05-15,5.489999771118164,5.489999771118164,5.510000228881836,5.460000038146973,5.480000019073486,70000
2018-05-16,5.639999866485596,5.639999866485596,5.639999866485596,5.510000228881836,5.559999942779541,1128000
2018-05-17,5.619999885559082,5.619999885559082,5.650000095367432,5.619999885559082,5.650000095367432,276000
2018-05-18,5.760000228881836,5.760000228881836,5.78000020980835,5.650000095367432,5.650000095367432,1356000
2018-05-21,5.800000190734863,5.800000190734863,5.800000190734863,5.800000190734863,5.800000190734863,0
2018-05-23,5.78000020980835,5.78000020980835,5.78000020980835,5.699999809265137,5.75,1306000
2018-05-24,5.75,5.75,5.78000020980835,5.710000038146973,5.75,976000
2018-05-25,5.75,5.75,5.78000020980835,5.75,5.75,200000
2018-05-28,5.760000228881836,5.760000228881836,5.760000228881836,5.75,5.75,1068000
2018-05-29,5.710000038146973,5.710000038146973,5.769999980926514,5.710000038146973,5.71999979019165,400000
2018-05-30,5.75,5.75,5.75,5.650000095367432,5.699999809265137,1817588
2018-05-31,5.760000228881836,5.760000228881836,5.769999980926514,5.739999771118164,5.739999771118164,5312000
2018-06-01,5.75,5.75,5.769999980926514,5.730000019073486,5.769999980926514,2052000
2018-06-04,5.75,5.75,5.760000228881836,5.659999847412109,5.75,5714000
2018-06-05,5.679999828338623,5.679999828338623,5.75,5.670000076293945,5.670000076293945,270000
2018-06-06,5.519999980926514,5.519999980926514,5.670000076293945,5.519999980926514,5.659999847412109,226000
2018-06-07,5.550000190734863,5.550000190734863,5.559999942779541,5.5,5.5,62000
2018-06-08,5.53000020980835,5.53000020980835,5.599999904632568,5.53000020980835,5.53000020980835,62000
2018-06-11,5.480000019073486,5.480000019073486,5.539999961853027,5.449999809265137,5.510000228881836,166000
2018-06-12,5.53000020980835,5.53000020980835,5.570000171661377,5.460000038146973,5.510000228881836,152000
2018-06-13,5.480000019073486,5.480000019073486,5.53000020980835,5.46999979019165,5.53000020980835,234000
2018-06-14,5.369999885559082,5.369999885559082,5.480000019073486,5.360000133514404,5.480000019073486,238000
2018-06-15,5.380000114440918,5.380000114440918,5.380000114440918,5.349999904632568,5.349999904632568,102000
2018-06-19,5.300000190734863,5.300000190734863,5.300000190734863,5.300000190734863,5.300000190734863,0
2018-06-20,5.300000190734863,5.300000190734863,5.369999885559082,5.269999980926514,5.269999980926514,102000
2018-06-21,5.210000038146973,5.210000038146973,5.28000020980835,5.199999809265137,5.28000020980835,224000
2018-06-22,5.210000038146973,5.210000038146973,5.239999771118164,5.019999980926514,5.239999771118164,306000
2018-06-25,4.980000019073486,4.980000019073486,5.190000057220459,4.980000019073486,5.190000057220459,322000
2018-06-26,4.920000076293945,4.920000076293945,4.940000057220459,4.849999904632568,4.920000076293945,270000
2018-06-27,4.78000020980835,4.78000020980835,4.96999979019165,4.760000228881836,4.920000076293945,240000
2018-06-28,4.75,4.75,4.900000095367432,4.699999809265137,4.820000171661377,144000
2018-06-29,4.820000171661377,4.820000171661377,4.880000114440918,4.760000228881836,4.760000228881836,154000
2018-07-03,4.760000228881836,4.760000228881836,4.760000228881836,4.75,4.760000228881836,108000
2018-07-04,4.78000020980835,4.78000020980835,4.800000190734863,4.730000019073486,4.75,112000
2018-07-05,4.75,4.75,4.760000228881836,4.71999979019165,4.760000228881836,116000
2018-07-06,4.710000038146973,4.710000038146973,4.75,4.630000114440918,4.75,100000
2018-07-09,4.929999828338623,4.929999828338623,4.929999828338623,4.929999828338623,4.929999828338623,0
2018-07-10,4.889999866485596,4.889999866485596,4.949999809265137,4.829999923706055,4.849999904632568,28000
2018-07-11,4.889999866485596,4.889999866485596,5.28000020980835,4.840000152587891,5.269999980926514,106000
2018-07-12,4.889999866485596,4.889999866485596,4.940000057220459,4.820000171661377,4.889999866485596,108000
2018-07-13,4.860000133514404,4.860000133514404,5.119999885559082,4.829999923706055,5.119999885559082,54000
2018-07-16,4.75,4.75,4.849999904632568,4.699999809265137,4.840000152587891,266000
2018-07-17,4.769999980926514,4.769999980926514,4.78000020980835,4.679999828338623,4.75,76000
2018-07-18,4.699999809265137,4.699999809265137,4.800000190734863,4.670000076293945,4.670000076293945,122000
2018-07-19,4.579999923706055,4.579999923706055,4.710000038146973,4.5,4.710000038146973,116000
2018-07-20,4.630000114440918,4.630000114440918,4.760000228881836,4.429999828338623,4.46999979019165,424000
2018-07-23,4.630000114440918,4.630000114440918,4.630000114440918,4.630000114440918,4.630000114440918,0
2018-07-24,4.699999809265137,4.699999809265137,4.880000114440918,4.610000133514404,4.739999771118164,94000
2018-07-25,4.769999980926514,4.769999980926514,4.800000190734863,4.590000152587891,4.800000190734863,60000
2018-07-26,4.71999979019165,4.71999979019165,4.71999979019165,4.71999979019165,4.71999979019165,0
2018-07-27,4.659999847412109,4.659999847412109,4.699999809265137,4.599999904632568,4.699999809265137,58000
2018-07-30,4.599999904632568,4.599999904632568,4.679999828338623,4.550000190734863,4.599999904632568,681000
2018-07-31,4.599999904632568,4.599999904632568,4.650000095367432,4.539999961853027,4.650000095367432,190000
2018-08-01,4.599999904632568,4.599999904632568,4.599999904632568,4.579999923706055,4.599999904632568,18000
2018-08-02,4.480000019073486,4.480000019073486,4.650000095367432,4.46999979019165,4.650000095367432,64000
2018-08-03,4.440000057220459,4.440000057220459,4.570000171661377,4.440000057220459,4.449999809265137,158000
2018-08-06,4.309999942779541,4.309999942779541,4.590000152587891,4.309999942779541,4.5,111500
2018-08-07,4.460000038146973,4.460000038146973,4.5,4.300000190734863,4.329999923706055,412000
2018-08-08,4.460000038146973,4.460000038146973,4.46999979019165,4.400000095367432,4.409999847412109,54000
2018-08-09,4.460000038146973,4.460000038146973,4.650000095367432,4.380000114440918,4.650000095367432,218000
2018-08-10,4.46999979019165,4.46999979019165,4.650000095367432,4.46999979019165,4.650000095367432,170000
2018-08-13,4.400000095367432,4.400000095367432,4.400000095367432,4.260000228881836,4.400000095367432,160000
2018-08-14,4.389999866485596,4.389999866485596,4.389999866485596,4.389999866485596,4.389999866485596,2000
2018-08-15,4.289999961853027,4.289999961853027,4.489999771118164,4.230000019073486,4.440000057220459,252000
2018-08-16,4.289999961853027,4.289999961853027,4.289999961853027,4.289999961853027,4.289999961853027,0
2018-08-17,4.289999961853027,4.289999961853027,4.289999961853027,4.289999961853027,4.289999961853027,0
2018-08-20,4.329999923706055,4.329999923706055,4.329999923706055,4.329999923706055,4.329999923706055,10000
2018-08-21,4.360000133514404,4.360000133514404,4.449999809265137,4.269999980926514,4.449999809265137,162000
2018-08-22,4.210000038146973,4.210000038146973,4.380000114440918,4.099999904632568,4.260000228881836,712000
2018-08-23,4.289999961853027,4.289999961853027,4.329999923706055,4.210000038146973,4.210000038146973,182000
2018-08-24,4.190000057220459,4.190000057220459,4.320000171661377,4.179999828338623,4.179999828338623,300000
2018-08-27,4.28000020980835,4.28000020980835,4.380000114440918,4.230000019073486,4.349999904632568,88000
2018-08-28,4.380000114440918,4.380000114440918,4.409999847412109,4.380000114440918,4.400000095367432,320000
2018-08-29,4.460000038146973,4.460000038146973,5.170000076293945,4.400000095367432,4.480000019073486,164000
2018-08-30,4.409999847412109,4.409999847412109,4.53000020980835,4.409999847412109,4.46999979019165,158000
2018-08-31,4.409999847412109,4.409999847412109,4.409999847412109,4.409999847412109,4.409999847412109,0
2018-09-03,4.400000095367432,4.400000095367432,4.400000095367432,4.400000095367432,4.400000095367432,24000
2018-09-04,4.400000095367432,4.400000095367432,4.400000095367432,4.400000095367432,4.400000095367432,0
2018-09-05,4.360000133514404,4.360000133514404,4.380000114440918,4.360000133514404,4.380000114440918,26000
2018-09-06,4.360000133514404,4.360000133514404,4.369999885559082,4.360000133514404,4.369999885559082,10000
2018-09-07,4.300000190734863,4.300000190734863,4.320000171661377,4.28000020980835,4.309999942779541,260000
2018-09-10,4.349999904632568,4.349999904632568,4.420000076293945,4.300000190734863,4.300000190734863,96000
2018-09-11,4.349999904632568,4.349999904632568,4.349999904632568,4.349999904632568,4.349999904632568,0
2018-09-12,4.349999904632568,4.349999904632568,4.349999904632568,4.349999904632568,4.349999904632568,0
2018-09-13,4.170000076293945,4.170000076293945,4.300000190734863,4.170000076293945,4.300000190734863,104000
2018-09-14,4.320000171661377,4.320000171661377,4.320000171661377,4.320000171661377,4.320000171661377,0
2018-09-17,4.320000171661377,4.320000171661377,4.320000171661377,4.320000171661377,4.320000171661377,82000
2018-09-18,4.320000171661377,4.320000171661377,4.340000152587891,4.300000190734863,4.340000152587891,68000
2018-09-19,4.429999828338623,4.429999828338623,4.449999809265137,4.320000171661377,4.320000171661377,132000
2018-09-20,4.25,4.25,4.360000133514404,4.190000057220459,4.360000133514404,96000
2018-09-21,4.320000171661377,4.320000171661377,4.5,4.269999980926514,4.349999904632568,60000
2018-09-24,4.320000171661377,4.320000171661377,4.320000171661377,4.320000171661377,4.320000171661377,46000
2018-09-26,4.5,4.5,4.869999885559082,4.46999979019165,4.46999979019165,100000
2018-09-27,4.420000076293945,4.420000076293945,4.510000228881836,4.300000190734863,4.300000190734863,62000
2018-09-28,4.46999979019165,4.46999979019165,4.46999979019165,4.46999979019165,4.46999979019165,40000
2018-10-02,4.360000133514404,4.360000133514404,4.510000228881836,4.360000133514404,4.510000228881836,42000
2018-10-03,4.369999885559082,4.369999885559082,4.369999885559082,4.329999923706055,4.349999904632568,50000
2018-10-04,4.329999923706055,4.329999923706055,4.329999923706055,4.329999923706055,4.329999923706055,5000
2018-10-05,4.380000114440918,4.380000114440918,4.380000114440918,4.380000114440918,4.380000114440918,0
2018-10-08,4.210000038146973,4.210000038146973,4.360000133514404,4.199999809265137,4.360000133514404,178000
2018-10-09,4.320000171661377,4.320000171661377,4.320000171661377,4.320000171661377,4.320000171661377,58000
2018-10-10,4.320000171661377,4.320000171661377,4.320000171661377,4.320000171661377,4.320000171661377,4000
2018-10-11,4.119999885559082,4.119999885559082,4.289999961853027,4.099999904632568,4.289999961853027,156000
2018-10-12,4.190000057220459,4.190000057220459,4.190000057220459,4.099999904632568,4.119999885559082,203000
2018-10-15,4.210000038146973,4.210000038146973,4.21999979019165,4.190000057220459,4.21999979019165,100000
2018-10-16,4.059999942779541,4.059999942779541,4.21999979019165,4.059999942779541,4.21999979019165,118000
2018-10-18,4.190000057220459,4.190000057220459,4.199999809265137,4.179999828338623,4.179999828338623,29300
2018-10-19,4.190000057220459,4.190000057220459,4.320000171661377,4.190000057220459,4.190000057220459,100000
2018-10-22,4.210000038146973,4.210000038146973,4.309999942779541,4.110000133514404,4.199999809265137,78000
2018-10-23,4.210000038146973,4.210000038146973,4.210000038146973,4.210000038146973,4.210000038146973,0
2018-10-24,4.210000038146973,4.210000038146973,4.210000038146973,4.210000038146973,4.210000038146973,0
2018-10-25,4.210000038146973,4.210000038146973,4.210000038146973,4.210000038146973,4.210000038146973,0
2018-10-26,4.210000038146973,4.210000038146973,4.210000038146973,4.210000038146973,4.210000038146973,0
2018-10-29,4.199999809265137,4.199999809265137,4.199999809265137,4.199999809265137,4.199999809265137,0
2018-10-30,4.199999809265137,4.199999809265137,4.21999979019165,4.199999809265137,4.199999809265137,44000
2018-10-31,4.190000057220459,4.190000057220459,4.190000057220459,4.159999847412109,4.159999847412109,52000
2018-11-01,4.179999828338623,4.179999828338623,4.210000038146973,4.179999828338623,4.210000038146973,396000
2018-11-02,4.260000228881836,4.260000228881836,4.260000228881836,4.25,4.25,14000
2018-11-05,4.260000228881836,4.260000228881836,4.260000228881836,4.260000228881836,4.260000228881836,0
2018-11-06,4.260000228881836,4.260000228881836,4.260000228881836,4.260000228881836,4.260000228881836,0
2018-11-07,4.25,4.25,4.369999885559082,4.25,4.289999961853027,144000
2018-11-08,4.28000020980835,4.28000020980835,4.28000020980835,4.28000020980835,4.28000020980835,20000
2018-11-09,4.289999961853027,4.289999961853027,4.309999942779541,4.289999961853027,4.309999942779541,77979
2018-11-12,4.449999809265137,4.449999809265137,4.449999809265137,4.449999809265137,4.449999809265137,0
2018-11-13,4.300000190734863,4.300000190734863,4.300000190734863,4.289999961853027,4.300000190734863,65900
2018-11-14,4.119999885559082,4.119999885559082,4.309999942779541,4.119999885559082,4.309999942779541,40196
2018-11-15,4.300000190734863,4.300000190734863,4.300000190734863,4.300000190734863,4.300000190734863,12000
2018-11-16,4.21999979019165,4.21999979019165,4.309999942779541,4.130000114440918,4.309999942779541,120000
2018-11-19,4.340000152587891,4.340000152587891,4.340000152587891,4.340000152587891,4.340000152587891,30000
2018-11-20,4.340000152587891,4.340000152587891,4.460000038146973,4.340000152587891,4.460000038146973,68000
2018-11-21,4.199999809265137,4.199999809265137,4.199999809265137,4.179999828338623,4.190000057220459,40000
2018-11-22,4.289999961853027,4.289999961853027,4.289999961853027,4.289999961853027,4.289999961853027,0
2018-11-23,4.340000152587891,4.340000152587891,4.340000152587891,4.340000152587891,4.340000152587891,0
2018-11-26,4.170000076293945,4.170000076293945,4.300000190734863,4.170000076293945,4.289999961853027,45274
2018-11-27,4.179999828338623,4.179999828338623,4.179999828338623,4.179999828338623,4.179999828338623,0
2018-11-28,4.199999809265137,4.199999809265137,4.199999809265137,4.179999828338623,4.190000057220459,64000
2018-11-29,4.21999979019165,4.21999979019165,4.21999979019165,4.199999809265137,4.199999809265137,4000
2018-11-30,4.199999809265137,4.199999809265137,4.409999847412109,4.179999828338623,4.21999979019165,180000
2018-12-03,4.329999923706055,4.329999923706055,4.329999923706055,4.329999923706055,4.329999923706055,12000
2018-12-04,4.21999979019165,4.21999979019165,4.349999904632568,4.179999828338623,4.349999904632568,180000
2018-12-05,4.25,4.25,4.25,4.239999771118164,4.239999771118164,30000
2018-12-06,4.25,4.25,4.25,4.239999771118164,4.239999771118164,106000
2018-12-07,4.300000190734863,4.300000190734863,4.309999942779541,4.179999828338623,4.309999942779541,36000
2018-12-10,4.300000190734863,4.300000190734863,4.300000190734863,4.300000190734863,4.300000190734863,0
2018-12-11,4.449999809265137,4.449999809265137,4.559999942779541,4.449999809265137,4.559999942779541,6000
2018-12-12,4.420000076293945,4.420000076293945,4.420000076293945,4.420000076293945,4.420000076293945,0
2018-12-13,4.400000095367432,4.400000095367432,4.400000095367432,4.300000190734863,4.300000190734863,90000
2018-12-14,4.409999847412109,4.409999847412109,4.429999828338623,4.400000095367432,4.400000095367432,268000
2018-12-17,4.400000095367432,4.400000095367432,4.409999847412109,4.400000095367432,4.409999847412109,23011
2018-12-18,4.28000020980835,4.28000020980835,4.400000095367432,4.199999809265137,4.400000095367432,304000
2018-12-19,4.400000095367432,4.400000095367432,4.400000095367432,4.380000114440918,4.400000095367432,136000
2018-12-20,4.309999942779541,4.309999942779541,4.579999923706055,4.309999942779541,4.409999847412109,62946
2018-12-21,4.420000076293945,4.420000076293945,4.420000076293945,4.269999980926514,4.269999980926514,12000
2018-12-24,4.420000076293945,4.420000076293945,4.420000076293945,4.420000076293945,4.420000076293945,0
2018-12-27,4.329999923706055,4.329999923706055,4.369999885559082,4.28000020980835,4.300000190734863,84000
2018-12-28,4.349999904632568,4.349999904632568,4.349999904632568,4.349999904632568,4.389999866485596,14000
2018-12-31,4.349999904632568,4.349999904632568,4.409999847412109,4.25,4.25,50000
2019-01-02,4.349999904632568,4.349999904632568,4.349999904632568,4.349999904632568,4.349999904632568,0
2019-01-03,4.389999866485596,4.389999866485596,4.400000095367432,4.349999904632568,4.400000095367432,128000
2019-01-04,4.369999885559082,4.369999885559082,4.380000114440918,4.25,4.25,8000
2019-01-07,4.369999885559082,4.369999885559082,4.369999885559082,4.369999885559082,4.369999885559082,0
2019-01-08,4.300000190734863,4.300000190734863,4.369999885559082,4.269999980926514,4.369999885559082,32000
2019-01-09,4.289999961853027,4.289999961853027,4.289999961853027,4.289999961853027,4.289999961853027,2000
2019-01-10,4.199999809265137,4.199999809265137,4.440000057220459,4.199999809265137,4.260000228881836,134411
2019-01-11,4.360000133514404,4.360000133514404,4.389999866485596,4.21999979019165,4.230000019073486,16000
2019-01-14,4.21999979019165,4.21999979019165,4.289999961853027,4.150000095367432,4.150000095367432,42000
2019-01-15,4.239999771118164,4.239999771118164,4.289999961853027,4.21999979019165,4.28000020980835,166000
2019-01-16,4.400000095367432,4.400000095367432,4.400000095367432,4.28000020980835,4.269999980926514,70000
2019-01-17,4.389999866485596,4.389999866485596,4.389999866485596,4.389999866485596,4.389999866485596,0
2019-01-18,4.400000095367432,4.400000095367432,4.400000095367432,4.400000095367432,4.400000095367432,58000
2019-01-21,4.400000095367432,4.400000095367432,4.400000095367432,4.400000095367432,4.400000095367432,0
2019-01-22,4.28000020980835,4.28000020980835,4.320000171661377,4.260000228881836,4.320000171661377,50000
2019-01-23,4.28000020980835,4.28000020980835,4.300000190734863,4.28000020980835,4.28000020980835,42098
2019-01-24,4.320000171661377,4.320000171661377,4.349999904632568,4.28000020980835,4.349999904632568,84098
2019-01-25,4.449999809265137,4.449999809265137,4.449999809265137,4.449999809265137,4.449999809265137,18000
2019-01-28,4.349999904632568,4.349999904632568,4.400000095367432,4.400000095367432,4.400000095367432,6000
2019-01-29,4.349999904632568,4.349999904632568,4.400000095367432,4.349999904632568,4.400000095367432,36000
2019-01-30,4.369999885559082,4.369999885559082,4.400000095367432,4.230000019073486,4.400000095367432,296000
2019-01-31,4.440000057220459,4.440000057220459,4.440000057220459,4.400000095367432,4.400000095367432,238000
2019-02-01,4.400000095367432,4.400000095367432,4.400000095367432,4.400000095367432,4.400000095367432,0
2019-02-04,4.71999979019165,4.71999979019165,4.71999979019165,4.460000038146973,4.460000038146973,18000
2019-02-08,4.619999885559082,4.619999885559082,4.650000095367432,4.510000228881836,4.510000228881836,134000
2019-02-11,4.519999980926514,4.519999980926514,4.630000114440918,4.5,4.510000228881836,152000
2019-02-12,4.599999904632568,4.599999904632568,4.650000095367432,4.53000020980835,4.53000020980835,46000
2019-02-13,4.739999771118164,4.739999771118164,4.829999923706055,4.639999866485596,4.639999866485596,116000
2019-02-14,4.800000190734863,4.800000190734863,4.800000190734863,4.71999979019165,4.730000019073486,24000
2019-02-15,4.78000020980835,4.78000020980835,4.789999961853027,4.710000038146973,4.730000019073486,60000
2019-02-18,4.78000020980835,4.78000020980835,4.860000133514404,4.78000020980835,4.789999961853027,78000
2019-02-19,4.78000020980835,4.78000020980835,4.849999904632568,4.78000020980835,4.849999904632568,122000
2019-02-20,4.800000190734863,4.800000190734863,4.829999923706055,4.800000190734863,4.849999904632568,68000
2019-02-21,4.800000190734863,4.800000190734863,4.949999809265137,4.800000190734863,4.940000057220459,95418
2019-02-22,4.869999885559082,4.869999885559082,4.96999979019165,4.840000152587891,4.96999979019165,16000
2019-02-25,4.849999904632568,4.849999904632568,4.900000095367432,4.829999923706055,4.800000190734863,192000
2019-02-26,5.090000152587891,5.090000152587891,5.300000190734863,4.849999904632568,4.849999904632568,40000
2019-02-27,5.090000152587891,5.090000152587891,5.090000152587891,5.090000152587891,5.090000152587891,0
2019-02-28,5.050000190734863,5.050000190734863,5.050000190734863,4.989999771118164,5.0,50000
2019-03-01,5.0,5.0,5.0,4.949999809265137,4.949999809265137,46000
2019-03-04,4.929999828338623,4.929999828338623,5.0,4.929999828338623,4.949999809265137,74000
2019-03-05,4.96999979019165,4.96999979019165,5.0,4.940000057220459,4.980000019073486,16000
2019-03-06,4.96999979019165,4.96999979019165,4.96999979019165,4.949999809265137,4.949999809265137,10000
2019-03-07,4.880000114440918,4.880000114440918,4.929999828338623,4.849999904632568,4.929999828338623,168000
2019-03-08,4.960000038146973,4.960000038146973,5.010000228881836,4.900000095367432,4.960000038146973,606000
2019-03-11,5.050000190734863,5.050000190734863,5.090000152587891,5.0,5.010000228881836,32000
2019-03-12,5.039999961853027,5.039999961853027,5.050000190734863,5.010000228881836,5.010000228881836,126000
2019-03-13,5.03000020980835,5.03000020980835,5.03000020980835,4.949999809265137,5.019999980926514,66000
2019-03-14,5.0,5.0,5.03000020980835,5.0,5.03000020980835,28000
2019-03-15,4.989999771118164,4.989999771118164,5.0,4.960000038146973,5.0,198000
2019-03-18,5.03000020980835,5.03000020980835,5.039999961853027,5.0,5.0,94000
2019-03-19,4.949999809265137,4.949999809265137,4.989999771118164,4.900000095367432,4.900000095367432,138000
2019-03-20,5.03000020980835,5.03000020980835,5.079999923706055,4.949999809265137,4.949999809265137,46000
2019-03-21,5.03000020980835,5.03000020980835,5.039999961853027,5.019999980926514,5.03000020980835,66000
2019-03-22,5.03000020980835,5.03000020980835,5.059999942779541,5.03000020980835,5.03000020980835,102000
2019-03-25,5.03000020980835,5.03000020980835,5.059999942779541,5.019999980926514,5.059999942779541,12000
2019-03-26,5.079999923706055,5.079999923706055,5.179999828338623,5.03000020980835,5.03000020980835,400000
2019-03-27,5.019999980926514,5.019999980926514,5.090000152587891,5.03000020980835,5.050000190734863,36000
2019-03-28,5.039999961853027,5.039999961853027,5.099999904632568,4.960000038146973,5.050000190734863,162000
2019-03-29,5.010000228881836,5.010000228881836,5.050000190734863,4.980000019073486,5.019999980926514,554000
2019-04-01,5.099999904632568,5.099999904632568,5.139999866485596,5.0,5.0,228000
2019-04-02,5.099999904632568,5.099999904632568,5.099999904632568,5.099999904632568,5.099999904632568,24000
2019-04-03,5.110000133514404,5.110000133514404,5.130000114440918,5.050000190734863,5.050000190734863,80035
2019-04-04,5.039999961853027,5.039999961853027,5.079999923706055,5.050000190734863,5.050000190734863,34000
2019-04-08,5.039999961853027,5.039999961853027,5.099999904632568,5.039999961853027,5.099999904632568,65838
2019-04-09,5.130000114440918,5.130000114440918,5.130000114440918,5.050000190734863,5.079999923706055,36000
2019-04-10,5.159999847412109,5.159999847412109,5.159999847412109,5.099999904632568,5.099999904632568,58000
2019-04-11,5.210000038146973,5.210000038146973,5.230000019073486,5.110000133514404,5.230000019073486,48000
2019-04-12,5.199999809265137,5.199999809265137,5.239999771118164,5.230000019073486,5.230000019073486,112000
2019-04-15,5.190000057220459,5.190000057220459,5.260000228881836,5.190000057220459,5.199999809265137,70000
2019-04-16,5.199999809265137,5.199999809265137,5.25,5.179999828338623,5.179999828338623,112000
2019-04-17,5.230000019073486,5.230000019073486,5.289999961853027,5.190000057220459,5.199999809265137,214000
2019-04-18,5.130000114440918,5.130000114440918,5.21999979019165,5.130000114440918,5.21999979019165,58000
2019-04-23,5.400000095367432,5.400000095367432,5.420000076293945,5.119999885559082,5.130000114440918,700000
2019-04-24,5.409999847412109,5.409999847412109,5.420000076293945,5.380000114440918,5.409999847412109,135000
2019-04-25,5.380000114440918,5.380000114440918,5.380000114440918,5.380000114440918,5.380000114440918,0
2019-04-26,5.369999885559082,5.369999885559082,5.380000114440918,5.380000114440918,5.380000114440918,34000
2019-04-29,5.559999942779541,5.559999942779541,5.579999923706055,5.329999923706055,5.369999885559082,260000
2019-04-30,5.369999885559082,5.369999885559082,5.619999885559082,5.369999885559082,5.619999885559082,16000
2019-05-02,5.5,5.5,5.519999980926514,5.119999885559082,5.400000095367432,92000
2019-05-03,5.5,5.5,5.5,5.5,5.5,0
2019-05-06,5.25,5.25,5.300000190734863,5.25,5.300000190734863,18000
2019-05-07,5.369999885559082,5.369999885559082,5.400000095367432,5.150000095367432,5.150000095367432,12000
2019-05-08,5.21999979019165,5.21999979019165,5.239999771118164,5.119999885559082,5.119999885559082,68000
2019-05-09,5.139999866485596,5.139999866485596,5.139999866485596,5.099999904632568,5.119999885559082,42000
2019-05-10,5.199999809265137,5.199999809265137,5.480000019073486,4.980000019073486,5.099999904632568,175204
2019-05-14,5.159999847412109,5.159999847412109,5.199999809265137,5.159999847412109,5.199999809265137,14000
2019-05-15,5.099999904632568,5.099999904632568,5.099999904632568,5.099999904632568,5.099999904632568,0
2019-05-16,5.099999904632568,5.099999904632568,5.099999904632568,5.099999904632568,5.099999904632568,0
2019-05-17,5.0,5.0,5.090000152587891,4.980000019073486,5.090000152587891,22000
2019-05-20,5.0,5.0,5.0,5.0,5.0,0
2019-05-21,5.079999923706055,5.079999923706055,5.099999904632568,4.989999771118164,4.989999771118164,6000
2019-05-22,5.079999923706055,5.079999923706055,5.079999923706055,5.079999923706055,5.079999923706055,0
2019-05-23,4.78000020980835,4.78000020980835,4.949999809265137,4.78000020980835,4.949999809265137,299424
2019-05-24,5.070000171661377,5.070000171661377,5.070000171661377,5.070000171661377,5.070000171661377,0
2019-05-27,5.070000171661377,5.070000171661377,5.070000171661377,5.070000171661377,5.070000171661377,0
2019-05-28,4.639999866485596,4.639999866485596,5.090000152587891,4.639999866485596,5.039999961853027,104667
2019-05-29,4.75,4.75,4.769999980926514,4.579999923706055,4.769999980926514,44000
2019-05-30,4.710000038146973,4.710000038146973,4.710000038146973,4.710000038146973,4.710000038146973,0
2019-05-31,4.800000190734863,4.800000190734863,4.800000190734863,4.800000190734863,4.800000190734863,40000
2019-06-03,4.78000020980835,4.78000020980835,4.78000020980835,4.769999980926514,4.769999980926514,20000
2019-06-04,4.769999980926514,4.769999980926514,4.849999904632568,4.760000228881836,4.849999904632568,52000
2019-06-05,4.869999885559082,4.869999885559082,4.869999885559082,4.800000190734863,4.800000190734863,14000
2019-06-06,4.869999885559082,4.869999885559082,4.869999885559082,4.869999885559082,4.869999885559082,0
2019-06-10,4.900000095367432,4.900000095367432,4.960000038146973,4.869999885559082,4.869999885559082,86000
2019-06-11,4.880000114440918,4.880000114440918,5.079999923706055,4.880000114440918,4.900000095367432,64000
2019-06-12,4.860000133514404,4.860000133514404,4.880000114440918,4.860000133514404,4.880000114440918,42000
2019-06-13,4.860000133514404,4.860000133514404,4.860000133514404,4.860000133514404,4.860000133514404,0
2019-06-14,4.860000133514404,4.860000133514404,4.860000133514404,4.860000133514404,4.860000133514404,0
2019-06-17,4.78000020980835,4.78000020980835,5.0,4.78000020980835,4.860000133514404,88000
2019-06-18,4.900000095367432,4.900000095367432,4.900000095367432,4.849999904632568,4.849999904632568,24000
2019-06-19,5.199999809265137,5.199999809265137,5.260000228881836,4.929999828338623,5.0,214131
2019-06-20,5.28000020980835,5.28000020980835,5.5,5.130000114440918,5.199999809265137,114000
2019-06-21,5.230000019073486,5.230000019073486,5.230000019073486,5.230000019073486,5.230000019073486,0
2019-06-24,5.210000038146973,5.210000038146973,5.230000019073486,5.0,5.230000019073486,38000
2019-06-25,5.199999809265137,5.199999809265137,5.210000038146973,5.210000038146973,5.210000038146973,6000
2019-06-26,5.179999828338623,5.179999828338623,5.179999828338623,5.179999828338623,5.179999828338623,0
2019-06-27,5.170000076293945,5.170000076293945,5.170000076293945,5.170000076293945,5.170000076293945,0
2019-06-28,5.480000019073486,5.480000019073486,5.480000019073486,5.170000076293945,5.179999828338623,506000
2019-07-02,5.449999809265137,5.449999809265137,5.489999771118164,4.929999828338623,5.489999771118164,210000
2019-07-03,5.429999828338623,5.429999828338623,5.429999828338623,5.429999828338623,5.429999828338623,0
2019-07-04,5.429999828338623,5.429999828338623,5.429999828338623,5.429999828338623,5.429999828338623,0
2019-07-05,5.400000095367432,5.400000095367432,5.400000095367432,5.400000095367432,5.400000095367432,44000
2019-07-08,5.400000095367432,5.400000095367432,5.5,5.400000095367432,5.400000095367432,72000
2019-07-09,5.300000190734863,5.300000190734863,5.300000190734863,5.300000190734863,5.300000190734863,10000
2019-07-10,5.289999961853027,5.289999961853027,5.289999961853027,5.289999961853027,5.289999961853027,0
2019-07-11,5.289999961853027,5.289999961853027,5.289999961853027,5.289999961853027,5.289999961853027,0
2019-07-12,5.289999961853027,5.289999961853027,5.289999961853027,5.289999961853027,5.289999961853027,0
2019-07-15,5.400000095367432,5.400000095367432,5.400000095367432,5.400000095367432,5.400000095367432,2000
2019-07-16,5.400000095367432,5.400000095367432,5.400000095367432,5.400000095367432,5.400000095367432,0
2019-07-17,5.139999866485596,5.139999866485596,5.230000019073486,5.03000020980835,5.210000038146973,30000
2019-07-18,4.900000095367432,4.900000095367432,5.139999866485596,4.900000095367432,4.900000095367432,16000
2019-07-19,4.989999771118164,4.989999771118164,5.380000114440918,4.809999942779541,5.380000114440918,24000
2019-07-22,4.909999847412109,4.909999847412109,5.050000190734863,4.900000095367432,5.0,32000
2019-07-23,5.0,5.0,5.0,4.940000057220459,4.940000057220459,44000
2019-07-24,4.980000019073486,4.980000019073486,5.449999809265137,4.869999885559082,5.449999809265137,54000
2019-07-25,4.980000019073486,4.980000019073486,4.980000019073486,4.980000019073486,4.980000019073486,0
2019-07-26,4.980000019073486,4.980000019073486,5.449999809265137,4.869999885559082,5.079999923706055,2000
2019-07-29,4.980000019073486,4.980000019073486,4.980000019073486,4.980000019073486,4.980000019073486,0
2019-07-30,4.949999809265137,4.949999809265137,4.949999809265137,4.880000114440918,4.880000114440918,22000
2019-07-31,4.869999885559082,4.869999885559082,4.929999828338623,4.869999885559082,4.869999885559082,22000
2019-08-01,4.840000152587891,4.840000152587891,4.900000095367432,4.840000152587891,4.900000095367432,139150
2019-08-02,4.699999809265137,4.699999809265137,4.699999809265137,4.699999809265137,4.699999809265137,0
2019-08-05,4.599999904632568,4.599999904632568,4.679999828338623,4.5,4.599999904632568,232000
2019-08-06,4.440000057220459,4.440000057220459,4.46999979019165,4.389999866485596,4.46999979019165,242000
2019-08-07,4.5,4.5,4.5,4.440000057220459,4.489999771118164,138000
2019-08-08,4.5,4.5,4.5,4.380000114440918,4.5,338000
2019-08-09,4.599999904632568,4.599999904632568,4.599999904632568,4.5,4.590000152587891,58000
2019-08-12,4.599999904632568,4.599999904632568,4.599999904632568,4.440000057220459,4.5,50000
2019-08-13,4.590000152587891,4.590000152587891,4.590000152587891,4.429999828338623,4.429999828338623,6000
2019-08-14,4.570000171661377,4.570000171661377,4.570000171661377,4.570000171661377,4.570000171661377,0
2019-08-15,4.5,4.5,4.5,4.5,4.5,16000
2019-08-16,4.5,4.5,4.5,4.5,4.5,50000
2019-08-19,4.579999923706055,4.579999923706055,4.579999923706055,4.519999980926514,4.519999980926514,310000
2019-08-20,4.559999942779541,4.559999942779541,4.559999942779541,4.539999961853027,4.539999961853027,30000
2019-08-21,4.539999961853027,4.539999961853027,4.539999961853027,4.539999961853027,4.539999961853027,48000
2019-08-22,4.590000152587891,4.590000152587891,4.590000152587891,4.539999961853027,4.590000152587891,62000
2019-08-23,4.590000152587891,4.590000152587891,4.590000152587891,4.590000152587891,4.590000152587891,22000
2019-08-26,4.400000095367432,4.400000095367432,4.400000095367432,4.349999904632568,4.400000095367432,4000
2019-08-27,4.400000095367432,4.400000095367432,4.400000095367432,4.400000095367432,4.400000095367432,0
2019-08-28,4.400000095367432,4.400000095367432,4.440000057220459,4.400000095367432,4.409999847412109,52000
2019-08-29,4.349999904632568,4.349999904632568,4.400000095367432,4.300000190734863,4.400000095367432,82619
2019-08-30,4.349999904632568,4.349999904632568,4.400000095367432,4.349999904632568,4.360000133514404,126000
2019-09-02,4.480000019073486,4.480000019073486,4.480000019073486,4.349999904632568,4.349999904632568,6000
2019-09-03,4.400000095367432,4.400000095367432,4.400000095367432,4.349999904632568,4.349999904632568,44000
2019-09-04,4.489999771118164,4.489999771118164,4.489999771118164,4.480000019073486,4.480000019073486,28000
2019-09-05,4.440000057220459,4.440000057220459,4.590000152587891,4.409999847412109,4.440000057220459,84000
2019-09-06,4.5,4.5,4.5,4.440000057220459,4.440000057220459,60000
2019-09-09,4.559999942779541,4.559999942779541,4.559999942779541,4.5,4.5,54000
2019-09-10,4.550000190734863,4.550000190734863,4.570000171661377,4.559999942779541,4.559999942779541,108000
2019-09-11,4.510000228881836,4.510000228881836,4.510000228881836,4.510000228881836,4.510000228881836,0
2019-09-12,4.440000057220459,4.440000057220459,4.519999980926514,4.429999828338623,4.519999980926514,94000
2019-09-13,4.400000095367432,4.400000095367432,4.599999904632568,4.369999885559082,4.559999942779541,22000
2019-09-16,4.420000076293945,4.420000076293945,4.429999828338623,4.420000076293945,4.429999828338623,10000
2019-09-17,4.380000114440918,4.380000114440918,4.550000190734863,4.380000114440918,4.429999828338623,166000
2019-09-18,4.5,4.5,4.5,4.300000190734863,4.380000114440918,54000
2019-09-19,4.389999866485596,4.389999866485596,4.429999828338623,4.389999866485596,4.429999828338623,22000
2019-09-20,4.389999866485596,4.389999866485596,4.420000076293945,4.389999866485596,4.420000076293945,24000
2019-09-23,4.389999866485596,4.389999866485596,4.389999866485596,4.389999866485596,4.389999866485596,2000
2019-09-24,4.389999866485596,4.389999866485596,4.400000095367432,4.389999866485596,4.400000095367432,32000
2019-09-25,4.400000095367432,4.400000095367432,4.400000095367432,4.400000095367432,4.400000095367432,10000
2019-09-26,4.400000095367432,4.400000095367432,4.400000095367432,4.400000095367432,4.400000095367432,42000
2019-09-27,4.400000095367432,4.400000095367432,4.400000095367432,4.400000095367432,4.400000095367432,40000
2019-09-30,4.400000095367432,4.400000095367432,4.400000095367432,4.400000095367432,4.400000095367432,38000
2019-10-02,4.409999847412109,4.409999847412109,4.539999961853027,4.409999847412109,4.489999771118164,248000
2019-10-03,4.449999809265137,4.449999809265137,4.46999979019165,4.340000152587891,4.409999847412109,62000
2019-10-04,4.480000019073486,4.480000019073486,4.510000228881836,4.400000095367432,4.400000095367432,58000
2019-10-08,4.579999923706055,4.579999923706055,4.579999923706055,4.429999828338623,4.429999828338623,42000
2019-10-09,4.71999979019165,4.71999979019165,4.800000190734863,4.539999961853027,4.670000076293945,174000
2019-10-10,4.760000228881836,4.760000228881836,4.829999923706055,4.619999885559082,4.619999885559082,184000
2019-10-11,4.940000057220459,4.940000057220459,5.090000152587891,4.619999885559082,4.820000171661377,32000
2019-10-14,4.809999942779541,4.809999942779541,5.039999961853027,4.809999942779541,4.900000095367432,208000
2019-10-15,4.860000133514404,4.860000133514404,5.019999980926514,4.869999885559082,4.949999809265137,40000
2019-10-16,4.760000228881836,4.760000228881836,4.940000057220459,4.760000228881836,4.800000190734863,22000
2019-10-17,4.880000114440918,4.880000114440918,5.199999809265137,4.840000152587891,5.199999809265137,1604000
2019-10-18,4.880000114440918,4.880000114440918,5.019999980926514,4.880000114440918,5.019999980926514,172000
2019-10-21,4.929999828338623,4.929999828338623,5.099999904632568,4.880000114440918,4.880000114440918,238000
2019-10-22,4.96999979019165,4.96999979019165,5.179999828338623,5.03000020980835,5.03000020980835,312000
2019-10-23,4.989999771118164,4.989999771118164,5.150000095367432,4.880000114440918,4.880000114440918,446000
2019-10-24,4.949999809265137,4.949999809265137,5.150000095367432,4.949999809265137,5.099999904632568,744000
2019-10-25,5.0,5.0,5.150000095367432,5.0,5.090000152587891,274000
2019-10-28,5.010000228881836,5.010000228881836,5.159999847412109,5.010000228881836,4.860000133514404,298000
2019-10-29,5.03000020980835,5.03000020980835,5.199999809265137,5.03000020980835,5.059999942779541,208000
2019-10-30,5.210000038146973,5.210000038146973,5.210000038146973,4.989999771118164,5.090000152587891,298000
2019-10-31,5.130000114440918,5.130000114440918,5.28000020980835,5.059999942779541,5.059999942779541,166000
2019-11-01,5.25,5.25,5.400000095367432,4.980000019073486,4.980000019073486,998000
2019-11-04,5.289999961853027,5.289999961853027,5.300000190734863,5.260000228881836,5.260000228881836,107309
2019-11-05,5.28000020980835,5.28000020980835,5.28000020980835,5.239999771118164,5.260000228881836,112000
2019-11-06,5.269999980926514,5.269999980926514,5.269999980926514,5.269999980926514,5.269999980926514,12000
2019-11-07,5.269999980926514,5.269999980926514,5.269999980926514,5.269999980926514,5.269999980926514,0
2019-11-08,5.239999771118164,5.239999771118164,5.269999980926514,5.039999961853027,5.260000228881836,152000
2019-11-11,5.090000152587891,5.090000152587891,5.21999979019165,5.050000190734863,5.059999942779541,23000
2019-11-12,5.190000057220459,5.190000057220459,5.28000020980835,5.039999961853027,5.039999961853027,74655
2019-11-13,5.079999923706055,5.079999923706055,5.199999809265137,5.079999923706055,5.150000095367432,8000
2019-11-14,5.179999828338623,5.179999828338623,5.190000057220459,4.940000057220459,5.099999904632568,128000
2019-11-15,5.159999847412109,5.159999847412109,5.159999847412109,4.940000057220459,4.960000038146973,50000
2019-11-18,5.099999904632568,5.099999904632568,5.130000114440918,4.96999979019165,5.130000114440918,78000
2019-11-19,5.119999885559082,5.119999885559082,5.119999885559082,5.119999885559082,5.119999885559082,6000
2019-11-20,5.119999885559082,5.119999885559082,5.130000114440918,5.0,5.0,50000
2019-11-21,5.119999885559082,5.119999885559082,5.119999885559082,5.119999885559082,5.119999885559082,0
2019-11-22,5.119999885559082,5.119999885559082,5.119999885559082,5.119999885559082,5.119999885559082,0
2019-11-25,5.070000171661377,5.070000171661377,5.119999885559082,4.929999828338623,4.929999828338623,32000
2019-11-26,4.920000076293945,4.920000076293945,5.099999904632568,4.920000076293945,5.099999904632568,1608920
2019-11-27,4.940000057220459,4.940000057220459,5.070000171661377,4.900000095367432,4.900000095367432,158000
2019-11-28,4.929999828338623,4.929999828338623,5.039999961853027,4.929999828338623,5.039999961853027,8000
2019-11-29,4.960000038146973,4.960000038146973,5.039999961853027,4.849999904632568,5.039999961853027,334000
2019-12-02,4.860000133514404,4.860000133514404,4.949999809265137,4.849999904632568,4.920000076293945,86000
2019-12-03,4.730000019073486,4.730000019073486,4.900000095367432,4.699999809265137,4.809999942779541,86000
2019-12-04,4.71999979019165,4.71999979019165,4.840000152587891,4.71999979019165,4.829999923706055,206000
2019-12-05,4.949999809265137,4.949999809265137,5.039999961853027,4.849999904632568,4.849999904632568,211500
2019-12-06,4.900000095367432,4.900000095367432,5.079999923706055,4.769999980926514,5.03000020980835,168000
2019-12-09,5.019999980926514,5.019999980926514,5.130000114440918,5.019999980926514,5.079999923706055,500000
2019-12-10,5.019999980926514,5.019999980926514,5.130000114440918,4.920000076293945,5.019999980926514,366000
2019-12-11,4.929999828338623,4.929999828338623,5.119999885559082,4.920000076293945,5.090000152587891,400000
2019-12-12,4.960000038146973,4.960000038146973,5.090000152587891,4.960000038146973,5.0,22000
2019-12-13,5.019999980926514,5.019999980926514,5.130000114440918,4.900000095367432,5.099999904632568,574000
2019-12-16,4.929999828338623,4.929999828338623,5.110000133514404,4.900000095367432,5.050000190734863,468000
2019-12-17,5.059999942779541,5.059999942779541,5.090000152587891,4.989999771118164,5.079999923706055,82000
2019-12-18,5.0,5.0,5.090000152587891,4.960000038146973,5.050000190734863,134000
2019-12-19,5.0,5.0,5.079999923706055,4.949999809265137,5.079999923706055,22580
2019-12-20,5.0,5.0,5.0,4.880000114440918,4.900000095367432,24000
2019-12-23,5.090000152587891,5.090000152587891,5.090000152587891,5.0,5.0,16000
2019-12-24,5.090000152587891,5.090000152587891,5.090000152587891,5.090000152587891,5.090000152587891,0
2019-12-27,4.869999885559082,4.869999885559082,5.039999961853027,4.869999885559082,5.019999980926514,100000
2019-12-30,4.880000114440918,4.880000114440918,5.019999980926514,4.880000114440918,5.010000228881836,50000
2019-12-31,4.940000057220459,4.940000057220459,4.880000114440918,4.880000114440918,4.880000114440918,3904
2020-01-02,5.0,5.0,5.079999923706055,4.949999809265137,5.039999961853027,159904
2020-01-03,5.059999942779541,5.059999942779541,5.090000152587891,4.949999809265137,5.090000152587891,189904
2020-01-06,5.0,5.0,5.079999923706055,5.0,5.0,65848
2020-01-07,5.050000190734863,5.050000190734863,5.099999904632568,5.010000228881836,5.039999961853027,53848
2020-01-08,5.039999961853027,5.039999961853027,5.099999904632568,4.949999809265137,5.099999904632568,73848
2020-01-09,5.0,5.0,5.119999885559082,4.929999828338623,5.050000190734863,89848
2020-01-10,4.989999771118164,4.989999771118164,5.130000114440918,4.949999809265137,5.0,160348
2020-01-13,4.960000038146973,4.960000038146973,5.019999980926514,4.949999809265137,5.0,223345
2020-01-14,4.96999979019165,4.96999979019165,5.079999923706055,4.960000038146973,4.960000038146973,53345
2020-01-15,4.96999979019165,4.96999979019165,4.96999979019165,4.96999979019165,4.96999979019165,0
2020-01-16,4.909999847412109,4.909999847412109,5.0,4.909999847412109,4.949999809265137,84000
2020-01-17,4.900000095367432,4.900000095367432,5.010000228881836,4.889999866485596,4.920000076293945,104000
2020-01-20,4.900000095367432,4.900000095367432,4.900000095367432,4.900000095367432,4.900000095367432,0
2020-01-21,4.820000171661377,4.820000171661377,4.980000019073486,4.809999942779541,4.900000095367432,72000
2020-01-22,4.860000133514404,4.860000133514404,4.949999809265137,4.789999961853027,4.789999961853027,36000
2020-01-23,4.860000133514404,4.860000133514404,4.860000133514404,4.860000133514404,4.860000133514404,0
2020-01-24,4.860000133514404,4.860000133514404,4.860000133514404,4.860000133514404,4.860000133514404,0
2020-01-29,4.550000190734863,4.550000190734863,4.710000038146973,4.53000020980835,4.650000095367432,156000
2020-01-30,4.320000171661377,4.320000171661377,4.760000228881836,4.320000171661377,4.599999904632568,148000
2020-01-31,4.349999904632568,4.349999904632568,4.539999961853027,4.099999904632568,4.329999923706055,278000
2020-02-03,4.489999771118164,4.489999771118164,4.489999771118164,4.260000228881836,4.340000152587891,22000
2020-02-04,4.400000095367432,4.400000095367432,4.5,4.349999904632568,4.349999904632568,52974
2020-02-05,4.460000038146973,4.460000038146973,4.53000020980835,4.409999847412109,4.409999847412109,28000
2020-02-06,4.599999904632568,4.599999904632568,4.650000095367432,4.570000171661377,4.579999923706055,50000
2020-02-07,4.409999847412109,4.409999847412109,4.639999866485596,4.300000190734863,4.349999904632568,152000
2020-02-10,4.409999847412109,4.409999847412109,4.409999847412109,4.409999847412109,4.409999847412109,0
2020-02-11,4.46999979019165,4.46999979019165,4.610000133514404,4.369999885559082,4.5,610000
2020-02-12,4.510000228881836,4.510000228881836,4.590000152587891,4.400000095367432,4.820000171661377,86000
2020-02-13,4.579999923706055,4.579999923706055,4.699999809265137,4.409999847412109,4.409999847412109,180000
2020-02-14,4.559999942779541,4.559999942779541,4.710000038146973,4.5,4.710000038146973,56000
2020-02-17,4.53000020980835,4.53000020980835,4.659999847412109,4.53000020980835,4.639999866485596,28000
2020-02-18,4.53000020980835,4.53000020980835,4.53000020980835,4.53000020980835,4.53000020980835,0
2020-02-19,4.489999771118164,4.489999771118164,4.53000020980835,4.360000133514404,4.369999885559082,122000
2020-02-20,4.449999809265137,4.449999809265137,4.5,4.429999828338623,4.489999771118164,104000
2020-02-21,4.539999961853027,4.539999961853027,4.539999961853027,4.400000095367432,4.409999847412109,54000
2020-02-24,4.340000152587891,4.340000152587891,4.519999980926514,4.329999923706055,4.519999980926514,84000
2020-02-25,4.199999809265137,4.199999809265137,4.25,4.130000114440918,4.21999979019165,52000
2020-02-26,4.269999980926514,4.269999980926514,4.360000133514404,4.269999980926514,4.349999904632568,56000
2020-02-27,4.28000020980835,4.28000020980835,4.28000020980835,4.28000020980835,4.28000020980835,0
2020-02-28,4.320000171661377,4.320000171661377,4.400000095367432,4.21999979019165,4.28000020980835,18000
2020-03-02,4.400000095367432,4.400000095367432,4.409999847412109,4.309999942779541,4.309999942779541,46000
2020-03-03,4.269999980926514,4.269999980926514,4.550000190734863,4.269999980926514,4.489999771118164,130000
2020-03-04,4.75,4.75,4.860000133514404,4.309999942779541,4.309999942779541,822000
2020-03-05,4.929999828338623,4.929999828338623,5.0,4.75,4.75,717384
2020-03-06,4.849999904632568,4.849999904632568,4.929999828338623,4.599999904632568,4.599999904632568,256000
2020-03-09,4.369999885559082,4.369999885559082,4.820000171661377,4.139999866485596,4.820000171661377,640000
2020-03-10,4.670000076293945,4.670000076293945,4.809999942779541,4.369999885559082,4.369999885559082,86000
2020-03-11,4.760000228881836,4.760000228881836,4.820000171661377,4.639999866485596,4.650000095367432,178000
2020-03-12,4.699999809265137,4.699999809265137,4.849999904632568,4.699999809265137,4.849999904632568,40000
2020-03-13,4.400000095367432,4.400000095367432,4.400000095367432,4.389999866485596,4.400000095367432,62000
2020-03-16,4.199999809265137,4.199999809265137,4.210000038146973,4.199999809265137,4.210000038146973,22000
2020-03-17,4.199999809265137,4.199999809265137,4.28000020980835,4.119999885559082,4.199999809265137,86000
2020-03-18,4.019999980926514,4.019999980926514,4.400000095367432,3.799999952316284,4.300000190734863,244000
2020-03-19,3.809999942779541,3.809999942779541,4.099999904632568,3.7899999618530273,4.0,386937
2020-03-20,4.099999904632568,4.099999904632568,4.099999904632568,4.0,4.0,50000
2020-03-23,4.170000076293945,4.170000076293945,4.239999771118164,4.0,4.0,14000
2020-03-24,4.0,4.0,4.25,3.930000066757202,4.239999771118164,954000
2020-03-25,4.019999980926514,4.019999980926514,4.050000190734863,4.0,4.050000190734863,440000
2020-03-26,4.050000190734863,4.050000190734863,4.050000190734863,3.9100000858306885,4.010000228881836,424000
2020-03-27,4.099999904632568,4.099999904632568,4.099999904632568,4.050000190734863,4.059999942779541,262000
2020-03-30,4.130000114440918,4.130000114440918,4.139999866485596,3.130000114440918,4.03000020980835,1468000
2020-03-31,4.159999847412109,4.159999847412109,4.170000076293945,4.059999942779541,4.059999942779541,430000
2020-04-01,4.239999771118164,4.239999771118164,4.25,4.0,4.170000076293945,654000
2020-04-02,4.230000019073486,4.230000019073486,4.239999771118164,4.190000057220459,4.190000057220459,126000
2020-04-03,4.25,4.25,4.400000095367432,4.179999828338623,4.300000190734863,200000
2020-04-06,4.21999979019165,4.21999979019165,4.449999809265137,4.150000095367432,4.25,16000
2020-04-07,4.449999809265137,4.449999809265137,4.460000038146973,4.21999979019165,4.21999979019165,470000
2020-04-08,4.5,4.5,4.599999904632568,4.420000076293945,4.46999979019165,192000
2020-04-09,4.579999923706055,4.579999923706055,4.630000114440918,4.519999980926514,4.579999923706055,208000
2020-04-14,4.659999847412109,4.659999847412109,4.659999847412109,4.480000019073486,4.5,140000
2020-04-15,4.559999942779541,4.559999942779541,4.659999847412109,4.519999980926514,4.659999847412109,100000
2020-04-16,4.5,4.5,4.519999980926514,4.480000019073486,4.519999980926514,127361
2020-04-17,4.610000133514404,4.610000133514404,4.639999866485596,4.5,4.550000190734863,122000
2020-04-20,4.5,4.5,4.610000133514404,4.5,4.610000133514404,128000
2020-04-21,4.610000133514404,4.610000133514404,4.619999885559082,4.409999847412109,4.5,61500
2020-04-22,4.489999771118164,4.489999771118164,4.489999771118164,4.449999809265137,4.449999809265137,50000
2020-04-23,4.579999923706055,4.579999923706055,4.579999923706055,4.539999961853027,4.579999923706055,36000
2020-04-24,4.579999923706055,4.579999923706055,4.579999923706055,4.579999923706055,4.579999923706055,0
2020-04-27,4.579999923706055,4.579999923706055,4.579999923706055,4.579999923706055,4.579999923706055,0
2020-04-28,4.650000095367432,4.650000095367432,4.650000095367432,4.599999904632568,4.599999904632568,54056
2020-04-29,4.650000095367432,4.650000095367432,4.650000095367432,4.650000095367432,4.650000095367432,14000
2020-05-04,4.590000152587891,4.590000152587891,4.599999904632568,4.599999904632568,4.599999904632568,6000
2020-05-05,4.800000190734863,4.800000190734863,5.0,4.590000152587891,4.590000152587891,246000
2020-05-06,5.800000190734863,5.800000190734863,5.909999847412109,4.880000114440918,5.0,5140000
2020-05-07,5.800000190734863,5.800000190734863,5.800000190734863,5.800000190734863,5.800000190734863,0
2020-05-08,5.800000190734863,5.800000190734863,5.800000190734863,5.800000190734863,5.800000190734863,0
2020-05-11,5.869999885559082,5.869999885559082,6.050000190734863,5.650000095367432,6.0,2614000
2020-05-12,7.010000228881836,7.010000228881836,7.199999809265137,5.889999866485596,5.900000095367432,3174000
2020-05-13,6.599999904632568,6.599999904632568,7.099999904632568,6.480000019073486,7.010000228881836,1292000
2020-05-14,6.679999828338623,6.679999828338623,6.75,6.5,6.599999904632568,730000
2020-05-15,6.789999961853027,6.789999961853027,7.150000095367432,6.559999942779541,6.559999942779541,310000
2020-05-18,6.639999866485596,6.639999866485596,6.78000020980835,6.449999809265137,6.599999904632568,592000
2020-05-19,6.199999809265137,6.199999809265137,6.800000190734863,6.119999885559082,6.699999809265137,1780000
2020-05-20,6.340000152587891,6.340000152587891,6.429999828338623,6.090000152587891,6.099999904632568,196000
2020-05-21,6.269999980926514,6.269999980926514,6.460000038146973,6.150000095367432,6.150000095367432,504000
2020-05-22,6.119999885559082,6.119999885559082,6.269999980926514,6.010000228881836,6.260000228881836,590000
2020-05-25,6.199999809265137,6.199999809265137,6.239999771118164,6.099999904632568,6.150000095367432,168000
2020-05-26,6.190000057220459,6.190000057220459,6.320000171661377,6.050000190734863,6.239999771118164,224000
2020-05-27,6.110000133514404,6.110000133514404,6.179999828338623,6.03000020980835,6.130000114440918,732000
2020-05-28,6.090000152587891,6.090000152587891,6.170000076293945,6.059999942779541,6.099999904632568,184000
2020-05-29,6.21999979019165,6.21999979019165,6.230000019073486,6.039999961853027,6.039999961853027,196000
2020-06-01,6.150000095367432,6.150000095367432,6.199999809265137,6.059999942779541,6.190000057220459,266000
2020-06-02,6.340000152587891,6.340000152587891,6.460000038146973,6.25,6.25,520000
2020-06-03,6.210000038146973,6.210000038146973,6.400000095367432,6.199999809265137,6.400000095367432,302000
2020-06-04,6.269999980926514,6.269999980926514,6.349999904632568,6.190000057220459,6.199999809265137,530000
2020-06-05,6.460000038146973,6.460000038146973,6.590000152587891,6.21999979019165,6.260000228881836,612000
2020-06-08,6.260000228881836,6.260000228881836,6.389999866485596,6.199999809265137,6.380000114440918,374000
2020-06-09,6.130000114440918,6.130000114440918,6.329999923706055,6.110000133514404,6.25,392000
2020-06-10,6.28000020980835,6.28000020980835,6.389999866485596,6.159999847412109,6.25,424000
2020-06-11,6.199999809265137,6.199999809265137,6.300000190734863,6.150000095367432,6.150000095367432,256000
2020-06-12,6.130000114440918,6.130000114440918,6.159999847412109,6.050000190734863,6.070000171661377,412000
2020-06-15,6.159999847412109,6.159999847412109,6.190000057220459,6.050000190734863,6.139999866485596,212000
2020-06-16,6.119999885559082,6.119999885559082,6.21999979019165,6.119999885559082,6.170000076293945,430000
2020-06-17,6.150000095367432,6.150000095367432,6.210000038146973,6.119999885559082,6.130000114440918,114000
2020-06-18,6.159999847412109,6.159999847412109,6.179999828338623,6.150000095367432,6.159999847412109,130000
2020-06-19,6.579999923706055,6.579999923706055,6.579999923706055,6.139999866485596,6.139999866485596,492295
2020-06-22,6.460000038146973,6.460000038146973,6.599999904632568,6.289999961853027,6.599999904632568,104000
2020-06-23,6.360000133514404,6.360000133514404,6.460000038146973,6.21999979019165,6.460000038146973,218000
2020-06-24,6.230000019073486,6.230000019073486,6.460000038146973,6.21999979019165,6.360000133514404,202000
2020-06-26,6.289999961853027,6.289999961853027,6.289999961853027,6.21999979019165,6.260000228881836,44000
2020-06-29,6.300000190734863,6.300000190734863,6.369999885559082,6.179999828338623,6.260000228881836,140000
2020-06-30,6.199999809265137,6.199999809265137,6.360000133514404,6.159999847412109,6.349999904632568,172000
2020-07-02,6.159999847412109,6.159999847412109,6.300000190734863,6.139999866485596,6.159999847412109,238000
2020-07-03,6.300000190734863,6.300000190734863,6.309999942779541,6.159999847412109,6.28000020980835,86000
2020-07-06,6.25,6.25,6.489999771118164,6.119999885559082,6.480000019073486,526000
2020-07-07,6.289999961853027,6.289999961853027,6.300000190734863,6.070000171661377,6.199999809265137,908460
2020-07-08,6.239999771118164,6.239999771118164,6.28000020980835,6.159999847412109,6.179999828338623,208000
2020-07-09,6.340000152587891,6.340000152587891,6.400000095367432,6.199999809265137,6.199999809265137,348000
2020-07-10,6.380000114440918,6.380000114440918,6.380000114440918,6.289999961853027,6.340000152587891,108000
2020-07-13,6.369999885559082,6.369999885559082,6.369999885559082,6.260000228881836,6.309999942779541,164000
2020-07-14,6.369999885559082,6.369999885559082,6.460000038146973,6.28000020980835,6.309999942779541,236000
2020-07-15,6.28000020980835,6.28000020980835,6.349999904632568,6.199999809265137,6.349999904632568,170000
2020-07-16,6.059999942779541,6.059999942779541,6.190000057220459,6.050000190734863,6.170000076293945,376000
2020-07-17,6.150000095367432,6.150000095367432,6.190000057220459,5.989999771118164,6.070000171661377,194000
2020-07-20,6.139999866485596,6.139999866485596,6.230000019073486,6.139999866485596,6.159999847412109,202000
2020-07-21,6.210000038146973,6.210000038146973,6.239999771118164,6.139999866485596,6.239999771118164,122000
2020-07-22,6.119999885559082,6.119999885559082,6.21999979019165,6.079999923706055,6.079999923706055,106000
2020-07-23,6.139999866485596,6.139999866485596,6.150000095367432,6.099999904632568,6.119999885559082,121994
2020-07-24,6.0,6.0,6.059999942779541,5.809999942779541,6.059999942779541,250000
2020-07-27,5.860000133514404,5.860000133514404,6.0,5.710000038146973,6.0,1417424
2020-07-28,6.059999942779541,6.059999942779541,6.059999942779541,5.920000076293945,5.929999828338623,2568000
2020-07-29,6.159999847412109,6.159999847412109,6.179999828338623,6.059999942779541,6.059999942779541,263000
2020-07-30,6.190000057220459,6.190000057220459,6.190000057220459,6.019999980926514,6.099999904632568,446000
2020-07-31,6.559999942779541,6.559999942779541,6.920000076293945,6.230000019073486,6.230000019073486,2910000
2020-08-03,6.389999866485596,6.389999866485596,6.599999904632568,6.230000019073486,6.559999942779541,544000
2020-08-04,6.340000152587891,6.340000152587891,6.349999904632568,6.210000038146973,6.349999904632568,1530000
2020-08-05,6.489999771118164,6.489999771118164,6.489999771118164,6.230000019073486,6.400000095367432,564000
2020-08-06,6.570000171661377,6.570000171661377,6.570000171661377,6.360000133514404,6.559999942779541,302000
2020-08-07,6.5,6.5,6.5,6.409999847412109,6.5,38000
2020-08-10,6.329999923706055,6.329999923706055,6.5,6.320000171661377,6.5,146000
2020-08-11,6.199999809265137,6.199999809265137,6.380000114440918,6.179999828338623,6.340000152587891,372000
2020-08-12,6.389999866485596,6.389999866485596,6.400000095367432,6.139999866485596,6.239999771118164,622000
2020-08-13,6.28000020980835,6.28000020980835,6.380000114440918,6.150000095367432,6.349999904632568,1144000
2020-08-14,6.300000190734863,6.300000190734863,6.349999904632568,6.230000019073486,6.28000020980835,264000
2020-08-17,6.190000057220459,6.190000057220459,6.300000190734863,6.159999847412109,6.300000190734863,700000
2020-08-18,6.739999771118164,6.739999771118164,6.739999771118164,6.239999771118164,6.360000133514404,2002000
2020-08-19,6.699999809265137,6.699999809265137,6.78000020980835,6.630000114440918,6.739999771118164,590000
2020-08-20,6.699999809265137,6.699999809265137,6.730000019073486,6.599999904632568,6.730000019073486,412000
2020-08-21,6.679999828338623,6.679999828338623,6.679999828338623,6.400000095367432,6.670000076293945,288000
2020-08-24,6.829999923706055,6.829999923706055,7.0,6.619999885559082,6.679999828338623,646000
2020-08-25,6.730000019073486,6.730000019073486,6.800000190734863,6.639999866485596,6.710000038146973,276000
2020-08-26,6.730000019073486,6.730000019073486,6.840000152587891,6.690000057220459,6.699999809265137,408000
2020-08-27,6.670000076293945,6.670000076293945,6.699999809265137,6.610000133514404,6.699999809265137,136000
2020-08-28,6.449999809265137,6.449999809265137,6.699999809265137,6.349999904632568,6.590000152587891,1186000
2020-08-31,6.300000190734863,6.300000190734863,6.480000019073486,6.300000190734863,6.400000095367432,378000
2020-09-01,6.340000152587891,6.340000152587891,6.349999904632568,6.25,6.300000190734863,880000
2020-09-02,6.289999961853027,6.289999961853027,6.400000095367432,6.170000076293945,6.260000228881836,590000
2020-09-03,6.300000190734863,6.300000190734863,6.329999923706055,6.210000038146973,6.28000020980835,378000
2020-09-04,6.400000095367432,6.400000095367432,6.449999809265137,6.21999979019165,6.21999979019165,292000
2020-09-07,6.300000190734863,6.300000190734863,6.400000095367432,6.300000190734863,6.340000152587891,314000
2020-09-08,6.389999866485596,6.389999866485596,6.480000019073486,6.340000152587891,6.440000057220459,172000
2020-09-09,6.369999885559082,6.369999885559082,6.389999866485596,6.289999961853027,6.309999942779541,498000
2020-09-10,5.320000171661377,5.320000171661377,6.309999942779541,5.28000020980835,6.300000190734863,3326000
2020-09-11,5.559999942779541,5.559999942779541,5.650000095367432,5.199999809265137,5.429999828338623,1060000
2020-09-14,5.590000152587891,5.590000152587891,5.690000057220459,5.559999942779541,5.650000095367432,200000
2020-09-15,5.510000228881836,5.510000228881836,5.599999904632568,5.510000228881836,5.590000152587891,400000
2020-09-16,5.409999847412109,5.409999847412109,5.610000133514404,5.409999847412109,5.610000133514404,152000
2020-09-17,5.329999923706055,5.329999923706055,5.449999809265137,5.300000190734863,5.409999847412109,118000
2020-09-18,5.440000057220459,5.440000057220459,5.449999809265137,5.28000020980835,5.28000020980835,144000
2020-09-21,5.380000114440918,5.380000114440918,5.440000057220459,5.21999979019165,5.440000057220459,250000
2020-09-22,5.329999923706055,5.329999923706055,5.329999923706055,5.179999828338623,5.21999979019165,58000
2020-09-23,5.320000171661377,5.320000171661377,5.320000171661377,5.320000171661377,5.369999885559082,50000
2020-09-24,5.300000190734863,5.300000190734863,5.300000190734863,5.300000190734863,5.300000190734863,4000
2020-09-25,5.099999904632568,5.099999904632568,5.25,4.900000095367432,5.25,320000
2020-09-28,5.099999904632568,5.099999904632568,5.099999904632568,4.880000114440918,4.880000114440918,118000
2020-09-29,5.110000133514404,5.110000133514404,5.159999847412109,4.940000057220459,4.940000057220459,190000
2020-09-30,4.989999771118164,4.989999771118164,5.230000019073486,4.949999809265137,5.150000095367432,222000
2020-10-05,4.949999809265137,4.949999809265137,4.980000019073486,4.860000133514404,4.920000076293945,224000
2020-10-06,4.699999809265137,4.699999809265137,4.909999847412109,4.650000095367432,4.809999942779541,432000
2020-10-07,4.480000019073486,4.480000019073486,4.739999771118164,4.0,4.570000171661377,754000
2020-10-08,4.539999961853027,4.539999961853027,4.800000190734863,4.420000076293945,4.699999809265137,492000
2020-10-09,4.480000019073486,4.480000019073486,4.550000190734863,4.400000095367432,4.510000228881836,138000
2020-10-12,4.610000133514404,4.610000133514404,4.679999828338623,4.420000076293945,4.480000019073486,398000
2020-10-14,4.809999942779541,4.809999942779541,4.809999942779541,4.610000133514404,4.610000133514404,398000
2020-10-15,4.699999809265137,4.699999809265137,4.820000171661377,4.699999809265137,4.820000171661377,30000
2020-10-16,5.25,5.25,5.289999961853027,4.699999809265137,4.800000190734863,1908000
2020-10-19,4.96999979019165,4.96999979019165,5.199999809265137,4.909999847412109,5.099999904632568,952000
2020-10-20,5.090000152587891,5.090000152587891,5.090000152587891,4.929999828338623,4.96999979019165,269300
2020-10-21,5.070000171661377,5.070000171661377,5.079999923706055,5.070000171661377,5.079999923706055,28000
2020-10-22,5.010000228881836,5.010000228881836,5.059999942779541,4.849999904632568,5.03000020980835,682000
2020-10-23,5.0,5.0,5.010000228881836,5.010000228881836,5.010000228881836,2000
2020-10-27,4.889999866485596,4.889999866485596,4.989999771118164,4.869999885559082,4.989999771118164,32000
2020-10-28,4.730000019073486,4.730000019073486,4.75,4.71999979019165,4.75,652000
2020-10-29,4.5,4.5,4.699999809265137,4.489999771118164,4.699999809265137,2688000
2020-10-30,4.5,4.5,4.5,4.400000095367432,4.5,420000
2020-11-02,4.420000076293945,4.420000076293945,4.679999828338623,4.300000190734863,4.679999828338623,1670000
2020-11-03,4.429999828338623,4.429999828338623,4.429999828338623,4.300000190734863,4.389999866485596,940000
2020-11-04,4.559999942779541,4.559999942779541,4.599999904632568,4.489999771118164,4.5,2286000
2020-11-05,4.5,4.5,4.550000190734863,4.400000095367432,4.539999961853027,1058000
2020-11-06,4.380000114440918,4.380000114440918,4.480000019073486,4.300000190734863,4.480000019073486,1232000
2020-11-09,4.539999961853027,4.539999961853027,4.579999923706055,4.320000171661377,4.360000133514404,852000
2020-11-10,3.9000000953674316,3.9000000953674316,4.090000152587891,3.700000047683716,4.039999961853027,10774000
2020-11-11,3.9200000762939453,3.9200000762939453,3.950000047683716,3.869999885559082,3.9000000953674316,544000
2020-11-12,3.799999952316284,3.799999952316284,3.9000000953674316,3.700000047683716,3.9000000953674316,1276000
2020-11-13,3.890000104904175,3.890000104904175,3.9600000381469727,3.859999895095825,3.859999895095825,1136000
2020-11-16,3.9000000953674316,3.9000000953674316,4.0,3.809999942779541,3.940000057220459,480000
2020-11-17,3.799999952316284,3.799999952316284,3.880000114440918,3.799999952316284,3.859999895095825,1052000
2020-11-18,3.8299999237060547,3.8299999237060547,3.8299999237060547,3.7899999618530273,3.809999942779541,280000
2020-11-19,3.799999952316284,3.799999952316284,3.799999952316284,3.7799999713897705,3.7899999618530273,262000
2020-11-20,3.7799999713897705,3.7799999713897705,3.7899999618530273,3.7699999809265137,3.7899999618530273,194000
2020-11-23,3.7699999809265137,3.7699999809265137,3.809999942779541,3.7699999809265137,3.809999942779541,278000
2020-11-24,3.880000114440918,3.880000114440918,3.880000114440918,3.740000009536743,3.7799999713897705,342000
2020-11-25,3.759999990463257,3.759999990463257,3.8399999141693115,3.759999990463257,3.8299999237060547,308000
2020-11-26,3.7799999713897705,3.7799999713897705,3.799999952316284,3.7799999713897705,3.799999952316284,14000
2020-11-27,3.7699999809265137,3.7699999809265137,3.8499999046325684,3.7699999809265137,3.8499999046325684,96000
2020-11-30,3.6700000762939453,3.6700000762939453,3.8299999237060547,3.6600000858306885,3.819999933242798,246000
2020-12-01,3.740000009536743,3.740000009536743,3.759999990463257,3.6700000762939453,3.6700000762939453,118000
2020-12-02,3.690000057220459,3.690000057220459,3.799999952316284,3.690000057220459,3.700000047683716,152000
2020-12-03,3.759999990463257,3.759999990463257,3.7899999618530273,3.680000066757202,3.690000057220459,134000
2020-12-04,3.7699999809265137,3.7699999809265137,3.8499999046325684,3.759999990463257,3.759999990463257,204000
2020-12-07,3.7300000190734863,3.7300000190734863,3.7699999809265137,3.6700000762939453,3.680000066757202,366000
2020-12-08,3.75,3.75,3.75,3.6700000762939453,3.7300000190734863,74000
2020-12-09,3.759999990463257,3.759999990463257,3.859999895095825,3.7100000381469727,3.859999895095825,114000
2020-12-10,3.700000047683716,3.700000047683716,3.700000047683716,3.6600000858306885,3.6600000858306885,52000
2020-12-11,3.7300000190734863,3.7300000190734863,3.75,3.7100000381469727,3.7100000381469727,106000
2020-12-14,3.7300000190734863,3.7300000190734863,3.7300000190734863,3.7200000286102295,3.7200000286102295,12000
2020-12-15,3.7200000286102295,3.7200000286102295,3.7200000286102295,3.690000057220459,3.740000009536743,122000
2020-12-16,3.7200000286102295,3.7200000286102295,3.7200000286102295,3.7200000286102295,3.7200000286102295,0
2020-12-17,3.6500000953674316,3.6500000953674316,3.7200000286102295,3.6500000953674316,3.690000057220459,140000
2020-12-18,3.700000047683716,3.700000047683716,3.7100000381469727,3.6700000762939453,3.6700000762939453,94000
2020-12-21,3.7100000381469727,3.7100000381469727,3.7100000381469727,3.7100000381469727,3.7100000381469727,38000
2020-12-22,3.799999952316284,3.799999952316284,3.799999952316284,3.700000047683716,3.7200000286102295,196000
2020-12-23,3.7200000286102295,3.7200000286102295,3.7200000286102295,3.7200000286102295,3.7200000286102295,2000
2020-12-24,3.7699999809265137,3.7699999809265137,3.7699999809265137,3.7699999809265137,3.7699999809265137,0
2020-12-28,3.8399999141693115,3.8399999141693115,3.8399999141693115,3.700000047683716,3.8399999141693115,166000
2020-12-29,3.8299999237060547,3.8299999237060547,3.8299999237060547,3.8299999237060547,3.8299999237060547,0
2020-12-30,3.799999952316284,3.799999952316284,3.799999952316284,3.7100000381469727,3.7100000381469727,30000
2020-12-31,3.799999952316284,3.799999952316284,3.799999952316284,3.799999952316284,3.799999952316284,0
2021-01-04,3.799999952316284,3.799999952316284,3.8299999237060547,3.7100000381469727,3.799999952316284,378000
2021-01-05,3.740000009536743,3.740000009536743,3.75,3.7300000190734863,3.75,102000
2021-01-06,3.75,3.75,3.75,3.6700000762939453,3.700000047683716,400011
2021-01-07,3.7899999618530273,3.7899999618530273,3.7899999618530273,3.640000104904175,3.690000057220459,394000
2021-01-08,3.7300000190734863,3.7300000190734863,3.799999952316284,3.619999885559082,3.799999952316284,126000
2021-01-11,3.7699999809265137,3.7699999809265137,3.7699999809265137,3.690000057220459,3.7300000190734863,166000
2021-01-12,3.7300000190734863,3.7300000190734863,3.740000009536743,3.700000047683716,3.7200000286102295,292000
2021-01-13,3.7100000381469727,3.7100000381469727,3.75,3.700000047683716,3.75,302000
2021-01-14,3.759999990463257,3.759999990463257,3.759999990463257,3.7300000190734863,3.740000009536743,34000
2021-01-15,3.75,3.75,3.7799999713897705,3.740000009536743,3.740000009536743,162000
2021-01-18,3.809999942779541,3.809999942779541,3.859999895095825,3.7200000286102295,3.7200000286102295,162000
2021-01-19,3.8499999046325684,3.8499999046325684,3.9100000858306885,3.8399999141693115,3.9000000953674316,122000
2021-01-20,3.9100000858306885,3.9100000858306885,3.9100000858306885,3.759999990463257,3.759999990463257,46000
2021-01-21,3.940000057220459,3.940000057220459,3.940000057220459,3.8399999141693115,3.9100000858306885,102000
2021-01-22,3.890000104904175,3.890000104904175,3.950000047683716,3.859999895095825,3.950000047683716,150000
2021-01-25,3.940000057220459,3.940000057220459,3.950000047683716,3.869999885559082,3.9200000762939453,120000
2021-01-26,3.8499999046325684,3.8499999046325684,3.9700000286102295,3.75,3.940000057220459,372000
2021-01-27,3.75,3.75,3.8499999046325684,3.75,3.8299999237060547,100000
2021-01-28,3.7200000286102295,3.7200000286102295,3.7799999713897705,3.700000047683716,3.740000009536743,160000
2021-01-29,3.6500000953674316,3.6500000953674316,3.75,3.5299999713897705,3.5299999713897705,169441
2021-02-01,3.640000104904175,3.640000104904175,3.700000047683716,3.630000114440918,3.6500000953674316,150000
2021-02-02,3.9000000953674316,3.9000000953674316,3.940000057220459,3.630000114440918,3.640000104904175,106000
2021-02-03,3.75,3.75,3.9200000762939453,3.700000047683716,3.9100000858306885,172000
2021-02-04,3.7799999713897705,3.7799999713897705,3.7799999713897705,3.75,3.75,34000
2021-02-05,3.799999952316284,3.799999952316284,3.890000104904175,3.75,3.75,76000
2021-02-08,3.799999952316284,3.799999952316284,3.880000114440918,3.799999952316284,3.799999952316284,72000
2021-02-09,4.150000095367432,4.150000095367432,4.239999771118164,3.8399999141693115,3.8399999141693115,1962437
2021-02-10,4.170000076293945,4.170000076293945,4.400000095367432,4.070000171661377,4.230000019073486,396000
2021-02-11,4.099999904632568,4.099999904632568,4.099999904632568,4.099999904632568,4.099999904632568,0
2021-02-16,4.010000228881836,4.010000228881836,4.099999904632568,3.940000057220459,4.039999961853027,248000
2021-02-17,4.059999942779541,4.059999942779541,4.130000114440918,4.019999980926514,4.019999980926514,322000
2021-02-18,4.130000114440918,4.130000114440918,4.139999866485596,4.050000190734863,4.059999942779541,208000
2021-02-19,4.130000114440918,4.130000114440918,4.130000114440918,3.9800000190734863,4.050000190734863,208000
2021-02-22,4.099999904632568,4.099999904632568,4.150000095367432,4.079999923706055,4.139999866485596,68000
2021-02-23,4.090000152587891,4.090000152587891,4.150000095367432,4.03000020980835,4.110000133514404,108000
2021-02-24,3.950000047683716,3.950000047683716,4.099999904632568,3.950000047683716,4.090000152587891,370000
2021-02-25,4.090000152587891,4.090000152587891,4.199999809265137,4.010000228881836,4.019999980926514,76000
2021-02-26,3.9800000190734863,3.9800000190734863,4.050000190734863,3.930000066757202,4.0,204891
2021-03-01,3.9800000190734863,3.9800000190734863,4.050000190734863,3.9800000190734863,4.050000190734863,20000
2021-03-02,3.950000047683716,3.950000047683716,4.0,3.8399999141693115,3.9600000381469727,186000
2021-03-03,4.070000171661377,4.070000171661377,4.099999904632568,3.9100000858306885,3.9100000858306885,116000
2021-03-04,4.059999942779541,4.059999942779541,4.059999942779541,4.059999942779541,4.059999942779541,0
2021-03-05,3.930000066757202,3.930000066757202,4.059999942779541,3.9200000762939453,3.9700000286102295,26000
2021-03-08,3.940000057220459,3.940000057220459,4.0,3.940000057220459,3.950000047683716,62000
2021-03-09,3.890000104904175,3.890000104904175,4.010000228881836,3.890000104904175,3.940000057220459,88000
2021-03-10,3.940000057220459,3.940000057220459,3.940000057220459,3.940000057220459,3.940000057220459,0
2021-03-11,3.9200000762939453,3.9200000762939453,4.0,3.9000000953674316,3.990000009536743,46000
2021-03-12,3.990000009536743,3.990000009536743,4.010000228881836,3.9000000953674316,3.990000009536743,86000
2021-03-15,3.950000047683716,3.950000047683716,4.0,3.890000104904175,4.0,54000
2021-03-16,3.950000047683716,3.950000047683716,4.010000228881836,3.930000066757202,3.9700000286102295,178000
2021-03-17,3.9800000190734863,3.9800000190734863,3.9800000190734863,3.9000000953674316,3.9600000381469727,86000
2021-03-18,3.940000057220459,3.940000057220459,3.990000009536743,3.9200000762939453,3.9800000190734863,220000
2021-03-19,3.8399999141693115,3.8399999141693115,4.0,3.819999933242798,4.0,406000
2021-03-22,3.859999895095825,3.859999895095825,3.880000114440918,3.8499999046325684,3.880000114440918,166000
2021-03-23,3.8399999141693115,3.8399999141693115,3.859999895095825,3.7300000190734863,3.8399999141693115,276000
2021-03-24,3.8499999046325684,3.8499999046325684,3.8499999046325684,3.7200000286102295,3.7200000286102295,120000
2021-03-25,3.7899999618530273,3.7899999618530273,3.809999942779541,3.759999990463257,3.799999952316284,44000
2021-03-26,3.819999933242798,3.819999933242798,3.819999933242798,3.799999952316284,3.799999952316284,50000
2021-03-29,3.819999933242798,3.819999933242798,3.819999933242798,3.7799999713897705,3.819999933242798,543844
2021-03-30,3.819999933242798,3.819999933242798,3.8499999046325684,3.7899999618530273,3.799999952316284,804000
2021-03-31,3.7899999618530273,3.7899999618530273,3.799999952316284,3.7799999713897705,3.799999952316284,160000
2021-04-01,3.799999952316284,3.799999952316284,3.799999952316284,3.7899999618530273,3.799999952316284,32000
2021-04-07,3.809999942779541,3.809999942779541,3.809999942779541,3.7799999713897705,3.799999952316284,68000
2021-04-08,3.799999952316284,3.799999952316284,3.8499999046325684,3.799999952316284,3.8399999141693115,114000
2021-04-09,3.799999952316284,3.799999952316284,3.799999952316284,3.7799999713897705,3.799999952316284,84000
2021-04-12,3.799999952316284,3.799999952316284,3.809999942779541,3.7699999809265137,3.7699999809265137,74000
2021-04-13,3.799999952316284,3.799999952316284,3.799999952316284,3.7699999809265137,3.7699999809265137,24000
2021-04-14,3.759999990463257,3.759999990463257,3.8499999046325684,3.7200000286102295,3.8399999141693115,306000
2021-04-15,3.7300000190734863,3.7300000190734863,3.799999952316284,3.7300000190734863,3.75,140000
2021-04-16,3.75,3.75,3.799999952316284,3.75,3.799999952316284,66000
2021-04-19,3.7699999809265137,3.7699999809265137,3.8499999046325684,3.740000009536743,3.8299999237060547,100000
2021-04-20,3.809999942779541,3.809999942779541,3.8399999141693115,3.759999990463257,3.8399999141693115,196000
2021-04-21,3.8399999141693115,3.8399999141693115,3.8499999046325684,3.759999990463257,3.799999952316284,376000
2021-04-22,3.8299999237060547,3.8299999237060547,3.8499999046325684,3.809999942779541,3.8499999046325684,174000
2021-04-23,3.799999952316284,3.799999952316284,3.819999933242798,3.759999990463257,3.7799999713897705,196000
2021-04-26,3.809999942779541,3.809999942779541,3.8299999237060547,3.759999990463257,3.799999952316284,124000
2021-04-27,3.7799999713897705,3.7799999713897705,3.809999942779541,3.75,3.809999942779541,186000
2021-04-28,3.8399999141693115,3.8399999141693115,3.8499999046325684,3.7699999809265137,3.809999942779541,340000
2021-04-29,3.950000047683716,3.950000047683716,4.010000228881836,3.9000000953674316,3.9200000762939453,292000
2021-04-30,4.03000020980835,4.03000020980835,4.119999885559082,3.930000066757202,3.930000066757202,384000
2021-05-03,4.0,4.0,4.0,3.950000047683716,3.950000047683716,52000
2021-05-04,4.010000228881836,4.010000228881836,4.050000190734863,3.9800000190734863,4.0,152000
2021-05-05,4.050000190734863,4.050000190734863,4.050000190734863,3.990000009536743,4.0,38000
2021-05-06,4.010000228881836,4.010000228881836,4.050000190734863,4.0,4.0,24000
2021-05-07,3.990000009536743,3.990000009536743,4.050000190734863,3.990000009536743,4.019999980926514,66000
2021-05-10,4.019999980926514,4.019999980926514,4.019999980926514,3.940000057220459,3.940000057220459,16000
2021-05-11,3.9700000286102295,3.9700000286102295,3.9700000286102295,3.950000047683716,3.9600000381469727,46000
2021-05-12,3.930000066757202,3.930000066757202,3.950000047683716,3.7899999618530273,3.9100000858306885,230000
2021-05-13,3.8499999046325684,3.8499999046325684,3.9000000953674316,3.8299999237060547,3.8299999237060547,138000
2021-05-14,3.8499999046325684,3.8499999046325684,3.930000066757202,3.7799999713897705,3.8499999046325684,150000
2021-05-17,3.869999885559082,3.869999885559082,3.869999885559082,3.8299999237060547,3.8299999237060547,20000
2021-05-18,3.859999895095825,3.859999895095825,3.890000104904175,3.799999952316284,3.890000104904175,58000
2021-05-20,3.8399999141693115,3.8399999141693115,3.8499999046325684,3.799999952316284,3.8299999237060547,74000
2021-05-21,3.8399999141693115,3.8399999141693115,3.8399999141693115,3.8399999141693115,3.8399999141693115,0
2021-05-24,3.9000000953674316,3.9000000953674316,4.0,3.859999895095825,3.869999885559082,140000
2021-05-25,4.039999961853027,4.039999961853027,4.050000190734863,3.9200000762939453,3.9600000381469727,546000
2021-05-26,4.559999942779541,4.559999942779541,4.570000171661377,4.130000114440918,4.179999828338623,1996000
2021-05-27,4.409999847412109,4.409999847412109,4.579999923706055,4.320000171661377,4.579999923706055,728000
2021-05-28,4.400000095367432,4.400000095367432,4.460000038146973,4.300000190734863,4.409999847412109,658000
2021-05-31,4.519999980926514,4.519999980926514,4.53000020980835,4.300000190734863,4.300000190734863,632000
2021-06-01,4.579999923706055,4.579999923706055,4.610000133514404,4.519999980926514,4.599999904632568,532000
2021-06-02,4.619999885559082,4.619999885559082,4.650000095367432,4.480000019073486,4.5,398000
2021-06-03,4.599999904632568,4.599999904632568,4.599999904632568,4.579999923706055,4.590000152587891,220000
2021-06-04,4.630000114440918,4.630000114440918,4.679999828338623,4.599999904632568,4.599999904632568,366000
2021-06-07,4.579999923706055,4.579999923706055,4.699999809265137,4.579999923706055,4.650000095367432,394000
2021-06-08,4.559999942779541,4.559999942779541,4.639999866485596,4.519999980926514,4.579999923706055,274000
2021-06-09,4.599999904632568,4.599999904632568,4.599999904632568,4.559999942779541,4.570000171661377,352000
2021-06-10,4.650000095367432,4.650000095367432,4.650000095367432,4.550000190734863,4.599999904632568,776000
2021-06-11,4.599999904632568,4.599999904632568,4.639999866485596,4.559999942779541,4.599999904632568,164000
2021-06-15,4.610000133514404,4.610000133514404,4.610000133514404,4.53000020980835,4.610000133514404,176000
2021-06-16,4.340000152587891,4.340000152587891,4.550000190734863,4.340000152587891,4.510000228881836,88000
2021-06-17,4.369999885559082,4.369999885559082,4.380000114440918,4.300000190734863,4.300000190734863,120000
2021-06-18,4.360000133514404,4.360000133514404,4.380000114440918,4.289999961853027,4.289999961853027,80000
2021-06-21,4.25,4.25,4.309999942779541,4.25,4.28000020980835,56000
2021-06-22,4.239999771118164,4.239999771118164,4.340000152587891,4.210000038146973,4.269999980926514,122000
2021-06-23,4.329999923706055,4.329999923706055,4.329999923706055,4.239999771118164,4.239999771118164,84000
2021-06-24,4.360000133514404,4.360000133514404,4.369999885559082,4.309999942779541,4.309999942779541,40000
2021-06-25,4.360000133514404,4.360000133514404,4.360000133514404,4.360000133514404,4.360000133514404,0
2021-06-28,4.269999980926514,4.269999980926514,4.360000133514404,4.230000019073486,4.360000133514404,58000
2021-06-29,4.25,4.25,4.289999961853027,4.25,4.289999961853027,28000
2021-06-30,4.380000114440918,4.380000114440918,4.539999961853027,4.260000228881836,4.260000228881836,284000
2021-07-02,4.360000133514404,4.360000133514404,4.400000095367432,4.260000228881836,4.260000228881836,98000
2021-07-05,4.329999923706055,4.329999923706055,4.369999885559082,4.289999961853027,4.289999961853027,120000
2021-07-06,4.300000190734863,4.300000190734863,4.389999866485596,4.300000190734863,4.329999923706055,52000
2021-07-07,4.340000152587891,4.340000152587891,4.340000152587891,4.300000190734863,4.320000171661377,38000
2021-07-08,4.210000038146973,4.210000038146973,4.380000114440918,4.199999809265137,4.360000133514404,158000
2021-07-09,4.210000038146973,4.210000038146973,4.210000038146973,4.210000038146973,4.210000038146973,0
2021-07-12,4.300000190734863,4.300000190734863,4.300000190734863,4.210000038146973,4.210000038146973,48000
2021-07-13,4.25,4.25,4.300000190734863,4.099999904632568,4.300000190734863,72000
2021-07-14,4.239999771118164,4.239999771118164,4.239999771118164,4.199999809265137,4.199999809265137,12000
2021-07-15,4.349999904632568,4.349999904632568,4.349999904632568,4.300000190734863,4.349999904632568,26000
2021-07-16,4.380000114440918,4.380000114440918,4.380000114440918,4.25,4.25,6000
2021-07-19,4.380000114440918,4.380000114440918,4.380000114440918,4.380000114440918,4.380000114440918,0
2021-07-20,4.199999809265137,4.199999809265137,4.199999809265137,4.170000076293945,4.179999828338623,28000
2021-07-21,4.199999809265137,4.199999809265137,4.199999809265137,4.199999809265137,4.199999809265137,10000
2021-07-22,4.25,4.25,4.25,4.25,4.25,0
2021-07-23,4.239999771118164,4.239999771118164,4.239999771118164,4.159999847412109,4.170000076293945,74000
2021-07-26,4.159999847412109,4.159999847412109,4.269999980926514,4.150000095367432,4.150000095367432,172000
2021-07-27,4.019999980926514,4.019999980926514,4.21999979019165,4.0,4.119999885559082,104000
2021-07-28,4.070000171661377,4.070000171661377,4.139999866485596,3.859999895095825,4.019999980926514,72000
2021-07-29,3.9100000858306885,3.9100000858306885,4.090000152587891,3.819999933242798,3.9000000953674316,594000
2021-07-30,3.9100000858306885,3.9100000858306885,3.9200000762939453,3.9100000858306885,3.9100000858306885,82000
2021-08-02,3.990000009536743,3.990000009536743,3.990000009536743,3.8499999046325684,3.9100000858306885,164000
2021-08-03,3.950000047683716,3.950000047683716,3.950000047683716,3.950000047683716,3.950000047683716,0
2021-08-04,4.079999923706055,4.079999923706055,4.099999904632568,3.859999895095825,3.9100000858306885,136000
2021-08-05,3.9100000858306885,3.9100000858306885,3.930000066757202,3.880000114440918,3.880000114440918,106000
2021-08-06,3.9100000858306885,3.9100000858306885,3.9100000858306885,3.9100000858306885,3.9100000858306885,0
2021-08-09,3.930000066757202,3.930000066757202,3.940000057220459,3.9100000858306885,3.9200000762939453,20000
2021-08-10,3.930000066757202,3.930000066757202,3.930000066757202,3.880000114440918,3.880000114440918,96000
2021-08-11,3.9600000381469727,3.9600000381469727,4.050000190734863,3.930000066757202,4.019999980926514,128000
2021-08-12,3.930000066757202,3.930000066757202,3.950000047683716,3.930000066757202,3.940000057220459,256000
2021-08-13,3.9200000762939453,3.9200000762939453,3.9600000381469727,3.880000114440918,3.9600000381469727,146000
2021-08-16,3.9200000762939453,3.9200000762939453,3.9200000762939453,3.869999885559082,3.869999885559082,74000
2021-08-17,3.880000114440918,3.880000114440918,4.0,3.880000114440918,4.0,190000
2021-08-18,3.9200000762939453,3.9200000762939453,3.9700000286102295,3.9200000762939453,3.9700000286102295,90000
2021-08-19,3.880000114440918,3.880000114440918,3.990000009536743,3.880000114440918,3.890000104904175,184000
2021-08-20,3.819999933242798,3.819999933242798,3.990000009536743,3.819999933242798,3.990000009536743,108000
2021-08-23,4.010000228881836,4.010000228881836,4.039999961853027,3.890000104904175,3.9000000953674316,750000
2021-08-24,4.019999980926514,4.019999980926514,4.019999980926514,3.940000057220459,3.9600000381469727,28000
2021-08-25,4.019999980926514,4.019999980926514,4.039999961853027,4.019999980926514,4.03000020980835,12000
2021-08-26,4.019999980926514,4.019999980926514,4.019999980926514,4.019999980926514,4.019999980926514,0
2021-08-27,4.019999980926514,4.019999980926514,4.019999980926514,4.019999980926514,4.019999980926514,0
2021-08-30,3.9800000190734863,3.9800000190734863,4.079999923706055,3.930000066757202,3.9800000190734863,94000
2021-08-31,3.890000104904175,3.890000104904175,3.9800000190734863,3.890000104904175,3.9800000190734863,14000
2021-09-01,4.0,4.0,4.050000190734863,3.9000000953674316,3.950000047683716,180000
2021-09-02,4.059999942779541,4.059999942779541,4.059999942779541,3.9100000858306885,4.019999980926514,272000
2021-09-03,4.039999961853027,4.039999961853027,4.039999961853027,3.9600000381469727,3.9600000381469727,22000
2021-09-06,4.0,4.0,4.0,4.0,4.0,606000
2021-09-07,3.9800000190734863,3.9800000190734863,4.039999961853027,3.9800000190734863,4.0,72000
2021-09-08,3.9600000381469727,3.9600000381469727,4.059999942779541,3.940000057220459,3.940000057220459,278000
2021-09-09,4.019999980926514,4.019999980926514,4.019999980926514,3.9600000381469727,3.9600000381469727,68000
2021-09-10,4.050000190734863,4.050000190734863,4.059999942779541,4.039999961853027,4.039999961853027,40000
2021-09-13,4.079999923706055,4.079999923706055,4.090000152587891,4.079999923706055,4.079999923706055,20000
2021-09-14,4.070000171661377,4.070000171661377,4.070000171661377,4.070000171661377,4.070000171661377,2000
2021-09-15,3.950000047683716,3.950000047683716,3.9800000190734863,3.950000047683716,3.9800000190734863,36000
2021-09-16,3.9800000190734863,3.9800000190734863,4.0,3.9000000953674316,3.9800000190734863,42000
2021-09-17,3.7300000190734863,3.7300000190734863,4.0,3.7300000190734863,3.9700000286102295,160000
2021-09-20,3.7300000190734863,3.7300000190734863,3.880000114440918,3.7300000190734863,3.75,244000
2021-09-21,3.7300000190734863,3.7300000190734863,3.7300000190734863,3.7300000190734863,3.7300000190734863,0
2021-09-23,3.8299999237060547,3.8299999237060547,3.859999895095825,3.819999933242798,3.8499999046325684,48000
2021-09-24,3.8299999237060547,3.8299999237060547,3.8299999237060547,3.8299999237060547,3.8299999237060547,0
2021-09-27,3.7899999618530273,3.7899999618530273,3.7899999618530273,3.7699999809265137,3.7699999809265137,268000
2021-09-28,3.819999933242798,3.819999933242798,3.819999933242798,3.819999933242798,3.819999933242798,0
2021-09-29,3.799999952316284,3.799999952316284,3.799999952316284,3.740000009536743,3.740000009536743,30000
2021-09-30,3.859999895095825,3.859999895095825,3.880000114440918,3.7300000190734863,3.7300000190734863,52000
2021-10-04,3.819999933242798,3.819999933242798,3.8299999237060547,3.759999990463257,3.759999990463257,44000
2021-10-05,3.819999933242798,3.819999933242798,3.819999933242798,3.819999933242798,3.819999933242798,0
2021-10-06,3.819999933242798,3.819999933242798,3.819999933242798,3.819999933242798,3.819999933242798,0
2021-10-07,3.7899999618530273,3.7899999618530273,3.819999933242798,3.7799999713897705,3.819999933242798,48000
2021-10-08,3.7899999618530273,3.7899999618530273,3.7899999618530273,3.7899999618530273,3.7899999618530273,202000
2021-10-11,3.8399999141693115,3.8399999141693115,3.8399999141693115,3.759999990463257,3.7799999713897705,66000
2021-10-12,3.8399999141693115,3.8399999141693115,3.8399999141693115,3.8399999141693115,3.8399999141693115,0
2021-10-15,3.8399999141693115,3.8399999141693115,3.8399999141693115,3.8399999141693115,3.8399999141693115,4000
2021-10-18,3.7899999618530273,3.7899999618530273,3.8399999141693115,3.759999990463257,3.8399999141693115,20000
2021-10-19,3.799999952316284,3.799999952316284,3.9700000286102295,3.799999952316284,3.819999933242798,88000
2021-10-20,3.7899999618530273,3.7899999618530273,3.799999952316284,3.7799999713897705,3.799999952316284,56000
2021-10-21,3.7899999618530273,3.7899999618530273,3.7899999618530273,3.7300000190734863,3.7899999618530273,20000
2021-10-22,3.7799999713897705,3.7799999713897705,3.7899999618530273,3.7799999713897705,3.7899999618530273,10000
2021-10-25,3.809999942779541,3.809999942779541,3.9000000953674316,3.759999990463257,3.8399999141693115,24000
2021-10-26,3.8299999237060547,3.8299999237060547,3.8299999237060547,3.759999990463257,3.8299999237060547,62000
2021-10-27,3.7100000381469727,3.7100000381469727,3.8299999237060547,3.7100000381469727,3.8299999237060547,22000
2021-10-28,3.809999942779541,3.809999942779541,3.809999942779541,3.799999952316284,3.799999952316284,12000
2021-10-29,3.809999942779541,3.809999942779541,3.809999942779541,3.809999942779541,3.809999942779541,0
2021-11-01,3.799999952316284,3.799999952316284,3.799999952316284,3.799999952316284,3.759999990463257,24000
2021-11-02,3.6700000762939453,3.6700000762939453,3.799999952316284,3.6700000762939453,3.759999990463257,60000
2021-11-03,3.700000047683716,3.700000047683716,3.7699999809265137,3.700000047683716,3.7699999809265137,4000
2021-11-04,3.700000047683716,3.700000047683716,3.700000047683716,3.700000047683716,3.700000047683716,0
2021-11-05,3.5999999046325684,3.5999999046325684,3.700000047683716,3.549999952316284,3.609999895095825,504000
2021-11-08,3.5999999046325684,3.5999999046325684,3.690000057220459,3.5999999046325684,3.609999895095825,10000
2021-11-09,3.759999990463257,3.759999990463257,3.799999952316284,3.609999895095825,3.609999895095825,4000
2021-11-10,3.759999990463257,3.759999990463257,3.759999990463257,3.700000047683716,3.759999990463257,18000
2021-11-11,3.7300000190734863,3.7300000190734863,3.7699999809265137,3.7100000381469727,3.75,100000
2021-11-12,3.6700000762939453,3.6700000762939453,3.75,3.619999885559082,3.7300000190734863,76000
2021-11-15,3.6700000762939453,3.6700000762939453,3.6700000762939453,3.640000104904175,3.6600000858306885,328000
2021-11-16,3.7799999713897705,3.7799999713897705,3.9800000190734863,3.6700000762939453,3.6700000762939453,288000
2021-11-17,3.7300000190734863,3.7300000190734863,3.7799999713897705,3.7300000190734863,3.7799999713897705,62000
2021-11-18,3.740000009536743,3.740000009536743,3.75,3.7300000190734863,3.75,28000
2021-11-19,3.75,3.75,3.75,3.75,3.75,10000
2021-11-22,3.75,3.75,3.75,3.75,3.75,4000
2021-11-23,3.7699999809265137,3.7699999809265137,3.7699999809265137,3.75,3.75,40000
2021-11-24,3.7699999809265137,3.7699999809265137,3.7699999809265137,3.6600000858306885,3.7699999809265137,84000
2021-11-25,3.9000000953674316,3.9000000953674316,3.9000000953674316,3.7699999809265137,3.7699999809265137,70000
2021-11-26,3.930000066757202,3.930000066757202,3.930000066757202,3.819999933242798,3.819999933242798,111137
2021-11-29,3.8299999237060547,3.8299999237060547,3.8299999237060547,3.8299999237060547,3.8299999237060547,0
2021-11-30,3.859999895095825,3.859999895095825,3.859999895095825,3.859999895095825,3.859999895095825,0
2021-12-01,3.8299999237060547,3.8299999237060547,3.8499999046325684,3.759999990463257,3.759999990463257,16000
2021-12-02,3.7699999809265137,3.7699999809265137,3.819999933242798,3.700000047683716,3.819999933242798,152000
2021-12-03,3.7699999809265137,3.7699999809265137,3.7699999809265137,3.7699999809265137,3.7699999809265137,132000
2021-12-06,3.7200000286102295,3.7200000286102295,3.7699999809265137,3.7200000286102295,3.7200000286102295,10000
2021-12-07,3.7200000286102295,3.7200000286102295,3.7200000286102295,3.7200000286102295,3.7200000286102295,0
2021-12-08,3.6500000953674316,3.6500000953674316,3.7899999618530273,3.6500000953674316,3.7799999713897705,70000
2021-12-09,3.700000047683716,3.700000047683716,3.700000047683716,3.700000047683716,3.700000047683716,0
2021-12-10,3.700000047683716,3.700000047683716,3.700000047683716,3.700000047683716,3.700000047683716,0
2021-12-13,3.7300000190734863,3.7300000190734863,3.75,3.619999885559082,3.700000047683716,24000
2021-12-14,3.630000114440918,3.630000114440918,3.700000047683716,3.619999885559082,3.6700000762939453,132000
2021-12-15,3.5899999141693115,3.5899999141693115,3.6700000762939453,3.559999942779541,3.559999942779541,42000
2021-12-16,3.75,3.75,3.75,3.690000057220459,3.690000057220459,12000
2021-12-17,3.700000047683716,3.700000047683716,3.700000047683716,3.700000047683716,3.700000047683716,0
2021-12-20,3.5799999237060547,3.5799999237060547,3.5799999237060547,3.5799999237060547,3.5799999237060547,10000
2021-12-21,3.6600000858306885,3.6600000858306885,3.6600000858306885,3.5799999237060547,3.6500000953674316,72000
2021-12-22,3.619999885559082,3.619999885559082,3.7699999809265137,3.609999895095825,3.6500000953674316,78000
2021-12-23,3.619999885559082,3.619999885559082,3.700000047683716,3.549999952316284,3.700000047683716,106000
2021-12-24,3.75,3.75,3.75,3.680000066757202,3.680000066757202,152000
2021-12-28,3.7799999713897705,3.7799999713897705,3.890000104904175,3.759999990463257,3.890000104904175,46000
2021-12-29,3.799999952316284,3.799999952316284,3.880000114440918,3.6600000858306885,3.799999952316284,242000
2021-12-30,3.819999933242798,3.819999933242798,3.9000000953674316,3.799999952316284,3.799999952316284,136000
2021-12-31,3.9200000762939453,3.9200000762939453,3.990000009536743,3.9200000762939453,3.9200000762939453,18000
2022-01-03,3.9200000762939453,3.9200000762939453,3.9200000762939453,3.9200000762939453,3.9200000762939453,0
2022-01-04,3.9000000953674316,3.9000000953674316,3.9200000762939453,3.819999933242798,3.819999933242798,92000
2022-01-05,3.9200000762939453,3.9200000762939453,3.930000066757202,3.9100000858306885,3.9100000858306885,203741
2022-01-06,3.950000047683716,3.950000047683716,3.9600000381469727,3.9000000953674316,3.9000000953674316,294000
2022-01-07,4.090000152587891,4.090000152587891,4.099999904632568,3.950000047683716,3.950000047683716,636000
2022-01-10,4.099999904632568,4.099999904632568,4.150000095367432,4.090000152587891,4.090000152587891,124000
2022-01-11,4.139999866485596,4.139999866485596,4.139999866485596,4.099999904632568,4.099999904632568,62000
2022-01-12,4.159999847412109,4.159999847412109,4.170000076293945,4.099999904632568,4.139999866485596,186000
2022-01-13,4.179999828338623,4.179999828338623,4.179999828338623,4.139999866485596,4.139999866485596,72000
2022-01-14,4.190000057220459,4.190000057220459,4.190000057220459,4.139999866485596,4.139999866485596,410000
2022-01-17,4.199999809265137,4.199999809265137,4.199999809265137,4.190000057220459,4.190000057220459,246000
2022-01-18,4.349999904632568,4.349999904632568,4.349999904632568,4.199999809265137,4.230000019073486,230000
2022-01-19,4.420000076293945,4.420000076293945,4.420000076293945,4.340000152587891,4.349999904632568,294000
2022-01-20,4.429999828338623,4.429999828338623,4.449999809265137,4.409999847412109,4.449999809265137,42000
2022-01-21,4.460000038146973,4.460000038146973,4.460000038146973,4.389999866485596,4.389999866485596,570000
2022-01-24,4.409999847412109,4.409999847412109,4.409999847412109,4.409999847412109,4.409999847412109,0
2022-01-25,4.369999885559082,4.369999885559082,4.369999885559082,4.369999885559082,4.369999885559082,2000
2022-01-26,4.369999885559082,4.369999885559082,4.369999885559082,4.369999885559082,4.369999885559082,0
2022-01-27,4.360000133514404,4.360000133514404,4.360000133514404,4.190000057220459,4.190000057220459,16000
2022-01-28,4.360000133514404,4.360000133514404,4.360000133514404,4.360000133514404,4.360000133514404,0
2022-01-31,4.389999866485596,4.389999866485596,4.389999866485596,4.389999866485596,4.389999866485596,0
2022-02-04,4.380000114440918,4.380000114440918,4.380000114440918,4.380000114440918,4.380000114440918,0
2022-02-07,4.300000190734863,4.300000190734863,4.300000190734863,4.300000190734863,4.300000190734863,12000
2022-02-08,4.239999771118164,4.239999771118164,4.349999904632568,4.239999771118164,4.300000190734863,60000
2022-02-09,4.239999771118164,4.239999771118164,4.239999771118164,4.239999771118164,4.239999771118164,0
2022-02-10,4.079999923706055,4.079999923706055,4.199999809265137,3.880000114440918,3.890000104904175,80000
2022-02-11,4.150000095367432,4.150000095367432,4.260000228881836,4.150000095367432,4.179999828338623,228000
2022-02-14,4.130000114440918,4.130000114440918,4.130000114440918,3.9800000190734863,3.990000009536743,28000
2022-02-15,4.130000114440918,4.130000114440918,4.130000114440918,4.130000114440918,4.130000114440918,0
2022-02-16,4.239999771118164,4.239999771118164,4.239999771118164,4.170000076293945,4.170000076293945,14000
2022-02-17,4.239999771118164,4.239999771118164,4.239999771118164,4.239999771118164,4.239999771118164,0
2022-02-18,4.239999771118164,4.239999771118164,4.239999771118164,4.239999771118164,4.239999771118164,0
2022-02-21,4.03000020980835,4.03000020980835,4.199999809265137,4.0,4.0,56000
2022-02-22,4.0,4.0,4.0,4.0,4.0,0
2022-02-23,4.010000228881836,4.010000228881836,4.139999866485596,4.010000228881836,4.119999885559082,60000
2022-02-24,3.890000104904175,3.890000104904175,3.9800000190734863,3.859999895095825,3.9800000190734863,56570
2022-02-25,3.930000066757202,3.930000066757202,3.930000066757202,3.930000066757202,3.930000066757202,6000
2022-02-28,3.809999942779541,3.809999942779541,3.940000057220459,3.809999942779541,3.819999933242798,72000
2022-03-01,3.8499999046325684,3.8499999046325684,3.9000000953674316,3.8499999046325684,3.8499999046325684,50000
2022-03-02,3.809999942779541,3.809999942779541,3.950000047683716,3.809999942779541,3.819999933242798,54000
2022-03-03,3.8399999141693115,3.8399999141693115,3.8399999141693115,3.8399999141693115,3.8399999141693115,0
2022-03-04,3.740000009536743,3.740000009536743,3.799999952316284,3.7100000381469727,3.799999952316284,88000
2022-03-07,3.690000057220459,3.690000057220459,3.700000047683716,3.690000057220459,3.700000047683716,20000
2022-03-08,3.559999942779541,3.559999942779541,3.7899999618530273,3.4200000762939453,3.640000104904175,110000
2022-03-09,3.7100000381469727,3.7100000381469727,3.9200000762939453,3.559999942779541,3.559999942779541,6000
2022-03-10,3.7100000381469727,3.7100000381469727,3.7100000381469727,3.7100000381469727,3.7100000381469727,0
2022-03-11,3.619999885559082,3.619999885559082,3.7699999809265137,3.509999990463257,3.6700000762939453,28000
2022-03-14,3.619999885559082,3.619999885559082,3.619999885559082,3.619999885559082,3.619999885559082,0
2022-03-15,3.2200000286102295,3.2200000286102295,3.9000000953674316,3.200000047683716,3.369999885559082,179900
2022-03-16,3.259999990463257,3.259999990463257,3.380000114440918,3.180000066757202,3.2200000286102295,168000
2022-03-17,3.380000114440918,3.380000114440918,3.380000114440918,3.2799999713897705,3.2899999618530273,306000
2022-03-18,3.6500000953674316,3.6500000953674316,3.6500000953674316,3.5799999237060547,3.5799999237060547,30000
2022-03-21,3.75,3.75,3.7799999713897705,3.75,3.7799999713897705,34000
2022-03-22,3.7300000190734863,3.7300000190734863,3.7300000190734863,3.7300000190734863,3.7300000190734863,2000
2022-03-23,3.7300000190734863,3.7300000190734863,3.7300000190734863,3.7200000286102295,3.7200000286102295,42000
2022-03-24,3.700000047683716,3.700000047683716,3.700000047683716,3.700000047683716,3.700000047683716,0
2022-03-25,3.700000047683716,3.700000047683716,3.700000047683716,3.700000047683716,3.700000047683716,0
2022-03-28,3.700000047683716,3.700000047683716,3.700000047683716,3.5999999046325684,3.5999999046325684,4000
2022-03-29,3.700000047683716,3.700000047683716,3.700000047683716,3.5799999237060547,3.5799999237060547,24000
2022-03-30,3.7100000381469727,3.7100000381469727,3.7200000286102295,3.609999895095825,3.609999895095825,42000
2022-03-31,3.7100000381469727,3.7100000381469727,3.7699999809265137,3.7100000381469727,3.7200000286102295,76000
2022-04-01,3.75,3.75,3.75,3.740000009536743,3.740000009536743,26085
2022-04-04,3.6600000858306885,3.6600000858306885,3.7200000286102295,3.6500000953674316,3.700000047683716,80000
2022-04-06,3.700000047683716,3.700000047683716,3.7100000381469727,3.619999885559082,3.6600000858306885,72000
2022-04-07,3.890000104904175,3.890000104904175,3.9200000762939453,3.700000047683716,3.700000047683716,802000
2022-04-08,4.0,4.0,4.010000228881836,3.950000047683716,3.950000047683716,906203
2022-04-11,4.010000228881836,4.010000228881836,4.090000152587891,3.990000009536743,4.039999961853027,584000
2022-04-12,4.039999961853027,4.039999961853027,4.070000171661377,4.0,4.019999980926514,382000
2022-04-13,4.139999866485596,4.139999866485596,4.179999828338623,4.039999961853027,4.039999961853027,376559
2022-04-14,4.179999828338623,4.179999828338623,4.190000057220459,4.150000095367432,4.179999828338623,136000
2022-04-19,4.260000228881836,4.260000228881836,4.28000020980835,3.9800000190734863,4.099999904632568,1154298
2022-04-20,4.260000228881836,4.260000228881836,4.28000020980835,4.25,4.25,1572000
2022-04-21,4.269999980926514,4.269999980926514,4.28000020980835,4.260000228881836,4.269999980926514,1968000
2022-04-22,4.320000171661377,4.320000171661377,4.340000152587891,4.269999980926514,4.309999942779541,1660000
2022-04-25,4.360000133514404,4.360000133514404,4.360000133514404,4.260000228881836,4.349999904632568,3352000
2022-04-26,4.369999885559082,4.369999885559082,4.389999866485596,4.28000020980835,4.380000114440918,8164000
2022-04-27,3.9100000858306885,3.9100000858306885,4.210000038146973,3.880000114440918,4.210000038146973,586000
2022-04-28,3.9800000190734863,3.9800000190734863,4.159999847412109,3.9100000858306885,3.9100000858306885,76000
2022-04-29,4.0,4.0,4.139999866485596,4.0,4.0,160000
2022-05-03,4.170000076293945,4.170000076293945,4.179999828338623,4.0,4.0,86000
2022-05-04,4.079999923706055,4.079999923706055,4.099999904632568,4.03000020980835,4.090000152587891,156000
2022-05-05,4.010000228881836,4.010000228881836,4.179999828338623,4.010000228881836,4.059999942779541,60000
2022-05-06,4.010000228881836,4.010000228881836,4.099999904632568,4.010000228881836,4.010000228881836,50000
2022-05-10,4.070000171661377,4.070000171661377,4.070000171661377,3.950000047683716,3.9600000381469727,84000
2022-05-11,4.03000020980835,4.03000020980835,4.079999923706055,3.9600000381469727,3.9700000286102295,30000
2022-05-12,4.050000190734863,4.050000190734863,4.059999942779541,3.9200000762939453,3.9200000762939453,7387
2022-05-13,4.050000190734863,4.050000190734863,4.050000190734863,4.050000190734863,4.050000190734863,0
2022-05-16,3.950000047683716,3.950000047683716,4.050000190734863,3.950000047683716,4.050000190734863,180000
2022-05-17,3.950000047683716,3.950000047683716,3.950000047683716,3.950000047683716,3.950000047683716,0
2022-05-18,4.03000020980835,4.03000020980835,4.099999904632568,3.9600000381469727,3.9600000381469727,8000
2022-05-19,4.039999961853027,4.039999961853027,4.050000190734863,4.03000020980835,4.03000020980835,34000
2022-05-20,4.099999904632568,4.099999904632568,4.099999904632568,4.0,4.0,38000
2022-05-23,4.110000133514404,4.110000133514404,4.110000133514404,4.099999904632568,4.099999904632568,20000
2022-05-24,4.010000228881836,4.010000228881836,4.010000228881836,4.010000228881836,4.010000228881836,0
2022-05-25,3.9800000190734863,3.9800000190734863,4.03000020980835,3.9800000190734863,4.0,82000
2022-05-26,4.0,4.0,4.0,4.0,4.0,0
2022-05-27,4.0,4.0,4.0,4.0,4.0,0
2022-05-30,4.099999904632568,4.099999904632568,4.110000133514404,3.990000009536743,4.110000133514404,214000
2022-05-31,4.130000114440918,4.130000114440918,4.170000076293945,4.130000114440918,4.130000114440918,76000
2022-06-01,4.110000133514404,4.110000133514404,4.139999866485596,4.010000228881836,4.010000228881836,80000
2022-06-02,4.110000133514404,4.110000133514404,4.110000133514404,4.0,4.010000228881836,108000
2022-06-06,4.099999904632568,4.099999904632568,4.099999904632568,4.099999904632568,4.099999904632568,0
2022-06-07,4.090000152587891,4.090000152587891,4.090000152587891,4.090000152587891,4.090000152587891,0
2022-06-08,4.150000095367432,4.150000095367432,4.150000095367432,4.090000152587891,4.090000152587891,172000
2022-06-09,4.099999904632568,4.099999904632568,4.099999904632568,4.099999904632568,4.099999904632568,50000
2022-06-10,4.150000095367432,4.150000095367432,4.150000095367432,4.150000095367432,4.150000095367432,74000
2022-06-13,4.099999904632568,4.099999904632568,4.099999904632568,4.099999904632568,4.099999904632568,18000
2022-06-14,4.099999904632568,4.099999904632568,4.099999904632568,4.099999904632568,4.099999904632568,60000
2022-06-15,4.059999942779541,4.059999942779541,4.059999942779541,4.0,4.0,24000
2022-06-16,4.099999904632568,4.099999904632568,4.099999904632568,4.099999904632568,4.099999904632568,0
2022-06-17,4.099999904632568,4.099999904632568,4.099999904632568,4.099999904632568,4.099999904632568,0
2022-06-20,4.159999847412109,4.159999847412109,4.170000076293945,4.099999904632568,4.159999847412109,26000
2022-06-21,4.099999904632568,4.099999904632568,4.159999847412109,4.099999904632568,4.099999904632568,32000
2022-06-22,4.159999847412109,4.159999847412109,4.170000076293945,4.099999904632568,4.099999904632568,22000
2022-06-23,4.159999847412109,4.159999847412109,4.159999847412109,4.159999847412109,4.159999847412109,0
2022-06-24,4.159999847412109,4.159999847412109,4.159999847412109,4.159999847412109,4.159999847412109,0
2022-06-27,4.170000076293945,4.170000076293945,4.199999809265137,4.170000076293945,4.199999809265137,80000
2022-06-28,4.119999885559082,4.119999885559082,4.119999885559082,4.119999885559082,4.119999885559082,0
2022-06-29,4.130000114440918,4.130000114440918,4.130000114440918,4.119999885559082,4.119999885559082,14000
2022-06-30,4.019999980926514,4.019999980926514,4.019999980926514,4.019999980926514,4.019999980926514,8000
2022-07-04,4.159999847412109,4.159999847412109,4.170000076293945,4.0,4.0,8000
2022-07-05,4.079999923706055,4.079999923706055,4.170000076293945,4.03000020980835,4.170000076293945,46000
2022-07-06,4.079999923706055,4.079999923706055,4.079999923706055,4.079999923706055,4.079999923706055,0
2022-07-07,4.079999923706055,4.079999923706055,4.079999923706055,4.079999923706055,4.079999923706055,0
2022-07-08,4.079999923706055,4.079999923706055,4.079999923706055,4.079999923706055,4.079999923706055,0
2022-07-11,4.079999923706055,4.079999923706055,4.079999923706055,4.079999923706055,4.079999923706055,0
2022-07-12,4.079999923706055,4.079999923706055,4.079999923706055,4.079999923706055,4.079999923706055,0
2022-07-13,4.079999923706055,4.079999923706055,4.079999923706055,4.079999923706055,4.079999923706055,0
2022-07-14,4.019999980926514,4.019999980926514,4.019999980926514,4.019999980926514,4.019999980926514,34000
2022-07-15,4.019999980926514,4.019999980926514,4.019999980926514,4.019999980926514,4.019999980926514,0
2022-07-18,4.079999923706055,4.079999923706055,4.079999923706055,4.079999923706055,4.079999923706055,0
2022-07-19,4.079999923706055,4.079999923706055,4.079999923706055,4.079999923706055,4.079999923706055,0
2022-07-20,4.070000171661377,4.070000171661377,4.070000171661377,4.070000171661377,4.070000171661377,0
2022-07-21,4.050000190734863,4.050000190734863,4.050000190734863,4.050000190734863,4.050000190734863,0
2022-07-22,4.059999942779541,4.059999942779541,4.070000171661377,4.0,4.0,12000
2022-07-25,4.059999942779541,4.059999942779541,4.059999942779541,4.059999942779541,4.059999942779541,0
2022-07-26,3.9600000381469727,3.9600000381469727,4.039999961853027,3.950000047683716,4.039999961853027,46000
2022-07-27,3.9600000381469727,3.9600000381469727,3.9600000381469727,3.9600000381469727,3.9600000381469727,0
2022-07-28,3.990000009536743,3.990000009536743,3.990000009536743,3.9600000381469727,3.9600000381469727,36000
2022-07-29,3.990000009536743,3.990000009536743,3.990000009536743,3.990000009536743,3.990000009536743,0
2022-08-01,3.950000047683716,3.950000047683716,3.9800000190734863,3.950000047683716,3.9800000190734863,4000
2022-08-02,3.950000047683716,3.950000047683716,3.950000047683716,3.950000047683716,3.950000047683716,0
2022-08-03,3.869999885559082,3.869999885559082,3.9200000762939453,3.8499999046325684,3.990000009536743,32000
2022-08-04,3.9000000953674316,3.9000000953674316,4.0,3.9000000953674316,4.0,8000
2022-08-05,4.0,4.0,4.0,4.0,4.0,24000
2022-08-08,4.0,4.0,4.0,4.0,4.0,0
2022-08-09,4.0,4.0,4.0,4.0,4.0,20000
2022-08-10,4.0,4.0,4.0,3.9700000286102295,4.0,82000
2022-08-11,4.0,4.0,4.0,4.0,4.0,0
2022-08-12,3.990000009536743,3.990000009536743,3.990000009536743,3.990000009536743,3.990000009536743,0
2022-08-15,3.990000009536743,3.990000009536743,3.990000009536743,3.990000009536743,3.990000009536743,0
2022-08-16,4.0,4.0,4.0,4.0,4.0,0
2022-08-17,3.990000009536743,3.990000009536743,3.990000009536743,3.990000009536743,3.990000009536743,0
2022-08-18,3.8499999046325684,3.8499999046325684,3.950000047683716,3.8499999046325684,3.950000047683716,38000
2022-08-19,3.880000114440918,3.880000114440918,3.880000114440918,3.880000114440918,3.880000114440918,0
2022-08-22,3.880000114440918,3.880000114440918,3.880000114440918,3.880000114440918,3.880000114440918,0
2022-08-23,3.880000114440918,3.880000114440918,3.880000114440918,3.880000114440918,3.880000114440918,0
2022-08-24,3.8499999046325684,3.8499999046325684,3.8499999046325684,3.8499999046325684,3.8499999046325684,30000
2022-08-25,3.8499999046325684,3.8499999046325684,3.8499999046325684,3.8499999046325684,3.8499999046325684,4000
2022-08-26,3.990000009536743,3.990000009536743,4.0,3.990000009536743,3.8499999046325684,30000
2022-08-29,3.990000009536743,3.990000009536743,3.990000009536743,3.990000009536743,3.990000009536743,0
2022-08-30,4.0,4.0,4.0,3.680000066757202,3.880000114440918,112000
2022-08-31,3.8499999046325684,3.8499999046325684,3.950000047683716,3.8399999141693115,3.8399999141693115,38000
2022-09-01,3.819999933242798,3.819999933242798,3.880000114440918,3.740000009536743,3.880000114440918,256000
2022-09-02,3.819999933242798,3.819999933242798,3.819999933242798,3.819999933242798,3.819999933242798,0
2022-09-05,3.680000066757202,3.680000066757202,3.75,3.6500000953674316,3.75,20000
2022-09-06,3.700000047683716,3.700000047683716,4.0,3.700000047683716,3.930000066757202,100000
2022-09-07,3.990000009536743,3.990000009536743,4.019999980926514,3.880000114440918,3.880000114440918,380000
2022-09-08,4.03000020980835,4.03000020980835,4.150000095367432,3.75,4.090000152587891,90000
2022-09-09,4.090000152587891,4.090000152587891,4.110000133514404,3.8499999046325684,4.079999923706055,116000
2022-09-13,3.8499999046325684,3.8499999046325684,4.099999904632568,3.75,4.090000152587891,12000
2022-09-14,3.880000114440918,3.880000114440918,3.880000114440918,3.880000114440918,3.880000114440918,0
2022-09-15,3.859999895095825,3.859999895095825,3.859999895095825,3.859999895095825,3.859999895095825,0
2022-09-16,4.070000171661377,4.070000171661377,4.070000171661377,3.859999895095825,3.990000009536743,150000
2022-09-19,4.139999866485596,4.139999866485596,4.139999866485596,3.8499999046325684,4.079999923706055,168000
2022-09-20,4.199999809265137,4.199999809265137,4.199999809265137,3.9000000953674316,4.139999866485596,112000
2022-09-21,4.170000076293945,4.170000076293945,4.179999828338623,4.0,4.139999866485596,152000
2022-09-22,4.079999923706055,4.079999923706055,4.139999866485596,3.950000047683716,4.139999866485596,76000
2022-09-23,4.0,4.0,4.059999942779541,4.0,4.050000190734863,74000
2022-09-26,4.289999961853027,4.289999961853027,4.320000171661377,3.799999952316284,3.8299999237060547,1054000
2022-09-27,4.349999904632568,4.349999904632568,4.349999904632568,4.099999904632568,4.289999961853027,1134000
2022-09-28,4.190000057220459,4.190000057220459,4.380000114440918,4.150000095367432,4.380000114440918,402000
2022-09-29,4.21999979019165,4.21999979019165,4.28000020980835,4.130000114440918,4.130000114440918,303000
2022-09-30,4.110000133514404,4.110000133514404,4.159999847412109,4.110000133514404,4.130000114440918,92000
2022-10-03,4.269999980926514,4.269999980926514,4.269999980926514,3.9200000762939453,4.059999942779541,288000
2022-10-05,4.110000133514404,4.110000133514404,4.110000133514404,4.110000133514404,4.110000133514404,0
2022-10-06,4.110000133514404,4.110000133514404,4.110000133514404,4.110000133514404,4.110000133514404,0
2022-10-07,4.059999942779541,4.059999942779541,4.059999942779541,4.0,4.059999942779541,14000
2022-10-10,4.199999809265137,4.199999809265137,4.300000190734863,4.010000228881836,4.010000228881836,1208000
2022-10-11,4.059999942779541,4.059999942779541,4.199999809265137,4.050000190734863,4.199999809265137,6000
2022-10-12,4.099999904632568,4.099999904632568,4.099999904632568,4.019999980926514,4.019999980926514,10000
2022-10-13,4.099999904632568,4.099999904632568,4.099999904632568,4.099999904632568,4.099999904632568,0
2022-10-14,4.050000190734863,4.050000190734863,4.050000190734863,4.050000190734863,4.050000190734863,0
2022-10-17,4.010000228881836,4.010000228881836,4.010000228881836,3.9600000381469727,4.010000228881836,6000
2022-10-18,3.9800000190734863,3.9800000190734863,4.0,3.9700000286102295,4.0,4000
2022-10-19,3.9800000190734863,3.9800000190734863,3.9800000190734863,3.9800000190734863,3.9800000190734863,0
2022-10-20,4.0,4.0,4.0,3.990000009536743,3.990000009536743,58000
2022-10-21,4.0,4.0,4.0,4.0,4.0,0
2022-10-24,3.8399999141693115,3.8399999141693115,3.930000066757202,3.8399999141693115,3.930000066757202,96000
2022-10-25,3.759999990463257,3.759999990463257,3.8299999237060547,3.759999990463257,3.8299999237060547,70000
2022-10-26,3.740000009536743,3.740000009536743,3.740000009536743,3.740000009536743,3.740000009536743,0
2022-10-27,4.050000190734863,4.050000190734863,4.050000190734863,3.759999990463257,3.950000047683716,320000
2022-10-28,4.010000228881836,4.010000228881836,4.039999961853027,3.7799999713897705,3.8399999141693115,366000
2022-10-31,3.9700000286102295,3.9700000286102295,4.0,3.8299999237060547,3.8299999237060547,116000
2022-11-01,4.010000228881836,4.010000228881836,4.019999980926514,3.869999885559082,3.9000000953674316,920000
2022-11-02,4.150000095367432,4.150000095367432,4.150000095367432,3.8499999046325684,4.010000228881836,1478000
2022-11-03,4.110000133514404,4.110000133514404,4.179999828338623,3.9700000286102295,4.179999828338623,684000
2022-11-04,4.050000190734863,4.050000190734863,4.150000095367432,4.050000190734863,4.119999885559082,138000
2022-11-07,4.25,4.25,4.25,3.9600000381469727,4.0,2482000
2022-11-08,4.070000171661377,4.070000171661377,4.300000190734863,4.070000171661377,4.25,5828000
2022-11-09,4.019999980926514,4.019999980926514,4.070000171661377,4.0,4.0,426000
2022-11-10,3.880000114440918,3.880000114440918,4.019999980926514,3.880000114440918,3.950000047683716,4002000
2022-11-11,3.880000114440918,3.880000114440918,3.880000114440918,3.869999885559082,3.880000114440918,88000
2022-11-14,3.9000000953674316,3.9000000953674316,4.0,3.9000000953674316,3.9200000762939453,76000
2022-11-15,3.930000066757202,3.930000066757202,4.050000190734863,3.9200000762939453,3.9600000381469727,48000
2022-11-16,3.930000066757202,3.930000066757202,3.930000066757202,3.930000066757202,3.930000066757202,0
2022-11-17,3.880000114440918,3.880000114440918,3.890000104904175,3.819999933242798,3.880000114440918,108000
2022-11-18,3.880000114440918,3.880000114440918,3.880000114440918,3.8399999141693115,3.880000114440918,38000
2022-11-21,3.9600000381469727,3.9600000381469727,3.9700000286102295,3.8299999237060547,3.880000114440918,24000
2022-11-22,3.880000114440918,3.880000114440918,3.880000114440918,3.880000114440918,3.880000114440918,0
2022-11-23,3.8499999046325684,3.8499999046325684,3.8499999046325684,3.809999942779541,3.8299999237060547,8000
2022-11-24,3.880000114440918,3.880000114440918,3.880000114440918,3.869999885559082,3.869999885559082,22000
2022-11-25,3.819999933242798,3.819999933242798,3.869999885559082,3.819999933242798,3.869999885559082,22000
2022-11-28,3.869999885559082,3.869999885559082,3.869999885559082,3.799999952316284,3.809999942779541,16000
2022-11-29,3.8499999046325684,3.8499999046325684,3.869999885559082,3.8499999046325684,3.869999885559082,26000
2022-11-30,3.8299999237060547,3.8299999237060547,3.859999895095825,3.809999942779541,3.809999942779541,6000
2022-12-01,3.8299999237060547,3.8299999237060547,3.8299999237060547,3.8299999237060547,3.8299999237060547,0
2022-12-02,3.799999952316284,3.799999952316284,3.819999933242798,3.799999952316284,3.819999933242798,6000
2022-12-05,3.819999933242798,3.819999933242798,3.950000047683716,3.819999933242798,3.859999895095825,46000
2022-12-06,3.9000000953674316,3.9000000953674316,3.9000000953674316,3.819999933242798,3.819999933242798,26000
2022-12-07,3.9100000858306885,3.9100000858306885,3.9100000858306885,3.9100000858306885,3.9100000858306885,18000
2022-12-08,3.9100000858306885,3.9100000858306885,3.9100000858306885,3.9100000858306885,3.9100000858306885,0
2022-12-09,3.869999885559082,3.869999885559082,3.9600000381469727,3.819999933242798,3.930000066757202,66000
2022-12-12,3.9000000953674316,3.9000000953674316,4.0,3.880000114440918,3.990000009536743,118000
2022-12-13,3.9000000953674316,3.9000000953674316,3.9000000953674316,3.9000000953674316,3.9000000953674316,0
2022-12-14,3.9200000762939453,3.9200000762939453,3.930000066757202,3.859999895095825,3.930000066757202,92000
2022-12-15,3.930000066757202,3.930000066757202,3.930000066757202,3.859999895095825,3.930000066757202,54000
2022-12-16,3.930000066757202,3.930000066757202,3.930000066757202,3.930000066757202,3.930000066757202,0
2022-12-19,3.930000066757202,3.930000066757202,3.930000066757202,3.859999895095825,3.930000066757202,10000
2022-12-20,3.930000066757202,3.930000066757202,3.930000066757202,3.930000066757202,3.930000066757202,0
2022-12-21,3.930000066757202,3.930000066757202,3.930000066757202,3.930000066757202,3.930000066757202,0
2022-12-22,3.859999895095825,3.859999895095825,3.9000000953674316,3.8499999046325684,3.9000000953674316,22000
2022-12-23,3.859999895095825,3.859999895095825,3.930000066757202,3.859999895095825,3.930000066757202,8000
2022-12-28,3.859999895095825,3.859999895095825,3.859999895095825,3.859999895095825,3.859999895095825,0
2022-12-29,3.859999895095825,3.859999895095825,3.9000000953674316,3.859999895095825,3.859999895095825,8000
2022-12-30,3.859999895095825,3.859999895095825,3.859999895095825,3.859999895095825,3.859999895095825,0
2023-01-03,3.9000000953674316,3.9000000953674316,3.930000066757202,3.9000000953674316,3.930000066757202,22000
2023-01-04,3.9000000953674316,3.9000000953674316,3.930000066757202,3.9000000953674316,3.9100000858306885,572000
2023-01-05,3.9000000953674316,3.9000000953674316,3.9200000762939453,3.859999895095825,3.859999895095825,308000
2023-01-06,3.9000000953674316,3.9000000953674316,3.9000000953674316,3.9000000953674316,3.9000000953674316,288000
2023-01-09,3.890000104904175,3.890000104904175,3.9000000953674316,3.859999895095825,3.9000000953674316,124000
2023-01-10,3.859999895095825,3.859999895095825,3.9000000953674316,3.8399999141693115,3.880000114440918,292000
2023-01-11,3.8399999141693115,3.8399999141693115,3.869999885559082,3.8399999141693115,3.869999885559082,116000
2023-01-12,3.8399999141693115,3.8399999141693115,3.8399999141693115,3.8399999141693115,3.8399999141693115,32000
2023-01-13,3.869999885559082,3.869999885559082,3.890000104904175,3.869999885559082,3.8299999237060547,28000
2023-01-16,3.880000114440918,3.880000114440918,3.880000114440918,3.8299999237060547,3.8299999237060547,92000
2023-01-17,3.880000114440918,3.880000114440918,3.880000114440918,3.880000114440918,3.880000114440918,10000
2023-01-18,3.880000114440918,3.880000114440918,3.880000114440918,3.880000114440918,3.880000114440918,0
2023-01-19,3.8399999141693115,3.8399999141693115,3.8399999141693115,3.8299999237060547,3.8399999141693115,8000
2023-01-20,3.859999895095825,3.859999895095825,3.859999895095825,3.8399999141693115,3.8399999141693115,132000
2023-01-26,3.869999885559082,3.869999885559082,3.9100000858306885,3.869999885559082,3.859999895095825,26000
2023-01-27,3.880000114440918,3.880000114440918,3.890000104904175,3.809999942779541,3.869999885559082,42000
2023-01-30,3.880000114440918,3.880000114440918,3.880000114440918,3.880000114440918,3.880000114440918,0
2023-01-31,3.890000104904175,3.890000104904175,3.890000104904175,3.890000104904175,3.890000104904175,12000
2023-02-01,3.8399999141693115,3.8399999141693115,3.880000114440918,3.8399999141693115,3.880000114440918,14000
2023-02-02,3.869999885559082,3.869999885559082,3.890000104904175,3.819999933242798,3.8399999141693115,298000
2023-02-03,3.880000114440918,3.880000114440918,3.880000114440918,3.8399999141693115,3.880000114440918,148000
2023-02-06,3.890000104904175,3.890000104904175,3.890000104904175,3.8499999046325684,3.890000104904175,150000
2023-02-07,3.859999895095825,3.859999895095825,3.859999895095825,3.8499999046325684,3.8499999046325684,316000
2023-02-08,3.9700000286102295,3.9700000286102295,4.03000020980835,3.8499999046325684,3.869999885559082,530000
2023-02-09,3.940000057220459,3.940000057220459,3.940000057220459,3.9100000858306885,3.9200000762939453,278000
2023-02-10,3.9200000762939453,3.9200000762939453,3.9200000762939453,3.880000114440918,3.9100000858306885,340000
2023-02-13,3.9200000762939453,3.9200000762939453,3.940000057220459,3.9000000953674316,3.9100000858306885,178000
2023-02-14,3.880000114440918,3.880000114440918,3.930000066757202,3.880000114440918,3.930000066757202,146000
2023-02-15,3.869999885559082,3.869999885559082,3.880000114440918,3.819999933242798,3.880000114440918,250000
2023-02-16,3.859999895095825,3.859999895095825,3.9200000762939453,3.8299999237060547,3.890000104904175,84000
2023-02-17,3.9600000381469727,3.9600000381469727,3.9800000190734863,3.819999933242798,3.8399999141693115,156000
2023-02-20,3.9600000381469727,3.9600000381469727,3.9600000381469727,3.890000104904175,3.930000066757202,186000
2023-02-21,3.930000066757202,3.930000066757202,3.9700000286102295,3.930000066757202,3.9700000286102295,56000
2023-02-22,3.880000114440918,3.880000114440918,3.9100000858306885,3.869999885559082,3.890000104904175,84000
2023-02-23,3.950000047683716,3.950000047683716,3.950000047683716,3.880000114440918,3.9000000953674316,126000
2023-02-24,3.8499999046325684,3.8499999046325684,3.880000114440918,3.8299999237060547,3.880000114440918,98000
2023-02-27,3.8299999237060547,3.8299999237060547,3.869999885559082,3.8299999237060547,3.8299999237060547,18000
2023-02-28,3.8399999141693115,3.8399999141693115,3.869999885559082,3.8299999237060547,3.869999885559082,34000
2023-03-01,3.8499999046325684,3.8499999046325684,3.880000114440918,3.8399999141693115,3.8399999141693115,6000
2023-03-02,3.8499999046325684,3.8499999046325684,3.890000104904175,3.8299999237060547,3.8299999237060547,48000
2023-03-03,3.859999895095825,3.859999895095825,3.880000114440918,3.859999895095825,3.869999885559082,18000
2023-03-06,3.930000066757202,3.930000066757202,3.940000057220459,3.890000104904175,3.890000104904175,38000
2023-03-07,3.940000057220459,3.940000057220459,3.950000047683716,3.9100000858306885,3.9100000858306885,94000
2023-03-08,3.9000000953674316,3.9000000953674316,3.9200000762939453,3.9000000953674316,3.9100000858306885,78000
2023-03-09,3.9000000953674316,3.9000000953674316,3.9000000953674316,3.9000000953674316,3.890000104904175,12000
2023-03-10,3.8499999046325684,3.8499999046325684,3.880000114440918,3.819999933242798,3.869999885559082,100000
2023-03-13,3.880000114440918,3.880000114440918,3.880000114440918,3.700000047683716,3.819999933242798,188000
2023-03-14,3.869999885559082,3.869999885559082,3.880000114440918,3.799999952316284,3.880000114440918,48000
2023-03-15,3.859999895095825,3.859999895095825,3.859999895095825,3.859999895095825,3.859999895095825,0
2023-03-16,3.809999942779541,3.809999942779541,3.819999933242798,3.7699999809265137,3.8299999237060547,16000
2023-03-17,3.859999895095825,3.859999895095825,3.859999895095825,3.799999952316284,3.8499999046325684,52000
2023-03-20,3.8499999046325684,3.8499999046325684,3.9000000953674316,3.8499999046325684,3.880000114440918,114000
2023-03-21,3.9200000762939453,3.9200000762939453,3.9200000762939453,3.880000114440918,3.880000114440918,54000
2023-03-22,3.869999885559082,3.869999885559082,3.869999885559082,3.869999885559082,3.869999885559082,0
2023-03-23,3.8399999141693115,3.8399999141693115,3.8499999046325684,3.819999933242798,3.819999933242798,32000
2023-03-24,3.8399999141693115,3.8399999141693115,3.8399999141693115,3.809999942779541,3.809999942779541,260000
2023-03-27,3.869999885559082,3.869999885559082,3.869999885559082,3.809999942779541,3.819999933242798,16000
2023-03-28,3.869999885559082,3.869999885559082,3.869999885559082,3.8399999141693115,3.8399999141693115,40000
2023-03-29,3.940000057220459,3.940000057220459,3.950000047683716,3.8399999141693115,3.869999885559082,32000
2023-03-30,3.950000047683716,3.950000047683716,3.950000047683716,3.950000047683716,3.950000047683716,130000
2023-03-31,3.990000009536743,3.990000009536743,3.990000009536743,3.9000000953674316,3.950000047683716,106000
2023-04-03,3.9100000858306885,3.9100000858306885,3.990000009536743,3.9000000953674316,3.990000009536743,12000
2023-04-04,3.9700000286102295,3.9700000286102295,3.990000009536743,3.9200000762939453,3.930000066757202,74000
2023-04-06,4.0,4.0,4.0,3.940000057220459,4.0,48000
2023-04-11,4.0,4.0,4.010000228881836,3.950000047683716,4.0,86000
2023-04-12,4.039999961853027,4.039999961853027,4.050000190734863,3.9600000381469727,3.9600000381469727,14000
2023-04-13,4.039999961853027,4.039999961853027,4.039999961853027,4.039999961853027,4.039999961853027,0
2023-04-14,3.9700000286102295,3.9700000286102295,4.050000190734863,3.950000047683716,4.050000190734863,32000
2023-04-17,3.950000047683716,3.950000047683716,3.9700000286102295,3.940000057220459,3.9700000286102295,72000
2023-04-18,4.0,4.0,4.099999904632568,3.950000047683716,3.950000047683716,32000
2023-04-19,4.050000190734863,4.050000190734863,4.050000190734863,3.930000066757202,3.930000066757202,38000
2023-04-20,4.090000152587891,4.090000152587891,4.090000152587891,4.0,4.050000190734863,242000
2023-04-21,4.059999942779541,4.059999942779541,4.059999942779541,3.9800000190734863,4.059999942779541,42000
2023-04-24,4.099999904632568,4.099999904632568,4.170000076293945,4.059999942779541,4.079999923706055,178000
2023-04-25,4.119999885559082,4.119999885559082,4.170000076293945,4.050000190734863,4.050000190734863,116000
2023-04-26,4.150000095367432,4.150000095367432,4.150000095367432,4.050000190734863,4.050000190734863,4000
2023-04-27,4.099999904632568,4.099999904632568,4.099999904632568,4.099999904632568,4.099999904632568,24000
2023-04-28,4.179999828338623,4.179999828338623,4.190000057220459,4.099999904632568,4.099999904632568,12000
2023-05-02,4.210000038146973,4.210000038146973,4.239999771118164,4.139999866485596,4.190000057220459,140000
2023-05-03,4.139999866485596,4.139999866485596,4.159999847412109,4.139999866485596,4.159999847412109,12000
2023-05-04,4.289999961853027,4.289999961853027,4.289999961853027,4.139999866485596,4.239999771118164,246000
2023-05-05,4.369999885559082,4.369999885559082,4.369999885559082,4.25,4.28000020980835,258000
2023-05-08,4.360000133514404,4.360000133514404,4.369999885559082,4.170000076293945,4.369999885559082,280000
2023-05-09,4.349999904632568,4.349999904632568,4.380000114440918,4.260000228881836,4.360000133514404,220000
2023-05-10,4.25,4.25,4.309999942779541,4.239999771118164,4.309999942779541,42000
2023-05-11,4.349999904632568,4.349999904632568,4.349999904632568,4.25,4.25,64000
2023-05-12,4.329999923706055,4.329999923706055,4.329999923706055,4.25,4.25,36000
2023-05-15,4.210000038146973,4.210000038146973,4.260000228881836,4.210000038146973,4.25,128000
2023-05-16,4.260000228881836,4.260000228881836,4.289999961853027,4.179999828338623,4.289999961853027,148000
2023-05-17,4.199999809265137,4.199999809265137,4.199999809265137,4.199999809265137,4.199999809265137,40000
2023-05-18,4.269999980926514,4.269999980926514,4.320000171661377,4.159999847412109,4.260000228881836,82000
2023-05-19,4.230000019073486,4.230000019073486,4.260000228881836,4.199999809265137,4.199999809265137,34000
2023-05-22,4.28000020980835,4.28000020980835,4.309999942779541,4.199999809265137,4.199999809265137,146000
2023-05-23,4.199999809265137,4.199999809265137,4.260000228881836,4.199999809265137,4.210000038146973,20000
2023-05-24,4.099999904632568,4.099999904632568,4.199999809265137,4.099999904632568,4.179999828338623,114000
2023-05-25,4.110000133514404,4.110000133514404,4.199999809265137,4.099999904632568,4.170000076293945,80000
2023-05-29,4.159999847412109,4.159999847412109,4.199999809265137,4.079999923706055,4.190000057220459,96000
2023-05-30,4.159999847412109,4.159999847412109,4.159999847412109,4.079999923706055,4.090000152587891,52000
2023-05-31,4.039999961853027,4.039999961853027,4.099999904632568,4.039999961853027,4.099999904632568,26000
2023-06-01,4.099999904632568,4.099999904632568,4.099999904632568,4.0,4.010000228881836,122000
2023-06-02,4.110000133514404,4.110000133514404,4.119999885559082,4.0,4.010000228881836,200000
2023-06-05,4.119999885559082,4.119999885559082,4.159999847412109,4.010000228881836,4.110000133514404,124000
2023-06-06,4.139999866485596,4.139999866485596,4.139999866485596,4.099999904632568,4.099999904632568,52000
2023-06-07,4.119999885559082,4.119999885559082,4.139999866485596,4.050000190734863,4.139999866485596,134000
2023-06-08,4.110000133514404,4.110000133514404,4.110000133514404,4.110000133514404,4.110000133514404,0
2023-06-09,4.150000095367432,4.150000095367432,4.170000076293945,4.099999904632568,4.099999904632568,840475
2023-06-12,4.179999828338623,4.179999828338623,4.199999809265137,4.099999904632568,4.179999828338623,64000
2023-06-13,4.199999809265137,4.199999809265137,4.199999809265137,4.139999866485596,4.179999828338623,108000
2023-06-14,4.119999885559082,4.119999885559082,4.179999828338623,4.110000133514404,4.179999828338623,37588
2023-06-15,4.199999809265137,4.199999809265137,4.199999809265137,4.139999866485596,4.139999866485596,30000
2023-06-16,4.199999809265137,4.199999809265137,4.199999809265137,4.199999809265137,4.199999809265137,0
2023-06-19,4.179999828338623,4.179999828338623,4.179999828338623,4.179999828338623,4.179999828338623,38000
2023-06-20,4.099999904632568,4.099999904632568,4.119999885559082,4.099999904632568,4.119999885559082,114000
2023-06-21,4.050000190734863,4.050000190734863,4.090000152587891,4.03000020980835,4.090000152587891,42000
2023-06-23,4.0,4.0,4.03000020980835,4.0,4.03000020980835,634000
2023-06-26,4.0,4.0,4.0,3.9700000286102295,4.0,28000
2023-06-27,4.050000190734863,4.050000190734863,4.139999866485596,4.010000228881836,4.139999866485596,112000
2023-06-28,4.059999942779541,4.059999942779541,4.150000095367432,4.050000190734863,4.119999885559082,48000
2023-06-29,4.139999866485596,4.139999866485596,4.139999866485596,4.039999961853027,4.059999942779541,24000
2023-06-30,4.059999942779541,4.059999942779541,4.059999942779541,4.059999942779541,4.059999942779541,12000
2023-07-03,4.059999942779541,4.059999942779541,4.059999942779541,4.059999942779541,4.059999942779541,0
2023-07-04,4.059999942779541,4.059999942779541,4.059999942779541,4.059999942779541,4.059999942779541,10000
2023-07-05,4.119999885559082,4.119999885559082,4.130000114440918,4.059999942779541,4.119999885559082,20000
2023-07-06,4.119999885559082,4.119999885559082,4.119999885559082,4.099999904632568,4.099999904632568,18000
2023-07-07,4.110000133514404,4.110000133514404,4.110000133514404,4.110000133514404,4.110000133514404,0
2023-07-10,4.019999980926514,4.019999980926514,4.059999942779541,4.019999980926514,4.059999942779541,24000
2023-07-11,4.019999980926514,4.019999980926514,4.019999980926514,4.019999980926514,4.019999980926514,0
2023-07-12,4.019999980926514,4.019999980926514,4.019999980926514,4.019999980926514,4.019999980926514,0
2023-07-13,4.0,4.0,4.019999980926514,4.0,4.019999980926514,20000
2023-07-14,4.0,4.0,4.079999923706055,4.0,4.070000171661377,80000
2023-07-18,3.9800000190734863,3.9800000190734863,4.050000190734863,3.9800000190734863,3.9800000190734863,24000
2023-07-19,3.9700000286102295,3.9700000286102295,3.9700000286102295,3.9700000286102295,3.9700000286102295,4000
2023-07-20,3.9700000286102295,3.9700000286102295,4.010000228881836,3.9700000286102295,3.9700000286102295,68000
2023-07-21,3.9700000286102295,3.9700000286102295,3.9700000286102295,3.9700000286102295,3.9700000286102295,22000
2023-07-24,3.950000047683716,3.950000047683716,3.9700000286102295,3.880000114440918,3.9700000286102295,150000
2023-07-25,4.010000228881836,4.010000228881836,4.050000190734863,3.950000047683716,3.950000047683716,146000
2023-07-26,4.019999980926514,4.019999980926514,4.019999980926514,4.019999980926514,4.019999980926514,0
2023-07-27,4.090000152587891,4.090000152587891,4.090000152587891,4.019999980926514,4.019999980926514,20000
2023-07-28,4.119999885559082,4.119999885559082,4.130000114440918,4.099999904632568,4.099999904632568,84000
2023-07-31,4.010000228881836,4.010000228881836,4.25,4.010000228881836,4.139999866485596,706000
2023-08-01,4.070000171661377,4.070000171661377,4.070000171661377,4.070000171661377,4.070000171661377,0
2023-08-02,4.099999904632568,4.099999904632568,4.130000114440918,4.119999885559082,4.119999885559082,10000
2023-08-03,4.010000228881836,4.010000228881836,4.010000228881836,4.0,4.010000228881836,286000
2023-08-04,4.059999942779541,4.059999942779541,4.139999866485596,4.059999942779541,4.119999885559082,62000
2023-08-07,4.050000190734863,4.050000190734863,4.059999942779541,3.9600000381469727,4.0,52000
2023-08-08,3.9800000190734863,3.9800000190734863,4.050000190734863,3.9800000190734863,4.010000228881836,330000
2023-08-09,4.119999885559082,4.119999885559082,4.130000114440918,3.9800000190734863,3.9800000190734863,1030000
2023-08-10,4.130000114440918,4.130000114440918,4.170000076293945,4.119999885559082,4.130000114440918,104000
2023-08-11,4.099999904632568,4.099999904632568,4.119999885559082,4.050000190734863,4.079999923706055,150000
2023-08-14,4.090000152587891,4.090000152587891,4.090000152587891,4.090000152587891,4.090000152587891,0
2023-08-15,4.03000020980835,4.03000020980835,4.079999923706055,4.03000020980835,4.079999923706055,136000
2023-08-16,3.9600000381469727,3.9600000381469727,4.039999961853027,3.9600000381469727,4.03000020980835,120879
2023-08-17,4.039999961853027,4.039999961853027,4.070000171661377,3.9700000286102295,3.9700000286102295,1132000
2023-08-18,3.9700000286102295,3.9700000286102295,4.010000228881836,3.9700000286102295,4.010000228881836,45477
2023-08-21,3.9700000286102295,3.9700000286102295,4.070000171661377,3.9700000286102295,4.070000171661377,270000
2023-08-22,3.990000009536743,3.990000009536743,4.0,3.950000047683716,3.990000009536743,1032000
2023-08-23,4.0,4.0,4.039999961853027,3.9700000286102295,3.990000009536743,68000
2023-08-24,4.039999961853027,4.039999961853027,4.039999961853027,4.0,4.0,22000
2023-08-25,4.03000020980835,4.03000020980835,4.099999904632568,4.010000228881836,4.050000190734863,84000
2023-08-28,4.059999942779541,4.059999942779541,4.099999904632568,3.9700000286102295,4.099999904632568,102000
2023-08-29,4.099999904632568,4.099999904632568,4.099999904632568,4.099999904632568,4.099999904632568,42000
2023-08-30,4.099999904632568,4.099999904632568,4.099999904632568,4.099999904632568,4.099999904632568,4000
2023-08-31,4.110000133514404,4.110000133514404,4.110000133514404,4.099999904632568,4.099999904632568,10000
2023-09-04,4.150000095367432,4.150000095367432,4.150000095367432,4.0,4.0,1464000
2023-09-05,4.190000057220459,4.190000057220459,4.190000057220459,4.130000114440918,4.159999847412109,184000
2023-09-06,4.230000019073486,4.230000019073486,4.25,4.119999885559082,4.150000095367432,516000
2023-09-07,4.179999828338623,4.179999828338623,4.179999828338623,4.179999828338623,4.179999828338623,0
2023-09-11,4.25,4.25,4.25,4.179999828338623,4.190000057220459,46000
2023-09-12,4.239999771118164,4.239999771118164,4.239999771118164,4.190000057220459,4.199999809265137,134000
2023-09-13,4.239999771118164,4.239999771118164,4.239999771118164,4.190000057220459,4.239999771118164,16000
2023-09-14,4.159999847412109,4.159999847412109,4.230000019073486,4.150000095367432,4.230000019073486,4000
2023-09-15,4.230000019073486,4.230000019073486,4.239999771118164,4.179999828338623,4.190000057220459,50000
2023-09-18,4.159999847412109,4.159999847412109,4.210000038146973,4.159999847412109,4.210000038146973,60000
2023-09-19,4.170000076293945,4.170000076293945,4.170000076293945,4.159999847412109,4.170000076293945,32000
2023-09-20,4.130000114440918,4.130000114440918,4.130000114440918,4.130000114440918,4.130000114440918,10000
2023-09-21,4.079999923706055,4.079999923706055,4.079999923706055,4.059999942779541,4.079999923706055,76000
2023-09-22,4.050000190734863,4.050000190734863,4.119999885559082,4.050000190734863,4.119999885559082,130000
2023-09-25,4.039999961853027,4.039999961853027,4.059999942779541,4.039999961853027,4.050000190734863,78000
2023-09-26,4.019999980926514,4.019999980926514,4.050000190734863,4.010000228881836,4.039999961853027,114000
2023-09-27,4.019999980926514,4.019999980926514,4.019999980926514,3.9700000286102295,3.9700000286102295,42000
2023-09-28,4.0,4.0,4.03000020980835,3.9600000381469727,4.019999980926514,28000
2023-09-29,4.099999904632568,4.099999904632568,4.099999904632568,4.0,4.0,14000
2023-10-03,4.110000133514404,4.110000133514404,4.110000133514404,4.110000133514404,4.110000133514404,0
2023-10-04,4.039999961853027,4.039999961853027,4.039999961853027,4.039999961853027,4.039999961853027,6000
2023-10-05,4.0,4.0,4.019999980926514,4.0,4.019999980926514,29300
2023-10-06,3.990000009536743,3.990000009536743,4.010000228881836,3.9800000190734863,4.010000228881836,36000
2023-10-09,3.990000009536743,3.990000009536743,4.0,3.9600000381469727,4.0,4000
2023-10-10,3.9700000286102295,3.9700000286102295,3.990000009536743,3.950000047683716,3.990000009536743,16000
2023-10-11,4.079999923706055,4.079999923706055,4.079999923706055,4.059999942779541,4.059999942779541,4000
2023-10-12,4.0,4.0,4.0,4.0,4.0,0
2023-10-13,3.9600000381469727,3.9600000381469727,3.990000009536743,3.9600000381469727,3.990000009536743,56000
2023-10-16,3.9700000286102295,3.9700000286102295,4.0,3.9700000286102295,4.0,28000
2023-10-17,3.9700000286102295,3.9700000286102295,4.0,3.9700000286102295,4.0,18000
2023-10-18,3.9600000381469727,3.9600000381469727,4.0,3.9600000381469727,4.0,26000
2023-10-19,3.9100000858306885,3.9100000858306885,3.9100000858306885,3.9100000858306885,3.9100000858306885,0
2023-10-20,3.9800000190734863,3.9800000190734863,3.990000009536743,3.9100000858306885,3.9600000381469727,36000
2023-10-24,3.9800000190734863,3.9800000190734863,3.9800000190734863,3.9600000381469727,3.9700000286102295,74000
2023-10-25,3.990000009536743,3.990000009536743,3.990000009536743,3.9700000286102295,3.9800000190734863,62650
2023-10-26,3.940000057220459,3.940000057220459,3.940000057220459,3.940000057220459,3.9200000762939453,16000
2023-10-27,3.940000057220459,3.940000057220459,3.940000057220459,3.940000057220459,3.940000057220459,0
2023-10-30,3.9100000858306885,3.9100000858306885,3.9600000381469727,3.9100000858306885,3.9600000381469727,16000
2023-10-31,3.9100000858306885,3.9100000858306885,3.940000057220459,3.9100000858306885,3.9100000858306885,8000
2023-11-01,3.859999895095825,3.859999895095825,3.9200000762939453,3.859999895095825,3.9200000762939453,98000
2023-11-02,3.859999895095825,3.859999895095825,3.859999895095825,3.8499999046325684,3.859999895095825,25878
2023-11-03,3.8499999046325684,3.8499999046325684,3.9000000953674316,3.8299999237060547,3.8499999046325684,36000
2023-11-06,3.880000114440918,3.880000114440918,3.9000000953674316,3.8499999046325684,3.8499999046325684,1140000
2023-11-07,3.880000114440918,3.880000114440918,3.930000066757202,3.880000114440918,3.9100000858306885,1266000
2023-11-08,3.9000000953674316,3.9000000953674316,3.9000000953674316,3.890000104904175,3.890000104904175,28000
2023-11-09,3.9000000953674316,3.9000000953674316,3.9000000953674316,3.9000000953674316,3.9000000953674316,0
2023-11-10,3.819999933242798,3.819999933242798,3.819999933242798,3.819999933242798,3.819999933242798,12000
2023-11-13,3.8399999141693115,3.8399999141693115,3.8499999046325684,3.819999933242798,3.8299999237060547,74000
2023-11-14,3.8399999141693115,3.8399999141693115,3.8399999141693115,3.8399999141693115,3.8399999141693115,0
2023-11-15,3.9000000953674316,3.9000000953674316,3.9000000953674316,3.809999942779541,3.9000000953674316,1346000
2023-11-16,3.8299999237060547,3.8299999237060547,3.9000000953674316,3.8299999237060547,3.890000104904175,1636000
2023-11-17,4.079999923706055,4.079999923706055,4.079999923706055,3.880000114440918,3.880000114440918,248000
2023-11-20,3.940000057220459,3.940000057220459,4.059999942779541,3.9100000858306885,4.059999942779541,6000
2023-11-21,4.159999847412109,4.159999847412109,4.179999828338623,4.0,4.070000171661377,282000
2023-11-22,4.159999847412109,4.159999847412109,4.159999847412109,4.099999904632568,4.159999847412109,18000
2023-11-23,4.099999904632568,4.099999904632568,4.179999828338623,4.010000228881836,4.150000095367432,114000
2023-11-24,4.099999904632568,4.099999904632568,4.099999904632568,4.099999904632568,4.099999904632568,8000
2023-11-27,4.039999961853027,4.039999961853027,4.110000133514404,4.039999961853027,4.050000190734863,22000
2023-11-28,4.039999961853027,4.039999961853027,4.039999961853027,4.039999961853027,4.039999961853027,0
2023-11-29,4.039999961853027,4.039999961853027,4.039999961853027,4.039999961853027,4.039999961853027,0
2023-11-30,4.099999904632568,4.099999904632568,4.139999866485596,4.059999942779541,4.059999942779541,56000
2023-12-01,4.019999980926514,4.019999980926514,4.099999904632568,4.019999980926514,4.059999942779541,14000
2023-12-04,3.9600000381469727,3.9600000381469727,3.9200000762939453,3.9200000762939453,4.0,24000
2023-12-05,4.090000152587891,4.090000152587891,4.099999904632568,4.0,4.099999904632568,1476000
2023-12-06,4.03000020980835,4.03000020980835,4.139999866485596,3.940000057220459,4.090000152587891,1393740
2023-12-07,4.150000095367432,4.150000095367432,4.179999828338623,4.039999961853027,4.039999961853027,1416000
2023-12-08,4.150000095367432,4.150000095367432,4.179999828338623,4.150000095367432,4.150000095367432,36000
2023-12-11,4.150000095367432,4.150000095367432,4.170000076293945,4.110000133514404,4.150000095367432,378000
2023-12-12,4.099999904632568,4.099999904632568,4.179999828338623,4.059999942779541,4.179999828338623,46000
2023-12-13,4.150000095367432,4.150000095367432,4.179999828338623,4.099999904632568,4.110000133514404,214000
2023-12-14,4.179999828338623,4.179999828338623,4.179999828338623,4.159999847412109,4.179999828338623,168000
2023-12-15,4.25,4.25,4.300000190734863,4.179999828338623,4.179999828338623,572000
2023-12-18,4.599999904632568,4.599999904632568,4.699999809265137,4.289999961853027,4.289999961853027,1684000
2023-12-19,4.519999980926514,4.519999980926514,4.639999866485596,4.5,4.639999866485596,136000
2023-12-20,4.590000152587891,4.590000152587891,4.599999904632568,4.53000020980835,4.53000020980835,26000
2023-12-21,4.619999885559082,4.619999885559082,4.650000095367432,4.559999942779541,4.559999942779541,112000
2023-12-22,4.690000057220459,4.690000057220459,4.690000057220459,4.550000190734863,4.619999885559082,238000
2023-12-27,4.699999809265137,4.699999809265137,4.730000019073486,4.690000057220459,4.690000057220459,372000
2023-12-28,4.71999979019165,4.71999979019165,4.760000228881836,4.690000057220459,4.699999809265137,244000
2023-12-29,4.739999771118164,4.739999771118164,4.78000020980835,4.710000038146973,4.739999771118164,244000
2024-01-02,4.639999866485596,4.639999866485596,4.699999809265137,4.559999942779541,4.699999809265137,102000
2024-01-03,4.679999828338623,4.679999828338623,4.679999828338623,4.679999828338623,4.679999828338623,0
2024-01-04,4.670000076293945,4.670000076293945,4.679999828338623,4.659999847412109,4.679999828338623,16000
2024-01-05,4.630000114440918,4.630000114440918,4.630000114440918,4.630000114440918,4.630000114440918,20000
2024-01-08,4.539999961853027,4.539999961853027,4.630000114440918,4.420000076293945,4.610000133514404,164000
2024-01-09,4.510000228881836,4.510000228881836,4.519999980926514,4.46999979019165,4.480000019073486,84000
2024-01-10,4.5,4.5,4.510000228881836,4.420000076293945,4.510000228881836,68000
2024-01-11,4.400000095367432,4.400000095367432,4.400000095367432,4.380000114440918,4.46999979019165,30000
2024-01-12,4.460000038146973,4.460000038146973,4.46999979019165,4.400000095367432,4.400000095367432,54000
2024-01-15,4.440000057220459,4.440000057220459,4.539999961853027,4.400000095367432,4.400000095367432,86000
2024-01-16,4.480000019073486,4.480000019073486,4.480000019073486,4.400000095367432,4.440000057220459,90000
2024-01-17,4.440000057220459,4.440000057220459,4.449999809265137,4.380000114440918,4.440000057220459,142000
2024-01-18,4.429999828338623,4.429999828338623,4.440000057220459,4.260000228881836,4.440000057220459,72000
2024-01-19,4.400000095367432,4.400000095367432,4.460000038146973,4.429999828338623,4.440000057220459,26000
2024-01-22,4.340000152587891,4.340000152587891,4.400000095367432,4.269999980926514,4.400000095367432,68000
2024-01-23,4.300000190734863,4.300000190734863,4.400000095367432,4.300000190734863,4.400000095367432,136000
2024-01-24,4.179999828338623,4.179999828338623,4.300000190734863,4.179999828338623,4.300000190734863,104000
2024-01-25,4.099999904632568,4.099999904632568,4.25,4.099999904632568,4.190000057220459,368000
2024-01-26,4.260000228881836,4.260000228881836,4.260000228881836,4.260000228881836,4.260000228881836,0
2024-01-29,4.260000228881836,4.260000228881836,4.309999942779541,4.260000228881836,4.309999942779541,20000
2024-01-30,4.260000228881836,4.260000228881836,4.260000228881836,4.239999771118164,4.239999771118164,38000
2024-01-31,4.25,4.25,4.429999828338623,4.25,4.25,54000
2024-02-01,4.190000057220459,4.190000057220459,4.269999980926514,4.130000114440918,4.179999828338623,66000
2024-02-02,4.159999847412109,4.159999847412109,4.159999847412109,4.119999885559082,4.119999885559082,30000
2024-02-05,4.090000152587891,4.090000152587891,4.090000152587891,4.050000190734863,4.050000190734863,10000
2024-02-06,4.170000076293945,4.170000076293945,4.190000057220459,4.099999904632568,4.110000133514404,68000
2024-02-07,4.179999828338623,4.179999828338623,4.179999828338623,4.159999847412109,4.170000076293945,32000
2024-02-08,4.170000076293945,4.170000076293945,4.170000076293945,4.170000076293945,4.170000076293945,0
2024-02-09,4.260000228881836,4.260000228881836,4.28000020980835,4.170000076293945,4.25,60000
2024-02-14,4.159999847412109,4.159999847412109,4.179999828338623,4.03000020980835,4.03000020980835,60000
2024-02-15,4.099999904632568,4.099999904632568,4.119999885559082,3.940000057220459,4.019999980926514,172000
2024-02-16,4.130000114440918,4.130000114440918,4.130000114440918,4.0,4.0,86000
2024-02-19,4.130000114440918,4.130000114440918,4.130000114440918,4.0,4.0,34000
2024-02-20,4.139999866485596,4.139999866485596,4.150000095367432,4.03000020980835,4.119999885559082,50000
2024-02-21,4.150000095367432,4.150000095367432,4.179999828338623,4.139999866485596,4.139999866485596,82000
2024-02-22,4.159999847412109,4.159999847412109,4.159999847412109,4.159999847412109,4.159999847412109,0
2024-02-23,4.059999942779541,4.059999942779541,4.079999923706055,4.059999942779541,4.070000171661377,58000
2024-02-26,4.050000190734863,4.050000190734863,4.050000190734863,4.050000190734863,4.050000190734863,0
2024-02-27,4.019999980926514,4.019999980926514,4.050000190734863,4.010000228881836,4.050000190734863,32000
2024-02-28,4.019999980926514,4.019999980926514,4.079999923706055,3.990000009536743,4.019999980926514,102000
2024-02-29,4.019999980926514,4.019999980926514,4.019999980926514,4.010000228881836,4.019999980926514,116000
2024-03-01,4.050000190734863,4.050000190734863,4.050000190734863,4.050000190734863,4.050000190734863,6000
2024-03-04,4.050000190734863,4.050000190734863,4.050000190734863,4.010000228881836,4.050000190734863,58000
2024-03-05,4.019999980926514,4.019999980926514,4.050000190734863,4.010000228881836,4.019999980926514,62000
2024-03-06,4.019999980926514,4.019999980926514,4.019999980926514,3.9600000381469727,3.9600000381469727,48000
2024-03-07,4.019999980926514,4.019999980926514,4.039999961853027,4.019999980926514,4.039999961853027,14000
2024-03-08,4.039999961853027,4.039999961853027,4.050000190734863,4.019999980926514,4.019999980926514,44000
2024-03-11,4.079999923706055,4.079999923706055,4.079999923706055,4.0,4.039999961853027,46000
2024-03-12,4.099999904632568,4.099999904632568,4.099999904632568,4.059999942779541,4.059999942779541,64000
2024-03-13,4.099999904632568,4.099999904632568,4.099999904632568,4.099999904632568,4.099999904632568,4000
2024-03-14,4.079999923706055,4.079999923706055,4.079999923706055,4.0,4.0,72328
2024-03-15,4.019999980926514,4.019999980926514,4.070000171661377,4.019999980926514,4.070000171661377,28000
2024-03-18,4.059999942779541,4.059999942779541,4.079999923706055,4.019999980926514,4.019999980926514,58000
2024-03-19,4.0,4.0,4.079999923706055,3.990000009536743,4.070000171661377,84000
2024-03-20,4.0,4.0,4.0,4.0,4.0,0
2024-03-21,4.03000020980835,4.03000020980835,4.050000190734863,4.03000020980835,4.050000190734863,4000
2024-03-22,4.03000020980835,4.03000020980835,4.03000020980835,4.03000020980835,4.03000020980835,0
2024-03-25,4.0,4.0,4.050000190734863,4.0,4.050000190734863,16000
2024-03-26,3.9600000381469727,3.9600000381469727,4.019999980926514,3.9600000381469727,3.9800000190734863,78000
2024-03-27,3.9600000381469727,3.9600000381469727,4.010000228881836,3.950000047683716,4.0,22000
2024-03-28,3.9700000286102295,3.9700000286102295,4.059999942779541,3.9700000286102295,4.010000228881836,74000
2024-04-02,4.050000190734863,4.050000190734863,4.079999923706055,4.010000228881836,4.010000228881836,178000
2024-04-03,4.079999923706055,4.079999923706055,4.079999923706055,4.050000190734863,4.050000190734863,114000
2024-04-05,4.059999942779541,4.059999942779541,4.059999942779541,4.059999942779541,4.059999942779541,0
2024-04-08,4.21999979019165,4.21999979019165,4.300000190734863,4.099999904632568,4.099999904632568,354000
2024-04-09,4.309999942779541,4.309999942779541,4.349999904632568,4.28000020980835,4.300000190734863,136000
2024-04-10,4.300000190734863,4.300000190734863,4.380000114440918,4.289999961853027,4.349999904632568,276146
2024-04-11,4.5,4.5,4.570000171661377,4.300000190734863,4.400000095367432,854000
2024-04-12,5.079999923706055,5.079999923706055,5.119999885559082,4.590000152587891,4.599999904632568,3472000
2024-04-15,5.070000171661377,5.070000171661377,5.260000228881836,4.900000095367432,5.079999923706055,1350131
2024-04-16,5.079999923706055,5.079999923706055,5.130000114440918,4.900000095367432,4.960000038146973,294000
2024-04-17,5.079999923706055,5.079999923706055,5.119999885559082,5.050000190734863,5.119999885559082,434000
2024-04-18,5.050000190734863,5.050000190734863,5.079999923706055,4.949999809265137,5.079999923706055,452000
2024-04-19,5.179999828338623,5.179999828338623,5.179999828338623,5.0,5.050000190734863,714000
2024-04-22,5.190000057220459,5.190000057220459,5.230000019073486,5.159999847412109,5.199999809265137,504000
2024-04-23,5.190000057220459,5.190000057220459,5.21999979019165,5.179999828338623,5.179999828338623,313000
2024-04-24,5.21999979019165,5.21999979019165,5.25,5.199999809265137,5.199999809265137,220000
2024-04-25,5.320000171661377,5.320000171661377,5.340000152587891,5.179999828338623,5.179999828338623,587000
2024-04-26,5.309999942779541,5.309999942779541,5.349999904632568,5.239999771118164,5.349999904632568,137000
2024-04-29,5.309999942779541,5.309999942779541,5.400000095367432,5.190000057220459,5.329999923706055,966000
2024-04-30,5.110000133514404,5.110000133514404,5.309999942779541,5.079999923706055,5.309999942779541,240000
2024-05-02,5.0,5.0,5.099999904632568,4.860000133514404,5.099999904632568,232000
2024-05-03,5.239999771118164,5.239999771118164,5.369999885559082,4.940000057220459,4.980000019073486,963370
2024-05-06,5.320000171661377,5.320000171661377,5.519999980926514,5.25,5.25,440000
2024-05-07,5.289999961853027,5.289999961853027,5.400000095367432,5.239999771118164,5.400000095367432,16781
2024-05-08,5.179999828338623,5.179999828338623,5.329999923706055,5.179999828338623,5.28000020980835,50000
2024-05-09,5.230000019073486,5.230000019073486,5.300000190734863,5.150000095367432,5.150000095367432,27209
2024-05-10,5.210000038146973,5.210000038146973,5.28000020980835,5.210000038146973,5.25,108000
2024-05-13,5.179999828338623,5.179999828338623,5.210000038146973,5.150000095367432,5.150000095367432,66000
2024-05-14,5.21999979019165,5.21999979019165,5.21999979019165,5.21999979019165,5.21999979019165,2000
2024-05-16,5.230000019073486,5.230000019073486,5.269999980926514,5.159999847412109,5.190000057220459,94000
2024-05-17,5.150000095367432,5.150000095367432,5.349999904632568,5.150000095367432,5.21999979019165,302000
2024-05-20,5.199999809265137,5.199999809265137,5.329999923706055,5.159999847412109,5.159999847412109,346000
2024-05-21,5.239999771118164,5.239999771118164,5.25,5.199999809265137,5.199999809265137,50000
2024-05-22,5.099999904632568,5.099999904632568,5.199999809265137,5.099999904632568,5.199999809265137,42000
2024-05-23,5.079999923706055,5.079999923706055,5.179999828338623,5.050000190734863,5.179999828338623,149515
2024-05-24,5.010000228881836,5.010000228881836,5.110000133514404,5.010000228881836,5.110000133514404,60000
2024-05-27,4.949999809265137,4.949999809265137,5.019999980926514,4.900000095367432,5.0,144000
2024-05-28,5.0,5.0,5.010000228881836,4.949999809265137,4.949999809265137,66000
2024-05-29,4.96999979019165,4.96999979019165,4.96999979019165,4.96999979019165,4.96999979019165,0
2024-05-30,5.0,5.0,5.0,5.0,5.0,0
2024-05-31,5.039999961853027,5.039999961853027,5.039999961853027,4.900000095367432,5.0,324000
2024-06-03,4.909999847412109,4.909999847412109,4.920000076293945,4.869999885559082,4.869999885559082,14000
2024-06-04,4.860000133514404,4.860000133514404,4.860000133514404,4.860000133514404,4.860000133514404,20000
2024-06-05,4.760000228881836,4.760000228881836,4.760000228881836,4.760000228881836,4.760000228881836,0
2024-06-06,4.849999904632568,4.849999904632568,4.840000152587891,4.71999979019165,4.730000019073486,520000
2024-06-07,4.800000190734863,4.800000190734863,4.800000190734863,4.800000190734863,4.800000190734863,12000
2024-06-11,4.940000057220459,4.940000057220459,4.940000057220459,4.940000057220459,4.940000057220459,0
2024-06-12,4.940000057220459,4.940000057220459,4.940000057220459,4.940000057220459,4.940000057220459,0
2024-06-13,4.840000152587891,4.840000152587891,4.880000114440918,4.71999979019165,4.880000114440918,60000
2024-06-14,5.059999942779541,5.059999942779541,5.210000038146973,4.929999828338623,4.929999828338623,32000
2024-06-17,5.039999961853027,5.039999961853027,5.199999809265137,5.0,5.0,36000
2024-06-18,4.940000057220459,4.940000057220459,4.940000057220459,4.789999961853027,4.789999961853027,4000
2024-06-19,4.900000095367432,4.900000095367432,4.900000095367432,4.900000095367432,4.900000095367432,0
2024-06-20,4.900000095367432,4.900000095367432,4.900000095367432,4.900000095367432,4.900000095367432,0
2024-06-21,4.900000095367432,4.900000095367432,4.900000095367432,4.900000095367432,4.900000095367432,0
2024-06-24,4.909999847412109,4.909999847412109,4.929999828338623,4.900000095367432,4.900000095367432,4000
2024-06-25,4.820000171661377,4.820000171661377,4.960000038146973,4.820000171661377,4.949999809265137,12000
2024-06-26,4.949999809265137,4.949999809265137,4.980000019073486,4.71999979019165,4.71999979019165,186000
2024-06-27,5.0,5.0,5.0,5.0,5.0,24000
2024-06-28,4.900000095367432,4.900000095367432,4.900000095367432,4.800000190734863,4.889999866485596,172000
2024-07-02,4.900000095367432,4.900000095367432,4.900000095367432,4.880000114440918,4.900000095367432,190000
2024-07-03,4.989999771118164,4.989999771118164,4.989999771118164,4.860000133514404,4.920000076293945,200000
2024-07-04,5.0,5.0,5.170000076293945,4.909999847412109,4.989999771118164,176000
2024-07-05,5.070000171661377,5.070000171661377,5.150000095367432,5.0,5.0,160000
2024-07-08,5.070000171661377,5.070000171661377,5.079999923706055,5.03000020980835,5.050000190734863,452000
2024-07-09,5.0,5.0,5.070000171661377,4.840000152587891,5.070000171661377,90000
2024-07-10,4.940000057220459,4.940000057220459,4.940000057220459,4.900000095367432,4.909999847412109,40000
2024-07-11,4.900000095367432,4.900000095367432,4.940000057220459,4.550000190734863,4.929999828338623,120000
2024-07-12,4.900000095367432,4.900000095367432,4.900000095367432,4.900000095367432,4.900000095367432,0
2024-07-15,4.900000095367432,4.900000095367432,4.849999904632568,4.849999904632568,4.849999904632568,2000
2024-07-16,4.900000095367432,4.900000095367432,4.900000095367432,4.900000095367432,4.900000095367432,0
2024-07-17,4.900000095367432,4.900000095367432,4.900000095367432,4.900000095367432,4.900000095367432,0
2024-07-18,4.860000133514404,4.860000133514404,4.860000133514404,4.769999980926514,4.820000171661377,74000
2024-07-19,4.860000133514404,4.860000133514404,4.860000133514404,4.860000133514404,4.860000133514404,0
2024-07-22,4.849999904632568,4.849999904632568,4.860000133514404,4.789999961853027,4.860000133514404,1248000
2024-07-23,4.800000190734863,4.800000190734863,4.800000190734863,4.800000190734863,4.800000190734863,1314000
2024-07-24,4.769999980926514,4.769999980926514,4.800000190734863,4.769999980926514,4.800000190734863,1294000
2024-07-25,4.78000020980835,4.78000020980835,4.78000020980835,4.659999847412109,4.769999980926514,50000
2024-07-26,4.71999979019165,4.71999979019165,4.849999904632568,4.670000076293945,4.789999961853027,106000
2024-07-29,4.670000076293945,4.670000076293945,4.699999809265137,4.650000095367432,4.71999979019165,14000
2024-07-30,4.860000133514404,4.860000133514404,4.860000133514404,4.739999771118164,4.789999961853027,2238000
2024-07-31,4.860000133514404,4.860000133514404,4.860000133514404,4.860000133514404,4.860000133514404,0
2024-08-01,4.699999809265137,4.699999809265137,4.829999923706055,4.599999904632568,4.809999942779541,200000
2024-08-02,4.699999809265137,4.699999809265137,4.699999809265137,4.599999904632568,4.599999904632568,34000
2024-08-05,4.559999942779541,4.559999942779541,4.559999942779541,4.550000190734863,4.559999942779541,40000
2024-08-06,4.570000171661377,4.570000171661377,4.570000171661377,4.570000171661377,4.570000171661377,2000
2024-08-07,4.610000133514404,4.610000133514404,4.610000133514404,4.53000020980835,4.570000171661377,54000
2024-08-08,4.610000133514404,4.610000133514404,4.619999885559082,4.539999961853027,4.619999885559082,24000
2024-08-09,4.579999923706055,4.579999923706055,4.610000133514404,4.579999923706055,4.610000133514404,16000
2024-08-12,4.539999961853027,4.539999961853027,4.550000190734863,4.53000020980835,4.550000190734863,8000
2024-08-13,4.579999923706055,4.579999923706055,4.699999809265137,4.510000228881836,4.639999866485596,38000
2024-08-14,4.579999923706055,4.579999923706055,4.570000171661377,4.510000228881836,4.579999923706055,38000
2024-08-15,4.53000020980835,4.53000020980835,4.579999923706055,4.53000020980835,4.539999961853027,38000
2024-08-16,4.579999923706055,4.579999923706055,4.550000190734863,4.539999961853027,4.550000190734863,20000
2024-08-19,4.599999904632568,4.599999904632568,4.599999904632568,4.539999961853027,4.579999923706055,68000
2024-08-20,4.539999961853027,4.539999961853027,4.590000152587891,4.5,4.590000152587891,30000
2024-08-21,4.480000019073486,4.480000019073486,4.519999980926514,4.449999809265137,4.519999980926514,144000
2024-08-22,4.519999980926514,4.519999980926514,4.519999980926514,4.510000228881836,4.510000228881836,50000
2024-08-23,4.519999980926514,4.519999980926514,4.519999980926514,4.519999980926514,4.519999980926514,0
2024-08-26,4.460000038146973,4.460000038146973,4.5,4.400000095367432,4.440000057220459,38000
2024-08-27,4.449999809265137,4.449999809265137,4.449999809265137,4.28000020980835,4.269999980926514,66000
2024-08-28,4.329999923706055,4.329999923706055,4.400000095367432,4.199999809265137,4.28000020980835,70000
2024-08-29,4.340000152587891,4.340000152587891,4.340000152587891,4.340000152587891,4.340000152587891,2000
2024-08-30,4.360000133514404,4.360000133514404,4.400000095367432,4.119999885559082,4.21999979019165,138000
2024-09-02,4.449999809265137,4.449999809265137,4.449999809265137,4.21999979019165,4.440000057220459,40000
2024-09-03,4.340000152587891,4.340000152587891,4.360000133514404,4.25,4.28000020980835,82000
2024-09-04,4.340000152587891,4.340000152587891,4.340000152587891,4.340000152587891,4.340000152587891,0
2024-09-05,4.289999961853027,4.289999961853027,4.429999828338623,4.230000019073486,4.429999828338623,34000
2024-09-09,4.289999961853027,4.289999961853027,4.289999961853027,4.289999961853027,4.289999961853027,0
2024-09-10,4.269999980926514,4.269999980926514,4.269999980926514,4.269999980926514,4.269999980926514,0
2024-09-11,4.230000019073486,4.230000019073486,4.28000020980835,4.139999866485596,4.239999771118164,216000
2024-09-12,4.25,4.25,4.25,4.139999866485596,4.199999809265137,128000
2024-09-13,4.25,4.25,4.25,4.25,4.25,0
2024-09-16,4.25,4.25,4.25,4.25,4.25,0
2024-09-17,4.21999979019165,4.21999979019165,4.25,4.159999847412109,4.239999771118164,10000
2024-09-19,4.260000228881836,4.260000228881836,4.309999942779541,4.210000038146973,4.21999979019165,32000
2024-09-20,4.389999866485596,4.389999866485596,4.389999866485596,4.190000057220459,4.260000228881836,58000
2024-09-23,4.380000114440918,4.380000114440918,4.420000076293945,4.340000152587891,4.389999866485596,42000
2024-09-24,4.309999942779541,4.309999942779541,4.329999923706055,4.260000228881836,4.309999942779541,66000
2024-09-25,4.300000190734863,4.300000190734863,4.389999866485596,4.300000190734863,4.320000171661377,388000
2024-09-26,4.329999923706055,4.329999923706055,4.329999923706055,4.210000038146973,4.300000190734863,308000
2024-09-27,4.400000095367432,4.400000095367432,4.400000095367432,4.300000190734863,4.400000095367432,558000
2024-09-30,4.699999809265137,4.699999809265137,4.809999942779541,4.400000095367432,4.400000095367432,538000
2024-10-02,5.199999809265137,5.199999809265137,5.449999809265137,4.639999866485596,4.699999809265137,3970000
2024-10-03,5.0,5.0,5.329999923706055,4.809999942779541,5.199999809265137,564000
2024-10-04,5.059999942779541,5.059999942779541,5.199999809265137,4.849999904632568,5.199999809265137,422000
2024-10-07,4.889999866485596,4.889999866485596,5.179999828338623,4.699999809265137,5.139999866485596,2280000
2024-10-08,4.809999942779541,4.809999942779541,4.96999979019165,4.75,4.840000152587891,242000
2024-10-09,4.690000057220459,4.690000057220459,4.710000038146973,4.480000019073486,4.710000038146973,388100
2024-10-10,4.659999847412109,4.659999847412109,4.699999809265137,4.5,4.690000057220459,364000
2024-10-14,4.489999771118164,4.489999771118164,4.650000095367432,4.21999979019165,4.539999961853027,2396000
2024-10-15,4.400000095367432,4.400000095367432,4.570000171661377,4.360000133514404,4.480000019073486,248000
2024-10-16,4.400000095367432,4.400000095367432,4.400000095367432,4.349999904632568,4.400000095367432,76000
2024-10-17,4.400000095367432,4.400000095367432,4.409999847412109,4.320000171661377,4.329999923706055,78000
2024-10-18,4.420000076293945,4.420000076293945,4.420000076293945,4.340000152587891,4.409999847412109,110000
2024-10-21,4.389999866485596,4.389999866485596,4.400000095367432,4.329999923706055,4.400000095367432,40000
2024-10-22,4.389999866485596,4.389999866485596,4.389999866485596,4.389999866485596,4.389999866485596,0
2024-10-23,4.389999866485596,4.389999866485596,4.400000095367432,4.329999923706055,4.329999923706055,30000
2024-10-24,4.46999979019165,4.46999979019165,4.46999979019165,4.46999979019165,4.46999979019165,0
2024-10-25,4.449999809265137,4.449999809265137,4.449999809265137,4.349999904632568,4.449999809265137,132000
2024-10-28,4.420000076293945,4.420000076293945,4.420000076293945,4.329999923706055,4.360000133514404,30000
2024-10-29,4.409999847412109,4.409999847412109,4.420000076293945,4.349999904632568,4.420000076293945,72000
2024-10-30,4.360000133514404,4.360000133514404,4.369999885559082,4.360000133514404,4.400000095367432,24000
2024-10-31,4.340000152587891,4.340000152587891,4.340000152587891,4.340000152587891,4.340000152587891,0
2024-11-01,4.369999885559082,4.369999885559082,4.389999866485596,4.239999771118164,4.349999904632568,64000
2024-11-04,4.380000114440918,4.380000114440918,4.380000114440918,4.349999904632568,4.369999885559082,34000
2024-11-05,4.380000114440918,4.380000114440918,4.400000095367432,4.329999923706055,4.329999923706055,36000
2024-11-06,4.400000095367432,4.400000095367432,4.400000095367432,4.389999866485596,4.400000095367432,92000
2024-11-07,4.449999809265137,4.449999809265137,4.489999771118164,4.329999923706055,4.400000095367432,152000
2024-11-08,4.440000057220459,4.440000057220459,4.449999809265137,4.369999885559082,4.440000057220459,40000
2024-11-11,4.380000114440918,4.380000114440918,4.46999979019165,4.380000114440918,4.46999979019165,14000
2024-11-12,4.349999904632568,4.349999904632568,4.409999847412109,4.320000171661377,4.409999847412109,72000
2024-11-13,4.239999771118164,4.239999771118164,4.28000020980835,4.190000057220459,4.269999980926514,208000
2024-11-14,4.170000076293945,4.170000076293945,4.210000038146973,4.159999847412109,4.210000038146973,90000
2024-11-15,4.179999828338623,4.179999828338623,4.199999809265137,4.150000095367432,4.170000076293945,126000
2024-11-18,4.170000076293945,4.170000076293945,4.260000228881836,4.170000076293945,4.199999809265137,24000
2024-11-19,4.179999828338623,4.179999828338623,4.179999828338623,4.179999828338623,4.179999828338623,0
2024-11-20,4.239999771118164,4.239999771118164,4.239999771118164,4.199999809265137,4.25,6000
2024-11-21,4.25,4.25,4.300000190734863,4.239999771118164,4.239999771118164,84000
2024-11-22,4.300000190734863,4.300000190734863,4.300000190734863,4.25,4.300000190734863,116000
2024-11-25,4.309999942779541,4.309999942779541,4.360000133514404,4.300000190734863,4.360000133514404,32000
2024-11-26,4.389999866485596,4.389999866485596,4.389999866485596,4.300000190734863,4.300000190734863,186000
2024-11-27,4.360000133514404,4.360000133514404,4.360000133514404,4.269999980926514,4.349999904632568,296000
2024-11-28,4.349999904632568,4.349999904632568,4.349999904632568,4.349999904632568,4.349999904632568,40000
2024-11-29,4.340000152587891,4.340000152587891,4.340000152587891,4.300000190734863,4.300000190734863,50000
2024-12-02,4.349999904632568,4.349999904632568,4.349999904632568,4.349999904632568,4.349999904632568,0
2024-12-03,4.400000095367432,4.400000095367432,4.400000095367432,4.360000133514404,4.389999866485596,194000
2024-12-04,4.329999923706055,4.329999923706055,4.449999809265137,4.320000171661377,4.400000095367432,122000
2024-12-05,4.400000095367432,4.400000095367432,4.400000095367432,4.320000171661377,4.400000095367432,46000
2024-12-06,4.400000095367432,4.400000095367432,4.400000095367432,4.320000171661377,4.400000095367432,18000
2024-12-09,4.380000114440918,4.380000114440918,4.389999866485596,4.340000152587891,4.380000114440918,82000
2024-12-10,4.320000171661377,4.320000171661377,4.380000114440918,4.320000171661377,4.380000114440918,34000
2024-12-11,4.349999904632568,4.349999904632568,4.360000133514404,4.28000020980835,4.28000020980835,104000
2024-12-12,4.360000133514404,4.360000133514404,4.360000133514404,4.349999904632568,4.349999904632568,52000
