Date,Adj Close,Close,High,Low,Open,Volume
2014-03-31,2.2817208766937256,2.9100000858306885,2.930000066757202,2.9000000953674316,2.9000000953674316,95851000
2014-04-01,2.2895615100860596,2.9200000762939453,2.9800000190734863,2.9000000953674316,2.9000000953674316,23608000
2014-04-02,2.2817208766937256,2.9100000858306885,2.9200000762939453,2.9000000953674316,2.9200000762939453,11062000
2014-04-03,2.2817208766937256,2.9100000858306885,2.9200000762939453,2.9000000953674316,2.9200000762939453,7332000
2014-04-04,2.2974023818969727,2.930000066757202,2.930000066757202,2.9100000858306885,2.9100000858306885,670000
2014-04-07,2.2895615100860596,2.9200000762939453,2.9200000762939453,2.9000000953674316,2.9200000762939453,338000
2014-04-08,2.313084363937378,2.950000047683716,2.950000047683716,2.9100000858306885,2.9200000762939453,474000
2014-04-09,2.2895615100860596,2.9200000762939453,2.950000047683716,2.9100000858306885,2.950000047683716,373000
2014-04-10,2.2895615100860596,2.9200000762939453,2.9200000762939453,2.9100000858306885,2.9200000762939453,869000
2014-04-11,2.250356435775757,2.869999885559082,2.9100000858306885,2.8399999141693115,2.9100000858306885,1209000
2014-04-14,2.250356435775757,2.869999885559082,2.890000104904175,2.859999895095825,2.8299999237060547,610000
2014-04-15,2.250356435775757,2.869999885559082,2.869999885559082,2.8499999046325684,2.859999895095825,470000
2014-04-16,2.250356435775757,2.869999885559082,2.9000000953674316,2.859999895095825,2.859999895095825,143000
2014-04-17,2.258197546005249,2.880000114440918,2.9000000953674316,2.869999885559082,2.869999885559082,97000
2014-04-22,2.305243492126465,2.940000057220459,2.940000057220459,2.8499999046325684,2.869999885559082,50836000
2014-04-23,2.2111518383026123,2.819999933242798,2.930000066757202,2.7200000286102295,2.9000000953674316,86959000
2014-04-24,2.2189929485321045,2.8299999237060547,2.8399999141693115,2.819999933242798,2.8399999141693115,376000
2014-04-25,2.2111518383026123,2.819999933242798,2.8399999141693115,2.75,2.8399999141693115,170000
2014-04-28,2.187628984451294,2.7899999618530273,2.7899999618530273,2.7300000190734863,2.7799999713897705,289000
2014-04-29,2.187628984451294,2.7899999618530273,2.809999942779541,2.7699999809265137,2.809999942779541,133000
2014-04-30,2.1484241485595703,2.740000009536743,2.9000000953674316,2.7200000286102295,2.9000000953674316,164000
2014-05-02,2.1641061305999756,2.759999990463257,2.7699999809265137,2.740000009536743,2.740000009536743,11000
2014-05-05,2.1562650203704834,2.75,2.7699999809265137,2.680000066757202,2.75,223000
2014-05-07,2.1092190742492676,2.690000057220459,2.7200000286102295,2.680000066757202,2.690000057220459,259000
2014-05-08,2.1013782024383545,2.680000066757202,2.700000047683716,2.680000066757202,2.690000057220459,131000
2014-05-09,2.1013782024383545,2.680000066757202,2.7799999713897705,2.680000066757202,2.75,99000
2014-05-12,2.117060422897339,2.700000047683716,2.75,2.6700000762939453,2.700000047683716,143000
2014-05-13,2.1641061305999756,2.759999990463257,2.799999952316284,2.680000066757202,2.7100000381469727,203000
2014-05-14,2.0935378074645996,2.6700000762939453,2.75,2.6600000858306885,2.75,261000
2014-05-15,2.124901294708252,2.7100000381469727,2.7200000286102295,2.690000057220459,2.690000057220459,106000
2014-05-16,2.124901294708252,2.7100000381469727,2.740000009536743,2.680000066757202,2.7100000381469727,468000
2014-05-19,2.124901294708252,2.7100000381469727,2.759999990463257,2.7100000381469727,2.759999990463257,28000
2014-05-20,2.1641061305999756,2.759999990463257,2.759999990463257,2.7100000381469727,2.7100000381469727,255000
2014-05-21,2.1405832767486572,2.7300000190734863,2.7300000190734863,2.7300000190734863,2.7300000190734863,36000
2014-05-22,2.1484241485595703,2.740000009536743,2.7899999618530273,2.7100000381469727,2.759999990463257,154000
2014-05-23,2.124901294708252,2.7100000381469727,2.7699999809265137,2.7100000381469727,2.7300000190734863,16000
2014-05-26,2.1641061305999756,2.759999990463257,2.890000104904175,2.680000066757202,2.7100000381469727,86000
2014-05-27,2.132742404937744,2.7200000286102295,2.7200000286102295,2.7200000286102295,2.7200000286102295,19000
2014-05-28,2.195469856262207,2.799999952316284,2.799999952316284,2.7200000286102295,2.7200000286102295,9000
2014-05-29,2.1719470024108887,2.7699999809265137,2.809999942779541,2.799999952316284,2.809999942779541,32000
2014-05-30,2.1719470024108887,2.7699999809265137,2.740000009536743,2.740000009536743,2.740000009536743,1000
2014-06-03,2.179788112640381,2.7799999713897705,2.7799999713897705,2.7699999809265137,2.7699999809265137,56000
2014-06-04,2.1562650203704834,2.75,2.759999990463257,2.75,2.75,16000
2014-06-05,2.1484241485595703,2.740000009536743,2.7899999618530273,2.740000009536743,2.7799999713897705,102000
2014-06-06,2.179788112640381,2.7799999713897705,2.799999952316284,2.759999990463257,2.799999952316284,10000
2014-06-09,2.1484241485595703,2.740000009536743,2.799999952316284,2.7200000286102295,2.7799999713897705,81000
2014-06-10,2.1562650203704834,2.75,2.75,2.75,2.75,0
2014-06-11,2.1484241485595703,2.740000009536743,2.7899999618530273,2.7300000190734863,2.75,80000
2014-06-12,2.1484241485595703,2.740000009536743,2.740000009536743,2.740000009536743,2.740000009536743,0
2014-06-13,2.1405832767486572,2.7300000190734863,2.7799999713897705,2.7200000286102295,2.7200000286102295,15000
2014-06-16,2.20331072807312,2.809999942779541,2.809999942779541,2.740000009536743,2.740000009536743,55000
2014-06-17,2.1562650203704834,2.75,2.759999990463257,2.75,2.75,40000
2014-06-18,2.1562650203704834,2.75,2.75,2.75,2.75,0
2014-06-19,2.187628984451294,2.7899999618530273,2.819999933242798,2.7899999618530273,2.7899999618530273,273000
2014-06-20,2.367971420288086,3.0199999809265137,3.0199999809265137,2.799999952316284,2.799999952316284,8667000
2014-06-23,2.3522891998291016,3.0,3.0999999046325684,2.940000057220459,2.9600000381469727,359000
2014-06-24,2.4071760177612305,3.069999933242798,3.0999999046325684,3.0,3.0,1391000
2014-06-25,2.3993349075317383,3.059999942779541,3.069999933242798,3.0299999713897705,3.069999933242798,272000
2014-06-26,2.4295005798339844,3.049999952316284,3.069999933242798,3.0,3.0199999809265137,193000
2014-06-27,2.4374661445617676,3.059999942779541,3.0999999046325684,2.9700000286102295,3.009999990463257,386000
2014-06-30,2.4693286418914795,3.0999999046325684,3.200000047683716,3.049999952316284,3.049999952316284,277000
2014-07-02,2.3896727561950684,3.0,3.0999999046325684,2.990000009536743,3.0999999046325684,86000
2014-07-03,2.333913564682007,2.930000066757202,3.0,2.9000000953674316,3.0,121000
2014-07-04,2.3578104972839355,2.9600000381469727,3.0,2.930000066757202,3.0,136000
2014-07-07,2.3259482383728027,2.9200000762939453,2.950000047683716,2.9000000953674316,2.9000000953674316,35000
2014-07-08,2.34187912940979,2.940000057220459,2.950000047683716,2.9200000762939453,2.9200000762939453,46000
2014-07-09,2.333913564682007,2.930000066757202,3.0,2.9200000762939453,2.930000066757202,101000
2014-07-10,2.3578104972839355,2.9600000381469727,2.9600000381469727,2.9600000381469727,2.9600000381469727,10000
2014-07-11,2.373741626739502,2.9800000190734863,2.9800000190734863,2.940000057220459,2.940000057220459,42000
2014-07-14,2.373741626739502,2.9800000190734863,2.9800000190734863,2.940000057220459,2.940000057220459,18000
2014-07-15,2.3100173473358154,2.9000000953674316,2.9700000286102295,2.9000000953674316,2.9700000286102295,45000
2014-07-16,2.34187912940979,2.940000057220459,2.9700000286102295,2.9000000953674316,2.9000000953674316,375000
2014-07-17,2.3179826736450195,2.9100000858306885,2.9100000858306885,2.9000000953674316,2.9000000953674316,301000
2014-07-18,2.3259482383728027,2.9200000762939453,2.9200000762939453,2.9200000762939453,2.9200000762939453,20000
2014-07-21,2.3578104972839355,2.9600000381469727,2.9600000381469727,2.9600000381469727,2.9600000381469727,10000
2014-07-22,2.333913564682007,2.930000066757202,2.930000066757202,2.9200000762939453,2.9200000762939453,37000
2014-07-23,2.3657760620117188,2.9700000286102295,2.9700000286102295,2.940000057220459,2.9600000381469727,54000
2014-07-24,2.3498449325561523,2.950000047683716,2.9700000286102295,2.9000000953674316,2.9000000953674316,116000
2014-07-25,2.3657760620117188,2.9700000286102295,2.9700000286102295,2.950000047683716,2.950000047683716,17000
2014-07-28,2.381707191467285,2.990000009536743,3.0,2.9700000286102295,2.9800000190734863,358000
2014-07-29,2.381707191467285,2.990000009536743,3.0,2.9700000286102295,2.990000009536743,236000
2014-07-30,2.373741626739502,2.9800000190734863,3.0,2.7899999618530273,2.7899999618530273,183000
2014-07-31,2.3498449325561523,2.950000047683716,2.9600000381469727,2.930000066757202,2.940000057220459,25000
2014-08-01,2.3578104972839355,2.9600000381469727,3.0,2.9600000381469727,2.9600000381469727,283000
2014-08-04,2.381707191467285,2.990000009536743,3.0,2.930000066757202,2.930000066757202,92000
2014-08-05,2.3896727561950684,3.0,3.0,2.990000009536743,2.990000009536743,47000
2014-08-06,2.34187912940979,2.940000057220459,2.940000057220459,2.940000057220459,2.940000057220459,11000
2014-08-07,2.381707191467285,2.990000009536743,3.0,2.990000009536743,3.0,21000
2014-08-08,2.34187912940979,2.940000057220459,2.950000047683716,2.940000057220459,2.950000047683716,12000
2014-08-11,2.3657760620117188,2.9700000286102295,2.9700000286102295,2.940000057220459,2.940000057220459,60000
2014-08-12,2.34187912940979,2.940000057220459,2.930000066757202,2.9200000762939453,2.930000066757202,35000
2014-08-13,2.381707191467285,2.990000009536743,2.990000009536743,2.940000057220459,2.940000057220459,23000
2014-08-14,2.3498449325561523,2.950000047683716,2.990000009536743,2.9100000858306885,2.990000009536743,135000
2014-08-15,2.3578104972839355,2.9600000381469727,2.9800000190734863,2.950000047683716,2.9700000286102295,146000
2014-08-18,2.3498449325561523,2.950000047683716,2.990000009536743,2.940000057220459,2.950000047683716,87000
2014-08-19,2.373741626739502,2.9800000190734863,2.990000009536743,2.940000057220459,3.0,78000
2014-08-20,2.3498449325561523,2.950000047683716,3.0,2.9100000858306885,3.0,321000
2014-08-21,2.381707191467285,2.990000009536743,2.990000009536743,2.950000047683716,2.9600000381469727,550000
2014-08-22,2.3498449325561523,2.950000047683716,3.0,2.950000047683716,2.990000009536743,415000
2014-08-25,2.333913564682007,2.930000066757202,2.9600000381469727,2.930000066757202,2.9600000381469727,78000
2014-08-26,2.3498449325561523,2.950000047683716,2.990000009536743,2.950000047683716,2.950000047683716,556000
2014-08-27,2.3578104972839355,2.9600000381469727,2.9800000190734863,2.950000047683716,2.950000047683716,1485000
2014-08-28,2.3578104972839355,2.9600000381469727,2.990000009536743,2.9600000381469727,2.9800000190734863,2383000
2014-08-29,2.3578104972839355,2.9600000381469727,2.9700000286102295,2.950000047683716,2.9600000381469727,1828000
2014-09-01,2.3498449325561523,2.950000047683716,2.950000047683716,2.950000047683716,2.950000047683716,2000
2014-09-02,2.3100173473358154,2.9000000953674316,2.9200000762939453,2.8499999046325684,2.9000000953674316,112000
2014-09-03,2.333913564682007,2.930000066757202,2.9800000190734863,2.930000066757202,2.890000104904175,60000
2014-09-04,2.333913564682007,2.930000066757202,2.930000066757202,2.930000066757202,2.930000066757202,0
2014-09-05,2.3100173473358154,2.9000000953674316,2.9200000762939453,2.880000114440918,2.890000104904175,120000
2014-09-08,2.3578104972839355,2.9600000381469727,2.9600000381469727,2.9100000858306885,2.9100000858306885,159000
2014-09-10,2.3578104972839355,2.9600000381469727,2.9700000286102295,2.9000000953674316,2.9000000953674316,356000
2014-09-11,2.3498449325561523,2.950000047683716,2.9600000381469727,2.940000057220459,2.9600000381469727,62000
2014-09-12,2.3498449325561523,2.950000047683716,2.950000047683716,2.890000104904175,2.940000057220459,51000
2014-09-15,2.3498449325561523,2.950000047683716,2.9600000381469727,2.950000047683716,2.950000047683716,95000
2014-09-16,2.3179826736450195,2.9100000858306885,2.9700000286102295,2.890000104904175,2.890000104904175,71000
2014-09-17,2.3498449325561523,2.950000047683716,2.950000047683716,2.890000104904175,2.9600000381469727,46000
2014-09-18,2.34187912940979,2.940000057220459,2.940000057220459,2.940000057220459,2.940000057220459,50000
2014-09-19,2.333913564682007,2.930000066757202,2.950000047683716,2.890000104904175,2.890000104904175,170000
2014-09-22,2.34187912940979,2.940000057220459,2.950000047683716,2.930000066757202,2.930000066757202,22000
2014-09-23,2.333913564682007,2.930000066757202,2.9600000381469727,2.940000057220459,2.9600000381469727,24000
2014-09-24,2.3259482383728027,2.9200000762939453,2.9200000762939453,2.890000104904175,2.9000000953674316,23000
2014-09-25,2.3259482383728027,2.9200000762939453,2.930000066757202,2.9000000953674316,2.9000000953674316,52000
2014-09-26,2.3179826736450195,2.9100000858306885,2.9600000381469727,2.869999885559082,2.869999885559082,32000
2014-09-29,2.302051544189453,2.890000104904175,2.890000104904175,2.8299999237060547,2.8399999141693115,89000
2014-09-30,2.3100173473358154,2.9000000953674316,2.9100000858306885,2.880000114440918,2.890000104904175,247000
2014-10-03,2.254257917404175,2.8299999237060547,2.8299999237060547,2.700000047683716,2.799999952316284,44000
2014-10-06,2.3498449325561523,2.950000047683716,2.9600000381469727,2.9000000953674316,2.9600000381469727,1390000
2014-10-07,2.3578104972839355,2.9600000381469727,2.9600000381469727,2.940000057220459,2.950000047683716,824000
2014-10-08,2.3578104972839355,2.9600000381469727,2.9600000381469727,2.940000057220459,2.950000047683716,2959000
2014-10-09,2.3578104972839355,2.9600000381469727,2.9700000286102295,2.950000047683716,2.9600000381469727,1020000
2014-10-10,2.3498449325561523,2.950000047683716,2.9700000286102295,2.930000066757202,2.9700000286102295,800000
2014-10-13,2.34187912940979,2.940000057220459,2.9600000381469727,2.9200000762939453,2.940000057220459,913000
2014-10-14,2.3179826736450195,2.9100000858306885,2.930000066757202,2.9000000953674316,2.930000066757202,859000
2014-10-15,2.3179826736450195,2.9100000858306885,2.930000066757202,2.890000104904175,2.9100000858306885,874000
2014-10-16,2.3259482383728027,2.9200000762939453,2.940000057220459,2.890000104904175,2.9000000953674316,870000
2014-10-17,2.3259482383728027,2.9200000762939453,2.930000066757202,2.9000000953674316,2.9200000762939453,5044000
2014-10-20,2.302051544189453,2.890000104904175,2.9100000858306885,2.869999885559082,2.9100000858306885,1056000
2014-10-21,2.302051544189453,2.890000104904175,2.9000000953674316,2.880000114440918,2.9000000953674316,1895000
2014-10-22,2.302051544189453,2.890000104904175,2.9100000858306885,2.880000114440918,2.890000104904175,935000
2014-10-23,2.3179826736450195,2.9100000858306885,2.930000066757202,2.869999885559082,2.880000114440918,2804000
2014-10-24,2.3100173473358154,2.9000000953674316,2.9100000858306885,2.869999885559082,2.9100000858306885,2641000
2014-10-27,2.302051544189453,2.890000104904175,2.9100000858306885,2.859999895095825,2.890000104904175,878000
2014-10-28,2.3100173473358154,2.9000000953674316,2.9100000858306885,2.880000114440918,2.890000104904175,974000
2014-10-29,2.3179826736450195,2.9100000858306885,2.9200000762939453,2.869999885559082,2.9000000953674316,1113000
2014-10-30,2.294085741043091,2.880000114440918,2.9000000953674316,2.859999895095825,2.9000000953674316,955000
2014-10-31,2.302051544189453,2.890000104904175,2.9100000858306885,2.859999895095825,2.880000114440918,1490000
2014-11-03,2.294085741043091,2.880000114440918,2.9000000953674316,2.859999895095825,2.9000000953674316,1122000
2014-11-04,2.294085741043091,2.880000114440918,2.890000104904175,2.859999895095825,2.880000114440918,1010000
2014-11-05,2.294085741043091,2.880000114440918,2.890000104904175,2.859999895095825,2.880000114440918,1246000
2014-11-06,2.2861199378967285,2.869999885559082,2.880000114440918,2.8499999046325684,2.869999885559082,972000
2014-11-07,2.270189046859741,2.8499999046325684,2.880000114440918,2.8499999046325684,2.869999885559082,1004000
2014-11-10,2.294085741043091,2.880000114440918,2.9200000762939453,2.8499999046325684,2.859999895095825,1201000
2014-11-11,2.3259482383728027,2.9200000762939453,2.940000057220459,2.869999885559082,2.880000114440918,1232000
2014-11-12,2.34187912940979,2.940000057220459,2.9600000381469727,2.9100000858306885,2.930000066757202,934000
2014-11-13,2.333913564682007,2.930000066757202,2.940000057220459,2.9000000953674316,2.9000000953674316,867000
2014-11-14,2.3179826736450195,2.9100000858306885,2.9200000762939453,2.880000114440918,2.9000000953674316,860000
2014-11-17,2.3259482383728027,2.9200000762939453,2.9600000381469727,2.880000114440918,2.9200000762939453,944000
2014-11-18,2.294085741043091,2.880000114440918,2.9200000762939453,2.8499999046325684,2.9200000762939453,894000
2014-11-19,2.2781543731689453,2.859999895095825,2.9000000953674316,2.8499999046325684,2.859999895095825,1007000
2014-11-20,2.2781543731689453,2.859999895095825,2.869999885559082,2.8499999046325684,2.859999895095825,938000
2014-11-21,2.262223482131958,2.8399999141693115,2.9100000858306885,2.8299999237060547,2.869999885559082,960000
2014-11-24,2.182567596435547,2.740000009536743,2.890000104904175,2.7200000286102295,2.880000114440918,1999000
2014-11-25,2.1268086433410645,2.6700000762939453,2.75,2.6700000762939453,2.7300000190734863,1806000
2014-11-26,2.214430093765259,2.7799999713897705,2.7799999713897705,2.680000066757202,2.680000066757202,1257000
2014-11-27,2.14274001121521,2.690000057220459,2.819999933242798,2.680000066757202,2.7699999809265137,2723000
2014-11-28,2.1507058143615723,2.700000047683716,2.740000009536743,2.680000066757202,2.700000047683716,5293000
2014-12-01,2.110877752304077,2.6500000953674316,2.700000047683716,2.630000114440918,2.680000066757202,2638000
2014-12-02,2.110877752304077,2.6500000953674316,2.690000057220459,2.619999885559082,2.619999885559082,2348000
2014-12-03,2.102912187576294,2.640000104904175,2.740000009536743,2.549999952316284,2.6600000858306885,3108000
2014-12-04,2.14274001121521,2.690000057220459,2.7100000381469727,2.619999885559082,2.640000104904175,1361000
2014-12-05,2.1984987258911133,2.759999990463257,2.7799999713897705,2.680000066757202,2.700000047683716,3656000
2014-12-08,2.3896727561950684,3.0,3.119999885559082,2.7699999809265137,2.7699999809265137,12402000
2014-12-09,2.3100173473358154,2.9000000953674316,3.0999999046325684,2.890000104904175,3.0999999046325684,4722000
2014-12-10,2.3179826736450195,2.9100000858306885,2.950000047683716,2.8499999046325684,2.9000000953674316,1357000
2014-12-11,2.294085741043091,2.880000114440918,2.940000057220459,2.8499999046325684,2.9100000858306885,1215000
2014-12-12,2.2781543731689453,2.859999895095825,2.930000066757202,2.859999895095825,2.9200000762939453,520000
2014-12-15,2.2861199378967285,2.869999885559082,2.9000000953674316,2.8299999237060547,2.859999895095825,1017000
2014-12-16,2.3100173473358154,2.9000000953674316,3.0,2.869999885559082,3.0,894800
2014-12-17,2.3259482383728027,2.9200000762939453,2.930000066757202,2.869999885559082,2.930000066757202,635000
2014-12-18,2.3100173473358154,2.9000000953674316,2.9800000190734863,2.869999885559082,2.9800000190734863,878000
2014-12-19,2.373741626739502,2.9800000190734863,3.0,2.859999895095825,2.9100000858306885,6167000
2014-12-22,2.3578104972839355,2.9600000381469727,3.0,2.950000047683716,2.9800000190734863,921000
2014-12-23,2.3498449325561523,2.950000047683716,2.9800000190734863,2.9100000858306885,2.9600000381469727,742000
2014-12-24,2.3498449325561523,2.950000047683716,2.9800000190734863,2.950000047683716,2.950000047683716,171000
2014-12-29,2.3657760620117188,2.9700000286102295,3.0,2.950000047683716,2.9700000286102295,848000
2014-12-30,2.381707191467285,2.990000009536743,3.0,2.9200000762939453,2.9700000286102295,1136000
2014-12-31,2.381707191467285,2.990000009536743,2.990000009536743,2.9600000381469727,2.9600000381469727,181000
2015-01-02,2.3976380825042725,3.009999990463257,3.009999990463257,2.9600000381469727,2.9600000381469727,2596000
2015-01-05,2.3896727561950684,3.0,3.0299999713897705,2.9600000381469727,3.0299999713897705,1388000
2015-01-06,2.381707191467285,2.990000009536743,3.0,2.950000047683716,3.0,375000
2015-01-07,2.3657760620117188,2.9700000286102295,2.9800000190734863,2.950000047683716,2.9800000190734863,845000
2015-01-08,2.3578104972839355,2.9600000381469727,2.9700000286102295,2.940000057220459,2.9600000381469727,538000
2015-01-09,2.3657760620117188,2.9700000286102295,3.0,2.950000047683716,2.9600000381469727,938000
2015-01-12,2.3578104972839355,2.9600000381469727,2.9800000190734863,2.940000057220459,2.950000047683716,1608000
2015-01-13,2.3578104972839355,2.9600000381469727,2.9700000286102295,2.930000066757202,2.9600000381469727,861000
2015-01-14,2.333913564682007,2.930000066757202,2.990000009536743,2.9100000858306885,2.950000047683716,1085000
2015-01-15,2.34187912940979,2.940000057220459,2.950000047683716,2.9100000858306885,2.930000066757202,1134000
2015-01-16,2.333913564682007,2.930000066757202,2.950000047683716,2.9000000953674316,2.930000066757202,1272000
2015-01-19,2.262223482131958,2.8399999141693115,2.950000047683716,2.7799999713897705,2.9200000762939453,1381000
2015-01-20,2.302051544189453,2.890000104904175,2.9100000858306885,2.8399999141693115,2.8499999046325684,1230000
2015-01-21,2.3259482383728027,2.9200000762939453,2.930000066757202,2.880000114440918,2.9000000953674316,1250000
2015-01-22,2.3100173473358154,2.9000000953674316,2.940000057220459,2.869999885559082,2.930000066757202,1289000
2015-01-23,2.3259482383728027,2.9200000762939453,2.990000009536743,2.9100000858306885,2.9100000858306885,1262000
2015-01-26,2.333913564682007,2.930000066757202,2.950000047683716,2.9100000858306885,2.930000066757202,1332000
2015-01-27,2.3259482383728027,2.9200000762939453,2.9600000381469727,2.9000000953674316,2.940000057220459,1198000
2015-01-28,2.302051544189453,2.890000104904175,2.930000066757202,2.890000104904175,2.9000000953674316,1267000
2015-01-29,2.3100173473358154,2.9000000953674316,2.9200000762939453,2.890000104904175,2.890000104904175,1129000
2015-01-30,2.3100173473358154,2.9000000953674316,2.9600000381469727,2.890000104904175,2.9100000858306885,1088000
2015-02-02,2.3100173473358154,2.9000000953674316,2.930000066757202,2.890000104904175,2.930000066757202,44000
2015-02-03,2.3259482383728027,2.9200000762939453,2.9200000762939453,2.890000104904175,2.9200000762939453,131000
2015-02-04,2.3100173473358154,2.9000000953674316,2.9100000858306885,2.880000114440918,2.9000000953674316,121000
2015-02-05,2.3179826736450195,2.9100000858306885,3.0,2.890000104904175,2.9700000286102295,879000
2015-02-06,2.302051544189453,2.890000104904175,2.9200000762939453,2.859999895095825,2.9000000953674316,145000
2015-02-09,2.2781543731689453,2.859999895095825,2.930000066757202,2.8499999046325684,2.8499999046325684,562000
2015-02-10,2.2781543731689453,2.859999895095825,2.9000000953674316,2.859999895095825,2.9000000953674316,23000
2015-02-11,2.3100173473358154,2.9000000953674316,2.9000000953674316,2.859999895095825,2.859999895095825,61000
2015-02-12,2.2781543731689453,2.859999895095825,2.859999895095825,2.859999895095825,2.859999895095825,1000
2015-02-13,2.302051544189453,2.890000104904175,2.930000066757202,2.859999895095825,2.859999895095825,24000
2015-02-16,2.270189046859741,2.8499999046325684,2.9000000953674316,2.8499999046325684,2.9000000953674316,2000
2015-02-17,2.2781543731689453,2.859999895095825,2.890000104904175,2.8299999237060547,2.8499999046325684,183000
2015-02-18,2.270189046859741,2.8499999046325684,2.9000000953674316,2.8499999046325684,2.9000000953674316,163000
2015-02-23,2.270189046859741,2.8499999046325684,2.9200000762939453,2.8499999046325684,2.9200000762939453,32000
2015-02-24,2.270189046859741,2.8499999046325684,2.9100000858306885,2.8299999237060547,2.8299999237060547,164000
2015-02-25,2.2861199378967285,2.869999885559082,2.9000000953674316,2.8299999237060547,2.8499999046325684,194000
2015-02-26,2.3100173473358154,2.9000000953674316,2.9100000858306885,2.799999952316284,2.9100000858306885,269000
2015-02-27,2.2781543731689453,2.859999895095825,2.890000104904175,2.8499999046325684,2.890000104904175,185000
2015-03-02,2.2861199378967285,2.869999885559082,2.9000000953674316,2.869999885559082,2.880000114440918,152000
2015-03-03,2.254257917404175,2.8299999237060547,2.859999895095825,2.799999952316284,2.859999895095825,764000
2015-03-04,2.262223482131958,2.8399999141693115,2.8499999046325684,2.819999933242798,2.8499999046325684,31000
2015-03-05,2.2383265495300293,2.809999942779541,2.880000114440918,2.799999952316284,2.8299999237060547,24000
2015-03-06,2.262223482131958,2.8399999141693115,2.869999885559082,2.799999952316284,2.809999942779541,163000
2015-03-09,2.2383265495300293,2.809999942779541,2.8399999141693115,2.740000009536743,2.819999933242798,15246000
2015-03-10,2.230361223220825,2.799999952316284,2.8499999046325684,2.7899999618530273,2.8499999046325684,92000
2015-03-11,2.222395658493042,2.7899999618530273,2.8399999141693115,2.700000047683716,2.7799999713897705,635000
2015-03-12,2.190533399581909,2.75,2.8399999141693115,2.740000009536743,2.759999990463257,480000
2015-03-13,2.182567596435547,2.740000009536743,2.799999952316284,2.7100000381469727,2.7899999618530273,975000
2015-03-16,2.230361223220825,2.799999952316284,2.819999933242798,2.759999990463257,2.7899999618530273,536000
2015-03-17,2.2064645290374756,2.7699999809265137,2.8399999141693115,2.740000009536743,2.799999952316284,606000
2015-03-18,2.2064645290374756,2.7699999809265137,2.819999933242798,2.759999990463257,2.7799999713897705,739000
2015-03-19,2.2064645290374756,2.7699999809265137,2.809999942779541,2.759999990463257,2.7899999618530273,782000
2015-03-20,2.1984987258911133,2.759999990463257,2.819999933242798,2.7100000381469727,2.799999952316284,500000
2015-03-23,2.1666367053985596,2.7200000286102295,2.809999942779541,2.6500000953674316,2.809999942779541,2943000
2015-03-24,2.182567596435547,2.740000009536743,2.7899999618530273,2.7200000286102295,2.7300000190734863,1857000
2015-03-25,2.1586711406707764,2.7100000381469727,2.75,2.6700000762939453,2.740000009536743,1541000
2015-03-26,2.1268086433410645,2.6700000762939453,2.740000009536743,2.6500000953674316,2.7300000190734863,2690000
2015-03-27,2.1586711406707764,2.7100000381469727,2.7200000286102295,2.6700000762939453,2.7100000381469727,627000
2015-03-30,2.1586711406707764,2.7100000381469727,2.7300000190734863,2.6700000762939453,2.7300000190734863,2180000
2015-03-31,2.1984987258911133,2.759999990463257,2.799999952316284,2.7200000286102295,2.75,3309000
2015-04-01,2.190533399581909,2.75,2.799999952316284,2.7200000286102295,2.7899999618530273,7943000
2015-04-02,2.182567596435547,2.740000009536743,2.799999952316284,2.7300000190734863,2.799999952316284,7001000
2015-04-08,2.222395658493042,2.7899999618530273,2.8499999046325684,2.7300000190734863,2.7799999713897705,15620000
2015-04-09,2.270189046859741,2.8499999046325684,2.950000047683716,2.809999942779541,2.8499999046325684,5641000
2015-04-10,2.302051544189453,2.890000104904175,2.9000000953674316,2.8499999046325684,2.869999885559082,6774000
2015-04-13,2.381707191467285,2.990000009536743,3.069999933242798,2.9100000858306885,2.9100000858306885,14978000
2015-04-14,2.373741626739502,2.9800000190734863,3.069999933242798,2.9700000286102295,3.049999952316284,12612000
2015-04-15,2.405604124069214,3.0199999809265137,3.0299999713897705,2.9700000286102295,2.9800000190734863,6422000
2015-04-16,2.373741626739502,2.9800000190734863,3.059999942779541,2.9600000381469727,3.0299999713897705,10075000
2015-04-17,2.3896727561950684,3.0,3.0199999809265137,2.9800000190734863,3.0199999809265137,3304000
2015-04-20,2.34187912940979,2.940000057220459,3.009999990463257,2.930000066757202,3.0,3317000
2015-04-21,2.3896727561950684,3.0,3.009999990463257,2.940000057220459,2.940000057220459,4766000
2015-04-22,2.3896727561950684,3.0,3.009999990463257,2.9800000190734863,3.009999990463257,2694000
2015-04-23,2.373741626739502,2.9800000190734863,3.009999990463257,2.9700000286102295,3.0,3454000
2015-04-24,2.3657760620117188,2.9700000286102295,3.0,2.930000066757202,2.990000009536743,3557000
2015-04-27,2.3896727561950684,3.0,3.009999990463257,2.9800000190734863,2.9800000190734863,5044000
2015-04-28,2.49322509765625,3.130000114440918,3.130000114440918,2.990000009536743,3.0,9279000
2015-04-29,2.485259532928467,3.119999885559082,3.1700000762939453,3.069999933242798,3.1600000858306885,6029000
2015-04-30,2.4295005798339844,3.049999952316284,3.119999885559082,3.0399999618530273,3.119999885559082,5683000
2015-05-04,2.453397274017334,3.0799999237060547,3.0999999046325684,3.0399999618530273,3.049999952316284,3694400
2015-05-05,2.413569450378418,3.0299999713897705,3.109999895095825,3.0,3.109999895095825,3053000
2015-05-06,2.405604124069214,3.0199999809265137,3.059999942779541,3.009999990463257,3.0299999713897705,2182000
2015-05-07,2.373741626739502,2.9800000190734863,3.009999990463257,2.9700000286102295,3.009999990463257,1982000
2015-05-08,2.421535015106201,3.0399999618530273,3.049999952316284,2.9700000286102295,2.9700000286102295,2077000
2015-05-11,2.4295005798339844,3.049999952316284,3.069999933242798,3.0199999809265137,3.059999942779541,1455000
2015-05-12,2.421535015106201,3.0399999618530273,3.059999942779541,3.009999990463257,3.059999942779541,1266000
2015-05-13,2.421535015106201,3.0399999618530273,3.0799999237060547,3.0299999713897705,3.059999942779541,2932000
2015-05-14,2.3976380825042725,3.009999990463257,3.059999942779541,3.0,3.0299999713897705,2084000
2015-05-15,2.405604124069214,3.0199999809265137,3.059999942779541,3.009999990463257,3.049999952316284,4500000
2015-05-18,2.405604124069214,3.0199999809265137,3.049999952316284,3.0,3.049999952316284,1281000
2015-05-19,2.405604124069214,3.0199999809265137,3.0399999618530273,3.009999990463257,3.0399999618530273,1513000
2015-05-20,2.413569450378418,3.0299999713897705,3.0399999618530273,3.009999990463257,3.0399999618530273,763000
2015-05-21,2.3976380825042725,3.009999990463257,3.0299999713897705,3.009999990463257,3.0199999809265137,1380000
2015-05-22,2.405604124069214,3.0199999809265137,3.0299999713897705,3.009999990463257,3.009999990463257,1226000
2015-05-26,2.3976380825042725,3.009999990463257,3.069999933242798,3.0,3.0399999618530273,3209000
2015-05-27,2.405604124069214,3.0199999809265137,3.0299999713897705,3.0,3.0199999809265137,971000
2015-05-28,2.373741626739502,2.9800000190734863,3.0299999713897705,2.9800000190734863,3.0199999809265137,2859000
2015-05-29,2.405604124069214,3.0199999809265137,3.0199999809265137,2.9800000190734863,2.9800000190734863,882000
2015-06-01,2.3976380825042725,3.009999990463257,3.0199999809265137,3.0,3.0,922000
2015-06-02,2.3976380825042725,3.009999990463257,3.0399999618530273,3.009999990463257,3.009999990463257,1747000
2015-06-03,2.3896727561950684,3.0,3.0199999809265137,3.0,3.009999990463257,1960000
2015-06-04,2.3657760620117188,2.9700000286102295,3.0199999809265137,2.9600000381469727,3.0,3559000
2015-06-05,2.381707191467285,2.990000009536743,3.009999990463257,2.9700000286102295,2.9800000190734863,612000
2015-06-08,2.373741626739502,2.9800000190734863,3.0,2.940000057220459,2.9800000190734863,1881000
2015-06-09,2.373741626739502,2.9800000190734863,2.9800000190734863,2.940000057220459,2.9800000190734863,1019000
2015-06-10,2.3259482383728027,2.9200000762939453,2.9700000286102295,2.9200000762939453,2.950000047683716,1866000
2015-06-11,2.34187912940979,2.940000057220459,2.9700000286102295,2.9200000762939453,2.9200000762939453,297000
2015-06-12,2.34187912940979,2.940000057220459,2.9700000286102295,2.930000066757202,2.930000066757202,1074418
2015-06-15,2.3498449325561523,2.950000047683716,2.9800000190734863,2.940000057220459,2.9800000190734863,352000
2015-06-16,2.3100173473358154,2.9000000953674316,2.930000066757202,2.9000000953674316,2.930000066757202,670000
2015-06-17,2.34187912940979,2.940000057220459,3.009999990463257,2.890000104904175,2.890000104904175,1423000
2015-06-18,2.333913564682007,2.930000066757202,2.9700000286102295,2.9200000762939453,2.930000066757202,225000
2015-06-19,2.3100173473358154,2.9000000953674316,2.9600000381469727,2.890000104904175,2.9600000381469727,837000
2015-06-22,2.2861199378967285,2.869999885559082,2.9100000858306885,2.700000047683716,2.9000000953674316,2436899
2015-06-23,2.3179826736450195,2.9100000858306885,2.930000066757202,2.880000114440918,2.880000114440918,390000
2015-06-24,2.333913564682007,2.930000066757202,2.940000057220459,2.859999895095825,2.9000000953674316,1121000
2015-06-25,2.302051544189453,2.890000104904175,2.9600000381469727,2.890000104904175,2.9600000381469727,1111000
2015-06-26,2.3259482383728027,2.9200000762939453,2.930000066757202,2.880000114440918,2.930000066757202,1250000
2015-06-29,2.2781543731689453,2.859999895095825,2.950000047683716,2.819999933242798,2.950000047683716,1371000
2015-06-30,2.3179826736450195,2.9100000858306885,2.9200000762939453,2.809999942779541,2.859999895095825,2761000
2015-07-02,2.333913564682007,2.930000066757202,2.9600000381469727,2.8499999046325684,2.869999885559082,2971000
2015-07-03,2.3177294731140137,2.7799999713897705,2.8499999046325684,2.75,2.8299999237060547,1323000
2015-07-06,2.259369373321533,2.7100000381469727,2.799999952316284,2.609999895095825,2.7799999713897705,2090000
2015-07-07,2.1426494121551514,2.569999933242798,2.6700000762939453,2.569999933242798,2.619999885559082,2990000
2015-07-08,1.9675687551498413,2.359999895095825,2.569999933242798,2.299999952316284,2.569999933242798,5032000
2015-07-09,2.050940752029419,2.4600000381469727,2.4800000190734863,2.299999952316284,2.309999942779541,1864086
2015-07-10,2.175997734069824,2.609999895095825,2.619999885559082,2.490000009536743,2.549999952316284,1512000
2015-07-13,2.2260208129882812,2.6700000762939453,2.680000066757202,2.5999999046325684,2.609999895095825,922000
2015-07-14,2.201009750366211,2.640000104904175,2.700000047683716,2.609999895095825,2.700000047683716,471000
2015-07-15,2.201009750366211,2.640000104904175,2.700000047683716,2.619999885559082,2.700000047683716,457000
2015-07-16,2.1926722526550293,2.630000114440918,2.6500000953674316,2.5999999046325684,2.5999999046325684,880054
2015-07-17,2.259369373321533,2.7100000381469727,2.7899999618530273,2.619999885559082,2.6700000762939453,763000
2015-07-20,2.2260208129882812,2.6700000762939453,2.75,2.619999885559082,2.700000047683716,351000
2015-07-21,2.2093465328216553,2.6500000953674316,2.700000047683716,2.640000104904175,2.6700000762939453,201000
2015-07-22,2.167660713195801,2.5999999046325684,2.6500000953674316,2.5999999046325684,2.609999895095825,1255000
2015-07-23,2.175997734069824,2.609999895095825,2.6500000953674316,2.5899999141693115,2.5899999141693115,1254000
2015-07-24,2.175997734069824,2.609999895095825,2.6500000953674316,2.5999999046325684,2.5999999046325684,953000
2015-07-27,2.1259748935699463,2.549999952316284,2.619999885559082,2.5299999713897705,2.5799999237060547,947000
2015-07-28,2.1343119144439697,2.559999942779541,2.5899999141693115,2.440000057220459,2.440000057220459,998000
2015-07-29,2.150986433029175,2.5799999237060547,2.5999999046325684,2.549999952316284,2.5999999046325684,485000
2015-07-30,2.1343119144439697,2.559999942779541,2.630000114440918,2.559999942779541,2.5799999237060547,244000
2015-07-31,2.1259748935699463,2.549999952316284,2.5799999237060547,2.5299999713897705,2.559999942779541,174000
2015-08-03,2.1259748935699463,2.549999952316284,2.5799999237060547,2.5199999809265137,2.5299999713897705,307000
2015-08-04,2.1176376342773438,2.5399999618530273,2.549999952316284,2.5,2.5199999809265137,127000
2015-08-05,2.1259748935699463,2.549999952316284,2.559999942779541,2.5299999713897705,2.549999952316284,206000
2015-08-06,2.1176376342773438,2.5399999618530273,2.549999952316284,2.5299999713897705,2.5399999618530273,321000
2015-08-07,2.1259748935699463,2.549999952316284,2.5799999237060547,2.5,2.5,289000
2015-08-10,2.1259748935699463,2.549999952316284,2.559999942779541,2.5,2.5299999713897705,373000
2015-08-11,2.1259748935699463,2.549999952316284,2.559999942779541,2.509999990463257,2.549999952316284,229000
2015-08-12,2.1259748935699463,2.549999952316284,2.569999933242798,2.509999990463257,2.5199999809265137,405000
2015-08-13,2.1259748935699463,2.549999952316284,2.549999952316284,2.509999990463257,2.5299999713897705,96000
2015-08-14,2.1093006134033203,2.5299999713897705,2.5899999141693115,2.5199999809265137,2.5399999618530273,1307000
2015-08-17,2.1259748935699463,2.549999952316284,2.559999942779541,2.5,2.5299999713897705,1746000
2015-08-18,2.1259748935699463,2.549999952316284,2.569999933242798,2.5299999713897705,2.549999952316284,1319000
2015-08-19,2.1093006134033203,2.5299999713897705,2.569999933242798,2.5299999713897705,2.5399999618530273,1959000
2015-08-20,2.100963592529297,2.5199999809265137,2.569999933242798,2.490000009536743,2.490000009536743,4014000
2015-08-21,2.050940752029419,2.4600000381469727,2.509999990463257,2.450000047683716,2.4800000190734863,4015000
2015-08-24,1.934220314025879,2.319999933242798,2.450000047683716,2.299999952316284,2.450000047683716,910000
2015-08-25,1.8758602142333984,2.25,2.2799999713897705,2.200000047683716,2.25,1368000
2015-08-26,1.892534613609314,2.2699999809265137,2.2799999713897705,2.190000057220459,2.240000009536743,1336000
2015-08-27,1.942557454109192,2.3299999237060547,2.3399999141693115,2.2799999713897705,2.299999952316284,224000
2015-08-28,1.9759060144424438,2.369999885559082,2.440000057220459,2.3399999141693115,2.3499999046325684,727000
2015-08-31,1.934220314025879,2.319999933242798,2.380000114440918,2.309999942779541,2.380000114440918,425000
2015-09-01,1.9175459146499634,2.299999952316284,2.380000114440918,2.2699999809265137,2.299999952316284,880000
2015-09-02,1.9175459146499634,2.299999952316284,2.359999895095825,2.299999952316284,2.299999952316284,263000
2015-09-04,1.9175459146499634,2.299999952316284,2.3399999141693115,2.259999990463257,2.299999952316284,681000
2015-09-07,1.9175459146499634,2.299999952316284,2.309999942779541,2.2799999713897705,2.299999952316284,961000
2015-09-08,1.9258830547332764,2.309999942779541,2.3399999141693115,2.299999952316284,2.309999942779541,614000
2015-09-09,1.9842431545257568,2.380000114440918,2.4000000953674316,2.3299999237060547,2.3299999237060547,445000
2015-09-10,1.9842431545257568,2.380000114440918,2.430000066757202,2.3499999046325684,2.430000066757202,72000
2015-09-11,1.9925806522369385,2.390000104904175,2.390000104904175,2.369999885559082,2.380000114440918,32000
2015-09-14,1.9592317342758179,2.3499999046325684,2.4000000953674316,2.3299999237060547,2.390000104904175,336000
2015-09-15,1.934220314025879,2.319999933242798,2.3399999141693115,2.2799999713897705,2.3399999141693115,218000
2015-09-16,1.9592317342758179,2.3499999046325684,2.380000114440918,2.309999942779541,2.319999933242798,106000
2015-09-17,1.942557454109192,2.3299999237060547,2.380000114440918,2.3299999237060547,2.3499999046325684,180000
2015-09-18,1.942557454109192,2.3299999237060547,2.4000000953674316,2.3299999237060547,2.3399999141693115,305991
2015-09-21,1.9258830547332764,2.309999942779541,2.3499999046325684,2.299999952316284,2.319999933242798,133000
2015-09-22,1.9258830547332764,2.309999942779541,2.369999885559082,2.299999952316284,2.299999952316284,121000
2015-09-23,1.8758602142333984,2.25,2.309999942779541,2.2300000190734863,2.2899999618530273,198000
2015-09-24,1.8591859340667725,2.2300000190734863,2.259999990463257,2.2100000381469727,2.25,109000
2015-09-25,1.884197473526001,2.259999990463257,2.319999933242798,2.2100000381469727,2.2200000286102295,260000
2015-09-29,1.834174633026123,2.200000047683716,2.25,2.200000047683716,2.2200000286102295,182000
2015-09-30,1.8675230741500854,2.240000009536743,2.25,2.200000047683716,2.2100000381469727,221000
2015-10-02,1.884197473526001,2.259999990463257,2.299999952316284,2.190000057220459,2.2699999809265137,171000
2015-10-05,1.9092087745666504,2.2899999618530273,2.2899999618530273,2.2300000190734863,2.2799999713897705,168000
2015-10-06,1.8758602142333984,2.25,2.299999952316284,2.240000009536743,2.299999952316284,66000
2015-10-07,1.9508945941925049,2.3399999141693115,2.359999895095825,2.240000009536743,2.240000009536743,338000
2015-10-08,1.9508945941925049,2.3399999141693115,2.359999895095825,2.299999952316284,2.359999895095825,72000
2015-10-09,1.9592317342758179,2.3499999046325684,2.359999895095825,2.299999952316284,2.359999895095825,216000
2015-10-12,1.9925806522369385,2.390000104904175,2.4100000858306885,2.3399999141693115,2.359999895095825,285000
2015-10-13,1.9842431545257568,2.380000114440918,2.430000066757202,2.3499999046325684,2.4100000858306885,278000
2015-10-14,1.9759060144424438,2.369999885559082,2.390000104904175,2.369999885559082,2.380000114440918,308000
2015-10-15,1.9925806522369385,2.390000104904175,2.4200000762939453,2.369999885559082,2.390000104904175,83000
2015-10-16,2.000917673110962,2.4000000953674316,2.4100000858306885,2.390000104904175,2.4000000953674316,136000
2015-10-19,1.9925806522369385,2.390000104904175,2.4100000858306885,2.390000104904175,2.4000000953674316,351000
2015-10-20,2.000917673110962,2.4000000953674316,2.4100000858306885,2.380000114440918,2.380000114440918,61000
2015-10-22,1.9925806522369385,2.390000104904175,2.4000000953674316,2.380000114440918,2.4000000953674316,18000
2015-10-23,1.9925806522369385,2.390000104904175,2.4100000858306885,2.390000104904175,2.390000104904175,94000
2015-10-26,2.000917673110962,2.4000000953674316,2.4000000953674316,2.380000114440918,2.380000114440918,226000
2015-10-27,2.0092549324035645,2.4100000858306885,2.4200000762939453,2.390000104904175,2.390000104904175,112000
2015-10-28,1.9925806522369385,2.390000104904175,2.440000057220459,2.359999895095825,2.359999895095825,3157000
2015-10-29,1.9925806522369385,2.390000104904175,2.4000000953674316,2.380000114440918,2.4000000953674316,159000
2015-10-30,1.9925806522369385,2.390000104904175,2.450000047683716,2.380000114440918,2.380000114440918,21000
2015-11-02,1.9759060144424438,2.369999885559082,2.430000066757202,2.359999895095825,2.369999885559082,847000
2015-11-03,1.9925806522369385,2.390000104904175,2.4100000858306885,2.369999885559082,2.369999885559082,56000
2015-11-04,2.000917673110962,2.4000000953674316,2.430000066757202,2.390000104904175,2.390000104904175,215000
2015-11-05,2.000917673110962,2.4000000953674316,2.430000066757202,2.390000104904175,2.390000104904175,40000
2015-11-06,1.9759060144424438,2.369999885559082,2.4000000953674316,2.359999895095825,2.380000114440918,91000
2015-11-09,1.9759060144424438,2.369999885559082,2.390000104904175,2.369999885559082,2.369999885559082,130000
2015-11-10,1.9508945941925049,2.3399999141693115,2.359999895095825,2.299999952316284,2.3299999237060547,185000
2015-11-11,1.9508945941925049,2.3399999141693115,2.3499999046325684,2.3299999237060547,2.3299999237060547,27000
2015-11-12,1.9842431545257568,2.380000114440918,2.390000104904175,2.3299999237060547,2.3399999141693115,35000
2015-11-13,1.9508945941925049,2.3399999141693115,2.369999885559082,2.309999942779541,2.309999942779541,106000
2015-11-16,1.9508945941925049,2.3399999141693115,2.3399999141693115,2.309999942779541,2.309999942779541,34000
2015-11-17,1.9759060144424438,2.369999885559082,2.4200000762939453,2.3499999046325684,2.3499999046325684,260000
2015-11-18,1.9925806522369385,2.390000104904175,2.4000000953674316,2.380000114440918,2.380000114440918,147000
2015-11-19,1.9925806522369385,2.390000104904175,2.4000000953674316,2.390000104904175,2.390000104904175,127000
2015-11-20,1.9925806522369385,2.390000104904175,2.4000000953674316,2.380000114440918,2.380000114440918,128000
2015-11-23,1.9842431545257568,2.380000114440918,2.4100000858306885,2.380000114440918,2.390000104904175,175000
2015-11-24,1.9508945941925049,2.3399999141693115,2.380000114440918,2.299999952316284,2.380000114440918,113000
2015-11-25,1.9508945941925049,2.3399999141693115,2.4000000953674316,2.299999952316284,2.3299999237060547,137000
2015-11-26,1.9258830547332764,2.309999942779541,2.369999885559082,2.299999952316284,2.369999885559082,472000
2015-11-27,1.884197473526001,2.259999990463257,2.3499999046325684,2.2100000381469727,2.3299999237060547,590000
2015-11-30,1.8591859340667725,2.2300000190734863,2.2899999618530273,2.1500000953674316,2.200000047683716,259000
2015-12-01,1.8508487939834595,2.2200000286102295,2.2899999618530273,2.180000066757202,2.2100000381469727,261000
2015-12-02,1.8591859340667725,2.2300000190734863,2.25,2.1700000762939453,2.2200000286102295,390000
2015-12-03,1.8425116539001465,2.2100000381469727,2.25,2.1700000762939453,2.2300000190734863,218000
2015-12-04,1.8258373737335205,2.190000057220459,2.25,2.1600000858306885,2.200000047683716,218000
2015-12-07,1.834174633026123,2.200000047683716,2.25,2.190000057220459,2.200000047683716,474000
2015-12-08,1.767477035522461,2.119999885559082,2.200000047683716,2.0999999046325684,2.190000057220459,1528000
2015-12-09,1.742465615272522,2.0899999141693115,2.1500000953674316,2.059999942779541,2.109999895095825,700000
2015-12-10,1.7341285943984985,2.0799999237060547,2.140000104904175,2.059999942779541,2.069999933242798,278000
2015-12-11,1.6924428939819336,2.0299999713897705,2.1500000953674316,2.009999990463257,2.0899999141693115,769000
2015-12-14,1.6757683753967285,2.009999990463257,2.0299999713897705,1.9700000286102295,2.009999990463257,882000
2015-12-15,1.6924428939819336,2.0299999713897705,2.0399999618530273,2.0,2.009999990463257,358000
2015-12-16,1.7091171741485596,2.049999952316284,2.059999942779541,2.0199999809265137,2.0399999618530273,218000
2015-12-17,1.775814414024353,2.130000114440918,2.140000104904175,2.049999952316284,2.049999952316284,406000
2015-12-18,1.834174633026123,2.200000047683716,2.299999952316284,2.0799999237060547,2.130000114440918,1928444
2015-12-21,1.8425116539001465,2.2100000381469727,2.2300000190734863,2.180000066757202,2.180000066757202,274000
2015-12-22,1.884197473526001,2.259999990463257,2.2799999713897705,2.2100000381469727,2.2100000381469727,471000
2015-12-23,1.8425116539001465,2.2100000381469727,2.2799999713897705,2.2100000381469727,2.259999990463257,254000
2015-12-24,1.8591859340667725,2.2300000190734863,2.240000009536743,2.2300000190734863,2.240000009536743,68000
2015-12-28,1.8675230741500854,2.240000009536743,2.259999990463257,2.2300000190734863,2.240000009536743,235000
2015-12-29,1.834174633026123,2.200000047683716,2.25,2.190000057220459,2.240000009536743,113000
2015-12-30,1.9925806522369385,2.390000104904175,2.4000000953674316,2.180000066757202,2.2200000286102295,1336000
2015-12-31,2.017591953277588,2.4200000762939453,2.440000057220459,2.2300000190734863,2.380000114440918,2076000
2016-01-04,1.9092087745666504,2.2899999618530273,2.390000104904175,2.2799999713897705,2.390000104904175,493000
2016-01-05,1.942557454109192,2.3299999237060547,2.3299999237060547,2.25,2.2699999809265137,93000
2016-01-06,1.892534613609314,2.2699999809265137,2.319999933242798,2.259999990463257,2.319999933242798,133000
2016-01-07,1.8175002336502075,2.180000066757202,2.2799999713897705,2.109999895095825,2.240000009536743,459000
2016-01-08,1.8425116539001465,2.2100000381469727,2.2200000286102295,2.1700000762939453,2.2100000381469727,100000
2016-01-11,1.750802755355835,2.0999999046325684,2.1700000762939453,2.069999933242798,2.1700000762939453,472000
2016-01-12,1.750802755355835,2.0999999046325684,2.119999885559082,2.069999933242798,2.109999895095825,140000
2016-01-13,1.775814414024353,2.130000114440918,2.200000047683716,2.119999885559082,2.119999885559082,102000
2016-01-14,1.742465615272522,2.0899999141693115,2.109999895095825,2.049999952316284,2.0999999046325684,123000
2016-01-15,1.7591400146484375,2.109999895095825,2.119999885559082,2.059999942779541,2.059999942779541,51000
2016-01-18,1.7174543142318726,2.059999942779541,2.0899999141693115,2.049999952316284,2.069999933242798,104000
2016-01-19,1.742465615272522,2.0899999141693115,2.0999999046325684,2.009999990463257,2.049999952316284,88000
2016-01-20,1.6757683753967285,2.009999990463257,2.059999942779541,2.009999990463257,2.0199999809265137,85000
2016-01-21,1.667431354522705,2.0,2.0799999237060547,1.9700000286102295,2.0199999809265137,308000
2016-01-22,1.659094214439392,1.9900000095367432,2.009999990463257,1.9800000190734863,2.0,416000
2016-01-25,1.667431354522705,2.0,2.0199999809265137,1.9900000095367432,2.0,650000
2016-01-26,1.6424199342727661,1.9700000286102295,2.0,1.9500000476837158,2.0,333000
2016-01-27,1.6507569551467896,1.9800000190734863,2.0199999809265137,1.9700000286102295,2.0199999809265137,130000
2016-01-28,1.6257455348968506,1.9500000476837158,1.9900000095367432,1.940000057220459,1.9800000190734863,86000
2016-01-29,1.6757683753967285,2.009999990463257,2.009999990463257,1.9600000381469727,1.9600000381469727,53000
2016-02-01,1.6507569551467896,1.9800000190734863,2.009999990463257,1.9800000190734863,2.0,44000
2016-02-02,1.6424199342727661,1.9700000286102295,1.9900000095367432,1.9500000476837158,1.9500000476837158,56000
2016-02-03,1.6340827941894531,1.9600000381469727,1.9600000381469727,1.899999976158142,1.9600000381469727,288000
2016-02-04,1.575722575187683,1.8899999856948853,1.9700000286102295,1.8899999856948853,1.9700000286102295,91884000
2016-02-05,1.600733995437622,1.9199999570846558,1.9900000095367432,1.8899999856948853,1.899999976158142,202000
2016-02-11,1.5340368747711182,1.840000033378601,1.899999976158142,1.840000033378601,1.8899999856948853,237000
2016-02-12,1.5006881952285767,1.7999999523162842,1.8300000429153442,1.7799999713897705,1.8200000524520874,298000
2016-02-15,1.5507112741470337,1.8600000143051147,1.8899999856948853,1.8300000429153442,1.8300000429153442,124000
2016-02-16,1.592396855354309,1.909999966621399,1.9500000476837158,1.899999976158142,1.899999976158142,358000
2016-02-17,1.5673854351043701,1.8799999952316284,1.909999966621399,1.8700000047683716,1.909999966621399,162000
2016-02-18,1.575722575187683,1.8899999856948853,2.0,1.8799999952316284,1.899999976158142,118470000
2016-02-19,1.6257455348968506,1.9500000476837158,1.9800000190734863,1.899999976158142,1.8899999856948853,71230000
2016-02-22,1.6424199342727661,1.9700000286102295,1.9700000286102295,1.9299999475479126,1.9500000476837158,358000
2016-02-23,1.6090712547302246,1.9299999475479126,1.9800000190734863,1.9199999570846558,1.9800000190734863,88000
2016-02-24,1.600733995437622,1.9199999570846558,1.9700000286102295,1.899999976158142,1.9299999475479126,816000
2016-02-25,1.592396855354309,1.909999966621399,1.9299999475479126,1.8899999856948853,1.9199999570846558,224000
2016-02-26,1.584059715270996,1.899999976158142,1.9299999475479126,1.899999976158142,1.9199999570846558,163000
2016-02-29,1.575722575187683,1.8899999856948853,1.909999966621399,1.8600000143051147,1.8899999856948853,173000
2016-03-01,1.584059715270996,1.899999976158142,1.909999966621399,1.8799999952316284,1.899999976158142,108000
2016-03-02,1.6090712547302246,1.9299999475479126,1.9500000476837158,1.9199999570846558,1.9199999570846558,573000
2016-03-03,1.6090712547302246,1.9299999475479126,1.9600000381469727,1.899999976158142,1.9600000381469727,400000
2016-03-04,1.6257455348968506,1.9500000476837158,1.9800000190734863,1.9299999475479126,1.9500000476837158,290000
2016-03-07,1.6507569551467896,1.9800000190734863,1.9900000095367432,1.9500000476837158,1.9700000286102295,434000
2016-03-08,1.6340827941894531,1.9600000381469727,2.0,1.9500000476837158,1.9900000095367432,770000
2016-03-09,1.6424199342727661,1.9700000286102295,2.0,1.9600000381469727,1.9600000381469727,395000
2016-03-10,1.6424199342727661,1.9700000286102295,2.0,1.9700000286102295,1.9900000095367432,211000
2016-03-11,1.659094214439392,1.9900000095367432,2.0,1.9800000190734863,1.9800000190734863,85000
2016-03-14,1.6924428939819336,2.0299999713897705,2.049999952316284,1.9800000190734863,1.9900000095367432,416000
2016-03-15,1.659094214439392,1.9900000095367432,2.009999990463257,1.9800000190734863,1.9900000095367432,525000
2016-03-16,1.6340827941894531,1.9600000381469727,1.9900000095367432,1.9500000476837158,1.9800000190734863,434000
2016-03-17,1.667431354522705,2.0,2.0199999809265137,1.9800000190734863,1.9900000095367432,345000
2016-03-18,1.6757683753967285,2.009999990463257,2.0299999713897705,1.9900000095367432,2.009999990463257,283207
2016-03-21,1.684105634689331,2.0199999809265137,2.0299999713897705,2.009999990463257,2.0299999713897705,180000
2016-03-22,1.750802755355835,2.0999999046325684,2.109999895095825,2.0,2.0299999713897705,769000
2016-03-23,1.775814414024353,2.130000114440918,2.200000047683716,2.0999999046325684,2.109999895095825,697000
2016-03-24,1.8008259534835815,2.1600000858306885,2.1600000858306885,2.0999999046325684,2.109999895095825,348000
2016-03-29,1.8008259534835815,2.1600000858306885,2.180000066757202,2.1600000858306885,2.1700000762939453,717000
2016-03-30,1.8175002336502075,2.180000066757202,2.200000047683716,2.1600000858306885,2.180000066757202,742000
2016-03-31,1.8758602142333984,2.25,2.25,2.190000057220459,2.190000057220459,246000
2016-04-01,1.834174633026123,2.200000047683716,2.25,2.180000066757202,2.25,69000
2016-04-05,1.7924888134002686,2.1500000953674316,2.2100000381469727,2.1500000953674316,2.2100000381469727,124000
2016-04-06,1.8175002336502075,2.180000066757202,2.180000066757202,2.130000114440918,2.1500000953674316,110000
2016-04-07,1.8258373737335205,2.190000057220459,2.190000057220459,2.1600000858306885,2.180000066757202,159000
2016-04-08,1.834174633026123,2.200000047683716,2.200000047683716,2.1600000858306885,2.1600000858306885,268300
2016-04-11,1.8008259534835815,2.1600000858306885,2.190000057220459,2.1600000858306885,2.180000066757202,306000
2016-04-12,1.8258373737335205,2.190000057220459,2.200000047683716,2.1700000762939453,2.190000057220459,76000
2016-04-13,1.8425116539001465,2.2100000381469727,2.2300000190734863,2.200000047683716,2.2100000381469727,163000
2016-04-14,1.8425116539001465,2.2100000381469727,2.259999990463257,2.200000047683716,2.240000009536743,258000
2016-04-15,1.834174633026123,2.200000047683716,2.2300000190734863,2.200000047683716,2.2200000286102295,47000
2016-04-18,1.7841516733169556,2.140000104904175,2.200000047683716,2.119999885559082,2.200000047683716,208000
2016-04-19,1.8258373737335205,2.190000057220459,2.2200000286102295,2.1600000858306885,2.1600000858306885,656000
2016-04-20,1.8258373737335205,2.190000057220459,2.2100000381469727,2.190000057220459,2.2100000381469727,173000
2016-04-21,1.8591859340667725,2.2300000190734863,2.2799999713897705,2.2100000381469727,2.2799999713897705,8241000
2016-04-22,1.8675230741500854,2.240000009536743,2.240000009536743,2.2100000381469727,2.2200000286102295,14000
2016-04-25,1.8175002336502075,2.180000066757202,2.2200000286102295,2.0999999046325684,2.2200000286102295,184000
2016-04-26,1.7924888134002686,2.1500000953674316,2.2200000286102295,2.1500000953674316,2.1700000762939453,78000
2016-04-27,1.8258373737335205,2.190000057220459,2.200000047683716,2.180000066757202,2.200000047683716,42000
2016-04-28,1.834174633026123,2.200000047683716,2.240000009536743,2.180000066757202,2.2200000286102295,438000
2016-04-29,1.834174633026123,2.200000047683716,2.2100000381469727,2.180000066757202,2.180000066757202,295000
2016-05-03,1.8008259534835815,2.1600000858306885,2.200000047683716,2.1500000953674316,2.190000057220459,207000
2016-05-04,1.834174633026123,2.200000047683716,2.2200000286102295,2.180000066757202,2.190000057220459,503000
2016-05-05,1.834174633026123,2.200000047683716,2.240000009536743,2.190000057220459,2.200000047683716,106000
2016-05-06,1.7841516733169556,2.140000104904175,2.200000047683716,2.109999895095825,2.190000057220459,316000
2016-05-09,1.8008259534835815,2.1600000858306885,2.180000066757202,2.140000104904175,2.140000104904175,98000
2016-05-10,1.8258373737335205,2.190000057220459,2.200000047683716,2.1600000858306885,2.1600000858306885,46000
2016-05-11,1.8091630935668945,2.1700000762939453,2.2100000381469727,2.130000114440918,2.130000114440918,182000
2016-05-12,1.7924888134002686,2.1500000953674316,2.1500000953674316,2.119999885559082,2.130000114440918,64000
2016-05-13,1.7591400146484375,2.109999895095825,2.1600000858306885,2.0999999046325684,2.1500000953674316,222000
2016-05-16,1.767477035522461,2.119999885559082,2.190000057220459,2.0899999141693115,2.0899999141693115,123000
2016-05-17,1.775814414024353,2.130000114440918,2.1600000858306885,2.130000114440918,2.140000104904175,53020
2016-05-18,1.700779914855957,2.0399999618530273,2.130000114440918,2.0,2.059999942779541,209000
2016-05-19,1.742465615272522,2.0899999141693115,2.0999999046325684,2.049999952316284,2.069999933242798,120487000
2016-05-20,1.775814414024353,2.130000114440918,2.1500000953674316,2.0899999141693115,2.119999885559082,94000
2016-05-23,1.775814414024353,2.130000114440918,2.1500000953674316,2.0999999046325684,2.130000114440918,106000
2016-05-24,1.742465615272522,2.0899999141693115,2.140000104904175,2.0799999237060547,2.140000104904175,349000
2016-05-25,1.767477035522461,2.119999885559082,2.1600000858306885,2.109999895095825,2.119999885559082,905000
2016-05-26,1.756124496459961,1.9800000190734863,2.049999952316284,1.9700000286102295,2.049999952316284,381000
2016-05-27,1.782732367515564,2.009999990463257,2.0899999141693115,1.9800000190734863,1.9800000190734863,418000
2016-05-30,1.8093403577804565,2.0399999618530273,2.059999942779541,2.009999990463257,2.059999942779541,199000
2016-05-31,1.8093403577804565,2.0399999618530273,2.069999933242798,2.009999990463257,2.0299999713897705,260000
2016-06-01,1.8093403577804565,2.0399999618530273,2.049999952316284,2.009999990463257,2.049999952316284,55000
2016-06-02,1.8093403577804565,2.0399999618530273,2.059999942779541,2.009999990463257,2.049999952316284,245000
2016-06-03,1.8093403577804565,2.0399999618530273,2.0399999618530273,2.009999990463257,2.0399999618530273,943000
2016-06-06,1.7916017770767212,2.0199999809265137,2.0299999713897705,2.009999990463257,2.0299999713897705,499000
2016-06-07,1.827078938484192,2.059999942779541,2.0799999237060547,2.0199999809265137,2.069999933242798,444000
2016-06-08,1.8004710674285889,2.0299999713897705,2.0899999141693115,2.0299999713897705,2.0799999237060547,416000
2016-06-10,1.782732367515564,2.009999990463257,2.0399999618530273,1.9900000095367432,2.0399999618530273,157000
2016-06-13,1.7383859157562256,1.9600000381469727,2.0,1.9500000476837158,2.0,235000
2016-06-14,1.756124496459961,1.9800000190734863,2.0199999809265137,1.9800000190734863,2.0199999809265137,33000
2016-06-15,1.756124496459961,1.9800000190734863,2.0,1.9600000381469727,1.9600000381469727,64000
2016-06-16,1.7295165061950684,1.9500000476837158,1.9700000286102295,1.9299999475479126,1.9700000286102295,356000
2016-06-17,1.7295165061950684,1.9500000476837158,1.9500000476837158,1.9500000476837158,1.9500000476837158,120000
2016-06-20,1.7295165061950684,1.9500000476837158,1.9600000381469727,1.940000057220459,1.9600000381469727,606000
2016-06-21,1.7472552061080933,1.9700000286102295,1.9700000286102295,1.9500000476837158,1.9500000476837158,187000
2016-06-22,1.756124496459961,1.9800000190734863,1.9800000190734863,1.9299999475479126,1.9600000381469727,761000
2016-06-23,1.7383859157562256,1.9600000381469727,1.9800000190734863,1.9299999475479126,1.9800000190734863,180000
2016-06-24,1.7383859157562256,1.9600000381469727,1.9900000095367432,1.9199999570846558,1.9500000476837158,551000
2016-06-27,1.7738630771636963,2.0,2.0199999809265137,1.940000057220459,1.940000057220459,72000
2016-06-28,1.7472552061080933,1.9700000286102295,2.0299999713897705,1.9500000476837158,1.9600000381469727,213000
2016-06-29,1.7649939060211182,1.9900000095367432,1.9900000095367432,1.9700000286102295,1.9700000286102295,250000
2016-06-30,1.756124496459961,1.9800000190734863,2.0199999809265137,1.9800000190734863,2.0199999809265137,463000
2016-07-04,1.7916017770767212,2.0199999809265137,2.0199999809265137,2.0,2.0,113000
2016-07-05,1.7649939060211182,1.9900000095367432,2.0199999809265137,1.9900000095367432,2.009999990463257,28000
2016-07-06,1.756124496459961,1.9800000190734863,2.0,1.9600000381469727,1.9600000381469727,200000
2016-07-07,1.756124496459961,1.9800000190734863,1.9800000190734863,1.9800000190734863,1.9800000190734863,0
2016-07-08,1.7472552061080933,1.9700000286102295,2.009999990463257,1.9700000286102295,1.9800000190734863,176000
2016-07-11,1.7649939060211182,1.9900000095367432,2.0,1.9800000190734863,1.9900000095367432,122000
2016-07-12,1.8004710674285889,2.0299999713897705,2.0399999618530273,1.9900000095367432,1.9900000095367432,145000
2016-07-13,1.8004710674285889,2.0299999713897705,2.0399999618530273,2.0,2.0199999809265137,90164000
2016-07-14,1.7916017770767212,2.0199999809265137,2.0299999713897705,2.0,2.0199999809265137,251000
2016-07-15,1.8093403577804565,2.0399999618530273,2.049999952316284,2.0299999713897705,2.0399999618530273,65000
2016-07-18,1.8359482288360596,2.069999933242798,2.0899999141693115,2.0399999618530273,2.0399999618530273,418000
2016-07-19,1.8891643285751343,2.130000114440918,2.140000104904175,2.059999942779541,2.069999933242798,668000
2016-07-20,1.898033618927002,2.140000104904175,2.190000057220459,2.109999895095825,2.140000104904175,1558000
2016-07-21,1.8802947998046875,2.119999885559082,2.1700000762939453,2.109999895095825,2.1500000953674316,565000
2016-07-22,1.8802947998046875,2.119999885559082,2.1600000858306885,2.0899999141693115,2.0899999141693115,290000
2016-07-25,1.9069030284881592,2.1500000953674316,2.1500000953674316,2.140000104904175,2.140000104904175,63000
2016-07-26,1.898033618927002,2.140000104904175,2.1600000858306885,2.0999999046325684,2.140000104904175,420000
2016-07-27,1.9069030284881592,2.1500000953674316,2.190000057220459,2.119999885559082,2.1500000953674316,483000
2016-07-28,1.8714255094528198,2.109999895095825,2.130000114440918,2.0799999237060547,2.140000104904175,315000
2016-07-29,1.8625562191009521,2.0999999046325684,2.109999895095825,2.0799999237060547,2.0999999046325684,396000
2016-08-01,1.8714255094528198,2.109999895095825,2.1500000953674316,2.0899999141693115,2.0999999046325684,343000
2016-08-02,1.8714255094528198,2.109999895095825,2.109999895095825,2.109999895095825,2.109999895095825,0
2016-08-03,1.8802947998046875,2.119999885559082,2.119999885559082,2.0899999141693115,2.0899999141693115,104000
2016-08-04,1.8891643285751343,2.130000114440918,2.130000114440918,2.109999895095825,2.119999885559082,170000
2016-08-05,1.8891643285751343,2.130000114440918,2.140000104904175,2.0899999141693115,2.130000114440918,374000
2016-08-08,1.8891643285751343,2.130000114440918,2.130000114440918,2.0799999237060547,2.130000114440918,152000
2016-08-09,1.8891643285751343,2.130000114440918,2.140000104904175,2.109999895095825,2.119999885559082,832000
2016-08-10,1.8714255094528198,2.109999895095825,2.130000114440918,2.0799999237060547,2.130000114440918,892000
2016-08-11,1.9157721996307373,2.1600000858306885,2.1600000858306885,2.119999885559082,2.119999885559082,555000
2016-08-12,1.9157721996307373,2.1600000858306885,2.180000066757202,2.1600000858306885,2.1700000762939453,1045000
2016-08-15,1.9335108995437622,2.180000066757202,2.200000047683716,2.1600000858306885,2.1700000762939453,1795000
2016-08-16,1.9778573513031006,2.2300000190734863,2.25,2.180000066757202,2.200000047683716,2192000
2016-08-17,1.9867266416549683,2.240000009536743,2.2699999809265137,2.2200000286102295,2.2300000190734863,1213000
2016-08-18,2.0133347511291504,2.2699999809265137,2.2899999618530273,2.2300000190734863,2.240000009536743,2210000
2016-08-19,2.0133347511291504,2.2699999809265137,2.2699999809265137,2.240000009536743,2.259999990463257,280000
2016-08-22,1.9778573513031006,2.2300000190734863,2.299999952316284,2.2200000286102295,2.2899999618530273,435000
2016-08-23,1.9778573513031006,2.2300000190734863,2.259999990463257,2.2200000286102295,2.240000009536743,179000
2016-08-24,1.995595932006836,2.25,2.259999990463257,2.200000047683716,2.240000009536743,664000
2016-08-25,1.9778573513031006,2.2300000190734863,2.25,2.2200000286102295,2.25,123000
2016-08-26,1.9778573513031006,2.2300000190734863,2.2699999809265137,2.2300000190734863,2.259999990463257,329000
2016-08-29,1.995595932006836,2.25,2.259999990463257,2.2100000381469727,2.259999990463257,204000
2016-08-30,2.0133347511291504,2.2699999809265137,2.2799999713897705,2.240000009536743,2.2799999713897705,414000
2016-08-31,2.004465341567993,2.259999990463257,2.309999942779541,2.25,2.2799999713897705,386000
2016-09-01,2.0310733318328857,2.2899999618530273,2.299999952316284,2.259999990463257,2.2699999809265137,1241000
2016-09-02,2.0576813220977783,2.319999933242798,2.3399999141693115,2.2899999618530273,2.3399999141693115,509000
2016-09-05,2.102027654647827,2.369999885559082,2.369999885559082,2.319999933242798,2.3399999141693115,894000
2016-09-06,2.102027654647827,2.369999885559082,2.380000114440918,2.3299999237060547,2.380000114440918,717000
2016-09-07,2.128635883331299,2.4000000953674316,2.4000000953674316,2.3399999141693115,2.4000000953674316,668000
2016-09-08,2.1108970642089844,2.380000114440918,2.4100000858306885,2.3499999046325684,2.4100000858306885,437000
2016-09-09,2.1641130447387695,2.440000057220459,2.4800000190734863,2.380000114440918,2.390000104904175,947000
2016-09-12,2.0576813220977783,2.319999933242798,2.4100000858306885,2.319999933242798,2.4100000858306885,1174000
2016-09-13,2.0665504932403564,2.3299999237060547,2.4000000953674316,2.319999933242798,2.3499999046325684,413000
2016-09-14,2.084289073944092,2.3499999046325684,2.3499999046325684,2.299999952316284,2.3399999141693115,396000
2016-09-15,2.084289073944092,2.3499999046325684,2.369999885559082,2.299999952316284,2.369999885559082,641000
2016-09-19,2.102027654647827,2.369999885559082,2.380000114440918,2.3499999046325684,2.369999885559082,551000
2016-09-20,2.09315824508667,2.359999895095825,2.4000000953674316,2.3499999046325684,2.380000114440918,384388
2016-09-21,2.1197667121887207,2.390000104904175,2.4000000953674316,2.359999895095825,2.369999885559082,172000
2016-09-22,2.102027654647827,2.369999885559082,2.4200000762939453,2.3299999237060547,2.4000000953674316,810000
2016-09-23,2.1108970642089844,2.380000114440918,2.4000000953674316,2.3499999046325684,2.4000000953674316,166000
2016-09-26,2.0665504932403564,2.3299999237060547,2.4000000953674316,2.2899999618530273,2.4000000953674316,252000
2016-09-27,2.128635883331299,2.4000000953674316,2.4000000953674316,2.3499999046325684,2.4000000953674316,361000
2016-09-28,2.128635883331299,2.4000000953674316,2.450000047683716,2.369999885559082,2.450000047683716,1129000
2016-09-29,2.137505054473877,2.4100000858306885,2.440000057220459,2.390000104904175,2.440000057220459,104000
2016-09-30,2.1108970642089844,2.380000114440918,2.430000066757202,2.3399999141693115,2.4000000953674316,415000
2016-10-03,2.102027654647827,2.369999885559082,2.4100000858306885,2.3499999046325684,2.4100000858306885,179000
2016-10-04,2.09315824508667,2.359999895095825,2.390000104904175,2.3499999046325684,2.359999895095825,304000
2016-10-05,2.102027654647827,2.369999885559082,2.430000066757202,2.359999895095825,2.359999895095825,137000
2016-10-06,2.137505054473877,2.4100000858306885,2.4200000762939453,2.3499999046325684,2.369999885559082,365000
2016-10-07,2.1108970642089844,2.380000114440918,2.4200000762939453,2.380000114440918,2.4200000762939453,38000
2016-10-11,2.1108970642089844,2.380000114440918,2.390000104904175,2.3499999046325684,2.390000104904175,198000
2016-10-12,2.102027654647827,2.369999885559082,2.390000104904175,2.369999885559082,2.369999885559082,318000
2016-10-13,2.0665504932403564,2.3299999237060547,2.380000114440918,2.299999952316284,2.380000114440918,1005000
2016-10-14,2.102027654647827,2.369999885559082,2.369999885559082,2.3399999141693115,2.3499999046325684,474000
2016-10-17,2.102027654647827,2.369999885559082,2.390000104904175,2.3399999141693115,2.380000114440918,308000
2016-10-18,2.128635883331299,2.4000000953674316,2.4100000858306885,2.359999895095825,2.390000104904175,448000
2016-10-19,2.1197667121887207,2.390000104904175,2.4100000858306885,2.380000114440918,2.4100000858306885,146000
2016-10-20,2.1197667121887207,2.390000104904175,2.4100000858306885,2.369999885559082,2.4100000858306885,94000
2016-10-21,2.1197667121887207,2.390000104904175,2.390000104904175,2.390000104904175,2.390000104904175,0
2016-10-24,2.1108970642089844,2.380000114440918,2.4000000953674316,2.359999895095825,2.380000114440918,454000
2016-10-25,2.128635883331299,2.4000000953674316,2.4000000953674316,2.380000114440918,2.380000114440918,191000
2016-10-26,2.1108970642089844,2.380000114440918,2.4000000953674316,2.369999885559082,2.4000000953674316,192000
2016-10-27,2.1197667121887207,2.390000104904175,2.4100000858306885,2.3499999046325684,2.380000114440918,378000
2016-10-28,2.1197667121887207,2.390000104904175,2.390000104904175,2.359999895095825,2.390000104904175,424000
2016-10-31,2.1197667121887207,2.390000104904175,2.4000000953674316,2.369999885559082,2.369999885559082,342000
2016-11-01,2.137505054473877,2.4100000858306885,2.4200000762939453,2.4000000953674316,2.4000000953674316,183000
2016-11-02,2.102027654647827,2.369999885559082,2.390000104904175,2.3499999046325684,2.380000114440918,568000
2016-11-03,2.1197667121887207,2.390000104904175,2.4000000953674316,2.3499999046325684,2.359999895095825,245000
2016-11-04,2.1197667121887207,2.390000104904175,2.4000000953674316,2.369999885559082,2.369999885559082,170000
2016-11-07,2.137505054473877,2.4100000858306885,2.440000057220459,2.3499999046325684,2.380000114440918,352000
2016-11-08,2.1197667121887207,2.390000104904175,2.4000000953674316,2.369999885559082,2.4000000953674316,353000
2016-11-09,2.09315824508667,2.359999895095825,2.4000000953674316,2.319999933242798,2.4000000953674316,259000
2016-11-10,2.09315824508667,2.359999895095825,2.4000000953674316,2.359999895095825,2.4000000953674316,62000
2016-11-11,2.084289073944092,2.3499999046325684,2.369999885559082,2.3399999141693115,2.3499999046325684,70000
2016-11-14,2.09315824508667,2.359999895095825,2.390000104904175,2.25,2.3399999141693115,189000
2016-11-15,2.084289073944092,2.3499999046325684,2.369999885559082,2.299999952316284,2.299999952316284,169000
2016-11-16,2.084289073944092,2.3499999046325684,2.3499999046325684,2.309999942779541,2.319999933242798,67000
2016-11-17,2.102027654647827,2.369999885559082,2.369999885559082,2.299999952316284,2.3499999046325684,147000
2016-11-18,2.084289073944092,2.3499999046325684,2.3499999046325684,2.299999952316284,2.309999942779541,223000
2016-11-21,2.048811674118042,2.309999942779541,2.3399999141693115,2.2899999618530273,2.299999952316284,78000
2016-11-22,2.0310733318328857,2.2899999618530273,2.319999933242798,2.2899999618530273,2.2899999618530273,531000
2016-11-23,2.0576813220977783,2.319999933242798,2.319999933242798,2.299999952316284,2.299999952316284,106000
2016-11-24,2.048811674118042,2.309999942779541,2.319999933242798,2.2899999618530273,2.309999942779541,82000
2016-11-25,2.048811674118042,2.309999942779541,2.359999895095825,2.2899999618530273,2.359999895095825,149000
2016-11-28,2.0576813220977783,2.319999933242798,2.3399999141693115,2.309999942779541,2.309999942779541,138000
2016-11-29,2.084289073944092,2.3499999046325684,2.369999885559082,2.319999933242798,2.319999933242798,151000
2016-11-30,2.0576813220977783,2.319999933242798,2.3399999141693115,2.319999933242798,2.3399999141693115,187000
2016-12-01,2.0576813220977783,2.319999933242798,2.3299999237060547,2.309999942779541,2.319999933242798,127000
2016-12-02,2.048811674118042,2.309999942779541,2.3499999046325684,2.309999942779541,2.319999933242798,428000
2016-12-05,2.0222039222717285,2.2799999713897705,2.3399999141693115,2.2699999809265137,2.3399999141693115,213000
2016-12-06,2.0665504932403564,2.3299999237060547,2.3299999237060547,2.2799999713897705,2.2799999713897705,47000
2016-12-07,2.0665504932403564,2.3299999237060547,2.3399999141693115,2.299999952316284,2.3299999237060547,119000
2016-12-08,2.084289073944092,2.3499999046325684,2.3499999046325684,2.25,2.3399999141693115,408000
2016-12-09,2.0576813220977783,2.319999933242798,2.3399999141693115,2.299999952316284,2.3399999141693115,240000
2016-12-12,2.039942502975464,2.299999952316284,2.319999933242798,2.2899999618530273,2.319999933242798,122000
2016-12-13,2.048811674118042,2.309999942779541,2.3299999237060547,2.2899999618530273,2.2899999618530273,555000
2016-12-14,2.048811674118042,2.309999942779541,2.309999942779541,2.299999952316284,2.309999942779541,87000
2016-12-15,2.039942502975464,2.299999952316284,2.369999885559082,2.2699999809265137,2.299999952316284,1005000
2016-12-16,2.039942502975464,2.299999952316284,2.319999933242798,2.2799999713897705,2.2899999618530273,627364
2016-12-19,2.039942502975464,2.299999952316284,2.319999933242798,2.2799999713897705,2.319999933242798,271000
2016-12-20,2.0222039222717285,2.2799999713897705,2.299999952316284,2.2799999713897705,2.2899999618530273,203000
2016-12-21,2.0222039222717285,2.2799999713897705,2.3399999141693115,2.2699999809265137,2.2799999713897705,104000
2016-12-22,2.004465341567993,2.259999990463257,2.299999952316284,2.259999990463257,2.2799999713897705,461000
2016-12-23,2.004465341567993,2.259999990463257,2.2699999809265137,2.259999990463257,2.259999990463257,71000
2016-12-28,2.0222039222717285,2.2799999713897705,2.2799999713897705,2.259999990463257,2.259999990463257,36000
2016-12-29,2.0133347511291504,2.2699999809265137,2.2799999713897705,2.2699999809265137,2.2699999809265137,133528
2016-12-30,2.0310733318328857,2.2899999618530273,2.319999933242798,2.2699999809265137,2.2699999809265137,187000
2017-01-03,2.0665504932403564,2.3299999237060547,2.3299999237060547,2.2899999618530273,2.2899999618530273,60000
2017-01-04,2.0576813220977783,2.319999933242798,2.369999885559082,2.309999942779541,2.3399999141693115,118000
2017-01-05,2.102027654647827,2.369999885559082,2.380000114440918,2.3299999237060547,2.3499999046325684,356000
2017-01-06,2.1108970642089844,2.380000114440918,2.4100000858306885,2.3299999237060547,2.4100000858306885,388200
2017-01-09,2.0754199028015137,2.3399999141693115,2.359999895095825,2.3399999141693115,2.3499999046325684,166000
2017-01-10,2.102027654647827,2.369999885559082,2.4000000953674316,2.3499999046325684,2.4000000953674316,273000
2017-01-11,2.09315824508667,2.359999895095825,2.380000114440918,2.3499999046325684,2.3499999046325684,197000
2017-01-12,2.102027654647827,2.369999885559082,2.4000000953674316,2.3499999046325684,2.3499999046325684,562000
2017-01-13,2.102027654647827,2.369999885559082,2.380000114440918,2.3499999046325684,2.369999885559082,221000
2017-01-16,2.09315824508667,2.359999895095825,2.4000000953674316,2.3299999237060547,2.359999895095825,430000
2017-01-17,2.102027654647827,2.369999885559082,2.369999885559082,2.359999895095825,2.359999895095825,23000
2017-01-18,2.09315824508667,2.359999895095825,2.4000000953674316,2.359999895095825,2.369999885559082,415000
2017-01-19,2.1108970642089844,2.380000114440918,2.4100000858306885,2.359999895095825,2.359999895095825,435000
2017-01-20,2.09315824508667,2.359999895095825,2.380000114440918,2.359999895095825,2.369999885559082,152000
2017-01-23,2.102027654647827,2.369999885559082,2.380000114440918,2.359999895095825,2.369999885559082,316000
2017-01-24,2.102027654647827,2.369999885559082,2.390000104904175,2.369999885559082,2.380000114440918,191000
2017-01-25,2.1197667121887207,2.390000104904175,2.390000104904175,2.369999885559082,2.369999885559082,233000
2017-01-26,2.128635883331299,2.4000000953674316,2.4000000953674316,2.390000104904175,2.4000000953674316,105000
2017-01-27,2.1197667121887207,2.390000104904175,2.4000000953674316,2.380000114440918,2.4000000953674316,56000
2017-02-01,2.1108970642089844,2.380000114440918,2.4000000953674316,2.3499999046325684,2.390000104904175,339000
2017-02-02,2.146374464035034,2.4200000762939453,2.430000066757202,2.369999885559082,2.4000000953674316,37000
2017-02-03,2.1197667121887207,2.390000104904175,2.450000047683716,2.359999895095825,2.450000047683716,339000
2017-02-06,2.137505054473877,2.4100000858306885,2.4100000858306885,2.380000114440918,2.390000104904175,171000
2017-02-07,2.137505054473877,2.4100000858306885,2.4200000762939453,2.4100000858306885,2.4100000858306885,169000
2017-02-08,2.1552436351776123,2.430000066757202,2.440000057220459,2.380000114440918,2.380000114440918,522000
2017-02-09,2.146374464035034,2.4200000762939453,2.4800000190734863,2.4200000762939453,2.430000066757202,882000
2017-02-10,2.181851625442505,2.4600000381469727,2.4700000286102295,2.430000066757202,2.430000066757202,815000
2017-02-13,2.181851625442505,2.4600000381469727,2.4800000190734863,2.4600000381469727,2.4700000286102295,550000
2017-02-14,2.1995902061462402,2.4800000190734863,2.4800000190734863,2.450000047683716,2.4800000190734863,365000
2017-02-15,2.2705447673797607,2.559999942779541,2.569999933242798,2.490000009536743,2.490000009536743,1476000
2017-02-16,2.2971527576446533,2.5899999141693115,2.6600000858306885,2.5799999237060547,2.5799999237060547,970000
2017-02-17,2.243936777114868,2.5299999713897705,2.640000104904175,2.5,2.5999999046325684,1001000
2017-02-20,2.2705447673797607,2.559999942779541,2.5799999237060547,2.509999990463257,2.5399999618530273,479000
2017-02-21,2.23506760597229,2.5199999809265137,2.5799999237060547,2.5,2.569999933242798,319000
2017-02-22,2.279414176940918,2.569999933242798,2.5799999237060547,2.5,2.5299999713897705,570000
2017-02-23,2.279414176940918,2.569999933242798,2.569999933242798,2.5,2.569999933242798,2169000
2017-02-24,2.2971527576446533,2.5899999141693115,2.5899999141693115,2.559999942779541,2.569999933242798,596000
2017-02-27,2.2971527576446533,2.5899999141693115,2.5999999046325684,2.559999942779541,2.5999999046325684,328000
2017-02-28,2.3148913383483887,2.609999895095825,2.630000114440918,2.559999942779541,2.5999999046325684,711000
2017-03-01,2.3148913383483887,2.609999895095825,2.609999895095825,2.5899999141693115,2.609999895095825,322000
2017-03-02,2.3148913383483887,2.609999895095825,2.619999885559082,2.5899999141693115,2.5999999046325684,716000
2017-03-03,2.288283348083496,2.5799999237060547,2.5999999046325684,2.549999952316284,2.5999999046325684,476000
2017-03-06,2.2971527576446533,2.5899999141693115,2.5899999141693115,2.559999942779541,2.5799999237060547,270000
2017-03-07,2.2705447673797607,2.559999942779541,2.609999895095825,2.559999942779541,2.5799999237060547,385000
2017-03-08,2.279414176940918,2.569999933242798,2.5899999141693115,2.549999952316284,2.569999933242798,703000
2017-03-09,2.243936777114868,2.5299999713897705,2.569999933242798,2.5,2.569999933242798,742000
2017-03-10,2.243936777114868,2.5299999713897705,2.569999933242798,2.5,2.5299999713897705,442000
2017-03-13,2.243936777114868,2.5299999713897705,2.569999933242798,2.509999990463257,2.5299999713897705,13616000
2017-03-14,2.226198434829712,2.509999990463257,2.549999952316284,2.509999990463257,2.5299999713897705,1636000
2017-03-15,2.23506760597229,2.5199999809265137,2.5399999618530273,2.5,2.5199999809265137,1777000
2017-03-16,2.2616753578186035,2.549999952316284,2.549999952316284,2.5199999809265137,2.5199999809265137,2139000
2017-03-17,2.226198434829712,2.509999990463257,2.549999952316284,2.509999990463257,2.549999952316284,1866000
2017-03-20,2.2173287868499756,2.5,2.5399999618530273,2.5,2.509999990463257,1281000
2017-03-21,2.226198434829712,2.509999990463257,2.549999952316284,2.5,2.5299999713897705,1688000
2017-03-22,2.181851625442505,2.4600000381469727,2.5,2.450000047683716,2.5,1750000
2017-03-23,2.181851625442505,2.4600000381469727,2.509999990463257,2.450000047683716,2.4600000381469727,1216000
2017-03-24,2.2084596157073975,2.490000009536743,2.509999990463257,2.4600000381469727,2.4600000381469727,890000
2017-03-27,2.2084596157073975,2.490000009536743,2.5,2.4700000286102295,2.5,1031000
2017-03-28,2.2173287868499756,2.5,2.509999990463257,2.4700000286102295,2.4700000286102295,776000
2017-03-29,2.2084596157073975,2.490000009536743,2.509999990463257,2.490000009536743,2.5,952000
2017-03-30,2.128635883331299,2.4000000953674316,2.490000009536743,2.380000114440918,2.490000009536743,3365946
2017-03-31,2.146374464035034,2.4200000762939453,2.4200000762939453,2.4000000953674316,2.4000000953674316,425000
2017-04-03,2.137505054473877,2.4100000858306885,2.450000047683716,2.390000104904175,2.4200000762939453,329000
2017-04-05,2.146374464035034,2.4200000762939453,2.440000057220459,2.4000000953674316,2.4100000858306885,538000
2017-04-06,2.1197667121887207,2.390000104904175,2.4200000762939453,2.390000104904175,2.4100000858306885,1222000
2017-04-07,2.1108970642089844,2.380000114440918,2.4000000953674316,2.380000114440918,2.390000104904175,749000
2017-04-10,2.128635883331299,2.4000000953674316,2.4000000953674316,2.369999885559082,2.390000104904175,125000
2017-04-11,2.09315824508667,2.359999895095825,2.4100000858306885,2.359999895095825,2.4000000953674316,503000
2017-04-12,2.102027654647827,2.369999885559082,2.4200000762939453,2.359999895095825,2.369999885559082,1323000
2017-04-13,2.1108970642089844,2.380000114440918,2.4100000858306885,2.369999885559082,2.380000114440918,214000
2017-04-18,2.0665504932403564,2.3299999237060547,2.4000000953674316,2.3299999237060547,2.4000000953674316,966000
2017-04-19,2.09315824508667,2.359999895095825,2.369999885559082,2.309999942779541,2.3399999141693115,23000
2017-04-20,2.084289073944092,2.3499999046325684,2.3499999046325684,2.319999933242798,2.3499999046325684,329000
2017-04-21,2.0665504932403564,2.3299999237060547,2.3399999141693115,2.319999933242798,2.3399999141693115,313000
2017-04-24,2.1108970642089844,2.380000114440918,2.380000114440918,2.319999933242798,2.3499999046325684,238000
2017-04-25,2.1108970642089844,2.380000114440918,2.4000000953674316,2.369999885559082,2.380000114440918,156000
2017-04-26,2.084289073944092,2.3499999046325684,2.380000114440918,2.3499999046325684,2.380000114440918,215000
2017-04-27,2.084289073944092,2.3499999046325684,2.369999885559082,2.2799999713897705,2.3499999046325684,1442000
2017-04-28,2.039942502975464,2.299999952316284,2.359999895095825,2.299999952316284,2.359999895095825,637000
2017-05-02,1.9867266416549683,2.240000009536743,2.3499999046325684,2.240000009536743,2.299999952316284,2430000
2017-05-04,1.995595932006836,2.25,2.259999990463257,2.200000047683716,2.240000009536743,829000
2017-05-05,1.9601188898086548,2.2100000381469727,2.240000009536743,2.180000066757202,2.240000009536743,555000
2017-05-08,1.9778573513031006,2.2300000190734863,2.2300000190734863,2.200000047683716,2.2300000190734863,118000
2017-05-09,1.968988060951233,2.2200000286102295,2.2300000190734863,2.1700000762939453,2.2200000286102295,782000
2017-05-10,1.968988060951233,2.2200000286102295,2.2899999618530273,2.2200000286102295,2.25,757000
2017-05-11,2.0222039222717285,2.2799999713897705,2.2799999713897705,2.2200000286102295,2.2200000286102295,583000
2017-05-12,1.968988060951233,2.2200000286102295,2.2799999713897705,2.2100000381469727,2.2799999713897705,599000
2017-05-15,1.9778573513031006,2.2300000190734863,2.25,2.200000047683716,2.2300000190734863,1512000
2017-05-16,1.995595932006836,2.25,2.259999990463257,2.2200000286102295,2.240000009536743,287000
2017-05-17,1.9778573513031006,2.2300000190734863,2.25,2.2200000286102295,2.25,244000
2017-05-18,1.968988060951233,2.2200000286102295,2.2300000190734863,2.2200000286102295,2.2300000190734863,406418
2017-05-19,1.9778573513031006,2.2300000190734863,2.25,2.2200000286102295,2.240000009536743,206000
2017-05-22,1.9778573513031006,2.2300000190734863,2.25,2.2200000286102295,2.240000009536743,178000
2017-05-23,2.004465341567993,2.259999990463257,2.2699999809265137,2.2200000286102295,2.240000009536743,321000
2017-05-24,1.968988060951233,2.2200000286102295,2.25,2.2100000381469727,2.25,266000
2017-05-25,2.0133347511291504,2.2699999809265137,2.2799999713897705,2.2200000286102295,2.2300000190734863,1010000
2017-05-26,2.0222039222717285,2.2799999713897705,2.2899999618530273,2.259999990463257,2.2699999809265137,1059000
2017-05-29,2.376976490020752,2.680000066757202,2.799999952316284,2.559999942779541,2.559999942779541,20814000
2017-05-31,2.3592381477355957,2.6600000858306885,2.759999990463257,2.6600000858306885,2.680000066757202,8970000
2017-06-01,2.288283348083496,2.5799999237060547,2.690000057220459,2.569999933242798,2.6600000858306885,3407000
2017-06-02,2.2971527576446533,2.5899999141693115,2.6700000762939453,2.5799999237060547,2.5899999141693115,2657000
2017-06-05,2.181851625442505,2.4600000381469727,2.5899999141693115,2.4000000953674316,2.5899999141693115,4047000
2017-06-06,2.181851625442505,2.4600000381469727,2.490000009536743,2.4200000762939453,2.4600000381469727,1455000
2017-06-07,2.2084596157073975,2.490000009536743,2.509999990463257,2.440000057220459,2.4600000381469727,875000
2017-06-08,2.181851625442505,2.4600000381469727,2.490000009536743,2.4600000381469727,2.490000009536743,695000
2017-06-09,2.2084596157073975,2.490000009536743,2.5,2.4700000286102295,2.5,374000
2017-06-12,2.1552436351776123,2.430000066757202,2.4700000286102295,2.4200000762939453,2.4700000286102295,1266000
2017-06-13,2.190721035003662,2.4700000286102295,2.4700000286102295,2.430000066757202,2.430000066757202,322000
2017-06-14,2.1729824542999268,2.450000047683716,2.4800000190734863,2.440000057220459,2.450000047683716,470000
2017-06-15,2.1641130447387695,2.440000057220459,2.4600000381469727,2.430000066757202,2.450000047683716,459000
2017-06-16,2.1552436351776123,2.430000066757202,2.4600000381469727,2.4000000953674316,2.440000057220459,533000
2017-06-19,2.1729824542999268,2.450000047683716,2.4700000286102295,2.4100000858306885,2.430000066757202,418000
2017-06-20,2.190721035003662,2.4700000286102295,2.4800000190734863,2.440000057220459,2.440000057220459,854000
2017-06-21,2.1729824542999268,2.450000047683716,2.4800000190734863,2.450000047683716,2.4700000286102295,826000
2017-06-22,2.181851625442505,2.4600000381469727,2.4800000190734863,2.450000047683716,2.4600000381469727,407000
2017-06-23,2.1641130447387695,2.440000057220459,2.4600000381469727,2.430000066757202,2.440000057220459,850000
2017-06-26,2.1729824542999268,2.450000047683716,2.4700000286102295,2.430000066757202,2.440000057220459,329000
2017-06-27,2.146374464035034,2.4200000762939453,2.4600000381469727,2.4200000762939453,2.450000047683716,584000
2017-06-28,2.128635883331299,2.4000000953674316,2.440000057220459,2.4000000953674316,2.4200000762939453,1163000
2017-06-29,2.1552436351776123,2.430000066757202,2.440000057220459,2.4100000858306885,2.4200000762939453,473000
2017-06-30,2.1552436351776123,2.430000066757202,2.440000057220459,2.4000000953674316,2.4100000858306885,1310000
2017-07-03,2.1729824542999268,2.450000047683716,2.4600000381469727,2.4200000762939453,2.430000066757202,1482000
2017-07-04,2.1641130447387695,2.440000057220459,2.4600000381469727,2.430000066757202,2.4600000381469727,1323000
2017-07-05,2.1641130447387695,2.440000057220459,2.450000047683716,2.4200000762939453,2.430000066757202,818000
2017-07-06,2.1552436351776123,2.430000066757202,2.440000057220459,2.4200000762939453,2.440000057220459,844000
2017-07-07,2.1641130447387695,2.440000057220459,2.440000057220459,2.4200000762939453,2.430000066757202,570000
2017-07-10,2.1641130447387695,2.440000057220459,2.4800000190734863,2.430000066757202,2.450000047683716,1895000
2017-07-11,2.1641130447387695,2.440000057220459,2.4600000381469727,2.430000066757202,2.450000047683716,2074000
2017-07-12,2.226198434829712,2.509999990463257,2.5299999713897705,2.4600000381469727,2.4600000381469727,4050268
2017-07-13,2.226198434829712,2.509999990463257,2.619999885559082,2.509999990463257,2.549999952316284,3629000
2017-07-14,2.2173287868499756,2.5,2.5299999713897705,2.490000009536743,2.509999990463257,1639000
2017-07-17,2.2084596157073975,2.490000009536743,2.5299999713897705,2.490000009536743,2.5,2010000
2017-07-18,2.1995902061462402,2.4800000190734863,2.5199999809265137,2.4600000381469727,2.5199999809265137,1320000
2017-07-19,2.1995902061462402,2.4800000190734863,2.490000009536743,2.4700000286102295,2.4800000190734863,1253000
2017-07-20,2.1995902061462402,2.4800000190734863,2.5,2.4700000286102295,2.4700000286102295,385000
2017-07-21,2.190721035003662,2.4700000286102295,2.5,2.4700000286102295,2.4800000190734863,1013000
2017-07-24,2.2084596157073975,2.490000009536743,2.5,2.4700000286102295,2.4700000286102295,858000
2017-07-25,2.2173287868499756,2.5,2.5,2.4700000286102295,2.5,1030000
2017-07-26,2.1995902061462402,2.4800000190734863,2.490000009536743,2.4700000286102295,2.4700000286102295,1848000
2017-07-27,2.1995902061462402,2.4800000190734863,2.5,2.4700000286102295,2.4700000286102295,841000
2017-07-28,2.1995902061462402,2.4800000190734863,2.4800000190734863,2.4700000286102295,2.4700000286102295,224000
2017-07-31,2.1995902061462402,2.4800000190734863,2.490000009536743,2.4700000286102295,2.4800000190734863,468000
2017-08-01,2.190721035003662,2.4700000286102295,2.5,2.4600000381469727,2.4700000286102295,4065000
2017-08-02,2.2084596157073975,2.490000009536743,2.5,2.4700000286102295,2.4700000286102295,1290000
2017-08-03,2.1995902061462402,2.4800000190734863,2.5,2.4700000286102295,2.490000009536743,395000
2017-08-04,2.2084596157073975,2.490000009536743,2.490000009536743,2.4700000286102295,2.4800000190734863,272000
2017-08-07,2.1995902061462402,2.4800000190734863,2.5,2.4700000286102295,2.490000009536743,364000
2017-08-08,2.1995902061462402,2.4800000190734863,2.490000009536743,2.4700000286102295,2.4800000190734863,516000
2017-08-09,2.1995902061462402,2.4800000190734863,2.490000009536743,2.450000047683716,2.4800000190734863,778000
2017-08-10,2.1729824542999268,2.450000047683716,2.4700000286102295,2.450000047683716,2.4600000381469727,704000
2017-08-11,2.128635883331299,2.4000000953674316,2.4600000381469727,2.390000104904175,2.440000057220459,781000
2017-08-14,2.137505054473877,2.4100000858306885,2.4200000762939453,2.390000104904175,2.4000000953674316,447000
2017-08-15,2.1552436351776123,2.430000066757202,2.430000066757202,2.4000000953674316,2.4000000953674316,370000
2017-08-16,2.137505054473877,2.4100000858306885,2.4200000762939453,2.4000000953674316,2.4100000858306885,259000
2017-08-17,2.137505054473877,2.4100000858306885,2.4200000762939453,2.4000000953674316,2.4200000762939453,216000
2017-08-18,2.137505054473877,2.4100000858306885,2.4100000858306885,2.380000114440918,2.390000104904175,284000
2017-08-21,2.1197667121887207,2.390000104904175,2.4200000762939453,2.390000104904175,2.4100000858306885,153000
2017-08-22,2.1552436351776123,2.430000066757202,2.440000057220459,2.369999885559082,2.390000104904175,329000
2017-08-23,2.1552436351776123,2.430000066757202,2.430000066757202,2.430000066757202,2.430000066757202,0
2017-08-24,2.146374464035034,2.4200000762939453,2.4200000762939453,2.4000000953674316,2.4100000858306885,49000
2017-08-25,2.181851625442505,2.4600000381469727,2.4600000381469727,2.4200000762939453,2.430000066757202,743000
2017-08-28,2.1641130447387695,2.440000057220459,2.4800000190734863,2.430000066757202,2.4600000381469727,998000
2017-08-29,2.1552436351776123,2.430000066757202,2.4700000286102295,2.4100000858306885,2.430000066757202,850000
2017-08-30,2.146374464035034,2.4200000762939453,2.440000057220459,2.4000000953674316,2.440000057220459,583000
2017-08-31,2.146374464035034,2.4200000762939453,2.4200000762939453,2.390000104904175,2.4200000762939453,812000
2017-09-01,2.1641130447387695,2.440000057220459,2.4800000190734863,2.4100000858306885,2.4100000858306885,474000
2017-09-04,2.1552436351776123,2.430000066757202,2.440000057220459,2.4000000953674316,2.4200000762939453,660000
2017-09-05,2.146374464035034,2.4200000762939453,2.430000066757202,2.4000000953674316,2.4000000953674316,316000
2017-09-06,2.137505054473877,2.4100000858306885,2.4200000762939453,2.4000000953674316,2.4000000953674316,417000
2017-09-07,2.137505054473877,2.4100000858306885,2.4200000762939453,2.4100000858306885,2.4100000858306885,538000
2017-09-08,2.137505054473877,2.4100000858306885,2.4100000858306885,2.4000000953674316,2.4100000858306885,595000
2017-09-11,2.137505054473877,2.4100000858306885,2.4200000762939453,2.4000000953674316,2.4100000858306885,630000
2017-09-12,2.137505054473877,2.4100000858306885,2.4200000762939453,2.4000000953674316,2.4100000858306885,267000
2017-09-13,2.128635883331299,2.4000000953674316,2.4200000762939453,2.390000104904175,2.4100000858306885,841000
2017-09-14,2.137505054473877,2.4100000858306885,2.440000057220459,2.390000104904175,2.4200000762939453,1652000
2017-09-15,2.004465341567993,2.259999990463257,2.4100000858306885,2.2200000286102295,2.4100000858306885,4723000
2017-09-18,2.084289073944092,2.3499999046325684,2.369999885559082,2.309999942779541,2.309999942779541,1519000
2017-09-19,2.084289073944092,2.3499999046325684,2.359999895095825,2.3299999237060547,2.3499999046325684,940000
2017-09-20,2.0754199028015137,2.3399999141693115,2.359999895095825,2.3299999237060547,2.3499999046325684,750000
2017-09-21,2.048811674118042,2.309999942779541,2.3399999141693115,2.299999952316284,2.3399999141693115,1047000
2017-09-22,2.039942502975464,2.299999952316284,2.3399999141693115,2.299999952316284,2.309999942779541,258000
2017-09-25,2.0222039222717285,2.2799999713897705,2.309999942779541,2.2799999713897705,2.299999952316284,693000
2017-09-26,2.0133347511291504,2.2699999809265137,2.299999952316284,2.259999990463257,2.2799999713897705,940000
2017-09-27,2.0576813220977783,2.319999933242798,2.319999933242798,2.2699999809265137,2.2699999809265137,261000
2017-09-28,2.0310733318328857,2.2899999618530273,2.319999933242798,2.2799999713897705,2.319999933242798,307000
2017-09-29,2.048811674118042,2.309999942779541,2.319999933242798,2.2899999618530273,2.299999952316284,157000
2017-10-03,2.09315824508667,2.359999895095825,2.359999895095825,2.319999933242798,2.3499999046325684,601000
2017-10-04,2.102027654647827,2.369999885559082,2.4000000953674316,2.3499999046325684,2.390000104904175,446000
2017-10-06,2.1108970642089844,2.380000114440918,2.4000000953674316,2.359999895095825,2.380000114440918,193000
2017-10-09,2.102027654647827,2.369999885559082,2.4000000953674316,2.3399999141693115,2.380000114440918,580000
2017-10-10,2.1108970642089844,2.380000114440918,2.380000114440918,2.3299999237060547,2.359999895095825,221000
2017-10-11,2.084289073944092,2.3499999046325684,2.390000104904175,2.3499999046325684,2.380000114440918,635105
2017-10-12,2.1197667121887207,2.390000104904175,2.390000104904175,2.3299999237060547,2.3299999237060547,669000
2017-10-13,2.1197667121887207,2.390000104904175,2.390000104904175,2.3499999046325684,2.3499999046325684,291000
2017-10-16,2.1197667121887207,2.390000104904175,2.4000000953674316,2.369999885559082,2.380000114440918,772000
2017-10-17,2.1197667121887207,2.390000104904175,2.4000000953674316,2.380000114440918,2.390000104904175,774000
2017-10-18,2.102027654647827,2.369999885559082,2.4000000953674316,2.359999895095825,2.390000104904175,140000
2017-10-19,2.102027654647827,2.369999885559082,2.390000104904175,2.3399999141693115,2.369999885559082,190000
2017-10-20,2.1108970642089844,2.380000114440918,2.380000114440918,2.3399999141693115,2.369999885559082,201000
2017-10-23,2.09315824508667,2.359999895095825,2.369999885559082,2.3399999141693115,2.3499999046325684,117000
2017-10-24,2.084289073944092,2.3499999046325684,2.3499999046325684,2.3399999141693115,2.3399999141693115,67000
2017-10-25,2.09315824508667,2.359999895095825,2.369999885559082,2.3399999141693115,2.3499999046325684,153000
2017-10-26,2.0754199028015137,2.3399999141693115,2.359999895095825,2.299999952316284,2.3399999141693115,579000
2017-10-27,2.084289073944092,2.3499999046325684,2.359999895095825,2.299999952316284,2.3399999141693115,437000
2017-10-30,2.084289073944092,2.3499999046325684,2.369999885559082,2.3399999141693115,2.3499999046325684,451000
2017-10-31,2.084289073944092,2.3499999046325684,2.3499999046325684,2.309999942779541,2.309999942779541,94000
2017-11-01,2.084289073944092,2.3499999046325684,2.369999885559082,2.3399999141693115,2.3499999046325684,54000
2017-11-02,2.0576813220977783,2.319999933242798,2.3399999141693115,2.309999942779541,2.319999933242798,107000
2017-11-03,2.0754199028015137,2.3399999141693115,2.3499999046325684,2.319999933242798,2.319999933242798,68000
2017-11-06,2.0665504932403564,2.3299999237060547,2.3299999237060547,2.299999952316284,2.309999942779541,310000
2017-11-07,2.0576813220977783,2.319999933242798,2.3299999237060547,2.299999952316284,2.3299999237060547,369000
2017-11-08,2.0576813220977783,2.319999933242798,2.319999933242798,2.299999952316284,2.299999952316284,131000
2017-11-09,2.0665504932403564,2.3299999237060547,2.3299999237060547,2.299999952316284,2.319999933242798,379000
2017-11-10,2.048811674118042,2.309999942779541,2.3299999237060547,2.299999952316284,2.299999952316284,218000
2017-11-13,2.0310733318328857,2.2899999618530273,2.299999952316284,2.2799999713897705,2.299999952316284,518000
2017-11-14,2.0133347511291504,2.2699999809265137,2.299999952316284,2.2699999809265137,2.299999952316284,722000
2017-11-15,2.004465341567993,2.259999990463257,2.2799999713897705,2.240000009536743,2.2699999809265137,221000
2017-11-16,2.0310733318328857,2.2899999618530273,2.319999933242798,2.25,2.25,335000
2017-11-17,2.0133347511291504,2.2699999809265137,2.2799999713897705,2.2699999809265137,2.2799999713897705,304000
2017-11-20,2.0133347511291504,2.2699999809265137,2.2699999809265137,2.25,2.2699999809265137,220000
2017-11-21,2.004465341567993,2.259999990463257,2.2699999809265137,2.25,2.25,289000
2017-11-22,2.004465341567993,2.259999990463257,2.2799999713897705,2.25,2.259999990463257,728000
2017-11-23,1.995595932006836,2.25,2.259999990463257,2.240000009536743,2.259999990463257,883000
2017-11-24,1.9867266416549683,2.240000009536743,2.259999990463257,2.240000009536743,2.25,557000
2017-11-27,1.995595932006836,2.25,2.25,2.2300000190734863,2.240000009536743,204000
2017-11-28,1.9867266416549683,2.240000009536743,2.25,2.2300000190734863,2.25,180000
2017-11-29,1.9867266416549683,2.240000009536743,2.259999990463257,2.2300000190734863,2.25,146000
2017-11-30,1.9778573513031006,2.2300000190734863,2.25,2.2100000381469727,2.25,316000
2017-12-01,2.004465341567993,2.259999990463257,2.259999990463257,2.2300000190734863,2.240000009536743,210000
2017-12-04,1.995595932006836,2.25,2.259999990463257,2.240000009536743,2.25,346000
2017-12-05,1.995595932006836,2.25,2.25,2.25,2.25,127000
2017-12-06,1.951249599456787,2.200000047683716,2.25,2.200000047683716,2.25,1822000
2017-12-07,1.924641489982605,2.1700000762939453,2.200000047683716,2.1600000858306885,2.200000047683716,694000
2017-12-08,1.924641489982605,2.1700000762939453,2.2100000381469727,2.1700000762939453,2.190000057220459,2707000
2017-12-11,1.898033618927002,2.140000104904175,2.180000066757202,2.119999885559082,2.1700000762939453,1766000
2017-12-12,1.9157721996307373,2.1600000858306885,2.1600000858306885,2.140000104904175,2.1500000953674316,305000
2017-12-13,1.9423801898956299,2.190000057220459,2.200000047683716,2.1500000953674316,2.1600000858306885,688000
2017-12-14,1.9335108995437622,2.180000066757202,2.2200000286102295,2.1700000762939453,2.190000057220459,502000
2017-12-15,1.9778573513031006,2.2300000190734863,2.2300000190734863,2.140000104904175,2.180000066757202,1433900
2017-12-18,1.9157721996307373,2.1600000858306885,2.2200000286102295,2.1500000953674316,2.2200000286102295,813000
2017-12-19,1.9335108995437622,2.180000066757202,2.200000047683716,2.1500000953674316,2.200000047683716,486000
2017-12-20,1.924641489982605,2.1700000762939453,2.2200000286102295,2.1500000953674316,2.2100000381469727,878000
2017-12-21,1.9157721996307373,2.1600000858306885,2.200000047683716,2.1500000953674316,2.1700000762939453,470000
2017-12-22,1.924641489982605,2.1700000762939453,2.200000047683716,2.1600000858306885,2.1600000858306885,569000
2017-12-27,1.9423801898956299,2.190000057220459,2.240000009536743,2.180000066757202,2.180000066757202,469000
2017-12-28,2.0222039222717285,2.2799999713897705,2.2899999618530273,2.190000057220459,2.190000057220459,1022000
2017-12-29,2.1552436351776123,2.430000066757202,2.4800000190734863,2.319999933242798,2.319999933242798,128170000
2018-01-02,2.128635883331299,2.4000000953674316,2.450000047683716,2.4000000953674316,2.430000066757202,1522000
2018-01-03,2.1108970642089844,2.380000114440918,2.440000057220459,2.359999895095825,2.430000066757202,1126000
2018-01-04,2.128635883331299,2.4000000953674316,2.4200000762939453,2.380000114440918,2.4200000762939453,618000
2018-01-05,2.128635883331299,2.4000000953674316,2.4000000953674316,2.369999885559082,2.4000000953674316,794000
2018-01-08,2.128635883331299,2.4000000953674316,2.4200000762939453,2.369999885559082,2.4000000953674316,1030000
2018-01-09,2.128635883331299,2.4000000953674316,2.4100000858306885,2.380000114440918,2.4000000953674316,870000
2018-01-10,2.1197667121887207,2.390000104904175,2.4000000953674316,2.380000114440918,2.4000000953674316,1004000
2018-01-11,2.1641130447387695,2.440000057220459,2.5199999809265137,2.4100000858306885,2.5,3019000
2018-01-12,2.181851625442505,2.4600000381469727,2.490000009536743,2.450000047683716,2.490000009536743,1024000
2018-01-15,2.1995902061462402,2.4800000190734863,2.549999952316284,2.4600000381469727,2.4600000381469727,4260000
2018-01-16,2.23506760597229,2.5199999809265137,2.5399999618530273,2.5,2.509999990463257,2251000
2018-01-17,2.226198434829712,2.509999990463257,2.5299999713897705,2.5,2.5299999713897705,1410000
2018-01-18,2.288283348083496,2.5799999237060547,2.5799999237060547,2.509999990463257,2.509999990463257,2280000
2018-01-19,2.3148913383483887,2.609999895095825,2.619999885559082,2.569999933242798,2.5799999237060547,4292000
2018-01-22,2.3148913383483887,2.609999895095825,2.630000114440918,2.5999999046325684,2.619999885559082,2195000
2018-01-23,2.4035847187042236,2.7100000381469727,2.7200000286102295,2.630000114440918,2.630000114440918,5965000
2018-01-24,2.3947153091430664,2.700000047683716,2.75,2.680000066757202,2.7300000190734863,2843000
2018-01-25,2.3503687381744385,2.6500000953674316,2.7300000190734863,2.630000114440918,2.7100000381469727,1659000
2018-01-26,2.368107318878174,2.6700000762939453,2.700000047683716,2.6500000953674316,2.6500000953674316,1960000
2018-01-29,2.376976490020752,2.680000066757202,2.7200000286102295,2.6700000762939453,2.7100000381469727,2373000
2018-01-30,2.3060219287872314,2.5999999046325684,2.680000066757202,2.5799999237060547,2.6700000762939453,2522000
2018-01-31,2.2971527576446533,2.5899999141693115,2.5899999141693115,2.549999952316284,2.5899999141693115,1327000
2018-02-01,2.288283348083496,2.5799999237060547,2.630000114440918,2.569999933242798,2.5999999046325684,1319000
2018-02-02,2.288283348083496,2.5799999237060547,2.5999999046325684,2.549999952316284,2.569999933242798,1669000
2018-02-05,2.288283348083496,2.5799999237060547,2.5799999237060547,2.5,2.5299999713897705,1837000
2018-02-06,2.1552436351776123,2.430000066757202,2.5399999618530273,2.4000000953674316,2.5399999618530273,3241000
2018-02-07,2.1197667121887207,2.390000104904175,2.5,2.380000114440918,2.5,1542000
2018-02-08,2.137505054473877,2.4100000858306885,2.4200000762939453,2.390000104904175,2.390000104904175,929000
2018-02-09,2.039942502975464,2.299999952316284,2.3499999046325684,2.240000009536743,2.3499999046325684,2228000
2018-02-12,2.0576813220977783,2.319999933242798,2.3299999237060547,2.2899999618530273,2.299999952316284,608000
2018-02-13,2.084289073944092,2.3499999046325684,2.369999885559082,2.319999933242798,2.3499999046325684,650000
2018-02-14,2.128635883331299,2.4000000953674316,2.4000000953674316,2.3399999141693115,2.3399999141693115,960000
2018-02-15,2.1729824542999268,2.450000047683716,2.4600000381469727,2.4000000953674316,2.4100000858306885,361000
2018-02-20,2.146374464035034,2.4200000762939453,2.450000047683716,2.4000000953674316,2.4100000858306885,483000
2018-02-21,2.1641130447387695,2.440000057220459,2.440000057220459,2.4000000953674316,2.4200000762939453,535000
2018-02-22,2.137505054473877,2.4100000858306885,2.450000047683716,2.369999885559082,2.430000066757202,655000
2018-02-23,2.181851625442505,2.4600000381469727,2.4800000190734863,2.390000104904175,2.4000000953674316,2096000
2018-02-26,2.181851625442505,2.4600000381469727,2.4700000286102295,2.450000047683716,2.4700000286102295,247000
2018-02-27,2.1641130447387695,2.440000057220459,2.4800000190734863,2.4100000858306885,2.4800000190734863,659000
2018-02-28,2.128635883331299,2.4000000953674316,2.430000066757202,2.4000000953674316,2.4100000858306885,291000
2018-03-01,2.128635883331299,2.4000000953674316,2.4200000762939453,2.359999895095825,2.359999895095825,217000
2018-03-02,2.1197667121887207,2.390000104904175,2.4000000953674316,2.369999885559082,2.369999885559082,444000
2018-03-05,2.102027654647827,2.369999885559082,2.390000104904175,2.3499999046325684,2.390000104904175,404000
2018-03-06,2.137505054473877,2.4100000858306885,2.4200000762939453,2.3499999046325684,2.4100000858306885,814000
2018-03-07,2.137505054473877,2.4100000858306885,2.4200000762939453,2.390000104904175,2.4100000858306885,133000
2018-03-08,2.146374464035034,2.4200000762939453,2.430000066757202,2.4000000953674316,2.4000000953674316,114000
2018-03-09,2.1641130447387695,2.440000057220459,2.440000057220459,2.4000000953674316,2.440000057220459,740000
2018-03-12,2.1552436351776123,2.430000066757202,2.4600000381469727,2.4200000762939453,2.4600000381469727,781000
2018-03-13,2.1552436351776123,2.430000066757202,2.450000047683716,2.4100000858306885,2.450000047683716,421000
2018-03-14,2.146374464035034,2.4200000762939453,2.440000057220459,2.4000000953674316,2.440000057220459,604000
2018-03-15,2.128635883331299,2.4000000953674316,2.430000066757202,2.369999885559082,2.430000066757202,1450000
2018-03-16,2.1197667121887207,2.390000104904175,2.430000066757202,2.380000114440918,2.430000066757202,426000
2018-03-19,2.0133347511291504,2.2699999809265137,2.359999895095825,2.25,2.359999895095825,4947000
2018-03-20,2.004465341567993,2.259999990463257,2.2699999809265137,2.240000009536743,2.259999990463257,1362000
2018-03-21,2.004465341567993,2.259999990463257,2.2699999809265137,2.25,2.2699999809265137,857000
2018-03-22,1.995595932006836,2.25,2.259999990463257,2.2200000286102295,2.259999990463257,705000
2018-03-23,1.9423801898956299,2.190000057220459,2.2300000190734863,2.1700000762939453,2.2100000381469727,2016000
2018-03-26,1.951249599456787,2.200000047683716,2.200000047683716,2.180000066757202,2.200000047683716,804000
2018-03-27,2.004465341567993,2.259999990463257,2.2799999713897705,2.2200000286102295,2.2799999713897705,237000
2018-03-28,2.004465341567993,2.259999990463257,2.2899999618530273,2.2300000190734863,2.2899999618530273,290000
2018-03-29,1.9867266416549683,2.240000009536743,2.2699999809265137,2.2200000286102295,2.2699999809265137,307000
2018-04-03,1.9601188898086548,2.2100000381469727,2.2300000190734863,2.190000057220459,2.2300000190734863,629000
2018-04-04,1.9423801898956299,2.190000057220459,2.2200000286102295,2.1700000762939453,2.200000047683716,482000
2018-04-06,1.9423801898956299,2.190000057220459,2.200000047683716,2.180000066757202,2.180000066757202,444000
2018-04-09,1.9423801898956299,2.190000057220459,2.200000047683716,2.1700000762939453,2.190000057220459,257000
2018-04-10,1.924641489982605,2.1700000762939453,2.200000047683716,2.130000114440918,2.180000066757202,2995000
2018-04-11,1.9335108995437622,2.180000066757202,2.190000057220459,2.140000104904175,2.1700000762939453,405000
2018-04-12,1.951249599456787,2.200000047683716,2.200000047683716,2.1700000762939453,2.180000066757202,347000
2018-04-13,1.9601188898086548,2.2100000381469727,2.2200000286102295,2.1700000762939453,2.200000047683716,187000
2018-04-16,1.924641489982605,2.1700000762939453,2.2100000381469727,2.140000104904175,2.200000047683716,519000
2018-04-17,1.9069030284881592,2.1500000953674316,2.180000066757202,2.140000104904175,2.1700000762939453,793000
2018-04-18,1.9069030284881592,2.1500000953674316,2.1600000858306885,2.140000104904175,2.1500000953674316,387000
2018-04-19,1.9069030284881592,2.1500000953674316,2.1700000762939453,2.140000104904175,2.140000104904175,307000
2018-04-20,1.9069030284881592,2.1500000953674316,2.1500000953674316,2.140000104904175,2.140000104904175,488000
2018-04-23,1.9069030284881592,2.1500000953674316,2.1500000953674316,2.130000114440918,2.1500000953674316,488000
2018-04-24,1.898033618927002,2.140000104904175,2.1500000953674316,2.130000114440918,2.130000114440918,212000
2018-04-25,1.898033618927002,2.140000104904175,2.1500000953674316,2.130000114440918,2.1500000953674316,157000
2018-04-26,1.8891643285751343,2.130000114440918,2.130000114440918,2.0799999237060547,2.130000114440918,827000
2018-04-27,1.8802947998046875,2.119999885559082,2.119999885559082,2.0999999046325684,2.119999885559082,364000
2018-04-30,1.898033618927002,2.140000104904175,2.1500000953674316,2.109999895095825,2.130000114440918,543000
2018-05-02,1.9423801898956299,2.190000057220459,2.190000057220459,2.119999885559082,2.130000114440918,434000
2018-05-03,1.9157721996307373,2.1600000858306885,2.1700000762939453,2.140000104904175,2.1700000762939453,144000
2018-05-04,1.9157721996307373,2.1600000858306885,2.1700000762939453,2.130000114440918,2.1500000953674316,292000
2018-05-07,1.898033618927002,2.140000104904175,2.1500000953674316,2.130000114440918,2.1500000953674316,589000
2018-05-08,1.9157721996307373,2.1600000858306885,2.1600000858306885,2.140000104904175,2.140000104904175,103000
2018-05-09,1.924641489982605,2.1700000762939453,2.180000066757202,2.1600000858306885,2.1600000858306885,351000
2018-05-10,1.924641489982605,2.1700000762939453,2.1700000762939453,2.1500000953674316,2.1600000858306885,103000
2018-05-11,1.924641489982605,2.1700000762939453,2.180000066757202,2.1600000858306885,2.180000066757202,177000
2018-05-14,1.9335108995437622,2.180000066757202,2.190000057220459,2.1600000858306885,2.190000057220459,307000
2018-05-15,1.9335108995437622,2.180000066757202,2.190000057220459,2.1700000762939453,2.190000057220459,170000
2018-05-16,1.9335108995437622,2.180000066757202,2.190000057220459,2.1600000858306885,2.1700000762939453,183000
2018-05-17,1.9335108995437622,2.180000066757202,2.180000066757202,2.1500000953674316,2.180000066757202,196000
2018-05-18,1.9335108995437622,2.180000066757202,2.200000047683716,2.1600000858306885,2.200000047683716,158000
2018-05-21,1.951249599456787,2.200000047683716,2.200000047683716,2.1600000858306885,2.1600000858306885,215000
2018-05-23,1.96193528175354,2.1500000953674316,2.190000057220459,2.130000114440918,2.190000057220459,233000
2018-05-24,1.9528099298477173,2.140000104904175,2.1500000953674316,2.109999895095825,2.1500000953674316,312000
2018-05-25,1.742928385734558,1.909999966621399,2.130000114440918,1.7999999523162842,2.130000114440918,32877000
2018-05-28,1.77942955493927,1.9500000476837158,1.9900000095367432,1.9299999475479126,1.9299999475479126,5949000
2018-05-29,1.7520537376403809,1.9199999570846558,1.9600000381469727,1.899999976158142,1.9500000476837158,3052000
2018-05-30,1.733803153038025,1.899999976158142,1.9199999570846558,1.8899999856948853,1.9199999570846558,1280000
2018-05-31,1.733803153038025,1.899999976158142,1.9299999475479126,1.899999976158142,1.899999976158142,1264000
2018-06-01,1.7246779203414917,1.8899999856948853,1.909999966621399,1.8899999856948853,1.899999976158142,338000
2018-06-04,1.742928385734558,1.909999966621399,1.9199999570846558,1.8899999856948853,1.899999976158142,379000
2018-06-05,1.7520537376403809,1.9199999570846558,1.9199999570846558,1.899999976158142,1.899999976158142,492000
2018-06-06,1.7520537376403809,1.9199999570846558,1.9199999570846558,1.899999976158142,1.899999976158142,233000
2018-06-07,1.761178970336914,1.9299999475479126,1.9299999475479126,1.909999966621399,1.9199999570846558,1017000
2018-06-08,1.761178970336914,1.9299999475479126,1.940000057220459,1.9199999570846558,1.9299999475479126,786000
2018-06-11,1.761178970336914,1.9299999475479126,1.940000057220459,1.9199999570846558,1.9199999570846558,1009000
2018-06-12,1.761178970336914,1.9299999475479126,1.940000057220459,1.9299999475479126,1.9299999475479126,224000
2018-06-13,1.761178970336914,1.9299999475479126,1.9299999475479126,1.9199999570846558,1.9199999570846558,1155000
2018-06-14,1.7520537376403809,1.9199999570846558,1.9299999475479126,1.9199999570846558,1.9299999475479126,443000
2018-06-15,1.715552568435669,1.8799999952316284,1.9199999570846558,1.8600000143051147,1.909999966621399,1154000
2018-06-19,1.6699262857437134,1.8300000429153442,1.899999976158142,1.8200000524520874,1.8899999856948853,1487000
2018-06-20,1.6608009338378906,1.8200000524520874,1.840000033378601,1.809999942779541,1.840000033378601,1240000
2018-06-21,1.6608009338378906,1.8200000524520874,1.840000033378601,1.809999942779541,1.8300000429153442,259000
2018-06-22,1.6699262857437134,1.8300000429153442,1.840000033378601,1.7999999523162842,1.7999999523162842,694000
2018-06-25,1.6425503492355347,1.7999999523162842,1.8600000143051147,1.7999999523162842,1.8300000429153442,335000
2018-06-26,1.6242997646331787,1.7799999713897705,1.7999999523162842,1.7599999904632568,1.7999999523162842,920000
2018-06-27,1.5786733627319336,1.7300000190734863,1.7899999618530273,1.7300000190734863,1.7899999618530273,718000
2018-06-28,1.5695481300354004,1.7200000286102295,1.75,1.7100000381469727,1.7200000286102295,1405000
2018-06-29,1.6060491800308228,1.7599999904632568,1.7699999809265137,1.7300000190734863,1.7599999904632568,386000
2018-07-03,1.5695481300354004,1.7200000286102295,1.7599999904632568,1.690000057220459,1.7599999904632568,657000
2018-07-04,1.5786733627319336,1.7300000190734863,1.7799999713897705,1.7000000476837158,1.7000000476837158,500000
2018-07-05,1.5604228973388672,1.7100000381469727,1.7300000190734863,1.6799999475479126,1.7200000286102295,418000
2018-07-06,1.5604228973388672,1.7100000381469727,1.7200000286102295,1.6699999570846558,1.7100000381469727,492000
2018-07-09,1.5786733627319336,1.7300000190734863,1.7400000095367432,1.7100000381469727,1.7300000190734863,194000
2018-07-10,1.5695481300354004,1.7200000286102295,1.7300000190734863,1.7100000381469727,1.7300000190734863,955000
2018-07-11,1.551297664642334,1.7000000476837158,1.7300000190734863,1.659999966621399,1.7300000190734863,425000
2018-07-12,1.5695481300354004,1.7200000286102295,1.7200000286102295,1.6799999475479126,1.7000000476837158,689000
2018-07-13,1.551297664642334,1.7000000476837158,1.7300000190734863,1.7000000476837158,1.7200000286102295,275000
2018-07-16,1.551297664642334,1.7000000476837158,1.7200000286102295,1.690000057220459,1.690000057220459,101000
2018-07-17,1.551297664642334,1.7000000476837158,1.7000000476837158,1.690000057220459,1.7000000476837158,464000
2018-07-18,1.551297664642334,1.7000000476837158,1.7000000476837158,1.659999966621399,1.6799999475479126,182000
2018-07-19,1.551297664642334,1.7000000476837158,1.7100000381469727,1.7000000476837158,1.7000000476837158,148000
2018-07-20,1.5604228973388672,1.7100000381469727,1.7100000381469727,1.659999966621399,1.6699999570846558,1021000
2018-07-23,1.551297664642334,1.7000000476837158,1.7200000286102295,1.690000057220459,1.690000057220459,255000
2018-07-24,1.5695481300354004,1.7200000286102295,1.7300000190734863,1.7100000381469727,1.7100000381469727,467000
2018-07-25,1.5604228973388672,1.7100000381469727,1.7300000190734863,1.7100000381469727,1.7300000190734863,90000
2018-07-26,1.5695481300354004,1.7200000286102295,1.7300000190734863,1.7100000381469727,1.7200000286102295,294000
2018-07-27,1.5604228973388672,1.7100000381469727,1.7200000286102295,1.7000000476837158,1.7200000286102295,174000
2018-07-30,1.5695481300354004,1.7200000286102295,1.7200000286102295,1.7000000476837158,1.7000000476837158,23000
2018-07-31,1.5786733627319336,1.7300000190734863,1.7300000190734863,1.7200000286102295,1.7200000286102295,268000
2018-08-01,1.551297664642334,1.7000000476837158,1.7400000095367432,1.6799999475479126,1.7300000190734863,424000
2018-08-02,1.5147963762283325,1.659999966621399,1.690000057220459,1.659999966621399,1.6799999475479126,763000
2018-08-03,1.5330469608306885,1.6799999475479126,1.6799999475479126,1.659999966621399,1.659999966621399,315000
2018-08-06,1.5239217281341553,1.6699999570846558,1.6799999475479126,1.659999966621399,1.6799999475479126,50000
2018-08-07,1.5239217281341553,1.6699999570846558,1.6799999475479126,1.659999966621399,1.6799999475479126,257000
2018-08-08,1.5239217281341553,1.6699999570846558,1.7000000476837158,1.659999966621399,1.6799999475479126,356000
2018-08-09,1.5239217281341553,1.6699999570846558,1.6799999475479126,1.6699999570846558,1.6799999475479126,195000
2018-08-10,1.551297664642334,1.7000000476837158,1.7000000476837158,1.6799999475479126,1.6799999475479126,279000
2018-08-13,1.5147963762283325,1.659999966621399,1.6799999475479126,1.659999966621399,1.6699999570846558,581000
2018-08-14,1.5239217281341553,1.6699999570846558,1.6699999570846558,1.649999976158142,1.649999976158142,256000
2018-08-15,1.4965459108352661,1.6399999856948853,1.6699999570846558,1.6299999952316284,1.6699999570846558,559000
2018-08-16,1.469170093536377,1.6100000143051147,1.649999976158142,1.6100000143051147,1.6200000047683716,306000
2018-08-17,1.4782953262329102,1.6200000047683716,1.6399999856948853,1.6200000047683716,1.6200000047683716,107000
2018-08-20,1.5056711435317993,1.649999976158142,1.649999976158142,1.6200000047683716,1.6200000047683716,212000
2018-08-21,1.5147963762283325,1.659999966621399,1.7000000476837158,1.6299999952316284,1.659999966621399,294000
2018-08-22,1.5147963762283325,1.659999966621399,1.690000057220459,1.6399999856948853,1.690000057220459,409000
2018-08-23,1.5147963762283325,1.659999966621399,1.659999966621399,1.6299999952316284,1.6299999952316284,154000
2018-08-24,1.5330469608306885,1.6799999475479126,1.690000057220459,1.6200000047683716,1.659999966621399,821000
2018-08-27,1.5695481300354004,1.7200000286102295,1.7200000286102295,1.690000057220459,1.7000000476837158,371000
2018-08-28,1.5695481300354004,1.7200000286102295,1.7300000190734863,1.7000000476837158,1.7200000286102295,141000
2018-08-29,1.5786733627319336,1.7300000190734863,1.7300000190734863,1.6799999475479126,1.7000000476837158,984000
2018-08-30,1.5877987146377563,1.7400000095367432,1.75,1.690000057220459,1.7100000381469727,541000
2018-08-31,1.5695481300354004,1.7200000286102295,1.7200000286102295,1.6799999475479126,1.6799999475479126,597000
2018-09-03,1.5695481300354004,1.7200000286102295,1.7400000095367432,1.7000000476837158,1.7400000095367432,387000
2018-09-04,1.633424997329712,1.7899999618530273,1.7899999618530273,1.7100000381469727,1.7300000190734863,715000
2018-09-05,1.6425503492355347,1.7999999523162842,1.8300000429153442,1.7400000095367432,1.7699999809265137,1650000
2018-09-06,1.6242997646331787,1.7799999713897705,1.7999999523162842,1.7699999809265137,1.7999999523162842,684000
2018-09-07,1.633424997329712,1.7899999618530273,1.809999942779541,1.7599999904632568,1.7799999713897705,526000
2018-09-10,1.633424997329712,1.7899999618530273,1.809999942779541,1.75,1.7999999523162842,1450000
2018-09-11,1.6608009338378906,1.8200000524520874,1.8200000524520874,1.7599999904632568,1.7999999523162842,1702000
2018-09-12,1.6699262857437134,1.8300000429153442,1.840000033378601,1.7899999618530273,1.8300000429153442,944000
2018-09-13,1.6699262857437134,1.8300000429153442,1.840000033378601,1.7999999523162842,1.840000033378601,584000
2018-09-14,1.6881767511367798,1.850000023841858,1.850000023841858,1.7999999523162842,1.8300000429153442,1039000
2018-09-17,1.7064273357391357,1.8700000047683716,1.8799999952316284,1.8300000429153442,1.8799999952316284,1360000
2018-09-18,1.715552568435669,1.8799999952316284,1.8899999856948853,1.8600000143051147,1.8899999856948853,870000
2018-09-19,1.7064273357391357,1.8700000047683716,1.8899999856948853,1.850000023841858,1.8799999952316284,476000
2018-09-20,1.6699262857437134,1.8300000429153442,1.8600000143051147,1.7999999523162842,1.850000023841858,622000
2018-09-21,1.6790515184402466,1.840000033378601,1.8700000047683716,1.809999942779541,1.840000033378601,457000
2018-09-24,1.6881767511367798,1.850000023841858,1.8899999856948853,1.840000033378601,1.840000033378601,143000
2018-09-26,1.7246779203414917,1.8899999856948853,1.8899999856948853,1.809999942779541,1.8600000143051147,557000
2018-09-27,1.6790515184402466,1.840000033378601,1.899999976158142,1.8200000524520874,1.899999976158142,311000
2018-09-28,1.6973021030426025,1.8600000143051147,1.8899999856948853,1.840000033378601,1.8799999952316284,507000
2018-10-02,1.6699262857437134,1.8300000429153442,1.840000033378601,1.7999999523162842,1.809999942779541,472000
2018-10-03,1.7246779203414917,1.8899999856948853,1.8899999856948853,1.7999999523162842,1.7999999523162842,644000
2018-10-04,1.742928385734558,1.909999966621399,1.909999966621399,1.8300000429153442,1.8600000143051147,986000
2018-10-05,1.7064273357391357,1.8700000047683716,1.899999976158142,1.850000023841858,1.899999976158142,442000
2018-10-08,1.6973021030426025,1.8600000143051147,1.8700000047683716,1.809999942779541,1.850000023841858,319000
2018-10-09,1.6881767511367798,1.850000023841858,1.8700000047683716,1.809999942779541,1.850000023841858,307000
2018-10-10,1.6881767511367798,1.850000023841858,1.850000023841858,1.8200000524520874,1.840000033378601,169000
2018-10-11,1.6242997646331787,1.7799999713897705,1.8200000524520874,1.7100000381469727,1.8200000524520874,538000
2018-10-12,1.633424997329712,1.7899999618530273,1.7999999523162842,1.7300000190734863,1.7599999904632568,400000
2018-10-15,1.6425503492355347,1.7999999523162842,1.8300000429153442,1.7400000095367432,1.7999999523162842,580000
2018-10-16,1.6608009338378906,1.8200000524520874,1.8300000429153442,1.75,1.7999999523162842,492000
2018-10-18,1.6790515184402466,1.840000033378601,1.850000023841858,1.7999999523162842,1.850000023841858,210000
2018-10-19,1.6790515184402466,1.840000033378601,1.850000023841858,1.7599999904632568,1.8300000429153442,652000
2018-10-22,1.6425503492355347,1.7999999523162842,1.8300000429153442,1.7999999523162842,1.8300000429153442,440000
2018-10-23,1.6425503492355347,1.7999999523162842,1.8300000429153442,1.7799999713897705,1.7899999618530273,271000
2018-10-24,1.6516755819320679,1.809999942779541,1.8200000524520874,1.7300000190734863,1.7999999523162842,611000
2018-10-25,1.6060491800308228,1.7599999904632568,1.7999999523162842,1.75,1.7999999523162842,266000
2018-10-26,1.6060491800308228,1.7599999904632568,1.8200000524520874,1.7400000095367432,1.8200000524520874,202000
2018-10-29,1.6151745319366455,1.7699999809265137,1.7999999523162842,1.7599999904632568,1.7599999904632568,132000
2018-10-30,1.6242997646331787,1.7799999713897705,1.7899999618530273,1.7200000286102295,1.7799999713897705,308000
2018-10-31,1.6608009338378906,1.8200000524520874,1.8200000524520874,1.7699999809265137,1.7899999618530273,916000
2018-11-01,1.6881767511367798,1.850000023841858,1.8600000143051147,1.7999999523162842,1.8300000429153442,381000
2018-11-02,1.7064273357391357,1.8700000047683716,1.8600000143051147,1.8300000429153442,1.8600000143051147,448000
2018-11-05,1.7064273357391357,1.8700000047683716,1.899999976158142,1.809999942779541,1.899999976158142,705000
2018-11-06,1.7246779203414917,1.8899999856948853,1.899999976158142,1.840000033378601,1.899999976158142,479000
2018-11-07,1.6881767511367798,1.850000023841858,1.899999976158142,1.840000033378601,1.899999976158142,477000
2018-11-08,1.715552568435669,1.8799999952316284,1.9199999570846558,1.850000023841858,1.850000023841858,426000
2018-11-09,1.715552568435669,1.8799999952316284,1.9199999570846558,1.840000033378601,1.9199999570846558,453000
2018-11-12,1.715552568435669,1.8799999952316284,1.8799999952316284,1.8600000143051147,1.8799999952316284,125000
2018-11-13,1.715552568435669,1.8799999952316284,1.8899999856948853,1.8600000143051147,1.8899999856948853,71000
2018-11-14,1.715552568435669,1.8799999952316284,1.899999976158142,1.8799999952316284,1.8899999856948853,291000
2018-11-15,1.6790515184402466,1.840000033378601,1.8700000047683716,1.840000033378601,1.8600000143051147,225000
2018-11-16,1.7064273357391357,1.8700000047683716,1.899999976158142,1.850000023841858,1.8899999856948853,207000
2018-11-19,1.6973021030426025,1.8600000143051147,1.8899999856948853,1.8300000429153442,1.8899999856948853,81000
2018-11-20,1.7064273357391357,1.8700000047683716,1.8700000047683716,1.8600000143051147,1.8600000143051147,83000
2018-11-21,1.7064273357391357,1.8700000047683716,1.8700000047683716,1.8600000143051147,1.8700000047683716,196000
2018-11-22,1.7064273357391357,1.8700000047683716,1.8799999952316284,1.8600000143051147,1.8799999952316284,37000
2018-11-23,1.6973021030426025,1.8600000143051147,1.8700000047683716,1.8600000143051147,1.8700000047683716,79000
2018-11-26,1.6881767511367798,1.850000023841858,1.8700000047683716,1.850000023841858,1.8700000047683716,29000
2018-11-27,1.6790515184402466,1.840000033378601,1.8700000047683716,1.840000033378601,1.8700000047683716,79000
2018-11-28,1.6881767511367798,1.850000023841858,1.850000023841858,1.850000023841858,1.850000023841858,83000
2018-11-29,1.6881767511367798,1.850000023841858,1.850000023841858,1.840000033378601,1.850000023841858,15000
2018-11-30,1.6790515184402466,1.840000033378601,1.8600000143051147,1.809999942779541,1.8600000143051147,149000
2018-12-03,1.6881767511367798,1.850000023841858,1.8600000143051147,1.8300000429153442,1.8600000143051147,258000
2018-12-04,1.6973021030426025,1.8600000143051147,1.8600000143051147,1.7999999523162842,1.809999942779541,114000
2018-12-05,1.6699262857437134,1.8300000429153442,1.840000033378601,1.8300000429153442,1.840000033378601,19000
2018-12-06,1.6516755819320679,1.809999942779541,1.850000023841858,1.7999999523162842,1.809999942779541,85000
2018-12-07,1.6516755819320679,1.809999942779541,1.8200000524520874,1.7999999523162842,1.8200000524520874,159950
2018-12-10,1.6608009338378906,1.8200000524520874,1.850000023841858,1.7899999618530273,1.7899999618530273,98000
2018-12-11,1.6608009338378906,1.8200000524520874,1.8200000524520874,1.7799999713897705,1.7899999618530273,22000
2018-12-12,1.6608009338378906,1.8200000524520874,1.8300000429153442,1.8200000524520874,1.8200000524520874,26000
2018-12-13,1.6516755819320679,1.809999942779541,1.809999942779541,1.809999942779541,1.809999942779541,44000
2018-12-14,1.6790515184402466,1.840000033378601,1.840000033378601,1.8200000524520874,1.8200000524520874,70000
2018-12-17,1.6425503492355347,1.7999999523162842,1.850000023841858,1.7799999713897705,1.850000023841858,69000
2018-12-18,1.6425503492355347,1.7999999523162842,1.8300000429153442,1.7599999904632568,1.8300000429153442,55000
2018-12-19,1.6425503492355347,1.7999999523162842,1.809999942779541,1.7699999809265137,1.809999942779541,32000
2018-12-20,1.5604228973388672,1.7100000381469727,1.8799999952316284,1.7000000476837158,1.7999999523162842,1151000
2018-12-21,1.5604228973388672,1.7100000381469727,1.7899999618530273,1.659999966621399,1.7000000476837158,892000
2018-12-24,1.6060491800308228,1.7599999904632568,1.7899999618530273,1.6299999952316284,1.6299999952316284,264000
2018-12-27,1.5786733627319336,1.7300000190734863,1.7799999713897705,1.7000000476837158,1.7799999713897705,158000
2018-12-28,1.6151745319366455,1.7699999809265137,1.7799999713897705,1.7000000476837158,1.7799999713897705,353000
2018-12-31,1.6516755819320679,1.809999942779541,1.8200000524520874,1.7699999809265137,1.7799999713897705,208000
2019-01-02,1.6608009338378906,1.8200000524520874,1.8300000429153442,1.7899999618530273,1.7899999618530273,28000
2019-01-03,1.6242997646331787,1.7799999713897705,1.8200000524520874,1.7400000095367432,1.8200000524520874,150000
2019-01-04,1.6242997646331787,1.7799999713897705,1.7899999618530273,1.7599999904632568,1.7699999809265137,86000
2019-01-07,1.6060491800308228,1.7599999904632568,1.7999999523162842,1.7400000095367432,1.7799999713897705,97000
2019-01-08,1.6060491800308228,1.7599999904632568,1.840000033378601,1.7599999904632568,1.840000033378601,73000
2019-01-09,1.6151745319366455,1.7699999809265137,1.7999999523162842,1.7699999809265137,1.7699999809265137,21000
2019-01-10,1.6060491800308228,1.7599999904632568,1.8200000524520874,1.7599999904632568,1.8200000524520874,42000
2019-01-11,1.633424997329712,1.7899999618530273,1.7899999618530273,1.7799999713897705,1.7799999713897705,8000
2019-01-14,1.6242997646331787,1.7799999713897705,1.8200000524520874,1.75,1.7599999904632568,158000
2019-01-15,1.633424997329712,1.7899999618530273,1.7899999618530273,1.7699999809265137,1.7799999713897705,18000
2019-01-16,1.6151745319366455,1.7699999809265137,1.7999999523162842,1.7699999809265137,1.7799999713897705,22000
2019-01-17,1.633424997329712,1.7899999618530273,1.7999999523162842,1.7599999904632568,1.7999999523162842,104000
2019-01-18,1.633424997329712,1.7899999618530273,1.7999999523162842,1.7300000190734863,1.7699999809265137,87000
2019-01-21,1.633424997329712,1.7899999618530273,1.7999999523162842,1.7400000095367432,1.7400000095367432,66000
2019-01-22,1.6151745319366455,1.7699999809265137,1.7999999523162842,1.7599999904632568,1.7999999523162842,32000
2019-01-23,1.6151745319366455,1.7699999809265137,1.7799999713897705,1.7300000190734863,1.7300000190734863,32000
2019-01-24,1.6151745319366455,1.7699999809265137,1.7999999523162842,1.7400000095367432,1.7599999904632568,83000
2019-01-25,1.6425503492355347,1.7999999523162842,1.8300000429153442,1.7699999809265137,1.7799999713897705,250000
2019-01-28,1.6151745319366455,1.7699999809265137,1.8300000429153442,1.7699999809265137,1.8300000429153442,183000
2019-01-29,1.6060491800308228,1.7599999904632568,1.7699999809265137,1.75,1.7699999809265137,94000
2019-01-30,1.6060491800308228,1.7599999904632568,1.7899999618530273,1.7300000190734863,1.7300000190734863,272000
2019-01-31,1.6242997646331787,1.7799999713897705,1.7999999523162842,1.75,1.7899999618530273,329000
2019-02-01,1.6151745319366455,1.7699999809265137,1.7899999618530273,1.7599999904632568,1.7699999809265137,147000
2019-02-04,1.6151745319366455,1.7699999809265137,1.8200000524520874,1.7699999809265137,1.7699999809265137,50000
2019-02-08,1.6516755819320679,1.809999942779541,1.8300000429153442,1.7699999809265137,1.809999942779541,190000
2019-02-11,1.6516755819320679,1.809999942779541,1.8200000524520874,1.7799999713897705,1.7799999713897705,46000
2019-02-12,1.6425503492355347,1.7999999523162842,1.8200000524520874,1.7799999713897705,1.7899999618530273,137000
2019-02-13,1.6608009338378906,1.8200000524520874,1.840000033378601,1.7899999618530273,1.7899999618530273,227000
2019-02-14,1.6699262857437134,1.8300000429153442,1.8600000143051147,1.809999942779541,1.8200000524520874,352000
2019-02-15,1.7064273357391357,1.8700000047683716,1.8799999952316284,1.8300000429153442,1.850000023841858,734000
2019-02-18,1.6973021030426025,1.8600000143051147,1.8799999952316284,1.8200000524520874,1.8600000143051147,229000
2019-02-19,1.6973021030426025,1.8600000143051147,1.8799999952316284,1.850000023841858,1.8799999952316284,292000
2019-02-20,1.715552568435669,1.8799999952316284,1.899999976158142,1.8600000143051147,1.8700000047683716,450000
2019-02-21,1.7246779203414917,1.8899999856948853,1.9199999570846558,1.8700000047683716,1.8799999952316284,174000
2019-02-22,1.742928385734558,1.909999966621399,1.9199999570846558,1.8899999856948853,1.899999976158142,244000
2019-02-25,1.7703043222427368,1.940000057220459,1.940000057220459,1.8799999952316284,1.9199999570846558,864000
2019-02-26,1.733803153038025,1.899999976158142,1.940000057220459,1.8899999856948853,1.940000057220459,443000
2019-02-27,1.733803153038025,1.899999976158142,1.940000057220459,1.899999976158142,1.9299999475479126,377000
2019-02-28,1.7246779203414917,1.8899999856948853,1.9299999475479126,1.8600000143051147,1.899999976158142,400000
2019-03-01,1.742928385734558,1.909999966621399,1.909999966621399,1.8899999856948853,1.899999976158142,240000
2019-03-04,1.77942955493927,1.9500000476837158,1.9600000381469727,1.8899999856948853,1.8899999856948853,889000
2019-03-05,1.7703043222427368,1.940000057220459,1.9600000381469727,1.909999966621399,1.9299999475479126,534000
2019-03-06,1.7703043222427368,1.940000057220459,1.9500000476837158,1.909999966621399,1.9500000476837158,422000
2019-03-07,1.7520537376403809,1.9199999570846558,1.9299999475479126,1.899999976158142,1.9199999570846558,185000
2019-03-08,1.7520537376403809,1.9199999570846558,1.9199999570846558,1.8700000047683716,1.8899999856948853,736000
2019-03-11,1.8068053722381592,1.9800000190734863,1.9800000190734863,1.8899999856948853,1.909999966621399,275000
2019-03-12,1.8068053722381592,1.9800000190734863,1.9800000190734863,1.899999976158142,1.9800000190734863,764000
2019-03-13,1.7520537376403809,1.9199999570846558,1.9500000476837158,1.899999976158142,1.9500000476837158,499000
2019-03-14,1.742928385734558,1.909999966621399,1.9600000381469727,1.909999966621399,1.940000057220459,196000
2019-03-15,1.761178970336914,1.9299999475479126,1.9800000190734863,1.9299999475479126,1.940000057220459,227000
2019-03-18,1.7703043222427368,1.940000057220459,1.9600000381469727,1.9199999570846558,1.940000057220459,327000
2019-03-19,1.7703043222427368,1.940000057220459,1.9700000286102295,1.9299999475479126,1.9600000381469727,462000
2019-03-20,1.815930724143982,1.9900000095367432,2.009999990463257,1.9500000476837158,1.9700000286102295,1331000
2019-03-21,1.8250559568405151,2.0,2.0199999809265137,1.9800000190734863,1.9900000095367432,918000
2019-03-22,1.7885549068450928,1.9600000381469727,2.0,1.899999976158142,2.0,2054000
2019-03-25,1.6973021030426025,1.8600000143051147,2.0,1.8600000143051147,2.0,1322000
2019-03-26,1.715552568435669,1.8799999952316284,1.9299999475479126,1.8799999952316284,1.899999976158142,271000
2019-03-27,1.7246779203414917,1.8899999856948853,1.8899999856948853,1.8600000143051147,1.8799999952316284,133000
2019-03-28,1.7246779203414917,1.8899999856948853,1.8899999856948853,1.840000033378601,1.850000023841858,171000
2019-03-29,1.7246779203414917,1.8899999856948853,1.9199999570846558,1.850000023841858,1.8799999952316284,275000
2019-04-01,1.715552568435669,1.8799999952316284,1.8899999856948853,1.8799999952316284,1.8899999856948853,292000
2019-04-02,1.715552568435669,1.8799999952316284,1.8899999856948853,1.850000023841858,1.8799999952316284,180000
2019-04-03,1.6973021030426025,1.8600000143051147,1.8799999952316284,1.850000023841858,1.8799999952316284,431000
2019-04-04,1.6973021030426025,1.8600000143051147,1.8899999856948853,1.8300000429153442,1.8799999952316284,439000
2019-04-08,1.6790515184402466,1.840000033378601,1.8700000047683716,1.8200000524520874,1.850000023841858,349000
2019-04-09,1.6881767511367798,1.850000023841858,1.8600000143051147,1.840000033378601,1.850000023841858,152000
2019-04-10,1.6881767511367798,1.850000023841858,1.850000023841858,1.8200000524520874,1.8200000524520874,171000
2019-04-11,1.6790515184402466,1.840000033378601,1.840000033378601,1.8300000429153442,1.8300000429153442,41000
2019-04-12,1.6790515184402466,1.840000033378601,1.850000023841858,1.8300000429153442,1.8300000429153442,166000
2019-04-15,1.6699262857437134,1.8300000429153442,1.850000023841858,1.8300000429153442,1.850000023841858,76000
2019-04-16,1.6881767511367798,1.850000023841858,1.850000023841858,1.809999942779541,1.8300000429153442,307000
2019-04-17,1.6790515184402466,1.840000033378601,1.850000023841858,1.8300000429153442,1.850000023841858,236000
2019-04-18,1.6790515184402466,1.840000033378601,1.840000033378601,1.8300000429153442,1.840000033378601,137000
2019-04-23,1.6608009338378906,1.8200000524520874,1.8300000429153442,1.7999999523162842,1.8300000429153442,368000
2019-04-24,1.6699262857437134,1.8300000429153442,1.840000033378601,1.8300000429153442,1.8300000429153442,14000
2019-04-25,1.6608009338378906,1.8200000524520874,1.8200000524520874,1.7899999618530273,1.8200000524520874,242000
2019-04-26,1.6881767511367798,1.850000023841858,1.850000023841858,1.7899999618530273,1.809999942779541,22000
2019-04-29,1.633424997329712,1.7899999618530273,1.840000033378601,1.75,1.840000033378601,65000
2019-04-30,1.633424997329712,1.7899999618530273,1.8200000524520874,1.7799999713897705,1.8200000524520874,149000
2019-05-02,1.633424997329712,1.7899999618530273,1.7899999618530273,1.7899999618530273,1.7899999618530273,163000
2019-05-03,1.633424997329712,1.7899999618530273,1.7899999618530273,1.7799999713897705,1.7899999618530273,363000
2019-05-06,1.5695481300354004,1.7200000286102295,1.75,1.590000033378601,1.75,603000
2019-05-07,1.5786733627319336,1.7300000190734863,1.7599999904632568,1.7200000286102295,1.7200000286102295,40000
2019-05-08,1.5695481300354004,1.7200000286102295,1.7300000190734863,1.7100000381469727,1.7300000190734863,81000
2019-05-09,1.5330469608306885,1.6799999475479126,1.7200000286102295,1.6799999475479126,1.7100000381469727,147000
2019-05-10,1.5330469608306885,1.6799999475479126,1.7799999713897705,1.6699999570846558,1.7100000381469727,360000
2019-05-14,1.5056711435317993,1.649999976158142,1.690000057220459,1.6299999952316284,1.690000057220459,1223000
2019-05-15,1.4965459108352661,1.6399999856948853,1.7100000381469727,1.6399999856948853,1.659999966621399,265000
2019-05-16,1.5239217281341553,1.6699999570846558,1.7000000476837158,1.649999976158142,1.649999976158142,136000
2019-05-17,1.4965459108352661,1.6399999856948853,1.6799999475479126,1.6399999856948853,1.659999966621399,226000
2019-05-20,1.4874205589294434,1.6299999952316284,1.6699999570846558,1.6299999952316284,1.6699999570846558,38000
2019-05-21,1.4965459108352661,1.6399999856948853,1.659999966621399,1.6399999856948853,1.649999976158142,45000
2019-05-22,1.5147963762283325,1.659999966621399,1.6799999475479126,1.6399999856948853,1.6399999856948853,54000
2019-05-23,1.4782953262329102,1.6200000047683716,1.649999976158142,1.590000033378601,1.6399999856948853,630000
2019-05-24,1.4874205589294434,1.6299999952316284,1.649999976158142,1.6299999952316284,1.6299999952316284,21000
2019-05-27,1.469170093536377,1.6100000143051147,1.6299999952316284,1.5700000524520874,1.6299999952316284,183000
2019-05-28,1.4965459108352661,1.6399999856948853,1.6399999856948853,1.6100000143051147,1.6100000143051147,98000
2019-05-29,1.469170093536377,1.6100000143051147,1.649999976158142,1.6100000143051147,1.6299999952316284,84000
2019-05-30,1.5056711435317993,1.649999976158142,1.659999966621399,1.6200000047683716,1.6200000047683716,48000
2019-05-31,1.4782953262329102,1.6200000047683716,1.649999976158142,1.600000023841858,1.6299999952316284,108000
2019-06-03,1.4782953262329102,1.6200000047683716,1.6200000047683716,1.600000023841858,1.600000023841858,28000
2019-06-04,1.4782953262329102,1.6200000047683716,1.6299999952316284,1.590000033378601,1.6200000047683716,111000
2019-06-05,1.450919508934021,1.590000033378601,1.6200000047683716,1.5199999809265137,1.5199999809265137,310000
2019-06-06,1.4600447416305542,1.600000023841858,1.6200000047683716,1.5800000429153442,1.590000033378601,54000
2019-06-10,1.4600447416305542,1.600000023841858,1.600000023841858,1.5700000524520874,1.5800000429153442,405000
2019-06-11,1.4782953262329102,1.6200000047683716,1.649999976158142,1.600000023841858,1.600000023841858,51000
2019-06-12,1.4874205589294434,1.6299999952316284,1.6399999856948853,1.6299999952316284,1.6299999952316284,91000
2019-06-13,1.4874205589294434,1.6299999952316284,1.6299999952316284,1.6100000143051147,1.6200000047683716,88000
2019-06-14,1.4600447416305542,1.600000023841858,1.649999976158142,1.600000023841858,1.6399999856948853,24000
2019-06-17,1.4417942762374878,1.5800000429153442,1.659999966621399,1.5800000429153442,1.6100000143051147,183000
2019-06-18,1.4600447416305542,1.600000023841858,1.6399999856948853,1.5800000429153442,1.590000033378601,66000
2019-06-19,1.469170093536377,1.6100000143051147,1.649999976158142,1.600000023841858,1.6200000047683716,79000
2019-06-20,1.4782953262329102,1.6200000047683716,1.6200000047683716,1.600000023841858,1.6200000047683716,244000
2019-06-21,1.450919508934021,1.590000033378601,1.6299999952316284,1.590000033378601,1.6100000143051147,344000
2019-06-24,1.4965459108352661,1.6399999856948853,1.649999976158142,1.6200000047683716,1.6200000047683716,346000
2019-06-25,1.4965459108352661,1.6399999856948853,1.649999976158142,1.6399999856948853,1.6399999856948853,188000
2019-06-26,1.4965459108352661,1.6399999856948853,1.6399999856948853,1.6399999856948853,1.6399999856948853,0
2019-06-27,1.4965459108352661,1.6399999856948853,1.649999976158142,1.5700000524520874,1.6299999952316284,65000
2019-06-28,1.4874205589294434,1.6299999952316284,1.6299999952316284,1.600000023841858,1.600000023841858,17000
2019-07-02,1.5147963762283325,1.659999966621399,1.6699999570846558,1.6399999856948853,1.6399999856948853,40000
2019-07-03,1.5056711435317993,1.649999976158142,1.649999976158142,1.6299999952316284,1.649999976158142,61000
2019-07-04,1.4965459108352661,1.6399999856948853,1.649999976158142,1.6399999856948853,1.659999966621399,36000
2019-07-05,1.5056711435317993,1.649999976158142,1.649999976158142,1.6299999952316284,1.6399999856948853,67000
2019-07-08,1.469170093536377,1.6100000143051147,1.649999976158142,1.6100000143051147,1.6299999952316284,69000
2019-07-09,1.4782953262329102,1.6200000047683716,1.6699999570846558,1.600000023841858,1.6100000143051147,93000
2019-07-10,1.4874205589294434,1.6299999952316284,1.6299999952316284,1.590000033378601,1.600000023841858,126000
2019-07-11,1.5147963762283325,1.659999966621399,1.659999966621399,1.6100000143051147,1.6299999952316284,91000
2019-07-12,1.4965459108352661,1.6399999856948853,1.6699999570846558,1.6100000143051147,1.6100000143051147,109000
2019-07-15,1.4874205589294434,1.6299999952316284,1.659999966621399,1.6200000047683716,1.6299999952316284,60000
2019-07-16,1.4874205589294434,1.6299999952316284,1.6299999952316284,1.6299999952316284,1.6299999952316284,0
2019-07-17,1.4874205589294434,1.6299999952316284,1.6299999952316284,1.6299999952316284,1.6299999952316284,0
2019-07-18,1.5147963762283325,1.659999966621399,1.659999966621399,1.6299999952316284,1.6299999952316284,15000
2019-07-19,1.4874205589294434,1.6299999952316284,1.6299999952316284,1.600000023841858,1.6299999952316284,20000
2019-07-22,1.4874205589294434,1.6299999952316284,1.6299999952316284,1.600000023841858,1.600000023841858,53000
2019-07-23,1.4874205589294434,1.6299999952316284,1.6299999952316284,1.600000023841858,1.600000023841858,91000
2019-07-24,1.4965459108352661,1.6399999856948853,1.6399999856948853,1.6200000047683716,1.6200000047683716,56000
2019-07-25,1.4600447416305542,1.600000023841858,1.6399999856948853,1.600000023841858,1.6100000143051147,75000
2019-07-26,1.469170093536377,1.6100000143051147,1.6299999952316284,1.600000023841858,1.6100000143051147,133000
2019-07-29,1.469170093536377,1.6100000143051147,1.6200000047683716,1.6100000143051147,1.6200000047683716,39000
2019-07-30,1.4600447416305542,1.600000023841858,1.6299999952316284,1.600000023841858,1.6299999952316284,35000
2019-07-31,1.4600447416305542,1.600000023841858,1.600000023841858,1.600000023841858,1.600000023841858,0
2019-08-01,1.450919508934021,1.590000033378601,1.600000023841858,1.5499999523162842,1.590000033378601,233000
2019-08-02,1.4417942762374878,1.5800000429153442,1.5800000429153442,1.5299999713897705,1.5499999523162842,355000
2019-08-05,1.38704252243042,1.5199999809265137,1.5700000524520874,1.5099999904632568,1.5700000524520874,133000
2019-08-06,1.3322908878326416,1.4600000381469727,1.5199999809265137,1.4500000476837158,1.5,354000
2019-08-07,1.3779172897338867,1.5099999904632568,1.5099999904632568,1.4600000381469727,1.4600000381469727,106000
2019-08-08,1.3961677551269531,1.5299999713897705,1.5299999713897705,1.4700000286102295,1.4700000286102295,148000
2019-08-09,1.3505414724349976,1.4800000190734863,1.4800000190734863,1.4800000190734863,1.4800000190734863,55000
2019-08-12,1.368791937828064,1.5,1.5,1.4600000381469727,1.4700000286102295,259000
2019-08-13,1.2957897186279297,1.4199999570846558,1.4900000095367432,1.409999966621399,1.4600000381469727,384000
2019-08-14,1.304914951324463,1.4299999475479126,1.5099999904632568,1.4299999475479126,1.5,25000
2019-08-15,1.3414161205291748,1.4700000286102295,1.4700000286102295,1.4600000381469727,1.4600000381469727,18000
2019-08-16,1.3231656551361084,1.4500000476837158,1.4500000476837158,1.4199999570846558,1.4199999570846558,123000
2019-08-19,1.3322908878326416,1.4600000381469727,1.4700000286102295,1.4299999475479126,1.4600000381469727,117000
2019-08-20,1.368791937828064,1.5,1.5099999904632568,1.4299999475479126,1.440000057220459,245000
2019-08-21,1.3231656551361084,1.4500000476837158,1.4800000190734863,1.4299999475479126,1.440000057220459,142000
2019-08-22,1.3414161205291748,1.4700000286102295,1.4700000286102295,1.440000057220459,1.440000057220459,3000
2019-08-23,1.2957897186279297,1.4199999570846558,1.4500000476837158,1.409999966621399,1.4299999475479126,210000
2019-08-26,1.286664366722107,1.409999966621399,1.409999966621399,1.399999976158142,1.399999976158142,13000
2019-08-27,1.3322908878326416,1.4600000381469727,1.4600000381469727,1.4600000381469727,1.4600000381469727,0
2019-08-28,1.2775391340255737,1.399999976158142,1.440000057220459,1.399999976158142,1.4199999570846558,17000
2019-08-29,1.2684139013290405,1.3899999856948853,1.4199999570846558,1.3600000143051147,1.399999976158142,717000
2019-08-30,1.3231656551361084,1.4500000476837158,1.4500000476837158,1.3899999856948853,1.399999976158142,138000
2019-09-02,1.2684139013290405,1.3899999856948853,1.440000057220459,1.3799999952316284,1.440000057220459,127000
2019-09-03,1.2775391340255737,1.399999976158142,1.440000057220459,1.399999976158142,1.440000057220459,266000
2019-09-04,1.3140403032302856,1.440000057220459,1.4600000381469727,1.409999966621399,1.4199999570846558,109000
2019-09-05,1.3322908878326416,1.4600000381469727,1.4900000095367432,1.4500000476837158,1.4900000095367432,510000
2019-09-06,1.3414161205291748,1.4700000286102295,1.5,1.4600000381469727,1.4800000190734863,58000
2019-09-09,1.3596667051315308,1.4900000095367432,1.5199999809265137,1.4500000476837158,1.4600000381469727,393000
2019-09-10,1.3414161205291748,1.4700000286102295,1.5,1.4700000286102295,1.5,169000
2019-09-11,1.368791937828064,1.5,1.5099999904632568,1.4600000381469727,1.4600000381469727,212000
2019-09-12,1.3779172897338867,1.5099999904632568,1.5199999809265137,1.5,1.5,228000
2019-09-13,1.4417942762374878,1.5800000429153442,1.590000033378601,1.5199999809265137,1.5199999809265137,235000
2019-09-16,1.38704252243042,1.5199999809265137,1.559999942779541,1.5199999809265137,1.5299999713897705,195000
2019-09-17,1.38704252243042,1.5199999809265137,1.5499999523162842,1.5,1.5099999904632568,84000
2019-09-18,1.3961677551269531,1.5299999713897705,1.5399999618530273,1.4700000286102295,1.5,119000
2019-09-19,1.368791937828064,1.5,1.5299999713897705,1.4900000095367432,1.5199999809265137,146000
2019-09-20,1.3505414724349976,1.4800000190734863,1.5,1.4600000381469727,1.4700000286102295,507000
2019-09-23,1.3231656551361084,1.4500000476837158,1.4800000190734863,1.4500000476837158,1.4600000381469727,362000
2019-09-24,1.3322908878326416,1.4600000381469727,1.5199999809265137,1.4600000381469727,1.4600000381469727,132000
2019-09-25,1.3231656551361084,1.4500000476837158,1.4500000476837158,1.4299999475479126,1.4500000476837158,389000
2019-09-26,1.304914951324463,1.4299999475479126,1.4500000476837158,1.4299999475479126,1.4500000476837158,520000
2019-09-27,1.3322908878326416,1.4600000381469727,1.4600000381469727,1.4600000381469727,1.4600000381469727,0
2019-09-30,1.3322908878326416,1.4600000381469727,1.4600000381469727,1.4600000381469727,1.4600000381469727,50000
2019-10-02,1.3231656551361084,1.4500000476837158,1.4600000381469727,1.409999966621399,1.4500000476837158,86000
2019-10-03,1.3231656551361084,1.4500000476837158,1.4500000476837158,1.440000057220459,1.4500000476837158,6000
2019-10-04,1.3505414724349976,1.4800000190734863,1.4800000190734863,1.440000057220459,1.440000057220459,36000
2019-10-08,1.3505414724349976,1.4800000190734863,1.4800000190734863,1.440000057220459,1.440000057220459,12000
2019-10-09,1.3414161205291748,1.4700000286102295,1.4800000190734863,1.4299999475479126,1.4800000190734863,12000
2019-10-10,1.2957897186279297,1.4199999570846558,1.4800000190734863,1.409999966621399,1.4800000190734863,16000
2019-10-11,1.3505414724349976,1.4800000190734863,1.4800000190734863,1.4199999570846558,1.4199999570846558,35000
2019-10-14,1.3414161205291748,1.4700000286102295,1.5,1.4700000286102295,1.5,75000
2019-10-15,1.3414161205291748,1.4700000286102295,1.4700000286102295,1.4700000286102295,1.4700000286102295,10000
2019-10-16,1.3505414724349976,1.4800000190734863,1.4800000190734863,1.4700000286102295,1.4800000190734863,20000
2019-10-17,1.3596667051315308,1.4900000095367432,1.4800000190734863,1.440000057220459,1.4800000190734863,29000
2019-10-18,1.3322908878326416,1.4600000381469727,1.4600000381469727,1.4600000381469727,1.4600000381469727,12000
2019-10-21,1.3322908878326416,1.4600000381469727,1.4700000286102295,1.440000057220459,1.4600000381469727,49000
2019-10-22,1.3322908878326416,1.4600000381469727,1.4700000286102295,1.4500000476837158,1.4600000381469727,176000
2019-10-23,1.3414161205291748,1.4700000286102295,1.4700000286102295,1.4700000286102295,1.4700000286102295,0
2019-10-24,1.368791937828064,1.5,1.5,1.4800000190734863,1.5,81000
2019-10-25,1.3596667051315308,1.4900000095367432,1.5099999904632568,1.4900000095367432,1.5,56000
2019-10-28,1.3596667051315308,1.4900000095367432,1.4900000095367432,1.4900000095367432,1.4900000095367432,0
2019-10-29,1.368791937828064,1.5,1.5399999618530273,1.4900000095367432,1.4900000095367432,215000
2019-10-30,1.3779172897338867,1.5099999904632568,1.5399999618530273,1.4800000190734863,1.5399999618530273,87000
2019-10-31,1.3596667051315308,1.4900000095367432,1.4900000095367432,1.4600000381469727,1.4600000381469727,7000
2019-11-01,1.3505414724349976,1.4800000190734863,1.5,1.409999966621399,1.5,80000
2019-11-04,1.38704252243042,1.5199999809265137,1.5199999809265137,1.5,1.5099999904632568,91000
2019-11-05,1.38704252243042,1.5199999809265137,1.5299999713897705,1.5199999809265137,1.5299999713897705,3000
2019-11-06,1.414418339729309,1.5499999523162842,1.5499999523162842,1.5,1.5399999618530273,272000
2019-11-07,1.414418339729309,1.5499999523162842,1.5700000524520874,1.5199999809265137,1.5499999523162842,153000
2019-11-08,1.4417942762374878,1.5800000429153442,1.5800000429153442,1.5199999809265137,1.5499999523162842,95000
2019-11-11,1.3414161205291748,1.4700000286102295,1.5299999713897705,1.4700000286102295,1.5299999713897705,98000
2019-11-12,1.368791937828064,1.5,1.5,1.4800000190734863,1.4800000190734863,22000
2019-11-13,1.3505414724349976,1.4800000190734863,1.5099999904632568,1.4800000190734863,1.4800000190734863,220000
2019-11-14,1.3505414724349976,1.4800000190734863,1.4800000190734863,1.4800000190734863,1.4800000190734863,0
2019-11-15,1.3779172897338867,1.5099999904632568,1.5199999809265137,1.4600000381469727,1.4700000286102295,226000
2019-11-18,1.4782953262329102,1.6200000047683716,1.649999976158142,1.559999942779541,1.600000023841858,906000
2019-11-19,1.4600447416305542,1.600000023841858,1.6200000047683716,1.5800000429153442,1.6200000047683716,210000
2019-11-20,1.469170093536377,1.6100000143051147,1.6299999952316284,1.5700000524520874,1.5800000429153442,73000
2019-11-21,1.469170093536377,1.6100000143051147,1.6100000143051147,1.5700000524520874,1.600000023841858,281000
2019-11-22,1.469170093536377,1.6100000143051147,1.6299999952316284,1.6100000143051147,1.6100000143051147,158000
2019-11-25,1.469170093536377,1.6100000143051147,1.6299999952316284,1.600000023841858,1.6299999952316284,33000
2019-11-26,1.4874205589294434,1.6299999952316284,1.6299999952316284,1.5800000429153442,1.600000023841858,111000
2019-11-27,1.469170093536377,1.6100000143051147,1.6399999856948853,1.5800000429153442,1.6299999952316284,249000
2019-11-28,1.4235435724258423,1.559999942779541,1.600000023841858,1.559999942779541,1.6100000143051147,141000
2019-11-29,1.4417942762374878,1.5800000429153442,1.600000023841858,1.5800000429153442,1.600000023841858,46000
2019-12-02,1.414418339729309,1.5499999523162842,1.559999942779541,1.5499999523162842,1.559999942779541,35000
2019-12-03,1.414418339729309,1.5499999523162842,1.5499999523162842,1.5499999523162842,1.5499999523162842,0
2019-12-04,1.4052931070327759,1.5399999618530273,1.559999942779541,1.5399999618530273,1.5399999618530273,158000
2019-12-05,1.3961677551269531,1.5299999713897705,1.5299999713897705,1.5299999713897705,1.5299999713897705,21000
2019-12-06,1.3779172897338867,1.5099999904632568,1.5299999713897705,1.5099999904632568,1.5299999713897705,115000
2019-12-09,1.368791937828064,1.5,1.5199999809265137,1.4900000095367432,1.5199999809265137,283000
2019-12-10,1.3596667051315308,1.4900000095367432,1.5099999904632568,1.4800000190734863,1.5099999904632568,44000
2019-12-11,1.3596667051315308,1.4900000095367432,1.5,1.4800000190734863,1.4900000095367432,281000
2019-12-12,1.38704252243042,1.5199999809265137,1.5199999809265137,1.5,1.5,209000
2019-12-13,1.414418339729309,1.5499999523162842,1.5499999523162842,1.5199999809265137,1.5299999713897705,190000
2019-12-16,1.368791937828064,1.5,1.559999942779541,1.5,1.559999942779541,98000
2019-12-17,1.414418339729309,1.5499999523162842,1.5499999523162842,1.5099999904632568,1.5099999904632568,134000
2019-12-18,1.4235435724258423,1.559999942779541,1.5700000524520874,1.5499999523162842,1.5499999523162842,36000
2019-12-19,1.3961677551269531,1.5299999713897705,1.559999942779541,1.5199999809265137,1.5499999523162842,182000
2019-12-20,1.3505414724349976,1.4800000190734863,1.5499999523162842,1.4800000190734863,1.5299999713897705,559000
2019-12-23,1.368791937828064,1.5,1.5299999713897705,1.4800000190734863,1.4800000190734863,742000
2019-12-24,1.3596667051315308,1.4900000095367432,1.5099999904632568,1.4700000286102295,1.4800000190734863,448000
2019-12-27,1.38704252243042,1.5199999809265137,1.5499999523162842,1.4800000190734863,1.5,766000
2019-12-30,1.414418339729309,1.5499999523162842,1.559999942779541,1.5299999713897705,1.559999942779541,129000
2019-12-31,1.4052931070327759,1.5399999618530273,1.559999942779541,1.5399999618530273,1.5499999523162842,20000
2020-01-02,1.5056711435317993,1.649999976158142,1.649999976158142,1.5399999618530273,1.5399999618530273,464000
2020-01-03,1.432668924331665,1.5700000524520874,1.6299999952316284,1.5499999523162842,1.6299999952316284,192000
2020-01-06,1.414418339729309,1.5499999523162842,1.590000033378601,1.5399999618530273,1.5700000524520874,97000
2020-01-07,1.3961677551269531,1.5299999713897705,1.5800000429153442,1.5,1.5299999713897705,176000
2020-01-08,1.4052931070327759,1.5399999618530273,1.5399999618530273,1.5199999809265137,1.5199999809265137,28000
2020-01-09,1.432668924331665,1.5700000524520874,1.5700000524520874,1.5299999713897705,1.5299999713897705,95000
2020-01-10,1.414418339729309,1.5499999523162842,1.559999942779541,1.5399999618530273,1.559999942779541,114000
2020-01-13,1.4235435724258423,1.559999942779541,1.559999942779541,1.5399999618530273,1.5499999523162842,71000
2020-01-14,1.4235435724258423,1.559999942779541,1.559999942779541,1.5399999618530273,1.5499999523162842,338000
2020-01-15,1.4235435724258423,1.559999942779541,1.559999942779541,1.5399999618530273,1.5499999523162842,23000
2020-01-16,1.4052931070327759,1.5399999618530273,1.559999942779541,1.5199999809265137,1.5499999523162842,269000
2020-01-17,1.432668924331665,1.5700000524520874,1.5700000524520874,1.559999942779541,1.559999942779541,123000
2020-01-20,1.4052931070327759,1.5399999618530273,1.5700000524520874,1.5399999618530273,1.5700000524520874,29000
2020-01-21,1.38704252243042,1.5199999809265137,1.5199999809265137,1.5,1.5199999809265137,295000
2020-01-22,1.3961677551269531,1.5299999713897705,1.5299999713897705,1.5199999809265137,1.5199999809265137,89000
2020-01-23,1.368791937828064,1.5,1.5199999809265137,1.4900000095367432,1.5,703000
2020-01-24,1.38704252243042,1.5199999809265137,1.5299999713897705,1.5,1.5,2000
2020-01-29,1.3231656551361084,1.4500000476837158,1.5,1.399999976158142,1.5,106000
2020-01-30,1.2775391340255737,1.399999976158142,1.4600000381469727,1.399999976158142,1.4600000381469727,188000
2020-01-31,1.2775391340255737,1.399999976158142,1.440000057220459,1.399999976158142,1.399999976158142,137000
2020-02-03,1.3322908878326416,1.4600000381469727,1.4900000095367432,1.3899999856948853,1.3899999856948853,307000
2020-02-04,1.304914951324463,1.4299999475479126,1.4500000476837158,1.4299999475479126,1.4500000476837158,8000
2020-02-05,1.2957897186279297,1.4199999570846558,1.5,1.409999966621399,1.4299999475479126,186000
2020-02-06,1.2501633167266846,1.3700000047683716,1.4600000381469727,1.350000023841858,1.4199999570846558,123000
2020-02-07,1.286664366722107,1.409999966621399,1.409999966621399,1.399999976158142,1.399999976158142,200000
2020-02-10,1.3231656551361084,1.4500000476837158,1.4600000381469727,1.399999976158142,1.409999966621399,72000
2020-02-11,1.3231656551361084,1.4500000476837158,1.4600000381469727,1.4199999570846558,1.4500000476837158,181000
2020-02-12,1.3231656551361084,1.4500000476837158,1.4600000381469727,1.440000057220459,1.4600000381469727,125000
2020-02-13,1.3231656551361084,1.4500000476837158,1.4600000381469727,1.4299999475479126,1.4500000476837158,124000
2020-02-14,1.3231656551361084,1.4500000476837158,1.4700000286102295,1.4500000476837158,1.4500000476837158,31000
2020-02-17,1.3322908878326416,1.4600000381469727,1.4600000381469727,1.4299999475479126,1.440000057220459,275000
2020-02-18,1.3140403032302856,1.440000057220459,1.4600000381469727,1.4299999475479126,1.440000057220459,102000
2020-02-19,1.3140403032302856,1.440000057220459,1.4600000381469727,1.4199999570846558,1.4199999570846558,56000
2020-02-20,1.3322908878326416,1.4600000381469727,1.4700000286102295,1.440000057220459,1.440000057220459,135000
2020-02-21,1.3140403032302856,1.440000057220459,1.4700000286102295,1.440000057220459,1.440000057220459,108000
2020-02-24,1.3140403032302856,1.440000057220459,1.4600000381469727,1.399999976158142,1.4500000476837158,165000
2020-02-25,1.2957897186279297,1.4199999570846558,1.4199999570846558,1.4199999570846558,1.4199999570846558,25000
2020-02-26,1.3231656551361084,1.4500000476837158,1.4500000476837158,1.4199999570846558,1.4199999570846558,149000
2020-02-27,1.3231656551361084,1.4500000476837158,1.4600000381469727,1.4500000476837158,1.4500000476837158,120000
2020-02-28,1.3140403032302856,1.440000057220459,1.440000057220459,1.4199999570846558,1.4199999570846558,72000
2020-03-02,1.304914951324463,1.4299999475479126,1.4500000476837158,1.4199999570846558,1.4299999475479126,129000
2020-03-03,1.3231656551361084,1.4500000476837158,1.4500000476837158,1.409999966621399,1.409999966621399,231000
2020-03-04,1.3231656551361084,1.4500000476837158,1.4500000476837158,1.4299999475479126,1.4299999475479126,27000
2020-03-05,1.3414161205291748,1.4700000286102295,1.4800000190734863,1.4500000476837158,1.4500000476837158,68000
2020-03-06,1.3322908878326416,1.4600000381469727,1.4700000286102295,1.4199999570846558,1.4199999570846558,93000
2020-03-09,1.2592885494232178,1.3799999952316284,1.399999976158142,1.3700000047683716,1.399999976158142,631000
2020-03-10,1.286664366722107,1.409999966621399,1.409999966621399,1.3200000524520874,1.3200000524520874,102000
2020-03-11,1.286664366722107,1.409999966621399,1.409999966621399,1.409999966621399,1.409999966621399,0
2020-03-12,1.2592885494232178,1.3799999952316284,1.4199999570846558,1.3600000143051147,1.4199999570846558,369000
2020-03-13,1.2410380840301514,1.3600000143051147,1.3600000143051147,1.2699999809265137,1.2699999809265137,497000
2020-03-16,1.1862863302230835,1.2999999523162842,1.3700000047683716,1.2999999523162842,1.3600000143051147,243000
2020-03-17,1.2136622667312622,1.3300000429153442,1.3300000429153442,1.2799999713897705,1.2799999713897705,251000
2020-03-18,1.2136622667312622,1.3300000429153442,1.350000023841858,1.2899999618530273,1.3300000429153442,143000
2020-03-19,1.104158878326416,1.2100000381469727,1.3300000429153442,1.1799999475479126,1.3200000524520874,1353000
2020-03-20,1.1315346956253052,1.2400000095367432,1.25,1.2300000190734863,1.2300000190734863,145000
2020-03-23,1.058532476425171,1.159999966621399,1.2400000095367432,1.159999966621399,1.2000000476837158,234000
2020-03-24,1.0950336456298828,1.2000000476837158,1.2100000381469727,1.1799999475479126,1.1799999475479126,64000
2020-03-25,1.104158878326416,1.2100000381469727,1.2300000190734863,1.190000057220459,1.2000000476837158,480000
2020-03-26,1.1132841110229492,1.2200000286102295,1.2300000190734863,1.2100000381469727,1.2100000381469727,647000
2020-03-27,1.104158878326416,1.2100000381469727,1.2300000190734863,1.2100000381469727,1.2300000190734863,1133000
2020-03-30,1.067657709121704,1.1699999570846558,1.2200000286102295,1.159999966621399,1.2200000286102295,299000
2020-03-31,1.104158878326416,1.2100000381469727,1.2300000190734863,1.2000000476837158,1.2100000381469727,1880000
2020-04-01,1.0950336456298828,1.2000000476837158,1.2100000381469727,1.2000000476837158,1.2100000381469727,908000
2020-04-02,1.08590829372406,1.190000057220459,1.2000000476837158,1.1799999475479126,1.2000000476837158,1452000
2020-04-03,1.08590829372406,1.190000057220459,1.2000000476837158,1.1799999475479126,1.1799999475479126,628000
2020-04-06,1.0950336456298828,1.2000000476837158,1.2100000381469727,1.2000000476837158,1.2000000476837158,384000
2020-04-07,1.104158878326416,1.2100000381469727,1.2100000381469727,1.2000000476837158,1.2000000476837158,4315000
2020-04-08,1.104158878326416,1.2100000381469727,1.2200000286102295,1.2000000476837158,1.2100000381469727,275000
2020-04-09,1.1406599283218384,1.25,1.2599999904632568,1.2100000381469727,1.2100000381469727,488000
2020-04-14,1.1406599283218384,1.25,1.2599999904632568,1.2400000095367432,1.2400000095367432,647000
2020-04-15,1.122409462928772,1.2300000190734863,1.2599999904632568,1.2300000190734863,1.2599999904632568,215000
2020-04-16,1.1315346956253052,1.2400000095367432,1.25,1.2300000190734863,1.2200000286102295,122000
2020-04-17,1.1497852802276611,1.2599999904632568,1.2599999904632568,1.2400000095367432,1.2599999904632568,173000
2020-04-20,1.1589105129241943,1.2699999809265137,1.2699999809265137,1.2400000095367432,1.2599999904632568,549000
2020-04-21,1.1680357456207275,1.2799999713897705,1.2799999713897705,1.25,1.25,29000
2020-04-22,1.1589105129241943,1.2699999809265137,1.2699999809265137,1.2699999809265137,1.2699999809265137,0
2020-04-23,1.1406599283218384,1.25,1.2799999713897705,1.25,1.2599999904632568,140000
2020-04-24,1.1862863302230835,1.2999999523162842,1.309999942779541,1.25,1.25,36000
2020-04-27,1.1680357456207275,1.2799999713897705,1.309999942779541,1.2699999809265137,1.2899999618530273,294000
2020-04-28,1.1862863302230835,1.2999999523162842,1.309999942779541,1.2799999713897705,1.2899999618530273,293000
2020-04-29,1.1954115629196167,1.309999942779541,1.309999942779541,1.2699999809265137,1.309999942779541,153000
2020-05-04,1.1589105129241943,1.2699999809265137,1.2799999713897705,1.2400000095367432,1.2599999904632568,800000
2020-05-05,1.122409462928772,1.2300000190734863,1.2599999904632568,1.2200000286102295,1.2400000095367432,182000
2020-05-06,1.1497852802276611,1.2599999904632568,1.2599999904632568,1.2300000190734863,1.2300000190734863,152000
2020-05-07,1.1497852802276611,1.2599999904632568,1.2699999809265137,1.2400000095367432,1.25,33000
2020-05-08,1.1862863302230835,1.2999999523162842,1.2999999523162842,1.2400000095367432,1.2599999904632568,101000
2020-05-11,1.1862863302230835,1.2999999523162842,1.2999999523162842,1.2899999618530273,1.2899999618530273,81000
2020-05-12,1.1680357456207275,1.2799999713897705,1.2799999713897705,1.25,1.2699999809265137,241000
2020-05-13,1.1589105129241943,1.2699999809265137,1.2899999618530273,1.2599999904632568,1.2599999904632568,50000
2020-05-14,1.1589105129241943,1.2699999809265137,1.2799999713897705,1.2699999809265137,1.2799999713897705,16000
2020-05-15,1.1589105129241943,1.2699999809265137,1.2899999618530273,1.2599999904632568,1.2699999809265137,103000
2020-05-18,1.1771610975265503,1.2899999618530273,1.2899999618530273,1.25,1.2699999809265137,80000
2020-05-19,1.1406599283218384,1.25,1.309999942779541,1.25,1.309999942779541,1161000
2020-05-20,1.2000000476837158,1.2000000476837158,1.2100000381469727,1.149999976158142,1.1699999570846558,405000
2020-05-21,1.159999966621399,1.159999966621399,1.1799999475479126,1.159999966621399,1.1799999475479126,95000
2020-05-22,1.1299999952316284,1.1299999952316284,1.1699999570846558,1.1200000047683716,1.1699999570846558,61000
2020-05-25,1.1299999952316284,1.1299999952316284,1.1299999952316284,1.1299999952316284,1.1299999952316284,0
2020-05-26,1.149999976158142,1.149999976158142,1.149999976158142,1.1100000143051147,1.1299999952316284,34000
2020-05-27,1.1399999856948853,1.1399999856948853,1.1699999570846558,1.1399999856948853,1.149999976158142,145000
2020-05-28,1.1399999856948853,1.1399999856948853,1.159999966621399,1.1200000047683716,1.1399999856948853,92000
2020-05-29,1.1100000143051147,1.1100000143051147,1.149999976158142,1.1100000143051147,1.149999976158142,230000
2020-06-01,1.1100000143051147,1.1100000143051147,1.1100000143051147,1.0800000429153442,1.1100000143051147,457000
2020-06-02,1.1200000047683716,1.1200000047683716,1.1200000047683716,1.100000023841858,1.1200000047683716,44000
2020-06-03,1.090000033378601,1.090000033378601,1.1200000047683716,1.090000033378601,1.1100000143051147,98000
2020-06-04,1.100000023841858,1.100000023841858,1.1799999475479126,1.090000033378601,1.1399999856948853,63000
2020-06-05,1.1399999856948853,1.1399999856948853,1.149999976158142,1.100000023841858,1.1299999952316284,264000
2020-06-08,1.149999976158142,1.149999976158142,1.159999966621399,1.1200000047683716,1.1200000047683716,364000
2020-06-09,1.159999966621399,1.159999966621399,1.159999966621399,1.1200000047683716,1.159999966621399,100000
2020-06-10,1.1399999856948853,1.1399999856948853,1.1699999570846558,1.1399999856948853,1.159999966621399,30000
2020-06-11,1.1399999856948853,1.1399999856948853,1.1399999856948853,1.1399999856948853,1.1399999856948853,80000
2020-06-12,1.1399999856948853,1.1399999856948853,1.149999976158142,1.1100000143051147,1.1200000047683716,129000
2020-06-15,1.159999966621399,1.159999966621399,1.1699999570846558,1.1200000047683716,1.159999966621399,144000
2020-06-16,1.149999976158142,1.149999976158142,1.159999966621399,1.1399999856948853,1.159999966621399,34000
2020-06-17,1.1299999952316284,1.1299999952316284,1.149999976158142,1.1299999952316284,1.1399999856948853,67000
2020-06-18,1.159999966621399,1.159999966621399,1.159999966621399,1.1299999952316284,1.1299999952316284,113000
2020-06-19,1.159999966621399,1.159999966621399,1.159999966621399,1.1399999856948853,1.159999966621399,113000
2020-06-22,1.1399999856948853,1.1399999856948853,1.1399999856948853,1.1399999856948853,1.1399999856948853,57000
2020-06-23,1.1299999952316284,1.1299999952316284,1.149999976158142,1.1299999952316284,1.1399999856948853,209000
2020-06-24,1.1399999856948853,1.1399999856948853,1.159999966621399,1.1399999856948853,1.159999966621399,140000
2020-06-26,1.1399999856948853,1.1399999856948853,1.1399999856948853,1.1399999856948853,1.1399999856948853,62000
2020-06-29,1.1399999856948853,1.1399999856948853,1.149999976158142,1.1399999856948853,1.149999976158142,155000
2020-06-30,1.149999976158142,1.149999976158142,1.149999976158142,1.1399999856948853,1.1399999856948853,499000
2020-07-02,1.1699999570846558,1.1699999570846558,1.190000057220459,1.1399999856948853,1.190000057220459,137000
2020-07-03,1.190000057220459,1.190000057220459,1.2000000476837158,1.1699999570846558,1.2000000476837158,707000
2020-07-06,1.2400000095367432,1.2400000095367432,1.2400000095367432,1.2100000381469727,1.2100000381469727,802000
2020-07-07,1.2300000190734863,1.2300000190734863,1.2400000095367432,1.2200000286102295,1.2400000095367432,195000
2020-07-08,1.2300000190734863,1.2300000190734863,1.2400000095367432,1.2100000381469727,1.2400000095367432,703000
2020-07-09,1.2400000095367432,1.2400000095367432,1.2400000095367432,1.2300000190734863,1.2300000190734863,384000
2020-07-10,1.2200000286102295,1.2200000286102295,1.350000023841858,1.1799999475479126,1.2200000286102295,396000
2020-07-13,1.2300000190734863,1.2300000190734863,1.25,1.2100000381469727,1.25,316000
2020-07-14,1.2200000286102295,1.2200000286102295,1.2200000286102295,1.2100000381469727,1.2200000286102295,40000
2020-07-15,1.2000000476837158,1.2000000476837158,1.2400000095367432,1.2000000476837158,1.2100000381469727,181000
2020-07-16,1.2000000476837158,1.2000000476837158,1.2100000381469727,1.2000000476837158,1.2100000381469727,47000
2020-07-17,1.2200000286102295,1.2200000286102295,1.2300000190734863,1.2000000476837158,1.2000000476837158,126000
2020-07-20,1.2200000286102295,1.2200000286102295,1.2200000286102295,1.190000057220459,1.2000000476837158,132000
2020-07-21,1.2100000381469727,1.2100000381469727,1.2200000286102295,1.2000000476837158,1.2100000381469727,431000
2020-07-22,1.2000000476837158,1.2000000476837158,1.2200000286102295,1.2000000476837158,1.2100000381469727,31000
2020-07-23,1.2000000476837158,1.2000000476837158,1.2699999809265137,1.1699999570846558,1.1699999570846558,91000
2020-07-24,1.2000000476837158,1.2000000476837158,1.309999942779541,1.1799999475479126,1.2999999523162842,222000
2020-07-27,1.2000000476837158,1.2000000476837158,1.2200000286102295,1.2000000476837158,1.2200000286102295,174000
2020-07-28,1.2000000476837158,1.2000000476837158,1.2100000381469727,1.2000000476837158,1.2100000381469727,54000
2020-07-29,1.2000000476837158,1.2000000476837158,1.2100000381469727,1.2000000476837158,1.2000000476837158,31000
2020-07-30,1.2000000476837158,1.2000000476837158,1.2100000381469727,1.2000000476837158,1.2100000381469727,117000
2020-07-31,1.2000000476837158,1.2000000476837158,1.2000000476837158,1.2000000476837158,1.2000000476837158,134000
2020-08-03,1.2000000476837158,1.2000000476837158,1.2100000381469727,1.2000000476837158,1.2000000476837158,291000
2020-08-04,1.2000000476837158,1.2000000476837158,1.2200000286102295,1.2000000476837158,1.2100000381469727,59000
2020-08-05,1.2100000381469727,1.2100000381469727,1.2100000381469727,1.2000000476837158,1.2000000476837158,120000
2020-08-06,1.2100000381469727,1.2100000381469727,1.2100000381469727,1.1799999475479126,1.2000000476837158,188000
2020-08-07,1.2000000476837158,1.2000000476837158,1.2000000476837158,1.1699999570846558,1.2000000476837158,15000
2020-08-10,1.1699999570846558,1.1699999570846558,1.2000000476837158,1.159999966621399,1.2000000476837158,465000
2020-08-11,1.190000057220459,1.190000057220459,1.190000057220459,1.190000057220459,1.190000057220459,98000
2020-08-12,1.190000057220459,1.190000057220459,1.2000000476837158,1.190000057220459,1.2000000476837158,81000
2020-08-13,1.190000057220459,1.190000057220459,1.2100000381469727,1.190000057220459,1.2100000381469727,82000
2020-08-14,1.190000057220459,1.190000057220459,1.190000057220459,1.1799999475479126,1.190000057220459,55000
2020-08-17,1.2000000476837158,1.2000000476837158,1.2200000286102295,1.190000057220459,1.2200000286102295,108000
2020-08-18,1.190000057220459,1.190000057220459,1.2000000476837158,1.190000057220459,1.2000000476837158,56000
2020-08-19,1.190000057220459,1.190000057220459,1.2000000476837158,1.190000057220459,1.2000000476837158,54000
2020-08-20,1.1799999475479126,1.1799999475479126,1.1799999475479126,1.159999966621399,1.190000057220459,143000
2020-08-21,1.1799999475479126,1.1799999475479126,1.190000057220459,1.1699999570846558,1.1799999475479126,19000
2020-08-24,1.1699999570846558,1.1699999570846558,1.1699999570846558,1.1699999570846558,1.1699999570846558,42000
2020-08-25,1.1799999475479126,1.1799999475479126,1.1799999475479126,1.1699999570846558,1.1699999570846558,52000
2020-08-26,1.159999966621399,1.159999966621399,1.1699999570846558,1.149999976158142,1.1699999570846558,110000
2020-08-27,1.1699999570846558,1.1699999570846558,1.1699999570846558,1.1699999570846558,1.1699999570846558,10000
2020-08-28,1.1699999570846558,1.1699999570846558,1.1699999570846558,1.1399999856948853,1.149999976158142,59000
2020-08-31,1.149999976158142,1.149999976158142,1.1699999570846558,1.149999976158142,1.1699999570846558,78000
2020-09-01,1.1399999856948853,1.1399999856948853,1.1799999475479126,1.1399999856948853,1.1799999475479126,199000
2020-09-02,1.149999976158142,1.149999976158142,1.159999966621399,1.1399999856948853,1.159999966621399,425000
2020-09-03,1.1200000047683716,1.1200000047683716,1.1399999856948853,1.100000023841858,1.1399999856948853,258000
2020-09-04,1.0800000429153442,1.0800000429153442,1.090000033378601,1.0800000429153442,1.090000033378601,710000
2020-09-07,1.0,1.0,1.100000023841858,1.0,1.100000023841858,7812000
2020-09-08,1.0299999713897705,1.0299999713897705,1.0299999713897705,0.9900000095367432,1.0,2980000
2020-09-09,0.9800000190734863,0.9800000190734863,1.0099999904632568,0.9700000286102295,0.9900000095367432,3641000
2020-09-10,0.9900000095367432,0.9900000095367432,1.0,0.9800000190734863,1.0,214000
2020-09-11,0.9800000190734863,0.9800000190734863,1.0,0.9800000190734863,0.9900000095367432,177000
2020-09-14,0.9900000095367432,0.9900000095367432,1.0,0.9800000190734863,0.9800000190734863,481000
2020-09-15,0.9800000190734863,0.9800000190734863,0.9900000095367432,0.9700000286102295,0.9700000286102295,373000
2020-09-16,0.9700000286102295,0.9700000286102295,0.9900000095367432,0.9700000286102295,0.9900000095367432,40000
2020-09-17,0.9700000286102295,0.9700000286102295,0.9900000095367432,0.9700000286102295,0.9800000190734863,18000
2020-09-18,0.9800000190734863,0.9800000190734863,0.9900000095367432,0.9700000286102295,0.9700000286102295,168000
2020-09-21,0.9800000190734863,0.9800000190734863,1.0,0.9700000286102295,0.9800000190734863,168000
2020-09-22,0.9800000190734863,0.9800000190734863,0.9900000095367432,0.9800000190734863,0.9800000190734863,142000
2020-09-23,0.9700000286102295,0.9700000286102295,0.9800000190734863,0.9700000286102295,0.9800000190734863,203000
2020-09-24,0.9599999785423279,0.9599999785423279,0.9800000190734863,0.9599999785423279,0.9800000190734863,141000
2020-09-25,0.9700000286102295,0.9700000286102295,0.9900000095367432,0.949999988079071,0.9900000095367432,299000
2020-09-28,0.9800000190734863,0.9800000190734863,0.9900000095367432,0.949999988079071,0.9900000095367432,6000
2020-09-29,0.949999988079071,0.949999988079071,0.9700000286102295,0.949999988079071,0.9700000286102295,6000
2020-09-30,0.9599999785423279,0.9599999785423279,0.9800000190734863,0.949999988079071,0.9800000190734863,153000
2020-10-05,0.9700000286102295,0.9700000286102295,0.9800000190734863,0.9599999785423279,0.9700000286102295,94000
2020-10-06,0.9700000286102295,0.9700000286102295,0.9800000190734863,0.9599999785423279,0.9800000190734863,107000
2020-10-07,0.9599999785423279,0.9599999785423279,0.9700000286102295,0.9599999785423279,0.9599999785423279,89000
2020-10-08,0.9700000286102295,0.9700000286102295,0.9700000286102295,0.949999988079071,0.9700000286102295,137000
2020-10-09,0.9700000286102295,0.9700000286102295,0.9700000286102295,0.9700000286102295,0.9700000286102295,0
2020-10-12,0.9700000286102295,0.9700000286102295,0.9800000190734863,0.9599999785423279,0.9700000286102295,426000
2020-10-14,0.9800000190734863,0.9800000190734863,0.9900000095367432,0.9599999785423279,0.9700000286102295,104000
2020-10-15,0.9800000190734863,0.9800000190734863,0.9800000190734863,0.9599999785423279,0.9599999785423279,52000
2020-10-16,1.0,1.0,1.0099999904632568,0.9900000095367432,0.9900000095367432,933000
2020-10-19,0.9900000095367432,0.9900000095367432,1.0099999904632568,0.9900000095367432,1.0,235000
2020-10-20,1.0,1.0,1.0,0.9800000190734863,1.0,162000
2020-10-21,1.0,1.0,1.0099999904632568,1.0,1.0099999904632568,96000
2020-10-22,0.9900000095367432,0.9900000095367432,0.9900000095367432,0.9800000190734863,0.9800000190734863,90000
2020-10-23,0.9900000095367432,0.9900000095367432,1.0,0.9900000095367432,1.0,129000
2020-10-27,1.0,1.0,1.0099999904632568,0.9700000286102295,1.0099999904632568,364000
2020-10-28,0.9200000166893005,0.9200000166893005,0.9700000286102295,0.8700000047683716,0.9700000286102295,6515000
2020-10-29,0.9599999785423279,0.9599999785423279,0.9599999785423279,0.9200000166893005,0.9200000166893005,759000
2020-10-30,0.9300000071525574,0.9300000071525574,0.9599999785423279,0.9300000071525574,0.9599999785423279,16000
2020-11-02,0.9599999785423279,0.9599999785423279,1.0,0.9300000071525574,0.9300000071525574,256000
2020-11-03,0.9599999785423279,0.9599999785423279,0.9599999785423279,0.949999988079071,0.9599999785423279,52000
2020-11-04,0.949999988079071,0.949999988079071,0.9599999785423279,0.949999988079071,0.9599999785423279,138000
2020-11-05,0.949999988079071,0.949999988079071,0.9900000095367432,0.9399999976158142,0.9700000286102295,127000
2020-11-06,0.9800000190734863,0.9800000190734863,0.9800000190734863,0.949999988079071,0.9700000286102295,91000
2020-11-09,1.0,1.0,1.0,0.9599999785423279,0.9599999785423279,193000
2020-11-10,0.9800000190734863,0.9800000190734863,1.0,0.9800000190734863,1.0,322000
2020-11-11,1.0099999904632568,1.0099999904632568,1.0299999713897705,1.0,1.0099999904632568,1048000
2020-11-12,1.0,1.0,1.0,0.9900000095367432,1.0,200000
2020-11-13,0.9900000095367432,0.9900000095367432,1.0099999904632568,0.9800000190734863,1.0099999904632568,287000
2020-11-16,0.9900000095367432,0.9900000095367432,1.0099999904632568,0.9900000095367432,0.9900000095367432,118000
2020-11-17,1.0,1.0,1.0099999904632568,1.0099999904632568,1.0099999904632568,2000
2020-11-18,1.0,1.0,1.0,0.9900000095367432,0.9900000095367432,193000
2020-11-19,1.0,1.0,1.0,1.0,1.0,2000
2020-11-20,1.0,1.0,1.0,0.9800000190734863,1.0,188000
2020-11-23,1.0,1.0,1.0099999904632568,0.9700000286102295,1.0099999904632568,72000
2020-11-24,1.0,1.0,1.0,0.9900000095367432,0.9900000095367432,109000
2020-11-25,0.9900000095367432,0.9900000095367432,1.0,0.9800000190734863,1.0,519000
2020-11-26,1.0,1.0,1.0399999618530273,1.0,1.0199999809265137,506000
2020-11-27,1.0199999809265137,1.0199999809265137,1.0199999809265137,1.0199999809265137,1.0199999809265137,6000
2020-11-30,1.0199999809265137,1.0199999809265137,1.0199999809265137,1.0199999809265137,1.0199999809265137,66000
2020-12-01,1.0299999713897705,1.0299999713897705,1.0299999713897705,1.0,1.0199999809265137,123000
2020-12-02,1.0199999809265137,1.0199999809265137,1.0299999713897705,1.0199999809265137,1.0299999713897705,106000
2020-12-03,1.0399999618530273,1.0399999618530273,1.0399999618530273,1.0099999904632568,1.0199999809265137,296000
2020-12-04,1.0199999809265137,1.0199999809265137,1.0399999618530273,1.0099999904632568,1.0199999809265137,157000
2020-12-07,1.0199999809265137,1.0199999809265137,1.0299999713897705,1.0,1.0099999904632568,201000
2020-12-08,1.0099999904632568,1.0099999904632568,1.0199999809265137,1.0,1.0,320000
2020-12-09,0.9800000190734863,0.9800000190734863,1.0099999904632568,0.9800000190734863,1.0,161000
2020-12-10,0.9900000095367432,0.9900000095367432,1.0,0.9900000095367432,1.0,111000
2020-12-11,1.0099999904632568,1.0099999904632568,1.0099999904632568,0.9900000095367432,1.0,292000
2020-12-14,0.9900000095367432,0.9900000095367432,1.0099999904632568,0.9900000095367432,1.0,133000
2020-12-15,0.9800000190734863,0.9800000190734863,0.9900000095367432,0.9800000190734863,0.9900000095367432,127000
2020-12-16,0.9900000095367432,0.9900000095367432,1.0199999809265137,0.9800000190734863,0.9800000190734863,144000
2020-12-17,0.9900000095367432,0.9900000095367432,0.9900000095367432,0.9900000095367432,0.9900000095367432,0
2020-12-18,1.0299999713897705,1.0299999713897705,1.0299999713897705,0.9800000190734863,0.9900000095367432,512000
2020-12-21,0.9900000095367432,0.9900000095367432,1.0,0.9900000095367432,0.9900000095367432,213000
2020-12-22,0.9800000190734863,0.9800000190734863,1.0,0.9700000286102295,1.0,112000
2020-12-23,0.9800000190734863,0.9800000190734863,1.0,0.9700000286102295,0.9800000190734863,95000
2020-12-24,0.9700000286102295,0.9700000286102295,0.9700000286102295,0.9700000286102295,0.9700000286102295,0
2020-12-28,0.9700000286102295,0.9700000286102295,1.0,0.9700000286102295,0.9700000286102295,149000
2020-12-29,0.9900000095367432,0.9900000095367432,1.0,0.9900000095367432,0.9900000095367432,259000
2020-12-30,0.9900000095367432,0.9900000095367432,1.0,0.9800000190734863,0.9800000190734863,228000
2020-12-31,1.0,1.0,1.0,1.0,1.0,0
2021-01-04,0.9800000190734863,0.9800000190734863,1.0099999904632568,0.9700000286102295,1.0099999904632568,184000
2021-01-05,0.9800000190734863,0.9800000190734863,0.9800000190734863,0.9599999785423279,0.9800000190734863,949000
2021-01-06,1.0,1.0,1.0,0.9700000286102295,0.9800000190734863,47000
2021-01-07,0.9900000095367432,0.9900000095367432,1.0,0.9800000190734863,0.9900000095367432,384000
2021-01-08,0.9800000190734863,0.9800000190734863,0.9900000095367432,0.9599999785423279,0.9800000190734863,63000
2021-01-11,0.9800000190734863,0.9800000190734863,1.0,0.9800000190734863,0.9800000190734863,222000
2021-01-12,1.0,1.0,1.0,0.9800000190734863,0.9900000095367432,246000
2021-01-13,0.9900000095367432,0.9900000095367432,1.0,0.9900000095367432,1.0,345000
2021-01-14,1.0,1.0,1.0,0.9800000190734863,0.9900000095367432,159000
2021-01-15,1.0099999904632568,1.0099999904632568,1.0099999904632568,0.9900000095367432,1.0,620000
2021-01-18,1.0199999809265137,1.0199999809265137,1.0199999809265137,1.0,1.0099999904632568,252000
2021-01-19,1.0399999618530273,1.0399999618530273,1.0399999618530273,1.0199999809265137,1.0299999713897705,418000
2021-01-20,1.0299999713897705,1.0299999713897705,1.0399999618530273,1.0,1.0399999618530273,638000
2021-01-21,1.0299999713897705,1.0299999713897705,1.0399999618530273,1.0299999713897705,1.0399999618530273,446000
2021-01-22,1.0199999809265137,1.0199999809265137,1.0399999618530273,0.9900000095367432,1.0399999618530273,700000
2021-01-25,1.0,1.0,1.0199999809265137,1.0,1.0099999904632568,334000
2021-01-26,1.0,1.0,1.0099999904632568,1.0,1.0099999904632568,346000
2021-01-27,1.0199999809265137,1.0199999809265137,1.0199999809265137,1.0,1.0,473000
2021-01-28,1.0199999809265137,1.0199999809265137,1.0199999809265137,1.0,1.0199999809265137,346000
2021-01-29,1.0099999904632568,1.0099999904632568,1.0199999809265137,1.0,1.0199999809265137,52000
2021-02-01,1.0199999809265137,1.0199999809265137,1.0199999809265137,0.9900000095367432,1.0,248000
2021-02-02,1.0,1.0,1.0199999809265137,0.9900000095367432,1.0,242000
2021-02-03,1.0099999904632568,1.0099999904632568,1.0399999618530273,1.0,1.0099999904632568,534000
2021-02-04,1.0099999904632568,1.0099999904632568,1.0099999904632568,1.0,1.0099999904632568,143000
2021-02-05,1.0099999904632568,1.0099999904632568,1.0499999523162842,1.0,1.0099999904632568,1112000
2021-02-08,1.0299999713897705,1.0299999713897705,1.0399999618530273,1.0099999904632568,1.0299999713897705,201000
2021-02-09,1.0299999713897705,1.0299999713897705,1.0299999713897705,1.0199999809265137,1.0299999713897705,294000
2021-02-10,1.0299999713897705,1.0299999713897705,1.0399999618530273,1.0199999809265137,1.0199999809265137,356000
2021-02-11,1.0199999809265137,1.0199999809265137,1.0199999809265137,1.0199999809265137,1.0199999809265137,0
2021-02-16,1.0499999523162842,1.0499999523162842,1.0499999523162842,1.0299999713897705,1.0299999713897705,829000
2021-02-17,1.0700000524520874,1.0700000524520874,1.090000033378601,1.0399999618530273,1.0499999523162842,1687000
2021-02-18,1.059999942779541,1.059999942779541,1.090000033378601,1.0499999523162842,1.0700000524520874,564000
2021-02-19,1.100000023841858,1.100000023841858,1.100000023841858,1.0399999618530273,1.059999942779541,612000
2021-02-22,1.1200000047683716,1.1200000047683716,1.1200000047683716,1.0800000429153442,1.090000033378601,536000
2021-02-23,1.149999976158142,1.149999976158142,1.149999976158142,1.1200000047683716,1.1200000047683716,1262000
2021-02-24,1.100000023841858,1.100000023841858,1.159999966621399,1.100000023841858,1.149999976158142,670000
2021-02-25,1.149999976158142,1.149999976158142,1.159999966621399,1.1100000143051147,1.1100000143051147,511000
2021-02-26,1.1399999856948853,1.1399999856948853,1.149999976158142,1.1200000047683716,1.1299999952316284,452000
2021-03-01,1.149999976158142,1.149999976158142,1.1799999475479126,1.1100000143051147,1.149999976158142,932000
2021-03-02,1.1100000143051147,1.1100000143051147,1.159999966621399,1.1100000143051147,1.159999966621399,425000
2021-03-03,1.1399999856948853,1.1399999856948853,1.159999966621399,1.1200000047683716,1.1200000047683716,210000
2021-03-04,1.1299999952316284,1.1299999952316284,1.190000057220459,1.1299999952316284,1.190000057220459,538000
2021-03-05,1.1200000047683716,1.1200000047683716,1.159999966621399,1.1100000143051147,1.1299999952316284,1894000
2021-03-08,1.1200000047683716,1.1200000047683716,1.1399999856948853,1.1100000143051147,1.1299999952316284,846000
2021-03-09,1.100000023841858,1.100000023841858,1.1100000143051147,1.090000033378601,1.1100000143051147,995000
2021-03-10,1.100000023841858,1.100000023841858,1.100000023841858,1.0800000429153442,1.090000033378601,402000
2021-03-11,1.100000023841858,1.100000023841858,1.1200000047683716,1.090000033378601,1.100000023841858,280000
2021-03-12,1.0800000429153442,1.0800000429153442,1.1100000143051147,1.0800000429153442,1.090000033378601,232000
2021-03-15,1.1200000047683716,1.1200000047683716,1.1299999952316284,1.100000023841858,1.100000023841858,204000
2021-03-16,1.100000023841858,1.100000023841858,1.1200000047683716,1.100000023841858,1.1100000143051147,633000
2021-03-17,1.0499999523162842,1.0499999523162842,1.090000033378601,1.0399999618530273,1.090000033378601,2100000
2021-03-18,1.0399999618530273,1.0399999618530273,1.0499999523162842,1.0199999809265137,1.0399999618530273,910000
2021-03-19,1.0299999713897705,1.0299999713897705,1.0399999618530273,1.0199999809265137,1.0399999618530273,1135000
2021-03-22,1.0199999809265137,1.0199999809265137,1.0299999713897705,1.0099999904632568,1.0299999713897705,1239000
2021-03-23,1.0099999904632568,1.0099999904632568,1.0199999809265137,0.9900000095367432,1.0099999904632568,561000
2021-03-24,1.0,1.0,1.0099999904632568,0.9900000095367432,1.0099999904632568,386000
2021-03-25,0.9900000095367432,0.9900000095367432,1.0,0.9900000095367432,1.0,131000
2021-03-26,0.9800000190734863,0.9800000190734863,1.0,0.9800000190734863,1.0,413000
2021-03-29,0.9800000190734863,0.9800000190734863,1.0,0.9800000190734863,0.9900000095367432,400000
2021-03-30,1.0099999904632568,1.0099999904632568,1.0199999809265137,0.9900000095367432,0.9900000095367432,385000
2021-03-31,1.0,1.0,1.0199999809265137,0.9800000190734863,1.0199999809265137,559000
2021-04-01,0.9900000095367432,0.9900000095367432,0.9900000095367432,0.9700000286102295,0.9800000190734863,534000
2021-04-07,1.0,1.0,1.0299999713897705,0.9900000095367432,1.0299999713897705,802000
2021-04-08,1.0,1.0,1.0099999904632568,0.9800000190734863,0.9900000095367432,588000
2021-04-09,0.9900000095367432,0.9900000095367432,1.0,0.9900000095367432,1.0,185000
2021-04-12,1.0,1.0,1.0,0.9900000095367432,0.9900000095367432,75000
2021-04-13,0.9900000095367432,0.9900000095367432,1.0,0.9900000095367432,0.9900000095367432,346000
2021-04-14,1.0,1.0,1.0,1.0,1.0,92101
2021-04-15,0.9900000095367432,0.9900000095367432,1.0,0.9800000190734863,1.0,263000
2021-04-16,0.9900000095367432,0.9900000095367432,1.0,0.9800000190734863,0.9800000190734863,356000
2021-04-19,1.0,1.0,1.0,0.9900000095367432,0.9900000095367432,1213000
2021-04-20,1.0,1.0,1.0,0.9900000095367432,1.0,727000
2021-04-21,1.0,1.0,1.0,0.9900000095367432,0.9900000095367432,102000
2021-04-22,0.9900000095367432,0.9900000095367432,1.0,0.9900000095367432,1.0,218000
2021-04-23,1.0,1.0,1.0,0.9900000095367432,0.9900000095367432,116000
2021-04-26,1.0,1.0,1.0,0.9900000095367432,0.9900000095367432,342000
2021-04-27,0.9900000095367432,0.9900000095367432,1.0,0.9900000095367432,1.0,72000
2021-04-28,1.0,1.0,1.0,0.9800000190734863,0.9800000190734863,226000
2021-04-29,1.0,1.0,1.0,0.9900000095367432,0.9900000095367432,18000
2021-04-30,0.9900000095367432,0.9900000095367432,0.9900000095367432,0.9800000190734863,0.9900000095367432,119000
2021-05-03,0.9800000190734863,0.9800000190734863,0.9900000095367432,0.9800000190734863,0.9900000095367432,11000
2021-05-04,0.9900000095367432,0.9900000095367432,0.9900000095367432,0.949999988079071,0.9599999785423279,99000
2021-05-05,0.9800000190734863,0.9800000190734863,0.9900000095367432,0.9800000190734863,0.9800000190734863,464000
2021-05-06,1.0,1.0,1.0,0.9800000190734863,0.9800000190734863,69000
2021-05-07,1.0,1.0,1.0,0.9900000095367432,0.9900000095367432,310000
2021-05-10,1.0,1.0,1.0,0.9900000095367432,0.9900000095367432,482000
2021-05-11,0.9900000095367432,0.9900000095367432,1.0,0.9900000095367432,0.9900000095367432,101000
2021-05-12,0.9900000095367432,0.9900000095367432,0.9900000095367432,0.9800000190734863,0.9800000190734863,74000
2021-05-13,0.9800000190734863,0.9800000190734863,0.9800000190734863,0.9599999785423279,0.9800000190734863,74000
2021-05-14,0.9800000190734863,0.9800000190734863,0.9800000190734863,0.9800000190734863,0.9800000190734863,0
2021-05-17,0.9900000095367432,0.9900000095367432,0.9900000095367432,0.9900000095367432,0.9900000095367432,2000
2021-05-18,0.9900000095367432,0.9900000095367432,0.9900000095367432,0.9800000190734863,0.9900000095367432,34000
2021-05-20,1.0,1.0,1.0,0.9800000190734863,0.9900000095367432,267000
2021-05-21,0.9900000095367432,0.9900000095367432,1.0,0.9900000095367432,1.0,26000
2021-05-24,0.9800000190734863,0.9800000190734863,0.9900000095367432,0.9800000190734863,0.9900000095367432,9000
2021-05-25,0.9800000190734863,0.9800000190734863,0.9900000095367432,0.9800000190734863,0.9900000095367432,76000
2021-05-26,0.9900000095367432,0.9900000095367432,0.9900000095367432,0.9800000190734863,0.9800000190734863,553000
2021-05-27,0.9900000095367432,0.9900000095367432,0.9900000095367432,0.9900000095367432,0.9900000095367432,6000
2021-05-28,0.9900000095367432,0.9900000095367432,0.9900000095367432,0.9800000190734863,0.9800000190734863,117000
2021-05-31,0.9900000095367432,0.9900000095367432,0.9900000095367432,0.9900000095367432,0.9900000095367432,0
2021-06-01,0.9800000190734863,0.9800000190734863,0.9900000095367432,0.9700000286102295,0.9700000286102295,158000
2021-06-02,0.9700000286102295,0.9700000286102295,0.9700000286102295,0.9700000286102295,0.9700000286102295,101000
2021-06-03,0.9700000286102295,0.9700000286102295,0.9700000286102295,0.9700000286102295,0.9700000286102295,0
2021-06-04,0.9800000190734863,0.9800000190734863,0.9900000095367432,0.9599999785423279,0.9599999785423279,145000
2021-06-07,0.9900000095367432,0.9900000095367432,0.9900000095367432,0.9800000190734863,0.9800000190734863,40000
2021-06-08,0.9900000095367432,0.9900000095367432,0.9900000095367432,0.9800000190734863,0.9900000095367432,347000
2021-06-09,0.9900000095367432,0.9900000095367432,1.0,0.9800000190734863,0.9800000190734863,39000
2021-06-10,0.9900000095367432,0.9900000095367432,1.0,0.9800000190734863,0.9900000095367432,96000
2021-06-11,0.9900000095367432,0.9900000095367432,1.0,0.9900000095367432,0.9900000095367432,18000
2021-06-15,1.0,1.0,1.0,0.9800000190734863,0.9800000190734863,179000
2021-06-16,1.0,1.0,1.0,0.9800000190734863,0.9800000190734863,10000
2021-06-17,0.9900000095367432,0.9900000095367432,0.9900000095367432,0.9800000190734863,0.9800000190734863,71000
2021-06-18,0.9900000095367432,0.9900000095367432,0.9900000095367432,0.9800000190734863,0.9800000190734863,42000
2021-06-21,0.9900000095367432,0.9900000095367432,0.9900000095367432,0.9700000286102295,0.9700000286102295,165000
2021-06-22,0.9900000095367432,0.9900000095367432,0.9900000095367432,0.9700000286102295,0.9700000286102295,85000
2021-06-23,0.9900000095367432,0.9900000095367432,0.9900000095367432,0.9700000286102295,0.9700000286102295,7000
2021-06-24,0.9900000095367432,0.9900000095367432,0.9900000095367432,0.9700000286102295,0.9700000286102295,62000
2021-06-25,0.9900000095367432,0.9900000095367432,0.9900000095367432,0.9900000095367432,0.9900000095367432,0
2021-06-28,0.9599999785423279,0.9599999785423279,0.9900000095367432,0.949999988079071,0.9700000286102295,353000
2021-06-29,0.9700000286102295,0.9700000286102295,0.9900000095367432,0.9599999785423279,0.9700000286102295,106000
2021-06-30,0.9700000286102295,0.9700000286102295,0.9900000095367432,0.9700000286102295,0.9700000286102295,40000
2021-07-02,0.9700000286102295,0.9700000286102295,0.9800000190734863,0.9599999785423279,0.9800000190734863,296000
2021-07-05,0.9700000286102295,0.9700000286102295,0.9800000190734863,0.9700000286102295,0.9800000190734863,10000
2021-07-06,0.9700000286102295,0.9700000286102295,0.9700000286102295,0.9599999785423279,0.9599999785423279,73000
2021-07-07,0.9599999785423279,0.9599999785423279,0.9599999785423279,0.9599999785423279,0.9599999785423279,50000
2021-07-08,0.9599999785423279,0.9599999785423279,0.9700000286102295,0.9599999785423279,0.9599999785423279,84000
2021-07-09,0.9399999976158142,0.9399999976158142,0.9599999785423279,0.9399999976158142,0.9599999785423279,323000
2021-07-12,0.9599999785423279,0.9599999785423279,0.9599999785423279,0.949999988079071,0.949999988079071,237000
2021-07-13,0.9800000190734863,0.9800000190734863,0.9900000095367432,0.9599999785423279,0.9599999785423279,218000
2021-07-14,0.9599999785423279,0.9599999785423279,0.9800000190734863,0.9300000071525574,0.9599999785423279,393000
2021-07-15,0.9700000286102295,0.9700000286102295,0.9700000286102295,0.9700000286102295,0.9700000286102295,51000
2021-07-16,0.9800000190734863,0.9800000190734863,0.9800000190734863,0.9800000190734863,0.9800000190734863,1000
2021-07-19,0.9599999785423279,0.9599999785423279,0.9599999785423279,0.949999988079071,0.949999988079071,84000
2021-07-20,0.949999988079071,0.949999988079071,0.9599999785423279,0.949999988079071,0.9599999785423279,161000
2021-07-21,0.9700000286102295,0.9700000286102295,0.9700000286102295,0.9300000071525574,0.9300000071525574,80000
2021-07-22,0.949999988079071,0.949999988079071,0.9900000095367432,0.949999988079071,0.9900000095367432,33000
2021-07-23,0.9599999785423279,0.9599999785423279,0.9900000095367432,0.9599999785423279,0.9599999785423279,155000
2021-07-26,0.949999988079071,0.949999988079071,0.9599999785423279,0.9399999976158142,0.9599999785423279,182000
2021-07-27,0.9399999976158142,0.9399999976158142,0.949999988079071,0.9200000166893005,0.9300000071525574,625000
2021-07-28,0.9399999976158142,0.9399999976158142,0.9399999976158142,0.9399999976158142,0.9399999976158142,71000
2021-07-29,0.9300000071525574,0.9300000071525574,0.949999988079071,0.9300000071525574,0.9300000071525574,143000
2021-07-30,0.9300000071525574,0.9300000071525574,0.9300000071525574,0.9300000071525574,0.9300000071525574,100000
2021-08-02,0.9599999785423279,0.9599999785423279,0.9599999785423279,0.9599999785423279,0.9599999785423279,0
2021-08-03,0.9700000286102295,0.9700000286102295,0.9700000286102295,0.9300000071525574,0.9399999976158142,156000
2021-08-04,0.9300000071525574,0.9300000071525574,0.9800000190734863,0.9200000166893005,0.9800000190734863,349000
2021-08-05,0.949999988079071,0.949999988079071,0.949999988079071,0.949999988079071,0.949999988079071,0
2021-08-06,0.9399999976158142,0.9399999976158142,0.9399999976158142,0.9399999976158142,0.9399999976158142,135000
2021-08-09,0.949999988079071,0.949999988079071,0.9599999785423279,0.949999988079071,0.9599999785423279,97000
2021-08-10,0.949999988079071,0.949999988079071,0.949999988079071,0.9300000071525574,0.949999988079071,24000
2021-08-11,0.9300000071525574,0.9300000071525574,0.949999988079071,0.9200000166893005,0.949999988079071,1967000
2021-08-12,0.9399999976158142,0.9399999976158142,0.9399999976158142,0.9200000166893005,0.9200000166893005,178000
2021-08-13,0.9300000071525574,0.9300000071525574,0.949999988079071,0.9200000166893005,0.9399999976158142,288000
2021-08-16,0.9300000071525574,0.9300000071525574,0.9300000071525574,0.9300000071525574,0.9300000071525574,69000
2021-08-17,0.9200000166893005,0.9200000166893005,0.9399999976158142,0.9200000166893005,0.9399999976158142,120000
2021-08-18,0.9399999976158142,0.9399999976158142,0.9399999976158142,0.9300000071525574,0.9300000071525574,13000
2021-08-19,0.9200000166893005,0.9200000166893005,0.9300000071525574,0.9100000262260437,0.9300000071525574,557000
2021-08-20,0.9300000071525574,0.9300000071525574,0.9399999976158142,0.9100000262260437,0.9100000262260437,182000
2021-08-23,0.9399999976158142,0.9399999976158142,0.9399999976158142,0.9200000166893005,0.9100000262260437,503000
2021-08-24,0.9300000071525574,0.9300000071525574,0.9300000071525574,0.9300000071525574,0.9300000071525574,12000
2021-08-25,0.9300000071525574,0.9300000071525574,0.9300000071525574,0.9200000166893005,0.9300000071525574,43000
2021-08-26,0.9300000071525574,0.9300000071525574,0.9300000071525574,0.9300000071525574,0.9300000071525574,0
2021-08-27,0.9300000071525574,0.9300000071525574,0.9300000071525574,0.9300000071525574,0.9300000071525574,5000
2021-08-30,0.9300000071525574,0.9300000071525574,0.9399999976158142,0.9200000166893005,0.9399999976158142,28000
2021-08-31,0.8600000143051147,0.8600000143051147,0.9599999785423279,0.8500000238418579,0.9200000166893005,3306000
2021-09-01,0.8799999952316284,0.8799999952316284,0.8799999952316284,0.8600000143051147,0.8799999952316284,532000
2021-09-02,0.8799999952316284,0.8799999952316284,0.8799999952316284,0.8700000047683716,0.8700000047683716,189000
2021-09-03,0.8799999952316284,0.8799999952316284,0.8899999856948853,0.8799999952316284,0.8799999952316284,354000
2021-09-06,0.8700000047683716,0.8700000047683716,0.8799999952316284,0.8199999928474426,0.8799999952316284,469000
2021-09-07,0.8700000047683716,0.8700000047683716,0.8799999952316284,0.8700000047683716,0.8700000047683716,77000
2021-09-08,0.8899999856948853,0.8899999856948853,0.8999999761581421,0.8700000047683716,0.8700000047683716,674000
2021-09-09,0.8799999952316284,0.8799999952316284,0.8799999952316284,0.8799999952316284,0.8799999952316284,398000
2021-09-10,0.8899999856948853,0.8899999856948853,0.8899999856948853,0.8799999952316284,0.8799999952316284,135000
2021-09-13,0.8799999952316284,0.8799999952316284,0.8799999952316284,0.8799999952316284,0.8799999952316284,0
2021-09-14,0.8799999952316284,0.8799999952316284,0.8899999856948853,0.8700000047683716,0.8799999952316284,308000
2021-09-15,0.8799999952316284,0.8799999952316284,0.8799999952316284,0.8700000047683716,0.8700000047683716,312000
2021-09-16,0.8500000238418579,0.8500000238418579,0.8799999952316284,0.8399999737739563,0.8799999952316284,316000
2021-09-17,0.8500000238418579,0.8500000238418579,0.8600000143051147,0.8199999928474426,0.8500000238418579,935000
2021-09-20,0.8199999928474426,0.8199999928474426,0.8399999737739563,0.800000011920929,0.8399999737739563,1307000
2021-09-21,0.8199999928474426,0.8199999928474426,0.8199999928474426,0.8100000023841858,0.8199999928474426,104000
2021-09-23,0.8100000023841858,0.8100000023841858,0.8500000238418579,0.7799999713897705,0.8500000238418579,1470000
2021-09-24,0.7799999713897705,0.7799999713897705,0.8199999928474426,0.7799999713897705,0.800000011920929,1442000
2021-09-27,0.7900000214576721,0.7900000214576721,0.800000011920929,0.7699999809265137,0.7799999713897705,314000
2021-09-28,0.7900000214576721,0.7900000214576721,0.8700000047683716,0.7799999713897705,0.7900000214576721,2846000
2021-09-29,0.800000011920929,0.800000011920929,0.800000011920929,0.7799999713897705,0.7900000214576721,166000
2021-09-30,0.8100000023841858,0.8100000023841858,0.8100000023841858,0.800000011920929,0.8100000023841858,234000
2021-10-04,0.7900000214576721,0.7900000214576721,0.7900000214576721,0.7799999713897705,0.7900000214576721,175000
2021-10-05,0.8100000023841858,0.8100000023841858,0.8100000023841858,0.7900000214576721,0.7900000214576721,70000
2021-10-06,0.7900000214576721,0.7900000214576721,0.800000011920929,0.7900000214576721,0.800000011920929,13000
2021-10-07,0.8100000023841858,0.8100000023841858,0.8199999928474426,0.8100000023841858,0.8100000023841858,63000
2021-10-08,0.800000011920929,0.800000011920929,0.8299999833106995,0.800000011920929,0.8299999833106995,97000
2021-10-11,0.800000011920929,0.800000011920929,0.8100000023841858,0.7900000214576721,0.7900000214576721,244000
2021-10-12,0.7900000214576721,0.7900000214576721,0.800000011920929,0.7799999713897705,0.800000011920929,191000
2021-10-15,0.800000011920929,0.800000011920929,0.800000011920929,0.7900000214576721,0.7900000214576721,72000
2021-10-18,0.800000011920929,0.800000011920929,0.8199999928474426,0.800000011920929,0.800000011920929,182000
2021-10-19,0.8100000023841858,0.8100000023841858,0.8100000023841858,0.800000011920929,0.8100000023841858,298000
2021-10-20,0.800000011920929,0.800000011920929,0.8100000023841858,0.800000011920929,0.8100000023841858,69000
2021-10-21,0.8100000023841858,0.8100000023841858,0.8100000023841858,0.8100000023841858,0.8100000023841858,14000
2021-10-22,0.8199999928474426,0.8199999928474426,0.8199999928474426,0.800000011920929,0.8199999928474426,295000
2021-10-25,0.8100000023841858,0.8100000023841858,0.8199999928474426,0.800000011920929,0.8199999928474426,160000
2021-10-26,0.8100000023841858,0.8100000023841858,0.8100000023841858,0.8100000023841858,0.8100000023841858,20000
2021-10-27,0.8100000023841858,0.8100000023841858,0.8100000023841858,0.8100000023841858,0.8100000023841858,0
2021-10-28,0.7900000214576721,0.7900000214576721,0.800000011920929,0.7900000214576721,0.800000011920929,100000
2021-10-29,0.800000011920929,0.800000011920929,0.800000011920929,0.7900000214576721,0.7900000214576721,3000
2021-11-01,0.800000011920929,0.800000011920929,0.800000011920929,0.7799999713897705,0.800000011920929,41000
2021-11-02,0.8100000023841858,0.8100000023841858,0.8199999928474426,0.800000011920929,0.800000011920929,212000
2021-11-03,0.8100000023841858,0.8100000023841858,0.8399999737739563,0.8100000023841858,0.8199999928474426,342000
2021-11-04,0.8100000023841858,0.8100000023841858,0.8100000023841858,0.8100000023841858,0.8100000023841858,0
2021-11-05,0.8100000023841858,0.8100000023841858,0.8199999928474426,0.8100000023841858,0.8100000023841858,117000
2021-11-08,0.8100000023841858,0.8100000023841858,0.8100000023841858,0.800000011920929,0.8100000023841858,20000
2021-11-09,0.800000011920929,0.800000011920929,0.800000011920929,0.800000011920929,0.800000011920929,0
2021-11-10,0.800000011920929,0.800000011920929,0.8100000023841858,0.800000011920929,0.800000011920929,156000
2021-11-11,0.8100000023841858,0.8100000023841858,0.8100000023841858,0.8100000023841858,0.8100000023841858,33000
2021-11-12,0.8100000023841858,0.8100000023841858,0.8100000023841858,0.8100000023841858,0.8100000023841858,0
2021-11-15,0.8100000023841858,0.8100000023841858,0.8100000023841858,0.8100000023841858,0.8100000023841858,122000
2021-11-16,0.8100000023841858,0.8100000023841858,0.8100000023841858,0.7900000214576721,0.800000011920929,43000
2021-11-17,0.8100000023841858,0.8100000023841858,0.8100000023841858,0.8100000023841858,0.8100000023841858,0
2021-11-18,0.8100000023841858,0.8100000023841858,0.8100000023841858,0.7900000214576721,0.8100000023841858,15000
2021-11-19,0.8100000023841858,0.8100000023841858,0.8199999928474426,0.800000011920929,0.800000011920929,17000
2021-11-22,0.800000011920929,0.800000011920929,0.800000011920929,0.7900000214576721,0.800000011920929,129000
2021-11-23,0.8299999833106995,0.8299999833106995,0.8399999737739563,0.800000011920929,0.800000011920929,41000
2021-11-24,0.8199999928474426,0.8199999928474426,0.8299999833106995,0.8199999928474426,0.8299999833106995,26000
2021-11-25,0.8199999928474426,0.8199999928474426,0.8199999928474426,0.8199999928474426,0.8199999928474426,14000
2021-11-26,0.800000011920929,0.800000011920929,0.8199999928474426,0.7900000214576721,0.800000011920929,138000
2021-11-29,0.8100000023841858,0.8100000023841858,0.8199999928474426,0.7900000214576721,0.7900000214576721,51000
2021-11-30,0.800000011920929,0.800000011920929,0.8100000023841858,0.7900000214576721,0.800000011920929,50000
2021-12-01,0.800000011920929,0.800000011920929,0.800000011920929,0.7900000214576721,0.7900000214576721,578000
2021-12-02,0.800000011920929,0.800000011920929,0.800000011920929,0.800000011920929,0.800000011920929,1210000
2021-12-03,0.800000011920929,0.800000011920929,0.800000011920929,0.7900000214576721,0.800000011920929,1571000
2021-12-06,0.7900000214576721,0.7900000214576721,0.800000011920929,0.7900000214576721,0.800000011920929,490000
2021-12-07,0.7900000214576721,0.7900000214576721,0.8999999761581421,0.7799999713897705,0.800000011920929,3564000
2021-12-08,0.7900000214576721,0.7900000214576721,0.800000011920929,0.7799999713897705,0.7900000214576721,33000
2021-12-09,0.7900000214576721,0.7900000214576721,0.7900000214576721,0.7900000214576721,0.7900000214576721,0
2021-12-10,0.7900000214576721,0.7900000214576721,0.7900000214576721,0.7900000214576721,0.7900000214576721,333000
2021-12-13,0.800000011920929,0.800000011920929,0.800000011920929,0.7900000214576721,0.7900000214576721,312000
2021-12-14,0.800000011920929,0.800000011920929,0.800000011920929,0.800000011920929,0.800000011920929,193000
2021-12-15,0.7900000214576721,0.7900000214576721,0.7900000214576721,0.7900000214576721,0.7900000214576721,240000
2021-12-16,0.7900000214576721,0.7900000214576721,0.800000011920929,0.7799999713897705,0.7799999713897705,334000
2021-12-17,0.800000011920929,0.800000011920929,0.8199999928474426,0.7799999713897705,0.7799999713897705,782000
2021-12-20,0.800000011920929,0.800000011920929,0.8100000023841858,0.800000011920929,0.800000011920929,101000
2021-12-21,0.8199999928474426,0.8199999928474426,0.8199999928474426,0.800000011920929,0.800000011920929,200000
2021-12-22,0.8199999928474426,0.8199999928474426,0.8199999928474426,0.8100000023841858,0.8100000023841858,5000
2021-12-23,0.800000011920929,0.800000011920929,0.8199999928474426,0.7799999713897705,0.800000011920929,929000
2021-12-24,0.7900000214576721,0.7900000214576721,0.800000011920929,0.7900000214576721,0.800000011920929,3000
2021-12-28,0.800000011920929,0.800000011920929,0.800000011920929,0.7900000214576721,0.7900000214576721,333000
2021-12-29,0.800000011920929,0.800000011920929,0.800000011920929,0.7900000214576721,0.800000011920929,387000
2021-12-30,0.7900000214576721,0.7900000214576721,0.800000011920929,0.7900000214576721,0.800000011920929,221000
2021-12-31,0.7900000214576721,0.7900000214576721,0.7900000214576721,0.7900000214576721,0.7900000214576721,0
2022-01-03,0.800000011920929,0.800000011920929,0.800000011920929,0.800000011920929,0.800000011920929,199000
2022-01-04,0.7900000214576721,0.7900000214576721,0.800000011920929,0.7900000214576721,0.800000011920929,143000
2022-01-05,0.800000011920929,0.800000011920929,0.800000011920929,0.7900000214576721,0.800000011920929,578000
2022-01-06,0.800000011920929,0.800000011920929,0.800000011920929,0.7900000214576721,0.7900000214576721,226000
2022-01-07,0.800000011920929,0.800000011920929,0.8100000023841858,0.800000011920929,0.800000011920929,594000
2022-01-10,0.800000011920929,0.800000011920929,0.800000011920929,0.800000011920929,0.800000011920929,600000
2022-01-11,0.7900000214576721,0.7900000214576721,0.800000011920929,0.7900000214576721,0.800000011920929,49000
2022-01-12,0.7900000214576721,0.7900000214576721,0.800000011920929,0.7900000214576721,0.800000011920929,171000
2022-01-13,0.800000011920929,0.800000011920929,0.800000011920929,0.7900000214576721,0.800000011920929,155000
2022-01-14,0.800000011920929,0.800000011920929,0.800000011920929,0.800000011920929,0.800000011920929,212000
2022-01-17,0.800000011920929,0.800000011920929,0.800000011920929,0.7900000214576721,0.800000011920929,26000
2022-01-18,0.7900000214576721,0.7900000214576721,0.800000011920929,0.7900000214576721,0.800000011920929,73000
2022-01-19,0.800000011920929,0.800000011920929,0.8799999952316284,0.7799999713897705,0.800000011920929,1964000
2022-01-20,0.800000011920929,0.800000011920929,0.800000011920929,0.7900000214576721,0.800000011920929,352000
2022-01-21,0.800000011920929,0.800000011920929,0.800000011920929,0.7900000214576721,0.800000011920929,36000
2022-01-24,0.7900000214576721,0.7900000214576721,0.800000011920929,0.7900000214576721,0.7900000214576721,47000
2022-01-25,0.7900000214576721,0.7900000214576721,0.7900000214576721,0.7900000214576721,0.7900000214576721,0
2022-01-26,0.7900000214576721,0.7900000214576721,0.800000011920929,0.7900000214576721,0.800000011920929,345000
2022-01-27,0.7900000214576721,0.7900000214576721,0.800000011920929,0.7900000214576721,0.7900000214576721,20000
2022-01-28,0.7900000214576721,0.7900000214576721,0.7900000214576721,0.7799999713897705,0.7900000214576721,577000
2022-01-31,0.800000011920929,0.800000011920929,0.800000011920929,0.800000011920929,0.800000011920929,0
2022-02-04,0.8199999928474426,0.8199999928474426,0.8199999928474426,0.800000011920929,0.800000011920929,601000
2022-02-07,0.8100000023841858,0.8100000023841858,0.8100000023841858,0.8100000023841858,0.8100000023841858,874000
2022-02-08,0.8100000023841858,0.8100000023841858,0.8100000023841858,0.800000011920929,0.8100000023841858,348000
2022-02-09,0.8100000023841858,0.8100000023841858,0.8100000023841858,0.800000011920929,0.8100000023841858,619000
2022-02-10,0.8100000023841858,0.8100000023841858,0.8100000023841858,0.800000011920929,0.8100000023841858,352000
2022-02-11,0.800000011920929,0.800000011920929,0.8100000023841858,0.800000011920929,0.8100000023841858,805000
2022-02-14,0.800000011920929,0.800000011920929,0.800000011920929,0.7900000214576721,0.800000011920929,270000
2022-02-15,0.800000011920929,0.800000011920929,0.800000011920929,0.7900000214576721,0.7900000214576721,102000
2022-02-16,0.800000011920929,0.800000011920929,0.800000011920929,0.7900000214576721,0.800000011920929,42000
2022-02-17,0.800000011920929,0.800000011920929,0.800000011920929,0.800000011920929,0.800000011920929,289000
2022-02-18,0.7900000214576721,0.7900000214576721,0.800000011920929,0.7900000214576721,0.7900000214576721,94000
2022-02-21,0.7900000214576721,0.7900000214576721,0.7900000214576721,0.7900000214576721,0.7900000214576721,31000
2022-02-22,0.7900000214576721,0.7900000214576721,0.7900000214576721,0.7799999713897705,0.7799999713897705,171000
2022-02-23,0.7900000214576721,0.7900000214576721,0.7900000214576721,0.7900000214576721,0.7900000214576721,0
2022-02-24,0.7799999713897705,0.7799999713897705,0.7799999713897705,0.7699999809265137,0.7799999713897705,292000
2022-02-25,0.7699999809265137,0.7699999809265137,0.7699999809265137,0.7599999904632568,0.7699999809265137,99000
2022-02-28,0.7699999809265137,0.7699999809265137,0.7699999809265137,0.7599999904632568,0.7699999809265137,179000
2022-03-01,0.7699999809265137,0.7699999809265137,0.7699999809265137,0.7599999904632568,0.7599999904632568,254000
2022-03-02,0.7599999904632568,0.7599999904632568,0.7599999904632568,0.7599999904632568,0.7599999904632568,123000
2022-03-03,0.7599999904632568,0.7599999904632568,0.7599999904632568,0.7400000095367432,0.75,247000
2022-03-04,0.7799999713897705,0.7799999713897705,0.7900000214576721,0.75,0.75,360000
2022-03-07,0.75,0.75,0.7699999809265137,0.75,0.7699999809265137,152000
2022-03-08,0.75,0.75,0.75,0.7400000095367432,0.75,166000
2022-03-09,0.6899999976158142,0.6899999976158142,0.7300000190734863,0.6800000071525574,0.7300000190734863,1904000
2022-03-10,0.6899999976158142,0.6899999976158142,0.7099999785423279,0.6899999976158142,0.6899999976158142,295000
2022-03-11,0.699999988079071,0.699999988079071,0.699999988079071,0.6700000166893005,0.6800000071525574,463000
2022-03-14,0.6899999976158142,0.6899999976158142,0.699999988079071,0.6700000166893005,0.6899999976158142,210000
2022-03-15,0.6700000166893005,0.6700000166893005,0.6899999976158142,0.6499999761581421,0.6499999761581421,124000
2022-03-16,0.6700000166893005,0.6700000166893005,0.6700000166893005,0.6399999856948853,0.6399999856948853,335000
2022-03-17,0.699999988079071,0.699999988079071,0.7200000286102295,0.6899999976158142,0.6899999976158142,264000
2022-03-18,0.7599999904632568,0.7599999904632568,0.7699999809265137,0.6800000071525574,0.699999988079071,1208000
2022-03-21,0.7400000095367432,0.7400000095367432,0.75,0.75,0.75,12000
2022-03-22,0.75,0.75,0.75,0.7099999785423279,0.75,38000
2022-03-23,0.7300000190734863,0.7300000190734863,0.7300000190734863,0.699999988079071,0.7099999785423279,473000
2022-03-24,0.7400000095367432,0.7400000095367432,0.7400000095367432,0.7200000286102295,0.7300000190734863,138000
2022-03-25,0.7200000286102295,0.7200000286102295,0.75,0.7200000286102295,0.75,168000
2022-03-28,0.7200000286102295,0.7200000286102295,0.7300000190734863,0.7099999785423279,0.7099999785423279,36000
2022-03-29,0.7099999785423279,0.7099999785423279,0.7300000190734863,0.7099999785423279,0.7099999785423279,68000
2022-03-30,0.7300000190734863,0.7300000190734863,0.7300000190734863,0.7200000286102295,0.7200000286102295,23000
2022-03-31,0.75,0.75,0.75,0.7099999785423279,0.7099999785423279,105000
2022-04-01,0.699999988079071,0.699999988079071,0.7400000095367432,0.699999988079071,0.7400000095367432,417000
2022-04-04,0.699999988079071,0.699999988079071,0.7200000286102295,0.6600000262260437,0.699999988079071,467000
2022-04-06,0.6899999976158142,0.6899999976158142,0.699999988079071,0.6700000166893005,0.6700000166893005,189000
2022-04-07,0.6800000071525574,0.6800000071525574,0.6899999976158142,0.6600000262260437,0.6899999976158142,412000
2022-04-08,0.6700000166893005,0.6700000166893005,0.6800000071525574,0.6600000262260437,0.6800000071525574,251000
2022-04-11,0.6600000262260437,0.6600000262260437,0.6800000071525574,0.6600000262260437,0.6700000166893005,78000
2022-04-12,0.6700000166893005,0.6700000166893005,0.6800000071525574,0.6600000262260437,0.6700000166893005,117000
2022-04-13,0.6700000166893005,0.6700000166893005,0.6700000166893005,0.6700000166893005,0.6700000166893005,76000
2022-04-14,0.699999988079071,0.699999988079071,0.7300000190734863,0.699999988079071,0.699999988079071,177000
2022-04-19,0.699999988079071,0.699999988079071,0.699999988079071,0.699999988079071,0.699999988079071,11000
2022-04-20,0.699999988079071,0.699999988079071,0.699999988079071,0.699999988079071,0.699999988079071,0
2022-04-21,0.6600000262260437,0.6600000262260437,0.699999988079071,0.6600000262260437,0.699999988079071,56000
2022-04-22,0.6899999976158142,0.6899999976158142,0.7200000286102295,0.6800000071525574,0.6800000071525574,670000
2022-04-25,0.6899999976158142,0.6899999976158142,0.7099999785423279,0.6700000166893005,0.6700000166893005,16000
2022-04-26,0.6600000262260437,0.6600000262260437,0.6600000262260437,0.6600000262260437,0.6600000262260437,121000
2022-04-27,0.6700000166893005,0.6700000166893005,0.6700000166893005,0.6499999761581421,0.6499999761581421,68000
2022-04-28,0.6600000262260437,0.6600000262260437,0.6600000262260437,0.6600000262260437,0.6700000166893005,103000
2022-04-29,0.6700000166893005,0.6700000166893005,0.6700000166893005,0.6700000166893005,0.6700000166893005,0
2022-05-03,0.6700000166893005,0.6700000166893005,0.6700000166893005,0.6700000166893005,0.6700000166893005,0
2022-05-04,0.6800000071525574,0.6800000071525574,0.6800000071525574,0.6700000166893005,0.6700000166893005,104000
2022-05-05,0.6700000166893005,0.6700000166893005,0.6800000071525574,0.6700000166893005,0.6800000071525574,122000
2022-05-06,0.6700000166893005,0.6700000166893005,0.6700000166893005,0.6600000262260437,0.6600000262260437,46000
2022-05-10,0.6600000262260437,0.6600000262260437,0.6600000262260437,0.6600000262260437,0.6600000262260437,50000
2022-05-11,0.6600000262260437,0.6600000262260437,0.6600000262260437,0.6600000262260437,0.6600000262260437,41000
2022-05-12,0.6600000262260437,0.6600000262260437,0.6600000262260437,0.6499999761581421,0.6600000262260437,206000
2022-05-13,0.6600000262260437,0.6600000262260437,0.6600000262260437,0.6600000262260437,0.6600000262260437,4000
2022-05-16,0.6600000262260437,0.6600000262260437,0.6600000262260437,0.6600000262260437,0.6600000262260437,8000
2022-05-17,0.6600000262260437,0.6600000262260437,0.6600000262260437,0.6600000262260437,0.6600000262260437,0
2022-05-18,0.6600000262260437,0.6600000262260437,0.6700000166893005,0.6600000262260437,0.6600000262260437,36000
2022-05-19,0.6700000166893005,0.6700000166893005,0.6700000166893005,0.6700000166893005,0.6700000166893005,0
2022-05-20,0.6700000166893005,0.6700000166893005,0.6700000166893005,0.6700000166893005,0.6700000166893005,1000
2022-05-23,0.6600000262260437,0.6600000262260437,0.6700000166893005,0.6600000262260437,0.6700000166893005,38000
2022-05-24,0.6700000166893005,0.6700000166893005,0.6700000166893005,0.6700000166893005,0.6700000166893005,0
2022-05-25,0.6700000166893005,0.6700000166893005,0.6800000071525574,0.6600000262260437,0.6600000262260437,35000
2022-05-26,0.6600000262260437,0.6600000262260437,0.6600000262260437,0.6600000262260437,0.6600000262260437,14000
2022-05-27,0.6800000071525574,0.6800000071525574,0.6800000071525574,0.6800000071525574,0.6800000071525574,0
2022-05-30,0.6600000262260437,0.6600000262260437,0.6600000262260437,0.6600000262260437,0.6600000262260437,35000
2022-05-31,0.6700000166893005,0.6700000166893005,0.6700000166893005,0.6700000166893005,0.6700000166893005,121000
2022-06-01,0.6700000166893005,0.6700000166893005,0.6800000071525574,0.6600000262260437,0.6600000262260437,37000
2022-06-02,0.6700000166893005,0.6700000166893005,0.6700000166893005,0.6700000166893005,0.6700000166893005,276000
2022-06-06,0.6800000071525574,0.6800000071525574,0.6800000071525574,0.6700000166893005,0.6700000166893005,22000
2022-06-07,0.6899999976158142,0.6899999976158142,0.6899999976158142,0.6800000071525574,0.6800000071525574,51000
2022-06-08,0.6899999976158142,0.6899999976158142,0.6899999976158142,0.6899999976158142,0.6899999976158142,0
2022-06-09,0.6899999976158142,0.6899999976158142,0.6899999976158142,0.6899999976158142,0.6899999976158142,0
2022-06-10,0.6899999976158142,0.6899999976158142,0.699999988079071,0.6899999976158142,0.699999988079071,12000
2022-06-13,0.6700000166893005,0.6700000166893005,0.6700000166893005,0.6700000166893005,0.6700000166893005,0
2022-06-14,0.6700000166893005,0.6700000166893005,0.6700000166893005,0.6700000166893005,0.6700000166893005,0
2022-06-15,0.6600000262260437,0.6600000262260437,0.6800000071525574,0.6600000262260437,0.6600000262260437,67000
2022-06-16,0.6800000071525574,0.6800000071525574,0.6899999976158142,0.6700000166893005,0.6800000071525574,276000
2022-06-17,0.6700000166893005,0.6700000166893005,0.6700000166893005,0.6700000166893005,0.6700000166893005,0
2022-06-20,0.6800000071525574,0.6800000071525574,0.6800000071525574,0.6700000166893005,0.6700000166893005,33000
2022-06-21,0.6700000166893005,0.6700000166893005,0.6800000071525574,0.6600000262260437,0.6600000262260437,7000
2022-06-22,0.6700000166893005,0.6700000166893005,0.6899999976158142,0.6700000166893005,0.6899999976158142,42000
2022-06-23,0.6700000166893005,0.6700000166893005,0.6700000166893005,0.6700000166893005,0.6700000166893005,0
2022-06-24,0.6700000166893005,0.6700000166893005,0.6700000166893005,0.6700000166893005,0.6700000166893005,0
2022-06-27,0.6600000262260437,0.6600000262260437,0.6700000166893005,0.6600000262260437,0.6700000166893005,2902000
2022-06-28,0.6600000262260437,0.6600000262260437,0.6600000262260437,0.6499999761581421,0.6600000262260437,228000
2022-06-29,0.6700000166893005,0.6700000166893005,0.6700000166893005,0.6600000262260437,0.6600000262260437,32000
2022-06-30,0.6700000166893005,0.6700000166893005,0.6700000166893005,0.6700000166893005,0.6700000166893005,0
2022-07-04,0.6700000166893005,0.6700000166893005,0.6700000166893005,0.6700000166893005,0.6700000166893005,0
2022-07-05,0.6499999761581421,0.6499999761581421,0.6499999761581421,0.6399999856948853,0.6499999761581421,38000
2022-07-06,0.6499999761581421,0.6499999761581421,0.6499999761581421,0.6499999761581421,0.6499999761581421,0
2022-07-07,0.6299999952316284,0.6299999952316284,0.6499999761581421,0.6299999952316284,0.6499999761581421,36000
2022-07-08,0.6299999952316284,0.6299999952316284,0.6299999952316284,0.6299999952316284,0.6299999952316284,35000
2022-07-11,0.6399999856948853,0.6399999856948853,0.6399999856948853,0.6399999856948853,0.6399999856948853,6000
2022-07-12,0.6299999952316284,0.6299999952316284,0.6299999952316284,0.6299999952316284,0.6299999952316284,38000
2022-07-13,0.6100000143051147,0.6100000143051147,0.6200000047683716,0.6100000143051147,0.6200000047683716,10000
2022-07-14,0.6100000143051147,0.6100000143051147,0.6499999761581421,0.6100000143051147,0.6100000143051147,128000
2022-07-15,0.6200000047683716,0.6200000047683716,0.6299999952316284,0.6100000143051147,0.6100000143051147,128000
2022-07-18,0.6100000143051147,0.6100000143051147,0.6200000047683716,0.6100000143051147,0.6200000047683716,28000
2022-07-19,0.6200000047683716,0.6200000047683716,0.6200000047683716,0.6100000143051147,0.6100000143051147,7000
2022-07-20,0.6499999761581421,0.6499999761581421,0.6499999761581421,0.6299999952316284,0.6299999952316284,3000
2022-07-21,0.6600000262260437,0.6600000262260437,0.6600000262260437,0.6600000262260437,0.6600000262260437,0
2022-07-22,0.6600000262260437,0.6600000262260437,0.6600000262260437,0.6600000262260437,0.6600000262260437,0
2022-07-25,0.6600000262260437,0.6600000262260437,0.6600000262260437,0.6600000262260437,0.6600000262260437,0
2022-07-26,0.6499999761581421,0.6499999761581421,0.6499999761581421,0.6499999761581421,0.6499999761581421,2000
2022-07-27,0.6399999856948853,0.6399999856948853,0.6399999856948853,0.6399999856948853,0.6399999856948853,0
2022-07-28,0.6399999856948853,0.6399999856948853,0.6399999856948853,0.6399999856948853,0.6399999856948853,0
2022-07-29,0.6100000143051147,0.6100000143051147,0.6499999761581421,0.6100000143051147,0.6499999761581421,3000
2022-08-01,0.6299999952316284,0.6299999952316284,0.6399999856948853,0.6200000047683716,0.6200000047683716,21000
2022-08-02,0.6200000047683716,0.6200000047683716,0.6200000047683716,0.6200000047683716,0.6200000047683716,100000
2022-08-03,0.6200000047683716,0.6200000047683716,0.6200000047683716,0.6200000047683716,0.6200000047683716,40000
2022-08-04,0.6200000047683716,0.6200000047683716,0.6200000047683716,0.6100000143051147,0.6100000143051147,181000
2022-08-05,0.6100000143051147,0.6100000143051147,0.6200000047683716,0.6000000238418579,0.6200000047683716,96000
2022-08-08,0.6100000143051147,0.6100000143051147,0.6200000047683716,0.6000000238418579,0.6200000047683716,15000
2022-08-09,0.6200000047683716,0.6200000047683716,0.6200000047683716,0.6200000047683716,0.6200000047683716,1000
2022-08-10,0.6200000047683716,0.6200000047683716,0.6200000047683716,0.6200000047683716,0.6200000047683716,0
2022-08-11,0.6200000047683716,0.6200000047683716,0.6200000047683716,0.6100000143051147,0.6200000047683716,76000
2022-08-12,0.6200000047683716,0.6200000047683716,0.6200000047683716,0.6200000047683716,0.6200000047683716,0
2022-08-15,0.6100000143051147,0.6100000143051147,0.6200000047683716,0.6000000238418579,0.6200000047683716,59000
2022-08-16,0.6100000143051147,0.6100000143051147,0.6100000143051147,0.6000000238418579,0.6000000238418579,141000
2022-08-17,0.6100000143051147,0.6100000143051147,0.6100000143051147,0.6100000143051147,0.6100000143051147,0
2022-08-18,0.6100000143051147,0.6100000143051147,0.6100000143051147,0.6100000143051147,0.6100000143051147,0
2022-08-19,0.6200000047683716,0.6200000047683716,0.6299999952316284,0.6100000143051147,0.6100000143051147,320000
2022-08-22,0.6200000047683716,0.6200000047683716,0.6200000047683716,0.6200000047683716,0.6200000047683716,0
2022-08-23,0.6200000047683716,0.6200000047683716,0.6200000047683716,0.6200000047683716,0.6200000047683716,0
2022-08-24,0.6000000238418579,0.6000000238418579,0.6000000238418579,0.6000000238418579,0.6000000238418579,52000
2022-08-25,0.6000000238418579,0.6000000238418579,0.6000000238418579,0.6000000238418579,0.6000000238418579,33000
2022-08-26,0.6100000143051147,0.6100000143051147,0.6200000047683716,0.6100000143051147,0.6200000047683716,40000
2022-08-29,0.5899999737739563,0.5899999737739563,0.6100000143051147,0.5799999833106995,0.6000000238418579,53000
2022-08-30,0.6000000238418579,0.6000000238418579,0.6000000238418579,0.5899999737739563,0.5899999737739563,30000
2022-08-31,0.5799999833106995,0.5799999833106995,0.5899999737739563,0.5799999833106995,0.5799999833106995,74000
2022-09-01,0.5799999833106995,0.5799999833106995,0.6000000238418579,0.5799999833106995,0.6000000238418579,63000
2022-09-02,0.550000011920929,0.550000011920929,0.5699999928474426,0.5299999713897705,0.550000011920929,1055000
2022-09-05,0.550000011920929,0.550000011920929,0.550000011920929,0.5099999904632568,0.550000011920929,42000
2022-09-06,0.550000011920929,0.550000011920929,0.5600000023841858,0.550000011920929,0.5600000023841858,38000
2022-09-07,0.5400000214576721,0.5400000214576721,0.5400000214576721,0.5400000214576721,0.5400000214576721,0
2022-09-08,0.5299999713897705,0.5299999713897705,0.550000011920929,0.5299999713897705,0.550000011920929,29000
2022-09-09,0.5299999713897705,0.5299999713897705,0.550000011920929,0.5199999809265137,0.550000011920929,74000
2022-09-13,0.5299999713897705,0.5299999713897705,0.5400000214576721,0.5199999809265137,0.5199999809265137,341000
2022-09-14,0.5299999713897705,0.5299999713897705,0.5299999713897705,0.5299999713897705,0.5299999713897705,0
2022-09-15,0.5199999809265137,0.5199999809265137,0.5299999713897705,0.5199999809265137,0.5299999713897705,177000
2022-09-16,0.49000000953674316,0.49000000953674316,0.5299999713897705,0.49000000953674316,0.5299999713897705,147000
2022-09-19,0.47999998927116394,0.47999998927116394,0.49000000953674316,0.4749999940395355,0.49000000953674316,327000
2022-09-20,0.4650000035762787,0.4650000035762787,0.47999998927116394,0.46000000834465027,0.47999998927116394,30000
2022-09-21,0.4699999988079071,0.4699999988079071,0.4699999988079071,0.4650000035762787,0.4699999988079071,34000
2022-09-22,0.4350000023841858,0.4350000023841858,0.4699999988079071,0.4300000071525574,0.4699999988079071,604000
2022-09-23,0.46000000834465027,0.46000000834465027,0.46000000834465027,0.46000000834465027,0.46000000834465027,50000
2022-09-26,0.46000000834465027,0.46000000834465027,0.46000000834465027,0.46000000834465027,0.46000000834465027,0
2022-09-27,0.46000000834465027,0.46000000834465027,0.46000000834465027,0.46000000834465027,0.46000000834465027,0
2022-09-28,0.46000000834465027,0.46000000834465027,0.46000000834465027,0.46000000834465027,0.46000000834465027,0
2022-09-29,0.4050000011920929,0.4050000011920929,0.46000000834465027,0.4050000011920929,0.46000000834465027,841000
2022-09-30,0.4099999964237213,0.4099999964237213,0.4099999964237213,0.39500001072883606,0.4050000011920929,591000
2022-10-03,0.4000000059604645,0.4000000059604645,0.4350000023841858,0.4000000059604645,0.4099999964237213,436000
2022-10-05,0.4350000023841858,0.4350000023841858,0.4350000023841858,0.4000000059604645,0.4050000011920929,359000
2022-10-06,0.4350000023841858,0.4350000023841858,0.4350000023841858,0.4350000023841858,0.4350000023841858,0
2022-10-07,0.4300000071525574,0.4300000071525574,0.4350000023841858,0.39500001072883606,0.39500001072883606,13000
2022-10-10,0.41999998688697815,0.41999998688697815,0.41999998688697815,0.38999998569488525,0.39500001072883606,27000
2022-10-11,0.3700000047683716,0.3700000047683716,0.41999998688697815,0.3700000047683716,0.38499999046325684,861000
2022-10-12,0.3499999940395355,0.3499999940395355,0.38999998569488525,0.3449999988079071,0.38999998569488525,1514000
2022-10-13,0.3400000035762787,0.3400000035762787,0.35499998927116394,0.3400000035762787,0.3499999940395355,74000
2022-10-14,0.33500000834465027,0.33500000834465027,0.35499998927116394,0.33500000834465027,0.3449999988079071,1353000
2022-10-17,0.33000001311302185,0.33000001311302185,0.3499999940395355,0.33000001311302185,0.33500000834465027,1063000
2022-10-18,0.33000001311302185,0.33000001311302185,0.3400000035762787,0.33000001311302185,0.33000001311302185,441000
2022-10-19,0.3199999928474426,0.3199999928474426,0.33000001311302185,0.3149999976158142,0.33000001311302185,379000
2022-10-20,0.3100000023841858,0.3100000023841858,0.33000001311302185,0.3100000023841858,0.33000001311302185,741000
2022-10-21,0.30000001192092896,0.30000001192092896,0.3149999976158142,0.30000001192092896,0.3149999976158142,2273000
2022-10-24,0.2800000011920929,0.2800000011920929,0.30000001192092896,0.2800000011920929,0.30000001192092896,2092000
2022-10-25,0.26499998569488525,0.26499998569488525,0.2800000011920929,0.26499998569488525,0.2800000011920929,2088000
2022-10-26,0.26499998569488525,0.26499998569488525,0.2750000059604645,0.25999999046325684,0.27000001072883606,5926000
2022-10-27,0.26499998569488525,0.26499998569488525,0.2800000011920929,0.2549999952316284,0.26499998569488525,1740000
2022-10-28,0.27000001072883606,0.27000001072883606,0.27000001072883606,0.2549999952316284,0.26499998569488525,130000
2022-10-31,0.26499998569488525,0.26499998569488525,0.2800000011920929,0.25999999046325684,0.27000001072883606,976000
2022-11-01,0.2750000059604645,0.2750000059604645,0.2849999964237213,0.26499998569488525,0.2750000059604645,1771000
2022-11-02,0.2750000059604645,0.2750000059604645,0.2800000011920929,0.2750000059604645,0.2750000059604645,577000
2022-11-03,0.26499998569488525,0.26499998569488525,0.2750000059604645,0.25999999046325684,0.2750000059604645,245000
2022-11-04,0.26499998569488525,0.26499998569488525,0.2800000011920929,0.26499998569488525,0.2750000059604645,938000
2022-11-07,0.2849999964237213,0.2849999964237213,0.29499998688697815,0.2750000059604645,0.2750000059604645,2774000
2022-11-08,0.2750000059604645,0.2750000059604645,0.2849999964237213,0.27000001072883606,0.2750000059604645,1207000
2022-11-09,0.2800000011920929,0.2800000011920929,0.28999999165534973,0.2750000059604645,0.2800000011920929,1450000
2022-11-10,0.2800000011920929,0.2800000011920929,0.28999999165534973,0.2750000059604645,0.28999999165534973,136000
2022-11-11,0.2800000011920929,0.2800000011920929,0.28999999165534973,0.2750000059604645,0.28999999165534973,444000
2022-11-14,0.28999999165534973,0.28999999165534973,0.30000001192092896,0.2800000011920929,0.29499998688697815,1964000
2022-11-15,0.30000001192092896,0.30000001192092896,0.3100000023841858,0.29499998688697815,0.30000001192092896,2142000
2022-11-16,0.3050000071525574,0.3050000071525574,0.3050000071525574,0.29499998688697815,0.30000001192092896,1248000
2022-11-17,0.33000001311302185,0.33000001311302185,0.33000001311302185,0.3100000023841858,0.3100000023841858,4033000
2022-11-18,0.32499998807907104,0.32499998807907104,0.3400000035762787,0.3149999976158142,0.3400000035762787,995000
2022-11-21,0.30000001192092896,0.30000001192092896,0.3149999976158142,0.30000001192092896,0.3149999976158142,1898000
2022-11-22,0.28999999165534973,0.28999999165534973,0.30000001192092896,0.28999999165534973,0.28999999165534973,997000
2022-11-23,0.29499998688697815,0.29499998688697815,0.3149999976158142,0.28999999165534973,0.29499998688697815,2276000
2022-11-24,0.29499998688697815,0.29499998688697815,0.3050000071525574,0.29499998688697815,0.3050000071525574,977000
2022-11-25,0.35499998927116394,0.35499998927116394,0.4050000011920929,0.29499998688697815,0.29499998688697815,14103000
2022-11-28,0.32499998807907104,0.32499998807907104,0.3400000035762787,0.3199999928474426,0.33500000834465027,2980000
2022-11-29,0.3400000035762787,0.3400000035762787,0.36000001430511475,0.3149999976158142,0.3199999928474426,5799000
2022-11-30,0.3499999940395355,0.3499999940395355,0.35499998927116394,0.33500000834465027,0.3449999988079071,1592000
2022-12-01,0.36500000953674316,0.36500000953674316,0.3799999952316284,0.3400000035762787,0.3499999940395355,2948000
2022-12-02,0.36500000953674316,0.36500000953674316,0.375,0.3499999940395355,0.3499999940395355,519000
2022-12-05,0.36500000953674316,0.36500000953674316,0.38499999046325684,0.36000001430511475,0.3700000047683716,2674000
2022-12-06,0.36500000953674316,0.36500000953674316,0.3700000047683716,0.36000001430511475,0.3700000047683716,592000
2022-12-07,0.35499998927116394,0.35499998927116394,0.3700000047683716,0.35499998927116394,0.36500000953674316,2645000
2022-12-08,0.3700000047683716,0.3700000047683716,0.3799999952316284,0.35499998927116394,0.3700000047683716,1393000
2022-12-09,0.3700000047683716,0.3700000047683716,0.375,0.36500000953674316,0.375,581000
2022-12-12,0.3799999952316284,0.3799999952316284,0.38499999046325684,0.36500000953674316,0.3799999952316284,1089000
2022-12-13,0.38499999046325684,0.38499999046325684,0.39500001072883606,0.3799999952316284,0.3799999952316284,1730000
2022-12-14,0.3700000047683716,0.3700000047683716,0.38499999046325684,0.3700000047683716,0.38499999046325684,987000
2022-12-15,0.3700000047683716,0.3700000047683716,0.3799999952316284,0.36000001430511475,0.3799999952316284,375000
2022-12-16,0.36000001430511475,0.36000001430511475,0.3700000047683716,0.35499998927116394,0.36000001430511475,541000
2022-12-19,0.3449999988079071,0.3449999988079071,0.35499998927116394,0.3449999988079071,0.35499998927116394,292000
2022-12-20,0.32499998807907104,0.32499998807907104,0.3449999988079071,0.3149999976158142,0.3449999988079071,2293000
2022-12-21,0.33000001311302185,0.33000001311302185,0.3400000035762787,0.32499998807907104,0.33000001311302185,575000
2022-12-22,0.33000001311302185,0.33000001311302185,0.3400000035762787,0.32499998807907104,0.33000001311302185,1065000
2022-12-23,0.33500000834465027,0.33500000834465027,0.33500000834465027,0.32499998807907104,0.33500000834465027,931000
2022-12-28,0.33000001311302185,0.33000001311302185,0.3400000035762787,0.3199999928474426,0.33500000834465027,1596000
2022-12-29,0.33000001311302185,0.33000001311302185,0.33500000834465027,0.32499998807907104,0.33000001311302185,1693000
2022-12-30,0.33500000834465027,0.33500000834465027,0.33500000834465027,0.32499998807907104,0.33000001311302185,1503000
2023-01-03,0.32499998807907104,0.32499998807907104,0.3449999988079071,0.32499998807907104,0.33000001311302185,4432000
2023-01-04,0.32499998807907104,0.32499998807907104,0.33500000834465027,0.3199999928474426,0.33000001311302185,8326000
2023-01-05,0.32499998807907104,0.32499998807907104,0.33500000834465027,0.3199999928474426,0.33000001311302185,4841000
2023-01-06,0.32499998807907104,0.32499998807907104,0.33000001311302185,0.3199999928474426,0.3199999928474426,1447000
2023-01-09,0.33000001311302185,0.33000001311302185,0.33500000834465027,0.3199999928474426,0.32499998807907104,2494000
2023-01-10,0.32499998807907104,0.32499998807907104,0.33000001311302185,0.3199999928474426,0.33000001311302185,1539000
2023-01-11,0.32499998807907104,0.32499998807907104,0.33000001311302185,0.3199999928474426,0.32499998807907104,2359000
2023-01-12,0.32499998807907104,0.32499998807907104,0.32499998807907104,0.3199999928474426,0.32499998807907104,659000
2023-01-13,0.32499998807907104,0.32499998807907104,0.32499998807907104,0.3199999928474426,0.3199999928474426,3220000
2023-01-16,0.3199999928474426,0.3199999928474426,0.33000001311302185,0.3199999928474426,0.32499998807907104,1976000
2023-01-17,0.3199999928474426,0.3199999928474426,0.32499998807907104,0.3199999928474426,0.3199999928474426,1604000
2023-01-18,0.3199999928474426,0.3199999928474426,0.32499998807907104,0.3149999976158142,0.3199999928474426,938000
2023-01-19,0.3149999976158142,0.3149999976158142,0.3199999928474426,0.3149999976158142,0.3199999928474426,2318000
2023-01-20,0.3149999976158142,0.3149999976158142,0.3199999928474426,0.3149999976158142,0.3149999976158142,4827000
2023-01-26,0.3199999928474426,0.3199999928474426,0.32499998807907104,0.3149999976158142,0.3199999928474426,4441000
2023-01-27,0.3199999928474426,0.3199999928474426,0.3199999928474426,0.3149999976158142,0.3149999976158142,4033000
2023-01-30,0.3149999976158142,0.3149999976158142,0.3149999976158142,0.3100000023841858,0.3149999976158142,726000
2023-01-31,0.3149999976158142,0.3149999976158142,0.3149999976158142,0.3100000023841858,0.3149999976158142,404000
2023-02-01,0.3149999976158142,0.3149999976158142,0.3199999928474426,0.3149999976158142,0.3199999928474426,9776000
2023-02-02,0.3149999976158142,0.3149999976158142,0.3199999928474426,0.3149999976158142,0.3149999976158142,6435000
2023-02-03,0.3149999976158142,0.3149999976158142,0.3199999928474426,0.3100000023841858,0.3199999928474426,899000
2023-02-06,0.3199999928474426,0.3199999928474426,0.3199999928474426,0.3100000023841858,0.3149999976158142,289000
2023-02-07,0.3149999976158142,0.3149999976158142,0.3199999928474426,0.3149999976158142,0.3199999928474426,2434000
2023-02-08,0.3149999976158142,0.3149999976158142,0.3199999928474426,0.3100000023841858,0.3149999976158142,350000
2023-02-09,0.3199999928474426,0.3199999928474426,0.33000001311302185,0.3100000023841858,0.3149999976158142,2228000
2023-02-10,0.3149999976158142,0.3149999976158142,0.32499998807907104,0.3100000023841858,0.3199999928474426,1607000
2023-02-13,0.3100000023841858,0.3100000023841858,0.3149999976158142,0.3100000023841858,0.3100000023841858,935000
2023-02-14,0.30000001192092896,0.30000001192092896,0.3100000023841858,0.30000001192092896,0.3100000023841858,1112000
2023-02-15,0.2849999964237213,0.2849999964237213,0.3050000071525574,0.2849999964237213,0.30000001192092896,5182000
2023-02-16,0.28999999165534973,0.28999999165534973,0.29499998688697815,0.28999999165534973,0.28999999165534973,669000
2023-02-17,0.28999999165534973,0.28999999165534973,0.29499998688697815,0.28999999165534973,0.29499998688697815,1866000
2023-02-20,0.29499998688697815,0.29499998688697815,0.30000001192092896,0.2849999964237213,0.28999999165534973,4671000
2023-02-21,0.28999999165534973,0.28999999165534973,0.30000001192092896,0.28999999165534973,0.30000001192092896,2033000
2023-02-22,0.29499998688697815,0.29499998688697815,0.3199999928474426,0.28999999165534973,0.28999999165534973,2089000
2023-02-23,0.30000001192092896,0.30000001192092896,0.3050000071525574,0.29499998688697815,0.30000001192092896,3618000
2023-02-24,0.30000001192092896,0.30000001192092896,0.30000001192092896,0.29499998688697815,0.30000001192092896,4503000
2023-02-27,0.29499998688697815,0.29499998688697815,0.30000001192092896,0.28999999165534973,0.30000001192092896,2200000
2023-02-28,0.29499998688697815,0.29499998688697815,0.30000001192092896,0.29499998688697815,0.29499998688697815,2366000
2023-03-01,0.29499998688697815,0.29499998688697815,0.30000001192092896,0.29499998688697815,0.29499998688697815,1542000
2023-03-02,0.29499998688697815,0.29499998688697815,0.30000001192092896,0.29499998688697815,0.29499998688697815,3541000
2023-03-03,0.29499998688697815,0.29499998688697815,0.30000001192092896,0.29499998688697815,0.29499998688697815,2532000
2023-03-06,0.29499998688697815,0.29499998688697815,0.29499998688697815,0.28999999165534973,0.29499998688697815,1146000
2023-03-07,0.29499998688697815,0.29499998688697815,0.30000001192092896,0.28999999165534973,0.29499998688697815,6477000
2023-03-08,0.29499998688697815,0.29499998688697815,0.29499998688697815,0.28999999165534973,0.28999999165534973,603000
2023-03-09,0.29499998688697815,0.29499998688697815,0.29499998688697815,0.28999999165534973,0.29499998688697815,1806000
2023-03-10,0.2800000011920929,0.2800000011920929,0.28999999165534973,0.2750000059604645,0.28999999165534973,3508000
2023-03-13,0.29499998688697815,0.29499998688697815,0.30000001192092896,0.2849999964237213,0.2849999964237213,7584000
2023-03-14,0.2800000011920929,0.2800000011920929,0.28999999165534973,0.2750000059604645,0.28999999165534973,7440000
2023-03-15,0.2800000011920929,0.2800000011920929,0.2849999964237213,0.27000001072883606,0.2849999964237213,8022000
2023-03-16,0.2800000011920929,0.2800000011920929,0.2800000011920929,0.2750000059604645,0.2800000011920929,430000
2023-03-17,0.2800000011920929,0.2800000011920929,0.2849999964237213,0.2750000059604645,0.2800000011920929,1506000
2023-03-20,0.26499998569488525,0.26499998569488525,0.2849999964237213,0.26499998569488525,0.2849999964237213,3707000
2023-03-21,0.27000001072883606,0.27000001072883606,0.2750000059604645,0.27000001072883606,0.27000001072883606,1574000
2023-03-22,0.2750000059604645,0.2750000059604645,0.2800000011920929,0.27000001072883606,0.27000001072883606,4869000
2023-03-23,0.2750000059604645,0.2750000059604645,0.2800000011920929,0.27000001072883606,0.2800000011920929,6552000
2023-03-24,0.27000001072883606,0.27000001072883606,0.2750000059604645,0.27000001072883606,0.2750000059604645,4501000
2023-03-27,0.27000001072883606,0.27000001072883606,0.2750000059604645,0.27000001072883606,0.2750000059604645,3241000
2023-03-28,0.2750000059604645,0.2750000059604645,0.2750000059604645,0.27000001072883606,0.2750000059604645,4428000
2023-03-29,0.2750000059604645,0.2750000059604645,0.2750000059604645,0.27000001072883606,0.2750000059604645,2346000
2023-03-30,0.2750000059604645,0.2750000059604645,0.2750000059604645,0.27000001072883606,0.2750000059604645,1045000
2023-03-31,0.27000001072883606,0.27000001072883606,0.2800000011920929,0.27000001072883606,0.2750000059604645,2490000
2023-04-03,0.2750000059604645,0.2750000059604645,0.2800000011920929,0.2750000059604645,0.2750000059604645,2791000
2023-04-04,0.27000001072883606,0.27000001072883606,0.2750000059604645,0.27000001072883606,0.2750000059604645,2363000
2023-04-06,0.2750000059604645,0.2750000059604645,0.2849999964237213,0.2750000059604645,0.2750000059604645,2762000
2023-04-11,0.2750000059604645,0.2750000059604645,0.2849999964237213,0.2750000059604645,0.2750000059604645,4290000
2023-04-12,0.2750000059604645,0.2750000059604645,0.2800000011920929,0.2750000059604645,0.2800000011920929,2726000
2023-04-13,0.27000001072883606,0.27000001072883606,0.2750000059604645,0.27000001072883606,0.2750000059604645,2743000
2023-04-14,0.27000001072883606,0.27000001072883606,0.2750000059604645,0.27000001072883606,0.27000001072883606,4536000
2023-04-17,0.27000001072883606,0.27000001072883606,0.2750000059604645,0.27000001072883606,0.27000001072883606,6056000
2023-04-18,0.27000001072883606,0.27000001072883606,0.2750000059604645,0.27000001072883606,0.2750000059604645,3318000
2023-04-19,0.27000001072883606,0.27000001072883606,0.27000001072883606,0.26499998569488525,0.27000001072883606,1587000
2023-04-20,0.27000001072883606,0.27000001072883606,0.27000001072883606,0.26499998569488525,0.27000001072883606,576000
2023-04-21,0.27000001072883606,0.27000001072883606,0.2750000059604645,0.26499998569488525,0.27000001072883606,3689000
2023-04-24,0.27000001072883606,0.27000001072883606,0.2750000059604645,0.27000001072883606,0.2750000059604645,1555000
2023-04-25,0.27000001072883606,0.27000001072883606,0.27000001072883606,0.26499998569488525,0.27000001072883606,1370000
2023-04-26,0.27000001072883606,0.27000001072883606,0.27000001072883606,0.26499998569488525,0.27000001072883606,1709000
2023-04-27,0.27000001072883606,0.27000001072883606,0.27000001072883606,0.26499998569488525,0.26499998569488525,922000
2023-04-28,0.27000001072883606,0.27000001072883606,0.2750000059604645,0.27000001072883606,0.27000001072883606,1061000
2023-05-02,0.26499998569488525,0.26499998569488525,0.2750000059604645,0.25999999046325684,0.27000001072883606,5402000
2023-05-03,0.25999999046325684,0.25999999046325684,0.25999999046325684,0.2549999952316284,0.25999999046325684,3881000
2023-05-04,0.2549999952316284,0.2549999952316284,0.25999999046325684,0.2549999952316284,0.25999999046325684,12357000
2023-05-05,0.25999999046325684,0.25999999046325684,0.25999999046325684,0.2549999952316284,0.2549999952316284,9349000
2023-05-08,0.2750000059604645,0.2750000059604645,0.2800000011920929,0.25,0.2549999952316284,9549000
2023-05-09,0.26499998569488525,0.26499998569488525,0.2750000059604645,0.25999999046325684,0.2750000059604645,7101000
2023-05-10,0.2549999952316284,0.2549999952316284,0.25999999046325684,0.25,0.25999999046325684,5172000
2023-05-11,0.25999999046325684,0.25999999046325684,0.25999999046325684,0.2549999952316284,0.2549999952316284,5258000
2023-05-12,0.2549999952316284,0.2549999952316284,0.25999999046325684,0.25,0.25999999046325684,3822000
2023-05-15,0.2549999952316284,0.2549999952316284,0.25999999046325684,0.25,0.2549999952316284,4536000
2023-05-16,0.2549999952316284,0.2549999952316284,0.2549999952316284,0.25,0.2549999952316284,1376000
2023-05-17,0.2549999952316284,0.2549999952316284,0.2549999952316284,0.25,0.2549999952316284,541000
2023-05-18,0.2549999952316284,0.2549999952316284,0.2549999952316284,0.25,0.2549999952316284,818000
2023-05-19,0.24799999594688416,0.24799999594688416,0.2549999952316284,0.24699999392032623,0.2549999952316284,4028000
2023-05-22,0.25,0.25,0.25,0.2460000067949295,0.24799999594688416,906000
2023-05-23,0.25,0.25,0.2549999952316284,0.24799999594688416,0.25,2456000
2023-05-24,0.25,0.25,0.25,0.24699999392032623,0.25,200000
2023-05-25,0.24799999594688416,0.24799999594688416,0.24899999797344208,0.24500000476837158,0.2460000067949295,2630000
2023-05-29,0.24799999594688416,0.24799999594688416,0.25,0.2460000067949295,0.24799999594688416,729000
2023-05-30,0.24699999392032623,0.24699999392032623,0.25,0.24699999392032623,0.25,188000
2023-05-31,0.24500000476837158,0.24500000476837158,0.25,0.24300000071525574,0.24799999594688416,3069000
2023-06-01,0.25,0.25,0.25,0.24400000274181366,0.24400000274181366,2055000
2023-06-02,0.24799999594688416,0.24799999594688416,0.2549999952316284,0.24699999392032623,0.25,7192000
2023-06-05,0.25,0.25,0.25,0.24799999594688416,0.25,936000
2023-06-06,0.25,0.25,0.25,0.24799999594688416,0.25,208000
2023-06-07,0.24799999594688416,0.24799999594688416,0.25,0.24699999392032623,0.24799999594688416,3273000
2023-06-08,0.24799999594688416,0.24799999594688416,0.24899999797344208,0.2460000067949295,0.24699999392032623,572000
2023-06-09,0.24699999392032623,0.24699999392032623,0.25,0.24699999392032623,0.25,241000
2023-06-12,0.24899999797344208,0.24899999797344208,0.25,0.24699999392032623,0.24699999392032623,489000
2023-06-13,0.24899999797344208,0.24899999797344208,0.25,0.24799999594688416,0.24899999797344208,308000
2023-06-14,0.25,0.25,0.25,0.24799999594688416,0.24899999797344208,479000
2023-06-15,0.25,0.25,0.2549999952316284,0.24899999797344208,0.25,384000
2023-06-16,0.25,0.25,0.25,0.24899999797344208,0.25,2230000
2023-06-19,0.24899999797344208,0.24899999797344208,0.2549999952316284,0.24899999797344208,0.25,1387000
2023-06-20,0.25,0.25,0.25,0.24799999594688416,0.24899999797344208,1746000
2023-06-21,0.25,0.25,0.25,0.24799999594688416,0.25,844000
2023-06-23,0.24699999392032623,0.24699999392032623,0.24699999392032623,0.24500000476837158,0.24699999392032623,1729000
2023-06-26,0.24899999797344208,0.24899999797344208,0.24899999797344208,0.24500000476837158,0.24500000476837158,195000
2023-06-27,0.24699999392032623,0.24699999392032623,0.25,0.2460000067949295,0.24899999797344208,848000
2023-06-28,0.24699999392032623,0.24699999392032623,0.25,0.24699999392032623,0.25,1184000
2023-06-29,0.2460000067949295,0.2460000067949295,0.24799999594688416,0.2460000067949295,0.24699999392032623,520000
2023-06-30,0.25,0.25,0.25,0.24500000476837158,0.24500000476837158,580000
2023-07-03,0.25,0.25,0.2549999952316284,0.24699999392032623,0.24699999392032623,923000
2023-07-04,0.24899999797344208,0.24899999797344208,0.25,0.24899999797344208,0.25,861000
2023-07-05,0.24799999594688416,0.24799999594688416,0.24899999797344208,0.24699999392032623,0.24799999594688416,381000
2023-07-06,0.2460000067949295,0.2460000067949295,0.24799999594688416,0.2460000067949295,0.24799999594688416,358000
2023-07-07,0.24799999594688416,0.24799999594688416,0.24899999797344208,0.24300000071525574,0.24899999797344208,1820000
2023-07-10,0.25,0.25,0.2549999952316284,0.24699999392032623,0.25,1671000
2023-07-11,0.24699999392032623,0.24699999392032623,0.25,0.24699999392032623,0.25,557000
2023-07-12,0.25,0.25,0.25,0.25,0.25,701000
2023-07-13,0.25,0.25,0.2549999952316284,0.24699999392032623,0.2549999952316284,2781000
2023-07-14,0.25,0.25,0.25,0.24699999392032623,0.25,677000
2023-07-18,0.24799999594688416,0.24799999594688416,0.25,0.24500000476837158,0.24699999392032623,1882000
2023-07-19,0.25,0.25,0.25,0.24500000476837158,0.24899999797344208,893000
2023-07-20,0.24699999392032623,0.24699999392032623,0.25,0.24699999392032623,0.25,576000
2023-07-21,0.25,0.25,0.25,0.24699999392032623,0.25,2312000
2023-07-24,0.2549999952316284,0.2549999952316284,0.2549999952316284,0.24799999594688416,0.2549999952316284,498000
2023-07-25,0.25,0.25,0.2549999952316284,0.24899999797344208,0.25,6503000
2023-07-26,0.24500000476837158,0.24500000476837158,0.25,0.24500000476837158,0.25,2028000
2023-07-27,0.2549999952316284,0.2549999952316284,0.2549999952316284,0.24799999594688416,0.24799999594688416,3457000
2023-07-28,0.24899999797344208,0.24899999797344208,0.2549999952316284,0.24899999797344208,0.25,4409000
2023-07-31,0.25,0.25,0.2549999952316284,0.24899999797344208,0.25,3492000
2023-08-01,0.25,0.25,0.2549999952316284,0.24899999797344208,0.2549999952316284,2410000
2023-08-02,0.24899999797344208,0.24899999797344208,0.25,0.24799999594688416,0.24899999797344208,1055000
2023-08-03,0.24899999797344208,0.24899999797344208,0.2549999952316284,0.24899999797344208,0.25,4365000
2023-08-04,0.24899999797344208,0.24899999797344208,0.2549999952316284,0.24899999797344208,0.2549999952316284,5450000
2023-08-07,0.24799999594688416,0.24799999594688416,0.25,0.24799999594688416,0.25,1187000
2023-08-08,0.24799999594688416,0.24799999594688416,0.25,0.24799999594688416,0.25,1421000
2023-08-09,0.24799999594688416,0.24799999594688416,0.25,0.24699999392032623,0.24699999392032623,928000
2023-08-10,0.25,0.25,0.25,0.24799999594688416,0.24799999594688416,494000
2023-08-11,0.25,0.25,0.25,0.24699999392032623,0.25,1486000
2023-08-14,0.2460000067949295,0.2460000067949295,0.25,0.2460000067949295,0.24799999594688416,1007000
2023-08-15,0.2460000067949295,0.2460000067949295,0.24799999594688416,0.24500000476837158,0.2460000067949295,2013000
2023-08-16,0.2460000067949295,0.2460000067949295,0.24899999797344208,0.2460000067949295,0.24799999594688416,1398000
2023-08-17,0.2460000067949295,0.2460000067949295,0.24699999392032623,0.24400000274181366,0.24500000476837158,851000
2023-08-18,0.24400000274181366,0.24400000274181366,0.2460000067949295,0.24300000071525574,0.24500000476837158,341000
2023-08-21,0.23800000548362732,0.23800000548362732,0.24300000071525574,0.23600000143051147,0.24300000071525574,2758000
2023-08-22,0.2370000034570694,0.2370000034570694,0.23800000548362732,0.2329999953508377,0.23499999940395355,1450000
2023-08-23,0.2329999953508377,0.2329999953508377,0.2370000034570694,0.2329999953508377,0.23499999940395355,1320000
2023-08-24,0.22599999606609344,0.22599999606609344,0.23399999737739563,0.22599999606609344,0.23399999737739563,2818000
2023-08-25,0.22699999809265137,0.22699999809265137,0.2280000001192093,0.22599999606609344,0.22599999606609344,1373000
2023-08-28,0.23199999332427979,0.23199999332427979,0.2329999953508377,0.2290000021457672,0.2290000021457672,324000
2023-08-29,0.23899999260902405,0.23899999260902405,0.2409999966621399,0.23199999332427979,0.23199999332427979,762000
2023-08-30,0.2409999966621399,0.2409999966621399,0.24199999868869781,0.23600000143051147,0.23999999463558197,85000
2023-08-31,0.23999999463558197,0.23999999463558197,0.24199999868869781,0.23399999737739563,0.24199999868869781,1540000
2023-09-04,0.2370000034570694,0.2370000034570694,0.23899999260902405,0.23600000143051147,0.2370000034570694,1076000
2023-09-05,0.23499999940395355,0.23499999940395355,0.23999999463558197,0.23499999940395355,0.23899999260902405,790000
2023-09-06,0.2370000034570694,0.2370000034570694,0.2409999966621399,0.23499999940395355,0.23499999940395355,1924000
2023-09-07,0.23600000143051147,0.23600000143051147,0.2370000034570694,0.23499999940395355,0.2370000034570694,887000
2023-09-11,0.24199999868869781,0.24199999868869781,0.24500000476837158,0.23899999260902405,0.23899999260902405,1286080
2023-09-12,0.23899999260902405,0.23899999260902405,0.24799999594688416,0.23899999260902405,0.24500000476837158,4241000
2023-09-13,0.2409999966621399,0.2409999966621399,0.2409999966621399,0.23800000548362732,0.23800000548362732,449000
2023-09-14,0.24300000071525574,0.24300000071525574,0.24799999594688416,0.2370000034570694,0.2409999966621399,3212000
2023-09-15,0.23999999463558197,0.23999999463558197,0.24799999594688416,0.23999999463558197,0.24699999392032623,55000
2023-09-18,0.24199999868869781,0.24199999868869781,0.24699999392032623,0.24199999868869781,0.24699999392032623,27000
2023-09-19,0.24799999594688416,0.24799999594688416,0.24799999594688416,0.24199999868869781,0.24500000476837158,2277000
2023-09-20,0.2460000067949295,0.2460000067949295,0.24899999797344208,0.2460000067949295,0.24899999797344208,944000
2023-09-21,0.2460000067949295,0.2460000067949295,0.25,0.24199999868869781,0.24699999392032623,2348000
2023-09-22,0.24300000071525574,0.24300000071525574,0.2460000067949295,0.2409999966621399,0.2409999966621399,359000
2023-09-25,0.24199999868869781,0.24199999868869781,0.24500000476837158,0.23999999463558197,0.24199999868869781,418000
2023-09-26,0.24199999868869781,0.24199999868869781,0.25,0.24199999868869781,0.24199999868869781,1425000
2023-09-27,0.23899999260902405,0.23899999260902405,0.24500000476837158,0.23899999260902405,0.24199999868869781,1077000
2023-09-28,0.24300000071525574,0.24300000071525574,0.24400000274181366,0.23899999260902405,0.24400000274181366,499000
2023-09-29,0.24400000274181366,0.24400000274181366,0.24500000476837158,0.23999999463558197,0.2409999966621399,349000
2023-10-03,0.2370000034570694,0.2370000034570694,0.2409999966621399,0.23499999940395355,0.2409999966621399,688000
2023-10-04,0.23800000548362732,0.23800000548362732,0.23999999463558197,0.2370000034570694,0.23899999260902405,571000
2023-10-05,0.23600000143051147,0.23600000143051147,0.24199999868869781,0.23600000143051147,0.24199999868869781,217000
2023-10-06,0.23899999260902405,0.23899999260902405,0.24500000476837158,0.23899999260902405,0.24300000071525574,1235000
2023-10-09,0.2409999966621399,0.2409999966621399,0.25,0.2370000034570694,0.25,1332000
2023-10-10,0.24699999392032623,0.24699999392032623,0.25999999046325684,0.2460000067949295,0.2460000067949295,8153000
2023-10-11,0.25,0.25,0.2549999952316284,0.24799999594688416,0.25,3574000
2023-10-12,0.25,0.25,0.2549999952316284,0.24899999797344208,0.2549999952316284,5289000
2023-10-13,0.24699999392032623,0.24699999392032623,0.25,0.24500000476837158,0.25,2139000
2023-10-16,0.2409999966621399,0.2409999966621399,0.2460000067949295,0.2409999966621399,0.2460000067949295,2108000
2023-10-17,0.23999999463558197,0.23999999463558197,0.24899999797344208,0.23899999260902405,0.2409999966621399,2513000
2023-10-18,0.23999999463558197,0.23999999463558197,0.2409999966621399,0.23800000548362732,0.23800000548362732,554000
2023-10-19,0.23899999260902405,0.23899999260902405,0.2409999966621399,0.2370000034570694,0.23999999463558197,2600000
2023-10-20,0.23800000548362732,0.23800000548362732,0.23999999463558197,0.23600000143051147,0.23899999260902405,1086000
2023-10-24,0.23600000143051147,0.23600000143051147,0.2409999966621399,0.23600000143051147,0.2409999966621399,2393000
2023-10-25,0.23999999463558197,0.23999999463558197,0.2409999966621399,0.23800000548362732,0.23999999463558197,6186000
2023-10-26,0.23800000548362732,0.23800000548362732,0.2409999966621399,0.2370000034570694,0.23999999463558197,404000
2023-10-27,0.23999999463558197,0.23999999463558197,0.24199999868869781,0.2370000034570694,0.23800000548362732,3067000
2023-10-30,0.23999999463558197,0.23999999463558197,0.24199999868869781,0.23899999260902405,0.23999999463558197,1162000
2023-10-31,0.2370000034570694,0.2370000034570694,0.2409999966621399,0.2370000034570694,0.23999999463558197,534000
2023-11-01,0.23999999463558197,0.23999999463558197,0.24300000071525574,0.23999999463558197,0.2409999966621399,301000
2023-11-02,0.24199999868869781,0.24199999868869781,0.24199999868869781,0.23999999463558197,0.23999999463558197,229000
2023-11-03,0.24699999392032623,0.24699999392032623,0.24799999594688416,0.2409999966621399,0.2409999966621399,524000
2023-11-06,0.24799999594688416,0.24799999594688416,0.25,0.24500000476837158,0.24899999797344208,2207000
2023-11-07,0.2460000067949295,0.2460000067949295,0.25,0.2460000067949295,0.24799999594688416,2234000
2023-11-08,0.24500000476837158,0.24500000476837158,0.24799999594688416,0.24500000476837158,0.2460000067949295,1206000
2023-11-09,0.24300000071525574,0.24300000071525574,0.25,0.23999999463558197,0.24500000476837158,1812000
2023-11-10,0.24300000071525574,0.24300000071525574,0.24699999392032623,0.24300000071525574,0.24699999392032623,598000
2023-11-13,0.2549999952316284,0.2549999952316284,0.2549999952316284,0.24300000071525574,0.24400000274181366,518000
2023-11-14,0.24699999392032623,0.24699999392032623,0.2549999952316284,0.24699999392032623,0.2549999952316284,1095000
2023-11-15,0.2549999952316284,0.2549999952316284,0.2549999952316284,0.25,0.25,221000
2023-11-16,0.2549999952316284,0.2549999952316284,0.25999999046325684,0.25,0.2549999952316284,1911000
2023-11-17,0.24799999594688416,0.24799999594688416,0.2549999952316284,0.24799999594688416,0.2549999952316284,1345000
2023-11-20,0.25,0.25,0.25999999046325684,0.25,0.2549999952316284,3445000
2023-11-21,0.24799999594688416,0.24799999594688416,0.25999999046325684,0.24799999594688416,0.2549999952316284,7830000
2023-11-22,0.2460000067949295,0.2460000067949295,0.25999999046325684,0.2460000067949295,0.25,25573000
2023-11-23,0.24899999797344208,0.24899999797344208,0.2549999952316284,0.24699999392032623,0.24699999392032623,3105000
2023-11-24,0.25,0.25,0.2549999952316284,0.24899999797344208,0.24899999797344208,1238000
2023-11-27,0.24899999797344208,0.24899999797344208,0.25,0.24699999392032623,0.24699999392032623,3926000
2023-11-28,0.24799999594688416,0.24799999594688416,0.25,0.24699999392032623,0.25,1451000
2023-11-29,0.24400000274181366,0.24400000274181366,0.25,0.24400000274181366,0.24899999797344208,2504000
2023-11-30,0.24400000274181366,0.24400000274181366,0.24699999392032623,0.24199999868869781,0.24699999392032623,770000
2023-12-01,0.24400000274181366,0.24400000274181366,0.25,0.24400000274181366,0.24699999392032623,1584000
2023-12-04,0.24899999797344208,0.24899999797344208,0.24899999797344208,0.24500000476837158,0.24699999392032623,1359000
2023-12-05,0.24500000476837158,0.24500000476837158,0.24899999797344208,0.2409999966621399,0.24500000476837158,1175000
2023-12-06,0.2460000067949295,0.2460000067949295,0.24899999797344208,0.24300000071525574,0.24899999797344208,867000
2023-12-07,0.24500000476837158,0.24500000476837158,0.24799999594688416,0.24500000476837158,0.24799999594688416,550000
2023-12-08,0.24400000274181366,0.24400000274181366,0.2460000067949295,0.24300000071525574,0.24400000274181366,851000
2023-12-11,0.2460000067949295,0.2460000067949295,0.24699999392032623,0.24300000071525574,0.24699999392032623,984000
2023-12-12,0.23999999463558197,0.23999999463558197,0.24400000274181366,0.23800000548362732,0.23899999260902405,5199000
2023-12-13,0.2409999966621399,0.2409999966621399,0.24300000071525574,0.23899999260902405,0.23899999260902405,127000
2023-12-14,0.23800000548362732,0.23800000548362732,0.24300000071525574,0.23800000548362732,0.2409999966621399,1025000
2023-12-15,0.23800000548362732,0.23800000548362732,0.24300000071525574,0.23600000143051147,0.23600000143051147,2760000
2023-12-18,0.23999999463558197,0.23999999463558197,0.24199999868869781,0.23800000548362732,0.23999999463558197,737000
2023-12-19,0.23800000548362732,0.23800000548362732,0.23899999260902405,0.23600000143051147,0.23800000548362732,791000
2023-12-20,0.23600000143051147,0.23600000143051147,0.23999999463558197,0.23600000143051147,0.2370000034570694,1870000
2023-12-21,0.23800000548362732,0.23800000548362732,0.23999999463558197,0.23600000143051147,0.23600000143051147,1430000
2023-12-22,0.23199999332427979,0.23199999332427979,0.24300000071525574,0.23199999332427979,0.23600000143051147,2874000
2023-12-27,0.2370000034570694,0.2370000034570694,0.23899999260902405,0.23499999940395355,0.23800000548362732,522000
2023-12-28,0.2409999966621399,0.2409999966621399,0.24199999868869781,0.2370000034570694,0.2370000034570694,607000
2023-12-29,0.23899999260902405,0.23899999260902405,0.24300000071525574,0.23800000548362732,0.23800000548362732,707000
2024-01-02,0.23899999260902405,0.23899999260902405,0.24300000071525574,0.23899999260902405,0.23899999260902405,2688000
2024-01-03,0.24300000071525574,0.24300000071525574,0.2460000067949295,0.23899999260902405,0.23999999463558197,2468000
2024-01-04,0.23899999260902405,0.23899999260902405,0.24300000071525574,0.23899999260902405,0.24300000071525574,1982000
2024-01-05,0.23899999260902405,0.23899999260902405,0.24199999868869781,0.23800000548362732,0.23899999260902405,1562000
2024-01-08,0.23999999463558197,0.23999999463558197,0.24199999868869781,0.23800000548362732,0.2409999966621399,172000
2024-01-09,0.23899999260902405,0.23899999260902405,0.24300000071525574,0.23800000548362732,0.23999999463558197,1841000
2024-01-10,0.23800000548362732,0.23800000548362732,0.24400000274181366,0.2370000034570694,0.24300000071525574,4262000
2024-01-11,0.23800000548362732,0.23800000548362732,0.2409999966621399,0.23800000548362732,0.23999999463558197,1227000
2024-01-12,0.23800000548362732,0.23800000548362732,0.2409999966621399,0.23499999940395355,0.23800000548362732,1184000
2024-01-15,0.23800000548362732,0.23800000548362732,0.23800000548362732,0.23800000548362732,0.23800000548362732,0
2024-01-16,0.23899999260902405,0.23899999260902405,0.23999999463558197,0.23499999940395355,0.23600000143051147,588000
2024-01-17,0.2290000021457672,0.2290000021457672,0.23899999260902405,0.2290000021457672,0.23499999940395355,3607000
2024-01-18,0.2290000021457672,0.2290000021457672,0.23000000417232513,0.2290000021457672,0.2290000021457672,2126000
2024-01-19,0.2280000001192093,0.2280000001192093,0.2329999953508377,0.22699999809265137,0.2329999953508377,920000
2024-01-22,0.22499999403953552,0.22499999403953552,0.2370000034570694,0.22499999403953552,0.2290000021457672,1163000
2024-01-23,0.22499999403953552,0.22499999403953552,0.23000000417232513,0.2240000069141388,0.22499999403953552,733000
2024-01-24,0.23000000417232513,0.23000000417232513,0.2329999953508377,0.22499999403953552,0.22499999403953552,2129000
2024-01-25,0.23800000548362732,0.23800000548362732,0.23999999463558197,0.23499999940395355,0.23499999940395355,2096000
2024-01-26,0.24199999868869781,0.24199999868869781,0.24300000071525574,0.23399999737739563,0.23800000548362732,2508000
2024-01-29,0.25,0.25,0.25999999046325684,0.24199999868869781,0.24199999868869781,10488000
2024-01-30,0.26499998569488525,0.26499998569488525,0.2800000011920929,0.24500000476837158,0.25,5835000
2024-01-31,0.2549999952316284,0.2549999952316284,0.25999999046325684,0.25,0.25999999046325684,2029000
2024-02-01,0.24899999797344208,0.24899999797344208,0.2549999952316284,0.24899999797344208,0.25,3392000
2024-02-02,0.24500000476837158,0.24500000476837158,0.25,0.24500000476837158,0.25,1135000
2024-02-05,0.24500000476837158,0.24500000476837158,0.25,0.24300000071525574,0.2409999966621399,1918000
2024-02-06,0.24699999392032623,0.24699999392032623,0.25,0.24400000274181366,0.24500000476837158,2573000
2024-02-07,0.25,0.25,0.2549999952316284,0.24899999797344208,0.25,2133000
2024-02-08,0.25,0.25,0.25,0.24300000071525574,0.25,530000
2024-02-09,0.24500000476837158,0.24500000476837158,0.24500000476837158,0.24500000476837158,0.24500000476837158,0
2024-02-14,0.24300000071525574,0.24300000071525574,0.25,0.24300000071525574,0.24300000071525574,1179000
2024-02-15,0.23800000548362732,0.23800000548362732,0.24300000071525574,0.2370000034570694,0.24300000071525574,2488000
2024-02-16,0.24500000476837158,0.24500000476837158,0.24799999594688416,0.23800000548362732,0.23800000548362732,3157000
2024-02-19,0.23899999260902405,0.23899999260902405,0.24300000071525574,0.23899999260902405,0.24199999868869781,963000
2024-02-20,0.23999999463558197,0.23999999463558197,0.24199999868869781,0.23800000548362732,0.23800000548362732,1341000
2024-02-21,0.24199999868869781,0.24199999868869781,0.24500000476837158,0.2370000034570694,0.23899999260902405,2685000
2024-02-22,0.23999999463558197,0.23999999463558197,0.24300000071525574,0.23800000548362732,0.23999999463558197,1713000
2024-02-23,0.24400000274181366,0.24400000274181366,0.24799999594688416,0.23800000548362732,0.23999999463558197,5798000
2024-02-26,0.23999999463558197,0.23999999463558197,0.2460000067949295,0.23999999463558197,0.24500000476837158,3078000
2024-02-27,0.2409999966621399,0.2409999966621399,0.2460000067949295,0.23899999260902405,0.23999999463558197,4491000
2024-02-28,0.23999999463558197,0.23999999463558197,0.24400000274181366,0.23800000548362732,0.24300000071525574,2270000
2024-02-29,0.23800000548362732,0.23800000548362732,0.23999999463558197,0.23800000548362732,0.23999999463558197,1530000
2024-03-01,0.23999999463558197,0.23999999463558197,0.24300000071525574,0.23600000143051147,0.23800000548362732,1178000
2024-03-04,0.23800000548362732,0.23800000548362732,0.24300000071525574,0.2370000034570694,0.24300000071525574,1101000
2024-03-05,0.23800000548362732,0.23800000548362732,0.2409999966621399,0.23800000548362732,0.23899999260902405,1845000
2024-03-06,0.23800000548362732,0.23800000548362732,0.23999999463558197,0.23800000548362732,0.23999999463558197,2899000
2024-03-07,0.23800000548362732,0.23800000548362732,0.24199999868869781,0.23800000548362732,0.23999999463558197,3775000
2024-03-08,0.23999999463558197,0.23999999463558197,0.2409999966621399,0.23800000548362732,0.2409999966621399,3715000
2024-03-11,0.23999999463558197,0.23999999463558197,0.24199999868869781,0.23800000548362732,0.23999999463558197,1382000
2024-03-12,0.24199999868869781,0.24199999868869781,0.24400000274181366,0.23999999463558197,0.23999999463558197,3421000
2024-03-13,0.2460000067949295,0.2460000067949295,0.2549999952316284,0.24400000274181366,0.2460000067949295,1164000
2024-03-14,0.24899999797344208,0.24899999797344208,0.24899999797344208,0.2409999966621399,0.24400000274181366,1722000
2024-03-15,0.25,0.25,0.2549999952316284,0.24899999797344208,0.24899999797344208,1052000
2024-03-18,0.2750000059604645,0.2750000059604645,0.2750000059604645,0.2549999952316284,0.2549999952316284,3708000
2024-03-19,0.2849999964237213,0.2849999964237213,0.30000001192092896,0.2750000059604645,0.2800000011920929,7790000
2024-03-20,0.2849999964237213,0.2849999964237213,0.30000001192092896,0.2849999964237213,0.2849999964237213,3304000
2024-03-21,0.3199999928474426,0.3199999928474426,0.33000001311302185,0.2849999964237213,0.30000001192092896,9034000
2024-03-22,0.3100000023841858,0.3100000023841858,0.3499999940395355,0.30000001192092896,0.33000001311302185,9381000
2024-03-25,0.30000001192092896,0.30000001192092896,0.3199999928474426,0.30000001192092896,0.3100000023841858,6816000
2024-03-26,0.30000001192092896,0.30000001192092896,0.3100000023841858,0.29499998688697815,0.3050000071525574,2529000
2024-03-27,0.3100000023841858,0.3100000023841858,0.3149999976158142,0.29499998688697815,0.29499998688697815,3718000
2024-03-28,0.2549999952316284,0.2549999952316284,0.3100000023841858,0.2549999952316284,0.3100000023841858,10026000
2024-04-02,0.26499998569488525,0.26499998569488525,0.26499998569488525,0.2460000067949295,0.25999999046325684,4530000
2024-04-03,0.2549999952316284,0.2549999952316284,0.26499998569488525,0.24799999594688416,0.26499998569488525,5086000
2024-04-05,0.2460000067949295,0.2460000067949295,0.25,0.24500000476837158,0.25,2420000
2024-04-08,0.25999999046325684,0.25999999046325684,0.26499998569488525,0.2460000067949295,0.2460000067949295,2633000
2024-04-09,0.2549999952316284,0.2549999952316284,0.26499998569488525,0.25,0.25999999046325684,5721000
2024-04-10,0.2549999952316284,0.2549999952316284,0.26499998569488525,0.2549999952316284,0.25999999046325684,2395000
2024-04-11,0.26499998569488525,0.26499998569488525,0.26499998569488525,0.2549999952316284,0.25999999046325684,2269000
2024-04-12,0.2750000059604645,0.2750000059604645,0.2800000011920929,0.25999999046325684,0.25999999046325684,3679000
2024-04-15,0.2800000011920929,0.2800000011920929,0.2800000011920929,0.2750000059604645,0.2800000011920929,1586000
2024-04-16,0.2800000011920929,0.2800000011920929,0.2849999964237213,0.2750000059604645,0.2849999964237213,3506000
2024-04-17,0.2800000011920929,0.2800000011920929,0.2800000011920929,0.2750000059604645,0.2800000011920929,2162000
2024-04-18,0.2849999964237213,0.2849999964237213,0.2849999964237213,0.2750000059604645,0.2750000059604645,1294000
2024-04-19,0.2849999964237213,0.2849999964237213,0.28999999165534973,0.2800000011920929,0.2800000011920929,1250000
2024-04-22,0.2849999964237213,0.2849999964237213,0.30000001192092896,0.2800000011920929,0.2800000011920929,4380000
2024-04-23,0.2849999964237213,0.2849999964237213,0.29499998688697815,0.2849999964237213,0.2849999964237213,2315000
2024-04-24,0.2849999964237213,0.2849999964237213,0.28999999165534973,0.2750000059604645,0.2849999964237213,2217000
2024-04-25,0.28999999165534973,0.28999999165534973,0.30000001192092896,0.2800000011920929,0.29499998688697815,2381000
2024-04-26,0.29499998688697815,0.29499998688697815,0.30000001192092896,0.2849999964237213,0.2849999964237213,2743000
2024-04-29,0.30000001192092896,0.30000001192092896,0.3100000023841858,0.28999999165534973,0.29499998688697815,3385000
2024-04-30,0.3050000071525574,0.3050000071525574,0.3050000071525574,0.30000001192092896,0.30000001192092896,802000
2024-05-02,0.3100000023841858,0.3100000023841858,0.3149999976158142,0.3050000071525574,0.3100000023841858,1753000
2024-05-03,0.3100000023841858,0.3100000023841858,0.3149999976158142,0.3050000071525574,0.3100000023841858,2138000
2024-05-06,0.3149999976158142,0.3149999976158142,0.3149999976158142,0.3050000071525574,0.3100000023841858,894000
2024-05-07,0.3100000023841858,0.3100000023841858,0.3100000023841858,0.3050000071525574,0.3100000023841858,1569000
2024-05-08,0.29499998688697815,0.29499998688697815,0.3100000023841858,0.29499998688697815,0.3100000023841858,1910000
2024-05-09,0.30000001192092896,0.30000001192092896,0.30000001192092896,0.28999999165534973,0.28999999165534973,840000
2024-05-10,0.3149999976158142,0.3149999976158142,0.3199999928474426,0.30000001192092896,0.3050000071525574,3580000
2024-05-13,0.3149999976158142,0.3149999976158142,0.3199999928474426,0.3050000071525574,0.3149999976158142,2997000
2024-05-14,0.3100000023841858,0.3100000023841858,0.32499998807907104,0.3050000071525574,0.3149999976158142,3002000
2024-05-16,0.3199999928474426,0.3199999928474426,0.33000001311302185,0.3100000023841858,0.3149999976158142,6267000
2024-05-17,0.33000001311302185,0.33000001311302185,0.33000001311302185,0.3149999976158142,0.32499998807907104,6264000
2024-05-20,0.3700000047683716,0.3700000047683716,0.3700000047683716,0.3199999928474426,0.33000001311302185,9822000
2024-05-21,0.3449999988079071,0.3449999988079071,0.3700000047683716,0.33500000834465027,0.3700000047683716,9197000
2024-05-22,0.375,0.375,0.38999998569488525,0.3499999940395355,0.3499999940395355,11315000
2024-05-23,0.38499999046325684,0.38499999046325684,0.38499999046325684,0.36500000953674316,0.38499999046325684,4822000
2024-05-24,0.38999998569488525,0.38999998569488525,0.38999998569488525,0.3700000047683716,0.38499999046325684,6309000
2024-05-27,0.38999998569488525,0.38999998569488525,0.39500001072883606,0.375,0.38999998569488525,6405959
2024-05-28,0.3799999952316284,0.3799999952316284,0.38999998569488525,0.3700000047683716,0.38999998569488525,3208000
2024-05-29,0.3700000047683716,0.3700000047683716,0.375,0.36500000953674316,0.3700000047683716,1740000
2024-05-30,0.36000001430511475,0.36000001430511475,0.3700000047683716,0.35499998927116394,0.36500000953674316,2526000
2024-05-31,0.36000001430511475,0.36000001430511475,0.36500000953674316,0.3499999940395355,0.36000001430511475,2481000
2024-06-03,0.3499999940395355,0.3499999940395355,0.36000001430511475,0.3499999940395355,0.36000001430511475,2483000
2024-06-04,0.3449999988079071,0.3449999988079071,0.3499999940395355,0.3400000035762787,0.3449999988079071,3178000
2024-06-05,0.3499999940395355,0.3499999940395355,0.35499998927116394,0.3449999988079071,0.3449999988079071,1781000
2024-06-06,0.3400000035762787,0.3400000035762787,0.3499999940395355,0.3400000035762787,0.3449999988079071,1658000
2024-06-07,0.3499999940395355,0.3499999940395355,0.3499999940395355,0.33500000834465027,0.3400000035762787,1179000
2024-06-11,0.3449999988079071,0.3449999988079071,0.35499998927116394,0.3400000035762787,0.3499999940395355,3381000
2024-06-12,0.3449999988079071,0.3449999988079071,0.3499999940395355,0.3400000035762787,0.3400000035762787,525000
2024-06-13,0.3199999928474426,0.3199999928474426,0.3499999940395355,0.3149999976158142,0.3449999988079071,3832000
2024-06-14,0.33000001311302185,0.33000001311302185,0.33500000834465027,0.32499998807907104,0.32499998807907104,879000
2024-06-17,0.33000001311302185,0.33000001311302185,0.33000001311302185,0.3199999928474426,0.33000001311302185,1820000
2024-06-18,0.3149999976158142,0.3149999976158142,0.33000001311302185,0.3149999976158142,0.3199999928474426,1210000
2024-06-19,0.3050000071525574,0.3050000071525574,0.32499998807907104,0.30000001192092896,0.3149999976158142,2687000
2024-06-20,0.3050000071525574,0.3050000071525574,0.3199999928474426,0.30000001192092896,0.3050000071525574,3415000
2024-06-21,0.3050000071525574,0.3050000071525574,0.3100000023841858,0.3050000071525574,0.3100000023841858,630000
2024-06-24,0.3050000071525574,0.3050000071525574,0.3149999976158142,0.3050000071525574,0.3050000071525574,2027000
2024-06-25,0.3050000071525574,0.3050000071525574,0.3100000023841858,0.30000001192092896,0.3050000071525574,1395000
2024-06-26,0.29499998688697815,0.29499998688697815,0.3050000071525574,0.28999999165534973,0.30000001192092896,3174000
2024-06-27,0.29499998688697815,0.29499998688697815,0.3050000071525574,0.28999999165534973,0.28999999165534973,3093000
2024-06-28,0.28999999165534973,0.28999999165534973,0.30000001192092896,0.28999999165534973,0.30000001192092896,1526000
2024-07-02,0.2849999964237213,0.2849999964237213,0.30000001192092896,0.2800000011920929,0.29499998688697815,2210000
2024-07-03,0.29499998688697815,0.29499998688697815,0.3050000071525574,0.2849999964237213,0.2849999964237213,1714000
2024-07-04,0.28999999165534973,0.28999999165534973,0.29499998688697815,0.28999999165534973,0.28999999165534973,751000
2024-07-05,0.28999999165534973,0.28999999165534973,0.29499998688697815,0.28999999165534973,0.29499998688697815,822000
2024-07-08,0.2849999964237213,0.2849999964237213,0.29499998688697815,0.2800000011920929,0.28999999165534973,1146000
2024-07-09,0.2849999964237213,0.2849999964237213,0.2849999964237213,0.2800000011920929,0.2849999964237213,1015000
2024-07-10,0.2849999964237213,0.2849999964237213,0.28999999165534973,0.2800000011920929,0.28999999165534973,973000
2024-07-11,0.2849999964237213,0.2849999964237213,0.29499998688697815,0.2849999964237213,0.2849999964237213,1199000
2024-07-12,0.2849999964237213,0.2849999964237213,0.29499998688697815,0.2849999964237213,0.29499998688697815,1309000
2024-07-15,0.2849999964237213,0.2849999964237213,0.28999999165534973,0.2849999964237213,0.2849999964237213,931000
2024-07-16,0.2750000059604645,0.2750000059604645,0.28999999165534973,0.2750000059604645,0.28999999165534973,3383000
2024-07-17,0.2750000059604645,0.2750000059604645,0.28999999165534973,0.2750000059604645,0.2800000011920929,2525000
2024-07-18,0.29499998688697815,0.29499998688697815,0.29499998688697815,0.2800000011920929,0.2800000011920929,1261000
2024-07-19,0.29499998688697815,0.29499998688697815,0.3050000071525574,0.2849999964237213,0.2849999964237213,1401000
2024-07-22,0.2849999964237213,0.2849999964237213,0.29499998688697815,0.2849999964237213,0.28999999165534973,1050000
2024-07-23,0.2849999964237213,0.2849999964237213,0.29499998688697815,0.2849999964237213,0.28999999165534973,840000
2024-07-24,0.2800000011920929,0.2800000011920929,0.28999999165534973,0.2800000011920929,0.2849999964237213,733000
2024-07-25,0.27000001072883606,0.27000001072883606,0.2800000011920929,0.27000001072883606,0.2800000011920929,1582000
2024-07-26,0.27000001072883606,0.27000001072883606,0.2750000059604645,0.26499998569488525,0.27000001072883606,1015000
2024-07-29,0.27000001072883606,0.27000001072883606,0.2750000059604645,0.27000001072883606,0.27000001072883606,415000
2024-07-30,0.2750000059604645,0.2750000059604645,0.2750000059604645,0.27000001072883606,0.27000001072883606,244000
2024-07-31,0.2800000011920929,0.2800000011920929,0.2849999964237213,0.2750000059604645,0.2750000059604645,1193000
2024-08-01,0.2800000011920929,0.2800000011920929,0.28999999165534973,0.2800000011920929,0.28999999165534973,876000
2024-08-02,0.2750000059604645,0.2750000059604645,0.2800000011920929,0.27000001072883606,0.2750000059604645,1309000
2024-08-05,0.27000001072883606,0.27000001072883606,0.2800000011920929,0.27000001072883606,0.27000001072883606,2514000
2024-08-06,0.2750000059604645,0.2750000059604645,0.2750000059604645,0.27000001072883606,0.2750000059604645,299000
2024-08-07,0.27000001072883606,0.27000001072883606,0.2750000059604645,0.27000001072883606,0.27000001072883606,1824000
2024-08-08,0.2750000059604645,0.2750000059604645,0.2800000011920929,0.27000001072883606,0.27000001072883606,2092000
2024-08-09,0.28999999165534973,0.28999999165534973,0.29499998688697815,0.2800000011920929,0.2800000011920929,3420000
2024-08-12,0.28999999165534973,0.28999999165534973,0.28999999165534973,0.2800000011920929,0.28999999165534973,707000
2024-08-13,0.28999999165534973,0.28999999165534973,0.28999999165534973,0.2849999964237213,0.28999999165534973,595000
2024-08-14,0.2849999964237213,0.2849999964237213,0.28999999165534973,0.2849999964237213,0.28999999165534973,889000
2024-08-15,0.28999999165534973,0.28999999165534973,0.28999999165534973,0.2849999964237213,0.2849999964237213,1519000
2024-08-16,0.2849999964237213,0.2849999964237213,0.29499998688697815,0.2849999964237213,0.2849999964237213,787000
2024-08-19,0.2849999964237213,0.2849999964237213,0.28999999165534973,0.2849999964237213,0.2849999964237213,1007000
2024-08-20,0.2750000059604645,0.2750000059604645,0.28999999165534973,0.27000001072883606,0.2849999964237213,4873000
2024-08-21,0.27000001072883606,0.27000001072883606,0.2750000059604645,0.27000001072883606,0.2750000059604645,862000
2024-08-22,0.27000001072883606,0.27000001072883606,0.2750000059604645,0.27000001072883606,0.2750000059604645,470000
2024-08-23,0.27000001072883606,0.27000001072883606,0.2750000059604645,0.26499998569488525,0.27000001072883606,3017000
2024-08-26,0.2800000011920929,0.2800000011920929,0.2800000011920929,0.2750000059604645,0.2750000059604645,935000
2024-08-27,0.28999999165534973,0.28999999165534973,0.28999999165534973,0.2800000011920929,0.2849999964237213,993000
2024-08-28,0.2849999964237213,0.2849999964237213,0.29499998688697815,0.2800000011920929,0.28999999165534973,835000
2024-08-29,0.2849999964237213,0.2849999964237213,0.28999999165534973,0.2800000011920929,0.2849999964237213,1124000
2024-08-30,0.28999999165534973,0.28999999165534973,0.28999999165534973,0.2849999964237213,0.28999999165534973,771000
2024-09-02,0.2800000011920929,0.2800000011920929,0.28999999165534973,0.2800000011920929,0.28999999165534973,1296000
2024-09-03,0.2750000059604645,0.2750000059604645,0.2849999964237213,0.2750000059604645,0.2849999964237213,1560000
2024-09-04,0.2750000059604645,0.2750000059604645,0.2800000011920929,0.2750000059604645,0.2750000059604645,1451000
2024-09-05,0.2750000059604645,0.2750000059604645,0.2800000011920929,0.2750000059604645,0.2750000059604645,157000
2024-09-09,0.27000001072883606,0.27000001072883606,0.2750000059604645,0.27000001072883606,0.2750000059604645,644000
2024-09-10,0.2800000011920929,0.2800000011920929,0.2800000011920929,0.27000001072883606,0.2800000011920929,320000
2024-09-11,0.2750000059604645,0.2750000059604645,0.2800000011920929,0.27000001072883606,0.2800000011920929,341000
2024-09-12,0.27000001072883606,0.27000001072883606,0.27000001072883606,0.27000001072883606,0.27000001072883606,0
2024-09-13,0.27000001072883606,0.27000001072883606,0.2750000059604645,0.27000001072883606,0.2750000059604645,804000
2024-09-16,0.27000001072883606,0.27000001072883606,0.27000001072883606,0.27000001072883606,0.27000001072883606,124000
2024-09-17,0.2750000059604645,0.2750000059604645,0.2750000059604645,0.27000001072883606,0.27000001072883606,867000
2024-09-19,0.27000001072883606,0.27000001072883606,0.2800000011920929,0.27000001072883606,0.2800000011920929,1636000
2024-09-20,0.27000001072883606,0.27000001072883606,0.2750000059604645,0.27000001072883606,0.2750000059604645,185000
2024-09-23,0.27000001072883606,0.27000001072883606,0.27000001072883606,0.26499998569488525,0.27000001072883606,4341000
2024-09-24,0.2750000059604645,0.2750000059604645,0.2800000011920929,0.27000001072883606,0.27000001072883606,2048000
2024-09-25,0.2849999964237213,0.2849999964237213,0.28999999165534973,0.2800000011920929,0.2849999964237213,3464000
2024-09-26,0.2849999964237213,0.2849999964237213,0.28999999165534973,0.2800000011920929,0.2849999964237213,6982000
2024-09-27,0.29499998688697815,0.29499998688697815,0.3050000071525574,0.2849999964237213,0.28999999165534973,8189000
2024-09-30,0.3199999928474426,0.3199999928474426,0.33000001311302185,0.3050000071525574,0.3050000071525574,8967000
2024-10-02,0.38999998569488525,0.38999998569488525,0.41499999165534973,0.33000001311302185,0.3400000035762787,28357000
2024-10-03,0.4300000071525574,0.4300000071525574,0.4399999976158142,0.3700000047683716,0.4000000059604645,26464000
2024-10-04,0.48500001430511475,0.48500001430511475,0.48500001430511475,0.4099999964237213,0.4300000071525574,30343000
2024-10-07,0.550000011920929,0.550000011920929,0.5699999928474426,0.4749999940395355,0.47999998927116394,26234000
2024-10-08,0.4300000071525574,0.4300000071525574,0.5600000023841858,0.4300000071525574,0.5600000023841858,23255000
2024-10-09,0.4000000059604645,0.4000000059604645,0.44999998807907104,0.375,0.44999998807907104,10304000
2024-10-10,0.38999998569488525,0.38999998569488525,0.41999998688697815,0.38999998569488525,0.4050000011920929,6672000
2024-10-14,0.4099999964237213,0.4099999964237213,0.4350000023841858,0.38999998569488525,0.39500001072883606,7601000
2024-10-15,0.375,0.375,0.4099999964237213,0.36500000953674316,0.4099999964237213,7552000
2024-10-16,0.375,0.375,0.38499999046325684,0.36000001430511475,0.36500000953674316,3742000
2024-10-17,0.35499998927116394,0.35499998927116394,0.38499999046325684,0.35499998927116394,0.375,4806000
2024-10-18,0.3799999952316284,0.3799999952316284,0.3799999952316284,0.35499998927116394,0.35499998927116394,5010000
2024-10-21,0.375,0.375,0.38499999046325684,0.375,0.3799999952316284,2668000
2024-10-22,0.375,0.375,0.3799999952316284,0.3700000047683716,0.375,2093000
2024-10-23,0.36500000953674316,0.36500000953674316,0.3799999952316284,0.36500000953674316,0.375,2575000
2024-10-24,0.3700000047683716,0.3700000047683716,0.3799999952316284,0.3700000047683716,0.3700000047683716,2035000
2024-10-25,0.3700000047683716,0.3700000047683716,0.3799999952316284,0.3700000047683716,0.3700000047683716,1254000
2024-10-28,0.3700000047683716,0.3700000047683716,0.375,0.36500000953674316,0.3700000047683716,1113000
2024-10-29,0.36500000953674316,0.36500000953674316,0.3700000047683716,0.36500000953674316,0.3700000047683716,1472000
2024-10-30,0.36500000953674316,0.36500000953674316,0.375,0.36000001430511475,0.3700000047683716,1258000
2024-10-31,0.36500000953674316,0.36500000953674316,0.38499999046325684,0.36000001430511475,0.3700000047683716,3277000
2024-11-01,0.36000001430511475,0.36000001430511475,0.3700000047683716,0.36000001430511475,0.36500000953674316,1764000
2024-11-04,0.36500000953674316,0.36500000953674316,0.3700000047683716,0.36500000953674316,0.36500000953674316,2094000
2024-11-05,0.375,0.375,0.3799999952316284,0.36500000953674316,0.3700000047683716,1604000
2024-11-06,0.3700000047683716,0.3700000047683716,0.3799999952316284,0.36500000953674316,0.3700000047683716,1845000
2024-11-07,0.38499999046325684,0.38499999046325684,0.4000000059604645,0.36000001430511475,0.3700000047683716,4704000
2024-11-08,0.38499999046325684,0.38499999046325684,0.39500001072883606,0.3799999952316284,0.38999998569488525,2178000
2024-11-11,0.3700000047683716,0.3700000047683716,0.38499999046325684,0.3700000047683716,0.38499999046325684,1445000
2024-11-12,0.36500000953674316,0.36500000953674316,0.375,0.36500000953674316,0.375,1595000
2024-11-13,0.36500000953674316,0.36500000953674316,0.36500000953674316,0.36000001430511475,0.36500000953674316,1062000
2024-11-14,0.3499999940395355,0.3499999940395355,0.36500000953674316,0.3499999940395355,0.36500000953674316,2567000
2024-11-15,0.35499998927116394,0.35499998927116394,0.36000001430511475,0.3499999940395355,0.3499999940395355,1604000
2024-11-18,0.36000001430511475,0.36000001430511475,0.36500000953674316,0.35499998927116394,0.35499998927116394,1965000
2024-11-19,0.375,0.375,0.4000000059604645,0.36000001430511475,0.36000001430511475,5288000
2024-11-20,0.3700000047683716,0.3700000047683716,0.3700000047683716,0.36500000953674316,0.3700000047683716,1184000
2024-11-21,0.36500000953674316,0.36500000953674316,0.3799999952316284,0.36500000953674316,0.3700000047683716,706000
2024-11-22,0.3449999988079071,0.3449999988079071,0.36500000953674316,0.3449999988079071,0.36500000953674316,2477000
2024-11-25,0.3449999988079071,0.3449999988079071,0.3499999940395355,0.3400000035762787,0.3449999988079071,764000
2024-11-26,0.3400000035762787,0.3400000035762787,0.3499999940395355,0.33500000834465027,0.3499999940395355,618000
2024-11-27,0.3400000035762787,0.3400000035762787,0.3400000035762787,0.33000001311302185,0.3400000035762787,1295000
2024-11-28,0.3400000035762787,0.3400000035762787,0.35499998927116394,0.3400000035762787,0.3400000035762787,2121000
2024-11-29,0.3499999940395355,0.3499999940395355,0.35499998927116394,0.3499999940395355,0.3499999940395355,1051000
2024-12-02,0.36000001430511475,0.36000001430511475,0.36500000953674316,0.3499999940395355,0.35499998927116394,973000
2024-12-03,0.3700000047683716,0.3700000047683716,0.375,0.35499998927116394,0.36000001430511475,1150000
2024-12-04,0.3700000047683716,0.3700000047683716,0.38499999046325684,0.3700000047683716,0.375,2476000
2024-12-05,0.3700000047683716,0.3700000047683716,0.3799999952316284,0.3700000047683716,0.3799999952316284,1076000
2024-12-06,0.36500000953674316,0.36500000953674316,0.375,0.36500000953674316,0.3700000047683716,1114000
2024-12-09,0.3700000047683716,0.3700000047683716,0.375,0.36000001430511475,0.36500000953674316,1041000
2024-12-10,0.3700000047683716,0.3700000047683716,0.38499999046325684,0.3700000047683716,0.3799999952316284,2434000
2024-12-11,0.36500000953674316,0.36500000953674316,0.375,0.36000001430511475,0.3700000047683716,3056000
2024-12-12,0.36500000953674316,0.36500000953674316,0.3700000047683716,0.36000001430511475,0.36500000953674316,959000
2024-12-13,0.36000001430511475,0.36000001430511475,0.375,0.36000001430511475,0.375,946000
