Date,Adj Close,Close,High,Low,Open,Volume
2019-10-22,0.4126567840576172,0.5699999928474426,0.7200000286102295,0.5,0.550000011920929,302670000
2019-10-23,0.4416152238845825,0.6100000143051147,0.699999988079071,0.5799999833106995,0.6000000238418579,74940000
2019-10-24,0.3981776535511017,0.550000011920929,0.6200000047683716,0.5,0.6100000143051147,24330000
2019-10-25,0.40541723370552063,0.5600000023841858,0.5699999928474426,0.5199999809265137,0.5600000023841858,9360000
2019-10-28,0.39093807339668274,0.5400000214576721,0.5799999833106995,0.5299999713897705,0.5299999713897705,4100000
2019-10-29,0.3764588236808777,0.5199999809265137,0.5400000214576721,0.5199999809265137,0.5400000214576721,5930000
2019-10-30,0.39093807339668274,0.5400000214576721,0.5699999928474426,0.5199999809265137,0.5199999809265137,4650000
2019-10-31,0.40541723370552063,0.5600000023841858,0.5699999928474426,0.5400000214576721,0.550000011920929,2760000
2019-11-01,0.3981776535511017,0.550000011920929,0.5600000023841858,0.5400000214576721,0.5600000023841858,1920000
2019-11-04,0.38369840383529663,0.5299999713897705,0.550000011920929,0.5299999713897705,0.550000011920929,3660000
2019-11-05,0.39093807339668274,0.5400000214576721,0.550000011920929,0.5299999713897705,0.5299999713897705,3050000
2019-11-06,0.3764588236808777,0.5199999809265137,0.5400000214576721,0.5199999809265137,0.5400000214576721,2040000
2019-11-07,0.42713603377342224,0.5899999737739563,0.6600000262260437,0.5299999713897705,0.550000011920929,24160000
2019-11-08,0.47781315445899963,0.6600000262260437,0.6800000071525574,0.6000000238418579,0.6100000143051147,11600000
2019-11-11,0.48505276441574097,0.6700000166893005,0.7300000190734863,0.6299999952316284,0.6600000262260437,12590000
2019-11-12,0.47781315445899963,0.6600000262260437,0.7099999785423279,0.6100000143051147,0.6800000071525574,7790000
2019-11-13,0.42713603377342224,0.5899999737739563,0.6700000166893005,0.5799999833106995,0.6299999952316284,5710000
2019-11-14,0.4126567840576172,0.5699999928474426,0.6100000143051147,0.5400000214576721,0.5799999833106995,9840000
2019-11-15,0.40541723370552063,0.5600000023841858,0.5799999833106995,0.5400000214576721,0.5699999928474426,6900000
2019-11-18,0.38369840383529663,0.5299999713897705,0.5699999928474426,0.5199999809265137,0.5699999928474426,7380000
2019-11-19,0.39093807339668274,0.5400000214576721,0.5400000214576721,0.5199999809265137,0.5299999713897705,2860000
2019-11-20,0.38369840383529663,0.5299999713897705,0.5699999928474426,0.5199999809265137,0.5299999713897705,16440000
2019-11-21,0.39093807339668274,0.5400000214576721,0.550000011920929,0.5299999713897705,0.5400000214576721,9760000
2019-11-22,0.38369840383529663,0.5299999713897705,0.5400000214576721,0.5199999809265137,0.5299999713897705,14340000
2019-11-25,0.38369840383529663,0.5299999713897705,0.5400000214576721,0.5199999809265137,0.5299999713897705,3930000
2019-11-26,0.38369840383529663,0.5299999713897705,0.5299999713897705,0.5199999809265137,0.5299999713897705,13870000
2019-11-27,0.4343756139278412,0.6000000238418579,0.6299999952316284,0.5199999809265137,0.5299999713897705,17800000
2019-11-28,0.40541723370552063,0.5600000023841858,0.6000000238418579,0.5400000214576721,0.6000000238418579,2720000
2019-11-29,0.4126567840576172,0.5699999928474426,0.5899999737739563,0.5400000214576721,0.5600000023841858,4600000
2019-12-02,0.40541723370552063,0.5600000023841858,0.5799999833106995,0.550000011920929,0.5799999833106995,2240000
2019-12-03,0.4126567840576172,0.5699999928474426,0.5899999737739563,0.5600000023841858,0.5600000023841858,1180000
2019-12-04,0.39093807339668274,0.5400000214576721,0.5799999833106995,0.5400000214576721,0.5799999833106995,1740000
2019-12-05,0.3981776535511017,0.550000011920929,0.5600000023841858,0.5400000214576721,0.550000011920929,760000
2019-12-06,0.39093807339668274,0.5400000214576721,0.5600000023841858,0.5400000214576721,0.5400000214576721,1410000
2019-12-09,0.3981776535511017,0.550000011920929,0.5600000023841858,0.5400000214576721,0.5400000214576721,820000
2019-12-10,0.39093807339668274,0.5400000214576721,0.550000011920929,0.5400000214576721,0.550000011920929,720000
2019-12-11,0.39093807339668274,0.5400000214576721,0.5400000214576721,0.5299999713897705,0.5400000214576721,900000
2019-12-12,0.39093807339668274,0.5400000214576721,0.5400000214576721,0.5400000214576721,0.5400000214576721,290000
2019-12-13,0.40541723370552063,0.5600000023841858,0.5699999928474426,0.5299999713897705,0.5400000214576721,7370000
2019-12-16,0.4198963940143585,0.5799999833106995,0.6000000238418579,0.5699999928474426,0.5699999928474426,6180000
2019-12-17,0.4126567840576172,0.5699999928474426,0.5899999737739563,0.5600000023841858,0.5899999737739563,820000
2019-12-18,0.4198963940143585,0.5799999833106995,0.5799999833106995,0.5699999928474426,0.5799999833106995,1160000
2019-12-19,0.42713603377342224,0.5899999737739563,0.5899999737739563,0.5699999928474426,0.5899999737739563,520000
2019-12-20,0.4198963940143585,0.5799999833106995,0.5899999737739563,0.5699999928474426,0.5899999737739563,260000
2019-12-23,0.42713603377342224,0.5899999737739563,0.5899999737739563,0.5799999833106995,0.5799999833106995,370000
2019-12-24,0.4198963940143585,0.5799999833106995,0.5799999833106995,0.5799999833106995,0.5799999833106995,100000
2019-12-27,0.4126567840576172,0.5699999928474426,0.5699999928474426,0.5699999928474426,0.5699999928474426,350000
2019-12-30,0.4126567840576172,0.5699999928474426,0.5699999928474426,0.5699999928474426,0.5699999928474426,20000
2019-12-31,0.40541723370552063,0.5600000023841858,0.5600000023841858,0.550000011920929,0.5600000023841858,710000
2020-01-02,0.40541723370552063,0.5600000023841858,0.5699999928474426,0.550000011920929,0.5699999928474426,300000
2020-01-03,0.3981776535511017,0.550000011920929,0.5699999928474426,0.550000011920929,0.5699999928474426,500000
2020-01-06,0.3981776535511017,0.550000011920929,0.550000011920929,0.5400000214576721,0.550000011920929,260000
2020-01-07,0.39093807339668274,0.5400000214576721,0.5400000214576721,0.5299999713897705,0.5400000214576721,1020000
2020-01-08,0.39093807339668274,0.5400000214576721,0.550000011920929,0.5299999713897705,0.5299999713897705,2210000
2020-01-09,0.38369840383529663,0.5299999713897705,0.5400000214576721,0.5299999713897705,0.5299999713897705,890000
2020-01-10,0.39093807339668274,0.5400000214576721,0.5400000214576721,0.5299999713897705,0.5299999713897705,2760000
2020-01-13,0.38369840383529663,0.5299999713897705,0.5400000214576721,0.5299999713897705,0.5299999713897705,3570000
2020-01-14,0.39093807339668274,0.5400000214576721,0.550000011920929,0.5299999713897705,0.5299999713897705,3130000
2020-01-15,0.38369840383529663,0.5299999713897705,0.5400000214576721,0.5299999713897705,0.5299999713897705,1940000
2020-01-16,0.39093807339668274,0.5400000214576721,0.5400000214576721,0.5299999713897705,0.5299999713897705,1690000
2020-01-17,0.38369840383529663,0.5299999713897705,0.5400000214576721,0.5299999713897705,0.5299999713897705,2700000
2020-01-20,0.38369840383529663,0.5299999713897705,0.5400000214576721,0.5299999713897705,0.5400000214576721,920000
2020-01-21,0.38369840383529663,0.5299999713897705,0.5400000214576721,0.5299999713897705,0.5299999713897705,2730000
2020-01-22,0.38369840383529663,0.5299999713897705,0.5299999713897705,0.5299999713897705,0.5299999713897705,460000
2020-01-23,0.38369840383529663,0.5299999713897705,0.5400000214576721,0.5299999713897705,0.5299999713897705,2530000
2020-01-24,0.38369840383529663,0.5299999713897705,0.5299999713897705,0.5299999713897705,0.5299999713897705,490000
2020-01-29,0.38369840383529663,0.5299999713897705,0.5400000214576721,0.5299999713897705,0.5299999713897705,3440000
2020-01-30,0.38369840383529663,0.5299999713897705,0.5400000214576721,0.5299999713897705,0.5299999713897705,3370000
2020-01-31,0.38369840383529663,0.5299999713897705,0.5400000214576721,0.5299999713897705,0.5400000214576721,3530000
2020-02-03,0.38369840383529663,0.5299999713897705,0.5400000214576721,0.5299999713897705,0.5299999713897705,4360000
2020-02-04,0.4416152238845825,0.6100000143051147,0.6200000047683716,0.5299999713897705,0.5299999713897705,3940000
2020-02-05,0.6081258058547974,0.8399999737739563,0.8500000238418579,0.6200000047683716,0.6200000047683716,33787000
2020-02-06,0.5212507247924805,0.7200000286102295,0.8999999761581421,0.7200000286102295,0.8799999952316284,14860000
2020-02-07,0.4705735146999359,0.6499999761581421,0.7699999809265137,0.5799999833106995,0.7300000190734863,8827000
2020-02-10,0.46333399415016174,0.6399999856948853,0.6499999761581421,0.6299999952316284,0.6499999761581421,1540000
2020-02-11,0.49229225516319275,0.6800000071525574,0.7200000286102295,0.6499999761581421,0.6499999761581421,4900000
2020-02-12,0.48505276441574097,0.6700000166893005,0.7200000286102295,0.6399999856948853,0.6899999976158142,2680000
2020-02-13,0.5140110850334167,0.7099999785423279,0.7200000286102295,0.6600000262260437,0.6800000071525574,2360000
2020-02-14,0.49953192472457886,0.6899999976158142,0.7599999904632568,0.6899999976158142,0.7200000286102295,1700000
2020-02-17,0.49953192472457886,0.6899999976158142,0.699999988079071,0.6800000071525574,0.6899999976158142,1590000
2020-02-18,0.49229225516319275,0.6800000071525574,0.6800000071525574,0.6600000262260437,0.6700000166893005,120000
2020-02-19,0.47781315445899963,0.6600000262260437,0.6800000071525574,0.6499999761581421,0.6800000071525574,450000
2020-02-20,0.4705735146999359,0.6499999761581421,0.6600000262260437,0.6499999761581421,0.6600000262260437,490000
2020-02-21,0.4560943841934204,0.6299999952316284,0.6399999856948853,0.6299999952316284,0.6399999856948853,1420000
2020-02-24,0.46333399415016174,0.6399999856948853,0.6499999761581421,0.6399999856948853,0.6399999856948853,590000
2020-02-25,0.49229225516319275,0.6800000071525574,0.6899999976158142,0.6200000047683716,0.6399999856948853,690000
2020-02-26,0.49229225516319275,0.6800000071525574,0.699999988079071,0.6700000166893005,0.6800000071525574,330000
2020-02-27,0.4705735146999359,0.6499999761581421,0.6600000262260437,0.6499999761581421,0.6499999761581421,380000
2020-02-28,0.4705735146999359,0.6499999761581421,0.6399999856948853,0.6299999952316284,0.6299999952316284,320000
2020-03-02,0.46333399415016174,0.6399999856948853,0.6399999856948853,0.6399999856948853,0.6399999856948853,0
2020-03-03,0.4705735146999359,0.6499999761581421,0.6700000166893005,0.6499999761581421,0.6499999761581421,260000
2020-03-04,0.4705735146999359,0.6499999761581421,0.6499999761581421,0.6499999761581421,0.6499999761581421,0
2020-03-05,0.4705735146999359,0.6499999761581421,0.6600000262260437,0.6499999761581421,0.6499999761581421,190000
2020-03-06,0.46333399415016174,0.6399999856948853,0.6499999761581421,0.6299999952316284,0.6499999761581421,160000
2020-03-09,0.4560943841934204,0.6299999952316284,0.6499999761581421,0.6299999952316284,0.6499999761581421,580000
2020-03-10,0.4488547444343567,0.6200000047683716,0.6299999952316284,0.6200000047683716,0.6299999952316284,620000
2020-03-11,0.4488547444343567,0.6200000047683716,0.6299999952316284,0.6100000143051147,0.6200000047683716,540000
2020-03-12,0.4198963940143585,0.5799999833106995,0.5899999737739563,0.5600000023841858,0.5899999737739563,740000
2020-03-13,0.40541723370552063,0.5600000023841858,0.550000011920929,0.5299999713897705,0.550000011920929,900000
2020-03-16,0.40541723370552063,0.5600000023841858,0.5600000023841858,0.550000011920929,0.550000011920929,240000
2020-03-17,0.40541723370552063,0.5600000023841858,0.5600000023841858,0.550000011920929,0.550000011920929,1050000
2020-03-18,0.3619796931743622,0.5,0.5600000023841858,0.5,0.550000011920929,590000
2020-03-19,0.3511202931404114,0.48500001430511475,0.48500001430511475,0.46000000834465027,0.4749999940395355,1140000
2020-03-20,0.3764588236808777,0.5199999809265137,0.5199999809265137,0.5,0.5,120000
2020-03-23,0.3764588236808777,0.5199999809265137,0.5199999809265137,0.5199999809265137,0.5199999809265137,0
2020-03-24,0.3764588236808777,0.5199999809265137,0.5199999809265137,0.5199999809265137,0.5199999809265137,80000
2020-03-25,0.3619796931743622,0.5,0.5199999809265137,0.5,0.5199999809265137,690000
2020-03-26,0.3619796931743622,0.5,0.5,0.5,0.5,60000
2020-03-27,0.4198963940143585,0.5799999833106995,0.5899999737739563,0.5099999904632568,0.5099999904632568,1810000
2020-03-30,0.4343756139278412,0.6000000238418579,0.6700000166893005,0.5600000023841858,0.5799999833106995,2300000
2020-03-31,0.4343756139278412,0.6000000238418579,0.6100000143051147,0.6000000238418579,0.6100000143051147,290000
2020-04-01,0.4343756139278412,0.6000000238418579,0.6000000238418579,0.5799999833106995,0.6000000238418579,20000
2020-04-02,0.42713603377342224,0.5899999737739563,0.6000000238418579,0.5699999928474426,0.6000000238418579,100000
2020-04-03,0.42713603377342224,0.5899999737739563,0.5899999737739563,0.5899999737739563,0.5899999737739563,0
2020-04-06,0.42713603377342224,0.5899999737739563,0.6000000238418579,0.5899999737739563,0.6000000238418579,70000
2020-04-07,0.4198963940143585,0.5799999833106995,0.5899999737739563,0.550000011920929,0.5899999737739563,1490000
2020-04-08,0.4343756139278412,0.6000000238418579,0.6000000238418579,0.5600000023841858,0.5699999928474426,5160000
2020-04-09,0.4416152238845825,0.6100000143051147,0.6100000143051147,0.5899999737739563,0.6000000238418579,1560000
2020-04-14,0.4705735146999359,0.6499999761581421,0.6499999761581421,0.6200000047683716,0.6200000047683716,210000
2020-04-15,0.46333399415016174,0.6399999856948853,0.6600000262260437,0.6299999952316284,0.6499999761581421,1480000
2020-04-16,0.4488547444343567,0.6200000047683716,0.6499999761581421,0.6200000047683716,0.6299999952316284,1750000
2020-04-17,0.4343756139278412,0.6000000238418579,0.6100000143051147,0.6000000238418579,0.6100000143051147,1830000
2020-04-20,0.42713603377342224,0.5899999737739563,0.6000000238418579,0.5799999833106995,0.6000000238418579,410000
2020-04-21,0.4343756139278412,0.6000000238418579,0.6000000238418579,0.6000000238418579,0.6000000238418579,30000
2020-04-22,0.42713603377342224,0.5899999737739563,0.5899999737739563,0.5799999833106995,0.5899999737739563,130000
2020-04-23,0.4343756139278412,0.6000000238418579,0.6000000238418579,0.5799999833106995,0.5799999833106995,70000
2020-04-24,0.4198963940143585,0.5799999833106995,0.5799999833106995,0.550000011920929,0.5799999833106995,1110000
2020-04-27,0.4126567840576172,0.5699999928474426,0.5799999833106995,0.5600000023841858,0.5799999833106995,140000
2020-04-28,0.40541723370552063,0.5600000023841858,0.5600000023841858,0.550000011920929,0.550000011920929,830000
2020-04-29,0.40541723370552063,0.5600000023841858,0.5600000023841858,0.5600000023841858,0.5600000023841858,40000
2020-05-04,0.4198963940143585,0.5799999833106995,0.5799999833106995,0.550000011920929,0.5600000023841858,2410000
2020-05-05,0.4198963940143585,0.5799999833106995,0.5799999833106995,0.5799999833106995,0.5799999833106995,40000
2020-05-06,0.40541723370552063,0.5600000023841858,0.5699999928474426,0.5600000023841858,0.5600000023841858,80000
2020-05-07,0.40541723370552063,0.5600000023841858,0.5600000023841858,0.5600000023841858,0.5600000023841858,0
2020-05-08,0.4198963940143585,0.5799999833106995,0.5799999833106995,0.5600000023841858,0.5600000023841858,220000
2020-05-11,0.4126567840576172,0.5699999928474426,0.5799999833106995,0.5699999928474426,0.5799999833106995,120000
2020-05-12,0.4198963940143585,0.5799999833106995,0.5799999833106995,0.5799999833106995,0.5799999833106995,0
2020-05-13,0.4198963940143585,0.5799999833106995,0.5799999833106995,0.5799999833106995,0.5799999833106995,0
2020-05-14,0.4198963940143585,0.5799999833106995,0.5799999833106995,0.5799999833106995,0.5799999833106995,0
2020-05-15,0.4126567840576172,0.5699999928474426,0.5699999928474426,0.5699999928474426,0.5699999928474426,0
2020-05-18,0.42713603377342224,0.5899999737739563,0.5899999737739563,0.5899999737739563,0.5899999737739563,220000
2020-05-19,0.4198963940143585,0.5799999833106995,0.5799999833106995,0.5799999833106995,0.5799999833106995,0
2020-05-20,0.40541723370552063,0.5600000023841858,0.5699999928474426,0.5600000023841858,0.5600000023841858,250000
2020-05-21,0.40541723370552063,0.5600000023841858,0.5600000023841858,0.5600000023841858,0.5600000023841858,0
2020-05-22,0.3981776535511017,0.550000011920929,0.5600000023841858,0.5400000214576721,0.5400000214576721,270000
2020-05-25,0.4126567840576172,0.5699999928474426,0.5699999928474426,0.5699999928474426,0.5699999928474426,0
2020-05-26,0.4126567840576172,0.5699999928474426,0.5699999928474426,0.550000011920929,0.550000011920929,2490000
2020-05-27,0.42713603377342224,0.5899999737739563,0.6100000143051147,0.5799999833106995,0.5799999833106995,1940000
2020-05-28,0.42713603377342224,0.5899999737739563,0.6000000238418579,0.5899999737739563,0.6000000238418579,150000
2020-05-29,0.42713603377342224,0.5899999737739563,0.5899999737739563,0.5899999737739563,0.5899999737739563,550000
2020-06-01,0.4560943841934204,0.6299999952316284,0.6399999856948853,0.6000000238418579,0.6000000238418579,1330000
2020-06-02,0.46333399415016174,0.6399999856948853,0.6600000262260437,0.6399999856948853,0.6499999761581421,1240000
2020-06-03,0.4705735146999359,0.6499999761581421,0.6600000262260437,0.6499999761581421,0.6499999761581421,560000
2020-06-04,0.46333399415016174,0.6399999856948853,0.6399999856948853,0.6399999856948853,0.6399999856948853,0
2020-06-05,0.4488547444343567,0.6200000047683716,0.6299999952316284,0.5799999833106995,0.6299999952316284,910000
2020-06-08,0.4343756139278412,0.6000000238418579,0.6000000238418579,0.6000000238418579,0.6000000238418579,70000
2020-06-09,0.4343756139278412,0.6000000238418579,0.6200000047683716,0.5699999928474426,0.6100000143051147,680000
2020-06-10,0.4126567840576172,0.5699999928474426,0.6000000238418579,0.5699999928474426,0.5799999833106995,250000
2020-06-11,0.4198963940143585,0.5799999833106995,0.6000000238418579,0.5799999833106995,0.5799999833106995,100000
2020-06-12,0.4198963940143585,0.5799999833106995,0.5799999833106995,0.5799999833106995,0.5799999833106995,20000
2020-06-15,0.4126567840576172,0.5699999928474426,0.5699999928474426,0.5699999928474426,0.5699999928474426,870000
2020-06-16,0.4343756139278412,0.6000000238418579,0.6000000238418579,0.5899999737739563,0.5899999737739563,30000
2020-06-17,0.4343756139278412,0.6000000238418579,0.6000000238418579,0.6000000238418579,0.6000000238418579,0
2020-06-18,0.42713603377342224,0.5899999737739563,0.6000000238418579,0.5699999928474426,0.5699999928474426,400000
2020-06-19,0.42713603377342224,0.5899999737739563,0.6000000238418579,0.5899999737739563,0.6000000238418579,150000
2020-06-22,0.42713603377342224,0.5899999737739563,0.6000000238418579,0.5899999737739563,0.5899999737739563,110000
2020-06-23,0.4343756139278412,0.6000000238418579,0.6000000238418579,0.6000000238418579,0.6000000238418579,0
2020-06-24,0.4343756139278412,0.6000000238418579,0.6000000238418579,0.6000000238418579,0.6000000238418579,160000
2020-06-26,0.4343756139278412,0.6000000238418579,0.6000000238418579,0.6000000238418579,0.6000000238418579,0
2020-06-29,0.4343756139278412,0.6000000238418579,0.6000000238418579,0.6000000238418579,0.6000000238418579,30000
2020-06-30,0.4343756139278412,0.6000000238418579,0.6000000238418579,0.6000000238418579,0.6000000238418579,0
2020-07-02,0.4416152238845825,0.6100000143051147,0.6399999856948853,0.6000000238418579,0.6000000238418579,9470000
2020-07-03,0.4343756139278412,0.6000000238418579,0.6000000238418579,0.6000000238418579,0.6000000238418579,0
2020-07-06,0.42713603377342224,0.5899999737739563,0.5899999737739563,0.5699999928474426,0.5699999928474426,170000
2020-07-07,0.40541723370552063,0.5600000023841858,0.5899999737739563,0.5600000023841858,0.5799999833106995,770000
2020-07-08,0.4126567840576172,0.5699999928474426,0.5799999833106995,0.5600000023841858,0.5600000023841858,580000
2020-07-09,0.4198963940143585,0.5799999833106995,0.5899999737739563,0.5799999833106995,0.5899999737739563,60000
2020-07-10,0.4198963940143585,0.5799999833106995,0.5799999833106995,0.550000011920929,0.5600000023841858,250000
2020-07-13,0.4198963940143585,0.5799999833106995,0.5799999833106995,0.5699999928474426,0.5799999833106995,80000
2020-07-14,0.4198963940143585,0.5799999833106995,0.5899999737739563,0.5799999833106995,0.5799999833106995,60000
2020-07-15,0.42713603377342224,0.5899999737739563,0.5899999737739563,0.5600000023841858,0.5699999928474426,190000
2020-07-16,0.40541723370552063,0.5600000023841858,0.5699999928474426,0.5600000023841858,0.5699999928474426,90000
2020-07-17,0.4126567840576172,0.5699999928474426,0.5699999928474426,0.5699999928474426,0.5699999928474426,40000
2020-07-20,0.4126567840576172,0.5699999928474426,0.5699999928474426,0.5699999928474426,0.5699999928474426,0
2020-07-21,0.40541723370552063,0.5600000023841858,0.5899999737739563,0.5600000023841858,0.5600000023841858,70000
2020-07-22,0.40541723370552063,0.5600000023841858,0.5799999833106995,0.550000011920929,0.5799999833106995,150000
2020-07-23,0.42713603377342224,0.5899999737739563,0.5899999737739563,0.5600000023841858,0.5600000023841858,180000
2020-07-24,0.40541723370552063,0.5600000023841858,0.5600000023841858,0.550000011920929,0.5600000023841858,290000
2020-07-27,0.3981776535511017,0.550000011920929,0.5600000023841858,0.550000011920929,0.5600000023841858,100000
2020-07-28,0.3981776535511017,0.550000011920929,0.550000011920929,0.550000011920929,0.550000011920929,130000
2020-07-29,0.3981776535511017,0.550000011920929,0.5600000023841858,0.5299999713897705,0.5400000214576721,360000
2020-07-30,0.3981776535511017,0.550000011920929,0.550000011920929,0.550000011920929,0.550000011920929,0
2020-07-31,0.3981776535511017,0.550000011920929,0.550000011920929,0.550000011920929,0.550000011920929,140000
2020-08-03,0.42713603377342224,0.5899999737739563,0.5899999737739563,0.550000011920929,0.550000011920929,70000
2020-08-04,0.4198963940143585,0.5799999833106995,0.6000000238418579,0.5799999833106995,0.6000000238418579,190000
2020-08-05,0.4198963940143585,0.5799999833106995,0.5899999737739563,0.5799999833106995,0.5799999833106995,120000
2020-08-06,0.40541723370552063,0.5600000023841858,0.5799999833106995,0.5600000023841858,0.5799999833106995,620000
2020-08-07,0.4198963940143585,0.5799999833106995,0.5899999737739563,0.5699999928474426,0.5699999928474426,620000
2020-08-10,0.4343756139278412,0.6000000238418579,0.6000000238418579,0.5600000023841858,0.5799999833106995,760000
2020-08-11,0.4126567840576172,0.5699999928474426,0.5799999833106995,0.5699999928474426,0.5799999833106995,380000
2020-08-12,0.4126567840576172,0.5699999928474426,0.5699999928474426,0.5699999928474426,0.5699999928474426,30000
2020-08-13,0.4126567840576172,0.5699999928474426,0.5699999928474426,0.5600000023841858,0.5600000023841858,60000
2020-08-14,0.40541723370552063,0.5600000023841858,0.5600000023841858,0.5600000023841858,0.5600000023841858,0
2020-08-17,0.40541723370552063,0.5600000023841858,0.5600000023841858,0.5600000023841858,0.5600000023841858,0
2020-08-18,0.40541723370552063,0.5600000023841858,0.5600000023841858,0.550000011920929,0.5600000023841858,190000
2020-08-19,0.42713603377342224,0.5899999737739563,0.5899999737739563,0.5600000023841858,0.5600000023841858,7410000
2020-08-20,0.40541723370552063,0.5600000023841858,0.6000000238418579,0.5600000023841858,0.5899999737739563,7930000
2020-08-21,0.3981776535511017,0.550000011920929,0.5600000023841858,0.550000011920929,0.550000011920929,100000
2020-08-24,0.3981776535511017,0.550000011920929,0.5600000023841858,0.5400000214576721,0.550000011920929,3540000
2020-08-25,0.3981776535511017,0.550000011920929,0.550000011920929,0.550000011920929,0.550000011920929,0
2020-08-26,0.3981776535511017,0.550000011920929,0.550000011920929,0.550000011920929,0.550000011920929,0
2020-08-27,0.3981776535511017,0.550000011920929,0.550000011920929,0.5299999713897705,0.5299999713897705,2100000
2020-08-28,0.39093807339668274,0.5400000214576721,0.5400000214576721,0.5299999713897705,0.5299999713897705,220000
2020-08-31,0.3619796931743622,0.5,0.5400000214576721,0.49000000953674316,0.5400000214576721,650000
2020-09-01,0.35835984349250793,0.4950000047683716,0.5,0.4950000047683716,0.5,410000
2020-09-02,0.3764588236808777,0.5199999809265137,0.5199999809265137,0.49000000953674316,0.49000000953674316,200000
2020-09-03,0.36921924352645874,0.5099999904632568,0.5099999904632568,0.5099999904632568,0.5099999904632568,10000
2020-09-04,0.36921924352645874,0.5099999904632568,0.5099999904632568,0.5,0.5099999904632568,250000
2020-09-07,0.36921924352645874,0.5099999904632568,0.5099999904632568,0.5099999904632568,0.5099999904632568,30000
2020-09-08,0.35474008321762085,0.49000000953674316,0.5,0.49000000953674316,0.5,330000
2020-09-09,0.35835984349250793,0.4950000047683716,0.4950000047683716,0.49000000953674316,0.4950000047683716,140000
2020-09-10,0.35474008321762085,0.49000000953674316,0.49000000953674316,0.49000000953674316,0.49000000953674316,0
2020-09-11,0.3619796931743622,0.5,0.5099999904632568,0.47999998927116394,0.47999998927116394,430000
2020-09-14,0.3619796931743622,0.5,0.5,0.5,0.5,130000
2020-09-15,0.3619796931743622,0.5,0.5,0.49000000953674316,0.4950000047683716,310000
2020-09-16,0.35474008321762085,0.49000000953674316,0.49000000953674316,0.49000000953674316,0.49000000953674316,10000
2020-09-17,0.3619796931743622,0.5,0.5,0.5,0.5,0
2020-09-18,0.3619796931743622,0.5,0.5,0.5,0.5,50000
2020-09-21,0.3619796931743622,0.5,0.5,0.5,0.5,0
2020-09-22,0.3619796931743622,0.5,0.5,0.5,0.5,0
2020-09-23,0.3619796931743622,0.5,0.5,0.5,0.5,80000
2020-09-24,0.3619796931743622,0.5,0.5,0.5,0.5,10000
2020-09-25,0.3619796931743622,0.5,0.5,0.4950000047683716,0.5,290000
2020-09-28,0.36575034260749817,0.48500001430511475,0.48500001430511475,0.48500001430511475,0.48500001430511475,0
2020-09-29,0.36575034260749817,0.48500001430511475,0.48500001430511475,0.48500001430511475,0.48500001430511475,100000
2020-09-30,0.36575034260749817,0.48500001430511475,0.48500001430511475,0.4749999940395355,0.48500001430511475,160000
2020-10-05,0.39214465022087097,0.5199999809265137,0.5199999809265137,0.5199999809265137,0.5199999809265137,0
2020-10-06,0.39214465022087097,0.5199999809265137,0.5199999809265137,0.5199999809265137,0.5199999809265137,0
2020-10-07,0.3846034109592438,0.5099999904632568,0.5099999904632568,0.5099999904632568,0.5099999904632568,0
2020-10-08,0.3770621716976166,0.5,0.5,0.5,0.5,80000
2020-10-09,0.3770621716976166,0.5,0.5,0.5,0.5,0
2020-10-12,0.3770621716976166,0.5,0.5,0.5,0.5,0
2020-10-14,0.3770621716976166,0.5,0.5,0.5,0.5,0
2020-10-15,0.3770621716976166,0.5,0.5,0.5,0.5,0
2020-10-16,0.3695209324359894,0.49000000953674316,0.49000000953674316,0.49000000953674316,0.49000000953674316,0
2020-10-19,0.3619796931743622,0.47999998927116394,0.47999998927116394,0.4749999940395355,0.4749999940395355,110000
2020-10-20,0.3619796931743622,0.47999998927116394,0.47999998927116394,0.47999998927116394,0.47999998927116394,20000
2020-10-21,0.346897155046463,0.46000000834465027,0.46000000834465027,0.46000000834465027,0.46000000834465027,30000
2020-10-22,0.346897155046463,0.46000000834465027,0.46000000834465027,0.46000000834465027,0.46000000834465027,0
2020-10-23,0.3619796931743622,0.47999998927116394,0.47999998927116394,0.47999998927116394,0.47999998927116394,50000
2020-10-27,0.3619796931743622,0.47999998927116394,0.47999998927116394,0.47999998927116394,0.47999998927116394,70000
2020-10-28,0.3619796931743622,0.47999998927116394,0.47999998927116394,0.47999998927116394,0.47999998927116394,10000
2020-10-29,0.3619796931743622,0.47999998927116394,0.47999998927116394,0.47999998927116394,0.47999998927116394,20000
2020-10-30,0.3619796931743622,0.47999998927116394,0.47999998927116394,0.47999998927116394,0.47999998927116394,0
2020-11-02,0.3619796931743622,0.47999998927116394,0.47999998927116394,0.47999998927116394,0.47999998927116394,0
2020-11-03,0.3619796931743622,0.47999998927116394,0.47999998927116394,0.4699999988079071,0.4749999940395355,5710000
2020-11-04,0.40722712874412537,0.5400000214576721,0.6000000238418579,0.5,0.5099999904632568,7690000
2020-11-05,0.41476836800575256,0.550000011920929,0.5799999833106995,0.550000011920929,0.550000011920929,6190000
2020-11-06,0.41476836800575256,0.550000011920929,0.550000011920929,0.5199999809265137,0.550000011920929,3540000
2020-11-09,0.41476836800575256,0.550000011920929,0.550000011920929,0.5400000214576721,0.550000011920929,560000
2020-11-10,0.3770621716976166,0.5,0.550000011920929,0.5,0.550000011920929,500000
2020-11-11,0.3770621716976166,0.5,0.5,0.4950000047683716,0.5,230000
2020-11-12,0.3770621716976166,0.5,0.5,0.5,0.5,0
2020-11-13,0.3695209324359894,0.49000000953674316,0.5,0.49000000953674316,0.5,110000
2020-11-16,0.3695209324359894,0.49000000953674316,0.49000000953674316,0.49000000953674316,0.49000000953674316,0
2020-11-17,0.39214465022087097,0.5199999809265137,0.5199999809265137,0.5199999809265137,0.5199999809265137,0
2020-11-18,0.39214465022087097,0.5199999809265137,0.5199999809265137,0.5199999809265137,0.5199999809265137,0
2020-11-19,0.39214465022087097,0.5199999809265137,0.5199999809265137,0.5199999809265137,0.5199999809265137,0
2020-11-20,0.39214465022087097,0.5199999809265137,0.5199999809265137,0.5199999809265137,0.5199999809265137,50000
2020-11-23,0.3695209324359894,0.49000000953674316,0.5099999904632568,0.49000000953674316,0.5099999904632568,1230000
2020-11-24,0.3846034109592438,0.5099999904632568,0.5099999904632568,0.5099999904632568,0.5099999904632568,70000
2020-11-25,0.3770621716976166,0.5,0.5,0.4950000047683716,0.4950000047683716,60000
2020-11-26,0.3770621716976166,0.5,0.5,0.5,0.5,0
2020-11-27,0.3770621716976166,0.5,0.5,0.5,0.5,70000
2020-11-30,0.3770621716976166,0.5,0.5,0.5,0.5,50000
2020-12-01,0.3770621716976166,0.5,0.5,0.5,0.5,0
2020-12-02,0.3770621716976166,0.5,0.5,0.5,0.5,0
2020-12-03,0.3770621716976166,0.5,0.5,0.5,0.5,90000
2020-12-04,0.3770621716976166,0.5,0.5,0.5,0.5,0
2020-12-07,0.3770621716976166,0.5,0.5,0.5,0.5,50000
2020-12-08,0.3770621716976166,0.5,0.5,0.5,0.5,0
2020-12-09,0.3770621716976166,0.5,0.5,0.5,0.5,0
2020-12-10,0.373291552066803,0.4950000047683716,0.4950000047683716,0.4950000047683716,0.4950000047683716,730000
2020-12-11,0.373291552066803,0.4950000047683716,0.4950000047683716,0.4950000047683716,0.4950000047683716,0
2020-12-14,0.373291552066803,0.4950000047683716,0.4950000047683716,0.4950000047683716,0.4950000047683716,0
2020-12-15,0.373291552066803,0.4950000047683716,0.4950000047683716,0.4399999976158142,0.48500001430511475,1000000
2020-12-16,0.373291552066803,0.4950000047683716,0.4950000047683716,0.4950000047683716,0.4950000047683716,0
2020-12-17,0.373291552066803,0.4950000047683716,0.4950000047683716,0.4950000047683716,0.4950000047683716,0
2020-12-18,0.373291552066803,0.4950000047683716,0.4950000047683716,0.49000000953674316,0.49000000953674316,130000
2020-12-21,0.3619796931743622,0.47999998927116394,0.49000000953674316,0.47999998927116394,0.49000000953674316,620000
2020-12-22,0.3544384241104126,0.4699999988079071,0.4699999988079071,0.4699999988079071,0.4699999988079071,280000
2020-12-23,0.3544384241104126,0.4699999988079071,0.4699999988079071,0.4699999988079071,0.4699999988079071,0
2020-12-24,0.3544384241104126,0.4699999988079071,0.4699999988079071,0.4699999988079071,0.4699999988079071,0
2020-12-28,0.3544384241104126,0.4699999988079071,0.47999998927116394,0.4699999988079071,0.47999998927116394,70000
2020-12-29,0.3544384241104126,0.4699999988079071,0.4699999988079071,0.4699999988079071,0.4699999988079071,50000
2020-12-30,0.3544384241104126,0.4699999988079071,0.4699999988079071,0.4699999988079071,0.4699999988079071,0
2020-12-31,0.346897155046463,0.46000000834465027,0.46000000834465027,0.46000000834465027,0.46000000834465027,0
2021-01-04,0.346897155046463,0.46000000834465027,0.46000000834465027,0.46000000834465027,0.46000000834465027,30000
2021-01-05,0.350667804479599,0.4650000035762787,0.4650000035762787,0.4650000035762787,0.4650000035762787,0
2021-01-06,0.3619796931743622,0.47999998927116394,0.47999998927116394,0.4699999988079071,0.4699999988079071,290000
2021-01-07,0.3619796931743622,0.47999998927116394,0.47999998927116394,0.47999998927116394,0.47999998927116394,0
2021-01-08,0.3544384241104126,0.4699999988079071,0.48500001430511475,0.4650000035762787,0.48500001430511475,780000
2021-01-11,0.3582090437412262,0.4749999940395355,0.4749999940395355,0.4749999940395355,0.4749999940395355,710000
2021-01-12,0.3695209324359894,0.49000000953674316,0.5199999809265137,0.4749999940395355,0.4749999940395355,1510000
2021-01-13,0.3695209324359894,0.49000000953674316,0.49000000953674316,0.49000000953674316,0.49000000953674316,0
2021-01-14,0.3846034109592438,0.5099999904632568,0.5299999713897705,0.5,0.5299999713897705,830000
2021-01-15,0.3770621716976166,0.5,0.5199999809265137,0.5,0.5199999809265137,420000
2021-01-18,0.39214465022087097,0.5199999809265137,0.5199999809265137,0.5,0.5099999904632568,220000
2021-01-19,0.3996858596801758,0.5299999713897705,0.5299999713897705,0.5099999904632568,0.5099999904632568,480000
2021-01-20,0.3996858596801758,0.5299999713897705,0.5299999713897705,0.5299999713897705,0.5299999713897705,150000
2021-01-21,0.39214465022087097,0.5199999809265137,0.5299999713897705,0.5199999809265137,0.5299999713897705,150000
2021-01-22,0.3846034109592438,0.5099999904632568,0.5199999809265137,0.5099999904632568,0.5199999809265137,100000
2021-01-25,0.3770621716976166,0.5,0.5299999713897705,0.5,0.5099999904632568,370000
2021-01-26,0.3996858596801758,0.5299999713897705,0.5299999713897705,0.5099999904632568,0.5299999713897705,770000
2021-01-27,0.39214465022087097,0.5199999809265137,0.5400000214576721,0.5199999809265137,0.5299999713897705,280000
2021-01-28,0.39214465022087097,0.5199999809265137,0.5299999713897705,0.5199999809265137,0.5199999809265137,540000
2021-01-29,0.3996858596801758,0.5299999713897705,0.5299999713897705,0.5199999809265137,0.5199999809265137,760000
2021-02-01,0.40722712874412537,0.5400000214576721,0.5400000214576721,0.5199999809265137,0.5299999713897705,270000
2021-02-02,0.4901807904243469,0.6499999761581421,0.6899999976158142,0.550000011920929,0.550000011920929,7040000
2021-02-03,0.47509831190109253,0.6299999952316284,0.6899999976158142,0.6299999952316284,0.6700000166893005,2330000
2021-02-04,0.5052633881568909,0.6700000166893005,0.6800000071525574,0.6499999761581421,0.6499999761581421,460000
2021-02-05,0.46001580357551575,0.6100000143051147,0.6700000166893005,0.6000000238418579,0.6700000166893005,1120000
2021-02-08,0.4524746239185333,0.6000000238418579,0.6399999856948853,0.6000000238418579,0.6000000238418579,230000
2021-02-09,0.47509831190109253,0.6299999952316284,0.6299999952316284,0.6200000047683716,0.6200000047683716,590000
2021-02-10,0.47509831190109253,0.6299999952316284,0.6299999952316284,0.6200000047683716,0.6200000047683716,200000
2021-02-11,0.47509831190109253,0.6299999952316284,0.6299999952316284,0.6299999952316284,0.6299999952316284,0
2021-02-16,0.47509831190109253,0.6299999952316284,0.6399999856948853,0.6000000238418579,0.6299999952316284,260000
2021-02-17,0.46001580357551575,0.6100000143051147,0.6299999952316284,0.6100000143051147,0.6299999952316284,310000
2021-02-18,0.46001580357551575,0.6100000143051147,0.6100000143051147,0.6100000143051147,0.6100000143051147,0
2021-02-19,0.46001580357551575,0.6100000143051147,0.5899999737739563,0.5899999737739563,0.6100000143051147,60000
2021-02-22,0.46001580357551575,0.6100000143051147,0.6100000143051147,0.6100000143051147,0.6100000143051147,230000
2021-02-23,0.46755707263946533,0.6200000047683716,0.6299999952316284,0.6200000047683716,0.6299999952316284,320000
2021-02-24,0.46001580357551575,0.6100000143051147,0.6499999761581421,0.6100000143051147,0.6299999952316284,460000
2021-02-25,0.46755707263946533,0.6200000047683716,0.6200000047683716,0.6200000047683716,0.6200000047683716,20000
2021-02-26,0.46755707263946533,0.6200000047683716,0.6200000047683716,0.6200000047683716,0.6200000047683716,0
2021-03-01,0.4977220594882965,0.6600000262260437,0.6700000166893005,0.6399999856948853,0.6399999856948853,130000
2021-03-02,0.4977220594882965,0.6600000262260437,0.6600000262260437,0.6600000262260437,0.6600000262260437,0
2021-03-03,0.4977220594882965,0.6600000262260437,0.6600000262260437,0.6600000262260437,0.6600000262260437,0
2021-03-04,0.4524746239185333,0.6000000238418579,0.6299999952316284,0.6000000238418579,0.6299999952316284,70000
2021-03-05,0.4826395511627197,0.6399999856948853,0.6399999856948853,0.6000000238418579,0.6000000238418579,270000
2021-03-08,0.47509831190109253,0.6299999952316284,0.6399999856948853,0.6299999952316284,0.6399999856948853,90000
2021-03-09,0.4826395511627197,0.6399999856948853,0.6499999761581421,0.6399999856948853,0.6399999856948853,600000
2021-03-10,0.47509831190109253,0.6299999952316284,0.6399999856948853,0.6299999952316284,0.6399999856948853,670000
2021-03-11,0.47509831190109253,0.6299999952316284,0.6299999952316284,0.6299999952316284,0.6299999952316284,0
2021-03-12,0.46755707263946533,0.6200000047683716,0.6299999952316284,0.6100000143051147,0.6200000047683716,1420000
2021-03-15,0.46755707263946533,0.6200000047683716,0.6200000047683716,0.6200000047683716,0.6200000047683716,0
2021-03-16,0.46755707263946533,0.6200000047683716,0.6200000047683716,0.6200000047683716,0.6200000047683716,0
2021-03-17,0.46755707263946533,0.6200000047683716,0.6200000047683716,0.6200000047683716,0.6200000047683716,0
2021-03-18,0.46755707263946533,0.6200000047683716,0.6200000047683716,0.6200000047683716,0.6200000047683716,0
2021-03-19,0.46755707263946533,0.6200000047683716,0.6200000047683716,0.6200000047683716,0.6200000047683716,20000
2021-03-22,0.46755707263946533,0.6200000047683716,0.6299999952316284,0.6100000143051147,0.6100000143051147,430000
2021-03-23,0.4373920261859894,0.5799999833106995,0.6100000143051147,0.5799999833106995,0.6000000238418579,4950000
2021-03-24,0.44493332505226135,0.5899999737739563,0.6200000047683716,0.5799999833106995,0.5799999833106995,200000
2021-03-25,0.4826395511627197,0.6399999856948853,0.6399999856948853,0.5899999737739563,0.5899999737739563,2270000
2021-03-26,0.4826395511627197,0.6399999856948853,0.6399999856948853,0.6399999856948853,0.6399999856948853,0
2021-03-29,0.44493332505226135,0.5899999737739563,0.6100000143051147,0.5799999833106995,0.6100000143051147,650000
2021-03-30,0.4373920261859894,0.5799999833106995,0.5899999737739563,0.5799999833106995,0.5799999833106995,830000
2021-03-31,0.46001580357551575,0.6100000143051147,0.6100000143051147,0.6100000143051147,0.6100000143051147,110000
2021-04-01,0.46001580357551575,0.6100000143051147,0.6100000143051147,0.6100000143051147,0.6100000143051147,0
2021-04-07,0.4901807904243469,0.6499999761581421,0.6600000262260437,0.6399999856948853,0.6399999856948853,440000
2021-04-08,0.4901807904243469,0.6499999761581421,0.6700000166893005,0.6499999761581421,0.6499999761581421,190000
2021-04-09,0.46755707263946533,0.6200000047683716,0.6200000047683716,0.6000000238418579,0.6100000143051147,320000
2021-04-12,0.4826395511627197,0.6399999856948853,0.6399999856948853,0.6200000047683716,0.6200000047683716,2040000
2021-04-13,0.4901807904243469,0.6499999761581421,0.6499999761581421,0.6299999952316284,0.6299999952316284,2550000
2021-04-14,0.4901807904243469,0.6499999761581421,0.6600000262260437,0.6399999856948853,0.6600000262260437,2560000
2021-04-15,0.4524746239185333,0.6000000238418579,0.6600000262260437,0.6000000238418579,0.6499999761581421,1350000
2021-04-16,0.46755707263946533,0.6200000047683716,0.6200000047683716,0.6200000047683716,0.6200000047683716,0
2021-04-19,0.46755707263946533,0.6200000047683716,0.6200000047683716,0.6200000047683716,0.6200000047683716,0
2021-04-20,0.46755707263946533,0.6200000047683716,0.6200000047683716,0.6200000047683716,0.6200000047683716,10000
2021-04-21,0.46755707263946533,0.6200000047683716,0.6200000047683716,0.6200000047683716,0.6200000047683716,40000
2021-04-22,0.46755707263946533,0.6200000047683716,0.6200000047683716,0.6200000047683716,0.6200000047683716,0
2021-04-23,0.46755707263946533,0.6200000047683716,0.6299999952316284,0.6200000047683716,0.6299999952316284,210000
2021-04-26,0.46755707263946533,0.6200000047683716,0.6200000047683716,0.6200000047683716,0.6200000047683716,0
2021-04-27,0.46755707263946533,0.6200000047683716,0.6200000047683716,0.6100000143051147,0.6100000143051147,70000
2021-04-28,0.46755707263946533,0.6200000047683716,0.6200000047683716,0.6200000047683716,0.6200000047683716,40000
2021-04-29,0.46755707263946533,0.6200000047683716,0.6299999952316284,0.6200000047683716,0.6299999952316284,170000
2021-04-30,0.4826395511627197,0.6399999856948853,0.6499999761581421,0.6399999856948853,0.6399999856948853,790000
2021-05-03,0.46001580357551575,0.6100000143051147,0.6399999856948853,0.6000000238418579,0.6399999856948853,680000
2021-05-04,0.46755707263946533,0.6200000047683716,0.6100000143051147,0.6000000238418579,0.6000000238418579,440000
2021-05-05,0.46755707263946533,0.6200000047683716,0.6200000047683716,0.6200000047683716,0.6200000047683716,100000
2021-05-06,0.46755707263946533,0.6200000047683716,0.6200000047683716,0.6200000047683716,0.6200000047683716,0
2021-05-07,0.46755707263946533,0.6200000047683716,0.6200000047683716,0.6200000047683716,0.6200000047683716,0
2021-05-10,0.47509831190109253,0.6299999952316284,0.6299999952316284,0.6200000047683716,0.6200000047683716,110000
2021-05-11,0.47509831190109253,0.6299999952316284,0.6299999952316284,0.6299999952316284,0.6299999952316284,0
2021-05-12,0.46755707263946533,0.6200000047683716,0.6299999952316284,0.6200000047683716,0.6299999952316284,50000
2021-05-13,0.46755707263946533,0.6200000047683716,0.6200000047683716,0.6200000047683716,0.6200000047683716,100000
2021-05-14,0.46001580357551575,0.6100000143051147,0.6100000143051147,0.6000000238418579,0.6200000047683716,210000
2021-05-17,0.46001580357551575,0.6100000143051147,0.6100000143051147,0.6100000143051147,0.6100000143051147,0
2021-05-18,0.46755707263946533,0.6200000047683716,0.6200000047683716,0.6200000047683716,0.6200000047683716,130000
2021-05-20,0.4524746239185333,0.6000000238418579,0.6000000238418579,0.5899999737739563,0.6000000238418579,630000
2021-05-21,0.4524746239185333,0.6000000238418579,0.6200000047683716,0.6000000238418579,0.6100000143051147,190000
2021-05-24,0.46755707263946533,0.6200000047683716,0.6200000047683716,0.6200000047683716,0.6200000047683716,260000
2021-05-25,0.46755707263946533,0.6200000047683716,0.6200000047683716,0.6200000047683716,0.6200000047683716,20000
2021-05-26,0.4524746239185333,0.6000000238418579,0.6000000238418579,0.6000000238418579,0.6000000238418579,0
2021-05-27,0.46001580357551575,0.6100000143051147,0.6100000143051147,0.6100000143051147,0.6100000143051147,110000
2021-05-28,0.4826395511627197,0.6399999856948853,0.6399999856948853,0.6200000047683716,0.6200000047683716,880000
2021-05-31,0.46755707263946533,0.6200000047683716,0.6200000047683716,0.6200000047683716,0.6200000047683716,0
2021-06-01,0.4901807904243469,0.6499999761581421,0.6600000262260437,0.6299999952316284,0.6299999952316284,640000
2021-06-02,0.5429695844650269,0.7200000286102295,0.8100000023841858,0.6499999761581421,0.6499999761581421,2220000
2021-06-03,0.5429695844650269,0.7200000286102295,0.7699999809265137,0.699999988079071,0.7599999904632568,360000
2021-06-04,0.5354282855987549,0.7099999785423279,0.7099999785423279,0.6499999761581421,0.699999988079071,300000
2021-06-07,0.5429695844650269,0.7200000286102295,0.7699999809265137,0.7200000286102295,0.7200000286102295,1440000
2021-06-08,0.5429695844650269,0.7200000286102295,0.7300000190734863,0.6499999761581421,0.699999988079071,220000
2021-06-09,0.5505107641220093,0.7300000190734863,0.7200000286102295,0.7200000286102295,0.7200000286102295,320000
2021-06-10,0.5655932426452637,0.75,0.7699999809265137,0.7400000095367432,0.7599999904632568,280000
2021-06-11,0.5731344223022461,0.7599999904632568,0.7799999713897705,0.75,0.7699999809265137,1140000
2021-06-15,0.5655932426452637,0.75,0.7599999904632568,0.7200000286102295,0.7599999904632568,600000
2021-06-16,0.5731344223022461,0.7599999904632568,0.7599999904632568,0.75,0.75,150000
2021-06-17,0.5580520033836365,0.7400000095367432,0.75,0.7400000095367432,0.75,650000
2021-06-18,0.5580520033836365,0.7400000095367432,0.7400000095367432,0.7400000095367432,0.7400000095367432,0
2021-06-21,0.5580520033836365,0.7400000095367432,0.7699999809265137,0.7400000095367432,0.7400000095367432,300000
2021-06-22,0.5655932426452637,0.75,0.7599999904632568,0.75,0.75,610000
2021-06-23,0.5655932426452637,0.75,0.75,0.75,0.75,100000
2021-06-24,0.5731344223022461,0.7599999904632568,0.7699999809265137,0.7599999904632568,0.7699999809265137,530000
2021-06-25,0.5731344223022461,0.7599999904632568,0.7599999904632568,0.7599999904632568,0.7599999904632568,0
2021-06-28,0.5655932426452637,0.75,0.7599999904632568,0.75,0.7599999904632568,290000
2021-06-29,0.5731344223022461,0.7599999904632568,0.7599999904632568,0.7599999904632568,0.7599999904632568,0
2021-06-30,0.5806756615638733,0.7699999809265137,0.7699999809265137,0.75,0.75,340000
2021-07-02,0.5806756615638733,0.7699999809265137,0.7699999809265137,0.7699999809265137,0.7699999809265137,0
2021-07-05,0.5580520033836365,0.7400000095367432,0.7699999809265137,0.699999988079071,0.7699999809265137,360000
2021-07-06,0.5731344223022461,0.7599999904632568,0.7599999904632568,0.7599999904632568,0.75,110000
2021-07-07,0.5655932426452637,0.75,0.7599999904632568,0.75,0.7599999904632568,200000
2021-07-08,0.5882169008255005,0.7799999713897705,0.800000011920929,0.75,0.75,490000
2021-07-09,0.5882169008255005,0.7799999713897705,0.7799999713897705,0.7799999713897705,0.7799999713897705,70000
2021-07-12,0.5882169008255005,0.7799999713897705,0.7799999713897705,0.7799999713897705,0.7799999713897705,0
2021-07-13,0.5957581996917725,0.7900000214576721,0.7900000214576721,0.7599999904632568,0.7799999713897705,2220000
2021-07-14,0.5882169008255005,0.7799999713897705,0.7799999713897705,0.7799999713897705,0.7799999713897705,100000
2021-07-15,0.5806756615638733,0.7699999809265137,0.7799999713897705,0.7599999904632568,0.7799999713897705,210000
2021-07-16,0.5731344223022461,0.7599999904632568,0.7699999809265137,0.7599999904632568,0.7699999809265137,80000
2021-07-19,0.5806756615638733,0.7699999809265137,0.7699999809265137,0.7699999809265137,0.7699999809265137,0
2021-07-20,0.5731344223022461,0.7599999904632568,0.7599999904632568,0.7599999904632568,0.7599999904632568,70000
2021-07-21,0.5731344223022461,0.7599999904632568,0.7599999904632568,0.7599999904632568,0.7599999904632568,0
2021-07-22,0.5882169008255005,0.7799999713897705,0.7799999713897705,0.7799999713897705,0.7799999713897705,0
2021-07-23,0.5882169008255005,0.7799999713897705,0.7799999713897705,0.75,0.75,80000
2021-07-26,0.5655932426452637,0.75,0.7900000214576721,0.7400000095367432,0.7900000214576721,640000
2021-07-27,0.5354282855987549,0.7099999785423279,0.75,0.6299999952316284,0.75,500000
2021-07-28,0.5655932426452637,0.75,0.75,0.7099999785423279,0.7300000190734863,680000
2021-07-29,0.5505107641220093,0.7300000190734863,0.7300000190734863,0.7300000190734863,0.7300000190734863,0
2021-07-30,0.5429695844650269,0.7200000286102295,0.7200000286102295,0.7200000286102295,0.7200000286102295,0
2021-08-02,0.5354282855987549,0.7099999785423279,0.7099999785423279,0.7099999785423279,0.7099999785423279,0
2021-08-03,0.5505107641220093,0.7300000190734863,0.7300000190734863,0.7300000190734863,0.7300000190734863,240000
2021-08-04,0.5354282855987549,0.7099999785423279,0.7099999785423279,0.7099999785423279,0.7099999785423279,120000
2021-08-05,0.5505107641220093,0.7300000190734863,0.7300000190734863,0.7300000190734863,0.7300000190734863,20000
2021-08-06,0.5354282855987549,0.7099999785423279,0.7300000190734863,0.699999988079071,0.7300000190734863,150000
2021-08-09,0.5429695844650269,0.7200000286102295,0.7300000190734863,0.7099999785423279,0.7300000190734863,870000
2021-08-10,0.5505107641220093,0.7300000190734863,0.7300000190734863,0.7200000286102295,0.7200000286102295,260000
2021-08-11,0.5580520033836365,0.7400000095367432,0.7400000095367432,0.7200000286102295,0.7200000286102295,130000
2021-08-12,0.5655932426452637,0.75,0.75,0.7400000095367432,0.7400000095367432,190000
2021-08-13,0.5655932426452637,0.75,0.75,0.7400000095367432,0.7400000095367432,110000
2021-08-16,0.5505107641220093,0.7300000190734863,0.7300000190734863,0.7300000190734863,0.7300000190734863,0
2021-08-17,0.5580520033836365,0.7400000095367432,0.7400000095367432,0.7200000286102295,0.7300000190734863,160000
2021-08-18,0.5580520033836365,0.7400000095367432,0.7400000095367432,0.7400000095367432,0.7400000095367432,20000
2021-08-19,0.5580520033836365,0.7400000095367432,0.7400000095367432,0.7400000095367432,0.7400000095367432,0
2021-08-20,0.5278870463371277,0.699999988079071,0.699999988079071,0.6800000071525574,0.6800000071525574,50000
2021-08-23,0.5354282855987549,0.7099999785423279,0.7099999785423279,0.7099999785423279,0.7099999785423279,0
2021-08-24,0.5429695844650269,0.7200000286102295,0.7200000286102295,0.7200000286102295,0.7200000286102295,0
2021-08-25,0.5429695844650269,0.7200000286102295,0.7200000286102295,0.7200000286102295,0.7200000286102295,50000
2021-08-26,0.5429695844650269,0.7200000286102295,0.7200000286102295,0.7200000286102295,0.7200000286102295,0
2021-08-27,0.5580520033836365,0.7400000095367432,0.7400000095367432,0.7400000095367432,0.7400000095367432,10000
2021-08-30,0.5580520033836365,0.7400000095367432,0.7400000095367432,0.7400000095367432,0.7400000095367432,0
2021-08-31,0.5505107641220093,0.7300000190734863,0.7300000190734863,0.7300000190734863,0.7300000190734863,10000
2021-09-01,0.5505107641220093,0.7300000190734863,0.7300000190734863,0.7300000190734863,0.7300000190734863,0
2021-09-02,0.5882169008255005,0.7799999713897705,0.7799999713897705,0.7300000190734863,0.7300000190734863,1410000
2021-09-03,0.5731344223022461,0.7599999904632568,0.7599999904632568,0.7400000095367432,0.7400000095367432,20000
2021-09-06,0.5731344223022461,0.7599999904632568,0.7599999904632568,0.7599999904632568,0.7599999904632568,0
2021-09-07,0.5731344223022461,0.7599999904632568,0.7599999904632568,0.7599999904632568,0.7599999904632568,0
2021-09-08,0.5731344223022461,0.7599999904632568,0.7599999904632568,0.7599999904632568,0.7599999904632568,20000
2021-09-09,0.5731344223022461,0.7599999904632568,0.7599999904632568,0.7599999904632568,0.7599999904632568,0
2021-09-10,0.5278870463371277,0.699999988079071,0.75,0.699999988079071,0.75,220000
2021-09-13,0.5429695844650269,0.7200000286102295,0.7200000286102295,0.7200000286102295,0.7200000286102295,0
2021-09-14,0.5580520033836365,0.7400000095367432,0.7400000095367432,0.7400000095367432,0.7400000095367432,20000
2021-09-15,0.5580520033836365,0.7400000095367432,0.7400000095367432,0.7400000095367432,0.7400000095367432,50000
2021-09-16,0.5354282855987549,0.7099999785423279,0.7300000190734863,0.7099999785423279,0.7300000190734863,250000
2021-09-17,0.5429695844650269,0.7200000286102295,0.7200000286102295,0.7099999785423279,0.7099999785423279,320000
2021-09-20,0.5354282855987549,0.7099999785423279,0.7099999785423279,0.7099999785423279,0.7099999785423279,290000
2021-09-21,0.5532100200653076,0.699999988079071,0.7099999785423279,0.6899999976158142,0.6899999976158142,130000
2021-09-23,0.5532100200653076,0.699999988079071,0.699999988079071,0.699999988079071,0.699999988079071,140000
2021-09-24,0.5532100200653076,0.699999988079071,0.699999988079071,0.699999988079071,0.699999988079071,150000
2021-09-27,0.5532100200653076,0.699999988079071,0.699999988079071,0.699999988079071,0.699999988079071,170000
2021-09-28,0.5532100200653076,0.699999988079071,0.699999988079071,0.699999988079071,0.699999988079071,160000
2021-09-29,0.5532100200653076,0.699999988079071,0.699999988079071,0.699999988079071,0.6899999976158142,20000
2021-09-30,0.5532100200653076,0.699999988079071,0.699999988079071,0.699999988079071,0.699999988079071,100000
2021-10-04,0.5453069806098938,0.6899999976158142,0.7099999785423279,0.6899999976158142,0.7099999785423279,130000
2021-10-05,0.5453069806098938,0.6899999976158142,0.6899999976158142,0.6899999976158142,0.6899999976158142,0
2021-10-06,0.5532100200653076,0.699999988079071,0.7099999785423279,0.699999988079071,0.699999988079071,160000
2021-10-07,0.5532100200653076,0.699999988079071,0.699999988079071,0.699999988079071,0.699999988079071,40000
2021-10-08,0.5532100200653076,0.699999988079071,0.699999988079071,0.699999988079071,0.699999988079071,0
2021-10-11,0.5532100200653076,0.699999988079071,0.699999988079071,0.699999988079071,0.699999988079071,0
2021-10-12,0.5453069806098938,0.6899999976158142,0.6899999976158142,0.6899999976158142,0.6899999976158142,0
2021-10-15,0.5453069806098938,0.6899999976158142,0.6899999976158142,0.6899999976158142,0.6899999976158142,0
2021-10-18,0.5453069806098938,0.6899999976158142,0.6899999976158142,0.6899999976158142,0.6899999976158142,0
2021-10-19,0.5453069806098938,0.6899999976158142,0.6899999976158142,0.6899999976158142,0.6899999976158142,0
2021-10-20,0.5453069806098938,0.6899999976158142,0.6899999976158142,0.6899999976158142,0.6899999976158142,0
2021-10-21,0.5927250385284424,0.75,0.7799999713897705,0.699999988079071,0.699999988079071,220000
2021-10-22,0.5848220586776733,0.7400000095367432,0.7400000095367432,0.7400000095367432,0.7400000095367432,0
2021-10-25,0.5848220586776733,0.7400000095367432,0.7400000095367432,0.7400000095367432,0.7400000095367432,0
2021-10-26,0.5769189596176147,0.7300000190734863,0.7300000190734863,0.7300000190734863,0.7300000190734863,0
2021-10-27,0.5532100200653076,0.699999988079071,0.7099999785423279,0.699999988079071,0.699999988079071,270000
2021-10-28,0.5532100200653076,0.699999988079071,0.699999988079071,0.699999988079071,0.699999988079071,0
2021-10-29,0.5453069806098938,0.6899999976158142,0.699999988079071,0.6899999976158142,0.699999988079071,80000
2021-11-01,0.5453069806098938,0.6899999976158142,0.6899999976158142,0.6899999976158142,0.6899999976158142,20000
2021-11-02,0.5611129999160767,0.7099999785423279,0.7099999785423279,0.7099999785423279,0.7099999785423279,0
2021-11-03,0.5611129999160767,0.7099999785423279,0.7099999785423279,0.7099999785423279,0.7099999785423279,0
2021-11-04,0.5769189596176147,0.7300000190734863,0.75,0.7200000286102295,0.7200000286102295,110000
2021-11-05,0.5690160393714905,0.7200000286102295,0.7200000286102295,0.7200000286102295,0.7200000286102295,30000
2021-11-08,0.5690160393714905,0.7200000286102295,0.7200000286102295,0.7200000286102295,0.7200000286102295,0
2021-11-09,0.5690160393714905,0.7200000286102295,0.7200000286102295,0.7200000286102295,0.7200000286102295,70000
2021-11-10,0.5690160393714905,0.7200000286102295,0.7200000286102295,0.7200000286102295,0.7200000286102295,170000
2021-11-11,0.5532100200653076,0.699999988079071,0.699999988079071,0.6100000143051147,0.699999988079071,500000
2021-11-12,0.5453069806098938,0.6899999976158142,0.6899999976158142,0.6499999761581421,0.6499999761581421,20000
2021-11-15,0.5927250385284424,0.75,0.75,0.6899999976158142,0.6899999976158142,140000
2021-11-16,0.5927250385284424,0.75,0.7599999904632568,0.75,0.75,210000
2021-11-17,0.5848220586776733,0.7400000095367432,0.7400000095367432,0.7400000095367432,0.7400000095367432,0
2021-11-18,0.5848220586776733,0.7400000095367432,0.7400000095367432,0.7400000095367432,0.7400000095367432,70000
2021-11-19,0.5927250385284424,0.75,0.7799999713897705,0.75,0.7599999904632568,42310000
2021-11-22,0.6401430368423462,0.8100000023841858,0.8500000238418579,0.7699999809265137,0.7699999809265137,2870000
2021-11-23,0.6322399973869324,0.800000011920929,0.8399999737739563,0.7599999904632568,0.8100000023841858,2250000
2021-11-24,0.6322399973869324,0.800000011920929,0.8299999833106995,0.7799999713897705,0.7900000214576721,2350000
2021-11-25,0.6322399973869324,0.800000011920929,0.8199999928474426,0.800000011920929,0.800000011920929,2130000
2021-11-26,0.6243370175361633,0.7900000214576721,0.8199999928474426,0.7799999713897705,0.800000011920929,2290000
2021-11-29,0.6480459570884705,0.8199999928474426,0.8299999833106995,0.7799999713897705,0.7900000214576721,2090000
2021-11-30,0.6322399973869324,0.800000011920929,0.8100000023841858,0.7799999713897705,0.8100000023841858,2400000
2021-12-01,0.6164339780807495,0.7799999713897705,0.8100000023841858,0.7799999713897705,0.7900000214576721,2260000
2021-12-02,0.6243370175361633,0.7900000214576721,0.800000011920929,0.7799999713897705,0.7900000214576721,2250000
2021-12-03,0.6243370175361633,0.7900000214576721,0.800000011920929,0.75,0.800000011920929,2260000
2021-12-06,0.6322399973869324,0.800000011920929,0.8100000023841858,0.7900000214576721,0.7900000214576721,2460000
2021-12-07,0.6401430368423462,0.8100000023841858,0.8100000023841858,0.7799999713897705,0.800000011920929,2210000
2021-12-08,0.6401430368423462,0.8100000023841858,0.8299999833106995,0.7799999713897705,0.800000011920929,2300000
2021-12-09,0.6480459570884705,0.8199999928474426,0.8299999833106995,0.800000011920929,0.800000011920929,2140000
2021-12-10,0.6480459570884705,0.8199999928474426,0.8199999928474426,0.800000011920929,0.800000011920929,1920000
2021-12-13,0.6559489965438843,0.8299999833106995,0.8299999833106995,0.8100000023841858,0.8100000023841858,2190000
2021-12-14,0.6638519763946533,0.8399999737739563,0.8700000047683716,0.8199999928474426,0.8500000238418579,2130000
2021-12-15,0.6322399973869324,0.800000011920929,0.8299999833106995,0.800000011920929,0.8199999928474426,2960000
2021-12-16,0.6401430368423462,0.8100000023841858,0.8100000023841858,0.7900000214576721,0.800000011920929,2180000
2021-12-17,0.6401430368423462,0.8100000023841858,0.8299999833106995,0.7799999713897705,0.8299999833106995,2040000
2021-12-20,0.6322399973869324,0.800000011920929,0.8199999928474426,0.800000011920929,0.8199999928474426,2130000
2021-12-21,0.6401430368423462,0.8100000023841858,0.8199999928474426,0.8100000023841858,0.8199999928474426,2020000
2021-12-22,0.6401430368423462,0.8100000023841858,0.8399999737739563,0.7799999713897705,0.8399999737739563,2010000
2021-12-23,0.6480459570884705,0.8199999928474426,0.8199999928474426,0.800000011920929,0.8199999928474426,2090000
2021-12-24,0.6401430368423462,0.8100000023841858,0.8299999833106995,0.8100000023841858,0.8299999833106995,1170000
2021-12-28,0.6559489965438843,0.8299999833106995,0.8399999737739563,0.800000011920929,0.8399999737739563,2140000
2021-12-29,0.6559489965438843,0.8299999833106995,0.8299999833106995,0.8100000023841858,0.8299999833106995,2310000
2021-12-30,0.6559489965438843,0.8299999833106995,0.8299999833106995,0.8100000023841858,0.8299999833106995,2070000
2021-12-31,0.6480459570884705,0.8199999928474426,0.8399999737739563,0.8199999928474426,0.8399999737739563,1160000
2022-01-03,0.6480459570884705,0.8199999928474426,0.8199999928474426,0.800000011920929,0.8199999928474426,2180000
2022-01-04,0.6480459570884705,0.8199999928474426,0.8299999833106995,0.8100000023841858,0.8299999833106995,2090000
2022-01-05,0.6480459570884705,0.8199999928474426,0.8199999928474426,0.8100000023841858,0.8100000023841858,2240000
2022-01-06,0.6559489965438843,0.8299999833106995,0.8299999833106995,0.800000011920929,0.8299999833106995,2430000
2022-01-07,0.6401430368423462,0.8100000023841858,0.8299999833106995,0.800000011920929,0.8299999833106995,2160000
2022-01-10,0.6401430368423462,0.8100000023841858,0.8100000023841858,0.7900000214576721,0.8100000023841858,2180000
2022-01-11,0.6401430368423462,0.8100000023841858,0.8299999833106995,0.800000011920929,0.8100000023841858,2190000
2022-01-12,0.6401430368423462,0.8100000023841858,0.8199999928474426,0.7900000214576721,0.8100000023841858,2110000
2022-01-13,0.6401430368423462,0.8100000023841858,0.8299999833106995,0.8100000023841858,0.8100000023841858,2070000
2022-01-14,0.6322399973869324,0.800000011920929,0.8199999928474426,0.7900000214576721,0.8199999928474426,2440000
2022-01-17,0.6480459570884705,0.8199999928474426,0.8199999928474426,0.7900000214576721,0.800000011920929,2260000
2022-01-18,0.6401430368423462,0.8100000023841858,0.8199999928474426,0.800000011920929,0.8100000023841858,2020000
2022-01-19,0.6480459570884705,0.8199999928474426,0.8199999928474426,0.8100000023841858,0.8100000023841858,2220000
2022-01-20,0.6401430368423462,0.8100000023841858,0.8199999928474426,0.8100000023841858,0.8199999928474426,2060000
2022-01-21,0.6480459570884705,0.8199999928474426,0.8299999833106995,0.8100000023841858,0.8100000023841858,2140000
2022-01-24,0.6559489965438843,0.8299999833106995,0.8299999833106995,0.8100000023841858,0.8199999928474426,2080000
2022-01-25,0.6322399973869324,0.800000011920929,0.8199999928474426,0.800000011920929,0.8199999928474426,2170000
2022-01-26,0.6322399973869324,0.800000011920929,0.8199999928474426,0.800000011920929,0.8100000023841858,2110000
2022-01-27,0.6480459570884705,0.8199999928474426,0.8199999928474426,0.7900000214576721,0.800000011920929,2350000
2022-01-28,0.6559489965438843,0.8299999833106995,0.8500000238418579,0.8100000023841858,0.8100000023841858,2140000
2022-01-31,0.6638519763946533,0.8399999737739563,0.8399999737739563,0.8399999737739563,0.8399999737739563,0
2022-02-04,0.6559489965438843,0.8299999833106995,0.8999999761581421,0.8100000023841858,0.8399999737739563,3240000
2022-02-07,0.6796579957008362,0.8600000143051147,0.8700000047683716,0.8299999833106995,0.8299999833106995,1980000
2022-02-08,0.6796579957008362,0.8600000143051147,0.8899999856948853,0.8500000238418579,0.8700000047683716,2170000
2022-02-09,0.6875609755516052,0.8700000047683716,0.8799999952316284,0.8600000143051147,0.8799999952316284,2130000
2022-02-10,0.6875609755516052,0.8700000047683716,0.8799999952316284,0.8500000238418579,0.8799999952316284,2130000
2022-02-11,0.6638519763946533,0.8399999737739563,0.8700000047683716,0.8399999737739563,0.8600000143051147,2150000
2022-02-14,0.6796579957008362,0.8600000143051147,0.8700000047683716,0.8500000238418579,0.8600000143051147,2270000
2022-02-15,0.6954639554023743,0.8799999952316284,0.8999999761581421,0.8500000238418579,0.8600000143051147,2810000
2022-02-16,0.7112699151039124,0.8999999761581421,0.8999999761581421,0.8799999952316284,0.8899999856948853,2410000
2022-02-17,0.8061060309410095,1.0199999809265137,1.0199999809265137,0.8899999856948853,0.9100000262260437,5230000
2022-02-18,0.8772330284118652,1.1100000143051147,1.1399999856948853,0.9900000095367432,1.0499999523162842,4188500
2022-02-21,0.9167478680610657,1.159999966621399,1.190000057220459,1.1100000143051147,1.149999976158142,2330000
2022-02-22,0.9009419083595276,1.1399999856948853,1.1799999475479126,1.1200000047683716,1.1399999856948853,1850000
2022-02-23,0.9009419083595276,1.1399999856948853,1.159999966621399,1.1399999856948853,1.159999966621399,1700000
2022-02-24,0.8377178907394409,1.059999942779541,1.159999966621399,1.0199999809265137,1.1399999856948853,2040000
2022-02-25,0.8772330284118652,1.1100000143051147,1.159999966621399,1.0800000429153442,1.1299999952316284,1810000
2022-02-28,0.9799720048904419,1.2400000095367432,1.2400000095367432,1.1200000047683716,1.1200000047683716,3140000
2022-03-01,1.1064200401306152,1.399999976158142,1.4900000095367432,1.2799999713897705,1.2899999618530273,4230000
2022-03-02,1.0906139612197876,1.3799999952316284,1.4500000476837158,1.3200000524520874,1.4299999475479126,2460000
2022-03-03,1.0510990619659424,1.3300000429153442,1.350000023841858,1.1699999570846558,1.350000023841858,2450000
2022-03-04,1.0273900032043457,1.2999999523162842,1.350000023841858,1.2599999904632568,1.309999942779541,2040000
2022-03-07,0.9167478680610657,1.159999966621399,1.309999942779541,1.1200000047683716,1.309999942779541,2830000
2022-03-08,0.7903000116348267,1.0,1.2100000381469727,0.8799999952316284,1.2000000476837158,3150000
2022-03-09,0.8219119906425476,1.0399999618530273,1.0700000524520874,1.0,1.0,550000
2022-03-10,0.9088449478149414,1.149999976158142,1.2000000476837158,1.0499999523162842,1.0499999523162842,610000
2022-03-11,0.8377178907394409,1.059999942779541,1.149999976158142,1.0399999618530273,1.149999976158142,900000
2022-03-14,0.8377178907394409,1.059999942779541,1.059999942779541,1.059999942779541,1.059999942779541,0
2022-03-15,0.7982030510902405,1.0099999904632568,1.0700000524520874,1.0,1.059999942779541,1040000
2022-03-16,0.8535240292549133,1.0800000429153442,1.1399999856948853,1.0299999713897705,1.0299999713897705,490000
2022-03-17,0.8614270687103271,1.090000033378601,1.090000033378601,1.0800000429153442,1.0800000429153442,30000
2022-03-18,0.8298149108886719,1.0499999523162842,1.100000023841858,1.0499999523162842,1.100000023841858,80000
2022-03-21,0.7586880326271057,0.9599999785423279,1.0499999523162842,0.9599999785423279,1.0499999523162842,850000
2022-03-22,0.8219119906425476,1.0399999618530273,1.0800000429153442,1.0700000524520874,1.0800000429153442,100000
2022-03-23,0.7665910720825195,0.9700000286102295,1.0199999809265137,0.949999988079071,1.0199999809265137,440000
2022-03-24,0.7349790334701538,0.9300000071525574,0.949999988079071,0.9300000071525574,0.9300000071525574,330000
2022-03-25,0.72707599401474,0.9200000166893005,1.0,0.9200000166893005,0.9300000071525574,370000
2022-03-28,0.7112699151039124,0.8999999761581421,0.8999999761581421,0.8999999761581421,0.8999999761581421,20000
2022-03-29,0.6243370175361633,0.7900000214576721,0.8999999761581421,0.6899999976158142,0.8999999761581421,5480000
2022-03-30,0.6006280183792114,0.7599999904632568,0.7900000214576721,0.7599999904632568,0.7699999809265137,880000
2022-03-31,0.6559489965438843,0.8299999833106995,0.8299999833106995,0.7799999713897705,0.7799999713897705,190000
2022-04-01,0.6164339780807495,0.7799999713897705,0.7900000214576721,0.7400000095367432,0.7900000214576721,880000
2022-04-04,0.6243370175361633,0.7900000214576721,0.7799999713897705,0.7699999809265137,0.7699999809265137,80000
2022-04-06,0.6322399973869324,0.800000011920929,0.8299999833106995,0.800000011920929,0.8199999928474426,290000
2022-04-07,0.6559489965438843,0.8299999833106995,0.8299999833106995,0.8299999833106995,0.8299999833106995,400000
2022-04-08,0.6559489965438843,0.8299999833106995,0.8299999833106995,0.8299999833106995,0.8299999833106995,370000
2022-04-11,0.6559489965438843,0.8299999833106995,0.8299999833106995,0.8299999833106995,0.8299999833106995,0
2022-04-12,0.6638519763946533,0.8399999737739563,0.8399999737739563,0.8399999737739563,0.8399999737739563,0
2022-04-13,0.6638519763946533,0.8399999737739563,0.8399999737739563,0.8399999737739563,0.8399999737739563,30000
2022-04-14,0.5611129999160767,0.7099999785423279,0.8500000238418579,0.699999988079071,0.8500000238418579,600000
2022-04-19,0.6006280183792114,0.7599999904632568,0.7900000214576721,0.7400000095367432,0.7400000095367432,420000
2022-04-20,0.6006280183792114,0.7599999904632568,0.7599999904632568,0.7599999904632568,0.7599999904632568,0
2022-04-21,0.5848220586776733,0.7400000095367432,0.75,0.7200000286102295,0.7200000286102295,280000
2022-04-22,0.5927250385284424,0.75,0.75,0.75,0.75,250000
2022-04-25,0.5848220586776733,0.7400000095367432,0.7400000095367432,0.7400000095367432,0.7400000095367432,130000
2022-04-26,0.5848220586776733,0.7400000095367432,0.7400000095367432,0.7400000095367432,0.7400000095367432,0
2022-04-27,0.5848220586776733,0.7400000095367432,0.7400000095367432,0.7400000095367432,0.7400000095367432,0
2022-04-28,0.5611129999160767,0.7099999785423279,0.7099999785423279,0.7099999785423279,0.7099999785423279,200000
2022-04-29,0.6006280183792114,0.7599999904632568,0.7599999904632568,0.75,0.75,90000
2022-05-03,0.6085309982299805,0.7699999809265137,0.7699999809265137,0.7599999904632568,0.7599999904632568,100000
2022-05-04,0.6085309982299805,0.7699999809265137,0.7699999809265137,0.7699999809265137,0.7699999809265137,0
2022-05-05,0.5848220586776733,0.7400000095367432,0.7400000095367432,0.7400000095367432,0.7400000095367432,300000
2022-05-06,0.5848220586776733,0.7400000095367432,0.7400000095367432,0.7400000095367432,0.7400000095367432,20000
2022-05-10,0.5848220586776733,0.7400000095367432,0.7400000095367432,0.7400000095367432,0.7400000095367432,0
2022-05-11,0.5769189596176147,0.7300000190734863,0.7300000190734863,0.7300000190734863,0.7300000190734863,0
2022-05-12,0.5927250385284424,0.75,0.7799999713897705,0.7400000095367432,0.75,280000
2022-05-13,0.6006280183792114,0.7599999904632568,0.7599999904632568,0.7599999904632568,0.7599999904632568,50000
2022-05-16,0.6006280183792114,0.7599999904632568,0.7599999904632568,0.7599999904632568,0.7599999904632568,0
2022-05-17,0.6006280183792114,0.7599999904632568,0.7599999904632568,0.7599999904632568,0.7599999904632568,0
2022-05-18,0.5927250385284424,0.75,0.75,0.75,0.75,0
2022-05-19,0.5927250385284424,0.75,0.75,0.75,0.75,50000
2022-05-20,0.6085309982299805,0.7699999809265137,0.7799999713897705,0.7699999809265137,0.7699999809265137,470000
2022-05-23,0.5532100200653076,0.699999988079071,0.75,0.699999988079071,0.75,520000
2022-05-24,0.5611129999160767,0.7099999785423279,0.75,0.699999988079071,0.699999988079071,170000
2022-05-25,0.5611129999160767,0.7099999785423279,0.7400000095367432,0.7099999785423279,0.7099999785423279,520000
2022-05-26,0.5690160393714905,0.7200000286102295,0.7400000095367432,0.7099999785423279,0.7099999785423279,400000
2022-05-27,0.5690160393714905,0.7200000286102295,0.7200000286102295,0.6800000071525574,0.699999988079071,510000
2022-05-30,0.5690160393714905,0.7200000286102295,0.7300000190734863,0.7099999785423279,0.7200000286102295,360000
2022-05-31,0.6006280183792114,0.7599999904632568,0.7699999809265137,0.7099999785423279,0.7200000286102295,560000
2022-06-01,0.5848220586776733,0.7400000095367432,0.75,0.7300000190734863,0.75,470000
2022-06-02,0.6085309982299805,0.7699999809265137,0.7699999809265137,0.7699999809265137,0.7699999809265137,10000
2022-06-06,0.6006280183792114,0.7599999904632568,0.7599999904632568,0.7599999904632568,0.7599999904632568,0
2022-06-07,0.6559489965438843,0.8299999833106995,0.9100000262260437,0.800000011920929,0.8700000047683716,2410000
2022-06-08,0.6401430368423462,0.8100000023841858,0.8100000023841858,0.800000011920929,0.800000011920929,480000
2022-06-09,0.6322399973869324,0.800000011920929,0.800000011920929,0.7799999713897705,0.800000011920929,620000
2022-06-10,0.6401430368423462,0.8100000023841858,0.8500000238418579,0.7900000214576721,0.8500000238418579,640000
2022-06-13,0.6164339780807495,0.7799999713897705,0.7799999713897705,0.7400000095367432,0.7400000095367432,240000
2022-06-14,0.5927250385284424,0.75,0.7799999713897705,0.7300000190734863,0.7799999713897705,240000
2022-06-15,0.6006280183792114,0.7599999904632568,0.8899999856948853,0.7400000095367432,0.75,510000
2022-06-16,0.5848220586776733,0.7400000095367432,0.75,0.7400000095367432,0.75,320000
2022-06-17,0.5769189596176147,0.7300000190734863,0.7400000095367432,0.7200000286102295,0.7400000095367432,340000
2022-06-20,0.5611129999160767,0.7099999785423279,0.7300000190734863,0.7099999785423279,0.7300000190734863,20000
2022-06-21,0.5690160393714905,0.7200000286102295,0.7200000286102295,0.7099999785423279,0.7099999785423279,260000
2022-06-22,0.5769189596176147,0.7300000190734863,0.75,0.7300000190734863,0.7300000190734863,140000
2022-06-23,0.5927250385284424,0.75,0.7599999904632568,0.7300000190734863,0.7300000190734863,60000
2022-06-24,0.5927250385284424,0.75,0.7599999904632568,0.7300000190734863,0.7099999785423279,70000
2022-06-27,0.5690160393714905,0.7200000286102295,0.7200000286102295,0.7099999785423279,0.7099999785423279,70000
2022-06-28,0.5927250385284424,0.75,0.75,0.7200000286102295,0.7200000286102295,50000
2022-06-29,0.5927250385284424,0.75,0.75,0.75,0.75,0
2022-06-30,0.5848220586776733,0.7400000095367432,0.7400000095367432,0.7400000095367432,0.7400000095367432,0
2022-07-04,0.5848220586776733,0.7400000095367432,0.7400000095367432,0.7400000095367432,0.7400000095367432,0
2022-07-05,0.5848220586776733,0.7400000095367432,0.7400000095367432,0.7400000095367432,0.7400000095367432,0
2022-07-06,0.5611129999160767,0.7099999785423279,0.699999988079071,0.699999988079071,0.699999988079071,140000
2022-07-07,0.5769189596176147,0.7300000190734863,0.7099999785423279,0.7099999785423279,0.7099999785423279,150000
2022-07-08,0.5769189596176147,0.7300000190734863,0.7300000190734863,0.7300000190734863,0.7300000190734863,0
2022-07-11,0.5769189596176147,0.7300000190734863,0.7300000190734863,0.7300000190734863,0.7300000190734863,0
2022-07-12,0.5453069806098938,0.6899999976158142,0.699999988079071,0.6800000071525574,0.699999988079071,150000
2022-07-13,0.5532100200653076,0.699999988079071,0.699999988079071,0.699999988079071,0.699999988079071,0
2022-07-14,0.5848220586776733,0.7400000095367432,0.75,0.6899999976158142,0.6899999976158142,60000
2022-07-15,0.5611129999160767,0.7099999785423279,0.7099999785423279,0.7099999785423279,0.7099999785423279,10000
2022-07-18,0.5611129999160767,0.7099999785423279,0.7099999785423279,0.7099999785423279,0.7099999785423279,0
2022-07-19,0.5611129999160767,0.7099999785423279,0.7099999785423279,0.7099999785423279,0.7099999785423279,0
2022-07-20,0.5611129999160767,0.7099999785423279,0.7099999785423279,0.7099999785423279,0.7099999785423279,0
2022-07-21,0.5532100200653076,0.699999988079071,0.699999988079071,0.699999988079071,0.699999988079071,0
2022-07-22,0.5453069806098938,0.6899999976158142,0.699999988079071,0.6700000166893005,0.699999988079071,370000
2022-07-25,0.5532100200653076,0.699999988079071,0.699999988079071,0.699999988079071,0.699999988079071,0
2022-07-26,0.5532100200653076,0.699999988079071,0.699999988079071,0.699999988079071,0.699999988079071,200000
2022-07-27,0.5453069806098938,0.6899999976158142,0.6899999976158142,0.6899999976158142,0.6899999976158142,10000
2022-07-28,0.5453069806098938,0.6899999976158142,0.6899999976158142,0.6899999976158142,0.6899999976158142,0
2022-07-29,0.5453069806098938,0.6899999976158142,0.6899999976158142,0.6899999976158142,0.6899999976158142,120000
2022-08-01,0.5532100200653076,0.699999988079071,0.7099999785423279,0.699999988079071,0.7099999785423279,110000
2022-08-02,0.5532100200653076,0.699999988079071,0.699999988079071,0.699999988079071,0.699999988079071,0
2022-08-03,0.5453069806098938,0.6899999976158142,0.6899999976158142,0.6899999976158142,0.6899999976158142,0
2022-08-04,0.5453069806098938,0.6899999976158142,0.6899999976158142,0.6899999976158142,0.6899999976158142,0
2022-08-05,0.5453069806098938,0.6899999976158142,0.6899999976158142,0.6899999976158142,0.6899999976158142,0
2022-08-08,0.5453069806098938,0.6899999976158142,0.6899999976158142,0.6899999976158142,0.6899999976158142,10000
2022-08-09,0.5453069806098938,0.6899999976158142,0.6899999976158142,0.6899999976158142,0.6899999976158142,0
2022-08-10,0.5532100200653076,0.699999988079071,0.7200000286102295,0.6899999976158142,0.6899999976158142,470000
2022-08-11,0.5611129999160767,0.7099999785423279,0.7300000190734863,0.7099999785423279,0.7200000286102295,410000
2022-08-12,0.5611129999160767,0.7099999785423279,0.7099999785423279,0.7099999785423279,0.7099999785423279,0
2022-08-15,0.5532100200653076,0.699999988079071,0.699999988079071,0.699999988079071,0.699999988079071,0
2022-08-16,0.5374040603637695,0.6800000071525574,0.6800000071525574,0.6800000071525574,0.6800000071525574,0
2022-08-17,0.5532100200653076,0.699999988079071,0.699999988079071,0.699999988079071,0.699999988079071,0
2022-08-18,0.5295010805130005,0.6700000166893005,0.6800000071525574,0.6700000166893005,0.6800000071525574,30000
2022-08-19,0.48998600244522095,0.6200000047683716,0.6700000166893005,0.4699999988079071,0.6700000166893005,290000
2022-08-22,0.48998600244522095,0.6200000047683716,0.6200000047683716,0.6200000047683716,0.6200000047683716,0
2022-08-23,0.48998600244522095,0.6200000047683716,0.6200000047683716,0.6200000047683716,0.6200000047683716,0
2022-08-24,0.48998600244522095,0.6200000047683716,0.6200000047683716,0.5799999833106995,0.5799999833106995,2200000
2022-08-25,0.48998600244522095,0.6200000047683716,0.6200000047683716,0.6200000047683716,0.6200000047683716,200000
2022-08-26,0.48998600244522095,0.6200000047683716,0.6299999952316284,0.6100000143051147,0.6299999952316284,2230000
2022-08-29,0.5215980410575867,0.6600000262260437,0.7799999713897705,0.6600000262260437,0.6899999976158142,390000
2022-08-30,0.48998600244522095,0.6200000047683716,0.6200000047683716,0.6200000047683716,0.6200000047683716,200000
2022-08-31,0.4978890120983124,0.6299999952316284,0.6299999952316284,0.6299999952316284,0.6299999952316284,30000
2022-09-01,0.48208296298980713,0.6100000143051147,0.6299999952316284,0.6100000143051147,0.6299999952316284,60000
2022-09-02,0.47418004274368286,0.6000000238418579,0.6399999856948853,0.6000000238418579,0.6399999856948853,270000
2022-09-05,0.47418004274368286,0.6000000238418579,0.6000000238418579,0.6000000238418579,0.6000000238418579,0
2022-09-06,0.48208296298980713,0.6100000143051147,0.6100000143051147,0.5699999928474426,0.5699999928474426,200000
2022-09-07,0.48208296298980713,0.6100000143051147,0.6100000143051147,0.6100000143051147,0.6100000143051147,0
2022-09-08,0.48208296298980713,0.6100000143051147,0.6100000143051147,0.6100000143051147,0.6100000143051147,0
2022-09-09,0.48208296298980713,0.6100000143051147,0.6100000143051147,0.6100000143051147,0.6100000143051147,0
2022-09-13,0.47418004274368286,0.6000000238418579,0.6000000238418579,0.6000000238418579,0.6000000238418579,10000
2022-09-14,0.45837393403053284,0.5799999833106995,0.5799999833106995,0.5799999833106995,0.5799999833106995,0
2022-09-15,0.505791962146759,0.6399999856948853,0.6399999856948853,0.6000000238418579,0.6000000238418579,300000
2022-09-16,0.46627700328826904,0.5899999737739563,0.5899999737739563,0.550000011920929,0.5899999737739563,140000
2022-09-19,0.45837393403053284,0.5799999833106995,0.5799999833106995,0.5799999833106995,0.5799999833106995,40000
2022-09-20,0.45837393403053284,0.5799999833106995,0.5799999833106995,0.550000011920929,0.550000011920929,110000
2022-09-21,0.4792884290218353,0.550000011920929,0.5600000023841858,0.5299999713897705,0.5600000023841858,390000
2022-09-22,0.4792884290218353,0.550000011920929,0.550000011920929,0.550000011920929,0.550000011920929,0
2022-09-23,0.4792884290218353,0.550000011920929,0.550000011920929,0.550000011920929,0.550000011920929,0
2022-09-26,0.4792884290218353,0.550000011920929,0.550000011920929,0.550000011920929,0.550000011920929,0
2022-09-27,0.4880027770996094,0.5600000023841858,0.5600000023841858,0.45500001311302185,0.45500001311302185,110000
2022-09-28,0.4880027770996094,0.5600000023841858,0.5600000023841858,0.5600000023841858,0.5600000023841858,0
2022-09-29,0.49671706557273865,0.5699999928474426,0.5799999833106995,0.5199999809265137,0.5600000023841858,40000
2022-09-30,0.49671706557273865,0.5699999928474426,0.5799999833106995,0.5699999928474426,0.5600000023841858,60000
2022-10-03,0.4444310963153839,0.5099999904632568,0.5099999904632568,0.5099999904632568,0.5099999904632568,0
2022-10-05,0.46185970306396484,0.5299999713897705,0.5299999713897705,0.5,0.5099999904632568,40000
2022-10-06,0.46185970306396484,0.5299999713897705,0.550000011920929,0.5299999713897705,0.5400000214576721,560000
2022-10-07,0.46185970306396484,0.5299999713897705,0.5299999713897705,0.5299999713897705,0.5299999713897705,0
2022-10-10,0.4270024001598358,0.49000000953674316,0.5199999809265137,0.49000000953674316,0.5199999809265137,90000
2022-10-11,0.4270024001598358,0.49000000953674316,0.49000000953674316,0.49000000953674316,0.49000000953674316,0
2022-10-12,0.4270024001598358,0.49000000953674316,0.49000000953674316,0.49000000953674316,0.49000000953674316,0
2022-10-13,0.4270024001598358,0.49000000953674316,0.49000000953674316,0.49000000953674316,0.49000000953674316,0
2022-10-14,0.4270024001598358,0.49000000953674316,0.49000000953674316,0.48500001430511475,0.4950000047683716,60000
2022-10-17,0.41828805208206177,0.47999998927116394,0.47999998927116394,0.47999998927116394,0.47999998927116394,70000
2022-10-18,0.43135958909988403,0.4950000047683716,0.4950000047683716,0.49000000953674316,0.49000000953674316,330000
2022-10-19,0.43571674823760986,0.5,0.5,0.5,0.5,10000
2022-10-20,0.4444310963153839,0.5099999904632568,0.5099999904632568,0.5099999904632568,0.5099999904632568,10000
2022-10-21,0.4444310963153839,0.5099999904632568,0.5099999904632568,0.5099999904632568,0.5099999904632568,0
2022-10-24,0.41828805208206177,0.47999998927116394,0.5099999904632568,0.4749999940395355,0.5099999904632568,30000
2022-10-25,0.4226452708244324,0.48500001430511475,0.48500001430511475,0.46000000834465027,0.48500001430511475,380000
2022-10-26,0.4226452708244324,0.48500001430511475,0.48500001430511475,0.48500001430511475,0.48500001430511475,0
2022-10-27,0.4226452708244324,0.48500001430511475,0.48500001430511475,0.48500001430511475,0.48500001430511475,40000
2022-10-28,0.4226452708244324,0.48500001430511475,0.48500001430511475,0.48500001430511475,0.48500001430511475,0
2022-10-31,0.392145037651062,0.44999998807907104,0.45500001311302185,0.4350000023841858,0.45500001311302185,130000
2022-11-01,0.40085941553115845,0.46000000834465027,0.46000000834465027,0.46000000834465027,0.46000000834465027,20000
2022-11-02,0.40085941553115845,0.46000000834465027,0.46000000834465027,0.46000000834465027,0.46000000834465027,0
2022-11-03,0.40085941553115845,0.46000000834465027,0.46000000834465027,0.46000000834465027,0.46000000834465027,0
2022-11-04,0.40085941553115845,0.46000000834465027,0.46000000834465027,0.46000000834465027,0.46000000834465027,0
2022-11-07,0.40085941553115845,0.46000000834465027,0.46000000834465027,0.46000000834465027,0.46000000834465027,0
2022-11-08,0.40085941553115845,0.46000000834465027,0.46000000834465027,0.46000000834465027,0.46000000834465027,0
2022-11-09,0.40085941553115845,0.46000000834465027,0.46000000834465027,0.46000000834465027,0.46000000834465027,0
2022-11-10,0.40085941553115845,0.46000000834465027,0.46000000834465027,0.46000000834465027,0.46000000834465027,0
2022-11-11,0.40085941553115845,0.46000000834465027,0.46000000834465027,0.46000000834465027,0.46000000834465027,0
2022-11-14,0.40085941553115845,0.46000000834465027,0.46000000834465027,0.46000000834465027,0.46000000834465027,0
2022-11-15,0.40085941553115845,0.46000000834465027,0.46000000834465027,0.46000000834465027,0.46000000834465027,0
2022-11-16,0.40085941553115845,0.46000000834465027,0.46000000834465027,0.4350000023841858,0.4449999928474426,270000
2022-11-17,0.3790735602378845,0.4350000023841858,0.4399999976158142,0.4300000071525574,0.4399999976158142,130000
2022-11-18,0.4052165746688843,0.4650000035762787,0.49000000953674316,0.46000000834465027,0.46000000834465027,70000
2022-11-21,0.3790735602378845,0.4350000023841858,0.4350000023841858,0.4350000023841858,0.46000000834465027,20000
2022-11-22,0.3790735602378845,0.4350000023841858,0.4350000023841858,0.4350000023841858,0.4350000023841858,0
2022-11-23,0.3790735602378845,0.4350000023841858,0.4650000035762787,0.41499999165534973,0.41499999165534973,100000
2022-11-24,0.3790735602378845,0.4350000023841858,0.4350000023841858,0.4350000023841858,0.4350000023841858,20000
2022-11-25,0.3790735602378845,0.4350000023841858,0.4350000023841858,0.4350000023841858,0.4350000023841858,0
2022-11-28,0.3790735602378845,0.4350000023841858,0.4350000023841858,0.4350000023841858,0.4350000023841858,0
2022-11-29,0.3790735602378845,0.4350000023841858,0.4350000023841858,0.4350000023841858,0.4350000023841858,0
2022-11-30,0.3747164011001587,0.4300000071525574,0.4300000071525574,0.4300000071525574,0.4300000071525574,60000
2022-12-01,0.3747164011001587,0.4300000071525574,0.4300000071525574,0.4300000071525574,0.4300000071525574,0
2022-12-02,0.3747164011001587,0.4300000071525574,0.4300000071525574,0.4300000071525574,0.4300000071525574,0
2022-12-05,0.3790735602378845,0.4350000023841858,0.4699999988079071,0.4300000071525574,0.4699999988079071,20000
2022-12-06,0.3790735602378845,0.4350000023841858,0.4350000023841858,0.4350000023841858,0.4350000023841858,0
2022-12-07,0.392145037651062,0.44999998807907104,0.45500001311302185,0.4350000023841858,0.4350000023841858,320000
2022-12-08,0.3747164011001587,0.4300000071525574,0.46000000834465027,0.42500001192092896,0.46000000834465027,570000
2022-12-09,0.3572877049446106,0.4099999964237213,0.4300000071525574,0.38999998569488525,0.4300000071525574,210000
2022-12-12,0.3572877049446106,0.4099999964237213,0.4099999964237213,0.4099999964237213,0.4099999964237213,0
2022-12-13,0.3747164011001587,0.4300000071525574,0.4300000071525574,0.4099999964237213,0.41499999165534973,790000
2022-12-14,0.38343074917793274,0.4399999976158142,0.4399999976158142,0.41499999165534973,0.4300000071525574,460000
2022-12-15,0.3747164011001587,0.4300000071525574,0.4399999976158142,0.4300000071525574,0.4399999976158142,440000
2022-12-16,0.38343074917793274,0.4399999976158142,0.4449999928474426,0.4300000071525574,0.4300000071525574,440000
2022-12-19,0.392145037651062,0.44999998807907104,0.44999998807907104,0.4350000023841858,0.4399999976158142,450000
2022-12-20,0.3965022563934326,0.45500001311302185,0.49000000953674316,0.44999998807907104,0.47999998927116394,650000
2022-12-21,0.38343074917793274,0.4399999976158142,0.44999998807907104,0.4399999976158142,0.44999998807907104,260000
2022-12-22,0.392145037651062,0.44999998807907104,0.47999998927116394,0.44999998807907104,0.47999998927116394,640000
2022-12-23,0.392145037651062,0.44999998807907104,0.44999998807907104,0.44999998807907104,0.44999998807907104,0
2022-12-28,0.40085941553115845,0.46000000834465027,0.46000000834465027,0.45500001311302185,0.45500001311302185,270000
2022-12-29,0.40085941553115845,0.46000000834465027,0.46000000834465027,0.46000000834465027,0.46000000834465027,0
2022-12-30,0.40085941553115845,0.46000000834465027,0.46000000834465027,0.46000000834465027,0.46000000834465027,0
2023-01-03,0.40085941553115845,0.46000000834465027,0.46000000834465027,0.46000000834465027,0.46000000834465027,0
2023-01-04,0.40085941553115845,0.46000000834465027,0.46000000834465027,0.46000000834465027,0.46000000834465027,0
2023-01-05,0.392145037651062,0.44999998807907104,0.44999998807907104,0.44999998807907104,0.44999998807907104,400000
2023-01-06,0.41828805208206177,0.47999998927116394,0.47999998927116394,0.4650000035762787,0.4650000035762787,490000
2023-01-09,0.43571674823760986,0.5,0.5,0.5,0.5,50000
2023-01-10,0.43571674823760986,0.5,0.5,0.5,0.5,0
2023-01-11,0.43571674823760986,0.5,0.5,0.5,0.5,0
2023-01-12,0.43571674823760986,0.5,0.5099999904632568,0.5,0.5099999904632568,110000
2023-01-13,0.43571674823760986,0.5,0.5,0.5,0.5,0
2023-01-16,0.43571674823760986,0.5,0.5,0.5,0.5,0
2023-01-17,0.43571674823760986,0.5,0.5,0.5,0.5,0
2023-01-18,0.41828805208206177,0.47999998927116394,0.47999998927116394,0.47999998927116394,0.47999998927116394,0
2023-01-19,0.41828805208206177,0.47999998927116394,0.47999998927116394,0.47999998927116394,0.47999998927116394,0
2023-01-20,0.4270024001598358,0.49000000953674316,0.49000000953674316,0.49000000953674316,0.49000000953674316,250000
2023-01-26,0.43135958909988403,0.4950000047683716,0.5,0.4950000047683716,0.4950000047683716,490000
2023-01-27,0.4444310963153839,0.5099999904632568,0.5099999904632568,0.4950000047683716,0.4950000047683716,510000
2023-01-30,0.4052165746688843,0.4650000035762787,0.4650000035762787,0.46000000834465027,0.46000000834465027,550000
2023-01-31,0.3965022563934326,0.45500001311302185,0.45500001311302185,0.44999998807907104,0.44999998807907104,550000
2023-02-01,0.38778790831565857,0.4449999928474426,0.45500001311302185,0.41999998688697815,0.45500001311302185,410000
2023-02-02,0.38778790831565857,0.4449999928474426,0.4449999928474426,0.4399999976158142,0.4399999976158142,500000
2023-02-03,0.392145037651062,0.44999998807907104,0.44999998807907104,0.4399999976158142,0.4399999976158142,310000
2023-02-06,0.38343074917793274,0.4399999976158142,0.4399999976158142,0.4399999976158142,0.4399999976158142,30000
2023-02-07,0.392145037651062,0.44999998807907104,0.44999998807907104,0.44999998807907104,0.44999998807907104,0
2023-02-08,0.392145037651062,0.44999998807907104,0.44999998807907104,0.44999998807907104,0.44999998807907104,0
2023-02-09,0.4052165746688843,0.4650000035762787,0.4650000035762787,0.46000000834465027,0.46000000834465027,260000
2023-02-10,0.4052165746688843,0.4650000035762787,0.4650000035762787,0.46000000834465027,0.46000000834465027,260000
2023-02-13,0.4052165746688843,0.4650000035762787,0.4650000035762787,0.4650000035762787,0.4650000035762787,0
2023-02-14,0.4052165746688843,0.4650000035762787,0.4650000035762787,0.4650000035762787,0.4650000035762787,0
2023-02-15,0.4052165746688843,0.4650000035762787,0.4650000035762787,0.4650000035762787,0.4650000035762787,0
2023-02-16,0.4052165746688843,0.4650000035762787,0.4650000035762787,0.4650000035762787,0.4650000035762787,0
2023-02-17,0.4052165746688843,0.4650000035762787,0.4650000035762787,0.4650000035762787,0.4650000035762787,0
2023-02-20,0.40085941553115845,0.46000000834465027,0.46000000834465027,0.42500001192092896,0.46000000834465027,540000
2023-02-21,0.40085941553115845,0.46000000834465027,0.46000000834465027,0.46000000834465027,0.46000000834465027,0
2023-02-22,0.392145037651062,0.44999998807907104,0.44999998807907104,0.44999998807907104,0.44999998807907104,20000
2023-02-23,0.37035924196243286,0.42500001192092896,0.42500001192092896,0.42500001192092896,0.42500001192092896,100000
2023-02-24,0.37035924196243286,0.42500001192092896,0.42500001192092896,0.42500001192092896,0.42500001192092896,0
2023-02-27,0.37035924196243286,0.42500001192092896,0.42500001192092896,0.42500001192092896,0.42500001192092896,0
2023-02-28,0.37035924196243286,0.42500001192092896,0.42500001192092896,0.4099999964237213,0.42500001192092896,500000
2023-03-01,0.3572877049446106,0.4099999964237213,0.42500001192092896,0.4000000059604645,0.42500001192092896,50000
2023-03-02,0.3572877049446106,0.4099999964237213,0.4099999964237213,0.4099999964237213,0.4099999964237213,0
2023-03-03,0.3572877049446106,0.4099999964237213,0.4099999964237213,0.4099999964237213,0.4099999964237213,0
2023-03-06,0.37035924196243286,0.42500001192092896,0.42500001192092896,0.42500001192092896,0.42500001192092896,0
2023-03-07,0.37035924196243286,0.42500001192092896,0.42500001192092896,0.42500001192092896,0.42500001192092896,0
2023-03-08,0.37035924196243286,0.42500001192092896,0.42500001192092896,0.42500001192092896,0.42500001192092896,0
2023-03-09,0.37035924196243286,0.42500001192092896,0.42500001192092896,0.42500001192092896,0.42500001192092896,0
2023-03-10,0.3616448938846588,0.41499999165534973,0.41499999165534973,0.41499999165534973,0.41499999165534973,0
2023-03-13,0.3616448938846588,0.41499999165534973,0.41499999165534973,0.41499999165534973,0.41499999165534973,0
2023-03-14,0.3616448938846588,0.41499999165534973,0.41499999165534973,0.41499999165534973,0.41499999165534973,0
2023-03-15,0.3616448938846588,0.41499999165534973,0.41499999165534973,0.41499999165534973,0.41499999165534973,0
2023-03-16,0.3616448938846588,0.41499999165534973,0.41499999165534973,0.41499999165534973,0.41499999165534973,0
2023-03-17,0.3616448938846588,0.41499999165534973,0.41499999165534973,0.41499999165534973,0.41499999165534973,0
2023-03-20,0.35293057560920715,0.4050000011920929,0.4050000011920929,0.4050000011920929,0.4050000011920929,0
2023-03-21,0.35293057560920715,0.4050000011920929,0.4050000011920929,0.4050000011920929,0.4050000011920929,40000
2023-03-22,0.35293057560920715,0.4050000011920929,0.4050000011920929,0.4050000011920929,0.4050000011920929,0
2023-03-23,0.35293057560920715,0.4050000011920929,0.4050000011920929,0.4050000011920929,0.4050000011920929,0
2023-03-24,0.35293057560920715,0.4050000011920929,0.4050000011920929,0.4050000011920929,0.4050000011920929,0
2023-03-27,0.3485734164714813,0.4000000059604645,0.4000000059604645,0.4000000059604645,0.4000000059604645,0
2023-03-28,0.3485734164714813,0.4000000059604645,0.4000000059604645,0.4000000059604645,0.4000000059604645,10000
2023-03-29,0.3485734164714813,0.4000000059604645,0.4000000059604645,0.4000000059604645,0.4000000059604645,0
2023-03-30,0.3442162275314331,0.39500001072883606,0.4000000059604645,0.38999998569488525,0.4000000059604645,80000
2023-03-31,0.3442162275314331,0.39500001072883606,0.39500001072883606,0.39500001072883606,0.39500001072883606,0
2023-04-03,0.3442162275314331,0.39500001072883606,0.39500001072883606,0.39500001072883606,0.39500001072883606,0
2023-04-04,0.3442162275314331,0.39500001072883606,0.39500001072883606,0.39500001072883606,0.39500001072883606,0
2023-04-06,0.3442162275314331,0.39500001072883606,0.39500001072883606,0.39500001072883606,0.39500001072883606,0
2023-04-11,0.3442162275314331,0.39500001072883606,0.39500001072883606,0.39500001072883606,0.39500001072883606,0
2023-04-12,0.3442162275314331,0.39500001072883606,0.4000000059604645,0.39500001072883606,0.4000000059604645,40000
2023-04-13,0.3442162275314331,0.39500001072883606,0.39500001072883606,0.39500001072883606,0.39500001072883606,0
2023-04-14,0.3442162275314331,0.39500001072883606,0.39500001072883606,0.39500001072883606,0.39500001072883606,0
2023-04-17,0.3442162275314331,0.39500001072883606,0.39500001072883606,0.39500001072883606,0.39500001072883606,20000
2023-04-18,0.35293057560920715,0.4050000011920929,0.4050000011920929,0.4050000011920929,0.4050000011920929,0
2023-04-19,0.36600205302238464,0.41999998688697815,0.41999998688697815,0.4099999964237213,0.4099999964237213,250000
2023-04-20,0.3965022563934326,0.45500001311302185,0.44999998807907104,0.42500001192092896,0.42500001192092896,680000
2023-04-21,0.3965022563934326,0.45500001311302185,0.45500001311302185,0.45500001311302185,0.45500001311302185,0
2023-04-24,0.3747164011001587,0.4300000071525574,0.4300000071525574,0.4300000071525574,0.4300000071525574,0
2023-04-25,0.3747164011001587,0.4300000071525574,0.4300000071525574,0.41999998688697815,0.41999998688697815,310000
2023-04-26,0.392145037651062,0.44999998807907104,0.44999998807907104,0.42500001192092896,0.42500001192092896,630000
2023-04-27,0.392145037651062,0.44999998807907104,0.44999998807907104,0.44999998807907104,0.44999998807907104,160000
2023-04-28,0.392145037651062,0.44999998807907104,0.44999998807907104,0.44999998807907104,0.44999998807907104,0
2023-05-02,0.392145037651062,0.44999998807907104,0.44999998807907104,0.42500001192092896,0.42500001192092896,280000
2023-05-03,0.392145037651062,0.44999998807907104,0.44999998807907104,0.44999998807907104,0.44999998807907104,0
2023-05-04,0.392145037651062,0.44999998807907104,0.44999998807907104,0.44999998807907104,0.44999998807907104,0
2023-05-05,0.38343074917793274,0.4399999976158142,0.5400000214576721,0.4399999976158142,0.44999998807907104,70000
2023-05-08,0.38343074917793274,0.4399999976158142,0.4399999976158142,0.4399999976158142,0.4399999976158142,0
2023-05-09,0.3485734164714813,0.4000000059604645,0.4300000071525574,0.3799999952316284,0.4300000071525574,310000
2023-05-10,0.3485734164714813,0.4000000059604645,0.4000000059604645,0.39500001072883606,0.39500001072883606,60000
2023-05-11,0.3485734164714813,0.4000000059604645,0.4000000059604645,0.4000000059604645,0.4000000059604645,20000
2023-05-12,0.3485734164714813,0.4000000059604645,0.4050000011920929,0.4000000059604645,0.4000000059604645,520000
2023-05-15,0.3572877049446106,0.4099999964237213,0.4099999964237213,0.4099999964237213,0.4099999964237213,30000
2023-05-16,0.3572877049446106,0.4099999964237213,0.4099999964237213,0.39500001072883606,0.4099999964237213,150000
2023-05-17,0.3572877049446106,0.4099999964237213,0.4099999964237213,0.4099999964237213,0.4099999964237213,0
2023-05-18,0.3572877049446106,0.4099999964237213,0.4099999964237213,0.4099999964237213,0.4099999964237213,0
2023-05-19,0.3442162275314331,0.39500001072883606,0.39500001072883606,0.39500001072883606,0.39500001072883606,0
2023-05-22,0.3442162275314331,0.39500001072883606,0.39500001072883606,0.39500001072883606,0.39500001072883606,0
2023-05-23,0.3485734164714813,0.4000000059604645,0.4000000059604645,0.4000000059604645,0.4000000059604645,0
2023-05-24,0.3485734164714813,0.4000000059604645,0.4000000059604645,0.38499999046325684,0.4000000059604645,520000
2023-05-25,0.3398590385913849,0.38999998569488525,0.4050000011920929,0.38999998569488525,0.4000000059604645,520000
2023-05-29,0.3398590385913849,0.38999998569488525,0.4000000059604645,0.3499999940395355,0.4000000059604645,510000
2023-05-30,0.3442162275314331,0.39500001072883606,0.4000000059604645,0.38999998569488525,0.4000000059604645,550000
2023-05-31,0.3485734164714813,0.4000000059604645,0.4000000059604645,0.35499998927116394,0.4000000059604645,520000
2023-06-01,0.3485734164714813,0.4000000059604645,0.4000000059604645,0.4000000059604645,0.4000000059604645,0
2023-06-02,0.3485734164714813,0.4000000059604645,0.4000000059604645,0.4000000059604645,0.4000000059604645,0
2023-06-05,0.3485734164714813,0.4000000059604645,0.4000000059604645,0.4000000059604645,0.4000000059604645,0
2023-06-06,0.3485734164714813,0.4000000059604645,0.4000000059604645,0.4000000059604645,0.4000000059604645,0
2023-06-07,0.33550187945365906,0.38499999046325684,0.38499999046325684,0.38499999046325684,0.38499999046325684,0
2023-06-08,0.33550187945365906,0.38499999046325684,0.38499999046325684,0.38499999046325684,0.38499999046325684,0
2023-06-09,0.3398590385913849,0.38999998569488525,0.38999998569488525,0.38999998569488525,0.38999998569488525,10000
2023-06-12,0.3398590385913849,0.38999998569488525,0.38999998569488525,0.38999998569488525,0.38999998569488525,0
2023-06-13,0.3398590385913849,0.38999998569488525,0.38999998569488525,0.38999998569488525,0.38999998569488525,0
2023-06-14,0.3398590385913849,0.38999998569488525,0.38999998569488525,0.38999998569488525,0.38999998569488525,0
2023-06-15,0.3398590385913849,0.38999998569488525,0.38999998569488525,0.38999998569488525,0.38999998569488525,0
2023-06-16,0.3311447203159332,0.3799999952316284,0.38499999046325684,0.3799999952316284,0.38499999046325684,630000
2023-06-19,0.36600205302238464,0.41999998688697815,0.42500001192092896,0.3799999952316284,0.3799999952316284,330000
2023-06-20,0.3311447203159332,0.3799999952316284,0.3799999952316284,0.3700000047683716,0.3700000047683716,30000
2023-06-21,0.33550187945365906,0.38499999046325684,0.38499999046325684,0.38499999046325684,0.38999998569488525,30000
2023-06-23,0.3398590385913849,0.38999998569488525,0.38999998569488525,0.3799999952316284,0.38499999046325684,580000
2023-06-26,0.3267875611782074,0.375,0.3799999952316284,0.36500000953674316,0.3799999952316284,360000
2023-06-27,0.3267875611782074,0.375,0.375,0.375,0.375,0
2023-06-28,0.3311447203159332,0.3799999952316284,0.3799999952316284,0.3799999952316284,0.3799999952316284,0
2023-06-29,0.3311447203159332,0.3799999952316284,0.3799999952316284,0.3799999952316284,0.3799999952316284,0
2023-06-30,0.3267875611782074,0.375,0.375,0.36000001430511475,0.3799999952316284,110000
2023-07-03,0.3137160837650299,0.36000001430511475,0.36000001430511475,0.36000001430511475,0.36000001430511475,0
2023-07-04,0.3485734164714813,0.4000000059604645,0.4000000059604645,0.3400000035762787,0.3400000035762787,100000
2023-07-05,0.3398590385913849,0.38999998569488525,0.4050000011920929,0.38499999046325684,0.4000000059604645,200000
2023-07-06,0.3398590385913849,0.38999998569488525,0.38999998569488525,0.38999998569488525,0.38999998569488525,0
2023-07-07,0.3398590385913849,0.38999998569488525,0.38999998569488525,0.38999998569488525,0.38999998569488525,0
2023-07-10,0.3398590385913849,0.38999998569488525,0.38999998569488525,0.38999998569488525,0.38999998569488525,0
2023-07-11,0.3398590385913849,0.38999998569488525,0.38999998569488525,0.38999998569488525,0.38999998569488525,0
2023-07-12,0.3398590385913849,0.38999998569488525,0.38999998569488525,0.38999998569488525,0.38999998569488525,0
2023-07-13,0.3398590385913849,0.38999998569488525,0.38999998569488525,0.38999998569488525,0.38999998569488525,0
2023-07-14,0.3398590385913849,0.38999998569488525,0.38999998569488525,0.38999998569488525,0.38999998569488525,0
2023-07-18,0.3398590385913849,0.38999998569488525,0.38999998569488525,0.38999998569488525,0.38999998569488525,0
2023-07-19,0.3442162275314331,0.39500001072883606,0.39500001072883606,0.38999998569488525,0.38999998569488525,650000
2023-07-20,0.3442162275314331,0.39500001072883606,0.39500001072883606,0.39500001072883606,0.39500001072883606,0
2023-07-21,0.3442162275314331,0.39500001072883606,0.39500001072883606,0.39500001072883606,0.39500001072883606,0
2023-07-24,0.3442162275314331,0.39500001072883606,0.39500001072883606,0.39500001072883606,0.39500001072883606,0
2023-07-25,0.3442162275314331,0.39500001072883606,0.39500001072883606,0.39500001072883606,0.39500001072883606,0
2023-07-26,0.3442162275314331,0.39500001072883606,0.39500001072883606,0.39500001072883606,0.39500001072883606,0
2023-07-27,0.3442162275314331,0.39500001072883606,0.39500001072883606,0.39500001072883606,0.39500001072883606,0
2023-07-28,0.33550187945365906,0.38499999046325684,0.38499999046325684,0.38499999046325684,0.38499999046325684,650000
2023-07-31,0.33550187945365906,0.38499999046325684,0.38499999046325684,0.38499999046325684,0.38499999046325684,0
2023-08-01,0.33550187945365906,0.38499999046325684,0.38499999046325684,0.38499999046325684,0.38499999046325684,0
2023-08-02,0.33550187945365906,0.38499999046325684,0.38499999046325684,0.38499999046325684,0.38499999046325684,0
2023-08-03,0.33550187945365906,0.38499999046325684,0.38499999046325684,0.38499999046325684,0.38499999046325684,0
2023-08-04,0.33550187945365906,0.38499999046325684,0.38499999046325684,0.38499999046325684,0.38499999046325684,0
2023-08-07,0.33550187945365906,0.38499999046325684,0.38499999046325684,0.38499999046325684,0.38499999046325684,0
2023-08-08,0.33550187945365906,0.38499999046325684,0.38499999046325684,0.38499999046325684,0.38499999046325684,0
2023-08-09,0.33550187945365906,0.38499999046325684,0.38499999046325684,0.38499999046325684,0.38499999046325684,0
2023-08-10,0.33550187945365906,0.38499999046325684,0.38499999046325684,0.38499999046325684,0.38499999046325684,0
2023-08-11,0.31807324290275574,0.36500000953674316,0.36500000953674316,0.36500000953674316,0.36500000953674316,10000
2023-08-14,0.31807324290275574,0.36500000953674316,0.36500000953674316,0.36500000953674316,0.36500000953674316,0
2023-08-15,0.3093588650226593,0.35499998927116394,0.35499998927116394,0.3449999988079071,0.35499998927116394,30000
2023-08-16,0.33550187945365906,0.38499999046325684,0.38499999046325684,0.36000001430511475,0.36000001430511475,120000
2023-08-17,0.33550187945365906,0.38499999046325684,0.38499999046325684,0.38499999046325684,0.38499999046325684,0
2023-08-18,0.33550187945365906,0.38499999046325684,0.38499999046325684,0.38499999046325684,0.38499999046325684,0
2023-08-21,0.33550187945365906,0.38499999046325684,0.38499999046325684,0.38499999046325684,0.38499999046325684,0
2023-08-22,0.33550187945365906,0.38499999046325684,0.38499999046325684,0.38499999046325684,0.38499999046325684,0
2023-08-23,0.3485734164714813,0.4000000059604645,0.4000000059604645,0.4000000059604645,0.4000000059604645,0
2023-08-24,0.3442162275314331,0.39500001072883606,0.39500001072883606,0.39500001072883606,0.39500001072883606,10000
2023-08-25,0.3442162275314331,0.39500001072883606,0.39500001072883606,0.39500001072883606,0.39500001072883606,0
2023-08-28,0.3442162275314331,0.39500001072883606,0.39500001072883606,0.39500001072883606,0.39500001072883606,0
2023-08-29,0.33550187945365906,0.38499999046325684,0.38499999046325684,0.38499999046325684,0.38499999046325684,0
2023-08-30,0.33550187945365906,0.38499999046325684,0.38499999046325684,0.38499999046325684,0.38499999046325684,0
2023-08-31,0.33550187945365906,0.38499999046325684,0.38499999046325684,0.38499999046325684,0.38499999046325684,0
2023-09-04,0.33550187945365906,0.38499999046325684,0.38499999046325684,0.38499999046325684,0.38499999046325684,0
2023-09-05,0.33550187945365906,0.38499999046325684,0.38499999046325684,0.38499999046325684,0.38499999046325684,0
2023-09-06,0.33550187945365906,0.38499999046325684,0.38499999046325684,0.38499999046325684,0.38499999046325684,0
2023-09-07,0.33550187945365906,0.38499999046325684,0.38499999046325684,0.38499999046325684,0.38499999046325684,0
2023-09-11,0.3267875611782074,0.375,0.3799999952316284,0.375,0.3799999952316284,550000
2023-09-12,0.3267875611782074,0.375,0.375,0.375,0.375,0
2023-09-13,0.3267875611782074,0.375,0.375,0.375,0.375,30000
2023-09-14,0.3267875611782074,0.375,0.375,0.375,0.375,0
2023-09-15,0.30500170588493347,0.3499999940395355,0.3449999988079071,0.3449999988079071,0.3449999988079071,10000
2023-09-18,0.30500170588493347,0.3499999940395355,0.3499999940395355,0.3499999940395355,0.3499999940395355,0
2023-09-19,0.30500170588493347,0.3499999940395355,0.3499999940395355,0.3499999940395355,0.3499999940395355,0
2023-09-20,0.3186585009098053,0.3499999940395355,0.3499999940395355,0.3499999940395355,0.3499999940395355,0
2023-09-21,0.3186585009098053,0.3499999940395355,0.3499999940395355,0.3499999940395355,0.3499999940395355,10000
2023-09-22,0.3186585307121277,0.33500000834465027,0.33500000834465027,0.33500000834465027,0.33500000834465027,0
2023-09-25,0.3186585307121277,0.33500000834465027,0.33500000834465027,0.33500000834465027,0.33500000834465027,0
2023-09-26,0.3186585307121277,0.33500000834465027,0.33500000834465027,0.33500000834465027,0.33500000834465027,0
2023-09-27,0.3186585307121277,0.33500000834465027,0.33500000834465027,0.33500000834465027,0.33500000834465027,50000
2023-09-28,0.3186585307121277,0.33500000834465027,0.33500000834465027,0.33500000834465027,0.33500000834465027,30000
2023-09-29,0.3186585307121277,0.33500000834465027,0.33500000834465027,0.33500000834465027,0.33500000834465027,0
2023-10-03,0.3186585307121277,0.33500000834465027,0.33500000834465027,0.33500000834465027,0.33500000834465027,0
2023-10-04,0.3186585307121277,0.33500000834465027,0.33500000834465027,0.33500000834465027,0.33500000834465027,0
2023-10-05,0.3186585307121277,0.33500000834465027,0.33500000834465027,0.33500000834465027,0.33500000834465027,0
2023-10-06,0.3186585307121277,0.33500000834465027,0.33500000834465027,0.33500000834465027,0.33500000834465027,0
2023-10-09,0.3186585307121277,0.33500000834465027,0.33500000834465027,0.33500000834465027,0.33500000834465027,0
2023-10-10,0.3186585307121277,0.33500000834465027,0.33500000834465027,0.33500000834465027,0.33500000834465027,0
2023-10-11,0.3186585307121277,0.33500000834465027,0.33500000834465027,0.33500000834465027,0.33500000834465027,0
2023-10-12,0.3186585307121277,0.33500000834465027,0.33500000834465027,0.33500000834465027,0.33500000834465027,0
2023-10-13,0.3186585307121277,0.33500000834465027,0.33500000834465027,0.33500000834465027,0.33500000834465027,0
2023-10-16,0.3186585307121277,0.33500000834465027,0.33500000834465027,0.33500000834465027,0.33500000834465027,0
2023-10-17,0.2948780357837677,0.3100000023841858,0.33500000834465027,0.3100000023841858,0.33500000834465027,80000
2023-10-18,0.28060972690582275,0.29499998688697815,0.29499998688697815,0.25999999046325684,0.25999999046325684,130000
2023-10-19,0.28060972690582275,0.29499998688697815,0.29499998688697815,0.29499998688697815,0.29499998688697815,0
2023-10-20,0.28060972690582275,0.29499998688697815,0.29499998688697815,0.29499998688697815,0.29499998688697815,0
2023-10-24,0.28060972690582275,0.29499998688697815,0.29499998688697815,0.2549999952316284,0.2549999952316284,20000
2023-10-25,0.28060972690582275,0.29499998688697815,0.29499998688697815,0.29499998688697815,0.29499998688697815,0
2023-10-26,0.28060972690582275,0.29499998688697815,0.29499998688697815,0.29499998688697815,0.29499998688697815,0
2023-10-27,0.28060972690582275,0.29499998688697815,0.29499998688697815,0.29499998688697815,0.29499998688697815,0
2023-10-30,0.3234146237373352,0.3400000035762787,0.36500000953674316,0.2849999964237213,0.29499998688697815,60000
2023-10-31,0.28060972690582275,0.29499998688697815,0.29499998688697815,0.28999999165534973,0.29499998688697815,40000
2023-11-01,0.28060972690582275,0.29499998688697815,0.29499998688697815,0.29499998688697815,0.29499998688697815,0
2023-11-02,0.28060972690582275,0.29499998688697815,0.29499998688697815,0.29499998688697815,0.29499998688697815,0
2023-11-03,0.28536584973335266,0.30000001192092896,0.30000001192092896,0.30000001192092896,0.30000001192092896,0
2023-11-06,0.2901219427585602,0.3050000071525574,0.3050000071525574,0.3050000071525574,0.3050000071525574,220000
2023-11-07,0.2901219427585602,0.3050000071525574,0.3050000071525574,0.30000001192092896,0.3050000071525574,520000
2023-11-08,0.2901219427585602,0.3050000071525574,0.3050000071525574,0.3050000071525574,0.3050000071525574,0
2023-11-09,0.28536584973335266,0.30000001192092896,0.30000001192092896,0.30000001192092896,0.30000001192092896,0
2023-11-10,0.28536584973335266,0.30000001192092896,0.30000001192092896,0.30000001192092896,0.30000001192092896,0
2023-11-13,0.28536584973335266,0.30000001192092896,0.30000001192092896,0.30000001192092896,0.30000001192092896,0
2023-11-14,0.28536584973335266,0.30000001192092896,0.30000001192092896,0.30000001192092896,0.30000001192092896,0
2023-11-15,0.28536584973335266,0.30000001192092896,0.30000001192092896,0.30000001192092896,0.30000001192092896,0
2023-11-16,0.28536584973335266,0.30000001192092896,0.30000001192092896,0.30000001192092896,0.30000001192092896,0
2023-11-17,0.28536584973335266,0.30000001192092896,0.30000001192092896,0.30000001192092896,0.30000001192092896,0
2023-11-20,0.28536584973335266,0.30000001192092896,0.30000001192092896,0.30000001192092896,0.30000001192092896,0
2023-11-21,0.28536584973335266,0.30000001192092896,0.30000001192092896,0.30000001192092896,0.30000001192092896,0
2023-11-22,0.28536584973335266,0.30000001192092896,0.30000001192092896,0.30000001192092896,0.30000001192092896,0
2023-11-23,0.28536584973335266,0.30000001192092896,0.30000001192092896,0.30000001192092896,0.30000001192092896,700000
2023-11-24,0.28536584973335266,0.30000001192092896,0.28999999165534973,0.26499998569488525,0.28999999165534973,30000
2023-11-27,0.28536584973335266,0.30000001192092896,0.30000001192092896,0.30000001192092896,0.30000001192092896,0
2023-11-28,0.28536584973335266,0.30000001192092896,0.30000001192092896,0.30000001192092896,0.30000001192092896,0
2023-11-29,0.28536584973335266,0.30000001192092896,0.30000001192092896,0.30000001192092896,0.30000001192092896,0
2023-11-30,0.28536584973335266,0.30000001192092896,0.30000001192092896,0.30000001192092896,0.30000001192092896,0
2023-12-01,0.28536584973335266,0.30000001192092896,0.30000001192092896,0.30000001192092896,0.30000001192092896,0
2023-12-04,0.28536584973335266,0.30000001192092896,0.30000001192092896,0.30000001192092896,0.30000001192092896,0
2023-12-05,0.28536584973335266,0.30000001192092896,0.30000001192092896,0.30000001192092896,0.30000001192092896,0
2023-12-06,0.28536584973335266,0.30000001192092896,0.30000001192092896,0.30000001192092896,0.30000001192092896,0
2023-12-07,0.28536584973335266,0.30000001192092896,0.30000001192092896,0.30000001192092896,0.30000001192092896,0
2023-12-08,0.31390243768692017,0.33000001311302185,0.3400000035762787,0.26499998569488525,0.27000001072883606,90000
2023-12-11,0.3281707167625427,0.3449999988079071,0.3449999988079071,0.3449999988079071,0.3449999988079071,0
2023-12-12,0.2663414478302002,0.2800000011920929,0.2849999964237213,0.2750000059604645,0.2750000059604645,50000
2023-12-13,0.2663414478302002,0.2800000011920929,0.2800000011920929,0.2800000011920929,0.2800000011920929,0
2023-12-14,0.23590242862701416,0.24799999594688416,0.2800000011920929,0.23999999463558197,0.2800000011920929,260000
2023-12-15,0.23590242862701416,0.24799999594688416,0.24799999594688416,0.24799999594688416,0.24799999594688416,0
2023-12-18,0.23590242862701416,0.24799999594688416,0.24799999594688416,0.24799999594688416,0.24799999594688416,0
2023-12-19,0.23590242862701416,0.24799999594688416,0.24799999594688416,0.24799999594688416,0.24799999594688416,0
2023-12-20,0.23590242862701416,0.24799999594688416,0.24799999594688416,0.24799999594688416,0.24799999594688416,0
2023-12-21,0.23590242862701416,0.24799999594688416,0.24799999594688416,0.24799999594688416,0.24799999594688416,0
2023-12-22,0.23590242862701416,0.24799999594688416,0.24799999594688416,0.24799999594688416,0.24799999594688416,0
2023-12-27,0.23590242862701416,0.24799999594688416,0.24799999594688416,0.24799999594688416,0.24799999594688416,0
2023-12-28,0.23590242862701416,0.24799999594688416,0.24799999594688416,0.24799999594688416,0.24799999594688416,0
2023-12-29,0.22829267382621765,0.23999999463558197,0.23999999463558197,0.23999999463558197,0.23999999463558197,10000
2024-01-02,0.22829267382621765,0.23999999463558197,0.23999999463558197,0.23999999463558197,0.23999999463558197,0
2024-01-03,0.22829267382621765,0.23999999463558197,0.23999999463558197,0.23999999463558197,0.23999999463558197,0
2024-01-04,0.22829267382621765,0.23999999463558197,0.23999999463558197,0.23999999463558197,0.23999999463558197,0
2024-01-05,0.22829267382621765,0.23999999463558197,0.23999999463558197,0.23999999463558197,0.23999999463558197,0
2024-01-08,0.22829267382621765,0.23999999463558197,0.23999999463558197,0.23999999463558197,0.23999999463558197,0
2024-01-09,0.22829267382621765,0.23999999463558197,0.23999999463558197,0.23999999463558197,0.23999999463558197,0
2024-01-10,0.22829267382621765,0.23999999463558197,0.23999999463558197,0.23999999463558197,0.23999999463558197,0
2024-01-11,0.22829267382621765,0.23999999463558197,0.23999999463558197,0.23999999463558197,0.23999999463558197,0
2024-01-12,0.22829267382621765,0.23999999463558197,0.23999999463558197,0.23999999463558197,0.23999999463558197,0
2024-01-15,0.22829267382621765,0.23999999463558197,0.23999999463558197,0.23999999463558197,0.23999999463558197,0
2024-01-16,0.21782927215099335,0.2290000021457672,0.23000000417232513,0.23000000417232513,0.23000000417232513,30000
2024-01-17,0.21782927215099335,0.2290000021457672,0.23000000417232513,0.2290000021457672,0.23000000417232513,900000
2024-01-18,0.21973170340061188,0.23100000619888306,0.23100000619888306,0.23000000417232513,0.23000000417232513,1000000
2024-01-19,0.21973170340061188,0.23100000619888306,0.23100000619888306,0.23100000619888306,0.23100000619888306,0
2024-01-22,0.22068291902542114,0.23199999332427979,0.23199999332427979,0.23100000619888306,0.23100000619888306,950000
2024-01-23,0.22068291902542114,0.23199999332427979,0.23199999332427979,0.23199999332427979,0.23199999332427979,0
2024-01-24,0.22068291902542114,0.23199999332427979,0.23199999332427979,0.23199999332427979,0.23199999332427979,0
2024-01-25,0.22068291902542114,0.23199999332427979,0.23199999332427979,0.23199999332427979,0.23199999332427979,0
2024-01-26,0.22068291902542114,0.23199999332427979,0.23199999332427979,0.23199999332427979,0.23199999332427979,0
2024-01-29,0.2187804877758026,0.23000000417232513,0.23000000417232513,0.23000000417232513,0.23000000417232513,500000
2024-01-30,0.2187804877758026,0.23000000417232513,0.23000000417232513,0.23000000417232513,0.23000000417232513,600000
2024-01-31,0.2187804877758026,0.23000000417232513,0.23000000417232513,0.23000000417232513,0.23000000417232513,0
2024-02-01,0.2187804877758026,0.23000000417232513,0.23000000417232513,0.23000000417232513,0.23000000417232513,0
2024-02-02,0.25207313895225525,0.26499998569488525,0.26499998569488525,0.26499998569488525,0.26499998569488525,50000
2024-02-05,0.28060972690582275,0.29499998688697815,0.29499998688697815,0.2849999964237213,0.2849999964237213,90000
2024-02-06,0.28060972690582275,0.29499998688697815,0.29499998688697815,0.29499998688697815,0.29499998688697815,0
2024-02-07,0.28060972690582275,0.29499998688697815,0.29499998688697815,0.29499998688697815,0.29499998688697815,0
2024-02-08,0.28060972690582275,0.29499998688697815,0.29499998688697815,0.29499998688697815,0.29499998688697815,0
2024-02-09,0.28060972690582275,0.29499998688697815,0.29499998688697815,0.29499998688697815,0.29499998688697815,0
2024-02-14,0.28060972690582275,0.29499998688697815,0.29499998688697815,0.29499998688697815,0.29499998688697815,0
2024-02-15,0.28060972690582275,0.29499998688697815,0.29499998688697815,0.29499998688697815,0.29499998688697815,0
2024-02-16,0.2901219427585602,0.3050000071525574,0.30000001192092896,0.2849999964237213,0.2849999964237213,910000
2024-02-19,0.2901219427585602,0.3050000071525574,0.3050000071525574,0.3050000071525574,0.3050000071525574,0
2024-02-20,0.2996341288089752,0.3149999976158142,0.3149999976158142,0.3149999976158142,0.3149999976158142,0
2024-02-21,0.31390243768692017,0.33000001311302185,0.33000001311302185,0.33000001311302185,0.33000001311302185,0
2024-02-22,0.34243902564048767,0.36000001430511475,0.36000001430511475,0.35499998927116394,0.35499998927116394,130000
2024-02-23,0.33768290281295776,0.35499998927116394,0.36000001430511475,0.35499998927116394,0.36000001430511475,130000
2024-02-26,0.33292680978775024,0.3499999940395355,0.3499999940395355,0.3499999940395355,0.3499999940395355,0
2024-02-27,0.33292680978775024,0.3499999940395355,0.3499999940395355,0.3499999940395355,0.3499999940395355,0
2024-02-28,0.34243902564048767,0.36000001430511475,0.36000001430511475,0.36000001430511475,0.36000001430511475,400000
2024-02-29,0.34243902564048767,0.36000001430511475,0.36000001430511475,0.36000001430511475,0.36000001430511475,490000
2024-03-01,0.34243902564048767,0.36000001430511475,0.36000001430511475,0.36000001430511475,0.36000001430511475,0
2024-03-04,0.34243902564048767,0.36000001430511475,0.36000001430511475,0.36000001430511475,0.36000001430511475,0
2024-03-05,0.34243902564048767,0.36000001430511475,0.36000001430511475,0.36000001430511475,0.36000001430511475,130000
2024-03-06,0.33768290281295776,0.35499998927116394,0.35499998927116394,0.35499998927116394,0.35499998927116394,10000
2024-03-07,0.33768290281295776,0.35499998927116394,0.35499998927116394,0.35499998927116394,0.35499998927116394,0
2024-03-08,0.33768290281295776,0.35499998927116394,0.35499998927116394,0.35499998927116394,0.35499998927116394,0
2024-03-11,0.33768290281295776,0.35499998927116394,0.35499998927116394,0.35499998927116394,0.35499998927116394,0
2024-03-12,0.33768290281295776,0.35499998927116394,0.35499998927116394,0.35499998927116394,0.35499998927116394,0
2024-03-13,0.2996341288089752,0.3149999976158142,0.3149999976158142,0.2549999952316284,0.2549999952316284,80000
2024-03-14,0.2948780357837677,0.3100000023841858,0.3100000023841858,0.3100000023841858,0.3100000023841858,400000
2024-03-15,0.2948780357837677,0.3100000023841858,0.3100000023841858,0.3100000023841858,0.3100000023841858,0
2024-03-18,0.2996341288089752,0.3149999976158142,0.3149999976158142,0.3149999976158142,0.3149999976158142,0
2024-03-19,0.33768290281295776,0.35499998927116394,0.36000001430511475,0.3100000023841858,0.3149999976158142,260000
2024-03-20,0.33768290281295776,0.35499998927116394,0.35499998927116394,0.35499998927116394,0.35499998927116394,0
2024-03-21,0.33292680978775024,0.3499999940395355,0.3499999940395355,0.3499999940395355,0.3499999940395355,0
2024-03-22,0.33292680978775024,0.3499999940395355,0.3499999940395355,0.3499999940395355,0.3499999940395355,0
2024-03-25,0.33292680978775024,0.3499999940395355,0.3499999940395355,0.3499999940395355,0.3499999940395355,0
2024-03-26,0.33292680978775024,0.3499999940395355,0.3499999940395355,0.3499999940395355,0.3499999940395355,0
2024-03-27,0.33292680978775024,0.3499999940395355,0.3499999940395355,0.3499999940395355,0.3499999940395355,0
2024-03-28,0.33292680978775024,0.3499999940395355,0.3499999940395355,0.3499999940395355,0.3499999940395355,0
2024-04-02,0.33292680978775024,0.3499999940395355,0.3499999940395355,0.3499999940395355,0.3499999940395355,0
2024-04-03,0.33292680978775024,0.3499999940395355,0.3499999940395355,0.3499999940395355,0.3499999940395355,0
2024-04-05,0.3234146237373352,0.3400000035762787,0.3499999940395355,0.3400000035762787,0.3499999940395355,640000
2024-04-08,0.3234146237373352,0.3400000035762787,0.3400000035762787,0.3400000035762787,0.3400000035762787,0
2024-04-09,0.3234146237373352,0.3400000035762787,0.3400000035762787,0.3400000035762787,0.3400000035762787,0
2024-04-10,0.3234146237373352,0.3400000035762787,0.3400000035762787,0.3400000035762787,0.3400000035762787,0
2024-04-11,0.3234146237373352,0.3400000035762787,0.3400000035762787,0.3400000035762787,0.3400000035762787,0
2024-04-12,0.3234146237373352,0.3400000035762787,0.3400000035762787,0.3400000035762787,0.3400000035762787,0
2024-04-15,0.3234146237373352,0.3400000035762787,0.3400000035762787,0.3400000035762787,0.3400000035762787,0
2024-04-16,0.31390243768692017,0.33000001311302185,0.33000001311302185,0.33000001311302185,0.33000001311302185,0
2024-04-17,0.31390243768692017,0.33000001311302185,0.33000001311302185,0.33000001311302185,0.33000001311302185,0
2024-04-18,0.31390243768692017,0.33000001311302185,0.33000001311302185,0.33000001311302185,0.33000001311302185,0
2024-04-19,0.31390243768692017,0.33000001311302185,0.33000001311302185,0.33000001311302185,0.33000001311302185,0
2024-04-22,0.3234146237373352,0.3400000035762787,0.3400000035762787,0.3400000035762787,0.3400000035762787,0
2024-04-23,0.3234146237373352,0.3400000035762787,0.3400000035762787,0.3400000035762787,0.3400000035762787,0
2024-04-24,0.3234146237373352,0.3400000035762787,0.3400000035762787,0.3400000035762787,0.3400000035762787,0
2024-04-25,0.3234146237373352,0.3400000035762787,0.3400000035762787,0.3400000035762787,0.3400000035762787,0
2024-04-26,0.3234146237373352,0.3400000035762787,0.3400000035762787,0.3400000035762787,0.3400000035762787,0
2024-04-29,0.3234146237373352,0.3400000035762787,0.3400000035762787,0.3400000035762787,0.3400000035762787,0
2024-04-30,0.3234146237373352,0.3400000035762787,0.3400000035762787,0.3400000035762787,0.3400000035762787,0
2024-05-02,0.36146339774131775,0.3799999952316284,0.3799999952316284,0.3799999952316284,0.3799999952316284,50000
2024-05-03,0.36146339774131775,0.3799999952316284,0.3799999952316284,0.3799999952316284,0.3799999952316284,0
2024-05-06,0.36146339774131775,0.3799999952316284,0.3799999952316284,0.3799999952316284,0.3799999952316284,0
2024-05-07,0.36146339774131775,0.3799999952316284,0.3799999952316284,0.3799999952316284,0.3799999952316284,0
2024-05-08,0.36146339774131775,0.3799999952316284,0.3799999952316284,0.3799999952316284,0.3799999952316284,0
2024-05-09,0.36146339774131775,0.3799999952316284,0.3799999952316284,0.3799999952316284,0.3799999952316284,0
2024-05-10,0.36146339774131775,0.3799999952316284,0.3799999952316284,0.3799999952316284,0.3799999952316284,0
2024-05-13,0.36146339774131775,0.3799999952316284,0.3799999952316284,0.3799999952316284,0.3799999952316284,0
2024-05-14,0.36146339774131775,0.3799999952316284,0.3799999952316284,0.3799999952316284,0.3799999952316284,0
2024-05-16,0.36146339774131775,0.3799999952316284,0.3799999952316284,0.3799999952316284,0.3799999952316284,0
2024-05-17,0.36146339774131775,0.3799999952316284,0.3799999952316284,0.3799999952316284,0.3799999952316284,0
2024-05-20,0.36146339774131775,0.3799999952316284,0.3799999952316284,0.3799999952316284,0.3799999952316284,0
2024-05-21,0.35670730471611023,0.375,0.375,0.375,0.375,600000
2024-05-22,0.34243902564048767,0.36000001430511475,0.36000001430511475,0.36000001430511475,0.36000001430511475,50000
2024-05-23,0.34243902564048767,0.36000001430511475,0.36000001430511475,0.36000001430511475,0.36000001430511475,0
2024-05-24,0.34243902564048767,0.36000001430511475,0.36000001430511475,0.36000001430511475,0.36000001430511475,0
2024-05-27,0.34243902564048767,0.36000001430511475,0.36000001430511475,0.36000001430511475,0.36000001430511475,0
2024-05-28,0.34243902564048767,0.36000001430511475,0.36000001430511475,0.36000001430511475,0.36000001430511475,0
2024-05-29,0.34243902564048767,0.36000001430511475,0.36000001430511475,0.36000001430511475,0.36000001430511475,0
2024-05-30,0.34243902564048767,0.36000001430511475,0.36000001430511475,0.36000001430511475,0.36000001430511475,0
2024-05-31,0.34243902564048767,0.36000001430511475,0.36000001430511475,0.36000001430511475,0.36000001430511475,0
2024-06-03,0.34243902564048767,0.36000001430511475,0.36000001430511475,0.3100000023841858,0.3100000023841858,20000
2024-06-04,0.30914631485939026,0.32499998807907104,0.32499998807907104,0.32499998807907104,0.32499998807907104,30000
2024-06-05,0.30914631485939026,0.32499998807907104,0.32499998807907104,0.32499998807907104,0.32499998807907104,0
2024-06-06,0.30439022183418274,0.3199999928474426,0.3199999928474426,0.3199999928474426,0.3199999928474426,50000
2024-06-07,0.30439022183418274,0.3199999928474426,0.3199999928474426,0.3199999928474426,0.3199999928474426,0
2024-06-11,0.2663414478302002,0.2800000011920929,0.2750000059604645,0.27000001072883606,0.2750000059604645,20000
2024-06-12,0.24731706082820892,0.25999999046325684,0.27000001072883606,0.25999999046325684,0.27000001072883606,80000
2024-06-13,0.24731706082820892,0.25999999046325684,0.25999999046325684,0.25999999046325684,0.25999999046325684,0
2024-06-14,0.24731706082820892,0.25999999046325684,0.25999999046325684,0.25999999046325684,0.25999999046325684,0
2024-06-17,0.24731706082820892,0.25999999046325684,0.25999999046325684,0.25999999046325684,0.25999999046325684,0
2024-06-18,0.24731706082820892,0.25999999046325684,0.25999999046325684,0.25999999046325684,0.25999999046325684,0
2024-06-19,0.22829267382621765,0.23999999463558197,0.23399999737739563,0.2329999953508377,0.23399999737739563,50000
2024-06-20,0.22924388945102692,0.2409999966621399,0.2409999966621399,0.2409999966621399,0.2409999966621399,0
2024-06-21,0.22924388945102692,0.2409999966621399,0.2409999966621399,0.2409999966621399,0.2409999966621399,0
2024-06-24,0.22924388945102692,0.2409999966621399,0.2409999966621399,0.2409999966621399,0.2409999966621399,0
2024-06-25,0.22924388945102692,0.2409999966621399,0.2409999966621399,0.2409999966621399,0.2409999966621399,0
2024-06-26,0.22924388945102692,0.2409999966621399,0.2409999966621399,0.2409999966621399,0.2409999966621399,0
2024-06-27,0.2187804877758026,0.23000000417232513,0.23000000417232513,0.23000000417232513,0.23000000417232513,10000
2024-06-28,0.2187804877758026,0.23000000417232513,0.23000000417232513,0.23000000417232513,0.23000000417232513,0
2024-07-02,0.2187804877758026,0.23000000417232513,0.23000000417232513,0.23000000417232513,0.23000000417232513,0
2024-07-03,0.22829267382621765,0.23999999463558197,0.23999999463558197,0.23999999463558197,0.23999999463558197,0
2024-07-04,0.22829267382621765,0.23999999463558197,0.23999999463558197,0.23999999463558197,0.23999999463558197,0
2024-07-05,0.22829267382621765,0.23999999463558197,0.23999999463558197,0.23999999463558197,0.23999999463558197,10000
2024-07-08,0.22829267382621765,0.23999999463558197,0.23999999463558197,0.23999999463558197,0.23999999463558197,0
2024-07-09,0.22829267382621765,0.23999999463558197,0.23999999463558197,0.23999999463558197,0.23999999463558197,0
2024-07-10,0.22829267382621765,0.23999999463558197,0.23999999463558197,0.23999999463558197,0.23999999463558197,0
2024-07-11,0.22829267382621765,0.23999999463558197,0.23999999463558197,0.23999999463558197,0.23999999463558197,0
2024-07-12,0.22829267382621765,0.23999999463558197,0.23999999463558197,0.23999999463558197,0.23999999463558197,0
2024-07-15,0.22829267382621765,0.23999999463558197,0.23999999463558197,0.23999999463558197,0.23999999463558197,0
2024-07-16,0.22829267382621765,0.23999999463558197,0.23999999463558197,0.23999999463558197,0.23999999463558197,0
2024-07-17,0.22829267382621765,0.23999999463558197,0.23999999463558197,0.23999999463558197,0.23999999463558197,0
2024-07-18,0.22829267382621765,0.23999999463558197,0.23999999463558197,0.23999999463558197,0.23999999463558197,0
2024-07-19,0.22829267382621765,0.23999999463558197,0.23999999463558197,0.23999999463558197,0.23999999463558197,0
2024-07-22,0.22829267382621765,0.23999999463558197,0.23999999463558197,0.23999999463558197,0.23999999463558197,0
2024-07-23,0.22829267382621765,0.23999999463558197,0.23999999463558197,0.23999999463558197,0.23999999463558197,0
2024-07-24,0.22829267382621765,0.23999999463558197,0.23999999463558197,0.23999999463558197,0.23999999463558197,0
2024-07-25,0.22829267382621765,0.23999999463558197,0.23999999463558197,0.23999999463558197,0.23999999463558197,0
2024-07-26,0.23780487477779388,0.25,0.25,0.23999999463558197,0.23999999463558197,190000
2024-07-29,0.23780487477779388,0.25,0.25,0.25,0.25,0
2024-07-30,0.23780487477779388,0.25,0.25,0.25,0.25,0
2024-07-31,0.22829267382621765,0.23999999463558197,0.23999999463558197,0.23999999463558197,0.23999999463558197,150000
2024-08-01,0.22829267382621765,0.23999999463558197,0.23999999463558197,0.23999999463558197,0.23999999463558197,0
2024-08-02,0.22829267382621765,0.23999999463558197,0.23999999463558197,0.23999999463558197,0.23999999463558197,0
2024-08-05,0.22829267382621765,0.23999999463558197,0.23999999463558197,0.23999999463558197,0.23999999463558197,0
2024-08-06,0.22829267382621765,0.23999999463558197,0.23999999463558197,0.23999999463558197,0.23999999463558197,0
2024-08-07,0.22829267382621765,0.23999999463558197,0.23999999463558197,0.23999999463558197,0.23999999463558197,0
2024-08-08,0.22829267382621765,0.23999999463558197,0.23999999463558197,0.23999999463558197,0.23999999463558197,0
2024-08-09,0.22829267382621765,0.23999999463558197,0.23999999463558197,0.23999999463558197,0.23999999463558197,0
2024-08-12,0.22829267382621765,0.23999999463558197,0.23999999463558197,0.23999999463558197,0.23999999463558197,0
2024-08-13,0.22829267382621765,0.23999999463558197,0.23999999463558197,0.23999999463558197,0.23999999463558197,0
2024-08-14,0.22829267382621765,0.23999999463558197,0.23999999463558197,0.23999999463558197,0.23999999463558197,0
2024-08-15,0.22829267382621765,0.23999999463558197,0.23999999463558197,0.23999999463558197,0.23999999463558197,0
2024-08-16,0.22829267382621765,0.23999999463558197,0.23999999463558197,0.23999999463558197,0.23999999463558197,0
2024-08-19,0.22829267382621765,0.23999999463558197,0.23999999463558197,0.23999999463558197,0.23999999463558197,0
2024-08-20,0.22829267382621765,0.23999999463558197,0.23999999463558197,0.23999999463558197,0.23999999463558197,0
2024-08-21,0.22829267382621765,0.23999999463558197,0.23999999463558197,0.23999999463558197,0.23999999463558197,0
2024-08-22,0.22829267382621765,0.23999999463558197,0.23999999463558197,0.23999999463558197,0.23999999463558197,0
2024-08-23,0.22829267382621765,0.23999999463558197,0.23999999463558197,0.23999999463558197,0.23999999463558197,0
2024-08-26,0.22829267382621765,0.23999999463558197,0.23999999463558197,0.23999999463558197,0.23999999463558197,0
2024-08-27,0.22829267382621765,0.23999999463558197,0.23999999463558197,0.23999999463558197,0.23999999463558197,0
2024-08-28,0.22924388945102692,0.2409999966621399,0.2409999966621399,0.2409999966621399,0.2409999966621399,0
2024-08-29,0.23019511997699738,0.24199999868869781,0.24199999868869781,0.24199999868869781,0.24199999868869781,0
2024-08-30,0.23019511997699738,0.24199999868869781,0.24199999868869781,0.24199999868869781,0.24199999868869781,0
2024-09-02,0.23019511997699738,0.24199999868869781,0.24199999868869781,0.24199999868869781,0.24199999868869781,0
2024-09-03,0.23019511997699738,0.24199999868869781,0.24199999868869781,0.24199999868869781,0.24199999868869781,0
2024-09-04,0.2320975661277771,0.24400000274181366,0.24400000274181366,0.24400000274181366,0.24400000274181366,0
2024-09-05,0.2320975661277771,0.24400000274181366,0.24400000274181366,0.24400000274181366,0.24400000274181366,0
2024-09-09,0.23780487477779388,0.25,0.25,0.25,0.25,50000
2024-09-10,0.23780487477779388,0.25,0.25,0.25,0.25,0
2024-09-11,0.23780487477779388,0.25,0.25,0.25,0.25,0
2024-09-12,0.22829267382621765,0.23999999463558197,0.25,0.23999999463558197,0.25,840000
2024-09-13,0.22829267382621765,0.23999999463558197,0.23999999463558197,0.23999999463558197,0.23999999463558197,500000
2024-09-16,0.23399999737739563,0.2460000067949295,0.2460000067949295,0.24500000476837158,0.24500000476837158,700000
2024-09-17,0.44999998807907104,0.44999998807907104,0.4950000047683716,0.23999999463558197,0.23999999463558197,3160000
2024-09-19,0.36000001430511475,0.36000001430511475,0.46000000834465027,0.36000001430511475,0.44999998807907104,1330000
2024-09-20,0.3449999988079071,0.3449999988079071,0.3499999940395355,0.3449999988079071,0.3700000047683716,130000
2024-09-23,0.3499999940395355,0.3499999940395355,0.3499999940395355,0.3400000035762787,0.3400000035762787,90000
2024-09-24,0.3400000035762787,0.3400000035762787,0.3400000035762787,0.3400000035762787,0.3400000035762787,0
2024-09-25,0.39500001072883606,0.39500001072883606,0.39500001072883606,0.3400000035762787,0.3400000035762787,50000
2024-09-26,0.39500001072883606,0.39500001072883606,0.39500001072883606,0.39500001072883606,0.39500001072883606,0
2024-09-27,0.38499999046325684,0.38499999046325684,0.38499999046325684,0.38499999046325684,0.38499999046325684,0
2024-09-30,0.38499999046325684,0.38499999046325684,0.38499999046325684,0.38499999046325684,0.38499999046325684,0
2024-10-02,0.3700000047683716,0.3700000047683716,0.3799999952316284,0.3700000047683716,0.3799999952316284,550000
2024-10-03,0.36000001430511475,0.36000001430511475,0.36000001430511475,0.36000001430511475,0.36000001430511475,0
2024-10-04,0.3400000035762787,0.3400000035762787,0.3400000035762787,0.33500000834465027,0.33500000834465027,110000
2024-10-07,0.3100000023841858,0.3100000023841858,0.3199999928474426,0.3100000023841858,0.3199999928474426,100000
2024-10-08,0.3100000023841858,0.3100000023841858,0.3100000023841858,0.3100000023841858,0.3100000023841858,0
2024-10-09,0.3100000023841858,0.3100000023841858,0.3100000023841858,0.3100000023841858,0.3100000023841858,0
2024-10-10,0.3199999928474426,0.3199999928474426,0.3199999928474426,0.3199999928474426,0.3199999928474426,10000
2024-10-14,0.3199999928474426,0.3199999928474426,0.3199999928474426,0.3199999928474426,0.3199999928474426,0
2024-10-15,0.3199999928474426,0.3199999928474426,0.3199999928474426,0.3199999928474426,0.3199999928474426,0
2024-10-16,0.3199999928474426,0.3199999928474426,0.3199999928474426,0.3199999928474426,0.3199999928474426,0
2024-10-17,0.3199999928474426,0.3199999928474426,0.3199999928474426,0.3199999928474426,0.3199999928474426,0
2024-10-18,0.32499998807907104,0.32499998807907104,0.32499998807907104,0.32499998807907104,0.32499998807907104,0
2024-10-21,0.33000001311302185,0.33000001311302185,0.33000001311302185,0.33000001311302185,0.33000001311302185,0
2024-10-22,0.3199999928474426,0.3199999928474426,0.3100000023841858,0.3100000023841858,0.3100000023841858,260000
2024-10-23,0.33500000834465027,0.33500000834465027,0.33500000834465027,0.33500000834465027,0.33500000834465027,40000
2024-10-24,0.33500000834465027,0.33500000834465027,0.33500000834465027,0.33500000834465027,0.33500000834465027,60000
2024-10-25,0.33500000834465027,0.33500000834465027,0.33500000834465027,0.33500000834465027,0.33500000834465027,0
2024-10-28,0.3100000023841858,0.3100000023841858,0.3199999928474426,0.3100000023841858,0.3199999928474426,190000
2024-10-29,0.3100000023841858,0.3100000023841858,0.3100000023841858,0.3100000023841858,0.3100000023841858,0
2024-10-30,0.2800000011920929,0.2800000011920929,0.28999999165534973,0.25,0.28999999165534973,60000
2024-10-31,0.27000001072883606,0.27000001072883606,0.27000001072883606,0.27000001072883606,0.27000001072883606,50000
2024-11-01,0.27000001072883606,0.27000001072883606,0.27000001072883606,0.27000001072883606,0.27000001072883606,0
2024-11-04,0.27000001072883606,0.27000001072883606,0.27000001072883606,0.27000001072883606,0.27000001072883606,0
2024-11-05,0.27000001072883606,0.27000001072883606,0.27000001072883606,0.27000001072883606,0.27000001072883606,0
2024-11-06,0.27000001072883606,0.27000001072883606,0.27000001072883606,0.27000001072883606,0.27000001072883606,0
2024-11-07,0.2849999964237213,0.2849999964237213,0.2849999964237213,0.2849999964237213,0.2849999964237213,10000
2024-11-08,0.2849999964237213,0.2849999964237213,0.2849999964237213,0.2849999964237213,0.2849999964237213,0
2024-11-11,0.2849999964237213,0.2849999964237213,0.2849999964237213,0.2849999964237213,0.2849999964237213,0
2024-11-12,0.2849999964237213,0.2849999964237213,0.2849999964237213,0.2849999964237213,0.2849999964237213,0
2024-11-13,0.2849999964237213,0.2849999964237213,0.2849999964237213,0.2849999964237213,0.2849999964237213,20000
2024-11-14,0.4050000011920929,0.4050000011920929,0.4300000071525574,0.3149999976158142,0.32499998807907104,700000
2024-11-15,0.38999998569488525,0.38999998569488525,0.4000000059604645,0.3799999952316284,0.3799999952316284,90000
2024-11-18,0.42500001192092896,0.42500001192092896,0.46000000834465027,0.3499999940395355,0.3499999940395355,600000
2024-11-19,0.42500001192092896,0.42500001192092896,0.42500001192092896,0.42500001192092896,0.42500001192092896,0
2024-11-20,0.42500001192092896,0.42500001192092896,0.42500001192092896,0.42500001192092896,0.42500001192092896,0
2024-11-21,0.42500001192092896,0.42500001192092896,0.42500001192092896,0.42500001192092896,0.42500001192092896,0
2024-11-22,0.4300000071525574,0.4300000071525574,0.42500001192092896,0.42500001192092896,0.42500001192092896,10000
2024-11-25,0.4300000071525574,0.4300000071525574,0.4300000071525574,0.4300000071525574,0.4300000071525574,60000
2024-11-26,0.4350000023841858,0.4350000023841858,0.4300000071525574,0.4300000071525574,0.4300000071525574,30000
2024-11-27,0.4350000023841858,0.4350000023841858,0.4350000023841858,0.4350000023841858,0.4350000023841858,0
2024-11-28,0.4350000023841858,0.4350000023841858,0.4350000023841858,0.4350000023841858,0.4350000023841858,0
2024-11-29,0.48500001430511475,0.48500001430511475,0.48500001430511475,0.44999998807907104,0.44999998807907104,130000
2024-12-02,0.48500001430511475,0.48500001430511475,0.48500001430511475,0.48500001430511475,0.48500001430511475,0
2024-12-03,0.4699999988079071,0.4699999988079071,0.4699999988079071,0.4699999988079071,0.4699999988079071,0
2024-12-04,0.4699999988079071,0.4699999988079071,0.4699999988079071,0.4699999988079071,0.4699999988079071,0
2024-12-05,0.4699999988079071,0.4699999988079071,0.4699999988079071,0.4699999988079071,0.4699999988079071,0
2024-12-06,0.46000000834465027,0.46000000834465027,0.46000000834465027,0.46000000834465027,0.46000000834465027,0
2024-12-09,0.46000000834465027,0.46000000834465027,0.46000000834465027,0.46000000834465027,0.46000000834465027,0
2024-12-10,0.4300000071525574,0.4300000071525574,0.4300000071525574,0.4300000071525574,0.4300000071525574,50000
2024-12-11,0.4300000071525574,0.4300000071525574,0.4300000071525574,0.4300000071525574,0.4300000071525574,0
2024-12-12,0.4300000071525574,0.4300000071525574,0.4300000071525574,0.4300000071525574,0.4300000071525574,20000
2024-12-13,0.4300000071525574,0.4300000071525574,0.4300000071525574,0.4300000071525574,0.4300000071525574,0
2024-12-16,0.4449999928474426,0.4449999928474426,0.4449999928474426,0.4449999928474426,0.4449999928474426,0
2024-12-17,0.4300000071525574,0.4300000071525574,0.4399999976158142,0.4300000071525574,0.4399999976158142,320000
