Date,Adj Close,Close,High,Low,Open,Volume
2011-10-12,0.07750000059604645,0.07750000059604645,0.08749999850988388,0.07625000178813934,0.07750000059604645,66600000
2011-10-13,0.08500000089406967,0.08500000089406967,0.10000000149011612,0.07999999821186066,0.07999999821186066,18920000
2011-10-14,0.08500000089406967,0.08500000089406967,0.08874999731779099,0.08124999701976776,0.08874999731779099,1760000
2011-10-17,0.08375000208616257,0.08375000208616257,0.08749999850988388,0.08375000208616257,0.08500000089406967,3600000
2011-10-18,0.07999999821186066,0.07999999821186066,0.07999999821186066,0.07874999940395355,0.07874999940395355,840000
2011-10-19,0.08250000327825546,0.08250000327825546,0.08500000089406967,0.07999999821186066,0.07999999821186066,2400000
2011-10-20,0.07999999821186066,0.07999999821186066,0.08250000327825546,0.07999999821186066,0.07999999821186066,760000
2011-10-21,0.07999999821186066,0.07999999821186066,0.07999999821186066,0.07999999821186066,0.07999999821186066,1400000
2011-10-24,0.08124999701976776,0.08124999701976776,0.08124999701976776,0.07999999821186066,0.07999999821186066,1000000
2011-10-25,0.07999999821186066,0.07999999821186066,0.08500000089406967,0.07999999821186066,0.07999999821186066,0
2011-10-26,0.07999999821186066,0.07999999821186066,0.07999999821186066,0.07999999821186066,0.07999999821186066,40000
2011-10-27,0.08500000089406967,0.08500000089406967,0.08500000089406967,0.08250000327825546,0.08250000327825546,280000
2011-10-28,0.08250000327825546,0.08250000327825546,0.08375000208616257,0.08124999701976776,0.08250000327825546,5840000
2011-10-31,0.07874999940395355,0.07874999940395355,0.08250000327825546,0.07500000298023224,0.07500000298023224,8240000
2011-11-01,0.07874999940395355,0.07874999940395355,0.07874999940395355,0.07500000298023224,0.07500000298023224,4440000
2011-11-02,0.07999999821186066,0.07999999821186066,0.07999999821186066,0.07999999821186066,0.07999999821186066,600000
2011-11-03,0.07874999940395355,0.07874999940395355,0.07999999821186066,0.07874999940395355,0.07874999940395355,0
2011-11-04,0.07999999821186066,0.07999999821186066,0.07999999821186066,0.07999999821186066,0.07999999821186066,120000
2011-11-07,0.07750000059604645,0.07750000059604645,0.07750000059604645,0.07750000059604645,0.07750000059604645,80000
2011-11-08,0.07625000178813934,0.07625000178813934,0.08250000327825546,0.07625000178813934,0.07625000178813934,0
2011-11-09,0.09000000357627869,0.09000000357627869,0.10249999910593033,0.08250000327825546,0.08749999850988388,1840000
2011-11-10,0.07999999821186066,0.07999999821186066,0.07999999821186066,0.07500000298023224,0.07874999940395355,7600000
2011-11-11,0.08124999701976776,0.08124999701976776,0.08124999701976776,0.08124999701976776,0.08124999701976776,4000000
2011-11-14,0.08749999850988388,0.08749999850988388,0.0925000011920929,0.07999999821186066,0.08250000327825546,6440000
2011-11-15,0.08500000089406967,0.08500000089406967,0.08749999850988388,0.08500000089406967,0.08749999850988388,280000
2011-11-16,0.0925000011920929,0.0925000011920929,0.0925000011920929,0.08749999850988388,0.08749999850988388,440000
2011-11-17,0.08375000208616257,0.08375000208616257,0.09875000268220901,0.08375000208616257,0.08375000208616257,0
2011-11-18,0.08375000208616257,0.08375000208616257,0.0925000011920929,0.08375000208616257,0.08375000208616257,0
2011-11-21,0.08624999970197678,0.08624999970197678,0.0925000011920929,0.08624999970197678,0.0925000011920929,9520000
2011-11-22,0.08749999850988388,0.08749999850988388,0.08749999850988388,0.08749999850988388,0.08749999850988388,1760000
2011-11-23,0.09624999761581421,0.09624999761581421,0.09624999761581421,0.07750000059604645,0.07750000059604645,4200000
2011-11-24,0.09624999761581421,0.09624999761581421,0.09624999761581421,0.09624999761581421,0.09624999761581421,0
2011-11-25,0.09375,0.09375,0.09375,0.09375,0.09375,560000
2011-11-28,0.0925000011920929,0.0925000011920929,0.0925000011920929,0.0925000011920929,0.0925000011920929,840000
2011-11-29,0.09624999761581421,0.09624999761581421,0.09624999761581421,0.09624999761581421,0.09624999761581421,40000
2011-11-30,0.09624999761581421,0.09624999761581421,0.09624999761581421,0.09624999761581421,0.09624999761581421,0
2011-12-01,0.09624999761581421,0.09624999761581421,0.09624999761581421,0.09624999761581421,0.09624999761581421,0
2011-12-02,0.09624999761581421,0.09624999761581421,0.09624999761581421,0.09624999761581421,0.09624999761581421,0
2011-12-05,0.08124999701976776,0.08124999701976776,0.0925000011920929,0.08124999701976776,0.08124999701976776,12000000
2011-12-06,0.09375,0.09375,0.09375,0.09375,0.09375,400000
2011-12-07,0.0949999988079071,0.0949999988079071,0.0949999988079071,0.08250000327825546,0.0925000011920929,8880000
2011-12-08,0.0949999988079071,0.0949999988079071,0.0949999988079071,0.0949999988079071,0.0949999988079071,0
2011-12-09,0.0949999988079071,0.0949999988079071,0.0949999988079071,0.0949999988079071,0.0949999988079071,0
2011-12-12,0.08250000327825546,0.08250000327825546,0.08624999970197678,0.07999999821186066,0.07999999821186066,14360000
2011-12-13,0.09000000357627869,0.09000000357627869,0.09000000357627869,0.08500000089406967,0.08500000089406967,400000
2011-12-14,0.08500000089406967,0.08500000089406967,0.0925000011920929,0.08500000089406967,0.0925000011920929,1280000
2011-12-15,0.0949999988079071,0.0949999988079071,0.0949999988079071,0.08624999970197678,0.0925000011920929,29560000
2011-12-16,0.0949999988079071,0.0949999988079071,0.0949999988079071,0.08749999850988388,0.09375,17200000
2011-12-19,0.0949999988079071,0.0949999988079071,0.0949999988079071,0.0949999988079071,0.0949999988079071,0
2011-12-20,0.0949999988079071,0.0949999988079071,0.0949999988079071,0.0949999988079071,0.0949999988079071,0
2011-12-21,0.0949999988079071,0.0949999988079071,0.0949999988079071,0.0949999988079071,0.0949999988079071,0
2011-12-22,0.0949999988079071,0.0949999988079071,0.0949999988079071,0.0949999988079071,0.0949999988079071,0
2011-12-23,0.0949999988079071,0.0949999988079071,0.0949999988079071,0.0949999988079071,0.0949999988079071,0
2011-12-28,0.09375,0.09375,0.09375,0.09375,0.09375,40000
2011-12-29,0.0949999988079071,0.0949999988079071,0.0949999988079071,0.0949999988079071,0.0949999988079071,21840000
2011-12-30,0.0949999988079071,0.0949999988079071,0.09749999642372131,0.0949999988079071,0.09749999642372131,600000
2012-01-03,0.0925000011920929,0.0925000011920929,0.0949999988079071,0.0925000011920929,0.0949999988079071,18400000
2012-01-04,0.0925000011920929,0.0925000011920929,0.0925000011920929,0.0925000011920929,0.0925000011920929,0
2012-01-05,0.0925000011920929,0.0925000011920929,0.0925000011920929,0.0925000011920929,0.0925000011920929,400000
2012-01-06,0.0925000011920929,0.0925000011920929,0.0925000011920929,0.0925000011920929,0.0925000011920929,0
2012-01-09,0.0925000011920929,0.0925000011920929,0.0925000011920929,0.0925000011920929,0.0925000011920929,240000
2012-01-10,0.0949999988079071,0.0949999988079071,0.0949999988079071,0.0949999988079071,0.0949999988079071,40000
2012-01-11,0.0925000011920929,0.0925000011920929,0.09375,0.0925000011920929,0.09375,1000000
2012-01-12,0.09000000357627869,0.09000000357627869,0.0949999988079071,0.09000000357627869,0.09000000357627869,12800000
2012-01-13,0.09000000357627869,0.09000000357627869,0.09000000357627869,0.09000000357627869,0.09000000357627869,0
2012-01-16,0.10249999910593033,0.10249999910593033,0.10249999910593033,0.09000000357627869,0.09000000357627869,3440000
2012-01-17,0.10000000149011612,0.10000000149011612,0.10000000149011612,0.10000000149011612,0.10000000149011612,8000000
2012-01-18,0.10000000149011612,0.10000000149011612,0.10000000149011612,0.10000000149011612,0.10000000149011612,10000000
2012-01-19,0.09875000268220901,0.09875000268220901,0.09875000268220901,0.09875000268220901,0.09875000268220901,10000000
2012-01-20,0.10125000029802322,0.10125000029802322,0.10125000029802322,0.10125000029802322,0.10125000029802322,80000
2012-01-26,0.10125000029802322,0.10125000029802322,0.10125000029802322,0.10125000029802322,0.10125000029802322,0
2012-01-27,0.10125000029802322,0.10125000029802322,0.10125000029802322,0.10125000029802322,0.10125000029802322,0
2012-01-30,0.10125000029802322,0.10125000029802322,0.10125000029802322,0.10125000029802322,0.10125000029802322,0
2012-01-31,0.10125000029802322,0.10125000029802322,0.10125000029802322,0.10125000029802322,0.10125000029802322,0
2012-02-01,0.10125000029802322,0.10125000029802322,0.10125000029802322,0.10125000029802322,0.10125000029802322,0
2012-02-02,0.10125000029802322,0.10125000029802322,0.10125000029802322,0.10125000029802322,0.10125000029802322,0
2012-02-03,0.10125000029802322,0.10125000029802322,0.10125000029802322,0.10125000029802322,0.10125000029802322,0
2012-02-06,0.10499999672174454,0.10499999672174454,0.10499999672174454,0.10499999672174454,0.10499999672174454,9880000
2012-02-07,0.12999999523162842,0.12999999523162842,0.15000000596046448,0.12999999523162842,0.12999999523162842,1160000
2012-02-08,0.15000000596046448,0.15000000596046448,0.15000000596046448,0.15000000596046448,0.15000000596046448,200000
2012-02-09,0.1850000023841858,0.1850000023841858,0.1850000023841858,0.17000000178813934,0.17000000178813934,1040000
2012-02-10,0.26750001311302185,0.26750001311302185,0.26750001311302185,0.20000000298023224,0.20499999821186066,4400000
2012-02-13,0.2524999976158142,0.2524999976158142,0.26499998569488525,0.2475000023841858,0.26499998569488525,1474000
2012-02-14,0.20499999821186066,0.20499999821186066,0.2175000011920929,0.20000000298023224,0.20000000298023224,440000
2012-02-15,0.20499999821186066,0.20499999821186066,0.20499999821186066,0.20499999821186066,0.20499999821186066,0
2012-02-16,0.20749999582767487,0.20749999582767487,0.20749999582767487,0.20499999821186066,0.20499999821186066,520000
2012-02-17,0.20749999582767487,0.20749999582767487,0.23000000417232513,0.20749999582767487,0.23000000417232513,320000
2012-02-20,0.20000000298023224,0.20000000298023224,0.21250000596046448,0.19750000536441803,0.21250000596046448,1960000
2012-02-21,0.20000000298023224,0.20000000298023224,0.20000000298023224,0.20000000298023224,0.20000000298023224,1240000
2012-02-22,0.19750000536441803,0.19750000536441803,0.20000000298023224,0.19750000536441803,0.20000000298023224,1200000
2012-02-23,0.19750000536441803,0.19750000536441803,0.19750000536441803,0.19750000536441803,0.19750000536441803,0
2012-02-24,0.19750000536441803,0.19750000536441803,0.19750000536441803,0.19750000536441803,0.19750000536441803,0
2012-02-27,0.1875,0.1875,0.20499999821186066,0.1875,0.20499999821186066,40000
2012-02-28,0.21250000596046448,0.21250000596046448,0.21250000596046448,0.20749999582767487,0.20749999582767487,160000
2012-02-29,0.21250000596046448,0.21250000596046448,0.21250000596046448,0.21250000596046448,0.21250000596046448,0
2012-03-01,0.2224999964237213,0.2224999964237213,0.2224999964237213,0.2224999964237213,0.2224999964237213,40000
2012-03-02,0.26249998807907104,0.26249998807907104,0.26249998807907104,0.22499999403953552,0.22499999403953552,280000
2012-03-05,0.36000001430511475,0.36000001430511475,0.5249999761581421,0.26249998807907104,0.26249998807907104,3320000
2012-03-06,0.39500001072883606,0.39500001072883606,0.4124999940395355,0.35749998688697815,0.36250001192092896,1440000
2012-03-07,0.3499999940395355,0.3499999940395355,0.39500001072883606,0.3499999940395355,0.39500001072883606,360000
2012-03-08,0.36500000953674316,0.36500000953674316,0.375,0.36000001430511475,0.36000001430511475,280000
2012-03-09,0.375,0.375,0.39500001072883606,0.36500000953674316,0.39500001072883606,680000
2012-03-12,0.3499999940395355,0.3499999940395355,0.3700000047683716,0.3499999940395355,0.3700000047683716,960000
2012-03-13,0.36250001192092896,0.36250001192092896,0.375,0.33500000834465027,0.3499999940395355,1800000
2012-03-14,0.35499998927116394,0.35499998927116394,0.3824999928474426,0.35499998927116394,0.3824999928474426,760000
2012-03-15,0.42500001192092896,0.42500001192092896,0.42500001192092896,0.36250001192092896,0.375,1360000
2012-03-16,0.4350000023841858,0.4350000023841858,0.4350000023841858,0.38749998807907104,0.4099999964237213,440000
2012-03-20,0.44999998807907104,0.44999998807907104,0.44999998807907104,0.42500001192092896,0.42500001192092896,520000
2012-03-21,0.4375,0.4375,0.4375,0.4375,0.4375,200000
2012-03-22,0.4449999928474426,0.4449999928474426,0.4449999928474426,0.42500001192092896,0.42500001192092896,80000
2012-03-23,0.4300000071525574,0.4300000071525574,0.4300000071525574,0.4300000071525574,0.4300000071525574,200000
2012-03-26,0.41499999165534973,0.41499999165534973,0.42500001192092896,0.4099999964237213,0.42500001192092896,920000
2012-03-27,0.4375,0.4375,0.4375,0.4375,0.4375,40000
2012-03-28,0.4300000071525574,0.4300000071525574,0.4300000071525574,0.4300000071525574,0.4300000071525574,40000
2012-03-29,0.4300000071525574,0.4300000071525574,0.4300000071525574,0.4300000071525574,0.4300000071525574,240000
2012-03-30,0.42500001192092896,0.42500001192092896,0.42500001192092896,0.42500001192092896,0.42500001192092896,240000
2012-04-02,0.42500001192092896,0.42500001192092896,0.42500001192092896,0.42500001192092896,0.42500001192092896,80000
2012-04-03,0.4074999988079071,0.4074999988079071,0.4074999988079071,0.4000000059604645,0.4050000011920929,800000
2012-04-05,0.4000000059604645,0.4000000059604645,0.4000000059604645,0.4000000059604645,0.4000000059604645,40000
2012-04-10,0.4000000059604645,0.4000000059604645,0.4000000059604645,0.4000000059604645,0.4000000059604645,0
2012-04-11,0.4000000059604645,0.4000000059604645,0.4000000059604645,0.4000000059604645,0.4000000059604645,0
2012-04-12,0.4000000059604645,0.4000000059604645,0.4000000059604645,0.4000000059604645,0.4000000059604645,80000
2012-04-13,0.4000000059604645,0.4000000059604645,0.4000000059604645,0.4000000059604645,0.4000000059604645,160000
2012-04-16,0.4000000059604645,0.4000000059604645,0.4000000059604645,0.4000000059604645,0.4000000059604645,0
2012-04-17,0.375,0.375,0.375,0.375,0.375,200000
2012-04-18,0.375,0.375,0.375,0.375,0.375,0
2012-04-19,0.375,0.375,0.375,0.375,0.375,0
2012-04-20,0.375,0.375,0.375,0.375,0.375,80000
2012-04-23,0.375,0.375,0.375,0.375,0.375,0
2012-04-24,0.375,0.375,0.375,0.375,0.375,0
2012-04-25,0.375,0.375,0.375,0.375,0.375,0
2012-04-26,0.375,0.375,0.375,0.375,0.375,0
2012-04-27,0.375,0.375,0.375,0.375,0.375,0
2012-04-30,0.375,0.375,0.375,0.375,0.375,0
2012-05-02,0.375,0.375,0.375,0.375,0.375,0
2012-05-03,0.4399999976158142,0.4399999976158142,0.4375,0.4375,0.4375,280000
2012-05-04,0.5249999761581421,0.5249999761581421,0.5774999856948853,0.4749999940395355,0.4749999940395355,1680000
2012-05-07,0.550000011920929,0.550000011920929,0.574999988079071,0.550000011920929,0.574999988079071,603600
2012-05-08,0.4749999940395355,0.4749999940395355,0.550000011920929,0.4749999940395355,0.550000011920929,440000
2012-05-09,0.5,0.5,0.5,0.5,0.5,280000
2012-05-10,0.5375000238418579,0.5375000238418579,0.5375000238418579,0.5375000238418579,0.5375000238418579,40000
2012-05-11,0.5375000238418579,0.5375000238418579,0.5375000238418579,0.5375000238418579,0.5375000238418579,0
2012-05-14,0.5375000238418579,0.5375000238418579,0.5375000238418579,0.5375000238418579,0.5375000238418579,0
2012-05-15,0.45500001311302185,0.45500001311302185,0.4749999940395355,0.45500001311302185,0.4749999940395355,80000
2012-05-16,0.45500001311302185,0.45500001311302185,0.45500001311302185,0.45500001311302185,0.45500001311302185,0
2012-05-17,0.5,0.5,0.5,0.44999998807907104,0.44999998807907104,160000
2012-05-18,0.5375000238418579,0.5375000238418579,0.5375000238418579,0.5,0.5,80000
2012-05-21,0.4950000047683716,0.4950000047683716,0.4950000047683716,0.4950000047683716,0.4950000047683716,80000
2012-05-22,0.4950000047683716,0.4950000047683716,0.4950000047683716,0.4950000047683716,0.4950000047683716,0
2012-05-23,0.4950000047683716,0.4950000047683716,0.4950000047683716,0.4950000047683716,0.4950000047683716,0
2012-05-24,0.4950000047683716,0.4950000047683716,0.4950000047683716,0.4950000047683716,0.4950000047683716,0
2012-05-25,0.4950000047683716,0.4950000047683716,0.4950000047683716,0.4950000047683716,0.4950000047683716,0
2012-05-28,0.4950000047683716,0.4950000047683716,0.4950000047683716,0.4950000047683716,0.4950000047683716,0
2012-05-29,0.4950000047683716,0.4950000047683716,0.4950000047683716,0.4950000047683716,0.4950000047683716,0
2012-05-30,0.512499988079071,0.512499988079071,0.512499988079071,0.512499988079071,0.512499988079071,80000
2012-05-31,0.512499988079071,0.512499988079071,0.512499988079071,0.512499988079071,0.512499988079071,0
2012-06-01,0.512499988079071,0.512499988079071,0.512499988079071,0.512499988079071,0.512499988079071,0
2012-06-04,0.48750001192092896,0.48750001192092896,0.48750001192092896,0.48750001192092896,0.48750001192092896,80000
2012-06-05,0.48750001192092896,0.48750001192092896,0.48750001192092896,0.48750001192092896,0.48750001192092896,0
2012-06-06,0.512499988079071,0.512499988079071,0.512499988079071,0.512499988079071,0.512499988079071,80000
2012-06-07,0.512499988079071,0.512499988079071,0.512499988079071,0.512499988079071,0.512499988079071,0
2012-06-08,0.512499988079071,0.512499988079071,0.512499988079071,0.512499988079071,0.512499988079071,0
2012-06-11,0.512499988079071,0.512499988079071,0.512499988079071,0.512499988079071,0.512499988079071,0
2012-06-12,0.5249999761581421,0.5249999761581421,0.5375000238418579,0.5249999761581421,0.5375000238418579,280000
2012-06-13,0.5249999761581421,0.5249999761581421,0.5299999713897705,0.5249999761581421,0.5299999713897705,120000
2012-06-14,0.5249999761581421,0.5249999761581421,0.5249999761581421,0.5249999761581421,0.5249999761581421,40000
2012-06-15,0.512499988079071,0.512499988079071,0.5274999737739563,0.512499988079071,0.5274999737739563,240000
2012-06-18,0.5,0.5,0.5,0.5,0.5,520000
2012-06-19,0.5,0.5,0.5,0.5,0.5,0
2012-06-20,0.5,0.5,0.5,0.5,0.5,0
2012-06-21,0.5,0.5,0.5024999976158142,0.5,0.5024999976158142,440000
2012-06-22,0.5,0.5,0.5,0.5,0.5,0
2012-06-25,0.49000000953674316,0.49000000953674316,0.48750001192092896,0.48750001192092896,0.48750001192092896,80000
2012-06-26,0.49000000953674316,0.49000000953674316,0.49000000953674316,0.49000000953674316,0.49000000953674316,0
2012-06-27,0.5299999713897705,0.5299999713897705,0.5299999713897705,0.5299999713897705,0.5299999713897705,80000
2012-06-28,0.5299999713897705,0.5299999713897705,0.5299999713897705,0.5299999713897705,0.5299999713897705,0
2012-06-29,0.574999988079071,0.574999988079071,0.574999988079071,0.574999988079071,0.574999988079071,80000
2012-07-03,0.574999988079071,0.574999988079071,0.574999988079071,0.574999988079071,0.574999988079071,0
2012-07-04,0.574999988079071,0.574999988079071,0.574999988079071,0.574999988079071,0.574999988079071,0
2012-07-05,0.574999988079071,0.574999988079071,0.574999988079071,0.574999988079071,0.574999988079071,0
2012-07-06,0.574999988079071,0.574999988079071,0.574999988079071,0.574999988079071,0.574999988079071,40000
2012-07-09,0.574999988079071,0.574999988079071,0.5874999761581421,0.574999988079071,0.5874999761581421,80000
2012-07-10,0.574999988079071,0.574999988079071,0.574999988079071,0.574999988079071,0.574999988079071,0
2012-07-11,0.5625,0.5625,0.574999988079071,0.5625,0.574999988079071,240000
2012-07-12,0.5625,0.5625,0.5625,0.5625,0.5625,0
2012-07-13,0.5625,0.5625,0.5625,0.5625,0.5625,0
2012-07-16,0.550000011920929,0.550000011920929,0.5625,0.550000011920929,0.5625,200000
2012-07-17,0.512499988079071,0.512499988079071,0.5,0.5,0.5,40000
2012-07-18,0.512499988079071,0.512499988079071,0.512499988079071,0.512499988079071,0.512499988079071,0
2012-07-19,0.512499988079071,0.512499988079071,0.512499988079071,0.512499988079071,0.512499988079071,0
2012-07-20,0.550000011920929,0.550000011920929,0.550000011920929,0.550000011920929,0.550000011920929,40000
2012-07-23,0.5249999761581421,0.5249999761581421,0.5249999761581421,0.5249999761581421,0.5249999761581421,40000
2012-07-24,0.5249999761581421,0.5249999761581421,0.5249999761581421,0.5249999761581421,0.5249999761581421,0
2012-07-25,0.5249999761581421,0.5249999761581421,0.5249999761581421,0.5249999761581421,0.5249999761581421,0
2012-07-26,0.5249999761581421,0.5249999761581421,0.5249999761581421,0.5249999761581421,0.5249999761581421,0
2012-07-27,0.5249999761581421,0.5249999761581421,0.5249999761581421,0.5249999761581421,0.5249999761581421,0
2012-07-30,0.5375000238418579,0.5375000238418579,0.5274999737739563,0.5274999737739563,0.5274999737739563,40000
2012-07-31,0.5375000238418579,0.5375000238418579,0.5375000238418579,0.5375000238418579,0.5375000238418579,0
2012-08-01,0.5249999761581421,0.5249999761581421,0.5274999737739563,0.5249999761581421,0.5274999737739563,280000
2012-08-02,0.5249999761581421,0.5249999761581421,0.5249999761581421,0.5249999761581421,0.5249999761581421,0
2012-08-03,0.5249999761581421,0.5249999761581421,0.5249999761581421,0.5249999761581421,0.5249999761581421,0
2012-08-06,0.5249999761581421,0.5249999761581421,0.5249999761581421,0.5249999761581421,0.5249999761581421,0
2012-08-07,0.5249999761581421,0.5249999761581421,0.5249999761581421,0.5249999761581421,0.5249999761581421,0
2012-08-08,0.5,0.5,0.4950000047683716,0.4950000047683716,0.4950000047683716,40000
2012-08-09,0.5,0.5,0.5,0.5,0.5,0
2012-08-10,0.5249999761581421,0.5249999761581421,0.5249999761581421,0.5249999761581421,0.5249999761581421,40000
2012-08-13,0.5249999761581421,0.5249999761581421,0.5249999761581421,0.5249999761581421,0.5249999761581421,0
2012-08-14,0.5249999761581421,0.5249999761581421,0.5249999761581421,0.5249999761581421,0.5249999761581421,0
2012-08-15,0.5249999761581421,0.5249999761581421,0.5249999761581421,0.5249999761581421,0.5249999761581421,0
2012-08-16,0.5149999856948853,0.5149999856948853,0.5149999856948853,0.5149999856948853,0.5149999856948853,80000
2012-08-17,0.5149999856948853,0.5149999856948853,0.5149999856948853,0.5149999856948853,0.5149999856948853,0
2012-08-20,0.5,0.5,0.5024999976158142,0.5,0.5024999976158142,120000
2012-08-21,0.4950000047683716,0.4950000047683716,0.4950000047683716,0.4950000047683716,0.4950000047683716,80000
2012-08-22,0.4950000047683716,0.4950000047683716,0.4950000047683716,0.4950000047683716,0.4950000047683716,0
2012-08-23,0.4950000047683716,0.4950000047683716,0.4950000047683716,0.4950000047683716,0.4950000047683716,0
2012-08-24,0.4950000047683716,0.4950000047683716,0.4950000047683716,0.4950000047683716,0.4950000047683716,0
2012-08-27,0.4950000047683716,0.4950000047683716,0.4950000047683716,0.4950000047683716,0.4950000047683716,0
2012-08-28,0.5174999833106995,0.5174999833106995,0.574999988079071,0.5174999833106995,0.5600000023841858,1400000
2012-08-29,0.5074999928474426,0.5074999928474426,0.5074999928474426,0.5074999928474426,0.5074999928474426,40000
2012-08-30,0.5074999928474426,0.5074999928474426,0.5074999928474426,0.5074999928474426,0.5074999928474426,0
2012-08-31,0.5074999928474426,0.5074999928474426,0.5074999928474426,0.5074999928474426,0.5074999928474426,0
2012-09-03,0.5074999928474426,0.5074999928474426,0.512499988079071,0.5074999928474426,0.512499988079071,400000
2012-09-04,0.5074999928474426,0.5074999928474426,0.5074999928474426,0.5074999928474426,0.5074999928474426,0
2012-09-05,0.5375000238418579,0.5375000238418579,0.5375000238418579,0.5375000238418579,0.5375000238418579,120000
2012-09-06,0.5375000238418579,0.5375000238418579,0.5375000238418579,0.5375000238418579,0.5375000238418579,0
2012-09-07,0.5625,0.5625,0.5625,0.5625,0.5625,80000
2012-09-10,0.512499988079071,0.512499988079071,0.5350000262260437,0.5074999928474426,0.5099999904632568,680000
2012-09-11,0.5099999904632568,0.5099999904632568,0.5149999856948853,0.5099999904632568,0.5149999856948853,400000
2012-09-12,0.5,0.5,0.5149999856948853,0.5,0.5149999856948853,960000
2012-09-13,0.5,0.5,0.5,0.4950000047683716,0.4950000047683716,280000
2012-09-14,0.5,0.5,0.5,0.5,0.5,0
2012-09-17,0.5,0.5,0.5,0.5,0.5,0
2012-09-18,0.5,0.5,0.5,0.5,0.5,0
2012-09-19,0.5,0.5,0.5,0.5,0.5,0
2012-09-20,0.5,0.5,0.5,0.5,0.5,0
2012-09-21,0.5,0.5,0.5,0.5,0.5,0
2012-09-24,0.5,0.5,0.5,0.5,0.5,0
2012-09-25,0.47749999165534973,0.47749999165534973,0.4975000023841858,0.47749999165534973,0.4975000023841858,80000
2012-09-26,0.48249998688697815,0.48249998688697815,0.47999998927116394,0.4749999940395355,0.47999998927116394,440000
2012-09-27,0.5,0.5,0.5,0.5,0.5,80000
2012-09-28,0.5149999856948853,0.5149999856948853,0.5149999856948853,0.5,0.5,400000
2012-10-03,0.5249999761581421,0.5249999761581421,0.5249999761581421,0.5249999761581421,0.5249999761581421,40000
2012-10-04,0.5375000238418579,0.5375000238418579,0.5375000238418579,0.5375000238418579,0.5375000238418579,120000
2012-10-05,0.5174999833106995,0.5174999833106995,0.5199999809265137,0.5174999833106995,0.5199999809265137,80000
2012-10-08,0.5174999833106995,0.5174999833106995,0.5174999833106995,0.5174999833106995,0.5174999833106995,0
2012-10-09,0.5024999976158142,0.5024999976158142,0.5024999976158142,0.5024999976158142,0.5024999976158142,0
2012-10-10,0.5,0.5,0.5,0.5,0.5,200000
2012-10-11,0.5,0.5,0.5,0.5,0.5,0
2012-10-12,0.5,0.5,0.5,0.5,0.5,0
2012-10-15,0.5,0.5,0.5,0.5,0.5,0
2012-10-16,0.5,0.5,0.5,0.5,0.5,0
2012-10-17,0.5,0.5,0.5,0.5,0.5,0
2012-10-18,0.5,0.5,0.5,0.5,0.5,0
2012-10-19,0.5,0.5,0.5,0.5,0.5,0
2012-10-22,0.5,0.5,0.5,0.5,0.5,0
2012-10-24,0.5,0.5,0.5074999928474426,0.5,0.5074999928474426,120000
2012-10-25,0.5,0.5,0.5,0.5,0.5,0
2012-10-26,0.5,0.5,0.5,0.5,0.5,0
2012-10-29,0.5,0.5,0.5,0.5,0.5,0
2012-10-30,0.5,0.5,0.5,0.5,0.5,0
2012-10-31,0.5,0.5,0.5,0.5,0.5,0
2012-11-01,0.5,0.5,0.5,0.5,0.5,0
2012-11-02,0.5,0.5,0.5,0.5,0.5,0
2012-11-05,0.5,0.5,0.5,0.5,0.5,80000
2012-11-06,0.4749999940395355,0.4749999940395355,0.4749999940395355,0.4749999940395355,0.4749999940395355,80000
2012-11-07,0.4749999940395355,0.4749999940395355,0.4749999940395355,0.4749999940395355,0.4749999940395355,40000
2012-11-08,0.4749999940395355,0.4749999940395355,0.4749999940395355,0.4749999940395355,0.4749999940395355,0
2012-11-09,0.4749999940395355,0.4749999940395355,0.4749999940395355,0.4749999940395355,0.4749999940395355,0
2012-11-12,0.4749999940395355,0.4749999940395355,0.4749999940395355,0.4749999940395355,0.4749999940395355,0
2012-11-13,0.512499988079071,0.512499988079071,0.512499988079071,0.5,0.5,160000
2012-11-14,0.5049999952316284,0.5049999952316284,0.512499988079071,0.5049999952316284,0.512499988079071,200000
2012-11-15,0.5049999952316284,0.5049999952316284,0.5049999952316284,0.5049999952316284,0.5049999952316284,0
2012-11-16,0.5249999761581421,0.5249999761581421,0.5249999761581421,0.5,0.5024999976158142,200000
2012-11-19,0.5249999761581421,0.5249999761581421,0.5249999761581421,0.5249999761581421,0.5249999761581421,0
2012-11-20,0.5,0.5,0.5,0.5,0.5,40000
2012-11-21,0.5,0.5,0.5,0.5,0.5,0
2012-11-22,0.5,0.5,0.5,0.5,0.5,0
2012-11-23,0.5,0.5,0.5,0.5,0.5,40000
2012-11-26,0.5,0.5,0.5,0.5,0.5,80000
2012-11-27,0.5,0.5,0.5,0.5,0.5,0
2012-11-28,0.5,0.5,0.5,0.5,0.5,0
2012-11-29,0.550000011920929,0.550000011920929,0.550000011920929,0.5375000238418579,0.5375000238418579,160000
2012-11-30,0.5,0.5,0.5,0.5,0.5,80000
2012-12-03,0.5,0.5,0.550000011920929,0.5,0.550000011920929,80000
2012-12-04,0.5,0.5,0.5024999976158142,0.4950000047683716,0.5,280000
2012-12-05,0.5375000238418579,0.5375000238418579,0.5049999952316284,0.5,0.5,360000
2012-12-06,0.5375000238418579,0.5375000238418579,0.5375000238418579,0.5,0.512499988079071,320000
2012-12-07,0.5049999952316284,0.5049999952316284,0.5099999904632568,0.5024999976158142,0.5099999904632568,320000
2012-12-10,0.5224999785423279,0.5224999785423279,0.5625,0.4950000047683716,0.4975000023841858,680000
2012-12-11,0.5224999785423279,0.5224999785423279,0.5375000238418579,0.5174999833106995,0.5174999833106995,320000
2012-12-12,0.5575000047683716,0.5575000047683716,0.5575000047683716,0.550000011920929,0.550000011920929,80000
2012-12-13,0.5575000047683716,0.5575000047683716,0.5575000047683716,0.5174999833106995,0.5199999809265137,440000
2012-12-14,0.550000011920929,0.550000011920929,0.5325000286102295,0.5249999761581421,0.5249999761581421,440000
2012-12-17,0.5375000238418579,0.5375000238418579,0.5274999737739563,0.5274999737739563,0.5274999737739563,160000
2012-12-18,0.5375000238418579,0.5375000238418579,0.5350000262260437,0.5325000286102295,0.5325000286102295,320000
2012-12-19,0.5425000190734863,0.5425000190734863,0.5425000190734863,0.5400000214576721,0.5425000190734863,160000
2012-12-20,0.5625,0.5625,0.5625,0.5249999761581421,0.5249999761581421,520000
2012-12-21,0.5625,0.5625,0.5625,0.5625,0.5625,0
2012-12-24,0.5625,0.5625,0.5625,0.5625,0.5625,0
2012-12-27,0.550000011920929,0.550000011920929,0.5325000286102295,0.5325000286102295,0.5325000286102295,280000
2012-12-28,0.5625,0.5625,0.5625,0.5299999713897705,0.5299999713897705,760000
2012-12-31,0.5425000190734863,0.5425000190734863,0.5425000190734863,0.5350000262260437,0.5350000262260437,560000
2013-01-02,0.5450000166893005,0.5450000166893005,0.5450000166893005,0.5325000286102295,0.5325000286102295,1040000
2013-01-03,0.5525000095367432,0.5525000095367432,0.5724999904632568,0.5400000214576721,0.5450000166893005,680000
2013-01-04,0.5425000190734863,0.5425000190734863,0.5649999976158142,0.5400000214576721,0.5475000143051147,880000
2013-01-07,0.5450000166893005,0.5450000166893005,0.5450000166893005,0.5299999713897705,0.5299999713897705,760000
2013-01-08,0.5400000214576721,0.5400000214576721,0.5450000166893005,0.5400000214576721,0.5400000214576721,760000
2013-01-09,0.5425000190734863,0.5425000190734863,0.5450000166893005,0.5425000190734863,0.5425000190734863,600000
2013-01-10,0.550000011920929,0.550000011920929,0.550000011920929,0.5425000190734863,0.5425000190734863,640000
2013-01-11,0.550000011920929,0.550000011920929,0.550000011920929,0.5450000166893005,0.5475000143051147,800000
2013-01-14,0.5475000143051147,0.5475000143051147,0.5475000143051147,0.5450000166893005,0.5450000166893005,720000
2013-01-15,0.550000011920929,0.550000011920929,0.550000011920929,0.5450000166893005,0.5475000143051147,280000
2013-01-16,0.5475000143051147,0.5475000143051147,0.5475000143051147,0.5425000190734863,0.5450000166893005,880000
2013-01-17,0.5575000047683716,0.5575000047683716,0.5575000047683716,0.5450000166893005,0.550000011920929,2160000
2013-01-18,0.5575000047683716,0.5575000047683716,0.5575000047683716,0.5425000190734863,0.550000011920929,840000
2013-01-21,0.5575000047683716,0.5575000047683716,0.5625,0.5475000143051147,0.5575000047683716,680000
2013-01-22,0.550000011920929,0.550000011920929,0.5550000071525574,0.5450000166893005,0.550000011920929,880000
2013-01-23,0.5575000047683716,0.5575000047683716,0.5575000047683716,0.550000011920929,0.5550000071525574,680000
2013-01-24,0.550000011920929,0.550000011920929,0.5550000071525574,0.5450000166893005,0.5475000143051147,1000000
2013-01-25,0.5475000143051147,0.5475000143051147,0.550000011920929,0.5475000143051147,0.550000011920929,920000
2013-01-28,0.5525000095367432,0.5525000095367432,0.5575000047683716,0.5475000143051147,0.550000011920929,880000
2013-01-29,0.550000011920929,0.550000011920929,0.5575000047683716,0.550000011920929,0.5525000095367432,880000
2013-01-30,0.550000011920929,0.550000011920929,0.5575000047683716,0.550000011920929,0.5525000095367432,1200000
2013-01-31,0.5525000095367432,0.5525000095367432,0.5575000047683716,0.5475000143051147,0.5475000143051147,1120000
2013-02-01,0.5550000071525574,0.5550000071525574,0.5625,0.5475000143051147,0.550000011920929,2160000
2013-02-04,0.5575000047683716,0.5575000047683716,0.5625,0.5525000095367432,0.5575000047683716,1120000
2013-02-05,0.550000011920929,0.550000011920929,0.5525000095367432,0.5475000143051147,0.550000011920929,800000
2013-02-06,0.5575000047683716,0.5575000047683716,0.5575000047683716,0.550000011920929,0.5525000095367432,1840000
2013-02-07,0.5475000143051147,0.5475000143051147,0.5525000095367432,0.5475000143051147,0.5525000095367432,1120000
2013-02-08,0.550000011920929,0.550000011920929,0.5575000047683716,0.550000011920929,0.550000011920929,1320000
2013-02-14,0.5550000071525574,0.5550000071525574,0.5625,0.5525000095367432,0.5575000047683716,1000000
2013-02-15,0.5550000071525574,0.5550000071525574,0.5550000071525574,0.550000011920929,0.5525000095367432,1120000
2013-02-18,0.5575000047683716,0.5575000047683716,0.5575000047683716,0.550000011920929,0.5525000095367432,1320000
2013-02-19,0.5550000071525574,0.5550000071525574,0.5550000071525574,0.5525000095367432,0.5550000071525574,1160000
2013-02-20,0.550000011920929,0.550000011920929,0.5575000047683716,0.5475000143051147,0.5525000095367432,1080000
2013-02-21,0.5450000166893005,0.5450000166893005,0.550000011920929,0.5425000190734863,0.5475000143051147,1120000
2013-02-22,0.5450000166893005,0.5450000166893005,0.550000011920929,0.5425000190734863,0.5450000166893005,1160000
2013-02-25,0.5525000095367432,0.5525000095367432,0.5525000095367432,0.5400000214576721,0.5475000143051147,1720000
2013-02-26,0.5375000238418579,0.5375000238418579,0.550000011920929,0.5299999713897705,0.5475000143051147,1160000
2013-02-27,0.5425000190734863,0.5425000190734863,0.5450000166893005,0.5400000214576721,0.5400000214576721,1160000
2013-02-28,0.5425000190734863,0.5425000190734863,0.5475000143051147,0.5400000214576721,0.5400000214576721,1800000
2013-03-01,0.5425000190734863,0.5425000190734863,0.5450000166893005,0.5299999713897705,0.5450000166893005,1320000
2013-03-04,0.5350000262260437,0.5350000262260437,0.5450000166893005,0.5350000262260437,0.5425000190734863,1320000
2013-03-05,0.5400000214576721,0.5400000214576721,0.5400000214576721,0.5350000262260437,0.5350000262260437,1120000
2013-03-06,0.5450000166893005,0.5450000166893005,0.5450000166893005,0.5400000214576721,0.5425000190734863,1440000
2013-03-07,0.5475000143051147,0.5475000143051147,0.5475000143051147,0.5425000190734863,0.5475000143051147,1200000
2013-03-08,0.5525000095367432,0.5525000095367432,0.5525000095367432,0.5400000214576721,0.5425000190734863,1960000
2013-03-11,0.5400000214576721,0.5400000214576721,0.5525000095367432,0.5350000262260437,0.5525000095367432,1280000
2013-03-12,0.5299999713897705,0.5299999713897705,0.5450000166893005,0.5274999737739563,0.5425000190734863,1600000
2013-03-13,0.5224999785423279,0.5224999785423279,0.5350000262260437,0.5224999785423279,0.5350000262260437,1560000
2013-03-14,0.5149999856948853,0.5149999856948853,0.5274999737739563,0.5149999856948853,0.5274999737739563,880000
2013-03-15,0.5,0.5,0.5249999761581421,0.5,0.5249999761581421,640000
2013-03-18,0.5049999952316284,0.5049999952316284,0.5049999952316284,0.5049999952316284,0.5049999952316284,120000
2013-03-19,0.512499988079071,0.512499988079071,0.512499988079071,0.512499988079071,0.512499988079071,200000
2013-03-20,0.512499988079071,0.512499988079071,0.512499988079071,0.512499988079071,0.512499988079071,0
2013-03-21,0.5249999761581421,0.5249999761581421,0.5249999761581421,0.5249999761581421,0.5249999761581421,120000
2013-03-22,0.5199999809265137,0.5199999809265137,0.5199999809265137,0.5149999856948853,0.5199999809265137,320000
2013-03-25,0.5199999809265137,0.5199999809265137,0.5199999809265137,0.5174999833106995,0.5199999809265137,320000
2013-03-26,0.5199999809265137,0.5199999809265137,0.5199999809265137,0.5199999809265137,0.5199999809265137,0
2013-03-27,0.5199999809265137,0.5199999809265137,0.5199999809265137,0.5199999809265137,0.5199999809265137,0
2013-03-28,0.5199999809265137,0.5199999809265137,0.5199999809265137,0.5199999809265137,0.5199999809265137,0
2013-04-02,0.5199999809265137,0.5199999809265137,0.5199999809265137,0.5199999809265137,0.5199999809265137,0
2013-04-03,0.5199999809265137,0.5199999809265137,0.5199999809265137,0.5199999809265137,0.5199999809265137,0
2013-04-05,0.5024999976158142,0.5024999976158142,0.5199999809265137,0.5024999976158142,0.5199999809265137,200000
2013-04-08,0.5024999976158142,0.5024999976158142,0.5024999976158142,0.5024999976158142,0.5024999976158142,0
2013-04-09,0.5,0.5,0.5024999976158142,0.5,0.5024999976158142,240000
2013-04-10,0.5,0.5,0.5,0.5,0.5,80000
2013-04-11,0.5,0.5,0.5,0.47749999165534973,0.5,352000
2013-04-12,0.5274999737739563,0.5274999737739563,0.5274999737739563,0.5,0.5,272000
2013-04-15,0.5224999785423279,0.5224999785423279,0.5224999785423279,0.5174999833106995,0.5199999809265137,1680000
2013-04-16,0.5249999761581421,0.5249999761581421,0.5249999761581421,0.5149999856948853,0.5199999809265137,1880000
2013-04-17,0.5774999856948853,0.5774999856948853,0.6499999761581421,0.5249999761581421,0.5249999761581421,2520000
2013-04-18,0.5600000023841858,0.5600000023841858,0.5799999833106995,0.5525000095367432,0.5600000023841858,1400000
2013-04-19,0.5450000166893005,0.5450000166893005,0.5649999976158142,0.5425000190734863,0.5649999976158142,1960000
2013-04-22,0.5874999761581421,0.5874999761581421,0.612500011920929,0.5400000214576721,0.5400000214576721,2560000
2013-04-23,0.5625,0.5625,0.5699999928474426,0.5550000071525574,0.5699999928474426,2080000
2013-04-24,0.6150000095367432,0.6150000095367432,0.6150000095367432,0.5649999976158142,0.5649999976158142,2440000
2013-04-25,0.699999988079071,0.699999988079071,0.8500000238418579,0.699999988079071,0.75,1560000
2013-04-26,0.75,0.75,0.699999988079071,0.6299999952316284,0.6899999976158142,530000
2013-04-29,0.7400000095367432,0.7400000095367432,0.7300000190734863,0.6600000262260437,0.6600000262260437,750000
2013-04-30,0.7099999785423279,0.7099999785423279,0.7200000286102295,0.6899999976158142,0.6899999976158142,2790000
2013-05-02,0.699999988079071,0.699999988079071,0.7099999785423279,0.6800000071525574,0.7099999785423279,2410000
2013-05-03,0.7799999713897705,0.7799999713897705,0.7799999713897705,0.6499999761581421,0.6899999976158142,2450000
2013-05-06,0.7599999904632568,0.7599999904632568,0.8399999737739563,0.75,0.7799999713897705,2760000
2013-05-07,0.7200000286102295,0.7200000286102295,0.7599999904632568,0.6800000071525574,0.6899999976158142,3150000
2013-05-08,0.699999988079071,0.699999988079071,0.7300000190734863,0.6899999976158142,0.7200000286102295,3050000
2013-05-09,0.6800000071525574,0.6800000071525574,0.6800000071525574,0.6299999952316284,0.6800000071525574,3250000
2013-05-10,0.6499999761581421,0.6499999761581421,0.6700000166893005,0.6399999856948853,0.6700000166893005,2900000
2013-05-13,0.6200000047683716,0.6200000047683716,0.6499999761581421,0.6100000143051147,0.6499999761581421,3630000
2013-05-14,0.6200000047683716,0.6200000047683716,0.6399999856948853,0.6100000143051147,0.6299999952316284,3390000
2013-05-15,0.5899999737739563,0.5899999737739563,0.6100000143051147,0.5799999833106995,0.6100000143051147,650000
2013-05-16,0.5899999737739563,0.5899999737739563,0.6100000143051147,0.5799999833106995,0.6000000238418579,2050000
2013-05-20,0.6700000166893005,0.6700000166893005,0.6700000166893005,0.5799999833106995,0.5899999737739563,5420000
2013-05-21,0.6800000071525574,0.6800000071525574,0.699999988079071,0.6299999952316284,0.6299999952316284,4230000
2013-05-22,0.6600000262260437,0.6600000262260437,0.6899999976158142,0.6600000262260437,0.6899999976158142,3270000
2013-05-23,0.6600000262260437,0.6600000262260437,0.6600000262260437,0.6399999856948853,0.6499999761581421,3090000
2013-05-24,0.6499999761581421,0.6499999761581421,0.6700000166893005,0.6399999856948853,0.6499999761581421,3440000
2013-05-27,0.6600000262260437,0.6600000262260437,0.6600000262260437,0.6399999856948853,0.6499999761581421,3650000
2013-05-28,0.6299999952316284,0.6299999952316284,0.6499999761581421,0.6299999952316284,0.6499999761581421,3820000
2013-05-29,0.6200000047683716,0.6200000047683716,0.6399999856948853,0.6200000047683716,0.6399999856948853,2270000
2013-05-30,0.6200000047683716,0.6200000047683716,0.6299999952316284,0.6200000047683716,0.6299999952316284,2340000
2013-05-31,0.6299999952316284,0.6299999952316284,0.6299999952316284,0.6200000047683716,0.6299999952316284,2730000
2013-06-03,0.6100000143051147,0.6100000143051147,0.6299999952316284,0.6100000143051147,0.6299999952316284,1700000
2013-06-04,0.6600000262260437,0.6600000262260437,0.6600000262260437,0.6200000047683716,0.6200000047683716,3850000
2013-06-05,0.6499999761581421,0.6499999761581421,0.6600000262260437,0.6399999856948853,0.6600000262260437,3560000
2013-06-06,0.6600000262260437,0.6600000262260437,0.6600000262260437,0.6299999952316284,0.6600000262260437,3810000
2013-06-07,0.6499999761581421,0.6499999761581421,0.6700000166893005,0.6299999952316284,0.6600000262260437,3830000
2013-06-10,0.6299999952316284,0.6299999952316284,0.6700000166893005,0.6299999952316284,0.6700000166893005,2560000
2013-06-11,0.6299999952316284,0.6299999952316284,0.6399999856948853,0.6299999952316284,0.6399999856948853,540000
2013-06-13,0.6200000047683716,0.6200000047683716,0.6399999856948853,0.6100000143051147,0.6200000047683716,3050000
2013-06-14,0.6200000047683716,0.6200000047683716,0.6299999952316284,0.6200000047683716,0.6299999952316284,2290000
2013-06-17,0.6299999952316284,0.6299999952316284,0.6499999761581421,0.6200000047683716,0.6499999761581421,1740000
2013-06-18,0.6299999952316284,0.6299999952316284,0.6399999856948853,0.6200000047683716,0.6200000047683716,2690000
2013-06-19,0.6200000047683716,0.6200000047683716,0.6399999856948853,0.6100000143051147,0.6299999952316284,2680000
2013-06-20,0.6399999856948853,0.6399999856948853,0.6399999856948853,0.6200000047683716,0.6299999952316284,2800000
2013-06-21,0.6299999952316284,0.6299999952316284,0.6499999761581421,0.6200000047683716,0.6299999952316284,3830000
2013-06-24,0.6499999761581421,0.6499999761581421,0.6499999761581421,0.6100000143051147,0.6299999952316284,3250000
2013-06-25,0.6499999761581421,0.6499999761581421,0.6600000262260437,0.6399999856948853,0.6399999856948853,3030000
2013-06-26,0.699999988079071,0.699999988079071,0.699999988079071,0.6600000262260437,0.6600000262260437,4180000
2013-06-27,0.7200000286102295,0.7200000286102295,0.7200000286102295,0.7099999785423279,0.7099999785423279,3270000
2013-06-28,0.75,0.75,0.7699999809265137,0.699999988079071,0.7300000190734863,3180000
2013-07-02,0.8199999928474426,0.8199999928474426,0.8199999928474426,0.7599999904632568,0.7599999904632568,4630000
2013-07-03,0.8100000023841858,0.8100000023841858,0.8199999928474426,0.800000011920929,0.8199999928474426,2160000
2013-07-04,0.7900000214576721,0.7900000214576721,0.8100000023841858,0.75,0.8100000023841858,1510000
2013-07-05,0.8100000023841858,0.8100000023841858,0.8100000023841858,0.7900000214576721,0.8100000023841858,1680000
2013-07-08,0.7900000214576721,0.7900000214576721,0.800000011920929,0.7699999809265137,0.7900000214576721,2590000
2013-07-09,0.800000011920929,0.800000011920929,0.8100000023841858,0.7799999713897705,0.7799999713897705,2620000
2013-07-10,0.800000011920929,0.800000011920929,0.8100000023841858,0.7900000214576721,0.7900000214576721,2330000
2013-07-11,0.800000011920929,0.800000011920929,0.800000011920929,0.7900000214576721,0.800000011920929,1900000
2013-07-12,0.800000011920929,0.800000011920929,0.8100000023841858,0.800000011920929,0.8100000023841858,1930000
2013-07-15,0.7799999713897705,0.7799999713897705,0.800000011920929,0.7799999713897705,0.800000011920929,1400000
2013-07-16,0.7300000190734863,0.7300000190734863,0.7900000214576721,0.7300000190734863,0.7900000214576721,1030000
2013-07-17,0.75,0.75,0.75,0.7400000095367432,0.75,1180000
2013-07-18,0.699999988079071,0.699999988079071,0.75,0.699999988079071,0.75,1640000
2013-07-19,0.699999988079071,0.699999988079071,0.699999988079071,0.699999988079071,0.699999988079071,150000
2013-07-22,0.7099999785423279,0.7099999785423279,0.7200000286102295,0.6700000166893005,0.7200000286102295,2090000
2013-07-23,0.6899999976158142,0.6899999976158142,0.7200000286102295,0.6899999976158142,0.7200000286102295,1110000
2013-07-24,0.6800000071525574,0.6800000071525574,0.699999988079071,0.6700000166893005,0.699999988079071,2130000
2013-07-25,0.6899999976158142,0.6899999976158142,0.6899999976158142,0.6700000166893005,0.6800000071525574,2050000
2013-07-26,0.6600000262260437,0.6600000262260437,0.6899999976158142,0.6600000262260437,0.6899999976158142,1480000
2013-07-29,0.6600000262260437,0.6600000262260437,0.6600000262260437,0.6299999952316284,0.6499999761581421,650000
2013-07-30,0.6600000262260437,0.6600000262260437,0.6600000262260437,0.6399999856948853,0.6600000262260437,1950000
2013-07-31,0.6499999761581421,0.6499999761581421,0.6700000166893005,0.6299999952316284,0.6700000166893005,1770000
2013-08-01,0.699999988079071,0.699999988079071,0.7099999785423279,0.6399999856948853,0.6600000262260437,1680000
2013-08-02,0.7099999785423279,0.7099999785423279,0.7799999713897705,0.699999988079071,0.7400000095367432,1490000
2013-08-05,0.7200000286102295,0.7200000286102295,0.7300000190734863,0.699999988079071,0.7300000190734863,1820000
2013-08-06,0.75,0.75,0.7699999809265137,0.7300000190734863,0.7300000190734863,1780000
2013-08-07,0.7400000095367432,0.7400000095367432,0.7599999904632568,0.7300000190734863,0.7599999904632568,1480000
2013-08-08,0.7200000286102295,0.7200000286102295,0.75,0.7099999785423279,0.75,1920000
2013-08-09,0.7200000286102295,0.7200000286102295,0.7400000095367432,0.7200000286102295,0.7400000095367432,1360000
2013-08-12,0.7300000190734863,0.7300000190734863,0.7400000095367432,0.6700000166893005,0.7400000095367432,1560000
2013-08-13,0.7300000190734863,0.7300000190734863,0.7300000190734863,0.7099999785423279,0.7300000190734863,1760000
2013-08-14,0.7300000190734863,0.7300000190734863,0.7300000190734863,0.7300000190734863,0.7300000190734863,0
2013-08-15,0.7200000286102295,0.7200000286102295,0.7300000190734863,0.7099999785423279,0.7300000190734863,1370000
2013-08-16,0.7099999785423279,0.7099999785423279,0.7200000286102295,0.699999988079071,0.7099999785423279,1510000
2013-08-19,0.6899999976158142,0.6899999976158142,0.7300000190734863,0.6899999976158142,0.7300000190734863,1530000
2013-08-20,0.6700000166893005,0.6700000166893005,0.699999988079071,0.6700000166893005,0.699999988079071,1920000
2013-08-21,0.6700000166893005,0.6700000166893005,0.6899999976158142,0.6600000262260437,0.6899999976158142,1820000
2013-08-22,0.6700000166893005,0.6700000166893005,0.6899999976158142,0.6600000262260437,0.6899999976158142,1960000
2013-08-23,0.6700000166893005,0.6700000166893005,0.6700000166893005,0.6600000262260437,0.6700000166893005,1730000
2013-08-26,0.6899999976158142,0.6899999976158142,0.6899999976158142,0.6600000262260437,0.6899999976158142,2170000
2013-08-27,0.6600000262260437,0.6600000262260437,0.6800000071525574,0.6600000262260437,0.6800000071525574,1430000
2013-08-28,0.6600000262260437,0.6600000262260437,0.6600000262260437,0.6600000262260437,0.6600000262260437,0
2013-08-29,0.6600000262260437,0.6600000262260437,0.6800000071525574,0.6700000166893005,0.6800000071525574,870000
2013-08-30,0.6600000262260437,0.6600000262260437,0.6899999976158142,0.6600000262260437,0.6800000071525574,1680000
2013-09-02,0.6600000262260437,0.6600000262260437,0.6899999976158142,0.6499999761581421,0.6899999976158142,1330000
2013-09-03,0.6700000166893005,0.6700000166893005,0.6700000166893005,0.6700000166893005,0.6700000166893005,210000
2013-09-04,0.6499999761581421,0.6499999761581421,0.6499999761581421,0.6499999761581421,0.6499999761581421,50000
2013-09-05,0.6499999761581421,0.6499999761581421,0.6499999761581421,0.6100000143051147,0.6499999761581421,420000
2013-09-06,0.6399999856948853,0.6399999856948853,0.6399999856948853,0.6000000238418579,0.6000000238418579,490000
2013-09-09,0.6399999856948853,0.6399999856948853,0.6399999856948853,0.6200000047683716,0.6399999856948853,1050000
2013-09-10,0.6600000262260437,0.6600000262260437,0.6700000166893005,0.6299999952316284,0.6299999952316284,1180000
2013-09-11,0.6600000262260437,0.6600000262260437,0.6600000262260437,0.6499999761581421,0.6600000262260437,1920000
2013-09-12,0.6499999761581421,0.6499999761581421,0.6700000166893005,0.6499999761581421,0.6700000166893005,1950000
2013-09-13,0.6600000262260437,0.6600000262260437,0.6700000166893005,0.6600000262260437,0.6600000262260437,1990000
2013-09-16,0.6600000262260437,0.6600000262260437,0.6700000166893005,0.6399999856948853,0.6700000166893005,1980000
2013-09-17,0.6600000262260437,0.6600000262260437,0.6600000262260437,0.6399999856948853,0.6499999761581421,2040000
2013-09-18,0.6499999761581421,0.6499999761581421,0.6499999761581421,0.6499999761581421,0.6499999761581421,1970000
2013-09-19,0.6600000262260437,0.6600000262260437,0.6600000262260437,0.6399999856948853,0.6499999761581421,1790000
2013-09-23,0.6399999856948853,0.6399999856948853,0.6399999856948853,0.6399999856948853,0.6399999856948853,620000
2013-09-24,0.6299999952316284,0.6299999952316284,0.699999988079071,0.6299999952316284,0.6899999976158142,2140000
2013-09-25,0.6499999761581421,0.6499999761581421,0.6499999761581421,0.6399999856948853,0.6399999856948853,1940000
2013-09-26,0.6600000262260437,0.6600000262260437,0.6600000262260437,0.6499999761581421,0.6499999761581421,1610000
2013-09-27,0.6600000262260437,0.6600000262260437,0.6600000262260437,0.6600000262260437,0.6600000262260437,1260000
2013-09-30,0.6600000262260437,0.6600000262260437,0.6600000262260437,0.6399999856948853,0.6600000262260437,1670000
2013-10-02,0.699999988079071,0.699999988079071,0.7400000095367432,0.6700000166893005,0.6700000166893005,2100000
2013-10-03,0.7099999785423279,0.7099999785423279,0.7200000286102295,0.699999988079071,0.7099999785423279,1820000
2013-10-04,0.7300000190734863,0.7300000190734863,0.7300000190734863,0.6899999976158142,0.7200000286102295,260000
2013-10-07,0.7200000286102295,0.7200000286102295,0.7300000190734863,0.699999988079071,0.699999988079071,1640000
2013-10-08,0.7099999785423279,0.7099999785423279,0.7300000190734863,0.6399999856948853,0.7099999785423279,1740000
2013-10-09,0.7099999785423279,0.7099999785423279,0.7300000190734863,0.6899999976158142,0.7099999785423279,1570000
2013-10-10,0.7200000286102295,0.7200000286102295,0.7200000286102295,0.7099999785423279,0.7099999785423279,850000
2013-10-11,0.7300000190734863,0.7300000190734863,0.7300000190734863,0.7099999785423279,0.7300000190734863,1300000
2013-10-15,0.699999988079071,0.699999988079071,0.7200000286102295,0.6600000262260437,0.7200000286102295,1150000
2013-10-16,0.7099999785423279,0.7099999785423279,0.7099999785423279,0.6899999976158142,0.699999988079071,1460000
2013-10-17,0.699999988079071,0.699999988079071,0.7300000190734863,0.699999988079071,0.7099999785423279,1150000
2013-10-18,0.6899999976158142,0.6899999976158142,0.7099999785423279,0.6800000071525574,0.6800000071525574,700000
2013-10-21,0.6899999976158142,0.6899999976158142,0.7200000286102295,0.6800000071525574,0.6899999976158142,1090000
2013-10-22,0.699999988079071,0.699999988079071,0.7300000190734863,0.699999988079071,0.7300000190734863,1530000
2013-10-23,0.699999988079071,0.699999988079071,0.7300000190734863,0.6800000071525574,0.7200000286102295,1590000
2013-10-24,0.6899999976158142,0.6899999976158142,0.7099999785423279,0.6899999976158142,0.6899999976158142,1440000
2013-10-25,0.699999988079071,0.699999988079071,0.7099999785423279,0.6899999976158142,0.7099999785423279,1620000
2013-10-28,0.7099999785423279,0.7099999785423279,0.7099999785423279,0.6899999976158142,0.699999988079071,1570000
2013-10-29,0.7200000286102295,0.7200000286102295,0.7200000286102295,0.7099999785423279,0.7099999785423279,1400000
2013-10-30,0.7300000190734863,0.7300000190734863,0.7300000190734863,0.7099999785423279,0.7099999785423279,1820000
2013-10-31,0.7400000095367432,0.7400000095367432,0.7400000095367432,0.7300000190734863,0.7400000095367432,1580000
2013-11-01,0.7300000190734863,0.7300000190734863,0.7699999809265137,0.7200000286102295,0.7300000190734863,2090000
2013-11-04,0.7799999713897705,0.7799999713897705,0.7900000214576721,0.7400000095367432,0.7400000095367432,2020000
2013-11-05,0.7799999713897705,0.7799999713897705,0.7799999713897705,0.7599999904632568,0.7799999713897705,2050000
2013-11-06,0.7599999904632568,0.7599999904632568,0.7699999809265137,0.75,0.7699999809265137,1380000
2013-11-07,0.7599999904632568,0.7599999904632568,0.7699999809265137,0.75,0.7699999809265137,1770000
2013-11-08,0.7599999904632568,0.7599999904632568,0.7599999904632568,0.7400000095367432,0.7599999904632568,1370000
2013-11-11,0.7599999904632568,0.7599999904632568,0.7599999904632568,0.7400000095367432,0.75,1380000
2013-11-12,0.75,0.75,0.7599999904632568,0.7400000095367432,0.7400000095367432,1740000
2013-11-13,0.7099999785423279,0.7099999785423279,0.7699999809265137,0.7099999785423279,0.7699999809265137,1220000
2013-11-14,0.7300000190734863,0.7300000190734863,0.7400000095367432,0.7300000190734863,0.7300000190734863,1550000
2013-11-15,0.7200000286102295,0.7200000286102295,0.7200000286102295,0.7099999785423279,0.7099999785423279,1780000
2013-11-18,0.699999988079071,0.699999988079071,0.7300000190734863,0.699999988079071,0.7300000190734863,1240000
2013-11-19,0.699999988079071,0.699999988079071,0.7200000286102295,0.6600000262260437,0.7200000286102295,1050000
2013-11-20,0.699999988079071,0.699999988079071,0.699999988079071,0.6899999976158142,0.699999988079071,780000
2013-11-21,0.7300000190734863,0.7300000190734863,0.7300000190734863,0.7099999785423279,0.7099999785423279,660000
2013-11-22,0.7200000286102295,0.7200000286102295,0.7200000286102295,0.7099999785423279,0.7200000286102295,610000
2013-11-25,0.7200000286102295,0.7200000286102295,0.7300000190734863,0.7200000286102295,0.7300000190734863,960000
2013-11-26,0.7400000095367432,0.7400000095367432,0.7400000095367432,0.7099999785423279,0.7300000190734863,1500000
2013-11-27,0.7200000286102295,0.7200000286102295,0.7300000190734863,0.7200000286102295,0.7300000190734863,1070000
2013-11-28,0.7300000190734863,0.7300000190734863,0.7400000095367432,0.7200000286102295,0.7200000286102295,1720000
2013-11-29,0.7300000190734863,0.7300000190734863,0.7300000190734863,0.7300000190734863,0.7300000190734863,1400000
2013-12-02,0.7200000286102295,0.7200000286102295,0.7599999904632568,0.7200000286102295,0.7599999904632568,1200000
2013-12-03,0.7400000095367432,0.7400000095367432,0.75,0.7400000095367432,0.75,1240000
2013-12-04,0.75,0.75,0.75,0.75,0.75,200000
2013-12-05,0.7599999904632568,0.7599999904632568,0.7599999904632568,0.7400000095367432,0.7599999904632568,550000
2013-12-06,0.7799999713897705,0.7799999713897705,0.7799999713897705,0.75,0.7599999904632568,470000
2013-12-09,0.8299999833106995,0.8299999833106995,0.8399999737739563,0.7799999713897705,0.7900000214576721,1810000
2013-12-10,0.8199999928474426,0.8199999928474426,0.8500000238418579,0.8199999928474426,0.8299999833106995,300000
2013-12-11,0.800000011920929,0.800000011920929,0.8100000023841858,0.7900000214576721,0.800000011920929,1460000
2013-12-12,0.800000011920929,0.800000011920929,0.800000011920929,0.800000011920929,0.800000011920929,960000
2013-12-13,0.800000011920929,0.800000011920929,0.800000011920929,0.7799999713897705,0.800000011920929,1410000
2013-12-16,0.800000011920929,0.800000011920929,0.800000011920929,0.7799999713897705,0.800000011920929,1480000
2013-12-17,0.7799999713897705,0.7799999713897705,0.7900000214576721,0.75,0.7900000214576721,1640000
2013-12-18,0.7799999713897705,0.7799999713897705,0.7799999713897705,0.7599999904632568,0.7599999904632568,1990000
2013-12-19,0.7799999713897705,0.7799999713897705,0.7799999713897705,0.7799999713897705,0.7799999713897705,1680000
2013-12-20,0.7799999713897705,0.7799999713897705,0.7799999713897705,0.7699999809265137,0.7799999713897705,1360000
2013-12-23,0.7599999904632568,0.7599999904632568,0.7799999713897705,0.7599999904632568,0.7799999713897705,1340000
2013-12-24,0.7799999713897705,0.7799999713897705,0.800000011920929,0.7699999809265137,0.7900000214576721,1030000
2013-12-27,0.7799999713897705,0.7799999713897705,0.7900000214576721,0.7699999809265137,0.7900000214576721,1150000
2013-12-30,0.7799999713897705,0.7799999713897705,0.7799999713897705,0.7799999713897705,0.7799999713897705,820000
2013-12-31,0.7900000214576721,0.7900000214576721,0.7900000214576721,0.7799999713897705,0.7799999713897705,860000
2014-01-02,0.7799999713897705,0.7799999713897705,0.7799999713897705,0.7699999809265137,0.7699999809265137,780000
2014-01-03,0.7799999713897705,0.7799999713897705,0.7799999713897705,0.7699999809265137,0.7799999713897705,1100000
2014-01-06,0.7799999713897705,0.7799999713897705,0.7799999713897705,0.7799999713897705,0.7799999713897705,1000000
2014-01-07,0.7699999809265137,0.7699999809265137,0.7799999713897705,0.7699999809265137,0.7799999713897705,1280000
2014-01-08,0.7799999713897705,0.7799999713897705,0.7799999713897705,0.7799999713897705,0.7799999713897705,840000
2014-01-09,0.7599999904632568,0.7599999904632568,0.7799999713897705,0.7599999904632568,0.7799999713897705,1780000
2014-01-10,0.7599999904632568,0.7599999904632568,0.7699999809265137,0.75,0.7699999809265137,880000
2014-01-13,0.75,0.75,0.75,0.75,0.75,320000
2014-01-14,0.7400000095367432,0.7400000095367432,0.7599999904632568,0.7400000095367432,0.7599999904632568,720000
2014-01-15,0.75,0.75,0.7599999904632568,0.7400000095367432,0.75,1020000
2014-01-16,0.75,0.75,0.7599999904632568,0.75,0.7599999904632568,1290000
2014-01-17,0.7400000095367432,0.7400000095367432,0.75,0.7300000190734863,0.75,1520000
2014-01-20,0.75,0.75,0.7599999904632568,0.7200000286102295,0.7200000286102295,1330000
2014-01-21,0.7400000095367432,0.7400000095367432,0.7599999904632568,0.7400000095367432,0.7599999904632568,790000
2014-01-22,0.75,0.75,0.7699999809265137,0.7300000190734863,0.7699999809265137,560000
2014-01-23,0.75,0.75,0.7599999904632568,0.75,0.7599999904632568,1080000
2014-01-24,0.7300000190734863,0.7300000190734863,0.7400000095367432,0.7099999785423279,0.7300000190734863,1200000
2014-01-27,0.7300000190734863,0.7300000190734863,0.7400000095367432,0.7300000190734863,0.7300000190734863,1180000
2014-01-28,0.699999988079071,0.699999988079071,0.7300000190734863,0.699999988079071,0.7300000190734863,260000
2014-01-29,0.7200000286102295,0.7200000286102295,0.7200000286102295,0.7200000286102295,0.7200000286102295,640000
2014-01-30,0.7200000286102295,0.7200000286102295,0.7200000286102295,0.7200000286102295,0.7200000286102295,200000
2014-02-04,0.7099999785423279,0.7099999785423279,0.7200000286102295,0.7099999785423279,0.7200000286102295,760000
2014-02-05,0.75,0.75,0.7799999713897705,0.699999988079071,0.699999988079071,1290000
2014-02-06,0.7300000190734863,0.7300000190734863,0.75,0.7300000190734863,0.75,890000
2014-02-07,0.7300000190734863,0.7300000190734863,0.75,0.7300000190734863,0.75,960000
2014-02-10,0.7300000190734863,0.7300000190734863,0.7400000095367432,0.7099999785423279,0.7400000095367432,1160000
2014-02-11,0.7300000190734863,0.7300000190734863,0.7300000190734863,0.7300000190734863,0.7300000190734863,830000
2014-02-12,0.699999988079071,0.699999988079071,0.7400000095367432,0.6800000071525574,0.7400000095367432,1280000
2014-02-13,0.7099999785423279,0.7099999785423279,0.7099999785423279,0.699999988079071,0.699999988079071,690000
2014-02-14,0.7099999785423279,0.7099999785423279,0.7200000286102295,0.699999988079071,0.7200000286102295,1140000
2014-02-17,0.699999988079071,0.699999988079071,0.699999988079071,0.699999988079071,0.699999988079071,0
2014-02-18,0.7099999785423279,0.7099999785423279,0.7099999785423279,0.7099999785423279,0.7099999785423279,400000
2014-02-19,0.7200000286102295,0.7200000286102295,0.7300000190734863,0.6600000262260437,0.6600000262260437,60000
2014-02-20,0.699999988079071,0.699999988079071,0.7099999785423279,0.6800000071525574,0.7099999785423279,870000
2014-02-21,0.6899999976158142,0.6899999976158142,0.7099999785423279,0.6800000071525574,0.7099999785423279,360000
2014-02-24,0.699999988079071,0.699999988079071,0.699999988079071,0.699999988079071,0.699999988079071,530000
2014-02-25,0.699999988079071,0.699999988079071,0.699999988079071,0.6899999976158142,0.6899999976158142,230000
2014-02-26,0.699999988079071,0.699999988079071,0.699999988079071,0.6899999976158142,0.6899999976158142,250000
2014-02-27,0.6899999976158142,0.6899999976158142,0.6899999976158142,0.6899999976158142,0.6899999976158142,950000
2014-02-28,0.699999988079071,0.699999988079071,0.699999988079071,0.6700000166893005,0.6700000166893005,70000
2014-03-03,0.6600000262260437,0.6600000262260437,0.6899999976158142,0.6600000262260437,0.6899999976158142,680000
2014-03-04,0.6800000071525574,0.6800000071525574,0.6899999976158142,0.6800000071525574,0.6899999976158142,560000
2014-03-05,0.6800000071525574,0.6800000071525574,0.6800000071525574,0.6800000071525574,0.6800000071525574,0
2014-03-06,0.6700000166893005,0.6700000166893005,0.6700000166893005,0.6499999761581421,0.6499999761581421,230000
2014-03-07,0.6700000166893005,0.6700000166893005,0.6700000166893005,0.6700000166893005,0.6700000166893005,450000
2014-03-10,0.699999988079071,0.699999988079071,0.7200000286102295,0.699999988079071,0.699999988079071,880000
2014-03-11,0.699999988079071,0.699999988079071,0.7099999785423279,0.6800000071525574,0.7099999785423279,1650000
2014-03-12,0.699999988079071,0.699999988079071,0.699999988079071,0.6700000166893005,0.699999988079071,1090000
2014-03-13,0.6800000071525574,0.6800000071525574,0.6899999976158142,0.6399999856948853,0.6899999976158142,690000
2014-03-14,0.6700000166893005,0.6700000166893005,0.6700000166893005,0.6000000238418579,0.6200000047683716,890000
2014-03-17,0.6399999856948853,0.6399999856948853,0.6700000166893005,0.6399999856948853,0.6700000166893005,1040000
2014-03-18,0.6800000071525574,0.6800000071525574,0.6899999976158142,0.6299999952316284,0.6299999952316284,1140000
2014-03-19,0.6700000166893005,0.6700000166893005,0.6800000071525574,0.6600000262260437,0.6800000071525574,760000
2014-03-20,0.699999988079071,0.699999988079071,0.699999988079071,0.6700000166893005,0.6700000166893005,1360000
2014-03-21,0.6899999976158142,0.6899999976158142,0.7099999785423279,0.6899999976158142,0.699999988079071,1400000
2014-03-24,0.6899999976158142,0.6899999976158142,0.7099999785423279,0.6800000071525574,0.6899999976158142,1580000
2014-03-25,0.7099999785423279,0.7099999785423279,0.7200000286102295,0.7099999785423279,0.7200000286102295,800000
2014-03-26,0.6800000071525574,0.6800000071525574,0.7099999785423279,0.6800000071525574,0.7099999785423279,620000
2014-03-27,0.6899999976158142,0.6899999976158142,0.699999988079071,0.6800000071525574,0.699999988079071,500000
2014-03-28,0.6800000071525574,0.6800000071525574,0.6899999976158142,0.6800000071525574,0.6800000071525574,500000
2014-03-31,0.6800000071525574,0.6800000071525574,0.6800000071525574,0.6800000071525574,0.6800000071525574,0
2014-04-01,0.7099999785423279,0.7099999785423279,0.7099999785423279,0.699999988079071,0.699999988079071,130000
2014-04-02,0.699999988079071,0.699999988079071,0.699999988079071,0.699999988079071,0.699999988079071,100000
2014-04-03,0.699999988079071,0.699999988079071,0.699999988079071,0.699999988079071,0.699999988079071,370000
2014-04-04,0.699999988079071,0.699999988079071,0.699999988079071,0.699999988079071,0.699999988079071,170000
2014-04-07,0.699999988079071,0.699999988079071,0.699999988079071,0.699999988079071,0.699999988079071,0
2014-04-08,0.699999988079071,0.699999988079071,0.699999988079071,0.699999988079071,0.699999988079071,0
2014-04-09,0.699999988079071,0.699999988079071,0.699999988079071,0.699999988079071,0.699999988079071,0
2014-04-10,0.699999988079071,0.699999988079071,0.699999988079071,0.699999988079071,0.699999988079071,0
2014-04-11,0.699999988079071,0.699999988079071,0.699999988079071,0.699999988079071,0.699999988079071,0
2014-04-14,0.699999988079071,0.699999988079071,0.699999988079071,0.699999988079071,0.699999988079071,0
2014-04-15,0.699999988079071,0.699999988079071,0.699999988079071,0.699999988079071,0.699999988079071,0
2014-04-16,0.699999988079071,0.699999988079071,0.699999988079071,0.699999988079071,0.699999988079071,0
2014-04-17,0.699999988079071,0.699999988079071,0.699999988079071,0.699999988079071,0.699999988079071,0
2014-04-22,0.699999988079071,0.699999988079071,0.699999988079071,0.699999988079071,0.699999988079071,0
2014-04-23,0.699999988079071,0.699999988079071,0.699999988079071,0.699999988079071,0.699999988079071,0
2014-04-24,0.699999988079071,0.699999988079071,0.699999988079071,0.699999988079071,0.699999988079071,0
2014-04-25,0.699999988079071,0.699999988079071,0.699999988079071,0.699999988079071,0.699999988079071,0
2014-04-28,0.699999988079071,0.699999988079071,0.699999988079071,0.699999988079071,0.699999988079071,0
2014-04-29,0.699999988079071,0.699999988079071,0.699999988079071,0.699999988079071,0.699999988079071,0
2014-04-30,0.699999988079071,0.699999988079071,0.699999988079071,0.699999988079071,0.699999988079071,0
2014-05-02,0.699999988079071,0.699999988079071,0.699999988079071,0.699999988079071,0.699999988079071,0
2014-05-05,0.699999988079071,0.699999988079071,0.699999988079071,0.699999988079071,0.699999988079071,0
2014-05-07,0.699999988079071,0.699999988079071,0.699999988079071,0.699999988079071,0.699999988079071,0
2014-05-08,0.699999988079071,0.699999988079071,0.699999988079071,0.699999988079071,0.699999988079071,0
2014-05-09,0.699999988079071,0.699999988079071,0.699999988079071,0.699999988079071,0.699999988079071,0
2014-05-12,0.699999988079071,0.699999988079071,0.699999988079071,0.699999988079071,0.699999988079071,0
2014-05-13,0.699999988079071,0.699999988079071,0.699999988079071,0.699999988079071,0.699999988079071,0
2014-05-14,0.699999988079071,0.699999988079071,0.699999988079071,0.699999988079071,0.699999988079071,0
2014-05-15,0.699999988079071,0.699999988079071,0.699999988079071,0.699999988079071,0.699999988079071,0
2014-05-16,0.699999988079071,0.699999988079071,0.699999988079071,0.699999988079071,0.699999988079071,0
2014-05-19,0.699999988079071,0.699999988079071,0.699999988079071,0.699999988079071,0.699999988079071,0
2014-05-20,0.699999988079071,0.699999988079071,0.699999988079071,0.699999988079071,0.699999988079071,0
2014-05-21,0.699999988079071,0.699999988079071,0.699999988079071,0.699999988079071,0.699999988079071,0
2014-05-22,0.699999988079071,0.699999988079071,0.699999988079071,0.699999988079071,0.699999988079071,0
2014-05-23,0.699999988079071,0.699999988079071,0.699999988079071,0.699999988079071,0.699999988079071,0
2014-05-26,0.699999988079071,0.699999988079071,0.699999988079071,0.699999988079071,0.699999988079071,0
2014-05-27,0.699999988079071,0.699999988079071,0.699999988079071,0.699999988079071,0.699999988079071,0
2014-05-28,0.699999988079071,0.699999988079071,0.699999988079071,0.699999988079071,0.699999988079071,0
2014-05-29,0.699999988079071,0.699999988079071,0.699999988079071,0.699999988079071,0.699999988079071,0
2014-05-30,0.699999988079071,0.699999988079071,0.699999988079071,0.699999988079071,0.699999988079071,0
2014-06-03,0.699999988079071,0.699999988079071,0.699999988079071,0.699999988079071,0.699999988079071,0
2014-06-04,0.699999988079071,0.699999988079071,0.699999988079071,0.699999988079071,0.699999988079071,0
2014-06-05,0.699999988079071,0.699999988079071,0.699999988079071,0.699999988079071,0.699999988079071,0
2014-06-06,0.699999988079071,0.699999988079071,0.699999988079071,0.699999988079071,0.699999988079071,0
2014-06-09,0.699999988079071,0.699999988079071,0.699999988079071,0.699999988079071,0.699999988079071,0
2014-06-10,0.699999988079071,0.699999988079071,0.699999988079071,0.699999988079071,0.699999988079071,0
2014-06-11,0.699999988079071,0.699999988079071,0.699999988079071,0.699999988079071,0.699999988079071,0
2014-06-12,0.699999988079071,0.699999988079071,0.699999988079071,0.699999988079071,0.699999988079071,0
2014-06-13,0.699999988079071,0.699999988079071,0.699999988079071,0.699999988079071,0.699999988079071,0
2014-06-16,0.699999988079071,0.699999988079071,0.699999988079071,0.699999988079071,0.699999988079071,0
2014-06-17,0.699999988079071,0.699999988079071,0.699999988079071,0.699999988079071,0.699999988079071,0
2014-06-18,0.699999988079071,0.699999988079071,0.699999988079071,0.699999988079071,0.699999988079071,0
2014-06-19,0.699999988079071,0.699999988079071,0.699999988079071,0.699999988079071,0.699999988079071,0
2014-06-20,0.699999988079071,0.699999988079071,0.699999988079071,0.699999988079071,0.699999988079071,0
2014-06-23,0.699999988079071,0.699999988079071,0.699999988079071,0.699999988079071,0.699999988079071,0
2014-06-24,0.699999988079071,0.699999988079071,0.699999988079071,0.699999988079071,0.699999988079071,0
2014-06-25,0.699999988079071,0.699999988079071,0.699999988079071,0.699999988079071,0.699999988079071,0
2014-06-26,0.699999988079071,0.699999988079071,0.699999988079071,0.699999988079071,0.699999988079071,0
2014-06-27,0.699999988079071,0.699999988079071,0.699999988079071,0.699999988079071,0.699999988079071,0
2014-06-30,0.699999988079071,0.699999988079071,0.699999988079071,0.699999988079071,0.699999988079071,0
2014-07-02,0.699999988079071,0.699999988079071,0.699999988079071,0.699999988079071,0.699999988079071,0
2014-07-03,0.699999988079071,0.699999988079071,0.699999988079071,0.699999988079071,0.699999988079071,0
2014-07-04,0.699999988079071,0.699999988079071,0.699999988079071,0.699999988079071,0.699999988079071,0
2014-07-07,0.699999988079071,0.699999988079071,0.699999988079071,0.699999988079071,0.699999988079071,0
2014-07-08,0.699999988079071,0.699999988079071,0.699999988079071,0.699999988079071,0.699999988079071,0
2014-07-09,0.699999988079071,0.699999988079071,0.699999988079071,0.699999988079071,0.699999988079071,0
2014-07-10,0.699999988079071,0.699999988079071,0.699999988079071,0.699999988079071,0.699999988079071,0
2014-07-11,0.699999988079071,0.699999988079071,0.699999988079071,0.699999988079071,0.699999988079071,0
2014-07-14,0.699999988079071,0.699999988079071,0.699999988079071,0.699999988079071,0.699999988079071,0
2014-07-15,0.699999988079071,0.699999988079071,0.699999988079071,0.699999988079071,0.699999988079071,0
2014-07-16,0.699999988079071,0.699999988079071,0.699999988079071,0.699999988079071,0.699999988079071,0
2014-07-17,0.699999988079071,0.699999988079071,0.699999988079071,0.699999988079071,0.699999988079071,0
2014-07-18,0.699999988079071,0.699999988079071,0.699999988079071,0.699999988079071,0.699999988079071,0
2014-07-21,0.699999988079071,0.699999988079071,0.699999988079071,0.699999988079071,0.699999988079071,0
2014-07-22,0.699999988079071,0.699999988079071,0.699999988079071,0.699999988079071,0.699999988079071,0
2014-07-23,0.699999988079071,0.699999988079071,0.699999988079071,0.699999988079071,0.699999988079071,0
2014-07-24,0.699999988079071,0.699999988079071,0.699999988079071,0.699999988079071,0.699999988079071,0
2014-07-25,0.699999988079071,0.699999988079071,0.699999988079071,0.699999988079071,0.699999988079071,0
2014-07-28,0.699999988079071,0.699999988079071,0.699999988079071,0.699999988079071,0.699999988079071,0
2014-07-29,0.699999988079071,0.699999988079071,0.699999988079071,0.699999988079071,0.699999988079071,0
2014-07-30,0.699999988079071,0.699999988079071,0.699999988079071,0.699999988079071,0.699999988079071,0
2014-07-31,0.699999988079071,0.699999988079071,0.699999988079071,0.699999988079071,0.699999988079071,0
2014-08-01,0.699999988079071,0.699999988079071,0.699999988079071,0.699999988079071,0.699999988079071,0
2014-08-04,0.699999988079071,0.699999988079071,0.699999988079071,0.699999988079071,0.699999988079071,0
2014-08-05,0.699999988079071,0.699999988079071,0.699999988079071,0.699999988079071,0.699999988079071,0
2014-08-06,0.699999988079071,0.699999988079071,0.699999988079071,0.699999988079071,0.699999988079071,0
2014-08-07,0.699999988079071,0.699999988079071,0.699999988079071,0.699999988079071,0.699999988079071,0
2014-08-08,0.699999988079071,0.699999988079071,0.699999988079071,0.699999988079071,0.699999988079071,0
2014-08-11,0.699999988079071,0.699999988079071,0.699999988079071,0.699999988079071,0.699999988079071,0
2014-08-12,0.699999988079071,0.699999988079071,0.699999988079071,0.699999988079071,0.699999988079071,0
2014-08-13,0.699999988079071,0.699999988079071,0.699999988079071,0.699999988079071,0.699999988079071,0
2014-08-14,0.699999988079071,0.699999988079071,0.699999988079071,0.699999988079071,0.699999988079071,0
2014-08-15,0.699999988079071,0.699999988079071,0.699999988079071,0.699999988079071,0.699999988079071,0
2014-08-18,0.699999988079071,0.699999988079071,0.699999988079071,0.699999988079071,0.699999988079071,0
2014-08-19,0.699999988079071,0.699999988079071,0.699999988079071,0.699999988079071,0.699999988079071,0
2014-08-20,0.699999988079071,0.699999988079071,0.699999988079071,0.699999988079071,0.699999988079071,0
2014-08-21,0.699999988079071,0.699999988079071,0.699999988079071,0.699999988079071,0.699999988079071,0
2014-08-22,0.699999988079071,0.699999988079071,0.699999988079071,0.699999988079071,0.699999988079071,0
2014-08-25,0.699999988079071,0.699999988079071,0.699999988079071,0.699999988079071,0.699999988079071,0
2014-08-26,0.699999988079071,0.699999988079071,0.699999988079071,0.699999988079071,0.699999988079071,0
2014-08-27,0.699999988079071,0.699999988079071,0.699999988079071,0.699999988079071,0.699999988079071,0
2014-08-28,0.699999988079071,0.699999988079071,0.699999988079071,0.699999988079071,0.699999988079071,0
2014-08-29,0.8399999737739563,0.8399999737739563,0.9200000166893005,0.6600000262260437,0.6899999976158142,28070000
2014-09-01,0.6600000262260437,0.6600000262260437,0.8399999737739563,0.6600000262260437,0.800000011920929,14980000
2014-09-02,0.6800000071525574,0.6800000071525574,0.699999988079071,0.6299999952316284,0.6600000262260437,2300000
2014-09-03,0.6700000166893005,0.6700000166893005,0.6899999976158142,0.6600000262260437,0.6800000071525574,400000
2014-09-04,0.6600000262260437,0.6600000262260437,0.6600000262260437,0.6499999761581421,0.6600000262260437,810000
2014-09-05,0.6800000071525574,0.6800000071525574,0.6800000071525574,0.6299999952316284,0.6499999761581421,1970000
2014-09-08,0.6399999856948853,0.6399999856948853,0.6600000262260437,0.6299999952316284,0.6600000262260437,410000
2014-09-10,0.6499999761581421,0.6499999761581421,0.6499999761581421,0.6399999856948853,0.6499999761581421,1470000
2014-09-11,0.6499999761581421,0.6499999761581421,0.6499999761581421,0.6299999952316284,0.6399999856948853,160000
2014-09-12,0.6700000166893005,0.6700000166893005,0.6800000071525574,0.6600000262260437,0.6800000071525574,940000
2014-09-15,0.6800000071525574,0.6800000071525574,0.6899999976158142,0.6600000262260437,0.6600000262260437,680000
2014-09-16,0.6700000166893005,0.6700000166893005,0.699999988079071,0.6499999761581421,0.6899999976158142,1020000
2014-09-17,0.6800000071525574,0.6800000071525574,0.6800000071525574,0.6700000166893005,0.6700000166893005,470000
2014-09-18,0.6700000166893005,0.6700000166893005,0.6600000262260437,0.6600000262260437,0.6600000262260437,100000
2014-09-19,0.6499999761581421,0.6499999761581421,0.6700000166893005,0.6399999856948853,0.6700000166893005,730000
2014-09-22,0.6200000047683716,0.6200000047683716,0.6399999856948853,0.6200000047683716,0.6299999952316284,720000
2014-09-23,0.6100000143051147,0.6100000143051147,0.6299999952316284,0.6000000238418579,0.6299999952316284,250000
2014-09-24,0.6100000143051147,0.6100000143051147,0.6499999761581421,0.6100000143051147,0.6499999761581421,280000
2014-09-25,0.6000000238418579,0.6000000238418579,0.6000000238418579,0.6000000238418579,0.6000000238418579,1070000
2014-09-26,0.5799999833106995,0.5799999833106995,0.6600000262260437,0.5799999833106995,0.6499999761581421,1290000
2014-09-29,0.5899999737739563,0.5899999737739563,0.6200000047683716,0.5799999833106995,0.5799999833106995,1350000
2014-09-30,0.6000000238418579,0.6000000238418579,0.6100000143051147,0.6000000238418579,0.6100000143051147,100000
2014-10-03,0.6000000238418579,0.6000000238418579,0.6000000238418579,0.6000000238418579,0.6000000238418579,250000
2014-10-06,0.6100000143051147,0.6100000143051147,0.6100000143051147,0.6100000143051147,0.6100000143051147,100000
2014-10-07,0.5899999737739563,0.5899999737739563,0.6200000047683716,0.5799999833106995,0.5899999737739563,230000
2014-10-08,0.6000000238418579,0.6000000238418579,0.6399999856948853,0.6000000238418579,0.6000000238418579,390000
2014-10-09,0.6000000238418579,0.6000000238418579,0.5899999737739563,0.5799999833106995,0.5899999737739563,230000
2014-10-10,0.5899999737739563,0.5899999737739563,0.5899999737739563,0.5799999833106995,0.5899999737739563,80000
2014-10-13,0.5899999737739563,0.5899999737739563,0.5899999737739563,0.5899999737739563,0.5899999737739563,30000
2014-10-14,0.6200000047683716,0.6200000047683716,0.6399999856948853,0.6299999952316284,0.6299999952316284,300000
2014-10-15,0.6200000047683716,0.6200000047683716,0.6200000047683716,0.6200000047683716,0.6200000047683716,0
2014-10-16,0.6200000047683716,0.6200000047683716,0.699999988079071,0.6200000047683716,0.6600000262260437,480000
2014-10-17,0.6200000047683716,0.6200000047683716,0.6499999761581421,0.6200000047683716,0.6200000047683716,70000
2014-10-20,0.6200000047683716,0.6200000047683716,0.6499999761581421,0.6200000047683716,0.6200000047683716,150000
2014-10-21,0.6200000047683716,0.6200000047683716,0.6200000047683716,0.6200000047683716,0.6200000047683716,50000
2014-10-22,0.6299999952316284,0.6299999952316284,0.6299999952316284,0.6299999952316284,0.6299999952316284,130000
2014-10-23,0.6399999856948853,0.6399999856948853,0.6399999856948853,0.6200000047683716,0.6200000047683716,80000
2014-10-24,0.6399999856948853,0.6399999856948853,0.6399999856948853,0.6399999856948853,0.6399999856948853,0
2014-10-27,0.5899999737739563,0.5899999737739563,0.6100000143051147,0.5799999833106995,0.6100000143051147,460000
2014-10-28,0.5899999737739563,0.5899999737739563,0.6000000238418579,0.5699999928474426,0.6000000238418579,760000
2014-10-29,0.5899999737739563,0.5899999737739563,0.5899999737739563,0.5699999928474426,0.5699999928474426,50000
2014-10-30,0.5799999833106995,0.5799999833106995,0.5899999737739563,0.5799999833106995,0.5799999833106995,330000
2014-10-31,0.5699999928474426,0.5699999928474426,0.5699999928474426,0.550000011920929,0.5600000023841858,360000
2014-11-03,0.5799999833106995,0.5799999833106995,0.5799999833106995,0.5799999833106995,0.5799999833106995,100000
2014-11-04,0.5799999833106995,0.5799999833106995,0.5799999833106995,0.5699999928474426,0.5699999928474426,270000
2014-11-05,0.5899999737739563,0.5899999737739563,0.5899999737739563,0.5799999833106995,0.5799999833106995,200000
2014-11-06,0.5699999928474426,0.5699999928474426,0.5799999833106995,0.5699999928474426,0.5799999833106995,270000
2014-11-07,0.5799999833106995,0.5799999833106995,0.5799999833106995,0.5799999833106995,0.5799999833106995,0
2014-11-10,0.5899999737739563,0.5899999737739563,0.5899999737739563,0.5899999737739563,0.5899999737739563,10000
2014-11-11,0.5799999833106995,0.5799999833106995,0.5799999833106995,0.5799999833106995,0.5799999833106995,10000
2014-11-12,0.5799999833106995,0.5799999833106995,0.5799999833106995,0.5799999833106995,0.5799999833106995,50000
2014-11-13,0.5699999928474426,0.5699999928474426,0.5699999928474426,0.5699999928474426,0.5699999928474426,80000
2014-11-14,0.5699999928474426,0.5699999928474426,0.5699999928474426,0.5600000023841858,0.5600000023841858,100000
2014-11-17,0.5600000023841858,0.5600000023841858,0.5600000023841858,0.5600000023841858,0.5600000023841858,0
2014-11-18,0.5899999737739563,0.5899999737739563,0.6000000238418579,0.6000000238418579,0.6000000238418579,20000
2014-11-19,0.5799999833106995,0.5799999833106995,0.5899999737739563,0.5899999737739563,0.5899999737739563,10000
2014-11-20,0.5799999833106995,0.5799999833106995,0.5799999833106995,0.5799999833106995,0.5799999833106995,0
2014-11-21,0.5799999833106995,0.5799999833106995,0.5799999833106995,0.5600000023841858,0.5600000023841858,110000
2014-11-24,0.5899999737739563,0.5899999737739563,0.5899999737739563,0.5799999833106995,0.5799999833106995,130000
2014-11-25,0.5799999833106995,0.5799999833106995,0.5799999833106995,0.5799999833106995,0.5799999833106995,70000
2014-11-26,0.5699999928474426,0.5699999928474426,0.5699999928474426,0.5699999928474426,0.5699999928474426,30000
2014-11-27,0.5600000023841858,0.5600000023841858,0.5799999833106995,0.5600000023841858,0.5799999833106995,210000
2014-11-28,0.5600000023841858,0.5600000023841858,0.5899999737739563,0.550000011920929,0.5600000023841858,420000
2014-12-01,0.5600000023841858,0.5600000023841858,0.5600000023841858,0.5600000023841858,0.5600000023841858,0
2014-12-02,0.5400000214576721,0.5400000214576721,0.5600000023841858,0.5400000214576721,0.5600000023841858,100000
2014-12-03,0.5400000214576721,0.5400000214576721,0.5400000214576721,0.5400000214576721,0.5400000214576721,90000
2014-12-04,0.5299999713897705,0.5299999713897705,0.6000000238418579,0.44999998807907104,0.5299999713897705,810000
2014-12-05,0.5199999809265137,0.5199999809265137,0.5199999809265137,0.47999998927116394,0.47999998927116394,120000
2014-12-08,0.4950000047683716,0.4950000047683716,0.5,0.4699999988079071,0.5,470000
2014-12-09,0.49000000953674316,0.49000000953674316,0.5,0.44999998807907104,0.5,510000
2014-12-10,0.49000000953674316,0.49000000953674316,0.49000000953674316,0.49000000953674316,0.49000000953674316,0
2014-12-11,0.49000000953674316,0.49000000953674316,0.49000000953674316,0.49000000953674316,0.49000000953674316,0
2014-12-12,0.4950000047683716,0.4950000047683716,0.5,0.4950000047683716,0.4950000047683716,410000
2014-12-15,0.4950000047683716,0.4950000047683716,0.4950000047683716,0.4950000047683716,0.4950000047683716,0
2014-12-16,0.5,0.5,0.5,0.5,0.5,100000
2014-12-17,0.48500001430511475,0.48500001430511475,0.48500001430511475,0.44999998807907104,0.45500001311302185,330000
2014-12-18,0.41999998688697815,0.41999998688697815,0.45500001311302185,0.4099999964237213,0.44999998807907104,420000
2014-12-19,0.4399999976158142,0.4399999976158142,0.4399999976158142,0.4399999976158142,0.4399999976158142,50000
2014-12-22,0.4749999940395355,0.4749999940395355,0.4749999940395355,0.4749999940395355,0.4749999940395355,300000
2014-12-23,0.4699999988079071,0.4699999988079071,0.4699999988079071,0.4699999988079071,0.4699999988079071,0
2014-12-24,0.41999998688697815,0.41999998688697815,0.41999998688697815,0.4099999964237213,0.4099999964237213,240000
2014-12-29,0.44999998807907104,0.44999998807907104,0.46000000834465027,0.41999998688697815,0.46000000834465027,120000
2014-12-30,0.47999998927116394,0.47999998927116394,0.49000000953674316,0.4749999940395355,0.4749999940395355,1530000
2014-12-31,0.47999998927116394,0.47999998927116394,0.47999998927116394,0.47999998927116394,0.47999998927116394,0
2015-01-02,0.47999998927116394,0.47999998927116394,0.47999998927116394,0.47999998927116394,0.47999998927116394,0
2015-01-05,0.47999998927116394,0.47999998927116394,0.47999998927116394,0.47999998927116394,0.47999998927116394,0
2015-01-06,0.47999998927116394,0.47999998927116394,0.47999998927116394,0.47999998927116394,0.47999998927116394,20000
2015-01-07,0.47999998927116394,0.47999998927116394,0.47999998927116394,0.47999998927116394,0.47999998927116394,0
2015-01-08,0.49000000953674316,0.49000000953674316,0.49000000953674316,0.49000000953674316,0.49000000953674316,60000
2015-01-09,0.41499999165534973,0.41499999165534973,0.4300000071525574,0.4000000059604645,0.4300000071525574,1310000
2015-01-12,0.4099999964237213,0.4099999964237213,0.44999998807907104,0.3799999952316284,0.4099999964237213,760000
2015-01-13,0.41999998688697815,0.41999998688697815,0.41999998688697815,0.41999998688697815,0.41999998688697815,160000
2015-01-14,0.41999998688697815,0.41999998688697815,0.42500001192092896,0.41999998688697815,0.41999998688697815,6350000
2015-01-15,0.38499999046325684,0.38499999046325684,0.4050000011920929,0.35499998927116394,0.38499999046325684,790000
2015-01-16,0.38499999046325684,0.38499999046325684,0.36500000953674316,0.36500000953674316,0.36500000953674316,10000
2015-01-19,0.3050000071525574,0.3050000071525574,0.36000001430511475,0.3050000071525574,0.36000001430511475,660000
2015-01-20,0.3199999928474426,0.3199999928474426,0.33000001311302185,0.29499998688697815,0.33000001311302185,850000
2015-01-21,0.33000001311302185,0.33000001311302185,0.33500000834465027,0.33000001311302185,0.33500000834465027,230000
2015-01-22,0.3199999928474426,0.3199999928474426,0.33000001311302185,0.30000001192092896,0.3050000071525574,1930000
2015-01-23,0.3199999928474426,0.3199999928474426,0.3199999928474426,0.3100000023841858,0.3100000023841858,210000
2015-01-26,0.3199999928474426,0.3199999928474426,0.3199999928474426,0.3199999928474426,0.3199999928474426,180000
2015-01-27,0.3199999928474426,0.3199999928474426,0.3199999928474426,0.3199999928474426,0.3199999928474426,0
2015-01-28,0.32499998807907104,0.32499998807907104,0.32499998807907104,0.32499998807907104,0.32499998807907104,20000
2015-01-29,0.3499999940395355,0.3499999940395355,0.3499999940395355,0.32499998807907104,0.32499998807907104,50000
2015-01-30,0.3499999940395355,0.3499999940395355,0.3499999940395355,0.3499999940395355,0.3499999940395355,10000
2015-02-02,0.32499998807907104,0.32499998807907104,0.3700000047683716,0.30000001192092896,0.35499998927116394,570000
2015-02-03,0.33000001311302185,0.33000001311302185,0.3400000035762787,0.30000001192092896,0.3400000035762787,380000
2015-02-04,0.33000001311302185,0.33000001311302185,0.33000001311302185,0.30000001192092896,0.30000001192092896,450000
2015-02-05,0.3149999976158142,0.3149999976158142,0.3149999976158142,0.30000001192092896,0.3050000071525574,370000
2015-02-06,0.3100000023841858,0.3100000023841858,0.3100000023841858,0.30000001192092896,0.30000001192092896,480000
2015-02-09,0.3100000023841858,0.3100000023841858,0.3100000023841858,0.3100000023841858,0.3100000023841858,100000
2015-02-10,0.30000001192092896,0.30000001192092896,0.3050000071525574,0.30000001192092896,0.30000001192092896,260000
2015-02-11,0.3050000071525574,0.3050000071525574,0.3050000071525574,0.30000001192092896,0.30000001192092896,210000
2015-02-12,0.30000001192092896,0.30000001192092896,0.30000001192092896,0.30000001192092896,0.30000001192092896,40000
2015-02-13,0.3050000071525574,0.3050000071525574,0.3050000071525574,0.28999999165534973,0.29499998688697815,350000
2015-02-16,0.3050000071525574,0.3050000071525574,0.3050000071525574,0.3050000071525574,0.3050000071525574,0
2015-02-17,0.27000001072883606,0.27000001072883606,0.2800000011920929,0.2549999952316284,0.2549999952316284,870000
2015-02-18,0.2800000011920929,0.2800000011920929,0.2800000011920929,0.2800000011920929,0.2800000011920929,100000
2015-02-23,0.2750000059604645,0.2750000059604645,0.2750000059604645,0.27000001072883606,0.27000001072883606,1090000
2015-02-24,0.30000001192092896,0.30000001192092896,0.30000001192092896,0.29499998688697815,0.28999999165534973,270000
2015-02-25,0.3100000023841858,0.3100000023841858,0.3199999928474426,0.3199999928474426,0.3199999928474426,250000
2015-02-26,0.3100000023841858,0.3100000023841858,0.3100000023841858,0.3100000023841858,0.3100000023841858,0
2015-02-27,0.33000001311302185,0.33000001311302185,0.33000001311302185,0.33000001311302185,0.33000001311302185,120000
2015-03-02,0.32499998807907104,0.32499998807907104,0.32499998807907104,0.32499998807907104,0.32499998807907104,0
2015-03-03,0.3400000035762787,0.3400000035762787,0.3499999940395355,0.32499998807907104,0.32499998807907104,910000
2015-03-04,0.3700000047683716,0.3700000047683716,0.3799999952316284,0.36000001430511475,0.3799999952316284,1290000
2015-03-05,0.35499998927116394,0.35499998927116394,0.3700000047683716,0.3499999940395355,0.3499999940395355,230000
2015-03-06,0.3499999940395355,0.3499999940395355,0.35499998927116394,0.30000001192092896,0.35499998927116394,60000
2015-03-09,0.3700000047683716,0.3700000047683716,0.3799999952316284,0.3700000047683716,0.3799999952316284,250000
2015-03-10,0.4000000059604645,0.4000000059604645,0.4000000059604645,0.3499999940395355,0.3700000047683716,1690000
2015-03-11,0.3799999952316284,0.3799999952316284,0.3799999952316284,0.3700000047683716,0.3700000047683716,20000
2015-03-12,0.36000001430511475,0.36000001430511475,0.3700000047683716,0.35499998927116394,0.3700000047683716,150000
2015-03-13,0.3700000047683716,0.3700000047683716,0.3700000047683716,0.3700000047683716,0.3700000047683716,230000
2015-03-16,0.3700000047683716,0.3700000047683716,0.3700000047683716,0.3499999940395355,0.35499998927116394,1150000
2015-03-17,0.38499999046325684,0.38499999046325684,0.38999998569488525,0.3700000047683716,0.38999998569488525,1120000
2015-03-18,0.3799999952316284,0.3799999952316284,0.3799999952316284,0.3799999952316284,0.3799999952316284,0
2015-03-19,0.3799999952316284,0.3799999952316284,0.38999998569488525,0.38499999046325684,0.38499999046325684,110000
2015-03-20,0.38499999046325684,0.38499999046325684,0.38499999046325684,0.38499999046325684,0.375,210000
2015-03-23,0.3499999940395355,0.3499999940395355,0.3799999952316284,0.3499999940395355,0.3799999952316284,1160000
2015-03-24,0.3499999940395355,0.3499999940395355,0.3499999940395355,0.3499999940395355,0.3499999940395355,60000
2015-03-25,0.3499999940395355,0.3499999940395355,0.35499998927116394,0.3499999940395355,0.3499999940395355,230000
2015-03-26,0.3499999940395355,0.3499999940395355,0.3499999940395355,0.3499999940395355,0.3499999940395355,10000
2015-03-27,0.36000001430511475,0.36000001430511475,0.36000001430511475,0.36000001430511475,0.36000001430511475,20000
2015-03-30,0.3700000047683716,0.3700000047683716,0.3799999952316284,0.3400000035762787,0.3499999940395355,5780000
2015-03-31,0.36500000953674316,0.36500000953674316,0.36500000953674316,0.36500000953674316,0.36500000953674316,0
2015-04-01,0.36500000953674316,0.36500000953674316,0.36500000953674316,0.36500000953674316,0.36500000953674316,20000
2015-04-02,0.33000001311302185,0.33000001311302185,0.35499998927116394,0.33000001311302185,0.3449999988079071,860000
2015-04-08,0.33000001311302185,0.33000001311302185,0.36500000953674316,0.33000001311302185,0.36500000953674316,850000
2015-04-09,0.3499999940395355,0.3499999940395355,0.3499999940395355,0.33000001311302185,0.33000001311302185,650000
2015-04-10,0.3700000047683716,0.3700000047683716,0.3700000047683716,0.3449999988079071,0.36500000953674316,1320000
2015-04-13,0.3700000047683716,0.3700000047683716,0.4000000059604645,0.36000001430511475,0.3799999952316284,4880000
2015-04-14,0.4000000059604645,0.4000000059604645,0.4000000059604645,0.38999998569488525,0.38999998569488525,2020000
2015-04-15,0.6399999856948853,0.6399999856948853,0.7099999785423279,0.4099999964237213,0.4099999964237213,16404000
2015-04-16,0.5400000214576721,0.5400000214576721,0.6499999761581421,0.5099999904632568,0.6499999761581421,5070000
2015-04-17,0.5199999809265137,0.5199999809265137,0.550000011920929,0.49000000953674316,0.5299999713897705,3520000
2015-04-20,0.5,0.5,0.550000011920929,0.4300000071525574,0.5199999809265137,1970000
2015-04-21,0.5,0.5,0.5,0.5,0.5,290000
2015-04-22,0.6200000047683716,0.6200000047683716,0.6499999761581421,0.5400000214576721,0.5,5720000
2015-04-23,0.6299999952316284,0.6299999952316284,0.6399999856948853,0.5699999928474426,0.5899999737739563,3349900
2015-04-24,0.6800000071525574,0.6800000071525574,0.6800000071525574,0.6299999952316284,0.6299999952316284,3310000
2015-04-27,0.699999988079071,0.699999988079071,0.7300000190734863,0.6600000262260437,0.6800000071525574,5490000
2015-04-28,0.7300000190734863,0.7300000190734863,0.75,0.699999988079071,0.7099999785423279,2580000
2015-04-29,0.6899999976158142,0.6899999976158142,0.75,0.6499999761581421,0.75,2496000
2015-04-30,0.6700000166893005,0.6700000166893005,0.7099999785423279,0.6200000047683716,0.6800000071525574,1730000
2015-05-04,0.6899999976158142,0.6899999976158142,0.7300000190734863,0.6700000166893005,0.699999988079071,2290000
2015-05-05,0.6800000071525574,0.6800000071525574,0.7400000095367432,0.6800000071525574,0.7200000286102295,1690000
2015-05-06,0.7300000190734863,0.7300000190734863,0.7300000190734863,0.699999988079071,0.7200000286102295,5807600
2015-05-07,0.6899999976158142,0.6899999976158142,0.7099999785423279,0.6899999976158142,0.7099999785423279,1260000
2015-05-08,0.699999988079071,0.699999988079071,0.7099999785423279,0.6899999976158142,0.6899999976158142,750000
2015-05-11,0.699999988079071,0.699999988079071,0.7099999785423279,0.699999988079071,0.7099999785423279,620000
2015-05-12,0.699999988079071,0.699999988079071,0.699999988079071,0.6800000071525574,0.699999988079071,930000
2015-05-13,0.6800000071525574,0.6800000071525574,0.6899999976158142,0.6700000166893005,0.6700000166893005,800000
2015-05-14,0.6700000166893005,0.6700000166893005,0.7099999785423279,0.6200000047683716,0.7099999785423279,3010000
2015-05-15,0.6800000071525574,0.6800000071525574,0.699999988079071,0.6399999856948853,0.6399999856948853,1640000
2015-05-18,0.6600000262260437,0.6600000262260437,0.7099999785423279,0.6499999761581421,0.6899999976158142,1540000
2015-05-19,0.6899999976158142,0.6899999976158142,0.7200000286102295,0.6200000047683716,0.6200000047683716,1410000
2015-05-20,0.699999988079071,0.699999988079071,0.7099999785423279,0.6800000071525574,0.699999988079071,1350000
2015-05-21,0.7599999904632568,0.7599999904632568,0.7699999809265137,0.6899999976158142,0.6899999976158142,2720000
2015-05-22,0.75,0.75,0.7900000214576721,0.7400000095367432,0.7599999904632568,3240000
2015-05-26,0.8100000023841858,0.8100000023841858,0.8100000023841858,0.7699999809265137,0.7799999713897705,5780000
2015-05-27,0.7799999713897705,0.7799999713897705,0.8100000023841858,0.7699999809265137,0.8100000023841858,3670000
2015-05-28,0.7799999713897705,0.7799999713897705,0.800000011920929,0.7699999809265137,0.7799999713897705,2020000
2015-05-29,0.75,0.75,0.800000011920929,0.75,0.7799999713897705,1310000
2015-06-01,0.75,0.75,0.7900000214576721,0.7200000286102295,0.7699999809265137,3300000
2015-06-02,0.7300000190734863,0.7300000190734863,0.7699999809265137,0.7200000286102295,0.75,620000
2015-06-03,0.7200000286102295,0.7200000286102295,0.7400000095367432,0.7200000286102295,0.7300000190734863,3590000
2015-06-04,0.6899999976158142,0.6899999976158142,0.7300000190734863,0.6899999976158142,0.7200000286102295,1430000
2015-06-05,0.6800000071525574,0.6800000071525574,0.7200000286102295,0.6600000262260437,0.7200000286102295,5140000
2015-06-08,0.6899999976158142,0.6899999976158142,0.7099999785423279,0.6899999976158142,0.6899999976158142,1310000
2015-06-09,0.6600000262260437,0.6600000262260437,0.6899999976158142,0.6600000262260437,0.6899999976158142,1460000
2015-06-10,0.6700000166893005,0.6700000166893005,0.6700000166893005,0.6600000262260437,0.7200000286102295,500000
2015-06-11,0.6399999856948853,0.6399999856948853,0.699999988079071,0.5799999833106995,0.5799999833106995,520000
2015-06-12,0.6600000262260437,0.6600000262260437,0.6600000262260437,0.6399999856948853,0.6399999856948853,680000
2015-06-15,0.6499999761581421,0.6499999761581421,0.6600000262260437,0.6499999761581421,0.6600000262260437,670000
2015-06-16,0.6499999761581421,0.6499999761581421,0.6700000166893005,0.6499999761581421,0.6600000262260437,250000
2015-06-17,0.6200000047683716,0.6200000047683716,0.6499999761581421,0.6100000143051147,0.6499999761581421,210000
2015-06-18,0.6399999856948853,0.6399999856948853,0.6399999856948853,0.6299999952316284,0.6299999952316284,440000
2015-06-19,0.6000000238418579,0.6000000238418579,0.6399999856948853,0.6000000238418579,0.6399999856948853,190000
2015-06-22,0.6399999856948853,0.6399999856948853,0.7300000190734863,0.6399999856948853,0.7300000190734863,230000
2015-06-23,0.6600000262260437,0.6600000262260437,0.6600000262260437,0.6299999952316284,0.6299999952316284,550000
2015-06-24,0.6600000262260437,0.6600000262260437,0.7099999785423279,0.6499999761581421,0.6600000262260437,1540000
2015-06-25,0.6600000262260437,0.6600000262260437,0.699999988079071,0.6600000262260437,0.6600000262260437,730000
2015-06-26,0.6499999761581421,0.6499999761581421,0.6600000262260437,0.6499999761581421,0.6600000262260437,250000
2015-06-29,0.6399999856948853,0.6399999856948853,0.6499999761581421,0.6399999856948853,0.6499999761581421,120000
2015-06-30,0.6399999856948853,0.6399999856948853,0.6399999856948853,0.6399999856948853,0.6399999856948853,40000
2015-07-02,0.5699999928474426,0.5699999928474426,0.6399999856948853,0.5699999928474426,0.6399999856948853,680000
2015-07-03,0.5600000023841858,0.5600000023841858,0.5799999833106995,0.5099999904632568,0.5799999833106995,220000
2015-07-06,0.5899999737739563,0.5899999737739563,0.699999988079071,0.47999998927116394,0.699999988079071,2390000
2015-07-07,0.5699999928474426,0.5699999928474426,0.5799999833106995,0.48500001430511475,0.5799999833106995,60000
2015-07-08,0.4300000071525574,0.4300000071525574,0.46000000834465027,0.3799999952316284,0.46000000834465027,1050000
2015-07-09,0.5,0.5,0.5,0.4300000071525574,0.4300000071525574,310000
2015-07-10,0.49000000953674316,0.49000000953674316,0.5099999904632568,0.47999998927116394,0.5,1250000
2015-07-13,0.47999998927116394,0.47999998927116394,0.49000000953674316,0.49000000953674316,0.49000000953674316,10000
2015-07-14,0.4749999940395355,0.4749999940395355,0.5,0.41999998688697815,0.47999998927116394,1040000
2015-07-15,0.4699999988079071,0.4699999988079071,0.4699999988079071,0.4699999988079071,0.4699999988079071,50000
2015-07-16,0.4749999940395355,0.4749999940395355,0.4749999940395355,0.44999998807907104,0.4749999940395355,960000
2015-07-17,0.4699999988079071,0.4699999988079071,0.4749999940395355,0.4699999988079071,0.4749999940395355,240000
2015-07-20,0.44999998807907104,0.44999998807907104,0.4699999988079071,0.44999998807907104,0.4699999988079071,390000
2015-07-21,0.4300000071525574,0.4300000071525574,0.44999998807907104,0.41999998688697815,0.44999998807907104,520000
2015-07-22,0.4350000023841858,0.4350000023841858,0.4449999928474426,0.4350000023841858,0.4399999976158142,220000
2015-07-23,0.44999998807907104,0.44999998807907104,0.49000000953674316,0.4300000071525574,0.4300000071525574,770000
2015-07-24,0.4350000023841858,0.4350000023841858,0.44999998807907104,0.4399999976158142,0.44999998807907104,150000
2015-07-27,0.41999998688697815,0.41999998688697815,0.4350000023841858,0.4000000059604645,0.4350000023841858,70000
2015-07-28,0.4000000059604645,0.4000000059604645,0.41999998688697815,0.38999998569488525,0.41999998688697815,1560000
2015-07-29,0.38999998569488525,0.38999998569488525,0.4000000059604645,0.38999998569488525,0.4000000059604645,220000
2015-07-30,0.38999998569488525,0.38999998569488525,0.4000000059604645,0.3700000047683716,0.38999998569488525,320000
2015-07-31,0.3799999952316284,0.3799999952316284,0.38999998569488525,0.36500000953674316,0.36500000953674316,740000
2015-08-03,0.35499998927116394,0.35499998927116394,0.36500000953674316,0.3499999940395355,0.36000001430511475,920000
2015-08-04,0.35499998927116394,0.35499998927116394,0.375,0.35499998927116394,0.375,140000
2015-08-05,0.36000001430511475,0.36000001430511475,0.36000001430511475,0.36000001430511475,0.36000001430511475,250000
2015-08-06,0.3499999940395355,0.3499999940395355,0.375,0.3499999940395355,0.375,1440000
2015-08-07,0.36500000953674316,0.36500000953674316,0.3700000047683716,0.35499998927116394,0.3700000047683716,250000
2015-08-10,0.3700000047683716,0.3700000047683716,0.3700000047683716,0.35499998927116394,0.3700000047683716,520000
2015-08-11,0.3700000047683716,0.3700000047683716,0.3700000047683716,0.36000001430511475,0.3700000047683716,410000
2015-08-12,0.3700000047683716,0.3700000047683716,0.3700000047683716,0.36000001430511475,0.36000001430511475,320000
2015-08-13,0.36000001430511475,0.36000001430511475,0.3700000047683716,0.35499998927116394,0.3700000047683716,360000
2015-08-14,0.38499999046325684,0.38499999046325684,0.38499999046325684,0.36000001430511475,0.375,1770000
2015-08-17,0.375,0.375,0.38499999046325684,0.3700000047683716,0.3799999952316284,2830000
2015-08-18,0.4399999976158142,0.4399999976158142,0.44999998807907104,0.36500000953674316,0.36500000953674316,2140000
2015-08-19,0.5799999833106995,0.5799999833106995,0.6600000262260437,0.44999998807907104,0.47999998927116394,3400000
2015-08-20,0.5799999833106995,0.5799999833106995,0.6499999761581421,0.5299999713897705,0.6399999856948853,3150000
2015-08-21,0.5899999737739563,0.5899999737739563,0.5899999737739563,0.5799999833106995,0.5899999737739563,360000
2015-08-24,0.5400000214576721,0.5400000214576721,0.5899999737739563,0.4449999928474426,0.5899999737739563,210000
2015-08-25,0.550000011920929,0.550000011920929,0.5699999928474426,0.5199999809265137,0.5400000214576721,530000
2015-08-26,0.5099999904632568,0.5099999904632568,0.5600000023841858,0.48500001430511475,0.5600000023841858,570000
2015-08-27,0.5099999904632568,0.5099999904632568,0.550000011920929,0.4699999988079071,0.550000011920929,260000
2015-08-28,0.5,0.5,0.5099999904632568,0.46000000834465027,0.5099999904632568,440000
2015-08-31,0.5,0.5,0.5099999904632568,0.47999998927116394,0.5099999904632568,340000
2015-09-01,0.47999998927116394,0.47999998927116394,0.5,0.5,0.5,10000
2015-09-02,0.49000000953674316,0.49000000953674316,0.49000000953674316,0.45500001311302185,0.45500001311302185,20000
2015-09-04,0.4749999940395355,0.4749999940395355,0.5199999809265137,0.4650000035762787,0.5,240000
2015-09-07,0.4749999940395355,0.4749999940395355,0.5,0.4699999988079071,0.4749999940395355,340000
2015-09-08,0.5,0.5,0.5,0.5,0.5,80000
2015-09-09,0.5099999904632568,0.5099999904632568,0.5099999904632568,0.48500001430511475,0.5099999904632568,230000
2015-09-10,0.5,0.5,0.5199999809265137,0.47999998927116394,0.49000000953674316,240000
2015-09-11,0.49000000953674316,0.49000000953674316,0.5,0.4699999988079071,0.47999998927116394,330000
2015-09-14,0.550000011920929,0.550000011920929,0.550000011920929,0.4749999940395355,0.4749999940395355,240000
2015-09-15,0.6000000238418579,0.6000000238418579,0.6000000238418579,0.5400000214576721,0.5699999928474426,270000
2015-09-16,0.6000000238418579,0.6000000238418579,0.6000000238418579,0.6000000238418579,0.6000000238418579,10000
2015-09-17,0.5699999928474426,0.5699999928474426,0.6000000238418579,0.5,0.550000011920929,470000
2015-09-18,0.5899999737739563,0.5899999737739563,0.6000000238418579,0.5600000023841858,0.6000000238418579,610000
2015-09-21,0.5699999928474426,0.5699999928474426,0.5899999737739563,0.550000011920929,0.5799999833106995,1290000
2015-09-22,0.5199999809265137,0.5199999809265137,0.6399999856948853,0.5199999809265137,0.6399999856948853,560000
2015-09-23,0.5400000214576721,0.5400000214576721,0.550000011920929,0.5,0.550000011920929,1050000
2015-09-24,0.5199999809265137,0.5199999809265137,0.550000011920929,0.49000000953674316,0.550000011920929,1580000
2015-09-25,0.5099999904632568,0.5099999904632568,0.5899999737739563,0.47999998927116394,0.5,2820000
2015-09-29,0.5099999904632568,0.5099999904632568,0.5099999904632568,0.49000000953674316,0.5,450000
2015-09-30,0.5,0.5,0.5,0.5,0.5,240000
2015-10-02,0.5099999904632568,0.5099999904632568,0.5400000214576721,0.5,0.5199999809265137,300000
2015-10-05,0.5,0.5,0.5,0.48500001430511475,0.5,170000
2015-10-06,0.5,0.5,0.5,0.48500001430511475,0.5,420000
2015-10-07,0.5099999904632568,0.5099999904632568,0.5099999904632568,0.5,0.5,220000
2015-10-08,0.5,0.5,0.5,0.4950000047683716,0.5,740000
2015-10-09,0.5,0.5,0.5,0.48500001430511475,0.5,50000
2015-10-12,0.4950000047683716,0.4950000047683716,0.5,0.47999998927116394,0.4950000047683716,640000
2015-10-13,0.4699999988079071,0.4699999988079071,0.5,0.4699999988079071,0.5,760000
2015-10-14,0.4950000047683716,0.4950000047683716,0.5,0.47999998927116394,0.47999998927116394,250000
2015-10-15,0.48500001430511475,0.48500001430511475,0.5,0.48500001430511475,0.5,170000
2015-10-16,0.4749999940395355,0.4749999940395355,0.5,0.4749999940395355,0.5,700000
2015-10-19,0.48500001430511475,0.48500001430511475,0.4950000047683716,0.4699999988079071,0.4950000047683716,430000
2015-10-20,0.48500001430511475,0.48500001430511475,0.48500001430511475,0.4350000023841858,0.4449999928474426,1650000
2015-10-22,0.46000000834465027,0.46000000834465027,0.4699999988079071,0.4399999976158142,0.44999998807907104,1910000
2015-10-23,0.46000000834465027,0.46000000834465027,0.47999998927116394,0.4449999928474426,0.4749999940395355,370000
2015-10-26,0.4399999976158142,0.4399999976158142,0.4650000035762787,0.4399999976158142,0.4650000035762787,280000
2015-10-27,0.4399999976158142,0.4399999976158142,0.46000000834465027,0.4399999976158142,0.46000000834465027,600000
2015-10-28,0.4350000023841858,0.4350000023841858,0.4399999976158142,0.4300000071525574,0.4399999976158142,170000
2015-10-29,0.4300000071525574,0.4300000071525574,0.4749999940395355,0.41499999165534973,0.4399999976158142,1850000
2015-10-30,0.45500001311302185,0.45500001311302185,0.45500001311302185,0.4449999928474426,0.45500001311302185,60000
2015-11-02,0.46000000834465027,0.46000000834465027,0.46000000834465027,0.45500001311302185,0.46000000834465027,930000
2015-11-03,0.46000000834465027,0.46000000834465027,0.46000000834465027,0.46000000834465027,0.46000000834465027,30000
2015-11-04,0.46000000834465027,0.46000000834465027,0.46000000834465027,0.41499999165534973,0.41499999165534973,230000
2015-11-05,0.4350000023841858,0.4350000023841858,0.4399999976158142,0.42500001192092896,0.4399999976158142,360000
2015-11-06,0.44999998807907104,0.44999998807907104,0.45500001311302185,0.44999998807907104,0.45500001311302185,210000
2015-11-09,0.4449999928474426,0.4449999928474426,0.4650000035762787,0.4050000011920929,0.4650000035762787,350000
2015-11-10,0.44999998807907104,0.44999998807907104,0.44999998807907104,0.44999998807907104,0.44999998807907104,30000
2015-11-11,0.45500001311302185,0.45500001311302185,0.45500001311302185,0.45500001311302185,0.45500001311302185,10000
2015-11-12,0.45500001311302185,0.45500001311302185,0.46000000834465027,0.45500001311302185,0.46000000834465027,60000
2015-11-13,0.4699999988079071,0.4699999988079071,0.4699999988079071,0.44999998807907104,0.4650000035762787,280000
2015-11-16,0.45500001311302185,0.45500001311302185,0.45500001311302185,0.45500001311302185,0.45500001311302185,20000
2015-11-17,0.44999998807907104,0.44999998807907104,0.45500001311302185,0.44999998807907104,0.45500001311302185,160000
2015-11-18,0.4399999976158142,0.4399999976158142,0.44999998807907104,0.4399999976158142,0.44999998807907104,400000
2015-11-19,0.4449999928474426,0.4449999928474426,0.44999998807907104,0.4300000071525574,0.4350000023841858,270000
2015-11-20,0.4449999928474426,0.4449999928474426,0.4699999988079071,0.4399999976158142,0.4399999976158142,550000
2015-11-23,0.4650000035762787,0.4650000035762787,0.4699999988079071,0.4650000035762787,0.4699999988079071,60000
2015-11-24,0.4699999988079071,0.4699999988079071,0.47999998927116394,0.4300000071525574,0.4650000035762787,460000
2015-11-25,0.4699999988079071,0.4699999988079071,0.4699999988079071,0.4699999988079071,0.4699999988079071,0
2015-11-26,0.4650000035762787,0.4650000035762787,0.4650000035762787,0.4650000035762787,0.4650000035762787,0
2015-11-27,0.4650000035762787,0.4650000035762787,0.4650000035762787,0.4650000035762787,0.4650000035762787,0
2015-11-30,0.4449999928474426,0.4449999928474426,0.4449999928474426,0.4399999976158142,0.4399999976158142,40000
2015-12-01,0.4449999928474426,0.4449999928474426,0.44999998807907104,0.4449999928474426,0.44999998807907104,210000
2015-12-02,0.4399999976158142,0.4399999976158142,0.4399999976158142,0.4399999976158142,0.4399999976158142,60000
2015-12-03,0.4449999928474426,0.4449999928474426,0.4449999928474426,0.41999998688697815,0.41999998688697815,320000
2015-12-04,0.4399999976158142,0.4399999976158142,0.4399999976158142,0.41499999165534973,0.41499999165534973,450000
2015-12-07,0.4399999976158142,0.4399999976158142,0.4399999976158142,0.4399999976158142,0.4399999976158142,40000
2015-12-08,0.4300000071525574,0.4300000071525574,0.4300000071525574,0.4300000071525574,0.4300000071525574,200000
2015-12-09,0.4350000023841858,0.4350000023841858,0.4350000023841858,0.4300000071525574,0.4300000071525574,60000
2015-12-10,0.4300000071525574,0.4300000071525574,0.4300000071525574,0.4300000071525574,0.4300000071525574,200000
2015-12-11,0.4449999928474426,0.4449999928474426,0.4449999928474426,0.4000000059604645,0.4050000011920929,50000
2015-12-14,0.4449999928474426,0.4449999928474426,0.4449999928474426,0.4449999928474426,0.4449999928474426,0
2015-12-15,0.4449999928474426,0.4449999928474426,0.4449999928474426,0.4449999928474426,0.4449999928474426,0
2015-12-16,0.4399999976158142,0.4399999976158142,0.4399999976158142,0.4399999976158142,0.4399999976158142,0
2015-12-17,0.4350000023841858,0.4350000023841858,0.44999998807907104,0.4300000071525574,0.44999998807907104,120000
2015-12-18,0.4350000023841858,0.4350000023841858,0.4350000023841858,0.4350000023841858,0.4350000023841858,170000
2015-12-21,0.4350000023841858,0.4350000023841858,0.4350000023841858,0.4350000023841858,0.4350000023841858,0
2015-12-22,0.42500001192092896,0.42500001192092896,0.42500001192092896,0.4000000059604645,0.4000000059604645,90000
2015-12-23,0.42500001192092896,0.42500001192092896,0.42500001192092896,0.42500001192092896,0.42500001192092896,0
2015-12-24,0.42500001192092896,0.42500001192092896,0.42500001192092896,0.42500001192092896,0.42500001192092896,0
2015-12-28,0.42500001192092896,0.42500001192092896,0.42500001192092896,0.42500001192092896,0.42500001192092896,0
2015-12-29,0.42500001192092896,0.42500001192092896,0.42500001192092896,0.42500001192092896,0.42500001192092896,0
2015-12-30,0.42500001192092896,0.42500001192092896,0.42500001192092896,0.42500001192092896,0.42500001192092896,0
2015-12-31,0.42500001192092896,0.42500001192092896,0.42500001192092896,0.42500001192092896,0.42500001192092896,0
2016-01-04,0.4300000071525574,0.4300000071525574,0.44999998807907104,0.41499999165534973,0.44999998807907104,70000
2016-01-05,0.41999998688697815,0.41999998688697815,0.41999998688697815,0.4050000011920929,0.4099999964237213,140000
2016-01-06,0.4099999964237213,0.4099999964237213,0.4300000071525574,0.4050000011920929,0.41999998688697815,320000
2016-01-07,0.4099999964237213,0.4099999964237213,0.4099999964237213,0.4099999964237213,0.4099999964237213,0
2016-01-08,0.42500001192092896,0.42500001192092896,0.4050000011920929,0.39500001072883606,0.4050000011920929,60000
2016-01-11,0.42500001192092896,0.42500001192092896,0.42500001192092896,0.42500001192092896,0.42500001192092896,0
2016-01-12,0.42500001192092896,0.42500001192092896,0.42500001192092896,0.42500001192092896,0.42500001192092896,0
2016-01-13,0.42500001192092896,0.42500001192092896,0.42500001192092896,0.42500001192092896,0.42500001192092896,0
2016-01-14,0.42500001192092896,0.42500001192092896,0.4050000011920929,0.39500001072883606,0.4000000059604645,50000
2016-01-15,0.42500001192092896,0.42500001192092896,0.44999998807907104,0.3799999952316284,0.4000000059604645,950000
2016-01-18,0.4000000059604645,0.4000000059604645,0.4000000059604645,0.4000000059604645,0.4000000059604645,30000
2016-01-19,0.41499999165534973,0.41499999165534973,0.4000000059604645,0.38999998569488525,0.3799999952316284,120000
2016-01-20,0.41499999165534973,0.41499999165534973,0.41499999165534973,0.4099999964237213,0.4099999964237213,210000
2016-01-21,0.41499999165534973,0.41499999165534973,0.41499999165534973,0.41499999165534973,0.41499999165534973,0
2016-01-22,0.41499999165534973,0.41499999165534973,0.41499999165534973,0.41499999165534973,0.41499999165534973,50000
2016-01-25,0.41499999165534973,0.41499999165534973,0.41499999165534973,0.41499999165534973,0.41499999165534973,10000
2016-01-26,0.41499999165534973,0.41499999165534973,0.41499999165534973,0.41499999165534973,0.41499999165534973,0
2016-01-27,0.41499999165534973,0.41499999165534973,0.41499999165534973,0.41499999165534973,0.41499999165534973,0
2016-01-28,0.41999998688697815,0.41999998688697815,0.42500001192092896,0.36500000953674316,0.36500000953674316,90000
2016-01-29,0.41499999165534973,0.41499999165534973,0.41499999165534973,0.4099999964237213,0.4099999964237213,20000
2016-02-01,0.41999998688697815,0.41999998688697815,0.41999998688697815,0.39500001072883606,0.39500001072883606,290000
2016-02-02,0.41999998688697815,0.41999998688697815,0.41999998688697815,0.41999998688697815,0.41999998688697815,0
2016-02-03,0.42500001192092896,0.42500001192092896,0.42500001192092896,0.4099999964237213,0.4099999964237213,60000
2016-02-04,0.42500001192092896,0.42500001192092896,0.42500001192092896,0.42500001192092896,0.42500001192092896,0
2016-02-05,0.42500001192092896,0.42500001192092896,0.4350000023841858,0.4350000023841858,0.4350000023841858,10000
2016-02-11,0.42500001192092896,0.42500001192092896,0.42500001192092896,0.42500001192092896,0.42500001192092896,0
2016-02-12,0.42500001192092896,0.42500001192092896,0.42500001192092896,0.42500001192092896,0.42500001192092896,0
2016-02-15,0.4449999928474426,0.4449999928474426,0.4449999928474426,0.42500001192092896,0.42500001192092896,30000
2016-02-16,0.4300000071525574,0.4300000071525574,0.4449999928474426,0.4000000059604645,0.4000000059604645,930000
2016-02-17,0.42500001192092896,0.42500001192092896,0.4449999928474426,0.4050000011920929,0.4449999928474426,70000
2016-02-18,0.42500001192092896,0.42500001192092896,0.42500001192092896,0.42500001192092896,0.42500001192092896,0
2016-02-19,0.42500001192092896,0.42500001192092896,0.42500001192092896,0.42500001192092896,0.42500001192092896,0
2016-02-22,0.42500001192092896,0.42500001192092896,0.42500001192092896,0.42500001192092896,0.42500001192092896,0
2016-02-23,0.4300000071525574,0.4300000071525574,0.42500001192092896,0.4050000011920929,0.4099999964237213,100000
2016-02-24,0.4300000071525574,0.4300000071525574,0.4300000071525574,0.4300000071525574,0.4300000071525574,0
2016-02-25,0.41999998688697815,0.41999998688697815,0.41999998688697815,0.41999998688697815,0.41999998688697815,0
2016-02-26,0.41999998688697815,0.41999998688697815,0.41999998688697815,0.41999998688697815,0.41999998688697815,0
2016-02-29,0.41499999165534973,0.41499999165534973,0.41499999165534973,0.41499999165534973,0.41499999165534973,100000
2016-03-01,0.4099999964237213,0.4099999964237213,0.41999998688697815,0.41999998688697815,0.41999998688697815,20000
2016-03-02,0.41999998688697815,0.41999998688697815,0.41999998688697815,0.41999998688697815,0.41999998688697815,0
2016-03-03,0.41999998688697815,0.41999998688697815,0.41999998688697815,0.41999998688697815,0.41999998688697815,0
2016-03-04,0.41999998688697815,0.41999998688697815,0.41999998688697815,0.41999998688697815,0.41999998688697815,0
2016-03-07,0.4000000059604645,0.4000000059604645,0.4000000059604645,0.38999998569488525,0.4000000059604645,130000
2016-03-08,0.4050000011920929,0.4050000011920929,0.4050000011920929,0.4050000011920929,0.4050000011920929,10000
2016-03-09,0.4099999964237213,0.4099999964237213,0.41499999165534973,0.41499999165534973,0.41499999165534973,30000
2016-03-10,0.4050000011920929,0.4050000011920929,0.41499999165534973,0.4000000059604645,0.41499999165534973,130000
2016-03-11,0.41999998688697815,0.41999998688697815,0.41999998688697815,0.41999998688697815,0.41999998688697815,30000
2016-03-14,0.42500001192092896,0.42500001192092896,0.42500001192092896,0.42500001192092896,0.42500001192092896,20210
2016-03-15,0.42500001192092896,0.42500001192092896,0.42500001192092896,0.42500001192092896,0.42500001192092896,0
2016-03-16,0.42500001192092896,0.42500001192092896,0.42500001192092896,0.42500001192092896,0.42500001192092896,0
2016-03-17,0.42500001192092896,0.42500001192092896,0.42500001192092896,0.42500001192092896,0.42500001192092896,0
2016-03-18,0.42500001192092896,0.42500001192092896,0.44999998807907104,0.4300000071525574,0.44999998807907104,100000
2016-03-21,0.4000000059604645,0.4000000059604645,0.4000000059604645,0.38999998569488525,0.39500001072883606,280000
2016-03-22,0.4000000059604645,0.4000000059604645,0.41499999165534973,0.38999998569488525,0.4099999964237213,400000
2016-03-23,0.4000000059604645,0.4000000059604645,0.4050000011920929,0.4050000011920929,0.4050000011920929,20000
2016-03-24,0.39500001072883606,0.39500001072883606,0.39500001072883606,0.38999998569488525,0.38999998569488525,40000
2016-03-29,0.39500001072883606,0.39500001072883606,0.39500001072883606,0.39500001072883606,0.39500001072883606,0
2016-03-30,0.39500001072883606,0.39500001072883606,0.39500001072883606,0.39500001072883606,0.39500001072883606,0
2016-03-31,0.4099999964237213,0.4099999964237213,0.4099999964237213,0.4099999964237213,0.4099999964237213,10000
2016-04-01,0.4099999964237213,0.4099999964237213,0.4099999964237213,0.4099999964237213,0.4099999964237213,0
2016-04-05,0.4099999964237213,0.4099999964237213,0.4099999964237213,0.38499999046325684,0.38499999046325684,30000
2016-04-06,0.4099999964237213,0.4099999964237213,0.4099999964237213,0.4099999964237213,0.4099999964237213,0
2016-04-07,0.4099999964237213,0.4099999964237213,0.4099999964237213,0.4099999964237213,0.4099999964237213,0
2016-04-08,0.4099999964237213,0.4099999964237213,0.4099999964237213,0.4099999964237213,0.4099999964237213,0
2016-04-11,0.4099999964237213,0.4099999964237213,0.4099999964237213,0.4099999964237213,0.4099999964237213,0
2016-04-12,0.4099999964237213,0.4099999964237213,0.4099999964237213,0.4099999964237213,0.4099999964237213,40000
2016-04-13,0.4099999964237213,0.4099999964237213,0.4099999964237213,0.4099999964237213,0.4099999964237213,0
2016-04-14,0.4099999964237213,0.4099999964237213,0.4099999964237213,0.4099999964237213,0.4099999964237213,0
2016-04-15,0.4099999964237213,0.4099999964237213,0.4099999964237213,0.4099999964237213,0.4099999964237213,0
2016-04-18,0.4099999964237213,0.4099999964237213,0.4099999964237213,0.4099999964237213,0.4099999964237213,0
2016-04-19,0.4099999964237213,0.4099999964237213,0.4099999964237213,0.4099999964237213,0.4099999964237213,0
2016-04-20,0.4099999964237213,0.4099999964237213,0.4099999964237213,0.4099999964237213,0.4099999964237213,0
2016-04-21,0.41499999165534973,0.41499999165534973,0.41499999165534973,0.4000000059604645,0.4099999964237213,1060000
2016-04-22,0.4099999964237213,0.4099999964237213,0.4099999964237213,0.4099999964237213,0.4099999964237213,0
2016-04-25,0.4099999964237213,0.4099999964237213,0.4099999964237213,0.4099999964237213,0.4099999964237213,0
2016-04-26,0.4099999964237213,0.4099999964237213,0.4099999964237213,0.4099999964237213,0.4099999964237213,0
2016-04-27,0.4099999964237213,0.4099999964237213,0.4099999964237213,0.4099999964237213,0.4099999964237213,60000
2016-04-28,0.4099999964237213,0.4099999964237213,0.4099999964237213,0.4099999964237213,0.4099999964237213,0
2016-04-29,0.4000000059604645,0.4000000059604645,0.39500001072883606,0.38999998569488525,0.39500001072883606,340000
2016-05-03,0.4000000059604645,0.4000000059604645,0.4000000059604645,0.4000000059604645,0.4000000059604645,0
2016-05-04,0.4000000059604645,0.4000000059604645,0.4000000059604645,0.39500001072883606,0.39500001072883606,420000
2016-05-05,0.39500001072883606,0.39500001072883606,0.4000000059604645,0.38999998569488525,0.4000000059604645,350000
2016-05-06,0.3799999952316284,0.3799999952316284,0.39500001072883606,0.36000001430511475,0.39500001072883606,1080000
2016-05-09,0.3700000047683716,0.3700000047683716,0.3700000047683716,0.3700000047683716,0.3700000047683716,0
2016-05-10,0.3700000047683716,0.3700000047683716,0.3700000047683716,0.3700000047683716,0.3700000047683716,0
2016-05-11,0.3700000047683716,0.3700000047683716,0.39500001072883606,0.3700000047683716,0.38999998569488525,300000
2016-05-12,0.3700000047683716,0.3700000047683716,0.3700000047683716,0.3700000047683716,0.3700000047683716,0
2016-05-13,0.3700000047683716,0.3700000047683716,0.3700000047683716,0.3700000047683716,0.3700000047683716,0
2016-05-16,0.3799999952316284,0.3799999952316284,0.3799999952316284,0.375,0.3799999952316284,350000
2016-05-17,0.3799999952316284,0.3799999952316284,0.3799999952316284,0.3799999952316284,0.3799999952316284,910000
2016-05-18,0.3700000047683716,0.3700000047683716,0.375,0.36000001430511475,0.375,1680000
2016-05-19,0.36500000953674316,0.36500000953674316,0.36500000953674316,0.36500000953674316,0.36500000953674316,2040000
2016-05-20,0.36500000953674316,0.36500000953674316,0.36500000953674316,0.36500000953674316,0.36500000953674316,0
2016-05-23,0.3700000047683716,0.3700000047683716,0.3700000047683716,0.3700000047683716,0.3700000047683716,0
2016-05-24,0.3799999952316284,0.3799999952316284,0.3799999952316284,0.3799999952316284,0.3799999952316284,20000
2016-05-25,0.3799999952316284,0.3799999952316284,0.3799999952316284,0.3799999952316284,0.3799999952316284,0
2016-05-26,0.39500001072883606,0.39500001072883606,0.39500001072883606,0.39500001072883606,0.39500001072883606,20000
2016-05-27,0.39500001072883606,0.39500001072883606,0.39500001072883606,0.3700000047683716,0.375,70000
2016-05-30,0.36500000953674316,0.36500000953674316,0.36500000953674316,0.36000001430511475,0.36500000953674316,80000
2016-05-31,0.375,0.375,0.375,0.3700000047683716,0.3700000047683716,160000
2016-06-01,0.35499998927116394,0.35499998927116394,0.36000001430511475,0.35499998927116394,0.36000001430511475,100000
2016-06-02,0.36500000953674316,0.36500000953674316,0.36500000953674316,0.36500000953674316,0.36500000953674316,20000
2016-06-03,0.36500000953674316,0.36500000953674316,0.36500000953674316,0.36500000953674316,0.36500000953674316,0
2016-06-06,0.3799999952316284,0.3799999952316284,0.3799999952316284,0.375,0.375,50000
2016-06-07,0.38999998569488525,0.38999998569488525,0.38999998569488525,0.375,0.3799999952316284,260000
2016-06-08,0.38999998569488525,0.38999998569488525,0.38999998569488525,0.38999998569488525,0.38999998569488525,0
2016-06-10,0.38999998569488525,0.38999998569488525,0.38999998569488525,0.38999998569488525,0.38999998569488525,0
2016-06-13,0.3799999952316284,0.3799999952316284,0.3799999952316284,0.3799999952316284,0.3799999952316284,0
2016-06-14,0.3700000047683716,0.3700000047683716,0.3700000047683716,0.36500000953674316,0.3700000047683716,120000
2016-06-15,0.3700000047683716,0.3700000047683716,0.3700000047683716,0.3700000047683716,0.3700000047683716,0
2016-06-16,0.36000001430511475,0.36000001430511475,0.375,0.36000001430511475,0.375,90000
2016-06-17,0.3700000047683716,0.3700000047683716,0.3700000047683716,0.3700000047683716,0.3700000047683716,0
2016-06-20,0.3799999952316284,0.3799999952316284,0.38499999046325684,0.3799999952316284,0.3799999952316284,220000
2016-06-21,0.3799999952316284,0.3799999952316284,0.3799999952316284,0.3799999952316284,0.3799999952316284,100000
2016-06-22,0.36500000953674316,0.36500000953674316,0.36500000953674316,0.36500000953674316,0.36500000953674316,40000
2016-06-23,0.36500000953674316,0.36500000953674316,0.36500000953674316,0.36500000953674316,0.36500000953674316,0
2016-06-24,0.36500000953674316,0.36500000953674316,0.375,0.35499998927116394,0.36500000953674316,230000
2016-06-27,0.35499998927116394,0.35499998927116394,0.35499998927116394,0.35499998927116394,0.35499998927116394,50000
2016-06-28,0.36000001430511475,0.36000001430511475,0.36000001430511475,0.36000001430511475,0.36000001430511475,100000
2016-06-29,0.36000001430511475,0.36000001430511475,0.36000001430511475,0.36000001430511475,0.36000001430511475,100000
2016-06-30,0.36000001430511475,0.36000001430511475,0.36000001430511475,0.36000001430511475,0.36000001430511475,0
2016-07-04,0.35499998927116394,0.35499998927116394,0.35499998927116394,0.35499998927116394,0.35499998927116394,70000
2016-07-05,0.35499998927116394,0.35499998927116394,0.35499998927116394,0.35499998927116394,0.35499998927116394,0
2016-07-06,0.36000001430511475,0.36000001430511475,0.36000001430511475,0.36000001430511475,0.36000001430511475,100000
2016-07-07,0.36000001430511475,0.36000001430511475,0.36000001430511475,0.36000001430511475,0.36000001430511475,0
2016-07-08,0.36500000953674316,0.36500000953674316,0.36500000953674316,0.36500000953674316,0.36500000953674316,20000
2016-07-11,0.36500000953674316,0.36500000953674316,0.36500000953674316,0.36500000953674316,0.36500000953674316,0
2016-07-12,0.36000001430511475,0.36000001430511475,0.3700000047683716,0.3499999940395355,0.3499999940395355,140000
2016-07-13,0.35499998927116394,0.35499998927116394,0.36500000953674316,0.3449999988079071,0.36000001430511475,420000
2016-07-14,0.36500000953674316,0.36500000953674316,0.36500000953674316,0.36500000953674316,0.36500000953674316,30000
2016-07-15,0.36500000953674316,0.36500000953674316,0.36500000953674316,0.36500000953674316,0.36500000953674316,0
2016-07-18,0.36000001430511475,0.36000001430511475,0.36000001430511475,0.36000001430511475,0.36000001430511475,0
2016-07-19,0.36000001430511475,0.36000001430511475,0.36000001430511475,0.36000001430511475,0.36000001430511475,0
2016-07-20,0.35499998927116394,0.35499998927116394,0.3499999940395355,0.3499999940395355,0.3499999940395355,40000
2016-07-21,0.35499998927116394,0.35499998927116394,0.35499998927116394,0.35499998927116394,0.35499998927116394,20000
2016-07-22,0.35499998927116394,0.35499998927116394,0.35499998927116394,0.35499998927116394,0.35499998927116394,0
2016-07-25,0.35499998927116394,0.35499998927116394,0.35499998927116394,0.35499998927116394,0.35499998927116394,0
2016-07-26,0.35499998927116394,0.35499998927116394,0.35499998927116394,0.35499998927116394,0.3400000035762787,20000
2016-07-27,0.32499998807907104,0.32499998807907104,0.3400000035762787,0.3050000071525574,0.3400000035762787,620000
2016-07-28,0.29499998688697815,0.29499998688697815,0.30000001192092896,0.27000001072883606,0.30000001192092896,330000
2016-07-29,0.2800000011920929,0.2800000011920929,0.3050000071525574,0.26499998569488525,0.3050000071525574,590000
2016-08-01,0.2849999964237213,0.2849999964237213,0.29499998688697815,0.2750000059604645,0.29499998688697815,480000
2016-08-02,0.2849999964237213,0.2849999964237213,0.2849999964237213,0.2849999964237213,0.2849999964237213,0
2016-08-03,0.2849999964237213,0.2849999964237213,0.29499998688697815,0.25999999046325684,0.28999999165534973,1210000
2016-08-04,0.29499998688697815,0.29499998688697815,0.29499998688697815,0.29499998688697815,0.29499998688697815,20000
2016-08-05,0.3050000071525574,0.3050000071525574,0.3050000071525574,0.3050000071525574,0.3050000071525574,20000
2016-08-08,0.32499998807907104,0.32499998807907104,0.32499998807907104,0.3149999976158142,0.3149999976158142,150000
2016-08-09,0.32499998807907104,0.32499998807907104,0.32499998807907104,0.3149999976158142,0.32499998807907104,50000
2016-08-10,0.32499998807907104,0.32499998807907104,0.32499998807907104,0.32499998807907104,0.32499998807907104,50000
2016-08-11,0.30000001192092896,0.30000001192092896,0.3199999928474426,0.2800000011920929,0.32499998807907104,330000
2016-08-12,0.2849999964237213,0.2849999964237213,0.29499998688697815,0.2849999964237213,0.29499998688697815,180000
2016-08-15,0.2800000011920929,0.2800000011920929,0.30000001192092896,0.2800000011920929,0.30000001192092896,270000
2016-08-16,0.2800000011920929,0.2800000011920929,0.3050000071525574,0.2800000011920929,0.3050000071525574,270000
2016-08-17,0.3050000071525574,0.3050000071525574,0.3050000071525574,0.28999999165534973,0.28999999165534973,530000
2016-08-18,0.30000001192092896,0.30000001192092896,0.30000001192092896,0.30000001192092896,0.30000001192092896,30000
2016-08-19,0.3100000023841858,0.3100000023841858,0.3100000023841858,0.3100000023841858,0.3100000023841858,90000
2016-08-22,0.3199999928474426,0.3199999928474426,0.3199999928474426,0.29499998688697815,0.30000001192092896,860000
2016-08-23,0.3199999928474426,0.3199999928474426,0.32499998807907104,0.3199999928474426,0.32499998807907104,80000
2016-08-24,0.33000001311302185,0.33000001311302185,0.33500000834465027,0.32499998807907104,0.32499998807907104,230000
2016-08-25,0.33000001311302185,0.33000001311302185,0.33000001311302185,0.33000001311302185,0.33000001311302185,0
2016-08-26,0.33000001311302185,0.33000001311302185,0.33500000834465027,0.33000001311302185,0.33000001311302185,80000
2016-08-29,0.3449999988079071,0.3449999988079071,0.3449999988079071,0.3449999988079071,0.3449999988079071,20000
2016-08-30,0.3400000035762787,0.3400000035762787,0.36500000953674316,0.3400000035762787,0.36500000953674316,270000
2016-08-31,0.3499999940395355,0.3499999940395355,0.3400000035762787,0.3400000035762787,0.3400000035762787,20000
2016-09-01,0.3499999940395355,0.3499999940395355,0.38999998569488525,0.3499999940395355,0.375,180000
2016-09-02,0.3499999940395355,0.3499999940395355,0.3499999940395355,0.3499999940395355,0.3499999940395355,10000
2016-09-05,0.3799999952316284,0.3799999952316284,0.39500001072883606,0.3700000047683716,0.3700000047683716,140000
2016-09-06,0.38999998569488525,0.38999998569488525,0.38999998569488525,0.3799999952316284,0.3799999952316284,70000
2016-09-07,0.4000000059604645,0.4000000059604645,0.4099999964237213,0.4099999964237213,0.4099999964237213,40000
2016-09-08,0.39500001072883606,0.39500001072883606,0.4000000059604645,0.36500000953674316,0.39500001072883606,270000
2016-09-09,0.4000000059604645,0.4000000059604645,0.4099999964237213,0.39500001072883606,0.39500001072883606,160000
2016-09-12,0.3700000047683716,0.3700000047683716,0.3700000047683716,0.3700000047683716,0.3700000047683716,50000
2016-09-13,0.3700000047683716,0.3700000047683716,0.4000000059604645,0.4000000059604645,0.4000000059604645,20000
2016-09-14,0.3700000047683716,0.3700000047683716,0.3700000047683716,0.3700000047683716,0.3700000047683716,0
2016-09-15,0.3700000047683716,0.3700000047683716,0.3700000047683716,0.3700000047683716,0.3700000047683716,0
2016-09-19,0.35499998927116394,0.35499998927116394,0.35499998927116394,0.35499998927116394,0.35499998927116394,20000
2016-09-20,0.32499998807907104,0.32499998807907104,0.33000001311302185,0.32499998807907104,0.33000001311302185,60000
2016-09-21,0.35499998927116394,0.35499998927116394,0.35499998927116394,0.3449999988079071,0.3449999988079071,60000
2016-09-22,0.375,0.375,0.375,0.375,0.375,80000
2016-09-23,0.375,0.375,0.375,0.375,0.375,0
2016-09-26,0.375,0.375,0.375,0.375,0.375,0
2016-09-27,0.33000001311302185,0.33000001311302185,0.3449999988079071,0.33000001311302185,0.3449999988079071,60000
2016-09-28,0.3799999952316284,0.3799999952316284,0.38999998569488525,0.38999998569488525,0.38999998569488525,20000
2016-09-29,0.3799999952316284,0.3799999952316284,0.3799999952316284,0.3799999952316284,0.3799999952316284,0
2016-09-30,0.3799999952316284,0.3799999952316284,0.3799999952316284,0.3799999952316284,0.3799999952316284,0
2016-10-03,0.3700000047683716,0.3700000047683716,0.38999998569488525,0.38999998569488525,0.38999998569488525,20000
2016-10-04,0.3449999988079071,0.3449999988079071,0.3449999988079071,0.3449999988079071,0.3449999988079071,20000
2016-10-05,0.3449999988079071,0.3449999988079071,0.3449999988079071,0.3449999988079071,0.3449999988079071,0
2016-10-06,0.36500000953674316,0.36500000953674316,0.36500000953674316,0.36500000953674316,0.36500000953674316,340000
2016-10-07,0.36500000953674316,0.36500000953674316,0.36500000953674316,0.36500000953674316,0.36500000953674316,0
2016-10-11,0.36500000953674316,0.36500000953674316,0.36500000953674316,0.36500000953674316,0.36500000953674316,0
2016-10-12,0.3700000047683716,0.3700000047683716,0.3700000047683716,0.3700000047683716,0.3700000047683716,180000
2016-10-13,0.3700000047683716,0.3700000047683716,0.3700000047683716,0.3700000047683716,0.3700000047683716,0
2016-10-14,0.3700000047683716,0.3700000047683716,0.3700000047683716,0.3700000047683716,0.3700000047683716,0
2016-10-17,0.3700000047683716,0.3700000047683716,0.3700000047683716,0.3700000047683716,0.3700000047683716,0
2016-10-18,0.3700000047683716,0.3700000047683716,0.3799999952316284,0.3700000047683716,0.3700000047683716,360000
2016-10-19,0.36000001430511475,0.36000001430511475,0.35499998927116394,0.33500000834465027,0.33500000834465027,110000
2016-10-20,0.39500001072883606,0.39500001072883606,0.4399999976158142,0.375,0.375,650000
2016-10-21,0.39500001072883606,0.39500001072883606,0.39500001072883606,0.39500001072883606,0.39500001072883606,0
2016-10-24,0.4000000059604645,0.4000000059604645,0.4050000011920929,0.4050000011920929,0.4050000011920929,80000
2016-10-25,0.38999998569488525,0.38999998569488525,0.38999998569488525,0.38999998569488525,0.38999998569488525,0
2016-10-26,0.38999998569488525,0.38999998569488525,0.38999998569488525,0.38999998569488525,0.38999998569488525,0
2016-10-27,0.3799999952316284,0.3799999952316284,0.38999998569488525,0.38999998569488525,0.38999998569488525,120000
2016-10-28,0.375,0.375,0.375,0.375,0.375,0
2016-10-31,0.375,0.375,0.375,0.375,0.375,100000
2016-11-01,0.375,0.375,0.375,0.375,0.375,200000
2016-11-02,0.3499999940395355,0.3499999940395355,0.375,0.33500000834465027,0.35499998927116394,210000
2016-11-03,0.3700000047683716,0.3700000047683716,0.3700000047683716,0.3499999940395355,0.3499999940395355,160000
2016-11-04,0.3700000047683716,0.3700000047683716,0.375,0.375,0.375,80000
2016-11-07,0.3700000047683716,0.3700000047683716,0.375,0.375,0.375,120000
2016-11-08,0.36000001430511475,0.36000001430511475,0.36000001430511475,0.36000001430511475,0.36000001430511475,0
2016-11-09,0.36000001430511475,0.36000001430511475,0.3700000047683716,0.3700000047683716,0.3700000047683716,250000
2016-11-10,0.375,0.375,0.375,0.375,0.375,30000
2016-11-11,0.38999998569488525,0.38999998569488525,0.38999998569488525,0.36000001430511475,0.3799999952316284,540000
2016-11-14,0.38999998569488525,0.38999998569488525,0.38999998569488525,0.38999998569488525,0.38999998569488525,0
2016-11-15,0.38999998569488525,0.38999998569488525,0.38999998569488525,0.38999998569488525,0.38999998569488525,0
2016-11-16,0.38999998569488525,0.38999998569488525,0.38999998569488525,0.38999998569488525,0.38999998569488525,0
2016-11-17,0.4000000059604645,0.4000000059604645,0.4000000059604645,0.38999998569488525,0.39500001072883606,260000
2016-11-18,0.4000000059604645,0.4000000059604645,0.4000000059604645,0.4000000059604645,0.4000000059604645,0
2016-11-21,0.39500001072883606,0.39500001072883606,0.39500001072883606,0.39500001072883606,0.39500001072883606,0
2016-11-22,0.39500001072883606,0.39500001072883606,0.39500001072883606,0.39500001072883606,0.39500001072883606,0
2016-11-23,0.3449999988079071,0.3449999988079071,0.3499999940395355,0.3449999988079071,0.3449999988079071,470000
2016-11-24,0.3400000035762787,0.3400000035762787,0.3700000047683716,0.3400000035762787,0.3700000047683716,1770000
2016-11-25,0.3400000035762787,0.3400000035762787,0.3449999988079071,0.3400000035762787,0.3449999988079071,700000
2016-11-28,0.3499999940395355,0.3499999940395355,0.3499999940395355,0.32499998807907104,0.32499998807907104,260000
2016-11-29,0.3499999940395355,0.3499999940395355,0.3499999940395355,0.33500000834465027,0.33500000834465027,120000
2016-11-30,0.3499999940395355,0.3499999940395355,0.35499998927116394,0.3199999928474426,0.3499999940395355,1250000
2016-12-01,0.33500000834465027,0.33500000834465027,0.33500000834465027,0.32499998807907104,0.33500000834465027,600000
2016-12-02,0.3199999928474426,0.3199999928474426,0.3149999976158142,0.3149999976158142,0.3149999976158142,40000
2016-12-05,0.33000001311302185,0.33000001311302185,0.33000001311302185,0.3199999928474426,0.3199999928474426,180000
2016-12-06,0.3199999928474426,0.3199999928474426,0.3499999940395355,0.3199999928474426,0.3400000035762787,320000
2016-12-07,0.3100000023841858,0.3100000023841858,0.3199999928474426,0.3100000023841858,0.3149999976158142,180000
2016-12-08,0.3050000071525574,0.3050000071525574,0.3100000023841858,0.30000001192092896,0.3100000023841858,350000
2016-12-09,0.3449999988079071,0.3449999988079071,0.3449999988079071,0.3050000071525574,0.3400000035762787,260000
2016-12-12,0.3449999988079071,0.3449999988079071,0.3449999988079071,0.3449999988079071,0.3449999988079071,0
2016-12-13,0.3100000023841858,0.3100000023841858,0.33500000834465027,0.3100000023841858,0.33500000834465027,120000
2016-12-14,0.3199999928474426,0.3199999928474426,0.3400000035762787,0.3050000071525574,0.3400000035762787,270000
2016-12-15,0.27000001072883606,0.27000001072883606,0.3199999928474426,0.27000001072883606,0.30000001192092896,1040000
2016-12-16,0.25999999046325684,0.25999999046325684,0.2800000011920929,0.25999999046325684,0.2800000011920929,960000
2016-12-19,0.2750000059604645,0.2750000059604645,0.2800000011920929,0.25999999046325684,0.26499998569488525,3490000
2016-12-20,0.25,0.25,0.25999999046325684,0.25,0.25999999046325684,290000
2016-12-21,0.25999999046325684,0.25999999046325684,0.2750000059604645,0.25,0.2549999952316284,1340000
2016-12-22,0.26499998569488525,0.26499998569488525,0.26499998569488525,0.25,0.25999999046325684,1190000
2016-12-23,0.26499998569488525,0.26499998569488525,0.26499998569488525,0.26499998569488525,0.26499998569488525,20000
2016-12-28,0.2549999952316284,0.2549999952316284,0.26499998569488525,0.23999999463558197,0.26499998569488525,4700000
2016-12-29,0.25999999046325684,0.25999999046325684,0.25999999046325684,0.25,0.25,260000
2016-12-30,0.25999999046325684,0.25999999046325684,0.25999999046325684,0.25,0.25,1181200
2017-01-03,0.26499998569488525,0.26499998569488525,0.26499998569488525,0.2549999952316284,0.25999999046325684,180000
2017-01-04,0.26499998569488525,0.26499998569488525,0.2750000059604645,0.26499998569488525,0.2750000059604645,130000
2017-01-05,0.26499998569488525,0.26499998569488525,0.2800000011920929,0.25999999046325684,0.27000001072883606,260000
2017-01-06,0.25999999046325684,0.25999999046325684,0.25999999046325684,0.24500000476837158,0.24500000476837158,310000
2017-01-09,0.25999999046325684,0.25999999046325684,0.2750000059604645,0.25999999046325684,0.2750000059604645,150000
2017-01-10,0.25999999046325684,0.25999999046325684,0.27000001072883606,0.25999999046325684,0.27000001072883606,160000
2017-01-11,0.25999999046325684,0.25999999046325684,0.27000001072883606,0.25999999046325684,0.25999999046325684,50000
2017-01-12,0.25999999046325684,0.25999999046325684,0.27000001072883606,0.25999999046325684,0.25999999046325684,50000
2017-01-13,0.25999999046325684,0.25999999046325684,0.2750000059604645,0.24699999392032623,0.24699999392032623,180000
2017-01-16,0.26499998569488525,0.26499998569488525,0.26499998569488525,0.26499998569488525,0.26499998569488525,70000
2017-01-17,0.26499998569488525,0.26499998569488525,0.26499998569488525,0.26499998569488525,0.26499998569488525,20000
2017-01-18,0.25999999046325684,0.25999999046325684,0.27000001072883606,0.26499998569488525,0.26499998569488525,160000
2017-01-19,0.25999999046325684,0.25999999046325684,0.25999999046325684,0.25,0.25,220000
2017-01-20,0.25999999046325684,0.25999999046325684,0.25999999046325684,0.25999999046325684,0.25999999046325684,0
2017-01-23,0.25999999046325684,0.25999999046325684,0.25999999046325684,0.25999999046325684,0.25999999046325684,0
2017-01-24,0.25999999046325684,0.25999999046325684,0.25999999046325684,0.25,0.25,90000
2017-01-25,0.25,0.25,0.25,0.25,0.25,0
2017-01-26,0.26499998569488525,0.26499998569488525,0.26499998569488525,0.26499998569488525,0.26499998569488525,30000
2017-01-27,0.26499998569488525,0.26499998569488525,0.26499998569488525,0.26499998569488525,0.26499998569488525,0
2017-02-01,0.26499998569488525,0.26499998569488525,0.26499998569488525,0.26499998569488525,0.26499998569488525,0
2017-02-02,0.26499998569488525,0.26499998569488525,0.26499998569488525,0.26499998569488525,0.26499998569488525,0
2017-02-03,0.26499998569488525,0.26499998569488525,0.26499998569488525,0.26499998569488525,0.26499998569488525,0
2017-02-06,0.26499998569488525,0.26499998569488525,0.26499998569488525,0.25999999046325684,0.25999999046325684,190000
2017-02-07,0.26499998569488525,0.26499998569488525,0.26499998569488525,0.26499998569488525,0.26499998569488525,0
2017-02-08,0.26499998569488525,0.26499998569488525,0.26499998569488525,0.26499998569488525,0.26499998569488525,0
2017-02-09,0.26499998569488525,0.26499998569488525,0.26499998569488525,0.26499998569488525,0.26499998569488525,0
2017-02-10,0.26499998569488525,0.26499998569488525,0.27000001072883606,0.25999999046325684,0.25999999046325684,130000
2017-02-13,0.25999999046325684,0.25999999046325684,0.26499998569488525,0.25999999046325684,0.26499998569488525,1200000
2017-02-14,0.25999999046325684,0.25999999046325684,0.25999999046325684,0.25999999046325684,0.25999999046325684,0
2017-02-15,0.25999999046325684,0.25999999046325684,0.25999999046325684,0.25999999046325684,0.25999999046325684,0
2017-02-16,0.25999999046325684,0.25999999046325684,0.25999999046325684,0.25999999046325684,0.25999999046325684,50000
2017-02-17,0.25999999046325684,0.25999999046325684,0.25999999046325684,0.25999999046325684,0.25999999046325684,0
2017-02-20,0.25999999046325684,0.25999999046325684,0.25999999046325684,0.25,0.25,280000
2017-02-21,0.27000001072883606,0.27000001072883606,0.2750000059604645,0.25999999046325684,0.25999999046325684,250000
2017-02-22,0.27000001072883606,0.27000001072883606,0.27000001072883606,0.27000001072883606,0.27000001072883606,0
2017-02-23,0.25999999046325684,0.25999999046325684,0.25999999046325684,0.25,0.25,180000
2017-02-24,0.25999999046325684,0.25999999046325684,0.25999999046325684,0.25999999046325684,0.25999999046325684,0
2017-02-27,0.25999999046325684,0.25999999046325684,0.25999999046325684,0.25999999046325684,0.25999999046325684,0
2017-02-28,0.26499998569488525,0.26499998569488525,0.26499998569488525,0.25999999046325684,0.25999999046325684,70000
2017-03-01,0.26499998569488525,0.26499998569488525,0.26499998569488525,0.26499998569488525,0.26499998569488525,0
2017-03-02,0.26499998569488525,0.26499998569488525,0.26499998569488525,0.26499998569488525,0.26499998569488525,0
2017-03-03,0.26499998569488525,0.26499998569488525,0.26499998569488525,0.26499998569488525,0.26499998569488525,0
2017-03-06,0.26499998569488525,0.26499998569488525,0.26499998569488525,0.26499998569488525,0.26499998569488525,0
2017-03-07,0.26499998569488525,0.26499998569488525,0.26499998569488525,0.2460000067949295,0.24899999797344208,470000
2017-03-08,0.26499998569488525,0.26499998569488525,0.26499998569488525,0.26499998569488525,0.26499998569488525,0
2017-03-09,0.26499998569488525,0.26499998569488525,0.26499998569488525,0.26499998569488525,0.26499998569488525,0
2017-03-10,0.26499998569488525,0.26499998569488525,0.26499998569488525,0.2549999952316284,0.2549999952316284,50000
2017-03-13,0.2549999952316284,0.2549999952316284,0.2549999952316284,0.23999999463558197,0.2409999966621399,210000
2017-03-14,0.25999999046325684,0.25999999046325684,0.26499998569488525,0.25999999046325684,0.26499998569488525,100000
2017-03-15,0.25999999046325684,0.25999999046325684,0.25999999046325684,0.25999999046325684,0.25999999046325684,100000
2017-03-16,0.26499998569488525,0.26499998569488525,0.26499998569488525,0.26499998569488525,0.26499998569488525,70000
2017-03-17,0.27000001072883606,0.27000001072883606,0.27000001072883606,0.27000001072883606,0.27000001072883606,50000
2017-03-20,0.2750000059604645,0.2750000059604645,0.2750000059604645,0.27000001072883606,0.27000001072883606,120000
2017-03-21,0.26499998569488525,0.26499998569488525,0.2800000011920929,0.2460000067949295,0.2800000011920929,150000
2017-03-22,0.25,0.25,0.2549999952316284,0.23999999463558197,0.2409999966621399,240000
2017-03-23,0.25,0.25,0.26499998569488525,0.24500000476837158,0.26499998569488525,160000
2017-03-24,0.26499998569488525,0.26499998569488525,0.26499998569488525,0.2549999952316284,0.2549999952316284,120000
2017-03-27,0.25999999046325684,0.25999999046325684,0.26499998569488525,0.2460000067949295,0.26499998569488525,320000
2017-03-28,0.25999999046325684,0.25999999046325684,0.25999999046325684,0.2460000067949295,0.2460000067949295,210000
2017-03-29,0.25,0.25,0.25,0.24500000476837158,0.2460000067949295,270000
2017-03-30,0.25,0.25,0.25,0.25,0.25,0
2017-03-31,0.25,0.25,0.2549999952316284,0.25,0.2549999952316284,540000
2017-04-03,0.2549999952316284,0.2549999952316284,0.2549999952316284,0.25,0.25,460000
2017-04-05,0.25,0.25,0.25,0.24500000476837158,0.25,720000
2017-04-06,0.24899999797344208,0.24899999797344208,0.24899999797344208,0.24199999868869781,0.24199999868869781,420000
2017-04-07,0.2460000067949295,0.2460000067949295,0.24899999797344208,0.23999999463558197,0.24899999797344208,820000
2017-04-10,0.210999995470047,0.210999995470047,0.24899999797344208,0.20800000429153442,0.24799999594688416,1810000
2017-04-11,0.18799999356269836,0.18799999356269836,0.20600000023841858,0.18199999630451202,0.20600000023841858,1490000
2017-04-12,0.1850000023841858,0.1850000023841858,0.18799999356269836,0.17499999701976776,0.18799999356269836,520000
2017-04-13,0.1850000023841858,0.1850000023841858,0.1850000023841858,0.1850000023841858,0.1850000023841858,160000
2017-04-18,0.18000000715255737,0.18000000715255737,0.1809999942779541,0.18000000715255737,0.18000000715255737,500000
2017-04-19,0.17599999904632568,0.17599999904632568,0.17800000309944153,0.1679999977350235,0.17499999701976776,1100000
2017-04-20,0.15399999916553497,0.15399999916553497,0.16899999976158142,0.14800000190734863,0.16500000655651093,3450000
2017-04-21,0.16099999845027924,0.16099999845027924,0.17299999296665192,0.15600000321865082,0.16500000655651093,1170000
2017-04-24,0.16500000655651093,0.16500000655651093,0.1679999977350235,0.16500000655651093,0.16500000655651093,460000
2017-04-25,0.16300000250339508,0.16300000250339508,0.17299999296665192,0.15399999916553497,0.1589999943971634,2570000
2017-04-26,0.16599999368190765,0.16599999368190765,0.17000000178813934,0.16300000250339508,0.17000000178813934,360000
2017-04-27,0.16500000655651093,0.16500000655651093,0.16500000655651093,0.16300000250339508,0.16300000250339508,1180000
2017-04-28,0.164000004529953,0.164000004529953,0.164000004529953,0.16300000250339508,0.16300000250339508,590000
2017-05-02,0.16500000655651093,0.16500000655651093,0.16500000655651093,0.1599999964237213,0.1599999964237213,700000
2017-05-04,0.16500000655651093,0.16500000655651093,0.16500000655651093,0.16500000655651093,0.16500000655651093,0
2017-05-05,0.164000004529953,0.164000004529953,0.16500000655651093,0.16200000047683716,0.16500000655651093,146000
2017-05-08,0.164000004529953,0.164000004529953,0.164000004529953,0.164000004529953,0.164000004529953,150000
2017-05-09,0.164000004529953,0.164000004529953,0.16500000655651093,0.15800000727176666,0.16500000655651093,610000
2017-05-10,0.16099999845027924,0.16099999845027924,0.16099999845027924,0.1459999978542328,0.1459999978542328,100000
2017-05-11,0.1589999943971634,0.1589999943971634,0.1589999943971634,0.1589999943971634,0.1589999943971634,0
2017-05-12,0.16699999570846558,0.16699999570846558,0.16699999570846558,0.1550000011920929,0.1550000011920929,2160000
2017-05-15,0.16699999570846558,0.16699999570846558,0.16699999570846558,0.16699999570846558,0.16699999570846558,0
2017-05-16,0.16500000655651093,0.16500000655651093,0.16500000655651093,0.16500000655651093,0.16500000655651093,20000
2017-05-17,0.16500000655651093,0.16500000655651093,0.16500000655651093,0.16500000655651093,0.16500000655651093,0
2017-05-18,0.164000004529953,0.164000004529953,0.164000004529953,0.1459999978542328,0.1459999978542328,30000
2017-05-19,0.164000004529953,0.164000004529953,0.164000004529953,0.164000004529953,0.164000004529953,0
2017-05-22,0.164000004529953,0.164000004529953,0.16500000655651093,0.164000004529953,0.164000004529953,690000
2017-05-23,0.164000004529953,0.164000004529953,0.16500000655651093,0.164000004529953,0.16500000655651093,280000
2017-05-24,0.16500000655651093,0.16500000655651093,0.16500000655651093,0.1599999964237213,0.1599999964237213,170000
2017-05-25,0.16500000655651093,0.16500000655651093,0.16500000655651093,0.16500000655651093,0.16500000655651093,0
2017-05-26,0.164000004529953,0.164000004529953,0.164000004529953,0.164000004529953,0.164000004529953,0
2017-05-29,0.164000004529953,0.164000004529953,0.164000004529953,0.164000004529953,0.164000004529953,0
2017-05-31,0.164000004529953,0.164000004529953,0.164000004529953,0.164000004529953,0.164000004529953,0
2017-06-01,0.164000004529953,0.164000004529953,0.164000004529953,0.164000004529953,0.164000004529953,0
2017-06-02,0.16500000655651093,0.16500000655651093,0.16500000655651093,0.164000004529953,0.164000004529953,1020000
2017-06-05,0.164000004529953,0.164000004529953,0.164000004529953,0.164000004529953,0.164000004529953,0
2017-06-06,0.164000004529953,0.164000004529953,0.16500000655651093,0.164000004529953,0.1599999964237213,120000
2017-06-07,0.164000004529953,0.164000004529953,0.164000004529953,0.164000004529953,0.164000004529953,0
2017-06-08,0.17000000178813934,0.17000000178813934,0.17100000381469727,0.164000004529953,0.164000004529953,2110000
2017-06-09,0.1770000010728836,0.1770000010728836,0.1770000010728836,0.17000000178813934,0.17000000178813934,300000
2017-06-12,0.1809999942779541,0.1809999942779541,0.1809999942779541,0.1809999942779541,0.1809999942779541,50000
2017-06-13,0.18000000715255737,0.18000000715255737,0.18000000715255737,0.18000000715255737,0.18000000715255737,550000
2017-06-14,0.18400000035762787,0.18400000035762787,0.18400000035762787,0.18400000035762787,0.18400000035762787,170000
2017-06-15,0.18700000643730164,0.18700000643730164,0.18700000643730164,0.18700000643730164,0.18799999356269836,110000
2017-06-16,0.18700000643730164,0.18700000643730164,0.1899999976158142,0.18700000643730164,0.18700000643730164,570000
2017-06-19,0.1889999955892563,0.1889999955892563,0.1899999976158142,0.18700000643730164,0.1899999976158142,1170000
2017-06-20,0.18299999833106995,0.18299999833106995,0.18299999833106995,0.17499999701976776,0.18000000715255737,410000
2017-06-21,0.19599999487400055,0.19599999487400055,0.1979999989271164,0.18799999356269836,0.18799999356269836,410000
2017-06-22,0.19200000166893005,0.19200000166893005,0.19200000166893005,0.19200000166893005,0.19200000166893005,0
2017-06-23,0.1889999955892563,0.1889999955892563,0.19200000166893005,0.1860000044107437,0.19200000166893005,710000
2017-06-26,0.18799999356269836,0.18799999356269836,0.1889999955892563,0.1809999942779541,0.1850000023841858,360000
2017-06-27,0.18799999356269836,0.18799999356269836,0.18799999356269836,0.18799999356269836,0.18799999356269836,70000
2017-06-28,0.1889999955892563,0.1889999955892563,0.1889999955892563,0.1889999955892563,0.1889999955892563,110000
2017-06-29,0.1889999955892563,0.1889999955892563,0.1889999955892563,0.1889999955892563,0.1889999955892563,0
2017-06-30,0.1860000044107437,0.1860000044107437,0.1860000044107437,0.15600000321865082,0.15600000321865082,1130000
2017-07-03,0.18000000715255737,0.18000000715255737,0.1860000044107437,0.1850000023841858,0.1860000044107437,870000
2017-07-04,0.17900000512599945,0.17900000512599945,0.18000000715255737,0.17900000512599945,0.17900000512599945,780000
2017-07-05,0.17800000309944153,0.17800000309944153,0.17800000309944153,0.17800000309944153,0.17800000309944153,520000
2017-07-06,0.17800000309944153,0.17800000309944153,0.17800000309944153,0.17800000309944153,0.17800000309944153,0
2017-07-07,0.18199999630451202,0.18199999630451202,0.18199999630451202,0.17499999701976776,0.17800000309944153,2130000
2017-07-10,0.1889999955892563,0.1889999955892563,0.1889999955892563,0.17499999701976776,0.18799999356269836,1170000
2017-07-11,0.1899999976158142,0.1899999976158142,0.19499999284744263,0.1899999976158142,0.19499999284744263,70000
2017-07-12,0.1889999955892563,0.1889999955892563,0.1899999976158142,0.1889999955892563,0.1889999955892563,2730000
2017-07-13,0.1889999955892563,0.1889999955892563,0.1899999976158142,0.1889999955892563,0.1899999976158142,80000
2017-07-14,0.1899999976158142,0.1899999976158142,0.1899999976158142,0.1899999976158142,0.1899999976158142,1750000
2017-07-17,0.1899999976158142,0.1899999976158142,0.1899999976158142,0.1899999976158142,0.1899999976158142,1100000
2017-07-18,0.1899999976158142,0.1899999976158142,0.1899999976158142,0.1899999976158142,0.1899999976158142,0
2017-07-19,0.1899999976158142,0.1899999976158142,0.1899999976158142,0.1899999976158142,0.1899999976158142,0
2017-07-20,0.20499999821186066,0.20499999821186066,0.20499999821186066,0.1899999976158142,0.1899999976158142,1810000
2017-07-21,0.20600000023841858,0.20600000023841858,0.20600000023841858,0.20499999821186066,0.20499999821186066,460000
2017-07-24,0.20600000023841858,0.20600000023841858,0.20600000023841858,0.20600000023841858,0.20600000023841858,0
2017-07-25,0.2070000022649765,0.2070000022649765,0.2070000022649765,0.2070000022649765,0.2070000022649765,100000
2017-07-26,0.2070000022649765,0.2070000022649765,0.2070000022649765,0.2070000022649765,0.2070000022649765,0
2017-07-27,0.21199999749660492,0.21199999749660492,0.21199999749660492,0.1889999955892563,0.20999999344348907,120000
2017-07-28,0.20900000631809235,0.20900000631809235,0.20900000631809235,0.20900000631809235,0.20900000631809235,10000
2017-07-31,0.20900000631809235,0.20900000631809235,0.20900000631809235,0.20900000631809235,0.20900000631809235,0
2017-08-01,0.20900000631809235,0.20900000631809235,0.20900000631809235,0.20900000631809235,0.20900000631809235,0
2017-08-02,0.210999995470047,0.210999995470047,0.210999995470047,0.20999999344348907,0.210999995470047,950000
2017-08-03,0.20800000429153442,0.20800000429153442,0.20900000631809235,0.1979999989271164,0.20000000298023224,200000
2017-08-04,0.20900000631809235,0.20900000631809235,0.20999999344348907,0.20900000631809235,0.20999999344348907,180000
2017-08-07,0.2070000022649765,0.2070000022649765,0.2070000022649765,0.19200000166893005,0.19300000369548798,1250000
2017-08-08,0.2070000022649765,0.2070000022649765,0.2070000022649765,0.2070000022649765,0.2070000022649765,0
2017-08-09,0.2070000022649765,0.2070000022649765,0.2070000022649765,0.2070000022649765,0.2070000022649765,0
2017-08-10,0.20800000429153442,0.20800000429153442,0.20900000631809235,0.20900000631809235,0.20900000631809235,140000
2017-08-11,0.20800000429153442,0.20800000429153442,0.20800000429153442,0.20800000429153442,0.20800000429153442,0
2017-08-14,0.20800000429153442,0.20800000429153442,0.20800000429153442,0.20800000429153442,0.20800000429153442,0
2017-08-15,0.2070000022649765,0.2070000022649765,0.2070000022649765,0.20000000298023224,0.20000000298023224,180000
2017-08-16,0.2070000022649765,0.2070000022649765,0.2070000022649765,0.2070000022649765,0.2070000022649765,0
2017-08-17,0.2070000022649765,0.2070000022649765,0.2070000022649765,0.20600000023841858,0.20600000023841858,140000
2017-08-18,0.2070000022649765,0.2070000022649765,0.2070000022649765,0.2070000022649765,0.2070000022649765,0
2017-08-21,0.2070000022649765,0.2070000022649765,0.2070000022649765,0.2070000022649765,0.2070000022649765,0
2017-08-22,0.2070000022649765,0.2070000022649765,0.2070000022649765,0.2070000022649765,0.2070000022649765,0
2017-08-23,0.2070000022649765,0.2070000022649765,0.2070000022649765,0.2070000022649765,0.2070000022649765,0
2017-08-24,0.2070000022649765,0.2070000022649765,0.2070000022649765,0.2070000022649765,0.2070000022649765,0
2017-08-25,0.21299999952316284,0.21299999952316284,0.21299999952316284,0.21199999749660492,0.21199999749660492,190000
2017-08-28,0.21299999952316284,0.21299999952316284,0.21299999952316284,0.21299999952316284,0.21299999952316284,0
2017-08-29,0.21299999952316284,0.21299999952316284,0.21299999952316284,0.21299999952316284,0.21299999952316284,0
2017-08-30,0.21400000154972076,0.21400000154972076,0.2150000035762787,0.2150000035762787,0.2150000035762787,100000
2017-08-31,0.21400000154972076,0.21400000154972076,0.21400000154972076,0.21400000154972076,0.21400000154972076,0
2017-09-01,0.21199999749660492,0.21199999749660492,0.21199999749660492,0.21199999749660492,0.21199999749660492,0
2017-09-04,0.21199999749660492,0.21199999749660492,0.21199999749660492,0.21199999749660492,0.21199999749660492,0
2017-09-05,0.21199999749660492,0.21199999749660492,0.21199999749660492,0.21199999749660492,0.21199999749660492,0
2017-09-06,0.21199999749660492,0.21199999749660492,0.21199999749660492,0.21199999749660492,0.21199999749660492,0
2017-09-07,0.21199999749660492,0.21199999749660492,0.21400000154972076,0.21400000154972076,0.21400000154972076,260000
2017-09-08,0.20900000631809235,0.20900000631809235,0.20900000631809235,0.20000000298023224,0.20000000298023224,110000
2017-09-11,0.20399999618530273,0.20399999618530273,0.20200000703334808,0.20200000703334808,0.20200000703334808,10000
2017-09-12,0.20399999618530273,0.20399999618530273,0.20399999618530273,0.20399999618530273,0.20399999618530273,0
2017-09-13,0.20000000298023224,0.20000000298023224,0.20000000298023224,0.20000000298023224,0.20000000298023224,0
2017-09-14,0.20499999821186066,0.20499999821186066,0.20800000429153442,0.20800000429153442,0.20800000429153442,40000
2017-09-15,0.19499999284744263,0.19499999284744263,0.19200000166893005,0.19200000166893005,0.19200000166893005,320000
2017-09-18,0.19300000369548798,0.19300000369548798,0.19099999964237213,0.1899999976158142,0.19099999964237213,530000
2017-09-19,0.18799999356269836,0.18799999356269836,0.1899999976158142,0.18700000643730164,0.1889999955892563,2270000
2017-09-20,0.18799999356269836,0.18799999356269836,0.18799999356269836,0.18799999356269836,0.18799999356269836,0
2017-09-21,0.1899999976158142,0.1899999976158142,0.19300000369548798,0.17000000178813934,0.17000000178813934,620000
2017-09-22,0.1850000023841858,0.1850000023841858,0.1889999955892563,0.1850000023841858,0.1889999955892563,260000
2017-09-25,0.1850000023841858,0.1850000023841858,0.1850000023841858,0.1850000023841858,0.1850000023841858,0
2017-09-26,0.18299999833106995,0.18299999833106995,0.18299999833106995,0.18199999630451202,0.18199999630451202,140000
2017-09-27,0.18299999833106995,0.18299999833106995,0.18299999833106995,0.18299999833106995,0.18299999833106995,0
2017-09-28,0.18299999833106995,0.18299999833106995,0.18299999833106995,0.18199999630451202,0.18199999630451202,120000
2017-09-29,0.18400000035762787,0.18400000035762787,0.18400000035762787,0.17499999701976776,0.17499999701976776,90000
2017-10-03,0.18400000035762787,0.18400000035762787,0.18400000035762787,0.18400000035762787,0.18400000035762787,0
2017-10-04,0.1889999955892563,0.1889999955892563,0.1889999955892563,0.1889999955892563,0.1889999955892563,0
2017-10-06,0.18700000643730164,0.18700000643730164,0.18700000643730164,0.18700000643730164,0.18700000643730164,0
2017-10-09,0.18799999356269836,0.18799999356269836,0.19200000166893005,0.1899999976158142,0.19200000166893005,130000
2017-10-10,0.18700000643730164,0.18700000643730164,0.18700000643730164,0.18700000643730164,0.18700000643730164,0
2017-10-11,0.18700000643730164,0.18700000643730164,0.18700000643730164,0.18000000715255737,0.18000000715255737,120000
2017-10-12,0.18799999356269836,0.18799999356269836,0.19099999964237213,0.18000000715255737,0.18000000715255737,250000
2017-10-13,0.18799999356269836,0.18799999356269836,0.18799999356269836,0.18799999356269836,0.18799999356269836,0
2017-10-16,0.18700000643730164,0.18700000643730164,0.18700000643730164,0.18700000643730164,0.18700000643730164,0
2017-10-17,0.18199999630451202,0.18199999630451202,0.18299999833106995,0.17599999904632568,0.17599999904632568,130000
2017-10-18,0.18199999630451202,0.18199999630451202,0.18000000715255737,0.18000000715255737,0.18000000715255737,800000
2017-10-19,0.18199999630451202,0.18199999630451202,0.18199999630451202,0.18199999630451202,0.18199999630451202,0
2017-10-20,0.1899999976158142,0.1899999976158142,0.1899999976158142,0.16500000655651093,0.17000000178813934,380000
2017-10-23,0.1899999976158142,0.1899999976158142,0.1899999976158142,0.1899999976158142,0.1899999976158142,0
2017-10-24,0.1899999976158142,0.1899999976158142,0.1899999976158142,0.1899999976158142,0.1899999976158142,0
2017-10-25,0.1860000044107437,0.1860000044107437,0.1860000044107437,0.1860000044107437,0.1860000044107437,0
2017-10-26,0.1860000044107437,0.1860000044107437,0.1860000044107437,0.1860000044107437,0.1860000044107437,0
2017-10-27,0.18000000715255737,0.18000000715255737,0.18000000715255737,0.18000000715255737,0.18000000715255737,0
2017-10-30,0.1860000044107437,0.1860000044107437,0.18799999356269836,0.18799999356269836,0.18799999356269836,30000
2017-10-31,0.18199999630451202,0.18199999630451202,0.18199999630451202,0.18199999630451202,0.18199999630451202,0
2017-11-01,0.18199999630451202,0.18199999630451202,0.18299999833106995,0.164000004529953,0.164000004529953,700000
2017-11-02,0.1809999942779541,0.1809999942779541,0.1809999942779541,0.1809999942779541,0.1809999942779541,0
2017-11-03,0.1899999976158142,0.1899999976158142,0.1899999976158142,0.1809999942779541,0.1809999942779541,320000
2017-11-06,0.20800000429153442,0.20800000429153442,0.20999999344348907,0.1850000023841858,0.1899999976158142,800000
2017-11-07,0.2160000056028366,0.2160000056028366,0.2160000056028366,0.20999999344348907,0.20999999344348907,750000
2017-11-08,0.2199999988079071,0.2199999988079071,0.2199999988079071,0.2199999988079071,0.2199999988079071,120000
2017-11-09,0.2150000035762787,0.2150000035762787,0.21899999678134918,0.21899999678134918,0.21899999678134918,180000
2017-11-10,0.2150000035762787,0.2150000035762787,0.2150000035762787,0.2150000035762787,0.2150000035762787,0
2017-11-13,0.2150000035762787,0.2150000035762787,0.21699999272823334,0.21699999272823334,0.21699999272823334,50000
2017-11-14,0.20800000429153442,0.20800000429153442,0.20800000429153442,0.20800000429153442,0.20800000429153442,0
2017-11-15,0.2199999988079071,0.2199999988079071,0.22200000286102295,0.2199999988079071,0.22200000286102295,100000
2017-11-16,0.20900000631809235,0.20900000631809235,0.20900000631809235,0.20900000631809235,0.20900000631809235,0
2017-11-17,0.1979999989271164,0.1979999989271164,0.1979999989271164,0.18000000715255737,0.1809999942779541,470000
2017-11-20,0.18000000715255737,0.18000000715255737,0.20800000429153442,0.18000000715255737,0.20800000429153442,100000
2017-11-21,0.19499999284744263,0.19499999284744263,0.20499999821186066,0.19599999487400055,0.19599999487400055,160000
2017-11-22,0.19499999284744263,0.19499999284744263,0.19499999284744263,0.19499999284744263,0.19499999284744263,0
2017-11-23,0.1899999976158142,0.1899999976158142,0.1899999976158142,0.1899999976158142,0.1899999976158142,0
2017-11-24,0.1899999976158142,0.1899999976158142,0.1899999976158142,0.1899999976158142,0.1899999976158142,0
2017-11-27,0.19699999690055847,0.19699999690055847,0.1979999989271164,0.1850000023841858,0.1899999976158142,1080000
2017-11-28,0.19699999690055847,0.19699999690055847,0.19699999690055847,0.19699999690055847,0.19699999690055847,0
2017-11-29,0.20999999344348907,0.20999999344348907,0.21199999749660492,0.20399999618530273,0.20399999618530273,110000
2017-11-30,0.20999999344348907,0.20999999344348907,0.20999999344348907,0.20999999344348907,0.20999999344348907,0
2017-12-01,0.20999999344348907,0.20999999344348907,0.20999999344348907,0.20999999344348907,0.20999999344348907,0
2017-12-04,0.20999999344348907,0.20999999344348907,0.20999999344348907,0.20999999344348907,0.20999999344348907,0
2017-12-05,0.20999999344348907,0.20999999344348907,0.20999999344348907,0.20999999344348907,0.20999999344348907,0
2017-12-06,0.20999999344348907,0.20999999344348907,0.20999999344348907,0.20999999344348907,0.20999999344348907,0
2017-12-07,0.20999999344348907,0.20999999344348907,0.20999999344348907,0.20999999344348907,0.20999999344348907,0
2017-12-08,0.20999999344348907,0.20999999344348907,0.21799999475479126,0.20800000429153442,0.2150000035762787,160000
2017-12-11,0.2070000022649765,0.2070000022649765,0.2070000022649765,0.2070000022649765,0.2070000022649765,0
2017-12-12,0.2070000022649765,0.2070000022649765,0.2070000022649765,0.2070000022649765,0.2070000022649765,0
2017-12-13,0.2070000022649765,0.2070000022649765,0.2070000022649765,0.2070000022649765,0.2070000022649765,0
2017-12-14,0.20600000023841858,0.20600000023841858,0.20600000023841858,0.20600000023841858,0.20600000023841858,140000
2017-12-15,0.20600000023841858,0.20600000023841858,0.20600000023841858,0.20600000023841858,0.20600000023841858,0
2017-12-18,0.2150000035762787,0.2150000035762787,0.2150000035762787,0.2150000035762787,0.2150000035762787,0
2017-12-19,0.2150000035762787,0.2150000035762787,0.2150000035762787,0.2150000035762787,0.2150000035762787,0
2017-12-20,0.210999995470047,0.210999995470047,0.210999995470047,0.19099999964237213,0.19099999964237213,20000
2017-12-21,0.210999995470047,0.210999995470047,0.210999995470047,0.210999995470047,0.210999995470047,0
2017-12-22,0.210999995470047,0.210999995470047,0.210999995470047,0.210999995470047,0.210999995470047,0
2017-12-27,0.20800000429153442,0.20800000429153442,0.20900000631809235,0.1809999942779541,0.20499999821186066,140000
2017-12-28,0.2070000022649765,0.2070000022649765,0.2070000022649765,0.2070000022649765,0.2070000022649765,0
2017-12-29,0.2070000022649765,0.2070000022649765,0.2070000022649765,0.2070000022649765,0.2070000022649765,0
2018-01-02,0.2070000022649765,0.2070000022649765,0.2070000022649765,0.2070000022649765,0.2070000022649765,0
2018-01-03,0.2070000022649765,0.2070000022649765,0.2070000022649765,0.2070000022649765,0.2070000022649765,0
2018-01-04,0.19699999690055847,0.19699999690055847,0.19699999690055847,0.1860000044107437,0.1860000044107437,530000
2018-01-05,0.19699999690055847,0.19699999690055847,0.19699999690055847,0.19699999690055847,0.19699999690055847,0
2018-01-08,0.19699999690055847,0.19699999690055847,0.19699999690055847,0.19699999690055847,0.19699999690055847,0
2018-01-09,0.1979999989271164,0.1979999989271164,0.1979999989271164,0.1979999989271164,0.1979999989271164,0
2018-01-10,0.1979999989271164,0.1979999989271164,0.1979999989271164,0.1979999989271164,0.1979999989271164,0
2018-01-11,0.1979999989271164,0.1979999989271164,0.1979999989271164,0.1979999989271164,0.1979999989271164,0
2018-01-12,0.1979999989271164,0.1979999989271164,0.1979999989271164,0.1979999989271164,0.1979999989271164,0
2018-01-15,0.19200000166893005,0.19200000166893005,0.19200000166893005,0.1850000023841858,0.1850000023841858,60000
2018-01-16,0.1979999989271164,0.1979999989271164,0.1979999989271164,0.1979999989271164,0.1979999989271164,0
2018-01-17,0.19499999284744263,0.19499999284744263,0.19499999284744263,0.17599999904632568,0.1860000044107437,590000
2018-01-18,0.1979999989271164,0.1979999989271164,0.19499999284744263,0.1679999977350235,0.17499999701976776,1320000
2018-01-19,0.17800000309944153,0.17800000309944153,0.19900000095367432,0.17000000178813934,0.19900000095367432,1990000
2018-01-22,0.1599999964237213,0.1599999964237213,0.16599999368190765,0.1599999964237213,0.16200000047683716,1520000
2018-01-23,0.15800000727176666,0.15800000727176666,0.15800000727176666,0.15800000727176666,0.15800000727176666,0
2018-01-24,0.15800000727176666,0.15800000727176666,0.15800000727176666,0.15800000727176666,0.15800000727176666,0
2018-01-25,0.15000000596046448,0.15000000596046448,0.15000000596046448,0.15000000596046448,0.15000000596046448,120000
2018-01-26,0.15000000596046448,0.15000000596046448,0.15000000596046448,0.15000000596046448,0.15000000596046448,0
2018-01-29,0.1509999930858612,0.1509999930858612,0.1509999930858612,0.14000000059604645,0.14000000059604645,500000
2018-01-30,0.1509999930858612,0.1509999930858612,0.1509999930858612,0.1509999930858612,0.1509999930858612,0
2018-01-31,0.1509999930858612,0.1509999930858612,0.1509999930858612,0.1509999930858612,0.1509999930858612,0
2018-02-01,0.1509999930858612,0.1509999930858612,0.1509999930858612,0.1509999930858612,0.1509999930858612,0
2018-02-02,0.1509999930858612,0.1509999930858612,0.1509999930858612,0.1509999930858612,0.1509999930858612,0
2018-02-05,0.15000000596046448,0.15000000596046448,0.1509999930858612,0.14499999582767487,0.14499999582767487,270000
2018-02-06,0.1459999978542328,0.1459999978542328,0.14900000393390656,0.14000000059604645,0.14499999582767487,420000
2018-02-07,0.14900000393390656,0.14900000393390656,0.15700000524520874,0.14499999582767487,0.15000000596046448,450000
2018-02-08,0.14900000393390656,0.14900000393390656,0.14900000393390656,0.14900000393390656,0.14900000393390656,0
2018-02-09,0.14900000393390656,0.14900000393390656,0.14900000393390656,0.14900000393390656,0.14900000393390656,0
2018-02-12,0.14300000667572021,0.14300000667572021,0.13500000536441803,0.12999999523162842,0.13500000536441803,1000000
2018-02-13,0.1379999965429306,0.1379999965429306,0.14000000059604645,0.11999999731779099,0.12099999934434891,1060000
2018-02-14,0.13500000536441803,0.13500000536441803,0.13500000536441803,0.13500000536441803,0.13500000536441803,30000
2018-02-15,0.13500000536441803,0.13500000536441803,0.13500000536441803,0.13500000536441803,0.13500000536441803,0
2018-02-20,0.13899999856948853,0.13899999856948853,0.13899999856948853,0.13899999856948853,0.13899999856948853,100000
2018-02-21,0.1289999932050705,0.1289999932050705,0.13600000739097595,0.11599999666213989,0.12999999523162842,2190000
2018-02-22,0.11500000208616257,0.11500000208616257,0.12200000137090683,0.11500000208616257,0.11999999731779099,320000
2018-02-23,0.11500000208616257,0.11500000208616257,0.11800000071525574,0.10999999940395355,0.1120000034570694,410000
2018-02-26,0.11699999868869781,0.11699999868869781,0.11699999868869781,0.11699999868869781,0.11699999868869781,0
2018-02-27,0.11699999868869781,0.11699999868869781,0.11699999868869781,0.11699999868869781,0.11699999868869781,0
2018-02-28,0.10999999940395355,0.10999999940395355,0.11400000005960464,0.10000000149011612,0.10199999809265137,2220000
2018-03-01,0.11800000071525574,0.11800000071525574,0.11800000071525574,0.11800000071525574,0.11800000071525574,30000
2018-03-02,0.11299999803304672,0.11299999803304672,0.11699999868869781,0.11599999666213989,0.11699999868869781,530000
2018-03-05,0.10700000077486038,0.10700000077486038,0.1120000034570694,0.10000000149011612,0.1120000034570694,360000
2018-03-06,0.10700000077486038,0.10700000077486038,0.10899999737739563,0.10700000077486038,0.10899999737739563,160000
2018-03-07,0.1080000028014183,0.1080000028014183,0.1080000028014183,0.1080000028014183,0.1080000028014183,0
2018-03-08,0.13300000131130219,0.13300000131130219,0.14900000393390656,0.11999999731779099,0.11999999731779099,3310000
2018-03-09,0.12999999523162842,0.12999999523162842,0.12999999523162842,0.12200000137090683,0.1289999932050705,1300000
2018-03-12,0.12700000405311584,0.12700000405311584,0.12800000607967377,0.11100000143051147,0.11100000143051147,30000
2018-03-13,0.12700000405311584,0.12700000405311584,0.12700000405311584,0.11999999731779099,0.11999999731779099,80000
2018-03-14,0.12600000202655792,0.12600000202655792,0.12700000405311584,0.12700000405311584,0.12700000405311584,100000
2018-03-15,0.13199999928474426,0.13199999928474426,0.13500000536441803,0.12600000202655792,0.13300000131130219,380000
2018-03-16,0.13099999725818634,0.13099999725818634,0.14000000059604645,0.11599999666213989,0.13600000739097595,730000
2018-03-19,0.125,0.125,0.12600000202655792,0.11100000143051147,0.11100000143051147,550000
2018-03-20,0.12099999934434891,0.12099999934434891,0.125,0.10899999737739563,0.10999999940395355,420000
2018-03-21,0.12800000607967377,0.12800000607967377,0.12800000607967377,0.12300000339746475,0.12300000339746475,30000
2018-03-22,0.12700000405311584,0.12700000405311584,0.12700000405311584,0.12700000405311584,0.12700000405311584,0
2018-03-23,0.13199999928474426,0.13199999928474426,0.13199999928474426,0.12300000339746475,0.12300000339746475,960000
2018-03-26,0.13199999928474426,0.13199999928474426,0.13199999928474426,0.13199999928474426,0.13199999928474426,0
2018-03-27,0.1379999965429306,0.1379999965429306,0.1379999965429306,0.1379999965429306,0.1379999965429306,0
2018-03-28,0.1379999965429306,0.1379999965429306,0.1379999965429306,0.1379999965429306,0.1379999965429306,0
2018-03-29,0.1379999965429306,0.1379999965429306,0.1379999965429306,0.1379999965429306,0.1379999965429306,0
2018-04-03,0.1379999965429306,0.1379999965429306,0.1379999965429306,0.1379999965429306,0.1379999965429306,0
2018-04-04,0.13600000739097595,0.13600000739097595,0.13600000739097595,0.13600000739097595,0.13600000739097595,0
2018-04-06,0.13600000739097595,0.13600000739097595,0.13600000739097595,0.13600000739097595,0.13600000739097595,0
2018-04-09,0.1420000046491623,0.1420000046491623,0.14399999380111694,0.1379999965429306,0.1379999965429306,400000
2018-04-10,0.1420000046491623,0.1420000046491623,0.1420000046491623,0.13199999928474426,0.1420000046491623,100000
2018-04-11,0.14800000190734863,0.14800000190734863,0.14800000190734863,0.1379999965429306,0.14100000262260437,1060000
2018-04-12,0.14800000190734863,0.14800000190734863,0.15000000596046448,0.14000000059604645,0.14800000190734863,1240000
2018-04-13,0.15000000596046448,0.15000000596046448,0.15000000596046448,0.15000000596046448,0.15000000596046448,20000
2018-04-16,0.14800000190734863,0.14800000190734863,0.14800000190734863,0.14800000190734863,0.14800000190734863,160000
2018-04-17,0.15000000596046448,0.15000000596046448,0.15000000596046448,0.15000000596046448,0.15000000596046448,0
2018-04-18,0.15000000596046448,0.15000000596046448,0.15000000596046448,0.15000000596046448,0.15000000596046448,0
2018-04-19,0.15000000596046448,0.15000000596046448,0.15000000596046448,0.15000000596046448,0.15000000596046448,0
2018-04-20,0.15000000596046448,0.15000000596046448,0.15000000596046448,0.15000000596046448,0.15000000596046448,0
2018-04-23,0.15000000596046448,0.15000000596046448,0.15000000596046448,0.15000000596046448,0.15000000596046448,0
2018-04-24,0.14000000059604645,0.14000000059604645,0.14300000667572021,0.13899999856948853,0.14300000667572021,280000
2018-04-25,0.14800000190734863,0.14800000190734863,0.14800000190734863,0.14800000190734863,0.14800000190734863,0
2018-04-26,0.14800000190734863,0.14800000190734863,0.14800000190734863,0.14800000190734863,0.14800000190734863,0
2018-04-27,0.14800000190734863,0.14800000190734863,0.14800000190734863,0.14800000190734863,0.14800000190734863,0
2018-04-30,0.1469999998807907,0.1469999998807907,0.1469999998807907,0.1469999998807907,0.1469999998807907,0
2018-05-02,0.1469999998807907,0.1469999998807907,0.1469999998807907,0.1469999998807907,0.1469999998807907,0
2018-05-03,0.1469999998807907,0.1469999998807907,0.1469999998807907,0.14499999582767487,0.14499999582767487,50000
2018-05-04,0.1469999998807907,0.1469999998807907,0.1469999998807907,0.1469999998807907,0.1469999998807907,0
2018-05-07,0.1469999998807907,0.1469999998807907,0.1469999998807907,0.1469999998807907,0.1469999998807907,0
2018-05-08,0.1469999998807907,0.1469999998807907,0.1469999998807907,0.1469999998807907,0.1469999998807907,0
2018-05-09,0.1469999998807907,0.1469999998807907,0.1469999998807907,0.1469999998807907,0.1469999998807907,0
2018-05-10,0.14900000393390656,0.14900000393390656,0.14900000393390656,0.14900000393390656,0.14900000393390656,20000
2018-05-11,0.14900000393390656,0.14900000393390656,0.14900000393390656,0.14900000393390656,0.14900000393390656,0
2018-05-14,0.14900000393390656,0.14900000393390656,0.14900000393390656,0.14900000393390656,0.14900000393390656,0
2018-05-15,0.14000000059604645,0.14000000059604645,0.14000000059604645,0.14000000059604645,0.14000000059604645,0
2018-05-16,0.14000000059604645,0.14000000059604645,0.14000000059604645,0.14000000059604645,0.14000000059604645,0
2018-05-17,0.14000000059604645,0.14000000059604645,0.14000000059604645,0.14000000059604645,0.14000000059604645,0
2018-05-18,0.14000000059604645,0.14000000059604645,0.14000000059604645,0.14000000059604645,0.14000000059604645,0
2018-05-21,0.14499999582767487,0.14499999582767487,0.14800000190734863,0.14499999582767487,0.1469999998807907,970000
2018-05-23,0.14499999582767487,0.14499999582767487,0.14499999582767487,0.14499999582767487,0.14499999582767487,0
2018-05-24,0.14499999582767487,0.14499999582767487,0.14499999582767487,0.14499999582767487,0.14499999582767487,0
2018-05-25,0.14499999582767487,0.14499999582767487,0.14499999582767487,0.14499999582767487,0.14499999582767487,0
2018-05-28,0.14300000667572021,0.14300000667572021,0.14300000667572021,0.14300000667572021,0.14300000667572021,0
2018-05-29,0.14300000667572021,0.14300000667572021,0.14300000667572021,0.14300000667572021,0.14300000667572021,0
2018-05-30,0.14300000667572021,0.14300000667572021,0.14300000667572021,0.14300000667572021,0.14300000667572021,0
2018-05-31,0.12999999523162842,0.12999999523162842,0.12999999523162842,0.12999999523162842,0.12999999523162842,20000
2018-06-01,0.14300000667572021,0.14300000667572021,0.14399999380111694,0.11999999731779099,0.13500000536441803,1400000
2018-06-04,0.1420000046491623,0.1420000046491623,0.1420000046491623,0.1420000046491623,0.1420000046491623,0
2018-06-05,0.1420000046491623,0.1420000046491623,0.1420000046491623,0.1420000046491623,0.1420000046491623,0
2018-06-06,0.14000000059604645,0.14000000059604645,0.14000000059604645,0.14000000059604645,0.14000000059604645,0
2018-06-07,0.14000000059604645,0.14000000059604645,0.14000000059604645,0.14000000059604645,0.14000000059604645,0
2018-06-08,0.14300000667572021,0.14300000667572021,0.14300000667572021,0.14300000667572021,0.14300000667572021,0
2018-06-11,0.14300000667572021,0.14300000667572021,0.14300000667572021,0.14300000667572021,0.14300000667572021,0
2018-06-12,0.1379999965429306,0.1379999965429306,0.13899999856948853,0.12300000339746475,0.12300000339746475,870000
2018-06-13,0.1379999965429306,0.1379999965429306,0.1379999965429306,0.1379999965429306,0.1379999965429306,0
2018-06-14,0.13899999856948853,0.13899999856948853,0.13899999856948853,0.12999999523162842,0.12999999523162842,110000
2018-06-15,0.13899999856948853,0.13899999856948853,0.13899999856948853,0.13899999856948853,0.13899999856948853,0
2018-06-19,0.13899999856948853,0.13899999856948853,0.13899999856948853,0.13899999856948853,0.13899999856948853,0
2018-06-20,0.1379999965429306,0.1379999965429306,0.14000000059604645,0.13699999451637268,0.1379999965429306,330000
2018-06-21,0.1379999965429306,0.1379999965429306,0.1379999965429306,0.1379999965429306,0.1379999965429306,0
2018-06-22,0.125,0.125,0.12600000202655792,0.125,0.12600000202655792,160000
2018-06-25,0.1379999965429306,0.1379999965429306,0.14399999380111694,0.13699999451637268,0.13699999451637268,350000
2018-06-26,0.1379999965429306,0.1379999965429306,0.1379999965429306,0.1379999965429306,0.1379999965429306,0
2018-06-27,0.1379999965429306,0.1379999965429306,0.1379999965429306,0.13699999451637268,0.13699999451637268,80000
2018-06-28,0.14399999380111694,0.14399999380111694,0.14800000190734863,0.12200000137090683,0.12200000137090683,3200000
2018-06-29,0.14900000393390656,0.14900000393390656,0.15000000596046448,0.1420000046491623,0.14900000393390656,620000
2018-07-03,0.1469999998807907,0.1469999998807907,0.15000000596046448,0.13500000536441803,0.15000000596046448,1360000
2018-07-04,0.14800000190734863,0.14800000190734863,0.14800000190734863,0.13899999856948853,0.14100000262260437,1840000
2018-07-05,0.12999999523162842,0.12999999523162842,0.15399999916553497,0.12300000339746475,0.15199999511241913,3430000
2018-07-06,0.14399999380111694,0.14399999380111694,0.14900000393390656,0.1340000033378601,0.1340000033378601,2560000
2018-07-09,0.14000000059604645,0.14000000059604645,0.14900000393390656,0.13699999451637268,0.14900000393390656,1180000
2018-07-10,0.1420000046491623,0.1420000046491623,0.1550000011920929,0.13699999451637268,0.14000000059604645,670000
2018-07-11,0.14399999380111694,0.14399999380111694,0.1469999998807907,0.1379999965429306,0.13899999856948853,530000
2018-07-12,0.13899999856948853,0.13899999856948853,0.13899999856948853,0.1340000033378601,0.1340000033378601,320000
2018-07-13,0.13899999856948853,0.13899999856948853,0.1420000046491623,0.13899999856948853,0.1420000046491623,310000
2018-07-16,0.1379999965429306,0.1379999965429306,0.15000000596046448,0.13500000536441803,0.14900000393390656,1170000
2018-07-17,0.14000000059604645,0.14000000059604645,0.14800000190734863,0.13500000536441803,0.1379999965429306,900000
2018-07-18,0.13899999856948853,0.13899999856948853,0.13899999856948853,0.13899999856948853,0.13899999856948853,0
2018-07-19,0.13699999451637268,0.13699999451637268,0.13500000536441803,0.12999999523162842,0.13099999725818634,340000
2018-07-20,0.14000000059604645,0.14000000059604645,0.14000000059604645,0.1289999932050705,0.12999999523162842,700000
2018-07-23,0.14000000059604645,0.14000000059604645,0.14000000059604645,0.14000000059604645,0.14000000059604645,0
2018-07-24,0.1379999965429306,0.1379999965429306,0.14900000393390656,0.12999999523162842,0.14900000393390656,320000
2018-07-25,0.13300000131130219,0.13300000131130219,0.13300000131130219,0.12600000202655792,0.12800000607967377,610000
2018-07-26,0.1289999932050705,0.1289999932050705,0.12999999523162842,0.12099999934434891,0.12600000202655792,250000
2018-07-27,0.125,0.125,0.125,0.11400000005960464,0.11400000005960464,240000
2018-07-30,0.12600000202655792,0.12600000202655792,0.12600000202655792,0.12600000202655792,0.12600000202655792,0
2018-07-31,0.12700000405311584,0.12700000405311584,0.12700000405311584,0.12399999797344208,0.12399999797344208,400000
2018-08-01,0.12700000405311584,0.12700000405311584,0.12700000405311584,0.12700000405311584,0.12700000405311584,0
2018-08-02,0.12600000202655792,0.12600000202655792,0.12600000202655792,0.12600000202655792,0.12600000202655792,0
2018-08-03,0.12600000202655792,0.12600000202655792,0.12600000202655792,0.12600000202655792,0.12600000202655792,0
2018-08-06,0.12600000202655792,0.12600000202655792,0.12700000405311584,0.12600000202655792,0.12700000405311584,200000
2018-08-07,0.12800000607967377,0.12800000607967377,0.12800000607967377,0.12800000607967377,0.12800000607967377,0
2018-08-08,0.12800000607967377,0.12800000607967377,0.12800000607967377,0.12800000607967377,0.12800000607967377,0
2018-08-09,0.13600000739097595,0.13600000739097595,0.13600000739097595,0.12800000607967377,0.12800000607967377,100000
2018-08-10,0.13600000739097595,0.13600000739097595,0.13600000739097595,0.13600000739097595,0.13600000739097595,0
2018-08-13,0.12800000607967377,0.12800000607967377,0.13099999725818634,0.11500000208616257,0.11599999666213989,920000
2018-08-14,0.12600000202655792,0.12600000202655792,0.12600000202655792,0.11599999666213989,0.11599999666213989,50000
2018-08-15,0.12399999797344208,0.12399999797344208,0.12399999797344208,0.12399999797344208,0.12399999797344208,0
2018-08-16,0.12300000339746475,0.12300000339746475,0.12800000607967377,0.10499999672174454,0.12399999797344208,380000
2018-08-17,0.12200000137090683,0.12200000137090683,0.12300000339746475,0.11999999731779099,0.11999999731779099,70000
2018-08-20,0.11900000274181366,0.11900000274181366,0.11699999868869781,0.0989999994635582,0.10499999672174454,360000
2018-08-21,0.11900000274181366,0.11900000274181366,0.11900000274181366,0.11900000274181366,0.11900000274181366,0
2018-08-22,0.11900000274181366,0.11900000274181366,0.11900000274181366,0.11900000274181366,0.11900000274181366,0
2018-08-23,0.12399999797344208,0.12399999797344208,0.12399999797344208,0.12399999797344208,0.12399999797344208,10000
2018-08-24,0.12300000339746475,0.12300000339746475,0.12300000339746475,0.12300000339746475,0.12300000339746475,0
2018-08-27,0.12300000339746475,0.12300000339746475,0.12300000339746475,0.12300000339746475,0.12300000339746475,0
2018-08-28,0.11999999731779099,0.11999999731779099,0.12099999934434891,0.09300000220537186,0.09300000220537186,250000
2018-08-29,0.11599999666213989,0.11599999666213989,0.11599999666213989,0.11599999666213989,0.11599999666213989,0
2018-08-30,0.11599999666213989,0.11599999666213989,0.11599999666213989,0.11599999666213989,0.11599999666213989,0
2018-08-31,0.11599999666213989,0.11599999666213989,0.11599999666213989,0.11599999666213989,0.11599999666213989,0
2018-09-03,0.11599999666213989,0.11599999666213989,0.11599999666213989,0.11599999666213989,0.11599999666213989,0
2018-09-04,0.11599999666213989,0.11599999666213989,0.11599999666213989,0.11599999666213989,0.11599999666213989,0
2018-09-05,0.11699999868869781,0.11699999868869781,0.11699999868869781,0.11699999868869781,0.11699999868869781,540000
2018-09-06,0.11699999868869781,0.11699999868869781,0.11699999868869781,0.11699999868869781,0.11699999868869781,0
2018-09-07,0.11699999868869781,0.11699999868869781,0.11699999868869781,0.11699999868869781,0.11699999868869781,0
2018-09-10,0.11699999868869781,0.11699999868869781,0.11699999868869781,0.11699999868869781,0.11699999868869781,0
2018-09-11,0.11699999868869781,0.11699999868869781,0.11699999868869781,0.11699999868869781,0.11699999868869781,0
2018-09-12,0.11699999868869781,0.11699999868869781,0.11699999868869781,0.11699999868869781,0.11699999868869781,0
2018-09-13,0.1080000028014183,0.1080000028014183,0.1080000028014183,0.10700000077486038,0.10700000077486038,550000
2018-09-14,0.1080000028014183,0.1080000028014183,0.1080000028014183,0.1080000028014183,0.1080000028014183,0
2018-09-17,0.1080000028014183,0.1080000028014183,0.1080000028014183,0.1080000028014183,0.1080000028014183,0
2018-09-18,0.1080000028014183,0.1080000028014183,0.1080000028014183,0.1080000028014183,0.1080000028014183,100000
2018-09-19,0.09799999743700027,0.09799999743700027,0.10899999737739563,0.0949999988079071,0.09799999743700027,900000
2018-09-20,0.10300000011920929,0.10300000011920929,0.10300000011920929,0.09600000083446503,0.09600000083446503,190000
2018-09-21,0.10100000351667404,0.10100000351667404,0.10100000351667404,0.10100000351667404,0.10100000351667404,340000
2018-09-24,0.10100000351667404,0.10100000351667404,0.10100000351667404,0.10100000351667404,0.10100000351667404,0
2018-09-26,0.08299999684095383,0.08299999684095383,0.11100000143051147,0.08299999684095383,0.0860000029206276,1970000
2018-09-27,0.09000000357627869,0.09000000357627869,0.09000000357627869,0.07000000029802322,0.08299999684095383,2110000
2018-09-28,0.07000000029802322,0.07000000029802322,0.07800000160932541,0.06599999964237213,0.07100000232458115,2500000
2018-10-02,0.0560000017285347,0.0560000017285347,0.057999998331069946,0.054999999701976776,0.0560000017285347,3190000
2018-10-03,0.05700000002980232,0.05700000002980232,0.05900000035762787,0.057999998331069946,0.057999998331069946,2120000
2018-10-04,0.07100000232458115,0.07100000232458115,0.07400000095367432,0.0560000017285347,0.05999999865889549,10120000
2018-10-05,0.06499999761581421,0.06499999761581421,0.07000000029802322,0.06300000101327896,0.07000000029802322,2620000
2018-10-08,0.0689999982714653,0.0689999982714653,0.0820000022649765,0.05999999865889549,0.0820000022649765,3540000
2018-10-09,0.06499999761581421,0.06499999761581421,0.06499999761581421,0.06499999761581421,0.06499999761581421,0
2018-10-10,0.05000000074505806,0.05000000074505806,0.08100000023841858,0.05000000074505806,0.08100000023841858,3590000
2018-10-11,0.050999999046325684,0.050999999046325684,0.054999999701976776,0.052000001072883606,0.052000001072883606,1130000
2018-10-12,0.04800000041723251,0.04800000041723251,0.04800000041723251,0.04600000008940697,0.04699999839067459,170000
2018-10-15,0.04399999976158142,0.04399999976158142,0.05000000074505806,0.04399999976158142,0.04800000041723251,2490000
2018-10-16,0.04500000178813934,0.04500000178813934,0.04500000178813934,0.04500000178813934,0.04500000178813934,870000
2018-10-18,0.04500000178813934,0.04500000178813934,0.04500000178813934,0.04500000178813934,0.04500000178813934,120000
2018-10-19,0.050999999046325684,0.050999999046325684,0.05299999937415123,0.04500000178813934,0.04500000178813934,5140000
2018-10-22,0.050999999046325684,0.050999999046325684,0.050999999046325684,0.05000000074505806,0.05000000074505806,2130000
2018-10-23,0.05000000074505806,0.05000000074505806,0.05000000074505806,0.04500000178813934,0.04600000008940697,1120000
2018-10-24,0.05900000035762787,0.05900000035762787,0.06400000303983688,0.04600000008940697,0.04600000008940697,1450000
2018-10-25,0.06599999964237213,0.06599999964237213,0.07199999690055847,0.05999999865889549,0.05999999865889549,5620000
2018-10-26,0.06499999761581421,0.06499999761581421,0.06499999761581421,0.057999998331069946,0.06199999898672104,1060000
2018-10-29,0.06300000101327896,0.06300000101327896,0.06400000303983688,0.06199999898672104,0.06199999898672104,410000
2018-10-30,0.06499999761581421,0.06499999761581421,0.06599999964237213,0.054999999701976776,0.054999999701976776,710000
2018-10-31,0.07000000029802322,0.07000000029802322,0.0729999989271164,0.07000000029802322,0.07000000029802322,1470000
2018-11-01,0.07100000232458115,0.07100000232458115,0.07500000298023224,0.06599999964237213,0.07000000029802322,440000
2018-11-02,0.09300000220537186,0.09300000220537186,0.09399999678134918,0.07699999958276749,0.07699999958276749,1330000
2018-11-05,0.14900000393390656,0.14900000393390656,0.15000000596046448,0.09600000083446503,0.09600000083446503,6300000
2018-11-06,0.1420000046491623,0.1420000046491623,0.16200000047683716,0.1379999965429306,0.15000000596046448,2590000
2018-11-07,0.13199999928474426,0.13199999928474426,0.15000000596046448,0.12700000405311584,0.1420000046491623,2250000
2018-11-08,0.14499999582767487,0.14499999582767487,0.14900000393390656,0.1289999932050705,0.13300000131130219,1990000
2018-11-09,0.16099999845027924,0.16099999845027924,0.16500000655651093,0.14800000190734863,0.1550000011920929,5190000
2018-11-12,0.1599999964237213,0.1599999964237213,0.16099999845027924,0.15000000596046448,0.16099999845027924,1940000
2018-11-13,0.17100000381469727,0.17100000381469727,0.17499999701976776,0.16300000250339508,0.16300000250339508,2860000
2018-11-14,0.17100000381469727,0.17100000381469727,0.1720000058412552,0.17000000178813934,0.17100000381469727,1460000
2018-11-15,0.1679999977350235,0.1679999977350235,0.16899999976158142,0.1679999977350235,0.1679999977350235,1880000
2018-11-16,0.1679999977350235,0.1679999977350235,0.1679999977350235,0.1679999977350235,0.1679999977350235,0
2018-11-19,0.1679999977350235,0.1679999977350235,0.1679999977350235,0.1679999977350235,0.1679999977350235,0
2018-11-20,0.17900000512599945,0.17900000512599945,0.18000000715255737,0.17000000178813934,0.17000000178813934,1280000
2018-11-21,0.17800000309944153,0.17800000309944153,0.17800000309944153,0.17800000309944153,0.17800000309944153,0
2018-11-22,0.17000000178813934,0.17000000178813934,0.17800000309944153,0.17000000178813934,0.17800000309944153,670000
2018-11-23,0.17000000178813934,0.17000000178813934,0.17800000309944153,0.17000000178813934,0.17000000178813934,30000
2018-11-26,0.1589999943971634,0.1589999943971634,0.16599999368190765,0.10400000214576721,0.10400000214576721,780000
2018-11-27,0.16599999368190765,0.16599999368190765,0.16599999368190765,0.16599999368190765,0.16599999368190765,0
2018-11-28,0.16599999368190765,0.16599999368190765,0.16599999368190765,0.16599999368190765,0.16599999368190765,0
2018-11-29,0.15000000596046448,0.15000000596046448,0.1550000011920929,0.1550000011920929,0.1550000011920929,70000
2018-11-30,0.15000000596046448,0.15000000596046448,0.1550000011920929,0.15000000596046448,0.1550000011920929,550000
2018-12-03,0.14800000190734863,0.14800000190734863,0.14800000190734863,0.14800000190734863,0.14800000190734863,300000
2018-12-04,0.14800000190734863,0.14800000190734863,0.14800000190734863,0.14800000190734863,0.14800000190734863,0
2018-12-05,0.14800000190734863,0.14800000190734863,0.14800000190734863,0.14800000190734863,0.14800000190734863,0
2018-12-06,0.14800000190734863,0.14800000190734863,0.14800000190734863,0.14800000190734863,0.14800000190734863,0
2018-12-07,0.14800000190734863,0.14800000190734863,0.14800000190734863,0.14800000190734863,0.14800000190734863,510000
2018-12-10,0.14800000190734863,0.14800000190734863,0.14800000190734863,0.14800000190734863,0.14800000190734863,0
2018-12-11,0.14800000190734863,0.14800000190734863,0.14800000190734863,0.14800000190734863,0.14800000190734863,0
2018-12-12,0.14800000190734863,0.14800000190734863,0.14800000190734863,0.14800000190734863,0.14800000190734863,0
2018-12-13,0.14800000190734863,0.14800000190734863,0.14800000190734863,0.14800000190734863,0.14800000190734863,0
2018-12-14,0.14800000190734863,0.14800000190734863,0.14800000190734863,0.14800000190734863,0.14800000190734863,0
2018-12-17,0.14800000190734863,0.14800000190734863,0.14800000190734863,0.14800000190734863,0.14800000190734863,0
2018-12-18,0.14800000190734863,0.14800000190734863,0.14800000190734863,0.14800000190734863,0.14800000190734863,0
2018-12-19,0.14000000059604645,0.14000000059604645,0.14000000059604645,0.14000000059604645,0.14000000059604645,0
2018-12-20,0.14000000059604645,0.14000000059604645,0.14000000059604645,0.14000000059604645,0.14000000059604645,0
2018-12-21,0.14000000059604645,0.14000000059604645,0.14000000059604645,0.13899999856948853,0.13899999856948853,120000
2018-12-24,0.14000000059604645,0.14000000059604645,0.14000000059604645,0.14000000059604645,0.14000000059604645,0
2018-12-27,0.14000000059604645,0.14000000059604645,0.14000000059604645,0.14000000059604645,0.14000000059604645,0
2018-12-28,0.14000000059604645,0.14000000059604645,0.14000000059604645,0.14000000059604645,0.14000000059604645,0
2018-12-31,0.14000000059604645,0.14000000059604645,0.14000000059604645,0.14000000059604645,0.14000000059604645,0
2019-01-02,0.14000000059604645,0.14000000059604645,0.14000000059604645,0.14000000059604645,0.14000000059604645,0
2019-01-03,0.14000000059604645,0.14000000059604645,0.14000000059604645,0.14000000059604645,0.14000000059604645,0
2019-01-04,0.14000000059604645,0.14000000059604645,0.14000000059604645,0.14000000059604645,0.14000000059604645,0
2019-01-07,0.14000000059604645,0.14000000059604645,0.14000000059604645,0.14000000059604645,0.14000000059604645,0
2019-01-08,0.14000000059604645,0.14000000059604645,0.14000000059604645,0.14000000059604645,0.14000000059604645,0
2019-01-09,0.14000000059604645,0.14000000059604645,0.14000000059604645,0.14000000059604645,0.14000000059604645,0
2019-01-10,0.14000000059604645,0.14000000059604645,0.14000000059604645,0.14000000059604645,0.14000000059604645,0
2019-01-11,0.12999999523162842,0.12999999523162842,0.15000000596046448,0.12999999523162842,0.12999999523162842,1000000
2019-01-14,0.12999999523162842,0.12999999523162842,0.12999999523162842,0.12999999523162842,0.12999999523162842,0
2019-01-15,0.12999999523162842,0.12999999523162842,0.12999999523162842,0.12999999523162842,0.12999999523162842,0
2019-01-16,0.12999999523162842,0.12999999523162842,0.12999999523162842,0.12999999523162842,0.12999999523162842,0
2019-01-17,0.125,0.125,0.125,0.11999999731779099,0.11999999731779099,280000
2019-01-18,0.125,0.125,0.125,0.125,0.125,0
2019-01-21,0.125,0.125,0.125,0.125,0.125,110000
2019-01-22,0.125,0.125,0.125,0.125,0.125,410000
2019-01-23,0.125,0.125,0.125,0.125,0.125,120000
2019-01-24,0.14000000059604645,0.14000000059604645,0.14000000059604645,0.14000000059604645,0.14000000059604645,0
2019-01-25,0.14000000059604645,0.14000000059604645,0.14000000059604645,0.14000000059604645,0.14000000059604645,0
2019-01-28,0.15000000596046448,0.15000000596046448,0.15000000596046448,0.12999999523162842,0.12999999523162842,150000
2019-01-29,0.14499999582767487,0.14499999582767487,0.14800000190734863,0.14000000059604645,0.14499999582767487,260000
2019-01-30,0.14000000059604645,0.14000000059604645,0.14000000059604645,0.14000000059604645,0.14000000059604645,0
2019-01-31,0.14000000059604645,0.14000000059604645,0.14000000059604645,0.14000000059604645,0.14000000059604645,0
2019-02-01,0.1420000046491623,0.1420000046491623,0.1420000046491623,0.10999999940395355,0.14000000059604645,240000
2019-02-04,0.1420000046491623,0.1420000046491623,0.1420000046491623,0.1420000046491623,0.1420000046491623,0
2019-02-08,0.14000000059604645,0.14000000059604645,0.14000000059604645,0.14000000059604645,0.14000000059604645,0
2019-02-11,0.14000000059604645,0.14000000059604645,0.14000000059604645,0.14000000059604645,0.14000000059604645,0
2019-02-12,0.14800000190734863,0.14800000190734863,0.14800000190734863,0.14000000059604645,0.14300000667572021,1010000
2019-02-13,0.14800000190734863,0.14800000190734863,0.14800000190734863,0.14800000190734863,0.14800000190734863,0
2019-02-14,0.14000000059604645,0.14000000059604645,0.14000000059604645,0.14000000059604645,0.14000000059604645,0
2019-02-15,0.14000000059604645,0.14000000059604645,0.14000000059604645,0.14000000059604645,0.14000000059604645,30000
2019-02-18,0.14499999582767487,0.14499999582767487,0.14499999582767487,0.12999999523162842,0.12999999523162842,60000
2019-02-19,0.14000000059604645,0.14000000059604645,0.14000000059604645,0.14000000059604645,0.14000000059604645,0
2019-02-20,0.14499999582767487,0.14499999582767487,0.14499999582767487,0.14499999582767487,0.14499999582767487,10000
2019-02-21,0.14499999582767487,0.14499999582767487,0.14499999582767487,0.14499999582767487,0.14499999582767487,0
2019-02-22,0.14000000059604645,0.14000000059604645,0.14000000059604645,0.14000000059604645,0.14000000059604645,0
2019-02-25,0.14399999380111694,0.14399999380111694,0.14800000190734863,0.14000000059604645,0.14000000059604645,550000
2019-02-26,0.14399999380111694,0.14399999380111694,0.14399999380111694,0.14399999380111694,0.14399999380111694,0
2019-02-27,0.14000000059604645,0.14000000059604645,0.14000000059604645,0.14000000059604645,0.14000000059604645,0
2019-02-28,0.14800000190734863,0.14800000190734863,0.14800000190734863,0.0820000022649765,0.0820000022649765,30000
2019-03-01,0.1459999978542328,0.1459999978542328,0.1459999978542328,0.08699999749660492,0.08699999749660492,340000
2019-03-04,0.1459999978542328,0.1459999978542328,0.1459999978542328,0.1459999978542328,0.1459999978542328,0
2019-03-05,0.1459999978542328,0.1459999978542328,0.1459999978542328,0.1459999978542328,0.1459999978542328,0
2019-03-06,0.14000000059604645,0.14000000059604645,0.14000000059604645,0.14000000059604645,0.14000000059604645,0
2019-03-07,0.14000000059604645,0.14000000059604645,0.14000000059604645,0.14000000059604645,0.14000000059604645,0
2019-03-08,0.14000000059604645,0.14000000059604645,0.14000000059604645,0.14000000059604645,0.14000000059604645,0
2019-03-11,0.14000000059604645,0.14000000059604645,0.14000000059604645,0.14000000059604645,0.14000000059604645,0
2019-03-12,0.14000000059604645,0.14000000059604645,0.14000000059604645,0.14000000059604645,0.14000000059604645,0
2019-03-13,0.14000000059604645,0.14000000059604645,0.14000000059604645,0.14000000059604645,0.14000000059604645,0
2019-03-14,0.14000000059604645,0.14000000059604645,0.14000000059604645,0.14000000059604645,0.14000000059604645,0
2019-03-15,0.1379999965429306,0.1379999965429306,0.1379999965429306,0.1379999965429306,0.1379999965429306,20000
2019-03-18,0.1379999965429306,0.1379999965429306,0.1379999965429306,0.1379999965429306,0.1379999965429306,0
2019-03-19,0.1379999965429306,0.1379999965429306,0.1379999965429306,0.1379999965429306,0.1379999965429306,0
2019-03-20,0.1379999965429306,0.1379999965429306,0.1379999965429306,0.1379999965429306,0.1379999965429306,0
2019-03-21,0.1379999965429306,0.1379999965429306,0.1379999965429306,0.1379999965429306,0.1379999965429306,0
2019-03-22,0.1379999965429306,0.1379999965429306,0.1379999965429306,0.1379999965429306,0.1379999965429306,0
2019-03-25,0.1379999965429306,0.1379999965429306,0.1379999965429306,0.1379999965429306,0.1379999965429306,0
2019-03-26,0.13899999856948853,0.13899999856948853,0.13899999856948853,0.10100000351667404,0.10100000351667404,60000
2019-03-27,0.13899999856948853,0.13899999856948853,0.13899999856948853,0.13899999856948853,0.13899999856948853,0
2019-03-28,0.13899999856948853,0.13899999856948853,0.13899999856948853,0.13899999856948853,0.13899999856948853,0
2019-03-29,0.1379999965429306,0.1379999965429306,0.13899999856948853,0.1379999965429306,0.13899999856948853,110000
2019-04-01,0.1379999965429306,0.1379999965429306,0.1379999965429306,0.1379999965429306,0.1379999965429306,0
2019-04-02,0.1379999965429306,0.1379999965429306,0.1379999965429306,0.1379999965429306,0.1379999965429306,0
2019-04-03,0.1379999965429306,0.1379999965429306,0.1379999965429306,0.1379999965429306,0.1379999965429306,0
2019-04-04,0.14000000059604645,0.14000000059604645,0.14000000059604645,0.14000000059604645,0.14000000059604645,0
2019-04-08,0.14800000190734863,0.14800000190734863,0.14800000190734863,0.12999999523162842,0.13899999856948853,440000
2019-04-09,0.14000000059604645,0.14000000059604645,0.14000000059604645,0.14000000059604645,0.14000000059604645,660000
2019-04-10,0.1420000046491623,0.1420000046491623,0.1420000046491623,0.1420000046491623,0.1420000046491623,0
2019-04-11,0.1459999978542328,0.1459999978542328,0.1459999978542328,0.1420000046491623,0.1420000046491623,910000
2019-04-12,0.14499999582767487,0.14499999582767487,0.1459999978542328,0.14499999582767487,0.1459999978542328,380000
2019-04-15,0.14499999582767487,0.14499999582767487,0.14499999582767487,0.14499999582767487,0.14499999582767487,0
2019-04-16,0.14499999582767487,0.14499999582767487,0.14499999582767487,0.14499999582767487,0.14499999582767487,0
2019-04-17,0.14499999582767487,0.14499999582767487,0.14499999582767487,0.14499999582767487,0.14499999582767487,0
2019-04-18,0.14499999582767487,0.14499999582767487,0.14499999582767487,0.14499999582767487,0.14499999582767487,0
2019-04-23,0.14499999582767487,0.14499999582767487,0.14499999582767487,0.14499999582767487,0.14499999582767487,0
2019-04-24,0.14399999380111694,0.14399999380111694,0.14399999380111694,0.14399999380111694,0.14399999380111694,0
2019-04-25,0.14399999380111694,0.14399999380111694,0.14399999380111694,0.14399999380111694,0.14399999380111694,0
2019-04-26,0.14000000059604645,0.14000000059604645,0.14000000059604645,0.14000000059604645,0.14000000059604645,0
2019-04-29,0.14000000059604645,0.14000000059604645,0.14000000059604645,0.12999999523162842,0.13099999725818634,1010000
2019-04-30,0.14300000667572021,0.14300000667572021,0.14300000667572021,0.14300000667572021,0.14300000667572021,0
2019-05-02,0.14300000667572021,0.14300000667572021,0.14300000667572021,0.14300000667572021,0.14300000667572021,0
2019-05-03,0.14399999380111694,0.14399999380111694,0.14499999582767487,0.14399999380111694,0.14499999582767487,210000
2019-05-06,0.14000000059604645,0.14000000059604645,0.14000000059604645,0.14000000059604645,0.14000000059604645,0
2019-05-07,0.14000000059604645,0.14000000059604645,0.14000000059604645,0.14000000059604645,0.14000000059604645,0
2019-05-08,0.14300000667572021,0.14300000667572021,0.14300000667572021,0.14300000667572021,0.14300000667572021,0
2019-05-09,0.14100000262260437,0.14100000262260437,0.1420000046491623,0.1420000046491623,0.1420000046491623,600000
2019-05-10,0.1420000046491623,0.1420000046491623,0.1420000046491623,0.1420000046491623,0.1420000046491623,0
2019-05-14,0.1420000046491623,0.1420000046491623,0.1420000046491623,0.1420000046491623,0.1420000046491623,0
2019-05-15,0.14300000667572021,0.14300000667572021,0.14399999380111694,0.14000000059604645,0.14000000059604645,740000
2019-05-16,0.14100000262260437,0.14100000262260437,0.14100000262260437,0.14100000262260437,0.14100000262260437,0
2019-05-17,0.14100000262260437,0.14100000262260437,0.14100000262260437,0.14100000262260437,0.14100000262260437,0
2019-05-20,0.1379999965429306,0.1379999965429306,0.1379999965429306,0.1379999965429306,0.1379999965429306,0
2019-05-21,0.1379999965429306,0.1379999965429306,0.1379999965429306,0.1379999965429306,0.1379999965429306,0
2019-05-22,0.1379999965429306,0.1379999965429306,0.1379999965429306,0.1379999965429306,0.1379999965429306,0
2019-05-23,0.1379999965429306,0.1379999965429306,0.1379999965429306,0.1379999965429306,0.1379999965429306,0
2019-05-24,0.1379999965429306,0.1379999965429306,0.1379999965429306,0.1379999965429306,0.1379999965429306,0
2019-05-27,0.125,0.125,0.1379999965429306,0.1080000028014183,0.1379999965429306,1480000
2019-05-28,0.12600000202655792,0.12600000202655792,0.12600000202655792,0.12600000202655792,0.12600000202655792,0
2019-05-29,0.12600000202655792,0.12600000202655792,0.12600000202655792,0.12600000202655792,0.12600000202655792,0
2019-05-30,0.12700000405311584,0.12700000405311584,0.12700000405311584,0.12700000405311584,0.12700000405311584,0
2019-05-31,0.1289999932050705,0.1289999932050705,0.1289999932050705,0.12700000405311584,0.12700000405311584,1500000
2019-06-03,0.1289999932050705,0.1289999932050705,0.1289999932050705,0.1289999932050705,0.1289999932050705,480000
2019-06-04,0.12700000405311584,0.12700000405311584,0.12700000405311584,0.12700000405311584,0.12600000202655792,670000
2019-06-05,0.12700000405311584,0.12700000405311584,0.12700000405311584,0.12700000405311584,0.12700000405311584,0
2019-06-06,0.12700000405311584,0.12700000405311584,0.12700000405311584,0.12700000405311584,0.12700000405311584,0
2019-06-10,0.12700000405311584,0.12700000405311584,0.12700000405311584,0.12700000405311584,0.12700000405311584,0
2019-06-11,0.12700000405311584,0.12700000405311584,0.12700000405311584,0.12700000405311584,0.12700000405311584,0
2019-06-12,0.12600000202655792,0.12600000202655792,0.12600000202655792,0.12600000202655792,0.12600000202655792,130000
2019-06-13,0.12600000202655792,0.12600000202655792,0.12600000202655792,0.12600000202655792,0.12600000202655792,0
2019-06-14,0.10300000011920929,0.10300000011920929,0.10000000149011612,0.10000000149011612,0.10000000149011612,370000
2019-06-17,0.09399999678134918,0.09399999678134918,0.10300000011920929,0.07999999821186066,0.10300000011920929,960000
2019-06-18,0.07400000095367432,0.07400000095367432,0.07500000298023224,0.07199999690055847,0.0729999989271164,1130000
2019-06-19,0.07900000363588333,0.07900000363588333,0.08100000023841858,0.07699999958276749,0.07699999958276749,960000
2019-06-20,0.0820000022649765,0.0820000022649765,0.0820000022649765,0.07800000160932541,0.07800000160932541,880000
2019-06-21,0.0820000022649765,0.0820000022649765,0.0820000022649765,0.0820000022649765,0.0820000022649765,0
2019-06-24,0.07900000363588333,0.07900000363588333,0.07900000363588333,0.07900000363588333,0.07900000363588333,650000
2019-06-25,0.07900000363588333,0.07900000363588333,0.07900000363588333,0.07900000363588333,0.07900000363588333,0
2019-06-26,0.07900000363588333,0.07900000363588333,0.07900000363588333,0.07900000363588333,0.07900000363588333,50000
2019-06-27,0.09300000220537186,0.09300000220537186,0.0949999988079071,0.07999999821186066,0.07999999821186066,1220000
2019-06-28,0.09300000220537186,0.09300000220537186,0.09300000220537186,0.09300000220537186,0.09300000220537186,0
2019-07-02,0.0729999989271164,0.0729999989271164,0.07100000232458115,0.07100000232458115,0.07100000232458115,400000
2019-07-03,0.0729999989271164,0.0729999989271164,0.0729999989271164,0.0729999989271164,0.0729999989271164,0
2019-07-04,0.0729999989271164,0.0729999989271164,0.0729999989271164,0.0729999989271164,0.0729999989271164,0
2019-07-05,0.07900000363588333,0.07900000363588333,0.07900000363588333,0.07900000363588333,0.07900000363588333,70000
2019-07-08,0.07900000363588333,0.07900000363588333,0.07900000363588333,0.07900000363588333,0.07900000363588333,0
2019-07-09,0.07900000363588333,0.07900000363588333,0.07900000363588333,0.07900000363588333,0.07900000363588333,0
2019-07-10,0.07900000363588333,0.07900000363588333,0.07900000363588333,0.07900000363588333,0.07900000363588333,0
2019-07-11,0.07900000363588333,0.07900000363588333,0.07900000363588333,0.07900000363588333,0.07900000363588333,0
2019-07-12,0.07900000363588333,0.07900000363588333,0.07900000363588333,0.07900000363588333,0.07900000363588333,0
2019-07-15,0.07000000029802322,0.07000000029802322,0.07000000029802322,0.07000000029802322,0.07000000029802322,60000
2019-07-16,0.07800000160932541,0.07800000160932541,0.07800000160932541,0.07800000160932541,0.07800000160932541,0
2019-07-17,0.07800000160932541,0.07800000160932541,0.07800000160932541,0.07800000160932541,0.07800000160932541,0
2019-07-18,0.07800000160932541,0.07800000160932541,0.07800000160932541,0.07800000160932541,0.07800000160932541,0
2019-07-19,0.07800000160932541,0.07800000160932541,0.07800000160932541,0.07800000160932541,0.07800000160932541,0
2019-07-22,0.07800000160932541,0.07800000160932541,0.07800000160932541,0.07800000160932541,0.07800000160932541,0
2019-07-23,0.07800000160932541,0.07800000160932541,0.07800000160932541,0.07800000160932541,0.07800000160932541,0
2019-07-24,0.06499999761581421,0.06499999761581421,0.06300000101327896,0.06300000101327896,0.06300000101327896,660000
2019-07-25,0.06700000166893005,0.06700000166893005,0.06599999964237213,0.06599999964237213,0.06599999964237213,100000
2019-07-26,0.07199999690055847,0.07199999690055847,0.07500000298023224,0.07500000298023224,0.0689999982714653,110000
2019-07-29,0.06300000101327896,0.06300000101327896,0.06300000101327896,0.06300000101327896,0.06300000101327896,100000
2019-07-30,0.06300000101327896,0.06300000101327896,0.06300000101327896,0.06300000101327896,0.06300000101327896,0
2019-07-31,0.06300000101327896,0.06300000101327896,0.06300000101327896,0.06300000101327896,0.06300000101327896,0
2019-08-01,0.05999999865889549,0.05999999865889549,0.05999999865889549,0.05999999865889549,0.05999999865889549,140000
2019-08-02,0.05999999865889549,0.05999999865889549,0.061000000685453415,0.05999999865889549,0.05999999865889549,310000
2019-08-05,0.05999999865889549,0.05999999865889549,0.05999999865889549,0.05999999865889549,0.05999999865889549,0
2019-08-06,0.05900000035762787,0.05900000035762787,0.05900000035762787,0.05900000035762787,0.05900000035762787,100000
2019-08-07,0.05900000035762787,0.05900000035762787,0.05900000035762787,0.05900000035762787,0.05900000035762787,120000
2019-08-08,0.05900000035762787,0.05900000035762787,0.05900000035762787,0.05900000035762787,0.05900000035762787,0
2019-08-09,0.05900000035762787,0.05900000035762787,0.05900000035762787,0.05900000035762787,0.05900000035762787,0
2019-08-12,0.05900000035762787,0.05900000035762787,0.05900000035762787,0.05900000035762787,0.05900000035762787,0
2019-08-13,0.05900000035762787,0.05900000035762787,0.05900000035762787,0.05900000035762787,0.05900000035762787,0
2019-08-14,0.05900000035762787,0.05900000035762787,0.05900000035762787,0.05900000035762787,0.05900000035762787,0
2019-08-15,0.05900000035762787,0.05900000035762787,0.05900000035762787,0.05900000035762787,0.05900000035762787,0
2019-08-16,0.05900000035762787,0.05900000035762787,0.05900000035762787,0.05900000035762787,0.05900000035762787,0
2019-08-19,0.05900000035762787,0.05900000035762787,0.05900000035762787,0.05900000035762787,0.05900000035762787,0
2019-08-20,0.05900000035762787,0.05900000035762787,0.05900000035762787,0.05900000035762787,0.05900000035762787,0
2019-08-21,0.05900000035762787,0.05900000035762787,0.05900000035762787,0.05900000035762787,0.05900000035762787,0
2019-08-22,0.05900000035762787,0.05900000035762787,0.05900000035762787,0.05900000035762787,0.05900000035762787,0
2019-08-23,0.05900000035762787,0.05900000035762787,0.05900000035762787,0.05900000035762787,0.05900000035762787,0
2019-08-26,0.05900000035762787,0.05900000035762787,0.05900000035762787,0.05900000035762787,0.05900000035762787,0
2019-08-27,0.05999999865889549,0.05999999865889549,0.05999999865889549,0.05999999865889549,0.05999999865889549,220000
2019-08-28,0.05999999865889549,0.05999999865889549,0.05999999865889549,0.05999999865889549,0.05999999865889549,0
2019-08-29,0.05999999865889549,0.05999999865889549,0.05999999865889549,0.05999999865889549,0.05999999865889549,0
2019-08-30,0.05999999865889549,0.05999999865889549,0.05999999865889549,0.05999999865889549,0.05999999865889549,0
2019-09-02,0.05999999865889549,0.05999999865889549,0.05999999865889549,0.05999999865889549,0.05999999865889549,0
2019-09-03,0.05999999865889549,0.05999999865889549,0.05999999865889549,0.05999999865889549,0.05999999865889549,0
2019-09-04,0.07000000029802322,0.07000000029802322,0.07000000029802322,0.0689999982714653,0.07000000029802322,760000
2019-09-05,0.07000000029802322,0.07000000029802322,0.07000000029802322,0.07000000029802322,0.07000000029802322,0
2019-09-06,0.07000000029802322,0.07000000029802322,0.07000000029802322,0.07000000029802322,0.07000000029802322,0
2019-09-09,0.07000000029802322,0.07000000029802322,0.12999999523162842,0.06599999964237213,0.10000000149011612,480000
2019-09-10,0.0820000022649765,0.0820000022649765,0.0820000022649765,0.0820000022649765,0.0820000022649765,0
2019-09-11,0.0820000022649765,0.0820000022649765,0.0820000022649765,0.0820000022649765,0.0820000022649765,0
2019-09-12,0.0820000022649765,0.0820000022649765,0.0820000022649765,0.0820000022649765,0.0820000022649765,0
2019-09-13,0.0820000022649765,0.0820000022649765,0.0820000022649765,0.0820000022649765,0.0820000022649765,0
2019-09-16,0.0820000022649765,0.0820000022649765,0.0820000022649765,0.0820000022649765,0.0820000022649765,0
2019-09-17,0.0820000022649765,0.0820000022649765,0.0820000022649765,0.0820000022649765,0.0820000022649765,0
2019-09-18,0.07800000160932541,0.07800000160932541,0.07800000160932541,0.07800000160932541,0.07800000160932541,0
2019-09-19,0.0689999982714653,0.0689999982714653,0.0689999982714653,0.0689999982714653,0.0689999982714653,0
2019-09-20,0.0689999982714653,0.0689999982714653,0.0689999982714653,0.0689999982714653,0.0689999982714653,0
2019-09-23,0.0689999982714653,0.0689999982714653,0.0689999982714653,0.0689999982714653,0.0689999982714653,0
2019-09-24,0.0689999982714653,0.0689999982714653,0.0689999982714653,0.0689999982714653,0.0689999982714653,0
2019-09-25,0.0689999982714653,0.0689999982714653,0.0689999982714653,0.0689999982714653,0.0689999982714653,0
2019-09-26,0.0689999982714653,0.0689999982714653,0.0689999982714653,0.0689999982714653,0.0689999982714653,0
2019-09-27,0.0689999982714653,0.0689999982714653,0.0689999982714653,0.0689999982714653,0.0689999982714653,0
2019-09-30,0.0689999982714653,0.0689999982714653,0.0689999982714653,0.0689999982714653,0.0689999982714653,0
2019-10-02,0.0689999982714653,0.0689999982714653,0.0689999982714653,0.0689999982714653,0.0689999982714653,0
2019-10-03,0.05400000140070915,0.05400000140070915,0.05400000140070915,0.05400000140070915,0.05400000140070915,50000
2019-10-04,0.05400000140070915,0.05400000140070915,0.05400000140070915,0.05400000140070915,0.05400000140070915,0
2019-10-08,0.05400000140070915,0.05400000140070915,0.05400000140070915,0.05400000140070915,0.05400000140070915,0
2019-10-09,0.05400000140070915,0.05400000140070915,0.05400000140070915,0.05400000140070915,0.05400000140070915,0
2019-10-10,0.05400000140070915,0.05400000140070915,0.05400000140070915,0.05400000140070915,0.05400000140070915,0
2019-10-11,0.05400000140070915,0.05400000140070915,0.05400000140070915,0.05400000140070915,0.05400000140070915,0
2019-10-14,0.054999999701976776,0.054999999701976776,0.054999999701976776,0.054999999701976776,0.054999999701976776,40000
2019-10-15,0.054999999701976776,0.054999999701976776,0.054999999701976776,0.054999999701976776,0.054999999701976776,0
2019-10-16,0.04600000008940697,0.04600000008940697,0.04500000178813934,0.04500000178813934,0.04500000178813934,10000
2019-10-17,0.04699999839067459,0.04699999839067459,0.04699999839067459,0.04699999839067459,0.04699999839067459,0
2019-10-18,0.04699999839067459,0.04699999839067459,0.04699999839067459,0.04699999839067459,0.04699999839067459,10000
2019-10-21,0.04699999839067459,0.04699999839067459,0.04699999839067459,0.04699999839067459,0.04699999839067459,0
2019-10-22,0.04699999839067459,0.04699999839067459,0.04699999839067459,0.04699999839067459,0.04699999839067459,0
2019-10-23,0.04699999839067459,0.04699999839067459,0.04699999839067459,0.04699999839067459,0.04699999839067459,0
2019-10-24,0.0560000017285347,0.0560000017285347,0.052000001072883606,0.052000001072883606,0.052000001072883606,120000
2019-10-25,0.05900000035762787,0.05900000035762787,0.05900000035762787,0.05900000035762787,0.05900000035762787,0
2019-10-28,0.05900000035762787,0.05900000035762787,0.05900000035762787,0.05900000035762787,0.05900000035762787,0
2019-10-29,0.05900000035762787,0.05900000035762787,0.05900000035762787,0.05900000035762787,0.05900000035762787,0
2019-10-30,0.04899999871850014,0.04899999871850014,0.04899999871850014,0.04899999871850014,0.04899999871850014,0
2019-10-31,0.04899999871850014,0.04899999871850014,0.04899999871850014,0.04899999871850014,0.04899999871850014,0
2019-11-01,0.04899999871850014,0.04899999871850014,0.04899999871850014,0.04899999871850014,0.04899999871850014,0
2019-11-04,0.04899999871850014,0.04899999871850014,0.04899999871850014,0.04899999871850014,0.04899999871850014,10000
2019-11-05,0.04899999871850014,0.04899999871850014,0.04899999871850014,0.04899999871850014,0.04899999871850014,0
2019-11-06,0.04899999871850014,0.04899999871850014,0.04899999871850014,0.04899999871850014,0.04899999871850014,0
2019-11-07,0.04899999871850014,0.04899999871850014,0.04899999871850014,0.04899999871850014,0.04899999871850014,0
2019-11-08,0.04699999839067459,0.04699999839067459,0.04399999976158142,0.04399999976158142,0.04399999976158142,110000
2019-11-11,0.04699999839067459,0.04699999839067459,0.04699999839067459,0.04699999839067459,0.04699999839067459,0
2019-11-12,0.04699999839067459,0.04699999839067459,0.04699999839067459,0.04699999839067459,0.04699999839067459,0
2019-11-13,0.04699999839067459,0.04699999839067459,0.04699999839067459,0.04699999839067459,0.04699999839067459,0
2019-11-14,0.04699999839067459,0.04699999839067459,0.04699999839067459,0.04699999839067459,0.04699999839067459,0
2019-11-15,0.04699999839067459,0.04699999839067459,0.04699999839067459,0.04699999839067459,0.04699999839067459,0
2019-11-18,0.04699999839067459,0.04699999839067459,0.04699999839067459,0.04699999839067459,0.04699999839067459,0
2019-11-19,0.04699999839067459,0.04699999839067459,0.04699999839067459,0.04699999839067459,0.04699999839067459,0
2019-11-20,0.04699999839067459,0.04699999839067459,0.04699999839067459,0.04699999839067459,0.04699999839067459,0
2019-11-21,0.04699999839067459,0.04699999839067459,0.04699999839067459,0.04699999839067459,0.04699999839067459,0
2019-11-22,0.04699999839067459,0.04699999839067459,0.04699999839067459,0.04699999839067459,0.04699999839067459,0
2019-11-25,0.04699999839067459,0.04699999839067459,0.04699999839067459,0.04699999839067459,0.04699999839067459,0
2019-11-26,0.04699999839067459,0.04699999839067459,0.04699999839067459,0.04699999839067459,0.04699999839067459,0
2019-11-27,0.04699999839067459,0.04699999839067459,0.04699999839067459,0.04699999839067459,0.04699999839067459,0
2019-11-28,0.04699999839067459,0.04699999839067459,0.04699999839067459,0.04699999839067459,0.04699999839067459,0
2019-11-29,0.04699999839067459,0.04699999839067459,0.04699999839067459,0.04699999839067459,0.04699999839067459,0
2019-12-02,0.04699999839067459,0.04699999839067459,0.04699999839067459,0.04699999839067459,0.04699999839067459,0
2019-12-03,0.04699999839067459,0.04699999839067459,0.04699999839067459,0.04699999839067459,0.04699999839067459,0
2019-12-04,0.04699999839067459,0.04699999839067459,0.04699999839067459,0.04699999839067459,0.04699999839067459,0
2019-12-05,0.04699999839067459,0.04699999839067459,0.04699999839067459,0.04699999839067459,0.04699999839067459,0
2019-12-06,0.04699999839067459,0.04699999839067459,0.04699999839067459,0.04699999839067459,0.04699999839067459,0
2019-12-09,0.04699999839067459,0.04699999839067459,0.04699999839067459,0.04699999839067459,0.04699999839067459,0
2019-12-10,0.04699999839067459,0.04699999839067459,0.04699999839067459,0.04699999839067459,0.04699999839067459,0
2019-12-11,0.04699999839067459,0.04699999839067459,0.04699999839067459,0.04699999839067459,0.04699999839067459,0
2019-12-12,0.04699999839067459,0.04699999839067459,0.04699999839067459,0.04699999839067459,0.04699999839067459,0
2019-12-13,0.04699999839067459,0.04699999839067459,0.04699999839067459,0.04699999839067459,0.04699999839067459,0
2019-12-16,0.04699999839067459,0.04699999839067459,0.04699999839067459,0.04699999839067459,0.04699999839067459,0
2019-12-17,0.04699999839067459,0.04699999839067459,0.04699999839067459,0.04699999839067459,0.04699999839067459,0
2019-12-18,0.04699999839067459,0.04699999839067459,0.04699999839067459,0.04699999839067459,0.04699999839067459,0
2019-12-19,0.04699999839067459,0.04699999839067459,0.04699999839067459,0.04699999839067459,0.04699999839067459,0
2019-12-20,0.04699999839067459,0.04699999839067459,0.04699999839067459,0.04699999839067459,0.04699999839067459,0
2019-12-23,0.04699999839067459,0.04699999839067459,0.04699999839067459,0.04699999839067459,0.04699999839067459,0
2019-12-24,0.04699999839067459,0.04699999839067459,0.04699999839067459,0.04699999839067459,0.04699999839067459,0
2019-12-27,0.04699999839067459,0.04699999839067459,0.04699999839067459,0.04699999839067459,0.04699999839067459,0
2019-12-30,0.04699999839067459,0.04699999839067459,0.04699999839067459,0.04699999839067459,0.04699999839067459,0
2019-12-31,0.04699999839067459,0.04699999839067459,0.04699999839067459,0.04699999839067459,0.04699999839067459,0
2020-01-02,0.04699999839067459,0.04699999839067459,0.04699999839067459,0.04699999839067459,0.04699999839067459,0
2020-01-03,0.04699999839067459,0.04699999839067459,0.04699999839067459,0.04699999839067459,0.04699999839067459,0
2020-01-06,0.04699999839067459,0.04699999839067459,0.04699999839067459,0.04699999839067459,0.04699999839067459,0
2020-01-07,0.04699999839067459,0.04699999839067459,0.04699999839067459,0.04699999839067459,0.04699999839067459,0
2020-01-08,0.04699999839067459,0.04699999839067459,0.04699999839067459,0.04699999839067459,0.04699999839067459,0
2020-01-09,0.04699999839067459,0.04699999839067459,0.04699999839067459,0.04699999839067459,0.04699999839067459,0
2020-01-10,0.04699999839067459,0.04699999839067459,0.04699999839067459,0.04699999839067459,0.04699999839067459,0
2020-01-13,0.04699999839067459,0.04699999839067459,0.04699999839067459,0.04699999839067459,0.04699999839067459,0
2020-01-14,0.04699999839067459,0.04699999839067459,0.04699999839067459,0.04699999839067459,0.04699999839067459,0
2020-01-15,0.04699999839067459,0.04699999839067459,0.04699999839067459,0.04699999839067459,0.04699999839067459,0
2020-01-16,0.04699999839067459,0.04699999839067459,0.04699999839067459,0.04699999839067459,0.04699999839067459,0
2020-01-17,0.04699999839067459,0.04699999839067459,0.04699999839067459,0.04699999839067459,0.04699999839067459,0
2020-01-20,0.04699999839067459,0.04699999839067459,0.04699999839067459,0.04699999839067459,0.04699999839067459,0
2020-01-21,0.04699999839067459,0.04699999839067459,0.04699999839067459,0.04699999839067459,0.04699999839067459,0
2020-01-22,0.04699999839067459,0.04699999839067459,0.04699999839067459,0.04699999839067459,0.04699999839067459,0
2020-01-23,0.04699999839067459,0.04699999839067459,0.04699999839067459,0.04699999839067459,0.04699999839067459,0
2020-01-24,0.06199999898672104,0.06199999898672104,0.06199999898672104,0.05999999865889549,0.05999999865889549,120000
2020-01-29,0.07000000029802322,0.07000000029802322,0.07000000029802322,0.07000000029802322,0.07000000029802322,0
2020-01-30,0.07999999821186066,0.07999999821186066,0.07999999821186066,0.07999999821186066,0.07999999821186066,0
2020-01-31,0.07999999821186066,0.07999999821186066,0.07999999821186066,0.07999999821186066,0.07999999821186066,0
2020-02-03,0.07800000160932541,0.07800000160932541,0.07800000160932541,0.07800000160932541,0.07800000160932541,0
2020-02-04,0.07599999755620956,0.07599999755620956,0.07599999755620956,0.07599999755620956,0.07599999755620956,0
2020-02-05,0.07500000298023224,0.07500000298023224,0.07500000298023224,0.07500000298023224,0.07500000298023224,10000
2020-02-06,0.05400000140070915,0.05400000140070915,0.05400000140070915,0.05299999937415123,0.05299999937415123,70000
2020-02-07,0.0560000017285347,0.0560000017285347,0.0560000017285347,0.05400000140070915,0.05400000140070915,220000
2020-02-10,0.05299999937415123,0.05299999937415123,0.05299999937415123,0.05299999937415123,0.05299999937415123,0
2020-02-11,0.05299999937415123,0.05299999937415123,0.05299999937415123,0.05299999937415123,0.05299999937415123,0
2020-02-12,0.05299999937415123,0.05299999937415123,0.05299999937415123,0.05299999937415123,0.05299999937415123,0
2020-02-13,0.05000000074505806,0.05000000074505806,0.05000000074505806,0.05000000074505806,0.05000000074505806,290000
2020-02-14,0.05000000074505806,0.05000000074505806,0.05000000074505806,0.05000000074505806,0.05000000074505806,0
2020-02-17,0.061000000685453415,0.061000000685453415,0.07000000029802322,0.035999998450279236,0.035999998450279236,170000
2020-02-18,0.061000000685453415,0.061000000685453415,0.061000000685453415,0.061000000685453415,0.061000000685453415,0
2020-02-19,0.04500000178813934,0.04500000178813934,0.04500000178813934,0.04399999976158142,0.04600000008940697,80000
2020-02-20,0.04500000178813934,0.04500000178813934,0.04500000178813934,0.04500000178813934,0.04500000178813934,0
2020-02-21,0.04500000178813934,0.04500000178813934,0.04500000178813934,0.04500000178813934,0.04500000178813934,0
2020-02-24,0.04600000008940697,0.04600000008940697,0.04600000008940697,0.04600000008940697,0.04600000008940697,0
2020-02-25,0.04600000008940697,0.04600000008940697,0.04600000008940697,0.04600000008940697,0.04600000008940697,0
2020-02-26,0.04600000008940697,0.04600000008940697,0.04600000008940697,0.04600000008940697,0.04600000008940697,0
2020-02-27,0.04500000178813934,0.04500000178813934,0.04500000178813934,0.04500000178813934,0.04500000178813934,40000
2020-02-28,0.04500000178813934,0.04500000178813934,0.04500000178813934,0.04500000178813934,0.0430000014603138,10000
2020-03-02,0.04500000178813934,0.04500000178813934,0.04500000178813934,0.04500000178813934,0.04500000178813934,0
2020-03-03,0.04500000178813934,0.04500000178813934,0.04500000178813934,0.03700000047683716,0.03700000047683716,30000
2020-03-04,0.04500000178813934,0.04500000178813934,0.04500000178813934,0.04500000178813934,0.04500000178813934,130000
2020-03-05,0.04500000178813934,0.04500000178813934,0.04500000178813934,0.04500000178813934,0.04500000178813934,0
2020-03-06,0.04500000178813934,0.04500000178813934,0.04500000178813934,0.04500000178813934,0.04500000178813934,0
2020-03-09,0.03999999910593033,0.03999999910593033,0.039000000804662704,0.039000000804662704,0.039000000804662704,10000
2020-03-10,0.03999999910593033,0.03999999910593033,0.03999999910593033,0.03999999910593033,0.03999999910593033,0
2020-03-11,0.03999999910593033,0.03999999910593033,0.03999999910593033,0.03999999910593033,0.03999999910593033,0
2020-03-12,0.03999999910593033,0.03999999910593033,0.03999999910593033,0.03999999910593033,0.03999999910593033,0
2020-03-13,0.03999999910593033,0.03999999910593033,0.03999999910593033,0.03999999910593033,0.03999999910593033,40000
2020-03-16,0.03999999910593033,0.03999999910593033,0.03999999910593033,0.039000000804662704,0.039000000804662704,620000
2020-03-17,0.03999999910593033,0.03999999910593033,0.03999999910593033,0.039000000804662704,0.03999999910593033,1510000
2020-03-18,0.035999998450279236,0.035999998450279236,0.03999999910593033,0.035999998450279236,0.03999999910593033,1020000
2020-03-19,0.03500000014901161,0.03500000014901161,0.03500000014901161,0.03500000014901161,0.03500000014901161,50000
2020-03-20,0.03500000014901161,0.03500000014901161,0.03500000014901161,0.03500000014901161,0.03500000014901161,0
2020-03-23,0.03500000014901161,0.03500000014901161,0.03500000014901161,0.03500000014901161,0.03500000014901161,0
2020-03-24,0.03500000014901161,0.03500000014901161,0.03500000014901161,0.03500000014901161,0.03500000014901161,0
2020-03-25,0.03500000014901161,0.03500000014901161,0.03500000014901161,0.03500000014901161,0.03500000014901161,0
2020-03-26,0.03500000014901161,0.03500000014901161,0.03500000014901161,0.03500000014901161,0.03500000014901161,0
2020-03-27,0.032999999821186066,0.032999999821186066,0.032999999821186066,0.032999999821186066,0.032999999821186066,10000
2020-03-30,0.03099999949336052,0.03099999949336052,0.03099999949336052,0.03099999949336052,0.03099999949336052,0
2020-03-31,0.03099999949336052,0.03099999949336052,0.03099999949336052,0.03099999949336052,0.03099999949336052,0
2020-04-01,0.02800000086426735,0.02800000086426735,0.02800000086426735,0.02500000037252903,0.02500000037252903,80000
2020-04-02,0.02800000086426735,0.02800000086426735,0.02800000086426735,0.02800000086426735,0.02800000086426735,0
2020-04-03,0.02800000086426735,0.02800000086426735,0.02800000086426735,0.02800000086426735,0.02800000086426735,0
2020-04-06,0.02800000086426735,0.02800000086426735,0.02500000037252903,0.02500000037252903,0.02500000037252903,40000
2020-04-07,0.02800000086426735,0.02800000086426735,0.02800000086426735,0.02800000086426735,0.02800000086426735,0
2020-04-08,0.02800000086426735,0.02800000086426735,0.02800000086426735,0.02800000086426735,0.02800000086426735,0
2020-04-09,0.02800000086426735,0.02800000086426735,0.02800000086426735,0.02800000086426735,0.02800000086426735,0
2020-04-14,0.02800000086426735,0.02800000086426735,0.02800000086426735,0.02800000086426735,0.02800000086426735,0
2020-04-15,0.02800000086426735,0.02800000086426735,0.02800000086426735,0.02800000086426735,0.02800000086426735,0
2020-04-16,0.02800000086426735,0.02800000086426735,0.02800000086426735,0.02800000086426735,0.02800000086426735,0
2020-04-17,0.02800000086426735,0.02800000086426735,0.02800000086426735,0.02800000086426735,0.02800000086426735,0
2020-04-20,0.023000000044703484,0.023000000044703484,0.023000000044703484,0.02199999988079071,0.02199999988079071,220000
2020-04-21,0.023000000044703484,0.023000000044703484,0.023000000044703484,0.023000000044703484,0.023000000044703484,0
2020-04-22,0.023000000044703484,0.023000000044703484,0.023000000044703484,0.023000000044703484,0.023000000044703484,0
2020-04-23,0.023000000044703484,0.023000000044703484,0.023000000044703484,0.023000000044703484,0.023000000044703484,0
2020-04-24,0.023000000044703484,0.023000000044703484,0.023000000044703484,0.023000000044703484,0.023000000044703484,0
2020-04-27,0.023000000044703484,0.023000000044703484,0.023000000044703484,0.023000000044703484,0.023000000044703484,0
2020-04-28,0.023000000044703484,0.023000000044703484,0.023000000044703484,0.023000000044703484,0.023000000044703484,0
2020-04-29,0.023000000044703484,0.023000000044703484,0.023000000044703484,0.023000000044703484,0.023000000044703484,0
2020-05-04,0.023000000044703484,0.023000000044703484,0.023000000044703484,0.023000000044703484,0.023000000044703484,0
2020-05-05,0.023000000044703484,0.023000000044703484,0.019999999552965164,0.019999999552965164,0.019999999552965164,60000
2020-05-06,0.02199999988079071,0.02199999988079071,0.02199999988079071,0.02199999988079071,0.02199999988079071,0
2020-05-07,0.02199999988079071,0.02199999988079071,0.02199999988079071,0.02199999988079071,0.02199999988079071,0
2020-05-08,0.02500000037252903,0.02500000037252903,0.02500000037252903,0.02500000037252903,0.02500000037252903,0
2020-05-11,0.02500000037252903,0.02500000037252903,0.02500000037252903,0.02500000037252903,0.02500000037252903,0
2020-05-12,0.02500000037252903,0.02500000037252903,0.02500000037252903,0.02500000037252903,0.02500000037252903,0
2020-05-13,0.02199999988079071,0.02199999988079071,0.02199999988079071,0.019999999552965164,0.020999999716877937,430000
2020-05-14,0.02199999988079071,0.02199999988079071,0.02199999988079071,0.02199999988079071,0.02199999988079071,0
2020-05-15,0.02199999988079071,0.02199999988079071,0.02199999988079071,0.02199999988079071,0.02199999988079071,0
2020-05-18,0.026000000536441803,0.026000000536441803,0.02500000037252903,0.02500000037252903,0.02500000037252903,290000
2020-05-19,0.026000000536441803,0.026000000536441803,0.026000000536441803,0.026000000536441803,0.026000000536441803,0
2020-05-20,0.029999999329447746,0.029999999329447746,0.029999999329447746,0.029999999329447746,0.029999999329447746,0
2020-05-21,0.029999999329447746,0.029999999329447746,0.029999999329447746,0.029999999329447746,0.029999999329447746,0
2020-05-22,0.05999999865889549,0.05999999865889549,0.05999999865889549,0.03999999910593033,0.03999999910593033,320000
2020-05-25,0.054999999701976776,0.054999999701976776,0.054999999701976776,0.05000000074505806,0.05000000074505806,150000
2020-05-26,0.054999999701976776,0.054999999701976776,0.054999999701976776,0.054999999701976776,0.054999999701976776,0
2020-05-27,0.054999999701976776,0.054999999701976776,0.054999999701976776,0.054999999701976776,0.054999999701976776,0
2020-05-28,0.054999999701976776,0.054999999701976776,0.054999999701976776,0.054999999701976776,0.054999999701976776,0
2020-05-29,0.054999999701976776,0.054999999701976776,0.054999999701976776,0.054999999701976776,0.054999999701976776,0
2020-06-01,0.05299999937415123,0.05299999937415123,0.05299999937415123,0.05299999937415123,0.05299999937415123,0
2020-06-02,0.05299999937415123,0.05299999937415123,0.05299999937415123,0.05299999937415123,0.05299999937415123,0
2020-06-03,0.05299999937415123,0.05299999937415123,0.05299999937415123,0.05299999937415123,0.05299999937415123,0
2020-06-04,0.05299999937415123,0.05299999937415123,0.05299999937415123,0.05299999937415123,0.05299999937415123,0
2020-06-05,0.05299999937415123,0.05299999937415123,0.05299999937415123,0.05299999937415123,0.05299999937415123,0
2020-06-08,0.04899999871850014,0.04899999871850014,0.04899999871850014,0.04899999871850014,0.04899999871850014,0
2020-06-09,0.04899999871850014,0.04899999871850014,0.04899999871850014,0.04899999871850014,0.04899999871850014,0
2020-06-10,0.04899999871850014,0.04899999871850014,0.04899999871850014,0.04899999871850014,0.04899999871850014,0
2020-06-11,0.05299999937415123,0.05299999937415123,0.05299999937415123,0.05299999937415123,0.05299999937415123,20000
2020-06-12,0.05299999937415123,0.05299999937415123,0.05299999937415123,0.05299999937415123,0.05299999937415123,0
2020-06-15,0.05299999937415123,0.05299999937415123,0.05299999937415123,0.05299999937415123,0.05299999937415123,0
2020-06-16,0.05299999937415123,0.05299999937415123,0.05299999937415123,0.05299999937415123,0.05299999937415123,0
2020-06-17,0.05299999937415123,0.05299999937415123,0.05299999937415123,0.05299999937415123,0.05299999937415123,0
2020-06-18,0.05299999937415123,0.05299999937415123,0.05299999937415123,0.05299999937415123,0.05299999937415123,0
2020-06-19,0.05299999937415123,0.05299999937415123,0.05299999937415123,0.05299999937415123,0.05299999937415123,0
2020-06-22,0.05299999937415123,0.05299999937415123,0.05299999937415123,0.05299999937415123,0.05299999937415123,0
2020-06-23,0.05299999937415123,0.05299999937415123,0.05299999937415123,0.05299999937415123,0.05299999937415123,0
2020-06-24,0.05299999937415123,0.05299999937415123,0.05299999937415123,0.05299999937415123,0.05299999937415123,0
2020-06-26,0.050999999046325684,0.050999999046325684,0.050999999046325684,0.050999999046325684,0.050999999046325684,0
2020-06-29,0.04699999839067459,0.04699999839067459,0.04699999839067459,0.04699999839067459,0.04699999839067459,0
2020-06-30,0.03999999910593033,0.03999999910593033,0.03999999910593033,0.03999999910593033,0.03999999910593033,10000
2020-07-02,0.03999999910593033,0.03999999910593033,0.03999999910593033,0.03999999910593033,0.03999999910593033,0
2020-07-03,0.03999999910593033,0.03999999910593033,0.03999999910593033,0.03999999910593033,0.03999999910593033,40000
2020-07-06,0.03999999910593033,0.03999999910593033,0.03999999910593033,0.03999999910593033,0.03999999910593033,0
2020-07-07,0.03999999910593033,0.03999999910593033,0.03999999910593033,0.03999999910593033,0.03999999910593033,0
2020-07-08,0.03999999910593033,0.03999999910593033,0.03999999910593033,0.03999999910593033,0.03999999910593033,20000
2020-07-09,0.03999999910593033,0.03999999910593033,0.03999999910593033,0.03999999910593033,0.03999999910593033,0
2020-07-10,0.03999999910593033,0.03999999910593033,0.03999999910593033,0.03999999910593033,0.03999999910593033,0
2020-07-13,0.03999999910593033,0.03999999910593033,0.03999999910593033,0.03999999910593033,0.03999999910593033,0
2020-07-14,0.03999999910593033,0.03999999910593033,0.03999999910593033,0.03999999910593033,0.03999999910593033,0
2020-07-15,0.03999999910593033,0.03999999910593033,0.03999999910593033,0.03999999910593033,0.03999999910593033,0
2020-07-16,0.03999999910593033,0.03999999910593033,0.03999999910593033,0.03999999910593033,0.03999999910593033,0
2020-07-17,0.03999999910593033,0.03999999910593033,0.03999999910593033,0.03999999910593033,0.03999999910593033,0
2020-07-20,0.03999999910593033,0.03999999910593033,0.03999999910593033,0.03999999910593033,0.03999999910593033,0
2020-07-21,0.03999999910593033,0.03999999910593033,0.03999999910593033,0.03999999910593033,0.03999999910593033,0
2020-07-22,0.03999999910593033,0.03999999910593033,0.03999999910593033,0.03999999910593033,0.03999999910593033,0
2020-07-23,0.03999999910593033,0.03999999910593033,0.03999999910593033,0.03999999910593033,0.03999999910593033,0
2020-07-24,0.03999999910593033,0.03999999910593033,0.03999999910593033,0.03999999910593033,0.03999999910593033,0
2020-07-27,0.024000000208616257,0.024000000208616257,0.03500000014901161,0.02199999988079071,0.027000000700354576,1810000
2020-07-28,0.03099999949336052,0.03099999949336052,0.04399999976158142,0.02500000037252903,0.03099999949336052,1550000
2020-07-29,0.02500000037252903,0.02500000037252903,0.029999999329447746,0.02500000037252903,0.026000000536441803,220000
2020-07-30,0.026000000536441803,0.026000000536441803,0.026000000536441803,0.020999999716877937,0.023000000044703484,660000
2020-07-31,0.026000000536441803,0.026000000536441803,0.026000000536441803,0.026000000536441803,0.026000000536441803,0
2020-08-03,0.026000000536441803,0.026000000536441803,0.026000000536441803,0.026000000536441803,0.026000000536441803,0
2020-08-04,0.026000000536441803,0.026000000536441803,0.026000000536441803,0.026000000536441803,0.026000000536441803,0
2020-08-05,0.026000000536441803,0.026000000536441803,0.026000000536441803,0.026000000536441803,0.026000000536441803,0
2020-08-06,0.026000000536441803,0.026000000536441803,0.026000000536441803,0.026000000536441803,0.026000000536441803,0
2020-08-07,0.026000000536441803,0.026000000536441803,0.026000000536441803,0.026000000536441803,0.026000000536441803,0
2020-08-10,0.026000000536441803,0.026000000536441803,0.026000000536441803,0.026000000536441803,0.026000000536441803,0
2020-08-11,0.026000000536441803,0.026000000536441803,0.026000000536441803,0.026000000536441803,0.026000000536441803,0
2020-08-12,0.026000000536441803,0.026000000536441803,0.026000000536441803,0.026000000536441803,0.026000000536441803,0
2020-08-13,0.026000000536441803,0.026000000536441803,0.026000000536441803,0.026000000536441803,0.026000000536441803,0
2020-08-14,0.026000000536441803,0.026000000536441803,0.026000000536441803,0.026000000536441803,0.026000000536441803,0
2020-08-17,0.026000000536441803,0.026000000536441803,0.026000000536441803,0.026000000536441803,0.026000000536441803,0
2020-08-18,0.026000000536441803,0.026000000536441803,0.026000000536441803,0.026000000536441803,0.026000000536441803,0
2020-08-19,0.02199999988079071,0.02199999988079071,0.02199999988079071,0.02199999988079071,0.02199999988079071,80000
2020-08-20,0.02800000086426735,0.02800000086426735,0.02800000086426735,0.02800000086426735,0.02800000086426735,0
2020-08-21,0.02800000086426735,0.02800000086426735,0.02800000086426735,0.02800000086426735,0.02800000086426735,0
2020-08-24,0.02800000086426735,0.02800000086426735,0.02800000086426735,0.02800000086426735,0.02800000086426735,0
2020-08-25,0.02800000086426735,0.02800000086426735,0.02800000086426735,0.02800000086426735,0.02800000086426735,0
2020-08-26,0.02800000086426735,0.02800000086426735,0.02800000086426735,0.02800000086426735,0.02800000086426735,0
2020-08-27,0.02800000086426735,0.02800000086426735,0.02800000086426735,0.02800000086426735,0.02800000086426735,20000
2020-08-28,0.02800000086426735,0.02800000086426735,0.02800000086426735,0.02800000086426735,0.02800000086426735,0
2020-08-31,0.02800000086426735,0.02800000086426735,0.02800000086426735,0.02800000086426735,0.02800000086426735,0
2020-09-01,0.02800000086426735,0.02800000086426735,0.02800000086426735,0.02800000086426735,0.02800000086426735,0
2020-09-02,0.02800000086426735,0.02800000086426735,0.029999999329447746,0.020999999716877937,0.02199999988079071,940000
2020-09-03,0.0430000014603138,0.0430000014603138,0.05299999937415123,0.024000000208616257,0.02800000086426735,7180000
2020-09-04,0.03799999877810478,0.03799999877810478,0.04500000178813934,0.028999999165534973,0.04399999976158142,1820000
2020-09-07,0.04800000041723251,0.04800000041723251,0.05000000074505806,0.0430000014603138,0.0430000014603138,2630000
2020-09-08,0.04899999871850014,0.04899999871850014,0.04899999871850014,0.03500000014901161,0.039000000804662704,2450000
2020-09-09,0.035999998450279236,0.035999998450279236,0.05900000035762787,0.035999998450279236,0.05900000035762787,400000
2020-09-10,0.04699999839067459,0.04699999839067459,0.05000000074505806,0.04899999871850014,0.04899999871850014,330000
2020-09-11,0.04699999839067459,0.04699999839067459,0.05000000074505806,0.04899999871850014,0.04699999839067459,50000
2020-09-14,0.03700000047683716,0.03700000047683716,0.03700000047683716,0.032999999821186066,0.032999999821186066,560000
2020-09-15,0.039000000804662704,0.039000000804662704,0.04600000008940697,0.039000000804662704,0.04500000178813934,560000
2020-09-16,0.03400000184774399,0.03400000184774399,0.03400000184774399,0.029999999329447746,0.03099999949336052,1320000
2020-09-17,0.028999999165534973,0.028999999165534973,0.029999999329447746,0.028999999165534973,0.029999999329447746,1220000
2020-09-18,0.029999999329447746,0.029999999329447746,0.04500000178813934,0.029999999329447746,0.029999999329447746,1310000
2020-09-21,0.03099999949336052,0.03099999949336052,0.03999999910593033,0.029999999329447746,0.029999999329447746,810000
2020-09-22,0.03200000151991844,0.03200000151991844,0.03200000151991844,0.03200000151991844,0.03200000151991844,0
2020-09-23,0.029999999329447746,0.029999999329447746,0.03099999949336052,0.029999999329447746,0.03099999949336052,400000
2020-09-24,0.029999999329447746,0.029999999329447746,0.028999999165534973,0.028999999165534973,0.028999999165534973,0
2020-09-25,0.039000000804662704,0.039000000804662704,0.04600000008940697,0.039000000804662704,0.04500000178813934,500000
2020-09-28,0.03799999877810478,0.03799999877810478,0.03799999877810478,0.03799999877810478,0.03799999877810478,0
2020-09-29,0.032999999821186066,0.032999999821186066,0.032999999821186066,0.032999999821186066,0.032999999821186066,0
2020-09-30,0.03200000151991844,0.03200000151991844,0.03200000151991844,0.03200000151991844,0.03200000151991844,0
2020-10-05,0.03099999949336052,0.03099999949336052,0.03099999949336052,0.029999999329447746,0.029999999329447746,370000
2020-10-06,0.029999999329447746,0.029999999329447746,0.039000000804662704,0.026000000536441803,0.03500000014901161,1820000
2020-10-07,0.03400000184774399,0.03400000184774399,0.05999999865889549,0.029999999329447746,0.029999999329447746,17130000
2020-10-08,0.032999999821186066,0.032999999821186066,0.05000000074505806,0.02800000086426735,0.03700000047683716,6860000
2020-10-09,0.03500000014901161,0.03500000014901161,0.03700000047683716,0.03500000014901161,0.03500000014901161,890000
2020-10-12,0.03200000151991844,0.03200000151991844,0.03200000151991844,0.029999999329447746,0.03099999949336052,620000
2020-10-14,0.03500000014901161,0.03500000014901161,0.03500000014901161,0.029999999329447746,0.03099999949336052,800000
2020-10-15,0.03700000047683716,0.03700000047683716,0.03700000047683716,0.03700000047683716,0.03700000047683716,0
2020-10-16,0.039000000804662704,0.039000000804662704,0.04500000178813934,0.03200000151991844,0.03200000151991844,590000
2020-10-19,0.03500000014901161,0.03500000014901161,0.03700000047683716,0.03500000014901161,0.03700000047683716,390000
2020-10-20,0.03400000184774399,0.03400000184774399,0.0430000014603138,0.03099999949336052,0.03500000014901161,1350000
2020-10-21,0.03200000151991844,0.03200000151991844,0.03200000151991844,0.03200000151991844,0.03200000151991844,380000
2020-10-22,0.03700000047683716,0.03700000047683716,0.0430000014603138,0.03200000151991844,0.03200000151991844,2290000
2020-10-23,0.03799999877810478,0.03799999877810478,0.041999999433755875,0.032999999821186066,0.04100000113248825,3170000
2020-10-27,0.03200000151991844,0.03200000151991844,0.03700000047683716,0.03200000151991844,0.03700000047683716,2100000
2020-10-28,0.03400000184774399,0.03400000184774399,0.039000000804662704,0.03099999949336052,0.03099999949336052,1250000
2020-10-29,0.03400000184774399,0.03400000184774399,0.03400000184774399,0.03400000184774399,0.03400000184774399,0
2020-10-30,0.032999999821186066,0.032999999821186066,0.032999999821186066,0.029999999329447746,0.03200000151991844,1760000
2020-11-02,0.03099999949336052,0.03099999949336052,0.03200000151991844,0.03099999949336052,0.03099999949336052,680000
2020-11-03,0.03099999949336052,0.03099999949336052,0.03099999949336052,0.03099999949336052,0.03099999949336052,320000
2020-11-04,0.03099999949336052,0.03099999949336052,0.03099999949336052,0.029999999329447746,0.03099999949336052,250000
2020-11-05,0.029999999329447746,0.029999999329447746,0.03400000184774399,0.029999999329447746,0.03099999949336052,1010000
2020-11-06,0.03099999949336052,0.03099999949336052,0.03500000014901161,0.03099999949336052,0.03400000184774399,310000
2020-11-09,0.028999999165534973,0.028999999165534973,0.029999999329447746,0.028999999165534973,0.029999999329447746,300000
2020-11-10,0.03400000184774399,0.03400000184774399,0.03799999877810478,0.03200000151991844,0.03200000151991844,1370000
2020-11-11,0.03400000184774399,0.03400000184774399,0.03400000184774399,0.03400000184774399,0.03400000184774399,0
2020-11-12,0.03400000184774399,0.03400000184774399,0.03999999910593033,0.03200000151991844,0.03200000151991844,490000
2020-11-13,0.03200000151991844,0.03200000151991844,0.03200000151991844,0.03099999949336052,0.03200000151991844,540000
2020-11-16,0.03099999949336052,0.03099999949336052,0.03099999949336052,0.03099999949336052,0.03099999949336052,130000
2020-11-17,0.03099999949336052,0.03099999949336052,0.03099999949336052,0.03099999949336052,0.03099999949336052,0
2020-11-18,0.03200000151991844,0.03200000151991844,0.03200000151991844,0.029999999329447746,0.029999999329447746,350000
2020-11-19,0.029999999329447746,0.029999999329447746,0.03099999949336052,0.029999999329447746,0.03099999949336052,110000
2020-11-20,0.03400000184774399,0.03400000184774399,0.03799999877810478,0.03099999949336052,0.03099999949336052,3020000
2020-11-23,0.03200000151991844,0.03200000151991844,0.03200000151991844,0.03200000151991844,0.03200000151991844,250000
2020-11-24,0.03099999949336052,0.03099999949336052,0.03099999949336052,0.03099999949336052,0.03099999949336052,90000
2020-11-25,0.03400000184774399,0.03400000184774399,0.03400000184774399,0.03400000184774399,0.03400000184774399,0
2020-11-26,0.03500000014901161,0.03500000014901161,0.03500000014901161,0.03500000014901161,0.03500000014901161,0
2020-11-27,0.032999999821186066,0.032999999821186066,0.032999999821186066,0.03200000151991844,0.032999999821186066,1000000
2020-11-30,0.03200000151991844,0.03200000151991844,0.03799999877810478,0.03200000151991844,0.032999999821186066,1360000
2020-12-01,0.03200000151991844,0.03200000151991844,0.03200000151991844,0.03200000151991844,0.03200000151991844,0
2020-12-02,0.03099999949336052,0.03099999949336052,0.03099999949336052,0.029999999329447746,0.029999999329447746,80000
2020-12-03,0.03099999949336052,0.03099999949336052,0.03099999949336052,0.03099999949336052,0.03099999949336052,200000
2020-12-04,0.03400000184774399,0.03400000184774399,0.03400000184774399,0.03400000184774399,0.03400000184774399,0
2020-12-07,0.032999999821186066,0.032999999821186066,0.032999999821186066,0.03099999949336052,0.03099999949336052,1000000
2020-12-08,0.03200000151991844,0.03200000151991844,0.03200000151991844,0.03200000151991844,0.03200000151991844,0
2020-12-09,0.029999999329447746,0.029999999329447746,0.03099999949336052,0.029999999329447746,0.03099999949336052,310000
2020-12-10,0.029999999329447746,0.029999999329447746,0.029999999329447746,0.029999999329447746,0.029999999329447746,340000
2020-12-11,0.029999999329447746,0.029999999329447746,0.029999999329447746,0.029999999329447746,0.029999999329447746,0
2020-12-14,0.029999999329447746,0.029999999329447746,0.029999999329447746,0.029999999329447746,0.029999999329447746,0
2020-12-15,0.028999999165534973,0.028999999165534973,0.029999999329447746,0.02800000086426735,0.029999999329447746,430000
2020-12-16,0.028999999165534973,0.028999999165534973,0.028999999165534973,0.028999999165534973,0.028999999165534973,0
2020-12-17,0.028999999165534973,0.028999999165534973,0.028999999165534973,0.028999999165534973,0.028999999165534973,0
2020-12-18,0.02800000086426735,0.02800000086426735,0.029999999329447746,0.02800000086426735,0.02800000086426735,370000
2020-12-21,0.026000000536441803,0.026000000536441803,0.026000000536441803,0.026000000536441803,0.026000000536441803,20000
2020-12-22,0.026000000536441803,0.026000000536441803,0.026000000536441803,0.026000000536441803,0.026000000536441803,0
2020-12-23,0.026000000536441803,0.026000000536441803,0.026000000536441803,0.026000000536441803,0.026000000536441803,0
2020-12-24,0.026000000536441803,0.026000000536441803,0.026000000536441803,0.026000000536441803,0.026000000536441803,0
2020-12-28,0.026000000536441803,0.026000000536441803,0.026000000536441803,0.026000000536441803,0.026000000536441803,0
2020-12-29,0.026000000536441803,0.026000000536441803,0.026000000536441803,0.026000000536441803,0.026000000536441803,0
2020-12-30,0.024000000208616257,0.024000000208616257,0.032999999821186066,0.024000000208616257,0.027000000700354576,910000
2020-12-31,0.027000000700354576,0.027000000700354576,0.027000000700354576,0.027000000700354576,0.027000000700354576,0
2021-01-04,0.029999999329447746,0.029999999329447746,0.029999999329447746,0.029999999329447746,0.029999999329447746,0
2021-01-05,0.029999999329447746,0.029999999329447746,0.029999999329447746,0.029999999329447746,0.029999999329447746,0
2021-01-06,0.02800000086426735,0.02800000086426735,0.02800000086426735,0.02800000086426735,0.02800000086426735,310000
2021-01-07,0.02800000086426735,0.02800000086426735,0.02800000086426735,0.02800000086426735,0.02800000086426735,0
2021-01-08,0.029999999329447746,0.029999999329447746,0.029999999329447746,0.026000000536441803,0.026000000536441803,470000
2021-01-11,0.029999999329447746,0.029999999329447746,0.029999999329447746,0.029999999329447746,0.029999999329447746,0
2021-01-12,0.029999999329447746,0.029999999329447746,0.029999999329447746,0.029999999329447746,0.029999999329447746,0
2021-01-13,0.027000000700354576,0.027000000700354576,0.032999999821186066,0.026000000536441803,0.028999999165534973,1260000
2021-01-14,0.029999999329447746,0.029999999329447746,0.029999999329447746,0.029999999329447746,0.029999999329447746,0
2021-01-15,0.03099999949336052,0.03099999949336052,0.03099999949336052,0.027000000700354576,0.027000000700354576,2110000
2021-01-18,0.02800000086426735,0.02800000086426735,0.03200000151991844,0.027000000700354576,0.03099999949336052,2170000
2021-01-19,0.026000000536441803,0.026000000536441803,0.026000000536441803,0.026000000536441803,0.026000000536441803,160000
2021-01-20,0.026000000536441803,0.026000000536441803,0.026000000536441803,0.02500000037252903,0.026000000536441803,2180000
2021-01-21,0.026000000536441803,0.026000000536441803,0.026000000536441803,0.026000000536441803,0.026000000536441803,100000
2021-01-22,0.026000000536441803,0.026000000536441803,0.026000000536441803,0.026000000536441803,0.026000000536441803,0
2021-01-25,0.026000000536441803,0.026000000536441803,0.026000000536441803,0.026000000536441803,0.026000000536441803,0
2021-01-26,0.026000000536441803,0.026000000536441803,0.026000000536441803,0.026000000536441803,0.026000000536441803,0
2021-01-27,0.026000000536441803,0.026000000536441803,0.026000000536441803,0.026000000536441803,0.026000000536441803,0
2021-01-28,0.026000000536441803,0.026000000536441803,0.026000000536441803,0.026000000536441803,0.026000000536441803,0
2021-01-29,0.026000000536441803,0.026000000536441803,0.026000000536441803,0.026000000536441803,0.026000000536441803,0
2021-02-01,0.026000000536441803,0.026000000536441803,0.026000000536441803,0.026000000536441803,0.026000000536441803,10000
2021-02-02,0.02500000037252903,0.02500000037252903,0.02500000037252903,0.02500000037252903,0.02500000037252903,0
2021-02-03,0.029999999329447746,0.029999999329447746,0.03099999949336052,0.02800000086426735,0.02800000086426735,1130000
2021-02-04,0.029999999329447746,0.029999999329447746,0.029999999329447746,0.029999999329447746,0.029999999329447746,650000
2021-02-05,0.029999999329447746,0.029999999329447746,0.029999999329447746,0.029999999329447746,0.029999999329447746,730000
2021-02-08,0.029999999329447746,0.029999999329447746,0.029999999329447746,0.029999999329447746,0.029999999329447746,170000
2021-02-09,0.03200000151991844,0.03200000151991844,0.03200000151991844,0.03200000151991844,0.03200000151991844,490000
2021-02-10,0.03799999877810478,0.03799999877810478,0.03999999910593033,0.03500000014901161,0.03500000014901161,5060000
2021-02-11,0.03799999877810478,0.03799999877810478,0.03799999877810478,0.03799999877810478,0.03799999877810478,0
2021-02-16,0.032999999821186066,0.032999999821186066,0.03799999877810478,0.032999999821186066,0.03799999877810478,300000
2021-02-17,0.03400000184774399,0.03400000184774399,0.03400000184774399,0.03400000184774399,0.03400000184774399,0
2021-02-18,0.032999999821186066,0.032999999821186066,0.032999999821186066,0.032999999821186066,0.032999999821186066,60000
2021-02-19,0.035999998450279236,0.035999998450279236,0.035999998450279236,0.03500000014901161,0.03500000014901161,320000
2021-02-22,0.0430000014603138,0.0430000014603138,0.04899999871850014,0.03799999877810478,0.03799999877810478,1980000
2021-02-23,0.04699999839067459,0.04699999839067459,0.04500000178813934,0.04500000178813934,0.04500000178813934,200000
2021-02-24,0.054999999701976776,0.054999999701976776,0.054999999701976776,0.04600000008940697,0.04600000008940697,90000
2021-02-25,0.04800000041723251,0.04800000041723251,0.0560000017285347,0.04600000008940697,0.0560000017285347,400000
2021-02-26,0.04800000041723251,0.04800000041723251,0.04800000041723251,0.04800000041723251,0.04800000041723251,0
2021-03-01,0.05000000074505806,0.05000000074505806,0.05000000074505806,0.05000000074505806,0.05000000074505806,130000
2021-03-02,0.05000000074505806,0.05000000074505806,0.05000000074505806,0.05000000074505806,0.05000000074505806,210000
2021-03-03,0.05000000074505806,0.05000000074505806,0.05000000074505806,0.05000000074505806,0.05000000074505806,0
2021-03-04,0.05000000074505806,0.05000000074505806,0.05000000074505806,0.05000000074505806,0.05000000074505806,0
2021-03-05,0.052000001072883606,0.052000001072883606,0.052000001072883606,0.052000001072883606,0.052000001072883606,10000
2021-03-08,0.05400000140070915,0.05400000140070915,0.05400000140070915,0.05400000140070915,0.05400000140070915,0
2021-03-09,0.05400000140070915,0.05400000140070915,0.05400000140070915,0.05400000140070915,0.05400000140070915,870000
2021-03-10,0.05400000140070915,0.05400000140070915,0.05400000140070915,0.05400000140070915,0.05400000140070915,0
2021-03-11,0.05400000140070915,0.05400000140070915,0.05400000140070915,0.05400000140070915,0.05400000140070915,0
2021-03-12,0.05400000140070915,0.05400000140070915,0.05400000140070915,0.05400000140070915,0.05400000140070915,0
2021-03-15,0.054999999701976776,0.054999999701976776,0.054999999701976776,0.05400000140070915,0.05400000140070915,90000
2021-03-16,0.054999999701976776,0.054999999701976776,0.054999999701976776,0.054999999701976776,0.054999999701976776,0
2021-03-17,0.05000000074505806,0.05000000074505806,0.050999999046325684,0.05000000074505806,0.050999999046325684,690000
2021-03-18,0.05000000074505806,0.05000000074505806,0.05000000074505806,0.05000000074505806,0.05000000074505806,0
2021-03-19,0.05000000074505806,0.05000000074505806,0.05000000074505806,0.05000000074505806,0.05000000074505806,0
2021-03-22,0.0430000014603138,0.0430000014603138,0.0430000014603138,0.0430000014603138,0.0430000014603138,230000
2021-03-23,0.05299999937415123,0.05299999937415123,0.05400000140070915,0.041999999433755875,0.041999999433755875,270000
2021-03-24,0.05999999865889549,0.05999999865889549,0.05999999865889549,0.05400000140070915,0.05400000140070915,430000
2021-03-25,0.07000000029802322,0.07000000029802322,0.07699999958276749,0.06499999761581421,0.06499999761581421,1550000
2021-03-26,0.07000000029802322,0.07000000029802322,0.07100000232458115,0.07000000029802322,0.07000000029802322,180000
2021-03-29,0.0729999989271164,0.0729999989271164,0.0729999989271164,0.0729999989271164,0.0729999989271164,0
2021-03-30,0.05999999865889549,0.05999999865889549,0.0729999989271164,0.05999999865889549,0.0729999989271164,130000
2021-03-31,0.0689999982714653,0.0689999982714653,0.07000000029802322,0.0689999982714653,0.07999999821186066,160000
2021-04-01,0.0689999982714653,0.0689999982714653,0.0689999982714653,0.0689999982714653,0.0689999982714653,0
2021-04-07,0.07000000029802322,0.07000000029802322,0.07999999821186066,0.07999999821186066,0.07999999821186066,0
2021-04-08,0.07000000029802322,0.07000000029802322,0.07000000029802322,0.07000000029802322,0.07000000029802322,230000
2021-04-09,0.07000000029802322,0.07000000029802322,0.07000000029802322,0.07000000029802322,0.07000000029802322,130000
2021-04-12,0.07000000029802322,0.07000000029802322,0.07000000029802322,0.07000000029802322,0.07000000029802322,0
2021-04-13,0.07000000029802322,0.07000000029802322,0.07000000029802322,0.07000000029802322,0.07000000029802322,50000
2021-04-14,0.0689999982714653,0.0689999982714653,0.0689999982714653,0.0689999982714653,0.0689999982714653,0
2021-04-15,0.054999999701976776,0.054999999701976776,0.06800000369548798,0.054999999701976776,0.06800000369548798,230000
2021-04-16,0.0560000017285347,0.0560000017285347,0.0560000017285347,0.0560000017285347,0.0560000017285347,40000
2021-04-19,0.0560000017285347,0.0560000017285347,0.0560000017285347,0.0560000017285347,0.0560000017285347,0
2021-04-20,0.0560000017285347,0.0560000017285347,0.0560000017285347,0.0560000017285347,0.0560000017285347,0
2021-04-21,0.0560000017285347,0.0560000017285347,0.0560000017285347,0.0560000017285347,0.0560000017285347,0
2021-04-22,0.0560000017285347,0.0560000017285347,0.0560000017285347,0.0560000017285347,0.0560000017285347,0
2021-04-23,0.0560000017285347,0.0560000017285347,0.0560000017285347,0.0560000017285347,0.0560000017285347,0
2021-04-26,0.05999999865889549,0.05999999865889549,0.05999999865889549,0.05999999865889549,0.05999999865889549,0
2021-04-27,0.07900000363588333,0.07900000363588333,0.07999999821186066,0.07100000232458115,0.07100000232458115,470000
2021-04-28,0.06300000101327896,0.06300000101327896,0.07999999821186066,0.06300000101327896,0.07999999821186066,480000
2021-04-29,0.06300000101327896,0.06300000101327896,0.06300000101327896,0.06300000101327896,0.06300000101327896,0
2021-04-30,0.06800000369548798,0.06800000369548798,0.06800000369548798,0.06800000369548798,0.06800000369548798,0
2021-05-03,0.07000000029802322,0.07000000029802322,0.07000000029802322,0.07000000029802322,0.07000000029802322,380000
2021-05-04,0.07000000029802322,0.07000000029802322,0.07000000029802322,0.07000000029802322,0.07000000029802322,0
2021-05-05,0.07000000029802322,0.07000000029802322,0.07000000029802322,0.07000000029802322,0.07000000029802322,50000
2021-05-06,0.0820000022649765,0.0820000022649765,0.0820000022649765,0.0820000022649765,0.0820000022649765,20000
2021-05-07,0.0820000022649765,0.0820000022649765,0.08299999684095383,0.0820000022649765,0.0820000022649765,1410000
2021-05-10,0.07800000160932541,0.07800000160932541,0.07800000160932541,0.07599999755620956,0.07800000160932541,280000
2021-05-11,0.07800000160932541,0.07800000160932541,0.07800000160932541,0.07800000160932541,0.07800000160932541,0
2021-05-12,0.07800000160932541,0.07800000160932541,0.07800000160932541,0.07800000160932541,0.07800000160932541,0
2021-05-13,0.07800000160932541,0.07800000160932541,0.07999999821186066,0.07800000160932541,0.07999999821186066,50000
2021-05-14,0.0820000022649765,0.0820000022649765,0.0820000022649765,0.0820000022649765,0.0820000022649765,60000
2021-05-17,0.0820000022649765,0.0820000022649765,0.0820000022649765,0.0820000022649765,0.0820000022649765,0
2021-05-18,0.0820000022649765,0.0820000022649765,0.0820000022649765,0.0820000022649765,0.0820000022649765,0
2021-05-20,0.0820000022649765,0.0820000022649765,0.0820000022649765,0.0820000022649765,0.0820000022649765,0
2021-05-21,0.0820000022649765,0.0820000022649765,0.0820000022649765,0.0820000022649765,0.0820000022649765,0
2021-05-24,0.0820000022649765,0.0820000022649765,0.0820000022649765,0.0820000022649765,0.0820000022649765,0
2021-05-25,0.06499999761581421,0.06499999761581421,0.07699999958276749,0.061000000685453415,0.061000000685453415,1820000
2021-05-26,0.06499999761581421,0.06499999761581421,0.06499999761581421,0.06499999761581421,0.06499999761581421,0
2021-05-27,0.06499999761581421,0.06499999761581421,0.06499999761581421,0.06499999761581421,0.06499999761581421,0
2021-05-28,0.06499999761581421,0.06499999761581421,0.06499999761581421,0.06499999761581421,0.06499999761581421,0
2021-05-31,0.0560000017285347,0.0560000017285347,0.05999999865889549,0.054999999701976776,0.054999999701976776,110000
2021-06-01,0.05999999865889549,0.05999999865889549,0.05999999865889549,0.05999999865889549,0.05999999865889549,0
2021-06-02,0.05999999865889549,0.05999999865889549,0.05999999865889549,0.05999999865889549,0.05999999865889549,0
2021-06-03,0.05999999865889549,0.05999999865889549,0.05999999865889549,0.05999999865889549,0.05999999865889549,0
2021-06-04,0.05999999865889549,0.05999999865889549,0.05999999865889549,0.05999999865889549,0.05999999865889549,0
2021-06-07,0.05999999865889549,0.05999999865889549,0.05999999865889549,0.05999999865889549,0.05999999865889549,0
2021-06-08,0.05999999865889549,0.05999999865889549,0.05999999865889549,0.05900000035762787,0.05900000035762787,410000
2021-06-09,0.05999999865889549,0.05999999865889549,0.05999999865889549,0.05999999865889549,0.05999999865889549,0
2021-06-10,0.07800000160932541,0.07800000160932541,0.07800000160932541,0.07800000160932541,0.07800000160932541,60000
2021-06-11,0.07699999958276749,0.07699999958276749,0.07699999958276749,0.07699999958276749,0.07699999958276749,0
2021-06-15,0.07699999958276749,0.07699999958276749,0.07699999958276749,0.07699999958276749,0.07699999958276749,250000
2021-06-16,0.07599999755620956,0.07599999755620956,0.07599999755620956,0.07599999755620956,0.07599999755620956,0
2021-06-17,0.07599999755620956,0.07599999755620956,0.07599999755620956,0.07599999755620956,0.07599999755620956,0
2021-06-18,0.07599999755620956,0.07599999755620956,0.07599999755620956,0.07599999755620956,0.07599999755620956,0
2021-06-21,0.07599999755620956,0.07599999755620956,0.07599999755620956,0.07599999755620956,0.07599999755620956,0
2021-06-22,0.07500000298023224,0.07500000298023224,0.07500000298023224,0.07500000298023224,0.07500000298023224,0
2021-06-23,0.07400000095367432,0.07400000095367432,0.07400000095367432,0.07400000095367432,0.07400000095367432,0
2021-06-24,0.07400000095367432,0.07400000095367432,0.07400000095367432,0.07400000095367432,0.07400000095367432,0
2021-06-25,0.07400000095367432,0.07400000095367432,0.07400000095367432,0.07400000095367432,0.07400000095367432,0
2021-06-28,0.07500000298023224,0.07500000298023224,0.07699999958276749,0.07699999958276749,0.07699999958276749,50000
2021-06-29,0.07500000298023224,0.07500000298023224,0.07500000298023224,0.07500000298023224,0.07500000298023224,0
2021-06-30,0.07699999958276749,0.07699999958276749,0.07699999958276749,0.07699999958276749,0.07699999958276749,100000
2021-07-02,0.08900000154972076,0.08900000154972076,0.09000000357627869,0.07999999821186066,0.07999999821186066,300000
2021-07-05,0.08900000154972076,0.08900000154972076,0.08900000154972076,0.08900000154972076,0.08900000154972076,0
2021-07-06,0.08900000154972076,0.08900000154972076,0.08900000154972076,0.08900000154972076,0.08900000154972076,0
2021-07-07,0.10000000149011612,0.10000000149011612,0.10000000149011612,0.09000000357627869,0.09200000017881393,1530000
2021-07-08,0.0989999994635582,0.0989999994635582,0.0989999994635582,0.0989999994635582,0.0989999994635582,460000
2021-07-09,0.0989999994635582,0.0989999994635582,0.0989999994635582,0.0989999994635582,0.0989999994635582,100000
2021-07-12,0.0989999994635582,0.0989999994635582,0.0989999994635582,0.0989999994635582,0.0989999994635582,0
2021-07-13,0.0989999994635582,0.0989999994635582,0.0989999994635582,0.0989999994635582,0.0989999994635582,200000
2021-07-14,0.0989999994635582,0.0989999994635582,0.0989999994635582,0.0989999994635582,0.0989999994635582,200000
2021-07-15,0.0989999994635582,0.0989999994635582,0.0989999994635582,0.0989999994635582,0.0989999994635582,100000
2021-07-16,0.1080000028014183,0.1080000028014183,0.1080000028014183,0.1080000028014183,0.1080000028014183,20000
2021-07-19,0.1080000028014183,0.1080000028014183,0.1080000028014183,0.1080000028014183,0.1080000028014183,0
2021-07-20,0.1080000028014183,0.1080000028014183,0.1080000028014183,0.1080000028014183,0.1080000028014183,0
2021-07-21,0.10300000011920929,0.10300000011920929,0.10499999672174454,0.10300000011920929,0.10499999672174454,140000
2021-07-22,0.10499999672174454,0.10499999672174454,0.1080000028014183,0.10300000011920929,0.10300000011920929,200000
2021-07-23,0.10199999809265137,0.10199999809265137,0.10300000011920929,0.10300000011920929,0.10300000011920929,10000
2021-07-26,0.10199999809265137,0.10199999809265137,0.10199999809265137,0.10199999809265137,0.10199999809265137,0
2021-07-27,0.10199999809265137,0.10199999809265137,0.10199999809265137,0.10199999809265137,0.10199999809265137,0
2021-07-28,0.10000000149011612,0.10000000149011612,0.10000000149011612,0.10000000149011612,0.10000000149011612,0
2021-07-29,0.10000000149011612,0.10000000149011612,0.10199999809265137,0.10000000149011612,0.10000000149011612,550000
2021-07-30,0.09799999743700027,0.09799999743700027,0.09799999743700027,0.09799999743700027,0.09799999743700027,0
2021-08-02,0.10000000149011612,0.10000000149011612,0.10000000149011612,0.0989999994635582,0.10000000149011612,320000
2021-08-03,0.09000000357627869,0.09000000357627869,0.09000000357627869,0.09000000357627869,0.09000000357627869,0
2021-08-04,0.09000000357627869,0.09000000357627869,0.09000000357627869,0.09000000357627869,0.09000000357627869,0
2021-08-05,0.07000000029802322,0.07000000029802322,0.07500000298023224,0.05299999937415123,0.07500000298023224,3330000
2021-08-06,0.07999999821186066,0.07999999821186066,0.07999999821186066,0.07000000029802322,0.07100000232458115,1270000
2021-08-09,0.07999999821186066,0.07999999821186066,0.07999999821186066,0.07999999821186066,0.07999999821186066,0
2021-08-10,0.07999999821186066,0.07999999821186066,0.07999999821186066,0.07999999821186066,0.07999999821186066,0
2021-08-11,0.07999999821186066,0.07999999821186066,0.07999999821186066,0.07999999821186066,0.07999999821186066,0
2021-08-12,0.10000000149011612,0.10000000149011612,0.10000000149011612,0.10000000149011612,0.10000000149011612,0
2021-08-13,0.10000000149011612,0.10000000149011612,0.10000000149011612,0.10000000149011612,0.10000000149011612,0
2021-08-16,0.10000000149011612,0.10000000149011612,0.10000000149011612,0.09700000286102295,0.09700000286102295,70000
2021-08-17,0.09700000286102295,0.09700000286102295,0.09700000286102295,0.09700000286102295,0.09700000286102295,0
2021-08-18,0.10000000149011612,0.10000000149011612,0.10000000149011612,0.09600000083446503,0.09600000083446503,10100000
2021-08-19,0.09700000286102295,0.09700000286102295,0.09700000286102295,0.06400000303983688,0.06400000303983688,190000
2021-08-20,0.0989999994635582,0.0989999994635582,0.0989999994635582,0.0989999994635582,0.0989999994635582,0
2021-08-23,0.0989999994635582,0.0989999994635582,0.0989999994635582,0.0989999994635582,0.0989999994635582,0
2021-08-24,0.0989999994635582,0.0989999994635582,0.0989999994635582,0.0989999994635582,0.0989999994635582,0
2021-08-25,0.0989999994635582,0.0989999994635582,0.0989999994635582,0.0989999994635582,0.0989999994635582,0
2021-08-26,0.0989999994635582,0.0989999994635582,0.0989999994635582,0.0989999994635582,0.0989999994635582,0
2021-08-27,0.09700000286102295,0.09700000286102295,0.09700000286102295,0.09700000286102295,0.09700000286102295,0
2021-08-30,0.0949999988079071,0.0949999988079071,0.09799999743700027,0.09799999743700027,0.09799999743700027,40000
2021-08-31,0.0949999988079071,0.0949999988079071,0.0949999988079071,0.0949999988079071,0.0949999988079071,0
2021-09-01,0.07999999821186066,0.07999999821186066,0.07999999821186066,0.07999999821186066,0.07999999821186066,0
2021-09-02,0.0860000029206276,0.0860000029206276,0.0860000029206276,0.07000000029802322,0.07900000363588333,410000
2021-09-03,0.09099999815225601,0.09099999815225601,0.09099999815225601,0.07199999690055847,0.07199999690055847,100000
2021-09-06,0.09099999815225601,0.09099999815225601,0.09099999815225601,0.09099999815225601,0.09099999815225601,0
2021-09-07,0.09000000357627869,0.09000000357627869,0.09000000357627869,0.07599999755620956,0.07599999755620956,30000
2021-09-08,0.08500000089406967,0.08500000089406967,0.08500000089406967,0.08500000089406967,0.08500000089406967,0
2021-09-09,0.07999999821186066,0.07999999821186066,0.07999999821186066,0.07999999821186066,0.07999999821186066,0
2021-09-10,0.07999999821186066,0.07999999821186066,0.07999999821186066,0.07999999821186066,0.07999999821186066,0
2021-09-13,0.07999999821186066,0.07999999821186066,0.07999999821186066,0.07999999821186066,0.07999999821186066,0
2021-09-14,0.0860000029206276,0.0860000029206276,0.0860000029206276,0.07000000029802322,0.07000000029802322,40000
2021-09-15,0.07999999821186066,0.07999999821186066,0.09099999815225601,0.07999999821186066,0.0860000029206276,210000
2021-09-16,0.07999999821186066,0.07999999821186066,0.07999999821186066,0.07999999821186066,0.07999999821186066,0
2021-09-17,0.08799999952316284,0.08799999952316284,0.08799999952316284,0.08500000089406967,0.08500000089406967,30000
2021-09-20,0.08799999952316284,0.08799999952316284,0.08799999952316284,0.08799999952316284,0.08799999952316284,0
2021-09-21,0.08799999952316284,0.08799999952316284,0.08799999952316284,0.08799999952316284,0.08799999952316284,0
2021-09-23,0.08799999952316284,0.08799999952316284,0.08799999952316284,0.08799999952316284,0.08799999952316284,0
2021-09-24,0.08799999952316284,0.08799999952316284,0.08799999952316284,0.08799999952316284,0.08799999952316284,0
2021-09-27,0.08799999952316284,0.08799999952316284,0.08799999952316284,0.08799999952316284,0.08799999952316284,0
2021-09-28,0.08799999952316284,0.08799999952316284,0.08799999952316284,0.08799999952316284,0.08799999952316284,0
2021-09-29,0.08799999952316284,0.08799999952316284,0.08799999952316284,0.08799999952316284,0.08799999952316284,0
2021-09-30,0.08799999952316284,0.08799999952316284,0.08799999952316284,0.08799999952316284,0.08799999952316284,0
2021-10-04,0.09300000220537186,0.09300000220537186,0.09300000220537186,0.08799999952316284,0.08799999952316284,20000
2021-10-05,0.09300000220537186,0.09300000220537186,0.09300000220537186,0.09300000220537186,0.09300000220537186,0
2021-10-06,0.09300000220537186,0.09300000220537186,0.09300000220537186,0.09300000220537186,0.09300000220537186,0
2021-10-07,0.09799999743700027,0.09799999743700027,0.10000000149011612,0.0949999988079071,0.0949999988079071,30650000
2021-10-08,0.0860000029206276,0.0860000029206276,0.08799999952316284,0.07500000298023224,0.07800000160932541,230000
2021-10-11,0.0860000029206276,0.0860000029206276,0.0860000029206276,0.0860000029206276,0.0860000029206276,0
2021-10-12,0.0860000029206276,0.0860000029206276,0.0860000029206276,0.0860000029206276,0.0860000029206276,0
2021-10-15,0.0860000029206276,0.0860000029206276,0.0860000029206276,0.0860000029206276,0.0860000029206276,0
2021-10-18,0.08399999886751175,0.08399999886751175,0.08399999886751175,0.08399999886751175,0.08399999886751175,0
2021-10-19,0.0820000022649765,0.0820000022649765,0.0820000022649765,0.0820000022649765,0.0820000022649765,0
2021-10-20,0.061000000685453415,0.061000000685453415,0.09000000357627869,0.05999999865889549,0.09000000357627869,4550000
2021-10-21,0.05700000002980232,0.05700000002980232,0.05999999865889549,0.05000000074505806,0.05999999865889549,430000
2021-10-22,0.05700000002980232,0.05700000002980232,0.05700000002980232,0.05700000002980232,0.05700000002980232,0
2021-10-25,0.05700000002980232,0.05700000002980232,0.05999999865889549,0.05700000002980232,0.05999999865889549,500000
2021-10-26,0.057999998331069946,0.057999998331069946,0.057999998331069946,0.057999998331069946,0.057999998331069946,0
2021-10-27,0.057999998331069946,0.057999998331069946,0.057999998331069946,0.057999998331069946,0.057999998331069946,0
2021-10-28,0.05700000002980232,0.05700000002980232,0.05700000002980232,0.05700000002980232,0.05700000002980232,0
2021-10-29,0.05700000002980232,0.05700000002980232,0.05700000002980232,0.05700000002980232,0.05700000002980232,0
2021-11-01,0.05700000002980232,0.05700000002980232,0.05700000002980232,0.05700000002980232,0.05700000002980232,0
2021-11-02,0.057999998331069946,0.057999998331069946,0.057999998331069946,0.057999998331069946,0.057999998331069946,0
2021-11-03,0.05700000002980232,0.05700000002980232,0.05700000002980232,0.05700000002980232,0.05700000002980232,0
2021-11-04,0.04500000178813934,0.04500000178813934,0.05299999937415123,0.04500000178813934,0.05299999937415123,850000
2021-11-05,0.05000000074505806,0.05000000074505806,0.05000000074505806,0.05000000074505806,0.05000000074505806,160000
2021-11-08,0.05000000074505806,0.05000000074505806,0.05000000074505806,0.05000000074505806,0.05000000074505806,0
2021-11-09,0.05000000074505806,0.05000000074505806,0.05000000074505806,0.05000000074505806,0.05000000074505806,0
2021-11-10,0.05000000074505806,0.05000000074505806,0.05000000074505806,0.05000000074505806,0.05000000074505806,0
2021-11-11,0.05000000074505806,0.05000000074505806,0.05000000074505806,0.05000000074505806,0.05000000074505806,0
2021-11-12,0.05000000074505806,0.05000000074505806,0.05000000074505806,0.05000000074505806,0.05000000074505806,0
2021-11-15,0.05000000074505806,0.05000000074505806,0.05000000074505806,0.05000000074505806,0.05000000074505806,0
2021-11-16,0.061000000685453415,0.061000000685453415,0.06300000101327896,0.05700000002980232,0.05999999865889549,790000
2021-11-17,0.05900000035762787,0.05900000035762787,0.05999999865889549,0.05999999865889549,0.061000000685453415,380000
2021-11-18,0.05900000035762787,0.05900000035762787,0.05900000035762787,0.05900000035762787,0.05900000035762787,0
2021-11-19,0.057999998331069946,0.057999998331069946,0.057999998331069946,0.057999998331069946,0.057999998331069946,0
2021-11-22,0.057999998331069946,0.057999998331069946,0.057999998331069946,0.057999998331069946,0.057999998331069946,0
2021-11-23,0.057999998331069946,0.057999998331069946,0.057999998331069946,0.057999998331069946,0.057999998331069946,250000
2021-11-24,0.057999998331069946,0.057999998331069946,0.057999998331069946,0.057999998331069946,0.057999998331069946,0
2021-11-25,0.057999998331069946,0.057999998331069946,0.057999998331069946,0.057999998331069946,0.057999998331069946,0
2021-11-26,0.057999998331069946,0.057999998331069946,0.057999998331069946,0.057999998331069946,0.057999998331069946,0
2021-11-29,0.057999998331069946,0.057999998331069946,0.057999998331069946,0.057999998331069946,0.057999998331069946,0
2021-11-30,0.052000001072883606,0.052000001072883606,0.052000001072883606,0.052000001072883606,0.052000001072883606,0
2021-12-01,0.04800000041723251,0.04800000041723251,0.04800000041723251,0.04800000041723251,0.04800000041723251,0
2021-12-02,0.04800000041723251,0.04800000041723251,0.04800000041723251,0.04800000041723251,0.04800000041723251,10000
2021-12-03,0.04800000041723251,0.04800000041723251,0.04800000041723251,0.04800000041723251,0.04800000041723251,0
2021-12-06,0.04800000041723251,0.04800000041723251,0.04800000041723251,0.04800000041723251,0.04800000041723251,0
2021-12-07,0.04899999871850014,0.04899999871850014,0.04899999871850014,0.04899999871850014,0.04899999871850014,0
2021-12-08,0.04500000178813934,0.04500000178813934,0.04500000178813934,0.04500000178813934,0.04500000178813934,0
2021-12-09,0.04500000178813934,0.04500000178813934,0.04500000178813934,0.04500000178813934,0.04500000178813934,0
2021-12-10,0.04500000178813934,0.04500000178813934,0.04500000178813934,0.04500000178813934,0.04500000178813934,0
2021-12-13,0.04500000178813934,0.04500000178813934,0.04500000178813934,0.04500000178813934,0.04500000178813934,0
2021-12-14,0.04500000178813934,0.04500000178813934,0.04500000178813934,0.04500000178813934,0.04500000178813934,0
2021-12-15,0.04500000178813934,0.04500000178813934,0.04500000178813934,0.04500000178813934,0.04500000178813934,0
2021-12-16,0.04500000178813934,0.04500000178813934,0.04500000178813934,0.04500000178813934,0.04500000178813934,0
2021-12-17,0.04500000178813934,0.04500000178813934,0.04500000178813934,0.04500000178813934,0.04500000178813934,0
2021-12-20,0.04500000178813934,0.04500000178813934,0.04500000178813934,0.04500000178813934,0.04500000178813934,0
2021-12-21,0.04500000178813934,0.04500000178813934,0.04500000178813934,0.04500000178813934,0.04500000178813934,0
2021-12-22,0.04500000178813934,0.04500000178813934,0.04500000178813934,0.04500000178813934,0.04500000178813934,0
2021-12-23,0.04500000178813934,0.04500000178813934,0.04500000178813934,0.04500000178813934,0.04500000178813934,0
2021-12-24,0.04500000178813934,0.04500000178813934,0.04500000178813934,0.04500000178813934,0.04500000178813934,0
2021-12-28,0.04500000178813934,0.04500000178813934,0.04500000178813934,0.04500000178813934,0.04500000178813934,0
2021-12-29,0.04500000178813934,0.04500000178813934,0.04500000178813934,0.04500000178813934,0.04500000178813934,0
2021-12-30,0.05000000074505806,0.05000000074505806,0.05000000074505806,0.05000000074505806,0.05000000074505806,0
2021-12-31,0.05000000074505806,0.05000000074505806,0.05000000074505806,0.05000000074505806,0.05000000074505806,0
2022-01-03,0.05000000074505806,0.05000000074505806,0.05000000074505806,0.05000000074505806,0.05000000074505806,0
2022-01-04,0.05000000074505806,0.05000000074505806,0.05000000074505806,0.05000000074505806,0.05000000074505806,0
2022-01-05,0.05000000074505806,0.05000000074505806,0.05000000074505806,0.05000000074505806,0.05000000074505806,0
2022-01-06,0.05000000074505806,0.05000000074505806,0.05000000074505806,0.05000000074505806,0.05000000074505806,0
2022-01-07,0.05000000074505806,0.05000000074505806,0.05000000074505806,0.05000000074505806,0.05000000074505806,0
2022-01-10,0.05000000074505806,0.05000000074505806,0.05000000074505806,0.05000000074505806,0.05000000074505806,0
2022-01-11,0.05000000074505806,0.05000000074505806,0.05000000074505806,0.05000000074505806,0.05000000074505806,50000
2022-01-12,0.05000000074505806,0.05000000074505806,0.05000000074505806,0.05000000074505806,0.05000000074505806,0
2022-01-13,0.05000000074505806,0.05000000074505806,0.05000000074505806,0.05000000074505806,0.05000000074505806,0
2022-01-14,0.05000000074505806,0.05000000074505806,0.05000000074505806,0.05000000074505806,0.05000000074505806,10000
2022-01-17,0.05000000074505806,0.05000000074505806,0.05000000074505806,0.05000000074505806,0.05000000074505806,0
2022-01-18,0.05900000035762787,0.05900000035762787,0.05900000035762787,0.05900000035762787,0.05900000035762787,10000
2022-01-19,0.05900000035762787,0.05900000035762787,0.05900000035762787,0.05900000035762787,0.05900000035762787,0
2022-01-20,0.05400000140070915,0.05400000140070915,0.05400000140070915,0.05400000140070915,0.05400000140070915,0
2022-01-21,0.05400000140070915,0.05400000140070915,0.05400000140070915,0.05400000140070915,0.05400000140070915,0
2022-01-24,0.03799999877810478,0.03799999877810478,0.054999999701976776,0.03799999877810478,0.05400000140070915,3260000
2022-01-25,0.03799999877810478,0.03799999877810478,0.04899999871850014,0.03700000047683716,0.03799999877810478,600000
2022-01-26,0.03099999949336052,0.03099999949336052,0.03799999877810478,0.03099999949336052,0.03400000184774399,580000
2022-01-27,0.03099999949336052,0.03099999949336052,0.03200000151991844,0.03099999949336052,0.03200000151991844,220000
2022-01-28,0.01899999938905239,0.01899999938905239,0.03099999949336052,0.01899999938905239,0.02800000086426735,37620000
2022-01-31,0.013000000268220901,0.013000000268220901,0.013000000268220901,0.013000000268220901,0.013000000268220901,0
2022-02-04,0.017000000923871994,0.017000000923871994,0.023000000044703484,0.013000000268220901,0.014000000432133675,15020000
2022-02-07,0.019999999552965164,0.019999999552965164,0.024000000208616257,0.017999999225139618,0.024000000208616257,7630000
2022-02-08,0.019999999552965164,0.019999999552965164,0.02199999988079071,0.017999999225139618,0.020999999716877937,1910000
2022-02-09,0.017999999225139618,0.017999999225139618,0.019999999552965164,0.017000000923871994,0.019999999552965164,2840000
2022-02-10,0.017999999225139618,0.017999999225139618,0.017999999225139618,0.01600000075995922,0.017999999225139618,520000
2022-02-11,0.01899999938905239,0.01899999938905239,0.020999999716877937,0.01600000075995922,0.017999999225139618,1760000
2022-02-14,0.01899999938905239,0.01899999938905239,0.01899999938905239,0.017999999225139618,0.01899999938905239,410000
2022-02-15,0.01899999938905239,0.01899999938905239,0.01899999938905239,0.01899999938905239,0.01899999938905239,0
2022-02-16,0.019999999552965164,0.019999999552965164,0.019999999552965164,0.01899999938905239,0.01899999938905239,390000
2022-02-17,0.019999999552965164,0.019999999552965164,0.019999999552965164,0.019999999552965164,0.019999999552965164,0
2022-02-18,0.017999999225139618,0.017999999225139618,0.02199999988079071,0.017999999225139618,0.019999999552965164,1260000
2022-02-21,0.02199999988079071,0.02199999988079071,0.02199999988079071,0.01899999938905239,0.019999999552965164,2550000
2022-02-22,0.019999999552965164,0.019999999552965164,0.02199999988079071,0.017000000923871994,0.02199999988079071,560000
2022-02-23,0.01899999938905239,0.01899999938905239,0.01899999938905239,0.017000000923871994,0.017999999225139618,1030000
2022-02-24,0.01899999938905239,0.01899999938905239,0.01899999938905239,0.01899999938905239,0.01899999938905239,10000
2022-02-25,0.017999999225139618,0.017999999225139618,0.017999999225139618,0.017000000923871994,0.017000000923871994,270000
2022-02-28,0.014999999664723873,0.014999999664723873,0.017999999225139618,0.014999999664723873,0.017999999225139618,140000
2022-03-01,0.017999999225139618,0.017999999225139618,0.017999999225139618,0.017999999225139618,0.017999999225139618,430000
2022-03-02,0.01899999938905239,0.01899999938905239,0.01899999938905239,0.01899999938905239,0.01899999938905239,10000
2022-03-03,0.01899999938905239,0.01899999938905239,0.01899999938905239,0.01899999938905239,0.01899999938905239,0
2022-03-04,0.01899999938905239,0.01899999938905239,0.01899999938905239,0.01899999938905239,0.01899999938905239,0
2022-03-07,0.017999999225139618,0.017999999225139618,0.017999999225139618,0.017999999225139618,0.017999999225139618,0
2022-03-08,0.017999999225139618,0.017999999225139618,0.017999999225139618,0.017999999225139618,0.017999999225139618,0
2022-03-09,0.01899999938905239,0.01899999938905239,0.01899999938905239,0.01899999938905239,0.01899999938905239,0
2022-03-10,0.017999999225139618,0.017999999225139618,0.017999999225139618,0.017999999225139618,0.017999999225139618,340000
2022-03-11,0.01600000075995922,0.01600000075995922,0.01600000075995922,0.01600000075995922,0.01600000075995922,0
2022-03-14,0.01600000075995922,0.01600000075995922,0.01600000075995922,0.01600000075995922,0.01600000075995922,110000
2022-03-15,0.014999999664723873,0.014999999664723873,0.01600000075995922,0.014999999664723873,0.01600000075995922,1010000
2022-03-16,0.014999999664723873,0.014999999664723873,0.014999999664723873,0.014999999664723873,0.014999999664723873,0
2022-03-17,0.013000000268220901,0.013000000268220901,0.014000000432133675,0.013000000268220901,0.013000000268220901,1640000
2022-03-18,0.014999999664723873,0.014999999664723873,0.013000000268220901,0.013000000268220901,0.013000000268220901,20000
2022-03-21,0.014999999664723873,0.014999999664723873,0.014999999664723873,0.014999999664723873,0.014999999664723873,0
2022-03-22,0.014999999664723873,0.014999999664723873,0.014999999664723873,0.014999999664723873,0.014999999664723873,0
2022-03-23,0.014999999664723873,0.014999999664723873,0.014999999664723873,0.014999999664723873,0.014999999664723873,40000
2022-03-24,0.014999999664723873,0.014999999664723873,0.014999999664723873,0.014999999664723873,0.014999999664723873,0
2022-03-25,0.014999999664723873,0.014999999664723873,0.014999999664723873,0.014999999664723873,0.014999999664723873,0
2022-03-28,0.014999999664723873,0.014999999664723873,0.014999999664723873,0.014999999664723873,0.014999999664723873,0
2022-03-29,0.013000000268220901,0.013000000268220901,0.014000000432133675,0.013000000268220901,0.014000000432133675,340000
2022-03-30,0.013000000268220901,0.013000000268220901,0.013000000268220901,0.013000000268220901,0.013000000268220901,100000
2022-03-31,0.013000000268220901,0.013000000268220901,0.013000000268220901,0.013000000268220901,0.013000000268220901,0
2022-04-01,0.013000000268220901,0.013000000268220901,0.013000000268220901,0.013000000268220901,0.013000000268220901,0
2022-04-04,0.013000000268220901,0.013000000268220901,0.013000000268220901,0.013000000268220901,0.013000000268220901,0
2022-04-06,0.014000000432133675,0.014000000432133675,0.014000000432133675,0.014000000432133675,0.014000000432133675,0
2022-04-07,0.014000000432133675,0.014000000432133675,0.013000000268220901,0.013000000268220901,0.014000000432133675,10000
2022-04-08,0.01600000075995922,0.01600000075995922,0.01600000075995922,0.01600000075995922,0.01600000075995922,10000
2022-04-11,0.01600000075995922,0.01600000075995922,0.01600000075995922,0.01600000075995922,0.01600000075995922,0
2022-04-12,0.01600000075995922,0.01600000075995922,0.01600000075995922,0.01600000075995922,0.01600000075995922,0
2022-04-13,0.01600000075995922,0.01600000075995922,0.01600000075995922,0.01600000075995922,0.01600000075995922,0
2022-04-14,0.017000000923871994,0.017000000923871994,0.017000000923871994,0.017000000923871994,0.017000000923871994,1030000
2022-04-19,0.017000000923871994,0.017000000923871994,0.017000000923871994,0.017000000923871994,0.017000000923871994,0
2022-04-20,0.017000000923871994,0.017000000923871994,0.017000000923871994,0.017000000923871994,0.017000000923871994,380000
2022-04-21,0.017000000923871994,0.017000000923871994,0.017000000923871994,0.017000000923871994,0.017000000923871994,210000
2022-04-22,0.017000000923871994,0.017000000923871994,0.017000000923871994,0.017000000923871994,0.017000000923871994,50000
2022-04-25,0.017000000923871994,0.017000000923871994,0.017000000923871994,0.017000000923871994,0.017000000923871994,0
2022-04-26,0.017000000923871994,0.017000000923871994,0.017000000923871994,0.017000000923871994,0.017000000923871994,0
2022-04-27,0.017000000923871994,0.017000000923871994,0.017000000923871994,0.017000000923871994,0.017000000923871994,0
2022-04-28,0.017999999225139618,0.017999999225139618,0.017999999225139618,0.017999999225139618,0.017999999225139618,0
2022-04-29,0.020999999716877937,0.020999999716877937,0.020999999716877937,0.020999999716877937,0.020999999716877937,1340000
2022-05-03,0.020999999716877937,0.020999999716877937,0.020999999716877937,0.020999999716877937,0.020999999716877937,0
2022-05-04,0.020999999716877937,0.020999999716877937,0.020999999716877937,0.020999999716877937,0.020999999716877937,0
2022-05-05,0.017999999225139618,0.017999999225139618,0.02500000037252903,0.01600000075995922,0.01600000075995922,4430000
2022-05-06,0.017999999225139618,0.017999999225139618,0.017999999225139618,0.017999999225139618,0.017999999225139618,0
2022-05-10,0.014999999664723873,0.014999999664723873,0.014999999664723873,0.014999999664723873,0.014999999664723873,210000
2022-05-11,0.014999999664723873,0.014999999664723873,0.014999999664723873,0.014999999664723873,0.014999999664723873,0
2022-05-12,0.014000000432133675,0.014000000432133675,0.014000000432133675,0.013000000268220901,0.014000000432133675,1090000
2022-05-13,0.014000000432133675,0.014000000432133675,0.014000000432133675,0.014000000432133675,0.014000000432133675,0
2022-05-16,0.014000000432133675,0.014000000432133675,0.014000000432133675,0.014000000432133675,0.014000000432133675,0
2022-05-17,0.014000000432133675,0.014000000432133675,0.014000000432133675,0.014000000432133675,0.014000000432133675,0
2022-05-18,0.014000000432133675,0.014000000432133675,0.014000000432133675,0.014000000432133675,0.014000000432133675,0
2022-05-19,0.014000000432133675,0.014000000432133675,0.014000000432133675,0.014000000432133675,0.014000000432133675,0
2022-05-20,0.014000000432133675,0.014000000432133675,0.014000000432133675,0.014000000432133675,0.014000000432133675,0
2022-05-23,0.014000000432133675,0.014000000432133675,0.014000000432133675,0.014000000432133675,0.014000000432133675,0
2022-05-24,0.014000000432133675,0.014000000432133675,0.014000000432133675,0.014000000432133675,0.014000000432133675,0
2022-05-25,0.014000000432133675,0.014000000432133675,0.014000000432133675,0.014000000432133675,0.014000000432133675,0
2022-05-26,0.014000000432133675,0.014000000432133675,0.014000000432133675,0.014000000432133675,0.014000000432133675,0
2022-05-27,0.014000000432133675,0.014000000432133675,0.014000000432133675,0.014000000432133675,0.014000000432133675,0
2022-05-30,0.014000000432133675,0.014000000432133675,0.014000000432133675,0.014000000432133675,0.014000000432133675,0
2022-05-31,0.014000000432133675,0.014000000432133675,0.014000000432133675,0.014000000432133675,0.014000000432133675,0
2022-06-01,0.014000000432133675,0.014000000432133675,0.014000000432133675,0.014000000432133675,0.014000000432133675,0
2022-06-02,0.014000000432133675,0.014000000432133675,0.014000000432133675,0.014000000432133675,0.014000000432133675,0
2022-06-06,0.014000000432133675,0.014000000432133675,0.014000000432133675,0.014000000432133675,0.014000000432133675,0
2022-06-07,0.014000000432133675,0.014000000432133675,0.014000000432133675,0.014000000432133675,0.014000000432133675,0
2022-06-08,0.014000000432133675,0.014000000432133675,0.014000000432133675,0.014000000432133675,0.014000000432133675,0
2022-06-09,0.014000000432133675,0.014000000432133675,0.014000000432133675,0.014000000432133675,0.014000000432133675,0
2022-06-10,0.014000000432133675,0.014000000432133675,0.014000000432133675,0.014000000432133675,0.014000000432133675,0
2022-06-13,0.014000000432133675,0.014000000432133675,0.014000000432133675,0.014000000432133675,0.014000000432133675,0
2022-06-14,0.014000000432133675,0.014000000432133675,0.014000000432133675,0.014000000432133675,0.014000000432133675,0
2022-06-15,0.014000000432133675,0.014000000432133675,0.014000000432133675,0.014000000432133675,0.014000000432133675,0
2022-06-16,0.014000000432133675,0.014000000432133675,0.014000000432133675,0.014000000432133675,0.014000000432133675,0
2022-06-17,0.014000000432133675,0.014000000432133675,0.014000000432133675,0.014000000432133675,0.014000000432133675,0
2022-06-20,0.014000000432133675,0.014000000432133675,0.014000000432133675,0.014000000432133675,0.014000000432133675,0
2022-06-21,0.014000000432133675,0.014000000432133675,0.014000000432133675,0.014000000432133675,0.014000000432133675,0
2022-06-22,0.014000000432133675,0.014000000432133675,0.014000000432133675,0.014000000432133675,0.014000000432133675,0
2022-06-23,0.014000000432133675,0.014000000432133675,0.014000000432133675,0.014000000432133675,0.014000000432133675,0
2022-06-24,0.014000000432133675,0.014000000432133675,0.014000000432133675,0.014000000432133675,0.014000000432133675,0
2022-06-27,0.014000000432133675,0.014000000432133675,0.014000000432133675,0.014000000432133675,0.014000000432133675,0
2022-06-28,0.014000000432133675,0.014000000432133675,0.014000000432133675,0.014000000432133675,0.014000000432133675,0
2022-06-29,0.014000000432133675,0.014000000432133675,0.014000000432133675,0.014000000432133675,0.014000000432133675,0
2022-06-30,0.014000000432133675,0.014000000432133675,0.014000000432133675,0.014000000432133675,0.014000000432133675,0
2022-07-04,0.014000000432133675,0.014000000432133675,0.014000000432133675,0.014000000432133675,0.014000000432133675,0
2022-07-05,0.014000000432133675,0.014000000432133675,0.014000000432133675,0.014000000432133675,0.014000000432133675,0
2022-07-06,0.014000000432133675,0.014000000432133675,0.014000000432133675,0.014000000432133675,0.014000000432133675,0
2022-07-07,0.014000000432133675,0.014000000432133675,0.014000000432133675,0.014000000432133675,0.014000000432133675,0
2022-07-08,0.014000000432133675,0.014000000432133675,0.014000000432133675,0.014000000432133675,0.014000000432133675,0
2022-07-11,0.014000000432133675,0.014000000432133675,0.014000000432133675,0.014000000432133675,0.014000000432133675,0
2022-07-12,0.014000000432133675,0.014000000432133675,0.014000000432133675,0.014000000432133675,0.014000000432133675,0
2022-07-13,0.014000000432133675,0.014000000432133675,0.014000000432133675,0.014000000432133675,0.014000000432133675,0
2022-07-14,0.014000000432133675,0.014000000432133675,0.014000000432133675,0.014000000432133675,0.014000000432133675,0
2022-07-15,0.014000000432133675,0.014000000432133675,0.014000000432133675,0.014000000432133675,0.014000000432133675,0
2022-07-18,0.014000000432133675,0.014000000432133675,0.014000000432133675,0.014000000432133675,0.014000000432133675,0
2022-07-19,0.014000000432133675,0.014000000432133675,0.014000000432133675,0.014000000432133675,0.014000000432133675,0
2022-07-20,0.014000000432133675,0.014000000432133675,0.014000000432133675,0.014000000432133675,0.014000000432133675,0
2022-07-21,0.014000000432133675,0.014000000432133675,0.014000000432133675,0.014000000432133675,0.014000000432133675,0
2022-07-22,0.014000000432133675,0.014000000432133675,0.014000000432133675,0.014000000432133675,0.014000000432133675,0
2022-07-25,0.014000000432133675,0.014000000432133675,0.014000000432133675,0.014000000432133675,0.014000000432133675,0
2022-07-26,0.014000000432133675,0.014000000432133675,0.014000000432133675,0.014000000432133675,0.014000000432133675,0
2022-07-27,0.014000000432133675,0.014000000432133675,0.014000000432133675,0.014000000432133675,0.014000000432133675,0
2022-07-28,0.014000000432133675,0.014000000432133675,0.014000000432133675,0.014000000432133675,0.014000000432133675,0
2022-07-29,0.014000000432133675,0.014000000432133675,0.014000000432133675,0.014000000432133675,0.014000000432133675,0
2022-08-01,0.014000000432133675,0.014000000432133675,0.014000000432133675,0.014000000432133675,0.014000000432133675,0
2022-08-02,0.014000000432133675,0.014000000432133675,0.014000000432133675,0.014000000432133675,0.014000000432133675,0
2022-08-03,0.014000000432133675,0.014000000432133675,0.014000000432133675,0.014000000432133675,0.014000000432133675,0
2022-08-04,0.014000000432133675,0.014000000432133675,0.014000000432133675,0.014000000432133675,0.014000000432133675,0
2022-08-05,0.014000000432133675,0.014000000432133675,0.014000000432133675,0.014000000432133675,0.014000000432133675,0
2022-08-08,0.014000000432133675,0.014000000432133675,0.014000000432133675,0.014000000432133675,0.014000000432133675,0
2022-08-09,0.014000000432133675,0.014000000432133675,0.014000000432133675,0.014000000432133675,0.014000000432133675,0
2022-08-10,0.014000000432133675,0.014000000432133675,0.014000000432133675,0.014000000432133675,0.014000000432133675,0
2022-08-11,0.014000000432133675,0.014000000432133675,0.014000000432133675,0.014000000432133675,0.014000000432133675,0
2022-08-12,0.014000000432133675,0.014000000432133675,0.014000000432133675,0.014000000432133675,0.014000000432133675,0
2022-08-15,0.014000000432133675,0.014000000432133675,0.014000000432133675,0.014000000432133675,0.014000000432133675,0
2022-08-16,0.014000000432133675,0.014000000432133675,0.014000000432133675,0.014000000432133675,0.014000000432133675,0
2022-08-17,0.014000000432133675,0.014000000432133675,0.014000000432133675,0.014000000432133675,0.014000000432133675,0
2022-08-18,0.014000000432133675,0.014000000432133675,0.014000000432133675,0.014000000432133675,0.014000000432133675,0
2022-08-19,0.014000000432133675,0.014000000432133675,0.014000000432133675,0.014000000432133675,0.014000000432133675,0
2022-08-22,0.014000000432133675,0.014000000432133675,0.014000000432133675,0.014000000432133675,0.014000000432133675,0
2022-08-23,0.014000000432133675,0.014000000432133675,0.014000000432133675,0.014000000432133675,0.014000000432133675,0
2022-08-24,0.014000000432133675,0.014000000432133675,0.014000000432133675,0.014000000432133675,0.014000000432133675,0
2022-08-25,0.014000000432133675,0.014000000432133675,0.014000000432133675,0.014000000432133675,0.014000000432133675,0
2022-08-26,0.014000000432133675,0.014000000432133675,0.014000000432133675,0.014000000432133675,0.014000000432133675,0
2022-08-29,0.014000000432133675,0.014000000432133675,0.014000000432133675,0.014000000432133675,0.014000000432133675,0
2022-08-30,0.014000000432133675,0.014000000432133675,0.014000000432133675,0.014000000432133675,0.014000000432133675,0
2022-08-31,0.014000000432133675,0.014000000432133675,0.014000000432133675,0.014000000432133675,0.014000000432133675,0
2022-09-01,0.014000000432133675,0.014000000432133675,0.014000000432133675,0.014000000432133675,0.014000000432133675,0
2022-09-02,0.014000000432133675,0.014000000432133675,0.014000000432133675,0.014000000432133675,0.014000000432133675,0
2022-09-05,0.014000000432133675,0.014000000432133675,0.014000000432133675,0.014000000432133675,0.014000000432133675,0
2022-09-06,0.014000000432133675,0.014000000432133675,0.014000000432133675,0.014000000432133675,0.014000000432133675,0
2022-09-07,0.014000000432133675,0.014000000432133675,0.014000000432133675,0.014000000432133675,0.014000000432133675,0
2022-09-08,0.014000000432133675,0.014000000432133675,0.014000000432133675,0.014000000432133675,0.014000000432133675,0
2022-09-09,0.014000000432133675,0.014000000432133675,0.014000000432133675,0.014000000432133675,0.014000000432133675,0
2022-09-13,0.014000000432133675,0.014000000432133675,0.014000000432133675,0.014000000432133675,0.014000000432133675,0
2022-09-14,0.014000000432133675,0.014000000432133675,0.014000000432133675,0.014000000432133675,0.014000000432133675,0
2022-09-15,0.014000000432133675,0.014000000432133675,0.014000000432133675,0.014000000432133675,0.014000000432133675,0
2022-09-16,0.014000000432133675,0.014000000432133675,0.014000000432133675,0.014000000432133675,0.014000000432133675,0
2022-09-19,0.014000000432133675,0.014000000432133675,0.014000000432133675,0.014000000432133675,0.014000000432133675,0
2022-09-20,0.014000000432133675,0.014000000432133675,0.014000000432133675,0.014000000432133675,0.014000000432133675,0
2022-09-21,0.014000000432133675,0.014000000432133675,0.014000000432133675,0.014000000432133675,0.014000000432133675,0
2022-09-22,0.014000000432133675,0.014000000432133675,0.014000000432133675,0.014000000432133675,0.014000000432133675,0
2022-09-23,0.014000000432133675,0.014000000432133675,0.014000000432133675,0.014000000432133675,0.014000000432133675,0
2022-09-26,0.014000000432133675,0.014000000432133675,0.014000000432133675,0.014000000432133675,0.014000000432133675,0
2022-09-27,0.014000000432133675,0.014000000432133675,0.014000000432133675,0.014000000432133675,0.014000000432133675,0
2022-09-28,0.014000000432133675,0.014000000432133675,0.014000000432133675,0.014000000432133675,0.014000000432133675,0
2022-09-29,0.014000000432133675,0.014000000432133675,0.014000000432133675,0.014000000432133675,0.014000000432133675,0
2022-09-30,0.014000000432133675,0.014000000432133675,0.014000000432133675,0.014000000432133675,0.014000000432133675,0
2022-10-03,0.014000000432133675,0.014000000432133675,0.014000000432133675,0.014000000432133675,0.014000000432133675,0
2022-10-05,0.014000000432133675,0.014000000432133675,0.014000000432133675,0.014000000432133675,0.014000000432133675,0
2022-10-06,0.014000000432133675,0.014000000432133675,0.014000000432133675,0.014000000432133675,0.014000000432133675,0
2022-10-07,0.014000000432133675,0.014000000432133675,0.014000000432133675,0.014000000432133675,0.014000000432133675,0
2022-10-10,0.014000000432133675,0.014000000432133675,0.014000000432133675,0.014000000432133675,0.014000000432133675,0
2022-10-11,0.014000000432133675,0.014000000432133675,0.014000000432133675,0.014000000432133675,0.014000000432133675,0
2022-10-12,0.014000000432133675,0.014000000432133675,0.014000000432133675,0.014000000432133675,0.014000000432133675,0
2022-10-13,0.014000000432133675,0.014000000432133675,0.014000000432133675,0.014000000432133675,0.014000000432133675,0
2022-10-14,0.014000000432133675,0.014000000432133675,0.014000000432133675,0.014000000432133675,0.014000000432133675,0
2022-10-17,0.014000000432133675,0.014000000432133675,0.014000000432133675,0.014000000432133675,0.014000000432133675,0
2022-10-18,0.014000000432133675,0.014000000432133675,0.014000000432133675,0.014000000432133675,0.014000000432133675,0
2022-10-19,0.014000000432133675,0.014000000432133675,0.014000000432133675,0.014000000432133675,0.014000000432133675,0
2022-10-20,0.014000000432133675,0.014000000432133675,0.014000000432133675,0.014000000432133675,0.014000000432133675,0
2022-10-21,0.014000000432133675,0.014000000432133675,0.014000000432133675,0.014000000432133675,0.014000000432133675,0
2022-10-24,0.014000000432133675,0.014000000432133675,0.014000000432133675,0.014000000432133675,0.014000000432133675,0
2022-10-25,0.014000000432133675,0.014000000432133675,0.014000000432133675,0.014000000432133675,0.014000000432133675,0
2022-10-26,0.014000000432133675,0.014000000432133675,0.014000000432133675,0.014000000432133675,0.014000000432133675,0
2022-10-27,0.014000000432133675,0.014000000432133675,0.014000000432133675,0.014000000432133675,0.014000000432133675,0
2022-10-28,0.014000000432133675,0.014000000432133675,0.014000000432133675,0.014000000432133675,0.014000000432133675,0
2022-10-31,0.014000000432133675,0.014000000432133675,0.014000000432133675,0.014000000432133675,0.014000000432133675,0
2022-11-01,0.014000000432133675,0.014000000432133675,0.014000000432133675,0.014000000432133675,0.014000000432133675,0
2022-11-02,0.014000000432133675,0.014000000432133675,0.014000000432133675,0.014000000432133675,0.014000000432133675,0
2022-11-03,0.014000000432133675,0.014000000432133675,0.014000000432133675,0.014000000432133675,0.014000000432133675,0
2022-11-04,0.014000000432133675,0.014000000432133675,0.014000000432133675,0.014000000432133675,0.014000000432133675,0
2022-11-07,0.014000000432133675,0.014000000432133675,0.014000000432133675,0.014000000432133675,0.014000000432133675,0
2022-11-08,0.014000000432133675,0.014000000432133675,0.014000000432133675,0.014000000432133675,0.014000000432133675,0
2022-11-09,0.014000000432133675,0.014000000432133675,0.014000000432133675,0.014000000432133675,0.014000000432133675,0
2022-11-10,0.014000000432133675,0.014000000432133675,0.014000000432133675,0.014000000432133675,0.014000000432133675,0
2022-11-11,0.014000000432133675,0.014000000432133675,0.014000000432133675,0.014000000432133675,0.014000000432133675,0
2022-11-14,0.014000000432133675,0.014000000432133675,0.014000000432133675,0.014000000432133675,0.014000000432133675,0
2022-11-15,0.014000000432133675,0.014000000432133675,0.014000000432133675,0.014000000432133675,0.014000000432133675,0
2022-11-16,0.014000000432133675,0.014000000432133675,0.014000000432133675,0.014000000432133675,0.014000000432133675,0
2022-11-17,0.014000000432133675,0.014000000432133675,0.014000000432133675,0.014000000432133675,0.014000000432133675,0
2022-11-18,0.014000000432133675,0.014000000432133675,0.014000000432133675,0.014000000432133675,0.014000000432133675,0
2022-11-21,0.014000000432133675,0.014000000432133675,0.014000000432133675,0.014000000432133675,0.014000000432133675,0
2022-11-22,0.014000000432133675,0.014000000432133675,0.014000000432133675,0.014000000432133675,0.014000000432133675,0
2022-11-23,0.014000000432133675,0.014000000432133675,0.014000000432133675,0.014000000432133675,0.014000000432133675,0
2022-11-24,0.014000000432133675,0.014000000432133675,0.014000000432133675,0.014000000432133675,0.014000000432133675,0
2022-11-25,0.014000000432133675,0.014000000432133675,0.014000000432133675,0.014000000432133675,0.014000000432133675,0
2022-11-28,0.014000000432133675,0.014000000432133675,0.014000000432133675,0.014000000432133675,0.014000000432133675,0
2022-11-29,0.014000000432133675,0.014000000432133675,0.014000000432133675,0.014000000432133675,0.014000000432133675,0
2022-11-30,0.014000000432133675,0.014000000432133675,0.014000000432133675,0.014000000432133675,0.014000000432133675,0
2022-12-01,0.014000000432133675,0.014000000432133675,0.014000000432133675,0.014000000432133675,0.014000000432133675,0
2022-12-02,0.014000000432133675,0.014000000432133675,0.014000000432133675,0.014000000432133675,0.014000000432133675,0
2022-12-05,0.014000000432133675,0.014000000432133675,0.014000000432133675,0.014000000432133675,0.014000000432133675,0
2022-12-06,0.014000000432133675,0.014000000432133675,0.014000000432133675,0.014000000432133675,0.014000000432133675,0
2022-12-07,0.014000000432133675,0.014000000432133675,0.014000000432133675,0.014000000432133675,0.014000000432133675,0
2022-12-08,0.014000000432133675,0.014000000432133675,0.014000000432133675,0.014000000432133675,0.014000000432133675,0
2022-12-09,0.014000000432133675,0.014000000432133675,0.014000000432133675,0.014000000432133675,0.014000000432133675,0
2022-12-12,0.014000000432133675,0.014000000432133675,0.014000000432133675,0.014000000432133675,0.014000000432133675,0
2022-12-13,0.014000000432133675,0.014000000432133675,0.014000000432133675,0.014000000432133675,0.014000000432133675,0
2022-12-14,0.014000000432133675,0.014000000432133675,0.014000000432133675,0.014000000432133675,0.014000000432133675,0
2022-12-15,0.014000000432133675,0.014000000432133675,0.014000000432133675,0.014000000432133675,0.014000000432133675,0
2022-12-16,0.014000000432133675,0.014000000432133675,0.014000000432133675,0.014000000432133675,0.014000000432133675,0
2022-12-19,0.014000000432133675,0.014000000432133675,0.014000000432133675,0.014000000432133675,0.014000000432133675,0
2022-12-20,0.014000000432133675,0.014000000432133675,0.014000000432133675,0.014000000432133675,0.014000000432133675,0
2022-12-21,0.014000000432133675,0.014000000432133675,0.014000000432133675,0.014000000432133675,0.014000000432133675,0
2022-12-22,0.014000000432133675,0.014000000432133675,0.014000000432133675,0.014000000432133675,0.014000000432133675,0
2022-12-23,0.014000000432133675,0.014000000432133675,0.014000000432133675,0.014000000432133675,0.014000000432133675,0
2022-12-28,0.014000000432133675,0.014000000432133675,0.014000000432133675,0.014000000432133675,0.014000000432133675,0
2022-12-29,0.014000000432133675,0.014000000432133675,0.014000000432133675,0.014000000432133675,0.014000000432133675,0
2022-12-30,0.014000000432133675,0.014000000432133675,0.014000000432133675,0.014000000432133675,0.014000000432133675,0
2023-01-03,0.014000000432133675,0.014000000432133675,0.014000000432133675,0.014000000432133675,0.014000000432133675,0
2023-01-04,0.014000000432133675,0.014000000432133675,0.014000000432133675,0.014000000432133675,0.014000000432133675,0
2023-01-05,0.014000000432133675,0.014000000432133675,0.014000000432133675,0.014000000432133675,0.014000000432133675,0
2023-01-06,0.014000000432133675,0.014000000432133675,0.014000000432133675,0.014000000432133675,0.014000000432133675,0
2023-01-09,0.014000000432133675,0.014000000432133675,0.014000000432133675,0.014000000432133675,0.014000000432133675,0
2023-01-10,0.014000000432133675,0.014000000432133675,0.014000000432133675,0.014000000432133675,0.014000000432133675,0
2023-01-11,0.014000000432133675,0.014000000432133675,0.014000000432133675,0.014000000432133675,0.014000000432133675,0
2023-01-12,0.014000000432133675,0.014000000432133675,0.014000000432133675,0.014000000432133675,0.014000000432133675,0
2023-01-13,0.014000000432133675,0.014000000432133675,0.014000000432133675,0.014000000432133675,0.014000000432133675,0
2023-01-16,0.014000000432133675,0.014000000432133675,0.014000000432133675,0.014000000432133675,0.014000000432133675,0
2023-01-17,0.014000000432133675,0.014000000432133675,0.014000000432133675,0.014000000432133675,0.014000000432133675,0
2023-01-18,0.014000000432133675,0.014000000432133675,0.014000000432133675,0.014000000432133675,0.014000000432133675,0
2023-01-19,0.014000000432133675,0.014000000432133675,0.014000000432133675,0.014000000432133675,0.014000000432133675,0
2023-01-20,0.014000000432133675,0.014000000432133675,0.014000000432133675,0.014000000432133675,0.014000000432133675,0
2023-01-26,0.014000000432133675,0.014000000432133675,0.014000000432133675,0.014000000432133675,0.014000000432133675,0
2023-01-27,0.014000000432133675,0.014000000432133675,0.014000000432133675,0.014000000432133675,0.014000000432133675,0
2023-01-30,0.014000000432133675,0.014000000432133675,0.014000000432133675,0.014000000432133675,0.014000000432133675,0
2023-01-31,0.014000000432133675,0.014000000432133675,0.014000000432133675,0.014000000432133675,0.014000000432133675,0
2023-02-01,0.014000000432133675,0.014000000432133675,0.014000000432133675,0.014000000432133675,0.014000000432133675,0
2023-02-02,0.014000000432133675,0.014000000432133675,0.014000000432133675,0.014000000432133675,0.014000000432133675,0
2023-02-03,0.014000000432133675,0.014000000432133675,0.014000000432133675,0.014000000432133675,0.014000000432133675,0
2023-02-06,0.014000000432133675,0.014000000432133675,0.014000000432133675,0.014000000432133675,0.014000000432133675,0
2023-02-07,0.014000000432133675,0.014000000432133675,0.014000000432133675,0.014000000432133675,0.014000000432133675,0
2023-02-08,0.014000000432133675,0.014000000432133675,0.014000000432133675,0.014000000432133675,0.014000000432133675,0
2023-02-09,0.014000000432133675,0.014000000432133675,0.014000000432133675,0.014000000432133675,0.014000000432133675,0
2023-02-10,0.014000000432133675,0.014000000432133675,0.014000000432133675,0.014000000432133675,0.014000000432133675,0
2023-02-13,0.014000000432133675,0.014000000432133675,0.014000000432133675,0.014000000432133675,0.014000000432133675,0
2023-02-14,0.014000000432133675,0.014000000432133675,0.014000000432133675,0.014000000432133675,0.014000000432133675,0
2023-02-15,0.014000000432133675,0.014000000432133675,0.014000000432133675,0.014000000432133675,0.014000000432133675,0
2023-02-16,0.014000000432133675,0.014000000432133675,0.014000000432133675,0.014000000432133675,0.014000000432133675,0
2023-02-17,0.014000000432133675,0.014000000432133675,0.014000000432133675,0.014000000432133675,0.014000000432133675,0
2023-02-20,0.014000000432133675,0.014000000432133675,0.014000000432133675,0.014000000432133675,0.014000000432133675,0
2023-02-21,0.014000000432133675,0.014000000432133675,0.014000000432133675,0.014000000432133675,0.014000000432133675,0
2023-02-22,0.014000000432133675,0.014000000432133675,0.014000000432133675,0.014000000432133675,0.014000000432133675,0
2023-02-23,0.014000000432133675,0.014000000432133675,0.014000000432133675,0.014000000432133675,0.014000000432133675,0
2023-02-24,0.014000000432133675,0.014000000432133675,0.014000000432133675,0.014000000432133675,0.014000000432133675,0
2023-02-27,0.014000000432133675,0.014000000432133675,0.014000000432133675,0.014000000432133675,0.014000000432133675,0
2023-02-28,0.014000000432133675,0.014000000432133675,0.014000000432133675,0.014000000432133675,0.014000000432133675,0
2023-03-01,0.014000000432133675,0.014000000432133675,0.014000000432133675,0.014000000432133675,0.014000000432133675,0
2023-03-02,0.014000000432133675,0.014000000432133675,0.014000000432133675,0.014000000432133675,0.014000000432133675,0
2023-03-03,0.014000000432133675,0.014000000432133675,0.014000000432133675,0.014000000432133675,0.014000000432133675,0
2023-03-06,0.014000000432133675,0.014000000432133675,0.014000000432133675,0.014000000432133675,0.014000000432133675,0
2023-03-07,0.014000000432133675,0.014000000432133675,0.014000000432133675,0.014000000432133675,0.014000000432133675,0
2023-03-08,0.014000000432133675,0.014000000432133675,0.014000000432133675,0.014000000432133675,0.014000000432133675,0
2023-03-09,0.014000000432133675,0.014000000432133675,0.014000000432133675,0.014000000432133675,0.014000000432133675,0
2023-03-10,0.014000000432133675,0.014000000432133675,0.014000000432133675,0.014000000432133675,0.014000000432133675,0
2023-03-13,0.014000000432133675,0.014000000432133675,0.014000000432133675,0.014000000432133675,0.014000000432133675,0
2023-03-14,0.014000000432133675,0.014000000432133675,0.014000000432133675,0.014000000432133675,0.014000000432133675,0
2023-03-15,0.014000000432133675,0.014000000432133675,0.014000000432133675,0.014000000432133675,0.014000000432133675,0
2023-03-16,0.014000000432133675,0.014000000432133675,0.014000000432133675,0.014000000432133675,0.014000000432133675,0
2023-03-17,0.014000000432133675,0.014000000432133675,0.014000000432133675,0.014000000432133675,0.014000000432133675,0
2023-03-20,0.014000000432133675,0.014000000432133675,0.014000000432133675,0.014000000432133675,0.014000000432133675,0
2023-03-21,0.014000000432133675,0.014000000432133675,0.014000000432133675,0.014000000432133675,0.014000000432133675,0
2023-03-22,0.014000000432133675,0.014000000432133675,0.014000000432133675,0.014000000432133675,0.014000000432133675,0
2023-03-23,0.014000000432133675,0.014000000432133675,0.014000000432133675,0.014000000432133675,0.014000000432133675,0
2023-03-24,0.014000000432133675,0.014000000432133675,0.014000000432133675,0.014000000432133675,0.014000000432133675,0
2023-03-27,0.014000000432133675,0.014000000432133675,0.014000000432133675,0.014000000432133675,0.014000000432133675,0
2023-03-28,0.014000000432133675,0.014000000432133675,0.014000000432133675,0.014000000432133675,0.014000000432133675,0
2023-03-29,0.014000000432133675,0.014000000432133675,0.014000000432133675,0.014000000432133675,0.014000000432133675,0
2023-03-30,0.014000000432133675,0.014000000432133675,0.014000000432133675,0.014000000432133675,0.014000000432133675,0
2023-03-31,0.014000000432133675,0.014000000432133675,0.014000000432133675,0.014000000432133675,0.014000000432133675,0
2023-04-03,0.014000000432133675,0.014000000432133675,0.014000000432133675,0.014000000432133675,0.014000000432133675,0
2023-04-04,0.014000000432133675,0.014000000432133675,0.014000000432133675,0.014000000432133675,0.014000000432133675,0
2023-04-06,0.014000000432133675,0.014000000432133675,0.014000000432133675,0.014000000432133675,0.014000000432133675,0
2023-04-11,0.014000000432133675,0.014000000432133675,0.014000000432133675,0.014000000432133675,0.014000000432133675,0
2023-04-12,0.014000000432133675,0.014000000432133675,0.014000000432133675,0.014000000432133675,0.014000000432133675,0
2023-04-13,0.014000000432133675,0.014000000432133675,0.014000000432133675,0.014000000432133675,0.014000000432133675,0
2023-04-14,0.014000000432133675,0.014000000432133675,0.014000000432133675,0.014000000432133675,0.014000000432133675,0
2023-04-17,0.014000000432133675,0.014000000432133675,0.014000000432133675,0.014000000432133675,0.014000000432133675,0
2023-04-18,0.014000000432133675,0.014000000432133675,0.014000000432133675,0.014000000432133675,0.014000000432133675,0
2023-04-19,0.014000000432133675,0.014000000432133675,0.014000000432133675,0.014000000432133675,0.014000000432133675,0
2023-04-20,0.014000000432133675,0.014000000432133675,0.014000000432133675,0.014000000432133675,0.014000000432133675,0
2023-04-21,0.014000000432133675,0.014000000432133675,0.014000000432133675,0.014000000432133675,0.014000000432133675,0
2023-04-24,0.014000000432133675,0.014000000432133675,0.014000000432133675,0.014000000432133675,0.014000000432133675,0
2023-04-25,0.014000000432133675,0.014000000432133675,0.014000000432133675,0.014000000432133675,0.014000000432133675,0
2023-04-26,0.014000000432133675,0.014000000432133675,0.014000000432133675,0.014000000432133675,0.014000000432133675,0
2023-04-27,0.014000000432133675,0.014000000432133675,0.014000000432133675,0.014000000432133675,0.014000000432133675,0
2023-04-28,0.014000000432133675,0.014000000432133675,0.014000000432133675,0.014000000432133675,0.014000000432133675,0
2023-05-02,0.014000000432133675,0.014000000432133675,0.014000000432133675,0.014000000432133675,0.014000000432133675,0
2023-05-03,0.014000000432133675,0.014000000432133675,0.014000000432133675,0.014000000432133675,0.014000000432133675,0
2023-05-04,0.014000000432133675,0.014000000432133675,0.014000000432133675,0.014000000432133675,0.014000000432133675,0
2023-05-05,0.014000000432133675,0.014000000432133675,0.014000000432133675,0.014000000432133675,0.014000000432133675,0
2023-05-08,0.014000000432133675,0.014000000432133675,0.014000000432133675,0.014000000432133675,0.014000000432133675,0
2023-05-09,0.014000000432133675,0.014000000432133675,0.014000000432133675,0.014000000432133675,0.014000000432133675,0
2023-05-10,0.014000000432133675,0.014000000432133675,0.014000000432133675,0.014000000432133675,0.014000000432133675,0
2023-05-11,0.014000000432133675,0.014000000432133675,0.014000000432133675,0.014000000432133675,0.014000000432133675,0
2023-05-12,0.014000000432133675,0.014000000432133675,0.014000000432133675,0.014000000432133675,0.014000000432133675,0
2023-05-15,0.014000000432133675,0.014000000432133675,0.014000000432133675,0.014000000432133675,0.014000000432133675,0
2023-05-16,0.014000000432133675,0.014000000432133675,0.014000000432133675,0.014000000432133675,0.014000000432133675,0
2023-05-17,0.014000000432133675,0.014000000432133675,0.014000000432133675,0.014000000432133675,0.014000000432133675,0
2023-05-18,0.014000000432133675,0.014000000432133675,0.014000000432133675,0.014000000432133675,0.014000000432133675,0
2023-05-19,0.014000000432133675,0.014000000432133675,0.014000000432133675,0.014000000432133675,0.014000000432133675,0
2023-05-22,0.014000000432133675,0.014000000432133675,0.014000000432133675,0.014000000432133675,0.014000000432133675,0
2023-05-23,0.014000000432133675,0.014000000432133675,0.014000000432133675,0.014000000432133675,0.014000000432133675,0
2023-05-24,0.014000000432133675,0.014000000432133675,0.014000000432133675,0.014000000432133675,0.014000000432133675,0
2023-05-25,0.014000000432133675,0.014000000432133675,0.014000000432133675,0.014000000432133675,0.014000000432133675,0
2023-05-29,0.014000000432133675,0.014000000432133675,0.014000000432133675,0.014000000432133675,0.014000000432133675,0
2023-05-30,0.014000000432133675,0.014000000432133675,0.014000000432133675,0.014000000432133675,0.014000000432133675,0
2023-05-31,0.014000000432133675,0.014000000432133675,0.014000000432133675,0.014000000432133675,0.014000000432133675,0
2023-06-01,0.014000000432133675,0.014000000432133675,0.014000000432133675,0.014000000432133675,0.014000000432133675,0
2023-06-02,0.014000000432133675,0.014000000432133675,0.014000000432133675,0.014000000432133675,0.014000000432133675,0
2023-06-05,0.014000000432133675,0.014000000432133675,0.014000000432133675,0.014000000432133675,0.014000000432133675,0
2023-06-06,0.014000000432133675,0.014000000432133675,0.014000000432133675,0.014000000432133675,0.014000000432133675,0
2023-06-07,0.014000000432133675,0.014000000432133675,0.014000000432133675,0.014000000432133675,0.014000000432133675,0
2023-06-08,0.014000000432133675,0.014000000432133675,0.014000000432133675,0.014000000432133675,0.014000000432133675,0
2023-06-09,0.014000000432133675,0.014000000432133675,0.014000000432133675,0.014000000432133675,0.014000000432133675,0
2023-06-12,0.014000000432133675,0.014000000432133675,0.014000000432133675,0.014000000432133675,0.014000000432133675,0
2023-06-13,0.014000000432133675,0.014000000432133675,0.014000000432133675,0.014000000432133675,0.014000000432133675,0
2023-06-14,0.014000000432133675,0.014000000432133675,0.014000000432133675,0.014000000432133675,0.014000000432133675,0
2023-06-15,0.014000000432133675,0.014000000432133675,0.014000000432133675,0.014000000432133675,0.014000000432133675,0
2023-06-16,0.014000000432133675,0.014000000432133675,0.014000000432133675,0.014000000432133675,0.014000000432133675,0
2023-06-19,0.014000000432133675,0.014000000432133675,0.014000000432133675,0.014000000432133675,0.014000000432133675,0
2023-06-20,0.014000000432133675,0.014000000432133675,0.014000000432133675,0.014000000432133675,0.014000000432133675,0
2023-06-21,0.014000000432133675,0.014000000432133675,0.014000000432133675,0.014000000432133675,0.014000000432133675,0
2023-06-23,0.014000000432133675,0.014000000432133675,0.014000000432133675,0.014000000432133675,0.014000000432133675,0
2023-06-26,0.014000000432133675,0.014000000432133675,0.014000000432133675,0.014000000432133675,0.014000000432133675,0
2023-06-27,0.014000000432133675,0.014000000432133675,0.014000000432133675,0.014000000432133675,0.014000000432133675,0
2023-06-28,0.014000000432133675,0.014000000432133675,0.014000000432133675,0.014000000432133675,0.014000000432133675,0
2023-06-29,0.014000000432133675,0.014000000432133675,0.014000000432133675,0.014000000432133675,0.014000000432133675,0
2023-06-30,0.014000000432133675,0.014000000432133675,0.014000000432133675,0.014000000432133675,0.014000000432133675,0
2023-07-03,0.014000000432133675,0.014000000432133675,0.014000000432133675,0.014000000432133675,0.014000000432133675,0
2023-07-04,0.014000000432133675,0.014000000432133675,0.014000000432133675,0.014000000432133675,0.014000000432133675,0
2023-07-05,0.014000000432133675,0.014000000432133675,0.014000000432133675,0.014000000432133675,0.014000000432133675,0
2023-07-06,0.014000000432133675,0.014000000432133675,0.014000000432133675,0.014000000432133675,0.014000000432133675,0
2023-07-07,0.014000000432133675,0.014000000432133675,0.014000000432133675,0.014000000432133675,0.014000000432133675,0
2023-07-10,0.014000000432133675,0.014000000432133675,0.014000000432133675,0.014000000432133675,0.014000000432133675,0
2023-07-11,0.014000000432133675,0.014000000432133675,0.014000000432133675,0.014000000432133675,0.014000000432133675,0
2023-07-12,0.014000000432133675,0.014000000432133675,0.014000000432133675,0.014000000432133675,0.014000000432133675,0
2023-07-13,0.014000000432133675,0.014000000432133675,0.014000000432133675,0.014000000432133675,0.014000000432133675,0
2023-07-14,0.014000000432133675,0.014000000432133675,0.014000000432133675,0.014000000432133675,0.014000000432133675,0
2023-07-18,0.014000000432133675,0.014000000432133675,0.014000000432133675,0.014000000432133675,0.014000000432133675,0
2023-07-19,0.014000000432133675,0.014000000432133675,0.014000000432133675,0.014000000432133675,0.014000000432133675,0
2023-07-20,0.014000000432133675,0.014000000432133675,0.014000000432133675,0.014000000432133675,0.014000000432133675,0
2023-07-21,0.014000000432133675,0.014000000432133675,0.014000000432133675,0.014000000432133675,0.014000000432133675,0
2023-07-24,0.014000000432133675,0.014000000432133675,0.014000000432133675,0.014000000432133675,0.014000000432133675,0
2023-07-25,0.014000000432133675,0.014000000432133675,0.014000000432133675,0.014000000432133675,0.014000000432133675,0
2023-07-26,0.014000000432133675,0.014000000432133675,0.014000000432133675,0.014000000432133675,0.014000000432133675,0
2023-07-27,0.014000000432133675,0.014000000432133675,0.014000000432133675,0.014000000432133675,0.014000000432133675,0
2023-07-28,0.014000000432133675,0.014000000432133675,0.014000000432133675,0.014000000432133675,0.014000000432133675,0
2023-07-31,0.014000000432133675,0.014000000432133675,0.014000000432133675,0.014000000432133675,0.014000000432133675,0
2023-08-01,0.014000000432133675,0.014000000432133675,0.014000000432133675,0.014000000432133675,0.014000000432133675,0
2023-08-02,0.014000000432133675,0.014000000432133675,0.014000000432133675,0.014000000432133675,0.014000000432133675,0
2023-08-03,0.014000000432133675,0.014000000432133675,0.014000000432133675,0.014000000432133675,0.014000000432133675,0
2023-08-04,0.014000000432133675,0.014000000432133675,0.014000000432133675,0.014000000432133675,0.014000000432133675,0
2023-08-07,0.014000000432133675,0.014000000432133675,0.014000000432133675,0.014000000432133675,0.014000000432133675,0
2023-08-08,0.014000000432133675,0.014000000432133675,0.014000000432133675,0.014000000432133675,0.014000000432133675,0
2023-08-09,0.014000000432133675,0.014000000432133675,0.014000000432133675,0.014000000432133675,0.014000000432133675,0
2023-08-10,0.014000000432133675,0.014000000432133675,0.014000000432133675,0.014000000432133675,0.014000000432133675,0
2023-08-11,0.014000000432133675,0.014000000432133675,0.014000000432133675,0.014000000432133675,0.014000000432133675,0
2023-08-14,0.014000000432133675,0.014000000432133675,0.014000000432133675,0.014000000432133675,0.014000000432133675,0
2023-08-15,0.014000000432133675,0.014000000432133675,0.014000000432133675,0.014000000432133675,0.014000000432133675,0
2023-08-16,0.014000000432133675,0.014000000432133675,0.014000000432133675,0.014000000432133675,0.014000000432133675,0
2023-08-17,0.014000000432133675,0.014000000432133675,0.014000000432133675,0.014000000432133675,0.014000000432133675,0
2023-08-18,0.014000000432133675,0.014000000432133675,0.014000000432133675,0.014000000432133675,0.014000000432133675,0
2023-08-21,0.014000000432133675,0.014000000432133675,0.014000000432133675,0.014000000432133675,0.014000000432133675,0
2023-08-22,0.014000000432133675,0.014000000432133675,0.014000000432133675,0.014000000432133675,0.014000000432133675,0
2023-08-23,0.014000000432133675,0.014000000432133675,0.014000000432133675,0.014000000432133675,0.014000000432133675,0
2023-08-24,0.014000000432133675,0.014000000432133675,0.014000000432133675,0.014000000432133675,0.014000000432133675,0
2023-08-25,0.014000000432133675,0.014000000432133675,0.014000000432133675,0.014000000432133675,0.014000000432133675,0
2023-08-28,0.014000000432133675,0.014000000432133675,0.014000000432133675,0.014000000432133675,0.014000000432133675,0
2023-08-29,0.014000000432133675,0.014000000432133675,0.014000000432133675,0.014000000432133675,0.014000000432133675,0
2023-08-30,0.014000000432133675,0.014000000432133675,0.014000000432133675,0.014000000432133675,0.014000000432133675,0
2023-08-31,0.014000000432133675,0.014000000432133675,0.014000000432133675,0.014000000432133675,0.014000000432133675,0
2023-09-04,0.014000000432133675,0.014000000432133675,0.014000000432133675,0.014000000432133675,0.014000000432133675,0
2023-09-05,0.014000000432133675,0.014000000432133675,0.014000000432133675,0.014000000432133675,0.014000000432133675,0
2023-09-06,0.014000000432133675,0.014000000432133675,0.014000000432133675,0.014000000432133675,0.014000000432133675,0
2023-09-07,0.014000000432133675,0.014000000432133675,0.014000000432133675,0.014000000432133675,0.014000000432133675,0
2023-09-11,0.014000000432133675,0.014000000432133675,0.014000000432133675,0.014000000432133675,0.014000000432133675,0
2023-09-12,0.014000000432133675,0.014000000432133675,0.014000000432133675,0.014000000432133675,0.014000000432133675,0
2023-09-13,0.014000000432133675,0.014000000432133675,0.014000000432133675,0.014000000432133675,0.014000000432133675,0
2023-09-14,0.014000000432133675,0.014000000432133675,0.014000000432133675,0.014000000432133675,0.014000000432133675,0
2023-09-15,0.014000000432133675,0.014000000432133675,0.014000000432133675,0.014000000432133675,0.014000000432133675,0
2023-09-18,0.014000000432133675,0.014000000432133675,0.014000000432133675,0.014000000432133675,0.014000000432133675,0
2023-09-19,0.014000000432133675,0.014000000432133675,0.014000000432133675,0.014000000432133675,0.014000000432133675,0
2023-09-20,0.014000000432133675,0.014000000432133675,0.014000000432133675,0.014000000432133675,0.014000000432133675,0
2023-09-21,0.014000000432133675,0.014000000432133675,0.014000000432133675,0.014000000432133675,0.014000000432133675,0
2023-09-22,0.014000000432133675,0.014000000432133675,0.014000000432133675,0.014000000432133675,0.014000000432133675,0
2023-09-25,0.014000000432133675,0.014000000432133675,0.014000000432133675,0.014000000432133675,0.014000000432133675,0
2023-09-26,0.014000000432133675,0.014000000432133675,0.014000000432133675,0.014000000432133675,0.014000000432133675,0
2023-09-27,0.014000000432133675,0.014000000432133675,0.014000000432133675,0.014000000432133675,0.014000000432133675,0
2023-09-28,0.014000000432133675,0.014000000432133675,0.014000000432133675,0.014000000432133675,0.014000000432133675,0
2023-09-29,0.014000000432133675,0.014000000432133675,0.014000000432133675,0.014000000432133675,0.014000000432133675,0
2023-10-03,0.10400000214576721,0.10400000214576721,0.4000000059604645,0.019999999552965164,0.019999999552965164,25930000
2023-10-04,0.16300000250339508,0.16300000250339508,0.1899999976158142,0.11100000143051147,0.11299999803304672,28590000
2023-10-05,0.14000000059604645,0.14000000059604645,0.16200000047683716,0.12800000607967377,0.16200000047683716,7140000
2023-10-06,0.13500000536441803,0.13500000536441803,0.13699999451637268,0.11999999731779099,0.11999999731779099,2700000
2023-10-09,0.1120000034570694,0.1120000034570694,0.11500000208616257,0.10000000149011612,0.1120000034570694,2850000
2023-10-10,0.09799999743700027,0.09799999743700027,0.10999999940395355,0.09799999743700027,0.10100000351667404,2950000
2023-10-11,0.10000000149011612,0.10000000149011612,0.10000000149011612,0.08699999749660492,0.09700000286102295,1460000
2023-10-12,0.09799999743700027,0.09799999743700027,0.10000000149011612,0.09000000357627869,0.10000000149011612,230000
2023-10-13,0.09200000017881393,0.09200000017881393,0.09799999743700027,0.08699999749660492,0.08900000154972076,700000
2023-10-16,0.0860000029206276,0.0860000029206276,0.09000000357627869,0.07999999821186066,0.09000000357627869,1490000
2023-10-17,0.08699999749660492,0.08699999749660492,0.08799999952316284,0.08500000089406967,0.08500000089406967,110000
2023-10-18,0.08799999952316284,0.08799999952316284,0.08799999952316284,0.08299999684095383,0.08500000089406967,300000
2023-10-19,0.08799999952316284,0.08799999952316284,0.08799999952316284,0.08799999952316284,0.08799999952316284,130000
2023-10-20,0.08799999952316284,0.08799999952316284,0.08799999952316284,0.08799999952316284,0.08799999952316284,130000
2023-10-24,0.08399999886751175,0.08399999886751175,0.08799999952316284,0.07999999821186066,0.08799999952316284,1180000
2023-10-25,0.08399999886751175,0.08399999886751175,0.08399999886751175,0.07900000363588333,0.07900000363588333,110000
2023-10-26,0.07000000029802322,0.07000000029802322,0.07999999821186066,0.05000000074505806,0.07900000363588333,1000000
2023-10-27,0.07000000029802322,0.07000000029802322,0.07000000029802322,0.06400000303983688,0.07000000029802322,220000
2023-10-30,0.07000000029802322,0.07000000029802322,0.07000000029802322,0.07000000029802322,0.07000000029802322,0
2023-10-31,0.0729999989271164,0.0729999989271164,0.0729999989271164,0.0729999989271164,0.0729999989271164,10000
2023-11-01,0.0729999989271164,0.0729999989271164,0.0729999989271164,0.0729999989271164,0.0729999989271164,0
2023-11-02,0.0729999989271164,0.0729999989271164,0.0729999989271164,0.06800000369548798,0.06800000369548798,20000
2023-11-03,0.07199999690055847,0.07199999690055847,0.07199999690055847,0.07199999690055847,0.07199999690055847,0
2023-11-06,0.07000000029802322,0.07000000029802322,0.0729999989271164,0.057999998331069946,0.06499999761581421,100000
2023-11-07,0.06499999761581421,0.06499999761581421,0.06499999761581421,0.05999999865889549,0.06400000303983688,490000
2023-11-08,0.06800000369548798,0.06800000369548798,0.06800000369548798,0.06800000369548798,0.06800000369548798,0
2023-11-09,0.07000000029802322,0.07000000029802322,0.07000000029802322,0.06499999761581421,0.06499999761581421,190000
2023-11-10,0.07000000029802322,0.07000000029802322,0.07000000029802322,0.07000000029802322,0.07000000029802322,0
2023-11-13,0.07000000029802322,0.07000000029802322,0.07000000029802322,0.07000000029802322,0.07000000029802322,0
2023-11-14,0.07000000029802322,0.07000000029802322,0.07000000029802322,0.07000000029802322,0.07000000029802322,0
2023-11-15,0.06599999964237213,0.06599999964237213,0.06599999964237213,0.054999999701976776,0.06199999898672104,330000
2023-11-16,0.05999999865889549,0.05999999865889549,0.061000000685453415,0.05999999865889549,0.061000000685453415,210000
2023-11-17,0.06800000369548798,0.06800000369548798,0.06800000369548798,0.06800000369548798,0.06800000369548798,10000
2023-11-20,0.05999999865889549,0.05999999865889549,0.061000000685453415,0.05999999865889549,0.061000000685453415,210000
2023-11-21,0.05999999865889549,0.05999999865889549,0.05999999865889549,0.05999999865889549,0.05999999865889549,0
2023-11-22,0.057999998331069946,0.057999998331069946,0.05900000035762787,0.05000000074505806,0.05900000035762787,190000
2023-11-23,0.054999999701976776,0.054999999701976776,0.05700000002980232,0.04100000113248825,0.04100000113248825,300000
2023-11-24,0.05400000140070915,0.05400000140070915,0.05400000140070915,0.052000001072883606,0.052000001072883606,110000
2023-11-27,0.05000000074505806,0.05000000074505806,0.052000001072883606,0.05000000074505806,0.052000001072883606,80000
2023-11-28,0.039000000804662704,0.039000000804662704,0.04800000041723251,0.03400000184774399,0.04800000041723251,2460000
2023-11-29,0.03799999877810478,0.03799999877810478,0.03799999877810478,0.03799999877810478,0.03799999877810478,10000
2023-11-30,0.04600000008940697,0.04600000008940697,0.04899999871850014,0.029999999329447746,0.035999998450279236,1240000
2023-12-01,0.04399999976158142,0.04399999976158142,0.04399999976158142,0.03200000151991844,0.04100000113248825,760000
2023-12-04,0.03999999910593033,0.03999999910593033,0.03999999910593033,0.03700000047683716,0.03999999910593033,40000
2023-12-05,0.035999998450279236,0.035999998450279236,0.03799999877810478,0.029999999329447746,0.03799999877810478,1510000
2023-12-06,0.03200000151991844,0.03200000151991844,0.032999999821186066,0.027000000700354576,0.032999999821186066,490000
2023-12-07,0.03200000151991844,0.03200000151991844,0.03200000151991844,0.03200000151991844,0.03200000151991844,0
2023-12-08,0.039000000804662704,0.039000000804662704,0.041999999433755875,0.024000000208616257,0.029999999329447746,2110000
2023-12-11,0.03200000151991844,0.03200000151991844,0.03200000151991844,0.019999999552965164,0.028999999165534973,10280000
2023-12-12,0.032999999821186066,0.032999999821186066,0.03400000184774399,0.03400000184774399,0.03400000184774399,10000
2023-12-13,0.03200000151991844,0.03200000151991844,0.035999998450279236,0.03099999949336052,0.032999999821186066,3390000
2023-12-14,0.03099999949336052,0.03099999949336052,0.032999999821186066,0.03099999949336052,0.032999999821186066,150000
2023-12-15,0.03400000184774399,0.03400000184774399,0.03400000184774399,0.029999999329447746,0.03099999949336052,370000
2023-12-18,0.032999999821186066,0.032999999821186066,0.03500000014901161,0.03099999949336052,0.03500000014901161,280000
2023-12-19,0.03500000014901161,0.03500000014901161,0.03500000014901161,0.032999999821186066,0.032999999821186066,70000
2023-12-20,0.03400000184774399,0.03400000184774399,0.03400000184774399,0.03400000184774399,0.03400000184774399,0
2023-12-21,0.03400000184774399,0.03400000184774399,0.03500000014901161,0.03200000151991844,0.03200000151991844,100000
2023-12-22,0.03500000014901161,0.03500000014901161,0.03500000014901161,0.03500000014901161,0.03500000014901161,10000
2023-12-27,0.03799999877810478,0.03799999877810478,0.03799999877810478,0.02800000086426735,0.03200000151991844,260000
2023-12-28,0.03700000047683716,0.03700000047683716,0.03700000047683716,0.03700000047683716,0.03700000047683716,0
2023-12-29,0.03700000047683716,0.03700000047683716,0.03700000047683716,0.03500000014901161,0.03500000014901161,200000
2024-01-02,0.03799999877810478,0.03799999877810478,0.03999999910593033,0.03400000184774399,0.035999998450279236,430000
2024-01-03,0.039000000804662704,0.039000000804662704,0.039000000804662704,0.03400000184774399,0.03700000047683716,130000
2024-01-04,0.039000000804662704,0.039000000804662704,0.039000000804662704,0.039000000804662704,0.039000000804662704,0
2024-01-05,0.039000000804662704,0.039000000804662704,0.039000000804662704,0.039000000804662704,0.039000000804662704,0
2024-01-08,0.039000000804662704,0.039000000804662704,0.039000000804662704,0.039000000804662704,0.039000000804662704,0
2024-01-09,0.039000000804662704,0.039000000804662704,0.039000000804662704,0.03400000184774399,0.041999999433755875,10000
2024-01-10,0.04100000113248825,0.04100000113248825,0.04100000113248825,0.04100000113248825,0.04100000113248825,10000
2024-01-11,0.03999999910593033,0.03999999910593033,0.0430000014603138,0.03700000047683716,0.04100000113248825,40000
2024-01-12,0.04100000113248825,0.04100000113248825,0.04100000113248825,0.04100000113248825,0.04100000113248825,10000
2024-01-15,0.04100000113248825,0.04100000113248825,0.04100000113248825,0.04100000113248825,0.04100000113248825,0
2024-01-16,0.03999999910593033,0.03999999910593033,0.03999999910593033,0.03999999910593033,0.03999999910593033,0
2024-01-17,0.03999999910593033,0.03999999910593033,0.04399999976158142,0.03200000151991844,0.03500000014901161,150000
2024-01-18,0.035999998450279236,0.035999998450279236,0.04100000113248825,0.03500000014901161,0.03500000014901161,470000
2024-01-19,0.03799999877810478,0.03799999877810478,0.03799999877810478,0.03799999877810478,0.03799999877810478,0
2024-01-22,0.03700000047683716,0.03700000047683716,0.03999999910593033,0.03500000014901161,0.03500000014901161,50000
2024-01-23,0.039000000804662704,0.039000000804662704,0.039000000804662704,0.03400000184774399,0.039000000804662704,170000
2024-01-24,0.039000000804662704,0.039000000804662704,0.039000000804662704,0.039000000804662704,0.039000000804662704,0
2024-01-25,0.04100000113248825,0.04100000113248825,0.04100000113248825,0.04100000113248825,0.04100000113248825,10000
2024-01-26,0.04100000113248825,0.04100000113248825,0.04100000113248825,0.04100000113248825,0.04100000113248825,0
2024-01-29,0.04100000113248825,0.04100000113248825,0.04100000113248825,0.04100000113248825,0.04100000113248825,0
2024-01-30,0.0430000014603138,0.0430000014603138,0.0430000014603138,0.0430000014603138,0.0430000014603138,10000
2024-01-31,0.0430000014603138,0.0430000014603138,0.0430000014603138,0.0430000014603138,0.0430000014603138,0
2024-02-01,0.0430000014603138,0.0430000014603138,0.0430000014603138,0.03999999910593033,0.03999999910593033,60000
2024-02-02,0.039000000804662704,0.039000000804662704,0.039000000804662704,0.039000000804662704,0.039000000804662704,0
2024-02-05,0.0430000014603138,0.0430000014603138,0.04500000178813934,0.03400000184774399,0.03400000184774399,20000
2024-02-06,0.04100000113248825,0.04100000113248825,0.04100000113248825,0.04100000113248825,0.04100000113248825,0
2024-02-07,0.04500000178813934,0.04500000178813934,0.054999999701976776,0.03400000184774399,0.03500000014901161,210000
2024-02-08,0.04600000008940697,0.04600000008940697,0.04899999871850014,0.035999998450279236,0.039000000804662704,110000
2024-02-09,0.04600000008940697,0.04600000008940697,0.04600000008940697,0.04600000008940697,0.04600000008940697,0
2024-02-14,0.04399999976158142,0.04399999976158142,0.04399999976158142,0.04399999976158142,0.04399999976158142,0
2024-02-15,0.04899999871850014,0.04899999871850014,0.04899999871850014,0.039000000804662704,0.039000000804662704,40000
2024-02-16,0.04800000041723251,0.04800000041723251,0.04800000041723251,0.04600000008940697,0.04600000008940697,40000
2024-02-19,0.0430000014603138,0.0430000014603138,0.0430000014603138,0.0430000014603138,0.0430000014603138,0
2024-02-20,0.04899999871850014,0.04899999871850014,0.04899999871850014,0.0430000014603138,0.04600000008940697,110000
2024-02-21,0.04899999871850014,0.04899999871850014,0.04899999871850014,0.04899999871850014,0.04899999871850014,0
2024-02-22,0.04800000041723251,0.04800000041723251,0.04800000041723251,0.04800000041723251,0.04800000041723251,0
2024-02-23,0.04800000041723251,0.04800000041723251,0.04800000041723251,0.04800000041723251,0.04800000041723251,10000
2024-02-26,0.04399999976158142,0.04399999976158142,0.04600000008940697,0.04399999976158142,0.04399999976158142,30000
2024-02-27,0.04800000041723251,0.04800000041723251,0.04800000041723251,0.04800000041723251,0.04800000041723251,10000
2024-02-28,0.04399999976158142,0.04399999976158142,0.04399999976158142,0.0430000014603138,0.0430000014603138,50000
2024-02-29,0.03999999910593033,0.03999999910593033,0.041999999433755875,0.03999999910593033,0.041999999433755875,40000
2024-03-01,0.054999999701976776,0.054999999701976776,0.05700000002980232,0.04800000041723251,0.04800000041723251,30000
2024-03-04,0.05000000074505806,0.05000000074505806,0.05000000074505806,0.05000000074505806,0.05000000074505806,0
2024-03-05,0.04899999871850014,0.04899999871850014,0.04899999871850014,0.04899999871850014,0.04899999871850014,0
2024-03-06,0.041999999433755875,0.041999999433755875,0.04399999976158142,0.03799999877810478,0.04399999976158142,380000
2024-03-07,0.03999999910593033,0.03999999910593033,0.04100000113248825,0.03999999910593033,0.04100000113248825,20000
2024-03-08,0.04699999839067459,0.04699999839067459,0.04699999839067459,0.03999999910593033,0.03999999910593033,220000
2024-03-11,0.04100000113248825,0.04100000113248825,0.04100000113248825,0.04100000113248825,0.04100000113248825,30000
2024-03-12,0.03999999910593033,0.03999999910593033,0.04399999976158142,0.03500000014901161,0.039000000804662704,730000
2024-03-13,0.041999999433755875,0.041999999433755875,0.041999999433755875,0.041999999433755875,0.041999999433755875,10000
2024-03-14,0.04100000113248825,0.04100000113248825,0.0430000014603138,0.039000000804662704,0.039000000804662704,150000
2024-03-15,0.026000000536441803,0.026000000536441803,0.039000000804662704,0.026000000536441803,0.039000000804662704,8540000
2024-03-18,0.029999999329447746,0.029999999329447746,0.029999999329447746,0.02199999988079071,0.026000000536441803,750000
2024-03-19,0.029999999329447746,0.029999999329447746,0.029999999329447746,0.027000000700354576,0.02800000086426735,550000
2024-03-20,0.028999999165534973,0.028999999165534973,0.03099999949336052,0.027000000700354576,0.03099999949336052,510000
2024-03-21,0.023000000044703484,0.023000000044703484,0.027000000700354576,0.023000000044703484,0.026000000536441803,3270000
2024-03-22,0.02199999988079071,0.02199999988079071,0.023000000044703484,0.019999999552965164,0.023000000044703484,3610000
2024-03-25,0.020999999716877937,0.020999999716877937,0.020999999716877937,0.01899999938905239,0.020999999716877937,1380000
2024-03-26,0.023000000044703484,0.023000000044703484,0.023000000044703484,0.017000000923871994,0.01899999938905239,10010000
2024-03-27,0.01899999938905239,0.01899999938905239,0.020999999716877937,0.01899999938905239,0.020999999716877937,1460000
2024-03-28,0.017999999225139618,0.017999999225139618,0.01899999938905239,0.017999999225139618,0.01899999938905239,850000
2024-04-02,0.017999999225139618,0.017999999225139618,0.017999999225139618,0.017999999225139618,0.017999999225139618,0
2024-04-03,0.017000000923871994,0.017000000923871994,0.017000000923871994,0.014999999664723873,0.017000000923871994,5280000
2024-04-05,0.01899999938905239,0.01899999938905239,0.01899999938905239,0.017999999225139618,0.017999999225139618,290000
2024-04-08,0.017999999225139618,0.017999999225139618,0.01899999938905239,0.017000000923871994,0.01899999938905239,2930000
2024-04-09,0.01899999938905239,0.01899999938905239,0.01899999938905239,0.01899999938905239,0.01899999938905239,0
2024-04-10,0.017000000923871994,0.017000000923871994,0.01899999938905239,0.01600000075995922,0.01899999938905239,1770000
2024-04-11,0.01600000075995922,0.01600000075995922,0.017000000923871994,0.014999999664723873,0.017000000923871994,1760000
2024-04-12,0.014000000432133675,0.014000000432133675,0.014999999664723873,0.014000000432133675,0.014999999664723873,900000
2024-04-15,0.014000000432133675,0.014000000432133675,0.014000000432133675,0.013000000268220901,0.014000000432133675,1920000
2024-04-16,0.01600000075995922,0.01600000075995922,0.01600000075995922,0.014000000432133675,0.014000000432133675,270000
2024-04-17,0.01600000075995922,0.01600000075995922,0.01600000075995922,0.01600000075995922,0.01600000075995922,470000
2024-04-18,0.01600000075995922,0.01600000075995922,0.01600000075995922,0.01600000075995922,0.01600000075995922,0
2024-04-19,0.017000000923871994,0.017000000923871994,0.017000000923871994,0.014999999664723873,0.014999999664723873,780000
2024-04-22,0.01899999938905239,0.01899999938905239,0.01899999938905239,0.017000000923871994,0.017000000923871994,1060000
2024-04-23,0.01899999938905239,0.01899999938905239,0.01899999938905239,0.01899999938905239,0.01899999938905239,0
2024-04-24,0.01600000075995922,0.01600000075995922,0.01600000075995922,0.01600000075995922,0.01600000075995922,970000
2024-04-25,0.01600000075995922,0.01600000075995922,0.01600000075995922,0.01600000075995922,0.01600000075995922,0
2024-04-26,0.017000000923871994,0.017000000923871994,0.017000000923871994,0.017000000923871994,0.017000000923871994,110000
2024-04-29,0.01600000075995922,0.01600000075995922,0.01600000075995922,0.01600000075995922,0.01600000075995922,300000
2024-04-30,0.01600000075995922,0.01600000075995922,0.01600000075995922,0.01600000075995922,0.01600000075995922,210000
2024-05-02,0.01600000075995922,0.01600000075995922,0.01600000075995922,0.01600000075995922,0.01600000075995922,0
2024-05-03,0.014999999664723873,0.014999999664723873,0.014999999664723873,0.014999999664723873,0.014999999664723873,0
2024-05-06,0.014999999664723873,0.014999999664723873,0.014999999664723873,0.014999999664723873,0.014999999664723873,200210
2024-05-07,0.014999999664723873,0.014999999664723873,0.014999999664723873,0.014999999664723873,0.014999999664723873,120000
2024-05-08,0.014999999664723873,0.014999999664723873,0.014999999664723873,0.014999999664723873,0.014999999664723873,0
2024-05-09,0.017000000923871994,0.017000000923871994,0.017000000923871994,0.014999999664723873,0.014999999664723873,200000
2024-05-10,0.017000000923871994,0.017000000923871994,0.017000000923871994,0.017000000923871994,0.017000000923871994,330000
2024-05-13,0.014999999664723873,0.014999999664723873,0.014999999664723873,0.014999999664723873,0.014999999664723873,180000
2024-05-14,0.017999999225139618,0.017999999225139618,0.01899999938905239,0.017999999225139618,0.01899999938905239,1420000
2024-05-16,0.017999999225139618,0.017999999225139618,0.017999999225139618,0.017999999225139618,0.017999999225139618,0
2024-05-17,0.019999999552965164,0.019999999552965164,0.019999999552965164,0.01600000075995922,0.01600000075995922,920000
2024-05-20,0.019999999552965164,0.019999999552965164,0.019999999552965164,0.019999999552965164,0.019999999552965164,0
2024-05-21,0.019999999552965164,0.019999999552965164,0.019999999552965164,0.01899999938905239,0.019999999552965164,390000
2024-05-22,0.019999999552965164,0.019999999552965164,0.019999999552965164,0.019999999552965164,0.019999999552965164,180000
2024-05-23,0.01899999938905239,0.01899999938905239,0.01899999938905239,0.01899999938905239,0.01899999938905239,0
2024-05-24,0.019999999552965164,0.019999999552965164,0.023000000044703484,0.019999999552965164,0.020999999716877937,1080000
2024-05-27,0.019999999552965164,0.019999999552965164,0.019999999552965164,0.019999999552965164,0.019999999552965164,0
2024-05-28,0.019999999552965164,0.019999999552965164,0.019999999552965164,0.019999999552965164,0.019999999552965164,0
2024-05-29,0.019999999552965164,0.019999999552965164,0.019999999552965164,0.019999999552965164,0.019999999552965164,0
2024-05-30,0.019999999552965164,0.019999999552965164,0.019999999552965164,0.019999999552965164,0.019999999552965164,0
2024-05-31,0.01899999938905239,0.01899999938905239,0.01899999938905239,0.01899999938905239,0.01899999938905239,400000
2024-06-03,0.01899999938905239,0.01899999938905239,0.01899999938905239,0.01899999938905239,0.01899999938905239,0
2024-06-04,0.017999999225139618,0.017999999225139618,0.01899999938905239,0.017999999225139618,0.01899999938905239,210000
2024-06-05,0.017999999225139618,0.017999999225139618,0.017999999225139618,0.017999999225139618,0.017999999225139618,0
2024-06-06,0.017999999225139618,0.017999999225139618,0.017999999225139618,0.017999999225139618,0.017999999225139618,0
2024-06-07,0.017999999225139618,0.017999999225139618,0.017999999225139618,0.017999999225139618,0.017999999225139618,0
2024-06-11,0.017999999225139618,0.017999999225139618,0.017999999225139618,0.017999999225139618,0.017999999225139618,0
2024-06-12,0.017999999225139618,0.017999999225139618,0.017999999225139618,0.017999999225139618,0.017999999225139618,0
2024-06-13,0.017999999225139618,0.017999999225139618,0.017999999225139618,0.017999999225139618,0.017999999225139618,0
2024-06-14,0.017999999225139618,0.017999999225139618,0.017999999225139618,0.017999999225139618,0.017999999225139618,0
2024-06-17,0.017999999225139618,0.017999999225139618,0.017999999225139618,0.017999999225139618,0.017999999225139618,0
2024-06-18,0.017999999225139618,0.017999999225139618,0.01899999938905239,0.017999999225139618,0.017000000923871994,10000
2024-06-19,0.02199999988079071,0.02199999988079071,0.02500000037252903,0.017999999225139618,0.02500000037252903,230000
2024-06-20,0.02199999988079071,0.02199999988079071,0.02199999988079071,0.02199999988079071,0.02199999988079071,0
2024-06-21,0.02199999988079071,0.02199999988079071,0.02199999988079071,0.02199999988079071,0.02199999988079071,430000
2024-06-24,0.01899999938905239,0.01899999938905239,0.019999999552965164,0.01899999938905239,0.019999999552965164,320000
2024-06-25,0.017999999225139618,0.017999999225139618,0.017999999225139618,0.017999999225139618,0.017999999225139618,100000
2024-06-26,0.020999999716877937,0.020999999716877937,0.020999999716877937,0.020999999716877937,0.020999999716877937,340000
2024-06-27,0.019999999552965164,0.019999999552965164,0.027000000700354576,0.019999999552965164,0.023000000044703484,1820000
2024-06-28,0.019999999552965164,0.019999999552965164,0.019999999552965164,0.019999999552965164,0.019999999552965164,0
2024-07-02,0.02199999988079071,0.02199999988079071,0.02199999988079071,0.017999999225139618,0.017999999225139618,670000
2024-07-03,0.024000000208616257,0.024000000208616257,0.026000000536441803,0.020999999716877937,0.020999999716877937,1050000
2024-07-04,0.020999999716877937,0.020999999716877937,0.02199999988079071,0.020999999716877937,0.02199999988079071,310000
2024-07-05,0.01899999938905239,0.01899999938905239,0.019999999552965164,0.01899999938905239,0.019999999552965164,1640000
2024-07-08,0.01899999938905239,0.01899999938905239,0.01899999938905239,0.017000000923871994,0.017999999225139618,1650000
2024-07-09,0.01899999938905239,0.01899999938905239,0.01899999938905239,0.01899999938905239,0.01899999938905239,0
2024-07-10,0.01899999938905239,0.01899999938905239,0.01899999938905239,0.017000000923871994,0.017000000923871994,520000
2024-07-11,0.01899999938905239,0.01899999938905239,0.01899999938905239,0.01899999938905239,0.01899999938905239,0
2024-07-12,0.01899999938905239,0.01899999938905239,0.01899999938905239,0.01899999938905239,0.017000000923871994,260000
2024-07-15,0.01899999938905239,0.01899999938905239,0.01899999938905239,0.01899999938905239,0.01899999938905239,0
2024-07-16,0.01899999938905239,0.01899999938905239,0.01899999938905239,0.01899999938905239,0.01899999938905239,0
2024-07-17,0.01899999938905239,0.01899999938905239,0.01899999938905239,0.01899999938905239,0.01899999938905239,0
2024-07-18,0.01899999938905239,0.01899999938905239,0.01899999938905239,0.01899999938905239,0.01899999938905239,0
2024-07-19,0.01899999938905239,0.01899999938905239,0.01899999938905239,0.01899999938905239,0.01899999938905239,0
2024-07-22,0.019999999552965164,0.019999999552965164,0.019999999552965164,0.019999999552965164,0.019999999552965164,100000
2024-07-23,0.017999999225139618,0.017999999225139618,0.017999999225139618,0.017999999225139618,0.017999999225139618,400000
2024-07-24,0.019999999552965164,0.019999999552965164,0.019999999552965164,0.017000000923871994,0.017000000923871994,30000
2024-07-25,0.019999999552965164,0.019999999552965164,0.019999999552965164,0.019999999552965164,0.019999999552965164,0
2024-07-26,0.019999999552965164,0.019999999552965164,0.019999999552965164,0.019999999552965164,0.019999999552965164,0
2024-07-29,0.019999999552965164,0.019999999552965164,0.019999999552965164,0.019999999552965164,0.019999999552965164,0
2024-07-30,0.01899999938905239,0.01899999938905239,0.01899999938905239,0.01899999938905239,0.01899999938905239,0
2024-07-31,0.01899999938905239,0.01899999938905239,0.01899999938905239,0.01899999938905239,0.01899999938905239,0
2024-08-01,0.01899999938905239,0.01899999938905239,0.019999999552965164,0.017000000923871994,0.019999999552965164,10000
2024-08-02,0.01899999938905239,0.01899999938905239,0.01899999938905239,0.01899999938905239,0.01899999938905239,0
2024-08-05,0.01899999938905239,0.01899999938905239,0.01899999938905239,0.01899999938905239,0.01899999938905239,0
2024-08-06,0.017999999225139618,0.017999999225139618,0.01899999938905239,0.01600000075995922,0.01600000075995922,120000
2024-08-07,0.017999999225139618,0.017999999225139618,0.017999999225139618,0.017999999225139618,0.017999999225139618,200000
2024-08-08,0.017999999225139618,0.017999999225139618,0.017999999225139618,0.017999999225139618,0.017999999225139618,0
2024-08-09,0.017999999225139618,0.017999999225139618,0.017999999225139618,0.017999999225139618,0.017999999225139618,0
2024-08-12,0.017999999225139618,0.017999999225139618,0.017999999225139618,0.017999999225139618,0.017999999225139618,0
2024-08-13,0.017999999225139618,0.017999999225139618,0.017999999225139618,0.017999999225139618,0.017999999225139618,0
2024-08-14,0.017999999225139618,0.017999999225139618,0.017999999225139618,0.017999999225139618,0.017999999225139618,0
2024-08-15,0.017999999225139618,0.017999999225139618,0.01899999938905239,0.017999999225139618,0.01899999938905239,320000
2024-08-16,0.017999999225139618,0.017999999225139618,0.017999999225139618,0.017999999225139618,0.017999999225139618,0
2024-08-19,0.017999999225139618,0.017999999225139618,0.017999999225139618,0.017999999225139618,0.017999999225139618,0
2024-08-20,0.017999999225139618,0.017999999225139618,0.017999999225139618,0.017999999225139618,0.017999999225139618,0
2024-08-21,0.017999999225139618,0.017999999225139618,0.017999999225139618,0.017999999225139618,0.017999999225139618,0
2024-08-22,0.017999999225139618,0.017999999225139618,0.017999999225139618,0.017999999225139618,0.017999999225139618,0
2024-08-23,0.017999999225139618,0.017999999225139618,0.017999999225139618,0.017999999225139618,0.017999999225139618,0
2024-08-26,0.017999999225139618,0.017999999225139618,0.017999999225139618,0.017999999225139618,0.017999999225139618,510000
2024-08-27,0.017999999225139618,0.017999999225139618,0.017999999225139618,0.017999999225139618,0.017999999225139618,0
2024-08-28,0.017000000923871994,0.017000000923871994,0.017999999225139618,0.01600000075995922,0.017999999225139618,620000
2024-08-29,0.017000000923871994,0.017000000923871994,0.017000000923871994,0.017000000923871994,0.017000000923871994,0
2024-08-30,0.017999999225139618,0.017999999225139618,0.01899999938905239,0.01600000075995922,0.01899999938905239,2880000
2024-09-02,0.017999999225139618,0.017999999225139618,0.017999999225139618,0.017999999225139618,0.017999999225139618,0
2024-09-03,0.017999999225139618,0.017999999225139618,0.017999999225139618,0.017999999225139618,0.017999999225139618,0
2024-09-04,0.017000000923871994,0.017000000923871994,0.017000000923871994,0.017000000923871994,0.017000000923871994,0
2024-09-05,0.017000000923871994,0.017000000923871994,0.017000000923871994,0.017000000923871994,0.017000000923871994,0
2024-09-09,0.017000000923871994,0.017000000923871994,0.017000000923871994,0.017000000923871994,0.017000000923871994,0
2024-09-10,0.017000000923871994,0.017000000923871994,0.017000000923871994,0.017000000923871994,0.017000000923871994,0
2024-09-11,0.017000000923871994,0.017000000923871994,0.017000000923871994,0.017000000923871994,0.017000000923871994,0
2024-09-12,0.017000000923871994,0.017000000923871994,0.019999999552965164,0.017000000923871994,0.01899999938905239,1860000
2024-09-13,0.017000000923871994,0.017000000923871994,0.017000000923871994,0.017000000923871994,0.017000000923871994,0
2024-09-16,0.017000000923871994,0.017000000923871994,0.017000000923871994,0.017000000923871994,0.017000000923871994,0
2024-09-17,0.017000000923871994,0.017000000923871994,0.017000000923871994,0.017000000923871994,0.017000000923871994,0
2024-09-19,0.017000000923871994,0.017000000923871994,0.017000000923871994,0.017000000923871994,0.017000000923871994,0
2024-09-20,0.017999999225139618,0.017999999225139618,0.017999999225139618,0.017999999225139618,0.017999999225139618,0
2024-09-23,0.017999999225139618,0.017999999225139618,0.017999999225139618,0.017999999225139618,0.017999999225139618,0
2024-09-24,0.017999999225139618,0.017999999225139618,0.017999999225139618,0.017999999225139618,0.017999999225139618,0
2024-09-25,0.017999999225139618,0.017999999225139618,0.017999999225139618,0.017999999225139618,0.017999999225139618,0
2024-09-26,0.017999999225139618,0.017999999225139618,0.01899999938905239,0.017999999225139618,0.01899999938905239,5160000
2024-09-27,0.01600000075995922,0.01600000075995922,0.019999999552965164,0.01600000075995922,0.019999999552965164,750000
2024-09-30,0.017000000923871994,0.017000000923871994,0.017000000923871994,0.01600000075995922,0.017000000923871994,830000
2024-10-02,0.01899999938905239,0.01899999938905239,0.019999999552965164,0.01899999938905239,0.01899999938905239,1760000
2024-10-03,0.01899999938905239,0.01899999938905239,0.01899999938905239,0.01899999938905239,0.01899999938905239,0
2024-10-04,0.019999999552965164,0.019999999552965164,0.020999999716877937,0.01899999938905239,0.019999999552965164,3570000
2024-10-07,0.023000000044703484,0.023000000044703484,0.023000000044703484,0.019999999552965164,0.019999999552965164,430000
2024-10-08,0.01899999938905239,0.01899999938905239,0.020999999716877937,0.01899999938905239,0.020999999716877937,1180000
2024-10-09,0.019999999552965164,0.019999999552965164,0.020999999716877937,0.017999999225139618,0.019999999552965164,340000
2024-10-10,0.019999999552965164,0.019999999552965164,0.019999999552965164,0.019999999552965164,0.019999999552965164,0
2024-10-14,0.020999999716877937,0.020999999716877937,0.020999999716877937,0.01899999938905239,0.020999999716877937,1750000
2024-10-15,0.023000000044703484,0.023000000044703484,0.023000000044703484,0.019999999552965164,0.020999999716877937,430000
2024-10-16,0.019999999552965164,0.019999999552965164,0.04100000113248825,0.019999999552965164,0.02199999988079071,13460000
2024-10-17,0.028999999165534973,0.028999999165534973,0.03999999910593033,0.023000000044703484,0.023000000044703484,22100000
2024-10-18,0.03200000151991844,0.03200000151991844,0.032999999821186066,0.028999999165534973,0.028999999165534973,870000
2024-10-21,0.02800000086426735,0.02800000086426735,0.03400000184774399,0.02500000037252903,0.03400000184774399,3550000
2024-10-22,0.02800000086426735,0.02800000086426735,0.02800000086426735,0.02500000037252903,0.027000000700354576,740000
2024-10-23,0.02800000086426735,0.02800000086426735,0.029999999329447746,0.02500000037252903,0.029999999329447746,480000
2024-10-24,0.02800000086426735,0.02800000086426735,0.02800000086426735,0.02800000086426735,0.02800000086426735,0
2024-10-25,0.02800000086426735,0.02800000086426735,0.028999999165534973,0.02800000086426735,0.02800000086426735,2050000
2024-10-28,0.02500000037252903,0.02500000037252903,0.02800000086426735,0.02500000037252903,0.02800000086426735,1400000
2024-10-29,0.026000000536441803,0.026000000536441803,0.026000000536441803,0.02500000037252903,0.023000000044703484,580000
2024-10-30,0.026000000536441803,0.026000000536441803,0.026000000536441803,0.026000000536441803,0.026000000536441803,60000
2024-10-31,0.027000000700354576,0.027000000700354576,0.02800000086426735,0.02500000037252903,0.026000000536441803,60000
2024-11-01,0.027000000700354576,0.027000000700354576,0.027000000700354576,0.027000000700354576,0.027000000700354576,0
2024-11-04,0.027000000700354576,0.027000000700354576,0.027000000700354576,0.027000000700354576,0.027000000700354576,0
2024-11-05,0.024000000208616257,0.024000000208616257,0.024000000208616257,0.024000000208616257,0.024000000208616257,360000
2024-11-06,0.024000000208616257,0.024000000208616257,0.024000000208616257,0.024000000208616257,0.024000000208616257,1350000
2024-11-07,0.02500000037252903,0.02500000037252903,0.02500000037252903,0.024000000208616257,0.023000000044703484,350000
2024-11-08,0.023000000044703484,0.023000000044703484,0.024000000208616257,0.023000000044703484,0.024000000208616257,250000
2024-11-11,0.023000000044703484,0.023000000044703484,0.023000000044703484,0.023000000044703484,0.023000000044703484,0
2024-11-12,0.023000000044703484,0.023000000044703484,0.023000000044703484,0.023000000044703484,0.023000000044703484,140000
2024-11-13,0.023000000044703484,0.023000000044703484,0.023000000044703484,0.023000000044703484,0.023000000044703484,0
2024-11-14,0.023000000044703484,0.023000000044703484,0.023000000044703484,0.023000000044703484,0.023000000044703484,0
2024-11-15,0.01899999938905239,0.01899999938905239,0.02199999988079071,0.01899999938905239,0.02199999988079071,900000
2024-11-18,0.020999999716877937,0.020999999716877937,0.020999999716877937,0.01899999938905239,0.01899999938905239,210000
2024-11-19,0.020999999716877937,0.020999999716877937,0.020999999716877937,0.020999999716877937,0.020999999716877937,0
2024-11-20,0.020999999716877937,0.020999999716877937,0.020999999716877937,0.020999999716877937,0.020999999716877937,0
2024-11-21,0.019999999552965164,0.019999999552965164,0.019999999552965164,0.019999999552965164,0.017999999225139618,580000
2024-11-22,0.019999999552965164,0.019999999552965164,0.019999999552965164,0.019999999552965164,0.019999999552965164,0
2024-11-25,0.019999999552965164,0.019999999552965164,0.019999999552965164,0.019999999552965164,0.019999999552965164,0
2024-11-26,0.020999999716877937,0.020999999716877937,0.020999999716877937,0.020999999716877937,0.020999999716877937,0
2024-11-27,0.020999999716877937,0.020999999716877937,0.020999999716877937,0.020999999716877937,0.020999999716877937,0
2024-11-28,0.02199999988079071,0.02199999988079071,0.02199999988079071,0.019999999552965164,0.02199999988079071,600000
2024-11-29,0.02199999988079071,0.02199999988079071,0.02199999988079071,0.02199999988079071,0.02199999988079071,0
2024-12-02,0.023000000044703484,0.023000000044703484,0.023000000044703484,0.02199999988079071,0.02199999988079071,1400000
2024-12-03,0.023000000044703484,0.023000000044703484,0.023000000044703484,0.023000000044703484,0.023000000044703484,0
2024-12-04,0.023000000044703484,0.023000000044703484,0.023000000044703484,0.023000000044703484,0.023000000044703484,0
2024-12-05,0.027000000700354576,0.027000000700354576,0.03099999949336052,0.024000000208616257,0.03099999949336052,2860000
2024-12-06,0.027000000700354576,0.027000000700354576,0.027000000700354576,0.027000000700354576,0.027000000700354576,0
2024-12-09,0.027000000700354576,0.027000000700354576,0.027000000700354576,0.027000000700354576,0.027000000700354576,0
2024-12-10,0.024000000208616257,0.024000000208616257,0.024000000208616257,0.024000000208616257,0.024000000208616257,0
2024-12-11,0.024000000208616257,0.024000000208616257,0.024000000208616257,0.02199999988079071,0.024000000208616257,360000
2024-12-12,0.024000000208616257,0.024000000208616257,0.024000000208616257,0.024000000208616257,0.024000000208616257,0
2024-12-13,0.024000000208616257,0.024000000208616257,0.024000000208616257,0.024000000208616257,0.024000000208616257,0
