Date,Adj Close,Close,High,Low,Open,Volume
2018-03-29,0.307858407497406,0.4000000059604645,0.4300000071525574,0.30000001192092896,0.41499999165534973,258040000
2018-04-03,0.25398319959640503,0.33000001311302185,0.5699999928474426,0.3100000023841858,0.39500001072883606,378370000
2018-04-04,0.25398319959640503,0.33000001311302185,0.38999998569488525,0.32499998807907104,0.3499999940395355,131060000
2018-04-06,0.2385903000831604,0.3100000023841858,0.3499999940395355,0.30000001192092896,0.33500000834465027,30560000
2018-04-09,0.21550089120864868,0.2800000011920929,0.3149999976158142,0.25999999046325684,0.3149999976158142,25490000
2018-04-10,0.21165266633033752,0.2750000059604645,0.28999999165534973,0.26499998569488525,0.2800000011920929,9610000
2018-04-11,0.21165266633033752,0.2750000059604645,0.3100000023841858,0.2750000059604645,0.2800000011920929,13080000
2018-04-12,0.21934910118579865,0.2849999964237213,0.2849999964237213,0.2750000059604645,0.2800000011920929,4720000
2018-04-13,0.21934910118579865,0.2849999964237213,0.3149999976158142,0.2800000011920929,0.28999999165534973,15620000
2018-04-16,0.21165266633033752,0.2750000059604645,0.2849999964237213,0.27000001072883606,0.2849999964237213,6380000
2018-04-17,0.1962597370147705,0.2549999952316284,0.2750000059604645,0.25,0.2750000059604645,8670000
2018-04-18,0.18009716272354126,0.23399999737739563,0.25999999046325684,0.23399999737739563,0.25999999046325684,11380000
2018-04-19,0.19164186716079712,0.24899999797344208,0.25999999046325684,0.2199999988079071,0.23899999260902405,10190000
2018-04-20,0.18086682260036469,0.23499999940395355,0.24799999594688416,0.23199999332427979,0.23999999463558197,3250000
2018-04-23,0.17317035794258118,0.22499999403953552,0.23499999940395355,0.2199999988079071,0.23499999940395355,2840000
2018-04-24,0.17547929286956787,0.2280000001192093,0.23600000143051147,0.2280000001192093,0.2280000001192093,2290000
2018-04-25,0.16932211816310883,0.2199999988079071,0.22599999606609344,0.21899999678134918,0.22499999403953552,2170000
2018-04-26,0.153929203748703,0.20000000298023224,0.2199999988079071,0.20000000298023224,0.2199999988079071,5210000
2018-04-27,0.153929203748703,0.20000000298023224,0.2029999941587448,0.18799999356269836,0.2029999941587448,3480000
2018-04-30,0.15315955877304077,0.19900000095367432,0.20200000703334808,0.19300000369548798,0.20200000703334808,1830000
2018-05-02,0.17932751774787903,0.2329999953508377,0.23899999260902405,0.19900000095367432,0.19900000095367432,13313000
2018-05-03,0.18702398240566254,0.24300000071525574,0.25,0.21799999475479126,0.2329999953508377,10250000
2018-05-04,0.18086682260036469,0.23499999940395355,0.2549999952316284,0.23000000417232513,0.24300000071525574,2000000
2018-05-07,0.17393997311592102,0.22599999606609344,0.23800000548362732,0.22300000488758087,0.22699999809265137,1040000
2018-05-08,0.17470964789390564,0.22699999809265137,0.23800000548362732,0.22599999606609344,0.2370000034570694,2260000
2018-05-09,0.17317035794258118,0.22499999403953552,0.2290000021457672,0.21799999475479126,0.22200000286102295,1650000
2018-05-10,0.16778282821178436,0.21799999475479126,0.22499999403953552,0.20900000631809235,0.21199999749660492,1200000
2018-05-11,0.16316495835781097,0.21199999749660492,0.2150000035762787,0.20800000429153442,0.21400000154972076,2180000
2018-05-14,0.16316495835781097,0.21199999749660492,0.2199999988079071,0.20800000429153442,0.2199999988079071,1140000
2018-05-15,0.16162565350532532,0.20999999344348907,0.2199999988079071,0.20999999344348907,0.2199999988079071,2500000
2018-05-16,0.16008637845516205,0.20800000429153442,0.2150000035762787,0.20800000429153442,0.20800000429153442,1640000
2018-05-17,0.16085602343082428,0.20900000631809235,0.21400000154972076,0.20600000023841858,0.20900000631809235,550000
2018-05-18,0.15931671857833862,0.2070000022649765,0.20800000429153442,0.2029999941587448,0.20800000429153442,1820000
2018-05-21,0.15777742862701416,0.20499999821186066,0.20499999821186066,0.19300000369548798,0.20000000298023224,1700000
2018-05-23,0.1516202688217163,0.19699999690055847,0.20399999618530273,0.19499999284744263,0.19599999487400055,930000
2018-05-24,0.15238991379737854,0.1979999989271164,0.20000000298023224,0.19200000166893005,0.19499999284744263,2130000
2018-05-25,0.15085060894489288,0.19599999487400055,0.20200000703334808,0.1940000057220459,0.19499999284744263,590000
2018-05-28,0.15238991379737854,0.1979999989271164,0.1979999989271164,0.1899999976158142,0.1979999989271164,980000
2018-05-29,0.153929203748703,0.20000000298023224,0.20800000429153442,0.19900000095367432,0.19900000095367432,2000000
2018-05-30,0.1516202688217163,0.19699999690055847,0.20000000298023224,0.1940000057220459,0.20000000298023224,870000
2018-05-31,0.15238991379737854,0.1979999989271164,0.20100000500679016,0.19699999690055847,0.19699999690055847,1000000
2018-06-01,0.15546850860118866,0.20200000703334808,0.2029999941587448,0.1940000057220459,0.1979999989271164,2700000
2018-06-04,0.15315955877304077,0.19900000095367432,0.20200000703334808,0.19599999487400055,0.19599999487400055,930000
2018-06-05,0.153929203748703,0.20000000298023224,0.20000000298023224,0.19599999487400055,0.19900000095367432,1010000
2018-06-06,0.16162565350532532,0.20999999344348907,0.20999999344348907,0.19599999487400055,0.19699999690055847,2320000
2018-06-07,0.1685524880886078,0.21899999678134918,0.2199999988079071,0.20499999821186066,0.20999999344348907,4720000
2018-06-08,0.18317575752735138,0.23800000548362732,0.25999999046325684,0.22499999403953552,0.22499999403953552,22850000
2018-06-11,0.17317035794258118,0.22499999403953552,0.23999999463558197,0.21899999678134918,0.23999999463558197,4720000
2018-06-12,0.1716310679912567,0.22300000488758087,0.22699999809265137,0.21699999272823334,0.21799999475479126,1490000
2018-06-13,0.1708614081144333,0.22200000286102295,0.2280000001192093,0.21899999678134918,0.2199999988079071,930000
2018-06-14,0.16470424830913544,0.21400000154972076,0.22200000286102295,0.21199999749660492,0.21899999678134918,580000
2018-06-15,0.16701318323612213,0.21699999272823334,0.21699999272823334,0.19900000095367432,0.21199999749660492,1360000
2018-06-19,0.15469884872436523,0.20100000500679016,0.20999999344348907,0.20000000298023224,0.20499999821186066,1360000
2018-06-20,0.16085602343082428,0.20900000631809235,0.20900000631809235,0.20200000703334808,0.20200000703334808,600000
2018-06-21,0.16085602343082428,0.20900000631809235,0.210999995470047,0.2029999941587448,0.2029999941587448,2390000
2018-06-22,0.16085602343082428,0.20900000631809235,0.20900000631809235,0.20100000500679016,0.20200000703334808,1260000
2018-06-25,0.15854710340499878,0.20600000023841858,0.20800000429153442,0.20399999618530273,0.20600000023841858,850000
2018-06-26,0.15238991379737854,0.1979999989271164,0.20999999344348907,0.19499999284744263,0.1979999989271164,1690000
2018-06-27,0.14546309411525726,0.1889999955892563,0.19599999487400055,0.18799999356269836,0.19599999487400055,880000
2018-06-28,0.14469344913959503,0.18799999356269836,0.19200000166893005,0.18700000643730164,0.19200000166893005,700000
2018-06-29,0.1485416740179062,0.19300000369548798,0.19599999487400055,0.19300000369548798,0.19599999487400055,210000
2018-07-03,0.1485416740179062,0.19300000369548798,0.19300000369548798,0.19300000369548798,0.19300000369548798,0
2018-07-04,0.14777204394340515,0.19200000166893005,0.19599999487400055,0.1770000010728836,0.18299999833106995,120000
2018-07-05,0.13545769453048706,0.17599999904632568,0.1899999976158142,0.17100000381469727,0.1899999976158142,1150000
2018-07-06,0.13083980977535248,0.17000000178813934,0.17299999296665192,0.17000000178813934,0.17299999296665192,1340000
2018-07-09,0.12776122987270355,0.16599999368190765,0.17299999296665192,0.1599999964237213,0.1599999964237213,840000
2018-07-10,0.12468265742063522,0.16200000047683716,0.16599999368190765,0.15700000524520874,0.16599999368190765,1980000
2018-07-11,0.1192951500415802,0.1550000011920929,0.1589999943971634,0.1469999998807907,0.1589999943971634,1980000
2018-07-12,0.1216040700674057,0.15800000727176666,0.16300000250339508,0.14100000262260437,0.15199999511241913,390000
2018-07-13,0.12083441764116287,0.15700000524520874,0.15800000727176666,0.1469999998807907,0.1469999998807907,590000
2018-07-16,0.12314335256814957,0.1599999964237213,0.16300000250339508,0.14300000667572021,0.14300000667572021,380000
2018-07-17,0.11775584518909454,0.15299999713897705,0.15800000727176666,0.15000000596046448,0.15000000596046448,160000
2018-07-18,0.12314335256814957,0.1599999964237213,0.16200000047683716,0.15299999713897705,0.15299999713897705,150000
2018-07-19,0.1192951500415802,0.1550000011920929,0.1550000011920929,0.15399999916553497,0.15399999916553497,290000
2018-07-20,0.1216040700674057,0.15800000727176666,0.1599999964237213,0.15000000596046448,0.1509999930858612,360000
2018-07-23,0.11544691026210785,0.15000000596046448,0.15199999511241913,0.15000000596046448,0.15800000727176666,110000
2018-07-24,0.12545229494571686,0.16300000250339508,0.16500000655651093,0.15199999511241913,0.1550000011920929,230000
2018-07-25,0.12545229494571686,0.16300000250339508,0.16300000250339508,0.15199999511241913,0.15199999511241913,130000
2018-07-26,0.12237370759248734,0.1589999943971634,0.16200000047683716,0.1509999930858612,0.16200000047683716,1020000
2018-07-27,0.12237370759248734,0.1589999943971634,0.1589999943971634,0.1589999943971634,0.1589999943971634,0
2018-07-30,0.11852550506591797,0.15399999916553497,0.15399999916553497,0.15000000596046448,0.15199999511241913,900000
2018-07-31,0.12006477266550064,0.15600000321865082,0.15800000727176666,0.15399999916553497,0.15399999916553497,770000
2018-08-01,0.12237370759248734,0.1589999943971634,0.1589999943971634,0.1589999943971634,0.1589999943971634,0
2018-08-02,0.11852550506591797,0.15399999916553497,0.15800000727176666,0.1509999930858612,0.15299999713897705,670000
2018-08-03,0.11852550506591797,0.15399999916553497,0.15700000524520874,0.14800000190734863,0.15199999511241913,2490000
2018-08-06,0.11544691026210785,0.15000000596046448,0.15399999916553497,0.14800000190734863,0.15000000596046448,570000
2018-08-07,0.11544691026210785,0.15000000596046448,0.15000000596046448,0.1420000046491623,0.14499999582767487,1230000
2018-08-08,0.11313797533512115,0.1469999998807907,0.14900000393390656,0.14300000667572021,0.14900000393390656,460000
2018-08-09,0.11467726528644562,0.14900000393390656,0.14900000393390656,0.14300000667572021,0.14399999380111694,590000
2018-08-10,0.11698619276285172,0.15199999511241913,0.16599999368190765,0.1469999998807907,0.14800000190734863,5960000
2018-08-13,0.11082901805639267,0.14399999380111694,0.15000000596046448,0.14399999380111694,0.15000000596046448,310000
2018-08-14,0.1092897430062294,0.1420000046491623,0.14300000667572021,0.14000000059604645,0.1420000046491623,1700000
2018-08-15,0.1092897430062294,0.1420000046491623,0.1420000046491623,0.14000000059604645,0.14000000059604645,222500
2018-08-16,0.10621114820241928,0.1379999965429306,0.1379999965429306,0.1379999965429306,0.1379999965429306,0
2018-08-17,0.10236292332410812,0.13300000131130219,0.13699999451637268,0.125,0.12600000202655792,380000
2018-08-20,0.09235750883817673,0.11999999731779099,0.13300000131130219,0.11599999666213989,0.13300000131130219,960000
2018-08-21,0.09081822633743286,0.11800000071525574,0.11800000071525574,0.11800000071525574,0.11800000071525574,0
2018-08-22,0.09081822633743286,0.11800000071525574,0.11900000274181366,0.11100000143051147,0.11599999666213989,1670000
2018-08-23,0.09235750883817673,0.11999999731779099,0.1289999932050705,0.11800000071525574,0.11800000071525574,1160000
2018-08-24,0.10005398839712143,0.12999999523162842,0.13300000131130219,0.12700000405311584,0.12999999523162842,650000
2018-08-27,0.10005398839712143,0.12999999523162842,0.14000000059604645,0.11800000071525574,0.11800000071525574,110000
2018-08-28,0.0969754010438919,0.12600000202655792,0.12600000202655792,0.11999999731779099,0.12099999934434891,840000
2018-08-29,0.09851470589637756,0.12800000607967377,0.13199999928474426,0.11999999731779099,0.125,1030000
2018-08-30,0.10005398839712143,0.12999999523162842,0.12999999523162842,0.12800000607967377,0.12800000607967377,640000
2018-08-31,0.09620574861764908,0.125,0.12999999523162842,0.125,0.125,490000
2018-09-03,0.09620574861764908,0.125,0.125,0.11999999731779099,0.11999999731779099,350000
2018-09-04,0.09620574861764908,0.125,0.125,0.125,0.125,0
2018-09-05,0.09235750883817673,0.11999999731779099,0.11999999731779099,0.11999999731779099,0.11999999731779099,10000
2018-09-06,0.09081822633743286,0.11800000071525574,0.11800000071525574,0.1120000034570694,0.1120000034570694,320000
2018-09-07,0.08850929886102676,0.11500000208616257,0.11999999731779099,0.10999999940395355,0.11800000071525574,820000
2018-09-10,0.08466105908155441,0.10999999940395355,0.11500000208616257,0.10999999940395355,0.11500000208616257,1480000
2018-09-11,0.08389141410589218,0.10899999737739563,0.10999999940395355,0.10300000011920929,0.10999999940395355,200000
2018-09-12,0.08081282675266266,0.10499999672174454,0.1080000028014183,0.10199999809265137,0.10199999809265137,790000
2018-09-13,0.0892789363861084,0.11599999666213989,0.12999999523162842,0.10999999940395355,0.11900000274181366,500000
2018-09-14,0.09235750883817673,0.11999999731779099,0.11999999731779099,0.10599999874830246,0.10599999874830246,130000
2018-09-17,0.0892789363861084,0.11599999666213989,0.11599999666213989,0.11100000143051147,0.11100000143051147,360000
2018-09-18,0.09312716871500015,0.12099999934434891,0.12099999934434891,0.11800000071525574,0.11800000071525574,200000
2018-09-19,0.09620574861764908,0.125,0.12700000405311584,0.12099999934434891,0.12099999934434891,300000
2018-09-20,0.1239130049943924,0.16099999845027924,0.23499999940395355,0.13600000739097595,0.13600000739097595,60940000
2018-09-21,0.10390222072601318,0.13500000536441803,0.17000000178813934,0.1340000033378601,0.17000000178813934,13030000
2018-09-24,0.09620574861764908,0.125,0.13899999856948853,0.12099999934434891,0.125,2010000
2018-09-26,0.09466646611690521,0.12300000339746475,0.13199999928474426,0.12099999934434891,0.12099999934434891,1540000
2018-09-27,0.09543609619140625,0.12399999797344208,0.12399999797344208,0.11800000071525574,0.12300000339746475,1760000
2018-09-28,0.09389681369066238,0.12200000137090683,0.12300000339746475,0.11500000208616257,0.11500000208616257,1480000
2018-10-02,0.09158787876367569,0.11900000274181366,0.12099999934434891,0.11699999868869781,0.11699999868869781,1130000
2018-10-03,0.09851470589637756,0.12800000607967377,0.12999999523162842,0.11800000071525574,0.11800000071525574,1450000
2018-10-04,0.09466646611690521,0.12300000339746475,0.12300000339746475,0.11800000071525574,0.12099999934434891,770000
2018-10-05,0.09389681369066238,0.12200000137090683,0.12300000339746475,0.11999999731779099,0.12300000339746475,540000
2018-10-08,0.09004858136177063,0.11699999868869781,0.11699999868869781,0.11699999868869781,0.11699999868869781,0
2018-10-09,0.08466105908155441,0.10999999940395355,0.11599999666213989,0.10599999874830246,0.11599999666213989,930000
2018-10-10,0.08466105908155441,0.10999999940395355,0.10999999940395355,0.1080000028014183,0.10999999940395355,250000
2018-10-11,0.07850389182567596,0.10199999809265137,0.10499999672174454,0.10000000149011612,0.10000000149011612,1020000
2018-10-12,0.07850389182567596,0.10199999809265137,0.10499999672174454,0.10199999809265137,0.10199999809265137,520000
2018-10-15,0.07850389182567596,0.10199999809265137,0.10499999672174454,0.10199999809265137,0.10199999809265137,580000
2018-10-16,0.08004318922758102,0.10400000214576721,0.10499999672174454,0.10199999809265137,0.10499999672174454,370000
2018-10-18,0.07619495689868927,0.0989999994635582,0.09600000083446503,0.09600000083446503,0.10000000149011612,420000
2018-10-19,0.0746556743979454,0.09700000286102295,0.10000000149011612,0.09700000286102295,0.10000000149011612,790000
2018-10-22,0.08158247917890549,0.10599999874830246,0.10700000077486038,0.09700000286102295,0.10100000351667404,1460000
2018-10-23,0.08235212415456772,0.10700000077486038,0.11100000143051147,0.10199999809265137,0.10599999874830246,3490000
2018-10-24,0.08235212415456772,0.10700000077486038,0.10700000077486038,0.10700000077486038,0.10700000077486038,0
2018-10-25,0.08081282675266266,0.10499999672174454,0.1080000028014183,0.0989999994635582,0.10400000214576721,2640000
2018-10-26,0.07850389182567596,0.10199999809265137,0.10499999672174454,0.09700000286102295,0.10000000149011612,1150000
2018-10-29,0.07850389182567596,0.10199999809265137,0.10499999672174454,0.09200000017881393,0.10300000011920929,510000
2018-10-30,0.07619495689868927,0.0989999994635582,0.0989999994635582,0.0989999994635582,0.0989999994635582,10000
2018-10-31,0.07619495689868927,0.0989999994635582,0.0989999994635582,0.09600000083446503,0.09600000083446503,200000
2018-11-01,0.07927355170249939,0.10300000011920929,0.10499999672174454,0.10000000149011612,0.10199999809265137,470000
2018-11-02,0.08081282675266266,0.10499999672174454,0.10999999940395355,0.10000000149011612,0.10999999940395355,570000
2018-11-05,0.08081282675266266,0.10499999672174454,0.10499999672174454,0.10000000149011612,0.10000000149011612,210000
2018-11-06,0.08466105908155441,0.10999999940395355,0.11699999868869781,0.10100000351667404,0.10100000351667404,200000
2018-11-07,0.08773964643478394,0.11400000005960464,0.11900000274181366,0.11100000143051147,0.11599999666213989,790000
2018-11-08,0.09004858136177063,0.11699999868869781,0.11800000071525574,0.10700000077486038,0.11800000071525574,390000
2018-11-09,0.08466105908155441,0.10999999940395355,0.10999999940395355,0.10700000077486038,0.10700000077486038,420000
2018-11-12,0.0892789363861084,0.11599999666213989,0.11800000071525574,0.0989999994635582,0.10000000149011612,340000
2018-11-13,0.08389141410589218,0.10899999737739563,0.11800000071525574,0.10599999874830246,0.10599999874830246,1120000
2018-11-14,0.07927355170249939,0.10300000011920929,0.11400000005960464,0.10000000149011612,0.10599999874830246,4180000
2018-11-15,0.07850389182567596,0.10199999809265137,0.10199999809265137,0.09799999743700027,0.0989999994635582,320000
2018-11-16,0.07850389182567596,0.10199999809265137,0.10199999809265137,0.0949999988079071,0.09600000083446503,270000
2018-11-19,0.08004318922758102,0.10400000214576721,0.1080000028014183,0.10000000149011612,0.10199999809265137,550000
2018-11-20,0.07850389182567596,0.10199999809265137,0.10899999737739563,0.10199999809265137,0.10899999737739563,110000
2018-11-21,0.07850389182567596,0.10199999809265137,0.10199999809265137,0.10000000149011612,0.10000000149011612,70000
2018-11-22,0.07927355170249939,0.10300000011920929,0.10300000011920929,0.10300000011920929,0.10300000011920929,80000
2018-11-23,0.08312178403139114,0.1080000028014183,0.10999999940395355,0.10400000214576721,0.10400000214576721,1140000
2018-11-26,0.08312178403139114,0.1080000028014183,0.1080000028014183,0.1080000028014183,0.1080000028014183,100000
2018-11-27,0.08466105908155441,0.10999999940395355,0.11400000005960464,0.10700000077486038,0.11400000005960464,440000
2018-11-28,0.08312178403139114,0.1080000028014183,0.11299999803304672,0.1080000028014183,0.11299999803304672,510000
2018-11-29,0.08158247917890549,0.10599999874830246,0.11100000143051147,0.10499999672174454,0.10499999672174454,360000
2018-11-30,0.08158247917890549,0.10599999874830246,0.10599999874830246,0.10599999874830246,0.10599999874830246,0
2018-12-03,0.08158247917890549,0.10599999874830246,0.10599999874830246,0.10599999874830246,0.10599999874830246,180000
2018-12-04,0.08235212415456772,0.10700000077486038,0.10899999737739563,0.09700000286102295,0.09799999743700027,470000
2018-12-05,0.08235212415456772,0.10700000077486038,0.10700000077486038,0.10700000077486038,0.10700000077486038,0
2018-12-06,0.08081282675266266,0.10499999672174454,0.10499999672174454,0.10499999672174454,0.10499999672174454,300000
2018-12-07,0.07927355170249939,0.10300000011920929,0.10499999672174454,0.10000000149011612,0.10499999672174454,990000
2018-12-10,0.08466105908155441,0.10999999940395355,0.10000000149011612,0.0989999994635582,0.10000000149011612,600000
2018-12-11,0.07619495689868927,0.0989999994635582,0.10599999874830246,0.09700000286102295,0.10599999874830246,1270000
2018-12-12,0.08081282675266266,0.10499999672174454,0.10599999874830246,0.09799999743700027,0.10100000351667404,1270000
2018-12-13,0.0769646018743515,0.10000000149011612,0.10400000214576721,0.10000000149011612,0.10400000214576721,270000
2018-12-14,0.07850389182567596,0.10199999809265137,0.10199999809265137,0.10100000351667404,0.10100000351667404,70000
2018-12-17,0.07850389182567596,0.10199999809265137,0.10199999809265137,0.09799999743700027,0.09799999743700027,20000
2018-12-18,0.08081282675266266,0.10499999672174454,0.10499999672174454,0.0989999994635582,0.0989999994635582,500000
2018-12-19,0.07927355170249939,0.10300000011920929,0.10300000011920929,0.10000000149011612,0.10300000011920929,420000
2018-12-20,0.07927355170249939,0.10300000011920929,0.10300000011920929,0.09799999743700027,0.09799999743700027,450000
2018-12-21,0.0769646018743515,0.10000000149011612,0.10700000077486038,0.09600000083446503,0.10700000077486038,1240000
2018-12-24,0.0769646018743515,0.10000000149011612,0.10000000149011612,0.10000000149011612,0.10000000149011612,0
2018-12-27,0.08312178403139114,0.1080000028014183,0.10899999737739563,0.09700000286102295,0.10000000149011612,1200000
2018-12-28,0.08004318922758102,0.10400000214576721,0.10599999874830246,0.10300000011920929,0.10400000214576721,460000
2018-12-31,0.07542530447244644,0.09799999743700027,0.10599999874830246,0.09799999743700027,0.10000000149011612,1250000
2019-01-02,0.0769646018743515,0.10000000149011612,0.10000000149011612,0.10000000149011612,0.10000000149011612,180000
2019-01-03,0.07619495689868927,0.0989999994635582,0.10199999809265137,0.0989999994635582,0.0989999994635582,810000
2019-01-04,0.07773425430059433,0.10100000351667404,0.10100000351667404,0.09600000083446503,0.10000000149011612,450000
2019-01-07,0.07927355170249939,0.10300000011920929,0.10899999737739563,0.10100000351667404,0.10100000351667404,530000
2019-01-08,0.08081282675266266,0.10499999672174454,0.10300000011920929,0.10100000351667404,0.10300000011920929,280000
2019-01-09,0.07619495689868927,0.0989999994635582,0.10899999737739563,0.09799999743700027,0.10499999672174454,950000
2019-01-10,0.07619495689868927,0.0989999994635582,0.0989999994635582,0.09799999743700027,0.0989999994635582,140000
2019-01-11,0.0769646018743515,0.10000000149011612,0.10499999672174454,0.0989999994635582,0.10100000351667404,920000
2019-01-14,0.08004318922758102,0.10400000214576721,0.10400000214576721,0.10000000149011612,0.10300000011920929,1050000
2019-01-15,0.07850389182567596,0.10199999809265137,0.1080000028014183,0.10199999809265137,0.10499999672174454,910000
2019-01-16,0.07850389182567596,0.10199999809265137,0.1080000028014183,0.10199999809265137,0.10199999809265137,50000
2019-01-17,0.07619495689868927,0.0989999994635582,0.0989999994635582,0.0989999994635582,0.0989999994635582,540000
2019-01-18,0.07542530447244644,0.09799999743700027,0.0989999994635582,0.09700000286102295,0.0989999994635582,1080000
2019-01-21,0.07388602197170258,0.09600000083446503,0.09700000286102295,0.09600000083446503,0.09700000286102295,850000
2019-01-22,0.07388602197170258,0.09600000083446503,0.09600000083446503,0.09600000083446503,0.09600000083446503,10000
2019-01-23,0.07542530447244644,0.09799999743700027,0.09799999743700027,0.09799999743700027,0.09799999743700027,590000
2019-01-24,0.07542530447244644,0.09799999743700027,0.09799999743700027,0.09300000220537186,0.09799999743700027,150000
2019-01-25,0.08081282675266266,0.10499999672174454,0.10499999672174454,0.09099999815225601,0.09099999815225601,500000
2019-01-28,0.07927355170249939,0.10300000011920929,0.11699999868869781,0.10000000149011612,0.10499999672174454,860000
2019-01-29,0.07850389182567596,0.10199999809265137,0.10199999809265137,0.0989999994635582,0.10000000149011612,620000
2019-01-30,0.0769646018743515,0.10000000149011612,0.10100000351667404,0.10000000149011612,0.10100000351667404,190000
2019-01-31,0.08235212415456772,0.10700000077486038,0.11500000208616257,0.10199999809265137,0.11500000208616257,1310000
2019-02-01,0.08235212415456772,0.10700000077486038,0.10700000077486038,0.10599999874830246,0.10599999874830246,1660000
2019-02-04,0.08312178403139114,0.1080000028014183,0.10899999737739563,0.10000000149011612,0.10100000351667404,450000
2019-02-08,0.07927355170249939,0.10300000011920929,0.10999999940395355,0.10100000351667404,0.10999999940395355,600000
2019-02-11,0.08081282675266266,0.10499999672174454,0.10499999672174454,0.10100000351667404,0.10100000351667404,450000
2019-02-12,0.08312178403139114,0.1080000028014183,0.1080000028014183,0.1080000028014183,0.1080000028014183,710000
2019-02-13,0.08235212415456772,0.10700000077486038,0.1080000028014183,0.1080000028014183,0.1080000028014183,710000
2019-02-14,0.08312178403139114,0.1080000028014183,0.1080000028014183,0.10499999672174454,0.10499999672174454,410000
2019-02-15,0.08081282675266266,0.10499999672174454,0.10599999874830246,0.10199999809265137,0.10599999874830246,2230000
2019-02-18,0.07927355170249939,0.10300000011920929,0.10300000011920929,0.10300000011920929,0.10300000011920929,0
2019-02-19,0.08158247917890549,0.10599999874830246,0.10599999874830246,0.10499999672174454,0.10499999672174454,440000
2019-02-20,0.08389141410589218,0.10899999737739563,0.10899999737739563,0.10100000351667404,0.10100000351667404,360000
2019-02-21,0.08081282675266266,0.10499999672174454,0.10899999737739563,0.10499999672174454,0.10899999737739563,310000
2019-02-22,0.08312178403139114,0.1080000028014183,0.1080000028014183,0.1080000028014183,0.1080000028014183,0
2019-02-25,0.08081282675266266,0.10499999672174454,0.1080000028014183,0.10499999672174454,0.10499999672174454,710000
2019-02-26,0.08158247917890549,0.10599999874830246,0.10999999940395355,0.10599999874830246,0.10999999940395355,30000
2019-02-27,0.08081282675266266,0.10499999672174454,0.10499999672174454,0.10000000149011612,0.10000000149011612,180000
2019-02-28,0.08312178403139114,0.1080000028014183,0.1080000028014183,0.10700000077486038,0.1080000028014183,300000
2019-03-01,0.08312178403139114,0.1080000028014183,0.10999999940395355,0.1080000028014183,0.10899999737739563,260000
2019-03-04,0.08773964643478394,0.11400000005960464,0.11400000005960464,0.11400000005960464,0.11400000005960464,10000
2019-03-05,0.08235212415456772,0.10700000077486038,0.10700000077486038,0.10700000077486038,0.10700000077486038,10000
2019-03-06,0.08466105908155441,0.10999999940395355,0.11100000143051147,0.11100000143051147,0.11100000143051147,50000
2019-03-07,0.08158247917890549,0.10599999874830246,0.10599999874830246,0.10599999874830246,0.10599999874830246,110000
2019-03-08,0.08081282675266266,0.10499999672174454,0.11299999803304672,0.10499999672174454,0.11299999803304672,140000
2019-03-11,0.08773964643478394,0.11400000005960464,0.11400000005960464,0.10599999874830246,0.10599999874830246,80000
2019-03-12,0.08773964643478394,0.11400000005960464,0.11400000005960464,0.11400000005960464,0.11400000005960464,0
2019-03-13,0.08312178403139114,0.1080000028014183,0.10599999874830246,0.10599999874830246,0.10599999874830246,200000
2019-03-14,0.08466105908155441,0.10999999940395355,0.11400000005960464,0.1080000028014183,0.1080000028014183,70000
2019-03-15,0.08696998655796051,0.11299999803304672,0.11299999803304672,0.10999999940395355,0.10999999940395355,320000
2019-03-18,0.08850929886102676,0.11500000208616257,0.11500000208616257,0.11299999803304672,0.11299999803304672,250000
2019-03-19,0.08620035648345947,0.1120000034570694,0.11500000208616257,0.1120000034570694,0.11500000208616257,820000
2019-03-20,0.09466646611690521,0.12300000339746475,0.12300000339746475,0.10999999940395355,0.10999999940395355,1590000
2019-03-21,0.09081822633743286,0.11800000071525574,0.13699999451637268,0.11800000071525574,0.1379999965429306,3040000
2019-03-22,0.09389681369066238,0.12200000137090683,0.125,0.10899999737739563,0.10899999737739563,750000
2019-03-25,0.09004858136177063,0.11699999868869781,0.12200000137090683,0.1120000034570694,0.12200000137090683,300000
2019-03-26,0.09312716871500015,0.12099999934434891,0.12700000405311584,0.12099999934434891,0.12700000405311584,190000
2019-03-27,0.09312716871500015,0.12099999934434891,0.12099999934434891,0.12099999934434891,0.12099999934434891,0
2019-03-28,0.09081822633743286,0.11800000071525574,0.12099999934434891,0.11699999868869781,0.12099999934434891,270000
2019-03-29,0.09081822633743286,0.11800000071525574,0.11800000071525574,0.11800000071525574,0.11800000071525574,0
2019-04-01,0.09004858136177063,0.11699999868869781,0.11999999731779099,0.11599999666213989,0.11800000071525574,460000
2019-04-02,0.09081822633743286,0.11800000071525574,0.11900000274181366,0.11800000071525574,0.11900000274181366,103000
2019-04-03,0.10159327834844589,0.13199999928474426,0.13300000131130219,0.11800000071525574,0.11800000071525574,490000
2019-04-04,0.10082362592220306,0.13099999725818634,0.13099999725818634,0.13099999725818634,0.13099999725818634,0
2019-04-08,0.10082362592220306,0.13099999725818634,0.13099999725818634,0.13099999725818634,0.13099999725818634,0
2019-04-09,0.10082362592220306,0.13099999725818634,0.13500000536441803,0.13099999725818634,0.13099999725818634,200000
2019-04-10,0.09543609619140625,0.12399999797344208,0.12399999797344208,0.12300000339746475,0.12300000339746475,50000
2019-04-11,0.0892789363861084,0.11599999666213989,0.12399999797344208,0.11599999666213989,0.12399999797344208,460000
2019-04-12,0.0892789363861084,0.11599999666213989,0.12399999797344208,0.11599999666213989,0.11699999868869781,10000
2019-04-15,0.09466646611690521,0.12300000339746475,0.12300000339746475,0.12300000339746475,0.12300000339746475,0
2019-04-16,0.09235750883817673,0.11999999731779099,0.11999999731779099,0.11999999731779099,0.11999999731779099,0
2019-04-17,0.09235750883817673,0.11999999731779099,0.11999999731779099,0.11999999731779099,0.11999999731779099,150000
2019-04-18,0.09235750883817673,0.11999999731779099,0.11999999731779099,0.11999999731779099,0.11999999731779099,120000
2019-04-23,0.09235750883817673,0.11999999731779099,0.11999999731779099,0.11999999731779099,0.11999999731779099,0
2019-04-24,0.09235750883817673,0.11999999731779099,0.11999999731779099,0.11999999731779099,0.11999999731779099,0
2019-04-25,0.09081822633743286,0.11800000071525574,0.11999999731779099,0.11400000005960464,0.11400000005960464,770000
2019-04-26,0.09081822633743286,0.11800000071525574,0.11800000071525574,0.11800000071525574,0.11800000071525574,20000
2019-04-29,0.08543070405721664,0.11100000143051147,0.11599999666213989,0.10999999940395355,0.11599999666213989,610000
2019-04-30,0.08620035648345947,0.1120000034570694,0.1120000034570694,0.11100000143051147,0.11100000143051147,250000
2019-05-02,0.0892789363861084,0.11599999666213989,0.11599999666213989,0.11599999666213989,0.11599999666213989,0
2019-05-03,0.08543070405721664,0.11100000143051147,0.11100000143051147,0.11100000143051147,0.11100000143051147,100000
2019-05-06,0.08466105908155441,0.10999999940395355,0.11100000143051147,0.10999999940395355,0.11100000143051147,180000
2019-05-07,0.08543070405721664,0.11100000143051147,0.11100000143051147,0.10999999940395355,0.10999999940395355,160000
2019-05-08,0.08466105908155441,0.10999999940395355,0.10999999940395355,0.10899999737739563,0.10999999940395355,160000
2019-05-09,0.08850929886102676,0.11500000208616257,0.11599999666213989,0.10899999737739563,0.11500000208616257,860000
2019-05-10,0.09158787876367569,0.11900000274181366,0.11900000274181366,0.10300000011920929,0.10999999940395355,1650000
2019-05-14,0.08466105908155441,0.10999999940395355,0.10999999940395355,0.10999999940395355,0.10999999940395355,0
2019-05-15,0.08620035648345947,0.1120000034570694,0.11500000208616257,0.10999999940395355,0.10999999940395355,10000
2019-05-16,0.08620035648345947,0.1120000034570694,0.1120000034570694,0.1120000034570694,0.1120000034570694,0
2019-05-17,0.08620035648345947,0.1120000034570694,0.1120000034570694,0.10400000214576721,0.10400000214576721,160000
2019-05-20,0.08004318922758102,0.10400000214576721,0.10499999672174454,0.10400000214576721,0.10499999672174454,270000
2019-05-21,0.07619495689868927,0.0989999994635582,0.0989999994635582,0.0989999994635582,0.0989999994635582,0
2019-05-22,0.0769646018743515,0.10000000149011612,0.10000000149011612,0.10000000149011612,0.10000000149011612,0
2019-05-23,0.08235212415456772,0.10700000077486038,0.10700000077486038,0.10000000149011612,0.10000000149011612,630000
2019-05-24,0.08235212415456772,0.10700000077486038,0.10700000077486038,0.10700000077486038,0.10700000077486038,200000
2019-05-27,0.08158247917890549,0.10599999874830246,0.10599999874830246,0.09700000286102295,0.09700000286102295,110000
2019-05-28,0.07773425430059433,0.10100000351667404,0.10100000351667404,0.10100000351667404,0.10100000351667404,20000
2019-05-29,0.07773425430059433,0.10100000351667404,0.10100000351667404,0.10100000351667404,0.10100000351667404,0
2019-05-30,0.07388602197170258,0.09600000083446503,0.09399999678134918,0.09399999678134918,0.09399999678134918,80000
2019-05-31,0.07619495689868927,0.0989999994635582,0.10000000149011612,0.0989999994635582,0.10000000149011612,110000
2019-06-03,0.07619495689868927,0.0989999994635582,0.0989999994635582,0.0989999994635582,0.0989999994635582,0
2019-06-04,0.07619495689868927,0.0989999994635582,0.0989999994635582,0.0989999994635582,0.0989999994635582,0
2019-06-05,0.07619495689868927,0.0989999994635582,0.0989999994635582,0.0989999994635582,0.0989999994635582,0
2019-06-06,0.07619495689868927,0.0989999994635582,0.0989999994635582,0.0989999994635582,0.0989999994635582,0
2019-06-10,0.07619495689868927,0.0989999994635582,0.0989999994635582,0.0989999994635582,0.0989999994635582,0
2019-06-11,0.07619495689868927,0.0989999994635582,0.0989999994635582,0.0989999994635582,0.0989999994635582,0
2019-06-12,0.07619495689868927,0.0989999994635582,0.0989999994635582,0.09799999743700027,0.09799999743700027,120000
2019-06-13,0.0746556743979454,0.09700000286102295,0.09700000286102295,0.09099999815225601,0.09200000017881393,140000
2019-06-14,0.07388602197170258,0.09600000083446503,0.09600000083446503,0.09600000083446503,0.09600000083446503,10000
2019-06-17,0.0746556743979454,0.09700000286102295,0.09700000286102295,0.09200000017881393,0.09300000220537186,120000
2019-06-18,0.0746556743979454,0.09700000286102295,0.09700000286102295,0.09700000286102295,0.09700000286102295,0
2019-06-19,0.07388602197170258,0.09600000083446503,0.09600000083446503,0.09600000083446503,0.09600000083446503,10000
2019-06-20,0.0746556743979454,0.09700000286102295,0.09700000286102295,0.09600000083446503,0.09600000083446503,90000
2019-06-21,0.0746556743979454,0.09700000286102295,0.09700000286102295,0.09700000286102295,0.09700000286102295,0
2019-06-24,0.07619495689868927,0.0989999994635582,0.10899999737739563,0.0989999994635582,0.1080000028014183,310000
2019-06-25,0.08466105908155441,0.10999999940395355,0.11100000143051147,0.09399999678134918,0.09399999678134918,190000
2019-06-26,0.08466105908155441,0.10999999940395355,0.10999999940395355,0.10999999940395355,0.10999999940395355,0
2019-06-27,0.08389141410589218,0.10899999737739563,0.10899999737739563,0.10899999737739563,0.10899999737739563,0
2019-06-28,0.08158247917890549,0.10599999874830246,0.10599999874830246,0.10599999874830246,0.10599999874830246,0
2019-07-02,0.07773425430059433,0.10100000351667404,0.10499999672174454,0.10100000351667404,0.10400000214576721,490000
2019-07-03,0.0746556743979454,0.09700000286102295,0.09700000286102295,0.09700000286102295,0.09700000286102295,0
2019-07-04,0.07234672456979752,0.09399999678134918,0.10000000149011612,0.09399999678134918,0.09799999743700027,750000
2019-07-05,0.07311637699604034,0.0949999988079071,0.09399999678134918,0.09200000017881393,0.09399999678134918,150000
2019-07-08,0.07619495689868927,0.0989999994635582,0.0989999994635582,0.09700000286102295,0.09700000286102295,300000
2019-07-09,0.0769646018743515,0.10000000149011612,0.10000000149011612,0.10000000149011612,0.10000000149011612,40000
2019-07-10,0.0769646018743515,0.10000000149011612,0.10000000149011612,0.10000000149011612,0.10000000149011612,0
2019-07-11,0.0746556743979454,0.09700000286102295,0.09700000286102295,0.09700000286102295,0.09700000286102295,0
2019-07-12,0.0769646018743515,0.10000000149011612,0.10000000149011612,0.0989999994635582,0.0989999994635582,220000
2019-07-15,0.07388602197170258,0.09600000083446503,0.09600000083446503,0.0949999988079071,0.0949999988079071,300000
2019-07-16,0.07388602197170258,0.09600000083446503,0.09600000083446503,0.09600000083446503,0.09600000083446503,0
2019-07-17,0.07234672456979752,0.09399999678134918,0.09399999678134918,0.09399999678134918,0.09399999678134918,10000
2019-07-18,0.07234672456979752,0.09399999678134918,0.09399999678134918,0.09399999678134918,0.09399999678134918,0
2019-07-19,0.07234672456979752,0.09399999678134918,0.09399999678134918,0.09399999678134918,0.09399999678134918,0
2019-07-22,0.07234672456979752,0.09399999678134918,0.09399999678134918,0.09399999678134918,0.09399999678134918,0
2019-07-23,0.07234672456979752,0.09399999678134918,0.09399999678134918,0.09399999678134918,0.09399999678134918,0
2019-07-24,0.07157707959413528,0.09300000220537186,0.09300000220537186,0.09200000017881393,0.09200000017881393,140000
2019-07-25,0.07234672456979752,0.09399999678134918,0.09200000017881393,0.09200000017881393,0.09200000017881393,100000
2019-07-26,0.07388602197170258,0.09600000083446503,0.09600000083446503,0.09000000357627869,0.09000000357627869,220000
2019-07-29,0.07542530447244644,0.09799999743700027,0.0989999994635582,0.0989999994635582,0.0989999994635582,10000
2019-07-30,0.07388602197170258,0.09600000083446503,0.09600000083446503,0.09300000220537186,0.09300000220537186,20000
2019-07-31,0.07388602197170258,0.09600000083446503,0.09600000083446503,0.09600000083446503,0.09600000083446503,0
2019-08-01,0.07542530447244644,0.09799999743700027,0.09799999743700027,0.09799999743700027,0.09799999743700027,0
2019-08-02,0.07542530447244644,0.09799999743700027,0.09799999743700027,0.09799999743700027,0.09799999743700027,0
2019-08-05,0.07619495689868927,0.0989999994635582,0.0989999994635582,0.0989999994635582,0.0989999994635582,0
2019-08-06,0.07311637699604034,0.0949999988079071,0.09600000083446503,0.09200000017881393,0.0949999988079071,480000
2019-08-07,0.07311637699604034,0.0949999988079071,0.0949999988079071,0.09399999678134918,0.09399999678134918,200000
2019-08-08,0.07773425430059433,0.10100000351667404,0.10100000351667404,0.10100000351667404,0.10100000351667404,0
2019-08-09,0.07157707959413528,0.09300000220537186,0.09399999678134918,0.09300000220537186,0.09399999678134918,180000
2019-08-12,0.07157707959413528,0.09300000220537186,0.09300000220537186,0.09300000220537186,0.09300000220537186,0
2019-08-13,0.07311637699604034,0.0949999988079071,0.0949999988079071,0.09300000220537186,0.09300000220537186,320000
2019-08-14,0.07311637699604034,0.0949999988079071,0.0949999988079071,0.0949999988079071,0.0949999988079071,0
2019-08-15,0.07311637699604034,0.0949999988079071,0.0949999988079071,0.0949999988079071,0.0949999988079071,0
2019-08-16,0.07157707959413528,0.09300000220537186,0.09000000357627869,0.09000000357627869,0.09000000357627869,210000
2019-08-19,0.07157707959413528,0.09300000220537186,0.09300000220537186,0.09300000220537186,0.09300000220537186,0
2019-08-20,0.06618955731391907,0.0860000029206276,0.09300000220537186,0.0820000022649765,0.09300000220537186,540000
2019-08-21,0.06465025991201401,0.08399999886751175,0.08399999886751175,0.08399999886751175,0.08399999886751175,10000
2019-08-22,0.06465025991201401,0.08399999886751175,0.08399999886751175,0.08399999886751175,0.08399999886751175,0
2019-08-23,0.06849849224090576,0.08900000154972076,0.08900000154972076,0.08500000089406967,0.08500000089406967,100000
2019-08-26,0.06849849224090576,0.08900000154972076,0.08900000154972076,0.08900000154972076,0.08900000154972076,10000
2019-08-27,0.06849849224090576,0.08900000154972076,0.08900000154972076,0.08900000154972076,0.08900000154972076,0
2019-08-28,0.06849849224090576,0.08900000154972076,0.08900000154972076,0.08900000154972076,0.08900000154972076,0
2019-08-29,0.06772884726524353,0.08799999952316284,0.08799999952316284,0.08799999952316284,0.08799999952316284,0
2019-08-30,0.0669591873884201,0.08699999749660492,0.08699999749660492,0.07999999821186066,0.07999999821186066,40000
2019-09-02,0.06618955731391907,0.0860000029206276,0.0860000029206276,0.08500000089406967,0.08500000089406967,100000
2019-09-03,0.06618955731391907,0.0860000029206276,0.0860000029206276,0.0860000029206276,0.0860000029206276,0
2019-09-04,0.06618955731391907,0.0860000029206276,0.0860000029206276,0.0860000029206276,0.0860000029206276,0
2019-09-05,0.06926815211772919,0.09000000357627869,0.09399999678134918,0.0860000029206276,0.0860000029206276,740000
2019-09-06,0.07234672456979752,0.09399999678134918,0.0989999994635582,0.09799999743700027,0.0989999994635582,90000
2019-09-09,0.07234672456979752,0.09399999678134918,0.09399999678134918,0.09399999678134918,0.09399999678134918,0
2019-09-10,0.0769646018743515,0.10000000149011612,0.10000000149011612,0.08699999749660492,0.10000000149011612,120000
2019-09-11,0.07311637699604034,0.0949999988079071,0.0949999988079071,0.0949999988079071,0.0949999988079071,100000
2019-09-12,0.07311637699604034,0.0949999988079071,0.0949999988079071,0.0949999988079071,0.0949999988079071,0
2019-09-13,0.07619495689868927,0.0989999994635582,0.0989999994635582,0.0989999994635582,0.0989999994635582,0
2019-09-16,0.07619495689868927,0.0989999994635582,0.0989999994635582,0.0989999994635582,0.0989999994635582,0
2019-09-17,0.0769646018743515,0.10000000149011612,0.10000000149011612,0.10000000149011612,0.10000000149011612,0
2019-09-18,0.07234672456979752,0.09399999678134918,0.09399999678134918,0.09399999678134918,0.09399999678134918,10000
2019-09-19,0.07157707959413528,0.09300000220537186,0.09300000220537186,0.09300000220537186,0.09300000220537186,70000
2019-09-20,0.07080744206905365,0.09200000017881393,0.09200000017881393,0.09200000017881393,0.09200000017881393,20000
2019-09-23,0.07489056140184402,0.09399999678134918,0.09300000220537186,0.08699999749660492,0.08699999749660492,410000
2019-09-24,0.07489056140184402,0.09399999678134918,0.09399999678134918,0.09399999678134918,0.09399999678134918,0
2019-09-25,0.07489056140184402,0.09399999678134918,0.09000000357627869,0.08500000089406967,0.09000000357627869,480000
2019-09-26,0.07329715043306351,0.09200000017881393,0.09200000017881393,0.09200000017881393,0.09200000017881393,0
2019-09-27,0.07090701907873154,0.08900000154972076,0.0989999994635582,0.08900000154972076,0.09399999678134918,170000
2019-09-30,0.07090701907873154,0.08900000154972076,0.08900000154972076,0.08900000154972076,0.08900000154972076,0
2019-10-02,0.07090701907873154,0.08900000154972076,0.08900000154972076,0.08900000154972076,0.08900000154972076,0
2019-10-03,0.07170373946428299,0.09000000357627869,0.09300000220537186,0.09000000357627869,0.09000000357627869,240000
2019-10-04,0.07011031359434128,0.08799999952316284,0.08799999952316284,0.08799999952316284,0.08799999952316284,30000
2019-10-08,0.07329715043306351,0.09200000017881393,0.09300000220537186,0.09200000017881393,0.09200000017881393,110000
2019-10-09,0.06931359320878983,0.08699999749660492,0.09000000357627869,0.08699999749660492,0.09000000357627869,210000
2019-10-10,0.06772018224000931,0.08500000089406967,0.08799999952316284,0.08500000089406967,0.08699999749660492,570000
2019-10-11,0.06851689517498016,0.0860000029206276,0.08699999749660492,0.0860000029206276,0.08699999749660492,580000
2019-10-14,0.06851689517498016,0.0860000029206276,0.0860000029206276,0.0860000029206276,0.0860000029206276,0
2019-10-15,0.0661267638206482,0.08299999684095383,0.08699999749660492,0.07999999821186066,0.08699999749660492,470000
2019-10-16,0.06931359320878983,0.08699999749660492,0.08699999749660492,0.08699999749660492,0.08699999749660492,40000
2019-10-17,0.06931359320878983,0.08699999749660492,0.08699999749660492,0.08699999749660492,0.08699999749660492,0
2019-10-18,0.07011031359434128,0.08799999952316284,0.08799999952316284,0.08799999952316284,0.08799999952316284,0
2019-10-21,0.0661267638206482,0.08299999684095383,0.08799999952316284,0.08299999684095383,0.08799999952316284,220000
2019-10-22,0.06134653091430664,0.07699999958276749,0.0860000029206276,0.07699999958276749,0.08100000023841858,1010000
2019-10-23,0.06134653091430664,0.07699999958276749,0.07699999958276749,0.07699999958276749,0.07699999958276749,0
2019-10-24,0.0621432289481163,0.07800000160932541,0.07800000160932541,0.07800000160932541,0.07800000160932541,60000
2019-10-25,0.060549814254045486,0.07599999755620956,0.07599999755620956,0.07000000029802322,0.07199999690055847,550000
2019-10-28,0.06772018224000931,0.08500000089406967,0.09000000357627869,0.07599999755620956,0.07599999755620956,430000
2019-10-29,0.06931359320878983,0.08699999749660492,0.08699999749660492,0.08699999749660492,0.08699999749660492,0
2019-10-30,0.06851689517498016,0.0860000029206276,0.08699999749660492,0.0860000029206276,0.08699999749660492,150000
2019-10-31,0.06453335285186768,0.08100000023841858,0.08100000023841858,0.07599999755620956,0.08100000023841858,130000
2019-11-01,0.07170373946428299,0.09000000357627869,0.09000000357627869,0.09000000357627869,0.09000000357627869,0
2019-11-04,0.06453335285186768,0.08100000023841858,0.08100000023841858,0.07999999821186066,0.08100000023841858,300000
2019-11-05,0.07090701907873154,0.08900000154972076,0.09000000357627869,0.08299999684095383,0.08299999684095383,480000
2019-11-06,0.07011031359434128,0.08799999952316284,0.08799999952316284,0.08799999952316284,0.08799999952316284,0
2019-11-07,0.07011031359434128,0.08799999952316284,0.08799999952316284,0.08799999952316284,0.08799999952316284,0
2019-11-08,0.07011031359434128,0.08799999952316284,0.08799999952316284,0.08799999952316284,0.08799999952316284,0
2019-11-11,0.07011031359434128,0.08799999952316284,0.08799999952316284,0.08799999952316284,0.08799999952316284,0
2019-11-12,0.07011031359434128,0.08799999952316284,0.08799999952316284,0.08799999952316284,0.08799999952316284,50000
2019-11-13,0.06931359320878983,0.08699999749660492,0.08699999749660492,0.08699999749660492,0.08699999749660492,0
2019-11-14,0.06772018224000931,0.08500000089406967,0.08500000089406967,0.08500000089406967,0.08500000089406967,0
2019-11-15,0.06772018224000931,0.08500000089406967,0.08500000089406967,0.08500000089406967,0.08500000089406967,0
2019-11-18,0.0661267638206482,0.08299999684095383,0.08299999684095383,0.08299999684095383,0.08299999684095383,0
2019-11-19,0.0661267638206482,0.08299999684095383,0.08299999684095383,0.08299999684095383,0.08299999684095383,0
2019-11-20,0.06533006578683853,0.0820000022649765,0.0820000022649765,0.0820000022649765,0.0820000022649765,0
2019-11-21,0.06453335285186768,0.08100000023841858,0.08100000023841858,0.07999999821186066,0.07999999821186066,130000
2019-11-22,0.06453335285186768,0.08100000023841858,0.08100000023841858,0.08100000023841858,0.08100000023841858,0
2019-11-25,0.06533006578683853,0.0820000022649765,0.08299999684095383,0.07900000363588333,0.08299999684095383,130000
2019-11-26,0.06533006578683853,0.0820000022649765,0.0820000022649765,0.0820000022649765,0.0820000022649765,0
2019-11-27,0.06533006578683853,0.0820000022649765,0.0820000022649765,0.0820000022649765,0.0820000022649765,300000
2019-11-28,0.06453335285186768,0.08100000023841858,0.08100000023841858,0.08100000023841858,0.08100000023841858,10000
2019-11-29,0.06453335285186768,0.08100000023841858,0.08100000023841858,0.08100000023841858,0.08100000023841858,0
2019-12-02,0.06453335285186768,0.08100000023841858,0.08100000023841858,0.08100000023841858,0.08100000023841858,0
2019-12-03,0.06453335285186768,0.08100000023841858,0.08100000023841858,0.08100000023841858,0.08100000023841858,0
2019-12-04,0.06453335285186768,0.08100000023841858,0.08100000023841858,0.08100000023841858,0.08100000023841858,0
2019-12-05,0.07090701907873154,0.08900000154972076,0.08900000154972076,0.08900000154972076,0.08900000154972076,0
2019-12-06,0.07090701907873154,0.08900000154972076,0.08900000154972076,0.08900000154972076,0.08900000154972076,20000
2019-12-09,0.07967081665992737,0.10000000149011612,0.10000000149011612,0.10000000149011612,0.10000000149011612,100000
2019-12-10,0.07568727433681488,0.0949999988079071,0.0949999988079071,0.0949999988079071,0.0949999988079071,0
2019-12-11,0.08126422017812729,0.10199999809265137,0.10199999809265137,0.10199999809265137,0.10199999809265137,0
2019-12-12,0.07887410372495651,0.0989999994635582,0.10199999809265137,0.10000000149011612,0.10199999809265137,430000
2019-12-13,0.07170373946428299,0.09000000357627869,0.09399999678134918,0.0860000029206276,0.09000000357627869,320000
2019-12-16,0.07887410372495651,0.0989999994635582,0.1080000028014183,0.08399999886751175,0.09200000017881393,500000
2019-12-17,0.07807739078998566,0.09799999743700027,0.09799999743700027,0.09799999743700027,0.09799999743700027,0
2019-12-18,0.07807739078998566,0.09799999743700027,0.09799999743700027,0.09799999743700027,0.09799999743700027,0
2019-12-19,0.077280692756176,0.09700000286102295,0.09700000286102295,0.09700000286102295,0.09700000286102295,0
2019-12-20,0.077280692756176,0.09700000286102295,0.09700000286102295,0.09700000286102295,0.09700000286102295,0
2019-12-23,0.07568727433681488,0.0949999988079071,0.0949999988079071,0.0949999988079071,0.0949999988079071,0
2019-12-24,0.07250043004751205,0.09099999815225601,0.09000000357627869,0.09000000357627869,0.08699999749660492,90000
2019-12-27,0.07409385591745377,0.09300000220537186,0.09300000220537186,0.07999999821186066,0.09200000017881393,700000
2019-12-30,0.077280692756176,0.09700000286102295,0.09799999743700027,0.08799999952316284,0.0949999988079071,660000
2019-12-31,0.07568727433681488,0.0949999988079071,0.09700000286102295,0.08299999684095383,0.08299999684095383,190000
2020-01-02,0.08365435153245926,0.10499999672174454,0.10499999672174454,0.0860000029206276,0.0860000029206276,500000
2020-01-03,0.07409385591745377,0.09300000220537186,0.09799999743700027,0.08699999749660492,0.09799999743700027,240000
2020-01-06,0.07409385591745377,0.09300000220537186,0.09399999678134918,0.09300000220537186,0.09300000220537186,520000
2020-01-07,0.07568727433681488,0.0949999988079071,0.09799999743700027,0.0949999988079071,0.09600000083446503,70000
2020-01-08,0.07568727433681488,0.0949999988079071,0.0949999988079071,0.0949999988079071,0.0949999988079071,0
2020-01-09,0.07568727433681488,0.0949999988079071,0.0949999988079071,0.0949999988079071,0.0949999988079071,0
2020-01-10,0.07090701907873154,0.08900000154972076,0.08799999952316284,0.08799999952316284,0.08799999952316284,10000
2020-01-13,0.07090701907873154,0.08900000154972076,0.08900000154972076,0.08900000154972076,0.08900000154972076,0
2020-01-14,0.07090701907873154,0.08900000154972076,0.08900000154972076,0.08900000154972076,0.08900000154972076,0
2020-01-15,0.06851689517498016,0.0860000029206276,0.0860000029206276,0.0860000029206276,0.0860000029206276,20000
2020-01-16,0.06851689517498016,0.0860000029206276,0.0860000029206276,0.0860000029206276,0.0860000029206276,0
2020-01-17,0.06851689517498016,0.0860000029206276,0.0860000029206276,0.0860000029206276,0.0860000029206276,0
2020-01-20,0.06772018224000931,0.08500000089406967,0.08500000089406967,0.08399999886751175,0.08399999886751175,90000
2020-01-21,0.06772018224000931,0.08500000089406967,0.08500000089406967,0.08500000089406967,0.08500000089406967,0
2020-01-22,0.06772018224000931,0.08500000089406967,0.08500000089406967,0.08500000089406967,0.08500000089406967,0
2020-01-23,0.06772018224000931,0.08500000089406967,0.08500000089406967,0.08500000089406967,0.08500000089406967,0
2020-01-24,0.0661267638206482,0.08299999684095383,0.08399999886751175,0.0729999989271164,0.0729999989271164,510000
2020-01-29,0.06692347675561905,0.08399999886751175,0.09200000017881393,0.08299999684095383,0.08399999886751175,860000
2020-01-30,0.07011031359434128,0.08799999952316284,0.09300000220537186,0.07999999821186066,0.08399999886751175,480000
2020-01-31,0.09480826556682587,0.11900000274181366,0.20000000298023224,0.08799999952316284,0.08799999952316284,31950000
2020-02-03,0.07568727433681488,0.0949999988079071,0.13699999451637268,0.09200000017881393,0.11500000208616257,5150000
2020-02-04,0.08046752214431763,0.10100000351667404,0.10400000214576721,0.09300000220537186,0.10300000011920929,670000
2020-02-05,0.07409385591745377,0.09300000220537186,0.0949999988079071,0.09300000220537186,0.0949999988079071,150000
2020-02-06,0.07409385591745377,0.09300000220537186,0.09300000220537186,0.09300000220537186,0.09300000220537186,40000
2020-02-07,0.07011031359434128,0.08799999952316284,0.08799999952316284,0.08399999886751175,0.08399999886751175,80000
2020-02-10,0.082857646048069,0.10400000214576721,0.1589999943971634,0.08799999952316284,0.08799999952316284,61340000
2020-02-11,0.088434599339962,0.11100000143051147,0.12200000137090683,0.09200000017881393,0.10599999874830246,10700000
2020-02-12,0.08126422017812729,0.10199999809265137,0.11699999868869781,0.10000000149011612,0.11299999803304672,4900000
2020-02-13,0.08365435153245926,0.10499999672174454,0.10599999874830246,0.09799999743700027,0.10100000351667404,650000
2020-02-14,0.07807739078998566,0.09799999743700027,0.10300000011920929,0.09700000286102295,0.09700000286102295,780000
2020-02-17,0.077280692756176,0.09700000286102295,0.10199999809265137,0.09600000083446503,0.10199999809265137,1230000
2020-02-18,0.08206094056367874,0.10300000011920929,0.1080000028014183,0.09700000286102295,0.09700000286102295,980000
2020-02-19,0.08206094056367874,0.10300000011920929,0.11500000208616257,0.10000000149011612,0.10599999874830246,1760000
2020-02-20,0.08365435153245926,0.10499999672174454,0.10599999874830246,0.0949999988079071,0.10499999672174454,4340000
2020-02-21,0.082857646048069,0.10400000214576721,0.10899999737739563,0.0989999994635582,0.10499999672174454,280000
2020-02-24,0.08365435153245926,0.10499999672174454,0.10899999737739563,0.09799999743700027,0.10899999737739563,1240000
2020-02-25,0.07887410372495651,0.0989999994635582,0.10999999940395355,0.0989999994635582,0.0989999994635582,4070000
2020-02-26,0.07807739078998566,0.09799999743700027,0.10499999672174454,0.09799999743700027,0.10000000149011612,1120000
2020-02-27,0.07807739078998566,0.09799999743700027,0.09799999743700027,0.09600000083446503,0.09799999743700027,940000
2020-02-28,0.07329715043306351,0.09200000017881393,0.09300000220537186,0.09200000017881393,0.09200000017881393,810000
2020-03-02,0.07170373946428299,0.09000000357627869,0.09000000357627869,0.09000000357627869,0.09000000357627869,10000
2020-03-03,0.07250043004751205,0.09099999815225601,0.09099999815225601,0.09099999815225601,0.09099999815225601,200000
2020-03-04,0.07090701907873154,0.08900000154972076,0.09099999815225601,0.08799999952316284,0.09099999815225601,960000
2020-03-05,0.07011031359434128,0.08799999952316284,0.08799999952316284,0.08699999749660492,0.08699999749660492,120000
2020-03-06,0.07011031359434128,0.08799999952316284,0.08699999749660492,0.08699999749660492,0.08699999749660492,10000
2020-03-09,0.07011031359434128,0.08799999952316284,0.08799999952316284,0.08299999684095383,0.08299999684095383,210000
2020-03-10,0.06931359320878983,0.08699999749660492,0.08699999749660492,0.08699999749660492,0.08699999749660492,250000
2020-03-11,0.06931359320878983,0.08699999749660492,0.08699999749660492,0.08299999684095383,0.08699999749660492,180000
2020-03-12,0.07568727433681488,0.0949999988079071,0.09600000083446503,0.0820000022649765,0.08299999684095383,750000
2020-03-13,0.07568727433681488,0.0949999988079071,0.0949999988079071,0.0949999988079071,0.0949999988079071,0
2020-03-16,0.06373663991689682,0.07999999821186066,0.08500000089406967,0.07800000160932541,0.08100000023841858,370000
2020-03-17,0.06373663991689682,0.07999999821186066,0.07999999821186066,0.07999999821186066,0.07999999821186066,20000
2020-03-18,0.056566279381513596,0.07100000232458115,0.07500000298023224,0.07100000232458115,0.07500000298023224,400000
2020-03-19,0.05258273705840111,0.06599999964237213,0.07100000232458115,0.06499999761581421,0.07100000232458115,560000
2020-03-20,0.053379446268081665,0.06700000166893005,0.06700000166893005,0.06700000166893005,0.06700000166893005,190000
2020-03-23,0.053379446268081665,0.06700000166893005,0.06700000166893005,0.06700000166893005,0.06700000166893005,30000
2020-03-24,0.05178602784872055,0.06499999761581421,0.06700000166893005,0.06300000101327896,0.06700000166893005,230000
2020-03-25,0.05098932608962059,0.06400000303983688,0.06700000166893005,0.05999999865889549,0.061000000685453415,270000
2020-03-26,0.06293994188308716,0.07900000363588333,0.09000000357627869,0.07400000095367432,0.07900000363588333,580000
2020-03-27,0.06373663991689682,0.07999999821186066,0.07999999821186066,0.07999999821186066,0.07999999821186066,0
2020-03-30,0.058159686625003815,0.0729999989271164,0.07999999821186066,0.07000000029802322,0.07999999821186066,180000
2020-03-31,0.056566279381513596,0.07100000232458115,0.07100000232458115,0.07100000232458115,0.07100000232458115,30000
2020-04-01,0.056566279381513596,0.07100000232458115,0.07100000232458115,0.07100000232458115,0.07100000232458115,0
2020-04-02,0.056566279381513596,0.07100000232458115,0.07100000232458115,0.07100000232458115,0.07100000232458115,0
2020-04-03,0.056566279381513596,0.07100000232458115,0.07100000232458115,0.07100000232458115,0.07100000232458115,40000
2020-04-06,0.06134653091430664,0.07699999958276749,0.07900000363588333,0.05999999865889549,0.06499999761581421,1780000
2020-04-07,0.056566279381513596,0.07100000232458115,0.07100000232458115,0.07000000029802322,0.07100000232458115,430000
2020-04-08,0.06293994188308716,0.07900000363588333,0.07999999821186066,0.07100000232458115,0.07100000232458115,360000
2020-04-09,0.06293994188308716,0.07900000363588333,0.07900000363588333,0.07900000363588333,0.07900000363588333,0
2020-04-14,0.06293994188308716,0.07900000363588333,0.07900000363588333,0.07900000363588333,0.07900000363588333,0
2020-04-15,0.06293994188308716,0.07900000363588333,0.07900000363588333,0.07900000363588333,0.07900000363588333,0
2020-04-16,0.06373663991689682,0.07999999821186066,0.07900000363588333,0.07500000298023224,0.07500000298023224,160000
2020-04-17,0.06373663991689682,0.07999999821186066,0.07999999821186066,0.07999999821186066,0.07999999821186066,0
2020-04-20,0.06373663991689682,0.07999999821186066,0.07999999821186066,0.07800000160932541,0.07800000160932541,120000
2020-04-21,0.059753112494945526,0.07500000298023224,0.07500000298023224,0.0729999989271164,0.0729999989271164,170000
2020-04-22,0.059753112494945526,0.07500000298023224,0.07500000298023224,0.07500000298023224,0.07500000298023224,0
2020-04-23,0.056566279381513596,0.07100000232458115,0.07100000232458115,0.07100000232458115,0.07100000232458115,10000
2020-04-24,0.057362981140613556,0.07199999690055847,0.07199999690055847,0.07199999690055847,0.07199999690055847,0
2020-04-27,0.059753112494945526,0.07500000298023224,0.07500000298023224,0.07400000095367432,0.07400000095367432,20000
2020-04-28,0.056566279381513596,0.07100000232458115,0.07100000232458115,0.07100000232458115,0.07100000232458115,80000
2020-04-29,0.056566279381513596,0.07100000232458115,0.07100000232458115,0.07100000232458115,0.07100000232458115,0
2020-05-04,0.05497286096215248,0.0689999982714653,0.07000000029802322,0.0689999982714653,0.07000000029802322,120000
2020-05-05,0.056566279381513596,0.07100000232458115,0.07100000232458115,0.0689999982714653,0.0689999982714653,310000
2020-05-06,0.05576957017183304,0.07000000029802322,0.07000000029802322,0.07000000029802322,0.07000000029802322,120000
2020-05-07,0.05576957017183304,0.07000000029802322,0.07000000029802322,0.0689999982714653,0.07000000029802322,150000
2020-05-08,0.060549814254045486,0.07599999755620956,0.07900000363588333,0.0689999982714653,0.0689999982714653,660000
2020-05-11,0.0661267638206482,0.08299999684095383,0.08299999684095383,0.07199999690055847,0.07800000160932541,770000
2020-05-12,0.0661267638206482,0.08299999684095383,0.08299999684095383,0.08299999684095383,0.08299999684095383,0
2020-05-13,0.06373663991689682,0.07999999821186066,0.07999999821186066,0.07999999821186066,0.07999999821186066,0
2020-05-14,0.06373663991689682,0.07999999821186066,0.07500000298023224,0.07199999690055847,0.07500000298023224,90000
2020-05-15,0.06373663991689682,0.07999999821186066,0.07999999821186066,0.07999999821186066,0.07999999821186066,0
2020-05-18,0.06293994188308716,0.07900000363588333,0.07900000363588333,0.07199999690055847,0.0729999989271164,70000
2020-05-19,0.058159686625003815,0.0729999989271164,0.0729999989271164,0.0729999989271164,0.0729999989271164,210000
2020-05-20,0.056566279381513596,0.07100000232458115,0.0729999989271164,0.07100000232458115,0.0729999989271164,250000
2020-05-21,0.06533006578683853,0.0820000022649765,0.09099999815225601,0.07000000029802322,0.07000000029802322,1340000
2020-05-22,0.057362981140613556,0.07199999690055847,0.0820000022649765,0.07199999690055847,0.0820000022649765,290000
2020-05-25,0.05576957017183304,0.07000000029802322,0.07199999690055847,0.07000000029802322,0.07199999690055847,660000
2020-05-26,0.05576957017183304,0.07000000029802322,0.07000000029802322,0.07000000029802322,0.07000000029802322,0
2020-05-27,0.053379446268081665,0.06700000166893005,0.07000000029802322,0.06700000166893005,0.07000000029802322,70000
2020-05-28,0.05417615547776222,0.06800000369548798,0.06800000369548798,0.06800000369548798,0.06800000369548798,0
2020-05-29,0.05417615547776222,0.06800000369548798,0.06800000369548798,0.06700000166893005,0.06700000166893005,40000
2020-06-01,0.05576957017183304,0.07000000029802322,0.07000000029802322,0.0689999982714653,0.0689999982714653,170000
2020-06-02,0.05576957017183304,0.07000000029802322,0.07000000029802322,0.07000000029802322,0.07000000029802322,0
2020-06-03,0.05417615547776222,0.06800000369548798,0.07000000029802322,0.06800000369548798,0.07000000029802322,380000
2020-06-04,0.05576957017183304,0.07000000029802322,0.07000000029802322,0.07000000029802322,0.07000000029802322,40000
2020-06-05,0.058159686625003815,0.0729999989271164,0.0729999989271164,0.0729999989271164,0.0729999989271164,0
2020-06-08,0.057362981140613556,0.07199999690055847,0.07199999690055847,0.07199999690055847,0.07199999690055847,0
2020-06-09,0.057362981140613556,0.07199999690055847,0.07199999690055847,0.07199999690055847,0.07199999690055847,0
2020-06-10,0.05417615547776222,0.06800000369548798,0.07000000029802322,0.06800000369548798,0.07000000029802322,300000
2020-06-11,0.05417615547776222,0.06800000369548798,0.06800000369548798,0.06800000369548798,0.06800000369548798,0
2020-06-12,0.05417615547776222,0.06800000369548798,0.06800000369548798,0.06800000369548798,0.06800000369548798,10000
2020-06-15,0.05417615547776222,0.06800000369548798,0.0689999982714653,0.06800000369548798,0.0689999982714653,50000
2020-06-16,0.05417615547776222,0.06800000369548798,0.06800000369548798,0.06800000369548798,0.06800000369548798,0
2020-06-17,0.053379446268081665,0.06700000166893005,0.06599999964237213,0.06599999964237213,0.06599999964237213,20000
2020-06-18,0.05417615547776222,0.06800000369548798,0.07900000363588333,0.06400000303983688,0.06400000303983688,270000
2020-06-19,0.05497286096215248,0.0689999982714653,0.07199999690055847,0.06800000369548798,0.07000000029802322,420000
2020-06-22,0.07170373946428299,0.09000000357627869,0.09700000286102295,0.07500000298023224,0.07500000298023224,1760000
2020-06-23,0.07011031359434128,0.08799999952316284,0.10100000351667404,0.08799999952316284,0.10100000351667404,710000
2020-06-24,0.0621432289481163,0.07800000160932541,0.08299999684095383,0.07599999755620956,0.07699999958276749,1220000
2020-06-26,0.06373663991689682,0.07999999821186066,0.07999999821186066,0.07999999821186066,0.07999999821186066,40000
2020-06-29,0.06373663991689682,0.07999999821186066,0.07999999821186066,0.07999999821186066,0.07999999821186066,130000
2020-06-30,0.06293994188308716,0.07900000363588333,0.07900000363588333,0.07900000363588333,0.07900000363588333,0
2020-07-02,0.0621432289481163,0.07800000160932541,0.07800000160932541,0.0729999989271164,0.07400000095367432,510000
2020-07-03,0.059753112494945526,0.07500000298023224,0.07999999821186066,0.07000000029802322,0.07999999821186066,590000
2020-07-06,0.05837825685739517,0.0689999982714653,0.0729999989271164,0.06800000369548798,0.0729999989271164,630000
2020-07-07,0.06345463544130325,0.07500000298023224,0.07500000298023224,0.0689999982714653,0.0689999982714653,1140000
2020-07-08,0.06430068612098694,0.07599999755620956,0.07599999755620956,0.07599999755620956,0.07599999755620956,0
2020-07-09,0.061762504279613495,0.0729999989271164,0.0729999989271164,0.06499999761581421,0.07000000029802322,410000
2020-07-10,0.061762504279613495,0.0729999989271164,0.0729999989271164,0.0729999989271164,0.0729999989271164,0
2020-07-13,0.06091644614934921,0.07199999690055847,0.07199999690055847,0.0689999982714653,0.0689999982714653,70000
2020-07-14,0.061762504279613495,0.0729999989271164,0.0729999989271164,0.06499999761581421,0.0689999982714653,1310000
2020-07-15,0.06345463544130325,0.07500000298023224,0.07900000363588333,0.07000000029802322,0.0729999989271164,370000
2020-07-16,0.06345463544130325,0.07500000298023224,0.07500000298023224,0.07500000298023224,0.07500000298023224,0
2020-07-17,0.06345463544130325,0.07500000298023224,0.07500000298023224,0.07500000298023224,0.07500000298023224,0
2020-07-20,0.06260856986045837,0.07400000095367432,0.07500000298023224,0.07400000095367432,0.07500000298023224,160000
2020-07-21,0.061762504279613495,0.0729999989271164,0.0729999989271164,0.07100000232458115,0.07100000232458115,110000
2020-07-22,0.06007038801908493,0.07100000232458115,0.07100000232458115,0.07100000232458115,0.07100000232458115,200000
2020-07-23,0.06007038801908493,0.07100000232458115,0.0689999982714653,0.0689999982714653,0.0689999982714653,130000
2020-07-24,0.06430068612098694,0.07599999755620956,0.07999999821186066,0.07500000298023224,0.07500000298023224,850000
2020-07-27,0.06007038801908493,0.07100000232458115,0.07599999755620956,0.07100000232458115,0.07599999755620956,510000
2020-07-28,0.06260856986045837,0.07400000095367432,0.07400000095367432,0.07400000095367432,0.07400000095367432,20000
2020-07-29,0.06007038801908493,0.07100000232458115,0.07100000232458115,0.07000000029802322,0.07100000232458115,70000
2020-07-30,0.06514675170183182,0.07699999958276749,0.07800000160932541,0.07500000298023224,0.07599999755620956,210000
2020-07-31,0.06768493354320526,0.07999999821186066,0.08299999684095383,0.07699999958276749,0.07699999958276749,890000
2020-08-03,0.06768493354320526,0.07999999821186066,0.08500000089406967,0.07999999821186066,0.08500000089406967,720000
2020-08-04,0.07106918841600418,0.08399999886751175,0.08500000089406967,0.07999999821186066,0.0820000022649765,440000
2020-08-05,0.06937705725431442,0.0820000022649765,0.0820000022649765,0.0820000022649765,0.0820000022649765,0
2020-08-06,0.06768493354320526,0.07999999821186066,0.07999999821186066,0.07999999821186066,0.07999999821186066,0
2020-08-07,0.06768493354320526,0.07999999821186066,0.0820000022649765,0.07999999821186066,0.08299999684095383,20000
2020-08-10,0.06853099912405014,0.08100000023841858,0.07999999821186066,0.07000000029802322,0.07500000298023224,1930000
2020-08-11,0.06768493354320526,0.07999999821186066,0.07999999821186066,0.07500000298023224,0.07500000298023224,280000
2020-08-12,0.06768493354320526,0.07999999821186066,0.07999999821186066,0.07999999821186066,0.07999999821186066,0
2020-08-13,0.06768493354320526,0.07999999821186066,0.07999999821186066,0.07999999821186066,0.07999999821186066,0
2020-08-14,0.06768493354320526,0.07999999821186066,0.07999999821186066,0.07100000232458115,0.07400000095367432,1290000
2020-08-17,0.06683887541294098,0.07900000363588333,0.07900000363588333,0.07900000363588333,0.07900000363588333,500000
2020-08-18,0.0659928172826767,0.07800000160932541,0.07800000160932541,0.07800000160932541,0.07999999821186066,470000
2020-08-19,0.0659928172826767,0.07800000160932541,0.07599999755620956,0.07500000298023224,0.07500000298023224,90000
2020-08-20,0.08545223623514175,0.10100000351667404,0.10100000351667404,0.07500000298023224,0.07500000298023224,2770000
2020-08-21,0.07445342093706131,0.08799999952316284,0.14000000059604645,0.08500000089406967,0.14000000059604645,5240000
2020-08-24,0.07360736280679703,0.08699999749660492,0.08699999749660492,0.08699999749660492,0.08699999749660492,0
2020-08-25,0.06683887541294098,0.07900000363588333,0.0860000029206276,0.07900000363588333,0.0860000029206276,210000
2020-08-26,0.06683887541294098,0.07900000363588333,0.07900000363588333,0.07800000160932541,0.07900000363588333,390000
2020-08-27,0.07276130467653275,0.0860000029206276,0.08699999749660492,0.08699999749660492,0.08699999749660492,40000
2020-08-28,0.07106918841600418,0.08399999886751175,0.08399999886751175,0.08399999886751175,0.08399999886751175,0
2020-08-31,0.0702231153845787,0.08299999684095383,0.08299999684095383,0.07999999821186066,0.07999999821186066,110000
2020-09-01,0.06937705725431442,0.0820000022649765,0.0820000022649765,0.07999999821186066,0.07999999821186066,350000
2020-09-02,0.06937705725431442,0.0820000022649765,0.0820000022649765,0.0820000022649765,0.0820000022649765,0
2020-09-03,0.06853099912405014,0.08100000023841858,0.08100000023841858,0.07699999958276749,0.07699999958276749,180000
2020-09-04,0.06937705725431442,0.0820000022649765,0.0820000022649765,0.07699999958276749,0.07699999958276749,180000
2020-09-07,0.06937705725431442,0.0820000022649765,0.0820000022649765,0.0820000022649765,0.0820000022649765,0
2020-09-08,0.06937705725431442,0.0820000022649765,0.0820000022649765,0.0820000022649765,0.0820000022649765,0
2020-09-09,0.06768493354320526,0.07999999821186066,0.08299999684095383,0.07500000298023224,0.08299999684095383,650000
2020-09-10,0.06768493354320526,0.07999999821186066,0.07999999821186066,0.07599999755620956,0.07599999755620956,20000
2020-09-11,0.06768493354320526,0.07999999821186066,0.07999999821186066,0.07999999821186066,0.07999999821186066,0
2020-09-14,0.06683887541294098,0.07900000363588333,0.07900000363588333,0.07699999958276749,0.07699999958276749,300000
2020-09-15,0.06683887541294098,0.07900000363588333,0.07900000363588333,0.07900000363588333,0.07900000363588333,200000
2020-09-16,0.06683887541294098,0.07900000363588333,0.07900000363588333,0.07699999958276749,0.07699999958276749,540000
2020-09-17,0.06853099912405014,0.08100000023841858,0.08100000023841858,0.08100000023841858,0.08100000023841858,10000
2020-09-18,0.06683887541294098,0.07900000363588333,0.07900000363588333,0.07900000363588333,0.07900000363588333,0
2020-09-21,0.06768493354320526,0.07999999821186066,0.08100000023841858,0.07699999958276749,0.08100000023841858,210000
2020-09-22,0.06514675170183182,0.07699999958276749,0.0820000022649765,0.07699999958276749,0.0820000022649765,140000
2020-09-23,0.06514675170183182,0.07699999958276749,0.07699999958276749,0.07699999958276749,0.07699999958276749,0
2020-09-24,0.06345463544130325,0.07500000298023224,0.07500000298023224,0.07500000298023224,0.07500000298023224,10000
2020-09-25,0.06345463544130325,0.07500000298023224,0.07500000298023224,0.07500000298023224,0.07500000298023224,0
2020-09-28,0.06514675170183182,0.07699999958276749,0.07699999958276749,0.07699999958276749,0.07699999958276749,0
2020-09-29,0.06514675170183182,0.07699999958276749,0.07699999958276749,0.07699999958276749,0.07699999958276749,0
2020-09-30,0.06514675170183182,0.07699999958276749,0.07699999958276749,0.07699999958276749,0.07699999958276749,10000
2020-10-05,0.06768493354320526,0.07999999821186066,0.08100000023841858,0.07900000363588333,0.07599999755620956,260000
2020-10-06,0.06768493354320526,0.07999999821186066,0.08100000023841858,0.07900000363588333,0.07699999958276749,30000
2020-10-07,0.07106918841600418,0.08399999886751175,0.08399999886751175,0.08399999886751175,0.08399999886751175,0
2020-10-08,0.07106918841600418,0.08399999886751175,0.08399999886751175,0.08399999886751175,0.08399999886751175,0
2020-10-09,0.0702231153845787,0.08299999684095383,0.08299999684095383,0.08299999684095383,0.08299999684095383,50000
2020-10-12,0.06937705725431442,0.0820000022649765,0.0820000022649765,0.07999999821186066,0.08100000023841858,250000
2020-10-14,0.0659928172826767,0.07800000160932541,0.08399999886751175,0.07800000160932541,0.08399999886751175,480000
2020-10-15,0.06853099912405014,0.08100000023841858,0.07800000160932541,0.07500000298023224,0.07800000160932541,440000
2020-10-16,0.0659928172826767,0.07800000160932541,0.07800000160932541,0.07800000160932541,0.07800000160932541,0
2020-10-19,0.06768493354320526,0.07999999821186066,0.07999999821186066,0.07999999821186066,0.07999999821186066,0
2020-10-20,0.0702231153845787,0.08299999684095383,0.08299999684095383,0.08299999684095383,0.08299999684095383,0
2020-10-21,0.06768493354320526,0.07999999821186066,0.07999999821186066,0.07999999821186066,0.07999999821186066,0
2020-10-22,0.06345463544130325,0.07500000298023224,0.07599999755620956,0.07000000029802322,0.07599999755620956,2010000
2020-10-23,0.06345463544130325,0.07500000298023224,0.07500000298023224,0.07500000298023224,0.07500000298023224,0
2020-10-27,0.06345463544130325,0.07500000298023224,0.07500000298023224,0.07500000298023224,0.07500000298023224,0
2020-10-28,0.06430068612098694,0.07599999755620956,0.07599999755620956,0.07599999755620956,0.07599999755620956,0
2020-10-29,0.06430068612098694,0.07599999755620956,0.07999999821186066,0.07599999755620956,0.07599999755620956,300000
2020-10-30,0.06430068612098694,0.07599999755620956,0.07599999755620956,0.0729999989271164,0.07599999755620956,720000
2020-11-02,0.06514675170183182,0.07699999958276749,0.07800000160932541,0.07800000160932541,0.07800000160932541,30000
2020-11-03,0.06260856986045837,0.07400000095367432,0.07699999958276749,0.07400000095367432,0.07699999958276749,530000
2020-11-04,0.06768493354320526,0.07999999821186066,0.08100000023841858,0.07699999958276749,0.07699999958276749,230000
2020-11-05,0.06768493354320526,0.07999999821186066,0.07999999821186066,0.07900000363588333,0.07900000363588333,200000
2020-11-06,0.0659928172826767,0.07800000160932541,0.07800000160932541,0.07000000029802322,0.07599999755620956,1870000
2020-11-09,0.06430068612098694,0.07599999755620956,0.07699999958276749,0.07400000095367432,0.07400000095367432,120000
2020-11-10,0.06430068612098694,0.07599999755620956,0.07599999755620956,0.07599999755620956,0.07599999755620956,0
2020-11-11,0.06430068612098694,0.07599999755620956,0.07599999755620956,0.07500000298023224,0.07500000298023224,120000
2020-11-12,0.06430068612098694,0.07599999755620956,0.07599999755620956,0.0729999989271164,0.0729999989271164,240000
2020-11-13,0.06345463544130325,0.07500000298023224,0.07500000298023224,0.07500000298023224,0.07500000298023224,0
2020-11-16,0.061762504279613495,0.0729999989271164,0.0729999989271164,0.0729999989271164,0.0729999989271164,10000
2020-11-17,0.061762504279613495,0.0729999989271164,0.0729999989271164,0.0729999989271164,0.0729999989271164,40000
2020-11-18,0.06260856986045837,0.07400000095367432,0.07400000095367432,0.07400000095367432,0.07400000095367432,0
2020-11-19,0.06260856986045837,0.07400000095367432,0.07400000095367432,0.07400000095367432,0.07400000095367432,0
2020-11-20,0.061762504279613495,0.0729999989271164,0.07999999821186066,0.0729999989271164,0.07900000363588333,190000
2020-11-23,0.061762504279613495,0.0729999989271164,0.0729999989271164,0.0729999989271164,0.0729999989271164,0
2020-11-24,0.061762504279613495,0.0729999989271164,0.0729999989271164,0.0729999989271164,0.0729999989271164,0
2020-11-25,0.061762504279613495,0.0729999989271164,0.0729999989271164,0.0729999989271164,0.0729999989271164,0
2020-11-26,0.061762504279613495,0.0729999989271164,0.07199999690055847,0.07100000232458115,0.07199999690055847,200000
2020-11-27,0.06683887541294098,0.07900000363588333,0.08299999684095383,0.07599999755620956,0.07599999755620956,570000
2020-11-30,0.06683887541294098,0.07900000363588333,0.07900000363588333,0.07900000363588333,0.07900000363588333,10000
2020-12-01,0.0659928172826767,0.07800000160932541,0.07900000363588333,0.07900000363588333,0.07900000363588333,30000
2020-12-02,0.0659928172826767,0.07800000160932541,0.07800000160932541,0.07800000160932541,0.07800000160932541,0
2020-12-03,0.06768493354320526,0.07999999821186066,0.07999999821186066,0.07999999821186066,0.07999999821186066,20000
2020-12-04,0.06514675170183182,0.07699999958276749,0.07699999958276749,0.07699999958276749,0.07699999958276749,0
2020-12-07,0.06514675170183182,0.07699999958276749,0.07699999958276749,0.07699999958276749,0.07699999958276749,0
2020-12-08,0.06430068612098694,0.07599999755620956,0.07599999755620956,0.07599999755620956,0.07599999755620956,120000
2020-12-09,0.06430068612098694,0.07599999755620956,0.07599999755620956,0.07599999755620956,0.07599999755620956,110000
2020-12-10,0.06430068612098694,0.07599999755620956,0.07599999755620956,0.07599999755620956,0.07599999755620956,0
2020-12-11,0.06260856986045837,0.07400000095367432,0.07599999755620956,0.07400000095367432,0.07599999755620956,130000
2020-12-14,0.06260856986045837,0.07400000095367432,0.07400000095367432,0.07400000095367432,0.07400000095367432,0
2020-12-15,0.06260856986045837,0.07400000095367432,0.07400000095367432,0.07400000095367432,0.07400000095367432,0
2020-12-16,0.06260856986045837,0.07400000095367432,0.07500000298023224,0.07400000095367432,0.07500000298023224,40000
2020-12-17,0.06260856986045837,0.07400000095367432,0.07400000095367432,0.07400000095367432,0.07400000095367432,0
2020-12-18,0.06260856986045837,0.07400000095367432,0.07400000095367432,0.07400000095367432,0.07400000095367432,120000
2020-12-21,0.06260856986045837,0.07400000095367432,0.07400000095367432,0.07400000095367432,0.07400000095367432,0
2020-12-22,0.06260856986045837,0.07400000095367432,0.07400000095367432,0.07400000095367432,0.07400000095367432,0
2020-12-23,0.06091644614934921,0.07199999690055847,0.07199999690055847,0.07199999690055847,0.07199999690055847,20000
2020-12-24,0.06091644614934921,0.07199999690055847,0.07199999690055847,0.07199999690055847,0.07199999690055847,0
2020-12-28,0.06091644614934921,0.07199999690055847,0.07199999690055847,0.07199999690055847,0.07199999690055847,0
2020-12-29,0.06345463544130325,0.07500000298023224,0.07500000298023224,0.07500000298023224,0.07500000298023224,20000
2020-12-30,0.06345463544130325,0.07500000298023224,0.07500000298023224,0.07500000298023224,0.07500000298023224,0
2020-12-31,0.06345463544130325,0.07500000298023224,0.07500000298023224,0.07500000298023224,0.07500000298023224,0
2021-01-04,0.06260856986045837,0.07400000095367432,0.07400000095367432,0.07100000232458115,0.07100000232458115,100000
2021-01-05,0.06260856986045837,0.07400000095367432,0.07400000095367432,0.07400000095367432,0.07400000095367432,0
2021-01-06,0.06007038801908493,0.07100000232458115,0.07199999690055847,0.07100000232458115,0.07100000232458115,390000
2021-01-07,0.06007038801908493,0.07100000232458115,0.07100000232458115,0.07100000232458115,0.07100000232458115,0
2021-01-08,0.06091644614934921,0.07199999690055847,0.07199999690055847,0.07199999690055847,0.07199999690055847,0
2021-01-11,0.06091644614934921,0.07199999690055847,0.07199999690055847,0.07199999690055847,0.07199999690055847,10000
2021-01-12,0.06091644614934921,0.07199999690055847,0.07199999690055847,0.07199999690055847,0.07199999690055847,0
2021-01-13,0.0659928172826767,0.07800000160932541,0.07900000363588333,0.07199999690055847,0.07199999690055847,500000
2021-01-14,0.06091644614934921,0.07199999690055847,0.0729999989271164,0.07199999690055847,0.0729999989271164,50000
2021-01-15,0.061762504279613495,0.0729999989271164,0.07500000298023224,0.0729999989271164,0.07400000095367432,470000
2021-01-18,0.061762504279613495,0.0729999989271164,0.0729999989271164,0.0729999989271164,0.0729999989271164,0
2021-01-19,0.061762504279613495,0.0729999989271164,0.0729999989271164,0.0729999989271164,0.0729999989271164,240000
2021-01-20,0.061762504279613495,0.0729999989271164,0.0729999989271164,0.07199999690055847,0.0729999989271164,270000
2021-01-21,0.061762504279613495,0.0729999989271164,0.0729999989271164,0.0729999989271164,0.0729999989271164,220000
2021-01-22,0.061762504279613495,0.0729999989271164,0.0729999989271164,0.0729999989271164,0.0729999989271164,0
2021-01-25,0.061762504279613495,0.0729999989271164,0.0729999989271164,0.0729999989271164,0.0729999989271164,110000
2021-01-26,0.06430068612098694,0.07599999755620956,0.07800000160932541,0.07599999755620956,0.07800000160932541,100000
2021-01-27,0.06345463544130325,0.07500000298023224,0.07500000298023224,0.07500000298023224,0.07500000298023224,0
2021-01-28,0.06091644614934921,0.07199999690055847,0.0729999989271164,0.07199999690055847,0.0729999989271164,260000
2021-01-29,0.06345463544130325,0.07500000298023224,0.07500000298023224,0.0729999989271164,0.07400000095367432,200000
2021-02-01,0.06345463544130325,0.07500000298023224,0.07500000298023224,0.07199999690055847,0.07199999690055847,200000
2021-02-02,0.0659928172826767,0.07800000160932541,0.07800000160932541,0.07800000160932541,0.07800000160932541,0
2021-02-03,0.06345463544130325,0.07500000298023224,0.07699999958276749,0.07500000298023224,0.07699999958276749,200000
2021-02-04,0.061762504279613495,0.0729999989271164,0.0729999989271164,0.0729999989271164,0.0729999989271164,20000
2021-02-05,0.061762504279613495,0.0729999989271164,0.0729999989271164,0.0729999989271164,0.0729999989271164,0
2021-02-08,0.061762504279613495,0.0729999989271164,0.0729999989271164,0.0729999989271164,0.0729999989271164,0
2021-02-09,0.061762504279613495,0.0729999989271164,0.0729999989271164,0.0729999989271164,0.0729999989271164,760000
2021-02-10,0.061762504279613495,0.0729999989271164,0.0729999989271164,0.0729999989271164,0.0729999989271164,150000
2021-02-11,0.06091644614934921,0.07199999690055847,0.07199999690055847,0.07199999690055847,0.07199999690055847,0
2021-02-16,0.06514675170183182,0.07699999958276749,0.07699999958276749,0.07100000232458115,0.07500000298023224,2080000
2021-02-17,0.06514675170183182,0.07699999958276749,0.07900000363588333,0.0729999989271164,0.07800000160932541,850000
2021-02-18,0.06514675170183182,0.07699999958276749,0.07699999958276749,0.0729999989271164,0.07699999958276749,160000
2021-02-19,0.06683887541294098,0.07900000363588333,0.07999999821186066,0.07599999755620956,0.07699999958276749,1020000
2021-02-22,0.06683887541294098,0.07900000363588333,0.08500000089406967,0.08399999886751175,0.08500000089406967,40000
2021-02-23,0.0659928172826767,0.07800000160932541,0.07900000363588333,0.07900000363588333,0.07900000363588333,230000
2021-02-24,0.06345463544130325,0.07500000298023224,0.07699999958276749,0.0729999989271164,0.07400000095367432,370000
2021-02-25,0.0659928172826767,0.07800000160932541,0.07599999755620956,0.07500000298023224,0.07500000298023224,110000
2021-02-26,0.06345463544130325,0.07500000298023224,0.08100000023841858,0.07500000298023224,0.08100000023841858,200000
2021-03-01,0.06430068612098694,0.07599999755620956,0.07699999958276749,0.07599999755620956,0.07699999958276749,140000
2021-03-02,0.06430068612098694,0.07599999755620956,0.07800000160932541,0.07599999755620956,0.07599999755620956,880000
2021-03-03,0.06514675170183182,0.07699999958276749,0.07699999958276749,0.07699999958276749,0.07699999958276749,0
2021-03-04,0.06260856986045837,0.07400000095367432,0.07699999958276749,0.0729999989271164,0.07500000298023224,200000
2021-03-05,0.06683887541294098,0.07900000363588333,0.08100000023841858,0.07400000095367432,0.07400000095367432,1470000
2021-03-08,0.06683887541294098,0.07900000363588333,0.07900000363588333,0.07900000363588333,0.07900000363588333,0
2021-03-09,0.0659928172826767,0.07800000160932541,0.07800000160932541,0.07500000298023224,0.07599999755620956,890000
2021-03-10,0.06683887541294098,0.07900000363588333,0.07900000363588333,0.07900000363588333,0.07900000363588333,40000
2021-03-11,0.06937705725431442,0.0820000022649765,0.07900000363588333,0.07599999755620956,0.07599999755620956,160000
2021-03-12,0.06853099912405014,0.08100000023841858,0.08299999684095383,0.07699999958276749,0.08299999684095383,230000
2021-03-15,0.06768493354320526,0.07999999821186066,0.08299999684095383,0.07699999958276749,0.08299999684095383,180000
2021-03-16,0.06937705725431442,0.0820000022649765,0.0820000022649765,0.0820000022649765,0.0820000022649765,0
2021-03-17,0.06937705725431442,0.0820000022649765,0.0820000022649765,0.07900000363588333,0.0820000022649765,140000
2021-03-18,0.06853099912405014,0.08100000023841858,0.08299999684095383,0.08100000023841858,0.08299999684095383,570000
2021-03-19,0.07276130467653275,0.0860000029206276,0.09099999815225601,0.07999999821186066,0.08699999749660492,1150000
2021-03-22,0.07106918841600418,0.08399999886751175,0.08500000089406967,0.08100000023841858,0.08100000023841858,860000
2021-03-23,0.06853099912405014,0.08100000023841858,0.08399999886751175,0.07999999821186066,0.08399999886751175,250000
2021-03-24,0.0702231153845787,0.08299999684095383,0.08399999886751175,0.08399999886751175,0.08399999886751175,10000
2021-03-25,0.06937705725431442,0.0820000022649765,0.0820000022649765,0.0820000022649765,0.0820000022649765,0
2021-03-26,0.07276130467653275,0.0860000029206276,0.0860000029206276,0.0860000029206276,0.0860000029206276,0
2021-03-29,0.07106918841600418,0.08399999886751175,0.08699999749660492,0.08299999684095383,0.0860000029206276,260000
2021-03-30,0.07276130467653275,0.0860000029206276,0.0860000029206276,0.0860000029206276,0.0860000029206276,0
2021-03-31,0.06768493354320526,0.07999999821186066,0.08100000023841858,0.07999999821186066,0.08100000023841858,310000
2021-04-01,0.06937705725431442,0.0820000022649765,0.0860000029206276,0.07900000363588333,0.08399999886751175,360000
2021-04-07,0.07106918841600418,0.08399999886751175,0.0860000029206276,0.08299999684095383,0.08299999684095383,260000
2021-04-08,0.07106918841600418,0.08399999886751175,0.08399999886751175,0.08399999886751175,0.08399999886751175,0
2021-04-09,0.06683887541294098,0.07900000363588333,0.08699999749660492,0.07900000363588333,0.08399999886751175,720000
2021-04-12,0.0702231153845787,0.08299999684095383,0.08299999684095383,0.07800000160932541,0.07999999821186066,200000
2021-04-13,0.0702231153845787,0.08299999684095383,0.08500000089406967,0.07999999821186066,0.0820000022649765,160000
2021-04-14,0.07106918841600418,0.08399999886751175,0.08500000089406967,0.08299999684095383,0.08299999684095383,60000
2021-04-15,0.0702231153845787,0.08299999684095383,0.08699999749660492,0.08299999684095383,0.0860000029206276,80000
2021-04-16,0.07276130467653275,0.0860000029206276,0.0860000029206276,0.0860000029206276,0.0860000029206276,0
2021-04-19,0.07360736280679703,0.08699999749660492,0.08699999749660492,0.08699999749660492,0.08699999749660492,0
2021-04-20,0.06937705725431442,0.0820000022649765,0.0860000029206276,0.07999999821186066,0.08100000023841858,200000
2021-04-21,0.0702231153845787,0.08299999684095383,0.08299999684095383,0.08299999684095383,0.08299999684095383,0
2021-04-22,0.0702231153845787,0.08299999684095383,0.08299999684095383,0.07999999821186066,0.07999999821186066,210000
2021-04-23,0.07445342093706131,0.08799999952316284,0.08900000154972076,0.08299999684095383,0.08299999684095383,700000
2021-04-26,0.07360736280679703,0.08699999749660492,0.08699999749660492,0.08699999749660492,0.08699999749660492,190000
2021-04-27,0.07445342093706131,0.08799999952316284,0.08799999952316284,0.08799999952316284,0.08799999952316284,130000
2021-04-28,0.07445342093706131,0.08799999952316284,0.08799999952316284,0.08799999952316284,0.08799999952316284,0
2021-04-29,0.07445342093706131,0.08799999952316284,0.08799999952316284,0.08799999952316284,0.08799999952316284,0
2021-04-30,0.07445342093706131,0.08799999952316284,0.08799999952316284,0.08799999952316284,0.08799999952316284,0
2021-05-03,0.07445342093706131,0.08799999952316284,0.08799999952316284,0.08799999952316284,0.08799999952316284,0
2021-05-04,0.07614555954933167,0.09000000357627869,0.09000000357627869,0.08900000154972076,0.08900000154972076,250000
2021-05-05,0.07614555954933167,0.09000000357627869,0.09000000357627869,0.09000000357627869,0.09000000357627869,0
2021-05-06,0.07445342093706131,0.08799999952316284,0.08799999952316284,0.08799999952316284,0.08799999952316284,0
2021-05-07,0.0702231153845787,0.08299999684095383,0.08299999684095383,0.08299999684095383,0.08299999684095383,120000
2021-05-10,0.0702231153845787,0.08299999684095383,0.08500000089406967,0.08100000023841858,0.08500000089406967,210000
2021-05-11,0.07614555954933167,0.09000000357627869,0.09399999678134918,0.08399999886751175,0.08399999886751175,980000
2021-05-12,0.07529948651790619,0.08900000154972076,0.09300000220537186,0.08500000089406967,0.09300000220537186,550000
2021-05-13,0.0702231153845787,0.08299999684095383,0.08900000154972076,0.08100000023841858,0.08900000154972076,970000
2021-05-14,0.0702231153845787,0.08299999684095383,0.08299999684095383,0.0820000022649765,0.08299999684095383,120000
2021-05-17,0.07191524654626846,0.08500000089406967,0.08500000089406967,0.08299999684095383,0.08299999684095383,30000
2021-05-18,0.0702231153845787,0.08299999684095383,0.08299999684095383,0.08299999684095383,0.08299999684095383,0
2021-05-20,0.06937705725431442,0.0820000022649765,0.08500000089406967,0.07900000363588333,0.08299999684095383,820000
2021-05-21,0.06937705725431442,0.0820000022649765,0.0820000022649765,0.07699999958276749,0.08100000023841858,430000
2021-05-24,0.07276130467653275,0.0860000029206276,0.08699999749660492,0.0820000022649765,0.0820000022649765,1480000
2021-05-25,0.07360736280679703,0.08699999749660492,0.08699999749660492,0.0820000022649765,0.08500000089406967,630000
2021-05-26,0.06853099912405014,0.08100000023841858,0.08699999749660492,0.08100000023841858,0.08699999749660492,610000
2021-05-27,0.07191524654626846,0.08500000089406967,0.08500000089406967,0.07900000363588333,0.08399999886751175,550000
2021-05-28,0.07276130467653275,0.0860000029206276,0.0860000029206276,0.0820000022649765,0.08500000089406967,520000
2021-05-31,0.07106918841600418,0.08399999886751175,0.08399999886751175,0.08399999886751175,0.08399999886751175,0
2021-06-01,0.07106918841600418,0.08399999886751175,0.08399999886751175,0.08399999886751175,0.08399999886751175,0
2021-06-02,0.07106918841600418,0.08399999886751175,0.08399999886751175,0.08399999886751175,0.08399999886751175,0
2021-06-03,0.07276130467653275,0.0860000029206276,0.0860000029206276,0.08399999886751175,0.08399999886751175,70000
2021-06-04,0.06937705725431442,0.0820000022649765,0.0860000029206276,0.0820000022649765,0.08500000089406967,280000
2021-06-07,0.07191524654626846,0.08500000089406967,0.08799999952316284,0.0820000022649765,0.0820000022649765,300000
2021-06-08,0.07106918841600418,0.08399999886751175,0.08399999886751175,0.08399999886751175,0.08399999886751175,0
2021-06-09,0.07191524654626846,0.08500000089406967,0.08500000089406967,0.08399999886751175,0.08399999886751175,230000
2021-06-10,0.07191524654626846,0.08500000089406967,0.08500000089406967,0.08500000089406967,0.08500000089406967,0
2021-06-11,0.07191524654626846,0.08500000089406967,0.08500000089406967,0.08500000089406967,0.08500000089406967,0
2021-06-15,0.0702231153845787,0.08299999684095383,0.08500000089406967,0.07999999821186066,0.08500000089406967,1000000
2021-06-16,0.07106918841600418,0.08399999886751175,0.08399999886751175,0.08100000023841858,0.0820000022649765,170000
2021-06-17,0.06768493354320526,0.07999999821186066,0.0820000022649765,0.07800000160932541,0.08100000023841858,1400000
2021-06-18,0.06768493354320526,0.07999999821186066,0.07999999821186066,0.07699999958276749,0.07800000160932541,830000
2021-06-21,0.06768493354320526,0.07999999821186066,0.07999999821186066,0.07699999958276749,0.07999999821186066,960000
2021-06-22,0.06683887541294098,0.07900000363588333,0.07999999821186066,0.07599999755620956,0.07999999821186066,1060000
2021-06-23,0.06683887541294098,0.07900000363588333,0.07900000363588333,0.07599999755620956,0.07900000363588333,260000
2021-06-24,0.06683887541294098,0.07900000363588333,0.07900000363588333,0.07900000363588333,0.07900000363588333,0
2021-06-25,0.06683887541294098,0.07900000363588333,0.07900000363588333,0.07599999755620956,0.07699999958276749,340000
2021-06-28,0.06683887541294098,0.07900000363588333,0.0820000022649765,0.07999999821186066,0.07900000363588333,40000
2021-06-29,0.06768493354320526,0.07999999821186066,0.0820000022649765,0.07699999958276749,0.0820000022649765,50000
2021-06-30,0.06430068612098694,0.07599999755620956,0.07900000363588333,0.07599999755620956,0.07900000363588333,490000
2021-07-02,0.06514675170183182,0.07699999958276749,0.07500000298023224,0.07500000298023224,0.07500000298023224,60000
2021-07-05,0.07008892297744751,0.07800000160932541,0.07800000160932541,0.07800000160932541,0.07800000160932541,0
2021-07-06,0.07008892297744751,0.07800000160932541,0.07800000160932541,0.07800000160932541,0.07800000160932541,0
2021-07-07,0.06649462133646011,0.07400000095367432,0.07400000095367432,0.07100000232458115,0.07400000095367432,1740000
2021-07-08,0.06649462133646011,0.07400000095367432,0.07400000095367432,0.07400000095367432,0.07400000095367432,0
2021-07-09,0.06649462133646011,0.07400000095367432,0.07699999958276749,0.07199999690055847,0.07699999958276749,60000
2021-07-12,0.06649462133646011,0.07400000095367432,0.07400000095367432,0.07400000095367432,0.07400000095367432,0
2021-07-13,0.06649462133646011,0.07400000095367432,0.07400000095367432,0.07400000095367432,0.07400000095367432,0
2021-07-14,0.06649462133646011,0.07400000095367432,0.07400000095367432,0.07400000095367432,0.07400000095367432,0
2021-07-15,0.06829176843166351,0.07599999755620956,0.07599999755620956,0.07500000298023224,0.07500000298023224,130000
2021-07-16,0.07008892297744751,0.07800000160932541,0.07800000160932541,0.07699999958276749,0.07699999958276749,1950000
2021-07-19,0.07278464734554291,0.08100000023841858,0.0820000022649765,0.07800000160932541,0.07900000363588333,370000
2021-07-20,0.07188607007265091,0.07999999821186066,0.07999999821186066,0.07900000363588333,0.07900000363588333,30000
2021-07-21,0.06919034570455551,0.07699999958276749,0.07900000363588333,0.07699999958276749,0.07900000363588333,750000
2021-07-22,0.07278464734554291,0.08100000023841858,0.08100000023841858,0.07699999958276749,0.07699999958276749,330000
2021-07-23,0.0736832246184349,0.0820000022649765,0.0820000022649765,0.07900000363588333,0.07900000363588333,20000
2021-07-26,0.0736832246184349,0.0820000022649765,0.0820000022649765,0.0820000022649765,0.0820000022649765,0
2021-07-27,0.06919034570455551,0.07699999958276749,0.07699999958276749,0.07699999958276749,0.07699999958276749,890000
2021-07-28,0.07008892297744751,0.07800000160932541,0.07800000160932541,0.07800000160932541,0.07800000160932541,0
2021-07-29,0.07188607007265091,0.07999999821186066,0.08100000023841858,0.07800000160932541,0.07800000160932541,250000
2021-07-30,0.07098750025033951,0.07900000363588333,0.07900000363588333,0.07800000160932541,0.07800000160932541,250000
2021-08-02,0.07188607007265091,0.07999999821186066,0.07999999821186066,0.07900000363588333,0.07900000363588333,380000
2021-08-03,0.07278464734554291,0.08100000023841858,0.08100000023841858,0.08100000023841858,0.08100000023841858,0
2021-08-04,0.07008892297744751,0.07800000160932541,0.07999999821186066,0.07699999958276749,0.07999999821186066,3914222
2021-08-05,0.07458179444074631,0.08299999684095383,0.08500000089406967,0.07900000363588333,0.07900000363588333,1930000
2021-08-06,0.07458179444074631,0.08299999684095383,0.08299999684095383,0.07999999821186066,0.08100000023841858,370000
2021-08-09,0.07458179444074631,0.08299999684095383,0.08500000089406967,0.08299999684095383,0.08299999684095383,220000
2021-08-10,0.07458179444074631,0.08299999684095383,0.08299999684095383,0.08299999684095383,0.08299999684095383,0
2021-08-11,0.0754803717136383,0.08399999886751175,0.08399999886751175,0.08299999684095383,0.08299999684095383,130000
2021-08-12,0.0754803717136383,0.08399999886751175,0.08399999886751175,0.08399999886751175,0.08399999886751175,0
2021-08-13,0.0763789489865303,0.08500000089406967,0.0860000029206276,0.0860000029206276,0.0860000029206276,130000
2021-08-16,0.0754803717136383,0.08399999886751175,0.08500000089406967,0.08299999684095383,0.08500000089406967,140000
2021-08-17,0.0754803717136383,0.08399999886751175,0.08399999886751175,0.08399999886751175,0.08399999886751175,0
2021-08-18,0.0763789489865303,0.08500000089406967,0.0860000029206276,0.08500000089406967,0.08500000089406967,160000
2021-08-19,0.07458179444074631,0.08299999684095383,0.08299999684095383,0.07900000363588333,0.07999999821186066,250000
2021-08-20,0.07458179444074631,0.08299999684095383,0.08299999684095383,0.08299999684095383,0.08299999684095383,0
2021-08-23,0.07098750025033951,0.07900000363588333,0.0820000022649765,0.07800000160932541,0.0820000022649765,170000
2021-08-24,0.07188607007265091,0.07999999821186066,0.07999999821186066,0.07999999821186066,0.07999999821186066,0
2021-08-25,0.07188607007265091,0.07999999821186066,0.07999999821186066,0.07999999821186066,0.07999999821186066,0
2021-08-26,0.07188607007265091,0.07999999821186066,0.07999999821186066,0.07999999821186066,0.07999999821186066,0
2021-08-27,0.07188607007265091,0.07999999821186066,0.07999999821186066,0.07999999821186066,0.07999999821186066,0
2021-08-30,0.07008892297744751,0.07800000160932541,0.07999999821186066,0.07800000160932541,0.07999999821186066,290000
2021-08-31,0.06919034570455551,0.07699999958276749,0.07699999958276749,0.07699999958276749,0.07699999958276749,0
2021-09-01,0.06919034570455551,0.07699999958276749,0.07699999958276749,0.07699999958276749,0.07699999958276749,70000
2021-09-02,0.07008892297744751,0.07800000160932541,0.07800000160932541,0.07699999958276749,0.07699999958276749,420000
2021-09-03,0.06919034570455551,0.07699999958276749,0.07699999958276749,0.07699999958276749,0.07699999958276749,10000
2021-09-06,0.06919034570455551,0.07699999958276749,0.07699999958276749,0.07699999958276749,0.07699999958276749,0
2021-09-07,0.06919034570455551,0.07699999958276749,0.07699999958276749,0.07699999958276749,0.07699999958276749,0
2021-09-08,0.06919034570455551,0.07699999958276749,0.07699999958276749,0.07699999958276749,0.07699999958276749,0
2021-09-09,0.07098750025033951,0.07900000363588333,0.07900000363588333,0.07900000363588333,0.07900000363588333,100000
2021-09-10,0.06919034570455551,0.07699999958276749,0.07900000363588333,0.07699999958276749,0.07900000363588333,140000
2021-09-13,0.07098750025033951,0.07900000363588333,0.07900000363588333,0.07900000363588333,0.07900000363588333,0
2021-09-14,0.06919034570455551,0.07699999958276749,0.07699999958276749,0.07699999958276749,0.07699999958276749,330000
2021-09-15,0.06919034570455551,0.07699999958276749,0.07699999958276749,0.07699999958276749,0.07699999958276749,0
2021-09-16,0.06919034570455551,0.07699999958276749,0.07699999958276749,0.07699999958276749,0.07699999958276749,720000
2021-09-17,0.0763789489865303,0.08500000089406967,0.08500000089406967,0.07699999958276749,0.07699999958276749,1550000
2021-09-20,0.07098750025033951,0.07900000363588333,0.07900000363588333,0.07900000363588333,0.07900000363588333,0
2021-09-21,0.07098750025033951,0.07900000363588333,0.07900000363588333,0.07900000363588333,0.07900000363588333,0
2021-09-23,0.06919034570455551,0.07699999958276749,0.07800000160932541,0.07699999958276749,0.07800000160932541,250000
2021-09-24,0.06919034570455551,0.07699999958276749,0.07800000160932541,0.07699999958276749,0.07699999958276749,410000
2021-09-27,0.06919034570455551,0.07699999958276749,0.07800000160932541,0.07699999958276749,0.07699999958276749,560000
2021-09-28,0.06919034570455551,0.07699999958276749,0.07699999958276749,0.07699999958276749,0.07699999958276749,0
2021-09-29,0.06919034570455551,0.07699999958276749,0.07699999958276749,0.07699999958276749,0.07699999958276749,0
2021-09-30,0.06919034570455551,0.07699999958276749,0.07699999958276749,0.07699999958276749,0.07699999958276749,0
2021-10-04,0.06919034570455551,0.07699999958276749,0.07699999958276749,0.07699999958276749,0.07699999958276749,0
2021-10-05,0.06919034570455551,0.07699999958276749,0.07699999958276749,0.07699999958276749,0.07699999958276749,0
2021-10-06,0.06739319860935211,0.07500000298023224,0.07500000298023224,0.07500000298023224,0.07500000298023224,0
2021-10-07,0.06919034570455551,0.07699999958276749,0.07900000363588333,0.07699999958276749,0.07900000363588333,580000
2021-10-08,0.06919034570455551,0.07699999958276749,0.07699999958276749,0.07699999958276749,0.07699999958276749,0
2021-10-11,0.06919034570455551,0.07699999958276749,0.07699999958276749,0.07699999958276749,0.07699999958276749,0
2021-10-12,0.06919034570455551,0.07699999958276749,0.07699999958276749,0.07699999958276749,0.07699999958276749,0
2021-10-15,0.06919034570455551,0.07699999958276749,0.07699999958276749,0.07699999958276749,0.07699999958276749,0
2021-10-18,0.06919034570455551,0.07699999958276749,0.07900000363588333,0.07699999958276749,0.07699999958276749,460000
2021-10-19,0.06919034570455551,0.07699999958276749,0.07699999958276749,0.07699999958276749,0.07699999958276749,0
2021-10-20,0.07188607007265091,0.07999999821186066,0.07999999821186066,0.07900000363588333,0.07900000363588333,30000
2021-10-21,0.07188607007265091,0.07999999821186066,0.07999999821186066,0.07999999821186066,0.07999999821186066,210000
2021-10-22,0.07008892297744751,0.07800000160932541,0.07800000160932541,0.07800000160932541,0.07800000160932541,0
2021-10-25,0.07008892297744751,0.07800000160932541,0.07800000160932541,0.07800000160932541,0.07800000160932541,0
2021-10-26,0.06919034570455551,0.07699999958276749,0.07800000160932541,0.07699999958276749,0.07800000160932541,50000
2021-10-27,0.07008892297744751,0.07800000160932541,0.07800000160932541,0.07800000160932541,0.07800000160932541,0
2021-10-28,0.07008892297744751,0.07800000160932541,0.07800000160932541,0.07800000160932541,0.07800000160932541,0
2021-10-29,0.07098750025033951,0.07900000363588333,0.07800000160932541,0.07800000160932541,0.07800000160932541,30000
2021-11-01,0.07098750025033951,0.07900000363588333,0.08500000089406967,0.07900000363588333,0.08399999886751175,390000
2021-11-02,0.07098750025033951,0.07900000363588333,0.07900000363588333,0.07900000363588333,0.07900000363588333,0
2021-11-03,0.07188607007265091,0.07999999821186066,0.07999999821186066,0.07999999821186066,0.07999999821186066,0
2021-11-04,0.07008892297744751,0.07800000160932541,0.07999999821186066,0.07800000160932541,0.07999999821186066,110000
2021-11-05,0.07098750025033951,0.07900000363588333,0.07900000363588333,0.07900000363588333,0.07900000363588333,0
2021-11-08,0.07098750025033951,0.07900000363588333,0.07900000363588333,0.07900000363588333,0.07900000363588333,0
2021-11-09,0.07188607007265091,0.07999999821186066,0.07999999821186066,0.07999999821186066,0.07999999821186066,0
2021-11-10,0.07188607007265091,0.07999999821186066,0.07999999821186066,0.07999999821186066,0.07999999821186066,0
2021-11-11,0.07188607007265091,0.07999999821186066,0.07999999821186066,0.07999999821186066,0.07999999821186066,0
2021-11-12,0.07188607007265091,0.07999999821186066,0.07999999821186066,0.07999999821186066,0.07999999821186066,0
2021-11-15,0.07098750025033951,0.07900000363588333,0.07900000363588333,0.07900000363588333,0.07900000363588333,60000
2021-11-16,0.07098750025033951,0.07900000363588333,0.07900000363588333,0.07900000363588333,0.07900000363588333,0
2021-11-17,0.07098750025033951,0.07900000363588333,0.07900000363588333,0.07900000363588333,0.07900000363588333,0
2021-11-18,0.07278464734554291,0.08100000023841858,0.08100000023841858,0.07999999821186066,0.07999999821186066,140000
2021-11-19,0.06919034570455551,0.07699999958276749,0.07699999958276749,0.07699999958276749,0.07699999958276749,420000
2021-11-22,0.06919034570455551,0.07699999958276749,0.07699999958276749,0.07699999958276749,0.07699999958276749,0
2021-11-23,0.07008892297744751,0.07800000160932541,0.07800000160932541,0.07800000160932541,0.07800000160932541,0
2021-11-24,0.07008892297744751,0.07800000160932541,0.0820000022649765,0.07800000160932541,0.0820000022649765,300000
2021-11-25,0.0736832246184349,0.0820000022649765,0.0820000022649765,0.07699999958276749,0.07800000160932541,120000
2021-11-26,0.07278464734554291,0.08100000023841858,0.08100000023841858,0.08100000023841858,0.08100000023841858,0
2021-11-29,0.07278464734554291,0.08100000023841858,0.08100000023841858,0.08100000023841858,0.08100000023841858,0
2021-11-30,0.07278464734554291,0.08100000023841858,0.08100000023841858,0.08100000023841858,0.08100000023841858,0
2021-12-01,0.0736832246184349,0.0820000022649765,0.0820000022649765,0.0820000022649765,0.0820000022649765,0
2021-12-02,0.0736832246184349,0.0820000022649765,0.0820000022649765,0.0820000022649765,0.0820000022649765,0
2021-12-03,0.0736832246184349,0.0820000022649765,0.0820000022649765,0.0820000022649765,0.0820000022649765,0
2021-12-06,0.0736832246184349,0.0820000022649765,0.0820000022649765,0.0820000022649765,0.0820000022649765,0
2021-12-07,0.0736832246184349,0.0820000022649765,0.0820000022649765,0.0820000022649765,0.0820000022649765,0
2021-12-08,0.0736832246184349,0.0820000022649765,0.0820000022649765,0.0820000022649765,0.0820000022649765,0
2021-12-09,0.0736832246184349,0.0820000022649765,0.0820000022649765,0.08100000023841858,0.08100000023841858,300000
2021-12-10,0.07278464734554291,0.08100000023841858,0.08100000023841858,0.08100000023841858,0.08100000023841858,0
2021-12-13,0.07278464734554291,0.08100000023841858,0.0820000022649765,0.08100000023841858,0.08100000023841858,150000
2021-12-14,0.07278464734554291,0.08100000023841858,0.08100000023841858,0.08100000023841858,0.08100000023841858,0
2021-12-15,0.07278464734554291,0.08100000023841858,0.08100000023841858,0.08100000023841858,0.08100000023841858,0
2021-12-16,0.07278464734554291,0.08100000023841858,0.08100000023841858,0.08100000023841858,0.08100000023841858,0
2021-12-17,0.07278464734554291,0.08100000023841858,0.08100000023841858,0.08100000023841858,0.08100000023841858,0
2021-12-20,0.07188607007265091,0.07999999821186066,0.07999999821186066,0.07800000160932541,0.07999999821186066,300000
2021-12-21,0.07008892297744751,0.07800000160932541,0.07800000160932541,0.07800000160932541,0.07800000160932541,540000
2021-12-22,0.06829176843166351,0.07599999755620956,0.07699999958276749,0.07699999958276749,0.07699999958276749,2600000
2021-12-23,0.06110316514968872,0.06800000369548798,0.0729999989271164,0.06400000303983688,0.0729999989271164,3820000
2021-12-24,0.06559604406356812,0.0729999989271164,0.07400000095367432,0.06199999898672104,0.06199999898672104,410000
2021-12-28,0.058407433331012726,0.06499999761581421,0.07000000029802322,0.06499999761581421,0.07000000029802322,40000
2021-12-29,0.06200173497200012,0.0689999982714653,0.0689999982714653,0.06499999761581421,0.06499999761581421,20000
2021-12-30,0.06110316514968872,0.06800000369548798,0.06800000369548798,0.06800000369548798,0.06800000369548798,0
2021-12-31,0.06110316514968872,0.06800000369548798,0.06800000369548798,0.06700000166893005,0.06700000166893005,620000
2022-01-03,0.06110316514968872,0.06800000369548798,0.06800000369548798,0.06800000369548798,0.06800000369548798,0
2022-01-04,0.06110316514968872,0.06800000369548798,0.06800000369548798,0.06800000369548798,0.06800000369548798,0
2022-01-05,0.06469746679067612,0.07199999690055847,0.07199999690055847,0.07199999690055847,0.07199999690055847,10000
2022-01-06,0.06469746679067612,0.07199999690055847,0.07199999690055847,0.07199999690055847,0.07199999690055847,0
2022-01-07,0.06200173497200012,0.0689999982714653,0.0689999982714653,0.06499999761581421,0.06499999761581421,150000
2022-01-10,0.06200173497200012,0.0689999982714653,0.0689999982714653,0.0689999982714653,0.0689999982714653,0
2022-01-11,0.06739319860935211,0.07500000298023224,0.07599999755620956,0.07199999690055847,0.07199999690055847,220000
2022-01-12,0.06739319860935211,0.07500000298023224,0.07500000298023224,0.07500000298023224,0.07500000298023224,0
2022-01-13,0.06739319860935211,0.07500000298023224,0.07500000298023224,0.07500000298023224,0.07500000298023224,0
2022-01-14,0.06739319860935211,0.07500000298023224,0.07500000298023224,0.07500000298023224,0.07500000298023224,0
2022-01-17,0.06739319860935211,0.07500000298023224,0.07500000298023224,0.07500000298023224,0.07500000298023224,0
2022-01-18,0.06649462133646011,0.07400000095367432,0.07400000095367432,0.07400000095367432,0.07400000095367432,0
2022-01-19,0.06649462133646011,0.07400000095367432,0.07400000095367432,0.07400000095367432,0.07400000095367432,0
2022-01-20,0.06649462133646011,0.07400000095367432,0.07400000095367432,0.07400000095367432,0.07400000095367432,0
2022-01-21,0.06649462133646011,0.07400000095367432,0.07400000095367432,0.07400000095367432,0.07400000095367432,0
2022-01-24,0.06290031224489212,0.07000000029802322,0.07000000029802322,0.07000000029802322,0.07000000029802322,0
2022-01-25,0.06290031224489212,0.07000000029802322,0.07000000029802322,0.07000000029802322,0.07000000029802322,0
2022-01-26,0.058407433331012726,0.06499999761581421,0.06599999964237213,0.06400000303983688,0.06599999964237213,120000
2022-01-27,0.058407433331012726,0.06499999761581421,0.06499999761581421,0.06499999761581421,0.06499999761581421,0
2022-01-28,0.058407433331012726,0.06499999761581421,0.06499999761581421,0.06499999761581421,0.06499999761581421,0
2022-01-31,0.058407433331012726,0.06499999761581421,0.06499999761581421,0.06499999761581421,0.06499999761581421,0
2022-02-04,0.05571170523762703,0.06199999898672104,0.06199999898672104,0.06199999898672104,0.06199999898672104,0
2022-02-07,0.057508863508701324,0.06400000303983688,0.06400000303983688,0.06300000101327896,0.06300000101327896,150000
2022-02-08,0.06290031224489212,0.07000000029802322,0.07000000029802322,0.06400000303983688,0.06400000303983688,250000
2022-02-09,0.059306006878614426,0.06599999964237213,0.06599999964237213,0.06599999964237213,0.06599999964237213,0
2022-02-10,0.059306006878614426,0.06599999964237213,0.06599999964237213,0.06599999964237213,0.06599999964237213,0
2022-02-11,0.059306006878614426,0.06599999964237213,0.06599999964237213,0.06599999964237213,0.06599999964237213,0
2022-02-14,0.059306006878614426,0.06599999964237213,0.06599999964237213,0.06599999964237213,0.06599999964237213,0
2022-02-15,0.059306006878614426,0.06599999964237213,0.06599999964237213,0.06599999964237213,0.06599999964237213,0
2022-02-16,0.059306006878614426,0.06599999964237213,0.06599999964237213,0.06599999964237213,0.06599999964237213,0
2022-02-17,0.059306006878614426,0.06599999964237213,0.06599999964237213,0.06599999964237213,0.06599999964237213,0
2022-02-18,0.059306006878614426,0.06599999964237213,0.06599999964237213,0.06599999964237213,0.06599999964237213,0
2022-02-21,0.059306006878614426,0.06599999964237213,0.06599999964237213,0.06599999964237213,0.06599999964237213,60000
2022-02-22,0.059306006878614426,0.06599999964237213,0.06599999964237213,0.06599999964237213,0.06599999964237213,0
2022-02-23,0.059306006878614426,0.06599999964237213,0.06599999964237213,0.06599999964237213,0.06599999964237213,0
2022-02-24,0.059306006878614426,0.06599999964237213,0.06599999964237213,0.06599999964237213,0.06599999964237213,0
2022-02-25,0.059306006878614426,0.06599999964237213,0.07000000029802322,0.06499999761581421,0.07000000029802322,240000
2022-02-28,0.059306006878614426,0.06599999964237213,0.06599999964237213,0.06599999964237213,0.06599999964237213,0
2022-03-01,0.059306006878614426,0.06599999964237213,0.06599999964237213,0.06599999964237213,0.06599999964237213,0
2022-03-02,0.059306006878614426,0.06599999964237213,0.06599999964237213,0.06599999964237213,0.06599999964237213,50000
2022-03-03,0.059306006878614426,0.06599999964237213,0.06599999964237213,0.06599999964237213,0.06599999964237213,0
2022-03-04,0.059306006878614426,0.06599999964237213,0.06599999964237213,0.06599999964237213,0.06599999964237213,0
2022-03-07,0.057508863508701324,0.06400000303983688,0.06400000303983688,0.06400000303983688,0.06400000303983688,0
2022-03-08,0.06110316514968872,0.06800000369548798,0.06800000369548798,0.06800000369548798,0.06800000369548798,0
2022-03-09,0.06110316514968872,0.06800000369548798,0.06800000369548798,0.06800000369548798,0.06800000369548798,0
2022-03-10,0.06110316514968872,0.06800000369548798,0.06800000369548798,0.06800000369548798,0.06800000369548798,0
2022-03-11,0.06110316514968872,0.06800000369548798,0.06800000369548798,0.06800000369548798,0.06800000369548798,0
2022-03-14,0.06110316514968872,0.06800000369548798,0.06800000369548798,0.06800000369548798,0.06800000369548798,0
2022-03-15,0.05391455069184303,0.05999999865889549,0.06499999761581421,0.05999999865889549,0.06499999761581421,240000
2022-03-16,0.05571170523762703,0.06199999898672104,0.06199999898672104,0.06199999898672104,0.06199999898672104,0
2022-03-17,0.05571170523762703,0.06199999898672104,0.06199999898672104,0.06199999898672104,0.06199999898672104,0
2022-03-18,0.05571170523762703,0.06199999898672104,0.06499999761581421,0.05999999865889549,0.06199999898672104,10000
2022-03-21,0.05661028251051903,0.06300000101327896,0.06300000101327896,0.06300000101327896,0.06300000101327896,0
2022-03-22,0.05661028251051903,0.06300000101327896,0.06300000101327896,0.06300000101327896,0.06300000101327896,10000
2022-03-23,0.05661028251051903,0.06300000101327896,0.06300000101327896,0.06300000101327896,0.06300000101327896,150000
2022-03-24,0.05661028251051903,0.06300000101327896,0.06300000101327896,0.06300000101327896,0.06300000101327896,0
2022-03-25,0.06379889696836472,0.07100000232458115,0.07199999690055847,0.06599999964237213,0.06599999964237213,210000
2022-03-28,0.06379889696836472,0.07100000232458115,0.07100000232458115,0.07100000232458115,0.07100000232458115,0
2022-03-29,0.06379889696836472,0.07100000232458115,0.07100000232458115,0.07100000232458115,0.07100000232458115,0
2022-03-30,0.06739319860935211,0.07500000298023224,0.07500000298023224,0.06700000166893005,0.06700000166893005,160000
2022-03-31,0.06649462133646011,0.07400000095367432,0.07400000095367432,0.07400000095367432,0.07400000095367432,0
2022-04-01,0.06559604406356812,0.0729999989271164,0.0729999989271164,0.0729999989271164,0.0729999989271164,0
2022-04-04,0.06649462133646011,0.07400000095367432,0.07400000095367432,0.0729999989271164,0.0729999989271164,700000
2022-04-06,0.06649462133646011,0.07400000095367432,0.07400000095367432,0.07400000095367432,0.07400000095367432,0
2022-04-07,0.06559604406356812,0.0729999989271164,0.07500000298023224,0.0729999989271164,0.0729999989271164,420000
2022-04-08,0.06559604406356812,0.0729999989271164,0.0729999989271164,0.0729999989271164,0.0729999989271164,0
2022-04-11,0.06559604406356812,0.0729999989271164,0.0729999989271164,0.0729999989271164,0.0729999989271164,0
2022-04-12,0.06290031224489212,0.07000000029802322,0.07000000029802322,0.07000000029802322,0.07000000029802322,0
2022-04-13,0.06110316514968872,0.06800000369548798,0.06800000369548798,0.06800000369548798,0.06800000369548798,80000
2022-04-14,0.06110316514968872,0.06800000369548798,0.06800000369548798,0.06800000369548798,0.06800000369548798,0
2022-04-19,0.06110316514968872,0.06800000369548798,0.06800000369548798,0.06800000369548798,0.06800000369548798,0
2022-04-20,0.06469746679067612,0.07199999690055847,0.07199999690055847,0.07100000232458115,0.07100000232458115,270000
2022-04-21,0.06469746679067612,0.07199999690055847,0.07199999690055847,0.07199999690055847,0.07199999690055847,0
2022-04-22,0.06469746679067612,0.07199999690055847,0.07199999690055847,0.07199999690055847,0.07199999690055847,0
2022-04-25,0.06469746679067612,0.07199999690055847,0.07199999690055847,0.07199999690055847,0.07199999690055847,0
2022-04-26,0.06469746679067612,0.07199999690055847,0.07400000095367432,0.07199999690055847,0.07199999690055847,190000
2022-04-27,0.06469746679067612,0.07199999690055847,0.07199999690055847,0.07199999690055847,0.07199999690055847,0
2022-04-28,0.07188607007265091,0.07999999821186066,0.07999999821186066,0.07900000363588333,0.07900000363588333,390000
2022-04-29,0.07098750025033951,0.07900000363588333,0.07900000363588333,0.07900000363588333,0.07900000363588333,0
2022-05-03,0.06829176843166351,0.07599999755620956,0.07599999755620956,0.07599999755620956,0.07599999755620956,0
2022-05-04,0.06829176843166351,0.07599999755620956,0.07599999755620956,0.07599999755620956,0.07599999755620956,0
2022-05-05,0.06829176843166351,0.07599999755620956,0.07599999755620956,0.07599999755620956,0.07599999755620956,0
2022-05-06,0.06829176843166351,0.07599999755620956,0.07599999755620956,0.07599999755620956,0.07599999755620956,0
2022-05-10,0.06829176843166351,0.07599999755620956,0.07599999755620956,0.07599999755620956,0.07599999755620956,0
2022-05-11,0.06829176843166351,0.07599999755620956,0.07599999755620956,0.07599999755620956,0.07599999755620956,0
2022-05-12,0.06200173497200012,0.0689999982714653,0.07000000029802322,0.0689999982714653,0.07000000029802322,50000
2022-05-13,0.06200173497200012,0.0689999982714653,0.0689999982714653,0.0689999982714653,0.0689999982714653,120000
2022-05-16,0.06200173497200012,0.0689999982714653,0.0689999982714653,0.0689999982714653,0.0689999982714653,0
2022-05-17,0.06290031224489212,0.07000000029802322,0.07000000029802322,0.07000000029802322,0.07000000029802322,0
2022-05-18,0.06290031224489212,0.07000000029802322,0.07000000029802322,0.07000000029802322,0.07000000029802322,0
2022-05-19,0.09165474772453308,0.10199999809265137,0.11800000071525574,0.07400000095367432,0.07400000095367432,15150000
2022-05-20,0.08536470681428909,0.0949999988079071,0.10499999672174454,0.09300000220537186,0.10199999809265137,3860000
2022-05-23,0.08895901590585709,0.0989999994635582,0.10000000149011612,0.08500000089406967,0.10499999672174454,2110000
2022-05-24,0.0835675597190857,0.09300000220537186,0.09300000220537186,0.08100000023841858,0.09099999815225601,2960000
2022-05-25,0.0763789489865303,0.08500000089406967,0.08500000089406967,0.08500000089406967,0.08500000089406967,0
2022-05-26,0.0799732506275177,0.08900000154972076,0.08900000154972076,0.08799999952316284,0.08799999952316284,170000
2022-05-27,0.08536470681428909,0.0949999988079071,0.0949999988079071,0.09399999678134918,0.09399999678134918,290000
2022-05-30,0.0772775262594223,0.0860000029206276,0.0860000029206276,0.08500000089406967,0.0860000029206276,230000
2022-05-31,0.08536470681428909,0.0949999988079071,0.09799999743700027,0.08399999886751175,0.08399999886751175,250000
2022-06-01,0.08536470681428909,0.0949999988079071,0.0949999988079071,0.0949999988079071,0.0949999988079071,0
2022-06-02,0.08806043863296509,0.09799999743700027,0.09799999743700027,0.08799999952316284,0.09399999678134918,660000
2022-06-06,0.09075617045164108,0.10100000351667404,0.1080000028014183,0.09700000286102295,0.09700000286102295,890000
2022-06-07,0.09075617045164108,0.10100000351667404,0.10100000351667404,0.10100000351667404,0.10100000351667404,0
2022-06-08,0.09075617045164108,0.10100000351667404,0.10100000351667404,0.10100000351667404,0.10100000351667404,120000
2022-06-09,0.0826689824461937,0.09200000017881393,0.09300000220537186,0.09099999815225601,0.09099999815225601,200000
2022-06-10,0.08536470681428909,0.0949999988079071,0.0949999988079071,0.0949999988079071,0.0949999988079071,0
2022-06-13,0.0835675597190857,0.09300000220537186,0.09200000017881393,0.09200000017881393,0.09399999678134918,90000
2022-06-14,0.0826689824461937,0.09200000017881393,0.09200000017881393,0.09200000017881393,0.09200000017881393,0
2022-06-15,0.0826689824461937,0.09200000017881393,0.09200000017881393,0.09000000357627869,0.09000000357627869,50000
2022-06-16,0.0826689824461937,0.09200000017881393,0.09200000017881393,0.09200000017881393,0.09200000017881393,0
2022-06-17,0.0826689824461937,0.09200000017881393,0.09200000017881393,0.09200000017881393,0.09200000017881393,40000
2022-06-20,0.0817704051733017,0.09099999815225601,0.09099999815225601,0.09099999815225601,0.09099999815225601,0
2022-06-21,0.0817704051733017,0.09099999815225601,0.09200000017881393,0.08900000154972076,0.09200000017881393,250000
2022-06-22,0.0817704051733017,0.09099999815225601,0.09099999815225601,0.09099999815225601,0.09099999815225601,0
2022-06-23,0.0772775262594223,0.0860000029206276,0.0860000029206276,0.0860000029206276,0.0860000029206276,60000
2022-06-24,0.0772775262594223,0.0860000029206276,0.0860000029206276,0.0860000029206276,0.0860000029206276,0
2022-06-27,0.08895901590585709,0.0989999994635582,0.0989999994635582,0.09099999815225601,0.09099999815225601,330000
2022-06-28,0.08985759317874908,0.10000000149011612,0.10499999672174454,0.10000000149011612,0.10000000149011612,1010000
2022-06-29,0.08985759317874908,0.10000000149011612,0.10000000149011612,0.10000000149011612,0.10000000149011612,0
2022-06-30,0.08985759317874908,0.10000000149011612,0.10000000149011612,0.10000000149011612,0.10000000149011612,0
2022-07-04,0.08615212142467499,0.09300000220537186,0.09300000220537186,0.09300000220537186,0.09300000220537186,0
2022-07-05,0.08615212142467499,0.09300000220537186,0.09300000220537186,0.09300000220537186,0.09300000220537186,0
2022-07-06,0.08244664967060089,0.08900000154972076,0.09000000357627869,0.08900000154972076,0.09000000357627869,3320000
2022-07-07,0.08059391379356384,0.08699999749660492,0.08699999749660492,0.08699999749660492,0.08699999749660492,50000
2022-07-08,0.08059391379356384,0.08699999749660492,0.08699999749660492,0.08699999749660492,0.08699999749660492,0
2022-07-11,0.07966755330562592,0.0860000029206276,0.0860000029206276,0.08100000023841858,0.0860000029206276,1220000
2022-07-12,0.07966755330562592,0.0860000029206276,0.0860000029206276,0.0860000029206276,0.0860000029206276,0
2022-07-13,0.07966755330562592,0.0860000029206276,0.0860000029206276,0.0860000029206276,0.0860000029206276,0
2022-07-14,0.07874118536710739,0.08500000089406967,0.08500000089406967,0.08500000089406967,0.08500000089406967,20000
2022-07-15,0.07874118536710739,0.08500000089406967,0.08500000089406967,0.08500000089406967,0.08500000089406967,150000
2022-07-18,0.07410934567451477,0.07999999821186066,0.0820000022649765,0.07999999821186066,0.08100000023841858,110000
2022-07-19,0.07596208155155182,0.0820000022649765,0.0820000022649765,0.0820000022649765,0.0820000022649765,0
2022-07-20,0.0750357136130333,0.08100000023841858,0.08100000023841858,0.08100000023841858,0.08100000023841858,0
2022-07-21,0.0750357136130333,0.08100000023841858,0.08100000023841858,0.08100000023841858,0.08100000023841858,0
2022-07-22,0.07596208155155182,0.0820000022649765,0.0820000022649765,0.0820000022649765,0.0820000022649765,100000
2022-07-25,0.07596208155155182,0.0820000022649765,0.0820000022649765,0.0820000022649765,0.0820000022649765,0
2022-07-26,0.07410934567451477,0.07999999821186066,0.07999999821186066,0.07999999821186066,0.07999999821186066,0
2022-07-27,0.07318298518657684,0.07900000363588333,0.07800000160932541,0.07800000160932541,0.07800000160932541,20000
2022-07-28,0.07318298518657684,0.07900000363588333,0.07900000363588333,0.07900000363588333,0.07900000363588333,0
2022-07-29,0.07318298518657684,0.07900000363588333,0.07900000363588333,0.07900000363588333,0.07900000363588333,0
2022-08-01,0.0750357136130333,0.08100000023841858,0.08100000023841858,0.07900000363588333,0.07900000363588333,50000
2022-08-02,0.07225661724805832,0.07800000160932541,0.07800000160932541,0.07800000160932541,0.07800000160932541,300000
2022-08-03,0.07225661724805832,0.07800000160932541,0.07800000160932541,0.07800000160932541,0.07800000160932541,0
2022-08-04,0.07225661724805832,0.07800000160932541,0.07800000160932541,0.07800000160932541,0.07800000160932541,0
2022-08-05,0.07225661724805832,0.07800000160932541,0.07800000160932541,0.07800000160932541,0.07800000160932541,10000
2022-08-08,0.07225661724805832,0.07800000160932541,0.07800000160932541,0.07800000160932541,0.07800000160932541,0
2022-08-09,0.07225661724805832,0.07800000160932541,0.07800000160932541,0.07800000160932541,0.07800000160932541,0
2022-08-10,0.07225661724805832,0.07800000160932541,0.07800000160932541,0.07800000160932541,0.07800000160932541,0
2022-08-11,0.07225661724805832,0.07800000160932541,0.07800000160932541,0.07800000160932541,0.07800000160932541,0
2022-08-12,0.07225661724805832,0.07800000160932541,0.07800000160932541,0.07800000160932541,0.07800000160932541,0
2022-08-15,0.07225661724805832,0.07800000160932541,0.07800000160932541,0.07800000160932541,0.07800000160932541,0
2022-08-16,0.07225661724805832,0.07800000160932541,0.07800000160932541,0.07800000160932541,0.07800000160932541,0
2022-08-17,0.07225661724805832,0.07800000160932541,0.07800000160932541,0.07800000160932541,0.07800000160932541,0
2022-08-18,0.07040388137102127,0.07599999755620956,0.07599999755620956,0.07599999755620956,0.07599999755620956,490000
2022-08-19,0.07040388137102127,0.07599999755620956,0.07599999755620956,0.07599999755620956,0.07599999755620956,150000
2022-08-22,0.06947752088308334,0.07500000298023224,0.07500000298023224,0.07500000298023224,0.07500000298023224,0
2022-08-23,0.06855115294456482,0.07400000095367432,0.07500000298023224,0.07400000095367432,0.07500000298023224,140000
2022-08-24,0.06855115294456482,0.07400000095367432,0.07400000095367432,0.07400000095367432,0.07400000095367432,0
2022-08-25,0.06855115294456482,0.07400000095367432,0.07400000095367432,0.07400000095367432,0.07400000095367432,0
2022-08-26,0.06855115294456482,0.07400000095367432,0.07400000095367432,0.07400000095367432,0.07400000095367432,0
2022-08-29,0.07874118536710739,0.08500000089406967,0.08500000089406967,0.0820000022649765,0.0820000022649765,170000
2022-08-30,0.07966755330562592,0.0860000029206276,0.0860000029206276,0.0860000029206276,0.0860000029206276,100000
2022-08-31,0.08244664967060089,0.08900000154972076,0.09000000357627869,0.08900000154972076,0.08900000154972076,1000000
2022-09-01,0.08244664967060089,0.08900000154972076,0.08900000154972076,0.08299999684095383,0.08900000154972076,90000
2022-09-02,0.08152028173208237,0.08799999952316284,0.08900000154972076,0.08799999952316284,0.08900000154972076,300000
2022-09-05,0.08152028173208237,0.08799999952316284,0.08799999952316284,0.08799999952316284,0.08799999952316284,0
2022-09-06,0.08152028173208237,0.08799999952316284,0.08799999952316284,0.08799999952316284,0.08799999952316284,0
2022-09-07,0.08152028173208237,0.08799999952316284,0.08799999952316284,0.08799999952316284,0.08799999952316284,0
2022-09-08,0.08337302505970001,0.09000000357627869,0.09000000357627869,0.09000000357627869,0.09000000357627869,80000
2022-09-09,0.08337302505970001,0.09000000357627869,0.09000000357627869,0.09000000357627869,0.09000000357627869,0
2022-09-13,0.08337302505970001,0.09000000357627869,0.09000000357627869,0.09000000357627869,0.09000000357627869,0
2022-09-14,0.08244664967060089,0.08900000154972076,0.08900000154972076,0.08900000154972076,0.08900000154972076,0
2022-09-15,0.07874118536710739,0.08500000089406967,0.08500000089406967,0.08500000089406967,0.08500000089406967,140000
2022-09-16,0.07874118536710739,0.08500000089406967,0.08500000089406967,0.08500000089406967,0.08500000089406967,0
2022-09-19,0.07874118536710739,0.08500000089406967,0.08500000089406967,0.08500000089406967,0.08500000089406967,0
2022-09-20,0.07874118536710739,0.08500000089406967,0.08500000089406967,0.08500000089406967,0.08500000089406967,0
2022-09-21,0.07874118536710739,0.08500000089406967,0.08500000089406967,0.08500000089406967,0.08500000089406967,0
2022-09-22,0.07781481742858887,0.08399999886751175,0.08399999886751175,0.08399999886751175,0.08399999886751175,0
2022-09-23,0.07410934567451477,0.07999999821186066,0.07999999821186066,0.07999999821186066,0.07999999821186066,1000000
2022-09-26,0.07410934567451477,0.07999999821186066,0.07999999821186066,0.07999999821186066,0.07999999821186066,0
2022-09-27,0.07410934567451477,0.07999999821186066,0.07999999821186066,0.07999999821186066,0.07999999821186066,0
2022-09-28,0.07410934567451477,0.07999999821186066,0.07999999821186066,0.07999999821186066,0.07999999821186066,0
2022-09-29,0.06855115294456482,0.07400000095367432,0.07400000095367432,0.07400000095367432,0.07400000095367432,140000
2022-09-30,0.07225661724805832,0.07800000160932541,0.07800000160932541,0.07199999690055847,0.0729999989271164,230000
2022-10-03,0.07225661724805832,0.07800000160932541,0.07800000160932541,0.07800000160932541,0.07800000160932541,0
2022-10-05,0.0676247850060463,0.0729999989271164,0.0729999989271164,0.0729999989271164,0.0729999989271164,190000
2022-10-06,0.0676247850060463,0.0729999989271164,0.0729999989271164,0.0729999989271164,0.0729999989271164,0
2022-10-07,0.06577205657958984,0.07100000232458115,0.07100000232458115,0.07100000232458115,0.07100000232458115,0
2022-10-10,0.06577205657958984,0.07100000232458115,0.07100000232458115,0.07100000232458115,0.07100000232458115,0
2022-10-11,0.06577205657958984,0.07100000232458115,0.07100000232458115,0.07100000232458115,0.07100000232458115,0
2022-10-12,0.06484568119049072,0.07000000029802322,0.07199999690055847,0.07000000029802322,0.07199999690055847,620000
2022-10-13,0.06484568119049072,0.07000000029802322,0.07000000029802322,0.07000000029802322,0.07000000029802322,0
2022-10-14,0.06484568119049072,0.07000000029802322,0.07000000029802322,0.07000000029802322,0.07000000029802322,0
2022-10-17,0.06484568119049072,0.07000000029802322,0.07000000029802322,0.07000000029802322,0.07000000029802322,0
2022-10-18,0.06484568119049072,0.07000000029802322,0.07000000029802322,0.07000000029802322,0.07000000029802322,0
2022-10-19,0.06484568119049072,0.07000000029802322,0.07000000029802322,0.07000000029802322,0.07000000029802322,0
2022-10-20,0.0602138452231884,0.06499999761581421,0.06700000166893005,0.06499999761581421,0.06599999964237213,380000
2022-10-21,0.0602138452231884,0.06499999761581421,0.06499999761581421,0.06499999761581421,0.06499999761581421,0
2022-10-24,0.0602138452231884,0.06499999761581421,0.06499999761581421,0.06499999761581421,0.06499999761581421,0
2022-10-25,0.06577205657958984,0.07100000232458115,0.07100000232458115,0.07100000232458115,0.07100000232458115,320000
2022-10-26,0.06577205657958984,0.07100000232458115,0.07100000232458115,0.07100000232458115,0.07100000232458115,0
2022-10-27,0.06577205657958984,0.07100000232458115,0.07100000232458115,0.07100000232458115,0.07100000232458115,0
2022-10-28,0.06855115294456482,0.07400000095367432,0.07400000095367432,0.07400000095367432,0.07400000095367432,0
2022-10-31,0.06855115294456482,0.07400000095367432,0.07400000095367432,0.07400000095367432,0.07400000095367432,0
2022-11-01,0.06855115294456482,0.07400000095367432,0.07400000095367432,0.07400000095367432,0.07400000095367432,0
2022-11-02,0.06855115294456482,0.07400000095367432,0.07400000095367432,0.07400000095367432,0.07400000095367432,0
2022-11-03,0.06299295276403427,0.06800000369548798,0.06800000369548798,0.06800000369548798,0.06800000369548798,0
2022-11-04,0.0639193132519722,0.0689999982714653,0.06700000166893005,0.06700000166893005,0.0689999982714653,60000
2022-11-07,0.0676247850060463,0.0729999989271164,0.0729999989271164,0.06700000166893005,0.0689999982714653,1230000
2022-11-08,0.06299295276403427,0.06800000369548798,0.06800000369548798,0.06700000166893005,0.06700000166893005,60000
2022-11-09,0.06299295276403427,0.06800000369548798,0.06800000369548798,0.06800000369548798,0.06800000369548798,0
2022-11-10,0.06299295276403427,0.06800000369548798,0.06800000369548798,0.06800000369548798,0.06800000369548798,0
2022-11-11,0.06299295276403427,0.06800000369548798,0.06800000369548798,0.06800000369548798,0.06800000369548798,0
2022-11-14,0.06947752088308334,0.07500000298023224,0.07800000160932541,0.07500000298023224,0.07800000160932541,920000
2022-11-15,0.06947752088308334,0.07500000298023224,0.07500000298023224,0.07500000298023224,0.07500000298023224,0
2022-11-16,0.0676247850060463,0.0729999989271164,0.0729999989271164,0.0729999989271164,0.0729999989271164,0
2022-11-17,0.0676247850060463,0.0729999989271164,0.0729999989271164,0.0729999989271164,0.0729999989271164,0
2022-11-18,0.0676247850060463,0.0729999989271164,0.0729999989271164,0.0729999989271164,0.0729999989271164,0
2022-11-21,0.0676247850060463,0.0729999989271164,0.0729999989271164,0.0729999989271164,0.0729999989271164,0
2022-11-22,0.0676247850060463,0.0729999989271164,0.0729999989271164,0.0729999989271164,0.0729999989271164,0
2022-11-23,0.0676247850060463,0.0729999989271164,0.0729999989271164,0.0729999989271164,0.0729999989271164,0
2022-11-24,0.0676247850060463,0.0729999989271164,0.0729999989271164,0.0729999989271164,0.0729999989271164,0
2022-11-25,0.06484568119049072,0.07000000029802322,0.07000000029802322,0.07000000029802322,0.07000000029802322,0
2022-11-28,0.06484568119049072,0.07000000029802322,0.07000000029802322,0.07000000029802322,0.07000000029802322,0
2022-11-29,0.06484568119049072,0.07000000029802322,0.07000000029802322,0.07000000029802322,0.07000000029802322,0
2022-11-30,0.06484568119049072,0.07000000029802322,0.07000000029802322,0.07000000029802322,0.07000000029802322,0
2022-12-01,0.06484568119049072,0.07000000029802322,0.07000000029802322,0.07000000029802322,0.07000000029802322,0
2022-12-02,0.0639193132519722,0.0689999982714653,0.0689999982714653,0.0689999982714653,0.0689999982714653,20000
2022-12-05,0.0639193132519722,0.0689999982714653,0.0689999982714653,0.0689999982714653,0.0689999982714653,0
2022-12-06,0.0639193132519722,0.0689999982714653,0.0689999982714653,0.0689999982714653,0.0689999982714653,0
2022-12-07,0.0639193132519722,0.0689999982714653,0.0689999982714653,0.0689999982714653,0.0689999982714653,0
2022-12-08,0.0639193132519722,0.0689999982714653,0.0689999982714653,0.0689999982714653,0.0689999982714653,0
2022-12-09,0.0639193132519722,0.0689999982714653,0.0689999982714653,0.0689999982714653,0.0689999982714653,0
2022-12-12,0.0639193132519722,0.0689999982714653,0.0689999982714653,0.0689999982714653,0.0689999982714653,0
2022-12-13,0.0639193132519722,0.0689999982714653,0.0689999982714653,0.0689999982714653,0.0689999982714653,0
2022-12-14,0.0639193132519722,0.0689999982714653,0.0689999982714653,0.0689999982714653,0.0689999982714653,0
2022-12-15,0.0639193132519722,0.0689999982714653,0.0689999982714653,0.0689999982714653,0.0689999982714653,80000
2022-12-16,0.06947752088308334,0.07500000298023224,0.07500000298023224,0.07500000298023224,0.07500000298023224,450000
2022-12-19,0.06947752088308334,0.07500000298023224,0.07500000298023224,0.07500000298023224,0.07500000298023224,0
2022-12-20,0.06947752088308334,0.07500000298023224,0.07500000298023224,0.07500000298023224,0.07500000298023224,0
2022-12-21,0.06947752088308334,0.07500000298023224,0.07500000298023224,0.07500000298023224,0.07500000298023224,0
2022-12-22,0.06947752088308334,0.07500000298023224,0.07500000298023224,0.07500000298023224,0.07500000298023224,0
2022-12-23,0.07410934567451477,0.07999999821186066,0.07999999821186066,0.07999999821186066,0.07999999821186066,390000
2022-12-28,0.07410934567451477,0.07999999821186066,0.07999999821186066,0.07999999821186066,0.07999999821186066,0
2022-12-29,0.07410934567451477,0.07999999821186066,0.07999999821186066,0.07999999821186066,0.07999999821186066,0
2022-12-30,0.06947752088308334,0.07500000298023224,0.07500000298023224,0.07500000298023224,0.07500000298023224,10000
2023-01-03,0.07040388137102127,0.07599999755620956,0.07599999755620956,0.07599999755620956,0.07599999755620956,0
2023-01-04,0.0713302493095398,0.07699999958276749,0.07699999958276749,0.07699999958276749,0.07699999958276749,0
2023-01-05,0.07040388137102127,0.07599999755620956,0.07599999755620956,0.07599999755620956,0.07599999755620956,10000
2023-01-06,0.07040388137102127,0.07599999755620956,0.07599999755620956,0.07599999755620956,0.07599999755620956,0
2023-01-09,0.07040388137102127,0.07599999755620956,0.07599999755620956,0.07599999755620956,0.07599999755620956,0
2023-01-10,0.06855115294456482,0.07400000095367432,0.07400000095367432,0.07400000095367432,0.07400000095367432,0
2023-01-11,0.06947752088308334,0.07500000298023224,0.07500000298023224,0.07500000298023224,0.07500000298023224,70000
2023-01-12,0.06947752088308334,0.07500000298023224,0.07500000298023224,0.07500000298023224,0.07500000298023224,0
2023-01-13,0.06947752088308334,0.07500000298023224,0.07500000298023224,0.07500000298023224,0.07500000298023224,0
2023-01-16,0.06947752088308334,0.07500000298023224,0.07500000298023224,0.07500000298023224,0.07500000298023224,0
2023-01-17,0.07040388137102127,0.07599999755620956,0.07599999755620956,0.07599999755620956,0.07599999755620956,0
2023-01-18,0.07040388137102127,0.07599999755620956,0.07599999755620956,0.07599999755620956,0.07599999755620956,0
2023-01-19,0.07410934567451477,0.07999999821186066,0.07999999821186066,0.07999999821186066,0.07999999821186066,10000
2023-01-20,0.07410934567451477,0.07999999821186066,0.07999999821186066,0.07999999821186066,0.07999999821186066,0
2023-01-26,0.07410934567451477,0.07999999821186066,0.07999999821186066,0.07999999821186066,0.07999999821186066,10000
2023-01-27,0.07410934567451477,0.07999999821186066,0.07999999821186066,0.07999999821186066,0.07999999821186066,0
2023-01-30,0.07410934567451477,0.07999999821186066,0.08100000023841858,0.07999999821186066,0.07999999821186066,1010000
2023-01-31,0.07410934567451477,0.07999999821186066,0.07999999821186066,0.07999999821186066,0.07999999821186066,0
2023-02-01,0.07040388137102127,0.07599999755620956,0.07599999755620956,0.07599999755620956,0.07599999755620956,10000
2023-02-02,0.06947752088308334,0.07500000298023224,0.07500000298023224,0.07500000298023224,0.07500000298023224,0
2023-02-03,0.06947752088308334,0.07500000298023224,0.07500000298023224,0.07400000095367432,0.07400000095367432,100000
2023-02-06,0.06947752088308334,0.07500000298023224,0.07500000298023224,0.07500000298023224,0.07500000298023224,0
2023-02-07,0.06947752088308334,0.07500000298023224,0.07500000298023224,0.07500000298023224,0.07500000298023224,0
2023-02-08,0.06947752088308334,0.07500000298023224,0.07500000298023224,0.07500000298023224,0.07500000298023224,0
2023-02-09,0.06947752088308334,0.07500000298023224,0.07500000298023224,0.07500000298023224,0.07500000298023224,0
2023-02-10,0.06947752088308334,0.07500000298023224,0.07500000298023224,0.07500000298023224,0.07500000298023224,0
2023-02-13,0.06947752088308334,0.07500000298023224,0.07500000298023224,0.07500000298023224,0.07500000298023224,0
2023-02-14,0.06947752088308334,0.07500000298023224,0.07500000298023224,0.07500000298023224,0.07500000298023224,0
2023-02-15,0.06947752088308334,0.07500000298023224,0.07500000298023224,0.07500000298023224,0.07500000298023224,0
2023-02-16,0.06855115294456482,0.07400000095367432,0.07500000298023224,0.07400000095367432,0.07500000298023224,140000
2023-02-17,0.06855115294456482,0.07400000095367432,0.07400000095367432,0.07400000095367432,0.07400000095367432,0
2023-02-20,0.06855115294456482,0.07400000095367432,0.07400000095367432,0.07400000095367432,0.07400000095367432,0
2023-02-21,0.06855115294456482,0.07400000095367432,0.07400000095367432,0.07400000095367432,0.07400000095367432,0
2023-02-22,0.06855115294456482,0.07400000095367432,0.07400000095367432,0.07400000095367432,0.07400000095367432,0
2023-02-23,0.06855115294456482,0.07400000095367432,0.07400000095367432,0.07400000095367432,0.07400000095367432,0
2023-02-24,0.06855115294456482,0.07400000095367432,0.07400000095367432,0.07400000095367432,0.07400000095367432,0
2023-02-27,0.06855115294456482,0.07400000095367432,0.07400000095367432,0.07400000095367432,0.07400000095367432,110000
2023-02-28,0.06855115294456482,0.07400000095367432,0.07500000298023224,0.07400000095367432,0.07500000298023224,270000
2023-03-01,0.06947752088308334,0.07500000298023224,0.07500000298023224,0.07500000298023224,0.07500000298023224,0
2023-03-02,0.06947752088308334,0.07500000298023224,0.07500000298023224,0.07500000298023224,0.07500000298023224,0
2023-03-03,0.06947752088308334,0.07500000298023224,0.07500000298023224,0.07500000298023224,0.07500000298023224,0
2023-03-06,0.06855115294456482,0.07400000095367432,0.07400000095367432,0.07400000095367432,0.07400000095367432,0
2023-03-07,0.06855115294456482,0.07400000095367432,0.07400000095367432,0.07400000095367432,0.07400000095367432,10000
2023-03-08,0.07225661724805832,0.07800000160932541,0.07800000160932541,0.07500000298023224,0.07699999958276749,160000
2023-03-09,0.06855115294456482,0.07400000095367432,0.07599999755620956,0.0729999989271164,0.07599999755620956,140000
2023-03-10,0.06855115294456482,0.07400000095367432,0.07400000095367432,0.07400000095367432,0.07400000095367432,0
2023-03-13,0.0676247850060463,0.0729999989271164,0.07199999690055847,0.07199999690055847,0.07199999690055847,20000
2023-03-14,0.07318298518657684,0.07900000363588333,0.07900000363588333,0.07900000363588333,0.07900000363588333,0
2023-03-15,0.07318298518657684,0.07900000363588333,0.07900000363588333,0.07900000363588333,0.07900000363588333,0
2023-03-16,0.06855115294456482,0.07400000095367432,0.08100000023841858,0.07199999690055847,0.08100000023841858,340000
2023-03-17,0.06855115294456482,0.07400000095367432,0.07400000095367432,0.07400000095367432,0.07400000095367432,0
2023-03-20,0.06855115294456482,0.07400000095367432,0.07400000095367432,0.07400000095367432,0.07400000095367432,0
2023-03-21,0.06855115294456482,0.07400000095367432,0.07400000095367432,0.07400000095367432,0.07400000095367432,0
2023-03-22,0.06855115294456482,0.07400000095367432,0.07400000095367432,0.07400000095367432,0.07400000095367432,0
2023-03-23,0.06855115294456482,0.07400000095367432,0.07400000095367432,0.07400000095367432,0.07400000095367432,20000
2023-03-24,0.06855115294456482,0.07400000095367432,0.07400000095367432,0.07400000095367432,0.07400000095367432,0
2023-03-27,0.06855115294456482,0.07400000095367432,0.07400000095367432,0.07400000095367432,0.07400000095367432,0
2023-03-28,0.06855115294456482,0.07400000095367432,0.07400000095367432,0.07400000095367432,0.07400000095367432,0
2023-03-29,0.06855115294456482,0.07400000095367432,0.07400000095367432,0.07400000095367432,0.07400000095367432,0
2023-03-30,0.06577205657958984,0.07100000232458115,0.07500000298023224,0.07000000029802322,0.07500000298023224,1210000
2023-03-31,0.06577205657958984,0.07100000232458115,0.07100000232458115,0.07100000232458115,0.07100000232458115,10000
2023-04-03,0.06577205657958984,0.07100000232458115,0.07100000232458115,0.07100000232458115,0.07100000232458115,0
2023-04-04,0.06484568119049072,0.07000000029802322,0.07000000029802322,0.07000000029802322,0.07100000232458115,200000
2023-04-06,0.07318298518657684,0.07900000363588333,0.07900000363588333,0.07199999690055847,0.07400000095367432,640000
2023-04-11,0.07318298518657684,0.07900000363588333,0.07900000363588333,0.07900000363588333,0.07900000363588333,200000
2023-04-12,0.07225661724805832,0.07800000160932541,0.07800000160932541,0.07400000095367432,0.07400000095367432,470000
2023-04-13,0.07225661724805832,0.07800000160932541,0.07800000160932541,0.07800000160932541,0.07800000160932541,0
2023-04-14,0.07225661724805832,0.07800000160932541,0.07800000160932541,0.07800000160932541,0.07800000160932541,0
2023-04-17,0.07688844203948975,0.08299999684095383,0.08299999684095383,0.08299999684095383,0.08299999684095383,60000
2023-04-18,0.07410934567451477,0.07999999821186066,0.07999999821186066,0.07999999821186066,0.07999999821186066,0
2023-04-19,0.07410934567451477,0.07999999821186066,0.08500000089406967,0.07500000298023224,0.07999999821186066,10000
2023-04-20,0.07410934567451477,0.07999999821186066,0.07999999821186066,0.07999999821186066,0.07999999821186066,0
2023-04-21,0.07410934567451477,0.07999999821186066,0.07999999821186066,0.07999999821186066,0.07999999821186066,0
2023-04-24,0.07410934567451477,0.07999999821186066,0.07999999821186066,0.07999999821186066,0.07999999821186066,0
2023-04-25,0.07410934567451477,0.07999999821186066,0.07999999821186066,0.07999999821186066,0.07999999821186066,50000
2023-04-26,0.07410934567451477,0.07999999821186066,0.07999999821186066,0.07999999821186066,0.07999999821186066,0
2023-04-27,0.07410934567451477,0.07999999821186066,0.07999999821186066,0.07999999821186066,0.07999999821186066,0
2023-04-28,0.07410934567451477,0.07999999821186066,0.07999999821186066,0.07999999821186066,0.07999999821186066,0
2023-05-02,0.07410934567451477,0.07999999821186066,0.07999999821186066,0.07999999821186066,0.07999999821186066,0
2023-05-03,0.07040388137102127,0.07599999755620956,0.07599999755620956,0.07599999755620956,0.07599999755620956,10000
2023-05-04,0.07040388137102127,0.07599999755620956,0.07599999755620956,0.07599999755620956,0.07599999755620956,0
2023-05-05,0.07040388137102127,0.07599999755620956,0.07599999755620956,0.07599999755620956,0.07599999755620956,0
2023-05-08,0.06577205657958984,0.07100000232458115,0.07400000095367432,0.07100000232458115,0.07100000232458115,920000
2023-05-09,0.06577205657958984,0.07100000232458115,0.07100000232458115,0.07100000232458115,0.07100000232458115,0
2023-05-10,0.06577205657958984,0.07100000232458115,0.07100000232458115,0.07100000232458115,0.07100000232458115,0
2023-05-11,0.06577205657958984,0.07100000232458115,0.07100000232458115,0.07100000232458115,0.07100000232458115,0
2023-05-12,0.06669841706752777,0.07199999690055847,0.07199999690055847,0.07199999690055847,0.07199999690055847,0
2023-05-15,0.06669841706752777,0.07199999690055847,0.07199999690055847,0.07199999690055847,0.07199999690055847,0
2023-05-16,0.06669841706752777,0.07199999690055847,0.07199999690055847,0.07199999690055847,0.07199999690055847,0
2023-05-17,0.06577205657958984,0.07100000232458115,0.07100000232458115,0.07100000232458115,0.07100000232458115,0
2023-05-18,0.06577205657958984,0.07100000232458115,0.07100000232458115,0.07100000232458115,0.07100000232458115,0
2023-05-19,0.06577205657958984,0.07100000232458115,0.07100000232458115,0.07100000232458115,0.07100000232458115,0
2023-05-22,0.06577205657958984,0.07100000232458115,0.07100000232458115,0.07100000232458115,0.07100000232458115,0
2023-05-23,0.06577205657958984,0.07100000232458115,0.07100000232458115,0.07100000232458115,0.07100000232458115,0
2023-05-24,0.06577205657958984,0.07100000232458115,0.07100000232458115,0.07100000232458115,0.07100000232458115,0
2023-05-25,0.06484568119049072,0.07000000029802322,0.07000000029802322,0.07000000029802322,0.07000000029802322,0
2023-05-29,0.06484568119049072,0.07000000029802322,0.07000000029802322,0.07000000029802322,0.07000000029802322,0
2023-05-30,0.06484568119049072,0.07000000029802322,0.07000000029802322,0.07000000029802322,0.07000000029802322,0
2023-05-31,0.06484568119049072,0.07000000029802322,0.07000000029802322,0.07000000029802322,0.07000000029802322,0
2023-06-01,0.06484568119049072,0.07000000029802322,0.07000000029802322,0.07000000029802322,0.07000000029802322,20000
2023-06-02,0.06484568119049072,0.07000000029802322,0.07000000029802322,0.07000000029802322,0.07000000029802322,0
2023-06-05,0.06484568119049072,0.07000000029802322,0.07000000029802322,0.07000000029802322,0.07000000029802322,0
2023-06-06,0.06484568119049072,0.07000000029802322,0.07000000029802322,0.07000000029802322,0.07000000029802322,110000
2023-06-07,0.06484568119049072,0.07000000029802322,0.07000000029802322,0.07000000029802322,0.07000000029802322,0
2023-06-08,0.06484568119049072,0.07000000029802322,0.07000000029802322,0.07000000029802322,0.07000000029802322,0
2023-06-09,0.06484568119049072,0.07000000029802322,0.07000000029802322,0.07000000029802322,0.07000000029802322,0
2023-06-12,0.0676247850060463,0.0729999989271164,0.0729999989271164,0.0729999989271164,0.0729999989271164,0
2023-06-13,0.0676247850060463,0.0729999989271164,0.0729999989271164,0.0729999989271164,0.0729999989271164,0
2023-06-14,0.0676247850060463,0.0729999989271164,0.0729999989271164,0.0729999989271164,0.0729999989271164,0
2023-06-15,0.0676247850060463,0.0729999989271164,0.0729999989271164,0.0729999989271164,0.0729999989271164,0
2023-06-16,0.0676247850060463,0.0729999989271164,0.0729999989271164,0.0729999989271164,0.0729999989271164,0
2023-06-19,0.07040388137102127,0.07599999755620956,0.07599999755620956,0.07500000298023224,0.07500000298023224,130000
2023-06-20,0.07040388137102127,0.07599999755620956,0.07599999755620956,0.07599999755620956,0.07599999755620956,0
2023-06-21,0.07040388137102127,0.07599999755620956,0.07599999755620956,0.07599999755620956,0.07599999755620956,0
2023-06-23,0.07040388137102127,0.07599999755620956,0.07599999755620956,0.07599999755620956,0.07599999755620956,0
2023-06-26,0.07040388137102127,0.07599999755620956,0.07599999755620956,0.07500000298023224,0.07800000160932541,140000
2023-06-27,0.07040388137102127,0.07599999755620956,0.07599999755620956,0.07599999755620956,0.07599999755620956,0
2023-06-28,0.07040388137102127,0.07599999755620956,0.07599999755620956,0.07599999755620956,0.07599999755620956,0
2023-06-29,0.07040388137102127,0.07599999755620956,0.07599999755620956,0.07599999755620956,0.07599999755620956,0
2023-06-30,0.0750357136130333,0.08100000023841858,0.08100000023841858,0.08100000023841858,0.08100000023841858,0
2023-07-03,0.07795917987823486,0.07999999821186066,0.07999999821186066,0.07800000160932541,0.07800000160932541,20000
2023-07-04,0.07308673858642578,0.07500000298023224,0.07500000298023224,0.07500000298023224,0.07500000298023224,190000
2023-07-05,0.07308673858642578,0.07500000298023224,0.07500000298023224,0.07500000298023224,0.07500000298023224,0
2023-07-06,0.07308673858642578,0.07500000298023224,0.07500000298023224,0.07500000298023224,0.07500000298023224,0
2023-07-07,0.07308673858642578,0.07500000298023224,0.07500000298023224,0.07500000298023224,0.07500000298023224,0
2023-07-10,0.07893367111682892,0.08100000023841858,0.0820000022649765,0.08100000023841858,0.0820000022649765,80000
2023-07-11,0.07893367111682892,0.08100000023841858,0.08100000023841858,0.08100000023841858,0.08100000023841858,0
2023-07-12,0.07893367111682892,0.08100000023841858,0.08100000023841858,0.08100000023841858,0.08100000023841858,0
2023-07-13,0.07893367111682892,0.08100000023841858,0.08100000023841858,0.08100000023841858,0.08100000023841858,0
2023-07-14,0.07893367111682892,0.08100000023841858,0.08100000023841858,0.08100000023841858,0.08100000023841858,0
2023-07-18,0.07893367111682892,0.08100000023841858,0.08100000023841858,0.08100000023841858,0.08100000023841858,0
2023-07-19,0.07893367111682892,0.08100000023841858,0.08100000023841858,0.08100000023841858,0.08100000023841858,0
2023-07-20,0.07893367111682892,0.08100000023841858,0.08100000023841858,0.08100000023841858,0.08100000023841858,0
2023-07-21,0.07893367111682892,0.08100000023841858,0.08100000023841858,0.08100000023841858,0.08100000023841858,0
2023-07-24,0.07601020485162735,0.07800000160932541,0.07800000160932541,0.07800000160932541,0.07800000160932541,0
2023-07-25,0.07601020485162735,0.07800000160932541,0.07800000160932541,0.07800000160932541,0.07800000160932541,0
2023-07-26,0.07601020485162735,0.07800000160932541,0.07800000160932541,0.07800000160932541,0.07800000160932541,0
2023-07-27,0.0769846960902214,0.07900000363588333,0.07900000363588333,0.07900000363588333,0.07900000363588333,10000
2023-07-28,0.0769846960902214,0.07900000363588333,0.07900000363588333,0.07900000363588333,0.07900000363588333,0
2023-07-31,0.0769846960902214,0.07900000363588333,0.07900000363588333,0.07900000363588333,0.07900000363588333,0
2023-08-01,0.0769846960902214,0.07900000363588333,0.07900000363588333,0.07900000363588333,0.07900000363588333,50000
2023-08-02,0.07308673858642578,0.07500000298023224,0.07500000298023224,0.07500000298023224,0.07500000298023224,0
2023-08-03,0.07016326487064362,0.07199999690055847,0.07599999755620956,0.07199999690055847,0.07599999755620956,170000
2023-08-04,0.06918878108263016,0.07100000232458115,0.07199999690055847,0.07100000232458115,0.07199999690055847,60000
2023-08-07,0.07308673858642578,0.07500000298023224,0.07500000298023224,0.07500000298023224,0.07100000232458115,60000
2023-08-08,0.07308673858642578,0.07500000298023224,0.07500000298023224,0.07500000298023224,0.07500000298023224,0
2023-08-09,0.07308673858642578,0.07500000298023224,0.07500000298023224,0.07500000298023224,0.07500000298023224,0
2023-08-10,0.07308673858642578,0.07500000298023224,0.07500000298023224,0.07500000298023224,0.07500000298023224,0
2023-08-11,0.07308673858642578,0.07500000298023224,0.07500000298023224,0.07500000298023224,0.07500000298023224,0
2023-08-14,0.0769846960902214,0.07900000363588333,0.07900000363588333,0.07699999958276749,0.07699999958276749,20000
2023-08-15,0.0769846960902214,0.07900000363588333,0.07900000363588333,0.07900000363588333,0.07900000363588333,50000
2023-08-16,0.0750357136130333,0.07699999958276749,0.07900000363588333,0.07900000363588333,0.07900000363588333,70000
2023-08-17,0.0750357136130333,0.07699999958276749,0.07699999958276749,0.07699999958276749,0.07699999958276749,0
2023-08-18,0.0750357136130333,0.07699999958276749,0.07699999958276749,0.07699999958276749,0.07699999958276749,0
2023-08-21,0.0750357136130333,0.07699999958276749,0.07699999958276749,0.07699999958276749,0.07699999958276749,0
2023-08-22,0.07016326487064362,0.07199999690055847,0.0729999989271164,0.07100000232458115,0.0729999989271164,60000
2023-08-23,0.07016326487064362,0.07199999690055847,0.07199999690055847,0.07199999690055847,0.07199999690055847,0
2023-08-24,0.07016326487064362,0.07199999690055847,0.07199999690055847,0.07199999690055847,0.07199999690055847,0
2023-08-25,0.07016326487064362,0.07199999690055847,0.07199999690055847,0.07199999690055847,0.07199999690055847,0
2023-08-28,0.07016326487064362,0.07199999690055847,0.07199999690055847,0.07199999690055847,0.07199999690055847,0
2023-08-29,0.07016326487064362,0.07199999690055847,0.07199999690055847,0.07199999690055847,0.07199999690055847,0
2023-08-30,0.07016326487064362,0.07199999690055847,0.07199999690055847,0.07199999690055847,0.07199999690055847,0
2023-08-31,0.07016326487064362,0.07199999690055847,0.07199999690055847,0.07199999690055847,0.07199999690055847,0
2023-09-04,0.07016326487064362,0.07199999690055847,0.07199999690055847,0.07199999690055847,0.07199999690055847,0
2023-09-05,0.07016326487064362,0.07199999690055847,0.07199999690055847,0.07199999690055847,0.07199999690055847,80000
2023-09-06,0.07016326487064362,0.07199999690055847,0.07199999690055847,0.07199999690055847,0.07199999690055847,0
2023-09-07,0.07016326487064362,0.07199999690055847,0.07199999690055847,0.07199999690055847,0.07199999690055847,0
2023-09-11,0.06918878108263016,0.07100000232458115,0.07100000232458115,0.07100000232458115,0.07100000232458115,180000
2023-09-12,0.06918878108263016,0.07100000232458115,0.07100000232458115,0.07100000232458115,0.07100000232458115,0
2023-09-13,0.0682142898440361,0.07000000029802322,0.07100000232458115,0.07000000029802322,0.07100000232458115,400000
2023-09-14,0.0682142898440361,0.07000000029802322,0.07000000029802322,0.07000000029802322,0.07000000029802322,0
2023-09-15,0.06918878108263016,0.07100000232458115,0.07100000232458115,0.07100000232458115,0.07100000232458115,0
2023-09-18,0.06918878108263016,0.07100000232458115,0.07100000232458115,0.07100000232458115,0.07100000232458115,40000
2023-09-19,0.07016326487064362,0.07199999690055847,0.07199999690055847,0.07199999690055847,0.07199999690055847,0
2023-09-20,0.07601020485162735,0.07800000160932541,0.07800000160932541,0.07800000160932541,0.07800000160932541,140000
2023-09-21,0.07406122237443924,0.07599999755620956,0.07599999755620956,0.07500000298023224,0.07599999755620956,250000
2023-09-22,0.07406122237443924,0.07599999755620956,0.07599999755620956,0.07599999755620956,0.07599999755620956,0
2023-09-25,0.07406122237443924,0.07599999755620956,0.07599999755620956,0.07599999755620956,0.07599999755620956,0
2023-09-26,0.07406122237443924,0.07599999755620956,0.07599999755620956,0.07599999755620956,0.07599999755620956,0
2023-09-27,0.07406122237443924,0.07599999755620956,0.07599999755620956,0.07599999755620956,0.07599999755620956,0
2023-09-28,0.07601020485162735,0.07800000160932541,0.07800000160932541,0.07100000232458115,0.07199999690055847,40000
2023-09-29,0.07601020485162735,0.07800000160932541,0.07800000160932541,0.07800000160932541,0.07800000160932541,0
2023-10-03,0.07113775610923767,0.0729999989271164,0.0729999989271164,0.0729999989271164,0.0729999989271164,0
2023-10-04,0.07113775610923767,0.0729999989271164,0.0729999989271164,0.0729999989271164,0.0729999989271164,0
2023-10-05,0.07113775610923767,0.0729999989271164,0.0729999989271164,0.0729999989271164,0.0729999989271164,0
2023-10-06,0.07113775610923767,0.0729999989271164,0.0729999989271164,0.0729999989271164,0.0729999989271164,0
2023-10-09,0.07113775610923767,0.0729999989271164,0.0729999989271164,0.0729999989271164,0.0729999989271164,0
2023-10-10,0.07113775610923767,0.0729999989271164,0.0729999989271164,0.0729999989271164,0.0729999989271164,0
2023-10-11,0.07113775610923767,0.0729999989271164,0.0729999989271164,0.0729999989271164,0.0729999989271164,0
2023-10-12,0.07113775610923767,0.0729999989271164,0.0729999989271164,0.0729999989271164,0.0729999989271164,0
2023-10-13,0.07113775610923767,0.0729999989271164,0.0729999989271164,0.0729999989271164,0.0729999989271164,0
2023-10-16,0.07113775610923767,0.0729999989271164,0.0729999989271164,0.0729999989271164,0.0729999989271164,0
2023-10-17,0.07113775610923767,0.0729999989271164,0.0729999989271164,0.0729999989271164,0.0729999989271164,0
2023-10-18,0.07211224734783173,0.07400000095367432,0.07400000095367432,0.07400000095367432,0.07400000095367432,0
2023-10-19,0.07211224734783173,0.07400000095367432,0.07400000095367432,0.07400000095367432,0.07400000095367432,0
2023-10-20,0.07211224734783173,0.07400000095367432,0.07400000095367432,0.07400000095367432,0.07400000095367432,0
2023-10-24,0.07211224734783173,0.07400000095367432,0.07400000095367432,0.07400000095367432,0.07400000095367432,10000
2023-10-25,0.07211224734783173,0.07400000095367432,0.07400000095367432,0.07400000095367432,0.07400000095367432,0
2023-10-26,0.07211224734783173,0.07400000095367432,0.07400000095367432,0.07400000095367432,0.07400000095367432,0
2023-10-27,0.07406122237443924,0.07599999755620956,0.08500000089406967,0.07400000095367432,0.0820000022649765,620000
2023-10-30,0.0838061273097992,0.0860000029206276,0.0860000029206276,0.08100000023841858,0.08100000023841858,420000
2023-10-31,0.09647449105978012,0.0989999994635582,0.10400000214576721,0.09000000357627869,0.09399999678134918,5360000
2023-11-01,0.09160204231739044,0.09399999678134918,0.09799999743700027,0.09399999678134918,0.09799999743700027,810000
2023-11-02,0.09452551603317261,0.09700000286102295,0.09700000286102295,0.09399999678134918,0.0949999988079071,180000
2023-11-03,0.09062755107879639,0.09300000220537186,0.09300000220537186,0.09000000357627869,0.09099999815225601,320000
2023-11-06,0.09062755107879639,0.09300000220537186,0.09300000220537186,0.09000000357627869,0.09200000017881393,580000
2023-11-07,0.09062755107879639,0.09300000220537186,0.09300000220537186,0.09300000220537186,0.09300000220537186,0
2023-11-08,0.08965305984020233,0.09200000017881393,0.09200000017881393,0.09200000017881393,0.09200000017881393,30000
2023-11-09,0.08965305984020233,0.09200000017881393,0.09200000017881393,0.09099999815225601,0.09099999815225601,240000
2023-11-10,0.08965305984020233,0.09200000017881393,0.09200000017881393,0.09200000017881393,0.09200000017881393,0
2023-11-13,0.08770408481359482,0.09000000357627869,0.09000000357627869,0.09000000357627869,0.09000000357627869,290000
2023-11-14,0.08965305984020233,0.09200000017881393,0.09300000220537186,0.08900000154972076,0.09000000357627869,480000
2023-11-15,0.0925765335559845,0.0949999988079071,0.0949999988079071,0.0949999988079071,0.09399999678134918,150000
2023-11-16,0.10621938854455948,0.10899999737739563,0.10999999940395355,0.09000000357627869,0.09099999815225601,1640000
2023-11-17,0.1013469398021698,0.10400000214576721,0.1080000028014183,0.10400000214576721,0.1080000028014183,60000
2023-11-20,0.1013469398021698,0.10400000214576721,0.10400000214576721,0.10400000214576721,0.10400000214576721,0
2023-11-21,0.09744898229837418,0.10000000149011612,0.10000000149011612,0.0949999988079071,0.09700000286102295,130000
2023-11-22,0.09744898229837418,0.10000000149011612,0.10999999940395355,0.10000000149011612,0.10999999940395355,130000
2023-11-23,0.09744898229837418,0.10000000149011612,0.10000000149011612,0.10000000149011612,0.10000000149011612,0
2023-11-24,0.09744898229837418,0.10000000149011612,0.10000000149011612,0.10000000149011612,0.10000000149011612,0
2023-11-27,0.09355102479457855,0.09600000083446503,0.09600000083446503,0.09600000083446503,0.09600000083446503,10000
2023-11-28,0.09355102479457855,0.09600000083446503,0.09700000286102295,0.09600000083446503,0.09700000286102295,150000
2023-11-29,0.09355102479457855,0.09600000083446503,0.09600000083446503,0.09600000083446503,0.09600000083446503,0
2023-11-30,0.09355102479457855,0.09600000083446503,0.09600000083446503,0.09600000083446503,0.09600000083446503,0
2023-12-01,0.09355102479457855,0.09600000083446503,0.09600000083446503,0.09600000083446503,0.09600000083446503,0
2023-12-04,0.09355102479457855,0.09600000083446503,0.09600000083446503,0.09600000083446503,0.09600000083446503,0
2023-12-05,0.09355102479457855,0.09600000083446503,0.09600000083446503,0.09600000083446503,0.09600000083446503,0
2023-12-06,0.09355102479457855,0.09600000083446503,0.09600000083446503,0.09600000083446503,0.09600000083446503,0
2023-12-07,0.08965305984020233,0.09200000017881393,0.09200000017881393,0.09200000017881393,0.09200000017881393,0
2023-12-08,0.08770408481359482,0.09000000357627869,0.09000000357627869,0.09000000357627869,0.09000000357627869,0
2023-12-11,0.08867856860160828,0.09099999815225601,0.09099999815225601,0.09099999815225601,0.09099999815225601,0
2023-12-12,0.09549999982118607,0.09799999743700027,0.09799999743700027,0.09799999743700027,0.09799999743700027,90000
2023-12-13,0.09549999982118607,0.09799999743700027,0.09799999743700027,0.09799999743700027,0.09799999743700027,0
2023-12-14,0.09452551603317261,0.09700000286102295,0.09700000286102295,0.09700000286102295,0.09700000286102295,100000
2023-12-15,0.09452551603317261,0.09700000286102295,0.09700000286102295,0.09700000286102295,0.09700000286102295,0
2023-12-18,0.09452551603317261,0.09700000286102295,0.09700000286102295,0.09700000286102295,0.09700000286102295,0
2023-12-19,0.09452551603317261,0.09700000286102295,0.09700000286102295,0.09700000286102295,0.09700000286102295,0
2023-12-20,0.09160204231739044,0.09399999678134918,0.09399999678134918,0.09399999678134918,0.09399999678134918,30000
2023-12-21,0.09160204231739044,0.09399999678134918,0.09399999678134918,0.09399999678134918,0.09399999678134918,0
2023-12-22,0.09160204231739044,0.09399999678134918,0.09399999678134918,0.09399999678134918,0.09399999678134918,0
2023-12-27,0.09744898229837418,0.10000000149011612,0.09399999678134918,0.09399999678134918,0.09399999678134918,400000
2023-12-28,0.09744898229837418,0.10000000149011612,0.10000000149011612,0.10000000149011612,0.10000000149011612,0
2023-12-29,0.09744898229837418,0.10000000149011612,0.10000000149011612,0.10000000149011612,0.10000000149011612,0
2024-01-02,0.09744898229837418,0.10000000149011612,0.10000000149011612,0.10000000149011612,0.10000000149011612,0
2024-01-03,0.09744898229837418,0.10000000149011612,0.10000000149011612,0.10000000149011612,0.10000000149011612,0
2024-01-04,0.09744898229837418,0.10000000149011612,0.10000000149011612,0.10000000149011612,0.10000000149011612,0
2024-01-05,0.09744898229837418,0.10000000149011612,0.10000000149011612,0.10000000149011612,0.10000000149011612,0
2024-01-08,0.09744898229837418,0.10000000149011612,0.10000000149011612,0.10000000149011612,0.10000000149011612,0
2024-01-09,0.09549999982118607,0.09799999743700027,0.09799999743700027,0.09799999743700027,0.09799999743700027,0
2024-01-10,0.09549999982118607,0.09799999743700027,0.09799999743700027,0.09799999743700027,0.09799999743700027,0
2024-01-11,0.09549999982118607,0.09799999743700027,0.09799999743700027,0.09799999743700027,0.09799999743700027,0
2024-01-12,0.09549999982118607,0.09799999743700027,0.09799999743700027,0.09799999743700027,0.09799999743700027,0
2024-01-15,0.09549999982118607,0.09799999743700027,0.09799999743700027,0.09799999743700027,0.09799999743700027,0
2024-01-16,0.1013469398021698,0.10400000214576721,0.10499999672174454,0.10000000149011612,0.10499999672174454,640000
2024-01-17,0.0925765335559845,0.0949999988079071,0.09799999743700027,0.09099999815225601,0.09799999743700027,620000
2024-01-18,0.0925765335559845,0.0949999988079071,0.0949999988079071,0.0949999988079071,0.0949999988079071,40000
2024-01-19,0.0925765335559845,0.0949999988079071,0.0949999988079071,0.0949999988079071,0.0949999988079071,0
2024-01-22,0.0925765335559845,0.0949999988079071,0.0949999988079071,0.0949999988079071,0.0949999988079071,0
2024-01-23,0.0925765335559845,0.0949999988079071,0.0949999988079071,0.0949999988079071,0.0949999988079071,150000
2024-01-24,0.09062755107879639,0.09300000220537186,0.09300000220537186,0.09300000220537186,0.09300000220537186,10000
2024-01-25,0.09062755107879639,0.09300000220537186,0.09300000220537186,0.09300000220537186,0.09300000220537186,0
2024-01-26,0.09062755107879639,0.09300000220537186,0.09300000220537186,0.09300000220537186,0.09300000220537186,490000
2024-01-29,0.09062755107879639,0.09300000220537186,0.09300000220537186,0.09300000220537186,0.09300000220537186,0
2024-01-30,0.09062755107879639,0.09300000220537186,0.09300000220537186,0.09300000220537186,0.09300000220537186,0
2024-01-31,0.09160204231739044,0.09399999678134918,0.09399999678134918,0.09399999678134918,0.09399999678134918,0
2024-02-01,0.09062755107879639,0.09300000220537186,0.09300000220537186,0.09300000220537186,0.09300000220537186,130000
2024-02-02,0.09062755107879639,0.09300000220537186,0.09300000220537186,0.09300000220537186,0.09600000083446503,2000000
2024-02-05,0.0925765335559845,0.0949999988079071,0.0949999988079071,0.0949999988079071,0.0949999988079071,0
2024-02-06,0.0925765335559845,0.0949999988079071,0.0949999988079071,0.0949999988079071,0.0949999988079071,0
2024-02-07,0.09355102479457855,0.09600000083446503,0.09600000083446503,0.09600000083446503,0.09600000083446503,0
2024-02-08,0.09355102479457855,0.09600000083446503,0.09600000083446503,0.09600000083446503,0.09600000083446503,0
2024-02-09,0.09355102479457855,0.09600000083446503,0.09600000083446503,0.09600000083446503,0.09600000083446503,0
2024-02-14,0.09549999982118607,0.09799999743700027,0.09799999743700027,0.09799999743700027,0.09799999743700027,10000
2024-02-15,0.09549999982118607,0.09799999743700027,0.09799999743700027,0.09799999743700027,0.09799999743700027,0
2024-02-16,0.09549999982118607,0.09799999743700027,0.09799999743700027,0.09799999743700027,0.09799999743700027,0
2024-02-19,0.09452551603317261,0.09700000286102295,0.09300000220537186,0.09000000357627869,0.09300000220537186,220000
2024-02-20,0.08965305984020233,0.09200000017881393,0.09200000017881393,0.09099999815225601,0.09200000017881393,80000
2024-02-21,0.0925765335559845,0.0949999988079071,0.0949999988079071,0.09200000017881393,0.09200000017881393,20000
2024-02-22,0.0925765335559845,0.0949999988079071,0.09399999678134918,0.09399999678134918,0.09399999678134918,20000
2024-02-23,0.09062755107879639,0.09300000220537186,0.09300000220537186,0.09300000220537186,0.09300000220537186,70000
2024-02-26,0.09062755107879639,0.09300000220537186,0.09300000220537186,0.09300000220537186,0.09300000220537186,0
2024-02-27,0.09160204231739044,0.09399999678134918,0.09399999678134918,0.09399999678134918,0.09399999678134918,0
2024-02-28,0.09062755107879639,0.09300000220537186,0.09300000220537186,0.09300000220537186,0.09300000220537186,0
2024-02-29,0.10232142359018326,0.10499999672174454,0.10999999940395355,0.10999999940395355,0.10999999940395355,40000
2024-03-01,0.1013469398021698,0.10400000214576721,0.10400000214576721,0.10400000214576721,0.10400000214576721,0
2024-03-04,0.09647449105978012,0.0989999994635582,0.0989999994635582,0.0989999994635582,0.0989999994635582,0
2024-03-05,0.08965305984020233,0.09200000017881393,0.09200000017881393,0.09200000017881393,0.09200000017881393,120000
2024-03-06,0.09452551603317261,0.09700000286102295,0.09700000286102295,0.09200000017881393,0.09200000017881393,110000
2024-03-07,0.09647449105978012,0.0989999994635582,0.0989999994635582,0.09799999743700027,0.09799999743700027,110000
2024-03-08,0.09647449105978012,0.0989999994635582,0.0989999994635582,0.0989999994635582,0.0989999994635582,0
2024-03-11,0.09744898229837418,0.10000000149011612,0.10000000149011612,0.10000000149011612,0.10000000149011612,10000
2024-03-12,0.09744898229837418,0.10000000149011612,0.10000000149011612,0.10000000149011612,0.10000000149011612,0
2024-03-13,0.09647449105978012,0.0989999994635582,0.0989999994635582,0.09799999743700027,0.0989999994635582,350000
2024-03-14,0.09744898229837418,0.10000000149011612,0.10000000149011612,0.10000000149011612,0.10000000149011612,8120000
2024-03-15,0.09939795732498169,0.10199999809265137,0.11100000143051147,0.10199999809265137,0.10999999940395355,510000
2024-03-18,0.1013469398021698,0.10400000214576721,0.10400000214576721,0.10400000214576721,0.10400000214576721,0
2024-03-19,0.1013469398021698,0.10400000214576721,0.10400000214576721,0.10400000214576721,0.10400000214576721,0
2024-03-20,0.1013469398021698,0.10400000214576721,0.10400000214576721,0.10400000214576721,0.10400000214576721,100000
2024-03-21,0.09744898229837418,0.10000000149011612,0.10000000149011612,0.10000000149011612,0.10000000149011612,0
2024-03-22,0.09744898229837418,0.10000000149011612,0.10000000149011612,0.10000000149011612,0.10000000149011612,0
2024-03-25,0.09744898229837418,0.10000000149011612,0.10000000149011612,0.10000000149011612,0.10000000149011612,0
2024-03-26,0.09744898229837418,0.10000000149011612,0.10000000149011612,0.10000000149011612,0.10000000149011612,0
2024-03-27,0.09744898229837418,0.10000000149011612,0.10000000149011612,0.10000000149011612,0.10000000149011612,0
2024-03-28,0.09744898229837418,0.10000000149011612,0.10000000149011612,0.10000000149011612,0.10000000149011612,0
2024-04-02,0.09744898229837418,0.10000000149011612,0.10000000149011612,0.10000000149011612,0.10000000149011612,130000
2024-04-03,0.09744898229837418,0.10000000149011612,0.10000000149011612,0.10000000149011612,0.10000000149011612,0
2024-04-05,0.09744898229837418,0.10000000149011612,0.10000000149011612,0.10000000149011612,0.10000000149011612,0
2024-04-08,0.09744898229837418,0.10000000149011612,0.10000000149011612,0.10000000149011612,0.10000000149011612,0
2024-04-09,0.09744898229837418,0.10000000149011612,0.10000000149011612,0.10000000149011612,0.10000000149011612,0
2024-04-10,0.09744898229837418,0.10000000149011612,0.10000000149011612,0.10000000149011612,0.10000000149011612,0
2024-04-11,0.09549999982118607,0.09799999743700027,0.09799999743700027,0.09799999743700027,0.09799999743700027,60000
2024-04-12,0.09549999982118607,0.09799999743700027,0.09799999743700027,0.09799999743700027,0.09799999743700027,0
2024-04-15,0.09939795732498169,0.10199999809265137,0.10199999809265137,0.10199999809265137,0.10199999809265137,0
2024-04-16,0.09939795732498169,0.10199999809265137,0.10199999809265137,0.10199999809265137,0.10199999809265137,0
2024-04-17,0.09939795732498169,0.10199999809265137,0.10199999809265137,0.10199999809265137,0.10199999809265137,0
2024-04-18,0.09939795732498169,0.10199999809265137,0.10199999809265137,0.10199999809265137,0.10199999809265137,0
2024-04-19,0.09939795732498169,0.10199999809265137,0.10199999809265137,0.10199999809265137,0.10199999809265137,0
2024-04-22,0.09939795732498169,0.10199999809265137,0.10199999809265137,0.10199999809265137,0.10199999809265137,0
2024-04-23,0.09744898229837418,0.10000000149011612,0.10000000149011612,0.10000000149011612,0.10000000149011612,0
2024-04-24,0.09355102479457855,0.09600000083446503,0.09799999743700027,0.09600000083446503,0.09799999743700027,360000
2024-04-25,0.0925765335559845,0.0949999988079071,0.09600000083446503,0.0949999988079071,0.09600000083446503,220000
2024-04-26,0.09160204231739044,0.09399999678134918,0.09300000220537186,0.09300000220537186,0.09300000220537186,70000
2024-04-29,0.09160204231739044,0.09399999678134918,0.09399999678134918,0.09399999678134918,0.09399999678134918,0
2024-04-30,0.10037244856357574,0.10300000011920929,0.10300000011920929,0.0989999994635582,0.0989999994635582,340000
2024-05-02,0.09355102479457855,0.09600000083446503,0.09600000083446503,0.09600000083446503,0.09600000083446503,0
2024-05-03,0.09842347353696823,0.10100000351667404,0.10100000351667404,0.10100000351667404,0.10100000351667404,10000
2024-05-06,0.09939795732498169,0.10199999809265137,0.10499999672174454,0.10199999809265137,0.10499999672174454,340000
2024-05-07,0.10037244856357574,0.10300000011920929,0.11500000208616257,0.10300000011920929,0.10999999940395355,140000
2024-05-08,0.10037244856357574,0.10300000011920929,0.10300000011920929,0.10300000011920929,0.10300000011920929,0
2024-05-09,0.10329591482877731,0.10599999874830246,0.10599999874830246,0.10300000011920929,0.10300000011920929,690000
2024-05-10,0.10719387978315353,0.10999999940395355,0.10999999940395355,0.10599999874830246,0.10599999874830246,120000
2024-05-13,0.10232142359018326,0.10499999672174454,0.10499999672174454,0.10499999672174454,0.10499999672174454,0
2024-05-14,0.1013469398021698,0.10400000214576721,0.10400000214576721,0.10400000214576721,0.10400000214576721,20000
2024-05-16,0.1013469398021698,0.10400000214576721,0.10400000214576721,0.10400000214576721,0.10400000214576721,0
2024-05-17,0.1013469398021698,0.10400000214576721,0.10400000214576721,0.10400000214576721,0.10400000214576721,0
2024-05-20,0.10719387978315353,0.10999999940395355,0.1080000028014183,0.10700000077486038,0.10700000077486038,110000
2024-05-21,0.10719387978315353,0.10999999940395355,0.10999999940395355,0.10999999940395355,0.10999999940395355,50000
2024-05-22,0.10914286226034164,0.1120000034570694,0.11100000143051147,0.11100000143051147,0.11100000143051147,50000
2024-05-23,0.10914286226034164,0.1120000034570694,0.1120000034570694,0.1120000034570694,0.1120000034570694,0
2024-05-24,0.10914286226034164,0.1120000034570694,0.1120000034570694,0.1120000034570694,0.1120000034570694,0
2024-05-27,0.10914286226034164,0.1120000034570694,0.1120000034570694,0.1120000034570694,0.1120000034570694,0
2024-05-28,0.10914286226034164,0.1120000034570694,0.1120000034570694,0.1120000034570694,0.1120000034570694,0
2024-05-29,0.11206632852554321,0.11500000208616257,0.11500000208616257,0.1120000034570694,0.1120000034570694,230000
2024-05-30,0.11206632852554321,0.11500000208616257,0.11500000208616257,0.1120000034570694,0.1120000034570694,110000
2024-05-31,0.11206632852554321,0.11500000208616257,0.11500000208616257,0.11500000208616257,0.11500000208616257,20000
2024-06-03,0.10719387978315353,0.10999999940395355,0.11500000208616257,0.10999999940395355,0.11500000208616257,300000
2024-06-04,0.10816837102174759,0.11100000143051147,0.11100000143051147,0.11100000143051147,0.11100000143051147,0
2024-06-05,0.10816837102174759,0.11100000143051147,0.11100000143051147,0.11100000143051147,0.11100000143051147,0
2024-06-06,0.10816837102174759,0.11100000143051147,0.10999999940395355,0.10999999940395355,0.10999999940395355,70000
2024-06-07,0.10816837102174759,0.11100000143051147,0.11100000143051147,0.11100000143051147,0.11100000143051147,0
2024-06-11,0.10329591482877731,0.10599999874830246,0.10599999874830246,0.10599999874830246,0.10599999874830246,0
2024-06-12,0.10329591482877731,0.10599999874830246,0.10599999874830246,0.10599999874830246,0.10599999874830246,0
2024-06-13,0.10524490475654602,0.1080000028014183,0.1080000028014183,0.1080000028014183,0.1080000028014183,0
2024-06-14,0.10524490475654602,0.1080000028014183,0.1080000028014183,0.1080000028014183,0.1080000028014183,0
2024-06-17,0.10524490475654602,0.1080000028014183,0.1080000028014183,0.1080000028014183,0.1080000028014183,0
2024-06-18,0.10524490475654602,0.1080000028014183,0.1080000028014183,0.1080000028014183,0.1080000028014183,0
2024-06-19,0.10232142359018326,0.10499999672174454,0.10499999672174454,0.10499999672174454,0.10499999672174454,150000
2024-06-20,0.10232142359018326,0.10499999672174454,0.10499999672174454,0.10499999672174454,0.10499999672174454,0
2024-06-21,0.10232142359018326,0.10499999672174454,0.10499999672174454,0.10499999672174454,0.10499999672174454,0
2024-06-24,0.10232142359018326,0.10499999672174454,0.10499999672174454,0.10499999672174454,0.10499999672174454,0
2024-06-25,0.10232142359018326,0.10499999672174454,0.10499999672174454,0.10499999672174454,0.10499999672174454,0
2024-06-26,0.10232142359018326,0.10499999672174454,0.10499999672174454,0.10499999672174454,0.10300000011920929,10000
2024-06-27,0.10232142359018326,0.10499999672174454,0.10499999672174454,0.10499999672174454,0.10499999672174454,0
2024-06-28,0.10232142359018326,0.10499999672174454,0.10499999672174454,0.10499999672174454,0.10499999672174454,0
2024-07-02,0.09842347353696823,0.10100000351667404,0.10499999672174454,0.10100000351667404,0.10499999672174454,250000
2024-07-03,0.09842347353696823,0.10100000351667404,0.10499999672174454,0.10000000149011612,0.10000000149011612,220000
2024-07-04,0.09842347353696823,0.10100000351667404,0.10100000351667404,0.10100000351667404,0.10100000351667404,0
2024-07-05,0.09842347353696823,0.10100000351667404,0.10100000351667404,0.10100000351667404,0.10100000351667404,0
2024-07-08,0.09842347353696823,0.10100000351667404,0.10499999672174454,0.10000000149011612,0.09799999743700027,100000
2024-07-09,0.09842347353696823,0.10100000351667404,0.10100000351667404,0.10100000351667404,0.10100000351667404,100000
2024-07-10,0.09744898229837418,0.10000000149011612,0.10000000149011612,0.10000000149011612,0.10000000149011612,70000
2024-07-11,0.09744898229837418,0.10000000149011612,0.10000000149011612,0.10000000149011612,0.10000000149011612,0
2024-07-12,0.09549999982118607,0.09799999743700027,0.09799999743700027,0.09799999743700027,0.09799999743700027,320000
2024-07-15,0.09600000083446503,0.09600000083446503,0.09600000083446503,0.09600000083446503,0.09600000083446503,0
2024-07-16,0.09600000083446503,0.09600000083446503,0.09600000083446503,0.09600000083446503,0.09600000083446503,0
2024-07-17,0.0989999994635582,0.0989999994635582,0.0989999994635582,0.0989999994635582,0.0989999994635582,0
2024-07-18,0.0989999994635582,0.0989999994635582,0.0989999994635582,0.0989999994635582,0.0989999994635582,0
2024-07-19,0.10000000149011612,0.10000000149011612,0.10000000149011612,0.10000000149011612,0.10000000149011612,0
2024-07-22,0.10000000149011612,0.10000000149011612,0.10000000149011612,0.10000000149011612,0.10000000149011612,0
2024-07-23,0.10000000149011612,0.10000000149011612,0.10000000149011612,0.10000000149011612,0.10000000149011612,0
2024-07-24,0.10000000149011612,0.10000000149011612,0.10000000149011612,0.10000000149011612,0.10000000149011612,0
2024-07-25,0.09399999678134918,0.09399999678134918,0.09399999678134918,0.09399999678134918,0.09399999678134918,0
2024-07-26,0.09399999678134918,0.09399999678134918,0.09399999678134918,0.09399999678134918,0.09399999678134918,10000
2024-07-29,0.09399999678134918,0.09399999678134918,0.09399999678134918,0.09399999678134918,0.09399999678134918,0
2024-07-30,0.09399999678134918,0.09399999678134918,0.09399999678134918,0.09399999678134918,0.09399999678134918,0
2024-07-31,0.09399999678134918,0.09399999678134918,0.09399999678134918,0.09399999678134918,0.09399999678134918,0
2024-08-01,0.09399999678134918,0.09399999678134918,0.09399999678134918,0.09399999678134918,0.09399999678134918,0
2024-08-02,0.09399999678134918,0.09399999678134918,0.09399999678134918,0.09399999678134918,0.09399999678134918,0
2024-08-05,0.08900000154972076,0.08900000154972076,0.09099999815225601,0.08799999952316284,0.09099999815225601,890000
2024-08-06,0.09099999815225601,0.09099999815225601,0.09099999815225601,0.08799999952316284,0.09300000220537186,60000
2024-08-07,0.09099999815225601,0.09099999815225601,0.09099999815225601,0.09099999815225601,0.09099999815225601,0
2024-08-08,0.09099999815225601,0.09099999815225601,0.09099999815225601,0.09099999815225601,0.09099999815225601,0
2024-08-09,0.09099999815225601,0.09099999815225601,0.09099999815225601,0.09099999815225601,0.09099999815225601,0
2024-08-12,0.09000000357627869,0.09000000357627869,0.09000000357627869,0.09000000357627869,0.09000000357627869,0
2024-08-13,0.09000000357627869,0.09000000357627869,0.09000000357627869,0.09000000357627869,0.09000000357627869,0
2024-08-14,0.09000000357627869,0.09000000357627869,0.09000000357627869,0.09000000357627869,0.09000000357627869,0
2024-08-15,0.09200000017881393,0.09200000017881393,0.09000000357627869,0.08799999952316284,0.09000000357627869,810000
2024-08-16,0.09200000017881393,0.09200000017881393,0.09200000017881393,0.09200000017881393,0.09200000017881393,0
2024-08-19,0.09200000017881393,0.09200000017881393,0.09200000017881393,0.09200000017881393,0.09200000017881393,0
2024-08-20,0.09200000017881393,0.09200000017881393,0.09200000017881393,0.09200000017881393,0.09200000017881393,10000
2024-08-21,0.09200000017881393,0.09200000017881393,0.09200000017881393,0.09200000017881393,0.09200000017881393,0
2024-08-22,0.09200000017881393,0.09200000017881393,0.09200000017881393,0.08900000154972076,0.09000000357627869,420000
2024-08-23,0.09200000017881393,0.09200000017881393,0.09200000017881393,0.09200000017881393,0.09200000017881393,0
2024-08-26,0.09200000017881393,0.09200000017881393,0.09200000017881393,0.09200000017881393,0.09200000017881393,0
2024-08-27,0.09200000017881393,0.09200000017881393,0.09200000017881393,0.09200000017881393,0.09200000017881393,0
2024-08-28,0.09200000017881393,0.09200000017881393,0.09200000017881393,0.09200000017881393,0.09200000017881393,0
2024-08-29,0.09200000017881393,0.09200000017881393,0.09200000017881393,0.09200000017881393,0.09200000017881393,0
2024-08-30,0.09200000017881393,0.09200000017881393,0.09200000017881393,0.09200000017881393,0.09200000017881393,0
2024-09-02,0.09200000017881393,0.09200000017881393,0.09200000017881393,0.09200000017881393,0.09200000017881393,0
2024-09-03,0.09200000017881393,0.09200000017881393,0.09200000017881393,0.09200000017881393,0.09200000017881393,0
2024-09-04,0.09200000017881393,0.09200000017881393,0.09200000017881393,0.09200000017881393,0.09200000017881393,0
2024-09-05,0.09200000017881393,0.09200000017881393,0.09200000017881393,0.09200000017881393,0.09200000017881393,0
2024-09-09,0.09200000017881393,0.09200000017881393,0.09200000017881393,0.09200000017881393,0.09200000017881393,0
2024-09-10,0.09200000017881393,0.09200000017881393,0.09200000017881393,0.09200000017881393,0.09200000017881393,0
2024-09-11,0.09200000017881393,0.09200000017881393,0.09200000017881393,0.09200000017881393,0.09200000017881393,0
2024-09-12,0.09200000017881393,0.09200000017881393,0.09200000017881393,0.09200000017881393,0.09200000017881393,0
2024-09-13,0.09200000017881393,0.09200000017881393,0.09200000017881393,0.09200000017881393,0.09200000017881393,0
2024-09-16,0.09200000017881393,0.09200000017881393,0.09200000017881393,0.09200000017881393,0.09200000017881393,0
2024-09-17,0.09000000357627869,0.09000000357627869,0.09000000357627869,0.08100000023841858,0.08900000154972076,100000
2024-09-19,0.0860000029206276,0.0860000029206276,0.08500000089406967,0.08500000089406967,0.08500000089406967,0
2024-09-20,0.0860000029206276,0.0860000029206276,0.0860000029206276,0.0860000029206276,0.0860000029206276,0
2024-09-23,0.0860000029206276,0.0860000029206276,0.0860000029206276,0.0860000029206276,0.0860000029206276,0
2024-09-24,0.0860000029206276,0.0860000029206276,0.0860000029206276,0.0860000029206276,0.0860000029206276,0
2024-09-25,0.08399999886751175,0.08399999886751175,0.08399999886751175,0.0820000022649765,0.0820000022649765,180000
2024-09-26,0.08699999749660492,0.08699999749660492,0.08699999749660492,0.08699999749660492,0.08399999886751175,230000
2024-09-27,0.08699999749660492,0.08699999749660492,0.08699999749660492,0.08699999749660492,0.08699999749660492,0
2024-09-30,0.08799999952316284,0.08799999952316284,0.08799999952316284,0.08799999952316284,0.08799999952316284,0
2024-10-02,0.08900000154972076,0.08900000154972076,0.08900000154972076,0.08900000154972076,0.08900000154972076,0
2024-10-03,0.08799999952316284,0.08799999952316284,0.08799999952316284,0.08799999952316284,0.08799999952316284,0
2024-10-04,0.09099999815225601,0.09099999815225601,0.09099999815225601,0.08799999952316284,0.08799999952316284,150000
2024-10-07,0.10499999672174454,0.10499999672174454,0.11900000274181366,0.09099999815225601,0.09099999815225601,1910000
2024-10-08,0.10400000214576721,0.10400000214576721,0.10400000214576721,0.10400000214576721,0.10400000214576721,0
2024-10-09,0.10000000149011612,0.10000000149011612,0.10000000149011612,0.10000000149011612,0.10000000149011612,0
2024-10-10,0.10000000149011612,0.10000000149011612,0.10000000149011612,0.10000000149011612,0.10000000149011612,0
2024-10-14,0.10000000149011612,0.10000000149011612,0.10000000149011612,0.10000000149011612,0.10000000149011612,0
2024-10-15,0.10000000149011612,0.10000000149011612,0.10000000149011612,0.10000000149011612,0.10000000149011612,0
2024-10-16,0.10000000149011612,0.10000000149011612,0.10000000149011612,0.10000000149011612,0.10000000149011612,0
2024-10-17,0.10000000149011612,0.10000000149011612,0.10000000149011612,0.10000000149011612,0.10000000149011612,0
2024-10-18,0.10000000149011612,0.10000000149011612,0.10000000149011612,0.10000000149011612,0.10000000149011612,0
2024-10-21,0.0989999994635582,0.0989999994635582,0.0989999994635582,0.09700000286102295,0.10000000149011612,100000
2024-10-22,0.09600000083446503,0.09600000083446503,0.09600000083446503,0.09600000083446503,0.09600000083446503,0
2024-10-23,0.09600000083446503,0.09600000083446503,0.09600000083446503,0.09600000083446503,0.09600000083446503,0
2024-10-24,0.09099999815225601,0.09099999815225601,0.09099999815225601,0.09099999815225601,0.09099999815225601,20000
2024-10-25,0.09099999815225601,0.09099999815225601,0.09099999815225601,0.09099999815225601,0.09099999815225601,0
2024-10-28,0.09099999815225601,0.09099999815225601,0.09099999815225601,0.09099999815225601,0.09099999815225601,0
2024-10-29,0.09099999815225601,0.09099999815225601,0.09099999815225601,0.09099999815225601,0.09099999815225601,0
2024-10-30,0.09300000220537186,0.09300000220537186,0.09300000220537186,0.09300000220537186,0.09300000220537186,0
2024-10-31,0.09300000220537186,0.09300000220537186,0.09300000220537186,0.09300000220537186,0.09300000220537186,0
2024-11-01,0.09300000220537186,0.09300000220537186,0.09300000220537186,0.09300000220537186,0.09300000220537186,0
2024-11-04,0.09099999815225601,0.09099999815225601,0.09200000017881393,0.09099999815225601,0.09200000017881393,100000
2024-11-05,0.09200000017881393,0.09200000017881393,0.09200000017881393,0.09200000017881393,0.09200000017881393,0
2024-11-06,0.09200000017881393,0.09200000017881393,0.09200000017881393,0.09200000017881393,0.09200000017881393,0
2024-11-07,0.08799999952316284,0.08799999952316284,0.09000000357627869,0.08799999952316284,0.09000000357627869,100000
2024-11-08,0.08900000154972076,0.08900000154972076,0.08900000154972076,0.08799999952316284,0.08799999952316284,30000
2024-11-11,0.08900000154972076,0.08900000154972076,0.08900000154972076,0.08900000154972076,0.08900000154972076,0
2024-11-12,0.08900000154972076,0.08900000154972076,0.08900000154972076,0.08900000154972076,0.08900000154972076,0
2024-11-13,0.08900000154972076,0.08900000154972076,0.08900000154972076,0.08900000154972076,0.08900000154972076,0
2024-11-14,0.08900000154972076,0.08900000154972076,0.08900000154972076,0.08900000154972076,0.08900000154972076,0
2024-11-15,0.09200000017881393,0.09200000017881393,0.09200000017881393,0.09099999815225601,0.09099999815225601,150000
2024-11-18,0.09300000220537186,0.09300000220537186,0.09399999678134918,0.09300000220537186,0.09399999678134918,80000
2024-11-19,0.09300000220537186,0.09300000220537186,0.09300000220537186,0.09300000220537186,0.09300000220537186,0
2024-11-20,0.09300000220537186,0.09300000220537186,0.09300000220537186,0.09300000220537186,0.09300000220537186,0
2024-11-21,0.09300000220537186,0.09300000220537186,0.09300000220537186,0.09300000220537186,0.09300000220537186,0
2024-11-22,0.09300000220537186,0.09300000220537186,0.09300000220537186,0.09300000220537186,0.09300000220537186,0
2024-11-25,0.09300000220537186,0.09300000220537186,0.09300000220537186,0.09300000220537186,0.09300000220537186,0
2024-11-26,0.09300000220537186,0.09300000220537186,0.09300000220537186,0.09300000220537186,0.09300000220537186,0
2024-11-27,0.08900000154972076,0.08900000154972076,0.08900000154972076,0.08900000154972076,0.08900000154972076,0
2024-11-28,0.08900000154972076,0.08900000154972076,0.08900000154972076,0.08900000154972076,0.08900000154972076,0
2024-11-29,0.08900000154972076,0.08900000154972076,0.08900000154972076,0.08900000154972076,0.08900000154972076,0
2024-12-02,0.09700000286102295,0.09700000286102295,0.09700000286102295,0.09600000083446503,0.08900000154972076,40000
2024-12-03,0.09600000083446503,0.09600000083446503,0.09600000083446503,0.09600000083446503,0.09600000083446503,0
2024-12-04,0.09600000083446503,0.09600000083446503,0.09600000083446503,0.09600000083446503,0.09600000083446503,0
2024-12-05,0.09600000083446503,0.09600000083446503,0.09600000083446503,0.09600000083446503,0.09600000083446503,0
2024-12-06,0.09600000083446503,0.09600000083446503,0.09600000083446503,0.09600000083446503,0.09600000083446503,0
2024-12-09,0.09600000083446503,0.09600000083446503,0.09600000083446503,0.09600000083446503,0.09600000083446503,0
2024-12-10,0.09600000083446503,0.09600000083446503,0.09600000083446503,0.09600000083446503,0.09600000083446503,20000
2024-12-11,0.09600000083446503,0.09600000083446503,0.09600000083446503,0.09600000083446503,0.09600000083446503,0
2024-12-12,0.08900000154972076,0.08900000154972076,0.08900000154972076,0.08799999952316284,0.08900000154972076,70000
2024-12-13,0.08900000154972076,0.08900000154972076,0.08900000154972076,0.08900000154972076,0.08900000154972076,0
