Date,Close,High,Low,Open,Volume
1985-01-02,0.43976032733917236,0.4492324056660058,0.43976032733917236,0.4492324056660058,7531284
1985-01-03,0.434347927570343,0.44246648972341696,0.4316417248546078,0.43976028700768177,7620390
1985-01-04,0.434347927570343,0.4370541302860782,0.43299482621247537,0.43299482621247537,4954323
1985-01-07,0.43976032733917236,0.4411134288211362,0.432994865923489,0.4357010688874167,9049659
1985-01-08,0.43705394864082336,0.43976010423771383,0.4357008478453219,0.43840700344221234,4070386
1985-01-09,0.4362362325191498,0.4403259246090252,0.4348730018225247,0.43896269391240006,10175966
1985-01-10,0.45395827293395996,0.4553214564422935,0.4362359605573132,0.4362359605573132,9331236
1985-01-11,0.44986873865127563,0.45532161358173884,0.44714227801682827,0.45259519928572295,5442627
1985-01-14,0.46350088715553284,0.4662273474253287,0.44850544834850653,0.44850544834850653,6743582
1985-01-15,0.46622759103775024,0.47031728357938296,0.4621379448345671,0.46622759103775024,10193787
1985-01-16,0.4784965515136719,0.4784965515136719,0.46622752204286116,0.4675907526883338,14349716
1985-01-17,0.482586145401001,0.4853129771072989,0.4771332697418463,0.4798597307406425,12043639
1985-01-18,0.4784965515136719,0.48258619711164696,0.47577009022272665,0.48122296646617435,7884146
1985-01-21,0.4894028902053833,0.4948557683335818,0.47713348578619363,0.47849671690285794,13112917
1985-01-22,0.4853129982948303,0.4989452575455233,0.4825861664694858,0.49349238164831,22030699
1985-01-23,0.488039493560791,0.48940272421508957,0.48394984793633833,0.4853130322521939,10418336
1985-01-24,0.4894028902053833,0.4962189994502461,0.488039659088719,0.4907661213220476,14695449
1985-01-25,0.4934925436973572,0.49621895937202204,0.48940285067767736,0.4907660816842373,10667834
1985-01-28,0.49894505739212036,0.5016715174162187,0.49212895367029547,0.4934921836823447,11348608
1985-01-29,0.5057615637779236,0.5071247948753144,0.4934925765783226,0.49485576133725534,8001766
1985-01-30,0.5098508596420288,0.5139405034078712,0.508487629607274,0.5125772733731164,16374216
1985-01-31,0.5153036713600159,0.5166669012305318,0.5098507982163684,0.5112140280868843,8625512
1985-02-01,0.5084877610206604,0.5125774058434291,0.5071245306335929,0.5125774058434291,14171503
1985-02-04,0.513940691947937,0.5153039224827953,0.5043981245423674,0.5071245856120842,5895288
1985-02-05,0.5180304646492004,0.5221205276015786,0.5139407724043917,0.5166672339009308,12485607
1985-02-06,0.5193939208984375,0.5262100263957652,0.5180303198238195,0.5207571512655896,29989694
1985-02-07,0.5166670083999634,0.5207570695672212,0.5125773179401132,0.5193938394139378,8450863
1985-02-08,0.5166670083999634,0.5166670083999634,0.5112141341252557,0.5166670083999634,13262616
1985-02-11,0.5084877610206604,0.5180303273916993,0.5071245306335929,0.5180303273916993,9174408
1985-02-12,0.5030350089073181,0.5071247014460327,0.5016718243995294,0.5057614705997945,6936052
1985-02-13,0.5193939208984375,0.5221203816327419,0.5030348321235788,0.5030348321235788,11145445
1985-02-14,0.530299961566925,0.5316631925615021,0.5248470375886168,0.5262102685831939,17725071
1985-02-15,0.530299961566925,0.530299961566925,0.5248470375886168,0.528936730572348,7146344
1985-02-19,0.5275732278823853,0.5289364581749112,0.5262099975898593,0.5289364581749112,6230329
1985-02-20,0.5289363861083984,0.5343892601971283,0.5262099258948213,0.5289363861083984,13832898
1985-02-21,0.5248468518257141,0.5248468518257141,0.5180303748962528,0.5248468518257141,4170186
1985-02-22,0.5193939208984375,0.5439319284918769,0.5193939208984375,0.5221203816327419,8187108
1985-02-25,0.5180304646492004,0.5180304646492004,0.5098511264980293,0.5166672339009308,5998652
1985-02-26,0.5207569599151611,0.5262098330416963,0.5153036697428801,0.5166668996091179,5620840
1985-02-27,0.5193939208984375,0.5262100263957652,0.5180303198238195,0.5180303198238195,6529727
1985-02-28,0.5221198797225952,0.523483108779285,0.5180298218454166,0.5180298218454166,7157037
1985-03-01,0.5289363861083984,0.5330260300903398,0.5207570518060914,0.52212028191288,8033845
1985-03-04,0.5384789705276489,0.5412054308425427,0.5343892800553083,0.5398422006850958,21353489
1985-03-05,0.5439319610595703,0.5466584219571203,0.5384790856029062,0.5384790856029062,12367986
1985-03-06,0.5330259799957275,0.5452950034653383,0.5289363363981372,0.5425685435079981,10347050
1985-03-07,0.530299961566925,0.5343896082122016,0.528936730572348,0.5343896082122016,8821547
1985-03-08,0.5316628813743591,0.5371157558225955,0.5302996511776932,0.5357525256259296,7641776
1985-03-11,0.530299961566925,0.5316631925615021,0.5275734995777709,0.5316631925615021,9106687
1985-03-12,0.541205644607544,0.541205644607544,0.5302998453788305,0.5330262604321755,8878575
1985-03-13,0.5384789705276489,0.5452950749764574,0.5384789705276489,0.5425686146615636,5111151
1985-03-14,0.541205644607544,0.5439320596608891,0.5384791832157545,0.5398424139116492,4437505
1985-03-15,0.5371158123016357,0.5452951480032812,0.5343893516216098,0.5398422729816617,7916224
1985-03-18,0.5398421883583069,0.5452950625251571,0.5343892678530316,0.5343892678530316,6565369
1985-03-19,0.5589277744293213,0.5616542351027954,0.542568686019451,0.5439319163561881,12849162
1985-03-20,0.5671072602272034,0.5711969523199748,0.5602911530776953,0.5616543837752858,11566028
1985-03-21,0.5575644969940186,0.5698335226498314,0.5575644969940186,0.5671070622066667,12189773
1985-03-22,0.5534746646881104,0.5643808353434981,0.549385018669212,0.5602911893245998,5831131
1985-03-25,0.5521109700202942,0.5534741996606946,0.549384557077902,0.5534741996606946,2302513
1985-03-26,0.5630170702934265,0.5643802533349994,0.5534740939264216,0.5548376940135914,4694132
1985-03-27,0.5739231109619141,0.5766495711389794,0.5684702369462072,0.5684702369462072,13544193
1985-03-28,0.569833517074585,0.5752863915691352,0.569833517074585,0.5739231613608907,8989067
1985-03-29,0.5780131220817566,0.5793763529270167,0.5711970141939055,0.5711970141939055,4975709
1985-04-01,0.587555468082428,0.5889186984089492,0.5766496718086903,0.5793761324617327,7559798
1985-04-02,0.5780131220817566,0.587555691660128,0.5739234295459763,0.5848292299696077,5453320
1985-04-03,0.5671072602272034,0.5793762901670734,0.5616543837752858,0.5766498287718923,8365321
1985-04-04,0.5684704184532166,0.5684704184532166,0.5630175426964601,0.5657439574056191,5513912
1985-04-08,0.5725600719451904,0.5780129941190423,0.5671071961097778,0.5698336571967038,7153472
1985-04-09,0.5722856521606445,0.5750304115853486,0.5695408927359404,0.5709132724482925,7028723
1985-04-10,0.5695412158966064,0.5736583573697502,0.5695412158966064,0.5709135963876544,5203821
1985-04-11,0.557189404964447,0.5709135349441179,0.557189404964447,0.5709135349441179,9381136
1985-04-12,0.5585618615150452,0.5585618615150452,0.5544443961280742,0.5571891087059453,5927366
1985-04-15,0.557189404964447,0.5585621585034423,0.555817024621099,0.5585621585034423,7438613
1985-04-16,0.5626789927482605,0.5654237519384521,0.5558167215773379,0.5585618539629732,8889267
1985-04-17,0.5654242634773254,0.566796644314013,0.559934740130575,0.5654242634773254,5335699
1985-04-18,0.559934675693512,0.5654241984085303,0.559934675693512,0.5654241984085303,3635546
1985-04-19,0.5654242634773254,0.566796644314013,0.559934740130575,0.5613071209672627,2922694
1985-04-22,0.5558165311813354,0.5667959373765291,0.5558165311813354,0.5667959373765291,4405427
1985-04-23,0.5613065958023071,0.5626789753549806,0.5503272328349168,0.5571890839488547,10707041
1985-04-24,0.559934675693512,0.5654241984085303,0.5585622950147574,0.5626794370510212,2869230
1985-04-25,0.5626789927482605,0.5626789927482605,0.5585618539629732,0.5599342335580689,2719531
1985-04-26,0.557189404964447,0.5626792995334862,0.555817024621099,0.5613069191901382,2787252
1985-04-29,0.5475824475288391,0.5613065689449044,0.5434653557172426,0.5585618099708889,2915566
1985-04-30,0.559934675693512,0.559934675693512,0.5448382083304079,0.5462105423596951,9484499
1985-05-01,0.5489547848701477,0.5599341464692631,0.5489547848701477,0.558561767087619,3849402
1985-05-02,0.557189404964447,0.557189404964447,0.5503275498971631,0.5516999302405111,3108036
1985-05-03,0.5626789927482605,0.5681684644792131,0.5585618539629732,0.5585618539629732,3696139
1985-05-06,0.5640515089035034,0.5681686020361324,0.5626791289761465,0.5640515089035034,3058136
1985-05-07,0.5709134936332703,0.5709134936332703,0.5640516390625048,0.5654240193065484,5513912
1985-05-08,0.5681687593460083,0.5709135199606687,0.5654240453808025,0.5667964256881327,4619283
1985-05-09,0.5750302672386169,0.5750302672386169,0.5667960376809332,0.5681683703993616,3460898
1985-05-10,0.5832645297050476,0.5846369091503306,0.5764026324786327,0.5791473913691986,7656033
1985-05-13,0.5832645297050476,0.5860092419461882,0.5818921502597646,0.5832645297050476,3678318
1985-05-14,0.5750302672386169,0.5846368761641518,0.5722855085029148,0.5846368761641518,6875460
1985-05-15,0.5722856521606445,0.5791475040729702,0.5722856521606445,0.5736580318729966,6216072
1985-05-16,0.5750302672386169,0.5777749793248964,0.5709131291350638,0.5709131291350638,7246143
1985-05-17,0.5873817205429077,0.5901264798967957,0.5736580170723347,0.5764027297767893,4818881
1985-05-20,0.5942440629005432,0.5969888225813458,0.5914989300242302,0.5942440629005432,5542426
1985-05-21,0.5901265740394592,0.5942440869226224,0.5901265740394592,0.5942440869226224,3781681
1985-05-22,0.5887542963027954,0.5914990565708179,0.5832648224161991,0.5914990565708179,4294935
1985-05-23,0.5901265740394592,0.5956164668185016,0.5887541941435801,0.5914989539353385,4170186
1985-05-24,0.5942440629005432,0.5942440629005432,0.5901265501838289,0.5928713098646314,3664061
1985-05-28,0.5914989113807678,0.5969888037648475,0.584637059044479,0.5956164239677022,3090214
1985-05-29,0.5832645297050476,0.5914987597273201,0.5764026324786327,0.5901263802820371,2751610
1985-05-30,0.5887542963027954,0.5901266764368066,0.5818924422821878,0.5818924422821878,3093779
1985-05-31,0.5942440629005432,0.5969888225813458,0.5873817905030263,0.5873817905030263,7741575
1985-06-03,0.6011060476303101,0.6011060476303101,0.5983612873459622,0.5983612873459622,6921795
1985-06-04,0.614829421043396,0.6162017536849064,0.5997332954925801,0.6011056747835106,15975019
1985-06-05,0.6216913461685181,0.6285531968050858,0.6203189667113194,0.6230637256257168,8269086
1985-06-06,0.6244362592697144,0.6258085924163459,0.6189467400854387,0.6216914996775765,5186000
1985-06-07,0.6203190088272095,0.6271808599296551,0.6189466292768345,0.6244361474783342,4362656
1985-06-10,0.6189464330673218,0.6230635704132909,0.6189464330673218,0.6216911912979678,2844280
1985-06-11,0.6189464330673218,0.6244359495286138,0.6162016748366758,0.6203188121826448,4298499
1985-06-12,0.6052228212356567,0.6203189003510474,0.6038504419252719,0.6175741417302779,8340371
1985-06-13,0.5956165194511414,0.607967846306618,0.5942441394339895,0.6065955129389111,8910653
1985-06-14,0.6052228212356567,0.6065952005460414,0.596988592022769,0.5983609246837329,14520800
1985-06-17,0.614829421043396,0.614829421043396,0.6052228126563023,0.6093399038796738,3432384
1985-06-18,0.6189464330673218,0.6230635704132909,0.613456963255444,0.613456963255444,7966124
1985-06-19,0.6244362592697144,0.6258085924163459,0.6189467400854387,0.6189467400854387,8457992
1985-06-20,0.6175742745399475,0.6258085055236109,0.6134571823728312,0.6230637929620103,13447958
1985-06-21,0.6271806359291077,0.6271806359291077,0.6175740291569574,0.6230635453978502,10999310
1985-06-24,0.6340433359146118,0.6367880959029653,0.6216915894209131,0.6230639694150898,5396291
1985-06-25,0.6354157328605652,0.6409052063342775,0.6340433528297758,0.6367881128913546,5941623
1985-06-26,0.6340433359146118,0.6367880959029653,0.6326709559204351,0.6326709559204351,7242579
1985-06-27,0.6258083581924438,0.6354153863647621,0.6175741291473269,0.6326706277999166,7299607
1985-06-28,0.6299257874488831,0.6312985405617122,0.6203191746772404,0.6258086476969899,9744690
1985-07-01,0.6367877125740051,0.6381600450926308,0.6230635943476772,0.6244359735157189,4066822
1985-07-02,0.6299257874488831,0.6367880602309032,0.6299257874488831,0.6354156803136054,4947195
1985-07-03,0.6258083581924438,0.6299254960397123,0.6258083581924438,0.6271807374748666,2552011
1985-07-05,0.6340433359146118,0.6367880959029653,0.6258086827539991,0.6312985759262584,9673405
1985-07-08,0.6258083581924438,0.6354153863647621,0.6258083581924438,0.6354153863647621,4993530
1985-07-09,0.6227704286575317,0.6282938606333479,0.6213895706635777,0.6227704286575317,1864109
1985-07-10,0.6517689824104309,0.6517689824104309,0.6241515750808267,0.6241515750808267,12842033
1985-07-11,0.6517689824104309,0.6628158045293321,0.6503881707160092,0.6517689824104309,9245694
1985-07-12,0.6545308232307434,0.6572925410162115,0.6531499643380093,0.6559116821234775,2605475
1985-07-15,0.644865095615387,0.6572927832931613,0.644865095615387,0.6545310644897286,3970587
1985-07-16,0.655911922454834,0.660054453713237,0.6407225629445683,0.6421033754055874,6069937
1985-07-17,0.655911922454834,0.660054453713237,0.6490076723990471,0.658673641252218,6401413
1985-07-18,0.6545308232307434,0.6559116821234775,0.6490074345974629,0.6531499643380093,5353520
1985-07-19,0.6586732268333435,0.6614348969554884,0.6545306512436609,0.6545306512436609,7206936
1985-07-22,0.6586732268333435,0.6600540384255943,0.6572923683034493,0.6600540384255943,2576961
1985-07-23,0.6586732268333435,0.6600540384255943,0.6572923683034493,0.6572923683034493,4765417
1985-07-24,0.6351988315582275,0.6572924778432202,0.6351988315582275,0.6559116190832018,11640877
1985-07-25,0.6255325675010681,0.637960626411311,0.6255325675010681,0.6365797674839061,6611705
1985-07-26,0.6117240786552429,0.6282943402953879,0.6075815484484525,0.6282943402953879,13041632
1985-07-29,0.5910106897354126,0.6158664249096008,0.5910106897354126,0.6117238493182128,12870547
1985-07-30,0.5992964506149292,0.6006773096850098,0.5923917797632324,0.5937726388333131,5118279
1985-07-31,0.613105058670044,0.6158667773112366,0.6048199496841361,0.6048199496841361,14043189
1985-08-01,0.6269139051437378,0.6296755781697212,0.6200096052345475,0.6241521851800617,5392727
1985-08-02,0.6186281442642212,0.628294107075655,0.6158664271930562,0.6269132485400726,7025159
1985-08-05,0.613105058670044,0.6186284959524293,0.6103433869665215,0.6158667773112366,2876359
1985-08-06,0.5979156494140625,0.6144858659834531,0.5965344147090055,0.6131050067797262,5642226
1985-08-07,0.6034390330314636,0.6048198922208661,0.5951535493313886,0.5965344085207911,3917123
1985-08-08,0.6103430986404419,0.6103430986404419,0.6034388052990484,0.6089622399721633,8229879
1985-08-09,0.6117240786552429,0.6213900450546355,0.6075815484484525,0.6213900450546355,6134094
1985-08-12,0.6117240786552429,0.6131049377033935,0.6034389713040009,0.6089624074966029,6950309
1985-08-13,0.613105058670044,0.6158667773112366,0.6089625276459251,0.613105058670044,5731332
1985-08-14,0.6186281442642212,0.6213898143977427,0.6117238515863087,0.6117238515863087,3799502
1985-08-15,0.613105058670044,0.6241518862971445,0.6103433869665215,0.6227710269765481,3763860
1985-08-16,0.6075815558433533,0.6131049451655197,0.6062006967783963,0.6131049451655197,9794590
1985-08-19,0.6117240786552429,0.6131049377033935,0.6089624074966029,0.6089624074966029,2958337
1985-08-20,0.613105058670044,0.6144859179906402,0.6062008090047324,0.6117241993494476,4487405
1985-08-21,0.6296747326850891,0.6296747326850891,0.6089620015822504,0.6144853871554815,7499206
1985-08-22,0.6255325675010681,0.6365797674839061,0.6241517085736631,0.6324368152004362,3667625
1985-08-23,0.6310557723045349,0.6324366308293852,0.6241515266179266,0.6255323851427769,5022044
1985-08-26,0.6338174939155579,0.6407221620906448,0.6282941067140504,0.6296749183111946,3026058
1985-08-27,0.6365800499916077,0.6379609095318239,0.6338179554097535,0.6338179554097535,7303171
1985-08-28,0.6462454795837402,0.6490071963554183,0.6365795178205055,0.6379603762063446,7534848
1985-08-29,0.6462454795837402,0.6462454795837402,0.6434837628120622,0.6434837628120622,5831131
1985-08-30,0.6393415331840515,0.6490074994615853,0.6379606741533095,0.6462457814001012,4875909
1985-09-03,0.6365800499916077,0.6393417690720403,0.6282945641865659,0.6393417690720403,4576511
1985-09-04,0.6282942295074463,0.6351988520943245,0.6241516530934608,0.633817617788441,4569383
1985-09-05,0.6241519451141357,0.6324370548807913,0.622771085663414,0.6324370548807913,1921137
1985-09-06,0.6241519451141357,0.6282945234663009,0.6200093667619706,0.6241519451141357,6825560
1985-09-09,0.6338174939155579,0.6379604450210693,0.6241515311096871,0.6269132481792626,2733788
1985-09-10,0.6213899254798889,0.6324367488016795,0.6200090666974586,0.6324367488016795,4188007
1985-09-11,0.6186281442642212,0.6213898143977427,0.6158664271930562,0.6200089558621601,4262856
1985-09-12,0.6158666610717773,0.6186283791917199,0.6117240838918636,0.6186283791917199,5303621
1985-09-13,0.6075815558433533,0.6158666632954337,0.5979155893263158,0.6158666632954337,7345942
1985-09-16,0.6062007546424866,0.6062007546424866,0.5992965055963272,0.6034390362489565,3079522
1985-09-17,0.5992964506149292,0.6062006990276704,0.5937726388333131,0.6062006990276704,5873902
1985-09-18,0.6062007546424866,0.6075816138392517,0.5965344117014688,0.5965344117014688,3086650
1985-09-19,0.6172471642494202,0.6172471642494202,0.6020577702850515,0.6020577702850515,6918231
1985-09-20,0.6144860982894897,0.6241520694321255,0.6144860982894897,0.6186286774667696,5930931
1985-09-23,0.6324373483657837,0.6351994440503855,0.6241522347543892,0.6241522347543892,5848953
1985-09-24,0.6213899254798889,0.6324367488016795,0.6186282548526802,0.6310558900192492,2377362
1985-09-25,0.6241519451141357,0.6241519451141357,0.6186285542489236,0.6186285542489236,3378920
1985-09-26,0.6213899254798889,0.6255325018271799,0.6172473960702499,0.6213899254798889,1867673
1985-09-30,0.6269139051437378,0.6282947651255758,0.6227713251982236,0.6269139051437378,3311199
1985-10-01,0.6351988315582275,0.6407222665983013,0.6241516329145218,0.6241516329145218,2712403
1985-10-02,0.6269139051437378,0.6407228335259673,0.6241521851800617,0.6393419735441292,6173300
1985-10-03,0.6227704286575317,0.6255321446454398,0.6172470436193407,0.6241512866514858,5118279
1985-10-04,0.60896235704422,0.6241517114401192,0.6075814981104732,0.6241517114401192,5898852
1985-10-07,0.6020581126213074,0.6075815488172622,0.5951534888127369,0.6075815488172622,5777667
1985-10-08,0.5962209105491638,0.6045599968820613,0.5934413410810238,0.5962209105491638,4366220
1985-10-09,0.5989999771118164,0.6031697057417033,0.5851021886804133,0.5948306264100894,8782340
1985-10-10,0.6059499382972717,0.6073397234990504,0.6017806299330111,0.6059499382972717,5128972
1985-10-11,0.6170679926872253,0.6170679926872253,0.6045600240016274,0.6073395463533926,6365771
1985-10-14,0.6240167021751404,0.6240167021751404,0.6156780428727039,0.6156780428727039,3514362
1985-10-15,0.622626781463623,0.6267960862653511,0.6198472134351142,0.622626781463623,4761853
1985-10-16,0.6254066824913025,0.6267964673505304,0.6226271600139105,0.6226271600139105,4066822
1985-10-17,0.6309654116630554,0.6323551956186206,0.6226267551706974,0.6267960597963599,9306286
1985-10-18,0.6379143595695496,0.6448636580967021,0.6267961338524408,0.6295757020919777,6568933
1985-10-21,0.6337451934814453,0.6365247625379568,0.6309656716659866,0.635134978009701,4269985
1985-10-22,0.6393045783042908,0.64208414679029,0.6337450634039488,0.6365246318899479,3371791
1985-10-23,0.6379143595695496,0.6420840898571651,0.6365245754497811,0.6406943057373967,2470033
1985-10-24,0.6309654116630554,0.6420840139948094,0.6309654116630554,0.6406942300392442,2986851
1985-10-25,0.6267959475517273,0.6323550823784758,0.624016380138353,0.6281857312584145,1571839
1985-10-28,0.6281858086585999,0.6295755925365254,0.6226267203879283,0.6226267203879283,3054572
1985-10-29,0.6365250945091248,0.6393050429439024,0.6281864302317242,0.6281864302317242,2687453
1985-10-30,0.6490333080291748,0.6490333080291748,0.6365249136186086,0.6393048612633683,11537514
1985-10-31,0.6476432681083679,0.6490330524191507,0.6420841781062823,0.6462534837975852,5538862
1985-11-01,0.6573715806007385,0.660151148670755,0.644863618767736,0.644863618767736,11754934
1985-11-04,0.6476432681083679,0.6559819267320189,0.6476432681083679,0.6545921896622815,4519483
1985-11-05,0.6532025337219238,0.6545923183058335,0.647643395386285,0.647643395386285,6123401
1985-11-06,0.6629310250282288,0.6629310250282288,0.6532025795001197,0.6545923641814293,12321651
1985-11-07,0.6657102704048157,0.6712694068190439,0.6629307494387398,0.6657102704048157,6162608
1985-11-08,0.6629310250282288,0.66571054714979,0.6629310250282288,0.66571054714979,3642675
1985-11-11,0.6768292188644409,0.6768292188644409,0.661541302487645,0.6643208248702958,4947195
1985-11-12,0.6809983849525452,0.6851677382349739,0.6726593477003431,0.6726593477003431,10828226
1985-11-13,0.6809983849525452,0.6893370442763533,0.6754392944836894,0.6823881693800214,6850510
1985-11-14,0.6837781071662903,0.686557629403589,0.6726594985654373,0.6809985376879317,6365771
1985-11-15,0.6893370151519775,0.6893370151519775,0.6796085718117182,0.6823881405492344,4480276
1985-11-18,0.6865575909614563,0.6893371602841796,0.6823882842184286,0.6893371602841796,5022044
1985-11-19,0.6921166181564331,0.6921166181564331,0.6851677432096487,0.6865574804061658,5581633
1985-11-20,0.6990662217140198,0.7004560076001088,0.6921173395246731,0.6921173395246731,4498098
1985-11-21,0.6976755857467651,0.7046244594692731,0.6893369278315473,0.7004551541321848,7545541
1985-11-22,0.6907270550727844,0.6962861473634971,0.6879474853068958,0.6962861473634971,3168628
1985-11-25,0.6837781071662903,0.6879474141427683,0.6809985376879317,0.6879474141427683,1621739
1985-11-26,0.6921166181564331,0.6948961870315666,0.6809983898969483,0.6921166181564331,4708389
1985-11-27,0.6990662217140198,0.7004560076001088,0.690727553638584,0.690727553638584,4401863
1985-11-29,0.6921166181564331,0.6990654931032175,0.6865574804061658,0.6990654931032175,2651810
1985-12-02,0.6809983849525452,0.6948961819862584,0.6782188160975927,0.6935063975587821,2206278
1985-12-03,0.6823880672454834,0.6837778514649475,0.6768289303676268,0.6837778514649475,1903315
1985-12-04,0.69489586353302,0.700454951454286,0.6782185052871667,0.6796082890777401,5991523
1985-12-05,0.6865575909614563,0.7004553903340156,0.6865575909614563,0.699065605672654,5824003
1985-12-06,0.6809983849525452,0.6865574754214009,0.6740490848867701,0.6782188160975927,4540869
1985-12-09,0.6851673126220703,0.6879468325093886,0.6796081783653938,0.6809979619295629,7160601
1985-12-10,0.7046245336532593,0.7060143179922879,0.6921165690840949,0.694896137762152,8108694
1985-12-11,0.7185227870941162,0.721302356079186,0.7032348742299238,0.7046246114814072,9477371
1985-12-12,0.7338101267814636,0.7379794316402591,0.7143532447976559,0.7199123336897285,11312965
1985-12-13,0.7518779635429382,0.7727246395659073,0.7352002164514598,0.7352002164514598,16659357
1985-12-16,0.7796736359596252,0.8005207403642686,0.7588269567245739,0.7588269567245739,16844699
1985-12-17,0.7755037546157837,0.783842836368588,0.7713344499445501,0.7782833225572952,8739569
1985-12-18,0.736589789390564,0.7782835073784977,0.7338102680300252,0.776893723077706,8572048
1985-12-19,0.73936927318573,0.744928362510219,0.7310306155784767,0.7310306155784767,17472009
1985-12-20,0.7407589554786682,0.7435385233792641,0.7351998196774765,0.7393691715283702,15868091
1985-12-23,0.7310306429862976,0.7421488692931599,0.7310306429862976,0.7421488692931599,7274657
1985-12-24,0.7240816354751587,0.728250940044241,0.7240816354751587,0.728250940044241,5585197
1985-12-26,0.7254717946052551,0.7282513166751222,0.7240820099497931,0.7240820099497931,3211399
1985-12-27,0.7282511591911316,0.7310307279009752,0.724081853367413,0.724081853367413,5410549
1985-12-30,0.7407589554786682,0.7435385233792641,0.7282509471670199,0.7282509471670199,6369335
1985-12-31,0.7602167129516602,0.7643860675377627,0.7477087436754803,0.7477087436754803,4644232
1986-01-02,0.756047248840332,0.7602165553208655,0.7421490724143269,0.7574369861731404,6451313
1986-01-03,0.7602167129516602,0.7602167129516602,0.751878051020519,0.7532678358825531,3592775
1986-01-06,0.7602167129516602,0.7616064978136943,0.7532678358825531,0.7588269280896259,3428819
1986-01-07,0.7838433384895325,0.7935717380346552,0.758826927544504,0.758826927544504,9648455
1986-01-08,0.7449286580085754,0.7880125976154755,0.7435389205569517,0.7810632962235994,8757390
1986-01-09,0.7348695993423462,0.748840329845075,0.7292813166390796,0.7348695993423462,8928474
1986-01-10,0.746046245098114,0.748840362828254,0.7362667143198082,0.7362667143198082,5513912
1986-01-13,0.7544293999671936,0.7600177328263593,0.7432524018248332,0.7446494850396247,5243028
1986-01-14,0.7614147067070007,0.7614147067070007,0.7502377094724787,0.7544293386895686,4665618
1986-01-15,0.7656058669090271,0.7725912341134956,0.7600175826432798,0.7614146180928634,7107137
1986-01-16,0.7600175142288208,0.7628116323656077,0.7488404718120736,0.7600175142288208,6091322
1986-01-17,0.7404580116271973,0.7628116212434317,0.7292814442647431,0.7628116212434317,14139424
1986-01-20,0.7446491122245789,0.7460461947399089,0.7376637471370523,0.741854947193919,6611705
1986-01-21,0.7446491122245789,0.7530319397404209,0.743252029709249,0.7460461947399089,5734896
1986-01-22,0.7348695993423462,0.7544290399504604,0.7348695993423462,0.744649129689906,6611705
1986-01-23,0.7250902056694031,0.7334726550489004,0.7153106734784673,0.7334726550489004,16067690
1986-01-24,0.7236936688423157,0.7306790406804272,0.7208995011114034,0.7250907527077718,4701261
1986-01-27,0.7125164866447449,0.7250905707017955,0.7083252361004281,0.7236934871870232,10197351
1986-01-28,0.7404580116271973,0.7404580116271973,0.7125161183297357,0.7139132011223256,14567136
1986-01-29,0.7600175142288208,0.765605797991528,0.7181048398834848,0.7404580224234464,10742683
1986-01-30,0.7544293999671936,0.7600177328263593,0.7516352810267577,0.7600177328263593,7545541
1986-01-31,0.7684001922607422,0.7711943112289403,0.7516352884949637,0.7530323242344891,9623505
1986-02-03,0.7739881277084351,0.7739881277084351,0.7530319837324764,0.7697969274067189,8507892
1986-02-04,0.7711939811706543,0.7781793943243768,0.7628115328753144,0.7753852290628878,7470692
1986-02-05,0.7711939811706543,0.7739881464321433,0.7656056981368035,0.7739881464321433,6476263
1986-02-06,0.76700359582901,0.7753860530320237,0.7600182227413617,0.7739889689166585,8775211
1986-02-07,0.7656058669090271,0.7739883170522168,0.7530321679496736,0.7684000327864695,9213615
1986-02-10,0.7697972059249878,0.7725913246406892,0.7670030397201433,0.7697972059249878,5499655
1986-02-11,0.7614147067070007,0.7642088729096308,0.7558264217908837,0.7628117898083158,9954982
1986-02-12,0.7516352534294128,0.7600177049212411,0.7488406597001147,0.7586206217577455,6682990
1986-02-13,0.7446491122245789,0.7558261047710808,0.7390607821632591,0.7516349047142141,6750711
1986-02-14,0.7446491122245789,0.7446491122245789,0.7390607821632591,0.743252029709249,7506334
1986-02-18,0.7600175142288208,0.7600175142288208,0.7404580224234464,0.7460463536752867,12414322
1986-02-19,0.746046245098114,0.7600174036183306,0.746046245098114,0.7572232383990642,10774762
1986-02-20,0.7488407492637634,0.7488407492637634,0.737664177597337,0.7474437134223233,9128073
1986-02-21,0.7488407492637634,0.7572236291605168,0.7432524634305502,0.7488407492637634,12735105
1986-02-24,0.7446491122245789,0.7474432772552387,0.741854947193919,0.7460461947399089,5941623
1986-02-25,0.7404580116271973,0.7488404608936041,0.7404580116271973,0.7474434255901469,9598555
1986-02-26,0.7446491122245789,0.7488403122814455,0.7390607821632591,0.741854947193919,15130289
1986-02-27,0.7656058669090271,0.7684000327864695,0.7488405392204093,0.7488405392204093,18266839
1986-02-28,0.789356529712677,0.7921506954765292,0.7725912027056142,0.7767824513513925,16220953
1986-03-03,0.7921507358551025,0.7921507358551025,0.7865620241294375,0.7893565699488223,5314313
1986-03-04,0.8019304275512695,0.8089157962085927,0.7921508924353583,0.7935479281755049,11184652
1986-03-05,0.8159011006355286,0.8214894331127733,0.7991361981820818,0.7991361981820818,8971246
1986-03-06,0.8270776867866516,0.8312688863309047,0.8172976829733972,0.8186948128069715,6985952
1986-03-07,0.8298715949058533,0.8298715949058533,0.8172975238303263,0.8256803961777047,11537514
1986-03-10,0.8270776867866516,0.8312688863309047,0.8256805569530774,0.8270776867866516,10279329
1986-03-11,0.8382548093795776,0.8396518451662393,0.8228865609216175,0.8270782381513908,12585406
1986-03-12,0.8270776867866516,0.8592103432635717,0.8242831421847988,0.8382542505640714,10696348
1986-03-13,0.8466368317604065,0.8508281271844235,0.8270778646874334,0.8270778646874334,6722197
1986-03-14,0.8578135371208191,0.868990483791206,0.8452398401573916,0.8508281710251949,13162817
1986-03-17,0.8661967515945435,0.8689908231412995,0.8298723018339602,0.8550197055811419,8233443
1986-03-18,0.8969325423240662,0.8997270892262643,0.860608181511137,0.8661968954022817,8376014
1986-03-19,0.894137978553772,0.8969321443027836,0.8857555762850082,0.8941379785537721,6497648
1986-03-20,0.8969325423240662,0.9025212562152107,0.8941383753351198,0.8941383753351198,7606133
1986-03-21,0.8801670670509338,0.9025206734638753,0.8801670670509338,0.899726508279102,16178182
1986-03-24,0.9109035134315491,0.9109035134315491,0.8801674916164355,0.882961658149028,6846946
1986-03-25,0.9081088900566101,0.9136971247477562,0.9025205603872244,0.9109029599130634,6650911
1986-03-26,0.9360511898994446,0.9416395223242734,0.9109034090528553,0.9123005396482058,7452870
1986-03-27,0.9556101560592651,0.9639926537987169,0.9374482200912007,0.9416394214717884,12792134
1986-03-31,0.9639928936958313,0.9695811319345325,0.950022060653328,0.954213358055229,7078623
1986-04-01,0.9318597316741943,0.9639928848219039,0.9109035297924993,0.9611987182391247,9053224
1986-04-02,0.9276683330535889,0.931859629959417,0.9262712974038387,0.930462499331378,11042081
1986-04-03,0.9374480843544006,0.9486246514104275,0.9332564086893601,0.9332564086893601,8775211
1986-04-04,0.9248742461204529,0.9388453622081038,0.9164917474287791,0.9346541603514106,9947853
1986-04-07,0.9123002886772156,0.9220798202412037,0.888549549981445,0.9220798202412037,10329229
1986-04-08,0.9234766364097595,0.9262708011906848,0.9136971071656401,0.9150942370452217,7303171
1986-04-09,0.922579288482666,0.9492597490820309,0.9071328919332529,0.922579288482666,10086859
1986-04-10,0.9506633877754211,0.9548760042915819,0.9225787685286306,0.9380250609090776,7688111
1986-04-11,0.9492589831352234,0.9633010984150084,0.9450462721804488,0.9548757719690081,5417677
1986-04-14,0.9562801122665405,0.9576842857140753,0.9436421693845027,0.95206749646038,3881480
1986-04-15,0.9717265367507935,0.9745348837592793,0.9506632659422294,0.9520675349100324,6879024
1986-04-16,1.0082365274429321,1.0082365274429321,0.9773437542546335,0.9773437542546335,7762961
1986-04-17,1.0194697380065918,1.0264907909585304,0.9998103697018287,1.0054272502487736,10065474
1986-04-18,1.0236828327178955,1.0321080612564137,1.019470122985115,1.0250870056531414,5838260
1986-04-21,1.0180658102035522,1.0250868648423794,1.0082359327624597,1.0236826921000173,7752268
1986-04-22,0.9913857579231262,1.0250872529899475,0.9745347239990825,1.0236830797158973,7901967
1986-04-23,0.9871728420257568,0.987172842025757,0.9604924098008362,0.9829602276155018,7149908
1986-04-24,1.011044979095459,1.020874862422404,0.9815564746774083,0.9843649173072557,8008895
1986-04-25,1.0180658102035522,1.027895305790612,1.0068316645565893,1.0082359327624597,6183993
1986-04-28,1.011044979095459,1.0194705933756976,1.005428093835764,1.013853803579568,5325006
1986-04-29,0.9941946268081665,1.0068324780915137,0.9857692971556831,1.0040240348740193,5510348
1986-04-30,0.9689173698425293,0.9913851792109355,0.9675131019246637,0.9899809112930699,4875909
1986-05-01,0.9633010029792786,0.970322059923584,0.9478546204236828,0.9604925611088484,6950309
1986-05-02,0.9618970155715942,0.9717265162849525,0.960492746633367,0.9661096314591597,4779674
1986-05-05,0.9815567135810852,0.9815567135810852,0.956280437369702,0.956280437369702,5824003
1986-05-06,0.9759390354156494,0.9815563015387654,0.9689179778112715,0.9815563015387654,4765417
1986-05-07,0.9717265367507935,0.9773437080855653,0.9618970358304129,0.9759391527270822,4020487
1986-05-08,0.9703218936920166,0.9829602140661953,0.966109279339829,0.9717261621184279,6879024
1986-05-09,0.9661099314689636,0.9731309919497023,0.9604930448989377,0.9675141053796763,4191571
1986-05-12,0.9548758864402771,0.9661096563816575,0.9520675394184924,0.9647053874072047,5834696
1986-05-13,0.9604926109313965,0.9689179369797242,0.954875726899178,0.954875726899178,5945188
1986-05-14,0.9703218936920166,0.973130335081316,0.9618966649876415,0.9633008379505296,3282685
1986-05-15,0.9492589831352234,0.9773435955489895,0.9436420988378899,0.9703221560549009,9046095
1986-05-16,0.9534719586372375,0.9534719586372375,0.9394298380554457,0.9478550722190867,4056129
1986-05-19,0.9576844573020935,0.960492900163907,0.9520676670420396,0.9534718407411598,6401413
1986-05-20,0.9604926109313965,0.9647052262237881,0.954875726899178,0.954875726899178,6119837
1986-05-21,0.9618970155715942,0.9675138049338289,0.9562801307458014,0.9576843042204706,6486955
1986-05-22,1.0040234327316284,1.0096403157980074,0.9647050603399198,0.9647050603399198,7991074
1986-05-23,1.011044979095459,1.011044979095459,0.999811208576069,1.0040238247890576,5578069
1986-05-27,1.0264915227890015,1.030704233934378,1.0068321404682092,1.0082364093378526,3478719
1986-05-28,1.0321083068847656,1.04474624816373,1.026491422879994,1.0307041336153446,6255278
1986-05-29,1.0349167585372925,1.0447462579055267,1.0194703751119114,1.0292998744801458,6265971
1986-05-30,1.039129376411438,1.0489588758039172,1.0363209343759376,1.0405336451609608,7484949
1986-06-02,1.0335122346878052,1.0728306006781465,1.0194700293080494,1.0335122346878052,5811528
1986-06-03,1.0363209247589111,1.0391293667683494,1.016662021619932,1.030704136203579,4831356
1986-06-04,1.0278959274291992,1.0447464878457662,0.999811214571613,1.0419380451990774,3963458
1986-06-05,1.04755437374115,1.04755437374115,1.025086939972135,1.0335122634343337,4177314
1986-06-06,1.0531721115112305,1.0672142281327384,1.0419379599889451,1.0419379599889451,4674529
1986-06-09,1.039129376411438,1.0559804104786217,1.0222788196619803,1.0559804104786217,4514137
1986-06-10,1.04755437374115,1.050363196749277,1.0222784988180686,1.0419374914330173,5852517
1986-06-11,1.0615973472595215,1.064405789687013,1.0391295214489142,1.0391295214489142,6258843
1986-06-12,1.0924904346466064,1.0981072237002185,1.0672141679287062,1.0672141679287062,4170186
1986-06-13,1.1121487617492676,1.1233828103736776,1.0840640697739694,1.089681332744912,8654026
1986-06-16,1.1177656650543213,1.1233829286165147,1.1009151153933063,1.112148878809653,7941174
1986-06-17,1.1149579286575317,1.1374257541527424,1.1065326014933297,1.1233835422124054,5328571
1986-06-18,1.0981072187423706,1.1149578722177862,1.081256278876298,1.109340987725981,5120061
1986-06-19,1.0924904346466064,1.1037241082173834,1.0868735501294415,1.0952988769051888,4701261
1986-06-20,1.145850419998169,1.145850419998169,1.0896815045111548,1.0924899455123298,8434824
1986-06-23,1.1093415021896362,1.1290008934187699,1.1037246150929665,1.117766737371044,6305178
1986-06-24,1.1402335166931152,1.1627013306732863,1.1149573572277467,1.1233829664643886,7276439
1986-06-25,1.1655102968215942,1.1683187390358338,1.1430424727170232,1.1430424727170232,5554901
1986-06-26,1.1627016067504883,1.1795521609802877,1.1627016067504883,1.1655100483660432,5210950
1986-06-27,1.1907864809036255,1.1907864809036255,1.1655105900792757,1.1683190330001563,4692350
1986-06-30,1.2076371908187866,1.2357219009764138,1.1795524806611595,1.204828748442091,7361982
1986-07-01,1.2216789722442627,1.2216789722442627,1.210445301281402,1.2132537428879997,6451313
1986-07-02,1.2188712358474731,1.2301049124300354,1.216062792835938,1.216062792835938,6326564
1986-07-03,1.2188712358474731,1.2272964694185002,1.2048290207897974,1.224488026406965,5271542
1986-07-07,1.1486589908599854,1.2272957296371394,1.1402336669039421,1.2244872883184583,6756057
1986-07-08,1.100915551185608,1.1121493190487892,1.0840646130002072,1.100915551185608,10236558
1986-07-09,1.150782823562622,1.1620649441910602,1.1169362699284273,1.150782823562622,8917782
1986-07-10,1.142321228981018,1.1677061899219978,1.105654052524666,1.1677061899219978,7338814
1986-07-11,1.150782823562622,1.1592444140339506,1.1338597384944051,1.1366802686515147,4396516
1986-07-14,1.1056541204452515,1.1507827935301416,1.1056541204452515,1.1507827935301416,6374681
1986-07-15,1.0774487257003784,1.1112952815247417,1.0718076650211334,1.1056542208454967,11769191
1986-07-16,1.0859102010726929,1.102833670425627,1.0746281757940708,1.0746281757940708,8024934
1986-07-17,1.1169357299804688,1.119756258774081,1.0915510667123518,1.0915510667123518,4638886
1986-07-18,1.1395014524459839,1.1507834836715463,1.102834251747311,1.125398410072931,5130754
1986-07-21,1.1395014524459839,1.1423219842209982,1.125398410072931,1.133860388895955,8151465
1986-07-22,1.1366807222366333,1.1592448766231498,1.1366807222366333,1.1366807222366333,4371566
1986-07-23,1.1225770711898804,1.1451415967900873,1.1225770711898804,1.1395006331702817,5335699
1986-07-24,1.128218412399292,1.1338594713846144,1.122576969916299,1.128218412399292,3592775
1986-07-25,1.13386070728302,1.1366812398500374,1.1197577568243666,1.1253987260838791,5157486
1986-07-28,1.1169357299804688,1.1338591903653241,1.0943715955059643,1.1338591903653241,6690118
1986-07-29,1.0943726301193237,1.1112957230055946,1.0943726301193237,1.1112957230055946,3466244
1986-07-30,1.1112958192825317,1.1169368826914963,1.0887312780231952,1.0971932566346134,5152140
1986-07-31,1.13386070728302,1.1395017724170549,1.102834561422262,1.1056550939892795,6362206
1986-08-01,1.1620644330978394,1.1733468363874293,1.133859239806248,1.1366797687228467,8133644
1986-08-04,1.1733472347259521,1.1846292583480733,1.150782708109557,1.1564237678578329,7034070
1986-08-05,1.1620644330978394,1.1789878942206273,1.1592439041812403,1.1761673653040283,4385823
1986-08-06,1.1789886951446533,1.1846296609355385,1.156424160859871,1.167706571813957,4874127
1986-08-07,1.1677066087722778,1.1789887324600572,1.1620652593049894,1.1733476706161674,3375355
1986-08-08,1.1536033153533936,1.1677062532932287,1.1536033153533936,1.1620649055433079,2961901
1986-08-11,1.1648856401443481,1.1677065544328862,1.142321585567743,1.1479625512746634,4592551
1986-08-12,1.1733472347259521,1.1733472347259521,1.150782708109557,1.1705267048518142,4590768
1986-08-13,1.1846295595169067,1.2043736571531443,1.1592445924471741,1.1677064718441466,9295593
1986-08-14,1.1705266237258911,1.1987318246380163,1.1620647470666545,1.1818087424405108,8917782
1986-08-15,1.1592451333999634,1.1733480805603724,1.1536040695851995,1.1733480805603724,5754500
1986-08-18,1.1451412439346313,1.1564233594467068,1.1338592242969527,1.1536028305686878,6282010
1986-08-19,1.150782823562622,1.156423883876841,1.1366802686515147,1.1479622934055125,5834696
1986-08-20,1.1479628086090088,1.1592449343008433,1.1310397159457406,1.1395013102146163,6677643
1986-08-21,1.1310386657714844,1.153602800329774,1.1310386657714844,1.153602800329774,8944514
1986-08-22,1.1225770711898804,1.1366801034231657,1.1197566373171908,1.1282185141818175,7066148
1986-08-25,1.1028333902359009,1.1225770013631917,1.100012956538648,1.1225770013631917,4597897
1986-08-26,1.1310386657714844,1.139500252183741,1.1000126571777555,1.1028330901074468,8306511
1986-08-27,1.1056541204452515,1.1366802389870747,1.1056541204452515,1.1366802389870747,8402746
1986-08-28,1.1000131368637085,1.1112951611254416,1.094372076795624,1.1000131368637085,5790142
1986-08-29,1.119757056236267,1.128218936266619,1.091551844087511,1.091551844087511,6207161
1986-09-02,1.0971930027008057,1.1253981214688638,1.0887310260478233,1.1197571552399346,5645790
1986-09-03,1.0887315273284912,1.0943729755272449,1.0774494938016166,1.0859109949781438,6299832
1986-09-04,1.0943726301193237,1.0943726301193237,1.066167027894611,1.0830901207808818,9345493
1986-09-05,1.0548840761184692,1.0915511448075688,1.0464221056346437,1.0830891743237432,11874336
1986-09-08,1.0492427349090576,1.0548841769366437,1.023858067398708,1.0520632641740308,8844714
1986-09-09,1.0633459091186523,1.0718074988254565,1.0436019121794817,1.0492429719840177,6262407
1986-09-10,1.0210379362106323,1.063345983581798,1.0210379362106323,1.0605255493564545,9233219
1986-09-11,0.96744704246521,1.0210376759474038,0.9561650208163163,1.018217146566577,13319644
1986-09-12,0.953345000743866,0.9984736866951579,0.9194983424686994,0.9759091519705818,17999519
1986-09-15,0.9505245685577393,0.9618065974053792,0.9448835061966817,0.9589860662248505,9746472
1986-09-16,0.9448837041854858,0.9505247677285591,0.9364217253728955,0.9505247677285591,7313864
1986-09-17,0.9646266102790833,0.9759087289391646,0.9448829984983647,0.9448829984983647,12432143
1986-09-18,0.9505245685577393,0.9646271285859079,0.9477040373772105,0.953345099738268,6921795
1986-09-19,0.9477039575576782,0.9561655503865942,0.9364214502879223,0.9448834266147061,7907314
1986-09-22,0.9984737038612366,1.0125762626674653,0.9448834243256606,0.9505244861979388,6241021
1986-09-23,1.0069353580474854,1.0238588339306458,0.992832797038871,1.0041148266708662,5112933
1986-09-24,0.9956530928611755,1.0182176261591958,0.9928325621518451,1.0097556505333687,6071719
1986-09-25,0.9589858055114746,0.9984735189270284,0.9420623354057533,0.9956529885132994,8260175
1986-09-26,0.953345000743866,0.967447559307639,0.9477039389685707,0.9646270284199914,8133644
1986-09-29,0.9420620799064636,0.9477035227016861,0.9279595275370599,0.936421020608933,9602120
1986-09-30,0.9448837041854858,0.9618067989402105,0.9448837041854858,0.9477042359570225,9438164
1986-10-01,0.9702680706977844,0.9815504816450504,0.9448833890935252,0.9448833890935252,9447074
1986-10-02,0.9928321838378906,1.0012936768672114,0.9702676591379745,0.9702676591379745,6429927
1986-10-03,1.0069353580474854,1.012576420800724,0.9759093211557105,0.992832797038871,5300056
1986-10-06,1.0182178020477295,1.0238587685663607,0.9984737960484291,1.0041147625670603,4328795
1986-10-07,1.0182178020477295,1.0238587685663607,1.009755824960167,1.0182178020477295,5289364
1986-10-08,1.0088087320327759,1.014476164892302,1.003141395495913,1.0088087320327759,7531284
1986-10-09,1.0059758424758911,1.0144769987527988,0.9974747825217257,1.0116432799938297,10379129
1986-10-10,0.997473955154419,1.014476157282802,0.9918065223374039,1.0059750080572791,8582741
1986-10-13,0.9833059310913086,0.9974749120165795,0.9748048700335128,0.9974749120165795,3106254
1986-10-14,0.9578025937080383,0.9889736948649995,0.9351325530950907,0.9748048111188146,7139215
1986-10-15,0.9634695649147034,0.9691370006471746,0.9521347897724729,0.9521347897724729,9570041
1986-10-16,1.0088087320327759,1.0116424484625388,0.9861390969173347,0.9861390969173347,10092206
1986-10-17,0.997473955154419,1.0059750080572791,0.9861390895203886,1.0031413879714342,6854074
1986-10-20,0.9833059310913086,0.9861400355091785,0.9634699935261118,0.9861400355091785,6433492
1986-10-21,0.9918071627616882,0.9974745992382494,0.9804720008403918,0.9804720008403918,7019812
1986-10-22,0.997473955154419,1.0059750080572791,0.9918065223374039,0.997473955154419,11451971
1986-10-23,1.0144762992858887,1.0201437328962126,0.9918066611672685,1.0003078115827546,8076616
1986-10-24,1.003142237663269,1.017310735384291,1.000308518854516,1.0144770165755377,3660496
1986-10-27,0.997473955154419,1.0059750080572791,0.9804713677353859,1.0059750080572791,4660272
1986-10-28,0.9748048186302185,0.9974748594178512,0.9663036616979498,0.9946411404404283,8507892
1986-10-29,0.9719708561897278,0.9889734547636372,0.9691371379221058,0.9691371379221058,5512130
1986-10-30,0.9833059310913086,0.9974749120165795,0.9748048700335128,0.9918074737628789,11783448
1986-10-31,0.9748048186302185,0.9833058792397373,0.9634699427205269,0.9833058792397373,10329229
1986-11-03,0.9889732003211975,0.9889732003211975,0.9748043236602703,0.9804717587374,7973252
1986-11-04,1.017310619354248,1.0201443378397996,0.9833057085594304,0.988973530821466,12136309
1986-11-05,1.0144762992858887,1.0258115517972408,1.0088088656755647,1.0116425824807267,6465570
1986-11-06,1.0144762992858887,1.0258115517972408,1.0088088656755647,1.0173100160910507,4417902
1986-11-07,1.0286455154418945,1.0286455154418945,1.0144766377212358,1.0144766377212358,8602344
1986-11-10,1.0853208303451538,1.105157157589755,1.0229788994398072,1.0229788994398072,16948062
1986-11-11,1.0881539583206177,1.093821395247641,1.079652899252815,1.0909876767841293,4977491
1986-11-12,1.062650442123413,1.0966552485655454,1.0598167243070205,1.088153709825526,7124958
1986-11-13,1.0428136587142944,1.068317300219358,1.0371462256343547,1.068317300219358,9744690
1986-11-14,1.039980411529541,1.0428141293484006,1.0229782009390935,1.0371466937106812,6440620
1986-11-17,1.0286455154418945,1.0371466686934152,1.0286455154418945,1.0343129509429083,6224982
1986-11-18,0.997473955154419,1.0286450282933275,0.997473955154419,1.0286450282933275,8454428
1986-11-19,1.0059758424758911,1.0144769987527988,0.9833058034359098,0.988973626244818,7173076
1986-11-20,1.0456476211547852,1.048481338622184,1.011642818900602,1.0144765363680008,12799262
1986-11-21,1.0796529054641724,1.085320342423801,1.0399806541013057,1.04281437258112,10420118
1986-11-24,1.0768189430236816,1.0853200965371304,1.0654841679951277,1.0796526608614978,7433267
1986-11-25,1.0853208303451538,1.0881544537761307,1.0768196710838942,1.0796533908376473,4678093
1986-11-26,1.0768189430236816,1.093821153727868,1.0739852251858653,1.0824863786993142,4585422
1986-11-28,1.0683181285858154,1.0711518473230313,1.0598170686969097,1.0711518473230313,3359316
1986-12-01,1.051315188407898,1.0654841628189904,1.0428141312584587,1.0654841628189904,9509449
1986-12-02,1.0881539583206177,1.096655499002082,1.0541491441130129,1.065484403257989,9605684
1986-12-03,1.0966557264328003,1.1051568835863537,1.082486842208621,1.0938216220906065,10254380
1986-12-04,1.105156421661377,1.1108237610722016,1.0881537291699184,1.093821164903455,7319210
1986-12-05,1.1023223400115967,1.1278255997506272,1.0881533700628803,1.1079896775521143,12054331
1986-12-08,1.1023223400115967,1.1108233944837134,1.0938208039260784,1.1023223400115967,6836253
1986-12-09,1.105156421661377,1.1079900432054333,1.096655268061072,1.1023227037946086,4020487
1986-12-10,1.1079899072647095,1.119324777341093,1.1051562860683137,1.1108236247838053,6312307
1986-12-11,1.105156421661377,1.1221586325392752,1.1023227037946086,1.1108237610722016,8155030
1986-12-12,1.0966557264328003,1.1108242253659704,1.0938216220906065,1.107990506314786,9304504
1986-12-15,1.099489450454712,1.099489450454712,1.0654846290412596,1.0909879079717142,6249932
1986-12-16,1.1079899072647095,1.1108236247838053,1.0824862569474458,1.102322568549218,11713945
1986-12-17,1.0853208303451538,1.107990781020732,1.0796533908376473,1.107990781020732,8479377
1986-12-18,1.0768189430236816,1.0881537180522354,1.0768189430236816,1.0824863786993142,7417228
1986-12-19,1.0881539583206177,1.0881539583206177,1.07115174386228,1.079652899252815,14187542
1986-12-22,1.0881539583206177,1.093821395247641,1.079652899252815,1.0881539583206177,7117830
1986-12-23,1.0768189430236816,1.1079900318850824,1.071151507348049,1.0909874358900518,8495417
1986-12-24,1.0824865102767944,1.0853202284590524,1.0768190739122785,1.0768190739122785,3001108
1986-12-26,1.0881539583206177,1.0909876767841293,1.0739854623257916,1.0824866177163266,2534190
1986-12-29,1.0711514949798584,1.0909874232928227,1.0711514949798584,1.0881537054877264,4269985
1986-12-30,1.0598171949386597,1.0739856939896995,1.05414937149813,1.0683182558401823,6321217
1986-12-31,1.0343129634857178,1.0711514873344532,1.0343129634857178,1.0654841480874213,7119612
1987-01-02,1.0768189430236816,1.0796526608614978,1.0399804184866484,1.0399804184866484,4059694
1987-01-05,1.1023223400115967,1.1051560569431957,1.0881533700628803,1.0881533700628803,7490295
1987-01-06,1.0938211679458618,1.10799004628725,1.0938211679458618,1.1023227068606618,8983720
1987-01-07,1.105156421661377,1.1079900432054333,1.093821164903455,1.0994889859278403,6308742
1987-01-08,1.1249920129776,1.133493452996132,1.1023223731656635,1.1079897108766352,11330786
1987-01-09,1.1212366819381714,1.1269282062915642,1.1098537299635036,1.1212366819381714,8757390
1987-01-12,1.1525397300720215,1.1553853939709673,1.1212360729347028,1.1212360729347028,9195794
1987-01-13,1.158231496810913,1.158231496810913,1.1440027861839344,1.1553857353390986,6285575
1987-01-14,1.1525397300720215,1.1610769152329896,1.144002448178988,1.1496939694410104,7215847
1987-01-15,1.1639230251312256,1.1781521227523108,1.1525400759234783,1.1610772636462652,9090648
1987-01-16,1.1724598407745361,1.1952261170152445,1.166768320080387,1.1838431723590017,9236783
1987-01-19,1.1866885423660278,1.1923800611880533,1.1525392359698265,1.1667679362928667,7693458
1987-01-20,1.1923809051513672,1.206609615545442,1.189535143726134,1.1952265698445084,10363090
1987-01-21,1.1838436126708984,1.2151472783277897,1.1838436126708984,1.19238089688743,9347275
1987-01-22,1.200918197631836,1.2037639593057334,1.1696146257547608,1.1895352476683463,9256386
1987-01-23,1.2094558477401733,1.2492967166653157,1.1667692162821106,1.2179934255353237,20494502
1987-01-26,1.2037633657455444,1.209454886286924,1.1838431405827683,1.189534661124148,6044987
1987-01-27,1.232221245765686,1.2350670060066233,1.212300633882968,1.212300633882968,7994638
1987-01-28,1.2464503049850464,1.2464503049850464,1.2123009789106047,1.2379130218324759,8853625
1987-01-29,1.2436046600341797,1.2578338535451865,1.2379131374011187,1.2521423309121256,10061909
1987-01-30,1.2379125356674194,1.2464498154671464,1.2350668724662188,1.2464498154671464,6244586
1987-02-02,1.2464503049850464,1.2549879750659356,1.2350673575136986,1.2379130218324759,6759621
1987-02-03,1.2436046600341797,1.2663710407626891,1.2407588987176492,1.254988092228656,7732665
1987-02-04,1.3204416036605835,1.3204416036605835,1.2521432802804315,1.2606804739707886,16985487
1987-02-05,1.3488985300064087,1.360281478744118,1.320440626135638,1.3346698199012494,15206921
1987-02-06,1.337515115737915,1.3602810052895187,1.3204401665479004,1.3460523001367521,6985952
1987-02-09,1.328978419303894,1.3375157041908488,1.3147493209626715,1.3318241809328788,4565819
1987-02-10,1.3062118291854858,1.3346697311642,1.2692167404041168,1.3318239699859538,7435049
1987-02-11,1.3261322975158691,1.3261322975158691,1.3033659204707226,1.3062116813268385,6217854
1987-02-12,1.3147493600845337,1.3432071706853759,1.2862914527515894,1.331824220562823,8249483
1987-02-13,1.3488985300064087,1.360281478744118,1.3005203932955791,1.3147492001328287,10541303
1987-02-17,1.397276520729065,1.4001226687275095,1.3517441501429308,1.3602813366212205,11414547
1987-02-18,1.4029680490493774,1.4257339379678216,1.391584620929885,1.4228882744020566,10379129
1987-02-19,1.3944311141967773,1.4086602133614214,1.3858938288157798,1.4086602133614214,6344385
1987-02-20,1.3887394666671753,1.4029686612939964,1.3887394666671753,1.397276751286237,8417003
1987-02-23,1.3432072401046753,1.3887396233406935,1.337515813115307,1.3887396233406935,14513672
1987-02-24,1.3773561716079712,1.3887391181781974,1.34889827315601,1.34889827315601,9992406
1987-02-25,1.4086599349975586,1.4115056962288763,1.3745106067575723,1.3773563679888903,8420567
1987-02-26,1.397276520729065,1.4171971384161692,1.3887392375186949,1.4115056162759225,6932488
1987-02-27,1.3716652393341064,1.4086603394267783,1.3545903768477143,1.402968912062208,9762511
1987-03-02,1.3773561716079712,1.3944306398293465,1.354589794807159,1.3773561716079712,6519034
1987-03-03,1.3944311141967773,1.4001230247125287,1.3773566401668869,1.383048067022114,5508566
1987-03-04,1.4115056991577148,1.4200429828693832,1.3915850803008976,1.4029685121781326,8511456
1987-03-05,1.4314264059066772,1.442809841559928,1.4171976917328224,1.4228892160952116,7566927
1987-03-06,1.4200435876846313,1.4314265407495859,1.4143520627860904,1.4285807783003155,6025384
1987-03-09,1.391585350036621,1.414351734543547,1.3830480646701417,1.4058144491770677,5269760
1987-03-10,1.4086599349975586,1.4115056962288763,1.391585077413394,1.3944308386447117,6606358
1987-03-11,1.4200435876846313,1.4285807783003155,1.4029691097211359,1.4228893501339017,5488962
1987-03-12,1.4200435876846313,1.4314265407495859,1.405814775438279,1.4228893501339017,5515694
1987-03-13,1.4029680490493774,1.4200425141042374,1.397276141525523,1.4058137126151424,4013358
1987-03-16,1.3688194751739502,1.388739712749497,1.3574361368018042,1.388739712749497,5100458
1987-03-17,1.3944311141967773,1.3944311141967773,1.360281682476472,1.3659735929922234,6438838
1987-03-18,1.4086599349975586,1.42004297992283,1.3944308386447117,1.3972765998760297,5063033
1987-03-19,1.4314264059066772,1.4399640793787334,1.4171976917328224,1.4228892160952116,10407643
1987-03-20,1.454192042350769,1.4570378030619098,1.4371175748159926,1.4399633355271333,11314747
1987-03-23,1.5025705099105835,1.516799606901235,1.451346611986631,1.4570381347043835,10236558
1987-03-24,1.5224910974502563,1.5253368587490044,1.496878955565259,1.496878955565259,12227198
1987-03-25,1.496878981590271,1.5196453625723405,1.4883416975455959,1.5167996012241154,9418560
1987-03-26,1.4798046350479126,1.513953967571136,1.4798046350479126,1.513953967571136,8358193
1987-03-27,1.4029680490493774,1.4883411481801105,1.4029680490493774,1.4854954846143456,11448407
1987-03-30,1.374510645866394,1.400122787873252,1.3175949359601902,1.3204406005403897,15171278
1987-03-31,1.3716652393341064,1.3830481907953605,1.3631280499211942,1.3688194772857645,14383576
1987-04-01,1.4342715740203857,1.4342715740203857,1.348898357017198,1.3545898790221897,7928699
1987-04-02,1.4598833322525024,1.479803944267514,1.4485002912131577,1.4741120368196305,14488722
1987-04-03,1.4854955673217773,1.4940327519585022,1.434271298716714,1.4570376725629843,8477595
1987-04-06,1.4741116762161255,1.4997238024854616,1.4741116762161255,1.4826493418353248,7337032
1987-04-07,1.4228888750076294,1.4854961116466168,1.4228888750076294,1.474112678722144,5237682
1987-04-08,1.454192042350769,1.4684207491744046,1.428579905754298,1.4342714271765795,6119837
1987-04-09,1.405624270439148,1.4627632299864524,1.399909995746929,1.405624270439148,9044313
1987-04-10,1.4170511960983276,1.4456209035371188,1.4084804683797283,1.414194254488086,6335474
1987-04-13,1.3541985750198364,1.4227656885887037,1.3484846893525002,1.4227656885887037,6465570
1987-04-14,1.3370574712753296,1.3484851493964574,1.3027739513509466,1.3313435836586658,13080839
1987-04-15,1.382767915725708,1.3913386447656146,1.342770532791876,1.371340147522979,10862086
1987-04-16,1.4027670621871948,1.419909013761227,1.3941962320684562,1.405624394008848,9094213
1987-04-20,1.3941950798034668,1.414193958221873,1.3856243538803894,1.408480173310523,4911552
1987-04-21,1.4370503425598145,1.4370503425598145,1.3656262843225384,1.3856252731206158,7370892
1987-04-22,1.4084815979003906,1.4313369548867454,1.4084815979003906,1.4313369548867454,7743358
1987-04-23,1.3656266927719116,1.399910309247095,1.359912902361012,1.399910309247095,8873228
1987-04-24,1.3313426971435547,1.3713400780511262,1.3256284248831136,1.3599120190909202,8828675
1987-04-27,1.3342000246047974,1.3484846411503615,1.2856314154955446,1.3027734603334706,13291130
1987-04-28,1.3484848737716675,1.359912646669205,1.331343311537541,1.3370571979863097,7165947
1987-04-29,1.3570551872253418,1.3799110156626728,1.3513413029501165,1.354198245087729,6914667
1987-04-30,1.3656266927719116,1.394196421723997,1.3541990148379137,1.362769846122561,5606583
1987-05-01,1.351341724395752,1.3799114460184043,1.3399140493934725,1.3541986674243651,4943630
1987-05-04,1.3599127531051636,1.3827685920256314,1.3399142460814344,1.3456281329774107,5676086
1987-05-05,1.4027670621871948,1.4027670621871948,1.3627696607420448,1.3656265070027727,13089749
1987-05-06,1.4141952991485596,1.4141952991485596,1.377054836555656,1.4027672329293506,7718408
1987-05-07,1.3970532417297363,1.414195194117132,1.3770547342826283,1.3999101852382074,5973702
1987-05-08,1.371340036392212,1.3999093574716914,1.354198094140848,1.3970524156525304,5203821
1987-05-11,1.3770544528961182,1.3999098991814287,1.3513416752374432,1.3941960133320586,9010452
1987-05-12,1.3770544528961182,1.3799113958208031,1.3541986181621282,1.3656262927486986,7128522
1987-05-13,1.3770544528961182,1.3770544528961182,1.3570555610868134,1.3741975099714332,9242129
1987-05-14,1.4141952991485596,1.4141952991485596,1.359912882895138,1.3827687239969653,18177732
1987-05-15,1.3456274271011353,1.3941955373517294,1.3399135432024933,1.3884816534530873,19068798
1987-05-18,1.3370574712753296,1.3456283027003253,1.3056307980470787,1.3399144150836615,8516802
1987-05-19,1.2399208545684814,1.3342006916291753,1.2313500220889169,1.3342006916291753,14451297
1987-05-20,1.2742044925689697,1.285632173117309,1.2456347570809083,1.2570629231903503,28514090
1987-05-21,1.297059416770935,1.3113440315753377,1.285631258789086,1.297059416770935,7269311
1987-05-22,1.3313426971435547,1.3313426971435547,1.3027730838597835,1.3027730838597835,11466228
1987-05-26,1.382767915725708,1.38562485777639,1.331342764589147,1.3370566486905113,10348832
1987-05-27,1.3799110651016235,1.3856249495815638,1.3656259654531862,1.3770541228616533,10821097
1987-05-28,1.4027670621871948,1.4027670621871948,1.379911612316077,1.379911612316077,8939167
1987-05-29,1.3741973638534546,1.417051697391382,1.3741973638534546,1.417051697391382,8040973
1987-06-01,1.371340036392212,1.3884815901950467,1.3656257643053604,1.3856247454880177,5178872
1987-06-02,1.351341724395752,1.374197559961178,1.3399140493934725,1.374197559961178,5305403
1987-06-03,1.4027670621871948,1.4027670621871948,1.3627696607420448,1.3656265070027727,5339263
1987-06-04,1.4141952991485596,1.4227661303105232,1.3941964017673867,1.4056245650987926,5073726
1987-06-05,1.4256227016448975,1.4341934334559072,1.4113379867729285,1.4113379867729285,5722421
1987-06-08,1.4256227016448975,1.4341934334559072,1.3999099235388388,1.4141949297473224,7032287
1987-06-09,1.4227656126022339,1.434193286214415,1.4056240536278815,1.4313363435333293,4323449
1987-06-10,1.4256227016448975,1.4570492685875718,1.4027668665132327,1.4370503764303009,8196019
1987-06-11,1.4284796714782715,1.4370504034504326,1.4141949563377145,1.4256227284501601,4300281
1987-06-12,1.4399076700210571,1.4513357360378718,1.4284799924530234,1.4456219458099524,5289364
1987-06-15,1.4827625751495361,1.488476463134751,1.4456221090212291,1.4456221090212291,8295818
1987-06-16,1.4941895008087158,1.4941895008087158,1.4627629385072929,1.4799044967099222,7677419
1987-06-17,1.477047085762024,1.4941890269772962,1.4627624746417394,1.4913321824429404,5011351
1987-06-18,1.4884753227233887,1.4913322645271192,1.4656194969571483,1.4684764387608789,6381810
1987-06-19,1.4884753227233887,1.494189109218718,1.4799041088636697,1.494189109218718,9097777
1987-06-22,1.5084747076034546,1.5084747076034546,1.485619256810631,1.485619256810631,6458441
1987-06-23,1.4913331270217896,1.5113315369894815,1.4770480212929893,1.5056177471896501,7076841
1987-06-24,1.4799048900604248,1.4941898979560941,1.4770479467486006,1.4770479467486006,3950984
1987-06-25,1.477047085762024,1.4913321824429404,1.4541916497022929,1.485618299149976,5305403
1987-06-26,1.4599062204360962,1.4827620557066916,1.4541923344525765,1.468477049411376,4309192
1987-06-29,1.4427651166915894,1.4570497390638413,1.431336952655214,1.4570497390638413,4883038
1987-06-30,1.4256227016448975,1.4427646508277745,1.3941960375900513,1.4427646508277745,7540195
1987-07-01,1.4256227016448975,1.4284796446192911,1.4027668665132327,1.4027668665132327,6574280
1987-07-02,1.4113374948501587,1.4399068175240655,1.4113374948501587,1.431335991588252,7087533
1987-07-06,1.4084815979003906,1.4256231641962582,1.3999103777475432,1.4227662202949132,4514137
1987-07-07,1.4399076700210571,1.4456219458099524,1.4084814838748176,1.4113383304326799,8949860
1987-07-08,1.4599062204360962,1.468477049411376,1.4227657673188736,1.4256227103106336,6463788
1987-07-09,1.4369603395462036,1.45703780913911,1.4369603395462036,1.4369603395462036,6640219
1987-07-10,1.4226188659667969,1.4426959352785191,1.4226188659667969,1.4426959352785191,4469584
1987-07-13,1.3968052864074707,1.4168827487569964,1.3795963811568015,1.4168827487569964,6082412
1987-07-14,1.393937587738037,1.4082784281778087,1.3910695171438143,1.3996739239139457,5505001
1987-07-15,1.399673342704773,1.4082778433956489,1.3824644388167124,1.3968051758078144,7572273
1987-07-16,1.4340925216674805,1.4369605928381142,1.388201628049822,1.4054105425423793,10427246
1987-07-17,1.468510627746582,1.468510627746582,1.3968059291799815,1.4455649877140289,7697022
1987-07-20,1.4340925216674805,1.4656425719632151,1.4340925216674805,1.4627744032988304,6647347
1987-07-21,1.4226188659667969,1.4513008253127144,1.4168825325938237,1.4340915327127433,6486955
1987-07-22,1.4283561706542969,1.4340925079281093,1.4197516647435784,1.4283561706542969,5114715
1987-07-23,1.4140164852142334,1.4369616565266152,1.385334484857728,1.4340935832329351,3986626
1987-07-24,1.4340925216674805,1.4369605928381142,1.408278711206764,1.4197516783455566,3685446
1987-07-27,1.4283561706542969,1.4369605790712654,1.416883496106672,1.4254880020173908,7019812
1987-07-28,1.4254881143569946,1.4312244520828754,1.4226199454940545,1.428356283219935,3334366
1987-07-29,1.4656428098678589,1.4656428098678589,1.42548824706104,1.428356416190989,4827792
1987-07-30,1.4541696310043335,1.4742467091385174,1.4484332951106447,1.4656422052979843,10065474
1987-07-31,1.4455649852752686,1.4857195384098267,1.4455649852752686,1.4570379515128051,6077065
1987-08-03,1.4513020515441895,1.468510968709552,1.4283564061840524,1.4340927444037619,5954098
1987-08-04,1.4197518825531006,1.4541702039574707,1.4197518825531006,1.4455653067516414,4514137
1987-08-05,1.4082788228988647,1.4340926354069021,1.4082788228988647,1.4226199598394529,6520816
1987-08-06,1.4168834686279297,1.4226198057904926,1.402542333240277,1.4168834686279297,8787686
1987-08-07,1.4369603395462036,1.4455648440226485,1.4226195962458628,1.4226195962458628,11296926
1987-08-10,1.4799827337265015,1.4828509012589839,1.4455645283492873,1.4455645283492873,7566927
1987-08-11,1.5086653232574463,1.514401660686371,1.4828515123460266,1.485719681060489,13895272
1987-08-12,1.5144017934799194,1.5201380339180859,1.4971928771778977,1.5144017934799194,10375564
1987-08-13,1.5029289722442627,1.5230060555702791,1.4828514989432384,1.514401646998416,14943165
1987-08-14,1.4828506708145142,1.5000599658161122,1.4742462670479588,1.4971918962230588,7135651
1987-08-17,1.477115511894226,1.4914567487132424,1.4685111012816516,1.4799836812630094,6299832
1987-08-18,1.485719084739685,1.485719084739685,1.4685101768537767,1.4771145820498741,9587863
1987-08-19,1.477115511894226,1.4857200200005758,1.4484340131939444,1.474247440019218,7399406
1987-08-20,1.4943244457244873,1.5000606851550473,1.4685106370838856,1.4713788055460377,12248584
1987-08-21,1.4943244457244873,1.4971926141866394,1.485719550363054,1.4943244457244873,6643783
1987-08-24,1.4742465019226074,1.4943239672096669,1.4742465019226074,1.4914557996659639,4191571
1987-08-25,1.4971923828125,1.5057967893754984,1.4771148167052188,1.4771148167052188,10976142
1987-08-26,1.468510627746582,1.497192604666966,1.4627742908587515,1.4914562677791352,7536630
1987-08-27,1.4398287534713745,1.4570380578429458,1.4398287534713745,1.4513018180399233,7859196
1987-08-28,1.399673342704773,1.4426960411465342,1.3968051758078144,1.4398278742495756,7602569
1987-08-31,1.4398287534713745,1.4484336493915366,1.3996741974064608,1.4054105347032342,10705259
1987-09-01,1.4283561706542969,1.4885881994980779,1.4254880020173908,1.451301812230797,11717509
1987-09-02,1.4054104089736938,1.4254878801974995,1.3882014961166529,1.3996740721900995,13642210
1987-09-03,1.4025429487228394,1.4254885999236526,1.3910703668569107,1.4226204300837226,8814418
1987-09-04,1.4111475944519043,1.4226201742547253,1.4082790351526613,1.4197520049305767,4736903
1987-09-08,1.3882014751434326,1.4197515219640209,1.35378316248064,1.4111471144123682,10302497
1987-09-09,1.3795968294143677,1.431224049409547,1.3767286613583833,1.393937572200559,9058570
1987-09-10,1.393937587738037,1.4054102600898544,1.3709919505532082,1.3996739239139457,9026492
1987-09-11,1.4426970481872559,1.4426970481872559,1.3853335727131688,1.3853335727131688,10830008
1987-09-14,1.4455649852752686,1.4570379515128051,1.4254879036954766,1.454169880567472,5995087
1987-09-15,1.4168834686279297,1.442696888365715,1.4140153975403964,1.442696888365715,7169511
1987-09-16,1.3738610744476318,1.4054107391826842,1.3709924179131188,1.3996744010513056,12100667
1987-09-17,1.362387776374817,1.3824652488993898,1.3451788624028551,1.3824652488993898,8083744
1987-09-18,1.3738610744476318,1.3824654841509347,1.3595198391441263,1.3767291460195563,8285125
1987-09-21,1.3279697895050049,1.3910699966599471,1.3279697895050049,1.3824654894300221,7647122
1987-09-22,1.362387776374817,1.3795970803217714,1.3279695584559004,1.33657435667,12430361
1987-09-23,1.3451790809631348,1.368124335818403,1.3423109119195058,1.362387997731145,9858747
1987-09-24,1.3451790809631348,1.353783490600258,1.3365745738322476,1.3423109119195058,8691451
1987-09-25,1.3337059020996094,1.3451789672795715,1.3193651555871913,1.3337059020996094,12490953
1987-09-28,1.3394426107406616,1.3537833570503368,1.3164969681739114,1.3394426107406616,19781650
1987-09-29,1.370992660522461,1.3738613175646084,1.3394429902044138,1.3423111597776511,12597881
1987-09-30,1.353783369064331,1.3652560442088875,1.3279696550015683,1.353783369064331,13308951
1987-10-01,1.3738610744476318,1.3767291460195563,1.3451790913094448,1.3509154294408234,10730208
1987-10-02,1.3968052864074707,1.3968052864074707,1.3767282140327401,1.3795963811568015,6536855
1987-10-05,1.399673342704773,1.4140145671643303,1.3939370089108558,1.4140145671643303,6797046
1987-10-06,1.3078924417495728,1.3996741263176455,1.3078924417495728,1.3968059578149319,14435258
1987-10-07,1.3423110246658325,1.3480473632349097,1.3107608700545914,1.3193653779082073,9655584
1987-10-08,1.3136286735534668,1.3423106508935467,1.3050242655895583,1.3136286735534668,9217180
1987-10-09,1.348047137260437,1.348047137260437,1.305024410216756,1.3193651567417233,11868990
1987-10-12,1.3107599020004272,1.3394418661442304,1.3078918323278572,1.3337051418368893,7705933
1987-10-13,1.3251012563705444,1.3623876391103695,1.3078923441324297,1.3337056637427327,7069712
1987-10-14,1.2734742164611816,1.3193651107074162,1.2734742164611816,1.3193651107074162,10566252
1987-10-15,1.2505279779434204,1.2763417764464864,1.2505279779434204,1.2706054417749424,14046753
1987-10-16,1.1931650638580322,1.244792293827341,1.1644830852757788,1.2419241252172404,23374425
1987-10-19,1.0669649839401245,1.193165414845822,0.940764943009539,1.089910632051989,35658651
1987-10-20,1.0612283945083618,1.138669438948789,0.9178190782281741,1.055492154448661,31164118
1987-10-21,1.1071187257766724,1.170218894179943,1.0669641883762426,1.124328022149082,18224068
1987-10-22,1.05549156665802,1.1071186733823577,1.0182051008436803,1.02107326802316,14563571
1987-10-23,1.072701334953308,1.07843767184026,0.9866555016990833,0.9981284679542176,13175292
1987-10-26,0.9952597618103027,1.0182053984335413,0.9866553552507626,1.0096009918740012,7896621
1987-10-27,1.0698330402374268,1.0698330402374268,1.0268103079931514,1.064096701936528,11273758
1987-10-28,1.0870424509048462,1.1013832005258863,1.0325467443996572,1.0382834732206918,12767184
1987-10-29,1.1128557920455933,1.1358010401181535,1.0813056494107312,1.084173817606518,12407193
1987-10-30,1.1415376663208008,1.1989016346615944,1.1415376663208008,1.193165296323776,14299816
1987-11-02,1.1644831895828247,1.1673513584498376,1.1444057150324596,1.1472742738745045,5508566
1987-11-03,1.1616145372390747,1.1644826071778918,1.1071187710588202,1.1358007378652106,7550887
1987-11-04,1.1300652027130127,1.1444059525304482,1.1243288637885271,1.1300652027130127,8554227
1987-11-05,1.1386698484420776,1.1472746503480213,1.1071196880706036,1.109988247853955,9279554
1987-11-06,1.1013829708099365,1.1472742569684458,1.1013829708099365,1.1329331203634354,8515020
1987-11-09,1.05549156665802,1.075569029395481,1.0440188979401006,1.0669641378822388,9488063
1987-11-10,1.0411509275436401,1.0554917661515335,1.015337223061994,1.023941628733011,8090873
1987-11-11,1.0956470966339111,1.1013833387057315,1.0669651063244963,1.0784381754308718,7030505
1987-11-12,1.1214599609375,1.1386689664569734,1.1157237232580568,1.124328128524079,6265971
1987-11-13,1.0927783250808716,1.1271965385087142,1.0669645187693864,1.1214602021019855,5528169
1987-11-16,1.0956470966339111,1.1243289894495365,1.0784381754308718,1.1185927473777164,5729550
1987-11-17,1.0583603382110596,1.0784379117569598,1.0440195902970826,1.0784379117569598,6675861
1987-11-18,1.05549156665802,1.075569029395481,1.0354144938953618,1.0640959707027589,6524380
1987-11-19,1.0497561693191528,1.07270181971755,1.035415418114794,1.0468879995795235,7087533
1987-11-20,1.064096450805664,1.0727013462012942,1.0296782341355686,1.0382831295311987,6522598
1987-11-23,1.0612283945083618,1.0669647320618176,1.0468876481184775,1.058360225731634,7228322
1987-11-24,1.1013829708099365,1.1013829708099365,1.0698329187501943,1.0698329187501943,5900634
1987-11-25,1.0698330402374268,1.0956468550727736,1.0554922919789478,1.089910516771875,6914667
1987-11-27,1.0612283945083618,1.072701459590293,1.058360225731634,1.0669647320618176,1805298
1987-11-30,0.9895240664482117,1.0296786357263172,0.9751832184873045,1.0096015460748298,11901068
1987-12-01,1.0009965896606445,1.0153374312084427,0.9952598630665691,1.0153374312084427,5651136
1987-12-02,1.029678225517273,1.029678225517273,1.0067329754146628,1.009601143864207,6756057
1987-12-03,0.9895240664482117,1.0296786357263172,0.9895240664482118,1.0239422965419545,10224083
1987-12-04,0.9866551160812378,1.0038644124973548,0.9694462096399429,0.9837869487587377,7459999
1987-12-07,1.009601354598999,1.0153376926954374,0.9780512025872956,0.9809193716355147,5708164
1987-12-08,1.0468882322311401,1.0554927433622219,0.9866561668445203,1.0067336519651393,9815975
1987-12-09,1.05549156665802,1.0669641378822388,1.0354144938953618,1.0440188979401006,9534399
1987-12-10,1.0382827520370483,1.0554916591278702,1.0210733574776807,1.0239415249084358,10993964
1987-12-11,1.029678225517273,1.0440193602462258,1.0268100570677288,1.0325463939668174,6469134
1987-12-14,1.05549156665802,1.0612278035232792,1.02107326802316,1.02394143520264,8055230
1987-12-15,1.0698330402374268,1.0727015993629467,1.0554922919789478,1.0554922919789478,12157695
1987-12-16,1.0870424509048462,1.0870424509048462,1.0583604641938815,1.0640968030398084,7155254
1987-12-17,1.078437328338623,1.0899099009645628,1.0698324357740336,1.0899099009645628,6825560
1987-12-18,1.0927783250808716,1.101382732197229,1.0698326869727508,1.0698326869727508,15500972
1987-12-21,1.1013829708099365,1.1099878672592072,1.0927785618294488,1.0927785618294488,8867882
1987-12-22,1.0698330402374268,1.098515024223223,1.0583603636356294,1.098515024223223,11056338
1987-12-23,1.1185925006866455,1.1185925006866455,1.0727015992948348,1.0727015992948348,5768757
1987-12-24,1.1013829708099365,1.1099878672592072,1.0870422241799527,1.1071193084594328,2108261
1987-12-28,1.072701334953308,1.084173911233468,1.0554920318112222,1.084173911233468,4428595
1987-12-29,1.0698330402374268,1.075569768513396,1.0583603636356294,1.0727015993629467,4362656
1987-12-30,1.0956470966339111,1.0956470966339111,1.069833276107301,1.069833276107301,5234118
1987-12-31,1.1071187257766724,1.1071187257766724,1.0813053174334366,1.0899098193790837,6690118
1988-01-04,1.1157245635986328,1.1300653148389688,1.1013833248893572,1.1013833248893572,7581184
1988-01-05,1.1415376663208008,1.158747071309329,1.1358014254767506,1.1472743946336923,9735780
1988-01-06,1.1386698484420776,1.1472746503480213,1.1243289994011212,1.132933508825695,5451538
1988-01-07,1.1300652027130127,1.1415377830682054,1.1071195545337358,1.1071195545337358,4815317
1988-01-08,1.0870424509048462,1.1329333566598143,1.061228633616845,1.1271970178138875,5936277
1988-01-11,1.0783920288085938,1.0985756195855545,1.0697414844271216,1.0870420831353202,5321442
1988-01-12,1.081275463104248,1.0899255178324325,1.055324710853973,1.0755083025676746,4656707
1988-01-13,1.0726252794265747,1.0985760404133182,1.061091836569213,1.061091836569213,7258618
1988-01-14,1.0928093194961548,1.104342860887107,1.072625328029015,1.072625328029015,4565819
1988-01-15,1.1274093389511108,1.1591268492819142,1.1245260536622106,1.1533600826822707,11849386
1988-01-18,1.1043425798416138,1.130293237389024,1.1014591952276718,1.130293237389024,4293153
1988-01-19,1.1187597513198853,1.1274098067979856,1.0841589413417108,1.0841589413417108,4899077
1988-01-20,1.0985755920410156,1.1158761903154373,1.0870420558799614,1.1072256461508598,6599230
1988-01-21,1.1014585494995117,1.112991983182858,1.084158349969038,1.112991983182858,8270868
1988-01-22,1.0755082368850708,1.0985756034802143,1.0726248528147833,1.0956922194099268,7698804
1988-01-25,1.0610905885696411,1.0668572542103762,1.0380232399306004,1.0524404430922312,24955175
1988-01-26,1.0582079887390137,1.084158738380958,1.0582079887390137,1.063974658641206,11676520
1988-01-27,1.0610905885696411,1.078391173557075,1.0495570612664278,1.0639738723845729,8343936
1988-01-28,1.0899255275726318,1.0928089118447788,1.0639747750904458,1.0668581593625928,5813310
1988-01-29,1.1245261430740356,1.1245261430740356,1.0870418631631886,1.0899252466922702,7607916
1988-02-01,1.1187597513198853,1.13029319129434,1.1158763668235312,1.1187597513198853,5913109
1988-02-02,1.1187597513198853,1.1187597513198853,1.1043425348052278,1.1101092057869741,4897295
1988-02-03,1.0956921577453613,1.1245262908583211,1.092808773837348,1.1043423094694014,5761628
1988-02-04,1.081275463104248,1.10145905481795,1.0668581498285366,1.10145905481795,4683439
1988-02-05,1.0755082368850708,1.0870420671990642,1.0726248528147833,1.0726248528147833,3624854
1988-02-08,1.0755082368850708,1.0812753970694367,1.0610914145445807,1.0610914145445807,3615943
1988-02-09,1.0726252794265747,1.0783924419046955,1.0668585089924005,1.0726252794265747,7356635
1988-02-10,1.0985755920410156,1.1014589760812792,1.0668580735652762,1.0668580735652762,4957887
1988-02-11,1.0956921577453613,1.0985755416533747,1.061091354827317,1.0841587201242502,14900394
1988-02-12,1.112992525100708,1.115876301472022,1.0899255484917587,1.0956923171467352,4453544
1988-02-16,1.1216424703598022,1.1274091379202567,1.1014584968273353,1.1072251643877897,5130754
1988-02-17,1.112992525100708,1.1245264544544866,1.1072257564457315,1.112992525100708,5898852
1988-02-18,1.0899255275726318,1.107225735194559,1.0841588570392926,1.0985756803890727,4221867
1988-02-19,1.1158766746520996,1.1158766746520996,1.0841592404206275,1.0899259129931826,6069937
1988-02-22,1.141825556755066,1.141825556755066,1.1072246842970812,1.1129914473679812,6936052
1988-02-23,1.1504764556884766,1.15624361507546,1.127409484326423,1.1418264026845404,8659373
1988-02-24,1.1648937463760376,1.176427182856409,1.1447097669834583,1.1504764362181776,6620615
1988-02-25,1.1591277122497559,1.2023786899691753,1.1591277122497559,1.167777868589242,8532841
1988-02-26,1.1504764556884766,1.170660435422643,1.147593072016853,1.1648937660903302,3933162
1988-02-29,1.1994946002960205,1.1994946002960205,1.150476488418304,1.1533602642157044,9470242
1988-03-01,1.1937280893325806,1.2081450111991816,1.1821942578064257,1.1994948580792208,7787911
1988-03-02,1.190844178199768,1.1994947223849575,1.187960892163581,1.1994947223849575,4603243
1988-03-03,1.1937280893325806,1.1966114737059008,1.185077642179746,1.1966114737059008,4490969
1988-03-04,1.190844178199768,1.190844178199768,1.1620105337503224,1.187960892163581,5401638
1988-03-07,1.1879613399505615,1.1908446270735673,1.1793111845485933,1.1908446270735673,2552011
1988-03-08,1.1591277122497559,1.1966119190761846,1.1591277122497559,1.1821946978107243,9598555
1988-03-09,1.1591277122497559,1.1735445414712382,1.1475937784197965,1.1562443268032605,15948287
1988-03-10,1.136060118675232,1.1620108767933306,1.1302933488785274,1.156244106996626,16089075
1988-03-11,1.1072256565093994,1.138943175281869,1.0956922182513917,1.1331764071473913,16475798
1988-03-14,1.1187597513198853,1.13029319129434,1.1043425348052278,1.1129925902833282,14529711
1988-03-15,1.1216424703598022,1.1389426690629738,1.1158757047884438,1.1216424703598022,10603677
1988-03-16,1.1187597513198853,1.1216431358162395,1.1101092057869741,1.1158763668235312,7780782
1988-03-17,1.1389429569244385,1.1475930094568247,1.1274094228666853,1.1302928063811235,10881690
1988-03-18,1.1591277122497559,1.1706611560247429,1.1475937784197965,1.1504771638662918,18177732
1988-03-21,1.1475934982299805,1.1475934982299805,1.136060057270932,1.136060057270932,8718183
1988-03-22,1.136060118675232,1.150476945156018,1.1331767337768797,1.1418268884719367,9047877
1988-03-23,1.1158766746520996,1.1447104295588317,1.1129928973163705,1.1418270442670597,13667160
1988-03-24,1.1043425798416138,1.1072258664445895,1.095692425999788,1.1072258664445895,8575613
1988-03-25,1.069741129875183,1.1043420217907125,1.0668577467182847,1.1014586386338143,10275765
1988-03-28,1.0726252794265747,1.0755086646436618,1.061091836569213,1.0668585089924005,12394718
1988-03-29,1.0841586589813232,1.0928087122065868,1.0755081157013764,1.078391891490523,7198026
1988-03-30,1.081275463104248,1.1043424390643293,1.081275463104248,1.0956922863251912,7768307
1988-03-31,1.081275463104248,1.0841588473506274,1.0668581498285366,1.0755083025676746,5478270
1988-04-04,1.0668585300445557,1.0812758484584324,1.0610918575075754,1.0639751447705712,12132745
1988-04-05,1.081275463104248,1.081275463104248,1.0639747655821572,1.0639747655821572,5093329
1988-04-06,1.0985755920410156,1.104342360121543,1.0639746895250126,1.0812753858103807,20138076
1988-04-07,1.1274093389511108,1.136059488850576,1.0928085433314072,1.0956919266312288,18355945
1988-04-08,1.1648937463760376,1.182193950102061,1.1302928488693285,1.1302928488693285,25484468
1988-04-11,1.163153886795044,1.1718557353009522,1.1602532706264077,1.163153886795044,8299382
1988-04-12,1.1689552068710327,1.1747564396437304,1.157352346938828,1.1631539740983352,10626845
1988-04-13,1.1660547256469727,1.1718559590921156,1.1573524810924032,1.1689553423695442,6347949
1988-04-14,1.1196439266204834,1.1515509966730308,1.1022403301648966,1.1370479174628054,12726195
1988-04-15,1.108041524887085,1.1196438892715515,1.096439061905938,1.113842657780978,8237008
1988-04-18,1.1022400856018066,1.116743062997453,1.0935382400064215,1.1138424477989914,7055455
1988-04-19,1.079035758972168,1.1138433672808425,1.079035758972168,1.1109428482846535,7083969
1988-04-20,1.0645325183868408,1.0877377494443623,1.0587312845700005,1.084837132535942,9047877
1988-04-21,1.0500292778015137,1.0819358588631107,1.0471286615965145,1.0703333940431146,8073052
1988-04-22,1.0732334852218628,1.0877369535385402,1.0645317394604594,1.0674323542464765,6763186
1988-04-25,1.0993397235870361,1.0993397235870361,1.0790351167315613,1.0790351167315613,6301614
1988-04-26,1.1196439266204834,1.128346168533354,1.0935384826387615,1.110942177691032,6798828
1988-04-27,1.0935386419296265,1.1225451003653693,1.0906381242617598,1.113842857184882,5538862
1988-04-28,1.079035758972168,1.0877380061379383,1.079035758972168,1.084837388545006,3510797
1988-04-29,1.058730959892273,1.0819357894467612,1.0558303438733756,1.0761345574089667,6520816
1988-05-02,1.0732334852218628,1.0732334852218628,1.0616311246744423,1.0645317394604594,5699254
1988-05-03,1.0674322843551636,1.0790346441429068,1.0674322843551636,1.0761340295468107,10199133
1988-05-04,1.058730959892273,1.0674328079489648,1.0529297278544785,1.0674328079489648,8037409
1988-05-05,1.0471289157867432,1.0587312848265147,1.0442279044907399,1.0558306679173919,7016248
1988-05-06,1.0268239974975586,1.0587309712408193,1.0210227653975807,1.0529297391408414,11639095
1988-05-09,1.0355256795883179,1.0413269113103567,1.0123208512968471,1.0268239306019442,8080180
1988-05-10,1.0210225582122803,1.0529295254809978,1.0152213272894848,1.0384261523839962,6012909
1988-05-11,1.0007179975509644,1.0152213712763591,1.0007179975509644,1.0152213712763591,8962335
1988-05-12,0.9978172779083252,1.0065190251654257,0.9949166626237367,1.0007178931929135,9908646
1988-05-13,1.0152212381362915,1.0181218533429675,1.0007178663129255,1.0036184815196012,9416778
1988-05-16,1.0442272424697876,1.0500288669967903,1.0239230355751427,1.0268236506453288,7868107
1988-05-17,1.0326247215270996,1.0616311663149383,1.0326247215270996,1.0558299365153616,9990624
1988-05-18,1.012320637702942,1.0384260763473327,1.0094200224539358,1.0326248458493206,9885479
1988-05-19,1.0094199180603027,1.012320533009329,0.9949165475252116,1.0094199180603027,8502545
1988-05-20,1.0152212381362915,1.026823698962995,1.0094200077229398,1.0210224685496432,6916449
1988-05-23,1.0007179975509644,1.0152213712763591,0.9978173819638906,1.0094201401022116,2878141
1988-05-24,1.0152212381362915,1.0210224685496432,1.0036184815196012,1.006518998129615,3792374
1988-05-25,1.0239229202270508,1.02972405111725,1.0152210759967824,1.021022305483628,10391604
1988-05-26,1.0558303594589233,1.0616315915823522,1.0181221534632527,1.0181221534632527,7397624
1988-05-27,1.0471289157867432,1.0558306679173919,1.0384266706724938,1.0500295326958662,4410773
1988-05-31,1.0761345624923706,1.0790351785249697,1.0471285993597605,1.0471285993597605,7212283
1988-06-01,1.1341472864151,1.1428491338245685,1.081935708974877,1.0848367191647632,21029141
1988-06-02,1.090637445449829,1.128345630613022,1.090637445449829,1.128345630613022,17015783
1988-06-03,1.0471289157867432,1.0558306679173919,1.0268243016327223,1.0529300510082689,61369450
1988-06-06,1.0384260416030884,1.041326656755044,1.0094199886801922,1.0384260416030884,28558643
1988-06-07,1.0297245979309082,1.0413270630658453,1.0210228476764043,1.0297245979309082,20494502
1988-06-08,1.0500292778015137,1.0529297954098165,1.0326251861847346,1.0355258023897338,17434584
1988-06-09,1.0442272424697876,1.0587306136106909,1.0413266273996016,1.0529293834703186,21385567
1988-06-10,1.0413271188735962,1.0529298804204557,1.0384265024344093,1.050029362577973,19603437
1988-06-13,1.0442272424697876,1.0500288669967903,1.0384260123294156,1.0442272424697876,10013792
1988-06-14,1.0471289157867432,1.0674331355538835,1.0442279044907399,1.0674331355538835,12261059
1988-06-15,1.058730959892273,1.0645321919300674,1.044227584007717,1.0471285944133737,7424356
1988-06-16,1.0471289157867432,1.0558306679173919,1.0442279044907399,1.0500295326958662,6005780
1988-06-17,1.0442272424697876,1.047128251926604,1.0413266273996016,1.0413266273996016,13068364
1988-06-20,1.0384260416030884,1.0471282814455969,1.0384260416030884,1.0442272719069998,7050109
1988-06-21,1.0384260416030884,1.0442272719069998,1.0181218341360592,1.041326656755044,9063916
1988-06-22,1.0500292778015137,1.0529297954098165,1.0413270347997319,1.0529297954098165,10551995
1988-06-23,1.0442272424697876,1.0500288669967903,1.0384260123294156,1.0500288669967903,5588762
1988-06-24,1.0326247215270996,1.050028805312437,1.0326247215270996,1.044227181126253,9185101
1988-06-27,1.0413271188735962,1.0587311132988293,1.0094204366392459,1.0268241352743663,18293571
1988-06-28,1.0442272424697876,1.0529293834703186,1.0384260123294156,1.047128251926604,13955865
1988-06-29,1.0384260416030884,1.0500288965975526,1.026823679591926,1.0471282814455969,8005331
1988-06-30,1.0442272424697876,1.0500288669967903,1.0355253972592293,1.0413266273996016,5954098
1988-07-01,1.0326247215270996,1.044227181126253,1.026823590324175,1.0384259513266763,6212507
1988-07-05,1.061631679534912,1.061631679534912,1.0239234704152453,1.029724604422587,9434599
1988-07-06,1.058730959892273,1.0819357894467612,1.044227584007717,1.0616315759111703,11279105
1988-07-07,1.061631679534912,1.0674329121389534,1.04422768593269,1.0500293129235292,10780108
1988-07-08,1.0558303594589233,1.0616315915823522,1.052929743397209,1.0616315915823522,4729775
1988-07-11,1.0628383159637451,1.0715979216977662,1.059918447385738,1.059918447385738,5624404
1988-07-12,1.0540788173675537,1.0715979297155596,1.0511585517632334,1.0657581925158521,7622173
1988-07-13,1.0599181652069092,1.0599181652069092,1.0423986606496844,1.0540785288566799,14704360
1988-07-14,1.0599181652069092,1.0686777686088873,1.0511582640516626,1.0599181652069092,9687662
1988-07-15,1.0540788173675537,1.0657581925158521,1.0540788173675537,1.0599184553161447,5615494
1988-07-18,1.0511581897735596,1.0511581897735596,1.042398586990562,1.0511581897735596,3539311
1988-07-19,1.0423986911773682,1.0569984276125908,1.0336391867699486,1.0540785597264202,8559573
1988-07-20,1.0482386350631714,1.054078768999361,1.04239889813143,1.0482386350631714,4195135
1988-07-21,1.0394787788391113,1.0482383821230292,1.0365589110778055,1.0423986466004174,4122068
1988-07-22,1.024879813194275,1.0423989251932013,1.024879813194275,1.0365591881098541,5857863
1988-07-25,1.0277988910675049,1.0365583907028746,1.0219591584765662,1.0219591584765662,5856081
1988-07-26,1.0307193994522095,1.0365590364299264,1.0248796632233925,1.0307193994522095,5344610
1988-07-27,1.0161198377609253,1.0307191751559859,1.0161198377609253,1.0307191751559859,6073501
1988-07-28,1.0336391925811768,1.0365589612326704,1.0190398530682445,1.0190398530682445,8187108
1988-07-29,1.0540788173675537,1.0540788173675537,1.0336394394152275,1.0394790773638185,10815751
1988-08-01,1.0715972185134888,1.0715972185134888,1.0511578541264444,1.0599177518655505,7647122
1988-08-02,1.0803568363189697,1.089116437254139,1.071597334634862,1.0774369693405799,10414771
1988-08-03,1.1007966995239258,1.1007966995239258,1.0745176863610286,1.077437455405554,11108020
1988-08-04,1.0891170501708984,1.1066365596537853,1.0861971815493094,1.103716691032196,9705483
1988-08-05,1.0832773447036743,1.0891170821181506,1.0715979691258422,1.0832773447036743,4672746
1988-08-08,1.065758228302002,1.0920373443364386,1.059918490906207,1.0832773412382666,4817099
1988-08-09,1.065758228302002,1.0745178343956943,1.0569987214594296,1.0715979656977968,11649788
1988-08-10,1.0482386350631714,1.0657581436117314,1.04239889813143,1.0628382751458607,5977266
1988-08-11,1.0540788173675537,1.0569986859674074,1.0423989459636722,1.0482386831633796,4387606
1988-08-12,1.0511581897735596,1.0511581897735596,1.0453184545848946,1.048238322179227,3721089
1988-08-15,1.0307193994522095,1.0482385088875605,1.027799531337801,1.0482385088875605,7192679
1988-08-16,1.0511581897735596,1.062837957904137,1.021959613081317,1.0307192158643146,11653352
1988-08-17,1.0511581897735596,1.062837957904137,1.0453184545848946,1.0511581897735596,13137867
1988-08-18,1.065758228302002,1.0745178343956943,1.0482387183612574,1.0482387183612574,6606358
1988-08-19,1.065758228302002,1.0745178343956943,1.0628383596041044,1.0715979656977968,3453769
1988-08-22,1.0511581897735596,1.0657578254984694,1.048238322179227,1.0657578254984694,4508790
1988-08-23,1.0569981336593628,1.059917901482448,1.039478534210204,1.0482381354326538,4325231
1988-08-24,1.0745173692703247,1.0745173692703247,1.0540783964835623,1.0540783964835623,5063033
1988-08-25,1.0628383159637451,1.065758184541752,1.0540788094808398,1.059918447385738,4868781
1988-08-26,1.0686777830123901,1.0774372872813385,1.0628380473323642,1.0628380473323642,4264639
1988-08-29,1.0803568363189697,1.0803568363189697,1.068677467656472,1.071597334634862,4653143
1988-08-30,1.0920370817184448,1.0949569497141591,1.0832770807269172,1.0861969487226315,9297375
1988-08-31,1.0891170501708984,1.0978770530401352,1.0832773129277202,1.0949571844185462,5437280
1988-09-01,1.0745173692703247,1.0861967397551557,1.0657577669683935,1.0861967397551557,5326788
1988-09-02,1.1007966995239258,1.106636436115189,1.086197060292449,1.0920371938881372,10493185
1988-09-06,1.1153957843780518,1.1183156520018966,1.0949568102622216,1.1066361815065173,8518584
1988-09-07,1.1387550830841064,1.1387550830841064,1.1241553471917882,1.1299954797513283,10911986
1988-09-08,1.1475145816802979,1.1475145816802979,1.135835209876847,1.1387550776404816,8591652
1988-09-09,1.1329152584075928,1.1445946293481115,1.1183156229148505,1.1445946293481115,6903974
1988-09-12,1.1387550830841064,1.1416748516106106,1.1299954797513283,1.1416748516106106,4995312
1988-09-13,1.127075433731079,1.1387553041128298,1.127075433731079,1.1387553041128298,4613936
1988-09-14,1.1387550830841064,1.1416748516106106,1.1299954797513283,1.1416748516106106,12530160
1988-09-15,1.1299960613250732,1.147515177756084,1.1299960613250732,1.1387556691661485,5325006
1988-09-16,1.1387550830841064,1.1387550830841064,1.1270752149693808,1.1270752149693808,8155030
1988-09-19,1.1329152584075928,1.1358351259554926,1.1241552587595696,1.1299953908596927,3284467
1988-09-20,1.1329152584075928,1.1329152584075928,1.1241552587595696,1.1270751263074694,6656258
1988-09-21,1.1445943117141724,1.1475141784517864,1.13291494401477,1.135834810752384,6312307
1988-09-22,1.1475145816802979,1.1475145816802979,1.1387550776404816,1.144594713916663,4729775
1988-09-23,1.1212360858917236,1.132915960324103,1.1124765770720086,1.132915960324103,21681401
1988-09-26,1.1299960613250732,1.1299960613250732,1.1212360564794388,1.1212360564794388,5401638
1988-09-27,1.1358354091644287,1.138755277440368,1.1270754073321887,1.1358354091644287,6618833
1988-09-28,1.127075433731079,1.1299956990798405,1.1212356970424195,1.127075433731079,3737128
1988-09-29,1.1387550830841064,1.1416748516106106,1.1270752149693808,1.1270752149693808,9218962
1988-09-30,1.127075433731079,1.1387553041128298,1.1241555653867492,1.1329155674241702,9489846
1988-10-03,1.1329152584075928,1.1329152584075928,1.1212353912116695,1.1241552587595696,4182661
1988-10-04,1.1095560789108276,1.1241553181708115,1.1095560789108276,1.1241553181708115,6176865
1988-10-05,1.094956874847412,1.1037163789845357,1.089116742250913,1.1007965111884648,10400514
1988-10-06,1.0686777830123901,1.0920370234857666,1.0628380473323642,1.0891167586413906,26393354
1988-10-07,1.0904275178909302,1.0992453414264411,1.078671052583022,1.078671052583022,22921764
1988-10-10,1.093367338180542,1.0992460240632098,1.0757325793143009,1.081610865571811,6552894
1988-10-11,1.1051230430603027,1.1051230430603027,1.0786704855161653,1.096305224160399,7356635
1988-10-12,1.0992454290390015,1.102184570576792,1.0845493217251068,1.0933667463384789,7577619
1988-10-13,1.122758388519287,1.137454394972537,1.093366675331474,1.093366675331474,18420102
1988-10-14,1.1403940916061401,1.149211420034029,1.128637120868808,1.128637120868808,12351947
1988-10-17,1.1345150470733643,1.140393730392544,1.128636763379168,1.137454588545446,4931155
1988-10-18,1.1403940916061401,1.1403940916061401,1.128637120868808,1.134515406424919,5725986
1988-10-19,1.1315757036209106,1.1403935272161752,1.1256975208802371,1.1403935272161752,6579626
1988-10-20,1.1462712287902832,1.1462712287902832,1.1315751299979275,1.1374538092896955,5390945
1988-10-21,1.1403940916061401,1.1433332343841955,1.128637120868808,1.134515406424919,9974585
1988-10-24,1.1345150470733643,1.143332872239642,1.1345150470733643,1.140393730392544,5177089
1988-10-25,1.1403940916061401,1.1433332343841955,1.1315762636468634,1.1315762636468634,3662278
1988-10-26,1.143332839012146,1.1580284479143075,1.1403936972504651,1.143332839012146,14294470
1988-10-27,1.1374543905258179,1.1433326731966629,1.1286365668946365,1.1433326731966629,6488738
1988-10-28,1.1403940916061401,1.1433332343841955,1.134515406424919,1.134515406424919,3550004
1988-10-31,1.1286364793777466,1.1345147615927769,1.122758297068937,1.1345147615927769,5301839
1988-11-01,1.1374543905258179,1.1403935318612404,1.1256975254654424,1.1256975254654424,5864992
1988-11-02,1.1345150470733643,1.1345150470733643,1.1227585795912176,1.1345150470733643,7415445
1988-11-03,1.122758388519287,1.1315757126537962,1.122758388519287,1.122758388519287,5210950
1988-11-04,1.1110023260116577,1.134515367523587,1.105124140563381,1.1168806113662086,5308967
1988-11-07,1.0963060855865479,1.0992456272794033,1.0874886593830215,1.0874886593830215,4207610
1988-11-08,1.093367338180542,1.102185167191965,1.0874890519230318,1.0992460240632098,4957887
1988-11-09,1.0786703824996948,1.0904268405043465,1.0786703824996948,1.0816095219773991,7691676
1988-11-10,1.0727925300598145,1.0786708113522807,1.0669142487673482,1.0727925300598145,7599005
1988-11-11,1.0580967664718628,1.066914490123916,1.0551576251607393,1.0580967664718628,9400739
1988-11-14,1.061036229133606,1.0639753702279042,1.0463401240372328,1.0522184062258295,6668733
1988-11-15,1.0522183179855347,1.0639752810016563,1.0463400362898976,1.0610361401538377,6586755
1988-11-16,1.0492792129516602,1.0522183538997973,1.0404618900134641,1.0522183538997973,5387381
1988-11-17,1.046339988708496,1.0551574108509871,1.046339988708496,1.0492791294226598,5219861
1988-11-18,1.0551574230194092,1.058096563767468,1.0492791415232916,1.0522182822713504,5816874
1988-11-21,1.0434010028839111,1.0522184263353207,1.0375228204891935,1.049279285184851,7240797
1988-11-22,1.0434010028839111,1.049279285184851,1.0375228204891935,1.0434010028839111,6977041
1988-11-23,1.0580967664718628,1.0639754487190203,1.0434010599162458,1.046340201227369,7224758
1988-11-25,1.0434010028839111,1.0522184263353207,1.0404619616396635,1.0522184263353207,5428370
1988-11-28,1.0580967664718628,1.0610363074078968,1.046340201227369,1.0492793425384925,4490969
1988-11-29,1.0757323503494263,1.0816106353557695,1.052218910605249,1.0580971956115923,6642001
1988-11-30,1.081609845161438,1.087488025967076,1.072792424093688,1.0757315644496046,5030955
1988-12-01,1.0757323503494263,1.0874888204558444,1.0698540653430832,1.0816106353557695,4984619
1988-12-02,1.081609845161438,1.081609845161438,1.0669141433818545,1.0669141433818545,4339488
1988-12-05,1.093367338180542,1.093367338180542,1.081610865571811,1.081610865571811,5934495
1988-12-06,1.102184772491455,1.1051239145676817,1.0874886624853077,1.0874886624853077,9163716
1988-12-07,1.1110023260116577,1.1110023260116577,1.09924585520883,1.09924585520883,6210725
1988-12-08,1.1110023260116577,1.1168806113662086,1.1021849978861056,1.105124140563381,6021819
1988-12-09,1.116880178451538,1.1256976030656365,1.1080627538374395,1.1080627538374395,10527046
1988-12-12,1.1110023260116577,1.1227588967207596,1.1110023260116577,1.119819754043484,7206936
1988-12-13,1.1110023260116577,1.1168806113662086,1.1021849978861056,1.1080631833343824,5300056
1988-12-14,1.1110023260116577,1.119819754043484,1.105124140563381,1.1080631833343824,5955881
1988-12-15,1.0874884128570557,1.1080627023866638,1.0845492714554963,1.1080627023866638,7039416
1988-12-16,1.093367338180542,1.0992460240632098,1.0874890519230318,1.096306481309297,9730433
1988-12-19,1.1051230430603027,1.1051230430603027,1.0904269446435961,1.0904269446435961,6421017
1988-12-20,1.1051230430603027,1.1110012226709307,1.1021839033019012,1.1051230430603027,5171743
1988-12-21,1.113940954208374,1.113940954208374,1.102184488835343,1.1051236301551577,6620615
1988-12-22,1.0963060855865479,1.1110020956445184,1.0933669435187057,1.1080629535766762,5604801
1988-12-23,1.1080626249313354,1.1110017661274443,1.0963057604282291,1.0963057604282291,1687678
1988-12-27,1.1051230430603027,1.1110012226709307,1.096305224160399,1.1051230430603027,3188232
1988-12-28,1.1051230430603027,1.1080620829125292,1.0992447635434999,1.1080620829125292,5298274
1988-12-29,1.1286364793777466,1.1315756204852618,1.0963057273826378,1.099245268115036,5900634
1988-12-30,1.1315757036209106,1.1374543858927244,1.1227583795567864,1.1227583795567864,4633540
1989-01-03,1.122758388519287,1.1315757126537962,1.1168801058254618,1.1315757126537962,6506559
1989-01-04,1.1403940916061401,1.1403940916061401,1.1227589352189744,1.1227589352189744,5841824
1989-01-05,1.1374543905258179,1.1492108559612795,1.131575708230059,1.1345148495654815,4834920
1989-01-06,1.122758388519287,1.146271819013275,1.1198192471723745,1.137454394972537,5788360
1989-01-09,1.1061952114105225,1.1180260058079277,1.094363914323744,1.1150682820741078,11350390
1989-01-10,1.1061952114105225,1.1061952114105225,1.0973216380575639,1.1061952114105225,8035627
1989-01-11,1.1180263757705688,1.1180263757705688,1.1032374505940876,1.1061955774582708,4277113
1989-01-12,1.1180263757705688,1.1180263757705688,1.1091533021708222,1.1121110268833738,7893056
1989-01-13,1.1268991231918335,1.1328145703769683,1.1180259524141314,1.1180259524141314,6485173
1989-01-16,1.1268991231918335,1.1268991231918335,1.1121106057668666,1.115068228821564,4687004
1989-01-17,1.1150686740875244,1.126899573182074,1.1150686740875244,1.126899573182074,5326788
1989-01-18,1.1150686740875244,1.1180263988611618,1.1002797486056077,1.1150686740875244,8613037
1989-01-19,1.1150686740875244,1.1180263988611618,1.1091533250781596,1.1091533250781596,6353296
1989-01-20,1.1061952114105225,1.1150682820741078,1.094363914323744,1.1121106588781624,6752493
1989-01-23,1.103237509727478,1.1150687108255586,1.1002797848563928,1.1061956367502164,5556683
1989-01-24,1.1268991231918335,1.1268991231918335,1.094363862059983,1.103237032837685,8441953
1989-01-25,1.1446460485458374,1.1476037728675608,1.1298571253235374,1.1416879220725358,11343261
1989-01-26,1.1505615711212158,1.1594346441186503,1.1387302709224973,1.1446461220976587,8377796
1989-01-27,1.1535184383392334,1.165349227055816,1.1505607160256313,1.1623915047422138,11560681
1989-01-30,1.1623923778533936,1.1653501023886401,1.1535193047855559,1.1564769287829006,6371117
1989-01-31,1.1594340801239014,1.1594340801239014,1.1446455652966303,1.1594340801239014,8482942
1989-02-01,1.1446460485458374,1.1623922939382823,1.1416879220725358,1.1535192215110073,4838485
1989-02-02,1.165350079536438,1.1712655284909306,1.1505615576881063,1.1505615576881063,10056563
1989-02-03,1.183096170425415,1.183096170425415,1.1594340841455857,1.1623918072288697,9600338
1989-02-06,1.1712641716003418,1.189010799518338,1.1712641716003418,1.1860530784675638,8074834
1989-02-07,1.189012885093689,1.1919706113324313,1.1683084998086124,1.171266226047355,9071045
1989-02-08,1.1919697523117065,1.2008428240953886,1.1801384537313981,1.1949274764188962,9160151
1989-02-09,1.1712641716003418,1.1860530784675638,1.1594332873972444,1.1830953574167895,8322550
1989-02-10,1.1535184383392334,1.1771800157723984,1.1535184383392334,1.1535184383392334,7353071
1989-02-13,1.1446460485458374,1.1653500182600056,1.1446460485458374,1.150561497189284,9097777
1989-02-14,1.1476041078567505,1.1535195582269353,1.1387305301497774,1.150561833041843,9067481
1989-02-15,1.1801385879516602,1.1801385879516602,1.1476038201480827,1.1505615445916622,8249483
1989-02-16,1.19492769241333,1.2008430411590774,1.1890122431296775,1.19492769241333,12154131
1989-02-17,1.224504828453064,1.224504828453064,1.2008427357232196,1.2038004596127452,14554661
1989-02-21,1.248166799545288,1.248166799545288,1.218589352927016,1.224505103649217,13250141
1989-02-22,1.2038010358810425,1.2422516659272307,1.1978856858081504,1.2422516659272307,8242354
1989-02-23,1.2156317234039307,1.2215470724369497,1.2008430994766066,1.2008430994766066,6488738
1989-02-24,1.1919697523117065,1.218589168738527,1.1919697523117065,1.218589168738527,7816425
1989-02-27,1.2008428573608398,1.2126737541173356,1.1919697853313582,1.194927509520482,5025608
1989-02-28,1.2097152471542358,1.2126729694294978,1.1978844585910131,1.203799802603712,8853625
1989-03-01,1.230420470237732,1.2392936433053796,1.215631546844632,1.2185892712005144,11799487
1989-03-02,1.2156317234039307,1.2363360985159153,1.1949277504435876,1.224505199374056,6349731
1989-03-03,1.218589186668396,1.2245049365834797,1.20971601421627,1.2126737383669786,3749603
1989-03-06,1.2274627685546875,1.2274627685546875,1.218589293709448,1.218589293709448,7631083
1989-03-07,1.2215467691421509,1.2274626193958902,1.2185891456289375,1.2274626193958902,7754050
1989-03-08,1.224504828453064,1.2333780001216408,1.2156313551708475,1.2215467024120188,7196243
1989-03-09,1.2333779335021973,1.2363356572319648,1.227462486042662,1.2304202097724295,6135876
1989-03-10,1.230420470237732,1.2333781945936144,1.224505021525967,1.2333781945936144,5898852
1989-03-13,1.2363353967666626,1.2481661886554034,1.2304199505533655,1.2333776736600142,7937610
1989-03-14,1.2422510385513306,1.2481664861746635,1.2392934152775414,1.2392934152775414,4095336
1989-03-15,1.2599971294403076,1.2718283239345392,1.2511239597798125,1.2511239597798125,7376239
1989-03-16,1.2570394277572632,1.2688706224542012,1.2570394277572632,1.2629552764503793,5535298
1989-03-17,1.2097152471542358,1.2333773269698065,1.1919690140404893,1.1949267363157512,14702578
1989-03-20,1.2215467691421509,1.2245048953447915,1.206758249424542,1.2126736975267396,4815317
1989-03-21,1.2363353967666626,1.2363353967666626,1.2245045043400686,1.2245045043400686,6196468
1989-03-22,1.224504828453064,1.2363357240111663,1.2215467024120188,1.2363357240111663,6713286
1989-03-23,1.2215467691421509,1.2333780674980879,1.2185891456289375,1.2245048953447915,7559798
1989-03-27,1.248166799545288,1.248166799545288,1.2156316283727693,1.2215469769433602,5137883
1989-03-28,1.271828055381775,1.2777435005730295,1.2511236955988756,1.254081418194503,8343936
1989-03-29,1.271828055381775,1.2836589457642842,1.2688703327861475,1.271828055381775,5006005
1989-03-30,1.2807018756866455,1.2836595997892342,1.2659132551737025,1.2659132551737025,4008012
1989-03-31,1.2954909801483154,1.2954909801483154,1.277744728064095,1.277744728064095,7836028
1989-04-03,1.2777442932128906,1.3014063902700357,1.2747865687824593,1.3014063902700357,8149683
1989-04-04,1.2777442932128906,1.280702017643322,1.271828844352028,1.2747865687824593,3778117
1989-04-05,1.271828055381775,1.2807012231686568,1.2659126101905203,1.2807012231686568,3767424
1989-04-06,1.2807018756866455,1.2807018756866455,1.2599975053548635,1.262955631609001,8570266
1989-04-07,1.2984479665756226,1.2984479665756226,1.2777440008380077,1.2807017245916492,5034519
1989-04-10,1.3038069009780884,1.3067836124296424,1.2859467334520631,1.291900156355171,3778117
1989-04-11,1.3067824840545654,1.3097595976686467,1.2948756485296142,1.3008290662920898,6568933
1989-04-12,1.3038069009780884,1.3276208961404146,1.3008301895265344,1.3097607286143893,8762736
1989-04-13,1.2919001579284668,1.3008301911107054,1.2770166006525718,1.2948767682003475,3895738
1989-04-14,1.3216664791107178,1.3246431883232608,1.297852501860708,1.3097597434437682,6440620
1989-04-17,1.3127366304397583,1.3246433677192329,1.3097599208240807,1.3246433677192329,5114715
1989-04-18,1.3157132863998413,1.3186898947108951,1.303806043689772,1.3127365769055557,6918231
1989-04-19,1.3038069009780884,1.3246441846888606,1.3038069009780884,1.3216674732373066,7050109
1989-04-20,1.2919001579284668,1.3186907633916745,1.2859467350181089,1.3097607302094358,5442627
1989-04-21,1.3067824840545654,1.3097595976686467,1.2918990408315874,1.2948756485296142,4551562
1989-04-24,1.3008298873901367,1.3038065981503069,1.2948764658697964,1.3008298873901367,5202039
1989-04-25,1.2829688787460327,1.3008290303568641,1.2829688787460327,1.3008290303568641,2926258
1989-04-26,1.285946011543274,1.2948760397014676,1.277015882201839,1.2889227213237524,6843382
1989-04-27,1.3216664791107178,1.3216664791107178,1.2889224754063013,1.2918991846188443,6214289
1989-04-28,1.3157132863998413,1.3216666042051808,1.30975986741127,1.3216666042051808,5312531
1989-05-01,1.3097591400146484,1.3127358478557696,1.3008286117585828,1.3097591400146484,5774103
1989-05-02,1.3127366304397583,1.3216666581035552,1.3008293872441044,1.315713340055436,8482942
1989-05-03,1.330596685409546,1.330596685409546,1.3097598208731496,1.3097598208731496,4947195
1989-05-04,1.330596685409546,1.339526712391871,1.3246432666325103,1.330596685409546,4487405
1989-05-05,1.3246439695358276,1.3365507122248126,1.3127372268468425,1.3365507122248126,5601237
1989-05-08,1.3157132863998413,1.3246433136994662,1.303806043689772,1.3246433136994662,4767199
1989-05-09,1.330596685409546,1.3335733947980635,1.3216665572439925,1.3216665572439925,4854524
1989-05-10,1.330596685409546,1.339526712391871,1.3246432666325103,1.327619976021028,5246593
1989-05-11,1.3484575748443604,1.3484575748443604,1.3395270397633314,1.3425037498793373,4701261
1989-05-12,1.381201148033142,1.384177858072164,1.3603642789432397,1.3663176990212833,9379353
1989-05-15,1.4228748083114624,1.4228748083114624,1.3841773885637165,1.3841773885637165,7566927
1989-05-16,1.4288285970687866,1.434782014985642,1.4169214576854354,1.4169214576854354,9094213
1989-05-17,1.4496649503707886,1.4496649503707886,1.4228742755875783,1.4288280961499962,6027166
1989-05-18,1.4228748083114624,1.4466887840957647,1.4228748083114624,1.4377587581909852,7746922
1989-05-19,1.4050146341323853,1.4198981790546146,1.396084608362262,1.410968052101277,19674722
1989-05-22,1.4169212579727173,1.422874573867249,1.4109678408949862,1.4169212579727173,16260160
1989-05-23,1.3960851430892944,1.4139453026535345,1.3931084329647123,1.4109685925289521,8441953
1989-05-24,1.387154221534729,1.3960843468150663,1.375247084278026,1.3960843468150663,7638212
1989-05-25,1.3752480745315552,1.3812013944886328,1.3752480745315552,1.3752480745315552,3681882
1989-05-26,1.3990609645843506,1.4020376728182427,1.375246995163648,1.37822370339754,4050783
1989-05-30,1.381201148033142,1.4050151318950674,1.3633409889822614,1.399061813000274,5729550
1989-05-31,1.4109679460525513,1.422874679912207,1.3812005548957744,1.3812005548957744,3729999
1989-06-01,1.4198983907699585,1.42882882260452,1.4079915530567941,1.4079915530567941,4125632
1989-06-02,1.4526424407958984,1.4526424407958984,1.4258522574972272,1.4258522574972272,5506784
1989-06-05,1.434782862663269,1.4496663150654194,1.4318061519461842,1.4466896043483348,4359091
1989-06-06,1.4377586841583252,1.443712101910437,1.419898127352357,1.4377586841583252,6007562
1989-06-07,1.4466884136199951,1.4556185384211162,1.4347816817350239,1.4407350982691045,4435723
1989-06-08,1.440735936164856,1.4437126461630758,1.4318058061701961,1.434782516168416,5745589
1989-06-09,1.434782862663269,1.4437129948145233,1.410968873376771,1.4377595733803537,5585197
1989-06-12,1.4258517026901245,1.4318050182271196,1.4169211728770694,1.4288283098670254,2846063
1989-06-13,1.381201148033142,1.4169219720511548,1.381201148033142,1.4169219720511548,4856306
1989-06-14,1.3573871850967407,1.369293919815334,1.3454799444620769,1.369293919815334,8370667
1989-06-15,1.333573341369629,1.3544106098041109,1.3246432135618533,1.3514339005348524,11369993
1989-06-16,1.351434350013733,1.351434350013733,1.3157136245356853,1.3157136245356853,15406519
1989-06-19,1.3692930936813354,1.372269800860854,1.3484562446078583,1.3484562446078583,4248599
1989-06-20,1.372270941734314,1.3752476513885983,1.3663175224257453,1.3663175224257453,6754275
1989-06-21,1.3663177490234375,1.3841779087279338,1.3663177490234375,1.378224589615271,4612154
1989-06-22,1.381201148033142,1.381201148033142,1.3633409889822614,1.3633409889822614,4849177
1989-06-23,1.381201148033142,1.4020385230392958,1.381201148033142,1.3901316828832087,6322999
1989-06-26,1.4050146341323853,1.422874786855846,1.3871544814089245,1.3871544814089245,10364872
1989-06-27,1.4288285970687866,1.4288285970687866,1.4139447487270078,1.4169214576854354,7194461
1989-06-28,1.4109679460525513,1.4258518945889567,1.3990612121928954,1.422874679912207,4631757
1989-06-29,1.387154221534729,1.4050143709122085,1.3812003999483888,1.4050143709122085,4785021
1989-06-30,1.381201148033142,1.3871549728441868,1.3722711190993269,1.3871549728441868,7611480
1989-07-03,1.3931074142456055,1.3990608301412946,1.378223570956845,1.378223570956845,2134992
1989-07-05,1.3990609645843506,1.4050142798689458,1.381200310448243,1.3871541316487825,2813984
1989-07-06,1.4079921245574951,1.4109688351940262,1.396085383194642,1.4050154139209643,3058136
1989-07-07,1.4258517026901245,1.4288283098670254,1.3990610238996977,1.4050143394366927,7140997
1989-07-10,1.4222582578659058,1.428246679833877,1.4222582578659058,1.4252524688498915,4312756
1989-07-11,1.4372293949127197,1.4372293949127197,1.4252522475024687,1.4252522475024687,5030955
1989-07-12,1.4432190656661987,1.4462132787779272,1.4342365281092218,1.4372306394427417,4250382
1989-07-13,1.4611836671829224,1.4611836671829224,1.437230073499594,1.4492069212303422,4111375
1989-07-14,1.467171311378479,1.4761543495155351,1.4522003614489276,1.4611828906954127,7328121
1989-07-17,1.4821438789367676,1.4881323045107804,1.4671725096671433,1.4731613423539456,5528169
1989-07-18,1.4911259412765503,1.4911259412765503,1.4731607732726446,1.4821433063855185,4649579
1989-07-19,1.503102421760559,1.5240622048225183,1.4851372569150945,1.4911256791229628,5597672
1989-07-20,1.4761546850204468,1.5031023806627706,1.4731604739983803,1.500108169640704,8035627
1989-07-21,1.503102421760559,1.503102421760559,1.4731605142774982,1.4731605142774982,4576511
1989-07-24,1.4851371049880981,1.4881313157857297,1.473160363575702,1.4791486833928353,4394734
1989-07-25,1.4701663255691528,1.4971145387118834,1.4701663255691528,1.4881319027758098,5886377
1989-07-26,1.5060971975326538,1.512086029098424,1.467172235031426,1.479149389272075,3635546
1989-07-27,1.5540053844451904,1.5569995970197303,1.5270571659397598,1.5300513785143,7287132
1989-07-28,1.5629876852035522,1.5629876852035522,1.5450220065167808,1.5450220065167808,6282010
1989-07-31,1.5749644041061401,1.5749644041061401,1.554005022740975,1.5569992346185937,4932938
1989-08-01,1.5599936246871948,1.5809530084464554,1.5360396215955883,1.5779587962268211,7470692
1989-08-02,1.5480157136917114,1.5569987536623764,1.5270563388008875,1.554004542709668,3083086
1989-08-03,1.5300511121749878,1.5510104947701326,1.5300511121749878,1.5450220706634705,3336149
1989-08-04,1.5210680961608887,1.5270565187720708,1.5060967342984926,1.5180739866334447,4790367
1989-08-07,1.5270570516586304,1.5270570516586304,1.509091472221319,1.5180745163854308,7010902
1989-08-08,1.5240627527236938,1.5300511770844032,1.5210685405433393,1.5300511770844032,4478494
1989-08-09,1.509090781211853,1.5300505634021853,1.4971140390723177,1.5240621414433497,5843606
1989-08-10,1.5210680961608887,1.5270565187720708,1.5001083116873106,1.5031025229929016,6789918
1989-08-11,1.4971143007278442,1.5390334653223139,1.4911258777223926,1.533045042316862,5533516
1989-08-14,1.4821438789367676,1.4941207300847934,1.4791496661497612,1.491126517297787,8531059
1989-08-15,1.4851371049880981,1.4911255265833612,1.4791486833928353,1.4821428941904666,5055905
1989-08-16,1.5001081228256226,1.5031023337542462,1.4821429590320143,1.4911255918178854,5686779
1989-08-17,1.5180737972259521,1.5180737972259521,1.5001081245213645,1.503102335453373,7718408
1989-08-18,1.5270570516586304,1.5360396887100123,1.5180745163854308,1.5180745163854308,3799502
1989-08-21,1.4881312847137451,1.5180736973992552,1.4821428632435196,1.5090906580814065,7292478
1989-08-22,1.4971143007278442,1.5031026219551424,1.479149031711489,1.4881316662196666,5733114
1989-08-23,1.494120717048645,1.5090916790748587,1.485138078765999,1.5001090407922126,5462230
1989-08-24,1.5240627527236938,1.55400517986177,1.5031029621266816,1.5090913864873907,9931814
1989-08-25,1.509090781211853,1.5270563524227674,1.5060965702324352,1.51807382126265,5786578
1989-08-28,1.5300511121749878,1.5300511121749878,1.5001086863071602,1.5031028983604913,3781681
1989-08-29,1.5180737972259521,1.5360389610398684,1.5150795862939437,1.5300505391758517,4997094
1989-08-30,1.5120856761932373,1.5300508435813458,1.5031026344974878,1.5090910575529088,7271093
1989-08-31,1.515080213546753,1.5270569604551014,1.5090913820907847,1.515080213546753,4836702
1989-09-01,1.5330450534820557,1.5330450534820557,1.5120856745884808,1.5150798861130135,7819989
1989-09-05,1.5330450534820557,1.5390334765311213,1.530050841957523,1.530050841957523,4232560
1989-09-06,1.4911259412765503,1.5270566843969935,1.4791490947551744,1.5270566843969935,5485398
1989-09-07,1.4791494607925415,1.5060972703561122,1.4791494607925415,1.4941205226490715,5255503
1989-09-08,1.5060971975326538,1.5090914097591823,1.455195386125312,1.479149389272075,7304953
1989-09-11,1.4911259412765503,1.506096897650112,1.4851375180158624,1.506096897650112,3558915
1989-09-12,1.509090781211853,1.509090781211853,1.4971140390723177,1.5031023592530173,5383817
1989-09-13,1.4881312847137451,1.5120852759290297,1.4851370739786323,1.5090906580814065,4191571
1989-09-14,1.494120717048645,1.5001090407922126,1.4731613295006671,1.4911265042877628,4767199
1989-09-15,1.5060971975326538,1.5090914097591823,1.4881320259516608,1.4881320259516608,11047428
1989-09-18,1.5450217723846436,1.5480159838599181,1.5090910311250436,1.5090910311250436,5864992
1989-09-19,1.536039113998413,1.5540046867138755,1.5330449027682416,1.5450216459107833,6675861
1989-09-20,1.509090781211853,1.5330447743816031,1.509090781211853,1.5270563524227674,7338814
1989-09-21,1.4851371049880981,1.5120853075011704,1.4851371049880981,1.497113948178624,5572722
1989-09-22,1.4971143007278442,1.509091044960594,1.4761549219869168,1.482143243214215,8673630
1989-09-25,1.4791494607925415,1.5031030579848061,1.4671723059727682,1.5031030579848061,4572947
1989-09-26,1.4701663255691528,1.4971145387118834,1.4671721135904616,1.4851376907971185,6412106
1989-09-27,1.4881312847137451,1.4911254954488578,1.4671715042335731,1.470165714968686,4970362
1989-09-28,1.5330450534820557,1.5360392650065884,1.494120100106821,1.494120100106821,4881256
1989-09-29,1.5270570516586304,1.5420280116327512,1.5240628393081697,1.5360396887100123,3861877
1989-10-02,1.5450217723846436,1.554004813923078,1.5150798611882035,1.5300508167864235,3083086
1989-10-03,1.5569989681243896,1.5569989681243896,1.539033394599145,1.545021715551262,8359975
1989-10-04,1.5809526443481445,1.5899351771601635,1.5599932654158943,1.5659815866978555,8144337
1989-10-05,1.5959235429763794,1.6049061749529292,1.5719695523712052,1.574963763030055,5408766
1989-10-06,1.6133822202682495,1.6133822202682495,1.604352148013338,1.6133822202682495,5941623
1989-10-09,1.6284313201904297,1.6314413425782064,1.6163912306393229,1.6163912306393229,3781681
1989-10-10,1.640472650527954,1.649502722831656,1.622412198973601,1.6254222230748347,4294935
1989-10-11,1.6254218816757202,1.643482329436707,1.6133818901152805,1.643482329436707,4941848
1989-10-12,1.6133822202682495,1.6344522865473936,1.6133822202682495,1.6254222142924821,5540644
1989-10-13,1.480940818786621,1.6163924390803428,1.4779303848858294,1.6163924390803428,11735330
1989-10-16,1.5652213096618652,1.625421881345607,1.4929802348419878,1.4929802348419878,19469777
1989-10-17,1.5652213096618652,1.5772613012198597,1.5230807764729293,1.541140814967735,7848503
1989-10-18,1.5953220129013062,1.6013424716411162,1.5531814619300945,1.5531814619300945,7602569
1989-10-19,1.6254218816757202,1.643482329436707,1.6013417962392127,1.6013417962392127,10601895
1989-10-20,1.6163922548294067,1.6254223277144366,1.598331802112378,1.6163922548294067,8368885
1989-10-23,1.6254218816757202,1.6284319051447371,1.6133818901152805,1.6133818901152805,4261074
1989-10-24,1.6133822202682495,1.6254222142924821,1.568231654362394,1.6254222142924821,7524155
1989-10-25,1.5923115015029907,1.6133820774957899,1.5893015800000254,1.6043520060399734,4369784
1989-10-26,1.5832815170288086,1.59231148608153,1.5772614694499014,1.5893015646077155,3631982
1989-10-27,1.5561914443969727,1.5862919979119696,1.5411414234286458,1.5772619239415724,4879474
1989-10-30,1.562211036682129,1.5712411056450923,1.5531805584567178,1.5561905814443722,3341495
1989-10-31,1.571241021156311,1.5802709873181031,1.565220975504712,1.571241021156311,6882588
1989-11-01,1.5802713632583618,1.586291410342106,1.5652213478646322,1.5712413949483763,4662054
1989-11-02,1.571241021156311,1.5802709873181031,1.5622109526789125,1.565220975504712,6479827
1989-11-03,1.5561914443969727,1.5742518992847734,1.5501713950833744,1.5652219276300448,2965465
1989-11-06,1.5291008949279785,1.5561910069077056,1.5291008949279785,1.5561910069077056,3991973
1989-11-07,1.5441519021987915,1.5561919020511137,1.5230818257204535,1.5291017744887652,7620390
1989-11-08,1.5682322978973389,1.5802722968622682,1.5501717367136434,1.5501717367136434,8306511
1989-11-09,1.5772613286972046,1.5893014227805768,1.5682313604503055,1.5712413839711485,8689669
1989-11-10,1.6073614358901978,1.6073614358901978,1.5742508791739633,1.5742508791739633,6558241
1989-11-13,1.5983318090438843,1.616392261839236,1.5953217847358208,1.6133823398468292,7819989
1989-11-14,1.5802713632583618,1.6013418349983588,1.5592008915183648,1.5953213786520914,4549779
1989-11-15,1.5742511749267578,1.5772611981985591,1.5471607608493032,1.5712412539705782,7091098
1989-11-16,1.5742511749267578,1.5742511749267578,1.5622111841551745,1.5742511749267578,5478270
1989-11-17,1.5923115015029907,1.5953215253215962,1.5772614847256037,1.5802715085442092,4223650
1989-11-20,1.5983318090438843,1.5983318090438843,1.5893018384353506,1.5953217847358208,3831581
1989-11-21,1.586292028427124,1.6013424589476475,1.5772619542830173,1.5923119755408581,5984395
1989-11-22,1.6224119663238525,1.628432013663061,1.583281453987727,1.5862914776573311,5622622
1989-11-24,1.6675628423690796,1.6675628423690796,1.6284323226091149,1.6284323226091149,4619283
1989-11-27,1.688632845878601,1.6946528926732327,1.6796028780022796,1.6856228224812853,6973477
1989-11-28,1.6826131343841553,1.6856230558826168,1.6615425584228851,1.6735826536792908,4587204
1989-11-29,1.6615428924560547,1.6765930145522077,1.6615428924560547,1.6765930145522077,3345059
1989-11-30,1.6675628423690796,1.6705728666097455,1.655522847722071,1.6645528181284137,5198475
1989-12-01,1.685623049736023,1.6916430973422738,1.6705726237734766,1.6705726237734766,11434150
1989-12-04,1.6826131343841553,1.6856230558826168,1.6735826536792908,1.6765926774933924,3991973
1989-12-05,1.6675628423690796,1.685623294760038,1.6675628423690796,1.685623294760038,5451538
1989-12-06,1.6464929580688477,1.6675630277805737,1.643482933493506,1.6675630277805737,4280678
1989-12-07,1.6163922548294067,1.6495028290214853,1.5893018315430048,1.6464928047264753,39025096
1989-12-08,1.6163922548294067,1.6344524005994665,1.6103723085550434,1.6194022791244167,7832464
1989-12-11,1.5652213096618652,1.6133818897876127,1.5531808065257295,1.6133818897876127,19827985
1989-12-12,1.562211036682129,1.5772610493047894,1.5501705354690634,1.568231082657438,21481802
1989-12-13,1.5471605062484741,1.5592004950387561,1.5351204151425872,1.5592004950387561,21109337
1989-12-14,1.571241021156311,1.5802709873181031,1.5441505087772962,1.5471605316030956,18596533
1989-12-15,1.571241021156311,1.586291032969702,1.5441505087772962,1.5531804749390883,17022912
1989-12-18,1.5682322978973389,1.5953223211473526,1.5652222725771838,1.5652222725771838,12603228
1989-12-19,1.562211036682129,1.568231082657438,1.5351205228464029,1.5652210596697833,9978149
1989-12-20,1.5742511749267578,1.5832812447421616,1.5652212074269756,1.5652212074269756,7561580
1989-12-21,1.6073614358901978,1.6133814813028209,1.5802709245865865,1.5832809472928981,4350181
1989-12-22,1.619402527809143,1.6314426268381292,1.6013424815813357,1.6073625310958288,5740243
1989-12-26,1.619402527809143,1.6284326020808826,1.6163925030518964,1.6163925030518964,4061476
1989-12-27,1.6224119663238525,1.628432013663061,1.616391918984644,1.6224119663238525,5681432
1989-12-28,1.6224119663238525,1.6314420373326652,1.6194019426542483,1.628432013663061,9484499
1989-12-29,1.6374623775482178,1.6374623775482178,1.6254223822796534,1.6254223822796534,3063483
1990-01-02,1.6675628423690796,1.6675628423690796,1.6374622930154579,1.6434827507594076,10106463
1990-01-03,1.6735825538635254,1.6796030103952164,1.6615424593252146,1.6705725302289476,6114490
1990-01-04,1.6705726385116577,1.6796031192632617,1.6555226216788954,1.676592686171019,6476263
1990-01-05,1.6525124311447144,1.6675624464592398,1.646492384092652,1.6645524229332087,3382484
1990-01-08,1.6609830856323242,1.664008538312659,1.6398046083497044,1.6458554108702812,6631308
1990-01-09,1.654933214187622,1.6761112933408315,1.6519077596171412,1.657958668758103,6932488
1990-01-10,1.6337543725967407,1.651907404639196,1.6277034647560569,1.6458560854379738,4795713
1990-01-11,1.6488816738128662,1.6549325806373871,1.6367795516434724,1.6367795516434724,2944080
1990-01-12,1.6156011819839478,1.6367792491152822,1.6156011819839478,1.6367792491152822,4097118
1990-01-15,1.5944232940673828,1.6125763264299406,1.5823214781726171,1.6095508724562493,5677868
1990-01-16,1.6125763654708862,1.6125763654708862,1.5792961652742843,1.582321516481084,5656483
1990-01-17,1.5944232940673828,1.6277034934582613,1.58837238612,1.6125763264299406,5394509
1990-01-18,1.6277037858963013,1.6277037858963013,1.5944235805262035,1.5944235805262035,3888609
1990-01-19,1.6458567380905151,1.648882604571281,1.6246786550902415,1.6277041102103056,4909770
1990-01-22,1.6125763654708862,1.6458561543069323,1.6125763654708862,1.6458561543069323,4369784
1990-01-23,1.5974493026733398,1.6277040585949378,1.5913983926250892,1.6186277963627338,7413663
1990-01-24,1.6035000085830688,1.6156022392757212,1.5641688900737705,1.5732456659334255,6189340
1990-01-25,1.5490413904190063,1.6065251229020527,1.5460159362272745,1.6004742145185893,4845613
1990-01-26,1.5641682147979736,1.5732449867390448,1.5429901429500608,1.5550919570575088,5063033
1990-01-29,1.5611426830291748,1.5762703612657951,1.549040972368366,1.573244907890564,4838485
1990-01-30,1.5581179857254028,1.5671943502553716,1.5369399046623085,1.555092633722246,5879249
1990-01-31,1.5732454061508179,1.5823216663109245,1.5550923716298612,1.5550923716298612,3712178
1990-02-01,1.5792961120605469,1.5853469171104058,1.5641684309750195,1.5732452041705527,5455102
1990-02-02,1.5913981199264526,1.5974490289378325,1.5732454957324682,1.5732454957324682,6647347
1990-02-05,1.585347056388855,1.5944234190212374,1.579296250807411,1.5913979648104433,3275556
1990-02-06,1.5671941041946411,1.57929633302846,1.5641686498263363,1.57929633302846,4547997
1990-02-07,1.5671941041946411,1.5883725932932247,1.5520669351932668,1.5611431954580315,7000209
1990-02-08,1.5611426830291748,1.5792958146410263,1.5520664257435972,1.5671935897796372,6438838
1990-02-09,1.5520672798156738,1.5641689971358195,1.5490418247755942,1.5611435420957398,4209393
1990-02-12,1.5399647951126099,1.5520666100506184,1.533913990483734,1.5460157025816141,3594557
1990-02-13,1.5581179857254028,1.5581179857254028,1.5339145526591516,1.5369399046623085,9341929
1990-02-14,1.570219874382019,1.5732453285662373,1.5550922949404973,1.5550922949404973,6419234
1990-02-15,1.5913981199264526,1.5944235744321427,1.5671941753604706,1.5671941753604706,5519259
1990-02-16,1.5823211669921875,1.6034992378029962,1.5762703630748967,1.5944229805070018,6265971
1990-02-20,1.5581179857254028,1.576271126146004,1.555092633722246,1.5732456713026812,5683215
1990-02-21,1.5429905652999878,1.5520669283649708,1.5308888507201595,1.5369396565899989,5503219
1990-02-22,1.5490413904190063,1.5702198782815597,1.5460159362272745,1.5460159362272745,6087758
1990-02-23,1.5248368978500366,1.536939018768144,1.518785991651143,1.533913668508804,9067481
1990-02-26,1.5369389057159424,1.5369389057159424,1.5127350770205092,1.5157604270573144,5663611
1990-02-27,1.5369389057159424,1.5490407172235598,1.5339135556791372,1.5339135556791372,3396741
1990-02-28,1.5520672798156738,1.5611435420957398,1.5248378759344396,1.533914652415369,7319210
1990-03-01,1.5611426830291748,1.573244907890564,1.5429900656179036,1.549040972368366,6071719
1990-03-02,1.5732454061508179,1.5883725749777613,1.564168631789968,1.5671940861233864,6369335
1990-03-05,1.5581179857254028,1.5792965809893271,1.5581179857254028,1.5641688954120485,4006230
1990-03-06,1.5732454061508179,1.5762708604842364,1.558117723123131,1.5611431774565494,4127414
1990-03-07,1.5671941041946411,1.57929633302846,1.5671941041946411,1.5762708786601551,4474930
1990-03-08,1.5671941041946411,1.5671941041946411,1.5460160264566571,1.5611431954580315,6169736
1990-03-09,1.5641682147979736,1.5732449867390448,1.552066503530647,1.5611427612711117,5453320
1990-03-12,1.5611426830291748,1.5611426830291748,1.5429900656179036,1.5581172296539436,7431485
1990-03-13,1.5369389057159424,1.5550916229773686,1.5248367856880276,1.5520661701004643,7561580
1990-03-14,1.5399647951126099,1.5460157025816141,1.5248372179197145,1.5278630830147297,9167280
1990-03-15,1.5490413904190063,1.5490413904190063,1.5369395736520794,1.5369395736520794,6059244
1990-03-16,1.570219874382019,1.5853470424629665,1.5641685546530084,1.5853470424629665,11314747
1990-03-19,1.570219874382019,1.5732453285662373,1.558117646284572,1.5641685546530084,4752942
1990-03-20,1.5460158586502075,1.5732452535298889,1.5399649505703707,1.5702197994899705,5982612
1990-03-21,1.5339136123657227,1.5490407744691774,1.5278627063882995,1.5339136123657227,11277323
1990-03-22,1.5278632640838623,1.549041339895091,1.518786490444142,1.5399649776159328,8222751
1990-03-23,1.5429905652999878,1.5460160196549821,1.533914305075154,1.533914305075154,3851184
1990-03-26,1.5490413904190063,1.5611431043457893,1.5460159362272745,1.5460159362272745,4011576
1990-03-27,1.570219874382019,1.570219874382019,1.5429904782036246,1.5429904782036246,4269985
1990-03-28,1.585347056388855,1.5883725105996491,1.5702198881750287,1.5702198881750287,5636879
1990-03-29,1.5913981199264526,1.5974490289378325,1.585347210915073,1.5974490289378325,5351738
1990-03-30,1.5913981199264526,1.5974490289378325,1.576270950238158,1.5944235744321427,7739793
1990-04-02,1.5823211669921875,1.591397527128298,1.5792958164536002,1.585346620370891,4170186
1990-04-03,1.621652364730835,1.621652364730835,1.5883720691413021,1.5913975225112282,5661829
1990-04-04,1.6156011819839478,1.6277028905560966,1.6095502762778242,1.6216520876900715,5264414
1990-04-05,1.6277037858963013,1.6428310584825685,1.6125766161501889,1.6156020706674423,8636205
1990-04-06,1.6470656394958496,1.650110105901986,1.6318434109515674,1.6348877738713037,4703043
1990-04-09,1.6592440605163574,1.6592440605163574,1.6440214157793154,1.6501103494904337,6011127
1990-04-10,1.6714215278625488,1.686643755010295,1.6501099545155853,1.6531544206424127,6609922
1990-04-11,1.6866436004638672,1.6866436004638672,1.668376908863063,1.6714213747109272,4674529
1990-04-12,1.6866436004638672,1.6927325321595958,1.683599134616003,1.683599134616003,5635097
1990-04-16,1.6866436004638672,1.698821877800849,1.6866436004638672,1.6927325321595958,5349956
1990-04-17,1.6896885633468628,1.6896885633468628,1.6805551631166087,1.6835996298600269,4597897
1990-04-18,1.6683772802352905,1.6957773754788084,1.6683772802352905,1.6957773754788084,6440620
1990-04-19,1.644021987915039,1.6683780416949032,1.644021987915039,1.6622891058647757,9516577
1990-04-20,1.6318442821502686,1.653155454884298,1.625755346087273,1.6470665188213023,6699029
1990-04-23,1.6166207790374756,1.6287990594668722,1.6135763124165339,1.6257545928459305,4986401
1990-04-24,1.6196657419204712,1.6318436090231547,1.6196657419204712,1.6318436090231547,4389388
1990-04-25,1.6318442821502686,1.6318442821502686,1.616621528046958,1.625755346087273,6665168
1990-04-26,1.6531544923782349,1.6592437353552938,1.625754399534199,1.6379321610835509,8326114
1990-04-27,1.6348884105682373,1.6622889293536245,1.6287995788711076,1.6531552161189478,5307185
1990-04-30,1.6257543563842773,1.6287988225624095,1.6135760777261792,1.6135760777261792,7928699
1990-05-01,1.6470656394958496,1.6531545723081225,1.6257544781392943,1.6318434109515674,6501212
1990-05-02,1.6531544923782349,1.6653326678731672,1.6470655598603612,1.650110026119298,6925360
1990-05-03,1.6470656394958496,1.6622882819857325,1.6470656394958496,1.6592438155795959,4556908
1990-05-04,1.6592440605163574,1.6622885273719166,1.6470658826348745,1.6561991797151365,5449755
1990-05-07,1.6683772802352905,1.6714217467608374,1.6592438806586498,1.6592438806586498,5239464
1990-05-08,1.6805554628372192,1.6805554628372192,1.665333229891714,1.671422164464488,5586979
1990-05-09,1.6866436004638672,1.7018663436487131,1.6714213747109272,1.6744658405587913,8625512
1990-05-10,1.6988219022750854,1.704910730572152,1.6835991588709314,1.6866436247626562,5333917
1990-05-11,1.7262228727340698,1.7262228727340698,1.7079561704532253,1.7110006380811065,10493185
1990-05-14,1.7384004592895508,1.7414450293628365,1.7231778158959348,1.7262222824828142,9500538
1990-05-15,1.7323120832443237,1.7475348377483042,1.729267615132694,1.7384013299269574,7786129
1990-05-16,1.7231781482696533,1.7323115497919799,1.7140448502337533,1.7323115497919799,8124733
1990-05-17,1.7384004592895508,1.7414450293628365,1.7231778158959348,1.7231778158959348,9306286
1990-05-18,1.7323120832443237,1.7384013299269574,1.7231786789094348,1.7384013299269574,9199358
1990-05-21,1.7414453029632568,1.7505786006724313,1.7231780866263724,1.7292670207567706,10341704
1990-05-22,1.75362229347229,1.759711017582215,1.7444887933619195,1.7475333623896236,14365755
1990-05-23,1.7779804468154907,1.7840693855078382,1.7505799122404264,1.7536244850731004,6023601
1990-05-24,1.7901571989059448,1.8145127313924279,1.7749345512845442,1.7779793291762684,10678527
1990-05-25,1.7810237407684326,1.7992905458516233,1.7658010927397936,1.7779793767410053,3607032
1990-05-29,1.8114680051803589,1.81755735277316,1.7871122705917828,1.7901568409017692,7057237
1990-05-30,1.8053793907165527,1.823646608833208,1.8053793907165527,1.8145126893155823,7745140
1990-05-31,1.8236467838287354,1.8236467838287354,1.7992906286512436,1.7992906286512436,4768982
1990-06-01,1.8510459661483765,1.857135313046316,1.8327793742641936,1.8510459661483765,8511456
1990-06-04,1.8571370840072632,1.8693149615247133,1.8266921832406358,1.8632260227659883,7155254
1990-06-05,1.8449580669403076,1.8632252899781718,1.8327804011852136,1.851047003304315,5153031
1990-06-06,1.8875805139541626,1.9058475249724967,1.8449575572356713,1.8510464919174947,17348150
1990-06-07,1.8571370840072632,1.9119377398087911,1.8449587925438082,1.899759862291341,7971470
1990-06-08,1.820600986480713,1.8754015743157868,1.8023337789144454,1.8571347806950107,5776776
1990-06-11,1.8388683795928955,1.857135386141663,1.8084232996873448,1.8084232996873448,4937393
1990-06-12,1.8997581005096436,1.905847033621665,1.8510460146950407,1.8632242948647044,8507000
1990-06-13,1.8754020929336548,1.9058469643601574,1.857135294261435,1.9058469643601574,9055006
1990-06-14,1.8754020929336548,1.8936686846330715,1.8632242271521748,1.8875799587151345,5471141
1990-06-15,1.8814918994903564,1.8875808352084782,1.8571361566178697,1.8632250923359914,14672281
1990-06-18,1.8997581005096436,1.9302027660697507,1.8814910942007688,1.8814910942007688,9827559
1990-06-19,1.8997581005096436,1.905847033621665,1.8754021610887472,1.8875800273127903,6067264
1990-06-20,1.948469877243042,1.9545588106827627,1.918025003071616,1.9241139365113369,9523706
1990-06-21,1.98500394821167,1.9910928824592313,1.9484701357534533,1.9728258727436985,7122285
1990-06-22,1.954559087753296,1.997181834846195,1.948470153450432,1.985003966240467,5696581
1990-06-25,1.948469877243042,1.9545588106827627,1.936291596417957,1.948469877243042,5164615
1990-06-26,1.960647463798523,1.9910923336170874,1.9545585312293683,1.9728253289368318,3486739
1990-06-27,1.9910937547683716,2.009360565513846,1.9423820524741675,1.9545599263044835,7051000
1990-06-28,2.0458946228027344,2.051983560398915,1.9971829150603235,2.0032718526565043,6758730
1990-06-29,1.9971816539764404,2.0458933309607525,1.9971816539764404,2.0458933309607525,6299832
1990-07-02,1.9971816539764404,1.9971816539764404,1.9728257119978685,1.9971816539764404,4609481
1990-07-03,2.0337157249450684,2.039804659479395,1.997181910766252,2.003270845300578,4734230
1990-07-05,2.0093588829040527,2.0276258853259272,1.997181019271314,2.0215371604823242,4422357
1990-07-06,2.0276265144348145,2.0337154481403887,1.9971816389341113,1.9971816389341113,4270876
1990-07-09,2.056267499923706,2.056267499923706,2.0379080726855547,2.050147690844322,5552228
1990-07-10,2.0929863452911377,2.0929863452911377,2.0623870950463203,2.068507319535448,8872337
1990-07-11,2.1419456005096436,2.154185636755596,2.0929869116824236,2.105226531883636,8621948
1990-07-12,2.135824680328369,2.1541845171325247,2.1052254377067205,2.1480647102126476,6711504
1990-07-13,2.135824680328369,2.172543729869895,2.129704873408492,2.1480647102126476,7777218
1990-07-16,2.1725454330444336,2.1909052842418584,2.129706542999334,2.141946166434384,6160826
1990-07-17,2.197024345397949,2.2337434111813232,2.1847843100995683,2.203144155024786,8214731
1990-07-18,2.178663492202759,2.178663492202759,2.135824636618066,2.166424086635749,5657374
1990-07-19,2.1725454330444336,2.1786652447619583,2.141946166434384,2.1664258293493335,3877916
1990-07-20,2.178663492202759,2.203143135425808,2.1603042798411156,2.1603042798411156,4171077
1990-07-23,2.135824680328369,2.1664241309722794,2.044027160485686,2.1664241309722794,8558682
1990-07-24,2.0929863452911377,2.1480652453585853,2.0623870950463203,2.1480652453585853,7239015
1990-07-25,2.1297056674957275,2.135825476697452,2.074627384680209,2.080746985859594,5547773
1990-07-26,2.105225086212158,2.1174651140528056,2.0868656685178686,2.105225086212158,5319660
1990-07-27,2.0929863452911377,2.1113461866692673,2.0746271279799493,2.1113461866692673,2993979
1990-07-30,2.068507194519043,2.0929862187952697,2.056267162325177,2.062386970399809,5055905
1990-07-31,2.1297056674957275,2.1297056674957275,2.074627384680209,2.080746985859594,6311416
1990-08-01,2.105225086212158,2.135824323724868,2.0929854744159653,2.1174651140528056,6428145
1990-08-02,2.0317881107330322,2.0807465746718763,2.013428270711369,2.074626974701819,4708389
1990-08-03,1.9828288555145264,2.0073082934418855,1.9155107652532795,1.9950686784893463,12947179
1990-08-06,1.8726738691329956,1.9032727305870172,1.8481944055292803,1.8726738691329956,14241897
1990-08-07,1.9461106061935425,1.9461106061935425,1.8849124996202933,1.9093919502719818,10449523
1990-08-08,1.9828288555145264,2.0134281009181554,1.9644694330857173,1.9828288555145264,6809521
1990-08-09,2.013427972793579,2.0195477798804147,1.976708922250299,1.9889489524685047,5197584
1990-08-10,1.9705901145935059,2.0073091837597055,1.946110457786209,2.0073091837597055,4598788
1990-08-13,2.0256690979003906,2.0256690979003906,1.9399913187336721,1.958350961710782,4044545
1990-08-14,2.044027805328369,2.056267423029435,2.0195483619039094,2.037907996477836,4088208
1990-08-15,2.013427972793579,2.0685068606419006,1.9950685515330728,2.056266830423695,8015132
1990-08-16,1.9583505392074585,2.0011894195485658,1.9583505392074585,1.9705901598699525,9600338
1990-08-17,1.9644705057144165,1.9644705057144165,1.9155118111498384,1.9216316219676113,6808630
1990-08-20,1.9216309785842896,1.9705896567569603,1.9155111698154963,1.964469847988167,5218969
1990-08-21,1.8665534257888794,1.8849128612835278,1.8053548914285273,1.8726732376204287,8787686
1990-08-22,1.7808741331100464,1.8787918943010837,1.7808741331100464,1.8726720862322193,6227655
1990-08-23,1.750275731086731,1.780874570931363,1.689077011285707,1.7135565616128223,10713278
1990-08-24,1.8237134218215942,1.8298336473586634,1.7686349283679081,1.7992343918744604,9218962
1990-08-27,1.9216309785842896,1.933870596121876,1.8849119179492055,1.897151535486792,7784347
1990-08-28,1.9705901145935059,1.9705901145935059,1.9216314250460307,1.9338710454273063,5842715
1990-08-29,1.9950675964355469,2.0134270089068624,1.9338691388201585,1.9338691388201585,7484058
1990-08-30,1.9644705057144165,2.0195490110967675,1.946110657216309,2.0011895786434484,7508116
1990-08-31,1.9583505392074585,1.9705901598699525,1.9032716221591015,1.9705901598699525,2616168
1990-09-04,1.9583505392074585,1.9644703495387055,1.9155116588663512,1.9216314691975982,4850960
1990-09-05,1.9828288555145264,1.9889490790353574,1.921630572729549,1.9583496256094477,6417452
1990-09-06,1.9277503490447998,1.9828288234631943,1.9216305416674535,1.9828288234631943,4916898
1990-09-07,1.9950675964355469,2.001187400592652,1.9155097263488428,1.9155097263488428,5384708
1990-09-10,1.9828288555145264,2.031787939391526,1.9705892405619871,2.019547908394425,4721755
1990-09-11,1.9828288555145264,2.0073082934418855,1.9705892405619871,1.9889490790353574,3714851
1990-09-12,1.9950675964355469,2.0073072047497575,1.9644683676278527,2.0073072047497575,5356194
1990-09-13,1.9705901145935059,2.0073091837597055,1.9522306840215926,1.99506956337843,5536189
1990-09-14,1.9705901145935059,1.9705901145935059,1.9216314250460307,1.946110457786209,4318994
1990-09-17,1.9767100811004639,2.0073093424957857,1.9399910090305557,1.9461106116827527,5093329
1990-09-18,2.0379083156585693,2.0440281254675976,1.9644701819055104,1.9705899917145386,7566036
1990-09-19,2.013427972793579,2.056266830423695,1.9889489524685047,2.056266830423695,7000209
1990-09-20,1.9399913549423218,1.9705906217936713,1.9338715431765372,1.9583509982621021,9550438
1990-09-21,1.8971506357192993,1.9338696789395293,1.8604313844768432,1.9155102613405273,11298708
1990-09-24,1.8849117755889893,1.9032709924864424,1.8543123180114343,1.8604321263180217,6852292
1990-09-25,1.9399913549423218,1.9399913549423218,1.86655340573048,1.884912841027834,6530618
1990-09-26,1.9032713174819946,1.9461101909654228,1.8726724787464224,1.9461101909654228,5455102
1990-09-27,1.8604320287704468,1.92775054068014,1.8543122207847376,1.92775054068014,7141888
1990-09-28,1.9155113697052002,1.9155113697052002,1.8175935870971773,1.8237133965045922,7936719
1990-10-01,2.0317881107330322,2.044027518695445,1.9399901587585064,1.9583497907578713,13466670
1990-10-02,2.0379083156585693,2.0807471923441274,2.025668488018153,2.0440281254675976,7537521
1990-10-03,2.019547700881958,2.0562667499889025,2.0134278940345105,2.0440271362940075,6001325
1990-10-04,1.9889488220214844,2.0440270821906457,1.9889488220214842,2.0195476474265424,5717075
1990-10-05,1.9767100811004639,1.9950697211466129,1.9155117663322097,1.9216315770067962,8932930
1990-10-08,2.0256690979003906,2.0317893255967983,1.9950700396425787,2.013429474597266,4279787
1990-10-09,1.9806427955627441,2.0113981522402575,1.9683407365251664,1.992944854600322,6408542
1990-10-10,1.9683406352996826,2.0175490780029293,1.9560381587276439,1.9683406352996826,5921129
1990-10-11,1.9683406352996826,1.9929447521095267,1.9375852802038191,1.9806426937046047,7918897
1990-10-12,1.9929440021514893,2.0052462650105465,1.9683398946003339,1.9990954472062374,5081745
1990-10-15,2.0236990451812744,2.048303358162493,1.9744906283022854,2.0052459672579466,6797937
1990-10-16,1.99909508228302,2.036001027789307,1.9806415868212728,2.0175479504944427,4876800
1990-10-17,2.011397361755371,2.048303733447364,1.9806420171647956,1.9867930442662132,4653143
1990-10-18,2.103663682937622,2.103663682937622,2.0175488650265003,2.0175488650265003,6764968
1990-10-19,2.128267765045166,2.146720637717042,2.1159652923746033,2.1405696104652527,9603011
1990-10-22,2.195929765701294,2.195929765701294,2.115965967738582,2.115965967738582,6467352
1990-10-23,2.1467204093933105,2.1959288312573433,2.14056938279574,2.1959288312573433,6652694
1990-10-24,2.1467204093933105,2.1467204093933105,2.109814040724418,2.128267538684069,3323674
1990-10-25,2.1467204093933105,2.1713249339505314,2.1159650673219885,2.1467204093933105,3707723
1990-10-26,2.1098132133483887,2.1467195675442303,2.1098132133483887,2.1159642375337975,3865441
1990-10-29,2.0298502445220947,2.1098140071863267,2.0175481915225104,2.1036629806865346,6037859
1990-10-30,2.0175485610961914,2.0236995887227263,1.9683401310004078,2.0175485610961914,7116048
1990-10-31,2.0175485610961914,2.029850616349261,1.9806421862534775,2.0236995887227263,3326347
1990-11-01,1.99909508228302,2.0052458989645334,1.9314331716181932,2.0052458989645334,8387598
1990-11-02,1.99909508228302,2.0298500020243524,1.9929436383511823,1.9929436383511823,5455993
1990-11-05,2.0175485610961914,2.0236995887227263,1.9990956873000916,2.0175485610961914,7041198
1990-11-06,1.99909508228302,2.011396924729488,1.9929436383511823,2.011396924729488,4286915
1990-11-07,1.974491834640503,2.0052471923864994,1.9621897751755348,2.0052471923864994,5397183
1990-11-08,1.99909508228302,2.0052458989645334,1.9683395352913633,1.9683395352913633,3382484
1990-11-09,2.0298502445220947,2.036001271021887,1.9990953211066,2.0052461385229257,9767858
1990-11-12,2.079059600830078,2.0852106288596226,2.0544550705448636,2.0544550705448636,10746248
1990-11-13,2.0729079246520996,2.0913612157769275,2.066756897304989,2.079059370166201,5220752
1990-11-14,2.1098132133483887,2.1159642375337975,2.048302762410911,2.0667558349671378,7410099
1990-11-15,2.115964651107788,2.1282671200499497,2.0790587078653036,2.091360549557179,5691234
1990-11-16,2.079059600830078,2.122117006120407,2.079059600830078,2.1098145318942816,4958778
1990-11-19,2.079059600830078,2.103663503864737,2.079059600830078,2.103663503864737,4038308
1990-11-20,2.054455041885376,2.097512446575058,2.054455041885376,2.0852105997710972,4485623
1990-11-21,2.085209846496582,2.0913606631348443,2.0483032739994886,2.0544542997211908,3467135
1990-11-23,2.085209846496582,2.0913606631348443,2.0544542997211908,2.0729073768862976,1554909
1990-11-26,2.0729079246520996,2.079059370166201,2.029850524138828,2.0729079246520996,4670073
1990-11-27,2.091360569000244,2.0975115944450815,2.0606052326926267,2.079058727194,5787469
1990-11-28,2.103663682937622,2.1159657400439147,2.085210806361719,2.103663682937622,3981280
1990-11-29,2.079059600830078,2.0975124758351926,2.0729081546334966,2.0975124758351926,5436389
1990-11-30,2.1467204093933105,2.1774759605481018,2.066756645457956,2.072907672055526,7227431
1990-12-03,2.1651740074157715,2.189777905859644,2.14056948172146,2.1774760611794477,4821554
1990-12-04,2.202080488204956,2.2266843878824947,2.1405695890519145,2.165174115979923,5437280
1990-12-05,2.1897776126861572,2.2082311090280253,2.1590226914780004,2.1651737175363217,4860761
1990-12-06,2.2143826484680176,2.226684494353265,2.1836270928791492,2.2082316209836437,7162383
1990-12-07,2.2082321643829346,2.2205342223789586,2.183627630223784,2.2020811353849226,5630642
1990-12-10,2.2328357696533203,2.2328357696533203,2.2020808379015553,2.2020808379015553,4789476
1990-12-11,2.2082321643829346,2.2266850422934192,2.195929688219808,2.2205342223789586,4795713
1990-12-12,2.2389869689941406,2.245137996482649,2.1897781218355714,2.1959291493240802,7201590
1990-12-13,2.220533609390259,2.282044300557167,2.2143825820902667,2.2512889549737127,3946528
1990-12-14,2.202080488204956,2.238986860429989,2.1836269884672044,2.2266843878824947,4375131
1990-12-17,2.1836283206939697,2.1959303825799448,2.171326467891612,2.1836283206939697,4677202
1990-12-18,2.2082321643829346,2.2082321643829346,2.177476810309323,2.183627630223784,3968805
1990-12-19,2.2143826484680176,2.226684494353265,2.1836270928791492,2.2082316209836437,6101124
1990-12-20,2.1713249683380127,2.1959288660344787,2.1590229149480433,2.1774759950329976,4878583
1990-12-21,2.1467204093933105,2.208231302619424,2.1344183561981698,2.208231302619424,8954315
1990-12-24,2.152872085571289,2.159023532191859,2.134419000210777,2.134419000210777,1104921
1990-12-26,2.152872085571289,2.152872085571289,2.134419000210777,2.146721057117785,2569832
1990-12-27,2.1651740074157715,2.1713250342976096,2.14056948172146,2.1467205086032983,3568717
1990-12-28,2.1774768829345703,2.183627703054179,2.1590237953250697,2.1651748245282367,2955664
1990-12-31,2.2143826484680176,2.2143826484680176,2.1651742195095283,2.1651742195095283,2894180
1991-01-02,2.128267765045166,2.2082315374854122,2.1221167377933767,2.2082315374854122,6985952
1991-01-03,2.048304319381714,2.1282683218249674,2.0421534996042903,2.1159658459359334,9220744
1991-01-04,2.0052452087402344,2.023698279683378,1.980640905066007,2.0175472560356633,11642659
1991-01-07,1.974491834640503,1.992944923837955,1.956038327275898,1.9621897751755348,6321217
1991-01-08,1.99909508228302,2.0298500020243524,1.9683395352913633,1.974490561056318,8253938
1991-01-09,1.9971171617507935,2.0651304735405667,1.9909341716189892,2.040398302843387,8710163
1991-01-10,2.0094833374023438,2.021849106111701,1.99093394874352,2.0094833374023438,4270876
1991-01-11,2.0156643390655518,2.0280303070393497,2.0032981609219997,2.0156643390655518,3017147
1991-01-14,1.9662011861801147,1.9909335594424948,1.941469443427429,1.9662011861801147,5367777
1991-01-15,1.9723845720291138,1.9909335365073717,1.9600183855403797,1.9662011635299033,4384041
1991-01-16,2.0156643390655518,2.0280303070393497,1.9661998366610978,1.9661998366610978,6838926
1991-01-17,2.1022276878356934,2.1207766499664564,2.0651295534042977,2.0651295534042977,14979699
1991-01-18,2.1145949363708496,2.1145949363708496,2.0774967795924137,2.096046173236625,7253272
1991-01-21,2.0898618698120117,2.108410621298597,2.065129500597019,2.077495475034652,3769206
1991-01-22,2.0713140964508057,2.0960464848735976,2.058948112409437,2.083680080492175,3996428
1991-01-23,2.1145949363708496,2.1207779274722562,2.071313788491007,2.0774967795924137,5419459
1991-01-24,2.170241355895996,2.176424343775491,2.1145938344708806,2.1145938344708806,6666951
1991-01-25,2.182608127593994,2.188791117728261,2.157875746717001,2.164058736851268,5554901
1991-01-28,2.194974422454834,2.201157414067296,2.16405925422251,2.16405925422251,4688786
1991-01-29,2.145509719848633,2.201156840018359,2.139326940018617,2.194973850018385,5742025
1991-01-30,2.188791275024414,2.2011570460116436,2.1455099206342316,2.1455099206342316,7345051
1991-01-31,2.1516916751861572,2.176424043633164,2.139325911302368,2.176424043633164,5660938
1991-02-01,2.126960277557373,2.1455094554412986,2.0589471857694654,2.126960277557373,8321659
1991-02-04,2.133143663406372,2.1702418085916153,2.1207772647280745,2.14550943157488,4963234
1991-02-05,2.201157569885254,2.201157569885254,2.139327649383748,2.139327649383748,7202481
1991-02-06,2.2197067737579346,2.2197067737579346,2.170242631479015,2.201157378877074,6360424
1991-02-07,2.225888252258301,2.287718125366535,2.213522277636654,2.2197052649474776,9850727
1991-02-08,2.2135233879089355,2.244438129799587,2.201156986744742,2.21970637832106,6417452
1991-02-11,2.318634510040283,2.3248172899218775,2.2135232588239426,2.219706248875497,9376680
1991-02-12,2.3124523162841797,2.3680994560802797,2.3000863319228313,2.3062693241035057,8878575
1991-02-13,2.293903112411499,2.312452087115279,2.2568049528339276,2.300086103979426,9666276
1991-02-14,2.2629880905151367,2.3248180101865463,2.244438694273664,2.2753540744494187,7231886
1991-02-15,2.3248162269592285,2.3495485961971228,2.287718093442115,2.287718093442115,9561131
1991-02-19,2.318634510040283,2.3248172899218775,2.256804399354782,2.2753533695094443,6653585
1991-02-20,2.2877190113067627,2.318634380172874,2.2815360216015197,2.318634380172874,4341270
1991-02-21,2.2815353870391846,2.312450747306822,2.2815353870391846,2.287718375024756,3472481
1991-02-22,2.318634510040283,2.361915650571122,2.293902549834067,2.306268529937175,6050333
1991-02-25,2.3495495319366455,2.3619155113106456,2.300085404270698,2.3495495319366455,4940957
1991-02-26,2.2691702842712402,2.337183592325249,2.262987294479049,2.3248171924009635,4465128
1991-02-27,2.3495495319366455,2.3495495319366455,2.2691702456657503,2.2753532353527506,4848286
1991-02-28,2.293903112411499,2.361916229828703,2.2877197005035494,2.361916229828703,5793707
1991-03-01,2.2444376945495605,2.2691700717418057,2.2258889370802053,2.2691700717418057,11739785
1991-03-04,2.2444376945495605,2.281535839998065,2.232071926293301,2.2691700717418057,6625071
1991-03-05,2.2506213188171387,2.3124514270167644,2.2444379086742683,2.2506213188171387,13126283
1991-03-06,2.293903112411499,2.3186350786832053,2.2753539275377075,2.300086103979426,13132520
1991-03-07,2.2815353870391846,2.312450747306822,2.2753526092235026,2.293901783350107,6290921
1991-03-08,2.343367338180542,2.3928314826471166,2.28771978158686,2.2939031937139673,13495184
1991-03-11,2.3619155883789062,2.405196727770098,2.355732598490158,2.355732598490158,7208718
1991-03-12,2.318634510040283,2.3680986406226765,2.306268529937175,2.355732660519568,5921129
1991-03-13,2.3371829986572266,2.355731963322177,2.312450835600728,2.3248166018741308,5867665
1991-03-14,2.41137957572937,2.4361117439986266,2.3371834912614853,2.343366480786314,9768749
1991-03-15,2.374281644821167,2.4051965925265693,2.3248170979826956,2.4051965925265693,10274874
1991-03-18,2.4051973819732666,2.417563575284268,2.3433672560983063,2.3619162308097907,5539753
1991-03-19,2.3495495319366455,2.386647680228593,2.3495495319366455,2.380464690541593,3753167
1991-03-20,2.3371829986572266,2.349548975100527,2.312450835600728,2.3248166018741308,7848503
1991-03-21,2.3248162269592285,2.3557315834216648,2.3186334499045507,2.3495485961971228,7219411
1991-03-22,2.3309993743896484,2.3557317453273594,2.32481638674016,2.3309993743896484,6247259
1991-03-25,2.380464792251587,2.3928307721539475,2.349549632325729,2.3619156122280898,4482058
1991-03-26,2.4422950744628906,2.448478064850852,2.3866479508012657,2.3928309411892275,5969246
1991-03-27,2.3866465091705322,2.4670257560016675,2.380463522517344,2.4546599928651354,6506559
1991-03-28,2.374281644821167,2.41137958206765,2.3680984451101437,2.392830613444408,4324340
1991-04-01,2.3248162269592285,2.368097557870748,2.312450462680009,2.3495485961971228,4543542
1991-04-02,2.4670276641845703,2.4670276641845703,2.3371842135274914,2.3371842135274914,8619275
1991-04-03,2.4422950744628906,2.485576217348592,2.423746103299006,2.4732102365726694,6645565
1991-04-04,2.460843324661255,2.510307224824267,2.4484769292807544,2.4917580520932634,5704600
1991-04-05,2.473210096359253,2.510308246753792,2.436111945964714,2.4608443264543527,5777667
1991-04-08,2.473210096359253,2.479393086396683,2.436111945964714,2.467027106321823,3680100
1991-04-09,2.429710865020752,2.4669956392493266,2.417282536535883,2.4483530409090073,5651136
1991-04-10,2.4110682010650635,2.4545668177024678,2.4048541431491497,2.44213870187064,6508341
1991-04-11,2.5104949474334717,2.5229228568649726,2.4234972579259795,2.4234972579259795,6917340
1991-04-12,2.5104949474334717,2.5415650378513583,2.4732103742346103,2.529136917193768,6188449
1991-04-15,2.566420793533325,2.566420793533325,2.5104942657598777,2.5104942657598777,4991748
1991-04-16,2.609920024871826,2.609920024871826,2.5291368212110927,2.5726354530879427,6122510
1991-04-17,2.659630537033081,2.684487179484838,2.6223459958072626,2.6347745282590496,7419010
1991-04-18,2.622347831726074,2.6658464584054835,2.6037058649006934,2.634776372879145,4966798
1991-04-19,2.547779083251953,2.6099196758721535,2.5353505422758063,2.6099196758721535,5442627
1991-04-22,2.5415637493133545,2.553992286122026,2.5167077318259232,2.535349692135001,5391836
1991-04-23,2.5912771224975586,2.5974911803523577,2.5602066219975583,2.572634526481151,4786803
1991-04-24,2.553992748260498,2.6099192729854406,2.5477786899577266,2.6099192729854406,4899077
1991-04-25,2.553992748260498,2.553992748260498,2.5104941289150773,2.553992748260498,4204046
1991-04-26,2.553992748260498,2.5602068065632695,2.498065589857493,2.5104941289150773,3080413
1991-04-29,2.5042800903320312,2.5788492255837347,2.5042800903320312,2.560207258609896,4376022
1991-04-30,2.516709089279175,2.5539936636856937,2.504280545766841,2.522922938583149,6065482
1991-05-01,2.553992748260498,2.5788487702455627,2.498065589857493,2.5167081872178487,6469134
1991-05-02,2.547779083251953,2.57263510907398,2.5229224237517665,2.5602072017759934,3660496
1991-05-03,2.535351037979126,2.5664215515900817,2.5167090677743036,2.5477795813852597,3169519
1991-05-06,2.5415637493133545,2.553992286122026,2.51049367464757,2.5229215777782943,2232119
1991-05-07,2.5291359424591064,2.578848617156182,2.5291359424591064,2.56020665458054,4099791
1991-05-08,2.5415637493133545,2.553992286122026,2.5167077318259232,2.535349692135001,3770988
1991-05-09,2.5912771224975586,2.5974911803523577,2.5477785062879605,2.5477785062879605,3815542
1991-05-10,2.5291359424591064,2.603705271343732,2.5104939798834645,2.5912771554759653,5421241
1991-05-13,2.5291359424591064,2.53535000039299,2.498065441563681,2.53535000039299,2853191
1991-05-14,2.479424476623535,2.5167092648573224,2.4669965659224578,2.504280720477912,5491635
1991-05-15,2.4421398639678955,2.4918525621771033,2.404855287504463,2.479424440431328,7987509
1991-05-16,2.491852045059204,2.491852045059204,2.4297112379999004,2.4669960179519728,4030288
1991-05-17,2.5042800903320312,2.510494572184113,2.4669959451582955,2.4732100045582612,5364213
1991-05-20,2.522923231124878,2.5477798985795697,2.4980667748963072,2.5042808361469198,4588986
1991-05-21,2.57263445854187,2.5974911117566513,2.5229217857903077,2.529135843481003,6214289
1991-05-22,2.603705883026123,2.609919731193803,2.5788492229990574,2.5788492229990574,3468917
1991-05-23,2.57263445854187,2.6161330736027377,2.57263445854187,2.6099190159120425,3823561
1991-05-24,2.5788488388061523,2.597491436662135,2.566420721870199,2.5788488388061523,4091772
1991-05-28,2.6472043991088867,2.6534184582422986,2.5726350558298003,2.5850631740966237,4390279
1991-05-29,2.634777069091797,2.6534192520692383,2.628563008099316,2.634777069091797,4611263
1991-05-30,2.609920024871826,2.659632716841643,2.5788495131809097,2.62234814505776,8515020
1991-05-31,2.553992748260498,2.616133331288212,2.541564209202914,2.5974913676059184,9534399
1991-06-03,2.5042800903320312,2.5477791398099647,2.479423852732169,2.5353505985579172,6765859
1991-06-04,2.5104949474334717,2.516709007762267,2.466996313905815,2.4856382836661113,7519700
1991-06-05,2.516709089279175,2.5353510596432898,2.504280545766841,2.504280545766841,5434607
1991-06-06,2.485638380050659,2.5042805617599253,2.4607819265455406,2.49806650119017,11957205
1991-06-07,2.4607810974121094,2.498065659494111,2.4483529804601174,2.4794234840661233,6279337
1991-06-10,2.4421398639678955,2.4607820465865577,2.423497470123125,2.4545679857136706,5511239
1991-06-11,2.485638380050659,2.49806650119017,2.4421397448362745,2.4421397448362745,7352180
1991-06-12,2.516709089279175,2.522922938583149,2.466996393812515,2.4856383641766295,7999093
1991-06-13,2.5042800903320312,2.541564657957883,2.4918519715321,2.522922479757986,5677868
1991-06-14,2.553992748260498,2.5602068065632695,2.5104941289150773,2.5167081872178487,5652918
1991-06-17,2.516709089279175,2.54156512017336,2.510495028749104,2.522922938583149,3555351
1991-06-18,2.479424476623535,2.5291371755584,2.473210626886052,2.5104952038937283,5643117
1991-06-19,2.473209857940674,2.473209857940674,2.4421391403306734,2.473209857940674,6098451
1991-06-20,2.566420793533325,2.5788489108163137,2.4732097026848803,2.4732097026848803,7959886
1991-06-21,2.57263445854187,2.585062573923261,2.547778439005089,2.5602065543864794,6162608
1991-06-24,2.522923231124878,2.5539939598301817,2.5167093811003864,2.5539939598301817,4906206
1991-06-25,2.5415637493133545,2.5415637493133545,2.5229215777782943,2.535349692135001,4091772
1991-06-26,2.5788488388061523,2.585062897274129,2.522922101368336,2.5415642767722657,4834920
1991-06-27,2.603705883026123,2.609919731193803,2.5788492229990574,2.585063282392795,6088649
1991-06-28,2.57263445854187,2.591277054065956,2.5229217857903077,2.585062573923261,4349290
1991-07-01,2.609920024871826,2.609920024871826,2.5726354530879427,2.5912780558190067,5626186
1991-07-02,2.6472043991088867,2.659632306149661,2.578849114963212,2.5850631740966237,6047660
1991-07-03,2.603705883026123,2.640990450614606,2.5974918236323856,2.628562331827131,4202264
1991-07-05,2.5912771224975586,2.603705238207157,2.5850626421907488,2.5912771224975586,2292711
1991-07-08,2.5912771224975586,2.603705238207157,2.5477785062879605,2.572634526481151,3882372
1991-07-09,2.5787885189056396,2.5975205325187654,2.566300722074165,2.591276527981057,3606141
1991-07-10,2.5475692749023438,2.610009981298846,2.5475692749023438,2.591277535911468,5879249
1991-07-11,2.5413241386413574,2.5663005798963345,2.5350801344495784,2.5538121470249155,4915116
1991-07-12,2.566300630569458,2.585032431270735,2.5350801845062354,2.5475681931363767,5649354
1991-07-15,2.5787885189056396,2.5975205325187654,2.5538122885108634,2.5600567175364564,4896404
1991-07-16,2.566300630569458,2.591276435585806,2.5475681931363767,2.5787884269556645,4245926
1991-07-17,2.566300630569458,2.5787884269556645,2.5475681931363767,2.5538121974514474,3009128
1991-07-18,2.6037650108337402,2.6037650108337402,2.541324327542823,2.5600567659984392,7473365
1991-07-19,2.57254695892334,2.61001123090292,2.57254695892334,2.61001123090292,5914000
1991-07-22,2.5912766456604004,2.616253089433391,2.5725448434405376,2.585032640839129,4327013
1991-07-23,2.5538113117218018,2.6100079677987473,2.5413233074228323,2.5850315347130866,3359316
1991-07-24,2.566300630569458,2.566300630569458,2.5288363924350996,2.5600566262543873,2866557
1991-07-25,2.5850322246551514,2.5975202322871556,2.5538119933312236,2.560056421635061,3006454
1991-07-26,2.597522020339966,2.6100104610564565,2.56005818389894,2.572546200127303,2433499
1991-07-29,2.634986162185669,2.6412305945057724,2.57878987945366,2.59127789511765,3203380
1991-07-30,2.634986162185669,2.6412305945057724,2.616254350933738,2.634986162185669,5349956
1991-07-31,2.691180467605591,2.6974244698649956,2.634983810539353,2.634983810539353,4282460
1991-08-01,2.691180467605591,2.716156264399345,2.6724480363396466,2.7036684721244004,5249266
1991-08-02,2.7099153995513916,2.7224032053060654,2.6911833725532404,2.703671390552008,5472923
1991-08-05,2.703670024871826,2.7161578243186515,2.6786935770022287,2.7099140307172322,3749603
1991-08-06,2.753621816635132,2.7598656091770835,2.6849375517462595,2.697425561318063,4509682
1991-08-07,2.734891414642334,2.7598672362665755,2.722402973220024,2.747379431576493,5835587
1991-08-08,2.69742488861084,2.7411331234557657,2.684936882153403,2.728645116998329,4724428
1991-08-09,2.69742488861084,2.7099128950682765,2.6662046602233507,2.6911808853821215,5554010
1991-08-12,2.703670024871826,2.728646260497437,2.6786935770022287,2.6849380073356084,2764976
1991-08-13,2.69742488861084,2.7411331234557657,2.69742488861084,2.7161566860530972,3702376
1991-08-14,2.69742488861084,2.7348891202270473,2.6911808853821215,2.7224006892818156,3634655
1991-08-15,2.7286462783813477,2.7286462783813477,2.7099140484783693,2.7099140484783693,3155262
1991-08-16,2.6849381923675537,2.7473784673686588,2.6662059612964213,2.734890454817238,4782347
1991-08-19,2.616253614425659,2.6412298509665706,2.5350808987286957,2.5475689108771538,6350622
1991-08-20,2.634986162185669,2.6537186101697623,2.622498146521679,2.6412305945057724,4017813
1991-08-21,2.716156244277954,2.722400246491103,2.6412282177201662,2.678692018755197,4530176
1991-08-22,2.734891414642334,2.734891414642334,2.703671160062862,2.7161589647529447,3190905
1991-08-23,2.734891414642334,2.747379431576493,2.709915168529941,2.722402973220024,4221867
1991-08-26,2.7286462783813477,2.7473782960403375,2.7161578421207113,2.722401848007041,2112716
1991-08-27,2.722403049468994,2.7348914912410804,2.716159040827033,2.722403049468994,2339046
1991-08-28,2.7411348819732666,2.7473788892076967,2.7099146335570827,2.722402435781909,3561588
1991-08-29,2.7411348819732666,2.7473788892076967,2.716158428547479,2.7473788892076967,3595449
1991-08-30,2.7099153995513916,2.7348916477930203,2.6911833725532404,2.7348916477930203,4286024
1991-09-03,2.6786932945251465,2.747377988313544,2.6786932945251465,2.7224015430777957,7057237
1991-09-04,2.6786932945251465,2.7785982264922833,2.6724492893381915,2.69742573457394,5758064
1991-09-05,2.69742488861084,2.703668891839558,2.6786924544368897,2.6911808853821215,4040090
1991-09-06,2.722403049468994,2.728647482599119,2.6724507680892224,2.7036712357871924,5051449
1991-09-09,2.716156244277954,2.7348886754051276,2.6974244498823703,2.709912454308668,2403203
1991-09-10,2.691180467605591,2.716156264399345,2.6786920385990514,2.7099124743838052,4335033
1991-09-11,2.691180467605591,2.7099124743838052,2.684936465346186,2.6974244698649956,2519933
1991-09-12,2.6849381923675537,2.7099142174703954,2.6724497553281306,2.6974262049189743,3582083
1991-09-13,2.634986162185669,2.678694429253688,2.6287421543536738,2.6724504214216926,5750044
1991-09-16,2.6599619388580322,2.6599619388580322,2.628741483181182,2.6349854894189524,4314538
1991-09-17,2.6786932945251465,2.6849377242000303,2.653717486021291,2.659961491208246,4210284
1991-09-18,2.6599619388580322,2.6849381760531124,2.6474739263824922,2.6537179326202622,3263972
1991-09-19,2.6599619388580322,2.6724497390895725,2.6412299201447222,2.6474739263824922,3819997
1991-09-20,2.69742488861084,2.69742488861084,2.6474726505371957,2.6786924544368897,8414330
1991-09-23,2.6599619388580322,2.6724497390895725,2.6474739263824922,2.666205945095802,3813760
1991-09-24,2.672447443008423,2.6849358692423078,2.634983225525857,2.6599596535059913,4807297
1991-09-25,2.672447443008423,2.6786914438815477,2.6474716517597416,2.6786914438815477,3333475
1991-09-26,2.6849381923675537,2.6974262049189743,2.6287414991541564,2.6724497553281306,4766308
1991-09-27,2.6849381923675537,2.7099142174703954,2.6724497553281306,2.6849381923675537,3206053
1991-09-30,2.691180467605591,2.7099124743838052,2.6724480363396466,2.684936465346186,3024276
1991-10-01,2.722403049468994,2.722403049468994,2.69118321850327,2.69118321850327,3083086
1991-10-02,2.7286462783813477,2.7473782960403375,2.7099140484783693,2.7161578421207113,3648021
1991-10-03,2.69742488861084,2.766109348614537,2.69742488861084,2.7224006892818156,5526387
1991-10-04,2.647474527359009,2.72240261922092,2.647474527359009,2.7036708084994907,5005114
1991-10-07,2.672447443008423,2.6849358692423078,2.6474716517597416,2.6474716517597416,3248824
1991-10-08,2.6787221431732178,2.691268565950978,2.653628871136987,2.68499524794192,4746705
1991-10-09,2.6787221431732178,2.68499524794192,2.6661755071551023,2.6787221431732178,3916232
1991-10-10,2.6849963665008545,2.6849963665008545,2.6536299766288063,2.6787232591188,2887052
1991-10-11,2.6849963665008545,2.691269687123353,2.6661766178738033,2.691269687123353,2566268
1991-10-14,2.7351834774017334,2.7477305466537185,2.678723584932029,2.678723584932029,3405652
1991-10-15,2.7665491104125977,2.7728222153822717,2.7351820928816943,2.7414558375724543,4613045
1991-10-16,2.79164457321167,2.7979178958637445,2.7665510693628588,2.7665510693628588,4203155
1991-10-17,2.8292834758758545,2.8355567957641115,2.7790967035293774,2.785370023417635,4720864
1991-10-18,2.804190158843994,2.8355569734917148,2.7979168385625366,2.829283653210257,4010685
1991-10-21,2.7853691577911377,2.8104624295457743,2.7728220954331135,2.8104624295457743,4471366
1991-10-22,2.84810471534729,2.8669248967094005,2.785371275034789,2.7916445977419877,5939841
1991-10-23,2.8857436180114746,2.8982902580049483,2.8292835248004207,2.8606505512649503,5411440
1991-10-24,2.8543765544891357,2.8794700455160753,2.8230099572559664,2.8731967260694415,4774328
1991-10-25,2.841830015182495,2.8794701464217307,2.816736310035789,2.8543766545154363,2850518
1991-10-28,2.9422061443328857,2.9422061443328857,2.848105427242017,2.848105427242017,4604134
1991-10-29,2.9359307289123535,2.9610242250259415,2.910837446039213,2.9422044761115336,6780116
1991-10-30,2.9359307289123535,2.9484777968298186,2.910837446039213,2.9422044761115336,2431717
1991-10-31,2.954749345779419,2.9610224494956894,2.9171090175592407,2.9359289684290104,3642675
1991-11-01,3.036303997039795,3.0488504222759567,2.961023526459251,2.9861172298931624,6582299
1991-11-04,2.979844093322754,3.0237579766889087,2.967297452281373,3.0237579766889087,4621065
1991-11-05,2.9735710620880127,2.998664773092915,2.961024419826023,2.986118130830925,6347058
1991-11-06,2.9861178398132324,2.9923911603328492,2.9610241312538848,2.9861178398132324,3931380
1991-11-07,2.9672961235046387,2.998663138542595,2.9672961235046387,2.9861165031196886,2860320
1991-11-08,2.9735710620880127,3.0049378809834484,2.967297740957018,2.9798443832190076,3454660
1991-11-11,3.030031681060791,3.030031681060791,2.9672978281853,2.9672978281853,5277780
1991-11-12,3.0802178382873535,3.0802178382873535,3.0300310647319453,3.0300310647319453,5371342
1991-11-13,3.067671537399292,3.073944858132302,3.030031399760781,3.048851148719365,4304736
1991-11-14,3.0425777435302734,3.080217877485941,3.023757783172653,3.073944557366734,3023385
1991-11-15,2.873195171356201,3.042575770963883,2.860648752492324,3.042575770963883,5306294
1991-11-18,2.954749345779419,2.9735690834088695,2.854375421512702,2.8920155364925613,7998202
1991-11-19,2.91711163520813,2.935931602965861,2.8606517319349374,2.9233849577940405,6322108
1991-11-20,2.9108352661132812,2.961022007515135,2.8857417887922105,2.954748904735227,4029397
1991-11-21,2.954749345779419,2.9798424003654596,2.8920155364925613,2.8982888534491513,4098900
1991-11-22,2.9422061443328857,2.9610259039180367,2.9045659854408794,2.9422061443328857,4085534
1991-11-25,2.9359307289123535,2.979844187180797,2.9296574081940685,2.9422044761115336,2941407
1991-11-26,2.9233837127685547,2.9610238454941564,2.8669236203003616,2.9547507388203793,5572722
1991-11-27,2.898289680480957,2.929656487454797,2.8794697242408813,2.923383168708105,3408325
1991-11-29,2.892016649246216,2.910836820597693,2.8794700105054987,2.8857433298758575,1164622
1991-12-02,2.9986629486083984,3.0049360526821705,2.848102266868253,2.8606493279771237,5099567
1991-12-03,2.9986629486083984,3.0049360526821705,2.967295935557217,2.986116313980191,3265754
1991-12-04,2.9986629486083984,2.9986629486083984,2.9610226182431134,2.986116313980191,4620174
1991-12-05,2.9672961235046387,2.992389820831142,2.948476383610624,2.973569441216092,3454660
1991-12-06,3.0174851417541504,3.036305535485766,2.948478595168597,2.948478595168597,4088208
1991-12-09,3.036303997039795,3.067670806471589,2.992390549131442,3.0112102936058833,3390503
1991-12-10,2.9923906326293945,3.0488505073493335,2.9923906326293945,3.02375744293643,4449089
1991-12-11,2.9422061443328857,3.004939387085283,2.93593239357651,2.9923929517753716,5112933
1991-12-12,2.9986629486083984,3.011209369996274,2.9610226182431134,2.9735692528713207,4697696
1991-12-13,2.9861178398132324,3.0174842291708757,2.9798440928127348,3.004937588131642,5665393
1991-12-16,3.0425777435302734,3.05512417052826,2.992390969336193,2.992390969336193,5176198
1991-12-17,3.0802178382873535,3.105310905204421,3.0425777048106912,3.0488508116096398,5063924
1991-12-18,3.067671537399292,3.073944858132302,3.042578041226802,3.0551244694523754,3681882
1991-12-19,3.09903883934021,3.1241325561339304,3.055125368052476,3.0676724396898467,6045878
1991-12-20,3.161771059036255,3.1868641230466674,3.1241309299196374,3.161771059036255,11229205
1991-12-23,3.268418788909912,3.280965644134976,3.14922526357523,3.1617719055598372,6789918
1991-12-24,3.249598979949951,3.2809657996385777,3.237052337370687,3.262145622529215,3281794
1991-12-26,3.356245279312134,3.362518598703602,3.2370513579126277,3.2370513579126277,2738244
1991-12-27,3.412705421447754,3.412705421447754,3.356245332784602,3.362518652276018,4207610
1991-12-30,3.3938848972320557,3.4252512762201333,3.3813378338599365,3.4001582156777452,8178197
1991-12-31,3.4566190242767334,3.5005324759026784,3.3750652275537902,3.3750652275537902,6676752
1992-01-02,3.3750641345977783,3.4064311497677515,3.3123309572192166,3.362517712362412,7967015
1992-01-03,3.387610673904419,3.4315241100631235,3.3374239201859486,3.3625176169056936,6288248
1992-01-06,3.4189791679382324,3.425252488604393,3.362519281942784,3.387612351366982,5816874
1992-01-07,3.4064323902130127,3.412705710235285,3.375065363620802,3.3876120036653474,4262856
1992-01-08,3.337425708770752,3.418979307234394,3.337425708770752,3.3625194189386556,6250823
1992-01-09,3.2996413707733154,3.394096642417137,3.2933443812030596,3.3500175013803544,5464012
1992-01-10,3.318533420562744,3.3248308402744913,3.2555632903014136,3.287048676499669,5020262
1992-01-13,3.2744531631469727,3.2996413352014455,3.2681561736446016,3.293344345699074,4535522
1992-01-14,3.268157958984375,3.2807519448690003,3.236672780227707,3.2744549519266877,6443293
1992-01-15,3.211484432220459,3.362612887265985,3.179999257152403,3.3248311480834936,12662929
1992-01-16,3.135921001434326,3.205188363737595,3.1170295912859562,3.1737031795956416,16313624
1992-01-17,3.1548118591308594,3.1988910325646,3.0729505064617477,3.1485150789776366,7683656
1992-01-20,3.1548118591308594,3.173703269816266,3.117029679895489,3.1359210905808954,3502778
1992-01-21,3.123326301574707,3.1359202867432026,3.0792471394398797,3.1359202867432026,6802393
1992-01-22,3.192594528198242,3.198891308895402,3.1044359596701843,3.1044359596701843,5044321
1992-01-23,3.1737027168273926,3.2618610483340857,3.1485145303775757,3.2618610483340857,5205604
1992-01-24,3.205188512802124,3.2303764900509973,3.173703327195881,3.1862973158203176,3185558
1992-01-27,3.135921001434326,3.205188363737595,3.1233270133956017,3.1988909416279494,3704158
1992-01-28,3.098137855529785,3.117028617641958,3.0603554751251405,3.117028617641958,7982163
1992-01-29,3.1107332706451416,3.1925948527528036,3.085545503160453,3.085545503160453,5988850
1992-01-30,3.123326301574707,3.1485142719116985,3.0918411246083752,3.098138117192623,4507899
1992-01-31,3.2177813053131104,3.2555634711871875,3.098137815719379,3.098137815719379,8370667
1992-02-03,3.205188512802124,3.26186167565724,3.192594310132536,3.2240794957387786,6153697
1992-02-04,3.236672878265381,3.2618610648426776,3.186296719155899,3.217781898866242,5112933
1992-02-05,3.324831485748291,3.362613228767839,3.261860915171904,3.268157908016012,7190006
1992-02-06,3.3059399127960205,3.337425089477569,3.2933459277414374,3.312236905323312,5968355
1992-02-07,3.2933454513549805,3.331127829143644,3.2429695184235894,3.3059394345878284,6711504
1992-02-10,3.268157958984375,3.299643137741043,3.249266980157437,3.2870493659015225,4077515
1992-02-11,3.255563974380493,3.2744549532148626,3.2429702025360183,3.255563974380493,2911110
1992-02-12,3.268157958984375,3.268157958984375,3.2114848084584566,3.236672780227707,4557799
1992-02-13,3.211484432220459,3.2744545683114916,3.161108280538617,3.261860583902301,6605467
1992-02-14,3.2744531631469727,3.2744531631469727,3.1611069240143155,3.1925918715261714,9408759
1992-02-18,3.1799988746643066,3.312236337190615,3.173701883217109,3.2996423542962203,11958096
1992-02-19,3.123326301574707,3.1674054637095344,3.110731888316026,3.161108471125287,7811970
1992-02-20,3.148513078689575,3.161107273130221,3.1107307094126484,3.123325117898306,7588312
1992-02-21,3.1044342517852783,3.129622644987678,3.0729490813498517,3.0855434919961,7981272
1992-02-24,3.1737027168273926,3.2051878963783857,3.0981383715230524,3.117029136781472,6448640
1992-02-25,3.1548118591308594,3.1862972582130067,3.129624096382525,3.1862972582130067,4820663
1992-02-26,3.2429707050323486,3.2492674849077154,3.135920952203207,3.1611091419303663,6549330
1992-02-27,3.1862964630126953,3.261860802624932,3.1862964630126953,3.242970038789514,4715518
1992-02-28,3.205188512802124,3.2366734843632154,3.1862973158203176,3.211485507114342,3511688
1992-03-02,3.1862964630126953,3.211484647565139,3.173702477759021,3.2051876549383014,4098009
1992-03-03,3.1611087322235107,3.2051878979991466,3.1485145319696786,3.1925936977453144,3130312
1992-03-04,3.123326301574707,3.1799994488780303,3.110731888316026,3.1737024562937823,3877025
1992-03-05,3.0792486667633057,3.13592184217682,3.0729512429653174,3.085545662470896,4175532
1992-03-06,3.009979248046875,3.1044343337571223,3.009979248046875,3.091840564913484,7979490
1992-03-09,3.035168409347534,3.060356169224796,3.0099802213800255,3.016277000815499,6406760
1992-03-10,3.016277313232422,3.0477627119868127,3.003683539011927,3.041465717853993,7622173
1992-03-11,3.016277313232422,3.022574307365242,2.9784951343903563,3.022574307365242,4491860
1992-03-12,3.009979248046875,3.0351674278693137,2.9973852651581825,3.0225730168905134,4117613
1992-03-13,3.009979248046875,3.0288700083348594,3.0036822566025285,3.0288700083348594,5413222
1992-03-16,2.9784936904907227,3.0162758510169367,2.959602931295178,3.009979073981783,5399856
1992-03-17,3.028871536254883,3.028871536254883,2.9910893544844575,2.9910893544844575,4368002
1992-03-18,3.028871536254883,3.0603567234044307,3.0225745416340053,3.047762948207838,3659605
1992-03-19,3.0225746631622314,3.041466075874751,3.009980887459283,3.016277668288172,2908437
1992-03-20,3.0414655208587646,3.047762514583729,3.009980338188809,3.0288711053185717,7338814
1992-03-23,3.0729498863220215,3.0729498863220215,3.0225737288561207,3.0414651357291285,3012692
1992-03-24,3.123326301574707,3.1422172793274505,3.072949718765446,3.0855441320241273,5341045
1992-03-25,3.0729498863220215,3.154811222471024,3.035168142801529,3.148514443588529,5205604
1992-03-26,3.091841220855713,3.0981382136359827,3.0603558288641652,3.091841220855713,3546440
1992-03-27,3.0603554248809814,3.098137804665324,3.047761655027986,3.098137804665324,3257735
1992-03-30,3.0729498863220215,3.0729498863220215,3.035168142801529,3.066652893394422,3165955
1992-03-31,3.0729498863220215,3.0918412931950288,3.0477621286567276,3.0729498863220215,4366220
1992-04-01,3.1044342517852783,3.129622644987678,3.0288699283582736,3.0792465007180243,5208277
1992-04-02,3.0414655208587646,3.110732451833377,3.0351685271338,3.104435458108412,3968805
1992-04-03,3.0603554248809814,3.079246828818224,3.0414646630789526,3.0540586469770195,3612379
1992-04-06,3.047762155532837,3.0855443274767134,3.047762155532837,3.072949913420244,4647797
1992-04-07,3.0225746631622314,3.0855452540383386,3.016277668288172,3.0603568464517594,5963900
1992-04-08,3.142218589782715,3.142218589782715,2.997387057808069,3.0099810482288603,13150342
1992-04-09,3.22700572013855,3.258643279937844,3.1194386190437497,3.1637310306991044,12331453
1992-04-10,3.296607732772827,3.3472277871608846,3.2712980281981676,3.277625454341832,11838694
1992-04-13,3.3219170570373535,3.3282444820469492,3.2839522919002384,3.2839522919002384,5006005
1992-04-14,3.4041733741760254,3.4358109234523218,3.321916434312057,3.3282438581355156,6708831
1992-04-15,3.35988187789917,3.429484199397722,3.321917112132397,3.429484199397722,8009786
1992-04-16,3.283952474594116,3.34089994808722,3.258642988227249,3.3345720925665097,7972361
1992-04-20,3.201695442199707,3.2649701245413745,3.1890405917631925,3.258642914402665,6988625
1992-04-21,3.1763861179351807,3.239660592699444,3.138421347044793,3.1953683958405876,8091764
1992-04-22,3.208024263381958,3.208024263381958,3.1637320525009613,3.1890419794670914,4680766
1992-04-23,3.1700587272644043,3.2333336414784126,3.106784458289211,3.2143509306266447,8088200
1992-04-24,3.1384220123291016,3.2016965005063236,3.1320941548601033,3.1763867912672823,3868114
1992-04-27,3.1637301445007324,3.189040056202818,3.144747872033802,3.1637301445007324,3848511
1992-04-28,3.22700572013855,3.23966057199461,3.1637310306991044,3.1763860976347367,4450871
1992-04-29,3.309262275695801,3.3219171259776203,3.2459875941276124,3.2586428745685225,9922903
1992-04-30,3.3409008979797363,3.3788652458639232,3.309263332017341,3.321918186338608,7723754
1992-05-01,3.3155879974365234,3.340898115156051,3.2523133483760076,3.340898115156051,7482275
1992-05-04,3.423156499862671,3.423156499862671,3.3155894212205603,3.3219168458278547,6296267
1992-05-05,3.3788647651672363,3.4358122467501038,3.3788647651672363,3.423157394229189,6446857
1992-05-06,3.3282463550567627,3.3978484994908236,3.3282463550567627,3.3725385701294393,5505893
1992-05-07,3.3409008979797363,3.359882964382023,3.3282456134992415,3.3282456134992415,3712178
1992-05-08,3.334571361541748,3.3662086964935996,3.32191651359281,3.328243937567279,5513912
1992-05-11,3.3978466987609863,3.3978466987609863,3.334572016430537,3.340899871806768,3900193
1992-05-12,3.3725359439849854,3.397845853637913,3.3345711870453414,3.397845853637913,4572056
1992-05-13,3.347226142883301,3.385190896175221,3.334570866653538,3.3598807738746426,3595449
1992-05-14,3.2902791500091553,3.328243908605109,3.283951726089747,3.315589060766292,6526162
1992-05-15,3.302934408187866,3.3219164647526864,3.252314371897832,3.2776242825030977,5323224
1992-05-18,3.3219170570373535,3.3282444820469492,3.29660714191943,3.29660714191943,2442410
1992-05-19,3.3535549640655518,3.366209816223979,3.3029355554318434,3.3282450446691203,5526387
1992-05-20,3.3282463550567627,3.3662111415590084,3.3282463550567627,3.359883712988578,4813535
1992-05-21,3.334571361541748,3.3408992156752286,3.27762433069202,3.3029344567489076,3913559
1992-05-22,3.334571361541748,3.3535538485446614,3.32191651359281,3.3408992156752286,2685671
1992-05-26,3.302934408187866,3.3282438886341272,3.271296858621657,3.3219164647526864,3954548
1992-05-27,3.3219170570373535,3.3282444820469492,3.290279716909834,3.290279716909834,2699928
1992-05-28,3.391519069671631,3.391519069671631,3.315589331206906,3.3345716045134464,4922245
1992-05-29,3.3725359439849854,3.44213824930041,3.3725359439849854,3.397845853637913,6920904
1992-06-01,3.4168283939361572,3.4294836723795505,3.3155891775021673,3.3662087857191625,4219640
1992-06-02,3.3155879974365234,3.4041723340576975,3.2776232510161005,3.4041723340576975,7300944
1992-06-03,3.1890413761138916,3.340900694099887,3.163731453936292,3.340900694099887,8801498
1992-06-04,3.2143502235412598,3.2270055047116286,3.1763858855870564,3.1890407365983098,4384487
1992-06-05,3.22700572013855,3.264970490786302,3.2016958013468573,3.22700572013855,3763414
1992-06-08,2.8093929290771484,2.860012545924463,2.6954986298610297,2.7461182467083445,41606958
1992-06-09,2.8093929290771484,2.872667396366405,2.784083013113717,2.8473576954825215,19783877
1992-06-10,2.7461190223693848,2.8600133537557757,2.7334641683529886,2.8093937226105825,13360188
1992-06-11,2.7334651947021484,2.784084844853779,2.6448807531668725,2.7461200534701335,16257487
1992-06-12,2.8093929290771484,2.834702629961032,2.720808545824461,2.7461182467083445,9059461
1992-06-15,2.784083604812622,2.8347032324180828,2.7714287516811553,2.8093935261551493,9063471
1992-06-16,2.7461190223693848,2.8220485766269787,2.7461190223693848,2.796738438434969,7367773
1992-06-17,2.771428346633911,2.784083197915858,2.7461184289904557,2.75877306519284,7086197
1992-06-18,2.8093929290771484,2.8093929290771484,2.7461182467083445,2.7587728820707382,6703039
1992-06-19,2.8093929290771484,2.8473576954825215,2.784083013113717,2.784083013113717,7800386
1992-06-22,2.961251974105835,2.961251974105835,2.809393113590226,2.822047964863303,6977487
1992-06-23,2.885322332382202,2.9485965770352607,2.8473573554313227,2.9485965770352607,7128522
1992-06-24,2.885322332382202,2.9106318151639035,2.809392593559965,2.872667053292546,6245477
1992-06-25,2.8347036838531494,2.897978389746357,2.8347036838531494,2.885323749679195,5842270
1992-06-26,2.9106318950653076,2.9232867443433146,2.8347023692382085,2.847357433595744,3725099
1992-06-29,2.9865612983703613,2.9992161471292103,2.923286624417078,2.9359416882554465,3975042
1992-06-30,3.0118725299835205,3.024527383380731,2.9739077547122914,2.999217246427114,5130308
1992-07-01,3.075145959854126,3.0878008098064362,2.9992164299811845,2.9992164299811845,6869222
1992-07-02,3.037182569503784,3.125766989421099,3.024527928903701,3.1004574931412954,5412776
1992-07-06,3.075145959854126,3.113110939870136,2.9992164299811845,3.0371811949176553,6791700
1992-07-07,3.0245258808135986,3.113110240745065,3.011871033703244,3.075145269255018,4891949
1992-07-08,2.9992170333862305,3.0498370886182142,2.9865621808879217,3.0245271685420136,5151249
1992-07-09,2.9890410900115967,3.0780762737325094,2.9763214074673385,3.0271990567739984,8276215
1992-07-10,2.963602066040039,3.0271989635850485,2.950882816235478,3.0144792814323513,5528169
1992-07-13,3.001762628555298,3.027201582520665,2.9508853691473282,2.976323890764186,3619953
1992-07-14,3.1035139560699463,3.128952883876809,2.9890405103313245,3.0144787896160894,7751377
1992-07-15,3.078078031539917,3.141674318838588,3.0653587740801824,3.1035163302851876,6429927
1992-07-16,3.065356731414795,3.3324622571229767,3.0399180172727545,3.052637050082694,4016031
1992-07-17,3.0399203300476074,3.052639372534209,3.014481380377531,3.0399203300476074,3574954
1992-07-20,2.9890410900115967,3.0271990567739984,2.9508829070751204,2.9636021572712297,4396962
1992-07-21,3.0144805908203125,3.0399195338273834,2.9890422963357275,3.0144805908203125,4152810
1992-07-22,2.963602066040039,3.0271989635850485,2.9381633502568487,3.00176003162779,4760962
1992-07-23,3.001762628555298,3.001762628555298,2.9508853691473282,2.9508853691473282,2948090
1992-07-24,3.0144805908203125,3.0272002784980097,2.9636033533286565,2.9636033533286565,2897299
1992-07-27,3.052640199661255,3.0780791562241347,3.0144821971654894,3.027201891621206,3978607
1992-07-28,3.1162350177764893,3.141673308339698,3.0526381024107603,3.0526381024107603,4969026
1992-07-29,3.1289546489715576,3.167112629859331,3.1035157068141697,3.1543933749547914,5758955
1992-07-30,3.078078031539917,3.141674318838588,3.0653587740801824,3.1035163302851876,4744477
1992-07-31,3.090797185897827,3.103516443822877,3.0526391959484713,3.065358886221933,3585647
1992-08-03,3.154392719268799,3.154392719268799,3.0653575210959625,3.090795809443172,3351742
1992-08-04,3.1162350177764893,3.205270223705427,3.1035153320595636,3.1543929940566238,4879919
1992-08-05,3.1162350177764893,3.128954271145158,3.090796078690895,3.128954271145158,3364663
1992-08-06,3.1162350177764893,3.179831500793961,3.1162350177764893,3.1162350177764893,3633764
1992-08-07,3.1035139560699463,3.192549554871868,3.0907947083405474,3.11623363614741,4852742
1992-08-10,3.167111396789551,3.1798306467420314,3.065356964821566,3.078076214774047,3091551
1992-08-11,3.1162350177764893,3.1671122474252926,3.1035153320595636,3.1671122474252926,3570944
1992-08-12,3.090797185897827,3.128955392021389,3.0780781441469833,3.090797185897827,2687007
1992-08-13,3.078078031539917,3.1289552775530516,3.0526390842720525,3.1162360200933175,3615497
1992-08-14,3.078078031539917,3.1035163302851876,3.0526390842720525,3.0653587740801824,3507233
1992-08-17,3.1289546489715576,3.1543933749547914,3.078077413179245,3.09079645190963,2881260
1992-08-18,3.154392719268799,3.1925506922248874,3.1289539985733703,3.154392719268799,4732893
1992-08-19,3.1289546489715576,3.1925513558425647,3.1289546489715576,3.1543933749547914,2541318
1992-08-20,3.1035139560699463,3.141671915432175,3.0907947083405474,3.11623363614741,2280682
1992-08-21,3.052640199661255,3.154395161215666,3.027201891621206,3.154395161215666,4371121
1992-08-24,3.052640199661255,3.065359894116972,3.0144821971654894,3.0144821971654894,3012246
1992-08-25,3.078078031539917,3.1035163302851876,3.027200785526782,3.039920042986516,4884820
1992-08-26,3.179833173751831,3.179833173751831,3.0907977048058712,3.0907977048058712,4249936
1992-08-27,3.167111396789551,3.217988612773543,3.128953430758039,3.2052693628210625,3654259
1992-08-28,3.1416735649108887,3.179831760481419,3.1162352722702096,3.1543932516665936,2951208
1992-08-31,3.1035139560699463,3.141671915432175,3.0907947083405474,3.11623363614741,2266425
1992-09-01,3.205270290374756,3.205270290374756,3.090796142979172,3.1035153966124,2806856
1992-09-02,3.167111396789551,3.1925501128685823,3.141672464536449,3.1925501128685823,3261745
1992-09-03,3.1416735649108887,3.179831760481419,3.1162352722702096,3.167112506074006,3852521
1992-09-04,3.167111396789551,3.167111396789551,3.128953430758039,3.128953430758039,1694806
1992-09-08,3.078078031539917,3.1671132661064525,3.0653587740801824,3.1671132661064525,4204937
1992-09-09,3.078078031539917,3.1035163302851876,3.0526390842720525,3.090797072825453,3518817
1992-09-10,3.078078031539917,3.1035163302851876,3.0653587740801824,3.1035163302851876,3415453
1992-09-11,3.090797185897827,3.103516443822877,3.065358886221933,3.0780781441469833,2506121
1992-09-14,3.1416735649108887,3.167112506074006,3.1035155855145047,3.1543932516665936,4008457
1992-09-15,3.052640199661255,3.141675466759949,3.052640199661255,3.1162371587199003,3818215
1992-09-16,3.027200937271118,3.0653589277372624,2.989042946804974,3.001761988728077,5703709
1992-09-17,3.027200937271118,3.0653589277372624,3.001761988728077,3.0526392372915327,4959669
1992-09-18,3.0399203300476074,3.052639372534209,3.014481380377531,3.052639372534209,4956551
1992-09-21,3.0144805908203125,3.0399195338273834,3.001761335490939,3.0272002784980097,2852300
1992-09-22,2.9890410900115967,3.0399183069701077,2.9763214074673385,3.0017601240336313,3701931
1992-09-23,2.97632098197937,3.001759694909003,2.963601733601575,2.989040662705252,3194024
1992-09-24,2.97632098197937,3.001759694909003,2.9508824852237807,3.001759694909003,3942073
1992-09-25,2.8872861862182617,2.9636021187511314,2.798251003654604,2.9636021187511314,9652019
1992-09-28,2.874567747116089,2.8872870007350357,2.785532539435195,2.8491290237040623,6738236
1992-09-29,2.8872861862182617,2.9381634025154844,2.836408969921039,2.874566936187474,5891724
1992-09-30,2.874567747116089,2.9127257241470623,2.874567747116089,2.874567747116089,6190231
1992-10-01,2.8872861862182617,2.9254441524846966,2.874566936187474,2.900005868597193,4960115
1992-10-02,2.836409330368042,2.900006237126003,2.810970394725578,2.900006237126003,4887939
1992-10-05,2.798250675201416,2.810969707565197,2.6964962545507056,2.7855314266635887,9724641
1992-10-06,2.8109703063964844,2.823689989992125,2.7346547989117496,2.798251271323121,6515470
1992-10-07,2.8109703063964844,2.861847959908585,2.785532020075665,2.823689989992125,5478715
1992-10-08,2.9158387184143066,2.941415884961586,2.80073962144005,2.80073962144005,5822221
1992-10-09,2.9286272525787354,2.9542046370005495,2.8774722663808077,2.9030496508026222,6515024
1992-10-12,2.95420503616333,2.95420503616333,2.890261349114628,2.890261349114628,2971257
1992-10-13,2.9286272525787354,2.9797822387766626,2.9158387777221266,2.9542046370005495,4698587
1992-10-14,2.95420503616333,2.9925713353342824,2.915839171701033,2.9286276482855804,4152810
1992-10-15,3.018150806427002,3.030939508272021,2.9286294588029445,2.9286294588029445,4185779
1992-10-16,3.018150806427002,3.018150806427002,2.9414181606479635,3.018150806427002,4341270
1992-10-19,3.018150806427002,3.0437286448259644,2.9925731853825015,2.9925731853825015,3918905
1992-10-20,2.95420503616333,3.043726763152765,2.9286276482855804,3.030937634505235,4845168
1992-10-21,2.992570638656616,3.0053597643268075,2.954204348417429,2.966993256733343,4080188
1992-10-22,3.0053603649139404,3.0181488410769317,2.9797825431706757,2.9925712366879873,2687007
1992-10-23,2.95420503616333,2.9925713353342824,2.9286276482855804,2.9797826413954076,3793265
1992-10-26,2.9797816276550293,2.992570317243112,2.9286266519484454,2.9542040311246103,3426146
1992-10-27,2.95420503616333,2.9797826413954076,2.9414163422244552,2.9797826413954076,3646685
1992-10-28,2.9286272525787354,2.9542046370005495,2.9030496508026222,2.9542046370005495,3862768
1992-10-29,2.966993570327759,2.966993570327759,2.9286272760334717,2.9414159683468006,5617721
1992-10-30,2.966993570327759,3.0181485569353756,2.9542046606601295,2.966993570327759,5266641
1992-11-02,3.0437283515930176,3.0437283515930176,2.954206577884568,2.954206577884568,7039861
1992-11-03,2.9797816276550293,3.0437257276582033,2.9669929380669466,3.0437257276582033,4327013
1992-11-04,2.8902618885040283,2.9925718938170847,2.8774731921784884,2.954205587486096,5441736
1992-11-05,2.8902618885040283,2.9030505848295682,2.8391068858475,2.8774731921784884,4768090
1992-11-06,2.8646833896636963,2.903049684090646,2.8391060049485968,2.903049684090646,4334142
1992-11-09,2.8902618885040283,2.9286281948350164,2.85189558217304,2.8646842784985798,3922469
1992-11-10,2.8902618885040283,2.9030505848295682,2.85189558217304,2.8774731921784884,4761407
1992-11-11,3.0053603649139404,3.0309375345942438,2.890261253840851,2.9030499473581632,6836699
1992-11-12,3.0309386253356934,3.0693049370488037,3.018149927216123,3.0309386253356934,8619720
1992-11-13,3.056516647338867,3.069305128903415,3.018150115873162,3.043727948419907,3915341
1992-11-16,3.082092046737671,3.09488073646252,3.043725760208867,3.0565144499337165,5915783
1992-11-17,3.1588265895843506,3.1588265895843506,3.094883092286339,3.094883092286339,7465345
1992-11-18,3.1971938610076904,3.2227714831880188,3.1460388340015055,3.158827319059962,6600121
1992-11-19,3.1971938610076904,3.1971938610076904,3.158827319059962,3.184405158594762,3605696
1992-11-20,3.248345375061035,3.261134499207742,3.1844019278700126,3.2227682135388775,4617500
1992-11-23,3.1844027042388916,3.248346167019561,3.1844027042388916,3.248346167019561,2737798
1992-11-24,3.1971938610076904,3.248348670659403,3.171616456181834,3.184405158594762,3681882
1992-11-25,3.1844027042388916,3.2355576918177316,3.1844027042388916,3.1971913967950254,2185783
1992-11-27,3.1844027042388916,3.209980306705464,3.171614011682758,3.1844027042388916,1285807
1992-11-30,3.1460368633270264,3.1971918582897714,3.1204590398141505,3.1844031638876693,4667400
1992-12-01,3.1588265895843506,3.171615723752796,3.094883092286339,3.1332494080195676,4459782
1992-12-02,3.1460368633270264,3.1971918582897714,3.1204590398141505,3.1971918582897714,4641114
1992-12-03,3.1460368633270264,3.158825340374793,3.1076703454120485,3.1460368633270264,3578964
1992-12-04,3.1716136932373047,3.197191075781479,3.1460360933388483,3.1716136932373047,2902200
1992-12-07,3.20997953414917,3.20997953414917,3.1460356520494757,3.184401937838442,3534411
1992-12-08,3.2355573177337646,3.248345791457035,3.197191027146837,3.222768626656215,3218973
1992-12-09,3.248345375061035,3.261134499207742,3.1971906173082174,3.2227682135388775,4615273
1992-12-10,3.1588265895843506,3.2355594384052293,3.1588265895843506,3.2355594384052293,4180878
1992-12-11,3.1971938610076904,3.248348670659403,3.1460388340015055,3.171616456181834,3353079
1992-12-14,3.248345375061035,3.248345375061035,3.1588241142851015,3.1844019278700126,4742695
1992-12-15,3.2227697372436523,3.286713432021093,3.2227697372436523,3.2483469108585328,5458221
1992-12-16,3.1844027042388916,3.2611352942843035,3.1844027042388916,3.248346167019561,3805294
1992-12-17,3.273925304412842,3.2867140021157133,3.171615288081085,3.1971926834868283,4161275
1992-12-18,3.337869167327881,3.337869167327881,3.2739250320695756,3.325080035980097,9486727
1992-12-21,3.3762354850769043,3.3762354850769043,3.286713738908337,3.2995026529414355,4467356
1992-12-22,3.29950213432312,3.3634458250203965,3.235558226271503,3.3634458250203965,6038750
1992-12-23,3.20997953414917,3.2995007952053403,3.20997953414917,3.2739231988946123,4490078
1992-12-24,3.1971938610076904,3.235560185600947,3.171616456181834,3.1971938610076904,3656932
1992-12-28,3.20997953414917,3.222768223627408,3.1716132483602038,3.19719062731668,6725315
1992-12-29,3.1460368633270264,3.222769464448312,3.1460368633270264,3.2099807700462093,4772100
1992-12-30,3.1588265895843506,3.1844044232123982,3.1332494080195676,3.1588265895843506,2597455
1992-12-31,3.1076714992523193,3.184404346217904,3.1076714992523193,3.184404346217904,2952990
1993-01-04,3.1076714992523193,3.1588265132082927,3.082094318305957,3.1204601984027085,6737790
1993-01-05,3.0437283515930176,3.1076718546577924,2.979784196464919,3.1076718546577924,8977483
1993-01-06,2.966993570327759,3.043726376270634,2.890260981739184,3.0309372492487046,10458879
1993-01-07,2.9030494689941406,2.966993360752677,2.8902607775841473,2.9414157605784053,6512351
1993-01-08,2.95420503616333,2.9669939474565328,2.890261349114628,2.903050043053503,8789914
1993-01-11,2.943920850753784,3.0210543628263844,2.9182096800629176,2.9824874975454114,5433271
1993-01-12,2.892498731613159,2.9439208545722453,2.8539320847715084,2.9182096838480294,7950530
1993-01-13,2.9310662746429443,2.9439215352433292,2.8153660888773318,2.90535487948459,7525047
1993-01-14,2.853933334350586,2.9567776252985674,2.802510751897713,2.94392214355243,7636875
1993-01-15,2.892498731613159,2.95677633068968,2.8667875608889437,2.9053542077305945,10680754
1993-01-18,2.8410749435424805,2.918208422372057,2.815364220911124,2.905352951811753,7141443
1993-01-19,2.7510886192321777,2.853933347637864,2.7510886192321777,2.828222165536442,13495184
1993-01-20,2.8025102615356445,2.841076918515396,2.7639440415346996,2.7767995210314824,9749591
1993-01-21,2.853933334350586,2.853933334350586,2.802510751897713,2.8153666706227325,7654697
1993-01-22,2.8667876720428467,2.93106571059031,2.789654375368857,2.8667876720428467,5272879
1993-01-25,2.9053544998168945,2.943921150535797,2.879643326507837,2.879643326507837,4418793
1993-01-26,2.8410749435424805,2.9439195819819157,2.828219691471428,2.931064329910863,5017143
1993-01-27,2.8025102615356445,2.8539328349909847,2.7639440415346996,2.8539328349909847,6258843
1993-01-28,2.7767984867095947,2.841075860251009,2.7767984867095947,2.815365129323765,5705491
1993-01-29,2.8282206058502197,2.8282206058502197,2.776798488494709,2.789653963211256,5166397
1993-02-01,2.8282206058502197,2.8667872484891834,2.789653963211256,2.8667872484891834,4956996
1993-02-02,2.686809778213501,2.828220658179972,2.686809778213501,2.815365183225563,11171731
1993-02-03,2.8410749435424805,2.853930851081287,2.673952952301526,2.699664111911385,13911757
1993-02-04,2.81536602973938,2.866788163507756,2.789654853610496,2.866788163507756,5781677
1993-02-05,2.8282206058502197,2.8282206058502197,2.7510871020829706,2.8025092194384817,4954769
1993-02-08,2.738234043121338,2.85393406388043,2.738234043121338,2.8282228753263547,5613711
1993-02-09,2.81536602973938,2.81536602973938,2.6996658464040983,2.725377241022374,6620170
1993-02-10,2.8282206058502197,2.8539317737726364,2.789653963211256,2.8282206058502197,6903974
1993-02-11,2.853933334350586,2.9053554798245766,2.8153666706227325,2.8153666706227325,4835811
1993-02-12,2.879643201828003,2.892498897170603,2.828221075925678,2.879643201828003,4980610
1993-02-16,2.738234043121338,2.8282228753263547,2.699667151045477,2.815367390294066,8605463
1993-02-17,2.6482436656951904,2.7253769678614828,2.5968215370807854,2.6996655758202257,10163491
1993-02-18,2.571110248565674,2.699665684522675,2.5582549890061657,2.6739545099355233,8118942
1993-02-19,2.4939770698547363,2.5839658577423346,2.4682661124522167,2.5711103790410745,11449744
1993-02-22,2.391132354736328,2.532543249392444,2.32685431781916,2.5068320783234466,14587630
1993-02-23,2.4939770698547363,2.4939770698547363,2.352566148672709,2.4168435421790084,14145662
1993-02-24,2.673954963684082,2.673954963684082,2.5068328467317693,2.5196885454515425,14082842
1993-02-25,2.71252179145813,2.725377709466363,2.6096775062442727,2.6482443863112555,9864984
1993-02-26,2.686809778213501,2.738231896520461,2.64824313486095,2.7125205096329923,6275773
1993-03-01,2.6610987186431885,2.7125208432751085,2.648243460596899,2.6868101086931775,7552224
1993-03-02,2.673954963684082,2.673954963684082,2.635388741482424,2.673954963684082,5945633
1993-03-03,2.6353890895843506,2.6610998349517185,2.6096776887486497,2.6482445715127567,6574280
1993-03-04,2.6225316524505615,2.661098294398364,2.6096761779644,2.661098294398364,3766533
1993-03-05,2.6225316524505615,2.686809680349323,2.6096761779644,2.635387563915359,6518143
1993-03-08,2.71252179145813,2.725377709466363,2.6096775062442727,2.6096775062442727,6008899
1993-03-09,2.5968213081359863,2.699665337808339,2.5968213081359863,2.6868100798998142,6294931
1993-03-10,2.71252179145813,2.725377709466363,2.6096775062442727,2.6096775062442727,9046095
1993-03-11,2.699665069580078,2.751087188551827,2.6739539008495394,2.7125205447006833,5425697
1993-03-12,2.738234043121338,2.738234043121338,2.6353897258840324,2.661100477459113,7311636
1993-03-15,2.7253775596618652,2.738233039984619,2.699666162037523,2.7253775596618652,2964129
1993-03-16,2.673954963684082,2.6868108808932707,2.648244221712782,2.6868108808932707,3854749
1993-03-17,2.6225316524505615,2.6482430384015205,2.6225316524505615,2.6482430384015205,6787690
1993-03-18,2.6225316524505615,2.6482430384015205,2.583965010502759,2.6225316524505615,5472478
1993-03-19,2.4554097652435303,2.622531818075422,2.4554097652435303,2.622531818075422,11979482
1993-03-22,2.545397996902466,2.58396463321917,2.4168423968539283,2.4554092516599186,11581621
1993-03-23,2.545397996902466,2.6096757969267346,2.545397996902466,2.5582539064901773,7926471
1993-03-24,2.4682655334472656,2.4939764848185186,2.3911322423548302,2.4425543635866744,14887474
1993-03-25,2.5068321228027344,2.5453987708458534,2.442554521723771,2.4554099982416933,6864322
1993-03-26,2.4425559043884277,2.5711113978074853,2.4425559043884277,2.545400211727883,6417452
1993-03-29,2.5196874141693115,2.545398363086397,2.4554096048979632,2.481120772304366,5251493
1993-03-30,2.673954963684082,2.673954963684082,2.5196885454515425,2.5325440256819003,7791475
1993-03-31,2.6482436656951904,2.7639436189446287,2.6482436656951904,2.7639436189446287,8455764
1993-04-01,2.5839672088623047,2.673956043803794,2.5839672088623047,2.673956043803794,3783018
1993-04-02,2.571110248565674,2.6225323792505986,2.4682659871958244,2.5582549890061657,6944963
1993-04-05,2.6096763610839844,2.6225318364722074,2.558254459531091,2.5711097164299814,3343277
1993-04-06,2.571110248565674,2.648243772327129,2.5582549890061657,2.6225323792505986,3910886
1993-04-07,2.532543420791626,2.571110070760588,2.493976770822664,2.5453988979514923,4620174
1993-04-08,2.4595351219177246,2.4854250370985103,2.4077555115644405,2.4207003591506897,9110697
1993-04-12,2.6148741245269775,2.6148741245269775,2.524259320693439,2.537204386958915,5421687
1993-04-13,2.5760388374328613,2.679597806260134,2.5760388374328613,2.6666531826659714,5660492
1993-04-14,2.5760388374328613,2.6019283046294053,2.524258802998677,2.537203866609278,4097118
1993-04-15,2.6407623291015625,2.6407623291015625,2.5501480087919735,2.576038128892083,3457333
1993-04-16,2.6148741245269775,2.6537088833068765,2.5889839919960256,2.6537088833068765,5199812
1993-04-19,2.7054872512817383,2.744321992304765,2.5889828082044946,2.6148729288973973,7613708
1993-04-20,2.7961020469665527,2.7961020469665527,2.6925424266979014,2.7054877092437843,7700586
1993-04-21,2.834937334060669,2.886716934040614,2.8090474240665753,2.821992049051258,10447741
1993-04-22,2.666653633117676,2.8478823541970906,2.666653633117676,2.834937508408063,4442852
1993-04-23,2.666653633117676,2.7443231478683554,2.6407635015231072,2.6407635015231072,4749824
1993-04-26,2.7572667598724365,2.770211379860922,2.679597059868102,2.679597059868102,3685892
1993-04-27,2.9255518913269043,2.938496737214954,2.7572680147492226,2.7572680147492226,12055668
1993-04-28,2.8478832244873047,2.912607913228301,2.821993084980918,2.912607913228301,4733784
1993-04-29,2.809046506881714,2.847881249188759,2.770211544566498,2.8219911276398344,2932496
1993-04-30,2.8867180347442627,2.8867180347442627,2.80904849515488,2.80904849515488,3709059
1993-05-03,2.964385509490967,2.964385509490967,2.8867160240022636,2.8996608649143227,6315425
1993-05-04,2.8996617794036865,2.9514418194067273,2.8737720894145307,2.9384965343956635,4557799
1993-05-05,2.8996617794036865,2.9255516894010856,2.809047424425155,2.8478821794171316,8340371
1993-05-06,2.860825300216675,2.899660254797953,2.8219905656435245,2.899660254797953,5346837
1993-05-07,2.860825300216675,2.912605312994421,2.83493584384812,2.83493584384812,3866778
1993-05-10,2.834937334060669,2.8996617790335395,2.834937334060669,2.860826804038277,5412776
1993-05-11,2.8478832244873047,2.8608278542238508,2.8090484552443713,2.8478832244873047,4396071
1993-05-12,2.8219926357269287,2.860827398787467,2.7961031603670508,2.834937923427589,3999547
1993-05-13,2.7184321880340576,2.783157057283883,2.7054875661971955,2.7702117754224527,3845838
1993-05-14,2.7961020469665527,2.8090468894960336,2.6666529616471406,2.7054877092437843,6225428
1993-05-17,2.912607192993164,2.9384968860808502,2.860827146792984,2.8737724333533654,8632195
1993-05-18,2.912607192993164,2.964386799176806,2.860827146792984,2.9384968860808502,5268869
1993-05-19,2.8996617794036865,2.9514418194067273,2.860826804403467,2.9255516894010856,6938280
1993-05-20,2.912607192993164,2.925552039537007,2.8867172798972085,2.912607192993164,3190014
1993-05-21,2.8996617794036865,2.8996617794036865,2.8349373344225537,2.8478821794171316,7721526
1993-05-24,2.912607192993164,2.9514421726412317,2.8867172798972085,2.8996621264410516,3715742
1993-05-25,2.8867180347442627,2.8996628846730506,2.8349384150207833,2.8867180347442627,5320105
1993-05-26,2.8867180347442627,2.9126079546101655,2.8608278948700328,2.8737731848154744,4819772
1993-05-27,2.8478832244873047,2.8867179937302376,2.821993084980918,2.8867179937302376,4826455
1993-05-28,2.809046506881714,2.847881249188759,2.7961016661154225,2.8349364084224677,4428149
1993-06-01,2.809046506881714,2.8219911276398344,2.7572669238083773,2.7831568253491312,4610372
1993-06-02,2.8478832244873047,2.8478832244873047,2.8090484552443713,2.8090484552443713,4713290
1993-06-03,2.7961020469665527,2.8478816370926774,2.783157204437072,2.8349367945631965,5895734
1993-06-04,2.679598331451416,2.7831579806006514,2.640763573024584,2.7831579806006514,7540640
1993-06-07,2.6925430297851562,2.7184329406512515,2.6666535589355616,2.7054883152305793,4085980
1993-06-08,2.666653633117676,2.718433016273787,2.666653633117676,2.692543104687475,3527728
1993-06-09,2.679598331451416,2.7054884637469874,2.679598331451416,2.679598331451416,4282460
1993-06-10,2.7054872512817383,2.718431871611862,2.6795971305888355,2.692541970927123,7206045
1993-06-11,2.6925430297851562,2.731377786080174,2.6795981843562338,2.731377786080174,4630421
1993-06-14,2.7443230152130127,2.757267860376311,2.6537086590534305,2.6925429745350806,5970583
1993-06-15,2.7054872512817383,2.7702114529731765,2.692541970927123,2.7572668326430523,3090660
1993-06-16,2.809046506881714,2.809046506881714,2.6925420599524075,2.705487340735041,4879028
1993-06-17,2.7961020469665527,2.8349367945631965,2.770211921891189,2.7961020469665527,3753613
1993-06-18,2.7054872512817383,2.796101573666079,2.7054872512817383,2.7702114529731765,8957880
1993-06-21,2.7054872512817383,2.7313767119501495,2.692541970927123,2.718431871611862,4126078
1993-06-22,2.6925430297851562,2.731377786080174,2.6666535589355616,2.7184329406512515,3583865
1993-06-23,2.6537089347839355,2.6925432543006202,2.6537089347839355,2.6795984077923025,4821109
1993-06-24,2.6925430297851562,2.7054883152305793,2.6666535589355616,2.6666535589355616,3943410
1993-06-25,2.7443230152130127,2.7702124855313643,2.705488259714871,2.7184328848699235,3104917
1993-06-28,2.7054872512817383,2.744321992304765,2.692541970927123,2.7313767119501495,3169074
1993-06-29,2.6925430297851562,2.7054883152305793,2.653708713506639,2.6795981843562338,4278005
1993-06-30,2.6537089347839355,2.731378013833842,2.6537089347839355,2.6795984077923025,3748712
1993-07-01,2.6407623291015625,2.6537076091597758,2.6148728690259295,2.6537076091597758,6146568
1993-07-02,2.6148741245269775,2.6278187507759245,2.563094079473338,2.6148741245269775,7236341
1993-07-06,2.5630931854248047,2.6019279306585137,2.5242584401910957,2.5889830889166734,6944072
1993-07-07,2.627817392349243,2.666652351062022,2.6019274932101073,2.6148727727919012,5957663
1993-07-08,2.666653633117676,2.666653633117676,2.614874029953308,2.6278186557340795,6977041
1993-07-09,2.632251262664795,2.6713440977174816,2.567096242283212,2.6583127835827054,9156142
1993-07-12,2.6583127975463867,2.6974056328044216,2.6452819262838183,2.6583127975463867,5887268
1993-07-13,2.697406768798828,2.7364996205205503,2.684376113518818,2.684376113518818,7045653
1993-07-14,2.697406768798828,2.7364996205205503,2.671345236768385,2.697406768798828,6273545
1993-07-15,2.632251262664795,2.684374968911601,2.606189077335899,2.684374968911601,4989966
1993-07-16,2.5931591987609863,2.6322520454390315,2.5801278807509807,2.6322520454390315,4485623
1993-07-19,2.606189489364624,2.632251678813854,2.5801275213857577,2.5931588375807366,4778338
1993-07-20,2.6713449954986572,2.684375871072172,2.6061899532198765,2.6192208287933907,5716629
1993-07-21,2.7234678268432617,2.7234678268432617,2.6713441201585812,2.6843749914621684,5173525
1993-07-22,2.6713449954986572,2.7104374007487975,2.6452828014108225,2.684375871072172,4786357
1993-07-23,2.697406768798828,2.697406768798828,2.658313917077106,2.658313917077106,3056354
1993-07-26,2.6713449954986572,2.6974065251752832,2.5540662294554157,2.6713449954986572,2781906
1993-07-27,2.6583127975463867,2.6843749830121832,2.6583127975463867,2.6713441117496144,5026499
1993-07-28,2.632251262664795,2.6713440977174816,2.632251262664795,2.6713440977174816,3228330
1993-07-29,2.5931591987609863,2.6452826990378537,2.5931591987609863,2.6322520454390315,4083307
1993-07-30,2.606189489364624,2.6192203626188753,2.5801275213857577,2.5931588375807366,3824452
1993-08-02,2.5931591987609863,2.6452826990378537,2.5801278807509807,2.6061898523598086,3578964
1993-08-03,2.606189489364624,2.6192203626188753,2.5670966481315065,2.5801275213857577,4705270
1993-08-04,2.606189489364624,2.6192203626188753,2.5931588375807366,2.606189489364624,3688565
1993-08-05,2.580127239227295,2.6061892043560677,2.554065495568862,2.580127239227295,3220756
1993-08-06,2.5670974254608154,2.5801283026608783,2.5540665482607525,2.5801283026608783,2931159
1993-08-09,2.5280039310455322,2.5801276480926325,2.4758802139984324,2.5801276480926325,5757618
1993-08-10,2.4758808612823486,2.5280045919564587,2.4758808612823486,2.50194283735462,4012022
1993-08-11,2.3976948261260986,2.514973370182145,2.3976948261260986,2.4758805221634628,9045649
1993-08-12,2.436788558959961,2.46285054092584,2.3716339362509875,2.423757678712263,9673850
1993-08-13,2.501943349838257,2.5149742298083466,2.449819165546465,2.4628504884575104,4535522
1993-08-16,2.5931591987609863,2.5931591987609863,2.488911312325673,2.5019424088652844,5190455
1993-08-17,2.619220495223999,2.632251812078723,2.5801276520117007,2.5931589688664247,5910882
1993-08-18,2.697406768798828,2.710437645549261,2.632252385046663,2.6452830403266727,5873902
1993-08-19,2.7495296001434326,2.7495296001434326,2.697405888678411,2.723468076616448,6430818
1993-08-20,2.710437297821045,2.736499269448784,2.684375769134095,2.736499269448784,6635763
1993-08-23,2.710437297821045,2.736499269448784,2.671344894055423,2.710437297821045,3400751
1993-08-24,2.697406768798828,2.710437645549261,2.684376113518818,2.710437645549261,2785025
1993-08-25,2.684375524520874,2.723468367664957,2.684375524520874,2.710437050832972,3620398
1993-08-26,2.7495296001434326,2.7886224391097865,2.6713443651514264,2.697405888678411,4622847
1993-08-27,2.7234678268432617,2.7495293479801064,2.697405641295426,2.7495293479801064,3023385
1993-08-30,2.7234678268432617,2.7495293479801064,2.697405641295426,2.7234678268432617,2618841
1993-08-31,2.710437297821045,2.749530144527456,2.671344894055423,2.736499269448784,4456218
1993-09-01,2.710437297821045,2.723468615840506,2.671344894055423,2.710437297821045,3004672
1993-09-02,2.801654577255249,2.905902030797565,2.775592603134462,2.775592603134462,7888601
1993-09-03,2.7886221408843994,2.8146843260352514,2.7755914912496276,2.7886221408843994,3438621
1993-09-07,2.736497163772583,2.7625593368164303,2.7104352121989597,2.7234665201911077,2996653
1993-09-08,2.684375524520874,2.710437050832972,2.6192204906535697,2.710437050832972,5066597
1993-09-09,2.736497163772583,2.736497163772583,2.645280665470238,2.658311530521938,5167733
1993-09-10,2.736497163772583,2.7755902018681295,2.6974043471472604,2.7104352121989597,5442181
1993-09-13,2.697406768798828,2.749530497270983,2.671345236768385,2.7364996205205503,4323003
1993-09-14,2.77559232711792,2.788622980676867,2.6583135659722785,2.6583135659722785,5379807
1993-09-15,2.814685106277466,2.814685106277466,2.7364991935624365,2.801654231560155,5053231
1993-09-16,2.762561082839966,2.801653924173166,2.762561082839966,2.801653924173166,3385157
1993-09-17,2.7495296001434326,2.7625609155828017,2.6713443651514264,2.6713443651514264,10753376
1993-09-20,2.684375524520874,2.7625612108090403,2.6713446506296377,2.736499020085819,4012022
1993-09-21,2.7234678268432617,2.762560662224355,2.697405641295426,2.697405641295426,9230546
1993-09-22,2.710437297821045,2.749530144527456,2.6974064227423726,2.736499269448784,8616602
1993-09-23,2.814685106277466,2.8277159809947765,2.7104372226574265,2.723468540315514,8696797
1993-09-24,2.8407480716705322,2.8537793959225173,2.788624324956096,2.8277174118300485,6163499
1993-09-27,2.8537797927856445,2.8668106759087784,2.8016560388225775,2.840748466721448,4219640
1993-09-28,2.801654577255249,2.853778304026407,2.801654577255249,2.853778304026407,2873686
1993-09-29,2.8537797927856445,2.8668106759087784,2.8016560388225775,2.8277178050688456,4413001
1993-09-30,2.8537797927856445,2.879841337561381,2.8277178050688456,2.840748466721448,3879698
1993-10-01,2.866809368133545,2.8798400238418496,2.8016547607694395,2.8277165151269097,4650024
1993-10-04,2.814685106277466,2.8537779518997866,2.801654231560155,2.840746634241699,5291146
1993-10-05,2.814685106277466,2.8537779518997866,2.7755922606551455,2.840746634241699,4422357
1993-10-06,2.801654577255249,2.84074698476039,2.7886232579892316,2.82771632990562,3325456
1993-10-07,2.762561082839966,2.840746322565638,2.762561082839966,2.801653924173166,4414338
1993-10-08,2.7672829627990723,2.8066282192507197,2.688592895696491,2.7672829627990723,6476263
1993-10-11,2.819744348526001,2.8459743771473596,2.7803990826935525,2.7935140970042323,4486959
1993-10-12,2.7935125827789307,2.845972834485945,2.7935125827789307,2.845972834485945,3944746
1993-10-13,2.754167318344116,2.8066275739172357,2.741052533076218,2.7935127886493376,3848511
1993-10-14,2.832859516143799,2.8590893232842385,2.7672837723403805,2.7672837723403805,6131866
1993-10-15,2.859088182449341,2.8984334347114906,2.8459733955624014,2.872203638037279,7132978
1993-10-18,2.950894355773926,2.9771243772436806,2.8722038455639636,2.885318856298841,6286911
1993-10-19,2.9115488529205322,2.964009114296462,2.8853186107824023,2.950894104677562,4279787
1993-10-20,2.937777280807495,2.937777280807495,2.8722020453338084,2.911547275778104,3366890
1993-10-21,3.0426981449127197,3.0426981449127197,2.937777450050143,2.950892676220604,5484952
1993-10-22,2.9115488529205322,3.0426996178105212,2.9115488529205322,3.0295843852912916,4543542
1993-10-25,2.924663543701172,2.9508937829797577,2.89843308152228,2.937778551890312,3002445
1993-10-26,2.924663543701172,2.9508937829797577,2.89843308152228,2.9508937829797577,2842053
1993-10-27,2.872204542160034,2.911549806807426,2.872204542160034,2.872204542160034,4661608
1993-10-28,2.937777280807495,2.9640075087370956,2.89843182746299,2.911547275778104,4619728
1993-10-29,2.9771227836608887,2.9771227836608887,2.911547542187015,2.9377775496164724,3070166
1993-11-01,2.990238904953003,3.029583702036028,2.96400844583024,2.977123452491342,6956101
1993-11-02,3.0295839309692383,3.0295839309692383,2.964008669808197,3.0033539156649405,4540423
1993-11-03,3.0164690017700195,3.0689292566433086,2.9902392086838288,3.042699240656815,6800165
1993-11-04,2.937777280807495,3.016467741696087,2.937777280807495,2.990237959566905,5423023
1993-11-05,2.924663543701172,2.937778551890312,2.89843308152228,2.937778551890312,3930044
1993-11-08,2.937777280807495,2.9640075087370956,2.9246622782927996,2.9508925062224,5686779
1993-11-09,2.924663543701172,2.9771237993580377,2.924663543701172,2.9640087911688977,3541539
1993-11-10,2.9640092849731445,2.9640092849731445,2.911549020576393,2.911549020576393,4870563
1993-11-11,3.0164690017700195,3.042699240656815,2.9508937389034835,2.9508937389034835,5467131
1993-11-12,3.0558130741119385,3.0558130741119385,3.016467842354704,3.016467842354704,5847616
1993-11-15,3.0295839309692383,3.0820446302787237,3.0164689233170896,3.042699161521684,5462676
1993-11-16,3.082045793533325,3.082045793533325,3.0295850744236237,3.0427003099261443,5403420
1993-11-17,3.0295839309692383,3.0951594150305763,3.0164689233170896,3.0951594150305763,5980830
1993-11-18,3.0295839309692383,3.055814169173833,2.9902391309130882,2.9902391309130882,6437501
1993-11-19,3.0426981449127197,3.068928151453197,2.9902381318317643,3.01646791547202,5465349
1993-11-22,2.9771227836608887,3.042698248034992,2.9771227836608887,3.042698248034992,5592326
1993-11-23,3.003355026245117,3.0164700387469336,2.9771247783411057,3.003355026245117,6225873
1993-11-24,3.0558130741119385,3.0689280770642777,3.016467842354704,3.016467842354704,4765863
1993-11-26,3.068929672241211,3.0820451278111722,3.042699652702619,3.042699652702619,1286253
1993-11-29,3.068929672241211,3.1213903800193927,3.042699652702619,3.0820451278111722,5393173
1993-11-30,3.068929672241211,3.0820451278111722,3.0295844200329904,3.042699652702619,3374464
1993-12-01,3.0558130741119385,3.095158305869173,3.0426980711595992,3.0689280770642777,4483841
1993-12-02,3.0951597690582275,3.108274778210485,3.0426995095488754,3.0689295278533906,5134318
1993-12-03,3.121389627456665,3.134504634063951,3.082044384734528,3.095159168441535,4899077
1993-12-06,3.1476194858551025,3.1607349385466383,3.108274242281914,3.1213896949734496,9474252
1993-12-07,3.121389627456665,3.160734870178802,3.1082741750488214,3.1476194177709584,6028948
1993-12-08,3.1345055103302,3.1345055103302,3.095160033708565,3.1213905000565494,4650024
1993-12-09,3.068929672241211,3.1213903800193927,3.055814662471915,3.1213903800193927,6012018
1993-12-10,2.990238904953003,3.095159181142096,2.977123452491342,3.0820443973812743,10505214
1993-12-13,2.990238904953003,3.003353688713825,2.937778209607757,2.977123452491342,5559802
1993-12-14,3.003355026245117,3.0295850512487497,2.99024023664368,3.0295850512487497,4121177
1993-12-15,2.9771227836608887,3.0295830214200334,2.9508927762314308,2.9640077799461597,5325897
1993-12-16,2.950894355773926,3.0033546216137843,2.9115491006689447,2.9902398337792557,4774328
1993-12-17,2.990238904953003,3.0164686953749267,2.937778209607757,2.937778209607757,5647572
1993-12-20,3.0295839309692383,3.055814169173833,2.964008669808197,2.964008669808197,4683439
1993-12-21,3.0295839309692383,3.0689291768259817,2.9902391309130882,3.0164689233170896,3646685
1993-12-22,3.082045793533325,3.0951605832350846,3.003355049219344,3.016470061821484,5222088
1993-12-23,3.1082773208618164,3.147622603404371,3.0689320383192618,3.1082773208618164,4736903
1993-12-27,3.1476194858551025,3.1476194858551025,3.108274242281914,3.134504701864418,2344393
1993-12-28,3.121389627456665,3.160734870178802,3.121389627456665,3.134504634063951,3762969
1993-12-29,3.121389627456665,3.1476194177709584,3.121389627456665,3.134504634063951,2935615
1993-12-30,3.068929672241211,3.1345053897886888,3.055814662471915,3.1345053897886888,3656041
1993-12-31,3.1082773208618164,3.1607380690860634,3.095162300981133,3.1213927865435087,3829353
1994-01-03,3.0295839309692383,3.121389876135467,3.0033539156649405,3.0951594150305763,5653809
1994-01-04,3.0951597690582275,3.121390233163387,3.003354259191781,3.0295842774962956,4354191
1994-01-05,3.1607351303100586,3.2131953839570064,3.1082744308625165,3.1213898843497736,12894161
1994-01-06,3.121389627456665,3.1476194177709584,3.095159168441535,3.1476194177709584,6276664
1994-01-07,3.121389627456665,3.160734870178802,3.1082741750488214,3.1082741750488214,3770097
1994-01-10,3.16571044921875,3.16571044921875,3.1261390686035155,3.1525202879222114,6853629
1994-01-11,3.178901195526123,3.178901195526123,3.1393298160005156,3.152520201115252,4376467
1994-01-12,3.1261398792266846,3.1920924962624464,3.0997593256115974,3.1789021073641717,4109148
1994-01-13,3.08656644821167,3.126137812932332,3.0733760680318873,3.1129474327525495,4171077
1994-01-14,3.1261398792266846,3.1525211053861595,3.0997593256115974,3.0997593256115974,3525945
1994-01-17,3.139329195022583,3.16570973585243,3.126138364154275,3.139329195022583,3249715
1994-01-18,3.139329195022583,3.1789005667207384,3.112947981648674,3.126138364154275,6266862
1994-01-19,3.0733771324157715,3.165710274014051,3.046996138738524,3.152520113447515,7873008
1994-01-20,3.0997579097747803,3.0997579097747803,2.98104356718809,3.046995705736811,4977491
1994-01-21,3.0338048934936523,3.099757471070928,3.0338048934936523,3.099757471070928,5502774
1994-01-24,2.981045722961426,3.0469979092041366,2.9678553305491877,3.0206171243796613,4186225
1994-01-25,2.9942338466644287,3.0338052180997233,2.967853081828467,2.9810434642464476,7376684
1994-01-26,3.0074265003204346,3.033807056964949,2.9678548807184533,2.981045271131455,3702376
1994-01-27,3.060185432434082,3.0733758115129315,2.967852330519546,2.9942330886772446,5683215
1994-01-28,3.08656644821167,3.1129474327525495,3.0601856878521043,3.0997572767540813,4664281
1994-01-31,3.1129496097564697,3.165711391555233,3.073378217362029,3.0865686067663525,7522373
1994-02-01,3.139329195022583,3.16570973585243,3.0865669924561194,3.139329195022583,5986177
1994-02-02,3.178901195526123,3.1920915806408594,3.1393298160005156,3.1393298160005156,6178201
1994-02-03,3.16571044921875,3.1789012830595023,3.1261390686035155,3.16571044921875,5729995
1994-02-04,3.060185432434082,3.178899740868908,3.033804450095088,3.1525187585299137,5005114
1994-02-07,3.1129496097564697,3.1261399991607925,3.0074262703404138,3.0338068249675887,4784130
1994-02-08,3.08656644821167,3.1129474327525495,3.0601856878521043,3.0997572767540813,5736678
1994-02-09,3.08656644821167,3.126137812932332,3.0733760680318873,3.0997572767540813,3574954
1994-02-10,3.0074265003204346,3.0865688427984437,3.0074265003204346,3.073378452385442,4561363
1994-02-11,3.060185432434082,3.0733758115129315,2.9810427095983956,3.020614071016239,2912001
1994-02-14,3.1261398792266846,3.1525211053861595,3.0733780994521225,3.0733780994521225,4810862
1994-02-15,3.0997579097747803,3.1657098241421413,3.0601863127916435,3.1261384513403647,7891274
1994-02-16,3.0338048934936523,3.126138008902916,3.0338048934936523,3.099757471070928,5225207
1994-02-17,2.9942338466644287,3.0601862071170376,2.967853081828467,3.0469956005177044,6584082
1994-02-18,2.981045722961426,3.0206171243796613,2.981045722961426,2.9942361153736634,4818436
1994-02-22,2.9942338466644287,3.0206148356817426,2.9810434642464476,2.9942338466644287,5028282
1994-02-23,2.9678547382354736,3.020616521535941,2.954664124274249,2.981045128015221,5815092
1994-02-24,2.8623287677764893,2.9546618742855895,2.8359480083060644,2.941471494550377,6507450
1994-02-25,2.9019017219543457,2.928282720067853,2.862330336874799,2.8755204996594084,3257735
1994-02-28,2.915090560913086,2.9546621522034724,2.901900404118504,2.901900404118504,352416
1994-03-01,2.9414725303649902,2.9546629147450845,2.888710768663227,2.928282145984896,4458000
1994-03-02,2.8623287677764893,2.888709751428221,2.8359480083060644,2.8623287677764893,7726873
1994-03-03,2.8227577209472656,2.8623293160960133,2.7568058096371857,2.8623293160960133,6487846
1994-03-04,2.809568405151367,2.84913978798193,2.7963780189349854,2.809568405151367,5254612
1994-03-07,2.8887107372283936,2.9019011214649506,2.8359489761007817,2.8359489761007817,4112266
1994-03-08,2.915090560913086,2.915090560913086,2.8623290370094456,2.8755191938040277,4276668
1994-03-09,2.9678547382354736,2.981045128015221,2.8755211130513314,2.888711951194034,4825564
1994-03-10,2.9546632766723633,2.9942346588412723,2.9282825046806993,2.9678538868496087,4630421
1994-03-11,2.9678547382354736,2.994235517794969,2.928283344714754,2.928283344714754,3820442
1994-03-14,2.981045722961426,2.9942361153736634,2.9678553305491877,2.9678553305491877,3999992
1994-03-15,3.0074265003204346,3.020616666551948,2.9678548807184533,2.981045271131455,5327234
1994-03-16,2.981045722961426,3.0206171243796613,2.954664713955428,3.007426956148946,3426146
1994-03-17,2.9942338466644287,3.0074246774451145,2.9546624752291337,2.9810434642464476,4848732
1994-03-18,2.981045722961426,3.0206171243796613,2.9019029201249547,2.9019029201249547,14718617
1994-03-21,2.9942338466644287,3.0206148356817426,2.9546624752291337,2.967853081828467,6309188
1994-03-22,3.0074265003204346,3.033807056964949,2.9678548807184533,2.9678548807184533,5777222
1994-03-23,2.9678547382354736,3.0338069113156885,2.9678547382354736,3.020616521535941,5034965
1994-03-24,2.875520944595337,2.96785456437032,2.8623307797697835,2.928283173167802,6400077
1994-03-25,2.849139928817749,2.9282826983909804,2.849139928817749,2.8755204783731125,3926034
1994-03-28,2.8887107372283936,2.9150912815201244,2.8491393603373387,2.8623297445738958,3817324
1994-03-29,2.9282822608947754,2.9282822608947754,2.8755200487597774,2.8755200487597774,5189564
1994-03-30,2.9019017219543457,2.928282720067853,2.8755204996594084,2.9150918847389544,7082187
1994-03-31,2.809568405151367,2.901901557028874,2.704044867057478,2.862330174198312,8320322
1994-04-04,2.756805419921875,2.769995576137917,2.6776624649937593,2.7304242107645185,8886149
1994-04-05,2.8623287677764893,2.8755189233303944,2.8095670246543327,2.8095670246543327,5996870
1994-04-06,2.8227577209472656,2.8755194741766794,2.8095675628665995,2.8755194741766794,3683664
1994-04-07,2.835949420928955,2.8623301935399823,2.7436158200646865,2.796378037830996,4564036
1994-04-08,2.783186674118042,2.835948881854999,2.7436152985420446,2.8095678900772083,4981946
1994-04-11,2.843240737915039,2.8830994797958134,2.776810254140735,2.7900961250874996,6143004
1994-04-12,2.7900960445404053,2.869813300192506,2.7900960445404053,2.869813300192506,4439287
1994-04-13,2.8830983638763428,2.8963842296807383,2.829953771618717,2.8432396374231126,5665839
1994-04-14,2.8830983638763428,2.9362427303259593,2.8565261806515343,2.8963842296807383,6903528
1994-04-15,2.8963851928710938,2.94953025441808,2.86981322661781,2.8963851928710938,5343719
1994-04-18,2.8963851928710938,2.922957836548629,2.86981322661781,2.909671740517945,5937168
1994-04-19,2.9495322704315186,2.9628183755432915,2.922959834399734,2.936245713703269,5682323
1994-04-20,2.9495322704315186,3.0159630217986226,2.9495322704315186,2.976104480655065,7644895
1994-04-21,3.002673625946045,3.002673625946045,2.9362424957667907,2.9495290379338286,6568488
1994-04-22,2.989389181137085,3.0026752790025086,2.976102857463546,2.989389181137085,5113824
1994-04-25,3.002673625946045,3.002673625946045,2.9362424957667907,2.9495290379338286,3302734
1994-04-26,2.989389181137085,3.0026752790025086,2.9495306617326986,3.0026752790025086,3581191
1994-04-28,3.055819034576416,3.069105128695357,2.9761020182466664,2.989388338173659,5826231
1994-04-29,3.015960693359375,3.0823916192474523,3.002674598504985,3.015960693359375,6269535
1994-05-02,3.055819034576416,3.095677542741291,2.9628159241277254,3.015960526411541,6578290
1994-05-03,3.0691049098968506,3.0823912288766526,3.029246856189585,3.055818816725084,4940957
1994-05-04,3.042531967163086,3.0823904625773797,3.042531967163086,3.0691041469006293,4291816
1994-05-05,3.029247522354126,3.0691055848266138,3.015960974644432,3.0558194887330896,6513242
1994-05-06,2.962815523147583,3.0026740259181066,2.9362428868898736,2.9761016154684174,4889275
1994-05-09,2.9362428188323975,2.976101546487079,2.909670860614646,2.9362428188323975,5067043
1994-05-10,3.015960693359375,3.0558192037306084,2.976102182988141,2.989388503650595,6621952
1994-05-11,3.002673625946045,3.042532123407205,2.962815128484885,3.029246258664139,4515919
1994-05-12,3.055819034576416,3.0823914486223494,3.029247072146585,3.0823914486223494,5570940
1994-05-13,3.0691049098968506,3.0823912288766526,3.042532723553317,3.0823912288766526,5174862
1994-05-16,3.14882230758667,3.14882230758667,3.0425330975317357,3.0425330975317357,7015803
1994-05-17,3.1753954887390137,3.1753954887390137,3.1222508746751334,3.162109391675069,7236787
1994-05-18,3.1621103286743164,3.2019688574851655,3.1355376750561925,3.17539642967521,8340371
1994-05-19,3.1621103286743164,3.17539642967521,3.1089652472462372,3.1621103286743164,6130975
1994-05-20,3.14882230758667,3.1753949488124977,3.1222503437850304,3.1753949488124977,4283796
1994-05-23,3.082390546798706,3.1753938558452095,3.055818140527136,3.162107765613417,4501662
1994-05-24,3.1089634895324707,3.135535902319189,3.0425327962777358,3.082391302553793,7733556
1994-05-25,3.1621103286743164,3.241826934679678,3.0956791462453435,3.1089652472462372,10791246
1994-05-26,3.22853946685791,3.2683982046025,3.1488224429848755,3.162108989977169,7930036
1994-05-27,3.2683987617492676,3.281684633582116,3.2152541453773185,3.2152541453773185,4740022
1994-05-31,3.1753954887390137,3.308257136802766,3.1753954887390137,3.2418259740587376,6035631
1994-06-01,3.22853946685791,3.241825562234059,3.1222504780406517,3.1488224429848755,4932492
1994-06-02,3.281684160232544,3.308256803297852,3.2418256472507396,3.255112194591472,6058353
1994-06-03,3.321542978286743,3.334829300136458,3.2551122722705053,3.281684238545683,5316541
1994-06-06,3.22853946685791,3.334829133099387,3.2152535972898346,3.2949706211628693,4018705
1994-06-07,3.2551121711730957,3.2683982668020866,3.188681015603912,3.201967562849056,4021823
1994-06-08,3.2949705123901367,3.2949705123901367,3.2285393602781856,3.2683980967069695,3318773
1994-06-09,3.2683987617492676,3.3348297015702877,3.255112664108308,3.3215433781212167,3648021
1994-06-10,3.21525239944458,3.2683969869581806,3.2019663090181774,3.2418243544893977,4152810
1994-06-13,3.2551121711730957,3.2551121711730957,3.201967562849056,3.215253658478047,5082191
1994-06-14,3.22853946685791,3.281684074170576,3.22853946685791,3.241825562234059,5682323
1994-06-15,3.2551121711730957,3.2816841366230003,3.215253658478047,3.2418256239279515,5209168
1994-06-16,3.22853946685791,3.241825562234059,3.2152535972898346,3.241825562234059,4177314
1994-06-17,3.1753954887390137,3.228539876994793,3.1488228429949214,3.228539876994793,10552441
1994-06-20,3.1355369091033936,3.1621095562303183,3.095678390029232,3.122251037156157,4445079
1994-06-21,3.1753954887390137,3.1886813599948574,3.1355367459309766,3.1488228429949214,4588541
1994-06-22,3.1753954887390137,3.2152540057389496,3.1488228429949214,3.162109391675069,3276002
1994-06-23,3.122251272201538,3.1886817659792217,3.1089647218297416,3.1621097942762786,2848736
1994-06-24,3.055819034576416,3.1222501825952755,3.055819034576416,3.108963636860232,3605696
1994-06-27,3.1089634895324707,3.148821995808528,3.029246928596437,3.0425327962777358,4427258
1994-06-28,3.14882230758667,3.14882230758667,3.0956777025592026,3.1089637973640536,3844056
1994-06-29,3.14882230758667,3.2019673642302626,3.135536212781819,3.14882230758667,3094224
1994-06-30,3.082390546798706,3.1886797202690165,3.082390546798706,3.162107765613417,4118504
1994-07-01,3.082390546798706,3.162107765613417,3.055818140527136,3.1089627272622913,7269311
1994-07-05,3.1753954887390137,3.2152540057389496,3.095678228931041,3.095678228931041,6287802
1994-07-06,3.1753954887390137,3.1886813599948574,3.1488228429949214,3.1753954887390137,3291150
1994-07-07,3.1753954887390137,3.1886813599948574,3.1488228429949214,3.162109391675069,2567159
1994-07-08,3.1886816024780273,3.1886816024780273,3.148823082447052,3.162109632137575,2721759
1994-07-11,3.1020376682281494,3.1956337792828453,3.0752958897486247,3.1822630036667245,3109818
1994-07-12,2.874734401702881,3.02181366920822,2.8479926134076528,2.9950718809129917,13632854
1994-07-13,2.928217649459839,2.981700996947477,2.9148464149050524,2.9148464149050524,13450185
1994-07-14,2.9683315753936768,3.0084441611794364,2.95496033471932,2.95496033471932,5018034
1994-07-15,2.9683315753936768,2.981702361573109,2.9415897757873495,2.9415897757873495,4633985
1994-07-18,2.9549577236175537,2.9950705012057526,2.9415871765002564,2.9683289524766354,3460452
1994-07-19,2.9549577236175537,2.9683289524766354,2.9148451732766163,2.9549577236175537,4186225
1994-07-20,2.9816999435424805,2.995070718878788,2.941587390286279,2.9549579383753093,3332139
1994-07-21,2.9950714111328125,3.021813195233563,2.9817006327061026,2.9817006327061026,3754504
1994-07-22,2.9683315753936768,3.0218149473588687,2.9683315753936768,2.995073147752542,4172413
1994-07-25,3.048555374145508,3.0619259260598,2.981700796595305,2.981700796595305,4155929
1994-07-26,2.9683315753936768,3.0268289353642905,2.95496033471932,3.0218149473588687,3051008
1994-07-27,2.9950714111328125,3.008442416806853,2.9282172917519325,2.9415880701786423,2980613
1994-07-28,2.9950714111328125,3.008442416806853,2.954958621358022,2.9950714111328125,2860765
1994-07-29,3.0084433555603027,3.0619267132033983,2.995072345713978,2.995072345713978,2754728
1994-08-01,3.0084433555603027,3.0084433555603027,2.9817015631150543,2.9817015631150543,2089548
1994-08-02,3.07529616355896,3.088666940365554,2.9683294946116017,3.0218128290852806,4566264
1994-08-03,2.9816999435424805,3.061925050054883,2.9816999435424805,3.061925050054883,5566485
1994-08-04,2.9549577236175537,3.008441502817573,2.9549577236175537,2.9816997268411938,3184222
1994-08-05,2.9415881633758545,2.954958714978848,2.914846151180517,2.9415881633758545,3331248
1994-08-08,2.9014742374420166,2.9683285548027034,2.8881034648687716,2.9683285548027034,4363992
1994-08-09,2.9415881633758545,2.9415881633758545,2.901475599577523,2.901475599577523,3491639
1994-08-10,3.048555374145508,3.0619259260598,2.941588231863057,2.954958783777349,4624629
1994-08-11,3.035184383392334,3.0752969513347552,2.9950718154499127,3.035184383392334,6110926
1994-08-12,3.061925172805786,3.075295948678121,3.0218126179414946,3.0218126179414946,3155262
1994-08-15,3.1020376682281494,3.128779219460392,3.0619251141325035,3.0752958897486247,4895067
1994-08-16,3.235745906829834,3.262487227289648,3.1154080331590213,3.1154080331590213,11207374
1994-08-17,3.329340696334839,3.329340696334839,3.2491153975433793,3.2624861670516996,11095100
1994-08-18,3.235745906829834,3.289229229491221,3.195633358021981,3.2491164534361148,6493193
1994-08-19,3.235745906829834,3.262487227289648,3.2223751329763006,3.262487227289648,4129642
1994-08-22,3.26248836517334,3.26248836517334,3.2090050238581482,3.222376256869777,3881480
1994-08-23,3.2223756313323975,3.275858962265242,3.2090044009164327,3.249116955927888,2643345
1994-08-24,3.2491183280944824,3.2491183280944824,3.2090057561426986,3.235747773773733,3447086
1994-08-25,3.2491183280944824,3.275860345725517,3.235747773773733,3.262489109662616,3308971
1994-08-26,3.289231538772583,3.302602094765973,3.2491187345553514,3.2758607555317805,3762969
1994-08-29,3.2491183280944824,3.275860345725517,3.2223769922055996,3.262489109662616,4098009
1994-08-30,3.2223756313323975,3.2624877318492773,3.1956338522423313,3.249116955927888,3171301
1994-08-31,3.2090048789978027,3.2223761114058296,3.1555215400969465,3.16889231801033,4148355
1994-09-01,3.1956348419189453,3.209005394733859,3.1822640618566735,3.1822640618566735,2003560
1994-09-02,3.1688923835754395,3.2223761780775306,3.1688923835754395,3.20900494539285,2290929
1994-09-06,3.1688923835754395,3.195634394450148,3.1421510544427096,3.18226361626012,1882375
1994-09-07,3.235745906829834,3.262487227289648,3.182262584168447,3.182262584168447,5854299
1994-09-08,3.3026020526885986,3.315973290253867,3.2357481373363512,3.2491186931593914,6233447
1994-09-09,3.1956348419189453,3.2892307568495633,3.1688928272996857,3.2357474093531184,4902196
1994-09-12,3.1956348419189453,3.2357474093531184,3.1822640618566735,3.209005394733859,2717304
1994-09-13,3.2090048789978027,3.2223761114058296,3.1889489393750488,3.2090048789978027,4906651
1994-09-14,3.2491183280944824,3.2491183280944824,3.2090057561426986,3.2223769922055996,2453103
1994-09-15,3.289231538772583,3.302602094765973,3.2491187345553514,3.262489517796154,3745147
1994-09-16,3.26248836517334,3.289230376701934,3.249117586656375,3.289230376701934,8308293
1994-09-19,3.275860548019409,3.3293439048420788,3.2624893111307958,3.275860548019409,4568046
1994-09-20,3.1956348419189453,3.275859976787292,3.1956348419189453,3.2624887422303037,5129863
1994-09-21,3.2491183280944824,3.262489109662616,3.195635201821949,3.2090057561426986,4328350
1994-09-22,3.369455099105835,3.396196425692538,3.2624879747805866,3.2758592061922,7108028
1994-09-23,3.275860548019409,3.3560856968771122,3.275860548019409,3.3427146872358966,4060585
1994-09-26,3.3026020526885986,3.342714856394766,3.3026020526885986,3.315973290253867,6746701
1994-09-27,3.329340696334839,3.3560824625986587,3.275857391054378,3.3159699268265186,5359312
1994-09-28,3.4095664024353027,3.4229371744320645,3.329341315960289,3.356083087201034,7222530
1994-09-29,3.3427135944366455,3.4229387170671677,3.3293428164139995,3.4095679390445217,2947198
1994-09-30,3.356083631515503,3.4095669554240926,3.329341855937579,3.3427126301029118,4036526
1994-10-03,3.3828272819519043,3.4095690741473113,3.315973142334486,3.356085717003897,6104243
1994-10-04,3.289231538772583,3.4095692696820405,3.289231538772583,3.3961980319464136,4113157
1994-10-05,3.26248836517334,3.2758595981849687,3.222376256869777,3.26248836517334,4894176
1994-10-06,3.275860548019409,3.302601885559647,3.2357479735905574,3.289231330413227,4837594
1994-10-07,3.3366737365722656,3.3635822408353735,3.269401789916393,3.2828560420479467,3607923
1994-10-10,3.323219060897827,3.3501280227666035,3.309765037295512,3.3501280227666035,2787698
1994-10-11,3.363581657409668,3.417398656601126,3.336673157813939,3.336673157813939,5109368
1994-10-12,3.377035617828369,3.3904898655623206,3.363581141428458,3.377035617828369,2623742
1994-10-13,3.3904898166656494,3.444307035491278,3.3904898166656494,3.4173980830795294,6505222
1994-10-14,3.444307565689087,3.444307565689087,3.377036088968138,3.3904903385791294,4271322
1994-10-17,3.3904898166656494,3.4173980830795294,3.377035569125731,3.4173980830795294,3463571
1994-10-18,3.350126028060913,3.363580272318444,3.255945860926394,3.350126028060913,7965233
1994-10-19,3.3904898166656494,3.43085278795136,3.3097638740942283,3.3366725978400207,5620394
1994-10-20,3.363581657409668,3.3904903856713915,3.296310179754351,3.363581657409668,4223204
1994-10-21,3.3366737365722656,3.3635822408353735,3.3097650036431236,3.3635822408353735,3328574
1994-10-24,3.2963104248046875,3.39049063772316,3.2963104248046875,3.3366734058648917,2931159
1994-10-25,3.282855272293091,3.30976422757873,3.2559470030053945,3.2694010233162523,3994646
1994-10-26,3.24249267578125,3.3366728736783413,3.24249267578125,3.323218167694228,5924693
1994-10-27,3.323219060897827,3.323219060897827,3.2424935472877183,3.2559477995560697,3450650
1994-10-28,3.3904898166656494,3.4173980830795294,3.3097638740942283,3.3232178929681897,4856751
1994-10-31,3.3366737365722656,3.430853958825212,3.3366737365722656,3.4039452258960696,5443072
1994-11-01,3.350126028060913,3.377034745241876,3.2963088223648875,3.3232170822140494,3660496
1994-11-02,3.323219060897827,3.3904910082376944,3.309765037295512,3.336673770498252,3885045
1994-11-03,3.377035617828369,3.377035617828369,3.3232179408946845,3.363581141428458,3890391
1994-11-04,3.3366737365722656,3.3770367216329618,3.3366737365722656,3.3770367216329618,3776780
1994-11-07,3.3366737365722656,3.35012798870382,3.2963107515115695,3.323219027108643,3336149
1994-11-08,3.350126028060913,3.3904889894994072,3.3366717838033817,3.350126028060913,4637995
1994-11-09,3.444307565689087,3.457761815300078,3.403944588190121,3.417398609135121,8329678
1994-11-10,3.457761526107788,3.525033225868413,3.444307277622052,3.457761526107788,6043205
1994-11-11,3.4712157249450684,3.4846699723520724,3.4173980493191896,3.444307001465106,2286474
1994-11-14,3.49812388420105,3.5115785876493177,3.444306671069503,3.4712153919682427,4052119
1994-11-15,3.49812388420105,3.5519415546644613,3.4712153919682427,3.5115785876493177,4572056
1994-11-16,3.484668731689453,3.511577674254855,3.471214489072625,3.4981229743062814,3181549
1994-11-17,3.5384879112243652,3.5384879112243652,3.4443077028645535,3.4712164318242142,3460452
1994-11-18,3.49812388420105,3.538486851216193,3.4712153919682427,3.5250326050997893,4366220
1994-11-21,3.444307565689087,3.5115794997420187,3.4308533160780956,3.4981247927990444,4200036
1994-11-22,3.363581657409668,3.471216341790568,3.3501274076118035,3.4443076135288444,5332580
1994-11-23,3.363581657409668,3.417398656601126,3.2828554726244974,3.336673157813939,5027836
1994-11-25,3.3904898166656494,3.4173980830795294,3.350126845379939,3.377035569125731,1169078
1994-11-28,3.430851936340332,3.430851936340332,3.3770347308732878,3.4039432192738603,3222538
1994-11-29,3.444307565689087,3.444307565689087,3.377036088968138,3.403944588190121,6780116
1994-11-30,3.430851936340332,3.4846691418073763,3.430851936340332,3.444306180540618,4852296
1994-12-01,3.4039456844329834,3.444308674930876,3.3904914304890412,3.4308544209869334,3181994
1994-12-02,3.363581657409668,3.417398656601126,3.336673157813939,3.3904903856713915,5789697
1994-12-05,3.444307565689087,3.457761815300078,3.363581610691155,3.3904903385791294,3941182
1994-12-06,3.49812388420105,3.5115785876493177,3.4308524249530996,3.444306671069503,4889721
1994-12-07,3.4712157249450684,3.511578924497989,3.45776124887211,3.4712157249450684,4435723
1994-12-08,3.3904898166656494,3.4846700067769887,3.363581092919857,3.4577612830311963,3576291
1994-12-09,3.4039456844329834,3.4039456844329834,3.336674186047206,3.363582693935091,4107811
1994-12-12,3.457761526107788,3.457761526107788,3.3904900550131356,3.3904900550131356,4308301
1994-12-13,3.4039456844329834,3.444308674930876,3.3904914304890412,3.444308674930876,3736682
1994-12-14,3.457761526107788,3.4712160032594963,3.3904900550131356,3.3904900550131356,4235679
1994-12-15,3.430851936340332,3.4846691418073763,3.430851936340332,3.444306180540618,2745372
1994-12-16,3.484668731689453,3.484668731689453,3.430851532556267,3.4443057751730954,9266188
1994-12-19,3.484668731689453,3.4981229743062814,3.4443057751730954,3.471214489072625,2867003
1994-12-20,3.484668731689453,3.538485930822639,3.471214489072625,3.484668731689453,4347953
1994-12-21,3.565396308898926,3.605759512920999,3.4846703581867384,3.4981246070834433,11823546
1994-12-22,3.619213342666626,3.659576544564318,3.5250331480145913,3.5519421017236974,6467798
1994-12-23,3.6057608127593994,3.6461238026659215,3.5788518479336355,3.6326690915869775,2326126
1994-12-27,3.578850507736206,3.592304756444719,3.5384875329446923,3.578850507736206,3603468
1994-12-28,3.551943302154541,3.5788515789597883,3.5115803152815586,3.5788515789597883,2589436
1994-12-29,3.551943302154541,3.551943302154541,3.5115803152815586,3.551943302154541,3522827
1994-12-30,3.511578321456909,3.5653953018429703,3.511578321456909,3.5519412854123695,3248824
1995-01-03,3.5250327587127686,3.5384870054154782,3.498124036641408,3.498124036641408,4229887
1995-01-04,3.5250327587127686,3.551941709450072,3.498124036641408,3.5384870054154782,5058578
1995-01-05,3.49812388420105,3.538486851216193,3.4846696380846462,3.5115785876493177,4708835
1995-01-06,3.444307565689087,3.53848777029801,3.444307565689087,3.4981247927990444,4245035
1995-01-09,3.4378089904785156,3.478413265516114,3.4242746155188115,3.4513440555333115,3642675
1995-01-10,3.3836731910705566,3.4378116529648453,3.3836731910705566,3.4378116529648453,7844048
1995-01-11,3.3836731910705566,3.410742652049576,3.3159998836708207,3.3566039601234126,8805953
1995-01-12,3.4107420444488525,3.4242766575113244,3.3836725882920744,3.3836725882920744,3708614
1995-01-13,3.424278497695923,3.4513479683996553,3.383674406656303,3.424278497695923,5159714
1995-01-16,3.464881181716919,3.4784157965566713,3.4107424923260456,3.4107424923260456,4899523
1995-01-17,3.491950750350952,3.505485365612883,3.4378115992076146,3.4513466745332884,5199812
1995-01-18,3.451345205307007,3.5054838733399487,3.451345205307007,3.4919492638396568,4064594
1995-01-19,3.47841477394104,3.505484225694288,3.464880163080314,3.47841477394104,3392731
1995-01-20,3.47841477394104,3.4919496148335623,3.464880163080314,3.464880163080314,2968584
1995-01-23,3.5596232414245605,3.5731583136502687,3.46488049622643,3.46488049622643,6067709
1995-01-24,3.5866928100585938,3.613762035245206,3.54608874224685,3.5596233548401557,4490524
1995-01-25,3.627296209335327,3.6408305885440218,3.5596224730377,3.5731575423417024,4522156
1995-01-26,3.600226879119873,3.6408309408015564,3.586692268569909,3.627296560283384,3548222
1995-01-27,3.7085063457489014,3.7085063457489014,3.613763109309356,3.6272981859891407,5668957
1995-01-30,3.735574245452881,3.7491088580707244,3.6814357949815064,3.6949701775675234,5899743
1995-01-31,3.8303170204162598,3.8709213186151574,3.7491088840821214,3.762643956857525,9072381
1995-02-01,3.8167829513549805,3.884456710569839,3.789713263643559,3.870921636682281,11105792
1995-02-02,3.762644052505493,3.816782734760537,3.73557436633022,3.8032481217047347,5643562
1995-02-03,3.7491097450256348,3.803248898400593,3.735575129205806,3.789713822517002,4791258
1995-02-06,3.8573849201202393,3.8979891995213136,3.749107148426336,3.7626422149356564,6021819
1995-02-07,3.8709211349487305,3.911524971157412,3.85738652287917,3.8709211349487305,5359312
1995-02-08,3.7897140979766846,3.857387872090417,3.7761797112049744,3.857387872090417,5416340
1995-02-09,3.7897140979766846,3.8303181784194056,3.7761797112049744,3.7761797112049744,4220976
1995-02-10,3.762644052505493,3.8032481217047347,3.73557436633022,3.789713048585264,5782123
1995-02-13,3.762644052505493,3.7761786655612957,3.708505370250449,3.7491089793860226,2965020
1995-02-14,3.7491097450256348,3.776179436729054,3.722040743417858,3.776179436729054,5490299
1995-02-15,3.7491097450256348,3.789713822517002,3.735575129205806,3.7491097450256348,6345722
1995-02-16,3.7491097450256348,3.762644820909226,3.7085061275980293,3.7491097450256348,4637104
1995-02-17,3.735574245452881,3.7491088580707244,3.7085052502490203,3.735574245452881,7205154
1995-02-21,3.694969892501831,3.7355739572545983,3.6679008993863342,3.7220395757127545,5312531
1995-02-22,3.762644052505493,3.7761786655612957,3.6949702971309786,3.6949702971309786,5385599
1995-02-23,3.8303170204162598,3.8303170204162598,3.7761785695692716,3.7897129522491904,7234559
1995-02-24,3.8709211349487305,3.8709211349487305,3.8032478445691114,3.8167824566386717,3768315
1995-02-27,3.8032472133636475,3.870920492511879,3.7897121434767986,3.8438512728652983,2805965
1995-02-28,3.843851327896118,3.857385937913178,3.8032472678131564,3.8167818778302163,2432608
1995-03-01,3.8303170204162598,3.8573867059034104,3.803248025024594,3.8303170204162598,5120507
1995-03-02,3.8032472133636475,3.8573858826885887,3.7897121434767986,3.8438512728652983,3504114
1995-03-03,3.8303170204162598,3.8438520931916633,3.7897129522491904,3.7897129522491904,3926034
1995-03-06,3.8032472133636475,3.8032472133636475,3.762643153861997,3.8032472133636475,4243699
1995-03-07,3.762644052505493,3.789713048585264,3.7491089793860226,3.789713048585264,3976379
1995-03-08,3.7761800289154053,3.7897144168258365,3.7491103329668745,3.7897144168258365,3344614
1995-03-09,3.7761800289154053,3.8032494948320195,3.7491103329668745,3.7491103329668745,2698591
1995-03-10,3.843851327896118,3.857385937913178,3.762643207730194,3.776177817747254,3948756
1995-03-13,3.938594102859497,3.938594102859497,3.8438513715993223,3.8438513715993223,7298716
1995-03-14,4.046873092651367,4.087477399766598,3.965664938484663,3.965664938484663,7790138
1995-03-15,3.979198694229126,4.0604068214569935,3.979198694229126,4.033337139005301,7276885
1995-03-16,3.992734670639038,3.992734670639038,3.952130363109673,3.9792000548171704,4568492
1995-03-17,3.992734670639038,4.006268826397143,3.9656649789315406,3.9792000548171704,8674075
1995-03-20,4.087474822998047,4.101008970086107,3.979197505722362,3.992732112873889,4068159
1995-03-21,4.087474822998047,4.15514831881915,4.046870541479998,4.0604056086949925,7292033
1995-03-22,4.11454439163208,4.128078999949163,4.087475174997914,4.11454439163208,5887714
1995-03-23,4.11454439163208,4.141613608266246,4.087475174997914,4.10100932325149,6218745
1995-03-24,4.087474822998047,4.15514831881915,4.07394021584652,4.1280786444526285,3953211
1995-03-27,4.073939800262451,4.101008551740745,4.060405194491594,4.087474406033309,3563816
1995-03-28,4.046873092651367,4.087477399766598,4.046873092651367,4.0739427840827735,3679654
1995-03-29,3.979198694229126,4.073941432651037,3.9656636229714772,4.019802527811257,4752942
1995-03-30,3.9521303176879883,4.006268780353247,3.938595702021674,4.006268780353247,3214073
1995-03-31,3.8709211349487305,3.911524971157412,3.85738652287917,3.911524971157412,7475147
1995-04-03,3.938594102859497,3.938594102859497,3.857385981770266,3.8709205919412093,4396516
1995-04-04,4.060406684875488,4.060406684875488,3.9521288788381117,3.9521288788381117,5285354
1995-04-05,4.087474822998047,4.114544037301101,4.006266259961949,4.046870541479998,7585193
1995-04-06,4.128079891204834,4.14161450244405,4.087476057487185,4.101010208662795,6010235
1995-04-07,4.055677890777588,4.137335831782426,4.001239571848968,4.123725789438363,5148575
1995-04-10,4.082898139953613,4.12372642280906,4.0284588874397524,4.0284588874397524,5397183
1995-04-11,4.164554119110107,4.191773735486022,4.123724925852142,4.137334965346005,14364418
1995-04-12,4.1917724609375,4.218992069037032,4.164552852837968,4.164552852837968,10626845
1995-04-13,4.246213912963867,4.259823495839313,4.191775581462084,4.20538516433753,4663836
1995-04-17,4.137333393096924,4.259820001100439,4.123723358775079,4.2462104293902305,5136100
1995-04-18,4.110115051269531,4.1645533487274315,4.0965054769050555,4.110115051269531,6409878
1995-04-19,4.042067527770996,4.123724990340291,4.028457488064295,4.110115875857227,5000658
1995-04-20,4.028457164764404,4.055676779381504,4.028457164764404,4.042067203378845,3867669
1995-04-21,4.055677890777588,4.137335831782426,4.055677890777588,4.096507092585961,5842270
1995-04-24,4.218992710113525,4.232601822313692,4.08289603677097,4.08289603677097,5018480
1995-04-25,4.150946617126465,4.218995460775342,4.123726987144505,4.205385414478341,10410316
1995-04-26,4.246213912963867,4.259823495839313,4.191775581462084,4.20538516433753,8651353
1995-04-27,4.246213912963867,4.246213912963867,4.20538516433753,4.232604330088422,5043875
1995-04-28,4.287041664123535,4.314261283215997,4.205383732069866,4.218993772922026,4860316
1995-05-01,4.300652503967285,4.300652503967285,4.232604130191817,4.259823294657207,5033628
1995-05-02,4.355090141296387,4.355090141296387,4.232603008440463,4.273432206929728,4498098
1995-05-03,4.395918846130371,4.395918846130371,4.341479612516884,4.355089652226165,6615714
1995-05-04,4.327871322631836,4.463968059308521,4.300652160341282,4.43674843440601,5365550
1995-05-05,4.382308006286621,4.395918043510942,4.287040521386778,4.327869245224539,5663611
1995-05-08,4.409529209136963,4.423138326048155,4.327870806774597,4.3687000079557805,3879253
1995-05-09,4.314261436462402,4.436747644975938,4.314261436462402,4.4231380662522115,4115831
1995-05-10,4.355090141296387,4.355090141296387,4.287041785555526,4.3414801000587175,6173300
1995-05-11,4.409529209136963,4.423138326048155,4.327870806774597,4.355090428432686,7085751
1995-05-12,4.178163051605225,4.368698002695585,4.123723833276995,4.355088429419372,18386687
1995-05-15,4.137333393096924,4.1509429648071325,4.069285071934243,4.1101142496765055,12801490
1995-05-16,4.218992710113525,4.259820971937506,4.150943910830507,4.150943910830507,6994863
1995-05-17,4.218992710113525,4.273431009361154,4.205382672689876,4.246211397125599,5462676
1995-05-18,4.1237263679504395,4.218994827276334,4.096507667279563,4.205384783022936,8968572
1995-05-19,4.1237263679504395,4.178165619740086,4.082898085638138,4.096507667279563,8447299
1995-05-22,4.150946617126465,4.178166247108424,4.11011786607159,4.137337033441507,4257956
1995-05-23,4.232604503631592,4.232604503631592,4.150946540418802,4.150946540418802,3266200
1995-05-24,4.137333393096924,4.3006491788427015,4.096504677966297,4.3006491788427015,8388489
1995-05-25,4.232604503631592,4.287043299977463,4.164556123852262,4.164556123852262,7438613
1995-05-26,4.205387115478516,4.287045113229436,4.178167937098952,4.232606293858079,3688119
1995-05-30,4.27343225479126,4.287041833569482,4.205383898288272,4.205383898288272,4113603
1995-05-31,4.355090141296387,4.355090141296387,4.259822165692059,4.273432206929728,4841603
1995-06-01,4.355090141296387,4.382309298547983,4.3006513641813235,4.3414801000587175,3981280
1995-06-02,4.314261436462402,4.368699751357307,4.27343223767935,4.27343223767935,4213402
1995-06-05,4.259820938110352,4.327869274241259,4.218992676610587,4.327869274241259,9844490
1995-06-06,4.327871322631836,4.368700528679624,4.259822954293494,4.273432998050727,5970138
1995-06-07,4.300652503967285,4.34148125066537,4.2870429217345905,4.314262548811974,2412114
1995-06-08,4.341480731964111,4.341480731964111,4.266628269933332,4.314262033362687,2912001
1995-06-09,4.27343225479126,4.314261453737803,4.205383898288272,4.314261453737803,3168183
1995-06-12,4.341480731964111,4.341480731964111,4.273432828930704,4.273432828930704,2911110
1995-06-13,4.409529209136963,4.409529209136963,4.327870806774597,4.355090428432686,4759625
1995-06-14,4.355090141296387,4.40952891841145,4.3414801000587175,4.395919339785651,3562925
1995-06-15,4.355090141296387,4.382309298547983,4.32787052143292,4.3414801000587175,3714851
1995-06-16,4.409529209136963,4.4367479055712495,4.3687000079557805,4.382309587478874,9330790
1995-06-19,4.450358867645264,4.463968449981611,4.395920538299876,4.409530120636223,4642005
1995-06-20,4.463966369628906,4.477575945622751,4.436746755029437,4.450356793635062,4345280
1995-06-21,4.491185188293457,4.53201390903926,4.450356004935955,4.4639655785178896,3751830
1995-06-22,4.613674640655518,4.613674640655518,4.450358732359959,4.477577896205225,5976375
1995-06-23,4.572844982147217,4.600064605925099,4.532016240398299,4.572844982147217,2826905
1995-06-26,4.463966369628906,4.572843440191442,4.450356793635062,4.532014712209909,3052790
1995-06-27,4.395918846130371,4.532015079716813,4.395918846130371,4.463966731617683,6647793
1995-06-28,4.436746597290039,4.450356635411788,4.382308295250104,4.423137021780056,7338368
1995-06-29,4.436746597290039,4.463966210921772,4.382308295250104,4.436746597290039,3441740
1995-06-30,4.409529209136963,4.491187148887427,4.382309587478874,4.463967527229338,3089769
1995-07-03,4.42313814163208,4.450357762155288,4.368699825809428,4.382309404765091,1801289
1995-07-05,4.341480731964111,4.43674825882282,4.314262033362687,4.423138678216138,4700369
1995-07-06,4.314261436462402,4.314261436462402,4.259822196343749,4.259822196343749,5779004
1995-07-07,4.137333393096924,4.2462104293902305,4.055675500224035,4.218991748581448,19279089
1995-07-10,4.164554119110107,4.2326024661321755,4.164554119110107,4.191773735486022,8493634
1995-07-11,4.164554119110107,4.218993351861936,4.150944542228056,4.178164158603971,10582737
1995-07-12,4.132804870605469,4.228598276268158,4.132804870605469,4.1738589879613786,9746918
1995-07-13,4.214914321899414,4.214914321899414,4.132805607384045,4.187544440283858,18124714
1995-07-14,4.214914321899414,4.228599030124368,4.173859732058904,4.20122961367446,6625962
1995-07-17,4.255969047546387,4.255969047546387,4.201230206917072,4.22859962723173,3937618
1995-07-18,4.2696533203125,4.29702320298905,4.228599194046175,4.2559686115570585,5475151
1995-07-19,4.255969047546387,4.324393063498745,4.187545031594029,4.269653757703716,8301164
1995-07-20,4.201231002807617,4.310709169971749,4.173861112142232,4.310709169971749,6474035
1995-07-21,4.201231002807617,4.242285606222794,4.173861112142232,4.201231002807617,5312531
1995-07-24,4.201231002807617,4.2286004283072,4.105437548393277,4.214915715557408,4115385
1995-07-25,4.242285251617432,4.242285251617432,4.1601760516504465,4.187545474862266,5228326
1995-07-26,4.255969047546387,4.3107083533414166,4.22859962723173,4.242284802554773,5597227
1995-07-27,4.365447044372559,4.379132219226629,4.283338321076631,4.297023495930701,6175083
1995-07-28,4.379135608673096,4.379135608673096,4.26965691609833,4.324396262385713,3479164
1995-07-31,4.379135608673096,4.461243930355082,4.338081447832103,4.365450423226706,6176419
1995-08-01,4.310708999633789,4.379133025844768,4.283339110049927,4.365447848469945,3733118
1995-08-02,4.255969047546387,4.365447193970731,4.22859962723173,4.324393063498745,5038974
1995-08-03,4.228600978851318,4.242286158548659,4.187546370091024,4.242286158548659,3961231
1995-08-04,4.228600978851318,4.26965512244575,4.16017694102807,4.242286158548659,3277784
1995-08-07,4.201231002807617,4.242285606222794,4.187545824892023,4.242285606222794,6530618
1995-08-08,4.228600978851318,4.255970407914273,4.187546370091024,4.228600978851318,3699703
1995-08-09,4.214914321899414,4.283337863024181,4.187544440283858,4.24228420351497,5912218
1995-08-10,4.242285251617432,4.269654209663487,4.2012306516339395,4.242285251617432,3124075
1995-08-11,4.187543869018555,4.255967865974561,4.173859162660471,4.255967865974561,3579409
1995-08-14,4.242285251617432,4.242285251617432,4.173860763256356,4.187545474862266,2985960
1995-08-15,4.160172939300537,4.228596911305827,4.132803536564587,4.201227508569877,6674079
1995-08-16,4.037012577056885,4.146490253498164,4.023327867501725,4.132806009108698,8474031
1995-08-17,4.0233283042907715,4.146490703658227,3.9549038187551404,4.009643128084198,11243908
1995-08-18,4.050693988800049,4.091748553921806,4.023325053994492,4.023325053994492,6727989
1995-08-21,4.091751575469971,4.146490415833641,4.064382155288135,4.091751575469971,5508120
1995-08-22,4.105437755584717,4.105437755584717,4.064383150097615,4.0917525769784655,4229887
1995-08-23,4.1191205978393555,4.146489547121535,4.0917507182259465,4.0917507182259465,4442852
1995-08-24,4.132804870605469,4.1738589879613786,4.1054354590348625,4.132804870605469,3640002
1995-08-25,4.146492004394531,4.173861900227749,4.0917531430598775,4.146492004394531,3274219
1995-08-28,4.201231002807617,4.242285606222794,4.146491221476848,4.214915715557408,4906651
1995-08-29,4.228600978851318,4.242286158548659,4.16017694102807,4.187546370091024,4359537
1995-08-30,4.242285251617432,4.269654209663487,4.2012306516339395,4.255969498057577,4110484
1995-08-31,4.242285251617432,4.269654209663487,4.228600074845758,4.269654209663487,4359091
1995-09-01,4.214914321899414,4.2696531547992285,4.20122961367446,4.24228420351497,3081749
1995-09-05,4.214914321899414,4.24228420351497,4.187544440283858,4.228599030124368,2702156
1995-09-06,4.2696533203125,4.303865324783938,4.228599194046175,4.242284367967283,5238573
1995-09-07,4.297025680541992,4.310710397187685,4.242286813959223,4.2833404987303645,2658939
1995-09-08,4.297025680541992,4.379134445582082,4.214916915501902,4.351764547124762,5261295
1995-09-11,4.283336639404297,4.338076386997916,4.283336639404297,4.310706513201107,3756731
1995-09-12,4.310708999633789,4.310708999633789,4.269654397840888,4.29702428742475,2794826
1995-09-13,4.351762294769287,4.365447004332141,4.297023456517873,4.310708166080726,4451762
1995-09-14,4.433870315551758,4.447554556347437,4.338076908657429,4.351761149453108,8453537
1995-09-15,4.379135608673096,4.584407343210178,4.351765702946375,4.584407343210178,15497408
1995-09-18,4.529664993286133,4.529664993286133,4.338078125745981,4.365447080181528,5908209
1995-09-19,4.62545919418335,4.666513330394006,4.5707198807366956,4.62545919418335,9210497
1995-09-20,4.611772537231445,4.680196068726893,4.598087365766772,4.652826656128714,6472253
1995-09-21,4.652824878692627,4.721248849214864,4.611770775478528,4.611770775478528,7792366
1995-09-22,4.639141082763672,4.680195193987834,4.598086506374012,4.6254563790222845,6109589
1995-09-25,4.680199146270752,4.707569042032051,4.652829715675342,4.652829715675342,3242141
1995-09-26,4.762304782867432,4.775989489198649,4.693881251211346,4.707565957542563,5247038
1995-09-27,4.72125244140625,4.803361175472744,4.6801978417901235,4.734937618055465,10052553
1995-09-28,4.680199146270752,4.721253757329755,4.6391450003776376,4.721253757329755,3588766
1995-09-29,4.6665143966674805,4.7075690074246745,4.6391449662732755,4.680199111864583,6069491
1995-10-02,4.680199146270752,4.693884326734346,4.598090389318633,4.6254602850799325,4045436
1995-10-03,4.762304782867432,4.775989489198649,4.666511373383328,4.680196079714545,4043654
1995-10-04,4.88546895980835,4.89915366863151,4.762305650068569,4.77599035889173,6339484
1995-10-05,4.803361892700195,4.858100746807503,4.73493832506606,4.858100746807503,4439733
1995-10-06,4.8307318687438965,4.87178601003676,4.748622655826494,4.762307369590782,4073505
1995-10-09,4.803361892700195,4.858100746807503,4.7623072869538845,4.830731784919678,2838934
1995-10-10,4.4201860427856445,4.803359707915443,4.392816163015218,4.748620413540207,13209598
1995-10-11,4.319491386413574,4.429541958564969,4.236953340400549,4.429541958564969,27275955
1995-10-12,4.374516010284424,4.415785263048306,4.360760216160289,4.360760216160289,8428587
1995-10-13,4.415783882141113,4.4708089118216625,4.402027624720977,4.402027624720977,7939392
1995-10-16,4.388273239135742,4.443299233346649,4.360761177226234,4.429542500994936,6051670
1995-10-17,4.347004413604736,4.402029939821849,4.33324814894995,4.402029939821849,5819993
1995-10-18,4.319491386413574,4.347003912551944,4.250709603469734,4.347003912551944,9264852
1995-10-19,4.484565258026123,4.484565258026123,4.319489698118627,4.333245955811107,7631529
1995-10-20,4.443298816680908,4.512080133999714,4.429542085619219,4.470810876010502,5560248
1995-10-23,4.457055568695068,4.484567631040337,4.388273308640989,4.42954257115384,7424356
1995-10-24,4.443298816680908,4.498323870535953,4.443298816680908,4.457055080144669,5141001
1995-10-25,4.429539203643799,4.470807967184532,4.4020266946166435,4.457052180268579,9117826
1995-10-26,4.360758304595947,4.443296306344818,4.347001581306415,4.429539583055286,5586088
1995-10-27,4.319491386413574,4.374516438690314,4.305734655746474,4.360760643219044,5018480
1995-10-30,4.333247184753418,4.360760175539007,4.305734193967829,4.34700344634728,4339043
1995-10-31,4.374516010284424,4.415785263048306,4.333247225118411,4.347003486840415,4381368
1995-11-01,4.347004413604736,4.415786204476635,4.319491884295164,4.374516942914308,5288027
1995-11-02,4.291977882385254,4.347003395717685,4.250709098084325,4.347003395717685,7333467
1995-11-03,4.333247184753418,4.360760175539007,4.278221670780105,4.305734193967829,3341940
1995-11-06,4.347004413604736,4.415786204476635,4.319491884295164,4.319491884295164,4056129
1995-11-07,4.319491386413574,4.415785695495784,4.291978392677289,4.347003912551944,4253055
1995-11-08,4.388273239135742,4.388273239135742,4.31949191536704,4.347004444874521,4771209
1995-11-09,4.360758304595947,4.388270348382018,4.31948906992268,4.388270348382018,4130088
1995-11-10,4.319491386413574,4.374516438690314,4.291978392677289,4.333247649482759,3556242
1995-11-13,4.291977882385254,4.3057341438188965,4.250709098084325,4.3057341438188965,5639107
1995-11-14,4.319491386413574,4.360760643219044,4.264466334136834,4.291978392677289,6191122
1995-11-15,4.374516010284424,4.388272272006428,4.319490963396407,4.347003486840415,6079293
1995-11-16,4.429539203643799,4.429539203643799,4.347001208964707,4.374513717991863,6865658
1995-11-17,4.457055568695068,4.484567631040337,4.402030041210593,4.42954257115384,6971695
1995-11-20,4.484565258026123,4.512078241008816,4.457053210238895,4.4708090003336425,5459112
1995-11-21,4.5395894050598145,4.5395894050598145,4.484563461142333,4.498320180920476,5345501
1995-11-22,4.484565258026123,4.59461625476143,4.484565258026123,4.539591223991509,4376913
1995-11-24,4.484565258026123,4.498321983316336,4.4708090003336425,4.4708090003336425,1334370
1995-11-27,4.512079238891602,4.539592227959014,4.470809989089401,4.52583549962639,3876580
1995-11-28,4.484565258026123,4.539591223991509,4.443296952546414,4.498321983316336,4372012
1995-11-29,4.484565258026123,4.525834498701296,4.4708090003336425,4.498321983316336,4382259
1995-11-30,4.470809459686279,4.52583496370752,4.470809459686279,4.512078704601655,7337923
1995-12-01,4.333247184753418,4.484566529883766,4.319490923159556,4.4570544742939076,9529498
1995-12-04,4.360758304595947,4.388270348382018,4.31948906992268,4.360758304595947,11202473
1995-12-05,4.443298816680908,4.498323870535953,4.415785822155457,4.429542085619219,10276211
1995-12-06,4.594615936279297,4.594615936279297,4.47080869043338,4.47080869043338,9579398
1995-12-07,4.52583646774292,4.677156303389919,4.512080204065544,4.649643776035169,12029382
1995-12-08,4.567103385925293,4.580859642553167,4.525834148443973,4.539590872669544,6685663
1995-12-11,4.5808610916137695,4.635886603129145,4.5808610916137695,4.608373613572535,5950980
1995-12-12,4.5808610916137695,4.649642864108528,4.567104830634387,4.622129874551918,6768532
1995-12-13,4.594615936279297,4.718423182125215,4.5808596795403504,4.594615936279297,8690114
1995-12-14,4.594615936279297,4.663397687571729,4.553347166062458,4.608372193018243,10890600
1995-12-15,4.567103385925293,4.608372155808916,4.567103385925293,4.594615899181042,13423008
1995-12-18,4.553348541259766,4.5946173239405566,4.539592280366168,4.553348541259766,4971699
1995-12-19,4.443298816680908,4.5671056554526865,4.429542085619219,4.5258363974634745,7531284
1995-12-20,4.457055568695068,4.539593626122793,4.42954257115384,4.42954257115384,6565369
1995-12-21,4.415783882141113,4.4708089118216625,4.402027624720977,4.4708089118216625,7412772
1995-12-22,4.484565258026123,4.498321983316336,4.457053210238895,4.457053210238895,4036971
1995-12-26,4.498324871063232,4.498324871063232,4.47081187041828,4.48456813694174,2367561
1995-12-27,4.429539203643799,4.525833452836468,4.415782949130221,4.498320943809313,4099791
1995-12-28,4.553348541259766,4.58086106304696,4.443297986513147,4.457054247406744,6864767
1995-12-29,4.5808610916137695,4.622129874551918,4.553348569655004,4.5808610916137695,5094220
1996-01-02,4.594615936279297,4.814717446895539,4.539590909323511,4.539590909323511,8099784
1996-01-03,4.608375072479248,4.649644336080151,4.594618807144944,4.608375072479248,6986398
1996-01-04,4.677155017852783,4.7046675376455935,4.608373250772949,4.649642498059973,6327009
1996-01-05,4.5808610916137695,4.677155386067294,4.553348569655004,4.663399125087911,5269760
1996-01-08,4.663401126861572,4.663401126861572,4.567106791073524,4.567106791073524,1450209
1996-01-09,4.62729024887085,4.663400503061566,4.594618710242691,4.663400503061566,4077960
1996-01-10,4.437948703765869,4.590028013107848,4.424123397452018,4.576202706793998,7287578
1996-01-11,4.493250846862793,4.507076156000756,4.451774919448904,4.465600698531771,4721755
1996-01-12,4.479424953460693,4.548551482881944,4.465599647576443,4.534726176997694,6382701
1996-01-15,4.451774597167969,4.493250521579257,4.424123980893776,4.479425683387031,4774328
1996-01-16,4.424124240875244,4.520901873466878,4.3964731530312795,4.465600637668743,16149668
1996-01-17,4.2858686447143555,4.396471063750397,4.272042872390176,4.382646231315566,17569135
1996-01-18,4.327348709106445,4.327348709106445,4.24439680612963,4.313523391943643,7941174
1996-01-19,4.313521385192871,4.368823098061612,4.2996960744619255,4.2996960744619255,9987951
1996-01-22,4.2858686447143555,4.327344081908197,4.244392267631166,4.313518779528692,7435049
1996-01-23,4.354997158050537,4.410298392983506,4.216743130828332,4.25821952697295,9981714
1996-01-24,4.396471977233887,4.424123057682816,4.341170756225573,4.36882136672973,9722859
1996-01-25,4.382648468017578,4.410298616943277,4.341172069766744,4.368822688637357,6020037
1996-01-26,4.451774597167969,4.465600375249935,4.313520575907266,4.382648056482488,5677868
1996-01-29,4.437948703765869,4.493249929021274,4.424123397452018,4.437948703765869,4796159
1996-01-30,4.6453328132629395,4.7006345510216025,4.548555124644157,4.5623809115427,13793691
1996-01-31,4.700628757476807,4.728279357304072,4.603851188136787,4.659152857735908,8798379
1996-02-01,4.7559332847595215,4.7559332847595215,4.700631581931429,4.728282198373039,9789689
1996-02-02,4.7697577476501465,4.852710052218455,4.71445605462301,4.742107136108974,9187774
1996-02-05,4.797410011291504,4.811235321823159,4.714457678156622,4.769759390228193,5804845
1996-02-06,4.714458465576172,4.783585969670183,4.672982527053801,4.769760186884363,6241467
1996-02-07,4.797410011291504,4.797410011291504,4.700632367624967,4.728282988688277,6163499
1996-02-08,4.811236381530762,4.852712792206141,4.755935127223664,4.783586224322268,6098005
1996-02-09,4.811236381530762,4.866538105782915,4.797411067953988,4.838887478629366,5997315
1996-02-12,4.894189357757568,4.921839985786119,4.825061847796054,4.825061847796054,6449085
1996-02-13,4.838888645172119,4.908015229720793,4.811237541407482,4.880365065846492,5248820
1996-02-14,4.7421064376831055,4.866534641237167,4.700630056535272,4.825058260089333,4497652
1996-02-15,4.866535663604736,4.9494879733824035,4.7282816573270186,4.7282816573270186,8979265
1996-02-16,4.783585071563721,4.8250605323541444,4.742108670883413,4.8250605323541444,5546436
1996-02-20,4.728283405303955,4.755934498748593,4.659156846554842,4.686807470054487,5000658
1996-02-21,4.534727096557617,4.728282358076182,4.534727096557617,4.700631740700642,13839581
1996-02-22,4.617679595947266,4.631504905165926,4.576203668291285,4.603854286728605,9623505
1996-02-23,4.617679595947266,4.700631921204133,4.590028977509945,4.659155993548153,6623734
1996-02-26,4.534727096557617,4.6315047273169,4.520901787869847,4.6315047273169,6318990
1996-02-27,4.493250846862793,4.5762036415803795,4.465600698531771,4.548552553359549,9271535
1996-02-28,4.576203346252441,4.631504579235396,4.507075865134,4.507075865134,9700137
1996-02-29,4.617679595947266,4.686806611985474,4.534727270690398,4.534727270690398,9208714
1996-03-01,4.672979831695557,4.742106825972332,4.603852837418781,4.7144557462947665,9082183
1996-03-04,4.8527092933654785,4.866534596974104,4.714455317389801,4.714455317389801,10065919
1996-03-05,4.783585071563721,4.8250605323541444,4.714457580448228,4.811235222109023,7930481
1996-03-06,4.7697577476501465,4.838884746447869,4.742107136108974,4.811233664961906,5100903
1996-03-07,4.8527092933654785,4.866534596974104,4.769757001769015,4.797407608986264,7088425
1996-03-08,4.714458465576172,4.797410812565943,4.60385549290482,4.797410812565943,8747588
1996-03-11,4.672979831695557,4.68680513656196,4.617678142285184,4.645328752017991,5568713
1996-03-12,4.686807632446289,4.686807632446289,4.590029976899317,4.645331225814724,4380477
1996-03-13,4.590031623840332,4.6729839969224445,4.576206306650843,4.6315075754088,4437505
1996-03-14,4.659156322479248,4.7006322530633815,4.617679921950175,4.617679921950175,4567155
1996-03-15,4.534727096557617,4.590028801253588,4.493250700549416,4.5070760092371875,15823092
1996-03-18,4.479424953460693,4.700630787498283,4.451773871747399,4.5762025645952376,9916666
1996-03-19,4.576203346252441,4.576203346252441,4.437949323905307,4.4932505568882615,10233440
1996-03-20,4.479424953460693,4.562377258710987,4.465599647576443,4.562377258710987,7474701
1996-03-21,4.562376976013184,4.590027586068374,4.507074816013275,4.507074816013275,8206711
1996-03-22,4.534727096557617,4.576203492565818,4.5070760092371875,4.534727096557617,4125632
1996-03-25,4.493250846862793,4.5623783324424165,4.424124301172978,4.534727244221586,6012909
1996-03-26,4.534727096557617,4.548552405245388,4.493250700549416,4.5070760092371875,5594108
1996-03-27,4.479424953460693,4.562377258710987,4.451773871747399,4.562377258710987,6183548
1996-03-28,4.493250846862793,4.548552553359549,4.437949610310941,4.437949610310941,8100675
1996-03-29,4.50707483291626,4.603852908361903,4.479424692702137,4.534725913019915,8891495
1996-04-01,4.631505012512207,4.645330322051302,4.548552685332719,4.576203774355827,6406314
1996-04-02,4.617679595947266,4.645330214384586,4.603854286728605,4.631504905165926,4260183
1996-04-03,4.617679595947266,4.631504905165926,4.590028977509945,4.617679595947266,4082416
1996-04-04,4.6453328132629395,4.672983917114856,4.590031545449446,4.617682179356193,5676532
1996-04-08,4.7697577476501465,4.7697577476501465,4.5623772212017695,4.5623772212017695,12002204
1996-04-09,4.672979831695557,4.769757435705138,4.659154526829154,4.742106825972332,8355519
1996-04-10,4.562376976013184,4.686805191206304,4.520900590985634,4.645328806178754,7330794
1996-04-11,4.589076042175293,4.602982252997298,4.477825410209481,4.533450253497501,10468681
1996-04-12,4.6168928146362305,4.644705262489831,4.575173670160499,4.575173670160499,3473818
1996-04-15,4.589076042175293,4.644700885463314,4.547356937014392,4.644700885463314,6505668
1996-04-16,4.561265468597412,4.602984594984905,4.533452560107375,4.589078377087449,4639777
1996-04-17,4.533450603485107,4.54735728807561,4.491732440493287,4.533450603485107,5127190
1996-04-18,4.561265468597412,4.589078377087449,4.505640597007589,4.547359250699956,6156816
1996-04-19,4.630796432495117,4.658608864696748,4.561264879295976,4.575171095396792,5817320
1996-04-22,4.60298490524292,4.700328909781578,4.60298490524292,4.658609780582063,4804179
1996-04-23,4.644703388214111,4.65860960652934,4.57517182394283,4.602984733268426,3275111
1996-04-24,4.505640506744385,4.630796938009307,4.491734289125517,4.630796938009307,7631529
1996-04-25,4.561265468597412,4.575171686494868,4.505640597007589,4.505640597007589,5975929
1996-04-26,4.5195465087890625,4.589078546229369,4.5195465087890625,4.561265636714218,4481613
1996-04-29,4.575172424316406,4.602985337291731,4.519547071060957,4.519547071060957,4879474
1996-04-30,4.5195465087890625,4.547359418304214,4.505640763074201,4.547359418304214,4629975
1996-05-01,4.533450603485107,4.54735728807561,4.491732440493287,4.519544391589527,5212732
1996-05-02,4.463920593261719,4.51954545391879,4.436107690238151,4.477826808425987,6316762
1996-05-03,4.380485534667969,4.491736270072987,4.380485534667969,4.46392334987407,6777443
1996-05-06,4.408296585083008,4.450015238643383,4.338764550425467,4.422202330241342,6623734
1996-05-07,4.39439058303833,4.436109243135097,4.352671450246365,4.436109243135097,6691900
1996-05-08,4.380485534667969,4.422204205923357,4.297047719461868,4.366579310916173,7847612
1996-05-09,4.422200679779053,4.443060235121559,4.380482041788988,4.408294939810646,7316537
1996-05-10,4.463920593261719,4.491733496285287,4.436107690238151,4.4500143780974515,5048330
1996-05-13,4.547358512878418,4.561264728519552,4.450014530695433,4.4778269619777005,8502100
1996-05-14,4.505640506744385,4.547359159600987,4.477827598811534,4.547359159600987,6031176
1996-05-15,4.561265468597412,4.575171686494868,4.505640597007589,4.519546342209919,7567818
1996-05-16,4.547358512878418,4.589077632496868,4.5056398659550165,4.5056398659550165,5527278
1996-05-17,4.589076042175293,4.616888463819303,4.561263147836398,4.575169358658402,4866108
1996-05-20,4.6168928146362305,4.644705262489831,4.561267446233698,4.60298659070943,4456663
1996-05-21,4.60298490524292,4.644703561747278,4.5751719948781915,4.616891124077706,4322558
1996-05-22,4.658609390258789,4.672515607928437,4.575171611545781,4.602984519580196,6205379
1996-05-23,4.60298490524292,4.6864226909467925,4.561265776043405,4.644703561747278,7140552
1996-05-24,4.755953311920166,4.769860002066443,4.6168906647133925,4.630796882164559,6846055
1996-05-28,4.714236736297607,4.797674550456014,4.686424289143245,4.7698621033016515,5908654
1996-05-29,4.686423301696777,4.769861098274536,4.686423301696777,4.714235742990957,4600125
1996-05-30,4.769859790802002,4.797672224472479,4.686422017095481,4.70032823393072,6057907
1996-05-31,4.797670841217041,4.825483266868692,4.742045517218787,4.76985841556539,5545545
1996-06-03,4.742049694061279,4.783768841980331,4.714237243912158,4.7559559191358405,4396071
1996-06-04,4.755953311920166,4.783766219517609,4.728140877017833,4.742047094469,5202930
1996-06-05,4.881109714508057,4.881109714508057,4.742046608847295,4.742046608847295,7593659
1996-06-06,4.853297710418701,4.8811106203293235,4.8254852732032285,4.8811106203293235,6225428
1996-06-07,4.853297710418701,4.867204401721588,4.728141270253923,4.74204748886166,4683885
1996-06-10,4.825486183166504,4.867205319552025,4.783767519476221,4.825486183166504,5186000
1996-06-11,4.811579704284668,4.853297888947332,4.783766793350948,4.825485450708778,4376022
1996-06-12,4.755953311920166,4.797672436968775,4.728140877017833,4.783766219517609,7045653
1996-06-13,4.825486183166504,4.825486183166504,4.755954604320794,4.755954604320794,4226323
1996-06-14,4.769859790802002,4.839390874978195,4.755953101271674,4.839390874978195,3392731
1996-06-17,4.7837653160095215,4.811578218353951,4.769859101184817,4.7837653160095215,4136325
1996-06-18,4.811579704284668,4.811579704284668,4.783766793350948,4.783766793350948,5515249
1996-06-19,4.797670841217041,4.811577526737819,4.783764628391216,4.797670841217041,2826459
1996-06-20,4.755953311920166,4.811579127115052,4.742047094469,4.797672436968775,3602577
1996-06-21,4.797670841217041,4.825483266868692,4.755951730044612,4.755951730044612,7856968
1996-06-24,4.811579704284668,4.867204580761776,4.7976730124702245,4.811579704284668,4809971
1996-06-25,4.839392185211182,4.881111319707163,4.825485964610927,4.839392185211182,4374685
1996-06-26,4.825486183166504,4.867205319552025,4.7976737407063155,4.825486183166504,3348178
1996-06-27,4.867208003997803,4.881114232897698,4.797676386802827,4.811583088398222,3262636
1996-06-28,4.839392185211182,4.881111319707163,4.839392185211182,4.881111319707163,4280678
1996-07-01,4.825486183166504,4.881111540782119,4.825486183166504,4.867205319552025,2788143
1996-07-02,4.825486183166504,4.8532986256266915,4.7976737407063155,4.825486183166504,2888834
1996-07-03,4.853297710418701,4.853297710418701,4.811579527290641,4.811579527290641,2478944
1996-07-05,4.755953311920166,4.811579127115052,4.755953311920166,4.783766219517609,2132765
1996-07-08,4.686423301696777,4.769861098274536,4.658610387707379,4.728141963638047,3953211
1996-07-09,4.630796432495117,4.714234201795074,4.602984000293486,4.714234201795074,7103127
1996-07-10,4.7281389236450195,4.7281389236450195,4.63079496900821,4.644701180714195,5792370
1996-07-11,4.866876125335693,4.880861322327963,4.74100887702551,4.74100887702551,12742679
1996-07-12,4.9507880210876465,4.9647727420308065,4.83890597512478,4.866875892390832,12850944
1996-07-15,4.866876125335693,4.964772979661337,4.852890928343424,4.950788258048822,9166834
1996-07-16,4.8528900146484375,4.894846073105577,4.6990519259383685,4.8808604033667535,15091973
1996-07-17,4.796948432922363,4.89484525240208,4.782962765528474,4.89484525240208,6971249
1996-07-18,5.048685550689697,5.076655947102562,4.796950556834524,4.810935755040957,9876122
1996-07-19,4.964773178100586,5.034700116616386,4.936803258377858,5.006729246134111,6543093
1996-07-22,4.964773178100586,4.964773178100586,4.9088323878955835,4.950788455929109,5458221
1996-07-23,4.880859375,4.964770998854956,4.8528889921748695,4.950786282821955,5971029
1996-07-24,4.894847869873047,4.908833069365797,4.768980123678618,4.7969509980439575,5251939
1996-07-25,4.936803340911865,4.964773261102197,4.894847272176914,4.922817667747028,5333026
1996-07-26,4.992743492126465,4.992743492126465,4.922817036783954,4.9368027081562325,3234567
1996-07-29,4.922816276550293,4.96477185804874,4.9088310827174775,4.936801945762755,2884824
1996-07-30,4.9507880210876465,4.9647727420308065,4.908831956739239,4.9647727420308065,3521936
1996-07-31,4.908830165863037,4.936801023684015,4.894844974642328,4.908830165863037,3378474
1996-08-01,4.97875452041626,5.020710076576271,4.908828118103548,4.908828118103548,5883259
1996-08-02,5.062669277191162,5.062669277191162,4.992743299920319,5.020713690828656,5016252
1996-08-05,5.090637683868408,5.104622872565443,5.048682117777304,5.062666831094867,4307855
1996-08-06,5.132596015930176,5.160566405806959,5.062669090478849,5.062669090478849,5600345
1996-08-07,5.062669277191162,5.146581400675578,5.062669277191162,5.118611009767241,4536859
1996-08-08,5.132596015930176,5.1745516007453505,5.03469917598175,5.03469917598175,7072385
1996-08-09,5.202522277832031,5.216507948922199,5.11861110356929,5.11861110356929,5071944
1996-08-12,5.188535213470459,5.216506070197378,5.118609260102009,5.188535213470459,3551786
1996-08-13,5.146580696105957,5.2444775262627115,5.132595502566369,5.132595502566369,7310745
1996-08-14,5.132596015930176,5.1745516007453505,5.118610820991784,5.132596015930176,4486068
1996-08-15,5.174553394317627,5.2584655437924654,5.132597794960057,5.132597794960057,6185330
1996-08-16,5.286435604095459,5.300421279621258,5.1465831272562275,5.174553527548102,5504110
1996-08-19,5.3144049644470215,5.328390160605297,5.286434096750745,5.300419768288746,3465353
1996-08-20,5.3144049644470215,5.342375832143298,5.286434096750745,5.286434096750745,3804849
1996-08-21,5.258462905883789,5.328388869734702,5.21650685219363,5.300418484194337,4654034
1996-08-22,5.328391075134277,5.342376749072685,5.272449805520069,5.28643500407867,4924027
1996-08-23,5.23049259185791,5.328389426864777,5.202521728013333,5.300419038399861,3813314
1996-08-26,5.202522277832031,5.25846401143328,5.188537082121575,5.25846401143328,1984402
1996-08-27,5.188535213470459,5.216506070197378,5.160564832123079,5.174550022796769,4511018
1996-08-28,5.118610382080078,5.2025215445151956,5.118610382080078,5.174551157036824,3055017
1996-08-29,5.062669277191162,5.146581400675578,5.048684557116696,5.132596205221409,4148355
1996-08-30,5.03469705581665,5.090637812012963,5.03469705581665,5.076652622963884,3954548
1996-09-03,5.090637683868408,5.104622872565443,4.964770034836152,4.992740887609694,3941182
1996-09-04,5.132596015930176,5.160566405806959,5.03469917598175,5.062669090478849,4153701
1996-09-05,5.174553394317627,5.20252379388934,5.1186125951742,5.1186125951742,3861877
1996-09-06,5.202522277832031,5.244478340343113,5.16056669070066,5.16056669070066,3936727
1996-09-09,5.258462905883789,5.258462905883789,5.202521184043836,5.230492044963813,3156599
1996-09-10,5.258462905883789,5.272447623274361,5.21650685219363,5.244477237733995,3386494
1996-09-11,5.23049259185791,5.244477786090368,5.202521728013333,5.23049259185791,3708168
1996-09-12,5.2724456787109375,5.314401716927029,5.216504928262062,5.2444753034864995,3889946
1996-09-13,5.3423752784729,5.384330387219878,5.328389608384339,5.3423752784729,3916678
1996-09-16,5.384331226348877,5.454258161550519,5.356361307951771,5.370346029460449,5312977
1996-09-17,5.3563618659973145,5.398317461033687,5.314405795581141,5.3843317873084295,3232339
1996-09-18,5.3144049644470215,5.356361028301573,5.300419768288746,5.328390160605297,2557803
1996-09-19,5.4123029708862305,5.454259043717201,5.314406101453736,5.3283913006041175,4090435
1996-09-20,5.328391075134277,5.4262879404242845,5.314405876575677,5.4262879404242845,6950755
1996-09-23,5.328391075134277,5.370346670810077,5.300420678017077,5.314405876575677,2833588
1996-09-24,5.3703436851501465,5.4262849236636415,5.314402922016194,5.314402922016194,3788364
1996-09-25,5.4123029708862305,5.454259043717201,5.384332097205641,5.39831777173585,5025608
1996-09-26,5.454257488250732,5.496213073736818,5.398316232222927,5.412301427384955,3558915
1996-09-27,5.510199546813965,5.510199546813965,5.412302682596017,5.468243476217815,3000217
1996-09-30,5.510199546813965,5.566140340435762,5.4962143484085155,5.510199546813965,4771655
1996-10-01,5.5241827964782715,5.5241827964782715,5.482227216062405,5.49621240953436,2434390
1996-10-02,5.510199546813965,5.580126014221014,5.4962143484085155,5.538170419004666,4163057
1996-10-03,5.538167476654053,5.56613738322513,5.510196619323875,5.524181810299189,3605696
1996-10-04,5.636069297790527,5.650054501194876,5.538172398580116,5.552157601984464,4296271
1996-10-07,5.636069297790527,5.664040179979196,5.5941132121975095,5.608098415601858,3249715
1996-10-08,5.664033889770508,5.719974641262744,5.580121811773266,5.594106999646325,7125404
1996-10-09,5.5241827964782715,5.664036157336729,5.510197603006316,5.664036157336729,5402529
1996-10-10,5.494950771331787,5.537111758399581,5.480897745911311,5.509004752155446,3155262
1996-10-11,5.6635942459106445,5.677647749042661,5.494950775221679,5.509004756055287,5966573
1996-10-14,5.818183898925781,5.832237881307407,5.635487382682733,5.635487382682733,5536634
1996-10-15,5.76196813583374,5.902503617789637,5.76196813583374,5.902503617789637,7407426
1996-10-16,5.747914791107178,5.776021792719416,5.705753810987307,5.776021792719416,3252388
1996-10-17,5.8603434562683105,5.874396957508505,5.747914968645222,5.747914968645222,4488296
1996-10-18,5.944666385650635,5.972773872661186,5.860344880022269,5.88845236703282,4592551
1996-10-21,5.84629487991333,5.944669949166817,5.832241366834537,5.902508932228505,3782572
1996-10-22,5.719809055328369,5.81818406865978,5.691702522850099,5.8041305635698155,5813310
1996-10-23,5.705755233764648,5.747916224397711,5.64954121652274,5.663594720833218,5908654
1996-10-24,5.733862400054932,5.818183905938093,5.663594876570335,5.677648381267255,4054347
1996-10-25,5.621437072753906,5.77602666749269,5.621437072753906,5.719812139123519,4059694
1996-10-28,5.593329429626465,5.663597946604404,5.565222882698717,5.607383419643195,4553789
1996-10-29,5.691701889038086,5.691701889038087,5.57927290543483,5.607379912484841,3971033
1996-10-30,5.621437072753906,5.733865651790333,5.593329569718363,5.7057586264567055,4045882
1996-10-31,5.705755233764648,5.719808738075126,5.593326243877568,5.593326243877568,5682323
1996-11-01,5.621437072753906,5.719812139123519,5.607383560087093,5.7057586264567055,4689677
1996-11-04,5.649540424346924,5.663593926686826,5.5511649525644815,5.593325459584187,5815092
1996-11-05,5.733862400054932,5.776023391847335,5.663594876570335,5.663594876570335,5883704
1996-11-06,5.916559219360352,5.930613202478277,5.719809188129439,5.719809188129439,5767420
1996-11-07,5.930611610412598,5.972772593044967,5.86034362449301,5.88845110548177,5156595
1996-11-08,6.000879287719727,6.000879287719727,5.902503825870619,5.902503825870619,4685667
1996-11-11,5.986825942993164,6.0149329455682015,5.958718462716597,6.000879444280683,2894626
1996-11-12,5.902504920959473,6.014933904588342,5.86034441037485,6.014933904588342,4111821
1996-11-13,5.902504920959473,5.916558424487679,5.832237403318435,5.874397913903057,3419018
1996-11-14,6.014934539794922,6.028988044807249,5.86034502925602,5.888452516982329,4336369
1996-11-15,6.014934539794922,6.169524050333824,6.000881034782596,6.113309552582863,9801273
1996-11-18,5.986825942993164,6.0570934494307584,5.9306114601415585,5.9727724417056445,5080409
1996-11-19,6.043041229248047,6.043041229248046,5.986827212180784,5.986827212180784,4711062
1996-11-20,6.057094573974609,6.099255563366191,6.000880558387991,6.000880558387991,4459336
1996-11-21,6.155471324920654,6.1976323229990395,6.0711498064656,6.085203313257823,6299386
1996-11-22,6.267902851104736,6.267902851104736,6.169527778864199,6.183581292369713,6102906
1996-11-25,6.3803277015686035,6.422488217402802,6.225738188106545,6.253845676364342,8971246
1996-11-26,6.310059547424316,6.45059506392552,6.296006043544358,6.408434552285644,7023377
1996-11-27,6.267902851104736,6.310063869323221,6.239795346391766,6.296010355817708,4108702
1996-11-29,6.253847599029541,6.296008605527264,6.25384759902954,6.281954618226815,1329024
1996-12-02,6.211685657501221,6.225739164984416,6.1554716275684385,6.225739164984416,4171077
1996-12-03,6.071150302886963,6.225739367943457,6.071150302886963,6.183578844119437,6762295
1996-12-04,5.986825942993164,6.085200929707325,5.874396977289954,6.0570934494307584,9120499
1996-12-05,5.944666385650635,6.000880881970094,5.930612880996182,5.972773872661186,5035410
1996-12-06,5.930611610412598,5.986826094688577,5.719807652653833,5.776022136929812,6231220
1996-12-09,6.057094573974609,6.057094573974609,5.958719568996409,5.986827054491337,3069720
1996-12-10,6.057094573974609,6.113309067262845,5.986827054491337,6.0289875661813,3382929
1996-12-11,5.874402046203613,5.972777595505759,5.804134001431484,5.9025090730316885,4983283
1996-12-12,5.747914791107178,5.860343275257645,5.733860812599546,5.846289774451526,5324561
1996-12-13,5.776025295257568,5.804132313913691,5.663596742931275,5.71981078024352,5136991
1996-12-16,5.6635942459106445,5.804129754932395,5.663594245910645,5.790076729501972,4070832
1996-12-17,5.705755233764648,5.761969728708189,5.635487234510632,5.64954121652274,5527724
1996-12-18,5.691701889038086,5.776022910188121,5.649540900761464,5.747915903138109,5252384
1996-12-19,5.888453006744385,5.916559541405094,5.761970495710168,5.761970495710168,8569375
1996-12-20,5.930611610412598,6.071147582251775,5.916557631067447,6.043040101263014,12144775
1996-12-23,5.902504920959473,5.9727733940037195,5.846290906846643,5.9306124057174925,3463125
1996-12-24,5.930611610412598,5.9446651120562075,5.874397126136619,5.874397126136619,1258630
1996-12-26,5.944666385650635,5.98682737731564,5.9025053939856305,5.930612880996182,3057691
1996-12-27,5.944666385650635,5.958719890305089,5.916558898640084,5.944666385650636,1866336
1996-12-30,5.874402046203613,5.944670090975743,5.846295019375538,5.944670090975743,3080413
1996-12-31,5.705755233764648,5.874398240893637,5.705755233764648,5.846291232272683,3680991
1997-01-02,5.6635942459106445,5.747915742404333,5.593325774847382,5.747915742404333,7341042
1997-01-03,5.7900776863098145,5.804130714062496,5.6776486872716605,5.705755698180364,6129638
1997-01-06,5.719809055328369,5.860345061631333,5.677648540058476,5.846291556541368,5266196
1997-01-07,5.84629487991333,5.84629487991333,5.635490750625633,5.677651767563945,5429261
1997-01-08,5.76196813583374,5.8603431165133175,5.747914635408301,5.846289616087878,4758734
1997-01-09,5.818183898925781,5.888452377728977,5.733862393144248,5.790077367267463,3411889
1997-01-10,5.930611610412598,5.9446651120562075,5.7338611542974425,5.747915133642593,4419684
1997-01-13,5.915366172790527,5.97183712363495,5.844776524464937,5.97183712363495,4229887
1997-01-14,6.028306007385254,6.098895146001669,5.957716868768837,5.971834600515154,6293594
1997-01-15,6.014188766479492,6.04242423227653,5.929481409318645,6.014188766479492,4665618
1997-01-16,6.2541937828063965,6.254193782806397,6.084779957899158,6.09889817654565,9521924
1997-01-17,6.225957870483398,6.310664290607328,6.169485963964123,6.2824288172326845,6092659
1997-01-20,6.240076065063477,6.296547500184458,6.169486891133516,6.169486891133516,4705270
1997-01-21,6.225957870483398,6.254192863973046,6.1130150172148365,6.1130150172148365,6800165
1997-01-22,6.353019714355469,6.367137935847229,6.183606335191153,6.225960039896105,8198246
1997-01-23,6.127132415771484,6.423606789384042,6.127132415771484,6.367135365866181,5651136
1997-01-24,6.155370235443115,6.2400771630873555,6.084781049092057,6.155370235443115,5245256
1997-01-27,6.056544780731201,6.141251697385589,6.028309301808103,6.0706625201927515,4175086
1997-01-28,6.056544780731201,6.183605395655327,6.028309301808103,6.127133957924039,4701706
1997-01-29,6.000073432922363,6.028308910010354,5.915366521773331,6.028308910010354,8178643
1997-01-30,6.127132415771484,6.127132415771484,5.9859540969193175,6.042425520437178,8469130
1997-01-31,6.155370235443115,6.211841680500993,6.084781049092057,6.155370235443115,5096002
1997-02-03,6.127132415771484,6.15536788758793,6.070660992253623,6.127132415771484,2980168
1997-02-04,6.183604717254639,6.183604717254638,6.04242637835758,6.04242637835758,3822670
1997-02-05,6.113016128540039,6.268311740217775,6.056544691639445,6.183605304694509,6121619
1997-02-06,6.169487476348877,6.2118411766784,6.070662815426808,6.098898775608195,4005339
1997-02-07,6.268310070037842,6.296546020907262,6.19772139257668,6.211839128068912,4478049
1997-02-10,6.310661792755127,6.353014986053077,6.296544061655809,6.296544061655809,4028506
1997-02-11,6.324782371520996,6.338900107905509,6.225957736944415,6.324782371520995,4450871
1997-02-12,6.423604488372803,6.4518394701901745,6.3388976233814995,6.353014874347787,6060581
1997-02-13,6.607141017913818,6.6212587595954115,6.465962641327552,6.480080383009146,8613037
1997-02-14,6.578902721405029,6.649492364548147,6.536549511381153,6.593020458079655,6613487
1997-02-18,6.734201908111572,6.790673360888146,6.578905772889909,6.593023516112749,8321213
1997-02-19,6.6494879722595215,6.762429791053327,6.621252037676393,6.734194336354876,4719973
1997-02-20,6.550668239593506,6.649493371044477,6.480079065650698,6.578903717216601,5018034
1997-02-21,6.524570465087891,6.595489787881701,6.524570465087891,6.5387547153502625,4235233
1997-02-24,6.595489978790283,6.666409303636876,6.467835579770036,6.467835579770036,4265975
1997-02-25,6.63804292678833,6.65222669781087,6.510388023326241,6.609674902613637,4116276
1997-02-26,6.5671210289001465,6.638040338489668,6.4110986442290825,6.623856090868225,3779899
1997-02-27,6.524570465087891,6.595489787881701,6.467835392556452,6.524570465087891,4531513
1997-02-28,6.38273286819458,6.552939560142694,6.38273286819458,6.467836455233433,4529730
1997-03-03,6.467836380004883,6.467836380004883,6.269262149439864,6.269262149439864,4965016
1997-03-04,6.340177536010742,6.482015632822674,6.311810013074212,6.467832353483695,4388942
1997-03-05,6.68058967590332,6.68058967590332,6.382728298766991,6.382728298766991,5426588
1997-03-06,6.524570465087891,6.7798802199974135,6.496202928822171,6.751512201602182,8874565
1997-03-07,6.6947760581970215,6.765695374754127,6.552937907212278,6.552937907212278,5193574
1997-03-10,6.82243013381958,6.82243013381958,6.680591999271517,6.779878838093985,5496091
1997-03-11,6.708960056304932,6.794063142680619,6.666408754181831,6.765695607931885,4769873
1997-03-12,6.708960056304932,6.737328073183152,6.638041219433098,6.6805930036856855,4867444
1997-03-13,6.63804292678833,6.680594721985563,6.609674902613637,6.63804292678833,5171743
1997-03-14,6.5671210289001465,6.72314341357121,6.5671210289001465,6.666407869473708,5539753
1997-03-17,6.794060230255127,6.8082439915493085,6.411096746795119,6.482015553266024,8832239
1997-03-18,6.751511573791504,6.794062874233316,6.7089597912202255,6.779879589548846,5705491
1997-03-19,6.666408061981201,6.864982230992021,6.62385628214694,6.765694905421893,5956326
1997-03-20,6.595489978790283,6.680593554309816,6.524570653943689,6.680593554309816,4450871
1997-03-21,6.552937030792236,6.680591879947774,6.552937030792236,6.638040102852792,6490965
1997-03-24,6.751511573791504,6.765695340605442,6.581305407765323,6.581305407765323,4089544
1997-03-25,6.6947760581970215,6.836614691311234,6.680592773440964,6.751511607868601,4020487
1997-03-26,6.723143577575684,6.76569487508974,6.666408032094174,6.694775563770212,4413001
1997-03-27,6.581305980682373,6.7798801797522135,6.552938444585043,6.765695929574039,6005780
1997-03-31,6.368549823760986,6.62385866613689,6.354366052754504,6.552939811104478,7191788
1997-04-01,6.311811923980713,6.439466297971852,6.297627676088869,6.340179455505536,7656924
1997-04-02,6.340177536010742,6.453648592015431,6.226706962135339,6.297625769476662,5030955
1997-04-03,6.340177536010742,6.3543617796082925,6.212523200667074,6.297625769476662,3512134
1997-04-04,6.4820170402526855,6.4820170402526855,6.269259607774462,6.297627136870387,4448198
1997-04-07,6.396914958953857,6.524569332112233,6.354363661944208,6.482017552973155,2419688
1997-04-08,6.411098480224609,6.4394660104829695,6.297627394932348,6.382730467836838,3656041
1997-04-09,6.297628402709961,6.524570127481411,6.269260867912088,6.467835057885664,3897965
1997-04-10,6.425282001495361,6.482017059858818,6.283443391327933,6.311811402639054,3997764
1997-04-11,6.128274440765381,6.399059056805329,6.028511916958755,6.370555132546789,5736678
1997-04-14,6.27079439163208,6.313549563516943,6.1282761831369825,6.2280387353077735,5096448
1997-04-15,6.441815376281738,6.4560670987571545,6.327800627599628,6.384808486380075,4670519
1997-04-16,6.6413397789001465,6.6413397789001465,6.384807831765311,6.441814715822233,6742691
1997-04-17,6.669846057891846,6.741104688096656,6.6270903953294455,6.669846057891845,6562696
1997-04-18,6.612839221954346,6.698350069786174,6.598587494722301,6.669846615322082,4438396
1997-04-21,6.698347091674805,6.712599297009818,6.584332840070069,6.612836281861418,5047885
1997-04-22,6.869369983673096,6.997636464370863,6.698348332369027,6.712600540343889,9194903
1997-04-23,6.826611518859863,6.940626229094839,6.812360285629526,6.883618873977351,4950313
1997-04-24,6.769603252410889,6.8266101113353574,6.72684762377841,6.8266101113353574,3366890
1997-04-25,6.712596893310547,6.755352040687472,6.684092977286764,6.755352040687472,2438846
1997-04-28,6.741103172302246,6.7838588252506735,6.684096280956882,6.684096280956882,4736012
1997-04-29,6.9121222496032715,6.926373481711688,6.741100197714409,6.869366615521257,7673854
1997-04-30,6.954880237579346,7.011887611474058,6.82661376742609,6.85511769659314,5554456
1997-05-01,6.954880237579346,7.011887611474058,6.85511769659314,6.954880237579346,4335033
1997-05-02,7.054640769958496,7.125900330367307,6.954878257376812,6.969129975682874,4449980
1997-05-05,7.211413383483887,7.225665591650854,7.0403917298746155,7.08314738549665,5317878
1997-05-06,7.211413383483887,7.268420762833455,7.154406004134318,7.182909936028819,6090877
1997-05-07,7.1401567459106445,7.268423272627886,7.125905501701576,7.211415873593601,5343719
1997-05-08,7.1258978843688965,7.254163305095738,7.097393973101625,7.111645686515719,6281565
1997-05-09,7.154404163360596,7.168655883421271,7.040389918435891,7.154404163360597,3718861
1997-05-12,7.268422603607178,7.296926058280923,7.154407816033078,7.168659543369952,3835145
1997-05-13,7.3111772537231445,7.3396807063232385,7.239918137783386,7.296925527423097,6400522
1997-05-14,7.39668607711792,7.4394417287878944,7.353930425447947,7.396686077117921,5096448
1997-05-15,7.653215408325195,7.653215408325195,7.368179623208814,7.396683056388695,8827338
1997-05-16,7.553454399108887,7.624713480567158,7.425188440035428,7.624713480567158,8485615
1997-05-19,7.539207935333252,7.553459664672016,7.467948804199802,7.524956205994487,5662274
1997-05-20,7.410942554473877,7.510705153272164,7.368186878166229,7.453697746341856,6375127
1997-05-21,7.225663661956787,7.453692149578642,7.125901138067313,7.382433065532073,8975255
1997-05-22,7.225663661956787,7.268418821721146,7.182908017753125,7.239914897438935,4630866
1997-05-23,7.2969207763671875,7.311172493387881,7.239913423845204,7.268417342325798,3190905
1997-05-27,7.2969207763671875,7.339675927429269,7.168654354302526,7.225662191263716,4047664
1997-05-28,7.197160243988037,7.311174495819759,7.140152875852506,7.296922774895711,4294044
1997-05-29,7.182908535003662,7.25416713974235,7.097397724877896,7.211411976899138,3790146
1997-05-30,7.182908535003662,7.25416713974235,7.083146003930159,7.083146003930159,4119840
1997-06-02,7.1401567459106445,7.268423272627886,7.0831498313159615,7.239919330890943,3251497
1997-06-03,7.211413383483887,7.282672486560989,7.125903041118685,7.125903041118685,3432829
1997-06-04,7.168653964996338,7.197157881928978,7.140150532502878,7.197157881928978,2476716
1997-06-05,7.1401567459106445,7.239919330890943,7.1401567459106445,7.19716414494493,3264863
1997-06-06,7.2969207763671875,7.339675927429269,7.140150920261138,7.140150920261138,4778338
1997-06-09,7.410942554473877,7.467949476964516,7.2826760099906025,7.296927740613262,5087983
1997-06-10,7.368185520172119,7.496451556575641,7.353933307736546,7.439444644591667,6073501
1997-06-11,7.48219633102417,7.496448052358191,7.3539298701392735,7.368182075912648,3456442
1997-06-12,7.581958293914795,7.596210498615044,7.439440606866163,7.524951412871069,5961672
1997-06-13,7.567707061767578,7.624714430927571,7.553455340587417,7.567707061767578,6412997
1997-06-16,7.539207935333252,7.610467066466701,7.496452262877332,7.596215337127936,3858758
1997-06-17,7.4536919593811035,7.524951041609339,7.410936800707739,7.496447118054469,5429261
1997-06-18,7.382433891296387,7.453692983313663,7.339678242310278,7.339678242310278,4065931
1997-06-19,7.610464572906494,7.638968022244901,7.42519118332792,7.439442907997123,3825343
1997-06-20,7.610464572906494,7.7102271300303835,7.5962128482372915,7.5962128482372915,8361311
1997-06-23,7.39668607711792,7.58195943732923,7.396686077117921,7.524952547688452,4437060
1997-06-24,7.752980709075928,7.7672319454833865,7.482196075229459,7.524951722209184,6256615
1997-06-25,7.646093845367432,7.752982503111376,7.553456911768123,7.731604190235249,5388272
1997-06-26,7.510695934295654,7.703094788201786,7.510695934295653,7.646087935684002,4109148
1997-06-27,7.724475860595703,7.85986791913267,7.524950823686336,7.524950823686336,6565369
1997-06-30,7.610464572906494,7.724478854699587,7.524953740451809,7.7102271300303835,5530397
1997-07-01,7.50357723236084,7.667472821572486,7.489325505182377,7.5677102468836965,4907097
1997-07-02,7.581958293914795,7.589084396264919,7.510699692610137,7.524951412871069,4073951
1997-07-03,7.809991359710693,7.809991359710693,7.624717930454704,7.638969658176,3631091
1997-07-07,7.646093845367432,7.809989399689921,7.638967741075389,7.809989399689921,3877025
1997-07-08,7.717352390289307,7.724478494511356,7.646093770266042,7.646093770266042,2656266
1997-07-09,7.574835777282715,7.767234806236009,7.510702767631616,7.738731838483817,4508345
1997-07-10,7.5249481201171875,7.681717458827893,7.4964442076286995,7.63896231675382,4993976
1997-07-11,7.3483662605285645,7.498624836201926,7.269659040107121,7.498624836201926,10103344
1997-07-14,7.35551643371582,7.434222625577208,7.319740051764736,7.341205686363702,6050779
1997-07-15,7.427070140838623,7.427070140838623,7.2267254502520055,7.298277264441332,6979269
1997-07-16,7.4056010246276855,7.44137691258659,7.255342587057747,7.326893876546451,6483391
1997-07-17,7.1837921142578125,7.469999289225826,7.126551068407592,7.355516711096158,17510324
1997-07-18,7.1050872802734375,7.2338806485977525,7.069311858081037,7.183794473813127,12838023
1997-07-21,7.083619117736816,7.140860644522481,6.98344681068379,7.097929377825937,4852296
1997-07-22,7.226723670959473,7.23387855875918,7.105085227642742,7.126551350329604,6931151
1997-07-23,7.341209411621094,7.43422639803557,7.255347802513634,7.269657584268754,7258172
1997-07-24,7.276808738708496,7.326894891503318,7.140860540204097,7.312584631623251,6102461
1997-07-25,7.283971309661865,7.412764757311506,7.148022967738719,7.326902621021641,5199812
1997-07-28,7.226723670959473,7.355517002075911,7.219568296730519,7.326895991589343,4683885
1997-07-29,7.341209411621094,7.42707150715801,7.219571402408007,7.27681296157577,5787469
1997-07-30,7.441384792327881,7.4628499586895725,7.355522667592245,7.3698324542136255,5743807
1997-07-31,7.491466045379639,7.505776308983052,7.419913754503974,7.434224018107387,4759625
1997-08-01,7.312587261199951,7.505777055124058,7.298276996173971,7.491466790098078,4725765
1997-08-04,7.2410359382629395,7.32689802064211,7.198104653858664,7.269656470246202,6916894
1997-08-05,7.262503147125244,7.291123685282502,7.198106206627184,7.2124169621353,7222084
1997-08-06,7.2410359382629395,7.269656470246202,7.205260516498552,7.2410359382629395,4826010
1997-08-07,7.298279285430908,7.3841409025190705,7.26965825997202,7.26965825997202,6625962
1997-08-08,7.3197431564331055,7.369829334121936,7.2481913350406595,7.269656978744277,8249037
1997-08-11,7.341209411621094,7.376985325297263,7.176640597854277,7.326899143436517,8558237
1997-08-12,7.3197431564331055,7.434225778803372,7.2982779991589055,7.341208800136723,7885928
1997-08-13,7.190947532653809,7.3841367932363235,7.190947532653808,7.348361382573408,8788132
1997-08-14,7.283971309661865,7.30543745177144,7.212419934778383,7.233885104028584,3803067
1997-08-15,6.940515995025635,7.233877541429666,6.940515995025635,7.2267226546361805,8611701
1997-08-18,7.148016929626465,7.148016929626464,6.983448176765349,7.05499949120761,6578290
1997-08-19,7.062159061431885,7.183796603083957,7.0120723853722255,7.155176548704711,8337698
1997-08-20,7.097931385040283,7.162328303295816,7.04069032849668,7.097931385040283,8300719
1997-08-21,6.9906086921691895,7.126557019226909,6.940522492012642,7.1122467458149865,6674970
1997-08-22,6.9476728439331055,6.983448747291655,6.840345620286771,6.840345620286771,6606804
1997-08-25,6.811723709106445,7.033533988874695,6.811723709106445,6.969137565877615,6175083
1997-08-26,6.861806392669678,6.933358153709056,6.7830997473837655,6.811720257227915,6074838
1997-08-27,6.897587299346924,6.961983736635378,6.811725220819197,6.833190862058468,5738015
1997-08-28,6.886854648590088,6.98344930349394,6.811725148267521,6.897587225880731,6280674
1997-08-29,6.861806392669678,6.976289404904286,6.833185882825529,6.847496137747604,3862323
1997-09-02,7.119396209716797,7.119396209716797,6.883275662422715,6.926206936346692,5869447
1997-09-03,7.176636219024658,7.283963408137952,7.126550067724012,7.1551710730594955,5126744
1997-09-04,7.162330150604248,7.2410368668664,7.1337091285211915,7.212416331212789,4989966
1997-09-05,7.083619117736816,7.226722691486387,7.012067330862031,7.169481164700722,4311865
1997-09-08,6.961985111236572,7.0979333885451785,6.926209684013296,7.069312852194774,5115606
1997-09-09,6.9476728439331055,7.0049139001633325,6.8689656619725685,6.8689656619725685,4320776
1997-09-10,6.82603645324707,6.976295476780547,6.826036453247071,6.9262092977458645,4474484
1997-09-11,6.811723709106445,6.840344719883454,6.733017023935486,6.8260339712803235,5288473
1997-09-12,7.097931385040283,7.112242135605503,6.81172464303431,6.868965699577913,7305844
1997-09-15,7.076461315155029,7.198098719008242,7.076461315155029,7.097926453229725,3803512
1997-09-16,7.262503147125244,7.29827906303656,7.140865130312669,7.14802002163724,6078402
1997-09-17,7.226723670959473,7.298275467532022,7.2124134089308125,7.23387855875918,4126078
1997-09-18,7.298279285430908,7.4413829534368485,7.26965825997202,7.305434663403006,6138994
1997-09-19,7.376981258392334,7.434222299573847,7.276808949895496,7.376981258392333,6348395
1997-09-22,7.419910430908203,7.44137654634197,7.355514516752318,7.39129040295043,4002220
1997-09-23,7.3698272705078125,7.40560365761576,7.298275955579757,7.391293394630149,3131649
1997-09-24,7.226723670959473,7.44137906067712,7.2124134089308125,7.3769821519042775,5712174
1997-09-25,7.190947532653809,7.326895747032274,7.162327009551783,7.326895747032274,4025388
1997-09-26,7.276808738708496,7.276808738708496,7.198101579724366,7.241032845793741,4126523
1997-09-29,7.376981258392334,7.391292005116901,7.183791528331755,7.219567422284795,3259517
1997-09-30,7.3197431564331055,7.427070888521777,7.305433375869916,7.362674443840341,3294268
1997-10-01,7.334052562713623,7.391294596825051,7.269656125589646,7.341207938584891,3223429
1997-10-02,7.384133815765381,7.38413381576538,7.291116909975971,7.362668675308769,3361544
1997-10-03,7.362667083740234,7.491460330784178,7.226718953567084,7.441374203164013,6065927
1997-10-06,7.441384792327881,7.455695065378882,7.391298593434562,7.4199186531069445,4216075
1997-10-07,7.541548252105713,7.548703136936656,7.4056000895983,7.4413759730401505,3566489
1997-10-08,7.505774974822998,7.541550870686973,7.419912435606085,7.498619601078516,3326792
1997-10-09,7.434224605560303,7.491466637355824,7.312587112104842,7.412759451673656,4073505
1997-10-10,7.371860027313232,7.422155814719235,7.350304759633569,7.357490011680246,2519487
1997-10-13,7.379039764404297,7.4508897888698655,7.34311450794151,7.400594527513965,1746488
1997-10-14,7.450892448425293,7.54429824626123,7.414967179139177,7.436522926863062,4767199
1997-10-15,7.307196140289307,7.414971522822188,7.300010886838898,7.386231974401947,6043650
1997-10-16,7.307196140289307,7.386231974401947,7.300010886838898,7.32156615872966,3655150
1997-10-17,7.343114376068115,7.379039631885728,7.177858101615097,7.278448622520415,6066818
1997-10-20,7.307196140289307,7.32875141218007,7.220975541186724,7.32875141218007,3872570
1997-10-21,7.321563243865967,7.34311850717514,7.278452717247623,7.278452717247623,6014691
1997-10-22,7.300007343292236,7.343117866147185,7.264082070399853,7.314377354757143,3745147
1997-10-23,7.0988240242004395,7.177859307197839,7.048528755300261,7.08445352869175,7052336
1997-10-24,7.070089817047119,7.2712710578859285,7.034164037228212,7.2712710578859285,4455772
1997-10-27,6.6964640617370605,7.077271598839722,6.6964640617370605,7.012606297038211,6805511
1997-10-28,7.041346073150635,8.018512770020351,6.55994797508816,6.667723799912364,11675629
1997-10-29,6.998235702514648,7.228156865021169,6.983865202455286,7.048530987341714,6742246
1997-10-30,6.919200897216797,7.156307326980409,6.883275132918373,6.897645145561581,5285799
1997-10-31,7.0485310554504395,7.1131963525014825,6.8976447110510195,6.998235770137379,4969026
1997-11-03,7.156309127807617,7.235344949924392,7.141939111548311,7.185049648786623,4434386
1997-11-04,7.256897926330566,7.271267939018106,7.127566835222168,7.134751597335802,5319214
1997-11-05,7.328749179840088,7.400599250156292,7.242528607000325,7.242528607000325,6678089
1997-11-06,7.185047626495361,7.271267699783846,7.156307113605612,7.18504762649536,4152364
1997-11-07,7.177863121032715,7.185048861065158,7.026977234161542,7.041347248845415,5879694
1997-11-10,7.206605434417725,7.271270760836966,7.185050651251616,7.228160217583832,5408766
1997-11-11,7.19223165512085,7.271266958474398,7.177861155910929,7.199416416265607,2702601
1997-11-12,7.213787078857422,7.292822877812896,7.070086469915171,7.070086469915171,5296047
1997-11-13,7.307196140289307,7.407786757832244,7.156310213974902,7.156310213974902,7164165
1997-11-14,7.407785892486572,7.414970656637222,7.25689998379801,7.285640505781837,5459557
1997-11-17,7.450892448425293,7.522743475457704,7.436522926863062,7.458077697666588,6357305
1997-11-18,7.386229515075684,7.465264345951876,7.328748971992584,7.422154793445083,4271322
1997-11-19,7.4796342849731445,7.494004297547016,7.3359336707741685,7.3359336707741685,4687895
1997-11-20,7.522742748260498,7.60177803997378,7.465261736806986,7.47963223390043,6814867
1997-11-21,7.5730390548706055,7.580223815936439,7.465262754281119,7.522743773568978,4337260
1997-11-24,7.4796342849731445,7.565854848876636,7.465263783939007,7.515559560637955,3507233
1997-11-25,7.580225944519043,7.644891254571025,7.522745886010764,7.529930649094131,4468693
1997-11-26,7.5730390548706055,7.623334336172232,7.544298545226676,7.580223815936439,3339267
1997-11-28,7.486815929412842,7.587406457440072,7.472445923760385,7.587406457440072,1598571
1997-12-01,7.73110818862915,7.73110818862915,7.479631829976388,7.4868170781350845,3944301
1997-12-02,7.73110818862915,7.8101439645343795,7.673628157200008,7.695182924755883,3235904
1997-12-03,7.846072673797607,7.846072673797608,7.666446275553215,7.745481597704555,4041427
1997-12-04,7.767032623291016,7.961028929803514,7.745477369576281,7.824513137043621,6288248
1997-12-05,7.8173298835754395,7.896365177803363,7.731108852112035,7.759849358753219,3345505
1997-12-08,7.73110818862915,7.817329212693076,7.673628157200008,7.817329212693076,2900863
1997-12-09,7.8819966316223145,7.896367132730729,7.688000728181949,7.731110766126386,5439508
1997-12-10,7.788588523864746,7.853254290379579,7.738293253326605,7.767033268359802,4735121
1997-12-11,7.680817604064941,7.817333983167605,7.6736328399819,7.767038192284285,5371342
1997-12-12,7.659258842468262,7.788589413347723,7.637703584501636,7.673628851625963,3505005
1997-12-15,7.774220943450928,7.817331467919873,7.616149834498543,7.659260358967488,5251939
1997-12-16,7.88918399810791,7.910739267091528,7.788593394131558,7.795778158152498,3787473
1997-12-17,7.745482444763184,7.903554083273479,7.731112429024168,7.853258783956737,3716633
1997-12-18,7.5011887550354,7.6808146259090675,7.407782950489739,7.673629864611842,6702593
1997-12-19,7.42933988571167,7.472450417052053,7.156308148756992,7.393414605748125,10439276
1997-12-22,7.5945916175842285,7.630516877844859,7.436521058589525,7.436521058589525,4825119
1997-12-23,7.4580769538879395,7.666443299583393,7.45807695388794,7.558667502473304,3547331
1997-12-24,7.414966583251953,7.5586676488482,7.414966583251953,7.501187613377813,1901979
1997-12-26,7.5011887550354,7.537114026902176,7.443708222356515,7.443708222356515,740921
1997-12-29,7.5730390548706055,7.580223815936439,7.501188513451081,7.501188513451081,2780124
1997-12-30,7.695186614990234,7.709557118199015,7.608966038039253,7.644891319140524,3419909
1997-12-31,7.529927730560303,7.759849340858832,7.515557721502923,7.6951835674104,4099346
1998-01-02,7.752665042877197,7.759849803604265,7.479632900664574,7.544298189509064,5555792
1998-01-05,7.795777797698975,7.853258837971138,7.688002434684894,7.781407781861123,6304733
1998-01-06,7.666446685791016,7.774222530504826,7.6305214042197465,7.709557219060679,4756507
1998-01-07,7.716740608215332,7.716740608215331,7.5802247579373745,7.616150033111601,4265084
1998-01-08,7.8173298835754395,7.867625159622326,7.781404128158922,7.846069901756476,7290251
1998-01-09,7.73110818862915,7.824513972391665,7.6879981650572935,7.817329212693076,7640885
1998-01-12,7.996959209442139,7.996959209442139,7.608966352878418,7.630521620123149,8264185
1998-01-13,8.056971549987793,8.10025006560294,7.948776241677238,7.963201759730745,7661380
1998-01-14,8.078608512878418,8.10746052151666,7.992051996600175,8.056969261217978,4684330
1998-01-15,8.013690948486328,8.13631321402397,8.006478191336985,8.078608705011584,4862543
1998-01-16,8.085821151733398,8.157951167900967,8.020903892000845,8.020903892000845,8860753
1998-01-20,8.244507789611816,8.278770467188165,8.136312518709616,8.194016532427193,7770089
1998-01-21,8.157952308654785,8.244508830522838,8.078609034593883,8.244508830522838,4972590
1998-01-22,8.107460021972656,8.157951279160303,8.078608015112142,8.085821262009015,6581854
1998-01-23,8.064183235168457,8.136314248376449,8.04254447060601,8.07860973202821,6437947
1998-01-26,7.984836101531982,8.078605337936134,7.9343448610766725,8.064178848923195,5347728
1998-01-27,8.179591178894043,8.244508444665957,7.9848393815783,7.999265386153889,6042759
1998-01-28,8.18680191040039,8.309424137517523,8.179588665147604,8.215654401048166,4984174
1998-01-29,8.295000076293945,8.309426571024478,8.093034544065203,8.093034544065203,5362877
1998-01-30,8.172377586364746,8.30942584173187,8.157951092900383,8.237294355137003,6482946
1998-02-02,8.215655326843262,8.338276096687997,8.208442080777637,8.258933332146714,8129189
1998-02-03,8.129098892211914,8.208442642913731,8.09303364014081,8.194016149794518,7484503
1998-02-04,8.12188720703125,8.150739216347398,8.020904684061199,8.02811744120847,5398074
1998-02-05,8.15074348449707,8.157956245421316,8.05697366957158,8.100252196572201,5669849
1998-02-06,8.287785530090332,8.287785530090332,8.150737774536164,8.165164267005817,5524159
1998-02-09,8.27336311340332,8.302216112556744,8.186807058125153,8.302216112556744,4447307
1998-02-10,8.489753723144531,8.489753723144531,8.251723373244978,8.251723373244978,7129414
1998-02-11,8.4464750289917,8.496965803164937,8.395983274091346,8.489752555218155,6520370
1998-02-12,8.525816917419434,8.525816917419434,8.352703888541512,8.395982390942745,6313198
1998-02-13,8.547455787658691,8.612373044279392,8.46811203813254,8.496964043216527,6194686
1998-02-17,8.684504508972168,8.742208525529604,8.57630874238171,8.648439253442016,7612816
1998-02-18,8.641229629516602,8.734998940922296,8.612377609140037,8.734998940922296,5530842
1998-02-19,8.511391639709473,8.583521171408304,8.511391639709473,8.547456895922409,5271542
1998-02-20,8.569097518920898,8.583523036103665,8.45368847782249,8.52581900591809,6614378
1998-02-23,8.648441314697266,8.648441314697266,8.554671039533602,8.648441314697266,3412335
1998-02-24,8.634015083312988,8.65565385016567,8.547459035174974,8.648441581699634,4685221
1998-02-25,8.626805305480957,8.713362369176165,8.590740025729232,8.684510341520323,4704825
1998-02-26,8.597947120666504,8.605160367596836,8.482538111962107,8.576308360602482,4541760
1998-02-27,8.634015083312988,8.65565385016567,8.55467130364101,8.55467130364101,3676090
1998-03-02,8.677291870117188,8.698930632661643,8.597948106242368,8.612374601756732,3095115
1998-03-03,8.662864685058594,8.684504426607667,8.619586182687463,8.634012677053512,3590993
1998-03-04,8.569097518920898,8.648441295971509,8.496966990825301,8.641228047016497,4290479
1998-03-05,8.626805305480957,8.634018557576837,8.525822718321667,8.54024922251343,3959894
1998-03-06,8.756635665893555,8.78548866025888,8.655653127796528,8.662866376387859,5802617
1998-03-09,8.727785110473633,8.79991465815149,8.69893211452978,8.771062642934895,5694798
1998-03-10,8.87204647064209,8.908111740064513,8.749425143042291,8.771063912404784,5137437
1998-03-11,8.95860481262207,8.973031316359725,8.886475236116748,8.915327262864407,4856306
1998-03-12,9.009090423583984,9.016303670511606,8.864829407939482,8.908107908778229,4149246
1998-03-13,8.98745059967041,9.110072840744055,8.944172103954603,9.037941360733134,6124737
1998-03-16,8.994661331176758,9.037938834066948,8.936956359445523,8.94416960350275,5241246
1998-03-17,9.016302108764648,9.052367356428778,8.951384859114574,9.023515354442836,4091772
1998-03-18,8.915322303771973,9.016304831581703,8.814339775962242,8.987452820882794,4920908
1998-03-19,8.886468887329102,8.915320893463932,8.821551628343997,8.908107646748487,3958112
1998-03-20,8.973029136657715,9.00909440651333,8.85762007697426,8.893686327557289,7396733
1998-03-23,8.908108711242676,8.958599482830397,8.900895463665266,8.915321958820083,3648021
1998-03-24,8.857617378234863,8.94417439180711,8.828766348013598,8.936961143888238,5343273
1998-03-25,8.605161666870117,8.864830749753112,8.540244396149367,8.857617501733667,8733331
1998-03-26,8.698931694030762,8.742210205127236,8.612375652565024,8.612375652565024,7810187
1998-03-27,8.670080184936523,8.79991474505704,8.670080184936523,8.79991474505704,7915333
1998-03-30,8.554671287536621,8.698932348222355,8.533032520724674,8.698932348222355,5298274
1998-03-31,8.691718101501465,8.720569130199266,8.6267998543867,8.63401310192468,6477599
1998-04-01,8.771061897277832,8.821553655159844,8.713357871750253,8.785488394023313,7183768
1998-04-02,8.92974853515625,8.994665802488958,8.706143742586187,8.756634514632927,6546657
1998-04-03,9.023518562316895,9.030731810559404,8.958600308861477,9.00187881758937,5631978
1998-04-06,8.908108711242676,9.182204273367644,8.886469949237519,9.153352263785079,5138328
1998-04-07,8.864832878112793,8.980241931951113,8.814342091308589,8.936963414170823,3357534
1998-04-08,8.73499584197998,8.886470121127227,8.720569346546116,8.886470121127227,4293598
1998-04-09,8.814338684082031,8.857616204405817,8.742208175906407,8.843190691206884,3818215
1998-04-13,8.682543754577637,8.791165198834479,8.631852893942588,8.791165198834479,3670744
1998-04-14,8.71151065826416,8.747718139201206,8.66806148422079,8.675303177327114,4963234
1998-04-15,8.573922157287598,8.704268690713322,8.559438771531608,8.689785304957333,6028502
1998-04-16,8.342192649841309,8.530470706828345,8.320467577008301,8.515987324939672,9346830
1998-04-17,8.675304412841797,8.675304412841797,8.356678732136855,8.371161135817474,9807065
1998-04-20,8.465298652648926,8.63909433687805,8.443574561343194,8.631852644911334,7287578
1998-04-21,8.421850204467773,8.508748546298587,8.363918632976901,8.458057682798195,7449306
1998-04-22,8.371156692504883,8.450813316548988,8.35667429651135,8.42184753996773,6544875
1998-04-23,8.35667610168457,8.43633274293576,8.327710318846249,8.342193702562613,5298274
1998-04-24,8.320469856262207,8.501507256491365,8.240813695539742,8.342194935046438,5420796
1998-04-27,8.269775390625,8.313224544686006,8.153912292587814,8.18287806709711,7823553
1998-04-28,8.132194519042969,8.305989803794905,8.088745328631878,8.269782309218154,6612596
1998-04-29,8.18288516998291,8.291507657124562,8.18288516998291,8.226333869461078,4992639
1998-04-30,8.472542762756348,8.537717032037621,8.226332521463357,8.226332521463357,6425917
1998-05-01,8.443574905395508,8.47978238211003,8.356676567442868,8.47978238211003,2588099
1998-05-04,8.400128364562988,8.573924110249191,8.37116158645298,8.523233233151446,4994421
1998-05-05,8.298746109008789,8.363919378897,8.22633065359246,8.349435992435357,4846504
1998-05-06,8.1901216506958,8.363917825276753,8.16115586774758,8.298744567494648,5048330
1998-05-07,8.262537002563477,8.284261093389153,8.095982029387146,8.175638670071965,6073501
1998-05-08,8.414609909057617,8.508749959104577,8.284263359262958,8.284263359262958,4770318
1998-05-11,8.385641098022461,8.51598760086674,8.33495122895827,8.407366171559383,3607478
1998-05-12,8.49426555633545,8.49426555633545,8.327711542104167,8.385643116290382,4588986
1998-05-13,8.501508712768555,8.573923685264637,8.436335434441025,8.494267018600002,4049892
1998-05-14,8.400128364562988,8.487025745108705,8.356679181992744,8.479785035175972,7099117
1998-05-15,8.624612808227539,8.697027774283416,8.421851297108937,8.429092990633452,7751823
1998-05-18,8.725996017456055,8.74772011709235,8.624614260233884,8.646339344464977,8288689
1998-05-19,8.697026252746582,8.798406990569415,8.660818776053109,8.776682898391115,6396512
1998-05-20,8.856337547302246,8.856337547302246,8.689782601306762,8.725991054431205,4372457
1998-05-21,8.718749046325684,8.885303001662109,8.704265665603296,8.85633722481154,5043430
1998-05-22,8.733234405517578,8.783925270650425,8.68978523320293,8.733234405517578,3087987
1998-05-26,8.675304412841797,8.725995287210756,8.653579330428792,8.689786816522416,3779899
1998-05-27,8.631855010986328,8.689786593410837,8.47978436097332,8.653579108246845,6507004
1998-05-28,8.675304412841797,8.689786816522416,8.566681954560927,8.631855232610505,3967914
1998-05-29,8.595651626586914,8.711515831306457,8.573927518962382,8.689790739086765,4495424
1998-06-01,8.487024307250977,8.631854234885093,8.429092730035173,8.573922657669288,3634210
1998-06-02,8.472542762756348,8.588406926973835,8.400128767789587,8.48702615250659,4666509
1998-06-03,8.429093360900879,8.617371493241006,8.38564418243982,8.530474120913565,4170854
1998-06-04,8.458063125610352,8.458063125610352,8.240818608126979,8.356682317964939,5068379
1998-06-05,8.689788818359375,8.718755601583027,8.487027243363482,8.51599304199219,3999547
1998-06-08,8.6173734664917,8.805652626539636,8.573925262676322,8.689788452310529,4987293
1998-06-09,8.6173734664917,8.733237640720807,8.559441871674597,8.573925262676322,4335701
1998-06-10,8.689788818359375,8.878067986338388,8.54495982521584,8.55944223223272,4511686
1998-06-11,8.631855010986328,8.77668495164229,8.602889219774074,8.689786593410837,5378693
1998-06-12,8.892544746398926,8.907028128813492,8.573920179221624,8.631851739691257,6251269
1998-06-15,8.935992240905762,9.066339704521065,8.747714212229438,8.791162382173738,9096217
1998-06-16,9.037371635437012,9.066338390660968,8.89254179769319,8.935990945935135,6667842
1998-06-17,9.254622459411621,9.254622459411623,9.06634433458413,9.06634433458413,7936719
1998-06-18,9.471868515014648,9.486351903890473,9.211174407413125,9.240141185164772,7589872
1998-06-19,9.269108772277832,9.558767744502488,9.269108772277832,9.500836146976546,7097558
1998-06-22,9.298068046569824,9.384966366476979,9.153238169787407,9.153238169787407,4200482
1998-06-23,9.442898750305176,9.457381148495145,9.225653916106538,9.3270346418137,4269094
1998-06-24,9.63117504119873,9.64565842130968,9.341516300327193,9.413930247099456,4842940
1998-06-25,9.645663261413574,9.761527406658235,9.616697471251074,9.660145664197497,6174414
1998-06-26,9.790494918823242,9.790494918823242,9.587733367428337,9.587733367428337,4363547
1998-06-29,9.804977416992188,9.891875788181268,9.761529215992484,9.848426602586729,4241025
1998-06-30,9.500835418701172,9.776011962748482,9.47186962215854,9.761529556774603,5132536
1998-07-01,9.602214813232422,9.616698201711122,9.428419074461676,9.558765632391053,4133652
1998-07-02,9.674625396728516,9.761523718982517,9.500829736814795,9.500829736814795,2563595
1998-07-06,9.906356811523438,9.906356811523438,9.732560110666926,9.862907636309309,4267089
1998-07-07,9.848421096801758,9.949801816781978,9.790489538125714,9.848421096801758,4115831
1998-07-08,9.920844078063965,9.964293274582733,9.804979882212278,9.833946669621513,2833142
1998-07-09,9.94980525970459,10.123600980465392,9.848424504643674,9.96428864668242,5137437
1998-07-10,10.167049407958984,10.167049407958984,9.906356338316218,9.993253699998956,4776778
1998-07-13,10.361786842346191,10.361786842346191,10.04206914010194,10.201927991224066,5361094
1998-07-14,10.478045463562012,10.478045463562012,10.24552329520152,10.24552329520152,5021376
1998-07-15,10.23099422454834,10.478049557190182,10.23099422454834,10.405386165944208,4271322
1998-07-16,10.361786842346191,10.448983297847175,10.230993147066973,10.260058302909883,4167067
1998-07-17,10.434447288513184,10.478045503990238,10.303653630054006,10.361783925375423,3744034
1998-07-20,10.390852928161621,10.4925814670301,10.187395850424663,10.332721628828024,3157044
1998-07-21,10.08566665649414,10.376320198839332,10.08566665649414,10.376320198839332,5021821
1998-07-22,10.376317024230957,10.419915239838428,10.027533275315161,10.027533275315161,3892396
1998-07-23,10.11473274230957,10.376321152045142,10.11473274230957,10.187397122543361,3665620
1998-07-24,10.143798828125,10.201929146392938,9.969406885348816,10.013004130063585,4718414
1998-07-27,10.129264831542969,10.201928216742628,9.969405976887085,10.071134518572153,2946976
1998-07-28,9.911277770996094,10.042072497982875,9.635157216200536,9.969409090092192,4810639
1998-07-29,9.954873085021973,9.983938242033988,9.853144541493775,9.911274855517803,2432831
1998-07-30,10.012998580932617,10.042064711930717,9.838606734803125,9.838606734803125,3379811
1998-07-31,9.678750991821289,9.998469641396786,9.649685839672996,9.983936571336574,3237909
1998-08-03,9.8531494140625,9.983943179282702,9.620627055007384,9.620627055007384,2658939
1998-08-04,9.446232795715332,10.027540098079303,9.417168616164318,10.013007020331141,4742695
1998-08-05,9.446232795715332,9.54796236400715,9.068383641962344,9.417168616164318,5982835
1998-08-06,9.417166709899902,9.56249251810075,9.359035398647109,9.518895269626723,4947195
1998-08-07,9.402629852294922,9.504358371095053,9.271836183547904,9.359031633388565,4476267
1998-08-10,9.402629852294922,9.635152039842072,9.329966483441677,9.359031633388565,3881703
1998-08-11,9.489824295043945,9.54795557674069,9.213703917893248,9.271835199589994,6139885
1998-08-12,9.620623588562012,9.678753910387424,9.46076372158348,9.591557439676874,4557576
1998-08-13,9.620623588562012,9.824080702923387,9.562492278764168,9.620623588562012,4132315
1998-08-14,9.47529411315918,9.751414545606865,9.417163807792978,9.562489571208483,4045882
1998-08-17,9.824079513549805,9.853144670943674,9.388099188724821,9.489827733589522,5024940
1998-08-18,9.911277770996094,9.983941178886777,9.736885789652975,9.809549197543657,3943187
1998-08-19,9.983940124511719,9.998473199744094,9.795016074325737,9.824081236818005,3148802
1998-08-20,9.998468399047852,10.085663844658358,9.853141668391666,9.882206816928502,4290925
1998-08-21,10.08566665649414,10.08566665649414,9.533425716416103,9.911274728681482,5530174
1998-08-24,10.05660343170166,10.158331993469815,9.882211470388755,10.05660343170166,4505449
1998-08-25,10.05660343170166,10.085668593925066,9.94034278280804,9.94034278280804,6320326
1998-08-26,10.23099422454834,10.332722774698233,9.795014865044854,9.853145182852689,5580296
1998-08-27,9.882209777832031,10.21646056811173,9.853144620586706,10.013003479422148,6196245
1998-08-28,9.635156631469727,9.896745081595625,9.591558391786656,9.853146841912555,6752938
1998-08-31,8.952119827270508,9.649687554695623,8.603335963557951,9.547959010110485,8595216
1998-09-01,9.184647560119629,9.257310990795602,8.516144590684402,9.01025552409187,8699916
1998-09-02,9.053848266601562,9.344500824334887,9.053848266601562,9.14104373752987,5668957
1998-09-03,9.32996654510498,9.359031695243964,8.74866057840913,9.053846136826547,5897961
1998-09-04,9.213705062866211,9.446227254632513,8.966649801876734,9.344498733986502,4849400
1998-09-08,9.664219856262207,9.736883245164146,9.257305668789215,9.47529583549503,4446861
1998-09-09,9.446232795715332,9.751419524645478,9.431700705939825,9.635157866578153,3816655
1998-09-10,9.47529411315918,9.562489571208483,9.097445152334567,9.21370576306697,5478047
1998-09-11,9.547959327697754,9.707818192228157,9.126512062695742,9.475295938009658,3981725
1998-09-14,9.954873085021973,10.027536471538157,9.707817768461407,9.765948082485435,5347728
1998-09-15,10.216459274291992,10.23099234506033,9.838610302009217,9.896741597110385,4676088
1998-09-16,10.027538299560547,10.201930261396623,9.780482937961734,10.114733786492346,4831356
1998-09-17,9.896743774414062,9.983939254290725,9.664220518798167,9.67875359276381,3708391
1998-09-18,9.969405174255371,10.071133707750327,9.824078415556237,10.04206855360494,6522153
1998-09-21,10.23099422454834,10.376321007040291,9.678753241456821,9.882210341756606,4882147
1998-09-22,10.201925277709961,10.347252006242673,10.129261913443607,10.347252006242673,4325231
1998-09-23,10.594311714172363,10.62337687453963,10.129266184378846,10.303658134554864,5649131
1998-09-24,10.318187713623047,10.579775056292831,10.28912256310108,10.303654644376024,4837816
1998-09-25,10.289124488830566,10.44898334060687,10.085666421153094,10.085666421153094,4366443
1998-09-28,10.376317024230957,10.478045535333735,10.260055445268366,10.40538217197861,3452433
1998-09-29,10.376317024230957,10.492578603193552,10.260055445268366,10.434447319726264,2873240
1998-09-30,10.100198745727539,10.303655810377373,9.983937142510982,10.230992431863548,4072614
1998-10-01,9.824079513549805,9.940341131097595,9.504360806272611,9.882209828337544,6028280
1998-10-02,9.780475616455078,9.88220410237611,9.606083785165923,9.649681989981145,5911327
1998-10-05,10.042069435119629,10.08566667617867,9.489827505991476,9.722350735510368,5306294
1998-10-06,9.983940124511719,10.143800000177915,9.795016074325737,9.998473199744094,6265526
1998-10-07,9.722349166870117,10.07113296690208,9.635152722876061,9.925806218893408,5246815
1998-10-08,9.417166709899902,9.475297033180242,9.068381806300506,9.32997023700694,8605240
1998-10-09,9.751419067382812,9.867680719998408,9.47529850689681,9.678755657994643,5155704
1998-10-12,9.983940124511719,10.12926692494554,9.911276724294808,9.954874962019451,3003781
1998-10-13,10.150193214416504,10.339780569738148,10.062692044492998,10.179361262493705,5184886
1998-10-14,10.223108291625977,10.325193445130441,9.902268812853816,10.004353966358279,5353966
1998-10-15,10.339778900146484,10.60228435040161,10.048106397959872,10.048106397959872,6162162
1998-10-16,10.456449508666992,10.61686881163001,10.412698429154895,10.55853469990455,6516806
1998-10-19,10.456449508666992,10.587701755767279,10.427282452804263,10.485616564529723,3043656
1998-10-20,10.485614776611328,10.893955471934753,10.383529602780472,10.791870298103897,4929819
1998-10-21,10.47103214263916,10.529367243581987,10.193943635327631,10.500200188828558,5225430
1998-10-22,10.718952178955078,10.806454323090108,10.266860411419657,10.412696657354148,4195804
1998-10-23,10.923124313354492,10.981459416131504,10.733537955778203,10.733537955778203,4694800
1998-10-26,10.631450653076172,10.893955093395292,10.616866632420308,10.850205014299306,3622849
1998-10-27,10.485614776611328,10.777286276941274,10.441863704559292,10.748120217487699,3513471
1998-10-28,10.733536720275879,10.83562189908996,10.42728118383364,10.500199310334537,3161277
1998-10-29,11.010623931884766,11.025207952073794,10.587699243632176,10.689784410648066,3165287
1998-10-30,10.966874122619629,11.1564614496778,10.864788943876272,11.127294397384823,3524832
1998-11-02,10.98145580291748,11.18562611686913,10.893953673260674,11.025206867745883,3814651
1998-11-03,10.923124313354492,11.010626471802011,10.879374225566734,10.981459416131504,2893289
1998-11-04,10.646036148071289,11.025209831840591,10.616868102720161,10.966874732574277,4948086
1998-11-05,10.864787101745605,10.879371121137307,10.616865712136693,10.616865712136693,4262411
1998-11-06,11.039794921875,11.054378947270315,10.646038133434962,10.806457455602814,4032293
1998-11-09,10.864787101745605,11.054374396659144,10.689783826223767,11.054374396659144,3413226
1998-11-10,11.083545684814453,11.200213918845025,10.835624200345345,10.864791258852987,3863436
1998-11-11,10.718952178955078,11.068958772623523,10.64603504742367,10.966873598756546,3935835
1998-11-12,10.675198554992676,10.821034766065177,10.616864467137916,10.777283704456305,3356643
1998-11-13,10.718952178955078,10.83562137398984,10.64603504742367,10.748120221290646,2286251
1998-11-16,11.287715911865234,11.346050027981617,10.850208058120206,10.879375116178396,4470697
1998-11-17,11.010623931884766,11.273129355236888,10.981456882942478,11.200210245727515,3545326
1998-11-18,11.039794921875,11.083546006624823,10.893958633666337,11.010627862520492,3429488
1998-11-19,11.375216484069824,11.41896656931069,11.025209853527244,11.054376907499801,3136550
1998-11-20,11.477306365966797,11.491889403203452,11.243967855816853,11.316886016309168,3769206
1998-11-23,11.593968391418457,11.60855241224446,11.360630998253097,11.506467240769878,3261967
1998-11-24,11.404380798339844,11.623134146300343,11.31687866600708,11.593967099334657,3889055
1998-11-25,11.38979434967041,11.433545406504592,11.316876252091937,11.37521132501601,2595896
1998-11-27,11.506463050842285,11.506463050842285,11.375210876945266,11.404377916540664,1330138
1998-11-30,11.20020866394043,11.623133292464065,11.200208663940428,11.521048139865494,3668739
1998-12-01,11.171043395996094,11.316878630365228,11.083541263938914,11.20020945143422,3511020
1998-12-02,11.404380798339844,11.44813087307052,11.098124326610876,11.141875392777257,4274440
1998-12-03,11.171043395996094,11.448130837015297,11.127292329967505,11.229377489743747,3964572
1998-12-04,11.608556747436523,11.623139782272718,11.200214917607944,11.287717092369848,3973706
1998-12-07,11.608556747436523,11.652307834817476,11.404386328240326,11.608556747436523,3282239
1998-12-08,11.57938003540039,11.681465159914822,11.506461947685034,11.52104497036689,4349290
1998-12-09,11.521052360534668,11.579387462987164,11.389800115029544,11.564803439515043,2606366
1998-12-10,11.22938060760498,11.506469116994092,11.200212561196883,11.506469116994092,4316543
1998-12-11,11.404380798339844,11.491881939236903,11.243960552875011,11.302294646806384,3200707
1998-12-14,11.141877174377441,11.550218871498513,11.08354307111837,11.375215570285443,4736680
1998-12-15,10.966874122619629,11.054376270934442,10.850205913447727,11.025209218641466,5997538
1998-12-16,10.762700080871582,10.96687036846722,10.762700080871582,10.85020219923288,3749603
1998-12-17,11.127293586730957,11.18562768706711,10.806454052010494,10.806454052010494,3971924
1998-12-18,10.98145580291748,11.127292024721708,10.966871784162787,11.039789895064901,7322775
1998-12-21,10.8064603805542,11.433555796436533,10.8064603805542,10.966879746142268,4507677
1998-12-22,11.039794921875,11.11271306597933,10.733539311498484,10.86479157431183,3580078
1998-12-23,11.287715911865234,11.316882969923425,11.039794431216489,11.20021374625458,3288477
1998-12-24,11.171043395996094,11.302294611210463,11.156459376841331,11.24396051746281,1191132
1998-12-28,10.952284812927246,11.273124187075194,10.937700799424256,11.258540173572202,2791262
1998-12-29,11.418964385986328,11.418964385986328,10.952289628782479,10.966872657262488,3503223
1998-12-30,11.34604549407959,11.433547624724222,11.214793289548327,11.389796559401905,2515255
1998-12-31,11.433547019958496,11.608550280555455,11.331461867229905,11.375212930238053,4716854
1999-01-04,11.375216484069824,11.666888015231347,11.316881384688767,11.506468722664307,4959447
1999-01-05,11.38979434967041,11.521046528737466,11.331460268181829,11.491879487993176,3654259
1999-01-06,11.302297592163086,11.433550824866568,11.141878296329004,11.38979974729874,6460223
1999-01-07,11.156461715698242,11.316881002852671,11.068959565296984,11.22937984388732,4114271
1999-01-08,11.112711906433105,11.200213075366396,10.966875633441603,11.185630042928858,5112933
1999-01-11,10.966874122619629,11.185628501970776,10.821037869718866,11.171045471542229,5266641
1999-01-12,10.864787101745605,10.952289235224383,10.762701940310842,10.762701940310842,4568046
1999-01-13,11.251038551330566,11.265669704563473,10.607285712601248,10.607285712601248,5473814
1999-01-14,11.104732513427734,11.251040087169033,10.97305609491659,11.119363668657886,5602573
1999-01-15,11.148627281188965,11.294934885070855,11.016950835551366,11.236411246733942,4884374
1999-01-19,10.856008529663086,11.10473117614291,10.856008529663086,11.075469863846449,4370007
1999-01-20,10.973054885864258,11.090101130888714,10.768224703051423,10.943793573268131,4520597
1999-01-21,10.534134864807129,11.002317929276705,10.490242391688072,10.97305661207737,5267087
1999-01-22,10.358565330505371,10.592656848356775,10.300041705062487,10.300041705062487,7829568
1999-01-25,10.16836166381836,10.41708424803076,10.065946599100277,10.387822943059833,8357302
1999-01-26,10.66580581665039,10.768220871616563,10.212253146188887,10.241514448373566,8865877
1999-01-27,10.70970344543457,10.826749716275659,10.373196784396669,10.724334602279768,7166170
1999-01-28,10.775542259216309,10.87064179128251,10.695072888815607,10.709703050481107,5634651
1999-01-29,10.870641708374023,10.973056817811937,10.519503906118283,10.75359544274207,4863657
1999-02-01,10.724335670471191,11.07547352332918,10.651181868239087,10.987689557434816,5753386
1999-02-02,10.797481536865234,10.826742837323808,10.548758991008047,10.709696640849975,4695691
1999-02-03,10.914532661437988,10.929162820953279,10.665810003278251,10.7097014764641,6648907
1999-02-04,10.680439949035645,10.94379273691462,10.651177644035874,10.768223880115347,4436391
1999-02-05,10.724335670471191,10.885274433237925,10.651181868239087,10.85601211663287,4718414
1999-02-08,10.563392639160156,10.78285393651041,10.475607722364147,10.76822278549782,3860763
1999-02-09,10.373194694519043,10.607286194398865,10.373194694519043,10.563394721986375,3373350
1999-02-10,10.534134864807129,10.607287660485415,10.300042337932236,10.373196128250628,3368450
1999-02-11,10.738964080810547,10.738964080810545,10.490241415794388,10.490241415794388,3699258
1999-02-12,10.534134864807129,10.753595241122197,10.417088601369683,10.636549972324854,2932719
1999-02-16,10.98768424987793,10.987684249877931,10.592654107570356,10.636546566635595,5389163
1999-02-17,10.534134864807129,11.002317929276705,10.50487255296769,10.797487714241253,5008678
1999-02-18,10.768224716186523,10.856008654081984,10.47560960058843,10.548763379487953,5769202
1999-02-19,10.768224716186523,10.914532273985571,10.578025686759721,10.636548312023361,5433271
1999-02-22,11.060843467712402,11.104734953768197,10.76822825592564,10.826750900426884,4758066
1999-02-23,11.046209335327148,11.119363118578853,10.899901768823742,11.090101804206173,3352856
1999-02-24,10.70970344543457,11.207149847849157,10.680443121024506,11.04621110111264,4159716
1999-02-25,10.826750755310059,10.885274393667151,10.5195053838363,10.768228111593228,5791033
1999-02-26,10.841379165649414,11.002316892398754,10.49024140306903,10.987686732497911,5203599
1999-03-01,10.753593444824219,10.812116069447173,10.57802557095535,10.665809507889785,4278896
1999-03-02,10.738964080810547,10.826748024242125,10.665810297297558,10.812116869683523,5377134
1999-03-03,11.002317428588867,11.002317428588867,10.578026856546744,10.59265701716058,5815760
1999-03-04,11.338822364807129,11.35345351788261,10.958423325883622,11.002315790470156,8961667
1999-03-05,11.572912216186523,11.646065975659637,11.411974542129483,11.4704971518521,6750711
1999-03-08,11.689956665039062,11.689956665039062,11.499756720202019,11.616802916612471,5175307
1999-03-09,11.631436347961426,11.68995995998194,11.485128809869867,11.58754488224581,5206049
1999-03-10,11.631436347961426,11.719221268672289,11.558282578915646,11.646067499626508,4903755
1999-03-11,11.850898742675781,11.865528901043684,11.646068568405912,11.675329879781621,6536410
1999-03-12,11.660698890686035,11.924052686049142,11.660698890686035,11.909421532835669,3614384
1999-03-15,11.86552906036377,12.041098920255235,11.587546101242063,11.631437571575011,4804847
1999-03-16,11.894787788391113,11.967940548485679,11.807002884854246,11.924049091356864,3973483
1999-03-17,11.54365062713623,11.821634508434602,11.455865720073765,11.807003359044305,4134766
1999-03-18,11.587540626525879,11.763108414187741,11.426601995876666,11.470494440111857,4684330
1999-03-19,11.236407279968262,11.602176160546357,11.192515810010818,11.58754600210718,5934718
1999-03-22,11.368082046508789,11.455865960776046,11.148620768881129,11.236404683148384,3355752
1999-03-23,10.826750755310059,11.441242492897837,10.753596953343889,11.368088690931666,5679650
1999-03-24,11.046209335327148,11.07547064969983,10.841379140078383,10.914532923330086,4093331
1999-03-25,11.060843467712402,11.163258592909713,10.973058506320264,11.046212309266954,4081302
1999-03-26,10.958423614501953,11.060839699447893,10.914532143399333,11.060839699447893,3278898
1999-03-29,11.221778869628906,11.236409030347133,11.016948662453213,11.016948662453213,4155929
1999-03-30,11.207143783569336,11.294927693219417,10.885267458906455,10.885267458906455,3394736
1999-03-31,10.958423614501953,11.280300038880798,10.958423614501953,11.265669880059903,4205828
1999-04-01,11.133991241455078,11.133991241455078,10.768223386754663,10.89989977466122,3298501
1999-04-05,11.294934272766113,11.338825755839089,11.046211558578348,11.119365356553585,3884376
1999-04-06,11.294934272766113,11.309565430217242,11.16325783426677,11.16325783426677,3415008
1999-04-07,11.353456497192383,11.353456497192383,11.133995111309808,11.251041382708548,3663838
1999-04-08,12.041099548339844,12.041099548339844,11.397346677291598,11.411977831259046,8270645
1999-04-09,11.924051284790039,12.041097512823349,11.880158824947571,12.041097512823349,6415225
1999-04-12,12.28981876373291,12.480018754271539,11.821635854874362,11.821635854874362,7774322
1999-04-13,12.417816162109375,12.52056396269129,12.241676932844499,12.344424733426413,5380698
1999-04-14,12.094895362854004,12.34442604736178,11.86004336479368,12.329747360914329,8588533
1999-04-15,11.727938652038574,12.065538446469702,11.62519084513035,11.977469325350324,5990187
1999-04-16,11.52243709564209,11.77196865974174,11.463724373424997,11.727933619143519,4807075
1999-04-19,11.170158386230469,11.727933219782653,11.038054266805032,11.654541820575018,6183770
1999-04-20,11.948111534118652,11.977468904665221,11.08209404977473,11.170163167800853,6799274
1999-04-21,12.315068244934082,12.315068244934082,11.874720674876484,11.93343341811852,5792147
1999-04-22,12.2857084274292,12.2857084274292,11.977465115057557,12.036177841831904,5186223
1999-04-23,12.432497024536133,12.476531091161506,12.22700038950857,12.271035454005286,3679209
1999-04-26,12.25635814666748,12.41781872436256,12.09489657110103,12.41781872436256,4180656
1999-04-27,12.153607368469238,12.212320110099624,11.948110777020622,12.168285054941268,5190010
1999-04-28,11.992147445678711,12.241678127987994,11.962791070913724,12.212321753223007,3617057
1999-04-29,11.889400482177734,12.03618336433212,11.771974974751297,11.962791923254926,5914446
1999-04-30,11.360977172851562,11.463724940751748,11.170159319396447,11.184837999612553,10537516
1999-05-03,11.346304893493652,11.71326109705749,11.214199702254197,11.566478216483425,11913098
1999-05-04,11.082096099853516,11.405018254762446,11.008704655652785,11.272913056478307,9026046
1999-05-05,11.272912979125977,11.346305420694481,11.023383268001373,11.272912979125977,4396516
1999-05-06,11.096773147583008,11.243556014287892,10.979346654644853,11.126129521349737,6433492
1999-05-07,11.008700370788574,11.214195935418,10.979344004108798,11.096770468698894,5292705
1999-05-10,10.935310363769531,11.096771898113218,10.905953993308257,10.99402310469208,4871231
1999-05-11,11.170158386230469,11.28758482453684,10.964662867597397,11.023376585685966,4727547
1999-05-12,11.683903694152832,11.68390369415283,11.111450909349207,11.170163657272724,7666949
1999-05-13,11.727938652038574,11.830686458946797,11.581155785635046,11.727938652038572,4932492
1999-05-14,11.463726997375488,11.713257620719792,11.37565689602054,11.698578937870293,4052119
1999-05-17,11.566474914550781,11.610509965726385,11.287587920223686,11.375657024703854,3367336
1999-05-18,11.21419906616211,11.46372974940987,11.023382130536406,11.419694688161142,4329909
1999-05-19,11.405010223388672,11.405010223388672,11.199514723484493,11.214192403265834,3183331
1999-05-20,11.184839248657227,11.390334807405905,11.184839248657227,11.228874296352219,4056575
1999-05-21,11.067418098449707,11.34630620243657,10.994026649696021,11.184844616029888,4582526
1999-05-24,10.583029747009277,11.052734571448937,10.568352063731393,11.008699525873457,6046324
1999-05-25,10.465603828430176,10.876595945104807,10.465603828430176,10.641743021899028,5093775
1999-05-26,10.450931549072266,10.612393142009568,10.392218786843145,10.524323000794405,6696356
1999-05-27,10.333499908447266,10.627065569929552,10.318821226224756,10.333499908447264,4962343
1999-05-28,10.612386703491211,10.788524883315814,10.348177438012554,10.348177438012554,4501439
1999-06-01,10.539003372192383,10.671108617605826,10.421577817876079,10.627073535801346,3611933
1999-06-02,10.656424522399902,10.671103208184354,10.362858789680725,10.568355401306887,3986626
1999-06-03,10.333499908447266,10.773848400670696,10.333499908447264,10.61238788557803,6629526
1999-06-04,10.568359375,10.671107220510558,10.450932838185816,10.568359374999998,8158371
1999-06-07,10.55367660522461,10.671103096659285,10.465606487180795,10.627068037637379,3508347
1999-06-08,10.539003372192383,10.59771714722227,10.421577817876079,10.465611901808824,5466240
1999-06-09,10.49496078491211,10.568352195831636,10.421569373992583,10.465603422247558,4347953
1999-06-10,10.24543285369873,10.436249773452209,10.24543285369873,10.377537028585166,3921578
1999-06-11,10.142682075500488,10.436246711578422,9.995899258526077,10.2454298478084,4559136
1999-06-14,10.142682075500488,10.260107530783305,9.995899258526077,10.172038439321193,3247042
1999-06-15,10.157364845275879,10.450930626242222,10.113329778556649,10.201399911995109,3738910
1999-06-16,10.333499908447266,10.392213639466314,10.157360711132089,10.157360711132089,4109593
1999-06-17,10.480283737182617,10.553675159541951,10.274788153724913,10.289466837345213,2968139
1999-06-18,10.49496078491211,10.538994833167084,10.377534327866682,10.377534327866682,6106025
1999-06-21,10.37753963470459,10.450931083154835,10.260113117609908,10.377539634704588,4380254
1999-06-22,10.216073989868164,10.274787724022813,9.849117891289053,9.98122204686269,25554862
1999-06-23,10.289466857910156,10.377535966194728,10.201396751754503,10.216074437533056,10643552
1999-06-24,10.216073989868164,10.333500460306421,10.172039936590979,10.333500460306421,11472689
1999-06-25,10.27479076385498,10.333503517508959,10.230755699678829,10.318824830159796,7376461
1999-06-28,10.34817886352539,10.362856548263926,10.27478744621967,10.28946612882922,4794822
1999-06-29,10.450931549072266,10.480287930186826,10.230757193905843,10.333505026742543,8524376
1999-06-30,10.656424522399902,10.685780896097574,10.27478966858771,10.494963968127093,12170838
1999-07-01,10.671102523803711,10.671102523803711,10.43624955354194,10.538997353829778,7581852
1999-07-02,10.656424522399902,10.729815955579697,10.583033089220109,10.685780896097574,5359981
1999-07-06,10.450931549072266,10.656427214745667,10.406896478464684,10.465609240693805,6672520
1999-07-07,10.23075008392334,10.436245606785162,10.201393723210334,10.436245606785162,7534625
1999-07-08,10.069292068481445,10.201396222996632,9.951865598984039,10.186717540107818,8466011
1999-07-09,9.90782642364502,10.039931521037015,9.81975735658764,10.039931521037015,11169281
1999-07-12,9.83443832397461,10.025256196544644,9.805081958472515,10.010577514858122,8115377
1999-07-13,9.78609561920166,9.874523687069045,9.59449996924822,9.830309152166206,12844038
1999-07-14,9.845052719116211,9.933481834323368,9.75662460584786,9.815576681360094,14648891
1999-07-15,9.874524116516113,9.962953190167608,9.682929460168436,9.9040001404205,14589189
1999-07-16,9.889264106750488,9.904001619935084,9.668192391535172,9.904001619935084,14697008
1999-07-19,9.845052719116211,9.918743314475906,9.786100643603977,9.889267276719789,11911538
1999-07-20,9.962958335876465,9.992434375004756,9.859791697958027,9.874529216552745,12109355
1999-07-21,10.19876766204834,10.19876766204834,10.021910425145414,10.19876766204834,15747574
1999-07-22,10.15455150604248,10.198766058802399,10.095599436988389,10.15455150604248,16894153
1999-07-23,10.110332489013672,10.154546015930602,10.051379449894172,10.154546015930602,10657364
1999-07-26,10.169285774230957,10.257713840855399,9.992428639043794,10.05138068346009,7370892
1999-07-27,10.213505744934082,10.22824326291347,10.08086307342554,10.198767225015883,8874342
1999-07-28,10.257718086242676,10.287195122588836,10.184028501193355,10.198766017427742,7918897
1999-07-29,10.228246688842773,10.272461261468136,10.139818545531199,10.272461261468136,8133644
1999-07-30,10.125082015991211,10.242987232247632,10.110344490171249,10.242987232247632,6771205
1999-08-02,10.213505744934082,10.22824326291347,9.962957919896382,10.051386033589141,7957881
1999-08-03,10.125082015991211,10.184035125089094,10.021915327494098,10.169296597329788,6246145
1999-08-04,9.977691650390625,10.154548812580801,9.962954138005529,10.154548812580801,6206938
1999-08-05,9.845052719116211,9.962957872079485,9.668195490640702,9.918743314475906,7858528
1999-08-06,9.78609561920166,9.903999709691508,9.71240506167636,9.845047664446584,6405423
1999-08-09,9.859789848327637,9.962956466892711,9.81557529696013,9.830312812790188,4723760
1999-08-10,9.830309867858887,9.889262919334161,9.727143280200112,9.859786894565707,4978159
1999-08-11,9.845052719116211,9.918743314475906,9.815576681360094,9.904004794628444,4567601
1999-08-12,9.727144241333008,9.904001409357246,9.727144241333008,9.845049353995321,7560912
1999-08-13,9.63871955871582,9.815576789133186,9.623981038706532,9.786100751053429,9367992
1999-08-16,9.830309867858887,9.845048381212296,9.668191230663203,9.668191230663203,8714619
1999-08-17,9.948212623596191,9.948212623596191,9.845046060258767,9.90399809589783,6882811
1999-08-18,9.874524116516113,9.948214677246247,9.874524116516113,9.889262629437475,5138328
1999-08-19,9.962958335876465,9.977695854471184,9.741886539506014,9.874529216552745,6124292
1999-08-20,10.139811515808105,10.139811515808105,9.91873980788492,9.962954349857249,7142334
1999-08-23,10.287192344665527,10.287192344665527,10.110335184040023,10.125072696294735,7559575
1999-08-24,10.419839859008789,10.449315899301986,10.213506575017528,10.287197176719962,5997538
1999-08-25,10.729339599609375,10.773554160254657,10.493530279399335,10.508267798321846,7296934
1999-08-26,10.419839859008789,10.729339784995684,10.346149257306354,10.729339784995684,4951650
1999-08-27,10.228246688842773,10.46405707488527,10.18403311815656,10.419842502259907,4135211
1999-08-30,10.346150398254395,10.41984100808325,10.154554612311571,10.169293135052943,4531067
1999-08-31,10.228246688842773,10.405103977405071,10.154556068446887,10.28719978632297,6786799
1999-09-01,10.37562084197998,10.39035935676684,10.169287646594714,10.184026161381574,5353966
1999-09-02,10.346150398254395,10.346150398254395,10.169293135052943,10.316674354710653,5351961
1999-09-03,10.55247974395752,10.596694293645994,10.493527678998637,10.55247974395752,5827567
1999-09-07,10.596695899963379,10.670386493301804,10.53774382606815,10.596695899963379,4681880
1999-09-08,10.61143684387207,10.640912887554272,10.508269188075852,10.626174364743667,4865439
1999-09-09,10.640909194946289,10.670385228399716,10.478789508044436,10.611433161492858,5244142
1999-09-10,10.758816719055176,10.817768799048844,10.611435517132122,10.640911557128955,5845834
1999-09-13,10.655643463134766,10.773547549927924,10.626166439498215,10.773547549927924,2843389
1999-09-14,10.346150398254395,10.611436794026073,10.346150398254395,10.581959748543328,5281790
1999-09-15,10.287192344665527,10.493525531738879,10.169287236935716,10.478787017545743,5232335
1999-09-16,10.139811515808105,10.287192654423562,10.12507300117118,10.184026057780432,4280009
1999-09-17,10.213505744934082,10.257719300811056,10.06612455350734,10.257719300811056,6562919
1999-09-20,10.316672325134277,10.360885880782352,10.125076576883666,10.139815096725561,3935835
1999-09-21,10.139811515808105,10.287192654423562,10.080859461137305,10.272454139786635,5601014
1999-09-22,9.962958335876465,10.139815572585055,9.845053177424454,10.139815572585055,8908648
1999-09-23,9.550294876098633,10.08086675799638,9.550294876098633,10.08086675799638,6930706
1999-09-24,9.402909278869629,9.609242526009766,9.358694725357111,9.550290455952217,9223863
1999-09-27,9.594500541687012,9.697667127990025,9.44712041978153,9.476595442224275,6640887
1999-09-28,9.432384490966797,9.623979202907442,9.255527294285402,9.609241687648192,7540863
1999-09-29,8.842863082885742,8.916554694010369,8.607053734655121,8.607053734655121,31430769
1999-09-30,8.651269912719727,8.946031402452101,8.562840764442587,8.842864730754894,19823975
1999-10-01,8.724959373474121,8.783911463180349,8.666006281828844,8.71022085007804,13425458
1999-10-04,8.87234115600586,8.887078678386988,8.739697442941045,8.769173489642412,8495639
1999-10-05,8.548095703125,8.990238048802375,8.503881167975774,8.857595445292992,8951642
1999-10-06,8.5775785446167,8.754435823867155,8.533363974319311,8.548102498398139,11703474
1999-10-07,8.931290626525879,9.00498122260788,8.724957358271803,8.76917091436995,10676744
1999-10-08,9.623976707458496,9.727143295277179,9.01971569392266,9.06392923017469,16823090
1999-10-11,9.771361351013184,10.110338263248416,9.609242655205884,9.668194726056042,13150119
1999-10-12,9.53554916381836,9.6829302980315,9.373429515408533,9.668191783834818,21947161
1999-10-13,9.161402702331543,9.516609519620173,9.131801211902623,9.442608812054713,9299380
1999-10-14,9.087398529052734,9.294603898071456,8.806192464303711,8.9985970904751,20877437
1999-10-15,8.89499282836914,8.939394040356198,8.64338730200055,8.76179019857652,8262626
1999-10-18,8.820992469787598,8.939395384162372,8.658188336751193,8.939395384162372,7603683
1999-10-19,9.176200866699219,9.29460378958958,8.968996506267668,8.998596985448065,5880585
1999-10-20,9.220602989196777,9.279803953340155,9.102200054741152,9.235402727148186,9617713
1999-10-21,9.190999984741211,9.294603164154287,8.998596379931113,9.116999294854125,15494289
1999-10-22,9.250200271606445,9.472205319605445,9.190998321772263,9.235399532605769,10828448
1999-10-25,9.235397338867188,9.324199739440438,9.028193079087318,9.146595944462224,8600117
1999-10-26,8.909791946411133,9.294600032547592,8.865390742503903,9.264999565332229,9183542
1999-10-27,8.939399719238281,9.04300194224385,8.880197730257107,8.998600702050267,12320537
1999-10-28,9.427803039550781,9.516604444978167,9.14659707977811,9.235398485205495,20187530
1999-10-29,9.561010360717773,9.768214748289708,9.36860671775908,9.472208911545048,14212046
1999-11-01,9.546208381652832,9.738611979451871,9.47220668829361,9.590609598902098,8656699
1999-11-02,8.998594284057617,9.383402410220391,8.894992134943351,9.250199790811829,22183516
1999-11-03,8.717390060424805,9.057798052700031,8.717390060424805,8.93939514153882,19538834
1999-11-04,8.96899700164795,9.057799450262698,8.76179262977198,8.865394815709966,15124720
1999-11-05,9.102195739746094,9.205797880967715,8.968993130485206,8.968993130485206,13604785
1999-11-08,9.20580005645752,9.20580005645752,9.102197890752914,9.131798365787283,9546428
1999-11-09,8.761789321899414,9.235398848478308,8.702587376450714,9.235398848478308,11980819
1999-11-10,8.761789321899414,8.806189523275375,8.658186168906301,8.687787644714877,7764298
1999-11-11,8.643389701843262,9.057799451836013,8.643389701843262,9.028197964846736,29938458
1999-11-12,8.628588676452637,8.732190846943016,8.554585976195304,8.643388411569159,13167495
1999-11-15,8.672990798950195,8.806193475191755,8.613789833102592,8.628590577648943,13534836
1999-11-16,8.983797073364258,9.028198299324325,8.820993919735836,8.880194883570013,16435477
1999-11-17,8.835790634155273,9.013394450829223,8.732188491609504,8.954193513994042,11573156
1999-11-18,8.998594284057617,9.131796903466178,8.835791194354762,9.116997171403268,14108237
1999-11-19,8.880194664001465,8.998597594911098,8.880194664001465,8.983796851234077,9158815
1999-11-22,9.20580005645752,9.22060079705902,8.96899525001394,8.998595725048308,13446621
1999-11-23,8.983797073364258,9.13180048911857,8.850594401652925,9.102200007201482,9020254
1999-11-24,9.116997718811035,9.235399607097364,8.983794085236116,9.042996035547812,6721751
1999-11-26,8.998594284057617,9.072595962877589,8.954194081700411,8.998594284057617,3066824
1999-11-29,9.20580005645752,9.20580005645752,8.894993559343702,8.92459403437807,8969686
1999-11-30,8.998594284057617,9.205798582286151,8.909792873174734,8.998594284057617,9266856
1999-12-01,8.865397453308105,9.043001397208794,8.761795236546796,8.99860015969134,8490739
1999-12-02,8.898695945739746,8.968997975708842,8.820994549389853,8.924596746579358,5763188
1999-12-03,8.865397453308105,9.08740162855712,8.82099621579065,8.983799411795811,6611927
1999-12-06,8.613787651062012,8.83579272600566,8.52498622478574,8.791391509783201,8812636
1999-12-07,8.480586051940918,8.672989668962165,8.450984566704937,8.658188926344176,11989284
1999-12-08,8.417680740356445,8.56938427053689,8.302978549739125,8.52498407169689,8539747
1999-12-09,8.33258056640625,8.406581745566124,8.080975048009908,8.317779827490018,14603892
1999-12-10,8.258580207824707,8.46578454885101,8.258580207824707,8.376983119626315,7879468
1999-12-13,8.036575317382812,8.302980600909198,7.918172410166283,8.199378434407977,10005995
1999-12-14,7.888572692871094,8.110577284835646,7.814570994521454,7.814570994521454,12155022
1999-12-15,8.33258056640625,8.33258056640625,7.903371211857695,7.903371211857695,13586518
1999-12-16,9.353799819946289,9.709007395309207,8.22897616668646,8.376979490782382,20262157
1999-12-17,8.820992469787598,9.487007731205921,8.76179151568456,9.442606512544293,51506025
1999-12-20,8.869091033935547,8.939393028807318,8.732188737872262,8.761789207124636,14984154
1999-12-21,8.924592971801758,8.998594653661238,8.85059128994228,8.86539202878158,12308062
1999-12-22,8.880194664001465,8.939396632540703,8.776592476768851,8.865394926493286,10555114
1999-12-23,8.776593208312988,8.880195404181022,8.71739224100809,8.791393953223675,11832679
1999-12-27,8.806191444396973,8.806191444396973,8.687789540006413,8.761791233334849,9950749
1999-12-28,8.776593208312988,8.86539566543926,8.732192985918777,8.835795181786812,6123624
1999-12-29,8.613787651062012,8.820991985208625,8.584187175636588,8.820991985208625,6532400
1999-12-30,8.687785148620605,8.717385609756198,8.613783492697541,8.643383953833133,5524159
1999-12-31,8.598984718322754,8.643385923227031,8.554583513418477,8.628586192371198,3136550
2000-01-03,8.288182258605957,8.524988127191385,8.228981294544035,8.347383725752314,10635087
2000-01-04,8.051377296447754,8.228981192602205,7.9921758300347925,8.154979485357112,10734887
2000-01-05,8.036575317382812,8.125376743168728,7.947772885428256,7.947772885428256,11722632
2000-01-06,8.31778335571289,8.347384343017193,8.006976762151249,8.051377991565468,17479583
2000-01-07,8.406582832336426,8.584187194532898,8.169777519158789,8.169777519158789,15756040
2000-01-10,8.347382545471191,8.539786657636261,8.258580608850055,8.52498692179783,10442172
2000-01-11,8.228976249694824,8.332578376373391,8.14017435495832,8.14017435495832,9533285
2000-01-12,8.105828285217285,8.3289247270132,8.090955795766513,8.284305741988495,8330124
2000-01-13,8.031469345092773,8.180200418047887,8.016595833350989,8.105834376012487,10615929
2000-01-14,8.209942817687988,8.239689324355727,8.09095881324764,8.209942817687988,11217621
2000-01-18,8.031469345092773,8.209945924857928,7.882738272137661,8.046342351276717,11348831
2000-01-19,7.867859840393066,7.957098321517019,7.823240347052342,7.823240347052342,16849822
2000-01-20,7.6298909187316895,7.823240890334455,7.540652936968132,7.778621899452677,15429241
2000-01-21,7.421666622161865,7.525778087814212,7.317555156509519,7.496032099215667,18903505
2000-01-24,7.139079570770264,7.34730306195611,7.139079570770263,7.287810563680501,20606554
2000-01-25,7.049841403961182,7.272937382144543,6.9903489071854255,7.13907939078848,22725507
2000-01-26,7.064716339111328,7.13908134852707,7.0052243315787335,7.094462342877625,14037397
2000-01-27,7.332427978515625,7.421666959482115,7.049840062870739,7.079586052821261,16105783
2000-01-28,7.5852742195129395,7.659639226783059,7.391924189495262,7.42167019240331,13831338
2000-01-31,7.748876571655273,7.823241562850943,7.362176089649922,7.585272579909652,11452194
2000-02-01,7.823243141174316,7.823243141174316,7.585274110223258,7.704258625698787,8050775
2000-02-02,7.867859840393066,7.912478828176295,7.793494355196856,7.793494355196856,10301829
2000-02-03,7.912478446960449,7.957097938151448,7.83811347090457,7.852986466115746,8176192
2000-02-04,8.195072174072266,8.343802718780669,8.046341123806098,8.046341123806098,13315412
2000-02-07,8.046337127685547,8.224814097143314,7.942225646428104,8.209940595057237,5931822
2000-02-08,8.120702743530273,8.20994072410432,7.971971764791817,8.135575740292614,10834240
2000-02-09,8.581767082214355,8.685878551900041,8.224813182973463,8.254559172724385,14133855
2000-02-10,8.358675003051758,8.566899062166565,8.254563479052075,8.566899062166565,14272416
2000-02-11,8.090956687927246,8.373545140916116,8.090956687927246,8.373545140916116,6961002
2000-02-14,8.343794822692871,8.3735413079304,8.180191428894254,8.269429873492266,6156593
2000-02-15,8.358675003051758,8.418168024705464,8.224817473782945,8.373548511244046,8322550
2000-02-16,8.254560470581055,8.358671956636087,8.224814476153197,8.26943397335252,5104022
2000-02-17,8.150447845458984,8.388417284296992,8.120701855188283,8.314051297505305,9944512
2000-02-18,7.763749599456787,8.195069077821895,7.704257100716145,8.090957584193953,9892830
2000-02-22,7.942226886749268,7.971972884451761,7.8083688859728575,7.957099885600513,8656254
2000-02-23,7.644766807556152,7.852989841116123,7.570400788424849,7.7042588139688934,8071492
2000-02-24,7.5555219650268555,7.74887235355807,7.377045072195964,7.674506391728351,7740684
2000-02-25,7.6298909187316895,7.79349489641327,7.555525428371195,7.58527192784991,9544869
2000-02-28,7.882730484008789,8.016587912971126,7.7637460465358945,7.971968938502795,9246362
2000-02-29,7.852987766265869,7.986845250885529,7.763749274666911,7.882733761613004,8257948
2000-03-01,8.046337127685547,8.090956622828747,7.79349467002746,7.882733154756343,8537297
2000-03-02,7.971974849700928,8.076086878440513,7.838117321483589,8.046340367847323,7037857
2000-03-03,7.719128131866455,7.882732082542147,7.585270675759263,7.793493609951537,11829560
2000-03-06,7.4365434646606445,7.659638984986081,7.37705044960724,7.659638984986081,9772982
2000-03-07,7.049841403961182,7.436541874667264,7.020094902794525,7.421668371305156,15393821
2000-03-08,7.377049446105957,7.481160944392944,7.153953450570639,7.168826449531981,16825986
2000-03-09,7.4365434646606445,7.481161962056532,7.153954423724137,7.198573932235357,11917776
2000-03-10,7.362174034118652,7.600143456176057,7.258062569955235,7.481158492368638,8180425
2000-03-13,7.272936820983887,7.302683319855383,7.109333352199497,7.139078839955953,7070603
2000-03-14,7.406795501708984,7.481160492018958,7.31755700777945,7.3473030039034395,8679199
2000-03-15,7.734001636505127,7.8232396035910865,7.28780876773065,7.3621742458597295,9057011
2000-03-16,8.209942817687988,8.299181832133552,7.9124812899141626,7.971973797691988,12571372
2000-03-17,7.971974849700928,8.299182927321985,7.942228844665456,8.209943901100134,8273541
2000-03-20,8.061209678649902,8.195067651123303,7.971971198853463,8.15044815844634,5535075
2000-03-21,8.016593933105469,8.195071481680168,7.838117395646217,8.180198479021708,8819319
2000-03-22,8.165322303771973,8.19506880493054,7.957099323449802,7.971972321250306,5635765
2000-03-23,8.046337127685547,8.165321605471553,7.971971639485226,8.150448608942991,6320549
2000-03-24,8.00171947479248,8.120704485530133,7.971973474886884,8.061211980161307,6335474
2000-03-27,7.912478446960449,8.06120941018715,7.882732456538098,7.971970933362623,7046990
2000-03-28,8.061209678649902,8.090956175620372,7.7488752521411115,7.867859723350533,10095324
2000-03-29,8.299177169799805,8.447907597353717,8.076081275690251,8.120700252289215,11370216
2000-03-30,8.447909355163574,8.566894834190974,8.269432906073629,8.418163870132302,10572713
2000-03-31,8.373547554016113,8.55202457634362,8.195070531688607,8.447912558687854,7390273
2000-04-03,8.804863929748535,8.894101903133674,8.418164022849673,8.462783009542242,9708157
2000-04-04,9.384916305541992,9.459281812858665,8.789993258123902,8.849485259531123,15373327
2000-04-05,8.834609985351562,9.206437404957297,8.804863994006098,9.19156390372708,8360866
2000-04-06,8.99821662902832,9.161820126524015,8.834612120417411,8.834612120417411,7079514
2000-04-07,8.715621948242188,9.042829760368642,8.671003482449876,8.998211294576329,6845164
2000-04-10,8.819735527038574,9.042831954592476,8.462782152955707,8.626386098717083,11166162
2000-04-11,9.057708740234375,9.1618202419736,8.789992727822634,8.789992727822634,8703926
2000-04-12,9.476842880249023,9.581477721811734,9.147994295464347,9.267575229499517,15842250
2000-04-13,9.372206687927246,9.536631954982006,9.222729541945718,9.38715480900048,8913995
2000-04-14,8.804195404052734,9.32736446166396,8.72945682208144,9.28252110924362,11353509
2000-04-17,9.01346206665039,9.058305414292361,8.74440299698628,8.849037813546783,7666949
2000-04-18,9.13304328918457,9.237677081547863,8.878932360248678,9.013461376688962,6324559
2000-04-19,9.177884101867676,9.282517876955135,9.013459888498087,9.192832219531942,6057016
2000-04-20,9.387154579162598,9.4170498043894,9.147991761160506,9.222729316133673,6094887
2000-04-24,9.581474304199219,9.626316630373637,9.23767670100725,9.267571923852726,9178864
2000-04-25,9.506732940673828,9.596419608585208,9.327360621038473,9.566524391343883,5514803
2000-04-26,9.327363014221191,9.327363014221191,9.192833994024532,9.222729218936271,4376244
2000-04-27,9.327363014221191,9.342311134770892,9.162938769112793,9.207782114574234,8515688
2000-04-28,9.19283390045166,9.267572470064085,9.013461536619372,9.267572470064085,6870336
2000-05-01,9.1031494140625,9.133044642569532,8.923777026832516,9.118096520222123,8625289
2000-05-02,9.13304328918457,9.177885617206242,8.789245671830063,8.998514272744284,8389825
2000-05-03,8.998515129089355,9.147992279886973,8.878933205213716,9.073252688300432,7554897
2000-05-04,8.908828735351562,9.013462541233604,8.80419492946952,8.938723963291036,5276666
2000-05-05,9.07325267791748,9.073252677917479,8.804194619739853,8.849037968165367,6311861
2000-05-08,9.282519340515137,9.282519340515137,8.983566085781542,9.088199877366444,4218749
2000-05-09,9.327363014221191,9.327363014221191,9.133043544201053,9.133043544201053,4383596
2000-05-10,9.222728729248047,9.297467295652924,9.088199716194316,9.147991179030782,6806848
2000-05-11,9.04335880279541,9.297468748864715,9.01346255861053,9.297468748864715,6419234
2000-05-12,8.849037170410156,8.968618067180808,8.78924570583719,8.953670963178297,6130975
2000-05-15,9.312419891357422,9.372210366744147,8.938726879720152,8.953675006660882,10544644
2000-05-16,9.237675666809082,9.32736132530481,9.147990008313354,9.312414223649263,5329016
2000-05-17,9.222728729248047,9.372205862057799,9.147991179030782,9.177885386167599,5120952
2000-05-18,9.701054573059082,9.730949793986165,9.297466550074626,9.327361771001708,14291128
2000-05-19,9.940216064453125,10.014954615148723,9.596419544203293,9.641262877858132,12146334
2000-05-22,10.224231719970703,10.239178832901509,9.940224380026407,9.955172509145461,12208486
2000-05-23,10.224231719970703,10.26907407495137,10.104649735583012,10.224231719970703,7282454
2000-05-24,10.396124839782715,10.523179807962508,10.194330280184348,10.26906885541519,11233438
2000-05-25,10.224231719970703,10.343812688170145,10.164440219682733,10.239178832901509,6554454
2000-05-26,9.970109939575195,10.284012216722248,9.89537241512623,10.224221790688171,4614604
2000-05-30,9.835583686828613,9.985060809346152,9.716001785577074,9.970112690619382,4097118
2000-05-31,9.730953216552734,9.925273745206404,9.67116275366909,9.91032562139155,4422580
2000-06-01,9.77579402923584,9.970113491161326,9.656212118382571,9.745898805569428,4444411
2000-06-02,9.357259750366211,9.850533527975706,9.312416402532333,9.835585406635174,8030281
2000-06-05,9.506732940673828,9.611366709112168,9.297465403797148,9.297465403797148,5275107
2000-06-06,9.611366271972656,9.686105835957807,9.28251686489984,9.372203528732134,3894624
2000-06-07,9.611366271972656,9.730948151686595,9.581472072278368,9.581472072278368,3213850
2000-06-08,9.7160005569458,9.805687225590065,9.566524469517717,9.790740124940962,3801730
2000-06-09,9.760844230651855,9.985059893871068,9.686106692432901,9.745897129483044,3290259
2000-06-12,9.641267776489258,9.925274006958277,9.641267776489258,9.775796829619233,2758515
2000-06-13,9.820633888244629,9.925267642044442,9.611365364457743,9.611365364457743,3572504
2000-06-14,10.044855117797852,10.07475136675743,9.880430829459822,9.895378953939613,4600125
2000-06-15,10.254122734069824,10.298965070561227,10.014958863905811,10.059802216585041,5519259
2000-06-16,10.149484634399414,10.2690655027779,10.134536517758404,10.254118402324288,6136990
2000-06-19,10.1793794631958,10.28401322712936,10.059797583191434,10.1793794631958,4127192
2000-06-20,10.000009536743164,10.089695206000057,9.895375747849652,10.089695206000057,4432159
2000-06-21,9.940216064453125,10.059797948803562,9.925268964026444,10.000007514722041,4258624
2000-06-22,9.760844230651855,9.895374238295851,9.701053793601712,9.820635683889448,5972142
2000-06-23,9.671158790588379,9.83558300423402,9.581473133014612,9.805687785042764,5284686
2000-06-26,9.820633888244629,10.164430362702976,9.596418266021919,9.656208692139737,5800167
2000-06-27,9.940216064453125,10.164431716539918,9.76084374602117,9.790739979249327,6441066
2000-06-28,10.171908378601074,10.298963337594044,9.98506195403407,10.01495717872726,7026941
2000-06-29,10.014958381652832,10.448441732240159,10.014958381652832,10.328860819104193,9090425
2000-06-30,10.657708168029785,10.687604409196032,9.716002992172362,9.805689683295768,14398056
2000-07-03,10.597916603088379,10.717498506609408,10.433492374911081,10.55307326224455,5158154
2000-07-05,10.657708168029785,10.807186325298018,10.523179147532344,10.627812943051206,10513234
2000-07-06,10.478338241577148,10.702552967468543,10.373703415656612,10.642762509389211,5738683
2000-07-07,10.358757972717285,10.538130391948043,10.284019380022139,10.478339924267113,6199587
2000-07-10,10.284018516540527,10.433495689380203,10.134541343700851,10.388652334290724,6666505
2000-07-11,10.284018516540527,10.313913747870886,10.179384698790331,10.269070392781407,4906206
2000-07-12,10.644951820373535,10.750049986042598,10.22455915769728,10.329657323366344,11584963
2000-07-13,10.479799270629883,10.810108273469757,10.224560542103513,10.810108273469757,9299380
2000-07-14,10.209551811218262,10.494818605496432,9.849214700477596,10.479805154622895,9511677
2000-07-17,10.209551811218262,10.3146500501261,9.984340861830777,9.984340861830777,6334360
2000-07-18,10.074417114257812,10.419739460850346,9.939291067390943,10.25458551697944,5274216
2000-07-19,9.879236221313477,10.179517292585443,9.849208318325802,10.104447024767452,3729554
2000-07-20,9.879236221313477,10.014362295106817,9.759123588665169,9.939293047986437,4544210
2000-07-21,9.699070930480957,9.849211514844411,9.60898719228165,9.849211514844411,7121617
2000-07-24,9.78915023803711,9.834192592402736,9.608981841271977,9.608981841271977,4500994
2000-07-25,9.548924446105957,9.684051500960628,9.548924446105955,9.623995712601202,5136991
2000-07-26,9.578954696655273,9.69906629012227,9.533912338756425,9.593968135489922,5987068
2000-07-27,9.608985900878906,9.684056182971538,9.578957992181413,9.578957992181413,3954993
2000-07-28,9.96932601928711,10.119466631253188,9.548932101642462,9.563946571118322,5858309
2000-07-31,9.96932601928711,10.134480080030919,9.95431154981125,10.08943769230147,5687224
2000-08-01,10.134472846984863,10.194529661327193,9.999346800935074,10.059402594580002,8208494
2000-08-02,10.269607543945312,10.269607543945312,9.939298392087085,10.11946692758265,11376008
2000-08-03,10.31464672088623,10.31464672088623,10.179520603147461,10.269605362105269,8417448
2000-08-04,10.089435577392578,10.16450586763967,9.969323929555562,10.119464510049747,7071272
2000-08-07,9.714079856872559,10.089430083006174,9.608981711899357,9.969318500578149,9163716
2000-08-08,9.65402603149414,9.774138671777116,9.45884413931919,9.639012589394815,10761618
2000-08-09,9.503887176513672,9.819181731182518,9.443830341792644,9.62399982525798,6169291
2000-08-10,9.744112968444824,9.804168791806358,9.44383181024134,9.44383181024134,5376465
2000-08-11,9.834197998046875,9.92428173559782,9.744113239797995,9.834197998046875,6395621
2000-08-14,9.65402603149414,9.706575630585965,9.548927854008165,9.68405495708814,3638665
2000-08-15,9.65402603149414,9.80416657667344,9.548927854008165,9.578956779602164,8844714
2000-08-16,9.804166793823242,9.894251531205153,9.744110982700432,9.819181256952794,9283118
2000-08-17,9.834197998046875,9.894253823080838,9.744113239797995,9.894253823080838,5817320
2000-08-18,9.65402603149414,9.80416657667344,9.51889994911184,9.744110766880791,8320545
2000-08-21,10.044391632080078,10.149489807210129,9.87923662780596,10.149489807210129,9751819
2000-08-22,10.10445499420166,10.134482920872511,9.984342266819842,10.07442706753081,5186446
2000-08-23,9.999348640441895,10.089432347481328,9.969320738095417,9.999348640441895,4321444
2000-08-24,9.834197998046875,10.014365473148766,9.789155618922436,9.984337560631785,4155260
2000-08-25,10.059407234191895,10.119464076233713,9.699070264732471,9.759126086076417,4976377
2000-08-28,10.389714241027832,10.449770050510855,10.089433152217376,10.209545791881093,8327228
2000-08-29,10.224557876586914,10.329656029087454,10.149487621844038,10.329656029087454,5009124
2000-08-30,10.344672203063965,10.50982721544928,10.194532674574182,10.239574022772265,7222975
2000-08-31,10.513581275939941,10.810109295800526,10.419743424173653,10.569883986999713,12143661
2000-09-01,10.389714241027832,10.659967425096776,10.389714241027832,10.56988269017457,4006230
2000-09-05,10.254586219787598,10.314642017911654,10.089431243900226,10.284614118849625,6076620
2000-09-06,10.179516792297363,10.269601517530644,10.029376264040268,10.224559154914003,6097337
2000-09-07,10.374699592590332,10.434755395089804,10.119460900921254,10.20954460467046,3863659
2000-09-08,10.599910736083984,10.614925199003535,10.329658569113535,10.374700937174504,5164837
2000-09-11,10.795089721679688,10.795089721679686,10.524837653067406,10.55486452658287,5805736
2000-09-12,10.780076026916504,10.81010494395114,10.584894190375675,10.689992337904748,4785912
2000-09-13,10.629937171936035,10.78007666247402,10.494810099405681,10.720020866258826,4582081
2000-09-14,10.569880485534668,10.659965201667223,10.389712073967019,10.569880485534668,6969245
2000-09-15,11.530782699584961,11.771008019624876,10.389716001837813,10.464786286763058,8703480
2000-09-18,10.629937171936035,11.245511634885386,10.479796660700604,10.79509112187654,16889252
2000-09-19,10.44976806640625,10.554866223395315,10.344669909417183,10.524839345052698,8909094
2000-09-20,10.554868698120117,10.554868698120117,10.35968679824786,10.44977051648943,5205604
2000-09-21,11.050333023071289,11.170445671375676,10.509827636748163,10.554868986751783,10714838
2000-09-22,11.650895118713379,11.650895118713379,11.20047443917257,11.290558166801603,13540183
2000-09-25,11.530782699584961,11.590839539943861,11.440698970093376,11.530782699584961,8693010
2000-09-26,11.170439720153809,11.44069175898561,10.99027033333634,11.350608086274075,8163718
2000-09-27,11.230504035949707,11.260531949671572,10.915209410823168,11.050335532920545,6418121
2000-09-28,11.215487480163574,11.350614597795216,11.080361383229718,11.11038929135971,6895732
2000-09-29,11.425677299499512,11.530775427977666,11.155425260754884,11.170439716550563,7123176
2000-10-02,11.515768051147461,11.530781494144282,11.365627496992834,11.515768051147461,5670962
2000-10-03,11.590841293334961,11.620869207707928,11.395658318863681,11.485743082680578,6516138
2000-10-04,11.38063907623291,11.62086328957618,11.350611177152187,11.590835390495455,4902864
2000-10-05,11.440701484680176,11.680925836821894,11.410673568249718,11.410673568249718,8633755
2000-10-06,11.515768051147461,11.755992325376221,11.365627496992834,11.560810421533395,6205379
2000-10-09,11.455713272094727,11.650895193560421,11.335600613786573,11.620867284157839,3522827
2000-10-10,11.786020278930664,11.921147390625755,11.200473544376225,11.230501451187,13290016
2000-10-11,12.072999000549316,12.2387950536958,11.846912635168444,11.877057278952728,12761837
2000-10-12,11.997633934020996,12.268936686156039,11.952416467109966,12.10314067370302,14493846
2000-10-13,12.118212699890137,12.118212699890137,11.741403201222111,11.831837112022827,11259501
2000-10-16,12.163433074951172,12.374446608588633,12.027781663993636,12.11821559641005,13035617
2000-10-17,12.419662475585938,12.64574881428933,12.163431496655235,12.359373195131313,11923790
2000-10-18,12.299086570739746,12.721113674392853,12.268940899336592,12.419665157688678,13371326
2000-10-19,11.756482124328613,12.057929674542546,11.530395693168574,12.027785021987764,10662933
2000-10-20,11.771547317504883,11.816764783238083,11.605751309370536,11.605751309370536,6189117
2000-10-23,11.892132759094238,12.17850847576028,11.741408481971892,11.83184243344567,6999095
2000-10-24,11.877056121826172,12.1031424651805,11.650970803137563,11.937346428186759,8267749
2000-10-25,12.404595375061035,12.449811840227751,11.982567177731662,12.027784667564468,12992623
2000-10-26,12.314156532287598,12.675894288136124,12.163432296573086,12.419663292354604,10172402
2000-10-27,12.464883804321289,12.630680913860054,12.073001310804418,12.148363447019127,8457546
2000-10-30,13.022564888000488,13.022564888000488,12.449812382715393,12.510102713341587,13404741
2000-10-31,12.736184120178223,13.037631555650545,12.600531698316662,13.02255974744308,10027826
2000-11-01,12.751264572143555,12.766337415234245,12.479961593842503,12.479961593842503,5323224
2000-11-02,12.901983261108398,12.977345394265908,12.49502794699104,12.660824025137977,6259288
2000-11-03,12.721115112304688,12.992417988272013,12.555317999510399,12.90198403783825,6692792
2000-11-06,12.69096565246582,12.96226842561328,12.434734686345635,12.55531324122644,7863206
2000-11-07,12.61560344696045,12.826616941055551,12.540241338402822,12.675892723940295,6102461
2000-11-08,12.660823822021484,12.88691021786693,12.660823822021486,12.751258790226046,7128968
2000-11-09,12.6306791305542,12.841692672296302,12.193579212088753,12.66082275118493,7562694
2000-11-10,12.675893783569336,12.826618013284236,12.449807438996983,12.540242386692213,5253721
2000-11-13,12.359371185302734,12.630674952561675,11.877053946101023,12.630674952561675,8551331
2000-11-14,12.26894760131836,12.284020445253562,11.95242710067742,12.208658274910508,7475815
2000-11-15,12.841692924499512,12.871837570388138,12.163433781008878,12.238795908063393,7821548
2000-11-16,12.751264572143555,12.871844242869813,12.675902406022946,12.841699581354854,4993976
2000-11-17,12.570383071899414,12.826613976847712,12.419658889616251,12.75125188570613,5422801
2000-11-20,12.706040382385254,12.811547154509517,12.570388964606328,12.690968571890865,3495872
2000-11-21,12.992420196533203,13.052710531735684,12.540248318178762,12.540248318178762,10132526
2000-11-22,12.917057037353516,12.977347367848001,12.645754136459784,12.751260933992471,6461783
2000-11-24,12.796478271484375,12.901985067745583,12.66082579800615,12.901985067745583,1738914
2000-11-27,12.781404495239258,12.871839470923817,12.600535568536184,12.781404495239258,5721085
2000-11-28,13.203429222106934,13.26371850702401,12.721111868773002,12.781401153690078,8919786
2000-11-29,13.444588661193848,13.47473330651056,13.248646929636413,13.263719764627705,8108917
2000-11-30,13.278793334960938,13.56516901832718,13.06777875672682,13.489806888529124,9759838
2000-12-01,12.751264572143555,13.143147221170864,12.479961593842503,13.143147221170864,8917559
2000-12-04,13.037632942199707,13.218501832584755,12.479954461234211,12.49502627104456,6504777
2000-12-05,12.962272644042969,13.444590094528069,12.901983346982075,13.188359045020295,8508783
2000-12-06,12.344301223754883,13.022560287176654,12.1634323451089,12.90198069319074,8500986
2000-12-07,12.314156532287598,12.525170052421611,12.178505130010844,12.193577963448602,7605688
2000-12-08,11.982564926147461,12.314158081503201,11.831840671470681,12.314158081503201,9333018
2000-12-11,12.072999000549316,12.223722219470746,11.952419400746354,12.042854356765032,6178424
2000-12-12,12.103151321411133,12.253875660603436,12.02778915181498,12.057933814720148,5803954
2000-12-13,12.495030403137207,12.73618968651227,12.193582835917642,12.223726465506804,7000655
2000-12-14,11.605752944946289,12.268938095610586,11.51531800073507,12.148359536216544,17118701
2000-12-15,11.289233207702637,11.545465243096848,10.95764109938668,10.972712909037865,32598956
2000-12-18,11.952420234680176,12.057927007619412,11.470102826482314,11.560537788810741,17980807
2000-12-19,12.133292198181152,12.238798997759584,11.83184361386212,11.83184361386212,15930020
2000-12-20,11.771547317504883,12.133284994039403,11.59067847923762,12.057922892705916,9590313
2000-12-21,11.605752944946289,12.027779952156813,11.575607280432092,11.75647716885453,10996191
2000-12-22,11.424884796142578,11.635898312952765,11.259087729601893,11.62082547975243,6362429
2000-12-26,11.620831489562988,11.756483984522578,11.334455707980986,11.334455707980986,4104247
2000-12-27,11.711261749267578,12.19357914537188,11.666044269237142,11.771551039530916,5631533
2000-12-28,11.696187973022461,11.907201496626971,11.560536568514674,11.726332615727994,5397628
2000-12-29,11.681113243103027,11.801692819016859,11.545462885281596,11.681113243103027,4274440
2001-01-02,11.605752944946289,11.846911088400063,11.575607280432092,11.605752944946289,5243919
2001-01-03,11.349527359008789,11.952423516285226,11.319382704844893,11.666047764728955,11035398
2001-01-04,10.309532165527344,11.213877002444981,10.1889525123829,11.00286337794191,31524108
2001-01-05,10.369817733764648,10.55068663581094,10.204020642500437,10.415035215442698,16300258
2001-01-08,10.264307975769043,10.490393269103976,10.158801232301913,10.249235144702766,10008891
2001-01-09,10.490396499633789,10.67126642946581,10.30952861913361,10.324600430175664,8979488
2001-01-10,10.309340476989746,10.748357965761175,10.279063586240184,10.581833522896916,7410099
2001-01-11,10.188236236572266,10.551561139077643,10.173097270150562,10.369898687824953,11252373
2001-01-12,10.551558494567871,10.627251249382608,10.218510579215286,10.279065400563852,8935826
2001-01-16,10.89974308013916,11.081404418494385,10.53641731594548,10.53641731594548,11165717
2001-01-17,10.71807861328125,10.945156785489274,10.55155420866435,10.899740945215495,9598555
2001-01-18,10.914876937866211,11.111678191395566,10.76349151656066,10.899739013232072,8587196
2001-01-19,10.672663688659668,10.899741880349673,10.657524730882615,10.778633305616145,7406312
2001-01-22,10.702939987182617,10.884602324724433,10.627247260776784,10.839186483048753,5924470
2001-01-23,10.657529830932617,10.793776399481612,10.521283262383621,10.763499498599774,8053448
2001-01-24,10.475866317749023,10.566698040202779,10.385035624456618,10.46072838344763,12685651
2001-01-25,11.051122665405273,11.141953286151457,10.642381269985592,10.687797094938947,10707709
2001-01-26,11.187371253967285,11.353895649625086,11.081401651803604,11.111679563131073,7637098
2001-01-29,11.00873851776123,11.432616955896833,10.996627352387907,11.37206215819111,4866330
2001-01-30,10.911855697631836,11.12742794245255,10.793169727778023,11.10562927672695,6004889
2001-01-31,10.865828514099121,10.948181955377473,10.521880941215997,10.887628196592974,6800610
2001-02-01,11.141959190368652,11.141959190368652,10.807700023576386,10.875520709169583,4897740
2001-02-02,11.023273468017578,11.202513193347096,10.969985564881332,11.141959412885694,4615941
2001-02-05,11.221892356872559,11.270334974279452,10.969986629711936,10.969986629711936,5031623
2001-02-06,11.42535400390625,11.517396002647818,11.19524797789118,11.221891931034508,8109808
2001-02-07,11.519817352294922,11.560994089156074,11.38659861882191,11.425353739541242,6346835
2001-02-08,11.696633338928223,11.917049767448443,11.507705118648166,11.507705118648166,8079957
2001-02-09,11.72327995300293,11.846810169197898,11.580371660987456,11.844388552946072,7686775
2001-02-12,11.989717483520508,11.989717483520506,11.795943945244838,11.844387587104029,9060129
2001-02-13,11.544034004211426,11.78382845109099,11.500435668790143,11.759607153634722,10283116
2001-02-14,11.48348617553711,11.623971831645262,11.449576341588847,11.604594783674825,4029175
2001-02-15,11.614282608032227,11.614282608032227,11.236425049564096,11.54161765335908,6862762
2001-02-16,11.747499465942383,11.747499465942383,11.44715117198072,11.699056856697611,7297602
2001-02-20,11.788681030273438,11.78868103027344,11.650617993595642,11.699061651857306,5967242
2001-02-21,12.110820770263672,12.110820770263674,11.808050945690574,11.832272243491417,7921125
2001-02-22,12.098711967468262,12.244040799428229,11.837117805786468,12.013935872094175,8756276
2001-02-23,11.844389915466309,11.989719840451645,11.594906808964058,11.989719840451645,5854076
2001-02-26,11.917054176330566,11.941276517268056,11.759614106043506,11.929165346799312,4980610
2001-02-27,11.776564598083496,11.98002661912604,11.626389440592344,11.917049176607152,7796376
2001-02-28,11.866186141967773,12.081759368607527,11.735390059693188,11.829853668189036,7877240
2001-03-01,12.069649696350098,12.108404820124221,11.747501653654826,11.844388948509527,5607920
2001-03-02,12.033309936523438,12.086597813532064,11.786249645382593,12.0502653572372,6294485
2001-03-05,11.861340522766113,12.02120421241903,11.752343113908744,12.01393730683082,3525500
2001-03-06,11.631233215332031,11.943692624335508,11.556146668882079,11.941271008855626,5575396
2001-03-07,11.415664672851562,11.638503796269083,11.122582211756566,11.60459396471391,7118275
2001-03-08,11.747499465942383,11.808054271239879,11.359953446179109,11.44472955609899,6186889
2001-03-09,11.568263053894043,11.863767171239932,11.481065303214509,11.749925463293618,6994863
2001-03-12,11.430196762084961,11.759610621269537,11.427774117044594,11.4447295448441,4668737
2001-03-13,11.597326278686523,11.633658753207268,11.212201842934395,11.420508167408153,6319881
2001-03-14,11.209778785705566,11.507705450138207,11.166179410221433,11.505282805206434,7801722
2001-03-15,11.209778785705566,11.263066682594847,10.9845170609725,11.209778785705566,8433265
2001-03-16,10.89974308013916,11.020850639042642,10.679325593944212,11.020850639042642,14249025
2001-03-19,10.839184761047363,10.899739550048345,10.659945096756669,10.669633615998247,8216959
2001-03-20,10.4879732131958,10.851297896582238,10.463750881529418,10.851297896582238,7943402
2001-03-21,10.657529830932617,10.8028597784946,10.584864857151626,10.657529830932617,9007111
2001-03-22,10.531571388244629,10.657524217568167,10.269978237912186,10.548526814306086,12100221
2001-03-23,10.531571388244629,10.66236847799131,10.233645770158159,10.318420842143611,7061024
2001-03-26,10.71807861328125,10.802853682076647,10.565481842792137,10.657523816529253,6727543
2001-03-27,10.846449851989746,10.899737728071687,10.657520670877725,10.718075449756501,8135649
2001-03-28,11.028115272521973,11.1201572453175,10.730188639533248,10.730188639533248,6004221
2001-03-29,11.263066291809082,11.330885939292024,10.914274387520694,10.923962908589687,6967240
2001-03-30,11.430196762084961,11.48106201632246,11.144380222016782,11.263067187452306,6058353
2001-04-02,11.238847732543945,11.505286268020965,11.052341066458416,11.323623864096016,5766084
2001-04-03,10.880364418029785,11.35753080896638,10.689013538478466,11.202512400954198,8578731
2001-04-04,11.003899574279785,11.057187497660712,10.519467088225037,10.778638766721157,8713282
2001-04-05,11.408395767211914,11.408395767211912,11.171023900426231,11.250955747402305,9010898
2001-04-06,11.451993942260742,11.454416586988149,11.226733265690976,11.384173268984895,6498317
2001-04-09,11.728116989135742,11.728116989135742,11.42292457563151,11.45199012771361,7483389
2001-04-10,11.728120803833008,12.041941271300711,11.555397886847441,12.041941271300711,6387156
2001-04-11,11.431330680847168,11.5578332037007,11.085885817177823,11.555400005687893,6747146
2001-04-12,11.110209465026855,11.477549905265102,11.044526574759034,11.190489471926389,9605907
2001-04-16,11.321859359741211,11.552966653900917,11.190492509898641,11.287800789879359,6373345
2001-04-17,11.458087921142578,11.54323329270536,11.258606044427477,11.263471405633027,8130971
2001-04-18,11.407004356384277,11.407004356384276,11.11751166455466,11.343753609076682,8478264
2001-04-19,11.122382164001465,11.431336448879213,11.078592846827844,11.431336448879213,7100677
2001-04-20,10.969110488891602,10.973976882892485,10.7866568913839,10.837743691957339,10627068
2001-04-23,10.835318565368652,11.0810230407324,10.764770277549923,11.04453229753272,8077284
2001-04-24,10.808557510375977,11.003175133284026,10.74287459238714,10.932626852245802,5584752
2001-04-25,11.071290016174316,11.183194387487235,10.776930933081903,10.808556306201652,4154146
2001-04-26,10.913162231445312,11.005605144943118,10.77693002542541,10.77693002542541,8220969
2001-04-27,11.185628890991211,11.214821069442163,10.908299061130506,10.995876630127528,4656039
2001-04-30,11.282937049865723,11.397274631217256,11.07858870224464,11.190494118910049,6331910
2001-05-01,11.141839027404785,11.261041967196919,11.117512213256628,11.251311241537657,6748929
2001-05-02,11.037232398986816,11.115079239477064,10.840182616297257,10.849913342153021,7324780
2001-05-03,11.144268035888672,11.175892365569867,10.947218331260316,11.020199779911094,5047217
2001-05-04,11.33401870727539,11.370509430071742,11.032362203311378,11.032362203311378,5617276
2001-05-07,11.43376350402832,11.545668902424467,11.251309836589803,11.251309836589803,7524824
2001-05-08,11.604056358337402,11.664873913813945,11.314562602943429,11.409438733710635,9595882
2001-05-09,11.764613151550293,11.820565333204417,11.579726288564359,11.677034565394658,10669616
2001-05-10,11.701362609863281,11.883816278066512,11.65757331603691,11.767046550602835,7736675
2001-05-11,11.983555793762207,12.017613323887147,11.713523582088722,11.92030506131493,7238346
2001-05-14,12.127090454101562,12.127090454101564,11.949502104751144,11.983560682413978,6328791
2001-05-15,12.528486251831055,12.55281306438456,12.260887179166316,12.285215025363865,15751361
2001-05-16,13.088011741638184,13.088011741638184,12.479833133930537,12.528486761014936,16249021
2001-05-17,13.063682556152344,13.13666505659047,12.847171353696897,13.088010400846377,13706367
2001-05-18,12.898262977600098,13.063686374738612,12.727972149540838,13.063686374738612,10603232
2001-05-21,12.956644058227539,12.983404068246228,12.81797967937872,12.898259709434786,7053896
2001-05-22,12.8812255859375,12.954207028160129,12.791214864891291,12.869061667685852,6673188
2001-05-23,12.86906909942627,13.015032068163473,12.601469978859987,12.954214509071049,9759170
2001-05-24,12.63552474975586,12.681746204779314,12.297376411556002,12.61363010431214,11574047
2001-05-25,12.504158973693848,12.589304364926853,12.333869224871838,12.526053620998791,4780343
2001-05-29,12.49199104309082,12.567405685468545,12.409278876382135,12.455500320505008,7067262
2001-05-30,12.5236234664917,12.6744518026497,12.474968797728252,12.552815647563213,6633090
2001-05-31,12.645258903503418,12.645258903503418,12.39468907911357,12.52362275532417,5985731
2001-06-01,12.55767822265625,12.625795363986292,12.287646989949991,12.421447040928248,6986843
2001-06-04,12.611197471618652,12.625793556824188,12.436041348220574,12.45550279516129,8323887
2001-06-05,12.856904029846191,12.856904029846191,12.416581999711815,12.45550490017131,9777882
2001-06-06,12.577139854431152,12.808247138392598,12.443340846156424,12.735266706860529,5926475
2001-06-07,12.564974784851074,12.594167988441773,12.331434324344784,12.346030409318203,6699697
2001-06-08,12.533349990844727,12.582004643293343,12.406849548308582,12.431176357710935,4028952
2001-06-11,12.258456230163574,12.552814309000864,12.236561579872534,12.528487494035346,7699027
2001-06-12,12.338738441467285,12.526057533777776,12.231698369493104,12.394690642556883,6239908
2001-06-13,12.353326797485352,12.394682881130155,12.23655607093315,12.285210712603845,4809971
2001-06-14,12.285215377807617,12.582006634051046,12.21223390440933,12.231695355010455,6912662
2001-06-15,12.299813270568848,12.455506965511661,12.175744954315437,12.224398587957428,10060796
2001-06-18,12.43117618560791,12.489561561009152,12.285213263926751,12.285213263926751,9641549
2001-06-19,12.474964141845703,12.523618792450353,12.33873298071165,12.406849078100612,8607245
2001-06-20,12.710938453674316,12.815545285970023,12.601466259433037,12.686611643946451,11741790
2001-06-21,12.89339542388916,12.95421401430293,12.633094875159244,12.71094171993622,14180636
2001-06-22,12.654989242553711,12.74500001012364,12.477400905779277,12.710941434872677,8523931
2001-06-25,12.616067886352539,12.86906989884607,12.616067886352539,12.686616176590636,5325006
2001-06-26,12.521187782287598,12.759594681621646,12.443341981550343,12.443341981550343,7112483
2001-06-27,12.16357707977295,12.625793684807425,12.16357707977295,12.52118582233101,6347058
2001-06-28,12.31197452545166,12.377657433444464,12.139251579373996,12.139251579373996,7136988
2001-06-29,11.677033424377441,12.433608019484412,11.433762239250866,12.431175855464396,14815520
2001-07-02,12.010316848754883,12.114924722112525,11.859489584102645,11.932470018461471,8117159
2001-07-03,11.985991477966309,12.046810064374789,11.847327085551685,12.046810064374789,3538198
2001-07-05,11.905709266662598,12.02491217546603,11.67946633614582,11.988421446908088,5176644
2001-07-06,11.50918197631836,11.900849449807412,11.399709739640462,11.871656233173379,11615705
2001-07-09,11.652705192565918,11.759745203824375,11.336452587167624,11.555396937130384,8255052
2001-07-10,11.774345397949219,11.786509321741935,11.494583419869544,11.531074157603593,8291140
2001-07-11,12.260567665100098,12.436486105375309,11.972256138208374,11.99668896653864,18515000
2001-07-12,11.972249984741211,12.460913567224967,11.62041224687883,12.216581256909034,16375553
2001-07-13,12.118850708007812,12.277665590714232,11.982024843601977,12.028447719356054,9204927
2001-07-16,12.155497550964355,12.25322984297625,12.094414998225423,12.245900518010465,4806852
2001-07-17,12.25323486328125,12.343637867366612,12.052882596329402,12.21658510899242,8055899
2001-07-18,12.595301628112793,12.607517522760585,12.216587092910567,12.24102095850336,8562692
2001-07-19,12.607513427734375,12.680813962555519,12.485348292045098,12.605070664857688,7549774
2001-07-20,12.773659706115723,12.824969146122058,12.58308059963703,12.688143280672987,6718410
2001-07-23,12.561094284057617,12.766333143356963,12.526888326582014,12.724796818776586,4636881
2001-07-24,12.529328346252441,12.693030845120445,12.341193025966959,12.380286578383279,7907314
2001-07-25,12.583080291748047,12.63439076864716,12.407161919416994,12.485347978025045,4443074
2001-07-26,12.668600082397461,12.668600082397463,12.463361234693492,12.546433879160892,4599456
2001-07-27,12.592855453491211,12.700361950285982,12.51711318361163,12.607515147195477,3392286
2001-07-30,12.776100158691406,12.844513079044848,12.524438529917685,12.680811660831326,5466240
2001-07-31,13.093731880187988,13.149927873650903,12.705244412641768,12.705244412641768,7943179
2001-08-01,12.974010467529297,13.049752718428591,12.807864199403719,13.035093028397903,8540415
2001-08-02,12.705246925354004,13.030208100145222,12.619730498888435,13.030208100145222,7306067
2001-08-03,12.768778800964355,12.829861395837307,12.495126948791766,12.705252403985094,3514584
2001-08-06,12.634393692016602,12.827414563160644,12.546433447350429,12.822527998251243,5601237
2001-08-07,12.849406242370605,12.85185004420728,12.573311656702968,12.622178350098926,6036522
2001-08-08,12.67348861694336,12.888500628215498,12.614848788751198,12.849407063371164,3650695
2001-08-09,12.600184440612793,12.73212374581024,12.519554576839825,12.673483939261564,4841158
2001-08-10,12.773659706115723,12.812752217302162,12.587967163535335,12.600184092355232,6059912
2001-08-13,12.839631080627441,12.915374391504313,12.66859923801461,12.66859923801461,6582299
2001-08-14,12.776100158691406,12.861616568670229,12.60995493989651,12.827409589419467,4842049
2001-08-15,12.986228942871094,13.076631939951936,12.768774235408602,12.837187173990271,6938280
2001-08-16,12.942255020141602,13.042431185765386,12.741902688894035,12.949584350462384,4707052
2001-08-17,12.776100158691406,12.937359852619716,12.607511139315134,12.85673000565556,3692575
2001-08-20,12.947145462036133,13.022887780866816,12.75412344147842,12.766339341719386,6001102
2001-08-21,12.886049270629883,13.069297977441606,12.842070203883914,13.008215421220388,6254387
2001-08-22,12.937358856201172,12.937358856201172,12.710130060001662,12.886048391276896,3721980
2001-08-23,12.776100158691406,13.09617470781857,12.705244475904669,12.876276257714235,9482940
2001-08-24,12.827417373657227,12.827417373657227,12.656385488058033,12.776107911792339,7560689
2001-08-27,12.719904899597168,12.837184495018956,12.70524520970648,12.815194441108854,3340158
2001-08-28,12.558649063110352,12.715021200127287,12.497566489067342,12.60751470708541,4443743
2001-08-29,12.460918426513672,12.680816968661292,12.446257693185018,12.668600036936919,3418795
2001-08-30,12.294774055480957,12.602631855821969,12.226361095610878,12.46092040839325,5327457
2001-08-31,12.143288612365723,12.456034021177476,12.06754528357927,12.294774231789935,5518367
2001-09-04,12.363183975219727,12.583082498268208,12.082202875151696,12.265451644358764,6363320
2001-09-05,12.614842414855957,12.675926014177255,12.260561899014673,12.302098206716115,8058572
2001-09-06,12.206811904907227,12.51466963141989,12.204369141648751,12.424267666036144,6842936
2001-09-07,11.947824478149414,12.302105195249135,11.864751815554927,12.26789819409332,8594325
2001-09-10,12.101749420166016,12.250792240451828,11.832985244399095,11.94782107327735,6017810
2001-09-17,12.346081733703613,12.485351435333309,11.679056768940487,11.727922420259214,15170610
2001-09-18,12.316765785217285,12.453591723447062,12.143290079181275,12.363188686018669,10206485
2001-09-19,12.118850708007812,12.412048692263676,11.796332302437408,12.33874919619971,10791469
2001-09-20,11.847644805908203,12.069986094972352,11.798778120794259,11.898954254296203,11071264
2001-09-21,11.495809555053711,11.72548126214244,11.444500095069834,11.554449382813289,13951632
2001-09-24,11.544676780700684,11.715708667874102,11.324778195128264,11.691274799600242,8397845
2001-09-25,11.837867736816406,11.96003285172148,11.468926515195818,11.471369277656912,9214952
2001-09-26,12.192152976989746,12.192152976989748,11.960037507280004,12.04555395152012,7466236
2001-09-27,12.458474159240723,12.46091796075366,12.118853228593437,12.143286052980427,9533730
2001-09-28,12.668600082397461,12.695476709398418,12.451145341073799,12.558650810929105,11185988
2001-10-01,12.898274421691895,12.92515105424852,12.595303171660587,12.644169870686156,9462445
2001-10-02,13.04731273651123,13.049755499629544,12.74434159204768,12.820083859089381,11318312
2001-10-03,12.570866584777832,13.049757224857721,12.45603178747452,13.049757224857721,10894610
2001-10-04,12.62217903137207,12.700365122136473,12.539106374819186,12.570868533369993,7417005
2001-10-05,12.700363159179688,12.737012916003094,12.553764131886066,12.587970087118608,8477150
2001-10-08,12.649052619934082,12.754115316339806,12.55864961736786,12.55864961736786,4615718
2001-10-09,12.468246459960938,12.649052462847989,12.314317081186742,12.646608661497545,6221641
2001-10-10,12.864063262939453,12.873837430104295,12.436483158653798,12.619731923083135,8817760
2001-10-11,12.515722274780273,12.940108469830811,12.461753774832276,12.915576764960479,13285561
2001-10-12,12.734052658081055,12.748771061261161,12.46175855117806,12.49855508028133,7603237
2001-10-15,13.001437187194824,13.178061105495754,12.707065032332343,12.719330886220192,11435709
2001-10-16,13.119182586669922,13.23447824374398,13.001433342621537,13.075026359575421,9726869
2001-10-17,13.05540657043457,13.099562813552105,12.925392471252438,13.013703915181702,6114490
2001-10-18,12.893501281738281,13.094655866521958,12.756127469803365,13.00143725265529,4933829
2001-10-19,13.013703346252441,13.013703346252443,12.832173290600663,12.89350151917231,5133427
2001-10-22,13.389025688171387,13.389025688171387,12.873873462091636,12.878779594354828,9411877
2001-10-23,13.21240520477295,13.389029138682657,13.0995630913332,13.389029138682657,8594770
2001-10-24,13.305623054504395,13.39393449518309,13.126545543066879,13.21240443827699,7925358
2001-10-25,13.38166618347168,13.467524020608822,13.065215957039976,13.19523002756036,7132309
2001-10-26,13.320340156555176,13.40619800109518,13.173153046688743,13.246747122774792,6343494
2001-10-29,13.254106521606445,13.369402211312467,13.22466972341561,13.332605692421062,6902192
2001-10-30,13.192776679992676,13.303166214429936,13.185416960774655,13.295806495211915,7619722
2001-10-31,12.996530532836914,13.244293892216326,12.996530532836916,13.124092072775957,7748036
2001-11-01,13.22712516784668,13.268828871216062,12.942565220410346,12.94747135451746,7828009
2001-11-02,13.357132911682129,13.418460075125687,13.087291516380809,13.227117824262054,6073501
2001-11-05,13.197684288024902,13.477338015002683,13.121637669387395,13.477338015002683,9097777
2001-11-06,13.30808162689209,13.428283509239408,13.052959455803013,13.246754412428789,7207827
2001-11-07,13.17806339263916,13.393936413158274,13.133907144823873,13.246750310181874,6413665
2001-11-08,13.131452560424805,13.209951739902817,13.070125369606124,13.178062392829538,8091319
2001-11-09,13.050498008728027,13.19523048125062,12.976904978762663,13.131449716306559,5750044
2001-11-12,13.151070594787598,13.20749161967514,12.87877564725851,12.98916619511168,4324563
2001-11-13,13.030874252319336,13.207497117799937,12.998983867953994,13.151076069424978,8086640
2001-11-14,12.800287246704102,12.998988298673673,12.761037128604594,12.97200403791264,8309630
2001-11-15,12.976906776428223,13.011250751065987,12.80519003015666,12.80519003015666,7360645
2001-11-16,12.763484954833984,13.02106054651558,12.648188240977033,13.013700826973883,7549996
2001-11-19,12.788010597229004,12.83707190056674,12.569684149308065,12.748760512253668,8723307
2001-11-20,12.98671817779541,13.03087441587261,12.829719841551983,12.829719841551983,5953653
2001-11-21,13.18542194366455,13.281093118126279,12.861612937200446,12.861612937200446,7386709
2001-11-23,13.23448371887207,13.293358365252805,13.08239149040026,13.293358365252805,1832476
2001-11-26,13.259016990661621,13.344874861199331,13.200141295042993,13.295812476387795,6473812
2001-11-27,13.192776679992676,13.364493386126577,13.018606386684263,13.075027426337392,5932713
2001-11-28,13.268824577331543,13.369400815133151,13.185418239889602,13.192777959821589,5369782
2001-11-29,13.38166618347168,13.430728549196887,13.155980968824656,13.246745980609335,5923802
2001-11-30,13.492056846618652,13.492056846618652,13.339964646758716,13.418463813063662,8047211
2001-12-03,13.604897499084473,13.737364101439423,13.430727212514999,13.430727212514999,11138094
2001-12-04,13.514131546020508,13.602442955482248,13.386570042183886,13.590177105557835,6571161
2001-12-05,13.531304359436035,13.565647282108435,13.389024452325168,13.479788411969242,8866991
2001-12-06,13.472429275512695,13.602443327506824,13.401288803232976,13.499412478395753,9216957
2001-12-07,13.526399612426758,13.609804904046888,13.450352998122778,13.543570554368149,5614380
2001-12-10,13.614714622497559,13.651511145687266,13.428278418593647,13.526403175303429,7822217
2001-12-11,13.281095504760742,13.730013612049294,13.197690171207851,13.72510747727007,8333911
2001-12-12,13.011248588562012,13.259011921562735,13.011248588562012,13.246746069472756,10161263
2001-12-13,13.048057556152344,13.239400043599524,12.964653219512282,13.011262046435059,9039858
2001-12-14,13.344870567321777,13.455260115899042,13.070122968470196,13.09956080680752,6481386
2001-12-17,13.24675178527832,13.369406189879598,13.19523580965527,13.259017642660861,7126072
2001-12-18,13.209959030151367,13.246756615717254,13.099570442679356,13.190334485028025,9137652
2001-12-19,13.44790267944336,13.528855445736234,13.133905965893698,13.27127978864813,5503442
2001-12-20,13.639241218566895,13.722646507255716,13.506773566170605,13.55338234265521,8449081
2001-12-21,13.882104873657227,13.90908913414993,13.61471689940191,13.639247571528907,14494068
2001-12-24,13.85020923614502,13.96795746009045,13.837943383571394,13.86002150128167,2124300
2001-12-26,13.926252365112305,14.024377083848472,13.874737461043809,13.921346233406041,4713513
2001-12-27,13.860023498535156,13.936070127761084,13.80114885692569,13.83058669888331,4176200
2001-12-28,13.855113983154297,13.945878990049936,13.766801521144744,13.933613138702938,3475155
2001-12-31,13.67603874206543,13.850209051685404,13.676038742065431,13.798694139251262,4278227
2002-01-02,13.698116302490234,13.737365360918169,13.472431089612908,13.528852132255848,7724868
2002-01-03,13.710379600524902,13.712833187558925,13.580365545358086,13.688302528745973,5920015
2002-01-04,13.685856819152832,13.749637611083534,13.54357683153189,13.749637611083534,5953653
2002-01-07,13.590185165405273,13.712840610475721,13.482249165895853,13.712840610475721,4962565
2002-01-08,13.501866340637207,13.710379545473675,13.41846105870262,13.651505964558988,5976152
2002-01-09,13.428277969360352,13.63433870079027,13.36940332576526,13.455262224437512,5540644
2002-01-10,13.550933837890625,13.604902349828764,13.401294157236464,13.430732001159923,4717745
2002-01-11,13.760239601135254,13.775014165143334,13.523843438156616,13.580479789995815,8195796
2002-01-14,13.762701034545898,13.912911712530905,13.760239130436997,13.789788257442364,7162606
2002-01-15,13.733149528503418,13.861197815910641,13.57801506917504,13.851348108615149,6039863
2002-01-16,13.912912368774414,14.075434667535955,13.634654414358204,13.715915040597405,11825105
2002-01-17,14.134536743164062,14.169011779341949,13.871053301264078,13.912915097849123,10416776
2002-01-18,14.136994361877441,14.218254973405871,14.05573270406606,14.100056388640764,11701692
2002-01-22,14.154234886169434,14.193634774484098,14.050811879553722,14.10006043209299,8060354
2002-01-23,14.132076263427734,14.24288709725853,14.065589135359186,14.154237593167133,7488736
2002-01-24,14.119770050048828,14.252743320647879,13.986796779449778,14.085294994645702,10165496
2002-01-25,14.095136642456055,14.183786136295293,13.98925172334992,14.085286931203546,7727541
2002-01-28,13.999095916748047,14.154230377252581,13.93014691887395,14.03603284252764,6313420
2002-01-29,13.843963623046875,14.19117059670274,13.79471402848263,13.99909916584019,8629522
2002-01-30,13.907986640930176,14.02864714374325,13.794712896611596,13.843962487134858,8338144
2002-01-31,14.208407402038574,14.213332256620689,13.888287669068736,13.962161534083554,7543313
2002-02-01,14.14438247680664,14.274892685558243,14.102520691994183,14.109907450324,5663166
2002-02-04,13.939996719360352,14.134531056927926,13.912909500769992,14.08281956974766,7366660
2002-02-05,14.03603744506836,14.097598659459841,13.915376920793765,13.940001197293705,7243247
2002-02-06,13.77009105682373,13.949850890760663,13.701142036425322,13.925226614290967,10330788
2002-02-07,13.686371803283691,13.848894172000454,13.580485811518429,13.831656649873098,6444184
2002-02-08,13.614954948425293,13.654353786154804,13.39333230106426,13.555854599264759,8815977
2002-02-11,13.710990905761719,13.762702406316903,13.430269986098056,13.481982532936431,9049882
2002-02-12,13.821803092956543,13.821803092956543,13.629731636527952,13.67405533588072,8258170
2002-02-13,13.782405853271484,13.814416894499383,13.659282359283077,13.789792614215068,8556009
2002-02-14,13.856280326843262,13.863668134382939,13.71099445130837,13.782406436580358,6181766
2002-02-15,14.119770050048828,14.257668179093478,13.841510839594763,13.85628646121549,11738003
2002-02-19,13.935081481933594,14.151778333911246,13.910457196351013,14.134540810861617,7151467
2002-02-20,14.178858757019043,14.220720545533023,14.006485701930282,14.060660150460073,6929815
2002-02-21,14.072976112365723,14.282286165889975,13.974477940655378,14.178863137908284,9663603
2002-02-22,14.186245918273926,14.255194933007951,13.964624309403805,13.964624309403805,5439063
2002-02-25,13.979399681091309,14.237958239699491,13.836576788488857,14.1862467372345,8094437
2002-02-26,13.91045093536377,13.994174514944852,13.851351630282073,13.979398903962046,7392055
2002-02-27,13.885832786560059,14.006493363352524,13.789796496985327,13.85135878445523,7002214
2002-02-28,13.925222396850586,14.14684395680657,13.888285470191256,13.93507210445535,8492075
2002-03-01,14.156696319580078,14.230570186754202,13.866125705609646,14.023723149410026,5702818
2002-03-04,14.127145767211914,14.208407437443947,14.072971320390558,14.156695941061338,5496759
2002-03-05,13.548468589782715,14.085285107523918,13.504143848602004,14.072972446910788,13062349
2002-03-06,13.794721603393555,13.949857231374422,13.669136166890999,13.720847694123377,7331908
2002-03-07,13.383482933044434,13.789789212052117,13.29237259532915,13.789789212052117,13871436
2002-03-08,13.319458961486816,13.523843039955086,13.223421682554251,13.481981253356562,7611257
2002-03-11,13.462285995483398,13.49429808541382,13.257901837970037,13.272676407257118,6246368
2002-03-12,13.590328216552734,13.656815317738104,13.304682487559278,13.346544271439093,6646233
2002-03-13,13.666669845581055,13.752855347694002,13.506609411783105,13.590333009067141,6470471
2002-03-14,13.504149436950684,13.691297142813884,13.408114201789388,13.666672857680684,8755608
2002-03-15,13.299761772155762,13.617419675473132,12.903305130761606,13.565708167092014,21623927
2002-03-18,13.176634788513184,13.37117020048185,13.03873781819514,13.358857541265762,11854733
2002-03-19,13.144624710083008,13.371171169115433,13.078137601039368,13.371171169115433,8538188
2002-03-20,12.75555419921875,13.053512605612646,12.657056062648062,13.00180006378702,18962538
2002-03-21,12.893454551696777,12.930391490381169,12.686607485807535,12.841743046795289,9248144
2002-03-22,13.223424911499023,13.2923749842426,12.863906258300485,12.915617766574817,11958987
2002-03-25,12.905765533447266,13.211110713987908,12.854054035276908,13.186486440164678,8376237
2002-03-26,13.011650085449219,13.13969839846592,12.868828254817503,12.868828254817503,7009788
2002-03-27,12.782645225524902,13.026429258512787,12.696458676454757,12.950092421402074,9347721
2002-03-28,12.952553749084473,13.117539019434538,12.758019346559742,12.8048059956446,9733106
2002-04-01,13.110151290893555,13.186488118888452,12.866367287017308,12.952553825795428,11091758
2002-04-02,13.1692476272583,13.18648514037704,12.927925582445095,12.95255090012416,7556457
2002-04-03,13.038739204406738,13.420420171570008,13.00180122283142,13.179099140003578,10056786
2002-04-04,13.001805305480957,13.112617192436185,12.866370182310035,13.100304528044822,7567372
2002-04-05,12.782645225524902,13.0018039323308,12.681684108515608,12.940242709442641,7176417
2002-04-08,12.792490005493164,12.977174649238094,12.64228038659822,12.87867652133513,8301164
2002-04-09,12.967321395874023,13.11014421774191,12.73092532576664,13.014109066276486,11642659
2002-04-10,13.440123558044434,13.46967269418554,12.881143505966163,12.905768832367166,13046087
2002-04-11,13.310283660888672,13.562540555523087,13.23361673165212,13.438885709513759,8662937
2002-04-12,13.2781343460083,13.357273832880967,12.98383355825699,13.280606896731435,9245694
2002-04-15,13.292974472045898,13.416630395541032,13.191576761892994,13.243512943294178,5612598
2002-04-16,13.436415672302246,13.54523314255961,13.233620241955684,13.29297513020443,6390943
2002-04-17,13.47845458984375,13.51555125288845,13.32017563429405,13.374584353641655,5722644
2002-04-18,13.520501136779785,13.537813197861519,13.29544854594906,13.428996779936236,6933602
2002-04-19,13.540283203125,13.644153440408747,13.480928331473853,13.582326018292962,5123180
2002-04-22,13.451251983642578,13.658993533935119,13.416628917331057,13.55264968262374,6582077
2002-04-23,13.498239517211914,13.651572312781694,13.441357199694774,13.57243178848025,6267308
2002-04-24,13.270710945129395,13.599634708263341,13.248453791506813,13.560065501105422,6452872
2002-04-25,13.203941345214844,13.374586229313492,13.045662367467866,13.295446740440003,6788136
2002-04-26,13.384478569030762,13.498242175662938,13.159426008174144,13.265768810006561,10968791
2002-04-29,13.142111778259277,13.431465323217447,13.10748766642736,13.384476357852112,10009559
2002-04-30,13.342434883117676,13.379531549056264,13.144585647842618,13.253403095026611,7994192
2002-05-01,13.602109909057617,13.602109909057617,13.32264762199942,13.379529940190938,6729325
2002-05-02,13.354804992675781,13.602115826515082,12.966526153409696,13.58974991704029,12713943
2002-05-03,13.213838577270508,13.33254838025025,12.991258484789645,13.330074777734412,5793707
2002-05-06,12.904695510864258,13.305339109548493,12.892329604452781,13.292973203137016,5600791
2002-05-07,12.781036376953125,13.03823938949065,12.773616624815265,12.922003261112025,6161494
2002-05-08,12.959099769592285,13.011034881531117,12.427380645438664,12.87254159996341,12478479
2002-05-09,12.897275924682617,13.152006454580546,12.860179255773287,13.033296693747554,7330126
2002-05-10,12.674697875976562,12.983836130936385,12.674697875976562,12.983836130936385,7721749
2002-05-13,12.617810249328613,12.662325606071564,12.558455389530547,12.612864098579397,9277995
2002-05-14,12.79587173461914,12.80823763492128,12.508990833745,12.588130283902629,11550657
2002-05-15,11.59888744354248,11.994584722032563,11.388673428533277,11.994584722032563,56056250
2002-05-16,11.314478874206543,11.42329628064043,10.89405085155022,11.314478874206545,46741722
2002-05-17,11.772006034851074,11.865983951277366,11.15372877563589,11.15372877563589,21649768
2002-05-20,11.626091957092285,11.863510327483638,11.561790951418244,11.71017756426376,12494963
2002-05-21,11.532113075256348,11.710177642342668,11.517274624034336,11.650822786647229,8687887
2002-05-22,11.772006034851074,11.781898336495159,11.549426095436711,11.586522752005772,10362421
2002-05-23,11.809101104736328,11.809101104736328,11.462866390483894,11.747273702364252,8696129
2002-05-24,11.59888744354248,11.883294763944036,11.574155641206781,11.870928862776186,6452649
2002-05-28,11.566739082336426,11.702759817132845,11.5519006286726,11.623620346784874,6854743
2002-05-29,11.648345947265625,11.76210947661769,11.554368064848985,11.569206511945227,7347947
2002-05-30,11.559319496154785,11.62362051376264,11.32932083404255,11.586523853666383,8321213
2002-05-31,11.747275352478027,11.846199420330462,11.524695411704434,11.549426165965668,12827999
2002-06-03,11.232876777648926,11.88330503699836,11.208146004740978,11.796746806416401,8669620
2002-06-04,11.047388076782227,11.289752687933992,10.936098075644239,11.232871412012207,11514569
2002-06-05,11.141366958618164,11.153732865611481,10.884163869135394,10.985561574380137,8407869
2002-06-06,11.067169189453125,11.1858789068221,10.91878256814563,11.091899942735225,8505441
2002-06-07,11.218033790588379,11.351580961250928,10.894056067490714,10.894056067490714,9469574
2002-06-10,11.294692039489746,11.460390666074899,11.133940612952555,11.218026200853549,6976819
2002-06-11,9.472018241882324,10.238682525137792,9.472018241882324,10.238682525137792,54949547
2002-06-12,9.155454635620117,9.484378363881142,8.717714023000477,9.472012462551591,45349878
2002-06-13,8.89083480834961,9.298898126232457,8.853738143087533,9.138145559827546,20392921
2002-06-14,9.0886812210083,9.197498645037449,8.804273859599666,8.841370517644597,16210260
2002-06-17,9.340941429138184,9.395349103759042,9.073845005041022,9.130726281184902,16046081
2002-06-18,9.583309173583984,9.719331031614944,9.306320354475263,9.333524726081453,15029599
2002-06-19,9.311259269714355,9.692118074503398,9.259324169208089,9.645129124006903,12484493
2002-06-20,9.316210746765137,9.447286423991905,9.187609722169237,9.212340486359235,11371330
2002-06-21,8.93535041809082,9.323629138561357,8.93535041809082,9.150511712920677,14615921
2002-06-24,9.204919815063477,9.291477996631638,8.843844430217628,8.96502777586689,15146105
2002-06-25,9.425024032592773,9.768786231075515,9.422551482673839,9.491797591708218,15422113
2002-06-26,9.385458946228027,9.543739006482623,9.133201971949061,9.425029223993683,14430803
2002-06-27,9.682229042053223,9.724272907536264,9.311262412089498,9.360724979687216,10064583
2002-06-28,9.311259269714355,9.855344177247824,9.29889442009358,9.719323475768112,13723965
2002-07-01,9.224705696105957,9.570940571808537,9.175243120659374,9.417608794620579,10643552
2002-07-02,9.096100807189941,9.318680751403651,8.989756986011779,9.286530244963393,11167944
2002-07-03,9.175239562988281,9.222228518579186,9.021906794446803,9.15050881025818,10273315
2002-07-05,9.266748428344727,9.274167131565287,9.185135337263823,9.204920997736899,5298052
2002-07-08,9.150511741638184,9.224705074403856,9.120833778047258,9.19997431375122,10129853
2002-07-09,8.757287979125977,9.22470624502705,8.72266438441464,9.15051290284618,11252818
2002-07-10,8.383844375610352,8.757283992908278,8.260188511326366,8.757283992908278,19236095
2002-07-11,7.88203763961792,8.3601897597213,7.75751853318244,8.357699419918314,37395115
2002-07-12,8.255589485168457,8.33030016836956,7.712687762422623,7.956744636078967,20240548
2002-07-15,8.591789245605469,8.7561542268772,7.9691961747250435,8.442367353014026,15779653
2002-07-16,8.367661476135254,8.920524894523423,8.342757546959414,8.57934302237931,13126060
2002-07-17,8.616694450378418,8.711328911848554,8.424936246784615,8.529531534368264,11292916
2002-07-18,8.235666275024414,8.591789439172388,8.228195259587215,8.55443436198639,7999539
2002-07-19,8.004067420959473,8.28796991675823,7.961731107071572,7.994105530754583,11111362
2002-07-22,7.96920108795166,8.193334858630209,7.869586431475585,8.004066376439763,13382687
2002-07-23,7.720165252685547,8.006558649616254,7.620550572157077,7.8944917372179395,17626831
2002-07-24,8.330302238464355,8.417465693823244,7.421315772956172,7.533383148284942,18482922
2002-07-25,9.368789672851562,9.560548442267068,9.214386521609763,9.4011646124783,29602526
2002-07-26,9.625298500061035,9.650201893257814,9.169559526631108,9.463423798924714,14597877
2002-07-29,9.874335289001465,9.93659429906326,9.714951461380402,9.799624053670161,15359738
2002-07-30,10.061113357543945,10.210535827912702,9.787172867296466,9.874335269582998,11266407
2002-07-31,10.312644004821777,10.312644004821776,9.936596862829354,10.123376057491845,9463559
2002-08-01,9.939085006713867,10.310150309061244,9.784681860067884,10.272794691999428,11984160
2002-08-02,9.99138069152832,10.153255352968408,9.827016220450579,9.93908304956849,10672735
2002-08-05,9.42606258392334,9.973944315982308,9.366293417592368,9.973944315982308,9769417
2002-08-06,9.480854034423828,9.59541066902483,9.035076543756611,9.214384098728003,19431238
2002-08-07,9.926631927490234,9.961497731424025,9.48085542937689,9.48085542937689,9215397
2002-08-08,10.148274421691895,10.185630030463416,9.787170556281387,9.869352260693166,8639992
2002-08-09,10.043678283691406,10.148274625235118,9.929121645503812,10.148274625235118,7943402
2002-08-12,10.145788192749023,10.198085857311746,9.904222588217763,10.043682674337322,6061695
2002-08-13,9.841960906982422,10.148277412438922,9.824529060389713,9.998854933317299,6719969
2002-08-14,9.96399211883545,10.023761340078194,9.737368521725072,9.856905906067315,12449296
2002-08-15,10.036215782165527,10.07855210276519,9.881812543835556,9.881812543835556,9863647
2002-08-16,9.949044227600098,10.073563277121387,9.889275041504172,10.023755445684346,8000430
2002-08-19,9.96150016784668,10.05862499923386,9.936595713761957,9.949047940804318,6647793
2002-08-20,9.737367630004883,9.959010526559547,9.650204146252094,9.959010526559547,7599005
2002-08-21,10.071078300476074,10.095982759833802,9.729896942193017,9.732387811386088,6111817
2002-08-22,10.394822120666504,10.442139086161694,10.031226312974571,10.061111436227039,8513461
2002-08-23,10.093488693237305,10.3998051927855,10.068585299911685,10.335055311995983,5787692
2002-08-26,10.255363464355469,10.384863226807623,9.961499188560225,10.185632904430687,5663834
2002-08-27,10.150763511657715,10.372407338998665,10.051148914709756,10.235436077784861,6815090
2002-08-28,9.921649932861328,10.125860876965698,9.834487550879311,10.123371067382415,4794377
2002-08-29,10.078548431396484,10.160731231052251,9.702501306197039,9.774722746769035,6185553
2002-08-30,9.968968391418457,10.145785107768255,9.866863962196266,9.986401293686324,6330796
2002-09-03,9.53315258026123,9.869353087365608,9.478364067302461,9.836978153175673,8401409
2002-09-04,9.662654876708984,9.744836609774804,9.488328994374442,9.500780162877847,11559567
2002-09-05,9.413615226745605,9.612845531348675,9.27415517748056,9.488327516846725,8597221
2002-09-06,9.33890151977539,9.558054479315622,9.289094750431614,9.470891045750205,9386482
2002-09-09,9.44599437713623,9.543119233625722,9.246765041824922,9.326456987578103,8797042
2002-09-10,9.50078010559082,9.595414064732415,9.431049541448862,9.438521089020242,7506111
2002-09-11,9.615336418151855,9.774720238885573,9.525683151256993,9.712460173371312,5645121
2002-09-12,9.518213272094727,9.729894780752122,9.436030479128497,9.712461874702981,8857189
2002-09-13,9.368789672851562,9.550587085173131,9.346376090318762,9.518212145546391,9206264
2002-09-16,9.540624618530273,9.65020059196308,9.338903457337574,9.37376926125444,7448192
2002-09-17,9.610360145568848,9.77472471991628,9.587946554034355,9.7124646258601,9626847
2002-09-18,10.066089630126953,10.21053135880472,9.81207196493971,9.861879785976237,15731312
2002-09-19,9.986406326293945,10.058627781717794,9.859397384642667,9.859397384642667,9624174
2002-09-20,10.409769058227539,10.526816622273548,10.01628900002091,10.148279661805562,19648658
2002-09-23,10.38486385345459,10.584093129710572,10.34252755288947,10.412257058878978,12137201
2002-09-24,10.484480857849121,10.559192117842615,10.185635817875147,10.272798249105412,11127624
2002-09-25,10.907845497131348,10.920296668915961,10.409770055878658,10.584095984152631,13964107
2002-09-26,10.434670448303223,10.668765531319012,10.39731482743596,10.459573842833747,21042507
2002-09-27,10.048660278320312,10.42968687037082,9.986400222085317,10.335052939316235,15895491
2002-09-30,10.061113357543945,10.173180210320512,9.675104956377034,10.046171322135642,11759612
2002-10-01,10.459569931030273,10.50937775960651,10.038696901081634,10.081034243164101,12944728
2002-10-02,10.372410774230957,10.671255722191649,10.33505515573587,10.44214133263131,8813081
2002-10-03,10.556699752807617,10.706122251621192,10.447123747477763,10.459574916950181,9976367
2002-10-04,10.18314266204834,10.449612692311273,10.088508702812135,10.434670655296554,9585635
2002-10-07,9.84943675994873,10.133339806018688,9.78717771914537,10.086022808030927,14064575
2002-10-08,9.829510688781738,9.94406736949943,9.483348719792929,9.911692425352468,19035383
2002-10-09,10.036215782165527,10.422224407062195,9.612851518025424,9.67511056404999,18249017
2002-10-10,10.097582817077637,10.428241087322595,9.837065179758424,10.04497840673284,13976805
2002-10-11,10.393171310424805,10.445775718113437,10.095077892940125,10.220327344291192,11040967
2002-10-14,10.84156322479248,10.859097318832779,10.62112473075458,10.646174196776094,10938495
2002-10-15,11.054484367370605,11.172218433113882,10.85909537434168,11.122118445692516,11406750
2002-10-16,10.89666748046875,11.25989043938376,10.778933443015692,11.072016862134298,9221189
2002-10-17,11.072019577026367,11.177228380343946,10.96430529536821,11.134643763348798,8696797
2002-10-18,11.02192211151123,11.119616630861236,10.91170339064042,10.99687264412004,8075057
2002-10-21,10.934248924255371,10.984348930467046,10.7589004990391,10.846575243822102,6732444
2002-10-22,10.721322059631348,10.829036343977803,10.643667130026031,10.758896785232452,7674968
2002-10-23,10.81149959564209,10.826530335147954,10.408198522700324,10.621121581626001,9785902
2002-10-24,10.633646965026855,10.93424475909122,10.583548042249014,10.93424475909122,6315871
2002-10-25,10.791460990905762,10.854085175149855,10.621122528578276,10.633646726817513,6515024
2002-10-28,10.666210174560547,10.959293617801718,10.593566215407948,10.959293617801718,6694796
2002-10-29,10.488362312316895,10.859098714481734,10.348082091518544,10.708800834686318,9971244
2002-10-30,10.548477172851562,10.601081571154756,10.300483793023053,10.488358468704638,9007334
2002-10-31,10.488362312316895,10.62112609581847,10.305497461634083,10.458301884878084,7914442
2002-11-01,10.453291893005371,10.513411682969567,10.275438002188213,10.345577579754835,6919568
2002-11-04,10.538459777832031,10.728838910502898,10.41571579918284,10.49587515389965,6273100
2002-11-05,10.88415241241455,10.936756845289045,10.57102916629498,10.68375340717603,8053448
2002-11-06,11.410196304321289,11.497869984615706,11.021923651582613,11.021923651582613,15386025
2002-11-07,11.435245513916016,11.497869721888161,11.249877304856613,11.40268067032657,11499866
2002-11-08,11.495367050170898,11.542961583168857,11.362603240823978,11.422721978705694,8802834
2002-11-11,11.044468879699707,11.385147010879884,11.03945898544336,11.347572271782425,7546878
2002-11-12,10.881637573242188,11.044461691474607,10.796468361966475,11.044461691474607,8760731
2002-11-13,10.766414642333984,10.99436746263451,10.616115705221686,10.901682834255364,10596326
2002-11-14,11.011894226074219,11.034439262320777,10.80147566168768,10.896664632118924,6933156
2002-11-15,11.259893417358398,11.294962664357046,10.89416594834,10.896670362379508,10075944
2002-11-18,11.157188415527344,11.335042247875942,11.07953349061275,11.28494226198429,6161048
2002-11-19,11.13214111328125,11.272420249498596,11.024426814555415,11.15218068578387,7458662
2002-11-20,11.322514533996582,11.377624400111207,11.054481636551449,11.14716621786258,10002654
2002-11-21,11.299970626831055,11.495358508461992,11.267405802501054,11.435238750902828,7259286
2002-11-22,10.97182559967041,11.39767196110946,10.959300331034031,11.360097219550141,11021141
2002-11-25,10.966812133789062,11.044466006737423,10.808997844891572,10.896671503746205,9799268
2002-11-26,10.861601829528809,10.981841384414325,10.771422695539384,10.80899742339743,9525711
2002-11-27,10.921722412109375,11.084546599613942,10.806492741487027,10.86160263023465,5320996
2002-11-29,10.966812133789062,11.069515471503108,10.82903741670412,10.87162203898052,3214295
2002-12-02,10.533447265625,11.0619988439355,10.4207231012997,11.021918644367966,10443285
2002-12-03,10.56601333618164,10.771422121349115,10.445774852055083,10.608597954527413,10071711
2002-12-04,10.583549499511719,10.671223158619508,10.435756060443222,10.566014341950373,6377132
2002-12-05,10.395679473876953,10.571027917527823,10.31802450930238,10.571027917527823,9481603
2002-12-06,10.756392478942871,10.771422156464016,10.370624369803895,10.395674896688512,10144779
2002-12-09,10.433253288269043,10.85909962273122,10.425737914693345,10.69627646252205,7506111
2002-12-10,10.165217399597168,10.32052620749283,10.057503106210723,10.232851485615642,12948070
2002-12-11,10.27794361114502,10.295477707496014,9.97484024276797,10.019930351898328,7800163
2002-12-12,10.232852935791016,10.358102404172843,10.177744106330662,10.280447457045213,7158596
2002-12-13,10.140168190002441,10.300485830454262,9.954798955835667,10.19527701303762,11246581
2002-12-16,10.26041030883789,10.26041030883789,9.969832154666669,10.170231138593339,7792589
2002-12-17,10.272932052612305,10.493370539979491,10.262911202157419,10.262911202157419,8469576
2002-12-18,10.212810516357422,10.350584148151736,10.145176439595502,10.33304899330631,7309186
2002-12-19,10.117623329162598,10.320526660473146,10.019928817242851,10.175237631955204,7823331
2002-12-20,9.694276809692383,10.117619535962383,9.596583398748407,10.117619535962383,21063447
2002-12-23,9.551496505737305,9.719330578538344,9.431256947597868,9.69428004972211,12082400
2002-12-24,9.443781852722168,9.538971942773372,9.418732389208387,9.456307116653768,4795491
2002-12-26,9.180754661560059,9.481352346911558,9.165724990162271,9.376143582778111,8378687
2002-12-27,9.213325500488281,9.293484864657238,9.083066134582616,9.245890341964698,5398742
2002-12-30,9.293484687805176,9.333564901301758,9.18577037794828,9.213325325161627,9907532
2002-12-31,10.019928932189941,10.03245313290188,9.268434315493172,9.29348378126656,18489160
2003-01-02,10.032454490661621,10.205298488763924,9.977345658501918,10.019930288254699,20914417
2003-01-03,10.13015079498291,10.132656274513852,9.954802351361664,9.99488150905802,11466451
2003-01-06,10.19527530670166,10.23285003011168,9.994876427065124,10.065015981720446,8846051
2003-01-07,9.73686695098877,10.212814337727773,9.691777904392774,10.182754973330441,14261946
2003-01-08,9.982353210449219,10.052492772001761,9.8320543020294,9.8320543020294,10159704
2003-01-09,10.014917373657227,10.145176702717078,9.957302015435008,9.99988663234314,8390048
2003-01-10,9.964818000793457,10.01491799144916,9.874638869092717,10.01491799144916,6476040
2003-01-13,9.935840606689453,10.102150608886472,9.865283161058267,10.041674633787352,6124515
2003-01-14,9.842605590820312,9.85016562416308,9.54778142124587,9.701493890710266,18371762
2003-01-15,9.562901496887207,9.822448038405017,9.467146773999488,9.819928740789402,21478461
2003-01-16,9.877884864807129,9.893004932328358,9.57550064517706,9.57550064517706,18208697
2003-01-17,9.57550048828125,10.112232897600055,9.489825103546487,9.915682729791147,20163694
2003-01-21,9.678817749023438,9.822449859991789,9.560383972257888,9.676298450940616,12113587
2003-01-22,9.63345718383789,9.782128906649975,9.608257788281962,9.66369517369558,7710388
2003-01-23,9.646052360534668,9.714088348715157,9.572975638506453,9.63345373793777,8726871
2003-01-24,9.411707878112793,9.64605605274526,9.361311227086654,9.57801896784815,7812638
2003-01-27,9.313432693481445,9.439425375761028,9.192478604991654,9.38650836354965,8832239
2003-01-28,9.499903678894043,9.53518133481834,9.19247982314123,9.394069640446595,7887933
2003-01-29,9.620855331420898,9.646053650659015,9.341150240517822,9.44950354857886,8409652
2003-01-30,9.567939758300781,9.789688237635831,9.494864078054075,9.789688237635831,8779444
2003-01-31,9.605742454528809,9.751893869818606,9.537705343264632,9.567943345598733,7875235
2003-02-03,9.550296783447266,9.726687119135477,9.497378719134169,9.562895404848827,6654921
2003-02-04,9.373908996582031,9.499901668900057,9.215156901825154,9.462103653069782,8144782
2003-02-05,9.293272972106934,9.54777977510582,9.25295565636223,9.449504711966485,5826453
2003-02-06,9.298309326171875,9.464621406431249,9.157197700629851,9.290750367498106,9781892
2003-02-07,9.411707878112793,9.47470529790729,9.147121712864642,9.386509552599724,8827561
2003-02-10,9.308387756347656,9.414221720821521,9.008523072548694,9.414221720821521,15568247
2003-02-11,9.114367485046387,9.202562189289447,9.02365241206857,9.19752252249484,10815305
2003-02-12,8.922856330871582,9.119406534582188,8.887578130359737,9.071529167936617,8613483
2003-02-13,8.789294242858887,8.91024718014776,8.643141394014634,8.706138228550403,11835129
2003-02-14,9.023649215698242,9.046327172903496,8.769141850022978,8.819539035454728,10938495
2003-02-18,9.222718238830566,9.308394691371573,9.142082522328387,9.14712218769261,7358863
2003-02-19,9.021125793457031,9.303350150453383,8.995926406267342,9.298310487150278,8795706
2003-02-20,8.869935989379883,9.152160969903738,8.837178167673452,9.134522678168294,7361982
2003-02-21,8.839695930480957,8.980808120035766,8.696062838402906,8.940490275114803,11869658
2003-02-24,8.66330623626709,8.89513401082706,8.622988385706103,8.882534849819628,8111590
2003-02-25,8.743946075439453,8.759065074877759,8.504558170304326,8.605352570567876,9707711
2003-02-26,8.743946075439453,8.91529687708994,8.733866207143162,8.806942441769817,7463563
2003-02-27,8.953089714050293,9.018606414844994,8.721261964678277,8.73134129238911,9565363
2003-02-28,8.975768089294434,9.05640377583895,8.895132402749917,8.932930414276228,8272873
2003-03-03,8.827099800109863,9.071527320693036,8.78930177406812,8.9757715362259,7490740
2003-03-04,8.93545150756836,9.084123742917853,8.819537624878249,8.827097656520552,7732665
2003-03-05,9.056401252746582,9.101759282211196,8.935447756627172,9.033723308688185,7716180
2003-03-06,8.874972343444824,9.023645069599139,8.842214000597638,8.90269048826112,7946966
2003-03-07,8.932938575744629,8.968216787756493,8.69607042785423,8.74394888078209,5723312
2003-03-10,8.696064949035645,8.862376568120302,8.67590628935099,8.832138578593323,5878358
2003-03-11,8.761585235595703,8.844740806289302,8.577634725533764,8.711187498242813,7278444
2003-03-12,8.806937217712402,8.811976881202435,8.668344330388122,8.73134065935062,7671181
2003-03-13,9.04128646850586,9.07152552576079,8.874975400964157,9.07152552576079,9757388
2003-03-14,8.867413520812988,9.021125930579544,8.839695372224593,8.920331056974106,7841152
2003-03-17,9.210123062133789,9.210123062133789,8.822062794957613,8.869940169196475,8746920
2003-03-18,9.421783447265625,9.421783447265625,9.240352384590278,9.260511034662873,9055228
2003-03-19,9.605742454528809,9.620861455695861,9.394073226165196,9.39911289322088,7453539
2003-03-20,9.507464408874512,9.603219124077178,9.363831265395877,9.467146014188074,8093992
2003-03-21,9.900561332702637,9.935840053554237,9.57801746342471,9.693931883927199,10046984
2003-03-24,9.663692474365234,9.678811465070934,9.525099049544078,9.676292168623762,9937383
2003-03-25,9.822447776794434,9.887964502501498,9.537702913330767,9.66369669897318,8315421
2003-03-26,9.789690971374512,9.822449339439546,9.714094902097488,9.764492638507123,6845609
2003-03-27,9.70653247833252,9.802287179778114,9.575499052770455,9.658655127609721,8662937
2003-03-28,9.62841510772705,9.676293524347914,9.562898401482054,9.613296114903061,6923800
2003-03-31,9.477225303649902,9.55282135651531,9.33359323147548,9.44950660817597,9473361
2003-04-01,9.804808616638184,9.81740724461829,9.467145686358789,9.47974538501349,8200920
2003-04-02,10.1676664352417,10.255861083976809,9.988755699948754,9.991274996423009,10150348
2003-04-03,9.923238754272461,10.150025752978655,9.923238754272461,10.150025752978655,8574721
2003-04-04,10.12482738494873,10.137427078965032,9.9660763795795,9.978676073595802,6663386
2003-04-07,10.122308731079102,10.336497118906955,10.092069677655347,10.306259136157472,9092208
2003-04-08,10.061837196350098,10.19287066792404,10.00892016226827,10.155072633483469,6954765
2003-04-09,10.132387161254883,10.28105990662451,9.860241057915939,10.180264498371624,16184642
2003-04-10,10.10719108581543,10.134909778634226,10.04167544085908,10.134909778634226,6431041
2003-04-11,9.918303489685059,10.306213004183304,9.859989569484835,10.12366690672655,8203370
2003-04-14,10.176916122436523,10.17945198038889,9.938592874128144,9.971552563979717,6881697
2003-04-15,10.029860496520996,10.143951425712077,9.913234787883535,10.141416646265698,9513013
2003-04-16,9.806751251220703,10.100852516057031,9.750974242358645,10.093247098930389,5549777
2003-04-17,10.050146102905273,10.050146102905273,9.806751210765782,9.806751210765782,6741355
2003-04-21,9.875207901000977,10.085642067179778,9.811823311311075,10.050147601847387,6834471
2003-04-22,10.065357208251953,10.085639755221038,9.763649474441733,9.849851376314808,7719967
2003-04-23,10.116064071655273,10.136347696873306,9.981690575515191,9.989297069628767,5768757
2003-04-24,10.121131896972656,10.184516457632046,10.037465871238497,10.090708083479182,8208494
2003-04-25,10.012112617492676,10.197192430724114,9.991828998063113,10.16169798191724,6788804
2003-04-28,10.18451976776123,10.252973908997326,9.943660728931839,9.963944355107532,4709948
2003-04-29,10.29861068725586,10.349318136645504,10.067892923650264,10.237761963439198,6702816
2003-04-30,10.301145553588867,10.425376691996904,10.141417803591688,10.242831615361089,8014464
2003-05-01,10.450730323791504,10.549609349873172,10.1540932455465,10.298609076667212,7102236
2003-05-02,10.727083206176758,10.767648295374352,10.359457237679068,10.450729765627987,10334575
2003-05-05,10.526790618896484,10.747365989442553,10.48368967203973,10.729618223897315,5652696
2003-05-06,10.749903678894043,10.765115590274348,10.552145599186447,10.623135596215748,7209387
2003-05-07,10.82596492767334,10.927378753220824,10.564823330428059,10.749904289199074,9386927
2003-05-08,10.863996505737305,10.95780492465984,10.777793505190683,10.787935858449783,8828675
2003-05-09,10.998373985290527,11.028797824248478,10.864000414010244,10.927383950466863,7596777
2003-05-12,10.957805633544922,10.960340414082632,10.775259421892711,10.889350400204794,7535739
2003-05-13,11.021185874938965,11.092175867713006,10.927377477834966,10.970478429456227,9236115
2003-05-14,10.927379608154297,11.028793441636171,10.869066734696322,11.023722803824812,6558241
2003-05-15,11.135275840759277,11.1783767885928,10.990760010872682,11.06174999740808,9019363
2003-05-16,10.914698600769043,11.206263913044173,10.914698600769043,11.155556480679463,8960775
2003-05-19,10.455806732177734,10.889352310363192,10.394957984286533,10.889352310363192,11751592
2003-05-20,10.394952774047852,10.488761168475126,10.311286730231304,10.394952774047852,8555118
2003-05-21,10.496366500854492,10.595245531168501,10.351851740802474,10.394952690848923,7347056
2003-05-22,10.63581371307373,10.787934995479985,10.498904343457173,10.501439123628135,8313417
2003-05-23,10.668771743774414,10.75243778978746,10.547074305795197,10.623134935218589,3803958
2003-05-27,10.886813163757324,10.902025075316386,10.572429349185175,10.668772532980451,6518811
2003-05-28,11.04146957397461,11.049076068629526,10.851317980147577,10.886813518864404,8729099
2003-05-29,11.109922409057617,11.561214422754036,11.071891021202095,11.561214422754036,13933365
2003-05-30,11.295005798339844,11.419239118968136,11.12006717639827,11.206269097218533,11154356
2003-06-02,11.137812614440918,11.381206412346607,11.104852936648582,11.358388008143534,7967460
2003-06-03,11.168238639831543,11.256975339881542,11.06682372941057,11.155561506715252,7021149
2003-06-04,11.322894096374512,11.4699447390063,11.117530583618544,11.4699447390063,5351293
2003-06-05,11.469942092895508,11.475012729247181,11.206265770845375,11.256972134362107,6426586
2003-06-06,11.4623384475708,11.761510347549796,11.421772273236822,11.497832907515305,7789470
2003-06-09,11.381208419799805,11.599247994936372,11.335571603344091,11.464874480295729,5906649
2003-06-10,11.581499099731445,11.596711009906313,11.398954023124114,11.505438471602648,5415227
2003-06-11,11.561211585998535,11.609383157306317,11.495293330751213,11.53839426703997,8230325
2003-06-12,11.594175338745117,11.624600236836953,11.482620251753652,11.622064379806604,5860759
2003-06-13,11.561211585998535,11.647413458576048,11.513040014690754,11.624596139617484,6977264
2003-06-16,11.71841049194336,11.77672336308948,11.525723030986871,11.563753351691672,8463561
2003-06-17,11.789400100708008,11.900955201651975,11.726015516820777,11.789400100708008,10971242
2003-06-18,11.662630081176758,11.814751333737721,11.606852001303224,11.789398150729037,8606800
2003-06-19,11.561211585998535,11.753898948483755,11.434444633268823,11.751364169601288,8203593
2003-06-20,11.56375503540039,11.723482836519134,11.51051279411241,11.637279830082878,11536845
2003-06-23,11.244302749633789,11.535868283134656,11.168242082002694,11.52319222336615,7930481
2003-06-24,11.264579772949219,11.388811992079258,11.183448505818285,11.282327540611934,6807516
2003-06-25,11.246832847595215,11.447126789244004,11.244298067598981,11.333034758049344,7275771
2003-06-26,11.363458633422852,11.406559584760771,11.155559293290256,11.231619922387111,5585643
2003-06-27,11.054146766662598,11.363459955835562,10.978086128714251,11.363459955835562,8261735
2003-06-30,11.094715118408203,11.218947374449378,10.990764338607564,11.104856395155874,6366439
2003-07-01,11.04146957397461,11.102318299450179,10.72454989184469,11.066822760733352,10387594
2003-07-02,11.201196670532227,11.23669112986135,10.965408277455056,11.003438593934954,6472030
2003-07-03,11.21133804321289,11.312751862299553,11.10485358703462,11.188519637673394,3749826
2003-07-07,11.40402603149414,11.40402603149414,11.170772405073228,11.213873361046648,7886373
2003-07-08,11.282328605651855,11.43191402323899,11.241762429629741,11.40402605646361,5690566
2003-07-09,11.074431419372559,11.320361149378979,11.033865235377203,11.20880495133285,5974370
2003-07-10,11.04146957397461,11.089641167443514,10.749904155858022,10.902025430919648,12135641
2003-07-11,11.223772048950195,11.26456772674413,11.017246706200522,11.0707901530839,7537967
2003-07-14,11.228870391845703,11.422647948569654,11.205923976150585,11.284964037653824,7423688
2003-07-15,11.001952171325684,11.297717406871874,10.94075917718691,11.244173943256493,13440384
2003-07-16,10.810721397399902,11.032544713762976,10.75462774651301,10.989199915354684,8236785
2003-07-17,10.721484184265137,10.950957084166058,10.609297938765508,10.813273127555629,6512574
2003-07-18,10.55575180053711,10.627144514180877,10.410419419231722,10.410419419231722,9441282
2003-07-21,10.530255317687988,10.558302146038255,10.37727340548598,10.553202821188137,8249928
2003-07-22,10.565949440002441,10.647540795409745,10.31353017906097,10.532803290414824,9230100
2003-07-23,10.402770042419434,10.46906125864819,10.22429044098695,10.453763285672323,13661813
2003-07-24,10.201347351074219,10.512410602822063,10.193698902953537,10.351780192092617,12062574
2003-07-25,10.25743579864502,10.339026064897956,10.135049857591097,10.201342152049552,9444847
2003-07-28,10.033065795898438,10.257439377209613,9.982071455443808,10.257439377209613,12802381
2003-07-29,9.920877456665039,10.071309158454733,9.841836299781201,10.071309158454733,13801488
2003-07-30,10.015216827392578,10.03816324713031,9.816339911771333,9.956572967648334,14739111
2003-07-31,10.00756549835205,10.224289469966958,9.913226382270082,10.16054738027999,9133865
2003-08-01,9.826537132263184,10.010116046912563,9.767894364396284,10.00756584322967,8245696
2003-08-04,9.816336631774902,9.829084397736544,9.635307954970594,9.826535277883757,8415889
2003-08-05,9.650609016418457,9.913228029591831,9.599614686185532,9.829087547209888,10896392
2003-08-06,9.841836929321289,9.954023161841466,9.602165406044733,9.630212235012094,11584072
2003-08-07,10.175851821899414,10.196249130232589,9.734754070771078,9.844391228086465,12937600
2003-08-08,10.173298835754395,10.326281856483572,10.124854700030724,10.272737311721125,7244138
2003-08-11,10.096803665161133,10.24213599625677,10.045809351611455,10.17329351046238,5386267
2003-08-12,10.089156150817871,10.196243038942477,9.959120679503487,10.160547770683962,8751598
2003-08-13,10.05091381072998,10.1223054528417,9.987170615382382,10.0968088247123,6124069
2003-08-14,10.096803665161133,10.14269757234188,10.002464564266326,10.040710028591372,7129191
2003-08-15,10.117202758789062,10.135049850862924,9.982067966321596,10.08405661158184,5863432
2003-08-18,10.145254135131836,10.214095580731,10.04581564888341,10.198797602081132,6337256
2003-08-19,10.078963279724121,10.173301370153826,10.002472291978604,10.173301370153826,7047658
2003-08-20,9.943825721740723,10.04071507451134,9.859686307951012,9.994820060917394,10547317
2003-08-21,9.841836929321289,9.984620194964613,9.77809482561773,9.954023161841466,10437939
2003-08-22,9.938721656799316,10.147797156040026,9.89282774843964,10.147797156040026,17169937
2003-08-25,10.094257354736328,10.175847637871064,9.798492172116937,9.925977463480264,12998192
2003-08-26,10.186046600341797,10.224292080589201,10.089158339274851,10.089158339274851,12247915
2003-08-27,10.122302055358887,10.193693673508486,10.078957260412597,10.173295294502147,7791921
2003-08-28,10.152899742126465,10.198794748584737,9.971871003712154,10.157999066916359,6203151
2003-08-29,10.275288581848145,10.298236091504783,10.09425979272842,10.155452790696282,7113597
2003-09-02,10.49201488494873,10.509863072181446,10.275290766229173,10.339032899182042,10146783
2003-09-03,10.644987106323242,10.657735954559504,10.530250722243167,10.581245031839455,10299378
2003-09-04,10.504753112792969,10.65518474097858,10.492004265765875,10.644986096696368,6992189
2003-09-05,10.708733558654785,10.708733558654785,10.494559754161054,10.504758403579878,9976144
2003-09-08,10.91270637512207,10.917805698232462,10.711280403889509,10.718929930229526,8851174
2003-09-09,10.790323257446289,10.920358738920775,10.75717819029104,10.91016009005006,6162830
2003-09-10,11.035096168518066,11.188078082206541,10.790324239937112,10.790324239937112,10618825
2003-09-11,11.109037399291992,11.213575189257579,11.037645764275231,11.037645764275231,7949194
2003-09-12,11.233968734741211,11.267114878610824,10.971349787166075,11.065688895360282,7831796
2003-09-15,11.152379035949707,11.249268352383828,11.116683770257442,11.233969298023872,7145898
2003-09-16,11.200828552246094,11.208476999024528,11.091190342710966,11.137085356779187,6720637
2003-09-17,11.231423377990723,11.27476818321304,11.160031742915853,11.218674523507937,6954987
2003-09-18,11.246722221374512,11.325763391909252,11.198278087290056,11.20592761723997,6398294
2003-09-19,11.080987930297852,11.244169545292037,11.065689958584061,11.244169545292037,7866993
2003-09-22,10.889764785766602,11.007050352599027,10.775027256594573,10.887214581407514,8306511
2003-09-23,10.971353530883789,11.001950565161073,10.716384023102698,10.887214124157186,6720860
2003-09-24,10.734230995178223,10.950954998242437,10.683236666019333,10.925458375337582,8964340
2003-09-25,10.734230995178223,10.85916607243578,10.63989186540649,10.657740043114478,7244138
2003-09-26,10.790323257446289,10.866815290674946,10.675587915976172,10.734230688657357,8689892
2003-09-29,10.848973274230957,10.961159558864656,10.746984560909672,10.792879590239226,8107135
2003-09-30,10.848973274230957,10.922914062206615,10.72658725158532,10.836224414228356,10315863
2003-10-01,10.907610893249512,10.956055021532793,10.683237347330094,10.746979450331898,10470686
2003-10-02,11.001952171325684,11.035098331344624,10.874466857149027,10.910163221792253,9901740
2003-10-03,10.869366645812988,11.180429833716776,10.86171711591274,10.996851949604478,9476480
2003-10-06,10.89741039276123,10.976451540407474,10.820919448809605,10.86936356886576,6198919
2003-10-07,10.759726524353027,10.803071320559857,10.70873220037773,10.785223144666142,9109138
2003-10-08,10.695988655090332,10.8183735642647,10.622047885313059,10.810725116825393,7689448
2003-10-09,10.759726524353027,10.925457264760944,10.734229904039914,10.894861320385207,12367764
2003-10-10,10.71741008758545,10.85076891207839,10.499420539606852,10.822558307691397,8253492
2003-10-13,10.773829460144043,10.850767062750295,10.732796653247446,10.771264364875437,6537078
2003-10-14,10.796914100646973,10.822559612419914,10.64303885065842,10.740492885071049,8861867
2003-10-15,10.753315925598145,10.861028162113644,10.691765609156962,10.822559350547333,8786795
2003-10-16,10.835384368896484,10.930274409718184,10.74818852747812,10.74818852747812,8214508
2003-10-17,10.714848518371582,10.886675100126213,10.655863290152462,10.837948077712543,8155698
2003-10-20,10.835384368896484,10.861029884114943,10.640476273884993,10.717412819540371,9553334
2003-10-21,10.89950180053711,10.945664830730204,10.75588469513182,10.87385627802756,6518811
2003-10-22,10.519939422607422,10.899498488801957,10.509681216720484,10.899498488801957,9890602
2003-10-23,10.673815727233887,10.681509927234377,10.525069548071322,10.535327754954853,7772540
2003-10-24,10.709720611572266,10.714849715047828,10.509682306998235,10.61739456966075,6355746
2003-10-27,10.625088691711426,10.763576663886345,10.594312981408287,10.709720532950456,4812421
2003-10-28,10.886672019958496,10.899495318424995,10.591744872631114,10.643036976821849,8884812
2003-10-29,10.999516487121582,11.027727095215463,10.74562210395213,10.886674054746063,11630630
2003-10-30,11.012341499328613,11.027728808950464,10.894369946209828,11.002083292914046,8245027
2003-10-31,10.930274963378906,11.025163919331499,10.873853737364742,10.989260196206994,6279560
2003-11-03,10.976431846618652,11.01233664291133,10.89436514181773,10.937963044690871,5491413
2003-11-04,10.727673530578613,10.886676835585574,10.66612319625853,10.886676835585574,9168839
2003-11-05,10.850768089294434,10.853332095130474,10.514807047506626,10.7276685672836,6719078
2003-11-06,10.835384368896484,10.858464787755297,10.245528801467119,10.245528801467119,5481611
2003-11-07,10.645606994628906,10.855902430727845,10.589184673223194,10.855902430727845,9132083
2003-11-10,10.609699249267578,10.678942676602006,10.527632521077512,10.671249567828994,7113152
2003-11-11,10.686637878417969,10.735364900698722,10.53019751612268,10.573795435514699,5657374
2003-11-12,10.727673530578613,10.750753952482372,10.612265972681117,10.699462915278753,6460669
2003-11-13,11.248281478881836,11.30983179589841,10.681507504549765,10.719976316475694,15694556
2003-11-14,11.335477828979492,11.538080102490287,11.155955971946126,11.438060968944638,15239890
2003-11-17,11.325220108032227,11.348301615171733,11.186732154870727,11.335478313499667,7054564
2003-11-18,11.304705619812012,11.486790432341516,11.284188115711963,11.412417885215461,7445964
2003-11-19,11.37651538848877,11.515003393424122,11.317530140161542,11.476534563701854,7757169
2003-11-20,11.166217803955078,11.368821232950445,11.120055866330537,11.368821232950445,6903083
2003-11-21,11.199557304382324,11.258543635804838,11.138008055434026,11.166217583030754,7730214
2003-11-24,11.43293285369873,11.461143464802204,11.179038443443064,11.19955485527265,9443287
2003-11-25,11.402155876159668,11.440624685216413,11.243151538036809,11.432930487534922,7897735
2003-11-26,11.438061714172363,11.47396543411299,11.245717633158678,11.407287097080397,7470914
2003-11-28,11.335477828979492,11.40985036027724,11.335477828979492,11.399592155248273,2098236
2003-12-01,11.538080215454102,11.750940696077878,11.373946754032719,11.399592266856217,8760286
2003-12-02,11.607322692871094,11.607322692871094,11.45344744920011,11.548337473377325,9048991
2003-12-03,11.612452507019043,11.797102357548697,11.589371003283993,11.668872628768154,7994415
2003-12-04,11.630407333374023,11.668876154664481,11.563727897847134,11.635536436901038,5974370
2003-12-05,11.53039264678955,11.638104942079416,11.353435799091043,11.638104942079416,6265080
2003-12-08,11.620149612426758,11.645795131134662,11.48422672876125,11.530389752111223,6412106
2003-12-09,11.684263229370117,11.768895070370906,11.586809174648488,11.597067381495432,7098449
2003-12-10,11.63297176361084,11.720167608251,11.599632047757174,11.712473408563369,6722197
2003-12-11,11.735552787780762,11.784279804489401,11.632969652061279,11.694518879687704,6190008
2003-12-12,11.753503799438477,11.789407511304043,11.617580970005863,11.789407511304043,5163946
2003-12-15,11.707340240478516,11.809924448876146,11.694516942009997,11.756067249113523,5940064
2003-12-16,11.77146053314209,11.804801344031771,11.722733499754705,11.732991707870385,5941401
2003-12-17,11.69451904296875,11.766327565877623,11.56372529792327,11.707342343741017,6856302
2003-12-18,11.943284034729004,11.986881948695641,11.717600266682407,11.732987573433793,13557559
2003-12-19,11.899682998657227,11.950975097379828,11.83043959160559,11.950975097379828,12017129
2003-12-22,11.874038696289062,11.925330800204597,11.809924383651087,11.868909594865036,7930036
2003-12-23,11.927900314331055,11.938158521916307,11.812493844483344,11.822752052068594,7450865
2003-12-24,12.017660140991211,12.03817655424245,11.845832455822944,11.92533519168498,4431713
2003-12-26,12.012527465820312,12.05356028012191,11.930460747541781,12.002268172569579,2944080
2003-12-29,12.092031478881836,12.092031478881836,11.958672626686813,11.98688323693388,7325225
2003-12-30,11.943284034729004,12.081771974842326,11.912509421226236,12.002269255447027,7023822
2003-12-31,11.950974464416504,12.002265470747417,11.902247463564592,11.97661996758196,7922016
2004-01-02,11.989444732666016,12.092027847568993,11.884296522294735,11.950975928367997,6894172
2004-01-05,11.989444732666016,12.117674443551152,11.84839281346502,12.079204549577913,14395828
2004-01-06,11.902251243591309,11.974059764935289,11.838136920478105,11.912509448115387,7790584
2004-01-07,12.027920722961426,12.027920722961426,11.835576586556668,11.91251424111857,7774322
2004-01-08,11.674002647399902,11.681696845807533,11.568855503773522,11.668873545019968,17053876
2004-01-09,11.522697448730469,11.694524086876172,11.51500324701347,11.607328219237832,13285561
2004-01-12,11.397027969360352,11.532950818367011,11.358559156269752,11.522692613499581,11558676
2004-01-13,11.457630157470703,11.462787694019703,11.26937733414151,11.395738623166425,8744024
2004-01-14,11.47568416595459,11.498893632495479,11.29774638342974,11.457632236898732,10335021
2004-01-15,11.591730117797852,11.602045192514177,11.320955571486701,11.411214118829237,9916443
2004-01-16,11.153332710266113,11.449894939172534,11.124965707339305,11.277115796543743,24586497
2004-01-20,11.161069869995117,11.279694326522797,11.14301794114387,11.179120703129891,11832456
2004-01-21,11.269381523132324,11.375112705263039,11.104338100782762,11.153335264069348,13352836
2004-01-22,11.109487533569336,11.277110150709868,11.101751779372629,11.230691242666062,13757157
2004-01-23,11.081124305725098,11.256482736578151,11.068231012449367,11.161067764329438,9337028
2004-01-26,11.315794944763184,11.346740160463696,11.086280759977818,11.086280759977818,9474475
2004-01-27,11.189437866210938,11.32095672582911,11.153334005306007,11.235855707167403,9324553
2004-01-28,11.295166969299316,11.369951802790105,11.212644186823708,11.212644186823708,10579173
2004-01-29,11.28227424621582,11.302904397024953,11.171385542041941,11.217803381362488,11907306
2004-01-30,11.109487533569336,11.28742522011607,11.06306972124142,11.284847000622467,10103344
2004-02-02,11.212644577026367,11.279693655298393,11.063074904839732,11.119807813156028,10008668
2004-02-03,11.411215782165527,11.411215782165527,11.14044010066877,11.269380744850565,10066365
2004-02-04,11.413787841796875,11.52725471467881,11.333845496390156,11.411209621992025,16356172
2004-02-05,11.493730545043945,11.514361782705185,11.380263668629388,11.398315590689451,8244582
2004-02-06,11.442159652709961,11.51694449428593,11.36995303202464,11.462789802701058,6350845
2004-02-09,11.4395751953125,11.498888493457038,11.336423395995556,11.475679037288828,8492743
2004-02-10,11.372529983520508,11.475681807740298,11.349320521749085,11.41121205456746,7314310
2004-02-11,11.501471519470215,11.56594128401969,11.308061130105337,11.41637160557954,9177750
2004-02-12,11.287430763244629,11.457631683462496,11.27195705582047,11.43700153451886,8325000
2004-02-13,11.426691055297852,11.460215608671398,11.287435302493654,11.287435302493654,9485167
2004-02-17,11.604622840881348,11.630410523965171,11.452472771396046,11.452472771396046,10795702
2004-02-18,11.498892784118652,11.604623938335816,11.475683319290134,11.545310618059288,12227198
2004-02-19,11.176542282104492,11.485998905022509,11.135280887714412,11.485998905022509,19640639
2004-02-20,11.186858177185059,11.359638429843214,11.15849117190836,11.217803403459715,9550883
2004-02-23,11.274538040161133,11.328693832724198,11.181701260464807,11.217804026456925,6770537
2004-02-24,11.230698585510254,11.274538207007742,11.143019342515279,11.20748911631356,7895284
2004-02-25,11.217803001403809,11.259064397341035,11.153333234450663,11.217803001403809,6074392
2004-02-26,11.101755142211914,11.210064499500993,11.07596636516882,11.161067357121828,8507223
2004-02-27,11.037288665771484,11.153334921267739,10.975397110363485,11.037288665771484,8220523
2004-03-01,11.192017555236816,11.238436497998148,10.980555187105642,11.037289206987998,8070601
2004-03-02,11.246167182922363,11.292586104736225,11.130120974103924,11.135278510336997,8678531
2004-03-03,11.328690528869629,11.344163138353881,11.163646073888797,11.248747069626589,7616381
2004-03-04,11.251324653625488,11.315795499737717,11.192012439432501,11.269376578194208,6245477
2004-03-05,11.238430976867676,11.318373333140515,11.173960132958936,11.20490644483566,10793029
2004-03-08,11.127546310424805,11.253907632096912,11.104336842099679,11.23843501845235,8414330
2004-03-09,10.934136390686035,11.173964652218181,10.885139230757066,11.088864725500304,9388932
2004-03-10,10.6891508102417,10.916085802266624,10.663363116505941,10.90834894628752,14341028
2004-03-11,10.707200050354004,10.797458599300041,10.61436328054131,10.689148121421502,13991285
2004-03-12,10.686567306518555,10.73556554899643,10.601467402670293,10.72782869604826,10144779
2004-03-15,10.495736122131348,10.6865671700133,10.485421048809762,10.624676730083785,8756276
2004-03-16,10.717508316040039,10.78713667094955,10.627249824438426,10.676246946940056,10704368
2004-03-17,10.47768783569336,10.740725556409132,10.31522265214054,10.727831163768196,20303591
2004-03-18,10.338427543640137,10.480262527780729,10.268800257401084,10.41321346177176,20121146
2004-03-19,10.36937427520752,10.475105414667556,10.333270424798604,10.366794959157062,11661594
2004-03-22,10.214645385742188,10.377109415787283,10.173385097114679,10.315218982846018,9386482
2004-03-23,10.325535774230957,10.392584850130687,10.26364423526841,10.26364423526841,9696795
2004-03-24,10.147601127624512,10.37969364823816,10.129550290657923,10.304908791819335,10956316
2004-03-25,10.266222953796387,10.351322856162728,10.15533427252944,10.1604918091663,10294700
2004-03-26,10.351323127746582,10.413214664729031,10.212068539181486,10.212068539181486,8443067
2004-03-29,10.462209701538086,10.498313547376965,10.341005968266055,10.418370099959526,10740456
2004-03-30,10.562784194946289,10.583414339637356,10.446737987484731,10.495735128984117,8813750
2004-03-31,10.59889030456543,10.676254467372477,10.521527237474935,10.58341769114733,9788575
2004-04-01,10.792303085327148,10.869666161579001,10.624680347489765,10.6375736456734,10479374
2004-04-02,10.926392555236816,10.957337764143405,10.84129268288574,10.944444474956951,10817756
2004-04-05,11.060492515563965,11.07338690263897,10.916079324901874,10.941867003335783,12296033
2004-04-06,11.137859344482422,11.153331955290666,11.008919825364025,11.050180120852675,8192677
2004-04-07,11.024393081665039,11.17654207376251,11.016656227949731,11.145596850334138,13725970
2004-04-08,10.913504600524902,11.204910420145303,10.87224429767239,11.166228338362792,15125165
2004-04-12,10.624673843383789,10.738140714808846,10.521522042477736,10.637567133674539,19774967
2004-04-13,10.445605278015137,10.70512304487824,10.445605278015137,10.627267604551852,17481365
2004-04-14,10.889383316040039,10.897169302750338,10.38072825562819,10.3937034299123,16848486
2004-04-15,11.411019325256348,11.45773195210468,10.842674095204753,10.860840668094452,23213142
2004-04-16,11.452539443969727,11.522608922020149,11.289042524952173,11.41880200199269,14765843
2004-04-19,11.47070598602295,11.47330058011312,11.22416331103566,11.372089357098002,10943619
2004-04-20,11.21896743774414,11.496651719690336,11.21896743774414,11.483676550345939,9128296
2004-04-21,11.190424919128418,11.325374675258585,11.130736028022701,11.174854047884512,12883913
2004-04-22,11.483683586120605,11.488873877573203,11.058073070957173,11.125547962516013,11197795
2004-04-23,11.392850875854492,11.501848089889519,11.359113432905563,11.418802330940224,8372004
2004-04-26,11.418800354003906,11.43696692075622,11.36689745281839,11.429180934241009,7809742
2004-04-27,11.527800559997559,11.584893760752053,11.36689933433954,11.418802244116353,9817758
2004-04-28,11.457727432250977,11.499250853522216,11.382467678457399,11.46810801190011,10475587
2004-04-29,11.522612571716309,11.592683174635965,11.442162486448707,11.46032906157698,9323662
2004-04-30,11.423990249633789,11.582296849469943,11.423990249633789,11.522606861155644,8936494
2004-05-03,12.610185623168945,12.663821092253533,12.267517992656488,12.327111642162796,13175698
2004-05-04,12.449277877807617,12.610183067927743,12.38372487663389,12.610183067927743,8566694
2004-05-05,12.505894660949707,12.58932695279409,12.365847811162507,12.365847811162507,6947270
2004-05-06,12.511852264404297,12.583364625265903,12.455236535262621,12.505891716470561,5943727
2004-05-07,12.365846633911133,12.628062214097378,12.350948815573249,12.511854019135294,6086494
2004-05-10,12.15428638458252,12.395644785020625,12.085753102743938,12.35094896042524,9058358
2004-05-11,12.196003913879395,12.20792264327752,12.017220603849786,12.017220603849786,5641100
2004-05-12,12.2824125289917,12.35094698439422,12.067873079069582,12.076812716369918,6333472
2004-05-13,12.216865539550781,12.306257218396995,12.13939259328017,12.163230058431381,6107962
2004-05-14,12.261561393737793,12.431405109938435,12.184088447373899,12.216865554260867,5791997
2004-05-17,12.240700721740723,12.3807475801783,12.148328784713916,12.187065250624647,6917257
2004-05-18,12.213886260986328,12.362872799399376,12.19004879388961,12.35989252374765,5501876
2004-05-19,12.166207313537598,12.365847811411316,12.14534894444386,12.365847811411316,6679450
2004-05-20,11.99636173248291,12.13640857383612,11.97550336464574,12.106611751589313,6330971
2004-05-21,11.903996467590332,12.047022464701767,11.886117181488217,12.023184995938088,7990413
2004-05-24,11.784799575805664,11.981462126893812,11.781820486289643,11.95464439860646,8088787
2004-05-25,12.103630065917969,12.11256970381413,11.749043776671925,11.81161768835903,8599208
2004-05-26,12.22878360748291,12.258580437302443,12.038081527579676,12.088736730537438,6278658
2004-05-27,12.380744934082031,12.404582389692717,12.231758467457848,12.30625229303429,6174448
2004-05-28,12.279434204101562,12.428420666368707,12.157265470876517,12.398622663198077,6109212
2004-06-01,12.219841003417969,12.276455558612724,12.157267083704228,12.23474000697984,5808045
2004-06-02,12.276457786560059,12.29433706789059,12.148329649355817,12.291356792825821,5274698
2004-06-03,12.261561393737793,12.347972797279564,12.157270706781908,12.166210348488965,5126928
2004-06-04,12.437362670898438,12.461200132618243,12.273478344781266,12.29135644107112,7217174
2004-06-07,12.607206344604492,12.610185434770845,12.499935408037961,12.499935408037961,7090246
2004-06-08,12.72341537475586,12.738314380138123,12.55357168841971,12.559531053666822,6201959
2004-06-09,12.684680938720703,12.750235151460645,12.61018826894387,12.726397686656725,6862234
2004-06-10,12.72341537475586,12.774071756149766,12.63700398640825,12.663821722284737,7283660
2004-06-14,12.690640449523926,12.768112203788291,12.598268504184357,12.634024698460218,6905377
2004-06-15,12.81280517578125,12.86942091419375,12.681697974870907,12.738312528754609,15291163
2004-06-16,12.765130996704102,12.803867459678207,12.738313263179124,12.777049726153232,5529804
2004-06-17,12.866450309753418,12.884328416332972,12.690647151593273,12.738322102472083,5532930
2004-06-18,12.81280517578125,12.89027809726278,12.747252167590478,12.866440639738862,8812005
2004-06-21,12.681697845458984,12.815785319455903,12.678717571034507,12.812805045031428,6214673
2004-06-22,12.520792961120605,12.768109548077197,12.386705483682144,12.657860713060037,12784910
2004-06-23,12.49993896484375,12.54463480628819,12.42246719959872,12.520797340058952,5902668
2004-06-24,12.488017082214355,12.499935812323036,12.216863010919532,12.38968696655327,13197582
2004-06-25,12.085753440856934,12.499934602424196,12.070855621927542,12.488015873469157,14331805
2004-06-28,12.151308059692383,12.26155808317627,12.097672592989719,12.157267424378361,9677157
2004-06-29,12.306254386901855,12.356909580957723,12.130450160538807,12.148328255288718,7822426
2004-06-30,12.145349502563477,12.306254728841369,12.041058836831173,12.306254728841369,8112755
2004-07-01,12.13343334197998,12.26156149517576,11.981467723407084,12.157270807357095,8998333
2004-07-02,12.09469223022461,12.190043239695633,12.04403704345965,12.09469223022461,4257190
2004-07-06,11.856315612792969,12.044038565696093,11.856315612792969,11.993383372528864,8833681
2004-07-07,11.793744087219238,11.948689972885992,11.72521078568553,11.844399290682734,7051897
2004-07-08,12.00232219696045,12.106612861175863,11.778843048305218,11.793742053058539,9557524
2004-07-09,11.8890962600708,12.187068143197955,11.859299427116856,12.1721703189856,10993122
2004-07-12,12.038080215454102,12.124491604776642,11.86227597735837,11.948688551209894,8237807
2004-07-13,12.080065727233887,12.1040587835622,11.99609301058868,11.999092589705302,8100667
2004-07-14,11.927114486694336,12.107055832157322,11.852139323485233,11.9810973672138,8547311
2004-07-15,11.927114486694336,12.122051341679713,11.918116942540616,12.026082703579547,7201334
2004-07-16,11.726181983947754,12.020087113906877,11.708188084285357,12.020087113906877,7990830
2004-07-19,11.735179901123047,11.855140428202313,11.663203107994809,11.789161601817952,5950604
2004-07-20,11.807153701782227,11.834143949188276,11.681194047681283,11.735176926896173,4349521
2004-07-21,11.624216079711914,11.981100476676705,11.621217692350116,11.834147306501844,5810338
2004-07-22,11.777169227600098,11.837150105367867,11.606225335434734,11.606225335434734,5510629
2004-07-23,11.585230827331543,11.79816167281011,11.516253598915148,11.777168188613137,5813881
2004-07-26,11.549238204956055,11.621214983484176,11.480259813090816,11.591223963646609,4502293
2004-07-27,11.753169059753418,11.771162952725746,11.495253017213066,11.594221216862696,6266153
2004-07-28,11.711190223693848,11.75017761091906,11.47726590034256,11.696194707929711,5865777
2004-07-29,11.741172790527344,11.816147938504503,11.621212315323652,11.711182969776717,4733847
2004-07-30,11.801156044006348,11.840143415076948,11.690191896174529,11.744173584594373,5065652
2004-08-02,11.774168014526367,11.840146845020854,11.729182665044087,11.801159462656091,4125886
2004-08-03,11.747176170349121,11.858140346584813,11.687195308994367,11.729182269603214,5041892
2004-08-04,11.735179901123047,11.762171347571348,11.561236481147178,11.61521937404378,4921426
2004-08-05,11.609219551086426,11.762170674811234,11.606221163986834,11.681196340097813,5597957
2004-08-06,11.603219985961914,11.675196765056143,11.501253378995703,11.585226089238725,7422051
2004-08-09,11.504256248474121,11.606222884606098,11.489260734148193,11.51625218305414,7684452
2004-08-10,11.711190223693848,11.714188611525522,11.474266320308965,11.606223997748744,5017507
2004-08-11,11.930113792419434,11.97209954903915,11.651204236455,11.666199745634168,6263235
2004-08-12,11.88512897491455,11.954106174181526,11.798156686967973,11.840143637618445,5861609
2004-08-13,11.873132705688477,11.921117625282923,11.771166092777005,11.88512982973824,3747603
2004-08-16,11.996097564697266,12.056078439986404,11.837149616213356,11.906126847864561,7235306
2004-08-17,11.996097564697266,12.116059315275544,11.9661077231537,12.116059315275544,8861817
2004-08-18,12.173036575317383,12.17603496237686,11.924116800308106,11.996093588356551,5195498
2004-08-19,12.209017753601074,12.236009183509887,12.071063410824197,12.15203650834967,7430805
2004-08-20,12.298991203308105,12.34397653270586,12.173032757874891,12.2090205445126,7164235
2004-08-23,12.260005950927734,12.430950947416259,12.251009598818724,12.32298518449658,4666111
2004-08-24,12.295998573303223,12.397965208711511,12.278003479359104,12.340983923759927,3562734
2004-08-25,12.430953979492188,12.457945426805683,12.284002001254176,12.295997935126454,5609629
2004-08-26,12.361969947814941,12.469935687954003,12.346975633396557,12.400957311264893,4014381
2004-08-27,12.448949813842773,12.472941685313693,12.343983587854623,12.349981555722353,4437891
2004-08-30,12.361969947814941,12.448942217126831,12.355971983607349,12.448942217126831,3189454
2004-08-31,12.50293254852295,12.50293254852295,12.331987486089345,12.400964711740531,5533764
2004-09-01,12.61388874053955,12.625884669638895,12.45194131329588,12.502925800269987,6553356
2004-09-02,12.77584171295166,12.838820964159076,12.613894215417032,12.613894215417032,6629012
2004-09-03,12.796833992004395,12.907798162214078,12.781838479429618,12.796833992004396,5971446
2004-09-07,12.619888305664062,12.883802355925521,12.56590661787054,12.79683126282414,8979992
2004-09-08,12.646879196166992,12.68586656509128,12.565906071894206,12.655876739842352,6479366
2004-09-09,12.595900535583496,12.661879367629204,12.559912732032274,12.631888339134719,5190079
2004-09-10,12.688865661621094,12.718855485730598,12.505924754049813,12.53591457815932,4535848
2004-09-13,12.880804061889648,12.880804061889648,12.62588636166208,12.670871697913835,5922885
2004-09-14,12.8778076171875,12.892803130321354,12.76084547602754,12.850816170427246,6700083
2004-09-15,12.748848915100098,12.916794362009432,12.742850948582026,12.850815538108982,6595456
2004-09-16,12.80283260345459,12.862813464573184,12.760845643011058,12.781839123232825,3671321
2004-09-17,12.871811866760254,12.943788673113982,12.826826511814414,12.859815931068285,6919341
2004-09-20,12.772841453552246,12.874808072411351,12.733854076670635,12.820825183744011,5192997
2004-09-21,12.907795906066895,12.955779630396464,12.682869217768395,12.745848452051684,6496665
2004-09-22,12.598899841308594,12.799833528402313,12.571908393131297,12.775841659889949,8414756
2004-09-23,12.706864356994629,12.745851739167858,12.63188798009131,12.634887559736221,7969362
2004-09-24,12.69786548614502,12.733854477122222,12.658878108037342,12.673873620294646,5658608
2004-09-27,12.724862098693848,12.799837306023338,12.631891792467409,12.646887310814156,7018549
2004-09-28,12.748848915100098,12.835821217914628,12.637885938414932,12.685869670559512,7473114
2004-09-29,12.688865661621094,12.718855485730598,12.60189338340155,12.715855907218991,5858900
2004-09-30,12.703853607177734,12.76383441752045,12.571897255064622,12.718849107813591,10146936
2004-10-01,12.652878761291504,12.853813596372813,12.63488486386665,12.730853509000713,9799708
2004-10-04,12.655879020690918,12.739851738722882,12.55091282510057,12.655879020690918,12476449
2004-10-05,12.679872512817383,12.718859893772459,12.610895297359065,12.65588064521479,5495415
2004-10-06,12.655879020690918,12.706862328903012,12.58090265575428,12.700864362772272,3712797
2004-10-07,12.394966125488281,12.661879851397364,12.385969770357654,12.658880271552592,9908295
2004-10-08,12.245011329650879,12.433949025671481,12.221018276151877,12.325984457630934,6137140
2004-10-11,12.346979141235352,12.409958379408392,12.248010915390909,12.248010915390909,5165486
2004-10-12,12.448949813842773,12.475941265348517,12.29300026487796,12.331987652119164,7115465
2004-10-13,12.418770790100098,12.584756353619149,12.355393371564883,12.584756353619149,7758233
2004-10-14,12.37651252746582,12.563623796622688,12.373495242328131,12.479121817030965,7755315
2004-10-15,12.482145309448242,12.639077791607289,12.4549837337336,12.584754640178005,12143810
2004-10-18,12.4791259765625,12.596825330194822,12.448947116547608,12.509306036293554,8833264
2004-10-19,12.488180160522461,12.575699453905807,12.427821241133707,12.4519655287189,9269070
2004-10-20,12.49421501159668,12.51835809768624,12.373498381432812,12.509305040260688,5713005
2004-10-21,12.403679847717285,12.551558080690864,12.273908933119108,12.479127607472947,7134014
2004-10-22,12.331247329711914,12.4187678202547,12.313140014339098,12.403677790919295,5768445
2004-10-25,12.264847755432129,12.331242418404798,12.204490061562103,12.331242418404798,6402251
2004-10-26,12.367463111877441,12.382551941437805,12.147154443078215,12.237692219304853,7559191
2004-10-27,12.80506706237793,12.847317481572523,12.328234904313135,12.328234904313135,10123176
2004-10-28,12.889564514160156,12.901636058206211,12.723578983952665,12.750739358198205,6074406
2004-10-29,12.865419387817383,12.90163401421811,12.789970449908568,12.847310874901043,7650063
2004-11-01,12.898613929748535,12.965007397076878,12.75677034116688,12.826183492947354,9146103
2004-11-02,12.768843650817871,12.974062231159156,12.711502035990025,12.841272891138958,11304919
2004-11-03,13.161175727844238,13.248695007895394,12.958974398452847,12.971045940548457,12707795
2004-11-04,13.414681434631348,13.490129171032525,13.082709234977472,13.161175456698349,13233431
2004-11-05,13.414681434631348,13.459950316415243,13.278874789279664,13.444860289248629,8573364
2004-11-08,13.568594932556152,13.634989610178252,13.363376328687016,13.490128713496564,12284910
2004-11-09,13.580670356750488,13.671208143132606,13.462970994510481,13.55049149452853,8333681
2004-11-10,13.5957612991333,13.638011709076366,13.505223506681835,13.580671267152615,6186119
2004-11-11,13.67121410369873,13.725537279099076,13.550497402462907,13.598783603070528,5886828
2004-11-12,13.333189010620117,13.52935445138586,13.17927514158019,13.444852507649482,13839725
2004-11-15,13.426753997802734,13.459951340264919,13.260768485207855,13.36941356981025,8353897
2004-11-16,13.336215019226074,13.496164745948603,13.324143477554479,13.426752781478967,6089621
2004-11-17,13.173246383666992,13.453913917512997,13.106851706892083,13.354321902350637,8071488
2004-11-18,13.088749885559082,13.209467748465306,13.061588306419361,13.112892978253768,7361609
2004-11-19,12.901630401611328,12.98915085714697,12.862397300804941,12.977078118677928,9764902
2004-11-22,12.937847137451172,12.958971731913742,12.720555825293838,12.949918677062847,7597957
2004-11-23,12.750733375549316,13.001221995982164,12.720554529594107,12.96198889638259,7826594
2004-11-24,12.792987823486328,12.877489810793433,12.684342754010295,12.780916282401865,6435390
2004-11-26,12.853349685668945,12.961994780139891,12.750739163412677,12.756774935343499,1998958
2004-11-29,12.80506706237793,12.952945329133893,12.771869704581025,12.85335445545977,6152564
2004-11-30,12.663217544555664,12.780916875161696,12.557589755593954,12.557589755593954,6844310
2004-12-01,13.052530288696289,13.052530288696289,12.642091870203918,12.657181897264559,9203627
2004-12-02,13.17928409576416,13.248696068227144,12.968029692751742,12.977082750190007,7808462
2004-12-03,13.106850624084473,13.236621481734606,13.049510207867218,13.209461115948594,5528554
2004-12-06,13.155137062072754,13.209460189265428,12.928792698296116,13.058563546842434,6205085
2004-12-07,13.143068313598633,13.236623363977928,13.05856631986342,13.155139855601384,6718424
2004-12-08,13.23662281036377,13.384502193002392,13.182300873623376,13.248694351861634,7833472
2004-12-09,13.269822120666504,13.303019464575288,12.865420621547688,12.865420621547688,6912464
2004-12-10,13.200407028198242,13.556522270017698,12.968026875454239,12.968026875454239,6108795
2004-12-13,13.245683670043945,13.27888102557173,13.112894247932807,13.218522088274257,4776782
2004-12-14,13.426753997802734,13.426753997802736,13.170230714753185,13.27887579935558,6035015
2004-12-15,13.384505271911621,13.402612588323741,13.272841687795934,13.339236381023229,5278241
2004-12-16,13.939801216125488,13.97299855728383,13.384503072441923,13.444860783897099,18594623
2004-12-17,14.181239128112793,14.374387467478208,13.8824653587998,13.948858863249141,25249479
2004-12-20,14.009214401245117,14.187272664797154,13.933766655513425,14.154075320754703,10273030
2004-12-21,13.912639617919922,14.048446267992855,13.822101851204634,14.009213155768496,8392038
2004-12-22,14.03335952758789,14.093718452775702,13.861338210419591,13.888499786739919,5566486
2004-12-23,14.009214401245117,14.181235693411168,13.969981285532775,14.036375973617677,4486036
2004-12-27,13.885478019714355,14.033356211753027,13.882460734011843,14.006194641850499,5378491
2004-12-28,13.991106986999512,14.093716304375977,13.918676527758453,13.918676527758453,4503543
2004-12-29,14.135971069335938,14.135971069335938,13.973003985383073,13.991111305853785,4602751
2004-12-30,14.160109519958496,14.274790368667336,14.123893694244785,14.17519834759958,5359108
2004-12-31,14.078627586364746,14.15105805235008,13.976018259433935,14.15105805235008,4053981
2005-01-03,14.084662437438965,14.129931325754761,13.982053117218644,14.033357777328805,7165902
2005-01-04,13.942818641662598,14.10276957791282,13.86737090172902,14.087679550039704,7886828
2005-01-05,13.78287410736084,14.012237098909768,13.78287410736084,14.003182838825243,6601292
2005-01-06,14.09372329711914,14.154082243053738,13.846252938475638,13.849271425644876,11950188
2005-01-07,14.335148811340332,14.350237638489821,14.033355472327658,14.123893234088277,13965402
2005-01-10,14.473974227905273,14.53433314185779,14.30497022861106,14.332131799875496,12901417
2005-01-11,14.208394050598145,14.48906156874281,14.208394050598145,14.486043083732863,9620884
2005-01-12,14.241769790649414,14.402608874083144,14.10217501626183,14.247839076215067,9152772
2005-01-13,13.968649864196777,14.250875896499002,13.907957001835433,14.244806610262868,7997916
2005-01-14,14.035426139831543,14.099154307166353,13.822998513255905,13.883691431489622,9098374
2005-01-18,13.971689224243164,14.077902367837126,13.807816034862293,13.974723265065704,10155690
2005-01-19,13.974724769592285,14.108251533233028,13.929204501328977,13.974724769592287,8540017
2005-01-20,13.883686065673828,14.065767162761265,13.807819344013511,13.974726614217547,9509796
2005-01-21,13.953485488891602,14.014178387081504,13.822993948215686,13.838166569573954,9754273
2005-01-24,13.938312530517578,14.06273478913499,13.914035369727399,13.956520401110213,8083576
2005-01-25,13.932238578796387,14.03541768401092,13.898856890689668,13.941341907857616,5464152
2005-01-26,13.926170349121094,14.056661864193813,13.920101060492934,13.950447503633736,6843476
2005-01-27,13.795676231384277,13.974722021703867,13.771397875073761,13.89582007804508,8253856
2005-01-28,13.738014221191406,13.819950186461067,13.622695372914894,13.77746518390064,8599208
2005-01-31,13.662153244018555,13.780506191992524,13.613598930826129,13.738021167949151,7407670
2005-02-01,13.822994232177734,13.853340681896084,13.607531423231343,13.662155032724373,8140475
2005-02-02,13.850302696228027,13.883684387509554,13.771400736176817,13.822991500068781,5276365
2005-02-03,13.856366157531738,13.959546435543913,13.780499476948199,13.8776092623911,5035015
2005-02-04,13.813892364501953,13.865481942185395,13.753198246953744,13.795684491151093,8925386
2005-02-07,13.835124969482422,13.914026900402206,13.792638757582036,13.807812577028997,5251563
2005-02-08,13.741057395935059,13.841202492397857,13.701606406999273,13.777474343002657,6093997
2005-02-09,13.704631805419922,13.82298468716441,13.701596559354757,13.74408276600142,5890371
2005-02-10,13.650010108947754,13.78353683840837,13.616628426582599,13.780501591657956,6051688
2005-02-11,14.020243644714355,14.096111555199942,13.68339393431305,13.701601798533487,9076282
2005-02-14,14.108256340026855,14.13860279374894,13.968660240148063,13.989903360942824,6531888
2005-02-15,14.223567962646484,14.263018938733405,14.105215034385719,14.156804586748912,8228637
2005-02-16,14.211432456970215,14.250883441581133,14.171981472359297,14.223571035869213,5888912
2005-02-17,14.129495620727539,14.21446688168947,14.047559607761352,14.211432840072103,5633389
2005-02-18,14.080936431884766,14.129490731990094,13.989895912809317,14.129490731990094,8378491
2005-02-22,13.7896146774292,14.111290713572734,13.777476095655325,13.959557235020686,10219883
2005-02-23,13.88065242767334,13.9261727032686,13.783542586828675,13.807819745445245,7473322
2005-02-24,14.06879997253418,14.071834013558044,13.762296684704266,13.832094104790837,7029596
2005-02-25,14.041489601135254,14.050594138279196,13.935275228761967,14.035420311832066,6726136
2005-02-28,13.956518173217773,14.059697296483948,13.807818777547212,14.041489428797853,5873697
2005-03-01,13.94741153717041,14.071833757201262,13.920100342940616,13.956516072832422,7974573
2005-03-02,13.977762222290039,14.029351787368821,13.747125597060245,13.844235437583741,6534598
2005-03-03,13.962587356567383,14.032384785357287,13.8169232098049,13.977761182713216,5887870
2005-03-04,14.083972930908203,14.111285332674,13.926170221642362,14.00203693198898,5635682
2005-03-07,14.156806945800781,14.181085308777085,14.090044765156222,14.135565036966653,6212172
2005-03-08,14.111288070678711,14.184120754059794,14.07790637386328,14.156808346994588,6367236
2005-03-09,13.929203033447266,14.09914551123857,13.923133745410295,14.020243560379889,6714881
2005-03-10,14.047562599182129,14.111290756879859,13.892793871522317,13.911001744239007,5482493
2005-03-11,13.959554672241211,14.044525935437417,13.950450134392957,14.020247569968209,5496040
2005-03-14,13.9959716796875,14.068804369940981,13.904931118465278,13.959555937750018,5765319
2005-03-15,13.856366157531738,14.029343829935877,13.84119354524165,13.995962152693364,7973114
2005-03-16,13.783538818359375,13.822989793514454,13.692498292059662,13.786572859167736,6441434
2005-03-17,13.51345443725586,13.619668811545141,13.376893615903215,13.428483179100104,9139642
2005-03-18,13.495247840881348,13.52256024900161,13.301028148614852,13.4466923146255,14699250
2005-03-21,13.313163757324219,13.467932426959504,13.261574200779123,13.467932426959504,7746769
2005-03-22,13.27978229522705,13.504349597540985,13.152326025422745,13.152326025422745,7570654
2005-03-23,13.534700393676758,13.619671669663928,13.243370821597281,13.243370821597281,8553147
2005-03-24,13.637874603271484,13.7440889613885,13.489175225734558,13.504349050145033,6721551
2005-03-28,13.710713386535645,13.759267716099506,13.558978693891188,13.640915934598244,7888495
2005-03-29,13.883686065673828,13.974726614217547,13.771402400769015,13.807819344013511,12520425
2005-03-30,14.187158584594727,14.196261917687927,13.968660494678542,14.005077446187217,10563151
2005-03-31,14.147699356079102,14.263017021581424,14.123421000411831,14.187150326863252,8676532
2005-04-01,14.017213821411133,14.256953788392444,13.995970703573224,14.21143351095603,7308045
2005-04-04,14.014172554016113,14.087005207907557,13.953479681088174,14.068797346029175,7683201
2005-04-05,14.323714256286621,14.32978354494585,14.090043626960899,14.10825149293858,7825344
2005-04-06,14.44813346862793,14.536138739012687,14.314606733230173,14.354057704472424,9512088
2005-04-07,14.672703742980957,14.715189973351347,14.429928558176917,14.448137631980389,9074614
2005-04-08,14.524006843566895,14.690914133193935,14.511868263198947,14.672706262642011,6155481
2005-04-11,14.490622520446777,14.627183334425915,14.487587272715157,14.566489237197985,6496874
2005-04-12,14.536145210266113,14.59077002749744,14.278197365292574,14.475451102940028,7763235
2005-04-13,14.662813186645508,14.726910541450334,14.482733435557748,14.49799488384622,7575448
2005-04-14,14.739117622375488,14.803213756910978,14.60481980397307,14.623134025278464,9097541
2005-04-15,15.2213716506958,15.254946117248513,14.739122869327492,14.739122869327492,20272405
2005-04-18,14.949712753295898,15.166419605563934,14.769631898589846,15.077904958106693,14942059
2005-04-19,14.702485084533691,14.87646163070658,14.589554302877913,14.84899152201149,8509170
2005-04-20,14.436943054199219,14.696380264753417,14.412525719875054,14.589553820413208,7894331
2005-04-21,14.68111801147461,14.708586902126587,14.272121651266554,14.57429036853266,6969987
2005-04-22,14.519359588623047,14.65060464774296,14.412533089657598,14.620082964230631,5826594
2005-04-25,14.580405235290527,14.620084033430658,14.443055829423475,14.528517762852621,5934973
2005-04-26,14.632285118103027,14.791000228339541,14.50409289112373,14.50409289112373,7080659
2005-04-27,14.794046401977539,14.818464942361054,14.531557709611443,14.629228231114638,9021259
2005-04-28,14.67806625366211,14.821519902958077,14.67806625366211,14.699432026397055,7940600
2005-04-29,15.004653930664062,15.01381103805753,14.68112059847395,14.754373817589606,7984577
2005-05-02,15.07180118560791,15.10537562462675,14.94055620278149,14.95581764233839,7136515
2005-05-03,15.035177230834961,15.077907568722347,14.931401126420322,15.062646127090535,7313881
2005-05-04,15.17253303527832,15.2122118297654,14.980243399429817,15.047392315230192,7457691
2005-05-05,15.013816833496094,15.108434650812935,14.855101666371006,15.105383089399874,7165277
2005-05-06,14.961921691894531,15.126741110615699,14.928347253512083,15.059592233850802,5289704
2005-05-09,14.977187156677246,14.995501375542062,14.87951658055686,14.943613919895117,5040434
2005-05-10,14.910033226013184,15.032121091701832,14.845937126860239,14.916137558630426,5173197
2005-05-11,15.035177230834961,15.05959456677061,14.894775122516847,14.96802834366786,8387870
2005-05-12,14.992452621459961,15.108436234201488,14.955826600597781,15.071810213339308,5692997
2005-05-13,14.882575988769531,14.934463467545479,14.73912222823075,14.910046115967349,6936849
2005-05-16,15.099268913269043,15.126739014807237,14.855091985537124,14.925292412422957,5984785
2005-05-17,15.080961227416992,15.08706556175914,14.9222461078329,15.032125339335682,6476032
2005-05-18,15.062655448913574,15.154221728683932,14.998559295743286,15.077916899990239,6711130
2005-05-19,14.96802806854248,15.087064399056876,14.852044511635958,15.077907291577292,6859108
2005-05-20,14.919198036193848,15.010764293529865,14.876467682331148,15.010764293529865,5602751
2005-05-23,14.8642578125,15.01686742020449,14.803213241411553,15.01686742020449,6307628
2005-05-24,14.8551025390625,14.910042781170139,14.772693389245614,14.772693389245614,6199875
2005-05-25,14.723854064941406,14.855099089862971,14.678070944930262,14.794054525400018,6477699
2005-05-26,14.717750549316406,14.839838471695906,14.430843143050755,14.784899452630091,5463526
2005-05-27,14.650595664978027,14.833728080456657,14.62923110629102,14.772684750859687,4114006
2005-05-31,14.723854064941406,14.772689959180628,14.613974819583518,14.696383950265862,7382659
2005-06-01,14.75131893157959,14.833728032943469,14.656699950991568,14.696378721774433,6038141
2005-06-02,14.72995376586914,14.772685311552742,14.632283221463071,14.671961993879028,4502293
2005-06-03,14.733009338378906,14.848992904395775,14.635338775415628,14.665860447171609,5459983
2005-06-06,14.787943840026855,14.91003291652509,14.726900515121507,14.848988378275973,4989579
2005-06-07,14.882575988769531,14.968037932637829,14.781852593492479,14.800166820520918,6461025
2005-06-08,14.852051734924316,14.958878236306273,14.791007153174178,14.955826674558311,6261150
2005-06-09,14.949712753295898,14.964972978941464,14.772684671725271,14.806259109495683,6944560
2005-06-10,14.925294876098633,14.971077981771673,14.8398329979527,14.971077981771673,6780534
2005-06-13,14.910033226013184,15.114530188706507,14.812362690793506,14.87035445732921,5767612
2005-06-14,14.961921691894531,15.022965022277278,14.87951137586201,14.87951137586201,4279283
2005-06-15,14.961921691894531,14.99854769012418,14.778789274058541,14.974130357971081,4516257
2005-06-16,14.980237007141113,15.032124452660833,14.91003655967515,14.96192400519487,4151730
2005-06-17,15.087065696716309,15.13284881136402,14.955820687169929,15.117587368700068,10247395
2005-06-20,15.07486343383789,15.102332343623845,14.928356919371055,14.998557401436777,3832430
2005-06-21,15.093169212341309,15.135899550800541,15.059594768308441,15.10842944083328,5424135
2005-06-22,15.175581932067871,15.17558193206787,15.047389672909144,15.114537363573808,6343476
2005-06-23,14.980237007141113,15.212205338492378,14.958871231531798,15.17557812125583,5168820
2005-06-24,14.961921691894531,15.029070568659428,14.852042483861712,14.943608692779708,8520217
2005-06-27,14.952763557434082,14.998546658744793,14.888667458267848,14.955816330415233,5900167
2005-06-28,15.108426094055176,15.129791865223945,14.95276378984803,15.001599664898956,5129221
2005-06-29,15.026021003723145,15.080961226141959,14.99549933201499,15.071804117957445,5488954
2005-06-30,14.95887279510498,15.004655911428092,14.928351122004305,14.95582123446701,9824927
2005-07-01,14.964978218078613,15.151163470893854,14.946665212886364,15.026022782063727,7019591
2005-07-05,14.94056224822998,15.077911619786505,14.913092131249797,14.93140513812179,5530846
2005-07-06,14.998554229736328,15.0626503612571,14.903936419716239,14.94056243391542,7731972
2005-07-07,14.946662902832031,15.016863351891425,14.870358119651994,14.910036898108196,12606294
2005-07-08,15.062655448913574,15.096229913275348,14.894784340449522,14.949724593649663,6682368
2005-07-11,15.154213905334473,15.184736791730389,15.093170559231018,15.138953675480703,8614423
2005-07-12,15.257988929748535,15.261040490163486,15.09316948036222,15.175578598383327,13182993
2005-07-13,14.624217987060547,15.050821360161411,14.470763071103836,15.038545162093747,29627970
2005-07-14,14.308106422424316,14.765400444290044,14.27127659579548,14.611946696846822,20639642
2005-07-15,14.384830474853516,14.440074593933822,14.240583297316753,14.240583297316753,11511255
2005-07-18,14.243654251098633,14.489181950263953,14.243654251098635,14.409385417533828,8551063
2005-07-19,14.225238800048828,14.354141350230577,14.197616737863042,14.30196688612665,8056273
2005-07-20,14.378694534301758,14.394040396363236,14.237515775481283,14.271275939983044,7931847
2005-07-21,14.259000778198242,14.440077815539006,14.249794236334619,14.390971785394694,7426845
2005-07-22,14.130090713500977,14.255923541798472,14.09326090860248,14.24057768808617,10948937
2005-07-25,13.961295127868652,14.222168636839555,13.872292071670117,14.173062618896651,12144435
2005-07-26,14.03802490234375,14.117821428616436,13.909122352189508,14.00733317989687,6768445
2005-07-27,14.194550514221191,14.265139290786617,14.044165198905311,14.111685534779687,6142351
2005-07-28,14.369491577148438,14.470772104514438,14.179207948203775,14.255936064107553,7670696
2005-07-29,14.311171531677246,14.449280604261485,14.286619133010428,14.37562218820544,7504168
2005-08-01,14.430865287780762,14.492247500175507,14.30196398381285,14.378690834264654,8678616
2005-08-02,14.510666847229004,14.519874609311714,14.449284613474765,14.48611444174968,6762609
2005-08-03,14.526012420654297,14.538288623148851,14.394041413753978,14.424731919990366,4783243
2005-08-04,14.433938980102539,14.535218255786308,14.3756251910048,14.455421723395554,6616507
2005-08-05,14.268213272094727,14.44008260451551,14.255937065501287,14.394046219761954,5758233
2005-08-08,14.23444652557373,14.344933553987728,14.185340501803203,14.317311491870292,3634431
2005-08-09,14.301965713500977,14.344932413334863,14.24058349368263,14.24058349368263,6493539
2005-08-10,14.301965713500977,14.479973052924096,14.258997793611439,14.390968773184712,6458524
2005-08-11,14.357209205627441,14.403245567376626,14.271274582358584,14.34493300516842,5443727
2005-08-12,14.283550262451172,14.348002142596533,14.194547202337894,14.317310422511412,5291788
2005-08-15,14.33879566192627,14.403246327766528,14.240584833013548,14.271275335781347,4750729
2005-08-16,14.12396240234375,14.372558572423392,14.111686198889942,14.348006165515773,4922051
2005-08-17,14.145438194274902,14.298893102119052,14.145438194274902,14.176129907876971,4782201
2005-08-18,14.12396240234375,14.255933419556202,14.09634033454468,14.102478436271584,4933722
2005-08-19,14.06564998626709,14.219103751245175,14.050304121746876,14.18841324226076,5114214
2005-08-22,14.105546951293945,14.194551256886173,14.022681967516911,14.06871834073882,4861609
2005-08-23,14.025752067565918,14.10247895198606,14.01961396561455,14.071788442229211,5760108
2005-08-24,13.786364555358887,14.08406681606343,13.718844203434923,13.9490261122155,7470821
2005-08-25,13.84467601776123,13.97971671063449,13.761811025357101,13.780225332551781,7062109
2005-08-26,13.728047370910645,13.856948708642086,13.724977710461886,13.78329027848591,4893706
2005-08-29,13.850808143615723,13.933674320319708,13.639040652113009,13.642110312015648,7012505
2005-08-30,13.697357177734375,13.850812156041595,13.626768400136559,13.850812156041595,7571905
2005-08-31,13.850808143615723,13.863084343115068,13.703492529567978,13.764873527064703,9665486
2005-09-01,13.853874206542969,13.998121343291817,13.761801514147736,13.909117089946937,7044810
2005-09-02,13.774080276489258,13.896843482534534,13.746458219613805,13.872291085336581,5307420
2005-09-06,13.902989387512207,13.933681121296695,13.774088009797207,13.774088009797207,8454148
2005-09-07,14.019613265991211,14.084063943292318,13.875364827192376,13.902986894623131,5962276
2005-09-08,13.930602073669434,14.056434925255457,13.86001332962789,14.056434925255457,5040017
2005-09-09,13.985847473144531,14.041090365736649,13.87842890746551,13.933673020113119,5663818
2005-09-12,13.881498336791992,14.179200438292439,13.780219083124045,13.875360237177437,7581284
2005-09-13,13.706561088562012,13.909120822173204,13.442619136864913,13.902982722370176,14687161
2005-09-14,13.457968711853027,13.724979177139621,13.43955440736015,13.706564872646744,10557316
2005-09-15,13.411931037902832,13.522418074184527,13.33520294655112,13.504003771480217,12966653
2005-09-16,13.424208641052246,13.497867079614489,13.335204338606545,13.42727708179536,19156524
2005-09-19,13.292232513427734,13.35668316485037,13.105017438284806,13.350545065669904,9672989
2005-09-20,13.224717140197754,13.427276928895349,13.215510598017286,13.292237476448934,8488745
2005-09-21,13.227787017822266,13.335204405376418,13.105022546251854,13.117299969453668,11404335
2005-09-22,13.476380348205566,13.528554810633526,13.224714576461468,13.227784236630505,9887662
2005-09-23,13.571526527404785,13.666667718411759,13.479453777369107,13.497868083365033,9817424
2005-09-26,13.09274673461914,13.442623414962055,13.00681208997253,13.341344125952267,19637557
2005-09-27,13.114235877990723,13.212446764921657,13.074337590794736,13.166410373546016,12269487
2005-09-28,12.871773719787598,13.209374225167068,12.798115272424935,13.197096800559867,15790746
2005-09-29,12.917805671691895,12.98225633353463,12.758212627086499,12.859493110022004,13150688
2005-09-30,13.012950897216797,13.055918831897579,12.767424373534867,12.874841770124686,12685702
2005-10-03,13.037503242492676,13.126506324055171,12.95463704235937,13.012949616496169,10359942
2005-10-04,13.507067680358887,13.53162129578287,13.197089418636846,13.197089418636846,21396207
2005-10-05,13.283028602600098,13.614490934588785,13.273822061190096,13.513210438687839,10641934
2005-10-06,13.20323371887207,13.273822492216237,13.065123392678876,13.197094397658253,14305752
2005-10-07,13.105023384094238,13.255409932385444,13.080470976232835,13.20323545565194,8023968
2005-10-10,12.945425033569336,13.1326388798934,12.942355374095046,13.086602528167099,6849729
2005-10-11,13.01908016204834,13.089670118242806,12.890178885615386,12.908593179383631,7789912
2005-10-12,13.005184173583984,13.19053118726887,12.84455099560265,12.989739407788031,11613172
2005-10-13,13.15037727355957,13.227606042136241,12.918693423863795,12.918693423863795,12476240
2005-10-14,13.1719970703125,13.187443064522435,12.974293747698875,13.073145409005686,10143185
2005-10-17,13.144194602966309,13.15346244497647,12.989739574919408,13.0978578489489,7698833
2005-10-18,13.097862243652344,13.209071473021327,13.051525474087637,13.066971473281574,8982076
2005-10-19,13.576672554016113,13.623009312029705,12.98974069518288,13.051522220523134,17332430
2005-10-20,13.363518714904785,13.561221985354754,13.317181972517561,13.51488524296753,14535223
2005-10-21,13.205976486206055,13.428393627734723,13.138015590626464,13.4253039379281,12781367
2005-10-24,13.252313613891602,13.348076808386459,13.212155013363647,13.292472214419554,8635890
2005-10-25,13.369699478149414,13.468551132692635,13.252313368632457,13.277025975264106,7406628
2005-10-26,13.286294937133789,13.51180056170504,13.273938632776012,13.416037360907175,6744060
2005-10-27,13.110221862792969,13.338816055890321,13.091686169608415,13.286301123907796,5549396
2005-10-28,13.205976486206055,13.221422479205946,12.995916875887268,13.110214522449919,7414131
2005-10-31,13.298651695251465,13.46855272799314,13.190532186406704,13.406771204096227,9291163
2005-11-01,13.215245246887207,13.372789965585412,13.193621100786464,13.267760153119943,6517924
2005-11-02,13.1719970703125,13.221423514974264,13.020630502311965,13.107125859457515,9639433
2005-11-03,13.218337059020996,13.25540720859135,13.13493137151747,13.15346583229414,10380575
2005-11-04,13.15037727355957,13.277031275128877,13.042258962379622,13.267764657951316,7898499
2005-11-07,13.144194602966309,13.190531356983719,13.051521094931491,13.150372754967517,7991872
2005-11-08,13.134934425354004,13.1781815105544,13.051527490441579,13.066973492021798,6898291
2005-11-09,13.190535545349121,13.30792292667926,13.023724160332506,13.10095169887787,11058774
2005-11-10,13.221428871154785,13.277032262406156,13.131843787668428,13.230695489021409,8485619
2005-11-11,13.508709907531738,13.545780045976217,13.283204299054134,13.406769789846871,12026886
2005-11-14,12.517108917236328,13.462378810374103,12.458415837063182,13.45620065604099,29038141
2005-11-15,12.81057357788086,12.893979262571863,12.665385131333982,12.736434509257206,18528554
2005-11-16,12.535636901855469,12.711717279394247,12.29777501291407,12.69627128753533,19479366
2005-11-17,12.6221284866333,12.665376759751185,12.49547458395401,12.535633168413693,9399541
2005-11-18,12.634488105773926,12.819835089525707,12.547992764821995,12.819835089525707,8543977
2005-11-21,12.470769882202148,12.6190480153177,12.470769882202148,12.609780171491627,8946019
2005-11-22,12.146409034729004,12.396627237626618,11.769536885521303,12.341023874769693,27727178
2005-11-23,12.044474601745605,12.195842468597272,11.991959670476888,12.118613689424173,15497082
2005-11-25,12.041382789611816,12.140234469687254,12.016670176597193,12.090808015641063,5110463
2005-11-28,12.032114028930664,12.075362326427877,12.004311727399148,12.047560024896361,13638808
2005-11-29,11.788071632385254,12.03211168991136,11.788071632385254,12.025933538329472,14557107
2005-11-30,11.649060249328613,11.859119838761586,11.584189050005664,11.788070488456285,18449354
2005-12-01,11.624351501464844,11.720113487466016,11.596549198813346,11.596549198813346,16008128
2005-12-02,11.911637306213379,12.090806179392649,11.7726270370924,11.862212087690414,18630679
2005-12-05,11.797342300415039,11.920906589675472,11.738649232315911,11.8992824399494,12515215
2005-12-06,11.698492050170898,11.917818352652917,11.673778206891145,11.871481585026832,10453731
2005-12-07,11.738648414611816,11.877658690852808,11.679954122584375,11.754093182182935,9457691
2005-12-08,11.828227996826172,11.856030287699953,11.707752221717378,11.738644201806636,11687370
2005-12-09,12.044474601745605,12.118613689424173,11.868395343024131,11.877663189490434,17688203
2005-12-12,12.100074768066406,12.137143684244611,11.902371425748976,11.985777101158353,10895165
2005-12-13,12.192750930786133,12.279246315310475,12.00122569962875,12.02284985276411,11606920
2005-12-14,12.192750930786133,12.29160262338294,12.103167083252222,12.164948623614539,7715090
2005-12-15,12.124788284301758,12.486215770105545,12.069184905882123,12.288512413024106,12488537
2005-12-16,12.408981323242188,12.467675593350744,12.161852854224149,12.171119465702917,15599208
2005-12-19,12.489304542541504,12.665384981947964,12.418255165456294,12.665384981947964,13566903
2005-12-20,12.35647201538086,12.572711058510809,12.325581249798116,12.43987892447964,13913714
2005-12-21,12.470769882202148,12.560354945797735,12.362650358971354,12.362650358971354,11991455
2005-12-22,12.585064888000488,12.59742119180186,12.446054628210018,12.495479843415513,8299708
2005-12-23,12.6221284866333,12.665376759751185,12.442959700893837,12.442959700893837,5674865
2005-12-27,12.480034828186035,12.711718589871936,12.467678524631674,12.665381837534756,8610463
2005-12-28,12.464587211608887,12.62522159293124,12.45840906063622,12.541814712775484,6945602
2005-12-29,12.294685363769531,12.489298947914227,12.266883072315602,12.449140355373308,8063985
2005-12-30,12.180390357971191,12.273063864083822,12.158766212407132,12.19274666171732,7251772
2006-01-03,12.21745777130127,12.341023249646279,12.10624982320398,12.21745777130127,17258233
2006-01-04,12.235993385314941,12.350291033820199,12.10316250972141,12.164944026737787,16334514
2006-01-05,12.39354419708252,12.498574045326372,12.248355732978712,12.263800504297613,11570029
2006-01-06,12.631402015686035,12.659204314071586,12.242173522338485,12.375004406148983,13729262
2006-01-09,13.100951194763184,13.205981036108875,12.875445513750243,13.12875350053517,23626303
2006-01-10,12.974299430847168,13.147290220913636,12.927962655937122,13.097863754601539,12033764
2006-01-11,12.882562637329102,12.93853246628143,12.80171609273231,12.926094726514245,9657149
2006-01-12,12.854578971862793,12.870125530774787,12.786170157097139,12.823483381818255,7043143
2006-01-13,12.807936668395996,12.957190801590187,12.745746725167434,12.898110911772669,6033764
2006-01-17,12.770620346069336,12.845248019840911,12.674227246034866,12.692883855450239,7905169
2006-01-18,12.81726360321045,12.904329024169993,12.705322700865377,12.770621457557487,7513130
2006-01-19,12.916770935058594,12.975850834824508,12.562290300352634,12.764405486686456,10509379
2006-01-20,12.546738624572754,12.935423551862007,12.53430088489935,12.935423551862007,9828262
2006-01-23,12.596494674682617,12.91987971349719,12.47833363940053,12.593384620757355,7912880
2006-01-24,12.456562042236328,12.671116122663511,12.400592218718351,12.605817377170883,6725511
2006-01-25,13.112668991088867,13.37075529364002,12.817268216917505,12.829707198197996,23927053
2006-01-26,13.470259666442871,13.544886137125314,13.277470908848018,13.293018708295506,15737807
2006-01-27,13.37075424194336,13.635060632400661,13.317893211074008,13.619512834105956,12138599
2006-01-30,13.352093696594238,13.445377986691039,13.140649635337539,13.199729520917488,10647770
2006-01-31,13.417390823364258,13.426719745685332,13.059801500113375,13.137537987052259,13321801
2006-02-01,13.401846885681152,13.454707904903549,13.28679592309289,13.293014793818452,13384118
2006-02-02,13.190396308898926,13.36763714412302,13.187287492831885,13.308557277751577,11625052
2006-02-03,13.212174415588379,13.364538673767456,13.090904525575182,13.090904525575182,12103585
2006-02-06,13.190396308898926,13.258805095691024,13.100222101308242,13.149974283368795,9655273
2006-02-07,13.094008445739746,13.17485500120425,12.991395224701662,13.121993982032883,8333055
2006-02-08,13.078455924987793,13.215273503599562,12.966515056375318,13.137535793530215,7619633
2006-02-09,13.106449127197266,13.3210033054261,12.997617011026572,13.121996925538946,10149437
2006-02-10,13.205952644348145,13.252594804418315,13.06602616413763,13.153091612009321,6251980
2006-02-13,13.317890167236328,13.355204627393196,13.153088240198393,13.252591407099622,8344519
2006-02-14,13.597743034362793,13.63816631173768,13.348985735559152,13.367642347552888,12908087
2006-02-15,13.728341102600098,13.753216584011879,13.485801450504662,13.538662466559792,10185077
2006-02-16,13.79364013671875,13.793640136718748,13.54488160926842,13.681699232004675,9645060
2006-02-17,13.787425994873047,13.837178211870565,13.61951396215854,13.728346087014554,9496665
2006-02-21,13.678594589233398,13.778097792349651,13.535559275552218,13.75944117353611,8231138
2006-02-22,13.65060806274414,13.799863474756238,13.594638210322564,13.684812479501522,9407670
2006-02-23,13.5044584274292,13.635057180599638,13.464035150984804,13.603961591882276,9850354
2006-02-24,13.666152954101562,13.759437257732149,13.464036550865176,13.498240960344438,8629012
2006-02-27,13.821622848510742,13.933563730358076,13.628835430854236,13.631944247403071,8704252
2006-02-28,13.737667083740234,13.843390338828963,13.619507325600523,13.70346391910245,11089204
2006-03-01,13.681708335876465,13.7438983181481,13.501358499788651,13.737678207421006,11510213
2006-03-02,13.507569313049316,13.638166838156643,13.38008060533915,13.619510225442783,11865986
2006-03-03,13.613300323486328,13.77188349020008,13.454717156772578,13.470264962332749,6848687
2006-03-06,13.582199096679688,13.722125567799344,13.544884629381487,13.619512327867401,7061276
2006-03-07,13.535557746887207,13.625732012357329,13.376974650715955,13.523120002416194,7711546
2006-03-08,13.52000904083252,13.603964428432374,13.479585755959501,13.5106801150501,6796790
2006-03-09,13.429832458496094,13.547992238713098,13.370751332277326,13.520006702316895,13240517
2006-03-10,13.656828880310059,13.672375444290035,13.370755786417588,13.429836932317793,6999583
2006-03-13,13.97087574005127,14.172992062133504,13.883811578657227,13.92423360696382,16828887
2006-03-14,14.042398452758789,14.054836193527523,13.8589386861445,13.868267609776145,11656732
2006-03-15,14.07038688659668,14.11391898825657,13.837176108856864,13.992649136609776,8165486
2006-03-16,13.992650985717773,14.023746584265952,13.955337750792694,14.008198784991864,7409754
2006-03-17,14.048619270324707,14.138793521451541,13.96777270801217,14.054838141571027,10475615
2006-03-20,13.75943374633789,13.980206706737277,13.731448215168525,13.961550097994378,11607128
2006-03-21,13.663042068481445,13.855829517729575,13.588414389650843,13.82784398365433,8293247
2006-03-22,13.71280288696289,13.743898496557879,13.594643031612879,13.675489638782166,9692372
2006-03-23,13.644390106201172,13.719017817216981,13.42050820926444,13.619514614566134,8978324
2006-03-24,13.641277313232422,13.675481722320033,13.488913117195132,13.58841629085439,12538141
2006-03-27,13.51378345489502,13.868263916851488,13.445374662773101,13.868263916851488,12580242
2006-03-28,13.358315467834473,13.488914243997732,13.30545444104067,13.442272088820234,12479575
2006-03-29,13.34587574005127,13.476474496794308,13.25570149696868,13.380080146909915,8272197
2006-03-30,13.258810043334961,13.45781637361864,13.181073543223903,13.339656596783374,8545852
2006-03-31,13.205952644348145,13.35831686909596,13.159310484277974,13.258813676686966,8415798
2006-04-03,13.339656829833984,13.401846772675459,13.15930710809293,13.15930710809293,10139225
2006-04-04,13.24326229095459,13.367640927140243,13.187291224810481,13.35520318713269,7880992
2006-04-05,13.265028953552246,13.324108842146485,13.097116975589012,13.212167935541073,12852647
2006-04-06,13.330327987670898,13.36453115535646,13.227714776283783,13.265027997091748,12706128
2006-04-07,13.087791442871094,13.367644373521731,13.075353699656901,13.330331143879153,7422259
2006-04-10,13.115774154663086,13.181072910510746,13.034927605095442,13.094007490677143,7751563
2006-04-11,12.979559898376465,13.205018532791081,12.8543039949761,13.154917167283957,12608378
2006-04-12,13.039055824279785,13.039055824279785,12.904406537957641,12.979559830642415,8264902
2006-04-13,12.995213508605957,13.02026543146414,12.87622154308975,12.985820126748175,7186328
2006-04-17,12.879358291625977,13.01713831693065,12.869963661457167,12.95764231203887,6656732
2006-04-18,13.051579475402832,13.073499442267298,12.860564933099552,12.860564933099552,9045019
2006-04-19,12.945114135742188,13.03279276713828,12.854303546702981,12.895011527166032,10276990
2006-04-20,13.123602867126465,13.142390879618404,12.80733363332176,12.945114881228587,13190288
2006-04-21,13.151788711547852,13.183102073327825,13.060979339977619,13.167446014846144,12847853
2006-04-24,12.882492065429688,13.11108275394721,12.86057208637295,13.095425448218569,9300333
2006-04-25,12.901275634765625,12.985823562753005,12.697736954593532,12.882487621262776,9728429
2006-04-26,12.873096466064453,13.0108765004268,12.822993843231224,12.963905836127907,6669029
2006-04-27,13.161178588867188,13.21441190707436,12.816726754431935,12.816726754431935,11115256
2006-04-28,13.383503913879395,13.386634625915882,13.104810791467797,13.104810791467797,11984368
2006-05-01,13.251988410949707,13.477448277005301,13.198755090801068,13.38663769010596,9777407
2006-05-02,13.198759078979492,13.386641735055596,13.139263070530935,13.24886170151419,8367862
2006-05-03,13.23006820678711,13.242594792025049,13.095418930028945,13.183097557797428,9766569
2006-05-04,13.317749977111816,13.327144607053052,13.195627256774598,13.289568576921058,10884118
2006-05-05,13.392904281616211,13.455532247992855,13.1517882915685,13.1517882915685,6629846
2006-05-08,13.298962593078613,13.320882567437279,13.233203914819152,13.248861217191989,7514381
2006-05-09,13.23006820678711,13.292696153712077,13.164309547164793,13.245725504722397,5735932
2006-05-10,13.08602523803711,13.230067894301305,13.079762567974152,13.230067894301305,7416215
2006-05-11,13.158048629760742,13.205019285007467,12.995216692954404,13.057844648222153,9447478
2006-05-12,12.97016716003418,13.186232442310809,12.967036446641893,13.151787126096922,7684243
2006-05-15,13.24573040008545,13.333409060258251,12.963906401990721,13.048453103492482,10148187
2006-05-16,13.358457565307617,13.468056183800655,13.280173549136267,13.377245579810767,9804502
2006-05-17,13.098555564880371,13.464926259900013,13.086030219985963,13.464926259900013,11003752
2006-05-18,13.139262199401855,13.255123494918307,12.97643024298052,13.023400903885406,10569404
2006-05-19,13.095418930053711,13.23006820681213,12.879354940553714,13.23006820681213,13160484
2006-05-22,13.073501586914062,13.374113523221432,13.057844287325779,13.08915764168603,10409546
2006-05-23,13.070371627807617,13.145524934581077,13.03592631033576,13.089159643296856,7987286
2006-05-24,13.198759078979492,13.226941726354223,12.995219119958184,13.026533725848589,11594623
2006-05-25,13.308351516723633,13.324007567566479,13.151782294583167,13.27703692540594,7236974
2006-05-26,13.361592292785645,13.44927095678904,13.305226992777499,13.355329619986595,5702793
2006-05-30,13.320879936218262,13.496237206816913,13.186230647894881,13.308354594720686,12734473
2006-05-31,13.370988845825195,13.389778113488338,13.255128749198759,13.327150125850839,10966653
2006-06-01,13.53381061553955,13.558861293692992,13.339665370218288,13.386636014164013,8361817
2006-06-02,13.505633354187012,13.574523991337049,13.4304812898232,13.496239968549807,7084619
2006-06-05,13.295831680297852,13.47745165479893,13.270779747913327,13.464925066198411,7200709
2006-06-06,13.223807334899902,13.408559243285943,13.151785995272427,13.29582991934373,10453314
2006-06-07,13.4304780960083,13.518156728399005,13.277039555712385,13.302091482692763,10694456
2006-06-08,13.518157005310059,13.524419675979379,13.233201132999067,13.308354425847174,12869112
2006-06-09,13.464924812316895,13.605836794454808,13.461794098838183,13.533815446646495,9043768
2006-06-12,13.377245903015137,13.555735157148604,13.361589846292468,13.464924550964662,6735515
2006-06-13,13.292699813842773,13.5244224098984,13.277042511596264,13.377246507377567,7787620
2006-06-14,13.370988845825195,13.449274141576316,13.211288784407412,13.214420743956934,10675281
2006-06-15,13.483710289001465,13.521286309101356,13.289565028853069,13.336535676386006,12574614
2006-06-16,13.396031379699707,13.446132738769787,13.33340343604599,13.37724212523231,9296165
2006-06-19,13.251988410949707,13.452396350899432,13.226937729660044,13.452396350899432,6850771
2006-06-20,13.220675468444824,13.295828759455603,13.2081501274124,13.214412797928613,5813464
2006-06-21,13.236331939697266,13.327142532270146,13.211281256842518,13.230069268983579,7060442
2006-06-22,13.164312362670898,13.292698996676767,13.104816360534803,13.2363337079076,7091705
2006-06-23,13.136129379272461,13.214414638855544,13.014006664785056,13.073502665385693,8215298
2006-06-26,13.161178588867188,13.211279949619277,13.01713468707261,13.120470610848034,6393706
2006-06-27,13.039055824279785,13.2238064758476,12.976427872906426,13.183098494177356,8073572
2006-06-28,13.21127986907959,13.35219181256004,13.126733200917778,13.126733200917778,9653606
2006-06-29,13.433608055114746,13.458658735873291,13.214412108845135,13.273908098054765,10874531
2006-06-30,13.655940055847168,13.655940055847168,13.386641422451193,13.464925445715958,16660484
2006-07-03,13.646546363830566,13.696648988640908,13.602707656336078,13.680991684984557,4451855
2006-07-05,13.655940055847168,13.778064028408117,13.543210713797272,13.590181376719443,9005419
2006-07-06,13.70917797088623,13.809382002275878,13.652812658622128,13.684127274243059,6654231
2006-07-07,13.715435981750488,13.840691912012817,13.687253335200635,13.746749341907798,8290121
2006-07-10,13.668466567993164,13.85008656313326,13.643415877578436,13.821903914008361,7095248
2006-07-11,13.953423500061035,13.994131497228278,13.646547541842578,13.693518212049645,12095456
2006-07-12,13.904562950134277,14.046414048221001,13.87934405819181,14.027500819098632,13533347
2006-07-13,13.866737365722656,13.926629893686409,13.797388848303637,13.838366891131185,16432472
2006-07-14,13.873032569885254,13.967599920357536,13.822597317959774,13.828901724450459,9913089
2006-07-17,14.021195411682129,14.049565882438785,13.838365020610265,13.838365020610265,9870988
2006-07-18,14.090547561645508,14.163048913449558,13.901412728686854,14.027503452734543,15181951
2006-07-19,14.588600158691406,14.736755659955081,14.090544295080186,14.090544295080186,28630888
2006-07-20,14.566524505615234,14.72098431458121,14.475108749424088,14.487717559979053,10007086
2006-07-21,14.765115737915039,14.812399405929897,14.494023793993424,14.610655922814745,13630263
2006-07-24,14.992076873779297,15.001532854744127,14.449890523923047,14.468803738964418,18151105
2006-07-25,15.156006813049316,15.190680443587839,14.83132529253861,14.98893680517371,20132972
2006-07-26,14.847078323364258,15.127628831972155,14.806099049669983,14.973168974629177,20448312
2006-07-27,14.884907722473145,15.033063189509605,14.809253573683563,14.815557981656669,10701959
2006-07-28,15.074041366577148,15.165455902064576,14.966865185752356,14.98892998549002,9469154
2006-07-31,15.058281898498535,15.105565588235118,14.979476166641692,15.036215842458159,9487912
2006-08-01,14.976318359375,15.01414605046189,14.834467337301094,14.95740514038754,10192163
2006-08-02,14.86284065246582,14.966865256582757,14.78718650884552,14.91012433558948,9574406
2006-08-03,14.884907722473145,15.02045437356339,14.856537260038014,14.862841668011121,10057316
2006-08-04,14.891206741333008,15.004687296892728,14.802943808539482,15.004687296892728,9422885
2006-08-07,14.9227294921875,14.95109994572878,14.755660853606042,14.891207462203802,9525427
2006-08-08,15.02676010131836,15.02676010131836,14.87230021274277,14.963714762937796,7813256
2006-08-09,14.916433334350586,15.058284427382768,14.847083576927048,15.051980017899956,9474781
2006-08-10,15.042520523071289,15.051977762434685,14.758818379518301,14.837625365913516,11208837
2006-08-11,14.944799423217773,15.033062383219635,14.828166002302417,14.97316988413127,5203627
2006-08-14,15.118173599243164,15.316765586796272,14.938496089066408,14.944800497154418,12076073
2006-08-15,15.338833808898926,15.348289795810826,15.19067706511669,15.241113590059312,9519591
2006-08-16,15.534272193908691,15.53427219390869,15.39872552817314,15.446009219636414,14031263
2006-08-17,15.486995697021484,15.524822166519643,15.329382901219793,15.474386873855432,13077324
2006-08-18,15.446017265319824,15.502756972763466,15.332536597319448,15.486996569474554,10470613
2006-08-21,15.341987609863281,15.423946191575407,15.237964220084564,15.326225958576277,9150063
2006-08-22,15.42708969116211,15.468067704117711,15.219040531229188,15.28839025120683,13245102
2006-08-23,15.446017265319824,15.496452560825285,15.370363068948544,15.439712853381641,9183618
2006-08-24,15.389263153076172,15.527962603409607,15.370349933424889,15.392415982907393,9727595
2006-08-25,15.37981128692627,15.43339938350625,15.294699896043465,15.301004304281559,4616924
2006-08-28,15.433392524719238,15.58154793214093,15.3955648389894,15.442848506317851,7712380
2006-08-29,15.433392524719238,15.49328500292037,15.31675914447925,15.382956028116721,9125469
2006-08-30,15.18752670288086,15.430249600773521,15.149700245980418,15.414487950508704,12130263
2006-08-31,15.35143756866455,15.367197959362278,15.178063246092885,15.234804161318536,9971238
2006-09-01,15.247413635253906,15.382960269172894,15.15599910466824,15.382960269172894,9611088
2006-09-05,15.241108894348145,15.414481967517549,15.196978045093283,15.31045862486075,9928512
2006-09-06,15.108720779418945,15.212744161223432,14.913281581515353,15.193830932996487,9711963
2006-09-07,15.099260330200195,15.105564738269507,14.973170915701616,15.036214996394746,11818466
2006-09-08,15.414480209350586,15.43339468141455,15.099256134148101,15.099256134148101,12019383
2006-09-11,15.332533836364746,15.414491176802928,15.3041633611951,15.338838247167685,12104419
2006-09-12,15.382966041564941,15.405032101511798,15.203288490001539,15.28839864534997,13065444
2006-09-13,15.502742767333984,15.546874863575352,15.304152093583648,15.382957797156454,8631722
2006-09-14,15.493289947509766,15.54687803737687,15.3671992923183,15.433397450194308,8059608
2006-09-15,15.597312927246094,15.720250749243174,15.524811616752494,15.540573261555863,14546895
2006-09-18,15.408184051513672,15.527970341892237,15.382966412744558,15.509055859702762,9202168
2006-09-19,15.496451377868652,15.515364612239416,15.228510758167026,15.263185647736588,10486661
2006-09-20,15.304158210754395,15.572098712489034,15.282092153813766,15.556337064229664,9934973
2006-09-21,15.193828582763672,15.338832482965719,15.127631667652636,15.288395962382975,9654023
2006-09-22,15.099260330200195,15.193827704352207,15.029910588325434,15.133935201137575,6069821
2006-09-25,15.115020751953125,15.275785024360161,15.064584238373863,15.219044103222517,9956232
2006-09-26,15.152848243713379,15.178065875688356,14.985779552210703,15.149696666272659,9970613
2006-09-27,15.247413635253906,15.25371804242836,14.992082011908135,15.152846274524943,10694873
2006-09-28,15.234811782836914,15.278942653224814,15.118178317142684,15.2726382431694,9546478
2006-09-29,15.307308197021484,15.348287475745233,15.14339108212649,15.178065952824456,7481451
2006-10-02,15.206435203552246,15.351439082813162,15.051975339562446,15.051975339562446,7398916
2006-10-03,15.007848739624023,15.08035007324284,14.746211367373942,15.051979604792523,15023551
2006-10-04,14.859686851501465,14.957407041692964,14.749359100161024,14.957407041692964,15358274
2006-10-05,14.610660552978516,14.988930016972148,14.579138515349783,14.859687783026029,24858900
2006-10-06,14.560232162475586,14.657951151785827,14.522404446361298,14.59490704678335,15576699
2006-10-09,14.720995903015137,14.834476540454059,14.616971254380354,14.623275664620698,9447895
2006-10-10,14.673709869384766,14.793494898041464,14.512945554117216,14.78403891073899,11949562
2006-10-11,14.741911888122559,14.837082376239096,14.608672448096897,14.672119860542649,12692580
2006-10-12,14.735568046569824,14.862461617018752,14.703843708129408,14.846599447798543,12993331
2006-10-13,14.887833595275879,14.919557919900438,14.72287114276001,14.783146855105192,13642768
2006-10-16,14.963982582092285,15.027430022700464,14.837088961980665,14.846605258353812,8887662
2006-10-17,14.970320701599121,15.078180421039049,14.830737906178095,14.963976086402901,8803251
2006-10-18,15.179696083068848,15.306590913864445,14.995699713409046,15.116249928775288,14436432
2006-10-19,15.20190715789795,15.351007554223209,15.12894342931645,15.236803183159864,11896207
2006-10-20,15.474723815917969,15.506446890402872,15.138454181961457,15.274865293902742,14867236
2006-10-23,15.49058723449707,15.525483249800205,15.303417927162856,15.385899188587672,8812839
2006-10-24,15.265348434448242,15.41127583275644,15.138453619019105,15.392241988773295,11007503
2006-10-25,15.316104888916016,15.338311670110686,15.128936870414789,15.217762734089419,8839100
2006-10-26,15.192390441894531,15.316112376183844,15.068669768709885,15.316112376183844,9140684
2006-10-27,15.122600555419922,15.141634409273923,14.989361056232429,15.052808496850508,10186119
2006-10-30,14.938599586486816,15.122595973537287,14.894186013179276,15.084527016258772,8939767
2006-10-31,15.071836471557617,15.100387871753801,14.9354253471574,15.068664794371513,11385160
2006-11-01,15.043282508850098,15.084523132974166,14.957629583956132,14.973491750497399,8368070
2006-11-02,15.055980682373047,15.125771476342589,15.021084654835938,15.052807743003912,9768445
2006-11-03,15.113080978393555,15.163839176326196,15.008394165633376,15.04011725115092,8309087
2006-11-06,15.059148788452148,15.113078656097322,14.910048417773805,14.916393033902391,12892664
2006-11-07,15.182875633239746,15.3288031127683,15.008396741293277,15.021085977677952,11477074
2006-11-08,14.998875617980957,15.09087319045296,14.925911895561317,15.06866766261078,15578574
2006-11-09,14.54205322265625,15.055974610342485,14.491296302057613,15.002043490550177,22208003
2006-11-10,14.583295822143555,14.713362340412456,14.405644053830143,14.513503785783785,13233431
2006-11-13,14.481778144836426,14.684808340970624,14.456399685595681,14.545225554042407,8519175
2006-11-14,14.649919509887695,14.713366950193594,14.434199978394263,14.437371656801954,14630263
2006-11-15,14.906885147094727,14.989366471364416,14.77364686087766,14.78316442179539,14662985
2006-11-16,15.065495491027832,15.10990907118323,14.967153296862973,15.03694408394287,8438724
2006-11-17,15.122600555419922,15.13528979132259,14.973500141906465,15.005223231663134,9521467
2006-11-20,15.151142120361328,15.201899030986207,15.043281163075621,15.052798714369747,8359316
2006-11-21,15.065495491027832,15.163838946297245,15.03694408394287,15.132114600156376,7733847
2006-11-22,15.084524154663086,15.103559260243486,14.998871223967766,15.030594298094899,4512297
2006-11-24,14.894184112548828,14.973493694447583,14.85928809829005,14.935424742027005,4045019
2006-11-27,14.716535568237305,14.871981827716308,14.662605696578884,14.811706078352689,10822009
2006-11-28,14.719709396362305,14.846602997147441,14.668951199385521,14.713364779378276,10289287
2006-11-29,14.837084770202637,14.881497083307663,14.767292731361781,14.783154902308626,7247395
2006-11-30,14.8021879196167,14.91004764934823,14.735568823147732,14.884669186141826,9590246
2006-12-01,14.773633003234863,14.89418193589039,14.67211791345589,14.878321030711936,10331388
2006-12-04,15.25900650024414,15.363693291093174,14.970322068590702,15.227282160261991,20336599
2006-12-05,15.319280624389648,15.449347136420357,15.278039992255417,15.290729223511446,9998749
2006-12-06,15.230451583862305,15.427137149723013,15.186038022578652,15.408103306788883,10342851
2006-12-07,15.239974021911621,15.389075671130053,15.21776849341708,15.328799919203366,7458524
2006-12-08,15.214591026306152,15.319279065169491,15.167005783387207,15.287554729154094,6290329
2006-12-11,15.170187950134277,15.262185553895224,15.09087832295234,15.195566425502134,7071697
2006-12-12,15.22410774230957,15.236796971576416,15.125764323835407,15.211418513042727,7268654
2006-12-13,15.214591026306152,15.297072282179542,15.186039628333955,15.22728025627065,5461651
2006-12-14,15.25900650024414,15.351004059542037,15.227282160261991,15.26535111601971,8133180
2006-12-15,15.376387596130371,15.433490418056044,15.195564095206944,15.259011535001612,13918716
2006-12-18,15.26852798461914,15.335148364569843,15.179702072456273,15.32245786759966,6944560
2006-12-19,15.309764862060547,15.328798711172075,15.186042951178974,15.287558074211551,7355982
2006-12-20,15.211423873901367,15.344662089263553,15.046461313087597,15.265353747843635,8064402
2006-12-21,15.227288246154785,15.227288246154785,15.055982290644252,15.182875917975524,7997916
2006-12-22,15.141633033752441,15.243148172856515,15.125770859762714,15.23680355548155,6574823
2006-12-26,15.300249099731445,15.316110010656663,15.122597312975039,15.135286546157001,5300750
2006-12-27,15.544522285461426,15.544522285461426,15.351008298114602,15.385904325067537,13415590
2006-12-28,15.522308349609375,15.576238204323898,15.433482484002381,15.465205557039138,6916007
2006-12-29,15.452522277832031,15.541348177641517,15.385903168251057,15.481073685110895,8392247
2007-01-03,15.535002708435059,15.69996526490448,15.465210663604996,15.490590391518786,11214881
2007-01-04,15.830021858215332,15.93788153552694,15.534992952960163,15.563544340743517,21185494
2007-01-05,15.830021858215332,15.861744921805894,15.630163404835546,15.830021858215332,14649854
2007-01-08,15.887130737304688,15.902992907004872,15.747547931697618,15.80465073373486,12734681
2007-01-09,16.02671241760254,16.07112472060397,15.861749912817602,15.909335153728327,16969154
2007-01-10,16.079362869262695,16.095318203446965,15.954914307052347,16.025116255249653,13823885
2007-01-11,16.066598892211914,16.267630011363277,16.00916070473369,16.095317985951024,12554189
2007-01-12,16.098514556884766,16.111278321622635,15.958111876256483,15.97725752336329,11189454
2007-01-16,16.14957046508789,16.23572650908767,16.076176916982956,16.117659785559947,12213214
2007-01-17,16.449520111083984,16.465475448303668,16.13042097775911,16.159140077349953,16784494
2007-01-18,16.845199584960938,16.886682441422312,16.593112140278667,16.593112140278667,27157774
2007-01-19,17.07815170288086,17.151544005363824,16.960084942530308,17.02071347662598,25347228
2007-01-22,17.014331817626953,17.05900627608583,16.905838516386932,16.976040511958267,14853689
2007-01-23,17.033472061157227,17.087718690510346,16.912213770387094,16.94412444777946,16214673
2007-01-24,17.08771324157715,17.183442706204843,16.873917098972314,17.0334666295222,15993539
2007-01-25,16.78137969970703,17.071759698166403,16.727133081963615,16.944120821448596,18078783
2007-01-26,16.76861000061035,16.83562035544401,16.57715111907941,16.81647472099309,14243852
2007-01-29,16.80371856689453,16.832437665819207,16.436755967445603,16.56439485670796,17678408
2007-01-30,16.972837448120117,16.982410902313887,16.822861366322126,16.832434820515896,13542726
2007-01-31,16.912216186523438,16.988800047289924,16.775003805966083,16.83244201866889,12249896
2007-02-01,16.870731353759766,16.905832338718962,16.666508594462293,16.75266590350166,11863902
2007-02-02,16.806917190551758,16.912218906090914,16.733523625071292,16.768624619755002,9661942
2007-02-05,16.752660751342773,16.800525485473656,16.65054813458641,16.720750082914698,6987078
2007-02-06,16.739900588989258,16.832439778415186,16.660126431751966,16.816484439563087,7121926
2007-02-07,16.73670768737793,16.79414588353068,16.647360086979987,16.752663023756227,7338891
2007-02-08,16.637786865234375,16.76861732724512,16.612259341479522,16.72075258594906,10063568
2007-02-09,16.679271697998047,16.79414810550242,16.63778883273515,16.704800493283223,7892038
2007-02-12,16.82286262512207,16.84200953494231,16.66969622613936,16.701605628320902,9011672
2007-02-13,16.819671630859375,16.845199151559964,16.75904313493985,16.797334415990733,8092539
2007-02-14,16.81648063659668,16.969648303106208,16.806908450259403,16.81648063659668,10593997
2007-02-15,16.8483943939209,16.877112226705506,16.618642852063253,16.778192428199546,8645894
2007-02-16,16.74947166442871,16.84839272162777,16.68246128039653,16.762235426290896,8422259
2007-02-20,16.77819061279297,16.806909710981703,16.68246113117147,16.749471514604238,9511463
2007-02-21,16.819671630859375,16.84200884572802,16.71756027954577,16.752661254764707,9009796
2007-02-22,17.11005401611328,17.13239123576791,16.800529590021693,16.81967523464929,14388704
2007-02-23,17.100479125976562,17.157916050783623,16.97603055279426,17.014321835998967,10441851
2007-02-26,17.381288528442383,17.44191703772536,17.068571256887463,17.119627578053496,16012922
2007-02-27,17.18025779724121,17.51850262878797,16.72075593506011,17.256841652356673,24714673
2007-02-28,17.429153442382812,17.569556107046104,16.988797266440045,17.09410021632118,24763235
2007-03-01,17.161115646362305,17.45468609367972,17.049430782047054,17.151542186830852,20889746
2007-03-02,16.915407180786133,17.119629956803664,16.7781948049444,17.081338661992273,16151313
2007-03-05,16.832433700561523,17.10047644652928,16.822860247004726,16.84838903365247,15315965
2007-03-06,16.870731353759766,16.937743016960926,16.7111830365964,16.91221422066503,20521259
2007-03-07,16.81329345703125,16.90902294927246,16.76861901744586,16.800529693867297,16849104
2007-03-08,17.039854049682617,17.094100679375575,16.71437300301329,16.81329407393079,16553564
2007-03-09,17.35576057434082,17.378097795214977,17.151537816806943,17.21535790422813,21899541
2007-03-12,17.352575302124023,17.390866604579163,17.307900847414388,17.371720953351595,13325761
2007-03-13,17.26641082763672,17.45786978368515,17.221736394686026,17.23130984989299,17118591
2007-03-14,17.157920837402344,17.3174704322882,17.062191334173168,17.295133209931606,16017924
2007-03-15,17.11324691772461,17.231313638181028,17.017517418654354,17.12601068179909,10464152
2007-03-16,16.873916625976562,17.071757429427343,16.848389107727723,17.052611790740716,20299291
2007-03-19,16.96965217590332,17.001561585162094,16.8739226796154,16.918595852577685,12307628
2007-03-20,17.384479522705078,17.384479522705078,16.92178738141779,16.9887977749335,17536890
2007-03-21,17.44829750061035,17.48658878698781,17.29512981807765,17.327040491903638,16533556
2007-03-22,17.39086151123047,17.524883567595694,17.23450350256404,17.256840723376843,13735723
2007-03-23,17.186641693115234,17.441920817239094,17.15154070255342,17.43234735853612,13322009
2007-03-26,18.26519203186035,18.27157391374037,17.56636645216144,17.575938640725663,47897249
2007-03-27,18.060964584350586,18.261996996762715,18.003527658312382,18.124784659571066,29693414
2007-03-28,17.79292869567871,18.03225246793044,17.713153259253627,17.94609514881276,16386828
2007-03-29,17.80888557434082,17.917378865722235,17.55360768938877,17.55679799698189,17924343
2007-03-30,17.80568504333496,17.89184105804886,17.681236479906147,17.709955574314524,11992080
2007-04-02,17.80888557434082,17.949289552725215,17.601472451381277,17.8056952667477,13061067
2007-04-03,18.083301544189453,18.105638760476158,17.8631234928909,17.872696948017015,15136932
2007-04-04,17.96204948425293,18.175845713765586,17.90780285014681,18.06416087012984,10351188
2007-04-05,18.194992065429688,18.22371117130674,17.965240486925016,17.987577710219583,10560233
2007-04-09,18.25562286376953,18.33858861621337,18.124792351724388,18.20456652822259,13350146
2007-04-10,18.20775604248047,18.29391209260249,18.1566997127147,18.255620796661983,11568570
2007-04-11,18.29279899597168,18.456471118640714,18.02642928864724,18.212566587695772,13570446
2007-04-12,18.424381256103516,18.46610175647723,18.21898861231518,18.22861563499942,10219050
2007-04-13,18.770977020263672,18.825534390229926,18.43079592233033,18.43400450397529,14888704
2007-04-16,18.89613914489746,18.95069651673793,18.819116597658546,18.867255530210613,10061276
2007-04-17,18.93465805053711,19.063028159500945,18.822333407832186,18.822333407832186,12598166
2007-04-18,18.623353958129883,18.80628140794397,18.292799839869048,18.38907771361923,25099416
2007-04-19,18.369821548461914,18.684328914694895,18.267125239574042,18.546330550286488,16780742
2007-04-20,18.565582275390625,18.61051261945741,18.36018969737122,18.59125602869859,15603168
2007-04-23,18.360197067260742,18.549544263356655,18.324895004402915,18.453265098249084,10998541
2007-04-24,18.347354888916016,18.379447084168554,18.14838072679431,18.31847127529974,11378491
2007-04-25,18.472517013549805,18.533492824562487,18.34735553399733,18.373029291102032,8261150
2007-04-26,18.263906478881836,18.498182598407304,17.86595831645494,17.97186315561353,11577949
2007-04-27,18.21578025817871,18.34094176963353,18.010387597432604,18.164431455103006,11226344
2007-04-30,18.17084312438965,18.27032955235743,18.090610734852888,18.27032955235743,10921009
2007-05-01,18.296009063720703,18.353776300308496,18.109871749555605,18.151592248029413,9612755
2007-05-02,18.353776931762695,18.398706013938153,18.196523230481244,18.31526628989802,8968945
2007-05-03,18.424381256103516,18.45326359993449,18.324893516511345,18.408334517258776,7475198
2007-05-04,18.710004806518555,18.735678567723642,18.411544143063846,18.46610152351377,10452897
2007-05-07,18.918603897094727,18.9795797068596,18.793442420103556,18.873673547302918,11937057
2007-05-08,18.883304595947266,18.905769774117225,18.697167282063713,18.89935133403698,7418091
2007-05-09,18.83194923400879,18.94748366673002,18.687532468885,18.806275482638625,8826178
2007-05-10,18.398704528808594,18.831954955816627,18.398704528808594,18.831954955816627,10251980
2007-05-11,18.562381744384766,18.568800185495352,18.31847715484725,18.40512674772938,8658191
2007-05-14,18.59767723083496,18.645816160027994,18.437213708265535,18.56558376085431,9076699
2007-05-15,18.83194923400879,19.014877901965573,18.661858717514836,18.72925295275039,12775531
2007-05-16,18.963531494140625,19.0405540336577,18.799859395028026,18.93464915812739,9468529
2007-05-17,18.902559280395508,18.95390807508855,18.78702608705886,18.934652755495463,6402043
2007-05-18,19.072649002075195,19.09511290120952,18.799860872997456,18.928230931765917,9648604
2007-05-21,18.81591033935547,19.04697673382703,18.77418984094002,19.014884533422144,9604210
2007-05-22,18.514238357543945,18.774188349619976,18.482144883910202,18.73888629408971,12513756
2007-05-23,18.360197067260742,18.632983995100734,18.33452330364718,18.517450783061346,10562943
2007-05-24,18.1195011138916,18.45326384554543,17.975084289701545,18.337730641349037,15207170
2007-05-25,18.090618133544922,18.20615134182633,17.673414385281607,17.673414385281607,11956023
2007-05-29,18.180471420288086,18.25749395830988,17.99754400879197,18.026426344244495,11822426
2007-05-30,17.920522689819336,18.180472657020424,17.81782639073029,18.164425921739085,14392455
2007-05-31,18.08419418334961,18.148379846519386,17.907685204355122,17.92694052057268,14242601
2007-06-01,18.068151473999023,18.196522828938313,17.946199835007086,18.084198212310987,10357024
2007-06-04,17.84992027282715,18.023220692602223,17.708713326648475,17.817828075008833,14597749
2007-06-05,17.80820083618164,17.90447871113682,17.628481966161544,17.90447871113682,13826178
2007-06-06,17.567508697509766,17.711925530894714,17.484067690339128,17.692670208265724,15430596
2007-06-07,17.32360076904297,17.618852797887442,17.278670419122065,17.506528198863194,13723426
2007-06-08,17.423095703125,17.4423510299967,17.211284555979,17.33002765202245,12291997
2007-06-11,17.349273681640625,17.493690469455238,17.310761772756624,17.36532041665712,7607545
2007-06-12,17.118213653564453,17.30435101441639,17.095749745504325,17.227329714018495,13334931
2007-06-13,17.39099884033203,17.41988246080378,17.07328156669935,17.249790596149378,11190704
2007-06-14,17.39099884033203,17.506532046440746,17.33644145756463,17.394207422729842,8666945
2007-06-15,17.56108283996582,17.66698898336487,17.410247629407596,17.480851725006964,13195915
2007-06-18,17.503324508666992,17.593183964392654,17.391001145843756,17.561091757268652,9923510
2007-06-19,17.548250198364258,17.58676083665119,17.403833391121083,17.44555388715432,10111922
2007-06-20,17.41988182067871,17.721552343902037,17.410253522282506,17.62848304533287,16294289
2007-06-21,17.265838623046875,17.416673901449563,17.131050085164773,17.38779027882386,9994373
2007-06-22,16.96416473388672,17.33322948713593,16.94490941451146,17.230533174689764,17315548
2007-06-25,17.3460636138916,17.615641869697406,17.005882531581225,17.082905072636873,19822426
2007-06-26,17.320396423339844,17.81141419236278,17.27546733489943,17.81141419236278,16454564
2007-06-27,17.320396423339844,17.342861605449258,17.137468935307684,17.227328387966924,11567945
2007-06-28,17.240163803100586,17.33002324811206,17.17918797894607,17.320394949233638,9635473
2007-06-29,17.18560028076172,17.68945343355511,17.089322429482007,17.230529349329252,11347645
2007-07-02,17.432716369628906,17.448761830438748,17.275462688712768,17.326810204549187,11009379
2007-07-03,17.432716369628906,17.487273743094136,17.368530699055313,17.4423433909592,4027511
2007-07-05,17.403827667236328,17.548244426982773,17.249782613195705,17.471221899962462,6923301
2007-07-06,17.33002281188965,17.46802119626299,17.291510893123675,17.435927717994964,7504377
2007-07-09,17.236949920654297,17.384576572914003,17.22090318486272,17.330019202156244,6106503
2007-07-10,16.983417510986328,17.32680845366578,16.941697020696083,17.13104415565442,13456440
2007-07-11,17.1820068359375,17.214298622171192,16.962428851123118,17.072217843530307,16503126
2007-07-12,17.3596134185791,17.398362034186533,16.759002174693045,16.759002174693045,28102334
2007-07-13,17.19169807434082,17.356381595959785,17.18523997253194,17.291800577870973,10062526
2007-07-16,17.295028686523438,17.34346509107952,17.1626356762486,17.194927468393743,11256774
2007-07-17,17.240135192871094,17.33054990559707,17.16263668429716,17.275655396120055,12257399
2007-07-18,17.34023666381836,17.750330613943188,17.295028668327372,17.437109472828602,21692997
2007-07-19,17.540441513061523,17.656688634627326,17.301487884162412,17.64054273753201,13099833
2007-07-20,17.072219848632812,17.588875652438198,17.017325345981952,17.53398114978734,15715715
2007-07-23,17.411273956298828,17.72772604056107,17.188467545872697,17.227216151948152,13106086
2007-07-24,16.955968856811523,17.501685349470353,16.855867668186935,17.178776508828644,18363068
2007-07-25,16.888164520263672,17.081910154265575,16.691189193319595,17.036702155045536,16452272
2007-07-26,16.4974365234375,16.791284542061273,16.36827325040945,16.752534661590023,18796790
2007-07-27,16.15515899658203,16.578170434759866,16.145471202193185,16.50067193063402,18759692
2007-07-30,16.41025161743164,16.613684960812392,16.009844313830634,16.613684960812392,15377241
2007-07-31,16.3682804107666,16.626608353490287,16.28432379728986,16.565255739871535,15923718
2007-08-01,16.45223045349121,16.587851831150672,16.171298623109124,16.297233493027903,16760317
2007-08-02,16.536195755004883,16.645984791712788,16.41348922839435,16.526507958493394,13657774
2007-08-03,16.4974365234375,16.833262830436098,16.468375717660553,16.51681210550372,17713839
2007-08-06,17.15294075012207,17.23689731465086,16.54587050283567,16.83003068906349,18783868
2007-08-07,17.53398323059082,17.789081470299436,16.952746345079028,17.650230350960836,25201542
2007-08-08,18.179805755615234,18.179805755615234,17.550132302990235,18.08293291674985,21643602
2007-08-09,17.737417221069336,18.376778375308806,17.705126707503346,18.376778375308806,19760108
2007-08-10,17.831058502197266,17.92147320795401,17.027013944584702,17.721269491705847,15974573
2007-08-13,17.40158462524414,17.827824357612762,17.253045758714897,17.827824357612762,16818049
2007-08-14,16.943069458007812,17.5146189165889,16.87848711237498,17.48555808053353,13823885
2007-08-15,16.9043025970459,17.317626082720214,16.791283934944488,16.910760696280736,11348479
2007-08-16,16.746076583862305,16.92690593653305,16.39733536113546,16.872011449150275,17383285
2007-08-17,17.02701759338379,17.35638469543965,16.71056669725225,17.175555245175374,16513130
2007-08-20,16.917217254638672,17.18200186647191,16.797740504184763,17.004402228198476,8661317
2007-08-21,16.907535552978516,17.007638043537927,16.675041350660802,16.75899794695928,7819925
2007-08-22,16.83649253845215,17.094820388117494,16.700871155483085,16.949511213367227,11213839
2007-08-23,16.842954635620117,16.978577334436704,16.733165626463872,16.959203029937647,9213631
2007-08-24,16.962427139282227,17.01086353008318,16.72024518527744,16.872012457543022,8809504
2007-08-27,16.794517517089844,16.913994315236668,16.758998602185493,16.894620011562964,7373906
2007-08-28,16.40056610107422,16.758996449473912,16.37150400746595,16.723476255470626,11859525
2007-08-29,16.62660026550293,16.64920297070411,16.25525378779205,16.41993724165788,12620675
2007-08-30,16.597545623779297,16.700876540229437,16.47806881037511,16.65566854222279,10001251
2007-08-31,16.762226104736328,16.826808397151982,16.50712791100363,16.629833111298048,10318258
2007-09-04,16.65566635131836,16.75253915297647,16.52650304366139,16.733164849377154,10141309
2007-09-05,16.70087432861328,16.742852628205455,16.51681651909021,16.54910702506052,8823468
2007-09-06,17.081912994384766,17.130349410938507,16.69442166195483,16.775148594990416,11488954
2007-09-07,16.746076583862305,17.010862513391697,16.626601101712257,16.83649126019768,10560442
2007-09-10,16.687952041625977,16.94627984618409,16.64920216492867,16.788053215466785,7304502
2007-09-11,16.778377532958984,16.82681394733169,16.555569770112154,16.75900322394228,13340559
2007-09-12,16.87201690673828,16.96888971388581,16.72993738863066,16.765457589072966,8935181
2007-09-13,16.842954635620117,17.110970340672644,16.784831722122952,17.017325943434813,10907878
2007-09-14,16.823575973510742,16.881700155614293,16.723474784362843,16.77191117489538,8456440
2007-09-17,16.788057327270508,16.881701708868803,16.63306163350228,16.762224925586036,8405377
2007-09-18,17.307941436767578,17.349919731251767,16.83649368865985,16.897847568030112,18119842
2007-09-19,17.42095947265625,17.50168636659286,17.23367200044779,17.372523079562015,12706336
2007-09-20,17.337005615234375,17.575959210057547,17.31117321049507,17.36606771239686,12359108
2007-09-21,17.57918357849121,17.66959825795977,17.337001630568505,17.52751878088703,15136098
2007-09-24,17.391904830932617,17.543672175402435,17.346698110386278,17.504923557791287,12751146
2007-09-25,17.550121307373047,17.656681876826752,17.32085556121111,17.356375751029013,8464569
2007-09-26,17.43710708618164,17.65345538867402,17.28856820032128,17.51783398808707,15665486
2007-09-27,17.45325469970703,17.592105816421082,17.40481829349659,17.533982899165558,7353689
2007-09-28,17.31439971923828,17.485542591009423,17.246589022408138,17.408044101634374,8573781
2007-10-01,17.82781410217285,17.85364777083537,17.295014101374324,17.295014101374324,13657566
2007-10-02,17.908550262451172,18.021567639351257,17.77615730444947,17.79230191048598,11327845
2007-10-03,17.9311466217041,18.037707145406138,17.730943051683255,17.769692916511577,9706544
2007-10-04,17.934383392333984,18.296042093988355,17.88271731338571,17.99896567010403,5623176
2007-10-05,17.76001739501953,18.076468210754935,17.708351300786422,18.050635805469163,13983535
2007-10-08,17.740646362304688,17.873039389298953,17.6696059510079,17.785853079890586,5505211
2007-10-09,17.714807510375977,17.918239591028417,17.614705032344713,17.766472311686563,9318883
2007-10-10,17.514602661132812,17.89563570776761,17.408043365949165,17.808450713193594,14849312
2007-10-11,17.334312438964844,17.418775139596637,17.03544511671369,17.31482134452665,23585035
2007-10-12,17.10041618347168,17.33106402221352,17.01595348550428,17.31157292839018,16902459
2007-10-15,16.866525650024414,17.14265279241273,16.684606135721534,17.123161692608843,16241559
2007-10-16,16.88275718688965,16.98346307760326,16.772306397977413,16.928237683147145,18149854
2007-10-17,16.632625579833984,17.243355636726626,16.574152290963237,16.924995898386936,28645477
2007-10-18,16.785301208496094,16.902249031913108,16.62937120773982,16.665105516000427,12289912
2007-10-19,16.697595596313477,16.983468855447086,16.678104501886107,16.743074816644008,16081492
2007-10-22,16.775558471679688,16.834031745223864,16.40847044313284,16.535164472910985,15767403
2007-10-23,16.83402442932129,17.00619888843008,16.49292596198709,16.49292596198709,8735932
2007-10-24,17.171884536743164,17.201121822697576,16.684600742168122,16.895756192217604,17224885
2007-10-25,17.49998664855957,17.5649569510217,17.10691050736652,17.175129970651444,16599000
2007-10-26,17.564956665039062,17.65591637840446,17.506483393775177,17.629928257842735,11847020
2007-10-29,17.68840217590332,17.72738435532532,17.584448406045354,17.584448406045354,8145269
2007-10-30,17.753376007080078,17.779365423264796,17.58445190457699,17.623434091754728,13158608
2007-10-31,17.74363136291504,17.782613550657242,17.522728424843816,17.7533762641508,13141309
2007-11-01,17.581201553344727,17.889815034179303,17.532473176970818,17.72413881278791,11938933
2007-11-02,17.558462142944336,18.09447430879022,17.41227700680455,18.08148024665329,11051480
2007-11-05,17.548709869384766,17.70463984091736,17.41226969146988,17.70463984091736,9700709
2007-11-06,17.65266990661621,17.704646151854686,17.522726710721116,17.561710186049428,7353897
2007-11-07,17.461009979248047,17.795611687201117,17.418778620492812,17.418778620492812,11356815
2007-11-08,17.5162296295166,17.568207166004527,17.201120415169086,17.477247445700243,14291788
2007-11-09,17.581201553344727,17.789109120353473,17.32131644888406,17.32131644888406,13231346
2007-11-12,17.759876251220703,18.01976142028687,17.5812059239001,17.5812059239001,12048145
2007-11-13,17.902807235717773,17.935292386125578,17.425268422026683,17.87356995465108,13307211
2007-11-14,17.64292335510254,18.01975629099369,17.613686072052474,18.01975629099369,11921842
2007-11-15,17.69815444946289,17.85083665291708,17.607194701511474,17.607194701511474,11977699
2007-11-16,17.935279846191406,17.938529004660122,17.691638159983174,17.80858591108344,13482493
2007-11-19,17.8085994720459,17.948287564602087,17.753374067212004,17.82159482441807,10269487
2007-11-20,18.055482864379883,18.12695146088682,17.80209490843649,17.87356350494343,13701959
2007-11-21,17.779367446899414,18.026257243258353,17.724142029745455,17.870327185399997,11677157
2007-11-23,18.02625274658203,18.029501907439265,17.779363011810112,17.93204516131364,4326803
2007-11-26,17.623435974121094,18.039251180695256,17.577956750889413,17.990522795818606,9097957
2007-11-27,18.162691116333008,18.191927104073834,17.623429906702473,17.672158274802854,16489787
2007-11-28,18.328367233276367,18.354355351781887,17.9417881592101,18.214667277715833,13582326
2007-11-29,18.516782760620117,18.66946488639734,18.110712617732172,18.34136038657417,16180700
2007-11-30,18.68246841430664,18.896873072857407,18.533034081741054,18.844896812069265,25209879
2007-12-03,18.52004051208496,18.66622568656285,18.377104499693193,18.630491360614936,12989162
2007-12-04,18.679214477539062,18.747435239484716,18.373850149266236,18.373850149266236,12892038
2007-12-05,18.893617630004883,18.893617630004883,18.67271473599003,18.825398169361772,10698624
2007-12-06,18.890380859375,18.939109261994883,18.688970214639497,18.887132987947098,9753856
2007-12-07,18.913108825683594,19.00406853751584,18.815652083820424,18.8871207055599,8170905
2007-12-10,19.134014129638672,19.215228957829392,18.89037222786567,18.929355706989096,11388912
2007-12-11,18.87087631225586,19.19573166781535,18.815650914724742,19.124264341915765,13496040
2007-12-12,18.877368927001953,19.32242116367906,18.67920634121778,19.004062912201775,19864318
2007-12-13,18.965085983276367,18.997572426401685,18.679212773890033,18.79940977237505,8323051
2007-12-14,18.68246841430664,18.994329853235012,18.672722219708945,18.844896812069265,9516257
2007-12-17,18.44207191467285,18.822152765110342,18.373851149015206,18.662973561374997,10368487
2007-12-18,18.740934371948242,18.831894077855218,18.41932688646999,18.594749268676242,12312213
2007-12-19,18.591501235961914,18.84164011953009,18.503790685237757,18.70520119809266,7530221
2007-12-20,18.711702346801758,18.760430728240827,18.552523139620742,18.688962091090296,8182784
2007-12-21,18.926105499267578,19.124268171073496,18.520035254963343,19.049550378301046,19453105
2007-12-24,18.95534324645996,19.023562718568655,18.85788648876196,18.88712377435127,2770113
2007-12-26,18.802663803100586,19.04305657093249,18.685715935198587,18.890374381177153,7275740
2007-12-27,18.510286331176758,18.815650592627133,18.49404311168711,18.734437077977333,7759066
2007-12-28,18.591501235961914,18.656472827379385,18.386841562406442,18.542772865248644,7600250
2007-12-31,18.24064826965332,18.549261576229455,18.195169080037243,18.497285359525367,10434973
2008-01-02,18.130207061767578,18.399838347753544,18.032750312745993,18.24065787180545,11216132
2008-01-03,18.019758224487305,18.22766580630796,18.000267130829037,18.152949301584815,10902668
2008-01-04,18.12371063232422,18.38359573546723,17.86707469024275,17.902809004922368,12302209
2008-01-07,18.679214477539062,18.84813986471961,18.19193070021019,18.19842773114794,20668195
2008-01-08,19.169736862182617,19.491344236439385,18.734430863411962,18.734430863411962,21974156
2008-01-09,19.504352569580078,19.585566116743276,19.11777463871555,19.134016573308344,20584410
2008-01-10,19.527084350585938,19.845442660315594,19.27044846487332,19.322424699245907,17637974
2008-01-11,19.760618209838867,19.84554002939552,19.43399562717184,19.492788055609324,16646103
2008-01-14,19.57444953918457,19.923934805693204,19.404605843783802,19.878208356080577,15686744
2008-01-15,19.489524841308594,19.623439943219896,19.189032892539178,19.31641564546112,16968320
2008-01-16,19.760618209838867,19.94679206919197,19.36213980159413,19.36213980159413,20114006
2008-01-17,19.515657424926758,19.852077974915133,19.42746875740375,19.852077974915133,17356190
2008-01-18,19.411130905151367,19.87819956246425,19.192294032763684,19.610369437955097,20703418
2008-01-22,18.77749252319336,19.515658456838512,18.107918211832867,18.382279507292328,25084827
2008-01-23,18.934274673461914,18.99633265769774,17.85642116828916,18.69910614020931,27695498
2008-01-24,18.63704490661621,19.61037802836333,18.5129289597841,18.999594871447773,16851188
2008-01-25,18.1209716796875,18.774214062015336,18.107906987851223,18.71542294875208,18792830
2008-01-28,18.434537887573242,18.486796682440474,18.016462334956703,18.111182049863395,17430805
2008-01-29,18.372478485107422,18.60438011527523,18.228764213603057,18.51292593297779,15406003
2008-01-30,18.27449607849121,18.61744901490575,17.980536418707327,18.5455918629355,19456440
2008-01-31,18.349611282348633,18.519454918400385,17.275025160120432,18.03605469931263,21681117
2008-02-01,18.797086715698242,18.842814456936814,18.248361611352937,18.51619181455145,18739683
2008-02-04,18.96039581298828,19.107375595296265,18.735026553765486,18.803616859158655,14834306
2008-02-05,18.728498458862305,19.006126566798958,18.695836710404972,18.950600945211626,13832847
2008-02-06,18.855884552001953,19.074721551322302,18.588054272142422,18.819955973150556,18790329
2008-02-07,18.976728439331055,18.999591010182364,18.70563142842437,18.84281334562981,15662776
2008-02-08,18.552122116088867,18.911406536906,18.454135573904168,18.911406536906,11887036
2008-02-11,18.401870727539062,18.735024342073537,18.264688834527764,18.584777754188647,9318883
2008-02-12,18.27449607849121,18.525994811967212,18.225502801860564,18.294093129459498,19028970
2008-02-13,18.460668563842773,18.53905805999361,18.264695472675562,18.447603864220927,9042101
2008-02-14,18.08832550048828,18.477006287549166,18.04913138847114,18.447610054326212,11477282
2008-02-15,18.143844604492188,18.290824419229914,18.000131613788948,18.055657235017442,13655481
2008-02-19,18.15036964416504,18.395335903402238,18.101376392317597,18.38880355638386,10854106
2008-02-20,18.16344451904297,18.192839445790995,17.840088639036143,18.078522667855736,12340350
2008-02-21,17.918474197387695,18.254894703797277,17.81068849496169,18.189569917622162,22594206
2008-02-22,17.813962936401367,18.081793265512523,17.54939943252288,17.993605863693094,12895165
2008-02-25,18.117713928222656,18.130778626599824,17.79109257353449,17.8890791097829,8253439
2008-02-26,18.15036964416504,18.29408387540777,17.960928983793657,18.06544913292612,8633597
2008-02-27,17.813962936401367,18.14385125915141,17.761704120040285,18.003403742550695,10911213
2008-02-28,17.709434509277344,17.833551728422385,17.578786240009386,17.722500504781696,10399958
2008-02-29,17.4906005859375,17.67677448512589,17.38608170067776,17.67677448512589,11230513
2008-03-03,17.38608169555664,17.438340488961302,17.25216658982775,17.43180813978572,11778241
2008-03-04,17.389345169067383,17.480799345153976,17.25869690255203,17.25869690255203,12527303
2008-03-05,17.304428100585938,17.444875577545197,17.105189471814327,17.343623500214008,10798875
2008-03-06,17.01373863220215,17.3044315196488,17.00067392921804,17.255438234248345,12585661
2008-03-07,16.670778274536133,17.03986051536405,16.61525266215723,17.03986051536405,14591288
2008-03-10,16.52706527709961,16.71977282188252,16.4388779149099,16.71977282188252,11292622
2008-03-11,16.611989974975586,16.873287879621866,16.435613921799845,16.576061399474987,17050021
2008-03-12,16.768760681152344,16.91247361363335,16.657709483685384,16.67730652469381,10652564
2008-03-13,17.163978576660156,17.307692860790734,16.706708923418475,16.739370670530114,17263652
2008-03-14,16.781827926635742,17.31095460640673,16.641380497093177,17.31095460640673,14712797
2008-03-17,17.167240142822266,17.307687560017435,16.360484199680183,16.416009801974152,15261776
2008-03-18,17.57878303527832,17.601646900218316,17.21949873726701,17.457932661646083,12747603
2008-03-19,17.76495933532715,18.143840727707197,17.588584634063547,17.62777872358447,14862860
2008-03-20,18.17977523803711,18.218970638796403,17.7780311445885,17.859686173672227,25449145
2008-03-24,18.104644775390625,18.254891366600784,17.938067964436698,18.222228330274614,11847853
2008-03-25,17.810691833496094,18.258163651386273,17.771497733496,18.07525525454623,12756565
2008-03-26,17.64737892150879,17.755164634579224,17.568989430041167,17.604918001064647,12005836
2008-03-27,17.4906005859375,17.755163973675604,17.44487284327532,17.72250222778807,10788662
2008-03-28,17.33381462097168,17.70616356766122,17.294620541707143,17.542852307220762,10103793
2008-03-31,18.013193130493164,18.09484813589175,17.51346132931026,17.575520587643023,20083785
2008-04-01,18.039331436157227,18.09485707500583,17.702910777994447,18.029533557784024,15207378
2008-04-02,17.735567092895508,18.085052321646742,17.680041475154823,18.06218845010068,10671321
2008-04-03,17.810691833496094,18.019729630336197,17.67351118507596,17.67351118507596,7391622
2008-04-04,17.91194725036621,17.993603588234503,17.71597411695437,17.804162806041724,6138599
2008-04-07,17.921741485595703,18.062188945715842,17.81069024706716,18.006663326451573,5576907
2008-04-08,17.63758087158203,17.915208965254635,17.61145017573898,17.800890903897837,9174448
2008-04-09,17.595123291015625,17.748635477643255,17.480805207961893,17.61145351829479,17835348
2008-04-10,17.608186721801758,17.732302672584222,17.497135471267995,17.653913172672205,8805752
2008-04-11,17.361576080322266,17.693682085678184,17.361576080322266,17.693682085678184,14015215
2008-04-14,17.253067016601562,17.394458705722073,17.180726778644797,17.391169918929055,12708629
2008-04-15,17.068923950195312,17.391164832818227,16.950549881797976,17.23004439150677,16660900
2008-04-16,16.884788513183594,17.36815121822962,16.78943200956768,17.27936967298503,27555440
2008-04-17,16.746685028076172,17.04919715257217,16.703938650157813,16.950551866168066,29667153
2008-04-18,16.677629470825195,16.940682631514736,16.60200047801467,16.865054945852624,28168404
2008-04-21,16.61515235900879,16.717086402493376,16.470473256972365,16.621728622412792,21658816
2008-04-22,16.611865997314453,16.680917421271403,16.519796996322373,16.621729739509192,18677782
2008-04-23,16.625017166137695,16.73681494952975,16.592135849595426,16.70722111106754,24663610
2008-04-24,16.585561752319336,16.769699763300686,16.56254417415954,16.61515428749792,23896832
2008-04-25,16.861770629882812,16.950552173545688,16.667768839772837,16.697362687660462,17939350
2008-04-28,16.97028160095215,17.16757218467606,16.76970353797887,17.006451715588042,17441851
2008-04-29,17.585163116455078,17.69367341211509,17.417466456283613,17.53255170751889,33503335
2008-04-30,17.345130920410156,17.69038938119527,17.29251949733547,17.65750805874145,18378699
2008-05-01,17.61475944519043,17.73970976176849,17.26292476467171,17.289229819288476,24907253
2008-05-02,17.483224868774414,17.85478950524448,17.427325995526335,17.746279235743433,13741976
2008-05-05,17.42732810974121,17.54570213173617,17.33197165809607,17.509533344662543,7877032
2008-05-06,17.289222717285156,17.618039686369777,17.045897140587197,17.618039686369777,10995623
2008-05-07,16.86505889892578,17.322115212582364,16.858482633724524,17.26621630479732,13808253
2008-05-08,16.861770629882812,17.233335507318543,16.779566658771635,16.960415918075725,9808670
2008-05-09,17.026174545288086,17.10180222730365,16.605288462759994,16.8453253426405,13753647
2008-05-12,17.354999542236328,17.391168350804485,17.08865620052912,17.10180873221733,16798666
2008-05-13,17.887685775756836,18.08497638924977,17.433916841863482,17.433916841863482,28475823
2008-05-14,18.029067993164062,18.150730822778492,17.887676373999582,17.933710216283025,15325969
2008-05-15,18.042221069335938,18.14086632724053,17.844930553526748,18.07510238625468,15070654
2008-05-16,17.98960304260254,18.084959473261787,17.923839130568304,18.045501910329914,9899958
2008-05-19,18.101409912109375,18.15402002256583,17.933711917158313,17.979747070956154,8583576
2008-05-20,17.97974395751953,18.183610714532893,17.907403761020145,18.117846780701797,10568362
2008-05-21,17.87452507019043,18.232936013216165,17.838354966633936,18.045510538948967,10732805
2008-05-22,18.035642623901367,18.068523936841952,17.7561481960359,17.838352131961464,9997916
2008-05-23,17.841646194458008,18.01263037947503,17.80218730010901,17.986325321341425,9536890
2008-05-27,17.95014762878418,18.07509790927512,17.841638656254478,17.851502395312796,9119425
2008-05-28,17.789039611816406,18.02907660047617,17.673952990441496,18.02907660047617,9727178
2008-05-29,18.400636672973633,18.5288758022551,17.815341240250707,17.815341240250707,15638183
2008-05-30,18.528871536254883,18.63080558185042,18.34473354283277,18.420361227119155,13974990
2008-06-02,18.308570861816406,18.479556397473193,18.170467964339107,18.36118229861423,12901626
2008-06-03,18.32500648498535,18.755757669766485,18.239513743730477,18.39734669791617,15108795
2008-06-04,18.413785934448242,18.446668561031323,18.154020243043565,18.32500571840053,12536682
2008-06-05,18.32500648498535,18.413786704746986,18.154021002475602,18.154021002475602,10091705
2008-06-06,18.00604820251465,18.292120190803683,17.986319415392547,18.27567888129452,12369112
2008-06-09,18.012632369995117,18.17704161579568,17.867953227123657,18.160600299071007,7176949
2008-06-10,17.8317813873291,17.996190617204036,17.746288640080078,17.920561613315375,8776990
2008-06-11,17.59174156188965,17.913982396767913,17.46021498395224,17.7561507646727,10951021
2008-06-12,17.73313331604004,17.789032210100938,17.598317951790694,17.673945636611606,8819925
2008-06-13,17.79232406616211,17.86795176403525,17.687101216318666,17.81534033911353,7725511
2008-06-16,17.864656448364258,17.900826544686993,17.54570315092574,17.641060915258063,10562318
2008-06-17,17.61475944519043,18.16388464963174,17.611470659789127,17.920558972981393,12349312
2008-06-18,17.4635009765625,17.710114106183994,17.427330876598244,17.539128654406884,10496040
2008-06-19,17.802181243896484,17.890962745617262,17.427329064421084,17.4634991606242,11890788
2008-06-20,17.542417526245117,17.861370857372837,17.45692479993367,17.631197730488697,13924760
2008-06-23,17.85150909423828,17.93042557205905,17.5489970185491,17.581878339662538,12855773
2008-06-24,17.6739501953125,17.851511972248506,17.55557611307141,17.75286668585614,12797832
2008-06-25,17.601598739624023,17.756142824414102,17.46349465275668,17.703531432477064,15658816
2008-06-26,17.341838836669922,17.710114806711463,17.30238125722904,17.710114806711463,13405377
2008-06-27,17.42732810974121,17.542414654342235,17.282649040002497,17.32539539616013,15937266
2008-06-30,17.4174747467041,17.591747752550038,17.29581186768765,17.4174747467041,17982910
2008-07-01,17.825193405151367,17.848210969775742,17.30566230570127,17.328678563177903,16509587
2008-07-02,17.835063934326172,18.06523705393348,17.789030094693654,17.874522818302285,10997916
2008-07-03,18.002765655517578,18.140868510344205,17.848221486678824,18.06852829726906,16898291
2008-07-07,17.81862449645996,18.084966416372513,17.660791569842303,18.04222005321141,13909337
2008-07-08,18.864269256591797,18.867556735319432,17.86137517944196,17.91727408214912,32350354
2008-07-09,18.7130069732666,19.045112811696136,18.63080303667002,18.693278185341207,17550438
2008-07-10,18.85769271850586,18.907015359312727,18.551893129792482,18.71301358214176,15486870
2008-07-11,18.672386169433594,18.8047448915767,18.38781662685294,18.798127087010084,15666111
2008-07-14,18.6029052734375,18.97350772445765,18.53341764272269,18.811369480987803,12992288
2008-07-15,19.142257690429688,19.23490827373533,18.500322727545676,18.66576916420146,26424760
2008-07-16,18.851072311401367,19.35734167034859,18.728640935704682,19.291162299489862,25375782
2008-07-17,19.026447296142578,19.185277269763876,18.225682252897027,18.894089861728613,20353689
2008-07-18,19.052919387817383,19.307708199437815,18.96357703647683,19.112479639972108,22540434
2008-07-21,18.78820037841797,19.185273927899683,18.556574579688785,18.963574178664274,16922051
2008-07-22,19.08932113647461,19.43345104097983,18.69224746144235,18.69224746144235,25117549
2008-07-23,18.857690811157227,19.18858636222656,18.79813055905681,19.138952161106726,16933931
2008-07-24,18.84776496887207,19.072772998998598,18.692244558001597,18.827910235879777,16197582
2008-07-25,18.999971389770508,19.029752166910693,18.804744189238793,18.95364675953438,10685286
2008-07-28,18.599590301513672,18.92055711120279,18.55326435418602,18.92055711120279,12824719
2008-07-29,18.510251998901367,18.890781763334402,18.41760139946952,18.834529754615676,18965611
2008-07-30,18.811368942260742,19.089320772565767,18.454002115382018,18.563197900096583,19925177
2008-07-31,18.642610549926758,19.082700563659447,18.5698133692808,18.725333781766277,16797416
2008-08-01,18.553272247314453,18.897403492476734,18.47385724339962,18.64261461999587,12198416
2008-08-04,18.947032928466797,19.148877975645494,18.506942929611245,18.553267569561797,16500625
2008-08-05,19.426822662353516,19.436750024989372,18.933790398010707,19.019821840765815,19496665
2008-08-06,19.449993133544922,19.56911495409544,19.304398774223227,19.337489118835787,14855356
2008-08-07,19.311019897460938,19.51617454459812,19.191898056446746,19.406980071754226,10640892
2008-08-08,19.53271484375,19.585658601765324,19.241527463179604,19.241527463179604,15915590
2008-08-11,19.489700317382812,19.579042670948823,19.340797710178478,19.545952325744075,10456649
2008-08-12,19.483091354370117,19.622067973416005,19.36396947762098,19.36396947762098,10556482
2008-08-13,19.340797424316406,19.605513605013435,19.238220775752556,19.496317835181923,10503335
2008-08-14,19.423521041870117,19.622057839047475,19.066154280788634,19.244837661329374,11021467
2008-08-15,19.727941513061523,19.79411956002954,19.284542021348688,19.416899430690147,11544602
2008-08-18,19.50954818725586,19.767646492509225,19.38380859437077,19.767646492509225,9091913
2008-08-19,19.47646713256836,19.684931334794953,19.360653540730713,19.406979503628108,7046686
2008-08-20,19.304393768310547,19.512857886770387,19.15218295802362,19.41027994972046,9884118
2008-08-21,19.20513153076172,19.238221877372204,19.029757692267932,19.17535206038031,7952897
2008-08-22,19.350723266601562,19.49631629950323,19.195202867986016,19.238219260403554,7083160
2008-08-25,19.11248207092285,19.33418188176683,18.96357944848838,19.31432846185673,9139433
2008-08-26,19.049610137939453,19.185277132057685,18.89408972611248,19.13895249073729,5438099
2008-08-27,19.099239349365234,19.195199482992013,18.960264146312,19.046296915975553,6652980
2008-08-28,19.440067291259766,19.479775444826984,19.112481272507534,19.17866065151573,8403918
2008-08-29,19.00328254699707,19.463225905184302,19.00328254699707,19.347412346750982,8286578
2008-09-02,19.526098251342773,19.635294019116756,19.042991855491326,19.23160260751861,16227386
2008-09-03,19.168733596801758,19.622060574601235,19.109173338588484,19.45661278208614,12567945
2008-09-04,18.718719482421875,19.08601238431376,18.679011323992047,19.03306992694855,16498124
2008-09-05,18.864307403564453,18.92386896723942,18.516868018073446,18.59959255822263,12934139
2008-09-08,19.330867767333984,19.469842979917868,18.970191495808365,19.24483499177047,14039391
2008-09-09,19.01983070373535,19.509554952340814,18.99666903913393,19.373889263998453,14741142
2008-09-10,19.158802032470703,19.400355187573133,18.913939317383537,19.019825505814218,13577741
2008-09-11,19.625364303588867,19.66507244866514,19.092623770775567,19.142257965566802,17807837
2008-09-12,19.552568435668945,19.622057365327883,19.231601585945167,19.52278896913576,13680283
2008-09-15,19.350723266601562,19.678309234887262,19.188585062645284,19.271308287107217,16234264
2008-09-16,19.79081916809082,19.837143819349375,19.02645124137413,19.02645124137413,25385577
2008-09-17,18.943721771240234,19.71139769181944,18.695550789622434,19.59558412859596,22637349
2008-09-18,19.218360900878906,19.539329003230602,18.745181989019603,19.10916647566808,21911630
2008-09-19,19.426822662353516,19.718009953278546,19.109164158273067,19.519473223802624,22835140
2008-09-22,18.90732765197754,19.49301209620389,18.831222217076686,19.31101912308556,11110671
2008-09-23,19.360645294189453,19.582345015553503,19.016515541757368,19.016515541757368,19099000
2008-09-24,19.473155975341797,19.592277795058227,19.301090393859376,19.3738875730105,15004377
2008-09-25,19.631986618041992,19.764345378158676,19.416904619406708,19.48639356040057,13849521
2008-09-26,19.655149459838867,19.718019278518568,19.420214043463698,19.479775616636978,12688829
2008-09-29,18.99336051940918,19.747801010494605,18.669084043155724,19.483084794859998,22588995
2008-09-30,19.052919387817383,19.506245004098183,18.874236000541924,19.473155975123337,26130888
2008-10-01,19.28785514831543,19.35734276818495,18.86100074710885,18.947033539482796,16503752
2008-10-02,19.489700317382812,19.830521928233118,19.142260900572694,19.152188267215255,25022718
2008-10-03,19.360645294189453,19.770955717089066,19.29777549881269,19.681613390444237,20423301
2008-10-06,18.662464141845703,19.44337577222752,18.06023590407764,19.059537763029294,26748854
2008-10-07,18.490398406982422,19.27131003110347,18.43414639879278,18.824602210853303,25050229
2008-10-08,18.295181274414062,18.824612619345185,17.4877966647103,18.17274982372779,31386619
2008-10-09,16.62746238708496,18.434148618897233,16.62415414141956,18.315026782231964,28418508
2008-10-10,16.480812072753906,17.407336446249882,15.247666768925555,15.98755421620198,42168195
2008-10-13,18.067241668701172,18.317203455626853,17.017402163613315,17.580649213499512,24680283
2008-10-14,18.257217407226562,19.050429796783146,17.577320884049794,18.853793752158854,29475823
2008-10-15,17.957260131835938,18.69714790586921,17.73396055510943,18.69714790586921,30019175
2008-10-16,18.457183837890625,18.663818852634616,17.014070852313665,18.00725256507582,36406836
2008-10-17,18.483840942382812,19.41036540478346,17.577311828574008,18.170554424798937,30024177
2008-10-20,19.18040657043457,19.32705154006045,18.453851256990376,18.63715614412509,19806378
2008-10-21,18.660486221313477,19.280391248480566,18.587163736678274,19.23706444618682,16692580
2008-10-22,17.950593948364258,18.58049797096977,17.5139938127218,18.323870602485687,22948312
2008-10-23,18.33719825744629,18.74047051737809,17.57398185610739,18.060574261523755,27764277
2008-10-24,18.09723472595215,18.527169202149395,17.064058606427484,17.29402368205832,20906211
2008-10-27,17.720624923706055,18.390523483349643,17.623973663921593,17.88393309275736,18434348
2008-10-28,18.330528259277344,18.43717849663069,17.370674798200174,18.083899999428052,27886828
2008-10-29,18.05390739440918,18.497172974072168,17.653968605233388,18.307201254275306,21084410
2008-10-30,18.183883666992188,18.663809045904042,17.727285749035353,18.530496587861524,16949979
2008-10-31,18.380523681640625,18.663813215099665,18.00391500923674,18.12056293924485,17948520
2008-11-03,18.663816452026367,18.750470047853575,18.247214358492283,18.370527868033314,13335140
2008-11-04,18.800466537475586,18.997103892358304,18.520509010551493,18.97710721005611,14427678
2008-11-05,18.390525817871094,19.130412172576317,18.273876543070813,18.617157483291074,19175907
2008-11-06,17.910598754882812,18.64048742617952,17.78728392197071,18.243880690564115,18032930
2008-11-07,18.430517196655273,18.57382869321587,17.853939093577498,17.997250590138098,13693622
2008-11-10,18.457183837890625,18.957107474351517,18.43052159725209,18.663818852634616,15453939
2008-11-11,18.387189865112305,18.82045778384017,18.133895997145842,18.240546256010244,14284494
2008-11-12,18.16389274597168,18.707143112039592,18.04391135451749,18.387192293195927,15492080
2008-11-13,19.043758392333984,19.100416308139575,17.853940835519097,18.220550567226454,23420592
2008-11-14,18.350528717041016,19.107079532621928,18.310535366617174,18.760466520923334,16764068
2008-11-17,18.43718910217285,18.90045154417201,18.027251147075454,18.103907084343444,16899541
2008-11-18,18.853784561157227,18.957101372826884,18.163889369951967,18.593823823909347,23398499
2008-11-19,18.170555114746094,19.087081937651906,18.137227324332205,18.83045463922184,21407878
2008-11-20,16.78076934814453,18.133896266514263,16.497478475945737,18.083903915525926,35685077
2008-11-21,17.17070960998535,17.2307009627168,16.087542418225432,16.874088937895646,36999166
2008-11-24,16.924089431762695,17.31402943741079,16.79410898824733,17.31402943741079,30187578
2008-11-25,17.070724487304688,17.41400538642247,16.74744026364188,17.130715838566953,32971655
2008-11-26,17.120716094970703,17.160710769041334,16.530806907728714,16.8074308850876,17021676
2008-11-28,17.46066665649414,17.55398580571713,16.830762730463317,17.014067587020392,7098166
2008-12-01,16.7141170501709,17.28069762599814,16.6674581279934,17.030735802088724,16918091
2008-12-02,17.320690155029297,17.374015959851487,16.820766531248424,16.970743618382684,16167987
2008-12-03,17.71396827697754,17.823952033864884,17.054069710347438,17.054069710347438,16493747
2008-12-04,17.340681076049805,17.800611187141527,17.18403848094698,17.45733032449126,14828262
2008-12-05,17.58064842224121,17.73062548764655,16.81076641813996,17.17737613919916,17290955
2008-12-08,17.637304306030273,17.910596169280733,17.573980840135125,17.89726505276568,17954148
2008-12-09,17.320690155029297,18.003919990794913,17.164047507904467,17.643974451713632,17314714
2008-12-10,17.17070960998535,17.497327283338144,17.05072822941982,17.274027756378985,13961442
2008-12-11,17.007404327392578,17.350685293282623,16.9274162851167,17.1707125293863,16824719
2008-12-12,16.91408348083496,16.9240824819601,16.4441556010053,16.680786261923895,17198833
2008-12-15,17.210704803466797,17.34068386345818,16.844093767218325,16.964075151385902,14938308
2008-12-16,17.717288970947266,17.810608093757292,17.22069768797658,17.340679038761746,20119842
2008-12-17,17.350679397583008,17.670630133070794,17.284022497519956,17.537317657841836,15693414
2008-12-18,17.32735824584961,17.69730284139958,17.097394405240053,17.447340992999777,19165486
2008-12-19,17.420669555664062,17.747287194971307,17.37734276651812,17.663965733207522,26760734
2008-12-22,17.567317962646484,17.63064143820478,17.177376783038437,17.46066768935396,16605877
2008-12-23,17.483991622924805,17.757283451890476,17.457329393239508,17.713956666203305,14558358
2008-12-24,17.547327041625977,17.63731278380492,17.437343290164666,17.530662475523314,4198208
2008-12-26,17.500648498535156,17.640627792745445,17.393998301701693,17.60063314087256,4030013
2008-12-29,17.387340545654297,17.720622394628048,17.180705613804975,17.720622394628048,9389537
2008-12-30,17.717288970947266,17.75061675591619,17.483990501473677,17.497322940358288,10662151
2008-12-31,17.78727912902832,17.910593928712135,17.687294442775954,17.747285784486223,11788454
2009-01-02,17.850603103637695,17.94725567642412,17.453997788310005,17.840605429661377,13163193
2009-01-05,17.54399299621582,17.82395054268169,17.354022513737842,17.7306313605264,13093372
2009-01-06,16.97073745727539,17.737287177081438,16.68411450704446,17.613972374678028,29167570
2009-01-07,16.877418518066406,17.12404812567421,16.747438156616116,16.787432827391605,22917674
2009-01-08,17.064067840576172,17.270702911321344,16.897426141627605,16.897426141627605,18202168
2009-01-09,17.05405616760254,17.370673413459983,16.96740260824252,17.05738828340265,14017716
2009-01-12,16.68411636352539,17.104053161691695,16.497478080984212,17.104053161691695,24832847
2009-01-13,16.804964065551758,16.915744407622356,16.502837315716192,16.613617657786794,17532305
2009-01-14,16.606908798217773,16.76804231241296,16.452487790349156,16.744544536787064,16723426
2009-01-15,16.522979736328125,16.65390160198676,16.170498508897776,16.616974819275814,21325552
2009-01-16,16.757976531982422,16.902326148528605,16.563272429071162,16.637126031605174,26773239
2009-01-20,16.516271591186523,17.167523557166145,16.496130066716876,16.932536436031395,20162359
2009-01-21,17.563644409179688,17.62407031318211,16.694190649167112,16.885537121017535,28385160
2009-01-22,17.79527473449707,17.865770730747837,17.25480320575069,17.33872688371643,25371613
2009-01-23,17.72813606262207,17.818774921416313,17.456222155228122,17.61064183877519,17841392
2009-01-26,18.144399642944336,18.292106820406676,17.5737164604609,17.84227278121979,23680700
2009-01-27,18.258541107177734,18.399534480625853,17.932916382072143,18.100763793303347,22438308
2009-01-28,18.449888229370117,18.50695656041424,18.09740681165861,18.365964527127513,29094831
2009-01-29,18.60093879699707,18.624437897749804,18.221602271103038,18.32566742959011,29034806
2009-01-30,18.611011505126953,18.741932025222184,18.36930931177159,18.470018225379526,25721134
2009-02-02,18.6546573638916,18.74529621878183,17.82884424813736,18.073902779923475,20108170
2009-02-03,19.127981185913086,19.265616860657108,18.584152324644492,18.76207236012712,31642768
2009-02-04,18.7687931060791,19.235411003719484,18.718438637492095,19.185056535132478,23438724
2009-02-05,18.976926803588867,19.03399511831785,18.496879840934767,18.745295956985665,17555023
2009-02-06,19.1850643157959,19.215277276100057,18.923220439152814,18.960147242358484,21686536
2009-02-09,19.218629837036133,19.255556633145535,18.893003848157274,19.201844565760645,23365777
2009-02-10,18.7285099029541,19.218626939149146,18.587517915881776,19.15820237375854,23895373
2009-02-11,18.698299407958984,18.876219543426537,18.56066499036289,18.832578906556506,16173406
2009-02-12,18.842641830444336,18.842641830444336,18.31559946958587,18.557300339884407,14070654
2009-02-13,18.443166732788086,18.899713191677538,18.37938458541348,18.82250336427608,15131513
2009-02-17,18.104114532470703,18.38609983818425,17.906052900620594,18.32231768590873,16305127
2009-02-18,18.194751739501953,18.282032999402734,18.00340528590778,18.181324058670175,13083785
2009-02-19,18.282041549682617,18.396178224627235,18.006769960407453,18.006769960407453,14768862
2009-02-20,18.137676239013672,18.349165464516204,17.993326725550325,18.127606149628694,18687995
2009-02-23,17.926193237304688,18.29210216545579,17.88255261275046,17.939620916476134,14229054
2009-02-24,18.376033782958984,18.439815953883244,18.000053265411108,18.063836770829997,18518758
2009-02-25,18.00005340576172,18.389461611330525,17.88591674800787,18.325679439908942,19330763
2009-02-26,16.97953987121582,18.157834853549375,16.966112183060357,18.01348520413575,27793664
2009-02-27,15.89187240600586,16.670688502696382,15.858303206836132,16.55990814369512,40436640
2009-03-02,15.791162490844727,15.9120129348257,15.237263399312402,15.67366829932471,33721134
2009-03-03,15.381619453430176,15.97244557885937,15.378261865055261,15.895235725676743,27979783
2009-03-04,15.838164329528809,16.06643759095275,15.284265111106741,15.609889733610542,24659233
2009-03-05,15.455467224121094,15.85494535838693,15.324545347775555,15.576317673634636,20373281
2009-03-06,15.740808486938477,15.861658934443131,15.44539554054151,15.556175895875644,21175490
2009-03-09,15.660242080688477,15.88515905832934,15.482323317835444,15.593103680268923,20769070
2009-03-10,15.771028518676758,15.922091979556928,15.556182885579807,15.878451335225234,24025636
2009-03-11,14.928425788879395,15.878446935237015,14.91164051971243,15.878446935237015,30730096
2009-03-12,15.660242080688477,15.871731378245428,14.804216132138949,14.89149738717851,27235098
2009-03-13,15.72738265991211,15.83816302829273,15.445397359529434,15.757595608969934,27657566
2009-03-16,16.063079833984375,16.251070047703735,15.86501952618731,15.871733367070552,24044810
2009-03-17,16.49613380432129,16.506205236085258,16.03287329857862,16.08658404266717,22476032
2009-03-18,16.324926376342773,16.637124700628085,16.227574999922616,16.418921499004234,17961025
2009-03-19,15.955659866333008,16.44577700993427,15.78109863801186,16.44242075614642,19328887
2009-03-20,15.959010124206543,16.193997157718563,15.868371296149183,16.113429755387777,19830763
2009-03-23,16.368566513061523,16.368566513061523,16.029512831160066,16.207431640743874,14928095
2009-03-24,15.596461296081543,16.42227436936639,15.489038511527996,16.23428549726838,32116715
2009-03-25,15.452107429504395,15.777733280294564,15.119767739950069,15.73745024770963,41004168
2009-03-26,15.593103408813477,15.596459661528954,15.022419008217275,15.589745821603877,34872238
2009-03-27,15.64345932006836,15.81802050873403,15.398400803938248,15.455469115818335,22966861
2009-03-30,16.076507568359375,16.153718740510776,15.66024409425904,15.673671776069462,29511463
2009-03-31,16.012723922729492,16.381990476137727,15.989226148994586,16.200714119573895,21521259
2009-04-01,15.677033424377441,15.821383042969861,15.44204626284091,15.818025454400427,25387453
2009-04-02,15.233909606933594,15.938873597157366,15.223839512548356,15.938873597157366,36582534
2009-04-03,14.810935020446777,15.492400025686768,14.693442112418357,15.290982086787078,29112964
2009-04-06,14.555802345275879,14.878070692108178,14.354384461693911,14.723649691931362,35521676
2009-04-07,14.40809440612793,14.66322433429356,14.307385469785157,14.471876554545796,27135473
2009-04-08,14.659865379333496,14.938494389183631,14.458447525438672,14.528943507403053,32478116
2009-04-09,14.780719757080078,14.925069346407517,14.387955371290529,14.925069346407517,31234681
2009-04-13,15.034794807434082,15.254998384232875,14.845081163842583,14.858631945995047,20969362
2009-04-14,15.146598815917969,15.214352762625381,14.96027209564955,15.085618917152084,28324510
2009-04-15,14.452105522155762,14.977205825776267,14.187862532338464,14.70618609701589,55736974
2009-04-16,14.462265968322754,14.601163496967436,14.316593049016998,14.567285196933641,30307003
2009-04-17,14.868800163269043,14.950106227285858,14.452107426888428,14.526638097797917,32104210
2009-04-20,14.936553001403809,15.055123034779784,14.814593251934475,14.878961496033815,25768237
2009-04-21,15.031412124633789,15.221124476264283,14.862024605371007,14.9839830266795,19551897
2009-04-22,14.397907257080078,14.953496340327112,14.347091124910506,14.950109316438036,28798875
2009-04-23,14.689254760742188,14.716356341538372,14.231909524524628,14.421621936827243,22041892
2009-04-24,14.597774505615234,14.872181182505233,14.526632233344252,14.76038656800179,19403085
2009-04-27,14.621499061584473,14.858640580515152,14.519866789652855,14.567294554747278,16169654
2009-04-28,14.57068157196045,14.706190806370316,14.533416229483677,14.584232360728521,14471863
2009-04-29,14.438556671142578,14.628270372005852,14.360638976879452,14.61133121583734,16898291
2009-04-30,14.177700996398926,14.591005373273822,14.015088864268602,14.567290823436288,35132555
2009-05-01,14.065902709960938,14.242065600126683,13.981209634332968,14.208188639221238,18498124
2009-05-04,14.628271102905273,14.658761046840459,14.262394469140997,14.353864300946553,24357232
2009-05-05,14.81460189819336,14.906071763679995,14.61133732608457,14.635051885291787,19547937
2009-05-06,14.54357624053955,14.906064460074607,14.357249576249004,14.78071767622984,20822426
2009-05-07,15.116106033325195,15.163533787131007,14.567291087484188,14.64859715502311,26699041
2009-05-08,15.221120834350586,15.414222856387548,15.12626535459558,15.295651486600942,20278033
2009-05-11,15.200801849365234,15.390515592057849,15.082231770229251,15.231291798499619,13486661
2009-05-12,15.383739471435547,15.52602544510469,15.217740291095831,15.26516805116612,19091288
2009-05-13,15.414225578308105,15.68863234573404,15.258388854877898,15.295654187583574,16314298
2009-05-14,15.119497299194336,15.434557894290354,15.116110274908003,15.404067942066652,20020217
2009-05-15,14.675700187683105,15.126269912567293,14.655372660596068,15.092391598574878,33178825
2009-05-18,14.635049819946289,14.848478129232612,14.52664215323574,14.76717204251738,21061901
2009-05-19,14.526636123657227,14.753615128728914,14.482595401080202,14.648594529744095,16563568
2009-05-20,14.594398498535156,14.841703800584078,14.567295569863262,14.645214638042066,20836599
2009-05-21,14.675700187683105,14.71296417830841,14.499537264455249,14.57067956907297,13163818
2009-05-22,14.885740280151367,15.092391803355785,14.675700386810142,14.750229715800971,15513756
2009-05-26,15.099164009094238,15.214347021763807,14.787491931656382,14.98736936584611,15573572
2009-05-27,15.038186073303223,15.156756113342952,15.000920741840877,15.07545140476557,12402251
2009-05-28,15.109331130981445,15.207575011850913,14.963658148035746,14.980597305452829,12396207
2009-05-29,15.265165328979492,15.285492854970958,14.929780004324911,15.139819883495887,15190288
2009-06-01,15.238064765930176,15.387126117186607,15.129657122620491,15.346472409239858,14323677
2009-06-02,15.295654296875,15.424389450795035,15.163532119991412,15.183859644687974,11403293
2009-06-03,15.28549575805664,15.400678809149463,15.136434388363,15.238066650707154,16699875
2009-06-04,15.160143852233887,15.346469155065702,15.02463466351336,15.305816802468154,16699041
2009-06-05,15.238064765930176,15.332921622167271,15.02463784944345,15.214350215188654,14827011
2009-06-08,15.153368949890137,15.26516359651094,14.9975322331055,15.122879011092193,12509170
2009-06-09,15.024636268615723,15.227900746775886,15.024636268615723,15.217736984176339,9975198
2009-06-10,14.956878662109375,15.14320395580138,14.872184244925945,15.109326996965189,20868904
2009-06-11,15.095778465270996,15.27532839397926,14.970431678786131,14.977207071564056,19195498
2009-06-12,15.387128829956055,15.583617970607813,15.065292866690587,15.065292866690587,21434348
2009-06-15,15.153368949890137,15.465041036730664,15.102552834136478,15.465041036730664,19175698
2009-06-16,15.153368949890137,15.319368081788259,14.980594425673445,15.143205188047908,16300750
2009-06-17,15.556517601013184,15.658149885403446,15.160152230582936,15.16692762642699,18319717
2009-06-18,16.145977020263672,16.23405846878015,15.607325913861366,15.607325913861366,31473947
2009-06-19,16.118879318237305,16.349245410108693,16.010471666372585,16.20696078788909,30234056
2009-06-22,15.824142456054688,16.044346095303915,15.780103074933724,15.983367558324124,19041892
2009-06-23,15.874961853027344,15.990146251217604,15.685249463210276,15.888513988548494,13477491
2009-06-24,15.919001579284668,16.00030765360375,15.776716959273084,15.990145236019533,12463943
2009-06-25,16.2679386138916,16.38651002497486,15.79365566301663,15.844471789662451,16172363
2009-06-26,16.068063735961914,16.305205229971627,16.020634629122487,16.22051212783869,17072530
2009-06-29,16.20018196105957,16.206957353694865,15.803815431615119,16.122262925660454,14043143
2009-06-30,15.935938835144043,16.1425916932546,15.671694461834587,16.00030574349993,29462068
2009-07-01,15.800430297851562,15.952878670466532,15.763164960537374,15.922388726597744,17754273
2009-07-02,15.678470611572266,15.800429030536451,15.498919332848109,15.685246004474228,15738224
2009-07-06,15.583611488342285,15.695406128262297,15.458264717868676,15.458264717868676,16522718
2009-07-07,15.360024452209473,15.614105097417598,15.319372087667812,15.387127375299677,17745102
2009-07-08,15.688633918762207,15.749613805072727,15.414227123822748,15.414227123822748,19459983
2009-07-09,15.559907913208008,15.783498697410911,15.39390867422813,15.722518780478476,15427261
2009-07-10,15.383739471435547,15.515861680296487,15.336311711365259,15.515861680296487,13398499
2009-07-13,15.773377418518066,15.807555457049684,15.3803238612652,15.441845689319727,15447270
2009-07-14,15.88958740234375,16.002375632229377,15.711858847738641,15.882751793220315,16593372
2009-07-15,15.476014137268066,15.653742544888294,15.117140199640868,15.619564527537008,54042935
2009-07-16,15.359814643859863,15.452096012859226,15.236772365628244,15.424753586296067,26617341
2009-07-17,15.199172973632812,15.311962499908914,15.106891622095747,15.216262666349627,25745102
2009-07-20,15.383740425109863,15.39057603196334,15.141072985067824,15.247025570645437,17642351
2009-07-21,15.38032054901123,15.513616908624705,15.212846158226604,15.448677970050856,17015632
2009-07-22,15.113730430603027,15.46576893603879,15.041954521198724,15.383740295789183,21022926
2009-07-23,14.98384952545166,15.192338906395024,14.850553169638424,15.178667694316326,35071071
2009-07-24,15.383740425109863,15.41108285252377,14.970180096336016,15.018030703007797,19027511
2009-07-27,15.390567779541016,15.510191514683335,15.20600377606547,15.424745795482147,13140058
2009-07-28,15.527290344238281,15.585393684896939,15.346144715049371,15.366651536688162,15297832
2009-07-29,15.616150856018066,15.677672664895043,15.421334059069629,15.510196931551539,13059608
2009-07-30,15.6195707321167,15.821223152637058,15.534123616751074,15.715270577412028,20062526
2009-07-31,15.376906394958496,15.725526456324609,15.352981089169376,15.633245074991693,20092747
2009-08-03,15.318799018859863,15.421334463881598,15.106892523061429,15.407661893674435,21023551
2009-08-04,15.141071319580078,15.308545707114575,15.117146018875921,15.2641135881057,21876198
2009-08-05,15.038537979125977,15.158163140731757,15.028283889186415,15.158163140731757,16416424
2009-08-06,14.912075996398926,15.100057213305744,14.864226750870733,15.09664008940242,20409546
2009-08-07,14.98384952545166,15.048788462174121,14.942835889215566,15.02486452038504,14732805
2009-08-10,15.216265678405762,15.229936891806567,14.87106278459448,14.936001727597013,17182159
2009-08-11,15.277779579162598,15.339301371749125,15.185498248979638,15.216259145272902,13569404
2009-08-12,15.041949272155762,15.226513308637498,14.953085056120221,15.185499682173539,25867653
2009-08-13,15.147906303405762,15.168413120868063,14.92232859392597,15.045370857397016,17061901
2009-08-14,15.161574363708496,15.281199478753656,15.014606831063402,15.209424953205344,14471863
2009-08-17,15.298286437988281,15.363226712007744,15.004351399067149,15.03853077669778,19072947
2009-08-18,15.151326179504395,15.315383466401522,15.082970108878499,15.311966342218971,14943935
2009-08-19,15.438426971435547,15.479441975747628,15.072717209264809,15.086388424469638,19022093
2009-08-20,15.476014137268066,15.52728184264338,15.322211021142124,15.445253242303522,10642559
2009-08-21,15.513618469238281,15.722107877098887,15.486276041550811,15.57855741434475,17650688
2009-08-24,15.749449729919434,15.766539425949045,15.46576865627286,15.629824575106973,19214256
2009-08-25,15.694766998291016,15.82806339600781,15.687931390102797,15.72894639792981,14439767
2009-08-26,15.746026992797852,15.855398028701979,15.636655956893721,15.660581253131292,13752814
2009-08-27,15.930593490600586,15.947683184641106,15.691344567519568,15.780208802614668,16263235
2009-08-28,15.694766998291016,15.944270093905207,15.616156824777667,15.940852969159954,13094831
2009-08-31,15.458935737609863,15.814392812410846,15.387161169412826,15.643499883472085,20529596
2009-09-01,15.421337127685547,15.633243660087647,15.32563727188807,15.407664555116654,15665069
2009-09-02,15.38032054901123,15.513616908624705,15.284620703034683,15.414499938879704,14121509
2009-09-03,15.400823593139648,15.458926911238775,15.294871043128234,15.458926911238775,11511046
2009-09-04,15.595647811889648,15.609319026347787,15.342726268321504,15.43159052099693,10668404
2009-09-08,15.691343307495117,15.691343307495115,15.46576561428164,15.609314684863723,15070446
2009-09-09,15.845149040222168,15.934013282621676,15.67425616186178,15.718688283061534,17529804
2009-09-10,16.019454956054688,16.019454956054688,15.657162472435125,15.848562121287307,20663610
2009-09-11,16.00579071044922,16.05705844731525,15.913507968871796,16.02629753345611,16682368
2009-09-14,16.17668342590332,16.221115554568453,15.964775514609558,16.00237203568756,21335765
2009-09-15,16.094646453857422,16.23477837497981,16.04679586679276,16.18009218386261,14999166
2009-09-16,15.968181610107422,16.159581191460052,15.824632603441216,16.159581191460052,15908295
2009-09-17,15.845149040222168,16.06389116365294,15.845149040222168,15.975026921253434,14515215
2009-09-18,15.711853981018066,15.88274687356595,15.65375064211733,15.88274687356595,31271988
2009-09-21,15.899831771850586,15.94426388712633,15.653747255475077,15.657164378890112,14861609
2009-09-22,15.971602439880371,16.039958472777645,15.858812947554767,15.951094271314453,17101292
2009-09-23,15.766535758972168,16.019455864420312,15.752863190109995,16.019455864420312,12867028
2009-09-24,16.043386459350586,16.07072888870967,15.72552596260986,15.82122582406419,24673614
2009-09-25,16.17668342590332,16.3304866346601,15.981865212926175,15.981865212926175,23838058
2009-09-28,16.603904724121094,16.983286855272155,16.5731451858737,16.79872283230348,38624844
2009-09-29,16.781631469726562,16.94568866460502,16.67909606260171,16.740617850355314,24744477
2009-09-30,16.908096313476562,16.928603128190595,16.638086522999163,16.79872527630467,21834306
2009-10-01,16.63808822631836,17.003797881597713,16.61758005080775,16.904679562287097,22585244
2009-10-02,17.03455924987793,17.08924409620231,16.545805963018967,16.545805963018967,26714048
2009-10-05,17.2020320892334,17.236210115125264,16.959364708658374,17.065317268271713,23621509
2009-10-06,17.1507625579834,17.331908114106458,17.037973046417925,17.260133587972508,18420383
2009-10-07,17.10291290283203,17.806989711134303,17.06531639692209,17.120002594253926,11910171
2009-10-08,17.126834869384766,17.34557689879149,17.041389146281233,17.20202786658607,12311588
2009-10-09,17.116580963134766,17.243041667255223,17.058477653427463,17.10632823712571,11378074
2009-10-12,17.08924102783203,17.23620856398667,17.027720586763085,17.23620856398667,15206336
2009-10-13,17.10647201538086,17.21328041841165,16.9927742498402,17.147817778022116,16954773
2009-10-14,17.640512466430664,17.74043014395349,17.309753191538412,17.475133513811873,27761776
2009-10-15,17.88513946533203,17.971274320314073,17.640514997955776,17.716314437346696,20991038
2009-10-16,17.719749450683594,17.874792926845938,17.685295801421113,17.78521343876348,18110671
2009-10-19,17.99538803100586,18.04017847300922,17.709419234129832,17.73009142974957,17922885
2009-10-20,17.86790657043457,18.022950084546167,17.823116130603147,17.909252329323667,16214673
2009-10-21,17.62328338623047,17.902361435165393,17.592274409758932,17.88513392164689,14674239
2009-10-22,17.974708557128906,18.022943660710443,17.506132131209906,17.612940486478532,15557107
2009-10-23,17.67841148376465,17.97471708385834,17.561267664128465,17.909254441688393,12462901
2009-10-26,17.533702850341797,17.819671636346808,17.406222261051095,17.702527829300287,12666111
2009-10-27,17.647403717041016,17.74387534625639,17.406225328829926,17.406225328829926,12099833
2009-10-28,17.57849884033203,17.77488680773715,17.571608106545266,17.616397191331785,11977907
2009-10-29,17.52336311340332,17.578490326652915,17.323529191061674,17.578490326652915,14063360
2009-10-30,17.423450469970703,17.640510578867335,17.364877194456348,17.51302998449112,14583160
2009-11-02,17.540597915649414,17.62328808506943,17.39933582823497,17.51303361273954,11831388
2009-11-03,17.37520980834961,17.533699343015172,17.25117529450284,17.530253293071617,12898708
2009-11-04,17.540597915649414,17.74387660288777,17.39933582823497,17.39933582823497,11546061
2009-11-05,17.785221099853516,17.836902280836274,17.56471354062634,17.585387108743205,10392872
2009-11-06,17.754209518432617,17.774881713868737,17.595719947446682,17.726646591184455,8325761
2009-11-09,18.036733627319336,18.05395977201801,17.761100245941,17.840344346587514,10869529
2009-11-10,18.19178009033203,18.257242737947383,17.96782784613104,17.981609311981146,11546895
2009-11-11,18.350265502929688,18.450183169500907,18.26413066974946,18.405392727530106,12811171
2009-11-12,18.339929580688477,18.536317487961693,18.264130162588156,18.395055434103632,9963110
2009-11-13,18.24345588684082,18.432953040824465,18.184883989440262,18.398499386369526,12412255
2009-11-16,18.47774314880371,18.567324018452464,18.30891819048656,18.44328949495969,14141100
2009-11-17,18.36749267578125,18.47429970257952,18.288248575943246,18.47429970257952,11656107
2009-11-18,18.32270050048828,18.36749093738676,18.08841290419125,18.36749093738676,10070654
2009-11-19,18.246898651123047,18.329588782784892,18.11252735837932,18.22278041071039,14050646
2009-11-20,18.481185913085938,18.51564093301169,18.205553971604864,18.346815992199637,13334306
2009-11-23,18.305471420288086,18.550095777094867,18.253790256727616,18.50875139410819,19443727
2009-11-24,18.687908172607422,18.774044341791235,18.088407886005726,18.336476875657876,18005627
2009-11-25,18.746490478515625,18.808507071051963,18.643128121300418,18.708590764916096,8726344
2009-11-27,18.632789611816406,18.722370495725922,18.36060227898223,18.429509597639925,6023135
2009-11-30,18.7740535736084,18.794725771302275,18.49842016205938,18.674135896939333,14685286
2009-12-01,18.770606994628906,18.904978330342292,18.681026104153315,18.898087597971447,21289912
2009-12-02,18.75682258605957,18.939429019709326,18.687913903511525,18.77405009911018,11586078
2009-12-03,18.687908172607422,18.84295163355351,18.650009846965162,18.746481425086326,11145060
2009-12-04,18.529434204101562,18.82918457666589,18.39850887996128,18.801621638879524,13122759
2009-12-07,18.488080978393555,18.6913609867983,18.474299515053314,18.550098933079116,11116507
2009-12-08,18.343366622924805,18.481182568726133,18.240004321160335,18.439838195881904,12060025
2009-12-09,18.470857620239258,18.49152981836787,18.308923347083113,18.43295790550946,9618383
2009-12-10,18.629343032836914,18.72236996486887,18.44329190808195,18.457073371422727,13065444
2009-12-11,18.52597999572754,18.725813946009062,18.484635607250436,18.60522546145696,11144018
2009-12-14,18.529434204101562,18.7120407214188,18.519097417604158,18.529434204101562,9362026
2009-12-15,18.601783752441406,18.68102786701139,18.439849471963516,18.529430370892516,9195081
2009-12-16,18.563884735107422,18.76027405774149,18.525985017236728,18.691365355280702,11245727
2009-12-17,18.46051597595215,18.546652166624934,18.31580925749644,18.52253392366421,11269070
2009-12-18,18.377824783325195,18.519086813072406,18.260680995157813,18.519086813072406,19611088
2009-12-21,18.577659606933594,18.6741312082711,18.40538996641644,18.46051581309255,12256982
2009-12-22,18.646574020385742,18.705145935322253,18.61212035561566,18.619011088569675,10124844
2009-12-23,18.636234283447266,18.732705899173503,18.59488989227367,18.681024725379253,5747812
2009-12-24,18.656898498535156,18.749924016882026,18.61899880745937,18.629334215245784,3166736
2009-12-28,18.787839889526367,18.794730623870098,18.625905577966222,18.660359249684866,8517299
2009-12-29,18.69480323791504,18.925644756429392,18.681020407721554,18.822282432730542,9280325
2009-12-30,18.791276931762695,18.794722982360977,18.57077078310616,18.57421683370444,7483118
2009-12-31,18.601783752441406,18.829180681447085,18.584556235061292,18.767164084257214,6238850
2010-01-04,18.763713836669922,18.798168863724754,18.57766134739893,18.670688276861647,10829095
2010-01-05,18.61211395263672,18.767157445245807,18.51908703527871,18.767157445245807,10562109
2010-01-06,18.715476989746094,18.739593862874287,18.55354276042155,18.584550364394133,11401417
2010-01-07,18.870521545410156,18.873966226198174,18.629341843382086,18.712031987801584,12857232
2010-01-08,18.96699333190918,19.035900644865993,18.83951274845747,18.867075673640194,12148604
2010-01-11,19.063465118408203,19.115146288437487,18.97388424107019,19.05312833654058,10947270
2010-01-12,19.008338928222656,19.13926420081916,18.960103806086124,19.018675710650584,10939350
2010-01-13,19.188810348510742,19.275574248968585,19.03610433848855,19.03957555674246,10538975
2010-01-14,19.209630966186523,19.30333591104172,19.08816041796245,19.164513412826572,8982493
2010-01-15,19.258224487304688,19.285988719853222,19.14369633821311,19.213106919584447,16132555
2010-01-19,19.504627227783203,19.608744435338526,19.265157374474523,19.279039484860945,16663610
2010-01-20,19.518505096435547,19.709387521909452,19.299859835879346,19.515035259421584,14080659
2010-01-21,19.28251075744629,19.608744491431917,19.08815845216609,19.50809850101387,17317216
2010-01-22,18.918100357055664,19.317215856959304,18.879923863904132,19.20268775716187,14599208
2010-01-25,18.984041213989258,19.265157398812338,18.925041554943853,19.004864379595197,10109421
2010-01-26,18.90769386291504,18.97363459681734,18.83134223293518,18.93892931046286,13814506
2010-01-27,18.706401824951172,18.789695898014063,18.44610870891569,18.775813782446527,24107753
2010-01-28,18.723743438720703,18.897272534006085,18.616155040932995,18.77580202934064,13856398
2010-01-29,18.37322425842285,18.768870013578965,18.35587092664121,18.768870013578965,19832013
2010-02-01,18.512054443359375,18.633525056841926,18.42182066781988,18.43223156747618,18361192
2010-02-02,18.89380645751953,18.9493362797942,18.463455508605325,18.49469094740625,17214256
2010-02-03,18.966691970825195,19.011809529183168,18.775810842176828,18.869515797412443,14158816
2010-02-04,18.678627014160156,19.00139084709238,18.66821474355322,19.00139084709238,19169446
2010-02-05,18.730695724487305,18.78622556495493,18.49816684570139,18.612696365608446,22546061
2010-02-08,18.515512466430664,18.723746867038106,18.50163035701111,18.689041593489222,14861192
2010-02-09,18.515512466430664,18.734159138931307,18.51204124924724,18.616158449550962,23229471
2010-02-10,18.484283447265625,18.56410629396726,18.279520192757616,18.484283447265625,15479366
2010-02-11,18.581457138061523,18.640456805503455,18.369752854786757,18.48775218967062,13413297
2010-02-12,18.71681785583496,18.741112252780166,18.432230290642448,18.463465746763717,17566069
2010-02-16,18.945863723754883,18.97709916034899,18.66127633647517,18.824393194625397,15742184
2010-02-17,19.001399993896484,19.081222841451407,18.938929099496722,19.01528210828364,13285744
2010-02-18,19.0777530670166,19.088165343423853,18.973635821574764,18.98057687929371,11171113
2010-02-19,18.87298583984375,19.049984844071854,18.768868616220466,19.046515005768345,20116924
2010-02-22,18.879928588867188,18.921574930187525,18.727223957701778,18.91116403468619,11966236
2010-02-23,18.730695724487305,18.904224923833787,18.654342711215936,18.82093085296117,13961234
2010-02-24,18.85562515258789,18.928506904756954,18.709861648249767,18.80703777769413,14141309
2010-02-25,18.782752990722656,18.80704738040245,18.605753965178874,18.73069437264169,12305752
2010-02-26,18.838285446166992,18.925049361811737,18.689050628277077,18.803578776182906,14675281
2010-03-01,18.84174919128418,18.96668957570665,18.789690582803374,18.86951341456533,9501667
2010-03-02,18.942399978637695,18.984046321053217,18.78622412509318,18.817458192076053,10419341
2010-03-03,18.768863677978516,19.032626505942066,18.713333862816338,18.949333852684322,13975823
2010-03-04,18.768863677978516,18.91462720083658,18.709864025425773,18.911157363446016,13258858
2010-03-05,18.85216522216797,18.876458232552043,18.782753270473673,18.789694327677346,15291788
2010-03-08,18.886865615844727,18.9319831658104,18.78274840510197,18.869512287501866,8986453
2010-03-09,19.01875114440918,19.074280979271855,18.786223668751273,18.80704683945321,12287828
2010-03-10,19.09857749938965,19.279046378601787,18.990989035937993,19.022224485305095,17001042
2010-03-11,19.27557373046875,19.27904356897183,19.036103826430292,19.10204455456339,11900584
2010-03-12,18.92157745361328,19.105518934786062,18.643932381801957,19.102047716051022,33828679
2010-03-15,19.01875114440918,19.01875114440918,18.7827524504722,18.883399845017824,15406419
2010-03-16,18.97710609436035,19.084693173470214,18.90422430211535,19.032634553344128,12421426
2010-03-17,18.914634704589844,19.046517550548774,18.84522413267205,19.032634056507653,15366194
2010-03-18,18.66127586364746,18.92850991723564,18.605747426360075,18.893804643931023,32043351
2010-03-19,18.553686141967773,18.706390702069708,18.459979848118465,18.553686141967773,34032097
2010-03-22,18.695987701416016,18.820928099618396,18.49816413957626,18.53287080216285,15663610
2010-03-23,18.85910415649414,18.876456107721317,18.678633930198167,18.779281317808387,9704460
2010-03-24,18.695987701416016,18.855633382547545,18.65781120036523,18.827869156204226,13205711
2010-03-25,18.57451057434082,18.848685661685398,18.56756952020912,18.838274770316325,17738224
2010-03-26,18.359338760375977,18.664749341418062,18.19969172452472,18.636985119411662,25017716
2010-03-29,18.43569564819336,18.4461065438182,18.300342967810288,18.421813534255225,22003752
2010-03-30,18.223989486694336,18.48428256539657,18.217048429906107,18.404459722503212,27988954
2010-03-31,18.282989501953125,18.39057795367371,18.11987259488579,18.241343160443062,15870363
2010-04-01,18.380163192749023,18.383634410567502,18.24828174947853,18.324634744911897,12903501
2010-04-05,18.3697509765625,18.480809243901362,18.28992676905549,18.39057414300281,11130471
2010-04-06,18.33851432800293,18.435690477974696,18.248279233053633,18.348925220708075,15102334
2010-04-07,18.220518112182617,18.369752890035596,18.178870395306575,18.289928674213748,20577115
2010-04-08,18.1441650390625,18.286458760122393,18.11640081436516,18.25175209959336,15111296
2010-04-09,18.300344467163086,18.341990812389582,18.14416860307728,18.168462994288216,11637557
2010-04-12,18.279516220092773,18.394044327501053,18.182340061883092,18.394044327501053,13458108
2010-04-13,18.29701805114746,18.367014743860494,18.255019479007604,18.255019479007604,14442059
2010-04-14,18.307512283325195,18.360009442516347,18.174519851048874,18.346010385569343,19029179
2010-04-15,18.325008392333984,18.35650696024699,18.223514552702635,18.307508878764647,15013756
2010-04-16,18.290016174316406,18.36001146676865,18.206020432093798,18.283016645071182,16562734
2010-04-19,18.51750946044922,18.59450570044853,18.22002588492516,18.29002259322275,18932472
2010-04-20,18.56999969482422,18.636497308027266,18.52100299124711,18.559501096840492,13302001
2010-04-21,18.122020721435547,18.531499353371455,18.013527346252943,18.47900219988836,26172572
2010-04-22,17.89104461669922,18.06253523889647,17.79304977668929,18.055535706844367,16797832
2010-04-23,17.919036865234375,17.922537325752078,17.593555253408823,17.859540166673575,19164444
2010-04-26,17.628551483154297,18.118525482990446,17.520056693759187,17.87703824766835,19657774
2010-04-27,17.418567657470703,17.69505261546098,17.38706907172795,17.597057788305914,21777199
2010-04-28,17.593549728393555,17.646046880712948,17.29256586959174,17.47805543677905,19404544
2010-04-29,17.76154327392578,17.89453571494719,17.618050843863802,17.677547535440738,19325135
2010-04-30,17.90504264831543,18.024036077619954,17.719552972710165,17.79654782084343,22310754
2010-05-03,17.803537368774414,18.055523129682218,17.688043083445294,18.00652643944773,18336182
2010-05-04,17.565555572509766,17.800043295237927,17.401064537935685,17.73004660708385,21711963
2010-05-05,17.551555633544922,17.873538156869635,17.411563655532415,17.576054681863088,22362860
2010-05-06,17.149072647094727,17.632045590553183,15.959136323945367,17.548051263885288,26043351
2010-05-07,17.051082611083984,17.205073644029653,16.799095387245757,17.156076939863272,25126928
2010-05-10,17.39057159423828,17.57956034853504,17.233080038137345,17.429068324397672,21408087
2010-05-11,17.289064407348633,17.40455869226407,17.233068190138358,17.28206488019735,17852647
2010-05-12,17.201581954956055,17.355573053967408,17.110586645470963,17.34857352179782,18435181
2010-05-13,17.01258659362793,17.187577626836664,16.872594601828983,17.187577626836664,19139642
2010-05-14,16.974088668823242,17.012586780027775,16.72210280256822,16.949589617823978,20860567
2010-05-17,16.949588775634766,17.06858217274711,16.75709962045656,17.002085944436097,15486453
2010-05-18,16.81659507751465,17.12457853783067,16.79909555877945,17.047582324931685,14520425
2010-05-19,16.77809715270996,16.921589590564317,16.7325995165298,16.75359810447143,19149854
2010-05-20,16.26712417602539,16.613605738440288,16.263625107090235,16.613605738440288,22637557
2010-05-21,16.428117752075195,16.442116811758662,15.840148897689334,15.917145117228442,34482701
2010-05-24,16.645111083984375,16.81310124318238,16.40362375190175,16.463120469512777,26966028
2010-05-25,16.52960777282715,16.53660730103537,16.207625301409863,16.456112031000977,26404960
2010-05-26,16.50861167907715,16.799095621746776,16.428116396897355,16.645104586651524,25537932
2010-05-27,16.75360107421875,16.844596362708916,16.540113305382736,16.746601543664134,16778033
2010-05-28,16.645111083984375,17.00209138965054,16.62411248799468,16.71860686558853,23084410
2010-06-01,16.428117752075195,16.70110219846289,16.414118692391728,16.60310738939858,18251355
2010-06-02,16.617109298706055,16.627607898750014,16.277627202108345,16.449117785201167,18735723
2010-06-03,16.704599380493164,16.73609795423891,16.613604119129786,16.711598908961133,9053564
2010-06-04,16.284622192382812,16.48411084168194,16.2286245730667,16.463112256168312,21442059
2010-06-07,16.179628372192383,16.316121269157346,16.165629314751843,16.218126475793767,19413506
2010-06-08,16.20762825012207,16.24612635791124,15.98364052414869,16.12713296544288,22759275
2010-06-09,16.05013656616211,16.291623808715695,16.004638929412017,16.235626182223292,18267612
2010-06-10,16.51911163330078,16.61360597380724,16.218127701738105,16.232126760236845,19143602
2010-06-11,16.51911163330078,16.589106925794486,16.386117795002914,16.480613526789288,12306586
2010-06-14,16.56460952758789,16.67660338860564,16.54711000855139,16.603106243420296,14164235
2010-06-15,16.85858917236328,16.87258961956108,16.6031029236581,16.638101954733106,19942684
2010-06-16,17.07558250427246,17.10358062232524,16.683603286413703,16.725600463492867,19606503
2010-06-17,17.019580841064453,17.096577038731592,16.886588420570046,17.093076579165068,16354731
2010-06-18,17.068584442138672,17.149081131942005,16.939092428817172,17.100083025863437,18738433
2010-06-21,16.904090881347656,17.229573879513328,16.820096525557798,17.20507483010129,15873281
2010-06-22,16.795595169067383,17.047580984383636,16.78159611169201,16.91108808805408,12384327
2010-06-23,16.645111083984375,16.855099826442228,16.582113904734832,16.81310124318238,13522926
2010-06-24,16.610103607177734,16.750095555652113,16.5296069498713,16.582104104459148,14688829
2010-06-25,16.51561737060547,16.673108924735683,16.48411878152334,16.666109392859703,28662776
2010-06-28,16.512113571166992,16.659105089744013,16.46311547078796,16.53661123007647,11372864
2010-06-29,16.326622009277344,16.449115864877665,16.18663002521983,16.449115864877665,17382659
2010-06-30,16.372116088867188,16.53310801812753,16.162127462784813,16.330118920162587,21387662
2010-07-01,16.2601318359375,16.330128549666988,15.997645898552559,16.291630426679795,17965402
2010-07-02,16.2601318359375,16.365126210891475,16.176136057718217,16.267131368182397,11833264
2010-07-06,16.340621948242188,16.438616759741933,16.207629486663983,16.37212052895283,20032305
2010-07-07,16.697599411010742,16.718597995860044,16.30562026203824,16.358117419801353,19011255
2010-07-08,16.834095001220703,16.851593129096937,16.687102101124687,16.764098315875934,15291997
2010-07-09,16.809595108032227,16.855092742528228,16.63110503021554,16.855092742528228,10837849
2010-07-12,16.73609733581543,16.834092122025726,16.65910113423312,16.834092122025726,11977282
2010-07-13,16.838542938232422,16.91625280932871,16.820880901792002,16.877398575880918,14423510
2010-07-14,16.902118682861328,16.905651650772235,16.66192179932867,16.78908477271653,11571697
2010-07-15,16.962160110473633,16.993951190264248,16.842061723886555,16.90564388346778,12081075
2010-07-16,16.626602172851562,17.00455959821982,16.608940138477163,16.923316767658555,19046269
2010-07-19,16.746700286865234,16.806749517443787,16.6901826205675,16.746700286865234,8753856
2010-07-20,16.76789093017578,16.796149056244513,16.552419208401048,16.64779249018341,16479992
2010-07-21,17.195302963256836,17.4425643971534,15.750585776240102,16.85973277109691,29586078
2010-07-22,17.31186866760254,17.49908228266162,17.082269263259022,17.31540163582648,22413089
2010-07-23,17.28360939025879,17.364852207807026,17.159977977841674,17.30127142180418,18181117
2010-07-26,17.393108367919922,17.439027113477227,17.244750420934636,17.244750420934636,12334514
2010-07-27,17.40370750427246,17.48495032027828,17.294206561690753,17.48495032027828,9663610
2010-07-28,17.386043548583984,17.47788385399001,17.25534902553707,17.417834639563015,14290746
2010-07-29,17.30126953125,17.580322016492715,17.283607501634584,17.463755148591254,18437682
2010-07-30,17.33659553527832,17.435500392670313,17.061074560214816,17.209432548403022,16298041
2010-08-02,17.601526260375977,17.66157551236462,17.527347937825414,17.55913904869023,15648187
2010-08-03,17.661563873291016,17.87703556786564,17.576788101586242,17.629772783376715,18921217
2010-08-04,17.72515106201172,17.756942160909762,17.58739056958719,17.654504331593902,12857232
2010-08-05,17.65450096130371,17.68982361766919,17.562660650553244,17.636838931020865,12290538
2010-08-06,17.862905502319336,17.901759716474466,17.55912648990647,17.55912648990647,16663193
2010-08-09,17.972402572631836,17.997129125233258,17.81344857025077,17.88409526159781,9375573
2010-08-10,18.180816650390625,18.262059463856843,17.86997305517178,17.898231180864336,18687370
2010-08-11,17.799331665039062,18.053657680806033,17.756944463811458,18.025399546654295,13175490
2010-08-12,17.799331665039062,17.852316368673904,17.566199249885898,17.62978005172731,9210088
2010-08-13,17.682758331298828,17.753405045213213,17.629773646913073,17.70395332841325,10601917
2010-08-16,17.781660079956055,17.81345116590459,17.580318875948528,17.679223696566236,9995415
2010-08-17,17.905296325683594,17.975943046535427,17.749873820649615,17.83818257276448,12592330
2010-08-18,17.74280548095703,17.915889980105998,17.73927391798256,17.88409889233578,12794081
2010-08-19,17.421369552612305,17.735744721578882,17.322464705299165,17.718084094551735,21298041
2010-08-20,17.428436279296875,17.460227377830098,17.283611255912557,17.322466886986444,13354314
2010-08-23,17.5838623046875,17.72515580331777,17.502619455705652,17.502619455705652,15039600
2010-08-24,17.477888107299805,17.583857500217864,17.333063083085058,17.41077434567843,18669654
2010-08-25,17.59798240661621,17.679225207717963,17.3613171294589,17.371913222880853,15743018
2010-08-26,17.484947204589844,17.679225300680866,17.439027054986514,17.679225300680866,11410796
2010-08-27,17.60504913330078,17.626242726988743,17.311866172583272,17.50614429189009,9445394
2010-08-30,17.481412887573242,17.693351574139424,17.481412887573242,17.622704877217423,8679241
2010-08-31,17.428436279296875,17.46729191037076,17.31540235444578,17.37898314731176,14662985
2010-09-01,17.756938934326172,17.87703737127324,17.562660812029243,17.562660812029243,14708420
2010-09-02,17.87703514099121,17.884099671447913,17.735741723457085,17.735741723457085,10352230
2010-09-03,17.92296600341797,18.01127338900711,17.74988139327791,17.993611350208923,9947478
2010-09-07,17.83465003967285,17.940619421434185,17.788729880629585,17.838183007691715,9685702
2010-09-08,17.820520401000977,17.972409936904704,17.785197742953695,17.83464946421989,11613589
2010-09-09,18.04659080505371,18.1278350364965,17.997139076706365,17.997139076706365,10887245
2010-09-10,18.20554542541504,18.223207459582163,18.046591330512474,18.103108997326963,9255315
2010-09-13,18.173755645751953,18.29385410745177,18.096044380816597,18.29385410745177,10166945
2010-09-14,18.159616470336914,18.23732769801791,18.053647125026405,18.16314943714052,11609421
2010-09-15,18.247928619384766,18.279719709785105,18.067780979382963,18.141959254183693,9559608
2010-09-16,18.230266571044922,18.29031578431493,18.0147962776055,18.159619859586044,11555857
2010-09-17,18.24087142944336,18.343307868401837,18.202015792672693,18.290323164478323,15078366
2010-09-20,18.45986557006836,18.505785717508328,18.20200671265929,18.226733269942347,11174031
2010-09-21,18.421010971069336,18.495189242819404,18.27971895801206,18.495189242819404,11983535
2010-09-22,18.364492416381836,18.51991488684922,18.318572268671016,18.44220365161553,10671530
2010-09-23,18.226741790771484,18.343307293227774,18.19141771979632,18.209079755283902,8975823
2010-09-24,18.34683609008789,18.484596565483947,18.279722336377063,18.364496717358968,13700500
2010-09-27,18.403352737426758,18.459870396823003,18.293851790884517,18.350368046080426,10238433
2010-09-28,18.50225830078125,18.537582365839434,18.33977265663501,18.442209075222806,9584202
2010-09-29,18.54111671447754,18.569374847407804,18.406889178858172,18.50226107959812,11276574
2010-09-30,18.45280647277832,18.671809777277335,18.403353343652526,18.519920230134424,13436223
2010-10-01,18.572906494140625,18.572906494140625,18.41041943295591,18.55877742868117,9918091
2010-10-04,18.548175811767578,18.689467839210835,18.42807737781078,18.569369405254037,11171947
2010-10-05,18.7495174407959,18.78130712719678,18.611756984324998,18.64001510743694,13040434
2010-10-06,18.71419334411621,18.79896911747735,18.6011594477014,18.71066178083456,10249062
2010-10-07,18.572906494140625,18.802507318357996,18.523453360832036,18.78837684869804,33616924
2010-10-08,18.654144287109375,18.696532876245808,18.51285226645489,18.562303982213916,31929137
2010-10-11,18.654144287109375,18.69299990873439,18.572901480548055,18.68593537791167,10334306
2010-10-12,18.90140724182129,18.940262866668647,18.618823177077278,18.650614270516048,34974364
2010-10-13,18.940587997436523,19.061682178784235,18.915656426028892,19.018943555664766,12724885
2010-10-14,18.951269149780273,18.972639874030143,18.812367937210137,18.951269149780273,12357441
2010-10-15,18.937023162841797,19.1435959781846,18.91565385418751,19.00825560753177,16524385
2010-10-18,19.1151065826416,19.1151065826416,18.894287526688277,18.940588410665796,12793247
2010-10-19,18.830171585083008,19.036744360728157,18.698393499117888,18.954827985374312,15452063
2010-10-20,18.669906616210938,18.716207501193843,18.40278667047981,18.584427950408454,22703210
2010-10-21,18.819488525390625,18.908528006445906,18.69483211923951,18.762502294742582,15314298
2010-10-22,18.719770431518555,18.858673091441123,18.644977127204147,18.858673091441123,7370571
2010-10-25,18.70195960998535,18.9583955843176,18.684151143258223,18.82305378570788,13040017
2010-10-26,18.76607322692871,18.76607322692871,18.634293658020727,18.659225233942305,8310129
2010-10-27,18.3920955657959,18.641406946190415,18.174837433743118,18.641406946190415,20438933
2010-10-28,18.431276321411133,18.56661668565176,18.292373697975723,18.463329574952752,13601709
2010-10-29,18.278127670288086,18.470452856773665,18.13922504550449,18.441960446307995,21343268
2010-11-01,18.021692276000977,18.392099286675464,17.921967420499566,18.370728562334747,20652980
2010-11-02,18.121416091918945,18.1855254295786,18.060869013392498,18.089361423089116,15725927
2010-11-03,18.178407669067383,18.231831660868867,18.021696538000267,18.11429831256853,12040850
2010-11-04,18.121416091918945,18.370727508448887,18.064431272525706,18.29593422507413,19313464
2010-11-05,18.135662078857422,18.185525211069635,18.025253284688514,18.114292771841722,13746978
2010-11-08,17.9682674407959,18.139224732322873,17.88635105420027,18.139224732322873,13792414
2010-11-09,17.8258056640625,18.007446918618815,17.76881942287336,17.978954505945453,17928303
2010-11-10,17.86853790283203,17.86853790283203,17.615664291042364,17.76168997761622,15562526
2010-11-11,17.729639053344727,17.86141856644082,17.697585801698395,17.729639053344727,18147770
2010-11-12,17.3022518157959,17.665535783200077,17.266636295792576,17.65128957519875,27260317
2010-11-15,17.152664184570312,17.540878284712683,17.12417177028087,17.412661004567703,28721967
2010-11-16,16.974580764770508,17.177592720324007,16.9389652532007,17.109921124578012,21728845
2010-11-17,17.024444580078125,17.13485337829685,16.992389910457682,17.03512852605674,15338474
2010-11-18,16.960330963134766,17.084987350954876,16.810744430424187,17.07074114934834,25482701
2010-11-19,16.881980895996094,17.003075064640438,16.810749864936124,16.96745954911045,23808462
2010-11-22,16.828550338745117,16.9425213597474,16.639786056435376,16.935398259424872,19252397
2010-11-23,16.721710205078125,16.81075112433731,16.686094686879954,16.800065760956603,18675490
2010-11-24,16.725265502929688,16.88553739187206,16.686087741298184,16.8143049692837,15429346
2010-11-26,16.668289184570312,16.74664475438553,16.654042974757136,16.74664475438553,6334306
2010-11-29,16.55787467956543,16.703900403901155,16.454587570031357,16.654037270790287,20689454
2010-11-30,16.56500244140625,16.586371754817797,16.394045102428517,16.415414415840065,18827011
2010-12-01,16.743072509765625,16.800057310218293,16.636223177233287,16.70033249358433,20241767
2010-12-02,16.95677375793457,16.971019962596962,16.76444716330779,16.792939572632573,18602543
2010-12-03,16.871294021606445,16.971018863627688,16.78225312446903,16.942525040305796,15885577
2010-12-06,16.711030960083008,16.917603855447748,16.668290910375497,16.917603855447748,22962276
2010-12-07,16.700340270996094,16.821434444193823,16.668285597892588,16.792942030698462,19987078
2010-12-08,16.64335060119629,16.750198536556194,16.525817305963574,16.7145816142082,22138599
2010-12-09,16.78581428527832,16.810745848113267,16.650473942760716,16.689650292561552,16280325
2010-12-10,16.960330963134766,16.978139423063908,16.77868976888851,16.82142837370812,18346394
2010-12-13,16.910480499267578,17.01020539265043,16.785824028578293,16.98171155465327,20677574
2010-12-14,17.113489151000977,17.113489151000977,16.86417765430843,16.914039387309852,18408712
2010-12-15,17.13842010498047,17.22745961860954,17.010202808918656,17.127734740374205,16467695
2010-12-16,17.29512596130371,17.316495269907286,17.03156832350828,17.156223331616964,15183618
2010-12-17,17.238142013549805,17.316496149074315,17.081430910815936,17.316496149074315,21597332
2010-12-20,17.191848754882812,17.369927830395888,17.141985594332155,17.295134505412953,12841392
2010-12-21,17.09567642211914,17.248825259089607,17.045814701540145,17.159785764420214,16193622
2010-12-22,17.03868865966797,17.163343647535424,17.024442456245524,17.138413499467205,14680492
2010-12-23,17.02800178527832,17.10635731297757,16.992386279888663,16.999509380966593,10838891
2010-12-27,16.874855041503906,17.024443014024836,16.846362633725505,17.020880755131454,13794706
2010-12-28,16.878419876098633,16.9354047003515,16.821433636003384,16.92828159731989,15750938
2010-12-29,16.88910484313965,16.935405723563726,16.82855775579162,16.860612429291745,9659025
2010-12-30,16.94252586364746,16.98882673597316,16.871294841486556,16.906910352567007,9403710
2010-12-31,17.063627243041992,17.159789863622972,16.89623074436107,16.89623074436107,11564402
2011-01-03,17.03156852722168,17.19896357038206,17.013760061917857,17.19896357038206,19050229
2011-01-04,17.191848754882812,17.20965581292829,17.024453631028415,17.109930907670027,18826386
2011-01-05,17.191848754882812,17.387736304284417,17.120616275171752,17.174040280994287,28342643
2011-01-06,17.15622329711914,17.316495235087185,17.017322083554046,17.27375661796598,32471030
2011-01-07,17.22745704650879,17.25594946008128,17.106362872983247,17.14554064956665,21604419
2011-01-10,17.074308395385742,17.2523888139387,17.028007514878823,17.202525673773184,29427887
2011-01-11,17.03868865966797,17.159782804600873,16.974579328424845,17.159782804600873,15640475
2011-01-12,17.1033935546875,17.19325956703676,17.085419780623624,17.18966566961502,19803251
2011-01-13,17.02790641784668,17.18247687752166,16.988364971303653,17.18247687752166,14638599
2011-01-14,16.85536003112793,17.060256461685775,16.815818589634574,17.02071502019242,23048979
2011-01-18,16.966793060302734,16.991954623555962,16.76189665476961,16.840979528097648,23327845
2011-01-19,17.013526916503906,17.15012359320655,16.97039014613438,16.99195781682664,19433306
2011-01-20,17.2399845123291,17.2399845123291,17.006332672001992,17.024305011113565,23437266
2011-01-21,17.22561264038086,17.31547865717304,17.189666519461014,17.29391098462113,17318049
2011-01-24,17.315479278564453,17.32626382971999,17.207639482949798,17.218424034105336,15529179
2011-01-25,17.2399845123291,17.326256598612236,17.178875415583672,17.311878155729143,20015840
2011-01-26,16.805044174194336,17.326269548714354,16.805044174194336,17.308295767184127,43138183
2011-01-27,16.67203712463379,16.819418380602382,16.571386545654878,16.776281601619825,37021884
2011-01-28,16.352108001708984,16.715168785505053,16.29818811162016,16.66484422161514,36420800
2011-01-31,16.23348617553711,16.50667954128015,16.20113395354515,16.481517972162024,34672780
2011-02-01,16.25864601135254,16.337728894683103,16.204726123442594,16.240673668039168,27734473
2011-02-02,16.438385009765625,16.459952686430643,16.215516159589637,16.273031393015085,26265527
2011-02-03,16.535438537597656,16.585763106863492,16.398840420191558,16.449166418442523,17199250
2011-02-04,16.57857894897461,16.607335854485843,16.438386891128996,16.54622671578169,20698416
2011-02-07,16.42400360107422,16.592952514671186,16.330542256703957,16.592952514671186,23649854
2011-02-08,16.39524269104004,16.44197335178711,16.330538259548774,16.388053468539322,20216132
2011-02-09,16.370086669921875,16.45635880565916,16.301788312583934,16.341329767671247,15826594
2011-02-10,16.352108001708984,16.42040776760847,16.31256655844585,16.337729554883296,16327428
2011-02-11,16.377273559570312,16.409625784480525,16.27662298706365,16.305379885212638,17146936
2011-02-14,16.52824592590332,16.553407490886737,16.39164783649341,16.43478460172253,17675698
2011-02-15,16.805044174194336,16.823016526738908,16.42400943705886,16.549823049799134,25261567
2011-02-16,16.6289005279541,16.83739091319715,16.592954402562302,16.812229339915543,19071697
2011-02-17,16.650468826293945,16.686414949945956,16.557007475813478,16.618116600514515,14300542
2011-02-18,16.851770401000977,16.855364298964044,16.636090795688162,16.664847695333798,20295540
2011-02-22,16.884122848510742,16.95601653363549,16.704390779176993,16.704390779176993,23800125
2011-02-23,16.704389572143555,16.891310853584596,16.66125279259154,16.848175503017888,21472072
2011-02-24,16.966793060302734,16.973982282515763,16.661246114802488,16.725950543704474,27052730
2011-02-25,17.124961853027344,17.15731407593254,16.89849915066119,16.99555439039167,24082951
2011-02-28,17.290311813354492,17.455665348136915,17.135741397066532,17.207633616978587,25209045
2011-03-01,17.07463836669922,17.362210206565738,17.049475366290707,17.32266875706242,19163610
2011-03-02,17.13934326171875,17.13934326171875,16.959611199395763,16.981178875396278,15155481
2011-03-03,17.380178451538086,17.398152221679407,17.196851140441705,17.225608029480018,17471655
2011-03-04,17.502403259277344,17.595864612881883,17.347832778929114,17.35142810590711,23068153
2011-03-07,17.434106826782227,17.577892771010305,17.355023914413334,17.577892771010305,14466861
2011-03-08,17.505996704101562,17.55632127348591,17.41612925815182,17.43050913553248,11799500
2011-03-09,17.638992309570312,17.660561404109423,17.455665008880555,17.520369434528547,13483326
2011-03-10,17.434106826782227,17.592272651520013,17.398160697971566,17.54554196957343,19423510
2011-03-11,17.419723510742188,17.52396796967521,17.265153056542502,17.372992841845303,14923927
2011-03-14,17.333454132080078,17.369400256525292,17.243588106474416,17.365806358573405,12797624
2011-03-15,17.128557205200195,17.18247710046118,16.94163452056608,17.08901575814412,26149646
2011-03-16,16.79065704345703,17.089014828933784,16.71516947999329,17.08182560522224,21944560
2011-03-17,16.988367080688477,17.002745530492156,16.80503970221368,16.963204079039407,18798249
2011-03-18,17.222023010253906,17.376593511988204,17.071046407009565,17.09980331087116,19049604
2011-03-21,17.265155792236328,17.337049470158224,17.193262114314436,17.301101916704642,12221759
2011-03-22,17.2399845123291,17.311878155729143,17.12855086549285,17.23639061610062,13636307
2011-03-23,17.25077247619629,17.265150921927614,16.99555149200313,17.236394030464965,12868487
2011-03-24,17.293907165527344,17.30469171391426,17.157310507212074,17.30469171391426,14031888
2011-03-25,17.265155792236328,17.337049470158224,17.117774538438347,17.337049470158224,17943518
2011-03-28,17.283123016357422,17.322663023789,17.254364698700737,17.301095357285032,9457065
2011-03-29,17.390962600708008,17.390962600708008,17.218418412464434,17.26155374503297,15344102
2011-03-30,17.59946060180664,17.67135285421775,17.44489011564474,17.47005168949596,19547103
2011-03-31,17.631813049316406,17.77560042555215,17.545542338357528,17.621029924939283,20532097
2011-04-01,17.746843338012695,17.757627892131925,17.631814286345076,17.667761847418788,13283035
2011-04-04,18.063169479370117,18.14225238096435,17.88343743081899,17.973303455094555,21573989
2011-04-05,17.96970558166504,18.145843693349526,17.96611025557651,18.09911302810824,14296582
2011-04-06,18.21773910522461,18.23571288083476,17.98408716721856,17.98768106494948,16846394
2011-04-07,18.149436950683594,18.206952163178116,18.02362483476381,18.17100461949971,12180492
2011-04-08,18.149436950683594,18.224924506032437,18.08832784121216,18.167410722522796,12129012
2011-04-11,18.300416946411133,18.347147618830274,18.117088154390192,18.153035704857317,15596915
2011-04-12,18.34355926513672,18.494535890722137,18.18898874052953,18.268071666836857,21058358
2011-04-13,18.307260513305664,18.51773056280518,18.260086117251262,18.347177420932763,15226136
2011-04-14,18.50684928894043,18.561281185885363,18.245575318072234,18.300007215017168,16117549
2011-04-15,18.83344268798828,18.85884318474367,18.546766749823522,18.659260022084926,27354106
2011-04-18,18.60845184326172,18.7209450895272,18.456043127731974,18.717315623655537,21947061
2011-04-19,18.53951072692871,18.59031460957085,18.474193303958824,18.52862521104429,16817424
2011-04-20,18.43427085876465,18.862468495763768,18.162111404848005,18.804407139069674,27179033
2011-04-21,18.79714584350586,19.21808590599992,18.376205781011798,18.40523717475719,38577949
2011-04-25,18.622968673706055,18.749975458589002,18.39798217622773,18.68828607784625,16016465
2011-04-26,18.78626251220703,18.811663001169215,18.50321612759501,18.568534967906675,15214673
2011-04-27,18.93505096435547,18.96045290823208,18.72458224883512,18.78264218620498,14614423
2011-04-28,18.97496223449707,18.996736147072678,18.84432597181425,18.8878723544113,12604627
2011-04-29,18.88424301147461,19.00762178495614,18.83344058109276,18.98584931479249,11901000
2011-05-02,19.08382225036621,19.134626112916045,18.90601161654954,18.94955799052853,15979158
2011-05-03,19.17816925048828,19.196313691495188,18.92415428916033,18.978586169627302,21484785
2011-05-04,19.21082305908203,19.23259551640206,19.152763172895295,19.185421137598674,14542935
2011-05-05,19.076568603515625,19.210834332946188,18.996736213159277,19.174546882784213,13459983
2011-05-06,19.05842399597168,19.185430782128233,18.98221819321289,19.14188584559811,11868070
2011-05-09,19.10923194885254,19.14189138197319,18.9640806758829,19.054800041169617,12066486
2011-05-10,19.174541473388672,19.199941960059153,19.091078197730983,19.14913954416443,8197374
2011-05-11,19.250755310058594,19.359619126061872,19.174550927367193,19.196323402056954,15968112
2011-05-12,19.4249324798584,19.50476486439763,19.141886061557113,19.25074984666467,16783451
2011-05-13,19.410419464111328,19.682578974634207,19.319700108121808,19.388646991780362,16772197
2011-05-16,19.595487594604492,19.664434473017987,19.377760002749582,19.406789963649118,15205502
2011-05-17,19.41404914855957,19.559200408281942,19.27252591298923,19.559200408281942,14245727
2011-05-18,19.53016471862793,19.577339116653235,19.42855843384681,19.464845877499382,14587953
2011-05-19,19.3850154876709,19.595485567528623,19.276151703004974,19.58459861204041,12759900
2011-05-20,19.417673110961914,19.562825782875876,19.207204477539328,19.37775764086731,15512088
2011-05-23,19.32332992553711,19.4104198164418,19.174549198076747,19.218094143529093,12916424
2011-05-24,19.352359771728516,19.42856414708483,19.22898098447461,19.385019201896746,9291580
2011-05-25,19.221723556518555,19.366874816841552,19.131002756581633,19.345102344176254,12604419
2011-05-26,18.9205379486084,19.265273911551247,18.710067768634996,19.203584500399966,37938933
2011-05-27,18.706432342529297,18.960447379563504,18.6411134894799,18.91327297292876,19484785
2011-05-31,18.960451126098633,18.971338084609492,18.742723496317144,18.84070179525149,23704877
2011-06-01,18.8407039642334,19.040287166991387,18.779014558197122,18.94956779165678,13972697
2011-06-02,18.597562789916992,18.82617581968539,18.52135844666086,18.82617581968539,18527928
2011-06-03,18.5358829498291,18.612087332254738,18.36895775934748,18.47782157497109,13345352
2011-06-06,18.51410484313965,18.590309202383565,18.463300975274347,18.539505334518267,12280742
2011-06-07,18.64473533630371,18.786258498372163,18.557644048680544,18.615705387947184,14986870
2011-06-08,18.699174880981445,18.728204841245798,18.561281127171583,18.597568577502024,11992288
2011-06-09,18.699174880981445,18.90964497800637,18.641113517898557,18.710060394803488,14454356
2011-06-10,18.47055435180664,18.677396358044827,18.47055435180664,18.633849989206084,15587536
2011-06-13,18.652002334594727,18.739093666628314,18.56491100256114,18.593940965720893,16107962
2011-06-14,18.612085342407227,18.771751581726267,18.55765344041482,18.771751581726267,17939975
2011-06-15,18.619338989257812,18.746347215204363,18.521362162920255,18.554020143330096,14045436
2011-06-16,18.619338989257812,18.662883924840276,18.53950516480261,18.619338989257812,13556273
2011-06-17,18.75360870361328,18.949563840629196,18.73909372199052,18.79715364848156,18297207
2011-06-20,18.876989364624023,18.935049296880965,18.710064174276386,18.757238590512383,11616090
2011-06-21,18.964075088500977,19.043908914262364,18.887870728707856,18.949560109736005,11158816
2011-06-22,18.898757934570312,18.996736213842425,18.887872420798416,18.902387400863727,9505211
2011-06-23,18.8407039642334,18.880619450741296,18.583059380324112,18.7826425830821,14430388
2011-06-24,18.779010772705078,18.826183742028384,18.677404458088184,18.826183742028384,10831388
2011-06-27,18.83344268798828,18.92053257838562,18.739093864170158,18.81166877283461,9557107
2011-06-28,18.960451126098633,19.000368050565836,18.87698925269692,18.92779169312052,10601292
2011-06-29,18.927791595458984,18.985852969626553,18.862474172394233,18.978595478174913,11291163
2011-06-30,19.094711303710938,19.156400684622042,18.985847520626155,19.138256239923233,12069404
2011-07-01,19.268898010253906,19.268898010253906,19.01125347677134,19.0693134040044,11558566
2011-07-05,19.290674209594727,19.341476655737818,19.207212326796622,19.26890173267626,10492497
2011-07-06,19.334213256835938,19.392274620102082,19.290668316301968,19.330585233068533,7447895
2011-07-07,19.428564071655273,19.450336544164784,19.319700266553383,19.41041962328685,10280325
2011-07-08,19.352359771728516,19.3959047169166,19.20720851188057,19.323329808269794,10738850
2011-07-11,19.297927856445312,19.3088133714581,19.178177093424274,19.210836523571317,11195498
2011-07-12,19.337841033935547,19.432189839404998,19.1455139569921,19.258007207376156,15136098
2011-07-13,19.323192596435547,19.53191321224911,19.26094251159647,19.433045858582815,14600667
2011-07-14,19.46600341796875,19.52825350693185,19.301223513831296,19.31220796737436,13061901
2011-07-15,19.422061920166016,19.561210467155128,19.334180466066503,19.513607285018335,11707795
2011-07-18,19.23897361755371,19.418400431989426,19.140104800681595,19.381783160369608,11167778
2011-07-19,19.367145538330078,19.37813145374239,19.14743887541614,19.264615665259136,12320967
2011-07-20,19.187711715698242,19.49530122416124,19.008284866344667,19.480654312662907,18696957
2011-07-21,19.35248374938965,19.436705639605204,19.25727740786975,19.330513391115538,14571905
2011-07-22,19.389108657836914,19.41840247821963,19.28657883083152,19.381785202741234,10342643
2011-07-25,19.253625869750977,19.480655928134045,19.22066958831376,19.297566607889838,14621301
2011-07-26,19.10715103149414,19.29024032491004,19.09250412092742,19.29024032491004,12220717
2011-07-27,18.978988647460938,19.10714983472541,18.949694828162297,19.026591831654144,14421426
2011-07-28,18.902088165283203,19.08517595787059,18.880116349187016,18.982646153528805,10355148
2011-07-29,18.792236328125,18.894766140217865,18.733647240215216,18.81420669021654,16997499
2011-08-01,18.480987548828125,18.902092776983913,18.36381080894401,18.902092776983913,19402251
2011-08-02,18.382122039794922,18.473665967710442,18.261282832186936,18.41141586382132,20054606
2011-08-03,18.415075302124023,18.440706666114075,18.074529558788488,18.33451584358601,20149854
2011-08-04,17.858484268188477,18.426060030292668,17.847499813648334,18.261280111197824,33477282
2011-08-05,18.39310073852539,18.576189992711527,17.741304623968244,18.04523304793704,35718633
2011-08-08,17.598499298095703,18.35648633776068,17.415410015305806,18.05255932197544,38377866
2011-08-09,17.78158950805664,17.9097521687507,16.95036635275378,17.763281596290376,40628804
2011-08-10,17.17007064819336,17.79989650036437,17.11880646415578,17.770602680914326,28365152
2011-08-11,18.08185386657715,18.253957246148797,17.071203954603362,17.17373378239774,29894956
2011-08-12,18.173398971557617,18.32353199548531,17.869471923719896,18.32353199548531,20827220
2011-08-15,18.27592658996582,18.356486047800757,18.067205946301655,18.312545319344874,14392664
2011-08-16,18.334518432617188,18.46268109332871,18.02692892030915,18.221002683587088,15011255
2011-08-17,18.36380958557129,18.499295682421554,18.169735850514957,18.349162676019773,10360984
2011-08-18,17.895103454589844,18.191707025388023,17.657087524608148,18.048897467399005,20759066
2011-08-19,17.972000122070312,18.140442497572923,17.75961701678399,17.774263926711892,19531263
2011-08-22,18.08185386657715,18.308883887622002,18.037913135664947,18.264943156709798,15758233
2011-08-23,18.495630264282227,18.52492553435811,18.081850040907263,18.09283594914392,16419341
2011-08-24,18.715335845947266,18.718998300397843,18.363805723640606,18.41140889750494,14460400
2011-08-25,18.286907196044922,18.76293743891417,18.22099466681231,18.76293743891417,13869737
2011-08-26,18.36380958557129,18.407751769891664,17.807219744284534,18.1624123957392,17198416
2011-08-29,18.751964569091797,18.762949026971004,18.47000782997562,18.521272029966607,9571905
2011-08-30,18.946027755737305,18.993630928329537,18.513938203719984,18.693364986696295,14993331
2011-08-31,19.227991104125977,19.268270837854523,18.96434379056857,19.04124080238398,22035431
2011-09-01,19.01926612854004,19.37445728471309,18.975323949120696,19.187707025261464,14314923
2011-09-02,18.689712524414062,18.946036409216564,18.675065611644335,18.916742583677113,10891622
2011-09-06,18.781251907348633,18.799561271708466,18.092838439940987,18.21733862398996,16495415
2011-09-07,19.151086807250977,19.20967442990327,18.88743813831934,18.978983482211707,13351188
2011-09-08,18.83617401123047,19.103483679351573,18.82518810412552,19.037571148052773,18484577
2011-09-09,18.466339111328125,18.722662935691975,18.39310310908168,18.71533948103391,18438308
2011-09-12,18.495630264282227,18.5029537178848,18.173393938772225,18.330850374725937,15190913
2011-09-13,18.521268844604492,18.601828314973115,18.41141555070766,18.528592300486547,12012505
2011-09-14,18.645761489868164,18.825188269724375,18.29789383735733,18.616467678217873,14342226
2011-09-15,18.781251907348633,18.85448790912218,18.623795449718273,18.806884726319243,13929762
2011-09-16,19.103490829467773,19.107151829429377,18.792240327761924,18.887445250421486,21048770
2011-09-19,19.037572860717773,19.092499489852955,18.784911531228406,18.82518979768404,14116924
2011-09-20,19.323192596435547,19.48064903589101,19.077853256129142,19.129118888152867,15588162
2011-09-21,18.946027755737305,19.5099409181387,18.93870430269738,19.363470401674782,15926428
2011-09-22,18.56154441833496,18.67139768760295,18.290572244452193,18.58717723600835,26280742
2011-09-23,18.66040802001953,18.755614361631725,18.45168743271502,18.576187585387753,21420800
2011-09-26,18.583515167236328,18.773927892768643,18.385778987311674,18.72998716641461,20730930
2011-09-27,18.748294830322266,18.92039818979881,18.466338200725982,18.524927290767184,16555857
2011-09-28,18.642105102539062,19.022929115189488,18.61280982797686,18.828855381502226,12245727
2011-09-29,18.986312866210938,19.14743033450195,18.759282846180117,18.83984230815857,15518133
2011-09-30,18.726320266723633,19.132776983856726,18.726320266723633,18.861806324323133,17204252
2011-10-03,18.36380958557129,18.93504633640956,18.349162676019773,18.634781779271822,23510838
2011-10-04,18.491966247558594,18.528583509595787,17.928053133859034,18.199023784264977,22509379
2011-10-05,18.715335845947266,18.740968660104723,18.363805723640606,18.546894965862325,15107753
2011-10-06,18.740976333618164,18.79224198292385,18.550563560196096,18.740976333618164,52921009
2011-10-07,18.86913299560547,19.041236345832377,18.817867362616454,18.89110335731548,59821175
2011-10-10,19.268268585205078,19.268268585205078,19.030252666301873,19.114474579554283,22854940
2011-10-11,19.297565460205078,19.363478019159494,19.158418342041376,19.24630126875858,48235723
2011-10-12,19.33821678161621,19.5340744542039,19.282783784928288,19.316042995322483,13444352
2011-10-13,19.27170181274414,19.415824104236343,19.14975184247074,19.412127982843213,10081075
2011-10-14,19.48603057861328,19.497116000938604,19.33082144464334,19.364080649711624,9486661
2011-10-17,19.231050491333008,19.493426613541804,19.194096625193232,19.367781999620014,13514798
2011-10-18,19.378864288330078,19.51559577448611,19.042580488271685,19.197788169983816,15050229
2011-10-19,19.67819595336914,20.550318816830774,19.57102755394524,20.52075425927288,78108378
2011-10-20,19.973825454711914,20.095775372004503,19.696667887270593,19.77057706160362,36511046
2011-10-21,19.903621673583984,20.1955609181019,19.811236264408368,20.169693943722617,27857024
2011-10-24,19.75210189819336,19.896224145294713,19.67449806330685,19.796447996018657,22367862
2011-10-25,19.582111358642578,19.89622279715965,19.563633696713538,19.766882101748568,20117757
2011-10-26,19.826013565063477,19.862967427007828,19.611678227693467,19.763191265234887,17623385
2011-10-27,20.003385543823242,20.066207813826775,19.829698802527112,19.999689424860357,21076907
2011-10-28,20.03664779663086,20.106862320425453,19.844486293283317,20.032953145878842,15620884
2011-10-31,19.907310485839844,20.106864247913126,19.789056676656816,19.789056676656816,16954148
2011-11-01,19.497112274169922,19.77057516463134,19.463854544504834,19.567326791024577,18391622
2011-11-02,19.54145622253418,19.76318223093595,19.474937832395362,19.692969190814818,13003960
2011-11-03,19.896228790283203,19.940574898461577,19.626461896281572,19.630158017399168,14446644
2011-11-04,19.707752227783203,19.822309890679517,19.530370819952086,19.800137581962083,10694664
2011-11-07,19.81861686706543,19.85926683757339,19.58950005342179,19.63015002392975,11951021
2011-11-08,20.051427841186523,20.073600149557432,19.766878075432878,19.851874127756737,13460609
2011-11-09,19.56363868713379,19.866664781028184,19.456471746319163,19.829709447743294,14403501
2011-11-10,19.936874389648438,19.988609790583002,19.644935240330692,19.678194446883168,11266986
2011-11-11,20.151208877563477,20.17707731149419,20.032955068368132,20.084690467183396,10284702
2011-11-14,20.044036865234375,20.17337754244707,19.940566086319297,20.14750911319535,9980409
2011-11-15,20.14012336730957,20.243595641082134,19.999697234706193,20.11795105201108,13053981
2011-11-16,19.870357513427734,20.095779736122164,19.84449054548287,20.058825875453547,11433097
2011-11-17,19.737323760986328,19.94057368391057,19.54516073169303,19.803842184679073,11980200
2011-11-18,19.77796745300293,19.92578432978942,19.737317481351297,19.80753053455103,12601917
2011-11-21,19.500816345214844,19.692979376971202,19.441688693502705,19.497120224275,13070238
2011-11-22,19.471242904663086,19.59319132611708,19.375161439853457,19.471242904663086,10992705
2011-11-23,19.34560203552246,19.548850422547467,19.330819025861498,19.40103354735164,12078158
2011-11-25,19.234737396240234,19.397335798393573,19.234737396240234,19.29016890341344,4614840
2011-11-28,19.65971565246582,19.674497194739626,19.456467242631792,19.471248784905598,11667570
2011-11-29,19.604284286499023,19.840791902806924,19.585806623990354,19.744710408235687,12504168
2011-11-30,20.15860366821289,20.177081334568513,19.984918305418706,20.014481396350533,20257816
2011-12-01,20.147512435913086,20.247290049891035,20.025563977557116,20.025563977557116,15006878
2011-12-02,20.010786056518555,20.258379138129843,19.936876862683587,20.16968986838357,13350563
2011-12-05,20.069902420043945,20.225111504279077,19.947953999265295,20.12163927113755,12370988
2011-12-06,20.154897689819336,20.250979157402018,19.98860318109063,20.13642150154664,11286161
2011-12-07,20.214031219482422,20.280549630032603,19.977523600486933,20.099472061100705,18115048
2011-12-08,20.021865844726562,20.23250647369641,19.981215873012275,20.169684190786874,13015840
2011-12-09,20.165998458862305,20.228820774132526,19.951663068808983,20.0625261509384,10290746
2011-12-12,20.055124282836914,20.140118873707195,19.8814389815148,20.040342742602597,11226344
2011-12-13,20.084688186645508,20.265764265507705,20.018171252864335,20.084688186645508,13788870
2011-12-14,20.040346145629883,20.125340750932995,19.951655420117586,20.007086939931998,13358900
2011-12-15,20.284242630004883,20.30272029121944,20.165988830133035,20.195551912839484,17019800
2011-12-16,20.284242630004883,20.310111061896052,20.188161142162873,20.30272029121944,22562318
2011-12-19,20.084688186645508,20.29902346692129,20.01447513313127,20.258373495087575,12914756
2011-12-20,20.27315902709961,20.295331341118395,20.184468301978285,20.21033526714378,15898916
2011-12-21,20.487499237060547,20.494890010168884,20.22142699802079,20.228817771129126,21375365
2011-12-22,20.565095901489258,20.63900360674106,20.365542159217345,20.491186727191433,19157982
2011-12-23,20.701828002929688,20.705524123092403,20.52444802318131,20.639005712532907,10969154
2011-12-27,20.77943229675293,20.82008227133968,20.627919289309993,20.627919289309993,7303251
2011-12-28,20.63161277770996,20.83116651941599,20.609440466197295,20.694435061518856,8365777
2011-12-29,20.816387176513672,20.838559490367622,20.624224185020417,20.624224185020417,9254689
2011-12-30,20.77943229675293,20.857036125943043,20.72030466034145,20.72030466034145,8582326
2012-01-03,20.96051597595215,21.004860617529722,20.71661750918224,20.908779091731684,17693206
2012-01-04,20.87920570373535,21.00485026197469,20.77942957485291,20.964200292712686,13370154
2012-01-05,20.831172943115234,20.912472912778128,20.764655988065435,20.882909821644883,13119425
2012-01-06,20.6427001953125,20.882903915450825,20.620527883233436,20.875513144757804,11986244
2012-01-09,20.639007568359375,20.709222105395167,20.524449868706935,20.694439092461213,10789496
2012-01-10,20.73509407043457,20.794221729282953,20.675967880632843,20.76835328672137,12191955
2012-01-11,20.65681266784668,20.74626865228605,20.559903623235872,20.742542122200334,13866194
2012-01-12,20.55990982055664,20.82827637304609,20.544999250554206,20.74254837457337,15528762
2012-01-13,20.660545349121094,20.70154607966074,20.4779068088787,20.51145299584041,14115882
2012-01-17,20.764904022216797,20.962451588550387,20.76117601071919,20.839450916674686,15592747
2012-01-18,20.63445472717285,20.791003113502875,20.552454743756478,20.664274384682734,14803668
2012-01-19,20.660545349121094,20.660545349121094,20.518907539418343,20.604635531425583,13263652
2012-01-20,20.783540725708008,20.798449807975107,20.58226515165908,20.735085467479163,17691538
2012-01-23,20.76863670349121,20.82454652046426,20.67545416911014,20.82454652046426,12147770
2012-01-24,20.865541458129883,20.869269469696786,20.76117639663748,20.76117639663748,15769070
2012-01-25,20.585996627807617,20.667998081701676,20.373539931869644,20.585996627807617,25455190
2012-01-26,20.451812744140625,20.667997445749947,20.399630945273067,20.6642709152632,15182159
2012-01-27,20.507720947265625,20.5859943802907,20.38844679176986,20.455539152489493,13322009
2012-01-30,20.302719116210938,20.380992550390978,20.153625308349962,20.362355453977912,20086078
2012-01-31,20.183448791503906,20.407088064039506,20.112629886097242,20.339995689590005,25874114
2012-02-01,20.224449157714844,20.313903679738562,20.142447697471077,20.224449157714844,29235515
2012-02-02,20.295263290405273,20.33626401088784,20.11262479496233,20.216988379454005,19152147
2012-02-03,20.500267028808594,20.55245030689398,20.37353832734664,20.41826558137258,16573364
2012-02-06,20.645633697509766,20.66799732546571,20.377265716872877,20.40335735701574,16874531
2012-02-07,20.764904022216797,20.82081382262982,20.57108298565923,20.5897200797041,12350563
2012-02-08,20.712717056274414,20.805901028152448,20.641898185948754,20.805901028152448,10981451
2012-02-09,20.5971736907959,20.723902368446055,20.496535165564413,20.67917512282418,11699041
2012-02-10,20.5412654876709,20.556174570702353,20.425717871594678,20.522628393020764,11477699
2012-02-13,20.55990982055664,20.61209162953764,20.53754470641406,20.567364364696783,8062734
2012-02-14,20.53008270263672,20.574811432947474,20.4033540165792,20.55990235008443,11748020
2012-02-15,20.671728134155273,20.772365214432284,20.50399867921222,20.61209030314967,15083576
2012-02-16,20.817089080810547,20.846908732310336,20.600904386476603,20.697814919976835,12493956
2012-02-17,21.007179260253906,21.051906505643785,20.887905124159392,20.951269462655805,16231972
2012-02-21,20.932641983032227,21.02209799661688,20.891641248400838,21.014643452295005,14088995
2012-02-22,20.958730697631836,21.018367043865787,20.861820153279684,20.902820882176513,12921634
2012-02-23,20.981090545654297,21.0220912671608,20.925180740276648,20.936361812319152,14109004
2012-02-24,21.1339054107666,21.148814490780904,20.962448027159486,20.995994198052326,9957482
2012-02-27,21.096635818481445,21.152545621558648,20.917725337667388,21.01463586056409,9876615
2012-02-28,21.26063346862793,21.294179638567776,21.085449560854602,21.130176799626874,12279283
2012-02-29,21.100366592407227,21.32027782182938,21.100366592407227,21.30164220617849,16880575
2012-03-01,21.365001678466797,21.402274382975687,21.089179219936508,21.096633760838284,13641100
2012-03-02,21.391096115112305,21.439551378183147,21.21591215838594,21.350095393919926,11347228
2012-03-05,21.350099563598633,21.428373009470132,21.30537082187064,21.342645020264296,11895998
2012-03-06,21.00345230102539,21.331456562145707,20.981088677210238,21.301638397058834,17748854
2012-03-07,20.96990966796875,21.04072856287794,20.83945443280838,21.04072856287794,15557107
2012-03-08,21.428369522094727,21.52155203946984,21.208456825216746,21.28300372814989,21693206
2012-03-09,21.599824905395508,21.61473398822353,21.39854932377397,21.432094019276217,16453939
2012-03-12,21.704187393188477,21.771279744260575,21.543914019990254,21.543914019990254,14106503
2012-03-13,21.965106964111328,21.98374258109914,21.741467706481966,21.786194965319055,17408712
2012-03-14,21.98746681213379,21.98746681213379,21.860738118834828,21.92410246548431,15118174
2012-03-15,22.032194137573242,22.132832675571212,21.90173891376648,21.94646616506222,16573364
2012-03-16,22.147743225097656,22.25956284245905,22.080650861992098,22.095561428465846,25447061
2012-03-19,22.4459285736084,22.572657271251874,22.244652973112746,22.244652973112746,22666111
2012-03-20,22.513025283813477,22.568935105003597,22.31920565695063,22.31920565695063,14102126
2012-03-21,22.509292602539062,22.557747866446093,22.367653340960665,22.45710932676762,13667153
2012-03-22,22.404922485351562,22.48692391067819,22.3564672323605,22.434740646662558,14070446
2012-03-23,22.513025283813477,22.565208573842725,22.38257002218462,22.386296553345492,13572113
2012-03-26,22.732929229736328,22.732929229736328,22.583835443179687,22.591291466056923,15347020
2012-03-27,22.859664916992188,22.919301264514573,22.710572566464208,22.710572566464208,13449354
2012-03-28,22.781383514404297,22.91556673119287,22.66583590884763,22.87829402700757,14784494
2012-03-29,22.72920036315918,22.751563985784824,22.587562604808596,22.636017861358244,11088787
2012-03-30,22.844751358032227,22.859660441994226,22.7478408305575,22.759023384389863,18351813
2012-04-02,22.826114654541016,22.848478280868388,22.751567751728025,22.788841943995394,16959775
2012-04-03,22.78883934020996,22.885749858277617,22.70311137488918,22.79629388146735,13714673
2012-04-04,22.908123016357422,23.32185541436259,22.64348298727354,22.781394280515997,29653397
2012-04-05,22.848474502563477,22.919293381750173,22.773929093799325,22.882020677368097,12295748
2012-04-09,22.72547721862793,22.867114998075994,22.557747801369416,22.665839401021433,12945394
2012-04-10,22.416107177734375,22.740384920424063,22.337833750782256,22.736656908796995,16635890
2012-04-11,22.427387237548828,22.709327179156848,22.40107244449354,22.49881182350359,14080242
2012-04-12,22.449941635131836,22.52512611602145,22.35596215481568,22.483774726251887,13437474
2012-04-13,22.40107536315918,22.51761125159155,22.322132468102264,22.47249995841995,11921634
2012-04-16,22.498809814453125,22.607825884756103,22.43866193489693,22.449940129311962,12043143
2012-04-17,22.716848373413086,22.765718069146935,22.45746329519415,22.54016608711216,12614423
2012-04-18,22.728124618530273,22.95367809042105,22.461222740301945,22.74692111478651,15899541
2012-04-19,22.371000289916992,22.513849468471804,22.194318017916412,22.487534674192364,22913506
2012-04-20,22.51009178161621,22.637904365901154,22.29205811007288,22.32213130769413,18132972
2012-04-23,22.506328582763672,22.532643374018882,22.31084983811539,22.386034315532672,14942059
2012-04-24,22.829620361328125,22.85217525669773,22.517607239395794,22.517607239395794,18150271
2012-04-25,23.156673431396484,23.22433962169237,22.803308869617233,22.870975059913118,19044393
2012-04-26,23.25440788269043,23.337110654516717,23.070207341364135,23.14163191907071,14027720
2012-04-27,23.303281784057617,23.40102116946982,23.28448678298231,23.337114878145627,11533764
2012-04-30,23.3295955657959,23.401020153327668,23.194264689714938,23.209301287680095,12385786
2012-05-01,23.39349937438965,23.52131193793856,23.137874247291823,23.31455649624407,12816382
2012-05-02,23.5513858795166,23.588978866034093,23.340872029233065,23.340872029233065,14596707
2012-05-03,23.701757431030273,23.758145422583915,23.47244556799464,23.52131526030077,18093372
2012-05-04,23.461162567138672,23.660399685295676,23.32583022823017,23.6303264963801,17540225
2012-05-07,23.498754501342773,23.585215668320746,23.269442695503614,23.269442695503614,19780742
2012-05-08,23.532588958740234,23.562662149982593,23.231852563133703,23.393498207652854,13424552
2012-05-09,23.017578125,23.370942594397047,22.991263336276273,23.33710950809429,25997707
2012-05-10,23.38973617553711,23.457402344047278,23.13787098029189,23.15290757453989,14424343
2012-05-11,23.32207489013672,23.464924050642963,23.314556591920308,23.329593188353133,9041476
2012-05-14,23.186748504638672,23.322079393057574,23.092767517196492,23.10404571389585,11130888
2012-05-15,23.26568603515625,23.340870508899574,23.164186771443617,23.22809305108742,13527095
2012-05-16,23.513790130615234,23.577696402852485,23.280719932856886,23.397255778933147,13199250
2012-05-17,23.39349937438965,23.607773114269698,23.38222117991411,23.464923954349665,12340142
2012-05-18,23.145397186279297,23.472446958912737,23.10028589372644,23.408540664324654,14998958
2012-05-21,23.235612869262695,23.363425428692477,23.156668499266942,23.156668499266942,12592330
2012-05-22,23.303281784057617,23.438612666015047,23.19802409933637,23.23185719342438,16218216
2012-05-23,23.070213317871094,23.318320203229508,22.946159127994523,23.17171111366485,11987912
2012-05-24,23.46491813659668,23.517547705241327,23.137868510625587,23.152905103268623,14566903
2012-05-25,23.401020050048828,23.62657200731982,23.348391957403052,23.370946854251244,9987703
2012-05-29,23.35966682434082,23.513794182292607,23.25440915291995,23.47620269049745,10048979
2012-05-30,23.228092193603516,23.48747719876794,23.194260601342567,23.26568517628457,12696332
2012-05-31,23.228092193603516,23.355906242567105,23.085243043719505,23.26192528025875,11688620
2012-06-01,22.750682830810547,23.1303622225386,22.690534934618324,22.987511529480116,17083785
2012-06-04,22.637897491455078,22.780746631171677,22.53263983734964,22.75819173980498,17446436
2012-06-05,22.667978286743164,22.72436628127938,22.352205218461414,22.570238896961097,15802835
2012-06-06,22.946151733398438,22.95742992680535,22.517604294243725,22.743156207227994,13629012
2012-06-07,23.006305694580078,23.14915487875998,22.94239940195251,23.06645358467378,16439767
2012-06-08,23.26192855834961,23.26944685706645,22.953675322170216,22.979988620481905,11941226
2012-06-11,23.122840881347656,23.382224446578814,23.11532108771714,23.333354754348033,8332013
2012-06-12,23.292007446289062,23.30328414919984,23.00630756036469,23.126601855913172,8711546
2012-06-13,23.122840881347656,23.269448463645407,23.055174693829773,23.201783770522123,10736348
2012-06-14,23.35966682434082,23.412296407248466,23.073968497908766,23.15291137787581,12803668
2012-06-15,23.494998931884766,23.604016505448474,23.42733424307459,23.461167334676933,16113797
2012-06-18,23.57017707824707,23.630324946527484,23.487474319759293,23.487474319759293,8211755
2012-06-19,23.634090423583984,23.720551609128496,23.588980629663688,23.604017227637122,9409962
2012-06-20,23.61528778076172,23.679195547102466,23.468680241492244,23.62656597350283,10753022
2012-06-21,23.397258758544922,23.728066860257403,23.389738966129567,23.6190507917558,12525219
2012-06-22,23.427331924438477,23.585217677097216,23.34838904810911,23.4122953284133,14003126
2012-06-25,23.352153778076172,23.48372627054262,23.164193288037644,23.27696928318181,11633180
2012-06-26,23.438613891601562,23.52883498242231,23.31831960197213,23.359670997531417,7469154
2012-06-27,23.634090423583984,23.728069908115213,23.47996305276448,23.494999650737913,7436015
2012-06-28,23.649126052856445,23.660404248071824,23.34839111691722,23.55514657217475,8991872
2012-06-29,24.235563278198242,24.235563278198242,23.72055157909034,23.765662867348063,26008128
2012-07-02,24.295703887939453,24.31074048231532,24.058873790534054,24.14157655399552,11760108
2012-07-03,24.370891571044922,24.434797852774754,24.20548602228931,24.235560709404943,6650063
2012-07-05,24.3408203125,24.41600330027731,24.205487945711816,24.3408203125,41698416
2012-07-06,24.3408203125,24.344578714691608,24.12654506134838,24.205487945711816,44201751
2012-07-09,24.664106369018555,24.671624666644128,24.35961157919723,24.374648174448375,48254898
2012-07-10,24.68667221069336,24.923500918189983,24.592691212789834,24.69419051119826,22907253
2012-07-11,24.694246292114258,24.815483621336483,24.59953122888129,24.72455637746541,15024802
2012-07-12,24.675296783447266,24.754857533191423,24.5161737778682,24.554060996672654,16757607
2012-07-13,24.79653549194336,24.81547910357767,24.6752996908838,24.71697473282473,9690288
2012-07-16,24.807899475097656,24.85336384000773,24.660144430889783,24.720761575982067,9152147
2012-07-17,25.179187774658203,25.236017106331865,24.796536740576762,24.807901703256896,12253022
2012-07-18,24.978391647338867,25.308001174455033,24.936716602560313,24.98596879129033,14898916
2012-07-19,24.92913818359375,25.076893236135756,24.84578809829963,25.05795113027142,11503752
2012-07-20,24.648778915405273,24.883673373894364,24.584372443211052,24.849575475417208,14294706
2012-07-23,24.489652633666992,24.565424053220887,24.216871005001078,24.216871005001078,11488537
2012-07-24,24.224454879760742,24.493447259165826,24.061544023305427,24.444195069721612,11446019
2012-07-25,24.292648315429688,24.398729828043315,24.152468904816878,24.322956888721894,11305336
2012-07-26,24.49344825744629,24.626050543060735,24.421464632884224,24.54270044889788,11808879
2012-07-27,25.152666091918945,25.304210468770556,24.56921850903565,24.56921850903565,19158399
2012-07-30,25.232229232788086,25.25496066554691,25.012489037270626,25.065530553132298,11190496
2012-07-31,25.122360229492188,25.338311102772447,25.11478308513627,25.25496100876627,14637140
2012-08-01,25.04279899597168,25.285269116952392,25.02764320145,25.167822628569688,9149854
2012-08-02,25.133724212646484,25.43302516825877,24.876098302411762,25.232228591522357,14975406
2012-08-03,25.22844696044922,25.554268753234325,25.20192619668751,25.338316329318356,12233014
2012-08-06,25.14508819580078,25.319363998050505,25.13751105248953,25.27011181348191,6775323
2012-08-07,25.016265869140625,25.16402236741895,24.94049295836166,25.145078763201628,9502501
2012-08-08,24.96702003479004,25.076889352497044,24.902613571425785,24.978386501421085,8277616
2012-08-09,24.898832321166992,24.993548890897678,24.838215162386906,24.88367803147197,7844935
2012-08-10,25.04659080505371,25.057957276232926,24.853371337646298,24.887469245092625,6333055
2012-08-13,25.001123428344727,25.016277716459285,24.883675436320313,24.95187123892688,5512922
2012-08-14,25.069313049316406,25.114777411271817,24.96702087057557,25.069313049316406,5730721
2012-08-15,25.164037704467773,25.262542096690062,25.039012551395352,25.095841892593498,7341601
2012-08-16,25.167816162109375,25.194336913094393,25.004905344201063,25.129930450766985,5578783
2012-08-17,24.9746036529541,25.22844175408003,24.8874657398241,25.22844175408003,8464360
2012-08-20,24.902620315551758,25.0427997468747,24.887466026666758,24.997335374128575,6974781
2012-08-21,24.739707946777344,24.98596889141424,24.720764333777264,24.902618801523133,8775323
2012-08-22,24.830631256103516,24.902614865599173,24.652566141537736,24.66772042710621,6578158
2012-08-23,24.75107192993164,24.921559921910475,24.68287763679469,24.853365628773524,7297416
2012-08-24,24.944299697875977,24.967031135153768,24.660152966675113,24.660152966675113,7971863
2012-08-27,24.898832321166992,24.99733671027583,24.84200298176506,24.92535308117888,6196540
2012-08-28,24.902620315551758,24.967026796358574,24.648782211500194,24.834424509478133,5737807
2012-08-29,24.857160568237305,25.004917171497357,24.857160568237305,24.936722858825227,5656732
2012-08-30,24.7775936126709,24.8609437023803,24.686666378996186,24.762439324740285,6302418
2012-08-31,24.830631256103516,24.96702133231059,24.777589750523056,24.81547697053504,8617757
2012-09-04,24.800325393676758,24.879887665569008,24.463138717246512,24.72455395295707,9572530
2012-09-05,24.910198211669922,24.940506790354497,24.75486448677472,24.87610030760419,7666945
2012-09-06,25.353456497192383,25.357245821086554,24.936709185543574,24.9935385013221,12316382
2012-09-07,25.26632308959961,25.474698288420406,25.19433947767637,25.345885350653464,9034598
2012-09-10,25.455759048461914,25.50122191450639,25.25496095820439,25.308002474680716,11429554
2012-09-11,25.50880241394043,25.573208898550817,25.45955021910999,25.4822801476887,9660275
2012-09-12,25.7020206451416,25.71717493420067,25.433026743024154,25.508801200501775,12207586
2012-09-13,26.243789672851562,26.243789672851562,25.63761213410958,25.63761213410958,16552105
2012-09-14,25.864931106567383,26.213482761649217,25.74748310906236,26.213482761649217,14726136
2012-09-17,26.186965942382812,26.213485197239265,25.819470639082944,25.823256952503495,13707586
2012-09-18,26.107404708862305,26.186965484222206,25.993746028036377,26.061941838968423,10854940
2012-09-19,26.274097442626953,26.368812481030115,26.152860145187415,26.164225106384944,11461651
2012-09-20,26.467317581176758,26.467317581176758,26.133917263066902,26.194534407384445,11779491
2012-09-21,26.37639045715332,26.516571377142796,26.37639045715332,26.482473478344378,19436640
2012-09-24,26.37260627746582,26.437015775014572,26.270315573296244,26.368819964113214,8572322
2012-09-25,26.35745620727539,26.675702371704713,26.34988056717488,26.444595647620446,14805336
2012-09-26,26.21347427368164,26.429426584693243,26.17559006998542,26.35744147696229,11930179
2012-09-27,26.262731552124023,26.387758183939038,26.160440868870452,26.25136659002515,7479992
2012-09-28,25.974803924560547,26.270317114346643,25.917973074748158,26.270317114346643,25240725
2012-10-01,26.17181396484375,26.357454789608244,25.876300760976388,25.94828590506566,11205294
2012-10-02,25.967222213745117,26.368818404327655,25.91797002125003,26.300622597460258,14995415
2012-10-03,26.455957412719727,26.516577587103587,25.974803416427555,26.050574869179158,19096290
2012-10-04,26.815868377685547,26.9181620648231,26.478681757194828,26.497625367277514,14207586
2012-10-05,27.130329132080078,27.24398779738772,26.959839628027588,26.971207603085787,13432889
2012-10-08,27.020463943481445,27.11138968482546,26.842398774212523,27.077291778775827,7843476
2012-10-09,26.861339569091797,27.088656936252715,26.808301059021442,26.92953538167658,13508962
2012-10-10,26.660539627075195,26.906800565470828,26.524148026677,26.906800565470828,8959358
2012-10-11,26.49262046813965,26.858984551390044,26.484986492409952,26.775025989221344,10342018
2012-10-12,26.43919563293457,26.767395954197436,26.404848805437567,26.565131977642217,12070446
2012-10-15,27.49630355834961,27.515382429584772,26.446826068520327,26.52315065597589,32805544
2012-10-16,27.52682876586914,27.656582059816934,27.2787701056245,27.51537780404707,14045852
2012-10-17,26.347604751586914,27.458142002585525,26.080464122295577,27.397082327606437,44251563
2012-10-18,25.431690216064453,25.496568381671942,24.622639086137738,25.217979884930074,70934556
2012-10-19,25.244699478149414,25.725552023759008,25.17219035259521,25.714101058601916,24333681
2012-10-22,25.114946365356445,25.187455491542764,24.908866917882367,25.05770215867398,23650896
2012-10-23,24.943212509155273,25.134027027668974,24.70278624616973,24.851621479585262,20737182
2012-10-24,25.0195369720459,25.225616395733354,24.76002881917592,24.992822607454638,15727803
2012-10-25,25.103492736816406,25.301939691492098,24.981371884035774,25.164553921749608,17814298
2012-10-26,24.989011764526367,25.149296474403727,24.77911681833107,25.11876663141231,17067111
2012-10-31,24.99663734436035,25.225614124040163,24.8859644250694,25.11494120474921,14188203
2012-11-01,24.977554321289062,25.294305114431893,24.954656947764093,25.095858176377554,14941851
2012-11-02,24.790563583374023,25.172191130698106,24.767666203610066,25.14166129101283,13617132
2012-11-05,24.821086883544922,24.87069861850551,24.69133358198205,24.721863413623748,9482493
2012-11-06,24.73712730407715,24.920309320505655,24.718046918634805,24.832535299631225,11469571
2012-11-07,24.622644424438477,24.794377034302766,24.19903762352375,24.56540022115038,24128595
2012-11-08,24.225757598876953,24.760035941882716,24.221940609800523,24.668446409083746,17642559
2012-11-09,24.744762420654297,24.866883272367435,24.302073764287005,24.485255800399592,19119842
2012-11-12,24.756214141845703,24.927946747575845,24.737132235513723,24.79437643742377,13703627
2012-11-13,24.683706283569336,24.947029929234198,24.66080890505195,24.664624376261862,12303668
2012-11-14,24.324979782104492,24.832545242216042,24.260103108036564,24.702790376993992,14034181
2012-11-15,24.118892669677734,24.40129665843568,24.015852207916247,24.35931737961645,13172363
2012-11-16,23.996776580810547,24.20285602812514,23.954797293664427,24.099815545924837,17783243
2012-11-19,24.012046813964844,24.24102369118814,23.90900630896255,24.137983186185846,18098583
2012-11-20,24.07309913635254,24.260098176983533,23.897551059998314,23.966243191885923,17339308
2012-11-21,24.168508529663086,24.225752734711808,24.042570671721506,24.14561115106079,9191121
2012-11-23,24.603565216064453,24.61119767573027,24.21048823347368,24.22575315280532,5827845
2012-11-26,24.561580657958984,24.573028586457767,24.241012869536693,24.454724728484887,11596915
2012-11-27,24.44709587097168,24.622643948549815,24.397484127941794,24.47380871946016,10685911
2012-11-28,24.64173126220703,24.649363723033687,24.283001052095408,24.36695812118865,8485619
2012-11-29,24.836360931396484,24.885972684598716,24.64173090748906,24.74858687461031,10914548
2012-11-30,24.805822372436523,24.9584730502212,24.676069068756696,24.851617120646225,13151938
2012-12-03,24.534866333007812,24.927943231824315,24.492887055249607,24.84016920583116,13778449
2012-12-04,24.573028564453125,24.794372881230856,24.447092248565276,24.49670398424403,12975198
2012-12-05,24.630281448364258,24.729504954730423,24.454733334859664,24.531057941998093,10307837
2012-12-06,24.645544052124023,24.725687157712024,24.511975243649484,24.61501421213968,8853897
2012-12-07,25.008092880249023,25.04243971106602,24.504344418553597,24.626465303724796,19290955
2012-12-10,24.931764602661133,25.168375409128455,24.702787773125305,24.83254262467017,15309712
2012-12-11,25.252323150634766,25.321016780985552,24.924122947110746,24.931755404140226,16099000
2012-12-12,25.191268920898438,25.511836736447105,25.137840193097425,25.26759350763445,19106294
2012-12-13,24.92794418334961,25.19890024679658,24.760027065907213,25.191267788466085,14284702
2012-12-14,24.939388275146484,25.01189737226208,24.79055309402665,24.802001020521768,13712797
2012-12-17,24.882150650024414,25.069148163893768,24.817272475414256,25.027168882480517,16745519
2012-12-18,25.160743713378906,25.225620382578533,24.69897305181819,24.85544075903084,21209879
2012-12-19,24.935577392578125,25.210348934921814,24.866883748449315,25.17981910068047,18059400
2012-12-20,25.015722274780273,25.027171722678062,24.84398965882932,24.95847806946329,11484368
2012-12-21,25.20654296875,25.21035844092597,24.805833433437584,24.885975037082797,31168404
2012-12-24,24.98518943786621,25.206533772999315,24.95084261538101,25.206533772999315,4894331
2012-12-26,24.828723907470703,25.02335389560757,24.767664232958396,25.015721436293532,9052730
2012-12-27,24.824909210205078,24.989007849115186,24.66462452544198,24.794377854911264,10701542
2012-12-28,24.584482192993164,24.81345900675143,24.561584815034525,24.72186797783094,11238850
2012-12-31,24.99663734436035,25.00808527309292,24.428010865709776,24.473805614811457,19018133
2013-01-02,25.49225425720215,25.81041153781708,25.166144409949553,25.691101799043306,20266400
2013-01-03,26.462614059448242,26.55010740654731,26.04105851524809,26.168320738072897,22148200
2013-01-04,26.30353355407715,26.589874292548718,26.1285468729733,26.51033654704906,15820100
2013-01-07,26.51830291748047,26.51830291748047,26.12856047956246,26.26377835833192,13120000
2013-01-08,26.526256561279297,26.69329077527833,26.31150392102892,26.478535100855748,15042300
2013-01-09,26.701231002807617,26.812585071238882,26.319444324970082,26.772816194537832,11313000
2013-01-10,26.923946380615234,26.995531591597626,26.772823394839797,26.804639718425662,9668400
2013-01-11,26.652395248413086,27.05973054800645,26.61246119174809,27.05973054800645,8554700
2013-01-14,26.6444091796875,26.812134042747395,26.468695677373418,26.740251523325558,6848700
2013-01-15,26.37285041809082,26.64440623402117,26.332916366554294,26.50862680266958,12815200
2013-01-16,26.11726951599121,26.48466767458384,26.037398364053956,26.47668208277657,17500300
2013-01-17,26.18116569519043,26.332919373841865,26.093308943712902,26.237073983081007,20270400
2013-01-18,26.149219512939453,26.253047446398035,26.04538853270778,26.197139160144,14984300
2013-01-22,26.277009963989258,26.35687807277329,25.997465489699046,26.181164577320757,18077900
2013-01-23,26.205121994018555,26.476677772855055,26.05336835342696,26.36485817834509,14987600
2013-01-24,26.197139739990234,26.31694495419955,26.02142928506257,26.07733757255408,17422200
2013-01-25,26.18915557861328,26.292983520043542,26.117273055514385,26.221104043717975,15872000
2013-01-28,26.356874465942383,26.444731201645812,26.15720117453373,26.205123861309954,13671600
2013-01-29,26.62044334411621,26.71628566611142,26.324924693907885,26.3329133313581,14644400
2013-01-30,26.53258514404297,26.676350142463672,26.468688235068296,26.676350142463672,10418800
2013-01-31,27.05972671508789,27.05972671508789,26.44473257988444,26.484666630892914,33862200
2013-02-01,27.05173683166504,27.251410124289496,26.844077947915572,27.0916708808354,18334300
2013-02-04,26.756223678588867,26.884014475779864,26.652392703754636,26.652392703754636,14632500
2013-02-05,27.02777671813965,27.147581911122938,26.87602611423042,26.89998593411803,14138000
2013-02-06,27.235441207885742,27.347260832856307,26.892002833837847,26.892002833837847,13351600
2013-02-07,27.467056274414062,27.467056274414062,27.179526259908563,27.347254132885105,11918500
2013-02-08,27.48303985595703,27.68271320656607,27.387197500761285,27.467065622295483,10237900
2013-02-11,27.363229751586914,27.546931882577812,27.347258567544486,27.491020551337325,7928300
2013-02-12,27.39518165588379,27.55492093733898,27.32329913156762,27.37122183003619,7069100
2013-02-13,27.52297592163086,27.61882133058199,27.355251026127025,27.387199495777402,6688100
2013-02-14,27.714651107788086,27.75458515333049,27.37919842233267,27.37919842233267,8561700
2013-02-15,28.018150329589844,28.034121507533904,27.778540005623295,27.82646267977097,10014100
2013-02-19,27.81049346923828,28.185880200813735,27.754585196038413,28.09802347242183,9585000
2013-02-20,27.570890426635742,27.850431836007655,27.562901788212056,27.71465545053354,7814000
2013-02-21,27.363229751586914,27.546931882577812,27.259401821446144,27.530957651762385,6572700
2013-02-22,27.594852447509766,27.594852447509766,27.163557341444665,27.299336784512462,7902900
2013-02-25,27.3712215423584,27.826476509318162,27.355247309703433,27.63478876423194,8702900
2013-02-26,27.203489303588867,27.506990501532304,27.10764393361171,27.45108222576522,7392400
2013-02-27,27.363229751586914,27.51498342094696,27.03576563680318,27.19550489818444,10667200
2013-02-28,26.987852096557617,27.44310711408353,26.987852096557617,27.403173051397232,16553600
2013-03-01,26.836095809936523,27.083691849598758,26.79616175109381,26.90797833456276,14586800
2013-03-04,27.403165817260742,27.419140047472975,26.67635509985493,26.764208795862896,6613700
2013-03-05,27.690698623657227,27.714661497383705,27.451091213807068,27.459079853973734,7653800
2013-03-06,27.3712215423584,27.71465992750676,27.275379193201957,27.69069705513764,6412100
2013-03-07,27.499008178710938,27.586864921577888,27.28336064079376,27.3951772056161,5666000
2013-03-08,27.698688507080078,27.698688507080078,27.435118211673082,27.55492344536238,5152100
2013-03-11,27.89834976196289,27.91432398930945,27.570885718289247,27.62679399061604,4903400
2013-03-12,27.938282012939453,27.95425623926026,27.794517022824344,27.81847988569162,4980100
2013-03-13,27.962251663208008,27.978225895146863,27.722644277671574,27.866409318348076,4442400
2013-03-14,28.066082000732422,28.066082000732422,27.898357139398914,27.97822525047969,6809800
2013-03-15,27.26738166809082,28.026140714697657,27.25939607775221,27.89036130476245,13695200
2013-03-18,26.724275588989258,27.163556270014762,26.708301358271772,27.107647985890043,8895900
2013-03-19,26.788171768188477,26.947911024155832,26.572524229648476,26.77219753791445,7540600
2013-03-20,27.003820419311523,27.011806011391105,26.756224410022284,26.884015210706693,6664900
2013-03-21,26.740249633789062,27.011805460552353,26.61245883571063,26.979856999339507,5889800
2013-03-22,26.907970428466797,26.907970428466797,26.62044346121637,26.756219830742474,5058700
2013-03-25,26.995832443237305,27.219468635005306,26.812133353166757,26.963883980588577,7022200
2013-03-26,27.43510627746582,27.43510627746582,27.03575973458118,27.03575973458118,5855400
2013-03-27,27.642770767211914,27.666730587055188,27.203490138373702,27.25939841585642,8637100
2013-03-28,28.209840774536133,28.225815002560083,27.578872478066135,27.63478075276373,11468200
2013-04-01,28.201858520507812,28.201858520507812,27.91432847560357,28.098027549453985,6024900
2013-04-02,28.84881019592285,28.87277307424836,28.225830201393464,28.31368697944742,10956900
2013-04-03,29.0085391998291,29.064447484750527,28.67308949030053,28.85678857600994,10143200
2013-04-04,29.272098541259766,29.463783147684484,29.112359338057907,29.16826760216277,7713000
2013-04-05,29.00053596496582,29.192220526147988,28.90469063760357,29.04845558187578,8250200
2013-04-08,29.192241668701172,29.192241668701172,28.69705263910566,29.000556968690884,5584300
2013-04-09,29.280101776123047,29.351984308545536,29.07244281955459,29.200233649775267,5444700
2013-04-10,29.63151741027832,29.663465870483844,29.280093488336103,29.336001770309345,6689200
2013-04-11,29.880054473876953,30.10453471737711,29.6635900712244,29.67962481123355,6812200
2013-04-12,29.7678165435791,29.864021932402498,29.607472189997328,29.75178180238951,5373100
2013-04-15,28.966093063354492,29.735742163811068,28.950058324805774,29.535312519422565,8227700
2013-04-16,29.18256378173828,29.24669969154321,28.781704405935912,29.086355329559396,7866000
2013-04-17,29.888063430786133,30.04840773563251,29.23065453339792,29.535308406774707,14361800
2013-04-18,29.5673770904541,30.040391095057085,29.350912743434446,30.024356359168983,7750800
2013-04-19,29.82391357421875,29.90408415993316,29.59141459401044,29.703654637335333,6665900
2013-04-22,29.575403213500977,29.839971860183436,29.310837625132738,29.66359276239513,5354200
2013-04-23,29.831941604614258,29.93616585529879,29.551341381594057,29.751770986126502,5291200
2013-04-24,29.278766632080078,29.944191547781365,29.174542347097688,29.880055643548094,5434100
2013-04-25,29.254711151123047,29.51927668154002,29.22264167521991,29.358932360337903,5321400
2013-04-26,29.230653762817383,29.423067535223254,29.06229362340797,29.150483141664278,6126800
2013-04-29,29.447124481201172,29.495228699288948,29.18255892750297,29.25471372547772,3111800
2013-04-30,29.599443435668945,29.64754764322234,29.24668842188351,29.423067457932802,6425500
2013-05-01,29.575403213500977,29.823937118719567,29.358938791210115,29.479197823032,5458500
2013-05-02,29.711688995361328,29.783843783384448,29.5272941055941,29.62349947018713,4202800
2013-05-03,29.50324249267578,29.864016457516556,29.35091706677128,29.864016457516556,5363500
2013-05-06,28.741607666015625,29.48720613291465,28.701522351751755,29.463155556019018,8604900
2013-05-07,28.90997314453125,28.926007883155922,28.52514859248013,28.653423443163835,8347700
2013-05-08,29.09436798095703,29.09436798095703,28.765663485729526,28.869884699067597,6767500
2013-05-09,29.00617218017578,29.150481737952816,28.861862622398746,29.014188018579834,4861500
2013-05-10,28.998159408569336,29.190573212352156,28.829799241705405,29.062298362601496,6667100
2013-05-13,29.142473220825195,29.318852311664887,28.89394238371192,28.90195822497095,6217100
2013-05-14,29.703672409057617,29.743757725897886,29.038247586230966,29.198588853592042,6309000
2013-05-15,30.192729949951172,30.224799436014933,29.73575047764337,29.767819963707137,7853100
2013-05-16,29.52728843688965,30.040387693964586,29.519269540696897,30.024352959891893,6137600
2013-05-17,29.334880828857422,29.615481088103337,29.09436588403043,29.519275721835232,7049800
2013-05-20,30.312986373901367,30.40919176546412,29.559368808102757,29.62350777468743,8885200
2013-05-21,30.240840911865234,30.465321247660818,30.120581841508915,30.3450621773045,6986600
2013-05-22,30.240840911865234,31.082645229413874,30.1446324322541,30.272907346753744,9982400
2013-05-23,30.048412322998047,30.353066242885074,29.904102732436492,30.056431221536858,7067600
2013-05-24,30.27288818359375,30.33702712940033,29.751773011324996,29.799874162366663,5429900
2013-05-28,30.914264678955078,30.978400564935047,30.425215932815917,30.449266507769256,8425100
2013-05-29,30.240840911865234,30.834111244557906,29.928170998917043,30.673766836854547,8678100
2013-05-30,30.208759307861328,30.34505001186487,30.040399123510845,30.240828788208272,7569500
2013-05-31,29.39901351928711,30.184700276256645,29.358928209232694,30.05642544909464,11796200
2013-06-03,29.79186248779297,29.807897226486052,28.96609332413825,29.36695261652422,10555000
2013-06-04,29.50324249267578,29.83194698101657,29.286778113771316,29.711691031612055,6066400
2013-06-05,29.102388381958008,29.791866957638515,29.070318899760274,29.439111828405903,7084800
2013-06-06,29.37496566772461,29.37496566772461,28.88591688811599,29.054280099251354,6912400
2013-06-07,30.072463989257812,30.10453346794512,29.583418201688534,29.62350352089076,5996500
2013-06-10,30.056419372558594,30.128574139394193,29.73573084033094,30.040384640115963,5029900
2013-06-11,29.52728843688965,29.91211287969585,29.519269540696897,29.775819169234364,5128500
2013-06-12,29.214628219604492,29.82393614202039,29.198593478665742,29.72773075470203,5271200
2013-06-13,29.423078536987305,29.50324918811751,28.958080197152075,29.126443457828387,6472000
2013-06-14,29.511268615722656,29.743764731481757,29.334889510106333,29.40704432073898,4817800
2013-06-17,29.575403213500977,29.928161409077585,29.439112498529447,29.719712828361548,6356000
2013-06-18,30.072463989257812,30.176688265834656,29.559364563516144,29.647554100749336,5541500
2013-06-19,29.03023338317871,29.880056305884157,29.03023338317871,29.880056305884157,6741400
2013-06-20,28.19643211364746,28.93401456536065,28.1162615042127,28.917979831811152,8336800
2013-06-21,28.525148391723633,28.749628614261834,28.308684009284512,28.380838803430883,10122700
2013-06-24,28.036102294921875,28.364806820563786,27.81161899226143,28.292652019407562,7535800
2013-06-25,28.148338317871094,28.364802689816198,27.955924523370946,28.284629001143838,6003700
2013-06-26,28.541179656982422,28.693508141473316,28.172389851513035,28.38885423080514,6877400
2013-06-27,28.348777770996094,28.685498205106335,28.23653762629268,28.677482362619475,5625400
2013-06-28,27.963945388793945,28.717559765453473,27.955926490205787,28.30066572996723,20356100
2013-07-01,28.084205627441406,28.436963819609332,27.979984396404696,28.03610446182883,6346900
2013-07-02,27.947908401489258,28.308682351088603,27.779548244447387,28.036097928981704,5793200
2013-07-03,27.458864212036133,27.83567296236543,27.033954299240285,27.83567296236543,8381100
2013-07-05,27.996007919311523,28.00402681678579,27.651271785750716,27.723426571452585,4664300
2013-07-08,28.388858795166016,28.436963017736332,28.012050030817157,28.020068930402594,7545600
2013-07-09,27.85170555114746,28.509114559461672,27.843686652479814,28.428940864353994,10291400
2013-07-10,27.85170555114746,28.22851121405542,27.82765191345828,27.899806709898314,9108500
2013-07-11,28.47153091430664,28.608376175232273,27.98855450434481,28.18979518694376,9019200
2013-07-12,28.4312744140625,28.63251503311486,28.262233031023673,28.53592039576241,6218100
2013-07-15,28.560068130493164,28.592267366329768,28.294432111561537,28.358827512546604,6487200
2013-07-16,28.737165451049805,28.745213725951544,28.43933014866734,28.519825180439263,8492000
2013-07-17,28.83376121520996,29.365036429182272,28.761314455546067,28.882060078548808,7979400
2013-07-18,28.737165451049805,29.00280151244805,28.656667348589252,28.914255135085757,6896400
2013-07-19,28.874011993408203,28.890111616339293,28.592276268836883,28.761317703579675,7137500
2013-07-22,28.817651748657227,28.930345987257567,28.64056211829428,28.785452517432073,4782400
2013-07-23,29.526039123535156,29.622633810779803,28.898169050410335,28.92231695454906,9104400
2013-07-24,29.34088134765625,29.54212195625377,29.139640739058727,29.54212195625377,6060600
2013-07-25,29.44553565979004,29.46163221082925,29.171848231790474,29.31673868596543,7492500
2013-07-26,29.60651969909668,29.662866828311664,29.099395536161826,29.453577929897186,5387400
2013-07-29,29.574329376220703,29.743370797265033,29.38113698739229,29.477731646462072,5587300
2013-07-30,29.68701934814453,29.872160363943944,29.509926606645788,29.76751437390483,6193400
2013-07-31,29.485788345336914,29.912417648474925,29.44554081930889,29.678977698547204,7966200
2013-08-01,29.654823303222656,29.839964338960716,29.526029405722756,29.695070820437238,7479900
2013-08-02,29.58237648010254,29.75946924029089,29.526029341986014,29.61457572208019,7944100
2013-08-05,29.34088134765625,29.60651735424722,29.33283000372707,29.493823104742688,6511300
2013-08-06,29.059144973754883,29.252337324538797,28.986698226046943,29.179890576830857,9510400
2013-08-07,28.92230224609375,29.212089231146077,28.841807226107292,29.034996502350058,7220100
2013-08-08,28.914255142211914,29.260389306156018,28.704966217140164,29.139646758468377,4804500
2013-08-09,28.89011001586914,29.01085564581863,28.777415732283714,28.817663252037235,5030400
2013-08-12,28.898162841796875,29.002805784375884,28.753269306714625,28.80961645139227,4986900
2013-08-13,28.930355072021484,29.002801829684095,28.769365006716715,28.922306797031712,4600200
2013-08-14,28.66471290588379,28.930348913641872,28.592266163642858,28.90620102312423,4960600
2013-08-15,28.197837829589844,28.632518354125555,28.133442420781876,28.584219494503195,6521200
2013-08-16,28.14954376220703,28.173691658150776,27.811457865551095,28.109293174715855,10522400
2013-08-19,28.07709312438965,28.141488528238618,27.93219962736912,28.05294216109404,5603500
2013-08-20,27.94024658203125,28.133438925832362,27.92414696415715,28.09319141649117,4494900
2013-08-21,27.883907318115234,28.061000093982642,27.722914164662043,27.91610656294367,5413200
2013-08-22,27.908052444458008,27.97245092771858,27.714863136053676,27.908052444458008,4197500
2013-08-23,28.044883728027344,28.069031611887244,27.714849342297654,28.052931999084922,4017400
2013-08-26,27.787307739257812,28.09319436964428,27.787307739257812,28.03684723650578,3405700
2013-08-27,27.37677001953125,27.634360813943783,27.36067347365036,27.62630947031545,5300700
2013-08-28,27.167490005493164,27.392878569584962,27.15139038367391,27.344582774816082,7262000
2013-08-29,27.151391983032227,27.47337829700622,26.982350550005958,27.07089693988326,5676100
2013-08-30,26.82940101623535,27.151384166829402,26.7489029255707,27.14333589310703,7336800
2013-09-03,26.507415771484375,27.191632678555397,26.322274762167375,27.111137655613497,14068300
2013-09-04,26.934049606323242,27.191637409378608,26.515468658686068,26.571815798686377,11838000
2013-09-05,27.15943145751953,27.16747973004065,26.95819086692664,26.966239139447755,6317400
2013-09-06,26.96624183654785,27.16748244726836,26.765001225827348,27.143334556602067,6664200
2013-09-09,27.207733154296875,27.207733154296875,26.934045768709936,26.96624500717626,5716200
2013-09-10,27.441177368164062,27.521672406375274,27.352630983718406,27.400929849058457,7285500
2013-09-11,27.97245216369629,28.13344530827259,27.44117693607666,27.457276557603173,9500200
2013-09-12,27.980497360229492,28.101242973047462,27.84365519834505,27.980497360229492,7105600
2013-09-13,28.069042205810547,28.09319316947276,27.827554064006687,28.09319316947276,4882300
2013-09-16,28.181734085083008,28.41517393305911,28.133438303217655,28.25418082856911,5714500
2013-09-17,28.14954376220703,28.189791279009505,28.028798141110904,28.173691658150776,4759700
2013-09-18,28.696924209594727,28.71302076291763,28.08515077988803,28.173697176610524,6753100
2013-09-19,28.447378158569336,28.7532648036927,28.4071306430583,28.704965942666295,6493500
2013-09-20,28.407119750976562,28.552013207810983,28.342721294300183,28.487614751134608,7915200
2013-09-23,28.270286560058594,28.382980836367395,28.23003904290384,28.374932561211935,5718700
2013-09-24,27.658517837524414,28.25418849384662,27.62631859375324,28.23004059636269,9829500
2013-09-25,27.10309410095215,27.650469012212284,26.845506268675518,27.626321112526718,26193500
2013-09-26,27.09504508972168,27.26408652431409,26.95015155415987,27.167491857502583,8040800
2013-09-27,26.676456451416016,26.925995928989455,26.604009704422964,26.925995928989455,11822900
2013-09-30,26.716705322265625,26.901846336078112,26.579863165804017,26.604011059135274,9418700
2013-10-01,27.191631317138672,27.207730935058642,26.660356208532185,26.700603717988045,7182000
2013-10-02,27.288225173950195,27.3043217189106,26.94209111423499,26.950139386715197,8420200
2013-10-03,26.79720115661621,27.2077306620476,26.78110153885779,27.199682388512443,8189800
2013-10-04,27.014549255371094,27.135291817680233,26.773057989374813,26.813308580833528,7477600
2013-10-07,26.96624183654785,27.119183595247748,26.660355248460036,26.740853335161056,5543300
2013-10-08,26.571809768676758,27.038689474944903,26.555713221491352,27.00649023919783,8158500
2013-10-09,26.700605392456055,26.877698129993565,26.362522606998986,26.587911130637032,8165400
2013-10-10,27.19371795654297,27.21796820499841,26.894620252011126,26.9512062208765,7731400
2013-10-11,27.290719985961914,27.40389499890316,27.032040409503793,27.18563352807216,5039200
2013-10-14,27.484725952148438,27.508976194144722,26.98353475410498,27.088621191891008,6817400
2013-10-15,27.250303268432617,27.630240264829425,27.16946705306068,27.411978782880446,11037300
2013-10-16,29.0206356048584,29.158057741481393,27.678734528861494,27.767653102363067,16953000
2013-10-17,30.047286987304688,30.12812630986411,29.012568328182834,29.012568328182834,17370200
2013-10-18,30.1442813873291,30.1442813873291,29.82901587234345,30.047274241407717,11752300
2013-10-21,29.79668617248535,30.047280307447483,29.732014728815024,30.047280307447483,7663800
2013-10-22,29.9260196685791,30.047273974347817,29.683507973338163,29.861348238539644,9726300
2013-10-23,30.095779418945312,30.120029664866806,29.75626364122957,29.837099850103687,7571500
2013-10-24,30.079607009887695,30.411040350057178,30.071524623704494,30.087692479774134,6311200
2013-10-25,30.111957550048828,30.20896165053112,29.893696011185114,30.10387515988562,6310200
2013-10-28,30.136201858520508,30.28170952238838,30.047280165745235,30.176623052475918,4799700
2013-10-29,30.136201858520508,30.28170952238838,30.120033997679172,30.20087330188585,5263700
2013-10-30,29.861343383789062,30.21703002377279,29.748171483322608,30.176611928420915,4969200
2013-10-31,29.546083450317383,30.023024465582466,29.54608345031738,29.91793493104512,8172100
2013-11-01,29.87752342224121,29.94219486813859,29.594593555700854,29.659261917893964,5557400
2013-11-04,29.8936767578125,29.926012465048657,29.659247505904517,29.893676757812504,5645300
2013-11-05,30.200876235961914,30.257462212551957,29.643095775710854,29.788603453715094,9035800
2013-11-06,30.362550735473633,30.55655891035856,29.942195578283826,30.273629037107895,7082400
2013-11-07,30.42720603942871,30.82331077567043,30.370620089066037,30.402955798902713,9474200
2013-11-08,30.815229415893555,30.831397272968044,30.087694349762057,30.322120568083598,8753900
2013-11-11,30.637386322021484,31.090073943427264,30.459542994353132,30.85564466308319,6867600
2013-11-12,30.2897891998291,30.693976392423764,30.14428156379874,30.580804471889827,6015600
2013-11-13,30.532299041748047,30.540381428278824,30.0472725899104,30.20894807385628,6144600
2013-11-14,30.524213790893555,30.782896417288157,30.45145997678019,30.629303318769168,4353100
2013-11-15,30.758647918701172,30.839487215797195,30.516136194820856,30.532304054240058,6520500
2013-11-18,30.669723510742188,30.839484477719704,30.621223020494554,30.75056280066091,4580900
2013-11-19,31.29216194152832,31.308329794229113,30.61312754660806,30.661631104710434,9906100
2013-11-20,30.863740921020508,31.373017756820815,30.64547941996323,31.324514173128904,6413400
2013-11-21,30.77482032775879,31.098171396538188,30.71015196422551,31.025417560248037,5049100
2013-11-22,30.92030906677246,31.01731309452565,30.750551247278768,30.82330503901927,4463500
2013-11-25,30.839481353759766,31.251750897620806,30.742474215683874,31.02540707618363,4592400
2013-11-26,30.77482032775879,30.95266372395789,30.637398127935363,30.95266372395789,4831200
2013-11-27,30.976911544799805,31.316430448754648,30.718231943550443,31.316430448754648,4510100
2013-11-29,30.87181282043457,31.122409958807463,30.78289423943436,31.07390639159566,3512700
2013-12-02,30.831409454345703,30.96883475192339,30.742487747155074,30.912248771657474,5641200
2013-12-03,30.394880294799805,30.70206347155467,30.12003283848314,30.67781322307803,7798700
2013-12-04,30.200876235961914,30.596978072092213,29.974532329601743,30.192790762903652,5092700
2013-12-05,29.845182418823242,30.168533423691525,29.820932172754425,30.144283177622707,5289800
2013-12-06,30.338289260864258,30.346374731475944,30.047273992913908,30.12811328051318,4055000
2013-12-09,30.0715274810791,30.37871060818406,30.03919176586731,30.37062513752935,4972400
2013-12-10,29.9987850189209,30.184710826210516,29.87752758282977,29.9987850189209,5381300
2013-12-11,29.57033348083496,29.990685404692286,29.521829912526847,29.909849207882008,6185600
2013-12-12,29.335908889770508,29.61075632011485,29.319741031079225,29.562252744041,6417800
2013-12-13,29.424833297729492,29.594591204165035,29.343993996781126,29.40866543753982,4665200
2013-12-16,29.529918670654297,29.756265621229762,29.36016077050063,29.465250315992673,6704900
2013-12-17,29.594575881958008,29.618826117835262,29.352064272078177,29.465236151108602,6911800
2013-12-18,30.815229415893555,30.863732987117025,29.62692121610108,29.63500360278661,11548800
2013-12-19,30.742488861083984,30.90416441786106,30.540395186038825,30.78291006305682,7756400
2013-12-20,30.58888053894043,30.912231459690013,30.56463029918023,30.831392187651158,8140800
2013-12-23,31.073917388916016,31.162839085089534,30.6778155761303,30.693983437589512,6313200
2013-12-24,30.87181282043457,31.08199186131588,30.807144481188676,31.00923805234976,2207600
2013-12-26,31.00114631652832,31.114321283813723,30.879892048562066,30.89605990103141,3655800
2013-12-27,31.017322540283203,31.146662311243,30.90415062615631,31.13857992467824,2705600
2013-12-30,31.049663543701172,31.122417369992167,30.855652312357215,31.106249510404844,3081600
2013-12-31,30.98499298095703,31.17900111477138,30.89607130141558,31.025411085193046,4594200
2014-01-02,30.904155731201172,31.041580995130328,30.71822997246493,30.79098379837945,4967500
2014-01-03,31.235580444335938,31.348752345645366,30.93648283606058,31.01731902736645,4301600
2014-01-06,31.647855758666992,32.08437554643436,31.615520045883247,31.68018838774744,10130400
2014-01-07,31.40534019470215,31.809527343070016,31.31642161237192,31.71252329089863,8329300
2014-01-08,31.688283920288086,31.704451781814,31.300264494778958,31.40535096914099,6140700
2014-01-09,31.744863510131836,31.8014494722414,31.50235180341888,31.744863510131832,4996800
2014-01-10,31.98736572265625,32.03586928308393,31.615514343818898,31.74485408792331,6360500
2014-01-13,31.792280197143555,32.24749878611531,31.751636123263083,31.79228019714355,12136000
2014-01-14,32.16620635986328,32.182464607441744,31.75975947323277,31.94672466896957,6570300
2014-01-15,32.13369369506836,32.2068542674204,31.906084403726034,32.19059601790394,5279000
2014-01-16,32.14183044433594,32.26376268733559,32.03615335298055,32.1336997675692,3716100
2014-01-17,32.02802658081055,32.401957096903594,31.873574727812997,32.401957096903594,7216400
2014-01-21,31.80040168762207,32.16620448445056,31.589050683311985,32.12556041834595,8229600
2014-01-22,30.946876525878906,31.597191151793545,30.02830537249306,30.90623244318638,12970000
2014-01-23,30.42660903930664,30.833055857249885,30.255902119996833,30.808670040475093,10207300
2014-01-24,29.735660552978516,30.239653906146785,29.72752987739442,30.239653906146785,9167400
2014-01-27,29.5080509185791,29.938886837566976,29.369860430129116,29.81695149992156,9128900
2014-01-28,29.564958572387695,29.971405636460453,29.4917979768168,29.70315218666384,7608200
2014-01-29,29.142248153686523,29.670630484891138,28.97967183726461,29.475534563862592,10404300
2014-01-30,29.695011138916016,29.76817170893816,29.37798303580137,29.459274280794823,9579800
2014-01-31,29.800682067871094,29.98764724142454,29.23978654721076,29.28855818321574,10845500
2014-02-03,29.142248153686523,30.036433398729375,29.101604074581047,29.735663492215476,12231900
2014-02-04,29.4674072265625,29.621855968789294,29.142248389201946,29.18289556958038,8237400
2014-02-05,29.54868507385254,29.75190850104807,29.247915269867313,29.361719892945864,7597300
2014-02-06,29.792558670043945,30.020167939141864,29.57307697443793,29.59746279585736,9982300
2014-02-07,30.22340202331543,30.24778785331694,29.792569154916393,29.890115575867252,12028000
2014-02-10,30.207143783569336,30.33720671187861,30.044564347946533,30.215271359925307,11207300
2014-02-11,30.849327087402344,30.88997116611624,30.117721266774446,30.117721266774446,8643000
2014-02-12,31.10132598876953,31.19887551058681,30.800556048861612,30.833072556134038,8793500
2014-02-13,31.475248336791992,31.54840890145485,30.9387385629123,30.946866136344305,7253200
2014-02-14,31.548418045043945,31.68660854004531,31.337063863231204,31.442740954137573,7253400
2014-02-18,31.645963668823242,31.857314744412648,31.54028658055628,31.67034949652157,6794100
2014-02-19,31.50775718688965,32.0036228201999,31.442727305982192,31.49150204237022,7093200
2014-02-20,31.66222381591797,31.776028486580735,31.320806702984974,31.556546721326242,8611900
2014-02-21,31.55654525756836,32.06866935274051,31.532159429541682,31.605320014566274,8335100
2014-02-24,31.686607360839844,31.987377268901522,31.55654444646632,31.597188525780954,8104600
2014-02-25,31.906084060668945,32.12556577536517,31.62970002374896,31.69473302111554,7952100
2014-02-26,32.019893646240234,32.239375394805606,31.72725131481974,31.938605487932083,8752600
2014-02-27,32.34503936767578,32.37755585819363,31.971109029550135,31.98736417386585,9189600
2014-02-28,32.3369140625,32.499493441134206,32.044271801147175,32.20685117978138,8695700
2014-03-03,31.97112464904785,32.22311982131544,31.5646776218346,32.10931514984689,11006300
2014-03-04,32.613304138183594,32.775883547038696,32.24750124349569,32.30440667239763,9460200
2014-03-05,32.34503936767578,32.914065547965315,32.320650449315785,32.914065547965315,8285200
2014-03-06,32.2962760925293,32.702723065404236,32.2962760925293,32.45072482588182,6442000
2014-03-07,32.16620635986328,32.475106861966694,31.962982916548025,32.385688050757,8630700
2014-03-10,32.36942672729492,32.4263290379406,32.036140435965955,32.10930099264516,5576300
2014-03-11,32.280025482177734,32.64582846453955,32.23125381849285,32.393830165369174,5117600
2014-03-12,32.23936080932617,32.42632596960518,32.06052322082318,32.06052322082318,6933000
2014-03-13,31.88982391357422,32.3694313873075,31.784146849614327,32.30440149475481,6964500
2014-03-14,31.678478240966797,32.125569293520186,31.629703487600413,31.857312801421553,7736000
2014-03-17,32.1174430847168,32.174348522031416,31.735384983511292,31.743512559730657,5768900
2014-03-18,32.2962760925293,32.426338999811506,32.09305260609183,32.10931085712014,5534300
2014-03-19,32.06866455078125,32.694593217610795,31.962987476915455,32.296273847466864,8679100
2014-03-20,31.597179412841797,32.22310797678553,31.52401885079789,32.076786852697715,11396600
2014-03-21,31.206995010375977,32.19059584371904,31.18260918670526,31.87356773222367,21663000
2014-03-24,31.23950958251953,31.426474787999876,30.99564205802099,31.426474787999876,11078000
2014-03-25,31.215120315551758,31.458987813137863,30.954994571334115,31.288280874921938,8209600
2014-03-26,31.345184326171875,31.8166610918374,31.20699077525612,31.33705365208905,8174800
2014-03-27,31.255762100219727,31.450854843670896,30.995636374989335,31.337050226500505,7404100
2014-03-28,31.14195442199707,31.694722309013965,31.060663202763447,31.36143606251345,6251400
2014-03-31,31.304542541503906,31.36144796703971,30.971256168490857,31.28015671694865,8038000
2014-04-01,31.272029876708984,31.564672182020086,31.076933972853517,31.288288127108952,5631200
2014-04-02,31.36145782470703,31.410229489147667,30.946880071291073,30.987524158639964,6340700
2014-04-03,31.41834831237793,31.49963645640398,31.13383360639889,31.491508882378945,6029600
2014-04-04,31.402088165283203,32.10930489858268,31.37769924279444,31.597180939530908,7367600
2014-04-07,31.028160095214844,31.572800645642932,30.96313019272831,31.34519133552364,5892800
2014-04-08,30.581056594848633,31.052536374864424,30.556670778966097,31.052536374864424,9560100
2014-04-09,30.589202880859375,30.75990988105587,30.36159044631945,30.662363466792815,13694800
2014-04-10,30.288433074951172,30.808687908440422,30.182759073677744,30.74365489139992,9788100
2014-04-11,30.272066116333008,30.460141785247387,29.969509876719584,30.214825830983486,10490300
2014-04-14,30.860837936401367,30.893544454465655,30.345672064695613,30.40291237051151,12726800
2014-04-15,31.048912048339844,31.12250716901935,30.45197523365611,30.885366989122886,10725400
2014-04-16,31.38417625427246,31.809392136622066,30.71364435654949,31.686732569254197,10953300
2014-04-17,31.833913803100586,31.89932993300497,31.18791275372673,31.28603850826406,9824900
2014-04-21,31.654014587402344,31.882978844814485,31.441408261978445,31.78484996905433,6920300
2014-04-22,31.56406021118164,31.809379246506744,31.55588436570599,31.686719728844192,6220000
2014-04-23,31.56406021118164,31.743960005257087,31.498644089293094,31.670364918531778,3557500
2014-04-24,31.425060272216797,31.604960130807893,31.155210484330148,31.604960130807893,4421300
2014-04-25,31.097976684570312,31.433242687850864,30.983496066771522,31.392357198545994,4232000
2014-04-28,31.375991821289062,31.41687729683644,30.89353572336163,31.302396717559056,4433600
2014-04-29,31.514989852905273,31.662179984103457,31.286025693619088,31.37597556483578,4415600
2014-04-30,31.678552627563477,31.84209453710768,31.474122121271243,31.53136241348411,5339700
2014-05-01,31.62131690979004,31.801216797294583,31.39235568522988,31.604965210346656,3652400
2014-05-02,31.5313663482666,31.760327545690014,31.474126048910747,31.62131316199554,4774500
2014-05-05,31.760326385498047,31.997466542373868,31.27787022329238,31.29422503956267,7593500
2014-05-06,31.54772186279297,31.74397343082092,31.506833260038253,31.694908979132716,4776500
2014-05-07,31.637678146362305,31.719452256980926,31.310591061977913,31.60497162147822,4990200
2014-05-08,31.67037582397461,31.858451528288082,31.523185599840204,31.637666192086478,3962800
2014-05-09,31.882986068725586,31.907516733542902,31.572250797136462,31.62949109461837,4409000
2014-05-12,32.111942291259766,32.20189220749193,31.915687644993074,31.94839727259782,4013200
2014-05-13,32.43086624145508,32.52081619340957,32.11195504406225,32.201904996016744,6265300
2014-05-14,32.65165328979492,32.807019411443434,32.520817840153235,32.59441297553688,7183100
2014-05-15,32.08742141723633,32.65164862838538,31.93205219840544,32.103773116664364,8821600
2014-05-16,31.940217971801758,32.53715457391584,31.76031815878933,32.38996438497139,11024400
2014-05-19,32.40632247924805,32.65981429304593,32.234598495179,32.39814351272194,6464500
2014-05-20,32.33273696899414,32.56987715881217,32.17736775252448,32.56987715881217,5438900
2014-05-21,32.34908676147461,32.43903357043775,32.1855417208251,32.34090779379293,4352500
2014-05-22,32.42267990112305,32.52080567179766,32.08741399190295,32.275489685430124,3800900
2014-05-23,32.381805419921875,32.48811020412131,32.30821027999355,32.43086988632855,3521800
2014-05-27,32.36543655395508,32.42267684139367,32.1855367252271,32.316372113566985,4711800
2014-05-28,32.43903350830078,32.52080758815,32.34090773184391,32.43903350830078,3681300
2014-05-29,32.381805419921875,32.6189456618424,32.34091992426467,32.447224708464105,3225200
2014-05-30,32.71706008911133,32.81518898777389,32.357263485435475,32.38997311832299,5898500
2014-06-02,32.54533004760742,32.74158467040672,32.447204295888476,32.72522985856,3364200
2014-06-03,32.56169509887695,32.692530515432146,32.44721449931146,32.44721449931146,3774900
2014-06-04,32.504459381103516,32.54534486966001,32.381799796071206,32.54534486966001,3664300
2014-06-05,32.831546783447266,32.90514190444128,32.381797088838006,32.512632512898186,3824200
2014-06-06,32.74977493286133,32.91332000395852,32.67617980683573,32.76612975190732,3536400
2014-06-09,32.81519317626953,32.880609331031934,32.64346914137253,32.659823959903804,3444900
2014-06-10,33.142276763916016,33.16681054885896,32.7334157009736,32.7334157009736,5057600
2014-06-11,32.70887756347656,33.10956268614827,32.65163727728941,32.905132201376546,5940000
2014-06-12,32.553524017333984,32.7415997612145,32.43086443162968,32.69253530306021,6510800
2014-06-13,32.53717041015625,32.58623175077553,32.43086563987621,32.520815590162165,3966300
2014-06-16,32.627113342285156,33.011440611706114,32.37361836594863,32.569873044299854,5499800
2014-06-17,32.594398498535156,32.69252426234247,32.41449866542026,32.54533405695061,4593200
2014-06-18,33.011436462402344,33.04414609124323,32.49627384528695,32.578044798027264,5223200
2014-06-19,33.52660369873047,33.54295851388256,33.02779275435875,33.12591852590927,6380800
2014-06-20,33.40393829345703,33.771913771516374,33.371231788244025,33.69831867590451,12626700
2014-06-23,33.305824279785156,33.62473543340264,33.256759825627626,33.5020789770527,4922700
2014-06-24,33.07685852050781,33.45300992593882,33.060503704702704,33.20769392758652,4398200
2014-06-25,33.28130340576172,33.51026468714596,33.06869382787906,33.22406308541566,4394100
2014-06-26,33.215877532958984,33.34671297059266,33.052332456076165,33.31400645070641,5691700
2014-06-27,33.15046310424805,33.273119578790556,32.88061324540104,33.125929313849106,8432800
2014-06-30,33.444847106933594,33.64927770509489,33.19952789364934,33.25676821158543,6711200
2014-07-01,33.673789978027344,33.77191573810334,33.5102449649929,33.673789978027344,5472200
2014-07-02,34.172611236572266,34.221672571821145,33.62473574451304,33.71468568495281,5766000
2014-07-03,34.25437927246094,34.31161957158727,34.041772892757756,34.18896312461471,3000000
2014-07-07,33.94364547729492,34.1971404697774,33.92729377913959,34.08265986651515,4043400
2014-07-08,33.567481994628906,33.87821717730783,33.47753209021963,33.79644623840561,4789500
2014-07-09,33.747379302978516,33.83732920072306,33.485708574645905,33.698314871655725,3562400
2014-07-10,33.72285461425781,33.77191593490087,33.46118072026086,33.55113063392205,4839200
2014-07-11,33.95304870605469,34.002376298970276,33.689974482689095,33.780406834988284,5077900
2014-07-14,34.380550384521484,34.48742528421046,34.11747612074292,34.48742528421046,6699800
2014-07-15,33.84617233276367,34.36410105925406,33.84617233276367,34.31477660460201,10954200
2014-07-16,33.74751663208008,34.18323579622844,33.706411878958214,34.17501296394908,5564800
2014-07-17,34.4463005065918,35.3423976770199,33.706402609507755,33.72284513345304,12228300
2014-07-18,35.128662109375,35.18620939824891,34.34765915682495,34.446314340116274,9538000
2014-07-21,35.3177490234375,35.37529631641248,34.742272957595446,34.93958020214699,8027300
2014-07-22,35.424617767333984,35.53971233332131,35.251975918353,35.350627955471886,8315800
2014-07-23,35.325965881347656,35.57259754324589,35.24375323665376,35.54793531788359,4315900
2014-07-24,35.26020812988281,35.49039734356006,35.136893823738355,35.30131289859763,4890700
2014-07-25,35.383506774902344,35.44105404775011,35.15331454742012,35.26018939817647,3979100
2014-07-28,35.293094635009766,35.391746711157055,35.038240040861915,35.30953717038314,3449200
2014-07-29,35.14508819580078,35.33417250449995,34.98066610333915,35.325952811117624,4575300
2014-07-30,35.23553466796875,35.4246190526789,35.071112509410234,35.317744179202094,3564000
2014-07-31,34.62717819213867,35.2519818499027,34.594296264960754,34.95602255265576,4658700
2014-08-01,34.553192138671875,34.8244892361194,34.37233054313278,34.52852990657395,3905900
2014-08-04,34.84914016723633,34.9395725037265,34.396981620877,34.627170742058134,3639100
2014-08-05,34.34765625,34.832699883811166,34.24900421114959,34.64361550264299,4190500
2014-08-06,34.339447021484375,34.50386922708527,34.06814991182899,34.25723435063757,3726900
2014-08-07,34.14214324951172,34.51209246603632,34.10103847791856,34.323008007833316,4013800
2014-08-08,34.2736701965332,34.29833556102033,33.829734404962394,34.10102832558388,4417600
2014-08-11,34.569637298583984,34.66006967127056,34.2243534786092,34.462762391218675,2630400
2014-08-12,34.17502212524414,34.6189611045869,34.05170469672922,34.45453891193116,3337500
2014-08-13,34.66006851196289,34.66006851196289,34.38877453907019,34.429879306345725,3441500
2014-08-14,34.79981231689453,34.898464339743114,34.65183271457603,34.65183271457603,4679900
2014-08-15,34.577857971191406,35.0629017375504,34.29011833645049,34.824489703760314,5031600
2014-08-18,34.71761703491211,35.0382386214722,34.610742127361135,35.0382386214722,3234800
2014-08-19,34.97246170043945,35.03822868452407,34.60251261467617,34.775154476001724,2963300
2014-08-20,34.643611907958984,34.931351434212964,34.49563229699212,34.70938201776268,4953600
2014-08-21,34.791603088378906,34.956025281472954,34.69295102695948,34.766940857047175,3060800
2014-08-22,34.61894989013672,34.79981455707805,34.52851755666605,34.709382223607385,2462400
2014-08-25,34.93135070800781,35.103992538516195,34.75048604589919,34.865580599571445,2424000
2014-08-26,35.18621063232422,35.29308551659218,34.832704053362,34.93957893762997,3229100
2014-08-27,35.02178192138672,35.25197417808932,34.93957241719465,35.12865678570966,2805100
2014-08-28,34.81624984741211,35.021776713420664,34.75048288105674,34.882019949858574,2525300
2014-08-29,34.725830078125,34.86558687958831,34.57785044358035,34.86558687958831,4384400
2014-09-02,34.71761703491211,34.85737701187767,34.47920498579564,34.66828943079024,4300900
2014-09-03,35.15331268310547,35.17797803879724,34.81624875883386,34.85735663962315,4143500
2014-09-04,35.2684211730957,35.41640080825715,35.0793336445401,35.18620852239936,4123200
2014-09-05,35.30952453613281,35.3177442328319,34.89847070715825,35.25197725096372,3484300
2014-09-08,35.194427490234375,35.41639691859843,35.02178251077904,35.25197477135562,2602900
2014-09-09,35.21086502075195,35.33417926161218,35.05466259180137,35.21086502075195,3586800
2014-09-10,35.2684211730957,35.39173544500227,35.046451720353524,35.33418815756081,3503000
2014-09-11,34.98889923095703,35.37528765546188,34.84091961779637,35.09577095683524,7754900
2014-09-12,34.98068618774414,35.243760432292426,34.89847666235744,35.038233482733304,4259600
2014-09-15,35.12045669555664,35.16978117117041,34.89026431035022,35.03002430880697,3067500
2014-09-16,35.2684211730957,35.32596846053716,34.93135714547061,35.11221870481864,3179500
2014-09-17,35.66304016113281,35.819239526924505,35.15333102542651,35.301310692426064,4788700
2014-09-18,35.91788864135742,36.06586829619682,35.712361691424086,35.75346959028465,5032900
2014-09-19,35.83566665649414,36.33715274174984,35.81100443462625,36.13984555853285,6139300
2014-09-22,35.67948532104492,35.901451701789746,35.531505643153125,35.83568469833387,3402000
2014-09-23,34.939571380615234,35.482162246023485,34.93135168487652,35.11221321595162,6585900
2014-09-24,35.046451568603516,35.276640717372636,34.89024910100281,34.898471934082814,6268300
2014-09-25,34.528526306152344,34.923137659034445,34.503864076626044,34.873810063889586,4316700
2014-09-26,34.536746978759766,34.72583453077257,34.4545374539569,34.635402171834016,6349900
2014-09-29,34.4463005065918,34.536729684154714,34.25721304926638,34.25721304926638,4881100
2014-09-30,34.19144821166992,34.52029243880385,34.19144821166992,34.36409001967429,4874800
2014-10-01,33.85439682006836,34.57785250586914,33.71463687417756,34.569629672297374,5573800
2014-10-02,33.879066467285156,34.076373747015246,33.632434719692164,33.88728930265752,4707100
2014-10-03,34.355892181396484,34.413439487341094,33.936615368265194,34.043490280487894,3430900
2014-10-06,34.8244743347168,34.91490666183662,34.520295436661144,34.56140018459981,6713300
2014-10-07,34.0845832824707,34.676501809061484,34.07636358564222,34.602511993237634,5178200
2014-10-08,34.643611907958984,34.668274131089646,33.994146186059034,34.06813599154246,6067400
2014-10-09,34.22434616088867,34.97246408030044,34.20790362972563,34.684724489085355,5503700
2014-10-10,34.331787109375,34.95164362753908,34.25740420108518,34.27393408656661,4990100
2014-10-13,33.81936264038086,34.521868430630825,33.7780395121903,34.273926508734846,4494600
2014-10-14,33.93508529663086,34.662381469469395,33.83590596626337,33.885495631447114,7129200
2014-10-15,33.06727600097656,33.49704354356232,32.53006893730922,33.37307413783284,8971800
2014-10-16,33.05074691772461,33.31521874776905,32.46394708910766,32.51353673952333,8828700
2014-10-17,33.76979446411133,33.918560328488816,33.19952426641288,33.34829013079036,7215400
2014-10-20,34.26567077636719,34.30699391756397,33.61275442609581,33.7615202566071,5014400
2014-10-21,35.03428649902344,35.06734626677494,34.50534282601129,34.637578744264324,5352600
2014-10-22,34.37310028076172,35.56322331558809,34.282187513349186,35.125192511966674,6986500
2014-10-23,35.06733703613281,35.34833868254764,34.67062938579755,34.71195250823311,4599300
2014-10-24,35.09215545654297,35.26571458694674,34.811153608518296,34.99297926099144,4676900
2014-10-27,34.910316467285156,35.108668764698486,34.7450207842721,35.06734563213345,3943900
2014-10-28,35.12520217895508,35.133465545197524,34.67064136954278,34.893790091127705,6106200
2014-10-29,35.32355880737305,36.00126836059341,35.0425570546168,35.38141183122698,4253200
2014-10-30,35.943416595458984,35.96820984862082,35.14999781399231,35.290500271667426,3828800
2014-10-31,36.02605056762695,36.41449488248415,35.90207803866118,36.40622836575183,6124900
2014-11-03,35.77811813354492,36.108706377045536,35.58802918416259,36.001266853103274,4404100
2014-11-04,36.04259490966797,36.06738816430794,35.55497426764211,35.55497426764211,4187100
2014-11-05,36.08391189575195,36.35665026127717,35.819440048865566,36.307060607703555,4193200
2014-11-06,36.10871887207031,36.23269147675315,35.90209996610177,36.03433593981146,3770600
2014-11-07,35.844242095947266,36.20789333922591,35.67894636288914,36.17483356206351,3992700
2014-11-10,36.439300537109375,36.44756390390353,35.67894152915594,35.827707353478274,5318900
2014-11-11,36.57152557373047,36.88558701510044,36.447553039498175,36.46408292091265,3192600
2014-11-12,36.55499267578125,36.612845679581596,36.31531414417854,36.52193291568041,3486000
2014-11-13,36.852535247802734,37.00130106005673,36.53847373829394,36.59632675942014,3488800
2014-11-14,36.2078971862793,36.85254714567014,36.100454475462755,36.85254714567014,4206000
2014-11-17,36.12523651123047,36.32359198090114,36.04259023797374,36.12523651123047,3871700
2014-11-18,36.11697769165039,36.26574352444272,35.8938289424619,36.199623975311184,6724900
2014-11-19,35.893821716308594,36.19135332199411,35.82770218048826,36.19135332199411,3768000
2014-11-20,36.183082580566406,36.23267222664385,35.57975607401101,35.786374870204746,4862100
2014-11-21,36.2078971862793,36.521955644428864,36.12524773459187,36.48889901650811,6495800
2014-11-24,36.62939453125,36.69551408569726,36.02606778431121,36.02606778431121,3798700
2014-11-25,36.49714660644531,36.67897216879457,36.34011744525913,36.621119154002145,4651800
2014-11-26,36.57152557373047,36.72029135370822,36.35664342084734,36.49714268374159,2876700
2014-11-28,36.786415100097656,36.99303393006456,36.703768829212144,36.73682859866761,2440100
2014-12-01,36.62939453125,36.83601340976686,36.53021835233299,36.588071386097404,5340400
2014-12-02,37.37321090698242,37.70379910730864,36.92691352615159,36.92691352615159,10949300
2014-12-03,37.753395080566406,37.860837761228865,37.27403785357491,37.37321716776487,4993000
2014-12-04,37.59635543823242,37.97653324528847,37.39800001777788,37.7368546984587,6377200
2014-12-05,37.43932342529297,37.62941233024841,37.356677171921895,37.54676607687734,4179500
2014-12-08,37.7781867980957,38.10051167423614,37.47239180698211,37.48065517311893,4220000
2014-12-09,37.55504608154297,37.57984249074342,37.092221813186185,37.464136423654224,3554000
2014-12-10,36.670711517333984,37.571569802473064,36.637654898416294,37.46413027367221,5489800
2014-12-11,36.745094299316406,37.290567918976514,36.612858365845874,36.78641743738469,3954300
2014-12-12,36.10871887207031,36.81948841304277,36.09218898126231,36.464103642556545,5191400
2014-12-15,35.918609619140625,36.662438522630524,35.82769684729713,36.497142860438046,4993800
2014-12-16,35.86904525756836,36.7120476646282,35.621100034928375,35.728542754555406,6186500
2014-12-17,36.57979965209961,36.66244908337958,35.87729682636378,35.92688648513176,5045700
2014-12-18,37.82777786254883,37.84430774819153,36.72856411295871,36.95171284000527,6703700
2014-12-19,38.05918884277344,38.38978024045083,37.836040122254175,37.943482799412315,11329200
2014-12-22,38.32365036010742,38.43109300827757,37.9434725622775,37.960002442976936,4831400
2014-12-23,37.78646469116211,38.431114637490296,37.579845795261626,38.12531955432874,4078900
2014-12-24,37.769920349121094,37.976539165962286,37.72033069808815,37.80298011647639,2527200
2014-12-26,37.893882751464844,38.16662105266268,37.77817673983632,37.86082614296552,2057700
2014-12-29,37.68727493286133,37.86910051987115,37.563305521243684,37.67901156652146,2580900
2014-12-30,37.76165771484375,37.95174666755871,37.69554132608576,37.69554132608576,2950400
2014-12-31,37.207916259765625,38.05918476127738,37.1831230110623,37.76991968389559,3418600
2015-01-02,37.10874557495117,37.5633064003608,36.89386021204625,37.39801069491548,3216600
2015-01-05,37.117008209228516,37.521982521942434,36.885596117822445,37.02609541538948,5735900
2015-01-06,36.695499420166016,37.28229604397692,36.3070550749167,37.18311990469613,6584300
2015-01-07,36.99305725097656,37.14182315455698,36.67899870142246,36.968263984631534,4609500
2015-01-08,37.753395080566406,37.84430787553054,37.1996549443091,37.34842076284072,4883000
2015-01-09,37.356685638427734,37.91042259756809,37.282302732434665,37.81124644049507,4742200
2015-01-12,37.67075729370117,37.81951999300222,37.141810290419755,37.505461552222854,6178800
2015-01-13,37.06422805786133,37.828608723184416,36.7651214777116,37.670748325635174,6745000
2015-01-14,36.7900390625,37.1057629677655,36.49924281386164,36.79834933785618,5865900
2015-01-15,36.515869140625,37.11407916571946,36.47432726199155,36.97283614447729,3916200
2015-01-16,36.964534759521484,37.014383753822564,36.324779587302,36.39124596951767,4564200
2015-01-20,36.74019241333008,37.1805419518344,36.46601035916894,37.11407242254385,5159900
2015-01-21,36.60725021362305,36.76511056431284,36.24167420442828,36.524163316332846,5328200
2015-01-22,36.964534759521484,37.03100114173715,36.39124596951767,36.83990593488343,5329100
2015-01-23,36.44110107421875,36.95622746337315,36.40786629570739,36.95622746337315,6664000
2015-01-26,36.68204116821289,36.72358304836796,36.07551767406815,36.341392679833646,4376200
2015-01-27,36.29153823852539,36.57402744302491,36.083825681376986,36.45770891813254,4847400
2015-01-28,36.06719970703125,36.72357199197059,36.02565783938323,36.50754920909472,7641000
2015-01-29,37.60428237915039,37.72891118926173,36.308157967315516,36.38293461949386,10054600
2015-01-30,37.188865661621094,37.9117078528889,37.139016661839186,37.72061262502456,9613300
2015-02-02,37.579341888427734,37.587652162600264,36.790033822407715,37.33008754374798,7312900
2015-02-03,38.07785415649414,38.11939601948044,37.670736292570055,37.728895534639065,8380300
2015-02-04,37.52949523925781,38.21079519618185,37.42979412069585,37.845219145718985,8231200
2015-02-05,37.928314208984375,38.111099104082825,37.60427995745103,37.60427995745103,6374400
2015-02-06,37.803688049316406,38.39359099227694,37.66244502189303,37.87846470190593,5601600
2015-02-09,36.98944854736328,37.56273400194491,36.80666050266693,37.56273400194491,6585900
2015-02-10,37.3217887878418,37.39656543126742,36.889749480762575,37.12238651833476,5210500
2015-02-11,37.33009719848633,37.554427117549174,37.02268353285581,37.288555325202495,4302900
2015-02-12,37.57105255126953,37.59597704669216,37.22209376814044,37.42149923984884,4683700
2015-02-13,38.29387664794922,38.36034299987653,37.40486740101301,37.429791886805596,6524900
2015-02-17,38.559749603271484,38.65945071900839,38.21910121918251,38.260643086619446,6366400
2015-02-18,38.559749603271484,38.65945071900839,38.34372999093464,38.43512083151936,4051400
2015-02-19,38.725921630859375,38.77577060579435,38.2938792212548,38.51820911678649,6590300
2015-02-20,39.44877624511719,39.52355290720009,38.551459469565096,38.659467738562725,6512400
2015-02-23,39.31583786010742,39.465391174957404,39.0665833918383,39.32414813840049,5608100
2015-02-24,39.44047164916992,39.5401728151532,39.15798237101486,39.27430092623584,4789000
2015-02-25,39.382293701171875,39.66478284540426,39.249357819735536,39.50691930720764,4777400
2015-02-26,39.55678176879883,39.63986552782657,39.13304635720752,39.31583443039924,5112300
2015-02-27,39.357364654541016,39.78109994064648,39.357364654541016,39.44875866407126,5805800
2015-03-02,39.23274230957031,39.57339072008814,39.15796567460583,39.33244343304243,7016300
2015-03-03,39.12473678588867,39.16627866278717,38.77577804716877,39.16627866278717,6018900
2015-03-04,39.05826187133789,39.44876243320799,38.9004014930746,38.941943364255295,5558500
2015-03-05,39.41552734375,39.46537949042108,38.90040117258183,38.950253319252916,4842600
2015-03-06,38.634521484375,39.26596603236131,38.50989272793935,39.19949968651898,7264900
2015-03-09,38.908721923828125,39.03334756989647,38.551456033435805,38.63453979748137,4465200
2015-03-10,38.3603515625,38.725927672746735,38.35204445519527,38.56806410897949,5106100
2015-03-11,38.468360900878906,38.75916035194285,38.393584261398665,38.54313754035915,5030800
2015-03-12,39.2576789855957,39.30753114752911,38.509912403807334,38.60961672767415,5209700
2015-03-13,38.950252532958984,39.24104879239932,38.72592263163007,39.22443141051108,4744100
2015-03-16,39.739566802978516,39.756181017959726,39.14966074900149,39.14966074900149,4763600
2015-03-17,39.12473678588867,39.714639678396686,39.10811940124086,39.40722598601734,5609100
2015-03-18,39.373985290527344,39.59000808899314,38.54313519984074,38.941942863037326,6656700
2015-03-19,39.41552734375,39.49861425486847,39.15796584288671,39.43214472597369,4013600
2015-03-20,39.44047164916992,39.68972614884958,39.324153093948944,39.59833209276369,7563000
2015-03-23,39.44047164916992,39.65649137037418,39.23275903786305,39.44047164916992,3931100
2015-03-24,39.049957275390625,39.57339376035553,39.04165016839707,39.3075219643763,4595800
2015-03-25,38.65945053100586,39.465376067016685,38.634526044553176,39.08318581734938,5061100
2015-03-26,38.634521484375,38.87546872311542,38.30218024684056,38.55974486440179,4367400
2015-03-27,38.86717224121094,39.07488479601765,38.568065655178536,38.72592922527456,3444400
2015-03-30,39.116432189941406,39.224440442924276,38.95856861037186,39.04996264708218,2967200
2015-03-31,38.4932975769043,39.033348393480146,38.4932975769043,38.90872274478226,5358100
2015-04-01,38.12771224975586,38.526519934868396,37.84522307662093,38.493288338190325,6369000
2015-04-02,38.32712173461914,38.543141398383845,37.994780377120435,38.3105043498,3974000
2015-04-06,38.468360900878906,38.69269081931963,37.92831021080317,38.05293583030907,4083500
2015-04-07,38.37696838378906,38.717616828242456,38.352043892798434,38.468362410010535,3161100
2015-04-08,38.725921630859375,38.84224013162956,38.136018851558326,38.39358034056618,6011800
2015-04-09,39.049957275390625,39.149658406522384,38.59299032414144,38.634532197992854,4337300
2015-04-10,39.17459487915039,39.21613676234711,38.800711591494796,39.03334867295049,3759900
2015-04-13,38.85725021362305,39.341610343967155,38.83219820193547,39.066025472773234,3064500
2015-04-14,38.99921417236328,39.04096858184343,38.69857732705462,38.840542956418574,3244000
2015-04-15,39.10778045654297,39.20799168224608,38.907354819479316,39.09107805464955,4046600
2015-04-16,38.84888458251953,39.157870946642575,38.731970995319266,38.92404377224204,3769000
2015-04-17,38.62342071533203,38.79044155015144,38.25597742725528,38.6568255194274,4312000
2015-04-20,38.940757751464844,39.007564170169864,38.72362972294466,38.765384132842456,3371900
2015-04-21,39.34996032714844,39.48357636684992,39.01592182072358,39.199641884277064,8616000
2015-04-22,40.377132415771484,40.41889001464914,39.34995855940008,39.45852258229844,7638400
2015-04-23,40.46898651123047,40.60260252008414,39.94287526830119,40.3771249078329,6401900
2015-04-24,40.35208511352539,40.51910597155258,40.160012241774396,40.38548992226241,3451000
2015-04-27,39.65894317626953,40.418884868486714,39.56708156748661,40.31867046672873,5254500
2015-04-28,39.74245071411133,39.859364326745684,39.25809067816096,39.76750272091668,3788400
2015-04-29,39.39170837402344,39.7842068209189,39.149531531355436,39.4835699837783,3566600
2015-04-30,38.76538848876953,39.41676946186615,38.63177245068826,39.1912918002932,5963600
2015-05-01,38.9908561706543,39.191281769306194,38.74867935375664,39.00755856934669,3410100
2015-05-04,39.24974822998047,39.5336827063045,39.06602498481268,39.06602498481268,3126900
2015-05-05,39.12446975708008,39.42510654365351,39.06601295809709,39.266438544364924,4377700
2015-05-06,38.865596771240234,39.233040021544625,38.60671434459981,39.12447601222353,3832700
2015-05-07,38.83219528198242,39.015918515630126,38.72363126340356,38.78208807671739,4488900
2015-05-08,39.725746154785156,39.83431015446831,39.27479094286143,39.33324774600079,4296400
2015-05-11,39.525333404541016,39.86772470050208,39.44182138988123,39.483575804382305,3551400
2015-05-12,39.358306884765625,39.49192290329404,39.15788126414442,39.274794882149635,3520500
2015-05-13,39.27479553222656,39.55872997450628,39.149532304714974,39.41676434619503,2651400
2015-05-14,40.64436340332031,40.74457781517514,39.491926337906726,39.56708555396913,8225900
2015-05-15,40.677764892578125,40.78632890374563,40.477342456515096,40.552501666453026,5179000
2015-05-18,40.78632354736328,40.99509874914429,40.727866745717144,40.736216352099405,4221400
2015-05-19,40.92829513549805,41.04521194152983,40.644360692163914,40.73622230407455,4137800
2015-05-20,41.036865234375,41.22058848544394,40.861494777804296,40.98676121001634,3682300
2015-05-21,41.20387268066406,41.279031878414436,40.83642948369372,40.97004548128809,4193700
2015-05-22,40.94500732421875,41.27904904999024,40.8447960807505,41.00346414838006,3454700
2015-05-26,40.585899353027344,41.112013771661324,40.41052894203498,41.00344977100358,3879600
2015-05-27,40.92829513549805,40.97005273048087,40.577554274374414,40.8113815151235,4348600
2015-05-28,41.13706588745117,41.23728028170669,40.786325064527524,40.81972986261269,5980600
2015-05-29,40.585899353027344,41.1370657773297,40.52744254936322,41.07025936699508,8667200
2015-06-01,40.869842529296875,41.08697057717591,40.56085604571562,40.72787688585544,5055100
2015-06-02,40.869842529296875,41.07861778305727,40.35208079195523,40.62766565603457,5138100
2015-06-03,40.80303955078125,41.02851722616479,40.702828312496734,40.88654838507538,3309600
2015-06-04,40.6527099609375,41.06190759677202,40.527443558163775,40.903239580828,4687000
2015-06-05,40.46064376831055,40.61096220197867,40.09319729238515,40.577557397684096,3542400
2015-06-08,40.45227813720703,40.56084212388377,40.25185574635693,40.393821341071046,4353000
2015-06-09,40.23516082763672,40.5274448626407,40.09319202087975,40.51909525549361,3402000
2015-06-10,40.50238800048828,40.66105600251977,40.335367206653906,40.38547440050122,5614900
2015-06-11,40.97004699707031,41.1287150045662,40.51073900179338,40.66941019494606,7101200
2015-06-12,40.64436340332031,40.88654345348333,40.61931139318532,40.84478904137253,3692100
2015-06-15,40.143306732177734,40.38548679830077,39.85102264248281,40.33537958907121,4807100
2015-06-16,40.48569107055664,40.53579827117146,40.001334207241804,40.14329983049814,3919700
2015-06-17,40.56085205078125,40.7028208658974,40.36042961087959,40.502395240338494,3724400
2015-06-18,41.70494079589844,41.88866402651027,40.62766297858937,40.66106459589005,7971800
2015-06-19,41.66319274902344,41.84691600769873,41.53792949728305,41.671545543867495,9367200
2015-06-22,41.78010940551758,42.06404392319926,41.6214413342706,41.72165258002353,4627000
2015-06-23,41.65484619140625,42.147555996592374,41.496174934323456,41.93878070940602,3258300
2015-06-24,41.337486267089844,41.62977024926122,41.3207838701577,41.41264546045627,4572400
2015-06-25,41.195526123046875,41.64647815726332,41.15376853236249,41.462758138011026,3607900
2015-06-26,41.73000717163086,41.7383567817788,41.14543570587096,41.31245657975353,6780500
2015-06-29,40.92829513549805,41.629780043402555,40.886540726172456,41.37090079418955,5364300
2015-06-30,40.98674392700195,41.379239090156744,40.84477515131556,41.345834297565084,4514700
2015-07-01,41.354190826416016,41.44605242151799,40.98674763166476,41.25397962523961,3378200
2015-07-02,41.26233673095703,41.60472798405973,41.05356149892716,41.58802558321847,2740300
2015-07-06,41.537925720214844,41.85526181096119,40.853139959872486,40.93665197243011,5783800
2015-07-07,41.93041229248047,41.955467483855834,41.00344985301412,41.72163708307478,6069400
2015-07-08,41.128726959228516,41.83021197286299,41.06191734571204,41.53792787787267,5839600
2015-07-09,41.07861328125,41.696589366346046,41.07026367370394,41.588025354304065,5604800
2015-07-10,41.696590423583984,41.85525845623983,41.24563514888975,41.44606077730628,5028200
2015-07-13,41.72175598144531,42.04901782714795,41.60427769847956,41.95671254737682,5519900
2015-07-14,42.124549865722656,42.27559432221638,41.70498264236097,41.797287943667556,4253700
2015-07-15,41.377716064453125,41.94832768010288,41.23506156001893,41.82245624683997,6612000
2015-07-16,41.76372528076172,41.82246444084786,41.570724726043814,41.80568136638837,3830400
2015-07-17,41.872806549072266,41.93154569917727,41.495195440508944,41.55393459061395,5408700
2015-07-20,42.0070686340332,42.23363530301756,41.93993634646288,41.96510935377992,5416600
2015-07-21,41.75533676147461,42.183297204916975,41.75533676147461,41.88120823332107,6399800
2015-07-22,42.779075622558594,42.87138092799231,41.33576328532736,41.84763583288235,10392300
2015-07-23,42.96369552612305,43.41682901387365,42.745518720445475,43.07278392896183,6098500
2015-07-24,42.837806701660156,43.190244783119184,42.66158926145235,42.66997919625316,5982700
2015-07-27,42.535736083984375,42.66999750571212,42.13295181880115,42.493779989890356,5484200
2015-07-28,42.74549865722656,42.99724149962534,42.502152151174,42.87137007842595,5734900
2015-07-29,42.84621047973633,42.93851258964512,42.59446755857569,42.779078180481704,3530700
2015-07-30,42.60285186767578,42.83780846428717,42.40985134888163,42.75389630865269,3665000
2015-07-31,42.535736083984375,42.904957394519265,42.46021383419722,42.85460816097956,5573500
2015-08-03,42.37629699707031,42.72034205256911,42.0742080310627,42.70355897656375,3506600
2015-08-04,42.38468551635742,42.636428446970065,42.20007808856431,42.586079220638666,3487700
2015-08-05,42.359500885009766,42.795851123729875,42.28397866674968,42.77906805288947,5032800
2015-08-06,42.225242614746094,42.80424419648945,42.01545901542758,42.39307013440964,6213200
2015-08-07,42.04902648925781,42.32593918457216,41.42806560717956,42.29237624041306,4351800
2015-08-10,42.510555267333984,42.93851247023738,42.283988559545996,42.30916157117437,3729300
2015-08-11,42.28399658203125,42.393084988191745,41.948344626141385,42.10777906511071,4033300
2015-08-12,42.032230377197266,42.367885323009915,41.302184551253966,42.31753612082518,5395100
2015-08-13,41.82246780395508,42.04903452581108,41.62946723371724,41.97351228519241,4130000
2015-08-14,42.14973831176758,42.21687062859314,41.72178099566229,41.805693190649194,3776400
2015-08-17,42.275596618652344,42.30076962908742,41.746940992207435,41.965114551747526,3216600
2015-08-18,42.3259391784668,42.46020055821519,42.16650479034177,42.21685400813884,3288200
2015-08-19,41.82246780395508,42.09938055219392,41.461639676670835,42.0742075390025,6000600
2015-08-20,40.72319030761719,41.5455416132779,40.7064072359453,41.45323952064795,5977400
2015-08-21,39.54841232299805,40.63928660013944,39.54841232299805,40.30363149899858,9305900
2015-08-24,36.67018508911133,38.440759724554994,35.856223448863176,37.34988211146358,18430700
2015-08-25,35.998863220214844,37.84495614347234,35.98208014987062,37.65195563607881,14575400
2015-08-26,36.905128479003906,37.022606776314845,35.49538250918562,36.80443325288647,12675400
2015-08-27,38.29811096191406,38.642156094704276,37.484149198538006,38.264544802362536,14260400
2015-08-28,38.61697006225586,38.69249229527441,37.93726996508891,38.27292504540337,9191600
2015-08-31,38.00441360473633,39.12885429804399,37.86175903265918,38.524676253566724,7470200
2015-09-01,36.56108474731445,37.341479978223745,36.3932572307991,37.10652337572843,9000500
2015-09-02,37.12329864501953,37.29112292521844,36.603033133065445,37.18203778329774,7517600
2015-09-03,37.03938293457031,37.57642830835523,36.87994858955383,37.358254825646206,6426200
2015-09-04,36.14151382446289,36.678559261020126,35.847818101671685,36.502341827345404,7057100
2015-09-08,36.955482482910156,36.97226555627914,36.50234910507932,36.63661049098727,5452400
2015-09-09,36.275779724121094,37.34987073167596,36.18347442796365,37.224002492315215,5251200
2015-09-10,36.18348693847656,36.48557593906017,35.8142688272326,36.09957474988992,6952400
2015-09-11,36.42683792114258,36.4520109383073,35.864619197497774,36.19188122481877,5699500
2015-09-14,36.225425720214844,36.594646856048506,35.998862279099264,36.586253720574135,4461300
2015-09-15,36.762489318847656,36.85479143933592,36.17509443722057,36.31774578792073,5105600
2015-09-16,36.80443572998047,36.997436260130115,36.55269604722196,36.7373034406882,4982300
2015-09-17,37.12329864501953,37.886910643679215,36.745687612486066,36.796033616128554,7323700
2015-09-18,36.35969543457031,37.01421924846605,36.28417320980975,36.61982505237824,9063900
2015-09-21,36.33450698852539,36.770857117845466,36.08276739112145,36.628205853032206,5052100
2015-09-22,35.64642333984375,35.95690212288001,35.201683201896415,35.94012225442893,7283400
2015-09-23,35.41146469116211,35.81424873226106,35.32754934861461,35.663204316718584,6280300
2015-09-24,35.19328308105469,35.36950367524475,34.773716030107735,35.24363227954364,7322100
2015-09-25,34.28702163696289,35.65481118801299,33.91780056492525,35.43663451798298,10025100
2015-09-28,32.776588439941406,34.18633438581266,32.7262392272162,34.18633438581266,17219300
2015-09-29,33.14582061767578,33.6912594525618,32.75142628472605,32.944426881412454,12287500
2015-09-30,33.7499885559082,33.92620602191005,33.18776681065542,33.431116569063995,10750300
2015-10-01,34.203125,34.23669115236103,33.71642859494287,33.85907994091056,7897000
2015-10-02,34.723388671875,34.748561684110854,33.708033430757155,33.775165731445135,8457500
2015-10-05,34.731781005859375,35.05904299168767,34.42130209636131,34.924781582090304,8789300
2015-10-06,33.473079681396484,34.6898255279395,32.96120704794397,34.61430328364249,11689300
2015-10-07,34.094032287597656,34.328988900220715,33.57376664386979,34.01011692520101,9158500
2015-10-08,34.538780212402344,34.58912944107638,33.607340288721794,33.859080030003014,9859100
2015-10-09,35.15134811401367,35.226870356554286,34.35416959853927,34.463257993552276,10400200
2015-10-12,34.88282775878906,35.0338722545329,34.65626101517331,34.93317699105191,6067700
2015-10-13,34.53678894042969,34.93347353689888,34.44395081028238,34.57899189551798,5527100
2015-10-14,34.367977142333984,34.89126074941928,34.31733554695196,34.57897896031073,6417200
2015-10-15,35.33858108520508,35.473622110417224,34.52833493393219,34.66337595914434,7822000
2015-10-16,35.63398361206055,35.67618332647357,35.16133843959195,35.61710308236897,6163500
2015-10-19,35.57489776611328,35.76057712421872,35.3132544265416,35.54113671204635,5531200
2015-10-20,35.22886657714844,35.63398970006531,35.08538366007216,35.5158291916686,5882700
2015-10-21,35.617095947265625,36.16569856399806,35.127570343171165,35.90405845527209,8858800
2015-10-22,36.71431350708008,36.77339375400367,35.2457395501588,35.794345522600146,12440000
2015-10-23,36.798709869384766,37.01815352790334,36.45266707215014,36.731190972662546,9582700
2015-10-26,36.807167053222656,36.98440785292524,36.64680356999675,36.781847858874585,5716400
2015-10-27,37.0350341796875,37.119433605777814,36.71431056520719,36.74807162349601,5743600
2015-10-28,37.777767181396484,37.78620905780401,36.83247986060138,37.102561952257126,6158300
2015-10-29,38.18288803100586,38.267287465112304,37.81152279382063,37.92124463386463,6887700
2015-10-30,37.81153106689453,38.26729583790647,37.7777699980123,38.14069343941446,8442300
2015-11-02,38.3432502746582,38.40233052558853,37.642722699866866,37.879046923220386,5477800
2015-11-03,38.41077423095703,38.52049609123657,38.01409295394005,38.284175056449214,3933800
2015-11-04,38.13224411010742,38.58800875356651,38.0225222767639,38.58800875356651,6506600
2015-11-05,38.13224411010742,38.41076480135564,37.88748125866104,38.05628333619757,5107000
2015-11-06,38.51205062866211,38.545808470785936,37.684923933435186,37.887483864706404,6586300
2015-11-09,38.02252960205078,38.37701435513447,37.87060802496241,38.37701435513447,5946000
2015-11-10,38.621768951416016,38.69772972996364,38.03096647341452,38.05628565971972,5520600
2015-11-11,38.03940963745117,38.71461484921622,38.01409044814511,38.70617619265834,4298600
2015-11-12,37.29667663574219,37.94656255959527,37.27135745027776,37.819963412641194,6013900
2015-11-13,37.10256576538086,37.44017002446323,36.67212339370203,36.67212339370203,6797500
2015-11-16,37.87904357910156,37.88748223436138,36.967514268709145,37.05191691946691,6362900
2015-11-17,37.786216735839844,38.12381780919271,37.651175662572065,37.88749673588239,5794300
2015-11-18,38.65553665161133,38.71461690955792,37.94657033661966,37.95501221325922,5691000
2015-11-19,38.59644317626953,38.883405710724865,38.377002753277324,38.58800452215238,6830300
2015-11-20,38.83277130126953,39.14505629503223,38.68929161735052,38.8496518322539,7140700
2015-11-23,38.3516845703125,38.90872917263178,38.19976302244071,38.84964892841851,4593800
2015-11-24,38.36012649536133,38.46984832888655,38.0056418099844,38.07316392896356,4638600
2015-11-25,38.32637023925781,38.528933401950404,38.216648391981316,38.30105105128333,3080700
2015-11-27,38.334808349609375,38.48672991455789,38.24197025514724,38.334808349609375,1678000
2015-11-30,37.91279983520508,38.4360865891367,37.91279983520508,38.35168394190654,7827000
2015-12-01,38.36855697631836,38.419198554763966,37.92967295534987,38.16599710179823,5593200
2015-12-02,38.16600799560547,38.58801161087884,38.08160534077155,38.343248741308585,4840400
2015-12-03,37.262916564941406,38.37700573354883,37.1447528607046,38.28416443289292,6857400
2015-12-04,38.23353576660156,38.28417737124624,37.37264780543903,37.482369672352746,6438500
2015-12-07,38.45297622680664,38.596455931635774,38.22509385475518,38.4614148837126,5559900
2015-12-08,38.444522857666016,38.613324922016446,38.11536060298004,38.25040161053407,5199000
2015-12-09,37.94656753540039,38.571134355686375,37.819968371845796,38.309490932928455,5544400
2015-12-10,38.24197769165039,38.520498468462115,37.9803342301085,38.047856369719106,4953200
2015-12-11,37.44016647338867,37.870608804241485,37.381086216597744,37.786209357292314,5236400
2015-12-14,37.81996536254883,37.836845893606075,37.10255728096018,37.51612224278254,6173500
2015-12-15,38.47828674316406,38.75680743313067,38.10692474999799,38.14912446427998,5828000
2015-12-16,38.86653137207031,38.94249214974679,38.191326248074944,38.63021038357993,7576500
2015-12-17,38.199764251708984,39.01001360630962,38.19132559639203,38.90029176939763,5792200
2015-12-18,36.883121490478516,38.01409145757914,36.883121490478516,37.94656932479344,13044400
2015-12-21,37.17007827758789,37.29667742722857,36.7733938588567,37.17851693304447,5453300
2015-12-22,37.541439056396484,37.60896117635711,37.110996810359076,37.330437260967344,4367300
2015-12-23,38.064720153808594,38.132242269416565,37.66803899332264,37.752438418200924,4353000
2015-12-24,38.064720153808594,38.23352222319684,37.92967914222433,37.92967914222433,1462900
2015-12-28,38.005638122558594,38.09004076309354,37.828397406882495,37.91279682778591,2742900
2015-12-29,38.67240905761719,38.78213089344355,38.12380309811728,38.216644403844825,4071200
2015-12-30,38.20820236206055,38.84964635080226,38.157560776252666,38.69772481301024,4912000
2015-12-31,37.904361724853516,38.402326081954236,37.89592306982516,38.07316380210715,4192400
2016-01-04,36.233238220214844,37.1785256140394,35.87031477783321,37.08568428417906,12227500
2016-01-05,36.224788665771484,36.46111287886627,35.96314848576121,36.25854972758961,8245200
2016-01-06,35.92094802856445,36.2754295114585,35.625543573187414,35.70994622599457,5906000
2016-01-07,35.060054779052734,35.600218793619405,34.94189430332021,35.17821525478526,7151400
2016-01-08,34.325767517089844,35.363899092605415,34.21604891124804,35.33013803559335,7477700
2016-01-11,34.376407623291016,34.519890499602006,33.844682266943295,34.41016867885025,7839700
2016-01-12,34.99253845214844,35.119140822580334,34.49457406521874,34.595857249417065,7328900
2016-01-13,34.21113967895508,35.40869934104509,34.109220603869474,35.23034014965804,5754400
2016-01-14,34.90760040283203,35.09445478204267,34.09224114073968,34.26210846366301,7326800
2016-01-15,34.431983947753906,34.754728373861376,33.76100964514283,33.845941706760485,10464800
2016-01-19,34.338565826416016,35.09447239075509,34.08376633415978,34.90761791778989,7997300
2016-01-20,33.939361572265625,34.211147998553955,33.191950519947596,33.74401528086775,11279900
2016-01-21,33.53168487548828,34.12621895014996,33.32784665785859,34.12621895014996,10089500
2016-01-22,33.99882507324219,34.1432134789435,33.7525207763765,34.1432134789435,8854600
2016-01-25,33.6845703125,34.109237110811875,33.61662530954438,33.99882283606463,5304600
2016-01-26,34.10923767089844,34.34705004507388,33.676078955085934,33.85443823571752,5360400
2016-01-27,34.37252426147461,35.238844731543224,33.888404475252415,33.93087049791317,10530700
2016-01-28,31.179039001464844,32.69934708508698,30.576012858782626,32.62290692334198,23544400
2016-01-29,32.14727783203125,32.1642648940766,31.15355900200886,31.162050913056138,16124300
2016-02-01,32.65687561035156,32.8777009075358,30.72039291526895,30.72039291526895,14252500
2016-02-02,32.17277145385742,32.89470402706012,32.121810249650004,32.27469062232031,9632400
2016-02-03,32.29166030883789,32.62289985801075,31.510271798013274,32.470019567630935,6914000
2016-02-04,32.28316879272461,32.461531311541755,31.875489052479338,32.087822453020664,5103800
2016-02-05,31.773571014404297,32.57194346137041,31.52726348376185,32.470024332810006,5750200
2016-02-08,31.816038131713867,31.96891844973733,31.162050824602566,31.586717654678672,7802000
2016-02-09,31.42533302307129,32.08781197974679,31.314918783642202,31.391358912485494,8691600
2016-02-10,31.603689193725586,32.42754347620065,31.527249072259348,31.91794482639188,7909400
2016-02-11,30.864784240722656,31.297942966401198,30.59299773834579,30.949716307733922,7724000
2016-02-12,31.535749435424805,31.55273649188817,30.915736454285714,31.17053582133675,6424800
2016-02-16,32.266178131103516,32.28316194838959,31.527255721113825,31.535750869706746,7960200
2016-02-17,32.65687561035156,32.750302819143094,32.478516342631565,32.588927371248495,6358900
2016-02-18,32.5379638671875,33.03057555663619,32.461523731244625,32.563442832518525,5617800
2016-02-19,32.724830627441406,32.82675301729715,32.39359096028865,32.546471305120896,5735000
2016-02-22,33.25990676879883,33.32785501835399,32.72482564337995,32.72482564337995,4946300
2016-02-23,32.60591506958008,33.166475093356944,32.529474919067304,33.04756891254828,6144300
2016-02-24,33.29387283325195,33.39579194295959,32.24919304888596,32.42755230086184,7054800
2016-02-25,33.65908432006836,33.667576228684936,33.09852439282804,33.31085774769104,7608300
2016-02-26,33.56565856933594,33.871419131882675,33.31085918053033,33.53168445350852,8741400
2016-02-29,32.90317916870117,33.83744466460129,32.90317916870117,33.41277794101942,8463400
2016-03-01,33.404293060302734,33.51470409890023,32.95414403542978,33.04757125266663,9693900
2016-03-02,33.41278076171875,33.6081270822635,33.20893929161321,33.421272671329284,7498100
2016-03-03,32.97113800048828,33.03059110755127,32.35112471258049,32.75031263710453,13516200
2016-03-04,33.27688217163086,33.43825434785647,32.954134579229894,32.996600600347186,7419200
2016-03-07,33.27688217163086,33.45524140429334,33.05605367790135,33.12400190364881,5955800
2016-03-08,33.26838302612305,33.540172656506655,33.02207883725716,33.081531907667824,7704200
2016-03-09,33.361820220947266,33.455247428197524,33.13249977768308,33.34483316145174,6196000
2016-03-10,33.14949035644531,33.87142588187215,32.97113107273246,33.47223804122379,8716900
2016-03-11,34.287601470947266,34.355549723925364,33.19196343125921,33.33634860891112,11786400
2016-03-14,34.398014068603516,34.55089439032671,33.96485531702171,34.23664183565164,5707800
2016-03-15,33.88841247558594,34.26211809915426,33.59114376688219,34.109237789523895,5309200
2016-03-16,34.126216888427734,34.24512304818639,33.78648222630313,34.092242774225305,5393000
2016-03-17,34.21964645385742,34.321565563577636,33.5741511990792,34.14320631157974,6089900
2016-03-18,34.64431381225586,34.77171189170328,34.092245748133266,34.27910015259633,10143900
2016-03-21,34.618839263916016,34.62733441506217,34.34705274635452,34.465962182744676,4054800
2016-03-22,34.84814453125,34.95855876828825,34.26210571610746,34.39799891555861,6652300
2016-03-23,34.63581848144531,35.111446399426384,34.55937833819746,34.68677965692725,4087600
2016-03-24,34.61033248901367,34.73773378188554,34.2790930154862,34.516905306234236,4261000
2016-03-28,34.72074890136719,34.822667998078096,34.491428503805395,34.627321712736496,3328000
2016-03-29,35.22185516357422,35.27281309115446,34.57636000132781,34.61033411301438,4127000
2016-03-30,35.37474060058594,35.62104484646723,35.238847373911746,35.3322713347908,3433000
2016-03-31,35.52761459350586,35.671999703797844,35.255824948342415,35.37473433557934,5168400
2016-04-01,35.8333854675293,35.892838563734365,35.128440223975964,35.2728253890595,3972900
2016-04-04,35.943790435791016,36.241055839793226,35.80789721682574,35.96077749315541,4407800
2016-04-05,35.70597457885742,35.8928257114738,35.57857328120797,35.68049237535778,6582700
2016-04-06,36.563804626464844,36.657231825000636,35.655018087898554,35.655018087898554,6261000
2016-04-07,36.190093994140625,36.4448933471534,35.87584156675652,36.241051920773444,4901300
2016-04-08,35.986263275146484,36.46189125158546,35.7739298777997,36.33448991719719,4920300
2016-04-11,36.079681396484375,36.41941604260812,36.062694340183214,36.07118948830865,3948800
2016-04-12,36.36846160888672,36.58079499204927,35.97776896145569,35.97776896145569,5100200
2016-04-13,37.04351806640625,37.103334330561644,36.470990035278376,36.633348000879884,4140700
2016-04-14,37.18025207519531,37.30843168353792,36.98371239954807,37.06916655835742,3118700
2016-04-15,37.09480285644531,37.21443542445466,36.89826317189524,37.197344591918615,3620400
2016-04-18,37.55624771118164,37.607516951989325,36.89826528962317,36.89826528962317,4268800
2016-04-19,37.470794677734375,37.60751809026508,37.16316944434776,37.5989743031196,7786600
2016-04-20,37.57333755493164,38.094596554366504,37.180254913882706,38.00914238903278,8693500
2016-04-21,37.49644088745117,37.87242954049023,37.24862862852488,37.41098669829865,6171500
2016-04-22,37.667335510253906,37.744239369446404,37.35970703451153,37.35970703451153,4691800
2016-04-25,37.607521057128906,37.76988236339133,37.43661922279051,37.607521057128906,4136800
2016-04-26,37.49644088745117,37.81261323795547,37.39389586046815,37.73570609759021,3372700
2016-04-27,37.45370864868164,37.59897585435116,37.334072805506054,37.53915956263507,5035100
2016-04-28,34.53978729248047,35.62503092582165,34.172345729134435,34.24925286093794,54527700
2016-04-29,33.240909576416016,34.50560183931698,32.96746277685597,34.4970547932253,30646800
2016-05-02,33.19818878173828,33.42891018508569,32.83074394600837,33.19818878173828,21292300
2016-05-03,32.941829681396484,33.18109811055995,32.65129200721071,33.15546022830534,18241600
2016-05-04,32.55727767944336,32.8649060339155,32.471826807530796,32.77090811896659,13975300
2016-05-05,32.899105072021484,33.095644789074726,32.557294884258916,32.711109142777715,16531000
2016-05-06,32.44620132446289,32.81364604457806,32.2240237794086,32.6598318240767,11399900
2016-05-09,32.45474624633789,32.967461419205826,32.36929534739799,32.56583502275404,11156200
2016-05-10,32.55727767944336,32.7281826830103,32.283830977632974,32.7281826830103,11228200
2016-05-11,32.48037338256836,32.71964171202433,32.38637871928226,32.642734616796,10598300
2016-05-12,32.47182846069336,32.617095602288735,32.06165838709575,32.591460991358254,10395400
2016-05-13,32.130027770996094,32.52311039133824,32.01894225152866,32.35220532941682,9337900
2016-05-16,32.68547058105469,32.82219398773604,32.130029907806176,32.130029907806176,10178500
2016-05-17,32.22402572631836,32.72819386625746,32.08730232869468,32.65983379731709,8357100
2016-05-18,32.25820541381836,32.55728680912223,32.03603112869873,32.25820541381836,10603000
2016-05-19,31.822402954101562,32.198391487058075,31.523318277204893,32.095849752568654,8221300
2016-05-20,32.130027770996094,32.28384200075108,32.02748603774041,32.08730232045147,7807600
2016-05-23,31.933490753173828,32.25821007192394,31.84803984496005,32.232575451408444,7126700
2016-05-24,32.45474624633789,32.53165335928094,31.984759782682747,32.036032277892396,8678000
2016-05-25,33.05291748046875,33.12982460542343,32.49747677138015,32.52311465286061,16141100
2016-05-26,33.23237228393555,33.28364479630502,32.93329077780681,33.02728875394554,12446000
2016-05-27,33.58271789550781,33.6681720613981,33.257998584610945,33.360543583679295,12339400
2016-05-31,33.864707946777344,33.898886349548526,33.44599073033852,33.608351997408334,15887000
2016-06-01,33.75361633300781,33.85615805217766,33.582711294563076,33.642527569057364,11554800
2016-06-02,33.77926254272461,33.8732605091215,33.62544828130127,33.753627919068585,12758500
2016-06-03,33.48017120361328,33.78779963582601,33.343447818156804,33.77070880517612,10841200
2016-06-06,33.47163009643555,33.651082220223685,33.36908835408748,33.53999343116307,9157100
2016-06-07,33.26654052734375,33.56562191271713,33.25799348219444,33.42889852801178,10202700
2016-06-08,33.24945831298828,33.37763794550316,33.02728397767175,33.24091452536757,9134000
2016-06-09,33.215267181396484,33.39471926774771,33.129816290556874,33.215267181396484,10093100
2016-06-10,32.813655853271484,33.070011877489726,32.668385375043464,33.04437399324731,7926100
2016-06-13,32.35219955444336,32.94181849009328,32.34365251001435,32.745278844876644,11065900
2016-06-14,32.18130111694336,32.377840802430775,31.99330521789322,32.36074996981321,9613200
2016-06-15,31.98476219177246,32.36075073906743,31.95912757210826,32.25820900066755,7716300
2016-06-16,32.04457473754883,32.07875639960713,31.51477201461598,31.924942180087477,10267500
2016-06-17,31.95058250427246,32.121487585351005,31.81385909135829,31.9591295511852,9900000
2016-06-20,32.25820541381836,32.53165219230839,32.25820541381836,32.36929418624954,7707300
2016-06-21,32.241111755371094,32.625647272571186,32.215477140805234,32.47183306569115,8841100
2016-06-22,33.104190826416016,33.19818552842601,32.23257780798889,32.23257780798889,10868100
2016-06-23,33.864707946777344,33.864707946777344,33.317814385525395,33.36053983379644,10755500
2016-06-24,32.394935607910156,32.95037632699863,32.394935607910156,32.7880150270916,16525000
2016-06-27,31.57459831237793,32.112948251522155,31.412236995952988,32.05312869406725,12802100
2016-06-28,32.0958366394043,32.112927464793685,31.668575783894482,31.856568343694487,8379700
2016-06-29,32.95891571044922,33.11272994257481,32.429112944096055,32.429112944096055,8366500
2016-06-30,33.59126663208008,33.59126663208008,32.958918811648445,33.027282147800314,10425000
2016-07-01,33.78779602050781,33.933063175874224,33.463076792390375,33.59125637867792,6904600
2016-07-05,33.70235061645508,33.80489561597509,33.50581092365642,33.5912650899231,10029300
2016-07-06,34.89013671875,34.93286216912088,33.53999032077837,33.557081152875305,13177200
2016-07-07,35.3430290222168,35.52247785267205,34.86449554792686,34.89013342352232,17624400
2016-07-08,35.79592514038086,36.120644404780734,35.51393458267931,35.54811298439826,11071800
2016-07-11,35.99246597290039,36.15482724024376,35.889924244928565,35.91555886198583,9052300
2016-07-12,36.291561126708984,36.44537539302289,36.009567218552256,36.18047232109478,8266200
2016-07-13,36.085201263427734,36.55808266887958,35.9820246340108,36.317343759883364,7920200
2016-07-14,36.35173797607422,36.472107448076244,36.12819513947361,36.40332629828457,9011900
2016-07-15,36.196983337402344,36.56669151900936,36.136798589682385,36.45492171885674,7693500
2016-07-18,36.18837356567383,36.30874301668825,35.94763466364498,36.15398135686355,7524200
2016-07-19,35.93904113769531,36.10240251766174,35.767083343962184,36.05941060936187,8462800
2016-07-20,36.66987228393555,36.90201160548584,36.196987384939796,36.798838209260914,13686500
2016-07-21,37.00518798828125,37.33190428704159,36.80743761382428,36.86762236779714,11456400
2016-07-22,37.116943359375,37.19432419578057,36.80742329357456,37.01377000410818,10204500
2016-07-25,37.323299407958984,37.34909193100681,37.03097212073495,37.039571814965804,11525900
2016-07-26,37.486656188964844,37.503852296993465,37.28030945226589,37.3061019743977,8664800
2016-07-27,37.546836853027344,37.74459043398755,37.17713204990573,37.4608596020357,15188200
2016-07-28,38.21748352050781,38.827930716113556,37.77039446349684,37.84777532489918,18284700
2016-07-29,38.475399017333984,38.793518716557536,38.054102702291004,38.15727931811044,13423200
2016-08-01,38.939697265625,39.18903591939211,38.44961965226059,38.47541217512534,12152400
2016-08-02,38.75053787231445,39.36958457211226,38.56998367814739,39.30939984072324,10352700
2016-08-03,38.647369384765625,38.7677388627089,38.544196015074576,38.75054275445668,7783100
2016-08-04,38.52699661254883,38.76773554785086,38.50120081246504,38.74194302758907,6583500
2016-08-05,38.91389465332031,39.04286380472021,38.57857879546668,38.690351841358485,6555300
2016-08-08,38.707550048828125,39.04286592489063,38.58718058355666,38.741942261711955,7657900
2016-08-09,38.7591438293457,38.845121093847595,38.68176297936503,38.750544135002066,6486200
2016-08-10,38.52699661254883,38.93969333584745,38.41522355837774,38.75913913437093,6026000
2016-08-11,38.73334503173828,38.810725875736786,38.47540997835064,38.5613872362058,5756200
2016-08-12,38.7247428894043,38.77632792455766,38.303446516662405,38.53558901431753,6686300
2016-08-15,38.81932830810547,38.88810946327765,38.561389956698214,38.86231694006588,6525600
2016-08-16,38.6215705871582,38.75913944250676,38.535593332387386,38.70755112175105,7584400
2016-08-17,38.415225982666016,38.81072662414183,38.208875968083476,38.81072662414183,8630300
2016-08-18,38.14009094238281,38.46681039902627,38.04551399863166,38.41522208066513,6548800
2016-08-19,38.03691482543945,38.097099552582705,37.529641211073724,37.97672681847456,9439100
2016-08-22,37.97673797607422,38.14009938044875,37.65002172697036,37.89936040114641,6518400
2016-08-23,37.744590759277344,38.19167640407326,37.744590759277344,38.148687778206956,7400600
2016-08-24,37.116943359375,37.91654424229193,37.03096610995629,37.79617478117701,7578500
2016-08-25,36.833213806152344,37.830564932264636,36.34313629555192,37.11694133763707,38568600
2016-08-26,36.95359420776367,37.21152929820219,36.1883853515396,36.73005133733632,18670500
2016-08-29,37.18572998046875,37.460861130655246,36.927794937146665,36.970783564396676,9223200
2016-08-30,36.82461929321289,37.28030461749704,36.59247678466573,36.97937768575584,12176200
2016-08-31,36.12819290161133,36.953586326917446,36.05081206300001,36.859009381967844,12445800
2016-09-01,36.36892318725586,36.403315391758774,35.88744544349971,36.04220380412051,10739200
2016-09-02,36.18837356567383,36.49789688532323,36.01641580144398,36.42051605541088,7208200
2016-09-06,36.248565673828125,36.3861312572653,35.93904229113893,36.196977350105854,7079100
2016-09-07,36.02503204345703,36.36034803384753,35.91325895338584,36.23997852753536,11063600
2016-09-08,35.98202896118164,36.214171485554544,35.8100744511176,36.214171485554544,7694300
2016-09-09,35.25981140136719,35.74989228569856,35.25121498717505,35.732696177491995,10977900
2016-09-12,35.61232376098633,35.698304302842295,35.05346499812294,35.122246151785404,7759600
2016-09-13,34.94169235229492,35.45756577014502,34.80412676349936,35.44896607594523,6930000
2016-09-14,35.087860107421875,35.285610450259185,34.86431395999008,34.98468344868908,7707800
2016-09-15,35.35438537597656,35.47475484345227,34.95028834656843,35.070657814044125,6099900
2016-09-16,35.999237060546875,36.13680268231845,35.10506215894321,35.20823555531611,15790200
2016-09-19,35.83586502075195,36.42051950664272,35.758484183506944,36.14538836973199,7552700
2016-09-20,35.74989318847656,36.1110016304665,35.74989318847656,36.06801299877565,4866700
2016-09-21,36.04220962524414,36.11959045796278,35.474751278581365,35.784274609455906,5461300
2016-09-22,36.3001594543457,36.532302026259266,36.145397739736666,36.248571122868455,5829700
2016-09-23,36.27435302734375,36.47210332036998,36.153983568964456,36.32594134371563,6912300
2016-09-26,35.83586502075195,36.128192263697336,35.7756802895416,36.11959257076907,6378200
2016-09-27,36.39473342895508,36.40332984358294,35.73269798864657,35.86166388699917,5964900
2016-09-28,36.36032485961914,36.56667151611852,36.03360549370399,36.32593265692892,5228300
2016-09-29,35.62952423095703,36.32595194604339,35.47476251649339,36.205582452532276,6785700
2016-09-30,36.36032485961914,36.51508649190416,35.84445165872875,35.88744355200201,7451000
2016-10-03,36.5838737487793,36.60966954503073,36.00781901636794,36.16258067459041,5947400
2016-10-04,36.196983337402344,36.79023767896014,35.99063656802614,36.52370288204122,5870700
2016-10-05,36.74724578857422,36.80743053096572,36.394733748928665,36.403330163632106,7218700
2016-10-06,36.94499206542969,37.01377321496689,36.38613005626262,36.704249842494185,7250200
2016-10-07,36.94499206542969,37.13414268652359,36.60107647827732,36.970784586528374,7249800
2016-10-10,37.40068817138672,37.641427183636175,37.02238354073428,37.0997644060749,8285100
2016-10-11,35.3887825012207,37.40068135349834,35.26841301703851,37.40068135349834,23896100
2016-10-12,35.45800018310547,35.83870959161421,35.319560098132115,35.51856751398932,6403900
2016-10-13,35.45800018310547,35.68296738410717,34.96480717409588,35.25034170598143,6544700
2016-10-14,35.29360580444336,35.93388999943758,35.27630038016349,35.62239896374431,8819000
2016-10-17,35.12055587768555,35.43204692238432,35.085945028125174,35.241690550474566,7252700
2016-10-18,35.62239074707031,35.830052489857216,35.04267402043722,35.12054676139838,9604900
2016-10-19,34.61870193481445,35.80409855374595,34.558134609838,35.059981931839076,19299600
2016-10-20,35.25033950805664,35.310906835164,34.610052092057984,34.61870315278542,8725900
2016-10-21,35.04269027709961,35.13786848250311,34.74850459706741,34.964817500012465,7276400
2016-10-24,34.96480178833008,35.406078459751086,34.87827798630132,35.293598177248,6998800
2016-10-25,34.774444580078125,35.1378518008486,34.73983704054825,34.9734519602283,6598400
2016-10-26,34.575439453125,34.85231959143593,34.40238854151277,34.61005029558177,7196700
2016-10-27,34.86098098754883,35.068639482852994,34.66197355426889,34.68793004101384,6583200
2016-10-28,34.212032318115234,35.12919645296712,34.18607253835833,34.82635986139741,12519600
2016-10-31,33.952457427978516,34.21203211934031,33.93515200846489,34.116853962351016,8241700
2016-11-01,33.788055419921875,34.04763009458963,33.43330259438603,33.9524552443926,8078500
2016-11-02,33.485233306884766,33.93516447754712,33.485233306884766,33.788070007968805,6323200
2016-11-03,33.20834732055664,33.87459124777859,33.13912562910255,33.6236675672654,7529400
2016-11-04,33.82267379760742,34.12551043545979,33.234302643489855,33.26891348800778,8748100
2016-11-07,34.48892593383789,34.57544976511358,34.21204571294855,34.29856954422425,6458800
2016-11-08,34.46296691894531,34.67927978195449,33.952468430216754,34.281261605506614,6654400
2016-11-09,34.67062759399414,35.93389400105284,33.89189991804149,35.907937512078604,13102900
2016-11-10,35.13785934448242,35.35417219117274,34.88693565016035,35.059986587647025,9716400
2016-11-11,34.73118591308594,35.02537148083791,34.523527453891425,34.93884767295215,5729000
2016-11-14,33.917850494384766,34.75714198307148,33.83132338685358,34.705229019224426,11193400
2016-11-15,34.44565200805664,34.5581322893621,33.78805923722248,33.99572098082049,9264700
2016-11-16,34.566795349121094,34.826370118440856,34.30722057980133,34.43700631412508,8894100
2016-11-17,34.94749450683594,35.04267266440222,34.61004707595281,34.61004707595281,6582600
2016-11-18,34.471614837646484,34.973458917714176,34.43700399055987,34.87828403923406,7015100
2016-11-21,34.40239715576172,34.722542577642784,34.298567903064516,34.48026992045273,8614700
2016-11-22,32.96608352661133,34.272615246872334,32.71516307959522,34.10821533599273,16242500
2016-11-23,33.72751235961914,33.85730144062107,32.793042198694934,32.91417691393757,9568900
2016-11-25,33.883235931396484,33.926497830076606,33.69287961639839,33.81401755364255,2733000
2016-11-28,33.51983642578125,33.93515664888683,33.48522558202119,33.93515664888683,5727800
2016-11-29,33.51118087768555,33.7621045350518,33.45061355358633,33.62366446558622,7338500
2016-11-30,32.940120697021484,33.528491915988084,32.940120697021484,33.528491915988084,14916800
2016-12-01,32.53346252441406,33.13913937314655,32.34310939531258,32.98339380345324,9008500
2016-12-02,32.793033599853516,32.94877913594757,32.53345550591505,32.602677211144666,7252800
2016-12-05,33.2515983581543,33.26890377536105,32.87088908161817,32.97471828418787,9514700
2016-12-06,33.242958068847656,33.44196880061853,33.06991042488169,33.260263493378694,6136100
2016-12-07,33.29487609863281,33.30353046169094,32.37770835414344,32.99203940504653,10888600
2016-12-08,33.46791458129883,33.56309273543768,32.88819459730364,33.165078000558104,7046900
2016-12-09,33.917850494384766,34.03898514425676,33.55444324409711,33.58905408710958,7802500
2016-12-12,33.917850494384766,34.18607627605229,33.79671584451277,33.917850494384766,7771700
2016-12-13,34.12550354003906,34.32451090479789,33.891885337755795,34.013023269091335,7483300
2016-12-14,33.58905792236328,34.42835280755372,33.459268896582806,34.1082074241411,11284100
2016-12-15,33.684234619140625,33.7880638547935,33.11316887204196,33.537140176349816,9229400
2016-12-16,32.96608352661133,34.03034586326804,32.8622542623056,33.762116688082706,15107500
2016-12-19,33.173736572265625,33.42466025351581,32.93146725280858,33.07855839657266,10153500
2016-12-20,33.0439453125,33.32082545903116,32.896854178699186,33.22565059045684,6992900
2016-12-21,33.08721923828125,33.121826790215685,32.79303359246682,33.0439540221862,9190600
2016-12-22,33.130470275878906,33.17373217709707,32.80167388541216,33.009335632199445,7980900
2016-12-23,33.242958068847656,33.44196880061853,33.06991042488169,33.165088609466316,4625600
2016-12-27,33.398704528808594,33.69289015277037,33.28622421719992,33.29487527937277,6633700
2016-12-28,33.06991195678711,33.54579960108263,32.94877728013069,33.42466492442621,6828500
2016-12-29,33.14777374267578,33.320821337348534,32.97472284733174,33.13911938253937,7050800
2016-12-30,33.23430252075195,33.6323173292228,33.09586244386332,33.16508413264353,10445600
2017-01-03,33.788055419921875,33.814015197858396,33.173727919718274,33.42465153552123,9677300
2017-01-04,34.0562858581543,34.376427860087226,33.79671117278513,33.79671117278513,22644500
2017-01-05,34.35047912597656,34.39374103317951,33.72749710010395,33.95246429863437,12080100
2017-01-06,35.28496170043945,35.46666705786957,34.315880763729126,34.35049162235135,14628900
2017-01-09,35.25033950805664,35.52721966073936,35.14650697529679,35.29360141303736,10992500
2017-01-10,35.72623062133789,36.011761863177504,35.28495056485107,35.310910350961656,9256300
2017-01-11,35.77413558959961,36.07021822225596,35.26033947188357,35.74800811107611,10699400
2017-01-12,35.46062088012695,35.5215794401828,35.103576461803144,35.5215794401828,8633400
2017-01-13,35.64348602294922,36.01794753658519,35.43448293455115,35.486734537148514,9533300
2017-01-17,35.61737060546875,35.73928771939582,35.29515729352755,35.41707440745462,8272700
2017-01-18,35.49545669555664,35.79154259324154,35.27774657437636,35.74800123340405,7195100
2017-01-19,35.18195343017578,35.46932903426085,35.04261909928764,35.39095326551175,7160200
2017-01-20,35.234195709228516,35.50415738258053,35.1384027502329,35.277737057319634,5908000
2017-01-23,35.12971115112305,35.31258688616568,35.007793994427956,35.11229393988184,7351900
2017-01-24,35.103572845458984,35.26903130256624,34.9381110663597,35.11227978657325,7773700
2017-01-25,35.103572845458984,35.242907157231414,34.1804809537216,34.62460803437372,16890200
2017-01-26,35.669620513916016,35.808954839283174,35.22549338993081,35.234200331894606,9410200
2017-01-27,35.70445251464844,35.97441420518856,35.61736981292176,35.80024547974306,7033600
2017-01-30,35.713165283203125,35.826375471513586,35.50416543616055,35.582541209299684,13811600
2017-01-31,36.375003814697266,36.39242102129234,35.35611882183652,35.46932900370826,12318200
2017-02-01,36.862674713134766,36.897505803462906,36.08762398796862,36.14858254853336,11948800
2017-02-02,37.228431701660156,37.2632661192441,36.44467391598594,36.86268028300746,11836900
2017-02-03,37.25454330444336,37.5593393726412,37.04554351332829,37.39387760585067,11642200
2017-02-06,36.949764251708984,37.22843295779738,36.775595479905476,37.07168139537353,8735200
2017-02-07,37.350337982177734,37.42871373795862,37.010710814457894,37.071669366510584,8697300
2017-02-08,36.923641204833984,37.211016863225204,36.819137945425254,37.15005828956667,6731400
2017-02-09,37.04553985595703,37.254539626438316,36.853953964689644,36.92362276951104,5138400
2017-02-10,37.219722747802734,37.27197104936351,36.993302367730315,37.219722747802734,3692400
2017-02-13,37.637725830078125,37.637725830078125,37.32422273224428,37.4461398654035,5672400
2017-02-14,38.01218032836914,38.08184582475835,37.41129839680267,37.45483974729494,8458800
2017-02-15,38.316978454589844,38.386647282700075,37.811889416768366,37.8815582448786,7946400
2017-02-16,38.491146087646484,38.49985302991171,38.09056030359676,38.316977344409764,8975500
2017-02-17,38.9178581237793,38.92656838850773,38.39535518782321,38.46502069568745,9632000
2017-02-21,39.19652557373047,39.318446022168146,38.787232838092166,38.88302581515407,11387800
2017-02-22,39.19652557373047,39.28361160832881,39.02236014851887,39.08331871174144,7534600
2017-02-23,39.536155700683594,39.63194535472327,39.05719082052268,39.21394235912216,9459400
2017-02-24,39.77998733520508,39.77998733520508,39.38810851447452,39.44036013123602,7608600
2017-02-27,39.588401794433594,39.67548782324648,39.35327449962728,39.63194314784387,6142600
2017-02-28,39.25748062133789,39.56227338436395,39.03977055575015,39.544856180477886,14211400
2017-03-01,39.70161056518555,39.797403532491835,39.353273106252175,39.51002463057297,8886300
2017-03-02,39.7886962890625,39.919323676575765,39.49261042309256,39.62323781060583,11164100
2017-03-03,39.40553283691406,39.67549458928329,39.28361569777728,39.55357412815362,6789600
2017-03-06,39.30103302001953,39.51874314681912,39.06590568443683,39.179115880530624,6001300
2017-03-07,39.187801361083984,39.32713563304375,38.90042255654698,39.022342951253975,6476300
2017-03-08,39.50132369995117,39.588406416939875,39.11815177241838,39.21394475430158,6398500
2017-03-09,39.736446380615234,39.8322393513089,39.49260882194255,39.5013190858196,5691000
2017-03-10,39.8148193359375,39.91931924114166,39.63194034934011,39.85836068627322,6105900
2017-03-13,39.64936447143555,39.8670745830898,39.38811300184897,39.75386771686431,7040500
2017-03-14,39.01365661621094,39.405535534544256,38.987532462319756,39.35328390476877,7504500
2017-03-15,39.46649169921875,39.53616053466675,39.0659058613715,39.15298858368858,6844400
2017-03-16,39.17039108276367,39.51001822304907,38.856888084964325,39.33584952182814,6704200
2017-03-17,39.353271484375,39.42294030208728,38.98752015736176,39.27489572544472,12277400
2017-03-20,39.17039108276367,39.388101128791924,39.07459813099258,39.3532667241494,3521600
2017-03-21,39.01365661621094,39.51874573806124,38.83948783895245,39.31845280691157,5567100
2017-03-22,39.022361755371094,39.24877881066504,38.830775793358214,39.13556862202172,5198900
2017-03-23,38.98753356933594,39.179119561959496,38.83078199755179,38.93528193807681,3952800
2017-03-24,38.95267868041992,39.31843326305792,38.83946853317585,38.97880282132569,4753200
2017-03-27,38.92657470703125,39.013657436494896,38.65661293050484,38.77853008055122,6914700
2017-03-28,38.92657470703125,38.99624022620353,38.543402724607546,38.96140912761398,5377400
2017-03-29,38.90043258666992,39.0484771574191,38.63918117463294,38.90043258666992,4186900
2017-03-30,38.79594802856445,38.89174102599193,38.63048951063998,38.865616871054705,4411600
2017-03-31,38.67403030395508,39.03107481145144,38.60436478448889,38.60436478448889,7146500
2017-04-03,38.72627639770508,38.84819353083327,38.386649149135756,38.68273171702267,7955000
2017-04-04,38.47373580932617,38.795945883041355,38.325691188218286,38.77852867338201,5399200
2017-04-05,38.14281463623047,38.787238091570984,38.05573191182989,38.46502470290423,7762300
2017-04-06,38.029598236083984,38.15151868115554,37.75092957704822,38.15151868115554,6067300
2017-04-07,38.1689338684082,38.273433779520325,37.94251351867428,37.986054871471644,5327800
2017-04-10,37.959938049316406,38.28214810858444,37.916396688116876,38.168941233864246,4321300
2017-04-11,38.18335723876953,38.20087763651391,37.806605183343805,37.86793660238411,4871900
2017-04-12,38.095733642578125,38.19211252934429,37.84164445788755,37.95554708245768,4778900
2017-04-13,37.386051177978516,37.64014045697587,37.1407254422914,37.149488985601636,11427000
2017-04-17,37.94679641723633,38.008127843801496,37.07062936080585,37.38604669357868,8068500
2017-04-18,38.05192947387695,38.19211604690885,37.64012995333447,37.75403258839524,10131200
2017-04-19,38.192115783691406,38.551344083504326,37.78031626598701,38.35858629354712,13454600
2017-04-20,38.5338249206543,38.68277505121435,38.13078889588791,38.27973568413604,5871900
2017-04-21,38.13954162597656,38.53381737399274,38.05192627855575,38.49876989809991,7519800
2017-04-24,38.66522979736328,38.779129039483706,38.41114070221454,38.612658602477666,6727000
2017-04-25,38.34107208251953,38.89305830946563,38.34107208251953,38.7353479589096,6793100
2017-04-26,38.3761100769043,38.682770501489344,38.297254921132314,38.490012711310825,5591200
2017-04-27,38.244686126708984,38.56010339990787,38.20087510831254,38.516295723822864,7487300
2017-04-28,38.23591995239258,38.33229883852781,38.11325713087908,38.26220388777084,6014100
2017-05-01,38.095733642578125,38.253443940502535,37.95554708245768,38.17458879154033,5119100
2017-05-02,38.200870513916016,38.349820605464615,38.034400027889745,38.253441724282176,6166100
2017-05-03,38.3060188293457,38.33230276741795,38.104500838731525,38.20963993333206,4579700
2017-05-04,39.068275451660156,39.068275451660156,38.30601131626631,38.3322952491834,6551400
2017-05-05,39.112098693847656,39.15590638025597,38.971912091953705,39.05953080708257,5893200
2017-05-08,39.14714431762695,39.339902139428524,39.10333663330261,39.1646680598191,6320100
2017-05-09,39.138370513916016,39.22598920190453,39.04199497059544,39.120850118629505,4943100
2017-05-10,38.98942565917969,39.16465970139108,38.87552303039558,39.16465970139108,5253300
2017-05-11,38.42868423461914,38.89305166396036,38.358589271987825,38.89305166396036,7071600
2017-05-12,38.51629638671875,38.70029063482931,38.43744123148401,38.46372851143659,5775800
2017-05-15,38.586402893066406,38.7528734518065,38.46374002427765,38.481260426408184,4223500
2017-05-16,38.27973937988281,39.06829110648049,38.03441366152453,39.06829110648049,7159300
2017-05-17,37.74527359008789,38.27973261892783,37.71898630896933,38.27973261892783,5989300
2017-05-18,37.657649993896484,37.92049937472443,37.57003464772424,37.82412048854823,5225100
2017-05-19,37.81536102294922,37.955547584925505,37.68393465883526,37.80660082508688,5883000
2017-05-22,38.31479263305664,38.43745551069865,37.76280634135487,37.91175650871497,5802200
2017-05-23,38.270973205566406,38.70029314567837,38.218401984561964,38.29725714491277,4672400
2017-05-24,38.13954162597656,38.36734687696869,38.025642342791755,38.36734687696869,4585400
2017-05-25,38.507530212402344,38.55133788244292,38.06068328797988,38.358580123491194,4473400
2017-05-26,39.173423767089844,39.29608660605503,38.402399252933925,38.481251070287236,8624100
2017-05-30,39.42750930786133,39.515124658287576,38.73533667563525,38.95437839401226,8119700
2017-05-31,40.00577163696289,40.08462677414544,39.585212019426194,39.6027357546124,10449800
2017-06-01,40.391292572021484,40.391292572021484,39.83930983396001,39.883117510301346,7385500
2017-06-02,40.741756439208984,40.78556411100398,40.43509939433294,40.59280968664379,6885700
2017-06-05,40.84689712524414,40.96079975023633,40.6366189554399,40.80308945172753,7810600
2017-06-06,40.61909484863281,40.916991705075766,40.58404737321335,40.81185262112861,6048300
2017-06-07,40.79433059692383,40.829374731504046,40.505193926035375,40.6366202932231,4358400
2017-06-08,40.93452453613281,41.16232649234163,40.23358824127994,40.794337945624626,8364400
2017-06-09,41.43393325805664,41.451456997030355,40.88194717847465,41.0133735496218,9117300
2017-06-12,41.328792572021484,41.81068705839953,41.328792572021484,41.43393501031029,7365500
2017-06-13,41.582881927490234,41.76687618166131,41.35507999503723,41.390127474587416,7163700
2017-06-14,41.740604400634766,41.94212245327562,41.57413383775212,41.58289403903538,6076900
2017-06-15,42.16114807128906,42.353905848675105,41.504022930903524,41.68802051036806,9366700
2017-06-16,42.2400016784668,42.388951776180406,41.880773415207265,42.21371774335135,9902200
2017-06-19,42.83580017089844,43.08112583888353,42.187438521991666,42.35390903350847,7409500
2017-06-20,42.73066329956055,43.19503072163852,42.71313955917681,42.83580239955124,8500700
2017-06-21,42.555423736572266,42.870844338079245,42.31009808753852,42.74818151356238,8271800
2017-06-22,43.16874313354492,43.44911627136377,42.50285442449157,42.58170957839758,8714100
2017-06-23,43.00228500366211,43.247610734281444,42.905906083115255,43.08990038107976,9343900
2017-06-26,42.85332107543945,43.32645198294955,42.835797337126714,43.11617046550795,5302600
2017-06-27,42.643043518066406,43.04608285206532,42.625523120437954,42.8883725349161,3893200
2017-06-28,42.47657012939453,42.94970104884413,42.36266749864302,42.870845895602535,8366300
2017-06-29,42.695613861083984,43.107413385440346,42.494095869378754,42.695613861083984,6048500
2017-06-30,42.590484619140625,42.9759969521584,42.590484619140625,42.73943142656374,4723300
2017-07-03,42.678096771240234,42.96723350589741,42.634289086619724,42.695620513550864,2454800
2017-07-05,42.93218231201172,43.019797673682945,42.634285403093045,42.68685662548286,5637200
2017-07-06,42.00343704223633,42.80951227180745,41.96839290884638,42.78322833618718,5665300
2017-07-07,42.441532135009766,42.47657962035068,42.03849608052572,42.204966622426824,4354300
2017-07-10,42.25752258300781,42.5203719434742,42.1786674406368,42.42399306476397,3479900
2017-07-11,42.18744659423828,42.432772309164584,42.09106767985661,42.23125428014481,4084400
2017-07-12,42.667598724365234,42.89666137111896,42.28876163254233,42.43853271680269,3906900
2017-07-13,42.35923767089844,42.75569205849911,42.138983739649944,42.66759183032302,7016600
2017-07-14,43.090476989746094,43.266680798788435,42.42090654835496,42.46495666041351,4111000
2017-07-17,42.95832824707031,43.19620291258992,42.9230901698444,43.090481959295154,3358400
2017-07-18,42.94071578979492,43.03762471423729,42.53544592776157,42.8966623068197,4163600
2017-07-19,43.54861068725586,43.583852125384105,42.95832836143753,42.993569799565776,6485000
2017-07-20,44.79965591430664,45.046342644738594,43.4781321013677,43.76886895340251,12331200
2017-07-21,44.79085159301758,44.87014316394233,44.48249735098199,44.6939392995752,7980300
2017-07-24,44.75559997558594,44.92299512105198,44.464866522148114,44.76441201524648,8584300
2017-07-25,44.78203201293945,44.93180307667368,44.597016151938796,44.91418235844465,5692800
2017-07-26,44.40319061279297,44.76440689899701,44.2886576359552,44.702736071655444,6057100
2017-07-27,44.147705078125,44.36795904210622,43.971501234778266,44.33271760127512,7370900
2017-07-28,43.707191467285156,44.226990889128054,43.61908787666277,44.191749452879094,5688300
2017-07-31,43.328346252441406,43.909816397577224,43.31072553764241,43.707183218600406,6036200
2017-08-01,43.30192565917969,43.44288804540609,42.92308861604466,43.354784453509346,5098000
2017-08-02,43.372406005859375,43.39883540353239,42.984760276485154,43.293114452031865,4841500
2017-08-03,43.310733795166016,43.425266782792185,43.10810057755562,43.39883402515024,4365700
2017-08-04,43.39883041381836,43.4869339972796,43.24905936314635,43.381213057934175,3334700
2017-08-07,43.4340705871582,43.50455345188245,43.25786678615555,43.398829154796076,2898300
2017-08-08,43.064056396484375,43.381222645424195,43.002385554835946,43.381222645424195,3390700
2017-08-09,42.96713638305664,43.05523660932955,42.66759090859728,42.958324343944426,4102900
2017-08-10,42.34162139892578,43.03762134053597,42.33280935869795,42.94071242369026,4652200
2017-08-11,42.76451110839844,42.967144355068726,42.34162389437234,42.50020701973323,3978900
2017-08-14,43.24026107788086,43.39003216454993,42.905474101879165,42.940715543733845,3248400
2017-08-15,43.011192321777344,43.354787955910936,43.00238364228026,43.22263759860268,2922100
2017-08-16,43.88340377807617,43.92745390150581,43.143350277707746,43.205021122671035,6492100
2017-08-17,43.425270080566406,44.1829442148796,43.390028641573096,43.72481559039235,6633100
2017-08-18,42.94071578979492,43.31954952907246,42.88785362670999,43.25787868587782,4810800
2017-08-21,43.064056396484375,43.16096867930585,42.799752309304125,42.975952793551755,4282000
2017-08-22,43.795284271240234,43.91862591638962,43.06404307750839,43.125713900083085,4018800
2017-08-23,43.733619689941406,43.839340635041616,43.504557082089576,43.65432814091418,4559000
2017-08-24,43.50455856323242,43.90982500058768,43.460508448008305,43.82172477013945,3871800
2017-08-25,43.47812271118164,43.87458044160015,43.47812271118164,43.68956795434089,4852400
2017-08-28,44.27985763549805,44.35914920089505,43.62790775184178,43.645528473131,6126900
2017-08-29,44.18292999267578,44.297459591324795,43.60145987969207,43.97148478758738,4117300
2017-08-30,44.147705078125,44.235805319393975,43.936259793947166,44.06841351665941,2926200
2017-08-31,44.87893295288086,44.97584520552775,44.14769176066775,44.315083512907435,6207800
2017-09-01,45.090396881103516,45.29303014761523,44.7644219185246,44.95824314342628,4599400
2017-09-05,44.95823669433594,45.09039041305621,44.614641058633616,44.79084489665777,4027200
2017-09-06,45.09919357299805,45.30182678564293,44.984663948986764,45.10800561226554,7719500
2017-09-07,45.363494873046875,45.478024481644695,45.046328718266835,45.284203334351865,4631700
2017-09-08,45.830440521240234,45.94497351177318,45.187299415769495,45.187299415769495,6221800
2017-09-11,46.20927810668945,46.34142845655669,45.821629014471895,46.12117451263616,3668800
2017-09-12,46.03306579589844,46.28856113035473,45.70709095999675,46.244511021850364,3759600
2017-09-13,45.81282043457031,46.103557254362386,45.71590816130629,46.02426569994714,4214100
2017-09-14,45.539703369140625,45.90091969586911,45.43398241909552,45.751148630039246,5568300
2017-09-15,45.60137176513672,45.70709607033724,45.36350048045609,45.59256308677412,6699700
2017-09-18,45.88329315185547,45.89210182892546,45.4604027147256,45.71589804025597,3371000
2017-09-19,45.29302215576172,46.0242668831467,45.25778071715818,45.94497532669301,3790900
2017-09-20,45.71589660644531,45.74232599763411,45.27538882899133,45.27538882899133,4967000
2017-09-21,45.31064224243164,45.79520025363493,45.266592125196524,45.707100019164706,5737600
2017-09-22,46.26213073730469,46.32380492532737,45.3723064012017,45.38111507902892,7979000
2017-09-25,46.35023880004883,46.50000986324543,46.08593474917883,46.21808509420966,9778100
2017-09-26,46.56167984008789,46.95813758950565,46.33261722976223,46.35904662612065,6960100
2017-09-27,45.94497299194336,46.76431791339263,45.416361522177944,46.56168133212376,8025600
2017-09-28,47.257686614990234,48.27966480078822,47.23125721664991,48.23561468328483,14861100
2017-09-29,47.01100540161133,47.38984247878692,46.94933456214634,47.257688759471264,8459000
2017-10-02,47.292930603027344,47.310551323140395,46.87004340274022,47.257689162801235,8681900
2017-10-03,47.3546028137207,47.57485678029615,47.31055269256738,47.3546028137207,4464900
2017-10-04,47.8743896484375,47.8743896484375,47.231248639418965,47.28410742650042,5629700
2017-10-05,48.3853874206543,48.55278257806182,47.88320867004903,47.900829389818696,5143100
2017-10-06,48.455867767333984,48.50872992388031,48.02416855756019,48.367767533898586,4302100
2017-10-09,48.15631866455078,48.499914254366345,48.112268551129745,48.499914254366345,3985600
2017-10-10,48.80828094482422,48.83471034568334,48.041794711820984,48.25324000112057,4943100
2017-10-11,47.962501525878906,48.76422581263596,47.85678056521005,48.68493425193213,6940000
2017-10-12,48.4361457824707,48.45385269353209,47.90495195962092,48.02004519289596,4405000
2017-10-13,48.38302230834961,48.50696729285813,48.205956597374204,48.374167165314695,4951800
2017-10-16,48.36532211303711,48.61321211646335,48.267935789620225,48.35646696877303,3725500
2017-10-17,48.74601745605469,48.89652115209937,48.16170283054596,48.32991343975738,5433000
2017-10-18,49.37458038330078,50.109398447497426,48.62205203489175,48.85223844819228,9043700
2017-10-19,49.578216552734375,49.73757537611943,49.055874493249576,49.489685374075115,4864800
2017-10-20,49.86151123046875,49.967749300820984,49.525086734231415,49.728711109592936,5528700
2017-10-23,49.6490478515625,50.18909348472739,49.64019270669606,49.7641377168404,4709000
2017-10-24,49.02931213378906,49.64018532606637,48.85224641251734,49.57821283020843,7201000
2017-10-25,49.12670135498047,49.47197767439565,48.86110106873993,49.02931503365866,6113200
2017-10-26,49.117855072021484,49.303772604132,48.763726921894104,48.993910050614474,5032600
2017-10-27,49.02045822143555,49.241789534272215,48.852247639488894,49.12669968321558,4724300
2017-10-30,48.064308166503906,48.967340318008375,47.86068376625012,48.85224709099614,7542500
2017-10-31,48.01119613647461,48.285648226854214,47.83413038065708,48.23252748693443,7676200
2017-11-01,47.80757522583008,48.31221047192284,47.46229883400331,47.710188884084346,7641900
2017-11-02,48.13513946533203,48.38303286568777,47.7721561983897,47.85183561685257,6953200
2017-11-03,49.10899353027344,49.13555220750412,48.22366826527336,48.312199440874224,4567100
2017-11-06,48.701751708984375,49.047031472723575,48.701751708984375,48.97620381536725,3133500
2017-11-07,48.83453369140625,48.92306485288312,48.40072289477596,48.82568192615749,4844000
2017-11-08,48.914215087890625,49.00274625298782,48.44499383383005,48.675176889431235,3712600
2017-11-09,49.091285705566406,49.13555129254256,48.613209260829215,48.74600939900548,3644000
2017-11-10,48.51582717895508,48.976196753646214,48.1351370186768,48.89651733923336,5032600
2017-11-13,48.9584846496582,49.0204571457127,48.303345869297054,48.41843571782812,3854500
2017-11-14,48.701751708984375,48.878817475126596,48.48042034561874,48.737165537662534,6180400
2017-11-15,48.542381286621094,48.763712581831484,48.285636173637634,48.49811232578098,4999800
2017-11-16,49.170963287353516,49.43656017659689,48.568941870536435,48.790273174447194,6866900
2017-11-17,49.18867492675781,49.32147169552496,48.88766418940507,48.94963669027934,6284200
2017-11-20,48.94962692260742,49.294903180650934,48.80797503783964,49.27719627289904,3699400
2017-11-21,49.684444427490234,49.86151012565216,49.08242308008805,49.09127822248215,4613000
2017-11-22,49.40114974975586,49.71101562285769,49.19752534144501,49.604774158066704,3552100
2017-11-24,49.69331359863281,49.74643095900367,49.34803724722928,49.44542020032526,2148300
2017-11-27,49.71101379394531,50.03858318854616,49.587065422916005,49.728717326844574,4518300
2017-11-28,49.59592056274414,49.84381055028784,49.20637867128293,49.84381055028784,6841700
2017-11-29,49.20637893676758,49.84381081921165,49.02931321160341,49.65789332755078,7277900
2017-11-30,49.90577697753906,49.985456374879895,48.96733449468861,49.28604870680454,10086300
2017-12-01,49.56052017211914,50.180248686157164,48.93193988923356,49.84382405672246,5322300
2017-12-04,48.4361457824707,49.75528194993642,48.418438871409315,49.70216121675225,4589100
2017-12-05,48.5069694519043,48.97619073621375,48.10857242878887,48.37416931844992,4321100
2017-12-06,48.39188003540039,48.7902770898606,48.09086930283578,48.5955044460694,7828600
2017-12-07,48.41844177246094,48.63977310811769,48.11743102087784,48.48041427626497,4421900
2017-12-08,48.37417221069336,48.56008970684716,48.09972353844192,48.39187912136247,5103900
2017-12-11,48.63977813720703,48.799136985536585,48.23252924803085,48.4892744344783,4273000
2017-12-12,49.312625885009766,49.46312958324157,48.83454935430565,49.09129453308176,9860700
2017-12-13,48.74601745605469,49.365742530648504,48.515830962135524,49.28606311002239,9962300
2017-12-14,48.453853607177734,48.887664493241765,48.365322427449414,48.73715743500599,5935200
2017-12-15,49.13555145263672,49.18867218352986,48.55123692180338,48.71944750375995,14655500
2017-12-18,49.932342529296875,50.038580607451365,49.0647208630844,49.15325540925282,6053900
2017-12-19,50.286476135253906,50.419276280547564,49.97661363256602,50.02973098888509,7116800
2017-12-20,50.48125076293945,50.72914077482173,49.93235000352236,50.23336075105718,11948400
2017-12-21,50.40156936645508,50.7025801021551,50.23335877604106,50.5874868680571,6154700
2017-12-22,50.40156936645508,50.746845691501115,50.251062309981066,50.41042113342508,5449300
2017-12-26,50.46355438232422,50.68488576119406,50.37502318167581,50.47240615148953,3187900
2017-12-27,50.879634857177734,50.994724689191855,50.50779655696683,50.54321037170068,5243900
2017-12-28,50.87079620361328,51.07442063846278,50.79111678325928,50.85308929050702,3387100
2017-12-29,50.525516510009766,51.14524491887682,50.525516510009766,50.994737856020706,3995200
2018-01-02,52.048282623291016,52.411265912988085,51.18951587905103,51.525940486678316,10112800
2018-01-03,52.16336441040039,52.25189896565527,51.62331882096141,52.225340287702785,5683700
2018-01-04,52.0748405456543,52.7653932873821,52.02171980504122,52.67686209694208,6240000
2018-01-05,52.225337982177734,52.31386915627638,51.91547211833683,52.26960356922706,5836900
2018-01-08,52.0748405456543,52.216492476707394,51.81809536523041,52.101399227336614,5411500
2018-01-09,52.16336441040039,52.322723232611224,51.685291321015846,52.322723232611224,7466900
2018-01-10,52.083683013916016,52.154507273579775,51.6056065965071,52.01285537700464,4340800
2018-01-11,52.439510345458984,52.44840444348599,51.85240146711394,52.17264329046555,4240900
2018-01-12,52.3416633605957,52.69748839725416,52.29718607936316,52.448409514233624,6320900
2018-01-16,51.985836029052734,52.60852811901714,51.79902942008308,52.386138329272626,7175000
2018-01-17,52.47509765625,52.57294631584651,52.15485580768257,52.270496058132714,5037500
2018-01-18,52.54625701904297,52.724169521966886,52.06589427916802,52.28828405947323,5658600
2018-01-19,52.75975799560547,53.0888939533339,52.44841023589558,52.688591629934955,7362300
2018-01-22,52.991024017333984,52.991024017333984,51.99471898790739,52.377229590824356,6841900
2018-01-23,52.68858337402344,52.99103359393326,52.46619360624853,52.94655631905798,8122100
2018-01-24,54.90359115600586,57.07411762737748,54.03182360681845,54.26310748990947,11704900
2018-01-25,56.23793029785156,57.46551947612465,55.43732570906578,56.20234711759468,15261900
2018-01-26,56.41584014892578,56.433631739286525,55.74867078069308,56.17566216255303,10242800
2018-01-29,56.317989349365234,56.46031867343719,55.90878957343445,56.12228525624176,8638500
2018-01-30,55.54405975341797,56.14896011238226,55.41062794662761,55.54405975341797,6497600
2018-01-31,55.29499053955078,55.82872461342002,55.019226011792526,55.73977006557464,7804400
2018-02-01,55.31278991699219,55.63303176376984,54.850218737579894,54.93027919927431,8101600
2018-02-02,54.87690353393555,55.5262813156004,54.83242625447336,55.330580607287,12346500
2018-02-05,52.243797302246094,55.03701189309577,52.08367641800902,54.79683056674016,11548200
2018-02-06,52.35944747924805,52.7152690717261,50.99842318605734,51.52325978045758,15214700
2018-02-07,52.190433502197266,53.24011356665731,52.03921007610669,52.12816463340717,6872700
2018-02-08,50.05549240112305,52.33276498411897,50.01101512352599,52.27939021496324,6874500
2018-02-09,50.85609817504883,51.31866936934816,49.441702295259255,50.37573878282178,8028400
2018-02-12,51.06958770751953,51.57663612217646,50.598122471217145,51.32756066049198,8234200
2018-02-13,51.27417755126953,51.40761275169144,50.53584538422314,50.829398074393985,5816600
2018-02-14,51.84349822998047,51.950247754865984,50.838298987796065,50.98952239128637,3728900
2018-02-15,52.928768157958984,52.937662256150574,51.887985606205326,52.23491312345654,3871900
2018-02-16,53.52476501464844,53.85390429781696,52.777538689786,52.875387332281036,7849200
2018-02-20,52.590728759765625,53.25789803044286,52.34165331793361,53.088883036828044,8182500
2018-02-21,52.47509765625,53.364656838537755,52.323870830693615,52.54626062626555,4793800
2018-02-22,52.47509765625,52.83981678525202,52.30607923983998,52.670798368842,5539900
2018-02-23,53.11556625366211,53.14225533075995,52.46618860091852,52.67968425071009,5190400
2018-02-26,53.845008850097656,53.89838361535501,53.13336228032555,53.249005908350554,5364200
2018-02-27,53.8628044128418,54.47660238169628,53.720475088385456,54.04071691676192,6747700
2018-02-28,53.667110443115234,54.369859661965165,53.533675200091004,53.969557326291664,8325700
2018-03-01,52.29718780517578,53.53367458859961,52.065900505695566,53.51588299683966,9711900
2018-03-02,52.8931770324707,52.95544589065377,51.976932353435636,52.0214096245095,7979200
2018-03-05,53.70269012451172,53.93397742616382,52.39504035516785,52.40393445443177,9000400
2018-03-06,54.15636444091797,54.28090218458233,53.471403457364985,53.89839146138522,6620000
2018-03-07,54.52108383178711,54.6367240837961,53.54256668204059,53.61373304641445,7726500
2018-03-08,55.037017822265625,55.10818417554807,54.52996943202298,54.5655526086642,5245800
2018-03-09,56.57596206665039,56.66492002002311,55.17046033735093,55.19714602666327,8184400
2018-03-12,56.59375,56.88730613706072,56.415837498150964,56.5670643124122,8858500
2018-03-13,56.220130920410156,56.887300187519294,56.05111253430088,56.83392542452715,6428500
2018-03-14,55.91769027709961,56.59375375692736,55.802046634211024,56.415841243267764,5162100
2018-03-15,55.67750549316406,56.157868232695776,55.615236626195,56.08670187421756,3364900
2018-03-16,56.20233917236328,56.326876892257864,55.78424534694717,55.84651420689446,11840900
2018-03-19,55.38395690917969,56.25572795245788,54.87690841275415,56.15787589290221,5286200
2018-03-20,55.73087692260742,55.82872556955372,55.286097388966176,55.57965011660216,3943000
2018-03-21,55.526283264160156,56.10449809765634,55.45512029320315,55.81983942703025,3478300
2018-03-22,54.200843811035156,55.241626474691486,54.12967744425568,54.99255097776159,5345300
2018-03-23,52.928768157958984,54.35206140652779,52.80423042288406,54.289792538990326,6000800
2018-03-26,54.325374603271484,54.39654096093829,53.08888798269975,53.62262209160596,5694700
2018-03-27,53.622623443603516,54.81463281738721,53.36465387405388,54.50328847824172,6365300
2018-03-28,52.68858337402344,54.00513039204307,52.64410609914817,53.845009487773254,8128800
2018-03-29,53.30237579345703,53.71157552888597,52.75085014144206,52.99103148830304,6656600
2018-04-02,51.78122329711914,53.453594996792724,51.265280894280295,53.21341368406849,6686500
2018-04-03,52.483985900878906,52.54625476522162,51.59442681781316,51.9502518083989,6113500
2018-04-04,52.8931770324707,53.026612239090575,51.10516494547443,51.89687190814337,7405200
2018-04-05,53.2490119934082,53.50698496486762,52.973247431496524,53.28459517431272,6644500
2018-04-06,51.2119140625,53.01771784195838,50.69597157982552,52.87538853017937,7447100
2018-04-09,51.790130615234375,52.581837651835755,51.10516971785827,51.46988880415998,5712300
2018-04-10,52.6085319519043,53.02662587297259,52.226021214203335,52.50178579520144,5178400
2018-04-11,51.99473190307617,52.52846602449575,51.78123621846907,52.16374691639932,4044900
2018-04-12,52.58466720581055,52.89751018917561,52.253943583701435,52.28969804172396,4572300
2018-04-13,52.28076171875,53.076279665147545,52.26288448953813,52.8975107827617,8223700
2018-04-16,52.97795104980469,53.210348185705385,52.665104686026574,52.736613595369846,6807500
2018-04-17,53.451690673828125,53.59470509625025,52.78130992939951,53.31761657078208,5604600
2018-04-18,53.201412200927734,53.290794929426795,51.3511617611905,52.73661451132107,12648500
2018-04-19,53.523193359375,53.65726744681375,52.91538128240199,53.20141009395018,7675500
2018-04-20,52.90644454956055,53.585765580324704,52.57572435311972,53.496379439575406,5867500
2018-04-23,52.59361267089844,53.14779322146534,52.370152386506405,52.98690154392441,4516100
2018-04-24,52.119873046875,52.88857348855862,51.54781190857137,52.81706797735381,7480300
2018-04-25,52.42377853393555,52.441652354229866,51.57462886116985,51.87853495216811,5910000
2018-04-26,53.18354034423828,53.20141757369,52.2896993300494,52.45952789524145,7372800
2018-04-27,53.23716354370117,53.353360402009976,52.86174860454226,53.174594955463405,4135400
2018-04-30,51.958984375,53.4516973832938,51.93216682323831,53.41594292076703,6096100
2018-05-01,52.575721740722656,52.62041310401035,51.44054338260633,51.574620882201884,6406400
2018-05-02,51.70869827270508,52.34332794693656,51.547806626813454,52.28075935239345,4519900
2018-05-03,51.78021240234375,51.78914931257901,50.77911137907637,51.65507520065196,5641000
2018-05-04,52.50422668457031,52.80813278899944,51.37798501120756,51.520999448013434,5833200
2018-05-07,53.02264404296875,53.415932827247374,52.68298353261342,52.72767830719293,5656100
2018-05-08,52.4774055480957,52.852820550145076,52.05730258665577,52.84388023048064,6778500
2018-05-09,53.09415817260742,53.25504982965489,52.218190968801046,52.566791832225825,4103400
2018-05-10,54.131019592285156,54.17571096645209,53.058409563612315,53.299747075793704,4791100
2018-05-11,54.75669860839844,54.79245306702729,53.82710655217822,53.82710655217822,5768100
2018-05-14,55.43601608276367,55.570090179314285,54.87289532999976,54.97121837997645,7705700
2018-05-15,54.113136291503906,55.04273177274193,53.916490175544695,54.917591165483316,5333500
2018-05-16,54.3187141418457,54.65837465257572,53.98799394993448,54.139945272528195,3588600
2018-05-17,54.57792663574219,54.66730936193804,53.96117423190051,54.345526092061064,4157900
2018-05-18,55.1589241027832,55.30193851812585,54.47066616340524,54.54217507594288,6357700
2018-05-21,55.51646423339844,55.856124763093504,55.23043539041294,55.41814117929728,4610100
2018-05-22,54.872894287109375,55.67735249005436,54.48854241345039,55.50752053069233,6802200
2018-05-23,55.27513122558594,55.39133151798253,54.720950723724805,54.720950723724805,4318000
2018-05-24,55.874000549316406,56.06170975454184,55.3198200727386,55.3198200727386,5783900
2018-05-25,55.748870849609375,55.93658008007855,55.47178227892315,55.85613424122986,3839100
2018-05-29,54.79245376586914,55.30194287376351,54.39022462549651,55.042731569730385,4967400
2018-05-30,55.48069763183594,55.999126927355,54.917576978707444,55.2214829840764,5954100
2018-05-31,54.99803161621094,55.623720952393235,54.98015438835058,55.32875521702873,6322200
2018-06-01,55.78460693359375,55.85611583778002,55.28405483348655,55.38237787187656,3595800
2018-06-04,56.32986068725586,56.41030651429938,55.6684168415944,55.70417130022104,4063300
2018-06-05,56.33880615234375,56.580143670122474,55.96339450895464,56.39243784842792,4469400
2018-06-06,56.79466247558594,56.80359938601431,56.11534135210472,56.4103105422373,4064400
2018-06-07,56.47287368774414,57.07174551083859,56.1957817549754,56.81253421666506,3834300
2018-06-08,56.55332565307617,56.67846285896738,56.16897371513424,56.320925062364104,4674900
2018-06-11,56.428184509277344,56.741027502173246,56.222601483983915,56.56225861634721,5339300
2018-06-12,56.240474700927734,56.68739520583555,55.96338617011392,56.55332110020292,4869100
2018-06-13,55.981258392333984,56.46392990306576,55.83824397994447,56.36561026495566,6189100
2018-06-14,56.27622604370117,56.517563512156734,56.07958335104797,56.18684331156178,3980800
2018-06-15,56.231529235839844,56.383483957450636,55.65053130396171,56.18683787409515,11859400
2018-06-18,56.15108871459961,56.195780080557704,55.66841377889376,55.945505703406226,3672700
2018-06-19,55.722049713134766,55.78461831219399,55.34663470904649,55.63266697440242,5302300
2018-06-20,55.543277740478516,55.8650610376124,55.45389500671143,55.60584633606202,5121300
2018-06-21,55.19468307495117,55.50752606856786,54.92653145046074,55.39132919078618,4065600
2018-06-22,55.36450958251953,55.76673870916273,55.114235196933876,55.62372428743768,4389700
2018-06-25,54.3187141418457,55.212555078700696,53.91648503831444,55.149986485899454,6012600
2018-06-26,54.354461669921875,54.6047360092282,54.06843287936261,54.202506956962935,4303800
2018-06-27,54.06844711303711,55.54328281328829,54.06844711303711,54.71201035634926,6665200
2018-06-28,54.7656364440918,54.953342228780826,54.04162403349209,54.04162403349209,4237200
2018-06-29,54.51537322998047,55.301950986845426,54.45280121253585,54.96229380490831,5807300
2018-07-02,54.5243034362793,54.54218066624603,53.916491256342134,54.193583206227096,4365200
2018-07-03,54.354461669921875,54.729873178881355,54.19357004901577,54.49747606520151,2245200
2018-07-05,54.81927490234375,54.89078041545983,54.30978235137603,54.694134287357656,4065200
2018-07-06,55.561153411865234,55.77567674051923,54.75669519157853,55.033787114062314,3647900
2018-07-09,55.81141662597656,55.98124855503655,55.543265076083685,55.62371088202474,3654900
2018-07-10,56.142154693603516,56.419243222638485,55.838248615827894,55.91869444258417,3963600
2018-07-11,55.92763137817383,56.204723317069615,55.71311144654656,55.918694468411374,3414100
2018-07-12,56.331661224365234,56.38553055899345,56.00843151635824,56.1161736106741,3736500
2018-07-13,56.61898422241211,56.96016814292094,56.31371205533688,56.34064672667707,5326800
2018-07-16,55.4697380065918,56.56512728171756,55.40688813917254,56.52023500856964,5764400
2018-07-17,56.385536193847656,56.79855045088228,55.263212609475445,55.523592503064144,7946200
2018-07-18,58.1363639831543,58.80975816056535,57.64253884633827,57.741303873701476,10650600
2018-07-19,57.265438079833984,58.333892335517056,57.02301577203345,58.0735124391691,6761100
2018-07-20,56.852420806884766,57.49888026010915,56.81650563169238,57.1128006894401,5763700
2018-07-23,56.74467849731445,56.8254859286698,56.44838344065831,56.79854783484494,4790900
2018-07-24,57.82211685180664,58.01066640636326,56.942212080422344,57.05893470112598,6545400
2018-07-25,58.56734085083008,58.68406004535382,57.57071689336436,57.60663207247628,5863900
2018-07-26,58.953433990478516,59.168918264472815,58.24412445303731,58.68407351039446,5517000
2018-07-27,58.594268798828125,59.07911338602216,58.32490841145837,58.818733504929845,4299000
2018-07-30,58.513458251953125,58.818733815927565,58.33388922616997,58.33388922616997,5108300
2018-07-31,58.845672607421875,59.05217631652791,58.594273213665105,58.693038239800934,5399400
2018-08-01,58.163299560546875,59.034223806255305,58.1004497103473,58.675078869349164,4162900
2018-08-02,57.983734130859375,58.16330318544372,57.38216683780925,57.911903768977496,4706200
2018-08-03,58.56734085083008,58.576314508018065,57.85803147613971,58.15431971610303,3945000
2018-08-06,58.57631301879883,58.80975825203128,58.324913621526875,58.44163281308319,3690700
2018-08-07,58.127384185791016,58.64814400004249,58.11841052873556,58.52244430006729,3329000
2018-08-08,58.2171630859375,58.639157830873565,57.96576371026135,58.12737857321305,4103100
2018-08-09,58.03759765625,58.423677249992274,57.98372831530166,58.17227785874049,2578500
2018-08-10,57.48991012573242,58.001689476847055,57.34625282410481,57.858035600279685,3841200
2018-08-13,56.95119857788086,57.75029256700583,56.888348719751505,57.480932117811015,4407400
2018-08-14,57.130760192871094,57.39113665909833,56.91527255955022,56.96914532414537,3246400
2018-08-15,56.98710250854492,57.0679099423352,56.627957597241526,56.96914492047378,3724900
2018-08-16,57.606632232666016,57.76824026393905,57.103826573820996,57.27442196254699,3714900
2018-08-17,58.10942840576172,58.288997443556056,57.489903580167756,57.67845312488772,4768200
2018-08-20,58.03759765625,58.47754659094061,57.80415242860778,58.36082740217933,5075400
2018-08-21,58.1363639831543,58.42367855817822,57.91189925735061,58.28002469572616,4045500
2018-08-22,58.962398529052734,59.09707874826158,57.89395098360236,57.92088565742002,5203300
2018-08-23,59.106056213378906,59.411324967757494,58.935460821155495,58.96239549358653,4428500
2018-08-24,59.348472595214844,59.49213330890684,59.07013852508642,59.1689035532197,3831200
2018-08-27,60.01289367675781,60.05778936785698,59.55499050812575,59.66272920657061,3498900
2018-08-28,59.96800231933594,60.25531692000012,59.86025677529171,60.18348655730397,4089300
2018-08-29,60.27324676513672,60.479757262030304,59.82431745461103,59.905128292566836,4446000
2018-08-30,60.174503326416016,60.43488324181653,59.932084425936985,60.10267981709045,4140500
2018-08-31,60.01289367675781,60.37203865518899,59.78842892150342,60.12063922532338,5893900
2018-09-04,60.25530242919922,60.25530242919922,59.770457872781115,59.92309221921308,4898900
2018-09-05,59.25870895385742,60.1206529893534,58.84569453164824,60.1206529893534,6545100
2018-09-06,59.106056213378906,59.438259640188534,58.55836170688071,59.267671098085266,7269700
2018-09-07,59.44724655151367,59.671711312779074,58.98036286213484,59.07014739661682,4060700
2018-09-10,59.752506256103516,60.09369013620793,59.65374123947241,59.662714895443195,3483300
2018-09-11,59.79740524291992,59.99493530973267,59.35745627145896,59.59987517610718,3185100
2018-09-12,60.129608154296875,60.264288351538035,59.79739791445125,59.79739791445125,3233600
2018-09-13,61.50332260131836,61.53923777229684,60.29121469379781,60.36304503575479,6052400
2018-09-14,61.4315071105957,61.7906520570864,61.37763776616413,61.51231797736315,4217000
2018-09-17,60.75809860229492,61.43149264965332,60.61444476758675,61.43149264965332,4255500
2018-09-18,61.42253494262695,61.56618881463446,60.838925246693385,60.838925246693385,5018000
2018-09-19,61.50332260131836,61.91633679239329,61.40455759365713,61.52127676174838,3424200
2018-09-20,61.763710021972656,61.96124006150084,61.41354562467061,61.620049320454235,5036700
2018-09-21,61.99716567993164,62.17673473695771,61.84452444632701,61.86248546210187,9331100
2018-09-24,64.1430435180664,64.3585277411057,63.13743906034977,63.55943384930336,10111900
2018-09-25,64.82540893554688,64.85235045627162,64.11610644254804,64.41239466932338,8257300
2018-09-26,65.40003967285156,65.8040802921548,64.62788731287532,64.69971081953645,8854900
2018-09-27,65.56165313720703,65.70531384767207,65.26536490958237,65.56165313720703,5493900
2018-09-28,65.8669204711914,66.06445049827776,65.3371802303581,65.34616073616716,6572100
2018-10-01,66.54930114746094,66.57623581723301,66.0285413648027,66.2709602428708,7208800
2018-10-02,66.27095794677734,66.4864489977267,65.92079355163368,66.44155331624911,6251200
2018-10-03,64.68174743652344,66.35176531800029,64.55604775513218,66.2709544656094,7477900
2018-10-04,64.48421478271484,64.5291104600059,63.81082072406072,64.4393191054238,6166700
2018-10-05,64.26873779296875,65.05885111081886,63.79287370096133,64.48422199781527,5426200
2018-10-08,64.1430435180664,64.99600675309858,63.38883846224894,64.26874321901599,5520500
2018-10-09,64.00834655761719,64.27770005339117,63.63124755346272,63.96345088326245,4812300
2018-10-10,61.880428314208984,63.936525836808954,61.75472862724822,63.792871987476296,10559200
2018-10-11,61.39558029174805,62.37424991414899,60.740147225018625,61.88042485007712,11932300
2018-10-12,62.50450134277344,63.09051057649748,61.84636641419124,62.54056419020252,10431300
2018-10-15,61.93653106689453,62.54958582523387,61.503790577646804,62.51352297141555,6674700
2018-10-16,63.96501541137695,64.17237508584823,62.47746235208234,62.70285001297977,7638700
2018-10-17,63.3159065246582,63.73061900709785,62.360258138067415,63.46916848763434,11014700
2018-10-18,61.43164825439453,62.85609964265498,60.82761109245717,62.72988312757207,10959400
2018-10-19,60.935791015625,61.89143916047513,60.61123918483297,61.422629079239066,7351600
2018-10-22,61.77424240112305,62.071755741799045,60.71942987867364,61.07103405282344,6924900
2018-10-23,61.819332122802734,62.24306205849008,60.394880345300706,60.926798842744205,7446400
2018-10-24,60.349796295166016,62.38729559515675,60.24160775248669,61.96357261247036,8126500
2018-10-25,61.007911682128906,61.60293822590571,59.80884804326966,60.58418190912726,9062300
2018-10-26,60.394859313964844,61.02594872034868,59.30398415637247,60.17848914408532,8379000
2018-10-29,60.683353424072266,61.63900149697626,59.85392873144754,61.30542538268255,7530600
2018-10-30,61.30544662475586,61.611970556302424,60.60223819046822,61.098086940608695,7994400
2018-10-31,62.15290069580078,63.027405880166086,61.774244215507444,61.93652359898024,7795000
2018-11-01,63.243778228759766,63.424085603897765,61.97258853569487,62.28812988132909,6250800
2018-11-02,63.27983474731445,64.35267521511646,62.73889891945856,63.78470084980952,5314600
2018-11-05,63.46017837524414,64.01012507047895,63.09955657665412,63.54132154711403,8558700
2018-11-06,63.974037170410156,64.01010002398701,63.306891574953475,63.40606270271831,3676400
2018-11-07,65.36239624023438,65.46156732272357,64.53297162149101,64.63214270398021,6404500
2018-11-08,65.7771224975586,65.88531103183792,64.86655458265622,64.91163485817702,4676100
2018-11-09,65.62384796142578,65.86726351894511,65.00177604580094,65.7049841878379,4247600
2018-11-12,63.613433837890625,65.7230666709939,63.46918926031707,65.56980465785699,6272700
2018-11-13,62.64875411987305,64.17237695292032,62.43238388503625,63.89289844632755,6570300
2018-11-14,62.57663345336914,63.53227493422094,62.17093153691061,63.19869872001534,5400800
2018-11-15,63.76669692993164,63.784724921130746,61.25136914298302,62.14390259051725,6849000
2018-11-16,64.94769287109375,65.20914331743802,63.43308789528533,63.541276421515875,9860800
2018-11-19,63.59538650512695,65.28128877179897,63.360981399780606,64.91164968728027,7224400
2018-11-20,62.261085510253906,63.78470830545684,62.08077813208275,63.46014952212029,8222500
2018-11-21,61.783260345458984,62.85610774015856,61.53082728277322,62.52253154830375,5789400
2018-11-23,61.40460968017578,61.91849322833098,61.15217662189392,61.25134773454536,3262200
2018-11-26,62.03569793701172,62.450410410026244,61.711139153211555,61.96357911261158,6129400
2018-11-27,62.847084045410156,62.883146890526454,61.64802023885989,61.94553355235602,6759000
2018-11-28,65.6599349975586,65.66894555162534,63.19869871508271,63.19869871508271,7915900
2018-11-29,66.04761505126953,66.44429273514764,65.24523537109894,65.29932621928985,6447700
2018-11-30,66.75982666015625,66.92210604809782,65.87630401952207,66.65163810876673,8030500
2018-12-03,66.9581298828125,67.5441388845766,66.31803007045798,66.97616473853073,6430400
2018-12-04,64.46086120605469,66.94012509859525,64.39775294573958,66.9311076676118,7620100
2018-12-06,64.49691772460938,64.49691772460938,63.0364035713692,63.640440700598894,10269100
2018-12-07,63.06346893310547,64.75838865710571,62.37829535108742,64.68626295006614,7945500
2018-12-10,63.93795394897461,64.28054750967623,62.01765403616222,63.14459205787264,5828600
2018-12-11,64.76737976074219,65.39846919037991,64.2805485801458,64.60510728606603,7567000
2018-12-12,65.38945007324219,66.58851376816529,65.35338723148318,65.64188308727152,6883600
2018-12-13,65.07392120361328,65.93940893587137,64.53299223073762,65.55174191095821,6264900
2018-12-14,63.79371643066406,64.46086188650683,63.4421122797277,64.29858251851431,5670300
2018-12-17,62.88315963745117,63.88388143785842,62.351248040302956,63.451134087025906,7257500
2018-12-18,63.180660247802734,63.91993137748802,62.486462515830745,63.874851101490314,8392400
2018-12-19,62.20698928833008,64.43382029526401,61.476735528170444,63.41506374974405,7339700
2018-12-20,61.648014068603516,62.116824129908444,60.394859558947346,61.6119512270967,11689700
2018-12-21,60.64729309082031,62.32417740469403,60.42190548818442,61.36853617056867,14240800
2018-12-24,59.10565948486328,60.4489749300907,58.99747780700413,60.241615250384456,4026200
2018-12-26,62.76596450805664,62.78399249627082,59.41219468074875,59.41219468074875,7576500
2018-12-27,63.676513671875,63.676513671875,61.116113379221495,61.67507720344025,6713000
2018-12-28,64.09122467041016,64.95671924282681,63.3790057957741,64.05516870165383,6209600
2018-12-31,65.20913696289062,65.59680387958429,64.44282055871471,64.52395678676812,6094300
2019-01-02,62.65776824951172,63.97403133266836,62.27010120679339,63.460147753091555,8737200
2019-01-03,59.70067596435547,62.098796747928205,59.051558495633664,61.97258022659725,10570700
2019-01-04,61.40460968017578,61.82833954727103,60.39487056876338,60.51207654459779,8299100
2019-01-07,62.32418441772461,62.982319317922915,61.4677141826474,61.47673161368698,9503000
2019-01-08,61.575897216796875,62.78397149331353,60.403878904646874,62.70283525606268,8905100
2019-01-09,62.603668212890625,62.973300337001504,62.0266764496802,62.143875537172065,6091000
2019-01-10,62.27911376953125,62.603672518444114,61.711132519791306,61.91849217315197,8051200
2019-01-11,62.50450134277344,62.531546758774034,61.71113245590341,61.84636641419124,6583000
2019-01-14,61.834266662597656,62.31431000842136,61.70746484601955,61.96107538935651,5122900
2019-01-15,63.82686996459961,63.87215237224442,61.91577684342383,61.96106616124835,6306900
2019-01-16,63.238155364990234,64.08954494810312,63.165695206814455,63.85405288912234,6357300
2019-01-17,63.87215805053711,64.2797412166532,63.19285968385727,63.28343832755884,5427800
2019-01-18,64.68731689453125,64.97715058531743,64.10764951295889,64.29785222470792,9404500
2019-01-22,64.7507095336914,64.91374139583557,64.02612885430129,64.2797324375968,6541600
2019-01-23,63.31966018676758,64.80505853635067,62.73998596505228,63.85403818232931,10196300
2019-01-24,64.18010711669922,64.30690891950074,62.785280375702534,63.401177807958476,6437600
2019-01-25,64.4427719116211,65.00432079519632,64.11670814881862,64.55145522576845,4824100
2019-01-28,62.54074478149414,63.97179488656366,62.395824466449604,63.872163897515776,5942500
2019-01-29,63.12040328979492,63.346836067376124,62.31430315442022,62.57695909545604,5981600
2019-01-30,64.92279815673828,65.0314883640685,63.1203954071317,63.319657332147536,8145000
2019-01-31,66.10025787353516,66.18177035460685,64.4337090775447,64.58768170413335,10421900
2019-02-01,65.53870391845703,66.33574481058446,65.18546933704533,66.1364828600076,5016500
2019-02-04,65.66551208496094,65.83760322444141,64.94998360681348,65.56588110001758,5278300
2019-02-05,66.21800994873047,66.38104184449573,65.8285452483013,66.02780722203448,4302400
2019-02-06,66.56218719482422,66.6255881055047,65.78325777207478,66.02780907768596,4851900
2019-02-07,65.88286590576172,66.17269952692119,64.75976148754108,66.10929863823564,6863600
2019-02-08,66.41724395751953,66.55310496514984,65.32131047361005,65.35754053632334,6063700
2019-02-11,66.60746002197266,66.87917518179145,66.38102726703401,66.55311837204475,4782700
2019-02-12,67.98417663574219,68.1381561800982,66.7705002343369,67.01504459978209,7039700
2019-02-13,67.36824798583984,68.17434776808106,67.07841443391241,67.96603357366472,5696300
2019-02-14,66.9969253540039,67.35015990267483,66.7886041767516,67.09655632005769,4864500
2019-02-15,68.15625762939453,68.29211866118995,67.32298676931204,67.5313010292431,8083200
2019-02-19,67.9298324584961,68.44609890877346,67.67622885627982,68.0747527512939,4503500
2019-02-20,68.4189224243164,68.44609324942445,67.5675330499747,67.7758542261019,6316700
2019-02-21,68.05661010742188,68.35550292261024,67.62186320367283,68.02943928970974,5607000
2019-02-22,68.95328521728516,69.24311880486837,68.24681627943717,68.24681627943717,5296600
2019-02-25,69.614501953125,69.78659309576535,69.05294611042228,69.18880717512883,5709600
2019-02-26,69.5148696899414,69.84999272204004,69.17974665784277,69.36089704418555,5295400
2019-02-27,69.94961547851562,70.04018720594235,69.13445611131543,69.24313942015554,5706500
2019-02-28,70.30286407470703,70.70138113690591,69.75036744397325,69.75036744397325,6762700
2019-03-01,71.18140411376953,71.3172651613431,70.35719240280177,70.6379668336552,5390100
2019-03-04,71.20858001708984,71.52558451314215,70.1669878927639,71.40783505019432,5962800
2019-03-05,70.84627532958984,71.47123189030411,70.76475595158513,71.1542205327264,6547500
2019-03-06,70.37531280517578,70.8462969077729,70.21228090968921,70.74666592107661,4182100
2019-03-07,69.56014251708984,70.60172762326916,69.38805141842275,70.36624254214253,5292600
2019-03-08,69.40617370605469,69.45146302643217,68.70876377943013,69.15257009637303,3895400
2019-03-11,70.47492218017578,70.51115224697153,69.4695602846743,69.6688221969616,4254600
2019-03-12,70.86437225341797,71.08175260969121,70.31187594070038,70.63793956493296,4241200
2019-03-13,71.20858001708984,71.68861638399473,70.71042515887925,71.2538624249946,6479200
2019-03-14,71.53462982177734,71.61614228623277,70.77381226930135,71.09987594747986,5734500
2019-03-15,72.33168029785156,72.5943431246446,71.48029092205203,71.57992188773834,11989400
2019-03-18,71.39879608154297,72.4132106588225,70.6198666538856,72.4132106588225,7671100
2019-03-19,72.42224884033203,72.68491165559867,71.57085950189389,71.71577977659784,6048600
2019-03-20,72.40413665771484,72.847942902484,71.65237828685558,72.34073576560496,5388800
2019-03-21,72.51282501220703,72.90228963667928,71.84258597596855,71.96032852376548,5899100
2019-03-22,70.6198501586914,72.4584830607287,70.36624657360757,72.28639195220204,7532900
2019-03-25,70.85533142089844,71.25384831839008,70.30283501851167,70.47491919076869,3844500
2019-03-26,71.55274963378906,72.01467438273079,71.26291598762899,71.45311867009224,3596400
2019-03-27,71.30819702148438,71.83351569339904,70.54737946980161,71.55274132477409,4101900
2019-03-28,71.95128631591797,72.15054827883567,71.29915876825291,71.69768269408831,5675900
2019-03-29,72.40413665771484,72.4494190605482,71.65237828685558,72.33167652096671,5891200
2019-04-01,72.1505355834961,73.1287198226956,71.74295248283202,73.06531892839398,4842000
2019-04-02,72.11431121826172,72.30451391621203,71.61615635921584,72.30451391621203,3717900
2019-04-03,72.00563049316406,72.45849609375,71.68862595479004,72.43132526334375,3973700
2019-04-04,71.20858001708984,72.01468012569988,70.6470242596688,71.97845005326823,4671200
2019-04-05,71.55274963378906,71.87881334949155,71.00025316608091,71.46217791502264,3434500
2019-04-08,71.11798858642578,71.47123000153954,70.60172223996823,71.47123000153954,5178900
2019-04-09,71.25386047363281,71.51652330893421,70.70136397699531,70.8643958433831,4836700
2019-04-10,71.52559661865234,71.93317290967508,71.15424349601219,71.29916381026618,5604600
2019-04-11,71.10894775390625,71.76107522547207,70.96402746681179,71.72484515369845,4432100
2019-04-12,70.94525146484375,71.70917595900193,70.77245604611065,71.2726496590431,5482000
2019-04-15,70.4814224243164,71.35448179205413,70.44504408335328,71.03617998170066,6095100
2019-04-16,69.4628677368164,71.57276349154317,69.17184787197343,70.88159564907917,6227800
2019-04-17,66.27981567382812,69.381001495581,65.80691113276993,69.28096279562388,11212400
2019-04-18,67.22566223144531,68.11691461633211,66.16162132688302,66.97102067532394,9712200
2019-04-22,67.76221466064453,67.84406073488925,66.388961594483,66.50718601454538,5810700
2019-04-23,69.20820617675781,69.49013657618421,67.68944691383248,67.87133167475497,6823500
2019-04-24,69.79935455322266,69.9084895923893,68.81716001610323,69.16275083756754,6238400
2019-04-25,71.03620147705078,71.09986185838493,69.45378132784406,69.68114082381759,6011700
2019-04-26,71.4454574584961,71.45455378258922,70.50873729231137,71.3545150329518,4286500
2019-04-29,71.18169403076172,71.5090921960356,70.5541866627033,71.44543182714678,4355000
2019-04-30,72.3548583984375,72.47308973548695,70.87247750250998,71.18168297811279,5514100
2019-05-01,71.609130859375,72.2730235102852,71.19988662230065,72.16388847578412,6702300
2019-05-02,71.6455078125,71.72736082140077,70.85430137773074,71.31810965381628,5112200
2019-05-03,71.56369018554688,71.96383825306664,71.17263150382674,71.69101097136623,5452700
2019-05-06,71.90924835205078,72.0001907466145,70.345014187099,70.40867455713959,4006700
2019-05-07,69.94487762451172,71.72737521364049,69.29917055976887,71.39088066679179,5322500
2019-05-08,69.31735229492188,69.99943066527842,69.24459560352011,69.96305231957754,4362800
2019-05-09,69.49923706054688,69.55380804830901,68.09870197462499,68.80806930785295,3736700
2019-05-10,69.52651977539062,69.71750782676409,67.7894971169153,69.3082566375553,3993500
2019-05-13,68.66255950927734,68.92629732543816,68.17146222454276,68.36244334552948,5166700
2019-05-14,69.14456176757812,69.81754386439253,68.78078522335448,68.7898815450367,5319300
2019-05-15,69.58110809326172,70.04491650936836,68.40793216021322,68.66257370751768,4385500
2019-05-16,69.6629409790039,70.36321203976834,69.27188240880649,69.59018428258102,6098100
2019-05-17,69.08997344970703,70.2176740961325,69.08087713121948,69.38099319518643,5169300
2019-05-20,68.9081039428711,69.08089935743998,68.38972463762472,68.75350117113067,4493100
2019-05-21,69.14456176757812,69.86301853434317,69.1354654458959,69.62656273982873,3819700
2019-05-22,69.35375213623047,69.6538614389741,68.98087918107262,69.24461706530234,3062700
2019-05-23,68.78076171875,69.24457682759606,68.49883828908774,69.24457682759606,5507000
2019-05-24,70.0085220336914,70.09946442228006,69.08089163009245,69.13545567555374,4866300
2019-05-28,68.85354614257812,70.9179741680408,68.82626411431878,70.05400395521609,5418600
2019-05-29,68.81715393066406,69.08998803522414,68.15326824853913,68.5443267645635,4013100
2019-05-30,69.59016418457031,69.65382454093977,68.99903527762184,69.12635599036076,3600300
2019-05-31,69.23548889160156,69.59016903587968,68.75348802570866,69.08998246909566,6570800
2019-06-03,68.85354614257812,69.83574079068035,68.60800094978302,69.34464346662924,6286500
2019-06-04,70.44506072998047,70.58147780621366,69.26279559236784,69.34464167503133,5836000
2019-06-05,71.56369018554688,71.70919668142794,70.78157282210661,70.79066220790625,5286200
2019-06-06,72.83687591552734,73.14608840033576,71.51819377510822,71.7091748958162,5966700
2019-06-07,73.42802429199219,73.80999353622367,73.02787627862142,73.20066478544412,5136400
2019-06-10,73.91001892089844,74.11919270169103,73.15519069790291,73.66447372806103,3927100
2019-06-11,73.77359771728516,74.57390049302327,73.32796819425769,74.38291938535144,3905500
2019-06-12,74.52843475341797,74.54662739735225,73.9009273068992,73.92820933433993,3332300
2019-06-13,74.83763122558594,74.87400956720236,74.34653402145298,74.55570775113263,5220400
2019-06-14,74.77397918701172,75.35601884075503,74.59208745867944,74.72850452031366,4771100
2019-06-17,74.619384765625,75.10138575729732,74.27379391238011,74.9285903306749,4095900
2019-06-18,75.86530303955078,76.01990580730781,74.50114627789684,74.98314722352762,6253000
2019-06-19,76.6928939819336,76.8474967480306,75.52881466797501,75.8471165212512,4113400
2019-06-20,77.24767303466797,77.59325700856003,76.68381892503803,77.15672367554622,6436400
2019-06-21,77.30220794677734,77.6296060884522,76.76564301031313,77.6296060884522,8855400
2019-06-24,77.03846740722656,77.60232128399642,76.97480704520892,77.1021277692442,4531600
2019-06-25,76.61104583740234,77.71146485063238,76.61104583740234,77.24765652286845,4915300
2019-06-26,75.44696807861328,76.72927886043445,75.14685190348995,76.43825900716776,5731400
2019-06-27,76.1108627319336,76.3746005647684,75.54700871637701,75.83802857701184,4111600
2019-06-28,76.48372650146484,76.62923989687557,75.5924812391862,76.22908499795666,16436700
2019-07-01,76.83841705322266,77.28404668269452,76.16543485518191,77.06577656025306,4527600
2019-07-02,77.25674438476562,77.2658407062467,76.52919825086572,77.07485958590573,4023300
2019-07-03,77.88426971435547,77.89336603711872,77.2294732446268,77.34770462516526,2437500
2019-07-05,77.68419647216797,77.75695318131112,76.97483590417654,77.44774757514529,3784700
2019-07-08,77.38407135009766,77.5568667798223,77.02030172314602,77.5568667798223,3591100
2019-07-09,77.54776000976562,77.638709342711,77.1385157653512,77.2658365053228,3126000
2019-07-10,77.64779663085938,78.10251552948145,77.4386298230307,77.92063074541652,4315900
2019-07-11,78.00247192382812,78.20254933682509,77.47500330774258,77.89334383561837,3653600
2019-07-12,76.60581970214844,77.99334562902253,75.82077378773243,77.847287335902,5667200
2019-07-15,76.5053939819336,76.8979168755994,76.1402622371258,76.5053939819336,5177700
2019-07-16,75.91207122802734,76.89793694654507,75.67472996040111,76.77926979495366,3886700
2019-07-17,78.28545379638672,79.18916683384138,77.9842137957543,78.40412093401044,9381400
2019-07-18,80.11116027832031,80.18418247698189,77.88381955470048,78.72363403708542,8311600
2019-07-19,79.86469268798828,80.63148501101908,79.8281781045635,80.59497042759432,5824000
2019-07-22,80.39412689208984,80.9783461758476,79.66384930517103,79.74600884180992,6566100
2019-07-23,81.0057373046875,81.02399807636827,79.90119740909074,80.4215179708916,4049100
2019-07-24,80.86880493164062,80.96009485614104,79.95596140218387,80.74100739467215,3879100
2019-07-25,80.33024597167969,80.75928362697596,80.09290465853701,80.57671070746437,4671200
2019-07-26,80.1020278930664,80.89620435202661,79.6912510486232,80.64973267380537,4177700
2019-07-29,80.83230590820312,80.89620468347708,79.76427357227539,80.38500751684128,3623900
2019-07-30,80.61319732666016,80.99659684241087,80.19329020411638,80.4945301934768,2864700
2019-07-31,79.50868225097656,80.69538180755832,78.84231027207557,80.49455508588038,6197200
2019-08-01,78.57757568359375,80.38500204075449,78.17592228669416,79.58170221139902,7022000
2019-08-02,78.3402328491211,78.6871108894456,77.35436014784906,78.45890000291654,4756400
2019-08-05,75.91207122802734,77.48215624805314,75.23656200204834,77.34523529023362,6253800
2019-08-06,77.4638900756836,77.49127426287595,76.38673460464935,76.50540173729702,4422500
2019-08-07,77.22654724121094,77.59168597988707,75.13613510084328,76.49627672830084,5502600
2019-08-08,78.10289001464844,78.75100808369226,77.60083025299426,77.69211321289107,6439300
2019-08-09,79.07051849365234,79.46304153688232,77.98423233494614,78.16679827691365,5102700
2019-08-12,77.28135681152344,78.97011639095768,76.98011669634485,78.86057263149858,3650800
2019-08-13,79.31697845458984,79.50867477149171,77.57345083070493,77.883814306324,4808300
2019-08-14,76.62407684326172,78.7875112332511,76.59669265570881,78.394988294627,4106200
2019-08-15,76.62407684326172,77.34522396140565,76.24067732419365,76.824903504573,4952600
2019-08-16,77.390869140625,77.6647249704749,76.92531701565741,77.35435456568214,5786300
2019-08-19,78.10289001464844,78.62321054694803,77.89293990333012,78.31284709041019,4579800
2019-08-20,77.17178344726562,78.51366438697214,77.11701507076906,78.458889046033,3322400
2019-08-21,77.50040435791016,77.72861520291906,76.94356933893306,77.63733225780396,3894300
2019-08-22,77.01660919189453,77.87467735264313,76.35023036743723,77.51866894207274,3207000
2019-08-23,74.78927612304688,76.90707298787407,74.26895555173634,76.53280377045994,6228400
2019-08-26,75.87556457519531,75.93033296404286,74.87143101669587,75.41001237665867,3521200
2019-08-27,76.35936737060547,76.86142716429713,75.96684435000239,76.51454910877686,4845200
2019-08-28,76.87968444824219,76.91619902576308,75.82078259346696,75.94858013256831,3889500
2019-08-29,77.4273910522461,77.69211652233372,77.1078971967761,77.5917031728369,3758600
2019-08-30,77.88380432128906,78.15766014715017,77.2539401004743,78.02073223421961,3627900
2019-09-03,76.73362731933594,77.2630782548735,76.00335665100754,77.07138194327067,4060600
2019-09-04,76.87968444824219,77.3178454496058,76.47803105995592,77.13527952644488,3673100
2019-09-05,78.41326904296875,78.65061033630789,77.19005495986164,77.59170838482878,4356400
2019-09-06,78.54106140136719,78.89706983561798,78.13940800295349,78.71450390785378,4451300
2019-09-09,76.87968444824219,78.89706784627752,76.56019060048881,78.81490830574462,4444600
2019-09-10,75.95768737792969,76.20415895999848,73.95855839545767,76.16764439360158,5613100
2019-09-11,77.15351867675781,77.19003324734233,75.08136728829264,75.263933176773,4458900
2019-09-12,77.78338623046875,78.49540297687426,77.50953738578184,77.6190741378796,3517500
2019-09-13,76.9253158569336,77.9203188569203,76.57843784686607,77.86555047755253,3633200
2019-09-16,76.09464263916016,76.59670940220624,75.79340258133251,76.59670940220624,3991200
2019-09-17,76.29546356201172,77.13527793432733,75.95770895024759,76.13115144878098,3578300
2019-09-18,76.35022735595703,76.82490986095685,75.62908017814641,76.29545897631975,2767500
2019-09-19,75.97598266601562,76.90708015667254,75.85730853019106,76.52368748195761,3392900
2019-09-20,76.29546356201172,76.56931244110069,75.64734549439142,76.23156479377995,7130100
2019-09-23,75.91207122802734,76.42326137573605,75.88468007202,76.15853591654592,2279900
2019-09-24,75.25482940673828,76.70624740312107,75.05400269830805,76.36849972480117,3525400
2019-09-25,75.63822174072266,75.81166425446274,74.94445865020633,75.21831451774919,2795100
2019-09-26,75.45564270019531,76.11288413214936,74.93531524934546,76.02160118030375,3265200
2019-09-27,74.70709991455078,76.07636500358089,74.32370736108852,75.8025161644403,3396600
2019-09-30,76.37760925292969,77.03485764661862,75.02660485651823,75.02660485651823,4340900
2019-10-01,74.70709991455078,77.38173133370064,74.6432011556404,76.70622917315632,4436700
2019-10-02,72.59844207763672,74.44238983850364,71.904679071062,74.30546192129975,5547100
2019-10-03,74.00421905517578,74.05898743417741,71.90467631050343,72.34284423584513,3956000
2019-10-04,74.84402465820312,75.14526463654471,74.20503709606226,74.21416747964773,3390100
2019-10-07,73.97685241699219,74.83492770196172,73.91295363818242,74.30547669785523,2673200
2019-10-08,71.66734313964844,73.53866808388021,71.66734313964844,73.53866808388021,5924200
2019-10-09,72.57106018066406,72.85403944457055,72.0050946884077,72.397617682428,4008500
2019-10-10,73.15528869628906,73.44739838228706,72.1785462808166,72.1968000892471,5085000
2019-10-11,72.98115539550781,74.53921520378258,72.90784044557105,73.98931462124777,4423000
2019-10-14,73.15528869628906,73.49439741400538,72.78868600001613,73.03614579175542,4228500
2019-10-15,75.13494110107422,75.84064554186241,73.96181104267087,73.96181104267087,6429100
2019-10-16,74.95162963867188,76.70215408508665,72.99948036436805,74.56669997765948,10707400
2019-10-17,75.50151824951172,76.06975265405788,74.66750411547808,74.71332507226133,4172800
2019-10-18,75.8772964477539,76.36304199732443,75.18075209754277,75.52902776883039,5219800
2019-10-21,74.8324966430664,76.32639452077737,74.7133467376795,76.19808461679558,5487900
2019-10-22,73.8151626586914,75.40987614118357,73.77850169454211,74.97911855288442,4764000
2019-10-23,74.48421478271484,74.78666252823304,73.69602843410995,73.95264822096244,4308300
2019-10-24,74.56671142578125,75.23575494039663,74.42923452792321,74.77750327578016,4470900
2019-10-25,74.8324966430664,75.12577742250554,74.31009003617905,74.64919178568861,4872800
2019-10-28,75.7581558227539,75.96894763733809,74.93330156655327,74.96996253264712,4768800
2019-10-29,76.482177734375,76.86711433464856,75.41903781838084,75.56567467228608,4614900
2019-10-30,76.99542999267578,77.0687449289587,75.97811095788322,76.36304059473339,3534800
2019-10-31,76.62882232666016,77.30703264134688,75.9964329701059,76.77545918199297,4614000
2019-11-01,75.7581558227539,77.25205348116526,75.71232786704553,77.06874865069605,5119100
2019-11-04,75.35489654541016,76.26223278351453,75.35489654541016,76.10642891287974,5508000
2019-11-05,75.46487426757812,75.97812084251488,74.14511434205548,75.95062686378637,8238800
2019-11-06,76.17976379394531,76.47304459712534,75.5015462552942,75.61152917862393,4489000
2019-11-07,76.42720794677734,76.60134580750449,75.98729028817684,76.18891513615576,6020400
2019-11-08,76.74798583984375,76.88546273592438,76.23474621966584,76.37222311574646,3462800
2019-11-11,76.76631164550781,76.89462153688595,76.35388100119408,76.35388100119408,3139100
2019-11-12,77.29788208007812,77.70114575458088,76.67466657201386,76.67466657201386,3701400
2019-11-13,77.18790435791016,77.37120220983415,76.31722208035903,76.94961155651707,3976900
2019-11-14,77.09626770019531,77.34372053890611,76.69300397095377,77.06876672490215,4474200
2019-11-15,78.55349731445312,78.55349731445312,77.35288022426374,77.60033303960125,5453500
2019-11-18,77.22454071044922,78.72760499267241,77.00457496741953,78.55346719419789,5812300
2019-11-19,77.25206756591797,77.57284233726799,76.89463182179001,77.55451534706181,4152100
2019-11-20,76.88545989990234,77.65532629413707,76.25307039667723,77.29788358056602,5416200
2019-11-21,76.69298553466797,76.80296843230387,75.48320163013017,76.72964650054661,5211400
2019-11-22,76.74798583984375,77.0046056499327,75.87731048527544,76.94045069741047,3964600
2019-11-25,77.43534088134766,77.7286215782012,76.87627346041381,76.90377442555042,5704000
2019-11-26,78.28771209716797,78.42518899395878,77.27955984131106,77.58200761577775,8764100
2019-11-27,78.28771209716797,78.79179172127914,78.04942626792035,78.79179172127914,2865400
2019-11-29,78.31519317626953,78.49849800591447,77.75612568248997,78.17772329449119,2410900
2019-12-02,77.45370483398438,78.56267311666247,76.96795914736306,78.42519620722702,3801100
2019-12-03,77.31621551513672,77.37120347313878,76.31722332645444,76.61050408974039,2912400
2019-12-04,78.0677490234375,78.214385910993,77.38953855971754,77.44452651850523,3953400
2019-12-05,78.12272644042969,78.2876972868968,77.28871221110889,78.01275053769434,3279900
2019-12-06,78.34268188476562,78.73677846637281,78.25102598810469,78.51681270522239,4104600
2019-12-09,76.86713409423828,78.28771001023358,76.83047312324697,78.0127632163467,4227000
2019-12-10,77.49950408935547,77.5636590301302,76.76630576512481,76.87628166795915,3904900
2019-12-11,77.82029724121094,77.9394401509414,77.1787407466585,77.55451044962902,2937500
2019-12-12,78.79179382324219,79.07590762312131,77.5728426941388,77.7011526032691,4155200
2019-12-13,79.14006042480469,79.47000217998293,78.61765381116673,78.61765381116673,3872000
2019-12-16,79.18587493896484,79.82742435820369,79.0942260208399,79.68994748483415,3843700
2019-12-17,79.79075622558594,80.01072200016532,78.81926519446631,79.3508386611544,5368500
2019-12-18,79.67161560058594,79.98322330152847,79.37833488519611,79.8090924655045,5831100
2019-12-19,80.05654907226562,80.05654907226562,79.2683558007433,79.4974815891541,4643700
2019-12-20,79.42416381835938,81.78873655622863,79.39666285114502,81.5596107759897,11606500
2019-12-23,80.05654907226562,80.15736497855552,79.07589097756191,79.10338495339295,4067800
2019-12-24,79.99239349365234,80.17569831833852,79.71744674516923,80.07488241285215,1067700
2019-12-26,79.99239349365234,80.21235229091165,79.6257908366441,79.92823855310321,2033100
2019-12-27,80.10237884521484,80.42315355779873,79.75410316381151,80.18486077458029,2508100
2019-12-30,79.5524673461914,80.45980340565403,79.37832952955269,80.21234366702392,2706100
2019-12-31,79.60747528076172,79.72661818964174,79.06673471075064,79.27753354131617,3261100
2020-01-02,79.68992614746094,79.6990931345282,78.63595338268416,78.87423910753398,4969000
2020-01-03,78.71846771240234,79.43333916612359,78.44351392603329,78.59015781006086,4747000
2020-01-06,79.13087463378906,79.14920861159064,78.09522864364091,78.47099827257165,5631700
2020-01-07,78.69095611572266,79.09421971415473,78.39767540568943,78.6084672013326,3408100
2020-01-08,79.0117416381836,79.42417228198157,78.75512185574821,79.03923561596386,5693900
2020-01-09,79.22254180908203,79.4425006274481,78.59015233986922,79.09423191567143,6432500
2020-01-10,78.23270416259766,79.72660167900689,78.05856633829563,79.54330385832534,4680400
2020-01-13,78.01275634765625,78.57182386941088,77.66448065008572,78.36102505286215,5571500
2020-01-14,78.91473388671875,79.15403876077772,77.32245308586286,77.43289608768802,8751400
2020-01-15,80.42420959472656,80.85679689012301,79.25530962428651,79.25530962428651,5389700
2020-01-16,81.2525405883789,81.28015133901468,80.46099963386081,80.9396093850899,5023300
2020-01-17,81.91522979736328,82.09930615662205,81.28015442041345,81.40900927630719,5879700
2020-01-21,82.58712768554688,82.8724481691754,81.55628174350238,81.78638071986435,7458100
2020-01-22,84.54756164550781,85.09059181551643,82.86323558852482,83.5535324621674,9841200
2020-01-23,83.50751495361328,84.53835376697216,82.98288962265377,84.50153709191467,7418400
2020-01-24,83.20378112792969,84.24382584653111,83.0289036801233,83.61795642613542,4218700
2020-01-27,82.458251953125,82.83561758158659,81.81397773631537,82.01646592504477,4482200
2020-01-28,82.41224670410156,82.8632387123723,82.27418591975572,82.5595063912241,4983700
2020-01-29,82.0440673828125,83.04730228915984,81.97963996842773,82.47665446027942,3914300
2020-01-30,82.0625,82.10851558074442,80.9672266561587,81.26175305676351,5248100
2020-01-31,80.20328521728516,82.12691598923283,79.98239220312095,82.03487079644061,5914100
2020-02-03,80.12964630126953,81.36298017390826,79.84432588522363,80.79233231975459,4675900
2020-02-04,81.2065200805664,82.1453206554932,81.13288673530015,81.13288673530015,3904600
2020-02-05,82.43065643310547,82.47667903797834,81.50106160883308,81.79558802265412,3565700
2020-02-06,82.34780883789062,82.90925080689557,82.14532064945443,82.83561746163473,4270700
2020-02-07,80.87519073486328,82.38463945794342,80.70031326577822,82.12692972796343,4472300
2020-02-10,81.27095031738281,81.27095031738281,80.26771526404927,80.26771526404927,4219400
2020-02-11,82.07170104980469,82.29260112258423,81.48264823318618,81.58389234436095,2661900
2020-02-12,81.72195434570312,82.45826686635894,81.52867204570359,82.43065611236808,3389400
2020-02-13,81.6207046508789,81.95204772023527,80.71871362383921,81.45503311620072,4448800
2020-02-14,82.52269744873047,82.56871302920105,81.28015740094949,81.79558386548807,3919800
2020-02-18,81.80477142333984,82.36621339048604,81.28014612870219,82.30178596911166,4492300
2020-02-19,82.24655151367188,82.77117672565635,81.62988814594756,81.7587429683956,3464900
2020-02-20,81.41822052001953,82.43065460621202,81.03165592708369,82.00727333460655,3657500
2020-02-21,80.48860931396484,81.22492875741806,80.22170071332725,81.03164648347568,5570900
2020-02-24,77.8930892944336,78.85030171093514,77.37766992480286,78.64781352370528,5667200
2020-02-25,74.67172241210938,78.5742063752532,74.34958522747966,78.16922990196787,7021800
2020-02-26,74.88341522216797,76.28241397960605,74.65331623415051,75.59211701555367,7380100
2020-02-27,72.88613891601562,75.50005937595792,72.85852816809627,73.99981688848924,8657200
2020-02-28,70.89808654785156,71.93813828419752,68.12769325503689,70.98092582038635,16671900
2020-03-02,75.11348724365234,75.17791465628456,71.10056177154522,71.68040848523515,11483600
2020-03-03,71.78166961669922,76.85305266278007,71.10978458565533,75.08589433475137,9510600
2020-03-04,75.55529022216797,75.77619027698447,73.13465172015626,74.23913092804997,8660000
2020-03-05,74.11026763916016,74.98464787316811,72.83091802316653,73.89858053490777,9288700
2020-03-06,75.23316955566406,75.74859610767096,71.87372264042754,72.34312658209053,10647600
2020-03-09,70.8888931274414,73.02421145502142,69.12173458504357,70.51153443862596,10285000
2020-03-10,74.44161224365234,74.5520622712561,69.88565569145631,72.92296474096227,9417400
2020-03-11,71.87371826171875,72.77570940623116,70.272231232632,72.27869473746685,11534200
2020-03-12,68.79039001464844,71.92894351441505,66.27771305179864,67.44661279612393,13876300
2020-03-13,75.15032958984375,76.08913035499351,68.8732295862849,71.70805075487631,18316900
2020-03-16,67.79637145996094,72.94138163294306,64.42771879250492,65.02597758570528,14358900
2020-03-17,73.1622543334961,73.43837586027165,67.50181921109409,69.50828217575175,13315300
2020-03-18,72.9505844116211,75.46326140376779,68.46825364106763,69.01129089893509,17541100
2020-03-19,68.5694808959961,75.29757133819439,67.69510777393238,74.88339607449305,14476000
2020-03-20,62.58690643310547,68.90082137915135,62.54088384013877,68.1553031231109,15131400
2020-03-23,57.81926345825195,62.11751012796739,56.705585390928874,61.73094558004949,13037100
2020-03-24,64.14237976074219,64.400089437956,59.36552374275377,59.74288935728974,10903700
2020-03-25,65.11800384521484,66.84834544771753,62.72497613305414,63.46128857106978,9351000
2020-03-26,69.77520751953125,69.92247422691952,65.34810570410225,65.42173905779639,10530500
2020-03-27,68.62471771240234,71.3306839707398,67.75034439513485,71.3306839707398,8360600
2020-03-30,73.0241928100586,77.68139991268974,72.22345303045554,76.23637891800355,47540200
2020-03-31,72.62844848632812,75.00306472348686,72.30630428306671,74.94784321301411,23792300
2020-04-01,70.47469329833984,71.22021151359142,69.35180950318077,70.87046370118999,12208300
2020-04-02,73.11624908447266,73.31873729642459,69.9500850911801,70.06053512189837,10167900
2020-04-03,73.12541961669922,73.62243402901018,71.95652042219666,72.51796223858163,9139400
2020-04-06,76.14434051513672,76.50329428186103,73.27270335928021,74.62568618250047,12373800
2020-04-07,75.40803527832031,77.75504759823397,75.2607685658577,76.80703393639843,10872100
2020-04-08,78.18761444091797,78.5925908091066,74.59807671219927,75.93264771163959,9266400
2020-04-09,79.19084167480469,79.61422282637852,76.34681549693377,78.23362936696155,10466800
2020-04-13,79.01596069335938,79.59581441428801,76.87143726446763,79.448547748001,6665800
2020-04-14,82.38957977294922,82.75928986775912,79.94950301949082,80.41163887509481,9861300
2020-04-15,84.05326080322266,84.94056068503237,81.8072805533931,83.1936879409019,14128000
2020-04-16,88.7300796508789,89.64510662282132,84.23811880442251,85.58755458625032,27036500
2020-04-17,88.73931884765625,90.34754946729727,87.10335415646963,90.0702651649031,16074800
2020-04-20,90.57862854003906,92.4271719796317,87.48231968904813,87.63944418902143,17251400
2020-04-21,86.92774963378906,89.62662110135842,86.53031255077055,88.82250224456294,12030300
2020-04-22,88.24945068359375,88.71158645852502,85.76315795794117,87.14032059277932,8369000
2020-04-23,86.82608795166016,90.0702766235784,86.28076396801131,88.60993265986576,10567500
2020-04-24,86.93698120117188,87.41760636418343,85.75391472550102,87.34366294654589,9016100
2020-04-27,87.75959777832031,88.63766015115438,86.90002478896643,88.24946771767422,6838200
2020-04-28,84.53388977050781,87.94445463774164,84.42297462669336,87.69489732706751,7805500
2020-04-29,85.2917709350586,86.00346392264551,84.17340329191092,85.11615709756514,7068300
2020-04-30,85.11616516113281,86.6689416746797,84.89434195966395,84.89434195966395,7978300
2020-05-01,83.0457992553711,84.44145130222888,82.02910193745866,84.10871297249282,6839800
2020-05-04,83.02732849121094,83.33233984455822,81.99214164877476,82.99035677702035,5036800
2020-05-05,85.98499298095703,86.56728865049817,83.54491631786705,84.0625062004518,6747900
2020-05-06,84.18265533447266,86.35469208904397,84.13643893584316,86.09589718063647,4248400
2020-05-07,86.87229919433594,87.38065147389824,84.85738651150487,85.16239787924225,7255000
2020-05-08,86.60424041748047,87.75034220346342,85.86482741697094,87.65790940822153,6167600
2020-05-11,88.79475402832031,89.18294632791759,86.08663851642858,86.16058192157985,7239100
2020-05-12,86.6966781616211,89.35857780834239,86.63197943223791,89.1552369298145,5384200
2020-05-13,85.18087005615234,87.50078658645465,83.96082483165682,86.2068049966586,11622500
2020-05-14,84.82965087890625,84.82965087890625,82.57442579717677,83.6465842955836,8189200
2020-05-15,83.08277893066406,84.25660788745924,82.06608151526731,83.14747766478114,13609400
2020-05-18,83.43400573730469,85.95727065605612,83.20293780543358,84.94057316614993,7646500
2020-05-19,81.53925323486328,83.64659165322456,81.43758278032534,83.48946715135092,7693100
2020-05-20,83.26763153076172,83.57264287485899,81.36363414330584,82.79625805530219,7488800
2020-05-21,83.544921875,83.74826278572195,81.68713370624393,82.85171807115724,6148300
2020-05-22,84.54313659667969,84.60783533596329,82.9164163711627,83.57264845579182,5184500
2020-05-26,82.70381164550781,86.22528357928559,82.4172827036811,85.9110276224892,6243800
2020-05-27,83.88688659667969,83.9053689246848,81.4930196511668,82.51896162043916,5420600
2020-05-28,85.12541198730469,86.26226914517055,84.30281083673506,84.98676983854554,5316300
2020-05-29,87.73185729980469,88.35111757037927,83.8776464764205,85.86483179775863,10138500
2020-06-01,85.96651458740234,86.84456990009261,85.06996989141109,85.91105348913295,5451600
2020-06-02,85.60603332519531,86.09589611743621,84.81115922968401,85.88331055865108,6394100
2020-06-03,84.47843170166016,85.67998063674953,83.70203983519689,85.5505831676112,8056300
2020-06-04,81.56698608398438,84.42298255188565,81.55774139155695,84.1549499361979,9113600
2020-06-05,83.05503845214844,83.14746419282139,80.70738797056906,81.770301617388,11874500
2020-06-08,85.55058288574219,85.59679928955356,82.17699695650782,82.24169569086382,5426800
2020-06-09,83.43400573730469,85.79090146304357,83.40627871374154,85.32876559930133,4857400
2020-06-10,85.18087005615234,85.72618688985956,83.77597334095697,83.97006952168152,5829100
2020-06-11,81.1325454711914,85.4951077745426,80.35616085023811,85.19009650846891,8168300
2020-06-12,82.27865600585938,83.36005915387851,80.95694731528737,82.49124157987609,5590400
2020-06-15,82.7685317993164,83.50794491264608,80.4578525983487,80.89225436475866,5666000
2020-06-16,82.94412994384766,84.81116249176986,82.38956840397378,83.75749345051973,6143400
2020-06-17,84.01629638671875,84.7279824713689,83.27687622853945,83.57264288148453,4359100
2020-06-18,83.4432373046875,84.42296292520236,82.78700532758485,83.64657818101306,6022900
2020-06-19,83.8129653930664,85.40271398483604,83.74826665045411,84.72799248190718,9473300
2020-06-22,83.49871063232422,83.7852396840804,82.40807668305101,83.48947299154453,5072800
2020-06-23,84.3860092163086,85.31028091834206,83.91462867381416,84.21039533639953,4156900
2020-06-24,80.68891906738281,83.85917115616385,80.24526556605677,83.76673834848077,6141900
2020-06-25,82.8332290649414,83.00883588598803,79.6352499537486,80.63345799161141,5781100
2020-06-26,81.99213409423828,83.13822892201465,81.28044805363427,83.01807615069087,8522500
2020-06-29,82.2694091796875,82.90715172725393,81.41907403021223,82.79624365896343,4669300
2020-06-30,84.50615692138672,84.94056572350212,81.74258667281465,82.02910862670649,5220900
2020-07-01,84.70024871826172,85.01450472858532,83.58188093032742,85.01450472858532,3389600
2020-07-02,85.24557495117188,86.01271503955331,84.96829064342629,85.4951251868366,3845300
2020-07-06,85.92951965332031,86.85379112288102,85.448894540235,85.73542349090837,5919100
2020-07-07,85.45813751220703,86.32695493265838,85.11615453675391,85.45813751220703,3389200
2020-07-08,85.56908416748047,86.57653703564321,84.57086894005808,85.80938975614448,3815300
2020-07-09,86.57653045654297,87.69489839331065,84.89435620555545,85.71695747352204,4576800
2020-07-10,85.99424743652344,86.69669596524419,85.3287706252758,86.39168458481667,2923200
2020-07-13,86.04042053222656,88.37883307832774,85.76314334549008,86.08663692249819,4297300
2020-07-14,87.97969055175781,88.12815155919124,85.09404520061736,85.95695533904538,4122800
2020-07-15,89.75189971923828,90.12303805108658,88.86114790157458,88.98177423053421,6205000
2020-07-16,89.4456787109375,90.92097227254968,87.48789412913204,90.7910724776533,7582200
2020-07-17,92.09009552001953,92.78599044838239,90.6333557531403,90.80965140027519,8315500
2020-07-20,91.93235778808594,93.44476683053158,91.59832766794926,92.78598717109787,5677900
2020-07-21,91.10655975341797,92.30349979385221,90.70757973993989,91.74677822787626,5063500
2020-07-22,92.9622802734375,93.31486446661623,90.93026494459684,91.03233009401863,4662000
2020-07-23,93.54682159423828,94.62314232382046,92.85092676773512,93.045776469675,5905800
2020-07-24,91.81172943115234,92.98083482561512,91.264295516949,92.98083482561512,4534400
2020-07-27,92.7767105102539,93.04579073390033,91.31069723105553,91.44059705226286,3717900
2020-07-28,92.65609741210938,93.5190074696197,92.1086563472969,92.9158970717452,4114200
2020-07-29,95.12419128417969,95.46750198642327,92.86949150443883,92.95300257428578,4744200
2020-07-30,94.20561218261719,94.25200800807251,93.00867209176228,93.69529349765395,3176900
2020-07-31,93.37982177734375,94.05716263367064,91.96947781378546,93.9087016485543,4604000
2020-08-03,93.41693878173828,94.22417947572961,92.9808434785134,93.78808417250474,3670900
2020-08-04,92.7210464477539,93.41694142046926,92.11793605559866,92.9344573541509,2730600
2020-08-05,94.77159118652344,94.9757214574614,92.67462623826232,92.75813729410416,4415300
2020-08-06,94.40972900390625,94.45612482273498,92.71174397249077,94.19631814790537,3943000
2020-08-07,93.92725372314453,94.92006345826894,93.3055822568822,94.36334189695837,3141900
2020-08-10,92.82308959960938,93.95507961944736,92.81380902005108,93.65816478465445,2776300
2020-08-11,91.91378784179688,93.18495829299275,91.55192309273534,93.18495829299275,4823000
2020-08-12,93.38909912109375,93.80663323899213,92.15504377138105,92.368454660335,2668900
2020-08-13,93.80663299560547,93.96436747715703,92.78598853749486,93.10145750059796,2951700
2020-08-14,92.7767105102539,93.91798131544328,92.39629162786366,93.64890109179686,2739900
2020-08-17,93.44477081298828,94.10355050049806,92.98084085736089,93.06435193045867,4657400
2020-08-18,93.6767349243164,94.38191043246997,93.18497030854155,93.79735416322048,3777600
2020-08-19,93.23136901855469,94.2891287739927,93.0921886130477,93.7880835615732,2716800
2020-08-20,94.29839324951172,94.66025802178397,92.55401929396832,92.7767036740569,3548600
2020-08-21,95.01286315917969,95.14276298977367,93.56539677983123,94.29840701190292,3585000
2020-08-24,94.07569122314453,95.78295669427297,93.43546578659544,95.29118512360037,3212700
2020-08-25,95.07779693603516,95.4767769419969,94.19632585918502,94.62314760612807,2626400
2020-08-26,95.74585723876953,95.83864180511092,93.95508750024695,94.63242120564688,2968800
2020-08-27,103.26152801513672,105.77602746773961,101.61921204547141,103.00172837855918,36319000
2020-08-28,102.7975845336914,105.9615826611021,101.5171406024502,105.3491988953809,17204000
2020-08-31,101.57280731201172,103.67904581620469,101.3779576152456,102.71407083292867,6943200
2020-09-01,98.86347198486328,101.20167574261188,97.96344677827851,101.07177592712635,7963100
2020-09-02,101.54499053955078,101.98108582870638,98.24180445520682,98.77068431930826,5843700
2020-09-03,97.91706085205078,101.08106672669109,96.77579706076537,100.85837523848099,6096900
2020-09-04,96.64588165283203,98.39025555522637,95.03140047910695,97.84281458371952,5027700
2020-09-08,95.42110443115234,96.33041020706462,95.040685570328,95.72729988335831,5217700
2020-09-09,98.1768569946289,99.21606266537741,96.6180520280109,96.73867834955881,4365100
2020-09-10,96.49742889404297,97.98200330738025,96.24690983763979,97.98200330738025,4271200
2020-09-11,97.14691925048828,98.07477906025038,96.79433507122177,97.68507963911236,4111000
2020-09-14,98.06550598144531,98.96553113343268,97.53662617076317,97.97271433686257,3824100
2020-09-15,98.89130401611328,99.77276803759,98.51087808159652,99.28100345219717,3654900
2020-09-16,98.07476806640625,99.62429915505835,98.037659907703,99.23459269859653,4242500
2020-09-17,98.96553802490234,99.04904201603132,96.85929213675665,97.38817198426736,4283500
2020-09-18,99.15109252929688,100.19957148860397,98.48303238286799,98.87273177528216,7622400
2020-09-21,98.3067626953125,98.77997327034444,96.9242532981516,98.16758936060596,4559800
2020-09-22,97.23970794677734,97.90776104318634,96.09843730060466,97.852091721571,4180300
2020-09-23,95.31905364990234,97.41601199319281,94.85512368526135,97.41601199319281,4040100
2020-09-24,93.63961791992188,96.06133278673099,93.22208380316546,95.33760320888166,7604000
2020-09-25,95.98709869384766,96.13555966783834,93.10145399273571,93.30558429246847,5060300
2020-09-28,96.90569305419922,97.6572573298873,96.33041735093842,96.72011682136858,5515500
2020-09-29,97.6015853881836,98.73357560163065,97.35105925031749,98.36243022490893,4464300
2020-09-30,100.97898864746094,101.58209896261512,98.11189804483944,98.34386300612883,9487000
2020-10-01,100.80269622802734,102.3707816816612,100.5614506784662,101.30374140988093,7242100
2020-10-02,98.81707763671875,100.82125838389489,98.65934315541575,99.91195258289628,5590500
2020-10-05,100.72846221923828,100.81197328613354,99.4480181852511,99.4480181852511,3603400
2020-10-06,98.5851058959961,100.92330952813026,98.39953676356002,100.7284598153698,3992600
2020-10-07,99.96761322021484,100.37587379892831,99.2160490448637,99.62430962357716,4162400
2020-10-08,100.70990753173828,101.25734143750425,99.67070196612055,100.33876218123132,4168400
2020-10-09,101.73985290527344,102.03676782937825,100.95117330177725,101.45221148450834,3060700
2020-10-12,103.03885650634766,103.52134059474277,101.84191624902836,102.2965656698828,4201800
2020-10-13,100.55217742919922,102.9831657766216,100.44083169550458,102.52851641896773,4773600
2020-10-14,100.31011962890625,102.24650229713308,99.92842574125446,101.11073924937305,4191600
2020-10-15,99.90980529785156,100.30080357780034,98.9695414414581,99.47225655965056,3518500
2020-10-16,102.0975570678711,102.7585324782419,100.26357954062914,100.26357954062914,4363500
2020-10-19,100.58008575439453,103.3729426102465,100.37527511521569,102.31165757323093,4228500
2020-10-20,100.87799072265625,102.30234659008175,100.64525265013306,100.86867921102667,3873500
2020-10-21,98.61579132080078,101.47381500047139,97.5172671678842,100.55217408231532,5716000
2020-10-22,101.9206771850586,102.45131979658974,98.90438613809931,99.07195786293039,4953800
2020-10-23,100.34736633300781,102.40477041354941,100.14255565576414,102.06962696035133,3573000
2020-10-26,101.47381591796875,101.62277171755672,99.65846150176206,100.14255364521604,7298000
2020-10-27,101.08280944824219,102.17202201014939,100.85007135710289,101.37140240842199,4518000
2020-10-28,99.07194519042969,99.99359311041242,98.10375391553838,99.4350160306886,7104700
2020-10-29,97.75000762939453,99.22091421072837,97.34969779023668,99.03471945844358,4237600
2020-10-30,97.85243225097656,98.26205368412238,96.00914290442537,97.52660024852192,4433200
2020-11-02,100.05877685546875,101.19453292827477,98.7833693858914,99.69569884959176,5907100
2020-11-03,101.9951400756836,103.14952613618205,100.87800006515285,101.23175941121356,3870100
2020-11-04,103.82911682128906,106.34269248503682,102.50716615883816,102.56302102827603,7421200
2020-11-05,105.69103240966797,106.91057786823065,104.93696318446248,105.67241648547929,5139900
2020-11-06,106.51957702636719,107.18986392302072,105.0486704590001,106.01686185387705,5644100
2020-11-09,101.83687591552734,105.3931135706121,98.85783126824266,104.08047446442197,13990700
2020-11-10,103.15884399414062,103.88498580590773,100.91525216810645,101.7065603706064,5243500
2020-11-11,104.87178802490234,105.15106947999665,103.77326392195071,104.2108126811285,3994000
2020-11-12,104.22010803222656,105.06727804169613,103.6149947141511,104.64835234416658,2816800
2020-11-13,104.82524871826172,105.28141344860906,103.72672449842254,105.1976311339469,3918900
2020-11-16,105.82134246826172,105.89582035423426,103.88496004858835,104.31320434162942,4144900
2020-11-17,105.25347137451172,106.70576188347727,104.58318454000496,105.40242716111447,3793000
2020-11-18,102.1906509399414,105.85860599601634,102.17203501542595,105.82136704438163,4545700
2020-11-19,103.33570861816406,103.5218962431017,101.71585355287833,102.40475628827069,3548100
2020-11-20,103.23332214355469,104.04325337538825,102.46994137775673,103.09367784805181,4075300
2020-11-23,101.72517395019531,103.81981702166523,101.34348712830362,103.73603470805622,4105500
2020-11-24,100.1798095703125,102.02309173563027,99.84466606705388,101.7624261447857,7316300
2020-11-25,99.06266784667969,100.915261499624,98.33651886516253,99.65847693207489,6224100
2020-11-27,100.18910217285156,100.31012343072639,98.55993543499754,99.30469311074025,1979000
2020-11-30,100.74767303466797,101.05488904095996,99.69569224389902,100.32874017992341,5702300
2020-12-01,100.9990234375,102.03238116510649,100.60802513586596,101.6972377343907,4265200
2020-12-02,100.68251037597656,101.12936358112249,99.9470570772951,100.83145907682399,3444700
2020-12-03,100.10530853271484,101.13866624528033,99.68638280171932,100.6825015666803,3846300
2020-12-04,100.44976043701172,100.79420826239414,99.54673551703645,99.68637979068467,4686800
2020-12-07,99.77948760986328,100.8221569498278,99.27677241573416,100.2822028039924,6928000
2020-12-08,99.42572021484375,99.83533444541506,98.8764545996685,99.42572021484375,6643500
2020-12-09,98.97886657714844,100.25427402121817,98.23410175821942,99.70500836917218,5742400
2020-12-10,99.1650619506836,99.6957046171354,98.71820870662116,99.38849567531906,4828500
2020-12-11,99.63053131103516,99.93774733414203,98.04791493565443,98.77405673383156,4719000
2020-12-14,99.4164047241211,101.63206881401337,99.3977816992111,100.07738005636706,6250000
2020-12-15,100.03085327148438,100.92457401100887,99.05335731044917,99.55607256295497,5256600
2020-12-16,99.92843627929688,100.73836749776801,99.24884494305424,100.03084162080255,4458700
2020-12-17,101.26898956298828,101.41794533950993,100.17977708193254,100.38458772334863,3924300
2020-12-18,101.44588470458984,102.04169367555411,100.06807202010796,101.33416785905784,10669800
2020-12-21,100.62664794921875,100.71043736393688,98.09446322528612,100.13324428204584,4544000
2020-12-22,100.80352783203125,101.51105366649367,99.57467091038778,100.3846020802041,3426400
2020-12-23,100.03085327148438,102.10688067890992,100.01223734477139,101.35281135145352,3149500
2020-12-24,100.86869812011719,101.42726817836326,99.9656730930276,100.02153507067477,1451500
2020-12-28,100.34736633300781,101.56691178055421,99.85396266652275,101.43657900459979,2034200
2020-12-29,100.85009002685547,101.41797164257198,100.67320677201138,101.00835025350324,2834400
2020-12-30,100.9524917602539,101.58553974678749,100.39391457602716,101.18522988614708,2415800
2020-12-31,101.92997741699219,102.06962169906053,100.40321603227888,100.70112051947652,2982200
2021-01-04,101.57621765136719,102.63750282667283,99.85395711969423,101.9672159575107,6192000
2021-01-05,102.83300018310547,103.25193302031406,100.82214671335475,101.33416626647225,4322800
2021-01-06,102.618896484375,103.36365421761793,101.09212786062868,101.42727132649935,5539600
2021-01-07,103.6150131225586,103.91291762991972,101.70655771119267,102.66543762230494,5568800
2021-01-08,103.9035873413086,104.77868478094285,102.72127393636411,103.95944220678228,4242200
2021-01-11,103.18675994873047,104.24805221235752,102.6188855227467,103.53121489147102,3177400
2021-01-12,101.32485961914062,103.07505474265847,100.85938340162689,102.88885999409092,5777100
2021-01-13,104.40631103515625,105.10452532147792,100.7755953257629,101.55759191719373,6047100
2021-01-14,102.8547134399414,104.36893478568206,102.58364872878438,103.94831417958976,4391000
2021-01-15,104.03242492675781,104.33152953875772,102.24713914832145,102.81730842919887,4480100
2021-01-19,105.21952056884766,105.74295198747338,103.30337649089267,104.44371533680007,6820300
2021-01-20,105.51860046386719,106.11680969638158,104.68671552705133,105.29427378447843,2952100
2021-01-21,105.57469177246094,106.12617020250643,103.06034577139117,104.92040258211952,5028100
2021-01-22,105.47185516357422,106.09811142744053,104.44368356212146,105.62141102695007,4163900
2021-01-25,107.2291030883789,107.86470125825291,105.63076220484636,105.67749306469203,4689300
2021-01-26,107.23847961425781,107.60301321813363,106.35985650172736,106.7898190311394,4142400
2021-01-27,106.82718658447266,110.08929744269093,106.08877049794799,107.67776244587114,9104900
2021-01-28,112.52887725830078,115.96858408404266,109.50044197482467,110.21081814840639,11296300
2021-01-29,115.5199203491211,116.57613912025636,111.89327590417554,112.39801629254504,10995100
2021-02-01,114.53850555419922,116.66962723605789,114.50111657875388,115.19279479644779,8337100
2021-02-02,112.388671875,115.64144102299545,112.37932998071113,115.34233638776045,7277000
2021-02-03,112.3699722290039,112.99622139614252,111.13616481306997,111.92131174538407,4991900
2021-02-04,111.92133331298828,112.97755224894026,111.03336833063123,112.00546028978574,4377900
2021-02-05,115.93119812011719,116.20226281352932,112.20173559172828,112.56626914774735,5803400
2021-02-08,116.3705062866211,117.58562285936976,115.6881700598155,116.83785771749106,3456000
2021-02-09,116.97807312011719,117.09958193378345,115.53862975211727,116.6789684677547,3424500
2021-02-10,117.10892486572266,117.9595007795592,116.61353347957804,117.57627630642014,4195400
2021-02-11,118.55770874023438,118.58575581658795,117.0247966022196,117.48280614350737,3697400
2021-02-12,119.85694122314453,120.14669682166016,118.00623359275536,118.15578947019358,3658700
2021-02-16,119.6606674194336,120.10932081108291,118.56705962345205,120.09997891670233,5174000
2021-02-17,118.93160247802734,119.6419787234387,118.13710638931053,119.05311842664763,3161800
2021-02-18,117.22109985351562,118.38947853574322,115.96859419793451,117.27717974827293,5427900
2021-02-19,115.00584411621094,117.2023944752576,114.66000148065051,117.07153664152493,6204200
2021-02-22,114.54784393310547,114.92171939036952,112.65974007032271,114.92171939036952,4842000
2021-02-23,112.91211700439453,115.13670741465245,112.36063856644603,114.26743340290314,5565900
2021-02-24,114.38892364501953,114.88432210862327,112.78124085369943,112.91209867239738,4127400
2021-02-25,113.64118194580078,114.74413166908603,112.88406773656487,113.71595989038016,3468900
2021-02-26,111.95870971679688,114.37024485634959,111.84654993528459,114.21134707839583,5197500
2021-03-01,114.23004150390625,114.92171965892176,112.73451827770356,113.0897028154213,3858600
2021-03-02,114.52915954589844,115.0619399804043,113.27666092595129,114.23005486567091,4908100
2021-03-03,111.39789581298828,113.93093990505369,111.28572889381739,113.7440021709863,5239500
2021-03-04,108.43488311767578,111.98674978334304,107.24780646646138,111.22964273244777,6699600
2021-03-05,109.59390258789062,109.90235622137833,107.30388359525708,109.36022688940898,4859500
2021-03-08,108.07969665527344,110.55666083287605,108.01426773576925,109.36024222981811,3931600
2021-03-09,109.07981872558594,111.54743365608356,108.8835319846619,109.11720769498339,5176100
2021-03-10,108.31336212158203,111.41657525337584,107.78993081515458,109.58455854966303,7640200
2021-03-11,109.84627532958984,110.17342703067936,108.2759742629839,109.07047738709642,4915700
2021-03-12,109.08915710449219,109.61258836254018,108.53768590493678,109.4443415822796,3714000
2021-03-15,110.38842010498047,110.50058702940555,108.93028574354332,109.53784410454806,4651800
2021-03-16,110.5005874633789,111.64092624025017,109.85564012503289,110.71556515534905,3870500
2021-03-17,109.93976593017578,110.50058628609311,109.28546957225745,109.98649679995854,3797200
2021-03-18,110.39777374267578,111.36986573464297,109.65000847771084,109.82760433266408,4253000
2021-03-19,112.39804077148438,113.0897190256447,109.8930363343223,110.65014351615702,11275200
2021-03-22,113.53836822509766,114.23939543603926,112.17370277687743,112.40737851385798,5173100
2021-03-23,112.62235260009766,114.17396286705866,112.04284135488062,113.81877119421743,3788500
2021-03-24,110.31363677978516,112.5849651873824,110.24820785986331,112.16435172091593,6521300
2021-03-25,111.2763900756836,111.6970035545736,109.58457287136123,110.97728541417528,5320100
2021-03-26,114.09917449951172,114.31415928876254,111.17355720047382,111.49135274059965,4857000
2021-03-29,114.24873352050781,114.72542684381791,112.2110810039375,113.09904586693494,4810100
2021-03-30,111.93067169189453,114.4917556278117,111.58482905345802,113.56640175837316,5054400
2021-03-31,112.01477813720703,113.51965018894522,111.9306583096867,112.16433400553156,5792800
2021-04-01,111.17357635498047,112.9775534181077,111.02402045300076,112.42607494357992,4015100
2021-04-05,112.03349304199219,112.49149547801481,111.3044259022614,111.83720628369677,6314600
2021-04-06,112.13630676269531,114.04310151248379,111.79046412643966,112.17369573401082,5146400
2021-04-07,112.26717376708984,112.98689191285564,111.79047325789978,111.99610905132363,4313000
2021-04-08,111.95870971679688,113.63182872611986,111.73438302255526,113.1083973958171,3768800
2021-04-09,113.00557708740234,113.03361703217965,111.55678480336228,111.83719851356902,4102500
2021-04-12,113.13643646240234,113.44489012159927,112.61300513616534,112.68777594618707,2915900
2021-04-13,114.97782135009766,115.5666816898798,113.01494641960566,113.14580427289059,4944600
2021-04-14,113.98339080810547,115.23111194789644,113.78638333720184,114.96843532002494,4726500
2021-04-15,116.27242279052734,116.96664049897845,114.35862704846743,114.82769442179388,4510900
2021-04-16,116.65705871582031,116.90097576322412,115.34366858947719,116.69458496599016,6243100
2021-04-19,116.825927734375,117.66086714976021,115.94407871513194,115.95346206738364,6853100
2021-04-20,112.576171875,114.45244140625,111.64742046110332,113.0452392578125,9908200
2021-04-21,115.01531982421875,115.2498535135656,112.44483259304924,112.97956911846407,7040300
2021-04-22,115.85964965820312,117.09798732776805,114.93089819537958,115.21233434545306,6366900
2021-04-23,115.68140411376953,116.43191484408294,115.06223884505164,115.97223077940139,5227000
2021-04-26,114.99657440185547,115.76584471109658,114.40554485137682,115.75646135829822,4377500
2021-04-27,114.17100524902344,114.9684255755618,113.51431373500435,114.45244855926059,3384900
2021-04-28,113.93647766113281,114.37740219739418,113.08277864706598,114.00214681606103,3755900
2021-04-29,113.52369689941406,113.99276431076578,112.58556207671063,113.98338095846655,3889200
2021-04-30,112.65121459960938,113.65501842543499,111.96637313086872,113.0452294492083,4773500
2021-05-03,112.13525390625,113.19535083374556,111.80690815068084,113.09215543093802,4917600
2021-05-04,110.26836395263672,111.91009983330764,109.22703376430484,111.82566398045348,9221800
2021-05-05,111.1783447265625,111.51607378940928,109.93062386423411,110.51226995189239,5632400
2021-05-06,111.4410400390625,111.52546874027423,109.48033447457942,110.7468222519627,4305300
2021-05-07,111.59112548828125,112.97018471397242,111.41288475307091,112.36039569587358,4076600
2021-05-10,111.58175659179688,112.5292675965687,111.40350868752864,111.82566648906852,3923200
2021-05-11,111.06578063964844,111.8819605087753,110.6623823812157,111.50670514972613,5520800
2021-05-12,109.1519775390625,110.32464598524366,109.05816549484804,109.92124775346133,4745500
2021-05-13,110.18392944335938,110.72804934536424,109.45218544423584,109.76177164614211,4519500
2021-05-14,110.99073791503906,111.46918871891496,110.0713697196397,110.69053503283092,3800500
2021-05-17,109.51785278320312,111.02825035945726,109.45218363455731,110.69990461622818,3732400
2021-05-18,109.74300384521484,110.69989812038934,109.49908681138606,109.49908681138606,3398400
2021-05-19,109.18012237548828,109.22703197712866,108.03560396390641,108.97373873751144,3430800
2021-05-20,110.51228332519531,110.67176452489439,109.20827651372534,109.33961481434817,2858200
2021-05-21,109.88372802734375,111.59113310004452,109.74301353136889,110.9156820471634,4629300
2021-05-24,110.03382873535156,110.94382061325085,109.98691913359167,110.73742981734787,3096000
2021-05-25,111.07516479492188,111.86319461296152,110.28712781948153,110.69990943315983,4704500
2021-05-26,109.52723693847656,110.9625820246918,108.87054544720176,110.24959757887883,6692900
2021-05-27,108.53282165527344,110.29651257334527,108.4577691504872,109.76177600219471,10358900
2021-05-28,109.43343353271484,110.53104960798142,109.09570440841728,109.26456897056606,4813000
2021-06-01,99.24529266357422,104.41441800486012,99.15148060436096,103.33556143040425,25124100
2021-06-02,100.28660583496094,101.25288347869727,98.84187746642503,99.24527569372661,19215100
2021-06-03,102.44432067871094,102.88524519444988,99.95826910256717,100.38042691354234,12118000
2021-06-04,102.52876281738281,103.11040902488507,101.7032066922129,102.53814617033963,7197200
2021-06-07,103.19481658935547,104.0203725454064,102.9321400195847,103.176057044686,7933600
2021-06-08,101.2247543334961,103.66390357435361,101.15908517861381,103.66390357435361,8173900
2021-06-09,102.30360412597656,102.75390482765567,100.94330435394451,101.1403118056042,13780400
2021-06-10,103.3355484008789,103.42936044826345,102.2473086104969,102.30360156484797,8012600
2021-06-11,103.11039733886719,103.50441222958342,102.73514199453727,103.50441222958342,6517500
2021-06-14,103.64513397216797,103.72017931518155,102.84771368072019,103.26987862749849,4888700
2021-06-15,103.57945251464844,104.50820383535064,103.28862589945518,104.07666274535366,5398800
2021-06-16,103.25110626220703,104.23615059327719,103.00719638533633,103.37306835804239,7051500
2021-06-17,104.72398376464844,105.06171286078138,102.94153339410282,102.96029294059892,5967400
2021-06-18,103.5044174194336,104.46131179592449,103.1948312080333,103.1948312080333,8831800
2021-06-21,104.54576110839844,105.23059561368821,102.94155120293964,103.42937822763638,4743300
2021-06-22,104.0954360961914,104.99604464138478,103.66389494895711,104.7521347477744,6519400
2021-06-23,103.98285675048828,104.3768788021492,103.7577064048252,103.7577064048252,4356100
2021-06-24,104.7896499633789,106.46891204481973,104.51759718114232,104.60202587409846,9718600
2021-06-25,105.7465591430664,106.25315280996422,104.61141685808084,104.958522164314,8750400
2021-06-28,108.54218292236328,109.16135526559292,105.76530504378749,105.99983872093816,9567200
2021-06-29,109.95877075195312,111.48792778390334,108.31703497583358,108.5797115548287,8150200
2021-06-30,108.75796508789062,109.93063356026182,108.12003315262467,109.76176901394436,5844600
2021-07-01,109.91187286376953,110.0338278069558,108.33580616709963,108.45776111028589,4739600
2021-07-02,110.73741912841797,110.93442655347275,109.43341248824608,109.68670570405948,4787000
2021-07-06,111.46917724609375,111.70371094734857,110.4747566431415,110.69990699227397,5040400
2021-07-07,112.4542236328125,112.55741903577226,111.40351005604076,111.71309626492003,4068700
2021-07-08,111.8819580078125,112.0414392056882,110.66237990751488,111.50670265715166,3908900
2021-07-09,112.33226013183594,112.8013275367796,111.86319272689227,112.24783143449835,4353600
2021-07-12,111.45979309082031,112.28535629402482,111.11268779620069,111.45979309082031,3905200
2021-07-13,111.30970001220703,111.88196283624657,110.80310634056214,111.23464750735575,3877100
2021-07-14,110.3397216796875,111.40385436053332,110.04779503574153,111.23434694493434,4660300
2021-07-15,109.85946655273438,110.33031972907632,109.4921944653103,109.89712848435035,5761200
2021-07-16,110.65991973876953,110.94242734456664,109.64287511474099,110.21731658657288,3977600
2021-07-19,111.86530303955078,112.37382535280557,110.11372857766753,110.16081677107336,6739700
2021-07-20,111.80879211425781,113.00475595352039,111.21551254732654,111.62986561824376,4678400
2021-07-21,112.04423522949219,112.33616192637963,110.39624896188897,112.2702427630615,4285300
2021-07-22,111.35678100585938,111.82763420250149,109.10610330068205,111.12135440753832,6958000
2021-07-23,113.75813293457031,114.04064053618306,112.31731614621239,112.65633101586725,4736100
2021-07-26,112.55276489257812,113.46622140534356,111.47921998892515,113.23079476533808,4954800
2021-07-27,112.82583618164062,114.16306466711922,112.62807870909398,112.62807870909398,5630800
2021-07-28,113.49444580078125,114.01238716558946,112.32673194198094,112.82583515644198,3796100
2021-07-29,114.03121185302734,114.32314569014125,113.40027035947115,114.02179996302121,3925500
2021-07-30,113.92764282226562,114.34198875048178,113.38145138887887,113.9464737889188,4688800
2021-08-02,113.87113189697266,114.68099994539915,113.17427119878569,114.41732331282297,3646100
2021-08-03,115.00118255615234,115.40611657582592,114.01238801042756,114.30431468112852,3696200
2021-08-04,114.48324584960938,115.50029047783211,113.95589256889369,114.3043193359453,3513400
2021-08-05,115.0859375,115.22719489597029,113.78638526330245,115.22719489597029,3258100
2021-08-06,115.04826354980469,115.08593266612455,114.1536453873182,114.88817519393226,3550300
2021-08-09,115.98056030273438,116.07472950306828,114.91642750347772,115.25544237239939,4271200
2021-08-10,115.54737091064453,116.35723897893462,114.98234851488738,116.15948149965209,4356900
2021-08-11,114.3796615600586,116.20657432431285,114.27607327849883,115.67921384055862,3683100
2021-08-12,115.65095520019531,116.06530829563262,113.94646899611803,114.11597642746517,3023600
2021-08-13,115.88639068603516,116.0464862390675,115.20836090859187,115.5662139492702,3476600
2021-08-16,117.39311981201172,117.43078174440979,116.14064861261727,116.47966348139546,4601900
2021-08-17,118.36307525634766,119.01284776230894,117.12002314255945,117.3742806997357,4609700
2021-08-18,116.7056655883789,118.73033563175701,116.63974643276423,118.47607089963674,3585200
2021-08-19,118.39132690429688,119.02226845277518,116.37607583163667,116.50791414968737,4283800
2021-08-20,118.95635223388672,119.5778819069014,117.82630742705052,118.57025634566672,5485800
2021-08-23,118.50434112548828,119.87923892190155,118.45726011182913,119.28595923566354,3906700
2021-08-24,118.18414306640625,118.57024610593203,117.56261344706692,118.27831226140187,3945700
2021-08-25,117.46846008300781,118.5702620853557,116.93168769607936,118.50433573686009,4379000
2021-08-26,118.15592193603516,118.90928286497682,117.38372285269573,117.42139197684044,3991900
2021-08-27,117.32717895507812,118.89983386251107,117.05409046340178,118.35364250986127,4094300
2021-08-30,118.5984878540039,118.83391441735732,117.11059024929467,117.27067858805934,3151800
2021-08-31,119.00343322753906,119.79446310753364,118.57024917163976,119.03168326830327,6190300
2021-09-01,119.973388671875,120.02988875296072,118.1464760805126,118.39132173963262,3484200
2021-09-02,120.9998550415039,121.3388699049573,119.91688410885895,120.06756057468239,3402700
2021-09-03,121.42359924316406,121.85677604663177,120.67964330132313,121.48009931585149,2463300
2021-09-07,120.90567016601562,120.9998465428653,119.64378718429693,120.65140544395965,2765500
2021-09-08,121.53662109375,121.96981234387748,120.53841464654609,121.06576791153692,3121200
2021-09-09,120.51959228515625,121.62137990123315,119.90748166764695,121.62137990123315,4546900
2021-09-10,121.29178619384766,121.89447771010668,120.53841820619907,120.53841820619907,4127400
2021-09-13,119.2388687133789,122.13931900783003,117.53437521867399,122.11106896495724,5811000
2021-09-14,119.64379119873047,120.52899025669825,119.32360731292582,119.92629878481203,4197400
2021-09-15,120.05815124511719,120.70792379894034,118.91868732226655,119.48370974567142,4803200
2021-09-16,120.01107025146484,120.51017351195507,118.93752549144628,120.41600430548237,3317100
2021-09-17,119.39894104003906,120.35006640200226,119.08817624088542,119.38952196546352,10045200
2021-09-20,117.59088897705078,119.19178709513419,116.59267523768864,118.27833067371654,5262200
2021-09-21,117.8357162475586,119.38953320495644,117.80746620582129,118.25006935210455,4918600
2021-09-22,117.38370513916016,118.41016167476761,116.94110197806347,118.18415414865537,6553400
2021-09-23,117.9958267211914,118.56084918137545,117.53438536559993,118.10882690243798,4161500
2021-09-24,117.12003326416016,118.16532799389101,117.02585687184927,117.53437921479807,3045700
2021-09-27,113.55094909667969,116.30072980997632,113.42852267765171,116.14064146086945,6481200
2021-09-28,111.81822204589844,112.77876664988823,111.09311123944737,112.62809016900745,5855200
2021-09-29,112.49623107910156,113.06125340882807,111.84645144835928,111.98770882695308,4511300
2021-09-30,111.24376678466797,113.63570173810412,111.21551674415737,112.87292190572123,4786200
2021-10-01,110.37739562988281,111.52627847655394,108.39039474286616,111.30968286421063,8173200
2021-10-04,108.79534149169922,110.71642344957377,108.164399914971,109.81238614904159,5903500
2021-10-05,109.12491607666016,110.1325414621216,108.79532033088276,109.34151167225582,4238400
2021-10-06,109.69937133789062,109.77470957064467,107.731208503574,109.00251064653897,5498900
2021-10-07,111.0365982055664,111.78995896818496,110.60340696586545,110.69758334776083,4505800
2021-10-08,111.48861694335938,112.37382323321538,110.95184459804551,111.20610215755231,7193200
2021-10-11,110.06663513183594,112.00655509011918,110.03838509100038,111.26260621463594,3873200
2021-10-12,110.4809799194336,111.41326712018295,109.62403094501616,111.02717128336704,4599200
2021-10-13,110.17964172363281,111.33794368248587,109.65228847259034,110.65049489339192,3935100
2021-10-14,111.14389038085938,111.2478786075369,110.26472178137887,110.28363266571431,4977400
2021-10-15,111.06826782226562,111.86235912626218,110.72794400803703,111.6260235448473,6012400
2021-10-18,110.43488311767578,111.06826070430328,109.9433083132875,110.87919513624374,5275800
2021-10-19,112.81714630126953,113.61123758146817,110.66176701734221,110.66176701734221,5880000
2021-10-20,116.57015991210938,117.97872517078211,115.51138112290948,116.77813637781351,8401900
2021-10-21,118.2150650024414,118.73499897300525,116.36218762994642,116.75923690256097,4984000
2021-10-22,119.79378509521484,119.90722156256304,118.05435140118101,118.64992170431833,5742300
2021-10-25,119.66143798828125,119.91667725273042,118.54593371192324,119.57635342520494,4426900
2021-10-26,121.12672424316406,121.74119102267609,119.859961698524,120.05848273362035,3994000
2021-10-27,120.72967529296875,122.32729902144456,120.40826234356311,121.9491678368238,4128600
2021-10-28,120.72967529296875,121.89244960160869,120.09629762509995,121.03218456809938,3645300
2021-10-29,121.84516906738281,121.95860552800977,119.89776622779983,120.30426370728836,4692200
2021-11-01,121.89242553710938,122.45017397298504,121.27794445243892,121.60881999224434,3494700
2021-11-02,120.72967529296875,122.45019814759733,120.33263322168294,122.26113255528695,8069600
2021-11-03,121.6655502319336,121.70337200153206,120.0301121038769,120.41769869358927,5110600
2021-11-04,122.03424072265625,122.41238631821528,121.18343837601262,121.90189337040547,4675900
2021-11-05,117.57223510742188,120.36099226031531,117.15628214974393,120.13411210721372,7989800
2021-11-08,119.86940002441406,120.2758974798652,117.04282150777964,117.22243884300354,4930000
2021-11-09,119.51963806152344,120.53115412529502,119.34947614367448,119.77487733210187,5130300
2021-11-10,120.83365631103516,121.10780645217412,119.16040356067835,119.2927509098641,5358900
2021-11-11,120.29480743408203,121.91134911074718,120.28535199163194,120.97545504270117,5054800
2021-11-12,121.4292221069336,121.8073677022198,120.1719222614583,120.94710270082064,6462200
2021-11-15,122.36511993408203,123.08357494972003,121.24960842517098,121.73174227066828,4565800
2021-11-16,123.73583984375,124.40703915190743,122.55416209506083,122.55416209506083,4141300
2021-11-17,121.58991241455078,123.55622597434852,121.51428330554576,123.47114863600947,4759900
2021-11-18,120.66349792480469,122.35565439769337,120.50279145501591,122.24221793073178,4466100
2021-11-19,119.90721130371094,121.50484206448186,119.54798383385956,121.39140560683892,6867700
2021-11-22,118.41358947753906,119.86941761977366,117.86528916181629,119.85050673308525,4205400
2021-11-23,117.67621612548828,118.06380272940251,116.4850827731178,117.70457524133694,4873700
2021-11-24,118.23395538330078,118.43247639109369,117.2224394603242,117.28861312958848,3729500
2021-11-26,118.99967956542969,122.65815666114705,118.58373388079134,120.82419039231456,4671400
2021-11-29,121.03218078613281,121.89244579276088,118.50811842447098,119.44400533822619,5648200
2021-11-30,118.89570617675781,121.75063694810736,118.4892086709561,121.19288841421587,7269900
2021-12-01,119.81269073486328,121.45758444990994,118.28124070141604,119.56690690998283,4816700
2021-12-02,121.36305236816406,122.75270674068344,119.3872831573525,119.3872831573525,5090800
2021-12-03,123.14974212646484,123.32935946656748,121.0321702388639,121.83571694202463,5254500
2021-12-06,125.2294921875,125.99521712145551,123.47115498091466,123.61295055209963,6601600
2021-12-07,125.18221282958984,126.75148434900909,124.59610527947456,126.67585524177207,5143600
2021-12-08,125.13497161865234,126.15594316403524,123.95329359271574,125.54147636046044,5389400
2021-12-09,125.28618621826172,125.83448636224242,124.2935741373445,125.25782710950199,2663300
2021-12-10,127.02562713623047,127.14852623848635,125.60761383245553,126.12755492879512,4371800
2021-12-13,128.5287628173828,129.51191259529028,127.14855652603315,127.14855652603315,5094800
2021-12-14,125.673828125,128.56657372586704,124.78520391040036,128.50039283020143,8193300
2021-12-15,128.1505584716797,128.25454666806988,125.63594530426141,126.24096360377511,6422300
2021-12-16,128.651611328125,129.14319329116296,127.24306073900178,128.03714469291003,6984100
2021-12-17,129.61587524414062,131.65781794670465,129.40789879713256,130.02236548388868,12146000
2021-12-20,127.602294921875,130.2776152634507,126.88383999321998,128.75561363943848,6501200
2021-12-21,127.87647247314453,129.6820655223564,126.10867234883607,128.58547928415697,7153800
2021-12-22,131.39315795898438,131.4215170797193,128.36805044929503,128.4531422362815,6768900
2021-12-23,131.5538330078125,132.56534173008157,131.13788010341094,132.01704148562297,3491800
2021-12-27,133.72813415527344,134.80582384904108,131.80907592865148,132.17777329012034,3801700
2021-12-28,132.792236328125,133.96446599328817,132.47082340252155,133.84156687623667,3296000
2021-12-29,133.47288513183594,133.91719717842554,131.71454783090965,132.79223750407226,2848900
2021-12-30,133.29327392578125,134.00228070198222,132.90568009284425,133.68086775871825,2809100
2021-12-31,133.04747009277344,134.02117143166353,133.02855920931393,133.2932538786368,3271800
2022-01-03,131.44039916992188,132.18722773368978,129.7104352951453,131.8090821239402,6688100
2022-01-04,128.34915161132812,132.01707059809343,127.39434648164,131.87527499704143,8241200
2022-01-05,127.7724838256836,129.5402695196102,127.68740647057899,127.76302116970722,5948200
2022-01-06,127.75360107421875,128.76512460139145,126.56247456608621,127.62125368442625,5710200
2022-01-07,128.1505584716797,128.73666589236586,127.03506184201578,127.50773283928505,4367500
2022-01-10,127.86699676513672,128.0938841144222,126.60024152071229,127.42268472160622,5975600
2022-01-11,128.282958984375,128.53820546771075,126.71368716057746,127.83864690866389,5709400
2022-01-12,126.41117858886719,128.28295237913233,125.28621889870453,127.51722739333202,8416000
2022-01-13,122.99592590332031,126.01272527628956,122.78721587544443,125.59530522053781,7174500
2022-01-14,121.58240509033203,123.88768244232328,120.50090703138588,123.79282346103828,9256900
2022-01-18,120.07400512695312,121.3642059695995,119.10635811388262,120.861408495506,5850100
2022-01-19,119.58071899414062,121.0321934063495,119.37200893056001,120.24478988932445,3996400
2022-01-20,118.30947875976562,121.34524875726699,118.21461253061888,119.76095305541598,8652600
2022-01-21,119.37199401855469,120.5673214805647,118.45177643744687,120.30169315567359,10132700
2022-01-24,117.46515655517578,118.1102570438037,114.48631209711343,117.64540745632793,10864500
2022-01-25,116.94337463378906,118.22409398010706,115.34959747451872,116.76313098095683,9126600
2022-01-26,113.90760803222656,115.43497805739261,112.89252427989528,113.07277516417842,14753100
2022-01-27,114.2586441040039,116.84852789606119,113.59456595483351,114.77093048039362,9179500
2022-01-28,118.9166259765625,119.08738807649723,113.47122360415585,114.57168484097929,8286500
2022-01-31,120.9183349609375,121.39267332524582,118.70791644618176,119.07789979131593,7210000
2022-02-01,120.67168426513672,121.1080819559182,119.76095541925913,120.83296481948183,5602000
2022-02-02,123.36589813232422,124.02998332982176,121.29779010206703,121.66777339535415,7450500
2022-02-03,123.43232727050781,124.21973067658936,121.67726956740755,122.02828979342229,5613300
2022-02-04,123.05287170410156,123.8212975810514,121.99983989755503,122.91056150147377,4149700
2022-02-07,121.47806549072266,123.2805455960594,121.12705247385556,123.20464971600768,4035200
2022-02-08,122.04725646972656,122.32238082992646,120.63373739549733,120.98474315610595,3890900
2022-02-09,123.79283905029297,124.07743050564376,122.77774794067855,122.87262140956813,3434200
2022-02-10,121.20294189453125,123.25207988191481,120.64321885626647,121.97137497290056,5917700
2022-02-11,119.04944610595703,122.30340772382021,118.72689947759646,121.22191678263694,4803200
2022-02-14,116.47853088378906,119.12533990020883,115.7195938220765,118.58459443907981,7433900
2022-02-15,117.61695098876953,118.98304063744345,117.07620551083352,117.8161722450797,5298000
2022-02-16,117.33232879638672,117.74026004691179,115.3211316853143,117.11412998143348,5078100
2022-02-17,114.39143371582031,116.85799159106708,114.28707870390582,116.67774070906411,3688300
2022-02-18,110.79595184326172,114.13529061795452,108.94602794922693,113.84120315923171,12376100
2022-02-22,111.47900390625,113.20559525507382,110.1413662507431,110.55878632556721,8372800
2022-02-23,111.23234558105469,112.7407380938808,110.98568760690543,111.94385312208489,5184200
2022-02-24,112.62689208984375,112.81662452310154,108.55706842735738,109.09781382375328,6252600
2022-02-25,116.12752532958984,116.62083405871692,112.41819573456962,112.62690577921813,5837700
2022-02-28,114.42938995361328,114.84680279372932,113.03483400032309,114.83732123765171,6828400
2022-03-01,112.1051254272461,114.9416740100775,111.3556699555094,114.13529301384266,6697700
2022-03-02,114.18274688720703,114.83733623349413,112.19052693856848,112.53205118551567,6419800
2022-03-03,114.76142120361328,115.80496412283364,114.30605320437103,114.60014790218888,5223100
2022-03-04,115.1788558959961,115.51089133458156,112.90203008624901,113.77481102133932,5911400
2022-03-07,112.75971221923828,114.68552474644254,111.24183095921242,114.35348935172263,6632000
2022-03-08,110.1508560180664,112.9115015466837,109.77138387740253,111.85847703213932,6694000
2022-03-09,112.31385040283203,113.082276326403,110.46393346170565,111.84900077826204,5004700
2022-03-10,110.99517059326172,111.76359638126377,109.79035440479997,111.16593268368757,4377600
2022-03-11,108.16812133789062,112.00077632913707,108.03530717009049,111.41260136825913,8012400
2022-03-14,109.59113311767578,111.19439911410417,108.69938190951572,109.00295817485663,5527500
2022-03-15,111.45054626464844,111.74463373705862,110.25521154925134,111.46951661474657,5041200
2022-03-16,113.34790802001953,113.40482631230141,110.95723841456557,112.1430844226357,4441800
2022-03-17,114.97962188720703,115.01756982663183,112.63639633981889,112.89253588364947,3998900
2022-03-18,116.16547393798828,116.37418399684371,114.48631914799374,115.49191426302833,7823800
2022-03-21,115.5108871459961,116.78211056129263,114.94168252365691,115.6721604620568,4135100
2022-03-22,115.63420104980469,116.24135355177314,115.0365373413188,115.63420104980469,4479600
2022-03-23,110.91928100585938,115.01756417041304,110.7485189057601,114.8942388017193,5656000
2022-03-24,111.77310943603516,111.83002773258892,110.6252112826098,111.3556892937604,4505800
2022-03-25,112.84508514404297,113.18660931864808,111.69718726077573,112.56048649042435,2896300
2022-03-28,113.83171844482422,113.84120723868624,112.61741339233089,113.25302506233459,5350900
2022-03-29,114.02145385742188,115.80496343166604,113.18661373676518,115.5772830523182,5126100
2022-03-30,114.20170593261719,114.54323014575023,113.3384138434076,113.71788599553645,4064800
2022-03-31,112.2853775024414,114.30605631661744,112.03871952789315,114.04042799225579,5432600
2022-04-01,112.49411010742188,112.8640935245536,111.24185687147674,112.74076089362272,4314000
2022-04-04,112.77867889404297,112.87355235043943,111.53591478379752,111.82052067732982,4037200
2022-04-05,113.34790802001953,114.9701444905199,112.07667733569696,112.19052115809035,6113400
2022-04-06,113.78429412841797,114.02146332095656,111.7161784799683,112.89253564836748,5485100
2022-04-07,117.03826141357422,117.83514646497875,113.16765826661863,113.46174576351844,5863500
2022-04-08,116.92440795898438,117.97743971719507,115.84291705668623,117.08568126736606,5093900
2022-04-11,113.87915802001953,117.16157870882859,113.63250003825088,117.14260835845987,4071100
2022-04-12,112.31385040283203,114.41991414370199,111.67823865770961,113.64199942514757,4432300
2022-04-13,113.79967498779297,114.11398057736176,111.67569063802182,111.9709502666108,4407900
2022-04-14,112.09477996826172,114.53307002771449,111.97095578242298,114.34258134182383,3140000
2022-04-18,110.76133728027344,112.70435239488266,110.0469938087264,111.45662752323977,4115900
2022-04-19,114.27589416503906,114.51400862363154,111.1042078325849,111.13278040494774,5120900
2022-04-20,116.80944061279297,118.15240978967384,111.91380740631068,113.79967731568698,8334200
2022-04-21,117.5047378540039,118.43814255935244,116.81896697931997,117.32376852132971,7321100
2022-04-22,113.95206451416016,117.32376640954867,113.87586613686074,117.17136965494983,6710100
2022-04-25,114.30448150634766,114.5902145335714,112.23764221604053,113.49489369586409,4503500
2022-04-26,111.40899658203125,113.95205731361828,111.40899658203125,112.97102688457977,3366300
2022-04-27,111.17088317871094,112.94245538915611,110.60892925962204,111.71378387115854,4178700
2022-04-28,112.3995590209961,113.09484921993942,111.27565840625593,111.9614292581892,4960000
2022-04-29,108.10397338867188,112.17096548974473,107.75156134400017,111.49472124186973,6815900
2022-05-02,107.46582794189453,108.59924791569622,105.037057359919,108.10397299885442,4905000
2022-05-03,107.08485412597656,108.90404514251387,106.50385415978474,107.67538070691784,4491500
2022-05-04,110.19937896728516,110.79943211044429,105.84664654261967,107.15151651529868,5347400
2022-05-05,107.63726043701172,109.53264946703268,106.37048979047759,109.39930595336347,5703300
2022-05-06,106.93244934082031,108.26589190534686,105.69425838329217,107.19914366706752,4966800
2022-05-09,102.28446197509766,105.91332455654918,101.85585879041578,105.42757621835712,6478200
2022-05-10,101.67488861083984,104.41796495688946,101.16056043345348,103.7322013203853,6248300
2022-05-11,100.80815124511719,102.88450997605459,100.63671578110561,101.58917378122959,6636100
2022-05-12,102.83687591552734,102.88449444834006,99.65566289656137,100.48430384761166,8516100
2022-05-13,104.65607452392578,105.25612766930398,103.20834167054763,103.20834167054763,6159300
2022-05-16,104.49414825439453,105.26563677576644,102.68447691371847,104.19888865074387,7459000
2022-05-17,109.09452819824219,109.94221514371398,106.28477304713755,106.28477304713755,9172000
2022-05-18,107.3801040649414,109.24692071959649,106.89435575684968,108.02777574240764,6933900
2022-05-19,107.09437561035156,107.63727635821574,105.26565079999226,106.70386435778873,6304800
2022-05-20,107.85633087158203,108.31351386223506,105.55138449095429,108.00872762402541,4509600
2022-05-23,109.56123352050781,109.87554637852799,107.5705999530679,108.43733288274737,4357000
2022-05-24,108.36112976074219,109.68505289867996,106.51336641572692,109.68505289867996,5272600
2022-05-25,107.8087158203125,109.47551720397013,107.0086473774846,107.81823516764,3921700
2022-05-26,109.40884399414062,110.0184164822067,107.82776035737862,108.37066108164613,4027800
2022-05-27,111.14231872558594,111.36137998122783,109.98984549659913,110.5613188040842,3884800
2022-05-31,111.87570190429688,112.47574775372028,108.9611831118447,110.06603047586387,10563500
2022-06-01,109.6088638305664,112.39003933102649,109.08500904565754,112.24716918362611,4890200
2022-06-02,111.92332458496094,112.01856891713345,107.84680612789262,109.80886698401807,3856600
2022-06-03,111.02802276611328,111.96143475298251,110.7994348931427,111.22803806329723,3778200
2022-06-06,110.88516235351562,112.60911633296452,110.52323091732032,111.79952119233386,4205600
2022-06-07,111.32327270507812,111.65663877134891,109.7421964269996,110.58035673264679,3285600
2022-06-08,109.2374038696289,110.62799159519206,108.90403777604891,110.23748035033661,3683400
2022-06-09,107.3515396118164,109.9517531322921,107.32296703467016,109.18978383056238,3424700
2022-06-10,104.41796112060547,106.18001411914055,103.91315957616446,105.54186177804442,4805600
2022-06-13,100.87481689453125,102.96069469665515,100.3319089304965,102.56066413369187,5215300
2022-06-14,98.04602813720703,100.38907392828322,97.10308949200927,100.10333362367582,5890100
2022-06-15,99.81759643554688,101.03674145338384,97.77933699634869,99.36041342051927,5278100
2022-06-16,97.21739196777344,97.86506372641098,96.42685004963033,97.53170486535008,4793600
2022-06-17,97.655517578125,98.76037234613935,96.42684588611367,96.42684588611367,10249200
2022-06-21,99.44612121582031,99.96044202709312,98.41746505992221,99.8747243141064,5338300
2022-06-22,100.42717742919922,101.51297900661311,98.37939120278598,98.62703232629315,5511600
2022-06-23,101.16056060791016,101.70346136275242,100.07475909822564,100.91291949985018,5064800
2022-06-24,104.24650573730469,104.42747504886643,101.37008631148286,101.9129869794916,14301600
2022-06-27,103.89411163330078,104.86561551413556,103.15119561854291,104.675126836851,3804100
2022-06-28,101.88442993164062,104.70370464303801,101.81775816459222,104.05603293456309,4185500
2022-06-29,103.91315460205078,104.4560553100232,101.66535339477059,102.35112423993093,4552100
2022-06-30,103.48455047607422,103.89410765656898,102.25587893458993,102.94164977324878,6070900
2022-07-01,104.97991180419922,105.2180262812486,102.53209527079866,103.0654693740526,3291700
2022-07-05,104.10365295410156,104.28461501650317,102.10348552045235,103.57027158067908,4752300
2022-07-06,103.52265930175781,104.29414793373903,102.98927789609834,103.65600283650326,3975300
2022-07-07,104.28462219238281,104.4084463804528,103.05595052621857,103.32264486461979,4149000
2022-07-08,104.06556701660156,104.6941855414991,103.38932268324717,103.56076542034252,3115500
2022-07-11,103.71314239501953,104.19889796920556,102.94165380465374,103.43692872603835,4041100
2022-07-12,103.15119934082031,105.12278701523806,102.57971875498995,103.34168802497877,5756300
2022-07-13,101.16056060791016,101.88443070325906,100.65575904405233,101.76060651589023,5087700
2022-07-14,101.1318588256836,101.33276316726287,99.26631329746392,100.09863024129564,4993600
2022-07-15,104.10716247558594,104.26023660988683,102.61472616103445,102.75823133719743,4617900
2022-07-18,102.38511657714844,104.2411003404987,102.07897560268643,103.85842229767705,4499900
2022-07-19,105.1690902709961,105.23605837982419,103.28440696672119,103.73405311127121,5788400
2022-07-20,103.54270935058594,104.10715375081985,102.25117017233384,102.35640680610217,7300200
2022-07-21,105.89617919921875,105.9248787749538,103.71492385563675,103.91582818475861,5698000
2022-07-22,104.47069549560547,107.14943427199574,103.63837866858726,107.14943427199574,4733900
2022-07-25,103.80101776123047,104.59507338157297,102.81562677889092,104.36546218840508,3905600
2022-07-26,104.36547088623047,105.12125803736568,103.60969103407207,104.00193074854815,4824000
2022-07-27,105.22649383544922,105.84834475720889,103.91583117926953,104.64291144876456,3303500
2022-07-28,105.58048248291016,106.52760509559373,103.83930411361368,105.33174063044568,4736100
2022-07-29,104.12629699707031,105.11169535088254,103.8584245509764,105.07342681587245,4922900
2022-08-01,104.77684783935547,105.14039527366027,103.42791664594668,103.68622013439457,3871900
2022-08-02,103.93496704101562,106.09709193848796,103.83929934798986,104.87252795021315,3093800
2022-08-03,104.86294555664062,105.20735504659083,103.58097527760903,104.38459985381824,3866200
2022-08-04,104.96817779541016,105.82920148419564,104.83424158815195,105.62829717330834,2794000
2022-08-05,104.51854705810547,104.58551517158408,103.69579177881,104.04020130497912,2789600
2022-08-08,104.27937316894531,105.21693404751868,103.88712615168166,105.03516032742314,2283800
2022-08-09,103.23657989501953,104.08803471827815,102.89217038235574,103.40877735237477,3943500
2022-08-10,105.49436950683594,105.599606156765,104.47070988396167,105.00646209241243,3960900
2022-08-11,105.704833984375,107.27380734457913,105.60916630123599,106.03967452484972,3281400
2022-08-12,106.65196990966797,106.69980010450962,105.65700988985424,106.05881856161264,2813300
2022-08-15,107.05377197265625,107.44601166164139,106.21187884687602,106.48932023614665,2949500
2022-08-16,107.17813110351562,107.65647677999225,106.60411775153884,106.63281732429131,2897400
2022-08-17,105.76224517822266,107.27381215717531,105.59004042125632,106.795466421044,3053500
2022-08-18,105.19778442382812,106.12577624045217,104.07845724869392,106.12577624045217,4143600
2022-08-19,105.29345703125,106.00141394862024,104.6620444794329,105.69527298128969,5092700
2022-08-22,102.79650115966797,104.57594797520477,102.2607562428103,104.25067636110604,3496800
2022-08-23,101.41886138916016,102.24161660978315,100.95007732926295,102.19377911829113,4203000
2022-08-24,100.8735580444336,101.5719387793451,100.56741704440859,101.31363527578348,4278200
2022-08-25,101.30406188964844,101.37103000238433,100.0220987889966,100.68221095768554,5249200
2022-08-26,97.48685455322266,101.69629814855351,97.22854378929728,101.35188866263705,5440700
2022-08-29,97.4294662475586,98.16612284586894,96.82675318446805,97.10419461639218,4229900
2022-08-30,97.77385711669922,98.27134072681534,97.42944763245761,97.99389934789983,4629700
2022-08-31,98.20438385009766,99.54375340873789,98.15654635554816,98.51052483787454,7600700
2022-09-01,100.29953002929688,100.35693648069685,97.61122933914736,97.9269392754289,4397900
2022-09-02,98.06086730957031,101.07444664278158,97.56339099915903,100.88310398571875,4103200
2022-09-06,98.26177978515625,99.42894454374766,97.81213362743891,98.06087545278872,4670400
2022-09-07,100.16559600830078,100.4239067978341,98.29048156518404,98.42441778976546,5100800
2022-09-08,102.35641479492188,102.91129758010372,99.1036624495171,99.14193098287203,8700700
2022-09-09,103.78189086914062,104.346335316572,102.39468389846137,102.4903515828932,5781200
2022-09-12,104.55680847167969,104.92034859165916,103.81059031547231,104.0688937930147,4358100
2022-09-13,101.25621795654297,102.92086630837144,101.00748343875595,102.57645680792254,5300800
2022-09-14,101.19882202148438,102.16508244505427,100.46217280482672,101.34232720106037,3264200
2022-09-15,100.50999450683594,102.44251519070137,100.31865914955121,101.46668589121161,4237000
2022-09-16,99.49591827392578,100.45260979579045,98.93147377953461,100.25170545207612,8898200
2022-09-19,99.5820083618164,99.60114627801933,97.82169961792191,98.77839105672798,3816000
2022-09-20,97.87909698486328,98.5679159760871,96.84587579700387,98.33831207867127,4617100
2022-09-21,96.29100036621094,99.41937834118848,96.26230078921671,98.41485665150617,4720500
2022-09-22,96.69280242919922,97.4198899588934,95.52563771807802,95.71698038324826,5567500
2022-09-23,96.31968688964844,96.52059120035769,94.53067141003382,96.04224551800921,6214600
2022-09-26,95.51606750488281,96.29099251543023,94.96119203062172,95.84134638190949,6037800
2022-09-27,94.07147216796875,96.36753311112533,93.66966351013488,95.9083180029034,6377800
2022-09-28,94.44457244873047,94.97074831858009,93.34437592235277,93.8227216034756,7206900
2022-09-29,94.03319549560547,94.88465022974171,93.32524592655447,94.56894032634938,6698800
2022-09-30,92.5694580078125,95.19079028966388,92.48335198997252,94.43500323962765,6728400
2022-10-03,95.20993041992188,95.85091924219516,93.18174920603053,93.56442724794591,4817600
2022-10-04,98.6157455444336,98.74011279158938,96.1857486534866,96.37708400279946,5710800
2022-10-05,98.90276336669922,99.45764618129668,97.50599467059227,97.74516754250736,3803400
2022-10-06,98.01303100585938,98.74011851353893,97.46771719984373,98.4052779833497,6348100
2022-10-07,97.38162231445312,100.53869967931819,96.66410373621427,98.06087235930872,8485900
2022-10-10,96.75021362304688,97.88867890085653,95.97529580482808,97.69734351084459,4044600
2022-10-11,97.3433609008789,98.30005240850424,95.75524949471189,96.4823370842207,5304800
2022-10-12,95.74568176269531,97.49642886237154,95.72654384632943,96.86500900387462,4106200
2022-10-13,98.4947280883789,99.08106402606388,93.89055289468689,94.13085426805235,6250900
2022-10-14,96.99524688720703,99.88847005363642,96.87989959150342,99.17718006367002,6087200
2022-10-17,99.50399780273438,99.91731649292825,97.91801447222484,98.15831586574647,7315800
2022-10-18,100.9073486328125,102.53178081256293,100.59976319048562,101.70514356129402,8943900
2022-10-19,94.30387115478516,97.24515760575206,92.58331244869309,97.08175443256854,18525200
2022-10-20,91.51637268066406,93.94822136666535,91.32413451842977,92.77554951015505,12651200
2022-10-21,91.3721923828125,91.81434603231628,89.63241277641909,90.68973735857301,9859000
2022-10-24,94.47689056396484,94.66912873281422,92.17960997915932,92.32379227250439,8118000
2022-10-25,94.15007781982422,95.06322746454498,93.87133467222557,94.2654251223388,7114400
2022-10-26,94.60184478759766,95.65916938474678,94.0827929307973,94.28464520842809,8290100
2022-10-27,93.16963958740234,94.84213492774953,93.01584320357422,94.84213492774953,6610000
2022-10-28,95.63034057617188,96.13977835743022,93.42917893003846,93.54452623903558,5768100
2022-10-31,95.10166931152344,95.63994201536921,94.34231612807496,95.28429335980506,5885600
2022-11-01,95.45732116699219,96.42814082933904,94.8133152061968,95.75529987528661,5249400
2022-11-02,94.2365951538086,97.30284327501654,94.21736693565637,94.89982934514612,5196700
2022-11-03,92.7082748413086,93.24655495041463,91.65095017474003,93.05430943522799,4873400
2022-11-04,94.26541900634766,94.41921539972203,92.41990628634912,94.03473174970175,4902800
2022-11-07,95.63996124267578,96.15901316862598,94.32310687498267,94.94789200807551,4903700
2022-11-08,95.77452087402344,96.37047095790754,95.11128669465376,96.02443637157695,5708200
2022-11-09,95.60149383544922,97.34127336523903,95.39964156956883,96.03404069097776,5339600
2022-11-10,100.18645477294922,100.38830705253547,98.1775314188297,99.03300374663553,5907400
2022-11-11,100.05188751220703,101.80128874652951,99.89809842938662,100.58055352625138,7106900
2022-11-14,98.05257415771484,100.26334238623136,98.03334594118832,99.64817145886886,5661600
2022-11-15,99.13873291015625,100.42675207049538,98.40821468986564,99.43670426313369,5262900
2022-11-16,99.59049987792969,101.21493947780509,99.2540794282733,100.19605668731117,3292800
2022-11-17,98.58123016357422,99.09066788678037,97.61041792378788,98.68696335141878,3332900
2022-11-18,99.84042358398438,100.14800906808168,98.94650212498028,99.50399577318287,3931800
2022-11-21,99.85002899169922,100.83046275055293,99.64817670803316,99.7058540272351,4148800
2022-11-22,100.80162048339844,100.92657455472222,98.87920953949897,99.94614820003643,4511700
2022-11-23,101.9070053100586,102.33955219116412,100.34985707164378,100.8977439209779,4617500
2022-11-25,102.81053924560547,103.18540880336927,102.37799970462137,102.53178877101413,2558100
2022-11-28,101.30144500732422,103.56989052806935,101.05152952902766,102.5798500564608,4149700
2022-11-29,100.92657470703125,101.29183014689367,100.42675108756603,100.92657470703125,4832300
2022-11-30,103.406494140625,103.52183411247069,99.4271037767898,101.05153615875254,12737300
2022-12-01,103.74291229248047,104.43498144173165,103.18541132964856,104.04088365763512,5076200
2022-12-02,103.89669799804688,103.94476120596134,102.0800202068019,102.6086861601974,4944100
2022-12-05,101.3206787109375,102.90666197298718,100.98425090779607,102.74325879246584,4687100
2022-12-06,99.830810546875,101.32068210568269,99.12912725786722,100.91697019506987,4175700
2022-12-07,100.74394989013672,101.39756994800962,99.98459663662142,99.98459663662142,3592400
2022-12-08,102.77208709716797,102.9354902670558,100.18644936947024,100.59976801492611,4607700
2022-12-09,103.3392105102539,104.27158106508308,102.3203276427354,102.5894713562228,5346400
2022-12-12,105.24237823486328,105.33849730913211,103.5506619941691,103.5506619941691,4752500
2022-12-13,107.20325469970703,108.32786344243499,106.75148691414543,107.9626079704613,6246000
2022-12-14,106.9437255859375,108.52971612172692,106.24204234684203,107.04945877721786,5614900
2022-12-15,104.31001281738281,105.73260011840607,104.2042869640068,105.58841783337965,4947800
2022-12-16,102.76248931884766,103.66601755306623,101.6763223492227,103.52183525325394,7976100
2022-12-19,102.45487976074219,103.02199475842865,101.72436893897738,102.5990620369957,4352000
2022-12-20,102.35877990722656,102.83938269603576,101.52253574808516,102.47412721657074,3673000
2022-12-21,103.94475555419922,104.18505691387388,102.90665192038495,102.93548691019943,3228600
2022-12-22,103.83901977539062,103.96398117268586,102.09924032149837,103.5314343360271,3311100
2022-12-23,103.98321533203125,104.19468172361147,102.94511159159177,103.49299845458766,2618400
2022-12-27,104.35808563232422,104.81946752020744,103.21424868812214,104.1466192392701,2927400
2022-12-28,103.64678955078125,105.82872278225342,103.56027724346852,104.79061909499609,3265200
2022-12-29,106.03057098388672,106.46311783701161,104.2523423657038,104.53109282658457,3047800
2022-12-30,105.53074645996094,105.84794601614956,104.44458694947278,105.54036056774665,3471000
2023-01-03,105.32889556884766,107.01100511589502,104.53109328079974,106.22281693575802,4171900
2023-01-04,106.89566040039062,107.59734362650633,106.06902310208041,106.70342223802743,4395500
2023-01-05,106.50157165527344,107.37626484132798,106.07863889127313,106.78992890338789,4896900
2023-01-06,107.97220611572266,108.36629652282063,105.9344479942181,107.65500656849224,3800400
2023-01-09,107.79920196533203,109.26023114841887,107.6742405526873,109.11604885182213,7277700
2023-01-10,109.43324279785156,109.65432328569501,107.96259958187234,108.13561686218847,5591700
2023-01-11,108.7603988647461,111.20186160415571,107.78957930036856,110.41367342319793,5350300
2023-01-12,107.52448272705078,108.51900576356643,107.07066952787514,108.13278129405828,4697700
2023-01-13,109.6004409790039,109.96735020076073,107.36034772873052,107.4375867350975,5348700
2023-01-17,109.48457336425781,110.34391902079378,109.1659375949931,109.59078528734605,5711000
2023-01-18,107.66931915283203,109.66802288808988,107.36034104673581,109.3107639602271,4288500
2023-01-19,107.94933319091797,108.45141985771839,106.78100211441499,107.23481532540686,6157700
2023-01-20,108.9342041015625,109.14662794435185,107.8045035194042,108.33555575975795,5078300
2023-01-23,110.08322143554688,110.74945115449121,108.54798105720793,108.55763869563313,6115300
2023-01-24,108.65419006347656,109.74527481102528,108.41280067566413,108.97282582337766,4662000
2023-01-25,107.17689514160156,108.37418452016946,105.81545537004148,106.21133752771327,6070800
2023-01-26,107.24447631835938,107.7755359152022,106.3175419583769,107.4182769712698,4159500
2023-01-27,106.16305541992188,107.42794088816116,106.0278779449375,106.8389501614636,4860600
2023-01-30,106.02787017822266,106.85825024465416,105.84441925653617,106.02787017822266,4434800
2023-01-31,106.74239349365234,106.84860541685954,105.12025646340214,106.00856766966257,5698300
2023-02-01,107.9686508178711,108.22934812923572,105.89270049915315,106.96447002726754,4532300
2023-02-02,108.38384246826172,108.49971203424217,107.07068352029661,107.44725040145808,5051800
2023-02-03,107.93968200683594,108.46108398042986,106.84860460095328,107.95898991698994,3754500
2023-02-06,106.93549346923828,107.84311987947815,106.65548090934259,107.72725032712228,4145600
2023-02-07,108.13279724121094,108.53833704564296,106.09547004654912,106.2499628037842,3401600
2023-02-08,106.4044418334961,108.01692858260655,105.96994387133213,107.56311534363282,4222300
2023-02-09,104.3478012084961,107.43758233522782,103.80709135297286,106.87756457055845,3912700
2023-02-10,104.43470764160156,105.149218162511,104.08710633594411,104.53126192281319,4186300
2023-02-13,104.78229522705078,105.38094352085436,104.05812711194507,104.58918667633687,3711000
2023-02-14,103.56570434570312,104.60850089573627,102.69670108182595,104.46367315727295,4244000
2023-02-15,103.58500671386719,103.6139722600103,102.61944922046183,103.08292005860879,4060300
2023-02-16,102.42635345458984,103.69123157153095,102.03047129689746,102.12702558496731,3299000
2023-02-17,103.06361389160156,103.27603773758258,101.85666691818186,101.90494774376653,3564100
2023-02-21,100.08004760742188,102.48428399024735,99.79037737818607,102.20427139975138,5204300
2023-02-22,99.15310668945312,100.27314961141862,97.03853330781534,99.68415891942472,8900900
2023-02-23,99.0179214477539,100.20555300997889,98.15857588919472,99.68415109243418,4611100
2023-02-24,96.99992370605469,98.29377482866096,96.44955612279468,97.95582374716511,5476800
2023-02-27,96.33367919921875,97.82063879784097,96.22747463974994,97.79167324829312,4489800
2023-02-28,98.21651458740234,98.8924019217821,96.25643395108162,96.40126168943482,7877000
2023-03-01,97.35717010498047,97.86891443082006,96.93232242317272,97.23164290810843,3963500
2023-03-02,99.09517669677734,99.43312775982949,96.81646010566391,96.81646010566391,5209900
2023-03-03,100.85247802734375,100.9104164867016,99.22069086004306,99.35586832084621,4982400
2023-03-06,99.2110366821289,100.99731664785067,99.09516712599162,100.91042000571223,5005100
2023-03-07,96.53645324707031,99.5489882805628,96.38196049323994,99.31725651643721,6349000
2023-03-08,95.97642517089844,96.8164555530112,95.84124769868214,96.47851187247045,6252600
2023-03-09,94.47980499267578,96.52678965495946,94.14186132278967,96.44954328280849,5146000
2023-03-10,93.62045288085938,95.01085801686341,93.23422841345615,94.39290181566584,7042400
2023-03-13,94.80810546875,95.78331336513538,93.07009879870269,93.27286501577153,6553000
2023-03-14,95.15570831298828,96.07298512380366,93.98737708664592,95.86056126446869,5093900
2023-03-15,94.43152618408203,94.56670364437664,93.36940704373994,94.14185598823981,5712100
2023-03-16,95.61917114257812,95.86056055063942,93.6590903277797,93.71702142839597,5289100
2023-03-17,93.66874694824219,95.78331313056451,93.18596813736913,95.59986219173437,10848100
2023-03-20,94.49911499023438,94.81774336597418,93.83287795923287,93.9101243270688,6075700
2023-03-21,94.94327545166016,95.02052182347974,93.93909471786395,94.78878270802099,4475000
2023-03-22,93.5239028930664,95.88951589360178,93.50458761717033,95.21362856962577,3606700
2023-03-23,93.69770050048828,94.44117653271978,93.11836747494672,93.56252304008255,4525000
2023-03-24,94.67292022705078,94.70188577473958,93.47562356737137,93.69770504401787,5269100
2023-03-27,95.06880187988281,96.05367477239653,94.88534357573184,95.59020387592773,4627700
2023-03-28,93.76528930664062,94.85636662840464,93.2825105571951,94.72118916788943,4815400
2023-03-29,95.2232894897461,95.33915168263877,93.90047297680447,94.634298787143,6780200
2023-03-30,95.66744995117188,96.05367446924025,95.11708240707593,95.95711281475818,5199300
2023-03-31,97.77235412597656,97.91718922372758,96.29505233547816,96.47850325045164,6442400
2023-04-03,98.09098815917969,98.15858425976579,96.59437837374246,97.32820417582224,5432400
2023-04-04,99.25932312011719,99.78071773567925,98.32273107989901,98.39031981648075,7979000
2023-04-05,100.62075805664062,100.69800443373843,98.96965542092975,99.09517525874871,7298300
2023-04-06,101.31596374511719,101.91461213558593,100.59179551307831,100.89111602500257,5065000
2023-04-10,100.12830352783203,101.29663451223195,99.51034735589184,100.82350606291942,4900200
2023-04-11,99.7324447631836,101.09387714001207,99.54898646301459,100.61109834303662,4658000
2023-04-12,99.02758026123047,100.26349275019754,98.78619087302224,99.82899479807051,4560700
2023-04-13,100.54138946533203,100.63842629067052,98.78499849536911,99.7068594412376,4778700
2023-04-14,100.88101196289062,101.25946072625273,100.39582048130491,100.54137940646751,5043700
2023-04-17,101.42442321777344,101.74465136980669,100.91982733859162,100.91982733859162,4806400
2023-04-18,101.06539154052734,102.56948075754235,100.8519060946896,102.317186506493,6552100
2023-04-19,108.96430206298828,109.36215522167669,104.94691725262035,105.28654980355786,12425400
2023-04-20,107.0817642211914,108.96430963933129,106.74213164663908,108.92549343032033,7413200
2023-04-21,108.35295867919922,108.79933392689455,107.59605379474121,107.59605379474121,6301100
2023-04-24,107.13027954101562,108.44029504747951,106.8779779001583,108.44029504747951,5341900
2023-04-25,106.7130126953125,107.25642477057134,106.42189485303284,107.12057175175663,5636700
2023-04-26,105.52914428710938,106.17929907738734,105.06335722033106,106.08226226447685,4240000
2023-04-27,106.25694274902344,106.2957589589878,104.48114001118795,105.49033925995617,4257200
2023-04-28,107.1982192993164,107.56696220195886,106.13079939930061,106.19872591829883,4835900
2023-05-01,107.81925964355469,108.26563495137674,106.67420736577287,107.18850918992797,3722900
2023-05-02,108.19770050048828,108.62467137380449,107.15939102500663,107.77072962717207,4998000
2023-05-03,108.45000457763672,109.60475529652739,108.12977641546395,108.49851928487115,5602000
2023-05-04,107.57666015625,108.18799878205898,107.28554229437823,108.14918257358043,4070700
2023-05-05,107.96480560302734,108.44029116020899,107.76102607852093,108.07154831635464,4025000
2023-05-08,107.61548614501953,108.27534694225476,107.02355186793638,107.18851521638632,2445500
2023-05-09,106.98472595214844,107.74162350902904,106.0531591588004,106.8682773266919,3274300
2023-05-10,107.41168975830078,107.68339579634572,106.38307880985802,107.61546928683448,3129100
2023-05-11,106.79064178466797,107.19820082843248,106.02403840038671,106.8003402832571,3879400
2023-05-12,107.21761322021484,107.27584123325965,106.23753174241452,106.50923779184173,3325000
2023-05-15,106.58686065673828,107.69310404109389,106.2957502111158,107.36316998526709,3020000
2023-05-16,106.15019989013672,107.18850944422493,106.02405276048611,106.29575882646283,3393800
2023-05-17,105.59707641601562,106.72272423529648,104.77225235723068,106.51893729287504,3801000
2023-05-18,105.2574462890625,105.61648326459769,104.67521796369519,105.50974794464778,3481600
2023-05-19,105.70381927490234,106.72272437460086,105.18951747534517,105.75234138572024,4487200
2023-05-22,105.04395294189453,106.08226238846225,104.86928371707779,105.46121790098816,2809500
2023-05-23,102.60828399658203,104.296755543822,102.39479857772866,104.12208632870869,4337800
2023-05-24,100.9586410522461,102.52095816378046,100.91011894431155,102.52095816378046,4507600
2023-05-25,99.11491394042969,100.4637456489231,98.33860461890161,100.21144400891131,6734500
2023-05-26,99.82329559326172,100.38611207123273,99.00817007477227,99.12461869268056,4911800
2023-05-30,98.6976547241211,99.48366259045753,98.5618016954564,99.22166243615699,5168700
2023-05-31,98.97906494140625,99.24106509109284,97.40704183298273,98.49387344659544,7063400
2023-06-01,99.7747802734375,99.85241269065833,97.92135258375764,98.89173558871363,4603900
2023-06-02,101.1139144897461,101.40503237660333,99.80389880575935,100.25027413642114,6024300
2023-06-05,100.68693542480469,101.89991409375037,100.2793689654289,100.97804586329109,3565900
2023-06-06,99.58070373535156,100.95864578545734,99.19254906398012,100.7936824562407,4044300
2023-06-07,98.64913940429688,99.45455166826326,98.25127882036325,99.386625154352,6231200
2023-06-08,97.7951889038086,98.37741717161369,97.59140938024852,98.25127005801005,5159000
2023-06-09,98.6782455444336,98.95965749116854,97.56230366005278,97.97956862887571,4276000
2023-06-12,98.39684295654297,98.89174038604018,97.80490870252977,98.82380646510032,3629100
2023-06-13,98.84320831298828,99.04698784497032,97.95045777189523,98.48416395467646,4642200
2023-06-14,100.1920394897461,101.06538562458088,99.77477452551584,100.2502600975903,5020600
2023-06-15,101.90962219238281,102.2007400617264,100.05619446142914,100.20175339610094,6378600
2023-06-16,103.05467224121094,103.41371661854686,102.24925997311192,102.3171864873717,10020500
2023-06-20,103.53985595703125,104.48112858629351,101.79317112024336,102.08428155799089,6573100
2023-06-21,103.10318756103516,103.59808493428973,102.48214307058932,103.46223191471934,4428600
2023-06-22,105.04395294189453,105.1506956572511,103.2875621948288,103.53015792910568,5480300
2023-06-23,104.84988403320312,105.28655341317425,104.19002331014447,104.99543555757043,5647000
2023-06-26,105.2962646484375,105.97552980800013,103.63691055570452,104.89840405252583,6134700
2023-06-27,104.59758758544922,105.71352954949823,103.60779274993497,105.66500743667372,4849700
2023-06-28,104.42291259765625,104.94692029289774,104.18031685375378,104.7625451584328,3900000
2023-06-29,104.471435546875,104.66550918218186,103.80186891922747,103.86008952913261,3417400
2023-06-30,105.79115295410156,106.10167522251852,104.51024767145222,104.80136553709588,4449200
2023-07-03,104.04446411132812,105.26714873687087,103.86008897636366,105.0439573943647,2268000
2023-07-05,104.19001770019531,104.63639295890141,103.2972597793489,103.55926731597188,4968600
2023-07-06,104.0250473022461,104.267643035137,102.99644376388761,103.58837794441617,5325000
2023-07-07,103.2002182006836,104.73342493375186,102.92851217779734,103.15170349855897,5053700
2023-07-10,103.85038757324219,104.55877043556059,103.14201211435869,103.42342407865313,5259500
2023-07-11,104.31617736816406,104.49084661245281,103.60779448759439,103.8503902489157,3899700
2023-07-12,103.68541717529297,105.00513858527603,103.50104944833087,104.85957966145955,4845300
2023-07-13,105.05046844482422,105.09922326304383,103.79267001195484,104.02668421267995,4936800
2023-07-14,105.23572540283203,105.76224618392193,104.50444778003063,105.30397768340254,4015600
2023-07-17,104.32894897460938,105.0212242854128,104.04618737910805,104.85546979668689,4580800
2023-07-18,104.28018188476562,104.51419607078383,103.31489754399676,104.14367732905853,3913900
2023-07-19,104.6019515991211,105.3917290635461,104.38744230287213,104.39719475423094,6225900
2023-07-20,109.03837585449219,109.75990106132463,105.08947352292863,105.40148502633788,8768600
2023-07-21,111.43695831298828,111.92447671976191,109.52588705110854,110.03290292101927,7062700
2023-07-24,111.75872802734375,112.93852174008597,110.35467256275224,110.9981930247294,5665900
2023-07-25,110.11091613769531,110.66668686669286,109.70140242978998,110.28642307521775,4732500
2023-07-26,111.23221588134766,111.44672519834127,109.57464862026885,109.69165573106758,3682500
2023-07-27,109.83790588378906,111.72947237016704,109.70140131587335,111.60272025394276,4762900
2023-07-28,109.91590118408203,110.68617370593876,109.51613252740209,110.35466476629819,3409200
2023-07-31,108.55085754394531,110.07191269499783,107.93657954914254,110.0329103271579,3930800
2023-08-01,107.77081298828125,108.47284065284921,107.54655869700771,107.94631990442323,3733700
2023-08-02,105.90850830078125,107.44906091347188,105.36248259095954,107.27355397798294,4699400
2023-08-03,104.85546112060547,105.60623620320442,104.46544490256653,105.02121559561631,4947700
2023-08-04,104.96271514892578,106.06450407738267,104.60194884754794,104.64095121301641,3231100
2023-08-07,105.74274444580078,105.87924901102662,104.94321451850337,105.29422838306719,3632500
2023-08-08,102.94438934326172,104.91396044848541,101.08206544451929,104.91396044848541,7544300
2023-08-09,102.67137908935547,104.2314364978831,102.5543719941132,102.86638347581872,5135200
2023-08-10,102.1253662109375,104.32895176094137,102.0083665399786,102.84689889691082,4708200
2023-08-11,102.68112182617188,102.77863145618336,101.10156698957451,101.61833529729786,3478600
2023-08-14,103.45140838623047,103.56841548634985,102.51537390209792,102.51537390209792,3076100
2023-08-15,102.32037353515625,103.50016727843892,101.94010974347593,103.50016727843892,3150600
2023-08-16,101.92059326171875,102.74937303561784,101.83284352234908,101.85234098478448,4086400
2023-08-17,102.31061553955078,103.26615491234307,101.87185193875332,102.57387221224111,4175200
2023-08-18,101.12106323242188,102.43736139335505,100.70179712082714,101.94984300493978,4809700
2023-08-21,101.27708435058594,101.80360516338196,100.77981345423282,101.18932716231603,2954700
2023-08-22,102.5251235961914,102.89563491152698,101.13082063943249,101.28682266312197,4840500
2023-08-23,102.505615234375,103.46115456338383,102.18385874670562,103.06138590809165,3403300
2023-08-24,101.16006469726562,103.20764042262707,101.0430576070672,102.29111091902996,3529500
2023-08-25,101.60858917236328,102.16435987890382,100.71155705635763,101.42332979053616,3000800
2023-08-28,100.22403717041016,102.59337697720898,99.34650253105121,102.44711996415903,5862500
2023-08-29,101.27708435058594,101.34533663526646,100.40930211438723,100.66280634952001,4515600
2023-08-30,101.80360412597656,102.45687704968196,101.48184017050099,101.48184017050099,3711300
2023-08-31,100.33129119873047,101.9693533691198,100.29228883289493,101.91084610089618,4042300
2023-09-01,100.28253936767578,101.19907639474975,99.99977778615423,100.81881261520648,2641100
2023-09-05,98.3617172241211,100.28254105716704,98.35197221141335,100.21428877350789,4284000
2023-09-06,99.02474212646484,99.51226056141427,97.279425236673,98.48847631138506,5094400
2023-09-07,98.15695190429688,99.7267617319573,98.00094988608174,99.44400017006824,3863200
2023-09-08,98.21546936035156,98.30321910990055,97.34767968303397,98.08870980352594,3521300
2023-09-11,99.89251708984375,100.5555424107736,98.03995312275013,98.28371232251934,4891100
2023-09-12,99.84378051757812,100.35079643482963,99.0637480183314,99.81453060067109,3531400
2023-09-13,100.12654113769531,100.85781880901604,99.51226313286355,99.52201558471802,3192500
2023-09-14,100.08753967285156,101.0333266598626,99.96078011442252,100.64331041051541,4086600
2023-09-15,99.20024871826172,100.32154260256397,98.94674448900037,100.28254023522969,8300900
2023-09-18,98.47872161865234,99.5220107481438,98.23496240672499,99.5220107481438,3652600
2023-09-19,98.15695190429688,99.41475025658667,97.64018359561494,98.84922713280856,4090800
2023-09-20,97.77669525146484,98.81998439539717,97.76694279994933,98.66398236585354,3966000
2023-09-21,96.46039581298828,97.69868933864738,96.38239107968703,97.50368494433503,3943700
2023-09-22,95.69986724853516,96.46039479282713,95.57310769852602,96.43114487788371,4357800
2023-09-25,95.0368423461914,95.75836752762996,94.73458330510378,95.52436076804408,4096300
2023-09-26,93.82779693603516,95.09534034507826,93.63278510768502,94.62732683491917,3967700
2023-09-27,93.14527130126953,94.52007686309504,92.39449618208225,94.17880800634165,5391000
2023-09-28,95.67062377929688,95.82662581581918,93.72054996964995,93.87655200617226,6092800
2023-09-29,94.43231964111328,96.05088442062247,94.0715607591063,95.9923771497757,5150500
2023-10-02,93.34027862548828,93.4962806493981,92.17022997093174,93.36952854003758,4349200
2023-10-03,93.39878845214844,93.76929980766748,92.21899465908213,93.13552431514323,4597500
2023-10-04,93.26227569580078,93.93504606025392,92.46274578059761,93.49628245565663,4336100
2023-10-05,93.79853820800781,94.27631160125866,92.72599920409172,93.36952706980568,5708300
2023-10-06,94.4615707397461,95.07584873821166,93.06726769665373,93.41828157036518,4790500
2023-10-09,94.34455871582031,94.58831790513645,93.3987718710433,94.00329733856574,3958300
2023-10-10,95.12458801269531,96.03137253601794,94.1788011246239,94.4030628621942,4352200
2023-10-11,90.3274154663086,94.73458630523338,89.75214728099596,94.73458630523338,9269300
2023-10-12,88.42537689208984,91.25883158030315,87.91554683850127,90.44506927023096,7387000
2023-10-13,89.09207153320312,89.86661556258696,88.05280604206864,88.12143614694465,5623600
2023-10-16,90.3764419555664,91.0431376369184,89.09207530418624,89.31757102398605,6452300
2023-10-17,90.33721923828125,91.19019980455546,89.47443971432094,90.15093432056013,8288600
2023-10-18,93.69029998779297,94.61191063005579,89.85680573690085,94.12169347653219,16482600
2023-10-19,93.57266235351562,94.65113870698708,91.92553224780833,94.65113870698708,8537800
2023-10-20,94.88643646240234,96.22963423267015,93.38637308370387,93.38637308370387,11516600
2023-10-23,93.906005859375,96.22963808576603,93.78835851837147,94.98448220592563,6178800
2023-10-24,92.9549789428711,93.95502617533356,92.49417359851294,93.5334391028485,6677000
2023-10-25,91.7392349243164,92.78829930063975,90.97449738570387,92.7098627633154,8157700
2023-10-26,92.14122772216797,92.89615891497317,91.22942343572382,91.23922239398564,6838100
2023-10-27,91.0333251953125,93.45499916464226,90.57251986769167,92.89615190096002,5934100
2023-10-30,91.1803970336914,92.01376475786768,89.84700568296111,91.70002605652647,7168900
2023-10-31,92.70006561279297,93.04321612012444,91.2980442713072,92.06278182482306,7452300
2023-11-01,93.15106964111328,94.11189111476288,92.70986969576276,92.99419655473432,6985000
2023-11-02,94.08247375488281,94.28836405857129,92.59221692241952,93.12165233766991,4683100
2023-11-03,93.9648208618164,95.26880029186917,93.7883498665902,95.10212825407541,5652600
2023-11-06,93.1412582397461,93.93540762688866,92.56280559482003,93.68050009528739,6137400
2023-11-07,92.94518280029297,93.57266020902757,92.6510494923958,93.07263657765068,4466500
2023-11-08,92.8863525390625,93.85698797633447,91.95494285534745,93.35696434017504,4416000
2023-11-09,91.71963500976562,93.3275467203785,91.56276192574468,93.02360699011803,5007900
2023-11-10,92.13142395019531,92.37653255600934,90.62155404076638,91.86670246704838,5479100
2023-11-13,93.91581726074219,94.85703343911263,92.6510559172728,93.7981624334004,6894800
2023-11-14,95.1805648803711,95.92568957240096,94.31777789784361,94.43543270822104,5527100
2023-11-15,96.08256530761719,96.4061104350044,95.02369442532476,95.46489436634013,5370500
2023-11-16,98.29835510253906,98.38659060813859,95.72961428002036,95.8080508273005,7603200
2023-11-17,97.60224151611328,98.77875973178865,97.30810822213424,98.4650210422672,6069100
2023-11-20,99.21995544433594,99.3278038236547,97.01397810755861,97.01397810755861,6869100
2023-11-21,99.91606903076172,100.57295825550143,99.01406373636095,99.4846755195318,7111600
2023-11-22,100.69060516357422,101.2004352165208,100.0827406513724,100.27882453012386,6470600
2023-11-24,100.8572769165039,101.16120914918355,100.19058130795635,100.67099200996094,2166800
2023-11-27,100.70040130615234,101.44553343344404,100.24940244703677,100.59255293982908,4572500
2023-11-28,100.0631332397461,100.4847203341925,99.36702570800823,100.4553084987857,3607600
2023-11-29,101.60240936279297,101.80829967941843,100.22980725195652,100.3180427533158,5458700
2023-11-30,102.2494888305664,102.67107585727307,101.09257611635651,101.7200534379497,16766200
2023-12-01,102.82794189453125,102.9259913040536,101.86712051421803,102.18085917637822,4682300
2023-12-04,103.13189697265625,103.44563568158229,102.25931095470196,102.36715933715661,4717700
2023-12-05,102.30831909179688,103.1907114697475,101.91614387047214,102.94560289143456,4315500
2023-12-06,102.88678741455078,103.20052612055551,101.84752187331196,102.58284766677188,4296000
2023-12-07,102.01419067382812,103.1514905584172,101.92594769823242,103.13188516390703,5199000
2023-12-08,102.46519470214844,102.80834522423459,102.08282590894952,102.08282590894952,3425800
2023-12-11,104.14173126220703,104.17114309402615,102.17105624900644,102.17105624900644,5208200
2023-12-12,104.59272766113281,105.12216306170409,103.4946385917865,104.28879543270331,5354500
2023-12-13,105.1515884399414,105.18100027485353,103.82800350805022,103.9358518894752,6534800
2023-12-14,106.47516632080078,106.5437964244245,104.59273420987584,105.72023518093995,6611600
2023-12-15,105.1907958984375,105.85749151501166,104.42605834886241,105.74964314467466,13316300
2023-12-18,105.94573211669922,106.49478043218153,105.06334719704479,105.53395149017777,5142800
2023-12-19,106.29869079589844,106.59282409395418,105.32806288050728,106.03397681174467,4675100
2023-12-20,105.29864501953125,106.69085992638232,105.20060308583132,105.73983746124094,5666200
2023-12-21,106.3575210571289,106.55360493411813,105.08295341633776,105.3182555647489,3555600
2023-12-22,106.8967514038086,107.20068364564841,106.3771224173908,106.7300793666784,2565700
2023-12-26,107.09284210205078,107.58305925306607,106.38692820776957,106.38692820776957,2513400
2023-12-27,107.64188385009766,107.65169028763655,106.9065581172043,106.9065581172043,2471800
2023-12-28,108.23995208740234,108.54388433763455,107.57325644035208,107.70071021106745,3206100
2023-12-29,107.9164047241211,108.56349496230655,107.68110258301738,108.23994984321382,3550200
2024-01-02,107.70071411132812,108.82821513351024,107.41638724624772,107.41638724624772,5058600
2024-01-03,107.3771743774414,108.09289479522995,107.15167864972955,107.98504641063002,4239600
2024-01-04,108.8086166381836,108.85763387174859,107.36737682521728,107.53404888355622,5296100
2024-01-05,108.63212585449219,108.877234434958,107.87718723779017,108.54388287586197,4127700
2024-01-08,110.2008285522461,110.3184758934985,108.74978234245901,108.95567266977162,5030400
2024-01-09,110.52436065673828,111.31851003694929,109.8674639984161,109.95570697406177,3802100
2024-01-10,112.16168975830078,112.17149619611406,110.60279527128661,110.83810489808296,4672100
2024-01-11,111.81687927246094,112.0434718503861,110.92037028899327,111.58044039881543,5163900
2024-01-12,112.23065185546875,113.23553024586238,111.76762039286155,112.4769445469614,3884800
2024-01-16,112.07302856445312,112.37842909703735,111.23563491570972,111.82673587268998,5876000
2024-01-17,112.2405014038086,112.80204841842912,111.75776985137315,111.93510088316155,4672000
2024-01-18,112.32916259765625,112.8710095021384,111.72821537121622,112.5064936285544,5098000
2024-01-19,112.98924255371094,113.15671978743461,111.77747915079837,111.94495638452206,6843100
2024-01-22,112.49664306640625,113.92513755494504,112.44738152559215,113.2256672696687,5062500
2024-01-23,112.3094711303711,113.78722732945492,111.1962308329137,112.75279498359356,5037300
2024-01-24,109.12735748291016,111.66909974757141,108.11263284264966,109.10765737563835,8710800
2024-01-25,110.78245544433594,110.9006786483129,109.14707579540051,109.75788440822959,5648600
2024-01-26,110.3489761352539,111.72821666754704,109.88594468718884,111.55088563459141,5176600
2024-01-29,111.76761627197266,111.78732389566906,110.3686756397751,110.486898833185,6480600
2024-01-30,111.79718780517578,112.2306578543179,110.71349389167835,112.21095774509833,4768400
2024-01-31,111.4720687866211,112.84145548999479,110.94992950614487,112.30946239773897,8325200
2024-02-01,112.79219818115234,112.84145972564325,110.33912509388473,111.07800316370985,4520300
2024-02-02,110.44749450683594,112.36857448236704,110.319425013886,111.28488814959934,7575400
2024-02-05,109.99431610107422,110.79230200598626,109.50173072446059,110.35882446936424,5670000
2024-02-06,112.3094711303711,112.81191034261148,110.06328291036475,110.16179848705232,4734600
2024-02-07,111.62969970703125,112.90057092691322,111.21592977951339,112.90057092691322,4757500
2024-02-08,110.76274871826172,111.66910401250306,109.8662397199043,111.66910401250306,6980500
2024-02-09,110.15193939208984,110.95977910819819,109.54113833616424,110.58541692823552,5947500
2024-02-12,110.86126708984375,110.95978266496482,109.56084195597853,109.84654238520925,4232100
2024-02-13,109.68890380859375,111.43266018337904,108.9401794768415,110.80215152703184,4263400
2024-02-14,110.39823150634766,110.7134858447452,109.47217611519905,109.98446159649893,3991100
2024-02-15,111.95480346679688,112.5754583336558,110.60511683298532,110.60511683298532,5450700
2024-02-16,112.31932067871094,113.77736919734838,111.76761994094375,111.81688148554568,7161100
2024-02-20,114.91031646728516,115.45216339000618,112.27005853851583,112.63457442436963,9601100
2024-02-21,116.12208557128906,116.23045496121435,114.24040572463808,114.24040572463808,6144600
2024-02-22,117.25501251220703,117.48160507863078,115.0679398885491,116.34865727902383,4916100
2024-02-23,117.68849182128906,118.36826201469654,117.09739090001369,117.60967636078408,4261300
2024-02-26,116.92991638183594,118.17122609028111,116.63436215625022,117.72790226815872,3483100
2024-02-27,117.62939453125,117.72791010758661,116.08267668236964,116.40778484891143,3203300
2024-02-28,118.26974487304688,118.3288527095109,117.50130541773507,117.71804417311102,3383800
2024-02-29,116.88065338134766,118.6638099757124,116.77228400106797,118.53574048822556,6135200
2024-03-01,116.86095428466797,117.68849408713483,116.082668508773,116.81169274183992,3898600
2024-03-04,118.25990295410156,118.4963418399905,116.41763086439776,116.54570787795747,3164000
2024-03-05,116.72303771972656,118.811594970047,116.32896790313097,118.6539715531627,3502300
2024-03-06,117.57027435302734,117.80672074605084,116.66391906187303,116.84125009851248,3388700
2024-03-07,119.12683868408203,119.69823949131649,118.17122190694137,118.31899901450281,4200800
2024-03-08,119.166259765625,119.83617621420808,118.82145148685213,119.17611357823473,3357100
2024-03-11,118.40767669677734,119.61943252909678,117.84612966115837,119.13670095861013,3886000
2024-03-12,118.96922302246094,119.2844773648525,117.29442822154739,118.17122959620697,3079700
2024-03-13,118.37812042236328,119.13669858947159,117.84612731768397,118.73277497589318,3421700
2024-03-14,117.08753967285156,118.55544195494176,116.10236894356167,118.23034132663079,4952200
2024-03-15,113.7773666381836,113.7773666381836,110.59526935764266,111.34399370820744,22413200
2024-03-18,110.7726058959961,114.04337261410637,110.62482877442727,113.63944898290205,12991000
2024-03-19,111.48192596435547,112.72323570084157,110.37853201566703,110.77260181993121,8299200
2024-03-20,109.84654235839844,111.5607374171077,109.08796416226912,111.32429853362353,8317300
2024-03-21,109.85639190673828,110.4770467703899,109.36380653411616,110.28986192359147,9722700
2024-03-22,108.93032836914062,110.3194227196804,108.90077444955574,109.86623756519127,5387100
2024-03-25,108.3786392211914,109.1569250365332,107.4919840191402,108.81210925177247,6622400
2024-03-26,109.84654235839844,110.24061217504311,108.29982452897977,108.85151776252836,7770600
2024-03-27,111.79718780517578,112.0139190716184,110.28002384253625,110.3391316864518,7533400
2024-03-28,111.97451782226562,112.32917239875057,111.25533982413465,111.60014810422891,5278000
2024-04-01,110.42778778076172,111.97451310217618,110.16179498054626,111.97451310217618,3964000
2024-04-02,110.35882568359375,110.75289549247171,109.53128584958085,110.2307561901174,4560700
2024-04-03,109.62979888916016,110.88096993971348,109.40321382776487,110.47704632797786,4409900
2024-04-04,108.47715759277344,110.33912980696545,108.21115726717073,110.18149887086655,4799700
2024-04-05,109.55098724365234,109.61010260124463,107.91560766455845,108.073231080206,5590300
2024-04-08,108.88107299804688,109.82684357591583,108.50671080165556,109.64951253209749,5810500
2024-04-09,110.7726058959961,110.90067539268554,108.94018762755863,108.9500339237417,4235700
2024-04-10,109.52142333984375,110.01400868275886,108.71358367811321,109.5706848806376,3965500
2024-04-11,109.79727935791016,110.31942617989345,108.67418528092058,109.99431802175003,4321500
2024-04-12,108.02507781982422,109.40125590979147,107.41123999952019,109.17353956488647,4041500
2024-04-15,107.80726623535156,109.78737950267885,107.7478652544622,108.99533117433486,4595600
2024-04-16,108.12408447265625,109.23295062590448,107.06472417269504,107.75776079751725,7283900
2024-04-17,104.84700012207031,107.63895955632226,103.21340514858048,106.4607897326996,12002900
2024-04-18,104.22325897216797,105.9657607702622,103.43121819378527,105.44103196061965,7306400
2024-04-19,106.21327209472656,106.69839771947099,104.332163021788,104.92620303163466,10521800
2024-04-22,106.00536346435547,106.82711228314514,105.21331513601051,106.41129030985374,4948300
2024-04-23,106.52019500732422,107.03502871298979,106.2429803443657,106.59940135489325,3849600
2024-04-24,105.82715606689453,106.04496974124386,104.51037889271568,105.64894556547534,5052700
2024-04-25,105.79745483398438,106.39148731670679,105.08461283330433,105.58954384270817,3112300
2024-04-26,106.4607925415039,106.78751305552845,105.33212854172183,105.45093806142155,3575600
2024-04-29,106.20337677001953,107.11423465656169,105.54004060708024,106.32218629092495,3305100
2024-04-30,104.91630554199219,105.80735804732068,104.84700187788513,105.46083217325251,5074000
2024-05-01,105.23312377929688,106.09447579670965,104.8569049660474,104.87670277578351,4096800
2024-05-02,104.8667984008789,105.59944575934469,104.10445810505485,105.59944575934469,3708500
2024-05-03,104.84700012207031,105.57963992372335,104.43117814439152,105.05491111090971,3610300
2024-05-06,104.5895767211914,105.11430550110127,104.09454843017724,105.0549045233099,3789500
2024-05-07,105.11431121826172,105.54003587383033,104.73809241590004,105.46082953011229,6556400
2024-05-08,103.89655303955078,105.28262638372047,103.24311198855659,105.28262638372047,6234700
2024-05-09,103.62922668457031,103.96584986997036,103.46091886863665,103.68863521936603,5902000
2024-05-10,103.69853210449219,104.6192850973354,103.38171427649951,103.46092062188089,7349600
2024-05-13,103.72823333740234,104.45097802549341,103.36191720607636,103.94604701199233,5459200
2024-05-14,102.97579193115234,104.08465051958258,102.332253612634,103.80743587247501,7035100
2024-05-15,103.5500259399414,103.78764498490798,103.06490027515095,103.06490027515095,5443200
2024-05-16,103.82723999023438,104.1440578050637,103.12430069962974,103.41141047102573,8708300
2024-05-17,103.05499267578125,103.75793954168198,102.90649022167959,103.37181805395215,7004600
2024-05-20,102.18374633789062,102.7678836915018,101.99563315652777,102.74807832844633,7165900
2024-05-21,101.93623352050781,102.82728603144982,101.39170688581703,102.4906628368571,4391600
2024-05-22,103.77774047851562,104.09455831270144,101.91643664686559,101.92633177508206,5933400
2024-05-23,103.19361114501953,103.86684998998534,102.41146546090242,102.92629161127249,5862200
2024-05-24,102.9163818359375,103.33221135382362,102.5500657236161,103.11439769053386,4455600
2024-05-28,100.93627166748047,102.55996395667295,100.55015018124158,102.54016614738009,4771100
2024-05-29,99.72840881347656,100.75806107344133,99.63929978791202,100.08482225513653,4960900
2024-05-30,100.72836303710938,101.58971505540153,99.85711589070551,100.27293787738466,5126700
2024-05-31,101.17388916015625,101.28279599344104,100.38184083690916,100.84716866030189,7915700
2024-06-03,101.84712982177734,103.09459575631782,100.90657147661813,101.15408563794432,4915100
2024-06-04,102.40155792236328,102.46095890325287,101.52040812268189,101.77782496242456,3880400
2024-06-05,102.20354461669922,102.39165023149069,100.9659738851635,101.90652461971773,3302300
2024-06-06,103.23320007324219,103.95594472680189,101.78771831965533,102.2629488191036,9835500
2024-06-07,106.51029968261719,107.05482632570067,102.34216195703029,102.82728761631309,8666600
2024-06-10,106.42118835449219,107.89637821762909,105.97566587854496,106.55979568272167,8556500
2024-06-11,104.75789642333984,106.25288414695883,104.48068175745725,106.25288414695883,7536000
2024-06-12,103.34210968017578,104.85690268897883,103.25300820799882,104.85690268897883,4569000
2024-06-13,102.42135620117188,102.66887036072379,101.57980956940187,102.6094693795618,4719500
2024-06-14,102.6490707397461,102.68867391099933,101.41149996382975,102.2629492619428,3683100
2024-06-17,102.42135620117188,102.90648939243718,101.52040858823989,101.8867322636485,3936200
2024-06-18,102.95599365234375,103.05499781118932,102.22335381264675,102.23325649459125,4501000
2024-06-20,105.51033782958984,105.77764980392004,102.44116369791708,102.50056468031649,9154900
2024-06-21,104.66879272460938,105.86676039304744,104.19356219780381,105.59944841477324,10329100
2024-06-24,104.25296783447266,105.23312179892251,103.89654683766676,105.23312179892251,5201300
2024-06-25,104.44107055664062,104.92620373818433,103.77773443518194,104.35196908668314,4722600
2024-06-26,103.8371353149414,104.59948314032718,103.28270602632087,104.0450462981741,5406600
2024-06-27,103.60942840576172,104.27276453863473,102.88668373836224,104.20346087629774,4137600
2024-06-28,102.87679290771484,104.11436375366348,102.50056653628533,103.65893103524535,8283600
2024-07-01,102.17384338378906,104.46087938449385,101.58971358526901,103.1243044160626,4588900
2024-07-02,102.17384338378906,102.36195656465006,101.67881505818247,101.67881505818247,3650500
2024-07-03,101.3125,102.62927717284899,101.16398999004518,102.33225715293935,2017800
2024-07-05,102.98568725585938,103.03519310873725,100.74816471219296,101.01547667854864,6582700
2024-07-08,101.10458374023438,102.8173774456877,100.92637324827939,102.74807378512367,4542000
2024-07-09,100.62935638427734,101.5699071717892,99.74820657809343,101.37189886500757,6268500
2024-07-10,102.02534484863281,102.05504534074501,100.26303759679989,100.41154761089402,6598900
2024-07-11,103.14409637451172,103.59952150181111,102.03523026878341,102.3520480770583,5025300
2024-07-12,103.18370819091797,103.88664752588213,103.07480135205407,103.62923067460991,4277600
2024-07-15,102.4770278930664,103.67140341431512,102.09881315448766,103.44247897148715,4970800
2024-07-16,102.2381591796875,103.38276624415855,102.02914516517465,102.43721797628841,7656900
2024-07-17,104.18896484375,105.15441595941297,102.01919053640226,102.16848843151827,13438300
2024-07-18,99.6005859375,103.66144907568724,99.24227403744783,101.9097028524995,13078800
2024-07-19,101.5513916015625,101.91965872163846,99.61054179187911,100.13805442765941,11963600
2024-07-22,103.23346710205078,103.34295171693977,101.83007754407723,102.01918871408661,7880300
2024-07-23,103.43252563476562,103.84060603352133,102.88511015531084,103.52210740745117,5894500
2024-07-24,106.75686645507812,106.80662735869831,103.05431503216344,103.73112558897158,8680900
2024-07-25,105.46295928955078,108.20005952126233,105.4231460113113,106.51798458527465,6356600
2024-07-26,104.746337890625,106.63742688589502,104.16906432681954,105.96061632738596,8611600
2024-07-29,104.2785415649414,104.68662198195915,99.45129346263836,100.11814880431429,19452700
2024-07-30,104.82595825195312,105.18427014960541,102.29787212678694,104.2685875638745,9126300
2024-07-31,105.44305419921875,106.3288787387441,103.06426592877122,105.00511574152759,8238400
2024-08-01,109.63330841064453,110.16082106450743,105.83122762199527,106.14972625792795,9069200
2024-08-02,110.7878646850586,111.51444374265874,107.89151886008666,109.66316802211726,9885700
2024-08-05,108.12042999267578,111.47462455448668,107.86165508164217,110.81771687200249,7121400
2024-08-06,108.9863510131836,110.12100282720222,108.12042932622995,108.43892794782104,5634800
2024-08-07,109.4242935180664,111.82298468965986,108.88682565042485,109.0958396666844,6365100
2024-08-08,109.2451400756836,110.69829059854548,108.70767219567605,109.43424366030371,5476600
2024-08-09,108.20005798339844,108.76738390143636,107.18484598034343,108.76738390143636,5435000
2024-08-12,107.2943344116211,107.89151841075235,106.60756863613655,107.89151841075235,4795900
2024-08-13,107.73226165771484,108.05076028607384,107.09526440099684,107.29433078972514,4920400
2024-08-14,109.37452697753906,109.6631675557084,107.20475262578897,107.56306454395735,5822900
2024-08-15,110.41960144042969,110.80777140815378,109.24513631937553,109.95180491686314,7458500
2024-08-16,110.47931671142578,111.07650068844197,110.0513334690697,110.83762861635674,4643300
2024-08-19,111.3750991821289,111.7234558777257,110.32006628368464,110.47931939801828,3495800
2024-08-20,110.25039672851562,111.56420456860099,109.81246584422489,111.29547442582272,5822400
2024-08-21,110.86748504638672,110.92720116512861,110.16081646471837,110.44945702798113,4081400
2024-08-22,111.57415771484375,111.62392621135571,110.52908763055049,111.26561429856761,3690400
2024-08-23,112.16139221191406,112.25096639181555,111.36514184262694,111.87275164288764,4511600
2024-08-26,112.17134094238281,112.7287192438231,111.53434367811366,112.21115422060043,3212700
2024-08-27,112.56946563720703,112.63913697538068,111.61396974499424,112.52965235916403,2705300
2024-08-28,112.37040710449219,112.88796453305385,111.84289445799482,112.5694659015683,3836700
2024-08-29,112.23106384277344,112.96759050044321,111.99218417519974,112.76853170440478,3375800
2024-08-30,112.7386703491211,112.93773674635563,111.36514637943266,112.46994020486277,4320100
2024-09-03,114.12215423583984,114.29135497399226,112.82824926426,112.82824926426,4436900
2024-09-04,113.86337280273438,115.0477855746412,113.037264352946,114.15201337893538,3659200
2024-09-05,112.56946563720703,113.94299715206806,111.99218449599316,113.72402791963476,2928000
2024-09-06,113.3259048461914,113.80364900440394,112.47989355441825,113.09698039157665,3802200
2024-09-09,115.88385009765625,116.1824458941659,113.78374708472965,113.92308976480575,5101000
2024-09-10,116.56066131591797,116.70000399678382,114.88854155192128,115.6051653927208,4963700
2024-09-11,116.05304718017578,116.17248701373569,114.1818686827083,115.84403316665066,6535600
2024-09-12,116.28197479248047,116.7597189525029,115.0477859262751,115.95352093646099,4349300
2024-09-13,115.85398864746094,116.50094112523445,115.39614734151827,115.47576630379928,3350100
2024-09-16,117.07821655273438,117.12798504936526,115.8738933516099,116.45117450065992,3637100
2024-09-17,117.57586669921875,117.98394709406502,116.70995260198931,117.2474204521349,4982500
2024-09-18,114.34111785888672,116.94883068966527,113.98280594034901,116.94883068966527,5990200
2024-09-19,113.61454010009766,115.1174590310194,112.71876035340237,114.94825070570586,8144100
2024-09-20,113.1666488647461,113.62449776237914,112.66899428294226,113.21641736036898,8403400
2024-09-23,114.27144622802734,114.36102800423708,112.43012573632042,113.25623419049163,5005200
2024-09-24,112.80833435058594,113.87332242088898,112.64908883676524,113.67425603660547,5029800
2024-09-25,112.0817642211914,113.65435450391486,111.32532713941454,113.28608738395369,5159100
2024-09-26,112.20121002197266,112.40026882553202,111.57416036290807,111.7831743847274,3508700
2024-09-27,111.9026107788086,112.84815145702301,111.79312616213876,112.40026536599647,3566400
2024-09-30,113.47520446777344,113.55482343294787,111.57416024331077,112.04195678414112,5035600
2024-10-01,113.02730560302734,113.68421329253185,112.27087611000587,113.67425807473765,4264000
2024-10-02,113.10693359375,113.25623148813288,111.50448522082684,112.84815108306009,3454000
2024-10-03,111.70355224609375,112.97754677733681,111.26561377837655,112.97754677733681,3472100
2024-10-04,112.11162567138672,112.2211102889132,111.15612976774271,111.60401586227363,4366300
2024-10-07,112.8282470703125,113.07707436050045,111.2755672094937,111.7732217898696,6912900
2024-10-08,114.09228515625,114.75914805803944,113.21641583775286,113.21641583775286,4341500
2024-10-09,115.40609741210938,115.72459604880373,114.0226182470677,114.44065387753429,4256900
2024-10-10,115.07765197753906,116.30187803622408,114.90844364307468,115.67483597642979,4068300
2024-10-11,115.57530212402344,116.72985679826222,115.40609379607632,115.66487630328405,3471300
2024-10-14,116.69999694824219,117.02845078770486,115.43595767856094,115.71464302346035,3674100
2024-10-15,116.05000305175781,118.36000061035156,115.80999755859375,116.75,6544900
2024-10-16,117.81999969482422,119.5199966430664,116.63999938964844,118.01000213623047,7356200
2024-10-17,117.88999938964844,118.76000213623047,117.19000244140625,118.70999908447266,5046900
2024-10-18,119.38999938964844,119.8499984741211,117.66999816894531,117.9000015258789,6741800
2024-10-21,116.98999786376953,118.91999816894531,116.5999984741211,118.88999938964844,8303300
2024-10-22,116.12000274658203,117.19999694824219,115.83999633789062,116.87000274658203,5360000
2024-10-23,117.01000213623047,117.1500015258789,115.93000030517578,116.16000366210938,3655600
2024-10-24,116.54000091552734,117.41000366210938,116.20999908447266,117.20999908447266,3768000
2024-10-25,114.22000122070312,116.38999938964844,113.19999694824219,116.1500015258789,5989600
2024-10-28,114.06999969482422,114.83000183105469,113.55000305175781,114.7699966430664,4104700
2024-10-29,113.4000015258789,114.73999786376953,113.3499984741211,114.13999938964844,4543600
2024-10-30,114.44999694824219,114.73999786376953,112.5,112.63999938964844,5188000
2024-10-31,113.37000274658203,114.47000122070312,113.2699966430664,113.56999969482422,5323200
2024-11-01,118.5999984741211,119.91999816894531,117.08999633789062,119.75,10149300
2024-11-04,117.6500015258789,120.56999969482422,117.4800033569336,119.5999984741211,5604000
2024-11-05,117.7300033569336,118.25,116.33000183105469,117.58999633789062,4059200
2024-11-06,116.80000305175781,121.0,115.5,121.0,5256100
2024-11-07,115.30000305175781,117.48999786376953,114.54000091552734,117.48999786376953,5519000
2024-11-08,116.58999633789062,117.25,114.69000244140625,115.33000183105469,5685700
2024-11-11,116.80000305175781,117.83999633789062,116.33000183105469,116.94000244140625,5301100
2024-11-12,116.44000244140625,117.30000305175781,116.41999816894531,116.68000030517578,4598900
2024-11-13,115.73999786376953,116.80999755859375,115.55000305175781,116.08000183105469,4760800
2024-11-14,115.02999877929688,116.08999633789062,114.93000030517578,115.9800033569336,3812300
2024-11-15,115.9000015258789,116.3499984741211,114.43000030517578,114.87000274658203,6898600
2024-11-18,117.36000061035156,117.94000244140625,115.51000213623047,115.58000183105469,6086500
2024-11-19,117.12999725341797,117.55000305175781,115.44999694824219,116.54000091552734,4542800
2024-11-20,115.93000030517578,116.7699966430664,115.52999877929688,116.69000244140625,5624400
2024-11-21,117.26000213623047,117.63999938964844,115.13999938964844,115.68000030517578,5561900
2024-11-22,117.76000213623047,118.0,116.37999725341797,117.22000122070312,5349500
2024-11-25,118.12999725341797,118.6500015258789,117.58000183105469,118.27999877929688,6879000
2024-11-26,117.95999908447266,119.0,117.01000213623047,118.63999938964844,4056800
2024-11-27,118.94999694824219,120.52999877929688,118.0999984741211,118.3499984741211,3510300
2024-11-29,118.7699966430664,119.19000244140625,117.86000061035156,118.70999908447266,2523200
2024-12-02,116.80999755859375,118.80999755859375,116.58999633789062,118.75,5338900
2024-12-03,116.29000091552734,117.44000244140625,116.06999969482422,117.0999984741211,4794900
2024-12-04,115.97000122070312,117.01000213623047,115.29000091552734,117.01000213623047,3557100
2024-12-05,115.58999633789062,116.29000091552734,114.88999938964844,115.26000213623047,3269800
2024-12-06,115.5999984741211,116.19999694824219,115.0999984741211,115.12999725341797,5300300
2024-12-09,114.9000015258789,115.87000274658203,113.8499984741211,115.66999816894531,4868000
2024-12-10,115.5,116.38999938964844,114.2699966430664,115.08000183105469,4072100
2024-12-11,114.13999938964844,115.58999633789062,114.01000213623047,115.30999755859375,4747700
2024-12-12,113.86000061035156,114.77999877929688,113.30000305175781,114.4000015258789,3764700
2024-12-13,113.37999725341797,114.29000091552734,112.13999938964844,113.8499984741211,4550500
2024-12-16,112.62000274658203,113.6500015258789,112.38999938964844,112.69999694824219,5047200
2024-12-17,113.29000091552734,113.83999633789062,112.19999694824219,112.20999908447266,5805600
2024-12-18,111.93000030517578,114.1500015258789,111.8499984741211,113.02999877929688,6454600
2024-12-19,112.41999816894531,113.30000305175781,111.27999877929688,111.54000091552734,7738700
2024-12-20,114.2300033569336,115.11000061035156,112.5199966430664,112.63999938964844,12311900
2024-12-23,114.30999755859375,114.51000213623047,112.95999908447266,114.0,4028200
2024-12-24,114.76000213623047,114.83000183105469,113.58999633789062,114.13999938964844,1480000
2024-12-26,115.2699966430664,115.80999755859375,113.81999969482422,114.19999694824219,2960500
2024-12-27,114.98999786376953,115.94999694824219,114.51000213623047,115.01000213623047,2829500
2024-12-30,112.80000305175781,114.63999938964844,112.5199966430664,114.12999725341797,3475800
2024-12-31,113.11000061035156,113.77999877929688,112.55000305175781,113.05999755859375,3519900
