Date,Adj Close,Close,High,Low,Open,Volume
2007-11-01,18.47047233581543,23.899999618530273,25.5,22.579999923706055,25.350000381469727,3264700
2007-11-02,19.01145362854004,24.600000381469727,24.809999465942383,23.549999237060547,24.809999465942383,711700
2007-11-05,17.697649002075195,22.899999618530273,23.450000762939453,20.8799991607666,23.049999237060547,1254000
2007-11-06,16.6466121673584,21.540000915527344,22.649999618530273,20.149999618530273,22.299999237060547,820300
2007-11-07,15.15506362915039,19.610000610351562,20.489999771118164,18.510000228881836,19.90999984741211,724400
2007-11-08,14.521349906921387,18.790000915527344,18.979999542236328,18.0,18.5,654900
2007-11-09,14.451796531677246,18.700000762939453,19.0,16.790000915527344,18.0,538300
2007-11-12,15.25553035736084,19.739999771118164,20.329999923706055,17.5,18.059999465942383,458600
2007-11-13,15.742408752441406,20.3700008392334,20.760000228881836,19.1299991607666,19.780000686645508,406300
2007-11-14,14.876847267150879,19.25,22.18000030517578,19.100000381469727,20.420000076293945,245200
2007-11-15,13.910820007324219,18.0,19.0,18.0,19.0,293300
2007-11-16,13.354390144348145,17.280000686645508,18.139999389648438,17.0,18.0,192900
2007-11-19,12.287891387939453,15.899999618530273,17.15999984741211,15.5,17.15999984741211,614200
2007-11-20,10.804069519042969,13.979999542236328,16.65999984741211,13.979999542236328,16.0,408900
2007-11-21,10.046703338623047,13.0,13.279999732971191,12.0,13.0,735900
2007-11-23,12.272432327270508,15.880000114440918,16.459999084472656,13.199999809265137,13.279999732971191,214400
2007-11-26,13.6635160446167,17.68000030517578,17.760000228881836,15.460000038146973,16.200000762939453,261800
2007-11-27,13.601690292358398,17.600000381469727,17.81999969482422,16.450000762939453,16.639999389648438,132900
2007-11-28,14.297229766845703,18.5,18.81999969482422,17.110000610351562,17.139999389648438,200700
2007-11-29,14.258590698242188,18.450000762939453,18.450000762939453,17.469999313354492,18.25,84800
2007-11-30,13.872180938720703,17.950000762939453,18.81999969482422,16.360000610351562,18.579999923706055,237500
2007-12-03,13.137995719909668,17.0,17.799999237060547,16.799999237060547,17.799999237060547,93400
2007-12-04,12.751582145690918,16.5,17.0,16.1200008392334,17.0,134700
2007-12-05,12.759312629699707,16.510000228881836,17.229999542236328,16.5,16.799999237060547,49000
2007-12-06,12.852049827575684,16.6299991607666,16.8700008392334,16.3700008392334,16.530000686645508,46400
2007-12-07,13.338929176330566,17.260000228881836,17.860000610351562,16.40999984741211,16.40999984741211,99000
2007-12-10,13.601690292358398,17.600000381469727,18.0,17.0,17.0,62000
2007-12-11,14.606361389160156,18.899999618530273,19.950000762939453,17.5,17.5,273500
2007-12-12,14.451796531677246,18.700000762939453,19.18000030517578,18.40999984741211,19.15999984741211,56400
2007-12-13,13.331199645996094,17.25,18.3700008392334,17.239999771118164,18.3700008392334,105100
2007-12-14,12.28016185760498,15.890000343322754,19.0,15.880000114440918,18.780000686645508,433900
2007-12-17,10.804069519042969,13.979999542236328,15.989999771118164,13.859999656677246,15.710000038146973,385900
2007-12-18,11.205936431884766,14.5,15.0,14.210000038146973,14.869999885559082,304200
2007-12-19,10.88135051727295,14.079999923706055,15.100000381469727,14.0600004196167,14.1899995803833,55100
2007-12-20,10.340374946594238,13.380000114440918,14.390000343322754,12.890000343322754,14.0,239800
2007-12-21,10.278548240661621,13.300000190734863,14.25,13.0,13.960000038146973,319900
2007-12-24,11.01272964477539,14.25,15.34000015258789,13.649999618530273,14.0,163200
2007-12-26,11.545979499816895,14.9399995803833,15.0,14.029999732971191,14.59000015258789,119100
2007-12-27,11.128655433654785,14.399999618530273,14.90999984741211,14.25,14.90999984741211,107200
2007-12-28,10.819526672363281,14.0,14.739999771118164,13.949999809265137,14.739999771118164,160800
2007-12-31,12.171966552734375,15.75,16.25,13.920000076293945,14.329999923706055,247800
2008-01-02,11.205936431884766,14.5,15.6899995803833,14.25,15.649999618530273,136400
2008-01-03,10.819526672363281,14.0,14.569999694824219,13.260000228881836,14.380000114440918,389200
2008-01-04,10.440840721130371,13.510000228881836,14.100000381469727,13.300000190734863,14.100000381469727,59900
2008-01-07,10.997275352478027,14.229999542236328,14.25,13.5600004196167,13.75,230700
2008-01-08,11.159568786621094,14.4399995803833,14.720000267028809,14.0,14.010000228881836,58400
2008-01-09,11.283219337463379,14.600000381469727,14.779999732971191,14.25,14.399999618530273,159200
2008-01-10,11.437783241271973,14.800000190734863,14.869999885559082,14.34000015258789,14.600000381469727,91800
2008-01-11,10.950907707214355,14.170000076293945,15.0,14.010000228881836,15.0,287200
2008-01-14,9.953964233398438,12.880000114440918,14.020000457763672,12.550000190734863,14.020000457763672,350100
2008-01-15,7.944622993469238,10.279999732971191,12.979999542236328,9.829999923706055,12.609999656677246,943700
2008-01-16,7.650949954986572,9.899999618530273,10.5,9.800000190734863,9.90999984741211,325200
2008-01-17,7.867341041564941,10.180000305175781,10.649999618530273,9.90999984741211,10.100000381469727,221800
2008-01-18,8.62470531463623,11.15999984741211,11.789999961853027,10.050000190734863,10.050000190734863,158600
2008-01-22,8.052817344665527,10.420000076293945,10.739999771118164,8.510000228881836,9.699999809265137,107700
2008-01-23,8.470142364501953,10.960000038146973,11.479999542236328,9.600000381469727,9.619999885559082,116200
2008-01-24,8.887468338012695,11.5,11.59000015258789,10.90999984741211,11.050000190734863,47100
2008-01-25,9.668018341064453,12.510000228881836,12.680000305175781,11.600000381469727,11.600000381469727,134300
2008-01-28,9.621650695800781,12.449999809265137,12.619999885559082,11.960000038146973,12.029999732971191,84800
2008-01-29,9.382074356079102,12.140000343322754,13.149999618530273,12.130000114440918,13.149999618530273,171000
2008-01-30,8.64016342163086,11.180000305175781,11.880000114440918,11.0,11.880000114440918,78700
2008-01-31,8.300121307373047,10.739999771118164,11.0600004196167,10.600000381469727,11.0,200800
2008-02-01,8.369677543640137,10.829999923706055,11.0,10.449999809265137,11.0,124800
2008-02-04,8.64016342163086,11.180000305175781,11.640000343322754,10.920000076293945,11.449999809265137,164600
2008-02-05,8.191926002502441,10.600000381469727,11.039999961853027,10.600000381469727,11.0,153300
2008-02-06,8.199654579162598,10.609999656677246,10.75,10.5,10.600000381469727,78500
2008-02-07,8.137828826904297,10.529999732971191,10.729999542236328,10.399999618530273,10.729999542236328,34600
2008-02-08,7.936894416809082,10.270000457763672,10.65999984741211,10.25,10.65999984741211,45100
2008-02-11,7.78233003616333,10.069999694824219,10.5,10.010000228881836,10.4399995803833,44100
2008-02-12,7.766872882843018,10.050000190734863,10.5,9.90999984741211,10.010000228881836,93700
2008-02-13,7.743688583374023,10.020000457763672,10.140000343322754,9.75,9.970000267028809,152700
2008-02-14,7.674135208129883,9.930000305175781,10.170000076293945,9.930000305175781,10.170000076293945,141600
2008-02-15,7.596853256225586,9.829999923706055,9.970000267028809,9.800000190734863,9.949999809265137,35600
2008-02-19,7.650949954986572,9.899999618530273,10.0,9.800000190734863,10.0,58400
2008-02-20,7.650949954986572,9.899999618530273,10.170000076293945,9.84000015258789,10.170000076293945,41500
2008-02-21,7.612308979034424,9.850000381469727,9.930000305175781,9.760000228881836,9.90999984741211,156700
2008-02-22,7.54275369644165,9.760000228881836,9.800000190734863,9.5,9.800000190734863,102800
2008-02-25,7.596853256225586,9.829999923706055,10.0,9.510000228881836,9.859999656677246,178700
2008-02-26,8.887468338012695,11.5,11.539999961853027,9.84000015258789,9.9399995803833,808200
2008-02-27,10.14716911315918,13.130000114440918,13.5,11.130000114440918,11.270000457763672,482000
2008-02-28,10.00805950164795,12.949999809265137,13.5,12.380000114440918,12.890000343322754,193400
2008-02-29,9.81485366821289,12.699999809265137,13.119999885559082,12.109999656677246,12.6899995803833,138200
2008-03-03,10.185810089111328,13.180000305175781,13.5,12.65999984741211,12.710000038146973,182600
2008-03-04,9.783945083618164,12.65999984741211,13.399999618530273,12.119999885559082,13.180000305175781,92500
2008-03-05,9.776215553283691,12.649999618530273,12.779999732971191,12.15999984741211,12.170000076293945,158600
2008-03-06,9.157955169677734,11.850000381469727,12.550000190734863,11.65999984741211,12.289999961853027,155400
2008-03-07,9.165682792663574,11.859999656677246,12.300000190734863,11.5,11.6899995803833,113200
2008-03-10,8.879738807678223,11.489999771118164,11.770000457763672,11.020000457763672,11.739999771118164,87300
2008-03-11,8.918379783630371,11.539999961853027,11.899999618530273,10.869999885559082,11.819999694824219,404100
2008-03-12,8.508784294128418,11.010000228881836,11.699999809265137,10.949999809265137,11.699999809265137,73500
2008-03-13,8.972477912902832,11.609999656677246,11.829999923706055,10.979999542236328,11.0,154400
2008-03-14,8.872013092041016,11.479999542236328,12.100000381469727,11.170000076293945,11.90999984741211,61200
2008-03-17,8.632434844970703,11.170000076293945,11.5,10.760000228881836,11.5,74900
2008-03-18,9.467084884643555,12.25,12.289999961853027,11.430000305175781,11.430000305175781,173700
2008-03-19,9.49026870727539,12.279999732971191,12.449999809265137,11.680000305175781,12.0,79200
2008-03-20,9.219779968261719,11.930000305175781,12.140000343322754,11.5,12.100000381469727,65400
2008-03-24,8.926109313964844,11.550000190734863,12.149999618530273,11.460000038146973,11.8100004196167,184400
2008-03-25,8.980206489562988,11.619999885559082,11.800000190734863,11.449999809265137,11.600000381469727,399700
2008-03-26,8.864283561706543,11.470000267028809,11.789999961853027,11.279999732971191,11.600000381469727,201900
2008-03-27,8.732903480529785,11.300000190734863,11.5,11.140000343322754,11.470000267028809,122400
2008-03-28,8.740630149841309,11.3100004196167,11.800000190734863,11.210000038146973,11.350000381469727,86200
2008-03-31,8.910652160644531,11.529999732971191,11.619999885559082,11.100000381469727,11.579999923706055,156800
2008-04-01,8.995662689208984,11.640000343322754,11.680000305175781,11.300000190734863,11.300000190734863,146600
2008-04-02,9.08840274810791,11.760000228881836,11.850000381469727,11.5,11.800000190734863,113300
2008-04-03,9.242966651916504,11.960000038146973,12.180000305175781,11.510000228881836,11.800000190734863,40500
2008-04-04,9.598464965820312,12.420000076293945,13.4399995803833,11.75,11.989999771118164,272600
2008-04-07,10.541309356689453,13.640000343322754,14.0,12.859999656677246,12.9399995803833,238300
2008-04-08,10.03897476196289,12.989999771118164,13.920000076293945,12.680000305175781,13.420000076293945,83300
2008-04-09,9.930779457092285,12.850000381469727,13.0,12.40999984741211,12.880000114440918,33600
2008-04-10,10.077614784240723,13.039999961853027,13.1899995803833,12.34000015258789,12.829999923706055,46800
2008-04-11,10.069887161254883,13.029999732971191,13.149999618530273,12.90999984741211,13.029999732971191,55600
2008-04-14,9.992605209350586,12.930000305175781,13.010000228881836,12.899999618530273,12.90999984741211,71400
2008-04-15,9.83031177520752,12.720000267028809,13.279999732971191,12.6899995803833,13.050000190734863,31700
2008-04-16,10.216726303100586,13.220000267028809,13.40999984741211,12.489999771118164,12.680000305175781,79700
2008-04-17,10.247634887695312,13.260000228881836,13.319999694824219,12.829999923706055,13.0600004196167,42500
2008-04-18,10.765427589416504,13.930000305175781,14.0,13.289999961853027,13.489999771118164,102600
2008-04-21,10.804069519042969,13.979999542236328,14.239999771118164,13.869999885559082,14.0,128300
2008-04-22,10.440840721130371,13.510000228881836,13.899999618530273,13.430000305175781,13.65999984741211,41200
2008-04-23,10.765427589416504,13.930000305175781,14.0,13.25,13.600000381469727,63000
2008-04-24,11.445509910583496,14.8100004196167,14.880000114440918,14.0,14.0,182400
2008-04-25,11.839651107788086,15.319999694824219,15.470000267028809,14.479999542236328,15.0,94400
2008-04-28,10.742242813110352,13.899999618530273,14.930000305175781,13.75,14.930000305175781,147900
2008-04-29,10.88135051727295,14.079999923706055,14.15999984741211,13.770000457763672,13.770000457763672,80300
2008-04-30,10.85816764831543,14.050000190734863,14.289999961853027,13.75,14.079999923706055,218700
2008-05-01,11.144110679626465,14.420000076293945,14.90999984741211,13.949999809265137,14.0,76600
2008-05-02,11.26003360748291,14.569999694824219,15.069999694824219,14.3100004196167,14.5600004196167,38900
2008-05-05,12.450182914733887,16.110000610351562,16.200000762939453,14.489999771118164,14.5,176200
2008-05-06,12.256976127624512,15.859999656677246,16.200000762939453,15.720000267028809,16.1200008392334,78000
2008-05-07,11.75464153289795,15.210000038146973,15.800000190734863,15.199999809265137,15.800000190734863,41400
2008-05-08,12.156510353088379,15.729999542236328,15.850000381469727,15.289999961853027,15.289999961853027,46000
2008-05-09,11.476424217224121,14.850000381469727,15.960000038146973,14.720000267028809,15.529999732971191,48300
2008-05-12,11.229122161865234,14.529999732971191,14.729999542236328,14.40999984741211,14.729999542236328,35800
2008-05-13,11.144110679626465,14.420000076293945,14.770000457763672,14.0,14.359999656677246,71500
2008-05-14,11.507340431213379,14.890000343322754,15.15999984741211,14.5,14.5,29400
2008-05-15,11.584619522094727,14.989999771118164,15.229999542236328,14.6899995803833,14.699999809265137,25600
2008-05-16,12.086956024169922,15.640000343322754,15.829999923706055,15.0,15.039999961853027,87100
2008-05-19,12.504280090332031,16.18000030517578,16.420000076293945,15.539999961853027,15.800000190734863,143200
2008-05-20,12.44245433807373,16.100000381469727,16.25,15.5,15.829999923706055,173500
2008-05-21,12.3651704788208,16.0,16.299999237060547,15.800000190734863,16.299999237060547,133500
2008-05-22,12.056042671203613,15.600000381469727,15.829999923706055,15.5,15.789999961853027,45600
2008-05-23,11.499608993530273,14.880000114440918,15.539999961853027,14.4399995803833,15.5,124900
2008-05-27,11.592348098754883,15.0,15.390000343322754,14.680000305175781,14.720000267028809,32100
2008-05-28,12.171966552734375,15.75,15.779999732971191,15.229999542236328,15.229999542236328,33500
2008-05-29,12.542922973632812,16.229999542236328,16.25,15.40999984741211,15.960000038146973,93700
2008-05-30,12.07922649383545,15.630000114440918,16.6299991607666,15.5,16.25,124500
2008-06-02,11.785553932189941,15.25,16.100000381469727,15.149999618530273,15.489999771118164,27500
2008-06-03,11.507340431213379,14.890000343322754,15.199999809265137,14.770000457763672,15.130000114440918,40100
2008-06-04,11.499608993530273,14.880000114440918,15.039999961853027,14.75,14.789999961853027,41000
2008-06-05,11.893750190734863,15.390000343322754,15.5,15.039999961853027,15.050000190734863,16700
2008-06-06,12.171966552734375,15.75,16.190000534057617,14.949999809265137,15.640000343322754,72300
2008-06-09,12.156510353088379,15.729999542236328,16.020000457763672,15.319999694824219,15.569999694824219,32900
2008-06-10,11.468695640563965,14.84000015258789,16.190000534057617,14.699999809265137,15.34000015258789,58900
2008-06-11,12.110139846801758,15.670000076293945,15.869999885559082,15.260000228881836,15.869999885559082,42100
2008-06-12,12.001944541931152,15.529999732971191,15.930000305175781,15.229999542236328,15.800000190734863,38000
2008-06-13,11.978761672973633,15.5,15.550000190734863,15.220000267028809,15.550000190734863,9800
2008-06-16,11.955578804016113,15.470000267028809,15.600000381469727,15.260000228881836,15.380000114440918,6000
2008-06-17,11.607805252075195,15.020000457763672,15.489999771118164,15.0,15.489999771118164,22400
2008-06-18,11.097740173339844,14.359999656677246,15.050000190734863,14.09000015258789,15.0,63000
2008-06-19,11.314131736755371,14.640000343322754,14.670000076293945,14.079999923706055,14.300000190734863,14300
2008-06-20,11.159568786621094,14.4399995803833,14.819999694824219,14.140000343322754,14.140000343322754,19800
2008-06-23,11.03591537475586,14.279999732971191,14.670000076293945,14.239999771118164,14.4399995803833,32800
2008-06-24,10.850439071655273,14.039999961853027,14.210000038146973,13.529999732971191,14.210000038146973,37600
2008-06-25,10.773154258728027,13.9399995803833,14.170000076293945,13.800000190734863,14.140000343322754,12700
2008-06-26,10.788613319396973,13.960000038146973,14.949999809265137,13.949999809265137,14.15999984741211,49500
2008-06-27,11.306404113769531,14.630000114440918,15.100000381469727,13.779999732971191,13.90999984741211,146300
2008-06-30,11.290949821472168,14.609999656677246,14.800000190734863,14.350000381469727,14.550000190734863,29100
2008-07-01,10.324917793273926,13.359999656677246,14.40999984741211,13.0600004196167,14.40999984741211,55600
2008-07-02,9.807125091552734,12.6899995803833,13.930000305175781,11.6899995803833,13.34000015258789,188200
2008-07-03,9.297064781188965,12.029999732971191,13.699999809265137,12.010000228881836,12.699999809265137,23100
2008-07-07,9.691202163696289,12.539999961853027,12.800000190734863,12.109999656677246,12.109999656677246,45200
2008-07-08,9.698932647705078,12.550000190734863,12.819999694824219,12.470000267028809,12.609999656677246,40500
2008-07-09,10.270821571350098,13.289999961853027,13.84000015258789,12.930000305175781,12.930000305175781,46500
2008-07-10,10.131710052490234,13.109999656677246,13.920000076293945,13.0,13.239999771118164,32200
2008-07-11,9.969419479370117,12.899999618530273,13.850000381469727,12.460000038146973,13.0600004196167,240800
2008-07-14,9.81485366821289,12.699999809265137,13.199999809265137,12.600000381469727,13.0,19100
2008-07-15,9.668018341064453,12.510000228881836,13.09000015258789,12.4399995803833,12.670000076293945,11500
2008-07-16,9.83803939819336,12.729999542236328,12.960000038146973,11.880000114440918,12.520000457763672,41200
2008-07-17,9.899866104125977,12.8100004196167,13.010000228881836,12.550000190734863,12.550000190734863,8800
2008-07-18,10.031244277954102,12.979999542236328,13.079999923706055,12.399999618530273,12.960000038146973,16800
2008-07-21,9.753030776977539,12.619999885559082,12.869999885559082,12.300000190734863,12.8100004196167,12500
2008-07-22,9.83803939819336,12.729999542236328,12.739999771118164,12.1899995803833,12.1899995803833,12900
2008-07-23,9.51345443725586,12.3100004196167,12.729999542236328,12.260000228881836,12.40999984741211,7700
2008-07-24,9.304791450500488,12.039999961853027,12.550000190734863,11.979999542236328,12.329999923706055,14200
2008-07-25,9.49026870727539,12.279999732971191,12.460000038146973,12.149999618530273,12.149999618530273,5800
2008-07-28,9.81485366821289,12.699999809265137,12.760000228881836,11.979999542236328,12.350000381469727,50200
2008-07-29,9.923050880432129,12.84000015258789,13.260000228881836,11.890000343322754,11.890000343322754,52100
2008-07-30,10.23218059539795,13.239999771118164,13.359999656677246,12.520000457763672,12.670000076293945,31200
2008-07-31,10.70360279083252,13.850000381469727,14.050000190734863,12.760000228881836,13.260000228881836,77000
2008-08-01,10.433115005493164,13.5,13.850000381469727,13.40999984741211,13.850000381469727,59700
2008-08-04,10.502665519714355,13.59000015258789,13.670000076293945,13.329999923706055,13.539999961853027,75600
2008-08-05,10.433115005493164,13.5,14.039999961853027,13.069999694824219,13.960000038146973,43700
2008-08-06,10.20899486541748,13.210000038146973,13.729999542236328,12.770000457763672,12.9399995803833,13500
2008-08-07,9.953964233398438,12.880000114440918,13.0600004196167,12.550000190734863,12.880000114440918,10300
2008-08-08,9.552093505859375,12.359999656677246,12.640000343322754,12.220000267028809,12.640000343322754,37200
2008-08-11,9.49026870727539,12.279999732971191,12.729999542236328,12.210000038146973,12.300000190734863,20900
2008-08-12,9.49026870727539,12.279999732971191,12.470000267028809,12.170000076293945,12.229999542236328,25400
2008-08-13,9.467084884643555,12.25,12.680000305175781,12.149999618530273,12.149999618530273,41400
2008-08-14,9.428444862365723,12.199999809265137,12.5,11.949999809265137,12.25,76800
2008-08-15,9.312520980834961,12.050000190734863,12.199999809265137,11.949999809265137,12.199999809265137,60800
2008-08-18,9.065216064453125,11.729999542236328,12.029999732971191,11.510000228881836,12.029999732971191,53900
2008-08-19,8.964749336242676,11.600000381469727,12.020000457763672,11.600000381469727,11.699999809265137,32900
2008-08-20,8.887468338012695,11.5,11.84000015258789,11.329999923706055,11.770000457763672,62800
2008-08-21,8.95702075958252,11.59000015258789,11.59000015258789,11.140000343322754,11.380000114440918,96300
2008-08-22,9.281606674194336,12.010000228881836,12.210000038146973,11.149999618530273,11.15999984741211,86000
2008-08-25,9.273877143859863,12.0,12.4399995803833,11.90999984741211,12.130000114440918,102300
2008-08-26,9.412988662719727,12.180000305175781,12.399999618530273,11.890000343322754,12.050000190734863,109700
2008-08-27,10.178082466125488,13.170000076293945,13.3100004196167,12.75,13.210000038146973,176100
2008-08-28,10.03897476196289,12.989999771118164,13.300000190734863,12.930000305175781,13.010000228881836,76500
2008-08-29,10.255366325378418,13.270000457763672,13.270000457763672,12.920000076293945,12.949999809265137,37900
2008-09-02,10.634048461914062,13.760000228881836,13.949999809265137,13.229999542236328,13.229999542236328,54800
2008-09-03,10.433115005493164,13.5,13.949999809265137,13.5,13.550000190734863,26100
2008-09-04,10.433115005493164,13.5,13.649999618530273,12.970000267028809,13.470000267028809,18800
2008-09-05,10.494938850402832,13.579999923706055,13.59000015258789,13.300000190734863,13.5,51800
2008-09-08,10.502665519714355,13.59000015258789,13.619999885559082,13.5,13.579999923706055,46200
2008-09-09,10.394472122192383,13.449999809265137,13.760000228881836,13.369999885559082,13.760000228881836,51700
2008-09-10,10.494938850402832,13.579999923706055,13.640000343322754,13.210000038146973,13.460000038146973,44900
2008-09-11,10.046703338623047,13.0,13.359999656677246,12.569999694824219,13.359999656677246,39700
2008-09-12,10.023519515991211,12.970000267028809,13.170000076293945,12.8100004196167,12.899999618530273,34000
2008-09-15,9.451629638671875,12.229999542236328,13.220000267028809,12.130000114440918,13.220000267028809,159300
2008-09-16,9.382074356079102,12.140000343322754,12.300000190734863,11.350000381469727,12.199999809265137,176600
2008-09-17,8.416045188903809,10.890000343322754,12.210000038146973,9.430000305175781,12.210000038146973,189200
2008-09-18,7.8441572189331055,10.149999618530273,11.880000114440918,9.510000228881836,11.880000114440918,274400
2008-09-19,7.8441572189331055,10.149999618530273,10.850000381469727,10.0,10.59000015258789,364700
2008-09-22,7.488656044006348,9.6899995803833,10.239999771118164,9.5,10.239999771118164,72200
2008-09-23,7.318635940551758,9.470000267028809,10.25,9.399999618530273,9.890000343322754,286900
2008-09-24,7.341823101043701,9.5,10.180000305175781,9.350000381469727,9.350000381469727,198900
2008-09-25,7.581395149230957,9.8100004196167,10.789999961853027,9.640000343322754,10.789999961853027,41700
2008-09-26,7.272266864776611,9.40999984741211,9.8100004196167,9.119999885559082,9.8100004196167,66000
2008-09-29,6.646282196044922,8.600000381469727,9.25,8.15999984741211,9.15999984741211,158300
2008-09-30,6.955410003662109,9.0,9.359999656677246,8.449999809265137,9.359999656677246,74200
2008-10-01,7.1022443771362305,9.1899995803833,9.1899995803833,9.0,9.0600004196167,153500
2008-10-02,6.862671375274658,8.880000114440918,9.300000190734863,8.680000305175781,9.100000381469727,123200
2008-10-03,6.723562240600586,8.699999809265137,9.239999771118164,8.600000381469727,9.010000228881836,43200
2008-10-06,6.1825852394104,8.0,8.5600004196167,7.260000228881836,8.5600004196167,69900
2008-10-07,6.051206588745117,7.829999923706055,8.880000114440918,7.730000019073486,7.989999771118164,26100
2008-10-08,5.81935977935791,7.53000020980835,7.849999904632568,7.349999904632568,7.849999904632568,179400
2008-10-09,5.6416096687316895,7.300000190734863,7.840000152587891,7.300000190734863,7.840000152587891,70100
2008-10-10,5.170187473297119,6.690000057220459,7.269999980926514,6.630000114440918,7.170000076293945,206900
2008-10-13,5.95846700668335,7.710000038146973,7.829999923706055,7.21999979019165,7.559999942779541,17300
2008-10-14,5.695706844329834,7.369999885559082,7.929999828338623,7.269999980926514,7.929999828338623,49200
2008-10-15,5.440675258636475,7.039999961853027,7.449999809265137,7.039999961853027,7.449999809265137,72500
2008-10-16,5.448403835296631,7.050000190734863,7.230000019073486,6.909999847412109,7.230000019073486,110100
2008-10-17,5.935283660888672,7.679999828338623,8.829999923706055,6.909999847412109,6.960000038146973,197000
2008-10-20,6.762203693389893,8.75,9.239999771118164,7.949999809265137,7.989999771118164,115800
2008-10-21,6.607638359069824,8.550000190734863,8.949999809265137,8.289999961853027,8.720000267028809,80800
2008-10-22,6.3371500968933105,8.199999809265137,8.640000343322754,8.119999885559082,8.399999618530273,68500
2008-10-23,6.205770492553711,8.029999732971191,8.670000076293945,7.179999828338623,8.130000114440918,33500
2008-10-24,6.499443054199219,8.40999984741211,8.600000381469727,7.190000057220459,7.300000190734863,71800
2008-10-27,5.4870452880859375,7.099999904632568,8.779999732971191,6.760000228881836,8.40999984741211,160100
2008-10-28,5.873456001281738,7.599999904632568,7.760000228881836,6.880000114440918,6.880000114440918,46300
2008-10-29,5.796174049377441,7.5,7.789999961853027,7.25,7.789999961853027,45800
2008-10-30,5.827086448669434,7.539999961853027,7.889999866485596,7.5,7.679999828338623,54600
2008-10-31,6.754476070404053,8.739999771118164,9.09000015258789,7.489999771118164,7.510000228881836,149200
2008-11-03,7.797786235809326,10.09000015258789,10.489999771118164,8.65999984741211,8.65999984741211,269300
2008-11-04,8.408318519592285,10.880000114440918,11.0,10.350000381469727,10.350000381469727,96700
2008-11-05,8.06827449798584,10.4399995803833,10.970000267028809,10.40999984741211,10.579999923706055,41300
2008-11-06,7.689591407775879,9.949999809265137,10.3100004196167,9.869999885559082,10.3100004196167,49900
2008-11-07,7.728231906890869,10.0,10.09000015258789,9.850000381469727,10.09000015258789,35700
2008-11-10,7.1022443771362305,9.1899995803833,10.0,9.100000381469727,10.0,48800
2008-11-11,6.445345401763916,8.34000015258789,9.529999732971191,8.329999923706055,8.989999771118164,38700
2008-11-12,5.973923206329346,7.730000019073486,8.550000190734863,7.690000057220459,8.289999961853027,85800
2008-11-13,6.2366838455200195,8.069999694824219,8.289999961853027,7.340000152587891,7.949999809265137,89700
2008-11-14,5.8811845779418945,7.610000133514404,7.880000114440918,7.230000019073486,7.869999885559082,51600
2008-11-17,5.564327716827393,7.199999809265137,7.920000076293945,7.010000228881836,7.369999885559082,101500
2008-11-18,5.425219535827637,7.019999980926514,7.260000228881836,7.0,7.130000114440918,56600
2008-11-19,5.007894515991211,6.480000019073486,6.949999809265137,6.480000019073486,6.940000057220459,88700
2008-11-20,4.219614505767822,5.460000038146973,6.909999847412109,5.440000057220459,6.489999771118164,146400
2008-11-21,4.2968974113464355,5.559999942779541,5.869999885559082,5.489999771118164,5.489999771118164,242300
2008-11-24,4.6446685791015625,6.010000228881836,6.099999904632568,5.630000114440918,5.650000095367432,135800
2008-11-25,4.6446685791015625,6.010000228881836,6.139999866485596,5.989999771118164,6.119999885559082,143300
2008-11-26,5.162458896636963,6.679999828338623,6.690000057220459,5.909999847412109,5.96999979019165,216000
2008-11-28,5.888913154602051,7.619999885559082,7.619999885559082,6.630000114440918,6.630000114440918,24300
2008-12-01,5.355664253234863,6.929999828338623,7.449999809265137,6.929999828338623,7.329999923706055,40400
2008-12-02,5.510229587554932,7.130000114440918,7.21999979019165,6.679999828338623,6.980000019073486,82600
2008-12-03,5.989380836486816,7.75,7.760000228881836,7.03000020980835,7.03000020980835,30900
2008-12-04,5.371121406555176,6.949999809265137,7.860000133514404,6.559999942779541,7.570000171661377,139200
2008-12-05,5.525687217712402,7.150000095367432,7.5,6.940000057220459,6.989999771118164,393600
2008-12-08,6.46080207824707,8.359999656677246,8.640000343322754,7.239999771118164,7.239999771118164,190600
2008-12-09,5.927555084228516,7.670000076293945,8.5,7.480000019073486,8.239999771118164,54400
2008-12-10,6.344879150390625,8.210000038146973,8.350000381469727,7.590000152587891,7.679999828338623,28900
2008-12-11,6.198042869567871,8.020000457763672,8.4399995803833,7.880000114440918,8.050000190734863,29500
2008-12-12,6.035749912261963,7.809999942779541,7.989999771118164,7.599999904632568,7.829999923706055,37300
2008-12-15,6.221227169036865,8.050000190734863,8.25,7.78000020980835,7.78000020980835,12400
2008-12-16,6.15167236328125,7.960000038146973,8.130000114440918,7.829999923706055,8.130000114440918,13100
2008-12-17,6.352607250213623,8.220000267028809,8.479999542236328,7.860000133514404,7.860000133514404,35700
2008-12-18,6.963138580322266,9.010000228881836,9.420000076293945,8.229999542236328,8.229999542236328,88000
2008-12-19,7.032692909240723,9.100000381469727,9.109999656677246,8.75,8.989999771118164,77600
2008-12-22,6.901311874389648,8.930000305175781,9.0,8.6899995803833,8.779999732971191,55100
2008-12-23,6.6230950355529785,8.569999694824219,8.819999694824219,8.569999694824219,8.680000305175781,28800
2008-12-24,6.870400905609131,8.890000343322754,8.890000343322754,8.640000343322754,8.65999984741211,6300
2008-12-26,6.862671375274658,8.880000114440918,9.029999732971191,8.800000190734863,8.800000190734863,7700
2008-12-29,6.715834617614746,8.6899995803833,8.869999885559082,8.520000457763672,8.789999961853027,71600
2008-12-30,6.963138580322266,9.010000228881836,9.010000228881836,8.65999984741211,8.65999984741211,71200
2008-12-31,6.793116092681885,8.789999961853027,9.25,8.550000190734863,9.0,86600
2009-01-02,7.241353988647461,9.369999885559082,9.59000015258789,8.119999885559082,9.529999732971191,28400
2009-01-05,6.723562240600586,8.699999809265137,8.8100004196167,8.260000228881836,8.800000190734863,31200
2009-01-06,6.862671375274658,8.880000114440918,8.970000267028809,8.600000381469727,8.609999656677246,12000
2009-01-07,6.190314769744873,8.010000228881836,8.949999809265137,7.929999828338623,8.949999809265137,35800
2009-01-08,5.873456001281738,7.599999904632568,8.0600004196167,7.5,8.0600004196167,40300
2009-01-09,5.842544078826904,7.559999942779541,7.880000114440918,7.400000095367432,7.53000020980835,41400
2009-01-12,5.680251121520996,7.349999904632568,7.510000228881836,7.25,7.449999809265137,36000
2009-01-13,5.943011283874512,7.690000057220459,7.78000020980835,7.449999809265137,7.449999809265137,12600
2009-01-14,5.525687217712402,7.150000095367432,7.349999904632568,6.949999809265137,7.349999904632568,28900
2009-01-15,6.058934688568115,7.840000152587891,7.860000133514404,7.070000171661377,7.119999885559082,118400
2009-01-16,5.680251121520996,7.349999904632568,8.119999885559082,6.960000038146973,8.119999885559082,56300
2009-01-20,5.425219535827637,7.019999980926514,7.380000114440918,6.75,7.349999904632568,40700
2009-01-21,5.695706844329834,7.369999885559082,7.369999885559082,7.139999866485596,7.28000020980835,26600
2009-01-22,5.479316711425781,7.090000152587891,7.349999904632568,7.059999942779541,7.25,16900
2009-01-23,5.394306659698486,6.980000019073486,7.239999771118164,6.809999942779541,7.0,37100
2009-01-26,5.425219535827637,7.019999980926514,7.309999942779541,6.900000095367432,7.309999942779541,2400
2009-01-27,5.726621150970459,7.409999847412109,7.570000171661377,7.210000038146973,7.480000019073486,15100
2009-01-28,5.989380836486816,7.75,7.840000152587891,7.150000095367432,7.409999847412109,14900
2009-01-29,5.680251121520996,7.349999904632568,7.690000057220459,7.199999809265137,7.570000171661377,72800
2009-01-30,5.680251121520996,7.349999904632568,7.5,7.309999942779541,7.360000133514404,4900
2009-02-02,5.626153469085693,7.28000020980835,8.050000190734863,6.889999866485596,7.199999809265137,34500
2009-02-03,5.796174049377441,7.5,7.599999904632568,7.130000114440918,7.5,20700
2009-02-04,5.803902626037598,7.510000228881836,7.860000133514404,7.449999809265137,7.5,38500
2009-02-05,5.834814548492432,7.550000190734863,7.800000190734863,7.550000190734863,7.610000133514404,8000
2009-02-06,5.834814548492432,7.550000190734863,7.699999809265137,7.5,7.519999980926514,47500
2009-02-09,5.579784393310547,7.21999979019165,7.800000190734863,7.059999942779541,7.789999961853027,47500
2009-02-10,5.432947635650635,7.03000020980835,7.489999771118164,7.03000020980835,7.489999771118164,3200
2009-02-11,5.309296607971191,6.869999885559082,7.059999942779541,6.829999923706055,7.010000228881836,6300
2009-02-12,5.757533073425293,7.449999809265137,7.449999809265137,6.840000152587891,6.880000114440918,6700
2009-02-13,5.602968215942383,7.25,7.289999961853027,6.900000095367432,7.130000114440918,8400
2009-02-17,5.471588134765625,7.079999923706055,7.150000095367432,6.75,7.099999904632568,7700
2009-02-18,5.525687217712402,7.150000095367432,7.190000057220459,6.96999979019165,6.980000019073486,10900
2009-02-19,5.278381824493408,6.829999923706055,7.179999828338623,6.829999923706055,7.150000095367432,45500
2009-02-20,5.278381824493408,6.829999923706055,6.909999847412109,6.809999942779541,6.809999942779541,7300
2009-02-23,5.147002696990967,6.659999847412109,6.769999980926514,6.659999847412109,6.75,12600
2009-02-24,5.618425369262695,7.269999980926514,7.670000076293945,6.260000228881836,6.260000228881836,80600
2009-02-25,5.378849983215332,6.960000038146973,7.239999771118164,6.849999904632568,7.21999979019165,79800
2009-02-26,5.4947733879089355,7.110000133514404,7.21999979019165,6.900000095367432,6.989999771118164,25200
2009-02-27,5.4561333656311035,7.059999942779541,7.090000152587891,7.0,7.010000228881836,9700
2009-03-02,5.402034759521484,6.989999771118164,7.0,6.699999809265137,6.929999828338623,72300
2009-03-03,5.3247528076171875,6.889999866485596,7.010000228881836,6.75,6.809999942779541,11000
2009-03-04,5.332480430603027,6.900000095367432,6.940000057220459,6.800000190734863,6.800000190734863,33600
2009-03-05,5.286111354827881,6.840000152587891,7.159999847412109,6.789999961853027,6.900000095367432,42900
2009-03-06,5.286111354827881,6.840000152587891,7.0,6.820000171661377,7.0,11800
2009-03-09,5.19337272644043,6.71999979019165,6.849999904632568,6.710000038146973,6.849999904632568,59100
2009-03-10,5.332480430603027,6.900000095367432,7.0,6.730000019073486,6.809999942779541,9800
2009-03-11,5.363394260406494,6.940000057220459,7.0,6.900000095367432,6.900000095367432,22700
2009-03-12,5.409763336181641,7.0,7.039999961853027,6.75,6.75,39700
2009-03-13,5.386577129364014,6.96999979019165,7.190000057220459,6.900000095367432,6.920000076293945,13200
2009-03-16,5.63388204574585,7.289999961853027,7.519999980926514,7.289999961853027,7.360000133514404,33200
2009-03-17,5.6493377685546875,7.309999942779541,7.53000020980835,6.940000057220459,7.519999980926514,53100
2009-03-18,5.602968215942383,7.25,7.5,7.019999980926514,7.159999847412109,29200
2009-03-19,5.355664253234863,6.929999828338623,7.349999904632568,6.900000095367432,7.119999885559082,21700
2009-03-20,5.55659818649292,7.190000057220459,7.239999771118164,7.119999885559082,7.119999885559082,6400
2009-03-23,5.548870086669922,7.179999828338623,7.420000076293945,6.900000095367432,7.420000076293945,57100
2009-03-24,5.718891620635986,7.400000095367432,7.550000190734863,7.199999809265137,7.269999980926514,248900
2009-03-25,5.788444519042969,7.489999771118164,7.579999923706055,7.409999847412109,7.5,58000
2009-03-26,5.742076873779297,7.429999828338623,7.5,7.300000190734863,7.440000057220459,52900
2009-03-27,5.81935977935791,7.53000020980835,7.53000020980835,7.429999828338623,7.46999979019165,42900
2009-03-30,5.772989749908447,7.46999979019165,7.5,7.349999904632568,7.5,23300
2009-03-31,5.695706844329834,7.369999885559082,7.659999847412109,7.119999885559082,7.449999809265137,26300
2009-04-01,5.749804496765137,7.440000057220459,7.5,7.0,7.0,12600
2009-04-02,5.695706844329834,7.369999885559082,7.829999923706055,7.300000190734863,7.519999980926514,69700
2009-04-03,5.664793968200684,7.329999923706055,7.440000057220459,7.289999961853027,7.380000114440918,24000
2009-04-06,5.4870452880859375,7.099999904632568,7.320000171661377,7.039999961853027,7.079999923706055,36000
2009-04-07,5.5875115394592285,7.230000019073486,7.489999771118164,7.110000133514404,7.159999847412109,17500
2009-04-08,5.796174049377441,7.5,7.5,7.190000057220459,7.480000019073486,97700
2009-04-09,6.066662311553955,7.849999904632568,7.949999809265137,7.510000228881836,7.510000228881836,84300
2009-04-13,6.1671295166015625,7.980000019073486,8.069999694824219,7.809999942779541,7.849999904632568,84300
2009-04-14,6.0125651359558105,7.78000020980835,8.039999961853027,7.059999942779541,8.039999961853027,94900
2009-04-15,6.028021335601807,7.800000190734863,7.980000019073486,7.670000076293945,7.860000133514404,29500
2009-04-16,6.089848518371582,7.880000114440918,7.960000038146973,7.5,7.960000038146973,24800
2009-04-17,6.437617301940918,8.329999923706055,8.449999809265137,7.900000095367432,7.96999979019165,130800
2009-04-20,6.190314769744873,8.010000228881836,8.300000190734863,7.909999847412109,8.199999809265137,110100
2009-04-21,6.1207594871521,7.920000076293945,8.010000228881836,7.840000152587891,8.0,51200
2009-04-22,6.028021335601807,7.800000190734863,8.15999984741211,7.78000020980835,7.929999828338623,69100
2009-04-23,6.082118988037109,7.869999885559082,8.0600004196167,7.789999961853027,7.940000057220459,23700
2009-04-24,5.997109413146973,7.760000228881836,8.029999732971191,7.5,8.029999732971191,112100
2009-04-27,5.873456001281738,7.599999904632568,7.840000152587891,7.5,7.820000171661377,62400
2009-04-28,5.95073938369751,7.699999809265137,7.809999942779541,7.539999961853027,7.659999847412109,18300
2009-04-29,6.035749912261963,7.809999942779541,8.039999961853027,7.550000190734863,7.699999809265137,168900
2009-04-30,5.888913154602051,7.619999885559082,7.809999942779541,7.510000228881836,7.809999942779541,95500
2009-05-01,5.865728378295898,7.590000152587891,7.889999866485596,7.5,7.710000038146973,78700
2009-05-04,6.028021335601807,7.800000190734863,7.949999809265137,7.539999961853027,7.650000095367432,122700
2009-05-05,5.997109413146973,7.760000228881836,7.980000019073486,7.610000133514404,7.869999885559082,31800
2009-05-06,5.973923206329346,7.730000019073486,8.260000228881836,7.650000095367432,7.800000190734863,32400
2009-05-07,5.865728378295898,7.590000152587891,7.849999904632568,7.570000171661377,7.849999904632568,127300
2009-05-08,6.028021335601807,7.800000190734863,7.980000019073486,7.599999904632568,7.599999904632568,93100
2009-05-11,5.927555084228516,7.670000076293945,7.840000152587891,7.610000133514404,7.840000152587891,32800
2009-05-12,5.888913154602051,7.619999885559082,7.829999923706055,7.480000019073486,7.829999923706055,38800
2009-05-13,5.796174049377441,7.5,7.679999828338623,7.480000019073486,7.679999828338623,63500
2009-05-14,5.81935977935791,7.53000020980835,7.570000171661377,7.349999904632568,7.570000171661377,69300
2009-05-15,5.803902626037598,7.510000228881836,7.599999904632568,7.449999809265137,7.599999904632568,43100
2009-05-18,5.989380836486816,7.75,8.0,7.480000019073486,7.730000019073486,99100
2009-05-19,6.344879150390625,8.210000038146973,8.470000267028809,7.820000171661377,7.820000171661377,135500
2009-05-20,6.584453582763672,8.520000457763672,8.670000076293945,8.130000114440918,8.420000076293945,124900
2009-05-21,7.0636067390441895,9.140000343322754,9.140000343322754,8.800000190734863,8.800000190734863,204500
2009-05-22,7.797786235809326,10.09000015258789,10.539999961853027,9.0,9.600000381469727,304500
2009-05-26,8.191926002502441,10.600000381469727,10.600000381469727,9.649999618530273,9.649999618530273,169900
2009-05-27,8.045089721679688,10.40999984741211,10.5600004196167,9.899999618530273,10.279999732971191,338200
2009-05-28,8.315580368041992,10.760000228881836,10.760000228881836,10.050000190734863,10.430000305175781,104000
2009-05-29,8.539697647094727,11.050000190734863,11.229999542236328,10.569999694824219,10.640000343322754,158700
2009-06-01,9.011119842529297,11.65999984741211,11.739999771118164,11.140000343322754,11.4399995803833,332700
2009-06-02,9.575279235839844,12.390000343322754,12.40999984741211,10.979999542236328,11.229999542236328,494400
2009-06-03,9.281606674194336,12.010000228881836,12.350000381469727,11.859999656677246,12.0,157600
2009-06-04,9.389803886413574,12.149999618530273,12.25,11.90999984741211,12.130000114440918,144800
2009-06-05,9.42071533203125,12.1899995803833,12.5,12.0,12.5,47400
2009-06-08,9.4825439453125,12.270000457763672,12.3100004196167,11.989999771118164,12.3100004196167,61900
2009-06-09,10.178082466125488,13.170000076293945,13.229999542236328,12.350000381469727,12.350000381469727,322400
2009-06-10,10.046703338623047,13.0,13.720000267028809,12.989999771118164,13.600000381469727,288500
2009-06-11,10.464025497436523,13.539999961853027,13.75,13.270000457763672,13.350000381469727,155200
2009-06-12,10.348103523254395,13.390000343322754,13.6899995803833,13.300000190734863,13.6899995803833,125200
2009-06-15,9.575279235839844,12.390000343322754,13.020000457763672,12.170000076293945,13.0,152600
2009-06-16,9.590737342834473,12.40999984741211,12.770000457763672,12.140000343322754,12.550000190734863,189600
2009-06-17,9.590737342834473,12.40999984741211,12.510000228881836,12.199999809265137,12.239999771118164,64500
2009-06-18,9.70666217803955,12.5600004196167,12.680000305175781,12.210000038146973,12.59000015258789,73600
2009-06-19,9.660290718078613,12.5,12.890000343322754,12.399999618530273,12.869999885559082,101000
2009-06-22,9.459358215332031,12.239999771118164,12.640000343322754,12.149999618530273,12.640000343322754,134300
2009-06-23,9.5830078125,12.399999618530273,12.489999771118164,12.0,12.25,196700
2009-06-24,10.354055404663086,13.15999984741211,13.170000076293945,12.180000305175781,12.609999656677246,110700
2009-06-25,10.889068603515625,13.84000015258789,14.100000381469727,13.100000381469727,13.199999809265137,258900
2009-06-26,10.991349220275879,13.970000267028809,14.199999809265137,13.819999694824219,13.979999542236328,138100
2009-06-29,10.653030395507812,13.539999961853027,14.199999809265137,13.479999542236328,14.199999809265137,46300
2009-06-30,10.550749778747559,13.40999984741211,13.84000015258789,13.3100004196167,13.739999771118164,41900
2009-07-01,11.290327072143555,14.350000381469727,14.649999618530273,13.579999923706055,13.579999923706055,379100
2009-07-02,10.983481407165527,13.960000038146973,14.350000381469727,13.399999618530273,14.350000381469727,128400
2009-07-06,10.55861759185791,13.420000076293945,14.109999656677246,13.260000228881836,14.109999656677246,36000
2009-07-07,10.841861724853516,13.779999732971191,14.34000015258789,12.920000076293945,13.930000305175781,90000
2009-07-08,10.676633834838867,13.569999694824219,13.9399995803833,13.289999961853027,13.8100004196167,165000
2009-07-09,10.660898208618164,13.550000190734863,13.890000343322754,13.25,13.880000114440918,81100
2009-07-10,10.755311965942383,13.670000076293945,13.84000015258789,13.380000114440918,13.699999809265137,68000
2009-07-13,10.912671089172363,13.869999885559082,14.390000343322754,13.34000015258789,13.890000343322754,92100
2009-07-14,11.172310829162598,14.199999809265137,14.430000305175781,13.510000228881836,13.8100004196167,199600
2009-07-15,11.408342361450195,14.5,14.890000343322754,14.25,14.649999618530273,185400
2009-07-16,11.557829856872559,14.6899995803833,14.899999618530273,14.5,14.630000114440918,102000
2009-07-17,12.05350399017334,15.319999694824219,15.399999618530273,14.5600004196167,14.8100004196167,271100
2009-07-20,13.343828201293945,16.959999084472656,17.0,15.420000076293945,15.510000228881836,470100
2009-07-21,12.856019973754883,16.34000015258789,16.90999984741211,16.100000381469727,16.90999984741211,222300
2009-07-22,12.903228759765625,16.399999618530273,16.610000610351562,16.010000228881836,16.399999618530273,179900
2009-07-23,12.793081283569336,16.260000228881836,16.600000381469727,16.0,16.399999618530273,131000
2009-07-24,14.358777046203613,18.25,18.59000015258789,16.329999923706055,16.399999618530273,597500
2009-07-27,15.177032470703125,19.290000915527344,19.799999237060547,18.420000076293945,18.600000381469727,554400
2009-07-28,15.16916561126709,19.280000686645508,19.780000686645508,18.950000762939453,19.780000686645508,512400
2009-07-29,14.854448318481445,18.8799991607666,19.5,18.540000915527344,19.299999237060547,262500
2009-07-30,15.326520919799805,19.479999542236328,19.6299991607666,19.079999923706055,19.280000686645508,475500
2009-07-31,13.863101959228516,17.6200008392334,19.690000534057617,17.100000381469727,19.690000534057617,533500
2009-08-03,15.279313087463379,19.420000076293945,19.5,17.75,18.489999771118164,311900
2009-08-04,14.736431121826172,18.729999542236328,19.5,18.40999984741211,19.139999389648438,204800
2009-08-05,14.712830543518066,18.700000762939453,19.5,17.809999465942383,19.06999969482422,166600
2009-08-06,14.036194801330566,17.84000015258789,18.979999542236328,17.670000076293945,18.969999313354492,152500
2009-08-07,14.390246391296387,18.290000915527344,18.65999984741211,17.700000762939453,17.920000076293945,133600
2009-08-10,14.122745513916016,17.950000762939453,18.75,17.760000228881836,18.540000915527344,136300
2009-08-11,14.107006072998047,17.93000030517578,18.420000076293945,17.770000457763672,18.420000076293945,99200
2009-08-12,14.55547046661377,18.5,18.65999984741211,17.899999618530273,18.34000015258789,348500
2009-08-13,16.522430419921875,21.0,21.75,18.75,18.780000686645508,1266500
2009-08-14,14.972464561462402,19.030000686645508,21.229999542236328,18.389999389648438,21.229999542236328,453300
2009-08-17,12.714402198791504,16.15999984741211,16.860000610351562,15.5600004196167,16.6299991607666,686400
2009-08-18,12.934700012207031,16.440000534057617,17.0,15.670000076293945,15.770000457763672,432400
2009-08-19,12.98190689086914,16.5,16.739999771118164,14.800000190734863,15.479999542236328,512300
2009-08-20,13.800163269042969,17.540000915527344,17.790000915527344,16.110000610351562,16.399999618530273,267700
2009-08-21,13.04485034942627,16.579999923706055,18.25,16.049999237060547,17.959999084472656,491400
2009-08-24,14.476790428161621,18.399999618530273,19.3700008392334,16.850000381469727,17.59000015258789,802100
2009-08-25,15.137688636779785,19.239999771118164,19.56999969482422,18.719999313354492,19.09000015258789,396300
2009-08-26,14.083402633666992,17.899999618530273,19.420000076293945,17.420000076293945,19.420000076293945,413900
2009-08-27,14.421716690063477,18.329999923706055,18.690000534057617,17.520000457763672,18.5,348900
2009-08-28,13.808028221130371,17.549999237060547,18.450000762939453,17.31999969482422,18.40999984741211,224400
2009-08-31,13.013378143310547,16.540000915527344,17.149999618530273,15.890000343322754,16.899999618530273,448400
2009-09-01,13.178606033325195,16.75,18.389999389648438,16.450000762939453,16.450000762939453,518800
2009-09-02,13.02911376953125,16.559999465942383,17.040000915527344,16.469999313354492,16.510000228881836,193800
2009-09-03,14.083402633666992,17.899999618530273,18.280000686645508,16.68000030517578,16.68000030517578,346800
2009-09-04,14.343039512634277,18.229999542236328,18.450000762939453,17.799999237060547,18.299999237060547,204600
2009-09-08,15.129822731018066,19.229999542236328,19.239999771118164,18.40999984741211,18.5,326600
2009-09-09,15.232107162475586,19.360000610351562,19.459999084472656,18.520000457763672,18.709999084472656,293700
2009-09-10,15.216368675231934,19.34000015258789,19.479999542236328,18.649999618530273,19.15999984741211,147300
2009-09-11,15.940211296081543,20.260000228881836,20.280000686645508,19.399999618530273,19.399999618530273,472900
2009-09-14,15.79072093963623,20.06999969482422,20.469999313354492,19.850000381469727,20.309999465942383,231300
2009-09-15,15.578288078308105,19.799999237060547,20.459999084472656,19.68000030517578,20.100000381469727,212000
2009-09-16,16.207717895507812,20.600000381469727,20.68000030517578,19.799999237060547,19.799999237060547,264200
2009-09-17,16.199844360351562,20.59000015258789,21.200000762939453,20.25,20.690000534057617,255100
2009-09-18,17.3092098236084,22.0,22.5,21.200000762939453,22.389999389648438,1113700
2009-09-21,17.671133041381836,22.459999084472656,22.719999313354492,21.56999969482422,21.790000915527344,399900
2009-09-22,18.00157928466797,22.8799991607666,22.950000762939453,22.0,22.6299991607666,285700
2009-09-23,18.88277244567871,24.0,24.739999771118164,23.010000228881836,23.010000228881836,1245400
2009-09-24,17.765546798706055,22.579999923706055,24.329999923706055,22.110000610351562,24.049999237060547,649500
2009-09-25,16.876483917236328,21.450000762939453,22.399999618530273,20.690000534057617,22.260000228881836,477000
2009-09-28,17.80488395690918,22.6299991607666,23.34000015258789,21.579999923706055,21.81999969482422,244100
2009-09-29,17.946504592895508,22.809999465942383,23.290000915527344,22.6299991607666,22.8799991607666,143900
2009-09-30,18.064523696899414,22.959999084472656,23.969999313354492,22.829999923706055,23.739999771118164,212100
2009-10-01,16.782066345214844,21.329999923706055,23.25,21.25,23.0,310400
2009-10-02,16.7191219329834,21.25,22.0,20.020000457763672,20.920000076293945,254000
2009-10-05,17.277738571166992,21.959999084472656,22.110000610351562,21.010000228881836,21.360000610351562,197300
2009-10-06,18.095993041992188,23.0,23.5,22.510000228881836,22.520000457763672,261200
2009-10-07,18.080257415771484,22.979999542236328,23.25,22.360000610351562,23.25,116400
2009-10-08,18.00944709777832,22.889999389648438,23.479999542236328,22.790000915527344,23.479999542236328,216200
2009-10-09,18.394968032836914,23.3799991607666,23.93000030517578,22.799999237060547,23.049999237060547,555300
2009-10-12,18.379236221313477,23.360000610351562,23.889999389648438,23.1200008392334,23.489999771118164,518900
2009-10-13,17.51377296447754,22.260000228881836,23.360000610351562,21.8799991607666,23.360000610351562,271000
2009-10-14,18.308425903320312,23.270000457763672,23.34000015258789,22.459999084472656,22.979999542236328,171300
2009-10-15,17.875688552856445,22.719999313354492,23.190000534057617,22.579999923706055,23.190000534057617,80200
2009-10-16,17.678997039794922,22.469999313354492,22.950000762939453,21.809999465942383,22.75,122300
2009-10-19,17.844219207763672,22.68000030517578,23.18000030517578,21.600000381469727,22.729999542236328,329400
2009-10-20,18.229747772216797,23.170000076293945,23.229999542236328,22.719999313354492,23.190000534057617,317300
2009-10-21,18.02518081665039,22.90999984741211,23.489999771118164,22.479999542236328,23.0,408700
2009-10-22,18.182540893554688,23.110000610351562,23.139999389648438,22.5,22.5,328100
2009-10-23,18.33989715576172,23.309999465942383,24.639999389648438,23.010000228881836,23.40999984741211,1771600
2009-10-26,17.28560447692871,21.969999313354492,23.40999984741211,21.850000381469727,23.139999389648438,412600
2009-10-27,16.325733184814453,20.75,22.100000381469727,20.559999465942383,21.760000228881836,512100
2009-10-28,14.55547046661377,18.5,20.799999237060547,18.420000076293945,20.6200008392334,760200
2009-10-29,15.861528396606445,20.15999984741211,20.420000076293945,18.600000381469727,18.600000381469727,402500
2009-10-30,15.948077201843262,20.270000457763672,20.549999237060547,19.5,20.549999237060547,351800
2009-11-02,15.71990966796875,19.979999542236328,20.84000015258789,19.399999618530273,20.700000762939453,256000
2009-11-03,15.735645294189453,20.0,20.209999084472656,19.25,19.5,149300
2009-11-04,15.798585891723633,20.079999923706055,20.5,20.059999465942383,20.309999465942383,162600
2009-11-05,16.48309326171875,20.950000762939453,20.979999542236328,20.040000915527344,20.079999923706055,183300
2009-11-06,16.459484100341797,20.920000076293945,21.139999389648438,20.43000030517578,20.979999542236328,105000
2009-11-09,15.97168254852295,20.299999237060547,21.40999984741211,20.100000381469727,21.399999618530273,254700
2009-11-10,16.223447799682617,20.6200008392334,20.729999542236328,20.010000228881836,20.049999237060547,217100
2009-11-11,16.160511016845703,20.540000915527344,21.31999969482422,20.229999542236328,20.530000686645508,149300
2009-11-12,16.365068435668945,20.799999237060547,20.950000762939453,20.5,20.739999771118164,106800
2009-11-13,17.128252029418945,21.770000457763672,22.350000381469727,20.600000381469727,20.860000610351562,174600
2009-11-16,18.095993041992188,23.0,23.0,22.110000610351562,22.139999389648438,223500
2009-11-17,18.088125228881836,22.989999771118164,22.989999771118164,22.5,22.899999618530273,97800
2009-11-18,17.922901153564453,22.780000686645508,23.100000381469727,21.8700008392334,23.0,180700
2009-11-19,16.829269409179688,21.389999389648438,22.459999084472656,21.0,22.440000534057617,308800
2009-11-20,16.49095916748047,20.959999084472656,21.350000381469727,20.760000228881836,21.06999969482422,198400
2009-11-23,16.813533782958984,21.3700008392334,21.530000686645508,20.799999237060547,21.489999771118164,134400
2009-11-24,17.293474197387695,21.979999542236328,22.0,19.809999465942383,20.889999389648438,336200
2009-11-25,17.482303619384766,22.219999313354492,22.850000381469727,21.399999618530273,22.0,216800
2009-11-27,17.07317543029785,21.700000762939453,22.0,20.540000915527344,21.549999237060547,158100
2009-11-30,16.530296325683594,21.010000228881836,21.93000030517578,20.600000381469727,21.649999618530273,211400
2009-12-01,16.9079532623291,21.489999771118164,21.68000030517578,21.010000228881836,21.010000228881836,123800
2009-12-02,16.931554794311523,21.520000457763672,22.0,21.399999618530273,21.90999984741211,212900
2009-12-03,16.60897445678711,21.110000610351562,21.959999084472656,21.040000915527344,21.790000915527344,250000
2009-12-04,16.624710083007812,21.1299991607666,21.81999969482422,20.989999771118164,21.600000381469727,188100
2009-12-07,16.91581916809082,21.5,21.719999313354492,21.15999984741211,21.15999984741211,176900
2009-12-08,16.585371017456055,21.079999923706055,21.56999969482422,20.719999313354492,21.299999237060547,201700
2009-12-09,16.27065658569336,20.68000030517578,21.239999771118164,20.3700008392334,21.0,244000
2009-12-10,16.184106826782227,20.56999969482422,21.0,20.40999984741211,20.829999923706055,169300
2009-12-11,15.995285987854004,20.329999923706055,20.739999771118164,20.139999389648438,20.65999984741211,133900
2009-12-14,16.538166046142578,21.020000457763672,21.100000381469727,20.31999969482422,20.360000610351562,187200
2009-12-15,16.67191505432129,21.190000534057617,21.520000457763672,20.799999237060547,20.799999237060547,204900
2009-12-16,16.91581916809082,21.5,21.5,21.09000015258789,21.1200008392334,128300
2009-12-17,16.8056697845459,21.360000610351562,21.8799991607666,21.209999084472656,21.399999618530273,203000
2009-12-18,16.789932250976562,21.34000015258789,22.6200008392334,20.670000076293945,21.81999969482422,418000
2009-12-21,16.388673782348633,20.829999923706055,21.75,20.610000610351562,21.3799991607666,116100
2009-12-22,16.325733184814453,20.75,20.889999389648438,20.290000915527344,20.889999389648438,97500
2009-12-23,16.601106643676758,21.100000381469727,21.15999984741211,20.25,20.65999984741211,69600
2009-12-24,16.459484100341797,20.920000076293945,21.200000762939453,20.81999969482422,21.1299991607666,28700
2009-12-28,16.325733184814453,20.75,20.979999542236328,20.389999389648438,20.969999313354492,108400
2009-12-29,16.207717895507812,20.600000381469727,21.040000915527344,20.5,20.889999389648438,47300
2009-12-30,15.71990966796875,19.979999542236328,20.56999969482422,19.600000381469727,20.5,308900
2009-12-31,15.798585891723633,20.079999923706055,20.399999618530273,20.0,20.0,60800
2010-01-04,16.239185333251953,20.639999389648438,20.75,20.110000610351562,20.56999969482422,151700
2010-01-05,16.6483154296875,21.15999984741211,21.3799991607666,21.0,21.0,109400
2010-01-06,17.13611602783203,21.780000686645508,21.959999084472656,20.969999313354492,21.389999389648438,255900
2010-01-07,17.32494354248047,22.020000457763672,22.100000381469727,21.399999618530273,21.90999984741211,231400
2010-01-08,17.584583282470703,22.350000381469727,22.43000030517578,21.8700008392334,22.110000610351562,199000
2010-01-11,16.616844177246094,21.1200008392334,22.81999969482422,21.100000381469727,22.700000762939453,220200
2010-01-12,16.40441131591797,20.850000381469727,21.31999969482422,20.34000015258789,21.229999542236328,167100
2010-01-13,16.176240921020508,20.559999465942383,20.889999389648438,20.100000381469727,20.889999389648438,149500
2010-01-14,16.333599090576172,20.760000228881836,21.440000534057617,20.5,20.559999465942383,149900
2010-01-15,15.979549407958984,20.309999465942383,20.6200008392334,20.100000381469727,20.530000686645508,137000
2010-01-19,16.37293815612793,20.809999465942383,20.8700008392334,20.149999618530273,20.18000030517578,131600
2010-01-20,15.814322471618652,20.100000381469727,20.860000610351562,19.920000076293945,20.860000610351562,111300
2010-01-21,14.720696449279785,18.709999084472656,20.0,18.5,19.959999084472656,328200
2010-01-22,14.6262788772583,18.59000015258789,19.209999084472656,18.5,18.84000015258789,220700
2010-01-25,14.799373626708984,18.809999465942383,19.100000381469727,18.600000381469727,18.75,148400
2010-01-26,14.41385555267334,18.31999969482422,18.8799991607666,18.290000915527344,18.760000228881836,157900
2010-01-27,14.405982971191406,18.309999465942383,18.489999771118164,17.399999618530273,18.489999771118164,255500
2010-01-28,14.63415241241455,18.600000381469727,18.829999923706055,18.309999465942383,18.440000534057617,118800
2010-01-29,14.642021179199219,18.610000610351562,19.030000686645508,18.219999313354492,18.739999771118164,111600
2010-02-01,14.311568260192871,18.190000534057617,18.520000457763672,17.75,18.520000457763672,146400
2010-02-02,14.807242393493652,18.81999969482422,18.8700008392334,18.079999923706055,18.079999923706055,90500
2010-02-03,14.642021179199219,18.610000610351562,19.100000381469727,18.43000030517578,18.899999618530273,62700
2010-02-04,13.571993827819824,17.25,18.600000381469727,17.25,18.579999923706055,167600
2010-02-05,13.343828201293945,16.959999084472656,17.40999984741211,16.68000030517578,17.25,217600
2010-02-08,13.210075378417969,16.790000915527344,16.899999618530273,16.489999771118164,16.899999618530273,141300
2010-02-09,13.855236053466797,17.610000610351562,17.709999084472656,16.920000076293945,16.920000076293945,64500
2010-02-10,14.051931381225586,17.860000610351562,17.969999313354492,17.549999237060547,17.739999771118164,45700
2010-02-11,15.869397163391113,20.170000076293945,20.329999923706055,18.18000030517578,18.329999923706055,462000
2010-02-12,15.499608993530273,19.700000762939453,20.190000534057617,19.59000015258789,20.190000534057617,93800
2010-02-16,16.11330223083496,20.479999542236328,20.700000762939453,19.459999084472656,19.75,175600
2010-02-17,17.175460815429688,21.829999923706055,21.969999313354492,20.5,20.649999618530273,215600
2010-02-18,17.02596664428711,21.639999389648438,22.290000915527344,21.40999984741211,21.600000381469727,198300
2010-02-19,16.955154418945312,21.549999237060547,21.899999618530273,21.459999084472656,21.790000915527344,60600
2010-02-22,16.900083541870117,21.479999542236328,22.18000030517578,21.450000762939453,22.18000030517578,117100
2010-02-23,16.475223541259766,20.940000534057617,21.90999984741211,20.809999465942383,21.8799991607666,90100
2010-02-24,16.923686981201172,21.510000228881836,21.75,20.860000610351562,21.0,139300
2010-02-25,16.970890045166016,21.56999969482422,21.610000610351562,20.84000015258789,21.25,109200
2010-02-26,17.419361114501953,22.139999389648438,22.200000762939453,21.420000076293945,21.799999237060547,310600
2010-03-01,17.191190719604492,21.850000381469727,22.809999465942383,21.639999389648438,22.450000762939453,177000
2010-03-02,17.49803924560547,22.239999771118164,22.489999771118164,21.799999237060547,22.420000076293945,158900
2010-03-03,19.23682975769043,24.450000762939453,24.729999542236328,22.3799991607666,22.75,1364200
2010-03-04,19.362712860107422,24.610000610351562,25.0,24.09000015258789,24.5,536000
2010-03-05,20.322586059570312,25.829999923706055,25.950000762939453,24.350000381469727,24.450000762939453,618800
2010-03-08,20.424863815307617,25.959999084472656,26.290000915527344,25.540000915527344,25.979999542236328,429500
2010-03-09,20.22817039489746,25.709999084472656,26.219999313354492,25.450000762939453,26.18000030517578,312700
2010-03-10,20.259641647338867,25.75,25.940000534057617,25.59000015258789,25.940000534057617,170500
2010-03-11,20.078683853149414,25.520000457763672,25.84000015258789,25.15999984741211,25.829999923706055,211200
2010-03-12,20.070816040039062,25.510000228881836,25.690000534057617,25.15999984741211,25.649999618530273,233900
2010-03-15,19.984268188476562,25.399999618530273,26.040000915527344,25.079999923706055,25.600000381469727,213100
2010-03-16,19.724632263183594,25.06999969482422,25.420000076293945,25.0,25.270000457763672,289300
2010-03-17,19.944929122924805,25.350000381469727,25.690000534057617,25.09000015258789,25.25,254600
2010-03-18,20.062946319580078,25.5,25.5,24.43000030517578,25.350000381469727,191300
2010-03-19,19.889854431152344,25.280000686645508,25.65999984741211,25.06999969482422,25.280000686645508,141200
2010-03-22,20.13376235961914,25.59000015258789,25.59000015258789,24.700000762939453,25.020000457763672,131400
2010-03-23,21.431947708129883,27.239999771118164,27.299999237060547,25.65999984741211,25.700000762939453,670300
2010-03-24,21.070030212402344,26.780000686645508,27.459999084472656,26.75,27.290000915527344,267700
2010-03-25,20.857601165771484,26.510000228881836,27.290000915527344,26.5,27.100000381469727,117000
2010-03-26,21.109365463256836,26.829999923706055,26.899999618530273,26.399999618530273,26.809999465942383,189200
2010-03-29,20.959880828857422,26.639999389648438,27.0,26.5,27.0,139600
2010-03-30,21.188047409057617,26.93000030517578,26.93000030517578,26.479999542236328,26.84000015258789,172200
2010-03-31,20.936279296875,26.610000610351562,26.950000762939453,26.579999923706055,26.950000762939453,169200
2010-04-01,21.746662139892578,27.639999389648438,27.799999237060547,26.670000076293945,27.0,271200
2010-04-05,21.87254524230957,27.799999237060547,27.799999237060547,27.5,27.799999237060547,109900
2010-04-06,21.58930778503418,27.440000534057617,27.540000915527344,27.020000457763672,27.229999542236328,220500
2010-04-07,21.581436157226562,27.43000030517578,27.5,27.190000534057617,27.190000534057617,313200
2010-04-08,21.95909309387207,27.90999984741211,27.940000534057617,27.200000762939453,27.239999771118164,159000
2010-04-09,22.265939712524414,28.299999237060547,28.5,27.729999542236328,27.959999084472656,285000
2010-04-12,22.273805618286133,28.309999465942383,28.309999465942383,27.899999618530273,28.059999465942383,104900
2010-04-13,22.289535522460938,28.329999923706055,28.360000610351562,27.540000915527344,28.0,123700
2010-04-14,22.24233055114746,28.270000457763672,28.5,28.010000228881836,28.25,219000
2010-04-15,22.415430068969727,28.489999771118164,28.6200008392334,27.760000228881836,28.010000228881836,166400
2010-04-16,20.220306396484375,25.700000762939453,28.489999771118164,25.520000457763672,28.1299991607666,729300
2010-04-19,20.03934669494629,25.469999313354492,26.040000915527344,24.770000457763672,25.399999618530273,341100
2010-04-20,21.549962997436523,27.389999389648438,27.770000457763672,25.75,25.75,257000
2010-04-21,21.384740829467773,27.18000030517578,27.709999084472656,27.170000076293945,27.239999771118164,232500
2010-04-22,21.376876831054688,27.170000076293945,27.290000915527344,26.399999618530273,27.06999969482422,104800
2010-04-23,20.90480613708496,26.56999969482422,27.190000534057617,26.420000076293945,27.190000534057617,95900
2010-04-26,20.778919219970703,26.40999984741211,27.040000915527344,26.270000457763672,26.690000534057617,112600
2010-04-27,19.787574768066406,25.149999618530273,26.200000762939453,24.979999542236328,26.149999618530273,248600
2010-04-28,21.557832717895508,27.399999618530273,27.6200008392334,25.420000076293945,25.540000915527344,180700
2010-04-29,22.21873664855957,28.239999771118164,28.31999969482422,27.559999465942383,27.600000381469727,264000
2010-04-30,21.825342178344727,27.739999771118164,28.469999313354492,27.559999465942383,28.170000076293945,229300
2010-05-03,22.344621658325195,28.399999618530273,28.5,27.3700008392334,28.15999984741211,200200
2010-05-04,21.68372344970703,27.559999465942383,28.149999618530273,27.540000915527344,28.030000686645508,208600
2010-05-05,21.45555877685547,27.270000457763672,27.75,26.899999618530273,27.25,232900
2010-05-06,21.030689239501953,26.729999542236328,27.739999771118164,25.5,27.270000457763672,329200
2010-05-07,18.84343719482422,23.950000762939453,27.110000610351562,23.290000915527344,26.5,601500
2010-05-10,20.45633888244629,26.0,26.670000076293945,24.549999237060547,26.510000228881836,206600
2010-05-11,20.629426956176758,26.219999313354492,26.850000381469727,25.399999618530273,25.420000076293945,199400
2010-05-12,21.36900520324707,27.15999984741211,27.549999237060547,26.59000015258789,26.610000610351562,199500
2010-05-13,21.28246307373047,27.049999237060547,27.75,26.5,26.860000610351562,272800
2010-05-14,21.266725540161133,27.030000686645508,27.469999313354492,26.520000457763672,27.190000534057617,252500
2010-05-17,20.361927032470703,25.8799991607666,27.309999465942383,25.25,27.100000381469727,250000
2010-05-18,19.797639846801758,24.90999984741211,26.489999771118164,24.850000381469727,25.799999237060547,299500
2010-05-19,19.193618774414062,24.149999618530273,24.90999984741211,23.65999984741211,24.760000228881836,185700
2010-05-20,16.562938690185547,20.84000015258789,23.459999084472656,20.600000381469727,23.100000381469727,561900
2010-05-21,18.017362594604492,22.670000076293945,24.18000030517578,20.25,20.31999969482422,630900
2010-05-24,19.527420043945312,24.56999969482422,24.56999969482422,22.399999618530273,22.479999542236328,415000
2010-05-25,19.22540855407715,24.190000534057617,25.600000381469727,23.329999923706055,25.209999084472656,975600
2010-05-26,19.312833786010742,24.299999237060547,24.920000076293945,23.579999923706055,23.84000015258789,463700
2010-05-27,19.980436325073242,25.139999389648438,25.3700008392334,24.549999237060547,24.549999237060547,373000
2010-05-28,19.885061264038086,25.020000457763672,25.350000381469727,25.0,25.149999618530273,329400
2010-06-01,19.153879165649414,24.100000381469727,25.229999542236328,24.0,25.0,189300
2010-06-02,19.55126190185547,24.600000381469727,24.690000534057617,23.729999542236328,24.510000228881836,137000
2010-06-03,20.282447814941406,25.520000457763672,25.690000534057617,23.989999771118164,24.989999771118164,320800
2010-06-04,20.11554527282715,25.309999465942383,25.989999771118164,24.920000076293945,25.31999969482422,316400
2010-06-07,19.598949432373047,24.65999984741211,25.350000381469727,24.389999389648438,25.309999465942383,184400
2010-06-08,20.08375358581543,25.270000457763672,25.40999984741211,24.809999465942383,24.920000076293945,311300
2010-06-09,20.107603073120117,25.299999237060547,25.6200008392334,25.079999923706055,25.6200008392334,370000
2010-06-10,20.62420082092285,25.950000762939453,26.020000457763672,25.309999465942383,25.979999542236328,461900
2010-06-11,21.442808151245117,26.979999542236328,27.0,25.5,25.8700008392334,386700
2010-06-14,21.609710693359375,27.190000534057617,27.479999542236328,27.0,27.469999313354492,240500
2010-06-15,21.689189910888672,27.290000915527344,27.459999084472656,26.59000015258789,27.459999084472656,387000
2010-06-16,21.657392501831055,27.25,27.440000534057617,26.829999923706055,27.31999969482422,374100
2010-06-17,21.140796661376953,26.600000381469727,27.239999771118164,26.3700008392334,27.239999771118164,102400
2010-06-18,21.530231475830078,27.09000015258789,27.389999389648438,26.450000762939453,26.520000457763672,380600
2010-06-21,21.8560848236084,27.5,28.139999389648438,27.209999084472656,27.5,592500
2010-06-22,21.8560848236084,27.5,27.690000534057617,27.260000228881836,27.5,304700
2010-06-23,21.91171646118164,27.56999969482422,27.81999969482422,27.290000915527344,27.68000030517578,259100
2010-06-24,21.832244873046875,27.469999313354492,27.809999465942383,27.399999618530273,27.5,332900
2010-06-25,22.094514846801758,27.799999237060547,27.799999237060547,27.299999237060547,27.5,420400
2010-06-28,21.895822525024414,27.549999237060547,27.959999084472656,27.3700008392334,27.959999084472656,200700
2010-06-29,20.719575881958008,26.06999969482422,27.139999389648438,25.829999923706055,26.8799991607666,213600
2010-06-30,20.616252899169922,25.940000534057617,26.15999984741211,25.540000915527344,25.850000381469727,197100
2010-07-01,20.536771774291992,25.84000015258789,26.18000030517578,24.950000762939453,25.84000015258789,309100
2010-07-02,20.791099548339844,26.15999984741211,26.360000610351562,25.329999923706055,25.8700008392334,200400
2010-07-06,21.28385353088379,26.780000686645508,27.670000076293945,26.40999984741211,27.670000076293945,224200
2010-07-07,21.73686981201172,27.350000381469727,27.3799991607666,26.530000686645508,26.739999771118164,131900
2010-07-08,20.30628776550293,25.549999237060547,26.360000610351562,25.049999237060547,26.200000762939453,595200
2010-07-09,19.654582977294922,24.729999542236328,26.09000015258789,24.700000762939453,25.84000015258789,4055700
2010-07-12,19.757902145385742,24.860000610351562,25.149999618530273,24.5,24.719999313354492,548900
2010-07-13,19.91685676574707,25.059999465942383,25.1200008392334,24.700000762939453,25.0,375900
2010-07-14,19.89301109313965,25.030000686645508,25.200000762939453,24.81999969482422,24.81999969482422,231600
2010-07-15,19.36846351623535,24.3700008392334,24.950000762939453,24.25,24.829999923706055,200600
2010-07-16,18.77239227294922,23.6200008392334,24.610000610351562,23.5,24.34000015258789,314100
2010-07-19,18.271690368652344,22.989999771118164,23.889999389648438,22.549999237060547,23.719999313354492,504600
2010-07-20,19.03466796875,23.950000762939453,24.100000381469727,23.420000076293945,23.530000686645508,684900
2010-07-21,19.114137649536133,24.049999237060547,24.56999969482422,23.860000610351562,24.010000228881836,626700
2010-07-22,19.463838577270508,24.489999771118164,24.860000610351562,24.1200008392334,24.329999923706055,811900
2010-07-23,19.694318771362305,24.780000686645508,24.93000030517578,24.299999237060547,24.56999969482422,214900
2010-07-26,19.296937942504883,24.280000686645508,24.770000457763672,24.06999969482422,24.770000457763672,799200
2010-07-27,18.589595794677734,23.389999389648438,24.950000762939453,23.040000915527344,24.3799991607666,804600
2010-07-28,18.589595794677734,23.389999389648438,23.959999084472656,23.049999237060547,23.40999984741211,280800
2010-07-29,18.565753936767578,23.360000610351562,23.760000228881836,23.299999237060547,23.520000457763672,333400
2010-07-30,18.7406005859375,23.579999923706055,23.610000610351562,23.059999465942383,23.299999237060547,222800
2010-08-02,19.32872772216797,24.31999969482422,24.3700008392334,23.649999618530273,23.81999969482422,410200
2010-08-03,19.543312072753906,24.59000015258789,24.59000015258789,23.920000076293945,24.219999313354492,291600
2010-08-04,19.781747817993164,24.889999389648438,24.920000076293945,24.260000228881836,24.540000915527344,333200
2010-08-05,19.638687133789062,24.709999084472656,25.0,24.469999313354492,25.0,403600
2010-08-06,19.694318771362305,24.780000686645508,24.860000610351562,24.200000762939453,24.200000762939453,161400
2010-08-09,19.78969383239746,24.899999618530273,25.0,24.18000030517578,24.829999923706055,264600
2010-08-10,19.479736328125,24.510000228881836,24.889999389648438,24.110000610351562,24.670000076293945,204300
2010-08-11,18.71675682067871,23.549999237060547,24.229999542236328,23.309999465942383,23.889999389648438,359800
2010-08-12,18.518062591552734,23.299999237060547,23.579999923706055,23.049999237060547,23.209999084472656,156900
2010-08-13,18.192211151123047,22.889999389648438,23.3700008392334,22.780000686645508,23.299999237060547,136400
2010-08-16,18.375011444091797,23.1200008392334,23.6299991607666,22.81999969482422,22.84000015258789,253800
2010-08-17,18.67702293395996,23.5,23.950000762939453,22.709999084472656,23.600000381469727,529100
2010-08-18,18.724700927734375,23.559999465942383,23.799999237060547,23.06999969482422,23.799999237060547,310100
2010-08-19,18.796234130859375,23.649999618530273,23.850000381469727,23.18000030517578,23.299999237060547,679700
2010-08-20,18.90750503540039,23.790000915527344,23.860000610351562,23.420000076293945,23.770000457763672,245700
2010-08-23,19.32077980041504,24.309999465942383,24.5,23.709999084472656,23.709999084472656,523800
2010-08-24,19.662532806396484,24.739999771118164,25.049999237060547,23.299999237060547,23.809999465942383,946800
2010-08-25,19.066457748413086,23.989999771118164,24.899999618530273,23.940000534057617,24.579999923706055,352500
2010-08-26,18.74854850769043,23.59000015258789,24.139999389648438,23.079999923706055,24.020000457763672,310400
2010-08-27,19.209516525268555,24.170000076293945,24.170000076293945,22.690000534057617,23.700000762939453,279300
2010-08-30,18.74854850769043,23.59000015258789,25.0,23.530000686645508,24.209999084472656,326900
2010-08-31,17.35770606994629,21.84000015258789,23.790000915527344,21.829999923706055,22.709999084472656,631800
2010-09-01,17.349763870239258,21.829999923706055,22.5,21.719999313354492,22.239999771118164,978400
2010-09-02,17.389497756958008,21.8799991607666,22.309999465942383,21.040000915527344,21.6200008392334,1138600
2010-09-03,17.437185287475586,21.940000534057617,22.280000686645508,21.610000610351562,22.059999465942383,308600
2010-09-07,17.11927604675293,21.540000915527344,22.0,21.3700008392334,21.729999542236328,425400
2010-09-08,17.349763870239258,21.829999923706055,22.280000686645508,21.43000030517578,21.690000534057617,541700
2010-09-09,17.421289443969727,21.920000076293945,22.479999542236328,21.829999923706055,22.139999389648438,381800
2010-09-10,17.45307731628418,21.959999084472656,22.059999465942383,21.799999237060547,21.899999618530273,152800
2010-09-13,17.778932571411133,22.3700008392334,22.760000228881836,22.190000534057617,22.5,918200
2010-09-14,17.91404151916504,22.540000915527344,22.799999237060547,21.799999237060547,22.309999465942383,342000
2010-09-15,18.33527183532715,23.06999969482422,23.149999618530273,22.010000228881836,22.389999389648438,342000
2010-09-16,18.065048217773438,22.729999542236328,23.09000015258789,22.290000915527344,22.979999542236328,291000
2010-09-17,17.898149490356445,22.520000457763672,22.760000228881836,22.209999084472656,22.600000381469727,519000
2010-09-20,17.341815948486328,21.81999969482422,22.5,21.68000030517578,22.360000610351562,400500
2010-09-21,17.381549835205078,21.8700008392334,22.5,21.549999237060547,21.690000534057617,367700
2010-09-22,17.468971252441406,21.979999542236328,22.049999237060547,21.6299991607666,21.81999969482422,219600
2010-09-23,17.246440887451172,21.700000762939453,22.030000686645508,21.600000381469727,21.690000534057617,256500
2010-09-24,17.389497756958008,21.8799991607666,22.139999389648438,21.719999313354492,21.809999465942383,380600
2010-09-27,16.666259765625,20.969999313354492,21.920000076293945,20.1299991607666,21.920000076293945,945000
2010-09-28,17.071590423583984,21.479999542236328,21.8700008392334,20.469999313354492,20.889999389648438,786500
2010-09-29,17.834564208984375,22.440000534057617,22.559999465942383,21.06999969482422,21.6299991607666,447400
2010-09-30,18.470378875732422,23.239999771118164,23.739999771118164,22.399999618530273,22.75,702300
2010-10-01,18.573698043823242,23.3700008392334,23.639999389648438,22.739999771118164,23.56999969482422,423900
2010-10-04,18.502172470092773,23.280000686645508,24.110000610351562,23.100000381469727,23.510000228881836,292300
2010-10-05,18.91544532775879,23.799999237060547,23.8799991607666,22.959999084472656,23.399999618530273,361200
2010-10-06,19.05850601196289,23.979999542236328,24.290000915527344,23.479999542236328,23.93000030517578,191900
2010-10-07,18.279638290405273,23.0,24.329999923706055,22.68000030517578,24.329999923706055,388200
2010-10-08,17.437185287475586,21.940000534057617,23.399999618530273,21.920000076293945,22.799999237060547,624500
2010-10-11,17.977624893188477,22.6200008392334,23.110000610351562,22.010000228881836,22.209999084472656,235200
2010-10-12,18.486276626586914,23.260000228881836,23.459999084472656,21.399999618530273,22.610000610351562,836000
2010-10-13,19.201568603515625,24.15999984741211,24.399999618530273,23.440000534057617,23.93000030517578,478600
2010-10-14,19.67842674255371,24.760000228881836,25.010000228881836,24.389999389648438,24.469999313354492,344400
2010-10-15,19.686368942260742,24.770000457763672,25.0,24.149999618530273,24.860000610351562,290300
2010-10-18,19.39231300354004,24.399999618530273,24.829999923706055,23.670000076293945,24.610000610351562,337200
2010-10-19,19.479736328125,24.510000228881836,24.729999542236328,24.0,24.200000762939453,310800
2010-10-20,19.622793197631836,24.690000534057617,24.850000381469727,24.43000030517578,24.43000030517578,179300
2010-10-21,20.536771774291992,25.84000015258789,25.940000534057617,24.8700008392334,25.0,490100
2010-10-22,20.68777847290039,26.030000686645508,26.299999237060547,25.6299991607666,26.0,431800
2010-10-25,20.93415641784668,26.34000015258789,26.670000076293945,25.950000762939453,26.670000076293945,641800
2010-10-26,20.799043655395508,26.170000076293945,26.450000762939453,25.709999084472656,26.0,368100
2010-10-27,20.711624145507812,26.059999465942383,26.190000534057617,25.600000381469727,25.90999984741211,509000
2010-10-28,20.70367431640625,26.049999237060547,26.260000228881836,25.940000534057617,26.049999237060547,384500
2010-10-29,20.425506591796875,25.700000762939453,26.1299991607666,25.549999237060547,26.1299991607666,611400
2010-11-01,20.87852668762207,26.270000457763672,26.700000762939453,25.729999542236328,25.950000762939453,527400
2010-11-02,20.942106246948242,26.350000381469727,26.739999771118164,26.06999969482422,26.700000762939453,134300
2010-11-03,20.822887420654297,26.200000762939453,26.5,25.920000076293945,26.219999313354492,197900
2010-11-04,17.572290420532227,22.110000610351562,24.3799991607666,20.190000534057617,22.489999771118164,4536400
2010-11-05,18.152477264404297,22.84000015258789,23.979999542236328,22.510000228881836,22.510000228881836,1528900
2010-11-08,19.137983322143555,24.079999923706055,24.729999542236328,22.90999984741211,22.90999984741211,1327200
2010-11-09,18.8836612701416,23.760000228881836,24.690000534057617,23.440000534057617,23.549999237060547,635400
2010-11-10,18.91544532775879,23.799999237060547,23.989999771118164,23.469999313354492,23.68000030517578,545200
2010-11-11,18.398853302001953,23.149999618530273,23.760000228881836,22.549999237060547,23.700000762939453,646800
2010-11-12,17.429237365722656,21.93000030517578,22.729999542236328,21.809999465942383,22.5,811700
2010-11-15,17.65176773071289,22.209999084472656,22.40999984741211,21.84000015258789,22.0,455400
2010-11-16,17.349763870239258,21.829999923706055,22.170000076293945,21.559999465942383,22.170000076293945,596800
2010-11-17,18.224002838134766,22.93000030517578,23.25,21.899999618530273,22.0,527900
2010-11-18,18.295530319213867,23.020000457763672,23.75,22.780000686645508,23.290000915527344,346900
2010-11-19,17.755088806152344,22.34000015258789,22.8799991607666,21.719999313354492,22.8799991607666,484700
2010-11-22,17.41333770751953,21.90999984741211,23.079999923706055,21.600000381469727,22.299999237060547,748300
2010-11-23,15.100573539733887,19.0,22.219999313354492,18.5,21.920000076293945,3946200
2010-11-24,17.190807342529297,21.6299991607666,22.190000534057617,19.899999618530273,20.270000457763672,3668000
2010-11-26,17.182857513427734,21.6200008392334,22.0,21.0,21.18000030517578,319200
2010-11-29,17.349763870239258,21.829999923706055,22.100000381469727,21.489999771118164,21.610000610351562,562800
2010-11-30,17.29412841796875,21.760000228881836,22.020000457763672,21.5,21.90999984741211,424000
2010-12-01,17.60408592224121,22.149999618530273,22.350000381469727,21.920000076293945,22.1200008392334,589800
2010-12-02,14.623705863952637,18.399999618530273,22.3700008392334,15.329999923706055,21.940000534057617,6862400
2010-12-03,13.344135284423828,16.790000915527344,20.459999084472656,16.219999313354492,18.670000076293945,5879900
2010-12-06,13.503087043762207,16.989999771118164,17.25,15.899999618530273,16.25,2449800
2010-12-07,13.487194061279297,16.969999313354492,17.600000381469727,16.850000381469727,17.020000457763672,1909300
2010-12-08,12.716267585754395,16.0,16.8799991607666,15.779999732971191,16.770000457763672,2294700
2010-12-09,13.097758293151855,16.479999542236328,16.68000030517578,15.989999771118164,16.010000228881836,959600
2010-12-10,14.234270095825195,17.90999984741211,18.100000381469727,15.890000343322754,15.890000343322754,1834200
2010-12-13,14.536284446716309,18.290000915527344,19.969999313354492,17.709999084472656,18.209999084472656,4081100
2010-12-14,13.749462127685547,17.299999237060547,18.790000915527344,17.139999389648438,18.790000915527344,1239900
2010-12-15,13.018279075622559,16.3799991607666,17.520000457763672,16.020000457763672,17.489999771118164,2410900
2010-12-16,13.328237533569336,16.770000457763672,17.149999618530273,16.5,16.520000457763672,1257000
2010-12-17,13.336188316345215,16.780000686645508,17.139999389648438,16.56999969482422,16.700000762939453,836100
2010-12-20,13.336188316345215,16.780000686645508,17.09000015258789,16.399999618530273,16.860000610351562,657000
2010-12-21,13.07391357421875,16.450000762939453,17.0,16.329999923706055,17.0,941600
2010-12-22,13.105700492858887,16.489999771118164,16.670000076293945,16.100000381469727,16.600000381469727,990000
2010-12-23,12.946752548217773,16.290000915527344,16.649999618530273,16.229999542236328,16.489999771118164,570300
2010-12-27,13.010334014892578,16.3700008392334,16.469999313354492,15.75,16.18000030517578,528000
2010-12-28,12.891117095947266,16.219999313354492,16.459999084472656,16.149999618530273,16.450000762939453,399300
2010-12-29,12.994437217712402,16.350000381469727,16.450000762939453,16.219999313354492,16.450000762939453,234000
2010-12-30,13.582565307617188,17.09000015258789,17.43000030517578,16.299999237060547,16.309999465942383,766100
2010-12-31,13.7415189743042,17.290000915527344,17.770000457763672,17.020000457763672,17.239999771118164,745500
2011-01-03,13.566667556762695,17.06999969482422,17.5,16.93000030517578,17.479999542236328,599200
2011-01-04,13.757414817810059,17.309999465942383,17.309999465942383,17.06999969482422,17.1299991607666,578600
2011-01-05,14.146848678588867,17.799999237060547,17.799999237060547,17.15999984741211,17.360000610351562,668000
2011-01-06,14.146848678588867,17.799999237060547,17.940000534057617,17.43000030517578,17.940000534057617,500400
2011-01-07,14.425017356872559,18.149999618530273,18.239999771118164,17.68000030517578,17.920000076293945,707700
2011-01-10,14.671395301818848,18.459999084472656,18.579999923706055,18.079999923706055,18.110000610351562,495300
2011-01-11,14.949560165405273,18.809999465942383,18.829999923706055,18.229999542236328,18.5,380300
2011-01-12,14.766766548156738,18.579999923706055,19.18000030517578,18.309999465942383,19.049999237060547,622800
2011-01-13,15.625116348266602,19.65999984741211,19.75,18.43000030517578,18.530000686645508,905100
2011-01-14,15.09261703491211,18.989999771118164,20.0,18.65999984741211,19.469999313354492,639400
2011-01-18,16.419883728027344,20.65999984741211,20.65999984741211,18.799999237060547,19.139999389648438,938000
2011-01-19,15.990711212158203,20.1200008392334,20.8799991607666,19.889999389648438,20.649999618530273,601900
2011-01-20,15.0767240524292,18.969999313354492,19.93000030517578,18.559999465942383,19.770000457763672,909800
2011-01-21,14.488597869873047,18.229999542236328,19.079999923706055,18.06999969482422,19.079999923706055,358800
2011-01-24,14.321697235107422,18.020000457763672,18.399999618530273,17.850000381469727,18.309999465942383,437100
2011-01-25,14.2581205368042,17.940000534057617,18.670000076293945,17.540000915527344,18.489999771118164,593600
2011-01-26,14.13890266418457,17.790000915527344,17.90999984741211,17.520000457763672,17.719999313354492,513400
2011-01-27,13.749462127685547,17.299999237060547,17.899999618530273,16.899999618530273,17.579999923706055,685900
2011-01-28,13.566667556762695,17.06999969482422,17.420000076293945,16.75,17.290000915527344,588100
2011-01-31,13.39976692199707,16.860000610351562,17.06999969482422,16.40999984741211,17.06999969482422,603700
2011-02-01,14.218376159667969,17.889999389648438,17.93000030517578,16.639999389648438,16.959999084472656,448200
2011-02-02,13.813048362731934,17.3799991607666,18.200000762939453,17.190000534057617,17.90999984741211,522100
2011-02-03,13.820995330810547,17.389999389648438,17.549999237060547,17.059999465942383,17.34000015258789,483100
2011-02-04,13.828940391540527,17.399999618530273,17.479999542236328,17.209999084472656,17.479999542236328,101600
2011-02-07,13.7415189743042,17.290000915527344,17.829999923706055,17.15999984741211,17.40999984741211,390500
2011-02-08,13.638199806213379,17.15999984741211,17.59000015258789,17.059999465942383,17.59000015258789,235700
2011-02-09,14.480652809143066,18.219999313354492,18.299999237060547,17.25,17.25,738500
2011-02-10,14.345542907714844,18.049999237060547,18.290000915527344,17.93000030517578,18.149999618530273,258900
2011-02-11,14.33759593963623,18.040000915527344,18.3700008392334,17.950000762939453,18.049999237060547,286600
2011-02-14,14.33759593963623,18.040000915527344,18.190000534057617,17.809999465942383,18.079999923706055,326300
2011-02-15,14.409124374389648,18.1299991607666,18.239999771118164,17.959999084472656,17.989999771118164,309800
2011-02-16,14.13890266418457,17.790000915527344,18.219999313354492,17.489999771118164,18.149999618530273,500000
2011-02-17,14.274012565612793,17.959999084472656,18.1200008392334,17.649999618530273,17.649999618530273,401600
2011-02-18,14.40117359161377,18.1200008392334,18.18000030517578,17.850000381469727,18.0,291800
2011-02-22,14.234270095825195,17.90999984741211,18.030000686645508,17.760000228881836,17.959999084472656,465100
2011-02-23,13.987896919250488,17.600000381469727,18.0,17.270000457763672,17.81999969482422,299700
2011-02-24,13.606409072875977,17.1200008392334,17.5,17.030000686645508,17.5,260300
2011-02-25,13.749462127685547,17.299999237060547,17.329999923706055,16.889999389648438,17.1200008392334,422800
2011-02-28,13.972001075744629,17.579999923706055,17.969999313354492,17.190000534057617,17.190000534057617,591900
2011-03-01,14.210433959960938,17.8799991607666,18.219999313354492,17.6200008392334,17.790000915527344,826800
2011-03-02,12.652687072753906,15.920000076293945,17.459999084472656,15.75,17.3700008392334,2764800
2011-03-03,12.644739151000977,15.90999984741211,16.1299991607666,15.600000381469727,15.880000114440918,1005100
2011-03-04,12.77190113067627,16.06999969482422,16.440000534057617,15.75,15.8100004196167,671900
2011-03-07,12.54936695098877,15.789999961853027,16.309999465942383,15.550000190734863,16.059999465942383,472200
2011-03-08,12.485787391662598,15.710000038146973,15.850000381469727,15.59000015258789,15.720000267028809,911400
2011-03-09,11.90560531616211,14.979999542236328,15.699999809265137,14.850000381469727,15.609999656677246,925100
2011-03-10,11.269793510437012,14.180000305175781,15.0,13.920000076293945,14.869999885559082,1783100
2011-03-11,11.524117469787598,14.5,14.800000190734863,13.899999618530273,14.020000457763672,473400
2011-03-14,11.102893829345703,13.970000267028809,14.619999885559082,13.680000305175781,14.420000076293945,761300
2011-03-15,11.031363487243652,13.880000114440918,14.100000381469727,13.0,13.4399995803833,616600
2011-03-16,10.95983600616455,13.789999961853027,14.119999885559082,13.5600004196167,13.9399995803833,521500
2011-03-17,10.991623878479004,13.829999923706055,14.010000228881836,13.800000190734863,14.010000228881836,175500
2011-03-18,10.832671165466309,13.630000114440918,14.0,13.539999961853027,13.90999984741211,538900
2011-03-21,10.769089698791504,13.550000190734863,13.699999809265137,13.359999656677246,13.699999809265137,791400
2011-03-22,10.22864818572998,12.869999885559082,13.600000381469727,12.630000114440918,13.5600004196167,978000
2011-03-23,11.285690307617188,14.199999809265137,14.289999961853027,12.819999694824219,12.880000114440918,1447700
2011-03-24,11.436694145202637,14.390000343322754,14.520000457763672,13.930000305175781,14.199999809265137,729200
2011-03-25,10.761141777038574,13.539999961853027,14.489999771118164,13.479999542236328,14.369999885559082,576800
2011-03-28,9.322614669799805,11.729999542236328,12.960000038146973,11.670000076293945,11.920000076293945,2879400
2011-03-29,10.514762878417969,13.229999542236328,13.600000381469727,11.420000076293945,11.760000228881836,1838500
2011-03-30,10.737299919128418,13.510000228881836,13.779999732971191,12.949999809265137,13.350000381469727,731200
2011-03-31,10.300177574157715,12.960000038146973,13.550000190734863,12.569999694824219,13.550000190734863,1281200
2011-04-01,10.212753295898438,12.850000381469727,13.359999656677246,12.569999694824219,12.979999542236328,936000
2011-04-04,10.276334762573242,12.930000305175781,13.170000076293945,12.680000305175781,12.850000381469727,313800
2011-04-05,10.260440826416016,12.90999984741211,13.069999694824219,12.729999542236328,12.890000343322754,135100
2011-04-06,10.47502613067627,13.180000305175781,13.210000038146973,12.699999809265137,13.0,274500
2011-04-07,10.45118522644043,13.149999618530273,13.239999771118164,13.020000457763672,13.100000381469727,150100
2011-04-08,10.745245933532715,13.520000457763672,13.640000343322754,13.079999923706055,13.229999542236328,501000
2011-04-11,10.657822608947754,13.40999984741211,13.630000114440918,13.109999656677246,13.350000381469727,390200
2011-04-12,10.45118522644043,13.149999618530273,13.40999984741211,13.100000381469727,13.300000190734863,460000
2011-04-13,10.920097351074219,13.739999771118164,13.880000114440918,12.399999618530273,12.470000267028809,1314800
2011-04-14,10.896254539489746,13.710000038146973,13.75,13.289999961853027,13.289999961853027,566500
2011-04-15,11.150577545166016,14.029999732971191,14.3100004196167,13.579999923706055,13.75,404700
2011-04-18,11.118788719177246,13.989999771118164,14.260000228881836,13.600000381469727,13.949999809265137,375100
2011-04-19,11.142629623413086,14.020000457763672,14.220000267028809,13.8100004196167,13.850000381469727,320700
2011-04-20,11.524117469787598,14.5,14.600000381469727,14.109999656677246,14.279999732971191,332800
2011-04-21,11.444643020629883,14.399999618530273,15.600000381469727,14.289999961853027,14.579999923706055,335500
2011-04-25,11.396957397460938,14.34000015258789,14.539999961853027,14.069999694824219,14.350000381469727,146000
2011-04-26,11.897659301757812,14.970000267028809,15.0,14.3100004196167,14.470000267028809,423700
2011-04-27,11.65922737121582,14.670000076293945,15.0,14.460000038146973,14.979999542236328,244000
2011-04-28,11.667179107666016,14.680000305175781,14.869999885559082,14.130000114440918,14.550000190734863,298900
2011-04-29,11.667179107666016,14.680000305175781,14.829999923706055,14.5,14.739999771118164,86000
2011-05-02,11.611544609069824,14.609999656677246,15.350000381469727,14.460000038146973,14.6899995803833,319500
2011-05-03,11.309532165527344,14.229999542236328,14.649999618530273,14.140000343322754,14.649999618530273,143800
2011-05-04,11.21415901184082,14.109999656677246,14.289999961853027,13.770000457763672,14.140000343322754,246000
2011-05-05,11.182371139526367,14.069999694824219,14.270000457763672,13.800000190734863,13.989999771118164,130200
2011-05-06,11.182371139526367,14.069999694824219,14.1899995803833,13.850000381469727,14.1899995803833,105000
2011-05-09,10.9280424118042,13.75,14.09000015258789,13.729999542236328,14.029999732971191,242700
2011-05-10,10.816776275634766,13.609999656677246,13.979999542236328,13.430000305175781,13.770000457763672,399700
2011-05-11,10.641926765441895,13.390000343322754,13.609999656677246,13.119999885559082,13.600000381469727,339200
2011-05-12,10.395549774169922,13.079999923706055,13.399999618530273,13.029999732971191,13.279999732971191,269000
2011-05-13,10.459132194519043,13.15999984741211,13.550000190734863,13.020000457763672,13.289999961853027,536200
2011-05-16,13.765360832214355,17.31999969482422,17.690000534057617,16.520000457763672,17.020000457763672,5041000
2011-05-17,13.431557655334473,16.899999618530273,17.270000457763672,16.729999542236328,17.15999984741211,1126900
2011-05-18,12.875222206115723,16.200000762939453,17.059999465942383,15.760000228881836,16.899999618530273,1079100
2011-05-19,12.891117095947266,16.219999313354492,16.25,15.779999732971191,16.239999771118164,320100
2011-05-20,12.867276191711426,16.190000534057617,16.709999084472656,16.06999969482422,16.209999084472656,200500
2011-05-23,12.628844261169434,15.890000343322754,16.040000915527344,15.75,16.020000457763672,504000
2011-05-24,12.557315826416016,15.800000190734863,16.690000534057617,15.75,16.110000610351562,680700
2011-05-25,12.438100814819336,15.649999618530273,15.800000190734863,15.539999961853027,15.75,331200
2011-05-26,12.692426681518555,15.970000267028809,16.149999618530273,15.510000228881836,15.59000015258789,377300
2011-05-27,12.620896339416504,15.880000114440918,16.0,15.760000228881836,15.899999618530273,133100
2011-05-31,12.605000495910645,15.859999656677246,16.040000915527344,15.609999656677246,16.0,526500
2011-06-01,12.716267585754395,16.0,16.049999237060547,15.800000190734863,15.869999885559082,181500
2011-06-02,13.065966606140137,16.440000534057617,16.489999771118164,15.960000038146973,15.989999771118164,166800
2011-06-03,12.414257049560547,15.619999885559082,16.290000915527344,15.510000228881836,16.290000915527344,552500
2011-06-06,12.144037246704102,15.279999732971191,15.680000305175781,15.100000381469727,15.630000114440918,288900
2011-06-07,12.700371742248535,15.979999542236328,16.049999237060547,14.869999885559082,15.430000305175781,447100
2011-06-08,12.318885803222656,15.5,15.930000305175781,15.359999656677246,15.920000076293945,290900
2011-06-09,12.406310081481934,15.609999656677246,15.8100004196167,15.510000228881836,15.649999618530273,217900
2011-06-10,12.326831817626953,15.510000228881836,15.609999656677246,15.25,15.4399995803833,240600
2011-06-13,12.342728614807129,15.529999732971191,15.710000038146973,15.319999694824219,15.529999732971191,192400
2011-06-14,12.628844261169434,15.890000343322754,15.920000076293945,15.489999771118164,15.569999694824219,143900
2011-06-15,12.620896339416504,15.880000114440918,16.0,15.720000267028809,15.720000267028809,244600
2011-06-16,10.769089698791504,13.550000190734863,16.040000915527344,13.010000228881836,15.789999961853027,1393500
2011-06-17,10.824724197387695,13.619999885559082,14.34000015258789,13.109999656677246,13.680000305175781,763200
2011-06-20,11.102893829345703,13.970000267028809,14.5,13.569999694824219,14.079999923706055,599300
2011-06-21,11.086997032165527,13.949999809265137,14.300000190734863,13.569999694824219,14.0,506600
2011-06-22,11.253897666931152,14.15999984741211,14.170000076293945,13.8100004196167,14.0,704900
2011-06-23,11.444643020629883,14.399999618530273,14.460000038146973,13.649999618530273,14.050000190734863,447800
2011-06-24,12.461944580078125,15.680000305175781,15.84000015258789,14.630000114440918,14.6899995803833,561500
2011-06-27,12.390414237976074,15.59000015258789,15.920000076293945,15.329999923706055,15.5600004196167,230400
2011-06-28,11.913553237915039,14.989999771118164,15.619999885559082,14.760000228881836,15.5600004196167,364600
2011-06-29,11.849971771240234,14.90999984741211,15.789999961853027,14.720000267028809,14.890000343322754,214000
2011-06-30,11.706914901733398,14.729999542236328,15.279999732971191,14.5,14.859999656677246,316500
2011-07-01,11.643333435058594,14.649999618530273,15.0600004196167,14.579999923706055,14.729999542236328,274800
2011-07-05,11.547962188720703,14.529999732971191,14.699999809265137,14.399999618530273,14.460000038146973,506400
2011-07-06,11.357216835021973,14.289999961853027,14.600000381469727,14.199999809265137,14.600000381469727,405400
2011-07-07,11.88176441192627,14.949999809265137,15.0,14.319999694824219,14.319999694824219,272300
2011-07-08,12.255302429199219,15.420000076293945,15.770000457763672,14.739999771118164,14.75,555100
2011-07-11,11.913553237915039,14.989999771118164,15.609999656677246,14.90999984741211,15.390000343322754,328300
2011-07-12,11.913553237915039,14.989999771118164,15.0,14.470000267028809,14.979999542236328,200500
2011-07-13,12.040719032287598,15.149999618530273,15.229999542236328,14.729999542236328,15.0,262300
2011-07-14,12.056612014770508,15.170000076293945,15.350000381469727,15.09000015258789,15.119999885559082,108300
2011-07-15,12.239409446716309,15.399999618530273,15.5,14.970000267028809,15.229999542236328,180500
2011-07-18,11.77049446105957,14.8100004196167,15.479999542236328,14.760000228881836,15.479999542236328,231500
2011-07-19,11.754600524902344,14.789999961853027,14.949999809265137,14.670000076293945,14.729999542236328,175600
2011-07-20,11.102893829345703,13.970000267028809,14.859999656677246,13.819999694824219,14.75,467400
2011-07-21,11.071101188659668,13.930000305175781,14.130000114440918,13.649999618530273,14.0,387400
2011-07-22,11.126734733581543,14.0,14.109999656677246,13.960000038146973,14.050000190734863,88500
2011-07-25,11.094944953918457,13.960000038146973,14.029999732971191,13.75,13.90999984741211,74300
2011-07-26,10.912150382995605,13.729999542236328,13.949999809265137,13.649999618530273,13.949999809265137,195500
2011-07-27,10.9280424118042,13.75,13.880000114440918,13.520000457763672,13.880000114440918,128800
2011-07-28,11.261845588684082,14.170000076293945,14.210000038146973,13.699999809265137,13.699999809265137,167700
2011-07-29,11.396957397460938,14.34000015258789,14.5,13.880000114440918,13.880000114440918,709600
2011-08-01,11.532064437866211,14.510000228881836,14.640000343322754,14.220000267028809,14.390000343322754,185100
2011-08-02,11.357216835021973,14.289999961853027,14.569999694824219,14.0,14.460000038146973,530500
2011-08-03,11.301584243774414,14.220000267028809,14.829999923706055,14.1899995803833,14.489999771118164,209800
2011-08-04,10.490921020507812,13.199999809265137,14.279999732971191,13.199999809265137,14.140000343322754,245400
2011-08-05,10.292228698730469,12.949999809265137,13.539999961853027,12.8100004196167,13.239999771118164,373800
2011-08-08,9.656416893005371,12.149999618530273,12.699999809265137,12.100000381469727,12.649999618530273,529700
2011-08-09,10.220698356628418,12.859999656677246,13.100000381469727,12.029999732971191,12.229999542236328,432000
2011-08-10,10.006114959716797,12.59000015258789,12.789999961853027,12.460000038146973,12.640000343322754,238200
2011-08-11,10.3717041015625,13.050000190734863,13.100000381469727,12.539999961853027,12.619999885559082,341100
2011-08-12,10.331969261169434,13.0,13.479999542236328,12.760000228881836,13.0,177700
2011-08-15,10.7055082321167,13.470000267028809,13.5,12.8100004196167,13.130000114440918,375300
2011-08-16,11.174423217773438,14.0600004196167,14.399999618530273,13.5,13.5,745000
2011-08-17,10.681666374206543,13.4399995803833,14.300000190734863,12.729999542236328,14.010000228881836,1037300
2011-08-18,10.379653930664062,13.0600004196167,13.5,12.949999809265137,13.270000457763672,180800
2011-08-19,10.133275985717773,12.75,13.119999885559082,12.59000015258789,12.899999618530273,171600
2011-08-22,9.950480461120605,12.520000457763672,13.729999542236328,12.460000038146973,13.100000381469727,215600
2011-08-23,10.355812072753906,13.029999732971191,13.029999732971191,12.600000381469727,12.630000114440918,393500
2011-08-24,9.704102516174316,12.210000038146973,13.020000457763672,12.079999923706055,12.9399995803833,265300
2011-08-25,8.686799049377441,10.930000305175781,12.489999771118164,10.4399995803833,12.199999809265137,1362900
2011-08-26,8.591428756713867,10.8100004196167,11.479999542236328,10.699999809265137,10.729999542236328,525300
2011-08-29,9.227243423461914,11.609999656677246,12.149999618530273,10.949999809265137,11.029999732971191,691400
2011-08-30,8.249677658081055,10.380000114440918,11.789999961853027,10.319999694824219,11.640000343322754,881600
2011-08-31,8.758329391479492,11.020000457763672,11.380000114440918,10.199999809265137,10.5,1064200
2011-09-01,8.186100006103516,10.300000190734863,11.210000038146973,10.25,11.050000190734863,463000
2011-09-02,7.78871488571167,9.800000190734863,10.399999618530273,9.800000190734863,10.210000038146973,502100
2011-09-06,7.709237098693848,9.699999809265137,9.8100004196167,9.220000267028809,9.510000228881836,537400
2011-09-07,8.122517585754395,10.220000267028809,10.25,9.619999885559082,9.8100004196167,319800
2011-09-08,8.352999687194824,10.510000228881836,10.520000457763672,9.920000076293945,10.109999656677246,599700
2011-09-09,8.233783721923828,10.359999656677246,10.489999771118164,10.149999618530273,10.390000343322754,292800
2011-09-12,8.249677658081055,10.380000114440918,10.460000038146973,10.069999694824219,10.300000190734863,176800
2011-09-13,8.408635139465332,10.579999923706055,10.649999618530273,9.920000076293945,9.920000076293945,181200
2011-09-14,8.480161666870117,10.670000076293945,10.930000305175781,10.3100004196167,10.619999885559082,225100
2011-09-15,7.17674446105957,9.029999732971191,9.390000343322754,7.360000133514404,8.069999694824219,4633400
2011-09-16,6.954209804534912,8.75,9.239999771118164,8.710000038146973,9.100000381469727,1206500
2011-09-19,5.809744834899902,7.309999942779541,8.739999771118164,7.28000020980835,8.600000381469727,2093000
2011-09-20,5.6587395668029785,7.119999885559082,7.5,7.03000020980835,7.320000171661377,779300
2011-09-21,5.5236287117004395,6.949999809265137,7.199999809265137,6.829999923706055,7.099999904632568,558700
2011-09-22,5.324937343597412,6.699999809265137,6.789999961853027,6.300000190734863,6.679999828338623,524000
2011-09-23,5.4759440422058105,6.889999866485596,7.0,6.630000114440918,6.690000057220459,341100
2011-09-26,5.158036231994629,6.489999771118164,6.900000095367432,6.409999847412109,6.880000114440918,562500
2011-09-27,5.165984630584717,6.5,6.670000076293945,6.409999847412109,6.659999847412109,539400
2011-09-28,5.014978885650635,6.309999942779541,6.550000190734863,6.28000020980835,6.46999979019165,225100
2011-09-29,4.7209153175354,5.940000057220459,6.480000019073486,5.820000171661377,6.380000114440918,649600
2011-09-30,5.5633673667907715,7.0,7.059999942779541,5.809999942779541,5.809999942779541,781000
2011-10-03,4.911658763885498,6.179999828338623,6.849999904632568,6.170000076293945,6.849999904632568,704900
2011-10-04,4.856025695800781,6.110000133514404,6.199999809265137,5.889999866485596,6.130000114440918,351400
2011-10-05,4.999083518981934,6.289999961853027,6.449999809265137,5.929999828338623,6.090000152587891,363500
2011-10-06,5.038821697235107,6.340000152587891,6.460000038146973,6.159999847412109,6.28000020980835,257300
2011-10-07,4.776548862457275,6.010000228881836,6.340000152587891,5.900000095367432,6.320000171661377,191100
2011-10-10,5.014978885650635,6.309999942779541,6.389999866485596,5.920000076293945,6.090000152587891,362900
2011-10-11,4.776548862457275,6.010000228881836,6.46999979019165,5.949999809265137,6.289999961853027,264400
2011-10-12,4.824234485626221,6.070000171661377,6.159999847412109,5.980000019073486,6.050000190734863,267700
2011-10-13,5.086508274078369,6.400000095367432,6.480000019073486,5.909999847412109,5.909999847412109,729000
2011-10-14,5.205721855163574,6.550000190734863,6.829999923706055,6.320000171661377,6.5,706700
2011-10-17,5.126246452331543,6.449999809265137,6.599999904632568,6.340000152587891,6.5,273600
2011-10-18,5.348780155181885,6.730000019073486,6.809999942779541,6.300000190734863,6.449999809265137,239800
2011-10-19,5.150088787078857,6.480000019073486,6.980000019073486,6.449999809265137,6.760000228881836,211200
2011-10-20,5.356727123260498,6.739999771118164,6.829999923706055,6.300000190734863,6.5,233600
2011-10-21,5.619002342224121,7.070000171661377,7.079999923706055,6.78000020980835,6.78000020980835,358700
2011-10-24,6.183285713195801,7.78000020980835,7.829999923706055,6.800000190734863,7.019999980926514,642200
2011-10-25,6.548879146575928,8.239999771118164,8.319999694824219,7.579999923706055,7.760000228881836,678700
2011-10-26,6.358133792877197,8.0,8.5,7.829999923706055,8.329999923706055,610000
2011-10-27,6.366082191467285,8.010000228881836,8.289999961853027,7.71999979019165,8.229999542236328,483000
2011-10-28,6.27070951461792,7.889999866485596,8.0,7.809999942779541,7.949999809265137,145200
2011-10-31,6.000488758087158,7.550000190734863,7.800000190734863,7.260000228881836,7.800000190734863,398500
2011-11-01,5.460048675537109,6.869999885559082,7.460000038146973,6.820000171661377,7.21999979019165,326500
2011-11-02,6.461454391479492,8.130000114440918,8.130000114440918,6.840000152587891,7.050000190734863,536600
2011-11-03,6.143547534942627,7.730000019073486,8.520000457763672,7.579999923706055,7.96999979019165,519500
2011-11-04,6.2309722900390625,7.840000152587891,7.960000038146973,7.510000228881836,7.699999809265137,349600
2011-11-07,6.397873401641846,8.050000190734863,8.40999984741211,7.820000171661377,7.820000171661377,458800
2011-11-08,6.397873401641846,8.050000190734863,8.15999984741211,7.650000095367432,8.09000015258789,361200
2011-11-09,6.437611103057861,8.100000381469727,8.300000190734863,7.21999979019165,7.869999885559082,480900
2011-11-10,6.326343536376953,7.960000038146973,8.199999809265137,7.289999961853027,8.010000228881836,297800
2011-11-11,6.358133792877197,8.0,8.050000190734863,7.840000152587891,8.0,98600
2011-11-14,6.087913513183594,7.659999847412109,8.050000190734863,7.570000171661377,7.929999828338623,171500
2011-11-15,5.928959369659424,7.460000038146973,7.75,7.420000076293945,7.559999942779541,89300
2011-11-16,5.889222621917725,7.409999847412109,7.71999979019165,7.360000133514404,7.420000076293945,174800
2011-11-17,5.921012878417969,7.449999809265137,7.760000228881836,7.289999961853027,7.389999866485596,262400
2011-11-18,6.000488758087158,7.550000190734863,7.78000020980835,7.409999847412109,7.53000020980835,271000
2011-11-21,6.238919258117676,7.849999904632568,7.989999771118164,7.409999847412109,7.429999828338623,338300
2011-11-22,4.808340072631836,6.050000190734863,7.800000190734863,5.28000020980835,7.5,959700
2011-11-23,4.6175947189331055,5.809999942779541,6.139999866485596,5.760000228881836,5.960000038146973,794600
2011-11-25,4.649385452270508,5.849999904632568,5.989999771118164,5.639999866485596,5.849999904632568,246800
2011-11-28,4.816287517547607,6.059999942779541,6.130000114440918,5.900000095367432,5.909999847412109,279600
2011-11-29,4.808340072631836,6.050000190734863,6.190000057220459,5.960000038146973,6.059999942779541,243700
2011-11-30,5.014978885650635,6.309999942779541,6.340000152587891,6.059999942779541,6.25,173800
2011-12-01,5.118298053741455,6.440000057220459,6.449999809265137,6.289999961853027,6.289999961853027,129800
2011-12-02,5.44415283203125,6.849999904632568,7.130000114440918,6.360000133514404,6.829999923706055,778700
2011-12-05,5.388519287109375,6.78000020980835,6.929999828338623,6.590000152587891,6.929999828338623,418000
2011-12-06,5.316989898681641,6.690000057220459,6.880000114440918,6.630000114440918,6.75,93900
2011-12-07,5.380570888519287,6.769999980926514,6.889999866485596,6.130000114440918,6.650000095367432,94600
2011-12-08,5.253408908843994,6.610000133514404,6.840000152587891,6.570000171661377,6.690000057220459,272500
2011-12-09,5.285199165344238,6.650000095367432,6.880000114440918,6.53000020980835,6.679999828338623,203400
2011-12-12,5.309041976928711,6.679999828338623,6.75,6.449999809265137,6.539999961853027,170900
2011-12-13,5.5077338218688965,6.929999828338623,7.139999866485596,6.699999809265137,6.699999809265137,609800
2011-12-14,5.571314811706543,7.010000228881836,7.130000114440918,6.920000076293945,6.989999771118164,812900
2011-12-15,5.539524078369141,6.96999979019165,7.199999809265137,6.920000076293945,7.0,215600
2011-12-16,5.499786376953125,6.920000076293945,7.079999923706055,6.869999885559082,6.989999771118164,698600
2011-12-19,5.4759440422058105,6.889999866485596,7.090000152587891,6.840000152587891,6.989999771118164,743800
2011-12-20,5.571314811706543,7.010000228881836,7.099999904632568,6.909999847412109,6.980000019073486,447700
2011-12-21,5.428256511688232,6.829999923706055,7.039999961853027,6.699999809265137,6.980000019073486,512900
2011-12-22,5.515681743621826,6.940000057220459,7.03000020980835,6.860000133514404,6.860000133514404,202600
2011-12-23,5.388519287109375,6.78000020980835,7.079999923706055,6.699999809265137,6.989999771118164,124400
2011-12-27,5.324937343597412,6.699999809265137,6.960000038146973,6.639999866485596,6.800000190734863,260000
2011-12-28,5.348780155181885,6.730000019073486,6.800000190734863,6.590000152587891,6.690000057220459,89400
2011-12-29,5.396466255187988,6.789999961853027,6.900000095367432,6.639999866485596,6.71999979019165,111400
2011-12-30,5.499786376953125,6.920000076293945,6.980000019073486,6.789999961853027,6.800000190734863,173400
2012-01-03,5.785902500152588,7.28000020980835,7.349999904632568,6.909999847412109,7.03000020980835,286300
2012-01-04,5.738215923309326,7.21999979019165,7.369999885559082,7.0,7.239999771118164,1312000
2012-01-05,5.738215923309326,7.21999979019165,7.289999961853027,7.139999866485596,7.199999809265137,104200
2012-01-06,5.483891487121582,6.900000095367432,7.21999979019165,6.820000171661377,7.21999979019165,327700
2012-01-09,5.364675521850586,6.75,6.980000019073486,6.619999885559082,6.980000019073486,419500
2012-01-10,5.4521002769470215,6.860000133514404,6.940000057220459,6.760000228881836,6.889999866485596,166100
2012-01-11,5.404414176940918,6.800000190734863,6.940000057220459,6.760000228881836,6.829999923706055,218300
2012-01-12,5.460048675537109,6.869999885559082,6.929999828338623,6.71999979019165,6.829999923706055,166300
2012-01-13,5.404414176940918,6.800000190734863,6.889999866485596,6.679999828338623,6.800000190734863,64400
2012-01-17,5.515681743621826,6.940000057220459,6.949999809265137,6.789999961853027,6.800000190734863,350500
2012-01-18,5.555420875549316,6.989999771118164,7.090000152587891,6.909999847412109,6.909999847412109,201300
2012-01-19,6.9383134841918945,8.729999542236328,8.90999984741211,7.050000190734863,7.050000190734863,988700
2012-01-20,6.715778827667236,8.449999809265137,9.020000457763672,8.0600004196167,8.670000076293945,784400
2012-01-23,6.747570514678955,8.489999771118164,8.699999809265137,8.390000343322754,8.479999542236328,335000
2012-01-24,6.588616847991943,8.289999961853027,8.520000457763672,8.25,8.449999809265137,137400
2012-01-25,6.525035381317139,8.210000038146973,8.369999885559082,8.100000381469727,8.289999961853027,80300
2012-01-26,6.334292888641357,7.96999979019165,8.25,7.900000095367432,8.220000267028809,96000
2012-01-27,6.358133792877197,8.0,8.199999809265137,7.820000171661377,7.96999979019165,118800
2012-01-30,6.4137678146362305,8.069999694824219,8.1899995803833,7.960000038146973,8.0,95800
2012-01-31,6.389925479888916,8.039999961853027,8.229999542236328,7.900000095367432,8.09000015258789,121200
2012-02-01,6.310448169708252,7.940000057220459,8.119999885559082,7.849999904632568,8.119999885559082,64400
2012-02-02,6.389925479888916,8.039999961853027,8.130000114440918,7.829999923706055,7.940000057220459,129500
2012-02-03,6.485297203063965,8.15999984741211,8.210000038146973,7.909999847412109,8.140000343322754,100200
2012-02-06,6.596563816070557,8.300000190734863,8.369999885559082,7.889999866485596,8.09000015258789,193800
2012-02-07,6.49324369430542,8.170000076293945,8.390000343322754,8.119999885559082,8.390000343322754,64400
2012-02-08,6.572721481323242,8.270000457763672,8.59000015258789,8.029999732971191,8.220000267028809,283400
2012-02-09,6.723726749420166,8.460000038146973,8.5600004196167,8.149999618530273,8.34000015258789,151900
2012-02-10,6.755518436431885,8.5,8.550000190734863,8.25,8.359999656677246,75700
2012-02-13,6.81115198135376,8.569999694824219,8.699999809265137,8.5,8.5,110400
2012-02-14,6.755518436431885,8.5,8.550000190734863,8.460000038146973,8.520000457763672,63700
2012-02-15,6.755518436431885,8.5,8.630000114440918,8.430000305175781,8.510000228881836,121400
2012-02-16,6.755518436431885,8.5,8.539999961853027,8.369999885559082,8.5,63800
2012-02-17,6.779361248016357,8.529999732971191,8.550000190734863,8.420000076293945,8.5,89800
2012-02-21,6.9701056480407715,8.770000457763672,8.970000267028809,8.550000190734863,8.569999694824219,233600
2012-02-22,6.8190999031066895,8.579999923706055,8.789999961853027,8.550000190734863,8.760000228881836,91500
2012-02-23,6.374030590057373,8.020000457763672,8.470000267028809,7.909999847412109,8.289999961853027,778300
2012-02-24,6.4137678146362305,8.069999694824219,8.199999809265137,7.53000020980835,7.980000019073486,297200
2012-02-27,6.199181079864502,7.800000190734863,8.029999732971191,7.630000114440918,7.920000076293945,259000
2012-02-28,6.1912336349487305,7.789999961853027,7.960000038146973,7.690000057220459,7.829999923706055,187200
2012-02-29,5.785902500152588,7.28000020980835,7.820000171661377,7.210000038146973,7.800000190734863,251300
2012-03-01,5.634896755218506,7.090000152587891,7.400000095367432,7.019999980926514,7.099999904632568,296000
2012-03-02,4.7686004638671875,6.0,6.699999809265137,6.0,6.510000228881836,1009800
2012-03-05,4.7527055740356445,5.980000019073486,6.400000095367432,5.920000076293945,6.099999904632568,827500
2012-03-06,4.7527055740356445,5.980000019073486,6.25,5.900000095367432,5.980000019073486,295500
2012-03-07,4.832181930541992,6.079999923706055,6.139999866485596,6.0,6.0,116800
2012-03-08,4.959344387054443,6.239999771118164,6.420000076293945,6.03000020980835,6.110000133514404,488100
2012-03-09,5.165984630584717,6.5,6.559999942779541,6.300000190734863,6.300000190734863,190600
2012-03-12,5.420309066772461,6.820000171661377,6.849999904632568,6.409999847412109,6.5,293100
2012-03-13,5.746163368225098,7.230000019073486,7.449999809265137,6.71999979019165,6.820000171661377,284300
2012-03-14,5.690530300140381,7.159999847412109,7.400000095367432,7.0,7.289999961853027,143100
2012-03-15,5.5077338218688965,6.929999828338623,7.199999809265137,6.889999866485596,7.199999809265137,179800
2012-03-16,5.467995643615723,6.880000114440918,7.010000228881836,6.840000152587891,6.929999828338623,163300
2012-03-19,5.5236287117004395,6.949999809265137,7.119999885559082,6.800000190734863,6.889999866485596,153200
2012-03-20,5.412362098693848,6.809999942779541,6.949999809265137,6.75,6.929999828338623,94200
2012-03-21,5.301094055175781,6.670000076293945,6.920000076293945,6.610000133514404,6.889999866485596,129900
2012-03-22,5.205721855163574,6.550000190734863,6.699999809265137,6.53000020980835,6.630000114440918,117900
2012-03-23,5.150088787078857,6.480000019073486,6.619999885559082,6.460000038146973,6.519999980926514,73700
2012-03-26,5.181879997253418,6.519999980926514,6.599999904632568,6.489999771118164,6.53000020980835,54600
2012-03-27,5.205721855163574,6.550000190734863,6.679999828338623,6.510000228881836,6.53000020980835,46000
2012-03-28,5.094454765319824,6.409999847412109,6.639999866485596,6.400000095367432,6.559999942779541,71800
2012-03-29,4.887815475463867,6.150000095367432,6.510000228881836,6.119999885559082,6.400000095367432,296400
2012-03-30,4.967292785644531,6.25,6.28000020980835,6.130000114440918,6.199999809265137,52300
2012-04-02,4.967292785644531,6.25,6.340000152587891,6.099999904632568,6.260000228881836,168000
2012-04-03,4.856025695800781,6.110000133514404,6.289999961853027,6.03000020980835,6.25,117200
2012-04-04,4.816287517547607,6.059999942779541,6.179999828338623,6.0,6.039999961853027,137900
2012-04-05,4.832181930541992,6.079999923706055,6.119999885559082,6.03000020980835,6.090000152587891,38900
2012-04-09,4.7527055740356445,5.980000019073486,6.199999809265137,5.96999979019165,6.0,83400
2012-04-10,4.689124584197998,5.900000095367432,6.170000076293945,5.900000095367432,5.96999979019165,55700
2012-04-11,4.999083518981934,6.289999961853027,6.369999885559082,5.949999809265137,5.96999979019165,139500
2012-04-12,4.832181930541992,6.079999923706055,6.300000190734863,6.010000228881836,6.300000190734863,61700
2012-04-13,4.7686004638671875,6.0,6.039999961853027,5.900000095367432,6.03000020980835,82900
2012-04-16,4.410955905914307,5.550000190734863,6.010000228881836,5.5,6.010000228881836,139300
2012-04-17,4.5142741203308105,5.679999828338623,5.730000019073486,5.5,5.579999923706055,101200
2012-04-18,4.291740417480469,5.400000095367432,5.619999885559082,5.400000095367432,5.619999885559082,68400
2012-04-19,4.339426517486572,5.460000038146973,5.570000171661377,5.400000095367432,5.400000095367432,60200
2012-04-20,4.371217727661133,5.5,5.570000171661377,5.480000019073486,5.510000228881836,21700
2012-04-23,4.18842077255249,5.269999980926514,5.46999979019165,5.230000019073486,5.46999979019165,63500
2012-04-24,4.490433216094971,5.650000095367432,5.679999828338623,5.25,5.28000020980835,103700
2012-04-25,4.657332420349121,5.860000133514404,5.949999809265137,5.510000228881836,5.71999979019165,110600
2012-04-26,4.673228740692139,5.880000114440918,5.989999771118164,5.760000228881836,5.869999885559082,39200
2012-04-27,4.689124584197998,5.900000095367432,6.03000020980835,5.849999904632568,5.880000114440918,99000
2012-04-30,4.744756698608398,5.96999979019165,6.079999923706055,5.900000095367432,5.900000095367432,66000
2012-05-01,4.7209153175354,5.940000057220459,6.010000228881836,5.829999923706055,5.980000019073486,68000
2012-05-02,4.657332420349121,5.860000133514404,5.940000057220459,5.860000133514404,5.900000095367432,50000
2012-05-03,4.673228740692139,5.880000114440918,6.039999961853027,5.820000171661377,5.869999885559082,44600
2012-05-04,4.6414384841918945,5.840000152587891,5.889999866485596,5.75,5.849999904632568,55600
2012-05-07,4.649385452270508,5.849999904632568,5.869999885559082,5.699999809265137,5.800000190734863,41400
2012-05-08,4.673228740692139,5.880000114440918,5.96999979019165,5.760000228881836,5.900000095367432,295100
2012-05-09,6.1912336349487305,7.789999961853027,7.800000190734863,5.75,5.849999904632568,395700
2012-05-10,5.2295660972595215,6.579999923706055,7.760000228881836,6.5,7.75,216000
2012-05-11,5.062664985656738,6.369999885559082,6.559999942779541,6.110000133514404,6.340000152587891,218800
2012-05-14,4.935501575469971,6.210000038146973,6.360000133514404,6.0,6.309999942779541,180000
2012-05-15,4.816287517547607,6.059999942779541,6.25,6.0,6.210000038146973,35200
2012-05-16,4.784495830535889,6.019999980926514,6.139999866485596,5.760000228881836,6.03000020980835,275000
2012-05-17,4.776548862457275,6.010000228881836,6.190000057220459,5.989999771118164,6.0,197200
2012-05-18,4.697071552276611,5.909999847412109,6.070000171661377,5.860000133514404,5.980000019073486,246000
2012-05-21,4.7209153175354,5.940000057220459,6.019999980926514,5.849999904632568,5.940000057220459,167300
2012-05-22,4.7686004638671875,6.0,6.349999904632568,5.909999847412109,5.940000057220459,99400
2012-05-23,5.094454765319824,6.409999847412109,6.539999961853027,5.849999904632568,6.0,286300
2012-05-24,5.619002342224121,7.070000171661377,7.349999904632568,6.449999809265137,6.449999809265137,328500
2012-05-25,5.5633673667907715,7.0,7.039999961853027,6.53000020980835,7.03000020980835,375900
2012-05-29,5.483891487121582,6.900000095367432,7.059999942779541,6.880000114440918,7.010000228881836,75900
2012-05-30,5.269303798675537,6.630000114440918,7.079999923706055,6.599999904632568,7.070000171661377,162700
2012-05-31,5.165984630584717,6.5,6.800000190734863,6.5,6.800000190734863,35700
2012-06-01,4.935501575469971,6.210000038146973,6.510000228881836,6.199999809265137,6.5,73900
2012-06-04,4.999083518981934,6.289999961853027,6.570000171661377,6.239999771118164,6.239999771118164,82100
2012-06-05,5.245460510253906,6.599999904632568,6.679999828338623,6.28000020980835,6.289999961853027,71900
2012-06-06,5.404414176940918,6.800000190734863,6.900000095367432,6.639999866485596,6.639999866485596,35300
2012-06-07,5.5077338218688965,6.929999828338623,6.96999979019165,6.75,6.900000095367432,82200
2012-06-08,5.4918389320373535,6.909999847412109,6.989999771118164,6.789999961853027,6.900000095367432,87100
2012-06-11,5.4918389320373535,6.909999847412109,6.980000019073486,6.849999904632568,6.96999979019165,60500
2012-06-12,5.4759440422058105,6.889999866485596,7.039999961853027,6.880000114440918,6.96999979019165,114800
2012-06-13,5.44415283203125,6.849999904632568,6.989999771118164,6.75,6.889999866485596,30600
2012-06-14,5.388519287109375,6.78000020980835,6.849999904632568,6.71999979019165,6.829999923706055,34600
2012-06-15,5.5077338218688965,6.929999828338623,7.010000228881836,6.789999961853027,6.829999923706055,96400
2012-06-18,5.43620491027832,6.840000152587891,6.940000057220459,6.559999942779541,6.860000133514404,38500
2012-06-19,5.467995643615723,6.880000114440918,6.96999979019165,6.769999980926514,6.840000152587891,24300
2012-06-20,5.5474724769592285,6.980000019073486,6.980000019073486,6.820000171661377,6.880000114440918,17600
2012-06-21,5.5633673667907715,7.0,7.099999904632568,6.949999809265137,7.0,23500
2012-06-22,5.5633673667907715,7.0,7.070000171661377,6.960000038146973,7.0,21100
2012-06-25,5.531576633453369,6.960000038146973,7.019999980926514,6.929999828338623,6.929999828338623,27700
2012-06-26,5.364675521850586,6.75,7.0,6.75,6.940000057220459,23800
2012-06-27,5.4521002769470215,6.860000133514404,6.960000038146973,6.739999771118164,6.829999923706055,30900
2012-06-28,5.277251243591309,6.639999866485596,6.909999847412109,6.599999904632568,6.800000190734863,27200
2012-06-29,5.43620491027832,6.840000152587891,6.849999904632568,6.599999904632568,6.789999961853027,33000
2012-07-02,5.396466255187988,6.789999961853027,6.829999923706055,6.690000057220459,6.710000038146973,37200
2012-07-03,5.4759440422058105,6.889999866485596,7.0,6.71999979019165,7.0,26100
2012-07-05,5.467995643615723,6.880000114440918,6.960000038146973,6.820000171661377,6.849999904632568,24700
2012-07-06,5.388519287109375,6.78000020980835,6.929999828338623,6.679999828338623,6.769999980926514,44900
2012-07-09,5.237513065338135,6.590000152587891,6.71999979019165,6.5,6.71999979019165,39500
2012-07-10,5.197774887084961,6.539999961853027,6.650000095367432,6.519999980926514,6.599999904632568,25500
2012-07-11,5.309041976928711,6.679999828338623,6.690000057220459,6.550000190734863,6.579999923706055,15800
2012-07-12,5.205721855163574,6.550000190734863,6.659999847412109,6.46999979019165,6.630000114440918,14200
2012-07-13,5.1739325523376465,6.510000228881836,6.630000114440918,6.5,6.599999904632568,8000
2012-07-16,5.189826965332031,6.53000020980835,6.539999961853027,6.449999809265137,6.510000228881836,15100
2012-07-17,5.102402687072754,6.420000076293945,6.53000020980835,6.400000095367432,6.53000020980835,21100
2012-07-18,5.038821697235107,6.340000152587891,6.409999847412109,6.199999809265137,6.409999847412109,44000
2012-07-19,4.84807825088501,6.099999904632568,6.320000171661377,5.980000019073486,6.320000171661377,46000
2012-07-20,4.7686004638671875,6.0,6.099999904632568,5.900000095367432,6.050000190734863,70100
2012-07-23,4.808340072631836,6.050000190734863,6.130000114440918,5.75,5.840000152587891,36000
2012-07-24,4.784495830535889,6.019999980926514,6.190000057220459,5.880000114440918,6.190000057220459,16000
2012-07-25,4.689124584197998,5.900000095367432,6.0,5.889999866485596,6.0,5900
2012-07-26,4.681175231933594,5.889999866485596,6.010000228881836,5.690000057220459,5.96999979019165,41500
2012-07-27,4.712967395782471,5.929999828338623,5.989999771118164,5.809999942779541,5.929999828338623,12100
2012-07-30,4.736809253692627,5.960000038146973,6.059999942779541,5.829999923706055,5.929999828338623,26400
2012-07-31,4.7209153175354,5.940000057220459,6.050000190734863,5.889999866485596,5.940000057220459,43300
2012-08-01,4.697071552276611,5.909999847412109,6.260000228881836,5.829999923706055,5.949999809265137,107400
2012-08-02,4.649385452270508,5.849999904632568,5.929999828338623,5.789999961853027,5.889999866485596,14300
2012-08-03,4.728861331939697,5.949999809265137,6.0,5.860000133514404,5.949999809265137,261900
2012-08-06,4.649385452270508,5.849999904632568,6.190000057220459,5.820000171661377,5.900000095367432,57800
2012-08-07,4.6414384841918945,5.840000152587891,5.980000019073486,5.809999942779541,5.849999904632568,12000
2012-08-08,4.665281772613525,5.869999885559082,6.059999942779541,5.820000171661377,6.03000020980835,8800
2012-08-09,4.705019474029541,5.920000076293945,5.940000057220459,5.809999942779541,5.809999942779541,17500
2012-08-10,4.665281772613525,5.869999885559082,5.929999828338623,5.800000190734863,5.840000152587891,8900
2012-08-13,4.712967395782471,5.929999828338623,5.989999771118164,5.849999904632568,5.849999904632568,14900
2012-08-14,4.712967395782471,5.929999828338623,5.989999771118164,5.909999847412109,5.920000076293945,24300
2012-08-15,4.697071552276611,5.909999847412109,6.03000020980835,5.900000095367432,6.0,27200
2012-08-16,4.7686004638671875,6.0,6.079999923706055,5.860000133514404,5.860000133514404,32700
2012-08-17,4.6414384841918945,5.840000152587891,6.239999771118164,5.75,5.949999809265137,134000
2012-08-20,4.609646320343018,5.800000190734863,5.989999771118164,5.650000095367432,5.860000133514404,76500
2012-08-21,4.561961650848389,5.739999771118164,5.920000076293945,5.5,5.889999866485596,108000
2012-08-22,4.5142741203308105,5.679999828338623,5.849999904632568,5.599999904632568,5.699999809265137,79500
2012-08-23,4.426851749420166,5.570000171661377,5.699999809265137,5.400000095367432,5.650000095367432,118500
2012-08-24,4.3950605392456055,5.53000020980835,5.590000152587891,5.5,5.570000171661377,80000
2012-08-27,4.371217727661133,5.5,5.610000133514404,5.409999847412109,5.550000190734863,70600
2012-08-28,4.299688339233398,5.409999847412109,5.570000171661377,5.199999809265137,5.460000038146973,335200
2012-08-29,4.1725263595581055,5.25,5.420000076293945,5.190000057220459,5.369999885559082,175600
2012-08-30,4.0851006507873535,5.139999866485596,5.329999923706055,5.0,5.25,328400
2012-08-31,4.093050003051758,5.150000095367432,5.349999904632568,5.03000020980835,5.159999847412109,332300
2012-09-04,4.1725263595581055,5.25,5.46999979019165,5.050000190734863,5.090000152587891,327600
2012-09-05,4.466588973999023,5.619999885559082,5.699999809265137,5.21999979019165,5.300000190734863,333000
2012-09-06,4.577856540679932,5.760000228881836,5.840000152587891,5.539999961853027,5.599999904632568,142700
2012-09-07,4.856025695800781,6.110000133514404,6.170000076293945,5.699999809265137,5.71999979019165,284100
2012-09-10,4.871919631958008,6.130000114440918,6.320000171661377,6.010000228881836,6.070000171661377,263100
2012-09-11,4.911658763885498,6.179999828338623,6.340000152587891,6.010000228881836,6.010000228881836,207300
2012-09-12,4.824234485626221,6.070000171661377,6.320000171661377,5.96999979019165,6.130000114440918,563200
2012-09-13,4.911658763885498,6.179999828338623,6.300000190734863,5.940000057220459,6.0,515200
2012-09-14,5.022926330566406,6.320000171661377,6.510000228881836,6.199999809265137,6.289999961853027,282800
2012-09-17,5.007030487060547,6.300000190734863,6.340000152587891,6.210000038146973,6.340000152587891,65800
2012-09-18,4.975240230560303,6.260000228881836,6.420000076293945,6.230000019073486,6.25,100800
2012-09-19,4.919606685638428,6.190000057220459,6.349999904632568,6.170000076293945,6.25,103100
2012-09-20,4.856025695800781,6.110000133514404,6.25,6.090000152587891,6.170000076293945,75300
2012-09-21,4.895763397216797,6.159999847412109,6.170000076293945,6.099999904632568,6.130000114440918,28800
2012-09-24,4.760653018951416,5.989999771118164,6.179999828338623,5.980000019073486,6.150000095367432,156400
2012-09-25,4.736809253692627,5.960000038146973,6.070000171661377,5.809999942779541,6.03000020980835,211800
2012-09-26,4.832181930541992,6.079999923706055,6.179999828338623,5.880000114440918,5.960000038146973,99800
2012-09-27,4.7527055740356445,5.980000019073486,6.170000076293945,5.829999923706055,6.059999942779541,195100
2012-09-28,4.609646320343018,5.800000190734863,6.039999961853027,5.75,5.920000076293945,116200
2012-10-01,4.7209153175354,5.940000057220459,5.940000057220459,5.739999771118164,5.840000152587891,151600
2012-10-02,4.554013729095459,5.730000019073486,6.130000114440918,5.679999828338623,5.960000038146973,171200
2012-10-03,4.474537372589111,5.630000114440918,5.78000020980835,5.590000152587891,5.75,241200
2012-10-04,4.458641052246094,5.610000133514404,5.659999847412109,5.420000076293945,5.650000095367432,159300
2012-10-05,4.426851749420166,5.570000171661377,5.71999979019165,5.510000228881836,5.630000114440918,241200
2012-10-08,4.498380184173584,5.659999847412109,5.789999961853027,5.550000190734863,5.550000190734863,134400
2012-10-09,4.418903827667236,5.559999942779541,5.650000095367432,5.28000020980835,5.650000095367432,289600
2012-10-10,4.434797763824463,5.579999923706055,5.630000114440918,5.320000171661377,5.570000171661377,219400
2012-10-11,4.442745685577393,5.590000152587891,5.71999979019165,5.480000019073486,5.570000171661377,216700
2012-10-12,4.490433216094971,5.650000095367432,5.840000152587891,5.510000228881836,5.570000171661377,161800
2012-10-15,4.569909572601318,5.75,5.829999923706055,5.550000190734863,5.630000114440918,230100
2012-10-16,4.649385452270508,5.849999904632568,5.920000076293945,5.739999771118164,5.829999923706055,201400
2012-10-17,4.7209153175354,5.940000057220459,5.980000019073486,5.809999942779541,5.840000152587891,204100
2012-10-18,4.681175231933594,5.889999866485596,6.050000190734863,5.840000152587891,5.900000095367432,117600
2012-10-19,4.657332420349121,5.860000133514404,5.96999979019165,5.829999923706055,5.849999904632568,36700
2012-10-22,4.625543117523193,5.820000171661377,5.920000076293945,5.800000190734863,5.840000152587891,145900
2012-10-23,4.593752861022949,5.78000020980835,5.820000171661377,5.550000190734863,5.789999961853027,316200
2012-10-24,4.585803508758545,5.769999980926514,5.949999809265137,5.639999866485596,5.800000190734863,166200
2012-10-25,4.657332420349121,5.860000133514404,5.949999809265137,5.659999847412109,5.760000228881836,160100
2012-10-26,4.585803508758545,5.769999980926514,5.840000152587891,5.639999866485596,5.639999866485596,531800
2012-10-31,4.673228740692139,5.880000114440918,6.0,5.75,5.769999980926514,509900
2012-11-01,5.014978885650635,6.309999942779541,6.349999904632568,5.880000114440918,5.889999866485596,163600
2012-11-02,5.356727123260498,6.739999771118164,6.809999942779541,6.050000190734863,6.090000152587891,209200
2012-11-05,5.571314811706543,7.010000228881836,7.210000038146973,6.510000228881836,6.760000228881836,370700
2012-11-06,5.66668701171875,7.130000114440918,7.260000228881836,7.099999904632568,7.110000133514404,138300
2012-11-07,5.5474724769592285,6.980000019073486,7.179999828338623,6.940000057220459,7.130000114440918,236700
2012-11-08,5.595157623291016,7.039999961853027,7.150000095367432,6.800000190734863,6.949999809265137,183600
2012-11-09,5.6746344566345215,7.139999866485596,7.190000057220459,6.989999771118164,7.0,104000
2012-11-12,5.698478698730469,7.170000076293945,7.239999771118164,7.099999904632568,7.230000019073486,198400
2012-11-13,5.6746344566345215,7.139999866485596,7.230000019073486,7.050000190734863,7.099999904632568,166700
2012-11-14,5.642845153808594,7.099999904632568,7.210000038146973,7.050000190734863,7.150000095367432,107900
2012-11-15,5.762058734893799,7.25,7.380000114440918,7.010000228881836,7.079999923706055,527700
2012-11-16,5.714372634887695,7.190000057220459,7.269999980926514,6.599999904632568,7.260000228881836,149900
2012-11-19,5.66668701171875,7.130000114440918,7.260000228881836,7.019999980926514,7.210000038146973,191300
2012-11-20,5.626948833465576,7.079999923706055,7.139999866485596,7.03000020980835,7.130000114440918,68600
2012-11-21,5.650792121887207,7.110000133514404,7.139999866485596,7.070000171661377,7.119999885559082,63100
2012-11-23,5.770007133483887,7.260000228881836,7.269999980926514,7.130000114440918,7.139999866485596,70600
2012-11-26,6.008437156677246,7.559999942779541,7.650000095367432,7.239999771118164,7.269999980926514,170700
2012-11-27,6.048174858093262,7.610000133514404,7.730000019073486,7.5,7.519999980926514,112900
2012-11-28,5.905117034912109,7.429999828338623,7.539999961853027,7.429999828338623,7.460000038146973,73200
2012-11-29,5.984593868255615,7.53000020980835,7.710000038146973,7.409999847412109,7.429999828338623,122300
2012-11-30,6.485297203063965,8.15999984741211,8.289999961853027,7.579999923706055,7.579999923706055,637700
2012-12-03,6.334292888641357,7.96999979019165,8.119999885559082,7.889999866485596,8.09000015258789,290400
2012-12-04,6.302500247955322,7.929999828338623,8.010000228881836,7.880000114440918,8.010000228881836,64200
2012-12-05,6.302500247955322,7.929999828338623,8.0600004196167,7.869999885559082,7.949999809265137,368300
2012-12-06,6.159442901611328,7.75,7.949999809265137,7.650000095367432,7.929999828338623,127400
2012-12-07,5.905117034912109,7.429999828338623,7.809999942779541,7.269999980926514,7.809999942779541,156100
2012-12-10,5.865379810333252,7.380000114440918,7.610000133514404,7.260000228881836,7.449999809265137,54300
2012-12-11,5.793850898742676,7.289999961853027,7.400000095367432,7.260000228881836,7.400000095367432,43500
2012-12-12,5.5077338218688965,6.929999828338623,7.300000190734863,6.849999904632568,7.300000190734863,208700
2012-12-13,5.356727123260498,6.739999771118164,6.929999828338623,6.519999980926514,6.800000190734863,181700
2012-12-14,5.316989898681641,6.690000057220459,6.800000190734863,6.650000095367432,6.78000020980835,52800
2012-12-17,5.309041976928711,6.679999828338623,6.800000190734863,6.429999828338623,6.659999847412109,254200
2012-12-18,5.285199165344238,6.650000095367432,6.769999980926514,6.599999904632568,6.739999771118164,138000
2012-12-19,5.142141342163086,6.46999979019165,6.849999904632568,6.360000133514404,6.670000076293945,167800
2012-12-20,5.038821697235107,6.340000152587891,6.5,6.300000190734863,6.369999885559082,62100
2012-12-21,5.094454765319824,6.409999847412109,6.440000057220459,6.199999809265137,6.329999923706055,85700
2012-12-24,5.269303798675537,6.630000114440918,6.800000190734863,6.349999904632568,6.349999904632568,218100
2012-12-26,5.245460510253906,6.599999904632568,6.789999961853027,6.460000038146973,6.619999885559082,392200
2012-12-27,5.404414176940918,6.800000190734863,7.0,6.599999904632568,6.599999904632568,225000
2012-12-28,5.2295660972595215,6.579999923706055,6.78000020980835,6.5,6.739999771118164,158200
2012-12-31,5.205721855163574,6.550000190734863,6.630000114440918,6.519999980926514,6.570000171661377,46300
2013-01-02,5.380570888519287,6.769999980926514,6.880000114440918,6.570000171661377,6.639999866485596,128600
2013-01-03,5.412362098693848,6.809999942779541,6.829999923706055,6.619999885559082,6.619999885559082,78100
2013-01-04,5.428256511688232,6.829999923706055,7.0,6.75,6.789999961853027,199400
2013-01-07,5.396466255187988,6.789999961853027,6.900000095367432,6.769999980926514,6.829999923706055,47500
2013-01-08,5.285199165344238,6.650000095367432,6.829999923706055,6.599999904632568,6.789999961853027,28500
2013-01-09,5.261356353759766,6.619999885559082,6.699999809265137,6.510000228881836,6.659999847412109,57100
2013-01-10,5.277251243591309,6.639999866485596,6.730000019073486,6.25,6.630000114440918,73500
2013-01-11,5.253408908843994,6.610000133514404,6.639999866485596,6.550000190734863,6.599999904632568,17600
2013-01-14,5.324937343597412,6.699999809265137,6.789999961853027,6.570000171661377,6.639999866485596,83800
2013-01-15,5.324937343597412,6.699999809265137,6.840000152587891,6.650000095367432,6.659999847412109,22900
2013-01-16,5.309041976928711,6.679999828338623,6.849999904632568,6.630000114440918,6.679999828338623,29200
2013-01-17,5.309041976928711,6.679999828338623,6.840000152587891,6.650000095367432,6.659999847412109,15800
2013-01-18,5.348780155181885,6.730000019073486,6.75,6.650000095367432,6.710000038146973,10100
2013-01-22,5.332884788513184,6.710000038146973,6.760000228881836,6.619999885559082,6.699999809265137,17400
2013-01-23,5.261356353759766,6.619999885559082,6.869999885559082,6.599999904632568,6.849999904632568,39400
2013-01-24,5.213669776916504,6.559999942779541,6.809999942779541,6.519999980926514,6.650000095367432,29500
2013-01-25,5.253408908843994,6.610000133514404,6.690000057220459,6.539999961853027,6.630000114440918,26800
2013-01-28,5.348780155181885,6.730000019073486,6.800000190734863,6.489999771118164,6.699999809265137,107700
2013-01-29,5.309041976928711,6.679999828338623,6.820000171661377,6.519999980926514,6.769999980926514,68700
2013-01-30,5.094454765319824,6.409999847412109,6.699999809265137,6.380000114440918,6.699999809265137,29100
2013-01-31,5.118298053741455,6.440000057220459,6.460000038146973,6.269999980926514,6.369999885559082,59900
2013-02-01,5.102402687072754,6.420000076293945,6.559999942779541,6.349999904632568,6.449999809265137,55900
2013-02-04,4.895763397216797,6.159999847412109,6.420000076293945,6.090000152587891,6.420000076293945,52800
2013-02-05,4.800392150878906,6.039999961853027,6.179999828338623,6.0,6.130000114440918,28700
2013-02-06,4.7686004638671875,6.0,6.150000095367432,5.960000038146973,6.0,41800
2013-02-07,4.7686004638671875,6.0,6.0,5.900000095367432,5.960000038146973,52000
2013-02-08,4.681175231933594,5.889999866485596,5.949999809265137,5.869999885559082,5.949999809265137,33200
2013-02-11,4.697071552276611,5.909999847412109,6.010000228881836,5.860000133514404,5.889999866485596,45900
2013-02-12,4.6414384841918945,5.840000152587891,5.96999979019165,5.820000171661377,5.880000114440918,125300
2013-02-13,4.6414384841918945,5.840000152587891,6.0,5.769999980926514,5.869999885559082,89500
2013-02-14,4.6016998291015625,5.789999961853027,5.849999904632568,5.760000228881836,5.849999904632568,27700
2013-02-15,4.554013729095459,5.730000019073486,5.809999942779541,5.730000019073486,5.78000020980835,56000
2013-02-19,4.593752861022949,5.78000020980835,5.900000095367432,5.75,5.769999980926514,85800
2013-02-20,4.609646320343018,5.800000190734863,5.960000038146973,5.769999980926514,5.78000020980835,113400
2013-02-21,4.609646320343018,5.800000190734863,5.889999866485596,5.730000019073486,5.800000190734863,73700
2013-02-22,4.689124584197998,5.900000095367432,5.940000057220459,5.760000228881836,5.800000190734863,37000
2013-02-25,4.856025695800781,6.110000133514404,6.519999980926514,5.900000095367432,5.900000095367432,286800
2013-02-26,4.84013032913208,6.090000152587891,6.300000190734863,6.039999961853027,6.239999771118164,65800
2013-02-27,4.7527055740356445,5.980000019073486,6.079999923706055,5.920000076293945,6.079999923706055,114800
2013-02-28,4.712967395782471,5.929999828338623,6.170000076293945,5.809999942779541,5.949999809265137,166700
2013-03-01,4.7209153175354,5.940000057220459,6.03000020980835,5.840000152587891,5.960000038146973,39100
2013-03-04,4.712967395782471,5.929999828338623,6.170000076293945,5.889999866485596,5.949999809265137,36600
2013-03-05,4.800392150878906,6.039999961853027,6.179999828338623,5.96999979019165,5.96999979019165,171900
2013-03-06,4.800392150878906,6.039999961853027,6.199999809265137,6.010000228881836,6.099999904632568,112200
2013-03-07,4.689124584197998,5.900000095367432,6.150000095367432,5.889999866485596,6.019999980926514,175100
2013-03-08,4.824234485626221,6.070000171661377,6.079999923706055,5.949999809265137,5.960000038146973,192500
2013-03-11,5.110349178314209,6.429999828338623,6.550000190734863,6.079999923706055,6.079999923706055,190800
2013-03-12,5.142141342163086,6.46999979019165,6.550000190734863,6.340000152587891,6.420000076293945,47900
2013-03-13,5.142141342163086,6.46999979019165,6.639999866485596,6.420000076293945,6.5,47900
2013-03-14,5.332884788513184,6.710000038146973,6.71999979019165,6.539999961853027,6.550000190734863,70900
2013-03-15,5.396466255187988,6.789999961853027,6.809999942779541,6.570000171661377,6.71999979019165,166500
2013-03-18,5.245460510253906,6.599999904632568,6.75,6.480000019073486,6.699999809265137,56100
2013-03-19,4.999083518981934,6.289999961853027,6.599999904632568,6.28000020980835,6.599999904632568,82700
2013-03-20,5.046768665313721,6.349999904632568,6.5,6.260000228881836,6.269999980926514,44300
2013-03-21,4.951397895812988,6.230000019073486,6.389999866485596,6.199999809265137,6.28000020980835,56200
2013-03-22,4.911658763885498,6.179999828338623,6.389999866485596,6.110000133514404,6.199999809265137,54000
2013-03-25,5.007030487060547,6.300000190734863,6.300000190734863,6.099999904632568,6.099999904632568,27400
2013-03-26,4.879868030548096,6.139999866485596,6.300000190734863,6.079999923706055,6.300000190734863,62900
2013-03-27,4.824234485626221,6.070000171661377,6.119999885559082,6.0,6.090000152587891,119400
2013-03-28,4.79244327545166,6.03000020980835,6.070000171661377,5.960000038146973,6.019999980926514,131200
2013-04-01,4.927553653717041,6.199999809265137,6.21999979019165,6.0,6.0,18900
2013-04-02,4.951397895812988,6.230000019073486,6.309999942779541,6.159999847412109,6.170000076293945,55200
2013-04-03,4.903711318969727,6.170000076293945,6.360000133514404,6.119999885559082,6.28000020980835,50500
2013-04-04,4.887815475463867,6.150000095367432,6.28000020980835,6.019999980926514,6.28000020980835,45200
2013-04-05,4.983187675476074,6.269999980926514,6.309999942779541,6.090000152587891,6.090000152587891,32700
2013-04-08,4.816287517547607,6.059999942779541,6.25,6.039999961853027,6.239999771118164,31000
2013-04-09,4.951397895812988,6.230000019073486,6.260000228881836,6.079999923706055,6.119999885559082,9200
2013-04-10,4.927553653717041,6.199999809265137,6.289999961853027,6.150000095367432,6.28000020980835,20400
2013-04-11,4.895763397216797,6.159999847412109,6.190000057220459,6.139999866485596,6.190000057220459,11800
2013-04-12,5.007030487060547,6.300000190734863,6.420000076293945,6.079999923706055,6.170000076293945,43700
2013-04-15,4.975240230560303,6.260000228881836,6.449999809265137,6.239999771118164,6.320000171661377,34400
2013-04-16,5.285199165344238,6.650000095367432,6.679999828338623,6.329999923706055,6.329999923706055,143000
2013-04-17,5.134192943572998,6.460000038146973,6.619999885559082,6.360000133514404,6.619999885559082,38800
2013-04-18,5.237513065338135,6.590000152587891,6.630000114440918,6.440000057220459,6.5,30900
2013-04-19,5.309041976928711,6.679999828338623,6.690000057220459,6.570000171661377,6.630000114440918,124900
2013-04-22,5.332884788513184,6.710000038146973,6.730000019073486,6.610000133514404,6.670000076293945,46100
2013-04-23,5.301094055175781,6.670000076293945,6.699999809265137,6.46999979019165,6.670000076293945,33200
2013-04-24,5.332884788513184,6.710000038146973,6.769999980926514,6.650000095367432,6.679999828338623,47600
2013-04-25,5.316989898681641,6.690000057220459,6.730000019073486,6.599999904632568,6.730000019073486,31000
2013-04-26,5.142141342163086,6.46999979019165,6.630000114440918,6.239999771118164,6.630000114440918,31900
2013-04-29,5.062664985656738,6.369999885559082,6.440000057220459,6.300000190734863,6.440000057220459,7500
2013-04-30,5.022926330566406,6.320000171661377,6.369999885559082,6.25,6.340000152587891,29500
2013-05-01,5.014978885650635,6.309999942779541,6.329999923706055,6.230000019073486,6.239999771118164,53600
2013-05-02,5.014978885650635,6.309999942779541,6.380000114440918,6.309999942779541,6.309999942779541,7600
2013-05-03,5.126246452331543,6.449999809265137,6.75,6.329999923706055,6.329999923706055,46500
2013-05-06,5.1739325523376465,6.510000228881836,6.539999961853027,6.190000057220459,6.449999809265137,14900
2013-05-07,5.205721855163574,6.550000190734863,6.630000114440918,6.460000038146973,6.539999961853027,11300
2013-05-08,5.245460510253906,6.599999904632568,6.670000076293945,6.340000152587891,6.579999923706055,84300
2013-05-09,5.189826965332031,6.53000020980835,6.630000114440918,6.510000228881836,6.619999885559082,9200
2013-05-10,5.213669776916504,6.559999942779541,6.610000133514404,6.53000020980835,6.550000190734863,5000
2013-05-13,5.197774887084961,6.539999961853027,6.599999904632568,6.489999771118164,6.53000020980835,31700
2013-05-14,5.285199165344238,6.650000095367432,6.650000095367432,6.460000038146973,6.480000019073486,12000
2013-05-15,5.269303798675537,6.630000114440918,6.670000076293945,6.550000190734863,6.570000171661377,13400
2013-05-16,5.2295660972595215,6.579999923706055,6.639999866485596,6.550000190734863,6.599999904632568,29500
2013-05-17,5.086508274078369,6.400000095367432,6.650000095367432,6.389999866485596,6.599999904632568,108000
2013-05-20,5.110349178314209,6.429999828338623,6.599999904632568,6.269999980926514,6.449999809265137,32000
2013-05-21,5.030874729156494,6.329999923706055,6.5,6.269999980926514,6.389999866485596,51000
2013-05-22,5.054717063903809,6.360000133514404,6.409999847412109,6.340000152587891,6.400000095367432,20300
2013-05-23,4.879868030548096,6.139999866485596,6.369999885559082,6.110000133514404,6.320000171661377,73500
2013-05-24,4.887815475463867,6.150000095367432,6.570000171661377,6.110000133514404,6.570000171661377,57200
2013-05-28,4.84013032913208,6.090000152587891,6.300000190734863,6.070000171661377,6.150000095367432,199000
2013-05-29,4.895763397216797,6.159999847412109,6.199999809265137,6.079999923706055,6.079999923706055,92600
2013-05-30,4.895763397216797,6.159999847412109,6.25,6.150000095367432,6.170000076293945,23100
2013-05-31,4.903711318969727,6.170000076293945,6.260000228881836,6.130000114440918,6.25,39500
2013-06-03,4.84807825088501,6.099999904632568,6.25,6.099999904632568,6.25,23000
2013-06-04,4.895763397216797,6.159999847412109,6.210000038146973,6.099999904632568,6.099999904632568,27200
2013-06-05,4.84807825088501,6.099999904632568,6.190000057220459,6.099999904632568,6.159999847412109,31400
2013-06-06,4.863973617553711,6.119999885559082,6.170000076293945,6.090000152587891,6.090000152587891,11000
2013-06-07,4.951397895812988,6.230000019073486,6.25,6.099999904632568,6.139999866485596,49000
2013-06-10,4.927553653717041,6.199999809265137,6.300000190734863,6.170000076293945,6.260000228881836,19600
2013-06-11,4.983187675476074,6.269999980926514,6.269999980926514,6.110000133514404,6.150000095367432,18200
2013-06-12,4.967292785644531,6.25,6.449999809265137,6.139999866485596,6.21999979019165,42300
2013-06-13,5.007030487060547,6.300000190734863,6.369999885559082,6.179999828338623,6.289999961853027,33100
2013-06-14,5.022926330566406,6.320000171661377,6.46999979019165,6.289999961853027,6.46999979019165,39200
2013-06-17,4.999083518981934,6.289999961853027,6.449999809265137,6.190000057220459,6.329999923706055,38300
2013-06-18,4.943449020385742,6.21999979019165,6.329999923706055,6.210000038146973,6.25,36600
2013-06-19,4.856025695800781,6.110000133514404,6.409999847412109,6.090000152587891,6.409999847412109,34000
2013-06-20,4.84807825088501,6.099999904632568,6.199999809265137,6.050000190734863,6.070000171661377,95700
2013-06-21,4.887815475463867,6.150000095367432,6.150000095367432,6.059999942779541,6.119999885559082,21400
2013-06-24,4.816287517547607,6.059999942779541,6.150000095367432,6.039999961853027,6.079999923706055,45100
2013-06-25,4.824234485626221,6.070000171661377,6.099999904632568,6.019999980926514,6.070000171661377,62600
2013-06-26,4.79244327545166,6.03000020980835,6.099999904632568,6.019999980926514,6.059999942779541,11300
2013-06-27,4.808340072631836,6.050000190734863,6.28000020980835,6.0,6.28000020980835,91600
2013-06-28,4.79244327545166,6.03000020980835,6.050000190734863,5.989999771118164,6.050000190734863,25800
2013-07-01,4.7686004638671875,6.0,6.159999847412109,5.980000019073486,6.099999904632568,81600
2013-07-02,4.7686004638671875,6.0,6.099999904632568,5.989999771118164,6.099999904632568,44800
2013-07-03,4.7686004638671875,6.0,6.010000228881836,5.96999979019165,5.980000019073486,26400
2013-07-05,4.7527055740356445,5.980000019073486,6.019999980926514,5.960000038146973,6.019999980926514,15800
2013-07-08,4.760653018951416,5.989999771118164,6.309999942779541,5.929999828338623,6.309999942779541,112400
2013-07-09,4.697071552276611,5.909999847412109,6.130000114440918,5.820000171661377,5.989999771118164,150200
2013-07-10,4.6175947189331055,5.809999942779541,5.949999809265137,5.699999809265137,5.869999885559082,150600
2013-07-11,4.546065807342529,5.71999979019165,5.869999885559082,5.699999809265137,5.869999885559082,29700
2013-07-12,4.6016998291015625,5.789999961853027,5.789999961853027,5.679999828338623,5.71999979019165,43300
2013-07-15,4.5142741203308105,5.679999828338623,5.78000020980835,5.619999885559082,5.78000020980835,65000
2013-07-16,4.561961650848389,5.739999771118164,5.769999980926514,5.610000133514404,5.650000095367432,50300
2013-07-17,4.506327152252197,5.670000076293945,5.739999771118164,5.650000095367432,5.739999771118164,64000
2013-07-18,4.490433216094971,5.650000095367432,5.690000057220459,5.599999904632568,5.630000114440918,65700
2013-07-19,4.530170440673828,5.699999809265137,5.699999809265137,5.559999942779541,5.650000095367432,114700
2013-07-22,4.506327152252197,5.670000076293945,5.699999809265137,5.639999866485596,5.650000095367432,35500
2013-07-23,4.482484817504883,5.639999866485596,5.699999809265137,5.630000114440918,5.630000114440918,70400
2013-07-24,4.522223472595215,5.690000057220459,5.699999809265137,5.610000133514404,5.610000133514404,26000
2013-07-25,4.5142741203308105,5.679999828338623,5.690000057220459,5.610000133514404,5.659999847412109,104800
2013-07-26,4.490433216094971,5.650000095367432,5.789999961853027,5.650000095367432,5.670000076293945,28700
2013-07-29,4.474537372589111,5.630000114440918,5.690000057220459,5.570000171661377,5.690000057220459,41800
2013-07-30,4.522223472595215,5.690000057220459,5.690000057220459,5.579999923706055,5.610000133514404,24900
2013-07-31,4.474537372589111,5.630000114440918,5.71999979019165,5.599999904632568,5.670000076293945,61500
2013-08-01,4.426851749420166,5.570000171661377,5.650000095367432,5.550000190734863,5.610000133514404,20200
2013-08-02,4.418903827667236,5.559999942779541,5.610000133514404,5.539999961853027,5.539999961853027,15100
2013-08-05,4.4506940841674805,5.599999904632568,5.690000057220459,5.550000190734863,5.550000190734863,28700
2013-08-06,4.426851749420166,5.570000171661377,5.760000228881836,5.570000171661377,5.610000133514404,50100
2013-08-07,4.442745685577393,5.590000152587891,5.760000228881836,5.570000171661377,5.610000133514404,18700
2013-08-08,4.506327152252197,5.670000076293945,5.730000019073486,5.610000133514404,5.730000019073486,85200
2013-08-09,4.609646320343018,5.800000190734863,5.889999866485596,5.650000095367432,5.690000057220459,56800
2013-08-12,4.554013729095459,5.730000019073486,5.940000057220459,5.699999809265137,5.800000190734863,14700
2013-08-13,4.561961650848389,5.739999771118164,5.789999961853027,5.71999979019165,5.739999771118164,14700
2013-08-14,4.673228740692139,5.880000114440918,5.940000057220459,5.699999809265137,5.699999809265137,70500
2013-08-15,4.625543117523193,5.820000171661377,6.039999961853027,5.710000038146973,5.820000171661377,105300
2013-08-16,4.609646320343018,5.800000190734863,5.929999828338623,5.789999961853027,5.849999904632568,64000
2013-08-19,4.569909572601318,5.75,5.860000133514404,5.699999809265137,5.800000190734863,61600
2013-08-20,4.458641052246094,5.610000133514404,5.710000038146973,5.309999942779541,5.710000038146973,94800
2013-08-21,4.267897605895996,5.369999885559082,5.590000152587891,5.369999885559082,5.400000095367432,27600
2013-08-22,4.259950637817383,5.360000133514404,5.480000019073486,5.25,5.420000076293945,52200
2013-08-23,3.9897286891937256,5.019999980926514,5.360000133514404,4.949999809265137,5.349999904632568,144200
2013-08-26,4.132786750793457,5.199999809265137,5.25,5.059999942779541,5.059999942779541,34300
2013-08-27,4.005624294281006,5.039999961853027,5.199999809265137,5.0,5.199999809265137,24400
2013-08-28,3.894357442855835,4.900000095367432,5.079999923706055,4.820000171661377,5.0,101900
2013-08-29,3.8784618377685547,4.880000114440918,5.070000171661377,4.829999923706055,4.889999866485596,31600
2013-08-30,3.9023046493530273,4.909999847412109,4.980000019073486,4.789999961853027,4.909999847412109,69100
2013-09-03,4.005624294281006,5.039999961853027,5.159999847412109,4.929999828338623,4.940000057220459,116000
2013-09-04,3.9420440196990967,4.960000038146973,5.059999942779541,4.929999828338623,5.010000228881836,25600
2013-09-05,3.9102518558502197,4.920000076293945,4.96999979019165,4.869999885559082,4.940000057220459,20200
2013-09-06,3.9023046493530273,4.909999847412109,4.920000076293945,4.880000114440918,4.909999847412109,7000
2013-09-09,3.9420440196990967,4.960000038146973,5.190000057220459,4.909999847412109,4.940000057220459,43100
2013-09-10,3.9897286891937256,5.019999980926514,5.039999961853027,4.909999847412109,4.949999809265137,23700
2013-09-11,3.9738340377807617,5.0,5.159999847412109,4.929999828338623,4.949999809265137,48700
2013-09-12,3.9261484146118164,4.940000057220459,5.0,4.900000095367432,4.949999809265137,13900
2013-09-13,3.8466715812683105,4.840000152587891,4.909999847412109,4.809999942779541,4.909999847412109,23100
2013-09-16,3.8148794174194336,4.800000190734863,4.840000152587891,4.75,4.840000152587891,36400
2013-09-17,3.918200731277466,4.929999828338623,5.0,4.75,4.769999980926514,62300
2013-09-18,3.9738340377807617,5.0,5.019999980926514,4.869999885559082,4.909999847412109,11200
2013-09-19,4.0135722160339355,5.050000190734863,5.079999923706055,4.96999979019165,4.96999979019165,24900
2013-09-20,3.965885877609253,4.989999771118164,5.070000171661377,4.989999771118164,5.010000228881836,25000
2013-09-23,4.0294671058654785,5.070000171661377,5.110000133514404,4.949999809265137,4.989999771118164,25600
2013-09-24,4.164577960968018,5.239999771118164,5.389999866485596,5.070000171661377,5.070000171661377,139000
2013-09-25,4.267897605895996,5.369999885559082,5.369999885559082,5.199999809265137,5.210000038146973,155700
2013-09-26,4.236106872558594,5.329999923706055,5.389999866485596,5.21999979019165,5.389999866485596,60900
2013-09-27,4.1725263595581055,5.25,5.329999923706055,5.21999979019165,5.300000190734863,18800
2013-09-30,4.1725263595581055,5.25,5.25,5.179999828338623,5.210000038146973,17700
2013-10-01,4.116891860961914,5.179999828338623,5.269999980926514,5.179999828338623,5.269999980926514,29800
2013-10-02,4.148682594299316,5.21999979019165,5.239999771118164,5.199999809265137,5.210000038146973,15100
2013-10-03,4.077153205871582,5.130000114440918,5.21999979019165,5.110000133514404,5.21999979019165,18300
2013-10-04,4.100996494293213,5.159999847412109,5.199999809265137,5.130000114440918,5.199999809265137,39800
2013-10-07,4.116891860961914,5.179999828338623,5.21999979019165,5.150000095367432,5.150000095367432,32100
2013-10-08,4.069206714630127,5.119999885559082,5.21999979019165,5.119999885559082,5.150000095367432,57900
2013-10-09,4.021519660949707,5.059999942779541,5.159999847412109,5.050000190734863,5.119999885559082,15000
2013-10-10,4.037415027618408,5.079999923706055,5.119999885559082,5.03000020980835,5.099999904632568,35200
2013-10-11,4.053310394287109,5.099999904632568,5.139999866485596,5.090000152587891,5.090000152587891,3800
2013-10-14,4.1725263595581055,5.25,5.349999904632568,5.099999904632568,5.110000133514404,87300
2013-10-15,4.132786750793457,5.199999809265137,5.340000152587891,5.139999866485596,5.309999942779541,149500
2013-10-16,4.069206714630127,5.119999885559082,5.199999809265137,5.079999923706055,5.190000057220459,46100
2013-10-17,4.021519660949707,5.059999942779541,5.239999771118164,5.050000190734863,5.099999904632568,215800
2013-10-18,4.021519660949707,5.059999942779541,5.179999828338623,5.050000190734863,5.070000171661377,37700
2013-10-21,3.965885877609253,4.989999771118164,5.150000095367432,4.889999866485596,5.090000152587891,173600
2013-10-22,3.9738340377807617,5.0,5.039999961853027,4.920000076293945,4.96999979019165,91500
2013-10-23,3.9420440196990967,4.960000038146973,5.010000228881836,4.920000076293945,4.949999809265137,36700
2013-10-24,3.894357442855835,4.900000095367432,5.019999980926514,4.900000095367432,4.989999771118164,29100
2013-10-25,3.9261484146118164,4.940000057220459,5.099999904632568,4.920000076293945,4.960000038146973,34700
2013-10-28,3.8864095211029053,4.889999866485596,4.949999809265137,4.889999866485596,4.909999847412109,46800
2013-10-29,3.894357442855835,4.900000095367432,4.940000057220459,4.860000133514404,4.920000076293945,37500
2013-10-30,3.870514392852783,4.869999885559082,4.940000057220459,4.869999885559082,4.880000114440918,12100
2013-10-31,3.854618549346924,4.849999904632568,4.900000095367432,4.849999904632568,4.869999885559082,7900
2013-11-01,3.9420440196990967,4.960000038146973,5.21999979019165,4.900000095367432,4.900000095367432,91200
2013-11-04,3.9897286891937256,5.019999980926514,5.110000133514404,5.019999980926514,5.050000190734863,321000
2013-11-05,3.981781244277954,5.010000228881836,5.099999904632568,4.869999885559082,5.070000171661377,128500
2013-11-06,3.981781244277954,5.010000228881836,5.050000190734863,4.989999771118164,5.03000020980835,99800
2013-11-07,3.9023046493530273,4.909999847412109,5.039999961853027,4.889999866485596,5.0,11100
2013-11-08,3.9420440196990967,4.960000038146973,5.03000020980835,4.949999809265137,5.03000020980835,21000
2013-11-11,3.9340953826904297,4.949999809265137,4.989999771118164,4.889999866485596,4.940000057220459,5800
2013-11-12,3.8784618377685547,4.880000114440918,4.980000019073486,4.860000133514404,4.96999979019165,13400
2013-11-13,3.8864095211029053,4.889999866485596,4.920000076293945,4.869999885559082,4.909999847412109,2700
2013-11-14,4.0135722160339355,5.050000190734863,5.050000190734863,4.920000076293945,4.920000076293945,22500
2013-11-15,3.981781244277954,5.010000228881836,5.050000190734863,4.949999809265137,5.050000190734863,42200
2013-11-18,4.267897605895996,5.369999885559082,5.440000057220459,5.0,5.0,136800
2013-11-19,4.363269329071045,5.489999771118164,5.599999904632568,5.349999904632568,5.349999904632568,175900
2013-11-20,4.100996494293213,5.159999847412109,5.539999961853027,5.050000190734863,5.489999771118164,225100
2013-11-21,4.196369171142578,5.28000020980835,5.289999961853027,5.150000095367432,5.159999847412109,98200
2013-11-22,4.244054794311523,5.340000152587891,5.409999847412109,5.130000114440918,5.300000190734863,100800
2013-11-25,4.021519660949707,5.059999942779541,5.300000190734863,4.929999828338623,5.289999961853027,47600
2013-11-26,4.045363426208496,5.090000152587891,5.199999809265137,5.0,5.03000020980835,45200
2013-11-27,3.965885877609253,4.989999771118164,5.050000190734863,4.929999828338623,5.039999961853027,31500
2013-11-29,3.8864095211029053,4.889999866485596,5.059999942779541,4.880000114440918,4.989999771118164,119500
2013-12-02,4.005624294281006,5.039999961853027,5.119999885559082,4.900000095367432,4.949999809265137,161600
2013-12-03,4.045363426208496,5.090000152587891,5.150000095367432,5.039999961853027,5.079999923706055,91000
2013-12-04,4.021519660949707,5.059999942779541,5.199999809265137,5.0,5.119999885559082,221700
2013-12-05,4.053310394287109,5.099999904632568,5.159999847412109,5.079999923706055,5.099999904632568,80900
2013-12-06,4.021519660949707,5.059999942779541,5.139999866485596,5.059999942779541,5.099999904632568,82900
2013-12-09,3.981781244277954,5.010000228881836,5.110000133514404,4.989999771118164,5.079999923706055,155600
2013-12-10,3.965885877609253,4.989999771118164,5.110000133514404,4.860000133514404,5.019999980926514,361400
2013-12-11,3.894357442855835,4.900000095367432,5.010000228881836,4.880000114440918,5.010000228881836,62900
2013-12-12,3.9340953826904297,4.949999809265137,5.050000190734863,4.900000095367432,4.900000095367432,143200
2013-12-13,3.9340953826904297,4.949999809265137,5.059999942779541,4.949999809265137,4.989999771118164,293400
2013-12-16,3.9738340377807617,5.0,5.050000190734863,4.900000095367432,4.989999771118164,217100
2013-12-17,3.997677803039551,5.03000020980835,5.090000152587891,4.989999771118164,5.0,304200
2013-12-18,4.140734672546387,5.210000038146973,5.320000171661377,5.03000020980835,5.03000020980835,97200
2013-12-19,4.291740417480469,5.400000095367432,5.400000095367432,5.199999809265137,5.21999979019165,204800
2013-12-20,4.379164695739746,5.510000228881836,5.659999847412109,5.400000095367432,5.449999809265137,321600
2013-12-23,4.776548862457275,6.010000228881836,6.070000171661377,5.550000190734863,5.590000152587891,214800
2013-12-24,4.712967395782471,5.929999828338623,6.079999923706055,5.929999828338623,6.010000228881836,128100
2013-12-26,4.569909572601318,5.75,5.980000019073486,5.730000019073486,5.980000019073486,60400
2013-12-27,4.577856540679932,5.760000228881836,5.900000095367432,5.730000019073486,5.840000152587891,86700
2013-12-30,4.712967395782471,5.929999828338623,6.050000190734863,5.75,5.760000228881836,107500
2013-12-31,4.800392150878906,6.039999961853027,6.099999904632568,5.960000038146973,5.960000038146973,79400
2014-01-02,4.816287517547607,6.059999942779541,6.110000133514404,5.880000114440918,6.050000190734863,72400
2014-01-03,4.665281772613525,5.869999885559082,6.099999904632568,5.869999885559082,6.099999904632568,64600
2014-01-06,4.705019474029541,5.920000076293945,5.929999828338623,5.800000190734863,5.869999885559082,38700
2014-01-07,4.609646320343018,5.800000190734863,5.96999979019165,5.800000190734863,5.96999979019165,67000
2014-01-08,4.6414384841918945,5.840000152587891,5.980000019073486,5.760000228881836,5.760000228881836,54900
2014-01-09,4.681175231933594,5.889999866485596,5.940000057220459,5.78000020980835,5.860000133514404,18900
2014-01-10,4.681175231933594,5.889999866485596,6.070000171661377,5.809999942779541,5.920000076293945,153100
2014-01-13,4.79244327545166,6.03000020980835,6.039999961853027,5.829999923706055,5.829999923706055,148500
2014-01-14,4.84807825088501,6.099999904632568,6.159999847412109,6.010000228881836,6.050000190734863,99500
2014-01-15,4.983187675476074,6.269999980926514,6.300000190734863,6.099999904632568,6.150000095367432,112200
2014-01-16,5.070611953735352,6.380000114440918,6.420000076293945,6.21999979019165,6.269999980926514,55400
2014-01-17,4.903711318969727,6.170000076293945,6.5,6.119999885559082,6.5,47300
2014-01-21,4.816287517547607,6.059999942779541,6.289999961853027,6.050000190734863,6.179999828338623,54000
2014-01-22,4.84013032913208,6.090000152587891,6.159999847412109,6.050000190734863,6.050000190734863,27400
2014-01-23,4.808340072631836,6.050000190734863,6.099999904632568,5.96999979019165,6.050000190734863,110300
2014-01-24,4.673228740692139,5.880000114440918,6.03000020980835,5.860000133514404,6.03000020980835,41200
2014-01-27,4.434797763824463,5.579999923706055,5.889999866485596,5.550000190734863,5.849999904632568,65700
2014-01-28,4.577856540679932,5.760000228881836,5.909999847412109,5.5,5.559999942779541,46400
2014-01-29,4.530170440673828,5.699999809265137,5.78000020980835,5.630000114440918,5.75,29500
2014-01-30,4.609646320343018,5.800000190734863,5.840000152587891,5.679999828338623,5.71999979019165,18800
2014-01-31,4.633491039276123,5.829999923706055,5.880000114440918,5.659999847412109,5.739999771118164,27900
2014-02-03,4.744756698608398,5.96999979019165,6.010000228881836,5.789999961853027,5.789999961853027,44900
2014-02-04,4.943449020385742,6.21999979019165,6.239999771118164,5.929999828338623,6.0,77400
2014-02-05,4.983187675476074,6.269999980926514,6.349999904632568,6.210000038146973,6.230000019073486,22400
2014-02-06,4.800392150878906,6.039999961853027,6.309999942779541,6.019999980926514,6.28000020980835,27200
2014-02-07,4.7686004638671875,6.0,6.150000095367432,5.980000019073486,6.03000020980835,9500
2014-02-10,4.649385452270508,5.849999904632568,6.079999923706055,5.800000190734863,5.96999979019165,11200
2014-02-11,4.800392150878906,6.039999961853027,6.079999923706055,5.900000095367432,6.079999923706055,13300
2014-02-12,4.760653018951416,5.989999771118164,6.050000190734863,5.889999866485596,6.050000190734863,13000
2014-02-13,4.681175231933594,5.889999866485596,5.960000038146973,5.829999923706055,5.949999809265137,30600
2014-02-14,4.649385452270508,5.849999904632568,5.940000057220459,5.800000190734863,5.909999847412109,56400
2014-02-18,4.681175231933594,5.889999866485596,5.900000095367432,5.800000190734863,5.820000171661377,33900
2014-02-19,4.6016998291015625,5.789999961853027,5.889999866485596,5.75,5.889999866485596,29800
2014-02-20,4.466588973999023,5.619999885559082,5.800000190734863,5.619999885559082,5.760000228881836,30300
2014-02-21,4.530170440673828,5.699999809265137,5.849999904632568,5.539999961853027,5.599999904632568,50400
2014-02-24,4.498380184173584,5.659999847412109,5.769999980926514,5.570000171661377,5.659999847412109,40600
2014-02-25,4.681175231933594,5.889999866485596,5.960000038146973,5.599999904632568,5.679999828338623,33000
2014-02-26,4.673228740692139,5.880000114440918,5.989999771118164,5.789999961853027,5.840000152587891,44800
2014-02-27,4.808340072631836,6.050000190734863,6.269999980926514,5.909999847412109,5.909999847412109,39800
2014-02-28,4.776548862457275,6.010000228881836,6.039999961853027,5.800000190734863,6.039999961853027,97900
2014-03-03,4.84807825088501,6.099999904632568,6.190000057220459,5.849999904632568,5.949999809265137,25000
2014-03-04,5.054717063903809,6.360000133514404,6.449999809265137,5.980000019073486,6.070000171661377,133100
2014-03-05,5.253408908843994,6.610000133514404,6.610000133514404,6.320000171661377,6.340000152587891,74500
2014-03-06,5.4918389320373535,6.909999847412109,7.25,6.610000133514404,6.610000133514404,435200
2014-03-07,5.81769323348999,7.320000171661377,7.449999809265137,6.949999809265137,7.019999980926514,281400
2014-03-10,6.1912336349487305,7.789999961853027,7.869999885559082,7.380000114440918,7.420000076293945,253200
2014-03-11,6.850888252258301,8.619999885559082,8.9399995803833,7.699999809265137,7.769999980926514,1052400
2014-03-12,7.335697650909424,9.229999542236328,9.420000076293945,8.329999923706055,8.5,591800
2014-03-13,7.454911708831787,9.380000114440918,9.4399995803833,8.930000305175781,9.229999542236328,464100
2014-03-14,7.105216979980469,8.9399995803833,9.34000015258789,8.649999618530273,9.34000015258789,234200
2014-03-17,6.914470195770264,8.699999809265137,9.0,8.4399995803833,8.989999771118164,231900
2014-03-18,6.803204536437988,8.5600004196167,8.800000190734863,8.489999771118164,8.649999618530273,150000
2014-03-19,6.755518436431885,8.5,8.59000015258789,8.319999694824219,8.520000457763672,100100
2014-03-20,6.660146236419678,8.380000114440918,8.710000038146973,8.350000381469727,8.5,158700
2014-03-21,6.548879146575928,8.239999771118164,8.619999885559082,8.130000114440918,8.489999771118164,157700
2014-03-24,6.151495456695557,7.739999771118164,8.300000190734863,7.659999847412109,8.220000267028809,208300
2014-03-25,6.127651214599609,7.710000038146973,7.820000171661377,7.619999885559082,7.690000057220459,145400
2014-03-26,6.151495456695557,7.739999771118164,7.849999904632568,7.679999828338623,7.699999809265137,74400
2014-03-27,6.27070951461792,7.889999866485596,8.100000381469727,7.670000076293945,7.710000038146973,172700
2014-03-28,6.159442901611328,7.75,8.0,7.659999847412109,7.840000152587891,146600
2014-03-31,5.960750579833984,7.5,7.78000020980835,7.400000095367432,7.78000020980835,361800
2014-04-01,6.04022741317749,7.599999904632568,7.599999904632568,7.46999979019165,7.53000020980835,94100
2014-04-02,6.215076446533203,7.820000171661377,7.909999847412109,7.510000228881836,7.579999923706055,93200
2014-04-03,6.000488758087158,7.550000190734863,7.940000057220459,7.480000019073486,7.849999904632568,151300
2014-04-04,5.754112243652344,7.239999771118164,7.579999923706055,7.170000076293945,7.579999923706055,63200
2014-04-07,5.555420875549316,6.989999771118164,7.260000228881836,6.989999771118164,7.170000076293945,156400
2014-04-08,5.571314811706543,7.010000228881836,7.079999923706055,6.989999771118164,6.989999771118164,74000
2014-04-09,5.611054420471191,7.059999942779541,7.130000114440918,6.989999771118164,6.989999771118164,92400
2014-04-10,5.515681743621826,6.940000057220459,7.119999885559082,6.929999828338623,7.050000190734863,108900
2014-04-11,5.2295660972595215,6.579999923706055,6.989999771118164,6.53000020980835,6.929999828338623,186000
2014-04-14,5.1739325523376465,6.510000228881836,6.619999885559082,6.309999942779541,6.559999942779541,57600
2014-04-15,4.983187675476074,6.269999980926514,6.610000133514404,6.130000114440918,6.5,87900
2014-04-16,5.2295660972595215,6.579999923706055,6.619999885559082,6.320000171661377,6.360000133514404,88100
2014-04-17,5.253408908843994,6.610000133514404,6.690000057220459,6.380000114440918,6.429999828338623,33700
2014-04-21,5.332884788513184,6.710000038146973,6.739999771118164,6.5,6.590000152587891,57400
2014-04-22,5.372622966766357,6.760000228881836,6.869999885559082,6.619999885559082,6.679999828338623,69300
2014-04-23,5.404414176940918,6.800000190734863,6.860000133514404,6.730000019073486,6.739999771118164,56400
2014-04-24,5.213669776916504,6.559999942779541,6.860000133514404,6.510000228881836,6.769999980926514,206100
2014-04-25,4.967292785644531,6.25,6.659999847412109,6.21999979019165,6.510000228881836,125700
2014-04-28,5.142141342163086,6.46999979019165,6.539999961853027,6.340000152587891,6.340000152587891,88200
2014-04-29,5.150088787078857,6.480000019073486,6.599999904632568,6.429999828338623,6.440000057220459,30100
2014-04-30,5.054717063903809,6.360000133514404,6.449999809265137,6.21999979019165,6.449999809265137,73900
2014-05-01,5.205721855163574,6.550000190734863,6.710000038146973,6.369999885559082,6.380000114440918,51600
2014-05-02,5.197774887084961,6.539999961853027,6.610000133514404,6.449999809265137,6.610000133514404,28400
2014-05-05,5.134192943572998,6.460000038146973,6.590000152587891,6.460000038146973,6.5,29400
2014-05-06,5.070611953735352,6.380000114440918,6.579999923706055,6.360000133514404,6.480000019073486,15400
2014-05-07,4.879868030548096,6.139999866485596,6.409999847412109,6.059999942779541,6.409999847412109,95900
2014-05-08,4.760653018951416,5.989999771118164,6.179999828338623,5.96999979019165,6.130000114440918,93400
2014-05-09,5.014978885650635,6.309999942779541,6.550000190734863,5.96999979019165,6.010000228881836,159600
2014-05-12,5.165984630584717,6.5,6.559999942779541,6.409999847412109,6.460000038146973,23500
2014-05-13,5.118298053741455,6.440000057220459,6.75,6.289999961853027,6.75,79800
2014-05-14,5.014978885650635,6.309999942779541,6.420000076293945,6.260000228881836,6.409999847412109,25600
2014-05-15,4.999083518981934,6.289999961853027,6.400000095367432,6.03000020980835,6.269999980926514,49600
2014-05-16,5.118298053741455,6.440000057220459,6.5,6.190000057220459,6.320000171661377,30000
2014-05-19,4.999083518981934,6.289999961853027,6.789999961853027,6.21999979019165,6.400000095367432,173700
2014-05-20,5.046768665313721,6.349999904632568,6.420000076293945,6.28000020980835,6.300000190734863,41700
2014-05-21,5.094454765319824,6.409999847412109,6.5,6.380000114440918,6.480000019073486,70200
2014-05-22,5.770007133483887,7.260000228881836,7.320000171661377,6.480000019073486,7.0,275800
2014-05-23,5.66668701171875,7.130000114440918,7.389999866485596,6.599999904632568,7.289999961853027,333300
2014-05-27,5.944856643676758,7.480000019073486,7.5,7.050000190734863,7.059999942779541,262900
2014-05-28,5.89716911315918,7.420000076293945,7.610000133514404,7.369999885559082,7.480000019073486,135500
2014-05-29,6.159442901611328,7.75,7.78000020980835,7.289999961853027,7.429999828338623,150000
2014-05-30,5.913065433502197,7.440000057220459,7.78000020980835,7.289999961853027,7.78000020980835,62700
2014-06-02,6.032279014587402,7.590000152587891,7.739999771118164,7.46999979019165,7.739999771118164,75700
2014-06-03,5.905117034912109,7.429999828338623,7.599999904632568,7.309999942779541,7.550000190734863,83700
2014-06-04,5.706425189971924,7.179999828338623,7.480000019073486,7.110000133514404,7.480000019073486,86800
2014-06-05,5.650792121887207,7.110000133514404,7.360000133514404,7.079999923706055,7.199999809265137,70300
2014-06-06,5.698478698730469,7.170000076293945,7.210000038146973,7.010000228881836,7.03000020980835,88900
2014-06-09,5.9686994552612305,7.510000228881836,7.659999847412109,7.199999809265137,7.21999979019165,144800
2014-06-10,5.99254035949707,7.539999961853027,7.599999904632568,7.480000019073486,7.53000020980835,35700
2014-06-11,5.9686994552612305,7.510000228881836,7.550000190734863,7.409999847412109,7.519999980926514,58900
2014-06-12,5.952802658081055,7.489999771118164,7.550000190734863,7.420000076293945,7.46999979019165,71300
2014-06-13,5.960750579833984,7.5,7.579999923706055,7.46999979019165,7.5,48000
2014-06-16,5.944856643676758,7.480000019073486,7.510000228881836,7.329999923706055,7.460000038146973,67600
2014-06-17,5.849482536315918,7.360000133514404,7.5,7.269999980926514,7.400000095367432,32600
2014-06-18,5.944856643676758,7.480000019073486,7.53000020980835,7.28000020980835,7.360000133514404,101600
2014-06-19,5.809744834899902,7.309999942779541,7.5,7.199999809265137,7.5,18700
2014-06-20,5.6746344566345215,7.139999866485596,7.289999961853027,7.0,7.289999961853027,60300
2014-06-23,5.722321510314941,7.199999809265137,7.300000190734863,7.0,7.079999923706055,39600
2014-06-24,5.619002342224121,7.070000171661377,7.28000020980835,7.039999961853027,7.170000076293945,11500
2014-06-25,5.571314811706543,7.010000228881836,7.110000133514404,7.010000228881836,7.090000152587891,16200
2014-06-26,5.5633673667907715,7.0,7.099999904632568,7.0,7.010000228881836,15400
2014-06-27,5.595157623291016,7.039999961853027,7.039999961853027,6.949999809265137,6.989999771118164,100100
2014-06-30,5.4521002769470215,6.860000133514404,7.019999980926514,6.849999904632568,6.989999771118164,102400
2014-07-01,5.43620491027832,6.840000152587891,6.909999847412109,6.739999771118164,6.820000171661377,105500
2014-07-02,5.579262733459473,7.019999980926514,7.119999885559082,6.840000152587891,6.860000133514404,69300
2014-07-03,5.5633673667907715,7.0,7.150000095367432,6.949999809265137,7.150000095367432,61100
2014-07-07,5.404414176940918,6.800000190734863,7.150000095367432,6.730000019073486,7.019999980926514,71000
2014-07-08,5.285199165344238,6.650000095367432,6.78000020980835,6.440000057220459,6.78000020980835,163300
2014-07-09,5.2295660972595215,6.579999923706055,6.690000057220459,6.539999961853027,6.679999828338623,24700
2014-07-10,5.038821697235107,6.340000152587891,6.5,6.329999923706055,6.429999828338623,55100
2014-07-11,5.118298053741455,6.440000057220459,6.510000228881836,6.329999923706055,6.360000133514404,19600
2014-07-14,4.887815475463867,6.150000095367432,6.420000076293945,6.150000095367432,6.380000114440918,89700
2014-07-15,5.301094055175781,6.670000076293945,6.809999942779541,6.150000095367432,6.199999809265137,176600
2014-07-16,5.316989898681641,6.690000057220459,6.869999885559082,6.199999809265137,6.739999771118164,39500
2014-07-17,5.022926330566406,6.320000171661377,6.820000171661377,6.260000228881836,6.650000095367432,57500
2014-07-18,5.038821697235107,6.340000152587891,6.53000020980835,6.25,6.300000190734863,40500
2014-07-21,5.142141342163086,6.46999979019165,6.539999961853027,6.28000020980835,6.380000114440918,27800
2014-07-22,5.205721855163574,6.550000190734863,6.610000133514404,6.360000133514404,6.53000020980835,43600
2014-07-23,5.237513065338135,6.590000152587891,6.710000038146973,6.5,6.570000171661377,52000
2014-07-24,5.356727123260498,6.739999771118164,6.820000171661377,6.599999904632568,6.610000133514404,42200
2014-07-25,5.285199165344238,6.650000095367432,6.809999942779541,6.559999942779541,6.739999771118164,29300
2014-07-28,5.285199165344238,6.650000095367432,6.880000114440918,6.579999923706055,6.659999847412109,54500
2014-07-29,5.404414176940918,6.800000190734863,6.849999904632568,6.679999828338623,6.769999980926514,73900
2014-07-30,5.356727123260498,6.739999771118164,6.889999866485596,6.730000019073486,6.849999904632568,24700
2014-07-31,5.301094055175781,6.670000076293945,6.829999923706055,6.579999923706055,6.710000038146973,24400
2014-08-01,5.261356353759766,6.619999885559082,6.78000020980835,6.409999847412109,6.78000020980835,102600
2014-08-04,5.245460510253906,6.599999904632568,6.75,6.510000228881836,6.679999828338623,23400
2014-08-05,5.269303798675537,6.630000114440918,6.699999809265137,6.5,6.53000020980835,48800
2014-08-06,5.269303798675537,6.630000114440918,6.760000228881836,6.5,6.610000133514404,37000
2014-08-07,5.165984630584717,6.5,6.699999809265137,6.380000114440918,6.670000076293945,123600
2014-08-08,5.2295660972595215,6.579999923706055,6.579999923706055,6.480000019073486,6.53000020980835,12800
2014-08-11,5.165984630584717,6.5,6.619999885559082,6.5,6.590000152587891,49700
2014-08-12,5.1739325523376465,6.510000228881836,6.610000133514404,6.449999809265137,6.5,28000
2014-08-13,5.142141342163086,6.46999979019165,6.590000152587891,6.440000057220459,6.489999771118164,42200
2014-08-14,5.150088787078857,6.480000019073486,6.5,6.449999809265137,6.5,13400
2014-08-15,5.086508274078369,6.400000095367432,6.519999980926514,6.309999942779541,6.5,44600
2014-08-18,5.66668701171875,7.130000114440918,7.150000095367432,6.400000095367432,6.400000095367432,73100
2014-08-19,5.626948833465576,7.079999923706055,7.150000095367432,6.909999847412109,7.039999961853027,113900
2014-08-20,5.5077338218688965,6.929999828338623,7.070000171661377,6.900000095367432,7.0,58100
2014-08-21,5.3408331871032715,6.71999979019165,6.900000095367432,6.659999847412109,6.900000095367432,62600
2014-08-22,5.539524078369141,6.96999979019165,7.050000190734863,6.610000133514404,6.71999979019165,61000
2014-08-25,5.555420875549316,6.989999771118164,7.070000171661377,6.78000020980835,6.889999866485596,98400
2014-08-26,5.690530300140381,7.159999847412109,7.559999942779541,7.0,7.119999885559082,452800
2014-08-27,5.603105545043945,7.050000190734863,7.199999809265137,7.010000228881836,7.099999904632568,138400
2014-08-28,5.277251243591309,6.639999866485596,7.019999980926514,6.539999961853027,7.0,195300
2014-08-29,5.309041976928711,6.679999828338623,6.730000019073486,6.5,6.599999904632568,127800
2014-09-02,5.364675521850586,6.75,6.75,6.630000114440918,6.699999809265137,99900
2014-09-03,5.372622966766357,6.760000228881836,6.800000190734863,6.690000057220459,6.710000038146973,82100
2014-09-04,5.404414176940918,6.800000190734863,6.949999809265137,6.730000019073486,6.789999961853027,82100
2014-09-05,5.396466255187988,6.789999961853027,6.840000152587891,6.699999809265137,6.829999923706055,31500
2014-09-08,5.301094055175781,6.670000076293945,6.789999961853027,6.639999866485596,6.789999961853027,45200
2014-09-09,5.245460510253906,6.599999904632568,6.659999847412109,6.489999771118164,6.599999904632568,101300
2014-09-10,5.1739325523376465,6.510000228881836,6.619999885559082,6.5,6.550000190734863,55800
2014-09-11,5.197774887084961,6.539999961853027,6.590000152587891,6.5,6.5,53300
2014-09-12,5.086508274078369,6.400000095367432,6.53000020980835,6.400000095367432,6.5,88800
2014-09-15,4.983187675476074,6.269999980926514,6.400000095367432,6.25,6.400000095367432,86800
2014-09-16,4.919606685638428,6.190000057220459,6.289999961853027,6.099999904632568,6.210000038146973,150100
2014-09-17,4.943449020385742,6.21999979019165,6.340000152587891,6.130000114440918,6.190000057220459,112500
2014-09-18,4.879868030548096,6.139999866485596,6.429999828338623,6.139999866485596,6.289999961853027,81800
2014-09-19,4.935501575469971,6.210000038146973,6.269999980926514,6.079999923706055,6.210000038146973,178500
2014-09-22,4.919606685638428,6.190000057220459,6.21999979019165,6.090000152587891,6.190000057220459,77400
2014-09-23,4.863973617553711,6.119999885559082,6.230000019073486,6.079999923706055,6.230000019073486,74600
2014-09-24,4.800392150878906,6.039999961853027,6.320000171661377,6.010000228881836,6.150000095367432,178800
2014-09-25,4.79244327545166,6.03000020980835,6.119999885559082,6.0,6.03000020980835,46000
2014-09-26,4.903711318969727,6.170000076293945,6.260000228881836,6.0,6.039999961853027,252700
2014-09-29,4.760653018951416,5.989999771118164,6.139999866485596,5.989999771118164,6.079999923706055,151300
2014-09-30,4.371217727661133,5.5,5.989999771118164,5.46999979019165,5.989999771118164,255500
2014-10-01,4.5142741203308105,5.679999828338623,5.78000020980835,5.5,5.5,126300
2014-10-02,4.426851749420166,5.570000171661377,5.789999961853027,5.539999961853027,5.650000095367432,75900
2014-10-03,4.482484817504883,5.639999866485596,5.71999979019165,5.599999904632568,5.619999885559082,31000
2014-10-06,4.561961650848389,5.739999771118164,5.809999942779541,5.610000133514404,5.610000133514404,62400
2014-10-07,4.379164695739746,5.510000228881836,5.71999979019165,5.480000019073486,5.690000057220459,69200
2014-10-08,4.331479072570801,5.449999809265137,5.570000171661377,5.400000095367432,5.519999980926514,90100
2014-10-09,4.244054794311523,5.340000152587891,5.570000171661377,5.309999942779541,5.489999771118164,95100
2014-10-10,4.259950637817383,5.360000133514404,5.489999771118164,5.300000190734863,5.380000114440918,79800
2014-10-13,4.283792495727539,5.389999866485596,5.420000076293945,5.349999904632568,5.389999866485596,65200
2014-10-14,4.30763578414917,5.420000076293945,5.519999980926514,5.380000114440918,5.460000038146973,57600
2014-10-15,4.291740417480469,5.400000095367432,5.460000038146973,5.309999942779541,5.389999866485596,31000
2014-10-16,4.291740417480469,5.400000095367432,5.449999809265137,5.309999942779541,5.309999942779541,45200
2014-10-17,4.347374439239502,5.46999979019165,5.559999942779541,5.440000057220459,5.46999979019165,65800
2014-10-20,4.30763578414917,5.420000076293945,5.449999809265137,5.349999904632568,5.349999904632568,104600
2014-10-21,4.252002239227295,5.349999904632568,5.480000019073486,5.349999904632568,5.380000114440918,103300
2014-10-22,4.164577960968018,5.239999771118164,5.380000114440918,5.199999809265137,5.300000190734863,116500
2014-10-23,4.18842077255249,5.269999980926514,5.349999904632568,5.210000038146973,5.28000020980835,29100
2014-10-24,4.180473327636719,5.260000228881836,5.349999904632568,5.230000019073486,5.269999980926514,42500
2014-10-27,4.18842077255249,5.269999980926514,5.400000095367432,5.21999979019165,5.269999980926514,36100
2014-10-28,4.283792495727539,5.389999866485596,5.449999809265137,5.25,5.269999980926514,35800
2014-10-29,4.283792495727539,5.389999866485596,5.480000019073486,5.369999885559082,5.369999885559082,13600
2014-10-30,4.291740417480469,5.400000095367432,5.440000057220459,5.309999942779541,5.349999904632568,45200
2014-10-31,4.355322360992432,5.480000019073486,5.559999942779541,5.409999847412109,5.409999847412109,44000
2014-11-03,4.252002239227295,5.349999904632568,5.449999809265137,5.21999979019165,5.21999979019165,59400
2014-11-04,4.236106872558594,5.329999923706055,5.46999979019165,5.329999923706055,5.349999904632568,52900
2014-11-05,4.259950637817383,5.360000133514404,5.409999847412109,5.309999942779541,5.349999904632568,38500
2014-11-06,4.259950637817383,5.360000133514404,5.429999828338623,5.300000190734863,5.349999904632568,61800
2014-11-07,4.267897605895996,5.369999885559082,5.400000095367432,5.329999923706055,5.329999923706055,55400
2014-11-10,4.331479072570801,5.449999809265137,5.480000019073486,5.340000152587891,5.369999885559082,49700
2014-11-11,4.244054794311523,5.340000152587891,5.46999979019165,5.340000152587891,5.429999828338623,28700
2014-11-12,4.236106872558594,5.329999923706055,5.400000095367432,5.28000020980835,5.28000020980835,21900
2014-11-13,4.220211982727051,5.309999942779541,5.369999885559082,5.309999942779541,5.329999923706055,18800
2014-11-14,4.2281599044799805,5.320000171661377,5.360000133514404,5.300000190734863,5.320000171661377,31200
2014-11-17,3.981781244277954,5.010000228881836,5.349999904632568,4.900000095367432,5.300000190734863,113200
2014-11-18,3.9738340377807617,5.0,5.150000095367432,4.989999771118164,5.0,90800
2014-11-19,3.9579379558563232,4.980000019073486,5.099999904632568,4.909999847412109,4.980000019073486,437300
2014-11-20,4.037415027618408,5.079999923706055,5.090000152587891,4.929999828338623,4.960000038146973,30200
2014-11-21,4.426851749420166,5.570000171661377,5.639999866485596,5.099999904632568,5.099999904632568,116700
2014-11-24,4.959344387054443,6.239999771118164,6.28000020980835,5.409999847412109,5.650000095367432,143200
2014-11-25,4.808340072631836,6.050000190734863,6.300000190734863,5.869999885559082,6.289999961853027,107400
2014-11-26,5.332884788513184,6.710000038146973,6.739999771118164,5.710000038146973,5.710000038146973,448500
2014-11-28,4.959344387054443,6.239999771118164,6.889999866485596,6.239999771118164,6.650000095367432,240900
2014-12-01,4.800392150878906,6.039999961853027,6.309999942779541,5.949999809265137,6.25,226200
2014-12-02,4.863973617553711,6.119999885559082,6.190000057220459,5.699999809265137,6.139999866485596,101200
2014-12-03,4.863973617553711,6.119999885559082,6.380000114440918,6.099999904632568,6.099999904632568,143200
2014-12-04,4.911658763885498,6.179999828338623,6.210000038146973,6.110000133514404,6.190000057220459,45400
2014-12-05,4.7209153175354,5.940000057220459,6.400000095367432,5.829999923706055,6.25,349200
2014-12-08,4.7209153175354,5.940000057220459,6.389999866485596,5.789999961853027,5.940000057220459,392400
2014-12-09,4.681175231933594,5.889999866485596,6.190000057220459,5.789999961853027,5.880000114440918,200400
2014-12-10,4.935501575469971,6.210000038146973,6.239999771118164,5.900000095367432,5.900000095367432,177700
2014-12-11,4.975240230560303,6.260000228881836,6.5,6.139999866485596,6.230000019073486,197200
2014-12-12,5.650792121887207,7.110000133514404,7.289999961853027,6.139999866485596,6.260000228881836,1115500
2014-12-15,4.967292785644531,6.25,7.170000076293945,6.199999809265137,7.110000133514404,467200
2014-12-16,4.951397895812988,6.230000019073486,6.699999809265137,6.150000095367432,6.150000095367432,194100
2014-12-17,5.134192943572998,6.460000038146973,6.599999904632568,6.199999809265137,6.21999979019165,279700
2014-12-18,5.181879997253418,6.519999980926514,6.590000152587891,6.400000095367432,6.559999942779541,101200
2014-12-19,5.356727123260498,6.739999771118164,6.800000190734863,6.380000114440918,6.559999942779541,220400
2014-12-22,4.935501575469971,6.210000038146973,6.78000020980835,6.179999828338623,6.679999828338623,145000
2014-12-23,4.967292785644531,6.25,6.630000114440918,6.179999828338623,6.210000038146973,232500
2014-12-24,4.999083518981934,6.289999961853027,6.400000095367432,6.199999809265137,6.21999979019165,114300
2014-12-26,5.44415283203125,6.849999904632568,7.019999980926514,6.349999904632568,6.400000095367432,765000
2014-12-29,5.269303798675537,6.630000114440918,6.949999809265137,6.53000020980835,6.949999809265137,209500
2014-12-30,5.221617698669434,6.570000171661377,6.820000171661377,6.53000020980835,6.570000171661377,89900
2014-12-31,5.269303798675537,6.630000114440918,6.829999923706055,6.46999979019165,6.550000190734863,126200
2015-01-02,5.332884788513184,6.710000038146973,6.820000171661377,6.599999904632568,6.650000095367432,83400
2015-01-05,6.024331092834473,7.579999923706055,7.760000228881836,6.679999828338623,6.71999979019165,711700
2015-01-06,5.913065433502197,7.440000057220459,7.699999809265137,7.070000171661377,7.5,329400
2015-01-07,6.286605358123779,7.909999847412109,7.949999809265137,7.21999979019165,7.5,303900
2015-01-08,6.183285713195801,7.78000020980835,8.119999885559082,7.599999904632568,8.0,296500
2015-01-09,6.342238426208496,7.980000019073486,8.039999961853027,7.480000019073486,7.730000019073486,208600
2015-01-12,6.111757755279541,7.690000057220459,8.329999923706055,7.480000019073486,8.210000038146973,106900
2015-01-13,6.024331092834473,7.579999923706055,7.75,7.449999809265137,7.690000057220459,160000
2015-01-14,6.238919258117676,7.849999904632568,8.279999732971191,7.480000019073486,7.550000190734863,560700
2015-01-15,6.350185871124268,7.989999771118164,8.1899995803833,7.78000020980835,7.909999847412109,196300
2015-01-16,6.739622592926025,8.479999542236328,8.5,7.96999979019165,8.079999923706055,328400
2015-01-20,6.5647735595703125,8.260000228881836,8.479999542236328,8.199999809265137,8.479999542236328,204900
2015-01-21,6.715778827667236,8.449999809265137,8.5,8.180000305175781,8.25,243200
2015-01-22,6.691936016082764,8.420000076293945,8.59000015258789,8.380000114440918,8.5,167500
2015-01-23,6.636303424835205,8.350000381469727,8.550000190734863,8.300000190734863,8.449999809265137,186200
2015-01-26,6.5647735595703125,8.260000228881836,8.529999732971191,8.229999542236328,8.390000343322754,134500
2015-01-27,6.628354072570801,8.34000015258789,8.479999542236328,8.170000076293945,8.229999542236328,133000
2015-01-28,6.405820846557617,8.0600004196167,8.399999618530273,8.050000190734863,8.399999618530273,287700
2015-01-29,6.540930271148682,8.229999542236328,8.279999732971191,8.010000228881836,8.15999984741211,106200
2015-01-30,6.374030590057373,8.020000457763672,8.300000190734863,8.0,8.210000038146973,126000
2015-02-02,6.437611103057861,8.100000381469727,8.170000076293945,8.010000228881836,8.109999656677246,53200
2015-02-03,6.5647735595703125,8.260000228881836,8.380000114440918,8.119999885559082,8.180000305175781,51500
2015-02-04,6.580668926239014,8.279999732971191,8.369999885559082,8.15999984741211,8.34000015258789,59500
2015-02-05,6.4137678146362305,8.069999694824219,8.300000190734863,7.880000114440918,8.279999732971191,110900
2015-02-06,6.453505039215088,8.119999885559082,8.260000228881836,8.029999732971191,8.109999656677246,30000
2015-02-09,6.27070951461792,7.889999866485596,8.119999885559082,7.800000190734863,8.119999885559082,146700
2015-02-10,6.485297203063965,8.15999984741211,8.289999961853027,7.71999979019165,7.889999866485596,120400
2015-02-11,6.358133792877197,8.0,8.15999984741211,7.900000095367432,8.15999984741211,86100
2015-02-12,6.405820846557617,8.0600004196167,8.1899995803833,7.960000038146973,8.050000190734863,36800
2015-02-13,6.358133792877197,8.0,8.109999656677246,7.920000076293945,8.079999923706055,44200
2015-02-17,6.342238426208496,7.980000019073486,8.0,7.909999847412109,7.909999847412109,76300
2015-02-18,6.27070951461792,7.889999866485596,7.96999979019165,7.849999904632568,7.96999979019165,42200
2015-02-19,6.278657913208008,7.900000095367432,7.920000076293945,7.760000228881836,7.909999847412109,82300
2015-02-20,6.223024368286133,7.829999923706055,7.929999828338623,7.769999980926514,7.920000076293945,41800
2015-02-23,6.278657913208008,7.900000095367432,7.900000095367432,7.769999980926514,7.789999961853027,62300
2015-02-24,6.199181079864502,7.800000190734863,7.96999979019165,7.699999809265137,7.940000057220459,52800
2015-02-25,6.350185871124268,7.989999771118164,8.039999961853027,7.71999979019165,8.039999961853027,88500
2015-02-26,6.445558547973633,8.109999656677246,8.279999732971191,8.0,8.0,102100
2015-02-27,6.501192569732666,8.180000305175781,8.239999771118164,8.119999885559082,8.170000076293945,121000
2015-03-02,6.898574352264404,8.680000305175781,8.6899995803833,8.109999656677246,8.289999961853027,294700
2015-03-03,6.532983303070068,8.220000267028809,8.729999542236328,8.020000457763672,8.699999809265137,480200
2015-03-04,6.278657913208008,7.900000095367432,8.34000015258789,7.760000228881836,8.239999771118164,341300
2015-03-05,6.509139537811279,8.1899995803833,8.239999771118164,7.739999771118164,7.960000038146973,260900
2015-03-06,6.223024368286133,7.829999923706055,8.279999732971191,7.809999942779541,8.279999732971191,307800
2015-03-09,6.4137678146362305,8.069999694824219,8.149999618530273,7.949999809265137,7.949999809265137,180000
2015-03-10,6.525035381317139,8.210000038146973,8.25,8.010000228881836,8.010000228881836,140500
2015-03-11,6.517087459564209,8.199999809265137,8.520000457763672,8.109999656677246,8.270000457763672,382600
2015-03-12,6.699883460998535,8.430000305175781,8.600000381469727,8.380000114440918,8.479999542236328,422800
2015-03-13,6.7952561378479,8.550000190734863,8.720000267028809,8.390000343322754,8.40999984741211,271800
2015-03-16,6.739622592926025,8.479999542236328,8.720000267028809,8.449999809265137,8.600000381469727,358500
2015-03-17,6.7952561378479,8.550000190734863,8.59000015258789,8.359999656677246,8.539999961853027,238400
2015-03-18,6.858837604522705,8.630000114440918,8.640000343322754,8.460000038146973,8.5600004196167,268200
2015-03-19,6.890628814697266,8.670000076293945,8.6899995803833,8.460000038146973,8.5600004196167,240600
2015-03-20,7.0972676277160645,8.930000305175781,8.970000267028809,8.65999984741211,8.6899995803833,252200
2015-03-23,7.272118091583252,9.149999618530273,9.300000190734863,8.869999885559082,8.920000076293945,258700
2015-03-24,7.192641258239746,9.050000190734863,9.199999809265137,9.029999732971191,9.119999885559082,70100
2015-03-25,6.890628814697266,8.670000076293945,9.079999923706055,8.619999885559082,9.079999923706055,144900
2015-03-26,6.993948459625244,8.800000190734863,8.880000114440918,8.539999961853027,8.670000076293945,184800
2015-03-27,7.009842395782471,8.819999694824219,8.979999542236328,8.699999809265137,8.829999923706055,142600
2015-03-30,6.930367469787598,8.720000267028809,8.90999984741211,8.489999771118164,8.90999984741211,264700
2015-03-31,6.858837604522705,8.630000114440918,8.8100004196167,8.460000038146973,8.609999656677246,192700
2015-04-01,6.9701056480407715,8.770000457763672,8.800000190734863,8.579999923706055,8.640000343322754,80200
2015-04-02,7.160848617553711,9.010000228881836,9.0600004196167,8.729999542236328,8.729999542236328,75300
2015-04-06,6.9383134841918945,8.729999542236328,9.010000228881836,8.6899995803833,9.010000228881836,34000
2015-04-07,6.858837604522705,8.630000114440918,8.8100004196167,8.609999656677246,8.6899995803833,59900
2015-04-08,7.073424339294434,8.899999618530273,8.970000267028809,8.550000190734863,8.729999542236328,201900
2015-04-09,6.898574352264404,8.680000305175781,8.949999809265137,8.630000114440918,8.9399995803833,64100
2015-04-10,6.978052616119385,8.779999732971191,8.850000381469727,8.59000015258789,8.670000076293945,60200
2015-04-13,6.946261882781982,8.739999771118164,8.9399995803833,8.609999656677246,8.800000190734863,114600
2015-04-14,7.105216979980469,8.9399995803833,9.0,8.739999771118164,8.739999771118164,72700
2015-04-15,7.17674446105957,9.029999732971191,9.279999732971191,8.890000343322754,9.0,126600
2015-04-16,7.065478801727295,8.890000343322754,9.039999961853027,8.859999656677246,9.029999732971191,39500
2015-04-17,6.978052616119385,8.779999732971191,8.920000076293945,8.670000076293945,8.800000190734863,180300
2015-04-20,7.216483116149902,9.079999923706055,9.109999656677246,8.680000305175781,8.8100004196167,189500
2015-04-21,7.939720153808594,9.989999771118164,9.989999771118164,9.140000343322754,9.140000343322754,370100
2015-04-22,7.804609298706055,9.819999694824219,10.130000114440918,9.489999771118164,9.989999771118164,247400
2015-04-23,7.939720153808594,9.989999771118164,10.380000114440918,9.760000228881836,9.760000228881836,288800
2015-04-24,8.742435455322266,11.0,11.020000457763672,9.859999656677246,10.029999732971191,328000
2015-04-27,9.561044692993164,12.029999732971191,12.329999923706055,10.949999809265137,10.949999809265137,796700
2015-04-28,9.457722663879395,11.899999618530273,12.109999656677246,11.149999618530273,11.75,326800
2015-04-29,9.457722663879395,11.899999618530273,12.489999771118164,11.850000381469727,11.949999809265137,315300
2015-04-30,9.298770904541016,11.699999809265137,11.84000015258789,11.170000076293945,11.829999923706055,183500
2015-05-01,9.243138313293457,11.630000114440918,11.859999656677246,11.600000381469727,11.720000267028809,68900
2015-05-04,9.410038948059082,11.84000015258789,12.149999618530273,11.630000114440918,11.630000114440918,123800
2015-05-05,8.837807655334473,11.119999885559082,11.699999809265137,10.770000457763672,11.699999809265137,237400
2015-05-06,8.766278266906738,11.029999732971191,11.1899995803833,10.960000038146973,11.119999885559082,100400
2015-05-07,8.774227142333984,11.039999961853027,11.09000015258789,10.9399995803833,11.010000228881836,267400
2015-05-08,8.92523193359375,11.229999542236328,11.479999542236328,11.0600004196167,11.100000381469727,187500
2015-05-11,8.511953353881836,10.710000038146973,11.229999542236328,10.399999618530273,11.1899995803833,215200
2015-05-12,8.710644721984863,10.960000038146973,10.970000267028809,10.470000267028809,10.680000305175781,211100
2015-05-13,8.519901275634766,10.720000267028809,10.9399995803833,10.5600004196167,10.9399995803833,63900
2015-05-14,8.424528121948242,10.600000381469727,10.850000381469727,10.5,10.729999542236328,93200
2015-05-15,8.225835800170898,10.350000381469727,10.569999694824219,10.140000343322754,10.569999694824219,180500
2015-05-18,8.60732650756836,10.829999923706055,10.899999618530273,10.1899995803833,10.1899995803833,181600
2015-05-19,8.734485626220703,10.989999771118164,11.0,10.520000457763672,10.850000381469727,547900
2015-05-20,6.850888252258301,8.619999885559082,10.789999961853027,8.180000305175781,10.779999732971191,1270200
2015-05-21,6.668094158172607,8.390000343322754,9.239999771118164,8.369999885559082,8.640000343322754,504300
2015-05-22,6.755518436431885,8.5,8.630000114440918,8.300000190734863,8.390000343322754,268000
2015-05-26,6.509139537811279,8.1899995803833,8.579999923706055,7.920000076293945,8.5,464400
2015-05-27,6.42171573638916,8.079999923706055,8.1899995803833,8.069999694824219,8.079999923706055,181500
2015-05-28,6.469401836395264,8.140000343322754,8.220000267028809,8.079999923706055,8.079999923706055,201600
2015-05-29,6.42966365814209,8.09000015258789,8.199999809265137,8.050000190734863,8.149999618530273,268700
2015-06-01,6.175337314605713,7.769999980926514,8.010000228881836,7.550000190734863,8.0,288800
2015-06-02,6.350185871124268,7.989999771118164,8.180000305175781,7.690000057220459,7.690000057220459,153300
2015-06-03,6.27070951461792,7.889999866485596,8.100000381469727,7.730000019073486,8.050000190734863,102600
2015-06-04,6.223024368286133,7.829999923706055,7.949999809265137,7.730000019073486,7.849999904632568,135000
2015-06-05,6.397873401641846,8.050000190734863,8.289999961853027,7.860000133514404,7.860000133514404,294100
2015-06-08,7.03368616104126,8.850000381469727,9.039999961853027,8.0600004196167,8.0600004196167,400400
2015-06-09,6.652197360992432,8.369999885559082,8.869999885559082,8.3100004196167,8.800000190734863,460500
2015-06-10,7.446965217590332,9.369999885559082,9.449999809265137,8.350000381469727,8.350000381469727,742400
2015-06-11,7.264170169830322,9.140000343322754,9.699999809265137,9.100000381469727,9.4399995803833,326300
2015-06-12,7.582076072692871,9.539999961853027,9.600000381469727,9.100000381469727,9.149999618530273,453100
2015-06-15,7.327749252319336,9.220000267028809,9.529999732971191,9.100000381469727,9.529999732971191,264700
2015-06-16,7.232378959655762,9.100000381469727,9.170000076293945,8.9399995803833,9.149999618530273,212300
2015-06-17,7.303905487060547,9.1899995803833,9.600000381469727,8.970000267028809,9.199999809265137,428300
2015-06-18,7.399278163909912,9.3100004196167,9.390000343322754,9.0600004196167,9.239999771118164,216400
2015-06-19,7.232378959655762,9.100000381469727,9.350000381469727,9.020000457763672,9.329999923706055,231800
2015-06-22,7.502598285675049,9.4399995803833,9.5600004196167,8.989999771118164,9.149999618530273,280100
2015-06-23,7.152901649475098,9.0,9.569999694824219,8.899999618530273,9.420000076293945,761100
2015-06-24,7.256221771240234,9.130000114440918,9.359999656677246,8.979999542236328,9.029999732971191,244400
2015-06-25,7.248272895812988,9.119999885559082,9.350000381469727,9.0,9.130000114440918,309500
2015-06-26,7.264170169830322,9.140000343322754,9.3100004196167,8.970000267028809,9.300000190734863,312100
2015-06-29,6.858837604522705,8.630000114440918,9.199999809265137,8.5600004196167,9.0,317400
2015-06-30,7.0177903175354,8.829999923706055,8.880000114440918,8.579999923706055,8.699999809265137,153200
2015-07-01,6.9860005378723145,8.789999961853027,9.5,8.600000381469727,9.100000381469727,447000
2015-07-02,6.644250392913818,8.359999656677246,8.800000190734863,8.0,8.670000076293945,432700
2015-07-06,5.984593868255615,7.53000020980835,8.229999542236328,7.449999809265137,8.229999542236328,374000
2015-07-07,5.205721855163574,6.550000190734863,7.269999980926514,6.110000133514404,7.269999980926514,819700
2015-07-08,4.593752861022949,5.78000020980835,6.489999771118164,5.559999942779541,6.21999979019165,964300
2015-07-09,5.261356353759766,6.619999885559082,7.099999904632568,6.199999809265137,6.21999979019165,433300
2015-07-10,5.4521002769470215,6.860000133514404,7.360000133514404,6.75,6.75,519100
2015-07-13,5.388519287109375,6.78000020980835,6.960000038146973,6.75,6.78000020980835,232300
2015-07-14,5.4759440422058105,6.889999866485596,6.900000095367432,6.619999885559082,6.75,89200
2015-07-15,5.285199165344238,6.650000095367432,6.800000190734863,6.559999942779541,6.75,137000
2015-07-16,5.269303798675537,6.630000114440918,6.760000228881836,6.420000076293945,6.670000076293945,289900
2015-07-17,5.277251243591309,6.639999866485596,6.679999828338623,6.53000020980835,6.610000133514404,99300
2015-07-20,5.412362098693848,6.809999942779541,7.0,6.440000057220459,6.590000152587891,350200
2015-07-21,6.064070701599121,7.630000114440918,7.800000190734863,6.78000020980835,6.829999923706055,418900
2015-07-22,6.5647735595703125,8.260000228881836,8.399999618530273,7.380000114440918,7.539999961853027,437700
2015-07-23,7.025738716125488,8.84000015258789,8.949999809265137,8.010000228881836,8.239999771118164,459700
2015-07-24,6.556825637817383,8.25,9.050000190734863,7.869999885559082,8.800000190734863,519300
2015-07-27,6.032279014587402,7.590000152587891,7.949999809265137,7.420000076293945,7.949999809265137,137700
2015-07-28,6.127651214599609,7.710000038146973,8.119999885559082,7.510000228881836,7.659999847412109,111600
2015-07-29,6.866787433624268,8.640000343322754,8.779999732971191,7.670000076293945,7.670000076293945,321300
2015-07-30,6.81115198135376,8.569999694824219,8.75,8.010000228881836,8.59000015258789,401800
2015-07-31,6.397873401641846,8.050000190734863,8.739999771118164,8.010000228881836,8.59000015258789,191100
2015-08-03,6.532983303070068,8.220000267028809,8.40999984741211,7.510000228881836,8.010000228881836,205000
2015-08-04,6.7952561378479,8.550000190734863,8.699999809265137,8.069999694824219,8.170000076293945,253200
2015-08-05,6.9701056480407715,8.770000457763672,8.84000015258789,8.25,8.699999809265137,196800
2015-08-06,7.0813727378845215,8.90999984741211,8.989999771118164,8.470000267028809,8.729999542236328,183400
2015-08-07,7.29595947265625,9.180000305175781,9.329999923706055,8.779999732971191,8.949999809265137,326100
2015-08-10,7.5264410972595215,9.470000267028809,9.5,9.300000190734863,9.300000190734863,296200
2015-08-11,7.200586795806885,9.0600004196167,9.399999618530273,8.989999771118164,9.350000381469727,168700
2015-08-12,6.9383134841918945,8.729999542236328,9.1899995803833,8.479999542236328,8.850000381469727,226600
2015-08-13,6.7873077392578125,8.539999961853027,8.789999961853027,8.470000267028809,8.739999771118164,117100
2015-08-14,6.755518436431885,8.5,8.640000343322754,8.40999984741211,8.550000190734863,63700
2015-08-17,6.81115198135376,8.569999694824219,8.640000343322754,8.350000381469727,8.420000076293945,103900
2015-08-18,6.668094158172607,8.390000343322754,8.680000305175781,8.220000267028809,8.4399995803833,121700
2015-08-19,6.866787433624268,8.640000343322754,8.75,8.25,8.399999618530273,266900
2015-08-20,6.660146236419678,8.380000114440918,8.989999771118164,8.0600004196167,8.850000381469727,215600
2015-08-21,6.183285713195801,7.78000020980835,8.34000015258789,7.519999980926514,8.229999542236328,253700
2015-08-24,5.579262733459473,7.019999980926514,7.400000095367432,5.559999942779541,7.119999885559082,368500
2015-08-25,5.770007133483887,7.260000228881836,7.5,7.25,7.380000114440918,218500
2015-08-26,5.905117034912109,7.429999828338623,7.539999961853027,6.5,7.420000076293945,173600
2015-08-27,6.199181079864502,7.800000190734863,7.829999923706055,7.5,7.510000228881836,95600
2015-08-28,6.207128524780273,7.809999942779541,7.849999904632568,7.570000171661377,7.690000057220459,137900
2015-08-31,6.064070701599121,7.630000114440918,7.789999961853027,7.53000020980835,7.730000019073486,129300
2015-09-01,5.99254035949707,7.539999961853027,7.730000019073486,7.329999923706055,7.360000133514404,147900
2015-09-02,6.318396091461182,7.949999809265137,7.989999771118164,7.449999809265137,7.659999847412109,36300
2015-09-03,6.246867656707764,7.860000133514404,8.0,7.75,8.0,43200
2015-09-04,6.072018623352051,7.639999866485596,7.880000114440918,7.519999980926514,7.78000020980835,51300
2015-09-08,6.286605358123779,7.909999847412109,8.079999923706055,7.75,7.949999809265137,75100
2015-09-09,6.167391300201416,7.760000228881836,8.220000267028809,7.71999979019165,8.0600004196167,40200
2015-09-10,6.199181079864502,7.800000190734863,7.849999904632568,7.659999847412109,7.710000038146973,81000
2015-09-11,6.183285713195801,7.78000020980835,7.860000133514404,7.639999866485596,7.710000038146973,41600
2015-09-14,6.215076446533203,7.820000171661377,7.820000171661377,7.489999771118164,7.760000228881836,171700
2015-09-15,6.238919258117676,7.849999904632568,7.849999904632568,7.559999942779541,7.800000190734863,121400
2015-09-16,6.318396091461182,7.949999809265137,7.96999979019165,7.820000171661377,7.920000076293945,131800
2015-09-17,6.350185871124268,7.989999771118164,8.079999923706055,7.769999980926514,7.869999885559082,90500
2015-09-18,6.127651214599609,7.710000038146973,7.96999979019165,7.619999885559082,7.860000133514404,163800
2015-09-21,6.207128524780273,7.809999942779541,7.840000152587891,7.550000190734863,7.699999809265137,114700
2015-09-22,6.278657913208008,7.900000095367432,7.900000095367432,7.599999904632568,7.650000095367432,125500
2015-09-23,6.087913513183594,7.659999847412109,7.869999885559082,7.599999904632568,7.869999885559082,94600
2015-09-24,6.199181079864502,7.800000190734863,7.860000133514404,7.409999847412109,7.409999847412109,87500
2015-09-25,6.159442901611328,7.75,7.980000019073486,7.679999828338623,7.900000095367432,130200
2015-09-28,5.936907768249512,7.46999979019165,7.739999771118164,7.460000038146973,7.739999771118164,53000
2015-09-29,6.008437156677246,7.559999942779541,7.639999866485596,7.449999809265137,7.5,83100
2015-09-30,6.079966068267822,7.650000095367432,7.699999809265137,7.570000171661377,7.659999847412109,93000
2015-10-01,6.119704723358154,7.699999809265137,7.699999809265137,7.599999904632568,7.650000095367432,82300
2015-10-02,6.246867656707764,7.860000133514404,8.0,7.539999961853027,7.659999847412109,284700
2015-10-05,6.318396091461182,7.949999809265137,8.1899995803833,7.860000133514404,7.940000057220459,59900
2015-10-06,6.246867656707764,7.860000133514404,8.319999694824219,7.820000171661377,7.909999847412109,79100
2015-10-07,6.342238426208496,7.980000019073486,8.109999656677246,7.909999847412109,8.109999656677246,77900
2015-10-08,6.596563816070557,8.300000190734863,8.380000114440918,7.929999828338623,7.929999828338623,91800
2015-10-09,6.914470195770264,8.699999809265137,8.880000114440918,8.239999771118164,8.369999885559082,86600
2015-10-12,6.978052616119385,8.779999732971191,9.0,8.420000076293945,8.779999732971191,131800
2015-10-13,6.9701056480407715,8.770000457763672,8.850000381469727,8.510000228881836,8.699999809265137,95100
2015-10-14,7.001894950866699,8.8100004196167,9.0,8.59000015258789,8.829999923706055,234100
2015-10-15,7.319802761077881,9.210000038146973,9.289999961853027,8.770000457763672,8.90999984741211,170500
2015-10-16,7.057529926300049,8.880000114440918,9.199999809265137,8.520000457763672,9.170000076293945,205700
2015-10-19,6.866787433624268,8.640000343322754,9.0,8.460000038146973,8.869999885559082,102200
2015-10-20,6.723726749420166,8.460000038146973,8.680000305175781,8.460000038146973,8.640000343322754,54000
2015-10-21,6.588616847991943,8.289999961853027,8.529999732971191,8.229999542236328,8.359999656677246,61700
2015-10-22,6.747570514678955,8.489999771118164,8.550000190734863,8.289999961853027,8.380000114440918,107000
2015-10-23,7.073424339294434,8.899999618530273,9.100000381469727,8.539999961853027,8.539999961853027,165100
2015-10-26,7.057529926300049,8.880000114440918,8.960000038146973,8.8100004196167,8.8100004196167,20600
2015-10-27,7.03368616104126,8.850000381469727,8.899999618530273,8.75,8.770000457763672,47200
2015-10-28,7.280065536499023,9.15999984741211,9.199999809265137,8.699999809265137,8.819999694824219,86100
2015-10-29,7.152901649475098,9.0,9.119999885559082,8.8100004196167,9.0600004196167,93200
2015-10-30,7.224429607391357,9.09000015258789,9.25,8.869999885559082,8.9399995803833,139500
2015-11-02,7.264170169830322,9.140000343322754,9.25,8.920000076293945,9.09000015258789,143100
2015-11-03,7.200586795806885,9.0600004196167,9.140000343322754,8.960000038146973,9.010000228881836,132000
2015-11-04,7.542337417602539,9.489999771118164,9.5,9.130000114440918,9.140000343322754,212600
2015-11-05,7.502598285675049,9.4399995803833,9.5,9.279999732971191,9.489999771118164,196400
2015-11-06,7.669498443603516,9.649999618530273,9.75,9.399999618530273,9.399999618530273,442500
2015-11-09,7.725132942199707,9.720000267028809,9.850000381469727,9.25,9.649999618530273,245100
2015-11-10,7.518494129180908,9.460000038146973,9.649999618530273,9.270000457763672,9.649999618530273,129200
2015-11-11,7.550286769866943,9.5,9.770000457763672,9.40999984741211,9.510000228881836,160900
2015-11-12,7.709237098693848,9.699999809265137,9.75,9.279999732971191,9.420000076293945,167000
2015-11-13,7.5264410972595215,9.470000267028809,9.649999618530273,9.329999923706055,9.649999618530273,68700
2015-11-16,7.550286769866943,9.5,9.579999923706055,9.359999656677246,9.420000076293945,193800
2015-11-17,7.717186450958252,9.710000038146973,9.800000190734863,9.359999656677246,9.489999771118164,81600
2015-11-18,7.78871488571167,9.800000190734863,9.800000190734863,9.430000305175781,9.470000267028809,118200
2015-11-19,7.907928466796875,9.949999809265137,9.979999542236328,9.600000381469727,9.729999542236328,59900
2015-11-20,8.082777976989746,10.170000076293945,10.399999618530273,9.8100004196167,9.859999656677246,466600
2015-11-23,7.7728190422058105,9.779999732971191,10.239999771118164,9.619999885559082,10.239999771118164,194500
2015-11-24,7.709237098693848,9.699999809265137,9.710000038146973,9.520000457763672,9.600000381469727,187500
2015-11-25,7.319802761077881,9.210000038146973,9.5600004196167,9.109999656677246,9.399999618530273,123200
2015-11-27,7.280065536499023,9.15999984741211,9.260000228881836,9.050000190734863,9.130000114440918,29200
2015-11-30,7.192641258239746,9.050000190734863,9.1899995803833,9.010000228881836,9.09000015258789,48100
2015-12-01,7.280065536499023,9.15999984741211,9.229999542236328,8.930000305175781,9.039999961853027,83500
2015-12-02,7.208535194396973,9.069999694824219,9.220000267028809,9.029999732971191,9.220000267028809,63700
2015-12-03,7.144952774047852,8.989999771118164,9.15999984741211,8.880000114440918,9.119999885559082,79000
2015-12-04,7.256221771240234,9.130000114440918,9.25,8.90999984741211,9.069999694824219,134700
2015-12-07,7.256221771240234,9.130000114440918,9.359999656677246,9.0600004196167,9.09000015258789,124900
2015-12-08,7.327749252319336,9.220000267028809,9.239999771118164,8.859999656677246,9.029999732971191,138400
2015-12-09,7.041635036468506,8.859999656677246,9.319999694824219,8.850000381469727,9.15999984741211,91700
2015-12-10,6.890628814697266,8.670000076293945,8.859999656677246,8.529999732971191,8.850000381469727,58600
2015-12-11,6.739622592926025,8.479999542236328,8.720000267028809,8.359999656677246,8.539999961853027,73700
2015-12-14,6.803204536437988,8.5600004196167,8.720000267028809,8.399999618530273,8.489999771118164,116100
2015-12-15,6.898574352264404,8.680000305175781,8.829999923706055,8.59000015258789,8.680000305175781,45900
2015-12-16,6.954209804534912,8.75,8.920000076293945,8.649999618530273,8.710000038146973,70800
2015-12-17,6.954209804534912,8.75,8.819999694824219,8.5600004196167,8.819999694824219,81600
2015-12-18,7.160848617553711,9.010000228881836,9.229999542236328,8.75,8.75,324600
2015-12-21,7.311852931976318,9.199999809265137,9.270000457763672,8.9399995803833,8.949999809265137,126800
2015-12-22,7.431070804595947,9.350000381469727,9.420000076293945,9.130000114440918,9.220000267028809,43800
2015-12-23,7.399278163909912,9.3100004196167,9.470000267028809,9.239999771118164,9.449999809265137,64100
2015-12-24,7.248272895812988,9.119999885559082,9.300000190734863,9.100000381469727,9.229999542236328,31300
2015-12-28,7.343644618988037,9.239999771118164,9.25,8.9399995803833,9.069999694824219,73000
2015-12-29,7.303905487060547,9.1899995803833,9.319999694824219,9.109999656677246,9.319999694824219,21600
2015-12-30,7.303905487060547,9.1899995803833,9.270000457763672,9.100000381469727,9.119999885559082,24300
2015-12-31,7.375435829162598,9.279999732971191,9.430000305175781,9.020000457763672,9.020000457763672,75000
2016-01-04,7.367488384246826,9.270000457763672,9.289999961853027,8.829999923706055,9.069999694824219,128800
2016-01-05,7.351592063903809,9.25,9.380000114440918,8.90999984741211,9.260000228881836,89200
2016-01-06,6.946261882781982,8.739999771118164,9.119999885559082,8.720000267028809,9.069999694824219,110300
2016-01-07,6.548879146575928,8.239999771118164,8.789999961853027,8.149999618530273,8.569999694824219,98400
2016-01-08,6.532983303070068,8.220000267028809,8.539999961853027,8.050000190734863,8.539999961853027,146900
2016-01-11,6.294552326202393,7.920000076293945,8.4399995803833,7.800000190734863,8.4399995803833,128100
2016-01-12,6.366082191467285,8.010000228881836,8.34000015258789,7.960000038146973,8.34000015258789,53300
2016-01-13,6.238919258117676,7.849999904632568,8.079999923706055,7.800000190734863,8.079999923706055,109100
2016-01-14,6.342238426208496,7.980000019073486,8.329999923706055,7.739999771118164,7.889999866485596,86200
2016-01-15,6.103809356689453,7.679999828338623,7.840000152587891,7.599999904632568,7.690000057220459,182900
2016-01-19,5.936907768249512,7.46999979019165,7.96999979019165,7.400000095367432,7.840000152587891,134600
2016-01-20,5.809744834899902,7.309999942779541,7.480000019073486,7.099999904632568,7.309999942779541,96900
2016-01-21,5.5633673667907715,7.0,7.360000133514404,6.96999979019165,7.360000133514404,76300
2016-01-22,5.539524078369141,6.96999979019165,7.409999847412109,6.949999809265137,7.199999809265137,81800
2016-01-25,5.44415283203125,6.849999904632568,7.039999961853027,6.800000190734863,6.960000038146973,46300
2016-01-26,5.293147087097168,6.659999847412109,6.880000114440918,6.579999923706055,6.579999923706055,73600
2016-01-27,6.167391300201416,7.760000228881836,7.980000019073486,6.599999904632568,6.659999847412109,167200
2016-01-28,5.825640678405762,7.329999923706055,7.800000190734863,7.090000152587891,7.800000190734863,65800
2016-01-29,5.944856643676758,7.480000019073486,7.559999942779541,7.159999847412109,7.360000133514404,63200
2016-02-01,5.6746344566345215,7.139999866485596,7.46999979019165,6.949999809265137,7.46999979019165,48200
2016-02-02,5.515681743621826,6.940000057220459,7.28000020980835,6.869999885559082,7.079999923706055,88200
2016-02-03,5.5474724769592285,6.980000019073486,7.110000133514404,6.75,6.829999923706055,44300
2016-02-04,5.619002342224121,7.070000171661377,7.170000076293945,6.929999828338623,6.96999979019165,14300
2016-02-05,5.619002342224121,7.070000171661377,7.559999942779541,6.980000019073486,7.550000190734863,13600
2016-02-08,5.5474724769592285,6.980000019073486,7.309999942779541,6.650000095367432,6.980000019073486,32000
2016-02-09,5.420309066772461,6.820000171661377,7.0,6.630000114440918,6.920000076293945,28000
2016-02-10,5.324937343597412,6.699999809265137,6.940000057220459,6.639999866485596,6.849999904632568,51700
2016-02-11,5.245460510253906,6.599999904632568,6.789999961853027,6.5,6.559999942779541,84900
2016-02-12,5.4521002769470215,6.860000133514404,7.510000228881836,6.46999979019165,6.46999979019165,45700
2016-02-16,5.5236287117004395,6.949999809265137,7.110000133514404,6.699999809265137,6.940000057220459,54100
2016-02-17,5.5633673667907715,7.0,7.449999809265137,6.949999809265137,7.019999980926514,57900
2016-02-18,5.619002342224121,7.070000171661377,7.130000114440918,6.789999961853027,6.980000019073486,42400
2016-02-19,5.571314811706543,7.010000228881836,7.119999885559082,6.849999904632568,7.039999961853027,18900
2016-02-22,5.698478698730469,7.170000076293945,7.28000020980835,6.980000019073486,7.139999866485596,55700
2016-02-23,5.626948833465576,7.079999923706055,7.099999904632568,6.96999979019165,7.090000152587891,57300
2016-02-24,5.595157623291016,7.039999961853027,7.070000171661377,6.849999904632568,7.0,43700
2016-02-25,5.579262733459473,7.019999980926514,7.090000152587891,6.920000076293945,7.03000020980835,10200
2016-02-26,5.6587395668029785,7.119999885559082,7.269999980926514,6.960000038146973,6.960000038146973,29500
2016-02-29,5.738215923309326,7.21999979019165,7.400000095367432,7.0,7.150000095367432,34700
2016-03-01,5.698478698730469,7.170000076293945,7.340000152587891,7.139999866485596,7.309999942779541,37100
2016-03-02,5.619002342224121,7.070000171661377,7.289999961853027,7.0,7.210000038146973,28600
2016-03-03,5.754112243652344,7.239999771118164,7.360000133514404,7.03000020980835,7.099999904632568,42400
2016-03-04,5.841536521911621,7.349999904632568,7.46999979019165,7.25,7.28000020980835,9900
2016-03-07,5.928959369659424,7.460000038146973,7.460000038146973,7.119999885559082,7.309999942779541,28500
2016-03-08,5.777954578399658,7.269999980926514,7.320000171661377,7.150000095367432,7.260000228881836,18100
2016-03-09,6.072018623352051,7.639999866485596,7.789999961853027,7.329999923706055,7.329999923706055,254400
2016-03-10,5.801797389984131,7.300000190734863,7.599999904632568,7.289999961853027,7.599999904632568,49500
2016-03-11,6.1912336349487305,7.789999961853027,7.809999942779541,7.320000171661377,7.409999847412109,79400
2016-03-14,6.207128524780273,7.809999942779541,8.149999618530273,7.730000019073486,7.730000019073486,41000
2016-03-15,6.064070701599121,7.630000114440918,7.800000190734863,7.539999961853027,7.75,38000
2016-03-16,5.857430458068848,7.369999885559082,7.75,7.349999904632568,7.639999866485596,56700
2016-03-17,6.437611103057861,8.100000381469727,8.100000381469727,7.360000133514404,7.420000076293945,78000
2016-03-18,5.785902500152588,7.28000020980835,8.239999771118164,7.269999980926514,8.100000381469727,142500
2016-03-21,6.135598659515381,7.71999979019165,7.849999904632568,7.070000171661377,7.400000095367432,82900
2016-03-22,6.199181079864502,7.800000190734863,7.800000190734863,7.269999980926514,7.639999866485596,44700
2016-03-23,5.9766459465026855,7.519999980926514,7.789999961853027,7.449999809265137,7.619999885559082,17000
2016-03-24,6.143547534942627,7.730000019073486,7.730000019073486,7.429999828338623,7.480000019073486,44900
2016-03-28,6.05612325668335,7.619999885559082,7.75,7.300000190734863,7.71999979019165,28200
2016-03-29,6.151495456695557,7.739999771118164,7.769999980926514,7.289999961853027,7.699999809265137,61700
2016-03-30,6.183285713195801,7.78000020980835,7.78000020980835,7.550000190734863,7.769999980926514,26500
2016-03-31,6.374030590057373,8.020000457763672,8.09000015258789,7.599999904632568,7.730000019073486,45400
2016-04-01,6.397873401641846,8.050000190734863,8.100000381469727,7.829999923706055,8.09000015258789,35100
2016-04-04,6.381977558135986,8.029999732971191,8.100000381469727,7.179999828338623,8.100000381469727,80800
2016-04-05,6.405820846557617,8.0600004196167,8.09000015258789,7.809999942779541,7.929999828338623,38400
2016-04-06,6.42966365814209,8.09000015258789,8.100000381469727,8.020000457763672,8.100000381469727,25500
2016-04-07,6.612461090087891,8.319999694824219,8.329999923706055,8.050000190734863,8.100000381469727,117000
2016-04-08,6.668094158172607,8.390000343322754,8.399999618530273,8.210000038146973,8.319999694824219,57500
2016-04-11,6.525035381317139,8.210000038146973,8.479999542236328,8.149999618530273,8.369999885559082,95400
2016-04-12,6.691936016082764,8.420000076293945,8.420000076293945,8.149999618530273,8.199999809265137,127200
2016-04-13,6.699883460998535,8.430000305175781,8.430000305175781,8.3100004196167,8.420000076293945,112200
2016-04-14,6.691936016082764,8.420000076293945,8.430000305175781,8.350000381469727,8.380000114440918,75900
2016-04-15,6.49324369430542,8.170000076293945,8.380000114440918,8.079999923706055,8.350000381469727,72300
2016-04-18,6.42171573638916,8.079999923706055,8.1899995803833,7.860000133514404,8.180000305175781,50800
2016-04-19,6.278657913208008,7.900000095367432,8.119999885559082,7.789999961853027,8.119999885559082,61700
2016-04-20,6.151495456695557,7.739999771118164,7.840000152587891,7.400000095367432,7.820000171661377,92200
2016-04-21,6.119704723358154,7.699999809265137,7.809999942779541,7.53000020980835,7.679999828338623,98300
2016-04-22,5.579262733459473,7.019999980926514,7.699999809265137,6.889999866485596,7.679999828338623,167300
2016-04-25,5.905117034912109,7.429999828338623,7.5,7.019999980926514,7.019999980926514,112200
2016-04-26,5.9766459465026855,7.519999980926514,7.610000133514404,7.349999904632568,7.389999866485596,28700
2016-04-27,5.984593868255615,7.53000020980835,7.570000171661377,7.380000114440918,7.489999771118164,18900
2016-04-28,6.087913513183594,7.659999847412109,7.730000019073486,7.380000114440918,7.449999809265137,26700
2016-04-29,6.207128524780273,7.809999942779541,7.929999828338623,7.449999809265137,7.639999866485596,77800
2016-05-02,6.159442901611328,7.75,7.940000057220459,7.710000038146973,7.880000114440918,19400
2016-05-03,6.032279014587402,7.590000152587891,7.800000190734863,7.449999809265137,7.760000228881836,51600
2016-05-04,6.183285713195801,7.78000020980835,7.940000057220459,7.570000171661377,7.590000152587891,79600
2016-05-05,6.278657913208008,7.900000095367432,7.980000019073486,7.659999847412109,7.909999847412109,129300
2016-05-06,5.9686994552612305,7.510000228881836,8.109999656677246,7.480000019073486,7.900000095367432,147400
2016-05-09,6.27070951461792,7.889999866485596,7.920000076293945,7.269999980926514,7.53000020980835,108300
2016-05-10,6.032279014587402,7.590000152587891,8.029999732971191,7.559999942779541,7.829999923706055,158500
2016-05-11,6.246867656707764,7.860000133514404,7.989999771118164,7.519999980926514,7.610000133514404,104200
2016-05-12,6.151495456695557,7.739999771118164,7.960000038146973,7.699999809265137,7.900000095367432,90100
2016-05-13,6.199181079864502,7.800000190734863,7.980000019073486,7.699999809265137,7.789999961853027,85700
2016-05-16,5.99254035949707,7.539999961853027,7.849999904632568,7.489999771118164,7.809999942779541,65100
2016-05-17,5.81769323348999,7.320000171661377,7.570000171661377,7.230000019073486,7.570000171661377,92200
2016-05-18,5.642845153808594,7.099999904632568,7.400000095367432,7.050000190734863,7.25,137700
2016-05-19,5.642845153808594,7.099999904632568,7.440000057220459,6.610000133514404,7.010000228881836,188500
2016-05-20,5.722321510314941,7.199999809265137,7.28000020980835,6.78000020980835,7.019999980926514,120200
2016-05-23,5.746163368225098,7.230000019073486,7.349999904632568,7.099999904632568,7.210000038146973,42100
2016-05-24,5.833589553833008,7.340000152587891,7.5,7.170000076293945,7.170000076293945,104100
2016-05-25,5.722321510314941,7.199999809265137,7.340000152587891,7.019999980926514,7.309999942779541,84300
2016-05-26,5.762058734893799,7.25,7.349999904632568,7.0,7.079999923706055,45400
2016-05-27,5.66668701171875,7.130000114440918,7.340000152587891,7.070000171661377,7.170000076293945,46500
2016-05-31,5.483891487121582,6.900000095367432,7.170000076293945,6.710000038146973,7.150000095367432,82500
2016-06-01,5.404414176940918,6.800000190734863,6.940000057220459,6.679999828338623,6.889999866485596,117200
2016-06-02,5.1739325523376465,6.510000228881836,6.820000171661377,6.190000057220459,6.820000171661377,352500
2016-06-03,5.197774887084961,6.539999961853027,6.800000190734863,6.429999828338623,6.510000228881836,96300
2016-06-06,5.309041976928711,6.679999828338623,6.789999961853027,6.460000038146973,6.5,143300
2016-06-07,5.43620491027832,6.840000152587891,7.010000228881836,6.610000133514404,6.71999979019165,184700
2016-06-08,5.4759440422058105,6.889999866485596,7.150000095367432,6.599999904632568,6.900000095367432,114800
2016-06-09,5.43620491027832,6.840000152587891,7.03000020980835,6.840000152587891,6.949999809265137,70700
2016-06-10,5.4918389320373535,6.909999847412109,7.099999904632568,6.800000190734863,6.880000114440918,114700
2016-06-13,5.499786376953125,6.920000076293945,7.119999885559082,6.800000190734863,6.949999809265137,164800
2016-06-14,5.420309066772461,6.820000171661377,6.980000019073486,6.659999847412109,6.949999809265137,70600
2016-06-15,5.324937343597412,6.699999809265137,7.130000114440918,6.699999809265137,6.880000114440918,122100
2016-06-16,5.309041976928711,6.679999828338623,6.900000095367432,6.650000095367432,6.849999904632568,107600
2016-06-17,5.372622966766357,6.760000228881836,6.900000095367432,6.539999961853027,6.599999904632568,160800
2016-06-20,5.404414176940918,6.800000190734863,7.010000228881836,6.699999809265137,6.71999979019165,94700
2016-06-21,5.682582855224609,7.150000095367432,7.25,6.710000038146973,6.809999942779541,144100
2016-06-22,5.754112243652344,7.239999771118164,7.349999904632568,7.150000095367432,7.230000019073486,106900
2016-06-23,5.714372634887695,7.190000057220459,7.320000171661377,7.099999904632568,7.210000038146973,154400
2016-06-24,5.5633673667907715,7.0,7.139999866485596,6.880000114440918,6.920000076293945,143100
2016-06-27,5.483891487121582,6.900000095367432,6.96999979019165,6.900000095367432,6.949999809265137,39500
2016-06-28,5.4918389320373535,6.909999847412109,7.03000020980835,6.909999847412109,6.929999828338623,78200
2016-06-29,5.690530300140381,7.159999847412109,7.190000057220459,6.989999771118164,7.039999961853027,24100
2016-06-30,5.650792121887207,7.110000133514404,7.239999771118164,7.090000152587891,7.090000152587891,26800
2016-07-01,5.825640678405762,7.329999923706055,7.389999866485596,7.059999942779541,7.179999828338623,38400
2016-07-05,5.754112243652344,7.239999771118164,7.309999942779541,7.110000133514404,7.190000057220459,99600
2016-07-06,5.738215923309326,7.21999979019165,7.369999885559082,7.119999885559082,7.119999885559082,206500
2016-07-07,5.809744834899902,7.309999942779541,7.329999923706055,7.159999847412109,7.289999961853027,34000
2016-07-08,5.841536521911621,7.349999904632568,7.389999866485596,7.28000020980835,7.28000020980835,81100
2016-07-11,5.921012878417969,7.449999809265137,7.579999923706055,7.25,7.349999904632568,101800
2016-07-12,6.199181079864502,7.800000190734863,7.829999923706055,7.46999979019165,7.46999979019165,101400
2016-07-13,6.111757755279541,7.690000057220459,7.800000190734863,7.119999885559082,7.800000190734863,17300
2016-07-14,5.960750579833984,7.5,7.699999809265137,7.400000095367432,7.699999809265137,55900
2016-07-15,5.8812737464904785,7.400000095367432,7.519999980926514,7.369999885559082,7.5,21200
2016-07-18,5.809744834899902,7.309999942779541,7.409999847412109,7.159999847412109,7.400000095367432,29500
2016-07-19,5.865379810333252,7.380000114440918,7.380000114440918,7.269999980926514,7.340000152587891,32700
2016-07-20,5.921012878417969,7.449999809265137,7.559999942779541,7.369999885559082,7.480000019073486,36700
2016-07-21,6.397873401641846,8.050000190734863,8.100000381469727,7.510000228881836,7.559999942779541,312100
2016-07-22,6.350185871124268,7.989999771118164,8.079999923706055,7.619999885559082,8.0,193300
2016-07-25,6.485297203063965,8.15999984741211,8.1899995803833,7.699999809265137,8.069999694824219,142400
2016-07-26,6.6045122146606445,8.3100004196167,8.430000305175781,7.900000095367432,8.239999771118164,209800
2016-07-27,6.596563816070557,8.300000190734863,8.420000076293945,8.079999923706055,8.380000114440918,69800
2016-07-28,6.596563816070557,8.300000190734863,8.449999809265137,8.260000228881836,8.449999809265137,52900
2016-07-29,6.739622592926025,8.479999542236328,8.600000381469727,8.279999732971191,8.350000381469727,121900
2016-08-01,6.644250392913818,8.359999656677246,8.479999542236328,8.3100004196167,8.479999542236328,52600
2016-08-02,6.6204071044921875,8.329999923706055,8.449999809265137,8.289999961853027,8.390000343322754,129100
2016-08-03,6.699883460998535,8.430000305175781,8.479999542236328,8.350000381469727,8.369999885559082,33700
2016-08-04,6.81115198135376,8.569999694824219,8.680000305175781,8.449999809265137,8.460000038146973,225000
2016-08-05,7.065478801727295,8.890000343322754,9.579999923706055,8.520000457763672,8.569999694824219,1181700
2016-08-08,6.8190999031066895,8.579999923706055,8.9399995803833,8.520000457763672,8.880000114440918,136900
2016-08-09,6.755518436431885,8.5,8.699999809265137,8.460000038146973,8.520000457763672,411500
2016-08-10,6.6760406494140625,8.399999618530273,8.600000381469727,8.399999618530273,8.510000228881836,49300
2016-08-11,6.842942237854004,8.609999656677246,8.760000228881836,8.300000190734863,8.40999984741211,286300
2016-08-12,6.8190999031066895,8.579999923706055,8.75,8.479999542236328,8.65999984741211,135700
2016-08-15,6.81115198135376,8.569999694824219,8.84000015258789,8.510000228881836,8.550000190734863,53100
2016-08-16,6.747570514678955,8.489999771118164,8.609999656677246,8.489999771118164,8.5600004196167,260500
2016-08-17,6.755518436431885,8.5,8.529999732971191,8.289999961853027,8.529999732971191,248200
2016-08-18,6.699883460998535,8.430000305175781,8.479999542236328,8.329999923706055,8.479999542236328,146800
2016-08-19,6.644250392913818,8.359999656677246,8.399999618530273,7.929999828338623,8.15999984741211,245200
2016-08-22,6.596563816070557,8.300000190734863,8.359999656677246,8.210000038146973,8.270000457763672,40200
2016-08-23,6.548879146575928,8.239999771118164,8.369999885559082,8.199999809265137,8.369999885559082,21500
2016-08-24,6.4137678146362305,8.069999694824219,8.34000015258789,7.96999979019165,8.34000015258789,212500
2016-08-25,6.477349281311035,8.149999618530273,8.359999656677246,8.0600004196167,8.119999885559082,15900
2016-08-26,6.374030590057373,8.020000457763672,8.140000343322754,7.829999923706055,8.119999885559082,96400
2016-08-29,6.381977558135986,8.029999732971191,8.15999984741211,7.849999904632568,7.960000038146973,67800
2016-08-30,6.532983303070068,8.220000267028809,8.229999542236328,8.0600004196167,8.170000076293945,67000
2016-08-31,6.556825637817383,8.25,8.260000228881836,8.119999885559082,8.239999771118164,76700
2016-09-01,6.660146236419678,8.380000114440918,8.420000076293945,8.260000228881836,8.260000228881836,92200
2016-09-02,6.834995746612549,8.600000381469727,8.600000381469727,8.319999694824219,8.319999694824219,1544900
2016-09-06,6.747570514678955,8.489999771118164,8.569999694824219,8.420000076293945,8.569999694824219,16300
2016-09-07,6.572721481323242,8.270000457763672,8.5600004196167,8.270000457763672,8.550000190734863,22100
2016-09-08,6.660146236419678,8.380000114440918,8.529999732971191,8.25,8.34000015258789,94900
2016-09-09,6.397873401641846,8.050000190734863,8.359999656677246,8.029999732971191,8.359999656677246,47100
2016-09-12,6.588616847991943,8.289999961853027,8.420000076293945,7.880000114440918,8.050000190734863,1607700
2016-09-13,6.469401836395264,8.140000343322754,8.229999542236328,7.960000038146973,8.210000038146973,61300
2016-09-14,6.374030590057373,8.020000457763672,8.470000267028809,7.960000038146973,8.109999656677246,39300
2016-09-15,6.437611103057861,8.100000381469727,8.300000190734863,7.960000038146973,8.09000015258789,26300
2016-09-16,6.588616847991943,8.289999961853027,8.319999694824219,8.079999923706055,8.149999618530273,88400
2016-09-19,6.437611103057861,8.100000381469727,8.300000190734863,8.010000228881836,8.289999961853027,26000
2016-09-20,6.366082191467285,8.010000228881836,8.199999809265137,7.949999809265137,8.039999961853027,135000
2016-09-21,6.509139537811279,8.1899995803833,8.300000190734863,8.0,8.09000015258789,48400
2016-09-22,6.469401836395264,8.140000343322754,8.260000228881836,8.039999961853027,8.1899995803833,22800
2016-09-23,6.525035381317139,8.210000038146973,8.300000190734863,8.0,8.100000381469727,73500
2016-09-26,6.397873401641846,8.050000190734863,8.15999984741211,8.020000457763672,8.15999984741211,11600
2016-09-27,6.42966365814209,8.09000015258789,8.09000015258789,7.929999828338623,8.020000457763672,22500
2016-09-28,6.477349281311035,8.149999618530273,8.170000076293945,7.940000057220459,8.09000015258789,27500
2016-09-29,6.318396091461182,7.949999809265137,8.199999809265137,7.900000095367432,8.100000381469727,41700
2016-09-30,6.119704723358154,7.699999809265137,8.260000228881836,7.699999809265137,8.010000228881836,219900
2016-10-03,6.540930271148682,8.229999542236328,8.239999771118164,7.75,7.75,120900
2016-10-04,6.532983303070068,8.220000267028809,8.239999771118164,8.0600004196167,8.180000305175781,90500
2016-10-05,6.477349281311035,8.149999618530273,8.319999694824219,8.119999885559082,8.300000190734863,145000
2016-10-06,6.461454391479492,8.130000114440918,8.220000267028809,8.069999694824219,8.119999885559082,15600
2016-10-07,6.254814624786377,7.869999885559082,8.15999984741211,7.869999885559082,8.119999885559082,19000
2016-10-10,6.167391300201416,7.760000228881836,8.029999732971191,7.75,8.0,35800
2016-10-11,6.334292888641357,7.96999979019165,8.149999618530273,7.960000038146973,8.0,86500
2016-10-12,6.525035381317139,8.210000038146973,8.239999771118164,7.949999809265137,8.0,75700
2016-10-13,6.461454391479492,8.130000114440918,8.199999809265137,8.079999923706055,8.09000015258789,43700
2016-10-14,6.374030590057373,8.020000457763672,8.319999694824219,7.960000038146973,8.140000343322754,70600
2016-10-17,6.302500247955322,7.929999828338623,8.069999694824219,7.860000133514404,8.050000190734863,68800
2016-10-18,6.318396091461182,7.949999809265137,8.039999961853027,7.880000114440918,7.940000057220459,61000
2016-10-19,6.4137678146362305,8.069999694824219,8.149999618530273,7.920000076293945,7.940000057220459,107600
2016-10-20,6.366082191467285,8.010000228881836,8.170000076293945,7.980000019073486,8.020000457763672,35900
2016-10-21,6.374030590057373,8.020000457763672,8.149999618530273,7.940000057220459,7.940000057220459,44300
2016-10-24,6.517087459564209,8.199999809265137,8.199999809265137,7.769999980926514,8.010000228881836,71900
2016-10-25,6.389925479888916,8.039999961853027,8.270000457763672,8.039999961853027,8.09000015258789,54700
2016-10-26,6.477349281311035,8.149999618530273,8.1899995803833,7.949999809265137,7.949999809265137,7000
2016-10-27,6.596563816070557,8.300000190734863,8.319999694824219,8.09000015258789,8.100000381469727,87900
2016-10-28,6.397873401641846,8.050000190734863,8.350000381469727,7.909999847412109,8.220000267028809,378500
2016-10-31,6.509139537811279,8.1899995803833,8.239999771118164,7.96999979019165,7.96999979019165,43100
2016-11-01,6.453505039215088,8.119999885559082,8.25,7.710000038146973,8.1899995803833,117500
2016-11-02,6.397873401641846,8.050000190734863,8.09000015258789,7.929999828338623,8.0,43300
2016-11-03,6.461454391479492,8.130000114440918,8.3100004196167,8.010000228881836,8.010000228881836,149500
2016-11-04,6.612461090087891,8.319999694824219,8.449999809265137,8.0600004196167,8.100000381469727,169000
2016-11-07,6.556825637817383,8.25,8.460000038146973,8.100000381469727,8.350000381469727,1307900
2016-11-08,6.501192569732666,8.180000305175781,8.270000457763672,8.119999885559082,8.180000305175781,22500
2016-11-09,6.763466835021973,8.510000228881836,8.569999694824219,8.029999732971191,8.029999732971191,568800
2016-11-10,6.954209804534912,8.75,8.800000190734863,8.449999809265137,8.5,45900
2016-11-11,7.0177903175354,8.829999923706055,8.949999809265137,8.680000305175781,8.75,60200
2016-11-14,6.827046871185303,8.59000015258789,8.880000114440918,8.460000038146973,8.880000114440918,88600
2016-11-15,6.7873077392578125,8.539999961853027,8.65999984741211,8.289999961853027,8.640000343322754,17900
2016-11-16,6.707831859588623,8.4399995803833,8.579999923706055,8.170000076293945,8.529999732971191,26900
2016-11-17,6.8190999031066895,8.579999923706055,8.65999984741211,8.420000076293945,8.420000076293945,16500
2016-11-18,6.7873077392578125,8.539999961853027,8.640000343322754,8.520000457763672,8.59000015258789,8200
2016-11-21,6.858837604522705,8.630000114440918,8.789999961853027,8.430000305175781,8.65999984741211,63700
2016-11-22,6.9383134841918945,8.729999542236328,8.84000015258789,8.300000190734863,8.449999809265137,48300
2016-11-23,7.0495805740356445,8.869999885559082,8.880000114440918,8.600000381469727,8.699999809265137,65000
2016-11-25,7.057529926300049,8.880000114440918,8.890000343322754,8.779999732971191,8.880000114440918,46200
2016-11-28,7.288012504577637,9.170000076293945,9.180000305175781,8.779999732971191,8.880000114440918,283300
2016-11-29,7.478755474090576,9.40999984741211,9.5,9.050000190734863,9.180000305175781,285300
2016-11-30,7.550286769866943,9.5,9.510000228881836,9.319999694824219,9.489999771118164,151400
2016-12-01,7.184690475463867,9.039999961853027,9.489999771118164,8.979999542236328,9.420000076293945,350700
2016-12-02,7.17674446105957,9.029999732971191,9.199999809265137,8.829999923706055,9.100000381469727,137200
2016-12-05,7.105216979980469,8.9399995803833,9.270000457763672,8.84000015258789,9.09000015258789,112000
2016-12-06,7.073424339294434,8.899999618530273,9.039999961853027,8.869999885559082,8.869999885559082,58400
2016-12-07,7.391332149505615,9.300000190734863,9.699999809265137,9.029999732971191,9.699999809265137,12900
2016-12-08,8.066883087158203,10.149999618530273,10.350000381469727,9.020000457763672,9.880000114440918,137000
2016-12-09,7.152901649475098,9.0,10.149999618530273,8.979999542236328,10.149999618530273,105000
2016-12-12,7.0813727378845215,8.90999984741211,9.5,8.850000381469727,9.0,85100
2016-12-13,7.03368616104126,8.850000381469727,9.880000114440918,8.850000381469727,8.880000114440918,58900
2016-12-14,6.898574352264404,8.680000305175781,8.970000267028809,8.40999984741211,8.40999984741211,95800
2016-12-15,6.763466835021973,8.510000228881836,8.829999923706055,8.3100004196167,8.800000190734863,83200
2016-12-16,6.779361248016357,8.529999732971191,8.729999542236328,8.359999656677246,8.470000267028809,186400
2016-12-19,6.6204071044921875,8.329999923706055,8.59000015258789,8.25,8.539999961853027,144500
2016-12-20,6.763466835021973,8.510000228881836,8.890000343322754,8.279999732971191,8.390000343322754,158100
2016-12-21,6.7952561378479,8.550000190734863,8.819999694824219,8.140000343322754,8.5600004196167,82300
2016-12-22,6.540930271148682,8.229999542236328,8.949999809265137,8.140000343322754,8.470000267028809,143100
2016-12-23,6.612461090087891,8.319999694824219,8.869999885559082,8.130000114440918,8.300000190734863,36700
2016-12-27,6.723726749420166,8.460000038146973,8.729999542236328,8.260000228881836,8.350000381469727,61100
2016-12-28,6.636303424835205,8.350000381469727,8.609999656677246,8.279999732971191,8.460000038146973,106300
2016-12-29,6.580668926239014,8.279999732971191,8.489999771118164,8.260000228881836,8.380000114440918,88800
2016-12-30,6.580668926239014,8.279999732971191,8.579999923706055,8.279999732971191,8.350000381469727,39200
2017-01-03,6.993948459625244,8.800000190734863,8.899999618530273,8.4399995803833,8.449999809265137,56500
2017-01-04,6.906524181365967,8.6899995803833,9.079999923706055,8.489999771118164,8.819999694824219,127200
2017-01-05,6.771412372589111,8.520000457763672,8.800000190734863,8.319999694824219,8.65999984741211,153500
2017-01-06,6.874731063842773,8.649999618530273,8.970000267028809,8.579999923706055,8.579999923706055,142300
2017-01-09,6.9383134841918945,8.729999542236328,8.899999618530273,8.569999694824219,8.670000076293945,109500
2017-01-10,6.874731063842773,8.649999618530273,8.880000114440918,8.600000381469727,8.699999809265137,23200
2017-01-11,6.644250392913818,8.359999656677246,8.789999961853027,8.319999694824219,8.470000267028809,75500
2017-01-12,6.6760406494140625,8.399999618530273,8.489999771118164,8.260000228881836,8.399999618530273,86400
2017-01-13,6.691936016082764,8.420000076293945,8.699999809265137,8.34000015258789,8.369999885559082,99600
2017-01-17,6.946261882781982,8.739999771118164,8.960000038146973,8.380000114440918,8.420000076293945,91500
2017-01-18,6.978052616119385,8.779999732971191,8.850000381469727,8.5,8.739999771118164,68600
2017-01-19,7.113162517547607,8.949999809265137,9.039999961853027,8.800000190734863,8.850000381469727,110400
2017-01-20,6.914470195770264,8.699999809265137,9.079999923706055,8.680000305175781,8.890000343322754,85300
2017-01-23,6.636303424835205,8.350000381469727,8.619999885559082,8.3100004196167,8.600000381469727,85500
2017-01-24,6.580668926239014,8.279999732971191,8.40999984741211,8.279999732971191,8.399999618530273,177500
2017-01-25,6.628354072570801,8.34000015258789,8.579999923706055,8.260000228881836,8.319999694824219,157800
2017-01-26,6.739622592926025,8.479999542236328,8.699999809265137,8.329999923706055,8.699999809265137,21300
2017-01-27,6.73167610168457,8.470000267028809,8.550000190734863,8.40999984741211,8.40999984741211,5300
2017-01-30,6.612461090087891,8.319999694824219,8.510000228881836,8.300000190734863,8.430000305175781,18600
2017-01-31,6.779361248016357,8.529999732971191,8.680000305175781,8.289999961853027,8.350000381469727,42200
2017-02-01,6.866787433624268,8.640000343322754,8.850000381469727,8.460000038146973,8.489999771118164,56000
2017-02-02,6.842942237854004,8.609999656677246,8.800000190734863,8.460000038146973,8.680000305175781,85200
2017-02-03,6.834995746612549,8.600000381469727,8.979999542236328,8.569999694824219,8.720000267028809,100600
2017-02-06,6.73167610168457,8.470000267028809,8.579999923706055,8.420000076293945,8.529999732971191,16300
2017-02-07,6.7873077392578125,8.539999961853027,8.800000190734863,8.3100004196167,8.399999618530273,80800
2017-02-08,6.898574352264404,8.680000305175781,8.930000305175781,8.4399995803833,8.5600004196167,192200
2017-02-09,6.906524181365967,8.6899995803833,8.979999542236328,8.65999984741211,8.75,102200
2017-02-10,7.0972676277160645,8.930000305175781,9.0,8.649999618530273,8.760000228881836,46400
2017-02-13,7.256221771240234,9.130000114440918,9.220000267028809,8.75,9.0,128100
2017-02-14,7.1370062828063965,8.979999542236328,9.199999809265137,8.710000038146973,9.050000190734863,28500
2017-02-15,7.144952774047852,8.989999771118164,9.100000381469727,8.880000114440918,8.970000267028809,66500
2017-02-16,7.152901649475098,9.0,9.079999923706055,8.899999618530273,8.920000076293945,39500
2017-02-17,7.343644618988037,9.239999771118164,9.279999732971191,8.880000114440918,8.880000114440918,25800
2017-02-21,7.29595947265625,9.180000305175781,9.199999809265137,9.079999923706055,9.079999923706055,13300
2017-02-22,7.486704349517822,9.420000076293945,9.420000076293945,9.050000190734863,9.050000190734863,45200
2017-02-23,7.574126243591309,9.529999732971191,9.569999694824219,9.300000190734863,9.350000381469727,57300
2017-02-24,7.63770866394043,9.609999656677246,9.609999656677246,9.3100004196167,9.390000343322754,66800
2017-02-27,7.391332149505615,9.300000190734863,9.550000190734863,9.140000343322754,9.550000190734863,36500
2017-02-28,7.264170169830322,9.140000343322754,9.3100004196167,9.039999961853027,9.229999542236328,27000
2017-03-01,7.113162517547607,8.949999809265137,9.569999694824219,8.859999656677246,9.15999984741211,51600
2017-03-02,6.262763023376465,7.880000114440918,8.529999732971191,7.78000020980835,8.529999732971191,356100
2017-03-03,6.596563816070557,8.300000190734863,8.300000190734863,6.789999961853027,7.480000019073486,393300
2017-03-06,6.42171573638916,8.079999923706055,8.300000190734863,7.949999809265137,8.300000190734863,35400
2017-03-07,6.739622592926025,8.479999542236328,8.5600004196167,8.199999809265137,8.300000190734863,129000
2017-03-08,6.763466835021973,8.510000228881836,8.779999732971191,8.279999732971191,8.479999542236328,302200
2017-03-09,7.407227039337158,9.319999694824219,9.369999885559082,8.569999694824219,8.609999656677246,226000
2017-03-10,7.200586795806885,9.0600004196167,9.430000305175781,8.399999618530273,9.270000457763672,209800
2017-03-13,7.335697650909424,9.229999542236328,9.460000038146973,9.100000381469727,9.100000381469727,83300
2017-03-14,7.248272895812988,9.119999885559082,9.319999694824219,9.010000228881836,9.300000190734863,72600
2017-03-15,7.272118091583252,9.149999618530273,9.279999732971191,9.020000457763672,9.09000015258789,28800
2017-03-16,7.1290602684021,8.970000267028809,9.119999885559082,8.65999984741211,9.109999656677246,67800
2017-03-17,7.168797969818115,9.020000457763672,9.0600004196167,8.739999771118164,8.960000038146973,174400
2017-03-20,7.0972676277160645,8.930000305175781,9.010000228881836,8.699999809265137,8.970000267028809,192700
2017-03-21,7.1211113929748535,8.960000038146973,8.979999542236328,8.520000457763672,8.859999656677246,144700
2017-03-22,7.0495805740356445,8.869999885559082,8.880000114440918,8.569999694824219,8.829999923706055,162000
2017-03-23,7.200586795806885,9.0600004196167,9.09000015258789,8.630000114440918,8.8100004196167,111900
2017-03-24,7.1290602684021,8.970000267028809,9.020000457763672,8.800000190734863,8.970000267028809,111700
2017-03-27,7.025738716125488,8.84000015258789,8.90999984741211,8.800000190734863,8.800000190734863,39600
2017-03-28,7.184690475463867,9.039999961853027,9.149999618530273,8.8100004196167,9.0,245100
2017-03-29,6.922417640686035,8.710000038146973,9.069999694824219,8.699999809265137,8.970000267028809,41800
2017-03-30,6.898574352264404,8.680000305175781,9.050000190734863,8.449999809265137,8.649999618530273,38400
2017-03-31,6.858837604522705,8.630000114440918,8.699999809265137,8.520000457763672,8.649999618530273,45500
2017-04-03,6.779361248016357,8.529999732971191,8.600000381469727,8.479999542236328,8.5600004196167,13800
2017-04-04,6.7873077392578125,8.539999961853027,8.579999923706055,8.470000267028809,8.520000457763672,24900
2017-04-05,6.8190999031066895,8.579999923706055,8.699999809265137,8.579999923706055,8.630000114440918,29300
2017-04-06,7.0813727378845215,8.90999984741211,9.069999694824219,8.640000343322754,8.699999809265137,147500
2017-04-07,7.057529926300049,8.880000114440918,9.0,8.609999656677246,8.859999656677246,39600
2017-04-10,6.9701056480407715,8.770000457763672,8.949999809265137,8.65999984741211,8.880000114440918,57000
2017-04-11,7.009842395782471,8.819999694824219,8.979999542236328,8.670000076293945,8.739999771118164,31200
2017-04-12,6.779361248016357,8.529999732971191,9.010000228881836,8.529999732971191,8.819999694824219,194400
2017-04-13,7.152901649475098,9.0,9.0,8.539999961853027,8.539999961853027,43600
2017-04-17,7.065478801727295,8.890000343322754,9.020000457763672,8.729999542236328,9.020000457763672,31400
2017-04-18,6.922417640686035,8.710000038146973,8.84000015258789,8.630000114440918,8.84000015258789,19000
2017-04-19,6.906524181365967,8.6899995803833,8.800000190734863,8.640000343322754,8.800000190734863,14600
2017-04-20,6.890628814697266,8.670000076293945,8.859999656677246,8.640000343322754,8.789999961853027,20000
2017-04-21,6.842942237854004,8.609999656677246,8.75,8.5600004196167,8.75,14100
2017-04-24,6.9383134841918945,8.729999542236328,8.800000190734863,8.550000190734863,8.800000190734863,34100
2017-04-25,6.906524181365967,8.6899995803833,8.880000114440918,8.670000076293945,8.800000190734863,45100
2017-04-26,6.827046871185303,8.59000015258789,8.779999732971191,8.59000015258789,8.779999732971191,15500
2017-04-27,6.874731063842773,8.649999618530273,8.75,8.640000343322754,8.680000305175781,11600
2017-04-28,6.723726749420166,8.460000038146973,8.65999984741211,8.40999984741211,8.609999656677246,19400
2017-05-01,6.683988094329834,8.40999984741211,8.5,8.34000015258789,8.5,2100
2017-05-02,6.111757755279541,7.690000057220459,8.359999656677246,7.309999942779541,8.359999656677246,140700
2017-05-03,6.238919258117676,7.849999904632568,7.929999828338623,7.630000114440918,7.659999847412109,67500
2017-05-04,6.42966365814209,8.09000015258789,8.239999771118164,7.53000020980835,7.630000114440918,93600
2017-05-05,6.437611103057861,8.100000381469727,8.229999542236328,8.010000228881836,8.180000305175781,10800
2017-05-08,6.294552326202393,7.920000076293945,8.15999984741211,7.849999904632568,8.15999984741211,34200
2017-05-09,6.4137678146362305,8.069999694824219,8.09000015258789,7.800000190734863,7.889999866485596,25100
2017-05-10,6.525035381317139,8.210000038146973,8.300000190734863,7.809999942779541,7.949999809265137,93300
2017-05-11,6.477349281311035,8.149999618530273,8.149999618530273,7.929999828338623,8.149999618530273,4700
2017-05-12,6.318396091461182,7.949999809265137,8.050000190734863,7.760000228881836,8.050000190734863,10300
2017-05-15,6.350185871124268,7.989999771118164,7.989999771118164,7.789999961853027,7.989999771118164,27100
2017-05-16,6.660146236419678,8.380000114440918,8.380000114440918,7.96999979019165,8.069999694824219,68500
2017-05-17,6.747570514678955,8.489999771118164,8.5,8.0600004196167,8.319999694824219,63900
2017-05-18,6.962157249450684,8.760000228881836,8.760000228881836,8.350000381469727,8.5600004196167,47400
2017-05-19,7.0495805740356445,8.869999885559082,8.989999771118164,8.710000038146973,8.770000457763672,53600
2017-05-22,6.6760406494140625,8.399999618530273,9.0,8.399999618530273,8.869999885559082,39600
2017-05-23,7.1370062828063965,8.979999542236328,9.010000228881836,8.609999656677246,9.0,70000
2017-05-24,7.105216979980469,8.9399995803833,9.0,8.569999694824219,9.0,47600
2017-05-25,7.0972676277160645,8.930000305175781,8.989999771118164,8.819999694824219,8.899999618530273,43800
2017-05-26,7.168797969818115,9.020000457763672,9.149999618530273,8.720000267028809,8.800000190734863,60200
2017-05-30,7.264170169830322,9.140000343322754,9.239999771118164,8.819999694824219,8.960000038146973,66500
2017-05-31,7.29595947265625,9.180000305175781,9.260000228881836,9.0,9.069999694824219,105800
2017-06-01,7.303905487060547,9.1899995803833,9.239999771118164,9.010000228881836,9.180000305175781,95700
2017-06-02,7.288012504577637,9.170000076293945,9.199999809265137,9.050000190734863,9.149999618530273,15000
2017-06-05,7.240326404571533,9.109999656677246,9.180000305175781,8.989999771118164,9.15999984741211,74900
2017-06-06,7.105216979980469,8.9399995803833,9.039999961853027,8.779999732971191,9.039999961853027,13900
2017-06-07,7.057529926300049,8.880000114440918,9.010000228881836,8.720000267028809,8.789999961853027,21700
2017-06-08,7.057529926300049,8.880000114440918,8.960000038146973,8.829999923706055,8.859999656677246,21200
2017-06-09,7.113162517547607,8.949999809265137,9.0,8.8100004196167,8.850000381469727,45400
2017-06-12,7.009842395782471,8.819999694824219,9.130000114440918,8.819999694824219,8.850000381469727,96000
2017-06-13,7.1290602684021,8.970000267028809,8.970000267028809,8.789999961853027,8.890000343322754,7600
2017-06-14,7.0972676277160645,8.930000305175781,9.029999732971191,8.800000190734863,9.0,41200
2017-06-15,7.1290602684021,8.970000267028809,8.970000267028809,8.800000190734863,8.890000343322754,25000
2017-06-16,7.1370062828063965,8.979999542236328,8.979999542236328,8.779999732971191,8.779999732971191,22700
2017-06-19,7.113162517547607,8.949999809265137,9.0,8.779999732971191,8.899999618530273,65700
2017-06-20,7.009842395782471,8.819999694824219,8.970000267028809,8.760000228881836,8.949999809265137,11100
2017-06-21,7.113162517547607,8.949999809265137,8.949999809265137,8.6899995803833,8.880000114440918,32900
2017-06-22,7.113162517547607,8.949999809265137,8.949999809265137,8.729999542236328,8.729999542236328,6600
2017-06-23,7.113162517547607,8.949999809265137,9.069999694824219,8.760000228881836,8.920000076293945,69100
2017-06-26,7.113162517547607,8.949999809265137,8.989999771118164,8.729999542236328,8.729999542236328,21400
2017-06-27,7.089319229125977,8.920000076293945,8.960000038146973,8.770000457763672,8.890000343322754,7900
2017-06-28,6.9860005378723145,8.789999961853027,8.930000305175781,8.770000457763672,8.770000457763672,5300
2017-06-29,6.946261882781982,8.739999771118164,8.930000305175781,8.65999984741211,8.869999885559082,10900
2017-06-30,6.803204536437988,8.5600004196167,8.720000267028809,8.34000015258789,8.720000267028809,21000
2017-07-03,7.025738716125488,8.84000015258789,8.920000076293945,8.399999618530273,8.710000038146973,33500
2017-07-05,7.001894950866699,8.8100004196167,8.8100004196167,8.65999984741211,8.779999732971191,14200
2017-07-06,6.914470195770264,8.699999809265137,8.729999542236328,8.460000038146973,8.460000038146973,6400
2017-07-07,6.882680416107178,8.65999984741211,8.8100004196167,8.65999984741211,8.699999809265137,11700
2017-07-10,6.7873077392578125,8.539999961853027,8.6899995803833,8.529999732971191,8.640000343322754,4600
2017-07-11,6.827046871185303,8.59000015258789,8.6899995803833,8.460000038146973,8.5,84400
2017-07-12,6.747570514678955,8.489999771118164,8.600000381469727,8.350000381469727,8.600000381469727,111100
2017-07-13,7.009842395782471,8.819999694824219,8.850000381469727,8.40999984741211,8.510000228881836,149200
2017-07-14,7.073424339294434,8.899999618530273,8.899999618530273,8.579999923706055,8.6899995803833,52800
2017-07-17,7.073424339294434,8.899999618530273,8.960000038146973,8.699999809265137,8.699999809265137,109500
2017-07-18,6.993948459625244,8.800000190734863,8.949999809265137,8.779999732971191,8.819999694824219,43600
2017-07-19,7.073424339294434,8.899999618530273,8.960000038146973,8.729999542236328,8.850000381469727,71700
2017-07-20,7.065478801727295,8.890000343322754,8.960000038146973,8.859999656677246,8.9399995803833,28600
2017-07-21,7.152901649475098,9.0,9.350000381469727,8.75,8.800000190734863,217500
2017-07-24,7.168797969818115,9.020000457763672,9.09000015258789,8.770000457763672,9.050000190734863,64800
2017-07-25,7.152901649475098,9.0,9.1899995803833,8.850000381469727,9.140000343322754,80000
2017-07-26,7.0813727378845215,8.90999984741211,9.0600004196167,8.819999694824219,9.050000190734863,20400
2017-07-27,6.930367469787598,8.720000267028809,8.979999542236328,8.5600004196167,8.979999542236328,34800
2017-07-28,7.009842395782471,8.819999694824219,8.850000381469727,8.630000114440918,8.640000343322754,36300
2017-07-31,7.0177903175354,8.829999923706055,8.90999984741211,8.760000228881836,8.890000343322754,53300
2017-08-01,6.962157249450684,8.760000228881836,8.90999984741211,8.710000038146973,8.90999984741211,110200
2017-08-02,6.874731063842773,8.649999618530273,8.800000190734863,8.640000343322754,8.800000190734863,40700
2017-08-03,7.025738716125488,8.84000015258789,8.949999809265137,8.630000114440918,8.670000076293945,130900
2017-08-04,6.993948459625244,8.800000190734863,8.899999618530273,8.699999809265137,8.850000381469727,129400
2017-08-07,7.065478801727295,8.890000343322754,8.949999809265137,8.649999618530273,8.850000381469727,18200
2017-08-08,7.113162517547607,8.949999809265137,8.949999809265137,8.800000190734863,8.800000190734863,126100
2017-08-09,7.03368616104126,8.850000381469727,8.90999984741211,8.670000076293945,8.819999694824219,69200
2017-08-10,6.9701056480407715,8.770000457763672,8.84000015258789,8.550000190734863,8.779999732971191,53400
2017-08-11,6.660146236419678,8.380000114440918,8.84000015258789,8.210000038146973,8.84000015258789,103400
2017-08-14,6.715778827667236,8.449999809265137,8.569999694824219,8.369999885559082,8.5,69200
2017-08-15,6.660146236419678,8.380000114440918,8.5600004196167,8.270000457763672,8.420000076293945,28100
2017-08-16,6.755518436431885,8.5,8.770000457763672,8.350000381469727,8.350000381469727,44700
2017-08-17,6.652197360992432,8.369999885559082,8.550000190734863,8.34000015258789,8.369999885559082,93100
2017-08-18,6.771412372589111,8.520000457763672,8.609999656677246,8.329999923706055,8.329999923706055,65800
2017-08-21,7.009842395782471,8.819999694824219,8.9399995803833,8.5,8.5600004196167,84500
2017-08-22,6.898574352264404,8.680000305175781,9.0,8.59000015258789,9.0,39500
2017-08-23,6.962157249450684,8.760000228881836,8.789999961853027,8.5600004196167,8.630000114440918,26000
2017-08-24,6.906524181365967,8.6899995803833,8.880000114440918,8.630000114440918,8.699999809265137,34300
2017-08-25,6.834995746612549,8.600000381469727,8.789999961853027,8.600000381469727,8.65999984741211,12900
2017-08-28,6.922417640686035,8.710000038146973,8.800000190734863,8.640000343322754,8.720000267028809,32700
2017-08-29,6.954209804534912,8.75,8.75,8.609999656677246,8.729999542236328,53800
2017-08-30,6.978052616119385,8.779999732971191,8.800000190734863,8.75,8.789999961853027,18700
2017-08-31,7.073424339294434,8.899999618530273,8.9399995803833,8.779999732971191,8.779999732971191,131000
2017-09-01,7.184690475463867,9.039999961853027,9.220000267028809,8.9399995803833,8.960000038146973,59600
2017-09-05,7.343644618988037,9.239999771118164,9.289999961853027,8.829999923706055,9.0,136500
2017-09-06,7.383383274078369,9.289999961853027,9.5,9.1899995803833,9.289999961853027,64500
2017-09-07,7.335697650909424,9.229999542236328,9.329999923706055,9.199999809265137,9.329999923706055,37200
2017-09-08,7.391332149505615,9.300000190734863,9.380000114440918,9.119999885559082,9.319999694824219,48900
2017-09-11,7.590023994445801,9.550000190734863,9.579999923706055,9.220000267028809,9.380000114440918,112300
2017-09-12,7.884088039398193,9.920000076293945,9.920000076293945,9.5,9.579999923706055,309300
2017-09-13,8.249677658081055,10.380000114440918,10.489999771118164,9.949999809265137,9.970000267028809,118800
2017-09-14,8.225835800170898,10.350000381469727,10.5,10.149999618530273,10.489999771118164,65600
2017-09-15,8.337102890014648,10.489999771118164,10.539999961853027,10.1899995803833,10.359999656677246,62600
2017-09-18,9.600784301757812,12.079999923706055,12.25,10.199999809265137,10.489999771118164,525800
2017-09-19,10.308126449584961,12.970000267028809,13.0,11.859999656677246,12.329999923706055,137000
2017-09-20,10.713454246520996,13.479999542236328,13.699999809265137,12.970000267028809,12.970000267028809,280100
2017-09-21,10.443235397338867,13.140000343322754,13.470000267028809,12.550000190734863,13.210000038146973,134700
2017-09-22,10.308126449584961,12.970000267028809,13.220000267028809,12.729999542236328,13.220000267028809,84000
2017-09-25,9.465673446655273,11.90999984741211,13.079999923706055,11.6899995803833,13.079999923706055,200600
2017-09-26,9.775630950927734,12.300000190734863,12.550000190734863,11.899999618530273,11.899999618530273,30100
2017-09-27,8.583480834960938,10.800000190734863,12.470000267028809,10.600000381469727,12.09000015258789,416000
2017-09-28,9.624625205993652,12.109999656677246,12.460000038146973,10.800000190734863,11.079999923706055,277900
2017-09-29,9.990218162536621,12.569999694824219,12.720000267028809,12.15999984741211,12.720000267028809,231100
2017-10-02,9.958428382873535,12.529999732971191,12.920000076293945,12.180000305175781,12.5,138300
2017-10-03,10.006114959716797,12.59000015258789,12.989999771118164,12.170000076293945,12.40999984741211,89200
2017-10-04,10.570398330688477,13.300000190734863,13.5,12.5,12.600000381469727,231500
2017-10-05,11.508224487304688,14.479999542236328,14.829999923706055,13.0,13.399999618530273,430000
2017-10-06,11.929449081420898,15.010000228881836,15.649999618530273,14.140000343322754,14.25,468000
2017-10-09,11.79433822631836,14.84000015258789,15.25,14.579999923706055,14.880000114440918,135800
2017-10-10,12.167882919311523,15.3100004196167,15.390000343322754,14.630000114440918,14.989999771118164,126600
2017-10-11,12.533473014831543,15.770000457763672,15.949999809265137,15.239999771118164,15.25,189700
2017-10-12,12.477838516235352,15.699999809265137,15.949999809265137,15.359999656677246,15.949999809265137,178000
2017-10-13,12.358626365661621,15.550000190734863,15.789999961853027,15.25,15.529999732971191,108400
2017-10-16,12.565264701843262,15.8100004196167,15.970000267028809,15.470000267028809,15.5,154600
2017-10-17,12.493735313415527,15.720000267028809,15.949999809265137,15.550000190734863,15.949999809265137,67300
2017-10-18,12.668585777282715,15.9399995803833,15.949999809265137,15.289999961853027,15.75,151400
2017-10-19,12.183775901794434,15.329999923706055,15.859999656677246,14.430000305175781,15.850000381469727,160300
2017-10-20,12.59705638885498,15.850000381469727,15.949999809265137,15.199999809265137,15.329999923706055,355000
2017-10-23,12.318885803222656,15.5,15.880000114440918,15.359999656677246,15.869999885559082,283500
2017-10-24,12.334782600402832,15.520000457763672,15.710000038146973,15.359999656677246,15.699999809265137,106000
2017-10-25,12.104297637939453,15.229999542236328,15.779999732971191,14.949999809265137,15.649999618530273,197900
2017-10-26,12.024820327758789,15.130000114440918,15.489999771118164,14.550000190734863,15.0,71500
2017-10-27,12.08045482635498,15.199999809265137,15.350000381469727,14.960000038146973,15.229999542236328,70200
2017-10-30,11.762547492980957,14.800000190734863,15.25,14.5600004196167,14.90999984741211,80200
2017-10-31,11.826130867004395,14.880000114440918,15.079999923706055,14.5,14.9399995803833,55900
2017-11-01,12.128141403198242,15.260000228881836,15.75,14.819999694824219,14.989999771118164,121400
2017-11-02,11.889713287353516,14.960000038146973,15.399999618530273,14.960000038146973,15.359999656677246,30700
2017-11-03,12.064558029174805,15.180000305175781,15.199999809265137,14.75,14.989999771118164,93200
2017-11-06,12.565264701843262,15.8100004196167,15.890000343322754,15.0,15.039999961853027,164100
2017-11-07,14.115059852600098,17.760000228881836,18.43000030517578,15.170000076293945,15.199999809265137,918500
2017-11-08,14.011737823486328,17.6299991607666,18.15999984741211,17.260000228881836,17.829999923706055,243200
2017-11-09,13.972001075744629,17.579999923706055,18.200000762939453,17.3700008392334,17.5,359800
2017-11-10,14.107110977172852,17.75,17.969999313354492,17.459999084472656,17.719999313354492,92000
2017-11-13,14.0355806350708,17.65999984741211,17.93000030517578,17.510000228881836,17.75,73800
2017-11-14,13.948156356811523,17.549999237060547,17.739999771118164,17.329999923706055,17.709999084472656,78400
2017-11-15,14.623705863952637,18.399999618530273,18.950000762939453,17.290000915527344,17.600000381469727,534000
2017-11-16,15.513847351074219,19.520000457763672,19.8799991607666,18.549999237060547,18.65999984741211,560200
2017-11-17,16.51525115966797,20.780000686645508,21.600000381469727,18.75,19.729999542236328,746000
2017-11-20,16.491411209106445,20.75,21.549999237060547,19.700000762939453,21.5,619400
2017-11-21,18.359111785888672,23.100000381469727,23.25,20.1200008392334,21.450000762939453,531700
2017-11-22,18.08889389038086,22.760000228881836,23.940000534057617,21.579999923706055,23.610000610351562,915200
2017-11-24,18.192211151123047,22.889999389648438,23.100000381469727,21.920000076293945,22.309999465942383,520800
2017-11-27,17.302074432373047,21.770000457763672,22.920000076293945,20.90999984741211,22.75,458400
2017-11-28,17.46102523803711,21.969999313354492,22.739999771118164,21.6299991607666,21.770000457763672,340800
2017-11-29,17.35770606994629,21.84000015258789,22.18000030517578,20.399999618530273,20.399999618530273,265900
2017-11-30,17.11927604675293,21.540000915527344,22.139999389648438,21.399999618530273,22.0,114200
2017-12-01,17.381549835205078,21.8700008392334,22.149999618530273,21.479999542236328,21.489999771118164,201300
2017-12-04,17.41333770751953,21.90999984741211,22.649999618530273,21.739999771118164,21.950000762939453,163800
2017-12-05,17.159021377563477,21.59000015258789,22.280000686645508,21.299999237060547,22.0,173100
2017-12-06,17.389497756958008,21.8799991607666,22.09000015258789,21.260000228881836,21.420000076293945,271500
2017-12-07,17.822629928588867,22.219999313354492,22.420000076293945,21.600000381469727,21.600000381469727,250500
2017-12-08,19.707563400268555,24.56999969482422,24.610000610351562,22.399999618530273,22.43000030517578,1333200
2017-12-11,19.643396377563477,24.489999771118164,24.979999542236328,23.510000228881836,24.719999313354492,673400
2017-12-12,18.311908721923828,22.829999923706055,24.43000030517578,22.649999618530273,24.43000030517578,277500
2017-12-13,18.520458221435547,23.09000015258789,23.90999984741211,22.959999084472656,22.959999084472656,115500
2017-12-14,18.03117561340332,22.479999542236328,22.950000762939453,22.290000915527344,22.950000762939453,544300
2017-12-15,17.646167755126953,22.0,22.399999618530273,21.510000228881836,22.399999618530273,841500
2017-12-18,17.630128860473633,21.979999542236328,22.1200008392334,21.8700008392334,22.0,229000
2017-12-19,17.66221046447754,22.020000457763672,22.479999542236328,20.200000762939453,20.899999618530273,278800
2017-12-20,17.40554428100586,21.700000762939453,22.360000610351562,21.610000610351562,22.040000915527344,58500
2017-12-21,17.0526180267334,21.260000228881836,21.809999465942383,21.059999465942383,21.790000915527344,242500
2017-12-22,16.940324783325195,21.1200008392334,21.59000015258789,20.84000015258789,21.229999542236328,145000
2017-12-26,16.972408294677734,21.15999984741211,21.459999084472656,21.0,21.020000457763672,64100
2017-12-27,17.116785049438477,21.34000015258789,21.81999969482422,21.25,21.260000228881836,123800
2017-12-28,17.26116180419922,21.520000457763672,21.889999389648438,21.020000457763672,21.290000915527344,201600
2017-12-29,17.341373443603516,21.6200008392334,21.959999084472656,21.360000610351562,21.59000015258789,223100
2018-01-02,17.838672637939453,22.239999771118164,22.84000015258789,21.549999237060547,21.719999313354492,125400
2018-01-03,18.49639129638672,23.059999465942383,23.479999542236328,22.25,22.25,224700
2018-01-04,18.480350494384766,23.040000915527344,23.329999923706055,22.510000228881836,23.100000381469727,123400
2018-01-05,18.88140106201172,23.540000915527344,23.610000610351562,23.0,23.06999969482422,183300
2018-01-08,18.961610794067383,23.639999389648438,23.719999313354492,23.3700008392334,23.600000381469727,78800
2018-01-09,18.729001998901367,23.350000381469727,24.3700008392334,23.290000915527344,23.6200008392334,310200
2018-01-10,18.584627151489258,23.170000076293945,23.670000076293945,22.829999923706055,23.5,182400
2018-01-11,19.089948654174805,23.799999237060547,24.549999237060547,23.25,23.399999618530273,194000
2018-01-12,19.450891494750977,24.25,24.56999969482422,23.65999984741211,23.809999465942383,170100
2018-01-16,21.063108444213867,26.260000228881836,26.450000762939453,24.3700008392334,24.549999237060547,687200
2018-01-17,21.151338577270508,26.3700008392334,26.729999542236328,25.3799991607666,26.350000381469727,341200
2018-01-18,23.140544891357422,28.850000381469727,29.420000076293945,26.459999084472656,26.459999084472656,364200
2018-01-19,23.08439826965332,28.780000686645508,29.170000076293945,27.790000915527344,28.5,400800
2018-01-22,24.39181900024414,30.40999984741211,30.479999542236328,28.5,28.530000686645508,339500
2018-01-23,24.488075256347656,30.530000686645508,31.850000381469727,29.719999313354492,30.0,460900
2018-01-24,24.31161117553711,30.309999465942383,30.899999618530273,30.010000228881836,30.5,452500
2018-01-25,23.517532348632812,29.31999969482422,30.40999984741211,28.600000381469727,30.25,302700
2018-01-26,23.48544692993164,29.280000686645508,29.780000686645508,28.68000030517578,29.729999542236328,225700
2018-01-29,23.29294776916504,29.040000915527344,29.6200008392334,28.81999969482422,29.329999923706055,288200
2018-01-30,22.803668975830078,28.43000030517578,28.889999389648438,27.84000015258789,28.81999969482422,174600
2018-01-31,23.49346923828125,29.290000915527344,29.420000076293945,28.510000228881836,28.989999771118164,128000
2018-02-01,23.878477096557617,29.770000457763672,30.1299991607666,29.0,29.149999618530273,204800
2018-02-02,23.11648178100586,28.81999969482422,29.829999923706055,28.75,29.690000534057617,177300
2018-02-05,21.73687171936035,27.100000381469727,28.989999771118164,26.59000015258789,28.59000015258789,374000
2018-02-06,21.159358978271484,26.3799991607666,27.0,24.420000076293945,25.799999237060547,582500
2018-02-07,21.608535766601562,26.940000534057617,27.479999542236328,25.59000015258789,26.270000457763672,192300
2018-02-08,21.26363754272461,26.510000228881836,27.270000457763672,25.84000015258789,27.040000915527344,323400
2018-02-09,20.63800048828125,25.729999542236328,26.530000686645508,24.760000228881836,26.530000686645508,498700
2018-02-12,22.38656997680664,27.90999984741211,28.479999542236328,25.850000381469727,25.850000381469727,266100
2018-02-13,22.498865127563477,28.049999237060547,28.8700008392334,27.1299991607666,27.510000228881836,401100
2018-02-14,23.533571243286133,29.34000015258789,29.700000762939453,27.100000381469727,27.959999084472656,370300
2018-02-15,24.62442970275879,30.700000762939453,31.530000686645508,29.270000457763672,29.700000762939453,415200
2018-02-16,24.21535873413086,30.190000534057617,30.790000915527344,29.719999313354492,30.700000762939453,273400
2018-02-20,25.386423110961914,31.649999618530273,31.780000686645508,29.8700008392334,29.8700008392334,346900
2018-02-21,25.755386352539062,32.11000061035156,32.849998474121094,31.510000228881836,31.850000381469727,334700
2018-02-22,24.030874252319336,29.959999084472656,32.33000183105469,29.700000762939453,32.33000183105469,273200
2018-02-23,25.137775421142578,31.34000015258789,31.350000381469727,30.0,30.100000381469727,310200
2018-02-26,26.87832260131836,33.5099983215332,33.599998474121094,30.860000610351562,31.68000030517578,1130600
2018-02-27,26.381023406982422,32.88999938964844,33.599998474121094,32.599998474121094,33.5,418900
2018-02-28,26.79010009765625,33.400001525878906,33.70000076293945,33.029998779296875,33.029998779296875,176300
2018-03-01,25.153810501098633,31.360000610351562,33.529998779296875,30.229999542236328,33.529998779296875,542400
2018-03-02,25.226001739501953,31.450000762939453,31.6299991607666,30.010000228881836,30.8700008392334,402700
2018-03-05,24.840993881225586,30.969999313354492,31.399999618530273,30.790000915527344,31.399999618530273,219600
2018-03-06,26.573528289794922,33.130001068115234,33.38999938964844,31.270000457763672,31.270000457763672,384400
2018-03-07,25.84362030029297,32.220001220703125,32.939998626708984,31.649999618530273,32.68000030517578,169800
2018-03-08,25.851638793945312,32.22999954223633,32.720001220703125,31.959999084472656,32.279998779296875,254300
2018-03-09,26.91040802001953,33.54999923706055,33.7599983215332,32.189998626708984,32.4900016784668,428500
2018-03-12,25.996015548706055,32.40999984741211,33.810001373291016,31.600000381469727,33.779998779296875,390300
2018-03-13,21.825103759765625,27.209999084472656,30.229999542236328,25.18000030517578,30.0,2028400
2018-03-14,22.707408905029297,28.309999465942383,29.610000610351562,26.950000762939453,27.110000610351562,954800
2018-03-15,21.776973724365234,27.149999618530273,28.530000686645508,27.030000686645508,28.350000381469727,308300
2018-03-16,21.255611419677734,26.5,27.260000228881836,26.100000381469727,27.1200008392334,370000
2018-03-19,22.065732955932617,27.510000228881836,27.729999542236328,26.190000534057617,26.239999771118164,288000
2018-03-20,23.429298400878906,29.209999084472656,29.3700008392334,27.299999237060547,27.6200008392334,238100
2018-03-21,23.228775024414062,28.959999084472656,29.639999389648438,28.799999237060547,29.0,271800
2018-03-22,22.6272029876709,28.209999084472656,29.34000015258789,27.719999313354492,28.540000915527344,301300
2018-03-23,21.608535766601562,26.940000534057617,27.90999984741211,26.850000381469727,27.90999984741211,474400
2018-03-26,22.145938873291016,27.610000610351562,27.729999542236328,26.799999237060547,27.309999465942383,312200
2018-03-27,22.081775665283203,27.530000686645508,28.700000762939453,27.420000076293945,27.719999313354492,304800
2018-03-28,22.259525299072266,27.549999237060547,27.979999542236328,26.940000534057617,27.270000457763672,363500
2018-03-29,21.831302642822266,27.020000457763672,27.649999618530273,26.889999389648438,27.579999923706055,485000
2018-04-02,21.144535064697266,26.170000076293945,27.8799991607666,26.0,26.940000534057617,200000
2018-04-03,21.16069221496582,26.190000534057617,26.59000015258789,25.8799991607666,26.34000015258789,165600
2018-04-04,21.16069221496582,26.190000534057617,26.34000015258789,25.170000076293945,25.440000534057617,152500
2018-04-05,21.38692283630371,26.469999313354492,27.06999969482422,26.270000457763672,26.399999618530273,334700
2018-04-06,20.82134437561035,25.770000457763672,26.950000762939453,25.31999969482422,26.350000381469727,211200
2018-04-09,20.587034225463867,25.479999542236328,26.31999969482422,25.389999389648438,25.959999084472656,81200
2018-04-10,20.89406394958496,25.860000610351562,26.68000030517578,25.690000534057617,25.920000076293945,562800
2018-04-11,22.08985137939453,27.34000015258789,27.600000381469727,25.639999389648438,25.829999923706055,293600
2018-04-12,21.491954803466797,26.600000381469727,27.360000610351562,26.299999237060547,27.360000610351562,216900
2018-04-13,21.37076187133789,26.450000762939453,26.809999465942383,25.920000076293945,26.68000030517578,229100
2018-04-16,21.71010971069336,26.8700008392334,26.979999542236328,26.030000686645508,26.489999771118164,135900
2018-04-17,22.09793472290039,27.350000381469727,27.610000610351562,26.670000076293945,26.899999618530273,121900
2018-04-18,22.219127655029297,27.5,27.790000915527344,27.31999969482422,27.3700008392334,60500
2018-04-19,22.146411895751953,27.40999984741211,27.510000228881836,26.969999313354492,27.5,39700
2018-04-20,21.766666412353516,26.940000534057617,27.440000534057617,25.059999465942383,27.440000534057617,71600
2018-04-23,21.847463607788086,27.040000915527344,27.450000762939453,26.010000228881836,26.93000030517578,95900
2018-04-24,21.928258895874023,27.139999389648438,27.549999237060547,25.229999542236328,27.200000762939453,136100
2018-04-25,21.70203399658203,26.860000610351562,27.190000534057617,26.399999618530273,27.170000076293945,99400
2018-04-26,21.847463607788086,27.040000915527344,27.270000457763672,26.670000076293945,26.959999084472656,78200
2018-04-27,22.227205276489258,27.510000228881836,27.690000534057617,27.09000015258789,27.110000610351562,124500
2018-04-30,22.17873191833496,27.450000762939453,27.790000915527344,27.1200008392334,27.6299991607666,80700
2018-05-01,22.291845321655273,27.59000015258789,27.790000915527344,27.229999542236328,27.43000030517578,93400
2018-05-02,22.453441619873047,27.790000915527344,27.950000762939453,27.040000915527344,27.6299991607666,93900
2018-05-03,21.839385986328125,27.030000686645508,27.65999984741211,26.90999984741211,27.65999984741211,295600
2018-05-04,21.960580825805664,27.18000030517578,27.3700008392334,26.670000076293945,27.010000228881836,148200
2018-05-07,21.66971206665039,26.81999969482422,27.360000610351562,26.559999465942383,27.25,331400
2018-05-08,21.05565643310547,26.059999465942383,26.770000457763672,25.65999984741211,26.770000457763672,505500
2018-05-09,20.47391700744629,25.34000015258789,26.260000228881836,25.149999618530273,26.190000534057617,363100
2018-05-10,21.015254974365234,26.010000228881836,26.020000457763672,25.0,25.350000381469727,189400
2018-05-11,20.934459686279297,25.90999984741211,25.989999771118164,25.450000762939453,25.920000076293945,114600
2018-05-14,21.176849365234375,26.209999084472656,26.34000015258789,25.81999969482422,25.90999984741211,75200
2018-05-15,22.615036010742188,27.989999771118164,28.729999542236328,26.100000381469727,26.100000381469727,257700
2018-05-16,24.222888946533203,29.979999542236328,30.700000762939453,27.190000534057617,27.770000457763672,304800
2018-05-17,24.214811325073242,29.969999313354492,30.799999237060547,29.780000686645508,30.100000381469727,89800
2018-05-18,22.550399780273438,27.90999984741211,29.75,26.440000534057617,29.700000762939453,307900
2018-05-21,23.326045989990234,28.8700008392334,30.15999984741211,27.020000457763672,27.700000762939453,193100
2018-05-22,22.978620529174805,28.440000534057617,28.450000762939453,25.700000762939453,27.799999237060547,453000
2018-05-23,23.56843376159668,29.170000076293945,29.559999465942383,27.75,27.75,260200
2018-05-24,23.85930633544922,29.530000686645508,29.729999542236328,28.3799991607666,28.989999771118164,225900
2018-05-25,23.76235008239746,29.40999984741211,29.75,28.989999771118164,29.75,130500
2018-05-29,23.148292541503906,28.649999618530273,29.350000381469727,28.43000030517578,29.100000381469727,98400
2018-05-30,23.24524688720703,28.770000457763672,29.280000686645508,28.450000762939453,28.489999771118164,153600
2018-05-31,23.406843185424805,28.969999313354492,29.43000030517578,28.56999969482422,28.770000457763672,733300
2018-06-01,24.384843826293945,29.920000076293945,30.469999313354492,28.709999084472656,28.709999084472656,226000
2018-06-04,24.450042724609375,30.0,30.239999771118164,28.93000030517578,30.0,161900
2018-06-05,24.939044952392578,30.600000381469727,31.079999923706055,29.450000762939453,30.299999237060547,357800
2018-06-06,25.354698181152344,31.110000610351562,31.65999984741211,30.350000381469727,30.59000015258789,165300
2018-06-07,24.84124183654785,30.479999542236328,31.5,30.149999618530273,31.31999969482422,132800
2018-06-08,29.144458770751953,35.7599983215332,36.040000915527344,29.65999984741211,30.469999313354492,581000
2018-06-11,27.547048568725586,33.79999923706055,35.5,33.619998931884766,35.0,580400
2018-06-12,27.921951293945312,34.2599983215332,34.439998626708984,33.189998626708984,33.959999084472656,226000
2018-06-13,27.049896240234375,33.189998626708984,34.970001220703125,32.91999816894531,34.459999084472656,240800
2018-06-14,30.016502380371094,36.83000183105469,38.25,32.61000061035156,33.06999969482422,477900
2018-06-15,28.51689910888672,34.9900016784668,37.2599983215332,34.529998779296875,36.61000061035156,395500
2018-06-18,29.617149353027344,36.34000015258789,36.40999984741211,34.43000030517578,34.77000045776367,193400
2018-06-19,28.22349739074707,34.630001068115234,36.2400016784668,34.560001373291016,35.540000915527344,140800
2018-06-20,28.215351104736328,34.619998931884766,35.099998474121094,34.02000045776367,34.65999984741211,118400
2018-06-21,27.302549362182617,33.5,34.5,33.060001373291016,34.5,213600
2018-06-22,28.71250343322754,35.22999954223633,35.290000915527344,33.25,33.5,121800
2018-06-25,27.498149871826172,33.7400016784668,34.779998779296875,33.38999938964844,34.7599983215332,172800
2018-06-26,26.642396926879883,32.689998626708984,33.75,32.0,33.75,164400
2018-06-27,22.07839012145996,27.09000015258789,32.27000045776367,26.84000015258789,32.189998626708984,850100
2018-06-28,22.901540756225586,28.100000381469727,28.729999542236328,27.200000762939453,27.200000762939453,478600
2018-06-29,23.2275447845459,28.5,29.1299991607666,28.0,28.0,328900
2018-07-02,22.754846572875977,27.920000076293945,28.709999084472656,27.739999771118164,28.239999771118164,147400
2018-07-03,22.249540328979492,27.299999237060547,28.719999313354492,27.280000686645508,28.329999923706055,101900
2018-07-05,21.972440719604492,26.959999084472656,27.719999313354492,26.350000381469727,27.469999313354492,259900
2018-07-06,23.635046005249023,29.0,29.360000610351562,26.8700008392334,27.06999969482422,518300
2018-07-09,24.914596557617188,30.56999969482422,30.790000915527344,29.260000228881836,29.260000228881836,175600
2018-07-10,24.93089485168457,30.59000015258789,31.06999969482422,30.110000610351562,30.6299991607666,242200
2018-07-11,25.265045166015625,31.0,31.059999465942383,29.31999969482422,29.31999969482422,288700
2018-07-12,24.979799270629883,30.649999618530273,31.84000015258789,30.18000030517578,31.139999389648438,306700
2018-07-13,25.232444763183594,30.959999084472656,31.1200008392334,30.280000686645508,30.6299991607666,168300
2018-07-16,25.191694259643555,30.90999984741211,31.3700008392334,30.31999969482422,31.09000015258789,137400
2018-07-17,25.476945877075195,31.260000228881836,31.549999237060547,30.510000228881836,30.81999969482422,165500
2018-07-18,25.533994674682617,31.329999923706055,31.68000030517578,30.959999084472656,31.100000381469727,139800
2018-07-19,25.175395965576172,30.889999389648438,31.280000686645508,30.510000228881836,31.1299991607666,155300
2018-07-20,25.036848068237305,30.719999313354492,31.549999237060547,30.399999618530273,30.889999389648438,187400
2018-07-23,25.265045166015625,31.0,31.399999618530273,30.3799991607666,30.68000030517578,186400
2018-07-24,25.558446884155273,31.360000610351562,32.22999954223633,31.1299991607666,31.270000457763672,176400
2018-07-25,25.696998596191406,31.530000686645508,32.290000915527344,31.25,31.3700008392334,157900
2018-07-26,25.36284637451172,31.1200008392334,32.27000045776367,30.989999771118164,31.469999313354492,132500
2018-07-27,25.036848068237305,30.719999313354492,31.68000030517578,30.610000610351562,31.079999923706055,268100
2018-07-30,22.9178409576416,28.1200008392334,30.850000381469727,28.100000381469727,30.639999389648438,236500
2018-07-31,22.09469223022461,27.110000610351562,28.610000610351562,26.940000534057617,28.459999084472656,245800
2018-08-01,22.820043563842773,28.0,28.40999984741211,26.920000076293945,27.100000381469727,188100
2018-08-02,22.347341537475586,27.420000076293945,28.059999465942383,26.90999984741211,27.719999313354492,214900
2018-08-03,22.820043563842773,28.0,28.100000381469727,27.1299991607666,27.719999313354492,156400
2018-08-06,22.542938232421875,27.65999984741211,27.979999542236328,27.100000381469727,27.899999618530273,111400
2018-08-07,22.412540435791016,27.5,28.309999465942383,27.34000015258789,27.6299991607666,159200
2018-08-08,23.097143173217773,28.34000015258789,28.940000534057617,27.850000381469727,28.0,305800
2018-08-09,23.154191970825195,28.40999984741211,29.31999969482422,28.350000381469727,28.350000381469727,111400
2018-08-10,23.292743682861328,28.579999923706055,28.889999389648438,28.25,28.360000610351562,154500
2018-08-13,23.569843292236328,28.920000076293945,29.15999984741211,28.559999465942383,28.559999465942383,191400
2018-08-14,22.005043029785156,27.0,29.25,26.969999313354492,28.889999389648438,408900
2018-08-15,21.361188888549805,26.209999084472656,26.950000762939453,25.149999618530273,26.950000762939453,210400
2018-08-16,20.749935150146484,25.459999084472656,27.149999618530273,25.309999465942383,26.3700008392334,175900
2018-08-17,20.586938858032227,25.260000228881836,26.59000015258789,25.1299991607666,25.350000381469727,203000
2018-08-20,20.815135955810547,25.540000915527344,26.389999389648438,25.010000228881836,25.200000762939453,174900
2018-08-21,21.19003677368164,26.0,26.809999465942383,22.790000915527344,25.0,273500
2018-08-22,20.692888259887695,25.389999389648438,26.809999465942383,25.389999389648438,26.0,166100
2018-08-23,20.252784729003906,24.850000381469727,25.8799991607666,24.600000381469727,25.40999984741211,146700
2018-08-24,21.312292098999023,26.149999618530273,26.209999084472656,24.850000381469727,24.850000381469727,158700
2018-08-27,19.07103157043457,23.399999618530273,28.6299991607666,21.899999618530273,26.270000457763672,3073300
2018-08-28,18.908035278320312,23.200000762939453,24.40999984741211,22.1200008392334,23.68000030517578,2094700
2018-08-29,19.665987014770508,24.1299991607666,24.389999389648438,23.18000030517578,23.18000030517578,1101300
2018-08-30,19.07103157043457,23.399999618530273,24.709999084472656,23.1200008392334,23.969999313354492,579200
2018-08-31,18.973236083984375,23.280000686645508,23.709999084472656,22.440000534057617,23.209999084472656,1379500
2018-09-04,19.772367477416992,24.0,24.329999923706055,22.860000610351562,22.860000610351562,271300
2018-09-05,20.176054000854492,24.489999771118164,24.799999237060547,23.770000457763672,24.0,297500
2018-09-06,20.489112854003906,24.8700008392334,25.290000915527344,24.110000610351562,24.530000686645508,243700
2018-09-07,20.49735450744629,24.8799991607666,25.219999313354492,24.770000457763672,24.770000457763672,198700
2018-09-10,20.98342514038086,25.469999313354492,25.989999771118164,24.8799991607666,24.940000534057617,166200
2018-09-11,21.74960708618164,26.399999618530273,26.56999969482422,25.25,25.450000762939453,174900
2018-09-12,22.573455810546875,27.399999618530273,27.43000030517578,25.940000534057617,26.420000076293945,267400
2018-09-13,22.91123390197754,27.809999465942383,28.100000381469727,27.459999084472656,27.5,203200
2018-09-14,20.81865692138672,25.270000457763672,28.0,25.0,27.75,306300
2018-09-17,21.230579376220703,25.770000457763672,26.270000457763672,25.09000015258789,25.209999084472656,286500
2018-09-18,21.889659881591797,26.56999969482422,26.8700008392334,25.6200008392334,25.90999984741211,176900
2018-09-19,22.309818267822266,27.079999923706055,27.389999389648438,26.350000381469727,26.690000534057617,169500
2018-09-20,22.977136611938477,27.889999389648438,28.100000381469727,26.860000610351562,27.15999984741211,369000
2018-09-21,23.39730453491211,28.399999618530273,28.469999313354492,27.56999969482422,27.989999771118164,1797400
2018-09-24,22.680553436279297,27.530000686645508,28.010000228881836,27.1299991607666,27.969999313354492,209500
2018-09-25,23.05128288269043,27.979999542236328,28.219999313354492,27.43000030517578,27.579999923706055,117800
2018-09-26,23.092477798461914,28.030000686645508,28.479999542236328,27.84000015258789,28.0,107800
2018-09-27,23.759796142578125,28.84000015258789,29.399999618530273,28.229999542236328,28.5,1899600
2018-09-28,22.260393142700195,27.020000457763672,28.739999771118164,26.90999984741211,28.739999771118164,131500
2018-10-01,23.54559326171875,28.579999923706055,28.600000381469727,27.260000228881836,27.40999984741211,153800
2018-10-02,22.243915557861328,27.0,28.549999237060547,26.950000762939453,28.399999618530273,1819900
2018-10-03,22.31805992126465,27.09000015258789,27.459999084472656,26.8799991607666,27.079999923706055,54300
2018-10-04,22.44987678527832,27.25,27.479999542236328,26.540000915527344,27.010000228881836,170600
2018-10-05,22.47458839416504,27.280000686645508,27.5,26.760000228881836,27.5,78600
2018-10-08,22.392210006713867,27.18000030517578,27.290000915527344,26.709999084472656,27.260000228881836,260400
2018-10-09,22.161529541015625,26.899999618530273,27.469999313354492,26.780000686645508,27.049999237060547,127500
2018-10-10,22.03795051574707,26.75,27.100000381469727,26.260000228881836,26.899999618530273,275300
2018-10-11,22.169767379760742,26.90999984741211,27.149999618530273,26.459999084472656,26.5,177000
2018-10-12,23.076000213623047,28.010000228881836,28.100000381469727,26.899999618530273,27.459999084472656,125900
2018-10-15,22.210956573486328,26.959999084472656,28.200000762939453,26.860000610351562,27.899999618530273,123500
2018-10-16,22.952425003051758,27.860000610351562,27.989999771118164,26.829999923706055,26.950000762939453,95800
2018-10-17,22.499305725097656,27.309999465942383,27.889999389648438,27.209999084472656,27.889999389648438,66700
2018-10-18,22.367490768432617,27.149999618530273,27.25,26.799999237060547,27.229999542236328,92900
2018-10-19,22.20272445678711,26.950000762939453,27.899999618530273,26.899999618530273,27.540000915527344,194000
2018-10-22,23.150146484375,28.100000381469727,28.200000762939453,27.3799991607666,27.399999618530273,169200
2018-10-23,22.762939453125,27.6299991607666,27.700000762939453,26.8799991607666,27.649999618530273,183500
2018-10-24,22.103858947753906,26.829999923706055,27.649999618530273,26.68000030517578,27.649999618530273,148600
2018-10-25,22.878276824951172,27.770000457763672,28.0,27.040000915527344,27.100000381469727,148200
2018-10-26,23.00185775756836,27.920000076293945,28.200000762939453,27.389999389648438,27.40999984741211,185100
2018-10-29,22.062667846679688,26.780000686645508,28.15999984741211,26.450000762939453,28.15999984741211,328400
2018-10-30,21.33768081665039,25.899999618530273,26.8700008392334,24.920000076293945,26.8700008392334,442500
2018-10-31,22.062667846679688,26.780000686645508,28.15999984741211,25.75,26.200000762939453,670200
2018-11-01,22.3262996673584,27.100000381469727,27.15999984741211,25.940000534057617,25.940000534057617,307400
2018-11-02,22.655838012695312,27.5,27.600000381469727,27.280000686645508,27.280000686645508,222400
2018-11-05,22.35101318359375,27.1299991607666,27.729999542236328,27.079999923706055,27.600000381469727,83800
2018-11-06,22.54050064086914,27.360000610351562,27.5,26.979999542236328,27.18000030517578,125900
2018-11-07,23.578548431396484,28.6200008392334,28.65999984741211,27.479999542236328,27.5,332600
2018-11-08,24.097572326660156,29.25,29.700000762939453,28.270000457763672,28.469999313354492,252000
2018-11-09,23.043048858642578,27.969999313354492,28.959999084472656,27.639999389648438,28.959999084472656,81300
2018-11-12,22.227436065673828,26.979999542236328,27.940000534057617,26.459999084472656,27.940000534057617,238700
2018-11-13,22.458112716674805,27.260000228881836,27.540000915527344,26.959999084472656,27.209999084472656,113700
2018-11-14,20.093666076660156,24.389999389648438,27.3799991607666,24.360000610351562,27.3799991607666,419500
2018-11-15,20.00304412841797,24.280000686645508,24.709999084472656,23.8700008392334,24.59000015258789,434300
2018-11-16,19.302776336669922,23.43000030517578,24.739999771118164,23.270000457763672,24.25,483700
2018-11-19,19.02266502380371,23.09000015258789,23.65999984741211,22.920000076293945,23.559999465942383,765400
2018-11-20,19.772367477416992,24.0,24.5,21.899999618530273,22.979999542236328,989400
2018-11-21,21.56011962890625,26.170000076293945,28.0,23.989999771118164,24.0,697100
2018-11-23,21.378870010375977,25.950000762939453,27.81999969482422,25.6200008392334,25.6200008392334,165500
2018-11-26,20.620933532714844,25.030000686645508,26.270000457763672,24.700000762939453,26.270000457763672,131300
2018-11-27,20.70331573486328,25.1299991607666,25.579999923706055,24.75,24.889999389648438,132900
2018-11-28,21.321199417114258,25.8799991607666,25.8799991607666,25.3700008392334,25.3700008392334,93600
2018-11-29,19.97833251953125,24.25,25.989999771118164,24.200000762939453,25.8799991607666,153600
2018-11-30,20.151336669921875,24.459999084472656,25.059999465942383,24.25,24.25,218800
2018-12-03,20.59621810913086,25.0,25.40999984741211,24.5,24.940000534057617,182800
2018-12-04,19.23145866394043,23.110000610351562,25.6299991607666,23.030000686645508,24.600000381469727,258000
2018-12-06,19.564327239990234,23.510000228881836,23.829999923706055,22.350000381469727,22.729999542236328,427100
2018-12-07,18.9818058013916,22.809999465942383,23.700000762939453,22.719999313354492,23.40999984741211,119700
2018-12-10,19.364604949951172,23.270000457763672,23.3700008392334,22.350000381469727,22.68000030517578,100700
2018-12-11,19.065025329589844,22.90999984741211,23.459999084472656,22.6200008392334,23.440000534057617,113700
2018-12-12,19.33963966369629,23.239999771118164,23.65999984741211,22.75,23.25,130200
2018-12-13,18.832012176513672,22.6299991607666,23.639999389648438,22.530000686645508,23.350000381469727,169800
2018-12-14,18.30774688720703,22.0,23.450000762939453,21.90999984741211,22.5,309900
2018-12-17,17.691944122314453,21.260000228881836,23.06999969482422,21.100000381469727,22.0,353400
2018-12-18,18.67390251159668,22.440000534057617,22.780000686645508,21.309999465942383,21.309999465942383,752200
2018-12-19,18.28278350830078,21.969999313354492,23.360000610351562,21.479999542236328,22.3799991607666,197300
2018-12-20,18.440895080566406,22.15999984741211,22.59000015258789,21.100000381469727,21.75,706500
2018-12-21,17.999845504760742,21.6299991607666,22.459999084472656,21.40999984741211,22.25,195400
2018-12-24,18.291105270385742,21.979999542236328,22.760000228881836,21.649999618530273,21.649999618530273,158100
2018-12-26,17.949913024902344,21.56999969482422,22.25,21.280000686645508,22.1299991607666,152400
2018-12-27,18.30774688720703,22.0,22.43000030517578,21.31999969482422,21.31999969482422,153000
2018-12-28,18.881946563720703,22.690000534057617,23.260000228881836,21.899999618530273,22.059999465942383,236900
2018-12-31,18.26613998413086,21.950000762939453,22.8700008392334,21.729999542236328,22.790000915527344,249100
2019-01-02,18.865304946899414,22.670000076293945,22.729999542236328,21.5,21.68000030517578,119500
2019-01-03,18.341035842895508,22.040000915527344,22.65999984741211,21.799999237060547,22.459999084472656,149900
2019-01-04,18.948518753051758,22.770000457763672,23.290000915527344,22.010000228881836,22.5,72600
2019-01-07,19.389568328857422,23.299999237060547,23.3700008392334,22.520000457763672,22.84000015258789,82100
2019-01-08,18.87362289428711,22.68000030517578,23.5,22.510000228881836,23.5,134400
2019-01-09,19.33131980895996,23.229999542236328,23.770000457763672,22.5,22.959999084472656,192600
2019-01-10,19.23978042602539,23.1200008392334,23.579999923706055,22.850000381469727,23.200000762939453,82600
2019-01-11,19.13991928100586,23.0,23.479999542236328,22.950000762939453,23.100000381469727,65600
2019-01-14,18.723831176757812,22.5,23.299999237060547,22.270000457763672,22.809999465942383,98000
2019-01-15,19.481111526489258,23.40999984741211,24.229999542236328,22.610000610351562,22.65999984741211,164900
2019-01-16,19.098312377929688,22.950000762939453,23.780000686645508,22.700000762939453,23.420000076293945,206900
2019-01-17,16.72662353515625,20.100000381469727,22.84000015258789,19.389999389648438,22.790000915527344,3050300
2019-01-18,19.14824104309082,23.010000228881836,23.31999969482422,20.190000534057617,20.190000534057617,1545500
2019-01-22,18.748798370361328,22.530000686645508,22.739999771118164,20.850000381469727,22.450000762939453,590700
2019-01-23,19.88054847717285,23.889999389648438,24.18000030517578,22.239999771118164,22.59000015258789,212800
2019-01-24,19.40621566772461,23.31999969482422,24.1299991607666,23.200000762939453,24.030000686645508,310500
2019-01-25,20.013696670532227,24.049999237060547,24.84000015258789,23.489999771118164,23.559999465942383,240600
2019-01-28,20.51300048828125,24.649999618530273,24.950000762939453,24.010000228881836,24.030000686645508,136300
2019-01-29,19.98040771484375,24.010000228881836,24.739999771118164,23.899999618530273,24.530000686645508,114300
2019-01-30,20.72936248779297,24.90999984741211,25.06999969482422,24.030000686645508,24.34000015258789,206200
2019-01-31,21.478317260742188,25.809999465942383,25.860000610351562,24.0,24.850000381469727,260900
2019-02-01,21.619789123535156,25.979999542236328,26.520000457763672,25.639999389648438,25.719999313354492,149500
2019-02-04,21.544889450073242,25.889999389648438,26.149999618530273,25.5,26.079999923706055,73400
2019-02-05,21.63642692565918,26.0,26.229999542236328,25.739999771118164,25.959999084472656,83900
2019-02-06,22.09412384033203,26.549999237060547,26.739999771118164,25.18000030517578,26.010000228881836,107000
2019-02-07,21.203699111938477,25.479999542236328,26.329999923706055,25.100000381469727,26.110000610351562,895600
2019-02-08,21.411745071411133,25.729999542236328,25.989999771118164,25.5,25.5,94000
2019-02-11,21.395103454589844,25.709999084472656,26.0,25.559999465942383,25.979999542236328,155400
2019-02-12,21.53656578063965,25.8799991607666,25.90999984741211,25.530000686645508,25.84000015258789,64600
2019-02-13,21.228670120239258,25.510000228881836,26.229999542236328,25.5,26.0,84000
2019-02-14,21.944332122802734,26.3700008392334,26.459999084472656,25.40999984741211,25.5,250100
2019-02-15,21.469995498657227,25.799999237060547,26.43000030517578,25.549999237060547,26.43000030517578,173700
2019-02-19,21.353490829467773,25.65999984741211,26.09000015258789,25.5,25.65999984741211,100100
2019-02-20,21.66139793395996,26.030000686645508,26.219999313354492,25.600000381469727,25.670000076293945,109900
2019-02-21,21.38677978515625,25.700000762939453,26.600000381469727,25.530000686645508,26.100000381469727,153100
2019-02-22,21.544889450073242,25.889999389648438,26.040000915527344,25.510000228881836,25.90999984741211,97700
2019-02-25,21.528249740600586,25.8700008392334,26.6200008392334,25.709999084472656,26.079999923706055,183000
2019-02-26,21.236989974975586,25.520000457763672,25.770000457763672,25.299999237060547,25.729999542236328,313800
2019-02-27,20.954050064086914,25.18000030517578,25.700000762939453,24.739999771118164,25.5,402200
2019-02-28,20.97069549560547,25.200000762939453,25.25,23.959999084472656,25.110000610351562,385000
2019-03-01,20.879154205322266,25.09000015258789,25.399999618530273,24.40999984741211,25.3700008392334,442400
2019-03-04,20.205095291137695,24.280000686645508,25.299999237060547,23.93000030517578,25.09000015258789,190900
2019-03-05,20.221738815307617,24.299999237060547,24.5,24.110000610351562,24.329999923706055,119000
2019-03-06,19.789011001586914,23.780000686645508,24.450000762939453,23.719999313354492,24.25,116700
2019-03-07,19.24809455871582,23.1299991607666,23.739999771118164,22.510000228881836,23.739999771118164,255300
2019-03-08,19.389568328857422,23.299999237060547,23.31999969482422,22.6299991607666,22.780000686645508,187100
2019-03-11,19.556005477905273,23.5,24.440000534057617,23.270000457763672,23.639999389648438,201000
2019-03-12,20.895801544189453,25.110000610351562,26.979999542236328,24.25,26.3700008392334,381600
2019-03-13,20.962373733520508,25.190000534057617,25.850000381469727,24.920000076293945,24.940000534057617,312400
2019-03-14,21.012300491333008,25.25,25.600000381469727,24.920000076293945,25.020000457763672,267600
2019-03-15,21.544889450073242,25.889999389648438,26.079999923706055,25.229999542236328,25.5,318300
2019-03-18,21.619789123535156,25.979999542236328,26.479999542236328,25.739999771118164,25.979999542236328,175400
2019-03-19,21.578176498413086,25.93000030517578,26.209999084472656,25.850000381469727,26.1200008392334,185200
2019-03-20,21.435335159301758,25.510000228881836,25.950000762939453,25.420000076293945,25.610000610351562,238600
2019-03-21,21.8050479888916,25.950000762939453,26.040000915527344,25.229999542236328,25.360000610351562,205900
2019-03-22,21.763038635253906,25.899999618530273,26.149999618530273,25.530000686645508,25.6299991607666,124000
2019-03-25,21.779844284057617,25.920000076293945,26.059999465942383,25.649999618530273,25.90999984741211,215900
2019-03-26,21.721023559570312,25.850000381469727,26.110000610351562,25.75,26.110000610351562,152100
2019-03-27,21.92268943786621,26.09000015258789,26.100000381469727,25.700000762939453,25.860000610351562,189000
2019-03-28,21.729427337646484,25.860000610351562,26.139999389648438,25.760000228881836,26.100000381469727,124700
2019-03-29,22.065536499023438,26.260000228881836,26.260000228881836,25.700000762939453,25.93000030517578,253700
2019-04-01,22.19997787475586,26.420000076293945,26.5,26.0,26.5,152200
2019-04-02,21.93949317932129,26.110000610351562,26.450000762939453,25.969999313354492,26.450000762939453,113100
2019-04-03,21.73783302307129,25.8700008392334,26.290000915527344,25.860000610351562,26.290000915527344,97100
2019-04-04,21.889076232910156,26.049999237060547,26.100000381469727,25.809999465942383,25.950000762939453,141000
2019-04-05,21.763038635253906,25.899999618530273,26.190000534057617,25.84000015258789,26.09000015258789,181600
2019-04-08,21.796649932861328,25.940000534057617,26.059999465942383,25.350000381469727,25.799999237060547,170600
2019-04-09,21.771438598632812,25.90999984741211,26.100000381469727,25.68000030517578,25.790000915527344,208600
2019-04-10,22.1579647064209,26.3700008392334,26.40999984741211,25.829999923706055,25.959999084472656,200200
2019-04-11,21.813453674316406,25.959999084472656,26.5,25.899999618530273,26.299999237060547,439100
2019-04-12,21.89748191833496,26.059999465942383,26.3799991607666,25.93000030517578,26.239999771118164,66700
2019-04-15,21.729427337646484,25.860000610351562,26.200000762939453,25.700000762939453,26.079999923706055,82200
2019-04-16,21.830263137817383,25.979999542236328,26.139999389648438,25.889999389648438,26.010000228881836,53700
2019-04-17,21.729427337646484,25.860000610351562,26.059999465942383,25.790000915527344,25.93000030517578,67400
2019-04-18,21.721023559570312,25.850000381469727,26.040000915527344,25.700000762939453,25.860000610351562,118000
2019-04-22,21.687414169311523,25.809999465942383,25.90999984741211,25.510000228881836,25.709999084472656,117400
2019-04-23,21.536163330078125,25.6299991607666,25.920000076293945,25.6299991607666,25.739999771118164,197100
2019-04-24,21.7042179107666,25.829999923706055,25.940000534057617,25.5,25.639999389648438,128100
2019-04-25,21.796649932861328,25.940000534057617,25.969999313354492,25.549999237060547,25.700000762939453,205700
2019-04-26,21.847063064575195,26.0,26.100000381469727,25.670000076293945,25.670000076293945,77900
2019-04-29,21.838661193847656,25.989999771118164,26.100000381469727,25.959999084472656,26.100000381469727,188700
2019-04-30,21.830263137817383,25.979999542236328,26.030000686645508,25.940000534057617,26.030000686645508,313000
2019-05-01,21.847063064575195,26.0,26.079999923706055,25.8799991607666,25.90999984741211,193500
2019-05-02,21.838661193847656,25.989999771118164,26.049999237060547,25.8700008392334,25.969999313354492,242700
2019-05-03,21.838661193847656,25.989999771118164,26.09000015258789,25.950000762939453,26.030000686645508,219900
2019-05-06,21.64539909362793,25.760000228881836,26.059999465942383,25.6299991607666,25.65999984741211,197600
2019-05-07,21.208459854125977,25.239999771118164,25.850000381469727,25.209999084472656,25.6200008392334,213300
2019-05-08,21.275676727294922,25.31999969482422,25.469999313354492,24.360000610351562,25.200000762939453,506500
2019-05-09,20.75471305847168,24.700000762939453,25.309999465942383,24.700000762939453,25.020000457763672,1188800
2019-05-10,21.729427337646484,25.860000610351562,26.149999618530273,25.0,25.0,307400
2019-05-13,21.183246612548828,25.209999084472656,25.440000534057617,25.0,25.3799991607666,424100
2019-05-14,21.914289474487305,26.079999923706055,26.219999313354492,25.280000686645508,25.520000457763672,157700
2019-05-15,22.351228713989258,26.600000381469727,26.65999984741211,25.440000534057617,26.0,263500
2019-05-16,25.023290634155273,29.780000686645508,30.030000686645508,26.709999084472656,26.709999084472656,681000
2019-05-17,25.57787322998047,30.440000534057617,30.579999923706055,29.149999618530273,29.459999084472656,357900
2019-05-20,25.191343307495117,29.979999542236328,30.5,29.559999465942383,30.100000381469727,580400
2019-05-21,24.468713760375977,29.1200008392334,30.459999084472656,28.739999771118164,30.3799991607666,350700
2019-05-22,25.006488800048828,29.760000228881836,29.780000686645508,28.559999465942383,28.93000030517578,224500
2019-05-23,25.67870330810547,30.559999465942383,30.6299991607666,29.43000030517578,29.81999969482422,578900
2019-05-24,26.30050277709961,31.299999237060547,31.540000915527344,30.540000915527344,30.59000015258789,517900
2019-05-28,25.63669204711914,30.510000228881836,31.65999984741211,30.219999313354492,31.56999969482422,811800
2019-05-29,25.603078842163086,30.469999313354492,31.15999984741211,30.450000762939453,30.6200008392334,325700
2019-05-30,25.57787322998047,30.440000534057617,30.90999984741211,30.100000381469727,30.440000534057617,318000
2019-05-31,24.762807846069336,29.469999313354492,30.469999313354492,29.110000610351562,30.1299991607666,629800
2019-06-03,23.46038818359375,27.920000076293945,29.670000076293945,27.399999618530273,29.670000076293945,710900
2019-06-04,24.334270477294922,28.959999084472656,29.149999618530273,27.950000762939453,27.950000762939453,634500
2019-06-05,26.75411033630371,31.510000228881836,31.690000534057617,28.700000762939453,28.780000686645508,722300
2019-06-06,27.58619499206543,32.4900016784668,32.56999969482422,31.229999542236328,31.469999313354492,934700
2019-06-07,28.248470306396484,33.27000045776367,33.529998779296875,32.13999938964844,32.150001525878906,829700
2019-06-10,28.57111358642578,33.650001525878906,34.0099983215332,33.279998779296875,33.5,773800
2019-06-11,27.99375343322754,32.970001220703125,34.029998779296875,31.899999618530273,33.650001525878906,647200
2019-06-12,26.64373016357422,31.3799991607666,33.25,31.3700008392334,32.81999969482422,325000
2019-06-13,26.4993896484375,31.209999084472656,31.709999084472656,31.079999923706055,31.549999237060547,250000
2019-06-14,26.64373016357422,31.3799991607666,31.540000915527344,30.540000915527344,31.170000076293945,373900
2019-06-17,26.456937789916992,31.15999984741211,32.2599983215332,31.100000381469727,31.450000762939453,224700
2019-06-18,26.881473541259766,31.65999984741211,31.920000076293945,31.190000534057617,31.59000015258789,209000
2019-06-19,26.75411033630371,31.510000228881836,31.75,31.059999465942383,31.600000381469727,135500
2019-06-20,27.144683837890625,31.969999313354492,32.45000076293945,31.700000762939453,31.790000915527344,209300
2019-06-21,26.686187744140625,31.43000030517578,32.029998779296875,31.040000915527344,31.829999923706055,290000
2019-06-24,26.389013290405273,31.079999923706055,32.06999969482422,30.989999771118164,31.510000228881836,326200
2019-06-25,25.845609664916992,30.440000534057617,31.15999984741211,30.149999618530273,31.059999465942383,224600
2019-06-26,27.985258102416992,32.959999084472656,33.150001525878906,30.5,30.5,674000
2019-06-27,28.299415588378906,33.33000183105469,33.709999084472656,32.970001220703125,33.099998474121094,571300
2019-06-28,28.418283462524414,33.470001220703125,33.95000076293945,32.689998626708984,33.38999938964844,477100
2019-07-01,28.596586227416992,33.68000030517578,34.43000030517578,33.5,33.5,360100
2019-07-02,28.902252197265625,34.040000915527344,34.16999816894531,33.5,33.599998474121094,287800
2019-07-03,29.03810691833496,34.20000076293945,34.439998626708984,34.0,34.189998626708984,119000
2019-07-05,27.77298927307129,32.709999084472656,34.150001525878906,32.63999938964844,34.150001525878906,256400
2019-07-08,28.07016944885254,33.060001373291016,33.2400016784668,32.20000076293945,32.66999816894531,403100
2019-07-09,28.222999572753906,33.2400016784668,33.279998779296875,32.459999084472656,33.04999923706055,227000
2019-07-10,28.537155151367188,33.61000061035156,33.900001525878906,33.119998931884766,33.33000183105469,218900
2019-07-11,29.38621711730957,34.61000061035156,34.68000030517578,33.06999969482422,33.5,347900
2019-07-12,28.214506149291992,33.22999954223633,34.75,32.7599983215332,34.75,301100
2019-07-15,28.9447078704834,34.09000015258789,34.40999984741211,33.279998779296875,33.36000061035156,322600
2019-07-16,29.776790618896484,35.06999969482422,35.18000030517578,34.06999969482422,34.11000061035156,373200
2019-07-17,28.723949432373047,33.83000183105469,35.54999923706055,33.59000015258789,34.97999954223633,504600
2019-07-18,28.426774978637695,33.47999954223633,34.279998779296875,33.15999984741211,33.81999969482422,289600
2019-07-19,28.494701385498047,33.560001373291016,33.779998779296875,33.25,33.68000030517578,241600
2019-07-22,28.579605102539062,33.65999984741211,33.88999938964844,33.400001525878906,33.619998931884766,242600
2019-07-23,27.97677230834961,32.95000076293945,33.779998779296875,32.66999816894531,33.66999816894531,325800
2019-07-24,28.1041259765625,33.099998474121094,33.470001220703125,32.83000183105469,33.0099983215332,198400
2019-07-25,28.1041259765625,33.099998474121094,33.290000915527344,32.83000183105469,33.02000045776367,339000
2019-07-26,27.815444946289062,32.7599983215332,33.369998931884766,32.720001220703125,33.099998474121094,267400
2019-07-29,28.180540084838867,33.189998626708984,33.20000076293945,32.75,32.79999923706055,219700
2019-07-30,28.477718353271484,33.540000915527344,34.310001373291016,32.93000030517578,33.5,322600
2019-07-31,28.757904052734375,33.869998931884766,34.25,33.40999984741211,33.40999984741211,279300
2019-08-01,27.874879837036133,32.83000183105469,34.4900016784668,32.790000915527344,34.02000045776367,153000
2019-08-02,28.044692993164062,33.029998779296875,33.29999923706055,32.02000045776367,32.63999938964844,208400
2019-08-05,26.592788696289062,31.31999969482422,32.75,31.209999084472656,32.619998931884766,834300
2019-08-06,26.98335838317871,31.780000686645508,32.06999969482422,31.170000076293945,31.389999389648438,407300
2019-08-07,27.47581672668457,32.36000061035156,32.689998626708984,31.280000686645508,31.469999313354492,263000
2019-08-08,28.180540084838867,33.189998626708984,33.29999923706055,32.380001068115234,32.380001068115234,221500
2019-08-09,27.56072425842285,32.459999084472656,33.56999969482422,32.2599983215332,33.13999938964844,254400
2019-08-12,27.339969635009766,32.20000076293945,32.939998626708984,31.950000762939453,32.45000076293945,184500
2019-08-13,28.146583557128906,33.150001525878906,33.20000076293945,32.119998931884766,32.119998931884766,244800
2019-08-14,26.355051040649414,31.040000915527344,32.880001068115234,30.920000076293945,32.619998931884766,350000
2019-08-15,25.97296714782715,30.59000015258789,31.170000076293945,30.329999923706055,31.170000076293945,561500
2019-08-16,25.87957191467285,30.479999542236328,31.040000915527344,30.399999618530273,30.860000610351562,435000
2019-08-19,25.472017288208008,30.0,31.1299991607666,29.81999969482422,30.709999084472656,447000
2019-08-20,24.19841766357422,28.5,30.260000228881836,28.469999313354492,30.030000686645508,810700
2019-08-21,24.52106285095215,28.8799991607666,29.40999984741211,26.579999923706055,28.3700008392334,590900
2019-08-22,23.66350746154785,27.8700008392334,28.290000915527344,27.09000015258789,27.850000381469727,485900
2019-08-23,23.15406608581543,27.270000457763672,27.829999923706055,26.739999771118164,27.530000686645508,522400
2019-08-26,23.19651985168457,27.31999969482422,27.5,26.75,27.389999389648438,333400
2019-08-27,23.120101928710938,27.229999542236328,28.010000228881836,26.899999618530273,27.31999969482422,230200
2019-08-28,23.15406608581543,27.270000457763672,27.690000534057617,27.010000228881836,27.110000610351562,211600
2019-08-29,23.25595474243164,27.389999389648438,27.90999984741211,27.219999313354492,27.649999618530273,141600
2019-08-30,23.137083053588867,27.25,27.549999237060547,26.770000457763672,27.40999984741211,136500
2019-09-03,22.776506423950195,26.530000686645508,27.079999923706055,26.229999542236328,26.8799991607666,272400
2019-09-04,22.93103790283203,26.709999084472656,27.049999237060547,26.559999465942383,26.84000015258789,261300
2019-09-05,23.042646408081055,26.84000015258789,27.149999618530273,26.690000534057617,27.030000686645508,229300
2019-09-06,23.197179794311523,27.020000457763672,27.200000762939453,26.690000534057617,26.920000076293945,255100
2019-09-09,23.54058837890625,27.420000076293945,27.5,26.850000381469727,27.020000457763672,412300
2019-09-10,23.008304595947266,26.799999237060547,27.719999313354492,26.600000381469727,27.239999771118164,388000
2019-09-11,23.11991310119629,26.93000030517578,27.440000534057617,26.81999969482422,26.950000762939453,229400
2019-09-12,23.016891479492188,26.809999465942383,27.799999237060547,26.729999542236328,26.760000228881836,99200
2019-09-13,23.1370849609375,26.950000762939453,27.170000076293945,26.809999465942383,26.950000762939453,147400
2019-09-16,22.93103790283203,26.709999084472656,27.0,25.90999984741211,26.8700008392334,199200
2019-09-17,23.51483154296875,27.389999389648438,27.469999313354492,26.68000030517578,26.68000030517578,160900
2019-09-18,23.274446487426758,27.110000610351562,27.549999237060547,26.889999389648438,27.329999923706055,124900
2019-09-19,23.60926628112793,27.5,27.770000457763672,26.989999771118164,27.239999771118164,123700
2019-09-20,23.75521469116211,27.670000076293945,27.93000030517578,27.260000228881836,27.579999923706055,347800
2019-09-23,23.901165008544922,27.84000015258789,27.950000762939453,27.280000686645508,27.709999084472656,172900
2019-09-24,23.626441955566406,27.520000457763672,28.1299991607666,27.309999465942383,27.84000015258789,266500
2019-09-25,23.772388458251953,27.690000534057617,27.81999969482422,27.290000915527344,27.440000534057617,561600
2019-09-26,23.394638061523438,27.25,28.280000686645508,27.1200008392334,27.530000686645508,129000
2019-09-27,22.467437744140625,26.170000076293945,27.350000381469727,25.950000762939453,27.25,292300
2019-09-30,22.86236000061035,26.6299991607666,26.829999923706055,26.18000030517578,26.18000030517578,154300
2019-10-01,22.15837287902832,25.809999465942383,26.799999237060547,25.809999465942383,26.739999771118164,152000
2019-10-02,21.806377410888672,25.399999618530273,25.65999984741211,25.040000915527344,25.549999237060547,157300
2019-10-03,21.875059127807617,25.479999542236328,25.75,25.209999084472656,25.450000762939453,120300
2019-10-04,22.05535125732422,25.690000534057617,25.899999618530273,25.479999542236328,25.489999771118164,148700
2019-10-07,21.72052574157715,25.299999237060547,25.829999923706055,25.15999984741211,25.56999969482422,129200
2019-10-08,20.990785598754883,24.450000762939453,25.450000762939453,24.389999389648438,25.059999465942383,200100
2019-10-09,21.574575424194336,25.1299991607666,25.450000762939453,24.360000610351562,24.549999237060547,189400
2019-10-10,21.317026138305664,24.829999923706055,25.56999969482422,24.709999084472656,25.1299991607666,171100
2019-10-11,21.402875900268555,24.93000030517578,25.43000030517578,24.920000076293945,25.0,125900
2019-10-14,21.3942928314209,24.920000076293945,25.149999618530273,24.719999313354492,24.8799991607666,84700
2019-10-15,21.505897521972656,25.049999237060547,25.15999984741211,24.899999618530273,24.920000076293945,83600
2019-10-16,21.44580078125,24.979999542236328,25.100000381469727,24.600000381469727,24.899999618530273,108400
2019-10-17,21.60892105102539,25.170000076293945,25.559999465942383,25.030000686645508,25.100000381469727,187300
2019-10-18,21.480138778686523,25.020000457763672,25.3799991607666,24.899999618530273,25.049999237060547,176600
2019-10-21,21.797794342041016,25.389999389648438,25.65999984741211,25.139999389648438,25.229999542236328,95100
2019-10-22,21.557409286499023,25.110000610351562,25.6200008392334,25.0,25.43000030517578,55500
2019-10-23,21.471559524536133,25.010000228881836,25.270000457763672,24.829999923706055,25.0,149600
2019-10-24,21.591747283935547,25.149999618530273,25.290000915527344,24.979999542236328,25.049999237060547,146900
2019-10-25,21.780624389648438,25.3700008392334,25.40999984741211,25.0,25.030000686645508,118100
2019-10-28,21.729110717773438,25.309999465942383,25.56999969482422,25.0,25.530000686645508,124000
2019-10-29,21.548824310302734,25.100000381469727,25.3700008392334,24.969999313354492,25.15999984741211,128400
2019-10-30,21.686187744140625,25.260000228881836,25.34000015258789,24.989999771118164,24.989999771118164,100700
2019-10-31,21.651844024658203,25.219999313354492,25.40999984741211,24.969999313354492,25.239999771118164,99600
2019-11-01,21.926572799682617,25.540000915527344,25.670000076293945,25.25,25.299999237060547,87500
2019-11-04,22.338661193847656,26.020000457763672,26.15999984741211,25.450000762939453,25.600000381469727,144000
2019-11-05,22.80225944519043,26.559999465942383,27.1200008392334,26.139999389648438,26.15999984741211,261100
2019-11-06,22.596214294433594,26.31999969482422,26.65999984741211,26.170000076293945,26.600000381469727,99800
2019-11-07,22.82801628112793,26.59000015258789,26.809999465942383,26.31999969482422,26.489999771118164,149900
2019-11-08,22.82801628112793,26.59000015258789,26.860000610351562,26.239999771118164,26.549999237060547,81900
2019-11-11,22.647727966308594,26.3799991607666,26.579999923706055,26.209999084472656,26.3700008392334,114700
2019-11-12,22.639141082763672,26.3700008392334,26.739999771118164,26.299999237060547,26.299999237060547,112900
2019-11-13,22.664899826049805,26.399999618530273,26.649999618530273,26.149999618530273,26.149999618530273,159700
2019-11-14,22.69065284729004,26.43000030517578,26.75,26.299999237060547,26.43000030517578,131100
2019-11-15,22.759336471557617,26.510000228881836,26.719999313354492,26.43000030517578,26.43000030517578,103600
2019-11-18,22.870941162109375,26.639999389648438,26.81999969482422,26.440000534057617,26.440000534057617,161300
2019-11-19,22.604801177978516,26.329999923706055,26.84000015258789,25.84000015258789,26.739999771118164,211100
2019-11-20,22.347246170043945,26.030000686645508,26.3799991607666,25.6299991607666,26.149999618530273,186500
2019-11-21,23.111326217651367,26.920000076293945,27.760000228881836,26.5,27.549999237060547,409500
2019-11-22,22.467437744140625,26.170000076293945,26.979999542236328,25.520000457763672,26.760000228881836,195800
2019-11-25,22.939626693725586,26.719999313354492,26.780000686645508,26.209999084472656,26.209999084472656,81500
2019-11-26,22.70782470703125,26.450000762939453,26.809999465942383,26.40999984741211,26.579999923706055,131700
2019-11-27,22.79367446899414,26.549999237060547,26.729999542236328,26.450000762939453,26.549999237060547,195900
2019-11-29,23.351715087890625,27.200000762939453,27.209999084472656,26.239999771118164,26.450000762939453,89100
2019-12-02,22.86236000061035,26.6299991607666,27.049999237060547,26.600000381469727,27.049999237060547,179900
2019-12-03,22.759336471557617,26.510000228881836,26.559999465942383,26.149999618530273,26.549999237060547,142100
2019-12-04,22.9243221282959,26.399999618530273,26.520000457763672,26.110000610351562,26.110000610351562,254500
2019-12-05,22.9243221282959,26.399999618530273,26.489999771118164,26.25,26.350000381469727,122500
2019-12-06,22.71591567993164,26.15999984741211,26.549999237060547,25.700000762939453,26.489999771118164,151100
2019-12-09,22.655134201049805,26.09000015258789,26.299999237060547,26.040000915527344,26.209999084472656,106900
2019-12-10,21.75205421447754,25.049999237060547,26.209999084472656,25.030000686645508,26.09000015258789,155800
2019-12-11,21.59575080871582,24.8700008392334,25.229999542236328,24.420000076293945,25.06999969482422,108700
2019-12-12,21.743370056152344,25.040000915527344,25.299999237060547,24.860000610351562,24.940000534057617,70700
2019-12-13,21.83888816833496,25.149999618530273,25.260000228881836,24.920000076293945,25.09000015258789,251100
2019-12-16,21.83888816833496,25.149999618530273,25.809999465942383,25.059999465942383,25.5,1781100
2019-12-17,22.368581771850586,25.760000228881836,25.770000457763672,25.15999984741211,25.25,240500
2019-12-18,22.333843231201172,25.719999313354492,25.899999618530273,25.610000610351562,25.760000228881836,1830500
2019-12-19,22.655134201049805,26.09000015258789,26.149999618530273,25.530000686645508,25.790000915527344,238400
2019-12-20,22.61171531677246,26.040000915527344,26.229999542236328,25.959999084472656,26.149999618530273,173900
2019-12-23,22.229646682739258,25.600000381469727,26.420000076293945,25.549999237060547,26.1299991607666,115000
2019-12-24,22.255695343017578,25.6299991607666,25.75,25.510000228881836,25.610000610351562,26200
2019-12-26,22.20359230041504,25.56999969482422,26.239999771118164,25.459999084472656,25.670000076293945,94800
2019-12-27,22.099390029907227,25.450000762939453,25.700000762939453,25.360000610351562,25.5,99800
2019-12-30,22.17754364013672,25.540000915527344,25.709999084472656,25.420000076293945,25.600000381469727,47600
2019-12-31,22.550931930541992,25.969999313354492,26.09000015258789,25.299999237060547,25.579999923706055,317100
2020-01-02,22.646451950073242,26.079999923706055,26.3700008392334,25.610000610351562,25.969999313354492,151800
2020-01-03,22.959056854248047,26.440000534057617,26.59000015258789,25.790000915527344,25.790000915527344,201600
2020-01-06,22.568300247192383,25.989999771118164,26.40999984741211,25.709999084472656,26.329999923706055,74700
2020-01-07,22.255695343017578,25.6299991607666,26.200000762939453,25.6200008392334,25.979999542236328,78000
2020-01-08,22.490148544311523,25.899999618530273,26.1200008392334,25.6200008392334,25.6200008392334,107400
2020-01-09,22.837486267089844,26.299999237060547,26.489999771118164,26.020000457763672,26.09000015258789,1061100
2020-01-10,22.776702880859375,26.229999542236328,26.670000076293945,26.15999984741211,26.3799991607666,99200
2020-01-13,23.04589080810547,26.540000915527344,26.75,26.34000015258789,26.34000015258789,123600
2020-01-14,23.063255310058594,26.559999465942383,26.59000015258789,26.420000076293945,26.5,70900
2020-01-15,23.323759078979492,26.860000610351562,26.979999542236328,26.540000915527344,26.540000915527344,251700
2020-01-16,23.50611114501953,27.06999969482422,27.280000686645508,26.950000762939453,26.950000762939453,122700
2020-01-17,23.332443237304688,26.8700008392334,27.149999618530273,26.770000457763672,26.8799991607666,92500
2020-01-21,23.16745948791504,26.68000030517578,26.950000762939453,26.649999618530273,26.690000534057617,87900
2020-01-22,22.95037078857422,26.43000030517578,27.079999923706055,26.40999984741211,26.799999237060547,150800
2020-01-23,22.837486267089844,26.299999237060547,26.489999771118164,26.010000228881836,26.399999618530273,121300
2020-01-24,22.003873825073242,25.34000015258789,26.350000381469727,25.299999237060547,26.350000381469727,205800
2020-01-27,21.135530471801758,24.34000015258789,24.760000228881836,24.329999923706055,24.68000030517578,207400
2020-01-28,21.17026138305664,24.3799991607666,24.559999465942383,24.31999969482422,24.469999313354492,123500
2020-01-29,21.361299514770508,24.600000381469727,24.719999313354492,24.43000030517578,24.520000457763672,90100
2020-01-30,21.17026138305664,24.3799991607666,24.540000915527344,24.209999084472656,24.399999618530273,107500
2020-01-31,20.501636505126953,23.610000610351562,24.5,23.489999771118164,24.299999237060547,235900
2020-02-03,20.31928253173828,23.399999618530273,23.93000030517578,23.270000457763672,23.690000534057617,108700
2020-02-04,19.98931312561035,23.020000457763672,23.770000457763672,22.829999923706055,23.549999237060547,1808000
2020-02-05,20.28455352783203,23.360000610351562,23.420000076293945,23.030000686645508,23.200000762939453,184600
2020-02-06,19.7635440826416,22.760000228881836,23.510000228881836,22.329999923706055,23.309999465942383,193500
2020-02-07,19.181753158569336,22.09000015258789,22.81999969482422,22.059999465942383,22.760000228881836,237500
2020-02-10,19.36410140991211,22.299999237060547,22.489999771118164,22.1200008392334,22.1200008392334,173400
2020-02-11,19.598560333251953,22.56999969482422,22.850000381469727,22.43000030517578,22.440000534057617,137000
2020-02-12,19.772228240966797,22.770000457763672,22.950000762939453,22.530000686645508,22.690000534057617,212800
2020-02-13,19.641977310180664,22.6200008392334,22.889999389648438,22.540000915527344,22.739999771118164,114200
2020-02-14,19.615924835205078,22.59000015258789,22.940000534057617,22.540000915527344,22.709999084472656,131600
2020-02-18,19.312000274658203,22.239999771118164,22.84000015258789,22.209999084472656,22.59000015258789,83100
2020-02-19,19.181753158569336,22.09000015258789,22.450000762939453,21.8799991607666,22.34000015258789,171600
2020-02-20,19.147014617919922,22.049999237060547,22.25,21.8799991607666,22.059999465942383,104400
2020-02-21,18.877830505371094,21.739999771118164,22.149999618530273,20.889999389648438,21.90999984741211,699200
2020-02-24,18.226573944091797,20.989999771118164,21.309999465942383,20.420000076293945,21.010000228881836,574200
2020-02-25,18.070266723632812,20.809999465942383,21.170000076293945,20.190000534057617,20.989999771118164,707100
2020-02-26,17.922653198242188,20.639999389648438,21.309999465942383,20.6200008392334,20.90999984741211,105900
2020-02-27,17.966068267822266,20.690000534057617,20.940000534057617,20.290000915527344,20.420000076293945,162500
2020-02-28,17.62741470336914,20.299999237060547,20.690000534057617,20.15999984741211,20.290000915527344,202900
2020-03-02,18.53917694091797,21.350000381469727,21.389999389648438,20.43000030517578,20.43000030517578,221600
2020-03-03,17.983434677124023,20.709999084472656,21.639999389648438,20.34000015258789,21.270000457763672,1060700
2020-03-04,17.87923240661621,20.59000015258789,21.139999389648438,20.479999542236328,20.889999389648438,248600
2020-03-05,17.818449020385742,20.520000457763672,21.540000915527344,19.979999542236328,20.360000610351562,745200
2020-03-06,16.924055099487305,19.489999771118164,20.649999618530273,18.610000610351562,20.100000381469727,359300
2020-03-09,15.578119277954102,17.940000534057617,19.0,17.770000457763672,18.65999984741211,235200
2020-03-10,15.647583961486816,18.020000457763672,18.780000686645508,16.8799991607666,18.420000076293945,798300
2020-03-11,15.638900756835938,18.010000228881836,18.459999084472656,17.459999084472656,17.610000610351562,166000
2020-03-12,14.058512687683105,16.190000534057617,17.440000534057617,16.190000534057617,17.200000762939453,262800
2020-03-13,15.300246238708496,17.6200008392334,17.739999771118164,16.420000076293945,16.979999542236328,290000
2020-03-16,14.8400239944458,17.09000015258789,17.959999084472656,16.219999313354492,16.219999313354492,252200
2020-03-17,16.854581832885742,19.40999984741211,19.600000381469727,16.43000030517578,17.309999465942383,711500
2020-03-18,15.447866439819336,17.790000915527344,18.639999389648438,16.450000762939453,18.020000457763672,227100
2020-03-19,16.32489585876465,18.799999237060547,19.34000015258789,16.610000610351562,16.610000610351562,174500
2020-03-20,16.281478881835938,18.75,19.209999084472656,17.440000534057617,18.950000762939453,433400
2020-03-23,16.151226043701172,18.600000381469727,19.0,17.549999237060547,18.489999771118164,497100
2020-03-24,18.000802993774414,20.729999542236328,20.809999465942383,19.09000015258789,19.299999237060547,184500
2020-03-25,19.329368591308594,22.260000228881836,23.270000457763672,20.229999542236328,20.850000381469727,271100
2020-03-26,18.565229415893555,21.3799991607666,23.200000762939453,21.239999771118164,22.969999313354492,350300
2020-03-27,17.514528274536133,20.170000076293945,22.520000457763672,19.5,21.100000381469727,218300
2020-03-30,17.722932815551758,20.40999984741211,20.600000381469727,19.68000030517578,20.270000457763672,109600
2020-03-31,17.471111297607422,20.1200008392334,20.979999542236328,19.889999389648438,20.309999465942383,146100
2020-04-01,17.61214828491211,19.979999542236328,20.520000457763672,19.760000228881836,20.049999237060547,228900
2020-04-02,17.79726219177246,20.190000534057617,20.489999771118164,19.770000457763672,19.889999389648438,107100
2020-04-03,17.79726219177246,20.190000534057617,21.209999084472656,19.809999465942383,20.06999969482422,200100
2020-04-06,17.682668685913086,20.059999465942383,21.0,19.81999969482422,20.670000076293945,252700
2020-04-07,17.629777908325195,20.0,20.700000762939453,19.850000381469727,20.489999771118164,235000
2020-04-08,17.709115982055664,20.09000015258789,20.350000381469727,19.959999084472656,20.0,149500
2020-04-09,18.193933486938477,20.639999389648438,20.989999771118164,20.280000686645508,20.280000686645508,183600
2020-04-13,17.90304183959961,20.309999465942383,20.8700008392334,20.139999389648438,20.649999618530273,143400
2020-04-14,18.114599227905273,20.549999237060547,21.100000381469727,20.260000228881836,20.5,166500
2020-04-15,17.233108520507812,19.549999237060547,20.440000534057617,19.450000762939453,20.170000076293945,421000
2020-04-16,17.241924285888672,19.559999465942383,20.1200008392334,19.43000030517578,19.5,178500
2020-04-17,17.56807518005371,19.93000030517578,20.6200008392334,19.799999237060547,19.799999237060547,312300
2020-04-20,17.823705673217773,20.219999313354492,20.489999771118164,19.700000762939453,19.760000228881836,244200
2020-04-21,18.123416900634766,20.559999465942383,20.719999313354492,20.0,20.0,162000
2020-04-22,18.17630386352539,20.6200008392334,21.110000610351562,20.56999969482422,20.670000076293945,120300
2020-04-23,17.6650390625,20.040000915527344,20.84000015258789,20.010000228881836,20.649999618530273,215500
2020-04-24,17.136146545410156,19.440000534057617,20.299999237060547,19.229999542236328,20.139999389648438,87300
2020-04-27,17.400590896606445,19.739999771118164,20.68000030517578,19.420000076293945,19.450000762939453,241100
2020-04-28,17.25955581665039,19.579999923706055,20.260000228881836,19.579999923706055,19.940000534057617,131700
2020-04-29,17.312440872192383,19.639999389648438,20.260000228881836,19.559999465942383,19.899999618530273,100600
2020-04-30,16.686586380004883,18.93000030517578,20.170000076293945,18.770000457763672,19.440000534057617,123000
2020-05-01,15.487761497497559,17.56999969482422,18.700000762939453,17.309999465942383,18.700000762939453,228400
2020-05-04,15.408426284790039,17.479999542236328,17.540000915527344,16.959999084472656,17.06999969482422,194900
2020-05-05,15.602354049682617,17.700000762939453,18.09000015258789,17.309999465942383,17.639999389648438,92600
2020-05-06,16.21939468383789,18.399999618530273,18.829999923706055,17.799999237060547,17.8700008392334,173900
2020-05-07,16.536731719970703,18.760000228881836,18.8700008392334,18.520000457763672,18.6200008392334,73000
2020-05-08,17.189037322998047,19.5,19.639999389648438,18.8799991607666,18.8799991607666,100600
2020-05-11,17.497554779052734,19.850000381469727,19.950000762939453,19.209999084472656,19.299999237060547,105000
2020-05-12,17.61214828491211,19.979999542236328,20.239999771118164,19.729999542236328,19.950000762939453,94300
2020-05-13,16.483842849731445,18.700000762939453,19.989999771118164,18.639999389648438,19.81999969482422,65500
2020-05-14,16.289913177490234,18.479999542236328,18.670000076293945,17.959999084472656,18.450000762939453,71400
2020-05-15,16.46621322631836,18.68000030517578,18.899999618530273,18.280000686645508,18.329999923706055,58900
2020-05-18,16.721839904785156,18.969999313354492,19.520000457763672,18.65999984741211,19.190000534057617,219800
2020-05-19,16.96866226196289,19.25,19.350000381469727,18.420000076293945,18.8700008392334,50800
2020-05-20,16.60725212097168,18.84000015258789,19.450000762939453,18.780000686645508,19.360000610351562,103600
2020-05-21,15.954950332641602,18.100000381469727,18.850000381469727,17.75,18.84000015258789,206000
2020-05-22,15.946136474609375,18.09000015258789,18.469999313354492,17.5,18.170000076293945,97100
2020-05-26,15.426056861877441,17.5,18.610000610351562,17.5,18.610000610351562,272400
2020-05-27,15.708134651184082,17.81999969482422,18.90999984741211,17.59000015258789,17.6200008392334,95700
2020-05-28,16.351619720458984,18.549999237060547,18.6200008392334,17.989999771118164,18.309999465942383,73100
2020-05-29,16.56317710876465,18.790000915527344,19.15999984741211,18.420000076293945,18.600000381469727,250400
2020-06-01,16.827625274658203,19.09000015258789,19.170000076293945,18.670000076293945,18.709999084472656,62000
2020-06-02,17.603334426879883,19.969999313354492,19.979999542236328,19.229999542236328,19.229999542236328,83400
2020-06-03,17.65622329711914,20.030000686645508,20.3700008392334,20.010000228881836,20.1200008392334,77700
2020-06-04,17.33007049560547,19.65999984741211,20.280000686645508,19.649999618530273,20.020000457763672,52100
2020-06-05,18.06170654296875,20.489999771118164,20.709999084472656,19.739999771118164,19.739999771118164,87900
2020-06-08,18.899126052856445,21.440000534057617,21.510000228881836,20.68000030517578,20.780000686645508,115000
2020-06-09,19.273719787597656,21.610000610351562,21.799999237060547,20.75,20.75,98600
2020-06-10,19.63939094543457,22.020000457763672,22.239999771118164,21.559999465942383,21.610000610351562,129900
2020-06-11,19.63939094543457,22.020000457763672,22.610000610351562,21.25,21.649999618530273,119500
2020-06-12,18.31047821044922,20.530000686645508,22.81999969482422,20.469999313354492,22.360000610351562,213000
2020-06-15,17.971559524536133,20.149999618530273,20.299999237060547,19.559999465942383,20.299999237060547,169600
2020-06-16,17.953720092773438,20.1299991607666,20.6200008392334,19.90999984741211,20.43000030517578,108900
2020-06-17,18.64939308166504,20.90999984741211,20.920000076293945,20.059999465942383,20.149999618530273,89700
2020-06-18,17.926965713500977,20.100000381469727,20.969999313354492,19.649999618530273,20.790000915527344,163900
2020-06-19,17.463178634643555,19.579999923706055,20.639999389648438,19.389999389648438,20.18000030517578,285100
2020-06-22,17.87345314025879,20.040000915527344,20.31999969482422,20.0,20.0,115000
2020-06-23,18.239126205444336,20.450000762939453,20.860000610351562,20.299999237060547,20.790000915527344,67200
2020-06-24,17.971559524536133,20.149999618530273,20.329999923706055,20.0,20.0,88000
2020-06-25,18.114259719848633,20.309999465942383,20.329999923706055,20.0,20.219999313354492,82300
2020-06-26,17.837772369384766,20.0,20.190000534057617,20.0,20.190000534057617,52400
2020-06-29,17.89128875732422,20.059999465942383,20.139999389648438,20.0,20.030000686645508,58500
2020-06-30,17.84669303894043,20.010000228881836,20.389999389648438,20.0,20.100000381469727,95600
2020-07-01,17.855613708496094,20.020000457763672,20.389999389648438,20.0,20.0,57200
2020-07-02,18.56020164489746,20.809999465942383,20.969999313354492,20.100000381469727,20.200000762939453,178400
2020-07-06,19.621553421020508,22.0,22.68000030517578,21.209999084472656,21.290000915527344,118000
2020-07-07,19.17561149597168,21.5,22.510000228881836,21.34000015258789,21.860000610351562,69100
2020-07-08,19.31831169128418,21.65999984741211,21.780000686645508,20.979999542236328,21.6299991607666,70900
2020-07-09,19.59479331970215,21.969999313354492,22.139999389648438,21.59000015258789,21.709999084472656,60400
2020-07-10,20.121009826660156,22.559999465942383,22.670000076293945,21.950000762939453,22.06999969482422,86900
2020-07-13,19.56804084777832,21.940000534057617,22.90999984741211,21.920000076293945,22.600000381469727,73500
2020-07-14,18.658313751220703,20.920000076293945,22.190000534057617,20.920000076293945,21.81999969482422,72500
2020-07-15,18.729665756225586,21.0,21.34000015258789,20.0,21.010000228881836,118400
2020-07-16,18.5245304107666,20.770000457763672,20.8700008392334,20.18000030517578,20.829999923706055,194300
2020-07-17,18.702905654907227,20.969999313354492,21.1200008392334,20.790000915527344,20.979999542236328,37000
2020-07-20,17.93588638305664,20.110000610351562,21.010000228881836,20.110000610351562,20.84000015258789,75200
2020-07-21,18.44426155090332,20.68000030517578,21.059999465942383,20.0,20.0,138300
2020-07-22,18.38182830810547,20.610000610351562,20.690000534057617,20.110000610351562,20.579999923706055,118100
2020-07-23,18.283716201782227,20.5,21.280000686645508,20.5,20.600000381469727,170300
2020-07-24,18.32831382751465,20.549999237060547,20.6200008392334,20.489999771118164,20.5,205700
2020-07-27,18.292640686035156,20.510000228881836,21.1200008392334,20.489999771118164,20.549999237060547,202200
2020-07-28,18.292640686035156,20.510000228881836,20.6299991607666,20.469999313354492,20.5,172700
2020-07-29,17.837772369384766,20.0,20.5,19.969999313354492,20.5,182200
2020-07-30,17.864534378051758,20.030000686645508,20.489999771118164,20.0,20.0,202900
2020-07-31,17.90912628173828,20.079999923706055,20.229999542236328,20.0,20.139999389648438,254100
2020-08-03,18.32831382751465,20.549999237060547,20.690000534057617,19.780000686645508,20.1299991607666,250400
2020-08-04,17.64156150817871,19.780000686645508,20.6200008392334,19.700000762939453,20.469999313354492,178300
2020-08-05,18.283716201782227,20.5,20.760000228881836,19.850000381469727,19.850000381469727,131200
2020-08-06,19.184526443481445,21.510000228881836,21.530000686645508,20.440000534057617,20.5,137700
2020-08-07,18.729665756225586,21.0,21.540000915527344,20.899999618530273,21.290000915527344,89600
2020-08-10,18.693988800048828,20.959999084472656,21.030000686645508,20.6200008392334,20.920000076293945,182200
2020-08-11,18.60479736328125,20.860000610351562,21.079999923706055,20.5,20.920000076293945,55700
2020-08-12,18.711824417114258,20.979999542236328,21.190000534057617,20.8799991607666,20.8799991607666,55200
2020-08-13,18.87236785888672,21.15999984741211,21.15999984741211,20.8799991607666,21.0,185100
2020-08-14,19.13101577758789,21.450000762939453,21.829999923706055,21.0,21.360000610351562,209300
2020-08-17,18.729665756225586,21.0,21.65999984741211,20.989999771118164,21.399999618530273,63400
2020-08-18,19.20236587524414,21.530000686645508,21.65999984741211,20.549999237060547,21.079999923706055,60100
2020-08-19,19.336149215698242,21.68000030517578,21.93000030517578,21.489999771118164,21.59000015258789,53000
2020-08-20,19.113176345825195,21.43000030517578,21.610000610351562,21.239999771118164,21.420000076293945,51000
2020-08-21,18.64047622680664,20.899999618530273,21.31999969482422,20.729999542236328,21.31999969482422,92600
2020-08-24,18.58696174621582,20.84000015258789,21.209999084472656,20.68000030517578,21.149999618530273,155400
2020-08-25,18.84560775756836,21.1299991607666,21.3799991607666,20.200000762939453,20.719999313354492,113000
2020-08-26,19.032907485961914,21.34000015258789,21.34000015258789,20.860000610351562,21.229999542236328,95100
2020-08-27,18.613719940185547,20.8700008392334,21.479999542236328,20.770000457763672,21.280000686645508,45600
2020-08-28,18.506690979003906,20.75,21.770000457763672,20.700000762939453,20.84000015258789,168500
2020-08-31,18.096424102783203,20.290000915527344,21.299999237060547,20.18000030517578,20.8799991607666,131600
2020-09-01,18.68507194519043,20.950000762939453,20.989999771118164,20.200000762939453,20.309999465942383,51300
2020-09-02,18.613719940185547,20.8700008392334,21.190000534057617,20.65999984741211,21.049999237060547,30100
2020-09-03,18.58696174621582,20.84000015258789,21.0,20.469999313354492,20.610000610351562,37900
2020-09-04,18.812641143798828,20.84000015258789,20.989999771118164,20.440000534057617,20.790000915527344,47200
2020-09-08,18.56890869140625,20.56999969482422,20.93000030517578,20.1200008392334,20.579999923706055,68900
2020-09-09,18.478635787963867,20.469999313354492,20.780000686645508,20.15999984741211,20.690000534057617,95800
2020-09-10,18.343223571777344,20.31999969482422,20.670000076293945,20.0,20.670000076293945,66400
2020-09-11,18.505718231201172,20.5,20.600000381469727,20.299999237060547,20.31999969482422,47100
2020-09-14,18.325172424316406,20.299999237060547,20.600000381469727,20.270000457763672,20.56999969482422,39900
2020-09-15,17.9189510345459,19.850000381469727,20.5,19.770000457763672,20.469999313354492,199000
2020-09-16,17.386350631713867,19.260000228881836,20.100000381469727,19.1299991607666,19.850000381469727,294500
2020-09-17,17.133583068847656,18.979999542236328,19.770000457763672,18.950000762939453,19.040000915527344,79000
2020-09-18,17.03428840637207,18.8700008392334,19.309999465942383,18.709999084472656,19.059999465942383,112600
2020-09-21,16.700281143188477,18.5,19.010000228881836,18.329999923706055,18.65999984741211,71000
2020-09-22,16.2850341796875,18.040000915527344,18.84000015258789,18.040000915527344,18.5,32600
2020-09-23,15.941998481750488,17.65999984741211,18.139999389648438,17.610000610351562,18.139999389648438,54700
2020-09-24,15.833673477172852,17.540000915527344,18.100000381469727,17.489999771118164,17.489999771118164,128500
2020-09-25,15.43647575378418,17.100000381469727,17.610000610351562,17.020000457763672,17.610000610351562,85000
2020-09-28,15.255932807922363,16.899999618530273,17.540000915527344,16.75,17.360000610351562,102300
2020-09-29,15.4635591506958,17.1299991607666,17.299999237060547,16.950000762939453,17.030000686645508,62300
2020-09-30,15.120525360107422,16.75,17.450000762939453,16.709999084472656,17.18000030517578,39500
2020-10-01,15.264958381652832,16.90999984741211,17.149999618530273,16.56999969482422,16.920000076293945,82400
2020-10-02,15.192742347717285,16.829999923706055,17.0,16.68000030517578,16.719999313354492,92600
2020-10-05,14.976090431213379,16.59000015258789,16.989999771118164,16.5,16.989999771118164,42700
2020-10-06,15.021225929260254,16.639999389648438,16.920000076293945,16.40999984741211,16.510000228881836,83000
2020-10-07,14.930954933166504,16.540000915527344,16.770000457763672,16.489999771118164,16.639999389648438,45100
2020-10-08,14.894845962524414,16.5,16.8799991607666,16.459999084472656,16.5,31800
2020-10-09,14.82262897491455,16.420000076293945,16.860000610351562,16.260000228881836,16.520000457763672,56200
2020-10-12,14.750410079956055,16.34000015258789,16.549999237060547,16.290000915527344,16.489999771118164,69800
2020-10-13,14.732356071472168,16.31999969482422,16.829999923706055,16.270000457763672,16.299999237060547,72100
2020-10-14,14.894845962524414,16.5,16.950000762939453,16.219999313354492,16.399999618530273,73300
2020-10-15,14.714301109313965,16.299999237060547,16.709999084472656,16.200000762939453,16.469999313354492,20300
2020-10-16,15.129552841186523,16.760000228881836,16.8799991607666,16.190000534057617,16.229999542236328,60400
2020-10-19,15.147607803344727,16.780000686645508,17.5,16.65999984741211,16.739999771118164,35400
2020-10-20,14.732356071472168,16.31999969482422,17.139999389648438,16.25,17.139999389648438,38900
2020-10-21,14.651110649108887,16.229999542236328,16.600000381469727,16.15999984741211,16.350000381469727,36100
2020-10-22,14.750410079956055,16.34000015258789,16.520000457763672,16.15999984741211,16.260000228881836,34500
2020-10-23,14.840682983398438,16.440000534057617,16.579999923706055,16.280000686645508,16.280000686645508,31900
2020-10-26,14.452513694763184,16.010000228881836,16.40999984741211,15.989999771118164,16.40999984741211,45600
2020-10-27,14.66916561126709,16.25,16.420000076293945,16.0,16.010000228881836,41800
2020-10-28,13.992128372192383,15.5,16.299999237060547,15.430000305175781,16.06999969482422,54400
2020-10-29,14.100452423095703,15.619999885559082,15.949999809265137,15.380000114440918,15.510000228881836,88200
2020-10-30,13.53174114227295,14.989999771118164,15.619999885559082,14.90999984741211,15.5,51600
2020-11-02,13.53174114227295,14.989999771118164,15.930000305175781,14.949999809265137,15.390000343322754,43000
2020-11-03,13.919909477233887,15.420000076293945,15.600000381469727,14.989999771118164,15.039999961853027,35100
2020-11-04,13.90185546875,15.399999618530273,16.059999465942383,15.100000381469727,15.460000038146973,24000
2020-11-05,13.847692489624023,15.34000015258789,16.200000762939453,15.119999885559082,15.489999771118164,26100
2020-11-06,13.649094581604004,15.119999885559082,15.420000076293945,15.119999885559082,15.260000228881836,16700
2020-11-09,13.77547550201416,15.260000228881836,15.649999618530273,15.199999809265137,15.649999618530273,29800
2020-11-10,13.883800506591797,15.380000114440918,15.699999809265137,15.140000343322754,15.600000381469727,22000
2020-11-11,13.594930648803711,15.0600004196167,15.6899995803833,14.90999984741211,15.479999542236328,23200
2020-11-12,13.080381393432617,14.489999771118164,15.239999771118164,14.350000381469727,15.239999771118164,29300
2020-11-13,12.97205638885498,14.369999885559082,14.859999656677246,14.149999618530273,14.449999809265137,23700
2020-11-16,13.757420539855957,15.239999771118164,15.390000343322754,14.449999809265137,14.5,21800
2020-11-17,13.910882949829102,15.40999984741211,15.859999656677246,15.0,15.0,31900
2020-11-18,13.631040573120117,15.100000381469727,15.6899995803833,14.75,15.569999694824219,38500
2020-11-19,13.15259838104248,14.569999694824219,15.220000267028809,14.529999732971191,15.220000267028809,15500
2020-11-20,13.658122062683105,15.130000114440918,15.130000114440918,14.399999618530273,14.720000267028809,22400
2020-11-23,12.908865928649902,14.300000190734863,15.25,14.1899995803833,15.25,28500
2020-11-24,12.97205638885498,14.369999885559082,15.010000228881836,14.350000381469727,14.84000015258789,146000
2020-11-25,12.863729476928711,14.25,15.279999732971191,14.0,14.390000343322754,202900
2020-11-27,12.981082916259766,14.380000114440918,14.739999771118164,14.0,14.449999809265137,78400
2020-11-30,12.85470199584961,14.239999771118164,14.390000343322754,14.0,14.199999809265137,88200
2020-12-01,12.683187484741211,14.050000190734863,14.449999809265137,14.020000457763672,14.260000228881836,46100
2020-12-02,12.84567642211914,14.229999542236328,14.279999732971191,13.960000038146973,14.050000190734863,49700
2020-12-03,12.84567642211914,14.229999542236328,14.319999694824219,14.050000190734863,14.130000114440918,55000
2020-12-04,12.8998384475708,14.289999961853027,14.449999809265137,14.140000343322754,14.40999984741211,39600
2020-12-07,12.728323936462402,14.100000381469727,14.350000381469727,14.010000228881836,14.25,65300
2020-12-08,12.81103229522705,13.9399995803833,14.029999732971191,13.75,13.899999618530273,56300
2020-12-09,12.470998764038086,13.569999694824219,13.890000343322754,13.569999694824219,13.890000343322754,54400
2020-12-10,12.406667709350586,13.5,13.65999984741211,13.319999694824219,13.510000228881836,75700
2020-12-11,12.048253059387207,13.109999656677246,13.4399995803833,12.890000343322754,13.40999984741211,93700
2020-12-14,12.039063453674316,13.100000381469727,13.260000228881836,13.010000228881836,13.1899995803833,76600
2020-12-15,11.937970161437988,12.989999771118164,13.25,12.899999618530273,13.25,70100
2020-12-16,11.248711585998535,12.239999771118164,12.989999771118164,12.15999984741211,12.989999771118164,56900
2020-12-17,11.221141815185547,12.210000038146973,12.420000076293945,11.789999961853027,12.420000076293945,304200
2020-12-18,11.000577926635742,11.970000267028809,12.350000381469727,11.890000343322754,12.329999923706055,117900
2020-12-21,11.064910888671875,12.039999961853027,12.1899995803833,11.789999961853027,11.800000190734863,91400
2020-12-22,10.963818550109863,11.930000305175781,12.3100004196167,11.829999923706055,11.979999542236328,36400
2020-12-23,11.202760696411133,12.1899995803833,12.270000457763672,11.890000343322754,11.90999984741211,63500
2020-12-24,11.450896263122559,12.460000038146973,12.5,12.020000457763672,12.199999809265137,46500
2020-12-28,11.046529769897461,12.020000457763672,12.649999618530273,11.949999809265137,12.5,101900
2020-12-29,11.175190925598145,12.15999984741211,12.300000190734863,11.949999809265137,11.949999809265137,57100
2020-12-30,11.046529769897461,12.020000457763672,12.430000305175781,12.0,12.119999885559082,59400
2020-12-31,11.064910888671875,12.039999961853027,12.210000038146973,11.930000305175781,12.119999885559082,25000
2021-01-04,11.561177253723145,12.579999923706055,12.579999923706055,11.930000305175781,12.180000305175781,123500
2021-01-05,11.588746070861816,12.609999656677246,13.130000114440918,12.520000457763672,12.5600004196167,117000
2021-01-06,11.8460693359375,12.890000343322754,13.100000381469727,12.569999694824219,12.710000038146973,54300
2021-01-07,12.039063453674316,13.100000381469727,13.199999809265137,12.710000038146973,12.890000343322754,38900
2021-01-08,12.36990737915039,13.460000038146973,13.609999656677246,13.100000381469727,13.199999809265137,89000
2021-01-11,12.103392601013184,13.170000076293945,13.649999618530273,13.069999694824219,13.5,86700
2021-01-12,12.259626388549805,13.34000015258789,13.380000114440918,13.119999885559082,13.119999885559082,17600
2021-01-13,12.406667709350586,13.5,13.539999961853027,13.289999961853027,13.5,61900
2021-01-14,12.572090148925781,13.680000305175781,13.8100004196167,13.380000114440918,13.600000381469727,43100
2021-01-15,12.434239387512207,13.529999732971191,13.649999618530273,13.279999732971191,13.510000228881836,37000
2021-01-19,12.443427085876465,13.539999961853027,13.699999809265137,13.329999923706055,13.699999809265137,18900
2021-01-20,12.56290054321289,13.670000076293945,13.84000015258789,13.359999656677246,13.529999732971191,26100
2021-01-21,12.792652130126953,13.920000076293945,13.979999542236328,13.510000228881836,13.699999809265137,26500
2021-01-22,13.546243667602539,14.739999771118164,15.180000305175781,13.680000305175781,13.800000190734863,213800
2021-01-25,13.656523704528809,14.859999656677246,15.5600004196167,14.3100004196167,14.890000343322754,144600
2021-01-26,14.906380653381348,16.219999313354492,16.40999984741211,14.859999656677246,14.880000114440918,184100
2021-01-27,15.79782485961914,17.190000534057617,17.600000381469727,15.550000190734863,16.260000228881836,271600
2021-01-28,15.154513359069824,16.489999771118164,18.799999237060547,16.309999465942383,17.0,294500
2021-01-29,14.786911964416504,16.09000015258789,17.809999465942383,15.170000076293945,16.860000610351562,168600
2021-02-01,14.272262573242188,15.529999732971191,16.389999389648438,15.449999809265137,16.010000228881836,279300
2021-02-02,13.87708854675293,15.100000381469727,15.979999542236328,15.010000228881836,15.800000190734863,61800
2021-02-03,13.555434226989746,14.75,15.359999656677246,14.670000076293945,15.359999656677246,84100
2021-02-04,13.32568073272705,14.5,14.859999656677246,14.239999771118164,14.670000076293945,68000
2021-02-05,14.207932472229004,15.460000038146973,15.949999809265137,14.539999961853027,14.5600004196167,74700
2021-02-08,14.906380653381348,16.219999313354492,16.899999618530273,15.40999984741211,15.40999984741211,64300
2021-02-09,15.044236183166504,16.3700008392334,16.670000076293945,15.84000015258789,16.299999237060547,163100
2021-02-10,14.71338939666748,16.010000228881836,16.530000686645508,15.920000076293945,16.200000762939453,40100
2021-02-11,14.198742866516113,15.449999809265137,16.3700008392334,15.399999618530273,16.239999771118164,63500
2021-02-12,13.656523704528809,14.859999656677246,15.279999732971191,14.710000038146973,15.279999732971191,14500
2021-02-16,14.354974746704102,15.619999885559082,15.75,14.8100004196167,15.100000381469727,53100
2021-02-17,13.959797859191895,15.1899995803833,15.800000190734863,14.869999885559082,15.6899995803833,25000
2021-02-18,13.656523704528809,14.859999656677246,15.40999984741211,14.680000305175781,15.40999984741211,267300
2021-02-19,13.417583465576172,14.600000381469727,15.75,14.520000457763672,14.84000015258789,63700
2021-02-22,13.252161026000977,14.420000076293945,16.299999237060547,14.270000457763672,14.970000267028809,25200
2021-02-23,12.755892753601074,13.880000114440918,14.90999984741211,13.880000114440918,14.5,36700
2021-02-24,12.627229690551758,13.739999771118164,14.140000343322754,13.520000457763672,13.869999885559082,68900
2021-02-25,12.921314239501953,14.0600004196167,14.289999961853027,13.789999961853027,13.789999961853027,41500
2021-02-26,12.075823783874512,13.140000343322754,14.4399995803833,13.0,14.220000267028809,71200
2021-03-01,13.362441062927246,14.539999961853027,14.970000267028809,13.5,13.550000190734863,142500
2021-03-02,13.82194709777832,15.039999961853027,15.260000228881836,14.210000038146973,14.210000038146973,63800
2021-03-03,13.794376373291016,15.010000228881836,15.520000457763672,15.0,15.029999732971191,66000
2021-03-04,13.32568073272705,14.5,15.489999771118164,14.489999771118164,15.119999885559082,116700
2021-03-05,13.69328498840332,14.899999618530273,15.079999923706055,14.550000190734863,14.770000457763672,38200
2021-03-08,13.555434226989746,14.75,15.15999984741211,14.5,14.770000457763672,40900
2021-03-09,13.74842643737793,14.960000038146973,15.34000015258789,14.720000267028809,14.75,39100
2021-03-10,13.69328498840332,14.899999618530273,15.199999809265137,14.720000267028809,14.979999542236328,33400
2021-03-11,13.647335052490234,14.850000381469727,15.09000015258789,14.609999656677246,14.960000038146973,18500
2021-03-12,13.730045318603516,14.9399995803833,14.989999771118164,14.75,14.989999771118164,56300
2021-03-15,13.656523704528809,14.859999656677246,15.199999809265137,14.609999656677246,15.0,45400
2021-03-16,13.472721099853516,14.65999984741211,15.390000343322754,14.510000228881836,15.390000343322754,46700
2021-03-17,13.785186767578125,15.0,15.619999885559082,14.850000381469727,15.619999885559082,70100
2021-03-18,14.474445343017578,15.75,15.789999961853027,14.9399995803833,15.0,83400
2021-03-19,13.941420555114746,15.170000076293945,16.049999237060547,15.109999656677246,15.760000228881836,70000
2021-03-22,13.941420555114746,15.170000076293945,15.600000381469727,15.0,15.350000381469727,44900
2021-03-23,13.913847923278809,15.140000343322754,15.470000267028809,15.0,15.470000267028809,61200
2021-03-24,13.81275749206543,15.029999732971191,15.399999618530273,15.0,15.399999618530273,86600
2021-03-25,13.371631622314453,14.550000190734863,15.119999885559082,14.300000190734863,15.0,34700
2021-03-26,13.803567886352539,15.020000457763672,15.149999618530273,14.9399995803833,15.0,68300
2021-03-29,12.774273872375488,13.899999618530273,15.149999618530273,13.760000228881836,15.149999618530273,93900
2021-03-30,12.914649963378906,13.800000190734863,13.9399995803833,13.119999885559082,13.9399995803833,86400
2021-03-31,13.036309242248535,13.930000305175781,13.9399995803833,13.430000305175781,13.9399995803833,29800
2021-04-01,13.466798782348633,14.390000343322754,14.399999618530273,13.779999732971191,14.15999984741211,52200
2021-04-05,13.157968521118164,14.0600004196167,14.619999885559082,13.949999809265137,14.260000228881836,103600
2021-04-06,13.476155281066895,14.399999618530273,14.430000305175781,14.130000114440918,14.130000114440918,68700
2021-04-07,13.438721656799316,14.359999656677246,14.460000038146973,14.020000457763672,14.399999618530273,47300
2021-04-08,12.961441993713379,13.850000381469727,14.739999771118164,13.699999809265137,14.739999771118164,33700
2021-04-09,12.849139213562012,13.729999542236328,13.970000267028809,13.40999984741211,13.710000038146973,34900
2021-04-12,12.512234687805176,13.369999885559082,13.760000228881836,13.210000038146973,13.760000228881836,27200
2021-04-13,12.250199317932129,13.09000015258789,13.529999732971191,13.010000228881836,13.25,24200
2021-04-14,12.100464820861816,12.930000305175781,13.199999809265137,12.699999809265137,13.039999961853027,36400
2021-04-15,12.034955024719238,12.859999656677246,13.0,12.649999618530273,12.890000343322754,30100
2021-04-16,12.175333023071289,13.010000228881836,13.079999923706055,12.59000015258789,12.920000076293945,39400
2021-04-19,12.512234687805176,13.369999885559082,13.470000267028809,12.789999961853027,12.869999885559082,31600
2021-04-20,12.792988777160645,13.670000076293945,13.760000228881836,13.079999923706055,13.350000381469727,34900
2021-04-21,12.718121528625488,13.59000015258789,13.880000114440918,13.520000457763672,13.619999885559082,26800
2021-04-22,12.36250114440918,13.210000038146973,13.760000228881836,13.100000381469727,13.600000381469727,43400
2021-04-23,11.997522354125977,12.819999694824219,13.25,12.65999984741211,13.119999885559082,23700
2021-04-26,12.250199317932129,13.09000015258789,13.15999984741211,13.0,13.0,50100
2021-04-27,12.390575408935547,13.239999771118164,13.239999771118164,13.0,13.0,57900
2021-04-28,12.165972709655762,13.0,13.1899995803833,13.0,13.100000381469727,13900
2021-04-29,12.559028625488281,13.420000076293945,13.949999809265137,13.300000190734863,13.300000190734863,41500
2021-04-30,12.493518829345703,13.350000381469727,13.5,13.300000190734863,13.420000076293945,39400
2021-05-03,12.484161376953125,13.34000015258789,13.5,13.300000190734863,13.5,244900
2021-05-04,12.530954360961914,13.390000343322754,13.479999542236328,13.300000190734863,13.40999984741211,77700
2021-05-05,12.493518829345703,13.350000381469727,13.460000038146973,13.300000190734863,13.460000038146973,85700
2021-05-06,12.661972045898438,13.529999732971191,13.65999984741211,13.300000190734863,13.4399995803833,63600
2021-05-07,12.502877235412598,13.359999656677246,13.880000114440918,13.300000190734863,13.630000114440918,19600
2021-05-10,12.502877235412598,13.359999656677246,13.479999542236328,13.300000190734863,13.359999656677246,1307600
2021-05-11,12.7274808883667,13.600000381469727,13.600000381469727,13.319999694824219,13.40999984741211,50000
2021-05-12,12.44672679901123,13.300000190734863,13.779999732971191,13.300000190734863,13.600000381469727,13700
2021-05-13,12.886574745178223,13.770000457763672,13.84000015258789,13.300000190734863,13.359999656677246,98700
2021-05-14,12.830423355102539,13.710000038146973,13.890000343322754,13.59000015258789,13.670000076293945,32700
2021-05-17,12.549670219421387,13.40999984741211,13.739999771118164,13.369999885559082,13.680000305175781,14600
2021-05-18,12.549670219421387,13.40999984741211,13.470000267028809,13.319999694824219,13.420000076293945,19800
2021-05-19,12.549670219421387,13.40999984741211,13.59000015258789,13.300000190734863,13.369999885559082,33600
2021-05-20,12.718121528625488,13.59000015258789,13.59000015258789,13.420000076293945,13.420000076293945,10400
2021-05-21,12.577744483947754,13.4399995803833,13.75,13.329999923706055,13.5600004196167,8700
2021-05-24,12.633896827697754,13.5,13.640000343322754,13.399999618530273,13.5,30800
2021-05-25,12.493518829345703,13.350000381469727,13.699999809265137,13.300000190734863,13.479999542236328,60800
2021-05-26,12.549670219421387,13.40999984741211,13.579999923706055,13.319999694824219,13.350000381469727,27200
2021-05-27,12.493518829345703,13.350000381469727,13.489999771118164,13.300000190734863,13.390000343322754,79000
2021-05-28,12.437368392944336,13.289999961853027,13.470000267028809,13.260000228881836,13.369999885559082,138600
2021-06-01,12.886574745178223,13.770000457763672,14.180000305175781,13.319999694824219,13.420000076293945,188200
2021-06-02,12.661972045898438,13.529999732971191,13.8100004196167,13.270000457763672,13.8100004196167,157000
2021-06-03,12.783631324768066,13.65999984741211,13.670000076293945,13.069999694824219,13.539999961853027,126800
2021-06-04,13.541665077209473,14.470000267028809,14.5,13.680000305175781,13.680000305175781,175600
2021-06-07,14.131247520446777,15.100000381469727,15.420000076293945,14.270000457763672,14.329999923706055,122200
2021-06-08,14.411999702453613,15.399999618530273,15.960000038146973,14.84000015258789,15.180000305175781,181700
2021-06-09,14.103170394897461,15.069999694824219,15.399999618530273,14.5600004196167,15.149999618530273,130200
2021-06-10,13.89521598815918,14.699999809265137,14.920000076293945,14.550000190734863,14.920000076293945,33900
2021-06-11,13.94247817993164,14.75,14.989999771118164,14.710000038146973,14.8100004196167,19700
2021-06-14,13.94247817993164,14.75,14.890000343322754,14.649999618530273,14.890000343322754,43500
2021-06-15,14.415104866027832,15.25,15.380000114440918,14.829999923706055,14.829999923706055,137500
2021-06-16,14.405652046203613,15.239999771118164,15.59000015258789,15.0,15.119999885559082,126700
2021-06-17,14.906636238098145,15.770000457763672,16.0,15.069999694824219,15.149999618530273,136800
2021-06-18,14.11262321472168,14.930000305175781,15.789999961853027,14.149999618530273,15.670000076293945,323200
2021-06-21,14.178792953491211,15.0,15.210000038146973,14.859999656677246,14.9399995803833,41600
2021-06-22,14.18824577331543,15.010000228881836,15.050000190734863,14.539999961853027,14.859999656677246,71900
2021-06-23,13.791238784790039,14.59000015258789,15.0,14.369999885559082,14.930000305175781,178800
2021-06-24,14.320579528808594,15.149999618530273,15.149999618530273,14.5,14.609999656677246,46200
2021-06-25,14.481271743774414,15.319999694824219,15.600000381469727,14.829999923706055,15.3100004196167,57500
2021-06-28,14.613607406616211,15.460000038146973,15.609999656677246,15.279999732971191,15.430000305175781,104000
2021-06-29,14.27331829071045,15.100000381469727,15.390000343322754,14.729999542236328,15.369999885559082,22600
2021-06-30,14.27331829071045,15.100000381469727,15.199999809265137,14.859999656677246,15.180000305175781,23600
2021-07-01,14.27331829071045,15.100000381469727,15.170000076293945,14.949999809265137,15.0,34600
2021-07-02,14.311127662658691,15.140000343322754,15.300000190734863,14.850000381469727,14.850000381469727,34100
2021-07-06,14.065361022949219,14.880000114440918,15.010000228881836,14.729999542236328,15.010000228881836,173800
2021-07-07,14.207149505615234,15.029999732971191,15.109999656677246,14.770000457763672,14.789999961853027,85500
2021-07-08,14.093718528747559,14.90999984741211,14.920000076293945,14.279999732971191,14.8100004196167,70400
2021-07-09,14.254411697387695,15.079999923706055,15.199999809265137,14.619999885559082,14.979999542236328,42800
2021-07-12,14.292222023010254,15.119999885559082,15.220000267028809,14.869999885559082,14.989999771118164,42400
2021-07-13,14.42455768585205,15.260000228881836,15.539999961853027,15.0,15.15999984741211,20600
2021-07-14,14.226055145263672,15.050000190734863,15.350000381469727,14.859999656677246,15.300000190734863,56800
2021-07-15,14.358389854431152,15.1899995803833,15.199999809265137,14.979999542236328,14.979999542236328,9700
2021-07-16,14.528534889221191,15.369999885559082,15.569999694824219,15.239999771118164,15.239999771118164,98900
2021-07-19,14.27331829071045,15.100000381469727,15.510000228881836,14.800000190734863,15.170000076293945,62100
2021-07-20,14.301674842834473,15.130000114440918,15.300000190734863,15.079999923706055,15.100000381469727,27500
2021-07-21,14.42455768585205,15.260000228881836,15.390000343322754,15.0600004196167,15.329999923706055,77800
2021-07-22,14.471819877624512,15.3100004196167,15.5,15.260000228881836,15.260000228881836,33400
2021-07-23,14.443462371826172,15.279999732971191,15.350000381469727,15.09000015258789,15.279999732971191,37400
2021-07-26,12.997225761413574,13.75,15.430000305175781,13.640000343322754,15.15999984741211,132500
2021-07-27,12.864889144897461,13.609999656677246,14.600000381469727,13.270000457763672,14.220000267028809,74600
2021-07-28,13.346967697143555,14.119999885559082,14.3100004196167,13.5,13.510000228881836,44500
2021-07-29,13.035036087036133,13.789999961853027,14.470000267028809,13.59000015258789,14.300000190734863,47800
2021-07-30,12.845985412597656,13.59000015258789,13.84000015258789,13.520000457763672,13.649999618530273,29100
2021-08-02,13.346967697143555,14.119999885559082,14.319999694824219,13.520000457763672,13.699999809265137,47900
2021-08-03,13.734521865844727,14.529999732971191,14.75,14.149999618530273,14.15999984741211,31100
2021-08-04,13.630544662475586,14.420000076293945,14.649999618530273,14.149999618530273,14.470000267028809,22100
2021-08-05,13.734521865844727,14.529999732971191,14.600000381469727,14.210000038146973,14.380000114440918,94100
2021-08-06,13.876311302185059,14.680000305175781,14.829999923706055,14.399999618530273,14.539999961853027,14900
2021-08-09,13.9802885055542,14.789999961853027,14.869999885559082,14.649999618530273,14.729999542236328,28000
2021-08-10,14.462367057800293,15.300000190734863,15.350000381469727,14.8100004196167,14.8100004196167,27200
2021-08-11,13.611639976501465,14.399999618530273,15.220000267028809,14.279999732971191,15.0600004196167,40200
2021-08-12,13.611639976501465,14.399999618530273,14.470000267028809,14.260000228881836,14.3100004196167,39200
2021-08-13,13.592735290527344,14.380000114440918,14.569999694824219,14.15999984741211,14.569999694824219,39200
2021-08-16,13.658903121948242,14.449999809265137,14.579999923706055,14.050000190734863,14.229999542236328,34700
2021-08-17,13.696711540222168,14.489999771118164,14.680000305175781,14.0600004196167,14.449999809265137,19100
2021-08-18,13.715618133544922,14.510000228881836,14.550000190734863,14.399999618530273,14.550000190734863,18500
2021-08-19,13.545472145080566,14.329999923706055,14.510000228881836,13.880000114440918,14.380000114440918,78300
2021-08-20,13.734521865844727,14.529999732971191,14.539999961853027,13.699999809265137,14.199999809265137,13600
2021-08-23,13.063393592834473,13.819999694824219,14.470000267028809,13.5,14.470000267028809,122500
2021-08-24,13.091752052307129,13.850000381469727,14.5600004196167,13.0,13.979999542236328,105100
2021-08-25,13.139013290405273,13.899999618530273,13.989999771118164,13.170000076293945,13.850000381469727,81600
2021-08-26,12.883795738220215,13.630000114440918,13.869999885559082,13.479999542236328,13.800000190734863,62900
2021-08-27,12.959415435791016,13.710000038146973,13.789999961853027,13.3100004196167,13.600000381469727,50000
2021-08-30,13.139013290405273,13.899999618530273,13.960000038146973,13.59000015258789,13.630000114440918,32000
2021-08-31,13.536020278930664,14.319999694824219,14.319999694824219,13.640000343322754,13.899999618530273,185000
2021-09-01,13.139013290405273,13.899999618530273,14.329999923706055,13.699999809265137,14.329999923706055,68000
2021-09-02,13.044488906860352,13.800000190734863,13.979999542236328,13.75,13.949999809265137,55000
2021-09-03,13.407631874084473,14.029999732971191,14.029999732971191,13.510000228881836,13.699999809265137,117600
2021-09-07,13.33117961883545,13.949999809265137,14.079999923706055,13.800000190734863,13.970000267028809,120100
2021-09-08,12.939367294311523,13.539999961853027,13.979999542236328,13.460000038146973,13.850000381469727,98700
2021-09-09,12.681344985961914,13.270000457763672,13.579999923706055,13.199999809265137,13.520000457763672,195500
2021-09-10,12.835994720458984,13.279999732971191,13.4399995803833,13.010000228881836,13.180000305175781,145000
2021-09-13,14.14085865020752,14.630000114440918,15.229999542236328,12.9399995803833,13.3100004196167,418800
2021-09-14,12.633015632629395,13.069999694824219,14.979999542236328,13.0,14.649999618530273,247100
2021-09-15,11.598791122436523,12.0,13.020000457763672,11.899999618530273,13.0,192500
2021-09-16,11.318486213684082,11.710000038146973,12.640000343322754,11.520000457763672,11.899999618530273,294400
2021-09-17,10.632224082946777,11.0,11.829999923706055,10.829999923706055,11.65999984741211,1636100
2021-09-20,10.854534149169922,11.229999542236328,11.289999961853027,10.529999732971191,11.119999885559082,143700
2021-09-21,11.424808502197266,11.819999694824219,12.069999694824219,11.0600004196167,11.380000114440918,113400
2021-09-22,11.424808502197266,11.819999694824219,12.0,11.699999809265137,11.710000038146973,421300
2021-09-23,11.685782432556152,12.09000015258789,12.220000267028809,11.720000267028809,11.729999542236328,80800
2021-09-24,11.937089920043945,12.350000381469727,12.630000114440918,11.9399995803833,11.9399995803833,96800
2021-09-27,11.695446968078613,12.100000381469727,12.65999984741211,11.850000381469727,12.350000381469727,247000
2021-09-28,11.453805923461914,11.850000381469727,12.40999984741211,11.75,12.15999984741211,63200
2021-09-29,11.192832946777344,11.579999923706055,12.390000343322754,11.460000038146973,11.90999984741211,24900
2021-09-30,11.637453079223633,12.039999961853027,12.34000015258789,11.359999656677246,11.579999923706055,104400
2021-10-01,11.743775367736816,12.149999618530273,12.300000190734863,11.90999984741211,12.079999923706055,59500
2021-10-04,11.70511245727539,12.109999656677246,12.289999961853027,11.899999618530273,12.029999732971191,48400
2021-10-05,12.004749298095703,12.420000076293945,12.5,12.140000343322754,12.199999809265137,14100
2021-10-06,12.033745765686035,12.449999809265137,12.5,12.170000076293945,12.390000343322754,26100
2021-10-07,12.381709098815918,12.8100004196167,13.069999694824219,12.550000190734863,12.550000190734863,75600
2021-10-08,12.87465763092041,13.319999694824219,13.390000343322754,13.0600004196167,13.0600004196167,37800
2021-10-11,12.87465763092041,13.319999694824219,13.760000228881836,12.149999618530273,12.149999618530273,91400
2021-10-12,12.633015632629395,13.069999694824219,13.229999542236328,12.890000343322754,13.229999542236328,13600
2021-10-13,12.497697830200195,12.930000305175781,13.119999885559082,12.65999984741211,13.119999885559082,33900
2021-10-14,12.864992141723633,13.3100004196167,13.350000381469727,13.020000457763672,13.09000015258789,13400
2021-10-15,12.66201400756836,13.100000381469727,13.550000190734863,12.899999618530273,13.3100004196167,23700
2021-10-18,12.565357208251953,13.0,13.40999984741211,12.949999809265137,13.039999961853027,44200
2021-10-19,12.720006942749023,13.15999984741211,13.25,13.0,13.09000015258789,38600
2021-10-20,12.913320541381836,13.359999656677246,13.630000114440918,13.039999961853027,13.239999771118164,88700
2021-10-21,13.096968650817871,13.550000190734863,13.649999618530273,13.109999656677246,13.3100004196167,89900
2021-10-22,12.855326652526855,13.300000190734863,13.4399995803833,13.020000457763672,13.3100004196167,125200
2021-10-25,13.087302207946777,13.539999961853027,13.699999809265137,12.960000038146973,13.109999656677246,95200
2021-10-26,12.700675964355469,13.140000343322754,13.40999984741211,12.829999923706055,13.210000038146973,91100
2021-10-27,13.13563060760498,13.59000015258789,13.59000015258789,12.90999984741211,13.1899995803833,847600
2021-10-28,12.87465763092041,13.319999694824219,13.710000038146973,13.199999809265137,13.5,146100
2021-10-29,12.816664695739746,13.260000228881836,13.399999618530273,13.079999923706055,13.079999923706055,86200
2021-11-01,12.768335342407227,13.210000038146973,13.420000076293945,12.9399995803833,13.300000190734863,87000
2021-11-02,12.681344985961914,13.119999885559082,13.380000114440918,12.90999984741211,13.220000267028809,95100
2021-11-03,12.816664695739746,13.260000228881836,13.390000343322754,12.8100004196167,13.029999732971191,110000
2021-11-04,12.517027854919434,12.949999809265137,13.430000305175781,12.930000305175781,13.130000114440918,95200
2021-11-05,12.66201400756836,13.100000381469727,13.199999809265137,12.949999809265137,13.050000190734863,189900
2021-11-08,12.7296724319458,13.170000076293945,13.289999961853027,13.010000228881836,13.0600004196167,69900
2021-11-09,13.096968650817871,13.550000190734863,13.569999694824219,13.100000381469727,13.229999542236328,71600
2021-11-10,13.4256010055542,13.890000343322754,14.050000190734863,13.420000076293945,13.420000076293945,173000
2021-11-11,13.74456787109375,14.220000267028809,14.520000457763672,13.880000114440918,14.0,214700
2021-11-12,13.928214073181152,14.40999984741211,14.829999923706055,14.220000267028809,14.279999732971191,208100
2021-11-15,14.024871826171875,14.510000228881836,14.899999618530273,14.180000305175781,14.420000076293945,310800
2021-11-16,14.256847381591797,14.75,14.8100004196167,14.149999618530273,14.40999984741211,143400
2021-11-17,13.84122371673584,14.319999694824219,15.25,14.149999618530273,14.760000228881836,142600
2021-11-18,13.850889205932617,14.329999923706055,14.550000190734863,13.899999618530273,14.229999542236328,128800
2021-11-19,13.821891784667969,14.300000190734863,14.520000457763672,14.100000381469727,14.390000343322754,130900
2021-11-22,13.657576560974121,14.130000114440918,14.399999618530273,14.069999694824219,14.199999809265137,94900
2021-11-23,13.860554695129395,14.34000015258789,14.420000076293945,14.029999732971191,14.130000114440918,105000
2021-11-24,13.406269073486328,13.869999885559082,14.359999656677246,13.84000015258789,14.359999656677246,117500
2021-11-26,12.758668899536133,13.199999809265137,13.739999771118164,13.0600004196167,13.739999771118164,47600
2021-11-29,12.87465763092041,13.319999694824219,13.600000381469727,13.0,13.600000381469727,1175800
2021-11-30,12.37204360961914,12.800000190734863,13.279999732971191,12.699999809265137,13.279999732971191,194600
2021-12-01,12.05307674407959,12.470000267028809,12.979999542236328,12.380000114440918,12.90999984741211,113100
2021-12-02,12.004749298095703,12.420000076293945,12.739999771118164,12.279999732971191,12.359999656677246,123900
2021-12-03,11.405478477478027,11.800000190734863,12.470000267028809,11.6899995803833,12.420000076293945,128100
2021-12-06,10.835204124450684,11.210000038146973,11.800000190734863,10.90999984741211,11.800000190734863,209200
2021-12-07,11.129105567932129,11.359999656677246,11.550000190734863,10.760000228881836,11.180000305175781,268800
2021-12-08,11.050731658935547,11.279999732971191,11.550000190734863,11.0,11.180000305175781,207300
2021-12-09,10.580488204956055,10.800000190734863,11.300000190734863,10.729999542236328,11.270000457763672,145600
2021-12-10,10.502114295959473,10.720000267028809,10.960000038146973,10.699999809265137,10.960000038146973,83400
2021-12-13,9.884919166564941,10.09000015258789,10.800000190734863,10.079999923706055,10.720000267028809,173500
2021-12-14,9.512642860412598,9.710000038146973,10.1899995803833,9.649999618530273,10.119999885559082,77300
2021-12-15,8.709309577941895,8.890000343322754,9.710000038146973,8.739999771118164,9.699999809265137,157300
2021-12-16,8.807276725769043,8.989999771118164,10.430000305175781,8.829999923706055,9.369999885559082,350900
2021-12-17,8.32723617553711,8.5,9.09000015258789,8.430000305175781,9.09000015258789,215600
2021-12-20,7.641463756561279,7.800000190734863,8.529999732971191,7.679999828338623,8.510000228881836,148400
2021-12-21,8.033333778381348,8.199999809265137,8.510000228881836,7.849999904632568,7.849999904632568,170600
2021-12-22,7.190813064575195,7.340000152587891,8.09000015258789,7.25,8.09000015258789,115900
2021-12-23,7.10264253616333,7.25,7.579999923706055,7.050000190734863,7.269999980926514,91600
2021-12-27,7.063455581665039,7.210000038146973,7.989999771118164,7.03000020980835,7.230000019073486,137700
2021-12-28,6.906707763671875,7.050000190734863,7.289999961853027,7.019999980926514,7.199999809265137,52500
2021-12-29,6.651991844177246,6.789999961853027,7.050000190734863,6.570000171661377,7.050000190734863,79700
2021-12-30,6.945894718170166,7.090000152587891,7.260000228881836,6.75,6.769999980926514,124900
2021-12-31,7.132032871246338,7.28000020980835,7.429999828338623,7.090000152587891,7.090000152587891,92300
2022-01-03,7.5336995124816895,7.690000057220459,7.789999961853027,7.380000114440918,7.380000114440918,31300
2022-01-04,7.396544933319092,7.550000190734863,7.71999979019165,7.5,7.670000076293945,31700
2022-01-05,7.288780689239502,7.440000057220459,7.840000152587891,7.380000114440918,7.489999771118164,38100
2022-01-06,7.318170547485352,7.46999979019165,7.510000228881836,7.309999942779541,7.449999809265137,11000
2022-01-07,7.259390354156494,7.409999847412109,7.699999809265137,7.309999942779541,7.699999809265137,32600
2022-01-10,7.014471530914307,7.159999847412109,7.650000095367432,6.909999847412109,7.480000019073486,70100
2022-01-11,7.2006096839904785,7.349999904632568,7.480000019073486,7.050000190734863,7.119999885559082,56000
2022-01-12,7.024268627166748,7.170000076293945,7.46999979019165,7.070000171661377,7.400000095367432,74100
2022-01-13,6.965487957000732,7.110000133514404,7.25,7.090000152587891,7.159999847412109,26800
2022-01-14,6.916504383087158,7.059999942779541,7.28000020980835,7.019999980926514,7.28000020980835,24100
2022-01-18,6.945894718170166,7.090000152587891,7.300000190734863,6.909999847412109,7.190000057220459,48100
2022-01-19,6.926301002502441,7.070000171661377,7.190000057220459,6.820000171661377,7.119999885559082,53200
2022-01-20,6.7401628494262695,6.880000114440918,7.199999809265137,6.829999923706055,7.159999847412109,28900
2022-01-21,6.612804889678955,6.75,7.019999980926514,6.710000038146973,6.840000152587891,49500
2022-01-24,6.387479782104492,6.519999980926514,6.809999942779541,6.360000133514404,6.699999809265137,52000
2022-01-25,6.7401628494262695,6.880000114440918,7.239999771118164,6.440000057220459,6.519999980926514,81100
2022-01-26,6.691178798675537,6.829999923706055,7.210000038146973,6.610000133514404,7.210000038146973,21200
2022-01-27,6.348292827606201,6.480000019073486,6.889999866485596,6.400000095367432,6.889999866485596,337000
2022-01-28,6.348292827606201,6.480000019073486,6.739999771118164,6.210000038146973,6.739999771118164,74300
2022-01-31,6.789146423339844,6.929999828338623,7.099999904632568,6.489999771118164,6.489999771118164,40100
2022-02-01,6.759756088256836,6.900000095367432,6.960000038146973,6.760000228881836,6.880000114440918,15000
2022-02-02,6.612804889678955,6.75,7.010000228881836,6.650000095367432,6.949999809265137,35900
2022-02-03,6.475650787353516,6.610000133514404,6.96999979019165,6.429999828338623,6.650000095367432,26200
2022-02-04,6.328699111938477,6.460000038146973,6.639999866485596,6.329999923706055,6.550000190734863,26300
2022-02-07,6.30910587310791,6.440000057220459,6.619999885559082,6.349999904632568,6.420000076293945,19600
2022-02-08,6.534430980682373,6.670000076293945,6.769999980926514,6.360000133514404,6.489999771118164,51600
2022-02-09,6.99487829208374,7.139999866485596,7.150000095367432,6.659999847412109,6.659999847412109,36000
2022-02-10,6.534430980682373,6.670000076293945,7.099999904632568,6.570000171661377,7.099999904632568,57000
2022-02-11,6.397276878356934,6.53000020980835,6.800000190734863,6.409999847412109,6.659999847412109,33900
2022-02-14,6.485447406768799,6.619999885559082,6.920000076293945,6.440000057220459,6.440000057220459,51200
2022-02-15,6.544227600097656,6.679999828338623,6.869999885559082,6.639999866485596,6.679999828338623,19600
2022-02-16,6.798943042755127,6.940000057220459,6.960000038146973,6.46999979019165,6.659999847412109,20500
2022-02-17,6.691178798675537,6.829999923706055,6.880000114440918,6.699999809265137,6.880000114440918,10400
2022-02-18,6.377683162689209,6.510000228881836,6.829999923706055,6.369999885559082,6.829999923706055,40400
2022-02-22,6.593211650848389,6.730000019073486,6.75,6.380000114440918,6.449999809265137,22100
2022-02-23,6.0543904304504395,6.179999828338623,6.75,6.059999942779541,6.710000038146973,41700
2022-02-24,6.358089447021484,6.489999771118164,6.5,6.010000228881836,6.070000171661377,120800
2022-02-25,6.377683162689209,6.510000228881836,6.630000114440918,6.320000171661377,6.599999904632568,34000
2022-02-28,6.544227600097656,6.679999828338623,6.769999980926514,6.429999828338623,6.480000019073486,39700
2022-03-01,6.681382179260254,6.820000171661377,7.0,6.570000171661377,6.570000171661377,26600
2022-03-02,6.6617889404296875,6.800000190734863,6.980000019073486,6.739999771118164,6.829999923706055,8700
2022-03-03,7.034065246582031,7.179999828338623,7.199999809265137,6.739999771118164,6.809999942779541,80000
2022-03-04,6.52463436126709,6.659999847412109,7.039999961853027,6.480000019073486,7.039999961853027,23700
2022-03-07,6.681382179260254,6.820000171661377,6.940000057220459,6.659999847412109,6.659999847412109,42300
2022-03-08,6.6226019859313965,6.760000228881836,7.050000190734863,6.659999847412109,7.0,28000
2022-03-09,6.710772514343262,6.849999904632568,7.190000057220459,6.599999904632568,6.829999923706055,47800
2022-03-10,6.603008270263672,6.739999771118164,6.949999809265137,6.610000133514404,6.78000020980835,23900
2022-03-11,6.505040645599365,6.639999866485596,6.769999980926514,6.610000133514404,6.699999809265137,45100
2022-03-14,6.514837741851807,6.650000095367432,6.800000190734863,6.340000152587891,6.639999866485596,69800
2022-03-15,6.2895121574401855,6.420000076293945,6.929999828338623,6.21999979019165,6.670000076293945,29000
2022-03-16,6.877317428588867,7.019999980926514,7.199999809265137,6.420000076293945,6.619999885559082,61600
2022-03-17,7.0438618659973145,7.190000057220459,7.21999979019165,7.0,7.0,28000
2022-03-18,7.5336995124816895,7.690000057220459,7.75,7.0,7.0,37700
2022-03-21,7.2397966384887695,7.389999866485596,7.78000020980835,7.190000057220459,7.380000114440918,37400
2022-03-22,7.357357978820801,7.510000228881836,7.71999979019165,7.409999847412109,7.550000190734863,17100
2022-03-23,6.945894718170166,7.090000152587891,7.559999942779541,7.059999942779541,7.449999809265137,17600
2022-03-24,7.132032871246338,7.28000020980835,7.449999809265137,7.059999942779541,7.059999942779541,16100
2022-03-25,7.024268627166748,7.170000076293945,7.320000171661377,7.059999942779541,7.25,18500
2022-03-28,6.877317428588867,7.019999980926514,7.159999847412109,6.949999809265137,7.159999847412109,431800
2022-03-29,7.10264253616333,7.25,7.440000057220459,6.900000095367432,6.900000095367432,24200
2022-03-30,7.0438618659973145,7.190000057220459,7.369999885559082,7.090000152587891,7.099999904632568,59500
2022-03-31,7.132032871246338,7.28000020980835,7.429999828338623,7.130000114440918,7.199999809265137,32000
2022-04-01,7.190813064575195,7.340000152587891,7.570000171661377,7.039999961853027,7.389999866485596,24500
2022-04-04,7.2397966384887695,7.389999866485596,7.519999980926514,7.309999942779541,7.460000038146973,8200
2022-04-05,7.171219825744629,7.320000171661377,7.5,7.309999942779541,7.440000057220459,13900
2022-04-06,7.249593734741211,7.400000095367432,7.480000019073486,7.019999980926514,7.320000171661377,14800
2022-04-07,6.759756088256836,6.900000095367432,7.480000019073486,6.900000095367432,7.340000152587891,8900
2022-04-08,7.230000019073486,7.380000114440918,7.440000057220459,7.0,7.0,25300
2022-04-11,6.630000114440918,6.630000114440918,7.130000114440918,6.579999923706055,7.130000114440918,24600
2022-04-12,6.730000019073486,6.730000019073486,7.019999980926514,6.699999809265137,6.71999979019165,8700
2022-04-13,6.300000190734863,6.300000190734863,7.059999942779541,6.010000228881836,7.059999942779541,34500
2022-04-14,6.599999904632568,6.599999904632568,6.980000019073486,6.590000152587891,6.960000038146973,22000
2022-04-18,6.429999828338623,6.429999828338623,6.889999866485596,6.300000190734863,6.880000114440918,19700
2022-04-19,6.449999809265137,6.449999809265137,6.789999961853027,6.360000133514404,6.5,21200
2022-04-20,6.420000076293945,6.420000076293945,6.820000171661377,6.309999942779541,6.480000019073486,21200
2022-04-21,6.440000057220459,6.440000057220459,6.889999866485596,6.420000076293945,6.429999828338623,9900
2022-04-22,6.409999847412109,6.409999847412109,6.590000152587891,6.300000190734863,6.510000228881836,23500
2022-04-25,6.289999961853027,6.289999961853027,6.71999979019165,6.079999923706055,6.300000190734863,37900
2022-04-26,6.150000095367432,6.150000095367432,6.369999885559082,6.079999923706055,6.369999885559082,46200
2022-04-27,6.28000020980835,6.28000020980835,6.550000190734863,6.079999923706055,6.239999771118164,20000
2022-04-28,6.21999979019165,6.21999979019165,6.440000057220459,6.079999923706055,6.139999866485596,10900
2022-04-29,6.079999923706055,6.079999923706055,6.380000114440918,6.079999923706055,6.269999980926514,31000
2022-05-02,5.900000095367432,5.900000095367432,6.170000076293945,5.78000020980835,6.139999866485596,28300
2022-05-03,5.829999923706055,5.829999923706055,6.170000076293945,5.519999980926514,5.940000057220459,46400
2022-05-04,5.909999847412109,5.909999847412109,6.099999904632568,5.840000152587891,6.010000228881836,80500
2022-05-05,6.059999942779541,6.059999942779541,6.170000076293945,5.909999847412109,5.909999847412109,16700
2022-05-06,5.5,5.5,6.130000114440918,5.300000190734863,6.059999942779541,72300
2022-05-09,5.820000171661377,5.820000171661377,5.820000171661377,5.489999771118164,5.489999771118164,15300
2022-05-10,6.5,6.5,6.539999961853027,5.78000020980835,5.78000020980835,68100
2022-05-11,6.710000038146973,6.710000038146973,6.710000038146973,6.360000133514404,6.699999809265137,41600
2022-05-12,6.610000133514404,6.610000133514404,6.739999771118164,6.429999828338623,6.539999961853027,16400
2022-05-13,6.0,6.0,6.619999885559082,5.480000019073486,6.619999885559082,724800
2022-05-16,5.510000228881836,5.510000228881836,6.239999771118164,5.46999979019165,6.039999961853027,206600
2022-05-17,5.989999771118164,5.989999771118164,6.0,5.599999904632568,5.599999904632568,98100
2022-05-18,6.0,6.0,6.0,5.630000114440918,5.840000152587891,73400
2022-05-19,5.699999809265137,5.699999809265137,5.949999809265137,5.510000228881836,5.949999809265137,111400
2022-05-20,6.210000038146973,6.210000038146973,6.21999979019165,5.559999942779541,5.679999828338623,103500
2022-05-23,6.059999942779541,6.059999942779541,6.25,5.860000133514404,6.25,82300
2022-05-24,5.570000171661377,5.570000171661377,6.070000171661377,5.559999942779541,6.059999942779541,70400
2022-05-25,5.679999828338623,5.679999828338623,5.849999904632568,5.519999980926514,5.610000133514404,107100
2022-05-26,5.659999847412109,5.659999847412109,5.909999847412109,5.550000190734863,5.650000095367432,260800
2022-05-27,5.329999923706055,5.329999923706055,5.730000019073486,5.03000020980835,5.579999923706055,270900
2022-05-31,5.130000114440918,5.130000114440918,6.099999904632568,5.0,5.269999980926514,1941000
2022-06-01,4.710000038146973,4.710000038146973,5.300000190734863,4.659999847412109,5.179999828338623,113700
2022-06-02,4.619999885559082,4.619999885559082,4.860000133514404,4.610000133514404,4.710000038146973,94100
2022-06-03,4.639999866485596,4.639999866485596,4.800000190734863,4.5,4.619999885559082,108200
2022-06-06,4.679999828338623,4.679999828338623,4.909999847412109,4.670000076293945,4.869999885559082,47800
2022-06-07,4.78000020980835,4.78000020980835,5.0,4.630000114440918,4.71999979019165,248400
2022-06-08,4.659999847412109,4.659999847412109,4.789999961853027,4.400000095367432,4.53000020980835,207000
2022-06-09,4.699999809265137,4.699999809265137,4.760000228881836,4.599999904632568,4.619999885559082,38200
2022-06-10,4.650000095367432,4.650000095367432,4.949999809265137,4.5,4.670000076293945,44800
2022-06-13,4.449999809265137,4.449999809265137,4.650000095367432,4.349999904632568,4.650000095367432,37700
2022-06-14,4.539999961853027,4.539999961853027,4.579999923706055,4.420000076293945,4.46999979019165,30900
2022-06-15,4.650000095367432,4.650000095367432,4.789999961853027,4.489999771118164,4.550000190734863,53300
2022-06-16,4.579999923706055,4.579999923706055,4.739999771118164,4.5,4.590000152587891,42900
2022-06-17,4.630000114440918,4.630000114440918,4.769999980926514,4.510000228881836,4.599999904632568,18500
2022-06-21,4.730000019073486,4.730000019073486,4.800000190734863,4.539999961853027,4.679999828338623,15100
2022-06-22,4.78000020980835,4.78000020980835,4.820000171661377,4.579999923706055,4.639999866485596,22300
2022-06-23,4.869999885559082,4.869999885559082,4.869999885559082,4.699999809265137,4.78000020980835,19800
2022-06-24,5.079999923706055,5.079999923706055,5.21999979019165,4.75,4.829999923706055,54900
2022-06-27,5.25,5.25,5.320000171661377,4.769999980926514,5.039999961853027,73500
2022-06-28,5.150000095367432,5.150000095367432,5.25,5.050000190734863,5.199999809265137,21800
2022-06-29,5.170000076293945,5.170000076293945,5.25,5.070000171661377,5.070000171661377,34500
2022-06-30,5.170000076293945,5.170000076293945,5.199999809265137,4.949999809265137,5.079999923706055,42900
2022-07-01,5.059999942779541,5.059999942779541,5.210000038146973,4.96999979019165,4.96999979019165,20400
2022-07-05,5.159999847412109,5.159999847412109,5.210000038146973,4.840000152587891,4.989999771118164,18300
2022-07-06,5.199999809265137,5.199999809265137,5.25,5.010000228881836,5.119999885559082,9500
2022-07-07,5.159999847412109,5.159999847412109,5.300000190734863,4.980000019073486,4.980000019073486,27100
2022-07-08,5.150000095367432,5.150000095367432,5.300000190734863,5.110000133514404,5.130000114440918,21300
2022-07-11,5.190000057220459,5.190000057220459,5.269999980926514,5.059999942779541,5.059999942779541,23700
2022-07-12,5.230000019073486,5.230000019073486,5.300000190734863,5.170000076293945,5.170000076293945,13100
2022-07-13,5.170000076293945,5.170000076293945,5.289999961853027,5.119999885559082,5.179999828338623,8700
2022-07-14,5.199999809265137,5.199999809265137,5.239999771118164,5.110000133514404,5.150000095367432,51200
2022-07-15,5.210000038146973,5.210000038146973,5.289999961853027,4.989999771118164,5.190000057220459,26200
2022-07-18,5.179999828338623,5.179999828338623,5.239999771118164,5.03000020980835,5.210000038146973,10900
2022-07-19,4.920000076293945,4.920000076293945,5.099999904632568,4.800000190734863,5.039999961853027,57800
2022-07-20,4.980000019073486,4.980000019073486,5.099999904632568,4.599999904632568,4.980000019073486,63100
2022-07-21,5.059999942779541,5.059999942779541,5.070000171661377,4.599999904632568,4.920000076293945,57400
2022-07-22,4.920000076293945,4.920000076293945,5.039999961853027,4.710000038146973,4.989999771118164,37900
2022-07-25,4.900000095367432,4.900000095367432,5.099999904632568,4.75,4.75,24500
2022-07-26,5.019999980926514,5.019999980926514,5.03000020980835,4.659999847412109,4.949999809265137,37200
2022-07-27,5.03000020980835,5.03000020980835,5.269999980926514,4.849999904632568,5.230000019073486,29300
2022-07-28,5.409999847412109,5.409999847412109,5.429999828338623,4.909999847412109,5.0,172200
2022-07-29,5.269999980926514,5.269999980926514,5.400000095367432,5.039999961853027,5.360000133514404,31800
2022-08-01,5.150000095367432,5.150000095367432,5.440000057220459,4.800000190734863,5.260000228881836,45900
2022-08-02,4.71999979019165,4.71999979019165,5.059999942779541,4.71999979019165,4.989999771118164,63900
2022-08-03,4.909999847412109,4.909999847412109,4.989999771118164,4.539999961853027,4.900000095367432,79400
2022-08-04,5.0,5.0,5.0,4.599999904632568,4.869999885559082,32700
2022-08-05,4.630000114440918,4.630000114440918,5.050000190734863,4.5,4.960000038146973,69100
2022-08-08,4.619999885559082,4.619999885559082,4.800000190734863,4.550000190734863,4.559999942779541,26500
2022-08-09,4.590000152587891,4.590000152587891,4.699999809265137,4.5,4.619999885559082,25000
2022-08-10,4.650000095367432,4.650000095367432,4.71999979019165,4.309999942779541,4.610000133514404,64000
2022-08-11,4.610000133514404,4.610000133514404,4.699999809265137,4.389999866485596,4.630000114440918,32200
2022-08-12,4.650000095367432,4.650000095367432,4.699999809265137,4.409999847412109,4.650000095367432,39800
2022-08-15,4.519999980926514,4.519999980926514,4.579999923706055,4.480000019073486,4.579999923706055,13000
2022-08-16,4.590000152587891,4.590000152587891,4.610000133514404,4.409999847412109,4.5,31400
2022-08-17,4.579999923706055,4.579999923706055,4.690000057220459,4.5,4.519999980926514,26500
2022-08-18,4.559999942779541,4.559999942779541,4.670000076293945,4.360000133514404,4.579999923706055,16900
2022-08-19,4.630000114440918,4.630000114440918,4.71999979019165,4.5,4.5,9600
2022-08-22,4.730000019073486,4.730000019073486,4.75,4.449999809265137,4.75,41100
2022-08-23,4.46999979019165,4.46999979019165,4.829999923706055,4.400000095367432,4.71999979019165,74200
2022-08-24,5.150000095367432,5.150000095367432,5.150000095367432,4.429999828338623,4.730000019073486,184400
2022-08-25,5.53000020980835,5.53000020980835,5.53000020980835,4.880000114440918,5.190000057220459,93400
2022-08-26,5.550000190734863,5.550000190734863,5.630000114440918,5.269999980926514,5.510000228881836,66100
2022-08-29,5.630000114440918,5.630000114440918,5.630000114440918,5.300000190734863,5.5,24500
2022-08-30,5.539999961853027,5.539999961853027,5.639999866485596,5.449999809265137,5.610000133514404,17900
2022-08-31,5.579999923706055,5.579999923706055,5.639999866485596,5.440000057220459,5.599999904632568,31300
2022-09-01,5.53000020980835,5.53000020980835,5.559999942779541,5.159999847412109,5.489999771118164,132600
2022-09-02,5.170000076293945,5.170000076293945,5.630000114440918,5.110000133514404,5.510000228881836,112800
2022-09-06,5.070000171661377,5.070000171661377,5.349999904632568,5.010000228881836,5.139999866485596,59700
2022-09-07,4.860000133514404,4.860000133514404,5.190000057220459,4.840000152587891,5.170000076293945,46000
2022-09-08,4.929999828338623,4.929999828338623,5.150000095367432,4.650000095367432,4.909999847412109,56000
2022-09-09,5.150000095367432,5.150000095367432,5.179999828338623,5.0,5.050000190734863,29600
2022-09-12,5.170000076293945,5.170000076293945,5.269999980926514,5.010000228881836,5.110000133514404,12300
2022-09-13,5.090000152587891,5.090000152587891,5.190000057220459,5.070000171661377,5.079999923706055,5000
2022-09-14,5.090000152587891,5.090000152587891,5.199999809265137,5.050000190734863,5.050000190734863,8000
2022-09-15,5.239999771118164,5.239999771118164,5.239999771118164,4.909999847412109,5.070000171661377,50500
2022-09-16,5.519999980926514,5.519999980926514,5.519999980926514,5.130000114440918,5.130000114440918,18400
2022-09-19,5.25,5.25,5.460000038146973,4.96999979019165,5.429999828338623,42600
2022-09-20,5.25,5.25,5.420000076293945,5.099999904632568,5.170000076293945,12700
2022-09-21,5.28000020980835,5.28000020980835,5.349999904632568,5.159999847412109,5.269999980926514,5100
2022-09-22,5.400000095367432,5.400000095367432,5.400000095367432,5.150000095367432,5.260000228881836,49600
2022-09-23,5.170000076293945,5.170000076293945,5.300000190734863,5.159999847412109,5.28000020980835,10100
2022-09-26,5.389999866485596,5.389999866485596,5.389999866485596,5.079999923706055,5.190000057220459,9100
2022-09-27,5.269999980926514,5.269999980926514,5.480000019073486,5.070000171661377,5.329999923706055,43700
2022-09-28,5.110000133514404,5.110000133514404,5.320000171661377,5.099999904632568,5.230000019073486,35400
2022-09-29,5.199999809265137,5.199999809265137,5.199999809265137,5.019999980926514,5.059999942779541,14900
2022-09-30,5.019999980926514,5.019999980926514,5.570000171661377,5.010000228881836,5.210000038146973,28900
2022-10-03,5.25,5.25,5.269999980926514,5.019999980926514,5.050000190734863,23400
2022-10-04,5.590000152587891,5.590000152587891,5.590000152587891,5.199999809265137,5.340000152587891,20200
2022-10-05,5.650000095367432,5.650000095367432,5.650000095367432,5.369999885559082,5.53000020980835,21300
2022-10-06,5.650000095367432,5.650000095367432,5.650000095367432,5.449999809265137,5.630000114440918,19700
2022-10-07,5.349999904632568,5.349999904632568,5.639999866485596,5.349999904632568,5.619999885559082,25400
2022-10-10,5.539999961853027,5.539999961853027,5.539999961853027,5.110000133514404,5.239999771118164,23000
2022-10-11,5.28000020980835,5.28000020980835,5.519999980926514,5.179999828338623,5.440000057220459,18600
2022-10-12,5.059999942779541,5.059999942779541,5.5,5.050000190734863,5.5,25300
2022-10-13,5.099999904632568,5.099999904632568,5.230000019073486,4.909999847412109,5.050000190734863,21500
2022-10-14,5.010000228881836,5.010000228881836,5.309999942779541,5.0,5.110000133514404,17700
2022-10-17,5.0,5.0,5.110000133514404,4.980000019073486,5.039999961853027,20100
2022-10-18,5.079999923706055,5.079999923706055,5.179999828338623,5.0,5.159999847412109,18100
2022-10-19,5.059999942779541,5.059999942779541,5.139999866485596,4.980000019073486,4.980000019073486,12000
2022-10-20,5.099999904632568,5.099999904632568,5.420000076293945,5.0,5.099999904632568,11200
2022-10-21,5.050000190734863,5.050000190734863,5.179999828338623,5.010000228881836,5.090000152587891,10500
2022-10-24,4.869999885559082,4.869999885559082,5.130000114440918,4.630000114440918,5.010000228881836,34900
2022-10-25,4.949999809265137,4.949999809265137,5.019999980926514,4.630000114440918,4.889999866485596,43200
2022-10-26,5.010000228881836,5.010000228881836,5.03000020980835,4.849999904632568,4.949999809265137,19300
2022-10-27,5.079999923706055,5.079999923706055,5.079999923706055,4.949999809265137,4.949999809265137,1170300
2022-10-28,4.869999885559082,4.869999885559082,5.070000171661377,4.860000133514404,5.010000228881836,14300
2022-10-31,4.829999923706055,4.829999923706055,4.96999979019165,4.75,4.840000152587891,10800
2022-11-01,4.75,4.75,4.940000057220459,4.71999979019165,4.940000057220459,18100
2022-11-02,4.949999809265137,4.949999809265137,4.960000038146973,4.699999809265137,4.71999979019165,12100
2022-11-03,5.050000190734863,5.050000190734863,5.199999809265137,4.800000190734863,5.079999923706055,54400
2022-11-04,5.010000228881836,5.010000228881836,5.21999979019165,4.860000133514404,5.179999828338623,15300
2022-11-07,4.949999809265137,4.949999809265137,5.300000190734863,4.860000133514404,5.010000228881836,12900
2022-11-08,5.0,5.0,5.0,4.820000171661377,4.960000038146973,7400
2022-11-09,4.849999904632568,4.849999904632568,4.869999885559082,4.71999979019165,4.760000228881836,11100
2022-11-10,5.0,5.0,5.0,4.809999942779541,4.920000076293945,16100
2022-11-11,4.920000076293945,4.920000076293945,5.059999942779541,4.849999904632568,5.050000190734863,14000
2022-11-14,5.03000020980835,5.03000020980835,5.170000076293945,4.869999885559082,4.929999828338623,15700
2022-11-15,5.199999809265137,5.199999809265137,5.199999809265137,4.920000076293945,5.079999923706055,15200
2022-11-16,4.869999885559082,4.869999885559082,5.130000114440918,4.869999885559082,5.130000114440918,14900
2022-11-17,4.789999961853027,4.789999961853027,5.0,4.550000190734863,4.869999885559082,51200
2022-11-18,4.659999847412109,4.659999847412109,5.039999961853027,4.53000020980835,4.75,23900
2022-11-21,4.369999885559082,4.369999885559082,4.75,4.369999885559082,4.659999847412109,24800
2022-11-22,4.5,4.5,4.599999904632568,4.349999904632568,4.349999904632568,21000
2022-11-23,4.809999942779541,4.809999942779541,4.809999942779541,4.559999942779541,4.599999904632568,8900
2022-11-25,4.75,4.75,4.829999923706055,4.75,4.769999980926514,9200
2022-11-28,4.550000190734863,4.550000190734863,4.849999904632568,4.519999980926514,4.739999771118164,30100
2022-11-29,4.550000190734863,4.550000190734863,4.75,4.550000190734863,4.679999828338623,16700
2022-11-30,4.619999885559082,4.619999885559082,4.78000020980835,4.510000228881836,4.550000190734863,24000
2022-12-01,5.010000228881836,5.010000228881836,5.130000114440918,4.630000114440918,4.630000114440918,72900
2022-12-02,6.400000095367432,6.400000095367432,6.480000019073486,4.960000038146973,5.090000152587891,74200
2022-12-05,6.650000095367432,6.650000095367432,6.699999809265137,6.349999904632568,6.460000038146973,38400
2022-12-06,7.0,7.0,7.050000190734863,6.599999904632568,6.659999847412109,55400
2022-12-07,7.25,7.25,7.380000114440918,6.900000095367432,6.949999809265137,29600
2022-12-08,7.75,7.75,7.800000190734863,7.150000095367432,7.150000095367432,113000
2022-12-09,7.75,7.75,7.980000019073486,7.699999809265137,7.699999809265137,53500
2022-12-12,7.400000095367432,7.400000095367432,7.75,7.260000228881836,7.75,60100
2022-12-13,7.599999904632568,7.599999904632568,7.699999809265137,7.349999904632568,7.46999979019165,53000
2022-12-14,7.599999904632568,7.599999904632568,7.639999866485596,7.400000095367432,7.599999904632568,34700
2022-12-15,7.510000228881836,7.510000228881836,7.639999866485596,7.269999980926514,7.639999866485596,33700
2022-12-16,7.559999942779541,7.559999942779541,7.730000019073486,7.269999980926514,7.480000019073486,27400
2022-12-19,8.220000267028809,8.220000267028809,8.789999961853027,7.630000114440918,7.679999828338623,143200
2022-12-20,8.010000228881836,8.010000228881836,8.449999809265137,8.0,8.220000267028809,48700
2022-12-21,8.199999809265137,8.199999809265137,8.300000190734863,8.0,8.0600004196167,41400
2022-12-22,8.069999694824219,8.069999694824219,8.270000457763672,7.949999809265137,8.170000076293945,28600
2022-12-23,7.75,7.75,8.100000381469727,7.75,8.100000381469727,29400
2022-12-27,8.0,8.0,8.25,7.769999980926514,7.769999980926514,31400
2022-12-28,7.5,7.5,8.100000381469727,7.5,8.010000228881836,45000
2022-12-29,7.260000228881836,7.260000228881836,7.739999771118164,7.239999771118164,7.559999942779541,64100
2022-12-30,7.400000095367432,7.400000095367432,7.559999942779541,7.21999979019165,7.260000228881836,35500
2023-01-03,7.190000057220459,7.190000057220459,7.730000019073486,7.019999980926514,7.510000228881836,40100
2023-01-04,7.21999979019165,7.21999979019165,7.420000076293945,7.090000152587891,7.230000019073486,34600
2023-01-05,6.869999885559082,6.869999885559082,7.289999961853027,6.840000152587891,7.130000114440918,39600
2023-01-06,7.130000114440918,7.130000114440918,7.130000114440918,6.590000152587891,6.760000228881836,35600
2023-01-09,7.21999979019165,7.21999979019165,7.300000190734863,7.099999904632568,7.139999866485596,34000
2023-01-10,7.150000095367432,7.150000095367432,7.329999923706055,7.150000095367432,7.179999828338623,32700
2023-01-11,7.199999809265137,7.199999809265137,7.420000076293945,7.119999885559082,7.119999885559082,20100
2023-01-12,7.0,7.0,7.239999771118164,7.0,7.150000095367432,22100
2023-01-13,7.239999771118164,7.239999771118164,7.260000228881836,7.039999961853027,7.039999961853027,27100
2023-01-17,6.900000095367432,6.900000095367432,7.289999961853027,6.900000095367432,7.239999771118164,30600
2023-01-18,7.059999942779541,7.059999942779541,7.170000076293945,6.889999866485596,6.929999828338623,31800
2023-01-19,7.159999847412109,7.159999847412109,7.230000019073486,7.079999923706055,7.159999847412109,22800
2023-01-20,7.28000020980835,7.28000020980835,7.360000133514404,7.210000038146973,7.269999980926514,26400
2023-01-23,7.420000076293945,7.420000076293945,7.679999828338623,7.239999771118164,7.28000020980835,38700
2023-01-24,7.429999828338623,7.429999828338623,7.559999942779541,7.369999885559082,7.409999847412109,32600
2023-01-25,7.679999828338623,7.679999828338623,7.710000038146973,7.349999904632568,7.46999979019165,25300
2023-01-26,7.820000171661377,7.820000171661377,7.869999885559082,7.670000076293945,7.760000228881836,22900
2023-01-27,7.710000038146973,7.710000038146973,7.809999942779541,7.599999904632568,7.75,34200
2023-01-30,7.539999961853027,7.539999961853027,7.699999809265137,7.510000228881836,7.590000152587891,21700
2023-01-31,7.760000228881836,7.760000228881836,7.809999942779541,7.510000228881836,7.510000228881836,26800
2023-02-01,7.710000038146973,7.710000038146973,7.820000171661377,7.619999885559082,7.75,24800
2023-02-02,7.889999866485596,7.889999866485596,7.889999866485596,7.619999885559082,7.730000019073486,30000
2023-02-03,7.599999904632568,7.599999904632568,7.869999885559082,7.599999904632568,7.78000020980835,27800
2023-02-06,7.25,7.25,7.690000057220459,7.179999828338623,7.590000152587891,32700
2023-02-07,7.599999904632568,7.599999904632568,7.650000095367432,7.210000038146973,7.539999961853027,31600
2023-02-08,7.800000190734863,7.800000190734863,7.889999866485596,7.610000133514404,7.630000114440918,19800
2023-02-09,7.769999980926514,7.769999980926514,7.920000076293945,7.690000057220459,7.869999885559082,31400
2023-02-10,7.75,7.75,7.889999866485596,7.670000076293945,7.829999923706055,30500
2023-02-13,7.650000095367432,7.650000095367432,7.980000019073486,7.460000038146973,7.760000228881836,32000
2023-02-14,7.760000228881836,7.760000228881836,7.989999771118164,7.489999771118164,7.610000133514404,25300
2023-02-15,7.860000133514404,7.860000133514404,7.980000019073486,7.579999923706055,7.699999809265137,34800
2023-02-16,7.760000228881836,7.760000228881836,7.860000133514404,7.650000095367432,7.800000190734863,42700
2023-02-17,8.029999732971191,8.029999732971191,8.050000190734863,7.71999979019165,7.71999979019165,28700
2023-02-21,7.860000133514404,7.860000133514404,8.09000015258789,7.769999980926514,7.929999828338623,19400
2023-02-22,7.949999809265137,7.949999809265137,8.0600004196167,7.789999961853027,7.860000133514404,27200
2023-02-23,8.020000457763672,8.020000457763672,8.109999656677246,7.900000095367432,7.929999828338623,28800
2023-02-24,7.809999942779541,7.809999942779541,8.010000228881836,7.690000057220459,7.940000057220459,40100
2023-02-27,7.820000171661377,7.820000171661377,7.96999979019165,7.730000019073486,7.96999979019165,21700
2023-02-28,7.599999904632568,7.599999904632568,7.869999885559082,7.599999904632568,7.760000228881836,26900
2023-03-01,7.53000020980835,7.53000020980835,7.800000190734863,7.53000020980835,7.71999979019165,33300
2023-03-02,8.279999732971191,8.279999732971191,8.300000190734863,7.519999980926514,7.519999980926514,68300
2023-03-03,8.289999961853027,8.289999961853027,8.399999618530273,8.180000305175781,8.329999923706055,40800
2023-03-06,8.300000190734863,8.300000190734863,8.369999885559082,8.140000343322754,8.289999961853027,18000
2023-03-07,8.210000038146973,8.210000038146973,8.319999694824219,8.039999961853027,8.3100004196167,26400
2023-03-08,8.180000305175781,8.180000305175781,8.279999732971191,8.09000015258789,8.220000267028809,20800
2023-03-09,8.170000076293945,8.170000076293945,8.279999732971191,8.039999961853027,8.09000015258789,29200
2023-03-10,8.1899995803833,8.1899995803833,8.289999961853027,8.010000228881836,8.180000305175781,16000
2023-03-13,8.020000457763672,8.020000457763672,8.130000114440918,8.010000228881836,8.130000114440918,22000
2023-03-14,8.029999732971191,8.029999732971191,9.100000381469727,7.889999866485596,8.100000381469727,114400
2023-03-15,8.100000381469727,8.100000381469727,8.210000038146973,7.900000095367432,8.0,25500
2023-03-16,8.300000190734863,8.300000190734863,8.4399995803833,8.010000228881836,8.010000228881836,29100
2023-03-17,8.0,8.0,8.529999732971191,7.650000095367432,8.300000190734863,113500
2023-03-20,7.75,7.75,8.09000015258789,7.690000057220459,8.010000228881836,26400
2023-03-21,7.920000076293945,7.920000076293945,8.119999885559082,7.679999828338623,7.769999980926514,24900
2023-03-22,8.069999694824219,8.069999694824219,8.239999771118164,7.949999809265137,7.949999809265137,21700
2023-03-23,8.15999984741211,8.15999984741211,8.319999694824219,8.100000381469727,8.260000228881836,24000
2023-03-24,8.319999694824219,8.319999694824219,8.34000015258789,8.039999961853027,8.130000114440918,25400
2023-03-27,8.449999809265137,8.449999809265137,8.449999809265137,8.260000228881836,8.260000228881836,22400
2023-03-28,8.430000305175781,8.430000305175781,8.539999961853027,8.369999885559082,8.489999771118164,25200
2023-03-29,8.239999771118164,8.239999771118164,8.630000114440918,8.149999618530273,8.460000038146973,30800
2023-03-30,8.399999618530273,8.399999618530273,8.510000228881836,8.1899995803833,8.239999771118164,31100
2023-03-31,8.680000305175781,8.680000305175781,8.739999771118164,8.369999885559082,8.369999885559082,40000
2023-04-03,8.800000190734863,8.800000190734863,8.930000305175781,8.680000305175781,8.680000305175781,26300
2023-04-04,9.039999961853027,9.039999961853027,9.039999961853027,8.850000381469727,8.859999656677246,27100
2023-04-05,9.119999885559082,9.119999885559082,9.149999618530273,8.930000305175781,9.079999923706055,34100
2023-04-06,9.130000114440918,9.130000114440918,9.329999923706055,9.079999923706055,9.149999618530273,25900
2023-04-10,9.25,9.25,9.5,9.130000114440918,9.1899995803833,27600
2023-04-11,9.4399995803833,9.4399995803833,9.479999542236328,9.109999656677246,9.279999732971191,17900
2023-04-12,9.449999809265137,9.449999809265137,9.539999961853027,9.079999923706055,9.5,24400
2023-04-13,8.920000076293945,8.920000076293945,9.300000190734863,8.510000228881836,8.510000228881836,15800
2023-04-14,8.680000305175781,8.680000305175781,8.960000038146973,8.680000305175781,8.869999885559082,12000
2023-04-17,8.470000267028809,8.470000267028809,8.789999961853027,8.470000267028809,8.65999984741211,21700
2023-04-18,8.890000343322754,8.890000343322754,8.930000305175781,8.489999771118164,8.5,23700
2023-04-19,9.0,9.0,9.010000228881836,8.84000015258789,8.899999618530273,14400
2023-04-20,8.710000038146973,8.710000038146973,9.010000228881836,8.699999809265137,8.949999809265137,6100
2023-04-21,8.770000457763672,8.770000457763672,8.869999885559082,8.449999809265137,8.699999809265137,11300
2023-04-24,8.680000305175781,8.680000305175781,8.90999984741211,8.350000381469727,8.699999809265137,22300
2023-04-25,8.380000114440918,8.380000114440918,8.729999542236328,8.09000015258789,8.609999656677246,12700
2023-04-26,8.25,8.25,8.5,8.09000015258789,8.319999694824219,15500
2023-04-27,8.359999656677246,8.359999656677246,8.6899995803833,8.039999961853027,8.300000190734863,24000
2023-04-28,8.25,8.25,8.449999809265137,8.09000015258789,8.180000305175781,15900
2023-05-01,8.15999984741211,8.15999984741211,8.3100004196167,8.029999732971191,8.3100004196167,22000
2023-05-02,8.140000343322754,8.140000343322754,8.25,8.130000114440918,8.140000343322754,6900
2023-05-03,8.0,8.0,8.270000457763672,8.0,8.199999809265137,13200
2023-05-04,7.900000095367432,7.900000095367432,8.199999809265137,7.900000095367432,8.039999961853027,8500
2023-05-05,7.909999847412109,7.909999847412109,8.130000114440918,7.900000095367432,7.900000095367432,8800
2023-05-08,7.849999904632568,7.849999904632568,8.199999809265137,7.849999904632568,8.020000457763672,6100
2023-05-09,7.5,7.5,8.09000015258789,7.5,7.840000152587891,8900
2023-05-10,7.130000114440918,7.130000114440918,7.639999866485596,7.119999885559082,7.590000152587891,26500
2023-05-11,7.420000076293945,7.420000076293945,7.510000228881836,7.159999847412109,7.179999828338623,78200
2023-05-12,7.300000190734863,7.300000190734863,7.550000190734863,6.96999979019165,7.489999771118164,59200
2023-05-15,7.050000190734863,7.050000190734863,7.46999979019165,7.050000190734863,7.369999885559082,60600
2023-05-16,7.190000057220459,7.190000057220459,7.289999961853027,7.0,7.0,41700
2023-05-17,7.340000152587891,7.340000152587891,7.349999904632568,7.119999885559082,7.139999866485596,15100
2023-05-18,7.699999809265137,7.699999809265137,7.699999809265137,7.090000152587891,7.349999904632568,30200
2023-05-19,7.53000020980835,7.53000020980835,8.020000457763672,7.440000057220459,7.75,34500
2023-05-22,7.5,7.5,7.650000095367432,7.269999980926514,7.559999942779541,28900
2023-05-23,7.610000133514404,7.610000133514404,7.900000095367432,7.400000095367432,7.460000038146973,36500
2023-05-24,7.300000190734863,7.300000190734863,7.96999979019165,7.090000152587891,7.96999979019165,51700
2023-05-25,7.309999942779541,7.309999942779541,7.53000020980835,6.989999771118164,7.309999942779541,50300
2023-05-26,6.510000228881836,6.510000228881836,7.489999771118164,6.510000228881836,7.25,75100
2023-05-30,8.319999694824219,8.319999694824219,8.789999961853027,6.849999904632568,6.849999904632568,419700
2023-05-31,8.0,8.0,8.539999961853027,7.789999961853027,8.539999961853027,164500
2023-06-01,8.029999732971191,8.029999732971191,8.079999923706055,7.449999809265137,7.829999923706055,125400
2023-06-02,8.289999961853027,8.289999961853027,8.319999694824219,7.699999809265137,8.039999961853027,163100
2023-06-05,7.880000114440918,7.880000114440918,8.359999656677246,7.880000114440918,8.300000190734863,71600
2023-06-06,7.679999828338623,7.679999828338623,8.0600004196167,7.460000038146973,8.0600004196167,109800
2023-06-07,7.949999809265137,7.949999809265137,8.199999809265137,7.579999923706055,7.579999923706055,61500
2023-06-08,7.619999885559082,7.619999885559082,8.220000267028809,7.510000228881836,7.949999809265137,148300
2023-06-09,7.690000057220459,7.690000057220459,7.829999923706055,7.449999809265137,7.619999885559082,107600
2023-06-12,7.849999904632568,7.849999904632568,8.0600004196167,7.590000152587891,7.679999828338623,37900
2023-06-13,7.800000190734863,7.800000190734863,7.980000019073486,7.690000057220459,7.860000133514404,39600
2023-06-14,8.149999618530273,8.149999618530273,8.210000038146973,7.800000190734863,7.800000190734863,55300
2023-06-15,8.260000228881836,8.260000228881836,8.3100004196167,8.050000190734863,8.069999694824219,39200
2023-06-16,8.260000228881836,8.260000228881836,8.289999961853027,8.050000190734863,8.15999984741211,23300
2023-06-20,7.699999809265137,7.699999809265137,8.170000076293945,7.670000076293945,8.170000076293945,52800
2023-06-21,7.550000190734863,7.550000190734863,8.0,7.449999809265137,7.599999904632568,68200
2023-06-22,7.78000020980835,7.78000020980835,7.96999979019165,7.550000190734863,7.550000190734863,47800
2023-06-23,7.559999942779541,7.559999942779541,7.920000076293945,7.420000076293945,7.650000095367432,63600
2023-06-26,7.849999904632568,7.849999904632568,7.900000095367432,7.440000057220459,7.5,49900
2023-06-27,7.96999979019165,7.96999979019165,8.130000114440918,7.760000228881836,7.760000228881836,44100
2023-06-28,8.130000114440918,8.130000114440918,8.180000305175781,7.699999809265137,7.710000038146973,51900
2023-06-29,8.010000228881836,8.010000228881836,8.399999618530273,7.789999961853027,8.170000076293945,58300
2023-06-30,8.3100004196167,8.3100004196167,8.579999923706055,8.020000457763672,8.020000457763672,87000
2023-07-03,8.390000343322754,8.390000343322754,8.550000190734863,8.140000343322754,8.420000076293945,19900
2023-07-05,8.020000457763672,8.020000457763672,8.319999694824219,7.809999942779541,8.25,37200
2023-07-06,8.09000015258789,8.09000015258789,8.09000015258789,7.789999961853027,7.909999847412109,43900
2023-07-07,7.659999847412109,7.659999847412109,8.09000015258789,7.639999866485596,8.079999923706055,38700
2023-07-10,7.690000057220459,7.690000057220459,7.989999771118164,7.619999885559082,7.619999885559082,87500
2023-07-11,7.550000190734863,7.550000190734863,7.860000133514404,7.510000228881836,7.630000114440918,44100
2023-07-12,7.409999847412109,7.409999847412109,7.599999904632568,7.300000190734863,7.599999904632568,54400
2023-07-13,7.449999809265137,7.449999809265137,7.559999942779541,7.28000020980835,7.329999923706055,32100
2023-07-14,7.460000038146973,7.460000038146973,7.769999980926514,7.420000076293945,7.53000020980835,21800
2023-07-17,7.510000228881836,7.510000228881836,7.590000152587891,7.320000171661377,7.360000133514404,22500
2023-07-18,7.539999961853027,7.539999961853027,7.579999923706055,7.309999942779541,7.579999923706055,11700
2023-07-19,7.389999866485596,7.389999866485596,7.570000171661377,7.25,7.5,22800
2023-07-20,7.5,7.5,7.570000171661377,7.199999809265137,7.380000114440918,20300
2023-07-21,7.380000114440918,7.380000114440918,7.570000171661377,7.199999809265137,7.420000076293945,44000
2023-07-24,7.360000133514404,7.360000133514404,7.5,7.21999979019165,7.460000038146973,16600
2023-07-25,7.21999979019165,7.21999979019165,7.46999979019165,7.199999809265137,7.449999809265137,18500
2023-07-26,7.150000095367432,7.150000095367432,7.46999979019165,6.769999980926514,7.230000019073486,29300
2023-07-27,6.820000171661377,6.820000171661377,7.46999979019165,6.800000190734863,7.059999942779541,43700
2023-07-28,7.150000095367432,7.150000095367432,7.190000057220459,6.679999828338623,7.0,42000
2023-07-31,7.119999885559082,7.119999885559082,7.429999828338623,7.050000190734863,7.050000190734863,6100
2023-08-01,6.929999828338623,6.929999828338623,7.239999771118164,6.900000095367432,7.119999885559082,35800
2023-08-02,6.53000020980835,6.53000020980835,6.96999979019165,6.53000020980835,6.929999828338623,18400
2023-08-03,6.980000019073486,6.980000019073486,6.989999771118164,6.289999961853027,6.75,30400
2023-08-04,6.679999828338623,6.679999828338623,7.239999771118164,6.650000095367432,6.869999885559082,36000
2023-08-07,6.519999980926514,6.519999980926514,7.0,6.400000095367432,6.800000190734863,59000
2023-08-08,6.309999942779541,6.309999942779541,6.809999942779541,6.28000020980835,6.809999942779541,56100
2023-08-09,6.409999847412109,6.409999847412109,6.550000190734863,6.199999809265137,6.289999961853027,28000
2023-08-10,6.53000020980835,6.53000020980835,6.699999809265137,6.289999961853027,6.420000076293945,40700
2023-08-11,6.670000076293945,6.670000076293945,6.96999979019165,6.28000020980835,6.53000020980835,33800
2023-08-14,7.179999828338623,7.179999828338623,7.179999828338623,6.679999828338623,6.679999828338623,38900
2023-08-15,6.53000020980835,6.53000020980835,7.170000076293945,6.510000228881836,7.170000076293945,60300
2023-08-16,6.349999904632568,6.349999904632568,6.590000152587891,6.019999980926514,6.590000152587891,82300
2023-08-17,6.110000133514404,6.110000133514404,6.440000057220459,5.769999980926514,6.340000152587891,71700
2023-08-18,5.880000114440918,5.880000114440918,6.03000020980835,5.699999809265137,5.960000038146973,60000
2023-08-21,5.829999923706055,5.829999923706055,6.119999885559082,5.650000095367432,5.840000152587891,74800
2023-08-22,5.730000019073486,5.730000019073486,6.190000057220459,5.650000095367432,5.920000076293945,43600
2023-08-23,5.840000152587891,5.840000152587891,6.139999866485596,5.670000076293945,5.769999980926514,34900
2023-08-24,6.019999980926514,6.019999980926514,6.039999961853027,5.659999847412109,5.659999847412109,28200
2023-08-25,6.010000228881836,6.010000228881836,6.099999904632568,5.78000020980835,6.019999980926514,25400
2023-08-28,6.210000038146973,6.210000038146973,6.210000038146973,6.0,6.0,19900
2023-08-29,6.349999904632568,6.349999904632568,6.349999904632568,5.980000019073486,6.21999979019165,37700
2023-08-30,7.110000133514404,7.110000133514404,7.760000228881836,6.300000190734863,6.300000190734863,186400
2023-08-31,6.710000038146973,6.710000038146973,7.210000038146973,6.519999980926514,6.889999866485596,65200
2023-09-01,7.25,7.25,7.480000019073486,6.710000038146973,7.119999885559082,81800
2023-09-05,7.239999771118164,7.239999771118164,7.25,6.840000152587891,7.179999828338623,61300
2023-09-06,7.170000076293945,7.170000076293945,7.519999980926514,6.809999942779541,7.210000038146973,44800
2023-09-07,6.96999979019165,6.96999979019165,7.28000020980835,6.639999866485596,6.699999809265137,26400
2023-09-08,7.119999885559082,7.119999885559082,7.420000076293945,6.840000152587891,7.300000190734863,40200
2023-09-11,7.260000228881836,7.260000228881836,7.389999866485596,6.920000076293945,6.949999809265137,50100
2023-09-12,7.300000190734863,7.300000190734863,7.420000076293945,7.050000190734863,7.25,32700
2023-09-13,7.360000133514404,7.360000133514404,7.449999809265137,7.110000133514404,7.289999961853027,29300
2023-09-14,7.380000114440918,7.380000114440918,7.460000038146973,7.139999866485596,7.449999809265137,29100
2023-09-15,7.420000076293945,7.420000076293945,7.489999771118164,7.170000076293945,7.289999961853027,63200
2023-09-18,7.239999771118164,7.239999771118164,7.449999809265137,7.010000228881836,7.389999866485596,23800
2023-09-19,7.289999961853027,7.289999961853027,7.449999809265137,7.010000228881836,7.010000228881836,31800
2023-09-20,7.349999904632568,7.349999904632568,7.420000076293945,7.019999980926514,7.389999866485596,34200
2023-09-21,7.170000076293945,7.170000076293945,7.28000020980835,7.039999961853027,7.150000095367432,19200
2023-09-22,7.349999904632568,7.349999904632568,7.349999904632568,7.119999885559082,7.329999923706055,18000
2023-09-25,7.449999809265137,7.449999809265137,7.539999961853027,7.230000019073486,7.360000133514404,23800
2023-09-26,7.449999809265137,7.449999809265137,7.550000190734863,7.320000171661377,7.449999809265137,25900
2023-09-27,7.599999904632568,7.599999904632568,7.730000019073486,7.409999847412109,7.420000076293945,19400
2023-09-28,7.349999904632568,7.349999904632568,7.679999828338623,7.349999904632568,7.619999885559082,35300
2023-09-29,7.210000038146973,7.210000038146973,7.71999979019165,7.070000171661377,7.46999979019165,33000
2023-10-02,7.380000114440918,7.380000114440918,7.380000114440918,7.070000171661377,7.300000190734863,13600
2023-10-03,7.159999847412109,7.159999847412109,7.289999961853027,7.059999942779541,7.289999961853027,10400
2023-10-04,7.360000133514404,7.360000133514404,7.480000019073486,7.130000114440918,7.349999904632568,24100
2023-10-05,7.360000133514404,7.360000133514404,7.460000038146973,7.010000228881836,7.440000057220459,10500
2023-10-06,7.429999828338623,7.429999828338623,7.539999961853027,7.289999961853027,7.289999961853027,5300
2023-10-09,7.329999923706055,7.329999923706055,7.449999809265137,7.179999828338623,7.449999809265137,13200
2023-10-10,7.309999942779541,7.309999942779541,7.449999809265137,7.309999942779541,7.349999904632568,10200
2023-10-11,7.300000190734863,7.300000190734863,7.380000114440918,7.300000190734863,7.380000114440918,1500
2023-10-12,7.210000038146973,7.210000038146973,7.510000228881836,7.050000190734863,7.199999809265137,24200
2023-10-13,7.269999980926514,7.269999980926514,7.269999980926514,7.099999904632568,7.099999904632568,9100
2023-10-16,7.269999980926514,7.269999980926514,7.53000020980835,7.050000190734863,7.190000057220459,15800
2023-10-17,7.300000190734863,7.300000190734863,7.420000076293945,7.130000114440918,7.380000114440918,23000
2023-10-18,7.050000190734863,7.050000190734863,7.230000019073486,6.960000038146973,7.170000076293945,32900
2023-10-19,7.090000152587891,7.090000152587891,7.099999904632568,6.860000133514404,7.099999904632568,26900
2023-10-20,7.070000171661377,7.070000171661377,7.150000095367432,6.900000095367432,7.119999885559082,6300
2023-10-23,7.159999847412109,7.159999847412109,7.199999809265137,7.0,7.110000133514404,9100
2023-10-24,7.300000190734863,7.300000190734863,7.300000190734863,7.070000171661377,7.21999979019165,11000
2023-10-25,7.309999942779541,7.309999942779541,7.460000038146973,7.300000190734863,7.409999847412109,2300
2023-10-26,7.269999980926514,7.269999980926514,7.46999979019165,7.269999980926514,7.269999980926514,2400
2023-10-27,7.130000114440918,7.130000114440918,7.449999809265137,7.099999904632568,7.400000095367432,8800
2023-10-30,7.139999866485596,7.139999866485596,7.300000190734863,7.059999942779541,7.090000152587891,9100
2023-10-31,6.570000171661377,6.570000171661377,7.21999979019165,6.550000190734863,7.03000020980835,37700
2023-11-01,6.679999828338623,6.679999828338623,6.789999961853027,6.550000190734863,6.769999980926514,19100
2023-11-02,6.980000019073486,6.980000019073486,7.079999923706055,6.699999809265137,6.820000171661377,8900
2023-11-03,6.860000133514404,6.860000133514404,7.059999942779541,6.75,7.03000020980835,10600
2023-11-06,6.849999904632568,6.849999904632568,7.090000152587891,6.789999961853027,6.909999847412109,7500
2023-11-07,6.699999809265137,6.699999809265137,6.96999979019165,6.699999809265137,6.800000190734863,10700
2023-11-08,6.829999923706055,6.829999923706055,7.110000133514404,6.78000020980835,6.800000190734863,21500
2023-11-09,6.849999904632568,6.849999904632568,7.150000095367432,6.710000038146973,6.920000076293945,13400
2023-11-10,7.050000190734863,7.050000190734863,7.059999942779541,6.75,6.75,9700
2023-11-13,6.800000190734863,6.800000190734863,6.989999771118164,6.519999980926514,6.519999980926514,18100
2023-11-14,6.909999847412109,6.909999847412109,7.090000152587891,6.650000095367432,6.650000095367432,6400
2023-11-15,7.099999904632568,7.099999904632568,7.099999904632568,6.900000095367432,7.050000190734863,5100
2023-11-16,7.230000019073486,7.230000019073486,7.369999885559082,7.039999961853027,7.059999942779541,9300
2023-11-17,6.820000171661377,6.820000171661377,7.289999961853027,6.820000171661377,7.050000190734863,25700
2023-11-20,6.889999866485596,6.889999866485596,7.130000114440918,6.860000133514404,7.019999980926514,16000
2023-11-21,7.010000228881836,7.010000228881836,7.110000133514404,6.920000076293945,7.059999942779541,15200
2023-11-22,6.880000114440918,6.880000114440918,7.050000190734863,6.71999979019165,6.989999771118164,8600
2023-11-24,7.019999980926514,7.019999980926514,7.019999980926514,7.019999980926514,7.019999980926514,1000
2023-11-27,6.739999771118164,6.739999771118164,6.909999847412109,6.699999809265137,6.909999847412109,7600
2023-11-28,6.650000095367432,6.650000095367432,6.889999866485596,6.650000095367432,6.699999809265137,11700
2023-11-29,6.789999961853027,6.789999961853027,6.820000171661377,6.650000095367432,6.699999809265137,11600
2023-11-30,6.519999980926514,6.519999980926514,6.679999828338623,6.519999980926514,6.659999847412109,6500
2023-12-01,6.46999979019165,6.46999979019165,6.71999979019165,6.440000057220459,6.510000228881836,7700
2023-12-04,6.460000038146973,6.460000038146973,6.630000114440918,6.440000057220459,6.440000057220459,8800
2023-12-05,6.260000228881836,6.260000228881836,6.570000171661377,6.260000228881836,6.409999847412109,9700
2023-12-06,6.949999809265137,6.949999809265137,7.130000114440918,6.300000190734863,6.380000114440918,18800
2023-12-07,7.110000133514404,7.110000133514404,7.269999980926514,6.820000171661377,7.25,30700
2023-12-08,7.360000133514404,7.360000133514404,7.480000019073486,6.909999847412109,6.989999771118164,26600
2023-12-11,7.289999961853027,7.289999961853027,7.360000133514404,7.130000114440918,7.130000114440918,27700
2023-12-12,6.679999828338623,6.679999828338623,7.25,6.489999771118164,7.210000038146973,19900
2023-12-13,6.480000019073486,6.480000019073486,6.849999904632568,6.460000038146973,6.670000076293945,10400
2023-12-14,6.28000020980835,6.28000020980835,6.760000228881836,6.28000020980835,6.610000133514404,18000
2023-12-15,5.25,5.25,6.460000038146973,5.190000057220459,6.389999866485596,63100
2023-12-18,6.650000095367432,6.650000095367432,6.650000095367432,5.289999961853027,5.690000057220459,52200
2023-12-19,6.699999809265137,6.699999809265137,7.079999923706055,6.539999961853027,6.829999923706055,34700
2023-12-20,6.369999885559082,6.369999885559082,6.699999809265137,6.070000171661377,6.599999904632568,19400
2023-12-21,6.119999885559082,6.119999885559082,6.369999885559082,6.099999904632568,6.25,18400
2023-12-22,6.409999847412109,6.409999847412109,6.409999847412109,6.070000171661377,6.210000038146973,35100
2023-12-26,6.760000228881836,6.760000228881836,6.78000020980835,6.110000133514404,6.309999942779541,46900
2023-12-27,6.690000057220459,6.690000057220459,6.75,6.489999771118164,6.619999885559082,21400
2023-12-28,6.5,6.5,6.670000076293945,6.5,6.590000152587891,10700
2023-12-29,6.650000095367432,6.650000095367432,6.650000095367432,6.409999847412109,6.409999847412109,8300
2024-01-02,6.400000095367432,6.400000095367432,6.659999847412109,6.400000095367432,6.5,20200
2024-01-03,6.559999942779541,6.559999942779541,6.630000114440918,6.389999866485596,6.570000171661377,15100
2024-01-04,6.380000114440918,6.380000114440918,6.650000095367432,6.309999942779541,6.440000057220459,15000
2024-01-05,6.539999961853027,6.539999961853027,6.550000190734863,6.25,6.349999904632568,18400
2024-01-08,6.559999942779541,6.559999942779541,6.659999847412109,6.349999904632568,6.409999847412109,11900
2024-01-09,6.460000038146973,6.460000038146973,6.650000095367432,6.360000133514404,6.5,16000
2024-01-10,6.429999828338623,6.429999828338623,6.590000152587891,6.360000133514404,6.369999885559082,15600
2024-01-11,6.309999942779541,6.309999942779541,6.400000095367432,6.199999809265137,6.320000171661377,17500
2024-01-12,6.309999942779541,6.309999942779541,6.409999847412109,6.309999942779541,6.309999942779541,3600
2024-01-16,6.239999771118164,6.239999771118164,6.429999828338623,6.210000038146973,6.309999942779541,8200
2024-01-17,6.449999809265137,6.449999809265137,6.449999809265137,6.210000038146973,6.210000038146973,7000
2024-01-18,6.329999923706055,6.329999923706055,6.599999904632568,6.179999828338623,6.550000190734863,19900
2024-01-19,6.239999771118164,6.239999771118164,6.460000038146973,6.230000019073486,6.460000038146973,14300
2024-01-22,6.0,6.0,6.28000020980835,5.699999809265137,6.269999980926514,19500
2024-01-23,6.340000152587891,6.340000152587891,6.349999904632568,5.96999979019165,6.099999904632568,10100
2024-01-24,6.269999980926514,6.269999980926514,6.369999885559082,5.949999809265137,6.28000020980835,15000
2024-01-25,6.400000095367432,6.400000095367432,6.489999771118164,6.050000190734863,6.050000190734863,10200
2024-01-26,6.360000133514404,6.360000133514404,6.539999961853027,6.199999809265137,6.199999809265137,10500
2024-01-29,6.28000020980835,6.28000020980835,6.389999866485596,6.119999885559082,6.119999885559082,11800
2024-01-30,6.199999809265137,6.199999809265137,6.25,5.940000057220459,5.949999809265137,6800
2024-01-31,5.860000133514404,5.860000133514404,6.230000019073486,5.650000095367432,5.650000095367432,11100
2024-02-01,5.820000171661377,5.820000171661377,5.849999904632568,5.659999847412109,5.820000171661377,13700
2024-02-02,5.989999771118164,5.989999771118164,6.21999979019165,5.789999961853027,5.820000171661377,24000
2024-02-05,5.96999979019165,5.96999979019165,6.099999904632568,5.800000190734863,5.900000095367432,19400
2024-02-06,5.900000095367432,5.900000095367432,6.269999980926514,5.809999942779541,5.940000057220459,19300
2024-02-07,5.510000228881836,5.510000228881836,5.849999904632568,5.5,5.800000190734863,14500
2024-02-08,5.599999904632568,5.599999904632568,6.019999980926514,5.5,5.579999923706055,23600
2024-02-09,5.5,5.5,5.699999809265137,5.449999809265137,5.579999923706055,12400
2024-02-12,5.53000020980835,5.53000020980835,5.78000020980835,5.309999942779541,5.78000020980835,15500
2024-02-13,5.489999771118164,5.489999771118164,5.559999942779541,5.289999961853027,5.539999961853027,13400
2024-02-14,5.429999828338623,5.429999828338623,5.559999942779541,5.420000076293945,5.420000076293945,9800
2024-02-15,5.400000095367432,5.400000095367432,5.53000020980835,5.25,5.440000057220459,12900
2024-02-16,5.269999980926514,5.269999980926514,5.400000095367432,5.199999809265137,5.400000095367432,10500
2024-02-20,5.289999961853027,5.289999961853027,6.0,5.25,6.0,23900
2024-02-21,5.199999809265137,5.199999809265137,5.550000190734863,5.199999809265137,5.420000076293945,8400
2024-02-22,5.199999809265137,5.199999809265137,5.489999771118164,5.199999809265137,5.210000038146973,13400
2024-02-23,5.21999979019165,5.21999979019165,5.46999979019165,5.210000038146973,5.46999979019165,7300
2024-02-26,5.079999923706055,5.079999923706055,5.269999980926514,5.070000171661377,5.210000038146973,7300
2024-02-27,4.900000095367432,4.900000095367432,5.21999979019165,4.900000095367432,4.929999828338623,14600
2024-02-28,4.570000171661377,4.570000171661377,5.050000190734863,4.53000020980835,5.050000190734863,17400
2024-02-29,4.659999847412109,4.659999847412109,5.0,4.599999904632568,4.599999904632568,9800
2024-03-01,4.5,4.5,4.789999961853027,4.5,4.659999847412109,14800
2024-03-04,4.320000171661377,4.320000171661377,4.760000228881836,4.320000171661377,4.679999828338623,31600
2024-03-05,4.489999771118164,4.489999771118164,4.659999847412109,4.460000038146973,4.460000038146973,9100
2024-03-06,4.630000114440918,4.630000114440918,4.71999979019165,4.610000133514404,4.679999828338623,24900
2024-03-07,4.789999961853027,4.789999961853027,5.0,4.510000228881836,4.730000019073486,26200
2024-03-08,4.849999904632568,4.849999904632568,5.230000019073486,4.800000190734863,4.949999809265137,28400
2024-03-11,5.510000228881836,5.510000228881836,5.699999809265137,4.809999942779541,4.809999942779541,66800
2024-03-12,5.619999885559082,5.619999885559082,6.590000152587891,5.510000228881836,5.75,182600
2024-03-13,4.849999904632568,4.849999904632568,6.0,4.849999904632568,5.670000076293945,52200
2024-03-14,4.809999942779541,4.809999942779541,5.179999828338623,4.699999809265137,4.960000038146973,38700
2024-03-15,4.739999771118164,4.739999771118164,4.760000228881836,4.610000133514404,4.690000057220459,14700
2024-03-18,4.710000038146973,4.710000038146973,4.940000057220459,4.679999828338623,4.679999828338623,35500
2024-03-19,4.610000133514404,4.610000133514404,4.900000095367432,4.610000133514404,4.75,18000
2024-03-20,4.570000171661377,4.570000171661377,4.769999980926514,4.510000228881836,4.559999942779541,50700
2024-03-21,4.71999979019165,4.71999979019165,4.849999904632568,4.519999980926514,4.519999980926514,13500
2024-03-22,4.409999847412109,4.409999847412109,4.800000190734863,4.369999885559082,4.739999771118164,12700
2024-03-25,4.449999809265137,4.449999809265137,4.579999923706055,4.239999771118164,4.349999904632568,53200
2024-03-26,4.539999961853027,4.539999961853027,4.690000057220459,4.440000057220459,4.440000057220459,4200
2024-03-27,4.599999904632568,4.599999904632568,4.730000019073486,4.5,4.5,18500
2024-03-28,4.75,4.75,4.920000076293945,4.590000152587891,4.590000152587891,8600
2024-04-01,4.880000114440918,4.880000114440918,5.480000019073486,4.650000095367432,4.800000190734863,47700
2024-04-02,4.579999923706055,4.579999923706055,4.869999885559082,4.579999923706055,4.869999885559082,25200
2024-04-03,4.619999885559082,4.619999885559082,4.869999885559082,4.590000152587891,4.599999904632568,27700
2024-04-04,4.409999847412109,4.409999847412109,4.760000228881836,4.409999847412109,4.590000152587891,13900
2024-04-05,4.5,4.5,4.639999866485596,4.409999847412109,4.409999847412109,15200
2024-04-08,4.599999904632568,4.599999904632568,4.71999979019165,4.489999771118164,4.489999771118164,6700
2024-04-09,4.199999809265137,4.199999809265137,4.650000095367432,4.199999809265137,4.599999904632568,28800
2024-04-10,4.139999866485596,4.139999866485596,4.309999942779541,4.119999885559082,4.199999809265137,57200
2024-04-11,4.159999847412109,4.159999847412109,4.590000152587891,4.139999866485596,4.139999866485596,5600
2024-04-12,4.050000190734863,4.050000190734863,4.369999885559082,4.0,4.159999847412109,9100
2024-04-15,3.700000047683716,3.700000047683716,4.340000152587891,3.700000047683716,4.079999923706055,28400
2024-04-16,3.380000114440918,3.380000114440918,4.130000114440918,3.380000114440918,3.700000047683716,57600
2024-04-17,3.509999990463257,3.509999990463257,3.5799999237060547,3.380000114440918,3.380000114440918,9800
2024-04-18,3.4100000858306885,3.4100000858306885,3.5299999713897705,3.4100000858306885,3.5,4200
2024-04-19,3.5,3.5,3.690000057220459,3.430000066757202,3.619999885559082,8100
2024-04-22,3.5,3.5,3.5299999713897705,3.4800000190734863,3.5,1900
2024-04-23,3.5399999618530273,3.5399999618530273,3.690000057220459,3.4600000381469727,3.5799999237060547,7200
2024-04-24,3.549999952316284,3.549999952316284,3.6700000762939453,3.549999952316284,3.5799999237060547,4100
2024-04-25,3.5299999713897705,3.5299999713897705,3.5899999141693115,3.430000066757202,3.5399999618530273,3100
2024-04-26,3.4200000762939453,3.4200000762939453,3.8399999141693115,3.4200000762939453,3.5399999618530273,5600
2024-04-29,3.5399999618530273,3.5399999618530273,3.559999942779541,3.2899999618530273,3.4200000762939453,35400
2024-04-30,3.200000047683716,3.200000047683716,3.5999999046325684,3.190000057220459,3.440000057220459,62200
2024-05-01,3.2799999713897705,3.2799999713897705,3.4200000762939453,3.130000114440918,3.309999942779541,106400
2024-05-02,3.4200000762939453,3.4200000762939453,3.7100000381469727,3.299999952316284,3.299999952316284,506900
2024-05-03,3.430000066757202,3.430000066757202,3.549999952316284,3.369999885559082,3.450000047683716,360900
2024-05-06,3.390000104904175,3.390000104904175,3.630000114440918,3.3299999237060547,3.4200000762939453,262400
2024-05-07,3.3499999046325684,3.3499999046325684,3.4700000286102295,3.2100000381469727,3.4700000286102295,147900
2024-05-08,3.299999952316284,3.299999952316284,3.4000000953674316,3.1500000953674316,3.319999933242798,31100
2024-05-09,3.25,3.25,3.3499999046325684,3.2300000190734863,3.2899999618530273,17400
2024-05-10,3.3299999237060547,3.3299999237060547,3.4700000286102295,3.25,3.25,61000
2024-05-13,3.440000057220459,3.440000057220459,3.4800000190734863,3.3299999237060547,3.3299999237060547,30900
2024-05-14,3.549999952316284,3.549999952316284,3.569999933242798,3.440000057220459,3.440000057220459,30900
2024-05-15,3.490000009536743,3.490000009536743,3.630000114440918,3.4200000762939453,3.5199999809265137,48100
2024-05-16,3.5,3.5,3.640000104904175,3.4800000190734863,3.5,36800
2024-05-17,3.5,3.5,3.5999999046325684,3.4000000953674316,3.5,301300
2024-05-20,3.3299999237060547,3.3299999237060547,3.549999952316284,3.2100000381469727,3.549999952316284,85400
2024-05-21,3.259999990463257,3.259999990463257,3.3399999141693115,3.2200000286102295,3.2699999809265137,25800
2024-05-22,3.2799999713897705,3.2799999713897705,3.309999942779541,3.240000009536743,3.240000009536743,15400
2024-05-23,3.1600000858306885,3.1600000858306885,3.4700000286102295,3.1600000858306885,3.319999933242798,50200
2024-05-24,3.0999999046325684,3.0999999046325684,3.3399999141693115,3.0999999046325684,3.200000047683716,52300
2024-05-28,3.25,3.25,3.299999952316284,3.140000104904175,3.200000047683716,80800
2024-05-29,3.2899999618530273,3.2899999618530273,3.3399999141693115,3.1600000858306885,3.2100000381469727,92600
2024-05-30,3.25,3.25,3.3499999046325684,3.130000114440918,3.2899999618530273,64500
2024-05-31,3.200000047683716,3.200000047683716,3.319999933242798,3.1600000858306885,3.240000009536743,39900
2024-06-03,3.200000047683716,3.200000047683716,3.309999942779541,3.1600000858306885,3.309999942779541,21800
2024-06-04,3.0799999237060547,3.0799999237060547,3.2300000190734863,3.0,3.130000114440918,75700
2024-06-05,3.0799999237060547,3.0799999237060547,3.180000066757202,3.059999942779541,3.130000114440918,21900
2024-06-06,3.0799999237060547,3.0799999237060547,3.109999895095825,3.0199999809265137,3.0999999046325684,20400
2024-06-07,3.0199999809265137,3.0199999809265137,3.0799999237060547,2.869999885559082,3.0299999713897705,52500
2024-06-10,2.9200000762939453,2.9200000762939453,3.0199999809265137,2.859999895095825,2.9700000286102295,40800
2024-06-11,3.049999952316284,3.049999952316284,3.0899999141693115,2.759999990463257,3.0,86000
2024-06-12,3.0199999809265137,3.0199999809265137,3.3399999141693115,2.819999933242798,3.0299999713897705,142900
2024-06-13,2.869999885559082,2.869999885559082,3.1500000953674316,2.8299999237060547,3.0899999141693115,90100
2024-06-14,2.759999990463257,2.759999990463257,2.869999885559082,2.740000009536743,2.8299999237060547,25300
2024-06-17,2.819999933242798,2.819999933242798,2.9200000762939453,2.7200000286102295,2.799999952316284,40200
2024-06-18,2.819999933242798,2.819999933242798,2.9600000381469727,2.7300000190734863,2.8499999046325684,230800
2024-06-20,2.740000009536743,2.740000009536743,2.809999942779541,2.7100000381469727,2.75,56200
2024-06-21,2.6500000953674316,2.6500000953674316,2.7899999618530273,2.609999895095825,2.7899999618530273,124200
2024-06-24,2.450000047683716,2.450000047683716,2.7100000381469727,2.450000047683716,2.7100000381469727,161200
2024-06-25,2.309999942779541,2.309999942779541,2.4800000190734863,2.2799999713897705,2.4600000381469727,107600
2024-06-26,2.2100000381469727,2.2100000381469727,2.5199999809265137,2.1700000762939453,2.5199999809265137,150600
2024-06-27,2.0399999618530273,2.0399999618530273,2.200000047683716,2.0399999618530273,2.180000066757202,146600
2024-06-28,1.9900000095367432,1.9900000095367432,2.0999999046325684,1.940000057220459,2.049999952316284,148600
2024-07-01,1.9199999570846558,1.9199999570846558,2.009999990463257,1.909999966621399,1.9800000190734863,104300
2024-07-02,1.7999999523162842,1.7999999523162842,1.9700000286102295,1.7899999618530273,1.899999976158142,108700
2024-07-03,1.7799999713897705,1.7799999713897705,1.8300000429153442,1.7599999904632568,1.7999999523162842,61300
2024-07-05,1.6100000143051147,1.6100000143051147,1.7899999618530273,1.600000023841858,1.7899999618530273,2775300
2024-07-08,1.5199999809265137,1.5199999809265137,1.659999966621399,1.5099999904632568,1.6299999952316284,575600
2024-07-09,1.4800000190734863,1.4800000190734863,1.559999942779541,1.4600000381469727,1.5199999809265137,590600
2024-07-10,1.4700000286102295,1.4700000286102295,1.559999942779541,1.4600000381469727,1.4900000095367432,544300
2024-07-11,1.4600000381469727,1.4600000381469727,1.5499999523162842,1.4299999475479126,1.4700000286102295,589800
2024-07-12,1.5099999904632568,1.5099999904632568,1.5299999713897705,1.3899999856948853,1.4600000381469727,768100
2024-07-15,1.4199999570846558,1.4199999570846558,1.5,1.3899999856948853,1.5,701000
2024-07-16,1.4600000381469727,1.4600000381469727,1.4700000286102295,1.3899999856948853,1.4199999570846558,316000
2024-07-17,1.4600000381469727,1.4600000381469727,1.5199999809265137,1.4199999570846558,1.4800000190734863,479500
2024-07-18,1.4900000095367432,1.4900000095367432,1.5,1.4299999475479126,1.4299999475479126,443200
2024-07-19,1.5,1.5,1.5499999523162842,1.4700000286102295,1.4900000095367432,252700
2024-07-22,1.4800000190734863,1.4800000190734863,1.5199999809265137,1.3899999856948853,1.5,588000
2024-07-23,1.75,1.75,1.7699999809265137,1.4500000476837158,1.5,1376700
2024-07-24,1.690000057220459,1.690000057220459,1.75,1.659999966621399,1.7300000190734863,400100
2024-07-25,1.6299999952316284,1.6299999952316284,1.7000000476837158,1.559999942779541,1.6699999570846558,384300
2024-07-26,1.600000023841858,1.600000023841858,1.7000000476837158,1.5700000524520874,1.6399999856948853,228200
2024-07-29,1.600000023841858,1.600000023841858,1.690000057220459,1.5099999904632568,1.5299999713897705,470000
2024-07-30,1.5399999618530273,1.5399999618530273,1.6200000047683716,1.5299999713897705,1.6200000047683716,172600
2024-07-31,1.5700000524520874,1.5700000524520874,1.590000033378601,1.4900000095367432,1.5499999523162842,281900
2024-08-01,1.4900000095367432,1.4900000095367432,1.559999942779541,1.4800000190734863,1.559999942779541,217000
2024-08-02,1.4600000381469727,1.4600000381469727,1.5299999713897705,1.4299999475479126,1.4800000190734863,205300
2024-08-05,1.3700000047683716,1.3700000047683716,1.409999966621399,1.2899999618530273,1.3899999856948853,532900
2024-08-06,1.3600000143051147,1.3600000143051147,1.399999976158142,1.3200000524520874,1.3700000047683716,264900
2024-08-07,1.309999942779541,1.309999942779541,1.409999966621399,1.2999999523162842,1.3799999952316284,323100
2024-08-08,1.399999976158142,1.399999976158142,1.409999966621399,1.2999999523162842,1.309999942779541,380400
2024-08-09,1.4600000381469727,1.4600000381469727,1.4600000381469727,1.3600000143051147,1.3899999856948853,191400
2024-08-12,1.3899999856948853,1.3899999856948853,1.5800000429153442,1.350000023841858,1.4299999475479126,391400
2024-08-13,1.4199999570846558,1.4199999570846558,1.4199999570846558,1.2999999523162842,1.3799999952316284,351500
2024-08-14,1.3600000143051147,1.3600000143051147,1.3899999856948853,1.350000023841858,1.3899999856948853,106800
2024-08-15,1.399999976158142,1.399999976158142,1.4199999570846558,1.340000033378601,1.3600000143051147,134900
2024-08-16,1.4299999475479126,1.4299999475479126,1.4500000476837158,1.3799999952316284,1.399999976158142,128900
2024-08-19,1.409999966621399,1.409999966621399,1.4600000381469727,1.399999976158142,1.4299999475479126,90000
2024-08-20,1.3899999856948853,1.3899999856948853,1.440000057220459,1.3700000047683716,1.4199999570846558,113200
2024-08-21,1.3700000047683716,1.3700000047683716,1.4199999570846558,1.3200000524520874,1.3700000047683716,187200
2024-08-22,1.3200000524520874,1.3200000524520874,1.4199999570846558,1.309999942779541,1.3600000143051147,123500
2024-08-23,1.3600000143051147,1.3600000143051147,1.399999976158142,1.309999942779541,1.3200000524520874,186100
2024-08-26,1.409999966621399,1.409999966621399,1.4199999570846558,1.350000023841858,1.3700000047683716,114200
2024-08-27,1.3899999856948853,1.3899999856948853,1.440000057220459,1.3600000143051147,1.3899999856948853,83200
2024-08-28,1.3300000429153442,1.3300000429153442,1.3899999856948853,1.309999942779541,1.3899999856948853,126500
2024-08-29,1.3200000524520874,1.3200000524520874,1.3600000143051147,1.3200000524520874,1.340000033378601,128600
2024-08-30,1.2799999713897705,1.2799999713897705,1.3700000047683716,1.25,1.3300000429153442,323400
2024-09-03,1.25,1.25,1.2999999523162842,1.2300000190734863,1.2699999809265137,211700
2024-09-04,1.2000000476837158,1.2000000476837158,1.2599999904632568,1.2000000476837158,1.2300000190734863,194800
2024-09-05,1.2699999809265137,1.2699999809265137,1.340000033378601,1.1799999475479126,1.1799999475479126,359500
2024-09-06,1.2699999809265137,1.2699999809265137,1.309999942779541,1.2599999904632568,1.2599999904632568,41000
2024-09-09,1.2200000286102295,1.2200000286102295,1.2899999618530273,1.2100000381469727,1.2699999809265137,108600
2024-09-10,1.2300000190734863,1.2300000190734863,1.2599999904632568,1.1799999475479126,1.2200000286102295,106700
2024-09-11,1.2100000381469727,1.2100000381469727,1.2699999809265137,1.2000000476837158,1.2300000190734863,135200
2024-09-12,1.2100000381469727,1.2100000381469727,1.2300000190734863,1.190000057220459,1.2200000286102295,98700
2024-09-13,1.2400000095367432,1.2400000095367432,1.2599999904632568,1.190000057220459,1.190000057220459,92300
2024-09-16,1.2400000095367432,1.2400000095367432,1.2699999809265137,1.2200000286102295,1.2300000190734863,49000
2024-09-17,1.3300000429153442,1.3300000429153442,1.350000023841858,1.2400000095367432,1.2400000095367432,222300
2024-09-18,1.3200000524520874,1.3200000524520874,1.3899999856948853,1.2799999713897705,1.3700000047683716,223900
2024-09-19,1.159999966621399,1.159999966621399,1.2899999618530273,1.159999966621399,1.2899999618530273,466600
2024-09-20,1.0399999618530273,1.0399999618530273,1.1699999570846558,1.0399999618530273,1.159999966621399,315600
2024-09-23,1.0800000429153442,1.0800000429153442,1.100000023841858,1.059999942779541,1.100000023841858,90900
2024-09-24,1.1100000143051147,1.1100000143051147,1.1299999952316284,1.0700000524520874,1.1100000143051147,177700
2024-09-25,1.090000033378601,1.090000033378601,1.1299999952316284,1.090000033378601,1.1100000143051147,92100
2024-09-26,1.2400000095367432,1.2400000095367432,1.2999999523162842,1.1399999856948853,1.159999966621399,361600
2024-09-27,1.2899999618530273,1.2899999618530273,1.340000033378601,1.2699999809265137,1.2699999809265137,320500
2024-09-30,1.4199999570846558,1.4199999570846558,1.5199999809265137,1.350000023841858,1.350000023841858,1142000
2024-10-01,1.4299999475479126,1.4299999475479126,1.4800000190734863,1.340000033378601,1.399999976158142,405900
2024-10-02,1.5199999809265137,1.5199999809265137,1.7300000190734863,1.4600000381469727,1.5800000429153442,1131600
2024-10-03,1.4500000476837158,1.4500000476837158,1.5099999904632568,1.4299999475479126,1.4500000476837158,351700
2024-10-04,1.5299999713897705,1.5299999713897705,1.590000033378601,1.4600000381469727,1.5499999523162842,551800
2024-10-07,1.7999999523162842,1.7999999523162842,1.809999942779541,1.559999942779541,1.6100000143051147,1239400
2024-10-08,1.850000023841858,1.850000023841858,2.200000047683716,1.5700000524520874,1.6799999475479126,2221900
2024-10-09,1.9299999475479126,1.9299999475479126,2.0999999046325684,1.7999999523162842,1.8300000429153442,675300
2024-10-10,1.7200000286102295,1.7200000286102295,1.9500000476837158,1.6799999475479126,1.9500000476837158,561700
2024-10-11,1.8700000047683716,1.8700000047683716,1.8700000047683716,1.6799999475479126,1.6799999475479126,844800
2024-10-14,1.7000000476837158,1.7000000476837158,1.8200000524520874,1.6699999570846558,1.8200000524520874,355200
2024-10-15,1.6399999856948853,1.6399999856948853,1.7100000381469727,1.600000023841858,1.690000057220459,302800
2024-10-16,1.590000033378601,1.590000033378601,1.659999966621399,1.5700000524520874,1.6200000047683716,170400
2024-10-17,1.4900000095367432,1.4900000095367432,1.600000023841858,1.4900000095367432,1.5800000429153442,235200
2024-10-18,1.6200000047683716,1.6200000047683716,1.659999966621399,1.4900000095367432,1.4900000095367432,258600
2024-10-21,1.5499999523162842,1.5499999523162842,1.6200000047683716,1.4900000095367432,1.590000033378601,286000
2024-10-22,1.5299999713897705,1.5299999713897705,1.6100000143051147,1.5199999809265137,1.5399999618530273,127500
2024-10-23,1.5099999904632568,1.5099999904632568,1.5800000429153442,1.4500000476837158,1.5299999713897705,169700
2024-10-24,1.5,1.5,1.559999942779541,1.4700000286102295,1.5499999523162842,67500
2024-10-25,1.4299999475479126,1.4299999475479126,1.5,1.4299999475479126,1.5,141700
2024-10-28,1.350000023841858,1.350000023841858,1.4600000381469727,1.350000023841858,1.4199999570846558,203200
2024-10-29,1.3700000047683716,1.3700000047683716,1.399999976158142,1.3600000143051147,1.399999976158142,53100
2024-10-30,1.309999942779541,1.309999942779541,1.3700000047683716,1.2999999523162842,1.340000033378601,148200
2024-10-31,1.2100000381469727,1.2100000381469727,1.2999999523162842,1.2000000476837158,1.2999999523162842,347300
2024-11-01,1.1699999570846558,1.1699999570846558,1.2799999713897705,1.149999976158142,1.2000000476837158,217300
2024-11-04,1.2300000190734863,1.2300000190734863,1.2599999904632568,1.1799999475479126,1.2000000476837158,100200
2024-11-05,1.25,1.25,1.2699999809265137,1.2200000286102295,1.2400000095367432,61000
2024-11-06,1.2400000095367432,1.2400000095367432,1.2899999618530273,1.2100000381469727,1.2899999618530273,122100
2024-11-07,1.3300000429153442,1.3300000429153442,1.340000033378601,1.2599999904632568,1.2699999809265137,76100
2024-11-08,1.2400000095367432,1.2400000095367432,1.2999999523162842,1.2100000381469727,1.2999999523162842,128400
2024-11-11,1.2300000190734863,1.2300000190734863,1.2799999713897705,1.2100000381469727,1.2699999809265137,56900
2024-11-12,1.1799999475479126,1.1799999475479126,1.2300000190734863,1.149999976158142,1.2100000381469727,71100
2024-11-13,1.1299999952316284,1.1299999952316284,1.190000057220459,1.1299999952316284,1.149999976158142,82600
2024-11-14,1.1799999475479126,1.1799999475479126,1.2000000476837158,1.1299999952316284,1.1299999952316284,54000
2024-11-15,1.1299999952316284,1.1299999952316284,1.2300000190734863,1.1299999952316284,1.2300000190734863,75500
2024-11-18,1.1299999952316284,1.1299999952316284,1.149999976158142,1.090000033378601,1.090000033378601,66400
2024-11-19,1.190000057220459,1.190000057220459,1.2000000476837158,1.1399999856948853,1.1399999856948853,76900
2024-11-20,1.2699999809265137,1.2699999809265137,1.2699999809265137,1.1799999475479126,1.190000057220459,61500
2024-11-21,1.25,1.25,1.309999942779541,1.2100000381469727,1.2699999809265137,48800
2024-11-22,1.2599999904632568,1.2599999904632568,1.2699999809265137,1.2000000476837158,1.2100000381469727,87200
2024-11-25,1.3799999952316284,1.3799999952316284,1.409999966621399,1.2400000095367432,1.25,166200
2024-11-26,1.3300000429153442,1.3300000429153442,1.350000023841858,1.2799999713897705,1.350000023841858,52200
2024-11-27,1.350000023841858,1.350000023841858,1.3899999856948853,1.2599999904632568,1.2599999904632568,81500
2024-11-29,1.2699999809265137,1.2699999809265137,1.440000057220459,1.1299999952316284,1.399999976158142,767900
2024-12-02,1.2799999713897705,1.2799999713897705,1.350000023841858,1.25,1.2899999618530273,216800
2024-12-03,1.2699999809265137,1.2699999809265137,1.350000023841858,1.2200000286102295,1.2200000286102295,87100
2024-12-04,1.25,1.25,1.2999999523162842,1.2100000381469727,1.2400000095367432,130400
2024-12-05,1.2200000286102295,1.2200000286102295,1.2400000095367432,1.149999976158142,1.2400000095367432,122100
2024-12-06,1.159999966621399,1.159999966621399,1.25,1.159999966621399,1.2100000381469727,178900
2024-12-09,1.3200000524520874,1.3200000524520874,1.3700000047683716,1.1799999475479126,1.2400000095367432,194300
2024-12-10,1.2799999713897705,1.2799999713897705,1.309999942779541,1.2200000286102295,1.2699999809265137,105900
2024-12-11,1.2899999618530273,1.2899999618530273,1.2899999618530273,1.2300000190734863,1.2300000190734863,65800
2024-12-12,1.2400000095367432,1.2400000095367432,1.2899999618530273,1.2400000095367432,1.2899999618530273,40700
2024-12-13,1.2200000286102295,1.2200000286102295,1.2699999809265137,1.2100000381469727,1.2699999809265137,45700
