Date,Adj Close,Close,High,Low,Open,Volume
2018-09-14,17.528621673583984,25.0,25.020000457763672,24.899999618530273,24.93000030517578,264730
2018-09-17,17.45850372314453,24.899999618530273,25.020000457763672,24.600000381469727,25.020000457763672,272396
2018-09-18,17.472524642944336,24.920000076293945,25.020000457763672,24.920000076293945,24.979999542236328,321790
2018-09-19,17.493560791015625,24.950000762939453,25.010000228881836,24.90999984741211,24.90999984741211,75326
2018-09-20,17.45149040222168,24.889999389648438,24.950000762939453,24.799999237060547,24.799999237060547,25828
2018-09-21,17.42344856262207,24.850000381469727,25.020000457763672,24.850000381469727,24.899999618530273,32709
2018-09-24,17.42344856262207,24.850000381469727,24.850000381469727,24.850000381469727,24.850000381469727,0
2018-09-25,17.542638778686523,25.020000457763672,25.030000686645508,24.979999542236328,25.0,171266
2018-09-26,17.56367301940918,25.049999237060547,25.1200008392334,24.910999298095703,25.006399154663086,32255
2018-09-27,17.668848037719727,25.200000762939453,25.239999771118164,25.040000915527344,25.040000915527344,202795
2018-09-28,17.675859451293945,25.209999084472656,25.25,25.139999389648438,25.200000762939453,40835
2018-10-01,17.500574111938477,24.959999084472656,25.229999542236328,24.959999084472656,25.049999237060547,33215
2018-10-02,17.42344856262207,24.850000381469727,25.149999618530273,24.850000381469727,25.040000915527344,51303
2018-10-03,17.395395278930664,24.809999465942383,24.979999542236328,24.01799964904785,24.959999084472656,37827
2018-10-04,17.213102340698242,24.549999237060547,24.799999237060547,23.8799991607666,24.022499084472656,36138
2018-10-05,17.24816131591797,24.600000381469727,24.700000762939453,24.364099502563477,24.520000457763672,16632
2018-10-08,17.213102340698242,24.549999237060547,24.838600158691406,24.549999237060547,24.6200008392334,89787
2018-10-09,17.227128982543945,24.56999969482422,24.84000015258789,23.760000228881836,24.57900047302246,23805
2018-10-10,17.227128982543945,24.56999969482422,24.84000015258789,24.299999237060547,24.829999923706055,36216
2018-10-11,17.213102340698242,24.549999237060547,24.799999237060547,24.309999465942383,24.31999969482422,34689
2018-10-12,17.002761840820312,24.25,24.600000381469727,24.139999389648438,24.469999313354492,31740
2018-10-15,16.76436424255371,23.90999984741211,24.489999771118164,23.68000030517578,24.299999237060547,181746
2018-10-16,16.82747459411621,24.0,24.225000381469727,23.700000762939453,24.020000457763672,46494
2018-10-17,16.820463180541992,23.989999771118164,24.087299346923828,23.770000457763672,24.0,23079
2018-10-18,16.652185440063477,23.75,24.06999969482422,23.610000610351562,23.969999313354492,53149
2018-10-19,16.540006637573242,23.59000015258789,23.809999465942383,23.469999313354492,23.790000915527344,550856
2018-10-22,16.462879180908203,23.479999542236328,23.77989959716797,23.43000030517578,23.549999237060547,34342
2018-10-23,16.448854446411133,23.459999084472656,23.670000076293945,23.299999237060547,23.479999542236328,17943
2018-10-24,16.315637588500977,23.270000457763672,23.75,23.020000457763672,23.3700008392334,49816
2018-10-25,16.385753631591797,23.3700008392334,23.529800415039062,23.147899627685547,23.349899291992188,3270
2018-10-26,16.483909606933594,23.510000228881836,23.600000381469727,23.048200607299805,23.469999313354492,13371
2018-10-29,16.50494956970215,23.540000915527344,23.600000381469727,23.237699508666992,23.600000381469727,844
2018-10-30,16.483909606933594,23.510000228881836,23.540000915527344,23.270000457763672,23.540000915527344,4602
2018-10-31,16.490924835205078,23.520000457763672,23.600000381469727,23.327800750732422,23.600000381469727,5532
2018-11-01,16.448854446411133,23.459999084472656,23.459999084472656,23.459999084472656,23.459999084472656,2483
2018-11-02,16.280580520629883,23.219999313354492,23.239999771118164,23.0,23.239999771118164,13014
2018-11-05,16.589082717895508,23.65999984741211,23.809999465942383,23.18239974975586,23.229999542236328,48911
2018-11-06,16.820463180541992,23.989999771118164,23.989999771118164,23.65999984741211,23.65999984741211,32200
2018-11-07,16.988737106323242,24.229999542236328,24.770000457763672,24.149999618530273,24.170000076293945,19302
2018-11-08,16.84149742126465,24.020000457763672,24.3799991607666,23.809999465942383,24.3799991607666,25510
2018-11-09,16.953678131103516,24.18000030517578,24.299999237060547,24.005699157714844,24.299999237060547,6227
2018-11-12,16.855520248413086,24.040000915527344,24.190000534057617,24.020000457763672,24.18000030517578,1257
2018-11-13,16.680233001708984,23.790000915527344,23.790000915527344,23.600000381469727,23.672000885009766,9987
2018-11-14,16.79241180419922,23.950000762939453,24.030000686645508,23.808399200439453,24.030000686645508,1767
2018-11-15,16.455867767333984,23.469999313354492,23.829999923706055,23.416500091552734,23.416500091552734,31288
2018-11-16,16.532987594604492,23.579999923706055,23.83489990234375,23.579999923706055,23.610000610351562,2948
2018-11-19,16.476898193359375,23.5,24.200000762939453,23.5,24.200000762939453,3200
2018-11-20,16.5119571685791,23.549999237060547,23.59000015258789,23.149999618530273,23.5,14949
2018-11-21,16.441843032836914,23.450000762939453,23.5,23.349000930786133,23.450000762939453,7292
2018-11-23,16.420808792114258,23.420000076293945,23.459999084472656,23.420000076293945,23.459999084472656,889
2018-11-26,16.17540740966797,23.06999969482422,23.295000076293945,22.25,23.295000076293945,41389
2018-11-27,16.154373168945312,23.040000915527344,23.100000381469727,22.65999984741211,23.100000381469727,9238
2018-11-28,15.951044082641602,22.75,23.030000686645508,22.219999313354492,23.0,35761
2018-11-29,16.014141082763672,22.84000015258789,22.949899673461914,22.700000762939453,22.719999313354492,9247
2018-11-30,16.02115821838379,22.850000381469727,22.950000762939453,22.3799991607666,22.3799991607666,22696
2018-12-03,16.126331329345703,23.0,23.036399841308594,22.950000762939453,23.0,25956
2018-12-04,16.23149871826172,23.149999618530273,23.22100067138672,23.0,23.200000762939453,103268
2018-12-06,16.126331329345703,23.0,23.1299991607666,22.260000228881836,23.1299991607666,66698
2018-12-07,16.280580520629883,23.219999313354492,23.25,22.6200008392334,23.09000015258789,13106
2018-12-10,16.196443557739258,23.100000381469727,23.25,22.72800064086914,23.190000534057617,84091
2018-12-11,16.126331329345703,23.0,23.100000381469727,22.700000762939453,23.100000381469727,35083
2018-12-12,16.196443557739258,23.100000381469727,23.176000595092773,22.8700008392334,23.09000015258789,4908
2018-12-13,15.869551658630371,22.200000762939453,22.760000228881836,21.950000762939453,22.760000228881836,40382
2018-12-14,15.490683555603027,21.670000076293945,22.389999389648438,21.649999618530273,22.389999389648438,36789
2018-12-17,15.026033401489258,21.020000457763672,22.191499710083008,20.600000381469727,21.68000030517578,17352
2018-12-18,15.3477144241333,21.469999313354492,21.469999313354492,21.040000915527344,21.040000915527344,18535
2018-12-19,15.190446853637695,21.25,21.350000381469727,20.101699829101562,20.989999771118164,44464
2018-12-20,14.911659240722656,20.860000610351562,21.25,20.549999237060547,21.239999771118164,67725
2018-12-21,15.226190567016602,21.299999237060547,21.309999465942383,20.720300674438477,21.25,41797
2018-12-24,15.433493614196777,21.59000015258789,21.59000015258789,21.299999237060547,21.5,29358
2018-12-26,15.440646171569824,21.600000381469727,21.850000381469727,21.424999237060547,21.45680046081543,63594
2018-12-27,15.297675132751465,21.399999618530273,21.78230094909668,21.25,21.25,20654
2018-12-28,15.370018005371094,21.50119972229004,21.729999542236328,21.25,21.729999542236328,39794
2018-12-31,15.883851051330566,22.219999313354492,22.219999313354492,21.400100708007812,21.600000381469727,39945
2019-01-02,16.026813507080078,22.420000076293945,22.549999237060547,21.989999771118164,22.549999237060547,7470
2019-01-03,16.234121322631836,22.709999084472656,22.709999084472656,22.31999969482422,22.31999969482422,16106
2019-01-04,16.412900924682617,22.960100173950195,23.049999237060547,22.729999542236328,22.729999542236328,8095
2019-01-07,16.741661071777344,23.420000076293945,23.540000915527344,22.969999313354492,23.049999237060547,17610
2019-01-08,16.791704177856445,23.489999771118164,23.6200008392334,23.364999771118164,23.425100326538086,30739
2019-01-09,16.627286911010742,23.260000228881836,23.760000228881836,23.260000228881836,23.68000030517578,18308
2019-01-10,16.741661071777344,23.420000076293945,23.56999969482422,23.170000076293945,23.56999969482422,14005
2019-01-11,16.970409393310547,23.739999771118164,23.739999771118164,23.479999542236328,23.489999771118164,6890
2019-01-14,16.956113815307617,23.719999313354492,23.829999923706055,23.489999771118164,23.500999450683594,10114
2019-01-15,16.84174156188965,23.559999465942383,23.8700008392334,23.360000610351562,23.670000076293945,5427
2019-01-16,16.32705307006836,22.84000015258789,23.559999465942383,22.84000015258789,23.559999465942383,15239
2019-01-17,16.477170944213867,23.049999237060547,23.190000534057617,22.860000610351562,22.899999618530273,8716
2019-01-18,16.477170944213867,23.049999237060547,23.399999618530273,22.90999984741211,23.399999618530273,23211
2019-01-22,16.51291275024414,23.100000381469727,23.385000228881836,22.549999237060547,23.149999618530273,44625
2019-01-23,16.377090454101562,22.90999984741211,22.969999313354492,22.860000610351562,22.94879913330078,2198
2019-01-24,16.51291275024414,23.100000381469727,23.170000076293945,22.920000076293945,23.170000076293945,8102
2019-01-25,16.798847198486328,23.5,23.729900360107422,23.290000915527344,23.290000915527344,3717
2019-01-28,16.677398681640625,23.33009910583496,23.729999542236328,23.33009910583496,23.729999542236328,25172
2019-01-29,16.884845733642578,23.62030029296875,23.62030029296875,23.450000762939453,23.579999923706055,1816
2019-01-30,16.94182014465332,23.700000762939453,23.770000457763672,23.6299991607666,23.6299991607666,90158
2019-01-31,17.642366409301758,24.68000030517578,24.8799991607666,23.770000457763672,23.850000381469727,52554
2019-02-01,17.256345748901367,24.139999389648438,24.3799991607666,23.72879981994629,24.3799991607666,44389
2019-02-04,17.020450592041016,23.809999465942383,24.239999771118164,23.809999465942383,24.1200008392334,108300
2019-02-05,17.084787368774414,23.899999618530273,24.104999542236328,23.799999237060547,23.809999465942383,7273
2019-02-06,16.94182014465332,23.700000762939453,24.0,23.700000762939453,24.0,5110
2019-02-07,16.906076431274414,23.649999618530273,23.760000228881836,23.5,23.739999771118164,185224
2019-02-08,16.94182014465332,23.700000762939453,23.770000457763672,23.6200008392334,23.729999542236328,8604
2019-02-11,17.084787368774414,23.899999618530273,23.989999771118164,23.75,23.958099365234375,15091
2019-02-12,17.192012786865234,24.049999237060547,24.09000015258789,23.96030044555664,24.030000686645508,13911
2019-02-13,17.527992248535156,24.520000457763672,24.540000915527344,24.149999618530273,24.149999618530273,10910
2019-02-14,17.42076301574707,24.3700008392334,24.5,24.230100631713867,24.5,7421
2019-02-15,17.46444320678711,24.431100845336914,24.540000915527344,24.431100845336914,24.540000915527344,7115
2019-02-19,17.692405700683594,24.75,24.75,24.440000534057617,24.68000030517578,5109
2019-02-20,17.70670509338379,24.770000457763672,24.81999969482422,24.56999969482422,24.81999969482422,5494
2019-02-21,17.56373405456543,24.56999969482422,24.75,24.56999969482422,24.75,4587
2019-02-22,17.542287826538086,24.540000915527344,24.75,24.540000915527344,24.700000762939453,6132
2019-02-25,17.620922088623047,24.649999618530273,24.78219985961914,24.59830093383789,24.678800582885742,8519
2019-02-26,17.75666618347168,24.83989906311035,24.83989906311035,24.559999465942383,24.559999465942383,2359
2019-02-27,17.87104606628418,24.999900817871094,25.0,24.670000076293945,24.889999389648438,14478
2019-02-28,17.878265380859375,25.010000228881836,25.010000228881836,24.68000030517578,25.0,21281
2019-03-01,17.94260025024414,25.100000381469727,25.18000030517578,24.309999465942383,25.010000228881836,24606
2019-03-04,17.921152114868164,25.06999969482422,25.25,24.971500396728516,25.25,23563
2019-03-05,18.01408576965332,25.200000762939453,25.200000762939453,24.860000610351562,25.1200008392334,6087
2019-03-06,17.921152114868164,25.06999969482422,25.16990089416504,24.899999618530273,25.020000457763672,15201
2019-03-07,17.799631118774414,24.899999618530273,25.049999237060547,24.8700008392334,24.8700008392334,26359
2019-03-08,17.835376739501953,24.950000762939453,25.129899978637695,24.920000076293945,25.0,16264
2019-03-11,17.914005279541016,25.059999465942383,25.06999969482422,24.93000030517578,25.0,44569
2019-03-12,17.906856536865234,25.049999237060547,25.09000015258789,25.040000915527344,25.09000015258789,1196
2019-03-13,17.95232391357422,25.11359977722168,25.179899215698242,25.020000457763672,25.020000457763672,16289
2019-03-14,18.055458068847656,24.864999771118164,24.899999618530273,24.719999313354492,24.84000015258789,8394
2019-03-15,18.030040740966797,24.829999923706055,24.950000762939453,24.799999237060547,24.860000610351562,259494
2019-03-18,17.986474990844727,24.770000457763672,24.899999618530273,24.75,24.899999618530273,38795
2019-03-19,17.935644149780273,24.700000762939453,24.850000381469727,24.700000762939453,24.75,9324
2019-03-20,17.95016098022461,24.719999313354492,24.729999542236328,24.540000915527344,24.670000076293945,30557
2019-03-21,18.080873489379883,24.899999618530273,24.899999618530273,24.684999465942383,24.729999542236328,63762
2019-03-22,17.86302947998047,24.600000381469727,24.899999618530273,24.459999084472656,24.899999618530273,20509
2019-03-25,17.870290756225586,24.610000610351562,24.65999984741211,24.600000381469727,24.65999984741211,4057
2019-03-26,17.92112159729004,24.68000030517578,24.700000762939453,24.649999618530273,24.649999618530273,3756
2019-03-27,18.0736083984375,24.889999389648438,24.889999389648438,24.65999984741211,24.818300247192383,8680
2019-03-28,18.11717987060547,24.950000762939453,25.049999237060547,24.829999923706055,24.889999389648438,31010
2019-03-29,18.29871368408203,25.200000762939453,25.200000762939453,24.950000762939453,24.989999771118164,26939
2019-04-01,18.26240348815918,25.149999618530273,25.18000030517578,25.058500289916992,25.18000030517578,51577
2019-04-02,18.29871368408203,25.200000762939453,25.239999771118164,25.149999618530273,25.149999618530273,24686
2019-04-03,18.371328353881836,25.299999237060547,25.299999237060547,25.1299991607666,25.1299991607666,169974
2019-04-04,18.378591537475586,25.309999465942383,25.309999465942383,25.18000030517578,25.18000030517578,11844
2019-04-05,18.494770050048828,25.469999313354492,25.469999313354492,25.301000595092773,25.301000595092773,4472
2019-04-08,18.480253219604492,25.450000762939453,25.5,25.399999618530273,25.5,16935
2019-04-09,18.335020065307617,25.25,25.367300033569336,25.25,25.30699920654297,2602
2019-04-10,18.44394302368164,25.399999618530273,25.400999069213867,25.30500030517578,25.350000381469727,15790
2019-04-11,18.422161102294922,25.3700008392334,25.459999084472656,25.209999084472656,25.209999084472656,49660
2019-04-12,18.451204299926758,25.40999984741211,25.440000534057617,25.040000915527344,25.040000915527344,6845
2019-04-15,18.342281341552734,25.260000228881836,25.459999084472656,25.25,25.459999084472656,13043
2019-04-16,18.44394302368164,25.399999618530273,25.5,25.360000610351562,25.399999618530273,5352
2019-04-17,18.429418563842773,25.3799991607666,25.510000228881836,25.149999618530273,25.510000228881836,12416
2019-04-18,18.44394302368164,25.399999618530273,25.4950008392334,25.360000610351562,25.3799991607666,6805
2019-04-22,18.48750877380371,25.459999084472656,25.510000228881836,25.25,25.25,6923
2019-04-23,18.46572494506836,25.43000030517578,25.579999923706055,25.43000030517578,25.510000228881836,9888
2019-04-24,18.43667984008789,25.389999389648438,25.530399322509766,25.389999389648438,25.450000762939453,21212
2019-04-25,18.422161102294922,25.3700008392334,25.5,25.3700008392334,25.440000534057617,209009
2019-04-26,18.45846176147461,25.420000076293945,25.459999084472656,25.350000381469727,25.450199127197266,13695
2019-04-29,18.509294509887695,25.489999771118164,25.540000915527344,25.399999618530273,25.540000915527344,73273
2019-04-30,18.56012535095215,25.559999465942383,25.559999465942383,25.479999542236328,25.549999237060547,30549
2019-05-01,18.451204299926758,25.40999984741211,25.600000381469727,25.360000610351562,25.600000381469727,33533
2019-05-02,18.44394302368164,25.399999618530273,25.51140022277832,25.399999618530273,25.51140022277832,43141
2019-05-03,18.421430587768555,25.368999481201172,25.559999465942383,25.299999237060547,25.559999465942383,6207
2019-05-06,18.335020065307617,25.25,25.360000610351562,25.229299545288086,25.360000610351562,9477
2019-05-07,18.189788818359375,25.049999237060547,25.1299991607666,24.979999542236328,25.1299991607666,20130
2019-05-08,18.197053909301758,25.059999465942383,25.1299991607666,24.997299194335938,25.037700653076172,25010
2019-05-09,18.189788818359375,25.049999237060547,25.149999618530273,25.030000686645508,25.143699645996094,47777
2019-05-10,18.240623474121094,25.1200008392334,25.200000762939453,25.049999237060547,25.1299991607666,18289
2019-05-13,18.23031234741211,25.10580062866211,25.219999313354492,25.0,25.219999313354492,17595
2019-05-14,18.189788818359375,25.049999237060547,25.219999313354492,25.020000457763672,25.219999313354492,32421
2019-05-15,18.342281341552734,25.260000228881836,25.290000915527344,25.010000228881836,25.10099983215332,18189
2019-05-16,18.48750877380371,25.459999084472656,25.469999313354492,25.100000381469727,25.260000228881836,11022
2019-05-17,18.502031326293945,25.479999542236328,25.529499053955078,25.430999755859375,25.459999084472656,14263
2019-05-20,18.349546432495117,25.270000457763672,25.5,25.270000457763672,25.5,15694
2019-05-21,18.46209716796875,25.424999237060547,25.43000030517578,25.25,25.43000030517578,42434
2019-05-22,18.53834342956543,25.530000686645508,25.530000686645508,25.280000686645508,25.489999771118164,9364
2019-05-23,18.563756942749023,25.565000534057617,25.600000381469727,25.475000381469727,25.549999237060547,22238
2019-05-24,18.61821746826172,25.639999389648438,25.670000076293945,25.399999618530273,25.399999618530273,2748
2019-05-28,18.56012535095215,25.559999465942383,25.639999389648438,25.4950008392334,25.639999389648438,15057
2019-05-29,18.567384719848633,25.56999969482422,25.709999084472656,25.440000534057617,25.670000076293945,9341
2019-05-30,18.707313537597656,25.762699127197266,25.762699127197266,25.56999969482422,25.690000534057617,13161
2019-05-31,18.748920440673828,25.81999969482422,25.829999923706055,25.6343994140625,25.829999923706055,8775
2019-06-03,18.669044494628906,25.709999084472656,25.799999237060547,25.600000381469727,25.799999237060547,6594
2019-06-04,18.792490005493164,25.8799991607666,25.8799991607666,25.73870086669922,25.829999923706055,16838
2019-06-05,18.777969360351562,25.860000610351562,25.940000534057617,25.809999465942383,25.940000534057617,1774
2019-06-06,18.77070426940918,25.850000381469727,25.979999542236328,25.709999084472656,25.979999542236328,18739
2019-06-07,18.850582122802734,25.959999084472656,26.0,25.920000076293945,25.93000030517578,15427
2019-06-10,18.96676254272461,26.1200008392334,26.1299991607666,25.959999084472656,25.961000442504883,2778
2019-06-11,18.792490005493164,25.8799991607666,26.1200008392334,25.8799991607666,26.1200008392334,3014
2019-06-12,18.879623413085938,26.0,26.0,25.969999313354492,25.969999313354492,753
2019-06-13,18.93169403076172,25.68000030517578,25.75,25.590999603271484,25.74839973449707,3943
2019-06-14,18.939067840576172,25.690000534057617,25.760000228881836,25.65999984741211,25.723499298095703,11285
2019-06-17,19.049644470214844,25.84000015258789,25.841400146484375,25.729000091552734,25.729999542236328,3926
2019-06-18,19.06439208984375,25.860000610351562,25.940000534057617,25.81399917602539,25.940000534057617,35250
2019-06-19,19.101253509521484,25.90999984741211,25.989999771118164,25.90019989013672,25.920000076293945,4527
2019-06-20,19.17497444152832,26.010000228881836,26.190000534057617,25.93000030517578,26.190000534057617,9673
2019-06-21,19.201812744140625,26.04640007019043,26.15999984741211,26.020000457763672,26.15999984741211,3623
2019-06-24,19.204463958740234,26.049999237060547,26.099000930786133,26.049999237060547,26.09000015258789,10716
2019-06-25,19.21670150756836,26.066600799560547,26.184999465942383,25.989999771118164,25.989999771118164,7889
2019-06-26,19.141803741455078,25.96500015258789,26.190000534057617,25.889999389648438,26.190000534057617,26456
2019-06-27,19.17497444152832,26.010000228881836,26.20669937133789,25.889999389648438,26.1200008392334,12411
2019-06-28,19.071767807006836,25.8700008392334,26.139999389648438,25.850000381469727,26.0,79472
2019-07-01,19.30767059326172,26.190000534057617,26.190000534057617,25.889999389648438,26.020000457763672,15089
2019-07-02,19.410888671875,26.329999923706055,26.440000534057617,26.155000686645508,26.190000534057617,19471
2019-07-03,19.46249008178711,26.399999618530273,26.510000228881836,26.389999389648438,26.420000076293945,7669
2019-07-05,19.477235794067383,26.420000076293945,26.5,26.399999618530273,26.400100708007812,9840
2019-07-08,19.51409339904785,26.469999313354492,26.510000228881836,26.434099197387695,26.5,6454
2019-07-09,19.51409339904785,26.469999313354492,26.531999588012695,26.399999618530273,26.421199798583984,9261
2019-07-10,19.51409339904785,26.469999313354492,26.518999099731445,26.44499969482422,26.44499969482422,7835
2019-07-11,19.468387603759766,26.408000946044922,26.509899139404297,26.360000610351562,26.450000762939453,15825
2019-07-12,19.388765335083008,26.299999237060547,26.432199478149414,26.299999237060547,26.360000610351562,7316
2019-07-15,19.3371639251709,26.229999542236328,26.295000076293945,26.151100158691406,26.209999084472656,15056
2019-07-16,19.41825294494629,26.34000015258789,26.40999984741211,26.210500717163086,26.28499984741211,22192
2019-07-17,19.521467208862305,26.479999542236328,26.5,26.270000457763672,26.3799991607666,11011
2019-07-18,19.60993766784668,26.600000381469727,26.610000610351562,26.51099967956543,26.51099967956543,5451
2019-07-19,19.742631912231445,26.780000686645508,26.780000686645508,26.469999313354492,26.729999542236328,16511
2019-07-22,19.57307243347168,26.549999237060547,26.729999542236328,26.520000457763672,26.729999542236328,2545
2019-07-23,19.79423713684082,26.850000381469727,26.850000381469727,26.53499984741211,26.719999313354492,6670
2019-07-24,20.008028030395508,27.139999389648438,27.139999389648438,26.899999618530273,26.93000030517578,13305
2019-07-25,19.890073776245117,26.979999542236328,27.1200008392334,26.899999618530273,27.1200008392334,31004
2019-07-26,19.98590850830078,27.110000610351562,27.15999984741211,27.049999237060547,27.049999237060547,13120
2019-07-29,20.096492767333984,27.260000228881836,27.270000457763672,27.149999618530273,27.15999984741211,20406
2019-07-30,20.008028030395508,27.139999389648438,27.399999618530273,27.079999923706055,27.399999618530273,8978
2019-07-31,20.192337036132812,27.389999389648438,27.450000762939453,27.06089973449707,27.200000762939453,26979
2019-08-01,20.015398025512695,27.149999618530273,27.689899444580078,26.93000030517578,27.689899444580078,22960
2019-08-02,20.008028030395508,27.139999389648438,27.229999542236328,26.600000381469727,26.989999771118164,6916
2019-08-05,19.838468551635742,26.90999984741211,26.950599670410156,26.520000457763672,26.56999969482422,19391
2019-08-06,19.897449493408203,26.989999771118164,27.285499572753906,26.8700008392334,27.20199966430664,5374
2019-08-07,20.067007064819336,27.219999313354492,27.229999542236328,26.799999237060547,27.229999542236328,7357
2019-08-08,20.1628475189209,27.350000381469727,27.641799926757812,27.139999389648438,27.358200073242188,7754
2019-08-09,20.067007064819336,27.219999313354492,27.489999771118164,26.920000076293945,27.489999771118164,2978
2019-08-12,20.1259822845459,27.299999237060547,27.5,27.200000762939453,27.450000762939453,12663
2019-08-13,20.155475616455078,27.34000015258789,27.360000610351562,26.93000030517578,27.299999237060547,107396
2019-08-14,20.184965133666992,27.3799991607666,27.3799991607666,27.170000076293945,27.170000076293945,3111
2019-08-15,20.044889450073242,27.190000534057617,27.479999542236328,27.190000534057617,27.479999542236328,4417
2019-08-16,19.98060417175293,27.102800369262695,27.450000762939453,26.799999237060547,27.450000762939453,11693
2019-08-19,20.089122772216797,27.25,27.42620086669922,27.05270004272461,27.190000534057617,4449
2019-08-20,20.209806442260742,27.413700103759766,27.489999771118164,27.299999237060547,27.469999313354492,5140
2019-08-21,20.41349983215332,27.690000534057617,27.790000915527344,27.329999923706055,27.329999923706055,4467
2019-08-22,20.4429874420166,27.729999542236328,27.75,27.549999237060547,27.649999618530273,144560
2019-08-23,20.43561553955078,27.719999313354492,27.899999618530273,27.600000381469727,27.8799991607666,9234
2019-08-26,20.54619789123535,27.8700008392334,28.110000610351562,27.649999618530273,28.110000610351562,73604
2019-08-27,20.486482620239258,27.788999557495117,28.0,27.5,27.889999389648438,16129
2019-08-28,20.258678436279297,27.479999542236328,28.0049991607666,27.270000457763672,27.899999618530273,8930
2019-08-29,20.280797958374023,27.510000228881836,27.75,27.40999984741211,27.75,11922
2019-08-30,20.428245544433594,27.709999084472656,27.84000015258789,27.536399841308594,27.84000015258789,11944
2019-09-03,20.1259822845459,27.299999237060547,27.979999542236328,27.299999237060547,27.979999542236328,12929
2019-09-04,20.177587509155273,27.3700008392334,27.479999542236328,27.290000915527344,27.440000534057617,4613
2019-09-05,20.1628475189209,27.350000381469727,27.579999923706055,26.990699768066406,27.579999923706055,28449
2019-09-06,20.1628475189209,27.350000381469727,27.59000015258789,27.049999237060547,27.59000015258789,8101
2019-09-09,20.214448928833008,27.420000076293945,27.670000076293945,27.170000076293945,27.670000076293945,14544
2019-09-10,20.052265167236328,27.200000762939453,27.350000381469727,27.200000762939453,27.350000381469727,2256
2019-09-11,20.155475616455078,27.34000015258789,27.34000015258789,27.225000381469727,27.299999237060547,3196
2019-09-12,20.096111297607422,26.8700008392334,27.020000457763672,26.68000030517578,27.020000457763672,3963
2019-09-13,19.774511337280273,26.440000534057617,26.75,26.18000030517578,26.75,20503
2019-09-16,19.6698055267334,26.299999237060547,26.700000762939453,26.21299934387207,26.700000762939453,5548
2019-09-17,19.74459457397461,26.399999618530273,26.43000030517578,26.18829917907715,26.200000762939453,19426
2019-09-18,19.781993865966797,26.450000762939453,26.524799346923828,26.31999969482422,26.31999969482422,88858
2019-09-19,19.781993865966797,26.450000762939453,26.549999237060547,26.40999984741211,26.549999237060547,113823
2019-09-20,19.763071060180664,26.424699783325195,26.59630012512207,26.424699783325195,26.510000228881836,6358
2019-09-23,19.699726104736328,26.34000015258789,26.459999084472656,26.34000015258789,26.459999084472656,51071
2019-09-24,19.63241195678711,26.25,26.489999771118164,26.25,26.489999771118164,12601
2019-09-25,19.639888763427734,26.260000228881836,26.434999465942383,26.260000228881836,26.43000030517578,5191
2019-09-26,19.602495193481445,26.209999084472656,26.399999618530273,26.209999084472656,26.399999618530273,4993
2019-09-27,19.557621002197266,26.149999618530273,26.389999389648438,26.149999618530273,26.360000610351562,13419
2019-09-30,19.46787452697754,26.030000686645508,26.329999923706055,26.030000686645508,26.31999969482422,80103
2019-10-01,19.662330627441406,26.290000915527344,26.290000915527344,26.100000381469727,26.100000381469727,18882
2019-10-02,19.7221622467041,26.3700008392334,26.3700008392334,26.049999237060547,26.290000915527344,12775
2019-10-03,19.752079010009766,26.40999984741211,26.520000457763672,26.3799991607666,26.469999313354492,37934
2019-10-04,19.81938934326172,26.5,26.510000228881836,26.229999542236328,26.489999771118164,93544
2019-10-07,19.909133911132812,26.6200008392334,26.649999618530273,26.469999313354492,26.549999237060547,21037
2019-10-08,19.901655197143555,26.610000610351562,26.649999618530273,26.459999084472656,26.649999618530273,6253
2019-10-09,19.826868057250977,26.510000228881836,26.639999389648438,26.479999542236328,26.639999389648438,8938
2019-10-10,19.909133911132812,26.6200008392334,26.670000076293945,26.45170021057129,26.610000610351562,4498
2019-10-11,20.028799057006836,26.780000686645508,26.795000076293945,26.6200008392334,26.649999618530273,10148
2019-10-14,20.028799057006836,26.780000686645508,26.8799991607666,26.633100509643555,26.8799991607666,5445
2019-10-15,20.163419723510742,26.959999084472656,26.959999084472656,26.8700008392334,26.899999618530273,2314
2019-10-16,20.2830867767334,27.1200008392334,27.128799438476562,26.889999389648438,26.889999389648438,14053
2019-10-17,20.395273208618164,27.270000457763672,27.8799991607666,27.06999969482422,27.43000030517578,5399
2019-10-18,20.200817108154297,27.010000228881836,27.270000457763672,26.969999313354492,27.270000457763672,12448
2019-10-21,20.10359001159668,26.8799991607666,27.1200008392334,26.8799991607666,27.110000610351562,4034
2019-10-22,20.193340301513672,27.0,27.100000381469727,26.969999313354492,27.06999969482422,8040
2019-10-23,20.268129348754883,27.100000381469727,27.200000762939453,27.069700241088867,27.100000381469727,5607
2019-10-24,20.268129348754883,27.100000381469727,27.200000762939453,27.100000381469727,27.190000534057617,4004
2019-10-25,20.096111297607422,26.8700008392334,27.190000534057617,26.770000457763672,27.190000534057617,9391
2019-10-28,20.10359001159668,26.8799991607666,27.013700485229492,26.8700008392334,26.959999084472656,2441
2019-10-29,20.081157684326172,26.850000381469727,27.020000457763672,26.850000381469727,26.969999313354492,4606
2019-10-30,20.2412052154541,27.06399917602539,27.1299991607666,26.78499984741211,26.979999542236328,6567
2019-10-31,20.14098358154297,26.93000030517578,27.178199768066406,26.93000030517578,27.06999969482422,34384
2019-11-01,20.148462295532227,26.940000534057617,27.139999389648438,26.93000030517578,27.09000015258789,6652
2019-11-04,20.223257064819336,27.040000915527344,27.154300689697266,26.8799991607666,27.100000381469727,4554
2019-11-05,20.188024520874023,26.992900848388672,27.0,26.850000381469727,27.0,2359
2019-11-06,20.006357192993164,26.75,27.15999984741211,26.75,27.06999969482422,5948
2019-11-07,20.006357192993164,26.75,27.0,26.62540054321289,27.0,2927
2019-11-08,20.155946731567383,26.950000762939453,27.079999923706055,26.729999542236328,26.729999542236328,7178
2019-11-11,20.088634490966797,26.860000610351562,27.030000686645508,26.67799949645996,27.030000686645508,2384
2019-11-12,20.111068725585938,26.889999389648438,26.940000534057617,26.700000762939453,26.940000534057617,2122
2019-11-13,19.89417839050293,26.600000381469727,26.959999084472656,26.573200225830078,26.93000030517578,9108
2019-11-14,19.834346771240234,26.520000457763672,26.850000381469727,26.520000457763672,26.850000381469727,4298
2019-11-15,19.70503044128418,26.34709930419922,26.520000457763672,26.31999969482422,26.520000457763672,16080
2019-11-18,19.5688419342041,26.165000915527344,26.489999771118164,26.149999618530273,26.489999771118164,27195
2019-11-19,19.535186767578125,26.1200008392334,26.34000015258789,26.04789924621582,26.299999237060547,18803
2019-11-20,19.654850006103516,26.280000686645508,26.366300582885742,26.020000457763672,26.209999084472656,8059
2019-11-21,19.572582244873047,26.170000076293945,26.350000381469727,26.170000076293945,26.350000381469727,1342
2019-11-22,19.6698055267334,26.299999237060547,26.479999542236328,26.299999237060547,26.479999542236328,4485
2019-11-25,19.826868057250977,26.510000228881836,26.510000228881836,26.459999084472656,26.469999313354492,4837
2019-11-26,19.871740341186523,26.56999969482422,26.59000015258789,26.343700408935547,26.59000015258789,4307
2019-11-27,19.856786727905273,26.549999237060547,26.616899490356445,26.510000228881836,26.600000381469727,2979
2019-11-29,19.991403579711914,26.729999542236328,26.729999542236328,26.549999237060547,26.700000762939453,8392
2019-12-02,19.789466857910156,26.459999084472656,26.729999542236328,26.453699111938477,26.729999542236328,6507
2019-12-03,19.84930419921875,26.540000915527344,26.712799072265625,26.450000762939453,26.450000762939453,4394
2019-12-04,19.89417839050293,26.600000381469727,26.749799728393555,26.599700927734375,26.649999618530273,19192
2019-12-05,19.92409324645996,26.639999389648438,26.670000076293945,26.5231990814209,26.65999984741211,4870
2019-12-06,19.93905258178711,26.65999984741211,26.719999313354492,26.576900482177734,26.719999313354492,19775
2019-12-09,19.886701583862305,26.59000015258789,26.75,26.59000015258789,26.700000762939453,15357
2019-12-10,19.963876724243164,26.693199157714844,26.700000762939453,26.597000122070312,26.700000762939453,1764
2019-12-11,20.051240921020508,26.809999465942383,26.81999969482422,26.73509979248047,26.81999969482422,2154
2019-12-12,20.124195098876953,26.515499114990234,26.579999923706055,26.362300872802734,26.43000030517578,3440
2019-12-13,20.142791748046875,26.540000915527344,26.6200008392334,26.413999557495117,26.59000015258789,2521
2019-12-16,20.34231948852539,26.802900314331055,27.040000915527344,26.649999618530273,27.040000915527344,5626
2019-12-17,20.21868324279785,26.639999389648438,26.860000610351562,26.639999389648438,26.850000381469727,2509
2019-12-18,20.438779830932617,26.93000030517578,27.0,26.780000686645508,26.780000686645508,8767
2019-12-19,20.286989212036133,26.729999542236328,27.09000015258789,26.69099998474121,27.09000015258789,8258
2019-12-20,20.29458236694336,26.739999771118164,26.899999618530273,26.739999771118164,26.84000015258789,1123
2019-12-23,20.40842628479004,26.889999389648438,26.90999984741211,26.729999542236328,26.809999465942383,3573
2019-12-24,20.40842628479004,26.889999389648438,26.90999984741211,26.850000381469727,26.8799991607666,4211
2019-12-26,20.423608779907227,26.90999984741211,26.90999984741211,26.610000610351562,26.889999389648438,16615
2019-12-27,20.24904441833496,26.68000030517578,26.81599998474121,26.546300888061523,26.809999465942383,6700
2019-12-30,20.34770965576172,26.809999465942383,26.809999465942383,26.59000015258789,26.799999237060547,9141
2019-12-31,20.203502655029297,26.6200008392334,26.889999389648438,26.6200008392334,26.809999465942383,15644
2020-01-02,20.416017532348633,26.899999618530273,26.989999771118164,26.59000015258789,26.790000915527344,18547
2020-01-03,20.491910934448242,27.0,27.14229965209961,26.889999389648438,26.889999389648438,12718
2020-01-06,20.643709182739258,27.200000762939453,27.200000762939453,27.170000076293945,27.184999465942383,4028
2020-01-07,20.787904739379883,27.389999389648438,27.389999389648438,27.18000030517578,27.200000762939453,6169
2020-01-08,20.8106746673584,27.420000076293945,27.6299991607666,27.360000610351562,27.479999542236328,7406
2020-01-09,20.856212615966797,27.479999542236328,27.584999084472656,27.39349937438965,27.56999969482422,4300
2020-01-10,20.875185012817383,27.5049991607666,27.610000610351562,27.5049991607666,27.559999465942383,1722
2020-01-13,20.87139320373535,27.5,27.600000381469727,27.440000534057617,27.579999923706055,7292
2020-01-14,20.933095932006836,27.581300735473633,27.652700424194336,27.579999923706055,27.649999618530273,5794
2020-01-15,20.69683074951172,27.270000457763672,27.649999618530273,27.270000457763672,27.649999618530273,6818
2020-01-16,20.729995727539062,27.31369972229004,27.520000457763672,27.18000030517578,27.520000457763672,6735
2020-01-17,20.643709182739258,27.200000762939453,27.420000076293945,27.1200008392334,27.420000076293945,3714
2020-01-21,20.594371795654297,27.135000228881836,27.200000762939453,27.020000457763672,27.200000762939453,8000
2020-01-22,20.646589279174805,27.203800201416016,27.290000915527344,27.084800720214844,27.290000915527344,3046
2020-01-23,20.7195987701416,27.299999237060547,27.350000381469727,27.139999389648438,27.350000381469727,10512
2020-01-24,20.825851440429688,27.440000534057617,27.440000534057617,27.223600387573242,27.399999618530273,21098
2020-01-27,20.833444595336914,27.450000762939453,27.474599838256836,27.298799514770508,27.399999618530273,5561
2020-01-28,20.704418182373047,27.280000686645508,27.479999542236328,27.280000686645508,27.479999542236328,3826
2020-01-29,20.80308723449707,27.40999984741211,27.475000381469727,27.389999389648438,27.43000030517578,6917
2020-01-30,20.8106746673584,27.420000076293945,27.450000762939453,27.302099227905273,27.440000534057617,15597
2020-01-31,20.833444595336914,27.450000762939453,27.462799072265625,27.379600524902344,27.420000076293945,12294
2020-02-03,20.81629180908203,27.427400588989258,27.729999542236328,27.427400588989258,27.729999542236328,6215
2020-02-04,20.757543563842773,27.350000381469727,27.68000030517578,27.350000381469727,27.68000030517578,6295
2020-02-05,20.80308723449707,27.40999984741211,27.6200008392334,27.40999984741211,27.6200008392334,3322
2020-02-06,20.909337997436523,27.549999237060547,27.549999237060547,27.443899154663086,27.510000228881836,5056
2020-02-07,21.121849060058594,27.829999923706055,28.06999969482422,27.540000915527344,27.549999237060547,5993
2020-02-10,21.053543090820312,27.739999771118164,28.5,27.739999771118164,28.5,7437
2020-02-11,21.09528350830078,27.795000076293945,27.940000534057617,27.739999771118164,27.889999389648438,11875
2020-02-12,21.053543090820312,27.739999771118164,27.850000381469727,27.739999771118164,27.829999923706055,5705
2020-02-13,21.137027740478516,27.850000381469727,27.8700008392334,27.799999237060547,27.8700008392334,4103
2020-02-14,21.137027740478516,27.850000381469727,27.93000030517578,27.799999237060547,27.93000030517578,1957
2020-02-18,21.15979766845703,27.8799991607666,27.920000076293945,27.816999435424805,27.920000076293945,2436
2020-02-19,21.000417709350586,27.670000076293945,27.940000534057617,27.670000076293945,27.889999389648438,13775
2020-02-20,21.023183822631836,27.700000762939453,27.81999969482422,27.600000381469727,27.81999969482422,6157
2020-02-21,20.93210792541504,27.579999923706055,27.770000457763672,27.579999923706055,27.770000457763672,2929
2020-02-24,20.795495986938477,27.399999618530273,27.520000457763672,27.399999618530273,27.520000457763672,3152
2020-02-25,20.23386573791504,26.65999984741211,27.59000015258789,26.65999984741211,27.59000015258789,5971
2020-02-26,20.438779830932617,26.93000030517578,27.059999465942383,26.81999969482422,27.020000457763672,13884
2020-02-27,20.400835037231445,26.8799991607666,27.110000610351562,26.860000610351562,27.110000610351562,25390
2020-02-28,20.104846954345703,26.489999771118164,26.799999237060547,26.399999618530273,26.719999313354492,10781
2020-03-02,20.24904441833496,26.68000030517578,26.979999542236328,26.395000457763672,26.489999771118164,8067
2020-03-03,20.394763946533203,26.871999740600586,27.190000534057617,26.850000381469727,27.190000534057617,3873
2020-03-04,20.681652069091797,27.25,27.420000076293945,26.960800170898438,27.420000076293945,2111
2020-03-05,20.435749053955078,26.926000595092773,27.3700008392334,26.926000595092773,27.3700008392334,1483
2020-03-06,19.96063995361328,26.299999237060547,26.979999542236328,26.25,26.979999542236328,7375
2020-03-09,19.456382751464844,25.63559913635254,26.020000457763672,24.81570053100586,25.950000762939453,32248
2020-03-10,19.86956214904785,26.18000030517578,26.579999923706055,25.600000381469727,26.1299991607666,7911
2020-03-11,19.512849807739258,25.709999084472656,27.84000015258789,25.469999313354492,27.84000015258789,6630
2020-03-12,17.72538948059082,23.0,24.75,22.510000228881836,24.0,26324
2020-03-13,18.465229034423828,23.959999084472656,24.0,22.899999618530273,23.639999389648438,7979
2020-03-16,17.71767807006836,22.989999771118164,23.174999237060547,21.27560043334961,22.5,14440
2020-03-17,17.201330184936523,22.31999969482422,22.86199951171875,21.5,21.5,15790
2020-03-18,13.872040748596191,18.0,22.0,17.514999389648438,21.450000762939453,47196
2020-03-19,15.528983116149902,20.149999618530273,20.149999618530273,17.0,17.510000228881836,41364
2020-03-20,15.69082260131836,20.360000610351562,21.09000015258789,19.649999618530273,20.299999237060547,42217
2020-03-23,14.88161849975586,19.309999465942383,20.5,18.649999618530273,20.5,29837
2020-03-24,16.476900100708008,21.3799991607666,21.3799991607666,20.3700008392334,20.3700008392334,18277
2020-03-25,17.40216827392578,22.58060073852539,23.219999313354492,21.56920051574707,22.170000076293945,76115
2020-03-26,18.12613868713379,23.520000457763672,23.760000228881836,21.239999771118164,23.760000228881836,16806
2020-03-27,17.663732528686523,22.920000076293945,23.18000030517578,22.290000915527344,22.65999984741211,48992
2020-03-30,18.264854431152344,23.700000762939453,23.84000015258789,23.43000030517578,23.84000015258789,47086
2020-03-31,18.187789916992188,23.600000381469727,23.979999542236328,22.420000076293945,22.420000076293945,9166
2020-04-01,17.89493751525879,23.219999313354492,23.5,22.700000762939453,23.5,10081
2020-04-02,17.7022647857666,22.969999313354492,23.3700008392334,22.537700653076172,22.989999771118164,16346
2020-04-03,17.53272247314453,22.75,22.809999465942383,21.9335994720459,22.809999465942383,20269
2020-04-06,17.640613555908203,22.889999389648438,23.649999618530273,22.360000610351562,23.649999618530273,28128
2020-04-07,17.93346405029297,23.270000457763672,23.270000457763672,22.670000076293945,22.934999465942383,4684
2020-04-08,18.25714874267578,23.690000534057617,23.972299575805664,22.799999237060547,22.799999237060547,19578
2020-04-09,18.944971084594727,24.582500457763672,24.729999542236328,24.079999923706055,24.079999923706055,13889
2020-04-13,19.104883193969727,24.790000915527344,24.81999969482422,24.127899169921875,24.81999969482422,4243
2020-04-14,19.135711669921875,24.829999923706055,25.290000915527344,24.68000030517578,25.229999542236328,7822
2020-04-15,18.919845581054688,24.54990005493164,24.700000762939453,23.739999771118164,24.200000762939453,5505
2020-04-16,18.873682022094727,24.489999771118164,24.739999771118164,24.239999771118164,24.239999771118164,3510
2020-04-17,19.104883193969727,24.790000915527344,25.200000762939453,24.489999771118164,25.200000762939453,4634
2020-04-20,18.980342864990234,24.628400802612305,24.75,24.5,24.670000076293945,14082
2020-04-21,18.50376319885254,24.010000228881836,24.459999084472656,24.0049991607666,24.450000762939453,12108
2020-04-22,18.46137809753418,23.954999923706055,24.290000915527344,23.954999923706055,24.139999389648438,5049
2020-04-23,18.74266815185547,24.31999969482422,24.469999313354492,24.100000381469727,24.469999313354492,4108
2020-04-24,18.863433837890625,24.476699829101562,24.479999542236328,24.15999984741211,24.459999084472656,2159
2020-04-27,18.881391525268555,24.5,24.549999237060547,24.360000610351562,24.549999237060547,7505
2020-04-28,18.973873138427734,24.6200008392334,24.790000915527344,24.390399932861328,24.700000762939453,15929
2020-04-29,19.208616256713867,24.92460060119629,25.02899932861328,24.723600387573242,24.799999237060547,5676
2020-04-30,18.996990203857422,24.649999618530273,25.1200008392334,24.649999618530273,25.024999618530273,28348
2020-05-01,19.004695892333984,24.65999984741211,24.969999313354492,24.34000015258789,24.969999313354492,8069
2020-05-04,18.65789794921875,24.209999084472656,24.450000762939453,24.0049991607666,24.450000762939453,46259
2020-05-05,18.588537216186523,24.1200008392334,24.25,24.111000061035156,24.165000915527344,7053
2020-05-06,18.7156982421875,24.28499984741211,24.486299514770508,24.229999542236328,24.479999542236328,17301
2020-05-07,18.919925689697266,24.549999237060547,24.559999465942383,24.399999618530273,24.399999618530273,16132
2020-05-08,19.154207229614258,24.854000091552734,24.875,24.475000381469727,24.475000381469727,2541
2020-05-11,19.343791961669922,25.100000381469727,25.1200008392334,24.915000915527344,24.979999542236328,8918
2020-05-12,19.32067108154297,25.06999969482422,25.09000015258789,25.0,25.09000015258789,11298
2020-05-13,19.189659118652344,24.899999618530273,25.09000015258789,24.899999618530273,25.09000015258789,7416
2020-05-14,19.328378677368164,25.079999923706055,25.079999923706055,24.6117000579834,24.899999618530273,30895
2020-05-15,19.257783889770508,24.988399505615234,25.149999618530273,24.885000228881836,25.149999618530273,11055
2020-05-18,19.60582160949707,25.440000534057617,25.440000534057617,25.0,25.1200008392334,56406
2020-05-19,19.490219116210938,25.290000915527344,25.440000534057617,25.226200103759766,25.440000534057617,2108
2020-05-20,19.532608032226562,25.344999313354492,25.5,25.100000381469727,25.381200790405273,2802
2020-05-21,19.474803924560547,25.270000457763672,25.399999618530273,25.270000457763672,25.3700008392334,1291
2020-05-22,19.628934860229492,25.469999313354492,25.670000076293945,25.34000015258789,25.34000015258789,2846
2020-05-26,20.029687881469727,25.989999771118164,26.0,25.826000213623047,26.0,8211
2020-05-27,20.237768173217773,26.260000228881836,26.270000457763672,25.950000762939453,25.950000762939453,19667
2020-05-28,20.25318145751953,26.280000686645508,26.290000915527344,26.09000015258789,26.09000015258789,3493
2020-05-29,20.384199142456055,26.450000762939453,26.450000762939453,26.25,26.260000228881836,9929
2020-06-01,20.330245971679688,26.3799991607666,26.5,26.100000381469727,26.100000381469727,35199
2020-06-02,20.422727584838867,26.5,26.656700134277344,26.360000610351562,26.399999618530273,95674
2020-06-03,20.307130813598633,26.350000381469727,26.579999923706055,26.350000381469727,26.510000228881836,11788
2020-06-04,20.307130813598633,26.350000381469727,26.350000381469727,26.299999237060547,26.350000381469727,5309
2020-06-05,20.291715621948242,26.329999923706055,26.690000534057617,26.270000457763672,26.690000534057617,11724
2020-06-08,20.4967098236084,26.59600067138672,26.639999389648438,26.549999237060547,26.639999389648438,1774
2020-06-09,20.415027618408203,26.489999771118164,26.5,26.469999313354492,26.472000122070312,1376
2020-06-10,20.307130813598633,26.350000381469727,26.709999084472656,26.299999237060547,26.709999084472656,4328
2020-06-11,20.260887145996094,26.290000915527344,26.540000915527344,25.760000228881836,26.540000915527344,12179
2020-06-12,19.807649612426758,25.31999969482422,25.94029998779297,25.31999969482422,25.94029998779297,4016
2020-06-15,19.729419708251953,25.219999313354492,25.75,25.200000762939453,25.75,10195
2020-06-16,20.081453323364258,25.670000076293945,25.850000381469727,25.588199615478516,25.850000381469727,1585
2020-06-17,20.370901107788086,26.040000915527344,26.082799911499023,25.850000381469727,25.850000381469727,5639
2020-06-18,20.331787109375,25.989999771118164,26.3700008392334,25.989999771118164,26.3700008392334,698
2020-06-19,20.351423263549805,26.015100479125977,26.56999969482422,26.015100479125977,26.56999969482422,2110
2020-06-22,20.30831527709961,25.959999084472656,26.3799991607666,25.885000228881836,26.3799991607666,3040
2020-06-23,20.214365005493164,25.83989906311035,26.299999237060547,25.81839942932129,26.299999237060547,13037
2020-06-24,20.230087280273438,25.860000610351562,25.989999771118164,25.700000762939453,25.989999771118164,4537
2020-06-25,20.151857376098633,25.760000228881836,25.899999618530273,25.75119972229004,25.899999618530273,1723
2020-06-26,20.0579833984375,25.639999389648438,25.709999084472656,25.63599967956543,25.670000076293945,4179
2020-06-29,19.956287384033203,25.510000228881836,25.860000610351562,25.5,25.860000610351562,1479
2020-06-30,19.956287384033203,25.510000228881836,25.860000610351562,25.510000228881836,25.860000610351562,11559
2020-07-01,20.183151245117188,25.799999237060547,25.969999313354492,25.75,25.75,993
2020-07-02,20.30049705505371,25.950000762939453,25.959999084472656,25.799999237060547,25.93000030517578,23182
2020-07-06,20.273117065429688,25.915000915527344,25.915000915527344,25.915000915527344,25.915000915527344,664
2020-07-07,20.22226905822754,25.850000381469727,26.170000076293945,25.850000381469727,26.170000076293945,1744
2020-07-08,20.214441299438477,25.84000015258789,26.100000381469727,25.84000015258789,26.100000381469727,2505
2020-07-09,20.30049705505371,25.950000762939453,25.950000762939453,25.899999618530273,25.899999618530273,1103
2020-07-10,20.4178409576416,26.100000381469727,26.100000381469727,26.018600463867188,26.09000015258789,946
2020-07-13,20.44131088256836,26.1299991607666,26.25,26.1299991607666,26.25,4011
2020-07-14,20.284847259521484,25.93000030517578,25.950000762939453,25.760000228881836,25.84000015258789,6870
2020-07-15,20.323963165283203,25.979999542236328,26.200000762939453,25.979999542236328,26.1299991607666,5683
2020-07-16,20.294158935546875,25.9419002532959,26.1200008392334,25.899999618530273,26.1200008392334,2103
2020-07-17,20.294158935546875,25.9419002532959,25.9419002532959,25.9419002532959,25.9419002532959,0
2020-07-20,20.574296951293945,26.299999237060547,26.299999237060547,26.110000610351562,26.110000610351562,1210
2020-07-21,20.521808624267578,26.232900619506836,26.75,26.176000595092773,26.75,1811
2020-07-22,20.589942932128906,26.31999969482422,26.690000534057617,26.290000915527344,26.690000534057617,15556
2020-07-23,20.816810607910156,26.610000610351562,26.610000610351562,26.31999969482422,26.489999771118164,4748
2020-07-24,20.918506622314453,26.739999771118164,26.770000457763672,26.520000457763672,26.639999389648438,8429
2020-07-27,21.074966430664062,26.940000534057617,26.940000534057617,26.661699295043945,26.889999389648438,6181
2020-07-28,20.965442657470703,26.799999237060547,26.979999542236328,26.783899307250977,26.979999542236328,1819
2020-07-29,21.23141860961914,27.139999389648438,27.139999389648438,26.950000762939453,26.969999313354492,2264
2020-07-30,21.39570426940918,27.350000381469727,27.420000076293945,27.06999969482422,27.1299991607666,4524
2020-07-31,21.559986114501953,27.559999465942383,28.299999237060547,27.350000381469727,27.5,16639
2020-08-03,21.39570426940918,27.350000381469727,27.579999923706055,27.200000762939453,27.579999923706055,5322
2020-08-04,21.45046615600586,27.420000076293945,27.559999465942383,27.40999984741211,27.549999237060547,10562
2020-08-05,21.22359848022461,27.1299991607666,27.56999969482422,27.1299991607666,27.540000915527344,14548
2020-08-06,21.46611213684082,27.440000534057617,27.459999084472656,27.343000411987305,27.360000610351562,2650
2020-08-07,21.348764419555664,27.290000915527344,27.440000534057617,27.209999084472656,27.440000534057617,5421
2020-08-10,21.473936080932617,27.450000762939453,27.450000762939453,27.200000762939453,27.290000915527344,4390
2020-08-11,21.39570426940918,27.350000381469727,27.549999237060547,27.299999237060547,27.549999237060547,9016
2020-08-12,21.35658836364746,27.299999237060547,27.5,27.299999237060547,27.5,7343
2020-08-13,21.50428581237793,27.488800048828125,27.639999389648438,27.3799991607666,27.59000015258789,6538
2020-08-14,21.301828384399414,27.229999542236328,27.600000381469727,27.229999542236328,27.579999923706055,4165
2020-08-17,21.567806243896484,27.56999969482422,27.6299991607666,27.51490020751953,27.549999237060547,2255
2020-08-18,21.583452224731445,27.59000015258789,27.84000015258789,27.350000381469727,27.350000381469727,3723
2020-08-19,21.818145751953125,27.889999389648438,27.969999313354492,27.850000381469727,27.8700008392334,3392
2020-08-20,21.73208999633789,27.780000686645508,27.950000762939453,27.780000686645508,27.950000762939453,8801
2020-08-21,21.724267959594727,27.770000457763672,27.979999542236328,27.770000457763672,27.979999542236328,3486
2020-08-24,21.746171951293945,27.79800033569336,27.979999542236328,27.79800033569336,27.799999237060547,6964
2020-08-25,21.825963973999023,27.899999618530273,27.959999084472656,27.825000762939453,27.950000762939453,3911
2020-08-26,21.80249786376953,27.8700008392334,27.989999771118164,27.8700008392334,27.899999618530273,4330
2020-08-27,21.636337280273438,27.65760040283203,28.149999618530273,27.559999465942383,28.149999618530273,7068
2020-08-28,21.825963973999023,27.899999618530273,27.899999618530273,27.3700008392334,27.3700008392334,2738
2020-08-31,21.80249786376953,27.8700008392334,28.139999389648438,27.8700008392334,28.139999389648438,1622
2020-09-01,21.825963973999023,27.899999618530273,28.190000534057617,27.860000610351562,28.190000534057617,2057
2020-09-02,21.857257843017578,27.940000534057617,28.0,27.780000686645508,28.0,1955
2020-09-03,21.90716552734375,28.003799438476562,28.003799438476562,27.940000534057617,27.940000534057617,4652
2020-09-04,21.70079803466797,27.739999771118164,27.760000228881836,27.649999618530273,27.719999313354492,3816
2020-09-08,21.567806243896484,27.56999969482422,27.84000015258789,27.56999969482422,27.84000015258789,1234
2020-09-09,21.65777015686035,27.684999465942383,27.780000686645508,27.684999465942383,27.69499969482422,996
2020-09-10,21.747737884521484,27.799999237060547,27.8700008392334,27.756999969482422,27.8700008392334,2471
2020-09-11,21.669506072998047,27.700000762939453,27.899999618530273,27.700000762939453,27.899999618530273,1914
2020-09-14,21.92392349243164,27.6299991607666,27.6299991607666,27.46500015258789,27.520000457763672,3633
2020-09-15,21.93979263305664,27.649999618530273,27.649999618530273,27.549999237060547,27.600000381469727,4402
2020-09-16,21.836637496948242,27.520000457763672,27.809999465942383,27.520000457763672,27.809999465942383,5901
2020-09-17,21.963516235351562,27.679899215698242,27.809999465942383,27.65999984741211,27.719999313354492,3496
2020-09-18,21.884244918823242,27.579999923706055,27.690000534057617,27.489999771118164,27.690000534057617,2926
2020-09-21,21.633506774902344,27.263999938964844,27.263999938964844,27.139999389648438,27.200000762939453,5457
2020-09-22,21.995332717895508,27.719999313354492,27.719999313354492,27.25,27.450000762939453,3383
2020-09-23,21.57478904724121,27.190000534057617,27.729999542236328,27.1299991607666,27.729999542236328,9754
2020-09-24,21.55891990661621,27.170000076293945,27.59000015258789,26.940000534057617,27.59000015258789,6745
2020-09-25,21.685876846313477,27.329999923706055,27.3799991607666,27.200000762939453,27.3799991607666,8084
2020-09-28,21.78902816772461,27.459999084472656,27.549999237060547,27.389999389648438,27.549999237060547,15241
2020-09-29,21.804901123046875,27.479999542236328,27.65999984741211,27.399999618530273,27.65999984741211,3947
2020-09-30,21.82076644897461,27.5,27.559999465942383,27.450000762939453,27.559999465942383,3708
2020-10-01,21.781095504760742,27.450000762939453,27.670000076293945,27.350000381469727,27.670000076293945,6474
2020-10-02,21.896148681640625,27.594999313354492,27.649999618530273,27.3700008392334,27.3700008392334,4141
2020-10-05,21.836637496948242,27.520000457763672,27.600000381469727,27.520000457763672,27.600000381469727,3230
2020-10-06,21.931854248046875,27.639999389648438,27.670000076293945,27.500099182128906,27.670000076293945,4856
2020-10-07,21.74935531616211,27.40999984741211,27.790000915527344,27.40999984741211,27.790000915527344,20095
2020-10-08,21.701745986938477,27.350000381469727,27.540000915527344,27.329999923706055,27.540000915527344,6889
2020-10-09,21.725547790527344,27.3799991607666,27.40999984741211,27.329999923706055,27.40999984741211,1941
2020-10-12,21.709680557250977,27.360000610351562,27.5,27.299999237060547,27.5,5739
2020-10-13,21.654136657714844,27.290000915527344,27.399900436401367,27.239999771118164,27.34000015258789,4235
2020-10-14,21.47163200378418,27.059999465942383,27.489999771118164,27.040000915527344,27.25,9525
2020-10-15,21.416093826293945,26.989999771118164,27.059999465942383,26.809999465942383,27.059999465942383,10707
2020-10-16,21.26533317565918,26.799999237060547,27.18000030517578,26.780000686645508,27.18000030517578,12644
2020-10-19,21.26533317565918,26.799999237060547,27.1299991607666,26.799999237060547,27.0,4320
2020-10-20,21.455766677856445,27.040000915527344,27.055999755859375,26.885000228881836,26.899999618530273,2096
2020-10-21,21.28120231628418,26.81999969482422,27.170000076293945,26.815000534057617,27.100000381469727,4963
2020-10-22,21.423948287963867,26.999900817871094,27.1299991607666,26.809999465942383,26.809999465942383,4046
2020-10-23,21.654136657714844,27.290000915527344,27.290000915527344,26.860000610351562,27.079999923706055,5506
2020-10-26,21.385223388671875,26.951099395751953,27.219999313354492,26.951099395751953,27.219999313354492,2182
2020-10-27,21.46369743347168,27.049999237060547,27.229999542236328,26.84000015258789,27.09000015258789,3615
2020-10-28,21.18598175048828,26.700000762939453,27.149999618530273,26.700000762939453,27.149999618530273,109401
2020-10-29,21.209789276123047,26.729999542236328,26.899999618530273,26.719999313354492,26.899999618530273,2086
2020-10-30,21.447830200195312,27.030000686645508,27.030000686645508,26.739999771118164,26.8799991607666,4025
2020-11-02,21.08291244506836,26.570100784301758,27.100000381469727,26.56999969482422,26.579999923706055,3122
2020-11-03,21.12250518798828,26.6200008392334,26.795000076293945,26.600000381469727,26.600000381469727,2570
2020-11-04,21.408157348632812,26.979999542236328,27.09000015258789,26.6200008392334,26.6200008392334,3597
2020-11-05,21.431961059570312,27.010000228881836,27.146799087524414,26.739999771118164,26.739999771118164,2192
2020-11-06,21.26533317565918,26.799999237060547,27.299999237060547,26.793699264526367,27.299999237060547,4090
2020-11-09,21.662071228027344,27.299999237060547,27.440000534057617,27.170000076293945,27.440000534057617,7280
2020-11-10,21.670005798339844,27.309999465942383,27.329999923706055,27.225000381469727,27.309999465942383,4255
2020-11-11,21.535110473632812,27.139999389648438,27.31999969482422,27.079999923706055,27.31999969482422,2279
2020-11-12,21.38443374633789,26.95009994506836,27.299999237060547,26.95009994506836,27.290000915527344,1299
2020-11-13,21.519245147705078,27.1200008392334,27.150100708007812,27.1200008392334,27.1299991607666,3014
2020-11-16,21.582725524902344,27.200000762939453,27.239999771118164,27.19499969482422,27.239999771118164,4556
2020-11-17,21.55439567565918,27.1643009185791,27.239999771118164,27.1643009185791,27.239999771118164,2764
2020-11-18,21.52718162536621,27.1299991607666,27.219999313354492,27.1299991607666,27.200000762939453,1869
2020-11-19,21.54305076599121,27.149999618530273,27.149999618530273,27.139999389648438,27.139999389648438,4634
2020-11-20,21.476791381835938,27.066499710083008,27.149999618530273,26.950000762939453,27.149999618530273,8051
2020-11-23,21.535110473632812,27.139999389648438,27.149999618530273,27.06800079345703,27.149999618530273,2706
2020-11-24,21.717615127563477,27.3700008392334,27.3700008392334,27.149999618530273,27.149999618530273,3256
2020-11-25,21.52718162536621,27.1299991607666,27.690000534057617,27.1200008392334,27.690000534057617,3805
2020-11-27,21.693811416625977,27.34000015258789,27.34000015258789,27.165000915527344,27.299999237060547,3805
2020-11-30,21.701745986938477,27.350000381469727,27.350000381469727,27.219999313354492,27.34000015258789,4657
2020-12-01,21.733484268188477,27.389999389648438,27.420000076293945,27.190000534057617,27.420000076293945,2939
2020-12-02,21.717697143554688,27.370100021362305,27.440000534057617,27.229999542236328,27.440000534057617,2636
2020-12-03,21.654136657714844,27.290000915527344,27.469999313354492,27.237199783325195,27.469999313354492,2465
2020-12-04,21.709680557250977,27.360000610351562,27.829999923706055,26.959999084472656,26.959999084472656,2932
2020-12-07,21.662071228027344,27.299999237060547,27.479999542236328,27.020000457763672,27.020000457763672,4172
2020-12-08,21.864887237548828,27.555599212646484,27.555599212646484,27.27400016784668,27.290000915527344,1795
2020-12-09,21.92392349243164,27.6299991607666,27.6299991607666,27.219999313354492,27.219999313354492,1311
2020-12-10,21.836637496948242,27.520000457763672,27.700000762939453,27.5,27.700000762939453,3497
2020-12-11,21.97153091430664,27.690000534057617,27.690000534057617,27.299999237060547,27.329999923706055,2461
2020-12-14,22.05252456665039,27.399999618530273,27.469999313354492,27.30500030517578,27.469999313354492,3677
2020-12-15,22.03642463684082,27.3799991607666,27.413299560546875,27.344999313354492,27.344999313354492,2150
2020-12-16,22.03642463684082,27.3799991607666,27.3799991607666,27.0,27.049999237060547,1682
2020-12-17,22.03642463684082,27.3799991607666,27.440000534057617,27.3799991607666,27.43000030517578,2928
2020-12-18,22.020326614379883,27.360000610351562,27.479999542236328,27.25,27.479999542236328,1415
2020-12-21,21.77082633972168,27.049999237060547,27.2450008392334,27.044599533081055,27.139999389648438,7854
2020-12-22,21.690345764160156,26.950000762939453,27.18600082397461,26.950000762939453,27.059999465942383,4063
2020-12-23,21.706443786621094,26.969999313354492,27.1200008392334,26.860000610351562,27.1200008392334,3079
2020-12-24,21.883508682250977,27.190000534057617,27.25,26.90999984741211,27.09000015258789,2224
2020-12-28,21.690345764160156,26.950000762939453,27.100000381469727,26.93000030517578,27.049999237060547,5217
2020-12-29,21.60986328125,26.850000381469727,27.04599952697754,26.850000381469727,27.04599952697754,6250
2020-12-30,21.6018123626709,26.84000015258789,26.850000381469727,26.760000228881836,26.790000915527344,47222
2020-12-31,21.473041534423828,26.68000030517578,26.84000015258789,26.68000030517578,26.84000015258789,17513
2021-01-04,21.408655166625977,26.600000381469727,26.799999237060547,26.530000686645508,26.719999313354492,5224
2021-01-05,21.561573028564453,26.790000915527344,26.790000915527344,26.420000076293945,26.420000076293945,1413
2021-01-06,21.360361099243164,26.540000915527344,26.65999984741211,26.079999923706055,26.65999984741211,11123
2021-01-07,21.32816505432129,26.5,26.55500030517578,26.389999389648438,26.389999389648438,5197
2021-01-08,21.28792953491211,26.450000762939453,26.520000457763672,26.280000686645508,26.280000686645508,5973
2021-01-11,21.28792953491211,26.450000762939453,26.510000228881836,26.3799991607666,26.389999389648438,7630
2021-01-12,21.298309326171875,26.462900161743164,26.579999923706055,26.399999618530273,26.579999923706055,5137
2021-01-13,21.32816505432129,26.5,26.760000228881836,26.450000762939453,26.459999084472656,7932
2021-01-14,21.433605194091797,26.631000518798828,26.729999542236328,26.579999923706055,26.729999542236328,1880
2021-01-15,21.263784408569336,26.420000076293945,26.570100784301758,26.40999984741211,26.40999984741211,3444
2021-01-19,21.263784408569336,26.420000076293945,26.420000076293945,26.420000076293945,26.420000076293945,0
2021-01-20,21.593765258789062,26.829999923706055,26.860000610351562,26.34000015258789,26.34000015258789,2024
2021-01-21,21.569622039794922,26.799999237060547,26.899999618530273,26.78499984741211,26.8799991607666,2419
2021-01-22,21.60986328125,26.850000381469727,26.899999618530273,26.850000381469727,26.8799991607666,1224
2021-01-25,21.489137649536133,26.700000762939453,26.760000228881836,26.700000762939453,26.750900268554688,1236
2021-01-26,21.368410110473633,26.549999237060547,26.899999618530273,26.54010009765625,26.899999618530273,4393
2021-01-27,21.32816505432129,26.5,26.6023006439209,26.450000762939453,26.6023006439209,8894
2021-01-28,21.529375076293945,26.75,26.75,26.510000228881836,26.600000381469727,22012
2021-01-29,21.464990615844727,26.670000076293945,26.670000076293945,26.510000228881836,26.614999771118164,7052
2021-02-01,21.60986328125,26.850000381469727,26.90999984741211,26.84000015258789,26.847900390625,4139
2021-02-02,21.649782180786133,26.899599075317383,26.93560028076172,26.899599075317383,26.90999984741211,9071
2021-02-03,21.6018123626709,26.84000015258789,26.970399856567383,26.709999084472656,26.709999084472656,19373
2021-02-04,21.674251556396484,26.93000030517578,26.93000030517578,26.809999465942383,26.84000015258789,7127
2021-02-05,21.593765258789062,26.829999923706055,26.93000030517578,26.670000076293945,26.912399291992188,2439
2021-02-08,21.650102615356445,26.899999618530273,26.899999618530273,26.56999969482422,26.67620086669922,1241
2021-02-09,21.698392868041992,26.959999084472656,26.959999084472656,26.81999969482422,26.81999969482422,816
2021-02-10,21.7225399017334,26.989999771118164,27.049999237060547,26.8700008392334,26.950000762939453,10372
2021-02-11,21.65814971923828,26.90999984741211,26.940000534057617,26.739999771118164,26.81999969482422,6929
2021-02-12,21.597789764404297,26.834999084472656,26.897600173950195,26.68000030517578,26.68000030517578,3880
2021-02-16,21.48108673095703,26.690000534057617,26.889999389648438,26.690000534057617,26.889999389648438,6451
2021-02-17,21.448896408081055,26.649999618530273,26.81999969482422,26.649999618530273,26.81999969482422,3062
2021-02-18,21.400604248046875,26.59000015258789,26.639999389648438,26.59000015258789,26.59000015258789,2778
2021-02-19,21.39255714416504,26.579999923706055,26.670000076293945,26.579999923706055,26.65999984741211,1798
2021-02-22,21.263784408569336,26.420000076293945,26.729999542236328,26.420000076293945,26.729999542236328,11961
2021-02-23,21.311594009399414,26.479400634765625,26.520000457763672,26.41510009765625,26.520000457763672,2046
2021-02-24,21.151105880737305,26.280000686645508,26.549999237060547,26.239999771118164,26.549999237060547,25947
2021-02-25,21.231590270996094,26.3799991607666,26.3799991607666,26.06999969482422,26.350000381469727,32077
2021-02-26,21.34426498413086,26.520000457763672,26.520000457763672,26.010000228881836,26.030000686645508,8636
2021-03-01,21.34426498413086,26.520000457763672,26.549999237060547,26.510000228881836,26.510000228881836,3444
2021-03-02,21.408655166625977,26.600000381469727,26.600000381469727,26.600000381469727,26.600000381469727,1112
2021-03-03,21.537424087524414,26.760000228881836,26.760000228881836,26.559999465942383,26.639999389648438,4234
2021-03-04,21.56977653503418,26.800199508666992,26.8799991607666,26.695600509643555,26.829999923706055,4620
2021-03-05,21.448896408081055,26.649999618530273,26.920000076293945,26.610000610351562,26.75,12108
2021-03-08,21.39255714416504,26.579999923706055,26.649999618530273,26.479999542236328,26.579999923706055,8630
2021-03-09,21.400604248046875,26.59000015258789,26.59000015258789,26.3799991607666,26.3799991607666,8433
2021-03-10,21.55352020263672,26.780000686645508,26.801000595092773,26.600000381469727,26.600000381469727,2237
2021-03-11,21.682296752929688,26.940000534057617,26.950000762939453,26.709999084472656,26.709999084472656,1900
2021-03-12,21.55622673034668,26.395000457763672,26.59000015258789,26.3257999420166,26.59000015258789,2648
2021-03-15,21.731815338134766,26.610000610351562,26.649999618530273,26.309999465942383,26.309999465942383,7094
2021-03-16,21.756309509277344,26.639999389648438,26.84000015258789,26.570999145507812,26.700000762939453,2190
2021-03-17,21.878814697265625,26.790000915527344,26.790000915527344,26.489999771118164,26.489999771118164,5636
2021-03-18,21.66647720336914,26.530000686645508,26.65999984741211,26.514999389648438,26.65999984741211,4147
2021-03-19,21.78898048400879,26.68000030517578,26.68000030517578,26.530000686645508,26.540000915527344,12620
2021-03-22,21.94823455810547,26.875,26.875,26.680999755859375,26.680999755859375,8604
2021-03-23,21.95231819152832,26.8799991607666,26.8799991607666,26.709999084472656,26.709999084472656,2800
2021-03-24,22.05848503112793,27.010000228881836,27.019399642944336,26.90999984741211,26.950000762939453,11955
2021-03-25,21.968650817871094,26.899999618530273,27.027000427246094,26.899999618530273,27.027000427246094,6550
2021-03-26,21.993152618408203,26.93000030517578,26.989999771118164,26.90999984741211,26.969999313354492,2999
2021-03-29,21.83797836303711,26.739999771118164,26.899999618530273,26.719999313354492,26.899999618530273,21388
2021-03-30,21.8216495513916,26.719999313354492,26.78700065612793,26.68000030517578,26.78700065612793,60491
2021-03-31,21.968650817871094,26.899999618530273,26.899999618530273,26.760000228881836,26.780000686645508,14664
2021-04-01,21.960481643676758,26.889999389648438,26.93000030517578,26.84000015258789,26.91990089416504,5310
2021-04-05,21.878814697265625,26.790000915527344,26.940000534057617,26.790000915527344,26.940000534057617,7445
2021-04-06,22.042152404785156,26.989999771118164,27.0,26.8799991607666,26.959999084472656,52046
2021-04-07,21.994701385498047,26.931900024414062,27.110000610351562,26.889999389648438,27.100000381469727,7496
2021-04-08,22.042152404785156,26.989999771118164,27.1299991607666,26.943599700927734,27.1299991607666,5584
2021-04-09,22.082984924316406,27.040000915527344,27.110000610351562,27.040000915527344,27.110000610351562,4689
2021-04-12,22.131986618041992,27.100000381469727,27.15999984741211,27.05739974975586,27.15999984741211,3670
2021-04-13,22.229990005493164,27.219999313354492,27.229999542236328,27.094999313354492,27.200000762939453,17534
2021-04-14,22.21365737915039,27.200000762939453,27.299999237060547,27.200000762939453,27.280000686645508,4327
2021-04-15,22.18915557861328,27.170000076293945,27.350000381469727,27.110000610351562,27.350000381469727,52711
2021-04-16,22.344318389892578,27.360000610351562,27.360000610351562,27.22260093688965,27.270000457763672,43465
2021-04-19,22.303489685058594,27.309999465942383,27.360000610351562,27.309999465942383,27.360000610351562,834
2021-04-20,22.246318817138672,27.239999771118164,27.299999237060547,27.239999771118164,27.299999237060547,848
2021-04-21,22.197317123413086,27.18000030517578,27.31999969482422,27.18000030517578,27.31999969482422,1527
2021-04-22,22.247957229614258,27.242000579833984,27.290000915527344,27.15999984741211,27.209999084472656,2600
2021-04-23,22.197317123413086,27.18000030517578,27.329999923706055,27.149999618530273,27.309999465942383,12523
2021-04-26,22.262653350830078,27.260000228881836,27.260000228881836,27.170000076293945,27.229999542236328,12039
2021-04-27,22.229990005493164,27.219999313354492,27.309999465942383,27.170000076293945,27.309999465942383,26039
2021-04-28,22.172819137573242,27.149999618530273,27.299999237060547,27.1299991607666,27.299999237060547,8661
2021-04-29,22.131986618041992,27.100000381469727,27.149999618530273,27.06999969482422,27.079999923706055,5255
2021-04-30,22.205488204956055,27.190000534057617,27.3700008392334,26.93000030517578,27.059999465942383,5124
2021-05-03,22.202383041381836,27.186199188232422,27.200000762939453,27.149999618530273,27.190000534057617,3747
2021-05-04,22.197317123413086,27.18000030517578,27.18000030517578,27.139400482177734,27.18000030517578,2337
2021-05-05,22.14015007019043,27.110000610351562,27.110000610351562,27.110000610351562,27.110000610351562,745
2021-05-06,22.134191513061523,27.102699279785156,27.102699279785156,27.020000457763672,27.020000457763672,1176
2021-05-07,22.14423370361328,27.114999771118164,27.114999771118164,26.93000030517578,26.93000030517578,7199
2021-05-10,22.22590446472168,27.21500015258789,27.329999923706055,27.170000076293945,27.18000030517578,7281
2021-05-11,22.176082611083984,27.15399932861328,27.290000915527344,27.020000457763672,27.020000457763672,3355
2021-05-12,21.9849853515625,26.920000076293945,27.100000381469727,26.84000015258789,27.079999923706055,6534
2021-05-13,22.14015007019043,27.110000610351562,27.110000610351562,27.010000228881836,27.010000228881836,8553
2021-05-14,22.115650177001953,27.079999923706055,27.08099937438965,27.049999237060547,27.049999237060547,1545
2021-05-17,22.164649963378906,27.139999389648438,27.153400421142578,27.079999923706055,27.079999923706055,3226
2021-05-18,22.176082611083984,27.15399932861328,27.170000076293945,27.030000686645508,27.030000686645508,1335
2021-05-19,22.033985137939453,26.979999542236328,27.059999465942383,26.979999542236328,27.059999465942383,4393
2021-05-20,22.21365737915039,27.200000762939453,27.219999313354492,27.059999465942383,27.059999465942383,2633
2021-05-21,22.21365737915039,27.200000762939453,27.290000915527344,27.035400390625,27.229999542236328,8252
2021-05-24,22.229990005493164,27.219999313354492,27.280000686645508,27.209999084472656,27.280000686645508,1900
2021-05-25,22.278987884521484,27.280000686645508,27.290000915527344,27.200000762939453,27.290000915527344,2475
2021-05-26,22.21365737915039,27.200000762939453,27.289899826049805,27.12700080871582,27.12700080871582,3194
2021-05-27,22.295318603515625,27.299999237060547,27.469999313354492,27.200000762939453,27.469999313354492,2504
2021-05-28,22.474992752075195,27.520000457763672,27.540000915527344,27.309999465942383,27.520000457763672,7302
2021-06-01,22.53215789794922,27.59000015258789,27.625,27.489999771118164,27.600000381469727,6930
2021-06-02,22.581157684326172,27.649999618530273,27.770000457763672,27.639999389648438,27.639999389648438,6835
2021-06-03,22.621994018554688,27.700000762939453,27.809999465942383,27.59630012512207,27.809999465942383,3341
2021-06-04,22.60565757751465,27.68000030517578,27.84000015258789,27.6200008392334,27.6200008392334,6153
2021-06-07,22.670995712280273,27.760000228881836,27.84000015258789,27.719999313354492,27.81999969482422,4055
2021-06-08,22.656538009643555,27.742300033569336,27.760000228881836,27.690000534057617,27.690000534057617,12445
2021-06-09,22.662824630737305,27.75,27.760000228881836,27.729999542236328,27.75,4475
2021-06-10,22.768993377685547,27.8799991607666,27.8799991607666,27.709999084472656,27.739500045776367,26510
2021-06-11,22.858827590942383,27.989999771118164,27.989999771118164,27.8799991607666,27.8799991607666,2816
2021-06-14,22.975305557250977,27.739999771118164,27.739999771118164,27.399999618530273,27.600000381469727,8095
2021-06-15,23.008434295654297,27.780000686645508,27.780000686645508,27.639999389648438,27.739999771118164,2626
2021-06-16,22.77652931213379,27.5,28.0,27.4950008392334,27.639999389648438,43413
2021-06-17,22.826217651367188,27.559999465942383,27.65999984741211,27.5,27.540000915527344,11214
2021-06-18,22.793094635009766,27.520000457763672,27.799999237060547,27.475000381469727,27.670000076293945,52749
2021-06-21,22.801376342773438,27.530000686645508,27.68000030517578,27.5,27.5,15918
2021-06-22,22.94209098815918,27.699899673461914,27.719999313354492,27.690000534057617,27.719999313354492,2045
2021-06-23,22.75996208190918,27.479999542236328,27.700000762939453,27.479999542236328,27.635000228881836,21211
2021-06-24,22.77652931213379,27.5,27.628000259399414,27.5,27.520000457763672,3650
2021-06-25,22.735118865966797,27.450000762939453,27.690000534057617,27.399999618530273,27.459999084472656,4221
2021-06-28,22.793094635009766,27.520000457763672,27.520000457763672,27.459999084472656,27.520000457763672,1904
2021-06-29,22.7276611328125,27.44099998474121,27.649999618530273,27.35110092163086,27.59000015258789,7506
2021-06-30,22.867631912231445,27.610000610351562,27.6200008392334,27.424999237060547,27.440000534057617,6468
2021-07-01,22.90076446533203,27.649999618530273,27.65399932861328,27.540000915527344,27.540000915527344,4984
2021-07-02,22.93389320373535,27.690000534057617,27.700000762939453,27.690000534057617,27.700000762939453,1348
2021-07-06,22.979446411132812,27.7450008392334,27.790000915527344,27.725000381469727,27.760000228881836,5570
2021-07-07,22.958740234375,27.719999313354492,27.81999969482422,27.700000762939453,27.81999969482422,3193
2021-07-08,22.991621017456055,27.759700775146484,27.84000015258789,27.719999313354492,27.770000457763672,2567
2021-07-09,22.958740234375,27.719999313354492,27.799999237060547,27.69219970703125,27.799999237060547,1301
2021-07-12,22.942176818847656,27.700000762939453,27.700000762939453,27.628000259399414,27.628000259399414,2326
2021-07-13,22.768245697021484,27.489999771118164,27.64240074157715,27.489999771118164,27.614999771118164,1854
2021-07-14,22.735118865966797,27.450000762939453,27.5,27.386999130249023,27.389999389648438,21941
2021-07-15,22.688817977905273,27.394100189208984,27.65999984741211,27.394100189208984,27.65999984741211,1200
2021-07-16,22.909046173095703,27.65999984741211,27.65999984741211,27.338499069213867,27.338499069213867,2445
2021-07-19,22.784809112548828,27.510000228881836,27.510000228881836,27.37019920349121,27.37019920349121,1736
2021-07-20,22.77652931213379,27.5,27.55739974975586,27.452499389648438,27.464399337768555,5318
2021-07-21,22.793094635009766,27.520000457763672,27.520000457763672,27.438600540161133,27.5,1528
2021-07-22,22.739259719848633,27.454999923706055,27.649999618530273,27.399999618530273,27.56999969482422,3229
2021-07-23,22.77652931213379,27.5,27.59000015258789,27.389999389648438,27.59000015258789,2896
2021-07-26,22.75168228149414,27.469999313354492,27.489999771118164,27.3799991607666,27.389999389648438,5490
2021-07-27,22.801376342773438,27.530000686645508,27.530000686645508,27.309999465942383,27.389999389648438,11425
2021-07-28,22.884197235107422,27.6299991607666,27.670000076293945,27.420000076293945,27.530000686645508,8186
2021-07-29,22.98358726501465,27.75,27.920000076293945,27.5,27.809999465942383,11455
2021-07-30,22.98358726501465,27.75,27.8799991607666,27.639999389648438,27.850000381469727,12726
2021-08-02,23.124387741088867,27.920000076293945,28.040000915527344,27.799999237060547,27.799999237060547,10304
2021-08-03,23.066410064697266,27.850000381469727,28.049999237060547,27.850000381469727,27.860000610351562,6595
2021-08-04,23.132667541503906,27.93000030517578,27.950000762939453,27.709999084472656,27.84000015258789,11370
2021-08-05,23.066410064697266,27.850000381469727,28.020000457763672,27.790000915527344,27.989999771118164,10504
2021-08-06,23.107820510864258,27.899999618530273,27.924999237060547,27.84000015258789,27.84000015258789,6470
2021-08-09,23.074695587158203,27.860000610351562,28.0,27.65999984741211,28.0,10078
2021-08-10,23.008434295654297,27.780000686645508,27.959999084472656,27.719999313354492,27.940000534057617,3034
2021-08-11,22.991870880126953,27.760000228881836,27.899999618530273,27.760000228881836,27.899999618530273,3825
2021-08-12,23.066410064697266,27.850000381469727,27.8700008392334,27.809999465942383,27.850000381469727,5519
2021-08-13,23.024999618530273,27.799999237060547,27.860000610351562,27.799999237060547,27.850000381469727,3996
2021-08-16,23.066410064697266,27.850000381469727,28.1200008392334,27.799999237060547,27.940000534057617,4775
2021-08-17,22.942176818847656,27.700000762939453,27.850000381469727,27.690000534057617,27.739999771118164,12709
2021-08-18,22.894134521484375,27.642000198364258,27.899999618530273,27.642000198364258,27.84000015258789,3431
2021-08-19,22.884197235107422,27.6299991607666,27.799999237060547,27.59000015258789,27.760000228881836,16583
2021-08-20,23.066410064697266,27.850000381469727,27.850000381469727,27.600000381469727,27.600000381469727,3677
2021-08-23,23.066410064697266,27.850000381469727,27.93000030517578,27.78499984741211,27.93000030517578,6188
2021-08-24,22.991870880126953,27.760000228881836,27.90999984741211,27.760000228881836,27.90999984741211,22080
2021-08-25,23.14095115661621,27.940000534057617,27.950000762939453,27.75,27.75,108359
2021-08-26,23.082975387573242,27.8700008392334,27.899999618530273,27.799999237060547,27.899999618530273,28651
2021-08-27,23.107820510864258,27.899999618530273,27.899999618530273,27.770000457763672,27.770000457763672,3828
2021-08-30,23.111133575439453,27.90399932861328,27.90399932861328,27.799999237060547,27.864999771118164,2569
2021-08-31,23.074695587158203,27.860000610351562,27.940000534057617,27.84000015258789,27.899999618530273,14651
2021-09-01,23.000150680541992,27.770000457763672,28.0,27.770000457763672,27.940000534057617,109898
2021-09-02,22.991870880126953,27.760000228881836,27.889999389648438,27.75,27.8700008392334,42052
2021-09-03,23.14095115661621,27.940000534057617,27.969999313354492,27.670000076293945,27.68000030517578,7343
2021-09-07,23.041563034057617,27.81999969482422,27.920000076293945,27.799999237060547,27.920000076293945,32045
2021-09-08,23.14095115661621,27.940000534057617,27.950000762939453,27.75,27.75,9150
2021-09-09,23.082975387573242,27.8700008392334,27.899999618530273,27.84000015258789,27.84000015258789,16610
2021-09-10,23.041563034057617,27.81999969482422,27.989999771118164,27.81999969482422,27.829999923706055,3957
2021-09-13,23.082975387573242,27.8700008392334,27.927400588989258,27.75,27.899999618530273,3790
2021-09-14,22.99950408935547,27.3799991607666,27.68000030517578,27.34000015258789,27.68000030517578,16519
2021-09-15,22.965904235839844,27.34000015258789,27.510000228881836,27.280000686645508,27.450000762939453,21311
2021-09-16,22.932300567626953,27.299999237060547,27.510000228881836,27.299999237060547,27.510000228881836,8009
2021-09-17,23.016305923461914,27.399999618530273,27.6299991607666,27.399999618530273,27.450000762939453,3637
2021-09-20,22.982702255249023,27.360000610351562,27.399999618530273,27.25,27.25,3427
2021-09-21,22.915502548217773,27.280000686645508,27.65999984741211,27.239999771118164,27.459999084472656,14782
2021-09-22,22.722299575805664,27.049999237060547,27.299999237060547,27.049999237060547,27.299999237060547,27030
2021-09-23,22.529096603393555,26.81999969482422,27.1299991607666,26.81999969482422,27.1299991607666,32483
2021-09-24,22.554298400878906,26.850000381469727,26.850000381469727,26.709999084472656,26.75,16898
2021-09-27,22.369495391845703,26.6299991607666,26.860000610351562,26.6299991607666,26.81999969482422,10841
2021-09-28,22.281293869018555,26.524999618530273,26.75,26.385000228881836,26.75,5287
2021-09-29,22.43669319152832,26.709999084472656,26.739999771118164,26.598400115966797,26.68000030517578,3755
2021-09-30,22.58789825439453,26.889999389648438,26.889999389648438,26.639999389648438,26.799999237060547,3620
2021-10-01,22.671899795532227,26.989999771118164,27.010000228881836,26.8799991607666,26.969999313354492,8936
2021-10-04,22.59747314453125,26.901399612426758,26.902799606323242,26.850000381469727,26.850000381469727,16647
2021-10-05,22.60612678527832,26.911699295043945,27.049999237060547,26.850000381469727,26.920000076293945,16589
2021-10-06,22.789501190185547,27.1299991607666,27.15999984741211,26.799999237060547,27.059999465942383,12501
2021-10-07,22.97429847717285,27.350000381469727,27.3700008392334,26.979999542236328,27.1299991607666,6750
2021-10-08,22.915502548217773,27.280000686645508,27.28350067138672,27.209999084472656,27.280000686645508,2630
2021-10-11,23.066699981689453,27.459999084472656,27.479999542236328,27.264999389648438,27.399999618530273,8410
2021-10-12,22.991100311279297,27.3700008392334,27.5,27.280000686645508,27.5,19943
2021-10-13,22.890300750732422,27.25,27.549999237060547,27.170000076293945,27.549999237060547,12708
2021-10-14,23.10030746459961,27.5,27.520000457763672,27.420000076293945,27.420000076293945,4573
2021-10-15,23.21790313720703,27.639999389648438,27.639999389648438,27.600000381469727,27.600000381469727,2291
2021-10-18,23.15910530090332,27.56999969482422,27.649999618530273,27.440000534057617,27.649999618530273,3334
2021-10-19,23.15910530090332,27.56999969482422,27.6200008392334,27.56999969482422,27.6200008392334,2209
2021-10-20,23.075105667114258,27.469999313354492,27.639999389648438,27.459999084472656,27.639999389648438,4944
2021-10-21,23.10030746459961,27.5,27.600000381469727,27.479999542236328,27.600000381469727,11586
2021-10-22,23.036882400512695,27.42449951171875,27.6299991607666,27.3799991607666,27.6299991607666,2811
2021-10-25,23.016305923461914,27.399999618530273,27.399999618530273,27.270000457763672,27.3700008392334,7148
2021-10-26,22.890300750732422,27.25,27.690000534057617,27.25,27.690000534057617,9792
2021-10-27,22.856700897216797,27.209999084472656,27.270000457763672,26.940000534057617,27.15999984741211,10590
2021-10-28,22.713899612426758,27.040000915527344,27.3799991607666,26.99720001220703,27.1299991607666,12953
2021-10-29,22.722299575805664,27.049999237060547,27.239999771118164,26.940000534057617,27.100000381469727,73748
2021-11-01,22.814701080322266,27.15999984741211,27.229999542236328,27.059999465942383,27.190000534057617,20318
2021-11-02,22.84830093383789,27.200000762939453,27.264999389648438,27.06999969482422,27.06999969482422,5194
2021-11-03,22.70549964904785,27.030000686645508,27.260000228881836,27.010000228881836,27.260000228881836,8105
2021-11-04,22.722299575805664,27.049999237060547,27.200000762939453,26.950000762939453,27.149999618530273,7320
2021-11-05,22.646696090698242,26.959999084472656,27.299999237060547,26.950000762939453,27.299999237060547,5406
2021-11-08,22.6382999420166,26.950000762939453,27.110000610351562,26.950000762939453,27.110000610351562,1972
2021-11-09,22.58789825439453,26.889999389648438,27.200000762939453,26.889999389648438,27.131000518798828,12706
2021-11-10,22.5458984375,26.84000015258789,27.049999237060547,26.839000701904297,27.049999237060547,11565
2021-11-11,22.65509796142578,26.969999313354492,26.990999221801758,26.8799991607666,26.990999221801758,2330
2021-11-12,22.66349983215332,26.979999542236328,26.979999542236328,26.809999465942383,26.889999389648438,4466
2021-11-15,22.42829704284668,26.700000762939453,27.06999969482422,26.639999389648438,27.06999969482422,6897
2021-11-16,22.461894989013672,26.739999771118164,26.809999465942383,26.559999465942383,26.790000915527344,5197
2021-11-17,22.352697372436523,26.610000610351562,26.8799991607666,26.610000610351562,26.8799991607666,2714
2021-11-18,22.529096603393555,26.81999969482422,26.8799991607666,26.610000610351562,26.610000610351562,2506
2021-11-19,22.57109832763672,26.8700008392334,26.8700008392334,26.719999313354492,26.81999969482422,1876
2021-11-22,22.369495391845703,26.6299991607666,26.899999618530273,26.621599197387695,26.889999389648438,4110
2021-11-23,22.344295501708984,26.600000381469727,26.75,26.600000381469727,26.739999771118164,3398
2021-11-24,22.279359817504883,26.5226993560791,26.68000030517578,26.489999771118164,26.68000030517578,3641
2021-11-26,22.243492126464844,26.479999542236328,26.530000686645508,26.34000015258789,26.399999618530273,4808
2021-11-29,22.19309425354004,26.420000076293945,26.649900436401367,26.350000381469727,26.600000381469727,8968
2021-11-30,22.050291061401367,26.25,26.6299991607666,26.15999984741211,26.360000610351562,19285
2021-12-01,22.067087173461914,26.270000457763672,26.4950008392334,26.270000457763672,26.31999969482422,28003
2021-12-02,22.28969383239746,26.53499984741211,26.53499984741211,26.110000610351562,26.110000610351562,19197
2021-12-03,22.201492309570312,26.43000030517578,26.579999923706055,26.263900756835938,26.579999923706055,1258
2021-12-06,22.31069564819336,26.559999465942383,26.59600067138672,26.479999542236328,26.479999542236328,2807
2021-12-07,22.411495208740234,26.68000030517578,26.729999542236328,26.469999313354492,26.63599967956543,3352
2021-12-08,22.281631469726562,26.525400161743164,26.790000915527344,26.525400161743164,26.68000030517578,2799
2021-12-09,22.335895538330078,26.59000015258789,26.68000030517578,26.5,26.520000457763672,10118
2021-12-10,22.411495208740234,26.68000030517578,26.68000030517578,26.68000030517578,26.68000030517578,1482
2021-12-13,22.42829704284668,26.700000762939453,26.700000762939453,26.549999237060547,26.549999237060547,8193
2021-12-14,22.531129837036133,26.43000030517578,26.440000534057617,26.232500076293945,26.389999389648438,15559
2021-12-15,22.744253158569336,26.68000030517578,26.790000915527344,26.5,26.56999969482422,14238
2021-12-16,22.71014976501465,26.639999389648438,26.780000686645508,26.510000228881836,26.780000686645508,5634
2021-12-17,22.684579849243164,26.610000610351562,26.760000228881836,26.610000610351562,26.709999084472656,4722
2021-12-20,22.633426666259766,26.549999237060547,26.75,26.549999237060547,26.6299991607666,4161
2021-12-21,22.812448501586914,26.760000228881836,26.760000228881836,26.59000015258789,26.59000015258789,5350
2021-12-22,22.803924560546875,26.75,26.920000076293945,26.620800018310547,26.780000686645508,4003
2021-12-23,22.889175415039062,26.850000381469727,27.010000228881836,26.760000228881836,26.81999969482422,5660
2021-12-27,22.693103790283203,26.6200008392334,26.899999618530273,26.6200008392334,26.75,2943
2021-12-28,22.748428344726562,26.684900283813477,26.85099983215332,26.6299991607666,26.85099983215332,2610
2021-12-29,22.880651473999023,26.84000015258789,26.860000610351562,26.649999618530273,26.75,5893
2021-12-30,22.954814910888672,26.927000045776367,26.927000045776367,26.739999771118164,26.739999771118164,2009
2021-12-31,23.059669494628906,27.049999237060547,27.06100082397461,26.860000610351562,26.860000610351562,1938
2022-01-03,22.85643768310547,26.811599731445312,27.190000534057617,26.811599731445312,27.166200637817383,2731
2022-01-04,22.718677520751953,26.649999618530273,26.938400268554688,26.643699645996094,26.93000030517578,3704
2022-01-05,22.72865104675293,26.661699295043945,26.992799758911133,26.625,26.649999618530273,3472
2022-01-06,22.8233642578125,26.77280044555664,26.77280044555664,26.45009994506836,26.520000457763672,6512
2022-01-07,22.778350830078125,26.719999313354492,26.989999771118164,26.709999084472656,26.989999771118164,5711
2022-01-10,22.759937286376953,26.698400497436523,26.8700008392334,26.639999389648438,26.639999389648438,2084
2022-01-11,22.834613800048828,26.785999298095703,26.83989906311035,26.6299991607666,26.6299991607666,2283
2022-01-12,22.83802604675293,26.790000915527344,26.790000915527344,26.780000686645508,26.780000686645508,1054
2022-01-13,22.965898513793945,26.940000534057617,26.940000534057617,26.709999084472656,26.709999084472656,1969
2022-01-14,22.837173461914062,26.788999557495117,26.788999557495117,26.670000076293945,26.670000076293945,1255
2022-01-18,22.667526245117188,26.59000015258789,26.920000076293945,26.559999465942383,26.874500274658203,8134
2022-01-19,22.714412689208984,26.645000457763672,26.739900588989258,26.530000686645508,26.600000381469727,2141
2022-01-20,22.79625129699707,26.740999221801758,26.83099937438965,26.600000381469727,26.610000610351562,3653
2022-01-21,22.8976993560791,26.860000610351562,26.90999984741211,26.69499969482422,26.69499969482422,15867
2022-01-24,22.82097625732422,26.770000457763672,26.889999389648438,26.59000015258789,26.84000015258789,2778
2022-01-25,22.72728729248047,26.66010093688965,26.84000015258789,26.66010093688965,26.84000015258789,1178
2022-01-26,22.663265228271484,26.584999084472656,26.6200008392334,26.565000534057617,26.565000534057617,1697
2022-01-27,22.50555419921875,26.399999618530273,26.829999923706055,26.389999389648438,26.829999923706055,3091
2022-01-28,22.67605209350586,26.600000381469727,26.709999084472656,26.399999618530273,26.399999618530273,37385
2022-01-31,22.872121810913086,26.829999923706055,26.829999923706055,26.565000534057617,26.799999237060547,21228
2022-02-01,22.70162582397461,26.6299991607666,26.709999084472656,26.572799682617188,26.628999710083008,5294
2022-02-02,22.761302947998047,26.700000762939453,26.719999313354492,26.469999313354492,26.660999298095703,12404
2022-02-03,22.778350830078125,26.719999313354492,26.719999313354492,26.399999618530273,26.421100616455078,9108
2022-02-04,22.667526245117188,26.59000015258789,26.68000030517578,26.270000457763672,26.270000457763672,5271
2022-02-07,22.403257369995117,26.280000686645508,26.440000534057617,26.280000686645508,26.440000534057617,6494
2022-02-08,22.36830711364746,26.23900032043457,26.549999237060547,26.23900032043457,26.350000381469727,14338
2022-02-09,22.373506546020508,26.245100021362305,26.260000228881836,26.149999618530273,26.25,3887
2022-02-10,22.360633850097656,26.229999542236328,26.229999542236328,26.090599060058594,26.229900360107422,3714
2022-02-11,22.318012237548828,26.18000030517578,26.19499969482422,26.06999969482422,26.06999969482422,3135
2022-02-14,22.24384307861328,26.093000411987305,26.235000610351562,26.049999237060547,26.050100326538086,5597
2022-02-15,22.147510528564453,25.979999542236328,26.22800064086914,25.979999542236328,25.979999542236328,5552
2022-02-16,22.096363067626953,25.920000076293945,26.0,25.895099639892578,25.950000762939453,6552
2022-02-17,21.98554039001465,25.790000915527344,26.00950050354004,25.75,25.850000381469727,11477
2022-02-18,22.028165817260742,25.84000015258789,25.850000381469727,25.84000015258789,25.850000381469727,886
2022-02-22,21.891765594482422,25.68000030517578,25.780000686645508,25.6200008392334,25.770000457763672,4485
2022-02-23,21.994068145751953,25.799999237060547,26.139999389648438,25.65999984741211,26.139999389648438,5657
2022-02-24,22.113414764404297,25.940000534057617,25.989900588989258,25.309999465942383,25.649999618530273,5339
2022-02-25,22.028165817260742,25.84000015258789,26.079999923706055,25.799999237060547,25.940000534057617,6714
2022-02-28,22.360633850097656,26.229999542236328,26.31999969482422,25.729999542236328,25.950000762939453,14636
2022-03-01,22.294309616088867,26.15220069885254,26.15220069885254,25.959999084472656,26.0,3070
2022-03-02,22.06226348876953,25.8799991607666,26.159099578857422,25.730100631713867,26.045000076293945,3048
2022-03-03,22.130462646484375,25.959999084472656,26.05459976196289,25.920000076293945,25.920000076293945,1349
2022-03-04,21.951440811157227,25.75,25.799999237060547,25.604999542236328,25.782499313354492,6547
2022-03-07,22.079315185546875,25.899999618530273,25.899999618530273,25.59000015258789,25.75,8551
2022-03-08,21.97138786315918,25.773399353027344,25.80389976501465,25.600000381469727,25.709999084472656,2080
2022-03-09,22.083574295043945,25.905000686645508,25.905000686645508,25.54330062866211,25.719999313354492,2345
2022-03-10,21.98554039001465,25.790000915527344,25.90999984741211,25.56879997253418,25.90999984741211,5934
2022-03-11,21.976848602294922,25.779800415039062,25.779800415039062,25.459999084472656,25.459999084472656,4248
2022-03-14,22.133371353149414,25.56999969482422,25.719999313354492,25.269800186157227,25.302400588989258,9502
2022-03-15,22.142026901245117,25.579999923706055,25.579999923706055,25.40999984741211,25.43000030517578,6248
2022-03-16,22.30649185180664,25.770000457763672,25.770000457763672,25.56999969482422,25.6200008392334,8043
2022-03-17,22.358427047729492,25.829999923706055,25.979999542236328,25.700000762939453,25.709999084472656,8207
2022-03-18,22.289180755615234,25.75,26.850000381469727,25.600000381469727,26.850000381469727,6192
2022-03-21,22.419021606445312,25.899999618530273,25.899999618530273,25.799999237060547,25.899999618530273,6075
2022-03-22,22.505578994750977,26.0,26.092500686645508,25.800100326538086,25.811800003051758,1313
2022-03-23,22.456674575805664,25.943500518798828,25.943500518798828,25.780000686645508,25.780000686645508,1742
2022-03-24,22.33245849609375,25.799999237060547,25.899599075317383,25.700000762939453,25.739999771118164,5603
2022-03-25,22.289180755615234,25.75,25.75,25.600000381469727,25.700000762939453,4931
2022-03-28,22.18531036376953,25.6299991607666,25.688499450683594,25.559999465942383,25.59000015258789,8501
2022-03-29,22.33245849609375,25.799999237060547,25.799999237060547,25.53499984741211,25.53499984741211,4807
2022-03-30,22.453645706176758,25.940000534057617,25.940000534057617,25.670000076293945,25.87649917602539,1375
2022-03-31,22.34111785888672,25.809999465942383,25.969999313354492,25.639999389648438,25.75,6929
2022-04-01,22.71332359313965,26.239999771118164,26.239999771118164,25.93000030517578,25.9950008392334,5570
2022-04-04,22.71332359313965,26.239999771118164,26.260000228881836,25.93000030517578,26.260000228881836,6221
2022-04-05,22.505578994750977,26.0,26.1200008392334,25.824600219726562,26.079999923706055,7468
2022-04-06,22.419021606445312,25.899999618530273,26.008699417114258,25.479999542236328,25.479999542236328,9837
2022-04-07,22.73929214477539,26.270000457763672,26.270000457763672,25.760000228881836,25.760000228881836,8379
2022-04-08,22.592140197753906,26.100000381469727,26.100000381469727,25.809999465942383,25.979999542236328,7277
2022-04-11,22.496925354003906,25.989999771118164,26.075000762939453,25.829999923706055,25.8700008392334,3038
2022-04-12,22.453645706176758,25.940000534057617,26.020000457763672,25.770000457763672,25.770000457763672,2118
2022-04-13,22.349769592285156,25.81999969482422,26.01930046081543,25.700199127197266,25.81999969482422,3836
2022-04-14,22.349769592285156,25.81999969482422,25.81999969482422,25.595500946044922,25.709999084472656,3688
2022-04-18,22.245901107788086,25.700000762939453,25.859899520874023,25.700000762939453,25.700000762939453,3929
2022-04-19,22.505578994750977,26.0,26.0,25.549999237060547,25.549999237060547,2950
2022-04-20,22.54020118713379,26.040000915527344,26.040000915527344,25.600000381469727,25.75,4180
2022-04-21,22.323802947998047,25.790000915527344,25.850000381469727,25.700000762939453,25.850000381469727,5423
2022-04-22,22.30649185180664,25.770000457763672,26.06399917602539,25.770000457763672,25.899999618530273,2303
2022-04-25,22.34111785888672,25.809999465942383,25.848499298095703,25.587200164794922,25.6200008392334,3208
2022-04-26,22.245901107788086,25.700000762939453,26.009899139404297,25.559999465942383,25.56999969482422,2284
2022-04-27,22.176654815673828,25.6200008392334,25.834199905395508,25.510000228881836,25.56999969482422,3002
2022-04-28,22.453645706176758,25.940000534057617,26.06999969482422,25.040000915527344,25.5,8460
2022-04-29,22.77391815185547,26.309999465942383,26.31999969482422,25.25,25.670000076293945,16044
2022-05-02,22.3843936920166,25.860000610351562,26.280000686645508,25.31999969482422,26.170000076293945,9931
2022-05-03,22.46230125427246,25.950000762939453,25.950000762939453,25.661399841308594,25.8799991607666,1972
2022-05-04,22.470956802368164,25.959999084472656,26.25,25.579999923706055,25.69499969482422,8581
2022-05-05,22.228588104248047,25.68000030517578,26.18000030517578,25.10610008239746,25.709999084472656,5664
2022-05-06,21.787391662597656,25.170299530029297,25.80900001525879,25.139999389648438,25.299999237060547,21060
2022-05-09,21.925626754760742,25.329999923706055,25.329999923706055,25.110000610351562,25.290000915527344,24980
2022-05-10,21.795787811279297,25.18000030517578,25.236000061035156,25.0,25.149999618530273,12445
2022-05-11,21.880615234375,25.277999877929688,25.277999877929688,25.010000228881836,25.23550033569336,1288
2022-05-12,21.641193389892578,25.001399993896484,25.395599365234375,25.0,25.0,6701
2022-05-13,21.683259963989258,25.049999237060547,25.100000381469727,24.84000015258789,25.049999237060547,10114
2022-05-16,21.726543426513672,25.100000381469727,25.309999465942383,25.100000381469727,25.15999984741211,2674
2022-05-17,21.752506256103516,25.1299991607666,25.489999771118164,25.110000610351562,25.110000610351562,3150
2022-05-18,21.752506256103516,25.1299991607666,25.1299991607666,24.799999237060547,25.06999969482422,4323
2022-05-19,21.58804702758789,24.940000534057617,25.049999237060547,24.899999618530273,25.0,5943
2022-05-20,21.639978408813477,25.0,25.059999465942383,25.0,25.040000915527344,1341
2022-05-23,21.83041000366211,25.219999313354492,25.225000381469727,25.040000915527344,25.040000915527344,1830
2022-05-24,21.826086044311523,25.21500015258789,25.375099182128906,25.0,25.049999237060547,4906
2022-05-25,21.856380462646484,25.25,25.25,25.229999542236328,25.25,3427
2022-05-26,21.934284210205078,25.34000015258789,25.389999389648438,25.139999389648438,25.139999389648438,1589
2022-05-27,22.25455665588379,25.709999084472656,25.809999465942383,25.627500534057617,25.627500534057617,1743
2022-05-31,22.444990158081055,25.93000030517578,25.93000030517578,25.104999542236328,25.15999984741211,9702
2022-06-01,22.263212203979492,25.719999313354492,25.90999984741211,25.360000610351562,25.90999984741211,5214
2022-06-02,22.39305305480957,25.8700008392334,25.877399444580078,25.469999313354492,25.600000381469727,5778
2022-06-03,22.07278060913086,25.5,25.850000381469727,25.420000076293945,25.440000534057617,8675
2022-06-06,22.33245849609375,25.799999237060547,25.799999237060547,25.420000076293945,25.61400032043457,19285
2022-06-07,22.15934181213379,25.600000381469727,25.71500015258789,25.600000381469727,25.656999588012695,15112
2022-06-08,21.968908309936523,25.3799991607666,25.549999237060547,25.3799991607666,25.540000915527344,33591
2022-06-09,21.925626754760742,25.329999923706055,25.350000381469727,25.219999313354492,25.219999313354492,57506
2022-06-10,21.856380462646484,25.25,25.260000228881836,25.100000381469727,25.1299991607666,35414
2022-06-13,21.743854522705078,25.1200008392334,25.184999465942383,24.950000762939453,25.0,21967
2022-06-14,21.674062728881836,24.649999618530273,25.020000457763672,24.1200008392334,24.610000610351562,8922
2022-06-15,21.946638107299805,24.959999084472656,24.971399307250977,24.600000381469727,24.600000381469727,16778
2022-06-16,21.964221954345703,24.979999542236328,25.059900283813477,24.329999923706055,24.760000228881836,13431
2022-06-17,21.81475067138672,24.809999465942383,25.0,24.78219985961914,24.81999969482422,3230
2022-06-21,21.9818115234375,25.0,25.139999389648438,24.809999465942383,24.809999465942383,9099
2022-06-22,22.2895565032959,25.350000381469727,25.489999771118164,24.84000015258789,24.84000015258789,9729
2022-06-23,22.368690490722656,25.440000534057617,25.445600509643555,25.360000610351562,25.3700008392334,2611
2022-06-24,22.55333709716797,25.649999618530273,25.649999618530273,25.489999771118164,25.59000015258789,3869
2022-06-27,22.500581741333008,25.59000015258789,25.690000534057617,25.088899612426758,25.28190040588379,3800
2022-06-28,22.49178695678711,25.579999923706055,25.799999237060547,25.299999237060547,25.610000610351562,5223
2022-06-29,22.41265296936035,25.489999771118164,25.77989959716797,25.35260009765625,25.3799991607666,3135
2022-06-30,22.30714225769043,25.3700008392334,25.524999618530273,25.3700008392334,25.450000762939453,2542
2022-07-01,22.421443939208984,25.5,25.714099884033203,25.350000381469727,25.714099884033203,3148
2022-07-05,22.562129974365234,25.65999984741211,25.950000762939453,25.110000610351562,25.950000762939453,3075
2022-07-06,22.2895565032959,25.350000381469727,25.600000381469727,25.299999237060547,25.440000534057617,12058
2022-07-07,22.465410232543945,25.549999237060547,25.549999237060547,25.350000381469727,25.350000381469727,15462
2022-07-08,22.544540405273438,25.639999389648438,25.739999771118164,25.149999618530273,25.350000381469727,13169
2022-07-11,22.342313766479492,25.40999984741211,25.40999984741211,25.350000381469727,25.3799991607666,12843
2022-07-12,22.359895706176758,25.43000030517578,25.607900619506836,25.389999389648438,25.40999984741211,11984
2022-07-13,22.30714225769043,25.3700008392334,25.3799991607666,25.209999084472656,25.209999084472656,10411
2022-07-14,22.509374618530273,25.600000381469727,25.81529998779297,23.600000381469727,25.170000076293945,8623
2022-07-15,22.333518981933594,25.399999618530273,25.537200927734375,25.399999618530273,25.399999618530273,23060
2022-07-18,22.324726104736328,25.389999389648438,25.645000457763672,25.31999969482422,25.617700576782227,67031
2022-07-19,22.333518981933594,25.399999618530273,25.77669906616211,25.399999618530273,25.420000076293945,4911
2022-07-20,22.482994079589844,25.56999969482422,25.790000915527344,25.5,25.592199325561523,2741
2022-07-21,22.55333709716797,25.649999618530273,25.75,25.649999618530273,25.75,3794
2022-07-22,22.55333709716797,25.649999618530273,25.75,25.649999618530273,25.700000762939453,1392
2022-07-25,22.465410232543945,25.549999237060547,25.600000381469727,25.5,25.600000381469727,14872
2022-07-26,22.55333709716797,25.649999618530273,25.730100631713867,25.649999618530273,25.65999984741211,1472
2022-07-27,22.64126205444336,25.75,25.860000610351562,25.75,25.75,8949
2022-07-28,22.64126205444336,25.75,25.81839942932129,25.33009910583496,25.729999542236328,8609
2022-07-29,22.694019317626953,25.809999465942383,25.899999618530273,25.75,25.75,6669
2022-08-01,22.825912475585938,25.959999084472656,26.010000228881836,25.934999465942383,25.969999313354492,2721
2022-08-02,22.68522834777832,25.799999237060547,26.023000717163086,25.799999237060547,25.950000762939453,10562
2022-08-03,22.773157119750977,25.899999618530273,25.899999618530273,25.649999618530273,25.68000030517578,7599
2022-08-04,22.72919273376465,25.850000381469727,25.929899215698242,25.559999465942383,25.799999237060547,56470
2022-08-05,22.482994079589844,25.56999969482422,25.709299087524414,25.399999618530273,25.700000762939453,5539
2022-08-08,22.606094360351562,25.709999084472656,25.709999084472656,25.469999313354492,25.469999313354492,2278
2022-08-09,22.51816749572754,25.610000610351562,25.610000610351562,25.520000457763672,25.540000915527344,2450
2022-08-10,22.711605072021484,25.829999923706055,25.829999923706055,25.549999237060547,25.549999237060547,82009
2022-08-11,22.68522834777832,25.799999237060547,25.84000015258789,25.520000457763672,25.68000030517578,4042
2022-08-12,22.68522834777832,25.799999237060547,25.799999237060547,25.799999237060547,25.799999237060547,0
2022-08-15,22.746776580810547,25.8700008392334,25.8700008392334,25.549999237060547,25.549999237060547,771
2022-08-16,22.799531936645508,25.93000030517578,25.93000030517578,25.729999542236328,25.729999542236328,1259
2022-08-17,22.773157119750977,25.899999618530273,25.899999618530273,25.729999542236328,25.759700775146484,4602
2022-08-18,22.781949996948242,25.90999984741211,25.90999984741211,25.86389923095703,25.86389923095703,1608
2022-08-19,22.764362335205078,25.889999389648438,25.889999389648438,25.770000457763672,25.84000015258789,1426
2022-08-22,22.676435470581055,25.790000915527344,25.829999923706055,25.770000457763672,25.770000457763672,4159
2022-08-23,22.5709228515625,25.670000076293945,25.760000228881836,25.479999542236328,25.7450008392334,7717
2022-08-24,22.64126205444336,25.75,25.979999542236328,25.68000030517578,25.68000030517578,59959
2022-08-25,22.64126205444336,25.75,25.75,25.75,25.75,0
2022-08-26,22.526962280273438,25.6200008392334,25.719999313354492,25.469999313354492,25.489999771118164,2074
2022-08-29,22.48967933654785,25.577600479125977,25.739999771118164,25.478700637817383,25.478700637817383,2052
2022-08-30,22.421443939208984,25.5,25.6200008392334,25.350000381469727,25.479999542236328,33143
2022-08-31,22.245590209960938,25.299999237060547,25.510000228881836,25.25,25.43000030517578,3490
2022-09-01,21.849918365478516,24.850000381469727,25.1200008392334,24.72559928894043,25.100000381469727,19678
2022-09-02,21.929052352905273,24.940000534057617,25.600799560546875,24.75,25.600799560546875,11332
2022-09-06,22.104907989501953,25.139999389648438,25.139999389648438,24.700000762939453,24.829999923706055,9770
2022-09-07,21.911468505859375,24.920000076293945,25.420000076293945,24.790000915527344,24.920000076293945,4528
2022-09-08,22.01698112487793,25.040000915527344,25.309999465942383,24.700000762939453,24.829999923706055,5605
2022-09-09,22.192834854125977,25.239999771118164,25.510000228881836,24.889999389648438,24.889999389648438,5984
2022-09-12,22.358051300048828,25.427900314331055,25.427900314331055,25.1299991607666,25.299999237060547,8419
2022-09-13,22.324726104736328,25.389999389648438,25.469999313354492,24.959999084472656,25.469999313354492,8153
2022-09-14,22.31635856628418,24.989999771118164,25.105300903320312,24.850000381469727,24.850000381469727,21391
2022-09-15,22.3118953704834,24.985000610351562,25.032400131225586,24.855300903320312,24.989999771118164,7527
2022-09-16,22.31635856628418,24.989999771118164,25.049999237060547,24.81999969482422,24.850000381469727,4391
2022-09-19,22.00380516052246,24.639999389648438,25.01689910888672,24.59000015258789,24.81999969482422,3456
2022-09-20,21.807344436645508,24.420000076293945,25.04520034790039,24.420000076293945,25.04520034790039,4092
2022-09-21,21.96799659729004,24.599899291992188,24.6200008392334,24.59000015258789,24.600000381469727,3066
2022-09-22,21.610881805419922,24.200000762939453,24.399999618530273,24.189899444580078,24.200000762939453,2530
2022-09-23,21.432275772094727,24.0,24.18589973449707,23.834999084472656,24.139999389648438,25071
2022-09-26,21.226886749267578,23.770000457763672,23.790000915527344,23.75,23.760000228881836,3709
2022-09-27,21.119722366333008,23.649999618530273,23.886600494384766,23.649999618530273,23.886600494384766,4299
2022-09-28,21.110794067382812,23.639999389648438,23.78569984436035,23.600000381469727,23.639999389648438,5172
2022-09-29,21.012563705444336,23.530000686645508,23.809999465942383,23.239999771118164,23.510000228881836,8729
2022-09-30,21.41441535949707,23.979999542236328,23.979999542236328,23.399999618530273,23.420000076293945,41699
2022-10-03,21.762693405151367,24.3700008392334,24.600000381469727,23.979900360107422,23.979900360107422,21794
2022-10-04,21.557300567626953,24.139999389648438,24.322900772094727,23.69969940185547,23.69969940185547,10178
2022-10-05,21.32065200805664,23.875,24.059999465942383,23.75,23.889999389648438,3235
2022-10-06,21.226886749267578,23.770000457763672,24.25,23.739999771118164,23.739999771118164,4478
2022-10-07,21.342973709106445,23.899999618530273,24.649999618530273,23.459999084472656,23.700000762939453,30535
2022-10-10,21.593019485473633,24.18000030517578,24.309999465942383,23.700000762939453,23.770000457763672,5273
2022-10-11,21.271087646484375,23.819499969482422,23.819499969482422,23.350000381469727,23.350000381469727,1990
2022-10-12,21.29832649230957,23.850000381469727,24.0,23.850000381469727,24.0,4065
2022-10-13,21.36012077331543,23.919200897216797,23.959999084472656,23.459999084472656,23.610000610351562,3123
2022-10-14,21.191164016723633,23.729999542236328,24.059999465942383,23.611499786376953,24.010000228881836,7798
2022-10-17,21.360837936401367,23.920000076293945,24.065900802612305,23.405000686645508,23.860000610351562,7996
2022-10-18,21.066143035888672,23.59000015258789,24.079999923706055,23.59000015258789,24.079999923706055,24949
2022-10-19,20.76251983642578,23.25,23.739999771118164,23.25,23.360000610351562,3169
2022-10-20,20.610706329345703,23.079999923706055,23.389999389648438,23.079999923706055,23.25,4144
2022-10-21,20.405223846435547,22.849899291992188,22.875,22.78730010986328,22.809999465942383,4074
2022-10-24,19.949880599975586,22.34000015258789,22.690000534057617,22.34000015258789,22.530000686645508,13036
2022-10-25,19.9230899810791,22.309999465942383,22.34000015258789,21.975000381469727,22.200000762939453,64738
2022-10-26,19.74448585510254,22.110000610351562,22.309999465942383,21.885000228881836,22.25,61113
2022-10-27,19.4676513671875,21.799999237060547,22.010000228881836,21.450000762939453,21.969999313354492,13817
2022-10-28,19.824857711791992,22.200000762939453,22.290000915527344,21.818199157714844,21.940000534057617,4931
2022-10-31,20.057039260864258,22.459999084472656,22.920000076293945,22.219999313354492,22.219999313354492,41007
2022-11-01,20.155271530151367,22.56999969482422,22.690000534057617,22.43000030517578,22.53179931640625,18057
2022-11-02,20.057039260864258,22.459999084472656,22.5,22.25,22.489999771118164,6105
2022-11-03,19.869508743286133,22.25,22.3700008392334,22.0,22.010000228881836,10385
2022-11-04,19.771278381347656,22.139999389648438,22.350000381469727,22.06999969482422,22.350000381469727,10188
2022-11-07,20.13741111755371,22.549999237060547,22.72559928894043,22.022300720214844,22.450000762939453,6318
2022-11-08,20.342803955078125,22.780000686645508,22.909900665283203,22.459999084472656,22.546899795532227,2720
2022-11-09,20.30743980407715,22.740400314331055,22.809999465942383,22.100000381469727,22.75,8871
2022-11-10,21.217952728271484,23.760000228881836,23.760000228881836,22.809999465942383,22.809999465942383,2177
2022-11-11,20.99916648864746,23.514999389648438,23.65489959716797,23.514999389648438,23.65489959716797,940
2022-11-14,20.874143600463867,23.375,23.375,23.375,23.375,1232
2022-11-15,20.781452178955078,23.27120018005371,23.698400497436523,23.16080093383789,23.3799991607666,9523
2022-11-16,21.16437339782715,23.700000762939453,23.75,23.02720069885254,23.02720069885254,16732
2022-11-17,20.6732177734375,23.149999618530273,23.399999618530273,23.149999618530273,23.381999969482422,7849
2022-11-18,20.387453079223633,22.829999923706055,23.34000015258789,22.829999923706055,23.149999618530273,3966
2022-11-21,20.44996452331543,22.899999618530273,22.989999771118164,22.899999618530273,22.899999618530273,7437
2022-11-22,20.628568649291992,23.100000381469727,23.100000381469727,23.040000915527344,23.100000381469727,13486
2022-11-23,20.71786880493164,23.200000762939453,23.200000762939453,23.100000381469727,23.200000762939453,9001
2022-11-25,20.601778030395508,23.06999969482422,23.06999969482422,22.860000610351562,22.860000610351562,3476
2022-11-28,20.59284782409668,23.059999465942383,23.100000381469727,23.010000228881836,23.059999465942383,8469
2022-11-29,20.71786880493164,23.200000762939453,23.20560073852539,22.90999984741211,23.0,12464
2022-11-30,20.70893669128418,23.190000534057617,23.328399658203125,22.59000015258789,22.90999984741211,7381
2022-12-01,21.075077056884766,23.600000381469727,23.80820083618164,23.18000030517578,23.350000381469727,8764
2022-12-02,21.45907211303711,24.030000686645508,24.200000762939453,23.010000228881836,23.350000381469727,21254
2022-12-05,21.280376434326172,23.82990074157715,24.29199981689453,23.649999618530273,23.719999313354492,8311
2022-12-06,20.985774993896484,23.5,24.086299896240234,23.5,24.086299896240234,9537
2022-12-07,21.691162109375,24.289899826049805,24.289899826049805,23.454999923706055,23.549999237060547,9804
2022-12-08,21.360837936401367,23.920000076293945,24.829999923706055,23.80500030517578,24.22410011291504,8747
2022-12-09,21.636150360107422,24.228300094604492,24.3700008392334,23.469999313354492,24.3700008392334,5164
2022-12-12,21.476926803588867,24.049999237060547,24.1200008392334,23.450000762939453,23.979999542236328,13241
2022-12-13,21.70026969909668,24.300100326538086,24.662799835205078,23.530000686645508,24.1200008392334,9038
2022-12-14,21.564611434936523,23.760000228881836,23.760000228881836,23.260000228881836,23.690000534057617,2549
2022-12-15,21.39207649230957,23.569900512695312,23.749900817871094,23.434999465942383,23.475000381469727,11215
2022-12-16,21.419395446777344,23.600000381469727,23.746999740600586,23.540000915527344,23.540000915527344,11627
2022-12-19,21.564611434936523,23.760000228881836,23.809999465942383,23.479999542236328,23.809999465942383,1301
2022-12-20,21.469223022460938,23.65489959716797,23.81999969482422,22.979999542236328,22.979999542236328,10808
2022-12-21,21.364940643310547,23.540000915527344,23.559999465942383,23.315000534057617,23.315000534057617,2959
2022-12-22,21.14711570739746,23.299999237060547,23.639999389648438,23.014400482177734,23.360000610351562,8920
2022-12-23,21.16980743408203,23.325000762939453,23.42099952697754,23.1299991607666,23.42099952697754,4256
2022-12-27,20.988283157348633,23.125,23.299999237060547,22.889999389648438,23.15999984741211,6033
2022-12-28,20.693313598632812,22.799999237060547,23.280000686645508,22.799999237060547,23.0,13720
2022-12-29,20.874834060668945,23.0,23.0,22.639999389648438,22.709999084472656,5553
2022-12-30,21.07986068725586,23.225900650024414,23.354400634765625,22.649999618530273,22.649999618530273,3281
2023-01-03,21.14711570739746,23.299999237060547,23.299999237060547,22.670000076293945,22.670000076293945,29116
2023-01-04,21.237873077392578,23.399999618530273,23.5049991607666,23.399999618530273,23.49090003967285,41456
2023-01-05,21.886810302734375,24.114999771118164,24.209999084472656,23.149999618530273,23.149999618530273,28546
2023-01-06,21.84596824645996,24.06999969482422,24.25,23.684999465942383,24.149999618530273,4788
2023-01-09,21.79151153564453,24.010000228881836,24.234899520874023,23.964799880981445,24.114999771118164,1546
2023-01-10,21.800588607788086,24.020000457763672,24.25,23.75,23.75,15887
2023-01-11,21.96395492553711,24.200000762939453,24.200000762939453,23.674699783325195,23.739999771118164,961
2023-01-12,21.914039611816406,24.145000457763672,24.24370002746582,24.100000381469727,24.209999084472656,8805
2023-01-13,21.9185733795166,24.149999618530273,24.239999771118164,23.950000762939453,23.950000762939453,1052
2023-01-17,22.01841163635254,24.260000228881836,24.260000228881836,23.889999389648438,24.010000228881836,7471
2023-01-18,22.20555877685547,24.46619987487793,24.86840057373047,24.46619987487793,24.689300537109375,1579
2023-01-19,22.326997756958008,24.600000381469727,24.72010040283203,24.5,24.72010040283203,13568
2023-01-20,22.37237548828125,24.649999618530273,24.985000610351562,24.600000381469727,24.950000762939453,17115
2023-01-23,22.535743713378906,24.829999923706055,24.829999923706055,24.290000915527344,24.290000915527344,1032
2023-01-24,22.59020233154297,24.889999389648438,25.0,24.75,24.899999618530273,3818
2023-01-25,22.594741821289062,24.895000457763672,24.90999984741211,24.770000457763672,24.770000457763672,6534
2023-01-26,22.37237548828125,24.649999618530273,24.829999923706055,24.299999237060547,24.739999771118164,9272
2023-01-27,22.326997756958008,24.600000381469727,24.959999084472656,24.399999618530273,24.59000015258789,6172
2023-01-30,22.463134765625,24.75,24.75,24.399999618530273,24.399999618530273,4530
2023-01-31,22.871559143066406,25.200000762939453,25.280000686645508,24.5,24.5,35080
2023-02-01,22.59020233154297,24.889999389648438,25.079999923706055,24.6299991607666,25.040000915527344,5712
2023-02-02,22.553897857666016,24.850000381469727,25.06999969482422,24.700000762939453,24.700000762939453,6605
2023-02-03,22.68096160888672,24.989999771118164,25.0,24.639999389648438,24.639999389648438,4979
2023-02-06,22.44498634338379,24.729999542236328,24.8799991607666,24.719999313354492,24.799999237060547,3238
2023-02-07,22.58112335205078,24.8799991607666,25.02120018005371,24.600000381469727,24.84000015258789,4755
2023-02-08,22.37237548828125,24.649999618530273,24.7450008392334,24.600000381469727,24.649999618530273,4450
2023-02-09,22.41322135925293,24.69499969482422,24.920000076293945,24.649999618530273,24.649999618530273,3818
2023-02-10,22.572052001953125,24.8700008392334,24.8700008392334,24.600000381469727,24.6830997467041,5835
2023-02-13,22.6627197265625,24.969900131225586,24.969900131225586,24.700000762939453,24.844999313354492,3808
2023-02-14,22.557437896728516,24.853900909423828,24.860000610351562,24.700000762939453,24.75,6384
2023-02-15,22.417757034301758,24.700000762939453,24.729999542236328,24.600000381469727,24.65999984741211,23772
2023-02-16,22.463134765625,24.75,24.75,24.6200008392334,24.700000762939453,14381
2023-02-17,22.38145637512207,24.65999984741211,24.75,24.600000381469727,24.674999237060547,15295
2023-02-21,22.145475387573242,24.399999618530273,24.5,24.16349983215332,24.260000228881836,32827
2023-02-22,22.326997756958008,24.600000381469727,24.700000762939453,24.229999542236328,24.32469940185547,34382
2023-02-23,22.553897857666016,24.850000381469727,24.850000381469727,24.700000762939453,24.700000762939453,13221
2023-02-24,22.417757034301758,24.700000762939453,24.850000381469727,24.5,24.68000030517578,15826
2023-02-27,22.59020233154297,24.889999389648438,24.889999389648438,24.600000381469727,24.700000762939453,19426
2023-02-28,22.572052001953125,24.8700008392334,24.8700008392334,24.600099563598633,24.65719985961914,15539
2023-03-01,22.37237548828125,24.649999618530273,24.799999237060547,24.600000381469727,24.700000762939453,6520
2023-03-02,22.417757034301758,24.700000762939453,24.700000762939453,24.290000915527344,24.700000762939453,15675
2023-03-03,22.39960479736328,24.68000030517578,24.700000762939453,24.600000381469727,24.600000381469727,7151
2023-03-06,22.39960479736328,24.68000030517578,24.68000030517578,24.600000381469727,24.639999389648438,4392
2023-03-07,21.782434463500977,24.0,24.299999237060547,24.0,24.299999237060547,8445
2023-03-08,21.700754165649414,23.90999984741211,24.228700637817383,23.90999984741211,24.228700637817383,3731
2023-03-09,21.37401580810547,23.549999237060547,23.68000030517578,23.4950008392334,23.4950008392334,5827
2023-03-10,21.528308868408203,23.719999313354492,23.75,23.31999969482422,23.44499969482422,106201
2023-03-13,21.473852157592773,23.65999984741211,23.68000030517578,23.459999084472656,23.510000228881836,6923
2023-03-14,21.331392288208008,23.114999771118164,23.690000534057617,22.84000015258789,22.84000015258789,10674
2023-03-15,20.902273178100586,22.649999618530273,23.559999465942383,22.610000610351562,22.979999542236328,5012
2023-03-16,21.40060806274414,23.190000534057617,23.401399612426758,22.610000610351562,22.610000610351562,7476
2023-03-17,21.96353530883789,23.799999237060547,23.799999237060547,23.325000762939453,23.360000610351562,15925
2023-03-20,21.520572662353516,23.31999969482422,23.709999084472656,23.15999984741211,23.709999084472656,7017
2023-03-21,21.93585205078125,23.770000457763672,23.770000457763672,23.049999237060547,23.051700592041016,11278
2023-03-22,21.80665397644043,23.6299991607666,23.6299991607666,23.6299991607666,23.6299991607666,1156
2023-03-23,21.649768829345703,23.459999084472656,23.969999313354492,23.209999084472656,23.6299991607666,9441
2023-03-24,21.612857818603516,23.420000076293945,23.690000534057617,23.420000076293945,23.610000610351562,1236
2023-03-27,21.96353530883789,23.799999237060547,24.25,23.729999542236328,24.25,9161
2023-03-28,21.92662239074707,23.760000228881836,24.049999237060547,23.760000228881836,23.979999542236328,2226
2023-03-29,22.101961135864258,23.950000762939453,24.049999237060547,23.370899200439453,23.81999969482422,13005
2023-03-30,22.09014892578125,23.93720054626465,23.950000762939453,23.75,23.809999465942383,5206
2023-03-31,22.415727615356445,24.290000915527344,24.5,23.80190086364746,23.809999465942383,19958
2023-04-03,22.720264434814453,24.6200008392334,24.808500289916992,24.100000381469727,24.100000381469727,6688
2023-04-04,22.88637351989746,24.799999237060547,24.799999237060547,24.155000686645508,24.489999771118164,10091
2023-04-05,22.719341278076172,24.618999481201172,24.780000686645508,24.5,24.6200008392334,1524
2023-04-06,22.632593154907227,24.524999618530273,24.524999618530273,24.290000915527344,24.290000915527344,757
2023-04-10,22.84023094177246,24.75,24.75,24.5,24.5,3549
2023-04-11,22.84023094177246,24.75,24.75,24.649999618530273,24.74970054626465,2262
2023-04-12,22.77655601501465,24.680999755859375,24.999900817871094,24.579999923706055,24.579999923706055,2234
2023-04-13,22.950973510742188,24.8700008392334,24.950000762939453,24.76300048828125,24.950000762939453,2377
2023-04-14,23.190908432006836,25.1299991607666,25.239999771118164,24.979999542236328,24.979999542236328,14632
2023-04-17,23.163225173950195,25.100000381469727,25.100000381469727,25.0049991607666,25.100000381469727,3832
2023-04-18,23.080169677734375,25.010000228881836,25.09000015258789,24.875,24.924999237060547,8979
2023-04-19,23.163225173950195,25.100000381469727,25.100000381469727,25.0,25.030000686645508,5371
2023-04-20,23.163225173950195,25.100000381469727,25.100000381469727,25.09000015258789,25.09000015258789,16486
2023-04-21,23.070941925048828,25.0,25.100000381469727,24.989999771118164,24.989999771118164,2668
2023-04-24,23.117084503173828,25.049999237060547,25.09000015258789,25.010000228881836,25.09000015258789,1651
2023-04-25,23.163225173950195,25.100000381469727,25.100000381469727,24.860000610351562,24.860000610351562,4964
2023-04-26,23.15399932861328,25.09000015258789,25.25,24.8799991607666,24.989999771118164,6358
2023-04-27,23.221641540527344,25.163299560546875,25.163299560546875,25.0,25.0,4828
2023-04-28,23.347793579101562,25.299999237060547,25.299999237060547,25.100000381469727,25.100000381469727,12701
2023-05-01,23.190908432006836,25.1299991607666,25.269500732421875,25.100000381469727,25.110000610351562,7629
2023-05-02,23.209367752075195,25.149999618530273,25.200000762939453,25.040000915527344,25.040000915527344,14829
2023-05-03,23.02480125427246,24.950000762939453,25.100099563598633,24.729999542236328,25.06999969482422,5032
2023-05-04,22.88637351989746,24.799999237060547,25.010000228881836,24.31999969482422,24.31999969482422,8642
2023-05-05,23.255510330200195,25.200000762939453,25.200000762939453,24.219999313354492,24.860000610351562,1855
2023-05-08,23.523130416870117,25.489999771118164,25.809999465942383,24.934499740600586,25.200000762939453,10314
2023-05-09,23.301651000976562,25.25,25.489999771118164,24.88170051574707,24.899999618530273,5172
2023-05-10,23.594099044799805,25.5669002532959,25.600000381469727,25.229999542236328,25.25,6353
2023-05-11,23.44007682800293,25.399999618530273,25.600000381469727,24.799999237060547,24.799999237060547,24996
2023-05-12,23.186113357543945,25.124799728393555,25.124799728393555,25.010000228881836,25.010000228881836,634
2023-05-15,23.292421340942383,25.239999771118164,25.399999618530273,25.1028995513916,25.389999389648438,6012
2023-05-16,23.070941925048828,25.0,25.1200008392334,24.829999923706055,24.829999923706055,2530
2023-05-17,23.264738082885742,25.209999084472656,25.209999084472656,24.950000762939453,25.0,3454
2023-05-18,22.960201263427734,24.8799991607666,25.399999618530273,24.540000915527344,25.010000228881836,7963
2023-05-19,22.84023094177246,24.75,24.950000762939453,24.75,24.950000762939453,1994
2023-05-22,22.655662536621094,24.549999237060547,24.81999969482422,24.41010093688965,24.559999465942383,2211
2023-05-23,22.803316116333008,24.709999084472656,24.75,24.43000030517578,24.56999969482422,11788
2023-05-24,22.378814697265625,24.25,24.40999984741211,24.11440086364746,24.40999984741211,6103
2023-05-25,22.212703704833984,24.06999969482422,24.1200008392334,24.030000686645508,24.06999969482422,17383
2023-05-26,22.06052589416504,23.905099868774414,24.010000228881836,23.905099868774414,24.0,2276
2023-05-30,21.972763061523438,23.809999465942383,24.020000457763672,23.809999465942383,24.0,9767
2023-05-31,22.148103713989258,24.0,24.200000762939453,23.709999084472656,23.709999084472656,25988
2023-06-01,22.48955535888672,24.3700008392334,24.3700008392334,23.809999465942383,23.809999465942383,12160
2023-06-02,22.2680721282959,24.1299991607666,24.200000762939453,23.979999542236328,24.010000228881836,25774
2023-06-05,22.295757293701172,24.15999984741211,24.200000762939453,24.100900650024414,24.270000457763672,5928
2023-06-06,22.35112762451172,24.219999313354492,24.230499267578125,24.010000228881836,24.010000228881836,13079
2023-06-07,22.35112762451172,24.219999313354492,24.24799919128418,24.10099983215332,24.10099983215332,2596
2023-06-08,22.304988861083984,24.170000076293945,24.25,24.110000610351562,24.110000610351562,1485
2023-06-09,22.35112762451172,24.219999313354492,24.219999313354492,24.059900283813477,24.170000076293945,2852
2023-06-12,22.4064998626709,24.280000686645508,24.28689956665039,24.200000762939453,24.200000762939453,6616
2023-06-13,22.415727615356445,24.290000915527344,24.31999969482422,24.15999984741211,24.31999969482422,8910
2023-06-14,22.065046310424805,23.90999984741211,24.149999618530273,23.90999984741211,24.030000686645508,3203
2023-06-15,22.148103713989258,24.0,24.239999771118164,23.639999389648438,23.639999389648438,3365
2023-06-16,22.231159210205078,24.09000015258789,24.129899978637695,23.88789939880371,24.129899978637695,1736
2023-06-20,21.917394638061523,23.75,24.09000015258789,23.75,24.09000015258789,5395
2023-06-21,21.811267852783203,23.635000228881836,23.825000762939453,23.556299209594727,23.825000762939453,10297
2023-06-22,21.686683654785156,23.5,23.799999237060547,23.5,23.799999237060547,2696
2023-06-23,21.74362564086914,23.56170082092285,23.760299682617188,23.56170082092285,23.611499786376953,2148
2023-06-26,21.815881729125977,23.639999389648438,23.925500869750977,23.639999389648438,23.829999923706055,2476
2023-06-27,21.778968811035156,23.600000381469727,23.65999984741211,23.585599899291992,23.600000381469727,5679
2023-06-28,22.22193145751953,24.079999923706055,24.329999923706055,23.704599380493164,24.239999771118164,4949
2023-06-29,22.129369735717773,23.979700088500977,23.979700088500977,23.549999237060547,23.950000762939453,2826
2023-06-30,23.06171417236328,24.989999771118164,25.18000030517578,23.790000915527344,23.979999542236328,38051
2023-07-03,22.81937599182129,24.727399826049805,24.969999313354492,24.407699584960938,24.850000381469727,9070
2023-07-05,22.711036682128906,24.610000610351562,24.795000076293945,24.540000915527344,24.774999618530273,5397
2023-07-06,22.395423889160156,24.26799964904785,24.280000686645508,24.186800003051758,24.229999542236328,4431
2023-07-07,22.55415153503418,24.440000534057617,24.44070053100586,24.020000457763672,24.020000457763672,2164
2023-07-10,22.3603572845459,24.229999542236328,24.440000534057617,24.186899185180664,24.186899185180664,1729
2023-07-11,22.083507537841797,23.93000030517578,24.139999389648438,23.859899520874023,24.139999389648438,14913
2023-07-12,22.074275970458984,23.920000076293945,24.06999969482422,23.854999542236328,24.0,16783
2023-07-13,22.065046310424805,23.90999984741211,24.0,23.770000457763672,24.0,9158
2023-07-14,21.903553009033203,23.735000610351562,23.940000534057617,23.65999984741211,23.899999618530273,18450
2023-07-17,21.72968864440918,23.546600341796875,23.670000076293945,23.530000686645508,23.65999984741211,6070
2023-07-18,21.74666976928711,23.565000534057617,23.63990020751953,23.434999465942383,23.5,27838
2023-07-19,21.825109481811523,23.649999618530273,23.940000534057617,23.510000228881836,23.940000534057617,12280
2023-07-20,21.825109481811523,23.649999618530273,23.725000381469727,23.360000610351562,23.5,15471
2023-07-21,21.871252059936523,23.700000762939453,23.709999084472656,23.389999389648438,23.510000228881836,15785
2023-07-24,21.917394638061523,23.75,23.780000686645508,23.540000915527344,23.559999465942383,12119
2023-07-25,21.783580780029297,23.604999542236328,23.770000457763672,23.540000915527344,23.75,15503
2023-07-26,21.93585205078125,23.770000457763672,23.790000915527344,23.5,23.5,13630
2023-07-27,21.778968811035156,23.600000381469727,23.860000610351562,23.40999984741211,23.65999984741211,18901
2023-07-28,21.74786949157715,23.566299438476562,24.02989959716797,23.549999237060547,24.02989959716797,10515
2023-07-31,21.825109481811523,23.649999618530273,23.929899215698242,23.6200008392334,23.889999389648438,5428
2023-08-01,21.76595687866211,23.585899353027344,23.700000762939453,23.5,23.700000762939453,5649
2023-08-02,21.585081100463867,23.38990020751953,23.45989990234375,23.280000686645508,23.34000015258789,11503
2023-08-03,21.502117156982422,23.299999237060547,23.350000381469727,23.020099639892578,23.350000381469727,11441
2023-08-04,21.686683654785156,23.5,23.649999618530273,23.399999618530273,23.475000381469727,16429
2023-08-07,21.640544891357422,23.450000762939453,23.489999771118164,23.316600799560547,23.316600799560547,2373
2023-08-08,21.649768829345703,23.459999084472656,23.459999084472656,23.315000534057617,23.450000762939453,5119
2023-08-09,21.492889404296875,23.290000915527344,23.579999923706055,23.170000076293945,23.39150047302246,16983
2023-08-10,21.54364585876465,23.344999313354492,23.395000457763672,23.209999084472656,23.312599182128906,7693
2023-08-11,21.363693237304688,23.149999618530273,23.260000228881836,23.149999618530273,23.260000228881836,6802
2023-08-14,21.363693237304688,23.149999618530273,23.219999313354492,23.149999618530273,23.15999984741211,13268
2023-08-15,21.28986358642578,23.06999969482422,23.149999618530273,23.06999969482422,23.149999618530273,6589
2023-08-16,21.309337615966797,23.091100692749023,23.091100692749023,22.969999313354492,23.065000534057617,2191
2023-08-17,21.22526741027832,23.0,23.032499313354492,23.0,23.0,3417
2023-08-18,21.27140998840332,23.049999237060547,23.25,22.81999969482422,23.25,5858
2023-08-21,20.976654052734375,22.730600357055664,22.79990005493164,22.700000762939453,22.719999313354492,6284
2023-08-22,20.939186096191406,22.690000534057617,22.75,22.68000030517578,22.75,9060
2023-08-23,21.031471252441406,22.790000915527344,22.81999969482422,22.71500015258789,22.81999969482422,13458
2023-08-24,20.96687126159668,22.719999313354492,23.01609992980957,22.68000030517578,22.799999237060547,6508
2023-08-25,21.02224349975586,22.780000686645508,22.860000610351562,22.70009994506836,22.860000610351562,5859
2023-08-28,21.02224349975586,22.780000686645508,22.90999984741211,22.780000686645508,22.90999984741211,8822
2023-08-29,21.206809997558594,22.979999542236328,23.0,22.7450008392334,22.78499984741211,16789
2023-08-30,21.206809997558594,22.979999542236328,23.299999237060547,22.860000610351562,23.030000686645508,10645
2023-08-31,21.086841583251953,22.850000381469727,23.25,22.850000381469727,22.90999984741211,22679
2023-09-01,21.308324813842773,23.09000015258789,23.239999771118164,22.93000030517578,22.93000030517578,5804
2023-09-05,21.317550659179688,23.100000381469727,23.299999237060547,23.100000381469727,23.239999771118164,4180
2023-09-06,21.363693237304688,23.149999618530273,23.190000534057617,22.929000854492188,23.190000534057617,6571
2023-09-07,21.27140998840332,23.049999237060547,23.049999237060547,23.040000915527344,23.040000915527344,2054
2023-09-08,21.363693237304688,23.149999618530273,23.190000534057617,23.000099182128906,23.190000534057617,2353
2023-09-11,21.280635833740234,23.059999465942383,23.270000457763672,22.93000030517578,23.18000030517578,3327
2023-09-12,21.304445266723633,23.085800170898438,23.18000030517578,23.049999237060547,23.18000030517578,5708
2023-09-13,21.514114379882812,23.312999725341797,23.360000610351562,23.17060089111328,23.190000534057617,5455
2023-09-14,21.586977005004883,23.0,23.010000228881836,22.899999618530273,22.899999618530273,2672
2023-09-15,21.971786499023438,23.40999984741211,23.40999984741211,23.0,23.010000228881836,2985
2023-09-18,21.948320388793945,23.385000228881836,23.43000030517578,23.145000457763672,23.145000457763672,5522
2023-09-19,21.92485809326172,23.360000610351562,23.40999984741211,23.360000610351562,23.40999984741211,1659
2023-09-20,21.92485809326172,23.360000610351562,23.3799991607666,23.309999465942383,23.309999465942383,3917
2023-09-21,21.54004669189453,22.950000762939453,23.200000762939453,22.83009910583496,23.196399688720703,5641
2023-09-22,21.746532440185547,23.170000076293945,23.174999237060547,22.9197998046875,23.09480094909668,10257
2023-09-25,21.60574722290039,23.020000457763672,23.098800659179688,23.020000457763672,23.049999237060547,4267
2023-09-26,21.63390350341797,23.049999237060547,23.06999969482422,22.850000381469727,22.850000381469727,6884
2023-09-27,21.399261474609375,22.799999237060547,22.8799991607666,22.549999237060547,22.549999237060547,5217
2023-09-28,21.136463165283203,22.520000457763672,22.889999389648438,22.510000228881836,22.889999389648438,4886
2023-09-29,21.127077102661133,22.510000228881836,23.030000686645508,22.510000228881836,22.8700008392334,3740
2023-10-02,21.005064010620117,22.3799991607666,22.739999771118164,22.3799991607666,22.503000259399414,3830
2023-10-03,20.507532119750977,21.849899291992188,22.299999237060547,21.75189971923828,22.299999237060547,16193
2023-10-04,20.465389251708984,21.80500030517578,22.0,21.799999237060547,22.0,7573
2023-10-05,20.47008514404297,21.809999465942383,21.920000076293945,21.74720001220703,21.760000228881836,14120
2023-10-06,20.779809951782227,22.139999389648438,22.280000686645508,21.809999465942383,21.809999465942383,7507
2023-10-09,21.07076644897461,22.450000762939453,22.500999450683594,22.39080047607422,22.39259910583496,5614
2023-10-10,21.05199432373047,22.43000030517578,22.4424991607666,22.309999465942383,22.368099212646484,25567
2023-10-11,21.095075607299805,22.475900650024414,22.475900650024414,22.192399978637695,22.274999618530273,2610
2023-10-12,20.809940338134766,22.172100067138672,22.40999984741211,22.172100067138672,22.299999237060547,6284
2023-10-13,20.892438888549805,22.260000228881836,22.360000610351562,22.170000076293945,22.184999465942383,9756
2023-10-16,21.02853012084961,22.405000686645508,22.405000686645508,22.34000015258789,22.34000015258789,4723
2023-10-17,20.92997932434082,22.299999237060547,22.389999389648438,22.229999542236328,22.389999389648438,3029
2023-10-18,20.92997932434082,22.299999237060547,22.299999237060547,21.81999969482422,22.049999237060547,11551
2023-10-19,21.001310348510742,22.375999450683594,22.399999618530273,22.25,22.280000686645508,6310
2023-10-20,20.92997932434082,22.299999237060547,22.540000915527344,22.049699783325195,22.540000915527344,3015
2023-10-23,21.02374267578125,22.399900436401367,23.170000076293945,21.92009925842285,23.170000076293945,6883
2023-10-24,21.023836135864258,22.399999618530273,22.399999618530273,22.389999389648438,22.399999618530273,2357
2023-10-25,21.164621353149414,22.549999237060547,22.93000030517578,22.299999237060547,22.5,13507
2023-10-26,21.22178077697754,22.61090087890625,22.770000457763672,22.60260009765625,22.60260009765625,834
2023-10-27,21.136463165283203,22.520000457763672,22.710500717163086,22.384700775146484,22.649999618530273,6469
2023-10-30,21.03134536743164,22.408000946044922,23.0,22.408000946044922,22.824499130249023,50772
2023-10-31,20.98629379272461,22.360000610351562,22.6299991607666,22.360000610351562,22.600000381469727,7843
2023-11-01,21.014450073242188,22.389999389648438,22.6299991607666,22.270000457763672,22.270000457763672,10285
2023-11-02,21.690217971801758,23.110000610351562,23.110000610351562,22.690000534057617,22.690000534057617,27996
2023-11-03,21.83100128173828,23.260000228881836,23.649999618530273,22.900100708007812,23.2549991607666,9192
2023-11-06,21.680831909179688,23.100000381469727,23.255800247192383,23.100000381469727,23.25,2318
2023-11-07,21.680831909179688,23.100000381469727,23.100000381469727,22.815000534057617,22.850000381469727,4538
2023-11-08,21.962398529052734,23.399999618530273,23.530000686645508,23.049999237060547,23.100000381469727,5200
2023-11-09,21.746532440185547,23.170000076293945,23.3700008392334,23.090999603271484,23.31999969482422,1946
2023-11-10,22.150114059448242,23.600000381469727,23.600000381469727,23.100000381469727,23.350000381469727,1064
2023-11-13,22.290897369384766,23.75,23.780000686645508,23.3799991607666,23.459999084472656,3787
2023-11-14,22.694480895996094,24.18000030517578,24.290000915527344,23.989999771118164,24.239999771118164,7931
2023-11-15,22.81649398803711,24.309999465942383,24.309999465942383,23.959999084472656,23.969999313354492,6691
2023-11-16,22.48799705505371,23.959999084472656,24.25,23.790000915527344,23.924999237060547,5318
2023-11-17,22.53492546081543,24.010000228881836,24.020000457763672,23.729999542236328,23.920000076293945,8173
2023-11-20,22.409626007080078,23.87649917602539,24.16990089416504,23.84000015258789,24.049999237060547,12002
2023-11-21,22.393386840820312,23.85919952392578,24.091299057006836,23.399999618530273,23.399999618530273,3831
2023-11-22,22.347211837768555,23.809999465942383,23.809999465942383,23.489999771118164,23.649999618530273,8405
2023-11-24,22.262836456298828,23.72010040283203,23.860000610351562,23.719999313354492,23.860000610351562,2287
2023-11-27,22.234678268432617,23.690099716186523,23.950000762939453,23.65999984741211,23.950000762939453,6507
2023-11-28,22.337825775146484,23.799999237060547,24.0,23.579999923706055,24.0,7611
2023-11-29,22.337825775146484,23.799999237060547,23.809999465942383,23.799999237060547,23.799999237060547,1883
2023-11-30,23.163761138916016,24.68000030517578,24.770000457763672,23.579999923706055,23.729999542236328,56543
2023-12-01,23.098064422607422,24.610000610351562,24.679000854492188,24.209999084472656,24.440000534057617,32078
2023-12-04,23.06990623474121,24.579999923706055,24.670000076293945,24.21150016784668,24.479999542236328,7694
2023-12-05,23.022977828979492,24.530000686645508,24.799999237060547,24.344600677490234,24.344600677490234,25823
2023-12-06,23.135604858398438,24.649999618530273,24.799999237060547,24.6200008392334,24.760000228881836,49600
2023-12-07,23.248233795166016,24.770000457763672,24.989900588989258,24.709999084472656,24.989900588989258,22252
2023-12-08,23.201305389404297,24.719999313354492,24.808000564575195,24.549999237060547,24.690000534057617,17795
2023-12-11,23.210689544677734,24.729999542236328,24.889999389648438,24.6200008392334,24.639999389648438,18054
2023-12-12,23.323318481445312,24.850000381469727,24.93000030517578,24.700000762939453,24.81999969482422,7562
2023-12-13,23.633045196533203,25.18000030517578,25.34000015258789,24.850000381469727,24.850000381469727,18286
2023-12-14,23.700380325317383,24.860000610351562,25.308300018310547,24.850000381469727,24.889999389648438,12948
2023-12-15,23.4620418548584,24.610000610351562,24.880199432373047,24.554000854492188,24.860000610351562,10137
2023-12-18,23.09976577758789,24.229999542236328,24.625,23.860000610351562,23.860000610351562,13709
2023-12-19,23.3667049407959,24.510000228881836,24.709999084472656,24.149999618530273,24.149999618530273,5558
2023-12-20,23.3571720123291,24.5,24.724199295043945,24.389999389648438,24.69499969482422,5788
2023-12-21,23.242769241333008,24.3799991607666,24.700000762939453,24.3799991607666,24.510000228881836,12203
2023-12-22,23.357078552246094,24.499900817871094,24.499900817871094,24.40999984741211,24.43000030517578,11957
2023-12-26,23.54784393310547,24.700000762939453,24.700000762939453,24.5,24.5,2374
2023-12-27,23.605045318603516,24.760000228881836,25.0,24.329999923706055,24.3799991607666,6117
2023-12-28,23.76711654663086,24.93000030517578,25.190000534057617,24.89699935913086,25.100000381469727,5062
2023-12-29,24.157987594604492,25.34000015258789,25.440000534057617,24.98270034790039,25.07270050048828,45777
2024-01-02,23.852916717529297,25.020000457763672,25.22439956665039,24.900699615478516,24.940000534057617,7824
2024-01-03,23.624113082885742,24.780000686645508,25.100000381469727,24.75,25.100000381469727,3745
2024-01-04,23.786182403564453,24.950000762939453,24.950000762939453,24.649999618530273,24.899999618530273,3890
2024-01-05,23.652711868286133,24.809999465942383,24.809999465942383,24.75,24.809999465942383,7662
2024-01-08,23.709915161132812,24.8700008392334,24.88909912109375,24.809999465942383,24.88909912109375,1809
2024-01-09,23.63364601135254,24.790000915527344,24.871999740600586,24.600000381469727,24.690000534057617,16902
2024-01-10,23.92918586730957,25.100000381469727,25.306299209594727,25.100000381469727,25.306299209594727,1463
2024-01-11,23.63364601135254,24.790000915527344,24.850000381469727,24.73150062561035,24.73150062561035,2478
2024-01-12,23.808013916015625,24.972900390625,24.972900390625,24.780000686645508,24.799999237060547,5910
2024-01-16,23.83384895324707,25.0,25.07360076904297,24.800100326538086,24.800100326538086,2737
2024-01-17,23.652711868286133,24.809999465942383,24.92490005493164,24.809999465942383,24.81999969482422,5432
2024-01-18,23.757579803466797,24.920000076293945,24.920000076293945,24.81999969482422,24.81999969482422,7809
2024-01-19,23.719444274902344,24.8799991607666,24.989999771118164,24.864999771118164,24.943199157714844,69519
2024-01-22,23.681312561035156,24.84000015258789,24.969999313354492,24.670000076293945,24.8799991607666,7495
2024-01-23,23.538311004638672,24.690000534057617,24.899999618530273,24.639999389648438,24.84000015258789,2606
2024-01-24,23.538311004638672,24.690000534057617,24.690000534057617,24.690000534057617,24.690000534057617,0
2024-01-25,23.76711654663086,24.93000030517578,25.1200008392334,24.790000915527344,24.854999542236328,9046
2024-01-26,23.733749389648438,24.895000457763672,24.895000457763672,24.760000228881836,24.799999237060547,2933
2024-01-29,23.66377067565918,24.82159996032715,24.899999618530273,24.655000686645508,24.655000686645508,1958
2024-01-30,23.862449645996094,25.030000686645508,25.149999618530273,24.81999969482422,24.81999969482422,4615
2024-01-31,23.3667049407959,24.510000228881836,25.040000915527344,24.510000228881836,25.040000915527344,5540
2024-02-01,23.82050132751465,24.986000061035156,25.0,24.8799991607666,24.95549964904785,6645
2024-02-02,23.708768844604492,24.868799209594727,24.868799209594727,24.549999237060547,24.549999237060547,631
2024-02-05,23.76711654663086,24.93000030517578,24.93000030517578,24.75,24.850000381469727,1365
2024-02-06,23.63364601135254,24.790000915527344,24.84000015258789,24.641700744628906,24.703500747680664,926
2024-02-07,23.3571720123291,24.5,24.610000610351562,24.5,24.610000610351562,9200
2024-02-08,23.48587417602539,24.635000228881836,24.635000228881836,24.367000579833984,24.5,9219
2024-02-09,23.900585174560547,25.06999969482422,25.06999969482422,24.67020034790039,24.75,7012
2024-02-12,23.967317581176758,25.139999389648438,25.280000686645508,24.617000579833984,24.617000579833984,3722
2024-02-13,23.79571533203125,24.959999084472656,24.959999084472656,24.959999084472656,24.959999084472656,826
2024-02-14,23.700380325317383,24.860000610351562,25.224700927734375,24.809999465942383,24.915000915527344,3280
2024-02-15,23.671777725219727,24.829999923706055,25.040000915527344,24.719200134277344,24.81999969482422,5062
2024-02-16,23.538311004638672,24.690000534057617,24.940000534057617,24.690000534057617,24.940000534057617,4855
2024-02-20,23.881515502929688,25.049999237060547,25.049999237060547,24.690000534057617,24.700000762939453,2044
2024-02-21,23.681312561035156,24.84000015258789,24.979999542236328,24.809999465942383,24.809999465942383,4990
2024-02-22,23.690847396850586,24.850000381469727,24.850000381469727,24.759199142456055,24.770000457763672,3655
2024-02-23,23.89581871032715,25.065000534057617,25.280000686645508,25.020000457763672,25.020000457763672,5702
2024-02-26,23.900585174560547,25.06999969482422,25.09000015258789,24.739999771118164,24.739999771118164,2404
2024-02-27,23.893909454345703,25.062999725341797,25.146299362182617,24.729999542236328,24.864999771118164,6461
2024-02-28,23.99591827392578,25.170000076293945,25.170000076293945,24.780000686645508,25.1658992767334,12597
2024-02-29,23.605045318603516,24.760000228881836,25.200000762939453,24.760000228881836,25.03070068359375,5771
2024-03-01,23.810016632080078,24.975000381469727,25.251399993896484,24.799999237060547,24.799999237060547,3050
2024-03-04,23.519243240356445,24.670000076293945,24.944599151611328,24.65690040588379,24.944599151611328,3149
2024-03-05,23.871984481811523,25.040000915527344,25.079999923706055,24.80820083618164,24.80820083618164,4384
2024-03-06,23.805248260498047,24.969999313354492,24.969999313354492,24.969999313354492,24.969999313354492,2058
2024-03-07,24.06646728515625,25.243999481201172,25.243999481201172,25.049999237060547,25.109699249267578,2271
2024-03-08,23.986387252807617,25.15999984741211,25.23069953918457,25.144899368286133,25.144899368286133,1112
2024-03-11,23.891050338745117,25.059999465942383,25.273300170898438,25.010000228881836,25.15999984741211,3177
2024-03-12,23.891050338745117,25.059999465942383,25.059999465942383,25.059999465942383,25.059999465942383,0
2024-03-13,23.89095687866211,25.059900283813477,25.15999984741211,24.979999542236328,25.15999984741211,8391
2024-03-14,23.978822708129883,24.760000228881836,25.026399612426758,24.479999542236328,24.479999542236328,8320
2024-03-15,23.978822708129883,24.760000228881836,24.760000228881836,24.760000228881836,24.760000228881836,0
2024-03-18,23.94008445739746,24.719999313354492,24.932100296020508,24.510000228881836,24.510000228881836,3518
2024-03-19,23.756080627441406,24.530000686645508,24.8799991607666,24.510000228881836,24.6200008392334,11791
2024-03-20,23.727025985717773,24.5,24.702899932861328,24.420000076293945,24.510000228881836,14891
2024-03-21,23.814186096191406,24.59000015258789,24.799999237060547,24.5,24.7450008392334,25349
2024-03-22,23.785133361816406,24.559999465942383,24.975400924682617,24.351499557495117,24.975400924682617,12336
2024-03-25,23.674150466918945,24.44540023803711,24.5,24.40999984741211,24.5,11946
2024-03-26,23.59144401550293,24.360000610351562,24.5,24.1299991607666,24.489999771118164,6554
2024-03-27,23.562389373779297,24.329999923706055,24.530000686645508,24.329999923706055,24.479900360107422,8460
2024-03-28,23.543020248413086,24.309999465942383,24.549999237060547,24.1299991607666,24.450000762939453,9178
2024-04-01,23.368698120117188,24.1299991607666,24.309999465942383,24.010000228881836,24.290000915527344,19617
2024-04-02,23.291221618652344,24.049999237060547,24.100000381469727,24.0,24.010000228881836,7880
2024-04-03,23.339645385742188,24.100000381469727,24.135000228881836,24.0049991607666,24.0049991607666,5326
2024-04-04,23.41935157775879,24.182300567626953,24.350000381469727,24.049999237060547,24.200000762939453,6189
2024-04-05,23.242801666259766,24.0,24.329999923706055,23.989999771118164,24.049999237060547,9396
2024-04-08,23.717342376708984,24.489999771118164,24.5,23.930099487304688,24.010000228881836,76081
2024-04-09,23.462543487548828,24.226900100708008,24.399999618530273,24.13010025024414,24.360000610351562,4976
2024-04-10,23.223432540893555,23.979999542236328,24.094999313354492,23.940000534057617,24.094999313354492,9013
2024-04-11,23.320276260375977,24.079999923706055,24.079999923706055,23.780000686645508,23.93000030517578,6019
2024-04-12,23.068479537963867,23.81999969482422,23.81999969482422,23.809999465942383,23.809999465942383,661
2024-04-15,22.777944564819336,23.520000457763672,23.81999969482422,23.25,23.81999969482422,8983
2024-04-16,22.506778717041016,23.239999771118164,23.459999084472656,23.100000381469727,23.299999237060547,5811
2024-04-17,22.468042373657227,23.200000762939453,23.399999618530273,23.18000030517578,23.31999969482422,3780
2024-04-18,22.55520248413086,23.290000915527344,23.415000915527344,23.200000762939453,23.25,5207
2024-04-19,22.523242950439453,23.256999969482422,23.389999389648438,23.200000762939453,23.209999084472656,4340
2024-04-22,22.64720344543457,23.385000228881836,23.5,23.350000381469727,23.469999313354492,6403
2024-04-23,22.719837188720703,23.459999084472656,23.5,23.360000610351562,23.440000534057617,6126
2024-04-24,22.816682815551758,23.559999465942383,23.559999465942383,23.34000015258789,23.350000381469727,3208
2024-04-25,22.59394073486328,23.329999923706055,23.389999389648438,23.15999984741211,23.389999389648438,7142
2024-04-26,22.506778717041016,23.239999771118164,23.350000381469727,23.229999542236328,23.229999542236328,2349
2024-04-29,22.468042373657227,23.200000762939453,23.334999084472656,23.200000762939453,23.239999771118164,4429
2024-04-30,22.06129264831543,22.780000686645508,23.200000762939453,22.600000381469727,23.200000762939453,33712
2024-05-01,22.313091278076172,23.040000915527344,23.040000915527344,22.8799991607666,22.979999542236328,13285
2024-05-02,22.400249481201172,23.1299991607666,23.350000381469727,23.11400032043457,23.125,13993
2024-05-03,22.710155487060547,23.450000762939453,23.495800018310547,23.280500411987305,23.299999237060547,5357
2024-05-06,22.971633911132812,23.719999313354492,23.770000457763672,23.56290054321289,23.56290054321289,3158
2024-05-07,22.961950302124023,23.709999084472656,23.91860008239746,23.709999084472656,23.719999313354492,11188
2024-05-08,22.806997299194336,23.549999237060547,23.639999389648438,23.3799991607666,23.639999389648438,10412
2024-05-09,22.62299346923828,23.360000610351562,23.450000762939453,23.360000610351562,23.450000762939453,9533
2024-05-10,22.89415740966797,23.639999389648438,23.639999389648438,23.28499984741211,23.28499984741211,6574
2024-05-13,22.971633911132812,23.719999313354492,23.771400451660156,23.450000762939453,23.771400451660156,3490
2024-05-14,22.758575439453125,23.5,23.765899658203125,23.3799991607666,23.765899658203125,7232
2024-05-15,22.84573745727539,23.59000015258789,23.6200008392334,23.59000015258789,23.6200008392334,1974
2024-05-16,22.84573745727539,23.59000015258789,23.59000015258789,23.59000015258789,23.59000015258789,0
2024-05-17,22.85551643371582,23.600099563598633,23.665000915527344,23.544700622558594,23.58989906311035,2375
2024-05-20,22.903844833374023,23.649999618530273,23.649999618530273,23.600000381469727,23.600000381469727,636
2024-05-21,22.758575439453125,23.5,23.713199615478516,23.5,23.649999618530273,7353
2024-05-22,22.991004943847656,23.739999771118164,23.75,23.510000228881836,23.510000228881836,4153
2024-05-23,22.85542106628418,23.600000381469727,23.799999237060547,23.54490089416504,23.799999237060547,5599
2024-05-24,23.010372161865234,23.760000228881836,23.760000228881836,23.639999389648438,23.729900360107422,5460
2024-05-28,23.020057678222656,23.770000457763672,23.770000457763672,23.559999465942383,23.700000762939453,2377
2024-05-29,22.758575439453125,23.5,23.670000076293945,23.5,23.670000076293945,16328
2024-05-30,22.82636833190918,23.56999969482422,23.700000762939453,23.56999969482422,23.68000030517578,2560
2024-05-31,23.049110412597656,23.799999237060547,23.799999237060547,23.770000457763672,23.770000457763672,1371
2024-06-03,23.281539916992188,24.040000915527344,24.040000915527344,23.79990005493164,23.979999542236328,5546
2024-06-04,23.35901641845703,24.1200008392334,24.360000610351562,23.8346004486084,23.8346004486084,4992
2024-06-05,23.242801666259766,24.0,24.079999923706055,24.0,24.079999923706055,1368
2024-06-06,22.971633911132812,23.719999313354492,23.954999923706055,23.719999313354492,23.8700008392334,8612
2024-06-07,22.952266693115234,23.700000762939453,23.719999313354492,23.6200008392334,23.719999313354492,4034
2024-06-10,22.816682815551758,23.559999465942383,23.704999923706055,23.549999237060547,23.704999923706055,5028
2024-06-11,22.758575439453125,23.5,23.65999984741211,23.5,23.5,14246
2024-06-12,23.223432540893555,23.979999542236328,23.9950008392334,23.65999984741211,23.920000076293945,2764
2024-06-13,23.339645385742188,24.100000381469727,24.100000381469727,23.850000381469727,23.850000381469727,1463
2024-06-14,23.07447624206543,23.440000534057617,23.709999084472656,23.30500030517578,23.709999084472656,3006
2024-06-17,23.47808265686035,23.850000381469727,23.860000610351562,23.180700302124023,23.180700302124023,12892
2024-06-18,23.291046142578125,23.65999984741211,23.8700008392334,23.649999618530273,23.8700008392334,30658
2024-06-20,23.48792839050293,23.860000610351562,23.8700008392334,23.794599533081055,23.8700008392334,1207
2024-06-21,23.463315963745117,23.834999084472656,23.96500015258789,23.834999084472656,23.905000686645508,965
2024-06-24,23.291046142578125,23.65999984741211,23.950000762939453,23.65999984741211,23.950000762939453,7969
2024-06-25,23.359952926635742,23.729999542236328,23.784700393676758,23.5049991607666,23.784700393676758,7656
2024-06-26,23.25235939025879,23.62070083618164,23.6299991607666,23.425399780273438,23.425399780273438,4463
2024-06-27,23.23198127746582,23.600000381469727,23.600000381469727,23.594999313354492,23.600000381469727,2227
2024-06-28,23.005569458007812,23.3700008392334,23.5,23.3700008392334,23.420000076293945,2221
2024-07-01,23.497772216796875,23.8700008392334,23.8700008392334,23.18000030517578,23.209999084472656,4900
2024-07-02,23.17291831970215,23.540000915527344,23.559999465942383,23.420000076293945,23.46500015258789,2504
2024-07-03,23.310733795166016,23.68000030517578,23.68000030517578,23.68000030517578,23.68000030517578,1008
2024-07-05,23.2418270111084,23.610000610351562,23.610000610351562,23.610000610351562,23.610000610351562,1148
2024-07-08,23.251670837402344,23.6200008392334,23.799999237060547,23.6200008392334,23.799999237060547,3763
2024-07-09,23.103023529052734,23.4689998626709,23.71540069580078,23.391700744628906,23.71540069580078,15199
2024-07-10,22.946502685546875,23.309999465942383,23.469999313354492,23.290000915527344,23.450000762939453,13865
2024-07-11,23.163074493408203,23.530000686645508,23.610000610351562,23.3700008392334,23.3700008392334,59417
2024-07-12,23.36979866027832,23.739999771118164,23.739999771118164,23.40999984741211,23.40999984741211,5314
2024-07-15,23.291046142578125,23.65999984741211,23.700000762939453,23.600000381469727,23.700000762939453,3910
2024-07-16,23.37324333190918,23.743499755859375,23.8700008392334,23.700000762939453,23.8700008392334,2335
2024-07-17,23.310733795166016,23.68000030517578,23.790000915527344,23.56920051574707,23.739999771118164,1698
2024-07-18,23.41409683227539,23.78499984741211,23.959999084472656,23.700000762939453,23.81999969482422,14601
2024-07-19,23.5362606048584,23.909099578857422,23.920000076293945,23.8799991607666,23.8799991607666,2236
2024-07-22,23.52730369567871,23.899999618530273,24.065099716186523,23.889999389648438,23.90999984741211,2559
2024-07-23,23.310733795166016,23.68000030517578,23.950000762939453,23.68000030517578,23.899999618530273,3157
2024-07-24,23.30088996887207,23.670000076293945,23.959999084472656,23.649999618530273,23.959999084472656,2053
2024-07-25,23.379642486572266,23.75,23.75,23.631999969482422,23.670000076293945,6340
2024-07-26,23.21229362487793,23.579999923706055,23.940000534057617,23.579999923706055,23.761499404907227,5170
2024-07-29,23.30088996887207,23.670000076293945,23.799999237060547,23.639999389648438,23.799999237060547,3449
2024-07-30,23.30088996887207,23.670000076293945,23.850000381469727,23.610000610351562,23.850000381469727,2805
2024-07-31,23.606056213378906,23.979999542236328,23.979999542236328,23.6200008392334,23.950000762939453,15026
2024-08-01,23.507614135742188,23.8799991607666,24.114099502563477,23.80299949645996,23.80299949645996,2564
2024-08-02,23.45839500427246,23.829999923706055,24.229999542236328,23.829999923706055,23.995899200439453,3429
2024-08-05,23.497772216796875,23.8700008392334,24.06999969482422,23.524999618530273,23.739999771118164,18012
2024-08-06,23.773405075073242,24.149999618530273,24.15999984741211,23.950000762939453,23.950000762939453,2233
2024-08-07,23.817703247070312,24.19499969482422,24.260000228881836,24.1299991607666,24.1299991607666,3719
2024-08-08,23.862001419067383,24.239999771118164,24.285499572753906,24.184999465942383,24.239999771118164,12808
2024-08-09,23.89153480529785,24.270000457763672,24.270000457763672,24.18000030517578,24.219999313354492,1514
2024-08-12,23.537147521972656,23.90999984741211,24.350000381469727,23.90999984741211,24.280000686645508,9576
2024-08-13,23.8226261138916,24.200000762939453,24.49530029296875,24.200000762939453,24.389999389648438,2655
2024-08-14,23.871845245361328,24.25,24.559999465942383,24.25,24.559999465942383,1760
2024-08-15,23.970285415649414,24.350000381469727,24.489999771118164,24.350000381469727,24.489999771118164,3365
2024-08-16,24.04903793334961,24.43000030517578,24.440000534057617,24.399999618530273,24.429399490356445,1837
2024-08-19,23.921064376831055,24.299999237060547,24.540000915527344,24.299999237060547,24.43000030517578,13138
2024-08-20,24.019014358520508,24.399499893188477,24.5,24.31999969482422,24.5,4461
2024-08-21,24.009660720825195,24.389999389648438,24.91390037536621,24.389999389648438,24.91390037536621,7594
2024-08-22,24.249069213867188,24.63319969177246,24.729999542236328,24.489999771118164,24.729999542236328,3834
2024-08-23,23.812782287597656,24.190000534057617,24.714599609375,24.190000534057617,24.549999237060547,21918
2024-08-26,24.019506454467773,24.399999618530273,24.459999084472656,24.34000015258789,24.34000015258789,3629
2024-08-27,24.068727493286133,24.450000762939453,24.549999237060547,24.450000762939453,24.450000762939453,13115
2024-08-28,24.122867584228516,24.5049991607666,24.549999237060547,24.440000534057617,24.549999237060547,44595
2024-08-29,24.039194107055664,24.420000076293945,24.625,24.420000076293945,24.625,11479
2024-08-30,24.59046173095703,24.979999542236328,24.979999542236328,24.53860092163086,24.575000762939453,82364
2024-09-03,24.40834617614746,24.795000076293945,24.889999389648438,24.68000030517578,24.889999389648438,2968
2024-09-04,24.167165756225586,24.549999237060547,24.75,24.540000915527344,24.75,19601
2024-09-05,24.30006217956543,24.684999465942383,24.88990020751953,24.600000381469727,24.88990020751953,5398
2024-09-06,24.314828872680664,24.700000762939453,24.815000534057617,24.639999389648438,24.700000762939453,6893
2024-09-09,24.334514617919922,24.719999313354492,24.739999771118164,24.639999389648438,24.719999313354492,29972
2024-09-10,24.334514617919922,24.719999313354492,24.75,24.6200008392334,24.719999313354492,18807
2024-09-11,24.354204177856445,24.739999771118164,25.270000457763672,24.739999771118164,24.81999969482422,12966
2024-09-12,24.65936851501465,25.049999237060547,25.270000457763672,24.729999542236328,24.75,26782
2024-09-13,25.020000457763672,25.020000457763672,25.200000762939453,24.700000762939453,24.700000762939453,19020
2024-09-16,24.950000762939453,24.950000762939453,25.135000228881836,24.81999969482422,25.010000228881836,8996
2024-09-17,24.90999984741211,24.90999984741211,25.094999313354492,24.899999618530273,24.899999618530273,7781
2024-09-18,24.719999313354492,24.719999313354492,25.209999084472656,24.719999313354492,25.209999084472656,3682
2024-09-19,25.21500015258789,25.21500015258789,25.21500015258789,24.8700008392334,24.959999084472656,19158
2024-09-20,25.200000762939453,25.200000762939453,25.299999237060547,24.934999465942383,25.049999237060547,25008
2024-09-23,25.0,25.0,25.149999618530273,24.945999145507812,25.149999618530273,26868
2024-09-24,25.239999771118164,25.239999771118164,26.25,24.980100631713867,26.25,8493
2024-09-25,25.049999237060547,25.049999237060547,25.059999465942383,24.989999771118164,24.989999771118164,1701
2024-09-26,25.049999237060547,25.049999237060547,25.129100799560547,24.975000381469727,25.0,8153
2024-09-27,25.18000030517578,25.18000030517578,25.200000762939453,25.010000228881836,25.030000686645508,6535
2024-09-30,25.049999237060547,25.049999237060547,25.299999237060547,25.0,25.065000534057617,15049
2024-10-01,25.062400817871094,25.062400817871094,25.100000381469727,24.920000076293945,24.979999542236328,22334
2024-10-02,25.0,25.0,25.139999389648438,25.0,25.100000381469727,60148
2024-10-03,25.010000228881836,25.010000228881836,25.25,25.010000228881836,25.049999237060547,7839
2024-10-04,25.020000457763672,25.020000457763672,25.049999237060547,24.899999618530273,24.975000381469727,9502
2024-10-07,24.889999389648438,24.889999389648438,25.200000762939453,24.673799514770508,25.200000762939453,7694
2024-10-08,25.040000915527344,25.040000915527344,25.040000915527344,24.90999984741211,24.950000762939453,9980
2024-10-09,25.0,25.0,25.209999084472656,24.920000076293945,24.920000076293945,20983
2024-10-10,25.079999923706055,25.079999923706055,25.079999923706055,24.81999969482422,24.81999969482422,2459
2024-10-11,25.3799991607666,25.3799991607666,25.3799991607666,25.236299514770508,25.236299514770508,1980
2024-10-14,25.350000381469727,25.350000381469727,25.389999389648438,25.045000076293945,25.045000076293945,5435
2024-10-15,25.222299575805664,25.222299575805664,25.222299575805664,24.996599197387695,24.996599197387695,10083
2024-10-16,24.950000762939453,24.950000762939453,25.200000762939453,24.950000762939453,25.190000534057617,2824
2024-10-17,25.209999084472656,25.209999084472656,25.34000015258789,25.010000228881836,25.049999237060547,32683
2024-10-18,25.399999618530273,25.399999618530273,25.399999618530273,25.229999542236328,25.229999542236328,3104
2024-10-21,25.200000762939453,25.200000762939453,25.264999389648438,25.12459945678711,25.264999389648438,4416
2024-10-22,25.360000610351562,25.360000610351562,25.371400833129883,25.079999923706055,25.170000076293945,5244
2024-10-23,25.489999771118164,25.489999771118164,25.489999771118164,25.147199630737305,25.325000762939453,3590
2024-10-24,25.15999984741211,25.15999984741211,25.3799991607666,25.15999984741211,25.229999542236328,11252
2024-10-25,25.010000228881836,25.010000228881836,25.149999618530273,25.010000228881836,25.149999618530273,8098
2024-10-28,25.100000381469727,25.100000381469727,25.20199966430664,24.969999313354492,25.010000228881836,5010
2024-10-29,25.100000381469727,25.100000381469727,25.139999389648438,24.969999313354492,24.980499267578125,3599
2024-10-30,25.040000915527344,25.040000915527344,25.099899291992188,24.979999542236328,25.099899291992188,76644
2024-10-31,25.309999465942383,25.309999465942383,25.469999313354492,24.969999313354492,25.270000457763672,7265
2024-11-01,24.969999313354492,24.969999313354492,25.31999969482422,24.969999313354492,25.309999465942383,3369
2024-11-04,25.200000762939453,25.200000762939453,25.350000381469727,25.02050018310547,25.02050018310547,2625
2024-11-05,25.0,25.0,25.350000381469727,25.0,25.350000381469727,5187
2024-11-06,25.100200653076172,25.100200653076172,25.350000381469727,25.0,25.0,1224
2024-11-07,25.06999969482422,25.06999969482422,25.450000762939453,25.06999969482422,25.1200008392334,8155
2024-11-08,25.140100479125977,25.140100479125977,25.290000915527344,25.049999237060547,25.049999237060547,5585
2024-11-11,25.059999465942383,25.059999465942383,25.230100631713867,25.049999237060547,25.200000762939453,4305
2024-11-12,24.829999923706055,24.829999923706055,25.06999969482422,24.829999923706055,25.040000915527344,8737
2024-11-13,24.56999969482422,24.56999969482422,24.926109313964844,24.518299102783203,24.926109313964844,11518
2024-11-14,24.62459945678711,24.62459945678711,24.7189998626709,24.56999969482422,24.6200008392334,6753
2024-11-15,24.649999618530273,24.649999618530273,24.728200912475586,24.6200008392334,24.728200912475586,4738
2024-11-18,24.329999923706055,24.329999923706055,24.649999618530273,24.329999923706055,24.649999618530273,7668
2024-11-19,24.290000915527344,24.290000915527344,24.65999984741211,24.209999084472656,24.65999984741211,4593
2024-11-20,24.288700103759766,24.288700103759766,24.288700103759766,24.149999618530273,24.260000228881836,12528
2024-11-21,24.35610008239746,24.35610008239746,24.84000015258789,24.35610008239746,24.84000015258789,1462
2024-11-22,24.299999237060547,24.299999237060547,24.84000015258789,24.079999923706055,24.84000015258789,3589
2024-11-25,24.59000015258789,24.59000015258789,24.739999771118164,24.4153995513916,24.584999084472656,4916
2024-11-26,24.426799774169922,24.426799774169922,24.709999084472656,24.31999969482422,24.520000457763672,2898
2024-11-27,24.459999084472656,24.459999084472656,24.719999313354492,24.43000030517578,24.43000030517578,3419
2024-11-29,24.860000610351562,24.860000610351562,24.860000610351562,24.425399780273438,24.425399780273438,7412
2024-12-02,24.709999084472656,24.709999084472656,24.760000228881836,24.5,24.719999313354492,9857
2024-12-03,24.709999084472656,24.709999084472656,24.709999084472656,24.709999084472656,24.709999084472656,0
2024-12-04,24.600000381469727,24.600000381469727,24.950000762939453,24.5,24.950000762939453,23283
2024-12-05,24.5,24.5,24.959999084472656,24.450000762939453,24.510000228881836,76818
2024-12-06,24.920000076293945,24.920000076293945,24.950000762939453,24.600000381469727,24.7549991607666,11903
2024-12-09,25.06999969482422,25.06999969482422,25.06999969482422,24.799999237060547,24.799999237060547,9327
