Date,Adj Close,Close,High,Low,Open,Volume
1984-12-26,1.2037837505340576,3.1450119018554688,3.17584490776062,3.114177942276001,3.114177942276001,794997
1984-12-27,1.227387547492981,3.2066779136657715,3.2066779136657715,3.114177942276001,3.114177942276001,1796750
1984-12-28,1.227387547492981,3.2066779136657715,3.2683451175689697,3.17584490776062,3.17584490776062,1597697
1984-12-31,1.2391897439956665,3.2375121116638184,3.2683451175689697,3.2066779136657715,3.2066779136657715,1749318
1985-01-02,1.2391897439956665,3.2375121116638184,3.2683451175689697,3.17584490776062,3.2066779136657715,792970
1985-01-03,1.2391897439956665,3.2375121116638184,3.2683451175689697,3.2066779136657715,3.2375121116638184,885808
1985-01-04,1.2509907484054565,3.2683451175689697,3.2683451175689697,3.2375121116638184,3.2683451175689697,1833642
1985-01-07,1.2627933025360107,3.2991790771484375,3.330012083053589,3.2375121116638184,3.2683451175689697,870808
1985-01-08,1.2863966226577759,3.3608460426330566,3.391679048538208,3.2991790771484375,3.2991790771484375,1712832
1985-01-09,1.2391897439956665,3.2375121116638184,3.3608460426330566,3.2066779136657715,3.3608460426330566,921078
1985-01-10,1.2627933025360107,3.2991790771484375,3.2991790771484375,3.17584490776062,3.2066779136657715,2318505
1985-01-11,1.2391897439956665,3.2375121116638184,3.330012083053589,3.2066779136657715,3.2991790771484375,1857561
1985-01-14,1.2745940685272217,3.330012083053589,3.3608460426330566,3.2375121116638184,3.2375121116638184,2749449
1985-01-15,1.2509907484054565,3.2683451175689697,3.330012083053589,3.2375121116638184,3.330012083053589,1061753
1985-01-16,1.2509907484054565,3.2683451175689697,3.330012083053589,3.2683451175689697,3.2991790771484375,1044320
1985-01-17,1.2509907484054565,3.2683451175689697,3.2991790771484375,3.2066779136657715,3.2683451175689697,1109185
1985-01-18,1.2509907484054565,3.2683451175689697,3.2683451175689697,3.2066779136657715,3.2683451175689697,1030537
1985-01-21,1.2745940685272217,3.330012083053589,3.5766799449920654,3.2375121116638184,3.2683451175689697,2157965
1985-01-22,1.2863966226577759,3.3608460426330566,3.453346014022827,3.2991790771484375,3.330012083053589,3397285
1985-01-23,1.309999704360962,3.422513008117676,3.453346014022827,3.2683451175689697,3.2683451175689697,6259436
1985-01-24,1.3808104991912842,3.607512950897217,3.669179916381836,3.4841790199279785,3.4841790199279785,4990522
1985-01-25,1.4044137001037598,3.669179916381836,3.700014114379883,3.5458459854125977,3.6383469104766846,3261880
1985-01-28,1.4044137001037598,3.669179916381836,3.730846881866455,3.6383469104766846,3.700014114379883,3636473
1985-01-29,1.416216254234314,3.700014114379883,3.730846881866455,3.607512950897217,3.669179916381836,1822291
1985-01-30,1.4398198127746582,3.7616798877716064,3.8233470916748047,3.700014114379883,3.7616798877716064,4937820
1985-01-31,1.4280179738998413,3.730846881866455,3.7616798877716064,3.669179916381836,3.7616798877716064,2578369
1985-02-01,1.3926135301589966,3.6383469104766846,3.730846881866455,3.5458459854125977,3.6383469104766846,2234586
1985-02-04,1.3926135301589966,3.6383469104766846,3.700014114379883,3.5766799449920654,3.5766799449920654,2441748
1985-02-05,1.3808104991912842,3.607512950897217,3.700014114379883,3.5766799449920654,3.669179916381836,2891341
1985-02-06,1.3572065830230713,3.5458459854125977,3.607512950897217,3.5150129795074463,3.5766799449920654,3026340
1985-02-07,1.3808104991912842,3.607512950897217,3.6383469104766846,3.5458459854125977,3.5458459854125977,1667832
1985-02-08,1.3926135301589966,3.6383469104766846,3.669179916381836,3.5766799449920654,3.607512950897217,2090263
1985-02-11,1.3926135301589966,3.6383469104766846,3.669179916381836,3.607512950897217,3.6383469104766846,1589589
1985-02-12,1.3808104991912842,3.607512950897217,3.669179916381836,3.5458459854125977,3.6383469104766846,1761480
1985-02-13,1.3690093755722046,3.5766799449920654,3.6383469104766846,3.5458459854125977,3.607512950897217,1496346
1985-02-14,1.3690093755722046,3.5766799449920654,3.607512950897217,3.5458459854125977,3.607512950897217,2234181
1985-02-15,1.333603858947754,3.4841790199279785,3.607512950897217,3.453346014022827,3.5766799449920654,2840665
1985-02-19,1.3572065830230713,3.5458459854125977,3.5766799449920654,3.4841790199279785,3.5458459854125977,2104857
1985-02-20,1.3454052209854126,3.5150129795074463,3.5766799449920654,3.453346014022827,3.5150129795074463,2432829
1985-02-21,1.3572065830230713,3.5458459854125977,3.5458459854125977,3.4841790199279785,3.5458459854125977,1236077
1985-02-22,1.3572065830230713,3.5458459854125977,3.5458459854125977,3.5150129795074463,3.5150129795074463,947024
1985-02-25,1.3454052209854126,3.5150129795074463,3.5458459854125977,3.4841790199279785,3.5150129795074463,1253914
1985-02-26,1.3454052209854126,3.5150129795074463,3.5458459854125977,3.4841790199279785,3.5150129795074463,3115124
1985-02-27,1.333603858947754,3.4841790199279785,3.5458459854125977,3.453346014022827,3.5150129795074463,693241
1985-02-28,1.3690093755722046,3.5766799449920654,3.5766799449920654,3.4841790199279785,3.5150129795074463,1843777
1985-03-01,1.3690093755722046,3.5766799449920654,3.607512950897217,3.5150129795074463,3.5458459854125977,1584319
1985-03-04,1.3926135301589966,3.6383469104766846,3.669179916381836,3.5766799449920654,3.5766799449920654,3468636
1985-03-05,1.4280179738998413,3.730846881866455,3.7616798877716064,3.6383469104766846,3.669179916381836,2504991
1985-03-06,1.4280179738998413,3.730846881866455,3.7616798877716064,3.700014114379883,3.730846881866455,2551612
1985-03-07,1.4044137001037598,3.669179916381836,3.700014114379883,3.6383469104766846,3.669179916381836,1058915
1985-03-08,1.416216254234314,3.700014114379883,3.7616798877716064,3.669179916381836,3.669179916381836,1122969
1985-03-11,1.4044137001037598,3.669179916381836,3.730846881866455,3.669179916381836,3.700014114379883,862294
1985-03-12,1.4044137001037598,3.669179916381836,3.700014114379883,3.669179916381836,3.700014114379883,1544994
1985-03-13,1.4131553173065186,3.669179916381836,3.700014114379883,3.6383469104766846,3.669179916381836,1046348
1985-03-14,1.4131553173065186,3.669179916381836,3.700014114379883,3.6383469104766846,3.669179916381836,776754
1985-03-15,1.401279091835022,3.6383469104766846,3.700014114379883,3.6383469104766846,3.669179916381836,1110401
1985-03-18,1.4131553173065186,3.669179916381836,3.730846881866455,3.6383469104766846,3.6383469104766846,2147425
1985-03-19,1.4487799406051636,3.7616798877716064,3.7925140857696533,3.669179916381836,3.700014114379883,1073510
1985-03-20,1.4487799406051636,3.7616798877716064,3.8233470916748047,3.730846881866455,3.7925140857696533,1722561
1985-03-21,1.4487799406051636,3.7616798877716064,3.7925140857696533,3.730846881866455,3.7616798877716064,1045942
1985-03-22,1.4606554508209229,3.7925140857696533,3.8541810512542725,3.7616798877716064,3.7616798877716064,2648098
1985-03-25,1.5081568956375122,3.9158480167388916,3.9158480167388916,3.7925140857696533,3.7925140857696533,1448103
1985-03-26,1.5081568956375122,3.9158480167388916,4.008347988128662,3.885014057159424,3.9158480167388916,3366474
1985-03-27,1.5081568956375122,3.9158480167388916,3.946681022644043,3.885014057159424,3.9158480167388916,1550265
1985-03-28,1.4725315570831299,3.8233470916748047,4.162515163421631,3.7925140857696533,3.9158480167388916,1640670
1985-03-29,1.4962810277938843,3.885014057159424,3.885014057159424,3.730846881866455,3.8233470916748047,1182969
1985-04-01,1.5319074392318726,3.9775149822235107,3.9775149822235107,3.8541810512542725,3.885014057159424,5172954
1985-04-02,1.5319074392318726,3.9775149822235107,4.008347988128662,3.946681022644043,3.9775149822235107,1722561
1985-04-03,1.5081568956375122,3.9158480167388916,3.9775149822235107,3.9158480167388916,3.9775149822235107,1017158
1985-04-04,1.5200316905975342,3.946681022644043,3.946681022644043,3.8541810512542725,3.946681022644043,1231617
1985-04-08,1.5081568956375122,3.9158480167388916,3.946681022644043,3.885014057159424,3.946681022644043,518917
1985-04-09,1.4844053983688354,3.8541810512542725,3.9158480167388916,3.8233470916748047,3.885014057159424,1342698
1985-04-10,1.5081568956375122,3.9158480167388916,3.9158480167388916,3.8233470916748047,3.885014057159424,2147019
1985-04-11,1.5081568956375122,3.9158480167388916,3.9158480167388916,3.8541810512542725,3.9158480167388916,3452825
1985-04-12,1.5081568956375122,3.9158480167388916,3.9158480167388916,3.8541810512542725,3.9158480167388916,1480941
1985-04-15,1.5081568956375122,3.9158480167388916,3.9158480167388916,3.8233470916748047,3.885014057159424,874862
1985-04-16,1.5081568956375122,3.9158480167388916,3.9158480167388916,3.8233470916748047,3.9158480167388916,1002969
1985-04-17,1.4962810277938843,3.885014057159424,3.9158480167388916,3.8541810512542725,3.9158480167388916,680268
1985-04-18,1.5081568956375122,3.9158480167388916,3.946681022644043,3.8541810512542725,3.9158480167388916,1243779
1985-04-19,1.5081568956375122,3.9158480167388916,3.9158480167388916,3.8233470916748047,3.9158480167388916,880132
1985-04-22,1.4962810277938843,3.885014057159424,3.9158480167388916,3.8233470916748047,3.9158480167388916,664862
1985-04-23,1.4962810277938843,3.885014057159424,3.885014057159424,3.8233470916748047,3.8541810512542725,4877009
1985-04-24,1.4844053983688354,3.8541810512542725,3.885014057159424,3.8541810512542725,3.885014057159424,1243374
1985-04-25,1.4725315570831299,3.8233470916748047,3.9158480167388916,3.8233470916748047,3.8541810512542725,2650936
1985-04-26,1.4725315570831299,3.8233470916748047,3.8541810512542725,3.7616798877716064,3.8233470916748047,1649183
1985-04-29,1.42503023147583,3.700014114379883,3.8233470916748047,3.669179916381836,3.7925140857696533,1172428
1985-04-30,1.42503023147583,3.700014114379883,3.730846881866455,3.669179916381836,3.700014114379883,680268
1985-05-01,1.42503023147583,3.700014114379883,3.700014114379883,3.6383469104766846,3.700014114379883,1009050
1985-05-02,1.4131553173065186,3.669179916381836,3.669179916381836,3.6383469104766846,3.6383469104766846,592701
1985-05-03,1.4131553173065186,3.669179916381836,3.700014114379883,3.6383469104766846,3.669179916381836,828240
1985-05-06,1.401279091835022,3.6383469104766846,3.669179916381836,3.6383469104766846,3.669179916381836,513241
1985-05-07,1.401279091835022,3.6383469104766846,3.669179916381836,3.5766799449920654,3.669179916381836,3110259
1985-05-08,1.401279091835022,3.6383469104766846,3.669179916381836,3.607512950897217,3.607512950897217,1330941
1985-05-09,1.4131553173065186,3.669179916381836,3.700014114379883,3.607512950897217,3.6383469104766846,1499994
1985-05-10,1.42503023147583,3.700014114379883,3.7616798877716064,3.669179916381836,3.700014114379883,1554319
1985-05-13,1.4606554508209229,3.7925140857696533,3.7925140857696533,3.700014114379883,3.730846881866455,1081212
1985-05-14,1.4487799406051636,3.7616798877716064,3.8233470916748047,3.7616798877716064,3.7925140857696533,1658102
1985-05-15,1.4369051456451416,3.730846881866455,3.7925140857696533,3.730846881866455,3.7925140857696533,960807
1985-05-16,1.4369051456451416,3.730846881866455,3.7616798877716064,3.700014114379883,3.730846881866455,1027699
1985-05-17,1.4369051456451416,3.730846881866455,3.730846881866455,3.669179916381836,3.730846881866455,2512693
1985-05-20,1.4369051456451416,3.730846881866455,3.7925140857696533,3.700014114379883,3.7616798877716064,1634589
1985-05-21,1.4487799406051636,3.7616798877716064,3.7616798877716064,3.700014114379883,3.730846881866455,1316347
1985-05-22,1.4369051456451416,3.730846881866455,3.7616798877716064,3.669179916381836,3.7616798877716064,1040266
1985-05-23,1.4369051456451416,3.730846881866455,3.730846881866455,3.700014114379883,3.730846881866455,653917
1985-05-24,1.4487799406051636,3.7616798877716064,3.7616798877716064,3.700014114379883,3.730846881866455,1142023
1985-05-28,1.42503023147583,3.700014114379883,3.7616798877716064,3.669179916381836,3.7616798877716064,968510
1985-05-29,1.4487799406051636,3.7616798877716064,3.7616798877716064,3.669179916381836,3.700014114379883,2121479
1985-05-30,1.4369051456451416,3.730846881866455,3.7616798877716064,3.730846881866455,3.730846881866455,560674
1985-05-31,1.4487799406051636,3.7616798877716064,3.7616798877716064,3.700014114379883,3.730846881866455,929997
1985-06-03,1.4487799406051636,3.7616798877716064,3.7925140857696533,3.730846881866455,3.730846881866455,1482968
1985-06-04,1.4456266164779663,3.730846881866455,3.7616798877716064,3.700014114379883,3.730846881866455,1403103
1985-06-05,1.4456266164779663,3.730846881866455,3.7616798877716064,3.700014114379883,3.730846881866455,1054861
1985-06-06,1.4456266164779663,3.730846881866455,3.730846881866455,3.700014114379883,3.730846881866455,1172023
1985-06-07,1.4217312335968018,3.669179916381836,3.7616798877716064,3.669179916381836,3.730846881866455,968915
1985-06-10,1.4336798191070557,3.700014114379883,3.730846881866455,3.669179916381836,3.700014114379883,1071888
1985-06-11,1.4217312335968018,3.669179916381836,3.730846881866455,3.669179916381836,3.730846881866455,651889
1985-06-12,1.4456266164779663,3.730846881866455,3.730846881866455,3.669179916381836,3.700014114379883,886213
1985-06-13,1.409784197807312,3.6383469104766846,3.730846881866455,3.6383469104766846,3.700014114379883,1384049
1985-06-14,1.4217312335968018,3.669179916381836,3.700014114379883,3.6383469104766846,3.669179916381836,803916
1985-06-17,1.4814674854278564,3.8233470916748047,3.8233470916748047,3.669179916381836,3.669179916381836,2571477
1985-06-18,1.5292567014694214,3.946681022644043,3.946681022644043,3.8233470916748047,3.8541810512542725,2560126
1985-06-19,1.5889945030212402,4.100848197937012,4.1316819190979,3.946681022644043,3.9775149822235107,3767824
1985-06-20,1.5889945030212402,4.100848197937012,4.1316819190979,4.039181232452393,4.070014953613281,4358092
1985-06-21,1.5173099040985107,3.9158480167388916,4.1316819190979,3.6383469104766846,4.100848197937012,3922688
1985-06-24,1.5292567014694214,3.946681022644043,3.946681022644043,3.7616798877716064,3.885014057159424,2716206
1985-06-25,1.5292567014694214,3.946681022644043,4.039181232452393,3.885014057159424,3.946681022644043,2474586
1985-06-26,1.5173099040985107,3.9158480167388916,3.9158480167388916,3.7616798877716064,3.9158480167388916,2233370
1985-06-27,1.4456266164779663,3.730846881866455,3.8233470916748047,3.700014114379883,3.7925140857696533,6875650
1985-06-28,1.4695205688476562,3.7925140857696533,3.8541810512542725,3.730846881866455,3.7616798877716064,4889171
1985-07-01,1.5173099040985107,3.9158480167388916,3.9158480167388916,3.7925140857696533,3.8233470916748047,1486211
1985-07-02,1.4814674854278564,3.8233470916748047,3.946681022644043,3.7616798877716064,3.9158480167388916,1506481
1985-07-03,1.4814674854278564,3.8233470916748047,3.8541810512542725,3.7925140857696533,3.8233470916748047,2563369
1985-07-05,1.4814674854278564,3.8233470916748047,3.8233470916748047,3.7616798877716064,3.8233470916748047,647835
1985-07-08,1.4575728178024292,3.7616798877716064,3.8233470916748047,3.730846881866455,3.8233470916748047,1122563
1985-07-09,1.5292567014694214,3.946681022644043,4.008347988128662,3.730846881866455,3.730846881866455,4406741
1985-07-10,1.5173099040985107,3.9158480167388916,3.9158480167388916,3.8233470916748047,3.885014057159424,2230532
1985-07-11,1.541204810142517,3.9775149822235107,4.039181232452393,3.885014057159424,3.9158480167388916,2112560
1985-07-12,1.505362629890442,3.885014057159424,4.070014953613281,3.730846881866455,3.9775149822235107,1444454
1985-07-15,1.3380995988845825,3.453346014022827,3.7616798877716064,3.453346014022827,3.6383469104766846,3291069
1985-07-16,1.4336798191070557,3.700014114379883,3.7616798877716064,3.453346014022827,3.607512950897217,11501309
1985-07-17,1.4575728178024292,3.7616798877716064,3.7925140857696533,3.730846881866455,3.7616798877716064,3650662
1985-07-18,1.4575728178024292,3.7616798877716064,3.7925140857696533,3.700014114379883,3.730846881866455,1153780
1985-07-19,1.4695205688476562,3.7925140857696533,3.7925140857696533,3.730846881866455,3.730846881866455,1884317
1985-07-22,1.4695205688476562,3.7925140857696533,3.7925140857696533,3.730846881866455,3.7616798877716064,1039861
1985-07-23,1.4575728178024292,3.7616798877716064,3.885014057159424,3.7616798877716064,3.7925140857696533,2413775
1985-07-24,1.4456266164779663,3.730846881866455,3.7925140857696533,3.669179916381836,3.7616798877716064,1636616
1985-07-25,1.4456266164779663,3.730846881866455,3.7925140857696533,3.700014114379883,3.7616798877716064,1532427
1985-07-26,1.409784197807312,3.6383469104766846,3.730846881866455,3.6383469104766846,3.730846881866455,3818905
1985-07-29,1.3978368043899536,3.607512950897217,3.669179916381836,3.5766799449920654,3.6383469104766846,1088510
1985-07-30,1.3978368043899536,3.607512950897217,3.6383469104766846,3.5766799449920654,3.6383469104766846,1163104
1985-07-31,1.3978368043899536,3.607512950897217,3.607512950897217,3.5766799449920654,3.607512950897217,1867696
1985-08-01,1.409784197807312,3.6383469104766846,3.6383469104766846,3.5766799449920654,3.6383469104766846,882970
1985-08-02,1.3978368043899536,3.607512950897217,3.6383469104766846,3.5766799449920654,3.607512950897217,689187
1985-08-05,1.3858892917633057,3.5766799449920654,3.6383469104766846,3.5766799449920654,3.607512950897217,937294
1985-08-06,1.3858892917633057,3.5766799449920654,3.669179916381836,3.5766799449920654,3.5766799449920654,1274590
1985-08-07,1.3739427328109741,3.5458459854125977,3.5766799449920654,3.5150129795074463,3.5458459854125977,1604589
1985-08-08,1.3739427328109741,3.5458459854125977,3.5458459854125977,3.5150129795074463,3.5150129795074463,485268
1985-08-09,1.350046992301941,3.4841790199279785,3.5458459854125977,3.4841790199279785,3.5150129795074463,487296
1985-08-12,1.3380995988845825,3.453346014022827,3.5150129795074463,3.453346014022827,3.5150129795074463,835943
1985-08-13,1.3380995988845825,3.453346014022827,3.5150129795074463,3.453346014022827,3.453346014022827,595538
1985-08-14,1.3380995988845825,3.453346014022827,3.4841790199279785,3.453346014022827,3.453346014022827,738646
1985-08-15,1.3380995988845825,3.453346014022827,3.4841790199279785,3.391679048538208,3.453346014022827,1563643
1985-08-16,1.3142060041427612,3.391679048538208,3.453346014022827,3.3608460426330566,3.422513008117676,977834
1985-08-19,1.2903109788894653,3.330012083053589,3.391679048538208,3.330012083053589,3.391679048538208,696484
1985-08-20,1.3380995988845825,3.453346014022827,3.5150129795074463,3.391679048538208,3.391679048538208,1475265
1985-08-21,1.361994981765747,3.5150129795074463,3.5150129795074463,3.422513008117676,3.5150129795074463,1112023
1985-08-22,1.350046992301941,3.4841790199279785,3.5458459854125977,3.453346014022827,3.5150129795074463,784457
1985-08-23,1.3739427328109741,3.5458459854125977,3.5458459854125977,3.422513008117676,3.4841790199279785,681889
1985-08-26,1.3739427328109741,3.5458459854125977,3.5766799449920654,3.4841790199279785,3.4841790199279785,590268
1985-08-27,1.3739427328109741,3.5458459854125977,3.5458459854125977,3.4841790199279785,3.5458459854125977,617430
1985-08-28,1.3858892917633057,3.5766799449920654,3.5766799449920654,3.5458459854125977,3.5458459854125977,1071483
1985-08-29,1.409784197807312,3.6383469104766846,3.6383469104766846,3.5458459854125977,3.5458459854125977,1017564
1985-08-30,1.409784197807312,3.6383469104766846,3.669179916381836,3.607512950897217,3.6383469104766846,879321
1985-09-03,1.3978368043899536,3.607512950897217,3.669179916381836,3.607512950897217,3.669179916381836,1190671
1985-09-04,1.3858892917633057,3.5766799449920654,3.6383469104766846,3.5150129795074463,3.607512950897217,1929317
1985-09-05,1.350046992301941,3.4841790199279785,3.5766799449920654,3.4841790199279785,3.5458459854125977,419593
1985-09-06,1.361994981765747,3.5150129795074463,3.5458459854125977,3.453346014022827,3.5150129795074463,1146077
1985-09-09,1.3948947191238403,3.5766799449920654,3.607512950897217,3.453346014022827,3.5766799449920654,719187
1985-09-10,1.3588197231292725,3.4841790199279785,3.607512950897217,3.4841790199279785,3.5766799449920654,416755
1985-09-11,1.3467952013015747,3.453346014022827,3.5150129795074463,3.453346014022827,3.5150129795074463,387161
1985-09-12,1.3347700834274292,3.422513008117676,3.4841790199279785,3.391679048538208,3.453346014022827,601214
1985-09-13,1.322745442390442,3.391679048538208,3.453346014022827,3.2375121116638184,3.422513008117676,702565
1985-09-16,1.298695683479309,3.330012083053589,3.422513008117676,3.330012083053589,3.3608460426330566,489323
1985-09-17,1.322745442390442,3.391679048538208,3.422513008117676,3.330012083053589,3.3608460426330566,1119320
1985-09-18,1.298695683479309,3.330012083053589,3.5150129795074463,3.330012083053589,3.391679048538208,560268
1985-09-19,1.3467952013015747,3.453346014022827,3.453346014022827,3.3608460426330566,3.3608460426330566,816889
1985-09-20,1.322745442390442,3.391679048538208,3.422513008117676,3.3608460426330566,3.422513008117676,638511
1985-09-23,1.3467952013015747,3.453346014022827,3.453346014022827,3.391679048538208,3.422513008117676,584592
1985-09-24,1.298695683479309,3.330012083053589,3.453346014022827,3.2991790771484375,3.453346014022827,1661345
1985-09-25,1.2505959272384644,3.2066779136657715,3.330012083053589,3.1450119018554688,3.2991790771484375,1706750
1985-09-26,1.2385703325271606,3.17584490776062,3.2066779136657715,3.114177942276001,3.17584490776062,1342292
1985-09-30,1.226546049118042,3.1450119018554688,3.17584490776062,3.114177942276001,3.114177942276001,1577021
1985-10-01,1.274645209312439,3.2683451175689697,3.2683451175689697,3.114177942276001,3.1450119018554688,1195131
1985-10-02,1.2145200967788696,3.114177942276001,3.2683451175689697,3.052510976791382,3.2683451175689697,3979039
1985-10-03,1.226546049118042,3.1450119018554688,3.1450119018554688,3.0833449363708496,3.114177942276001,2218370
1985-10-04,1.2024959325790405,3.0833449363708496,3.17584490776062,3.0833449363708496,3.1450119018554688,1090131
1985-10-07,1.226546049118042,3.1450119018554688,3.1450119018554688,3.0833449363708496,3.0833449363708496,1430265
1985-10-08,1.2626206874847412,3.2375121116638184,3.2375121116638184,3.1450119018554688,3.17584490776062,1426616
1985-10-09,1.2505959272384644,3.2066779136657715,3.2683451175689697,3.2066779136657715,3.2066779136657715,1104320
1985-10-10,1.2626206874847412,3.2375121116638184,3.2375121116638184,3.17584490776062,3.2066779136657715,589863
1985-10-11,1.3107210397720337,3.3608460426330566,3.3608460426330566,3.2375121116638184,3.2683451175689697,1504859
1985-10-14,1.322745442390442,3.391679048538208,3.391679048538208,3.330012083053589,3.3608460426330566,1497562
1985-10-15,1.298695683479309,3.330012083053589,3.391679048538208,3.2683451175689697,3.391679048538208,1086482
1985-10-16,1.298695683479309,3.330012083053589,3.3608460426330566,3.2991790771484375,3.330012083053589,897159
1985-10-17,1.298695683479309,3.330012083053589,3.3608460426330566,3.2991790771484375,3.3608460426330566,935267
1985-10-18,1.3107210397720337,3.3608460426330566,3.3608460426330566,3.330012083053589,3.3608460426330566,1016753
1985-10-21,1.3107210397720337,3.3608460426330566,3.3608460426330566,3.330012083053589,3.3608460426330566,651079
1985-10-22,1.298695683479309,3.330012083053589,3.3608460426330566,3.2991790771484375,3.3608460426330566,1009861
1985-10-23,1.286670207977295,3.2991790771484375,3.330012083053589,3.2991790771484375,3.2991790771484375,650268
1985-10-24,1.298695683479309,3.330012083053589,3.330012083053589,3.2683451175689697,3.330012083053589,853375
1985-10-25,1.2505959272384644,3.2066779136657715,3.2991790771484375,3.2066779136657715,3.2683451175689697,1080401
1985-10-28,1.2505959272384644,3.2066779136657715,3.2375121116638184,3.17584490776062,3.2375121116638184,921889
1985-10-29,1.2505959272384644,3.2066779136657715,3.2066779136657715,3.17584490776062,3.17584490776062,641754
1985-10-30,1.226546049118042,3.1450119018554688,3.2066779136657715,3.0833449363708496,3.2066779136657715,2164857
1985-10-31,1.2385703325271606,3.17584490776062,3.17584490776062,3.114177942276001,3.1450119018554688,1728642
1985-11-01,1.2385703325271606,3.17584490776062,3.17584490776062,3.1450119018554688,3.17584490776062,928780
1985-11-04,1.226546049118042,3.1450119018554688,3.17584490776062,3.114177942276001,3.1450119018554688,1700669
1985-11-05,1.286670207977295,3.2991790771484375,3.2991790771484375,3.114177942276001,3.1450119018554688,4694577
1985-11-06,1.274645209312439,3.2683451175689697,3.330012083053589,3.2066779136657715,3.2991790771484375,1375535
1985-11-07,1.2626206874847412,3.2375121116638184,3.2683451175689697,3.2066779136657715,3.2683451175689697,1971479
1985-11-08,1.2626206874847412,3.2375121116638184,3.2375121116638184,3.2066779136657715,3.2375121116638184,1709588
1985-11-11,1.2505959272384644,3.2066779136657715,3.2375121116638184,3.17584490776062,3.2375121116638184,1970668
1985-11-12,1.2505959272384644,3.2066779136657715,3.2066779136657715,3.17584490776062,3.2066779136657715,5391872
1985-11-13,1.274645209312439,3.2683451175689697,3.2991790771484375,3.17584490776062,3.2066779136657715,8035106
1985-11-14,1.3467952013015747,3.453346014022827,3.453346014022827,3.2375121116638184,3.2683451175689697,8095916
1985-11-15,1.3708449602127075,3.5150129795074463,3.5766799449920654,3.422513008117676,3.453346014022827,5513493
1985-11-18,1.3588197231292725,3.4841790199279785,3.5150129795074463,3.453346014022827,3.5150129795074463,3311339
1985-11-19,1.3347700834274292,3.422513008117676,3.4841790199279785,3.422513008117676,3.4841790199279785,4175660
1985-11-20,1.322745442390442,3.391679048538208,3.453346014022827,3.2991790771484375,3.453346014022827,4378362
1985-11-21,1.298695683479309,3.330012083053589,3.422513008117676,3.330012083053589,3.330012083053589,10889149
1985-11-22,1.3467952013015747,3.453346014022827,3.453346014022827,3.330012083053589,3.3608460426330566,22572890
1985-11-25,1.322745442390442,3.391679048538208,3.4841790199279785,3.330012083053589,3.453346014022827,20813437
1985-11-26,1.3467952013015747,3.453346014022827,3.5150129795074463,3.391679048538208,3.391679048538208,12113469
1985-11-27,1.4309700727462769,3.669179916381836,3.669179916381836,3.453346014022827,3.453346014022827,13309411
1985-11-29,1.4550200700759888,3.730846881866455,3.8233470916748047,3.700014114379883,3.700014114379883,8959427
1985-12-02,1.4189451932907104,3.6383469104766846,3.7616798877716064,3.453346014022827,3.730846881866455,10633745
1985-12-03,1.4429957866668701,3.700014114379883,3.700014114379883,3.5766799449920654,3.6383469104766846,4735118
1985-12-04,1.515145182609558,3.885014057159424,3.885014057159424,3.700014114379883,3.730846881866455,13925625
1985-12-05,1.4910943508148193,3.8233470916748047,3.9158480167388916,3.5150129795074463,3.885014057159424,5999978
1985-12-06,1.4910943508148193,3.8233470916748047,3.8541810512542725,3.7616798877716064,3.8233470916748047,4662145
1985-12-09,1.499997615814209,3.8233470916748047,3.8541810512542725,3.7616798877716064,3.8233470916748047,3416339
1985-12-10,1.5120948553085327,3.8541810512542725,3.8541810512542725,3.7925140857696533,3.8541810512542725,3325123
1985-12-11,1.536287784576416,3.9158480167388916,3.946681022644043,3.7925140857696533,3.8541810512542725,9393209
1985-12-12,1.548384428024292,3.946681022644043,3.946681022644043,3.8541810512542725,3.9158480167388916,5148630
1985-12-13,1.536287784576416,3.9158480167388916,3.946681022644043,3.730846881866455,3.9158480167388916,6283761
1985-12-16,1.548384428024292,3.946681022644043,3.946681022644043,3.8541810512542725,3.9158480167388916,4256741
1985-12-17,1.52419114112854,3.885014057159424,3.946681022644043,3.8233470916748047,3.946681022644043,3627554
1985-12-18,1.4879003763198853,3.7925140857696533,3.9158480167388916,3.7616798877716064,3.8541810512542725,4581064
1985-12-19,1.4516112804412842,3.700014114379883,3.7616798877716064,3.5150129795074463,3.700014114379883,8797265
1985-12-20,1.4516112804412842,3.700014114379883,3.730846881866455,3.6383469104766846,3.669179916381836,3291474
1985-12-23,1.4516112804412842,3.700014114379883,3.730846881866455,3.6383469104766846,3.730846881866455,5112143
1985-12-24,1.4637078046798706,3.730846881866455,3.730846881866455,3.669179916381836,3.700014114379883,1353238
1985-12-26,1.4637078046798706,3.730846881866455,3.7616798877716064,3.669179916381836,3.730846881866455,1620805
1985-12-27,1.52419114112854,3.885014057159424,3.885014057159424,3.669179916381836,3.730846881866455,3231069
1985-12-30,1.499997615814209,3.8233470916748047,3.885014057159424,3.7925140857696533,3.8541810512542725,2050533
1985-12-31,1.52419114112854,3.885014057159424,3.885014057159424,3.8233470916748047,3.8541810512542725,2547964
1986-01-02,1.499997615814209,3.8233470916748047,3.885014057159424,3.8233470916748047,3.8541810512542725,2728774
1986-01-03,1.5120948553085327,3.8541810512542725,3.8541810512542725,3.8233470916748047,3.8541810512542725,2031884
1986-01-06,1.5120948553085327,3.8541810512542725,3.8541810512542725,3.7925140857696533,3.8541810512542725,2716612
1986-01-07,1.5604826211929321,3.9775149822235107,4.008347988128662,3.8233470916748047,3.8541810512542725,7390513
1986-01-08,1.5120948553085327,3.8541810512542725,4.008347988128662,3.8541810512542725,4.008347988128662,4418903
1986-01-09,1.536287784576416,3.9158480167388916,3.9158480167388916,3.8233470916748047,3.8233470916748047,4216201
1986-01-10,1.5604826211929321,3.9775149822235107,4.008347988128662,3.9158480167388916,3.9775149822235107,4418903
1986-01-13,1.5846753120422363,4.039181232452393,4.039181232452393,3.946681022644043,4.008347988128662,3370528
1986-01-14,1.5725780725479126,4.008347988128662,4.070014953613281,3.9775149822235107,4.039181232452393,2617288
1986-01-15,1.5725780725479126,4.008347988128662,4.039181232452393,3.9775149822235107,3.9775149822235107,2343640
1986-01-16,1.5846753120422363,4.039181232452393,4.070014953613281,3.9775149822235107,4.039181232452393,1880669
1986-01-17,1.5604826211929321,3.9775149822235107,4.070014953613281,3.9775149822235107,4.070014953613281,3987958
1986-01-20,1.548384428024292,3.946681022644043,3.9775149822235107,3.9158480167388916,3.9775149822235107,1842155
1986-01-21,1.5604826211929321,3.9775149822235107,3.9775149822235107,3.9158480167388916,3.946681022644043,1489859
1986-01-22,1.548384428024292,3.946681022644043,3.9775149822235107,3.9158480167388916,3.9158480167388916,1522292
1986-01-23,1.5604826211929321,3.9775149822235107,3.9775149822235107,3.9158480167388916,3.9158480167388916,1622021
1986-01-24,1.5604826211929321,3.9775149822235107,3.9775149822235107,3.9158480167388916,3.9775149822235107,1833642
1986-01-27,1.5604826211929321,3.9775149822235107,3.9775149822235107,3.9158480167388916,3.9775149822235107,1540535
1986-01-28,1.548384428024292,3.946681022644043,3.9775149822235107,3.885014057159424,3.946681022644043,2102425
1986-01-29,1.5604826211929321,3.9775149822235107,4.008347988128662,3.9158480167388916,3.946681022644043,4025661
1986-01-30,1.548384428024292,3.946681022644043,3.9775149822235107,3.9158480167388916,3.9775149822235107,2203776
1986-01-31,1.548384428024292,3.946681022644043,3.9775149822235107,3.9158480167388916,3.946681022644043,2682963
1986-02-03,1.548384428024292,3.946681022644043,3.946681022644043,3.9158480167388916,3.9158480167388916,1390130
1986-02-04,1.536287784576416,3.9158480167388916,3.946681022644043,3.8541810512542725,3.946681022644043,2934314
1986-02-05,1.499997615814209,3.8233470916748047,3.9158480167388916,3.7925140857696533,3.9158480167388916,3047827
1986-02-06,1.499997615814209,3.8233470916748047,3.8233470916748047,3.7616798877716064,3.7925140857696533,2609180
1986-02-07,1.4879003763198853,3.7925140857696533,3.8233470916748047,3.730846881866455,3.7925140857696533,1717696
1986-02-10,1.4879003763198853,3.7925140857696533,3.885014057159424,3.7616798877716064,3.7616798877716064,2191208
1986-02-11,1.5120948553085327,3.8541810512542725,3.8541810512542725,3.7616798877716064,3.8233470916748047,2129181
1986-02-12,1.4758037328720093,3.7616798877716064,3.8541810512542725,3.7616798877716064,3.8541810512542725,2169722
1986-02-13,1.499997615814209,3.8233470916748047,3.8541810512542725,3.7925140857696533,3.8233470916748047,3415528
1986-02-14,1.536287784576416,3.9158480167388916,3.9158480167388916,3.8233470916748047,3.885014057159424,2734044
1986-02-18,1.548384428024292,3.946681022644043,3.946681022644043,3.9158480167388916,3.946681022644043,3130934
1986-02-19,1.6330621242523193,4.162515163421631,4.162515163421631,3.946681022644043,3.946681022644043,8193213
1986-02-20,1.7419325113296509,4.44001579284668,4.501683235168457,4.22418212890625,4.316682815551758,8006727
1986-02-21,1.705642580986023,4.347516059875488,4.532516956329346,4.316682815551758,4.470849990844727,6810786
1986-02-24,1.7177386283874512,4.3783488273620605,4.3783488273620605,4.255015850067139,4.3783488273620605,3501879
1986-02-25,1.7419325113296509,4.44001579284668,4.44001579284668,4.347516059875488,4.3783488273620605,2656206
1986-02-26,1.705642580986023,4.347516059875488,4.44001579284668,4.316682815551758,4.409183025360107,2625396
1986-02-27,1.7177386283874512,4.3783488273620605,4.409183025360107,4.316682815551758,4.409183025360107,2330667
1986-02-28,1.7298359870910645,4.409183025360107,4.44001579284668,4.316682815551758,4.3783488273620605,3065664
1986-03-03,1.7177386283874512,4.3783488273620605,4.44001579284668,4.316682815551758,4.409183025360107,2358235
1986-03-04,1.68144953250885,4.285849094390869,4.3783488273620605,4.255015850067139,4.347516059875488,1662967
1986-03-05,1.6572552919387817,4.22418212890625,4.255015850067139,4.162515163421631,4.22418212890625,2205803
1986-03-06,1.6935466527938843,4.316682815551758,4.316682815551758,4.22418212890625,4.255015850067139,2417829
1986-03-07,1.705642580986023,4.347516059875488,4.3783488273620605,4.285849094390869,4.316682815551758,1949993
1986-03-10,1.7298359870910645,4.409183025360107,4.409183025360107,4.285849094390869,4.316682815551758,3368501
1986-03-11,1.739567756652832,4.409183025360107,4.409183025360107,4.316682815551758,4.409183025360107,4702685
1986-03-12,1.7517324686050415,4.44001579284668,4.501683235168457,4.3783488273620605,4.409183025360107,7086460
1986-03-13,1.812557339668274,4.594183921813965,4.594183921813965,4.409183025360107,4.470849990844727,4175660
1986-03-14,1.8733811378479004,4.748351097106934,4.810018062591553,4.594183921813965,4.625017166137695,4945928
1986-03-17,1.8368860483169556,4.655849933624268,4.748351097106934,4.625017166137695,4.6866841316223145,2459586
1986-03-18,1.8733811378479004,4.748351097106934,4.748351097106934,4.655849933624268,4.655849933624268,2691477
1986-03-19,1.897711157798767,4.810018062591553,4.840850830078125,4.717516899108887,4.748351097106934,4581064
1986-03-20,1.8733811378479004,4.748351097106934,4.871685028076172,4.717516899108887,4.840850830078125,3395663
1986-03-21,1.8368860483169556,4.655849933624268,4.810018062591553,4.563350200653076,4.779183864593506,3798229
1986-03-24,1.8490514755249023,4.6866841316223145,4.717516899108887,4.625017166137695,4.6866841316223145,3099313
1986-03-25,1.8490514755249023,4.6866841316223145,4.6866841316223145,4.625017166137695,4.655849933624268,1834858
1986-03-26,1.8003920316696167,4.563350200653076,4.6866841316223145,4.563350200653076,4.6866841316223145,2185127
1986-03-27,1.8003920316696167,4.563350200653076,4.594183921813965,4.532516956329346,4.594183921813965,2173776
1986-03-31,1.7638975381851196,4.470849990844727,4.594183921813965,4.470849990844727,4.563350200653076,1485805
1986-04-01,1.7638975381851196,4.470849990844727,4.532516956329346,4.44001579284668,4.470849990844727,4864847
1986-04-02,1.8003920316696167,4.563350200653076,4.563350200653076,4.44001579284668,4.470849990844727,3532690
1986-04-03,1.8003920316696167,4.563350200653076,4.6866841316223145,4.532516956329346,4.594183921813965,4378362
1986-04-04,1.776061773300171,4.501683235168457,4.625017166137695,4.470849990844727,4.563350200653076,2366748
1986-04-07,1.812557339668274,4.594183921813965,4.594183921813965,4.501683235168457,4.501683235168457,1961750
1986-04-08,1.8247207403182983,4.625017166137695,4.655849933624268,4.594183921813965,4.655849933624268,2685396
1986-04-09,1.8368860483169556,4.655849933624268,4.748351097106934,4.625017166137695,4.6866841316223145,2881611
1986-04-10,1.8368860483169556,4.655849933624268,4.717516899108887,4.563350200653076,4.6866841316223145,1718507
1986-04-11,1.8247207403182983,4.625017166137695,4.655849933624268,4.563350200653076,4.625017166137695,1195131
1986-04-14,1.8490514755249023,4.6866841316223145,4.6866841316223145,4.625017166137695,4.655849933624268,1382022
1986-04-15,1.8247207403182983,4.625017166137695,4.6866841316223145,4.594183921813965,4.6866841316223145,1131077
1986-04-16,1.9098745584487915,4.840850830078125,4.840850830078125,4.594183921813965,4.594183921813965,4256741
1986-04-17,1.897711157798767,4.810018062591553,4.871685028076172,4.779183864593506,4.840850830078125,4864847
1986-04-18,1.8733811378479004,4.748351097106934,4.810018062591553,4.625017166137695,4.779183864593506,1154590
1986-04-21,1.897711157798767,4.810018062591553,4.871685028076172,4.748351097106934,4.779183864593506,1636210
1986-04-22,1.8855456113815308,4.779183864593506,4.871685028076172,4.748351097106934,4.840850830078125,2009587
1986-04-23,1.812557339668274,4.594183921813965,4.748351097106934,4.501683235168457,4.748351097106934,3021881
1986-04-24,1.8490514755249023,4.6866841316223145,4.748351097106934,4.625017166137695,4.625017166137695,2121884
1986-04-25,1.8855456113815308,4.779183864593506,4.810018062591553,4.717516899108887,4.748351097106934,1648778
1986-04-28,1.8490514755249023,4.6866841316223145,4.779183864593506,4.625017166137695,4.779183864593506,1131482
1986-04-29,1.8368860483169556,4.655849933624268,4.748351097106934,4.563350200653076,4.748351097106934,1176482
1986-04-30,1.8247207403182983,4.625017166137695,4.655849933624268,4.563350200653076,4.625017166137695,2653774
1986-05-01,1.812557339668274,4.594183921813965,4.625017166137695,4.501683235168457,4.625017166137695,1472832
1986-05-02,1.8003920316696167,4.563350200653076,4.655849933624268,4.501683235168457,4.625017166137695,1833237
1986-05-05,1.8247207403182983,4.625017166137695,4.655849933624268,4.470849990844727,4.501683235168457,1567292
1986-05-06,1.8368860483169556,4.655849933624268,4.6866841316223145,4.594183921813965,4.625017166137695,2101614
1986-05-07,1.8490514755249023,4.6866841316223145,4.6866841316223145,4.594183921813965,4.625017166137695,1395400
1986-05-08,1.8490514755249023,4.6866841316223145,4.779183864593506,4.655849933624268,4.6866841316223145,2567018
1986-05-09,1.8733811378479004,4.748351097106934,4.748351097106934,4.655849933624268,4.717516899108887,1443643
1986-05-12,1.9098745584487915,4.840850830078125,4.840850830078125,4.717516899108887,4.748351097106934,2457559
1986-05-13,1.970699667930603,4.995018005371094,5.025852203369141,4.810018062591553,4.840850830078125,7690512
1986-05-14,1.982864260673523,5.025852203369141,5.08751916885376,4.9641852378845215,5.025852203369141,5817546
1986-05-15,1.9342039823532104,4.902517795562744,5.025852203369141,4.871685028076172,5.025852203369141,2404856
1986-05-16,1.8733811378479004,4.748351097106934,4.902517795562744,4.748351097106934,4.871685028076172,2474180
1986-05-19,1.8490514755249023,4.6866841316223145,4.779183864593506,4.655849933624268,4.748351097106934,1748913
1986-05-20,1.897711157798767,4.810018062591553,4.871685028076172,4.655849933624268,4.6866841316223145,2145803
1986-05-21,1.8855456113815308,4.779183864593506,4.871685028076172,4.779183864593506,4.840850830078125,2079722
1986-05-22,1.9585342407226562,4.9641852378845215,5.025852203369141,4.748351097106934,4.779183864593506,3396474
1986-05-23,1.982864260673523,5.025852203369141,5.08751916885376,4.748351097106934,4.995018005371094,2892557
1986-05-27,2.0193588733673096,5.118351936340332,5.118351936340332,4.9641852378845215,5.08751916885376,3298366
1986-05-28,2.0558533668518066,5.210852146148682,5.24168586730957,5.118351936340332,5.180018901824951,7613486
1986-05-29,2.0315239429473877,5.149186134338379,5.180018901824951,5.08751916885376,5.180018901824951,2363099
1986-05-30,1.970699667930603,4.995018005371094,5.180018901824951,4.9641852378845215,5.118351936340332,3215664
1986-06-02,1.9342039823532104,4.902517795562744,4.995018005371094,4.902517795562744,4.933351039886475,2198911
1986-06-03,1.9463690519332886,4.933351039886475,4.9641852378845215,4.840850830078125,4.933351039886475,1900128
1986-06-04,1.970699667930603,4.995018005371094,5.118351936340332,4.902517795562744,5.025852203369141,2237019
1986-06-05,1.9950286149978638,5.056684970855713,5.056684970855713,4.9641852378845215,4.995018005371094,1787426
1986-06-06,1.982864260673523,5.025852203369141,5.118351936340332,5.025852203369141,5.056684970855713,1509724
1986-06-09,1.9098745584487915,4.840850830078125,5.025852203369141,4.840850830078125,4.995018005371094,2023371
1986-06-10,1.9074305295944214,4.810018062591553,4.840850830078125,4.717516899108887,4.810018062591553,2303100
1986-06-11,1.9196566343307495,4.840850830078125,4.840850830078125,4.748351097106934,4.810018062591553,1304184
1986-06-12,1.9074305295944214,4.810018062591553,4.840850830078125,4.748351097106934,4.810018062591553,985942
1986-06-13,1.9563376903533936,4.933351039886475,4.995018005371094,4.779183864593506,4.810018062591553,2568234
1986-06-16,1.9563376903533936,4.933351039886475,5.025852203369141,4.902517795562744,4.995018005371094,1606616
1986-06-17,1.9563376903533936,4.933351039886475,4.933351039886475,4.871685028076172,4.933351039886475,1551886
1986-06-18,1.9318853616714478,4.871685028076172,4.902517795562744,4.840850830078125,4.871685028076172,1339860
1986-06-19,1.895202875137329,4.779183864593506,4.871685028076172,4.779183864593506,4.840850830078125,1758237
1986-06-20,1.8829765319824219,4.748351097106934,4.779183864593506,4.717516899108887,4.779183864593506,2166073
1986-06-23,1.8340659141540527,4.625017166137695,4.748351097106934,4.594183921813965,4.748351097106934,3784040
1986-06-24,1.8585219383239746,4.6866841316223145,4.748351097106934,4.625017166137695,4.655849933624268,2177424
1986-06-25,1.8707480430603027,4.717516899108887,4.779183864593506,4.6866841316223145,4.6866841316223145,2392289
1986-06-26,1.8707480430603027,4.717516899108887,4.748351097106934,4.655849933624268,4.717516899108887,1205671
1986-06-27,1.8462942838668823,4.655849933624268,4.748351097106934,4.625017166137695,4.717516899108887,1484589
1986-06-30,1.8462942838668823,4.655849933624268,4.655849933624268,4.625017166137695,4.655849933624268,8995913
1986-07-01,1.8096132278442383,4.563350200653076,4.655849933624268,4.501683235168457,4.594183921813965,2961070
1986-07-02,1.8340659141540527,4.625017166137695,4.625017166137695,4.409183025360107,4.563350200653076,3867148
1986-07-03,1.8096132278442383,4.563350200653076,4.625017166137695,4.532516956329346,4.625017166137695,1745669
1986-07-07,1.7240231037139893,4.347516059875488,4.625017166137695,4.347516059875488,4.563350200653076,3280934
1986-07-08,1.711796760559082,4.316682815551758,4.347516059875488,4.100848197937012,4.285849094390869,6158086
1986-07-09,1.748477816581726,4.409183025360107,4.470849990844727,4.347516059875488,4.3783488273620605,5229711
1986-07-10,1.772931456565857,4.470849990844727,4.501683235168457,4.3783488273620605,4.409183025360107,2512693
1986-07-11,1.748477816581726,4.409183025360107,4.501683235168457,4.409183025360107,4.470849990844727,1292428
1986-07-14,1.748477816581726,4.409183025360107,4.470849990844727,4.316682815551758,4.409183025360107,2092695
1986-07-15,1.748477816581726,4.409183025360107,4.44001579284668,4.347516059875488,4.3783488273620605,2723909
1986-07-16,1.7607040405273438,4.44001579284668,4.470849990844727,4.3783488273620605,4.3783488273620605,4054039
1986-07-17,1.772931456565857,4.470849990844727,4.501683235168457,4.44001579284668,4.44001579284668,1260806
1986-07-18,1.7851589918136597,4.501683235168457,4.501683235168457,4.409183025360107,4.501683235168457,2128371
1986-07-21,1.7607040405273438,4.44001579284668,4.501683235168457,4.44001579284668,4.470849990844727,650673
1986-07-22,1.772931456565857,4.470849990844727,4.501683235168457,4.44001579284668,4.470849990844727,1242563
1986-07-23,1.7851589918136597,4.501683235168457,4.532516956329346,4.501683235168457,4.532516956329346,1836480
1986-07-24,1.748477816581726,4.409183025360107,4.532516956329346,4.3783488273620605,4.501683235168457,5047279
1986-07-25,1.7851589918136597,4.501683235168457,4.501683235168457,4.3783488273620605,4.409183025360107,1967831
1986-07-28,1.772931456565857,4.470849990844727,4.563350200653076,4.409183025360107,4.501683235168457,1424184
1986-07-29,1.7607040405273438,4.44001579284668,4.501683235168457,4.44001579284668,4.470849990844727,1129455
1986-07-30,1.7973850965499878,4.532516956329346,4.563350200653076,4.3783488273620605,4.470849990844727,1811345
1986-07-31,1.7851589918136597,4.501683235168457,4.532516956329346,4.470849990844727,4.501683235168457,953915
1986-08-01,1.8340659141540527,4.625017166137695,4.625017166137695,4.470849990844727,4.470849990844727,2437694
1986-08-04,1.8462942838668823,4.655849933624268,4.779183864593506,4.563350200653076,4.594183921813965,2698774
1986-08-05,1.8462942838668823,4.655849933624268,4.748351097106934,4.655849933624268,4.6866841316223145,1646751
1986-08-06,1.9074305295944214,4.810018062591553,4.810018062591553,4.532516956329346,4.6866841316223145,2609990
1986-08-07,1.895202875137329,4.779183864593506,4.840850830078125,4.563350200653076,4.779183864593506,2112154
1986-08-08,1.8585219383239746,4.6866841316223145,4.840850830078125,4.655849933624268,4.779183864593506,4718902
1986-08-11,1.8829765319824219,4.748351097106934,4.748351097106934,4.594183921813965,4.6866841316223145,6510787
1986-08-12,1.8707480430603027,4.717516899108887,4.748351097106934,4.6866841316223145,4.748351097106934,3831472
1986-08-13,1.8585219383239746,4.6866841316223145,4.717516899108887,4.470849990844727,4.717516899108887,2420667
1986-08-14,1.8462942838668823,4.655849933624268,4.6866841316223145,4.625017166137695,4.6866841316223145,1709183
1986-08-15,1.8218402862548828,4.594183921813965,4.6866841316223145,4.532516956329346,4.655849933624268,1428238
1986-08-18,1.7973850965499878,4.532516956329346,4.594183921813965,4.501683235168457,4.563350200653076,1784588
1986-08-19,1.7607040405273438,4.44001579284668,4.563350200653076,4.409183025360107,4.563350200653076,2769720
1986-08-20,1.772931456565857,4.470849990844727,4.532516956329346,4.44001579284668,4.44001579284668,2205803
1986-08-21,1.7973850965499878,4.532516956329346,4.532516956329346,4.470849990844727,4.501683235168457,1881480
1986-08-22,1.7607040405273438,4.44001579284668,4.532516956329346,4.44001579284668,4.501683235168457,2361072
1986-08-25,1.748477816581726,4.409183025360107,4.470849990844727,4.3783488273620605,4.44001579284668,2201749
1986-08-26,1.7973850965499878,4.532516956329346,4.563350200653076,4.409183025360107,4.409183025360107,1192293
1986-08-27,1.7607040405273438,4.44001579284668,4.625017166137695,4.44001579284668,4.625017166137695,2056614
1986-08-28,1.7240231037139893,4.347516059875488,4.44001579284668,4.347516059875488,4.44001579284668,2324586
1986-08-29,1.7240231037139893,4.347516059875488,4.44001579284668,4.316682815551758,4.409183025360107,1579454
1986-09-02,1.748477816581726,4.409183025360107,4.470849990844727,4.347516059875488,4.347516059875488,2793233
1986-09-03,1.7240231037139893,4.347516059875488,4.409183025360107,4.22418212890625,4.3783488273620605,3250123
1986-09-04,1.772931456565857,4.470849990844727,4.501683235168457,4.347516059875488,4.347516059875488,2586477
1986-09-05,1.7607040405273438,4.44001579284668,4.532516956329346,4.347516059875488,4.501683235168457,1812156
1986-09-08,1.7240231037139893,4.347516059875488,4.409183025360107,4.316682815551758,4.3783488273620605,2644855
1986-09-09,1.696968913078308,4.255015850067139,4.409183025360107,4.1933488845825195,4.255015850067139,2926205
1986-09-10,1.6846734285354614,4.22418212890625,4.285849094390869,4.22418212890625,4.285849094390869,2598639
1986-09-11,1.610891580581665,4.039181232452393,4.162515163421631,4.008347988128662,4.162515163421631,3215258
1986-09-12,1.5862982273101807,3.9775149822235107,4.008347988128662,3.7925140857696533,3.9775149822235107,7945917
1986-09-15,1.5740010738372803,3.946681022644043,4.039181232452393,3.9158480167388916,4.008347988128662,1762291
1986-09-16,1.5494074821472168,3.885014057159424,3.946681022644043,3.8233470916748047,3.946681022644043,1481751
1986-09-17,1.5494074821472168,3.885014057159424,3.9775149822235107,3.8541810512542725,3.946681022644043,2006344
1986-09-18,1.5371109247207642,3.8541810512542725,3.946681022644043,3.8233470916748047,3.8541810512542725,1339860
1986-09-19,1.5617040395736694,3.9158480167388916,3.9158480167388916,3.8233470916748047,3.885014057159424,1886750
1986-09-22,1.5617040395736694,3.9158480167388916,3.946681022644043,3.8541810512542725,3.9158480167388916,1199996
1986-09-23,1.5494074821472168,3.885014057159424,3.9158480167388916,3.8541810512542725,3.9158480167388916,2137289
1986-09-24,1.5862982273101807,3.9775149822235107,4.039181232452393,3.885014057159424,3.9158480167388916,1770804
1986-09-25,1.5494074821472168,3.885014057159424,4.039181232452393,3.8541810512542725,3.9775149822235107,1731480
1986-09-26,1.5248137712478638,3.8233470916748047,3.9158480167388916,3.8233470916748047,3.9158480167388916,3238366
1986-09-29,1.5371109247207642,3.8541810512542725,3.885014057159424,3.8233470916748047,3.885014057159424,2914854
1986-09-30,1.5617040395736694,3.9158480167388916,3.9775149822235107,3.8541810512542725,3.8541810512542725,1180131
1986-10-01,1.623188853263855,4.070014953613281,4.1316819190979,3.9158480167388916,3.946681022644043,1933777
1986-10-02,1.598595142364502,4.008347988128662,4.100848197937012,3.9775149822235107,4.100848197937012,685133
1986-10-03,1.598595142364502,4.008347988128662,4.070014953613281,3.946681022644043,4.039181232452393,1099050
1986-10-06,1.5862982273101807,3.9775149822235107,4.070014953613281,3.9775149822235107,4.008347988128662,1313103
1986-10-07,1.5617040395736694,3.9158480167388916,4.008347988128662,3.885014057159424,3.9775149822235107,938915
1986-10-08,1.5740010738372803,3.946681022644043,4.008347988128662,3.885014057159424,3.885014057159424,908510
1986-10-09,1.623188853263855,4.070014953613281,4.100848197937012,3.9775149822235107,4.008347988128662,1193104
1986-10-10,1.598595142364502,4.008347988128662,4.070014953613281,4.008347988128662,4.070014953613281,640944
1986-10-13,1.598595142364502,4.008347988128662,4.039181232452393,3.946681022644043,4.039181232452393,321891
1986-10-14,1.6846734285354614,4.22418212890625,4.285849094390869,4.162515163421631,4.1933488845825195,3900391
1986-10-15,1.8076417446136475,4.532516956329346,4.563350200653076,4.22418212890625,4.316682815551758,8067538
1986-10-16,1.7830480337142944,4.470849990844727,4.563350200653076,4.409183025360107,4.563350200653076,4094580
1986-10-17,1.7707512378692627,4.44001579284668,4.44001579284668,4.3783488273620605,4.409183025360107,1401887
1986-10-20,1.7338608503341675,4.347516059875488,4.3783488273620605,4.316682815551758,4.3783488273620605,1466751
1986-10-21,1.7092671394348145,4.285849094390869,4.409183025360107,4.22418212890625,4.347516059875488,1698237
1986-10-22,1.721563458442688,4.316682815551758,4.347516059875488,4.255015850067139,4.255015850067139,2099587
1986-10-23,1.7830480337142944,4.470849990844727,4.563350200653076,4.285849094390869,4.285849094390869,4297282
1986-10-24,1.7953453063964844,4.501683235168457,4.563350200653076,4.470849990844727,4.532516956329346,3048637
1986-10-27,1.8322354555130005,4.594183921813965,4.625017166137695,4.470849990844727,4.501683235168457,2082155
1986-10-28,1.8076417446136475,4.532516956329346,4.594183921813965,4.501683235168457,4.594183921813965,1868101
1986-10-29,1.8445334434509277,4.625017166137695,4.655849933624268,4.532516956329346,4.532516956329346,1776480
1986-10-30,1.8568295240402222,4.655849933624268,4.717516899108887,4.594183921813965,4.6866841316223145,3257015
1986-10-31,1.8568295240402222,4.655849933624268,4.655849933624268,4.594183921813965,4.594183921813965,1319995
1986-11-03,1.8568295240402222,4.655849933624268,4.655849933624268,4.563350200653076,4.625017166137695,1352022
1986-11-04,1.8322354555130005,4.594183921813965,4.655849933624268,4.563350200653076,4.594183921813965,1982020
1986-11-05,1.7830480337142944,4.470849990844727,4.625017166137695,4.470849990844727,4.532516956329346,1737561
1986-11-06,1.7953453063964844,4.501683235168457,4.532516956329346,4.44001579284668,4.470849990844727,1444049
1986-11-07,1.8322354555130005,4.594183921813965,4.625017166137695,4.470849990844727,4.501683235168457,1397427
1986-11-10,1.8322354555130005,4.594183921813965,4.594183921813965,4.501683235168457,4.563350200653076,1133915
1986-11-11,1.8322354555130005,4.594183921813965,4.594183921813965,4.532516956329346,4.563350200653076,929186
1986-11-12,1.8199390172958374,4.563350200653076,4.625017166137695,4.532516956329346,4.563350200653076,1324860
1986-11-13,1.8199390172958374,4.563350200653076,4.594183921813965,4.501683235168457,4.563350200653076,1446887
1986-11-14,1.8322354555130005,4.594183921813965,4.594183921813965,4.501683235168457,4.532516956329346,1253914
1986-11-17,1.7830480337142944,4.470849990844727,4.532516956329346,4.44001579284668,4.470849990844727,863510
1986-11-18,1.7707512378692627,4.44001579284668,4.532516956329346,4.285849094390869,4.501683235168457,2151884
1986-11-19,1.7461577653884888,4.3783488273620605,4.409183025360107,4.285849094390869,4.347516059875488,1426211
1986-11-20,1.7707512378692627,4.44001579284668,4.44001579284668,4.347516059875488,4.3783488273620605,1742426
1986-11-21,1.7461577653884888,4.3783488273620605,4.470849990844727,4.347516059875488,4.44001579284668,2734449
1986-11-24,1.7707512378692627,4.44001579284668,4.44001579284668,4.3783488273620605,4.409183025360107,1188239
1986-11-25,1.8076417446136475,4.532516956329346,4.594183921813965,4.3783488273620605,4.409183025360107,1578643
1986-11-26,1.8076417446136475,4.532516956329346,4.563350200653076,4.470849990844727,4.470849990844727,1540535
1986-11-28,1.8199390172958374,4.563350200653076,4.563350200653076,4.501683235168457,4.563350200653076,1043915
1986-12-01,1.8445334434509277,4.625017166137695,4.625017166137695,4.501683235168457,4.594183921813965,2404451
1986-12-02,1.8937203884124756,4.748351097106934,4.779183864593506,4.625017166137695,4.625017166137695,5635114
1986-12-03,1.9429078102111816,4.871685028076172,4.9641852378845215,4.717516899108887,4.810018062591553,8391861
1986-12-04,1.9920951128005981,4.995018005371094,5.08751916885376,4.933351039886475,4.995018005371094,8918886
1986-12-05,1.9675010442733765,4.933351039886475,5.025852203369141,4.902517795562744,5.025852203369141,4216201
1986-12-08,1.9797985553741455,4.9641852378845215,5.056684970855713,4.810018062591553,4.9641852378845215,4297282
1986-12-09,2.0020437240600586,4.995018005371094,5.025852203369141,4.933351039886475,4.995018005371094,4499983
1986-12-10,2.0267598628997803,5.056684970855713,5.08751916885376,4.995018005371094,5.025852203369141,3826608
1986-12-11,1.9526102542877197,4.871685028076172,5.025852203369141,4.871685028076172,5.025852203369141,3042962
1986-12-12,1.9773269891738892,4.933351039886475,4.933351039886475,4.810018062591553,4.871685028076172,3243231
1986-12-15,2.0020437240600586,4.995018005371094,5.025852203369141,4.902517795562744,4.902517795562744,5270251
1986-12-16,2.0267598628997803,5.056684970855713,5.056684970855713,4.995018005371094,5.025852203369141,4094580
1986-12-17,1.9773269891738892,4.933351039886475,5.056684970855713,4.933351039886475,4.995018005371094,2607963
1986-12-18,1.964969515800476,4.902517795562744,4.9641852378845215,4.840850830078125,4.933351039886475,1811750
1986-12-19,1.9773269891738892,4.933351039886475,4.933351039886475,4.779183864593506,4.871685028076172,4621605
1986-12-22,1.964969515800476,4.902517795562744,4.933351039886475,4.840850830078125,4.871685028076172,2437288
1986-12-23,1.9526102542877197,4.871685028076172,4.933351039886475,4.871685028076172,4.902517795562744,2796882
1986-12-24,1.9402520656585693,4.840850830078125,4.902517795562744,4.840850830078125,4.871685028076172,758916
1986-12-26,1.9402520656585693,4.840850830078125,4.902517795562744,4.840850830078125,4.871685028076172,340134
1986-12-29,1.9402520656585693,4.840850830078125,4.902517795562744,4.810018062591553,4.871685028076172,1677967
1986-12-30,1.9526102542877197,4.871685028076172,4.902517795562744,4.810018062591553,4.871685028076172,2400802
1986-12-31,1.903178095817566,4.748351097106934,4.871685028076172,4.717516899108887,4.840850830078125,1949182
1987-01-02,1.8784606456756592,4.6866841316223145,4.933351039886475,4.6866841316223145,4.810018062591553,1213779
1987-01-05,2.014402389526367,5.025852203369141,5.056684970855713,4.933351039886475,4.933351039886475,4499983
1987-01-06,2.0638351440429688,5.149186134338379,5.210852146148682,5.025852203369141,5.056684970855713,8148619
1987-01-07,2.076192617416382,5.180018901824951,5.210852146148682,5.118351936340332,5.180018901824951,2278370
1987-01-08,2.1256263256073,5.3033528327941895,5.3033528327941895,5.149186134338379,5.180018901824951,3731338
1987-01-09,2.187418222427368,5.457520008087158,5.519186973571777,5.24168586730957,5.272519111633301,5554034
1987-01-12,2.150343656539917,5.365019798278809,5.457520008087158,5.272519111633301,5.426686763763428,3560663
1987-01-13,2.1997766494750977,5.4883527755737305,5.4883527755737305,5.3033528327941895,5.33418607711792,3814445
1987-01-14,2.2492103576660156,5.611687183380127,5.673354148864746,5.457520008087158,5.4883527755737305,6202680
1987-01-15,2.175058364868164,5.426686763763428,5.642520904541016,5.395853042602539,5.5808539390563965,6567543
1987-01-16,2.150343656539917,5.365019798278809,5.4883527755737305,5.180018901824951,5.365019798278809,4824307
1987-01-19,2.2244906425476074,5.550020217895508,5.550020217895508,5.3033528327941895,5.365019798278809,2893368
1987-01-20,2.1997766494750977,5.4883527755737305,5.5808539390563965,5.426686763763428,5.550020217895508,3459717
1987-01-21,2.187418222427368,5.457520008087158,5.519186973571777,5.395853042602539,5.426686763763428,2118235
1987-01-22,2.187418222427368,5.457520008087158,5.4883527755737305,5.395853042602539,5.426686763763428,2680125
1987-01-23,2.212135076522827,5.519186973571777,5.7658538818359375,5.426686763763428,5.457520008087158,9608073
1987-01-26,2.1997766494750977,5.4883527755737305,5.550020217895508,5.395853042602539,5.426686763763428,1800804
1987-01-27,2.2615671157836914,5.642520904541016,5.673354148864746,5.457520008087158,5.457520008087158,2364316
1987-01-28,2.273926258087158,5.673354148864746,5.704187870025635,5.550020217895508,5.673354148864746,2496883
1987-01-29,2.2615671157836914,5.642520904541016,5.704187870025635,5.611687183380127,5.642520904541016,3119178
1987-01-30,2.2615671157836914,5.642520904541016,5.673354148864746,5.519186973571777,5.642520904541016,1756210
1987-02-02,2.286285400390625,5.704187870025635,5.7658538818359375,5.642520904541016,5.642520904541016,2012425
1987-02-03,2.2615671157836914,5.642520904541016,5.735021114349365,5.642520904541016,5.704187870025635,1557562
1987-02-04,2.335716724395752,5.827520847320557,5.827520847320557,5.673354148864746,5.673354148864746,4418903
1987-02-05,2.323359727859497,5.796688079833984,5.889187812805176,5.673354148864746,5.889187812805176,4905387
1987-02-06,2.372791290283203,5.920022010803223,5.920022010803223,5.827520847320557,5.8583550453186035,2878773
1987-02-09,2.3110005855560303,5.7658538818359375,5.889187812805176,5.7658538818359375,5.8583550453186035,2121884
1987-02-10,2.298642635345459,5.735021114349365,5.8583550453186035,5.673354148864746,5.735021114349365,2777017
1987-02-11,2.372791290283203,5.920022010803223,6.012522220611572,5.704187870025635,5.735021114349365,4094580
1987-02-12,2.4469423294067383,6.105021953582764,6.19752311706543,5.981688976287842,6.043355941772461,5675655
1987-02-13,2.508732795715332,6.259190082550049,6.259190082550049,6.043355941772461,6.043355941772461,4743226
1987-02-17,2.570525646209717,6.413356781005859,6.413356781005859,5.796688079833984,6.290022850036621,5797276
1987-02-18,2.533449649810791,6.320857048034668,6.44419002532959,6.166688919067383,6.413356781005859,4216201
1987-02-19,2.4592995643615723,6.1358561515808105,6.290022850036621,6.105021953582764,6.228355884552002,3508366
1987-02-20,2.508732795715332,6.259190082550049,6.259190082550049,6.105021953582764,6.1358561515808105,3745527
1987-02-23,2.4469423294067383,6.105021953582764,6.259190082550049,5.889187812805176,6.228355884552002,3167826
1987-02-24,2.4469423294067383,6.105021953582764,6.166688919067383,5.981688976287842,6.1358561515808105,2646882
1987-02-25,2.4840164184570312,6.19752311706543,6.290022850036621,6.074189186096191,6.105021953582764,2667963
1987-02-26,2.4592995643615723,6.1358561515808105,6.259190082550049,5.981688976287842,6.166688919067383,1924047
1987-02-27,2.4592995643615723,6.1358561515808105,6.228355884552002,6.1358561515808105,6.1358561515808105,1668643
1987-03-02,2.4345836639404297,6.074189186096191,6.166688919067383,5.981688976287842,6.105021953582764,2659855
1987-03-03,2.422224998474121,6.043355941772461,6.105021953582764,5.920022010803223,6.012522220611572,2709314
1987-03-04,2.4592995643615723,6.1358561515808105,6.19752311706543,6.043355941772461,6.074189186096191,2028641
1987-03-05,2.496375799179077,6.228355884552002,6.290022850036621,6.166688919067383,6.259190082550049,2032290
1987-03-06,2.471658229827881,6.166688919067383,6.228355884552002,6.1358561515808105,6.166688919067383,1807696
1987-03-09,2.4345836639404297,6.074189186096191,6.166688919067383,5.981688976287842,6.166688919067383,1136347
1987-03-10,2.4579222202301025,6.105021953582764,6.166688919067383,5.950854778289795,5.950854778289795,2820800
1987-03-11,2.4827487468719482,6.166688919067383,6.19752311706543,6.012522220611572,6.166688919067383,1688507
1987-03-12,2.445507287979126,6.074189186096191,6.166688919067383,6.012522220611572,6.166688919067383,1575805
1987-03-13,2.5199897289276123,6.259190082550049,6.290022850036621,6.1358561515808105,6.166688919067383,2464450
1987-03-16,2.433093547821045,6.043355941772461,6.259190082550049,6.043355941772461,6.228355884552002,1536886
1987-03-17,2.4827487468719482,6.166688919067383,6.19752311706543,6.043355941772461,6.074189186096191,1755399
1987-03-18,2.5199897289276123,6.259190082550049,6.259190082550049,6.1358561515808105,6.228355884552002,2115398
1987-03-19,2.4827487468719482,6.166688919067383,6.228355884552002,6.105021953582764,6.166688919067383,2200127
1987-03-20,2.5199897289276123,6.259190082550049,6.259190082550049,6.1358561515808105,6.1358561515808105,2717828
1987-03-23,2.5820579528808594,6.413356781005859,6.413356781005859,6.228355884552002,6.290022850036621,3682689
1987-03-24,2.4827487468719482,6.166688919067383,6.290022850036621,6.105021953582764,6.259190082550049,6445922
1987-03-25,2.4579222202301025,6.105021953582764,6.1358561515808105,5.981688976287842,6.074189186096191,7418892
1987-03-26,2.4206793308258057,6.012522220611572,6.19752311706543,5.981688976287842,6.1358561515808105,4024039
1987-03-27,2.358611583709717,5.8583550453186035,6.35168981552124,5.735021114349365,6.012522220611572,6081059
1987-03-30,2.3461973667144775,5.827520847320557,5.8583550453186035,5.4883527755737305,5.4883527755737305,4783766
1987-03-31,2.4206793308258057,6.012522220611572,6.043355941772461,5.8583550453186035,5.920022010803223,3190529
1987-04-01,2.3710265159606934,5.889187812805176,5.981688976287842,5.827520847320557,5.920022010803223,2223640
1987-04-02,2.445507287979126,6.074189186096191,6.074189186096191,5.920022010803223,5.950854778289795,7706728
1987-04-03,2.470335006713867,6.1358561515808105,6.1358561515808105,6.043355941772461,6.074189186096191,5351332
1987-04-06,2.4206793308258057,6.012522220611572,6.166688919067383,6.012522220611572,6.166688919067383,2654179
1987-04-07,2.408266067504883,5.981688976287842,6.105021953582764,5.950854778289795,6.012522220611572,2694314
1987-04-08,2.4206793308258057,6.012522220611572,6.074189186096191,5.981688976287842,6.043355941772461,4824307
1987-04-09,2.408266067504883,5.981688976287842,6.1358561515808105,5.950854778289795,6.012522220611572,2851611
1987-04-10,2.408266067504883,5.981688976287842,6.043355941772461,5.920022010803223,5.920022010803223,1314725
1987-04-13,2.3337833881378174,5.796688079833984,6.012522220611572,5.7658538818359375,5.950854778289795,2003912
1987-04-14,2.271713972091675,5.642520904541016,5.735021114349365,5.457520008087158,5.5808539390563965,6729705
1987-04-15,2.271713972091675,5.642520904541016,5.735021114349365,5.611687183380127,5.704187870025635,3823770
1987-04-16,2.2593014240264893,5.611687183380127,5.735021114349365,5.611687183380127,5.704187870025635,2714990
1987-04-20,2.2841293811798096,5.673354148864746,5.7658538818359375,5.611687183380127,5.735021114349365,1722561
1987-04-21,2.4827487468719482,6.166688919067383,6.320857048034668,5.550020217895508,5.642520904541016,6040518
1987-04-22,2.408266067504883,5.981688976287842,6.166688919067383,5.950854778289795,6.1358561515808105,3158097
1987-04-23,2.445507287979126,6.074189186096191,6.105021953582764,5.8583550453186035,6.043355941772461,2481883
1987-04-24,2.4579222202301025,6.105021953582764,6.1358561515808105,5.950854778289795,5.981688976287842,2379316
1987-04-27,2.408266067504883,5.981688976287842,6.382523059844971,5.796688079833984,6.043355941772461,2226073
1987-04-28,2.4206793308258057,6.012522220611572,6.105021953582764,5.920022010803223,5.920022010803223,2286073
1987-04-29,2.470335006713867,6.1358561515808105,6.228355884552002,6.012522220611572,6.043355941772461,4094580
1987-04-30,2.5199897289276123,6.259190082550049,6.290022850036621,6.074189186096191,6.1358561515808105,3375798
1987-05-01,2.4827487468719482,6.166688919067383,6.290022850036621,6.1358561515808105,6.19752311706543,1485400
1987-05-04,2.445507287979126,6.074189186096191,6.166688919067383,5.950854778289795,6.1358561515808105,1274590
1987-05-05,2.5199897289276123,6.259190082550049,6.259190082550049,6.074189186096191,6.1358561515808105,2206614
1987-05-06,2.4951627254486084,6.19752311706543,6.290022850036621,6.166688919067383,6.259190082550049,2336748
1987-05-07,2.433093547821045,6.043355941772461,6.19752311706543,5.673354148864746,6.043355941772461,2825665
1987-05-08,2.470335006713867,6.1358561515808105,6.1358561515808105,5.920022010803223,6.043355941772461,2006344
1987-05-11,2.3337833881378174,5.796688079833984,6.228355884552002,5.642520904541016,6.166688919067383,10297260
1987-05-12,2.395853042602539,5.950854778289795,5.981688976287842,5.8583550453186035,5.889187812805176,2671612
1987-05-13,2.3089566230773926,5.735021114349365,5.950854778289795,5.642520904541016,5.950854778289795,4135120
1987-05-14,2.3089566230773926,5.735021114349365,5.796688079833984,5.673354148864746,5.7658538818359375,3149178
1987-05-15,2.2965433597564697,5.704187870025635,5.7658538818359375,5.550020217895508,5.704187870025635,3036475
1987-05-18,2.271713972091675,5.642520904541016,5.704187870025635,5.550020217895508,5.673354148864746,3527825
1987-05-19,2.1724050045013428,5.395853042602539,5.735021114349365,5.33418607711792,5.704187870025635,4000526
1987-05-20,2.1848185062408447,5.426686763763428,5.519186973571777,5.180018901824951,5.272519111633301,3977823
1987-05-21,2.2220611572265625,5.519186973571777,5.611687183380127,5.4883527755737305,5.550020217895508,1823912
1987-05-22,2.2220611572265625,5.519186973571777,5.611687183380127,5.4883527755737305,5.519186973571777,1330130
1987-05-26,2.2841293811798096,5.673354148864746,5.673354148864746,5.550020217895508,5.5808539390563965,1607832
1987-05-27,2.2468888759613037,5.5808539390563965,5.704187870025635,5.4883527755737305,5.673354148864746,4337822
1987-05-28,2.2468888759613037,5.5808539390563965,5.611687183380127,5.519186973571777,5.611687183380127,1251887
1987-05-29,2.271713972091675,5.642520904541016,5.735021114349365,5.611687183380127,5.642520904541016,2155938
1987-06-01,2.271713972091675,5.642520904541016,5.704187870025635,5.611687183380127,5.673354148864746,1964993
1987-06-02,2.2220611572265625,5.519186973571777,5.673354148864746,5.4883527755737305,5.642520904541016,2033911
1987-06-03,2.2593014240264893,5.611687183380127,5.642520904541016,5.519186973571777,5.550020217895508,2543504
1987-06-04,2.271713972091675,5.642520904541016,5.704187870025635,5.5808539390563965,5.611687183380127,2336748
1987-06-05,2.2593014240264893,5.611687183380127,5.673354148864746,5.611687183380127,5.642520904541016,1960939
1987-06-08,2.321371078491211,5.7658538818359375,5.796688079833984,5.519186973571777,5.611687183380127,2277559
1987-06-09,2.319873809814453,5.735021114349365,5.796688079833984,5.673354148864746,5.735021114349365,1403914
1987-06-10,2.319873809814453,5.735021114349365,5.796688079833984,5.673354148864746,5.735021114349365,1948777
1987-06-11,2.282456398010254,5.642520904541016,5.796688079833984,5.642520904541016,5.704187870025635,2088641
1987-06-12,2.3074018955230713,5.704187870025635,5.735021114349365,5.642520904541016,5.704187870025635,1882696
1987-06-15,2.319873809814453,5.735021114349365,5.8583550453186035,5.673354148864746,5.704187870025635,1942290
1987-06-16,2.319873809814453,5.735021114349365,5.735021114349365,5.5808539390563965,5.704187870025635,2485531
1987-06-17,2.294928789138794,5.673354148864746,5.735021114349365,5.642520904541016,5.735021114349365,1697832
1987-06-18,2.3323469161987305,5.7658538818359375,5.7658538818359375,5.611687183380127,5.642520904541016,1525130
1987-06-19,2.3323469161987305,5.7658538818359375,5.796688079833984,5.673354148864746,5.7658538818359375,3636473
1987-06-22,2.4071803092956543,5.950854778289795,5.950854778289795,5.735021114349365,5.796688079833984,3818094
1987-06-23,2.3947079181671143,5.920022010803223,6.043355941772461,5.920022010803223,5.950854778289795,3787283
1987-06-24,2.45707106590271,6.074189186096191,6.19752311706543,5.981688976287842,5.981688976287842,6364842
1987-06-25,2.4071803092956543,5.950854778289795,6.1358561515808105,5.426686763763428,6.105021953582764,4418903
1987-06-26,2.432126045227051,6.012522220611572,6.074189186096191,5.889187812805176,5.950854778289795,3089989
1987-06-29,2.45707106590271,6.074189186096191,6.105021953582764,6.012522220611572,6.012522220611572,1710399
1987-06-30,2.432126045227051,6.012522220611572,6.074189186096191,5.920022010803223,6.074189186096191,3476339
1987-07-01,2.4071803092956543,5.950854778289795,6.012522220611572,5.920022010803223,5.950854778289795,2946070
1987-07-02,2.4196524620056152,5.981688976287842,6.012522220611572,5.920022010803223,5.950854778289795,1621210
1987-07-06,2.4445979595184326,6.043355941772461,6.043355941772461,5.950854778289795,5.981688976287842,2245532
1987-07-07,2.4695425033569336,6.105021953582764,6.1358561515808105,6.012522220611572,6.043355941772461,1664183
1987-07-08,2.432126045227051,6.012522220611572,6.105021953582764,5.981688976287842,6.074189186096191,1673102
1987-07-09,2.4695425033569336,6.105021953582764,6.105021953582764,6.012522220611572,6.043355941772461,1895669
1987-07-10,2.45707106590271,6.074189186096191,6.166688919067383,6.043355941772461,6.1358561515808105,2251208
1987-07-13,2.432126045227051,6.012522220611572,6.074189186096191,5.981688976287842,6.043355941772461,2046884
1987-07-14,2.494487762451172,6.166688919067383,6.166688919067383,5.981688976287842,6.012522220611572,2541072
1987-07-15,2.482015609741211,6.1358561515808105,6.1358561515808105,6.043355941772461,6.105021953582764,3241204
1987-07-16,2.506960391998291,6.19752311706543,6.19752311706543,6.074189186096191,6.105021953582764,2629044
1987-07-17,2.4695425033569336,6.105021953582764,6.19752311706543,6.043355941772461,6.166688919067383,3799040
1987-07-20,2.45707106590271,6.074189186096191,6.074189186096191,5.950854778289795,6.074189186096191,2333505
1987-07-21,2.4071803092956543,5.950854778289795,6.012522220611572,5.950854778289795,5.981688976287842,2747422
1987-07-22,2.4071803092956543,5.950854778289795,5.981688976287842,5.920022010803223,5.950854778289795,4418903
1987-07-23,2.4071803092956543,5.950854778289795,5.981688976287842,5.889187812805176,5.950854778289795,4297282
1987-07-24,2.4445979595184326,6.043355941772461,6.074189186096191,5.950854778289795,5.981688976287842,3522960
1987-07-27,2.45707106590271,6.074189186096191,6.074189186096191,6.043355941772461,6.074189186096191,1594454
1987-07-28,2.432126045227051,6.012522220611572,6.074189186096191,6.012522220611572,6.074189186096191,2350127
1987-07-29,2.4445979595184326,6.043355941772461,6.043355941772461,6.012522220611572,6.043355941772461,3235123
1987-07-30,2.6192116737365723,6.475024223327637,6.567523956298828,6.043355941772461,6.043355941772461,19621550
1987-07-31,2.694047451019287,6.660024166107178,6.783358097076416,6.413356781005859,6.475024223327637,12486441
1987-08-03,2.656628131866455,6.567523956298828,6.845025062561035,6.505856990814209,6.567523956298828,5837816
1987-08-04,2.6441566944122314,6.536691188812256,6.598358154296875,6.475024223327637,6.536691188812256,5225656
1987-08-05,2.694047451019287,6.660024166107178,6.660024166107178,6.567523956298828,6.567523956298828,3899175
1987-08-06,2.718991994857788,6.721691131591797,6.721691131591797,6.598358154296875,6.660024166107178,4175660
1987-08-07,2.7439358234405518,6.783358097076416,6.783358097076416,6.660024166107178,6.721691131591797,3703770
1987-08-10,2.7314631938934326,6.7525248527526855,6.783358097076416,6.660024166107178,6.783358097076416,2514315
1987-08-11,2.681575059890747,6.629190921783447,6.814191818237305,6.567523956298828,6.7525248527526855,4824307
1987-08-12,2.6691014766693115,6.598358154296875,6.690857887268066,6.567523956298828,6.660024166107178,2954584
1987-08-13,2.6691014766693115,6.598358154296875,6.660024166107178,6.475024223327637,6.629190921783447,3941742
1987-08-14,2.681575059890747,6.629190921783447,6.690857887268066,6.567523956298828,6.598358154296875,2675260
1987-08-17,2.718991994857788,6.721691131591797,6.7525248527526855,6.567523956298828,6.567523956298828,4297282
1987-08-18,2.681575059890747,6.629190921783447,6.721691131591797,6.35168981552124,6.690857887268066,3633635
1987-08-19,2.6691014766693115,6.598358154296875,6.629190921783447,6.505856990814209,6.598358154296875,3069313
1987-08-20,2.6691014766693115,6.598358154296875,6.690857887268066,6.44419002532959,6.660024166107178,2110533
1987-08-21,2.6441566944122314,6.536691188812256,6.598358154296875,6.536691188812256,6.598358154296875,2963503
1987-08-24,2.6691014766693115,6.598358154296875,6.629190921783447,6.505856990814209,6.598358154296875,1469589
1987-08-25,2.681575059890747,6.629190921783447,6.690857887268066,6.598358154296875,6.660024166107178,1845399
1987-08-26,2.656628131866455,6.567523956298828,6.690857887268066,6.567523956298828,6.660024166107178,1191482
1987-08-27,2.656628131866455,6.567523956298828,6.660024166107178,6.475024223327637,6.536691188812256,2523234
1987-08-28,2.631685495376587,6.505856990814209,6.629190921783447,6.475024223327637,6.567523956298828,1493913
1987-08-31,2.718991994857788,6.721691131591797,6.721691131591797,6.475024223327637,6.567523956298828,1941074
1987-09-01,2.694047451019287,6.660024166107178,6.875858783721924,6.629190921783447,6.721691131591797,4216201
1987-09-02,2.681575059890747,6.629190921783447,6.721691131591797,6.505856990814209,6.660024166107178,2669990
1987-09-03,2.6441566944122314,6.536691188812256,6.721691131591797,6.536691188812256,6.721691131591797,1551481
1987-09-04,2.631685495376587,6.505856990814209,6.721691131591797,6.475024223327637,6.721691131591797,1709183
1987-09-08,2.630181074142456,6.475024223327637,6.475024223327637,6.290022850036621,6.475024223327637,3301610
1987-09-09,2.630181074142456,6.475024223327637,6.567523956298828,6.413356781005859,6.44419002532959,2891341
1987-09-10,2.6677539348602295,6.567523956298828,6.598358154296875,6.505856990814209,6.536691188812256,2756747
1987-09-11,2.7679524421691895,6.814191818237305,6.845025062561035,6.505856990814209,6.505856990814209,3233907
1987-09-14,2.8180506229400635,6.937524795532227,7.030025959014893,6.845025062561035,6.875858783721924,5472953
1987-09-15,2.8556253910064697,7.030025959014893,7.091692924499512,6.875858783721924,6.906692028045654,4499983
1987-09-16,2.830575466156006,6.968358993530273,7.091692924499512,6.906692028045654,7.030025959014893,5594574
1987-09-17,2.7930026054382324,6.875858783721924,7.030025959014893,6.814191818237305,7.030025959014893,3271204
1987-09-18,2.7930026054382324,6.875858783721924,6.875858783721924,6.783358097076416,6.845025062561035,3171880
1987-09-21,2.730379819869995,6.721691131591797,6.937524795532227,6.690857887268066,6.906692028045654,3056340
1987-09-22,2.7554287910461426,6.783358097076416,6.783358097076416,6.567523956298828,6.660024166107178,3764581
1987-09-23,2.730379819869995,6.721691131591797,6.783358097076416,6.567523956298828,6.783358097076416,3578500
1987-09-24,2.8431010246276855,6.999192237854004,7.030025959014893,6.690857887268066,6.690857887268066,4094580
1987-09-25,2.8180506229400635,6.937524795532227,7.030025959014893,6.845025062561035,6.968358993530273,3560257
1987-09-28,2.868149995803833,7.060859203338623,7.122526168823242,6.937524795532227,6.968358993530273,4216201
1987-09-29,2.868149995803833,7.060859203338623,7.153359889984131,6.999192237854004,7.060859203338623,5432412
1987-09-30,2.8556253910064697,7.030025959014893,7.091692924499512,6.968358993530273,7.060859203338623,4499983
1987-10-01,2.88067626953125,7.091692924499512,7.091692924499512,6.968358993530273,7.030025959014893,6608084
1987-10-02,2.9057230949401855,7.153359889984131,7.184193134307861,7.091692924499512,7.091692924499512,3629176
1987-10-05,2.9182491302490234,7.184193134307861,7.215025901794434,7.122526168823242,7.122526168823242,3222556
1987-10-06,2.8180506229400635,6.937524795532227,7.153359889984131,6.598358154296875,7.153359889984131,3584176
1987-10-07,2.7804784774780273,6.845025062561035,6.937524795532227,6.7525248527526855,6.906692028045654,3587419
1987-10-08,2.7554287910461426,6.783358097076416,6.906692028045654,6.721691131591797,6.845025062561035,2459586
1987-10-09,2.717853546142578,6.690857887268066,6.783358097076416,6.598358154296875,6.783358097076416,1776885
1987-10-12,2.717853546142578,6.690857887268066,6.690857887268066,6.35168981552124,6.567523956298828,2973232
1987-10-13,2.7053287029266357,6.660024166107178,6.783358097076416,6.598358154296875,6.783358097076416,1739588
1987-10-14,2.630181074142456,6.475024223327637,6.598358154296875,6.44419002532959,6.536691188812256,2701206
1987-10-15,2.504934072494507,6.166688919067383,6.44419002532959,6.105021953582764,6.320857048034668,6162140
1987-10-16,2.404736280441284,5.920022010803223,6.290022850036621,5.796688079833984,6.228355884552002,7702674
1987-10-19,1.8411266803741455,4.532516956329346,5.796688079833984,4.44001579284668,4.6866841316223145,10549015
1987-10-20,2.0039470195770264,4.933351039886475,5.611687183380127,3.8233470916748047,4.933351039886475,11886443
1987-10-21,2.2794899940490723,5.611687183380127,5.704187870025635,5.24168586730957,5.673354148864746,10249422
1987-10-22,2.1792941093444824,5.365019798278809,5.611687183380127,4.995018005371094,5.056684970855713,7449297
1987-10-23,2.1166698932647705,5.210852146148682,5.365019798278809,5.08751916885376,5.118351936340332,2607558
1987-10-26,1.9413237571716309,4.779183864593506,4.933351039886475,4.717516899108887,4.933351039886475,3715122
1987-10-27,1.9914225339889526,4.902517795562744,5.24168586730957,4.871685028076172,5.24168586730957,5351332
1987-10-28,2.054046154022217,5.056684970855713,5.118351936340332,4.6866841316223145,4.779183864593506,4702685
1987-10-29,2.3170650005340576,5.704187870025635,5.735021114349365,5.24168586730957,5.3033528327941895,5594574
1987-10-30,2.392211675643921,5.889187812805176,6.382523059844971,5.611687183380127,6.105021953582764,4905387
1987-11-02,2.3421144485473633,5.7658538818359375,5.8583550453186035,5.611687183380127,5.673354148864746,3096881
1987-11-03,2.2544407844543457,5.550020217895508,5.735021114349365,5.426686763763428,5.673354148864746,3675392
1987-11-04,2.191817283630371,5.395853042602539,5.519186973571777,5.3033528327941895,5.426686763763428,3763365
1987-11-05,2.3170650005340576,5.704187870025635,5.735021114349365,5.365019798278809,5.395853042602539,3469041
1987-11-06,2.292015790939331,5.642520904541016,5.8583550453186035,5.4883527755737305,5.673354148864746,2661882
1987-11-09,2.1792941093444824,5.365019798278809,5.550020217895508,5.210852146148682,5.3033528327941895,2518369
1987-11-10,2.1792941093444824,5.365019798278809,5.5808539390563965,5.210852146148682,5.272519111633301,2209046
1987-11-11,2.2794899940490723,5.611687183380127,5.796688079833984,5.550020217895508,5.5808539390563965,2431207
1987-11-12,2.3421144485473633,5.7658538818359375,5.8583550453186035,5.673354148864746,5.796688079833984,4378362
1987-11-13,2.2544407844543457,5.550020217895508,5.796688079833984,5.550020217895508,5.735021114349365,2184722
1987-11-16,2.2794899940490723,5.611687183380127,5.673354148864746,5.457520008087158,5.611687183380127,1801615
1987-11-17,2.2419159412384033,5.519186973571777,5.642520904541016,5.4883527755737305,5.519186973571777,2364316
1987-11-18,2.329589366912842,5.735021114349365,5.735021114349365,5.457520008087158,5.519186973571777,1922425
1987-11-19,2.266965627670288,5.5808539390563965,5.827520847320557,5.550020217895508,5.704187870025635,3196610
1987-11-20,2.292015790939331,5.642520904541016,5.642520904541016,5.3033528327941895,5.3033528327941895,3137421
1987-11-23,2.3170650005340576,5.704187870025635,5.704187870025635,5.519186973571777,5.519186973571777,1563238
1987-11-24,2.3421144485473633,5.7658538818359375,5.827520847320557,5.673354148864746,5.704187870025635,2775801
1987-11-25,2.3045401573181152,5.673354148864746,5.735021114349365,5.611687183380127,5.735021114349365,1257563
1987-11-27,2.2794899940490723,5.611687183380127,5.673354148864746,5.550020217895508,5.5808539390563965,797835
1987-11-30,2.141719102859497,5.272519111633301,5.33418607711792,5.056684970855713,5.180018901824951,4054039
1987-12-01,2.1041431427001953,5.180018901824951,5.365019798278809,5.149186134338379,5.272519111633301,1545400
1987-12-02,2.204341173171997,5.426686763763428,5.519186973571777,5.149186134338379,5.210852146148682,2647693
1987-12-03,2.141719102859497,5.272519111633301,5.519186973571777,5.210852146148682,5.457520008087158,2342018
1987-12-04,2.191817283630371,5.395853042602539,5.395853042602539,5.149186134338379,5.180018901824951,2140938
1987-12-07,2.2544407844543457,5.550020217895508,5.5808539390563965,5.33418607711792,5.33418607711792,2007966
1987-12-08,2.3032758235931396,5.642520904541016,5.642520904541016,5.426686763763428,5.519186973571777,1916344
1987-12-09,2.29068922996521,5.611687183380127,5.704187870025635,5.550020217895508,5.611687183380127,2546342
1987-12-10,2.190000295639038,5.365019798278809,5.4883527755737305,5.365019798278809,5.395853042602539,3888634
1987-12-11,2.139655113220215,5.24168586730957,5.365019798278809,5.180018901824951,5.3033528327941895,2099992
1987-12-14,2.177412986755371,5.33418607711792,5.395853042602539,5.180018901824951,5.180018901824951,2163235
1987-12-15,2.240342617034912,5.4883527755737305,5.611687183380127,5.395853042602539,5.426686763763428,3156069
1987-12-16,2.3536205291748047,5.7658538818359375,5.7658538818359375,5.4883527755737305,5.519186973571777,2235803
1987-12-17,2.2529308795928955,5.519186973571777,5.796688079833984,5.426686763763428,5.735021114349365,2236613
1987-12-18,2.29068922996521,5.611687183380127,5.611687183380127,5.365019798278809,5.550020217895508,4499983
1987-12-21,2.265516757965088,5.550020217895508,5.735021114349365,5.457520008087158,5.642520904541016,2331478
1987-12-22,2.278103828430176,5.5808539390563965,5.642520904541016,5.457520008087158,5.4883527755737305,2045668
1987-12-23,2.328448534011841,5.704187870025635,5.735021114349365,5.5808539390563965,5.642520904541016,2871881
1987-12-24,2.278103828430176,5.5808539390563965,5.735021114349365,5.5808539390563965,5.704187870025635,842429
1987-12-28,2.190000295639038,5.365019798278809,5.4883527755737305,5.33418607711792,5.426686763763428,1971885
1987-12-29,2.202585458755493,5.395853042602539,5.426686763763428,5.3033528327941895,5.365019798278809,985537
1987-12-30,2.3032758235931396,5.642520904541016,5.673354148864746,5.4883527755737305,5.519186973571777,1666210
1987-12-31,2.29068922996521,5.611687183380127,5.704187870025635,5.519186973571777,5.5808539390563965,1644318
1988-01-04,2.3536205291748047,5.7658538818359375,5.889187812805176,5.611687183380127,5.611687183380127,3434582
1988-01-05,2.4165499210357666,5.920022010803223,6.19752311706543,5.889187812805176,5.920022010803223,7131866
1988-01-06,2.492067575454712,6.105021953582764,6.166688919067383,6.043355941772461,6.105021953582764,8358618
1988-01-07,2.466895580291748,6.043355941772461,6.105021953582764,6.012522220611572,6.074189186096191,3167421
1988-01-08,2.278103828430176,5.5808539390563965,6.043355941772461,5.519186973571777,5.981688976287842,3139043
1988-01-11,2.278103828430176,5.5808539390563965,5.735021114349365,5.365019798278809,5.5808539390563965,4581064
1988-01-12,2.240342617034912,5.4883527755737305,5.550020217895508,5.33418607711792,5.550020217895508,2547964
1988-01-13,2.29068922996521,5.611687183380127,5.704187870025635,5.3033528327941895,5.426686763763428,2468099
1988-01-14,2.328448534011841,5.704187870025635,5.735021114349365,5.673354148864746,5.673354148864746,3023908
1988-01-15,2.4165499210357666,5.920022010803223,6.012522220611572,5.33418607711792,5.8583550453186035,5351332
1988-01-18,2.328448534011841,5.704187870025635,5.889187812805176,5.704187870025635,5.889187812805176,1997425
1988-01-19,2.29068922996521,5.611687183380127,5.7658538818359375,5.611687183380127,5.673354148864746,2049317
1988-01-20,2.2277579307556152,5.457520008087158,5.642520904541016,5.426686763763428,5.5808539390563965,4019985
1988-01-21,2.4165499210357666,5.920022010803223,5.920022010803223,5.4883527755737305,5.519186973571777,4621605
1988-01-22,2.366206407546997,5.796688079833984,5.981688976287842,5.735021114349365,5.981688976287842,4007418
1988-01-25,2.3536205291748047,5.7658538818359375,5.950854778289795,5.735021114349365,5.889187812805176,3794581
1988-01-26,2.3536205291748047,5.7658538818359375,5.920022010803223,5.673354148864746,5.796688079833984,1065401
1988-01-27,2.3787925243377686,5.827520847320557,5.920022010803223,5.796688079833984,5.796688079833984,2123506
1988-01-28,2.4165499210357666,5.920022010803223,6.012522220611572,5.8583550453186035,5.889187812805176,1833642
1988-01-29,2.466895580291748,6.043355941772461,6.043355941772461,5.920022010803223,5.950854778289795,2667558
1988-02-01,2.4165499210357666,5.920022010803223,6.105021953582764,5.889187812805176,6.074189186096191,2389045
1988-02-02,2.4291372299194336,5.950854778289795,5.981688976287842,5.8583550453186035,5.8583550453186035,1255536
1988-02-03,2.391378879547119,5.8583550453186035,5.981688976287842,5.735021114349365,5.920022010803223,1866885
1988-02-04,2.341034412384033,5.735021114349365,5.796688079833984,5.704187870025635,5.7658538818359375,1514589
1988-02-05,2.29068922996521,5.611687183380127,5.796688079833984,5.5808539390563965,5.7658538818359375,2269857
1988-02-08,2.29068922996521,5.611687183380127,5.611687183380127,5.4883527755737305,5.550020217895508,818511
1988-02-09,2.3536205291748047,5.7658538818359375,5.7658538818359375,5.642520904541016,5.673354148864746,879727
1988-02-10,2.4039647579193115,5.889187812805176,5.920022010803223,5.704187870025635,5.735021114349365,3109043
1988-02-11,2.4165499210357666,5.920022010803223,5.981688976287842,5.704187870025635,5.981688976287842,2182695
1988-02-12,2.391378879547119,5.8583550453186035,5.981688976287842,5.827520847320557,5.920022010803223,1509724
1988-02-16,2.4039647579193115,5.889187812805176,5.889187812805176,5.796688079833984,5.889187812805176,1141617
1988-02-17,2.4039647579193115,5.889187812805176,5.950854778289795,5.827520847320557,5.8583550453186035,2061074
1988-02-18,2.341034412384033,5.735021114349365,5.8583550453186035,5.704187870025635,5.8583550453186035,1270941
1988-02-19,2.3787925243377686,5.827520847320557,5.8583550453186035,5.673354148864746,5.735021114349365,1626481
1988-02-22,2.4291372299194336,5.950854778289795,5.950854778289795,5.796688079833984,5.827520847320557,2786747
1988-02-23,2.466895580291748,6.043355941772461,6.105021953582764,5.920022010803223,5.981688976287842,4945928
1988-02-24,2.466895580291748,6.043355941772461,6.1358561515808105,6.012522220611572,6.043355941772461,4054039
1988-02-25,2.441723108291626,5.981688976287842,6.1358561515808105,5.920022010803223,6.043355941772461,3281339
1988-02-26,2.4794821739196777,6.074189186096191,6.105021953582764,5.950854778289795,5.981688976287842,2397964
1988-02-29,2.504655122756958,6.1358561515808105,6.19752311706543,5.981688976287842,6.105021953582764,3717554
1988-03-01,2.504655122756958,6.1358561515808105,6.228355884552002,6.105021953582764,6.1358561515808105,3214448
1988-03-02,2.5549991130828857,6.259190082550049,6.259190082550049,6.1358561515808105,6.19752311706543,2869854
1988-03-03,2.529827117919922,6.19752311706543,6.290022850036621,6.166688919067383,6.19752311706543,2895800
1988-03-04,2.504655122756958,6.1358561515808105,6.35168981552124,6.074189186096191,6.19752311706543,2214316
1988-03-07,2.504655122756958,6.1358561515808105,6.19752311706543,6.105021953582764,6.1358561515808105,1540940
1988-03-08,2.5805532932281494,6.290022850036621,6.320857048034668,6.105021953582764,6.105021953582764,3681878
1988-03-09,2.5679030418395996,6.259190082550049,6.382523059844971,6.19752311706543,6.320857048034668,2825260
1988-03-10,2.4920055866241455,6.074189186096191,6.290022850036621,6.074189186096191,6.259190082550049,2042020
1988-03-11,2.454054355621338,5.981688976287842,6.074189186096191,5.8583550453186035,6.043355941772461,2426342
1988-03-14,2.5173041820526123,6.1358561515808105,6.1358561515808105,5.981688976287842,6.012522220611572,981483
1988-03-15,2.5299534797668457,6.166688919067383,6.228355884552002,6.043355941772461,6.105021953582764,2067560
1988-03-16,2.6185030937194824,6.382523059844971,6.413356781005859,6.1358561515808105,6.19752311706543,4808901
1988-03-17,2.593202829360962,6.320857048034668,6.44419002532959,6.228355884552002,6.382523059844971,4044309
1988-03-18,2.5046539306640625,6.105021953582764,6.320857048034668,6.074189186096191,6.320857048034668,4581064
1988-03-21,2.441404342651367,5.950854778289795,6.043355941772461,5.735021114349365,6.043355941772461,3436609
1988-03-22,2.454054355621338,5.981688976287842,6.043355941772461,5.8583550453186035,6.012522220611572,2620531
1988-03-23,2.428755283355713,5.920022010803223,6.043355941772461,5.920022010803223,6.043355941772461,2227289
1988-03-24,2.4034554958343506,5.8583550453186035,5.950854778289795,5.735021114349365,5.950854778289795,3671743
1988-03-25,2.302258014678955,5.611687183380127,5.7658538818359375,5.611687183380127,5.735021114349365,2397559
1988-03-28,2.352856397628784,5.735021114349365,5.735021114349365,5.611687183380127,5.642520904541016,1384860
1988-03-29,2.4161055088043213,5.889187812805176,5.981688976287842,5.7658538818359375,5.796688079833984,2073236
1988-03-30,2.314908266067505,5.642520904541016,5.8583550453186035,5.642520904541016,5.8583550453186035,3183637
1988-03-31,2.3275580406188965,5.673354148864746,5.673354148864746,5.4883527755737305,5.611687183380127,2000263
1988-04-04,2.2643091678619385,5.519186973571777,5.673354148864746,5.4883527755737305,5.611687183380127,1449724
1988-04-05,2.314908266067505,5.642520904541016,5.673354148864746,5.4883527755737305,5.4883527755737305,1173644
1988-04-06,2.3781561851501465,5.796688079833984,5.889187812805176,5.611687183380127,5.673354148864746,1675940
1988-04-07,2.352856397628784,5.735021114349365,5.920022010803223,5.704187870025635,5.796688079833984,2105263
1988-04-08,2.365507125854492,5.7658538818359375,5.827520847320557,5.642520904541016,5.7658538818359375,1776075
1988-04-11,2.3781561851501465,5.796688079833984,5.889187812805176,5.735021114349365,5.796688079833984,1684859
1988-04-12,2.314908266067505,5.642520904541016,5.7658538818359375,5.5808539390563965,5.735021114349365,2063101
1988-04-13,2.352856397628784,5.735021114349365,5.735021114349365,5.5808539390563965,5.642520904541016,2038371
1988-04-14,2.226358413696289,5.426686763763428,5.611687183380127,5.210852146148682,5.5808539390563965,2981340
1988-04-15,2.251657724380493,5.4883527755737305,5.550020217895508,5.210852146148682,5.550020217895508,4054039
1988-04-18,2.239009380340576,5.457520008087158,5.4883527755737305,5.365019798278809,5.4883527755737305,1858777
1988-04-19,2.239009380340576,5.457520008087158,5.642520904541016,5.395853042602539,5.550020217895508,1821074
1988-04-20,2.213709592819214,5.395853042602539,5.4883527755737305,5.3033528327941895,5.395853042602539,1557156
1988-04-21,2.2010607719421387,5.365019798278809,5.550020217895508,5.3033528327941895,5.426686763763428,1451346
1988-04-22,2.226358413696289,5.426686763763428,5.519186973571777,5.3033528327941895,5.395853042602539,1461481
1988-04-25,2.2643091678619385,5.519186973571777,5.611687183380127,5.457520008087158,5.4883527755737305,1307022
1988-04-26,2.2896080017089844,5.5808539390563965,5.7658538818359375,5.4883527755737305,5.519186973571777,2258100
1988-04-27,2.251657724380493,5.4883527755737305,5.642520904541016,5.457520008087158,5.5808539390563965,1917966
1988-04-28,2.226358413696289,5.426686763763428,5.426686763763428,5.365019798278809,5.426686763763428,5210657
1988-04-29,2.2010607719421387,5.365019798278809,5.426686763763428,5.24168586730957,5.395853042602539,1725804
1988-05-02,2.2010607719421387,5.365019798278809,5.395853042602539,5.3033528327941895,5.395853042602539,1263239
1988-05-03,2.188411235809326,5.33418607711792,5.457520008087158,5.3033528327941895,5.395853042602539,2292965
1988-05-04,2.150461435317993,5.24168586730957,5.3033528327941895,5.180018901824951,5.3033528327941895,3308096
1988-05-05,2.112511396408081,5.149186134338379,5.24168586730957,5.08751916885376,5.210852146148682,4135120
1988-05-06,2.074561595916748,5.056684970855713,5.210852146148682,5.025852203369141,5.149186134338379,2741341
1988-05-09,2.023963451385498,4.933351039886475,5.025852203369141,4.840850830078125,5.025852203369141,6598760
1988-05-10,2.0366129875183105,4.9641852378845215,4.995018005371094,4.871685028076172,4.933351039886475,3874851
1988-05-11,1.9860140085220337,4.840850830078125,4.902517795562744,4.6866841316223145,4.902517795562744,3303231
1988-05-12,1.998664140701294,4.871685028076172,4.9641852378845215,4.840850830078125,4.871685028076172,2860530
1988-05-13,2.0366129875183105,4.9641852378845215,4.995018005371094,4.655849933624268,4.933351039886475,2650531
1988-05-16,2.0492630004882812,4.995018005371094,5.056684970855713,4.933351039886475,5.025852203369141,1746075
1988-05-17,1.998664140701294,4.871685028076172,5.025852203369141,4.871685028076172,5.025852203369141,3009313
1988-05-18,1.9227651357650757,4.6866841316223145,4.871685028076172,4.655849933624268,4.810018062591553,3565527
1988-05-19,1.9733635187149048,4.810018062591553,4.810018062591553,4.625017166137695,4.717516899108887,4621605
1988-05-20,2.011312961578369,4.902517795562744,4.933351039886475,4.779183864593506,4.840850830078125,3279312
1988-05-23,1.9733635187149048,4.810018062591553,4.902517795562744,4.748351097106934,4.902517795562744,1572156
1988-05-24,1.998664140701294,4.871685028076172,4.902517795562744,4.779183864593506,4.810018062591553,1595670
1988-05-25,2.0619115829467773,5.025852203369141,5.056684970855713,4.902517795562744,4.902517795562744,3134988
1988-05-26,2.112511396408081,5.149186134338379,5.180018901824951,4.995018005371094,5.025852203369141,1939047
1988-05-27,2.087212085723877,5.08751916885376,5.118351936340332,4.9641852378845215,5.118351936340332,1067023
1988-05-31,2.0998623371124268,5.118351936340332,5.149186134338379,4.995018005371094,5.056684970855713,3011340
1988-06-01,2.1631104946136475,5.272519111633301,5.365019798278809,5.149186134338379,5.180018901824951,6202680
1988-06-02,2.1631104946136475,5.272519111633301,5.33418607711792,4.995018005371094,5.24168586730957,1864047
1988-06-03,2.2010607719421387,5.365019798278809,5.365019798278809,5.180018901824951,5.272519111633301,3730527
1988-06-06,2.213709592819214,5.395853042602539,5.426686763763428,5.272519111633301,5.365019798278809,3093637
1988-06-07,2.226431369781494,5.395853042602539,5.426686763763428,5.33418607711792,5.365019798278809,2692693
1988-06-08,2.264597177505493,5.4883527755737305,5.550020217895508,5.3033528327941895,5.365019798278809,6527003
1988-06-09,2.213710308074951,5.365019798278809,5.4883527755737305,5.33418607711792,5.457520008087158,5027009
1988-06-10,2.1882636547088623,5.3033528327941895,5.395853042602539,5.3033528327941895,5.365019798278809,3155664
1988-06-13,2.2009880542755127,5.33418607711792,5.365019798278809,5.3033528327941895,5.33418607711792,2974854
1988-06-14,2.213710308074951,5.365019798278809,5.426686763763428,5.3033528327941895,5.426686763763428,3637284
1988-06-15,2.1373744010925293,5.180018901824951,5.33418607711792,5.180018901824951,5.3033528327941895,3381069
1988-06-16,2.124652624130249,5.149186134338379,5.180018901824951,4.995018005371094,5.180018901824951,4318768
1988-06-17,2.1373744010925293,5.180018901824951,5.210852146148682,5.118351936340332,5.180018901824951,4772010
1988-06-20,2.1882636547088623,5.3033528327941895,5.3033528327941895,5.08751916885376,5.118351936340332,3194988
1988-06-21,2.213710308074951,5.365019798278809,5.395853042602539,5.210852146148682,5.3033528327941895,3976607
1988-06-22,2.1882636547088623,5.3033528327941895,5.365019798278809,5.24168586730957,5.365019798278809,4062553
1988-06-23,2.124652624130249,5.149186134338379,5.3033528327941895,5.08751916885376,5.272519111633301,3726067
1988-06-24,2.073761463165283,5.025852203369141,5.180018901824951,5.025852203369141,5.118351936340332,3846067
1988-06-27,2.0483176708221436,4.9641852378845215,5.08751916885376,4.9641852378845215,5.056684970855713,4184985
1988-06-28,2.086484670639038,5.056684970855713,5.149186134338379,4.9641852378845215,4.995018005371094,2805395
1988-06-29,2.0610404014587402,4.995018005371094,5.149186134338379,4.9641852378845215,5.08751916885376,1859993
1988-06-30,2.073761463165283,5.025852203369141,5.08751916885376,4.995018005371094,4.995018005371094,2311208
1988-07-01,2.073761463165283,5.025852203369141,5.08751916885376,4.995018005371094,5.056684970855713,2412964
1988-07-05,2.073761463165283,5.025852203369141,5.025852203369141,4.933351039886475,4.9641852378845215,6972542
1988-07-06,2.086484670639038,5.056684970855713,5.149186134338379,5.025852203369141,5.056684970855713,3585798
1988-07-07,2.1119303703308105,5.118351936340332,5.149186134338379,4.9641852378845215,5.025852203369141,2435667
1988-07-08,2.086484670639038,5.056684970855713,5.118351936340332,5.025852203369141,5.056684970855713,1547832
1988-07-11,2.0355947017669678,4.933351039886475,5.08751916885376,4.933351039886475,5.056684970855713,4813361
1988-07-12,2.022871971130371,4.902517795562744,4.9641852378845215,4.871685028076172,4.933351039886475,5937140
1988-07-13,2.0101499557495117,4.871685028076172,4.871685028076172,4.748351097106934,4.748351097106934,11541039
1988-07-14,2.022871971130371,4.902517795562744,4.933351039886475,4.810018062591553,4.840850830078125,3987553
1988-07-15,2.0101499557495117,4.871685028076172,4.933351039886475,4.871685028076172,4.933351039886475,2539045
1988-07-18,2.0101499557495117,4.871685028076172,4.902517795562744,4.840850830078125,4.871685028076172,1999047
1988-07-19,1.9974284172058105,4.840850830078125,4.902517795562744,4.840850830078125,4.902517795562744,2407694
1988-07-20,1.9974284172058105,4.840850830078125,4.902517795562744,4.840850830078125,4.871685028076172,2633504
1988-07-21,2.0610404014587402,4.995018005371094,5.08751916885376,4.748351097106934,4.810018062591553,11263337
1988-07-22,2.022871971130371,4.902517795562744,4.9641852378845215,4.840850830078125,4.933351039886475,3054313
1988-07-25,2.022871971130371,4.902517795562744,4.902517795562744,4.810018062591553,4.840850830078125,1641886
1988-07-26,2.0101499557495117,4.871685028076172,4.933351039886475,4.810018062591553,4.871685028076172,2580801
1988-07-27,1.9719829559326172,4.779183864593506,4.902517795562744,4.779183864593506,4.840850830078125,2329856
1988-07-28,2.022871971130371,4.902517795562744,4.933351039886475,4.748351097106934,4.748351097106934,3315393
1988-07-29,2.0483176708221436,4.9641852378845215,4.9641852378845215,4.840850830078125,4.902517795562744,3380663
1988-08-01,2.0483176708221436,4.9641852378845215,4.995018005371094,4.871685028076172,4.933351039886475,3068908
1988-08-02,2.0483176708221436,4.9641852378845215,5.056684970855713,4.933351039886475,4.995018005371094,3053502
1988-08-03,2.1119303703308105,5.118351936340332,5.118351936340332,4.9641852378845215,4.995018005371094,3184042
1988-08-04,2.1500966548919678,5.210852146148682,5.24168586730957,5.08751916885376,5.149186134338379,4825523
1988-08-05,2.124652624130249,5.149186134338379,5.210852146148682,5.118351936340332,5.180018901824951,2077695
1988-08-08,2.0992069244384766,5.08751916885376,5.24168586730957,5.08751916885376,5.180018901824951,2361883
1988-08-09,2.0483176708221436,4.9641852378845215,5.149186134338379,4.933351039886475,5.149186134338379,3209988
1988-08-10,2.0101499557495117,4.871685028076172,4.995018005371094,4.840850830078125,4.9641852378845215,2976476
1988-08-11,2.0101499557495117,4.871685028076172,4.933351039886475,4.871685028076172,4.902517795562744,2515126
1988-08-12,2.0483176708221436,4.9641852378845215,4.995018005371094,4.871685028076172,4.902517795562744,1319184
1988-08-15,2.022871971130371,4.902517795562744,4.9641852378845215,4.871685028076172,4.902517795562744,1094185
1988-08-16,2.0610404014587402,4.995018005371094,5.056684970855713,4.871685028076172,4.871685028076172,3569176
1988-08-17,2.0610404014587402,4.995018005371094,5.025852203369141,4.840850830078125,4.995018005371094,2231749
1988-08-18,2.0610404014587402,4.995018005371094,5.025852203369141,4.902517795562744,4.9641852378845215,2770936
1988-08-19,2.0483176708221436,4.9641852378845215,5.056684970855713,4.9641852378845215,5.025852203369141,3000394
1988-08-22,2.0101499557495117,4.871685028076172,4.995018005371094,4.871685028076172,4.9641852378845215,1231617
1988-08-23,2.0101499557495117,4.871685028076172,4.933351039886475,4.840850830078125,4.871685028076172,1147698
1988-08-24,2.0483176708221436,4.9641852378845215,4.9641852378845215,4.840850830078125,4.871685028076172,1253104
1988-08-25,2.0355947017669678,4.933351039886475,4.933351039886475,4.871685028076172,4.902517795562744,1215401
1988-08-26,2.022871971130371,4.902517795562744,4.9641852378845215,4.871685028076172,4.902517795562744,949051
1988-08-29,2.086484670639038,5.056684970855713,5.118351936340332,4.933351039886475,4.933351039886475,2686206
1988-08-30,2.0992069244384766,5.08751916885376,5.118351936340332,5.025852203369141,5.08751916885376,1277428
1988-08-31,2.086484670639038,5.056684970855713,5.149186134338379,5.056684970855713,5.08751916885376,2765260
1988-09-01,2.0610404014587402,4.995018005371094,5.056684970855713,4.933351039886475,5.025852203369141,2581207
1988-09-02,2.1119303703308105,5.118351936340332,5.149186134338379,5.025852203369141,5.056684970855713,2174587
1988-09-06,2.124729633331299,5.118351936340332,5.118351936340332,5.025852203369141,5.08751916885376,1369860
1988-09-07,2.1375293731689453,5.149186134338379,5.180018901824951,5.08751916885376,5.180018901824951,2275938
1988-09-08,2.1375293731689453,5.149186134338379,5.149186134338379,5.08751916885376,5.118351936340332,2919314
1988-09-09,2.1119298934936523,5.08751916885376,5.118351936340332,5.025852203369141,5.08751916885376,2586477
1988-09-12,2.227125883102417,5.365019798278809,5.395853042602539,5.149186134338379,5.149186134338379,5848762
1988-09-13,2.2143256664276123,5.33418607711792,5.365019798278809,5.24168586730957,5.3033528327941895,3249312
1988-09-14,2.227125883102417,5.365019798278809,5.395853042602539,5.272519111633301,5.395853042602539,5520791
1988-09-15,2.201526403427124,5.3033528327941895,5.395853042602539,5.3033528327941895,5.33418607711792,3022692
1988-09-16,2.2399253845214844,5.395853042602539,5.395853042602539,5.3033528327941895,5.3033528327941895,3962418
1988-09-19,2.1887261867523193,5.272519111633301,5.365019798278809,5.272519111633301,5.33418607711792,2176614
1988-09-20,2.1119298934936523,5.08751916885376,5.210852146148682,5.025852203369141,5.180018901824951,10118476
1988-09-21,2.060732126235962,4.9641852378845215,5.08751916885376,4.9641852378845215,5.056684970855713,5141738
1988-09-22,2.0223329067230225,4.871685028076172,4.995018005371094,4.840850830078125,4.9641852378845215,14973999
1988-09-23,1.855938196182251,4.470849990844727,4.470849990844727,4.316682815551758,4.316682815551758,32333395
1988-09-26,1.8303394317626953,4.409183025360107,4.44001579284668,4.347516059875488,4.44001579284668,5937140
1988-09-27,1.8303394317626953,4.409183025360107,4.44001579284668,4.3783488273620605,4.409183025360107,3189313
1988-09-28,1.8047391176223755,4.347516059875488,4.44001579284668,4.347516059875488,4.409183025360107,3476339
1988-09-29,1.8303394317626953,4.409183025360107,4.409183025360107,4.347516059875488,4.3783488273620605,5406872
1988-09-30,1.8175392150878906,4.3783488273620605,4.409183025360107,4.285849094390869,4.409183025360107,5556061
1988-10-03,1.7919397354125977,4.316682815551758,4.3783488273620605,4.285849094390869,4.347516059875488,5529304
1988-10-04,1.7791404724121094,4.285849094390869,4.347516059875488,4.255015850067139,4.316682815551758,3879715
1988-10-05,1.7535415887832642,4.22418212890625,4.285849094390869,4.22418212890625,4.255015850067139,4499983
1988-10-06,1.7663408517837524,4.255015850067139,4.285849094390869,4.1933488845825195,4.255015850067139,3692419
1988-10-07,1.8047391176223755,4.347516059875488,4.3783488273620605,4.255015850067139,4.316682815551758,7073488
1988-10-10,1.855938196182251,4.470849990844727,4.470849990844727,4.1933488845825195,4.347516059875488,4826334
1988-10-11,1.9327341318130493,4.655849933624268,4.6866841316223145,4.44001579284668,4.532516956329346,10882257
1988-10-12,1.855938196182251,4.470849990844727,4.594183921813965,4.44001579284668,4.532516956329346,4564443
1988-10-13,1.881536602973938,4.532516956329346,4.563350200653076,4.501683235168457,4.501683235168457,3629987
1988-10-14,1.8687371015548706,4.501683235168457,4.594183921813965,4.470849990844727,4.563350200653076,2531747
1988-10-17,1.7919397354125977,4.316682815551758,4.501683235168457,4.285849094390869,4.501683235168457,4851469
1988-10-18,1.8431380987167358,4.44001579284668,4.470849990844727,4.285849094390869,4.347516059875488,4418903
1988-10-19,1.8175392150878906,4.3783488273620605,4.501683235168457,4.316682815551758,4.501683235168457,4617551
1988-10-20,1.8431380987167358,4.44001579284668,4.44001579284668,4.285849094390869,4.409183025360107,10529961
1988-10-21,1.8175392150878906,4.3783488273620605,4.409183025360107,4.347516059875488,4.409183025360107,3827418
1988-10-24,1.8047391176223755,4.347516059875488,4.409183025360107,4.347516059875488,4.3783488273620605,3357555
1988-10-25,1.8431380987167358,4.44001579284668,4.470849990844727,4.347516059875488,4.347516059875488,3005259
1988-10-26,1.8431380987167358,4.44001579284668,4.501683235168457,4.3783488273620605,4.409183025360107,4079985
1988-10-27,1.8303394317626953,4.409183025360107,4.532516956329346,4.409183025360107,4.44001579284668,4204444
1988-10-28,1.855938196182251,4.470849990844727,4.470849990844727,4.409183025360107,4.409183025360107,2442964
1988-10-31,1.855938196182251,4.470849990844727,4.470849990844727,4.409183025360107,4.470849990844727,1905804
1988-11-01,1.8175392150878906,4.3783488273620605,4.470849990844727,4.3783488273620605,4.470849990844727,4768361
1988-11-02,1.8303394317626953,4.409183025360107,4.44001579284668,4.347516059875488,4.409183025360107,3540392
1988-11-03,1.8047391176223755,4.347516059875488,4.44001579284668,4.347516059875488,4.409183025360107,4131877
1988-11-04,1.7663408517837524,4.255015850067139,4.3783488273620605,4.255015850067139,4.347516059875488,5227684
1988-11-07,1.7535415887832642,4.22418212890625,4.285849094390869,4.1933488845825195,4.255015850067139,4461876
1988-11-08,1.7791404724121094,4.285849094390869,4.285849094390869,4.22418212890625,4.22418212890625,1592427
1988-11-09,1.7535415887832642,4.22418212890625,4.285849094390869,4.1933488845825195,4.22418212890625,2766476
1988-11-10,1.7663408517837524,4.255015850067139,4.285849094390869,4.1933488845825195,4.255015850067139,2153911
1988-11-11,1.7151424884796143,4.1316819190979,4.347516059875488,4.1316819190979,4.1933488845825195,2485937
1988-11-14,1.7535415887832642,4.22418212890625,4.22418212890625,4.1316819190979,4.1933488845825195,2788368
1988-11-15,1.7407422065734863,4.1933488845825195,4.22418212890625,4.1316819190979,4.1933488845825195,2467694
1988-11-16,1.7151424884796143,4.1316819190979,4.1933488845825195,4.100848197937012,4.162515163421631,3956742
1988-11-17,1.6895439624786377,4.070014953613281,4.162515163421631,4.070014953613281,4.1316819190979,3696878
1988-11-18,1.7151424884796143,4.1316819190979,4.1316819190979,4.070014953613281,4.1316819190979,1966209
1988-11-21,1.7023429870605469,4.100848197937012,4.1316819190979,4.008347988128662,4.100848197937012,2421478
1988-11-22,1.7023429870605469,4.100848197937012,4.100848197937012,4.008347988128662,4.070014953613281,1611886
1988-11-23,1.7279421091079712,4.162515163421631,4.162515163421631,4.070014953613281,4.070014953613281,2303100
1988-11-25,1.7023429870605469,4.100848197937012,4.100848197937012,4.039181232452393,4.100848197937012,1147293
1988-11-28,1.7151424884796143,4.1316819190979,4.1316819190979,4.039181232452393,4.039181232452393,2345262
1988-11-29,1.7151424884796143,4.1316819190979,4.162515163421631,4.070014953613281,4.100848197937012,3621473
1988-11-30,1.7663408517837524,4.255015850067139,4.285849094390869,4.100848197937012,4.1316819190979,4523092
1988-12-01,1.8175392150878906,4.3783488273620605,4.3783488273620605,4.1933488845825195,4.22418212890625,2664720
1988-12-02,1.8175392150878906,4.3783488273620605,4.409183025360107,4.285849094390869,4.316682815551758,3419987
1988-12-05,1.7919397354125977,4.316682815551758,4.409183025360107,4.316682815551758,4.3783488273620605,3216069
1988-12-06,1.8435070514678955,4.409183025360107,4.409183025360107,4.316682815551758,4.316682815551758,3295528
1988-12-07,1.8306150436401367,4.3783488273620605,4.409183025360107,4.316682815551758,4.3783488273620605,1917561
1988-12-08,1.8048312664031982,4.316682815551758,4.3783488273620605,4.285849094390869,4.316682815551758,2081749
1988-12-09,1.8306150436401367,4.3783488273620605,4.409183025360107,4.285849094390869,4.285849094390869,2624180
1988-12-12,1.7790480852127075,4.255015850067139,4.347516059875488,4.1933488845825195,4.347516059875488,2918908
1988-12-13,1.817723274230957,4.347516059875488,4.347516059875488,4.22418212890625,4.255015850067139,1761885
1988-12-14,1.7532650232315063,4.1933488845825195,4.316682815551758,4.1933488845825195,4.285849094390869,2325802
1988-12-15,1.766156792640686,4.22418212890625,4.255015850067139,4.162515163421631,4.22418212890625,2111344
1988-12-16,1.766156792640686,4.22418212890625,4.285849094390869,4.1933488845825195,4.22418212890625,4212552
1988-12-19,1.8048312664031982,4.316682815551758,4.316682815551758,4.22418212890625,4.22418212890625,6541598
1988-12-20,1.7919397354125977,4.285849094390869,4.44001579284668,4.285849094390869,4.316682815551758,5921330
1988-12-21,1.8048312664031982,4.316682815551758,4.347516059875488,4.255015850067139,4.285849094390869,3164583
1988-12-22,1.817723274230957,4.347516059875488,4.347516059875488,4.285849094390869,4.285849094390869,2963097
1988-12-23,1.8435070514678955,4.409183025360107,4.44001579284668,4.316682815551758,4.347516059875488,4288768
1988-12-27,1.8435070514678955,4.409183025360107,4.501683235168457,4.409183025360107,4.44001579284668,3019043
1988-12-28,1.8435070514678955,4.409183025360107,4.44001579284668,4.22418212890625,4.409183025360107,3819716
1988-12-29,1.8563978672027588,4.44001579284668,4.470849990844727,4.3783488273620605,4.3783488273620605,2991070
1988-12-30,1.817723274230957,4.347516059875488,4.44001579284668,4.347516059875488,4.44001579284668,4088093
1989-01-03,1.817723274230957,4.347516059875488,4.409183025360107,4.316682815551758,4.3783488273620605,2193235
1989-01-04,1.8692903518676758,4.470849990844727,4.470849990844727,4.347516059875488,4.3783488273620605,2381748
1989-01-05,1.8692903518676758,4.470849990844727,4.501683235168457,4.409183025360107,4.470849990844727,3223772
1989-01-06,1.8821808099746704,4.501683235168457,4.563350200653076,4.44001579284668,4.470849990844727,3135799
1989-01-09,1.8435070514678955,4.409183025360107,4.44001579284668,4.347516059875488,4.409183025360107,6226193
1989-01-10,1.8563978672027588,4.44001579284668,4.470849990844727,4.316682815551758,4.44001579284668,3268772
1989-01-11,1.9337472915649414,4.625017166137695,4.625017166137695,4.532516956329346,4.532516956329346,10640231
1989-01-12,1.959531307220459,4.6866841316223145,4.748351097106934,4.655849933624268,4.655849933624268,6267545
1989-01-13,1.9337472915649414,4.625017166137695,4.717516899108887,4.625017166137695,4.717516899108887,2179451
1989-01-16,1.9337472915649414,4.625017166137695,4.655849933624268,4.563350200653076,4.655849933624268,2147830
1989-01-17,1.9208581447601318,4.594183921813965,4.655849933624268,4.594183921813965,4.655849933624268,2727152
1989-01-18,1.9337472915649414,4.625017166137695,4.625017166137695,4.532516956329346,4.625017166137695,2852017
1989-01-19,1.97242271900177,4.717516899108887,4.748351097106934,4.625017166137695,4.625017166137695,5534574
1989-01-20,1.959531307220459,4.6866841316223145,4.717516899108887,4.44001579284668,4.6866841316223145,1934182
1989-01-23,1.9337472915649414,4.625017166137695,4.717516899108887,4.625017166137695,4.6866841316223145,1635399
1989-01-24,1.9853159189224243,4.748351097106934,4.748351097106934,4.655849933624268,4.655849933624268,4482957
1989-01-25,2.036881446838379,4.871685028076172,4.933351039886475,4.810018062591553,4.871685028076172,7891998
1989-01-26,1.9982059001922607,4.779183864593506,4.871685028076172,4.748351097106934,4.840850830078125,4137552
1989-01-27,1.9853159189224243,4.748351097106934,4.871685028076172,4.717516899108887,4.840850830078125,5515520
1989-01-30,1.9982059001922607,4.779183864593506,4.779183864593506,4.717516899108887,4.779183864593506,1784993
1989-01-31,2.0239901542663574,4.840850830078125,4.840850830078125,4.748351097106934,4.779183864593506,2382964
1989-02-01,2.0884478092193604,4.995018005371094,5.025852203369141,4.810018062591553,4.840850830078125,8781454
1989-02-02,2.1013388633728027,5.025852203369141,5.056684970855713,4.933351039886475,5.025852203369141,4197958
1989-02-03,2.0884478092193604,4.995018005371094,5.025852203369141,4.933351039886475,4.995018005371094,3084718
1989-02-06,2.0497734546661377,4.902517795562744,4.995018005371094,4.871685028076172,4.995018005371094,2210262
1989-02-07,2.1013388633728027,5.025852203369141,5.056684970855713,4.902517795562744,4.933351039886475,6909299
1989-02-08,2.1013388633728027,5.025852203369141,5.118351936340332,4.933351039886475,4.933351039886475,6307680
1989-02-09,2.075556993484497,4.9641852378845215,5.025852203369141,4.902517795562744,4.995018005371094,4307417
1989-02-10,2.036881446838379,4.871685028076172,4.933351039886475,4.840850830078125,4.871685028076172,3936472
1989-02-13,2.0239901542663574,4.840850830078125,4.871685028076172,4.810018062591553,4.840850830078125,2418234
1989-02-14,2.0239901542663574,4.840850830078125,4.933351039886475,4.840850830078125,4.871685028076172,2099587
1989-02-15,2.0497734546661377,4.902517795562744,4.902517795562744,4.810018062591553,4.871685028076172,3179178
1989-02-16,2.0239901542663574,4.840850830078125,4.902517795562744,4.840850830078125,4.871685028076172,1637426
1989-02-17,2.036881446838379,4.871685028076172,4.902517795562744,4.840850830078125,4.871685028076172,1384860
1989-02-21,2.036881446838379,4.871685028076172,4.902517795562744,4.810018062591553,4.871685028076172,1834047
1989-02-22,1.9982059001922607,4.779183864593506,4.871685028076172,4.717516899108887,4.840850830078125,3160124
1989-02-23,1.97242271900177,4.717516899108887,4.810018062591553,4.6866841316223145,4.779183864593506,1747291
1989-02-24,1.9337472915649414,4.625017166137695,4.717516899108887,4.594183921813965,4.6866841316223145,2796476
1989-02-27,1.946639060974121,4.655849933624268,4.6866841316223145,4.563350200653076,4.594183921813965,1611481
1989-02-28,1.9337472915649414,4.625017166137695,4.6866841316223145,4.625017166137695,4.655849933624268,2889719
1989-03-01,1.9208581447601318,4.594183921813965,4.6866841316223145,4.563350200653076,4.655849933624268,2920935
1989-03-02,1.946639060974121,4.655849933624268,4.717516899108887,4.594183921813965,4.625017166137695,2067560
1989-03-03,1.959531307220459,4.6866841316223145,4.717516899108887,4.655849933624268,4.655849933624268,1311076
1989-03-06,2.0110981464385986,4.810018062591553,4.810018062591553,4.6866841316223145,4.717516899108887,3696068
1989-03-07,2.0626652240753174,4.933351039886475,4.9641852378845215,4.779183864593506,4.810018062591553,7525918
1989-03-08,2.0110981464385986,4.810018062591553,4.902517795562744,4.779183864593506,4.902517795562744,4000526
1989-03-09,1.9996720552444458,4.748351097106934,4.810018062591553,4.717516899108887,4.779183864593506,2714990
1989-03-10,1.9996720552444458,4.748351097106934,4.748351097106934,4.6866841316223145,4.748351097106934,2582018
1989-03-13,2.0386266708374023,4.840850830078125,4.902517795562744,4.779183864593506,4.779183864593506,2924584
1989-03-14,2.0386266708374023,4.840850830078125,4.902517795562744,4.840850830078125,4.902517795562744,2297424
1989-03-15,2.0775811672210693,4.933351039886475,4.933351039886475,4.871685028076172,4.871685028076172,4438362
1989-03-16,2.0775811672210693,4.933351039886475,5.149186134338379,4.902517795562744,4.933351039886475,4415254
1989-03-17,2.0126562118530273,4.779183864593506,4.810018062591553,4.717516899108887,4.748351097106934,4111201
1989-03-20,2.0126562118530273,4.779183864593506,4.810018062591553,4.717516899108887,4.748351097106934,2979313
1989-03-21,2.0256409645080566,4.810018062591553,4.902517795562744,4.810018062591553,4.840850830078125,2237019
1989-03-22,2.0386266708374023,4.840850830078125,4.902517795562744,4.779183864593506,4.871685028076172,3170259
1989-03-23,2.0256409645080566,4.810018062591553,4.840850830078125,4.779183864593506,4.810018062591553,2073236
1989-03-27,2.0256409645080566,4.810018062591553,4.871685028076172,4.779183864593506,4.810018062591553,1946344
1989-03-28,2.0386266708374023,4.840850830078125,4.871685028076172,4.810018062591553,4.840850830078125,2468099
1989-03-29,2.0516111850738525,4.871685028076172,4.871685028076172,4.810018062591553,4.840850830078125,2915665
1989-03-30,2.0386266708374023,4.840850830078125,4.871685028076172,4.810018062591553,4.840850830078125,1268509
1989-03-31,2.0256409645080566,4.810018062591553,4.840850830078125,4.779183864593506,4.810018062591553,1740399
1989-04-03,2.0256409645080566,4.810018062591553,4.871685028076172,4.779183864593506,4.810018062591553,1684453
1989-04-04,2.0256409645080566,4.810018062591553,4.810018062591553,4.748351097106934,4.810018062591553,2198911
1989-04-05,2.0386266708374023,4.840850830078125,4.871685028076172,4.779183864593506,4.810018062591553,2336748
1989-04-06,1.9996720552444458,4.748351097106934,4.840850830078125,4.748351097106934,4.840850830078125,6206329
1989-04-07,2.0256409645080566,4.810018062591553,4.840850830078125,4.748351097106934,4.748351097106934,2249586
1989-04-10,2.0256409645080566,4.810018062591553,4.810018062591553,4.748351097106934,4.810018062591553,1709588
1989-04-11,1.9996720552444458,4.748351097106934,4.810018062591553,4.748351097106934,4.810018062591553,1157428
1989-04-12,2.0126562118530273,4.779183864593506,4.810018062591553,4.748351097106934,4.779183864593506,1245806
1989-04-13,1.9607160091400146,4.655849933624268,4.810018062591553,4.655849933624268,4.810018062591553,3350663
1989-04-14,1.9737017154693604,4.6866841316223145,4.779183864593506,4.6866841316223145,4.6866841316223145,3138637
1989-04-17,2.0126562118530273,4.779183864593506,4.810018062591553,4.717516899108887,4.748351097106934,1600129
1989-04-18,2.0256409645080566,4.810018062591553,4.840850830078125,4.748351097106934,4.810018062591553,3869175
1989-04-19,2.0256409645080566,4.810018062591553,4.871685028076172,4.6866841316223145,4.810018062591553,2600666
1989-04-20,1.9607160091400146,4.655849933624268,4.810018062591553,4.594183921813965,4.810018062591553,10690501
1989-04-21,1.9737017154693604,4.6866841316223145,4.717516899108887,4.625017166137695,4.655849933624268,4573362
1989-04-24,1.9607160091400146,4.655849933624268,4.717516899108887,4.655849933624268,4.6866841316223145,1987695
1989-04-25,1.9477308988571167,4.625017166137695,4.717516899108887,4.594183921813965,4.6866841316223145,3764986
1989-04-26,1.9996720552444458,4.748351097106934,4.779183864593506,4.655849933624268,4.655849933624268,4047958
1989-04-27,2.0516111850738525,4.871685028076172,4.871685028076172,4.748351097106934,4.779183864593506,3910932
1989-04-28,2.0516111850738525,4.871685028076172,4.902517795562744,4.810018062591553,4.871685028076172,2439721
1989-05-01,2.0386266708374023,4.840850830078125,4.840850830078125,4.748351097106934,4.810018062591553,2869449
1989-05-02,2.0516111850738525,4.871685028076172,4.902517795562744,4.779183864593506,4.810018062591553,5812276
1989-05-03,2.0256409645080566,4.810018062591553,4.902517795562744,4.810018062591553,4.840850830078125,2517153
1989-05-04,2.0386266708374023,4.840850830078125,4.871685028076172,4.779183864593506,4.840850830078125,1681615
1989-05-05,2.0256409645080566,4.810018062591553,4.871685028076172,4.810018062591553,4.840850830078125,2577558
1989-05-08,2.0256409645080566,4.810018062591553,4.810018062591553,4.748351097106934,4.810018062591553,3115124
1989-05-09,2.0126562118530273,4.779183864593506,4.810018062591553,4.748351097106934,4.810018062591553,1906209
1989-05-10,2.064596176147461,4.902517795562744,4.933351039886475,4.810018062591553,4.810018062591553,3733770
1989-05-11,2.0775811672210693,4.933351039886475,4.995018005371094,4.933351039886475,4.933351039886475,3537960
1989-05-12,2.103550434112549,4.995018005371094,5.056684970855713,4.995018005371094,5.025852203369141,6486057
1989-05-15,2.142505168914795,5.08751916885376,5.118351936340332,4.933351039886475,5.056684970855713,4180931
1989-05-16,2.1684746742248535,5.149186134338379,5.180018901824951,5.025852203369141,5.056684970855713,6019032
1989-05-17,2.181457996368408,5.180018901824951,5.210852146148682,5.118351936340332,5.149186134338379,5699574
1989-05-18,2.181457996368408,5.180018901824951,5.210852146148682,5.149186134338379,5.180018901824951,4368227
1989-05-19,2.1684746742248535,5.149186134338379,5.24168586730957,5.149186134338379,5.180018901824951,3101340
1989-05-22,2.181457996368408,5.180018901824951,5.24168586730957,5.180018901824951,5.24168586730957,2505802
1989-05-23,2.1944448947906494,5.210852146148682,5.3033528327941895,5.180018901824951,5.180018901824951,4227957
1989-05-24,2.2463836669921875,5.33418607711792,5.33418607711792,5.180018901824951,5.210852146148682,3735797
1989-05-25,2.2463836669921875,5.33418607711792,5.365019798278809,5.272519111633301,5.3033528327941895,2260938
1989-05-26,2.259369134902954,5.365019798278809,5.395853042602539,5.272519111633301,5.3033528327941895,2478234
1989-05-30,2.2204136848449707,5.272519111633301,5.395853042602539,5.24168586730957,5.395853042602539,2195262
1989-05-31,2.2463836669921875,5.33418607711792,5.395853042602539,5.272519111633301,5.272519111633301,2204181
1989-06-01,2.2463836669921875,5.33418607711792,5.365019798278809,5.33418607711792,5.365019798278809,1482157
1989-06-02,2.2463836669921875,5.33418607711792,5.365019798278809,5.272519111633301,5.365019798278809,1818237
1989-06-05,2.1944448947906494,5.210852146148682,5.33418607711792,5.210852146148682,5.3033528327941895,2012425
1989-06-06,2.1684746742248535,5.149186134338379,5.272519111633301,5.118351936340332,5.272519111633301,2968367
1989-06-07,2.1944448947906494,5.210852146148682,5.272519111633301,5.180018901824951,5.210852146148682,2962692
1989-06-08,2.182941436767578,5.149186134338379,5.24168586730957,5.118351936340332,5.24168586730957,2632288
1989-06-09,2.182941436767578,5.149186134338379,5.210852146148682,5.118351936340332,5.149186134338379,2312019
1989-06-12,2.196012496948242,5.180018901824951,5.210852146148682,5.149186134338379,5.180018901824951,1334590
1989-06-13,2.1698684692382812,5.118351936340332,5.149186134338379,5.08751916885376,5.118351936340332,1259185
1989-06-14,2.20908522605896,5.210852146148682,5.210852146148682,5.056684970855713,5.149186134338379,4214174
1989-06-15,2.20908522605896,5.210852146148682,5.210852146148682,5.118351936340332,5.180018901824951,2007966
1989-06-16,2.20908522605896,5.210852146148682,5.210852146148682,5.056684970855713,5.08751916885376,4932549
1989-06-19,2.182941436767578,5.149186134338379,5.210852146148682,5.149186134338379,5.210852146148682,1817020
1989-06-20,2.196012496948242,5.180018901824951,5.210852146148682,5.149186134338379,5.180018901824951,1675129
1989-06-21,2.222156524658203,5.24168586730957,5.3033528327941895,5.210852146148682,5.272519111633301,2902287
1989-06-22,2.235227346420288,5.272519111633301,5.272519111633301,5.210852146148682,5.24168586730957,1989317
1989-06-23,2.274442434310913,5.365019798278809,5.395853042602539,5.272519111633301,5.272519111633301,3566744
1989-06-26,2.2613704204559326,5.33418607711792,5.395853042602539,5.33418607711792,5.365019798278809,2170533
1989-06-27,2.235227346420288,5.272519111633301,5.395853042602539,5.272519111633301,5.365019798278809,2211478
1989-06-28,2.222156524658203,5.24168586730957,5.272519111633301,5.180018901824951,5.272519111633301,1392562
1989-06-29,2.182941436767578,5.149186134338379,5.210852146148682,5.08751916885376,5.180018901824951,2473369
1989-06-30,2.1698684692382812,5.118351936340332,5.149186134338379,5.056684970855713,5.118351936340332,2068776
1989-07-03,2.196012496948242,5.180018901824951,5.210852146148682,5.118351936340332,5.149186134338379,1080807
1989-07-05,2.222156524658203,5.24168586730957,5.272519111633301,5.118351936340332,5.210852146148682,2460396
1989-07-06,2.20908522605896,5.210852146148682,5.3033528327941895,5.210852146148682,5.272519111633301,3158097
1989-07-07,2.235227346420288,5.272519111633301,5.3033528327941895,5.180018901824951,5.24168586730957,2511883
1989-07-10,2.222156524658203,5.24168586730957,5.272519111633301,5.210852146148682,5.272519111633301,2317694
1989-07-11,2.20908522605896,5.210852146148682,5.272519111633301,5.180018901824951,5.24168586730957,2176614
1989-07-12,2.20908522605896,5.210852146148682,5.24168586730957,5.180018901824951,5.210852146148682,1697021
1989-07-13,2.196012496948242,5.180018901824951,5.24168586730957,5.118351936340332,5.24168586730957,2181073
1989-07-14,2.20908522605896,5.210852146148682,5.24168586730957,5.149186134338379,5.24168586730957,3152826
1989-07-17,2.196012496948242,5.180018901824951,5.24168586730957,5.149186134338379,5.149186134338379,1901344
1989-07-18,2.1698684692382812,5.118351936340332,5.210852146148682,5.118351936340332,5.180018901824951,2245938
1989-07-19,2.222156524658203,5.24168586730957,5.24168586730957,5.118351936340332,5.180018901824951,3800662
1989-07-20,2.222156524658203,5.24168586730957,5.3033528327941895,5.210852146148682,5.24168586730957,3727284
1989-07-21,2.196012496948242,5.180018901824951,5.272519111633301,5.180018901824951,5.272519111633301,3371744
1989-07-24,2.222156524658203,5.24168586730957,5.3033528327941895,5.180018901824951,5.210852146148682,2702828
1989-07-25,2.2613704204559326,5.33418607711792,5.365019798278809,5.24168586730957,5.272519111633301,4922009
1989-07-26,2.379014015197754,5.611687183380127,5.642520904541016,5.3033528327941895,5.3033528327941895,8418212
1989-07-27,2.379014015197754,5.611687183380127,5.7658538818359375,5.519186973571777,5.7658538818359375,7413216
1989-07-28,2.392085313796997,5.642520904541016,5.704187870025635,5.642520904541016,5.673354148864746,3293096
1989-07-31,2.4182283878326416,5.704187870025635,5.735021114349365,5.519186973571777,5.704187870025635,3792148
1989-08-01,2.392085313796997,5.642520904541016,5.796688079833984,5.611687183380127,5.673354148864746,4925658
1989-08-02,2.522801399230957,5.950854778289795,6.012522220611572,5.611687183380127,5.611687183380127,6742678
1989-08-03,2.5097293853759766,5.920022010803223,5.981688976287842,5.8583550453186035,5.950854778289795,4158228
1989-08-04,2.457441568374634,5.796688079833984,5.920022010803223,5.7658538818359375,5.827520847320557,2511477
1989-08-07,2.4966580867767334,5.889187812805176,5.920022010803223,5.7658538818359375,5.796688079833984,2365126
1989-08-08,2.522801399230957,5.950854778289795,5.950854778289795,5.827520847320557,5.8583550453186035,3476339
1989-08-09,2.483586549758911,5.8583550453186035,5.981688976287842,5.8583550453186035,5.950854778289795,4416065
1989-08-10,2.4705138206481934,5.827520847320557,6.012522220611572,5.796688079833984,5.8583550453186035,2746612
1989-08-11,2.457441568374634,5.796688079833984,5.920022010803223,5.796688079833984,5.889187812805176,2968367
1989-08-14,2.431300640106201,5.735021114349365,5.796688079833984,5.704187870025635,5.7658538818359375,2271073
1989-08-15,2.457441568374634,5.796688079833984,5.796688079833984,5.735021114349365,5.7658538818359375,2293775
1989-08-16,2.5097293853759766,5.920022010803223,5.920022010803223,5.7658538818359375,5.7658538818359375,3148772
1989-08-17,2.522801399230957,5.950854778289795,5.981688976287842,5.889187812805176,5.920022010803223,3053908
1989-08-18,2.5489444732666016,6.012522220611572,6.012522220611572,5.920022010803223,5.950854778289795,3465393
1989-08-21,2.5097293853759766,5.920022010803223,6.012522220611572,5.920022010803223,6.012522220611572,3297150
1989-08-22,2.483586549758911,5.8583550453186035,5.889187812805176,5.827520847320557,5.8583550453186035,3973769
1989-08-23,2.4966580867767334,5.889187812805176,5.950854778289795,5.827520847320557,5.827520847320557,2910800
1989-08-24,2.4966580867767334,5.889187812805176,5.950854778289795,5.8583550453186035,5.920022010803223,2813098
1989-08-25,2.5097293853759766,5.920022010803223,5.950854778289795,5.8583550453186035,5.889187812805176,1814183
1989-08-28,2.4705138206481934,5.827520847320557,5.889187812805176,5.827520847320557,5.889187812805176,1786615
1989-08-29,2.444370985031128,5.7658538818359375,5.8583550453186035,5.735021114349365,5.8583550453186035,4455389
1989-08-30,2.4705138206481934,5.827520847320557,5.827520847320557,5.735021114349365,5.735021114349365,1784993
1989-08-31,2.457441568374634,5.796688079833984,5.796688079833984,5.7658538818359375,5.796688079833984,2020939
1989-09-01,2.457441568374634,5.796688079833984,5.827520847320557,5.735021114349365,5.7658538818359375,2350937
1989-09-05,2.392085313796997,5.642520904541016,5.7658538818359375,5.642520904541016,5.735021114349365,2125533
1989-09-06,2.365943193435669,5.5808539390563965,5.673354148864746,5.519186973571777,5.642520904541016,4811739
1989-09-07,2.4069788455963135,5.642520904541016,5.673354148864746,5.5808539390563965,5.5808539390563965,2548369
1989-09-08,2.3543691635131836,5.519186973571777,5.642520904541016,5.457520008087158,5.611687183380127,2556883
1989-09-11,2.367520809173584,5.550020217895508,5.5808539390563965,5.4883527755737305,5.519186973571777,5977275
1989-09-12,2.3543691635131836,5.519186973571777,5.550020217895508,5.4883527755737305,5.550020217895508,1423779
1989-09-13,2.3806731700897217,5.5808539390563965,5.611687183380127,5.519186973571777,5.550020217895508,3031205
1989-09-14,2.367520809173584,5.550020217895508,5.611687183380127,5.550020217895508,5.611687183380127,2065533
1989-09-15,2.3806731700897217,5.5808539390563965,5.5808539390563965,5.519186973571777,5.5808539390563965,4311065
1989-09-18,2.367520809173584,5.550020217895508,5.550020217895508,5.519186973571777,5.519186973571777,1228374
1989-09-19,2.341214656829834,5.4883527755737305,5.550020217895508,5.4883527755737305,5.550020217895508,1131888
1989-09-20,2.341214656829834,5.4883527755737305,5.519186973571777,5.4883527755737305,5.519186973571777,1869317
1989-09-21,2.341214656829834,5.4883527755737305,5.519186973571777,5.457520008087158,5.519186973571777,2069992
1989-09-22,2.3543691635131836,5.519186973571777,5.519186973571777,5.457520008087158,5.4883527755737305,2093911
1989-09-25,2.341214656829834,5.4883527755737305,5.519186973571777,5.4883527755737305,5.519186973571777,1246617
1989-09-26,2.3543691635131836,5.519186973571777,5.5808539390563965,5.4883527755737305,5.4883527755737305,3116340
1989-09-27,2.4201314449310303,5.673354148864746,5.673354148864746,5.457520008087158,5.4883527755737305,1497157
1989-09-28,2.4332849979400635,5.704187870025635,5.7658538818359375,5.611687183380127,5.673354148864746,2530126
1989-09-29,2.4201314449310303,5.673354148864746,5.735021114349365,5.642520904541016,5.673354148864746,1361752
1989-10-02,2.472742795944214,5.796688079833984,5.827520847320557,5.642520904541016,5.673354148864746,1547427
1989-10-03,2.472742795944214,5.796688079833984,5.827520847320557,5.735021114349365,5.796688079833984,3017827
1989-10-04,2.499049425125122,5.8583550453186035,5.889187812805176,5.827520847320557,5.8583550453186035,2338370
1989-10-05,2.459590196609497,5.7658538818359375,5.8583550453186035,5.7658538818359375,5.8583550453186035,2269451
1989-10-06,2.4332849979400635,5.704187870025635,5.827520847320557,5.673354148864746,5.827520847320557,2101614
1989-10-09,2.459590196609497,5.7658538818359375,5.796688079833984,5.673354148864746,5.704187870025635,1206482
1989-10-10,2.459590196609497,5.7658538818359375,5.796688079833984,5.704187870025635,5.7658538818359375,1208914
1989-10-11,2.446439027786255,5.735021114349365,5.796688079833984,5.735021114349365,5.735021114349365,1304184
1989-10-12,2.4201314449310303,5.673354148864746,5.704187870025635,5.611687183380127,5.673354148864746,3330799
1989-10-13,2.301755666732788,5.395853042602539,5.735021114349365,5.33418607711792,5.704187870025635,3261880
1989-10-16,2.328061103820801,5.457520008087158,5.4883527755737305,5.180018901824951,5.33418607711792,5675249
1989-10-17,2.301755666732788,5.395853042602539,5.426686763763428,5.365019798278809,5.426686763763428,2953773
1989-10-18,2.3543691635131836,5.519186973571777,5.519186973571777,5.365019798278809,5.395853042602539,1474859
1989-10-19,2.341214656829834,5.4883527755737305,5.5808539390563965,5.457520008087158,5.5808539390563965,2161614
1989-10-20,2.341214656829834,5.4883527755737305,5.519186973571777,5.426686763763428,5.457520008087158,1658102
1989-10-23,2.341214656829834,5.4883527755737305,5.519186973571777,5.457520008087158,5.4883527755737305,1019591
1989-10-24,2.499049425125122,5.8583550453186035,5.8583550453186035,5.457520008087158,5.457520008087158,5376467
1989-10-25,2.4332849979400635,5.704187870025635,5.796688079833984,5.673354148864746,5.7658538818359375,3128097
1989-10-26,2.3806731700897217,5.5808539390563965,5.704187870025635,5.5808539390563965,5.673354148864746,1350806
1989-10-27,2.3543691635131836,5.519186973571777,5.611687183380127,5.426686763763428,5.611687183380127,3944580
1989-10-30,2.367520809173584,5.550020217895508,5.611687183380127,5.550020217895508,5.550020217895508,1087293
1989-10-31,2.393826484680176,5.611687183380127,5.642520904541016,5.550020217895508,5.5808539390563965,2006344
1989-11-01,2.4069788455963135,5.642520904541016,5.673354148864746,5.550020217895508,5.611687183380127,1866074
1989-11-02,2.4201314449310303,5.673354148864746,5.704187870025635,5.611687183380127,5.673354148864746,2402829
1989-11-03,2.367520809173584,5.550020217895508,5.642520904541016,5.550020217895508,5.642520904541016,2061479
1989-11-06,2.367520809173584,5.550020217895508,5.5808539390563965,5.4883527755737305,5.5808539390563965,1242158
1989-11-07,2.3806731700897217,5.5808539390563965,5.5808539390563965,5.4883527755737305,5.519186973571777,1707156
1989-11-08,2.393826484680176,5.611687183380127,5.642520904541016,5.550020217895508,5.550020217895508,1816210
1989-11-09,2.4069788455963135,5.642520904541016,5.704187870025635,5.550020217895508,5.5808539390563965,2990259
1989-11-10,2.472742795944214,5.796688079833984,5.796688079833984,5.673354148864746,5.704187870025635,2669990
1989-11-13,2.4332849979400635,5.704187870025635,5.796688079833984,5.704187870025635,5.796688079833984,2226478
1989-11-14,2.4201314449310303,5.673354148864746,5.735021114349365,5.673354148864746,5.704187870025635,1606616
1989-11-15,2.446439027786255,5.735021114349365,5.735021114349365,5.673354148864746,5.704187870025635,2075668
1989-11-16,2.446439027786255,5.735021114349365,5.7658538818359375,5.673354148864746,5.735021114349365,1641075
1989-11-17,2.446439027786255,5.735021114349365,5.735021114349365,5.673354148864746,5.704187870025635,1986885
1989-11-20,2.446439027786255,5.735021114349365,5.735021114349365,5.673354148864746,5.704187870025635,1276617
1989-11-21,2.459590196609497,5.7658538818359375,5.7658538818359375,5.704187870025635,5.735021114349365,1587562
1989-11-22,2.5122032165527344,5.889187812805176,5.920022010803223,5.735021114349365,5.735021114349365,4540118
1989-11-24,2.5385091304779053,5.950854778289795,5.981688976287842,5.889187812805176,5.920022010803223,3076610
1989-11-27,2.577967405319214,6.043355941772461,6.043355941772461,5.950854778289795,5.950854778289795,2620936
1989-11-28,2.564814567565918,6.012522220611572,6.074189186096191,6.012522220611572,6.043355941772461,2769720
1989-11-29,2.577967405319214,6.043355941772461,6.074189186096191,5.981688976287842,6.012522220611572,1823101
1989-11-30,2.604273796081543,6.105021953582764,6.105021953582764,5.981688976287842,6.012522220611572,1869317
1989-12-01,2.6305792331695557,6.166688919067383,6.228355884552002,6.043355941772461,6.074189186096191,4450930
1989-12-04,2.6963422298431396,6.320857048034668,6.382523059844971,6.1358561515808105,6.166688919067383,4251471
1989-12-05,2.656883716583252,6.228355884552002,6.382523059844971,6.228355884552002,6.320857048034668,2493639
1989-12-06,2.617424249649048,6.1358561515808105,6.259190082550049,6.105021953582764,6.228355884552002,1896074
1989-12-07,2.6454672813415527,6.166688919067383,6.19752311706543,6.074189186096191,6.074189186096191,1146482
1989-12-08,2.6322407722473145,6.1358561515808105,6.228355884552002,6.105021953582764,6.19752311706543,2956611
1989-12-11,2.6322407722473145,6.1358561515808105,6.1358561515808105,6.074189186096191,6.1358561515808105,1487832
1989-12-12,2.6454672813415527,6.166688919067383,6.166688919067383,6.105021953582764,6.166688919067383,1541346
1989-12-13,2.592557191848755,6.043355941772461,6.1358561515808105,6.043355941772461,6.105021953582764,1168779
1989-12-14,2.579331398010254,6.012522220611572,6.043355941772461,5.950854778289795,6.012522220611572,1701886
1989-12-15,2.6190125942230225,6.105021953582764,6.105021953582764,5.889187812805176,6.074189186096191,2490396
1989-12-18,2.552875518798828,5.950854778289795,6.074189186096191,5.920022010803223,6.043355941772461,2754314
1989-12-19,2.592557191848755,6.043355941772461,6.105021953582764,5.920022010803223,5.920022010803223,2160397
1989-12-20,2.579331398010254,6.012522220611572,6.074189186096191,6.012522220611572,6.074189186096191,1898101
1989-12-21,2.6057851314544678,6.074189186096191,6.105021953582764,6.043355941772461,6.043355941772461,3207150
1989-12-22,2.6322407722473145,6.1358561515808105,6.1358561515808105,6.074189186096191,6.074189186096191,1491481
1989-12-26,2.592557191848755,6.043355941772461,6.1358561515808105,6.043355941772461,6.105021953582764,727700
1989-12-27,2.5661041736602783,5.981688976287842,6.166688919067383,5.981688976287842,6.074189186096191,2800936
1989-12-28,2.6190125942230225,6.105021953582764,6.105021953582764,5.981688976287842,5.981688976287842,841213
1989-12-29,2.6454672813415527,6.166688919067383,6.166688919067383,6.105021953582764,6.105021953582764,2389451
1990-01-02,2.698376417160034,6.290022850036621,6.320857048034668,6.074189186096191,6.1358561515808105,2341613
1990-01-03,2.764512777328491,6.44419002532959,6.475024223327637,6.320857048034668,6.35168981552124,5617682
1990-01-04,2.711604595184326,6.320857048034668,6.44419002532959,6.259190082550049,6.413356781005859,2632693
1990-01-05,2.671921968460083,6.228355884552002,6.290022850036621,6.228355884552002,6.259190082550049,2175803
1990-01-08,2.698376417160034,6.290022850036621,6.290022850036621,6.166688919067383,6.19752311706543,1607832
1990-01-09,2.6851494312286377,6.259190082550049,6.382523059844971,6.228355884552002,6.320857048034668,2979719
1990-01-10,2.6322407722473145,6.1358561515808105,6.259190082550049,6.043355941772461,6.228355884552002,3171069
1990-01-11,2.6322407722473145,6.1358561515808105,6.166688919067383,6.074189186096191,6.166688919067383,1370671
1990-01-12,2.552875518798828,5.950854778289795,6.074189186096191,5.950854778289795,6.012522220611572,1920804
1990-01-15,2.552875518798828,5.950854778289795,5.981688976287842,5.889187812805176,5.981688976287842,1143239
1990-01-16,2.552875518798828,5.950854778289795,5.981688976287842,5.7658538818359375,5.8583550453186035,3289042
1990-01-17,2.552875518798828,5.950854778289795,6.043355941772461,5.920022010803223,5.950854778289795,2153100
1990-01-18,2.579331398010254,6.012522220611572,6.043355941772461,5.889187812805176,5.950854778289795,2011614
1990-01-19,2.6057851314544678,6.074189186096191,6.074189186096191,6.012522220611572,6.043355941772461,2217154
1990-01-22,2.552875518798828,5.950854778289795,6.074189186096191,5.950854778289795,6.074189186096191,1443643
1990-01-23,2.5131943225860596,5.8583550453186035,6.012522220611572,5.8583550453186035,5.981688976287842,1860399
1990-01-24,2.552875518798828,5.950854778289795,5.950854778289795,5.642520904541016,5.673354148864746,4179714
1990-01-25,2.579331398010254,6.012522220611572,6.074189186096191,5.981688976287842,6.043355941772461,3815662
1990-01-26,2.5131943225860596,5.8583550453186035,6.043355941772461,5.827520847320557,6.012522220611572,2672423
1990-01-29,2.4735107421875,5.7658538818359375,6.074189186096191,5.735021114349365,5.889187812805176,1917155
1990-01-30,2.486739158630371,5.796688079833984,5.796688079833984,5.642520904541016,5.7658538818359375,2399180
1990-01-31,2.5131943225860596,5.8583550453186035,5.8583550453186035,5.796688079833984,5.796688079833984,2101209
1990-02-01,2.4735107421875,5.7658538818359375,5.889187812805176,5.7658538818359375,5.8583550453186035,3283366
1990-02-02,2.4999661445617676,5.827520847320557,5.8583550453186035,5.735021114349365,5.7658538818359375,3295528
1990-02-05,2.4735107421875,5.7658538818359375,5.827520847320557,5.7658538818359375,5.827520847320557,1061753
1990-02-06,2.4602839946746826,5.735021114349365,5.796688079833984,5.704187870025635,5.796688079833984,2530937
1990-02-07,2.539647340774536,5.920022010803223,5.950854778289795,5.735021114349365,5.7658538818359375,6832272
1990-02-08,2.592557191848755,6.043355941772461,6.105021953582764,5.950854778289795,5.981688976287842,6161329
1990-02-09,2.6057851314544678,6.074189186096191,6.1358561515808105,6.043355941772461,6.105021953582764,2081344
1990-02-12,2.5661041736602783,5.981688976287842,6.074189186096191,5.981688976287842,6.043355941772461,1548643
1990-02-13,2.5661041736602783,5.981688976287842,5.981688976287842,5.920022010803223,5.950854778289795,1227563
1990-02-14,2.579331398010254,6.012522220611572,6.1358561515808105,6.012522220611572,6.043355941772461,2423099
1990-02-15,2.6190125942230225,6.105021953582764,6.1358561515808105,6.012522220611572,6.074189186096191,2286073
1990-02-16,2.592557191848755,6.043355941772461,6.166688919067383,6.043355941772461,6.1358561515808105,3457690
1990-02-20,2.5264205932617188,5.889187812805176,5.981688976287842,5.889187812805176,5.981688976287842,1371481
1990-02-21,2.5264205932617188,5.889187812805176,5.920022010803223,5.796688079833984,5.796688079833984,2783503
1990-02-22,2.539647340774536,5.920022010803223,6.012522220611572,5.920022010803223,5.950854778289795,1603372
1990-02-23,2.4999661445617676,5.827520847320557,5.950854778289795,5.7658538818359375,5.889187812805176,5049711
1990-02-26,2.5131943225860596,5.8583550453186035,5.889187812805176,5.673354148864746,5.7658538818359375,4651199
1990-02-27,2.5661041736602783,5.981688976287842,6.074189186096191,5.827520847320557,5.8583550453186035,3655933
1990-02-28,2.6322407722473145,6.1358561515808105,6.1358561515808105,6.012522220611572,6.012522220611572,2269046
1990-03-01,2.6322407722473145,6.1358561515808105,6.1358561515808105,6.074189186096191,6.1358561515808105,2622153
1990-03-02,2.6190125942230225,6.105021953582764,6.259190082550049,6.043355941772461,6.1358561515808105,8428347
1990-03-05,2.592557191848755,6.043355941772461,6.105021953582764,5.950854778289795,6.074189186096191,2869044
1990-03-06,2.579331398010254,6.012522220611572,6.043355941772461,5.950854778289795,6.012522220611572,1595670
1990-03-07,2.6190125942230225,6.105021953582764,6.105021953582764,6.043355941772461,6.043355941772461,2837827
1990-03-08,2.649366855621338,6.1358561515808105,6.19752311706543,6.074189186096191,6.105021953582764,3238366
1990-03-09,2.649366855621338,6.1358561515808105,6.19752311706543,6.074189186096191,6.1358561515808105,2693098
1990-03-12,2.622741222381592,6.074189186096191,6.105021953582764,6.012522220611572,6.074189186096191,1513778
1990-03-13,2.569486379623413,5.950854778289795,6.043355941772461,5.889187812805176,5.981688976287842,4574983
1990-03-14,2.5827996730804443,5.981688976287842,6.012522220611572,5.920022010803223,5.950854778289795,1856750
1990-03-15,2.5827996730804443,5.981688976287842,6.012522220611572,5.920022010803223,5.981688976287842,2957827
1990-03-16,2.5827996730804443,5.981688976287842,6.043355941772461,5.920022010803223,6.012522220611572,3600392
1990-03-19,2.5961129665374756,6.012522220611572,6.043355941772461,5.889187812805176,5.920022010803223,1664183
1990-03-20,2.569486379623413,5.950854778289795,6.012522220611572,5.889187812805176,5.950854778289795,2152695
1990-03-21,2.5428600311279297,5.889187812805176,6.012522220611572,5.827520847320557,5.981688976287842,2013641
1990-03-22,2.5428600311279297,5.889187812805176,6.012522220611572,5.827520847320557,5.889187812805176,4019985
1990-03-23,2.5561723709106445,5.920022010803223,5.981688976287842,5.920022010803223,5.950854778289795,1825939
1990-03-26,2.5561723709106445,5.920022010803223,6.012522220611572,5.920022010803223,5.950854778289795,1333373
1990-03-27,2.5961129665374756,6.012522220611572,6.012522220611572,5.889187812805176,5.920022010803223,1131077
1990-03-28,2.5827996730804443,5.981688976287842,6.012522220611572,5.950854778289795,5.981688976287842,890267
1990-03-29,2.6094255447387695,6.043355941772461,6.043355941772461,5.950854778289795,5.981688976287842,1267293
1990-03-30,2.5827996730804443,5.981688976287842,6.1358561515808105,5.920022010803223,6.043355941772461,2185938
1990-04-02,2.5561723709106445,5.920022010803223,5.981688976287842,5.889187812805176,5.920022010803223,1273779
1990-04-03,2.622741222381592,6.074189186096191,6.105021953582764,5.981688976287842,5.981688976287842,2042830
1990-04-04,2.5961129665374756,6.012522220611572,6.320857048034668,5.981688976287842,6.105021953582764,8886859
1990-04-05,2.4363534450531006,5.642520904541016,6.1358561515808105,5.5808539390563965,6.105021953582764,18086690
1990-04-06,2.3697853088378906,5.4883527755737305,5.735021114349365,5.457520008087158,5.704187870025635,8394699
1990-04-09,2.4230406284332275,5.611687183380127,5.673354148864746,5.4883527755737305,5.4883527755737305,2518369
1990-04-10,2.409726142883301,5.5808539390563965,5.642520904541016,5.550020217895508,5.5808539390563965,2866206
1990-04-11,2.409726142883301,5.5808539390563965,5.642520904541016,5.519186973571777,5.5808539390563965,2107695
1990-04-12,2.396411657333374,5.550020217895508,5.611687183380127,5.4883527755737305,5.550020217895508,4767550
1990-04-16,2.396411657333374,5.550020217895508,5.5808539390563965,5.4883527755737305,5.550020217895508,3235123
1990-04-17,2.3431589603424072,5.426686763763428,5.519186973571777,5.395853042602539,5.4883527755737305,2654990
1990-04-18,2.329845905303955,5.395853042602539,5.4883527755737305,5.3033528327941895,5.4883527755737305,2840260
1990-04-19,2.3032186031341553,5.33418607711792,5.395853042602539,5.210852146148682,5.395853042602539,5161197
1990-04-20,2.276592254638672,5.272519111633301,5.365019798278809,5.149186134338379,5.365019798278809,4620794
1990-04-23,2.2233378887176514,5.149186134338379,5.272519111633301,5.118351936340332,5.24168586730957,3604446
1990-04-24,2.2366526126861572,5.180018901824951,5.272519111633301,5.149186134338379,5.180018901824951,2314856
1990-04-25,2.2366526126861572,5.180018901824951,5.272519111633301,5.149186134338379,5.210852146148682,1888777
1990-04-26,2.2233378887176514,5.149186134338379,5.24168586730957,5.149186134338379,5.210852146148682,3569581
1990-04-27,2.1967124938964844,5.08751916885376,5.180018901824951,5.056684970855713,5.180018901824951,2077290
1990-04-30,2.2100250720977783,5.118351936340332,5.149186134338379,5.056684970855713,5.08751916885376,3417960
1990-05-01,2.2233378887176514,5.149186134338379,5.180018901824951,5.056684970855713,5.118351936340332,3989985
1990-05-02,2.289905548095703,5.3033528327941895,5.33418607711792,5.118351936340332,5.118351936340332,3525392
1990-05-03,2.289905548095703,5.3033528327941895,5.457520008087158,5.24168586730957,5.426686763763428,3984715
1990-05-04,2.289905548095703,5.3033528327941895,5.365019798278809,5.24168586730957,5.33418607711792,3337690
1990-05-07,2.3564720153808594,5.457520008087158,5.519186973571777,5.33418607711792,5.365019798278809,3137421
1990-05-08,2.4363534450531006,5.642520904541016,5.642520904541016,5.4883527755737305,5.519186973571777,3469041
1990-05-09,2.4496653079986572,5.673354148864746,5.735021114349365,5.611687183380127,5.642520904541016,4043499
1990-05-10,2.4363534450531006,5.642520904541016,5.673354148864746,5.519186973571777,5.642520904541016,4121336
1990-05-11,2.4496653079986572,5.673354148864746,5.735021114349365,5.5808539390563965,5.673354148864746,4238498
1990-05-14,2.4762930870056152,5.735021114349365,5.8583550453186035,5.673354148864746,5.735021114349365,4791469
1990-05-15,2.4363534450531006,5.642520904541016,5.704187870025635,5.611687183380127,5.673354148864746,2466477
1990-05-16,2.409726142883301,5.5808539390563965,5.642520904541016,5.550020217895508,5.642520904541016,1911479
1990-05-17,2.4496653079986572,5.673354148864746,5.704187870025635,5.611687183380127,5.642520904541016,2096344
1990-05-18,2.4496653079986572,5.673354148864746,5.704187870025635,5.642520904541016,5.673354148864746,2720666
1990-05-21,2.4762930870056152,5.735021114349365,5.7658538818359375,5.642520904541016,5.704187870025635,2788774
1990-05-22,2.4629786014556885,5.704187870025635,5.827520847320557,5.704187870025635,5.796688079833984,2226884
1990-05-23,2.4762930870056152,5.735021114349365,5.7658538818359375,5.704187870025635,5.735021114349365,1466346
1990-05-24,2.4230406284332275,5.611687183380127,5.735021114349365,5.611687183380127,5.735021114349365,2449856
1990-05-25,2.4363534450531006,5.642520904541016,5.704187870025635,5.519186973571777,5.611687183380127,1516211
1990-05-29,2.4496653079986572,5.673354148864746,5.704187870025635,5.611687183380127,5.642520904541016,1937020
1990-05-30,2.4629786014556885,5.704187870025635,5.7658538818359375,5.673354148864746,5.673354148864746,4946333
1990-05-31,2.5029196739196777,5.796688079833984,5.796688079833984,5.704187870025635,5.704187870025635,3799851
1990-06-01,2.4896061420440674,5.7658538818359375,5.827520847320557,5.673354148864746,5.7658538818359375,1718913
1990-06-04,2.5162320137023926,5.827520847320557,5.8583550453186035,5.735021114349365,5.7658538818359375,4923225
1990-06-05,2.4896061420440674,5.7658538818359375,5.889187812805176,5.735021114349365,5.8583550453186035,3916607
1990-06-06,2.5029196739196777,5.796688079833984,5.796688079833984,5.704187870025635,5.704187870025635,2356613
1990-06-07,2.52007794380188,5.796688079833984,5.796688079833984,5.704187870025635,5.735021114349365,4620794
1990-06-08,2.5334813594818115,5.827520847320557,5.920022010803223,5.796688079833984,5.889187812805176,4717280
1990-06-11,2.5871007442474365,5.950854778289795,5.981688976287842,5.796688079833984,5.796688079833984,3157286
1990-06-12,2.6675286293029785,6.1358561515808105,6.166688919067383,5.981688976287842,5.981688976287842,6602408
1990-06-13,2.6675286293029785,6.1358561515808105,6.19752311706543,6.043355941772461,6.1358561515808105,7659296
1990-06-14,2.640721082687378,6.074189186096191,6.166688919067383,6.074189186096191,6.105021953582764,2712558
1990-06-15,2.6943392753601074,6.19752311706543,6.19752311706543,6.074189186096191,6.105021953582764,8225240
1990-06-18,2.640721082687378,6.074189186096191,6.19752311706543,6.043355941772461,6.166688919067383,3016205
1990-06-19,2.6273138523101807,6.043355941772461,6.105021953582764,6.012522220611572,6.074189186096191,2562964
1990-06-20,2.680933952331543,6.166688919067383,6.166688919067383,6.074189186096191,6.105021953582764,2960665
1990-06-21,2.6943392753601074,6.19752311706543,6.19752311706543,6.105021953582764,6.1358561515808105,4109580
1990-06-22,2.680933952331543,6.166688919067383,6.320857048034668,6.1358561515808105,6.19752311706543,6454841
1990-06-25,2.6139097213745117,6.012522220611572,6.166688919067383,6.012522220611572,6.166688919067383,2211478
1990-06-26,2.5871007442474365,5.950854778289795,6.074189186096191,5.950854778289795,6.043355941772461,2361478
1990-06-27,2.6139097213745117,6.012522220611572,6.012522220611572,5.920022010803223,5.950854778289795,3248907
1990-06-28,2.6139097213745117,6.012522220611572,6.043355941772461,5.950854778289795,6.043355941772461,1680399
1990-06-29,2.573694944381714,5.920022010803223,6.043355941772461,5.889187812805176,6.012522220611572,5039982
1990-07-02,2.573694944381714,5.920022010803223,5.920022010803223,5.8583550453186035,5.920022010803223,1795534
1990-07-03,2.5871007442474365,5.950854778289795,6.012522220611572,5.889187812805176,5.920022010803223,2391883
1990-07-05,2.5871007442474365,5.950854778289795,6.012522220611572,5.950854778289795,5.950854778289795,1356887
1990-07-06,2.6541240215301514,6.105021953582764,6.105021953582764,5.981688976287842,5.981688976287842,2034317
1990-07-09,2.640721082687378,6.074189186096191,6.105021953582764,6.043355941772461,6.105021953582764,1709994
1990-07-10,2.6541240215301514,6.105021953582764,6.105021953582764,6.043355941772461,6.074189186096191,2334316
1990-07-11,2.680933952331543,6.166688919067383,6.228355884552002,6.043355941772461,6.074189186096191,3936067
1990-07-12,2.747957468032837,6.320857048034668,6.320857048034668,6.19752311706543,6.19752311706543,5526061
1990-07-13,2.7881717681884766,6.413356781005859,6.505856990814209,6.259190082550049,6.35168981552124,6016194
1990-07-16,2.855193853378296,6.567523956298828,6.598358154296875,6.505856990814209,6.567523956298828,11031446
1990-07-17,2.9222183227539062,6.721691131591797,6.7525248527526855,6.598358154296875,6.629190921783447,10824690
1990-07-18,2.882002353668213,6.629190921783447,6.721691131591797,6.598358154296875,6.721691131591797,7457000
1990-07-19,2.8954086303710938,6.660024166107178,6.660024166107178,6.505856990814209,6.629190921783447,2637963
1990-07-20,2.855193853378296,6.567523956298828,6.783358097076416,6.567523956298828,6.629190921783447,7392540
1990-07-23,2.7881717681884766,6.413356781005859,6.536691188812256,6.043355941772461,6.536691188812256,9530235
1990-07-24,2.774765968322754,6.382523059844971,6.413356781005859,6.290022850036621,6.413356781005859,3120799
1990-07-25,2.8417916297912598,6.536691188812256,6.567523956298828,6.35168981552124,6.382523059844971,2947286
1990-07-26,2.8149800300598145,6.475024223327637,6.475024223327637,6.413356781005859,6.475024223327637,3348636
1990-07-27,2.747957468032837,6.320857048034668,6.475024223327637,6.320857048034668,6.475024223327637,2155938
1990-07-30,2.721148729324341,6.259190082550049,6.320857048034668,6.228355884552002,6.259190082550049,2528504
1990-07-31,2.747957468032837,6.320857048034668,6.35168981552124,6.259190082550049,6.320857048034668,2766071
1990-08-01,2.7881717681884766,6.413356781005859,6.44419002532959,6.290022850036621,6.320857048034668,2685801
1990-08-02,2.747957468032837,6.320857048034668,6.35168981552124,6.228355884552002,6.35168981552124,2678098
1990-08-03,2.680933952331543,6.166688919067383,6.320857048034668,5.920022010803223,6.320857048034668,5155116
1990-08-06,2.52007794380188,5.796688079833984,5.950854778289795,5.7658538818359375,5.950854778289795,2824854
1990-08-07,2.6005055904388428,5.981688976287842,6.074189186096191,5.920022010803223,6.012522220611572,3108232
1990-08-08,2.6541240215301514,6.105021953582764,6.166688919067383,5.950854778289795,6.012522220611572,2324586
1990-08-09,2.6675286293029785,6.1358561515808105,6.1358561515808105,6.012522220611572,6.1358561515808105,1500805
1990-08-10,2.6139097213745117,6.012522220611572,6.1358561515808105,5.950854778289795,6.1358561515808105,1712021
1990-08-13,2.6541240215301514,6.105021953582764,6.105021953582764,5.950854778289795,5.950854778289795,2571882
1990-08-14,2.640721082687378,6.074189186096191,6.105021953582764,5.981688976287842,6.043355941772461,2874719
1990-08-15,2.6541240215301514,6.105021953582764,6.1358561515808105,6.074189186096191,6.1358561515808105,1815399
1990-08-16,2.6005055904388428,5.981688976287842,6.105021953582764,5.981688976287842,6.105021953582764,1526346
1990-08-17,2.5334813594818115,5.827520847320557,5.8583550453186035,5.735021114349365,5.796688079833984,5175386
1990-08-20,2.4932689666748047,5.735021114349365,5.796688079833984,5.704187870025635,5.796688079833984,2637963
1990-08-21,2.412839651107788,5.550020217895508,5.704187870025635,5.519186973571777,5.673354148864746,4594037
1990-08-22,2.372626781463623,5.457520008087158,5.611687183380127,5.426686763763428,5.611687183380127,3483636
1990-08-23,2.3458173274993896,5.395853042602539,5.4883527755737305,5.3033528327941895,5.365019798278809,3529852
1990-08-24,2.4664580821990967,5.673354148864746,5.673354148864746,5.457520008087158,5.519186973571777,3806743
1990-08-27,2.5468862056732178,5.8583550453186035,5.8583550453186035,5.735021114349365,5.796688079833984,1810534
1990-08-28,2.5334813594818115,5.827520847320557,5.8583550453186035,5.7658538818359375,5.8583550453186035,3344177
1990-08-29,2.5334813594818115,5.827520847320557,5.950854778289795,5.673354148864746,5.7658538818359375,1716075
1990-08-30,2.4932689666748047,5.735021114349365,5.827520847320557,5.704187870025635,5.796688079833984,1577427
1990-08-31,2.5334813594818115,5.827520847320557,5.827520847320557,5.735021114349365,5.796688079833984,1429454
1990-09-04,2.5066733360290527,5.7658538818359375,5.7658538818359375,5.704187870025635,5.7658538818359375,2326613
1990-09-05,2.5468862056732178,5.8583550453186035,5.889187812805176,5.7658538818359375,5.7658538818359375,1884723
1990-09-06,2.537170171737671,5.796688079833984,5.827520847320557,5.7658538818359375,5.827520847320557,1536481
1990-09-07,2.5641605854034424,5.8583550453186035,5.8583550453186035,5.796688079833984,5.796688079833984,2116614
1990-09-10,2.591150999069214,5.920022010803223,6.043355941772461,5.889187812805176,5.950854778289795,1964182
1990-09-11,2.5641605854034424,5.8583550453186035,5.950854778289795,5.796688079833984,5.920022010803223,758916
1990-09-12,2.5641605854034424,5.8583550453186035,5.8583550453186035,5.7658538818359375,5.8583550453186035,1611886
1990-09-13,2.5641605854034424,5.8583550453186035,5.889187812805176,5.827520847320557,5.8583550453186035,1237698
1990-09-14,2.5506651401519775,5.827520847320557,5.8583550453186035,5.796688079833984,5.827520847320557,969726
1990-09-17,2.5641605854034424,5.8583550453186035,5.8583550453186035,5.7658538818359375,5.796688079833984,1331752
1990-09-18,2.523674964904785,5.7658538818359375,5.796688079833984,5.704187870025635,5.796688079833984,2539450
1990-09-19,2.5641605854034424,5.8583550453186035,5.8583550453186035,5.735021114349365,5.735021114349365,3434987
1990-09-20,2.537170171737671,5.796688079833984,5.827520847320557,5.7658538818359375,5.827520847320557,2598639
1990-09-21,2.5641605854034424,5.8583550453186035,5.8583550453186035,5.704187870025635,5.735021114349365,3649446
1990-09-24,2.4696929454803467,5.642520904541016,5.827520847320557,5.5808539390563965,5.827520847320557,3399312
1990-09-25,2.5506651401519775,5.827520847320557,5.8583550453186035,5.704187870025635,5.735021114349365,1727021
1990-09-26,2.537170171737671,5.796688079833984,5.8583550453186035,5.7658538818359375,5.8583550453186035,2052155
1990-09-27,2.496683120727539,5.704187870025635,5.8583550453186035,5.704187870025635,5.796688079833984,4427822
1990-09-28,2.6046481132507324,5.950854778289795,5.981688976287842,5.673354148864746,5.673354148864746,4607416
1990-10-01,2.699117422103882,6.166688919067383,6.166688919067383,5.950854778289795,6.043355941772461,6241599
1990-10-02,2.672125816345215,6.105021953582764,6.259190082550049,6.105021953582764,6.19752311706543,3942553
1990-10-03,2.631638288497925,6.012522220611572,6.105021953582764,6.012522220611572,6.074189186096191,2194857
1990-10-04,2.7531003952026367,6.290022850036621,6.290022850036621,6.043355941772461,6.043355941772461,7452946
1990-10-05,2.739605188369751,6.259190082550049,6.320857048034668,6.1358561515808105,6.166688919067383,4137958
1990-10-08,2.739605188369751,6.259190082550049,6.290022850036621,6.166688919067383,6.259190082550049,3097286
1990-10-09,2.672125816345215,6.105021953582764,6.228355884552002,6.105021953582764,6.19752311706543,4065796
1990-10-10,2.672125816345215,6.105021953582764,6.166688919067383,6.043355941772461,6.105021953582764,3388771
1990-10-11,2.6046481132507324,5.950854778289795,6.105021953582764,5.920022010803223,6.074189186096191,3057151
1990-10-12,2.6586313247680664,6.074189186096191,6.105021953582764,5.889187812805176,6.012522220611572,3842418
1990-10-15,2.7665953636169434,6.320857048034668,6.35168981552124,6.1358561515808105,6.1358561515808105,5639574
1990-10-16,2.7531003952026367,6.290022850036621,6.382523059844971,6.259190082550049,6.35168981552124,3561473
1990-10-17,2.7531003952026367,6.290022850036621,6.35168981552124,6.290022850036621,6.290022850036621,3164583
1990-10-18,2.861065626144409,6.536691188812256,6.536691188812256,6.320857048034668,6.320857048034668,8933886
1990-10-19,2.9015495777130127,6.629190921783447,6.721691131591797,6.44419002532959,6.660024166107178,8891319
1990-10-22,2.9150474071502686,6.660024166107178,6.660024166107178,6.567523956298828,6.567523956298828,4241336
1990-10-23,2.847568988800049,6.505856990814209,6.629190921783447,6.475024223327637,6.598358154296875,2869044
1990-10-24,2.8745594024658203,6.567523956298828,6.629190921783447,6.413356781005859,6.505856990814209,2849179
1990-10-25,2.807082414627075,6.413356781005859,6.598358154296875,6.413356781005859,6.567523956298828,1765534
1990-10-26,2.7665953636169434,6.320857048034668,6.413356781005859,6.320857048034668,6.413356781005859,2149857
1990-10-29,2.7531003952026367,6.290022850036621,6.413356781005859,6.228355884552002,6.382523059844971,2372018
1990-10-30,2.780089855194092,6.35168981552124,6.35168981552124,6.166688919067383,6.259190082550049,2152289
1990-10-31,2.739605188369751,6.259190082550049,6.44419002532959,6.228355884552002,6.413356781005859,2204992
1990-11-01,2.7531003952026367,6.290022850036621,6.320857048034668,6.228355884552002,6.290022850036621,1894047
1990-11-02,2.7935867309570312,6.382523059844971,6.413356781005859,6.228355884552002,6.290022850036621,1567292
1990-11-05,2.8880558013916016,6.598358154296875,6.598358154296875,6.35168981552124,6.382523059844971,3076205
1990-11-06,2.8340725898742676,6.475024223327637,6.598358154296875,6.475024223327637,6.536691188812256,1564454
1990-11-07,2.7935867309570312,6.382523059844971,6.44419002532959,6.320857048034668,6.44419002532959,1478508
1990-11-08,2.7531003952026367,6.290022850036621,6.320857048034668,6.228355884552002,6.320857048034668,2279586
1990-11-09,2.820577621459961,6.44419002532959,6.475024223327637,6.320857048034668,6.35168981552124,1948371
1990-11-12,2.847568988800049,6.505856990814209,6.536691188812256,6.413356781005859,6.475024223327637,2308370
1990-11-13,2.8745594024658203,6.567523956298828,6.598358154296875,6.475024223327637,6.505856990814209,4433092
1990-11-14,2.861065626144409,6.536691188812256,6.629190921783447,6.536691188812256,6.598358154296875,3379852
1990-11-15,2.820577621459961,6.44419002532959,6.475024223327637,6.413356781005859,6.44419002532959,2106073
1990-11-16,2.8745594024658203,6.567523956298828,6.567523956298828,6.44419002532959,6.44419002532959,3641338
1990-11-19,2.9150474071502686,6.660024166107178,6.660024166107178,6.536691188812256,6.536691188812256,3190529
1990-11-20,2.820577621459961,6.44419002532959,6.660024166107178,6.44419002532959,6.660024166107178,2952151
1990-11-21,2.820577621459961,6.44419002532959,6.629190921783447,6.44419002532959,6.505856990814209,2007560
1990-11-23,2.807082414627075,6.413356781005859,6.44419002532959,6.382523059844971,6.44419002532959,687970
1990-11-26,2.8340725898742676,6.475024223327637,6.475024223327637,6.35168981552124,6.382523059844971,2040803
1990-11-27,2.9150474071502686,6.660024166107178,6.690857887268066,6.505856990814209,6.536691188812256,6354301
1990-11-28,2.9420382976531982,6.721691131591797,6.783358097076416,6.660024166107178,6.721691131591797,4402687
1990-11-29,3.009516477584839,6.875858783721924,6.875858783721924,6.629190921783447,6.690857887268066,4618361
1990-11-30,3.0365066528320312,6.937524795532227,6.937524795532227,6.7525248527526855,6.814191818237305,5046873
1990-12-03,3.0365066528320312,6.937524795532227,6.999192237854004,6.875858783721924,6.999192237854004,3021881
1990-12-04,3.076993227005005,7.030025959014893,7.060859203338623,6.906692028045654,6.968358993530273,4529173
1990-12-05,3.130976438522339,7.153359889984131,7.153359889984131,7.030025959014893,7.030025959014893,4338227
1990-12-06,3.0940639972686768,7.030025959014893,7.276692867279053,6.999192237854004,7.2458600997924805,5233359
1990-12-07,3.0262129306793213,6.875858783721924,7.030025959014893,6.845025062561035,6.999192237854004,3982688
1990-12-10,3.080493450164795,6.999192237854004,7.030025959014893,6.875858783721924,6.906692028045654,1960533
1990-12-11,3.1212058067321777,7.091692924499512,7.091692924499512,6.937524795532227,6.999192237854004,2212289
1990-12-12,3.1076345443725586,7.060859203338623,7.091692924499512,6.999192237854004,7.060859203338623,3892688
1990-12-13,3.1076345443725586,7.060859203338623,7.122526168823242,6.999192237854004,7.060859203338623,2703233
1990-12-14,3.0533530712127686,6.937524795532227,6.999192237854004,6.875858783721924,6.999192237854004,1653237
1990-12-17,3.0397844314575195,6.906692028045654,6.937524795532227,6.845025062561035,6.906692028045654,1019185
1990-12-18,3.0669238567352295,6.968358993530273,6.999192237854004,6.875858783721924,6.875858783721924,1999858
1990-12-19,3.080493450164795,6.999192237854004,6.999192237854004,6.906692028045654,6.968358993530273,1831209
1990-12-20,3.0533530712127686,6.937524795532227,7.030025959014893,6.875858783721924,6.937524795532227,2412964
1990-12-21,3.0397844314575195,6.906692028045654,6.968358993530273,6.845025062561035,6.968358993530273,2999178
1990-12-24,3.0126428604125977,6.845025062561035,6.906692028045654,6.7525248527526855,6.875858783721924,964456
1990-12-26,3.0533530712127686,6.937524795532227,6.937524795532227,6.845025062561035,6.845025062561035,1071077
1990-12-27,3.0126428604125977,6.845025062561035,6.906692028045654,6.845025062561035,6.845025062561035,760132
1990-12-28,3.0262129306793213,6.875858783721924,6.875858783721924,6.814191818237305,6.845025062561035,1316752
1990-12-31,3.0262129306793213,6.875858783721924,6.906692028045654,6.7525248527526855,6.845025062561035,1478508
1991-01-02,2.9719302654266357,6.7525248527526855,6.906692028045654,6.7525248527526855,6.906692028045654,2877557
1991-01-03,2.917646884918213,6.629190921783447,6.783358097076416,6.629190921783447,6.7525248527526855,2037965
1991-01-04,2.8497955799102783,6.475024223327637,6.660024166107178,6.320857048034668,6.660024166107178,3624311
1991-01-07,2.7819440364837646,6.320857048034668,6.505856990814209,6.320857048034668,6.475024223327637,1696210
1991-01-08,2.795513391494751,6.35168981552124,6.44419002532959,6.320857048034668,6.382523059844971,2434451
1991-01-09,2.836225748062134,6.44419002532959,6.629190921783447,6.35168981552124,6.536691188812256,2926205
1991-01-10,2.836225748062134,6.44419002532959,6.505856990814209,6.413356781005859,6.505856990814209,1523913
1991-01-11,2.890507221221924,6.567523956298828,6.598358154296875,6.413356781005859,6.505856990814209,3172286
1991-01-14,2.876938581466675,6.536691188812256,6.536691188812256,6.44419002532959,6.475024223327637,3283366
1991-01-15,2.917646884918213,6.629190921783447,6.629190921783447,6.44419002532959,6.475024223327637,1850263
1991-01-16,2.9312195777893066,6.660024166107178,6.7525248527526855,6.598358154296875,6.598358154296875,2856881
1991-01-17,3.0126428604125977,6.845025062561035,7.091692924499512,6.814191818237305,7.030025959014893,4922009
1991-01-18,3.0397844314575195,6.906692028045654,6.937524795532227,6.814191818237305,6.845025062561035,3792148
1991-01-21,3.0126428604125977,6.845025062561035,6.875858783721924,6.690857887268066,6.814191818237305,2433640
1991-01-22,3.0397844314575195,6.906692028045654,6.937524795532227,6.783358097076416,6.814191818237305,4846604
1991-01-23,3.1076345443725586,7.060859203338623,7.122526168823242,6.937524795532227,7.030025959014893,4387687
1991-01-24,3.1754863262176514,7.215025901794434,7.276692867279053,7.153359889984131,7.153359889984131,5293359
1991-01-25,3.1619160175323486,7.184193134307861,7.215025901794434,7.060859203338623,7.184193134307861,2697558
1991-01-28,3.1619160175323486,7.184193134307861,7.215025901794434,7.091692924499512,7.091692924499512,1881480
1991-01-29,3.1483466625213623,7.153359889984131,7.184193134307861,7.091692924499512,7.184193134307861,2674450
1991-01-30,3.202627658843994,7.276692867279053,7.338359832763672,7.091692924499512,7.091692924499512,4790658
1991-01-31,3.202627658843994,7.276692867279053,7.276692867279053,7.153359889984131,7.276692867279053,2755530
1991-02-01,3.1754863262176514,7.215025901794434,7.338359832763672,7.184193134307861,7.338359832763672,3214448
1991-02-04,3.1890573501586914,7.2458600997924805,7.338359832763672,7.153359889984131,7.215025901794434,3540392
1991-02-05,3.2569117546081543,7.400026798248291,7.400026798248291,7.2458600997924805,7.3075270652771,4437957
1991-02-06,3.270479679107666,7.430860996246338,7.492527008056641,7.338359832763672,7.338359832763672,6299166
1991-02-07,3.2840518951416016,7.46169376373291,7.585028171539307,7.369194030761719,7.430860996246338,4791469
1991-02-08,3.2840518951416016,7.46169376373291,7.492527008056641,7.338359832763672,7.400026798248291,2165262
1991-02-11,3.3519034385681152,7.615860939025879,7.677527904510498,7.46169376373291,7.492527008056641,3304853
1991-02-12,3.3111910820007324,7.5233612060546875,7.739194869995117,7.5233612060546875,7.585028171539307,3353907
1991-02-13,3.3247623443603516,7.55419397354126,7.585028171539307,7.400026798248291,7.55419397354126,3372961
1991-02-14,3.2840518951416016,7.46169376373291,7.708362102508545,7.430860996246338,7.585028171539307,4180525
1991-02-15,3.3519034385681152,7.615860939025879,7.677527904510498,7.400026798248291,7.400026798248291,4484984
1991-02-19,3.4197568893432617,7.770029067993164,7.831695079803467,7.585028171539307,7.585028171539307,4129444
1991-02-20,3.3383328914642334,7.585028171539307,7.677527904510498,7.5233612060546875,7.646695137023926,2489585
1991-02-21,3.379045248031616,7.677527904510498,7.739194869995117,7.585028171539307,7.585028171539307,2390261
1991-02-22,3.4061858654022217,7.739194869995117,7.893362045288086,7.585028171539307,7.615860939025879,3013773
1991-02-25,3.3247623443603516,7.55419397354126,7.831695079803467,7.492527008056641,7.800861835479736,2892152
1991-02-26,3.365473985671997,7.646695137023926,7.646695137023926,7.400026798248291,7.400026798248291,2401613
1991-02-27,3.39261531829834,7.708362102508545,7.739194869995117,7.646695137023926,7.677527904510498,3104178
1991-02-28,3.39261531829834,7.708362102508545,7.739194869995117,7.492527008056641,7.708362102508545,2387829
1991-03-01,3.3383328914642334,7.585028171539307,7.646695137023926,7.430860996246338,7.646695137023926,3756878
1991-03-04,3.4061858654022217,7.739194869995117,7.770029067993164,7.55419397354126,7.646695137023926,2183911
1991-03-05,3.4740371704101562,7.893362045288086,7.924195766448975,7.739194869995117,7.739194869995117,3835121
1991-03-06,3.4468960762023926,7.831695079803467,7.985863208770752,7.739194869995117,7.955029010772705,2305532
1991-03-07,3.5216987133026123,7.955029010772705,8.047530174255371,7.831695079803467,7.8625288009643555,2496477
1991-03-08,3.6172492504119873,8.170863151550293,8.20169734954834,7.8625288009643555,7.893362045288086,3169448
1991-03-11,3.5080480575561523,7.924195766448975,8.140029907226562,7.924195766448975,8.109195709228516,2337559
1991-03-12,3.344249725341797,7.55419397354126,7.893362045288086,7.5233612060546875,7.831695079803467,2549991
1991-03-13,3.4943981170654297,7.893362045288086,7.955029010772705,7.615860939025879,7.615860939025879,2738503
1991-03-14,3.5353493690490723,7.985863208770752,8.140029907226562,7.8625288009643555,7.924195766448975,4203228
1991-03-15,3.4807488918304443,7.8625288009643555,8.047530174255371,7.770029067993164,8.047530174255371,4681604
1991-03-18,3.4397990703582764,7.770029067993164,7.924195766448975,7.646695137023926,7.800861835479736,2351343
1991-03-19,3.3715484142303467,7.615860939025879,7.739194869995117,7.55419397354126,7.585028171539307,2913638
1991-03-20,3.46709942817688,7.831695079803467,7.831695079803467,7.615860939025879,7.677527904510498,2041614
1991-03-21,3.5080480575561523,7.924195766448975,8.047530174255371,7.831695079803467,7.831695079803467,3072556
1991-03-22,3.5489981174468994,8.016695976257324,8.109195709228516,7.924195766448975,7.924195766448975,1206077
1991-03-25,3.6445469856262207,8.232529640197754,8.232529640197754,8.078363418579102,8.078363418579102,2070803
1991-03-26,3.7400989532470703,8.4483642578125,8.4483642578125,8.140029907226562,8.170863151550293,2850800
1991-03-27,3.671847343444824,8.294197082519531,8.479198455810547,8.2633638381958,8.4483642578125,2530531
1991-03-28,3.630899429321289,8.20169734954834,8.325031280517578,8.078363418579102,8.294197082519531,2220803
1991-04-01,3.6035990715026855,8.140029907226562,8.232529640197754,8.016695976257324,8.20169734954834,1818642
1991-04-02,3.7264485359191895,8.41753101348877,8.479198455810547,8.170863151550293,8.170863151550293,3267556
1991-04-03,3.781047821044922,8.540864944458008,8.695032119750977,8.41753101348877,8.510030746459961,4883496
1991-04-04,3.8356475830078125,8.66419792175293,8.695032119750977,8.510030746459961,8.602532386779785,3638500
1991-04-05,3.7673988342285156,8.510030746459961,8.756698608398438,8.510030746459961,8.725865364074707,2447423
1991-04-08,3.781047821044922,8.540864944458008,8.540864944458008,8.355863571166992,8.510030746459961,1302968
1991-04-09,3.7673988342285156,8.510030746459961,8.602532386779785,8.479198455810547,8.540864944458008,2800936
1991-04-10,3.781047821044922,8.540864944458008,8.571698188781738,8.479198455810547,8.479198455810547,2093911
1991-04-11,3.8356475830078125,8.66419792175293,8.756698608398438,8.479198455810547,8.571698188781738,2072425
1991-04-12,3.849297523498535,8.695032119750977,8.880032539367676,8.695032119750977,8.818366050720215,2473369
1991-04-15,3.917546510696411,8.849199295043945,8.880032539367676,8.787531852722168,8.818366050720215,2276343
1991-04-16,3.8765981197357178,8.756698608398438,8.910865783691406,8.695032119750977,8.880032539367676,5207008
1991-04-17,3.972148895263672,8.972533226013184,8.972533226013184,8.880032539367676,8.910865783691406,7177676
1991-04-18,4.01309871673584,9.065032958984375,9.157533645629883,8.910865783691406,8.972533226013184,3241610
1991-04-19,3.917546510696411,8.849199295043945,9.095867156982422,8.818366050720215,9.065032958984375,2230532
1991-04-22,3.862948179244995,8.725865364074707,9.003366470336914,8.602532386779785,8.880032539367676,2647288
1991-04-23,3.917546510696411,8.849199295043945,8.849199295043945,8.756698608398438,8.756698608398438,2144181
1991-04-24,3.890247344970703,8.787531852722168,8.910865783691406,8.725865364074707,8.880032539367676,1336211
1991-04-25,3.794699192047119,8.571698188781738,8.6333646774292,8.41753101348877,8.6333646774292,5031873
1991-04-26,3.794699192047119,8.571698188781738,8.602532386779785,8.510030746459961,8.540864944458008,3188096
1991-04-29,3.7264485359191895,8.41753101348877,8.6333646774292,8.41753101348877,8.571698188781738,2746612
1991-04-30,3.753746509552002,8.479198455810547,8.571698188781738,8.386696815490723,8.386696815490723,2388234
1991-05-01,3.890247344970703,8.787531852722168,8.787531852722168,8.41753101348877,8.4483642578125,2523639
1991-05-02,3.8765981197357178,8.756698608398438,8.910865783691406,8.66419792175293,8.818366050720215,2585261
1991-05-03,3.821998119354248,8.6333646774292,8.725865364074707,8.510030746459961,8.695032119750977,1697021
1991-05-06,3.821998119354248,8.6333646774292,8.66419792175293,8.571698188781738,8.602532386779785,1330941
1991-05-07,3.7673988342285156,8.510030746459961,8.725865364074707,8.510030746459961,8.66419792175293,1525535
1991-05-08,3.808349370956421,8.602532386779785,8.6333646774292,8.386696815490723,8.510030746459961,2018912
1991-05-09,3.849297523498535,8.695032119750977,8.725865364074707,8.602532386779785,8.6333646774292,2582423
1991-05-10,3.712798833847046,8.386696815490723,8.6333646774292,8.386696815490723,8.6333646774292,2494856
1991-05-13,3.7400989532470703,8.4483642578125,8.479198455810547,8.355863571166992,8.41753101348877,2053371
1991-05-14,3.671847343444824,8.294197082519531,8.4483642578125,8.232529640197754,8.4483642578125,2043236
1991-05-15,3.576298713684082,8.078363418579102,8.325031280517578,7.955029010772705,8.294197082519531,2621342
1991-05-16,3.671847343444824,8.294197082519531,8.325031280517578,8.140029907226562,8.20169734954834,1272157
1991-05-17,3.6172492504119873,8.170863151550293,8.2633638381958,8.140029907226562,8.232529640197754,3359582
1991-05-20,3.6854989528656006,8.325031280517578,8.325031280517578,8.140029907226562,8.170863151550293,1071483
1991-05-21,3.753746509552002,8.479198455810547,8.6333646774292,8.325031280517578,8.325031280517578,2451883
1991-05-22,3.794699192047119,8.571698188781738,8.602532386779785,8.41753101348877,8.540864944458008,1630940
1991-05-23,3.808349370956421,8.602532386779785,8.756698608398438,8.4483642578125,8.602532386779785,2308775
1991-05-24,3.849297523498535,8.695032119750977,8.818366050720215,8.571698188781738,8.571698188781738,1363779
1991-05-28,3.862948179244995,8.725865364074707,8.787531852722168,8.540864944458008,8.787531852722168,1702696
1991-05-29,3.8356475830078125,8.66419792175293,8.756698608398438,8.6333646774292,8.66419792175293,1784993
1991-05-30,3.821998119354248,8.6333646774292,8.756698608398438,8.6333646774292,8.66419792175293,1774048
1991-05-31,3.7673988342285156,8.510030746459961,8.602532386779785,8.41753101348877,8.571698188781738,1913506
1991-06-03,3.658198595046997,8.2633638381958,8.4483642578125,8.232529640197754,8.4483642578125,2282424
1991-06-04,3.712798833847046,8.386696815490723,8.386696815490723,8.170863151550293,8.294197082519531,1913912
1991-06-05,3.630899429321289,8.20169734954834,8.41753101348877,8.170863151550293,8.41753101348877,1813372
1991-06-06,3.637486696243286,8.170863151550293,8.2633638381958,8.078363418579102,8.170863151550293,3059989
1991-06-07,3.5551297664642334,7.985863208770752,8.109195709228516,7.8625288009643555,8.109195709228516,2382964
1991-06-10,3.5139501094818115,7.893362045288086,8.047530174255371,7.770029067993164,8.016695976257324,3834716
1991-06-11,3.5414021015167236,7.955029010772705,8.078363418579102,7.893362045288086,7.893362045288086,2950935
1991-06-12,3.527676820755005,7.924195766448975,7.955029010772705,7.831695079803467,7.955029010772705,2903503
1991-06-13,3.596308708190918,8.078363418579102,8.078363418579102,7.955029010772705,8.016695976257324,1836885
1991-06-14,3.6100354194641113,8.109195709228516,8.20169734954834,7.955029010772705,8.140029907226562,1795534
1991-06-17,3.5139501094818115,7.893362045288086,8.140029907226562,7.8625288009643555,8.109195709228516,1174050
1991-06-18,3.5139501094818115,7.893362045288086,7.985863208770752,7.831695079803467,7.8625288009643555,2500531
1991-06-19,3.5002238750457764,7.8625288009643555,7.924195766448975,7.831695079803467,7.893362045288086,3448771
1991-06-20,3.5551297664642334,7.985863208770752,7.985863208770752,7.831695079803467,7.8625288009643555,2219586
1991-06-21,3.5688555240631104,8.016695976257324,8.047530174255371,7.985863208770752,8.047530174255371,3702149
1991-06-24,3.459044933319092,7.770029067993164,7.955029010772705,7.770029067993164,7.893362045288086,2081344
1991-06-25,3.5414021015167236,7.955029010772705,7.985863208770752,7.800861835479736,7.800861835479736,2044857
1991-06-26,3.5551297664642334,7.985863208770752,8.016695976257324,7.893362045288086,7.955029010772705,1310265
1991-06-27,3.5688555240631104,8.016695976257324,8.232529640197754,7.893362045288086,7.985863208770752,1661345
1991-06-28,3.5414021015167236,7.955029010772705,8.016695976257324,7.924195766448975,7.955029010772705,1460265
1991-07-01,3.596308708190918,8.078363418579102,8.078363418579102,7.955029010772705,7.955029010772705,5288089
1991-07-02,3.596308708190918,8.078363418579102,8.078363418579102,7.985863208770752,8.078363418579102,1812966
1991-07-03,3.5688555240631104,8.016695976257324,8.078363418579102,7.985863208770752,8.047530174255371,1977966
1991-07-05,3.596308708190918,8.078363418579102,8.078363418579102,8.016695976257324,8.016695976257324,1163915
1991-07-08,3.6100354194641113,8.109195709228516,8.140029907226562,8.016695976257324,8.047530174255371,2183505
1991-07-09,3.596308708190918,8.078363418579102,8.170863151550293,8.047530174255371,8.140029907226562,2434045
1991-07-10,3.596308708190918,8.078363418579102,8.232529640197754,8.016695976257324,8.140029907226562,2219992
1991-07-11,3.5688555240631104,8.016695976257324,8.078363418579102,7.985863208770752,8.047530174255371,1353644
1991-07-12,3.5551297664642334,7.985863208770752,8.078363418579102,7.985863208770752,8.078363418579102,1121753
1991-07-15,3.596308708190918,8.078363418579102,8.140029907226562,7.985863208770752,7.985863208770752,2193641
1991-07-16,3.6649389266967773,8.232529640197754,8.232529640197754,8.109195709228516,8.170863151550293,3931607
1991-07-17,3.747298240661621,8.41753101348877,8.571698188781738,8.20169734954834,8.232529640197754,2673639
1991-07-18,3.7884764671325684,8.510030746459961,8.571698188781738,8.479198455810547,8.540864944458008,2049722
1991-07-19,3.761023998260498,8.4483642578125,8.540864944458008,8.386696815490723,8.540864944458008,2189992
1991-07-22,3.6923928260803223,8.294197082519531,8.4483642578125,8.294197082519531,8.4483642578125,979050
1991-07-23,3.651214599609375,8.20169734954834,8.325031280517578,8.20169734954834,8.294197082519531,1555535
1991-07-24,3.651214599609375,8.20169734954834,8.232529640197754,8.109195709228516,8.20169734954834,2452694
1991-07-25,3.733572006225586,8.386696815490723,8.386696815490723,8.232529640197754,8.232529640197754,2765666
1991-07-26,3.802204132080078,8.540864944458008,8.540864944458008,8.355863571166992,8.386696815490723,2014047
1991-07-29,3.843384265899658,8.6333646774292,8.66419792175293,8.479198455810547,8.571698188781738,1759453
1991-07-30,3.8708372116088867,8.695032119750977,8.818366050720215,8.695032119750977,8.725865364074707,2285667
1991-07-31,3.802204132080078,8.540864944458008,8.66419792175293,8.540864944458008,8.6333646774292,1448103
1991-08-01,3.829655647277832,8.602532386779785,8.6333646774292,8.479198455810547,8.510030746459961,1287157
1991-08-02,3.8708372116088867,8.695032119750977,8.695032119750977,8.6333646774292,8.695032119750977,1449724
1991-08-05,3.8159303665161133,8.571698188781738,8.6333646774292,8.540864944458008,8.6333646774292,1107158
1991-08-06,3.9120137691497803,8.787531852722168,8.818366050720215,8.571698188781738,8.602532386779785,2027020
1991-08-07,3.8982887268066406,8.756698608398438,8.880032539367676,8.725865364074707,8.849199295043945,1442833
1991-08-08,3.843384265899658,8.6333646774292,8.818366050720215,8.602532386779785,8.756698608398438,982294
1991-08-09,3.925741672515869,8.818366050720215,8.818366050720215,8.571698188781738,8.66419792175293,965267
1991-08-12,3.9120137691497803,8.787531852722168,8.818366050720215,8.66419792175293,8.787531852722168,749186
1991-08-13,3.884563446044922,8.725865364074707,8.849199295043945,8.725865364074707,8.787531852722168,2466477
1991-08-14,3.829655647277832,8.602532386779785,8.787531852722168,8.571698188781738,8.756698608398438,3477960
1991-08-15,3.8708372116088867,8.695032119750977,8.725865364074707,8.6333646774292,8.66419792175293,1621616
1991-08-16,3.843384265899658,8.6333646774292,8.725865364074707,8.602532386779785,8.725865364074707,2663504
1991-08-19,3.6923928260803223,8.294197082519531,8.479198455810547,8.078363418579102,8.140029907226562,2526072
1991-08-20,3.761023998260498,8.4483642578125,8.479198455810547,8.355863571166992,8.4483642578125,2558099
1991-08-21,3.884563446044922,8.725865364074707,8.725865364074707,8.571698188781738,8.602532386779785,1695399
1991-08-22,3.9120137691497803,8.787531852722168,8.849199295043945,8.725865364074707,8.725865364074707,1980804
1991-08-23,3.925741672515869,8.818366050720215,8.941699028015137,8.756698608398438,8.756698608398438,1911074
1991-08-26,3.939467430114746,8.849199295043945,8.941699028015137,8.787531852722168,8.818366050720215,994050
1991-08-27,3.9120137691497803,8.787531852722168,8.880032539367676,8.695032119750977,8.880032539367676,1868101
1991-08-28,3.9531946182250977,8.880032539367676,8.880032539367676,8.756698608398438,8.787531852722168,1879047
1991-08-29,3.939467430114746,8.849199295043945,8.880032539367676,8.787531852722168,8.880032539367676,851348
1991-08-30,3.9120137691497803,8.787531852722168,8.849199295043945,8.695032119750977,8.849199295043945,859051
1991-09-03,3.9531946182250977,8.880032539367676,8.972533226013184,8.818366050720215,8.849199295043945,1699048
1991-09-04,3.9120137691497803,8.787531852722168,9.003366470336914,8.695032119750977,8.972533226013184,2193641
1991-09-05,3.8910436630249023,8.695032119750977,8.818366050720215,8.66419792175293,8.787531852722168,1085672
1991-09-06,3.835850477218628,8.571698188781738,8.756698608398438,8.540864944458008,8.695032119750977,1281887
1991-09-09,3.697869300842285,8.2633638381958,8.386696815490723,8.078363418579102,8.2633638381958,5402818
1991-09-10,3.684070348739624,8.232529640197754,8.386696815490723,8.232529640197754,8.386696815490723,3251745
1991-09-11,3.725466728210449,8.325031280517578,8.325031280517578,8.2633638381958,8.294197082519531,1482157
1991-09-12,3.642678737640381,8.140029907226562,8.355863571166992,8.140029907226562,8.355863571166992,1626886
1991-09-13,3.6288793087005615,8.109195709228516,8.2633638381958,8.047530174255371,8.2633638381958,3410663
1991-09-16,3.7530620098114014,8.386696815490723,8.386696815490723,8.140029907226562,8.170863151550293,1664588
1991-09-17,3.7944533824920654,8.479198455810547,8.479198455810547,8.355863571166992,8.355863571166992,1943912
1991-09-18,3.7944533824920654,8.479198455810547,8.602532386779785,8.41753101348877,8.41753101348877,1350806
1991-09-19,3.822052478790283,8.540864944458008,8.571698188781738,8.41753101348877,8.479198455810547,1549048
1991-09-20,3.8910436630249023,8.695032119750977,8.756698608398438,8.510030746459961,8.510030746459961,3438636
1991-09-23,3.7392635345458984,8.355863571166992,8.725865364074707,8.2633638381958,8.6333646774292,2573099
1991-09-24,3.780658006668091,8.4483642578125,8.4483642578125,8.294197082519531,8.386696815490723,1260806
1991-09-25,3.780658006668091,8.4483642578125,8.479198455810547,8.41753101348877,8.41753101348877,865537
1991-09-26,3.766859769821167,8.41753101348877,8.479198455810547,8.386696815490723,8.41753101348877,1330536
1991-09-27,3.7530620098114014,8.386696815490723,8.479198455810547,8.355863571166992,8.41753101348877,1330941
1991-09-30,3.7116668224334717,8.294197082519531,8.386696815490723,8.294197082519531,8.355863571166992,2179046
1991-10-01,3.697869300842285,8.2633638381958,8.355863571166992,8.2633638381958,8.294197082519531,4959712
1991-10-02,3.725466728210449,8.325031280517578,8.355863571166992,8.232529640197754,8.232529640197754,3761338
1991-10-03,3.780658006668091,8.4483642578125,8.479198455810547,8.325031280517578,8.325031280517578,3395663
1991-10-04,3.7530620098114014,8.386696815490723,8.510030746459961,8.386696815490723,8.510030746459961,1588373
1991-10-07,3.780658006668091,8.4483642578125,8.479198455810547,8.355863571166992,8.355863571166992,3305664
1991-10-08,3.7530620098114014,8.386696815490723,8.479198455810547,8.386696815490723,8.4483642578125,2561747
1991-10-09,3.65647554397583,8.170863151550293,8.41753101348877,8.170863151550293,8.386696815490723,2462829
1991-10-10,3.684070348739624,8.232529640197754,8.294197082519531,8.170863151550293,8.170863151550293,1711210
1991-10-11,3.697869300842285,8.2633638381958,8.294197082519531,8.20169734954834,8.294197082519531,960807
1991-10-14,3.7530620098114014,8.386696815490723,8.386696815490723,8.232529640197754,8.2633638381958,840402
1991-10-15,3.725466728210449,8.325031280517578,8.386696815490723,8.20169734954834,8.386696815490723,2071209
1991-10-16,3.8772435188293457,8.66419792175293,8.725865364074707,8.2633638381958,8.510030746459961,5389034
1991-10-17,3.932434558868408,8.787531852722168,8.849199295043945,8.602532386779785,8.6333646774292,2803773
1991-10-18,3.987626791000366,8.910865783691406,8.910865783691406,8.787531852722168,8.818366050720215,2750260
1991-10-21,3.9600307941436768,8.849199295043945,8.910865783691406,8.756698608398438,8.880032539367676,1527562
1991-10-22,4.001425266265869,8.941699028015137,8.972533226013184,8.849199295043945,8.880032539367676,1693778
1991-10-23,4.07041597366333,9.095867156982422,9.126700401306152,8.910865783691406,8.941699028015137,2726341
1991-10-24,3.987626791000366,8.910865783691406,9.095867156982422,8.880032539367676,9.095867156982422,2106073
1991-10-25,4.001425266265869,8.941699028015137,8.941699028015137,8.818366050720215,8.880032539367676,1518643
1991-10-28,4.098012447357178,9.157533645629883,9.188366889953613,8.910865783691406,8.941699028015137,2190397
1991-10-29,4.08421516418457,9.126700401306152,9.188366889953613,9.065032958984375,9.126700401306152,2235397
1991-10-30,4.098012447357178,9.157533645629883,9.21920108795166,9.095867156982422,9.095867156982422,1970668
1991-10-31,4.139408588409424,9.25003433227539,9.25003433227539,9.126700401306152,9.188366889953613,1424589
1991-11-01,4.194599151611328,9.373368263244629,9.496702194213867,9.157533645629883,9.188366889953613,2957827
1991-11-04,4.167001724243164,9.311700820922852,9.342534065246582,9.21920108795166,9.311700820922852,1656075
1991-11-05,4.098012447357178,9.157533645629883,9.373368263244629,9.126700401306152,9.342534065246582,1335401
1991-11-06,4.139408588409424,9.25003433227539,9.280866622924805,9.157533645629883,9.188366889953613,962023
1991-11-07,4.08421516418457,9.126700401306152,9.280866622924805,9.095867156982422,9.25003433227539,2028641
1991-11-08,4.125608444213867,9.21920108795166,9.342534065246582,9.126700401306152,9.126700401306152,1860399
1991-11-11,4.249790668487549,9.496702194213867,9.496702194213867,9.25003433227539,9.25003433227539,911753
1991-11-12,4.332579135894775,9.68170166015625,9.712535858154297,9.558367729187012,9.589201927185059,2084182
1991-11-13,4.249790668487549,9.496702194213867,9.589201927185059,9.404200553894043,9.496702194213867,1977155
1991-11-14,4.001425266265869,8.941699028015137,9.496702194213867,8.880032539367676,9.496702194213867,3782419
1991-11-15,3.86344575881958,8.6333646774292,9.126700401306152,8.6333646774292,8.941699028015137,9239561
1991-11-18,4.098012447357178,9.157533645629883,9.188366889953613,8.818366050720215,8.880032539367676,4300119
1991-11-19,4.07041597366333,9.095867156982422,9.126700401306152,8.756698608398438,9.126700401306152,4870928
1991-11-20,4.015224933624268,8.972533226013184,9.157533645629883,8.972533226013184,9.126700401306152,1974317
1991-11-21,4.029022216796875,9.003366470336914,9.065032958984375,8.880032539367676,8.910865783691406,1795939
1991-11-22,3.987626791000366,8.910865783691406,8.972533226013184,8.880032539367676,8.941699028015137,2372829
1991-11-25,3.9738309383392334,8.880032539367676,8.972533226013184,8.880032539367676,8.972533226013184,1458643
1991-11-26,4.029022216796875,9.003366470336914,9.095867156982422,8.880032539367676,8.941699028015137,2874719
1991-11-27,4.029022216796875,9.003366470336914,9.126700401306152,8.910865783691406,8.941699028015137,1919182
1991-11-29,4.015224933624268,8.972533226013184,9.065032958984375,8.941699028015137,9.003366470336914,709051
1991-12-02,3.987626791000366,8.910865783691406,8.972533226013184,8.818366050720215,8.941699028015137,4530794
1991-12-03,3.987626791000366,8.910865783691406,9.034199714660645,8.818366050720215,8.880032539367676,3974580
1991-12-04,4.056619167327881,9.065032958984375,9.095867156982422,8.880032539367676,8.880032539367676,3422825
1991-12-05,4.091010093688965,9.095867156982422,9.157533645629883,9.034199714660645,9.065032958984375,1554724
1991-12-06,4.118745803833008,9.157533645629883,9.280866622924805,9.065032958984375,9.095867156982422,1752156
1991-12-09,4.07714319229126,9.065032958984375,9.157533645629883,8.880032539367676,9.126700401306152,2114587
1991-12-10,4.1603522300720215,9.25003433227539,9.25003433227539,8.972533226013184,8.972533226013184,1956479
1991-12-11,4.13261604309082,9.188366889953613,9.280866622924805,9.126700401306152,9.25003433227539,1137158
1991-12-12,4.188085079193115,9.311700820922852,9.342534065246582,9.188366889953613,9.25003433227539,1553508
1991-12-13,4.2296881675720215,9.404200553894043,9.43503475189209,9.311700820922852,9.373368263244629,2221613
1991-12-16,4.312895774841309,9.589201927185059,9.620035171508789,9.404200553894043,9.43503475189209,2024182
1991-12-17,4.271295547485352,9.496702194213867,9.620035171508789,9.43503475189209,9.620035171508789,1353644
1991-12-18,4.188085079193115,9.311700820922852,9.46586799621582,9.25003433227539,9.46586799621582,1834858
1991-12-19,4.188085079193115,9.311700820922852,9.373368263244629,9.25003433227539,9.25003433227539,1592427
1991-12-20,4.285161018371582,9.527535438537598,9.527535438537598,9.373368263244629,9.527535438537598,3015394
1991-12-23,4.34063196182251,9.650869369506836,9.650869369506836,9.342534065246582,9.404200553894043,1802831
1991-12-24,4.285161018371582,9.527535438537598,9.712535858154297,9.46586799621582,9.68170166015625,1161482
1991-12-26,4.382235527038574,9.743369102478027,9.743369102478027,9.496702194213867,9.527535438537598,2057019
1991-12-27,4.409971714019775,9.805035591125488,9.835868835449219,9.743369102478027,9.743369102478027,2610396
1991-12-30,4.479309558868408,9.959202766418457,9.959202766418457,9.805035591125488,9.805035591125488,3491339
1991-12-31,4.437706470489502,9.866703033447266,10.082536697387695,9.866703033447266,9.990036964416504,2342424
1992-01-02,4.354497909545898,9.68170166015625,9.835868835449219,9.620035171508789,9.805035591125488,2404451
1992-01-03,4.382235527038574,9.743369102478027,9.805035591125488,9.620035171508789,9.650869369506836,2098776
1992-01-06,4.451572895050049,9.897536277770996,9.928370475769043,9.558367729187012,9.558367729187012,3969310
1992-01-07,4.382235527038574,9.743369102478027,9.866703033447266,9.712535858154297,9.866703033447266,2633504
1992-01-08,4.451572895050049,9.897536277770996,9.959202766418457,9.620035171508789,9.620035171508789,3452825
1992-01-09,4.409971714019775,9.805035591125488,9.990036964416504,9.805035591125488,9.928370475769043,2561342
1992-01-10,4.396103858947754,9.774203300476074,9.866703033447266,9.774203300476074,9.866703033447266,2612423
1992-01-13,4.3683695793151855,9.712535858154297,9.743369102478027,9.558367729187012,9.712535858154297,2428369
1992-01-14,4.382235527038574,9.743369102478027,9.774203300476074,9.620035171508789,9.712535858154297,2809044
1992-01-15,4.326765537261963,9.620035171508789,9.835868835449219,9.404200553894043,9.774203300476074,4647551
1992-01-16,4.174217224121094,9.280866622924805,9.558367729187012,9.21920108795166,9.558367729187012,4946333
1992-01-17,4.201955795288086,9.342534065246582,9.373368263244629,9.003366470336914,9.21920108795166,3649851
1992-01-20,4.215821266174316,9.373368263244629,9.404200553894043,9.280866622924805,9.373368263244629,1336211
1992-01-21,4.146481037139893,9.21920108795166,9.342534065246582,9.157533645629883,9.311700820922852,2105668
1992-01-22,4.1048808097839355,9.126700401306152,9.157533645629883,8.787531852722168,8.941699028015137,10928068
1992-01-23,4.1048808097839355,9.126700401306152,9.373368263244629,9.095867156982422,9.188366889953613,6836326
1992-01-24,4.063277244567871,9.034199714660645,9.157533645629883,9.003366470336914,9.126700401306152,3919445
1992-01-27,4.007802486419678,8.910865783691406,9.095867156982422,8.910865783691406,9.034199714660645,3237150
1992-01-28,3.966200590133667,8.818366050720215,8.880032539367676,8.756698608398438,8.818366050720215,4022012
1992-01-29,3.9523327350616455,8.787531852722168,8.910865783691406,8.756698608398438,8.787531852722168,5274710
1992-01-30,4.035539627075195,8.972533226013184,9.034199714660645,8.756698608398438,8.849199295043945,3002827
1992-01-31,4.174217224121094,9.280866622924805,9.373368263244629,9.126700401306152,9.126700401306152,2742963
1992-02-03,4.13261604309082,9.188366889953613,9.311700820922852,9.157533645629883,9.311700820922852,2376478
1992-02-04,4.146481037139893,9.21920108795166,9.21920108795166,9.095867156982422,9.157533645629883,1636210
1992-02-05,4.174217224121094,9.280866622924805,9.311700820922852,9.095867156982422,9.21920108795166,3051475
1992-02-06,4.188085079193115,9.311700820922852,9.342534065246582,9.157533645629883,9.342534065246582,2941205
1992-02-07,4.07714319229126,9.065032958984375,9.342534065246582,9.003366470336914,9.342534065246582,2597017
1992-02-10,4.049408435821533,9.003366470336914,9.034199714660645,8.910865783691406,9.003366470336914,1732291
1992-02-11,4.035539627075195,8.972533226013184,9.065032958984375,8.941699028015137,9.003366470336914,2330262
1992-02-12,4.035539627075195,8.972533226013184,8.972533226013184,8.849199295043945,8.941699028015137,3272826
1992-02-13,4.007802486419678,8.910865783691406,9.003366470336914,8.849199295043945,8.972533226013184,2379721
1992-02-14,3.9245970249176025,8.725865364074707,8.880032539367676,8.66419792175293,8.849199295043945,6546868
1992-02-18,3.8275208473205566,8.510030746459961,8.695032119750977,8.510030746459961,8.6333646774292,6056329
1992-02-19,3.8552584648132324,8.571698188781738,8.602532386779785,8.4483642578125,8.4483642578125,3222556
1992-02-20,3.910731077194214,8.695032119750977,8.725865364074707,8.602532386779785,8.66419792175293,2570666
1992-02-21,3.896859645843506,8.66419792175293,8.787531852722168,8.6333646774292,8.725865364074707,2866206
1992-02-24,3.9245970249176025,8.725865364074707,8.818366050720215,8.66419792175293,8.66419792175293,1946344
1992-02-25,3.966200590133667,8.818366050720215,8.818366050720215,8.6333646774292,8.695032119750977,1607021
1992-02-26,4.091010093688965,9.095867156982422,9.126700401306152,8.818366050720215,8.849199295043945,2397559
1992-02-27,4.021672248840332,8.941699028015137,9.095867156982422,8.910865783691406,9.065032958984375,1702291
1992-02-28,3.99393630027771,8.880032539367676,9.003366470336914,8.849199295043945,8.941699028015137,1791480
1992-03-02,4.007802486419678,8.910865783691406,9.003366470336914,8.880032539367676,8.941699028015137,2381343
1992-03-03,4.021672248840332,8.941699028015137,9.034199714660645,8.910865783691406,8.972533226013184,2132830
1992-03-04,3.99393630027771,8.880032539367676,8.941699028015137,8.880032539367676,8.941699028015137,2078506
1992-03-05,3.9342262744903564,8.695032119750977,8.818366050720215,8.66419792175293,8.787531852722168,3300393
1992-03-06,3.948176145553589,8.725865364074707,8.725865364074707,8.66419792175293,8.66419792175293,1936615
1992-03-09,3.9342262744903564,8.695032119750977,8.756698608398438,8.6333646774292,8.66419792175293,1972695
1992-03-10,4.031883716583252,8.910865783691406,9.095867156982422,8.725865364074707,8.725865364074707,2442559
1992-03-11,4.003981590270996,8.849199295043945,8.910865783691406,8.818366050720215,8.849199295043945,260269
1992-03-12,4.031883716583252,8.910865783691406,8.941699028015137,8.787531852722168,8.818366050720215,1836885
1992-03-13,4.031883716583252,8.910865783691406,8.972533226013184,8.849199295043945,8.910865783691406,1382833
1992-03-16,4.045834541320801,8.941699028015137,8.972533226013184,8.849199295043945,8.880032539367676,1643102
1992-03-17,4.087689399719238,9.034199714660645,9.065032958984375,8.972533226013184,9.003366470336914,1607427
1992-03-18,4.087689399719238,9.034199714660645,9.034199714660645,8.941699028015137,9.003366470336914,1365400
1992-03-19,4.143492698669434,9.157533645629883,9.157533645629883,9.065032958984375,9.095867156982422,2366748
1992-03-20,4.129542827606201,9.126700401306152,9.188366889953613,9.034199714660645,9.157533645629883,2288100
1992-03-23,4.07373571395874,9.003366470336914,9.095867156982422,8.972533226013184,9.095867156982422,1499184
1992-03-24,4.143492698669434,9.157533645629883,9.21920108795166,9.034199714660645,9.034199714660645,1709183
1992-03-25,4.087689399719238,9.034199714660645,9.188366889953613,9.034199714660645,9.157533645629883,1432292
1992-03-26,4.087689399719238,9.034199714660645,9.126700401306152,9.034199714660645,9.126700401306152,1512967
1992-03-27,4.031883716583252,8.910865783691406,9.003366470336914,8.910865783691406,8.972533226013184,1151753
1992-03-30,4.0179338455200195,8.880032539367676,8.910865783691406,8.849199295043945,8.880032539367676,2258100
1992-03-31,4.031883716583252,8.910865783691406,8.972533226013184,8.880032539367676,8.880032539367676,1764318
1992-04-01,4.101639747619629,9.065032958984375,9.095867156982422,8.818366050720215,8.849199295043945,2769314
1992-04-02,4.129542827606201,9.126700401306152,9.188366889953613,9.065032958984375,9.065032958984375,2519991
1992-04-03,4.171396732330322,9.21920108795166,9.25003433227539,9.003366470336914,9.126700401306152,4111607
1992-04-06,4.171396732330322,9.21920108795166,9.311700820922852,9.188366889953613,9.21920108795166,5148630
1992-04-07,4.045834541320801,8.941699028015137,9.25003433227539,8.880032539367676,9.21920108795166,2271073
1992-04-08,3.9202721118927,8.66419792175293,8.849199295043945,8.510030746459961,8.756698608398438,5340791
1992-04-09,4.031883716583252,8.910865783691406,8.972533226013184,8.66419792175293,8.725865364074707,3269583
1992-04-10,4.101639747619629,9.065032958984375,9.157533645629883,9.003366470336914,9.065032958984375,2419045
1992-04-13,4.171396732330322,9.21920108795166,9.25003433227539,9.095867156982422,9.126700401306152,2409721
1992-04-14,4.310906887054443,9.527535438537598,9.620035171508789,9.25003433227539,9.311700820922852,4090931
1992-04-15,4.3806633949279785,9.68170166015625,9.743369102478027,9.589201927185059,9.68170166015625,3453636
1992-04-16,4.227201461791992,9.342534065246582,9.68170166015625,9.25003433227539,9.650869369506836,3657554
1992-04-20,4.087689399719238,9.034199714660645,9.157533645629883,9.003366470336914,9.126700401306152,3030800
1992-04-21,4.087689399719238,9.034199714660645,9.157533645629883,8.941699028015137,9.034199714660645,2075668
1992-04-22,4.143492698669434,9.157533645629883,9.21920108795166,9.034199714660645,9.034199714660645,1808101
1992-04-23,4.031883716583252,8.910865783691406,9.157533645629883,8.756698608398438,9.126700401306152,3267961
1992-04-24,4.0179338455200195,8.880032539367676,9.003366470336914,8.818366050720215,8.941699028015137,1877020
1992-04-27,4.129542827606201,9.126700401306152,9.157533645629883,8.941699028015137,8.941699028015137,1954047
1992-04-28,4.227201461791992,9.342534065246582,9.558367729187012,9.188366889953613,9.342534065246582,3294718
1992-04-29,4.143492698669434,9.157533645629883,9.342534065246582,9.126700401306152,9.311700820922852,1754994
1992-04-30,4.171396732330322,9.21920108795166,9.21920108795166,9.003366470336914,9.126700401306152,1505670
1992-05-01,4.213247299194336,9.311700820922852,9.311700820922852,9.126700401306152,9.188366889953613,1268914
1992-05-04,4.283005237579346,9.46586799621582,9.46586799621582,9.311700820922852,9.311700820922852,2614450
1992-05-05,4.185348033905029,9.25003433227539,9.527535438537598,9.25003433227539,9.46586799621582,1747291
1992-05-06,4.185348033905029,9.25003433227539,9.373368263244629,9.188366889953613,9.342534065246582,1707561
1992-05-07,4.241151332855225,9.373368263244629,9.43503475189209,9.188366889953613,9.25003433227539,1161888
1992-05-08,4.213247299194336,9.311700820922852,9.496702194213867,9.311700820922852,9.43503475189209,889051
1992-05-11,4.269051551818848,9.43503475189209,9.496702194213867,9.311700820922852,9.311700820922852,1814588
1992-05-12,4.241151332855225,9.373368263244629,9.43503475189209,9.311700820922852,9.404200553894043,1500805
1992-05-13,4.241151332855225,9.373368263244629,9.404200553894043,9.342534065246582,9.404200553894043,835537
1992-05-14,4.143492698669434,9.157533645629883,9.373368263244629,9.126700401306152,9.373368263244629,1333373
1992-05-15,4.101639747619629,9.065032958984375,9.157533645629883,9.034199714660645,9.095867156982422,2250803
1992-05-18,4.171396732330322,9.21920108795166,9.21920108795166,9.095867156982422,9.126700401306152,1062158
1992-05-19,4.296957015991211,9.496702194213867,9.558367729187012,9.311700820922852,9.373368263244629,2403234
1992-05-20,4.283005237579346,9.46586799621582,9.527535438537598,9.43503475189209,9.496702194213867,1820669
1992-05-21,4.227201461791992,9.342534065246582,9.43503475189209,9.342534065246582,9.43503475189209,1660940
1992-05-22,4.241151332855225,9.373368263244629,9.43503475189209,9.311700820922852,9.342534065246582,975402
1992-05-26,4.171396732330322,9.21920108795166,9.342534065246582,9.188366889953613,9.280866622924805,1448508
1992-05-27,4.227201461791992,9.342534065246582,9.342534065246582,9.188366889953613,9.188366889953613,1262022
1992-05-28,4.352760314941406,9.620035171508789,9.620035171508789,9.280866622924805,9.280866622924805,2118235
1992-05-29,4.310906887054443,9.527535438537598,9.68170166015625,9.527535438537598,9.68170166015625,2861341
1992-06-01,4.338808059692383,9.589201927185059,9.589201927185059,9.373368263244629,9.496702194213867,1270536
1992-06-02,4.255099296569824,9.404200553894043,9.558367729187012,9.404200553894043,9.558367729187012,1865669
1992-06-03,4.227201461791992,9.342534065246582,9.373368263244629,9.188366889953613,9.311700820922852,1622021
1992-06-04,4.1531171798706055,9.126700401306152,9.280866622924805,9.095867156982422,9.21920108795166,1674724
1992-06-05,4.13908576965332,9.095867156982422,9.126700401306152,9.034199714660645,9.095867156982422,980267
1992-06-08,4.054902076721191,8.910865783691406,9.003366470336914,8.602532386779785,9.003366470336914,3640122
1992-06-09,3.9707179069519043,8.725865364074707,8.849199295043945,8.695032119750977,8.849199295043945,2008371
1992-06-10,3.830409049987793,8.41753101348877,8.66419792175293,8.325031280517578,8.6333646774292,3902418
1992-06-11,3.9707179069519043,8.725865364074707,8.725865364074707,8.325031280517578,8.386696815490723,3904851
1992-06-12,3.9707179069519043,8.725865364074707,8.880032539367676,8.571698188781738,8.849199295043945,2387424
1992-06-15,4.0268402099609375,8.849199295043945,8.849199295043945,8.6333646774292,8.66419792175293,1935804
1992-06-16,4.054902076721191,8.910865783691406,8.972533226013184,8.849199295043945,8.910865783691406,1707967
1992-06-17,4.040870189666748,8.880032539367676,8.972533226013184,8.787531852722168,8.849199295043945,1818642
1992-06-18,3.9566850662231445,8.695032119750977,8.880032539367676,8.66419792175293,8.818366050720215,2798503
1992-06-19,3.99877667427063,8.787531852722168,8.849199295043945,8.66419792175293,8.695032119750977,3098502
1992-06-22,4.0128092765808105,8.818366050720215,8.818366050720215,8.725865364074707,8.787531852722168,1789858
1992-06-23,4.125053882598877,9.065032958984375,9.126700401306152,8.849199295043945,8.849199295043945,2920935
1992-06-24,4.096994876861572,9.003366470336914,9.095867156982422,9.003366470336914,9.034199714660645,1073915
1992-06-25,4.096994876861572,9.003366470336914,9.095867156982422,9.003366470336914,9.034199714660645,1211752
1992-06-26,4.0829644203186035,8.972533226013184,9.034199714660645,8.910865783691406,8.941699028015137,762159
1992-06-29,4.0268402099609375,8.849199295043945,9.095867156982422,8.849199295043945,9.065032958984375,1940263
1992-06-30,4.0829644203186035,8.972533226013184,9.034199714660645,8.880032539367676,8.880032539367676,2191208
1992-07-01,4.1531171798706055,9.126700401306152,9.126700401306152,8.910865783691406,8.910865783691406,2423505
1992-07-02,4.19520902633667,9.21920108795166,9.311700820922852,9.126700401306152,9.157533645629883,2508234
1992-07-06,4.2653632164001465,9.373368263244629,9.373368263244629,9.21920108795166,9.21920108795166,1429860
1992-07-07,4.111023426055908,9.034199714660645,9.342534065246582,9.003366470336914,9.311700820922852,394863
1992-07-08,4.1531171798706055,9.126700401306152,9.188366889953613,9.003366470336914,9.003366470336914,2875935
1992-07-09,4.223269462585449,9.280866622924805,9.311700820922852,9.095867156982422,9.095867156982422,1953641
1992-07-10,4.209240913391113,9.25003433227539,9.342534065246582,9.21920108795166,9.280866622924805,1693372
1992-07-13,4.209240913391113,9.25003433227539,9.280866622924805,9.157533645629883,9.21920108795166,1889588
1992-07-14,4.181179523468018,9.188366889953613,9.21920108795166,9.157533645629883,9.188366889953613,1421346
1992-07-15,4.209240913391113,9.25003433227539,9.25003433227539,9.157533645629883,9.21920108795166,1476076
1992-07-16,4.209240913391113,9.25003433227539,9.25003433227539,9.126700401306152,9.126700401306152,1193104
1992-07-17,4.307455062866211,9.46586799621582,9.46586799621582,9.126700401306152,9.188366889953613,2621342
1992-07-20,4.2653632164001465,9.373368263244629,9.43503475189209,9.25003433227539,9.311700820922852,1279860
1992-07-21,4.2653632164001465,9.373368263244629,9.404200553894043,9.25003433227539,9.373368263244629,1909858
1992-07-22,4.209240913391113,9.25003433227539,9.311700820922852,9.188366889953613,9.280866622924805,2010398
1992-07-23,4.251335144042969,9.342534065246582,9.373368263244629,9.280866622924805,9.280866622924805,1436346
1992-07-24,4.2653632164001465,9.373368263244629,9.373368263244629,9.280866622924805,9.280866622924805,605268
1992-07-27,4.2653632164001465,9.373368263244629,9.43503475189209,9.21920108795166,9.342534065246582,1077158
1992-07-28,4.251335144042969,9.342534065246582,9.404200553894043,9.25003433227539,9.373368263244629,1749318
1992-07-29,4.2653632164001465,9.373368263244629,9.589201927185059,9.342534065246582,9.496702194213867,2587288
1992-07-30,4.293424606323242,9.43503475189209,9.43503475189209,9.280866622924805,9.342534065246582,2969989
1992-07-31,4.3214874267578125,9.496702194213867,9.496702194213867,9.373368263244629,9.43503475189209,1881480
1992-08-03,4.307455062866211,9.46586799621582,9.496702194213867,9.373368263244629,9.43503475189209,753646
1992-08-04,4.293424606323242,9.43503475189209,9.496702194213867,9.404200553894043,9.46586799621582,1018780
1992-08-05,4.251335144042969,9.342534065246582,9.43503475189209,9.280866622924805,9.43503475189209,1053239
1992-08-06,4.2653632164001465,9.373368263244629,9.373368263244629,9.311700820922852,9.311700820922852,1214590
1992-08-07,4.2653632164001465,9.373368263244629,9.43503475189209,9.311700820922852,9.373368263244629,1328103
1992-08-10,4.237301349639893,9.311700820922852,9.342534065246582,9.280866622924805,9.311700820922852,985132
1992-08-11,4.209240913391113,9.25003433227539,9.342534065246582,9.157533645629883,9.342534065246582,1000942
1992-08-12,4.209240913391113,9.25003433227539,9.373368263244629,9.21920108795166,9.25003433227539,1253914
1992-08-13,4.19520902633667,9.21920108795166,9.21920108795166,9.157533645629883,9.21920108795166,1488238
1992-08-14,4.2653632164001465,9.373368263244629,9.43503475189209,9.21920108795166,9.25003433227539,1748507
1992-08-17,4.2653632164001465,9.373368263244629,9.43503475189209,9.311700820922852,9.373368263244629,2271478
1992-08-18,4.279393672943115,9.404200553894043,9.43503475189209,9.373368263244629,9.373368263244629,1312292
1992-08-19,4.2653632164001465,9.373368263244629,9.43503475189209,9.373368263244629,9.404200553894043,1404319
1992-08-20,4.279393672943115,9.404200553894043,9.43503475189209,9.311700820922852,9.373368263244629,1729859
1992-08-21,4.209240913391113,9.25003433227539,9.43503475189209,9.126700401306152,9.43503475189209,2101614
1992-08-24,4.1531171798706055,9.126700401306152,9.21920108795166,9.126700401306152,9.157533645629883,1079591
1992-08-25,4.167146682739258,9.157533645629883,9.21920108795166,9.126700401306152,9.188366889953613,1693778
1992-08-26,4.1531171798706055,9.126700401306152,9.188366889953613,9.126700401306152,9.188366889953613,771484
1992-08-27,4.125053882598877,9.065032958984375,9.21920108795166,9.034199714660645,9.188366889953613,1637426
1992-08-28,4.096994876861572,9.003366470336914,9.095867156982422,9.003366470336914,9.095867156982422,3038097
1992-08-31,4.068930625915527,8.941699028015137,9.003366470336914,8.880032539367676,9.003366470336914,1470400
1992-09-01,4.111023426055908,9.034199714660645,9.065032958984375,8.880032539367676,8.880032539367676,1360536
1992-09-02,4.092957496643066,8.941699028015137,8.972533226013184,8.880032539367676,8.972533226013184,1802020
1992-09-03,4.149412155151367,9.065032958984375,9.065032958984375,8.910865783691406,8.972533226013184,2706071
1992-09-04,4.078846454620361,8.910865783691406,9.095867156982422,8.910865783691406,9.034199714660645,2630666
1992-09-08,3.9518232345581055,8.6333646774292,8.910865783691406,8.6333646774292,8.910865783691406,3341744
1992-09-09,3.937709093093872,8.602532386779785,8.725865364074707,8.540864944458008,8.6333646774292,3541609
1992-09-10,3.9518232345581055,8.6333646774292,8.6333646774292,8.510030746459961,8.602532386779785,2153100
1992-09-11,3.9518232345581055,8.6333646774292,8.695032119750977,8.602532386779785,8.6333646774292,2159587
1992-09-14,4.0223894119262695,8.787531852722168,8.818366050720215,8.695032119750977,8.725865364074707,3265934
1992-09-15,3.923597812652588,8.571698188781738,8.756698608398438,8.540864944458008,8.725865364074707,2153911
1992-09-16,3.909480571746826,8.540864944458008,8.602532386779785,8.4483642578125,8.479198455810547,3782824
1992-09-17,3.909480571746826,8.540864944458008,8.6333646774292,8.540864944458008,8.602532386779785,1730669
1992-09-18,3.9518232345581055,8.6333646774292,8.66419792175293,8.540864944458008,8.571698188781738,2424315
1992-09-21,3.937709093093872,8.602532386779785,8.6333646774292,8.571698188781738,8.6333646774292,1192698
1992-09-22,3.909480571746826,8.540864944458008,8.602532386779785,8.540864944458008,8.602532386779785,1996614
1992-09-23,3.89536714553833,8.510030746459961,8.571698188781738,8.41753101348877,8.540864944458008,2801341
1992-09-24,3.89536714553833,8.510030746459961,8.571698188781738,8.479198455810547,8.571698188781738,1064996
1992-09-25,3.669551372528076,8.016695976257324,8.540864944458008,7.770029067993164,8.510030746459961,14859675
1992-09-28,3.669551372528076,8.016695976257324,8.140029907226562,7.955029010772705,8.109195709228516,3656338
1992-09-29,3.7118911743164062,8.109195709228516,8.232529640197754,7.985863208770752,7.985863208770752,3730527
1992-09-30,3.697777032852173,8.078363418579102,8.140029907226562,8.047530174255371,8.109195709228516,3869580
1992-10-01,3.641322612762451,7.955029010772705,8.078363418579102,7.893362045288086,8.078363418579102,5141332
1992-10-02,3.584866762161255,7.831695079803467,7.924195766448975,7.770029067993164,7.893362045288086,5132414
1992-10-05,3.5566396713256836,7.770029067993164,7.770029067993164,7.5233612060546875,7.708362102508545,5216332
1992-10-06,3.471958875656128,7.585028171539307,7.831695079803467,7.585028171539307,7.770029067993164,2375667
1992-10-07,3.4860727787017822,7.615860939025879,7.708362102508545,7.585028171539307,7.646695137023926,3791337
1992-10-08,3.5707530975341797,7.800861835479736,7.831695079803467,7.615860939025879,7.646695137023926,2841881
1992-10-09,3.528412103652954,7.708362102508545,7.831695079803467,7.708362102508545,7.770029067993164,3901202
1992-10-12,3.5707530975341797,7.800861835479736,7.8625288009643555,7.739194869995117,7.739194869995117,2220803
1992-10-13,3.5707530975341797,7.800861835479736,7.985863208770752,7.770029067993164,7.831695079803467,3349447
1992-10-14,3.641322612762451,7.955029010772705,8.016695976257324,7.770029067993164,7.800861835479736,2065938
1992-10-15,3.669551372528076,8.016695976257324,8.109195709228516,7.8625288009643555,7.893362045288086,1434319
1992-10-16,3.683663845062256,8.047530174255371,8.047530174255371,7.831695079803467,8.047530174255371,2410126
1992-10-19,3.7401180267333984,8.170863151550293,8.20169734954834,7.893362045288086,8.047530174255371,3569581
1992-10-20,3.726003646850586,8.140029907226562,8.232529640197754,8.047530174255371,8.20169734954834,2382559
1992-10-21,3.697777032852173,8.078363418579102,8.170863151550293,8.078363418579102,8.140029907226562,874051
1992-10-22,3.726003646850586,8.140029907226562,8.140029907226562,8.047530174255371,8.047530174255371,1274590
1992-10-23,3.697777032852173,8.078363418579102,8.140029907226562,8.047530174255371,8.140029907226562,1278644
1992-10-26,3.7401180267333984,8.170863151550293,8.170863151550293,8.016695976257324,8.078363418579102,1286347
1992-10-27,3.7401180267333984,8.170863151550293,8.2633638381958,8.140029907226562,8.232529640197754,1210536
1992-10-28,3.697777032852173,8.078363418579102,8.170863151550293,8.078363418579102,8.170863151550293,1206887
1992-10-29,3.7401180267333984,8.170863151550293,8.170863151550293,8.047530174255371,8.078363418579102,1686075
1992-10-30,3.7824583053588867,8.2633638381958,8.325031280517578,8.170863151550293,8.170863151550293,2060263
1992-11-02,3.7965731620788574,8.294197082519531,8.355863571166992,8.232529640197754,8.2633638381958,2526072
1992-11-03,3.754232406616211,8.20169734954834,8.294197082519531,8.140029907226562,8.294197082519531,1578643
1992-11-04,3.683663845062256,8.047530174255371,8.232529640197754,8.016695976257324,8.20169734954834,1857155
1992-11-05,3.7118911743164062,8.109195709228516,8.232529640197754,8.078363418579102,8.078363418579102,1561210
1992-11-06,3.697777032852173,8.078363418579102,8.232529640197754,8.016695976257324,8.170863151550293,1700669
1992-11-09,3.810685634613037,8.325031280517578,8.386696815490723,8.078363418579102,8.109195709228516,1687291
1992-11-10,3.824798345565796,8.355863571166992,8.479198455810547,8.294197082519531,8.355863571166992,2004317
1992-11-11,3.89536714553833,8.510030746459961,8.571698188781738,8.41753101348877,8.41753101348877,2414991
1992-11-12,3.9941651821136475,8.725865364074707,8.725865364074707,8.602532386779785,8.6333646774292,3538771
1992-11-13,3.909480571746826,8.540864944458008,8.725865364074707,8.479198455810547,8.695032119750977,2468504
1992-11-16,3.89536714553833,8.510030746459961,8.6333646774292,8.479198455810547,8.510030746459961,1314725
1992-11-17,3.8812551498413086,8.479198455810547,8.602532386779785,8.4483642578125,8.479198455810547,1916750
1992-11-18,3.937709093093872,8.602532386779785,8.6333646774292,8.540864944458008,8.540864944458008,2427964
1992-11-19,4.008277893066406,8.756698608398438,8.787531852722168,8.602532386779785,8.6333646774292,3704176
1992-11-20,4.135299205780029,9.034199714660645,9.034199714660645,8.787531852722168,8.849199295043945,5949302
1992-11-23,4.10707426071167,8.972533226013184,9.034199714660645,8.910865783691406,9.034199714660645,2777422
1992-11-24,4.10707426071167,8.972533226013184,9.034199714660645,8.910865783691406,9.034199714660645,2722693
1992-11-25,3.965937376022339,8.66419792175293,8.941699028015137,8.66419792175293,8.941699028015137,3382690
1992-11-27,3.9800491333007812,8.695032119750977,8.787531852722168,8.66419792175293,8.695032119750977,1797156
1992-11-30,3.909480571746826,8.540864944458008,8.6333646774292,8.4483642578125,8.6333646774292,2950124
1992-12-01,4.086949825286865,8.928570747375488,8.996468544006348,8.894621849060059,8.962519645690918,7165172
1992-12-02,4.195729732513428,9.166213989257812,9.234111785888672,8.928570747375488,8.962519645690918,3592159
1992-12-03,4.206987380981445,9.132265090942383,9.234111785888672,9.132265090942383,9.132265090942383,1998958
1992-12-04,4.222629547119141,9.166213989257812,9.268060684204102,9.132265090942383,9.200162887573242,1541653
1992-12-07,4.238265514373779,9.200162887573242,9.200162887573242,9.132265090942383,9.166213989257812,1192600
1992-12-08,4.363384246826172,9.47175407409668,9.50570297241211,9.200162887573242,9.234111785888672,2567827
1992-12-09,4.300824165344238,9.335959434509277,9.539651870727539,9.302009582519531,9.50570297241211,1751527
1992-12-10,4.269547939300537,9.268060684204102,9.403857231140137,9.234111785888672,9.403857231140137,1389587
1992-12-11,4.269547939300537,9.268060684204102,9.302009582519531,9.200162887573242,9.268060684204102,1080299
1992-12-14,4.253906726837158,9.234111785888672,9.302009582519531,9.234111785888672,9.302009582519531,1205119
1992-12-15,4.191349029541016,9.098316192626953,9.268060684204102,9.064367294311523,9.234111785888672,1594306
1992-12-16,4.206987380981445,9.132265090942383,9.200162887573242,9.098316192626953,9.166213989257812,1274708
1992-12-17,4.206987380981445,9.132265090942383,9.200162887573242,9.132265090942383,9.132265090942383,1342457
1992-12-18,4.222629547119141,9.166213989257812,9.200162887573242,9.064367294311523,9.200162887573242,4988374
1992-12-21,4.269547939300537,9.268060684204102,9.335959434509277,9.098316192626953,9.098316192626953,2917985
1992-12-22,4.238265514373779,9.200162887573242,9.302009582519531,9.132265090942383,9.302009582519531,2231660
1992-12-23,4.144429683685303,8.996468544006348,9.200162887573242,8.928570747375488,9.200162887573242,1865669
1992-12-24,4.06623649597168,8.826725006103516,8.962519645690918,8.826725006103516,8.894621849060059,1157621
1992-12-28,4.003676414489746,8.690929412841797,8.894621849060059,8.65697956085205,8.860673904418945,3292444
1992-12-29,4.019313812255859,8.724878311157227,8.826725006103516,8.690929412841797,8.724878311157227,2375995
1992-12-30,4.0349555015563965,8.758827209472656,8.792776107788086,8.65697956085205,8.758827209472656,1866774
1992-12-31,4.050594806671143,8.792776107788086,8.826725006103516,8.690929412841797,8.758827209472656,1655795
1993-01-04,3.988037347793579,8.65697956085205,8.894621849060059,8.623030662536621,8.860673904418945,1587678
1993-01-05,3.956760883331299,8.589081764221191,8.758827209472656,8.555132865905762,8.724878311157227,1622657
1993-01-06,3.81600284576416,8.283541679382324,8.589081764221191,8.215643882751465,8.555132865905762,4467002
1993-01-07,3.7534475326538086,8.147746086120605,8.385388374328613,8.147746086120605,8.249592781066895,3830385
1993-01-08,3.9254798889160156,8.521183967590332,8.521183967590332,8.249592781066895,8.249592781066895,3494586
1993-01-11,3.8472821712493896,8.351439476013184,8.65697956085205,8.351439476013184,8.487235069274902,2930504
1993-01-12,3.8472821712493896,8.351439476013184,8.487235069274902,8.283541679382324,8.351439476013184,2982420
1993-01-13,3.9098398685455322,8.487235069274902,8.487235069274902,8.249592781066895,8.317489624023438,2588814
1993-01-14,3.8785624504089355,8.419337272644043,8.521183967590332,8.351439476013184,8.487235069274902,2484982
1993-01-15,3.8785624504089355,8.419337272644043,8.487235069274902,8.385388374328613,8.419337272644043,2588078
1993-01-18,3.9098398685455322,8.487235069274902,8.521183967590332,8.419337272644043,8.419337272644043,1525821
1993-01-19,3.8942019939422607,8.453286170959473,8.589081764221191,8.453286170959473,8.555132865905762,2407292
1993-01-20,3.9098398685455322,8.487235069274902,8.555132865905762,8.453286170959473,8.453286170959473,2124882
1993-01-21,3.9098398685455322,8.487235069274902,8.555132865905762,8.453286170959473,8.453286170959473,1221319
1993-01-22,3.9098398685455322,8.487235069274902,8.589081764221191,8.487235069274902,8.521183967590332,2875642
1993-01-25,3.941118001937866,8.555132865905762,8.623030662536621,8.487235069274902,8.487235069274902,1768465
1993-01-26,3.8942019939422607,8.453286170959473,8.65697956085205,8.419337272644043,8.555132865905762,2080698
1993-01-27,3.8003664016723633,8.249592781066895,8.419337272644043,8.215643882751465,8.419337272644043,3883037
1993-01-28,3.81600284576416,8.283541679382324,8.317489624023438,8.215643882751465,8.249592781066895,2042405
1993-01-29,3.81600284576416,8.283541679382324,8.317489624023438,8.249592781066895,8.283541679382324,1713971
1993-02-01,3.81600284576416,8.283541679382324,8.351439476013184,8.249592781066895,8.249592781066895,1817435
1993-02-02,3.7690863609313965,8.181694984436035,8.317489624023438,8.181694984436035,8.317489624023438,5236540
1993-02-03,3.8942019939422607,8.453286170959473,8.521183967590332,8.181694984436035,8.283541679382324,4416927
1993-02-04,3.9254798889160156,8.521183967590332,8.555132865905762,8.317489624023438,8.521183967590332,4577094
1993-02-05,3.956760883331299,8.589081764221191,8.65697956085205,8.487235069274902,8.521183967590332,3104662
1993-02-08,3.941118001937866,8.555132865905762,8.623030662536621,8.453286170959473,8.589081764221191,3413582
1993-02-09,3.9254798889160156,8.521183967590332,8.521183967590332,8.419337272644043,8.521183967590332,2570036
1993-02-10,3.988037347793579,8.65697956085205,8.690929412841797,8.555132865905762,8.555132865905762,1574423
1993-02-11,3.988037347793579,8.65697956085205,8.690929412841797,8.623030662536621,8.65697956085205,2019577
1993-02-12,3.9723968505859375,8.623030662536621,8.65697956085205,8.521183967590332,8.623030662536621,2260012
1993-02-16,3.941118001937866,8.555132865905762,8.623030662536621,8.181694984436035,8.623030662536621,4015589
1993-02-17,3.8003664016723633,8.249592781066895,8.317489624023438,8.181694984436035,8.181694984436035,5193829
1993-02-18,3.7065303325653076,8.045899391174316,8.317489624023438,8.045899391174316,8.249592781066895,4402199
1993-02-19,3.50321626663208,7.604563236236572,8.045899391174316,7.366919994354248,8.045899391174316,11703237
1993-02-22,3.487576723098755,7.570613861083984,7.672461032867432,7.502716064453125,7.638512134552002,5873526
1993-02-23,3.565775156021118,7.740358829498291,7.808256149291992,7.536664962768555,7.570613861083984,4375321
1993-02-24,3.6752493381500244,7.978001117706299,8.01194953918457,7.740358829498291,7.774306774139404,3470653
1993-02-25,3.5970537662506104,7.808256149291992,7.978001117706299,7.774306774139404,7.978001117706299,3728761
1993-02-26,3.6439707279205322,7.910102844238281,7.944052219390869,7.808256149291992,7.876153945922852,2375258
1993-03-01,3.690887928009033,8.01194953918457,8.113797187805176,7.978001117706299,7.978001117706299,2086589
1993-03-02,3.6596100330352783,7.944052219390869,8.01194953918457,7.876153945922852,8.01194953918457,2353166
1993-03-03,3.6596100330352783,7.944052219390869,8.01194953918457,7.910102844238281,8.01194953918457,2820412
1993-03-04,3.675384044647217,7.910102844238281,7.944052219390869,7.842205047607422,7.842205047607422,2360530
1993-03-05,3.675384044647217,7.910102844238281,7.978001117706299,7.876153945922852,7.944052219390869,2246756
1993-03-08,3.754255771636963,8.079848289489746,8.079848289489746,7.876153945922852,7.876153945922852,2824094
1993-03-09,3.7069315910339355,7.978001117706299,8.215643882751465,7.978001117706299,8.113797187805176,3135223
1993-03-10,3.848900318145752,8.283541679382324,8.317489624023438,7.978001117706299,8.045899391174316,3729130
1993-03-11,3.8804495334625244,8.351439476013184,8.385388374328613,8.283541679382324,8.351439476013184,4623487
1993-03-12,3.8331260681152344,8.249592781066895,8.283541679382324,8.215643882751465,8.283541679382324,1966188
1993-03-15,3.817352533340454,8.215643882751465,8.283541679382324,8.181694984436035,8.283541679382324,1589519
1993-03-16,3.801577091217041,8.181694984436035,8.249592781066895,8.181694984436035,8.215643882751465,1311160
1993-03-17,3.785804033279419,8.147746086120605,8.181694984436035,8.113797187805176,8.147746086120605,2610538
1993-03-18,3.785804033279419,8.147746086120605,8.147746086120605,8.045899391174316,8.147746086120605,2226874
1993-03-19,3.738480806350708,8.045899391174316,8.181694984436035,8.045899391174316,8.181694984436035,2961801
1993-03-22,3.738480806350708,8.045899391174316,8.045899391174316,7.978001117706299,8.045899391174316,1349821
1993-03-23,3.754255771636963,8.079848289489746,8.147746086120605,8.01194953918457,8.01194953918457,2420915
1993-03-24,3.738480806350708,8.045899391174316,8.113797187805176,7.910102844238281,8.079848289489746,6157040
1993-03-25,3.722707748413086,8.01194953918457,8.113797187805176,7.978001117706299,8.079848289489746,2930136
1993-03-26,3.6280622482299805,7.808256149291992,8.045899391174316,7.774306774139404,8.01194953918457,2653249
1993-03-29,3.675384044647217,7.910102844238281,7.910102844238281,7.808256149291992,7.876153945922852,3146269
1993-03-30,3.7069315910339355,7.978001117706299,8.079848289489746,7.808256149291992,7.842205047607422,2668345
1993-03-31,3.785804033279419,8.147746086120605,8.181694984436035,8.045899391174316,8.045899391174316,3729866
1993-04-01,3.7069315910339355,7.978001117706299,8.113797187805176,7.944052219390869,8.113797187805176,2372681
1993-04-02,3.6596100330352783,7.876153945922852,8.01194953918457,7.808256149291992,7.876153945922852,2624898
1993-04-05,3.643838405609131,7.842205047607422,7.978001117706299,7.842205047607422,7.910102844238281,1770674
1993-04-06,3.6280622482299805,7.808256149291992,7.910102844238281,7.740358829498291,7.876153945922852,3302754
1993-04-07,3.6280622482299805,7.808256149291992,7.910102844238281,7.774306774139404,7.876153945922852,1411311
1993-04-08,3.4545469284057617,7.434817790985107,7.638512134552002,7.434817790985107,7.638512134552002,5882731
1993-04-12,3.6122891902923584,7.774306774139404,7.910102844238281,7.604563236236572,7.604563236236572,4527387
1993-04-13,3.56496524810791,7.672461032867432,7.740358829498291,7.570613861083984,7.740358829498291,2628948
1993-04-14,3.6596100330352783,7.876153945922852,7.910102844238281,7.706409931182861,7.740358829498291,1715444
1993-04-15,3.6911582946777344,7.944052219390869,7.978001117706299,7.774306774139404,7.774306774139404,1803444
1993-04-16,3.738480806350708,8.045899391174316,8.045899391174316,7.910102844238281,8.01194953918457,2892211
1993-04-19,3.6596100330352783,7.876153945922852,8.01194953918457,7.808256149291992,8.01194953918457,3021081
1993-04-20,3.738480806350708,8.045899391174316,8.045899391174316,7.808256149291992,7.876153945922852,4314568
1993-04-21,3.801577091217041,8.181694984436035,8.249592781066895,8.01194953918457,8.113797187805176,2517015
1993-04-22,3.675384044647217,7.910102844238281,8.147746086120605,7.910102844238281,8.147746086120605,3752694
1993-04-23,3.6122891902923584,7.774306774139404,7.944052219390869,7.774306774139404,7.910102844238281,3067106
1993-04-26,3.533417224884033,7.604563236236572,7.842205047607422,7.536664962768555,7.774306774139404,2041301
1993-04-27,3.6122891902923584,7.774306774139404,7.876153945922852,7.536664962768555,7.536664962768555,6984386
1993-04-28,3.533417224884033,7.604563236236572,7.706409931182861,7.434817790985107,7.706409931182861,5334850
1993-04-29,3.4703195095062256,7.468767166137695,7.604563236236572,7.400868892669678,7.604563236236572,4436810
1993-04-30,3.4703195095062256,7.468767166137695,7.604563236236572,7.434817790985107,7.468767166137695,5557979
1993-05-03,3.533417224884033,7.604563236236572,7.672461032867432,7.434817790985107,7.502716064453125,7667029
1993-05-04,3.596514940261841,7.740358829498291,7.740358829498291,7.672461032867432,7.672461032867432,5202666
1993-05-05,3.722707748413086,8.01194953918457,8.045899391174316,7.774306774139404,7.774306774139404,5276306
1993-05-06,3.7700302600860596,8.113797187805176,8.147746086120605,8.045899391174316,8.147746086120605,5200825
1993-05-07,3.7069315910339355,7.978001117706299,8.079848289489746,7.944052219390869,8.045899391174316,3110185
1993-05-10,3.738480806350708,8.045899391174316,8.079848289489746,8.01194953918457,8.01194953918457,2568195
1993-05-11,3.754255771636963,8.079848289489746,8.113797187805176,8.01194953918457,8.045899391174316,1908381
1993-05-12,3.754255771636963,8.079848289489746,8.113797187805176,8.01194953918457,8.045899391174316,2592496
1993-05-13,3.6911582946777344,7.944052219390869,8.113797187805176,7.944052219390869,8.045899391174316,2486086
1993-05-14,3.6596100330352783,7.876153945922852,8.01194953918457,7.876153945922852,7.978001117706299,2623057
1993-05-17,3.722707748413086,8.01194953918457,8.045899391174316,7.910102844238281,8.01194953918457,2549785
1993-05-18,3.754255771636963,8.079848289489746,8.113797187805176,7.978001117706299,7.978001117706299,2426070
1993-05-19,3.785804033279419,8.147746086120605,8.147746086120605,8.01194953918457,8.079848289489746,2834772
1993-05-20,3.848900318145752,8.283541679382324,8.283541679382324,8.113797187805176,8.147746086120605,1388114
1993-05-21,3.801577091217041,8.181694984436035,8.283541679382324,8.181694984436035,8.249592781066895,2409133
1993-05-24,3.817352533340454,8.215643882751465,8.249592781066895,8.181694984436035,8.181694984436035,1990489
1993-05-25,3.785804033279419,8.147746086120605,8.249592781066895,8.113797187805176,8.249592781066895,3272562
1993-05-26,3.801577091217041,8.181694984436035,8.249592781066895,8.079848289489746,8.113797187805176,1508147
1993-05-27,3.7700302600860596,8.113797187805176,8.249592781066895,8.079848289489746,8.215643882751465,1388114
1993-05-28,3.754255771636963,8.079848289489746,8.147746086120605,7.536664962768555,8.079848289489746,1138843
1993-06-01,3.801577091217041,8.181694984436035,8.317489624023438,8.113797187805176,8.147746086120605,1932682
1993-06-02,3.817352533340454,8.215643882751465,8.249592781066895,8.147746086120605,8.181694984436035,3334419
1993-06-03,3.7855424880981445,8.079848289489746,8.147746086120605,8.045899391174316,8.147746086120605,1689302
1993-06-04,3.7537310123443604,8.01194953918457,8.113797187805176,7.978001117706299,8.113797187805176,3258202
1993-06-07,3.6582963466644287,7.808256149291992,7.978001117706299,7.808256149291992,7.944052219390869,2161334
1993-06-08,3.706012725830078,7.910102844238281,7.944052219390869,7.808256149291992,7.808256149291992,1477587
1993-06-09,3.6742024421691895,7.842205047607422,7.944052219390869,7.808256149291992,7.910102844238281,1678992
1993-06-10,3.6742024421691895,7.842205047607422,7.910102844238281,7.774306774139404,7.808256149291992,2234238
1993-06-11,3.7219183444976807,7.944052219390869,7.944052219390869,7.842205047607422,7.876153945922852,1073671
1993-06-14,3.706012725830078,7.910102844238281,8.045899391174316,7.876153945922852,8.01194953918457,2310455
1993-06-15,3.642390727996826,7.774306774139404,7.910102844238281,7.774306774139404,7.910102844238281,2464731
1993-06-16,3.6582963466644287,7.808256149291992,7.808256149291992,7.706409931182861,7.808256149291992,2276212
1993-06-17,3.737823247909546,7.978001117706299,7.978001117706299,7.706409931182861,7.740358829498291,3067106
1993-06-18,3.642390727996826,7.774306774139404,7.978001117706299,7.774306774139404,7.978001117706299,2659877
1993-06-21,3.6582963466644287,7.808256149291992,7.842205047607422,7.740358829498291,7.808256149291992,1697770
1993-06-22,3.62648606300354,7.740358829498291,7.876153945922852,7.740358829498291,7.842205047607422,2665032
1993-06-23,3.62648606300354,7.740358829498291,7.740358829498291,7.672461032867432,7.672461032867432,1543494
1993-06-24,3.62648606300354,7.740358829498291,7.740358829498291,7.638512134552002,7.740358829498291,4054250
1993-06-25,3.594672441482544,7.672461032867432,7.740358829498291,7.638512134552002,7.740358829498291,3250101
1993-06-28,3.62648606300354,7.740358829498291,7.774306774139404,7.672461032867432,7.706409931182861,2118991
1993-06-29,3.610578775405884,7.706409931182861,7.774306774139404,7.672461032867432,7.740358829498291,1993803
1993-06-30,3.642390727996826,7.774306774139404,7.808256149291992,7.706409931182861,7.740358829498291,1517352
1993-07-01,3.62648606300354,7.740358829498291,7.876153945922852,7.706409931182861,7.808256149291992,2395877
1993-07-02,3.54695725440979,7.570613861083984,7.706409931182861,7.570613861083984,7.706409931182861,1373754
1993-07-06,3.483335494995117,7.434817790985107,7.604563236236572,7.434817790985107,7.604563236236572,1877820
1993-07-07,3.5787668228149414,7.638512134552002,7.638512134552002,7.502716064453125,7.502716064453125,2157652
1993-07-08,3.62648606300354,7.740358829498291,7.842205047607422,7.638512134552002,7.638512134552002,1205855
1993-07-09,3.4197123050689697,7.299022197723389,7.604563236236572,7.265072822570801,7.604563236236572,8456449
1993-07-12,3.483335494995117,7.434817790985107,7.468767166137695,7.265072822570801,7.299022197723389,3572645
1993-07-13,3.5310516357421875,7.536664962768555,7.570613861083984,7.400868892669678,7.434817790985107,1881870
1993-07-14,3.5151472091674805,7.502716064453125,7.570613861083984,7.468767166137695,7.536664962768555,1689670
1993-07-15,3.4515221118927,7.366919994354248,7.434817790985107,7.231123924255371,7.434817790985107,1815962
1993-07-16,3.4197123050689697,7.299022197723389,7.366919994354248,7.231123924255371,7.366919994354248,3224696
1993-07-19,3.4197123050689697,7.299022197723389,7.400868892669678,7.299022197723389,7.332971096038818,872266
1993-07-20,3.5151472091674805,7.502716064453125,7.536664962768555,7.197175025939941,7.299022197723389,1877452
1993-07-21,3.435617685317993,7.332971096038818,7.502716064453125,7.332971096038818,7.468767166137695,2327760
1993-07-22,3.403806447982788,7.265072822570801,7.400868892669678,7.231123924255371,7.366919994354248,1141420
1993-07-23,3.403806447982788,7.265072822570801,7.299022197723389,7.197175025939941,7.265072822570801,2396982
1993-07-26,3.435617685317993,7.332971096038818,7.366919994354248,7.265072822570801,7.299022197723389,1843946
1993-07-27,3.3560895919799805,7.163227081298828,7.299022197723389,7.129278182983398,7.265072822570801,1205855
1993-07-28,3.3560895919799805,7.163227081298828,7.265072822570801,7.163227081298828,7.163227081298828,1704398
1993-07-29,3.371994733810425,7.197175025939941,7.197175025939941,7.061379909515381,7.0953288078308105,3234269
1993-07-30,3.371994733810425,7.197175025939941,7.197175025939941,7.129278182983398,7.163227081298828,1945569
1993-08-02,3.3083739280700684,7.061379909515381,7.299022197723389,7.061379909515381,7.197175025939941,3266670
1993-08-03,3.3560895919799805,7.163227081298828,7.231123924255371,7.0953288078308105,7.231123924255371,3033600
1993-08-04,3.3560895919799805,7.163227081298828,7.231123924255371,7.129278182983398,7.197175025939941,1479428
1993-08-05,3.3242783546447754,7.0953288078308105,7.231123924255371,7.061379909515381,7.197175025939941,2708111
1993-08-06,3.371994733810425,7.197175025939941,7.265072822570801,7.0953288078308105,7.0953288078308105,1252985
1993-08-09,3.371994733810425,7.197175025939941,7.265072822570801,7.129278182983398,7.197175025939941,2450003
1993-08-10,3.292469024658203,7.027431011199951,7.197175025939941,6.959533214569092,7.197175025939941,4073765
1993-08-11,3.3083739280700684,7.061379909515381,7.061379909515381,6.9934821128845215,7.027431011199951,3276980
1993-08-12,3.276561975479126,6.9934821128845215,7.061379909515381,6.959533214569092,7.027431011199951,3065265
1993-08-13,3.0538833141326904,6.518197059631348,7.0953288078308105,6.042911052703857,7.027431011199951,12540892
1993-08-16,3.260655164718628,6.959533214569092,7.061379909515381,6.653992176055908,6.653992176055908,8281186
1993-08-17,3.2129392623901367,6.8576860427856445,6.959533214569092,6.789787769317627,6.925583839416504,5800623
1993-08-18,3.2447502613067627,6.925583839416504,6.9934821128845215,6.823737144470215,6.925583839416504,2998989
1993-08-19,3.3083739280700684,7.061379909515381,7.0953288078308105,6.959533214569092,6.959533214569092,2590655
1993-08-20,3.3242783546447754,7.0953288078308105,7.0953288078308105,7.027431011199951,7.0953288078308105,3288394
1993-08-23,3.3083739280700684,7.061379909515381,7.0953288078308105,6.9934821128845215,7.027431011199951,2610538
1993-08-24,3.387899398803711,7.231123924255371,7.231123924255371,7.061379909515381,7.061379909515381,2253016
1993-08-25,3.3560895919799805,7.163227081298828,7.231123924255371,7.163227081298828,7.231123924255371,5590012
1993-08-26,3.3401830196380615,7.129278182983398,7.197175025939941,7.129278182983398,7.197175025939941,1812280
1993-08-27,3.387899398803711,7.231123924255371,7.265072822570801,7.0953288078308105,7.163227081298828,1437453
1993-08-30,3.4197123050689697,7.299022197723389,7.366919994354248,7.265072822570801,7.265072822570801,1634808
1993-08-31,3.403806447982788,7.265072822570801,7.299022197723389,7.197175025939941,7.299022197723389,2962537
1993-09-01,3.4680299758911133,7.332971096038818,7.366919994354248,7.197175025939941,7.231123924255371,4300944
1993-09-02,3.4680299758911133,7.332971096038818,7.536664962768555,7.299022197723389,7.468767166137695,7719681
1993-09-03,3.435917377471924,7.265072822570801,7.332971096038818,7.231123924255371,7.299022197723389,1201437
1993-09-07,3.387751579284668,7.163227081298828,7.265072822570801,7.163227081298828,7.265072822570801,2466572
1993-09-08,2.954246997833252,6.246604919433594,6.246604919433594,6.076859951019287,6.178707122802734,20066532
1993-09-09,2.809746742248535,5.941064834594727,6.144758224487305,5.941064834594727,6.144758224487305,17404078
1993-09-10,2.809746742248535,5.941064834594727,6.008963108062744,5.873167037963867,5.9750142097473145,8500265
1993-09-13,2.6973555088043213,5.7034220695495605,5.873167037963867,5.635523796081543,5.8392181396484375,8362927
1993-09-14,2.761579751968384,5.8392181396484375,5.873167037963867,5.7034220695495605,5.7034220695495605,7389406
1993-09-15,2.6973555088043213,5.7034220695495605,5.80526876449585,5.669473171234131,5.77131986618042,10111140
1993-09-16,2.633131980895996,5.567625999450684,5.7034220695495605,5.533677101135254,5.7034220695495605,7340067
1993-09-17,2.601022481918335,5.499728202819824,5.567625999450684,5.431830883026123,5.499728202819824,15520735
1993-09-20,2.601022481918335,5.499728202819824,5.635523796081543,5.465778827667236,5.601574897766113,8929955
1993-09-21,2.633131980895996,5.567625999450684,5.567625999450684,5.431830883026123,5.465778827667236,11831739
1993-09-22,2.7134110927581787,5.73737096786499,5.73737096786499,5.635523796081543,5.7034220695495605,4995001
1993-09-23,2.809746742248535,5.941064834594727,5.941064834594727,5.601574897766113,5.669473171234131,6510512
1993-09-24,2.8258016109466553,5.9750142097473145,6.008963108062744,5.80526876449585,5.80526876449585,5561661
1993-09-27,2.809746742248535,5.941064834594727,6.076859951019287,5.907115936279297,5.907115936279297,4271856
1993-09-28,2.777634382247925,5.873167037963867,5.9750142097473145,5.80526876449585,5.941064834594727,2831826
1993-09-29,2.8418569564819336,6.008963108062744,6.042911052703857,5.941064834594727,6.042911052703857,4737629
1993-09-30,2.857912540435791,6.042911052703857,6.042911052703857,5.941064834594727,6.008963108062744,3732443
1993-10-01,2.890023708343506,6.110808849334717,6.144758224487305,6.008963108062744,6.008963108062744,2505601
1993-10-04,2.8258016109466553,5.9750142097473145,6.144758224487305,5.9750142097473145,6.144758224487305,1910958
1993-10-05,2.873967409133911,6.076859951019287,6.076859951019287,5.80526876449585,5.9750142097473145,4573044
1993-10-06,2.8418569564819336,6.008963108062744,6.110808849334717,5.9750142097473145,6.076859951019287,2808630
1993-10-07,2.8258016109466553,5.9750142097473145,6.178707122802734,5.9750142097473145,6.178707122802734,2462890
1993-10-08,2.8258016109466553,5.9750142097473145,6.042911052703857,5.941064834594727,6.008963108062744,3009299
1993-10-11,2.873967409133911,6.076859951019287,6.110808849334717,5.907115936279297,5.9750142097473145,1527662
1993-10-12,2.970303535461426,6.280553817749023,6.348452091217041,6.042911052703857,6.076859951019287,4631220
1993-10-13,2.954246997833252,6.246604919433594,6.314503192901611,6.178707122802734,6.280553817749023,1793134
1993-10-14,2.922136068344116,6.178707122802734,6.280553817749023,6.178707122802734,6.246604919433594,2504128
1993-10-15,2.93818998336792,6.212656021118164,6.246604919433594,6.144758224487305,6.246604919433594,2916512
1993-10-18,2.922136068344116,6.178707122802734,6.212656021118164,6.076859951019287,6.178707122802734,3376762
1993-10-19,2.873967409133911,6.076859951019287,6.178707122802734,6.042911052703857,6.178707122802734,2178271
1993-10-20,2.890023708343506,6.110808849334717,6.110808849334717,5.941064834594727,6.076859951019287,3711824
1993-10-21,2.954246997833252,6.246604919433594,6.314503192901611,6.076859951019287,6.110808849334717,7129088
1993-10-22,2.93818998336792,6.212656021118164,6.314503192901611,6.178707122802734,6.280553817749023,6348504
1993-10-25,2.93818998336792,6.212656021118164,6.246604919433594,6.178707122802734,6.212656021118164,2630789
1993-10-26,3.018470525741577,6.382400989532471,6.382400989532471,6.246604919433594,6.246604919433594,5697895
1993-10-27,3.082692861557007,6.518197059631348,6.552145957946777,6.382400989532471,6.382400989532471,3796142
1993-10-28,3.098747968673706,6.552145957946777,6.62004280090332,6.484248161315918,6.518197059631348,5879418
1993-10-29,3.066636800765991,6.484248161315918,6.586094856262207,6.45029878616333,6.518197059631348,3527724
1993-11-01,3.082692861557007,6.518197059631348,6.518197059631348,6.45029878616333,6.45029878616333,3020345
1993-11-02,3.130859851837158,6.62004280090332,6.653992176055908,6.484248161315918,6.518197059631348,2697801
1993-11-03,3.130859851837158,6.62004280090332,6.687941074371338,6.484248161315918,6.62004280090332,3240160
1993-11-04,3.066636800765991,6.484248161315918,6.552145957946777,6.484248161315918,6.552145957946777,1775829
1993-11-05,3.082692861557007,6.518197059631348,6.552145957946777,6.45029878616333,6.518197059631348,1174926
1993-11-08,3.0505809783935547,6.45029878616333,6.552145957946777,6.45029878616333,6.518197059631348,1214324
1993-11-09,3.114804983139038,6.586094856262207,6.586094856262207,6.4163498878479,6.484248161315918,1867142
1993-11-10,3.098747968673706,6.552145957946777,6.586094856262207,6.484248161315918,6.586094856262207,2042405
1993-11-11,3.066636800765991,6.484248161315918,6.586094856262207,6.45029878616333,6.586094856262207,1086926
1993-11-12,3.082692861557007,6.518197059631348,6.552145957946777,6.348452091217041,6.45029878616333,1899544
1993-11-15,3.098747968673706,6.552145957946777,6.552145957946777,6.484248161315918,6.518197059631348,1296064
1993-11-16,3.114804983139038,6.586094856262207,6.755838871002197,6.586094856262207,6.687941074371338,8851160
1993-11-17,3.0505809783935547,6.45029878616333,6.552145957946777,6.4163498878479,6.484248161315918,4767454
1993-11-18,3.066636800765991,6.484248161315918,6.484248161315918,6.314503192901611,6.45029878616333,2142188
1993-11-19,3.0505809783935547,6.45029878616333,6.484248161315918,6.382400989532471,6.484248161315918,2522538
1993-11-22,2.986358880996704,6.314503192901611,6.45029878616333,6.314503192901611,6.45029878616333,1704030
1993-11-23,3.0505809783935547,6.45029878616333,6.45029878616333,6.314503192901611,6.348452091217041,2040196
1993-11-24,3.018470525741577,6.382400989532471,6.45029878616333,6.348452091217041,6.4163498878479,1956247
1993-11-26,3.0345265865325928,6.4163498878479,6.4163498878479,6.348452091217041,6.382400989532471,517321
1993-11-29,2.986358880996704,6.314503192901611,6.4163498878479,6.314503192901611,6.382400989532471,1585837
1993-11-30,3.0345265865325928,6.4163498878479,6.4163498878479,6.314503192901611,6.348452091217041,1389955
1993-12-01,3.0024144649505615,6.348452091217041,6.4163498878479,6.314503192901611,6.382400989532471,2681601
1993-12-02,3.034872055053711,6.348452091217041,6.348452091217041,6.246604919433594,6.314503192901611,2346539
1993-12-03,2.98618483543396,6.246604919433594,6.348452091217041,6.246604919433594,6.280553817749023,2749349
1993-12-06,2.921266794204712,6.110808849334717,6.314503192901611,6.076859951019287,6.280553817749023,3719925
1993-12-07,2.953725576400757,6.178707122802734,6.246604919433594,6.042911052703857,6.110808849334717,3513364
1993-12-08,2.969954490661621,6.212656021118164,6.280553817749023,6.144758224487305,6.144758224487305,4198953
1993-12-09,2.98618483543396,6.246604919433594,6.280553817749023,6.178707122802734,6.178707122802734,4377530
1993-12-10,2.9374969005584717,6.144758224487305,6.246604919433594,6.144758224487305,6.246604919433594,1819644
1993-12-13,2.969954490661621,6.212656021118164,6.212656021118164,6.110808849334717,6.110808849334717,1951092
1993-12-14,3.018643856048584,6.314503192901611,6.314503192901611,6.178707122802734,6.212656021118164,3930535
1993-12-15,2.98618483543396,6.246604919433594,6.314503192901611,6.212656021118164,6.280553817749023,3793196
1993-12-16,2.98618483543396,6.246604919433594,6.314503192901611,6.212656021118164,6.246604919433594,2560463
1993-12-17,3.0024149417877197,6.280553817749023,6.348452091217041,6.212656021118164,6.314503192901611,3480595
1993-12-20,3.0024149417877197,6.280553817749023,6.314503192901611,6.212656021118164,6.280553817749023,2783960
1993-12-21,3.018643856048584,6.314503192901611,6.314503192901611,6.246604919433594,6.280553817749023,1860515
1993-12-22,3.051102638244629,6.382400989532471,6.4163498878479,6.314503192901611,6.382400989532471,2685283
1993-12-23,2.98618483543396,6.246604919433594,6.280553817749023,6.076859951019287,6.178707122802734,5454515
1993-12-27,3.034872055053711,6.348452091217041,6.348452091217041,6.212656021118164,6.246604919433594,2884111
1993-12-28,3.0673320293426514,6.4163498878479,6.45029878616333,6.314503192901611,6.314503192901611,2992730
1993-12-29,3.1809346675872803,6.653992176055908,6.653992176055908,6.45029878616333,6.45029878616333,5238381
1993-12-30,3.1647074222564697,6.62004280090332,6.653992176055908,6.552145957946777,6.653992176055908,2390354
1993-12-31,3.1647074222564697,6.62004280090332,6.653992176055908,6.552145957946777,6.586094856262207,3028077
1994-01-03,3.1647074222564697,6.62004280090332,6.62004280090332,6.484248161315918,6.552145957946777,3222855
1994-01-04,3.1809346675872803,6.653992176055908,6.721889972686768,6.552145957946777,6.586094856262207,3965514
1994-01-05,3.1484782695770264,6.586094856262207,6.687941074371338,6.586094856262207,6.653992176055908,2817466
1994-01-06,3.1647074222564697,6.62004280090332,6.721889972686768,6.586094856262207,6.653992176055908,4123840
1994-01-07,3.1809346675872803,6.653992176055908,6.687941074371338,6.62004280090332,6.653992176055908,1740850
1994-01-10,3.1809346675872803,6.653992176055908,6.687941074371338,6.552145957946777,6.687941074371338,1405051
1994-01-11,3.1647074222564697,6.62004280090332,6.653992176055908,6.586094856262207,6.62004280090332,1520666
1994-01-12,3.1160194873809814,6.518197059631348,6.653992176055908,6.518197059631348,6.62004280090332,1850941
1994-01-13,3.1160194873809814,6.518197059631348,6.552145957946777,6.484248161315918,6.518197059631348,1073303
1994-01-14,3.1160194873809814,6.518197059631348,6.62004280090332,6.484248161315918,6.552145957946777,1779511
1994-01-17,3.13224720954895,6.552145957946777,6.586094856262207,6.518197059631348,6.552145957946777,665337
1994-01-18,3.1971631050109863,6.687941074371338,6.721889972686768,6.552145957946777,6.552145957946777,2738672
1994-01-19,3.1647074222564697,6.62004280090332,6.755838871002197,6.552145957946777,6.687941074371338,2343961
1994-01-20,3.1160194873809814,6.518197059631348,6.586094856262207,6.518197059631348,6.552145957946777,1664632
1994-01-21,3.099790096282959,6.484248161315918,6.552145957946777,6.4163498878479,6.552145957946777,1973552
1994-01-24,3.0673320293426514,6.4163498878479,6.484248161315918,6.382400989532471,6.484248161315918,1186340
1994-01-25,3.0673320293426514,6.4163498878479,6.45029878616333,6.348452091217041,6.4163498878479,1492683
1994-01-26,3.018643856048584,6.314503192901611,6.45029878616333,6.246604919433594,6.4163498878479,2892211
1994-01-27,3.018643856048584,6.314503192901611,6.348452091217041,6.144758224487305,6.348452091217041,2368631
1994-01-28,2.98618483543396,6.246604919433594,6.382400989532471,6.246604919433594,6.314503192901611,2276949
1994-01-31,3.0835611820220947,6.45029878616333,6.45029878616333,6.212656021118164,6.280553817749023,3434938
1994-02-01,3.13224720954895,6.552145957946777,6.586094856262207,6.4163498878479,6.4163498878479,2952228
1994-02-02,3.1647074222564697,6.62004280090332,6.62004280090332,6.484248161315918,6.518197059631348,2339543
1994-02-03,3.0673320293426514,6.4163498878479,6.586094856262207,6.348452091217041,6.586094856262207,2065234
1994-02-04,2.953725576400757,6.178707122802734,6.45029878616333,6.178707122802734,6.45029878616333,2858705
1994-02-07,2.969954490661621,6.212656021118164,6.280553817749023,6.110808849334717,6.110808849334717,3052378
1994-02-08,3.034872055053711,6.348452091217041,6.348452091217041,6.246604919433594,6.314503192901611,2229083
1994-02-09,3.0673320293426514,6.4163498878479,6.45029878616333,6.348452091217041,6.382400989532471,2005954
1994-02-10,3.1160194873809814,6.518197059631348,6.518197059631348,6.382400989532471,6.4163498878479,3110185
1994-02-11,3.0835611820220947,6.45029878616333,6.518197059631348,6.45029878616333,6.484248161315918,1014391
1994-02-14,3.0835611820220947,6.45029878616333,6.484248161315918,6.45029878616333,6.484248161315918,1289805
1994-02-15,3.0835611820220947,6.45029878616333,6.484248161315918,6.4163498878479,6.45029878616333,2698906
1994-02-16,3.0673320293426514,6.4163498878479,6.484248161315918,6.348452091217041,6.4163498878479,1856464
1994-02-17,3.099790096282959,6.484248161315918,6.518197059631348,6.348452091217041,6.45029878616333,5344055
1994-02-18,3.0673320293426514,6.4163498878479,6.518197059631348,6.314503192901611,6.45029878616333,2585132
1994-02-22,3.1160194873809814,6.518197059631348,6.518197059631348,6.348452091217041,6.45029878616333,1597252
1994-02-23,3.018643856048584,6.314503192901611,6.552145957946777,6.212656021118164,6.518197059631348,4916943
1994-02-24,2.9374969005584717,6.144758224487305,6.246604919433594,6.110808849334717,6.246604919433594,4390049
1994-02-25,2.921266794204712,6.110808849334717,6.144758224487305,6.042911052703857,6.110808849334717,2525852
1994-02-28,2.953725576400757,6.178707122802734,6.246604919433594,6.110808849334717,6.144758224487305,2757082
1994-03-01,2.9050371646881104,6.076859951019287,6.178707122802734,6.042911052703857,6.178707122802734,1811176
1994-03-02,2.953725576400757,6.178707122802734,6.178707122802734,5.9750142097473145,6.008963108062744,1789820
1994-03-03,2.9537250995635986,6.110808849334717,6.144758224487305,6.042911052703857,6.110808849334717,1225370
1994-03-04,2.9537250995635986,6.110808849334717,6.178707122802734,6.076859951019287,6.076859951019287,1865301
1994-03-07,2.970135450363159,6.144758224487305,6.212656021118164,6.110808849334717,6.110808849334717,1164617
1994-03-08,2.9044973850250244,6.008963108062744,6.178707122802734,5.941064834594727,6.144758224487305,2060815
1994-03-09,2.9865448474884033,6.178707122802734,6.212656021118164,5.9750142097473145,5.9750142097473145,3504528
1994-03-10,3.019364595413208,6.246604919433594,6.280553817749023,6.144758224487305,6.178707122802734,3161365
1994-03-11,3.019364595413208,6.246604919433594,6.348452091217041,6.212656021118164,6.212656021118164,3519256
1994-03-14,3.019364595413208,6.246604919433594,6.314503192901611,6.212656021118164,6.246604919433594,3574854
1994-03-15,3.019364595413208,6.246604919433594,6.348452091217041,6.246604919433594,6.314503192901611,2697065
1994-03-16,3.052184581756592,6.314503192901611,6.314503192901611,6.246604919433594,6.314503192901611,1776197
1994-03-17,3.052184581756592,6.314503192901611,6.348452091217041,6.280553817749023,6.280553817749023,1767360
1994-03-18,3.1178226470947266,6.45029878616333,6.484248161315918,6.280553817749023,6.314503192901611,5537728
1994-03-21,3.1014137268066406,6.4163498878479,6.45029878616333,6.314503192901611,6.4163498878479,1590992
1994-03-22,3.150641679763794,6.518197059631348,6.586094856262207,6.314503192901611,6.45029878616333,2967692
1994-03-23,3.1670498847961426,6.552145957946777,6.586094856262207,6.552145957946777,6.552145957946777,2975792
1994-03-24,3.1178226470947266,6.45029878616333,6.552145957946777,6.4163498878479,6.552145957946777,2743826
1994-03-25,3.0685930252075195,6.348452091217041,6.484248161315918,6.314503192901611,6.4163498878479,1791661
1994-03-28,3.1014137268066406,6.4163498878479,6.45029878616333,6.246604919433594,6.382400989532471,2211777
1994-03-29,3.0357747077941895,6.280553817749023,6.45029878616333,6.246604919433594,6.4163498878479,2183426
1994-03-30,3.0029537677764893,6.212656021118164,6.280553817749023,6.178707122802734,6.246604919433594,2905834
1994-03-31,2.970135450363159,6.144758224487305,6.178707122802734,5.907115936279297,6.144758224487305,3031391
1994-04-04,2.888087749481201,5.9750142097473145,6.110808849334717,5.873167037963867,5.941064834594727,3695623
1994-04-05,3.0029537677764893,6.212656021118164,6.212656021118164,6.110808849334717,6.110808849334717,2328129
1994-04-06,2.9044973850250244,6.008963108062744,6.246604919433594,6.008963108062744,6.144758224487305,3371976
1994-04-07,3.0357747077941895,6.280553817749023,6.280553817749023,6.008963108062744,6.042911052703857,3021817
1994-04-08,3.0357747077941895,6.280553817749023,6.314503192901611,6.212656021118164,6.246604919433594,2641467
1994-04-11,3.019364595413208,6.246604919433594,6.280553817749023,6.178707122802734,6.280553817749023,1827377
1994-04-12,3.0029537677764893,6.212656021118164,6.212656021118164,6.110808849334717,6.212656021118164,1624130
1994-04-13,3.019364595413208,6.246604919433594,6.246604919433594,6.110808849334717,6.178707122802734,1647327
1994-04-14,3.0029537677764893,6.212656021118164,6.280553817749023,6.178707122802734,6.178707122802734,1272131
1994-04-15,2.9865448474884033,6.178707122802734,6.212656021118164,6.144758224487305,6.178707122802734,1498206
1994-04-18,3.019364595413208,6.246604919433594,6.280553817749023,6.008963108062744,6.178707122802734,2751559
1994-04-19,3.019364595413208,6.246604919433594,6.314503192901611,6.212656021118164,6.246604919433594,1741218
1994-04-20,2.970135450363159,6.144758224487305,6.212656021118164,6.076859951019287,6.212656021118164,1637017
1994-04-21,3.019364595413208,6.246604919433594,6.246604919433594,6.110808849334717,6.212656021118164,1884448
1994-04-22,2.9865448474884033,6.178707122802734,6.280553817749023,6.144758224487305,6.212656021118164,2611643
1994-04-25,3.0685930252075195,6.348452091217041,6.348452091217041,6.110808849334717,6.110808849334717,1949987
1994-04-26,3.0685930252075195,6.348452091217041,6.348452091217041,6.246604919433594,6.348452091217041,1211746
1994-04-28,3.019364595413208,6.246604919433594,6.314503192901611,6.212656021118164,6.280553817749023,1542390
1994-04-29,3.0029537677764893,6.212656021118164,6.314503192901611,6.212656021118164,6.246604919433594,1542758
1994-05-02,3.1670498847961426,6.552145957946777,6.586094856262207,6.144758224487305,6.178707122802734,3579640
1994-05-03,3.216278314590454,6.653992176055908,6.653992176055908,6.518197059631348,6.552145957946777,4421714
1994-05-04,3.216278314590454,6.653992176055908,6.687941074371338,6.586094856262207,6.653992176055908,2419810
1994-05-05,3.216278314590454,6.653992176055908,6.653992176055908,6.552145957946777,6.62004280090332,2424597
1994-05-06,3.1834616661071777,6.586094856262207,6.586094856262207,6.484248161315918,6.518197059631348,1780615
1994-05-09,3.1834616661071777,6.586094856262207,6.586094856262207,6.518197059631348,6.552145957946777,1923477
1994-05-10,3.232687473297119,6.687941074371338,6.687941074371338,6.552145957946777,6.586094856262207,2279158
1994-05-11,3.2655084133148193,6.755838871002197,6.755838871002197,6.62004280090332,6.653992176055908,3337365
1994-05-12,3.281919240951538,6.789787769317627,6.925583839416504,6.721889972686768,6.755838871002197,4236509
1994-05-13,3.3475568294525146,6.925583839416504,6.959533214569092,6.823737144470215,6.8576860427856445,3334051
1994-05-16,3.363966941833496,6.959533214569092,6.9934821128845215,6.8576860427856445,6.891634941101074,3177566
1994-05-17,3.413195848464966,7.061379909515381,7.129278182983398,6.959533214569092,6.959533214569092,4779972
1994-05-18,3.413195848464966,7.061379909515381,7.061379909515381,6.959533214569092,7.027431011199951,2975792
1994-05-19,3.3475568294525146,6.925583839416504,6.9934821128845215,6.891634941101074,6.9934821128845215,1387378
1994-05-20,3.2983274459838867,6.823737144470215,6.8576860427856445,6.755838871002197,6.8576860427856445,3087357
1994-05-23,3.363966941833496,6.959533214569092,6.959533214569092,6.789787769317627,6.789787769317627,2454053
1994-05-24,3.363966941833496,6.959533214569092,7.027431011199951,6.925583839416504,6.959533214569092,1389587
1994-05-25,3.3967862129211426,7.027431011199951,7.027431011199951,6.891634941101074,6.891634941101074,1869720
1994-05-26,3.331145763397217,6.891634941101074,7.027431011199951,6.891634941101074,7.027431011199951,1127060
1994-05-27,3.2655084133148193,6.755838871002197,6.8576860427856445,6.721889972686768,6.8576860427856445,1804548
1994-05-31,3.3803763389587402,6.9934821128845215,7.027431011199951,6.721889972686768,6.721889972686768,2060079
1994-06-01,3.3475568294525146,6.925583839416504,7.027431011199951,6.8576860427856445,6.925583839416504,1618239
1994-06-02,3.4469902515411377,7.061379909515381,7.0953288078308105,6.925583839416504,6.925583839416504,2375258
1994-06-03,3.4469902515411377,7.061379909515381,7.0953288078308105,7.027431011199951,7.027431011199951,2081435
1994-06-06,3.347557783126831,6.8576860427856445,7.129278182983398,6.8576860427856445,7.061379909515381,3084780
1994-06-07,3.413844585418701,6.9934821128845215,6.9934821128845215,6.8576860427856445,6.8576860427856445,1300114
1994-06-08,3.463560104370117,7.0953288078308105,7.129278182983398,6.9934821128845215,7.061379909515381,2199627
1994-06-09,3.4304187297821045,7.027431011199951,7.129278182983398,6.9934821128845215,7.0953288078308105,1811176
1994-06-10,3.496706247329712,7.163227081298828,7.163227081298828,7.061379909515381,7.061379909515381,2338070
1994-06-13,3.496706247329712,7.163227081298828,7.163227081298828,7.129278182983398,7.129278182983398,1738640
1994-06-14,3.5132765769958496,7.197175025939941,7.265072822570801,7.129278182983398,7.163227081298828,3070052
1994-06-15,3.4469902515411377,7.061379909515381,7.197175025939941,7.061379909515381,7.163227081298828,1279495
1994-06-16,3.496706247329712,7.163227081298828,7.231123924255371,7.0953288078308105,7.163227081298828,3378971
1994-06-17,3.480133533477783,7.129278182983398,7.231123924255371,7.0953288078308105,7.163227081298828,4335187
1994-06-20,3.3807008266448975,6.925583839416504,7.027431011199951,6.891634941101074,6.9934821128845215,1906171
1994-06-21,3.413844585418701,6.9934821128845215,6.9934821128845215,6.8576860427856445,6.925583839416504,2307878
1994-06-22,3.5132765769958496,7.197175025939941,7.197175025939941,7.027431011199951,7.027431011199951,2720998
1994-06-23,3.3807008266448975,6.925583839416504,7.163227081298828,6.925583839416504,7.0953288078308105,2290572
1994-06-24,3.264694929122925,6.687941074371338,6.925583839416504,6.687941074371338,6.925583839416504,2100949
1994-06-27,3.297839879989624,6.755838871002197,6.789787769317627,6.62004280090332,6.653992176055908,1568164
1994-06-28,3.397273063659668,6.959533214569092,6.959533214569092,6.721889972686768,6.755838871002197,1405788
1994-06-29,3.397273063659668,6.959533214569092,6.9934821128845215,6.8576860427856445,6.8576860427856445,2054924
1994-06-30,3.480133533477783,7.129278182983398,7.163227081298828,6.959533214569092,6.9934821128845215,5632724
1994-07-01,3.5132765769958496,7.197175025939941,7.197175025939941,7.129278182983398,7.163227081298828,3501214
1994-07-05,3.5464212894439697,7.265072822570801,7.332971096038818,7.197175025939941,7.231123924255371,4690500
1994-07-06,3.496706247329712,7.163227081298828,7.265072822570801,7.129278182983398,7.231123924255371,1606457
1994-07-07,3.463560104370117,7.0953288078308105,7.197175025939941,7.061379909515381,7.197175025939941,1952196
1994-07-08,3.496706247329712,7.163227081298828,7.197175025939941,6.959533214569092,6.9934821128845215,1853887
1994-07-11,3.5298473834991455,7.231123924255371,7.231123924255371,7.061379909515381,7.129278182983398,1943360
1994-07-12,3.496706247329712,7.163227081298828,7.231123924255371,7.129278182983398,7.231123924255371,1509988
1994-07-13,3.463560104370117,7.0953288078308105,7.163227081298828,7.0953288078308105,7.129278182983398,1076617
1994-07-14,3.5298473834991455,7.231123924255371,7.265072822570801,7.0953288078308105,7.0953288078308105,2955910
1994-07-15,3.463560104370117,7.0953288078308105,7.197175025939941,7.0953288078308105,7.197175025939941,3620879
1994-07-18,3.496706247329712,7.163227081298828,7.197175025939941,7.061379909515381,7.129278182983398,1791661
1994-07-19,3.480133533477783,7.129278182983398,7.197175025939941,7.129278182983398,7.163227081298828,788316
1994-07-20,3.496706247329712,7.163227081298828,7.163227081298828,7.061379909515381,7.0953288078308105,1550490
1994-07-21,3.5132765769958496,7.197175025939941,7.197175025939941,7.0953288078308105,7.129278182983398,1426039
1994-07-22,3.480133533477783,7.129278182983398,7.129278182983398,6.9934821128845215,7.061379909515381,2955173
1994-07-25,3.5795657634735107,7.332971096038818,7.400868892669678,7.129278182983398,7.129278182983398,2032096
1994-07-26,3.5132765769958496,7.197175025939941,7.299022197723389,7.197175025939941,7.299022197723389,2036882
1994-07-27,3.3807008266448975,6.925583839416504,7.197175025939941,6.925583839416504,7.197175025939941,3623824
1994-07-28,3.397273063659668,6.959533214569092,6.9934821128845215,6.8576860427856445,6.959533214569092,3784360
1994-07-29,3.496706247329712,7.163227081298828,7.163227081298828,6.959533214569092,7.027431011199951,2127460
1994-08-01,3.5132765769958496,7.197175025939941,7.197175025939941,7.129278182983398,7.129278182983398,1459913
1994-08-02,3.5464212894439697,7.265072822570801,7.265072822570801,7.129278182983398,7.129278182983398,1894389
1994-08-03,3.5132765769958496,7.197175025939941,7.197175025939941,7.129278182983398,7.163227081298828,925287
1994-08-04,3.496706247329712,7.163227081298828,7.231123924255371,7.0953288078308105,7.129278182983398,1402842
1994-08-05,3.4304187297821045,7.027431011199951,7.163227081298828,7.027431011199951,7.0953288078308105,1321102
1994-08-08,3.413844585418701,6.9934821128845215,7.027431011199951,6.959533214569092,7.027431011199951,1275445
1994-08-09,3.463560104370117,7.0953288078308105,7.129278182983398,6.959533214569092,6.959533214569092,1142893
1994-08-10,3.496706247329712,7.163227081298828,7.197175025939941,7.061379909515381,7.0953288078308105,1413520
1994-08-11,3.480133533477783,7.129278182983398,7.265072822570801,7.129278182983398,7.129278182983398,1833636
1994-08-12,3.496706247329712,7.163227081298828,7.197175025939941,7.129278182983398,7.129278182983398,1462490
1994-08-15,3.5795657634735107,7.332971096038818,7.400868892669678,7.163227081298828,7.163227081298828,2603542
1994-08-16,3.645853042602539,7.468767166137695,7.468767166137695,7.332971096038818,7.332971096038818,2783224
1994-08-17,3.695568799972534,7.570613861083984,7.570613861083984,7.434817790985107,7.434817790985107,2732412
1994-08-18,3.5961363315582275,7.366919994354248,7.570613861083984,7.366919994354248,7.570613861083984,2408028
1994-08-19,3.5961363315582275,7.366919994354248,7.400868892669678,7.299022197723389,7.366919994354248,1392532
1994-08-22,3.6624257564544678,7.502716064453125,7.502716064453125,7.299022197723389,7.332971096038818,1603879
1994-08-23,3.6624257564544678,7.502716064453125,7.604563236236572,7.502716064453125,7.502716064453125,2144029
1994-08-24,3.695568799972534,7.570613861083984,7.638512134552002,7.502716064453125,7.536664962768555,2135560
1994-08-25,3.6127090454101562,7.400868892669678,7.570613861083984,7.400868892669678,7.536664962768555,1296432
1994-08-26,3.678997755050659,7.536664962768555,7.604563236236572,7.366919994354248,7.434817790985107,1386641
1994-08-29,3.7950031757354736,7.774306774139404,7.808256149291992,7.536664962768555,7.536664962768555,2829617
1994-08-30,3.7618589401245117,7.706409931182861,7.808256149291992,7.638512134552002,7.808256149291992,1283913
1994-08-31,3.796917676925659,7.706409931182861,7.706409931182861,7.604563236236572,7.604563236236572,1576264
1994-09-01,3.7801904678344727,7.672461032867432,7.706409931182861,7.604563236236572,7.672461032867432,2153234
1994-09-02,3.7801904678344727,7.672461032867432,7.706409931182861,7.638512134552002,7.638512134552002,1256667
1994-09-06,3.7801904678344727,7.672461032867432,7.672461032867432,7.604563236236572,7.638512134552002,885889
1994-09-07,3.7801904678344727,7.672461032867432,7.706409931182861,7.638512134552002,7.638512134552002,1718758
1994-09-08,3.7801904678344727,7.672461032867432,7.706409931182861,7.672461032867432,7.672461032867432,1327361
1994-09-09,3.7132840156555176,7.536664962768555,7.672461032867432,7.536664962768555,7.638512134552002,2753768
1994-09-12,3.746737241744995,7.604563236236572,7.604563236236572,7.502716064453125,7.536664962768555,1799762
1994-09-13,3.746737241744995,7.604563236236572,7.638512134552002,7.570613861083984,7.570613861083984,1662055
1994-09-14,3.7132840156555176,7.536664962768555,7.604563236236572,7.502716064453125,7.570613861083984,1294223
1994-09-15,3.8303704261779785,7.774306774139404,7.774306774139404,7.536664962768555,7.570613861083984,2139610
1994-09-16,3.796917676925659,7.706409931182861,7.706409931182861,7.604563236236572,7.706409931182861,2588446
1994-09-19,3.7300100326538086,7.570613861083984,7.740358829498291,7.536664962768555,7.672461032867432,1092818
1994-09-20,3.6129250526428223,7.332971096038818,7.536664962768555,7.332971096038818,7.434817790985107,3367189
1994-09-21,3.663104772567749,7.434817790985107,7.434817790985107,7.332971096038818,7.366919994354248,1727226
1994-09-22,3.7132840156555176,7.536664962768555,7.604563236236572,7.400868892669678,7.434817790985107,1667946
1994-09-23,3.7132840156555176,7.536664962768555,7.536664962768555,7.468767166137695,7.536664962768555,1519193
1994-09-26,3.663104772567749,7.434817790985107,7.468767166137695,7.366919994354248,7.468767166137695,3014822
1994-09-27,3.663104772567749,7.434817790985107,7.434817790985107,7.265072822570801,7.434817790985107,4137832
1994-09-28,3.7300100326538086,7.570613861083984,7.570613861083984,7.400868892669678,7.434817790985107,3987238
1994-09-29,3.7634618282318115,7.638512134552002,7.638512134552002,7.536664962768555,7.570613861083984,1664264
1994-09-30,3.7634618282318115,7.638512134552002,7.672461032867432,7.536664962768555,7.604563236236572,2155811
1994-10-03,3.746737241744995,7.604563236236572,7.706409931182861,7.604563236236572,7.706409931182861,1750055
1994-10-04,3.7132840156555176,7.536664962768555,7.638512134552002,7.468767166137695,7.604563236236572,2628212
1994-10-05,3.67983078956604,7.468767166137695,7.570613861083984,7.366919994354248,7.570613861083984,2152865
1994-10-06,3.663104772567749,7.434817790985107,7.468767166137695,7.400868892669678,7.468767166137695,1318892
1994-10-07,3.629650831222534,7.366919994354248,7.434817790985107,7.332971096038818,7.400868892669678,2103527
1994-10-10,3.6463778018951416,7.400868892669678,7.434817790985107,7.332971096038818,7.366919994354248,1002609
1994-10-11,3.7132840156555176,7.536664962768555,7.536664962768555,7.434817790985107,7.434817790985107,2674237
1994-10-12,3.6965579986572266,7.502716064453125,7.570613861083984,7.502716064453125,7.570613861083984,1130742
1994-10-13,3.7634618282318115,7.638512134552002,7.706409931182861,7.570613861083984,7.570613861083984,2524379
1994-10-14,3.7132840156555176,7.536664962768555,7.638512134552002,7.502716064453125,7.638512134552002,1414993
1994-10-17,3.67983078956604,7.468767166137695,7.536664962768555,7.468767166137695,7.536664962768555,832132
1994-10-18,3.67983078956604,7.468767166137695,7.502716064453125,7.366919994354248,7.468767166137695,1357922
1994-10-19,3.6463778018951416,7.400868892669678,7.502716064453125,7.366919994354248,7.434817790985107,1308583
1994-10-20,3.5961997509002686,7.299022197723389,7.400868892669678,7.265072822570801,7.366919994354248,1846155
1994-10-21,3.5961997509002686,7.299022197723389,7.299022197723389,7.0953288078308105,7.231123924255371,2022523
1994-10-24,3.5460188388824463,7.197175025939941,7.299022197723389,7.197175025939941,7.265072822570801,1131479
1994-10-25,3.3453028202056885,6.789787769317627,7.163227081298828,6.45029878616333,7.163227081298828,14061558
1994-10-26,3.3285744190216064,6.755838871002197,6.891634941101074,6.721889972686768,6.789787769317627,4595872
1994-10-27,3.4122073650360107,6.925583839416504,6.9934821128845215,6.721889972686768,6.755838871002197,5201561
1994-10-28,3.4958391189575195,7.0953288078308105,7.129278182983398,6.925583839416504,6.925583839416504,2838822
1994-10-31,3.479114532470703,7.061379909515381,7.0953288078308105,7.027431011199951,7.061379909515381,1571846
1994-11-01,3.479114532470703,7.061379909515381,7.231123924255371,7.061379909515381,7.061379909515381,3477281
1994-11-02,3.479114532470703,7.061379909515381,7.129278182983398,7.027431011199951,7.027431011199951,1924950
1994-11-03,3.479114532470703,7.061379909515381,7.129278182983398,7.027431011199951,7.061379909515381,1803075
1994-11-04,3.629650831222534,7.366919994354248,7.400868892669678,7.061379909515381,7.061379909515381,4711487
1994-11-07,3.6129250526428223,7.332971096038818,7.383894920349121,7.231123924255371,7.265072822570801,3899606
1994-11-08,3.746737241744995,7.604563236236572,7.638512134552002,7.366919994354248,7.366919994354248,6622813
1994-11-09,3.7300100326538086,7.570613861083984,7.740358829498291,7.570613861083984,7.638512134552002,6879817
1994-11-10,3.7132840156555176,7.536664962768555,7.570613861083984,7.502716064453125,7.536664962768555,1423093
1994-11-11,3.67983078956604,7.468767166137695,7.536664962768555,7.434817790985107,7.468767166137695,1004818
1994-11-14,3.6965579986572266,7.502716064453125,7.570613861083984,7.468767166137695,7.536664962768555,1008132
1994-11-15,3.67983078956604,7.468767166137695,7.502716064453125,7.366919994354248,7.434817790985107,2379677
1994-11-16,3.6463778018951416,7.400868892669678,7.468767166137695,7.332971096038818,7.434817790985107,1295328
1994-11-17,3.6129250526428223,7.332971096038818,7.366919994354248,7.265072822570801,7.332971096038818,5292139
1994-11-18,3.5961997509002686,7.299022197723389,7.349946022033691,7.299022197723389,7.299022197723389,3654385
1994-11-21,3.562743902206421,7.231123924255371,7.299022197723389,7.197175025939941,7.299022197723389,1359763
1994-11-22,3.462388277053833,7.027431011199951,7.197175025939941,6.891634941101074,7.163227081298828,3958150
1994-11-23,3.462388277053833,7.027431011199951,7.027431011199951,6.823737144470215,6.823737144470215,2456262
1994-11-25,3.479114532470703,7.061379909515381,7.129278182983398,6.9934821128845215,7.027431011199951,657237
1994-11-28,3.462388277053833,7.027431011199951,7.061379909515381,6.925583839416504,7.027431011199951,895094
1994-11-29,3.462388277053833,7.027431011199951,7.027431011199951,6.925583839416504,6.9934821128845215,1051579
1994-11-30,3.44566011428833,6.9934821128845215,7.027431011199951,6.959533214569092,6.9934821128845215,2292045
1994-12-01,3.4641811847686768,6.959533214569092,6.9934821128845215,6.789787769317627,6.891634941101074,1582524
1994-12-02,3.430384635925293,6.891634941101074,7.027431011199951,6.823737144470215,6.959533214569092,1783929
1994-12-05,3.430384635925293,6.891634941101074,6.891634941101074,6.823737144470215,6.823737144470215,2112363
1994-12-06,3.4979779720306396,7.027431011199951,7.027431011199951,6.8576860427856445,6.8576860427856445,1330307
1994-12-07,3.4979779720306396,7.027431011199951,7.0953288078308105,6.9934821128845215,6.9934821128845215,1584365
1994-12-08,3.430384635925293,6.891634941101074,7.027431011199951,6.891634941101074,6.959533214569092,2747877
1994-12-09,3.4472830295562744,6.925583839416504,6.925583839416504,6.8576860427856445,6.891634941101074,2774387
1994-12-12,3.514875650405884,7.061379909515381,7.061379909515381,6.8576860427856445,6.8576860427856445,1779142
1994-12-13,3.4979779720306396,7.027431011199951,7.0953288078308105,6.9934821128845215,7.027431011199951,1861619
1994-12-14,3.5824697017669678,7.197175025939941,7.265072822570801,7.027431011199951,7.027431011199951,3552025
1994-12-15,3.599367618560791,7.231123924255371,7.265072822570801,7.129278182983398,7.197175025939941,1690774
1994-12-16,3.7514562606811523,7.536664962768555,7.536664962768555,7.231123924255371,7.265072822570801,5169160
1994-12-19,3.7007577419281006,7.434817790985107,7.468767166137695,7.400868892669678,7.434817790985107,1392901
1994-12-20,3.7514562606811523,7.536664962768555,7.570613861083984,7.400868892669678,7.400868892669678,1775829
1994-12-21,3.7514562606811523,7.536664962768555,7.672461032867432,7.502716064453125,7.536664962768555,3320059
1994-12-22,3.7514562606811523,7.536664962768555,7.570613861083984,7.434817790985107,7.536664962768555,2762973
1994-12-23,3.7514562606811523,7.536664962768555,7.604563236236572,7.502716064453125,7.502716064453125,768802
1994-12-27,3.7514562606811523,7.536664962768555,7.604563236236572,7.502716064453125,7.570613861083984,703630
1994-12-28,3.8021507263183594,7.638512134552002,7.638512134552002,7.502716064453125,7.536664962768555,2935659
1994-12-29,3.8528449535369873,7.740358829498291,7.808256149291992,7.604563236236572,7.604563236236572,2913567
1994-12-30,3.8190488815307617,7.672461032867432,7.842205047607422,7.672461032867432,7.740358829498291,2555308
1995-01-03,3.8021507263183594,7.638512134552002,7.638512134552002,7.536664962768555,7.638512134552002,3045014
1995-01-04,3.8528449535369873,7.740358829498291,7.740358829498291,7.570613861083984,7.672461032867432,1447026
1995-01-05,3.8528449535369873,7.740358829498291,7.774306774139404,7.672461032867432,7.740358829498291,1587310
1995-01-06,3.8866429328918457,7.808256149291992,7.842205047607422,7.638512134552002,7.672461032867432,2541316
1995-01-09,3.8190488815307617,7.672461032867432,7.842205047607422,7.638512134552002,7.774306774139404,2680128
1995-01-10,3.785252809524536,7.604563236236572,7.706409931182861,7.604563236236572,7.706409931182861,2713266
1995-01-11,3.76835298538208,7.570613861083984,7.604563236236572,7.502716064453125,7.604563236236572,1415361
1995-01-12,3.7007577419281006,7.434817790985107,7.536664962768555,7.434817790985107,7.502716064453125,2876010
1995-01-13,3.7007577419281006,7.434817790985107,7.468767166137695,7.332971096038818,7.468767166137695,2635207
1995-01-16,3.717658281326294,7.468767166137695,7.502716064453125,7.366919994354248,7.400868892669678,2497132
1995-01-17,3.785252809524536,7.604563236236572,7.604563236236572,7.468767166137695,7.468767166137695,1504097
1995-01-18,3.734556198120117,7.502716064453125,7.604563236236572,7.468767166137695,7.570613861083984,2194472
1995-01-19,3.734556198120117,7.502716064453125,7.502716064453125,7.434817790985107,7.468767166137695,1850205
1995-01-20,3.6838595867156982,7.400868892669678,7.468767166137695,7.366919994354248,7.468767166137695,2602069
1995-01-23,3.666963577270508,7.366919994354248,7.434817790985107,7.332971096038818,7.332971096038818,1982757
1995-01-24,3.666963577270508,7.366919994354248,7.400868892669678,7.265072822570801,7.400868892669678,2669082
1995-01-25,3.734556198120117,7.502716064453125,7.502716064453125,7.366919994354248,7.366919994354248,2304196
1995-01-26,3.734556198120117,7.502716064453125,7.570613861083984,7.468767166137695,7.502716064453125,1797921
1995-01-27,3.8359463214874268,7.706409931182861,7.774306774139404,7.570613861083984,7.570613861083984,5373879
1995-01-30,3.9035394191741943,7.842205047607422,7.842205047607422,7.706409931182861,7.740358829498291,2620479
1995-01-31,3.9880311489105225,8.01194953918457,8.01194953918457,7.774306774139404,7.842205047607422,4932775
1995-02-01,3.9542362689971924,7.944052219390869,8.113797187805176,7.910102844238281,8.113797187805176,6718545
1995-02-02,3.9542362689971924,7.944052219390869,7.978001117706299,7.808256149291992,7.910102844238281,2028414
1995-02-03,3.9711339473724365,7.978001117706299,7.978001117706299,7.876153945922852,7.944052219390869,2436011
1995-02-06,3.9542362689971924,7.944052219390869,7.944052219390869,7.876153945922852,7.944052219390869,2730939
1995-02-07,3.93733811378479,7.910102844238281,7.978001117706299,7.910102844238281,7.910102844238281,1780615
1995-02-08,3.9035394191741943,7.842205047607422,7.910102844238281,7.808256149291992,7.910102844238281,2753031
1995-02-09,3.9035394191741943,7.842205047607422,7.876153945922852,7.672461032867432,7.842205047607422,4190116
1995-02-10,3.920440196990967,7.876153945922852,7.910102844238281,7.808256149291992,7.842205047607422,3045382
1995-02-13,4.055628299713135,8.147746086120605,8.181694984436035,7.910102844238281,7.944052219390869,5223285
1995-02-14,4.0387282371521,8.113797187805176,8.215643882751465,8.079848289489746,8.147746086120605,3667640
1995-02-15,4.106321334838867,8.249592781066895,8.351439476013184,8.045899391174316,8.045899391174316,7080486
1995-02-16,4.173916339874268,8.385388374328613,8.453286170959473,8.317489624023438,8.351439476013184,7301038
1995-02-17,4.19081449508667,8.419337272644043,8.487235069274902,8.351439476013184,8.419337272644043,5861744
1995-02-21,4.207711219787598,8.453286170959473,8.453286170959473,8.385388374328613,8.419337272644043,3712561
1995-02-22,4.224610328674316,8.487235069274902,8.521183967590332,8.419337272644043,8.419337272644043,4082602
1995-02-23,4.258408546447754,8.555132865905762,8.589081764221191,8.419337272644043,8.487235069274902,3723607
1995-02-24,4.258408546447754,8.555132865905762,8.555132865905762,8.487235069274902,8.487235069274902,2032832
1995-02-27,4.19081449508667,8.419337272644043,8.453286170959473,8.385388374328613,8.419337272644043,2980211
1995-02-28,4.207711219787598,8.453286170959473,8.453286170959473,8.385388374328613,8.385388374328613,2539844
1995-03-01,4.157019138336182,8.351439476013184,8.453286170959473,8.317489624023438,8.385388374328613,1428616
1995-03-02,4.207711219787598,8.453286170959473,8.453286170959473,8.351439476013184,8.351439476013184,5185361
1995-03-03,4.224610328674316,8.487235069274902,8.487235069274902,8.385388374328613,8.385388374328613,1951092
1995-03-06,4.19081449508667,8.419337272644043,8.453286170959473,8.385388374328613,8.419337272644043,1639226
1995-03-07,4.173916339874268,8.385388374328613,8.453286170959473,8.351439476013184,8.419337272644043,5504222
1995-03-08,4.207711219787598,8.453286170959473,8.487235069274902,8.385388374328613,8.385388374328613,2458471
1995-03-09,4.226390361785889,8.419337272644043,8.453286170959473,8.385388374328613,8.419337272644043,2851341
1995-03-10,4.3115997314453125,8.589081764221191,8.589081764221191,8.419337272644043,8.419337272644043,2060079
1995-03-13,4.482017517089844,8.928570747375488,8.928570747375488,8.623030662536621,8.623030662536621,4077447
1995-03-14,4.482017517089844,8.928570747375488,8.996468544006348,8.894621849060059,8.928570747375488,3144796
1995-03-15,4.516102313995361,8.996468544006348,9.030418395996094,8.928570747375488,8.962519645690918,3535825
1995-03-16,4.49906063079834,8.962519645690918,9.064367294311523,8.928570747375488,9.030418395996094,4648893
1995-03-17,4.5501861572265625,9.064367294311523,9.166213989257812,8.996468544006348,8.996468544006348,3616092
1995-03-20,4.601314544677734,9.166213989257812,9.166213989257812,9.030418395996094,9.030418395996094,2111259
1995-03-21,4.6353936195373535,9.234111785888672,9.335959434509277,9.166213989257812,9.166213989257812,3072261
1995-03-22,4.567229270935059,9.098316192626953,9.234111785888672,8.962519645690918,9.234111785888672,2611274
1995-03-23,4.5501861572265625,9.064367294311523,9.098316192626953,8.962519645690918,9.098316192626953,1789452
1995-03-24,4.6183552742004395,9.200162887573242,9.268060684204102,9.098316192626953,9.132265090942383,2489768
1995-03-27,4.720605850219727,9.403857231140137,9.47175407409668,9.200162887573242,9.200162887573242,3330001
1995-03-28,4.6353936195373535,9.234111785888672,9.437806129455566,9.132265090942383,9.403857231140137,9471577
1995-03-29,4.49906063079834,8.962519645690918,9.302009582519531,8.928570747375488,9.200162887573242,3959623
1995-03-30,4.49906063079834,8.962519645690918,8.996468544006348,8.928570747375488,8.996468544006348,2826303
1995-03-31,4.464977264404297,8.894621849060059,8.894621849060059,8.690929412841797,8.894621849060059,3721397
1995-04-03,4.49906063079834,8.962519645690918,8.962519645690918,8.860673904418945,8.860673904418945,1400265
1995-04-04,4.533144950866699,9.030418395996094,9.030418395996094,8.928570747375488,8.962519645690918,1236784
1995-04-05,4.5501861572265625,9.064367294311523,9.098316192626953,8.996468544006348,9.030418395996094,1369704
1995-04-06,4.5501861572265625,9.064367294311523,9.064367294311523,8.962519645690918,9.030418395996094,1482005
1995-04-07,4.567229270935059,9.098316192626953,9.132265090942383,9.030418395996094,9.064367294311523,2017368
1995-04-10,4.6353936195373535,9.234111785888672,9.302009582519531,9.064367294311523,9.064367294311523,3883405
1995-04-11,4.567229270935059,9.098316192626953,9.268060684204102,9.098316192626953,9.268060684204102,2939709
1995-04-12,4.567229270935059,9.098316192626953,9.166213989257812,9.064367294311523,9.098316192626953,878893
1995-04-13,4.652437686920166,9.268060684204102,9.268060684204102,9.098316192626953,9.132265090942383,1558591
1995-04-17,4.73764705657959,9.437806129455566,9.47175407409668,9.302009582519531,9.335959434509277,2488664
1995-04-18,4.686518669128418,9.335959434509277,9.437806129455566,9.335959434509277,9.437806129455566,2186740
1995-04-19,4.49906063079834,8.962519645690918,9.437806129455566,8.928570747375488,9.369908332824707,3075575
1995-04-20,4.567229270935059,9.098316192626953,9.166213989257812,8.860673904418945,8.962519645690918,2813048
1995-04-21,4.6183552742004395,9.200162887573242,9.200162887573242,9.030418395996094,9.132265090942383,2267376
1995-04-24,4.6353936195373535,9.234111785888672,9.234111785888672,9.098316192626953,9.200162887573242,1165353
1995-04-25,4.584270477294922,9.132265090942383,9.268060684204102,9.132265090942383,9.234111785888672,1134056
1995-04-26,4.533144950866699,9.030418395996094,9.166213989257812,9.030418395996094,9.132265090942383,2692278
1995-04-27,4.482017517089844,8.928570747375488,9.064367294311523,8.826725006103516,9.030418395996094,3292813
1995-04-28,4.73764705657959,9.437806129455566,9.47175407409668,8.996468544006348,9.030418395996094,3082202
1995-05-01,4.669480800628662,9.302009582519531,9.403857231140137,9.268060684204102,9.369908332824707,2211409
1995-05-02,4.686518669128418,9.335959434509277,9.335959434509277,9.234111785888672,9.268060684204102,1704766
1995-05-03,4.669480800628662,9.302009582519531,9.403857231140137,9.302009582519531,9.335959434509277,1723912
1995-05-04,4.686518669128418,9.335959434509277,9.50570297241211,9.302009582519531,9.369908332824707,5335218
1995-05-05,4.73764705657959,9.437806129455566,9.50570297241211,9.369908332824707,9.403857231140137,2624161
1995-05-08,4.822854995727539,9.607549667358398,9.607549667358398,9.403857231140137,9.437806129455566,1973920
1995-05-09,4.805817127227783,9.573600769042969,9.675448417663574,9.573600769042969,9.573600769042969,2896629
1995-05-10,4.7546892166137695,9.47175407409668,9.607549667358398,9.403857231140137,9.573600769042969,4118685
1995-05-11,4.788773059844971,9.539651870727539,9.573600769042969,9.47175407409668,9.50570297241211,5590012
1995-05-12,4.6353936195373535,9.234111785888672,9.539651870727539,9.132265090942383,9.539651870727539,5802464
1995-05-15,4.567229270935059,9.098316192626953,9.268060684204102,9.030418395996094,9.200162887573242,2035410
1995-05-16,4.6353936195373535,9.234111785888672,9.302009582519531,9.098316192626953,9.098316192626953,1621185
1995-05-17,4.6353936195373535,9.234111785888672,9.234111785888672,9.166213989257812,9.234111785888672,1651745
1995-05-18,4.584270477294922,9.132265090942383,9.234111785888672,9.098316192626953,9.200162887573242,1512197
1995-05-19,4.584270477294922,9.132265090942383,9.166213989257812,9.030418395996094,9.030418395996094,2385936
1995-05-22,4.584270477294922,9.132265090942383,9.200162887573242,9.098316192626953,9.166213989257812,1389219
1995-05-23,4.6353936195373535,9.234111785888672,9.234111785888672,8.962519645690918,9.098316192626953,2433066
1995-05-24,4.652437686920166,9.268060684204102,9.335959434509277,9.200162887573242,9.234111785888672,2146238
1995-05-25,4.720605850219727,9.403857231140137,9.50570297241211,9.234111785888672,9.268060684204102,1771410
1995-05-26,4.73764705657959,9.437806129455566,9.47175407409668,9.403857231140137,9.437806129455566,2213987
1995-05-30,4.703563690185547,9.369908332824707,9.47175407409668,9.369908332824707,9.47175407409668,3482067
1995-05-31,4.7546892166137695,9.47175407409668,9.47175407409668,9.335959434509277,9.369908332824707,2983525
1995-06-01,4.73764705657959,9.437806129455566,9.47175407409668,9.437806129455566,9.437806129455566,897303
1995-06-02,4.73764705657959,9.437806129455566,9.50570297241211,9.369908332824707,9.437806129455566,1323311
1995-06-05,4.771731376647949,9.50570297241211,9.573600769042969,9.403857231140137,9.437806129455566,1088767
1995-06-06,4.73764705657959,9.437806129455566,9.539651870727539,9.403857231140137,9.50570297241211,1789452
1995-06-07,4.686518669128418,9.335959434509277,9.47175407409668,9.268060684204102,9.403857231140137,1895125
1995-06-08,4.703563690185547,9.369908332824707,9.403857231140137,9.302009582519531,9.302009582519531,1142525
1995-06-09,4.686518669128418,9.335959434509277,9.403857231140137,9.234111785888672,9.369908332824707,1127060
1995-06-12,4.708105087280273,9.302009582519531,9.437806129455566,9.234111785888672,9.268060684204102,1649904
1995-06-13,4.742469787597656,9.369908332824707,9.47175407409668,9.335959434509277,9.369908332824707,996717
1995-06-14,4.759652137756348,9.403857231140137,9.403857231140137,9.268060684204102,9.369908332824707,717622
1995-06-15,4.708105087280273,9.302009582519531,9.437806129455566,9.302009582519531,9.403857231140137,989353
1995-06-16,4.845566749572754,9.573600769042969,9.573600769042969,9.369908332824707,9.403857231140137,3730234
1995-06-19,4.811201572418213,9.50570297241211,9.539651870727539,9.47175407409668,9.539651870727539,1438926
1995-06-20,4.948664665222168,9.777295112609863,9.845192909240723,9.50570297241211,9.50570297241211,4035472
1995-06-21,5.034578323364258,9.947039604187012,10.0488862991333,9.777295112609863,9.777295112609863,3227641
1995-06-22,5.068943977355957,10.014938354492188,10.0488862991333,9.879141807556152,10.014938354492188,2328865
1995-06-23,4.983029365539551,9.845192909240723,9.980989456176758,9.811244010925293,9.947039604187012,1299378
1995-06-26,4.914297580718994,9.709397315979004,9.879141807556152,9.641498565673828,9.845192909240723,2603174
1995-06-27,4.948664665222168,9.777295112609863,9.811244010925293,9.607549667358398,9.675448417663574,2223560
1995-06-28,4.862747669219971,9.607549667358398,9.709397315979004,9.47175407409668,9.675448417663574,2135560
1995-06-29,4.897114276885986,9.675448417663574,9.709397315979004,9.539651870727539,9.539651870727539,1508147
1995-06-30,5.000211238861084,9.879141807556152,9.980989456176758,9.777295112609863,9.777295112609863,2159125
1995-07-03,4.9572577476501465,9.794268608093262,9.845192909240723,9.777295112609863,9.811244010925293,692216
1995-07-05,4.897114276885986,9.675448417663574,9.845192909240723,9.675448417663574,9.811244010925293,1157989
1995-07-06,4.879931449890137,9.641498565673828,9.743346214294434,9.573600769042969,9.675448417663574,1881134
1995-07-07,4.759652137756348,9.403857231140137,9.607549667358398,9.302009582519531,9.607549667358398,2272530
1995-07-10,4.725284099578857,9.335959434509277,9.437806129455566,9.234111785888672,9.403857231140137,2535793
1995-07-11,4.811201572418213,9.50570297241211,9.573600769042969,9.302009582519531,9.302009582519531,1846523
1995-07-12,4.794018745422363,9.47175407409668,9.573600769042969,9.403857231140137,9.539651870727539,1782456
1995-07-13,4.725284099578857,9.335959434509277,9.403857231140137,9.166213989257812,9.403857231140137,2418338
1995-07-14,4.673736572265625,9.234111785888672,9.369908332824707,9.200162887573242,9.302009582519531,1833268
1995-07-17,4.776835918426514,9.437806129455566,9.47175407409668,9.200162887573242,9.234111785888672,2075543
1995-07-18,4.914297580718994,9.709397315979004,9.845192909240723,9.47175407409668,9.50570297241211,4475103
1995-07-19,4.948664665222168,9.777295112609863,9.777295112609863,9.47175407409668,9.641498565673828,4331505
1995-07-20,4.879931449890137,9.641498565673828,9.709397315979004,9.573600769042969,9.675448417663574,4564207
1995-07-21,4.948664665222168,9.777295112609863,9.777295112609863,9.641498565673828,9.709397315979004,3380812
1995-07-24,4.914297580718994,9.709397315979004,9.743346214294434,9.641498565673828,9.675448417663574,1058575
1995-07-25,5.034578323364258,9.947039604187012,9.947039604187012,9.777295112609863,9.777295112609863,1700348
1995-07-26,5.034578323364258,9.947039604187012,10.18468189239502,9.947039604187012,9.947039604187012,3041700
1995-07-27,5.172039985656738,10.21863079071045,10.252579689025879,9.947039604187012,9.980989456176758,1464700
1995-07-28,5.1892242431640625,10.252579689025879,10.252579689025879,10.15073299407959,10.18468189239502,1240098
1995-07-31,5.120489120483398,10.11678409576416,10.252579689025879,10.08283519744873,10.21863079071045,1311160
1995-08-01,5.120489120483398,10.11678409576416,10.21863079071045,10.08283519744873,10.15073299407959,1748214
1995-08-02,5.017396926879883,9.913090705871582,10.11678409576416,9.811244010925293,10.08283519744873,1836213
1995-08-03,5.086127758026123,10.0488862991333,10.0488862991333,9.845192909240723,9.845192909240723,1076617
1995-08-04,5.154856204986572,10.18468189239502,10.18468189239502,10.014938354492188,10.014938354492188,891412
1995-08-07,5.154856204986572,10.18468189239502,10.21863079071045,10.08283519744873,10.18468189239502,831027
1995-08-08,5.154856204986572,10.18468189239502,10.18468189239502,10.014938354492188,10.18468189239502,1912799
1995-08-09,5.120489120483398,10.11678409576416,10.15073299407959,10.08283519744873,10.11678409576416,988617
1995-08-10,5.223588943481445,10.320478439331055,10.354427337646484,10.15073299407959,10.15073299407959,1744532
1995-08-11,5.137674331665039,10.15073299407959,10.320478439331055,10.15073299407959,10.320478439331055,2808998
1995-08-14,5.154856204986572,10.18468189239502,10.21863079071045,10.11678409576416,10.15073299407959,1110491
1995-08-15,5.137674331665039,10.15073299407959,10.320478439331055,10.08283519744873,10.15073299407959,1296064
1995-08-16,5.120489120483398,10.11678409576416,10.18468189239502,10.014938354492188,10.15073299407959,1930473
1995-08-17,5.103309154510498,10.08283519744873,10.18468189239502,10.0488862991333,10.11678409576416,1692615
1995-08-18,5.103309154510498,10.08283519744873,10.15073299407959,10.08283519744873,10.11678409576416,1809703
1995-08-21,5.120489120483398,10.11678409576416,10.18468189239502,10.08283519744873,10.08283519744873,1043111
1995-08-22,5.137674331665039,10.15073299407959,10.18468189239502,10.11678409576416,10.11678409576416,711731
1995-08-23,5.154856204986572,10.18468189239502,10.21863079071045,10.08283519744873,10.11678409576416,926759
1995-08-24,5.154856204986572,10.18468189239502,10.21863079071045,10.15073299407959,10.21863079071045,1354240
1995-08-25,5.223588943481445,10.320478439331055,10.354427337646484,10.21863079071045,10.21863079071045,1315947
1995-08-28,5.2751359939575195,10.422325134277344,10.490222930908203,10.320478439331055,10.354427337646484,2808998
1995-08-29,5.343871116638184,10.558120727539062,10.558120727539062,10.456274032592773,10.456274032592773,2802002
1995-08-30,5.361053466796875,10.592069625854492,10.626017570495605,10.524171829223633,10.524171829223633,1882607
1995-08-31,5.361053466796875,10.592069625854492,10.76181411743164,10.558120727539062,10.592069625854492,1863092
1995-09-01,5.326686382293701,10.524171829223633,10.592069625854492,10.490222930908203,10.592069625854492,1269922
1995-09-05,5.326686382293701,10.524171829223633,10.558120727539062,10.490222930908203,10.558120727539062,1319629
1995-09-06,5.395419597625732,10.659967422485352,10.693916320800781,10.456274032592773,10.456274032592773,5364674
1995-09-07,5.412600994110107,10.693916320800781,10.693916320800781,10.524171829223633,10.592069625854492,3899974
1995-09-08,5.343871116638184,10.558120727539062,10.727865219116211,10.422325134277344,10.693916320800781,12227186
1995-09-11,5.2790679931640625,10.354427337646484,10.490222930908203,10.320478439331055,10.456274032592773,2988311
1995-09-12,5.244449615478516,10.286528587341309,10.422325134277344,10.21863079071045,10.422325134277344,2299041
1995-09-13,5.261756896972656,10.320478439331055,10.388376235961914,10.21863079071045,10.286528587341309,2968797
1995-09-14,5.296372890472412,10.388376235961914,10.388376235961914,10.286528587341309,10.354427337646484,1482373
1995-09-15,5.330992698669434,10.456274032592773,10.558120727539062,10.388376235961914,10.558120727539062,4053514
1995-09-18,5.348300457000732,10.490222930908203,10.524171829223633,10.354427337646484,10.456274032592773,2571141
1995-09-19,5.330992698669434,10.456274032592773,10.524171829223633,10.422325134277344,10.490222930908203,2778805
1995-09-20,5.348300457000732,10.490222930908203,10.490222930908203,10.354427337646484,10.388376235961914,4197112
1995-09-21,5.365612506866455,10.524171829223633,10.558120727539062,10.388376235961914,10.456274032592773,4522601
1995-09-22,5.365612506866455,10.524171829223633,10.558120727539062,10.456274032592773,10.490222930908203,2819307
1995-09-25,5.434845924377441,10.659967422485352,10.659967422485352,10.524171829223633,10.558120727539062,2629684
1995-09-26,5.469460964202881,10.727865219116211,10.79576301574707,10.609044075012207,10.659967422485352,2362739
1995-09-27,5.521385192871094,10.8297119140625,10.931558609008789,10.626017570495605,10.659967422485352,4156242
1995-09-28,5.573308944702148,10.931558609008789,10.931558609008789,10.727865219116211,10.79576301574707,2338806
1995-09-29,5.694468975067139,11.169201850891113,11.237098693847656,10.89760971069336,10.999457359313965,2786169
1995-10-02,5.625235557556152,11.033406257629395,11.237098693847656,10.965508460998535,11.135252952575684,2098372
1995-10-03,5.659853935241699,11.101304054260254,11.169201850891113,10.999457359313965,11.101304054260254,3037282
1995-10-04,5.711777210235596,11.203149795532227,11.271047592163086,11.101304054260254,11.101304054260254,1210642
1995-10-05,5.659853935241699,11.101304054260254,11.135252952575684,10.89760971069336,11.135252952575684,1785402
1995-10-06,5.7983198165893555,11.372895240783691,11.406844139099121,11.033406257629395,11.101304054260254,1346139
1995-10-09,5.607926845550537,10.999457359313965,11.338946342468262,10.965508460998535,11.338946342468262,1157253
1995-10-10,5.642543315887451,11.067355155944824,11.135252952575684,10.86366081237793,10.86366081237793,1526189
1995-10-11,5.590616226196289,10.965508460998535,11.067355155944824,10.86366081237793,11.067355155944824,1565955
1995-10-12,5.573308944702148,10.931558609008789,10.999457359313965,10.8297119140625,10.965508460998535,1977602
1995-10-13,5.538693904876709,10.86366081237793,10.965508460998535,10.727865219116211,10.965508460998535,2677550
1995-10-16,5.5040788650512695,10.79576301574707,10.931558609008789,10.659967422485352,10.89760971069336,1658005
1995-10-17,5.55600118637085,10.89760971069336,10.89760971069336,10.626017570495605,10.76181411743164,2252648
1995-10-18,5.55600118637085,10.89760971069336,10.999457359313965,10.79576301574707,10.931558609008789,1431930
1995-10-19,5.625235557556152,11.033406257629395,11.033406257629395,10.86366081237793,10.931558609008789,2197049
1995-10-20,5.607926845550537,10.999457359313965,10.999457359313965,10.86366081237793,10.999457359313965,2528798
1995-10-23,5.573308944702148,10.931558609008789,10.965508460998535,10.79576301574707,10.89760971069336,1423093
1995-10-24,5.5040788650512695,10.79576301574707,10.999457359313965,10.727865219116211,10.89760971069336,3859104
1995-10-25,5.452152252197266,10.693916320800781,10.86366081237793,10.659967422485352,10.79576301574707,3899606
1995-10-26,5.2790679931640625,10.354427337646484,10.727865219116211,10.354427337646484,10.693916320800781,3086252
1995-10-27,5.296372890472412,10.388376235961914,10.490222930908203,10.320478439331055,10.388376235961914,3332946
1995-10-30,5.417532920837402,10.626017570495605,10.659967422485352,10.388376235961914,10.422325134277344,1454390
1995-10-31,5.348300457000732,10.490222930908203,10.626017570495605,10.490222930908203,10.626017570495605,3931271
1995-11-01,5.38291597366333,10.558120727539062,10.592069625854492,10.456274032592773,10.456274032592773,2064866
1995-11-02,5.244449615478516,10.286528587341309,10.558120727539062,10.15073299407959,10.558120727539062,2286522
1995-11-03,5.244449615478516,10.286528587341309,10.320478439331055,10.15073299407959,10.286528587341309,2315242
1995-11-06,5.227141380310059,10.252579689025879,10.252579689025879,10.18468189239502,10.252579689025879,1556750
1995-11-07,5.330992698669434,10.456274032592773,10.456274032592773,10.18468189239502,10.252579689025879,1880029
1995-11-08,5.313683986663818,10.422325134277344,10.524171829223633,10.388376235961914,10.422325134277344,1413888
1995-11-09,5.2790679931640625,10.354427337646484,10.422325134277344,10.320478439331055,10.388376235961914,831027
1995-11-10,5.313683986663818,10.422325134277344,10.490222930908203,10.252579689025879,10.320478439331055,1658373
1995-11-13,5.330992698669434,10.456274032592773,10.490222930908203,10.286528587341309,10.354427337646484,1006659
1995-11-14,5.348300457000732,10.490222930908203,10.626017570495605,10.490222930908203,10.558120727539062,1434139
1995-11-15,5.38291597366333,10.558120727539062,10.558120727539062,10.456274032592773,10.456274032592773,1165721
1995-11-16,5.434845924377441,10.659967422485352,10.693916320800781,10.558120727539062,10.558120727539062,1671996
1995-11-17,5.365612506866455,10.524171829223633,10.727865219116211,10.456274032592773,10.693916320800781,2236447
1995-11-20,5.209834098815918,10.21863079071045,10.490222930908203,10.18468189239502,10.456274032592773,3085516
1995-11-21,5.19252347946167,10.18468189239502,10.320478439331055,10.11678409576416,10.252579689025879,2048665
1995-11-22,5.140600681304932,10.08283519744873,10.21863079071045,9.980989456176758,10.18468189239502,3173884
1995-11-24,5.19252347946167,10.18468189239502,10.21863079071045,10.014938354492188,10.11678409576416,717990
1995-11-27,5.330992698669434,10.456274032592773,10.456274032592773,10.18468189239502,10.18468189239502,1697402
1995-11-28,5.729083061218262,11.237098693847656,12.15372085571289,11.135252952575684,12.15372085571289,21248086
1995-11-29,5.81562614440918,11.406844139099121,11.406844139099121,11.033406257629395,11.169201850891113,7108837
1995-11-30,5.7983198165893555,11.372895240783691,11.44079303741455,11.372895240783691,11.372895240783691,2456999
1995-12-01,5.832936763763428,11.44079303741455,11.54263973236084,10.79576301574707,11.203149795532227,9639108
1995-12-04,5.7983198165893555,11.372895240783691,11.44079303741455,11.338946342468262,11.406844139099121,5846648
1995-12-05,5.7983198165893555,11.372895240783691,11.44079303741455,11.237098693847656,11.304997444152832,1523980
1995-12-06,5.884863376617432,11.54263973236084,11.54263973236084,11.372895240783691,11.372895240783691,1942255
1995-12-07,5.850246429443359,11.47474193572998,11.57658863067627,11.47474193572998,11.57658863067627,1314106
1995-12-08,5.711777210235596,11.203149795532227,11.50869083404541,11.203149795532227,11.47474193572998,1129269
1995-12-11,5.716238975524902,11.135252952575684,11.237098693847656,11.067355155944824,11.067355155944824,1678624
1995-12-12,5.751093864440918,11.203149795532227,11.271047592163086,11.101304054260254,11.101304054260254,20218230
1995-12-13,5.873086929321289,11.44079303741455,11.54263973236084,11.135252952575684,11.135252952575684,2864228
1995-12-14,5.925371170043945,11.54263973236084,11.6105375289917,11.47474193572998,11.47474193572998,2862755
1995-12-15,5.838232040405273,11.372895240783691,11.54263973236084,11.372895240783691,11.50869083404541,5058700
1995-12-18,5.698813438415527,11.101304054260254,11.304997444152832,11.067355155944824,11.271047592163086,1567427
1995-12-19,5.855657577514648,11.406844139099121,11.47474193572998,11.033406257629395,11.101304054260254,2439325
1995-12-20,5.663956165313721,11.033406257629395,11.47474193572998,11.033406257629395,11.406844139099121,1379277
1995-12-21,5.768518447875977,11.237098693847656,11.271047592163086,11.101304054260254,11.135252952575684,1181186
1995-12-22,5.73366641998291,11.169201850891113,11.237098693847656,11.169201850891113,11.169201850891113,925655
1995-12-26,5.716238975524902,11.135252952575684,11.304997444152832,11.135252952575684,11.203149795532227,890676
1995-12-27,5.751093864440918,11.203149795532227,11.237098693847656,11.101304054260254,11.135252952575684,1391428
1995-12-28,5.820804595947266,11.338946342468262,11.44079303741455,11.101304054260254,11.169201850891113,2132246
1995-12-29,5.838232040405273,11.372895240783691,11.44079303741455,11.304997444152832,11.406844139099121,2148815
1996-01-02,5.803378582000732,11.304997444152832,11.406844139099121,11.271047592163086,11.372895240783691,2003008
1996-01-03,5.925371170043945,11.54263973236084,11.54263973236084,11.338946342468262,11.372895240783691,2031728
1996-01-04,5.995082378387451,11.678436279296875,11.814230918884277,11.57658863067627,11.57658863067627,3443038
1996-01-05,5.960223197937012,11.6105375289917,11.712385177612305,11.54263973236084,11.57658863067627,2241970
1996-01-08,6.012507915496826,11.712385177612305,11.712385177612305,11.57658863067627,11.57658863067627,638827
1996-01-09,5.89051628112793,11.47474193572998,11.678436279296875,11.47474193572998,11.678436279296875,1017337
1996-01-10,5.576818943023682,10.86366081237793,11.406844139099121,10.79576301574707,11.338946342468262,1838791
1996-01-11,5.873086929321289,11.44079303741455,11.44079303741455,11.101304054260254,11.135252952575684,2758554
1996-01-12,5.803378582000732,11.304997444152832,11.50869083404541,11.203149795532227,11.44079303741455,1353503
1996-01-15,5.820804595947266,11.338946342468262,11.406844139099121,11.271047592163086,11.304997444152832,1443344
1996-01-16,5.838232040405273,11.372895240783691,11.372895240783691,11.304997444152832,11.372895240783691,1997117
1996-01-17,5.785949230194092,11.271047592163086,11.372895240783691,11.271047592163086,11.338946342468262,1653218
1996-01-18,5.838232040405273,11.372895240783691,11.372895240783691,11.169201850891113,11.304997444152832,3484645
1996-01-19,5.977653503417969,11.644487380981445,11.644487380981445,11.237098693847656,11.271047592163086,3717347
1996-01-22,6.047361850738525,11.780282020568848,11.780282020568848,11.57658863067627,11.6105375289917,3641498
1996-01-23,6.029933452606201,11.746334075927734,11.780282020568848,11.678436279296875,11.746334075927734,3938267
1996-01-24,6.134500503540039,11.950027465820312,12.051874160766602,11.712385177612305,11.746334075927734,4496827
1996-01-25,6.256493091583252,12.18766975402832,12.25556755065918,11.916077613830566,11.950027465820312,2357585
1996-01-26,6.256493091583252,12.18766975402832,12.22161865234375,12.051874160766602,12.15372085571289,2466940
1996-01-29,6.2042107582092285,12.085823059082031,12.15372085571289,12.017925262451172,12.119771957397461,1158357
1996-01-30,6.413341522216797,12.493209838867188,12.561107635498047,12.017925262451172,12.085823059082031,1846523
1996-01-31,6.343630313873291,12.357414245605469,12.391363143920898,12.25556755065918,12.357414245605469,1618239
1996-02-01,6.273920059204102,12.22161865234375,12.391363143920898,12.085823059082031,12.357414245605469,1318524
1996-02-02,5.925371170043945,11.54263973236084,11.644487380981445,11.135252952575684,11.338946342468262,16489837
1996-02-05,5.716238975524902,11.135252952575684,11.44079303741455,11.067355155944824,11.372895240783691,7446477
1996-02-06,5.907942295074463,11.50869083404541,11.54263973236084,11.169201850891113,11.169201850891113,18678786
1996-02-07,5.995082378387451,11.678436279296875,11.882128715515137,11.6105375289917,11.678436279296875,7817991
1996-02-08,6.134500503540039,11.950027465820312,11.950027465820312,11.678436279296875,11.712385177612305,5851434
1996-02-09,6.047361850738525,11.780282020568848,11.882128715515137,11.712385177612305,11.882128715515137,3859104
1996-02-12,5.995082378387451,11.678436279296875,11.882128715515137,11.678436279296875,11.780282020568848,1682306
1996-02-13,6.012507915496826,11.712385177612305,11.882128715515137,11.678436279296875,11.780282020568848,3796142
1996-02-14,6.012507915496826,11.712385177612305,11.814230918884277,11.6105375289917,11.6105375289917,3940476
1996-02-15,5.907942295074463,11.50869083404541,11.712385177612305,11.47474193572998,11.712385177612305,2999725
1996-02-16,5.855657577514648,11.406844139099121,11.50869083404541,11.304997444152832,11.50869083404541,3216963
1996-02-20,5.768518447875977,11.237098693847656,11.406844139099121,11.169201850891113,11.372895240783691,2137401
1996-02-21,6.012507915496826,11.712385177612305,11.712385177612305,11.237098693847656,11.237098693847656,4285848
1996-02-22,6.117070198059082,11.916077613830566,12.119771957397461,11.746334075927734,11.746334075927734,4071556
1996-02-23,6.239065170288086,12.15372085571289,12.493209838867188,12.15372085571289,12.357414245605469,8828700
1996-02-26,6.308777809143066,12.289517402648926,12.323466300964355,11.950027465820312,12.119771957397461,5312021
1996-02-27,6.308777809143066,12.289517402648926,12.323466300964355,12.22161865234375,12.289517402648926,4449697
1996-02-28,6.413341522216797,12.493209838867188,12.696904182434082,12.323466300964355,12.357414245605469,6011601
1996-02-29,6.378486156463623,12.425312042236328,12.527158737182617,12.357414245605469,12.357414245605469,4198585
1996-03-01,6.413341522216797,12.493209838867188,12.527158737182617,12.425312042236328,12.493209838867188,2912094
1996-03-04,6.570191383361816,12.798750877380371,12.90059757232666,12.459260940551758,12.493209838867188,5577125
1996-03-05,6.448197841644287,12.561107635498047,12.595056533813477,12.425312042236328,12.493209838867188,7112151
1996-03-06,6.273920059204102,12.22161865234375,12.595056533813477,12.22161865234375,12.561107635498047,3712929
1996-03-07,6.535334587097168,12.730853080749512,12.764801979064941,12.289517402648926,12.289517402648926,5270783
1996-03-08,6.117070198059082,11.916077613830566,12.595056533813477,11.916077613830566,12.595056533813477,4529965
1996-03-11,6.402207374572754,12.391363143920898,12.425312042236328,11.848179817199707,11.882128715515137,3969932
1996-03-12,6.437289237976074,12.459260940551758,12.595056533813477,12.017925262451172,12.323466300964355,20991450
1996-03-13,6.402207374572754,12.391363143920898,12.561107635498047,12.357414245605469,12.459260940551758,2730939
1996-03-14,6.437289237976074,12.459260940551758,12.527158737182617,12.289517402648926,12.357414245605469,2810102
1996-03-15,6.384668350219727,12.357414245605469,12.459260940551758,12.357414245605469,12.459260940551758,3419842
1996-03-18,6.314505577087402,12.22161865234375,12.323466300964355,12.119771957397461,12.25556755065918,2449635
1996-03-19,6.279425144195557,12.15372085571289,12.289517402648926,12.119771957397461,12.22161865234375,2133351
1996-03-20,6.279425144195557,12.15372085571289,12.22161865234375,12.119771957397461,12.15372085571289,3570067
1996-03-21,6.349587917327881,12.289517402648926,12.391363143920898,12.15372085571289,12.15372085571289,2184899
1996-03-22,6.507447242736816,12.595056533813477,12.629006385803223,12.323466300964355,12.323466300964355,4243873
1996-03-25,6.472369194030762,12.527158737182617,12.696904182434082,12.459260940551758,12.595056533813477,1404683
1996-03-26,6.489911079406738,12.561107635498047,12.561107635498047,12.493209838867188,12.493209838867188,1238993
1996-03-27,6.489911079406738,12.561107635498047,12.662955284118652,12.493209838867188,12.493209838867188,2158020
1996-03-28,6.507447242736816,12.595056533813477,12.629006385803223,12.425312042236328,12.527158737182617,3219909
1996-03-29,6.349587917327881,12.289517402648926,12.595056533813477,12.289517402648926,12.595056533813477,4376793
1996-04-01,6.402207374572754,12.391363143920898,12.493209838867188,12.25556755065918,12.289517402648926,2817835
1996-04-02,6.437289237976074,12.459260940551758,12.459260940551758,12.323466300964355,12.391363143920898,4600659
1996-04-03,6.367125034332275,12.323466300964355,12.425312042236328,12.18766975402832,12.425312042236328,3697096
1996-04-04,6.279425144195557,12.15372085571289,12.289517402648926,12.017925262451172,12.289517402648926,2491241
1996-04-08,6.209266185760498,12.017925262451172,12.119771957397461,11.848179817199707,11.983976364135742,3076311
1996-04-09,6.209266185760498,12.017925262451172,12.119771957397461,11.882128715515137,12.051874160766602,3133382
1996-04-10,5.998779296875,11.6105375289917,11.983976364135742,11.54263973236084,11.950027465820312,4182752
1996-04-11,5.858459949493408,11.338946342468262,11.6105375289917,11.135252952575684,11.6105375289917,4135254
1996-04-12,5.946159839630127,11.50869083404541,11.644487380981445,11.406844139099121,11.406844139099121,3328160
1996-04-15,6.139100074768066,11.882128715515137,11.950027465820312,11.848179817199707,11.848179817199707,2168330
1996-04-16,6.068941593170166,11.746334075927734,11.848179817199707,11.644487380981445,11.848179817199707,6004974
1996-04-17,6.016322135925293,11.644487380981445,11.780282020568848,11.6105375289917,11.746334075927734,5110984
1996-04-18,6.174184322357178,11.950027465820312,12.017925262451172,11.644487380981445,11.678436279296875,3050169
1996-04-19,6.156641960144043,11.916077613830566,12.017925262451172,11.916077613830566,11.950027465820312,3206286
1996-04-22,6.068941593170166,11.746334075927734,11.983976364135742,11.712385177612305,11.983976364135742,2482036
1996-04-23,6.08648157119751,11.780282020568848,11.814230918884277,11.678436279296875,11.746334075927734,4402936
1996-04-24,6.051403045654297,11.712385177612305,12.017925262451172,11.678436279296875,11.780282020568848,4151455
1996-04-25,6.08648157119751,11.780282020568848,11.916077613830566,11.54263973236084,11.644487380981445,4918416
1996-04-26,6.139100074768066,11.882128715515137,12.051874160766602,11.814230918884277,11.848179817199707,2319292
1996-04-29,6.139100074768066,11.882128715515137,11.916077613830566,11.712385177612305,11.814230918884277,1980916
1996-04-30,6.209266185760498,12.017925262451172,12.119771957397461,11.814230918884277,11.882128715515137,1310424
1996-05-01,6.244345188140869,12.085823059082031,12.085823059082031,11.950027465820312,11.983976364135742,1246725
1996-05-02,6.139100074768066,11.882128715515137,12.017925262451172,11.882128715515137,12.017925262451172,1406156
1996-05-03,5.946159839630127,11.50869083404541,11.916077613830566,11.44079303741455,11.916077613830566,2106472
1996-05-06,5.788296222686768,11.203149795532227,11.44079303741455,11.203149795532227,11.406844139099121,3028077
1996-05-07,5.840919494628906,11.304997444152832,11.338946342468262,11.237098693847656,11.237098693847656,1804180
1996-05-08,5.858459949493408,11.338946342468262,11.338946342468262,11.101304054260254,11.237098693847656,1750423
1996-05-09,5.8759989738464355,11.372895240783691,11.47474193572998,11.304997444152832,11.304997444152832,2474304
1996-05-10,5.911079406738281,11.44079303741455,11.50869083404541,11.372895240783691,11.47474193572998,1361235
1996-05-13,6.033863067626953,11.678436279296875,11.712385177612305,11.47474193572998,11.50869083404541,1985703
1996-05-14,5.963701248168945,11.54263973236084,11.712385177612305,11.50869083404541,11.678436279296875,1341721
1996-05-15,6.016322135925293,11.644487380981445,11.678436279296875,11.47474193572998,11.50869083404541,2158757
1996-05-16,6.156641960144043,11.916077613830566,11.950027465820312,11.644487380981445,11.644487380981445,1929736
1996-05-17,6.156641960144043,11.916077613830566,11.983976364135742,11.814230918884277,11.950027465820312,2025468
1996-05-20,6.244345188140869,12.085823059082031,12.119771957397461,11.916077613830566,11.983976364135742,2096531
1996-05-21,6.279425144195557,12.15372085571289,12.15372085571289,12.051874160766602,12.085823059082031,1834372
1996-05-22,6.261886119842529,12.119771957397461,12.18766975402832,12.051874160766602,12.15372085571289,2811943
1996-05-23,6.174184322357178,11.950027465820312,12.051874160766602,11.882128715515137,12.017925262451172,3836644
1996-05-24,6.209266185760498,12.017925262451172,12.051874160766602,11.916077613830566,11.916077613830566,1364549
1996-05-28,6.226809978485107,12.051874160766602,12.085823059082031,11.882128715515137,12.085823059082031,2049769
1996-05-29,6.174184322357178,11.950027465820312,12.06884765625,11.950027465820312,11.983976364135742,1186340
1996-05-30,6.174184322357178,11.950027465820312,12.051874160766602,11.916077613830566,11.950027465820312,1597988
1996-05-31,6.209266185760498,12.017925262451172,12.051874160766602,11.950027465820312,11.983976364135742,1572214
1996-06-03,6.226809978485107,12.051874160766602,12.085823059082031,11.950027465820312,11.950027465820312,1097604
1996-06-04,6.489911079406738,12.561107635498047,12.629006385803223,12.051874160766602,12.051874160766602,4611705
1996-06-05,6.5600714683532715,12.696904182434082,12.696904182434082,12.425312042236328,12.561107635498047,2077016
1996-06-06,6.577611923217773,12.730853080749512,12.798750877380371,12.629006385803223,12.629006385803223,2173853
1996-06-07,6.507447242736816,12.595056533813477,12.629006385803223,12.459260940551758,12.629006385803223,2119359
1996-06-10,6.426516056060791,12.357414245605469,12.561107635498047,12.289517402648926,12.561107635498047,2015527
1996-06-11,6.6030707359313965,12.696904182434082,12.798750877380371,12.391363143920898,12.391363143920898,12391035
1996-06-12,6.7090044021606445,12.90059757232666,12.93454647064209,12.696904182434082,12.696904182434082,3335892
1996-06-13,6.6030707359313965,12.696904182434082,12.93454647064209,12.696904182434082,12.90059757232666,1908381
1996-06-14,6.638381004333496,12.764801979064941,12.798750877380371,12.629006385803223,12.696904182434082,1989753
1996-06-17,6.620728015899658,12.730853080749512,12.8326997756958,12.730853080749512,12.764801979064941,2575191
1996-06-18,6.638381004333496,12.764801979064941,12.86664867401123,12.764801979064941,12.798750877380371,3522201
1996-06-19,6.673691749572754,12.8326997756958,12.86664867401123,12.730853080749512,12.764801979064941,2288731
1996-06-20,6.51479434967041,12.527158737182617,12.8326997756958,12.493209838867188,12.798750877380371,3329264
1996-06-21,6.532452583312988,12.561107635498047,12.561107635498047,12.459260940551758,12.527158737182617,3484645
1996-06-24,6.6030707359313965,12.696904182434082,12.764801979064941,12.561107635498047,12.595056533813477,3288026
1996-06-25,6.7443132400512695,12.96849536895752,13.00244426727295,12.730853080749512,12.730853080749512,6598144
1996-06-26,6.761970043182373,13.00244426727295,13.070342063903809,12.96849536895752,13.00244426727295,2161702
1996-06-27,6.7443132400512695,12.96849536895752,13.00244426727295,12.781776428222656,12.96849536895752,1957351
1996-06-28,6.673691749572754,12.8326997756958,13.036393165588379,12.798750877380371,13.00244426727295,2235342
1996-07-01,6.7443132400512695,12.96849536895752,13.00244426727295,12.86664867401123,12.90059757232666,2414656
1996-07-02,6.6030707359313965,12.696904182434082,12.93454647064209,12.662955284118652,12.93454647064209,9411928
1996-07-03,6.620728015899658,12.730853080749512,12.764801979064941,12.696904182434082,12.730853080749512,1400633
1996-07-05,6.426516056060791,12.357414245605469,12.629006385803223,12.357414245605469,12.629006385803223,937437
1996-07-08,6.355895519256592,12.22161865234375,12.323466300964355,12.18766975402832,12.289517402648926,1743059
1996-07-09,6.3735504150390625,12.25556755065918,12.25556755065918,12.119771957397461,12.22161865234375,1453654
1996-07-10,6.355895519256592,12.22161865234375,12.323466300964355,12.051874160766602,12.289517402648926,1853519
1996-07-11,6.285276889801025,12.085823059082031,12.25556755065918,12.085823059082031,12.22161865234375,2371208
1996-07-12,6.320584774017334,12.15372085571289,12.22161865234375,12.085823059082031,12.085823059082031,1352030
1996-07-15,6.161688804626465,11.848179817199707,12.15372085571289,11.848179817199707,12.119771957397461,2602069
1996-07-16,6.196996688842773,11.916077613830566,12.017925262451172,11.54263973236084,11.6105375289917,5299503
1996-07-17,6.249967098236084,12.017925262451172,12.051874160766602,11.882128715515137,12.051874160766602,1525453
1996-07-18,6.426516056060791,12.357414245605469,12.493209838867188,12.017925262451172,12.085823059082031,2028782
1996-07-19,6.320584774017334,12.15372085571289,12.357414245605469,12.085823059082031,12.357414245605469,1441135
1996-07-22,6.161688804626465,11.848179817199707,12.085823059082031,11.848179817199707,12.085823059082031,1620816
1996-07-23,6.038100719451904,11.6105375289917,11.882128715515137,11.6105375289917,11.882128715515137,2698906
1996-07-24,5.9674811363220215,11.47474193572998,11.678436279296875,11.44079303741455,11.54263973236084,3087725
1996-07-25,5.843891620635986,11.237098693847656,11.47474193572998,11.101304054260254,11.44079303741455,6418094
1996-07-26,6.091068744659424,11.712385177612305,11.746334075927734,11.372895240783691,11.47474193572998,5262314
1996-07-29,6.055757522583008,11.644487380981445,11.746334075927734,11.57658863067627,11.678436279296875,2756345
1996-07-30,5.949824810028076,11.44079303741455,11.644487380981445,11.203149795532227,11.6105375289917,3416528
1996-07-31,5.879204750061035,11.304997444152832,11.338946342468262,11.135252952575684,11.338946342468262,6852570
1996-08-01,6.073414325714111,11.678436279296875,11.678436279296875,11.237098693847656,11.271047592163086,2552362
1996-08-02,6.285276889801025,12.085823059082031,12.25556755065918,11.983976364135742,12.051874160766602,11097180
1996-08-05,6.179340362548828,11.882128715515137,12.15372085571289,11.814230918884277,12.119771957397461,3046487
1996-08-06,6.196996688842773,11.916077613830566,11.950027465820312,11.848179817199707,11.848179817199707,2455894
1996-08-07,6.1087212562561035,11.746334075927734,11.950027465820312,11.746334075927734,11.916077613830566,2447057
1996-08-08,6.091068744659424,11.712385177612305,11.780282020568848,11.6105375289917,11.780282020568848,3584059
1996-08-09,6.038100719451904,11.6105375289917,11.780282020568848,11.50869083404541,11.780282020568848,2160598
1996-08-12,6.055757522583008,11.644487380981445,11.644487380981445,11.47474193572998,11.644487380981445,2072230
1996-08-13,6.091068744659424,11.712385177612305,11.780282020568848,11.57658863067627,11.57658863067627,2212146
1996-08-14,6.161688804626465,11.848179817199707,11.882128715515137,11.746334075927734,11.746334075927734,2154706
1996-08-15,6.073414325714111,11.678436279296875,11.848179817199707,11.678436279296875,11.848179817199707,1644381
1996-08-16,6.1440324783325195,11.814230918884277,11.848179817199707,11.678436279296875,11.712385177612305,2457367
1996-08-19,6.179340362548828,11.882128715515137,11.950027465820312,11.814230918884277,11.916077613830566,1553804
1996-08-20,6.126377105712891,11.780282020568848,11.882128715515137,11.678436279296875,11.882128715515137,3132277
1996-08-21,6.073414325714111,11.678436279296875,11.814230918884277,11.644487380981445,11.814230918884277,1937837
1996-08-22,6.073414325714111,11.678436279296875,11.678436279296875,11.57658863067627,11.678436279296875,2595074
1996-08-23,5.949824810028076,11.44079303741455,11.678436279296875,11.44079303741455,11.678436279296875,2174957
1996-08-26,5.879204750061035,11.304997444152832,11.44079303741455,11.237098693847656,11.44079303741455,3369766
1996-08-27,6.020442962646484,11.57658863067627,11.644487380981445,11.304997444152832,11.338946342468262,3585900
1996-08-28,6.055757522583008,11.644487380981445,11.814230918884277,11.6105375289917,11.644487380981445,2429384
1996-08-29,6.40886116027832,12.323466300964355,12.391363143920898,11.780282020568848,11.780282020568848,6220739
1996-08-30,6.320584774017334,12.15372085571289,12.323466300964355,12.085823059082031,12.323466300964355,3292444
1996-09-03,6.161688804626465,11.848179817199707,12.017925262451172,11.746334075927734,12.017925262451172,3857263
1996-09-04,6.249967098236084,12.017925262451172,12.017925262451172,11.848179817199707,11.916077613830566,2392564
1996-09-05,6.1440324783325195,11.814230918884277,11.983976364135742,11.814230918884277,11.950027465820312,1665737
1996-09-06,6.285276889801025,12.085823059082031,12.085823059082031,11.712385177612305,11.780282020568848,2165016
1996-09-09,6.399324893951416,12.22161865234375,12.22161865234375,11.983976364135742,12.051874160766602,1884448
1996-09-10,6.2393412590026855,11.916077613830566,12.18766975402832,11.882128715515137,12.18766975402832,2588446
1996-09-11,6.363773345947266,12.15372085571289,12.22161865234375,11.848179817199707,11.882128715515137,2620111
1996-09-12,6.292672634124756,12.017925262451172,12.15372085571289,11.950027465820312,12.119771957397461,2251543
1996-09-13,6.4526519775390625,12.323466300964355,12.357414245605469,12.085823059082031,12.119771957397461,2781383
1996-09-16,6.488204479217529,12.391363143920898,12.561107635498047,12.25556755065918,12.357414245605469,4394835
1996-09-17,6.417099952697754,12.25556755065918,12.391363143920898,12.22161865234375,12.391363143920898,1454758
1996-09-18,6.363773345947266,12.15372085571289,12.289517402648926,12.15372085571289,12.15372085571289,2110522
1996-09-19,6.221561908721924,11.882128715515137,12.25556755065918,11.848179817199707,12.22161865234375,4444542
1996-09-20,6.381548881530762,12.18766975402832,12.18766975402832,11.848179817199707,11.916077613830566,10184044
1996-09-23,6.346000671386719,12.119771957397461,12.25556755065918,12.119771957397461,12.18766975402832,3183089
1996-09-24,6.292672634124756,12.017925262451172,12.289517402648926,11.983976364135742,12.119771957397461,3436779
1996-09-25,6.381548881530762,12.18766975402832,12.25556755065918,12.017925262451172,12.051874160766602,5654447
1996-09-26,6.541532516479492,12.493209838867188,12.595056533813477,12.15372085571289,12.18766975402832,4004911
1996-09-27,6.577088356018066,12.561107635498047,12.629006385803223,12.493209838867188,12.527158737182617,3375658
1996-09-30,6.612635612487793,12.629006385803223,12.696904182434082,12.527158737182617,12.527158737182617,2425702
1996-10-01,6.8592634201049805,12.085823059082031,12.119771957397461,11.678436279296875,11.678436279296875,7375782
1996-10-02,6.936330795288086,12.22161865234375,12.323466300964355,12.119771957397461,12.119771957397461,6612504
1996-10-03,6.974868297576904,12.289517402648926,12.323466300964355,12.22161865234375,12.289517402648926,3191926
1996-10-04,7.051937580108643,12.425312042236328,12.595056533813477,12.323466300964355,12.357414245605469,2696329
1996-10-07,7.129011154174805,12.561107635498047,12.595056533813477,12.391363143920898,12.493209838867188,3255993
1996-10-08,7.0712056159973145,12.459260940551758,12.696904182434082,12.289517402648926,12.696904182434082,3375658
1996-10-09,7.013401508331299,12.357414245605469,12.493209838867188,12.323466300964355,12.493209838867188,2308246
1996-10-10,6.936330795288086,12.22161865234375,12.323466300964355,12.170695304870605,12.323466300964355,2105736
1996-10-11,6.936330795288086,12.22161865234375,12.25556755065918,12.22161865234375,12.25556755065918,1569637
1996-10-14,6.955597877502441,12.25556755065918,12.323466300964355,12.22161865234375,12.25556755065918,1136633
1996-10-15,6.936330795288086,12.22161865234375,12.289517402648926,12.18766975402832,12.289517402648926,2367526
1996-10-16,6.917063236236572,12.18766975402832,12.25556755065918,12.15372085571289,12.22161865234375,1674574
1996-10-17,6.820728778839111,12.017925262451172,12.15372085571289,11.950027465820312,12.119771957397461,4778131
1996-10-18,6.974868297576904,12.289517402648926,12.289517402648926,12.017925262451172,12.051874160766602,3165784
1996-10-21,7.013401508331299,12.357414245605469,12.391363143920898,12.22161865234375,12.289517402648926,3789514
1996-10-22,6.801465034484863,11.983976364135742,12.391363143920898,11.950027465820312,12.323466300964355,17567190
1996-10-23,6.628052711486816,11.678436279296875,11.950027465820312,11.271047592163086,11.882128715515137,9060297
1996-10-24,6.281233310699463,11.067355155944824,11.50869083404541,11.033406257629395,11.47474193572998,12514013
1996-10-25,6.41610860824585,11.304997444152832,11.304997444152832,11.101304054260254,11.169201850891113,7554728
1996-10-28,6.377568244934082,11.237098693847656,11.47474193572998,11.169201850891113,11.304997444152832,6637910
1996-10-29,6.358302593231201,11.203149795532227,11.406844139099121,11.169201850891113,11.203149795532227,4128258
1996-10-30,6.319769859313965,11.135252952575684,11.271047592163086,11.101304054260254,11.271047592163086,5221444
1996-10-31,6.41610860824585,11.304997444152832,11.338946342468262,11.169201850891113,11.169201850891113,4168024
1996-11-01,6.396838665008545,11.271047592163086,11.338946342468262,11.169201850891113,11.338946342468262,4286216
1996-11-04,6.358302593231201,11.203149795532227,11.304997444152832,11.169201850891113,11.237098693847656,6833792
1996-11-05,6.43537712097168,11.338946342468262,11.44079303741455,11.203149795532227,11.203149795532227,6199383
1996-11-06,6.512445449829102,11.47474193572998,11.47474193572998,11.271047592163086,11.338946342468262,7756501
1996-11-07,6.589513778686523,11.6105375289917,11.644487380981445,11.338946342468262,11.47474193572998,6178396
1996-11-08,6.685852527618408,11.780282020568848,11.780282020568848,11.57658863067627,11.6105375289917,3813816
1996-11-11,6.72438907623291,11.848179817199707,11.848179817199707,11.746334075927734,11.780282020568848,3394804
1996-11-12,6.666584014892578,11.746334075927734,11.814230918884277,11.712385177612305,11.780282020568848,3478754
1996-11-13,6.666584014892578,11.746334075927734,11.780282020568848,11.644487380981445,11.712385177612305,2491609
1996-11-14,6.628052711486816,11.678436279296875,11.678436279296875,11.57658863067627,11.644487380981445,2534321
1996-11-15,6.570243835449219,11.57658863067627,11.780282020568848,11.50869083404541,11.712385177612305,4255656
1996-11-18,6.5509819984436035,11.54263973236084,11.678436279296875,11.54263973236084,11.57658863067627,2053451
1996-11-19,6.473910808563232,11.406844139099121,11.54263973236084,11.372895240783691,11.54263973236084,4151087
1996-11-20,6.377568244934082,11.237098693847656,11.406844139099121,11.135252952575684,11.372895240783691,3666536
1996-11-21,6.281233310699463,11.067355155944824,11.406844139099121,10.999457359313965,11.304997444152832,4885278
1996-11-22,6.300502777099609,11.101304054260254,11.237098693847656,11.067355155944824,11.135252952575684,4110953
1996-11-25,6.608784198760986,11.644487380981445,11.644487380981445,11.135252952575684,11.203149795532227,6314998
1996-11-26,6.589513778686523,11.6105375289917,11.712385177612305,11.47474193572998,11.6105375289917,3952995
1996-11-27,6.493176460266113,11.44079303741455,11.712385177612305,11.44079303741455,11.6105375289917,2395509
1996-11-29,6.5509819984436035,11.54263973236084,11.57658863067627,11.44079303741455,11.50869083404541,1136265
1996-12-02,6.43537712097168,11.338946342468262,11.54263973236084,11.338946342468262,11.54263973236084,2247493
1996-12-03,6.319769859313965,11.135252952575684,11.406844139099121,11.101304054260254,11.338946342468262,4939771
1996-12-04,6.396838665008545,11.271047592163086,11.338946342468262,10.79576301574707,11.067355155944824,6500939
1996-12-05,6.358302593231201,11.203149795532227,11.338946342468262,11.135252952575684,11.203149795532227,2884847
1996-12-06,6.41610860824585,11.304997444152832,11.372895240783691,10.89760971069336,10.999457359313965,3103558
1996-12-09,6.479427814483643,11.338946342468262,11.338946342468262,11.203149795532227,11.271047592163086,2760027
1996-12-10,6.557024955749512,11.47474193572998,11.6105375289917,11.338946342468262,11.47474193572998,3767791
1996-12-11,6.518226623535156,11.406844139099121,11.406844139099121,11.237098693847656,11.372895240783691,2292413
1996-12-12,6.401827812194824,11.203149795532227,11.50869083404541,11.203149795532227,11.47474193572998,2315978
1996-12-13,6.304831027984619,11.033406257629395,11.135252952575684,10.999457359313965,11.135252952575684,2036514
1996-12-16,6.227233409881592,10.89760971069336,11.033406257629395,10.8297119140625,10.999457359313965,3092144
1996-12-17,6.324230670928955,11.067355155944824,11.135252952575684,10.86366081237793,10.86366081237793,3291340
1996-12-18,6.382430553436279,11.169201850891113,11.271047592163086,11.033406257629395,11.067355155944824,3269616
1996-12-19,6.49882698059082,11.372895240783691,11.406844139099121,11.169201850891113,11.169201850891113,2924244
1996-12-20,6.49882698059082,11.372895240783691,11.746334075927734,11.203149795532227,11.746334075927734,5517477
1996-12-23,6.460028648376465,11.304997444152832,11.372895240783691,11.203149795532227,11.304997444152832,3029918
1996-12-24,6.36303186416626,11.135252952575684,11.271047592163086,11.135252952575684,11.237098693847656,1058575
1996-12-26,6.36303186416626,11.135252952575684,11.169201850891113,11.067355155944824,11.101304054260254,2496764
1996-12-27,6.401827812194824,11.203149795532227,11.237098693847656,11.169201850891113,11.203149795532227,1476482
1996-12-30,6.479427814483643,11.338946342468262,11.406844139099121,11.271047592163086,11.271047592163086,1335830
1996-12-31,6.36303186416626,11.135252952575684,11.406844139099121,11.135252952575684,11.304997444152832,1873770
1997-01-02,6.304831027984619,11.033406257629395,11.169201850891113,10.8297119140625,11.135252952575684,2419442
1997-01-03,6.595826148986816,11.54263973236084,11.54263973236084,11.169201850891113,11.169201850891113,3321900
1997-01-06,6.576422691345215,11.50869083404541,11.712385177612305,11.44079303741455,11.57658863067627,3534720
1997-01-07,6.731618404388428,11.780282020568848,11.780282020568848,11.44079303741455,11.47474193572998,2512229
1997-01-08,6.673423767089844,11.678436279296875,11.848179817199707,11.644487380981445,11.814230918884277,2509651
1997-01-09,6.751019477844238,11.814230918884277,11.916077613830566,11.678436279296875,11.678436279296875,4507136
1997-01-10,6.731618404388428,11.780282020568848,11.780282020568848,11.6105375289917,11.712385177612305,2443743
1997-01-13,6.751019477844238,11.814230918884277,11.882128715515137,11.678436279296875,11.848179817199707,1934891
1997-01-14,6.789814472198486,11.882128715515137,11.916077613830566,11.746334075927734,11.848179817199707,2797584
1997-01-15,6.8092169761657715,11.916077613830566,11.950027465820312,11.814230918884277,11.916077613830566,2131142
1997-01-16,6.828618049621582,11.950027465820312,12.017925262451172,11.916077613830566,11.916077613830566,2359057
1997-01-17,6.828618049621582,11.950027465820312,11.950027465820312,11.678436279296875,11.916077613830566,2998621
1997-01-20,6.770419120788574,11.848179817199707,12.017925262451172,11.814230918884277,11.983976364135742,1270658
1997-01-21,6.770419120788574,11.848179817199707,11.848179817199707,11.644487380981445,11.780282020568848,1724281
1997-01-22,6.731618404388428,11.780282020568848,11.848179817199707,11.746334075927734,11.848179817199707,1431193
1997-01-23,6.654022693634033,11.644487380981445,11.983976364135742,11.6105375289917,11.848179817199707,1669051
1997-01-24,6.634620666503906,11.6105375289917,11.712385177612305,11.50869083404541,11.57658863067627,1471695
1997-01-27,6.557024955749512,11.47474193572998,11.6105375289917,11.372895240783691,11.54263973236084,1734590
1997-01-28,6.557024955749512,11.47474193572998,11.780282020568848,11.406844139099121,11.678436279296875,1485319
1997-01-29,6.576422691345215,11.50869083404541,11.54263973236084,11.372895240783691,11.47474193572998,2387777
1997-01-30,7.13900899887085,12.493209838867188,12.561107635498047,11.57658863067627,11.57658863067627,8292969
1997-01-31,7.13900899887085,12.493209838867188,12.96849536895752,12.493209838867188,12.96849536895752,7670711
1997-02-03,7.0614094734191895,12.357414245605469,12.561107635498047,12.357414245605469,12.493209838867188,5186833
1997-02-04,7.100210189819336,12.425312042236328,12.527158737182617,12.357414245605469,12.357414245605469,2188581
1997-02-05,7.100210189819336,12.425312042236328,12.493209838867188,12.323466300964355,12.493209838867188,4501981
1997-02-06,7.294205665588379,12.764801979064941,13.206137657165527,12.357414245605469,12.357414245605469,8429939
1997-02-07,7.294205665588379,12.764801979064941,12.90059757232666,12.696904182434082,12.764801979064941,4441597
1997-02-10,7.410603046417236,12.96849536895752,13.138239860534668,12.8326997756958,12.8326997756958,3521833
1997-02-11,7.391202449798584,12.93454647064209,13.070342063903809,12.93454647064209,12.96849536895752,4058300
1997-02-12,7.371805191040039,12.90059757232666,12.96849536895752,12.764801979064941,12.93454647064209,5321963
1997-02-13,7.449399471282959,13.036393165588379,13.511677742004395,12.96849536895752,13.00244426727295,4521128
1997-02-14,7.371805191040039,12.90059757232666,13.104290962219238,12.90059757232666,13.036393165588379,2417233
1997-02-18,7.410603046417236,12.96849536895752,12.96849536895752,12.86664867401123,12.86664867401123,2496396
1997-02-19,7.410603046417236,12.96849536895752,13.00244426727295,12.86664867401123,12.93454647064209,2483509
1997-02-20,7.391202449798584,12.93454647064209,12.93454647064209,12.696904182434082,12.8326997756958,2606488
1997-02-21,7.449399471282959,13.036393165588379,13.036393165588379,12.90059757232666,12.93454647064209,2052347
1997-02-24,7.410603046417236,12.96849536895752,13.00244426727295,12.93454647064209,12.96849536895752,2332547
1997-02-25,7.565798282623291,13.240086555480957,13.240086555480957,12.90059757232666,12.90059757232666,2406187
1997-02-26,7.526996612548828,13.172188758850098,13.511677742004395,13.138239860534668,13.307985305786133,3619038
1997-02-27,7.2360076904296875,12.662955284118652,13.104290962219238,12.662955284118652,13.070342063903809,7301406
1997-02-28,7.13900899887085,12.493209838867188,12.798750877380371,12.493209838867188,12.629006385803223,2414656
1997-03-03,7.197205543518066,12.595056533813477,12.696904182434082,12.391363143920898,12.391363143920898,2019577
1997-03-04,7.255405902862549,12.696904182434082,12.8326997756958,12.595056533813477,12.595056533813477,2788010
1997-03-05,7.371805191040039,12.90059757232666,12.90059757232666,12.629006385803223,12.662955284118652,3581113
1997-03-06,7.321351528167725,12.730853080749512,12.798750877380371,12.595056533813477,12.764801979064941,4156610
1997-03-07,7.438497066497803,12.93454647064209,13.138239860534668,12.730853080749512,12.730853080749512,5214817
1997-03-10,7.477546215057373,13.00244426727295,13.036393165588379,12.90059757232666,12.96849536895752,2254120
1997-03-11,7.555634021759033,13.138239860534668,13.240086555480957,13.00244426727295,13.00244426727295,2459208
1997-03-12,7.399448394775391,12.86664867401123,13.070342063903809,12.798750877380371,13.070342063903809,3251942
1997-03-13,7.262782096862793,12.629006385803223,12.798750877380371,12.561107635498047,12.798750877380371,2382622
1997-03-14,7.262782096862793,12.629006385803223,12.764801979064941,12.595056533813477,12.629006385803223,2953700
1997-03-17,7.321351528167725,12.730853080749512,12.798750877380371,12.323466300964355,12.527158737182617,2332915
1997-03-18,7.2823028564453125,12.662955284118652,12.730853080749512,12.459260940551758,12.561107635498047,1310056
1997-03-19,7.223735809326172,12.561107635498047,12.730853080749512,12.459260940551758,12.561107635498047,2059711
1997-03-20,7.126119136810303,12.391363143920898,12.493209838867188,12.357414245605469,12.493209838867188,1392164
1997-03-21,6.989452362060547,12.15372085571289,12.425312042236328,12.15372085571289,12.391363143920898,3130068
1997-03-24,7.145643711090088,12.425312042236328,12.425312042236328,12.085823059082031,12.119771957397461,2029887
1997-03-25,7.165167331695557,12.459260940551758,12.8326997756958,12.425312042236328,12.730853080749512,1864933
1997-03-26,7.145643711090088,12.425312042236328,12.561107635498047,12.323466300964355,12.493209838867188,1292014
1997-03-27,7.02849817276001,12.22161865234375,12.459260940551758,12.18766975402832,12.425312042236328,1255562
1997-03-31,6.735644340515137,11.712385177612305,12.119771957397461,11.678436279296875,12.119771957397461,1991594
1997-04-01,6.85278844833374,11.916077613830566,11.916077613830566,11.644487380981445,11.712385177612305,3479858
1997-04-02,6.833264350891113,11.882128715515137,12.119771957397461,11.712385177612305,11.848179817199707,1746004
1997-04-03,6.755169868469238,11.746334075927734,11.950027465820312,11.678436279296875,11.882128715515137,1683779
1997-04-04,6.930885314941406,12.051874160766602,12.051874160766602,11.712385177612305,11.712385177612305,1608666
1997-04-07,7.145643711090088,12.425312042236328,12.459260940551758,12.18766975402832,12.22161865234375,2847291
1997-04-08,7.008974075317383,12.18766975402832,12.459260940551758,12.18766975402832,12.459260940551758,1096131
1997-04-09,6.930885314941406,12.051874160766602,12.323466300964355,12.017925262451172,12.22161865234375,1477587
1997-04-10,6.950406074523926,12.085823059082031,12.15372085571289,12.017925262451172,12.085823059082031,1817435
1997-04-11,6.618503570556641,11.50869083404541,11.950027465820312,11.47474193572998,11.950027465820312,2548312
1997-04-14,6.716122150421143,11.678436279296875,11.780282020568848,11.288022994995117,11.47474193572998,1552699
1997-04-15,6.930885314941406,12.051874160766602,12.051874160766602,11.644487380981445,11.644487380981445,1938573
1997-04-16,7.126119136810303,12.391363143920898,12.425312042236328,11.916077613830566,12.051874160766602,2407660
1997-04-17,7.087071418762207,12.323466300964355,12.595056533813477,12.289517402648926,12.459260940551758,3491641
1997-04-18,7.223735809326172,12.561107635498047,12.629006385803223,12.357414245605469,12.357414245605469,3283239
1997-04-21,7.02849817276001,12.22161865234375,12.561107635498047,12.15372085571289,12.561107635498047,1434507
1997-04-22,7.321351528167725,12.730853080749512,12.86664867401123,12.289517402648926,12.289517402648926,3909179
1997-04-23,7.184690952301025,12.493209838867188,12.730853080749512,12.493209838867188,12.730853080749512,948483
1997-04-24,7.262782096862793,12.629006385803223,12.815725326538086,12.595056533813477,12.629006385803223,3375289
1997-04-25,7.262782096862793,12.629006385803223,12.696904182434082,12.595056533813477,12.629006385803223,948483
1997-04-28,7.243260383605957,12.595056533813477,12.662955284118652,12.459260940551758,12.629006385803223,2036146
1997-04-29,7.340878486633301,12.764801979064941,12.764801979064941,12.629006385803223,12.662955284118652,1755578
1997-04-30,7.477546215057373,13.00244426727295,13.00244426727295,12.730853080749512,12.730853080749512,1660214
1997-05-01,7.37992525100708,12.8326997756958,13.00244426727295,12.730853080749512,13.00244426727295,999295
1997-05-02,7.497068881988525,13.036393165588379,13.138239860534668,12.798750877380371,12.8326997756958,1497838
1997-05-05,7.516590118408203,13.070342063903809,13.104290962219238,12.93454647064209,13.036393165588379,1839895
1997-05-06,7.555634021759033,13.138239860534668,13.274036407470703,13.036393165588379,13.172188758850098,2611274
1997-05-07,7.594684600830078,13.206137657165527,13.409832000732422,13.172188758850098,13.206137657165527,1981652
1997-05-08,7.399448394775391,12.86664867401123,13.375883102416992,12.8326997756958,13.104290962219238,2475409
1997-05-09,7.262782096862793,12.629006385803223,13.036393165588379,12.595056533813477,13.036393165588379,4105062
1997-05-12,7.594684600830078,13.206137657165527,13.375883102416992,12.662955284118652,12.662955284118652,3215122
1997-05-13,7.653258800506592,13.307985305786133,13.341934204101562,13.172188758850098,13.274036407470703,1523243
1997-05-14,7.7508745193481445,13.477728843688965,13.511677742004395,13.341934204101562,13.375883102416992,3020345
1997-05-15,7.848491668701172,13.64747428894043,13.64747428894043,13.375883102416992,13.409832000732422,1976866
1997-05-16,7.7508745193481445,13.477728843688965,13.68142318725586,13.443780899047852,13.613525390625,4198953
1997-05-19,7.6923017501831055,13.375883102416992,13.477728843688965,13.206137657165527,13.443780899047852,1116014
1997-05-20,7.809443473815918,13.579575538635254,13.64747428894043,13.341934204101562,13.443780899047852,2786169
1997-05-21,7.907058238983154,13.749320983886719,13.885116577148438,13.68142318725586,13.851167678833008,2606488
1997-05-22,7.809443473815918,13.579575538635254,13.817218780517578,13.477728843688965,13.749320983886719,2247861
1997-05-23,8.141343116760254,14.156707763671875,14.25855541229248,13.68142318725586,13.715372085571289,2506337
1997-05-27,8.141343116760254,14.156707763671875,14.25855541229248,14.020913124084473,14.122758865356445,2182690
1997-05-28,8.08277416229248,14.054861068725586,14.29250431060791,14.054861068725586,14.122758865356445,2453685
1997-05-29,8.121820449829102,14.122758865356445,14.224605560302734,14.088809967041016,14.122758865356445,1802339
1997-05-30,8.23896312713623,14.32645320892334,14.36040210723877,13.986964225769043,13.986964225769043,3198553
1997-06-02,8.004681587219238,13.919066429138184,14.462248802185059,13.885116577148438,14.36040210723877,2597651
1997-06-03,7.9265875816345215,13.783269882202148,13.953015327453613,13.783269882202148,13.851167678833008,2987207
1997-06-04,7.965633869171143,13.851167678833008,13.851167678833008,13.68142318725586,13.783269882202148,2392564
1997-06-05,7.985157012939453,13.885116577148438,13.953015327453613,13.817218780517578,13.851167678833008,2265903
1997-06-06,8.317059516906738,14.462248802185059,14.462248802185059,13.851167678833008,13.919066429138184,2068916
1997-06-09,8.459473609924316,14.631993293762207,14.631993293762207,14.32645320892334,14.3943510055542,2073702
1997-06-10,8.439851760864258,14.598045349121094,14.733839988708496,14.428299903869629,14.733839988708496,2133351
1997-06-11,8.5576171875,14.801737785339355,14.801737785339355,14.598045349121094,14.631993293762207,1580314
1997-06-12,8.49872875213623,14.699891090393066,14.835686683654785,14.631993293762207,14.801737785339355,2806789
1997-06-13,8.49872875213623,14.699891090393066,14.699891090393066,14.665942192077637,14.699891090393066,2254489
1997-06-16,8.537985801696777,14.767788887023926,14.801737785339355,14.631993293762207,14.699891090393066,2181585
1997-06-17,8.6950044631958,15.03938102722168,15.209124565124512,14.598045349121094,14.699891090393066,3969196
1997-06-18,8.361337661743164,14.462248802185059,15.07332992553711,14.462248802185059,15.03938102722168,2642571
1997-06-19,8.479104042053223,14.665942192077637,14.733839988708496,14.530146598815918,14.530146598815918,2878219
1997-06-20,8.616494178771973,14.903585433959961,14.97148323059082,14.869635581970215,14.93753433227539,3678686
1997-06-23,8.263200759887695,14.29250431060791,14.869635581970215,14.25855541229248,14.869635581970215,1600197
1997-06-24,8.636130332946777,14.93753433227539,14.97148323059082,14.36040210723877,14.3943510055542,2964746
1997-06-25,8.54780101776123,14.784764289855957,14.954507827758789,14.631993293762207,14.869635581970215,2661350
1997-06-26,8.606682777404785,14.886610984802246,15.07332992553711,14.801737785339355,14.818713188171387,2138137
1997-06-27,8.645936012268066,14.954507827758789,15.243074417114258,14.886610984802246,15.07332992553711,1925686
1997-06-30,8.214132308959961,14.207632064819336,14.97148323059082,14.190656661987305,14.97148323059082,2359794
1997-07-01,8.822585105895996,15.260048866271973,15.293997764587402,14.462248802185059,14.462248802185059,5074164
1997-07-02,9.009045600891113,15.582564353942871,15.582564353942871,15.107278823852539,15.327946662902832,3186403
1997-07-03,9.215136528015137,15.939027786254883,16.125747680664062,15.701384544372559,15.71835994720459,2530639
1997-07-07,8.989420890808105,15.548615455627441,15.989951133728027,15.548615455627441,15.989951133728027,2275844
1997-07-08,9.156253814697266,15.837181091308594,15.837181091308594,15.59953784942627,15.6165132522583,1204382
1997-07-09,8.999234199523926,15.56558895111084,15.769283294677734,15.412818908691406,15.701384544372559,2684178
1997-07-10,9.028675079345703,15.6165132522583,15.972976684570312,15.53164005279541,15.548615455627441,1537971
1997-07-11,9.107182502746582,15.75230884552002,15.786256790161133,15.6165132522583,15.6334867477417,1007395
1997-07-14,9.17587947845459,15.871129989624023,16.006925582885742,15.701384544372559,15.75230884552002,1415361
1997-07-15,9.136626243591309,15.803232192993164,15.888104438781738,15.480716705322266,15.888104438781738,2007058
1997-07-16,9.215136528015137,15.939027786254883,15.989951133728027,15.803232192993164,15.871129989624023,3258938
1997-07-17,9.431037902832031,16.31246566772461,16.363388061523438,15.888104438781738,15.939027786254883,3452243
1997-07-18,9.126811981201172,15.786256790161133,16.31246566772461,15.71835994720459,16.29549217224121,3399222
1997-07-21,8.999234199523926,15.56558895111084,15.786256790161133,15.514665603637695,15.786256790161133,1407629
1997-07-22,9.166069984436035,15.854154586791992,15.871129989624023,15.53164005279541,15.59953784942627,1859778
1997-07-23,9.028675079345703,15.6165132522583,15.871129989624023,15.6165132522583,15.871129989624023,1725385
1997-07-24,9.342719078063965,16.159696578979492,16.193645477294922,15.6165132522583,15.65046215057373,2260748
1997-07-25,9.097373008728027,15.735334396362305,16.363388061523438,15.59953784942627,16.159696578979492,4287321
1997-07-28,9.136626243591309,15.803232192993164,15.939027786254883,15.71835994720459,15.786256790161133,1847996
1997-07-29,8.950165748596191,15.480716705322266,15.803232192993164,15.412818908691406,15.803232192993164,1589519
1997-07-30,8.89128303527832,15.378870010375977,15.514665603637695,15.344921112060547,15.49769115447998,2089535
1997-07-31,9.067933082580566,15.68441104888916,15.735334396362305,15.412818908691406,15.463743209838867,3278453
1997-08-01,9.028675079345703,15.6165132522583,15.75230884552002,15.56558895111084,15.667435646057129,2880060
1997-08-04,8.979607582092285,15.53164005279541,15.68441104888916,15.429794311523438,15.548615455627441,1798657
1997-08-05,8.959980010986328,15.49769115447998,15.59953784942627,15.378870010375977,15.49769115447998,1801603
1997-08-06,8.940352439880371,15.463743209838867,15.735334396362305,15.412818908691406,15.53164005279541,2141819
1997-08-07,8.910910606384277,15.412818908691406,15.56558895111084,15.395845413208008,15.463743209838867,1033169
1997-08-08,8.773520469665527,15.175176620483398,15.310972213745117,15.07332992553711,15.277023315429688,2855023
1997-08-11,8.5576171875,14.801737785339355,15.192151069641113,14.648967742919922,15.141227722167969,2907675
1997-08-12,8.5576171875,14.801737785339355,14.93753433227539,14.750815391540527,14.869635581970215,1590992
1997-08-13,8.292640686035156,14.343426704406738,14.92055892944336,14.25855541229248,14.92055892944336,2567459
1997-08-14,8.430032730102539,14.581069946289062,14.733839988708496,14.377375602722168,14.377375602722168,2182321
1997-08-15,8.233757972717285,14.241580963134766,14.496197700500488,14.224605560302734,14.428299903869629,2187844
1997-08-18,8.302453994750977,14.36040210723877,14.36040210723877,13.953015327453613,14.173683166503906,2266639
1997-08-19,8.577239990234375,14.835686683654785,14.835686683654785,14.496197700500488,14.530146598815918,2910253
1997-08-20,8.655755996704102,14.97148323059082,15.07332992553711,14.886610984802246,14.903585433959961,2894788
1997-08-21,8.665560722351074,14.988456726074219,15.00543212890625,14.869635581970215,14.954507827758789,2174589
1997-08-22,8.704821586608887,15.056355476379395,15.056355476379395,14.801737785339355,14.903585433959961,3420578
1997-08-25,8.626306533813477,14.92055892944336,15.175176620483398,14.886610984802246,15.056355476379395,1753737
1997-08-26,8.49872875213623,14.699891090393066,14.954507827758789,14.699891090393066,14.954507827758789,2679391
1997-08-27,8.49872875213623,14.699891090393066,14.750815391540527,14.530146598815918,14.598045349121094,2070389
1997-08-28,8.488920211791992,14.682916641235352,14.784764289855957,14.428299903869629,14.648967742919922,1355712
1997-08-29,8.35152530670166,14.445274353027344,14.615018844604492,14.428299903869629,14.615018844604492,1378541
1997-09-02,8.636130332946777,14.93753433227539,14.97148323059082,14.513172149658203,14.513172149658203,1292014
1997-09-03,8.606682777404785,14.886610984802246,15.056355476379395,14.869635581970215,14.97148323059082,2106840
1997-09-04,8.636130332946777,14.93753433227539,14.93753433227539,14.750815391540527,14.92055892944336,5374984
1997-09-05,8.54780101776123,14.784764289855957,14.988456726074219,14.665942192077637,14.93753433227539,1801603
1997-09-08,8.592309951782227,14.784764289855957,14.92055892944336,14.767788887023926,14.767788887023926,920500
1997-09-09,8.6317720413208,14.852662086486816,14.97148323059082,14.648967742919922,14.784764289855957,1687092
1997-09-10,8.42460823059082,14.496197700500488,14.852662086486816,14.496197700500488,14.852662086486816,2112363
1997-09-11,8.345687866210938,14.36040210723877,14.496197700500488,14.173683166503906,14.445274353027344,2543157
1997-09-12,8.493660926818848,14.615018844604492,14.615018844604492,14.071836471557617,14.428299903869629,2959223
1997-09-15,8.37528133392334,14.411325454711914,14.615018844604492,14.29250431060791,14.581069946289062,1870456
1997-09-16,8.542984962463379,14.699891090393066,14.886610984802246,14.547121047973633,14.547121047973633,2390354
1997-09-17,8.533124923706055,14.682916641235352,14.767788887023926,14.615018844604492,14.699891090393066,2755241
1997-09-18,8.58244514465332,14.767788887023926,14.988456726074219,14.699891090393066,14.716865539550781,2276212
1997-09-19,8.464064598083496,14.564096450805664,14.615018844604492,14.36040210723877,14.36040210723877,4127522
1997-09-22,8.651500701904297,14.886610984802246,14.93753433227539,14.615018844604492,14.665942192077637,2381149
1997-09-23,8.641634941101074,14.869635581970215,14.93753433227539,14.665942192077637,14.93753433227539,2538739
1997-09-24,8.404877662658691,14.462248802185059,14.852662086486816,14.462248802185059,14.801737785339355,1477955
1997-09-25,8.2075777053833,14.122758865356445,14.547121047973633,14.088809967041016,14.411325454711914,2198522
1997-09-26,8.454203605651855,14.547121047973633,14.581069946289062,14.139734268188477,14.173683166503906,2732044
1997-09-29,8.217445373535156,14.139734268188477,14.564096450805664,14.037886619567871,14.547121047973633,3290972
1997-09-30,8.247041702270508,14.190656661987305,14.377375602722168,14.156707763671875,14.173683166503906,2834404
1997-10-01,8.385149002075195,14.428299903869629,14.496197700500488,14.156707763671875,14.241580963134766,2579609
1997-10-02,8.42460823059082,14.496197700500488,14.513172149658203,14.29250431060791,14.3943510055542,1786875
1997-10-03,8.404877662658691,14.462248802185059,14.699891090393066,14.411325454711914,14.665942192077637,2683442
1997-10-06,8.592309951782227,14.784764289855957,14.835686683654785,14.462248802185059,14.530146598815918,1920899
1997-10-07,8.868526458740234,15.260048866271973,15.277023315429688,14.903585433959961,14.903585433959961,3797983
1997-10-08,8.848800659179688,15.226099967956543,15.378870010375977,15.07332992553711,15.327946662902832,3002671
1997-10-09,8.769877433776855,15.090304374694824,15.175176620483398,14.97148323059082,15.175176620483398,1421620
1997-10-10,8.592309951782227,14.784764289855957,14.988456726074219,14.648967742919922,14.988456726074219,743764
1997-10-13,8.740279197692871,15.03938102722168,15.03938102722168,14.852662086486816,14.852662086486816,853119
1997-10-14,8.760009765625,15.07332992553711,15.209124565124512,14.93753433227539,15.141227722167969,2363844
1997-10-15,8.671225547790527,14.92055892944336,15.022405624389648,14.852662086486816,15.022405624389648,1013655
1997-10-16,8.5232572555542,14.665942192077637,15.022405624389648,14.496197700500488,14.92055892944336,2050506
1997-10-17,8.5232572555542,14.665942192077637,14.665942192077637,14.32645320892334,14.496197700500488,4547270
1997-10-20,8.612039566040039,14.818713188171387,14.869635581970215,14.496197700500488,14.699891090393066,1447762
1997-10-21,8.750149726867676,15.056355476379395,15.07332992553711,14.767788887023926,14.784764289855957,917554
1997-10-22,8.819206237792969,15.175176620483398,15.514665603637695,14.954507827758789,15.07332992553711,2541316
1997-10-23,8.286499977111816,14.25855541229248,14.598045349121094,13.443780899047852,14.564096450805664,25495641
1997-10-24,7.803119659423828,13.426806449890137,14.25855541229248,13.358907699584961,14.25855541229248,11239305
1997-10-27,6.9448771476745605,11.950027465820312,13.070342063903809,11.933053016662598,12.96849536895752,10370353
1997-10-28,7.378927707672119,12.696904182434082,12.730853080749512,11.848179817199707,12.15372085571289,8157103
1997-10-29,7.566369533538818,13.019418716430664,13.511677742004395,12.74782657623291,12.8326997756958,6957139
1997-10-30,7.359195709228516,12.662955284118652,13.036393165588379,12.629006385803223,12.951520919799805,4010434
1997-10-31,7.319741249084473,12.595056533813477,12.849674224853516,12.289517402648926,12.764801979064941,5519318
1997-11-03,7.477579116821289,12.86664867401123,12.90059757232666,12.662955284118652,12.662955284118652,3894083
1997-11-04,7.477579116821289,12.86664867401123,12.93454647064209,12.67992877960205,12.86664867401123,3616460
1997-11-05,7.517040252685547,12.93454647064209,12.985469818115234,12.71387767791748,12.90059757232666,3159892
1997-11-06,7.487443923950195,12.883623123168945,12.93454647064209,12.71387767791748,12.93454647064209,4556107
1997-11-07,7.398657321929932,12.730853080749512,12.86664867401123,12.662955284118652,12.764801979064941,2962537
1997-11-10,7.388794422149658,12.71387767791748,12.815725326538086,12.578083038330078,12.798750877380371,3356511
1997-11-11,7.26055383682251,12.493209838867188,12.730853080749512,12.425312042236328,12.730853080749512,1976129
1997-11-12,7.132310390472412,12.272541999816895,12.493209838867188,12.170695304870605,12.425312042236328,2807525
1997-11-13,7.300011157989502,12.561107635498047,12.645979881286621,12.22161865234375,12.238593101501465,2305668
1997-11-14,7.378927707672119,12.696904182434082,12.74782657623291,12.493209838867188,12.74782657623291,2849868
1997-11-17,7.428253173828125,12.781776428222656,12.90059757232666,12.612031936645508,12.8326997756958,6653006
1997-11-18,7.438118934631348,12.798750877380371,12.8326997756958,12.645979881286621,12.730853080749512,5461879
1997-11-19,7.526904582977295,12.951520919799805,12.951520919799805,12.67992877960205,12.730853080749512,2202941
1997-11-20,7.753798484802246,13.341934204101562,13.358907699584961,12.96849536895752,12.96849536895752,5360624
1997-11-21,8.020149230957031,13.800244331359863,13.817218780517578,13.39285659790039,13.443780899047852,3775155
1997-11-24,7.812981605529785,13.443780899047852,13.766295433044434,13.443780899047852,13.766295433044434,3253047
1997-11-25,7.941224575042725,13.664448738098145,13.698397636413574,13.443780899047852,13.562602043151855,3806820
1997-11-26,7.921501636505127,13.630499839782715,13.766295433044434,13.562602043151855,13.664448738098145,819981
1997-11-28,7.990549564361572,13.749320983886719,14.037886619567871,13.749320983886719,14.020913124084473,904299
1997-12-01,7.980687141418457,13.732346534729004,13.766295433044434,13.579575538635254,13.766295433044434,2687492
1997-12-02,8.148392677307129,14.020913124084473,14.105785369873047,13.749320983886719,13.749320983886719,2579977
1997-12-03,8.335824012756348,14.343426704406738,14.343426704406738,14.105785369873047,14.105785369873047,3228009
1997-12-04,8.2075777053833,14.122758865356445,14.479223251342773,14.122758865356445,14.411325454711914,4538801
1997-12-05,8.414740562438965,14.479223251342773,14.615018844604492,14.020913124084473,14.054861068725586,3578536
1997-12-08,8.143364906311035,13.936039924621582,14.32645320892334,13.902091026306152,14.32645320892334,4729161
1997-12-09,8.044175148010254,13.766295433044434,14.156707763671875,13.613525390625,13.902091026306152,3405114
1997-12-10,8.222715377807617,14.071836471557617,14.071836471557617,13.800244331359863,13.834193229675293,3245315
1997-12-11,8.064016342163086,13.800244331359863,14.037886619567871,13.783269882202148,14.020913124084473,1807494
1997-12-12,8.014418601989746,13.715372085571289,14.088809967041016,13.698397636413574,13.919066429138184,2588078
1997-12-15,8.083853721618652,13.834193229675293,13.902091026306152,13.732346534729004,13.732346534729004,2632262
1997-12-16,8.073932647705078,13.817218780517578,14.020913124084473,13.766295433044434,13.885116577148438,1766255
1997-12-17,7.925146102905273,13.562602043151855,13.851167678833008,13.223112106323242,13.851167678833008,4796541
1997-12-18,7.776365280151367,13.307985305786133,13.562602043151855,13.274036407470703,13.562602043151855,3053114
1997-12-19,7.597827434539795,13.00244426727295,13.240086555480957,12.764801979064941,13.240086555480957,5675435
1997-12-22,7.568069934844971,12.951520919799805,13.070342063903809,12.8326997756958,13.053367614746094,2566722
1997-12-23,7.4490437507629395,12.74782657623291,12.985469818115234,12.74782657623291,12.985469818115234,2359057
1997-12-24,7.4490437507629395,12.74782657623291,12.96849536895752,12.74782657623291,12.86664867401123,1275445
1997-12-26,7.508561134338379,12.849674224853516,12.93454647064209,12.849674224853516,12.93454647064209,617471
1997-12-29,7.6771745681762695,13.138239860534668,13.172188758850098,12.985469818115234,13.00244426727295,1069989
1997-12-30,7.885476589202881,13.494704246520996,13.494704246520996,13.1552152633667,13.206137657165527,1132951
1997-12-31,8.004501342773438,13.698397636413574,13.868142127990723,13.477728843688965,13.528653144836426,2662086
1998-01-02,7.954905986785889,13.613525390625,13.715372085571289,13.494704246520996,13.715372085571289,2265903
1998-01-05,8.073932647705078,13.817218780517578,13.919066429138184,13.596550941467285,13.64747428894043,2078121
1998-01-06,8.044175148010254,13.766295433044434,13.868142127990723,13.698397636413574,13.868142127990723,2501551
1998-01-07,8.083853721618652,13.834193229675293,13.969988822937012,13.732346534729004,13.732346534729004,2577400
1998-01-08,8.093770027160645,13.851167678833008,14.003937721252441,13.851167678833008,13.919066429138184,2335124
1998-01-09,7.935065746307373,13.579575538635254,13.936039924621582,13.579575538635254,13.936039924621582,3549080
1998-01-12,7.7267680168151855,13.223112106323242,13.375883102416992,13.172188758850098,13.307985305786133,4888223
1998-01-13,7.7267680168151855,13.223112106323242,13.341934204101562,13.172188758850098,13.240086555480957,5640824
1998-01-14,7.915233135223389,13.545626640319824,13.596550941467285,13.206137657165527,13.223112106323242,3494218
1998-01-15,7.964822769165039,13.630499839782715,13.68142318725586,13.579575538635254,13.579575538635254,1919795
1998-01-16,8.252470970153809,14.122758865356445,14.122758865356445,13.698397636413574,13.698397636413574,2871592
1998-01-20,8.153282165527344,13.953015327453613,14.462248802185059,13.851167678833008,14.105785369873047,5743184
1998-01-21,8.004501342773438,13.698397636413574,13.969988822937012,13.664448738098145,13.817218780517578,3765581
1998-01-22,7.954905986785889,13.613525390625,13.698397636413574,13.545626640319824,13.579575538635254,2898470
1998-01-23,7.964822769165039,13.630499839782715,13.817218780517578,13.613525390625,13.68142318725586,1952196
1998-01-26,8.123527526855469,13.902091026306152,13.953015327453613,13.630499839782715,13.630499839782715,1948514
1998-01-27,8.10368824005127,13.868142127990723,13.969988822937012,13.749320983886719,13.783269882202148,3634870
1998-01-28,8.24255084991455,14.105785369873047,14.224605560302734,13.783269882202148,13.868142127990723,5314967
1998-01-29,8.440927505493164,14.445274353027344,14.767788887023926,14.224605560302734,14.25855541229248,6077877
1998-01-30,8.837682723999023,15.124253273010254,15.310972213745117,14.784764289855957,14.869635581970215,5567552
1998-02-02,9.145162582397461,15.65046215057373,15.68441104888916,15.344921112060547,15.344921112060547,4116108
1998-02-03,9.095572471618652,15.56558895111084,15.68441104888916,15.548615455627441,15.65046215057373,2011477
1998-02-04,8.936868667602539,15.293997764587402,15.56558895111084,15.226099967956543,15.56558895111084,2131510
1998-02-05,8.877359390258789,15.192151069641113,15.412818908691406,15.124253273010254,15.310972213745117,1280600
1998-02-06,8.926949501037598,15.277023315429688,15.395845413208008,15.107278823852539,15.260048866271973,1000031
1998-02-09,8.807924270629883,15.07332992553711,15.361895561218262,15.022405624389648,15.310972213745117,1232365
1998-02-10,8.976547241210938,15.361895561218262,15.412818908691406,15.03938102722168,15.175176620483398,1472432
1998-02-11,9.045975685119629,15.480716705322266,15.582564353942871,15.260048866271973,15.463743209838867,1086926
1998-02-12,8.907108306884766,15.243074417114258,15.480716705322266,15.090304374694824,15.480716705322266,2233501
1998-02-13,8.887276649475098,15.209124565124512,15.293997764587402,15.00543212890625,15.209124565124512,1736799
1998-02-17,8.917032241821289,15.260048866271973,15.412818908691406,15.07332992553711,15.412818908691406,3100980
1998-02-18,9.01622200012207,15.429794311523438,15.446767807006836,15.141227722167969,15.209124565124512,2539844
1998-02-19,8.917032241821289,15.260048866271973,15.6334867477417,15.243074417114258,15.395845413208008,2229083
1998-02-20,8.827764511108398,15.107278823852539,15.361895561218262,14.801737785339355,15.361895561218262,2258539
1998-02-23,8.956708908081055,15.327946662902832,15.344921112060547,15.00543212890625,15.141227722167969,1465804
1998-02-24,8.84760570526123,15.141227722167969,15.361895561218262,15.022405624389648,15.361895561218262,1337302
1998-02-25,8.926949501037598,15.277023315429688,15.53164005279541,15.090304374694824,15.141227722167969,1834741
1998-02-26,8.877359390258789,15.192151069641113,15.361895561218262,15.107278823852539,15.260048866271973,1060048
1998-02-27,8.986464500427246,15.378870010375977,15.395845413208008,15.056355476379395,15.124253273010254,1295696
1998-03-02,9.006302833557129,15.412818908691406,15.480716705322266,15.209124565124512,15.344921112060547,2418338
1998-03-03,9.006302833557129,15.412818908691406,15.582564353942871,15.310972213745117,15.463743209838867,2040933
1998-03-04,8.857523918151855,15.158202171325684,15.412818908691406,15.03938102722168,15.412818908691406,1175294
1998-03-05,8.67898178100586,14.852662086486816,15.090304374694824,14.767788887023926,15.00543212890625,2192631
1998-03-06,8.788084030151367,15.03938102722168,15.107278823852539,14.93753433227539,14.93753433227539,2230924
1998-03-09,8.926949501037598,15.277023315429688,15.446767807006836,14.97148323059082,14.97148323059082,2411342
1998-03-10,9.023064613342285,15.361895561218262,15.480716705322266,15.277023315429688,15.277023315429688,2873065
1998-03-11,9.272318840026855,15.786256790161133,15.786256790161133,15.090304374694824,15.243074417114258,3881933
1998-03-12,9.202528953552246,15.667435646057129,15.989951133728027,15.56558895111084,15.769283294677734,2580346
1998-03-13,9.092856407165527,15.480716705322266,15.820205688476562,15.277023315429688,15.71835994720459,2139242
1998-03-16,9.132740020751953,15.548615455627441,15.6334867477417,15.463743209838867,15.514665603637695,2342857
1998-03-17,9.25238037109375,15.75230884552002,15.75230884552002,15.514665603637695,15.548615455627441,2300882
1998-03-18,9.461758613586426,16.10877227783203,16.17667007446289,15.786256790161133,15.786256790161133,4736157
1998-03-19,9.481695175170898,16.14272117614746,16.29549217224121,16.057849884033203,16.27851676940918,2486455
1998-03-20,9.800743103027344,16.685903549194336,16.702878952026367,16.22759437561035,16.26154327392578,4645211
1998-03-23,9.691072463989258,16.49918556213379,16.906572341918945,16.4143123626709,16.906572341918945,4047623
1998-03-24,9.840619087219238,16.753801345825195,16.957496643066406,16.651954650878906,16.804725646972656,2662822
1998-03-25,9.75088882446289,16.601032257080078,16.872623443603516,16.448261260986328,16.838674545288086,2490137
1998-03-26,9.362051010131836,15.939027786254883,16.26154327392578,15.905078887939453,16.26154327392578,3374921
1998-03-27,9.25238037109375,15.75230884552002,16.057849884033203,15.71835994720459,16.02389907836914,2430856
1998-03-30,9.052976608276367,15.412818908691406,15.803232192993164,15.361895561218262,15.803232192993164,1923845
1998-03-31,8.79374885559082,14.97148323059082,15.310972213745117,14.733839988708496,15.310972213745117,6232153
1998-04-01,8.783780097961426,14.954507827758789,15.07332992553711,14.784764289855957,14.97148323059082,3722870
1998-04-02,8.753867149353027,14.903585433959961,15.00543212890625,14.767788887023926,14.97148323059082,4960390
1998-04-03,9.092856407165527,15.480716705322266,15.582564353942871,14.903585433959961,14.988456726074219,5471820
1998-04-06,8.873515129089355,15.107278823852539,15.446767807006836,15.07332992553711,15.412818908691406,2454053
1998-04-07,8.92336368560791,15.192151069641113,15.260048866271973,15.022405624389648,15.07332992553711,2055661
1998-04-08,8.943303108215332,15.226099967956543,15.582564353942871,15.141227722167969,15.412818908691406,2990520
1998-04-09,8.913393020629883,15.175176620483398,15.53164005279541,15.107278823852539,15.412818908691406,2185267
1998-04-13,8.753867149353027,14.903585433959961,15.175176620483398,14.835686683654785,15.175176620483398,4119790
1998-04-14,8.584373474121094,14.615018844604492,14.869635581970215,14.36040210723877,14.869635581970215,8010191
1998-04-15,8.45475959777832,14.3943510055542,14.564096450805664,14.25855541229248,14.564096450805664,10048546
1998-04-16,8.434815406799316,14.36040210723877,14.479223251342773,14.309478759765625,14.462248802185059,3844744
1998-04-17,8.554458618164062,14.564096450805664,14.581069946289062,14.122758865356445,14.428299903869629,5747602
1998-04-20,8.534524917602539,14.530146598815918,14.784764289855957,14.428299903869629,14.598045349121094,3958886
1998-04-21,8.544492721557617,14.547121047973633,14.682916641235352,14.3943510055542,14.631993293762207,3151424
1998-04-22,8.45475959777832,14.3943510055542,14.581069946289062,14.3943510055542,14.547121047973633,3491641
1998-04-23,8.514583587646484,14.496197700500488,14.631993293762207,14.428299903869629,14.462248802185059,5431318
1998-04-24,8.694046020507812,14.801737785339355,14.92055892944336,14.462248802185059,14.564096450805664,7919246
1998-04-27,8.434815406799316,14.36040210723877,14.784764289855957,14.29250431060791,14.784764289855957,3610201
1998-04-28,8.544492721557617,14.547121047973633,14.699891090393066,14.411325454711914,14.496197700500488,5292139
1998-04-29,8.414877891540527,14.32645320892334,14.581069946289062,14.32645320892334,14.581069946289062,2929767
1998-04-30,8.843600273132324,15.056355476379395,15.209124565124512,14.733839988708496,14.733839988708496,5086315
1998-05-01,8.873515129089355,15.107278823852539,15.175176620483398,14.97148323059082,15.107278823852539,3168729
1998-05-04,8.704019546508789,14.818713188171387,15.327946662902832,14.767788887023926,15.310972213745117,2137769
1998-05-05,8.664135932922363,14.750815391540527,14.818713188171387,14.665942192077637,14.818713188171387,1425670
1998-05-06,8.554458618164062,14.564096450805664,14.869635581970215,14.564096450805664,14.869635581970215,2249334
1998-05-07,8.684077262878418,14.784764289855957,14.835686683654785,14.3943510055542,14.581069946289062,2480932
1998-05-08,8.783780097961426,14.954507827758789,15.107278823852539,14.750815391540527,14.767788887023926,2721734
1998-05-11,8.843600273132324,15.056355476379395,15.124253273010254,14.97148323059082,15.022405624389648,1372281
1998-05-12,8.83363151550293,15.03938102722168,15.260048866271973,15.03938102722168,15.07332992553711,2642203
1998-05-13,8.883480072021484,15.124253273010254,15.175176620483398,14.988456726074219,14.988456726074219,2367894
1998-05-14,8.893451690673828,15.141227722167969,15.412818908691406,15.07332992553711,15.090304374694824,2127460
1998-05-15,8.763836860656738,14.92055892944336,15.361895561218262,14.750815391540527,15.158202171325684,2186740
1998-05-18,8.92336368560791,15.192151069641113,15.310972213745117,14.886610984802246,14.93753433227539,1975393
1998-05-19,9.023064613342285,15.361895561218262,15.514665603637695,15.124253273010254,15.209124565124512,2177167
1998-05-20,9.24240779876709,15.735334396362305,15.735334396362305,15.344921112060547,15.463743209838867,1993435
1998-05-21,9.25238037109375,15.75230884552002,16.17667007446289,15.68441104888916,15.68441104888916,6430245
1998-05-22,9.212502479553223,15.68441104888916,15.854154586791992,15.59953784942627,15.854154586791992,1600565
1998-05-26,8.943303108215332,15.226099967956543,15.71835994720459,15.226099967956543,15.71835994720459,1259612
1998-05-27,9.013093948364258,15.344921112060547,15.412818908691406,14.97148323059082,15.226099967956543,1982389
1998-05-28,9.062945365905762,15.429794311523438,15.548615455627441,15.344921112060547,15.446767807006836,1454758
1998-05-29,9.122766494750977,15.53164005279541,15.6165132522583,15.412818908691406,15.548615455627441,2063393
1998-06-01,9.052976608276367,15.412818908691406,15.6334867477417,15.310972213745117,15.49769115447998,2072230
1998-06-02,8.753867149353027,14.903585433959961,15.310972213745117,14.682916641235352,15.107278823852539,10743708
1998-06-03,8.664135932922363,14.750815391540527,14.93753433227539,14.733839988708496,14.733839988708496,2605751
1998-06-04,8.584373474121094,14.615018844604492,14.801737785339355,14.411325454711914,14.682916641235352,4886750
1998-06-05,8.813690185546875,15.00543212890625,15.00543212890625,14.598045349121094,14.665942192077637,6738428
1998-06-08,8.773809432983398,14.93753433227539,15.107278823852539,14.903585433959961,15.107278823852539,2221351
1998-06-09,8.79024600982666,14.886610984802246,14.988456726074219,14.801737785339355,14.97148323059082,3866100
1998-06-10,8.83033561706543,14.954507827758789,15.03938102722168,14.869635581970215,14.869635581970215,5292507
1998-06-11,8.740128517150879,14.801737785339355,15.107278823852539,14.750815391540527,14.903585433959961,2681601
1998-06-12,8.649924278259277,14.648967742919922,14.801737785339355,14.530146598815918,14.767788887023926,4572676
1998-06-15,8.339207649230957,14.122758865356445,14.598045349121094,14.122758865356445,14.428299903869629,5126817
1998-06-16,8.37929630279541,14.190656661987305,14.3943510055542,14.088809967041016,14.3943510055542,4742048
1998-06-17,8.529646873474121,14.445274353027344,14.479223251342773,14.224605560302734,14.25855541229248,2710688
1998-06-18,8.469504356384277,14.343426704406738,14.496197700500488,14.29250431060791,14.411325454711914,1975393
1998-06-19,8.429415702819824,14.275529861450195,14.411325454711914,14.156707763671875,14.411325454711914,3015190
1998-06-22,8.36927604675293,14.173683166503906,14.32645320892334,14.122758865356445,14.241580963134766,1938205
1998-06-23,8.429415702819824,14.275529861450195,14.32645320892334,14.122758865356445,14.275529861450195,3017399
1998-06-24,8.499580383300781,14.3943510055542,14.411325454711914,13.986964225769043,14.207632064819336,4575990
1998-06-25,8.499580383300781,14.3943510055542,14.699891090393066,14.224605560302734,14.428299903869629,5321226
1998-06-26,8.579764366149902,14.530146598815918,14.615018844604492,14.479223251342773,14.479223251342773,2451476
1998-06-29,8.649924278259277,14.648967742919922,14.835686683654785,14.615018844604492,14.665942192077637,3997916
1998-06-30,8.629878044128418,14.615018844604492,14.801737785339355,14.530146598815918,14.716865539550781,3878987
1998-07-01,8.700037956237793,14.733839988708496,14.801737785339355,14.648967742919922,14.665942192077637,2025100
1998-07-02,8.720083236694336,14.767788887023926,14.801737785339355,14.665942192077637,14.733839988708496,1658005
1998-07-06,8.75015640258789,14.818713188171387,14.886610984802246,14.733839988708496,14.801737785339355,2127828
1998-07-07,8.679993629455566,14.699891090393066,14.97148323059082,14.665942192077637,14.869635581970215,3171307
1998-07-08,8.75015640258789,14.818713188171387,14.835686683654785,14.343426704406738,14.699891090393066,2992361
1998-07-09,8.880451202392578,15.03938102722168,15.209124565124512,14.869635581970215,14.903585433959961,3791355
1998-07-10,8.760176658630371,14.835686683654785,15.166688919067383,14.767788887023926,15.03938102722168,3542820
1998-07-13,8.629878044128418,14.615018844604492,14.835686683654785,14.581069946289062,14.835686683654785,2906203
1998-07-14,8.810298919677734,14.92055892944336,15.07332992553711,14.615018844604492,14.631993293762207,2850604
1998-07-15,8.870429039001465,15.022405624389648,15.124253273010254,14.93753433227539,14.97148323059082,1990857
1998-07-16,9.020772933959961,15.277023315429688,15.277023315429688,14.988456726074219,15.022405624389648,2075912
1998-07-17,9.080917358398438,15.378870010375977,15.446767807006836,15.192151069641113,15.277023315429688,2030255
1998-07-20,8.960639953613281,15.175176620483398,15.463743209838867,15.124253273010254,15.446767807006836,1469118
1998-07-21,8.840360641479492,14.97148323059082,15.226099967956543,14.903585433959961,15.226099967956543,1364549
1998-07-22,8.920544624328613,15.107278823852539,15.175176620483398,14.93753433227539,15.022405624389648,1822222
1998-07-23,9.090936660766602,15.395845413208008,16.21061897277832,15.344921112060547,15.378870010375977,10537148
1998-07-24,9.421704292297363,15.956002235412598,16.091798782348633,15.786256790161133,15.922053337097168,6916637
1998-07-27,9.381609916687012,15.888104438781738,16.634981155395508,15.854154586791992,15.972976684570312,6673625
1998-07-28,9.261333465576172,15.68441104888916,15.888104438781738,15.56558895111084,15.871129989624023,5390080
1998-07-29,9.592095375061035,16.24456787109375,16.27851676940918,15.786256790161133,15.989951133728027,5709677
1998-07-30,9.602116584777832,16.26154327392578,16.32944107055664,16.125747680664062,16.27851676940918,3753063
1998-07-31,9.58206844329834,16.22759437561035,16.53313446044922,16.057849884033203,16.27851676940918,3147005
1998-08-03,9.552000045776367,16.17667007446289,16.29549217224121,16.057849884033203,16.29549217224121,4109848
1998-08-04,9.311450958251953,15.769283294677734,16.24456787109375,15.56558895111084,16.159696578979492,3151792
1998-08-05,9.401653289794922,15.922053337097168,16.159696578979492,15.667435646057129,15.71835994720459,4887487
1998-08-06,9.181150436401367,15.548615455627441,15.854154586791992,15.480716705322266,15.75230884552002,4340342
1998-08-07,9.281377792358398,15.71835994720459,15.786256790161133,15.395845413208008,15.548615455627441,2867173
1998-08-10,9.211215019226074,15.59953784942627,15.956002235412598,15.446767807006836,15.582564353942871,3372344
1998-08-11,9.281377792358398,15.71835994720459,15.75230884552002,15.00543212890625,15.277023315429688,2890738
1998-08-12,9.381609916687012,15.888104438781738,15.888104438781738,15.6165132522583,15.854154586791992,3846954
1998-08-13,9.311450958251953,15.769283294677734,16.091798782348633,15.75230884552002,15.888104438781738,2068179
1998-08-14,9.14105224609375,15.480716705322266,15.871129989624023,15.378870010375977,15.803232192993164,2283576
1998-08-17,9.121007919311523,15.446767807006836,15.548615455627441,15.310972213745117,15.480716705322266,1944096
1998-08-18,9.171122550964355,15.53164005279541,15.56558895111084,15.277023315429688,15.446767807006836,2682337
1998-08-19,9.401653289794922,15.922053337097168,16.02389907836914,15.293997764587402,15.53164005279541,3638921
1998-08-20,9.772507667541504,16.55010986328125,16.56708335876465,15.922053337097168,15.939027786254883,6678780
1998-08-21,9.4617919921875,16.02389907836914,16.53313446044922,15.59953784942627,16.53313446044922,5785158
1998-08-24,9.4617919921875,16.02389907836914,16.34641456604004,15.956002235412598,15.989951133728027,2285786
1998-08-25,9.65223217010498,16.34641456604004,16.43128776550293,16.057849884033203,16.057849884033203,2034305
1998-08-26,9.772507667541504,16.55010986328125,16.668930053710938,16.17667007446289,16.31246566772461,3165784
1998-08-27,9.391633987426758,15.905078887939453,16.38036346435547,15.888104438781738,16.363388061523438,2463626
1998-08-28,9.030801773071289,15.293997764587402,15.989951133728027,14.93753433227539,15.956002235412598,2476513
1998-08-31,8.51961898803711,14.428299903869629,15.277023315429688,14.428299903869629,15.260048866271973,3697096
1998-09-01,8.960639953613281,15.175176620483398,15.378870010375977,14.224605560302734,14.479223251342773,5700472
1998-09-02,9.080917358398438,15.378870010375977,15.480716705322266,14.93753433227539,15.107278823852539,4324877
1998-09-03,9.050847053527832,15.327946662902832,15.548615455627441,15.03938102722168,15.243074417114258,4569730
1998-09-04,9.14105224609375,15.480716705322266,15.75230884552002,15.310972213745117,15.378870010375977,4590718
1998-09-08,9.510177612304688,16.02389907836914,16.057849884033203,15.667435646057129,15.75230884552002,3907338
1998-09-09,9.510177612304688,16.02389907836914,16.3973388671875,15.989951133728027,16.02389907836914,4819370
1998-09-10,9.419509887695312,15.871129989624023,15.989951133728027,15.75230884552002,15.854154586791992,3068579
1998-09-11,9.590774536132812,16.159696578979492,16.159696578979492,15.75230884552002,15.871129989624023,2366053
1998-09-14,9.953451156616211,16.770776748657227,16.889598846435547,16.091798782348633,16.091798782348633,4068242
1998-09-15,9.80233383178711,16.516159057617188,16.634981155395508,16.363388061523438,16.49918556213379,2669082
1998-09-16,9.822482109069824,16.55010986328125,16.58405876159668,16.02389907836914,16.24456787109375,5587067
1998-09-17,9.348989486694336,15.75230884552002,16.159696578979492,15.65046215057373,16.125747680664062,4290635
1998-09-18,9.298619270324707,15.667435646057129,15.68441104888916,15.480716705322266,15.548615455627441,3878619
1998-09-21,9.338912010192871,15.735334396362305,15.735334396362305,15.378870010375977,15.429794311523438,2517752
1998-09-22,9.459806442260742,15.939027786254883,16.125747680664062,15.75230884552002,15.75230884552002,1141420
1998-09-23,9.580697059631348,16.14272117614746,16.22759437561035,15.735334396362305,15.939027786254883,2087326
1998-09-24,9.711663246154785,16.363388061523438,16.49918556213379,16.0748233795166,16.0748233795166,3323741
1998-09-25,9.64114761352539,16.24456787109375,16.31246566772461,16.14272117614746,16.29549217224121,3188980
1998-09-28,9.711663246154785,16.363388061523438,16.3973388671875,16.159696578979492,16.193645477294922,2685651
1998-09-29,10.195228576660156,17.178163528442383,17.246061325073242,16.22759437561035,16.3973388671875,4620542
1998-09-30,9.62099838256836,16.21061897277832,16.940521240234375,15.888104438781738,16.634981155395508,5282934
1998-10-01,9.258317947387695,15.59953784942627,16.24456787109375,15.310972213745117,16.091798782348633,6046212
1998-10-02,9.308693885803223,15.68441104888916,15.803232192993164,15.514665603637695,15.701384544372559,2582923
1998-10-05,9.459806442260742,15.939027786254883,16.006925582885742,15.548615455627441,15.68441104888916,2303827
1998-10-06,9.419509887695312,15.871129989624023,16.057849884033203,15.769283294677734,15.905078887939453,2542421
1998-10-07,9.348989486694336,15.75230884552002,16.10877227783203,15.582564353942871,15.888104438781738,2558254
1998-10-08,9.500103950500488,16.006925582885742,16.02389907836914,15.378870010375977,15.514665603637695,5212607
1998-10-09,9.409430503845215,15.854154586791992,16.14272117614746,15.68441104888916,15.956002235412598,2271058
1998-10-12,9.590774536132812,16.159696578979492,16.32944107055664,15.820205688476562,15.820205688476562,2191895
1998-10-13,9.540400505065918,16.0748233795166,16.24456787109375,15.888104438781738,16.21061897277832,1954406
1998-10-14,9.610925674438477,16.193645477294922,16.31246566772461,16.0748233795166,16.125747680664062,1610507
1998-10-15,9.87285327911377,16.634981155395508,16.702878952026367,16.006925582885742,16.17667007446289,5047654
1998-10-16,9.983670234680176,16.821699142456055,17.076316833496094,16.49918556213379,16.974470138549805,2643676
1998-10-19,10.255678176879883,17.280010223388672,17.449756622314453,16.821699142456055,16.821699142456055,3374921
1998-10-20,10.45716381072998,17.61949920654297,17.92504119873047,17.280010223388672,17.483705520629883,5189411
1998-10-21,10.45716381072998,17.61949920654297,17.75529670715332,17.51765251159668,17.6534481048584,4127522
1998-10-22,9.187797546386719,15.480716705322266,17.67042350769043,15.480716705322266,17.67042350769043,19143454
1998-10-23,9.49002742767334,15.989951133728027,16.22759437561035,15.68441104888916,16.02389907836914,11270970
1998-10-26,9.268396377563477,15.6165132522583,15.735334396362305,15.395845413208008,15.68441104888916,5764539
1998-10-27,9.298619270324707,15.667435646057129,15.854154586791992,15.514665603637695,15.803232192993164,3501582
1998-10-28,9.3590669631958,15.769283294677734,15.888104438781738,15.68441104888916,15.701384544372559,4289530
1998-10-29,9.610925674438477,16.193645477294922,16.193645477294922,15.75230884552002,15.888104438781738,5163637
1998-10-30,9.661294937133789,16.27851676940918,16.363388061523438,16.0748233795166,16.26154327392578,4191589
1998-11-02,9.62099838256836,16.21061897277832,16.29549217224121,16.10877227783203,16.27851676940918,4999051
1998-11-03,9.63106918334961,16.22759437561035,16.26154327392578,16.10877227783203,16.21061897277832,2641835
1998-11-04,9.62099838256836,16.21061897277832,16.29549217224121,16.091798782348633,16.22759437561035,3700410
1998-11-05,9.469884872436523,15.956002235412598,16.26154327392578,15.75230884552002,16.02389907836914,3496795
1998-11-06,9.510177612304688,16.02389907836914,16.193645477294922,15.956002235412598,15.956002235412598,2176798
1998-11-09,9.338912010192871,15.735334396362305,16.091798782348633,15.71835994720459,16.057849884033203,3098403
1998-11-10,9.500103950500488,16.006925582885742,16.159696578979492,15.71835994720459,15.735334396362305,2786169
1998-11-11,9.479952812194824,15.972976684570312,16.3973388671875,15.972976684570312,16.159696578979492,2607592
1998-11-12,9.590774536132812,16.159696578979492,16.24456787109375,15.922053337097168,15.922053337097168,1702925
1998-11-13,9.882929801940918,16.651954650878906,16.719852447509766,16.125747680664062,16.159696578979492,6858830
1998-11-16,9.842631340026855,16.58405876159668,17.042367935180664,16.56708335876465,16.787750244140625,2023259
1998-11-17,9.993749618530273,16.838674545288086,17.076316833496094,16.38036346435547,16.53313446044922,1941150
1998-11-18,10.134790420532227,17.076316833496094,17.093292236328125,16.55010986328125,16.702878952026367,2797215
1998-11-19,10.023970603942871,16.889598846435547,17.025394439697266,16.753801345825195,17.008419036865234,1913904
1998-11-20,10.225455284118652,17.229087829589844,17.381858825683594,16.991445541381836,17.059343338012695,2892579
1998-11-23,10.406795501708984,17.53462791442871,17.53462791442871,17.059343338012695,17.144214630126953,5003470
1998-11-24,10.32619857788086,17.398832321166992,17.636474609375,17.212112426757812,17.212112426757812,3186403
1998-11-25,10.527685165405273,17.73832130432129,17.82319450378418,17.398832321166992,17.432781219482422,2269217
1998-11-27,10.406795501708984,17.53462791442871,17.68739891052246,17.449756622314453,17.6534481048584,628886
1998-11-30,10.245597839355469,17.263036727905273,17.50067901611328,17.178163528442383,17.449756622314453,2978002
1998-12-01,10.638507843017578,17.92504119873047,17.92504119873047,17.161190032958984,17.161190032958984,2751559
1998-12-02,10.56797981262207,17.80621910095215,17.80621910095215,17.449756622314453,17.6534481048584,2574086
1998-12-03,10.074341773986816,16.974470138549805,17.70437240600586,16.889598846435547,17.6534481048584,1983125
1998-12-04,10.235527992248535,17.246061325073242,17.347909927368164,16.804725646972656,16.974470138549805,2694488
1998-12-07,10.124715805053711,17.059343338012695,17.195138931274414,16.872623443603516,17.178163528442383,2473568
1998-12-08,10.114639282226562,17.042367935180664,17.415807723999023,16.838674545288086,16.957496643066406,2019945
1998-12-09,10.222491264343262,17.144214630126953,17.229087829589844,16.906572341918945,16.957496643066406,1937468
1998-12-10,10.212371826171875,17.127241134643555,17.161190032958984,16.940521240234375,17.076316833496094,2398455
1998-12-11,10.212371826171875,17.127241134643555,17.161190032958984,16.991445541381836,17.076316833496094,1737904
1998-12-14,10.131401062011719,16.991445541381836,17.161190032958984,16.872623443603516,17.059343338012695,3502318
1998-12-15,10.182008743286133,17.076316833496094,17.127241134643555,16.838674545288086,16.923547744750977,2686755
1998-12-16,10.060550689697266,16.872623443603516,16.974470138549805,16.753801345825195,16.974470138549805,2990520
1998-12-17,10.17188549041748,17.059343338012695,17.076316833496094,16.736827850341797,16.838674545288086,2141083
1998-12-18,10.30346393585205,17.280010223388672,17.415807723999023,16.991445541381836,16.991445541381836,3662485
1998-12-21,10.293336868286133,17.263036727905273,17.415807723999023,17.025394439697266,17.110265731811523,2313032
1998-12-22,10.262977600097656,17.212112426757812,17.347909927368164,16.974470138549805,17.144214630126953,2082171
1998-12-23,10.404674530029297,17.449756622314453,17.46673011779785,17.212112426757812,17.330934524536133,2357216
1998-12-24,10.354073524475098,17.364883422851562,17.50067901611328,17.330934524536133,17.449756622314453,865270
1998-12-28,10.364192008972168,17.381858825683594,17.483705520629883,17.3139591217041,17.381858825683594,3539507
1998-12-29,10.354073524475098,17.364883422851562,17.381858825683594,17.246061325073242,17.330934524536133,1706975
1998-12-30,10.313582420349121,17.296985626220703,17.364883422851562,17.212112426757812,17.364883422851562,1311897
1998-12-31,10.414796829223633,17.46673011779785,17.46673011779785,17.246061325073242,17.296985626220703,1931209
1999-01-04,10.232611656188965,17.161190032958984,17.55160140991211,16.974470138549805,17.449756622314453,3168361
1999-01-05,10.212371826171875,17.127241134643555,17.364883422851562,17.059343338012695,17.195138931274414,2962169
1999-01-06,10.819645881652832,18.145708084106445,18.179658889770508,17.381858825683594,17.381858825683594,4692709
1999-01-07,10.617219924926758,17.80621910095215,18.196632385253906,17.60252571105957,18.077810287475586,3714033
1999-01-08,10.607100486755371,17.78924560546875,18.162683486938477,17.77227020263672,17.874116897583008,1493051
1999-01-11,10.57673168182373,17.73832130432129,17.85714340209961,17.6534481048584,17.6534481048584,2235342
1999-01-12,10.57673168182373,17.73832130432129,17.874116897583008,17.68739891052246,17.72134780883789,1622657
1999-01-13,10.43503475189209,17.50067901611328,17.68739891052246,17.347909927368164,17.381858825683594,3264093
1999-01-14,10.212371826171875,17.127241134643555,17.449756622314453,16.923547744750977,17.432781219482422,4403304
1999-01-15,10.384432792663574,17.415807723999023,17.432781219482422,17.127241134643555,17.178163528442383,3236846
1999-01-19,10.222491264343262,17.144214630126953,17.483705520629883,17.076316833496094,17.347909927368164,2781015
1999-01-20,10.222491264343262,17.144214630126953,17.347909927368164,17.076316833496094,17.110265731811523,2598387
1999-01-21,10.242728233337402,17.178163528442383,17.347909927368164,17.042367935180664,17.178163528442383,3814552
1999-01-22,10.131401062011719,16.991445541381836,17.144214630126953,16.838674545288086,17.110265731811523,6288488
1999-01-25,10.455279350280762,17.53462791442871,17.6534481048584,16.770776748657227,17.008419036865234,4358383
1999-01-26,10.495766639709473,17.60252571105957,17.77227020263672,17.449756622314453,17.58555030822754,2927190
1999-01-27,10.79940414428711,18.111759185791016,18.298479080200195,17.6534481048584,17.6534481048584,3042805
1999-01-28,11.305462837219238,18.96048355102539,19.11325454711914,18.077810287475586,18.111759185791016,4266333
1999-01-29,11.487655639648438,19.266023635864258,19.31694793701172,18.99443244934082,19.07930564880371,3765213
1999-02-01,11.497771263122559,19.282997131347656,19.35089683532715,19.02838134765625,19.232074737548828,4111321
1999-02-02,11.285229682922363,18.92653465270996,19.31694793701172,18.8756103515625,19.249048233032227,3945999
1999-02-03,11.467411041259766,19.232074737548828,19.266023635864258,18.90955924987793,18.90955924987793,5638615
1999-02-04,11.214380264282227,18.80771255493164,19.11325454711914,18.70586585998535,19.09627914428711,3124177
1999-02-05,11.295347213745117,18.94350814819336,19.266023635864258,18.654943466186523,18.756790161132812,2983893
1999-02-08,11.234615325927734,18.84166145324707,18.96048355102539,18.73981475830078,18.73981475830078,7819095
1999-02-09,10.97146224975586,18.400325775146484,18.80771255493164,18.400325775146484,18.77376365661621,2547576
1999-02-10,10.991708755493164,18.434274673461914,18.553096771240234,18.213607788085938,18.400325775146484,1820749
1999-02-11,10.97146224975586,18.400325775146484,18.620994567871094,18.196632385253906,18.196632385253906,1515511
1999-02-12,10.961341857910156,18.383350372314453,18.468223571777344,18.179658889770508,18.349401473999023,2194472
1999-02-16,11.103042602539062,18.620994567871094,18.70586585998535,18.332427978515625,18.349401473999023,1805285
1999-02-17,10.79940414428711,18.111759185791016,18.620994567871094,18.077810287475586,18.553096771240234,2021418
1999-02-18,10.819645881652832,18.145708084106445,18.332427978515625,18.060836791992188,18.162683486938477,2824830
1999-02-19,10.900615692138672,18.281505584716797,18.315454483032227,17.92504119873047,18.077810287475586,2135192
1999-02-22,11.24474048614502,18.8586368560791,18.8586368560791,18.213607788085938,18.213607788085938,1997117
1999-02-23,11.103042602539062,18.620994567871094,18.90955924987793,18.298479080200195,18.790739059448242,2431225
1999-02-24,11.345948219299316,19.02838134765625,19.14720344543457,18.90955924987793,19.14720344543457,2940445
1999-02-25,11.254861831665039,18.8756103515625,18.96048355102539,18.587045669555664,18.96048355102539,2740881
1999-02-26,11.396564483642578,19.11325454711914,19.11325454711914,18.73981475830078,18.8756103515625,2479459
1999-03-01,11.335830688476562,19.01140785217285,19.18115234375,18.587045669555664,18.97745704650879,2570404
1999-03-02,11.123284339904785,18.654943466186523,19.14720344543457,18.604019165039062,19.14720344543457,2427911
1999-03-03,11.254861831665039,18.8756103515625,18.96048355102539,18.637968063354492,18.637968063354492,1614557
1999-03-04,11.497771263122559,19.282997131347656,19.282997131347656,18.756790161132812,18.90955924987793,2255225
1999-03-05,11.862140655517578,19.894079208374023,20.0977725982666,19.656436920166016,19.690385818481445,3205181
1999-03-08,11.821651458740234,19.826181411743164,19.894079208374023,19.503665924072266,19.894079208374023,2781751
1999-03-09,11.639472961425781,19.520641326904297,19.860130310058594,19.520641326904297,19.724334716796875,1447762
1999-03-10,11.869543075561523,19.826181411743164,19.826181411743164,19.299972534179688,19.367870330810547,5607686
1999-03-11,12.123604774475098,20.25054359436035,20.4372615814209,19.741308212280273,19.826181411743164,4037313
1999-03-12,12.255717277526855,20.471210479736328,20.64095687866211,20.148696899414062,20.31844139099121,4734684
1999-03-15,12.347168922424316,20.623981475830078,20.64095687866211,20.23356819152832,20.301467895507812,3568963
1999-03-16,12.021979331970215,20.08079719543457,20.64095687866211,19.928028106689453,20.505159378051758,3447825
1999-03-17,11.300456047058105,18.8756103515625,19.826181411743164,18.73981475830078,19.690385818481445,8148634
1999-03-18,11.544349670410156,19.282997131347656,19.282997131347656,18.77376365661621,18.89258575439453,6583416
1999-03-19,11.249646186828613,18.790739059448242,19.282997131347656,18.73981475830078,19.215099334716797,3940845
1999-03-22,10.893962860107422,18.196632385253906,18.722841262817383,17.9589900970459,18.722841262817383,3897397
1999-03-23,10.578935623168945,17.67042350769043,18.196632385253906,17.58555030822754,18.196632385253906,6280756
1999-03-24,11.036236763000488,18.434274673461914,18.570070266723633,17.72134780883789,17.73832130432129,3412846
1999-03-25,10.883809089660645,18.179658889770508,18.8756103515625,18.145708084106445,18.417299270629883,4379739
1999-03-26,10.80250358581543,18.043861389160156,18.111759185791016,17.840167999267578,18.111759185791016,2887793
1999-03-29,10.904130935668945,18.213607788085938,18.451248168945312,18.060836791992188,18.128734588623047,1907276
1999-03-30,10.721211433410645,17.908065795898438,18.196632385253906,17.85714340209961,18.196632385253906,3035073
1999-03-31,10.731369972229004,17.92504119873047,18.077810287475586,17.78924560546875,17.85714340209961,3678318
1999-04-01,10.782182693481445,18.009912490844727,18.196632385253906,17.992938995361328,17.992938995361328,1779142
1999-04-05,10.904130935668945,18.213607788085938,18.400325775146484,18.060836791992188,18.077810287475586,1956247
1999-04-06,10.772016525268555,17.992938995361328,18.366376876831055,17.992938995361328,18.213607788085938,1768465
1999-04-07,10.751694679260254,17.9589900970459,18.060836791992188,17.89109230041504,17.942014694213867,3020713
1999-04-08,10.589098930358887,17.68739891052246,18.230581283569336,17.68739891052246,18.026887893676758,3442670
1999-04-09,10.782182693481445,18.009912490844727,18.094785690307617,17.73832130432129,17.73832130432129,2000431
1999-04-12,10.690713882446289,17.85714340209961,18.196632385253906,17.78924560546875,17.9589900970459,2327392
1999-04-13,10.924454689025879,18.247556686401367,18.264530181884766,17.85714340209961,17.85714340209961,4813479
1999-04-14,10.792342185974121,18.026887893676758,18.468223571777344,18.009912490844727,18.315454483032227,3110185
1999-04-15,10.36552619934082,17.3139591217041,18.060836791992188,16.974470138549805,17.92504119873047,9056615
1999-04-16,9.999686241149902,16.702878952026367,17.415807723999023,16.634981155395508,17.347909927368164,6474429
1999-04-19,9.918387413024902,16.56708335876465,17.076316833496094,16.363388061523438,16.634981155395508,4895955
1999-04-20,9.908222198486328,16.55010986328125,16.804725646972656,16.3973388671875,16.49918556213379,3519624
1999-04-21,9.969200134277344,16.651954650878906,16.923547744750977,16.363388061523438,16.482210159301758,2798688
1999-04-22,11.056559562683105,18.468223571777344,18.570070266723633,16.804725646972656,16.838674545288086,9119578
1999-04-23,10.975260734558105,18.332427978515625,18.688892364501953,18.230581283569336,18.434274673461914,3960727
1999-04-26,10.985424995422363,18.349401473999023,18.553096771240234,18.230581283569336,18.400325775146484,2589551
1999-04-27,10.873642921447754,18.162683486938477,18.434274673461914,18.111759185791016,18.400325775146484,1918690
1999-04-28,10.650073051452637,17.78924560546875,18.281505584716797,17.75529670715332,18.162683486938477,2392564
1999-04-29,10.385851860046387,17.347909927368164,17.82319450378418,17.229087829589844,17.78924560546875,2202941
1999-04-30,10.24357795715332,17.110265731811523,17.415807723999023,16.55010986328125,17.381858825683594,2505969
1999-05-03,10.345202445983887,17.280010223388672,17.280010223388672,17.025394439697266,17.110265731811523,4418032
1999-05-04,10.558610916137695,17.636474609375,17.73832130432129,17.212112426757812,17.347909927368164,3356143
1999-05-05,10.589098930358887,17.68739891052246,17.992938995361328,17.46673011779785,17.6534481048584,3943054
1999-05-06,10.80250358581543,18.043861389160156,18.111759185791016,17.51765251159668,17.6534481048584,1632967
1999-05-07,10.67039680480957,17.82319450378418,18.043861389160156,17.61949920654297,18.043861389160156,1460649
1999-05-10,10.507796287536621,17.55160140991211,17.78924560546875,17.432781219482422,17.75529670715332,2052715
1999-05-11,10.690713882446289,17.85714340209961,17.92504119873047,17.415807723999023,17.51765251159668,1590624
1999-05-12,10.832989692687988,18.094785690307617,18.094785690307617,17.46673011779785,17.82319450378418,2553835
1999-05-13,11.15818977355957,18.637968063354492,18.70586585998535,17.92504119873047,18.128734588623047,3595105
1999-05-14,10.650073051452637,17.78924560546875,18.485197067260742,17.78924560546875,18.400325775146484,1948883
1999-05-17,10.467153549194336,17.483705520629883,17.82319450378418,17.483705520629883,17.82319450378418,1992698
1999-05-18,10.355366706848145,17.296985626220703,17.56857681274414,17.280010223388672,17.55160140991211,2141451
1999-05-19,10.436661720275879,17.432781219482422,17.58555030822754,17.280010223388672,17.364883422851562,1437821
1999-05-20,10.456986427307129,17.46673011779785,17.75529670715332,17.415807723999023,17.50067901611328,1621553
1999-05-21,10.32487964630127,17.246061325073242,17.55160140991211,17.144214630126953,17.381858825683594,2859441
1999-05-24,10.121630668640137,16.906572341918945,17.161190032958984,16.516159057617188,17.110265731811523,4289162
1999-05-25,10.080982208251953,16.838674545288086,17.415807723999023,16.838674545288086,16.838674545288086,5087419
1999-05-26,10.314718246459961,17.229087829589844,17.364883422851562,16.906572341918945,16.940521240234375,4669881
1999-05-27,10.32487964630127,17.246061325073242,17.3139591217041,17.076316833496094,17.161190032958984,2527325
1999-05-28,10.497635841369629,17.53462791442871,17.78924560546875,17.212112426757812,17.212112426757812,3660276
1999-06-01,10.629745483398438,17.75529670715332,17.78924560546875,17.415807723999023,17.53462791442871,2475409
1999-06-02,10.751694679260254,17.9589900970459,18.043861389160156,17.70437240600586,17.70437240600586,3077416
1999-06-03,10.548444747924805,17.61949920654297,18.009912490844727,17.60252571105957,17.9589900970459,1902489
1999-06-04,10.893962860107422,18.196632385253906,18.264530181884766,17.58555030822754,17.58555030822754,3639657
1999-06-07,10.904130935668945,18.213607788085938,18.315454483032227,17.942014694213867,18.128734588623047,2117150
1999-06-08,11.015913009643555,18.400325775146484,18.451248168945312,18.094785690307617,18.145708084106445,3434201
1999-06-09,10.940794944763184,18.196632385253906,18.536121368408203,18.179658889770508,18.332427978515625,1292382
1999-06-10,10.77750301361084,17.92504119873047,18.434274673461914,17.85714340209961,18.162683486938477,3831857
1999-06-11,10.675443649291992,17.75529670715332,18.315454483032227,17.75529670715332,17.92504119873047,2630789
1999-06-14,10.552970886230469,17.55160140991211,18.026887893676758,17.50067901611328,17.9589900970459,2303827
1999-06-15,10.308030128479004,17.144214630126953,17.50067901611328,17.144214630126953,17.483705520629883,2729835
1999-06-16,10.267203330993652,17.076316833496094,17.161190032958984,16.957496643066406,17.110265731811523,3890033
1999-06-17,10.287613868713379,17.110265731811523,17.263036727905273,16.923547744750977,17.093292236328125,3547975
1999-06-18,10.287613868713379,17.110265731811523,17.178163528442383,16.923547744750977,17.110265731811523,3860945
1999-06-21,10.07328987121582,16.753801345825195,16.872623443603516,16.736827850341797,16.838674545288086,4253078
1999-06-22,9.971231460571289,16.58405876159668,16.719852447509766,16.363388061523438,16.685903549194336,5472188
1999-06-23,10.032464981079102,16.685903549194336,16.702878952026367,16.43128776550293,16.58405876159668,3480226
1999-06-24,9.93040657043457,16.516159057617188,16.702878952026367,16.4143123626709,16.685903549194336,2554940
1999-06-25,9.909993171691895,16.482210159301758,16.56708335876465,16.363388061523438,16.56708335876465,2856864
1999-06-28,9.858962059020996,16.3973388671875,16.58405876159668,16.22759437561035,16.482210159301758,2107577
1999-06-29,9.961027145385742,16.56708335876465,16.601032257080078,16.27851676940918,16.31246566772461,4916943
1999-06-30,9.899786949157715,16.46523666381836,16.56708335876465,16.31246566772461,16.56708335876465,6317944
1999-07-01,9.593608856201172,15.956002235412598,16.46523666381836,15.956002235412598,16.46523666381836,6261241
1999-07-02,9.634432792663574,16.02389907836914,16.125747680664062,15.939027786254883,16.02389907836914,7010528
1999-07-06,9.583401679992676,15.939027786254883,16.363388061523438,15.922053337097168,16.125747680664062,6810227
1999-07-07,9.603814125061035,15.972976684570312,16.0748233795166,15.888104438781738,15.939027786254883,5469243
1999-07-08,9.7058744430542,16.14272117614746,16.22759437561035,15.956002235412598,15.972976684570312,5663652
1999-07-09,9.940613746643066,16.53313446044922,16.56708335876465,16.14272117614746,16.193645477294922,6133844
1999-07-12,10.481527328491211,17.432781219482422,17.61949920654297,16.923547744750977,17.483705520629883,10944745
1999-07-13,10.410086631774902,17.3139591217041,17.6534481048584,17.229087829589844,17.398832321166992,5931702
1999-07-14,10.655030250549316,17.72134780883789,17.78924560546875,17.432781219482422,17.449756622314453,5273729
1999-07-15,11.002034187316895,18.298479080200195,18.298479080200195,17.72134780883789,17.75529670715332,5173210
1999-07-16,11.165326118469238,18.570070266723633,18.637968063354492,17.9589900970459,18.230581283569336,3765950
1999-07-19,10.879557609558105,18.094785690307617,18.536121368408203,17.92504119873047,18.536121368408203,2706638
1999-07-20,10.665237426757812,17.73832130432129,18.111759185791016,17.483705520629883,18.111759185791016,3435674
1999-07-21,10.797914505004883,17.9589900970459,18.128734588623047,17.68739891052246,17.85714340209961,2327760
1999-07-22,10.981621742248535,18.264530181884766,18.604019165039062,17.9589900970459,18.332427978515625,6552487
1999-07-23,11.246973037719727,18.70586585998535,18.8756103515625,18.264530181884766,18.264530181884766,4817897
1999-07-26,11.21635913848877,18.654943466186523,18.94350814819336,18.536121368408203,18.570070266723633,2316714
1999-07-27,11.185741424560547,18.604019165039062,18.84166145324707,18.604019165039062,18.671916961669922,4216258
1999-07-28,11.226561546325684,18.671916961669922,18.824687957763672,18.604019165039062,18.637968063354492,1840632
1999-07-29,11.21635913848877,18.654943466186523,18.80771255493164,18.570070266723633,18.604019165039062,3073365
1999-07-30,11.21635913848877,18.654943466186523,18.77376365661621,18.553096771240234,18.756790161132812,1746741
1999-08-02,11.195944786071777,18.620994567871094,18.94350814819336,18.485197067260742,18.688892364501953,2880060
1999-08-03,11.042855262756348,18.366376876831055,18.790739059448242,18.281505584716797,18.637968063354492,2070757
1999-08-04,10.70605754852295,17.80621910095215,18.383350372314453,17.68739891052246,18.264530181884766,2898102
1999-08-05,10.859152793884277,18.060836791992188,18.264530181884766,17.92504119873047,17.92504119873047,3682736
1999-08-06,10.81832504272461,17.992938995361328,18.077810287475586,17.89109230041504,18.060836791992188,2180112
1999-08-09,10.685648918151855,17.77227020263672,17.9589900970459,17.6534481048584,17.92504119873047,3527356
1999-08-10,10.522354125976562,17.50067901611328,17.72134780883789,17.229087829589844,17.6534481048584,2933081
1999-08-11,10.7468843460083,17.874116897583008,17.992938995361328,17.46673011779785,17.483705520629883,2750822
1999-08-12,10.797914505004883,17.9589900970459,18.094785690307617,17.75529670715332,17.85714340209961,3449298
1999-08-13,11.022444725036621,18.332427978515625,18.332427978515625,17.9589900970459,17.975963592529297,1421620
1999-08-16,10.981621742248535,18.264530181884766,18.519147872924805,18.026887893676758,18.264530181884766,3371607
1999-08-17,11.10409164428711,18.468223571777344,18.502172470092773,18.247556686401367,18.502172470092773,2057502
1999-08-18,11.10409164428711,18.468223571777344,18.654943466186523,18.400325775146484,18.536121368408203,2494187
1999-08-19,11.022444725036621,18.332427978515625,18.434274673461914,18.230581283569336,18.366376876831055,1533185
1999-08-20,11.10409164428711,18.468223571777344,18.468223571777344,18.281505584716797,18.366376876831055,2414287
1999-08-23,11.298004150390625,18.790739059448242,18.80771255493164,18.468223571777344,18.468223571777344,1873402
1999-08-24,11.267391204833984,18.73981475830078,18.80771255493164,18.553096771240234,18.790739059448242,1493051
1999-08-25,11.55315113067627,19.215099334716797,19.249048233032227,18.722841262817383,18.80771255493164,4563471
1999-08-26,11.430682182312012,19.01140785217285,19.14720344543457,18.90955924987793,19.14720344543457,3151056
1999-08-27,11.165326118469238,18.570070266723633,19.01140785217285,18.570070266723633,19.01140785217285,1205487
1999-08-30,11.124504089355469,18.502172470092773,18.587045669555664,18.298479080200195,18.502172470092773,1753737
1999-08-31,10.951004981994629,18.213607788085938,18.604019165039062,18.179658889770508,18.570070266723633,1603879
1999-09-01,11.053057670593262,18.383350372314453,18.451248168945312,18.196632385253906,18.196632385253906,2289836
1999-09-02,10.981621742248535,18.264530181884766,18.417299270629883,18.128734588623047,18.417299270629883,1081772
1999-09-03,11.144918441772461,18.536121368408203,18.637968063354492,18.468223571777344,18.468223571777344,2277685
1999-09-07,11.134711265563965,18.519147872924805,18.89258575439453,18.451248168945312,18.553096771240234,1340616
1999-09-08,11.083681106567383,18.434274673461914,18.553096771240234,18.281505584716797,18.553096771240234,1893653
1999-09-09,11.042855262756348,18.366376876831055,18.434274673461914,18.230581283569336,18.400325775146484,1832531
1999-09-10,10.910179138183594,18.145708084106445,18.383350372314453,18.128734588623047,18.383350372314453,1200700
1999-09-13,10.910179138183594,18.145708084106445,18.332427978515625,18.009912490844727,18.179658889770508,1788347
1999-09-14,10.604000091552734,17.636474609375,18.077810287475586,17.56857681274414,18.077810287475586,1998958
1999-09-15,10.614208221435547,17.6534481048584,17.89109230041504,17.61949920654297,17.70437240600586,1951092
1999-09-16,10.389674186706543,17.280010223388672,17.58555030822754,17.093292236328125,17.58555030822754,2017000
1999-09-17,10.318232536315918,17.161190032958984,17.330934524536133,17.161190032958984,17.212112426757812,4347337
1999-09-20,10.277410507202148,17.093292236328125,17.347909927368164,17.025394439697266,17.178163528442383,3251206
1999-09-21,9.93040657043457,16.516159057617188,17.042367935180664,16.34641456604004,17.008419036865234,3594000
1999-09-22,10.09079360961914,16.702878952026367,16.940521240234375,16.56708335876465,16.56708335876465,5392657
1999-09-23,9.967732429504395,16.49918556213379,16.736827850341797,16.38036346435547,16.736827850341797,2873065
1999-09-24,9.742125511169434,16.125747680664062,16.53313446044922,15.989951133728027,16.53313446044922,3551289
1999-09-27,9.926716804504395,16.43128776550293,16.56708335876465,16.14272117614746,16.3973388671875,3543557
1999-09-28,9.84467601776123,16.29549217224121,16.43128776550293,16.193645477294922,16.29549217224121,3865732
1999-09-29,9.72161865234375,16.091798782348633,16.32944107055664,15.6334867477417,16.27851676940918,4110585
1999-09-30,9.885693550109863,16.363388061523438,16.736827850341797,16.091798782348633,16.091798782348633,3258570
1999-10-01,10.029261589050293,16.601032257080078,16.634981155395508,16.363388061523438,16.3973388671875,2587710
1999-10-04,10.060028076171875,16.651954650878906,16.838674545288086,16.516159057617188,16.668930053710938,2132614
1999-10-05,10.060028076171875,16.651954650878906,16.940521240234375,16.56708335876465,16.58405876159668,2746772
1999-10-06,10.193342208862305,16.872623443603516,16.974470138549805,16.719852447509766,16.719852447509766,3816025
1999-10-07,10.593284606933594,17.53462791442871,17.58555030822754,16.855649948120117,16.855649948120117,2774019
1999-10-08,10.695831298828125,17.70437240600586,17.82319450378418,17.398832321166992,17.483705520629883,3728761
1999-10-11,10.634299278259277,17.60252571105957,17.73832130432129,17.56857681274414,17.67042350769043,1677151
1999-10-12,10.593284606933594,17.53462791442871,17.60252571105957,17.280010223388672,17.58555030822754,3082202
1999-10-13,10.234362602233887,16.940521240234375,17.46673011779785,16.940521240234375,17.46673011779785,2059343
1999-10-14,10.111302375793457,16.736827850341797,16.838674545288086,16.26154327392578,16.804725646972656,3568594
1999-10-15,9.967732429504395,16.49918556213379,16.787750244140625,16.43128776550293,16.787750244140625,1696666
1999-10-18,9.7318754196167,16.10877227783203,16.29549217224121,15.972976684570312,16.22759437561035,3160261
1999-10-19,9.803656578063965,16.22759437561035,16.58405876159668,15.429794311523438,16.29549217224121,7377992
1999-10-20,10.029261589050293,16.601032257080078,16.634981155395508,16.091798782348633,16.26154327392578,3735021
1999-10-21,10.439458847045898,17.280010223388672,17.46673011779785,16.159696578979492,16.43128776550293,5137863
1999-10-22,10.644552230834961,17.61949920654297,17.85714340209961,17.347909927368164,17.6534481048584,5759753
1999-10-25,10.74710464477539,17.78924560546875,18.349401473999023,17.51765251159668,17.61949920654297,5408122
1999-10-26,10.542009353637695,17.449756622314453,18.043861389160156,17.449756622314453,17.85714340209961,4110953
1999-10-27,10.603533744812012,17.55160140991211,17.72134780883789,17.347909927368164,17.381858825683594,4146668
1999-10-28,10.654809951782227,17.636474609375,17.70437240600586,17.53462791442871,17.58555030822754,1958088
1999-10-29,10.66506576538086,17.6534481048584,17.874116897583008,17.61949920654297,17.68739891052246,2416128
1999-11-01,10.490734100341797,17.364883422851562,17.82319450378418,17.347909927368164,17.72134780883789,2426438
1999-11-02,10.347164154052734,17.127241134643555,17.51765251159668,17.076316833496094,17.381858825683594,3619038
1999-11-03,10.480477333068848,17.347909927368164,17.55160140991211,17.212112426757812,17.415807723999023,3245315
1999-11-04,10.429201126098633,17.263036727905273,17.51765251159668,17.212112426757812,17.51765251159668,2501551
1999-11-05,10.716340065002441,17.73832130432129,18.230581283569336,17.55160140991211,17.60252571105957,3190453
1999-11-08,10.583027839660645,17.51765251159668,17.908065795898438,17.449756622314453,17.75529670715332,1518825
1999-11-09,10.449716567993164,17.296985626220703,17.58555030822754,17.076316833496094,17.58555030822754,2526220
1999-11-10,10.367671966552734,17.161190032958984,17.3139591217041,17.127241134643555,17.280010223388672,2951123
1999-11-11,10.593284606933594,17.53462791442871,17.70437240600586,17.195138931274414,17.212112426757812,1971343
1999-11-12,10.777868270874023,17.840167999267578,17.85714340209961,17.55160140991211,17.60252571105957,2184531
1999-11-15,10.788119316101074,17.85714340209961,17.85714340209961,17.53462791442871,17.55160140991211,2266271
1999-11-16,11.095768928527832,18.366376876831055,18.502172470092773,17.82319450378418,17.82319450378418,2538371
1999-11-17,11.095768928527832,18.366376876831055,18.468223571777344,18.264530181884766,18.366376876831055,2976529
1999-11-18,10.993220329284668,18.196632385253906,18.90955924987793,17.6534481048584,18.637968063354492,5272256
1999-11-19,11.280356407165527,18.671916961669922,18.80771255493164,18.196632385253906,18.196632385253906,4809797
1999-11-22,11.247038841247559,18.616750717163086,18.824687957763672,18.468223571777344,18.620994567871094,1460649
1999-11-23,10.808636665344238,17.89109230041504,18.536121368408203,17.85714340209961,18.502172470092773,1860146
1999-11-24,11.07525634765625,18.332427978515625,18.383350372314453,17.85714340209961,17.89109230041504,3263357
1999-11-26,11.095768928527832,18.366376876831055,18.451248168945312,18.281505584716797,18.332427978515625,951429
1999-11-29,11.147043228149414,18.451248168945312,18.468223571777344,18.264530181884766,18.366376876831055,2653986
1999-11-30,11.085515975952148,18.349401473999023,18.671916961669922,18.315454483032227,18.400325775146484,3740912
1999-12-01,11.177810668945312,18.502172470092773,18.604019165039062,18.400325775146484,18.400325775146484,4964072
1999-12-02,11.106019973754883,18.383350372314453,18.468223571777344,18.162683486938477,18.451248168945312,1722440
1999-12-03,11.065008163452148,18.315454483032227,18.587045669555664,18.247556686401367,18.383350372314453,2728730
1999-12-06,10.818893432617188,17.908065795898438,18.383350372314453,17.85714340209961,18.383350372314453,2434907
1999-12-07,10.552260398864746,17.46673011779785,17.908065795898438,17.246061325073242,17.89109230041504,3371239
1999-12-08,10.322086334228516,17.008419036865234,17.364883422851562,16.753801345825195,17.3139591217041,5293611
1999-12-09,10.280878067016602,16.940521240234375,17.059343338012695,16.872623443603516,17.042367935180664,2132983
1999-12-10,10.219073295593262,16.838674545288086,17.042367935180664,16.838674545288086,16.974470138549805,2593969
1999-12-13,10.226797103881836,16.851404190063477,17.008419036865234,16.702878952026367,16.974470138549805,2112363
1999-12-14,10.342691421508789,17.042367935180664,17.110265731811523,16.58405876159668,16.58405876159668,2525116
1999-12-15,10.219073295593262,16.838674545288086,17.110265731811523,16.804725646972656,17.076316833496094,3623824
1999-12-16,9.940930366516113,16.38036346435547,16.838674545288086,16.02389907836914,16.804725646972656,5155536
1999-12-17,9.961532592773438,16.4143123626709,16.46523666381836,16.193645477294922,16.38036346435547,5513427
1999-12-20,9.910022735595703,16.32944107055664,16.53313446044922,16.091798782348633,16.27851676940918,5191988
1999-12-21,9.837913513183594,16.21061897277832,16.32944107055664,15.905078887939453,16.21061897277832,5189411
1999-12-22,10.043943405151367,16.55010986328125,16.702878952026367,16.363388061523438,16.363388061523438,2881533
1999-12-23,10.322086334228516,17.008419036865234,17.059343338012695,16.53313446044922,16.55010986328125,4131572
1999-12-27,10.095454216003418,16.634981155395508,16.872623443603516,16.159696578979492,16.838674545288086,5819769
1999-12-28,9.982136726379395,16.448261260986328,16.651954650878906,16.29549217224121,16.46523666381836,2610906
1999-12-29,10.126358032226562,16.685903549194336,16.906572341918945,16.3973388671875,16.3973388671875,2420915
1999-12-30,10.3735933303833,17.093292236328125,17.178163528442383,16.702878952026367,16.719852447509766,2836245
1999-12-31,10.352994918823242,17.059343338012695,17.076316833496094,16.855649948120117,16.974470138549805,860852
2000-01-03,10.116056442260742,16.668930053710938,16.872623443603516,16.38036346435547,16.719852447509766,3878251
2000-01-04,9.889419555664062,16.29549217224121,16.56708335876465,16.22759437561035,16.3973388671875,1740481
2000-01-05,10.322086334228516,17.008419036865234,17.212112426757812,16.159696578979492,16.29549217224121,4200426
2000-01-06,10.538416862487793,17.364883422851562,17.51765251159668,16.804725646972656,16.804725646972656,3350620
2000-01-07,11.135902404785156,18.349401473999023,18.383350372314453,17.415807723999023,17.483705520629883,4469948
2000-01-10,10.713545799255371,17.6534481048584,18.400325775146484,17.58555030822754,18.400325775146484,1916481
2000-01-11,10.713545799255371,17.6534481048584,17.82319450378418,17.330934524536133,17.449756622314453,2438589
2000-01-12,10.589921951293945,17.449756622314453,17.75529670715332,17.449756622314453,17.70437240600586,1862356
2000-01-13,10.837160110473633,17.85714340209961,18.162683486938477,17.51765251159668,17.58555030822754,2743826
2000-01-14,10.507511138916016,17.3139591217041,17.78924560546875,16.923547744750977,17.6534481048584,4230618
2000-01-18,10.3735933303833,17.093292236328125,17.381858825683594,16.974470138549805,17.246061325073242,2381149
2000-01-19,10.352994918823242,17.059343338012695,17.212112426757812,16.923547744750977,17.093292236328125,2603910
2000-01-20,10.05424690246582,16.56708335876465,17.076316833496094,16.43128776550293,16.991445541381836,5330431
2000-01-21,10.013039588928223,16.49918556213379,16.56708335876465,16.3973388671875,16.56708335876465,5988773
2000-01-24,9.776107788085938,16.10877227783203,16.55010986328125,15.989951133728027,16.49918556213379,3413582
2000-01-25,9.559776306152344,15.75230884552002,16.0748233795166,15.277023315429688,16.057849884033203,7155967
2000-01-26,9.559776306152344,15.75230884552002,15.989951133728027,15.209124565124512,15.68441104888916,9850823
2000-01-27,10.394194602966309,17.127241134643555,17.381858825683594,16.02389907836914,16.159696578979492,11235623
2000-01-28,10.332387924194336,17.025394439697266,18.043861389160156,16.838674545288086,17.127241134643555,7589338
2000-01-31,10.528115272521973,17.347909927368164,17.483705520629883,17.093292236328125,17.381858825683594,7941338
2000-02-01,10.404500961303711,17.144214630126953,17.347909927368164,17.008419036865234,17.347909927368164,2967692
2000-02-02,10.445701599121094,17.212112426757812,17.280010223388672,16.872623443603516,17.076316833496094,4690132
2000-02-03,10.466301918029785,17.246061325073242,17.3139591217041,17.059343338012695,17.246061325073242,3586636
2000-02-04,10.466301918029785,17.246061325073242,17.347909927368164,17.178163528442383,17.178163528442383,4687554
2000-02-07,10.394194602966309,17.127241134643555,17.280010223388672,16.974470138549805,17.178163528442383,3216227
2000-02-08,10.3735933303833,17.093292236328125,17.330934524536133,16.957496643066406,17.059343338012695,2740144
2000-02-09,10.363290786743164,17.076316833496094,17.110265731811523,16.32944107055664,16.838674545288086,4550584
2000-02-10,9.982136726379395,16.448261260986328,17.076316833496094,16.193645477294922,17.076316833496094,3118286
2000-02-11,9.765806198120117,16.091798782348633,16.4143123626709,16.02389907836914,16.3973388671875,2643308
2000-02-14,9.84821605682373,16.22759437561035,16.448261260986328,16.02389907836914,16.193645477294922,2705534
2000-02-15,9.745203018188477,16.057849884033203,16.22759437561035,15.820205688476562,16.091798782348633,5548038
2000-02-16,9.539175987243652,15.71835994720459,16.057849884033203,15.6165132522583,16.02389907836914,4143355
2000-02-17,9.508271217346191,15.667435646057129,15.75230884552002,15.49769115447998,15.71835994720459,4079288
2000-02-18,9.209526062011719,15.175176620483398,15.59953784942627,15.090304374694824,15.59953784942627,4263388
2000-02-22,9.394950866699219,15.480716705322266,15.786256790161133,14.988456726074219,15.107278823852539,5436473
2000-02-23,9.343443870544434,15.395845413208008,15.6165132522583,15.175176620483398,15.446767807006836,3290603
2000-02-24,9.085905075073242,14.97148323059082,15.395845413208008,14.665942192077637,15.395845413208008,4404040
2000-02-25,8.931382179260254,14.716865539550781,15.667435646057129,14.598045349121094,15.107278823852539,4953395
2000-02-28,9.044700622558594,14.903585433959961,15.260048866271973,14.733839988708496,14.852662086486816,3014085
2000-02-29,8.982893943786621,14.801737785339355,15.310972213745117,14.801737785339355,15.03938102722168,3574854
2000-03-01,9.24042797088623,15.226099967956543,15.582564353942871,14.886610984802246,14.886610984802246,4802433
2000-03-02,9.364044189453125,15.429794311523438,15.6165132522583,15.107278823852539,15.293997764587402,7679916
2000-03-03,9.333147048950195,15.378870010375977,15.922053337097168,15.378870010375977,15.49769115447998,8483328
2000-03-06,8.96229076385498,14.767788887023926,15.412818908691406,14.767788887023926,15.412818908691406,3489431
2000-03-07,8.53992748260498,14.071836471557617,14.93753433227539,14.054861068725586,14.903585433959961,4727688
2000-03-08,8.921083450317383,14.699891090393066,14.93753433227539,14.3943510055542,14.3943510055542,4369061
2000-03-09,9.188920974731445,15.141227722167969,15.175176620483398,14.615018844604492,14.699891090393066,7024888
2000-03-10,9.24042797088623,15.226099967956543,15.463743209838867,15.141227722167969,15.141227722167969,7960484
2000-03-13,8.859278678894043,14.598045349121094,15.107278823852539,14.547121047973633,14.954507827758789,5031821
2000-03-14,8.90047836303711,14.665942192077637,14.852662086486816,14.598045349121094,14.665942192077637,4163974
2000-03-15,9.714295387268066,16.006925582885742,16.193645477294922,14.801737785339355,14.835686683654785,5724037
2000-03-16,10.280878067016602,16.940521240234375,17.025394439697266,16.10877227783203,16.22759437561035,10242956
2000-03-17,10.177865028381348,16.770776748657227,17.042367935180664,16.668930053710938,17.042367935180664,4826366
2000-03-20,10.167564392089844,16.753801345825195,17.042367935180664,16.634981155395508,16.770776748657227,5495753
2000-03-21,10.363290786743164,17.076316833496094,17.347909927368164,16.58405876159668,16.61800765991211,5792522
2000-03-22,10.342691421508789,17.042367935180664,17.144214630126953,16.719852447509766,16.889598846435547,7279682
2000-03-23,10.538416862487793,17.364883422851562,17.61949920654297,16.736827850341797,16.940521240234375,9476363
2000-03-24,10.136663436889648,16.702878952026367,17.229087829589844,16.58405876159668,17.229087829589844,8096718
2000-03-27,9.925479888916016,16.354902267456055,16.61800765991211,16.057849884033203,16.56708335876465,5535887
2000-03-28,9.940930366516113,16.38036346435547,16.736827850341797,16.17667007446289,16.32944107055664,5338900
2000-03-29,9.930624961853027,16.363388061523438,16.821699142456055,16.22759437561035,16.34641456604004,5331168
2000-03-30,10.136663436889648,16.702878952026367,16.889598846435547,16.32944107055664,16.363388061523438,6113593
2000-03-31,10.332387924194336,17.025394439697266,17.093292236328125,16.719852447509766,16.770776748657227,3888928
2000-04-03,10.713642120361328,16.889598846435547,17.246061325073242,16.27851676940918,16.27851676940918,4170970
2000-04-04,10.692108154296875,16.855649948120117,17.212112426757812,16.27851676940918,16.838674545288086,5239854
2000-04-05,10.659798622131348,16.804725646972656,17.246061325073242,16.685903549194336,16.991445541381836,6332304
2000-04-06,10.336774826049805,16.29549217224121,16.821699142456055,16.14272117614746,16.770776748657227,3767791
2000-04-07,10.239874839782715,16.14272117614746,16.38036346435547,16.057849884033203,16.26154327392578,1998221
2000-04-10,10.444454193115234,16.46523666381836,16.61800765991211,16.057849884033203,16.14272117614746,3580009
2000-04-11,10.627503395080566,16.753801345825195,17.364883422851562,16.46523666381836,16.46523666381836,3645548
2000-04-12,10.498292922973633,16.55010986328125,17.059343338012695,16.3973388671875,16.821699142456055,3790619
2000-04-13,10.347548484802246,16.31246566772461,16.668930053710938,16.24456787109375,16.482210159301758,3429415
2000-04-14,9.744571685791016,15.361895561218262,16.159696578979492,15.344921112060547,16.02389907836914,5430214
2000-04-17,9.723036766052246,15.327946662902832,15.59953784942627,15.07332992553711,15.429794311523438,4700441
2000-04-18,9.970685958862305,15.71835994720459,15.837181091308594,15.412818908691406,15.480716705322266,4074133
2000-04-19,10.035289764404297,15.820205688476562,16.24456787109375,15.75230884552002,16.057849884033203,3480963
2000-04-20,10.304478645324707,16.24456787109375,16.32944107055664,15.378870010375977,16.02389907836914,6040321
2000-04-24,10.681339263916016,16.838674545288086,17.161190032958984,16.10877227783203,16.10877227783203,7978894
2000-04-25,11.456596374511719,18.060836791992188,18.060836791992188,17.229087829589844,17.246061325073242,12352742
2000-04-26,11.208941459655762,17.67042350769043,17.992938995361328,17.58555030822754,17.992938995361328,6570529
2000-04-27,11.29508113861084,17.80621910095215,17.874116897583008,17.58555030822754,17.58555030822754,6440923
2000-04-28,11.219714164733887,17.68739891052246,17.85714340209961,17.67042350769043,17.80621910095215,6159618
2000-05-01,10.950525283813477,17.263036727905273,17.70437240600586,17.246061325073242,17.68739891052246,4246082
2000-05-02,10.98282527923584,17.3139591217041,17.61949920654297,16.974470138549805,17.042367935180664,3404377
2000-05-03,10.735173225402832,16.923547744750977,17.381858825683594,16.838674545288086,17.296985626220703,2640362
2000-05-04,10.605965614318848,16.719852447509766,16.889598846435547,16.46523666381836,16.855649948120117,3508578
2000-05-05,10.649036407470703,16.787750244140625,17.110265731811523,16.55010986328125,16.651954650878906,2759659
2000-05-08,11.025899887084961,17.381858825683594,17.77227020263672,16.923547744750977,17.076316833496094,6201224
2000-05-09,11.359694480895996,17.908065795898438,18.196632385253906,17.381858825683594,17.381858825683594,7269741
2000-05-10,11.445829391479492,18.043861389160156,18.162683486938477,17.72134780883789,17.72134780883789,4054250
2000-05-11,11.682714462280273,18.417299270629883,18.70586585998535,18.196632385253906,18.332427978515625,7172536
2000-05-12,11.370460510253906,17.92504119873047,18.400325775146484,17.92504119873047,18.332427978515625,4050200
2000-05-15,11.521204948425293,18.162683486938477,18.366376876831055,17.92504119873047,18.043861389160156,5400389
2000-05-16,11.628876686096191,18.332427978515625,18.604019165039062,18.026887893676758,18.264530181884766,6713022
2000-05-17,11.488901138305664,18.111759185791016,18.315454483032227,18.060836791992188,18.230581283569336,1801971
2000-05-18,11.542736053466797,18.196632385253906,18.230581283569336,17.9589900970459,18.128734588623047,2239392
2000-05-19,11.521204948425293,18.162683486938477,18.298479080200195,17.942014694213867,18.094785690307617,3084411
2000-05-22,11.542736053466797,18.196632385253906,18.315454483032227,17.908065795898438,18.094785690307617,2948546
2000-05-23,11.661174774169922,18.383350372314453,18.536121368408203,18.196632385253906,18.196632385253906,2632998
2000-05-24,11.86575698852539,18.70586585998535,18.8586368560791,18.383350372314453,18.383350372314453,3572276
2000-05-25,11.650413513183594,18.366376876831055,18.620994567871094,18.247556686401367,18.570070266723633,2843977
2000-05-26,11.29508113861084,17.80621910095215,18.400325775146484,17.80621910095215,18.298479080200195,2110522
2000-05-30,11.402758598327637,17.975963592529297,17.992938995361328,17.636474609375,17.92504119873047,2729835
2000-05-31,11.456596374511719,18.060836791992188,18.468223571777344,17.92504119873047,17.92504119873047,3952627
2000-06-01,11.661174774169922,18.383350372314453,18.519147872924805,18.026887893676758,18.026887893676758,2806789
2000-06-02,10.950525283813477,17.263036727905273,18.468223571777344,17.059343338012695,18.349401473999023,6220371
2000-06-05,11.348926544189453,17.89109230041504,18.230581283569336,17.229087829589844,17.3139591217041,3447457
2000-06-06,11.17394733428955,17.615257263183594,17.975963592529297,17.415807723999023,17.908065795898438,3146637
2000-06-07,10.853619575500488,17.110265731811523,17.61949920654297,17.059343338012695,17.55160140991211,2227610
2000-06-08,11.004359245300293,17.347909927368164,17.55160140991211,16.702878952026367,17.110265731811523,3054587
2000-06-09,11.155109405517578,17.58555030822754,17.72134780883789,17.263036727905273,17.381858825683594,2660245
2000-06-12,11.257403373718262,17.746809005737305,17.89109230041504,17.55160140991211,17.58555030822754,2533216
2000-06-13,11.521204948425293,18.162683486938477,18.434274673461914,17.75529670715332,17.75529670715332,2110522
2000-06-14,11.650413513183594,18.366376876831055,18.688892364501953,18.196632385253906,18.196632385253906,9143511
2000-06-15,11.585803985595703,18.264530181884766,18.688892364501953,18.196632385253906,18.536121368408203,2958487
2000-06-16,11.413532257080078,17.992938995361328,18.332427978515625,17.75529670715332,18.298479080200195,3944527
2000-06-19,11.43506145477295,18.026887893676758,18.043861389160156,17.73832130432129,18.009912490844727,2167593
2000-06-20,11.488901138305664,18.111759185791016,18.162683486938477,17.80621910095215,17.9589900970459,2839558
2000-06-21,11.715017318725586,18.468223571777344,18.502172470092773,17.874116897583008,17.9589900970459,2146974
2000-06-22,11.456596374511719,18.060836791992188,18.468223571777344,17.942014694213867,18.468223571777344,2343961
2000-06-23,11.381226539611816,17.942014694213867,18.366376876831055,17.874116897583008,17.992938995361328,2127460
2000-06-26,11.715017318725586,18.468223571777344,18.80771255493164,17.9589900970459,17.992938995361328,6007919
2000-06-27,11.8765287399292,18.722841262817383,18.97745704650879,18.417299270629883,18.502172470092773,4901847
2000-06-28,12.274927139282227,19.35089683532715,19.486692428588867,18.80771255493164,19.01140785217285,5826029
2000-06-29,12.404135704040527,19.554590225219727,19.554590225219727,19.215099334716797,19.384845733642578,6611031
2000-06-30,12.113415718078613,19.09627914428711,19.571563720703125,19.02838134765625,19.554590225219727,8150475
2000-07-03,12.231850624084473,19.282997131347656,19.418794631958008,19.215099334716797,19.215099334716797,1570741
2000-07-05,12.802530288696289,20.182645797729492,20.216594696044922,19.266023635864258,19.282997131347656,7032620
2000-07-06,12.199553489685059,19.232074737548828,20.36936378479004,19.14720344543457,20.182645797729492,8396433
2000-07-07,12.145718574523926,19.14720344543457,19.673410415649414,19.09627914428711,19.282997131347656,8147161
2000-07-10,12.32876205444336,19.435768127441406,19.622488021850586,19.282997131347656,19.282997131347656,3423155
2000-07-11,12.393372535705566,19.537614822387695,19.792232513427734,19.367870330810547,19.418794631958008,4399622
2000-07-12,12.393372535705566,19.537614822387695,20.26751708984375,19.486692428588867,20.26751708984375,5670280
2000-07-13,12.178019523620605,19.1981258392334,19.826181411743164,19.18115234375,19.588539123535156,6026698
2000-07-14,11.973433494567871,18.8756103515625,19.35089683532715,18.332427978515625,19.215099334716797,6663684
2000-07-17,12.511810302734375,19.724334716796875,20.08079719543457,19.06233024597168,19.14720344543457,5064959
2000-07-18,12.544112205505371,19.775257110595703,19.995925903320312,19.673410415649414,19.860130310058594,2984997
2000-07-19,12.673323631286621,19.978952407836914,20.16567039489746,19.843156814575195,19.843156814575195,4138936
2000-07-20,12.88866901397705,20.31844139099121,20.505159378051758,19.792232513427734,20.029874801635742,7081959
2000-07-21,13.545491218566895,21.353883743286133,21.59152603149414,20.23356819152832,20.4202880859375,10814770
2000-07-24,13.443199157714844,21.192626953125,21.79521942138672,21.031368255615234,21.353883743286133,6185760
2000-07-25,12.856369972229004,20.26751708984375,21.014394760131836,20.16567039489746,20.963470458984375,4497931
2000-07-26,12.834833145141602,20.23356819152832,20.4202880859375,19.928028106689453,20.182645797729492,6176923
2000-07-27,12.834833145141602,20.23356819152832,20.980445861816406,20.23356819152832,20.505159378051758,6235835
2000-07-28,13.254767417907715,20.895572662353516,21.319934844970703,20.35239028930664,20.4372615814209,7324234
2000-07-31,13.39474105834961,21.116241455078125,21.252037048339844,20.861623764038086,20.997419357299805,4932407
2000-08-01,13.427045822143555,21.167165756225586,21.285985946655273,20.946495056152344,21.184139251708984,3945631
2000-08-02,13.62086009979248,21.472705841064453,21.659423828125,21.150190353393555,21.218088150024414,4115740
2000-08-03,13.599327087402344,21.438756942749023,21.72732162475586,21.353883743286133,21.455730438232422,4617596
2000-08-04,13.340911865234375,21.031368255615234,21.55757713317871,20.844650268554688,21.48967933654785,4067137
2000-08-07,13.48626708984375,21.26052474975586,21.421781539916992,20.946495056152344,20.963470458984375,3140010
2000-08-08,13.060946464538574,20.59003257751465,21.048343658447266,20.31844139099121,20.912548065185547,6574211
2000-08-09,12.931743621826172,20.38633918762207,20.59003257751465,19.995925903320312,20.573057174682617,6832687
2000-08-10,13.782370567321777,21.72732162475586,22.06681251525879,21.150190353393555,21.319934844970703,6991382
2000-08-11,13.599327087402344,21.438756942749023,21.93101692199707,21.319934844970703,21.76127052307129,3638921
2000-08-14,13.782370567321777,21.72732162475586,21.76127052307129,21.184139251708984,21.387832641601562,2774387
2000-08-15,14.008488655090332,22.083786010742188,22.134708404541016,21.55757713317871,21.72732162475586,4983219
2000-08-16,13.48088264465332,21.252037048339844,22.083786010742188,21.099266052246094,21.9649658203125,4304258
2000-08-17,13.674699783325195,21.55757713317871,21.55757713317871,21.184139251708984,21.319934844970703,2631525
2000-08-18,13.674699783325195,21.55757713317871,21.72732162475586,21.26052474975586,21.72732162475586,5241327
2000-08-21,13.782370567321777,21.72732162475586,21.84614372253418,21.52362823486328,21.55757713317871,3594368
2000-08-22,13.814676284790039,21.77824592590332,21.863117218017578,21.659423828125,21.863117218017578,5462615
2000-08-23,14.094633102416992,22.219581604003906,22.219581604003906,21.659423828125,21.77824592590332,4435337
2000-08-24,14.557632446289062,22.94948387145996,23.08527946472168,22.304454803466797,22.304454803466797,11585781
2000-08-25,14.563023567199707,22.957971572875977,23.08527946472168,22.796714782714844,22.932510375976562,4670617
2000-08-28,14.493024826049805,22.847637176513672,23.15317726135254,22.762765884399414,22.98343276977539,5121294
2000-08-29,14.4714937210083,22.813688278198242,23.00040626525879,22.677892684936523,22.847637176513672,3743858
2000-08-30,14.600699424743652,23.01738166809082,23.05133056640625,22.745790481567383,22.830663681030273,3348411
2000-08-31,14.344980239868164,22.614238739013672,23.255023956298828,22.304454803466797,22.98343276977539,5792891
2000-09-01,14.493024826049805,22.847637176513672,22.91553497314453,22.440250396728516,22.559070587158203,4338869
2000-09-05,14.234612464904785,22.440250396728516,22.542097091674805,22.134708404541016,22.542097091674805,3597314
2000-09-06,14.040785789489746,22.134708404541016,22.643943786621094,21.94799041748047,22.508148193359375,3831857
2000-09-07,14.046175956726074,22.14319610595703,22.372352600097656,21.93101692199707,22.100759506225586,3227641
2000-09-08,14.347664833068848,22.61848258972168,22.864612579345703,22.168657302856445,22.202606201171875,3607992
2000-09-11,14.121554374694824,22.26201820373535,22.745790481567383,22.202606201171875,22.694866180419922,2867173
2000-09-12,14.223847389221191,22.423274993896484,22.660917282104492,22.202606201171875,22.202606201171875,3179039
2000-09-13,13.933119773864746,21.9649658203125,22.423274993896484,21.69337272644043,22.423274993896484,5075637
2000-09-14,13.760836601257324,21.69337272644043,22.06681251525879,21.52362823486328,21.99891471862793,5765644
2000-09-15,13.685469627380371,21.574552536010742,21.74429702758789,21.48967933654785,21.52362823486328,6894177
2000-09-18,13.954652786254883,21.99891471862793,22.100759506225586,21.3369083404541,21.574552536010742,9682924
2000-09-19,13.782370567321777,21.72732162475586,21.99891471862793,21.59152603149414,21.99891471862793,4439387
2000-09-20,13.588557243347168,21.421781539916992,21.76127052307129,20.980445861816406,21.72732162475586,3471021
2000-09-21,13.75007152557373,21.67639923095703,21.67639923095703,21.201114654541016,21.438756942749023,3645916
2000-09-22,14.143081665039062,22.29596710205078,22.355377197265625,21.863117218017578,21.9819393157959,5167687
2000-09-25,14.073098182678223,22.185632705688477,22.338403701782227,22.015888214111328,22.338403701782227,2458471
2000-09-26,13.965418815612793,22.015888214111328,22.219581604003906,21.48967933654785,22.117734909057617,2731308
2000-09-27,13.610092163085938,21.455730438232422,21.93101692199707,21.353883743286133,21.93101692199707,5253846
2000-09-28,13.610092163085938,21.455730438232422,21.93101692199707,21.285985946655273,21.455730438232422,7487347
2000-09-29,13.75007152557373,21.67639923095703,21.94799041748047,21.218088150024414,21.387832641601562,5001629
2000-10-02,13.448583602905273,21.201114654541016,21.72732162475586,21.099266052246094,21.455730438232422,5712991
2000-10-03,13.62086009979248,21.472705841064453,21.72732162475586,20.980445861816406,21.133216857910156,3954468
2000-10-04,13.21169662475586,20.827674865722656,21.319934844970703,20.725828170776367,21.285985946655273,7533004
2000-10-05,14.148467063903809,22.304454803466797,22.609994888305664,21.897066116333008,21.93101692199707,10344211
2000-10-06,14.234612464904785,22.440250396728516,22.660917282104492,22.253530502319336,22.440250396728516,5368724
2000-10-09,13.997719764709473,22.06681251525879,22.525121688842773,21.88009262084961,22.440250396728516,2548312
2000-10-10,14.406889915466309,22.711841583251953,23.03435516357422,22.083786010742188,22.083786010742188,4614282
2000-10-11,14.654539108276367,23.10225486755371,23.10225486755371,22.72881507873535,22.8815860748291,5211503
2000-10-12,14.439189910888672,22.762765884399414,23.00040626525879,22.508148193359375,22.98343276977539,3470285
2000-10-13,14.4714937210083,22.813688278198242,22.898561477661133,22.270505905151367,22.847637176513672,4601027
2000-10-16,14.837583541870117,23.390819549560547,23.560565948486328,23.05133056640625,23.08527946472168,5551351
2000-10-17,15.192914962768555,23.950977325439453,24.4432373046875,23.37384605407715,23.390819549560547,7848551
2000-10-18,15.311363220214844,24.137697219848633,24.51113510131836,23.492666244506836,23.628463745117188,8793721
2000-10-19,13.523957252502441,21.319934844970703,21.6424503326416,20.23356819152832,20.70885467529297,43127266
2000-10-20,13.050178527832031,20.573057174682617,21.52362823486328,20.52213478088379,21.387832641601562,14862761
2000-10-23,13.190156936645508,20.793725967407227,21.048343658447266,20.607006072998047,20.64095687866211,9730421
2000-10-24,13.17939281463623,20.776752471923828,20.844650268554688,20.64095687866211,20.827674865722656,6659265
2000-10-25,13.588557243347168,21.421781539916992,21.62547492980957,20.70885467529297,20.912548065185547,8957201
2000-10-26,13.48088264465332,21.252037048339844,21.69337272644043,21.065317153930664,21.455730438232422,4615019
2000-10-27,13.739297866821289,21.659423828125,21.897066116333008,21.285985946655273,21.319934844970703,4125681
2000-10-30,14.073098182678223,22.185632705688477,22.270505905151367,21.77824592590332,21.79521942138672,6205275
2000-10-31,14.159233093261719,22.321428298950195,22.711841583251953,21.99891471862793,22.219581604003906,5245009
2000-11-01,14.10539722442627,22.236555099487305,22.372352600097656,21.74429702758789,22.355377197265625,6154095
2000-11-02,13.782370567321777,21.72732162475586,22.236555099487305,21.52362823486328,22.100759506225586,6619868
2000-11-03,13.87928295135498,21.88009262084961,21.9819393157959,21.67639923095703,21.72732162475586,5156273
2000-11-06,14.06233024597168,22.168657302856445,22.372352600097656,21.69337272644043,21.863117218017578,6941306
2000-11-07,14.170000076293945,22.338403701782227,22.457223892211914,21.74429702758789,22.185632705688477,4543956
2000-11-08,14.2669095993042,22.491172790527344,22.898561477661133,22.423274993896484,22.542097091674805,5547669
2000-11-09,14.309976577758789,22.559070587158203,22.779739379882812,22.03286361694336,22.491172790527344,6475902
2000-11-10,14.406889915466309,22.711841583251953,23.11922836303711,22.474199295043945,22.474199295043945,3686418
2000-11-13,14.245376586914062,22.457223892211914,22.813688278198242,22.06681251525879,22.779739379882812,4750516
2000-11-14,14.159233093261719,22.321428298950195,22.643943786621094,21.93101692199707,22.576045989990234,3874937
2000-11-15,14.331518173217773,22.593019485473633,22.643943786621094,22.083786010742188,22.253530502319336,2957382
2000-11-16,14.126930236816406,22.270505905151367,22.593019485473633,22.168657302856445,22.542097091674805,2943023
2000-11-17,14.01926040649414,22.100759506225586,22.270505905151367,21.88009262084961,22.270505905151367,3659540
2000-11-20,14.342284202575684,22.609994888305664,22.796714782714844,21.9649658203125,22.134708404541016,6536655
2000-11-21,14.536092758178711,22.91553497314453,22.94948387145996,22.287479400634766,22.542097091674805,6529659
2000-11-22,14.320748329162598,22.576045989990234,22.745790481567383,22.304454803466797,22.745790481567383,5069378
2000-11-24,14.245376586914062,22.457223892211914,22.508148193359375,22.389326095581055,22.508148193359375,880366
2000-11-27,14.25613784790039,22.474199295043945,22.779739379882812,22.355377197265625,22.542097091674805,3334051
2000-11-28,14.633004188537598,23.06830406188965,23.13620376586914,22.491172790527344,22.542097091674805,3634870
2000-11-29,14.977566719055176,23.611488342285156,23.849130630493164,22.94948387145996,23.08527946472168,3978033
2000-11-30,14.912955284118652,23.509641647338867,23.866104125976562,23.255023956298828,23.628463745117188,2786538
2000-12-01,14.697608947753906,23.17015266418457,23.560565948486328,22.91553497314453,23.560565948486328,4006016
2000-12-04,14.82681941986084,23.37384605407715,23.424768447875977,22.813688278198242,23.17015266418457,2610170
2000-12-05,14.79451847076416,23.322921752929688,23.611488342285156,23.06830406188965,23.577539443969727,3372344
2000-12-06,14.762212753295898,23.27199935913086,23.611488342285156,23.13620376586914,23.322921752929688,3792828
2000-12-07,14.891432762145996,23.475692749023438,23.730310440063477,23.356870651245117,23.390819549560547,2598756
2000-12-08,14.805283546447754,23.33989715576172,23.594514846801758,23.17015266418457,23.458717346191406,2787642
2000-12-11,14.439189910888672,22.762765884399414,23.458717346191406,22.745790481567383,23.30594825744629,4231723
2000-12-12,14.557632446289062,22.94948387145996,23.11922836303711,22.643943786621094,22.711841583251953,181911787
2000-12-13,14.859230041503906,23.10225486755371,23.424768447875977,22.864612579345703,22.898561477661133,5332641
2000-12-14,14.848310470581055,23.08527946472168,23.30594825744629,22.898561477661133,23.30594825744629,2238656
2000-12-15,14.837390899658203,23.06830406188965,23.08527946472168,22.98343276977539,22.98343276977539,4397413
2000-12-18,14.9028959274292,23.17015266418457,23.33989715576172,22.96645736694336,23.00040626525879,3690100
2000-12-19,15.05574893951416,23.407794952392578,23.407794952392578,23.05133056640625,23.11922836303711,3293181
2000-12-20,14.760965347290039,22.94948387145996,23.458717346191406,22.779739379882812,23.356870651245117,4804642
2000-12-21,14.826475143432617,23.05133056640625,23.08527946472168,22.508148193359375,23.01738166809082,4266333
2000-12-22,14.60811710357666,22.711841583251953,23.03435516357422,22.559070587158203,23.03435516357422,2623793
2000-12-26,14.924728393554688,23.2041015625,23.33989715576172,22.711841583251953,22.711841583251953,1877084
2000-12-27,15.219511985778809,23.662412643432617,23.900054931640625,23.15317726135254,23.2210750579834,4958181
2000-12-28,15.481541633605957,24.069799423217773,24.15467071533203,23.713335037231445,23.713335037231445,3001935
2000-12-29,15.426958084106445,23.984926223754883,24.4262638092041,23.917028427124023,23.967952728271484,2511124
2001-01-02,15.65623664855957,24.34139060974121,24.56205940246582,23.984926223754883,24.018875122070312,6082296
2001-01-03,15.0885009765625,23.458717346191406,24.748777389526367,23.08527946472168,24.34139060974121,6970026
2001-01-04,14.236907005310059,22.134708404541016,23.322921752929688,21.76127052307129,23.255023956298828,9195427
2001-01-05,14.498944282531738,22.542097091674805,22.677892684936523,22.185632705688477,22.372352600097656,11758467
2001-01-08,14.848310470581055,23.08527946472168,23.30594825744629,22.593019485473633,22.609994888305664,6467801
2001-01-09,15.001163482666016,23.322921752929688,23.594514846801758,23.30594825744629,23.594514846801758,8781202
2001-01-10,14.837390899658203,23.06830406188965,23.611488342285156,22.72881507873535,23.322921752929688,4742048
2001-01-11,14.782807350158691,22.98343276977539,23.407794952392578,22.270505905151367,23.13620376586914,5899669
2001-01-12,14.575362205505371,22.660917282104492,23.11922836303711,22.406301498413086,22.98343276977539,3536193
2001-01-16,14.815559387207031,23.03435516357422,23.05133056640625,22.474199295043945,22.660917282104492,4508977
2001-01-17,14.509854316711426,22.559070587158203,23.10225486755371,22.474199295043945,23.06830406188965,5580807
2001-01-18,14.848310470581055,23.08527946472168,23.11922836303711,22.660917282104492,22.694866180419922,6149676
2001-01-19,14.509854316711426,22.559070587158203,23.390819549560547,22.457223892211914,23.08527946472168,4754567
2001-01-22,15.175847053527832,23.594514846801758,23.730310440063477,22.457223892211914,22.457223892211914,6084873
2001-01-23,14.848310470581055,23.08527946472168,23.458717346191406,22.677892684936523,23.458717346191406,7184687
2001-01-24,14.553529739379883,22.626968383789062,22.677892684936523,22.134708404541016,22.643943786621094,8393119
2001-01-25,15.121254920959473,23.509641647338867,23.509641647338867,22.593019485473633,22.779739379882812,8689520
2001-01-26,15.295937538146973,23.781232833862305,24.171646118164062,23.475692749023438,23.509641647338867,4323036
2001-01-29,15.32520580291748,23.826725006103516,24.30744171142578,23.66920280456543,23.66920280456543,4199689
2001-01-30,15.285025596618652,23.764259338378906,23.886474609375,23.533405303955078,23.82944107055664,2158757
2001-01-31,15.35140323638916,23.867462158203125,23.900054931640625,23.302553176879883,23.859315872192383,3544293
2001-02-01,15.368871688842773,23.894622802734375,23.900054931640625,23.628463745117188,23.900054931640625,2850604
2001-02-02,15.311223983764648,23.804996490478516,23.967952728271484,23.508962631225586,23.878326416015625,4032526
2001-02-05,15.344416618347168,23.856599807739258,23.927213668823242,23.57414436340332,23.57414436340332,4207790
2001-02-06,15.36363410949707,23.886474609375,23.900054931640625,23.696361541748047,23.900054931640625,1920531
2001-02-07,15.36363410949707,23.886474609375,24.06300926208496,23.737098693847656,23.95437240600586,4294685
2001-02-08,15.41603946685791,23.967952728271484,23.967952728271484,23.70993995666504,23.886474609375,3084043
2001-02-09,15.375856399536133,23.905485153198242,24.160781860351562,23.859315872192383,23.900054931640625,2348380
2001-02-12,15.6343994140625,24.30744171142578,24.3237361907959,23.967952728271484,23.981531143188477,2838086
2001-02-13,15.50338363647461,24.103748321533203,24.321020126342773,23.737098693847656,24.293861389160156,4234300
2001-02-14,15.337430953979492,23.845735549926758,24.20966911315918,23.832155227661133,24.02227020263672,4256392
2001-02-15,15.017754554748535,23.348724365234375,24.035850524902344,23.2319393157959,24.035850524902344,4239455
2001-02-16,15.152263641357422,23.557849884033203,23.557849884033203,23.23737144470215,23.4383487701416,5019671
2001-02-20,15.581995010375977,24.225963592529297,24.342748641967773,23.696361541748047,23.70993995666504,6309107
2001-02-21,16.018705368041992,24.904943466186523,25.301467895507812,24.185224533081055,24.185224533081055,9158239
2001-02-22,15.807332992553711,24.576316833496094,25.225421905517578,24.32916831970215,25.122215270996094,7393088
2001-02-23,15.616926193237305,24.28028106689453,24.646930694580078,23.935361862182617,24.4432373046875,6451232
2001-02-26,15.786369323730469,24.543725967407227,24.543725967407227,23.973384857177734,24.4432373046875,4619437
2001-02-27,15.901658058166504,24.722976684570312,24.75556755065918,24.388919830322266,24.543725967407227,2877115
2001-02-28,16.086835861206055,25.0108642578125,25.258012771606445,24.915807723999023,24.986419677734375,5868740
2001-03-01,16.177663803100586,25.152090072631836,25.157522201538086,24.416078567504883,24.986419677734375,5845543
2001-03-02,16.303442001342773,25.347637176513672,25.388376235961914,24.74470329284668,25.296035766601562,5660707
2001-03-05,16.63010597229004,25.855512619018555,25.855512619018555,25.339488983154297,25.347637176513672,5563502
2001-03-06,16.4955997467041,25.646387100219727,25.763172149658203,25.5567626953125,25.73329734802246,4549847
2001-03-07,15.781136512756348,24.53557777404785,25.784900665283203,24.3346004486084,25.774036407470703,9717166
2001-03-08,16.196884155273438,25.18196678161621,25.198261260986328,24.26670265197754,24.57903289794922,6144890
2001-03-09,16.228330612182617,25.230852127075195,25.412818908691406,24.809886932373047,25.358501434326172,4223622
2001-03-12,15.765409469604492,24.51113510131836,25.48886489868164,24.4432373046875,25.190113067626953,5585594
2001-03-13,16.053640365600586,24.959260940551758,25.002716064453125,23.98967933654785,24.4432373046875,6292906
2001-03-14,15.809073448181152,24.57903289794922,24.959260940551758,24.30744171142578,24.959260940551758,6757575
2001-03-15,15.730474472045898,24.456817626953125,24.714828491210938,24.28028106689453,24.714828491210938,7061708
2001-03-16,15.704270362854004,24.416078567504883,24.524715423583984,24.18794059753418,24.388919830322266,11473480
2001-03-19,15.725228309631348,24.44866943359375,24.492124557495117,24.171646118164062,24.30744171142578,3968091
2001-03-20,15.616926193237305,24.28028106689453,24.646930694580078,24.20423698425293,24.4432373046875,4603605
2001-03-21,15.620417594909668,24.28571319580078,24.606191635131836,23.95437240600586,24.388919830322266,10797833
2001-03-22,14.883251190185547,23.139598846435547,24.03856658935547,23.087995529174805,23.927213668823242,14565992
2001-03-23,15.37061595916748,23.8973388671875,23.95437240600586,23.4383487701416,23.46550750732422,7155599
2001-03-26,15.571516990661621,24.20966911315918,24.342748641967773,23.769689559936523,23.8973388671875,4527387
2001-03-27,15.78287410736084,24.538293838500977,24.847909927368164,24.321020126342773,24.429658889770508,7008687
2001-03-28,16.188154220581055,25.168386459350586,25.285171508789062,24.361759185791016,24.538293838500977,6254613
2001-03-29,16.413497924804688,25.518739700317383,25.65996742248535,24.986419677734375,25.168386459350586,7670711
2001-03-30,16.444944381713867,25.567626953125,25.80119514465332,25.217273712158203,25.80119514465332,6662211
2001-04-02,16.189897537231445,25.17110252380371,25.532318115234375,24.731124877929688,25.532318115234375,4763772
2001-04-03,15.721734046936035,24.4432373046875,25.16567039489746,24.30744171142578,25.035306930541992,5645611
2001-04-04,16.114778518676758,25.054317474365234,25.149375915527344,23.9842472076416,24.497556686401367,8143479
2001-04-05,16.420486450195312,25.52960205078125,25.6653995513916,25.258012771606445,25.461706161499023,7021206
2001-04-06,15.65186595916748,24.3346004486084,25.4481258392334,24.171646118164062,25.434545516967773,8940264
2001-04-09,15.796852111816406,24.560022354125977,24.633350372314453,24.30744171142578,24.429658889770508,4253815
2001-04-10,15.814316749572754,24.587181091308594,25.06789779663086,24.253122329711914,24.831613540649414,5932070
2001-04-11,15.547053337097168,24.171646118164062,24.57903289794922,23.832155227661133,24.57903289794922,5807619
2001-04-12,15.641390800476074,24.31830406188965,24.57360076904297,24.04943084716797,24.239543914794922,3623824
2001-04-16,15.800346374511719,24.565454483032227,24.837045669555664,24.171646118164062,24.52199935913086,4111321
2001-04-17,16.062381744384766,24.972841262817383,25.179250717163086,24.60890769958496,24.633350372314453,6398948
2001-04-18,15.844019889831543,24.633350372314453,25.190113067626953,24.473112106323242,25.190113067626953,5155536
2001-04-19,15.616926193237305,24.28028106689453,24.769147872924805,24.07930564880371,24.714828491210938,8345989
2001-04-20,15.662342071533203,24.35089683532715,24.426942825317383,23.655622482299805,23.832155227661133,5254950
2001-04-23,15.58548641204834,24.231395721435547,24.63063621520996,24.144487380981445,24.361759185791016,2515911
2001-04-24,15.354900360107422,23.872894287109375,24.293861389160156,23.81314468383789,24.185224533081055,4073028
2001-04-25,15.896424293518066,24.714828491210938,24.728408813476562,23.940792083740234,23.940792083740234,4771504
2001-04-26,15.931364059448242,24.769147872924805,24.780010223388672,24.253122329711914,24.714828491210938,4071924
2001-04-27,16.018705368041992,24.904943466186523,24.904943466186523,24.36990737915039,24.741987228393555,3186771
2001-04-30,15.922628402709961,24.75556755065918,25.054317474365234,24.549158096313477,24.850624084472656,3335524
2001-05-01,16.30693817138672,25.353069305419922,25.355785369873047,24.674089431762695,24.82346534729004,4426500
2001-05-02,15.987262725830078,24.856056213378906,25.258012771606445,24.606191635131836,25.258012771606445,5092206
2001-05-03,16.361087799072266,25.4372615814209,25.60836410522461,25.040739059448242,25.393808364868164,8812131
2001-05-04,16.54450798034668,25.72243309020996,25.991308212280273,25.516023635864258,25.52960205078125,5746497
2001-05-07,16.61089324951172,25.825637817382812,25.923410415649414,25.597501754760742,25.855512619018555,3426469
2001-05-08,16.289470672607422,25.325910568237305,25.695274353027344,25.054317474365234,25.69255828857422,3241633
2001-05-09,16.394283294677734,25.48886489868164,25.6653995513916,25.095056533813477,25.52960205078125,4228777
2001-05-10,16.340129852294922,25.40467071533203,25.62466049194336,25.230852127075195,25.62466049194336,1946305
2001-05-11,16.1584529876709,25.122215270996094,25.548614501953125,25.08147621154785,25.40467071533203,2988679
2001-05-14,16.210851669311523,25.203693389892578,25.48343276977539,25.162954330444336,25.190113067626953,2976161
2001-05-15,16.502588272094727,25.657251358032227,25.717002868652344,25.17653465270996,25.258012771606445,4717378
2001-05-16,16.665040969848633,25.909832000732422,26.072786331176758,25.4481258392334,25.52960205078125,10851222
2001-05-17,16.982973098754883,26.40412712097168,26.439434051513672,25.91526222229004,25.97772979736328,6975549
2001-05-18,16.818767547607422,26.148832321166992,26.610538482666016,26.018468856811523,26.507333755493164,3308645
2001-05-21,17.147171020507812,26.659423828125,26.7789249420166,26.148832321166992,26.148832321166992,4024794
2001-05-22,17.189096450805664,26.724605560302734,26.80608367919922,26.615970611572266,26.659423828125,3102821
2001-05-23,17.112241744995117,26.605106353759766,26.792503356933594,26.262901306152344,26.6702880859375,4379003
2001-05-24,17.11747932434082,26.61325454711914,26.61325454711914,26.113525390625,26.605106353759766,3381917
2001-05-25,16.91309356689453,26.29549217224121,26.371536254882812,26.086366653442383,26.344377517700195,2692278
2001-05-29,16.87466049194336,26.235740661621094,26.434003829956055,26.208581924438477,26.298206329345703,3723238
2001-05-30,17.136703491210938,26.643129348754883,26.73275375366211,26.480173110961914,26.507333755493164,3711824
2001-05-31,17.25198745727539,26.822378158569336,26.941879272460938,26.262901306152344,26.697446823120117,3596946
2001-06-01,17.507030487060547,27.218902587890625,27.441608428955078,26.7789249420166,26.822378158569336,5235988
2001-06-04,17.674734115600586,27.479631423950195,27.561107635498047,26.996198654174805,27.213470458984375,2815994
2001-06-05,17.552452087402344,27.28951644897461,27.756654739379883,26.979902267456055,27.756654739379883,5876288
2001-06-06,17.36728858947754,27.001630783081055,27.425312042236328,26.92015266418457,27.425312042236328,4919152
2001-06-07,17.391735076904297,27.03965187072754,27.267789840698242,26.892993927001953,27.05051612854004,5725510
2001-06-08,17.465116500854492,27.15372085571289,27.27865219116211,26.91472053527832,27.15915298461914,1779511
2001-06-11,17.25198745727539,26.822378158569336,27.126562118530273,26.643129348754883,27.023357391357422,1603143
2001-06-12,17.227535247802734,26.78435516357422,27.023357391357422,26.5725154876709,26.958175659179688,1748398
2001-06-13,17.30439567565918,26.90385627746582,27.04508399963379,26.453014373779297,26.78978729248047,3163390
2001-06-14,17.391735076904297,27.03965187072754,27.14828872680664,26.941879272460938,26.952743530273438,2813600
2001-06-15,17.660751342773438,27.457902908325195,27.52851676940918,26.979902267456055,26.996198654174805,4717378
2001-06-18,17.70616912841797,27.52851676940918,27.973926544189453,27.164583206176758,27.457902908325195,3211256
2001-06-19,18.261674880981445,28.39217758178711,28.51711082458496,27.430744171142578,27.702335357666016,7172536
2001-06-20,18.401432037353516,28.609451293945312,28.924497604370117,28.39760971069336,28.39760971069336,4713144
2001-06-21,18.8660945892334,29.331884384155273,29.60347557067871,28.473655700683594,28.555133819580078,6334513
2001-06-22,18.36998176574707,28.560565948486328,29.060293197631836,27.702335357666016,29.060293197631836,6198647
2001-06-25,18.446842193603516,28.680065155029297,28.75067901611328,28.326995849609375,28.696361541748047,5415302
2001-06-26,18.21973991394043,28.326995849609375,28.65290641784668,28.104291915893555,28.381315231323242,6199199
2001-06-27,18.32805633544922,28.49538230895996,28.73438262939453,28.337860107421875,28.381315231323242,3485013
2001-06-28,18.52719497680664,28.804996490478516,29.087451934814453,28.462791442871094,28.462791442871094,7437088
2001-06-29,17.64328384399414,27.430744171142578,28.245519638061523,26.328083038330078,27.7838134765625,12052475
2001-07-02,17.468589782714844,27.15915298461914,27.53394889831543,26.80065155029297,27.104833602905273,7595046
2001-07-03,17.115737915039062,26.610538482666016,27.191743850708008,26.605106353759766,27.104833602905273,4700994
2001-07-05,16.944543838500977,26.344377517700195,27.14828872680664,26.322650909423828,27.14828872680664,6215032
2001-07-06,16.734920501708984,26.018468856811523,26.349809646606445,26.007604598999023,26.208581924438477,4736893
2001-07-09,17.178617477416992,26.708311080932617,26.860401153564453,26.072786331176758,26.29006004333496,4622199
2001-07-10,16.958513259887695,26.366104125976562,26.865833282470703,26.214014053344727,26.844106674194336,4182016
2001-07-11,16.7209415435791,25.996740341186523,26.75176429748535,25.947853088378906,26.637697219848633,4082049
2001-07-12,16.811777114868164,26.137968063354492,26.317218780517578,25.833786010742188,25.947853088378906,5268758
2001-07-13,16.6475772857666,25.882671356201172,26.480173110961914,25.882671356201172,26.018468856811523,6204170
2001-07-16,16.71744728088379,25.991308212280273,26.072786331176758,25.828353881835938,25.882671356201172,4481915
2001-07-17,16.699979782104492,25.964149475097656,26.18142318725586,25.871809005737305,26.18142318725586,3595105
2001-07-18,16.59517478942871,25.80119514465332,26.018468856811523,25.42096710205078,26.018468856811523,6631834
2001-07-19,16.9794864654541,26.398696899414062,26.996198654174805,26.29006004333496,26.398696899414062,9386523
2001-07-20,16.982973098754883,26.40412712097168,26.7789249420166,26.127105712890625,26.42585563659668,4467923
2001-07-23,17.066818237304688,26.53449249267578,26.75176429748535,26.453014373779297,26.697446823120117,5191988
2001-07-24,16.83623695373535,26.17599105834961,26.610538482666016,26.078218460083008,26.53449249267578,2780278
2001-07-25,17.36378288269043,26.996198654174805,27.104833602905273,26.26833152770996,26.317218780517578,4683136
2001-07-26,17.36378288269043,26.996198654174805,27.441608428955078,26.996198654174805,27.13199234008789,3262988
2001-07-27,17.06333351135254,26.52906036376953,26.963607788085938,26.371536254882812,26.887561798095703,3856711
2001-07-30,17.080801010131836,26.55621910095215,26.80608367919922,26.371536254882812,26.692014694213867,2615693
2001-07-31,17.398727416992188,27.05051612854004,27.30038070678711,26.75176429748535,26.75176429748535,3890217
2001-08-01,17.482572555541992,27.180879592895508,27.311243057250977,26.941879272460938,27.05051612854004,4868893
2001-08-02,17.024900436401367,26.469310760498047,27.27322006225586,26.344377517700195,26.887561798095703,4799855
2001-08-03,16.83623695373535,26.17599105834961,26.5616512298584,25.953285217285156,26.5616512298584,3962753
2001-08-06,16.68250846862793,25.93699073791504,26.453014373779297,25.725149154663086,26.262901306152344,2465099
2001-08-07,17.101755142211914,26.588809967041016,26.615970611572266,25.54046630859375,25.93699073791504,3980794
2001-08-08,16.96550178527832,26.376968383789062,26.996198654174805,26.246604919433594,26.317218780517578,3113683
2001-08-09,17.307891845703125,26.90928840637207,26.969039916992188,26.53449249267578,26.6702880859375,4013012
2001-08-10,17.314884185791016,26.92015266418457,27.180879592895508,26.67572021484375,27.023357391357422,3027893
2001-08-13,17.7515869140625,27.599130630493164,27.794677734375,27.001630783081055,27.05594825744629,6378145
2001-08-14,18.121923446655273,28.17490577697754,28.48995018005371,27.8924503326416,27.973926544189453,8489403
2001-08-15,18.240713119506836,28.359586715698242,28.49538230895996,27.62085723876953,28.218360900878906,3594921
2001-08-16,18.184818267822266,28.27267837524414,28.435632705688477,27.946767807006836,28.288972854614258,3048328
2001-08-17,18.586589813232422,28.8973388671875,29.092884063720703,28.131450653076172,28.191200256347656,4934616
2001-08-20,18.429372787475586,28.65290641784668,28.8973388671875,28.625747680664062,28.7887020111084,3242737
2001-08-21,18.209272384643555,28.310701370239258,29.223247528076172,28.218360900878906,28.73438262939453,4334819
2001-08-22,18.282636642456055,28.424768447875977,28.462791442871094,28.060836791992188,28.316133499145508,4586299
2001-08-23,18.251201629638672,28.375883102416992,28.48995018005371,28.109722137451172,28.27267837524414,6582864
2001-08-24,18.48876190185547,28.74524688720703,28.859315872192383,28.435632705688477,28.51711082458496,2619559
2001-08-27,18.52020835876465,28.79413414001465,29.054861068725586,28.549701690673828,28.853883743286133,1502256
2001-08-28,18.08348846435547,28.115154266357422,28.527973175048828,27.93047332763672,28.51711082458496,7123565
2001-08-29,18.167341232299805,28.245519638061523,28.51167869567871,28.14774513244629,28.245519638061523,3663038
2001-08-30,18.359498977661133,28.544269561767578,28.7887020111084,28.250951766967773,28.250951766967773,4708542
2001-08-31,18.02759552001953,28.02824592590332,28.64747428894043,28.00108528137207,28.549701690673828,3350068
2001-09-04,18.233715057373047,28.348724365234375,28.51167869567871,27.53938102722168,27.8924503326416,4752910
2001-09-05,18.60755157470703,28.929929733276367,29.103748321533203,28.207496643066406,28.40847396850586,6028907
2001-09-06,18.586589813232422,28.8973388671875,29.27756690979004,28.625747680664062,29.168930053710938,6571265
2001-09-07,18.3420352935791,28.51711082458496,28.843019485473633,28.082563400268555,28.707223892211914,4790282
2001-09-10,18.628509521484375,28.962520599365234,28.97881507873535,27.973926544189453,28.354154586791992,3689732
2001-09-17,18.659954071044922,29.01140785217285,29.38620376586914,28.7887020111084,29.331884384155273,6309291
2001-09-18,18.516708374023438,28.7887020111084,29.060293197631836,28.604019165039062,28.8756103515625,6504989
2001-09-19,18.35251235961914,28.533405303955078,28.8973388671875,28.191200256347656,28.7887020111084,10117584
2001-09-20,18.132410049438477,28.191200256347656,28.50081443786621,27.995655059814453,28.27267837524414,4582433
2001-09-21,17.734121322631836,27.571971893310547,28.51711082458496,27.430744171142578,27.979358673095703,11724593
2001-09-24,17.61883544921875,27.39272117614746,27.91960906982422,27.007061004638672,27.702335357666016,6871717
2001-09-25,17.961217880249023,27.92504119873047,27.946767807006836,27.05051612854004,27.39272117614746,6886445
2001-09-26,18.464313507080078,28.707223892211914,28.7887020111084,27.91960906982422,27.92504119873047,6028539
2001-09-27,19.232927322387695,29.9022274017334,30.0977725982666,28.571428298950195,28.571428298950195,9676112
2001-09-28,19.232927322387695,29.9022274017334,30.363933563232422,29.456817626953125,30.038022994995117,8923879
2001-10-01,19.390148162841797,30.14665985107422,30.14665985107422,29.636066436767578,29.9022274017334,5034583
2001-10-02,18.6914005279541,29.060293197631836,29.815317153930664,28.40847396850586,29.331884384155273,10602687
2001-10-03,18.184818267822266,28.27267837524414,28.951656341552734,28.136882781982422,28.924497604370117,10688662
2001-10-04,18.3420352935791,28.51711082458496,28.946224212646484,28.354154586791992,28.76154327392578,6340588
2001-10-05,18.586589813232422,28.8973388671875,29.168930053710938,28.65290641784668,28.75611114501953,4319354
2001-10-08,18.68092155456543,29.04399871826172,29.158065795898438,28.690929412841797,28.89190673828125,2937684
2001-10-09,18.642484664916992,28.9842472076416,29.38620376586914,28.7887020111084,29.04399871826172,3107424
2001-10-10,18.673934936523438,29.03313446044922,29.212385177612305,28.843019485473633,28.9842472076416,3040227
2001-10-11,18.195289611816406,28.288972854614258,29.02227020263672,27.957632064819336,28.799564361572266,7049189
2001-10-12,18.37697410583496,28.571428298950195,28.73438262939453,28.00108528137207,28.218360900878906,3947104
2001-10-15,18.10096549987793,28.142314910888672,28.441064834594727,27.756654739379883,28.191200256347656,5814062
2001-10-16,18.0101261138916,28.00108528137207,28.359586715698242,27.865291595458984,28.02824592590332,5856405
2001-10-17,17.968202590942383,27.935903549194336,28.185768127441406,27.62085723876953,28.00108528137207,5207453
2001-10-18,17.30439567565918,26.90385627746582,27.91417694091797,25.5350341796875,27.566539764404297,20471736
2001-10-19,17.90531349182129,27.838130950927734,27.89788246154785,26.969039916992188,26.996198654174805,7234210
2001-10-22,18.188316345214844,28.27811050415039,28.27811050415039,27.577404022216797,27.702335357666016,4219020
2001-10-23,18.14987564086914,28.218360900878906,29.0059757232666,28.212928771972656,29.0059757232666,6670495
2001-10-24,17.594377517700195,27.354698181152344,28.087995529174805,27.15372085571289,28.082563400268555,5458933
2001-10-25,17.40571403503418,27.06138038635254,27.322107315063477,26.740901947021484,27.322107315063477,6021175
2001-10-26,17.461618423461914,27.14828872680664,27.419879913330078,26.860401153564453,27.13199234008789,3530670
2001-10-29,17.20656394958496,26.75176429748535,27.39815330505371,26.453014373779297,27.338403701782227,3286369
2001-10-30,16.902618408203125,26.27919578552246,26.6702880859375,26.099945068359375,26.615970611572266,4756224
2001-10-31,16.899118423461914,26.27376365661621,26.5725154876709,26.154264450073242,26.41499137878418,4081865
2001-11-01,17.171630859375,26.697446823120117,26.887561798095703,26.387832641601562,26.398696899414062,3711640
2001-11-02,17.11922264099121,26.615970611572266,26.887561798095703,26.344377517700195,26.615970611572266,4895219
2001-11-05,16.1864013671875,25.16567039489746,26.013036727905273,24.877784729003906,25.80119514465332,25326269
2001-11-06,16.053640365600586,24.959260940551758,25.095056533813477,24.57903289794922,24.850624084472656,18595205
2001-11-07,16.727933883666992,26.007604598999023,26.089082717895508,24.986419677734375,24.986419677734375,14226328
2001-11-08,16.668535232543945,25.91526222229004,26.453014373779297,25.605649948120117,26.208581924438477,9877517
2001-11-09,16.588184356689453,25.79033088684082,26.317218780517578,25.752309799194336,26.018468856811523,5170080
2001-11-12,16.892135620117188,26.262901306152344,26.371536254882812,25.52960205078125,25.80119514465332,5790866
2001-11-13,17.0982666015625,26.5833797454834,27.322107315063477,26.480173110961914,27.29494857788086,5351603
2001-11-14,16.769847869873047,26.072786331176758,26.7789249420166,26.04562759399414,26.697446823120117,3782150
2001-11-15,16.930561065673828,26.322650909423828,26.398696899414062,25.52960205078125,26.072786331176758,6813541
2001-11-16,17.178617477416992,26.708311080932617,26.708311080932617,26.127105712890625,26.18142318725586,5218315
2001-11-19,17.101755142211914,26.588809967041016,26.7789249420166,26.371536254882812,26.75176429748535,2679576
2001-11-20,17.30439567565918,26.90385627746582,27.15915298461914,26.40955924987793,26.615970611572266,4542299
2001-11-21,17.24150848388672,26.80608367919922,27.213470458984375,26.75176429748535,27.012493133544922,3099139
2001-11-23,17.11922264099121,26.615970611572266,26.6702880859375,26.491037368774414,26.615970611572266,1966556
2001-11-26,17.307891845703125,26.90928840637207,27.104833602905273,26.615970611572266,26.887561798095703,4028476
2001-11-27,17.3009033203125,26.89842414855957,27.093971252441406,26.463878631591797,26.643129348754883,3541348
2001-11-28,17.52450180053711,27.246061325073242,27.604562759399414,27.104833602905273,27.15915298461914,4700994
2001-11-29,18.114933013916016,28.16404151916504,28.375883102416992,27.7838134765625,28.218360900878906,9431811
2001-11-30,18.167341232299805,28.245519638061523,28.354154586791992,27.941335678100586,28.299837112426758,3931640
2001-12-03,17.985666275024414,27.963064193725586,28.48451805114746,27.859859466552734,28.245519638061523,3559389
2001-12-04,17.950735092163086,27.90874481201172,28.16404151916504,27.78924560546875,28.16404151916504,4167288
2001-12-05,17.573406219482422,27.322107315063477,27.973926544189453,27.29494857788086,27.90874481201172,6903750
2001-12-06,17.32884979248047,26.941879272460938,27.376426696777344,26.941879272460938,27.349266052246094,4814951
2001-12-07,17.807483673095703,27.6860408782959,27.865291595458984,27.104833602905273,27.13199234008789,5140440
2001-12-10,17.852903366088867,27.756654739379883,28.087995529174805,27.40358543395996,27.593698501586914,4539354
2001-12-11,17.950735092163086,27.90874481201172,28.109722137451172,27.702335357666016,27.973926544189453,12106048
2001-12-12,17.944374084472656,27.582834243774414,27.734926223754883,27.349266052246094,27.696903228759766,4304994
2001-12-13,17.75355339050293,27.28951644897461,27.91960906982422,27.246061325073242,27.566539764404297,5191988
2001-12-14,18.18113899230957,27.946767807006836,28.01194953918457,27.235197067260742,27.425312042236328,4422082
2001-12-17,18.287151336669922,28.109722137451172,28.370450973510742,27.91960906982422,28.00108528137207,5063671
2001-12-18,18.191730499267578,27.963064193725586,28.240087509155273,27.702335357666016,28.055404663085938,3327055
2001-12-19,18.30482292175293,28.136882781982422,28.191200256347656,27.751222610473633,27.968494415283203,3274955
2001-12-20,18.481494903564453,28.40847396850586,28.48995018005371,28.082563400268555,28.136882781982422,3047776
2001-12-21,18.8525390625,28.97881507873535,28.97881507873535,28.326995849609375,28.354154586791992,5740974
2001-12-24,18.845476150512695,28.967952728271484,29.087451934814453,28.924497604370117,28.97881507873535,979596
2001-12-26,18.958555221557617,29.14177131652832,29.315589904785156,29.065725326538086,29.223247528076172,2295911
2001-12-27,18.909088134765625,29.065725326538086,29.14177131652832,28.7778377532959,29.087451934814453,2527877
2001-12-28,18.940889358520508,29.114612579345703,29.14177131652832,28.902769088745117,29.114612579345703,2179928
2001-12-31,18.951486587524414,29.13090705871582,29.299293518066406,28.919065475463867,29.076589584350586,2028414
2002-01-02,18.764204025268555,28.843019485473633,29.27756690979004,28.631179809570312,29.223247528076172,7626711
2002-01-03,18.57337760925293,28.549701690673828,28.8973388671875,28.441064834594727,28.8973388671875,4980641
2002-01-04,18.675861358642578,28.707223892211914,29.01683807373047,28.52254295349121,28.73438262939453,2741617
2002-01-07,18.538043975830078,28.49538230895996,28.75611114501953,28.462791442871094,28.701793670654297,3871439
2002-01-08,18.36842155456543,28.234655380249023,28.560565948486328,28.202064514160156,28.51711082458496,4992056
2002-01-09,18.1740665435791,27.935903549194336,28.446495056152344,27.92504119873047,28.245519638061523,4404961
2002-01-10,18.258880615234375,28.066268920898438,28.082563400268555,27.832700729370117,27.92504119873047,4260442
2002-01-11,18.661725997924805,28.685497283935547,28.89190673828125,28.16947364807129,28.234655380249023,3141667
2002-01-14,18.757137298583984,28.832155227661133,29.03313446044922,28.685497283935547,28.690929412841797,4705964
2002-01-15,18.735933303833008,28.799564361572266,28.929929733276367,28.457359313964844,28.7887020111084,4712960
2002-01-16,18.640520095825195,28.65290641784668,28.951656341552734,28.435632705688477,28.87017822265625,2963826
2002-01-17,18.82427978515625,28.935361862182617,29.01683807373047,28.625747680664062,28.680065155029297,2249702
2002-01-18,18.859609603881836,28.98967933654785,29.054861068725586,28.804996490478516,28.843019485473633,1942807
2002-01-22,19.01509666442871,29.228679656982422,29.228679656982422,28.832155227661133,28.98967933654785,2191158
2002-01-23,19.456823348999023,29.90765953063965,29.972841262817383,29.087451934814453,29.228679656982422,6681173
2002-01-24,18.62285041809082,28.625747680664062,30.0108642578125,28.381315231323242,29.983705520629883,9570254
2002-01-25,18.559234619140625,28.527973175048828,28.685497283935547,28.337860107421875,28.625747680664062,5089629
2002-01-28,18.658191680908203,28.680065155029297,28.804996490478516,28.544269561767578,28.66377067565918,3442486
2002-01-29,18.446168899536133,28.354154586791992,28.815860748291016,28.27267837524414,28.680065155029297,5121662
2002-01-30,18.9939022064209,29.196088790893555,29.717544555664062,28.680065155029297,28.680065155029297,5864874
2002-01-31,19.72892189025879,30.325910568237305,30.325910568237305,28.962520599365234,29.282997131347656,7428987
2002-02-01,19.6123046875,30.14665985107422,30.646387100219727,29.657794952392578,30.325910568237305,5875736
2002-02-04,19.27659034729004,29.63063621520996,30.24986457824707,29.51113510131836,30.09234046936035,4228041
2002-02-05,19.67237663269043,30.23900032043457,30.461706161499023,29.402498245239258,29.440521240234375,5113746
2002-02-06,19.587556838989258,30.1086368560791,30.309614181518555,29.87506866455078,30.14665985107422,4694734
2002-02-07,19.308393478393555,29.679521560668945,30.10320472717285,29.467681884765625,30.054317474365234,3965514
2002-02-08,19.3331356048584,29.717544555664062,29.929386138916016,29.35904312133789,29.674089431762695,3788226
2002-02-11,19.6123046875,30.14665985107422,30.14665985107422,29.799022674560547,29.9891357421875,2410053
2002-02-12,19.71831512451172,30.309614181518555,30.499727249145508,30.157522201538086,30.211841583251953,4892089
2002-02-13,19.78899383544922,30.418251037597656,30.803911209106445,30.0108642578125,30.445409774780273,4082049
2002-02-14,19.85259246826172,30.516023635864258,30.651819229125977,30.25529670715332,30.418251037597656,3558653
2002-02-15,19.99394989013672,30.73329734802246,30.97229766845703,30.24443244934082,30.38022804260254,3767422
2002-02-19,19.55929946899414,30.065181732177734,30.662683486938477,30.038022994995117,30.554046630859375,3404745
2002-02-20,19.750118255615234,30.358501434326172,30.47800064086914,30.065181732177734,30.173818588256836,2667609
2002-02-21,19.417949676513672,29.847909927368164,30.412818908691406,29.712112426757812,30.24986457824707,4819002
2002-02-22,19.60523796081543,30.13579559326172,30.222705841064453,29.576316833496094,29.76643180847168,2504681
2002-02-25,19.38614845275879,29.799022674560547,30.0869083404541,29.706680297851562,29.87506866455078,4822131
2002-02-26,19.258926391601562,29.60347557067871,29.657794952392578,29.201520919799805,29.60347557067871,6285174
2002-02-27,19.682973861694336,30.25529670715332,30.336772918701172,29.549158096313477,29.73927116394043,5299134
2002-02-28,19.60523796081543,30.13579559326172,30.581205368041992,29.961977005004883,30.25529670715332,4610048
2002-03-01,19.566362380981445,30.076045989990234,30.282455444335938,29.86420440673828,30.22813606262207,4208526
2002-03-04,19.78899383544922,30.418251037597656,30.418251037597656,30.0108642578125,30.0108642578125,2814153
2002-03-05,19.495685577392578,29.967409133911133,30.363933563232422,29.782726287841797,30.363933563232422,4435337
2002-03-06,19.633502960205078,30.179250717163086,30.309614181518555,29.712112426757812,29.777294158935547,3269064
2002-03-07,19.68650245666504,30.26072883605957,30.47256851196289,29.88593292236328,30.09234046936035,4626065
2002-03-08,19.43561553955078,29.87506866455078,30.47256851196289,29.793590545654297,30.418251037597656,5675803
2002-03-11,19.34726905822754,29.73927116394043,29.85877227783203,29.38077163696289,29.820749282836914,4126417
2002-03-12,19.4780216217041,29.940250396728516,29.940250396728516,29.337316513061523,29.35904312133789,2917617
2002-03-13,19.598167419433594,30.12493133544922,30.152090072631836,29.87506866455078,29.956544876098633,4464609
2002-03-14,19.735979080200195,30.336772918701172,30.418251037597656,29.837045669555664,30.336772918701172,5073060
2002-03-15,20.425064086914062,31.395980834960938,31.450298309326172,30.526887893676758,30.581205368041992,9459058
2002-03-18,20.27311897277832,31.162412643432617,31.526344299316406,30.923410415649414,31.450298309326172,3920041
2002-03-19,20.16710090637207,30.99945640563965,31.2330265045166,30.86909294128418,30.923410415649414,4844592
2002-03-20,20.06108856201172,30.836502075195312,31.195003509521484,30.798479080200195,31.070070266723633,3936058
2002-03-21,20.460403442382812,31.450298309326172,31.618684768676758,30.73329734802246,30.945138931274414,4734132
2002-03-22,20.425064086914062,31.395980834960938,31.49918556213379,31.0157527923584,31.47745704650879,5123503
2002-03-25,20.591144561767578,31.651275634765625,31.803367614746094,31.34709358215332,31.395980834960938,6193124
2002-03-26,20.849105834960938,32.04779815673828,32.178165435791016,31.645845413208008,31.656707763671875,5538096
2002-03-27,21.061141967773438,32.37371063232422,32.37914276123047,31.97175407409668,32.156436920166016,6994143
2002-03-28,21.032861709594727,32.33025360107422,32.53666687011719,32.10755157470703,32.37371063232422,4731370
2002-04-01,20.7749080657959,31.933731079101562,32.35198211669922,31.901140213012695,32.34654998779297,3804242
2002-04-02,20.460403442382812,31.450298309326172,31.857685089111328,31.401411056518555,31.857685089111328,6116538
2002-04-03,20.12116241455078,30.928842544555664,31.287343978881836,30.765888214111328,31.1243896484375,7495447
2002-04-04,20.446264266967773,31.428571701049805,31.797935485839844,31.200435638427734,31.74361801147461,6488789
2002-04-05,20.37205696105957,31.314502716064453,31.59152603149414,31.091798782348633,31.47745704650879,3365348
2002-04-08,20.704227447509766,31.82509422302246,31.863117218017578,31.314502716064453,31.314502716064453,4589797
2002-04-09,20.849105834960938,32.04779815673828,32.156436920166016,31.776208877563477,31.98805046081543,4714617
2002-04-10,21.01872444152832,32.308528900146484,32.4008674621582,31.787071228027344,31.83052635192871,3513549
2002-04-11,20.460403442382812,31.450298309326172,32.50407409667969,31.34166145324707,32.36284637451172,4488358
2002-04-12,20.230712890625,31.097230911254883,31.434003829956055,30.98316192626953,31.178707122802734,4796173
2002-04-15,20.191831588745117,31.037479400634766,31.33079719543457,30.917978286743164,30.96143341064453,3083307
2002-04-16,20.326122283935547,31.24388885498047,31.368820190429688,30.771320343017578,31.037479400634766,4740759
2002-04-17,19.96567726135254,30.689842224121094,31.26018524169922,30.689842224121094,31.162412643432617,4547086
2002-04-18,20.47807502746582,31.47745704650879,31.694730758666992,30.559478759765625,30.689842224121094,7254092
2002-04-19,20.690099716186523,31.803367614746094,31.912004470825195,31.466594696044922,31.912004470825195,6435768
2002-04-22,20.248376846313477,31.1243896484375,31.884845733642578,31.1243896484375,31.803367614746094,4055171
2002-04-23,20.008081436157227,30.755023956298828,31.314502716064453,30.74959373474121,31.287343978881836,5499988
2002-04-24,19.916202545166016,30.61379623413086,31.22759437561035,30.61379623413086,31.097230911254883,4624592
2002-04-25,19.841999053955078,30.499727249145508,30.907115936279297,30.429115295410156,30.581205368041992,3867573
2002-04-26,20.015148162841797,30.765888214111328,30.96143341064453,30.363933563232422,30.418251037597656,10839992
2002-04-29,19.55929946899414,30.065181732177734,30.765888214111328,30.043455123901367,30.765888214111328,4163237
2002-04-30,20.107025146484375,30.907115936279297,31.184139251708984,30.048885345458984,30.14665985107422,5609527
2002-05-01,20.248376846313477,31.1243896484375,31.178707122802734,30.597501754760742,30.907115936279297,3486854
2002-05-02,20.142364501953125,30.96143341064453,31.12982177734375,30.47256851196289,31.1243896484375,4087020
2002-05-03,20.114091873168945,30.917978286743164,31.070070266723633,30.418251037597656,31.070070266723633,4225095
2002-05-06,19.930341720581055,30.63552474975586,31.097230911254883,30.61922836303711,30.907115936279297,3605599
2002-05-07,19.647640228271484,30.200977325439453,30.836502075195312,30.162954330444336,30.825637817382812,5508272
2002-05-08,19.615833282470703,30.152090072631836,30.49429702758789,30.0977725982666,30.363933563232422,5937225
2002-05-09,19.428543090820312,29.86420440673828,30.184682846069336,29.467681884765625,30.016294479370117,4238903
2002-05-10,19.31192970275879,29.684953689575195,30.22813606262207,29.679521560668945,30.0,5025746
2002-05-13,19.403812408447266,29.826181411743164,29.9022274017334,29.657794952392578,29.820749282836914,3057165
2002-05-14,19.42502212524414,29.85877227783203,30.09234046936035,29.657794952392578,29.85334014892578,5044708
2002-05-15,18.84901237487793,28.973384857177734,29.951114654541016,28.712656021118164,29.87506866455078,12142684
2002-05-16,18.665250778198242,28.690929412841797,28.8756103515625,28.614883422851562,28.65290641784668,7684150
2002-05-17,18.905550003051758,29.060293197631836,29.190656661987305,28.74524688720703,28.8973388671875,5559268
2002-05-20,18.711193084716797,28.76154327392578,29.054861068725586,28.707223892211914,29.0059757232666,3357248
2002-05-21,18.735933303833008,28.799564361572266,28.935361862182617,28.565996170043945,28.8973388671875,3909732
2002-05-22,18.343685150146484,28.196632385253906,28.690929412841797,28.02824592590332,28.571428298950195,9020348
2002-05-23,18.700590133666992,28.74524688720703,28.843019485473633,28.26724624633789,28.332427978515625,4402567
2002-05-24,18.651123046875,28.66920280456543,29.04943084716797,28.462791442871094,28.473655700683594,3256913
2002-05-28,18.477964401245117,28.40304183959961,28.832155227661133,28.033676147460938,28.39760971069336,5331168
2002-05-29,18.923221588134766,29.087451934814453,29.152633666992188,28.39760971069336,28.40304183959961,6792185
2002-05-30,18.898487091064453,29.04943084716797,29.185224533081055,28.51167869567871,28.51711082458496,12057445
2002-05-31,18.97622299194336,29.168930053710938,29.440521240234375,29.065725326538086,29.103748321533203,6535182
2002-06-03,18.658191680908203,28.680065155029297,29.331884384155273,28.674633026123047,29.25040626525879,4993713
2002-06-04,18.470901489257812,28.39217758178711,28.7887020111084,28.136882781982422,28.680065155029297,4766165
2002-06-05,18.40375518798828,28.288972854614258,28.625747680664062,28.25638198852539,28.527973175048828,4447120
2002-06-06,17.87016487121582,27.468767166137695,28.245519638061523,27.15915298461914,28.245519638061523,8496031
2002-06-07,17.810094833374023,27.376426696777344,27.506790161132812,26.871265411376953,27.29494857788086,5856221
2002-06-10,18.163461685180664,27.91960906982422,28.245519638061523,27.457902908325195,27.512222290039062,4548191
2002-06-11,17.251752853393555,26.51819610595703,27.91960906982422,26.469310760498047,27.91960906982422,6889758
2002-06-12,16.467262268066406,25.31233024597168,26.143400192260742,24.910375595092773,26.137968063354492,13296991
2002-06-13,16.251712799072266,24.980989456176758,25.567626953125,24.866920471191406,25.095056533813477,5252189
2002-06-14,16.41779136657715,25.236284255981445,25.475284576416016,24.47039794921875,24.68766975402832,5096072
2002-06-17,16.84537696838379,25.893535614013672,25.92612648010254,25.42096710205078,25.52960205078125,4907186
2002-06-18,17.191675186157227,26.42585563659668,26.5833797454834,25.52960205078125,25.871809005737305,6875583
2002-06-19,17.174022674560547,26.398696899414062,26.833242416381836,26.29006004333496,26.29006004333496,5915685
2002-06-20,16.739364624023438,25.730581283569336,26.55078887939453,25.583921432495117,26.496469497680664,4646500
2002-06-21,16.209293365478516,24.915807723999023,25.638240814208984,24.747419357299805,25.296035766601562,6805441
2002-06-24,16.138633728027344,24.807170867919922,25.17110252380371,24.122758865356445,25.040739059448242,6008656
2002-06-25,15.802922248840332,24.29114532470703,25.31233024597168,24.215099334716797,24.904943466186523,4285848
2002-06-26,15.580291748046875,23.94894027709961,24.225963592529297,23.57414436340332,24.171646118164062,7777305
2002-06-27,15.937207221984863,24.497556686401367,24.5518741607666,23.95980453491211,24.220531463623047,3710536
2002-06-28,15.707511901855469,24.144487380981445,24.910375595092773,24.06300926208496,24.57360076904297,6313341
2002-07-01,15.127985000610352,23.253665924072266,24.3346004486084,22.759370803833008,24.242259979248047,6297877
2002-07-02,14.788732528686523,22.732210159301758,23.253665924072266,22.514938354492188,23.08527946472168,5003286
2002-07-03,14.523709297180176,22.3248233795166,23.24823570251465,21.944595336914062,22.72677993774414,6114145
2002-07-05,15.279927253723145,23.487234115600586,23.492666244506836,22.813688278198242,22.86800765991211,2971006
2002-07-08,15.106772422790527,23.2210750579834,23.81857681274414,23.19934844970703,23.351438522338867,4277932
2002-07-09,14.53784465789795,22.3465518951416,23.514394760131836,22.270505905151367,23.166757583618164,5644322
2002-07-10,13.94770336151123,21.439434051513672,22.542097091674805,21.319934844970703,22.542097091674805,5570498
2002-07-11,14.131454467773438,21.72188949584961,21.890277862548828,20.803911209106445,21.444866180419922,5235988
2002-07-12,14.506034851074219,22.297664642333984,22.60184669494629,21.60782241821289,21.624116897583008,6397659
2002-07-15,14.47422981262207,22.248777389526367,22.542097091674805,21.319934844970703,22.297664642333984,4598634
2002-07-16,14.541372299194336,22.35198211669922,22.84084701538086,21.97175407409668,21.97718620300293,4879386
2002-07-17,15.340001106262207,23.57957649230957,23.780553817749023,23.166757583618164,23.2210750579834,8584399
2002-07-18,11.307994842529297,17.381858825683594,21.02118492126465,16.300922393798828,21.02118492126465,64115034
2002-07-19,11.219646453857422,17.246061325073242,17.843563079833984,17.110265731811523,17.327539443969727,23135663
2002-07-22,10.936949729919434,16.81151580810547,17.696903228759766,16.78435516357422,17.311243057250977,8559730
2002-07-23,11.265588760375977,17.316675186157227,17.6534481048584,16.833242416381836,16.92015266418457,9559945
2002-07-24,12.244437217712402,18.821292877197266,19.065725326538086,17.121129989624023,17.27322006225586,12196625
2002-07-25,12.682622909545898,19.494840621948242,19.565454483032227,18.73981475830078,18.821292877197266,9003226
2002-07-26,12.926451683044434,19.86963653564453,19.934818267822266,19.473112106323242,19.717544555664062,5699368
2002-07-29,13.74628734588623,21.12982177734375,21.23845672607422,20.543182373046875,20.63009262084961,9881568
2002-07-30,13.51305103302002,20.771320343017578,21.189571380615234,20.499727249145508,20.695274353027344,6457308
2002-07-31,14.103189468383789,21.678436279296875,21.82509422302246,20.668115615844727,20.907115936279297,8212149
2002-08-01,13.491853713989258,20.73872947692871,21.548072814941406,20.423683166503906,21.390548706054688,7814493
2002-08-02,13.51305103302002,20.771320343017578,21.292776107788086,20.47800064086914,20.47800064086914,6543650
2002-08-05,12.633151054382324,19.418794631958008,21.184139251708984,19.39163589477539,21.12982177734375,5953058
2002-08-06,12.85931396484375,19.76643180847168,20.13579559326172,19.549158096313477,19.554590225219727,4861345
2002-08-07,13.071331024169922,20.09234046936035,20.0977725982666,19.342748641967773,19.76643180847168,6906696
2002-08-08,13.484786033630371,20.72786521911621,20.73329734802246,20.0869083404541,20.309614181518555,5931150
2002-08-09,13.389369010925293,20.581205368041992,20.72243309020996,19.9891357421875,20.72243309020996,4570098
2002-08-12,13.21621322631836,20.315046310424805,20.537750244140625,20.0108642578125,20.532318115234375,3768343
2002-08-13,12.894647598266602,19.820749282836914,20.315046310424805,19.815317153930664,20.315046310424805,4441413
2002-08-14,12.544800758361816,19.282997131347656,19.961977005004883,18.957088470458984,19.934818267822266,10550587
2002-08-15,12.52713394165039,19.25583839416504,19.77186393737793,19.12004280090332,19.36447525024414,9521100
2002-08-16,12.01474666595459,18.468223571777344,18.66920280456543,18.40847396850586,18.604019165039062,11315522
2002-08-19,12.417586326599121,19.087451934814453,19.587181091308594,18.441064834594727,18.441064834594727,7204017
2002-08-20,12.322181701660156,18.940792083740234,19.228679656982422,18.837587356567383,19.12004280090332,4665646
2002-08-21,12.717957496643066,19.549158096313477,19.565454483032227,18.902769088745117,19.174362182617188,5218130
2002-08-22,12.898175239562988,19.826181411743164,20.043455123901367,19.445953369140625,19.554590225219727,5842229
2002-08-23,12.650818824768066,19.445953369140625,19.85334014892578,19.228679656982422,19.777294158935547,3200210
2002-08-26,13.089004516601562,20.11949920654297,20.412818908691406,19.52743148803711,19.554590225219727,6859750
2002-08-27,13.311629295349121,20.461706161499023,20.575773239135742,19.940250396728516,20.173818588256836,8076283
2002-08-28,13.195013046264648,20.282455444335938,20.38022804260254,20.043455123901367,20.26072883605957,4562734
2002-08-29,13.099596977233887,20.13579559326172,20.23356819152832,20.016294479370117,20.173818588256836,4664726
2002-08-30,12.823969841003418,19.712112426757812,20.401954650878906,19.554590225219727,20.13579559326172,4855269
2002-09-03,12.399920463562012,19.060293197631836,19.554590225219727,19.01140785217285,19.440521240234375,4812190
2002-09-04,12.668482780456543,19.473112106323242,19.51113510131836,19.01140785217285,19.065725326538086,3505448
2002-09-05,12.5801420211792,19.337316513061523,19.473112106323242,18.902769088745117,19.473112106323242,5234515
2002-09-06,12.438799858093262,19.12004280090332,19.60347557067871,19.087451934814453,19.52743148803711,3854134
2002-09-09,12.484731674194336,19.190656661987305,19.282997131347656,18.946224212646484,19.03856658935547,5747970
2002-09-10,12.456465721130371,19.14720344543457,19.223247528076172,19.01140785217285,19.12004280090332,6971131
2002-09-11,12.332780838012695,18.957088470458984,19.228679656982422,18.957088470458984,19.174362182617188,8458290
2002-09-12,11.51648235321045,17.702335357666016,18.89190673828125,17.6534481048584,18.886474609375,12317026
2002-09-13,11.463476181030273,17.62085723876953,17.724063873291016,16.02389907836914,16.29549217224121,21381374
2002-09-16,11.802719116210938,18.142314910888672,18.196632385253906,17.51765251159668,17.62085723876953,5298214
2002-09-17,11.42460823059082,17.561107635498047,18.27811050415039,17.51765251159668,18.196632385253906,5070666
2002-09-18,11.66136646270752,17.92504119873047,18.337860107421875,17.40901756286621,17.555675506591797,6213559
2002-09-19,11.604826927185059,17.838130950927734,17.92504119873047,17.734926223754883,17.78924560546875,4927068
2002-09-20,11.41047191619873,17.53938102722168,17.848995208740234,17.51765251159668,17.838130950927734,7319816
2002-09-23,10.961684226989746,16.849538803100586,17.436176300048828,16.746334075927734,17.327539443969727,7087850
2002-09-24,11.0712308883667,17.017925262451172,17.191743850708008,16.702878952026367,16.849538803100586,7433590
2002-09-25,11.505885124206543,17.6860408782959,17.91960906982422,17.115697860717773,17.561107635498047,5780372
2002-09-26,11.693175315856934,17.973926544189453,17.973926544189453,17.376426696777344,17.6534481048584,4975303
2002-09-27,11.099503517150879,17.06138038635254,17.64258575439453,17.012493133544922,17.63172149658203,6236572
2002-09-30,10.795597076416016,16.594242095947266,17.104833602905273,16.463878631591797,17.06681251525879,9153636
2002-10-01,10.466962814331055,16.089082717895508,16.713743209838867,15.81205940246582,16.702878952026367,10113718
2002-10-02,9.322030067443848,14.329169273376465,16.02389907836914,14.20423698425293,15.969581604003906,28530529
2002-10-03,9.576458930969238,14.720260620117188,15.372079849243164,13.351439476013184,14.25855541229248,33405866
2002-10-04,9.502246856689453,14.606191635131836,14.991851806640625,14.182510375976562,14.910374641418457,12632390
2002-10-07,9.866223335266113,15.165671348571777,15.263443946838379,14.88321590423584,15.209124565124512,10975858
2002-10-08,10.057046890258789,15.458990097045898,15.480716705322266,15.154807090759277,15.285170555114746,11490417
2002-10-09,9.98990535736084,15.355785369873047,15.464422225952148,15.12764835357666,15.241716384887695,7929739
2002-10-10,10.071182250976562,15.480716705322266,15.6165132522583,14.991851806640625,15.219988822937012,8369922
2002-10-11,10.124187469482422,15.562193870544434,15.877241134643555,15.431831359863281,15.75230884552002,4990399
2002-10-14,10.368016242980957,15.936990737915039,16.013036727905273,15.562193870544434,15.562193870544434,4249396
2002-10-15,10.604779243469238,16.300922393798828,16.40412712097168,15.936990737915039,16.132537841796875,6473692
2002-10-16,10.339746475219727,15.893535614013672,16.56708335876465,15.632807731628418,16.18685531616211,6965976
2002-10-17,9.452775001525879,14.530146598815918,16.56708335876465,13.579575538635254,16.18685531616211,27783083
2002-10-18,9.837955474853516,15.12221622467041,15.160239219665527,14.122758865356445,14.122758865356445,13795534
2002-10-21,10.035847663879395,15.426399230957031,15.545899391174316,14.856056213378906,14.986419677734375,10193065
2002-10-22,10.000508308410645,15.372079849243164,15.5078763961792,15.209124565124512,15.209124565124512,7999329
2002-10-23,9.735475540161133,14.964693069458008,15.236285209655762,14.665942192077637,15.236285209655762,8120835
2002-10-24,9.343228340148926,14.361760139465332,14.959260940551758,14.225963592529297,14.888647079467773,10487625
2002-10-25,9.611796379089355,14.774579048156738,14.866920471191406,14.340032577514648,14.579032897949219,5246666
2002-10-28,9.795547485351562,15.05703353881836,15.138511657714844,14.87778377532959,15.019010543823242,6316471
2002-10-29,9.452775001525879,14.530146598815918,15.100488662719727,14.334601402282715,15.051602363586426,8305672
2002-10-30,8.876776695251465,13.644758224487305,13.916350364685059,13.074416160583496,13.867463111877441,19833461
2002-10-31,8.841437339782715,13.590439796447754,13.872895240783691,13.552416801452637,13.780553817749023,8868649
2002-11-01,8.558735847473145,13.15589427947998,13.785985946655273,13.074416160583496,13.785985946655273,12878347
2002-11-04,8.887373924255371,13.661053657531738,13.775121688842773,13.286256790161133,13.33514404296875,14071684
2002-11-05,8.887373924255371,13.661053657531738,13.851167678833008,13.579575538635254,13.661053657531738,16890255
2002-11-06,9.078200340270996,13.954373359680176,13.99782657623291,13.655621528625488,13.709939956665039,19729813
2002-11-07,9.099403381347656,13.986964225769043,14.041281700134277,13.834872245788574,13.986964225769043,11130686
2002-11-08,9.332624435424805,14.345463752746582,14.464964866638184,13.959803581237793,14.052145957946777,11083556
2002-11-11,9.31142520904541,14.312872886657715,14.513851165771484,14.133623123168945,14.285714149475098,8331077
2002-11-12,9.887426376342773,15.198262214660645,15.36121654510498,14.20423698425293,14.318305015563965,13882797
2002-11-13,10.198397636413574,15.676262855529785,16.132537841796875,14.997283935546875,15.160239219665527,15837018
2002-11-14,10.594175338745117,16.28462791442871,16.28462791442871,15.725149154663086,15.888104438781738,6616186
2002-11-15,10.622446060180664,16.328083038330078,16.40412712097168,16.083650588989258,16.28462791442871,8277504
2002-11-18,10.689587593078613,16.43128776550293,16.702878952026367,16.203149795532227,16.328083038330078,6785374
2002-11-19,10.83094310760498,16.648561477661133,16.838674545288086,16.159696578979492,16.387832641601562,5952874
2002-11-20,10.530570983886719,16.18685531616211,16.605106353759766,15.75230884552002,16.605106353759766,12380357
2002-11-21,10.81326675415039,16.621400833129883,16.730037689208984,16.224878311157227,16.26833152770996,10437181
2002-11-22,11.050034523010254,16.985334396362305,17.267789840698242,16.68115234375,16.702878952026367,8871595
2002-11-25,11.057093620300293,16.996198654174805,17.327539443969727,16.838674545288086,16.985334396362305,8826490
2002-11-26,11.113637924194336,17.083106994628906,17.218902587890625,16.90385627746582,17.05594825744629,6854964
2002-11-27,10.785002708435059,16.57794761657715,17.14285659790039,16.078218460083008,17.083106994628906,9422054
2002-11-29,11.304460525512695,17.376426696777344,17.593698501586914,16.730037689208984,16.7571964263916,4161949
2002-12-02,11.120705604553223,17.093971252441406,17.599130630493164,16.78435516357422,17.599130630493164,5510849
2002-12-03,11.205516815185547,17.224334716796875,17.6534481048584,17.001630783081055,17.51765251159668,5485075
2002-12-04,11.339798927307129,17.430744171142578,17.6534481048584,16.854970932006836,17.088539123535156,5954715
2002-12-05,11.201982498168945,17.218902587890625,17.474199295043945,17.083106994628906,17.441608428955078,5476423
2002-12-06,11.307994842529297,17.381858825683594,17.40358543395996,16.974470138549805,17.110265731811523,6035719
2002-12-09,11.329198837280273,17.41444969177246,17.941335678100586,17.27322006225586,17.327539443969727,7350193
2002-12-10,11.060633659362793,17.001630783081055,17.463335037231445,16.865833282470703,17.463335037231445,8593972
2002-12-11,10.362814903259277,15.632807731628418,16.322650909423828,15.6165132522583,16.159696578979492,29139164
2002-12-12,10.460034370422363,15.779467582702637,15.936990737915039,15.535035133361816,15.670830726623535,45873854
2002-12-13,10.460034370422363,15.779467582702637,15.904399871826172,15.638239860534668,15.697990417480469,9709250
2002-12-16,10.676078796386719,16.105377197265625,16.110809326171875,15.74687671661377,15.904399871826172,9208130
2002-12-17,10.6184663772583,16.018468856811523,16.18685531616211,15.866376876831055,16.121673583984375,7895129
2002-12-18,10.528449058532715,15.882672309875488,16.02389907836914,15.725149154663086,15.947854042053223,7124670
2002-12-19,10.334010124206543,15.589353561401367,15.882672309875488,15.518739700317383,15.860944747924805,6912955
2002-12-20,10.171978950500488,15.344921112060547,15.659967422485352,15.214556694030762,15.545899391174316,10894486
2002-12-23,10.10716438293457,15.247147560119629,15.334057807922363,15.105920791625977,15.301466941833496,6657424
2002-12-24,10.171978950500488,15.344921112060547,15.453557968139648,15.181965827941895,15.236285209655762,2073518
2002-12-26,10.045955657958984,15.154807090759277,15.437261581420898,15.07876205444336,15.31776237487793,2843793
2002-12-27,9.955934524536133,15.019010543823242,15.31776237487793,15.019010543823242,15.236285209655762,3111658
2002-12-30,10.02074909210205,15.11678409576416,15.225420951843262,14.834328651428223,15.046171188354492,4227857
2002-12-31,10.081963539123535,15.209124565124512,15.296034812927246,14.94296646118164,15.035306930541992,4474919
2003-01-02,10.33041000366211,15.583922386169434,15.60021686553955,15.252579689025879,15.393808364868164,5752757
2003-01-03,10.28000259399414,15.5078763961792,15.638239860534668,15.393808364868164,15.583922386169434,4645579
2003-01-06,10.55005168914795,15.915263175964355,16.05105972290039,15.480716705322266,15.535035133361816,7733121
2003-01-07,10.424029350280762,15.725149154663086,16.094514846801758,15.659967422485352,16.067354202270508,5161612
2003-01-08,10.45643138885498,15.774036407470703,16.002172470092773,15.535035133361816,15.697990417480469,5308339
2003-01-09,10.91012191772461,16.458446502685547,16.501901626586914,15.860944747924805,15.860944747924805,13584555
2003-01-10,10.946130752563477,16.512765884399414,16.659423828125,16.27376365661621,16.458446502685547,11303188
2003-01-13,11.17297077178955,16.854970932006836,17.001630783081055,16.708311080932617,16.730037689208984,9030105
2003-01-14,11.234183311462402,16.947311401367188,17.012493133544922,16.822378158569336,16.854970932006836,5654079
2003-01-15,10.960533142089844,16.53449249267578,16.81694793701172,16.349809646606445,16.81151580810547,10874603
2003-01-16,11.039741516113281,16.65399169921875,16.730037689208984,16.485605239868164,16.621400833129883,5965761
2003-01-17,10.928129196166992,16.485605239868164,16.605106353759766,16.382400512695312,16.382400512695312,5168239
2003-01-21,10.884916305541992,16.42042350769043,16.844106674194336,16.42042350769043,16.67572021484375,4498668
2003-01-22,10.640068054199219,16.05105972290039,16.344377517700195,15.708853721618652,16.241172790527344,11167322
2003-01-23,10.5320463180542,15.888104438781738,16.235740661621094,15.79576301574707,16.05105972290039,6031484
2003-01-24,10.370019912719727,15.643671989440918,15.926127433776855,15.469853401184082,15.893535614013672,5061645
2003-01-27,10.258393287658691,15.475284576416016,15.676262855529785,15.296034812927246,15.323193550109863,4446015
2003-01-28,10.424029350280762,15.725149154663086,15.757740020751953,15.458990097045898,15.513307571411133,4390417
2003-01-29,10.319609642028809,15.567625999450684,16.02389907836914,15.290602684020996,16.02389907836914,6005526
2003-01-30,10.099967956542969,15.236285209655762,15.458990097045898,15.138511657714844,15.431831359863281,5988773
2003-01-31,10.146773338317871,15.30689811706543,15.399239540100098,15.12764835357666,15.154807090759277,7693723
2003-02-03,10.193583488464355,15.377511978149414,15.480716705322266,15.263443946838379,15.399239540100098,6237308
2003-02-04,10.153977394104004,15.31776237487793,15.372079849243164,15.11678409576416,15.372079849243164,5054281
2003-02-05,10.07475757598877,15.198262214660645,15.399239540100098,14.970125198364258,15.263443946838379,7620820
2003-02-06,10.085559844970703,15.214556694030762,15.263443946838379,15.06246566772461,15.203694343566895,5294164
2003-02-07,9.90192699432373,14.93753433227539,15.263443946838379,14.801737785339355,15.214556694030762,7296988
2003-02-10,9.671481132507324,14.589897155761719,14.752852439880371,14.367192268371582,14.752852439880371,11491890
2003-02-11,9.613869667053223,14.5029878616333,14.649646759033203,14.410646438598633,14.649646759033203,7091164
2003-02-12,9.448240280151367,14.25312328338623,14.557306289672852,14.19337272644043,14.470396995544434,4729897
2003-02-13,9.379822731018066,14.149918556213379,14.25855541229248,13.769689559936523,14.25312328338623,6597776
2003-02-14,9.754300117492676,14.714829444885254,14.714829444885254,14.079304695129395,14.19337272644043,6321074
2003-02-18,10.017147064208984,15.111352920532227,15.143943786621094,14.714829444885254,14.714829444885254,5075637
2003-02-19,9.90192699432373,14.93753433227539,15.11678409576416,14.828897476196289,15.111352920532227,3439356
2003-02-20,9.865920066833496,14.88321590423584,15.154807090759277,14.866920471191406,15.046171188354492,2934186
2003-02-21,10.114365577697754,15.258011817932129,15.334057807922363,14.796305656433105,14.888647079467773,4661044
2003-02-24,9.941534996032715,14.997283935546875,15.203694343566895,14.866920471191406,15.12221622467041,4798567
2003-02-25,10.114365577697754,15.258011817932129,15.296034812927246,14.660511016845703,14.861488342285156,4927437
2003-02-26,10.13597297668457,15.290602684020996,15.323193550109863,15.11678409576416,15.263443946838379,5037897
2003-02-27,10.182779312133789,15.36121654510498,15.464422225952148,15.165671348571777,15.30689811706543,4920073
2003-02-28,10.222387313842773,15.420967102050781,15.431831359863281,15.209124565124512,15.36121654510498,4227120
2003-03-03,10.287198066711426,15.518739700317383,16.02389907836914,15.372079849243164,16.02389907836914,6453073
2003-03-04,10.305207252502441,15.545899391174316,15.768604278564453,15.480716705322266,15.480716705322266,5895434
2003-03-05,10.359220504760742,15.627375602722168,15.725149154663086,15.442693710327148,15.545899391174316,4228409
2003-03-06,10.312408447265625,15.5567626953125,15.654536247253418,15.344921112060547,15.464422225952148,5816824
2003-03-07,10.334010124206543,15.589353561401367,15.6165132522583,15.339488983154297,15.355785369873047,4191405
2003-03-10,10.171978950500488,15.344921112060547,15.665398597717285,15.279739379882812,15.589353561401367,6733458
2003-03-11,9.991944313049316,15.07332992553711,15.431831359863281,15.008148193359375,15.36664867401123,4580960
2003-03-12,9.819109916687012,14.812602043151855,15.06789779663086,14.508419036865234,14.94296646118164,6165325
2003-03-13,7.7775163650512695,11.73275375366211,13.030961036682129,11.189571380615234,12.520368576049805,66490661
2003-03-14,7.075374603271484,10.67354679107666,11.78707218170166,10.505160331726074,11.73818588256836,41713194
2003-03-17,7.273414611816406,10.972297668457031,10.994025230407715,10.516023635864258,10.836502075195312,27515034
2003-03-18,7.356231689453125,11.097229957580566,11.200434684753418,10.972297668457031,10.999457359313965,16578021
2003-03-19,7.561471939086914,11.406844139099121,11.412276268005371,11.10809326171875,11.129820823669434,15173154
2003-03-20,7.421043872833252,11.195002555847168,11.314502716064453,11.0646390914917,11.29820728302002,9567493
2003-03-21,7.370631694793701,11.118956565856934,11.330798149108887,10.755023956298828,11.330798149108887,17301902
2003-03-24,7.006961345672607,10.570342063903809,10.999457359313965,10.385660171508789,10.91797924041748,11178920
2003-03-25,7.057370662689209,10.646388053894043,10.945138931274414,10.401954650878906,10.570342063903809,12701427
2003-03-26,7.035770416259766,10.613797187805176,10.765888214111328,10.467137336730957,10.689842224121094,9448012
2003-03-27,7.039370059967041,10.619229316711426,10.722433090209961,10.48886489868164,10.570342063903809,6036455
2003-03-28,6.898942470550537,10.407386779785156,10.624661445617676,10.320478439331055,10.564909934997559,8807712
2003-03-31,6.711704730987549,10.124932289123535,10.380228042602539,10.070613861083984,10.380228042602539,10183676
2003-04-01,6.6828999519348145,10.081477165222168,10.293318748474121,9.875067710876465,10.168387413024902,14549607
2003-04-02,6.9097442626953125,10.423683166503906,10.592069625854492,10.293318748474121,10.423683166503906,11380510
2003-04-03,6.830528736114502,10.304183006286621,10.581206321716309,10.233569145202637,10.537751197814941,8148082
2003-04-04,6.7153096199035645,10.130364418029785,10.456274032592773,10.021726608276367,10.358501434326172,6958060
2003-04-07,6.762114524841309,10.20097827911377,10.711569786071777,10.18468189239502,10.18468189239502,12011236
2003-04-08,6.830528736114502,10.304183006286621,10.423683166503906,10.20097827911377,10.255295753479004,9098406
2003-04-09,6.877338409423828,10.374795913696289,10.499728202819824,10.293318748474121,10.369363784790039,9067109
2003-04-10,6.934948444366455,10.461706161499023,10.516023635864258,10.380228042602539,10.385660171508789,6949775
2003-04-11,7.107783794403076,10.722433090209961,10.890819549560547,10.456274032592773,10.543183326721191,11674333
2003-04-14,7.201397895812988,10.86366081237793,10.896251678466797,10.630091667175293,10.738728523254395,8036886
2003-04-15,7.23740816116333,10.91797924041748,11.091797828674316,10.809343338012695,10.86366081237793,15380635
2003-04-16,6.895341396331787,10.401954650878906,10.92341136932373,10.401954650878906,10.912548065185547,16934070
2003-04-17,6.974558353424072,10.521455764770508,10.575774192810059,10.293318748474121,10.374795913696289,13579952
2003-04-21,7.06097412109375,10.651820182800293,10.706137657165527,10.391092300415039,10.635523796081543,8080885
2003-04-22,7.277016639709473,10.977728843688965,11.0537748336792,10.532319068908691,10.592069625854492,13178246
2003-04-23,7.712705135345459,11.634981155395508,11.678436279296875,11.010319709777832,11.026616096496582,16693268
2003-04-24,7.82072114944458,11.79793643951416,11.97718620300293,11.423139572143555,11.634981155395508,12885159
2003-04-25,7.766713619232178,11.716458320617676,11.922867774963379,11.711027145385742,11.830527305603027,9182540
2003-04-28,8.040362358093262,12.129278182983398,12.324823379516602,11.78707218170166,11.78707218170166,7333255
2003-04-29,7.979152679443359,12.036935806274414,12.194459915161133,11.933732032775879,12.091255187988281,8599127
2003-04-30,8.28161334991455,12.493209838867188,12.683323860168457,12.004344940185547,12.042367935180664,16036215
2003-05-01,8.321218490600586,12.552960395812988,12.770234107971191,12.28136920928955,12.487777709960938,7823145
2003-05-02,8.440040588378906,12.732211112976074,12.84084701538086,12.357414245605469,12.509506225585938,6592805
2003-05-05,8.364426612854004,12.618142127990723,12.781097412109375,12.422595977783203,12.753937721252441,7542209
2003-05-06,8.260004997253418,12.46061897277832,12.601846694946289,12.41173267364502,12.547529220581055,9193770
2003-05-07,8.256404876708984,12.45518684387207,12.585551261901855,12.41173267364502,12.46605110168457,8526592
2003-05-08,8.101573944091797,12.22161865234375,12.47691535949707,12.1673002243042,12.422595977783203,8497872
2003-05-09,8.101573944091797,12.22161865234375,12.362846374511719,12.161869049072266,12.232481956481934,8882825
2003-05-12,8.184391021728516,12.346550941467285,12.438892364501953,12.112981796264648,12.1673002243042,9055327
2003-05-13,8.335619926452637,12.574687957763672,12.960348129272461,12.362846374511719,12.390005111694336,11284962
2003-05-14,8.443644523620605,12.737643241882324,12.764801979064941,12.199891090393066,12.710482597351074,12191470
2003-05-15,8.868522644042969,13.378599166870117,13.422053337097168,12.976642608642578,13.036393165588379,15604500
2003-05-16,8.101573944091797,12.22161865234375,13.09071159362793,11.814230918884277,12.938619613647461,28917508
2003-05-19,8.090778350830078,12.205323219299316,12.438892364501953,12.03150463104248,12.22705078125,9957601
2003-05-20,8.242003440856934,12.433460235595703,12.46605110168457,12.189027786254883,12.2759370803833,12044927
2003-05-21,8.306818962097168,12.531232833862305,12.552960395812988,12.335686683654785,12.390005111694336,6084505
2003-05-22,8.414836883544922,12.694188117980957,12.770234107971191,12.509506225585938,12.509506225585938,5938514
2003-05-23,8.580467224121094,12.944051742553711,13.036393165588379,12.764801979064941,12.90059757232666,6344270
2003-05-27,8.548064231872559,12.895166397094727,12.938619613647461,12.66702938079834,12.737643241882324,7147683
2003-05-28,8.605672836303711,12.982074737548828,13.068984031677246,12.819120407104492,12.873437881469727,8753035
2003-05-29,8.576869010925293,12.938619613647461,13.112439155578613,12.895166397094727,12.954916000366211,6476454
2003-05-30,9.124173164367676,13.764259338378906,13.769689559936523,13.12873363494873,13.14503002166748,8697068
2003-06-02,8.976547241210938,13.54155445098877,14.513851165771484,13.498099327087402,14.513851165771484,9182356
2003-06-03,9.124173164367676,13.764259338378906,13.883758544921875,13.51439380645752,13.54155445098877,5363938
2003-06-04,9.235796928405762,13.932644844055176,14.307441711425781,13.731668472290039,13.764259338378906,6706211
2003-06-05,9.36902141571045,14.133623123168945,14.19880485534668,13.52525806427002,13.693644523620605,9057536
2003-06-06,9.394227981567383,14.171646118164062,14.5029878616333,14.052145957946777,14.242259979248047,6602010
2003-06-09,9.152981758117676,13.80771255493164,14.122758865356445,13.633894920349121,14.122758865356445,7154862
2003-06-10,9.286205291748047,14.00869083404541,14.00869083404541,13.791418075561523,13.943509101867676,4410668
2003-06-11,9.523852348327637,14.367192268371582,14.3943510055542,13.82944107055664,13.959803581237793,4646316
2003-06-12,9.217792510986328,13.905486106872559,14.361760139465332,13.693644523620605,14.340032577514648,11807438
2003-06-13,9.012552261352539,13.595871925354004,13.99782657623291,13.508962631225586,13.905486106872559,9643342
2003-06-16,9.36181926727295,14.122758865356445,14.122758865356445,13.362302780151367,13.362302780151367,6475902
2003-06-17,9.509445190429688,14.345463752746582,14.5029878616333,14.285714149475098,14.44866943359375,7968953
2003-06-18,9.459039688110352,14.269418716430664,14.4432373046875,14.068441390991211,14.340032577514648,6296036
2003-06-19,9.206993103027344,13.889190673828125,14.340032577514648,13.851167678833008,14.334601402282715,7808602
2003-06-20,9.329411506652832,14.073872566223145,14.20423698425293,13.938076972961426,13.943509101867676,6357157
2003-06-23,9.077367782592773,13.693644523620605,14.106464385986328,13.606735229492188,13.938076972961426,5255871
2003-06-24,9.037758827209473,13.633894920349121,13.948941230773926,13.470939636230469,13.862031936645508,7961589
2003-06-25,9.00174617767334,13.579575538635254,13.894621849060059,13.508962631225586,13.633894920349121,4491488
2003-06-26,9.138577461242676,13.785985946655273,13.80771255493164,13.557848930358887,13.655621528625488,3950418
2003-06-27,9.055757522583008,13.661053657531738,13.959803581237793,13.470939636230469,13.677349090576172,3920962
2003-06-30,9.36181926727295,14.122758865356445,14.236827850341797,13.851167678833008,13.851167678833008,8462709
2003-07-01,9.210592269897461,13.894621849060059,14.122758865356445,13.639326095581055,14.122758865356445,6231049
2003-07-02,9.005352020263672,13.585007667541504,13.715372085571289,13.036393165588379,13.14503002166748,21075768
2003-07-03,9.00174617767334,13.579575538635254,13.709939956665039,13.362302780151367,13.362302780151367,6251300
2003-07-07,9.091767311096191,13.715372085571289,13.796850204467773,13.579575538635254,13.579575538635254,5949007
2003-07-08,9.044961929321289,13.644758224487305,13.731668472290039,13.568713188171387,13.612167358398438,7261825
2003-07-09,9.00174617767334,13.579575538635254,13.682781219482422,13.51439380645752,13.563281059265137,5740974
2003-07-10,8.965744972229004,13.52525806427002,13.563281059265137,13.248234748840332,13.52525806427002,7902308
2003-07-11,9.131376266479492,13.775121688842773,13.872895240783691,13.508962631225586,13.508962631225586,5611552
2003-07-14,8.994546890258789,13.568713188171387,13.959803581237793,13.546984672546387,13.959803581237793,5645058
2003-07-15,8.911734580993652,13.443780899047852,13.617598533630371,13.373167037963867,13.57414436340332,4244978
2003-07-16,8.638079643249512,13.030961036682129,13.470939636230469,12.764801979064941,13.378599166870117,8075178
2003-07-17,8.825319290161133,13.313417434692383,13.52525806427002,12.438892364501953,13.030961036682129,15513555
2003-07-18,9.36181926727295,14.122758865356445,14.19337272644043,13.454644203186035,13.470939636230469,13500605
2003-07-21,9.405033111572266,14.18794059753418,14.318305015563965,14.00869083404541,14.122758865356445,9522204
2003-07-22,9.700284957885742,14.63335132598877,14.796305656433105,14.296578407287598,14.350895881652832,8535612
2003-07-23,9.664280891418457,14.579032897949219,14.665942192077637,14.475828170776367,14.611623764038086,4272961
2003-07-24,9.703888893127441,14.63878345489502,14.856056213378906,14.166213989257812,14.584465026855469,6043083
2003-07-25,10.171978950500488,15.344921112060547,15.344921112060547,14.568168640136719,14.568168640136719,5625912
2003-07-28,9.90192699432373,14.93753433227539,15.888104438781738,14.807169914245605,15.888104438781738,12889946
2003-07-29,9.65707778930664,14.568168640136719,14.975557327270508,14.4432373046875,14.910374641418457,8256701
2003-07-30,9.862322807312012,14.87778377532959,15.07332992553711,14.584465026855469,14.665942192077637,4052777
2003-07-31,9.941534996032715,14.997283935546875,15.339488983154297,14.87778377532959,14.87778377532959,5840204
2003-08-01,10.193583488464355,15.377511978149414,15.453557968139648,14.975557327270508,15.089625358581543,6784269
2003-08-04,10.193583488464355,15.377511978149414,15.589353561401367,15.002716064453125,15.36121654510498,5327486
2003-08-05,9.829913139343262,14.828897476196289,15.274307250976562,14.801737785339355,15.192830085754395,6333961
2003-08-06,9.930730819702148,14.980989456176758,15.12221622467041,14.720260620117188,14.801737785339355,3633398
2003-08-07,10.049554824829102,15.160239219665527,15.30689811706543,14.975557327270508,15.209124565124512,3799824
2003-08-08,9.991944313049316,15.07332992553711,15.181965827941895,14.948397636413574,15.160239219665527,3263173
2003-08-11,10.204383850097656,15.393808364868164,15.567625999450684,14.986419677734375,15.024442672729492,3970117
2003-08-12,10.189983367919922,15.372079849243164,15.5078763961792,15.138511657714844,15.420967102050781,3194687
2003-08-13,10.132373809814453,15.285170555114746,15.491580963134766,15.07876205444336,15.453557968139648,3210152
2003-08-14,10.153977394104004,15.31776237487793,15.480716705322266,15.219988822937012,15.377511978149414,2179008
2003-08-15,10.197183609008789,15.382944107055664,15.382944107055664,15.209124565124512,15.328625679016113,1650641
2003-08-18,10.254794120788574,15.469853401184082,15.60021686553955,15.344921112060547,15.388376235961914,2995307
2003-08-19,10.204383850097656,15.393808364868164,15.562193870544434,15.241716384887695,15.274307250976562,2624898
2003-08-20,10.02074909210205,15.11678409576416,15.458990097045898,15.040739059448242,15.372079849243164,3804611
2003-08-21,9.955934524536133,15.019010543823242,15.165671348571777,14.93753433227539,15.11678409576416,4711487
2003-08-22,9.689485549926758,14.617055892944336,15.198262214660645,14.508419036865234,15.181965827941895,7912802
2003-08-25,9.815508842468262,14.807169914245605,14.845192909240723,14.584465026855469,14.617055892944336,4323957
2003-08-26,9.927133560180664,14.975557327270508,15.002716064453125,14.579032897949219,14.671374320983887,3926117
2003-08-27,9.703888893127441,14.63878345489502,14.92667007446289,14.606191635131836,14.910374641418457,2894052
2003-08-28,9.9883451461792,15.06789779663086,15.12221622467041,14.676806449890137,14.68223762512207,3675372
2003-08-29,10.117968559265137,15.263443946838379,15.279739379882812,15.06246566772461,15.06789779663086,3137248
2003-09-02,10.305207252502441,15.545899391174316,15.583922386169434,15.31776237487793,15.5078763961792,3693598
2003-09-03,10.258393287658691,15.475284576416016,15.670830726623535,15.399239540100098,15.562193870544434,3405298
2003-09-04,10.258393287658691,15.475284576416016,15.627375602722168,15.181965827941895,15.209124565124512,5441812
2003-09-05,10.359220504760742,15.627375602722168,15.79576301574707,15.399239540100098,15.453557968139648,3616645
2003-09-08,10.49604320526123,15.833786010742188,15.888104438781738,15.480716705322266,15.491580963134766,4869077
2003-09-09,10.370019912719727,15.643671989440918,15.915263175964355,15.61108112335205,15.839218139648438,3261332
2003-09-10,10.582456588745117,15.964150428771973,16.018468856811523,15.649104118347168,15.649104118347168,4347153
2003-09-11,10.730088233947754,16.18685531616211,16.317218780517578,15.99130916595459,16.02389907836914,4481546
2003-09-12,11.039741516113281,16.65399169921875,16.67572021484375,16.328083038330078,16.338945388793945,7898442
2003-09-15,10.985739707946777,16.5725154876709,16.632265090942383,16.40412712097168,16.485605239868164,6346663
2003-09-16,10.791300773620605,16.27919578552246,16.610538482666016,16.132537841796875,16.447582244873047,7229975
2003-09-17,10.802099227905273,16.29549217224121,16.605106353759766,16.02389907836914,16.03476333618164,8246575
2003-09-18,10.982133865356445,16.56708335876465,16.643129348754883,16.072786331176758,16.349809646606445,7725020
2003-09-19,10.852506637573242,16.371536254882812,16.643129348754883,16.29006004333496,16.53992462158203,20174230
2003-09-22,10.665274620056152,16.089082717895508,16.257469177246094,15.926127433776855,16.241172790527344,6074195
2003-09-23,10.791300773620605,16.27919578552246,16.317218780517578,15.915263175964355,15.975013732910156,3581666
2003-09-24,10.460034370422363,15.779467582702637,16.29006004333496,15.5947847366333,16.241172790527344,7869355
2003-09-25,10.503242492675781,15.844650268554688,15.975013732910156,15.426399230957031,15.75230884552002,6296036
2003-09-26,10.395223617553711,15.681694984436035,15.79033088684082,15.279739379882812,15.589353561401367,6607717
2003-09-29,10.348417282104492,15.61108112335205,15.833786010742188,15.480716705322266,15.714285850524902,4158819
2003-09-30,10.463632583618164,15.784899711608887,15.909832000732422,15.399239540100098,15.567625999450684,4236141
2003-10-01,10.766093254089355,16.241172790527344,16.27376365661621,15.80119514465332,15.822921752929688,5119269
2003-10-02,10.762491226196289,16.235740661621094,16.42042350769043,16.099945068359375,16.246604919433594,3240712
2003-10-03,10.690476417541504,16.127105712890625,16.507333755493164,16.083650588989258,16.43671989440918,4372007
2003-10-06,10.730088233947754,16.18685531616211,16.29549217224121,16.02389907836914,16.252037048339844,1765887
2003-10-07,10.960533142089844,16.53449249267578,16.55078887939453,16.04019546508789,16.089082717895508,3822468
2003-10-08,11.025343894958496,16.632265090942383,16.81694793701172,16.491037368774414,16.56708335876465,7695012
2003-10-09,10.766093254089355,16.241172790527344,16.822378158569336,15.697990417480469,16.80608367919922,15845855
2003-10-10,10.802099227905273,16.29549217224121,16.485605239868164,15.969581604003906,16.40412712097168,5329327
2003-10-13,10.805702209472656,16.300922393798828,16.458446502685547,16.252037048339844,16.366104125976562,2494555
2003-10-14,10.852506637573242,16.371536254882812,16.41499137878418,16.03476333618164,16.344377517700195,4975118
2003-10-15,10.841706275939941,16.355241775512695,16.643129348754883,16.322650909423828,16.474742889404297,4133229
2003-10-16,10.679677963256836,16.110809326171875,16.257469177246094,15.567625999450684,15.670830726623535,12000006
2003-10-17,10.48523998260498,15.817489624023438,15.904399871826172,15.714285850524902,15.714285850524902,4479521
2003-10-20,10.596858024597168,15.98587703704834,16.018468856811523,15.75230884552002,15.969581604003906,3479490
2003-10-21,10.398820877075195,15.687127113342285,16.018468856811523,15.687127113342285,15.822921752929688,6909825
2003-10-22,10.261996269226074,15.480716705322266,15.692558288574219,15.263443946838379,15.692558288574219,6193676
2003-10-23,10.355615615844727,15.62194538116455,15.654536247253418,15.209124565124512,15.480716705322266,3610201
2003-10-24,10.431229591369629,15.736013412475586,15.736013412475586,15.480716705322266,15.5078763961792,2076464
2003-10-27,10.261996269226074,15.480716705322266,15.779467582702637,15.420967102050781,15.736013412475586,3303490
2003-10-28,10.406023979187012,15.697990417480469,15.719717979431152,15.486148834228516,15.513307571411133,3570804
2003-10-29,10.207984924316406,15.399239540100098,15.6165132522583,15.334057807922363,15.6165132522583,5212055
2003-10-30,9.898323059082031,14.93210220336914,15.328625679016113,14.856056213378906,15.209124565124512,8698173
2003-10-31,9.570661544799805,14.437806129455566,14.888647079467773,14.361760139465332,14.856056213378906,13991784
2003-11-03,9.696685791015625,14.627920150756836,14.676806449890137,14.3943510055542,14.557306289672852,7451816
2003-11-04,9.520251274108887,14.361760139465332,14.665942192077637,14.236827850341797,14.611623764038086,8932900
2003-11-05,9.538252830505371,14.38891887664795,14.524715423583984,14.263986587524414,14.4052152633667,6405391
2003-11-06,9.585062980651855,14.459532737731934,14.5029878616333,14.236827850341797,14.5029878616333,5806330
2003-11-07,9.693087577819824,14.622488021850586,14.769146919250488,14.367192268371582,14.421509742736816,12554515
2003-11-10,9.63547134399414,14.535577774047852,14.617055892944336,14.372624397277832,14.584465026855469,3718084
2003-11-11,9.64987850189209,14.557306289672852,14.617055892944336,14.5029878616333,14.5029878616333,2727073
2003-11-12,9.696685791015625,14.627920150756836,14.714829444885254,14.481260299682617,14.600760459899902,2792245
2003-11-13,10.060354232788086,15.176533699035645,15.344921112060547,14.584465026855469,14.698533058166504,6644169
2003-11-14,10.128769874572754,15.279739379882812,15.36121654510498,15.12764835357666,15.192830085754395,5791234
2003-11-17,9.948731422424316,15.008148193359375,15.198262214660645,14.774579048156738,15.171102523803711,3135591
2003-11-18,9.76870059967041,14.736556053161621,15.176533699035645,14.622488021850586,15.008148193359375,3052194
2003-11-19,9.883922576904297,14.910374641418457,15.07332992553711,14.665942192077637,15.046171188354492,4798935
2003-11-20,9.75790023803711,14.720260620117188,14.948397636413574,14.617055892944336,14.93753433227539,4005648
2003-11-21,9.718292236328125,14.660511016845703,14.964693069458008,14.589897155761719,14.88321590423584,3871071
2003-11-24,9.84431266784668,14.850625038146973,15.008148193359375,14.736556053161621,14.812602043151855,4384342
2003-11-25,9.851515769958496,14.861488342285156,14.948397636413574,14.69310188293457,14.818034172058105,3658067
2003-11-26,9.941534996032715,14.997283935546875,15.07332992553711,14.796305656433105,14.970125198364258,3397381
2003-11-28,10.017147064208984,15.111352920532227,15.111352920532227,14.997283935546875,15.024442672729492,2565802
2003-12-01,10.189983367919922,15.372079849243164,15.475284576416016,15.160239219665527,15.344921112060547,4015773
2003-12-02,10.132373809814453,15.285170555114746,15.388376235961914,15.209124565124512,15.377511978149414,3178855
2003-12-03,10.168375968933105,15.339488983154297,15.540467262268066,15.290602684020996,15.290602684020996,3162102
2003-12-04,10.247593879699707,15.458990097045898,15.562193870544434,15.344921112060547,15.372079849243164,2813048
2003-12-05,10.153977394104004,15.31776237487793,15.513307571411133,15.241716384887695,15.480716705322266,2632814
2003-12-08,10.622061729431152,16.02389907836914,16.18685531616211,15.697990417480469,15.75230884552002,7621188
2003-12-09,10.586058616638184,15.969581604003906,16.154264450073242,15.904399871826172,16.105377197265625,6656136
2003-12-10,10.876996994018555,16.083650588989258,16.17599105834961,15.817489624023438,15.860944747924805,8493822
2003-12-11,11.001893043518066,16.26833152770996,16.317218780517578,16.105377197265625,16.18685531616211,5241879
2003-12-12,11.086380004882812,16.393264770507812,16.442150115966797,16.17599105834961,16.349809646606445,3524779
2003-12-15,11.038625717163086,16.322650909423828,16.56708335876465,16.300922393798828,16.463878631591797,4465161
2003-12-16,11.20392894744873,16.56708335876465,16.632265090942383,16.338945388793945,16.338945388793945,3974903
2003-12-17,11.251681327819824,16.637697219848633,16.692014694213867,16.43671989440918,16.463878631591797,3443775
2003-12-18,11.424332618713379,16.892993927001953,17.007061004638672,16.599674224853516,16.692014694213867,4413613
2003-12-19,11.262703895568848,16.65399169921875,16.860401153564453,16.57794761657715,16.838674545288086,4813663
2003-12-22,11.350865364074707,16.78435516357422,16.80608367919922,16.51819610595703,16.643129348754883,4920257
2003-12-23,11.163517951965332,16.507333755493164,16.5616512298584,15.31233024597168,15.942422866821289,28125325
2003-12-24,10.98719596862793,16.246604919433594,16.376968383789062,16.083650588989258,16.349809646606445,4146484
2003-12-26,11.016583442687988,16.29006004333496,16.371536254882812,16.121673583984375,16.219446182250977,2431593
2003-12-29,11.112091064453125,16.43128776550293,16.43128776550293,16.17055892944336,16.230310440063477,7035382
2003-12-30,11.148824691772461,16.485605239868164,16.501901626586914,16.322650909423828,16.41499137878418,3147190
2003-12-31,11.211277961730957,16.57794761657715,16.659423828125,16.376968383789062,16.485605239868164,2954989
2004-01-02,11.08270263671875,16.387832641601562,16.57794761657715,16.322650909423828,16.57794761657715,4842566
2004-01-05,11.134137153625488,16.463878631591797,16.5616512298584,16.29006004333496,16.5616512298584,3984476
2004-01-06,11.178215980529785,16.52906036376953,16.632265090942383,16.458446502685547,16.512765884399414,3887087
2004-01-07,11.383927345275879,16.833242416381836,16.838674545288086,16.5725154876709,16.621400833129883,4330584
2004-01-08,11.248008728027344,16.632265090942383,17.093971252441406,16.496469497680664,16.833242416381836,5447703
2004-01-09,11.130462646484375,16.458446502685547,16.5833797454834,16.42585563659668,16.442150115966797,3570067
2004-01-12,11.090052604675293,16.398696899414062,16.41499137878418,16.262901306152344,16.40412712097168,4734132
2004-01-13,11.009236335754395,16.27919578552246,16.474742889404297,16.18685531616211,16.355241775512695,5025562
2004-01-14,11.244336128234863,16.626832962036133,16.659423828125,16.29006004333496,16.322650909423828,3542820
2004-01-15,11.538212776184082,17.06138038635254,17.468767166137695,16.53992462158203,16.57794761657715,5750916
2004-01-16,11.630045890808105,17.197174072265625,17.30581283569336,16.941879272460938,17.077674865722656,6406496
2004-01-20,11.659433364868164,17.240629196166992,17.360130310058594,17.110265731811523,17.27322006225586,5378850
2004-01-21,11.420659065246582,16.887561798095703,17.229766845703125,16.838674545288086,17.224334716796875,7929739
2004-01-22,11.479435920715332,16.974470138549805,17.126562118530273,16.947311401367188,16.947311401367188,3955757
2004-01-23,11.354537963867188,16.78978729248047,17.15915298461914,16.730037689208984,17.034221649169922,3293917
2004-01-26,11.464742660522461,16.952743530273438,17.034221649169922,16.702878952026367,16.730037689208984,4820659
2004-01-27,10.799853324890137,15.969581604003906,17.164583206176758,15.909832000732422,17.001630783081055,25089516
2004-01-28,10.572104454040527,15.632807731628418,15.975013732910156,15.382944107055664,15.975013732910156,15733738
2004-01-29,10.5647554397583,15.62194538116455,15.942422866821289,14.720260620117188,15.040739059448242,21926678
2004-01-30,10.70801830291748,15.833786010742188,15.969581604003906,15.627375602722168,15.627375602722168,5974781
2004-02-02,10.814547538757324,15.99130916595459,16.148832321166992,15.757740020751953,15.839218139648438,5088156
2004-02-03,10.932099342346191,16.165128707885742,16.252037048339844,15.877241134643555,15.931558609008789,4673379
2004-02-04,11.045969009399414,16.333513259887695,16.333513259887695,16.04562759399414,16.116241455078125,6774696
2004-02-05,10.93944263458252,16.17599105834961,16.43128776550293,16.143400192260742,16.41499137878418,7089507
2004-02-06,10.935768127441406,16.17055892944336,16.208581924438477,16.03476333618164,16.132537841796875,9347678
2004-02-09,10.965160369873047,16.214014053344727,16.26833152770996,16.05105972290039,16.089082717895508,4078551
2004-02-10,11.185558319091797,16.53992462158203,16.621400833129883,16.127105712890625,16.159696578979492,5094599
2004-02-11,11.277396202087402,16.67572021484375,16.702878952026367,16.453014373779297,16.56708335876465,4640241
2004-02-12,11.339841842651367,16.7680606842041,16.90385627746582,16.5833797454834,16.67572021484375,6071986
2004-02-13,11.273724555969238,16.6702880859375,16.854970932006836,16.588809967041016,16.740901947021484,3967539
2004-02-17,11.277396202087402,16.67572021484375,16.80608367919922,16.512765884399414,16.80608367919922,4091438
2004-02-18,11.19658374786377,16.55621910095215,16.740901947021484,16.51819610595703,16.67572021484375,3289867
2004-02-19,11.02025318145752,16.29549217224121,16.648561477661133,16.252037048339844,16.594242095947266,5245561
2004-02-20,10.807199478149414,15.98044490814209,16.43128776550293,15.915263175964355,16.42042350769043,8807712
2004-02-23,10.638221740722656,15.730581283569336,16.013036727905273,15.638239860534668,15.942422866821289,5854012
2004-02-24,10.66393756866455,15.768604278564453,15.871809005737305,15.697990417480469,15.697990417480469,5432975
2004-02-25,10.66393756866455,15.768604278564453,15.844650268554688,15.654536247253418,15.80662727355957,4606734
2004-02-26,10.630877494812012,15.719717979431152,15.80662727355957,15.708853721618652,15.763172149658203,3107792
2004-02-27,10.69699764251709,15.817489624023438,15.898967742919922,15.719717979431152,15.74687671661377,4036577
2004-03-01,10.799853324890137,15.969581604003906,16.007604598999023,15.757740020751953,15.81205940246582,4190116
2004-03-02,10.781484603881836,15.942422866821289,16.072786331176758,15.833786010742188,15.860944747924805,4369429
2004-03-03,10.748424530029297,15.893535614013672,15.98587703704834,15.763172149658203,15.969581604003906,4476944
2004-03-04,10.891687393188477,16.105377197265625,16.121673583984375,15.947854042053223,16.02933120727539,3384863
2004-03-05,11.01291275024414,16.28462791442871,16.387832641601562,16.013036727905273,16.105377197265625,3198369
2004-03-08,10.858630180358887,16.05649185180664,16.29006004333496,16.02389907836914,16.28462791442871,3483540
2004-03-09,10.954136848449707,16.19771957397461,16.230310440063477,16.02389907836914,16.02389907836914,5464640
2004-03-10,10.818215370178223,15.99674129486084,16.230310440063477,15.98044490814209,16.17599105834961,8517202
2004-03-11,10.693323135375977,15.81205940246582,15.99130916595459,15.763172149658203,15.969581604003906,5620757
2004-03-12,10.8439302444458,16.03476333618164,16.105377197265625,15.817489624023438,15.860944747924805,3155842
2004-03-15,10.785157203674316,15.947854042053223,16.078218460083008,15.893535614013672,16.02389907836914,5157562
2004-03-16,10.950461387634277,16.19228744506836,16.230310440063477,16.002172470092773,16.04019546508789,5174499
2004-03-17,10.935768127441406,16.17055892944336,16.27376365661621,16.05649185180664,16.224878311157227,3996995
2004-03-18,11.097402572631836,16.40955924987793,16.507333755493164,16.121673583984375,16.132537841796875,5017830
2004-03-19,11.075355529785156,16.376968383789062,16.67572021484375,16.349809646606445,16.55621910095215,5488389
2004-03-22,10.854954719543457,16.05105972290039,16.398696899414062,15.936990737915039,16.328083038330078,5615786
2004-03-23,10.917399406433105,16.143400192260742,16.311786651611328,15.99674129486084,16.05649185180664,4948792
2004-03-24,10.928424835205078,16.159696578979492,16.214014053344727,16.03476333618164,16.105377197265625,3980978
2004-03-25,11.19658374786377,16.55621910095215,16.599674224853516,16.257469177246094,16.55621910095215,4632692
2004-03-26,11.24066162109375,16.621400833129883,16.65399169921875,16.349809646606445,16.480173110961914,3837933
2004-03-29,11.34351634979248,16.77349281311035,16.854970932006836,16.496469497680664,16.56708335876465,4224727
2004-03-30,11.321479797363281,16.740901947021484,16.77349281311035,16.57794761657715,16.643129348754883,2759107
2004-03-31,11.347193717956543,16.7789249420166,16.838674545288086,16.599674224853516,16.68115234375,3997916
2004-04-01,11.339841842651367,16.7680606842041,16.833242416381836,16.692014694213867,16.78435516357422,3869046
2004-04-02,11.457392692565918,16.941879272460938,16.969039916992188,16.78435516357422,16.876697540283203,4392074
2004-04-05,11.596985816955566,17.14828872680664,17.164583206176758,16.81694793701172,16.958175659179688,4299471
2004-04-06,11.571272850036621,17.110265731811523,17.115697860717773,16.89842414855957,17.028789520263672,2756713
2004-04-07,11.479435920715332,16.974470138549805,17.15915298461914,16.93101692199707,17.110265731811523,3280294
2004-04-08,11.431676864624023,16.90385627746582,17.115697860717773,16.78978729248047,17.115697860717773,3221382
2004-04-12,11.490455627441406,16.990766525268555,17.04508399963379,16.833242416381836,16.974470138549805,2556965
2004-04-13,11.387600898742676,16.838674545288086,16.996198654174805,16.626832962036133,16.990766525268555,4243321
2004-04-14,11.185558319091797,16.53992462158203,16.81151580810547,16.458446502685547,16.81151580810547,5440707
2004-04-15,11.56025505065918,17.093971252441406,17.093971252441406,16.56708335876465,16.67572021484375,9527727
2004-04-16,11.589634895324707,17.13742446899414,17.202606201171875,17.012493133544922,17.110265731811523,3464394
2004-04-19,11.652085304260254,17.229766845703125,17.381858825683594,16.974470138549805,17.072242736816406,3531774
2004-04-20,12.059836387634277,17.832700729370117,18.28354263305664,17.762086868286133,17.92504119873047,12629628
2004-04-21,12.474929809570312,18.446495056152344,18.848451614379883,17.8924503326416,17.92504119873047,12688724
2004-04-22,12.397790908813477,18.332427978515625,18.51167869567871,17.6534481048584,18.196632385253906,11207456
2004-04-23,12.2324857711792,18.087995529174805,18.16947364807129,17.995655059814453,18.115154266357422,4706517
2004-04-26,11.920247077941895,17.62628936767578,18.223791122436523,17.381858825683594,18.071699142456055,5546013
2004-04-27,12.012081146240234,17.762086868286133,17.859859466552734,17.6643123626709,17.740358352661133,4564207
2004-04-28,11.70351505279541,17.30581283569336,17.77294921875,17.251493453979492,17.77294921875,4510082
2004-04-29,11.600656509399414,17.15372085571289,17.512222290039062,17.110265731811523,17.354698181152344,5394682
2004-04-30,11.626371383666992,17.191743850708008,17.41444969177246,17.15372085571289,17.15915298461914,5319570
2004-05-03,11.754940032958984,17.381858825683594,17.430744171142578,17.229766845703125,17.327539443969727,6879817
2004-05-04,11.8357572555542,17.501358032226562,17.63172149658203,17.441608428955078,17.485061645507812,3780125
2004-05-05,12.070854187011719,17.848995208740234,17.91960906982422,17.430744171142578,17.54481315612793,4500693
2004-05-06,11.993714332580566,17.734926223754883,17.805540084838867,17.62628936767578,17.65888023376465,3141114
2004-05-07,11.832084655761719,17.495925903320312,17.762086868286133,17.495925903320312,17.604562759399414,3100244
2004-05-10,11.663105010986328,17.246061325073242,17.52308464050293,17.072242736816406,17.436176300048828,4955604
2004-05-11,11.622698783874512,17.186311721801758,17.474199295043945,17.072242736816406,17.218902587890625,5434080
2004-05-12,11.64474105834961,17.218902587890625,17.240629196166992,16.92015266418457,17.072242736816406,4749964
2004-05-13,11.707188606262207,17.311243057250977,17.338403701782227,16.979902267456055,17.05594825744629,3465498
2004-05-14,11.810044288635254,17.463335037231445,17.740358352661133,17.197174072265625,17.27322006225586,3499189
2004-05-17,11.663105010986328,17.246061325073242,17.381858825683594,17.083106994628906,17.30038070678711,3465314
2004-05-18,11.670450210571289,17.256925582885742,17.365562438964844,17.13742446899414,17.180879592895508,2856680
2004-05-19,11.523518562316895,17.03965187072754,17.365562438964844,17.007061004638672,17.28408432006836,3682000
2004-05-20,11.600656509399414,17.15372085571289,17.28408432006836,17.017925262451172,17.03965187072754,2857784
2004-05-21,11.608000755310059,17.164583206176758,17.365562438964844,17.093971252441406,17.164583206176758,2607224
2004-05-24,11.534536361694336,17.05594825744629,17.224334716796875,16.91472053527832,17.170015335083008,5409226
2004-05-25,11.383927345275879,16.833242416381836,17.028789520263672,16.615970611572266,16.92015266418457,9241820
2004-05-26,11.281070709228516,16.68115234375,16.89842414855957,16.512765884399414,16.746334075927734,6890127
2004-05-27,11.582293510437012,17.126562118530273,17.126562118530273,16.708311080932617,16.78435516357422,5601795
2004-05-28,11.54922866821289,17.077674865722656,17.213470458984375,16.969039916992188,17.04508399963379,2975608
2004-06-01,11.652085304260254,17.229766845703125,17.27322006225586,17.001630783081055,17.104833602905273,3096746
2004-06-02,11.725555419921875,17.338403701782227,17.468767166137695,17.28951644897461,17.354698181152344,2903993
2004-06-03,11.677801132202148,17.267789840698242,17.38728904724121,17.251493453979492,17.327539443969727,1809887
2004-06-04,11.78432846069336,17.425312042236328,17.506790161132812,17.27865219116211,17.381858825683594,2686755
2004-06-07,11.990039825439453,17.729494094848633,17.729494094848633,17.38728904724121,17.463335037231445,3326319
2004-06-08,12.019433975219727,17.77294921875,17.8707218170166,17.62628936767578,17.64258575439453,5029980
2004-06-09,11.975347518920898,17.707767486572266,17.740358352661133,17.53394889831543,17.582834243774414,4142066
2004-06-10,12.04881763458252,17.816404342651367,17.816404342651367,17.6534481048584,17.707767486572266,3478385
2004-06-14,12.02677059173584,17.7838134765625,17.859859466552734,17.751222610473633,17.80010986328125,3617933
2004-06-15,11.968000411987305,17.696903228759766,17.8707218170166,17.593698501586914,17.843563079833984,4138936
2004-06-16,12.063506126403809,17.838130950927734,17.843563079833984,17.6751766204834,17.6751766204834,3971037
2004-06-17,12.056163787841797,17.827268600463867,17.8815860748291,17.77838134765625,17.838130950927734,3413030
2004-06-18,12.056163787841797,17.827268600463867,17.8924503326416,17.762086868286133,17.827268600463867,3550369
2004-06-21,12.012081146240234,17.762086868286133,17.8707218170166,17.713199615478516,17.805540084838867,3630452
2004-06-22,12.107584953308105,17.90331268310547,17.92504119873047,17.696903228759766,17.696903228759766,4067874
2004-06-23,12.673293113708496,18.73981475830078,18.7887020111084,18.196632385253906,18.413904190063477,11035690
2004-06-24,12.504315376281738,18.48995018005371,18.73438262939453,18.462791442871094,18.65833854675293,5310180
2004-06-25,12.610849380493164,18.64747428894043,18.78326988220215,18.49538230895996,18.576860427856445,4226200
2004-06-28,12.585128784179688,18.609451293945312,18.924497604370117,18.538837432861328,18.631179809570312,5066248
2004-06-29,12.654927253723145,18.712656021118164,18.78326988220215,18.375883102416992,18.468223571777344,3914334
2004-06-30,12.676973342895508,18.74524688720703,18.78326988220215,18.441064834594727,18.631179809570312,3271457
2004-07-01,12.4712553024292,18.441064834594727,18.73438262939453,18.343292236328125,18.65833854675293,4124945
2004-07-02,12.361056327819824,18.27811050415039,18.40304183959961,18.071699142456055,18.39760971069336,3169466
2004-07-06,12.206769943237305,18.049972534179688,18.229223251342773,17.990222930908203,18.033676147460938,3417264
2004-07-07,12.265545845031738,18.136882781982422,18.26181411743164,18.00108528137207,18.00108528137207,2164832
2004-07-08,12.313302040100098,18.207496643066406,18.343292236328125,18.115154266357422,18.136882781982422,3309566
2004-07-09,12.372075080871582,18.294404983520508,18.39217758178711,18.15860939025879,18.191200256347656,2740329
2004-07-12,12.350041389465332,18.26181411743164,18.39760971069336,18.136882781982422,18.294404983520508,1857201
2004-07-13,12.324319839477539,18.223791122436523,18.337860107421875,17.979358673095703,17.979358673095703,2716580
2004-07-14,12.313302040100098,18.207496643066406,18.39217758178711,18.104291915893555,18.131450653076172,2125435
2004-07-15,12.23983097076416,18.098859786987305,18.245519638061523,17.941335678100586,18.18033790588379,1968581
2004-07-16,11.953309059143066,17.6751766204834,18.240087509155273,17.6751766204834,18.229223251342773,2828144
2004-07-19,11.964324951171875,17.691471099853516,17.843563079833984,17.65888023376465,17.745790481567383,1747845
2004-07-20,11.982694625854492,17.718631744384766,17.756654739379883,17.468767166137695,17.62628936767578,4014116
2004-07-21,11.854121208190918,17.52851676940918,17.946767807006836,17.452470779418945,17.762086868286133,3717900
2004-07-22,11.310460090637207,16.724605560302734,17.485061645507812,15.31776237487793,15.964150428771973,19745277
2004-07-23,11.068016052246094,16.366104125976562,16.833242416381836,16.02389907836914,16.594242095947266,6772303
2004-07-26,10.851278305053711,16.04562759399414,16.43128776550293,15.98587703704834,16.29549217224121,5309996
2004-07-27,11.06066608428955,16.355241775512695,16.387832641601562,15.888104438781738,15.915263175964355,5925259
2004-07-28,11.02025318145752,16.29549217224121,16.387832641601562,15.953286170959473,16.241172790527344,5374431
2004-07-29,10.913726806640625,16.137968063354492,16.322650909423828,16.02389907836914,16.29549217224121,4209078
2004-07-30,11.045969009399414,16.333513259887695,16.376968383789062,15.98587703704834,16.02389907836914,3589766
2004-08-02,11.137807846069336,16.469310760498047,16.491037368774414,16.257469177246094,16.29549217224121,3720109
2004-08-03,11.148824691772461,16.485605239868164,16.56708335876465,16.355241775512695,16.40955924987793,3047591
2004-08-04,11.314130783081055,16.730037689208984,16.730037689208984,16.300922393798828,16.349809646606445,4215522
2004-08-05,11.134137153625488,16.463878631591797,16.67572021484375,16.42585563659668,16.67572021484375,4221413
2004-08-06,10.994546890258789,16.257469177246094,16.43128776550293,16.19771957397461,16.317218780517578,3892610
2004-08-09,11.001893043518066,16.26833152770996,16.469310760498047,16.203149795532227,16.300922393798828,2948914
2004-08-10,11.277396202087402,16.67572021484375,16.730037689208984,16.349809646606445,16.393264770507812,4121079
2004-08-11,11.439032554626465,16.91472053527832,16.93101692199707,16.53449249267578,16.702878952026367,4066217
2004-08-12,11.428006172180176,16.89842414855957,16.963607788085938,16.7571964263916,16.838674545288086,3015374
2004-08-13,11.409639358520508,16.871265411376953,16.92558479309082,16.7571964263916,16.892993927001953,2708663
2004-08-16,11.611675262451172,17.170015335083008,17.208038330078125,16.78435516357422,16.78978729248047,3470837
2004-08-17,11.567599296569824,17.104833602905273,17.235197067260742,16.985334396362305,17.110265731811523,3603758
2004-08-18,11.699841499328613,17.30038070678711,17.30038070678711,17.001630783081055,17.088539123535156,1769017
2004-08-19,11.659433364868164,17.240629196166992,17.327539443969727,17.072242736816406,17.28951644897461,1642540
2004-08-20,11.736577033996582,17.354698181152344,17.381858825683594,17.202606201171875,17.208038330078125,1500599
2004-08-23,11.604336738586426,17.15915298461914,17.370994567871094,17.115697860717773,17.327539443969727,2056029
2004-08-24,11.64474105834961,17.218902587890625,17.365562438964844,17.06681251525879,17.267789840698242,2142004
2004-08-25,11.659433364868164,17.240629196166992,17.251493453979492,17.05051612854004,17.191743850708008,2048297
2004-08-26,11.325148582458496,16.746334075927734,17.034221649169922,16.626832962036133,16.838674545288086,6689458
2004-08-27,11.244336128234863,16.626832962036133,16.730037689208984,16.480173110961914,16.67572021484375,5473845
2004-08-30,11.06066608428955,16.355241775512695,16.615970611572266,16.300922393798828,16.52362823486328,3773314
2004-08-31,11.218622207641602,16.588809967041016,16.615970611572266,16.355241775512695,16.355241775512695,3865916
2004-09-01,11.321479797363281,16.740901947021484,16.78435516357422,16.52906036376953,16.594242095947266,2595810
2004-09-02,11.464742660522461,16.952743530273438,17.034221649169922,16.68115234375,16.730037689208984,3155842
2004-09-03,11.530860900878906,17.05051612854004,17.083106994628906,16.7571964263916,16.838674545288086,3628979
2004-09-07,11.46107006072998,16.947311401367188,17.099401473999023,16.827810287475586,17.028789520263672,4953947
2004-09-08,11.424332618713379,16.892993927001953,17.088539123535156,16.860401153564453,16.865833282470703,4757144
2004-09-09,11.519840240478516,17.034221649169922,17.083106994628906,16.81694793701172,16.838674545288086,2732228
2004-09-10,11.600656509399414,17.15372085571289,17.186311721801758,16.974470138549805,16.974470138549805,2442271
2004-09-13,11.707188606262207,17.311243057250977,17.316675186157227,17.110265731811523,17.110265731811523,3798167
2004-09-14,11.817388534545898,17.474199295043945,17.490493774414062,17.13742446899414,17.13742446899414,5847016
2004-09-15,11.821063041687012,17.479631423950195,17.53394889831543,17.316675186157227,17.419879913330078,3814184
2004-09-16,11.773309707641602,17.40901756286621,17.447040557861328,17.360130310058594,17.441608428955078,2232213
2004-09-17,11.8357572555542,17.501358032226562,17.51765251159668,17.376426696777344,17.436176300048828,3742937
2004-09-20,11.776986122131348,17.41444969177246,17.490493774414062,17.30038070678711,17.40901756286621,1979075
2004-09-21,11.817388534545898,17.474199295043945,17.52851676940918,17.38728904724121,17.41444969177246,2473199
2004-09-22,11.791679382324219,17.436176300048828,17.447040557861328,17.316675186157227,17.39272117614746,3035809
2004-09-23,11.754940032958984,17.381858825683594,17.490493774414062,17.251493453979492,17.39272117614746,2177719
2004-09-24,11.791679382324219,17.436176300048828,17.452470779418945,17.218902587890625,17.30581283569336,2980211
2004-09-27,11.652085304260254,17.229766845703125,17.376426696777344,17.191743850708008,17.360130310058594,2394957
2004-09-28,11.710857391357422,17.316675186157227,17.436176300048828,17.13742446899414,17.13742446899414,3137064
2004-09-29,11.773309707641602,17.40901756286621,17.436176300048828,17.14285659790039,17.262357711791992,2528061
2004-09-30,11.813716888427734,17.468767166137695,17.561107635498047,17.235197067260742,17.40901756286621,4134150
2004-10-01,11.901875495910645,17.599130630493164,17.77838134765625,17.479631423950195,17.54481315612793,2817835
2004-10-04,11.905550956726074,17.604562759399414,17.6860408782959,17.490493774414062,17.6534481048584,3257097
2004-10-05,11.821063041687012,17.479631423950195,17.66974449157715,17.441608428955078,17.550243377685547,1858858
2004-10-06,11.846776962280273,17.51765251159668,17.561107635498047,17.343835830688477,17.51765251159668,1690406
2004-10-07,11.604336738586426,17.15915298461914,17.604562759399414,17.14828872680664,17.51765251159668,2005401
2004-10-08,11.439032554626465,16.91472053527832,17.267789840698242,16.81151580810547,17.072242736816406,2577216
2004-10-11,11.457392692565918,16.941879272460938,17.05594825744629,16.90385627746582,16.958175659179688,1420700
2004-10-12,11.369235038757324,16.81151580810547,16.854970932006836,16.713743209838867,16.827810287475586,3730971
2004-10-13,11.475767135620117,16.969039916992188,17.072242736816406,16.7571964263916,16.81151580810547,4443990
2004-10-14,11.527185440063477,17.04508399963379,17.13742446899414,16.892993927001953,16.892993927001953,3257097
2004-10-15,11.464742660522461,16.952743530273438,17.06681251525879,16.854970932006836,17.06138038635254,4114083
2004-10-18,11.50882339477539,17.017925262451172,17.034221649169922,16.844106674194336,16.871265411376953,2454237
2004-10-19,11.457392692565918,16.941879272460938,17.15372085571289,16.92015266418457,17.001630783081055,4188643
2004-10-20,11.391278266906738,16.844106674194336,16.947311401367188,16.42042350769043,16.947311401367188,3934401
2004-10-21,11.25903034210205,16.648561477661133,16.92015266418457,16.322650909423828,16.849538803100586,6026514
2004-10-22,11.02392864227295,16.300922393798828,16.55078887939453,16.083650588989258,16.53992462158203,6661843
2004-10-25,10.902710914611816,16.121673583984375,16.29549217224121,15.942422866821289,16.29549217224121,5226599
2004-10-26,11.042298316955566,16.328083038330078,16.333513259887695,16.007604598999023,16.083650588989258,3366084
2004-10-27,11.229641914367676,16.605106353759766,16.724605560302734,16.18685531616211,16.235740661621094,4150535
2004-10-28,11.189233779907227,16.54535675048828,16.6702880859375,16.43128776550293,16.605106353759766,3105215
2004-10-29,11.299439430236816,16.708311080932617,16.735469818115234,16.52906036376953,16.610538482666016,2890186
2004-11-01,11.34351634979248,16.77349281311035,16.78978729248047,16.55621910095215,16.621400833129883,2724496
2004-11-02,11.266378402709961,16.659423828125,16.996198654174805,16.57794761657715,16.719173431396484,2754688
2004-11-03,11.361889839172363,16.80065155029297,17.001630783081055,16.686582565307617,16.833242416381836,2851709
2004-11-04,11.552900314331055,17.083106994628906,17.099401473999023,16.702878952026367,16.822378158569336,3378419
2004-11-05,11.600656509399414,17.15372085571289,17.15372085571289,16.92558479309082,17.077674865722656,2653433
2004-11-08,11.54922866821289,17.077674865722656,17.235197067260742,17.001630783081055,17.083106994628906,2211962
2004-11-09,11.718207359313965,17.327539443969727,17.39272117614746,17.110265731811523,17.13742446899414,3336444
2004-11-10,11.663105010986328,17.246061325073242,17.360130310058594,17.224334716796875,17.30038070678711,3239240
2004-11-11,11.685147285461426,17.27865219116211,17.38728904724121,17.224334716796875,17.327539443969727,2474120
2004-11-12,11.754940032958984,17.381858825683594,17.39272117614746,17.115697860717773,17.332971572875977,2296463
2004-11-15,11.747593879699707,17.370994567871094,17.370994567871094,17.072242736816406,17.262357711791992,3588661
2004-11-16,11.677801132202148,17.267789840698242,17.338403701782227,17.175447463989258,17.316675186157227,3414319
2004-11-17,11.692492485046387,17.28951644897461,17.381858825683594,17.28408432006836,17.30038070678711,3755456
2004-11-18,11.736577033996582,17.354698181152344,17.419879913330078,17.27865219116211,17.28951644897461,3691941
2004-11-19,11.663105010986328,17.246061325073242,17.381858825683594,17.191743850708008,17.370994567871094,2712714
2004-11-22,11.78432846069336,17.425312042236328,17.566539764404297,17.110265731811523,17.202606201171875,3692494
2004-11-23,11.791679382324219,17.436176300048828,17.54481315612793,17.370994567871094,17.485061645507812,2969901
2004-11-24,11.832084655761719,17.495925903320312,17.561107635498047,17.376426696777344,17.457902908325195,2336045
2004-11-26,11.865141868591309,17.54481315612793,17.604562759399414,17.474199295043945,17.474199295043945,1025069
2004-11-29,11.736577033996582,17.354698181152344,17.6534481048584,17.332971572875977,17.599130630493164,4762667
2004-11-30,11.626371383666992,17.191743850708008,17.311243057250977,17.083106994628906,17.28408432006836,5465745
2004-12-01,11.817388534545898,17.474199295043945,17.566539764404297,17.191743850708008,17.218902587890625,5323436
2004-12-02,11.887184143066406,17.577404022216797,17.6534481048584,17.327539443969727,17.381858825683594,4196007
2004-12-03,11.762287139892578,17.39272117614746,17.62628936767578,17.332971572875977,17.599130630493164,5299503
2004-12-06,11.732893943786621,17.349266052246094,17.425312042236328,17.27322006225586,17.41444969177246,3978769
2004-12-07,11.828412055969238,17.490493774414062,17.77838134765625,17.430744171142578,17.436176300048828,6911850
2004-12-08,12.016212463378906,17.447040557861328,17.53938102722168,17.14285659790039,17.327539443969727,6472220
2004-12-09,11.986285209655762,17.40358543395996,17.457902908325195,17.126562118530273,17.13742446899414,3745699
2004-12-10,11.96757984161377,17.376426696777344,17.463335037231445,17.202606201171875,17.27322006225586,3105399
2004-12-13,11.986285209655762,17.40358543395996,17.436176300048828,17.218902587890625,17.327539443969727,3244947
2004-12-14,12.150890350341797,17.64258575439453,17.713199615478516,17.332971572875977,17.40358543395996,5004390
2004-12-15,12.195781707763672,17.707767486572266,17.724063873291016,17.457902908325195,17.571971893310547,4179438
2004-12-16,12.543702125549316,18.212928771972656,18.413904190063477,17.593698501586914,17.62628936767578,9911208
2004-12-17,12.532477378845215,18.196632385253906,18.250951766967773,17.941335678100586,18.142314910888672,5314415
2004-12-20,12.457651138305664,18.087995529174805,18.294404983520508,17.941335678100586,18.196632385253906,4463505
2004-12-21,12.543702125549316,18.212928771972656,18.25638198852539,18.033676147460938,18.060836791992188,5594063
2004-12-22,12.68211555480957,18.413904190063477,18.473655700683594,18.223791122436523,18.299837112426758,3671690
2004-12-23,12.89534854888916,18.723520278930664,18.804996490478516,18.413904190063477,18.468223571777344,4821947
2004-12-27,12.768162727355957,18.538837432861328,18.728952407836914,18.538837432861328,18.723520278930664,2021602
2004-12-28,12.89534854888916,18.723520278930664,18.7887020111084,18.479087829589844,18.544269561767578,2801450
2004-12-29,12.906576156616211,18.73981475830078,18.8756103515625,18.66377067565918,18.712656021118164,2871776
2004-12-30,12.940245628356934,18.7887020111084,18.859315872192383,18.65290641784668,18.73981475830078,1408917
2004-12-31,12.921544075012207,18.76154327392578,18.89190673828125,18.685497283935547,18.7887020111084,1698875
2005-01-03,12.951465606689453,18.804996490478516,19.00054359436035,18.76154327392578,18.79413414001465,5253294
2005-01-04,12.925278663635254,18.7669734954834,18.929929733276367,18.723520278930664,18.848451614379883,5596272
2005-01-05,13.063701629638672,18.967952728271484,19.239543914794922,18.696361541748047,18.821292877197266,10838335
2005-01-06,13.116079330444336,19.04399871826172,19.239543914794922,19.01683807373047,19.092884063720703,6173241
2005-01-07,13.273198127746582,19.27213478088379,19.483976364135742,19.092884063720703,19.092884063720703,5691820
2005-01-10,13.254495620727539,19.244976043701172,19.353612899780273,18.98967933654785,19.310157775878906,7358293
2005-01-11,13.30312728881836,19.315589904785156,19.342748641967773,19.13633918762207,19.190656661987305,6873558
2005-01-12,13.205863952636719,19.174362182617188,19.326452255249023,19.098316192626953,19.27213478088379,7462494
2005-01-13,12.869166374206543,18.685497283935547,19.174362182617188,18.576860427856445,19.158065795898438,10587775
2005-01-14,12.850462913513184,18.65833854675293,18.712656021118164,18.52254295349121,18.685497283935547,9291527
2005-01-18,13.108593940734863,19.03313446044922,19.060293197631836,18.544269561767578,18.631179809570312,10975490
2005-01-19,13.224560737609863,19.201520919799805,19.25583839416504,18.9951114654541,19.03313446044922,4808508
2005-01-20,13.108593940734863,19.03313446044922,19.185224533081055,18.957088470458984,19.01140785217285,5612657
2005-01-21,13.082405090332031,18.9951114654541,19.076589584350586,18.908201217651367,19.03313446044922,4390601
2005-01-24,13.093629837036133,19.01140785217285,19.109180450439453,18.886474609375,19.01140785217285,4954683
2005-01-25,12.891613960266113,18.718088150024414,19.02770233154297,18.696361541748047,19.01140785217285,4391153
2005-01-26,12.970179557800293,18.832155227661133,18.8756103515625,18.549701690673828,18.576860427856445,4221413
2005-01-27,12.775642395019531,18.549701690673828,18.913633346557617,18.48995018005371,18.832155227661133,8711244
2005-01-28,12.614773750305176,18.316133499145508,18.48995018005371,18.142314910888672,18.468223571777344,6315735
2005-01-31,12.629740715026855,18.337860107421875,18.468223571777344,18.305269241333008,18.359586715698242,4877545
2005-02-01,12.69333553314209,18.430200576782227,18.593156814575195,18.370450973510742,18.441064834594727,4950449
2005-02-02,12.708298683166504,18.451927185058594,18.473655700683594,18.191200256347656,18.348724365234375,4680743
2005-02-03,12.899100303649902,18.728952407836914,18.73438262939453,18.250951766967773,18.305269241333008,4960206
2005-02-04,13.131038665771484,19.065725326538086,19.168930053710938,18.614883422851562,18.65833854675293,5400205
2005-02-07,13.048733711242676,18.946224212646484,19.14177131652832,18.86474609375,18.8756103515625,4115556
2005-02-08,13.067440032958984,18.973384857177734,19.04399871826172,18.87017822265625,19.0059757232666,2241602
2005-02-09,12.899100303649902,18.728952407836914,19.01140785217285,18.723520278930664,19.01140785217285,2819492
2005-02-10,12.771900177001953,18.544269561767578,18.810428619384766,18.51167869567871,18.79413414001465,3520360
2005-02-11,12.869166374206543,18.685497283935547,18.7887020111084,18.457359313964844,18.576860427856445,4012828
2005-02-14,12.839245796203613,18.64204216003418,18.712656021118164,18.560565948486328,18.631179809570312,1738825
2005-02-15,12.861688613891602,18.674633026123047,18.75611114501953,18.50624656677246,18.609451293945312,5096809
2005-02-16,12.831757545471191,18.631179809570312,18.680065155029297,18.51711082458496,18.680065155029297,2760395
2005-02-17,12.869166374206543,18.685497283935547,18.75067901611328,18.52254295349121,18.620315551757812,3998468
2005-02-18,13.250751495361328,19.239543914794922,19.293861389160156,18.538837432861328,18.712656021118164,8108685
2005-02-22,13.082405090332031,18.9951114654541,19.462249755859375,18.98967933654785,19.282997131347656,4603236
2005-02-23,13.325575828552246,19.348180770874023,19.483976364135742,18.973384857177734,19.13090705871582,4566601
2005-02-24,13.452776908874512,19.53286361694336,19.53286361694336,19.14177131652832,19.39163589477539,4263204
2005-02-25,13.557515144348145,19.684953689575195,19.826181411743164,19.402498245239258,19.549158096313477,4318066
2005-02-28,13.340536117553711,19.36990737915039,19.674089431762695,19.282997131347656,19.549158096313477,4665094
2005-03-01,13.291902542114258,19.299293518066406,19.337316513061523,18.853883743286133,19.092884063720703,5678565
2005-03-02,13.224560737609863,19.201520919799805,19.39163589477539,19.076589584350586,19.13090705871582,4681479
2005-03-03,13.123558044433594,19.054861068725586,19.217815399169922,18.919065475463867,19.196088790893555,4445831
2005-03-04,13.19089126586914,19.152633666992188,19.212385177612305,18.89190673828125,19.076589584350586,4865579
2005-03-07,13.198375701904297,19.163497924804688,19.282997131347656,19.076589584350586,19.12547492980957,4666383
2005-03-08,13.160961151123047,19.109180450439453,19.282997131347656,19.082021713256836,19.114612579345703,3666536
2005-03-09,13.112335205078125,19.03856658935547,19.12004280090332,18.886474609375,18.9842472076416,4661596
2005-03-10,13.220826148986816,19.196088790893555,19.326452255249023,18.957088470458984,19.02227020263672,4529965
2005-03-11,13.112335205078125,19.03856658935547,19.397066116333008,19.02227020263672,19.26670265197754,2477986
2005-03-14,13.037516593933105,18.929929733276367,19.098316192626953,18.79413414001465,19.01140785217285,3443591
2005-03-15,12.846719741821289,18.65290641784668,19.092884063720703,18.625747680664062,18.946224212646484,3186219
2005-03-16,12.539953231811523,18.207496643066406,18.65290641784668,18.082563400268555,18.549701690673828,7164252
2005-03-17,12.727005004882812,18.479087829589844,18.52254295349121,18.15860939025879,18.196632385253906,4597529
2005-03-18,12.678375244140625,18.40847396850586,18.565996170043945,18.288972854614258,18.468223571777344,6521558
2005-03-21,12.6334810256958,18.343292236328125,18.565996170043945,18.299837112426758,18.468223571777344,2987207
2005-03-22,12.483840942382812,18.126018524169922,18.413904190063477,18.115154266357422,18.38674545288086,4824341
2005-03-23,12.637228012084961,18.348724365234375,18.527973175048828,18.191200256347656,18.196632385253906,5660339
2005-03-24,12.756938934326172,18.52254295349121,18.631179809570312,18.321563720703125,18.343292236328125,2721550
2005-03-28,12.64096450805664,18.354154586791992,18.631179809570312,18.343292236328125,18.52254295349121,2769969
2005-03-29,12.599814414978027,18.294404983520508,18.38674545288086,17.968494415283203,18.294404983520508,4991319
2005-03-30,12.824272155761719,18.620315551757812,18.685497283935547,18.240087509155273,18.26724624633789,3840694
2005-03-31,12.712040901184082,18.457359313964844,18.707223892211914,18.419336318969727,18.620315551757812,3488327
2005-04-01,12.626001358032227,18.332427978515625,18.582292556762695,18.17490577697754,18.565996170043945,2947993
2005-04-04,12.618512153625488,18.321563720703125,18.419336318969727,18.191200256347656,18.332427978515625,3482620
2005-04-05,12.839245796203613,18.64204216003418,18.65290641784668,18.240087509155273,18.305269241333008,3948209
2005-04-06,12.78686237335205,18.565996170043945,18.804996490478516,18.51167869567871,18.64204216003418,3834987
2005-04-07,13.01132583618164,18.89190673828125,18.89190673828125,18.413904190063477,18.533405303955078,2483509
2005-04-08,12.887869834899902,18.712656021118164,18.951656341552734,18.614883422851562,18.88104248046875,2014975
2005-04-11,12.92902660369873,18.77240562438965,18.946224212646484,18.64747428894043,18.707223892211914,3053483
2005-04-12,13.078660011291504,18.98967933654785,19.02227020263672,18.64747428894043,18.7887020111084,4897796
2005-04-13,12.98888111114502,18.859315872192383,19.190656661987305,18.815860748291016,19.12004280090332,5597561
2005-04-14,13.01132583618164,18.89190673828125,19.02227020263672,18.712656021118164,18.826725006103516,3469917
2005-04-15,12.914056777954102,18.75067901611328,18.962520599365234,18.707223892211914,18.89190673828125,3315825
2005-04-18,12.745715141296387,18.50624656677246,18.723520278930664,18.294404983520508,18.636611938476562,4098250
2005-04-19,12.618512153625488,18.321563720703125,18.49538230895996,18.142314910888672,18.473655700683594,3725079
2005-04-20,12.73075008392334,18.48451805114746,18.527973175048828,18.202064514160156,18.26724624633789,3353566
2005-04-21,13.501405715942383,19.60347557067871,19.684953689575195,18.924497604370117,18.9842472076416,7895497
2005-04-22,13.703418731689453,19.89679527282715,20.14122772216797,19.489408493041992,19.500272750854492,6604772
2005-04-25,13.666006088256836,19.842477798461914,19.929386138916016,19.679521560668945,19.923954010009766,7470778
2005-04-26,13.748307228088379,19.961977005004883,20.14122772216797,19.809886932373047,19.847909927368164,5612289
2005-04-27,13.845571517944336,20.10320472717285,20.190113067626953,19.831613540649414,19.86420440673828,4371823
2005-04-28,13.617375373840332,19.77186393737793,20.048885345458984,19.74470329284668,19.951114654541016,3059742
2005-04-29,13.879247665405273,20.152090072631836,20.157522201538086,19.60890769958496,19.663227081298828,5194750
2005-05-02,13.796954154968262,20.032590866088867,20.195545196533203,19.663227081298828,20.152090072631836,5937225
2005-05-03,13.767013549804688,19.9891357421875,20.0977725982666,19.87506866455078,19.9891357421875,3741833
2005-05-04,13.995220184326172,20.320478439331055,20.320478439331055,20.0,20.032590866088867,2754688
2005-05-05,13.942839622497559,20.24443244934082,20.363933563232422,20.1086368560791,20.363933563232422,2492898
2005-05-06,14.02514362335205,20.363933563232422,20.49429702758789,20.271591186523438,20.353069305419922,2725785
2005-05-09,14.040112495422363,20.38566017150879,20.38566017150879,20.11949920654297,20.325910568237305,3157499
2005-05-10,14.085000038146973,20.450841903686523,20.554046630859375,20.23356819152832,20.23356819152832,3358905
2005-05-11,14.21594524383545,20.64095687866211,20.646387100219727,20.38022804260254,20.49429702758789,3613515
2005-05-12,14.062566757202148,20.418251037597656,20.760456085205078,20.358501434326172,20.64095687866211,4612994
2005-05-13,13.976511001586914,20.293319702148438,20.602933883666992,20.09234046936035,20.450841903686523,4826182
2005-05-16,13.935361862182617,20.23356819152832,20.36936378479004,20.12493133544922,20.293319702148438,3683657
2005-05-17,13.954069137573242,20.26072883605957,20.277023315429688,19.961977005004883,20.23356819152832,4849378
2005-05-18,13.969036102294922,20.282455444335938,20.39109230041504,20.173818588256836,20.363933563232422,3906234
2005-05-19,13.841832160949707,20.0977725982666,20.24443244934082,20.016294479370117,20.222705841064453,4695839
2005-05-20,13.868025779724121,20.13579559326172,20.173818588256836,20.048885345458984,20.10320472717285,3059190
2005-05-23,14.032636642456055,20.37479591369629,20.532318115234375,20.043455123901367,20.12493133544922,5919920
2005-05-24,13.890471458435059,20.168386459350586,20.36936378479004,20.054317474365234,20.12493133544922,4765613
2005-05-25,13.789458274841309,20.021726608276367,20.24986457824707,19.99456787109375,20.195545196533203,3134303
2005-05-26,13.81938648223877,20.065181732177734,20.1086368560791,19.831613540649414,20.027158737182617,2950755
2005-05-27,13.81938648223877,20.065181732177734,20.11949920654297,19.961977005004883,20.027158737182617,2239945
2005-05-31,13.804427146911621,20.043455123901367,20.24443244934082,20.00543212890625,20.0869083404541,5996873
2005-06-01,13.856797218322754,20.11949920654297,20.200977325439453,19.9891357421875,20.016294479370117,3758586
2005-06-02,13.81564998626709,20.059749603271484,20.173818588256836,19.88050079345703,19.961977005004883,4105614
2005-06-03,13.800683975219727,20.038022994995117,20.12493133544922,19.978273391723633,20.016294479370117,3578536
2005-06-06,13.81564998626709,20.059749603271484,20.10320472717285,19.9891357421875,20.038022994995117,3382101
2005-06-07,13.77449893951416,20.0,20.152090072631836,19.9891357421875,20.038022994995117,3288210
2005-06-08,13.658520698547363,19.831613540649414,20.0108642578125,19.76099967956543,20.0108642578125,2788010
2005-06-09,13.69219970703125,19.88050079345703,19.940250396728516,19.73927116394043,19.75556755065918,4071924
2005-06-10,13.662267684936523,19.837045669555664,19.934818267822266,19.75013542175293,19.88050079345703,3484461
2005-06-13,13.643567085266113,19.809886932373047,20.0108642578125,19.722976684570312,19.75013542175293,2478170
2005-06-14,13.609892845153809,19.76099967956543,19.815317153930664,19.60890769958496,19.717544555664062,3384679
2005-06-15,13.613635063171387,19.76643180847168,19.809886932373047,19.641498565673828,19.76099967956543,3831857
2005-06-16,13.759536743164062,19.978273391723633,20.0108642578125,19.641498565673828,19.777294158935547,2776228
2005-06-17,13.856797218322754,20.11949920654297,20.157522201538086,19.934818267822266,20.13579559326172,4193614
2005-06-20,14.021409034729004,20.358501434326172,20.418251037597656,20.016294479370117,20.043455123901367,4069715
2005-06-21,14.04384994506836,20.39109230041504,20.434545516967773,20.287887573242188,20.325910568237305,2887977
2005-06-22,14.002697944641113,20.331342697143555,20.450841903686523,20.211841583251953,20.423683166503906,2199995
2005-06-23,13.752047538757324,19.967409133911133,20.353069305419922,19.967409133911133,20.287887573242188,3198553
2005-06-24,13.841832160949707,20.0977725982666,20.14665985107422,19.842477798461914,19.934818267822266,3068579
2005-06-27,13.897947311401367,20.179250717163086,20.25529670715332,20.038022994995117,20.0977725982666,3832226
2005-06-28,14.111193656921387,20.48886489868164,20.49429702758789,20.152090072631836,20.24986457824707,2758739
2005-06-29,13.991475105285645,20.315046310424805,20.499727249145508,20.22813606262207,20.48886489868164,1826640
2005-06-30,13.879247665405273,20.152090072631836,20.298751831054688,20.11949920654297,20.282455444335938,3044830
2005-07-01,13.871761322021484,20.14122772216797,20.168386459350586,19.85334014892578,20.0977725982666,2929215
2005-07-05,14.032636642456055,20.37479591369629,20.401954650878906,19.9891357421875,20.027158737182617,2455894
2005-07-06,13.890471458435059,20.168386459350586,20.36936378479004,20.10320472717285,20.277023315429688,2410790
2005-07-07,14.02514362335205,20.363933563232422,20.37479591369629,19.793590545654297,19.91852378845215,3737966
2005-07-08,14.253353118896484,20.695274353027344,20.700706481933594,20.211841583251953,20.363933563232422,3499925
2005-07-11,14.22716236114502,20.657251358032227,20.776752471923828,20.48886489868164,20.74416160583496,3105031
2005-07-12,14.309469223022461,20.776752471923828,20.803911209106445,20.592069625854492,20.61379623413086,2619559
2005-07-13,14.178529739379883,20.586637496948242,20.776752471923828,20.46713638305664,20.771320343017578,2763709
2005-07-14,14.350617408752441,20.836502075195312,20.85822868347168,20.586637496948242,20.706138610839844,2615325
2005-07-15,14.316948890686035,20.787614822387695,20.836502075195312,20.700706481933594,20.836502075195312,3142403
2005-07-18,14.22716236114502,20.657251358032227,20.86366081237793,20.575773239135742,20.776752471923828,2472647
2005-07-19,14.17104721069336,20.575773239135742,20.74959373474121,20.554046630859375,20.711570739746094,1741218
2005-07-20,14.432923316955566,20.95600128173828,20.96143341064453,20.49429702758789,20.49429702758789,2811391
2005-07-21,14.653648376464844,21.276479721069336,21.49918556213379,20.62466049194336,20.72243309020996,8374341
2005-07-22,14.556371688842773,21.13525390625,21.298206329345703,21.080934524536133,21.195003509521484,3801113
2005-07-25,14.522706985473633,21.086366653442383,21.276479721069336,21.037479400634766,21.10809326171875,3172227
2005-07-26,14.474068641662598,21.0157527923584,21.25475311279297,21.01032066345215,21.086366653442383,4224727
2005-07-27,14.627449989318848,21.23845672607422,21.276479721069336,21.026615142822266,21.075502395629883,4703387
2005-07-28,14.893065452575684,21.624116897583008,21.662139892578125,21.189571380615234,21.23845672607422,2910805
2005-07-29,14.691054344177246,21.33079719543457,21.629549026489258,21.33079719543457,21.629549026489258,1758339
2005-08-01,14.676088333129883,21.309070587158203,21.417707443237305,21.271047592163086,21.33622932434082,2901968
2005-08-02,14.818249702453613,21.51548194885254,21.526344299316406,21.33079719543457,21.390548706054688,2174589
2005-08-03,14.814505577087402,21.51004981994629,21.624116897583008,21.374252319335938,21.401411056518555,2674605
2005-08-04,14.87436294555664,21.59695816040039,21.61325454711914,21.47745704650879,21.531776428222656,2315242
2005-08-05,14.72097396850586,21.374252319335938,21.548072814941406,21.35252571105957,21.548072814941406,2083276
2005-08-08,14.702269554138184,21.34709358215332,21.434003829956055,21.23845672607422,21.368820190429688,2927190
2005-08-09,14.795801162719727,21.48288917541504,21.51548194885254,21.35252571105957,21.423139572143555,2560647
2005-08-10,14.870617866516113,21.59152603149414,21.781639099121094,21.428571701049805,21.537208557128906,3555339
2005-08-11,15.173644065856934,22.031505584716797,22.031505584716797,21.50461769104004,21.59152603149414,5347185
2005-08-12,15.072637557983398,21.884845733642578,22.004344940185547,21.792503356933594,21.922868728637695,2255961
2005-08-15,14.911772727966309,21.651275634765625,21.906572341918945,21.586095809936523,21.73275375366211,4421530
2005-08-16,15.005292892456055,21.787071228027344,21.863117218017578,21.700162887573242,21.754480361938477,3112579
2005-08-17,14.904296875,21.640413284301758,21.85225486755371,21.586095809936523,21.797935485839844,2053636
2005-08-18,14.784584045410156,21.466594696044922,21.640413284301758,21.195003509521484,21.553504943847656,3635791
2005-08-19,14.814505577087402,21.51004981994629,21.569799423217773,21.385116577148438,21.569799423217773,1730908
2005-08-22,14.92299747467041,21.667572021484375,21.759912490844727,21.558935165405273,21.60782241821289,2958303
2005-08-23,14.795801162719727,21.48288917541504,21.61325454711914,21.363388061523438,21.60782241821289,3718636
2005-08-24,14.691054344177246,21.33079719543457,21.59152603149414,21.276479721069336,21.51004981994629,4920625
2005-08-25,14.646158218383789,21.26561737060547,21.439434051513672,21.26561737060547,21.363388061523438,2565434
2005-08-26,14.545147895812988,21.11895751953125,21.271047592163086,21.032047271728516,21.271047592163086,1945753
2005-08-29,14.851917266845703,21.564367294311523,21.59152603149414,21.026615142822266,21.12982177734375,2641467
2005-08-30,14.836953163146973,21.542640686035156,21.618684768676758,21.401411056518555,21.48288917541504,3804795
2005-08-31,15.087603569030762,21.906572341918945,21.917436599731445,21.48832130432129,21.520912170410156,3481699
2005-09-01,14.956669807434082,21.71645736694336,21.928300857543945,21.705595016479492,21.85225486755371,3242553
2005-09-02,14.762131690979004,21.434003829956055,21.71645736694336,21.23845672607422,21.618684768676758,4015957
2005-09-06,15.01278018951416,21.797935485839844,21.797935485839844,21.34709358215332,21.395980834960938,4083338
2005-09-07,15.09508228302002,21.917436599731445,22.026073455810547,21.73818588256836,21.776208877563477,3179039
2005-09-08,14.994073867797852,21.770776748657227,22.270505905151367,21.72732162475586,22.243345260620117,3183641
2005-09-09,15.061413764953613,21.868549346923828,21.950027465820312,21.792503356933594,21.792503356933594,1647327
2005-09-12,15.020259857177734,21.808799743652344,21.97175407409668,21.781639099121094,21.81966209411621,1840448
2005-09-13,15.057672500610352,21.863117218017578,21.912004470825195,21.60782241821289,21.808799743652344,3593080
2005-09-14,14.990334510803223,21.765344619750977,21.98805046081543,21.749048233032227,21.906572341918945,2545919
2005-09-15,15.319551467895508,22.243345260620117,22.297664642333984,21.83595848083496,21.84682273864746,4314936
2005-09-16,15.244721412658691,22.134708404541016,22.308528900146484,22.004344940185547,22.303096771240234,4944006
2005-09-19,15.121273040771484,21.955459594726562,22.1075496673584,21.906572341918945,22.08039093017578,2088062
2005-09-20,15.050193786621094,21.85225486755371,22.053232192993164,21.74361801147461,21.928300857543945,2103895
2005-09-21,15.035223007202148,21.83052635192871,21.85225486755371,21.423139572143555,21.423139572143555,4135807
2005-09-22,15.00903606414795,21.792503356933594,21.873981475830078,21.700162887573242,21.770776748657227,2782487
2005-09-23,14.945448875427246,21.700162887573242,21.863117218017578,21.678436279296875,21.808799743652344,2592864
2005-09-26,14.949187278747559,21.705595016479492,21.939163208007812,21.569799423217773,21.890277862548828,4774634
2005-09-27,14.941699028015137,21.694730758666992,21.797935485839844,21.461162567138672,21.73818588256836,3396277
2005-09-28,14.863138198852539,21.580663681030273,21.884845733642578,21.363388061523438,21.873981475830078,2984629
2005-09-29,14.908028602600098,21.645845413208008,21.72188949584961,21.02118492126465,21.59695816040039,3232980
2005-09-30,14.915514945983887,21.656707763671875,21.759912490844727,21.48832130432129,21.651275634765625,2598572
2005-10-03,14.92299747467041,21.667572021484375,21.781639099121094,21.520912170410156,21.59695816040039,2047376
2005-10-04,14.979106903076172,21.749048233032227,22.004344940185547,21.72732162475586,21.781639099121094,4421162
2005-10-05,14.818249702453613,21.51548194885254,21.83595848083496,21.49918556213379,21.72732162475586,5160875
2005-10-06,14.481554985046387,21.026615142822266,21.466594696044922,20.678979873657227,21.461162567138672,5981961
2005-10-07,14.500267028808594,21.053775787353516,21.12982177734375,20.896251678466797,21.059207916259766,3943606
2005-10-10,14.384282112121582,20.885387420654297,21.20586585998535,20.700706481933594,21.032047271728516,3052010
2005-10-11,14.103713989257812,20.47800064086914,20.9940242767334,20.47800064086914,20.98859214782715,3863707
2005-10-12,14.25709056854248,20.700706481933594,20.831069946289062,20.401954650878906,20.48343276977539,4825813
2005-10-13,13.998960494995117,20.325910568237305,20.46713638305664,19.9022274017334,19.934818267822266,6477006
2005-10-14,13.987735748291016,20.309614181518555,20.548614501953125,20.12493133544922,20.325910568237305,5422666
2005-10-17,14.036368370056152,20.38022804260254,20.434545516967773,20.13036346435547,20.304182052612305,3292260
2005-10-18,14.182268142700195,20.592069625854492,20.87995719909668,20.271591186523438,20.342205047607422,5094968
2005-10-19,14.339386940002441,20.820205688476562,20.831069946289062,20.47800064086914,20.597501754760742,3337181
2005-10-20,14.159822463989258,20.559478759765625,20.793046951293945,20.320478439331055,20.776752471923828,7024704
2005-10-21,14.25709056854248,20.700706481933594,20.782184600830078,20.592069625854492,20.695274353027344,4248844
2005-10-24,14.496519088745117,21.048343658447266,21.070070266723633,20.765888214111328,20.809343338012695,4649446
2005-10-25,14.429177284240723,20.95056915283203,21.11895751953125,20.776752471923828,21.048343658447266,3472678
2005-10-26,14.515225410461426,21.075502395629883,21.26561737060547,20.803911209106445,20.95600128173828,3609281
2005-10-27,14.391762733459473,20.896251678466797,21.271047592163086,20.896251678466797,21.075502395629883,3126570
2005-10-28,14.575079917907715,21.162412643432617,21.184139251708984,20.87995719909668,20.99945640563965,2697617
2005-10-31,14.301987648010254,20.765888214111328,21.314502716064453,20.73329734802246,21.173274993896484,5040290
2005-11-01,13.688455581665039,19.87506866455078,20.678979873657227,19.549158096313477,20.668115615844727,14852636
2005-11-02,14.040112495422363,20.38566017150879,20.516023635864258,19.87506866455078,19.88050079345703,8401588
2005-11-03,14.178529739379883,20.586637496948242,20.695274353027344,20.36936378479004,20.412818908691406,4211840
2005-11-04,14.02514362335205,20.363933563232422,20.657251358032227,20.157522201538086,20.532318115234375,3369582
2005-11-07,14.193498611450195,20.60836410522461,20.72243309020996,20.39652442932129,20.505159378051758,3111106
2005-11-08,14.324424743652344,20.798479080200195,21.097230911254883,20.61379623413086,20.61379623413086,4992608
2005-11-09,14.290764808654785,20.74959373474121,20.907115936279297,20.597501754760742,20.793046951293945,3149767
2005-11-10,14.305726051330566,20.771320343017578,21.0048885345459,20.74416160583496,20.803911209106445,3940292
2005-11-11,14.45910358428955,20.9940242767334,20.99945640563965,20.651819229125977,20.782184600830078,2171275
2005-11-14,14.399249076843262,20.907115936279297,21.048343658447266,20.651819229125977,20.651819229125977,3901263
2005-11-15,14.537671089172363,21.10809326171875,21.189571380615234,20.923410415649414,20.95056915283203,3342704
2005-11-16,14.272055625915527,20.72243309020996,21.146116256713867,20.700706481933594,21.10809326171875,3235005
2005-11-17,14.45910358428955,20.9940242767334,21.048343658447266,20.662683486938477,20.72243309020996,3437883
2005-11-18,14.421703338623047,20.939706802368164,21.091798782348633,20.793046951293945,21.091798782348633,2559358
2005-11-21,14.503999710083008,21.059207916259766,21.059207916259766,20.814775466918945,20.97772979736328,1722808
2005-11-22,14.590043067932129,21.184139251708984,21.292776107788086,20.923410415649414,21.059207916259766,3075575
2005-11-23,14.548892974853516,21.1243896484375,21.287343978881836,21.075502395629883,21.184139251708984,1888682
2005-11-25,14.619970321655273,21.22759437561035,21.292776107788086,21.080934524536133,21.200435638427734,570710
2005-11-28,14.623710632324219,21.2330265045166,21.428571701049805,21.184139251708984,21.34709358215332,2106104
2005-11-29,14.664868354797363,21.292776107788086,21.47745704650879,21.24388885498047,21.401411056518555,3208127
2005-11-30,14.530186653137207,21.097230911254883,21.35252571105957,20.923410415649414,21.271047592163086,3274771
2005-12-01,14.784584045410156,21.466594696044922,21.624116897583008,21.151548385620117,21.23845672607422,3413582
2005-12-02,14.810769081115723,21.50461769104004,21.564367294311523,21.167844772338867,21.374252319335938,3418185
2005-12-05,14.78083324432373,21.461162567138672,21.575231552124023,21.401411056518555,21.428571701049805,2919090
2005-12-06,14.799544334411621,21.48832130432129,21.624116897583008,21.401411056518555,21.564367294311523,2477066
2005-12-07,14.781314849853516,21.146116256713867,21.401411056518555,20.9940242767334,21.10809326171875,3906234
2005-12-08,14.796507835388184,21.167844772338867,21.35252571105957,20.97229766845703,21.146116256713867,3075575
2005-12-09,14.716764450073242,21.053775787353516,21.184139251708984,20.97772979736328,21.173274993896484,2131878
2005-12-12,14.640830039978027,20.945138931274414,21.1243896484375,20.782184600830078,21.053775787353516,2812680
2005-12-13,14.739553451538086,21.086366653442383,21.184139251708984,20.814775466918945,20.912548065185547,5358046
2005-12-14,14.686396598815918,21.01032066345215,21.10809326171875,20.885387420654297,21.080934524536133,4460927
2005-12-15,14.678802490234375,20.99945640563965,21.173274993896484,20.890819549560547,21.075502395629883,2628212
2005-12-16,14.621847152709961,20.917978286743164,21.167844772338867,20.87995719909668,21.0048885345459,5840573
2005-12-19,14.390240669250488,20.586637496948242,20.787614822387695,19.956544876098633,20.776752471923828,5343134
2005-12-20,14.416813850402832,20.62466049194336,20.776752471923828,20.521455764770508,20.61379623413086,3866100
2005-12-21,14.382635116577148,20.575773239135742,20.73872947692871,20.47256851196289,20.695274353027344,2636496
2005-12-22,14.435798645019531,20.651819229125977,20.72786521911621,20.543182373046875,20.63009262084961,2952780
2005-12-23,14.413025856018066,20.61922836303711,20.717002868652344,20.47256851196289,20.717002868652344,1935259
2005-12-27,14.226969718933105,20.353069305419922,20.61379623413086,20.271591186523438,20.564910888671875,2870487
2005-12-28,14.261140823364258,20.401954650878906,20.505159378051758,20.287887573242188,20.412818908691406,4227488
2005-12-29,14.325693130493164,20.49429702758789,20.63552474975586,20.38022804260254,20.439977645874023,3052562
2005-12-30,14.295323371887207,20.450841903686523,20.543182373046875,20.298751831054688,20.36936378479004,3354118
2006-01-03,14.564897537231445,20.836502075195312,21.12982177734375,20.429115295410156,21.12982177734375,7786510
2006-01-04,14.76612377166748,21.1243896484375,21.12982177734375,20.820205688476562,20.907115936279297,5743000
2006-01-05,14.637036323547363,20.939706802368164,21.21673011779785,20.923410415649414,21.146116256713867,5323436
2006-01-06,14.724359512329102,21.064638137817383,21.2330265045166,20.923410415649414,21.1026611328125,6092605
2006-01-09,14.747147560119629,21.097230911254883,21.2330265045166,20.9940242767334,21.01032066345215,3920778
2006-01-10,14.739553451538086,21.086366653442383,21.156980514526367,20.95600128173828,21.02118492126465,5347737
2006-01-11,14.735751152038574,21.080934524536133,21.12982177734375,20.96143341064453,21.042911529541016,4720324
2006-01-12,14.618051528930664,20.912548065185547,21.086366653442383,20.711570739746094,21.080934524536133,5093863
2006-01-13,14.496548652648926,20.73872947692871,21.156980514526367,20.689842224121094,20.97772979736328,3844560
2006-01-17,14.640830039978027,20.945138931274414,20.98859214782715,20.61379623413086,20.61379623413086,4846617
2006-01-18,14.83447551727295,21.2221622467041,21.439434051513672,20.96686553955078,20.97229766845703,4310886
2006-01-19,14.971168518066406,21.417707443237305,21.537208557128906,21.1026611328125,21.25475311279297,4326166
2006-01-20,14.678802490234375,20.99945640563965,21.390548706054688,20.85822868347168,21.33079719543457,4629747
2006-01-23,14.576290130615234,20.85279655456543,21.162412643432617,20.803911209106445,21.02118492126465,3600444
2006-01-24,14.602864265441895,20.890819549560547,21.064638137817383,20.85822868347168,20.912548065185547,3582770
2006-01-25,14.507940292358398,20.755023956298828,20.98316192626953,20.597501754760742,20.98316192626953,5452490
2006-01-26,14.420615196228027,20.63009262084961,20.755023956298828,20.23900032043457,20.537750244140625,6382747
2006-01-27,14.295323371887207,20.450841903686523,20.700706481933594,20.331342697143555,20.695274353027344,7823698
2006-01-30,13.991559028625488,20.016294479370117,20.358501434326172,19.85334014892578,20.353069305419922,6764386
2006-01-31,13.991559028625488,20.016294479370117,20.195545196533203,19.91852378845215,19.934818267822266,7357557
2006-02-01,13.835890769958496,19.793590545654297,20.076045989990234,19.636066436767578,20.054317474365234,6195701
2006-02-02,13.847288131713867,19.809886932373047,20.021726608276367,19.782726287841797,19.85877227783203,6364889
2006-02-03,13.67641830444336,19.565454483032227,19.929386138916016,19.462249755859375,19.826181411743164,6576604
2006-02-06,13.45999526977539,19.25583839416504,19.62520408630371,19.190656661987305,19.52743148803711,7081775
2006-02-07,13.615673065185547,19.478544235229492,19.592613220214844,19.076589584350586,19.228679656982422,8383362
2006-02-08,13.75615119934082,19.679521560668945,19.782726287841797,19.36990737915039,19.429658889770508,5297846
2006-02-09,14.219377517700195,20.342205047607422,20.61379623413086,19.978273391723633,20.61379623413086,11138234
2006-02-10,14.07889461517334,20.14122772216797,20.347637176513672,19.88050079345703,20.206409454345703,5336875
2006-02-13,13.964985847473145,19.978273391723633,20.14665985107422,19.88593292236328,20.0977725982666,3274587
2006-02-14,14.192802429199219,20.304182052612305,20.418251037597656,19.809886932373047,19.923954010009766,5426163
2006-02-15,14.492751121520996,20.73329734802246,21.200435638427734,20.505159378051758,20.64095687866211,8194843
2006-02-16,14.587674140930176,20.86909294128418,20.86909294128418,20.461706161499023,20.60836410522461,6024120
2006-02-17,14.553502082824707,20.820205688476562,20.934274673461914,20.678979873657227,20.814775466918945,5062934
2006-02-21,14.394030570983887,20.592069625854492,20.890819549560547,20.510591506958008,20.782184600830078,4262651
2006-02-22,14.614255905151367,20.907115936279297,20.912548065185547,20.646387100219727,20.706138610839844,12786850
2006-02-23,14.492751121520996,20.73329734802246,20.95056915283203,20.72243309020996,20.793046951293945,4411957
2006-02-24,14.621847152709961,20.917978286743164,20.96686553955078,20.575773239135742,20.575773239135742,4603789
2006-02-27,14.602864265441895,20.890819549560547,21.2221622467041,20.782184600830078,20.803911209106445,6045476
2006-02-28,14.371254920959473,20.559478759765625,20.755023956298828,20.423683166503906,20.689842224121094,6484738
2006-03-01,14.473762512207031,20.706138610839844,20.760456085205078,20.39652442932129,20.49429702758789,4131020
2006-03-02,14.454781532287598,20.678979873657227,20.814775466918945,20.48886489868164,20.516023635864258,4643923
2006-03-03,14.618051528930664,20.912548065185547,20.923410415649414,20.586637496948242,20.586637496948242,5006415
2006-03-06,14.652225494384766,20.96143341064453,21.059207916259766,20.776752471923828,20.836502075195312,5436105
2006-03-07,14.538315773010254,20.798479080200195,21.12982177734375,20.668115615844727,21.032047271728516,4381212
2006-03-08,14.65981388092041,20.97229766845703,20.97772979736328,20.646387100219727,20.85822868347168,3169834
2006-03-09,14.515539169311523,20.765888214111328,20.99945640563965,20.717002868652344,20.890819549560547,3713481
2006-03-10,14.538315773010254,20.798479080200195,20.907115936279297,20.646387100219727,20.771320343017578,4162133
2006-03-13,14.62944221496582,20.928842544555664,21.097230911254883,20.668115615844727,20.793046951293945,4918416
2006-03-14,14.561095237731934,20.831069946289062,20.9940242767334,20.755023956298828,20.847366333007812,4612994
2006-03-15,14.530720710754395,20.787614822387695,20.85822868347168,20.64095687866211,20.798479080200195,3892795
2006-03-16,14.526922225952148,20.782184600830078,20.86366081237793,20.706138610839844,20.793046951293945,3802033
2006-03-17,14.678802490234375,20.99945640563965,20.99945640563965,20.74416160583496,20.85279655456543,5916054
2006-03-20,14.621847152709961,20.917978286743164,21.080934524536133,20.86909294128418,21.080934524536133,2794638
2006-03-21,14.602864265441895,20.890819549560547,21.042911529541016,20.689842224121094,20.912548065185547,3938267
2006-03-22,14.652225494384766,20.96143341064453,21.086366653442383,20.87452507019043,20.96686553955078,3126202
2006-03-23,14.739553451538086,21.086366653442383,21.156980514526367,20.86366081237793,20.896251678466797,4181463
2006-03-24,14.716764450073242,21.053775787353516,21.10809326171875,20.934274673461914,20.98859214782715,2065602
2006-03-27,14.811697959899902,21.189571380615234,21.26018524169922,20.923410415649414,20.96686553955078,3996811
2006-03-28,14.675004959106445,20.9940242767334,21.444866180419922,20.934274673461914,21.184139251708984,5928941
2006-03-29,14.65981388092041,20.97229766845703,21.178707122802734,20.912548065185547,21.02118492126465,3584243
2006-03-30,14.595274925231934,20.87995719909668,20.99945640563965,20.782184600830078,20.85822868347168,4844223
2006-03-31,14.735751152038574,21.080934524536133,21.12982177734375,20.825637817382812,20.885387420654297,5337611
2006-04-03,14.640830039978027,20.945138931274414,21.21673011779785,20.912548065185547,21.02118492126465,4175204
2006-04-04,14.57248306274414,20.847366333007812,21.162412643432617,20.74959373474121,21.162412643432617,3500477
2006-04-05,14.310503959655762,20.47256851196289,20.831069946289062,20.418251037597656,20.831069946289062,6185576
2006-04-06,14.211784362792969,20.331342697143555,20.456274032592773,20.190113067626953,20.39109230041504,4433496
2006-04-07,14.08648681640625,20.152090072631836,20.47800064086914,20.11406707763672,20.331342697143555,4343655
2006-04-10,13.983962059020996,20.00543212890625,20.173818588256836,19.831613540649414,20.13036346435547,6016572
2006-04-11,13.927022933959961,19.923954010009766,20.09234046936035,19.820749282836914,19.972841262817383,5264892
2006-04-12,14.07889461517334,20.14122772216797,20.222705841064453,20.00543212890625,20.00543212890625,4240928
2006-04-13,13.85867691040039,19.826181411743164,20.1086368560791,19.695817947387695,20.032590866088867,5350682
2006-04-17,13.782735824584961,19.717544555664062,19.88050079345703,19.554590225219727,19.777294158935547,4699521
2006-04-18,14.00675106048584,20.038022994995117,20.070613861083984,19.809886932373047,19.809886932373047,5734531
2006-04-19,14.059906005859375,20.11406707763672,20.287887573242188,19.972841262817383,19.972841262817383,4240191
2006-04-20,14.621847152709961,20.917978286743164,21.173274993896484,20.74959373474121,20.85822868347168,7892919
2006-04-21,14.640830039978027,20.945138931274414,21.178707122802734,20.765888214111328,21.059207916259766,5564054
2006-04-24,14.731959342956543,21.075502395629883,21.173274993896484,20.825637817382812,20.945138931274414,4664174
2006-04-25,14.580079078674316,20.85822868347168,21.086366653442383,20.776752471923828,21.026615142822266,4460007
2006-04-26,14.432000160217285,20.646387100219727,20.912548065185547,20.570341110229492,20.782184600830078,5513427
2006-04-27,14.382635116577148,20.575773239135742,20.678979873657227,20.39652442932129,20.64095687866211,6065911
2006-04-28,14.314298629760742,20.47800064086914,20.646387100219727,20.342205047607422,20.581205368041992,6183367
2006-05-01,14.173813819885254,20.277023315429688,20.706138610839844,20.206409454345703,20.63552474975586,5775769
2006-05-02,14.128252983093262,20.211841583251953,20.401954650878906,20.11949920654297,20.24443244934082,5194382
2006-05-03,14.10546875,20.179250717163086,20.46713638305664,20.12493133544922,20.211841583251953,4545429
2006-05-04,14.473762512207031,20.706138610839844,20.72786521911621,20.298751831054688,20.298751831054688,7233657
2006-05-05,14.500347137451172,20.74416160583496,20.896251678466797,20.651819229125977,20.73329734802246,4190484
2006-05-08,14.675004959106445,20.9940242767334,21.026615142822266,20.64095687866211,20.646387100219727,4068058
2006-05-09,14.781314849853516,21.146116256713867,21.319934844970703,20.912548065185547,20.9940242767334,6020254
2006-05-10,14.53452205657959,20.793046951293945,21.048343658447266,20.695274353027344,21.0157527923584,4284191
2006-05-11,14.496548652648926,20.73872947692871,20.836502075195312,20.521455764770508,20.72243309020996,2935843
2006-05-12,14.439591407775879,20.657251358032227,20.787614822387695,20.570341110229492,20.673547744750977,4254367
2006-05-15,14.473762512207031,20.706138610839844,20.95600128173828,20.564910888671875,20.592069625854492,4320827
2006-05-16,14.375039100646973,20.564910888671875,20.755023956298828,20.526887893676758,20.63552474975586,4292107
2006-05-17,14.044721603393555,20.09234046936035,20.554046630859375,20.065181732177734,20.429115295410156,6913691
2006-05-18,14.021940231323242,20.059749603271484,20.25529670715332,19.576316833496094,19.576316833496094,7699430
2006-05-19,13.885250091552734,19.86420440673828,20.0977725982666,19.75013542175293,20.043455123901367,7354795
2006-05-22,14.010544776916504,20.043455123901367,20.13579559326172,19.847909927368164,19.86420440673828,7053239
2006-05-23,13.843488693237305,19.804454803466797,20.195545196533203,19.799022674560547,20.076045989990234,3682368
2006-05-24,13.999163627624512,20.027158737182617,20.13579559326172,19.63063621520996,19.722976684570312,4621646
2006-05-25,14.215579986572266,20.336772918701172,20.38566017150879,20.032590866088867,20.266159057617188,4693077
2006-05-26,14.553502082824707,20.820205688476562,20.901683807373047,20.532318115234375,20.586637496948242,5570866
2006-05-30,14.310503959655762,20.47256851196289,20.74959373474121,20.39652442932129,20.74959373474121,4232091
2006-05-31,14.314298629760742,20.47800064086914,20.73872947692871,20.445409774780273,20.48343276977539,5650397
2006-06-01,14.492751121520996,20.73329734802246,20.803911209106445,20.49429702758789,20.532318115234375,2823910
2006-06-02,14.46996784210205,20.700706481933594,20.885387420654297,20.564910888671875,20.700706481933594,2965299
2006-06-05,14.264945030212402,20.407386779785156,20.706138610839844,20.358501434326172,20.61922836303711,3655858
2006-06-06,14.280125617980957,20.429115295410156,20.63552474975586,20.26072883605957,20.48343276977539,3759874
2006-06-07,14.481363296508789,20.717002868652344,20.825637817382812,20.418251037597656,20.532318115234375,5307971
2006-06-08,14.33327865600586,20.505159378051758,20.896251678466797,20.461706161499023,20.85279655456543,4735788
2006-06-09,14.371254920959473,20.559478759765625,20.673547744750977,20.222705841064453,20.48886489868164,4691604
2006-06-12,14.394030570983887,20.592069625854492,20.689842224121094,20.423683166503906,20.61922836303711,4261179
2006-06-13,14.173813819885254,20.277023315429688,20.814775466918945,20.24443244934082,20.548614501953125,5312574
2006-06-14,14.329488754272461,20.499727249145508,20.581205368041992,20.298751831054688,20.336772918701172,4014853
2006-06-15,14.65981388092041,20.97229766845703,21.026615142822266,20.505159378051758,20.592069625854492,4476760
2006-06-16,14.428207397460938,20.64095687866211,21.048343658447266,20.564910888671875,20.85822868347168,4951554
2006-06-19,14.306706428527832,20.46713638305664,20.798479080200195,20.38022804260254,20.63009262084961,2880245
2006-06-20,14.097877502441406,20.168386459350586,20.46713638305664,20.0977725982666,20.423683166503906,4718483
2006-06-21,14.382635116577148,20.575773239135742,20.651819229125977,20.24986457824707,20.25529670715332,4782366
2006-06-22,14.264945030212402,20.407386779785156,20.526887893676758,20.195545196533203,20.47800064086914,2301250
2006-06-23,14.143439292907715,20.23356819152832,20.363933563232422,20.184682846069336,20.24443244934082,4250133
2006-06-26,13.991559028625488,20.016294479370117,20.206409454345703,19.87506866455078,19.929386138916016,3407691
2006-06-27,13.759947776794434,19.684953689575195,20.076045989990234,19.641498565673828,19.923954010009766,4147773
2006-06-28,13.782735824584961,19.717544555664062,19.88050079345703,19.641498565673828,19.74470329284668,2848027
2006-06-29,14.021940231323242,20.059749603271484,20.14122772216797,19.60890769958496,19.77186393737793,2864044
2006-06-30,13.957392692565918,19.967409133911133,20.043455123901367,19.63063621520996,20.043455123901367,8832382
2006-07-03,13.949796676635742,19.956544876098633,20.1086368560791,19.88050079345703,20.027158737182617,2661534
2006-07-05,14.014342308044434,20.048885345458984,20.179250717163086,19.940250396728516,19.956544876098633,6137710
2006-07-06,13.953591346740723,19.961977005004883,20.09234046936035,19.8913631439209,20.054317474365234,3871991
2006-07-07,13.832093238830566,19.788158416748047,19.967409133911133,19.684953689575195,19.923954010009766,5488757
2006-07-10,13.847288131713867,19.809886932373047,19.9022274017334,19.76643180847168,19.826181411743164,3570804
2006-07-11,13.980168342590332,20.0,20.027158737182617,19.76643180847168,19.826181411743164,4525178
2006-07-12,13.92322063446045,19.91852378845215,20.0977725982666,19.89679527282715,19.9891357421875,2741065
2006-07-13,14.048519134521484,20.0977725982666,20.217273712158203,19.9891357421875,20.016294479370117,7415732
2006-07-14,14.36365795135498,20.548614501953125,20.695274353027344,19.88050079345703,20.070613861083984,9513736
2006-07-17,14.447190284729004,20.668115615844727,20.885387420654297,20.505159378051758,20.554046630859375,5141177
2006-07-18,14.496548652648926,20.73872947692871,20.776752471923828,20.564910888671875,20.73329734802246,4573596
2006-07-19,14.648423194885254,20.95600128173828,21.086366653442383,20.700706481933594,20.776752471923828,5843702
2006-07-20,15.312877655029297,21.906572341918945,22.514938354492188,21.72732162475586,21.72732162475586,14441909
2006-07-21,15.745723724365234,22.525800704956055,22.672460556030273,22.09125518798828,22.161869049072266,9869601
2006-07-24,15.715357780456543,22.48234748840332,22.71591567993164,22.47691535949707,22.498641967773438,8899394
2006-07-25,15.890015602111816,22.732210159301758,22.819120407104492,22.194459915161133,22.297664642333984,6736771
2006-07-26,15.867223739624023,22.69961929321289,22.781097412109375,22.569255828857422,22.650733947753906,5268022
2006-07-27,15.844447135925293,22.667028427124023,22.748506546020508,22.498641967773438,22.667028427124023,5652606
2006-07-28,15.833061218261719,22.650733947753906,22.829984664916992,22.558391571044922,22.677892684936523,4454484
2006-07-31,15.9469633102417,22.813688278198242,22.86257553100586,22.433460235595703,22.487777709960938,8381521
2006-08-01,16.265901565551758,23.269962310791016,23.313417434692383,22.71591567993164,22.813688278198242,9061954
2006-08-02,16.087444305419922,23.014665603637695,23.351438522338867,22.992938995361328,23.08527946472168,6365073
2006-08-03,15.958356857299805,22.829984664916992,22.992938995361328,22.72677993774414,22.813688278198242,3865732
2006-08-04,15.734334945678711,22.509506225585938,22.96034812927246,22.406301498413086,22.829984664916992,8320031
2006-08-07,15.829262733459473,22.645301818847656,22.71048355102539,22.509506225585938,22.59098243713379,5008441
2006-08-08,16.106441497802734,23.041824340820312,23.23737144470215,22.786529541015625,22.813688278198242,5416406
2006-08-09,15.9469633102417,22.813688278198242,23.177621841430664,22.808256149291992,23.139598846435547,2873249
2006-08-10,16.25072479248047,23.24823570251465,23.307985305786133,22.69418716430664,22.72677993774414,5008993
2006-08-11,16.277294158935547,23.286256790161133,23.31884765625,23.014665603637695,23.139598846435547,4596977
2006-08-14,16.3646183013916,23.411190032958984,23.671916961669922,23.307985305786133,23.356870651245117,6098497
2006-08-15,16.341842651367188,23.378599166870117,23.623031616210938,23.34600830078125,23.601303100585938,4386919
2006-08-16,16.151992797851562,23.107006072998047,23.45464324951172,23.07984733581543,23.44921112060547,4992424
2006-08-17,16.372222900390625,23.42205238342285,23.4274845123291,23.058120727539062,23.123302459716797,5476055
2006-08-18,16.410188674926758,23.47637176513672,23.503530502319336,23.307985305786133,23.47093963623047,2855391
2006-08-21,16.421571731567383,23.492666244506836,23.650190353393555,23.33514404296875,23.400325775146484,2540396
2006-08-22,16.49371337890625,23.59587287902832,23.753395080566406,23.389461517333984,23.46007537841797,4605262
2006-08-23,16.254518508911133,23.253665924072266,23.56871223449707,23.19391632080078,23.525257110595703,2252464
2006-08-24,16.55826759338379,23.688213348388672,23.95437240600586,23.259098052978516,23.3297119140625,6412755
2006-08-25,16.413978576660156,23.48180389404297,23.699077606201172,23.389461517333984,23.508962631225586,3123625
2006-08-28,16.778491973876953,24.003259658813477,24.133623123168945,23.46550750732422,23.546985626220703,5541778
2006-08-29,16.979719161987305,24.29114532470703,24.3346004486084,23.97066879272461,23.992395401000977,5592222
2006-08-30,16.945539474487305,24.242259979248047,24.383487701416016,24.171646118164062,24.32916831970215,5185913
2006-08-31,16.850624084472656,24.106464385986328,24.258554458618164,24.08473777770996,24.133623123168945,5325277
2006-09-01,17.070852279663086,24.421510696411133,24.4541015625,24.20423698425293,24.28028106689453,4414718
2006-09-05,17.180957794189453,24.57903289794922,24.660511016845703,24.32916831970215,24.421510696411133,3941213
2006-09-06,16.869613647460938,24.133623123168945,24.4649658203125,24.019554138183594,24.416078567504883,5150198
2006-09-07,16.6531925201416,23.82400894165039,24.19880485534668,23.82400894165039,24.155349731445312,3901263
2006-09-08,16.634204864501953,23.796850204467773,23.872894287109375,23.688213348388672,23.764259338378906,4578935
2006-09-11,16.892391204833984,24.166213989257812,24.20966911315918,23.4383487701416,23.655622482299805,3011508
2006-09-12,17.078439712524414,24.432373046875,24.54644203186035,24.155349731445312,24.155349731445312,3275323
2006-09-13,17.055660247802734,24.399782180786133,24.432373046875,24.20966911315918,24.3454647064209,2707743
2006-09-14,17.086027145385742,24.4432373046875,24.4649658203125,24.133623123168945,24.30744171142578,3401063
2006-09-15,17.298656463623047,24.747419357299805,24.769147872924805,24.475828170776367,24.524715423583984,5337059
2006-09-18,17.2758731842041,24.714828491210938,24.780010223388672,24.530147552490234,24.68766975402832,4729713
2006-09-19,17.16196632385254,24.5518741607666,24.769147872924805,24.3454647064209,24.714828491210938,2983525
2006-09-20,17.215124130249023,24.627920150756836,24.714828491210938,24.524715423583984,24.530147552490234,2134640
2006-09-21,17.097427368164062,24.45953369140625,24.741987228393555,24.43780517578125,24.633350372314453,2429568
2006-09-22,17.253095626831055,24.68223762512207,24.736555099487305,24.416078567504883,24.5518741607666,3999573
2006-09-25,17.241701126098633,24.66594123840332,24.714828491210938,24.475828170776367,24.67137336730957,4158083
2006-09-26,17.188554763793945,24.58989715576172,24.68223762512207,24.416078567504883,24.68223762512207,4578751
2006-09-27,17.192346572875977,24.59532928466797,24.714828491210938,24.432373046875,24.58446502685547,3719925
2006-09-28,17.059457778930664,24.405214309692383,24.67680549621582,24.19337272644043,24.67137336730957,4234484
2006-09-29,17.260690689086914,24.69310188293457,24.698532104492188,24.399782180786133,24.54644203186035,3485197
2006-10-02,17.154375076293945,24.5410099029541,24.769147872924805,24.3346004486084,24.3346004486084,3179591
2006-10-03,17.17336654663086,24.56816864013672,24.709396362304688,24.388919830322266,24.486692428588867,2913935
2006-10-04,17.097427368164062,24.45953369140625,24.5410099029541,24.225963592529297,24.502988815307617,4751989
2006-10-05,16.99110984802246,24.30744171142578,24.600759506225586,24.30200958251953,24.3454647064209,3757113
2006-10-06,17.404977798461914,24.899511337280273,25.127647399902344,24.28028106689453,24.30744171142578,4826366
2006-10-09,17.3138484954834,24.769147872924805,24.894079208374023,24.655078887939453,24.866920471191406,2229635
2006-10-10,17.21133041381836,24.622488021850586,24.736555099487305,24.481260299682617,24.736555099487305,2484982
2006-10-11,17.329036712646484,24.790874481201172,24.915807723999023,24.481260299682617,24.492124557495117,2293702
2006-10-12,17.484704971313477,25.013580322265625,25.089624404907227,24.720260620117188,24.83976173400879,2926085
2006-10-13,17.45054054260254,24.964693069458008,25.105920791625977,24.725692749023438,24.877784729003906,2975977
2006-10-16,17.404977798461914,24.899511337280273,25.046171188354492,24.747419357299805,24.980989456176758,2270137
2006-10-17,17.465730667114258,24.986419677734375,25.002716064453125,24.171646118164062,24.660511016845703,2678287
2006-10-18,17.80364990234375,25.469852447509766,25.524171829223633,24.991851806640625,25.05703353881836,7552150
2006-10-19,17.063249588012695,24.410646438598633,25.366649627685547,23.97610092163086,25.366649627685547,11563321
2006-10-20,17.465730667114258,24.986419677734375,25.07332992553711,23.900054931640625,24.47039794921875,7961589
2006-10-23,17.925151824951172,25.643672943115234,25.79576301574707,24.861488342285156,24.93210220336914,6862143
2006-10-24,17.666955947875977,25.274307250976562,25.55133056640625,25.105920791625977,25.497011184692383,5028139
2006-10-25,17.560646057128906,25.122215270996094,25.366649627685547,24.997283935546875,25.366649627685547,4476576
2006-10-26,17.708723068237305,25.33405876159668,25.388376235961914,24.991851806640625,25.084192276000977,4457613
2006-10-27,17.59482765197754,25.17110252380371,25.285171508789062,25.040739059448242,25.268875122070312,3819707
2006-10-30,17.564434051513672,25.127647399902344,25.290603637695312,25.013580322265625,25.230852127075195,2963826
2006-10-31,17.45433235168457,24.970125198364258,25.252580642700195,24.883216857910156,25.225421905517578,3993129
2006-11-01,17.332828521728516,24.796306610107422,25.17653465270996,24.763715744018555,25.040739059448242,6034982
2006-11-02,17.439136505126953,24.94839859008789,25.105920791625977,24.617055892944336,24.68766975402832,4716458
2006-11-03,17.363204956054688,24.83976173400879,25.122215270996094,24.807170867919922,24.964693069458008,2649383
2006-11-06,17.758089065551758,25.40467071533203,25.507875442504883,25.040739059448242,25.040739059448242,4435153
2006-11-07,17.666955947875977,25.274307250976562,25.52960205078125,25.241716384887695,25.366649627685547,3475256
2006-11-08,17.404977798461914,24.899511337280273,25.274307250976562,24.877784729003906,25.274307250976562,4026451
2006-11-09,17.165773391723633,24.55730628967285,25.05703353881836,24.513851165771484,24.959260940551758,4770952
2006-11-10,17.142982482910156,24.524715423583984,24.703964233398438,24.383487701416016,24.5518741607666,3152713
2006-11-13,17.093626022338867,24.4541015625,24.67137336730957,24.35089683532715,24.4432373046875,3520360
2006-11-14,17.222715377807617,24.638782501220703,24.698532104492188,24.372623443603516,24.4432373046875,3461080
2006-11-15,17.23031234741211,24.649646759033203,24.780010223388672,24.519283294677734,24.638782501220703,2565434
2006-11-16,17.518882751464844,25.06246566772461,25.16023826599121,24.58446502685547,24.698532104492188,4072292
2006-11-17,17.511281967163086,25.05160140991211,25.16023826599121,24.866920471191406,25.002716064453125,3485749
2006-11-20,17.279674530029297,24.720260620117188,25.06246566772461,24.622488021850586,24.92667007446289,3159340
2006-11-21,17.04806137084961,24.388919830322266,24.731124877929688,24.3346004486084,24.617055892944336,6327333
2006-11-22,16.85822105407715,24.117328643798828,24.4432373046875,23.900054931640625,24.43780517578125,6128689
2006-11-24,16.85822105407715,24.117328643798828,24.215099334716797,24.003259658813477,24.06300926208496,904299
2006-11-27,16.539278030395508,23.661054611206055,24.171646118164062,23.655622482299805,24.003259658813477,5099018
2006-11-28,16.805065155029297,24.041282653808594,24.06300926208496,23.56328010559082,23.661054611206055,5560188
2006-11-29,17.010095596313477,24.3346004486084,24.383487701416016,23.95980453491211,24.041282653808594,2975240
2006-11-30,16.98731231689453,24.30200958251953,24.421510696411133,23.95980453491211,24.3346004486084,4238534
2006-12-01,17.0214900970459,24.35089683532715,24.513851165771484,24.166213989257812,24.43780517578125,3260411
2006-12-04,17.21133041381836,24.622488021850586,24.714828491210938,24.432373046875,24.513851165771484,3485565
2006-12-05,17.21133041381836,24.622488021850586,24.714828491210938,24.4432373046875,24.59532928466797,2709400
2006-12-06,17.262107849121094,24.378055572509766,24.5518741607666,24.20966911315918,24.4432373046875,3056428
2006-12-07,17.223636627197266,24.3237361907959,24.655078887939453,24.30200958251953,24.486692428588867,2495291
2006-12-08,17.377492904663086,24.5410099029541,24.763715744018555,24.052146911621094,24.432373046875,3228746
2006-12-11,17.112098693847656,24.166213989257812,24.5518741607666,24.090167999267578,24.5518741607666,4464977
2006-12-12,17.108243942260742,24.160781860351562,24.274850845336914,24.06300926208496,24.225963592529297,4356542
2006-12-13,17.312103271484375,24.44866943359375,24.709396362304688,24.394350051879883,24.4432373046875,4646684
2006-12-14,17.746734619140625,25.06246566772461,26.366104125976562,24.57360076904297,24.709396362304688,8526407
2006-12-15,17.904436111450195,25.285171508789062,25.366649627685547,25.138511657714844,25.17653465270996,6243752
2006-12-18,17.78903579711914,25.122215270996094,25.285171508789062,24.991851806640625,25.214557647705078,3451875
2006-12-19,17.87750816345215,25.247148513793945,25.274307250976562,25.046171188354492,25.122215270996094,3668008
2006-12-20,17.831356048583984,25.18196678161621,25.393808364868164,25.035306930541992,25.279739379882812,4235957
2006-12-21,17.90827751159668,25.290603637695312,25.388376235961914,25.105920791625977,25.18739891052246,3659540
2006-12-22,17.77750015258789,25.105920791625977,25.290603637695312,24.953828811645508,25.258012771606445,2754136
2006-12-26,17.8275089263916,25.17653465270996,25.214557647705078,24.975557327270508,25.05160140991211,2294622
2006-12-27,17.98520278930664,25.399240493774414,25.475284576416016,25.18196678161621,25.209125518798828,3763556
2006-12-28,17.935205459594727,25.32862663269043,25.469852447509766,25.268875122070312,25.45355796813965,3193767
2006-12-29,17.84288787841797,25.198261260986328,25.32319450378418,25.122215270996094,25.258012771606445,3047776
2007-01-03,17.885194778442383,25.258012771606445,25.388376235961914,25.17653465270996,25.203693389892578,4478785
2007-01-04,18.069820404052734,25.518739700317383,25.5458984375,25.127647399902344,25.247148513793945,5692740
2007-01-05,17.99674415588379,25.41553497314453,25.52960205078125,25.230852127075195,25.43183135986328,5952689
2007-01-08,18.039045333862305,25.475284576416016,25.518739700317383,25.236284255981445,25.350353240966797,3136144
2007-01-09,17.819808959960938,25.16567039489746,25.513307571411133,25.16567039489746,25.475284576416016,4819370
2007-01-10,17.992887496948242,25.41010284423828,25.43183135986328,25.024442672729492,25.122215270996094,5843334
2007-01-11,18.115976333618164,25.583921432495117,25.583921432495117,25.31776237487793,25.46442222595215,5546381
2007-01-12,18.289060592651367,25.828353881835938,25.882671356201172,25.41010284423828,25.46442222595215,3690653
2007-01-16,18.38521385192871,25.964149475097656,26.072786331176758,25.828353881835938,25.860944747924805,4163790
2007-01-17,18.608295440673828,26.27919578552246,26.382400512695312,25.855512619018555,25.855512619018555,5588171
2007-01-18,18.854459762573242,26.626832962036133,26.724605560302734,26.28462791442871,26.382400512695312,5869844
2007-01-19,18.796764373779297,26.54535675048828,26.621400833129883,26.252037048339844,26.605106353759766,7882978
2007-01-22,18.454452514648438,26.061922073364258,26.53449249267578,26.02389907836914,26.480173110961914,5213712
2007-01-23,18.48522186279297,26.105377197265625,26.17055892944336,25.882671356201172,26.072786331176758,4857663
2007-01-24,18.51984214782715,26.154264450073242,26.154264450073242,25.866376876831055,26.127105712890625,6785558
2007-01-25,19.081390380859375,26.947311401367188,27.14828872680664,26.41499137878418,26.41499137878418,10307023
2007-01-26,18.750614166259766,26.480173110961914,26.724605560302734,25.638240814208984,26.349809646606445,7773623
2007-01-29,18.63137435913086,26.311786651611328,26.480173110961914,26.203149795532227,26.42585563659668,5079319
2007-01-30,19.023700714111328,26.865833282470703,26.892993927001953,26.344377517700195,26.398696899414062,6639567
2007-01-31,19.100631713867188,26.974470138549805,27.017925262451172,26.724605560302734,26.871265411376953,5212423
2007-02-01,19.350629806518555,27.327539443969727,27.332971572875977,26.882129669189453,27.099401473999023,7272871
2007-02-02,19.135236740112305,27.023357391357422,27.246061325073242,27.017925262451172,27.13199234008789,4681663
2007-02-05,19.22755241394043,27.15372085571289,27.197174072265625,26.7680606842041,26.91472053527832,4649261
2007-02-06,19.023700714111328,26.865833282470703,27.15915298461914,26.637697219848633,27.104833602905273,6404655
2007-02-07,19.096778869628906,26.969039916992188,26.974470138549805,26.833242416381836,26.865833282470703,3212177
2007-02-08,19.14677619934082,27.03965187072754,27.093971252441406,26.892993927001953,27.05051612854004,6507935
2007-02-09,19.135236740112305,27.023357391357422,27.164583206176758,26.958175659179688,27.077674865722656,3162838
2007-02-12,19.192935943603516,27.104833602905273,27.13742446899414,26.92558479309082,27.034221649169922,3975271
2007-02-13,19.208309173583984,27.126562118530273,27.13199234008789,26.892993927001953,27.104833602905273,4607471
2007-02-14,19.335243225097656,27.30581283569336,27.327539443969727,26.974470138549805,27.121129989624023,4295974
2007-02-15,19.385250091552734,27.376426696777344,27.419879913330078,27.110265731811523,27.208038330078125,3327792
2007-02-16,19.408327102661133,27.40901756286621,27.41444969177246,27.017925262451172,27.104833602905273,5402783
2007-02-20,19.477556228637695,27.506790161132812,27.53938102722168,27.197174072265625,27.267789840698242,3086805
2007-02-21,19.462173461914062,27.485061645507812,27.696903228759766,27.39815330505371,27.54481315612793,4938667
2007-02-22,19.350629806518555,27.327539443969727,27.479631423950195,27.251493453979492,27.370994567871094,5349026
2007-02-23,19.158321380615234,27.05594825744629,27.452470779418945,26.876697540283203,27.452470779418945,3047960
2007-02-26,19.289100646972656,27.240629196166992,27.262357711791992,27.001630783081055,27.15915298461914,4329112
2007-02-27,18.885231018066406,26.6702880859375,27.376426696777344,26.127105712890625,27.213470458984375,7793505
2007-02-28,19.235240936279297,27.164583206176758,27.197174072265625,26.507333755493164,26.5616512298584,6574027
2007-03-01,19.073699951171875,26.936447143554688,27.093971252441406,26.398696899414062,26.724605560302734,8654725
2007-03-02,18.777536392211914,26.51819610595703,26.996198654174805,26.51819610595703,26.936447143554688,5359151
2007-03-05,18.65445327758789,26.344377517700195,26.610538482666016,26.27376365661621,26.328083038330078,5453963
2007-03-06,18.662147521972656,26.355241775512695,26.51819610595703,26.208581924438477,26.42585563659668,6867298
2007-03-07,18.85434913635254,26.53449249267578,26.648561477661133,26.208581924438477,26.29006004333496,7757238
2007-03-08,19.174701690673828,26.985334396362305,27.15372085571289,26.735469818115234,26.7680606842041,6569424
2007-03-09,19.290496826171875,27.14828872680664,27.208038330078125,26.952743530273438,27.13199234008789,6134028
2007-03-12,19.4603214263916,27.38728904724121,27.561107635498047,27.126562118530273,27.349266052246094,7476853
2007-03-13,19.278913497924805,27.13199234008789,27.506790161132812,27.093971252441406,27.365562438964844,7891631
2007-03-14,19.583829879760742,27.561107635498047,27.593698501586914,27.14828872680664,27.224334716796875,7027281
2007-03-15,19.765233993530273,27.816404342651367,27.941335678100586,27.376426696777344,27.479631423950195,9219176
2007-03-16,19.823131561279297,27.89788246154785,28.196632385253906,27.62628936767578,27.832700729370117,6719098
2007-03-19,20.09330940246582,28.27811050415039,28.294404983520508,27.90331268310547,27.935903549194336,6283333
2007-03-20,20.09716033935547,28.28354263305664,28.365018844604492,27.968494415283203,28.245519638061523,5546565
2007-03-21,20.18979835510254,28.413904190063477,28.424768447875977,27.89788246154785,28.234655380249023,6225894
2007-03-22,20.31330108642578,28.587724685668945,28.609451293945312,28.359586715698242,28.560565948486328,5228808
2007-03-23,20.282421112060547,28.544269561767578,28.625747680664062,28.441064834594727,28.51711082458496,5128474
2007-03-26,20.475406646728516,28.815860748291016,28.815860748291016,28.441064834594727,28.620315551757812,5261762
2007-03-27,20.483123779296875,28.826725006103516,28.9951114654541,28.604019165039062,28.625747680664062,4983587
2007-03-28,20.363475799560547,28.65833854675293,28.815860748291016,28.51711082458496,28.77240562438965,4033447
2007-03-29,20.541027069091797,28.908201217651367,28.957088470458984,28.73438262939453,28.78326988220215,3694887
2007-03-30,20.328744888305664,28.609451293945312,29.076589584350586,28.435632705688477,28.962520599365234,5878313
2007-04-02,20.378917694091797,28.680065155029297,28.799564361572266,28.50081443786621,28.73438262939453,5058332
2007-04-03,20.81891441345215,29.299293518066406,29.331884384155273,28.707223892211914,28.7887020111084,6371149
2007-04-04,20.757165908813477,29.212385177612305,29.326452255249023,29.03313446044922,29.244976043701172,4263756
2007-04-05,20.857505798339844,29.353612899780273,29.407930374145508,29.065725326538086,29.25040626525879,3761531
2007-04-09,20.98488426208496,29.53286361694336,29.576316833496094,29.25040626525879,29.331884384155273,4968307
2007-04-10,21.05049705505371,29.62520408630371,29.75013542175293,29.50570297241211,29.53286361694336,4831336
2007-04-11,20.834354400634766,29.321020126342773,29.62520408630371,29.244976043701172,29.598045349121094,5931886
2007-04-12,20.884532928466797,29.39163589477539,29.52199935913086,29.293861389160156,29.331884384155273,6167718
2007-04-13,20.838214874267578,29.326452255249023,29.543725967407227,28.468223571777344,28.902769088745117,5760489
2007-04-16,20.88838768005371,29.397066116333008,29.478544235229492,29.065725326538086,29.12547492980957,7600016
2007-04-17,21.235763549804688,29.88593292236328,30.032590866088867,29.331884384155273,29.331884384155273,11108962
2007-04-18,21.174001693725586,29.799022674560547,29.961977005004883,29.684953689575195,29.90765953063965,10108747
2007-04-19,21.490495681762695,30.24443244934082,30.85279655456543,30.13036346435547,30.48343276977539,12810230
2007-04-20,21.579267501831055,30.36936378479004,31.064638137817383,30.24443244934082,31.064638137817383,9451510
2007-04-23,21.756811141967773,30.61922836303711,30.689842224121094,30.22813606262207,30.689842224121094,7074779
2007-04-24,21.84172821044922,30.73872947692871,30.86366081237793,30.46713638305664,30.60836410522461,7353138
2007-04-25,22.154361724853516,31.178707122802734,31.21673011779785,30.646387100219727,30.711570739746094,9056063
2007-04-26,22.33190155029297,31.428571701049805,31.526344299316406,31.080934524536133,31.080934524536133,7849656
2007-04-27,22.073305130004883,31.064638137817383,31.412275314331055,31.042911529541016,31.406843185424805,7319632
2007-04-30,21.857154846191406,30.760456085205078,31.162412643432617,30.74959373474121,31.1243896484375,6470563
2007-05-01,22.023117065429688,30.9940242767334,31.032047271728516,30.450841903686523,30.646387100219727,6252772
2007-05-02,22.13119125366211,31.146116256713867,31.189571380615234,30.831069946289062,31.0157527923584,5364490
2007-05-03,22.19295310974121,31.2330265045166,31.287343978881836,31.075502395629883,31.113525390625,4741496
2007-05-04,22.165939331054688,31.195003509521484,31.363388061523438,31.13525390625,31.2330265045166,3924644
2007-05-07,22.21224594116211,31.26018524169922,31.395980834960938,31.189571380615234,31.195003509521484,2557333
2007-05-08,22.262422561645508,31.33079719543457,31.374252319335938,30.96686553955078,31.22759437561035,3206470
2007-05-09,22.293304443359375,31.374252319335938,31.47745704650879,31.2330265045166,31.319934844970703,2889450
2007-05-10,22.158206939697266,31.184139251708984,31.34709358215332,31.064638137817383,31.34709358215332,5109696
2007-05-11,21.903474807739258,30.825637817382812,31.2330265045166,30.668115615844727,31.20586585998535,8419077
2007-05-14,22.235403060913086,31.292776107788086,31.662139892578125,30.825637817382812,30.825637817382812,9816764
2007-05-15,22.135061264038086,31.151548385620117,31.461162567138672,31.053775787353516,31.35252571105957,4885278
2007-05-16,22.297161102294922,31.379684448242188,31.423139572143555,31.195003509521484,31.2330265045166,3411741
2007-05-17,21.999961853027344,30.96143341064453,31.25475311279297,30.847366333007812,31.2330265045166,3525515
2007-05-18,22.104177474975586,31.10809326171875,31.156980514526367,30.74959373474121,30.96143341064453,4970700
2007-05-21,22.16207504272461,31.189571380615234,31.287343978881836,30.9940242767334,31.048343658447266,4363538
2007-05-22,22.042417526245117,31.02118492126465,31.189571380615234,30.945138931274414,31.1243896484375,3708695
2007-05-23,22.057865142822266,31.042911529541016,31.25475311279297,30.95600128173828,30.98316192626953,4010434
2007-05-24,21.98452377319336,30.939706802368164,31.368820190429688,30.87995719909668,31.173274993896484,4368325
2007-05-25,21.988393783569336,30.945138931274414,31.13525390625,30.820205688476562,30.901683807373047,3271825
2007-05-29,21.729793548583984,30.581205368041992,31.064638137817383,30.510591506958008,31.042911529541016,6210798
2007-05-30,21.62172508239746,30.429115295410156,30.505159378051758,30.36936378479004,30.37479591369629,7042930
2007-05-31,21.938213348388672,30.87452507019043,31.162412643432617,30.429115295410156,30.912548065185547,5959869
2007-06-01,22.057865142822266,31.042911529541016,31.2330265045166,30.896251678466797,31.097230911254883,4047623
2007-06-04,22.254701614379883,31.319934844970703,31.35252571105957,30.814775466918945,30.939706802368164,3729682
2007-06-05,22.16207504272461,31.189571380615234,31.444866180419922,31.13525390625,31.271047592163086,4169865
2007-06-06,22.06451988220215,30.96143341064453,31.189571380615234,30.890819549560547,31.064638137817383,3917464
2007-06-07,21.580650329589844,30.282455444335938,30.96143341064453,29.90765953063965,30.847366333007812,8954072
2007-06-08,21.87097930908203,30.689842224121094,30.706138610839844,30.12493133544922,30.287887573242188,5832472
2007-06-11,21.607751846313477,30.320478439331055,30.73872947692871,30.304182052612305,30.689842224121094,3777916
2007-06-12,21.76646614074707,30.543182373046875,30.798479080200195,30.14665985107422,30.200977325439453,5666966
2007-06-13,21.87097930908203,30.689842224121094,30.86909294128418,30.47256851196289,30.602933883666992,6534445
2007-06-14,22.099363327026367,31.01032066345215,31.1243896484375,30.668115615844727,30.760456085205078,4681847
2007-06-15,22.405168533325195,31.439434051513672,31.50461769104004,30.74416160583496,31.271047592163086,9184197
2007-06-18,22.374208450317383,31.395980834960938,31.553504943847656,30.96143341064453,30.96143341064453,5594247
2007-06-19,22.436134338378906,31.48288917541504,31.50461769104004,31.287343978881836,31.401411056518555,4169313
2007-06-20,22.08000946044922,30.98316192626953,31.49918556213379,30.896251678466797,31.48832130432129,5255319
2007-06-21,21.983240127563477,30.847366333007812,31.070070266723633,30.72786521911621,31.053775787353516,4608391
2007-06-22,21.553556442260742,30.24443244934082,30.771320343017578,30.1086368560791,30.689842224121094,6361944
2007-06-25,21.313554763793945,29.90765953063965,30.526887893676758,29.76643180847168,30.363933563232422,6792738
2007-06-26,21.08517074584961,29.587181091308594,30.162954330444336,29.53286361694336,30.070613861083984,8427362
2007-06-27,21.747106552124023,30.516023635864258,30.564910888671875,29.206953048706055,29.299293518066406,7176218
2007-06-28,21.781946182250977,30.564910888671875,30.689842224121094,30.39109230041504,30.47800064086914,4501245
2007-06-29,21.809040069580078,30.602933883666992,30.847366333007812,30.407386779785156,30.755023956298828,6634780
2007-07-02,22.374208450317383,31.395980834960938,31.49918556213379,30.85279655456543,30.96143341064453,6256823
2007-07-03,22.33549690246582,31.34166145324707,31.455730438232422,31.178707122802734,31.374252319335938,2296095
2007-07-05,22.416786193847656,31.455730438232422,31.47745704650879,31.195003509521484,31.34166145324707,3373264
2007-07-06,22.46710777282715,31.526344299316406,31.569799423217773,31.184139251708984,31.385116577148438,3761163
2007-07-09,22.405168533325195,31.439434051513672,31.50461769104004,31.2330265045166,31.439434051513672,3287290
2007-07-10,22.02581787109375,30.907115936279297,31.309070587158203,30.87995719909668,31.195003509521484,4476576
2007-07-11,22.48646354675293,31.553504943847656,31.553504943847656,30.95600128173828,31.048343658447266,5003286
2007-07-12,22.633556365966797,31.759912490844727,31.776208877563477,31.401411056518555,31.51548194885254,6323835
2007-07-13,22.664533615112305,31.803367614746094,31.912004470825195,31.667572021484375,31.72732162475586,5745209
2007-07-16,22.753551483154297,31.928300857543945,32.0315055847168,31.586095809936523,31.629549026489258,5536992
2007-07-17,22.74968910217285,31.922868728637695,32.04779815673828,31.700162887573242,31.81966209411621,3851188
2007-07-18,22.683879852294922,31.83052635192871,31.950027465820312,31.59695816040039,31.939163208007812,4973277
2007-07-19,21.50710678100586,30.179250717163086,31.759912490844727,29.923954010009766,31.395980834960938,20456087
2007-07-20,21.46839141845703,30.12493133544922,30.597501754760742,29.85877227783203,30.157522201538086,14832385
2007-07-23,21.90194320678711,30.73329734802246,30.771320343017578,30.23356819152832,30.412818908691406,8584215
2007-07-24,21.32516860961914,29.923954010009766,30.657251358032227,29.87506866455078,30.445409774780273,8519043
2007-07-25,20.686460494995117,29.02770233154297,30.200977325439453,28.97881507873535,30.179250717163086,15503061
2007-07-26,20.3574275970459,28.565996170043945,28.826725006103516,27.702335357666016,28.51711082458496,16644297
2007-07-27,20.140657424926758,28.26181411743164,28.696361541748047,28.039108276367188,28.288972854614258,8228350
2007-07-30,20.6245174407959,28.940792083740234,29.01140785217285,28.082563400268555,28.191200256347656,8562491
2007-07-31,20.361299514770508,28.571428298950195,28.951656341552734,28.565996170043945,28.951656341552734,11499438
2007-08-01,20.322586059570312,28.51711082458496,28.97881507873535,28.27811050415039,28.473655700683594,10788076
2007-08-02,20.94194793701172,29.38620376586914,29.467681884765625,28.50624656677246,28.527973175048828,8529353
2007-08-03,20.709688186645508,29.060293197631836,29.87506866455078,29.02227020263672,29.73927116394043,7978342
2007-08-06,20.891626358032227,29.315589904785156,29.87506866455078,29.087451934814453,29.87506866455078,7212302
2007-08-07,20.686460494995117,29.02770233154297,29.27756690979004,28.65833854675293,29.01140785217285,9422790
2007-08-08,21.096782684326172,29.60347557067871,29.60347557067871,28.51167869567871,28.951656341552734,9110373
2007-08-09,20.18709945678711,28.326995849609375,29.706680297851562,28.326995849609375,29.331884384155273,9183276
2007-08-10,20.125173568725586,28.240087509155273,28.441064834594727,27.6534481048584,28.299837112426758,8070576
2007-08-13,20.45033073425293,28.696361541748047,28.98967933654785,28.234655380249023,28.25638198852539,6014915
2007-08-14,20.303226470947266,28.48995018005371,28.951656341552734,28.48995018005371,28.565996170043945,5888439
2007-08-15,19.99355697631836,28.055404663085938,29.03313446044922,27.973926544189453,29.03313446044922,6781692
2007-08-16,19.718719482421875,27.66974449157715,28.039108276367188,27.088539123535156,27.93047332763672,8385755
2007-08-17,19.699357986450195,27.64258575439453,28.16404151916504,27.327539443969727,27.474199295043945,11138050
2007-08-20,19.41678237915039,27.246061325073242,27.751222610473633,26.952743530273438,27.729494094848633,9480966
2007-08-21,19.57162094116211,27.463335037231445,27.696903228759766,26.7789249420166,27.06681251525879,8169990
2007-08-22,20.063230514526367,28.15317726135254,28.18033790588379,27.6643123626709,27.702335357666016,9217887
2007-08-23,20.318721771240234,28.51167869567871,29.234111785888672,28.299837112426758,29.234111785888672,7664635
2007-08-24,20.38065528869629,28.598588943481445,28.65290641784668,28.39760971069336,28.636611938476562,3554419
2007-08-27,20.38065528869629,28.598588943481445,28.946224212646484,28.51711082458496,28.544269561767578,3814368
2007-08-28,20.00128936767578,28.066268920898438,28.843019485473633,28.049972534179688,28.609451293945312,5555218
2007-08-29,20.423229217529297,28.65833854675293,28.674633026123047,28.131450653076172,28.218360900878906,4897796
2007-08-30,20.825815200805664,29.223247528076172,29.397066116333008,28.625747680664062,28.680065155029297,7727966
2007-08-31,21.197429656982422,29.74470329284668,29.929386138916016,29.37533950805664,29.467681884765625,9611677
2007-09-04,20.99614143371582,29.462249755859375,29.712112426757812,29.293861389160156,29.494840621948242,4059405
2007-09-05,20.825815200805664,29.223247528076172,29.407930374145508,28.837587356567383,29.27756690979004,3922987
2007-09-06,20.91434669494629,29.25583839416504,29.440521240234375,28.15317726135254,28.15317726135254,2942286
2007-09-07,20.460025787353516,28.620315551757812,30.412818908691406,28.587724685668945,29.174362182617188,6126480
2007-09-10,20.615352630615234,28.837587356567383,29.01140785217285,28.549701690673828,28.696361541748047,3254888
2007-09-11,21.015310287475586,29.397066116333008,29.429658889770508,28.843019485473633,28.913633346557617,3784912
2007-09-12,21.182283401489258,29.63063621520996,29.804454803466797,29.168930053710938,29.223247528076172,3230587
2007-09-13,21.333724975585938,29.842477798461914,29.923954010009766,29.733840942382812,29.86963653564453,2857232
2007-09-14,21.228885650634766,29.695817947387695,29.75013542175293,29.413362503051758,29.690385818481445,3079257
2007-09-17,21.10462760925293,29.52199935913086,29.690385818481445,29.36990737915039,29.52743148803711,2946889
2007-09-18,21.49292755126953,30.065181732177734,30.14665985107422,29.61433982849121,29.728408813476562,3942502
2007-09-19,21.89677619934082,30.63009262084961,30.814775466918945,30.190113067626953,30.336772918701172,4316225
2007-09-20,21.753097534179688,30.429115295410156,30.73329734802246,30.39109230041504,30.586637496948242,3182537
2007-09-21,22.044321060180664,30.836502075195312,30.896251678466797,30.429115295410156,30.776752471923828,5600138
2007-09-24,21.850173950195312,30.564910888671875,30.74416160583496,30.429115295410156,30.695274353027344,3484645
2007-09-25,22.02879524230957,30.814775466918945,30.87995719909668,30.418251037597656,30.445409774780273,4098434
2007-09-26,21.6366024017334,30.266159057617188,30.896251678466797,30.027158737182617,30.836502075195312,6651349
2007-09-27,21.80746841430664,30.505159378051758,30.673547744750977,30.14122772216797,30.325910568237305,2835324
2007-09-28,21.85405921936035,30.570341110229492,30.646387100219727,30.429115295410156,30.429115295410156,3347859
2007-10-01,21.989967346191406,30.760456085205078,30.96143341064453,30.505159378051758,30.711570739746094,3771657
2007-10-02,21.93559455871582,30.684410095214844,30.934274673461914,30.271591186523438,30.755023956298828,3333683
2007-10-03,21.725923538208008,30.39109230041504,30.602933883666992,30.222705841064453,30.48886489868164,3088093
2007-10-04,21.87735366821289,30.602933883666992,30.74416160583496,30.418251037597656,30.516023635864258,2201468
2007-10-05,21.86182403564453,30.581205368041992,30.689842224121094,30.47256851196289,30.689842224121094,2940629
2007-10-08,21.652143478393555,30.287887573242188,30.554046630859375,30.14665985107422,30.47256851196289,3255256
2007-10-09,21.574481964111328,30.179250717163086,30.38566017150879,29.842477798461914,30.336772918701172,4633061
2007-10-10,21.60553550720215,30.222705841064453,30.353069305419922,30.054317474365234,30.179250717163086,2779542
2007-10-11,21.838523864746094,30.548614501953125,30.765888214111328,30.309614181518555,30.363933563232422,3954652
2007-10-12,22.28508949279785,31.173274993896484,31.314502716064453,30.64095687866211,30.74959373474121,5103988
2007-10-15,21.82299041748047,30.526887893676758,31.178707122802734,30.309614181518555,31.12982177734375,4453195
2007-10-16,21.725923538208008,30.39109230041504,30.72243309020996,30.298751831054688,30.554046630859375,5712071
2007-10-17,21.47351837158203,30.038022994995117,30.461706161499023,29.826181411743164,30.401954650878906,5399285
2007-10-18,23.13548469543457,32.36284637451172,33.1233024597168,30.684410095214844,30.825637817382812,14446879
2007-10-19,22.52194595336914,31.50461769104004,32.4551887512207,31.450298309326172,32.10755157470703,8738122
2007-10-22,22.59185028076172,31.60239028930664,31.84139060974121,31.173274993896484,31.189571380615234,6092237
2007-10-23,22.918033599853516,32.05866241455078,32.10755157470703,31.694730758666992,31.966323852539062,3847690
2007-10-24,22.941329956054688,32.09125518798828,32.156436920166016,31.548072814941406,31.678436279296875,5855853
2007-10-25,23.232559204101562,32.49864196777344,32.72677993774414,32.129276275634766,32.129276275634766,5022432
2007-10-26,23.279155731201172,32.56382369995117,32.73221206665039,32.37371063232422,32.73221206665039,4990031
2007-10-29,23.244213104248047,32.51493835449219,32.645301818847656,32.4225959777832,32.612709045410156,3059742
2007-10-30,23.4810733795166,32.84627914428711,33.10700607299805,32.4443244934082,32.50950622558594,4845328
2007-10-31,23.302453994750977,32.59641647338867,32.889732360839844,32.4225959777832,32.83541488647461,5339636
2007-11-01,23.011220932006836,32.189029693603516,32.51493835449219,31.97175407409668,32.4334602355957,5770430
2007-11-02,23.003446578979492,32.178165435791016,32.313961029052734,31.59152603149414,32.265071868896484,4633613
2007-11-05,22.92190933227539,32.06409454345703,32.2161865234375,31.814231872558594,31.917436599731445,5063118
2007-11-06,22.97238540649414,32.134708404541016,32.134708404541016,31.83052635192871,32.04779815673828,3780862
2007-11-07,22.754934310913086,31.83052635192871,32.194461822509766,31.797935485839844,31.890277862548828,7025072
2007-11-08,22.619029998779297,31.640413284301758,31.944595336914062,31.309070587158203,31.857685089111328,6652085
2007-11-09,22.463701248168945,31.423139572143555,31.792503356933594,30.98859214782715,31.287343978881836,6111015
2007-11-12,22.1685848236084,31.01032066345215,31.629549026489258,30.96143341064453,31.428571701049805,4457245
2007-11-13,22.603492736816406,31.618684768676758,31.711027145385742,30.99945640563965,31.33622932434082,5139888
2007-11-14,22.68115234375,31.72732162475586,31.97718620300293,31.10809326171875,31.873981475830078,5287904
2007-11-15,22.44817543029785,31.401411056518555,32.04779815673828,31.325366973876953,31.662139892578125,5774665
2007-11-16,22.622907638549805,31.645845413208008,32.07495880126953,31.368820190429688,31.678436279296875,7926794
2007-11-19,22.4986515045166,31.472026824951172,31.99348258972168,31.33622932434082,31.51004981994629,7420887
2007-11-20,22.420989990234375,31.363388061523438,31.922868728637695,30.9940242767334,31.461162567138672,6838395
2007-11-21,21.943370819091797,30.695274353027344,31.48832130432129,30.537750244140625,31.167844772338867,7370996
2007-11-23,22.47923469543457,31.444866180419922,31.444866180419922,30.74416160583496,31.02118492126465,2387593
2007-11-26,21.93559455871582,30.684410095214844,31.71645736694336,30.651819229125977,31.385116577148438,8363847
2007-11-27,22.669509887695312,31.711027145385742,31.792503356933594,30.564910888671875,30.564910888671875,9290791
2007-11-28,22.894731521606445,32.02607345581055,32.07495880126953,31.656707763671875,31.884845733642578,5600874
2007-11-29,22.751054763793945,31.82509422302246,31.98805046081543,31.526344299316406,31.98805046081543,4146853
2007-11-30,23.24808692932129,32.52037048339844,32.54752731323242,31.868549346923828,32.178165435791016,7259799
2007-12-03,22.914138793945312,32.05323028564453,32.46062088012695,31.781639099121094,32.259639739990234,6261609
2007-12-04,22.96074104309082,32.11841583251953,32.275936126708984,31.857685089111328,31.928300857543945,5039369
2007-12-05,23.182071685791016,32.42802810668945,32.58012008666992,32.04779815673828,32.35198211669922,4611337
2007-12-06,23.19688606262207,32.33025360107422,32.41716384887695,32.0423698425293,32.41716384887695,4009146
2007-12-07,23.481393814086914,32.72677993774414,32.85714340209961,32.178165435791016,32.178165435791016,4197480
2007-12-10,23.808765411376953,33.18305206298828,33.18305206298828,32.67789077758789,32.753936767578125,3753983
2007-12-11,23.02151107788086,32.08582305908203,33.18305206298828,32.05323028564453,33.18305206298828,7180452
2007-12-12,23.02151107788086,32.08582305908203,32.743072509765625,31.61325454711914,32.743072509765625,6733826
2007-12-13,23.21637535095215,32.35741424560547,32.4117317199707,31.74361801147461,31.776208877563477,4817529
2007-12-14,22.639568328857422,31.553504943847656,32.10211944580078,31.461162567138672,32.0315055847168,4762299
2007-12-17,22.429115295410156,31.26018524169922,31.586095809936523,31.151548385620117,31.368820190429688,6963030
2007-12-18,22.620079040527344,31.526344299316406,31.667572021484375,31.140684127807617,31.385116577148438,4803169
2007-12-19,22.85002899169922,31.84682273864746,32.02607345581055,31.466594696044922,31.466594696044922,3165968
2007-12-20,22.978641510009766,32.02607345581055,32.41716384887695,31.890277862548828,32.01520919799805,3380260
2007-12-21,23.1929874420166,32.32482147216797,32.46604919433594,32.04779815673828,32.34111785888672,6638830
2007-12-24,23.16570472717285,32.286800384521484,32.59098434448242,32.2161865234375,32.58555221557617,1459545
2007-12-26,23.05657958984375,32.134708404541016,32.297664642333984,31.939163208007812,32.140140533447266,3968644
2007-12-27,22.7097225189209,31.651275634765625,32.183597564697266,31.61325454711914,32.145572662353516,3968460
2007-12-28,22.865610122680664,31.868549346923828,32.08039093017578,31.711027145385742,31.98805046081543,2477066
2007-12-31,22.62398338317871,31.531776428222656,31.82509422302246,31.455730438232422,31.711027145385742,2801450
2008-01-02,22.522647857666016,31.390548706054688,32.00434494018555,31.12982177734375,31.450298309326172,6011786
2008-01-03,22.842226028442383,31.83595848083496,32.39543533325195,31.450298309326172,31.564367294311523,6843549
2008-01-04,22.48367691040039,31.33622932434082,31.83595848083496,31.33622932434082,31.629549026489258,4862081
2008-01-07,23.228069305419922,32.37371063232422,32.4334602355957,31.390548706054688,31.466594696044922,7085089
2008-01-08,23.742511749267578,33.09071350097656,33.81314468383789,32.938621520996094,32.938621520996094,12747820
2008-01-09,25.009140014648438,34.856056213378906,34.91580581665039,33.03096008300781,33.09071350097656,15522207
2008-01-10,24.572649002075195,34.2476921081543,34.845191955566406,34.11189651489258,34.6387825012207,10895222
2008-01-11,24.829864501953125,34.60619354248047,34.74742126464844,33.997825622558594,33.997825622558594,8992549
2008-01-14,24.810379028320312,34.57903289794922,34.95383071899414,34.18251037597656,34.95383071899414,5520791
2008-01-15,24.712947845458984,34.4432373046875,34.67680740356445,34.030418395996094,34.22053146362305,9502874
2008-01-16,25.297548294067383,35.25801086425781,35.41553497314453,34.2259635925293,34.2259635925293,12336357
2008-01-17,24.471315383911133,34.10646438598633,35.29060363769531,34.019554138183594,35.29060363769531,12999485
2008-01-18,24.615520477294922,34.30744171142578,34.78544235229492,33.84573745727539,34.372623443603516,9919492
2008-01-22,23.656766891479492,32.97121047973633,34.399784088134766,31.50461769104004,32.58012008666992,12959904
2008-01-23,23.90619468688965,33.31884765625,33.34600830078125,32.134708404541016,32.259639739990234,18270084
2008-01-24,24.175111770629883,33.69364547729492,34.13362121582031,33.46007537841797,33.916351318359375,12910933
2008-01-25,23.773691177368164,33.1341667175293,34.481258392333984,33.07984924316406,34.07930374145508,6979967
2008-01-28,24.058195114135742,33.53068923950195,33.64475631713867,32.81911849975586,33.1124382019043,6839867
2008-01-29,23.87502098083496,33.275394439697266,33.69364547729492,33.264530181884766,33.67191696166992,7964350
2008-01-30,23.45020866394043,32.68332290649414,33.373165130615234,32.55295944213867,33.264530181884766,10330772
2008-01-31,23.60219955444336,32.895164489746094,33.30255126953125,32.265071868896484,32.629005432128906,8824649
2008-02-01,23.972461700439453,33.411190032958984,33.438350677490234,32.86257553100586,33.12873458862305,7541472
2008-02-04,24.112747192382812,33.60673522949219,34.08473587036133,33.297119140625,33.422054290771484,6965976
2008-02-05,23.51647186279297,32.775665283203125,33.34600830078125,32.72134780883789,33.09071350097656,8220617
2008-02-06,23.352779388427734,32.54752731323242,32.99837112426758,32.47691345214844,32.933189392089844,5069009
2008-02-07,23.664567947387695,32.98207473754883,33.05812072753906,32.47691345214844,32.49320983886719,6440002
2008-02-08,23.637290954589844,32.944053649902344,33.08528137207031,32.612709045410156,32.770233154296875,4668776
2008-02-11,23.726924896240234,33.06898498535156,33.19391632080078,32.71048355102539,32.944053649902344,5288273
2008-02-12,23.96076202392578,33.394893646240234,33.921783447265625,32.96034622192383,33.3297119140625,7207515
2008-02-13,24.108871459960938,33.60130310058594,33.894622802734375,33.51982498168945,33.63932418823242,6067200
2008-02-14,23.50868034362793,32.764801025390625,33.80228042602539,32.68332290649414,33.80228042602539,8728917
2008-02-15,23.126739501953125,32.23248291015625,32.802825927734375,31.950027465820312,32.618141174316406,11092577
2008-02-19,23.50478172302246,32.759368896484375,33.10700607299805,32.24334716796875,32.53666687011719,7004637
2008-02-20,23.547649383544922,32.81911849975586,32.878868103027344,32.36284637451172,32.54209518432617,5588171
2008-02-21,23.38006019592285,32.58555221557617,32.97664260864258,32.53123474121094,32.87343978881836,6776721
2008-02-22,23.231962203979492,32.37914276123047,32.72677993774414,31.98261833190918,32.656166076660156,6244488
2008-02-25,23.38396453857422,32.59098434448242,32.69961929321289,32.194461822509766,32.33568572998047,9964228
2008-02-26,23.500879287719727,32.753936767578125,32.884300231933594,32.35198211669922,32.49864196777344,6818696
2008-02-27,23.31380271911621,32.49320983886719,32.80825424194336,32.42802810668945,32.672462463378906,7727229
2008-02-28,23.35667610168457,32.55295944213867,32.770233154296875,32.22161865234375,32.32482147216797,6995432
2008-02-29,23.002025604248047,32.05866241455078,32.49864196777344,31.901140213012695,32.189029693603516,7507598
2008-03-03,22.994218826293945,32.04779815673828,32.259639739990234,31.84139060974121,32.06952667236328,6496337
2008-03-04,23.20467758178711,32.34111785888672,32.4334602355957,31.814231872558594,31.814231872558594,8690072
2008-03-05,22.651262283325195,31.569799423217773,32.265071868896484,31.26018524169922,32.205322265625,9707041
2008-03-06,22.447059631347656,31.167844772338867,31.624116897583008,31.113525390625,31.363388061523438,7387381
2008-03-07,22.603540420532227,31.385116577148438,31.759912490844727,30.73329734802246,30.98316192626953,8203680
2008-03-10,22.13018035888672,30.72786521911621,31.472026824951172,30.657251358032227,31.35252571105957,6988252
2008-03-11,22.525293350219727,31.276479721069336,31.667572021484375,30.760456085205078,31.35795783996582,4584642
2008-03-12,22.53703498840332,31.292776107788086,31.667572021484375,31.2330265045166,31.466594696044922,5594799
2008-03-13,22.165393829345703,30.776752471923828,31.0157527923584,30.25529670715332,30.809343338012695,8769972
2008-03-14,22.0128231048584,30.564910888671875,31.368820190429688,30.309614181518555,31.042911529541016,11688693
2008-03-17,21.676387786865234,30.0977725982666,30.61379623413086,29.777294158935547,29.777294158935547,6848704
2008-03-18,22.49791717529297,31.23845672607422,31.23845672607422,30.434545516967773,30.60836410522461,8873436
2008-03-19,22.685686111450195,31.49918556213379,31.917436599731445,31.33079719543457,31.33079719543457,7908016
2008-03-20,22.709157943725586,31.531776428222656,31.917436599731445,31.24388885498047,31.765344619750977,7525824
2008-03-24,22.74828338623047,31.586095809936523,31.82509422302246,31.374252319335938,31.59695816040039,3538954
2008-03-25,22.767833709716797,31.61325454711914,31.765344619750977,31.319934844970703,31.72188949584961,4594216
2008-03-26,22.49009132385254,31.22759437561035,31.59695816040039,31.2112979888916,31.428571701049805,4512475
2008-03-27,22.450965881347656,31.173274993896484,31.412275314331055,30.97229766845703,31.34166145324707,6208404
2008-03-28,22.494001388549805,31.2330265045166,31.34166145324707,31.113525390625,31.20586585998535,5046917
2008-03-31,22.619178771972656,31.406843185424805,31.531776428222656,30.825637817382812,31.162412643432617,7728150
2008-04-01,23.468088150024414,32.58555221557617,32.59098434448242,31.51004981994629,31.51004981994629,7943179
2008-04-02,23.452434539794922,32.56382369995117,32.82455062866211,32.4117317199707,32.59098434448242,6982545
2008-04-03,23.252918243408203,32.286800384521484,32.68332290649414,32.248779296875,32.319393157958984,4883253
2008-04-04,23.428966522216797,32.53123474121094,32.69418716430664,32.22705078125,32.4008674621582,4487622
2008-04-07,23.64412498474121,32.82998275756836,32.98750686645508,32.58555221557617,32.70505142211914,5057043
2008-04-08,23.401582717895508,32.49320983886719,33.02553176879883,32.319393157958984,32.661598205566406,5206348
2008-04-09,23.432886123657227,32.53666687011719,32.87343978881836,32.35741424560547,32.52580261230469,5161428
2008-04-10,23.745838165283203,32.97121047973633,33.1233024597168,32.50950622558594,32.71048355102539,5472188
2008-04-11,23.69498062133789,32.900596618652344,32.98750686645508,32.645301818847656,32.645301818847656,6900436
2008-04-14,23.432886123657227,32.53666687011719,32.82455062866211,32.259639739990234,32.82455062866211,4952290
2008-04-15,23.20989990234375,32.22705078125,32.68332290649414,31.99348258972168,32.68332290649414,7027649
2008-04-16,23.640209197998047,32.82455062866211,33.02009963989258,32.37914276123047,33.02009963989258,9745149
2008-04-17,23.632387161254883,32.81368637084961,33.07441711425781,32.0206413269043,32.38457489013672,8069655
2008-04-18,23.972736358642578,33.286258697509766,33.62846374511719,33.09614181518555,33.427486419677734,8614223
2008-04-21,23.843629837036133,33.10700607299805,33.31884765625,32.906028747558594,33.17218780517578,7003716
2008-04-22,23.683242797851562,32.884300231933594,33.02553176879883,32.743072509765625,32.900596618652344,6354027
2008-04-23,23.808425903320312,33.05812072753906,33.07441711425781,32.791961669921875,32.98750686645508,5717594
2008-04-24,24.04706573486328,33.389461517333984,33.61759948730469,32.96034622192383,33.12873458862305,5993376
2008-04-25,24.250490188598633,33.67191696166992,33.92721176147461,33.405757904052734,33.48180389404297,5325645
2008-04-28,24.500858306884766,34.019554138183594,34.19337463378906,33.59587097167969,33.59587097167969,6994143
2008-04-29,24.645593643188477,34.22053146362305,34.367191314697266,33.916351318359375,33.916351318359375,7296988
2008-04-30,24.379587173461914,33.85116958618164,34.31830596923828,33.82400894165039,34.019554138183594,9107611
2008-05-01,24.602571487426758,34.16078186035156,34.22053146362305,33.80771255493164,33.867462158203125,5289377
2008-05-02,24.56735610961914,34.11189651489258,34.432373046875,33.910919189453125,34.31287384033203,7000218
2008-05-05,24.688634872436523,34.28028106689453,34.432373046875,33.93264389038086,34.11189651489258,5491519
2008-05-06,24.53606414794922,34.06843948364258,34.19880676269531,33.79684829711914,34.19880676269531,6981624
2008-05-07,24.04706573486328,33.389461517333984,34.16078186035156,33.378597259521484,33.95980453491211,6485107
2008-05-08,24.137046813964844,33.5143928527832,33.93807601928711,33.33514404296875,33.65018844604492,5311469
2008-05-09,23.961002349853516,33.269962310791016,33.400325775146484,33.05268859863281,33.1558952331543,4487622
2008-05-12,24.12530517578125,33.49810028076172,33.5469856262207,33.16675567626953,33.231937408447266,3125466
2008-05-13,23.964908599853516,33.275394439697266,33.67734909057617,33.16675567626953,33.64475631713867,3431624
2008-05-14,24.187891006469727,33.58500671386719,33.731666564941406,33.275394439697266,33.31884765625,4496827
2008-05-15,23.925792694091797,33.22107696533203,33.55241775512695,33.17218780517578,33.55241775512695,4435705
2008-05-16,23.968820571899414,33.280826568603516,33.411190032958984,33.06355285644531,33.13959884643555,5070114
2008-05-19,24.03923797607422,33.378597259521484,33.51982498168945,33.04182434082031,33.31341552734375,3937347
2008-05-20,24.0079402923584,33.33514404296875,33.54155349731445,33.16132354736328,33.280826568603516,4144643
2008-05-21,23.972736358642578,33.286258697509766,33.726234436035156,33.18848419189453,33.44921112060547,5872422
2008-05-22,23.88666534423828,33.16675567626953,33.405757904052734,33.1015739440918,33.259098052978516,4395203
2008-05-23,23.585451126098633,32.748504638671875,33.231937408447266,32.748504638671875,33.05268859863281,3435122
2008-05-27,23.640209197998047,32.82455062866211,32.97121047973633,32.37371063232422,32.775665283203125,5025746
2008-05-28,23.565881729125977,32.72134780883789,33.07984924316406,32.645301818847656,32.84084701538086,3684209
2008-05-29,23.87884521484375,33.1558952331543,33.31341552734375,32.661598205566406,32.661598205566406,5471820
2008-05-30,23.90230941772461,33.18848419189453,33.3623046875,32.98750686645508,33.02009963989258,3729314
2008-06-02,23.734098434448242,32.95491409301758,33.18848419189453,32.71591567993164,33.04182434082031,5631067
2008-06-03,23.964908599853516,33.275394439697266,33.280826568603516,32.98207473754883,33.00923538208008,6115434
2008-06-04,24.054887771606445,33.400325775146484,33.54155349731445,33.17761993408203,33.31884765625,4270200
2008-06-05,24.20353889465332,33.60673522949219,33.66648483276367,33.05812072753906,33.30255126953125,3814920
2008-06-06,23.924022674560547,33.1015739440918,33.33514404296875,32.47148132324219,32.55295944213867,5868740
2008-06-09,23.896549224853516,33.06355285644531,33.31341552734375,32.85171127319336,33.07984924316406,4963520
2008-06-10,23.751293182373047,32.86257553100586,33.07984924316406,32.672462463378906,32.797393798828125,3467892
2008-06-11,23.715953826904297,32.81368637084961,33.01466751098633,32.67789077758789,32.878868103027344,6308923
2008-06-12,23.892621994018555,33.05812072753906,33.33514404296875,32.81368637084961,33.03639221191406,5303369
2008-06-13,24.289121627807617,33.60673522949219,33.758827209472656,33.00923538208008,33.21021270751953,5696422
2008-06-16,24.33623504638672,33.67191696166992,33.80228042602539,33.33514404296875,33.50353240966797,5299134
2008-06-17,24.139938354492188,33.400325775146484,33.84030532836914,33.373165130615234,33.780555725097656,3624929
2008-06-18,24.065349578857422,33.297119140625,33.394893646240234,33.17218780517578,33.253665924072266,6780955
2008-06-19,24.685630798339844,34.15534973144531,34.22053146362305,32.99837112426758,33.21564483642578,9733551
2008-06-20,24.5914249420166,34.024986267089844,34.2150993347168,33.905487060546875,33.96523666381836,10686637
2008-06-23,24.46579360961914,33.85116958618164,34.10103225708008,33.49810028076172,34.10103225708008,11150017
2008-06-24,24.45793914794922,33.84030532836914,33.97610092163086,33.50353240966797,33.83487319946289,9594187
2008-06-25,24.638525009155273,34.09016799926758,34.43780517578125,33.769691467285156,33.900054931640625,7001691
2008-06-26,24.614973068237305,34.05757522583008,34.29657745361328,33.55241775512695,33.775123596191406,8421839
2008-06-27,24.69740867614746,34.17164611816406,34.372623443603516,33.79684829711914,33.905487060546875,10052596
2008-06-30,25.101774215698242,34.73112487792969,34.872352600097656,34.014122009277344,34.22053146362305,9721769
2008-07-01,25.223480224609375,34.89950942993164,35.024444580078125,34.30200958251953,34.41064453125,11496861
2008-07-02,25.0585880279541,34.6713752746582,35.08962631225586,34.6713752746582,35.035308837890625,5874447
2008-07-03,25.17243194580078,34.828895568847656,34.980987548828125,34.67680740356445,34.88864517211914,4326718
2008-07-07,25.07822608947754,34.69853210449219,35.171104431152344,34.34003448486328,34.986419677734375,7755028
2008-07-08,25.698501586914062,35.5567626953125,35.5784912109375,34.845191955566406,34.845191955566406,12940757
2008-07-09,25.517908096313477,35.3068962097168,36.116241455078125,35.25801086425781,35.56219482421875,10056094
2008-07-10,25.63567352294922,35.469852447509766,35.507877349853516,34.89950942993164,35.24171447753906,8163546
2008-07-11,25.61212921142578,35.43726348876953,35.69799041748047,35.035308837890625,35.19826126098633,7724836
2008-07-14,25.470796585083008,35.24171447753906,35.654537200927734,35.143943786621094,35.507877349853516,6495048
2008-07-15,26.23241424560547,36.29549026489258,36.38783264160156,34.89407730102539,34.89407730102539,15939746
2008-07-16,25.86338996887207,35.7849006652832,36.39326477050781,35.5784912109375,36.39326477050781,11120561
2008-07-17,26.679969787597656,36.91471862792969,37.838130950927734,35.05703353881836,36.35524368286133,17714838
2008-07-18,27.06468391418457,37.44704055786133,37.50679016113281,36.599674224853516,37.00162887573242,12151336
2008-07-21,26.74669075012207,37.00706100463867,37.5991325378418,36.92558288574219,37.58283615112305,7477222
2008-07-22,27.029359817504883,37.39815139770508,37.52851867675781,36.773494720458984,37.00706100463867,7310427
2008-07-23,26.711368560791016,36.95817565917969,37.52851867675781,36.708309173583984,37.370994567871094,5867635
2008-07-24,26.69173240661621,36.93101501464844,37.27322006225586,36.773494720458984,37.04508590698242,5219235
2008-07-25,26.683879852294922,36.92015075683594,37.17544937133789,36.81151580810547,36.81151580810547,5271151
2008-07-28,26.318784713745117,36.41499328613281,36.96903991699219,36.29549026489258,36.81694793701172,4286032
2008-07-29,26.41300392150879,36.54535675048828,36.68115234375,35.964149475097656,36.4530143737793,5079871
2008-07-30,26.91943359375,37.246063232421875,37.338401794433594,36.730037689208984,36.773494720458984,7096687
2008-07-31,26.93513298034668,37.26778793334961,37.49049377441406,37.055946350097656,37.088539123535156,5053545
2008-08-01,26.85270118713379,37.15372085571289,37.60456466674805,37.12656021118164,37.14285659790039,6325676
2008-08-04,27.05290985107422,37.43074417114258,37.63715362548828,37.050514221191406,37.050514221191406,4906449
2008-08-05,27.469053268432617,38.00651931762695,38.0228157043457,37.39815139770508,37.41987991333008,7697221
2008-08-06,27.775270462036133,38.43020248413086,38.56599807739258,37.696903228759766,37.9684944152832,10258420
2008-08-07,27.43370819091797,37.9576301574707,38.468223571777344,37.90874481201172,38.12601852416992,5622230
2008-08-08,27.932313919067383,38.6474723815918,38.6474723815918,37.848995208740234,37.848995208740234,6423249
2008-08-11,27.61431312561035,38.207496643066406,38.64204025268555,38.09885787963867,38.51710891723633,7454761
2008-08-12,27.51222801208496,38.06626892089844,38.28354263305664,37.94676971435547,38.27267837524414,5753125
2008-08-13,27.35520362854004,37.848995208740234,38.202064514160156,37.751220703125,38.04997253417969,6393977
2008-08-14,27.37876319885254,37.88158416748047,38.09885787963867,37.365562438964844,37.713199615478516,5078399
2008-08-15,27.469053268432617,38.00651931762695,38.853885650634766,37.729496002197266,38.00651931762695,6251116
2008-08-18,27.41016960144043,37.92504119873047,38.495384216308594,37.78924560546875,38.09885787963867,5785711
2008-08-19,27.268835067749023,37.729496002197266,38.10429000854492,37.43074417114258,37.9576301574707,6670495
2008-08-20,27.08039665222168,37.46876525878906,37.870723724365234,37.246063232421875,37.870723724365234,4534199
2008-08-21,27.492597579956055,38.03910827636719,38.06626892089844,37.365562438964844,37.41987991333008,4307940
2008-08-22,27.673198699951172,38.28897476196289,38.51710891723633,37.94676971435547,38.23465347290039,3906970
2008-08-25,26.754554748535156,37.01792526245117,38.299835205078125,36.88212966918945,38.299835205078125,7252988
2008-08-26,26.805585861206055,37.088539123535156,37.229766845703125,36.68658447265625,36.97990036010742,3563256
2008-08-27,26.79773712158203,37.077674865722656,37.13742446899414,36.757198333740234,37.02335739135742,3826703
2008-08-28,26.891952514648438,37.208038330078125,37.327537536621094,37.02335739135742,37.251495361328125,6537943
2008-08-29,26.601436614990234,36.80608367919922,37.41444778442383,36.79521942138672,37.235198974609375,4425580
2008-09-02,27.398386001586914,37.90874481201172,38.07713317871094,36.80065155029297,37.104835510253906,9433836
2008-09-03,27.36305046081543,37.859859466552734,38.158607482910156,37.65888214111328,37.77294921875,6209509
2008-09-04,26.66032600402832,36.8875617980957,37.7620849609375,36.8766975402832,37.65888214111328,7223532
2008-09-05,26.33840560913086,36.4421501159668,37.31124496459961,36.121673583984375,36.88212966918945,6153543
2008-09-08,26.924488067626953,37.13199234008789,37.28408432006836,36.4747428894043,36.93101501464844,7445004
2008-09-09,26.841773986816406,37.01792526245117,37.51765441894531,36.99076461791992,37.050514221191406,7355163
2008-09-10,27.184431076049805,37.49049377441406,37.60456466674805,37.093971252441406,37.093971252441406,6319969
2008-09-11,26.963871002197266,37.18631362915039,37.45247268676758,36.83867645263672,37.30581283569336,8373236
2008-09-12,26.916610717773438,37.121131896972656,37.224334716796875,36.724605560302734,37.00162887573242,6571634
2008-09-15,26.853588104248047,37.03422164916992,37.691471099853516,36.39869689941406,36.39869689941406,6720386
2008-09-16,27.085962295532227,37.354698181152344,37.5882682800293,36.284629821777344,36.561649322509766,8974507
2008-09-17,25.975269317626953,35.82292175292969,37.088539123535156,35.67626190185547,37.083106994628906,8771997
2008-09-18,26.160388946533203,36.078216552734375,36.583377838134766,34.405216217041016,35.90439987182617,11962450
2008-09-19,26.00284194946289,35.86094665527344,37.42531204223633,35.621944427490234,36.6702880859375,13160020
2008-09-22,25.475055694580078,35.133079528808594,35.94242477416992,34.877784729003906,35.7849006652832,6823298
2008-09-23,25.21116065979004,34.76914596557617,35.469852447509766,34.519283294677734,35.133079528808594,9549083
2008-09-24,25.652301788330078,35.37751388549805,35.44812774658203,34.61705780029297,34.89950942993164,6815382
2008-09-25,26.05404281616211,35.93156051635742,36.257469177246094,35.497013092041016,35.68169403076172,6818696
2008-09-26,26.29035758972168,36.257469177246094,36.34437942504883,35.3177604675293,35.627376556396484,6135317
2008-09-29,25.5380859375,35.21998977661133,36.38240051269531,34.56273651123047,35.89896774291992,11779639
2008-09-30,25.84923553466797,35.649105072021484,35.77946853637695,34.93753433227539,35.5784912109375,7945204
2008-10-01,26.282482147216797,36.246604919433594,36.32265090942383,35.44269561767578,35.44269561767578,8394960
2008-10-02,26.506977081298828,36.556217193603516,36.762630462646484,35.90983200073242,36.246604919433594,11664760
2008-10-03,26.43608283996582,36.45844650268555,37.5665397644043,36.37153625488281,36.572513580322266,11426535
2008-10-06,25.45931053161621,35.11135482788086,36.42042541503906,34.08473587036133,35.92612838745117,12563536
2008-10-07,24.470703125,33.747962951660156,35.81205749511719,33.67191696166992,35.143943786621094,12791820
2008-10-08,24.829124450683594,34.24225997924805,34.73655700683594,33.20478057861328,33.22107696533203,12931000
2008-10-09,23.00947380065918,31.73275375366211,34.361759185791016,31.558935165405273,34.27485275268555,15235196
2008-10-10,22.09571075439453,30.47256851196289,32.37371063232422,27.87615394592285,30.96143341064453,18542920
2008-10-13,23.962627410888672,33.04725646972656,33.04725646972656,30.96686553955078,31.23845672607422,11270602
2008-10-14,23.93899917602539,33.01466751098633,34.481258392333984,32.161869049072266,34.481258392333984,10239826
2008-10-15,23.072494506835938,31.81966209411621,33.259098052978516,31.2112979888916,32.47148132324219,12081010
2008-10-16,23.265493392944336,32.08582305908203,33.32427978515625,29.9891357421875,33.32427978515625,15524785
2008-10-17,23.482120513916016,32.38457489013672,33.66648483276367,29.99456787109375,33.389461517333984,8511864
2008-10-20,24.608558654785156,33.93807601928711,33.98153305053711,32.43889236450195,32.748504638671875,7488820
2008-10-21,24.31710433959961,33.5361213684082,34.47039794921875,33.02553176879883,33.3297119140625,7982208
2008-10-22,23.360015869140625,32.2161865234375,33.5143928527832,31.640413284301758,32.895164489746094,9035260
2008-10-23,23.690874099731445,32.672462463378906,33.04182434082031,31.20586585998535,32.292232513427734,11031456
2008-10-24,22.922828674316406,31.61325454711914,32.38457489013672,30.706138610839844,30.706138610839844,10100278
2008-10-27,21.92635726928711,30.23900032043457,31.700162887573242,30.23900032043457,31.412275314331055,9618120
2008-10-28,23.269433975219727,32.09125518798828,32.2161865234375,29.712112426757812,30.85822868347168,13924772
2008-10-29,23.04492950439453,31.781639099121094,33.04182434082031,31.59695816040039,31.906572341918945,8995310
2008-10-30,23.52544403076172,32.4443244934082,32.802825927734375,31.99891471862793,32.46604919433594,8867361
2008-10-31,23.824777603149414,32.85714340209961,33.18305206298828,32.248779296875,32.4117317199707,7253724
2008-11-03,24.100475311279297,33.237369537353516,33.3514404296875,32.60728073120117,32.82998275756836,4202635
2008-11-04,24.230457305908203,33.416622161865234,33.894622802734375,33.01466751098633,33.65018844604492,6022832
2008-11-05,23.730249404907227,32.72677993774414,33.715370178222656,32.69418716430664,33.05268859863281,5831183
2008-11-06,22.86769676208496,31.537208557128906,33.231937408447266,31.292776107788086,32.68332290649414,8125622
2008-11-07,23.37577247619629,32.2379150390625,32.43889236450195,31.59152603149414,31.879413604736328,6411098
2008-11-10,24.065031051635742,33.18848419189453,33.231937408447266,32.52580261230469,32.73221206665039,6471667
2008-11-11,23.560876846313477,32.49320983886719,33.5252571105957,32.189029693603516,32.69418716430664,6915348
2008-11-12,23.344261169433594,32.194461822509766,32.944053649902344,31.912004470825195,32.50950622558594,7248385
2008-11-13,24.43920135498047,33.70450973510742,33.79141616821289,31.26018524169922,32.33025360107422,10336479
2008-11-14,23.631784439086914,32.59098434448242,33.94894027709961,32.50950622558594,33.16675567626953,7237892
2008-11-17,22.87162971496582,31.542640686035156,32.56382369995117,31.50461769104004,32.140140533447266,7229975
2008-11-18,22.568347930908203,31.1243896484375,31.564367294311523,30.14665985107422,31.417707443237305,10883072
2008-11-19,21.02047348022461,28.98967933654785,31.49375343322754,28.89190673828125,30.99945640563965,12535921
2008-11-20,19.10236358642578,26.344377517700195,29.03313446044922,26.072786331176758,28.848451614379883,18248176
2008-11-21,20.16973114013672,27.816404342651367,28.077131271362305,25.752309799194336,26.5616512298584,16879393
2008-11-24,20.73294448852539,28.593156814575195,29.02770233154297,28.071699142456055,28.343292236328125,9560865
2008-11-25,21.048044204711914,29.02770233154297,29.163497924804688,28.419336318969727,28.555133819580078,10763775
2008-11-26,20.98108673095703,28.935361862182617,29.26127052307129,28.343292236328125,28.598588943481445,7327180
2008-11-28,20.835351943969727,28.73438262939453,29.071157455444336,28.65290641784668,28.859315872192383,4662517
2008-12-01,20.27606773376465,27.963064193725586,28.86474609375,27.691471099853516,28.039108276367188,8937503
2008-12-02,20.918075561523438,28.848451614379883,28.8973388671875,27.77838134765625,28.430200576782227,7624686
2008-12-03,21.142560958862305,29.158065795898438,29.288429260253906,28.115154266357422,28.354154586791992,8692466
2008-12-04,20.52027130126953,28.299837112426758,29.282997131347656,27.90874481201172,28.929929733276367,8256149
2008-12-05,21.05197525024414,29.03313446044922,29.103748321533203,27.6860408782959,27.92504119873047,9672798
2008-12-08,20.672029495239258,28.370450973510742,29.60890769958496,27.935903549194336,29.60890769958496,10261550
2008-12-09,20.232696533203125,27.76751708984375,29.060293197631836,27.457902908325195,28.16947364807129,8603361
2008-12-10,20.1931209564209,27.713199615478516,28.250951766967773,27.175447463989258,27.957632064819336,6888470
2008-12-11,20.169370651245117,27.68060874938965,28.571428298950195,27.381858825683594,27.53938102722168,8115312
2008-12-12,19.852737426757812,27.246061325073242,27.506790161132812,26.52906036376953,27.05051612854004,11082636
2008-12-15,20.01897430419922,27.474199295043945,27.64801788330078,26.615970611572266,27.452470779418945,9127126
2008-12-16,21.016361236572266,28.843019485473633,28.935361862182617,27.485061645507812,27.702335357666016,7732384
2008-12-17,20.75118064880371,28.479087829589844,29.288429260253906,28.223791122436523,28.473655700683594,8635763
2008-12-18,21.008445739746094,28.832155227661133,29.53286361694336,28.593156814575195,28.75067901611328,6723332
2008-12-19,21.293415069580078,29.223247528076172,29.37533950805664,28.593156814575195,29.158065795898438,11566635
2008-12-22,21.237998962402344,29.14720344543457,29.473112106323242,28.680065155029297,29.201520919799805,5657025
2008-12-23,20.86200523376465,28.631179809570312,29.456817626953125,28.48451805114746,29.456817626953125,5495017
2008-12-24,20.93720054626465,28.73438262939453,28.935361862182617,28.51711082458496,28.77240562438965,1616950
2008-12-26,20.953033447265625,28.75611114501953,28.951656341552734,28.576860427856445,28.935361862182617,1748398
2008-12-29,20.616613388061523,28.294404983520508,28.73438262939453,28.01738166809082,28.73438262939453,4679086
2008-12-30,20.869915008544922,28.64204216003418,28.7669734954834,28.250951766967773,28.538837432861328,5062566
2008-12-31,21.210296630859375,29.109180450439453,29.310157775878906,28.565996170043945,28.799564361572266,4750332
2009-01-02,21.800024032592773,29.91852378845215,30.043455123901367,28.723520278930664,29.239543914794922,5405360
2009-01-05,21.467557907104492,29.462249755859375,29.826181411743164,29.196088790893555,29.826181411743164,7316502
2009-01-06,21.356746673583984,29.310157775878906,30.027158737182617,29.158065795898438,29.684953689575195,12775435
2009-01-07,21.309240341186523,29.244976043701172,29.494840621948242,28.832155227661133,28.957088470458984,5212055
2009-01-08,21.364652633666992,29.321020126342773,29.560022354125977,28.826725006103516,29.179794311523438,7539631
2009-01-09,21.364652633666992,29.321020126342773,29.847909927368164,29.234111785888672,29.435089111328125,6490814
2009-01-12,20.984699249267578,28.799564361572266,29.467681884765625,28.66920280456543,29.201520919799805,7496368
2009-01-13,20.941162109375,28.73981475830078,29.054861068725586,28.527973175048828,28.78326988220215,7818543
2009-01-14,21.154882431030273,29.03313446044922,29.239543914794922,28.348724365234375,28.348724365234375,13023050
2009-01-15,21.198423385620117,29.092884063720703,29.212385177612305,28.441064834594727,29.103748321533203,10261550
2009-01-16,21.748565673828125,29.847909927368164,29.983705520629883,29.25583839416504,29.451385498046875,8797219
2009-01-20,21.305288314819336,29.239543914794922,30.0,29.168930053710938,29.809886932373047,8948365
2009-01-21,21.954374313354492,30.13036346435547,30.309614181518555,29.060293197631836,29.52743148803711,10414353
2009-01-22,22.468902587890625,30.836502075195312,31.151548385620117,29.733840942382812,29.733840942382812,13908755
2009-01-23,22.745952606201172,31.21673011779785,31.309070587158203,30.24443244934082,30.646387100219727,11015439
2009-01-26,22.87260627746582,31.390548706054688,31.689298629760742,31.189571380615234,31.385116577148438,7911513
2009-01-27,23.149662017822266,31.770776748657227,31.912004470825195,31.26561737060547,31.298206329345703,7520853
2009-01-28,23.02301597595215,31.59695816040039,32.24334716796875,31.34166145324707,32.24334716796875,9208866
2009-01-29,23.054664611816406,31.640413284301758,31.82509422302246,31.2221622467041,31.34709358215332,9229117
2009-01-30,23.212976455688477,31.857685089111328,32.123844146728516,31.548072814941406,31.711027145385742,7188921
2009-02-02,23.212976455688477,31.857685089111328,32.07495880126953,31.47745704650879,31.558935165405273,5782949
2009-02-03,23.945207595825195,32.86257553100586,32.938621520996094,31.759912490844727,31.928300857543945,8224852
2009-02-04,23.5335750579834,32.297664642333984,33.12873458862305,32.2379150390625,32.889732360839844,7500234
2009-02-05,23.92936134338379,32.84084701538086,32.99837112426758,32.194461822509766,32.194461822509766,7137373
2009-02-06,23.826454162597656,32.69961929321289,32.927757263183594,32.40629959106445,32.889732360839844,7196285
2009-02-09,23.319841384887695,32.00434494018555,32.72134780883789,31.542640686035156,32.72134780883789,7427699
2009-02-10,22.79344940185547,31.281911849975586,32.00434494018555,30.9940242767334,31.803367614746094,8710323
2009-02-11,23.232770919799805,31.884845733642578,31.98805046081543,31.281911849975586,31.47745704650879,6092605
2009-02-12,23.418792724609375,32.140140533447266,32.167301177978516,31.13525390625,31.455730438232422,5973309
2009-02-13,23.248605728149414,31.906572341918945,32.134708404541016,31.73818588256836,31.97718620300293,4131756
2009-02-17,22.931974411010742,31.472026824951172,31.922868728637695,30.96143341064453,31.49375343322754,6300086
2009-02-18,23.019044876098633,31.59152603149414,31.868549346923828,31.24932098388672,31.694730758666992,5872606
2009-02-19,22.951757431030273,31.49918556213379,31.863117218017578,31.423139572143555,31.863117218017578,4664726
2009-02-20,22.975513458251953,31.531776428222656,31.72188949584961,30.97772979736328,31.080934524536133,7853522
2009-02-23,22.694503784179688,31.146116256713867,31.71645736694336,31.091798782348633,31.20586585998535,5721828
2009-02-24,23.062583923339844,31.651275634765625,31.73818588256836,30.96143341064453,31.34709358215332,6540337
2009-02-25,22.524311065673828,30.912548065185547,31.50461769104004,30.86909294128418,31.49918556213379,8710139
2009-02-26,21.716901779174805,29.804454803466797,31.390548706054688,29.793590545654297,31.24388885498047,8358324
2009-02-27,20.149595260620117,27.6534481048584,29.326452255249023,27.582834243774414,28.967952728271484,17213166
2009-03-02,20.244577407836914,27.7838134765625,28.587724685668945,27.322107315063477,27.571971893310547,12804891
2009-03-03,20.549331665039062,28.202064514160156,28.98967933654785,27.973926544189453,28.109722137451172,9800748
2009-03-04,20.77889060974121,28.51711082458496,28.924497604370117,28.00108528137207,28.51711082458496,7920903
2009-03-05,20.391023635864258,27.984790802001953,28.25638198852539,27.66974449157715,27.990222930908203,8996047
2009-03-06,20.653562545776367,28.202064514160156,28.674633026123047,27.474199295043945,28.17490577697754,9306991
2009-03-09,20.30748176574707,27.729494094848633,28.625747680664062,27.365562438964844,27.87615394592285,7286126
2009-03-10,20.422840118408203,27.88701820373535,28.136882781982422,27.360130310058594,28.136882781982422,10645951
2009-03-11,19.32094383239746,26.382400512695312,27.64258575439453,26.154264450073242,27.490493774414062,19954047
2009-03-12,20.1125545501709,27.463335037231445,27.604562759399414,26.110809326171875,26.382400512695312,13677894
2009-03-13,20.351240158081055,27.78924560546875,27.821836471557617,27.256925582885742,27.62628936767578,7692250
2009-03-16,20.3154296875,27.740358352661133,28.299837112426758,27.66974449157715,27.968494415283203,5942564
2009-03-17,20.729145050048828,28.305269241333008,28.305269241333008,27.6751766204834,27.6751766204834,4646316
2009-03-18,20.62571907043457,28.16404151916504,28.696361541748047,27.843563079833984,28.245519638061523,6098865
2009-03-19,19.973325729370117,27.27322006225586,28.48451805114746,27.083106994628906,28.48451805114746,9125101
2009-03-20,19.718738555908203,26.92558479309082,27.501358032226562,26.626832962036133,27.121129989624023,12455101
2009-03-23,20.383058547973633,27.832700729370117,27.832700729370117,27.04508399963379,27.370994567871094,7118227
2009-03-24,20.09267807006836,27.436176300048828,27.740358352661133,27.197174072265625,27.53938102722168,10826001
2009-03-25,19.897747039794922,27.170015335083008,27.54481315612793,26.55078887939453,27.41444969177246,9740547
2009-03-26,19.65110969543457,26.833242416381836,27.14828872680664,25.860944747924805,27.088539123535156,18919405
2009-03-27,20.084718704223633,27.425312042236328,27.702335357666016,26.469310760498047,26.469310760498047,10585198
2009-03-30,20.1324462890625,27.490493774414062,27.571971893310547,27.06138038635254,27.316675186157227,9297971
2009-03-31,20.37510108947754,27.821836471557617,28.40847396850586,27.38728904724121,27.64801788330078,10670804
2009-04-01,20.15631866455078,27.52308464050293,27.821836471557617,26.974470138549805,27.577404022216797,9856530
2009-04-02,20.072771072387695,27.40901756286621,28.326995849609375,27.327539443969727,28.071699142456055,8845085
2009-04-03,19.33685874938965,26.40412712097168,27.745790481567383,26.241172790527344,27.479631423950195,12361026
2009-04-06,18.77994155883789,25.643672943115234,26.615970611572266,25.4481258392334,26.17599105834961,16980648
2009-04-07,19.221494674682617,26.246604919433594,26.491037368774414,25.32862663269043,25.32862663269043,9373083
2009-04-08,19.571550369262695,26.724605560302734,26.81151580810547,26.262901306152344,26.29006004333496,7267716
2009-04-09,19.583494186401367,26.740901947021484,27.463335037231445,26.610538482666016,27.235197067260742,8575010
2009-04-13,19.754539489746094,26.974470138549805,27.485061645507812,26.588809967041016,26.588809967041016,9537301
2009-04-14,19.53575897216797,26.67572021484375,27.53938102722168,26.306354522705078,26.81694793701172,8952967
2009-04-15,19.591447830200195,26.75176429748535,26.871265411376953,26.203149795532227,26.81694793701172,9343996
2009-04-16,20.267698287963867,27.6751766204834,28.218360900878906,27.376426696777344,27.718631744384766,17420278
2009-04-17,20.62571907043457,28.16404151916504,28.40847396850586,27.702335357666016,27.838130950927734,11484526
2009-04-20,20.152326583862305,27.51765251159668,28.479087829589844,27.506790161132812,28.055404663085938,8879327
2009-04-21,20.064817428588867,27.39815330505371,27.973926544189453,27.077674865722656,27.485061645507812,7154126
2009-04-22,19.352767944335938,26.42585563659668,27.322107315063477,26.344377517700195,27.072242736816406,9679426
2009-04-23,19.48801612854004,26.610538482666016,26.844106674194336,25.947853088378906,26.42042350769043,7290544
2009-04-24,19.12204360961914,26.110809326171875,26.746334075927734,25.93699073791504,26.746334075927734,7574610
2009-04-27,19.583494186401367,26.740901947021484,27.099401473999023,26.344377517700195,26.57794761657715,10311257
2009-04-28,19.76249885559082,26.985334396362305,27.39272117614746,26.740901947021484,26.740901947021484,5993560
2009-04-29,19.746580123901367,26.963607788085938,27.251493453979492,26.740901947021484,27.06138038635254,9389836
2009-04-30,19.29310417175293,26.344377517700195,27.349266052246094,26.208581924438477,27.27322006225586,11289748
2009-05-01,19.515871047973633,26.648561477661133,26.692014694213867,26.094514846801758,26.29549217224121,5301528
2009-05-04,19.921611785888672,27.202606201171875,27.218902587890625,26.65399169921875,26.702878952026367,7062076
2009-05-05,19.782390594482422,27.012493133544922,27.170015335083008,26.719173431396484,26.849538803100586,5447887
2009-05-06,19.40846061706543,26.501901626586914,27.13199234008789,26.17599105834961,27.05594825744629,6453441
2009-05-07,19.786365509033203,27.017925262451172,27.093971252441406,26.29006004333496,26.447582244873047,9360749
2009-05-08,19.99321937561035,27.30038070678711,27.745790481567383,26.512765884399414,26.990766525268555,9538773
2009-05-11,20.033004760742188,27.354698181152344,27.729494094848633,26.822378158569336,27.15915298461914,7923848
2009-05-12,20.37907600402832,27.827268600463867,28.223791122436523,27.447040557861328,27.52851676940918,10000128
2009-05-13,20.27962875366211,27.691471099853516,28.109722137451172,27.550243377685547,27.550243377685547,7018813
2009-05-14,20.144384384155273,27.506790161132812,27.990222930908203,27.354698181152344,27.6751766204834,5006415
2009-05-15,19.802270889282227,27.03965187072754,27.501358032226562,26.979902267456055,27.501358032226562,7986994
2009-05-18,19.631229400634766,26.80608367919922,27.115697860717773,26.626832962036133,27.110265731811523,6343166
2009-05-19,19.53972816467285,26.68115234375,27.06681251525879,26.615970611572266,26.7789249420166,5955635
2009-05-20,19.36867904663086,26.447582244873047,26.952743530273438,26.43128776550293,26.80608367919922,7312268
2009-05-21,19.444265365600586,26.55078887939453,26.719173431396484,26.19228744506836,26.27376365661621,6617659
2009-05-22,19.810232162475586,27.05051612854004,27.267789840698242,26.54535675048828,26.54535675048828,6404839
2009-05-26,20.124488830566406,27.479631423950195,27.64801788330078,26.626832962036133,27.023357391357422,7808786
2009-05-27,19.846027374267578,27.099401473999023,27.64801788330078,27.04508399963379,27.512222290039062,5743736
2009-05-28,19.818185806274414,27.06138038635254,27.316675186157227,26.838674545288086,27.001630783081055,5161059
2009-05-29,20.363168716430664,27.805540084838867,27.865291595458984,26.985334396362305,27.110265731811523,7762945
2009-06-01,19.583494186401367,26.740901947021484,27.973926544189453,26.697446823120117,27.963064193725586,14474494
2009-06-02,19.169780731201172,26.17599105834961,26.876697540283203,26.110809326171875,26.78978729248047,21092153
2009-06-03,19.603384017944336,26.7680606842041,27.14285659790039,25.92069435119629,26.246604919433594,17855491
2009-06-04,18.847562789916992,25.736013412475586,26.865833282470703,24.69310188293457,26.865833282470703,37282275
2009-06-05,18.919170379638672,25.833786010742188,26.067354202270508,25.480716705322266,25.839218139648438,16807410
2009-06-08,18.607187271118164,25.268875122070312,25.860944747924805,25.192829132080078,25.274307250976562,12054868
2009-06-09,18.719179153442383,25.42096710205078,25.774036407470703,25.17653465270996,25.4372615814209,11466853
2009-06-10,18.56318473815918,25.209125518798828,25.725149154663086,24.94839859008789,25.594785690307617,12031119
2009-06-11,19.147165298461914,26.002172470092773,26.29006004333496,25.089624404907227,25.290603637695312,20212523
2009-06-12,19.81113052368164,26.90385627746582,27.419879913330078,25.573057174682617,25.94242286682129,18569247
2009-06-15,19.32315444946289,26.241172790527344,26.941879272460938,26.02389907836914,26.93101692199707,12593176
2009-06-16,19.13517189025879,25.985876083374023,26.29549217224121,25.93699073791504,26.29549217224121,10620177
2009-06-17,19.503149032592773,26.485605239868164,26.892993927001953,25.94242286682129,25.980445861816406,9122339
2009-06-18,19.89113426208496,27.012493133544922,27.457902908325195,26.344377517700195,26.5725154876709,8657118
2009-06-19,20.55509376525879,27.91417694091797,28.115154266357422,27.229766845703125,27.246061325073242,17957482
2009-06-22,20.187114715576172,27.41444969177246,27.6534481048584,27.208038330078125,27.64801788330078,9126758
2009-06-23,20.179115295410156,27.40358543395996,27.6860408782959,27.170015335083008,27.425312042236328,6399500
2009-06-24,20.251113891601562,27.501358032226562,27.62628936767578,27.262357711791992,27.604562759399414,6638646
2009-06-25,20.89108657836914,28.370450973510742,28.609451293945312,27.457902908325195,27.463335037231445,8969720
2009-06-26,20.899084091186523,28.381315231323242,28.48995018005371,27.946767807006836,28.354154586791992,8284868
2009-06-29,21.179073333740234,28.76154327392578,28.804996490478516,28.120586395263672,28.381315231323242,7950727
2009-06-30,21.18307113647461,28.7669734954834,28.86474609375,28.473655700683594,28.76154327392578,8064316
2009-07-01,21.095075607299805,28.64747428894043,28.810428619384766,28.310701370239258,28.64204216003418,8439512
2009-07-02,21.25906753540039,28.87017822265625,28.940792083740234,28.375883102416992,28.40304183959961,10568076
2009-07-06,21.155073165893555,28.728952407836914,28.97881507873535,28.560565948486328,28.75067901611328,6604956
2009-07-07,21.107074737548828,28.66377067565918,29.13633918762207,28.614883422851562,28.7887020111084,5430214
2009-07-08,20.935081481933594,28.430200576782227,28.924497604370117,28.348724365234375,28.75067901611328,10421533
2009-07-09,21.055070877075195,28.593156814575195,29.01683807373047,28.473655700683594,28.571428298950195,9976931
2009-07-10,21.099077224731445,28.65290641784668,29.02227020263672,28.413904190063477,28.51167869567871,6634964
2009-07-13,21.363059997558594,29.01140785217285,29.25040626525879,28.636611938476562,28.66377067565918,8617537
2009-07-14,21.399063110351562,29.060293197631836,29.331884384155273,28.7887020111084,29.103748321533203,6769725
2009-07-15,21.235065460205078,28.837587356567383,29.054861068725586,28.593156814575195,29.02770233154297,9358171
2009-07-16,21.895038604736328,29.733840942382812,30.065181732177734,29.060293197631836,29.337316513061523,16939962
2009-07-17,21.6590518951416,29.413362503051758,29.831613540649414,29.185224533081055,29.782726287841797,9488146
2009-07-20,21.471059799194336,29.158065795898438,29.576316833496094,28.913633346557617,29.549158096313477,7799397
2009-07-21,21.591053009033203,29.321020126342773,29.440521240234375,28.87017822265625,29.331884384155273,6744319
2009-07-22,21.66705322265625,29.424226760864258,29.777294158935547,29.228679656982422,29.26127052307129,6346295
2009-07-23,21.59905242919922,29.331884384155273,29.85877227783203,29.174362182617188,29.543725967407227,5649661
2009-07-24,21.859045028686523,29.684953689575195,29.695817947387695,28.8973388671875,29.25040626525879,5190331
2009-07-27,21.835050582885742,29.652362823486328,29.847909927368164,29.494840621948242,29.76099967956543,4916943
2009-07-28,22.067035675048828,29.967409133911133,30.353069305419922,29.87506866455078,30.266159057617188,6886813
2009-07-29,22.315019607543945,30.304182052612305,30.38566017150879,29.9130916595459,29.929386138916016,6531868
2009-07-30,22.475011825561523,30.521455764770508,30.890819549560547,30.363933563232422,30.423683166503906,7334176
2009-07-31,22.547012329101562,30.61922836303711,30.98316192626953,30.47800064086914,30.47800064086914,7824250
2009-08-03,22.615007400512695,30.711570739746094,31.080934524536133,30.47256851196289,30.95056915283203,4661596
2009-08-04,22.315019607543945,30.304182052612305,30.61379623413086,29.99456787109375,30.581205368041992,6336170
2009-08-05,22.22702980041504,30.184682846069336,30.510591506958008,30.054317474365234,30.37479591369629,6326412
2009-08-06,21.95103645324707,29.809886932373047,30.39109230041504,29.728408813476562,30.39109230041504,6988252
2009-08-07,22.151033401489258,30.08147621154785,30.195545196533203,29.86420440673828,29.967409133911133,6951800
2009-08-10,22.195022583007812,30.14122772216797,30.190113067626953,29.815317153930664,30.09234046936035,3574854
2009-08-11,22.083030700683594,29.9891357421875,30.282455444335938,29.9022274017334,30.13579559326172,4672642
2009-08-12,22.071041107177734,29.972841262817383,30.211841583251953,29.657794952392578,29.9022274017334,6114513
2009-08-13,22.023033142089844,29.90765953063965,30.1086368560791,29.60347557067871,30.1086368560791,6479768
2009-08-14,22.09103012084961,30.0,30.1086368560791,29.668657302856445,29.940250396728516,5030901
2009-08-17,22.187023162841797,30.13036346435547,30.461706161499023,29.60890769958496,29.831613540649414,5634012
2009-08-18,22.055036544799805,29.951114654541016,30.315046310424805,29.793590545654297,30.09234046936035,4296710
2009-08-19,22.471019744873047,30.516023635864258,30.543182373046875,29.712112426757812,29.712112426757812,5315888
2009-08-20,22.451013565063477,30.48886489868164,30.570341110229492,30.282455444335938,30.358501434326172,3853949
2009-08-21,22.5150089263916,30.575773239135742,30.74959373474121,30.271591186523438,30.570341110229492,4542299
2009-08-24,22.65100860595703,30.760456085205078,30.847366333007812,30.554046630859375,30.72786521911621,4336660
2009-08-25,22.75499725341797,30.901683807373047,31.167844772338867,30.689842224121094,30.787614822387695,5094415
2009-08-26,22.739004135131836,30.87995719909668,31.200435638427734,30.798479080200195,30.809343338012695,4860608
2009-08-27,22.727001190185547,30.86366081237793,31.02118492126465,30.548614501953125,30.87452507019043,5116691
2009-08-28,22.71100616455078,30.841934204101562,30.98859214782715,30.61922836303711,30.95600128173828,3510235
2009-08-31,22.76699447631836,30.917978286743164,31.1026611328125,30.581205368041992,30.73329734802246,4802433
2009-09-01,22.42301368713379,30.450841903686523,30.96143341064453,30.282455444335938,30.592069625854492,5854932
2009-09-02,22.231021881103516,30.190113067626953,30.564910888671875,30.190113067626953,30.298751831054688,5870029
2009-09-03,22.555015563964844,30.63009262084961,30.657251358032227,30.179250717163086,30.325910568237305,5334482
2009-09-04,22.647010803222656,30.755023956298828,30.87452507019043,30.592069625854492,30.695274353027344,5657393
2009-09-08,22.341629028320312,30.200977325439453,30.939706802368164,30.12493133544922,30.87995719909668,6234731
2009-09-09,22.43001365661621,30.320478439331055,30.689842224121094,30.200977325439453,30.200977325439453,5903167
2009-09-10,22.550567626953125,30.48343276977539,30.48343276977539,30.027158737182617,30.266159057617188,5531837
2009-09-11,22.847917556762695,30.885387420654297,31.075502395629883,30.499727249145508,30.499727249145508,8560650
2009-09-14,22.863998413085938,30.907115936279297,30.934274673461914,30.711570739746094,30.890819549560547,5335954
2009-09-15,22.482255935668945,30.39109230041504,30.901683807373047,30.277023315429688,30.901683807373047,8119915
2009-09-16,22.550567626953125,30.48343276977539,30.98859214782715,30.021726608276367,30.689842224121094,9820630
2009-09-17,23.51897430419922,31.792503356933594,32.09668731689453,30.38022804260254,30.461706161499023,18597046
2009-09-18,23.45066261291504,31.700162887573242,32.11841583251953,31.683866500854492,31.98261833190918,8279161
2009-09-21,23.414501190185547,31.651275634765625,31.912004470825195,31.51004981994629,31.575231552124023,4804090
2009-09-22,23.366281509399414,31.586095809936523,31.928300857543945,31.428571701049805,31.667572021484375,4850851
2009-09-23,22.819793701171875,30.847366333007812,31.624116897583008,30.798479080200195,31.569799423217773,10129918
2009-09-24,22.94435691833496,31.0157527923584,31.1243896484375,30.782184600830078,30.934274673461914,6966344
2009-09-25,23.056865692138672,31.167844772338867,31.461162567138672,30.890819549560547,31.0157527923584,6004422
2009-09-28,23.084997177124023,31.20586585998535,31.47745704650879,31.064638137817383,31.25475311279297,4358568
2009-09-29,22.819793701171875,30.847366333007812,31.325366973876953,30.825637817382812,31.195003509521484,5300791
2009-09-30,22.90819549560547,30.96686553955078,31.113525390625,30.282455444335938,30.890819549560547,11590384
2009-10-01,22.385818481445312,30.26072883605957,31.075502395629883,30.23900032043457,30.99945640563965,8003748
2009-10-02,22.78362464904785,30.798479080200195,30.87995719909668,30.179250717163086,30.26072883605957,7228871
2009-10-05,22.88408851623535,30.934274673461914,31.053775787353516,30.418251037597656,30.755023956298828,6488052
2009-10-06,23.012664794921875,31.10809326171875,31.287343978881836,30.668115615844727,31.064638137817383,6050262
2009-10-07,23.137231826782227,31.276479721069336,31.303638458251953,30.9940242767334,31.10809326171875,4252342
2009-10-08,23.12517738342285,31.26018524169922,31.48288917541504,31.178707122802734,31.417707443237305,6095735
2009-10-09,23.382354736328125,31.60782241821289,31.662139892578125,31.178707122802734,31.292776107788086,4286400
2009-10-12,23.205547332763672,31.368820190429688,31.651275634765625,31.276479721069336,31.374252319335938,5244273
2009-10-13,23.185455322265625,31.34166145324707,31.59695816040039,31.059207916259766,31.51548194885254,6258295
2009-10-14,22.904176712036133,30.96143341064453,31.51004981994629,30.923410415649414,31.51004981994629,13077544
2009-10-15,21.89961051940918,29.60347557067871,30.173818588256836,29.397066116333008,29.85877227783203,28214430
2009-10-16,22.1688289642334,29.967409133911133,30.168386459350586,29.467681884765625,29.73927116394043,14744753
2009-10-19,22.29741668701172,30.14122772216797,30.304182052612305,29.847909927368164,29.9891357421875,7297724
2009-10-20,22.2692928314209,30.10320472717285,30.25529670715332,29.87506866455078,30.14665985107422,10610051
2009-10-21,22.2250919342041,30.043455123901367,30.23356819152832,30.00543212890625,30.027158737182617,7610878
2009-10-22,22.337602615356445,30.195545196533203,30.320478439331055,29.804454803466797,29.972841262817383,6794395
2009-10-23,22.132675170898438,29.91852378845215,30.13579559326172,29.61977195739746,30.0869083404541,6688169
2009-10-26,22.128652572631836,29.9130916595459,30.24986457824707,29.777294158935547,29.945682525634766,5005127
2009-10-27,21.943809509277344,29.663227081298828,30.027158737182617,29.657794952392578,29.9891357421875,7699430
2009-10-28,21.91166114807129,29.61977195739746,29.86420440673828,29.587181091308594,29.60347557067871,6677491
2009-10-29,21.815223693847656,29.489408493041992,29.733840942382812,29.14177131652832,29.733840942382812,8115496
2009-10-30,21.722801208496094,29.36447525024414,29.706680297851562,29.060293197631836,29.402498245239258,7913354
2009-11-02,21.919700622558594,29.63063621520996,29.75013542175293,29.37533950805664,29.37533950805664,5244089
2009-11-03,21.666545867919922,29.288429260253906,29.684953689575195,29.174362182617188,29.52743148803711,5383452
2009-11-04,21.6866397857666,29.315589904785156,29.61977195739746,29.174362182617188,29.174362182617188,9443962
2009-11-05,22.03623390197754,29.788158416748047,29.809886932373047,29.413362503051758,29.435089111328125,5590565
2009-11-06,22.14874267578125,29.940250396728516,29.978273391723633,29.51656723022461,29.76643180847168,5006968
2009-11-09,22.618879318237305,30.575773239135742,30.62466049194336,29.940250396728516,30.054317474365234,7571297
2009-11-10,23.097063064575195,31.2221622467041,31.2330265045166,30.532318115234375,30.532318115234375,10477131
2009-11-11,22.94435691833496,31.0157527923584,31.319934844970703,30.86366081237793,31.319934844970703,5670464
2009-11-12,22.00408172607422,29.74470329284668,30.885387420654297,29.61977195739746,30.885387420654297,20208289
2009-11-13,22.02819061279297,29.777294158935547,30.0108642578125,29.52199935913086,29.75556755065918,9882488
2009-11-16,22.040250778198242,29.793590545654297,30.0108642578125,29.62520408630371,29.826181411743164,8632081
2009-11-17,22.076414108276367,29.842477798461914,30.059749603271484,29.788158416748047,29.788158416748047,5545276
2009-11-18,22.373764038085938,30.24443244934082,30.304182052612305,29.820749282836914,29.88593292236328,7786694
2009-11-19,22.08043670654297,29.847909927368164,30.184682846069336,29.815317153930664,30.09234046936035,9241820
2009-11-20,21.831295013427734,29.51113510131836,29.847909927368164,29.418794631958008,29.717544555664062,10554269
2009-11-23,21.963903427124023,29.690385818481445,29.983705520629883,29.554590225219727,29.86420440673828,8191345
2009-11-24,22.192947387695312,30.0,30.0977725982666,29.60347557067871,29.695817947387695,6319601
2009-11-25,22.00006103515625,29.73927116394043,30.14665985107422,29.684953689575195,30.14122772216797,7425489
2009-11-27,22.032209396362305,29.782726287841797,30.016294479370117,29.223247528076172,29.668657302856445,3611674
2009-11-30,21.919700622558594,29.63063621520996,29.847909927368164,29.554590225219727,29.76099967956543,7428803
2009-12-01,22.188928604125977,29.99456787109375,30.1086368560791,29.63063621520996,29.701248168945312,7299381
2009-12-02,22.482255935668945,30.39109230041504,30.439977645874023,29.88050079345703,29.88050079345703,7180084
2009-12-03,22.69120979309082,30.673547744750977,31.042911529541016,30.304182052612305,30.37479591369629,10906820
2009-12-04,22.779605865478516,30.793046951293945,31.1026611328125,30.48886489868164,30.841934204101562,11119640
2009-12-07,22.506366729736328,30.423683166503906,30.912548065185547,30.266159057617188,30.711570739746094,7125775
2009-12-08,22.264020919799805,29.940250396728516,30.222705841064453,29.923954010009766,30.195545196533203,10048362
2009-12-09,22.583110809326172,30.36936378479004,30.418251037597656,29.9022274017334,29.9891357421875,7432301
2009-12-10,23.455577850341797,31.542640686035156,31.759912490844727,30.39109230041504,30.407386779785156,16214423
2009-12-11,24.033180236816406,32.319393157958984,32.44975662231445,31.33622932434082,31.50461769104004,17911273
2009-12-14,23.806982040405273,32.01520919799805,32.4117317199707,31.863117218017578,32.4117317199707,9934957
2009-12-15,23.831214904785156,32.04779815673828,32.10211944580078,31.770776748657227,31.955459594726562,7250410
2009-12-16,23.600996017456055,31.73818588256836,32.3900032043457,31.700162887573242,32.04779815673828,10594955
2009-12-17,23.419219970703125,31.49375343322754,31.83595848083496,31.444866180419922,31.689298629760742,6697006
2009-12-18,23.265727996826172,31.287343978881836,31.368820190429688,30.841934204101562,31.303638458251953,11535706
2009-12-21,23.55251693725586,31.673004150390625,31.705595016479492,31.21673011779785,31.379684448242188,8760767
2009-12-22,23.693891525268555,31.863117218017578,32.0206413269043,31.60782241821289,31.82509422302246,5889727
2009-12-23,23.734281539916992,31.917436599731445,32.0206413269043,31.765344619750977,31.765344619750977,3813447
2009-12-24,23.754478454589844,31.944595336914062,32.0315055847168,31.85225486755371,32.0315055847168,1272499
2009-12-28,23.89180564880371,32.129276275634766,32.129276275634766,31.808799743652344,31.944595336914062,3435858
2009-12-29,23.916046142578125,32.161869049072266,32.21075439453125,31.98805046081543,32.10755157470703,5634196
2009-12-30,23.827186584472656,32.0423698425293,32.09668731689453,31.922868728637695,31.966323852539062,2686940
2009-12-31,23.701963424682617,31.873981475830078,32.0423698425293,31.781639099121094,31.97175407409668,3027709
2010-01-04,23.5444393157959,31.662139892578125,32.0423698425293,31.309070587158203,32.0423698425293,11467589
2010-01-05,23.382869720458984,31.444866180419922,31.673004150390625,31.34709358215332,31.673004150390625,5993744
2010-01-06,23.463653564453125,31.553504943847656,31.71645736694336,31.35795783996582,31.50461769104004,5229361
2010-01-07,23.843334197998047,32.06409454345703,32.156436920166016,31.461162567138672,31.51004981994629,6279467
2010-01-08,23.899887084960938,32.140140533447266,32.265071868896484,31.960891723632812,32.10211944580078,5171369
2010-01-11,23.762550354003906,31.955459594726562,32.172733306884766,31.901140213012695,32.172733306884766,5439419
2010-01-12,24.13820457458496,32.46062088012695,32.67789077758789,31.82509422302246,31.901140213012695,9434020
2010-01-13,24.38459014892578,32.791961669921875,32.895164489746094,32.46062088012695,32.53666687011719,7932501
2010-01-14,24.925844192504883,33.51982498168945,33.61216735839844,32.86257553100586,33.02009963989258,11379957
2010-01-15,24.869295120239258,33.443782806396484,33.59043884277344,32.98207473754883,33.427486419677734,8236082
2010-01-19,24.816783905029297,33.373165130615234,33.47637176513672,32.656166076660156,32.67789077758789,10666570
2010-01-20,24.558279037475586,33.02553176879883,33.59043884277344,32.634437561035156,33.31884765625,8736281
2010-01-21,24.073572158813477,32.37371063232422,33.08528137207031,32.2379150390625,33.08528137207031,7913170
2010-01-22,23.7261962890625,31.906572341918945,32.48234558105469,31.863117218017578,32.25421142578125,7451632
2010-01-25,23.815061569213867,32.02607345581055,32.55295944213867,31.922868728637695,32.0315055847168,6397659
2010-01-26,23.855451583862305,32.08039093017578,32.22161865234375,31.83052635192871,31.912004470825195,5531653
2010-01-27,23.79487419128418,31.99891471862793,32.24334716796875,31.49375343322754,32.11841583251953,8232584
2010-01-28,23.50807762145996,31.61325454711914,31.895708084106445,30.700706481933594,31.33079719543457,11958952
2010-01-29,23.261693954467773,31.281911849975586,31.781639099121094,31.24388885498047,31.629549026489258,6105861
2010-02-01,23.370759963989258,31.428571701049805,31.434003829956055,30.95056915283203,31.26561737060547,6613056
2010-02-02,23.617145538330078,31.759912490844727,31.792503356933594,31.292776107788086,31.401411056518555,5410883
2010-02-03,23.221302032470703,31.22759437561035,31.711027145385742,31.173274993896484,31.640413284301758,6740453
2010-02-04,22.756799697875977,30.602933883666992,31.146116256713867,30.602933883666992,31.075502395629883,10924678
2010-02-05,22.857778549194336,30.73872947692871,30.896251678466797,30.445409774780273,30.564910888671875,8389069
2010-02-08,22.764875411987305,30.61379623413086,30.87995719909668,30.592069625854492,30.755023956298828,5257160
2010-02-09,22.7729549407959,30.62466049194336,31.053775787353516,30.46713638305664,30.803911209106445,5890832
2010-02-10,22.671977996826172,30.48886489868164,30.798479080200195,30.363933563232422,30.662683486938477,6289040
2010-02-11,22.623498916625977,30.423683166503906,30.559478759765625,30.298751831054688,30.516023635864258,8654725
2010-02-12,22.587146759033203,30.37479591369629,30.418251037597656,30.032590866088867,30.358501434326172,7184687
2010-02-16,22.9991512298584,30.928842544555664,30.95600128173828,30.423683166503906,30.49429702758789,6274864
2010-02-17,23.28592872619629,31.314502716064453,31.455730438232422,31.0048885345459,31.037479400634766,8283211
2010-02-18,23.176870346069336,31.167844772338867,31.406843185424805,31.059207916259766,31.2112979888916,5374984
2010-02-19,23.241498947143555,31.25475311279297,31.314502716064453,30.907115936279297,31.167844772338867,7192419
2010-02-22,23.322282791137695,31.363388061523438,31.444866180419922,31.0048885345459,31.34166145324707,7768284
2010-02-23,23.007221221923828,30.939706802368164,31.35795783996582,30.912548065185547,31.319934844970703,7117490
2010-02-24,23.265727996826172,31.287343978881836,31.34166145324707,30.934274673461914,31.097230911254883,4954315
2010-02-25,23.05974006652832,31.01032066345215,31.189571380615234,30.782184600830078,31.140684127807617,8144584
2010-02-26,22.99510955810547,30.923410415649414,31.151548385620117,30.74959373474121,31.026615142822266,7998777
2010-03-01,23.1324405670166,31.10809326171875,31.26561737060547,30.917978286743164,31.02118492126465,9315276
2010-03-02,23.60906982421875,31.749048233032227,31.873981475830078,31.167844772338867,31.167844772338867,7305456
2010-03-03,23.831214904785156,32.04779815673828,32.248779296875,31.72188949584961,32.183597564697266,7394929
2010-03-04,23.847381591796875,32.06952667236328,32.2379150390625,31.863117218017578,32.10755157470703,6897859
2010-03-05,24.025100708007812,32.308528900146484,32.37914276123047,31.99348258972168,32.129276275634766,6859934
2010-03-08,24.000747680664062,32.11841583251953,32.259639739990234,31.99891471862793,32.22705078125,4114635
2010-03-09,23.939865112304688,32.03693771362305,32.172733306884766,31.97175407409668,32.08039093017578,4154769
2010-03-10,23.736915588378906,31.765344619750977,32.145572662353516,31.711027145385742,32.129276275634766,6061493
2010-03-11,23.607023239135742,31.59152603149414,31.72188949584961,31.184139251708984,31.662139892578125,6706763
2010-03-12,23.4649658203125,31.401411056518555,31.82509422302246,31.292776107788086,31.73275375366211,6843918
2010-03-15,23.6922664642334,31.705595016479492,31.73818588256836,31.374252319335938,31.379684448242188,5737845
2010-03-16,23.562381744384766,31.531776428222656,31.683866500854492,31.412275314331055,31.683866500854492,4733395
2010-03-17,23.680084228515625,31.689298629760742,31.83052635192871,31.450298309326172,31.531776428222656,4544693
2010-03-18,23.935802459716797,32.0315055847168,32.07495880126953,31.667572021484375,31.72188949584961,4400726
2010-03-19,24.049463272094727,32.183597564697266,32.22161865234375,31.912004470825195,32.183597564697266,7957354
2010-03-22,24.219932556152344,32.4117317199707,32.72134780883789,32.03693771362305,32.161869049072266,8103898
2010-03-23,24.098169326782227,32.248779296875,32.48234558105469,32.03693771362305,32.4117317199707,6526345
2010-03-24,23.907394409179688,31.99348258972168,32.259639739990234,31.939163208007812,32.24334716796875,4731186
2010-03-25,23.834327697753906,31.895708084106445,32.178165435791016,31.776208877563477,32.10755157470703,6020622
2010-03-26,23.716623306274414,31.73818588256836,31.928300857543945,31.526344299316406,31.901140213012695,5802096
2010-03-29,23.830276489257812,31.890277862548828,31.98261833190918,31.770776748657227,31.83595848083496,4431655
2010-03-30,23.814037322998047,31.868549346923828,32.04779815673828,31.792503356933594,31.966323852539062,4013012
2010-03-31,23.623254776000977,31.61325454711914,31.797935485839844,31.569799423217773,31.72188949584961,5452674
2010-04-01,23.635440826416016,31.629549026489258,31.928300857543945,31.455730438232422,31.678436279296875,6023016
2010-04-05,23.647619247436523,31.645845413208008,31.83052635192871,31.444866180419922,31.624116897583008,5374615
2010-04-06,23.623254776000977,31.61325454711914,31.765344619750977,31.50461769104004,31.537208557128906,4049280
2010-04-07,23.529909133911133,31.48832130432129,31.548072814941406,31.35795783996582,31.49918556213379,7907463
2010-04-08,23.420316696166992,31.34166145324707,31.50461769104004,31.303638458251953,31.47745704650879,4035472
2010-04-09,23.538021087646484,31.49918556213379,31.640413284301758,31.319934844970703,31.401411056518555,6594830
2010-04-12,23.602970123291016,31.586095809936523,31.667572021484375,31.292776107788086,31.461162567138672,7200335
2010-04-13,23.972332000732422,32.08039093017578,32.10211944580078,31.325366973876953,31.455730438232422,12337462
2010-04-14,24.06163215637207,32.19989013671875,32.297664642333984,31.749048233032227,32.259639739990234,12205094
2010-04-15,24.15499496459961,32.32482147216797,32.4551887512207,31.99348258972168,31.99348258972168,8642943
2010-04-16,23.988569259643555,32.10211944580078,32.40629959106445,31.884845733642578,32.161869049072266,7362527
2010-04-19,24.081932067871094,32.22705078125,32.275936126708984,31.895708084106445,31.98805046081543,6275785
2010-04-20,24.321409225463867,32.54752731323242,32.56382369995117,32.205322265625,32.24334716796875,7030595
2010-04-21,23.927692413330078,32.0206413269043,32.46604919433594,31.73275375366211,32.46604919433594,12693327
2010-04-22,20.75356101989746,27.77294921875,28.288972854614258,26.099945068359375,27.104833602905273,92405681
2010-04-23,20.018890380859375,26.78978729248047,28.00651741027832,26.740901947021484,27.838130950927734,47652444
2010-04-26,19.316680908203125,25.850080490112305,26.849538803100586,25.80119514465332,26.849538803100586,38533971
2010-04-27,19.276092529296875,25.79576301574707,25.92612648010254,25.616512298583984,25.91526222229004,26971939
2010-04-28,19.43844985961914,26.013036727905273,26.333513259887695,25.736013412475586,25.855512619018555,24784094
2010-04-29,19.572399139404297,26.19228744506836,26.5833797454834,26.148832321166992,26.17599105834961,14539298
2010-04-30,19.166500091552734,25.64910316467285,26.54535675048828,25.64910316467285,26.41499137878418,15281036
2010-05-03,19.280153274536133,25.80119514465332,25.953285217285156,25.64910316467285,25.866376876831055,12184474
2010-05-04,18.297880172729492,24.486692428588867,25.149375915527344,24.356327056884766,24.53557777404785,31449803
2010-05-05,18.529245376586914,24.796306610107422,24.801738739013672,24.4432373046875,24.633350372314453,24455844
2010-05-06,18.671310424804688,24.986419677734375,25.627376556396484,24.55730628967285,24.796306610107422,34081328
2010-05-07,18.314111709594727,24.508419036865234,24.899511337280273,24.220531463623047,24.883216857910156,26013330
2010-05-10,18.789016723632812,25.143943786621094,25.736013412475586,24.93753433227539,25.4372615814209,10835206
2010-05-11,18.46836280822754,24.714828491210938,25.095056533813477,24.633350372314453,24.856056213378906,13760370
2010-05-12,18.21670150756836,24.378055572509766,24.758283615112305,24.3346004486084,24.758283615112305,19091722
2010-05-13,17.924453735351562,23.986963272094727,24.4649658203125,23.95437240600586,24.29114532470703,13749140
2010-05-14,17.668743133544922,23.644758224487305,23.96523666381836,23.44378089904785,23.94894027709961,12542917
2010-05-17,17.230375289916992,23.058120727539062,23.541553497314453,22.86257553100586,23.46550750732422,19798666
2010-05-18,17.61191177368164,23.56871223449707,23.80771255493164,23.107006072998047,23.275394439697266,23330993
2010-05-19,17.29125213623047,23.139598846435547,23.628463745117188,23.030960083007812,23.56328010559082,20653995
2010-05-20,16.86505699157715,22.569255828857422,22.94405174255371,22.509506225585938,22.94405174255371,21748285
2010-05-21,16.50787353515625,22.09125518798828,22.38457489013672,22.031505584716797,22.308528900146484,29819782
2010-05-24,16.974660873413086,22.71591567993164,22.987506866455078,21.98805046081543,22.06952667236328,20496405
2010-05-25,16.95435905456543,22.688756942749023,22.737642288208008,22.151004791259766,22.60184669494629,16411226
2010-05-26,16.844768524169922,22.542097091674805,23.025529861450195,22.504074096679688,22.95491600036621,12805444
2010-05-27,17.076129913330078,22.85171127319336,22.878870010375977,22.493209838867188,22.813688278198242,9070055
2010-05-28,17.141067504882812,22.93861961364746,23.31884765625,22.878870010375977,22.895166397094727,11180945
2010-06-01,16.86100196838379,22.563823699951172,22.889734268188477,22.504074096679688,22.688756942749023,12630917
2010-06-02,16.970598220825195,22.71048355102539,22.71591567993164,22.38457489013672,22.47148323059082,9683476
2010-06-03,17.12483024597168,22.916893005371094,23.10157585144043,22.667028427124023,22.72677993774414,9292079
2010-06-04,16.792001724243164,22.47148323059082,22.85171127319336,22.390005111694336,22.85171127319336,10058119
2010-06-07,16.75547218322754,22.422595977783203,23.07984733581543,22.406301498413086,22.829984664916992,9982454
2010-06-08,16.751380920410156,22.259641647338867,22.38457489013672,22.026073455810547,22.38457489013672,11794367
2010-06-09,16.54290771484375,21.98261833190918,22.37914276123047,21.912004470825195,22.303096771240234,12965611
2010-06-10,16.792261123657227,22.3139591217041,22.36284637451172,22.1292781829834,22.297664642333984,9386339
2010-06-11,16.92715835571289,22.493209838867188,22.558391571044922,22.09668731689453,22.167299270629883,7607012
2010-06-14,16.947586059570312,22.520368576049805,22.976642608642578,22.520368576049805,22.623573303222656,8240500
2010-06-15,17.315488815307617,23.009233474731445,23.025529861450195,22.639869689941406,22.639869689941406,11638066
2010-06-16,17.38906478881836,23.107006072998047,23.18848419189453,22.770233154296875,22.878870010375977,11572894
2010-06-17,17.405414581298828,23.128734588623047,23.2210750579834,22.927757263183594,23.21564483642578,9398673
2010-06-18,17.172412872314453,22.819120407104492,23.259098052978516,22.808256149291992,23.07984733581543,14091198
2010-06-21,17.315488815307617,23.009233474731445,23.356870651245117,22.835416793823242,23.20478057861328,7569456
2010-06-22,17.029346466064453,22.629005432128906,23.139598846435547,22.618141174316406,23.025529861450195,8897185
2010-06-23,16.890361785888672,22.444324493408203,22.775665283203125,22.411733627319336,22.683324813842773,9254155
2010-06-24,16.81269645690918,22.34111976623535,22.552959442138672,22.286800384521484,22.36284637451172,11010469
2010-06-25,17.08248519897461,22.69961929321289,22.906028747558594,22.194459915161133,22.292232513427734,14447248
2010-06-28,17.245988845825195,22.916893005371094,23.134166717529297,22.563823699951172,22.69961929321289,7440770
2010-06-29,16.84539222717285,22.38457489013672,22.84084701538086,22.183595657348633,22.737642288208008,10809247
2010-06-30,16.612396240234375,22.07495880126953,22.3248233795166,22.004344940185547,22.3248233795166,9173335
2010-07-01,16.81678009033203,22.3465518951416,22.417165756225586,21.863117218017578,22.015209197998047,11196594
2010-07-02,17.025253295898438,22.623573303222656,22.791961669921875,22.281368255615234,22.3356876373291,8003748
2010-07-06,17.08248519897461,22.69961929321289,22.900598526000977,22.542097091674805,22.813688278198242,7654142
2010-07-07,17.491249084472656,23.2428035736084,23.297121047973633,22.552959442138672,22.667028427124023,7502811
2010-07-08,17.73651885986328,23.56871223449707,23.58500862121582,23.107006072998047,23.362302780151367,9809769
2010-07-09,17.949081420898438,23.851167678833008,24.101032257080078,23.59587287902832,23.628463745117188,9177201
2010-07-12,17.867326736450195,23.742530822753906,23.883758544921875,23.661054611206055,23.81857681274414,6598512
2010-07-13,17.8836669921875,23.764259338378906,24.101032257080078,23.612167358398438,23.894622802734375,11161247
2010-07-14,17.679288864135742,23.492666244506836,23.666486740112305,23.31884765625,23.666486740112305,10415826
2010-07-15,17.417678833007812,23.145029067993164,23.4166202545166,22.786529541015625,23.384029388427734,18753715
2010-07-16,17.352283477783203,23.058120727539062,23.302553176879883,22.906028747558594,23.052688598632812,13612538
2010-07-19,17.417678833007812,23.145029067993164,23.21021270751953,23.003801345825195,23.139598846435547,5940171
2010-07-20,17.458559036254883,23.19934844970703,23.2210750579834,22.916893005371094,23.030960083007812,8198341
2010-07-21,17.086566925048828,22.70505142211914,23.21564483642578,22.514938354492188,23.21564483642578,8383178
2010-07-22,17.679288864135742,23.492666244506836,24.030418395996094,23.253665924072266,23.44378089904785,13963617
2010-07-23,17.981781005859375,23.894622802734375,24.225963592529297,23.80771255493164,24.008691787719727,11710417
2010-07-26,18.28017807006836,24.29114532470703,24.519283294677734,23.932645797729492,23.932645797729492,9318037
2010-07-27,18.31288719177246,24.3346004486084,24.5410099029541,24.215099334716797,24.497556686401367,5611736
2010-07-28,18.034921646118164,23.96523666381836,24.3346004486084,23.82944107055664,24.263986587524414,6277258
2010-07-29,17.863235473632812,23.737098693847656,24.247690200805664,23.72080421447754,24.041282653808594,7541472
2010-07-30,17.891845703125,23.775121688842773,23.916349411010742,23.351438522338867,23.58500862121582,5438866
2010-08-02,18.30061149597168,24.31830406188965,24.519283294677734,24.014123916625977,24.122758865356445,6121141
2010-08-03,18.15755271911621,24.128190994262695,24.513851165771484,24.08473777770996,24.31287384033203,4661412
2010-08-04,18.398719787597656,24.44866943359375,24.475828170776367,24.101032257080078,24.133623123168945,6163852
2010-08-05,18.402814865112305,24.4541015625,24.611623764038086,24.18794059753418,24.4432373046875,7002059
2010-08-06,18.447772979736328,24.513851165771484,24.55730628967285,24.19880485534668,24.32916831970215,4138384
2010-08-09,18.53769874572754,24.633350372314453,24.67137336730957,24.44866943359375,24.508419036865234,5496858
2010-08-10,18.9342098236084,25.16023826599121,25.32319450378418,24.502988815307617,24.58989715576172,12155203
2010-08-11,18.6480655670166,24.780010223388672,24.915807723999023,24.47039794921875,24.790874481201172,10690135
2010-08-12,18.72164535522461,24.877784729003906,25.013580322265625,24.492124557495117,24.492124557495117,8723579
2010-08-13,18.684865951538086,24.82889747619629,24.94296646118164,24.57360076904297,24.763715744018555,5612841
2010-08-16,18.586753845214844,24.698532104492188,24.84519386291504,24.475828170776367,24.725692749023438,4376978
2010-08-17,18.766618728637695,24.93753433227539,25.084192276000977,24.660511016845703,24.790874481201172,4664174
2010-08-18,18.733915328979492,24.894079208374023,25.095056533813477,24.731124877929688,25.002716064453125,3813447
2010-08-19,18.39055061340332,24.43780517578125,24.83976173400879,24.30200958251953,24.796306610107422,5528339
2010-08-20,18.218860626220703,24.20966911315918,24.426942825317383,24.003259658813477,24.399782180786133,7292937
2010-08-23,18.30061149597168,24.31830406188965,24.67680549621582,24.258554458618164,24.32916831970215,5625360
2010-08-24,17.98586654663086,23.900054931640625,24.090167999267578,23.536121368408203,23.95437240600586,8717135
2010-08-25,18.05126953125,23.986963272094727,24.07387351989746,23.682781219482422,23.682781219482422,9816396
2010-08-26,17.761043548583984,23.601303100585938,24.133623123168945,23.601303100585938,24.014123916625977,7405791
2010-08-27,17.8836669921875,23.764259338378906,23.80228042602539,23.389461517333984,23.677349090576172,5610263
2010-08-30,17.658851623535156,23.46550750732422,23.856599807739258,23.46007537841797,23.699077606201172,3539691
2010-08-31,17.39314842224121,23.112438201904297,23.44378089904785,23.06898307800293,23.32427978515625,5767117
2010-09-01,17.769210815429688,23.612167358398438,23.688213348388672,23.31884765625,23.32427978515625,5496674
2010-09-02,17.98586654663086,23.900054931640625,23.992395401000977,23.606735229492188,23.666486740112305,3400879
2010-09-03,18.07988166809082,24.024986267089844,24.08473777770996,23.769689559936523,23.97610092163086,3761347
2010-09-07,18.141199111938477,24.106464385986328,24.30200958251953,23.938077926635742,24.014123916625977,5645979
2010-09-08,17.680360794067383,23.340576171875,23.59587287902832,23.22650718688965,23.384029388427734,7797003
2010-09-09,17.61864471435547,23.259098052978516,23.617599487304688,23.19391632080078,23.617599487304688,9016850
2010-09-10,17.721511840820312,23.394893646240234,23.508962631225586,23.264530181884766,23.31884765625,4609128
2010-09-13,17.803800582885742,23.503530502319336,23.633895874023438,23.411190032958984,23.525257110595703,4654600
2010-09-14,18.12885856628418,23.932645797729492,24.046714782714844,23.259098052978516,23.43291664123535,7699614
2010-09-15,18.552658081054688,24.492124557495117,24.519283294677734,23.775121688842773,23.845735549926758,6464672
2010-09-16,18.507389068603516,24.432373046875,24.611623764038086,24.28571319580078,24.502988815307617,6682462
2010-09-17,18.511512756347656,24.43780517578125,24.54644203186035,24.236827850341797,24.44866943359375,9320615
2010-09-20,18.820106506347656,24.84519386291504,24.856056213378906,24.3454647064209,24.4432373046875,5223469
2010-09-21,19.50312614440918,25.746877670288086,25.757740020751953,24.970125198364258,24.975557327270508,14860368
2010-09-22,19.71297264099121,26.02389907836914,26.29006004333496,25.822921752929688,25.92069435119629,10980460
2010-09-23,19.601877212524414,25.877241134643555,26.02389907836914,25.763172149658203,25.855512619018555,6869876
2010-09-24,19.75823211669922,26.083650588989258,26.93101692199707,25.290603637695312,26.18142318725586,20435284
2010-09-27,19.66359519958496,25.958717346191406,26.26833152770996,25.958717346191406,26.17055892944336,6807466
2010-09-28,19.72942352294922,26.04562759399414,26.127105712890625,25.882671356201172,26.04019546508789,6324756
2010-09-29,19.59364891052246,25.866376876831055,26.05105972290039,25.763172149658203,25.877241134643555,4821211
2010-09-30,19.630674362182617,25.91526222229004,26.127105712890625,25.828353881835938,25.828353881835938,5746129
2010-10-01,19.605989456176758,25.882671356201172,26.19771957397461,25.69255828857422,26.132537841796875,6224421
2010-10-04,19.577186584472656,25.844650268554688,25.91526222229004,25.621944427490234,25.888103485107422,5213896
2010-10-05,19.885778427124023,26.252037048339844,26.28462791442871,25.904399871826172,25.985876083374023,6459701
2010-10-06,19.980419158935547,26.376968383789062,26.387832641601562,26.05105972290039,26.17599105834961,5764723
2010-10-07,20.070940017700195,26.496469497680664,26.5725154876709,26.28462791442871,26.387832641601562,7018260
2010-10-08,20.227293014526367,26.702878952026367,26.7789249420166,26.41499137878418,26.5725154876709,5651686
2010-10-11,20.30546760559082,26.80608367919922,26.854970932006836,26.626832962036133,26.724605560302734,4195087
2010-10-12,20.334270477294922,26.844106674194336,26.871265411376953,26.637697219848633,26.740901947021484,5829342
2010-10-13,20.32192611694336,26.827810287475586,26.952743530273438,26.6702880859375,26.876697540283203,6684303
2010-10-14,20.354841232299805,26.871265411376953,27.121129989624023,26.692014694213867,26.91472053527832,7158360
2010-10-15,20.06270980834961,26.485605239868164,27.083106994628906,26.43671989440918,27.034221649169922,14893322
2010-10-18,20.16145896911621,26.615970611572266,26.697446823120117,26.355241775512695,26.447582244873047,10825448
2010-10-19,19.996862411499023,26.398696899414062,26.6702880859375,26.317218780517578,26.40955924987793,8647177
2010-10-20,20.32192611694336,26.827810287475586,26.91472053527832,26.398696899414062,26.398696899414062,7271214
2010-10-21,21.013179779052734,27.740358352661133,28.120586395263672,27.023357391357422,27.126562118530273,16337218
2010-10-22,21.03374481201172,27.76751708984375,27.979358673095703,27.27322006225586,27.66974449157715,7702192
2010-10-25,20.749845504760742,27.39272117614746,28.191200256347656,27.343835830688477,27.91960906982422,9853953
2010-10-26,20.984375,27.702335357666016,27.762086868286133,27.311243057250977,27.38728904724121,6463567
2010-10-27,20.902080535888672,27.593698501586914,27.604562759399414,27.28951644897461,27.555675506591797,4421898
2010-10-28,20.97202491760254,27.6860408782959,27.848995208740234,27.550243377685547,27.6751766204834,8195396
2010-10-29,20.955564498901367,27.6643123626709,27.6860408782959,27.370994567871094,27.599130630493164,6746713
2010-11-01,20.828018188476562,27.495925903320312,27.821836471557617,27.41444969177246,27.724063873291016,4703939
2010-11-02,20.91853904724121,27.61542510986328,27.794677734375,27.566539764404297,27.696903228759766,4450065
2010-11-03,20.860939025878906,27.53938102722168,27.832700729370117,27.338403701782227,27.577404022216797,4174099
2010-11-04,21.17776107788086,27.957632064819336,28.02281379699707,27.724063873291016,27.724063873291016,6217609
2010-11-05,21.198333740234375,27.984790802001953,28.01738166809082,27.740358352661133,27.93047332763672,3999204
2010-11-08,21.173643112182617,27.952199935913086,28.082563400268555,27.61542510986328,27.762086868286133,4959654
2010-11-09,21.260055541992188,28.066268920898438,28.245519638061523,27.91960906982422,27.935903549194336,4652759
2010-11-10,21.354684829711914,28.191200256347656,28.191200256347656,27.740358352661133,28.049972534179688,3874200
2010-11-11,21.387603759765625,28.234655380249023,28.240087509155273,27.946767807006836,28.071699142456055,3581666
2010-11-12,21.173643112182617,27.952199935913086,28.14774513244629,27.810972213745117,28.109722137451172,4362065
2010-11-15,21.165416717529297,27.941335678100586,28.120586395263672,27.832700729370117,27.93047332763672,3696544
2010-11-16,20.70458221435547,27.332971572875977,27.827268600463867,27.27322006225586,27.80010986328125,6259584
2010-11-17,20.799219131469727,27.457902908325195,27.61542510986328,27.267789840698242,27.332971572875977,3979690
2010-11-18,21.021400451660156,27.751222610473633,27.854427337646484,27.376426696777344,27.561107635498047,3348779
2010-11-19,21.14484405517578,27.91417694091797,27.91960906982422,27.582834243774414,27.838130950927734,4602500
2010-11-22,20.786869049072266,27.441608428955078,27.805540084838867,27.267789840698242,27.68060874938965,4941796
2010-11-23,20.371313095092773,26.892993927001953,27.15372085571289,26.79521942138672,27.115697860717773,5119637
2010-11-24,20.572921752929688,27.15915298461914,27.191743850708008,26.89842414855957,26.89842414855957,3895740
2010-11-26,20.470056533813477,27.023357391357422,27.15372085571289,26.81151580810547,26.969039916992188,1755578
2010-11-29,20.420677185058594,26.958175659179688,27.017925262451172,26.52906036376953,26.865833282470703,3672795
2010-11-30,19.976306915283203,26.371536254882812,26.79521942138672,26.28462791442871,26.740901947021484,12683570
2010-12-01,20.301349639892578,26.80065155029297,26.854970932006836,26.51819610595703,26.615970611572266,8962724
2010-12-02,20.433029174804688,26.974470138549805,27.072242736816406,26.724605560302734,26.7571964263916,7466728
2010-12-03,20.507080078125,27.072242736816406,27.15915298461914,26.81694793701172,26.854970932006836,3635055
2010-12-06,20.36307144165039,26.882129669189453,27.05594825744629,26.833242416381836,26.90928840637207,2829985
2010-12-07,20.338390350341797,26.849538803100586,27.180879592895508,26.822378158569336,27.023357391357422,4568994
2010-12-08,20.49571990966797,26.887561798095703,27.007061004638672,26.68115234375,26.68115234375,3586268
2010-12-09,20.611661911010742,27.03965187072754,27.115697860717773,26.833242416381836,27.115697860717773,3367373
2010-12-10,20.814552307128906,27.30581283569336,27.39272117614746,27.04508399963379,27.191743850708008,4988926
2010-12-13,20.85181427001953,27.354698181152344,27.604562759399414,27.28951644897461,27.29494857788086,5723669
2010-12-14,21.44805145263672,28.136882781982422,28.136882781982422,27.322107315063477,27.65888023376465,11477346
2010-12-15,21.44805145263672,28.136882781982422,28.212928771972656,27.935903549194336,28.126018524169922,6562981
2010-12-16,21.5184383392334,28.229223251342773,28.40847396850586,27.973926544189453,28.082563400268555,5338716
2010-12-17,21.22860336303711,27.848995208740234,28.136882781982422,27.52308464050293,28.104291915893555,9963860
2010-12-20,21.02570915222168,27.582834243774414,27.957632064819336,27.571971893310547,27.89788246154785,7692250
2010-12-21,20.760723114013672,27.235197067260742,27.729494094848633,27.224334716796875,27.729494094848633,5417879
2010-12-22,20.96774673461914,27.506790161132812,27.6643123626709,27.170015335083008,27.170015335083008,4882516
2010-12-23,21.154067993164062,27.751222610473633,27.91960906982422,27.425312042236328,27.425312042236328,3312880
2010-12-27,21.096105575561523,27.6751766204834,27.854427337646484,27.593698501586914,27.64258575439453,2230187
2010-12-28,21.154067993164062,27.751222610473633,27.838130950927734,27.479631423950195,27.6751766204834,2816730
2010-12-29,21.079544067382812,27.6534481048584,27.810972213745117,27.64801788330078,27.77838134765625,2057133
2010-12-30,21.000877380371094,27.550243377685547,27.63715362548828,27.343835830688477,27.609994888305664,2397166
2010-12-31,20.95946502685547,27.495925903320312,27.62085723876953,27.425312042236328,27.474199295043945,1993803
2011-01-03,20.930484771728516,27.457902908325195,27.64801788330078,27.316675186157227,27.61542510986328,8143111
2011-01-04,20.74001693725586,27.208038330078125,27.62085723876953,27.126562118530273,27.577404022216797,7852786
2011-01-05,20.98845100402832,27.53394889831543,27.571971893310547,26.958175659179688,27.099401473999023,5650397
2011-01-06,20.806272506713867,27.29494857788086,27.54481315612793,27.213470458984375,27.39815330505371,4979169
2011-01-07,20.458465576171875,26.838674545288086,27.40358543395996,26.626832962036133,27.381858825683594,7689489
2011-01-10,20.375642776489258,26.730037689208984,26.871265411376953,26.67572021484375,26.730037689208984,5849409
2011-01-11,20.54955291748047,26.958175659179688,27.093971252441406,26.512765884399414,26.80065155029297,6459701
2011-01-12,21.104381561279297,27.6860408782959,27.91960906982422,27.06681251525879,27.06681251525879,9707225
2011-01-13,20.847671508789062,27.349266052246094,27.718631744384766,27.27322006225586,27.691471099853516,6035903
2011-01-14,20.831106185913086,27.327539443969727,27.381858825683594,27.186311721801758,27.251493453979492,6220187
2011-01-18,21.03814125061035,27.599130630493164,27.6751766204834,27.38728904724121,27.571971893310547,4883621
2011-01-19,20.826969146728516,27.322107315063477,27.62628936767578,27.256925582885742,27.452470779418945,6042346
2011-01-20,20.930484771728516,27.457902908325195,27.51765251159668,27.246061325073242,27.251493453979492,6464487
2011-01-21,20.49158477783203,26.882129669189453,27.63172149658203,26.871265411376953,27.571971893310547,17338906
2011-01-24,20.566110610961914,26.979902267456055,27.15915298461914,26.78435516357422,26.822378158569336,11722936
2011-01-25,21.10852813720703,27.691471099853516,27.707767486572266,26.974470138549805,26.996198654174805,9658807
2011-01-26,21.075403213500977,27.64801788330078,27.76751708984375,27.474199295043945,27.65888023376465,11729011
2011-01-27,20.280414581298828,26.605106353759766,27.365562438964844,26.496469497680664,26.746334075927734,21075216
2011-01-28,20.123064041137695,26.398696899414062,26.92558479309082,26.355241775512695,26.5616512298584,12180240
2011-01-31,20.07752799987793,26.338945388793945,26.5725154876709,26.252037048339844,26.55621910095215,8240868
2011-02-01,20.147924423217773,26.43128776550293,26.68115234375,26.317218780517578,26.442150115966797,11193832
2011-02-02,20.081676483154297,26.344377517700195,26.501901626586914,26.27919578552246,26.387832641601562,6159066
2011-02-03,20.031984329223633,26.27919578552246,26.322650909423828,26.089082717895508,26.246604919433594,9404564
2011-02-04,20.08995819091797,26.355241775512695,26.588809967041016,26.306354522705078,26.52362823486328,9117000
2011-02-07,20.226594924926758,26.53449249267578,26.626832962036133,26.349809646606445,26.398696899414062,12629812
2011-02-08,20.330108642578125,26.6702880859375,26.719173431396484,26.40955924987793,26.469310760498047,17398555
2011-02-09,20.63650131225586,27.072242736816406,27.104833602905273,26.610538482666016,26.692014694213867,8781570
2011-02-10,20.619945526123047,27.05051612854004,27.14828872680664,26.92558479309082,27.028789520263672,5965761
2011-02-11,21.39836311340332,28.071699142456055,28.142314910888672,27.05051612854004,27.077674865722656,13828856
2011-02-14,21.410797119140625,28.087995529174805,28.18033790588379,27.946767807006836,28.071699142456055,9691945
2011-02-15,21.369382858276367,28.033676147460938,28.240087509155273,27.838130950927734,27.995655059814453,7781907
2011-02-16,21.688207626342773,28.451927185058594,28.582292556762695,28.039108276367188,28.17490577697754,8321320
2011-02-17,21.75859260559082,28.544269561767578,28.674633026123047,28.18033790588379,28.240087509155273,9931459
2011-02-18,21.95733642578125,28.804996490478516,28.9951114654541,28.50624656677246,28.614883422851562,8927930
2011-02-22,21.655078887939453,28.40847396850586,28.65290641784668,28.136882781982422,28.202064514160156,6552671
2011-02-23,21.414928436279297,28.093427658081055,28.587724685668945,28.033676147460938,28.375883102416992,6578814
2011-02-24,21.39836311340332,28.071699142456055,28.305269241333008,27.935903549194336,28.16947364807129,4845144
2011-02-25,21.70475959777832,28.473655700683594,28.51711082458496,28.049972534179688,28.136882781982422,4304442
2011-02-28,22.00701904296875,28.87017822265625,28.89190673828125,28.435632705688477,28.680065155029297,6158329
2011-03-01,21.609535217285156,28.348724365234375,29.02770233154297,28.310701370239258,28.940792083740234,7171247
2011-03-02,21.52672004699707,28.240087509155273,28.49538230895996,28.17490577697754,28.332427978515625,5418431
2011-03-03,22.321706771850586,29.282997131347656,29.331884384155273,28.49538230895996,28.49538230895996,13572036
2011-03-04,22.27616310119629,29.223247528076172,29.315589904785156,29.04399871826172,29.212385177612305,9386707
2011-03-07,21.99046516418457,28.848451614379883,29.293861389160156,28.79413414001465,29.196088790893555,7649355
2011-03-08,22.094587326049805,28.815860748291016,28.97881507873535,28.65833854675293,28.821292877197266,4972909
2011-03-09,22.107080459594727,28.832155227661133,28.924497604370117,28.690929412841797,28.815860748291016,4241112
2011-03-10,21.70309066772461,28.305269241333008,28.685497283935547,28.294404983520508,28.462791442871094,5271519
2011-03-11,21.90717124938965,28.571428298950195,28.690929412841797,28.17490577697754,28.310701370239258,7362711
2011-03-14,21.7114200592041,28.316133499145508,28.86474609375,28.27267837524414,28.86474609375,5025930
2011-03-15,21.34074592590332,27.832700729370117,27.979358673095703,27.63172149658203,27.821836471557617,8294994
2011-03-16,20.915935516357422,27.27865219116211,27.832700729370117,27.14828872680664,27.707767486572266,8073521
2011-03-17,21.261611938476562,27.729494094848633,28.055404663085938,27.566539764404297,27.6534481048584,5916606
2011-03-18,21.565650939941406,28.126018524169922,28.310701370239258,27.946767807006836,28.01738166809082,6813541
2011-03-21,21.94048500061035,28.614883422851562,28.701793670654297,28.321563720703125,28.321563720703125,5749443
2011-03-22,21.932161331176758,28.604019165039062,29.01140785217285,28.549701690673828,28.7669734954834,4489279
2011-03-23,21.832199096679688,28.473655700683594,28.555133819580078,28.087995529174805,28.479087829589844,4998499
2011-03-24,22.11124038696289,28.837587356567383,28.848451614379883,28.365018844604492,28.65290641784668,6824587
2011-03-25,22.04043960571289,28.74524688720703,29.02770233154297,28.701793670654297,28.7887020111084,4402015
2011-03-28,22.19870948791504,28.951656341552734,29.13090705871582,28.76154327392578,28.821292877197266,5485260
2011-03-29,22.12373924255371,28.853883743286133,29.054861068725586,28.64747428894043,28.902769088745117,4391337
2011-03-30,22.090417861938477,28.810428619384766,29.196088790893555,28.555133819580078,28.9842472076416,6744688
2011-03-31,22.394454956054688,29.206953048706055,29.26127052307129,28.728952407836914,28.728952407836914,7327180
2011-04-01,22.452770233154297,29.282997131347656,29.38620376586914,29.179794311523438,29.299293518066406,5659786
2011-04-04,22.615198135375977,29.494840621948242,29.565454483032227,29.331884384155273,29.38620376586914,4196007
2011-04-05,22.344472885131836,29.14177131652832,29.53286361694336,29.12547492980957,29.397066116333008,4846064
2011-04-06,22.398616790771484,29.212385177612305,29.641498565673828,29.076589584350586,29.239543914794922,9121419
2011-04-07,22.302831649780273,29.087451934814453,29.445953369140625,29.02227020263672,29.109180450439453,7399163
2011-04-08,22.37779426574707,29.185224533081055,29.39163589477539,29.065725326538086,29.201520919799805,5529628
2011-04-11,22.60686492919922,29.483976364135742,29.598045349121094,29.109180450439453,29.14177131652832,5269494
2011-04-12,22.623517990112305,29.50570297241211,29.657794952392578,29.299293518066406,29.407930374145508,4096225
2011-04-13,22.548561096191406,29.407930374145508,29.636066436767578,29.36447525024414,29.570884704589844,4484860
2011-04-14,22.394454956054688,29.206953048706055,29.494840621948242,28.75611114501953,29.36447525024414,10109115
2011-04-15,22.890077590942383,29.85334014892578,29.940250396728516,29.440521240234375,29.473112106323242,11833764
2011-04-18,22.490243911743164,29.331884384155273,29.657794952392578,29.158065795898438,29.592613220214844,5484891
2011-04-19,22.386133193969727,29.196088790893555,29.38620376586914,29.00054359436035,29.337316513061523,5461142
2011-04-20,22.70682716369629,29.61433982849121,29.967409133911133,29.38620376586914,29.967409133911133,5352155
2011-04-21,23.568950653076172,30.73872947692871,30.825637817382812,29.87506866455078,30.14665985107422,11462802
2011-04-25,23.335716247558594,30.434545516967773,30.73872947692871,30.401954650878906,30.439977645874023,5924890
2011-04-26,23.714723587036133,30.928842544555664,30.96143341064453,30.445409774780273,30.61379623413086,7364000
2011-04-27,23.768863677978516,30.99945640563965,31.037479400634766,30.700706481933594,30.86366081237793,5394314
2011-04-28,23.877147674560547,31.140684127807617,31.24932098388672,30.923410415649414,30.939706802368164,4344392
2011-04-29,23.698060989379883,30.907115936279297,31.173274993896484,30.87995719909668,31.1243896484375,5311285
2011-05-02,23.99376106262207,31.292776107788086,31.667572021484375,31.037479400634766,31.053775787353516,9098774
2011-05-03,24.18118667602539,31.537208557128906,31.72188949584961,31.140684127807617,31.146116256713867,8625637
2011-05-04,24.1728572845459,31.526344299316406,31.678436279296875,31.303638458251953,31.450298309326172,7891262
2011-05-05,23.860488891601562,31.11895751953125,31.472026824951172,31.032047271728516,31.461162567138672,6365994
2011-05-06,24.068729400634766,31.390548706054688,31.618684768676758,31.200435638427734,31.34709358215332,8453504
2011-05-09,24.539356231689453,32.00434494018555,32.04779815673828,31.34709358215332,31.34709358215332,8493454
2011-05-10,24.593509674072266,32.07495880126953,32.313961029052734,31.749048233032227,32.09668731689453,8101689
2011-05-11,24.443561553955078,31.879413604736328,32.183597564697266,31.700162887573242,32.09125518798828,3963489
2011-05-12,24.726783752441406,32.248779296875,32.275936126708984,31.71645736694336,31.765344619750977,4295421
2011-05-13,24.668468475341797,32.172733306884766,32.297664642333984,31.84139060974121,32.248779296875,6065359
2011-05-16,24.86421775817871,32.42802810668945,32.49864196777344,32.0097770690918,32.06952667236328,7861070
2011-05-17,24.814241409301758,32.36284637451172,32.53666687011719,32.10755157470703,32.10755157470703,7384987
2011-05-18,25.09745216369629,32.73221206665039,32.786529541015625,32.34654998779297,32.3900032043457,5204875
2011-05-19,25.08080291748047,32.71048355102539,32.786529541015625,32.49320983886719,32.72677993774414,4038049
2011-05-20,25.126605987548828,32.770233154296875,32.86257553100586,32.35741424560547,32.634437561035156,5198064
2011-05-23,24.593509674072266,32.07495880126953,32.46604919433594,32.0423698425293,32.319393157958984,7579029
2011-05-24,24.760099411010742,32.292232513427734,32.4225959777832,32.0206413269043,32.10211944580078,5565527
2011-05-25,24.585172653198242,32.06409454345703,32.35741424560547,31.960891723632812,32.21075439453125,6081559
2011-05-26,24.685131072998047,32.194461822509766,32.24334716796875,31.901140213012695,32.04779815673828,6126112
2011-05-27,24.61849594116211,32.10755157470703,32.319393157958984,31.960891723632812,32.22705078125,4735973
2011-05-31,24.789247512817383,32.33025360107422,32.34654998779297,32.04779815673828,32.10211944580078,6840236
2011-06-01,24.447729110717773,31.884845733642578,32.36284637451172,31.857685089111328,32.22705078125,9255996
2011-06-02,24.42690658569336,31.857685089111328,32.0206413269043,31.656707763671875,31.857685089111328,3929799
2011-06-03,24.131210327148438,31.472026824951172,31.82509422302246,31.417707443237305,31.564367294311523,5737477
2011-06-06,24.01042366027832,31.314502716064453,31.531776428222656,31.276479721069336,31.401411056518555,3369030
2011-06-07,24.214502334594727,31.580663681030273,31.84682273864746,31.309070587158203,31.48288917541504,5193461
2011-06-08,24.201936721801758,31.395980834960938,31.781639099121094,31.292776107788086,31.472026824951172,6528738
2011-06-09,24.662532806396484,31.99348258972168,32.140140533447266,31.406843185424805,31.47745704650879,5181679
2011-06-10,24.12238121032715,31.292776107788086,31.781639099121094,31.24388885498047,31.781639099121094,4709278
2011-06-13,24.298250198364258,31.520912170410156,31.73818588256836,31.23845672607422,31.309070587158203,3902552
2011-06-14,24.574594497680664,31.879413604736328,32.01520919799805,31.759912490844727,31.81966209411621,7208620
2011-06-15,24.319177627563477,31.548072814941406,32.10755157470703,31.50461769104004,31.759912490844727,7064469
2011-06-16,24.289871215820312,31.51004981994629,31.82509422302246,31.423139572143555,31.49375343322754,6943516
2011-06-17,24.428049087524414,31.689298629760742,32.0097770690918,31.439434051513672,31.781639099121094,7038695
2011-06-20,25.093809127807617,32.55295944213867,32.59098434448242,31.558935165405273,31.558935165405273,7897154
2011-06-21,25.039379119873047,32.48234558105469,32.68875503540039,32.40629959106445,32.59641647338867,6096840
2011-06-22,24.980756759643555,32.40629959106445,32.59098434448242,32.36827850341797,32.46604919433594,4470500
2011-06-23,24.700214385986328,32.0423698425293,32.07495880126953,31.537208557128906,32.05866241455078,10901666
2011-06-24,24.49505043029785,31.776208877563477,32.11841583251953,31.61325454711914,32.0315055847168,6748186
2011-06-27,24.675100326538086,32.0097770690918,32.09668731689453,31.673004150390625,31.863117218017578,3950970
2011-06-28,24.63321304321289,31.955459594726562,32.07495880126953,31.85225486755371,32.0423698425293,5893962
2011-06-29,24.9053897857666,32.308528900146484,32.44975662231445,31.857685089111328,32.04779815673828,5557979
2011-06-30,24.993318557739258,32.4225959777832,32.52580261230469,32.286800384521484,32.4443244934082,5932438
2011-07-01,25.21942901611328,32.71591567993164,32.753936767578125,32.319393157958984,32.48234558105469,7693907
2011-07-05,25.194305419921875,32.68332290649414,32.764801025390625,32.308528900146484,32.59098434448242,5446230
2011-07-06,25.41203498840332,32.96577835083008,33.06355285644531,32.667030334472656,32.68875503540039,6911482
2011-07-07,25.566957473754883,33.16675567626953,33.280826568603516,32.82455062866211,33.1233024597168,9274406
2011-07-08,25.50834846496582,33.09071350097656,33.16132354736328,32.743072509765625,32.86257553100586,13036121
2011-07-11,25.0728759765625,32.52580261230469,33.15046310424805,32.42802810668945,32.71591567993164,6541441
2011-07-12,25.211057662963867,32.70505142211914,33.04182434082031,32.48777770996094,32.49864196777344,6038664
2011-07-13,25.36597442626953,32.906028747558594,33.432918548583984,32.781097412109375,32.84084701538086,5765644
2011-07-14,25.537656784057617,33.12873458862305,33.242801666259766,32.85714340209961,33.01466751098633,5658498
2011-07-15,25.458099365234375,33.02553176879883,33.44921112060547,32.781097412109375,33.242801666259766,6647299
2011-07-18,25.252927780151367,32.759368896484375,33.21564483642578,32.54752731323242,32.97664260864258,4405513
2011-07-19,25.71350860595703,33.35687255859375,33.411190032958984,32.770233154296875,32.791961669921875,7365841
2011-07-20,25.470657348632812,33.04182434082031,33.31341552734375,32.95491409301758,33.21564483642578,5777794
2011-07-21,26.13223648071289,33.900054931640625,33.94894027709961,33.1450309753418,33.32427978515625,11367991
2011-07-22,25.872634887695312,33.56328201293945,33.80228042602539,33.3079833984375,33.80228042602539,6292538
2011-07-25,25.688396453857422,33.32427978515625,33.775123596191406,33.18848419189453,33.226505279541016,5999267
2011-07-26,25.395280838012695,32.944053649902344,33.394893646240234,32.797393798828125,33.394893646240234,5870029
2011-07-27,24.80070686340332,32.172733306884766,32.802825927734375,32.145572662353516,32.764801025390625,6689826
2011-07-28,24.578779220581055,31.884845733642578,32.37371063232422,31.81966209411621,32.21075439453125,7294226
2011-07-29,24.356868743896484,31.59695816040039,31.770776748657227,31.319934844970703,31.705595016479492,9300364
2011-08-01,23.954896926879883,31.075502395629883,31.85225486755371,30.771320343017578,31.754480361938477,8702591
2011-08-02,23.414751052856445,30.37479591369629,30.95056915283203,30.353069305419922,30.885387420654297,9269987
2011-08-03,23.305885314941406,30.23356819152832,30.347637176513672,29.61433982849121,30.342205047607422,10591273
2011-08-04,22.38470458984375,29.03856658935547,29.945682525634766,29.03313446044922,29.85877227783203,12672339
2011-08-05,22.439136505126953,29.109180450439453,29.51113510131836,28.310701370239258,29.37533950805664,11978835
2011-08-08,21.065746307373047,27.327539443969727,28.804996490478516,27.267789840698242,28.544269561767578,14584586
2011-08-09,21.903167724609375,28.413904190063477,28.424768447875977,26.89842414855957,27.555675506591797,16432030
2011-08-10,21.141101837158203,27.425312042236328,28.27811050415039,27.370994567871094,27.984790802001953,14069106
2011-08-11,22.028791427612305,28.576860427856445,28.848451614379883,27.452470779418945,27.501358032226562,10776478
2011-08-12,22.313514709472656,28.946224212646484,29.076589584350586,28.468223571777344,28.712656021118164,6005342
2011-08-15,22.677799224853516,29.418794631958008,29.451385498046875,28.924497604370117,29.293861389160156,6353107
2011-08-16,22.48100471496582,29.163497924804688,29.310157775878906,28.7887020111084,29.13633918762207,5473845
2011-08-17,22.510316848754883,29.201520919799805,29.473112106323242,28.87017822265625,29.321020126342773,6270814
2011-08-18,21.76917839050293,28.240087509155273,28.97881507873535,27.973926544189453,28.636611938476562,13326815
2011-08-19,21.622636795043945,28.049972534179688,28.65290641784668,27.93047332763672,28.00108528137207,8915227
2011-08-22,21.70637321472168,28.15860939025879,28.604019165039062,28.044540405273438,28.576860427856445,5463168
2011-08-23,22.53962516784668,29.239543914794922,29.27756690979004,28.202064514160156,28.250951766967773,6332672
2011-08-24,22.7113037109375,29.462249755859375,29.554590225219727,28.935361862182617,29.14720344543457,4831889
2011-08-25,22.125097274780273,28.701793670654297,29.581748962402344,28.51167869567871,29.445953369140625,11969998
2011-08-26,22.49775505065918,29.185224533081055,29.331884384155273,28.202064514160156,28.593156814575195,11750183
2011-08-29,23.146770477294922,30.027158737182617,30.048885345458984,29.467681884765625,29.494840621948242,14919096
2011-08-30,23.20957374572754,30.1086368560791,30.293319702148438,29.73927116394043,29.91852378845215,4631404
2011-08-31,23.439878463745117,30.407386779785156,30.755023956298828,30.14122772216797,30.325910568237305,6700688
2011-09-01,23.184459686279297,30.076045989990234,30.63009262084961,29.99456787109375,30.429115295410156,6245961
2011-09-02,22.661056518554688,29.397066116333008,29.842477798461914,29.331884384155273,29.478544235229492,5507352
2011-09-06,22.640117645263672,29.36990737915039,29.413362503051758,28.381315231323242,28.38674545288086,6823298
2011-09-07,23.398168563842773,30.179250717163086,30.184682846069336,29.52199935913086,29.663227081298828,5589644
2011-09-08,23.094942092895508,29.788158416748047,30.597501754760742,29.728408813476562,30.08147621154785,7212854
2011-09-09,22.387434005737305,28.8756103515625,29.52199935913086,28.609451293945312,29.483976364135742,8279898
2011-09-12,22.4464111328125,28.951656341552734,28.962520599365234,28.375883102416992,28.723520278930664,6142312
2011-09-13,22.72856330871582,29.315589904785156,29.413362503051758,28.7778377532959,29.02770233154297,7301406
2011-09-14,23.204437255859375,29.929386138916016,30.222705841064453,29.25040626525879,29.445953369140625,8289287
2011-09-15,23.60872459411621,30.450841903686523,30.461706161499023,29.799022674560547,30.13579559326172,6372622
2011-09-16,23.865623474121094,30.782184600830078,30.803911209106445,30.407386779785156,30.592069625854492,8030626
2011-09-19,23.457117080688477,30.25529670715332,30.38566017150879,29.88593292236328,30.331342697143555,4821763
2011-09-20,23.76454734802246,30.651819229125977,31.1026611328125,30.304182052612305,30.358501434326172,6310948
2011-09-21,22.97702407836914,29.636066436767578,30.73329734802246,29.636066436767578,30.706138610839844,6389375
2011-09-22,22.282154083251953,28.73981475830078,28.973384857177734,28.240087509155273,28.886474609375,8472650
2011-09-23,22.517993927001953,29.04399871826172,29.348180770874023,28.582292556762695,28.723520278930664,6403919
2011-09-26,22.880163192749023,29.51113510131836,29.543725967407227,28.88104248046875,29.293861389160156,3974351
2011-09-27,23.52871322631836,30.347637176513672,31.097230911254883,30.211841583251953,30.315046310424805,8452399
2011-09-28,23.440271377563477,30.23356819152832,30.847366333007812,30.0108642578125,30.836502075195312,7392167
2011-09-29,23.67189598083496,30.532318115234375,31.080934524536133,30.09234046936035,30.73872947692871,6411283
2011-09-30,23.64241600036621,30.49429702758789,30.95600128173828,30.152090072631836,30.23900032043457,8728365
2011-10-03,22.606433868408203,29.158065795898438,30.651819229125977,29.098316192626953,30.0108642578125,10757331
2011-10-04,22.741195678710938,29.331884384155273,29.35904312133789,28.48995018005371,28.723520278930664,8468600
2011-10-05,22.930702209472656,29.576316833496094,29.728408813476562,29.244976043701172,29.36990737915039,8310274
2011-10-06,23.259191513061523,30.0,30.00543212890625,29.342748641967773,29.636066436767578,4947503
2011-10-07,23.43606185913086,30.22813606262207,30.48886489868164,29.89679527282715,30.070613861083984,6598696
2011-10-10,24.02564811706543,30.98859214782715,31.11895751953125,30.63552474975586,30.63552474975586,4541379
2011-10-11,23.629779815673828,30.47800064086914,30.9940242767334,30.315046310424805,30.96143341064453,3961096
2011-10-12,22.909645080566406,29.549158096313477,30.678979873657227,28.826725006103516,30.61922836303711,23900598
2011-10-13,23.330774307250977,30.09234046936035,30.277023315429688,29.440521240234375,29.929386138916016,7244151
2011-10-14,23.549766540527344,30.37479591369629,30.48886489868164,30.13036346435547,30.461706161499023,4559605
2011-10-17,23.044414520263672,29.722976684570312,30.309614181518555,29.641498565673828,30.190113067626953,5414381
2011-10-18,23.465539932250977,30.266159057617188,30.62466049194336,29.435089111328125,29.61433982849121,5673594
2011-10-19,23.166540145874023,29.88050079345703,30.499727249145508,29.782726287841797,30.211841583251953,5652606
2011-10-20,22.682235717773438,29.25583839416504,29.61433982849121,28.680065155029297,29.462249755859375,12040324
2011-10-21,23.08231544494629,29.77186393737793,29.972841262817383,29.36447525024414,29.494840621948242,7470962
2011-10-24,23.318138122558594,30.076045989990234,30.11406707763672,29.63063621520996,29.842477798461914,6079718
2011-10-25,22.808568954467773,29.418794631958008,30.038022994995117,29.353612899780273,29.945682525634766,4010250
2011-10-26,23.16232681274414,29.87506866455078,30.043455123901367,29.445953369140625,29.674089431762695,9034523
2011-10-27,23.419212341308594,30.206409454345703,30.592069625854492,29.86420440673828,30.499727249145508,9641685
2011-10-28,23.233915328979492,29.967409133911133,30.282455444335938,29.9022274017334,30.206409454345703,8960331
2011-10-31,23.153900146484375,29.86420440673828,30.09234046936035,29.657794952392578,29.712112426757812,8340651
2011-11-01,22.539047241210938,29.071157455444336,29.52743148803711,28.957088470458984,29.185224533081055,8302726
2011-11-02,22.981233596801758,29.641498565673828,29.815317153930664,29.152633666992188,29.500272750854492,8473018
2011-11-03,23.16232681274414,29.87506866455078,29.983705520629883,29.52743148803711,29.956544876098633,7579397
2011-11-04,22.61064338684082,29.163497924804688,29.75013542175293,28.680065155029297,29.679521560668945,8892214
2011-11-07,22.943328857421875,29.592613220214844,29.62520408630371,29.01140785217285,29.065725326538086,5036976
2011-11-08,22.95596694946289,29.60890769958496,29.76643180847168,29.38620376586914,29.722976684570312,9417451
2011-11-09,22.366382598876953,28.848451614379883,29.353612899780273,28.799564361572266,29.185224533081055,6397291
2011-11-10,22.602216720581055,29.152633666992188,29.304725646972656,28.962520599365234,28.97881507873535,5395419
2011-11-11,23.019142150878906,29.690385818481445,29.831613540649414,29.337316513061523,29.413362503051758,4250501
2011-11-14,22.72856330871582,29.315589904785156,29.652362823486328,29.25040626525879,29.51113510131836,3070788
2011-11-15,22.981233596801758,29.641498565673828,29.75556755065918,29.293861389160156,29.321020126342773,5884204
2011-11-16,22.711713790893555,29.293861389160156,29.820749282836914,29.168930053710938,29.445953369140625,6268053
2011-11-17,21.629398345947266,27.89788246154785,29.244976043701172,27.77294921875,29.054861068725586,13672187
2011-11-18,21.233537673950195,27.38728904724121,27.952199935913086,27.30581283569336,27.827268600463867,15554977
2011-11-21,20.677640914916992,26.6702880859375,27.316675186157227,26.6702880859375,27.007061004638672,11178552
2011-11-22,20.50497055053711,26.447582244873047,26.822378158569336,26.40955924987793,26.719173431396484,8188400
2011-11-23,20.14280128479004,25.980445861816406,26.246604919433594,25.980445861816406,26.241172790527344,7853154
2011-11-25,20.09647560119629,25.92069435119629,26.219446182250977,25.904399871826172,25.904399871826172,2077753
2011-11-28,20.64815902709961,26.632265090942383,26.827810287475586,26.262901306152344,26.262901306152344,6016204
2011-11-29,20.812410354614258,26.844106674194336,27.017925262451172,26.637697219848633,26.692014694213867,8623244
2011-11-30,21.7557373046875,28.060836791992188,28.093427658081055,27.452470779418945,27.745790481567383,9432916
2011-12-01,21.953676223754883,28.316133499145508,28.473655700683594,27.963064193725586,27.984790802001953,7463966
2011-12-02,21.671512603759766,27.952199935913086,28.66920280456543,27.832700729370117,28.51167869567871,6360839
2011-12-05,21.73468780517578,28.033676147460938,28.609451293945312,27.816404342651367,28.343292236328125,5833577
2011-12-06,21.768373489379883,28.077131271362305,28.245519638061523,27.89788246154785,28.109722137451172,5182231
2011-12-07,21.507692337036133,27.561107635498047,27.794677734375,27.40901756286621,27.794677734375,8489587
2011-12-08,20.973594665527344,26.876697540283203,27.51765251159668,26.827810287475586,27.430744171142578,7978158
2011-12-09,21.350852966308594,27.360130310058594,27.468767166137695,27.012493133544922,27.04508399963379,5415486
2011-12-12,21.092281341552734,27.028789520263672,27.332971572875977,26.882129669189453,27.316675186157227,6230312
2011-12-13,20.89730453491211,26.7789249420166,27.191743850708008,26.719173431396484,27.05051612854004,9497535
2011-12-14,20.52004623413086,26.29549217224121,26.7680606842041,26.257469177246094,26.719173431396484,8515914
2011-12-15,20.49885368347168,26.26833152770996,26.648561477661133,26.224878311157227,26.333513259887695,6813541
2011-12-16,20.380159378051758,26.116241455078125,26.507333755493164,26.05105972290039,26.43671989440918,9269619
2011-12-19,20.19789695739746,25.882671356201172,26.387832641601562,25.828353881835938,26.349809646606445,5141913
2011-12-20,20.757421493530273,26.599674224853516,26.637697219848633,25.909832000732422,25.969581604003906,4780709
2011-12-21,20.9693603515625,26.871265411376953,26.91472053527832,26.56708335876465,26.621400833129883,6135501
2011-12-22,21.092281341552734,27.028789520263672,27.104833602905273,26.81694793701172,26.887561798095703,4428157
2011-12-23,21.2152099609375,27.186311721801758,27.186311721801758,26.985334396362305,27.14828872680664,3707406
2011-12-27,20.990550994873047,26.89842414855957,27.088539123535156,26.844106674194336,27.072242736816406,4208526
2011-12-28,20.926969528198242,26.81694793701172,26.941879272460938,26.615970611572266,26.936447143554688,4844223
2011-12-29,21.104995727539062,27.04508399963379,27.083106994628906,26.7680606842041,26.871265411376953,3427206
2011-12-30,20.973594665527344,26.876697540283203,27.088539123535156,26.849538803100586,26.985334396362305,2729467
2012-01-03,21.422910690307617,27.452470779418945,27.577404022216797,27.229766845703125,27.229766845703125,6193308
2012-01-04,21.049898147583008,26.974470138549805,27.441608428955078,26.947311401367188,27.327539443969727,4873311
2012-01-05,21.049898147583008,26.974470138549805,27.186311721801758,26.958175659179688,27.093971252441406,5703418
2012-01-06,21.253355026245117,27.235197067260742,27.370994567871094,26.887561798095703,27.028789520263672,6078062
2012-01-09,21.083810806274414,27.017925262451172,27.370994567871094,26.952743530273438,27.213470458984375,6418278
2012-01-10,21.27031707763672,27.256925582885742,27.322107315063477,27.126562118530273,27.175447463989258,4906449
2012-01-11,21.558549880981445,27.62628936767578,27.6643123626709,27.099401473999023,27.13199234008789,7079750
2012-01-12,21.952762603759766,28.131450653076172,28.234655380249023,27.6860408782959,27.696903228759766,6796236
2012-01-13,21.745059967041016,27.865291595458984,28.00108528137207,27.843563079833984,27.91417694091797,6286279
2012-01-17,22.01634407043457,28.212928771972656,28.381315231323242,28.104291915893555,28.16947364807129,6229024
2012-01-18,21.935806274414062,28.109722137451172,28.26181411743164,27.93047332763672,28.218360900878906,10080580
2012-01-19,22.304580688476562,28.582292556762695,28.962520599365234,28.109722137451172,28.126018524169922,9694890
2012-01-20,22.33001708984375,28.614883422851562,28.66920280456543,28.381315231323242,28.64204216003418,6239149
2012-01-23,22.372406005859375,28.66920280456543,28.76154327392578,28.544269561767578,28.582292556762695,6220923
2012-01-24,22.724231719970703,29.12004280090332,29.348180770874023,28.7887020111084,29.087451934814453,9160632
2012-01-25,23.046375274658203,29.53286361694336,29.554590225219727,28.97881507873535,28.98967933654785,8309538
2012-01-26,23.588937759399414,30.22813606262207,30.787614822387695,29.576316833496094,29.815317153930664,11191623
2012-01-27,23.682193756103516,30.347637176513672,30.37479591369629,29.9891357421875,30.162954330444336,8283948
2012-01-30,23.44057846069336,30.038022994995117,30.184682846069336,29.782726287841797,30.070613861083984,6851650
2012-01-31,23.516874313354492,30.13579559326172,30.293319702148438,30.0,30.11406707763672,8767947
2012-02-01,23.885650634765625,30.60836410522461,30.689842224121094,30.200977325439453,30.26072883605957,9195427
2012-02-02,23.966196060180664,30.711570739746094,30.793046951293945,30.554046630859375,30.646387100219727,7167013
2012-02-03,24.17813491821289,30.98316192626953,31.0048885345459,30.776752471923828,30.86366081237793,6993775
2012-02-06,24.207809448242188,31.02118492126465,31.026615142822266,30.782184600830078,31.02118492126465,4718115
2012-02-07,24.16965675354004,30.97229766845703,31.042911529541016,30.72243309020996,30.87995719909668,5782949
2012-02-08,24.190847396850586,30.99945640563965,31.01032066345215,30.74416160583496,30.907115936279297,3602101
2012-02-09,24.076400756835938,30.85279655456543,30.98316192626953,30.597501754760742,30.97772979736328,4450986
2012-02-10,24.093353271484375,30.87452507019043,30.87452507019043,30.532318115234375,30.700706481933594,4801144
2012-02-13,24.17813491821289,30.98316192626953,30.98859214782715,30.85279655456543,30.98859214782715,3682552
2012-02-14,24.15694236755371,30.95600128173828,30.95600128173828,30.63552474975586,30.825637817382812,4553898
2012-02-15,24.093353271484375,30.87452507019043,30.95600128173828,30.72243309020996,30.95600128173828,4615571
2012-02-16,24.067930221557617,30.841934204101562,30.99945640563965,30.798479080200195,30.917978286743164,5580992
2012-02-17,24.148468017578125,30.945138931274414,31.01032066345215,30.765888214111328,30.928842544555664,5470900
2012-02-21,24.00858497619629,30.765888214111328,30.945138931274414,30.684410095214844,30.945138931274414,3406955
2012-02-22,24.00858497619629,30.765888214111328,30.85279655456543,30.60836410522461,30.62466049194336,4147957
2012-02-23,23.98739242553711,30.73872947692871,30.825637817382812,30.63552474975586,30.684410095214844,3384494
2012-02-24,24.432458877563477,31.309070587158203,31.35795783996582,30.825637817382812,30.836502075195312,5196775
2012-02-27,24.563859939575195,31.47745704650879,31.60782241821289,31.10809326171875,31.140684127807617,4580592
2012-02-28,24.678312301635742,31.624116897583008,31.71645736694336,31.49375343322754,31.548072814941406,3952811
2012-02-29,24.640167236328125,31.575231552124023,31.71645736694336,31.450298309326172,31.656707763671875,5458381
2012-03-01,24.712228775024414,31.667572021484375,31.711027145385742,31.33622932434082,31.51548194885254,5780924
2012-03-02,24.576589584350586,31.49375343322754,31.683866500854492,31.325366973876953,31.683866500854492,3982267
2012-03-05,24.51723861694336,31.417707443237305,31.586095809936523,31.25475311279297,31.455730438232422,4319907
2012-03-06,24.364643096923828,31.2221622467041,31.35795783996582,31.13525390625,31.2221622467041,3930351
2012-03-07,24.498943328857422,31.2112979888916,31.276479721069336,31.02118492126465,31.113525390625,4923939
2012-03-08,25.155548095703125,32.04779815673828,32.08039093017578,31.423139572143555,31.466594696044922,7928267
2012-03-09,25.108646392822266,31.98805046081543,32.11298370361328,31.917436599731445,32.0315055847168,5332641
2012-03-12,25.010576248168945,31.863117218017578,32.11298370361328,31.84682273864746,31.922868728637695,3473783
2012-03-13,25.47105598449707,32.44975662231445,32.46604919433594,32.01520919799805,32.04779815673828,5099202
2012-03-14,25.407106399536133,32.36827850341797,32.51493835449219,32.259639739990234,32.38457489013672,3602837
2012-03-15,25.488107681274414,32.47148132324219,32.52037048339844,32.265071868896484,32.34654998779297,3902920
2012-03-16,25.500904083251953,32.48777770996094,32.54752731323242,32.35741424560547,32.49320983886719,5150382
2012-03-19,25.390052795410156,32.34654998779297,32.56382369995117,32.32482147216797,32.46604919433594,4684240
2012-03-20,25.377256393432617,32.33025360107422,32.37914276123047,32.183597564697266,32.183597564697266,4030317
2012-03-21,25.326093673706055,32.265071868896484,32.4117317199707,32.2379150390625,32.34111785888672,3554235
2012-03-22,25.25787925720215,32.178165435791016,32.24334716796875,32.05866241455078,32.123844146728516,4030317
2012-03-23,25.287721633911133,32.2161865234375,32.35741424560547,32.151004791259766,32.265071868896484,3011140
2012-03-26,25.56060028076172,32.56382369995117,32.58555221557617,32.41716384887695,32.41716384887695,4272961
2012-03-27,25.692773818969727,32.73221206665039,32.884300231933594,32.4334602355957,32.58555221557617,5888623
2012-03-28,25.407106399536133,32.36827850341797,32.85171127319336,32.270503997802734,32.753936767578125,5603820
2012-03-29,25.377256393432617,32.33025360107422,32.4008674621582,32.08039093017578,32.183597564697266,3593632
2012-03-30,25.488107681274414,32.47148132324219,32.80825424194336,32.3900032043457,32.54209518432617,5453594
2012-04-02,25.688507080078125,32.72677993774414,32.753936767578125,32.35741424560547,32.3900032043457,4067505
2012-04-03,25.697025299072266,32.73764419555664,32.84084701538086,32.58012008666992,32.68875503540039,3919305
2012-04-04,25.47958755493164,32.46062088012695,32.58555221557617,32.265071868896484,32.53666687011719,4206317
2012-04-05,25.398578643798828,32.35741424560547,32.38457489013672,32.09125518798828,32.37371063232422,3805715
2012-04-09,24.9295711517334,31.759912490844727,32.08582305908203,31.749048233032227,32.06409454345703,3374921
2012-04-10,24.58848762512207,31.325366973876953,31.776208877563477,31.319934844970703,31.656707763671875,4578935
2012-04-11,24.78461265563965,31.575231552124023,31.705595016479492,31.472026824951172,31.645845413208008,3494402
2012-04-12,25.03190040588379,31.890277862548828,31.944595336914062,31.49375343322754,31.629549026489258,3492009
2012-04-13,24.741975784301758,31.520912170410156,31.933731079101562,31.51004981994629,31.83595848083496,3591423
2012-04-16,23.06635856628418,29.38620376586914,30.554046630859375,29.304725646972656,30.195545196533203,23954356
2012-04-17,23.296592712402344,29.679521560668945,30.038022994995117,29.62520408630371,29.88593292236328,12436139
2012-04-18,23.190004348754883,29.543725967407227,29.75556755065918,29.538293838500977,29.60347557067871,6399684
2012-04-19,23.1004695892334,29.429658889770508,30.048885345458984,29.217815399169922,29.9022274017334,7720049
2012-04-20,23.096210479736328,29.424226760864258,29.712112426757812,29.282997131347656,29.53286361694336,7396586
2012-04-23,23.07488250732422,29.397066116333008,29.402498245239258,29.14177131652832,29.158065795898438,5061461
2012-04-24,23.347755432128906,29.74470329284668,29.782726287841797,29.342748641967773,29.489408493041992,5783870
2012-04-25,23.428768157958984,29.847909927368164,30.032590866088867,29.74470329284668,30.032590866088867,5022800
2012-04-26,23.31791877746582,29.706680297851562,29.956544876098633,29.663227081298828,29.86420440673828,5014148
2012-04-27,23.488454818725586,29.923954010009766,30.162954330444336,29.722976684570312,29.88593292236328,5233779
2012-04-30,23.62489128112793,30.0977725982666,30.12493133544922,29.9022274017334,29.9022274017334,4686818
2012-05-01,23.740018844604492,30.24443244934082,30.38566017150879,29.956544876098633,30.0108642578125,4296342
2012-05-02,23.64621925354004,30.12493133544922,30.23900032043457,29.951114654541016,30.162954330444336,4778131
2012-05-03,23.620630264282227,30.09234046936035,30.46713638305664,30.043455123901367,30.23356819152832,4920993
2012-05-04,23.30085563659668,29.684953689575195,30.076045989990234,29.674089431762695,30.070613861083984,4265045
2012-05-07,23.356281280517578,29.75556755065918,29.86963653564453,29.62520408630371,29.62520408630371,5001997
2012-05-08,23.373340606689453,29.777294158935547,29.815317153930664,29.52743148803711,29.560022354125977,5163269
2012-05-09,23.13457489013672,29.473112106323242,29.62520408630371,29.27213478088379,29.489408493041992,4583906
2012-05-10,23.202795028686523,29.560022354125977,29.85877227783203,29.500272750854492,29.61977195739746,3318587
2012-05-11,23.057832717895508,29.37533950805664,29.679521560668945,29.36447525024414,29.489408493041992,4694182
2012-05-14,22.793485641479492,29.03856658935547,29.168930053710938,28.821292877197266,29.13090705871582,5027403
2012-05-15,22.69542121887207,28.913633346557617,29.12547492980957,28.859315872192383,29.03313446044922,3734469
2012-05-16,22.520614624023438,28.690929412841797,29.02770233154297,28.680065155029297,28.9951114654541,4292476
2012-05-17,22.260530471801758,28.359586715698242,28.799564361572266,28.354154586791992,28.696361541748047,5266549
2012-05-18,21.962072372436523,27.979358673095703,28.457359313964844,27.8815860748291,28.365018844604492,5810932
2012-05-21,22.22641944885254,28.316133499145508,28.354154586791992,28.00651741027832,28.00651741027832,4097330
2012-05-22,22.1539363861084,28.223791122436523,28.49538230895996,28.104291915893555,28.49538230895996,3744962
2012-05-23,22.141149520874023,28.207496643066406,28.245519638061523,27.88701820373535,28.104291915893555,5025746
2012-05-24,22.27758026123047,28.381315231323242,28.413904190063477,28.17490577697754,28.28354263305664,2843240
2012-05-25,22.166728973388672,28.240087509155273,28.576860427856445,28.185768127441406,28.375883102416992,3431440
2012-05-29,21.987653732299805,28.01194953918457,28.48995018005371,27.963064193725586,28.413904190063477,5133444
2012-05-30,21.898115158081055,27.89788246154785,28.033676147460938,27.80010986328125,27.935903549194336,6368940
2012-05-31,21.582605361938477,27.495925903320312,27.946767807006836,27.463335037231445,27.90331268310547,7326812
2012-06-01,21.390737533569336,27.251493453979492,27.425312042236328,27.170015335083008,27.29494857788086,6546596
2012-06-04,21.343835830688477,27.191743850708008,27.38728904724121,27.104833602905273,27.316675186157227,5178549
2012-06-05,21.416318893432617,27.28408432006836,27.332971572875977,27.012493133544922,27.104833602905273,5731217
2012-06-06,21.61591339111328,27.354698181152344,27.38728904724121,27.164583206176758,27.38728904724121,4613730
2012-06-07,21.66741943359375,27.419879913330078,27.713199615478516,27.365562438964844,27.62628936767578,6429693
2012-06-08,21.72751235961914,27.495925903320312,27.52851676940918,27.29494857788086,27.349266052246094,6053576
2012-06-11,21.500022888183594,27.208038330078125,27.702335357666016,27.202606201171875,27.62628936767578,3785648
2012-06-12,21.628787994384766,27.370994567871094,27.370994567871094,26.90385627746582,27.235197067260742,5114850
2012-06-13,21.375553131103516,27.05051612854004,27.53394889831543,26.985334396362305,27.332971572875977,4632140
2012-06-14,21.0450382232666,26.632265090942383,27.267789840698242,26.605106353759766,27.05051612854004,9630271
2012-06-15,21.160934448242188,26.7789249420166,26.887561798095703,26.66485595703125,26.80065155029297,12189997
2012-06-18,21.42705535888672,27.115697860717773,27.15372085571289,26.697446823120117,26.746334075927734,5055202
2012-06-19,22.122407913208008,27.995655059814453,28.115154266357422,27.490493774414062,27.64258575439453,7298645
2012-06-20,22.203950881958008,28.098859786987305,28.207496643066406,27.707767486572266,27.995655059814453,7340803
2012-06-21,22.09665298461914,27.963064193725586,28.576860427856445,27.91417694091797,28.185768127441406,11978282
2012-06-22,22.26404571533203,28.17490577697754,28.245519638061523,27.76751708984375,28.066268920898438,8429571
2012-06-25,22.058021545410156,27.91417694091797,28.087995529174805,27.745790481567383,28.087995529174805,5549695
2012-06-26,21.99363899230957,27.832700729370117,28.01194953918457,27.756654739379883,27.91417694091797,4810349
2012-06-27,22.35847282409668,28.294404983520508,28.343292236328125,27.762086868286133,27.762086868286133,4941244
2012-06-28,22.13957405090332,28.01738166809082,28.27811050415039,27.756654739379883,28.191200256347656,3781046
2012-06-29,22.81345558166504,28.87017822265625,28.8756103515625,28.294404983520508,28.381315231323242,6624286
2012-07-02,23.118213653564453,29.25583839416504,29.26670265197754,28.913633346557617,29.03313446044922,5825292
2012-07-03,23.272737503051758,29.451385498046875,29.467681884765625,29.13090705871582,29.25040626525879,4271120
2012-07-05,23.182601928710938,29.337316513061523,29.50570297241211,29.217815399169922,29.413362503051758,3712192
2012-07-06,22.998035430908203,29.103748321533203,29.217815399169922,29.060293197631836,29.14720344543457,3609281
2012-07-09,23.221229553222656,29.38620376586914,29.38620376586914,29.04943084716797,29.158065795898438,6216321
2012-07-10,23.09245491027832,29.223247528076172,29.549158096313477,29.13633918762207,29.549158096313477,5412540
2012-07-11,23.165428161621094,29.315589904785156,29.36990737915039,29.103748321533203,29.14720344543457,5057227
2012-07-12,23.118213653564453,29.25583839416504,29.337316513061523,29.065725326538086,29.12547492980957,9452799
2012-07-13,23.40579605102539,29.61977195739746,29.652362823486328,29.217815399169922,29.26127052307129,3999941
2012-07-16,23.500226974487305,29.73927116394043,29.76643180847168,29.52743148803711,29.543725967407227,4284007
2012-07-17,23.8994083404541,30.24443244934082,30.331342697143555,29.652362823486328,29.86963653564453,10198772
2012-07-18,24.109725952148438,30.510591506958008,30.526887893676758,30.11406707763672,30.287887573242188,5662916
2012-07-19,24.22562026977539,30.657251358032227,31.091798782348633,30.586637496948242,30.96143341064453,6657608
2012-07-20,24.12689781188965,30.532318115234375,30.662683486938477,30.309614181518555,30.63009262084961,6153358
2012-07-23,23.804975509643555,30.12493133544922,30.24443244934082,29.951114654541016,30.23356819152832,3701515
2012-07-24,23.590364456176758,29.85334014892578,30.298751831054688,29.62520408630371,30.152090072631836,4004359
2012-07-25,24.39302635192871,30.86909294128418,31.097230911254883,30.418251037597656,30.510591506958008,9814371
2012-07-26,24.783618927001953,31.363388061523438,31.395980834960938,30.934274673461914,31.20586585998535,6981440
2012-07-27,25.624910354614258,32.42802810668945,32.56925582885742,31.401411056518555,31.47745704650879,9479125
2012-07-30,25.311565399169922,32.0315055847168,32.38457489013672,31.890277862548828,32.35198211669922,5818665
2012-07-31,25.11412239074707,31.781639099121094,32.319393157958984,31.765344619750977,32.0315055847168,5683351
2012-08-01,25.165632247924805,31.84682273864746,32.194461822509766,31.82509422302246,31.98805046081543,5928572
2012-08-02,24.873750686645508,31.47745704650879,31.689298629760742,31.178707122802734,31.651275634765625,4339237
2012-08-03,25.294403076171875,32.0097770690918,32.06409454345703,31.83595848083496,31.879413604736328,3892979
2012-08-06,25.17850685119629,31.863117218017578,32.22161865234375,31.863117218017578,32.05323028564453,4688843
2012-08-07,25.371654510498047,32.10755157470703,32.178165435791016,31.765344619750977,31.776208877563477,3757665
2012-08-08,25.217138290405273,31.912004470825195,32.09125518798828,31.74361801147461,32.05866241455078,4566232
2012-08-09,25.230016708374023,31.928300857543945,32.04779815673828,31.792503356933594,31.792503356933594,2605567
2012-08-10,25.255767822265625,31.960891723632812,31.966323852539062,31.72732162475586,31.83595848083496,2294807
2012-08-13,25.212841033935547,31.906572341918945,32.09668731689453,31.71645736694336,31.792503356933594,3038939
2012-08-14,25.367366790771484,32.10211944580078,32.129276275634766,31.85225486755371,32.05323028564453,3594737
2012-08-15,25.513307571411133,32.286800384521484,32.44975662231445,32.0315055847168,32.09125518798828,5874631
2012-08-16,25.290103912353516,32.00434494018555,32.3900032043457,31.960891723632812,32.37371063232422,3647205
2012-08-17,25.28152084350586,31.99348258972168,32.11841583251953,31.83052635192871,32.0206413269043,3687155
2012-08-20,25.24289321899414,31.944595336914062,32.03693771362305,31.84682273864746,31.98805046081543,2066707
2012-08-21,25.234304428100586,31.933731079101562,32.161869049072266,31.863117218017578,31.933731079101562,2626923
2012-08-22,25.03256607055664,31.678436279296875,31.97175407409668,31.50461769104004,31.933731079101562,3235558
2012-08-23,25.0111083984375,31.651275634765625,31.770776748657227,31.51548194885254,31.683866500854492,2697065
2012-08-24,25.217138290405273,31.912004470825195,31.98261833190918,31.428571701049805,31.558935165405273,2637969
2012-08-27,25.264352798461914,31.97175407409668,32.2161865234375,31.776208877563477,31.781639099121094,2665584
2012-08-28,25.165632247924805,31.84682273864746,32.02607345581055,31.689298629760742,31.84682273864746,3834067
2012-08-29,25.15703773498535,31.83595848083496,31.939163208007812,31.770776748657227,31.84682273864746,3073181
2012-08-30,25.0883731842041,31.749048233032227,31.868549346923828,31.51004981994629,31.705595016479492,2842320
2012-08-31,25.18709373474121,31.873981475830078,32.04779815673828,31.776208877563477,31.97175407409668,3175909
2012-09-04,25.28152084350586,31.99348258972168,32.11298370361328,31.60782241821289,31.83052635192871,3392227
2012-09-05,25.12148666381836,31.548072814941406,31.797935485839844,31.47745704650879,31.776208877563477,4184041
2012-09-06,25.536718368530273,32.06952667236328,32.07495880126953,31.700162887573242,31.765344619750977,3878987
2012-09-07,25.597265243530273,32.145572662353516,32.194461822509766,32.0206413269043,32.09668731689453,3043541
2012-09-10,25.66214942932129,32.22705078125,32.35198211669922,31.917436599731445,32.0423698425293,3736125
2012-09-11,25.822193145751953,32.42802810668945,32.44975662231445,32.183597564697266,32.22705078125,4498115
2012-09-12,26.081701278686523,32.753936767578125,32.84627914428711,32.44975662231445,32.53666687011719,6104756
2012-09-13,26.285001754760742,33.00923538208008,33.18305206298828,32.59641647338867,32.59641647338867,7935815
2012-09-14,26.159564971923828,32.85171127319336,33.248233795166016,32.68875503540039,32.98207473754883,7543498
2012-09-17,26.384477615356445,33.1341667175293,33.19391632080078,32.770233154296875,32.781097412109375,4306283
2012-09-18,26.367176055908203,33.1124382019043,33.21021270751953,33.02553176879883,33.1233024597168,3419658
2012-09-19,26.2979793548584,33.02553176879883,33.242801666259766,33.02553176879883,33.22107696533203,5175235
2012-09-20,26.384477615356445,33.1341667175293,33.20478057861328,32.911460876464844,32.98750686645508,5215369
2012-09-21,26.388809204101562,33.13959884643555,33.21564483642578,33.02009963989258,33.18848419189453,5164926
2012-09-24,26.449359893798828,33.21564483642578,33.3297119140625,32.60728073120117,32.645301818847656,5151670
2012-09-25,26.310949325561523,33.04182434082031,33.49810028076172,32.99837112426758,33.340576171875,5197511
2012-09-26,25.87841796875,32.49864196777344,32.906028747558594,32.37914276123047,32.748504638671875,8246760
2012-09-27,26.051420211791992,32.71591567993164,32.86257553100586,32.48234558105469,32.645301818847656,4131388
2012-09-28,26.068723678588867,32.73764419555664,32.802825927734375,32.4117317199707,32.770233154296875,4686818
2012-10-01,25.990875244140625,32.639869689941406,33.04725646972656,32.58555221557617,32.81911849975586,4647973
2012-10-02,26.155229568481445,32.84627914428711,32.895164489746094,32.49864196777344,32.72677993774414,4259890
2012-10-03,26.4580078125,33.226505279541016,33.373165130615234,32.83541488647461,32.949485778808594,5664389
2012-10-04,26.708879470825195,33.54155349731445,33.61216735839844,33.17761993408203,33.36773681640625,4055723
2012-10-05,26.7867374420166,33.63932418823242,33.66648483276367,33.427486419677734,33.60673522949219,3303490
2012-10-08,26.739154815673828,33.57957458496094,33.65018844604492,33.46550750732422,33.59587097167969,2608513
2012-10-09,26.159564971923828,32.85171127319336,33.47637176513672,32.72134780883789,33.47637176513672,6388454
2012-10-10,26.31960105895996,33.05268859863281,33.33514404296875,32.753936767578125,32.85171127319336,6849625
2012-10-11,26.367176055908203,33.1124382019043,33.31884765625,32.99837112426758,33.21021270751953,3961832
2012-10-12,26.250394821166992,32.96577835083008,33.231937408447266,32.85714340209961,33.19934844970703,5018198
2012-10-15,26.354196548461914,33.09614181518555,33.12873458862305,32.922325134277344,33.03639221191406,3389649
2012-10-16,26.613725662231445,33.422054290771484,33.47093963623047,33.18848419189453,33.248233795166016,4355622
2012-10-17,26.78240203857422,33.63389587402344,33.67734909057617,33.22107696533203,33.46007537841797,5879602
2012-10-18,27.137081146240234,34.07930374145508,34.2476921081543,33.36773681640625,33.36773681640625,7686727
2012-10-19,26.78240203857422,33.63389587402344,34.14448547363281,33.5578498840332,34.07930374145508,5276490
2012-10-22,26.808366775512695,33.66648483276367,33.775123596191406,33.400325775146484,33.48180389404297,4068610
2012-10-23,26.354196548461914,33.09614181518555,33.427486419677734,33.03096008300781,33.394893646240234,3736494
2012-10-24,26.483966827392578,33.259098052978516,33.51982498168945,33.18848419189453,33.248233795166016,4199873
2012-10-25,26.566144943237305,33.3623046875,33.61759948730469,33.12873458862305,33.5361213684082,3304595
2012-10-26,26.453691482543945,33.22107696533203,33.45464324951172,33.03639221191406,33.297119140625,3227457
2012-10-31,27.089502334594727,34.019554138183594,34.19880676269531,33.269962310791016,33.55241775512695,9024766
2012-11-01,27.513383865356445,34.55187225341797,34.75285339355469,33.921783447265625,34.014122009277344,8254676
2012-11-02,28.006471633911133,35.171104431152344,35.25801086425781,34.6279182434082,34.76371383666992,11367070
2012-11-05,28.218416213989258,35.43726348876953,35.464420318603516,34.872352600097656,34.883216857910156,8514257
2012-11-06,28.581741333007812,35.89353561401367,36.235740661621094,35.32319259643555,35.41010284423828,8648834
2012-11-07,28.34818458557129,35.600215911865234,35.84465026855469,35.07876205444336,35.71971893310547,8470257
2012-11-08,27.937273025512695,35.08419418334961,35.7740364074707,35.07876205444336,35.57305908203125,8959595
2012-11-09,27.798851013183594,34.91037368774414,35.143943786621094,34.845191955566406,34.90494155883789,8274190
2012-11-12,28.140565872192383,35.3394889831543,35.57305908203125,34.91037368774414,35.05160140991211,6839315
2012-11-13,28.525514602661133,35.82292175292969,36.04562759399414,35.002716064453125,35.19282913208008,9078707
2012-11-14,28.131912231445312,35.3286247253418,36.32808303833008,35.25801086425781,36.002174377441406,6714863
2012-11-15,28.503889083862305,35.79576110839844,35.85008239746094,35.21455764770508,35.30146789550781,7759631
2012-11-16,28.555789947509766,35.86094665527344,36.01303482055664,35.524173736572266,35.7740364074707,8768867
2012-11-19,28.759084701538086,36.116241455078125,36.18142318725586,35.7414436340332,36.105377197265625,6954193
2012-11-20,28.676897048950195,36.01303482055664,36.214012145996094,35.66539764404297,36.05105972290039,4929830
2012-11-21,28.599042892456055,35.91526412963867,36.06735610961914,35.7849006652832,36.04019546508789,3142219
2012-11-23,29.762556076049805,37.376426696777344,37.43074417114258,35.88810348510742,36.007606506347656,6494496
2012-11-26,28.91046905517578,36.30635452270508,37.02878952026367,36.02389907836914,37.01792526245117,9814555
2012-11-27,28.46495246887207,35.74687576293945,36.252037048339844,35.70342254638672,36.116241455078125,5546381
2012-11-28,28.542810440063477,35.84465026855469,35.85551452636719,35.41553497314453,35.67082977294922,6887365
2012-11-29,28.529834747314453,35.82835388183594,36.04562759399414,35.627376556396484,35.991310119628906,4357463
2012-11-30,28.66392707824707,35.996742248535156,36.089080810546875,35.69799041748047,35.93156051635742,5853644
2012-12-03,28.460634231567383,35.7414436340332,36.19228744506836,35.69255828857422,36.17599105834961,3546871
2012-12-04,28.209762573242188,35.42639923095703,35.79033279418945,35.21998977661133,35.632808685302734,6104572
2012-12-05,28.079116821289062,35.019012451171875,35.38294219970703,34.883216857910156,35.38294219970703,6238597
2012-12-06,28.06168556213379,34.997283935546875,35.08962631225586,34.68767166137695,35.035308837890625,6889206
2012-12-07,28.340421676635742,35.34492111206055,35.44269561767578,34.980987548828125,35.11135482788086,4910868
2012-12-10,28.523357391357422,35.57305908203125,35.70885467529297,35.20369338989258,35.3394889831543,5175235
2012-12-11,28.606098175048828,35.67626190185547,35.86637878417969,35.42639923095703,35.5567626953125,4020744
2012-12-12,28.667083740234375,35.7523078918457,36.14883041381836,35.67626190185547,35.7414436340332,4681295
2012-12-13,28.59739112854004,35.66539764404297,35.81748962402344,35.475284576416016,35.7414436340332,3166336
2012-12-14,28.72369956970215,35.82292175292969,35.980445861816406,35.464420318603516,35.464420318603516,4389680
2012-12-17,28.889205932617188,36.02933120727539,36.04019546508789,35.82292175292969,35.83921813964844,3788778
2012-12-18,29.159231185913086,36.36610412597656,36.44758224487305,35.953285217285156,36.089080810546875,5094415
2012-12-19,28.919692993164062,36.06735610961914,36.577945709228516,36.05649185180664,36.39869689941406,4180543
2012-12-20,29.52944564819336,36.82781219482422,36.82781219482422,36.13796615600586,36.13796615600586,5513243
2012-12-21,29.289899826049805,36.52906036376953,36.77892303466797,36.18142318725586,36.66485595703125,8019212
2012-12-24,29.167945861816406,36.37696838378906,36.4530143737793,36.230308532714844,36.39326477050781,1606641
2012-12-26,28.82822608947754,35.953285217285156,36.41499328613281,35.7849006652832,36.40956115722656,2915592
2012-12-27,28.976306915283203,36.13796615600586,36.273765563964844,35.69799041748047,36.04019546508789,3280846
2012-12-28,28.5669002532959,35.627376556396484,36.105377197265625,35.621944427490234,35.958717346191406,2816546
2012-12-31,29.032930374145508,36.20858383178711,36.214012145996094,35.507877349853516,35.638240814208984,3866100
2013-01-02,29.46411895751953,36.746334075927734,36.751766204833984,36.42585754394531,36.588809967041016,4907922
2013-01-03,29.520729064941406,36.81694793701172,36.8441047668457,36.6376953125,36.708309173583984,4655521
2013-01-04,29.803834915161133,37.17001724243164,37.19174575805664,36.68658447265625,36.8658332824707,4525730
2013-01-07,29.834314346313477,37.208038330078125,37.327537536621094,36.80608367919922,36.96360778808594,4728609
2013-01-08,29.803834915161133,37.17001724243164,37.45790481567383,36.93644714355469,37.251495361328125,4309965
2013-01-09,29.786405563354492,37.14828872680664,37.327537536621094,36.93644714355469,37.01792526245117,6439082
2013-01-10,29.803834915161133,37.17001724243164,37.376426696777344,37.066810607910156,37.31124496459961,5150382
2013-01-11,30.030311584472656,37.45247268676758,37.47962951660156,37.13742446899414,37.30581283569336,4542299
2013-01-14,29.629621505737305,36.95274353027344,37.45247268676758,36.89299392700195,37.45247268676758,5587251
2013-01-15,29.198440551757812,36.41499328613281,37.13199234008789,36.41499328613281,36.87126541137695,7900467
2013-01-16,28.971956253051758,36.132537841796875,36.40412902832031,36.099945068359375,36.38783264160156,8167044
2013-01-17,29.263771057128906,36.49646759033203,36.621402740478516,36.15969467163086,36.273765563964844,9650522
2013-01-18,29.202800750732422,36.42042541503906,36.66485595703125,36.32265090942383,36.556217193603516,4755671
2013-01-22,29.159231185913086,36.36610412597656,36.54535675048828,36.094512939453125,36.42042541503906,5643217
2013-01-23,29.002443313598633,36.17055892944336,36.42042541503906,36.07278823852539,36.268333435058594,5510297
2013-01-24,29.520729064941406,36.81694793701172,36.92558288574219,35.79033279418945,36.007606506347656,7432117
2013-01-25,29.616548538208008,36.93644714355469,37.197174072265625,36.713741302490234,36.89299392700195,5367988
2013-01-28,29.3682918548584,36.626834869384766,37.055946350097656,36.572513580322266,36.95274353027344,3889481
2013-01-29,29.333444595336914,36.583377838134766,36.92558288574219,36.49103546142578,36.64312744140625,7845053
2013-01-30,29.573007583618164,36.88212966918945,36.97990036010742,36.54535675048828,36.6485595703125,4130652
2013-01-31,29.546855926513672,36.84953689575195,37.01792526245117,36.605106353759766,36.91471862792969,4339973
2013-02-01,29.951929092407227,37.354698181152344,37.39815139770508,36.88212966918945,36.92558288574219,5023537
2013-02-04,29.751567840576172,37.104835510253906,37.44160842895508,37.055946350097656,37.16458511352539,4425764
2013-02-05,30.030311584472656,37.45247268676758,37.59370040893555,37.224334716796875,37.327537536621094,3906418
2013-02-06,30.169675827026367,37.62628936767578,37.66431427001953,37.235198974609375,37.30581283569336,4033999
2013-02-07,29.84739112854004,37.224334716796875,37.5448112487793,37.13199234008789,37.52851867675781,4901847
2013-02-08,30.052091598510742,37.47962951660156,37.61542510986328,37.18088150024414,37.26235580444336,3671690
2013-02-11,29.934494018554688,37.332969665527344,37.50679016113281,37.213470458984375,37.41444778442383,3387256
2013-02-12,29.912721633911133,37.30581283569336,37.64258575439453,37.28408432006836,37.365562438964844,5281461
2013-02-13,29.68187713623047,37.01792526245117,37.49592590332031,36.93101501464844,37.39271926879883,4821395
2013-02-14,29.69059181213379,37.02878952026367,37.50135803222656,36.88212966918945,37.104835510253906,5683167
2013-02-15,29.69059181213379,37.02878952026367,37.16458511352539,36.94731140136719,37.099403381347656,4189011
2013-02-19,29.75593376159668,37.110267639160156,37.14285659790039,36.94187927246094,37.04508590698242,3753799
2013-02-20,29.416208267211914,36.68658447265625,37.072242736816406,36.68115234375,37.04508590698242,4109848
2013-02-21,28.928407669067383,36.078216552734375,36.730037689208984,36.06735610961914,36.594242095947266,5929677
2013-02-22,29.181015014648438,36.39326477050781,36.605106353759766,36.110809326171875,36.246604919433594,5950296
2013-02-25,29.224565505981445,36.44758224487305,36.8875617980957,36.4421501159668,36.567081451416016,7486979
2013-02-26,29.08084487915039,36.268333435058594,36.773494720458984,36.235740661621094,36.626834869384766,7856652
2013-02-27,29.316036224365234,36.561649322509766,36.621402740478516,36.230308532714844,36.268333435058594,9121419
2013-02-28,29.442340850830078,36.719173431396484,36.93101501464844,36.561649322509766,36.615970611572266,6628152
2013-03-01,30.008535385131836,37.42531204223633,37.47419738769531,36.50733184814453,36.615970611572266,6328253
2013-03-04,30.130477905273438,37.5774040222168,37.5774040222168,37.088539123535156,37.18088150024414,6815566
2013-03-05,30.592145919799805,38.15317916870117,38.24551773071289,37.31124496459961,37.46876525878906,7057474
2013-03-06,30.671051025390625,38.00651931762695,38.310699462890625,37.67517852783203,37.718631744384766,5412356
2013-03-07,30.37299156188965,37.63715362548828,38.07170104980469,37.5774040222168,37.9576301574707,4821579
2013-03-08,30.636001586914062,37.96306228637695,38.08256530761719,37.65345001220703,37.80010986328125,3983372
2013-03-11,30.671051025390625,38.00651931762695,38.07713317871094,37.794677734375,37.838130950927734,2799425
2013-03-12,30.36859893798828,37.63172149658203,38.01738357543945,37.55024337768555,37.9902229309082,6656136
2013-03-13,30.522014617919922,37.821834564208984,37.89788055419922,37.5556755065918,37.61542510986328,4862265
2013-03-14,30.710512161254883,38.05540466308594,38.207496643066406,37.870723724365234,37.90331268310547,5922681
2013-03-15,30.42559051513672,37.702335357666016,37.99565505981445,37.44704055786133,37.94133758544922,6404839
2013-03-18,30.202028274536133,37.42531204223633,37.62628936767578,37.29494857788086,37.45790481567383,3330185
2013-03-19,30.408050537109375,37.680606842041016,37.696903228759766,37.251495361328125,37.5448112487793,4339053
2013-03-20,30.64913558959961,37.9793586730957,38.04454040527344,37.702335357666016,37.832698822021484,4776290
2013-03-21,30.710512161254883,38.05540466308594,38.14774703979492,37.734928131103516,37.78924560546875,3801481
2013-03-22,31.096261978149414,38.53340530395508,38.53883743286133,37.96306228637695,38.14774703979492,5055018
2013-03-25,31.03487205505371,38.457359313964844,38.75067901611328,38.26724624633789,38.51167678833008,5266365
2013-03-26,31.324188232421875,38.815860748291016,38.859317779541016,38.479087829589844,38.59315490722656,4968491
2013-03-27,31.508296966552734,39.04399871826172,39.10918045043945,38.54426956176758,38.56599807739258,4444174
2013-03-28,31.841432571411133,39.456817626953125,39.51113510131836,39.01140594482422,39.1254768371582,4506032
2013-04-01,31.692399978637695,39.27213668823242,39.570884704589844,39.17436218261719,39.36447525024414,3800745
2013-04-02,31.65294075012207,39.22324752807617,39.445953369140625,39.1146125793457,39.440521240234375,5571234
2013-04-03,31.280353546142578,38.76154327392578,39.288429260253906,38.6800651550293,39.22324752807617,6436136
2013-04-04,31.175161361694336,38.63117980957031,39.23954391479492,38.54970169067383,38.86474609375,7902861
2013-04-05,30.90338134765625,38.29440689086914,38.42477035522461,38.174903869628906,38.218360900878906,4218283
2013-04-08,30.732425689697266,38.08256530761719,38.39217758178711,37.97392654418945,38.26181411743164,5814614
2013-04-09,30.916528701782227,38.310699462890625,38.57685852050781,38.03910827636719,38.180335998535156,5099386
2013-04-10,31.311038970947266,38.799564361572266,38.929927825927734,38.446495056152344,38.473655700683594,5201930
2013-04-11,31.503917694091797,39.03856658935547,39.14720153808594,38.74524688720703,38.810428619384766,5917526
2013-04-12,31.464468002319336,38.989681243896484,39.06572341918945,38.61488342285156,38.90277099609375,4398885
2013-04-15,30.868309020996094,38.25094985961914,39.05485916137695,38.24008560180664,38.929927825927734,6433927
2013-04-16,31.078718185424805,38.51167678833008,38.53883743286133,38.04454040527344,38.40304183959961,4849010
2013-04-17,30.785017013549805,38.14774703979492,38.40304183959961,37.96306228637695,38.28897476196289,6017677
2013-04-18,30.202028274536133,37.42531204223633,38.65290451049805,37.32210922241211,38.316131591796875,7875430
2013-04-19,30.28531265258789,37.52851867675781,37.76751708984375,37.40901565551758,37.62085723876953,5731033
2013-04-22,30.302845001220703,37.55024337768555,37.66974639892578,37.45790481567383,37.56110763549805,5322515
2013-04-23,30.61844825744629,37.94133758544922,38.11515426635742,37.61542510986328,37.724063873291016,8097086
2013-04-24,30.478193283081055,37.76751708984375,38.10972213745117,37.707767486572266,37.9684944152832,6724805
2013-04-25,30.28531265258789,37.52851867675781,37.89788055419922,37.41987991333008,37.88701629638672,7881689
2013-04-26,30.46064567565918,37.74578857421875,37.78924560546875,37.332969665527344,37.51765441894531,4455404
2013-04-29,30.929677963256836,38.326995849609375,38.41390609741211,37.76751708984375,37.93590545654297,3913782
2013-04-30,30.627227783203125,37.95220184326172,38.28897476196289,37.55024337768555,38.28897476196289,5215369
2013-05-01,30.206417083740234,37.43074417114258,37.98479080200195,37.387290954589844,37.77838134765625,3938635
2013-05-02,30.99104118347168,38.40304183959961,38.451927185058594,37.49049377441406,37.52851867675781,5953794
2013-05-03,30.79379653930664,38.158607482910156,38.799564361572266,38.12058639526367,38.6474723815918,6444236
2013-05-06,30.820100784301758,38.191200256347656,38.359588623046875,38.03367614746094,38.13688278198242,4749780
2013-05-07,30.06175422668457,37.251495361328125,37.41987991333008,36.6702880859375,36.751766204833984,37773454
2013-05-08,31.24091148376465,38.71265411376953,38.73438262939453,37.338401794433594,37.354698181152344,14512235
2013-05-09,31.118167877197266,38.56056594848633,38.810428619384766,38.451927185058594,38.61488342285156,5897644
2013-05-10,31.017358779907227,38.43563461303711,38.61488342285156,38.23465347290039,38.59315490722656,7928819
2013-05-13,30.88585090637207,38.27267837524414,38.462791442871094,38.24008560180664,38.27267837524414,5941459
2013-05-14,30.89900016784668,38.28897476196289,38.59858703613281,38.22922134399414,38.348724365234375,8217488
2013-05-15,30.925291061401367,38.321563720703125,38.506248474121094,38.11515426635742,38.343292236328125,7263850
2013-05-16,31.495145797729492,39.02770233154297,39.1037483215332,38.218360900878906,38.321563720703125,10818821
2013-05-17,31.972938537597656,39.619773864746094,39.86963653564453,39.0820198059082,39.18522644042969,13776939
2013-05-20,31.972938537597656,39.619773864746094,40.16838836669922,39.549156188964844,39.65779495239258,7799765
2013-05-21,32.016780853271484,39.67409133911133,40.01629638671875,39.445953369140625,39.70124816894531,6578445
2013-05-22,31.692399978637695,39.27213668823242,40.11406707763672,39.0602912902832,39.75556945800781,6296404
2013-05-23,31.626665115356445,39.19065856933594,39.26670455932617,38.810428619384766,39.02770233154297,6001844
2013-05-24,31.346105575561523,38.843021392822266,39.16349792480469,38.74524688720703,39.14720153808594,4288057
2013-05-28,31.69679069519043,39.27756881713867,39.549156188964844,39.02770233154297,39.15806579589844,4954131
2013-05-29,31.271589279174805,38.75067901611328,39.1254768371582,38.484519958496094,39.06572341918945,4356911
2013-05-30,31.560897827148438,39.10918045043945,39.282997131347656,38.72351837158203,38.78327178955078,3667456
2013-05-31,30.82884979248047,38.202064514160156,39.0928840637207,38.202064514160156,38.99510955810547,6134580
2013-06-03,30.877079010009766,38.26181411743164,38.27811050415039,37.821834564208984,38.25094985961914,5992271
2013-06-04,30.5877742767334,37.90331268310547,38.326995849609375,37.60456466674805,38.169471740722656,5264708
2013-06-05,30.384708404541016,37.387290954589844,37.9576301574707,37.376426696777344,37.5882682800293,6349241
2013-06-06,30.68930435180664,37.7620849609375,37.7620849609375,37.208038330078125,37.44160842895508,5370197
2013-06-07,30.88794708251953,38.00651931762695,38.26724624633789,37.75665283203125,37.90331268310547,5013043
2013-06-10,31.007143020629883,38.15317916870117,38.24551773071289,37.734928131103516,38.06626892089844,4599923
2013-06-11,30.7996826171875,37.89788055419922,38.10972213745117,37.30581283569336,37.7838134765625,4217915
2013-06-12,30.79083251953125,37.88701629638672,38.218360900878906,37.821834564208984,38.15317916870117,4297078
2013-06-13,31.232284545898438,38.43020248413086,38.52254104614258,37.381858825683594,37.832698822021484,5474029
2013-06-14,31.16607093811035,38.348724365234375,38.73981475830078,38.26724624633789,38.38674545288086,3962568
2013-06-17,31.223453521728516,38.41933822631836,38.63661193847656,38.13688278198242,38.56599807739258,4103037
2013-06-18,31.2896671295166,38.500816345214844,38.60945129394531,38.310699462890625,38.41933822631836,3412662
2013-06-19,30.75110626220703,37.838130950927734,38.58772277832031,37.838130950927734,38.39760971069336,3881012
2013-06-20,30.062454223632812,36.99076461791992,37.64258575439453,36.8875617980957,37.6099967956543,5776506
2013-06-21,30.883535385131836,38.0010871887207,38.12058639526367,37.343833923339844,37.360130310058594,8951494
2013-06-24,30.667245864868164,37.734928131103516,38.0228157043457,37.26235580444336,37.805538177490234,5326565
2013-06-25,30.680482864379883,37.751220703125,38.10972213745117,37.45247268676758,38.06626892089844,3749197
2013-06-26,30.78642463684082,37.88158416748047,38.158607482910156,37.805538177490234,38.03367614746094,6951984
2013-06-27,30.768754959106445,37.859859466552734,38.24008560180664,37.827266693115234,38.13145065307617,5137311
2013-06-28,30.578927993774414,37.62628936767578,38.0228157043457,37.60456466674805,37.832698822021484,7221138
2013-07-01,30.927684783935547,38.05540466308594,38.29440689086914,37.696903228759766,37.827266693115234,3779757
2013-07-02,30.75550651550293,37.843563079833984,38.26181411743164,37.740360260009766,38.08256530761719,3926485
2013-07-03,30.636322021484375,37.696903228759766,37.94133758544922,37.50135803222656,37.94133758544922,1855728
2013-07-05,30.848222732543945,37.9576301574707,38.01738357543945,37.53937911987305,37.89788055419922,3100244
2013-07-08,31.373550415039062,38.60401916503906,38.7017936706543,38.169471740722656,38.180335998535156,5012491
2013-07-09,31.541292190551758,38.810428619384766,38.9190673828125,38.52254104614258,38.71265411376953,3526067
2013-07-10,31.483905792236328,38.73981475830078,38.973384857177734,38.63661193847656,38.853885650634766,4260074
2013-07-11,32.05778121948242,39.445953369140625,39.52199935913086,38.989681243896484,39.0602912902832,5113378
2013-07-12,32.00481414794922,39.38077163696289,39.53829574584961,39.26127243041992,39.435089111328125,3746067
2013-07-15,32.08426284790039,39.47854232788086,39.603477478027344,39.326454162597656,39.456817626953125,3685130
2013-07-16,32.15048599243164,39.560020446777344,39.75556945800781,39.40250015258789,39.50027084350586,4078367
2013-07-17,32.25202560424805,39.68495559692383,39.83161163330078,39.451385498046875,39.63606643676758,4368141
2013-07-18,32.2696647644043,39.70668029785156,40.27159118652344,39.51656723022461,40.0108642578125,5571418
2013-07-19,32.68464279174805,40.2172737121582,40.22270584106445,39.407928466796875,39.77729415893555,4835755
2013-07-22,32.85679626464844,40.429115295410156,40.445411682128906,40.021728515625,40.24443054199219,4751989
2013-07-23,32.79500198364258,40.35306930541992,40.52145767211914,40.2064094543457,40.445411682128906,4895587
2013-07-24,32.499237060546875,39.9891357421875,40.49429702758789,39.85334014892578,40.46713638305664,4054066
2013-07-25,32.14164733886719,39.549156188964844,39.9674072265625,39.451385498046875,39.86963653564453,5076189
2013-07-26,32.23435592651367,39.66322708129883,39.88050079345703,39.331886291503906,39.560020446777344,5230833
2013-07-29,32.15048599243164,39.560020446777344,39.70668029785156,39.429656982421875,39.65779495239258,3381549
2013-07-30,32.46391677856445,39.945682525634766,40.076045989990234,39.608909606933594,39.63063430786133,4774634
2013-07-31,32.24319839477539,39.67409133911133,40.17924880981445,39.603477478027344,39.956546783447266,6598880
2013-08-01,31.87238311767578,39.21781539916992,40.01629638671875,39.1254768371582,39.923954010009766,7403213
2013-08-02,31.095428466796875,38.26181411743164,38.815860748291016,37.64801788330078,38.174903869628906,17591860
2013-08-05,31.391197204589844,38.62574768066406,38.86474609375,38.15317916870117,38.185768127441406,7270109
2013-08-06,31.792917251586914,39.12004470825195,39.18522644042969,38.506248474121094,38.62574768066406,8290391
2013-08-07,31.62517547607422,38.91363525390625,39.424224853515625,38.837589263916016,39.310157775878906,6185392
2013-08-08,32.296173095703125,39.73927307128906,39.7827262878418,39.00054168701172,39.00054168701172,6401157
2013-08-09,32.574275970458984,40.081478118896484,40.1955451965332,39.68495559692383,39.68495559692383,6222580
2013-08-12,32.52131271362305,40.01629638671875,40.070613861083984,39.79902267456055,40.01629638671875,4355070
2013-08-13,32.59193801879883,40.103206634521484,40.25529479980469,39.83161163330078,39.9891357421875,3720293
2013-08-14,32.433006286621094,39.907657623291016,40.16838836669922,39.72840881347656,40.065181732177734,4520944
2013-08-15,31.929767608642578,39.288429260253906,39.896793365478516,38.973384857177734,39.74470520019531,7241389
2013-08-16,31.3956298828125,38.63117980957031,39.15806579589844,38.58772277832031,39.10918045043945,5989325
2013-08-19,31.510391235351562,38.77240753173828,38.929927825927734,38.53883743286133,38.58772277832031,3765397
2013-08-20,31.49715805053711,38.75611114501953,38.984249114990234,38.64204025268555,38.788700103759766,3247892
2013-08-21,31.35588836669922,38.58229064941406,38.826725006103516,38.446495056152344,38.74524688720703,3703172
2013-08-22,31.52805519104004,38.794132232666016,38.821292877197266,38.27267837524414,38.65290451049805,2025468
2013-08-23,31.757606506347656,39.07658767700195,39.15806579589844,38.804996490478516,38.843021392822266,3491272
2013-08-26,31.669307708740234,38.967952728271484,39.22867965698242,38.91363525390625,39.07658767700195,3660092
2013-08-27,31.16607093811035,38.348724365234375,38.73438262939453,38.196632385253906,38.6800651550293,4025899
2013-08-28,31.21904945373535,38.41390609741211,38.56056594848633,38.196632385253906,38.370452880859375,4626249
2013-08-29,30.971834182739258,38.10972213745117,38.38674545288086,38.0228157043457,38.28897476196289,3735021
2013-08-30,30.706966400146484,37.7838134765625,38.23465347290039,37.686038970947266,38.207496643066406,4404961
2013-09-03,30.698129653930664,37.77294921875,38.321563720703125,37.51765441894531,38.164039611816406,4876257
2013-09-04,30.98712730407715,37.859859466552734,38.07170104980469,37.6099967956543,37.696903228759766,5410883
2013-09-05,31.02267837524414,37.90331268310547,38.00651931762695,37.77294921875,37.876155853271484,4033447
2013-09-06,31.12493324279785,38.02824783325195,38.28354263305664,37.76751708984375,38.03367614746094,4097514
2013-09-09,31.43167495727539,38.40304183959961,38.41390609741211,38.0228157043457,38.13688278198242,3244210
2013-09-10,31.75623893737793,38.799564361572266,39.00597381591797,38.495384216308594,38.886474609375,3814552
2013-09-11,32.11634826660156,39.23954391479492,39.26670455932617,38.8756103515625,39.05485916137695,4617964
2013-09-12,31.84513282775879,38.908203125,39.27213668823242,38.810428619384766,39.21238327026367,4472525
2013-09-13,31.91183853149414,38.989681243896484,39.0820198059082,38.74524688720703,38.946224212646484,2640362
2013-09-16,31.97407341003418,39.06572341918945,39.570884704589844,39.02770233154297,39.549156188964844,4674851
2013-09-17,31.822917938232422,38.88104248046875,39.15263366699219,38.826725006103516,39.02227020263672,3684946
2013-09-18,31.876266479492188,38.946224212646484,39.0820198059082,38.59315490722656,38.843021392822266,4719588
2013-09-19,32.098548889160156,39.21781539916992,39.310157775878906,38.62031555175781,39.02227020263672,4065112
2013-09-20,31.822917938232422,38.88104248046875,39.445953369140625,38.843021392822266,39.21781539916992,6182446
2013-09-23,31.938505172729492,39.02227020263672,39.10918045043945,38.77240753173828,38.91363525390625,3554603
2013-09-24,31.68065071105957,38.70722579956055,39.10918045043945,38.63117980957031,39.00054168701172,4798935
2013-09-25,29.65338134765625,36.230308532714844,37.90874481201172,36.01846694946289,37.740360260009766,24388832
2013-09-26,29.49778175354004,36.04019546508789,36.42585754394531,35.89896774291992,36.29005813598633,10306286
2013-09-27,29.51111602783203,36.05649185180664,36.20315170288086,35.85551452636719,36.02933120727539,6472036
2013-09-30,29.20435905456543,35.68169403076172,36.01303482055664,35.58392333984375,35.964149475097656,6829190
2013-10-01,29.155458450317383,35.621944427490234,35.85008239746094,35.513309478759766,35.68169403076172,5617627
2013-10-02,28.404111862182617,34.70396423339844,35.27430725097656,34.11189651489258,35.24714660644531,15795228
2013-10-03,28.657520294189453,35.013580322265625,35.38294219970703,34.73112487792969,34.75285339355469,11168795
2013-10-04,28.902034759521484,35.31232833862305,35.32319259643555,35.024444580078125,35.138511657714844,7131482
2013-10-07,28.82645606994629,35.21998977661133,35.43726348876953,34.991851806640625,35.43726348876953,5139888
2013-10-08,28.635297775268555,34.986419677734375,35.34492111206055,34.93753433227539,35.133079528808594,6801759
2013-10-09,28.89759063720703,35.3068962097168,35.480716705322266,35.06789779663086,35.143943786621094,6630546
2013-10-10,29.324384689331055,35.82835388183594,35.82835388183594,35.52960205078125,35.55133056640625,5578230
2013-10-11,29.34217643737793,35.85008239746094,35.85551452636719,35.3720817565918,35.611080169677734,5629226
2013-10-14,29.55557632446289,36.110809326171875,36.14339828491211,35.654537200927734,35.7305793762207,4732475
2013-10-15,29.466644287109375,36.002174377441406,36.235740661621094,35.985877990722656,36.16512680053711,6624102
2013-10-16,30.03571319580078,36.69744873046875,36.69744873046875,35.91526412963867,36.04562759399414,7084352
2013-10-17,29.893455505371094,36.52362823486328,36.599674224853516,35.72514724731445,36.105377197265625,7008871
2013-10-18,29.34217643737793,35.85008239746094,36.257469177246094,35.502445220947266,35.93156051635742,10681114
2013-10-21,29.008739471435547,35.44269561767578,35.89353561401367,35.3286247253418,35.86094665527344,8407295
2013-10-22,29.030973434448242,35.469852447509766,35.7740364074707,35.42096710205078,35.616512298583984,8845453
2013-10-23,29.0131778717041,35.44812774658203,35.616512298583984,35.27430725097656,35.3503532409668,8197421
2013-10-24,29.09320831298828,35.5458984375,35.79033279418945,35.30146789550781,35.71971893310547,7144001
2013-10-25,29.11543083190918,35.57305908203125,35.70342254638672,35.35578536987305,35.643672943115234,5468322
2013-10-28,29.67559814453125,36.257469177246094,36.80065155029297,36.04019546508789,36.724605560302734,9346757
2013-10-29,29.617816925048828,36.18685531616211,36.32808303833008,36.01846694946289,36.30635452270508,4471605
2013-10-30,29.33772087097168,35.84465026855469,36.224876403808594,35.72514724731445,36.18685531616211,4994633
2013-10-31,29.284379959106445,35.77946853637695,36.094512939453125,35.68712615966797,35.85008239746094,5670648
2013-11-01,29.23103141784668,35.71428680419922,35.991310119628906,35.57305908203125,35.86094665527344,6740822
2013-11-04,29.359949111938477,35.87180709838867,35.90439987182617,35.58935546875,35.82292175292969,4248660
2013-11-05,28.955387115478516,35.37751388549805,35.88810348510742,35.3720817565918,35.86637878417969,4411772
2013-11-06,29.066543579101562,35.513309478759766,35.69255828857422,35.3720817565918,35.44812774658203,5765828
2013-11-07,28.99539566040039,35.42639923095703,35.91526412963867,35.42639923095703,35.7523078918457,5508088
2013-11-08,28.955387115478516,35.37751388549805,35.43726348876953,35.18739700317383,35.34492111206055,9016850
2013-11-11,28.99539566040039,35.42639923095703,35.480716705322266,35.29060363769531,35.41553497314453,5092206
2013-11-12,29.297718048095703,35.79576110839844,35.85008239746094,35.31232833862305,35.42639923095703,6905775
2013-11-13,29.50664710998535,36.05105972290039,36.116241455078125,35.71428680419922,35.72514724731445,7041825
2013-11-14,30.053499221801758,36.719173431396484,36.740901947021484,36.132537841796875,36.224876403808594,8169253
2013-11-15,30.524744033813477,37.29494857788086,37.39271926879883,36.719173431396484,36.8766975402832,11377748
2013-11-18,30.595884323120117,37.381858825683594,37.62628936767578,37.251495361328125,37.62628936767578,8029890
2013-11-19,30.729251861572266,37.5448112487793,37.5991325378418,37.18631362915039,37.26778793334961,8793721
2013-11-20,30.693687438964844,37.50135803222656,37.64801788330078,37.45247268676758,37.50135803222656,5265812
2013-11-21,30.41360855102539,37.15915298461914,37.61542510986328,37.04508590698242,37.53937911987305,6132187
2013-11-22,30.13352394104004,36.81694793701172,37.30581283569336,36.751766204833984,37.240631103515625,6616002
2013-11-25,30.093507766723633,36.768062591552734,36.98533248901367,36.719173431396484,36.81151580810547,6593542
2013-11-26,30.160188674926758,36.84953689575195,37.055946350097656,36.50189971923828,36.84953689575195,6561876
2013-11-27,30.329132080078125,37.055946350097656,37.202606201171875,36.53449249267578,36.53449249267578,4371639
2013-11-29,30.43138885498047,37.18088150024414,37.202606201171875,36.98533248901367,37.14828872680664,2657484
2013-12-02,30.306900024414062,37.02878952026367,37.67517852783203,37.02335739135742,37.48506164550781,6203802
2013-12-03,29.942359924316406,36.583377838134766,37.03422164916992,36.41499328613281,37.02335739135742,7024336
2013-12-04,29.90205955505371,36.268333435058594,36.4530143737793,35.93156051635742,36.241172790527344,11012494
2013-12-05,29.870704650878906,36.230308532714844,36.4530143737793,36.01303482055664,36.15426254272461,8575378
2013-12-06,30.17970848083496,36.605106353759766,36.77892303466797,36.46931076049805,36.51276397705078,6370044
2013-12-09,30.358835220336914,36.82238006591797,37.00706100463867,36.610538482666016,36.615970611572266,6668838
2013-12-10,30.12149429321289,36.53449249267578,36.83867645263672,36.50733184814453,36.768062591552734,4829127
2013-12-11,29.991613388061523,36.37696838378906,36.6702880859375,36.30092239379883,36.6702880859375,6102915
2013-12-12,29.80352020263672,36.14883041381836,36.38240051269531,35.985877990722656,36.30635452270508,5983802
2013-12-13,29.678123474121094,35.996742248535156,36.32265090942383,35.90983200073242,36.20858383178711,4227488
2013-12-16,29.619909286499023,35.92612838745117,36.284629821777344,35.86094665527344,36.13796615600586,5282381
2013-12-17,29.35568618774414,35.605648040771484,35.93156051635742,35.594783782958984,35.89896774291992,6076957
2013-12-18,30.112539291381836,36.52362823486328,36.588809967041016,35.7523078918457,35.7849006652832,8783227
2013-12-19,30.031919479370117,36.42585754394531,36.621402740478516,36.110809326171875,36.51276397705078,6318496
2013-12-20,30.62754249572754,37.14828872680664,37.338401794433594,36.6920166015625,36.89299392700195,11888626
2013-12-23,30.855932235717773,37.42531204223633,37.51765441894531,36.93644714355469,37.235198974609375,6550830
2013-12-24,30.927593231201172,37.51222229003906,37.64258575439453,37.27322006225586,37.349266052246094,2140715
2013-12-26,31.04403305053711,37.65345001220703,37.751220703125,37.28951644897461,37.5991325378418,3075759
2013-12-27,31.1112060546875,37.734928131103516,37.74578857421875,37.50135803222656,37.65345001220703,2384647
2013-12-30,31.012670516967773,37.61542510986328,37.74578857421875,37.49049377441406,37.707767486572266,4191221
2013-12-31,31.147031784057617,37.77838134765625,37.91960906982422,37.62085723876953,37.66431427001953,3058822
2014-01-02,30.985811233520508,37.58283615112305,37.848995208740234,37.50135803222656,37.77294921875,3810870
2014-01-03,31.03507423400879,37.64258575439453,37.843563079833984,37.51222229003906,37.691471099853516,3286737
2014-01-06,31.08881378173828,37.707767486572266,37.9902229309082,37.50135803222656,37.93047332763672,5819033
2014-01-07,31.25450897216797,37.90874481201172,38.0119514465332,37.43617630004883,37.59370040893555,6519165
2014-01-08,31.35750961303711,38.03367614746094,38.04997253417969,37.76751708984375,37.90331268310547,5917710
2014-01-09,31.44260597229004,38.13688278198242,38.180335998535156,37.729496002197266,38.12058639526367,7225557
2014-01-10,31.353038787841797,38.02824783325195,38.13688278198242,37.870723724365234,38.13145065307617,5714464
2014-01-13,31.393329620361328,38.07713317871094,38.37588119506836,37.91417694091797,37.91417694091797,7404870
2014-01-14,31.1962947845459,37.838130950927734,38.202064514160156,37.686038970947266,38.09885787963867,7385908
2014-01-15,31.272422790527344,37.93047332763672,37.97392654418945,37.45790481567383,37.90331268310547,5157562
2014-01-16,31.375425338745117,38.05540466308594,38.27811050415039,37.680606842041016,37.680606842041016,4779236
2014-01-17,31.317201614379883,37.98479080200195,38.08799743652344,37.7620849609375,38.0010871887207,5523921
2014-01-21,31.15151023864746,37.7838134765625,38.09885787963867,37.5991325378418,38.03910827636719,5928756
2014-01-22,31.232120513916016,37.88158416748047,38.07713317871094,37.740360260009766,37.816402435302734,6214296
2014-01-23,30.900714874267578,37.47962951660156,38.42477035522461,37.46876525878906,38.26724624633789,8218408
2014-01-24,30.291662216186523,36.740901947021484,37.332969665527344,36.561649322509766,37.224334716796875,7592652
2014-01-27,30.399145126342773,36.87126541137695,37.12656021118164,36.77892303466797,36.80608367919922,7012185
2014-01-28,30.676816940307617,37.208038330078125,37.332969665527344,36.88212966918945,36.94187927246094,5470716
2014-01-29,30.63202476501465,37.15372085571289,37.53937911987305,36.94187927246094,37.115699768066406,6681357
2014-01-30,31.021636962890625,37.62628936767578,37.713199615478516,37.17544937133789,37.349266052246094,6947198
2014-01-31,30.587238311767578,37.099403381347656,37.360130310058594,37.072242736816406,37.27322006225586,8117890
2014-02-03,29.80352020263672,36.14883041381836,37.202606201171875,36.089080810546875,37.12656021118164,8860549
2014-02-04,29.982646942138672,36.36610412597656,36.4312858581543,36.089080810546875,36.20315170288086,4999051
2014-02-05,30.139392852783203,36.556217193603516,36.719173431396484,36.219444274902344,36.273765563964844,4839437
2014-02-06,30.04536247253418,36.4421501159668,36.757198333740234,36.41499328613281,36.68658447265625,6553776
2014-02-07,30.40810775756836,36.88212966918945,37.050514221191406,36.46931076049805,36.55078887939453,5663100
2014-02-10,30.587238311767578,37.099403381347656,37.14828872680664,36.746334075927734,36.81151580810547,3843272
2014-02-11,31.102249145507812,37.724063873291016,37.854427337646484,37.02335739135742,37.099403381347656,4386735
2014-02-12,30.95446014404297,37.5448112487793,37.92504119873047,37.51222229003906,37.838130950927734,4631404
2014-02-13,31.01715850830078,37.62085723876953,37.66974639892578,37.27322006225586,37.45790481567383,4173731
2014-02-14,30.936546325683594,37.52308654785156,37.64801788330078,37.387290954589844,37.41987991333008,4533463
2014-02-18,31.03058624267578,37.63715362548828,37.810970306396484,37.49049377441406,37.724063873291016,4332978
2014-02-19,30.95446014404297,37.5448112487793,38.03910827636719,37.48506164550781,37.48506164550781,4603236
2014-02-20,31.05747413635254,37.66974639892578,37.848995208740234,37.52851867675781,37.53395080566406,4727320
2014-02-21,31.03058624267578,37.63715362548828,37.99565505981445,37.55024337768555,37.691471099853516,7189841
2014-02-24,31.115694046020508,37.740360260009766,38.10429000854492,37.724063873291016,37.740360260009766,4830784
2014-02-25,30.748455047607422,37.29494857788086,37.734928131103516,37.251495361328125,37.734928131103516,4704491
2014-02-26,30.994770050048828,37.59370040893555,37.870723724365234,37.224334716796875,37.27865219116211,7503548
2014-02-27,30.851451873779297,37.41987991333008,37.74578857421875,36.96903991699219,37.56110763549805,6653374
2014-02-28,31.124645233154297,37.751220703125,37.876155853271484,37.354698181152344,37.47962951660156,7114360
2014-03-03,30.851451873779297,37.41987991333008,37.53937911987305,37.083106994628906,37.43074417114258,5227151
2014-03-04,30.914161682128906,37.49592590332031,37.724063873291016,37.47962951660156,37.67517852783203,6783533
2014-03-05,30.643537521362305,36.90385818481445,37.256927490234375,36.762630462646484,37.229766845703125,7865304
2014-03-06,30.47664451599121,36.702880859375,36.98533248901367,36.66485595703125,36.93644714355469,5940171
2014-03-07,30.4450740814209,36.66485595703125,36.88212966918945,36.605106353759766,36.82238006591797,7912802
2014-03-10,30.53076934814453,36.768062591552734,36.8549690246582,36.39869689941406,36.66485595703125,6478847
2014-03-11,30.55784034729004,36.80065155029297,37.083106994628906,36.561649322509766,36.757198333740234,5651134
2014-03-12,30.499216079711914,36.730037689208984,36.88212966918945,36.615970611572266,36.67572021484375,4008593
2014-03-13,30.206018447875977,36.37696838378906,36.8441047668457,36.33894729614258,36.81151580810547,3218620
2014-03-14,29.989532470703125,36.116241455078125,36.52906036376953,36.089080810546875,36.29005813598633,4984692
2014-03-17,29.99403190612793,36.121673583984375,36.46931076049805,36.03476333618164,36.04019546508789,5006968
2014-03-18,30.359373092651367,36.561649322509766,36.68658447265625,36.15969467163086,36.19771957397461,6526161
2014-03-19,30.40898895263672,36.621402740478516,36.90928649902344,36.50733184814453,36.615970611572266,4897612
2014-03-20,30.59842300415039,36.84953689575195,36.86040115356445,36.41499328613281,36.55078887939453,5651502
2014-03-21,30.53978729248047,36.77892303466797,37.28408432006836,36.621402740478516,37.110267639160156,8354458
2014-03-24,30.156414031982422,36.31721878051758,36.86040115356445,36.127105712890625,36.80065155029297,6522111
2014-03-25,30.846508026123047,37.14828872680664,37.16458511352539,36.37153625488281,36.40412902832031,7679179
2014-03-26,31.608747482299805,38.06626892089844,38.43020248413086,37.14828872680664,37.28951644897461,15005807
2014-03-27,32.83557891845703,39.54372787475586,41.10809326171875,39.48397445678711,41.10809326171875,36804720
2014-03-28,32.858131408691406,39.570884704589844,40.059749603271484,39.342750549316406,39.77729415893555,12232709
2014-03-31,33.187374114990234,39.9674072265625,40.081478118896484,39.429656982421875,39.614341735839844,6646010
2014-04-01,33.22799301147461,40.01629638671875,40.16838836669922,39.614341735839844,40.12493133544922,6544019
2014-04-02,33.01148223876953,39.75556945800781,40.0,39.65236282348633,40.0,6022647
2014-04-03,33.10169219970703,39.86420440673828,39.923954010009766,39.54372787475586,39.896793365478516,6168639
2014-04-04,32.89422607421875,39.614341735839844,40.26072692871094,39.560020446777344,39.98370361328125,6128137
2014-04-07,32.695762634277344,39.37533950805664,40.01629638671875,39.35904312133789,39.565452575683594,5842229
2014-04-08,32.610069274902344,39.27213668823242,39.608909606933594,39.21238327026367,39.47311019897461,4269831
2014-04-09,33.12874984741211,39.896793365478516,39.918521881103516,39.22324752807617,39.413360595703125,6607533
2014-04-10,32.59202194213867,39.25040817260742,39.923954010009766,39.02770233154297,39.918521881103516,5594247
2014-04-11,32.46573257446289,39.09831619262695,39.598045349121094,39.08745193481445,39.1254768371582,4854901
2014-04-14,32.81754684448242,39.52199935913086,39.65236282348633,39.17979431152344,39.321022033691406,4043757
2014-04-15,33.08815383911133,39.84790802001953,39.913089752197266,39.17979431152344,39.53286361694336,5492992
2014-04-16,33.12874984741211,39.896793365478516,40.25529479980469,39.72297668457031,40.17924880981445,7327548
2014-04-17,32.840091705322266,39.549156188964844,40.1955451965332,39.331886291503906,39.934818267822266,7839530
2014-04-21,32.993465423583984,39.73384094238281,39.80988693237305,39.36447525024414,39.39163589477539,4281061
2014-04-22,32.646156311035156,39.315589904785156,39.85877227783203,39.293861389160156,39.70668029785156,5891200
2014-04-23,32.58298873901367,39.23954391479492,39.48940658569336,39.19609069824219,39.39163589477539,4427237
2014-04-24,32.610069274902344,39.27213668823242,39.576316833496094,39.25584030151367,39.424224853515625,4937746
2014-04-25,32.61909103393555,39.282997131347656,39.418792724609375,39.05485916137695,39.24497604370117,3557733
2014-04-28,33.05658721923828,39.80988693237305,39.918521881103516,39.23954391479492,39.435089111328125,5612657
2014-04-29,32.89872741699219,39.619773864746094,39.913089752197266,39.608909606933594,39.88593292236328,3378235
2014-04-30,32.83108139038086,39.53829574584961,39.72297668457031,39.25584030151367,39.65236282348633,5037344
2014-05-01,33.55274200439453,40.407386779785156,40.537750244140625,39.570884704589844,39.570884704589844,9428497
2014-05-02,33.69706726074219,40.581207275390625,40.9179801940918,40.385658264160156,40.90168380737305,15166526
2014-05-05,33.60685729980469,40.47256851196289,40.554046630859375,40.065181732177734,40.46713638305664,8005773
2014-05-06,33.36328887939453,40.17924880981445,40.717002868652344,40.17382049560547,40.445411682128906,5097913
2014-05-07,33.7105827331543,40.59749984741211,40.668113708496094,40.076045989990234,40.24986267089844,5346448
2014-05-08,33.751190185546875,40.64638900756836,40.96686553955078,40.46713638305664,40.543182373046875,4152376
2014-05-09,33.85492706298828,40.77132034301758,40.79847717285156,40.28788757324219,40.48886489868164,2681601
2014-05-12,33.99475860595703,40.9397087097168,41.026615142822266,40.74959182739258,40.85823059082031,3231876
2014-05-13,34.01278305053711,40.96143341064453,41.21672821044922,40.84736633300781,41.010318756103516,3929799
2014-05-14,34.03083038330078,40.98316192626953,41.1026611328125,40.84193420410156,40.93427658081055,3959071
2014-05-15,33.638427734375,40.51059341430664,40.98859405517578,40.35850143432617,40.78761672973633,5703602
2014-05-16,33.665496826171875,40.543182373046875,40.76588821411133,40.450843811035156,40.48343276977539,5491703
2014-05-19,33.67451858520508,40.554046630859375,40.673545837402344,40.29331970214844,40.46713638305664,3279557
2014-05-20,33.45801544189453,40.29331970214844,40.711570739746094,40.17924880981445,40.662681579589844,4054803
2014-05-21,33.53920364379883,40.391090393066406,40.60293197631836,39.934818267822266,40.385658264160156,3001751
2014-05-22,33.620391845703125,40.48886489868164,40.60293197631836,40.23357009887695,40.31504440307617,2835692
2014-05-23,33.6339111328125,40.50516128540039,40.592071533203125,40.33134078979492,40.48343276977539,2586973
2014-05-27,33.44898986816406,40.28245544433594,40.61379623413086,40.16838836669922,40.61379623413086,3241449
2014-05-28,33.512142181396484,40.35850143432617,40.592071533203125,40.076045989990234,40.45627212524414,3497716
2014-05-29,33.55724334716797,40.412818908691406,40.52145767211914,40.34220504760742,40.445411682128906,2414472
2014-05-30,33.56174850463867,40.418251037597656,40.49429702758789,40.29875183105469,40.31504440307617,4516341
2014-06-02,33.48055648803711,40.32047653198242,40.548614501953125,40.23357009887695,40.418251037597656,4600659
2014-06-03,33.376827239990234,40.1955451965332,40.52688980102539,40.059749603271484,40.27159118652344,6432270
2014-06-04,33.1588020324707,39.65236282348633,39.7609977722168,39.429656982421875,39.565452575683594,7614560
2014-06-05,33.57215118408203,40.14665985107422,40.2064094543457,39.63606643676758,39.79902267456055,7842292
2014-06-06,33.522178649902344,40.086910247802734,40.30961227416992,40.0108642578125,40.1955451965332,4236877
2014-06-09,33.44950485229492,40.0,40.14665985107422,39.82075119018555,40.070613861083984,3514837
2014-06-10,33.494930267333984,40.054317474365234,40.065181732177734,39.75013732910156,40.0,3786201
2014-06-11,33.27689743041992,39.7935905456543,40.02716064453125,39.69581604003906,39.97283935546875,3198738
2014-06-12,33.1588020324707,39.65236282348633,39.8153190612793,39.549156188964844,39.7935905456543,4417480
2014-06-13,33.21331024169922,39.71754455566406,39.83161163330078,39.65779495239258,39.71754455566406,3267959
2014-06-16,33.28144073486328,39.79902267456055,40.28245544433594,39.75013732910156,39.84247589111328,3747724
2014-06-17,33.23601150512695,39.74470520019531,39.88593292236328,39.587181091308594,39.69038772583008,3086989
2014-06-18,33.522178649902344,40.086910247802734,40.11949920654297,39.70124816894531,39.75013732910156,2930688
2014-06-19,33.56306457519531,40.13579559326172,40.21184158325195,40.0108642578125,40.076045989990234,3590502
2014-06-20,33.517642974853516,40.081478118896484,40.1955451965332,39.99456787109375,40.15209197998047,5599402
2014-06-23,33.50401306152344,40.065181732177734,40.23357009887695,40.0108642578125,40.11406707763672,3657883
2014-06-24,33.35411071777344,39.88593292236328,40.086910247802734,39.83161163330078,39.951114654541016,4237062
2014-06-25,33.57670211791992,40.15209197998047,40.1955451965332,39.88593292236328,39.940250396728516,4577278
2014-06-26,33.26327133178711,39.77729415893555,40.11406707763672,39.52199935913086,40.092342376708984,4775002
2014-06-27,33.08158493041992,39.560020446777344,39.74470520019531,39.435089111328125,39.66865921020508,3834803
2014-06-30,32.84083938598633,39.27213668823242,39.65236282348633,39.12004470825195,39.64149856567383,5492255
2014-07-01,33.50401306152344,40.065181732177734,40.19011306762695,39.451385498046875,39.451385498046875,5353076
2014-07-02,34.06271743774414,40.73329544067383,40.73872756958008,39.84790802001953,40.14665985107422,5546197
2014-07-03,34.01274490356445,40.673545837402344,40.86909484863281,40.47800064086914,40.78218460083008,2557149
2014-07-07,34.01274490356445,40.673545837402344,40.85279846191406,40.48343276977539,40.64638900756836,2961249
2014-07-08,34.23986053466797,40.94514083862305,41.042911529541016,40.48343276977539,40.60293197631836,4962047
2014-07-09,34.439727783203125,41.184139251708984,41.3090705871582,40.81477355957031,40.81477355957031,4638768
2014-07-10,34.8621711730957,41.689300537109375,41.70559310913086,40.82020568847656,40.97229766845703,6090396
2014-07-11,34.789485931396484,41.60239028930664,41.71645736694336,41.3307991027832,41.58609390258789,3524595
2014-07-14,34.88032150268555,41.71102523803711,41.90114212036133,41.504615783691406,41.673004150390625,3770368
2014-07-15,34.86669158935547,41.694732666015625,41.825096130371094,41.59152603149414,41.77621078491211,4469764
2014-07-16,34.79402542114258,41.60782241821289,41.87398147583008,41.48289108276367,41.825096130371094,3729682
2014-07-17,34.635047912597656,41.41770935058594,41.95545959472656,41.24932098388672,41.38511657714844,4721060
2014-07-18,34.75768280029297,41.56436538696289,41.58609390258789,41.032047271728516,41.56979751586914,5383084
2014-07-21,34.57145690917969,41.3416633605957,41.45573043823242,41.1026611328125,41.40684509277344,3896108
2014-07-22,34.916683197021484,41.75448226928711,41.90657424926758,41.39054870605469,41.47745895385742,3521281
2014-07-23,34.90304183959961,41.73818588256836,41.99348068237305,41.59152603149414,41.97175216674805,3992209
2014-07-24,34.9757080078125,41.825096130371094,41.98261642456055,41.62411880493164,41.74361801147461,4283639
2014-07-25,34.816741943359375,41.634979248046875,41.91743469238281,41.40141296386719,41.86311721801758,2993282
2014-07-28,34.734981536865234,41.537208557128906,41.683868408203125,41.39054870605469,41.553504943847656,3299256
2014-07-29,34.67593002319336,41.46659469604492,41.792503356933594,41.46116256713867,41.59695816040039,3414135
2014-07-30,34.56235885620117,41.3307991027832,41.93373107910156,41.037479400634766,41.73275375366211,5377745
2014-07-31,33.92644500732422,40.570343017578125,41.1026611328125,40.47800064086914,40.96686553955078,6280387
2014-08-01,34.05363464355469,40.72243118286133,40.99945831298828,40.401954650878906,40.554046630859375,4234300
2014-08-04,34.030921936035156,40.695274353027344,40.73872756958008,40.1955451965332,40.537750244140625,5205612
2014-08-05,33.82197952270508,40.445411682128906,40.90168380737305,40.407386779785156,40.78218460083008,3408427
2014-08-06,33.8310546875,40.45627212524414,40.592071533203125,40.22270584106445,40.2281379699707,3483172
2014-08-07,33.50856399536133,40.070613861083984,40.59749984741211,39.940250396728516,40.49429702758789,2840479
2014-08-08,33.56760025024414,40.14122772216797,40.36936569213867,39.7935905456543,40.070613861083984,4002150
2014-08-11,33.70387649536133,40.30418395996094,40.72243118286133,40.2281379699707,40.28788757324219,2968613
2014-08-12,33.73566818237305,40.34220504760742,40.548614501953125,40.13579559326172,40.31504440307617,2693751
2014-08-13,34.0490837097168,40.717002868652344,40.73872756958008,40.429115295410156,40.570343017578125,2745852
2014-08-14,33.953697204589844,40.60293197631836,40.85823059082031,40.49972915649414,40.85823059082031,2944495
2014-08-15,33.79925537109375,40.418251037597656,40.8745231628418,40.1955451965332,40.73329544067383,6775985
2014-08-18,34.16263961791992,40.85279846191406,40.9397087097168,40.532318115234375,40.61379623413086,1956431
2014-08-19,34.126304626464844,40.80934143066406,40.98859405517578,40.668113708496094,40.93427658081055,2547576
2014-08-20,34.180816650390625,40.8745231628418,40.96143341064453,40.575775146484375,40.80934143066406,2567275
2014-08-21,34.43064498901367,41.173274993896484,41.46659469604492,41.1026611328125,41.45029830932617,3869046
2014-08-22,34.085426330566406,40.76045608520508,41.140682220458984,40.706138610839844,41.048343658447266,4158267
2014-08-25,34.24895477294922,40.95600128173828,41.070072174072266,40.85823059082031,40.9071159362793,2101133
2014-08-26,34.30800247192383,41.026615142822266,41.09722900390625,40.93427658081055,41.042911529541016,2061000
2014-08-27,34.22169494628906,40.92341232299805,41.091796875,40.74959182739258,41.026615142822266,2995123
2014-08-28,34.02638244628906,40.689842224121094,40.84193420410156,40.537750244140625,40.79847717285156,2954621
2014-08-29,34.05816650390625,40.72786331176758,40.82020568847656,40.48886489868164,40.673545837402344,3203340
2014-09-02,33.74473190307617,40.35306930541992,40.79304885864258,40.28788757324219,40.711570739746094,3504159
2014-09-03,33.83624267578125,40.17924880981445,40.407386779785156,40.13036346435547,40.26615905761719,4025715
2014-09-04,33.71730422973633,40.03802490234375,40.59749984741211,39.9891357421875,40.27702331542969,4390785
2014-09-05,33.94145584106445,40.30418395996094,40.46713638305664,39.929386138916016,40.11406707763672,3137616
2014-09-08,33.950592041015625,40.31504440307617,40.548614501953125,40.1955451965332,40.1955451965332,2993834
2014-09-09,33.97346878051758,40.34220504760742,40.47256851196289,40.076045989990234,40.418251037597656,3555523
2014-09-10,34.43547821044922,40.89081954956055,40.9288444519043,40.28245544433594,40.418251037597656,5304105
2014-09-11,34.34857177734375,40.78761672973633,40.9288444519043,40.548614501953125,40.695274353027344,3390202
2014-09-12,34.1701774597168,40.575775146484375,40.93427658081055,40.450843811035156,40.76588821411133,3887640
2014-09-15,34.10155487060547,40.49429702758789,40.59749984741211,40.2390022277832,40.59749984741211,2971926
2014-09-16,34.30282211303711,40.73329544067383,40.81477355957031,40.34763717651367,40.46170425415039,2851525
2014-09-17,33.2324333190918,39.462249755859375,40.46713638305664,39.413360595703125,40.46713638305664,10681114
2014-09-18,33.438270568847656,39.70668029785156,39.7827262878418,39.304725646972656,39.598045349121094,5834313
2014-09-19,33.1821174621582,39.40250015258789,39.907657623291016,39.293861389160156,39.902225494384766,5214448
2014-09-22,32.96711730957031,39.14720153808594,39.36447525024414,38.978816986083984,39.326454162597656,4046886
2014-09-23,32.8070182800293,38.957088470458984,39.0928840637207,38.837589263916016,38.929927825927734,3843088
2014-09-24,33.0082893371582,39.19609069824219,39.24497604370117,38.853885650634766,38.853885650634766,3474888
2014-09-25,32.60576248168945,38.71808624267578,39.04943084716797,38.6692008972168,39.04399871826172,3245315
2014-09-26,33.06318283081055,39.26127243041992,39.39706802368164,38.8756103515625,38.908203125,6594094
2014-09-29,32.88020706176758,39.04399871826172,39.24497604370117,38.843021392822266,38.91363525390625,3008194
2014-09-30,32.82990264892578,38.984249114990234,39.12004470825195,38.837589263916016,39.03856658935547,4595872
2014-10-01,32.71096420288086,38.843021392822266,38.946224212646484,38.58772277832031,38.70722579956055,5009361
2014-10-02,32.72926330566406,38.86474609375,38.935359954833984,38.462791442871094,38.8973388671875,4123104
2014-10-03,33.35136413574219,39.603477478027344,39.65236282348633,39.14176940917969,39.14176940917969,5610448
2014-10-06,33.273597717285156,39.51113510131836,39.951114654541016,39.38620376586914,39.85877227783203,3612963
2014-10-07,32.74298095703125,38.88104248046875,39.424224853515625,38.88104248046875,39.38620376586914,3496980
2014-10-08,33.47029113769531,39.74470520019531,39.74470520019531,38.88104248046875,39.03313446044922,4408827
2014-10-09,32.848175048828125,39.00597381591797,39.78815841674805,38.951656341552734,39.614341735839844,4950817
2014-10-10,32.5920295715332,38.7017936706543,39.288429260253906,38.7017936706543,39.02227020263672,4402383
2014-10-13,31.864707946777344,37.838130950927734,38.6909294128418,37.821834564208984,38.62031555175781,4776475
2014-10-14,31.498760223388672,37.40358352661133,38.22378921508789,37.327537536621094,37.9793586730957,7363264
2014-10-15,31.26088523864746,37.121131896972656,37.18631362915039,36.214012145996094,37.110267639160156,8450006
2014-10-16,31.18771743774414,37.03422164916992,37.5774040222168,36.39326477050781,36.39326477050781,10618888
2014-10-17,30.757728576660156,36.52362823486328,37.343833923339844,36.05105972290039,37.12656021118164,11965395
2014-10-20,31.07793426513672,36.90385818481445,36.90928649902344,36.29005813598633,36.54535675048828,5878865
2014-10-21,31.402708053588867,37.28951644897461,37.376426696777344,36.87126541137695,36.96360778808594,6404655
2014-10-22,31.274625778198242,37.13742446899414,37.46333312988281,37.104835510253906,37.44704055786133,5951953
2014-10-23,31.608552932739258,37.53395080566406,37.734928131103516,37.45247268676758,37.46876525878906,3942686
2014-10-24,31.942476272583008,37.93047332763672,37.9793586730957,37.5556755065918,37.66974639892578,3039307
2014-10-27,31.95162582397461,37.94133758544922,38.12058639526367,37.80010986328125,37.9793586730957,2848395
2014-10-28,32.1666145324707,38.196632385253906,38.196632385253906,37.848995208740234,37.97392654418945,3484093
2014-10-29,32.2077751159668,38.24551773071289,38.38131332397461,38.03367614746094,38.13145065307617,5439050
2014-10-30,32.04768371582031,38.05540466308594,38.158607482910156,37.751220703125,38.158607482910156,6602194
2014-10-31,32.084259033203125,38.09885787963867,38.484519958496094,37.94133758544922,38.462791442871094,5944589
2014-11-03,31.87384796142578,37.848995208740234,38.09342575073242,37.707767486572266,38.09342575073242,5924154
2014-11-04,31.311216354370117,37.18088150024414,37.696903228759766,37.02878952026367,37.53937911987305,15038393
2014-11-05,32.431915283203125,38.51167678833008,38.63661193847656,37.14828872680664,37.246063232421875,15039865
2014-11-06,32.752140045166016,38.89190673828125,38.984249114990234,38.38131332397461,38.56599807739258,8744382
2014-11-07,32.29927444458008,38.354156494140625,38.77240753173828,38.28354263305664,38.70722579956055,7670342
2014-11-10,32.30841064453125,38.365020751953125,38.44106674194336,38.15317916870117,38.370452880859375,4930566
2014-11-11,32.36788558959961,38.43563461303711,38.56599807739258,38.25094985961914,38.457359313964844,3136144
2014-11-12,32.628623962402344,38.74524688720703,38.788700103759766,38.305267333984375,38.468223571777344,4056091
2014-11-13,32.97169876098633,39.15263366699219,39.24497604370117,38.74524688720703,38.799564361572266,5367436
2014-11-14,32.82074737548828,38.973384857177734,39.13090515136719,38.804996490478516,38.957088470458984,3947656
2014-11-17,32.93510055541992,39.10918045043945,39.14720153808594,38.810428619384766,38.86474609375,3083491
2014-11-18,33.200408935546875,39.424224853515625,39.445953369140625,39.04943084716797,39.22324752807617,3851924
2014-11-19,33.145511627197266,39.35904312133789,39.51113510131836,39.21781539916992,39.38077163696289,4027003
2014-11-20,32.93052291870117,39.1037483215332,39.293861389160156,38.89190673828125,39.23411178588867,6131819
2014-11-21,33.136375427246094,39.34817886352539,39.560020446777344,39.282997131347656,39.54372787475586,3954836
2014-11-24,33.136375427246094,39.34817886352539,39.48397445678711,39.27756881713867,39.48397445678711,4010434
2014-11-25,33.136375427246094,39.34817886352539,39.445953369140625,39.24497604370117,39.34817886352539,5247771
2014-11-26,33.118072509765625,39.326454162597656,39.440521240234375,39.26670455932617,39.440521240234375,2541501
2014-11-28,33.392539978027344,39.65236282348633,39.7609977722168,39.462249755859375,39.554588317871094,2136112
2014-12-01,33.33306121826172,39.581748962402344,39.83161163330078,39.413360595703125,39.72297668457031,3557548
2014-12-02,33.708160400390625,40.02716064453125,40.054317474365234,39.608909606933594,39.77729415893555,4796910
2014-12-03,33.96614074707031,40.048885345458984,40.11406707763672,39.614341735839844,39.71211242675781,5665862
2014-12-04,33.8924446105957,39.96197509765625,39.9891357421875,39.66322708129883,39.86420440673828,3975824
2014-12-05,34.191871643066406,40.31504440307617,40.423683166503906,39.77729415893555,39.88593292236328,5020223
2014-12-08,34.145816802978516,40.26072692871094,40.48886489868164,40.076045989990234,40.29875183105469,3434201
2014-12-09,33.99378204345703,40.081478118896484,40.108638763427734,39.69581604003906,39.929386138916016,4015221
2014-12-10,33.519283294677734,39.52199935913086,40.13036346435547,39.49483871459961,39.913089752197266,4928725
2014-12-11,33.68052673339844,39.71211242675781,39.99456787109375,39.570884704589844,39.99456787109375,4492961
2014-12-12,33.06321334838867,38.984249114990234,39.440521240234375,38.984249114990234,39.40250015258789,6080087
2014-12-15,32.754554748535156,38.62031555175781,39.299293518066406,38.58772277832031,39.13633728027344,5752205
2014-12-16,32.58409881591797,38.41933822631836,39.16893005371094,38.41933822631836,38.59315490722656,5547854
2014-12-17,33.293540954589844,39.25584030151367,39.407928466796875,38.37588119506836,38.479087829589844,4763588
2014-12-18,34.122779846191406,40.23357009887695,40.2390022277832,39.598045349121094,39.75556945800781,4948608
2014-12-19,34.31165313720703,40.45627212524414,40.61379623413086,39.85334014892578,40.23357009887695,6844102
2014-12-22,34.413002014160156,40.575775146484375,40.84193420410156,40.1846809387207,40.1846809387207,4193062
2014-12-23,34.31626510620117,40.46170425415039,40.8962516784668,40.385658264160156,40.84736633300781,4205949
2014-12-24,34.29783630371094,40.439979553222656,40.61922836303711,40.24443054199219,40.32047653198242,1574239
2014-12-26,34.34851837158203,40.49972915649414,40.59749984741211,40.34220504760742,40.407386779785156,1652298
2014-12-29,34.274803161621094,40.412818908691406,40.586639404296875,40.29331970214844,40.31504440307617,2286154
2014-12-30,34.09974670410156,40.2064094543457,40.52145767211914,40.16838836669922,40.407386779785156,2580162
2014-12-31,33.76344299316406,39.80988693237305,40.48886489868164,39.7935905456543,40.13036346435547,2693751
2015-01-02,33.77265548706055,39.82075119018555,40.21184158325195,39.592613220214844,39.98370361328125,3964594
2015-01-05,32.93421173095703,38.832157135009766,39.48397445678711,38.6474723815918,39.38077163696289,6754997
2015-01-06,32.75916290283203,38.62574768066406,39.13090515136719,38.51710891723633,38.957088470458984,6930076
2015-01-07,32.915775299072266,38.810428619384766,39.02770233154297,38.51710891723633,38.951656341552734,6065359
2015-01-08,33.7680549621582,39.8153190612793,39.902225494384766,39.23954391479492,39.26127243041992,5669175
2015-01-09,33.34422302246094,39.315589904785156,39.902225494384766,39.26127243041992,39.77729415893555,4221229
2015-01-12,33.500858306884766,39.50027084350586,39.603477478027344,39.17979431152344,39.47854232788086,4674299
2015-01-13,33.15534210205078,39.0928840637207,40.14665985107422,38.89190673828125,39.72840881347656,5311653
2015-01-14,33.044761657714844,38.962520599365234,38.973384857177734,38.56599807739258,38.826725006103516,4985428
2015-01-15,32.929603576660156,38.826725006103516,39.27756881713867,38.68549728393555,39.17436218261719,3731891
2015-01-16,33.17377471923828,39.1146125793457,39.14720153808594,38.479087829589844,38.810428619384766,4149246
2015-01-20,33.08162307739258,39.00597381591797,39.456817626953125,38.799564361572266,39.445953369140625,5047102
2015-01-21,32.874324798583984,38.76154327392578,39.15263366699219,38.74524688720703,39.01683807373047,5576205
2015-01-22,33.28894805908203,39.25040817260742,39.26670455932617,38.58772277832031,39.04399871826172,5022616
2015-01-23,32.90656661987305,38.799564361572266,39.21781539916992,38.77240753173828,39.16893005371094,3247156
2015-01-26,32.653194427490234,38.500816345214844,38.87017822265625,38.40847396850586,38.794132232666016,8382073
2015-01-27,32.55184555053711,38.38131332397461,38.60401916503906,38.04454040527344,38.354156494140625,5441812
2015-01-28,32.321502685546875,38.10972213745117,38.6474723815918,38.10972213745117,38.59858703613281,8207178
2015-01-29,32.88351821899414,38.77240753173828,39.05485916137695,38.169471740722656,38.71808624267578,9036917
2015-01-30,32.3906135559082,38.191200256347656,39.03856658935547,38.13145065307617,38.58772277832031,10089048
2015-02-02,32.49655532836914,38.316131591796875,38.326995849609375,37.58283615112305,38.22378921508789,5441996
2015-02-03,32.45511245727539,38.26724624633789,38.51710891723633,37.821834564208984,38.37588119506836,5848305
2015-02-04,32.28004455566406,38.06083679199219,38.42477035522461,37.9684944152832,38.05540466308594,4705964
2015-02-05,32.874324798583984,38.76154327392578,39.01140594482422,38.40304183959961,38.56599807739258,6125928
2015-02-06,32.694644927978516,38.54970169067383,38.89190673828125,38.468223571777344,38.6800651550293,5213896
2015-02-09,32.118804931640625,37.870723724365234,38.51167678833008,37.65888214111328,38.359588623046875,6066279
2015-02-10,32.353759765625,38.14774703979492,38.212928771972656,37.843563079833984,38.10429000854492,3660644
2015-02-11,32.1049919128418,37.854427337646484,38.332427978515625,37.49049377441406,38.10972213745117,5275754
2015-02-12,32.28464126586914,38.06626892089844,38.09342575073242,37.78924560546875,37.92504119873047,3860761
2015-02-13,32.42745590209961,38.23465347290039,38.27811050415039,37.740360260009766,37.88701629638672,3999020
2015-02-17,32.15104675292969,37.90874481201172,38.06626892089844,37.724063873291016,37.98479080200195,5919551
2015-02-18,31.510696411132812,37.15372085571289,37.47962951660156,36.8658332824707,37.47962951660156,10539909
2015-02-19,31.059232711791992,36.621402740478516,37.066810607910156,36.577945709228516,37.03965377807617,10845147
2015-02-20,31.280353546142578,36.88212966918945,36.91471862792969,35.81748962402344,36.556217193603516,19788541
2015-02-23,31.62127113342285,37.28408432006836,37.53395080566406,36.90385818481445,36.95817565917969,7395665
2015-02-24,31.814756393432617,37.51222229003906,37.55024337768555,37.213470458984375,37.28408432006836,8988130
2015-02-25,31.722618103027344,37.40358352661133,37.58283615112305,37.27322006225586,37.47962951660156,5560556
2015-02-26,31.635089874267578,37.30038070678711,37.56110763549805,37.224334716796875,37.31667709350586,4364643
2015-02-27,31.856220245361328,37.56110763549805,37.718631744384766,37.27865219116211,37.354698181152344,6061124
2015-03-02,32.2293701171875,38.0010871887207,38.03910827636719,37.51222229003906,37.56110763549805,6627784
2015-03-03,31.980600357055664,37.707767486572266,37.91417694091797,37.5448112487793,37.88701629638672,4455772
2015-03-04,31.902278900146484,37.61542510986328,37.805538177490234,37.41444778442383,37.707767486572266,4009882
2015-03-05,31.88385009765625,37.59370040893555,37.816402435302734,37.45790481567383,37.751220703125,3744594
2015-03-06,31.202043533325195,36.78978729248047,37.43617630004883,36.708309173583984,37.42531204223633,7265875
2015-03-09,31.429529190063477,36.773494720458984,36.8984260559082,36.50733184814453,36.724605560302734,5373327
2015-03-10,31.429529190063477,36.773494720458984,36.99076461791992,36.51819610595703,36.594242095947266,6968369
2015-03-11,31.109193801879883,36.39869689941406,36.93101501464844,36.33351516723633,36.93101501464844,6679332
2015-03-12,31.104541778564453,36.39326477050781,36.621402740478516,36.35524368286133,36.4747428894043,6117275
2015-03-13,31.271678924560547,36.588809967041016,36.6485595703125,36.262901306152344,36.38783264160156,7141423
2015-03-16,31.76842498779297,37.17001724243164,37.197174072265625,36.80065155029297,36.80608367919922,5460774
2015-03-17,31.786998748779297,37.19174575805664,37.40358352661133,36.90928649902344,36.99619674682617,6266028
2015-03-18,31.82413673400879,37.235198974609375,37.41444778442383,36.68115234375,37.093971252441406,8128751
2015-03-19,31.559520721435547,36.92558288574219,37.28408432006836,36.80065155029297,37.197174072265625,8700198
2015-03-20,31.65237045288086,37.03422164916992,37.327537536621094,36.83867645263672,37.13742446899414,12609561
2015-03-23,31.95876121520996,37.39271926879883,37.58283615112305,36.96903991699219,37.03422164916992,7451448
2015-03-24,31.800920486450195,37.208038330078125,37.43074417114258,37.15372085571289,37.29494857788086,7361054
2015-03-25,31.6337890625,37.01249313354492,37.46876525878906,36.96360778808594,37.18631362915039,6207852
2015-03-26,31.57807731628418,36.94731140136719,37.28408432006836,36.82781219482422,36.93644714355469,6112488
2015-03-27,31.82413673400879,37.235198974609375,37.27322006225586,36.93644714355469,37.14285659790039,3893163
2015-03-30,31.921619415283203,37.349266052246094,37.39815139770508,37.093971252441406,37.376426696777344,4841278
2015-03-31,31.800920486450195,37.208038330078125,37.381858825683594,37.099403381347656,37.197174072265625,5482130
2015-04-01,31.355247497558594,36.68658447265625,37.104835510253906,36.52362823486328,37.04508590698242,7211197
2015-04-02,31.56879997253418,36.93644714355469,37.072242736816406,36.4530143737793,36.66485595703125,4774634
2015-04-06,31.861276626586914,37.27865219116211,37.387290954589844,36.80608367919922,37.01792526245117,4122367
2015-04-07,32.190895080566406,37.66431427001953,37.832698822021484,37.240631103515625,37.26778793334961,5838363
2015-04-08,32.26517868041992,37.751220703125,37.859859466552734,37.5556755065918,37.66431427001953,5346632
2015-04-09,32.56692886352539,38.10429000854492,38.13145065307617,37.62085723876953,37.74578857421875,6593910
2015-04-10,32.76191711425781,38.332427978515625,38.343292236328125,37.93047332763672,38.02824783325195,4562366
2015-04-13,32.43694305419922,37.95220184326172,38.359588623046875,37.92504119873047,38.359588623046875,5710782
2015-04-14,32.487998962402344,38.0119514465332,38.07713317871094,37.66431427001953,37.76751708984375,6542362
2015-04-15,32.590145111083984,38.13145065307617,38.299835205078125,38.02824783325195,38.158607482910156,5051336
2015-04-16,32.56692886352539,38.10429000854492,38.191200256347656,37.94676971435547,38.05540466308594,5277779
2015-04-17,32.45550537109375,37.97392654418945,38.12601852416992,37.805538177490234,37.88701629638672,4423187
2015-04-20,32.664424896240234,38.218360900878906,38.39217758178711,38.05540466308594,38.06083679199219,4399438
2015-04-21,32.520511627197266,38.04997253417969,38.348724365234375,37.94676971435547,38.27267837524414,7221875
2015-04-22,32.673702239990234,38.22922134399414,38.26724624633789,37.88701629638672,38.185768127441406,4915286
2015-04-23,33.198307037353516,38.843021392822266,39.14720153808594,38.03367614746094,38.305267333984375,8504131
2015-04-24,33.02653121948242,38.64204025268555,38.78327178955078,38.365020751953125,38.77783966064453,5532021
2015-04-27,32.66904830932617,38.22378921508789,38.804996490478516,38.191200256347656,38.63117980957031,5341846
2015-04-28,32.60407638549805,38.14774703979492,38.218360900878906,37.78924560546875,38.02824783325195,4016326
2015-04-29,32.38124084472656,37.88701629638672,38.13688278198242,37.729496002197266,38.06083679199219,3677582
2015-04-30,31.912343978881836,37.338401794433594,37.729496002197266,37.202606201171875,37.729496002197266,4471605
2015-05-01,32.232662200927734,37.713199615478516,37.76751708984375,37.365562438964844,37.43074417114258,3735941
2015-05-04,32.46944808959961,37.9902229309082,38.08799743652344,37.713199615478516,37.75665283203125,3681632
2015-05-05,32.334808349609375,37.832698822021484,38.0228157043457,37.696903228759766,37.92504119873047,4530517
2015-05-06,31.991287231445312,37.43074417114258,38.01738357543945,37.30581283569336,38.0010871887207,4594952
2015-05-07,32.18625259399414,37.65888214111328,37.88701629638672,37.251495361328125,37.60456466674805,4856006
2015-05-08,32.306941986083984,37.80010986328125,38.06083679199219,37.6099967956543,37.98479080200195,3635423
2015-05-11,32.158390045166016,37.62628936767578,37.74578857421875,37.50135803222656,37.696903228759766,5230281
2015-05-12,31.86591911315918,37.28408432006836,37.691471099853516,37.246063232421875,37.5665397644043,6034982
2015-05-13,31.6152286529541,36.99076461791992,37.40901565551758,36.90385818481445,37.26235580444336,5204323
2015-05-14,32.05162048339844,37.50135803222656,37.53937911987305,37.066810607910156,37.208038330078125,4589613
2015-05-15,32.200172424316406,37.67517852783203,37.816402435302734,37.50135803222656,37.5882682800293,6252772
2015-05-18,31.68486785888672,37.072242736816406,37.74578857421875,36.6485595703125,37.713199615478516,13369894
2015-05-19,31.791629791259766,37.197174072265625,37.50679016113281,37.00162887573242,37.14285659790039,9495326
2015-05-20,31.54558753967285,36.90928649902344,37.29494857788086,36.83867645263672,37.213470458984375,8035045
2015-05-21,31.355247497558594,36.68658447265625,36.94731140136719,36.49103546142578,36.87126541137695,9988898
2015-05-22,31.276321411132812,36.594242095947266,36.97990036010742,36.561649322509766,36.66485595703125,6295484
2015-05-26,31.206682205200195,36.51276397705078,36.719173431396484,36.4530143737793,36.610538482666016,6649508
2015-05-27,31.123130798339844,36.41499328613281,36.6376953125,36.241172790527344,36.605106353759766,10562553
2015-05-28,31.417890548706055,36.4747428894043,36.52906036376953,36.279197692871094,36.30635452270508,8872331
2015-05-29,31.165225982666016,36.18142318725586,36.588809967041016,35.94242477416992,36.50189971923828,11771538
2015-06-01,31.043590545654297,36.04019546508789,36.34981155395508,35.86637878417969,36.279197692871094,8751930
2015-06-02,31.052946090698242,36.05105972290039,36.16512680053711,35.86094665527344,35.93156051635742,8825386
2015-06-03,30.833038330078125,35.79576110839844,36.19228744506836,35.73601150512695,36.16512680053711,12395821
2015-06-04,30.702035903930664,35.643672943115234,35.75774002075195,35.38294219970703,35.638240814208984,10515056
2015-06-05,30.42131233215332,35.3177604675293,35.632808685302734,35.28517150878906,35.5784912109375,7974660
2015-06-08,30.196727752685547,35.05703353881836,35.38837432861328,35.05160140991211,35.3612174987793,6931549
2015-06-09,29.981502532958984,34.80717086791992,35.05703353881836,34.76914596557617,35.035308837890625,9781417
2015-06-10,30.889183044433594,35.86094665527344,35.93156051635742,34.845191955566406,34.92667007446289,17805232
2015-06-11,31.937211990356445,37.077674865722656,37.15372085571289,35.80662536621094,35.86637878417969,23528532
2015-06-12,31.937211990356445,37.077674865722656,37.235198974609375,36.82781219482422,37.00162887573242,18214118
2015-06-15,31.787504196166992,36.90385818481445,37.04508590698242,36.599674224853516,36.90928649902344,11330066
2015-06-16,31.745397567749023,36.8549690246582,37.229766845703125,36.583377838134766,36.90385818481445,17176530
2015-06-17,31.88576889038086,37.01792526245117,37.18088150024414,36.599674224853516,36.97990036010742,11603639
2015-06-18,32.400428771972656,37.61542510986328,37.75665283203125,37.02335739135742,37.03965377807617,13697040
2015-06-19,32.47528839111328,37.702335357666016,37.9902229309082,37.48506164550781,37.65345001220703,14188219
2015-06-22,32.765357971191406,38.03910827636719,38.27267837524414,37.5665397644043,37.696903228759766,12785929
2015-06-23,33.06480026245117,38.38674545288086,38.473655700683594,37.77294921875,38.0119514465332,12088742
2015-06-24,33.51865005493164,38.91363525390625,39.07658767700195,38.495384216308594,38.53883743286133,19227036
2015-06-25,33.846168518066406,39.293861389160156,39.40250015258789,38.6474723815918,38.72895050048828,17348664
2015-06-26,33.649654388427734,39.06572341918945,39.565452575683594,38.940792083740234,39.26670455932617,24021736
2015-06-29,33.055450439453125,38.37588119506836,39.03313446044922,38.348724365234375,38.6474723815918,12327336
2015-06-30,32.71857833862305,37.98479080200195,38.6474723815918,37.91417694091797,38.63661193847656,18308193
2015-07-01,33.472442626953125,38.86000061035156,38.939998626708984,37.43000030517578,37.54999923706055,24435200
2015-07-02,32.99009323120117,38.29999923706055,38.849998474121094,38.20000076293945,38.77000045776367,20257100
2015-07-06,32.76613998413086,38.040000915527344,38.40999984741211,37.75,38.150001525878906,17521500
2015-07-07,31.96506118774414,37.11000061035156,38.0,36.47999954223633,37.88999938964844,17082700
2015-07-08,31.439638137817383,36.5,37.150001525878906,36.400001525878906,36.97999954223633,7799300
2015-07-09,31.88755226135254,37.02000045776367,37.09000015258789,36.72999954223633,37.08000183105469,10327200
2015-07-10,32.395748138427734,37.61000061035156,37.720001220703125,36.93000030517578,37.34000015258789,10109600
2015-07-13,32.38713836669922,37.599998474121094,37.72999954223633,37.290000915527344,37.72999954223633,8969100
2015-07-14,32.499114990234375,37.72999954223633,37.790000915527344,37.33000183105469,37.47999954223633,11631000
2015-07-15,32.4732780456543,37.70000076293945,37.810001373291016,37.529998779296875,37.7599983215332,12867400
2015-07-16,32.533573150634766,37.77000045776367,37.83000183105469,37.540000915527344,37.7599983215332,8280700
2015-07-17,32.180419921875,37.36000061035156,37.83000183105469,37.27000045776367,37.7400016784668,8858100
2015-07-20,32.43881607055664,37.65999984741211,37.75,37.2599983215332,37.43000030517578,12162900
2015-07-21,32.602474212646484,37.849998474121094,37.88999938964844,37.599998474121094,37.650001525878906,7290900
2015-07-22,32.48188781738281,37.709999084472656,37.86000061035156,37.650001525878906,37.72999954223633,8715400
2015-07-23,32.70583724975586,37.970001220703125,38.209999084472656,37.7599983215332,37.79999923706055,10271800
2015-07-24,32.421573638916016,37.63999938964844,37.970001220703125,37.59000015258789,37.79999923706055,6612600
2015-07-27,32.4732780456543,37.70000076293945,37.900001525878906,37.5,37.599998474121094,8898000
2015-07-28,32.80919647216797,38.09000015258789,38.150001525878906,37.68000030517578,37.959999084472656,8299900
2015-07-29,33.16236114501953,38.5,38.7599983215332,38.04999923706055,38.18000030517578,8413900
2015-07-30,34.463016510009766,40.0099983215332,40.06999969482422,37.709999084472656,37.81999969482422,14504000
2015-07-31,34.5233154296875,40.08000183105469,40.150001525878906,39.720001220703125,39.75,11660300
2015-08-03,34.0323371887207,39.5099983215332,40.06999969482422,39.38999938964844,39.91999816894531,6949200
2015-08-04,34.721431732177734,40.310001373291016,41.08000183105469,39.75,40.40999984741211,76058800
2015-08-05,36.28909683227539,42.130001068115234,43.439998626708984,40.400001525878906,40.560001373291016,40376600
2015-08-06,36.1168212890625,41.93000030517578,42.560001373291016,41.779998779296875,41.88999938964844,23178500
2015-08-07,36.073753356933594,41.880001068115234,42.709999084472656,41.459999084472656,41.939998626708984,11530500
2015-08-10,36.211585998535156,42.040000915527344,42.45000076293945,41.93000030517578,42.029998779296875,9214300
2015-08-11,35.97039031982422,41.7599983215332,41.97999954223633,41.4900016784668,41.689998626708984,6935500
2015-08-12,35.16071319580078,40.81999969482422,41.63999938964844,40.40999984741211,41.560001373291016,7711300
2015-08-13,35.16071319580078,40.81999969482422,41.040000915527344,40.5099983215332,40.810001373291016,4966900
2015-08-14,35.229637145996094,40.900001525878906,41.099998474121094,40.65999984741211,41.099998474121094,4402500
2015-08-17,35.10902404785156,40.7599983215332,40.810001373291016,40.470001220703125,40.75,6676300
2015-08-18,34.96260452270508,40.59000015258789,40.97999954223633,40.52000045776367,40.689998626708984,4176100
2015-08-19,34.574989318847656,40.13999938964844,40.58000183105469,40.060001373291016,40.47999954223633,6773900
2015-08-20,34.11846923828125,39.61000061035156,40.13999938964844,39.5099983215332,40.0,7850000
2015-08-21,32.97285461425781,38.279998779296875,39.40999984741211,38.0099983215332,39.25,15192700
2015-08-24,32.01675033569336,37.16999816894531,37.5099983215332,34.5,36.369998931884766,15628800
2015-08-25,31.844491958618164,36.970001220703125,37.9900016784668,36.880001068115234,37.9900016784668,10118100
2015-08-26,32.44742965698242,37.66999816894531,37.810001373291016,36.709999084472656,37.619998931884766,8622300
2015-08-27,33.2398796081543,38.59000015258789,38.77000045776367,37.7400016784668,37.970001220703125,9217800
2015-08-28,33.37770080566406,38.75,39.04999923706055,38.34000015258789,38.5,6382400
2015-08-31,33.119300842285156,38.45000076293945,38.90999984741211,38.369998931884766,38.650001525878906,4810100
2015-09-01,32.06843185424805,37.22999954223633,37.9900016784668,36.95000076293945,37.66999816894531,6330700
2015-09-02,32.314666748046875,37.400001525878906,37.65999984741211,37.0,37.630001068115234,3414100
2015-09-03,32.01226806640625,37.04999923706055,37.790000915527344,36.91999816894531,37.540000915527344,5842300
2015-09-04,31.226003646850586,36.13999938964844,36.709999084472656,35.90999984741211,36.560001373291016,8565000
2015-09-08,31.545684814453125,36.5099983215332,36.849998474121094,36.34000015258789,36.83000183105469,8096800
2015-09-09,31.372896194458008,36.310001373291016,37.2599983215332,36.25,37.040000915527344,4296900
2015-09-10,31.16552734375,36.06999969482422,36.31999969482422,35.75,36.25,5880800
2015-09-11,31.12232780456543,36.02000045776367,36.20000076293945,35.880001068115234,35.900001525878906,3885200
2015-09-14,31.079118728637695,35.970001220703125,36.13999938964844,35.720001220703125,35.959999084472656,3269900
2015-09-15,31.321054458618164,36.25,36.38999938964844,35.88999938964844,35.91999816894531,3137800
2015-09-16,31.28649139404297,36.209999084472656,36.369998931884766,35.97999954223633,36.279998779296875,3037700
2015-09-17,31.40744972229004,36.349998474121094,36.880001068115234,36.119998931884766,36.25,3351200
2015-09-18,31.321054458618164,36.25,36.279998779296875,35.869998931884766,35.88999938964844,6928100
2015-09-21,31.061840057373047,35.95000076293945,36.70000076293945,35.90999984741211,36.439998626708984,4207200
2015-09-22,30.655738830566406,35.47999954223633,35.619998931884766,34.84000015258789,35.59000015258789,6022300
2015-09-23,30.89767074584961,35.7599983215332,35.97999954223633,35.33000183105469,35.58000183105469,4406300
2015-09-24,30.491586685180664,35.290000915527344,35.58000183105469,34.77000045776367,35.54999923706055,6047300
2015-09-25,29.765796661376953,34.45000076293945,35.540000915527344,34.25,35.529998779296875,3936200
2015-09-28,28.15869903564453,32.59000015258789,34.34000015258789,32.52000045776367,34.25,7741700
2015-09-29,28.245107650756836,32.689998626708984,33.25,32.220001220703125,32.540000915527344,9033800
2015-09-30,28.38335418701172,32.849998474121094,33.25,32.56999969482422,33.11000061035156,6117600
2015-10-01,28.2796630859375,32.72999954223633,32.86000061035156,32.310001373291016,32.689998626708984,5616100
2015-10-02,28.98816680908203,33.54999923706055,33.56999969482422,32.18000030517578,32.41999816894531,7624300
2015-10-05,28.77216148376465,33.29999923706055,33.86000061035156,33.11000061035156,33.83000183105469,7007100
2015-10-06,27.882211685180664,32.27000045776367,33.5,32.18000030517578,33.33000183105469,9273700
2015-10-07,28.435199737548828,32.90999984741211,32.95000076293945,32.25,32.369998931884766,7084700
2015-10-08,28.728961944580078,33.25,33.33000183105469,32.619998931884766,32.93000030517578,6958900
2015-10-09,28.694400787353516,33.209999084472656,33.47999954223633,33.150001525878906,33.189998626708984,4960200
2015-10-12,28.919048309326172,33.470001220703125,33.529998779296875,33.099998474121094,33.16999816894531,3747600
2015-10-13,28.599353790283203,33.099998474121094,33.529998779296875,33.06999969482422,33.34000015258789,6068300
2015-10-14,28.556154251098633,33.04999923706055,33.27000045776367,32.91999816894531,33.130001068115234,3246800
2015-10-15,29.117778778076172,33.70000076293945,33.779998779296875,32.959999084472656,33.15999984741211,4024800
2015-10-16,29.307859420776367,33.91999816894531,34.16999816894531,33.630001068115234,33.86000061035156,4708300
2015-10-19,29.394268035888672,34.02000045776367,34.09000015258789,33.779998779296875,33.86000061035156,4482500
2015-10-20,29.601634979248047,34.2599983215332,34.5,33.880001068115234,33.970001220703125,5599700
2015-10-21,30.759424209594727,35.599998474121094,35.68000030517578,34.40999984741211,34.4900016784668,12740800
2015-10-22,30.17188262939453,34.91999816894531,35.65999984741211,34.43000030517578,35.650001525878906,7132700
2015-10-23,30.586626052856445,35.400001525878906,35.630001068115234,35.040000915527344,35.130001068115234,4959200
2015-10-26,31.02727699279785,35.90999984741211,36.16999816894531,35.400001525878906,35.470001220703125,6671300
2015-10-27,31.658031463623047,36.63999938964844,36.97999954223633,36.04999923706055,36.04999923706055,5736100
2015-10-28,32.18507766723633,37.25,37.560001373291016,36.060001373291016,36.56999969482422,10065200
2015-10-29,32.47883605957031,37.59000015258789,37.7599983215332,37.09000015258789,37.189998626708984,6967200
2015-10-30,32.30604934692383,37.38999938964844,37.63999938964844,37.310001373291016,37.599998474121094,6100600
2015-11-02,32.63438034057617,37.77000045776367,37.86000061035156,37.400001525878906,37.5099983215332,3848400
2015-11-03,33.0231819152832,38.220001220703125,38.38999938964844,37.599998474121094,37.779998779296875,4684600
2015-11-04,32.4615592956543,37.56999969482422,38.790000915527344,37.459999084472656,38.150001525878906,5725000
2015-11-05,32.44429016113281,37.54999923706055,37.869998931884766,37.220001220703125,37.72999954223633,3445200
2015-11-06,32.80717849731445,37.970001220703125,37.970001220703125,37.25,37.45000076293945,2964400
2015-11-09,32.53932189941406,37.65999984741211,37.959999084472656,37.45000076293945,37.810001373291016,3454300
2015-11-10,32.81581115722656,37.97999954223633,38.06999969482422,37.45000076293945,37.58000183105469,3779100
2015-11-11,32.729427337646484,37.880001068115234,38.11000061035156,37.79999923706055,38.0,3579900
2015-11-12,32.36652374267578,37.459999084472656,37.79999923706055,37.349998474121094,37.4900016784668,2826100
2015-11-13,32.4615592956543,37.56999969482422,37.849998474121094,37.400001525878906,37.52000045776367,3127500
2015-11-16,32.772613525390625,37.93000030517578,37.959999084472656,37.31999969482422,37.380001068115234,3842300
2015-11-17,32.63438034057617,37.77000045776367,38.0099983215332,37.54999923706055,37.90999984741211,3157100
2015-11-18,32.89356994628906,38.06999969482422,38.15999984741211,37.77000045776367,37.90999984741211,3950400
2015-11-19,32.75532531738281,37.90999984741211,38.119998931884766,37.720001220703125,37.95000076293945,2783000
2015-11-20,33.1009521484375,38.310001373291016,38.560001373291016,38.0,38.11000061035156,6891900
2015-11-23,32.89356994628906,38.06999969482422,38.279998779296875,37.900001525878906,38.2400016784668,5250300
2015-11-24,32.8676643371582,38.040000915527344,38.459999084472656,37.709999084472656,37.709999084472656,6299500
2015-11-25,32.729427337646484,37.880001068115234,38.08000183105469,37.720001220703125,38.08000183105469,2677900
2015-11-27,32.556610107421875,37.68000030517578,37.880001068115234,37.650001525878906,37.84000015258789,1737200
2015-11-30,32.53068923950195,37.650001525878906,37.849998474121094,37.470001220703125,37.72999954223633,5449200
2015-12-01,32.78125,37.939998626708984,38.040000915527344,37.619998931884766,37.880001068115234,3693900
2015-12-02,32.378265380859375,37.36000061035156,38.0,37.310001373291016,37.90999984741211,2976500
2015-12-03,31.95359992980957,36.869998931884766,37.70000076293945,36.81999969482422,37.470001220703125,6117100
2015-12-04,32.53425598144531,37.540000915527344,37.72999954223633,36.90999984741211,36.90999984741211,4767900
2015-12-07,32.69892501831055,37.72999954223633,37.779998779296875,37.34000015258789,37.5,3592500
2015-12-08,32.239593505859375,37.20000076293945,37.52000045776367,37.029998779296875,37.5,2260200
2015-12-09,31.866939544677734,36.77000045776367,37.5,36.650001525878906,36.90999984741211,2123700
2015-12-10,32.30892562866211,37.279998779296875,37.61000061035156,36.66999816894531,36.84000015258789,3727400
2015-12-11,31.927595138549805,36.84000015258789,38.400001525878906,36.540000915527344,36.88999938964844,3339600
2015-12-14,31.658935546875,36.529998779296875,36.97999954223633,36.08000183105469,36.849998474121094,4524700
2015-12-15,32.29159164428711,37.2599983215332,37.400001525878906,36.77000045776367,36.790000915527344,3423400
2015-12-16,32.78559112548828,37.83000183105469,37.88999938964844,37.15999984741211,37.400001525878906,4320300
2015-12-17,32.53425598144531,37.540000915527344,37.84000015258789,37.369998931884766,37.790000915527344,2666700
2015-12-18,31.76293182373047,36.650001525878906,37.380001068115234,36.650001525878906,37.34000015258789,5620700
2015-12-21,31.788938522338867,36.68000030517578,36.939998626708984,36.349998474121094,36.7400016784668,2578400
2015-12-22,32.60358810424805,37.619998931884766,37.720001220703125,36.63999938964844,36.810001373291016,4051100
2015-12-23,33.05424880981445,38.13999938964844,38.34000015258789,37.560001373291016,37.709999084472656,4177100
2015-12-24,33.06291961669922,38.150001525878906,38.380001068115234,38.060001373291016,38.060001373291016,2762200
2015-12-28,33.05424880981445,38.13999938964844,38.310001373291016,37.86000061035156,38.02000045776367,2698700
2015-12-29,33.41825485229492,38.560001373291016,38.689998626708984,38.29999923706055,38.38999938964844,3281800
2015-12-30,32.97624969482422,38.04999923706055,38.650001525878906,37.9900016784668,38.47999954223633,2909400
2015-12-31,33.06291961669922,38.150001525878906,38.54999923706055,37.720001220703125,37.86000061035156,3521700
2016-01-04,32.21358871459961,37.16999816894531,37.689998626708984,36.849998474121094,37.65999984741211,6261000
2016-01-05,32.343589782714844,37.31999969482422,37.43000030517578,36.869998931884766,37.15999984741211,4345700
2016-01-06,32.42158126831055,37.40999984741211,37.529998779296875,36.75,36.790000915527344,10814700
2016-01-07,31.884267807006836,36.790000915527344,37.040000915527344,36.15999984741211,36.88999938964844,7258200
2016-01-08,31.37293243408203,36.20000076293945,36.959999084472656,36.11000061035156,36.869998931884766,5440500
2016-01-11,30.844280242919922,35.59000015258789,36.5,35.2400016784668,36.310001373291016,5010800
2016-01-12,30.748947143554688,35.47999954223633,36.220001220703125,34.95000076293945,35.790000915527344,5281800
2016-01-13,30.18562889099121,34.83000183105469,36.20000076293945,34.7599983215332,35.7400016784668,5592500
2016-01-14,30.601619720458984,35.310001373291016,35.54999923706055,34.75,34.970001220703125,11573500
2016-01-15,30.41962432861328,35.099998474121094,35.459999084472656,34.540000915527344,34.56999969482422,6550600
2016-01-19,30.64495086669922,35.36000061035156,35.5,34.91999816894531,35.45000076293945,6271000
2016-01-20,30.124948501586914,34.7599983215332,35.060001373291016,34.060001373291016,34.81999969482422,5797500
2016-01-21,30.54962921142578,35.25,35.439998626708984,34.56999969482422,34.79999923706055,3436500
2016-01-22,31.260278701782227,36.06999969482422,36.130001068115234,35.709999084472656,35.75,3005700
2016-01-25,31.242937088012695,36.04999923706055,36.5,35.93000030517578,36.029998779296875,3870000
2016-01-26,31.667600631713867,36.540000915527344,36.560001373291016,35.97999954223633,36.13999938964844,2262800
2016-01-27,31.632944107055664,36.5,37.25,36.33000183105469,36.43000030517578,6976800
2016-01-28,30.939613342285156,35.70000076293945,37.22999954223633,35.41999816894531,36.959999084472656,6941500
2016-01-29,31.7196102142334,36.599998474121094,36.630001068115234,35.630001068115234,35.63999938964844,8212200
2016-02-01,32.30892562866211,37.279998779296875,37.4900016784668,36.279998779296875,36.369998931884766,9933100
2016-02-02,32.889591217041016,37.95000076293945,38.290000915527344,36.369998931884766,37.5,9251800
2016-02-03,33.15824890136719,38.2599983215332,38.45000076293945,37.41999816894531,38.22999954223633,8133600
2016-02-04,33.18425369262695,38.290000915527344,38.52000045776367,37.779998779296875,38.33000183105469,6869800
2016-02-05,32.49093246459961,37.4900016784668,38.29999923706055,37.2599983215332,38.099998474121094,5029500
2016-02-08,31.199613571166992,36.0,37.150001525878906,35.540000915527344,37.08000183105469,6256000
2016-02-09,31.3642635345459,36.189998626708984,36.58000183105469,35.779998779296875,35.880001068115234,4552800
2016-02-10,31.988265991210938,36.90999984741211,37.459999084472656,36.38999938964844,36.47999954223633,3779900
2016-02-11,31.095609664916992,35.880001068115234,36.560001373291016,35.7400016784668,36.290000915527344,5006500
2016-02-12,31.728261947631836,36.61000061035156,36.630001068115234,35.790000915527344,36.11000061035156,3560900
2016-02-16,32.42158126831055,37.40999984741211,37.459999084472656,36.66999816894531,36.880001068115234,4289100
2016-02-17,33.11492156982422,38.209999084472656,38.56999969482422,37.66999816894531,37.66999816894531,4610400
2016-02-18,32.99357986450195,38.06999969482422,38.34000015258789,37.90999984741211,38.13999938964844,3962900
2016-02-19,32.62960433959961,37.650001525878906,38.029998779296875,37.36000061035156,37.97999954223633,12723900
2016-02-22,33.28824234008789,38.40999984741211,38.470001220703125,37.88999938964844,38.16999816894531,4695000
2016-02-23,33.22758102416992,38.34000015258789,38.40999984741211,37.689998626708984,38.150001525878906,3495100
2016-02-24,33.773582458496094,38.970001220703125,39.02000045776367,37.779998779296875,37.93000030517578,3975500
2016-02-25,34.52756118774414,39.84000015258789,39.86000061035156,38.900001525878906,39.06999969482422,4347300
2016-02-26,34.1722297668457,39.43000030517578,40.560001373291016,39.38999938964844,39.83000183105469,6168300
2016-02-29,34.24156951904297,39.5099983215332,40.04999923706055,39.380001068115234,39.47999954223633,6517000
2016-03-01,34.64889907836914,39.97999954223633,40.0,39.25,39.650001525878906,4163700
2016-03-02,34.51418685913086,39.709999084472656,39.939998626708984,39.52000045776367,39.52000045776367,3541400
2016-03-03,34.18389892578125,39.33000183105469,39.529998779296875,38.9900016784668,39.47999954223633,4829600
2016-03-04,34.29689407348633,39.459999084472656,39.7599983215332,38.9900016784668,39.22999954223633,4913000
2016-03-07,34.60979080200195,39.81999969482422,39.9900016784668,39.209999084472656,39.290000915527344,3799800
2016-03-08,34.401206970214844,39.58000183105469,39.849998474121094,39.40999984741211,39.66999816894531,3128600
2016-03-09,34.409889221191406,39.59000015258789,39.88999938964844,39.060001373291016,39.7599983215332,2609100
2016-03-10,34.59239959716797,39.79999923706055,40.16999816894531,39.41999816894531,39.75,3806300
2016-03-11,35.18342590332031,40.47999954223633,40.5,39.880001068115234,39.970001220703125,2612900
2016-03-14,35.1486701965332,40.439998626708984,40.66999816894531,40.04999923706055,40.189998626708984,2475700
2016-03-15,34.87052917480469,40.119998931884766,40.2400016784668,39.88999938964844,40.060001373291016,2225100
2016-03-16,34.792320251464844,40.029998779296875,40.29999923706055,39.689998626708984,40.08000183105469,2298100
2016-03-17,34.52287292480469,39.720001220703125,40.0,39.279998779296875,40.0,2477800
2016-03-18,34.87922668457031,40.130001068115234,40.40999984741211,39.560001373291016,39.779998779296875,6178300
2016-03-21,34.809688568115234,40.04999923706055,40.2599983215332,39.869998931884766,40.130001068115234,3641000
2016-03-22,35.28772735595703,40.599998474121094,40.84000015258789,39.90999984741211,39.959999084472656,4553800
2016-03-23,35.36595916748047,40.689998626708984,41.06999969482422,40.31999969482422,40.720001220703125,8920800
2016-03-24,34.86184310913086,40.11000061035156,40.5099983215332,39.900001525878906,40.36000061035156,4569200
2016-03-28,35.18342590332031,40.47999954223633,40.650001525878906,39.97999954223633,40.150001525878906,2631000
2016-03-29,35.878753662109375,41.279998779296875,41.369998931884766,40.27000045776367,40.47999954223633,3976400
2016-03-30,35.86136245727539,41.2599983215332,41.45000076293945,40.939998626708984,41.290000915527344,5153600
2016-03-31,35.70492935180664,41.08000183105469,41.5,41.04999923706055,41.33000183105469,5681100
2016-04-01,36.235107421875,41.689998626708984,41.72999954223633,40.52000045776367,40.720001220703125,3811700
2016-04-04,36.57408905029297,42.08000183105469,42.310001373291016,41.61000061035156,41.75,4351500
2016-04-05,35.90483856201172,41.310001373291016,41.9900016784668,41.13999938964844,41.79999923706055,5425300
2016-04-06,36.695762634277344,42.220001220703125,42.22999954223633,41.20000076293945,41.20000076293945,4387900
2016-04-07,36.26987838745117,41.72999954223633,42.29999923706055,41.349998474121094,42.040000915527344,3392800
2016-04-08,36.36549377441406,41.84000015258789,42.0,41.560001373291016,41.91999816894531,2115400
2016-04-11,36.45240020751953,41.939998626708984,42.22999954223633,41.79999923706055,41.959999084472656,3530000
2016-04-12,36.53062438964844,42.029998779296875,42.150001525878906,41.720001220703125,41.91999816894531,2815600
2016-04-13,36.80006408691406,42.34000015258789,42.41999816894531,42.11000061035156,42.20000076293945,2205100
2016-04-14,37.069515228271484,42.650001525878906,42.97999954223633,42.349998474121094,42.810001373291016,3522800
2016-04-15,37.10426330566406,42.689998626708984,42.689998626708984,42.43000030517578,42.63999938964844,3798700
2016-04-18,37.46062088012695,43.099998474121094,43.25,42.529998779296875,42.529998779296875,6143800
2016-04-19,37.69529342651367,43.369998931884766,43.5,42.970001220703125,43.08000183105469,5773200
2016-04-20,37.59968566894531,43.2599983215332,43.52000045776367,43.09000015258789,43.369998931884766,5090500
2016-04-21,37.382389068603516,43.0099983215332,43.459999084472656,42.869998931884766,43.290000915527344,4023500
2016-04-22,37.651817321777344,43.31999969482422,43.59000015258789,43.0,43.099998474121094,33386700
2016-04-25,37.9212760925293,43.630001068115234,43.689998626708984,43.25,43.310001373291016,16409400
2016-04-26,38.216796875,43.970001220703125,44.75,43.529998779296875,44.0,14621000
2016-04-27,38.39929962158203,44.18000030517578,44.779998779296875,44.06999969482422,44.34000015258789,11937900
2016-04-28,38.468833923339844,44.2599983215332,44.66999816894531,43.95000076293945,44.04999923706055,16267800
2016-04-29,38.4340705871582,44.220001220703125,44.61000061035156,43.84000015258789,44.119998931884766,8992200
2016-05-02,38.859954833984375,44.709999084472656,44.720001220703125,44.2400016784668,44.38999938964844,6968800
2016-05-03,38.58182907104492,44.38999938964844,44.95000076293945,44.310001373291016,44.36000061035156,16850800
2016-05-04,39.216312408447266,45.119998931884766,45.25,44.150001525878906,44.27000045776367,15993100
2016-05-05,39.37276840209961,45.29999923706055,45.459999084472656,44.90999984741211,45.08000183105469,21337300
2016-05-06,39.17285919189453,45.06999969482422,45.459999084472656,44.61000061035156,45.20000076293945,21284100
2016-05-09,39.24237823486328,45.150001525878906,45.52000045776367,45.040000915527344,45.040000915527344,20858400
2016-05-10,39.54659652709961,45.5,45.66999816894531,44.81999969482422,45.04999923706055,21345800
2016-05-11,40.32014465332031,46.38999938964844,46.5099983215332,45.2400016784668,45.29999923706055,34540700
2016-05-12,39.65959548950195,45.630001068115234,46.95000076293945,45.220001220703125,46.560001373291016,21637800
2016-05-13,39.563987731933594,45.52000045776367,45.90999984741211,45.22999954223633,45.560001373291016,24874100
2016-05-16,39.5205192565918,45.470001220703125,45.880001068115234,45.29999923706055,45.38999938964844,25229800
2016-05-17,38.76435470581055,44.599998474121094,45.779998779296875,44.220001220703125,45.349998474121094,33325900
2016-05-18,39.18156051635742,45.08000183105469,45.08000183105469,44.040000915527344,44.59000015258789,36029500
2016-05-19,37.51277160644531,43.15999984741211,44.650001525878906,43.04999923706055,44.369998931884766,18350100
2016-05-20,37.30417251586914,42.91999816894531,43.5099983215332,42.88999938964844,43.349998474121094,11681600
2016-05-23,37.11294937133789,42.70000076293945,43.08000183105469,42.56999969482422,42.95000076293945,4981100
2016-05-24,37.94734573364258,43.65999984741211,43.91999816894531,42.790000915527344,42.81999969482422,18388300
2016-05-25,37.808292388916016,43.5,43.93000030517578,43.15999984741211,43.93000030517578,9703300
2016-05-26,37.747440338134766,43.43000030517578,43.7400016784668,43.25,43.630001068115234,14075700
2016-05-27,37.64314270019531,43.310001373291016,43.54999923706055,43.150001525878906,43.470001220703125,7582500
2016-05-31,37.51277160644531,43.15999984741211,43.439998626708984,42.91999816894531,43.310001373291016,7448900
2016-06-01,37.7743034362793,43.33000183105469,43.400001525878906,42.84000015258789,43.029998779296875,4804700
2016-06-02,37.861480712890625,43.43000030517578,43.599998474121094,43.11000061035156,43.310001373291016,4482900
2016-06-03,37.90507125854492,43.47999954223633,43.58000183105469,43.06999969482422,43.150001525878906,3582700
2016-06-06,38.33225631713867,43.970001220703125,43.970001220703125,43.41999816894531,43.5,7498700
2016-06-07,38.29737854003906,43.93000030517578,44.189998626708984,43.77000045776367,43.939998626708984,3446900
2016-06-08,38.8814697265625,44.599998474121094,44.619998931884766,43.810001373291016,43.86000061035156,4372500
2016-06-09,39.01222610473633,44.75,44.790000915527344,44.220001220703125,44.529998779296875,3770100
2016-06-10,38.78558349609375,44.4900016784668,44.59000015258789,44.060001373291016,44.40999984741211,3331000
2016-06-13,38.715824127197266,44.40999984741211,44.779998779296875,44.119998931884766,44.119998931884766,3145200
2016-06-14,38.74198913574219,44.439998626708984,44.599998474121094,44.060001373291016,44.310001373291016,3924800
2016-06-15,38.54146957397461,44.209999084472656,44.630001068115234,44.18000030517578,44.599998474121094,2429400
2016-06-16,38.855316162109375,44.56999969482422,44.619998931884766,44.0099983215332,44.13999938964844,3558800
2016-06-17,38.74198913574219,44.439998626708984,44.66999816894531,44.0,44.630001068115234,5158100
2016-06-20,39.195308685302734,44.959999084472656,45.04999923706055,44.540000915527344,44.83000183105469,7286300
2016-06-21,39.238895416259766,45.0099983215332,45.11000061035156,44.59000015258789,45.04999923706055,2810200
2016-06-22,39.17787551879883,44.939998626708984,45.15999984741211,44.779998779296875,45.09000015258789,5368900
2016-06-23,40.067073822021484,45.959999084472656,45.959999084472656,45.15999984741211,45.18000030517578,3274700
2016-06-24,38.227638244628906,43.849998474121094,44.84000015258789,43.720001220703125,44.84000015258789,11205000
2016-06-27,36.91995620727539,42.349998474121094,43.54999923706055,42.220001220703125,43.54999923706055,7807600
2016-06-28,37.81789016723633,43.380001068115234,43.40999984741211,42.310001373291016,42.70000076293945,6167400
2016-06-29,39.07325744628906,44.81999969482422,44.84000015258789,43.779998779296875,43.779998779296875,4085100
2016-06-30,39.421974182128906,45.220001220703125,45.2400016784668,44.7599983215332,44.9900016784668,5242500
2016-07-01,39.622474670410156,45.45000076293945,45.5,45.029998779296875,45.18000030517578,2377200
2016-07-05,39.50044250488281,45.310001373291016,45.58000183105469,45.150001525878906,45.25,3980800
2016-07-06,40.09324645996094,45.9900016784668,46.11000061035156,44.9900016784668,45.22999954223633,4877000
2016-07-07,40.206581115722656,46.119998931884766,46.36000061035156,45.86000061035156,45.91999816894531,2485400
2016-07-08,40.66862869262695,46.650001525878906,46.66999816894531,46.16999816894531,46.310001373291016,3256800
2016-07-11,40.52912139892578,46.4900016784668,46.900001525878906,46.369998931884766,46.869998931884766,4482500
2016-07-12,40.84297180175781,46.849998474121094,47.13999938964844,46.38999938964844,46.5,3544600
2016-07-13,40.81682586669922,46.81999969482422,47.220001220703125,46.7400016784668,47.130001068115234,2485200
2016-07-14,40.93016052246094,46.95000076293945,47.209999084472656,46.7400016784668,47.09000015258789,2907000
2016-07-15,40.77323532104492,46.77000045776367,47.20000076293945,46.560001373291016,47.08000183105469,2961700
2016-07-18,40.581451416015625,46.54999923706055,46.86000061035156,46.34000015258789,46.810001373291016,2811800
2016-07-19,40.27632141113281,46.20000076293945,46.529998779296875,45.900001525878906,46.439998626708984,3484900
2016-07-20,40.712215423583984,46.70000076293945,46.86000061035156,46.459999084472656,46.47999954223633,1663200
2016-07-21,40.18914031982422,46.099998474121094,46.720001220703125,45.869998931884766,46.63999938964844,2355900
2016-07-22,40.38093185424805,46.31999969482422,46.31999969482422,45.66999816894531,46.18000030517578,2980500
2016-07-25,40.18914031982422,46.099998474121094,46.439998626708984,45.869998931884766,46.38999938964844,2601100
2016-07-26,41.854225158691406,48.0099983215332,48.09000015258789,46.470001220703125,46.54999923706055,6844600
2016-07-27,42.124488830566406,48.31999969482422,48.5,47.470001220703125,48.0099983215332,5926400
2016-07-28,42.037322998046875,48.220001220703125,48.4900016784668,47.959999084472656,48.310001373291016,3776900
2016-07-29,41.86296463012695,48.02000045776367,48.34000015258789,47.81999969482422,48.18000030517578,5489200
2016-08-01,42.281410217285156,48.5,48.7599983215332,47.9900016784668,48.060001373291016,4063900
2016-08-02,42.26398849487305,48.47999954223633,48.689998626708984,48.220001220703125,48.470001220703125,4180200
2016-08-03,41.95014190673828,48.119998931884766,48.43000030517578,47.959999084472656,48.38999938964844,2531100
2016-08-04,41.91526412963867,48.08000183105469,48.349998474121094,47.75,48.09000015258789,4607900
2016-08-05,41.89784240722656,48.060001373291016,48.400001525878906,48.02000045776367,48.29999923706055,2323800
2016-08-08,41.828086853027344,47.97999954223633,48.310001373291016,47.93000030517578,48.08000183105469,2609600
2016-08-09,41.97629928588867,48.150001525878906,48.27000045776367,47.959999084472656,48.060001373291016,1897700
2016-08-10,42.368595123291016,48.599998474121094,48.70000076293945,48.029998779296875,48.20000076293945,4132200
2016-08-11,42.74345779418945,49.029998779296875,49.4900016784668,48.599998474121094,48.61000061035156,3499900
2016-08-12,42.359867095947266,48.59000015258789,49.119998931884766,48.45000076293945,49.119998931884766,2273600
2016-08-15,42.20295715332031,48.40999984741211,48.97999954223633,48.38999938964844,48.70000076293945,2312200
2016-08-16,42.05474853515625,48.2400016784668,48.36000061035156,48.04999923706055,48.25,3383100
2016-08-17,41.828086853027344,47.97999954223633,48.349998474121094,47.54999923706055,48.29999923706055,3768800
2016-08-18,41.854225158691406,48.0099983215332,48.2400016784668,47.849998474121094,47.900001525878906,3314000
2016-08-19,41.80195236206055,47.95000076293945,48.060001373291016,47.59000015258789,47.869998931884766,3084600
2016-08-22,41.828086853027344,47.97999954223633,48.09000015258789,47.66999816894531,47.66999816894531,2887300
2016-08-23,41.828086853027344,47.97999954223633,48.349998474121094,47.939998626708984,48.06999969482422,2280500
2016-08-24,41.026058197021484,47.060001373291016,48.34000015258789,46.970001220703125,48.029998779296875,3513500
2016-08-25,41.060916900634766,47.099998474121094,47.599998474121094,46.90999984741211,46.9900016784668,5112700
2016-08-26,41.13066101074219,47.18000030517578,47.540000915527344,46.91999816894531,47.2400016784668,3197900
2016-08-29,41.33116149902344,47.40999984741211,47.540000915527344,47.150001525878906,47.290000915527344,3494500
2016-08-30,40.87784194946289,46.88999938964844,47.72999954223633,46.779998779296875,47.72999954223633,3304300
2016-08-31,40.851627349853516,46.72999954223633,46.93000030517578,46.52000045776367,46.84000015258789,3553700
2016-09-01,40.37080764770508,46.18000030517578,46.779998779296875,45.90999984741211,46.75,4249300
2016-09-02,40.458221435546875,46.279998779296875,46.439998626708984,46.08000183105469,46.380001068115234,3081400
2016-09-06,40.16973114013672,45.95000076293945,46.400001525878906,45.47999954223633,46.2400016784668,5956600
2016-09-07,40.12602996826172,45.900001525878906,46.130001068115234,45.77000045776367,45.849998474121094,3992300
2016-09-08,40.27464294433594,46.06999969482422,46.380001068115234,45.75,45.83000183105469,5145200
2016-09-09,39.41792678833008,45.09000015258789,45.97999954223633,45.08000183105469,45.72999954223633,4613300
2016-09-12,39.9774055480957,45.72999954223633,45.849998474121094,44.689998626708984,44.869998931884766,4486100
2016-09-13,39.67144012451172,45.380001068115234,45.95000076293945,45.16999816894531,45.400001525878906,5529700
2016-09-14,39.71514892578125,45.43000030517578,45.86000061035156,45.22999954223633,45.349998474121094,3772200
2016-09-15,41.14884567260742,47.06999969482422,47.279998779296875,45.41999816894531,45.540000915527344,6337500
2016-09-16,41.33242416381836,47.279998779296875,47.400001525878906,46.75,47.09000015258789,14557000
2016-09-19,41.306217193603516,47.25,47.779998779296875,47.119998931884766,47.36000061035156,3026200
2016-09-20,41.4286003112793,47.38999938964844,47.75,47.369998931884766,47.43000030517578,4296100
2016-09-21,41.89192199707031,47.91999816894531,47.9900016784668,47.31999969482422,47.38999938964844,2752000
2016-09-22,42.136695861816406,48.20000076293945,48.2599983215332,48.0,48.08000183105469,5580400
2016-09-23,41.516014099121094,47.4900016784668,47.9900016784668,47.349998474121094,47.97999954223633,3310700
2016-09-26,41.26250076293945,47.20000076293945,47.41999816894531,47.0099983215332,47.34000015258789,2418400
2016-09-27,41.37614440917969,47.33000183105469,47.470001220703125,47.0099983215332,47.29999923706055,3377000
2016-09-28,41.89192199707031,47.91999816894531,47.939998626708984,47.15999984741211,47.38999938964844,3488500
2016-09-29,41.017730712890625,46.91999816894531,47.83000183105469,46.720001220703125,47.83000183105469,3310900
2016-09-30,41.61217498779297,47.599998474121094,47.77000045776367,47.0099983215332,47.13999938964844,3176100
2016-10-03,41.64714813232422,47.63999938964844,47.68000030517578,47.040000915527344,47.29999923706055,2601500
2016-10-04,41.34116744995117,47.290000915527344,47.7599983215332,46.959999084472656,47.58000183105469,2548200
2016-10-05,41.89192199707031,47.91999816894531,47.939998626708984,47.36000061035156,47.380001068115234,3071000
2016-10-06,42.1541862487793,48.220001220703125,48.220001220703125,47.65999984741211,47.790000915527344,2955800
2016-10-07,42.35525894165039,48.45000076293945,48.54999923706055,48.040000915527344,48.369998931884766,3583300
2016-10-10,42.224117279052734,48.29999923706055,48.84000015258789,48.18000030517578,48.65999984741211,2885900
2016-10-11,41.096397399902344,47.0099983215332,48.16999816894531,46.70000076293945,48.13999938964844,2886500
2016-10-12,41.070167541503906,46.97999954223633,47.33000183105469,46.84000015258789,47.150001525878906,2782600
2016-10-13,41.71708679199219,47.720001220703125,47.88999938964844,46.63999938964844,46.95000076293945,6311800
2016-10-14,41.481048583984375,47.45000076293945,48.25,47.380001068115234,48.0,4489800
2016-10-17,41.411109924316406,47.369998931884766,47.54999923706055,47.31999969482422,47.439998626708984,2470800
2016-10-18,42.01431655883789,48.060001373291016,48.11000061035156,47.36000061035156,47.779998779296875,2720300
2016-10-19,41.81325149536133,47.83000183105469,48.25,47.5,48.119998931884766,2822200
2016-10-20,42.12795639038086,48.189998626708984,48.34000015258789,47.720001220703125,47.790000915527344,2066700
2016-10-21,42.119224548339844,48.18000030517578,48.2400016784668,47.59000015258789,47.810001373291016,3667000
2016-10-24,42.34650802612305,48.439998626708984,48.90999984741211,48.29999923706055,48.54999923706055,5544900
2016-10-25,42.9759521484375,49.15999984741211,50.15999984741211,48.90999984741211,49.939998626708984,9771400
2016-10-26,41.472312927246094,47.439998626708984,49.189998626708984,47.29999923706055,49.130001068115234,6697600
2016-10-27,40.930301666259766,46.81999969482422,47.66999816894531,46.54999923706055,47.66999816894531,5657200
2016-10-28,41.26250076293945,47.20000076293945,47.75,46.75,46.90999984741211,4525100
2016-10-31,41.60344314575195,47.59000015258789,47.709999084472656,46.77000045776367,47.20000076293945,4176500
2016-11-01,40.99148941040039,46.88999938964844,47.65999984741211,46.58000183105469,47.650001525878906,7288000
2016-11-02,40.86037063598633,46.7400016784668,47.34000015258789,46.66999816894531,46.849998474121094,5649900
2016-11-03,40.982749938964844,46.880001068115234,47.290000915527344,46.84000015258789,46.93000030517578,3193500
2016-11-04,41.078914642333984,46.9900016784668,47.41999816894531,46.88999938964844,47.04999923706055,3187400
2016-11-07,41.62965774536133,47.619998931884766,49.290000915527344,47.41999816894531,47.61000061035156,2376500
2016-11-08,42.03179931640625,48.08000183105469,48.349998474121094,47.349998474121094,47.5099983215332,4412500
2016-11-09,40.73797607421875,46.599998474121094,48.0,45.79999923706055,47.86000061035156,7559700
2016-11-10,41.821983337402344,47.84000015258789,47.97999954223633,46.869998931884766,47.029998779296875,4331100
2016-11-11,40.930301666259766,46.81999969482422,48.02000045776367,46.790000915527344,47.790000915527344,3402200
2016-11-14,39.35673522949219,45.02000045776367,47.0,44.959999084472656,46.90999984741211,5467200
2016-11-15,40.27464294433594,46.06999969482422,46.189998626708984,45.029998779296875,45.189998626708984,4520300
2016-11-16,40.24842071533203,46.040000915527344,46.66999816894531,45.97999954223633,46.08000183105469,4743800
2016-11-17,41.17508316040039,47.099998474121094,47.150001525878906,46.040000915527344,46.09000015258789,4135600
2016-11-18,41.070167541503906,46.97999954223633,47.189998626708984,46.79999923706055,47.099998474121094,2399300
2016-11-21,41.140113830566406,47.060001373291016,47.43000030517578,46.91999816894531,47.220001220703125,1998700
2016-11-22,40.37080764770508,46.18000030517578,46.88999938964844,45.599998474121094,46.88999938964844,5318700
2016-11-23,40.703006744384766,46.560001373291016,46.79999923706055,46.0,46.02000045776367,2321000
2016-11-25,40.842872619628906,46.720001220703125,47.040000915527344,46.619998931884766,46.779998779296875,1117000
2016-11-28,40.74671936035156,46.61000061035156,46.939998626708984,46.529998779296875,46.58000183105469,2468000
2016-11-29,39.129432678222656,44.7599983215332,46.779998779296875,44.68000030517578,46.68000030517578,10201500
2016-11-30,38.9014892578125,44.369998931884766,44.779998779296875,43.2400016784668,44.68000030517578,9351100
2016-12-01,38.252685546875,43.630001068115234,44.779998779296875,43.31999969482422,44.41999816894531,8849700
2016-12-02,38.585838317871094,44.0099983215332,44.20000076293945,43.689998626708984,43.779998779296875,5933600
2016-12-05,38.48064422607422,43.88999938964844,44.31999969482422,43.5,44.13999938964844,7128100
2016-12-06,38.56831741333008,43.9900016784668,44.45000076293945,43.470001220703125,44.08000183105469,5269900
2016-12-07,38.68230056762695,44.119998931884766,44.27000045776367,43.130001068115234,43.630001068115234,5871300
2016-12-08,38.64723205566406,44.08000183105469,44.20000076293945,43.75,43.93000030517578,2771400
2016-12-09,39.31355667114258,44.84000015258789,44.869998931884766,44.09000015258789,44.209999084472656,2493100
2016-12-12,39.445068359375,44.9900016784668,45.310001373291016,44.689998626708984,44.689998626708984,2516900
2016-12-13,39.47137451171875,45.02000045776367,45.41999816894531,44.77000045776367,45.11000061035156,2564700
2016-12-14,39.48890686035156,45.040000915527344,45.38999938964844,44.90999984741211,45.11000061035156,3210400
2016-12-15,39.53274154663086,45.09000015258789,45.310001373291016,44.75,44.959999084472656,3640700
2016-12-16,39.20834732055664,44.720001220703125,45.209999084472656,44.56999969482422,45.16999816894531,6990900
2016-12-19,39.13820266723633,44.63999938964844,45.099998474121094,44.599998474121094,44.849998474121094,2179600
2016-12-20,38.664764404296875,44.099998474121094,44.7599983215332,44.0,44.70000076293945,3283600
2016-12-21,38.65598678588867,44.09000015258789,44.31999969482422,43.810001373291016,44.06999969482422,2103400
2016-12-22,38.71736526489258,44.15999984741211,44.380001068115234,44.02000045776367,44.150001525878906,1728700
2016-12-23,38.76997756958008,44.220001220703125,44.400001525878906,44.029998779296875,44.20000076293945,1998400
2016-12-27,38.910255432128906,44.380001068115234,44.5099983215332,44.220001220703125,44.25,1610500
2016-12-28,38.74366760253906,44.189998626708984,44.439998626708984,43.95000076293945,44.41999816894531,1765000
2016-12-29,38.80503845214844,44.2599983215332,44.540000915527344,44.09000015258789,44.13999938964844,1568800
2016-12-30,38.875186920166016,44.34000015258789,44.75,44.220001220703125,44.439998626708984,2206500
2017-01-03,38.962852478027344,44.439998626708984,44.7400016784668,44.060001373291016,44.380001068115234,2937400
2017-01-04,39.234649658203125,44.75,44.869998931884766,44.459999084472656,44.540000915527344,2161500
2017-01-05,39.497676849365234,45.04999923706055,45.2400016784668,44.56999969482422,44.75,2345000
2017-01-06,39.90974426269531,45.52000045776367,45.61000061035156,44.880001068115234,45.060001373291016,2930900
2017-01-09,40.479637145996094,46.16999816894531,46.220001220703125,45.4900016784668,45.72999954223633,4265700
2017-01-10,40.77772521972656,46.5099983215332,46.75,46.060001373291016,46.220001220703125,2990700
2017-01-11,41.198570251464844,46.9900016784668,47.0099983215332,46.5099983215332,46.619998931884766,3649800
2017-01-12,40.77772521972656,46.5099983215332,46.939998626708984,46.0099983215332,46.810001373291016,2510400
2017-01-13,40.72511672973633,46.45000076293945,46.83000183105469,46.34000015258789,46.59000015258789,1240100
2017-01-17,40.7864990234375,46.52000045776367,46.59000015258789,45.790000915527344,46.189998626708984,2570800
2017-01-18,41.00568771362305,46.77000045776367,46.970001220703125,46.38999938964844,46.52000045776367,2376800
2017-01-19,40.8303337097168,46.56999969482422,46.869998931884766,46.279998779296875,46.68000030517578,1928500
2017-01-20,40.5322380065918,46.22999954223633,47.400001525878906,46.20000076293945,46.70000076293945,3541200
2017-01-23,40.348121643066406,46.02000045776367,46.38999938964844,45.650001525878906,46.060001373291016,2700300
2017-01-24,40.199073791503906,45.849998474121094,46.0,45.470001220703125,45.970001220703125,1911500
2017-01-25,40.453330993652344,46.13999938964844,46.36000061035156,45.81999969482422,45.86000061035156,2662600
2017-01-26,40.37442398071289,46.04999923706055,46.31999969482422,45.529998779296875,45.959999084472656,2315100
2017-01-27,41.27748107910156,47.08000183105469,47.15999984741211,46.04999923706055,46.130001068115234,2349500
2017-01-30,41.119667053222656,46.900001525878906,47.0099983215332,46.5,46.9900016784668,2451100
2017-01-31,42.00518035888672,47.90999984741211,48.08000183105469,46.68000030517578,46.86000061035156,6331700
2017-02-01,42.1717643737793,48.099998474121094,49.290000915527344,46.849998474121094,48.68000030517578,6030200
2017-02-02,42.198062896728516,48.130001068115234,48.970001220703125,47.91999816894531,47.91999816894531,3928800
2017-02-03,42.63644027709961,48.630001068115234,48.880001068115234,48.34000015258789,48.369998931884766,2526600
2017-02-06,42.390953063964844,48.349998474121094,48.619998931884766,48.119998931884766,48.5,1893400
2017-02-07,42.60138702392578,48.59000015258789,48.68000030517578,48.34000015258789,48.47999954223633,1854400
2017-02-08,42.390953063964844,48.349998474121094,48.65999984741211,48.150001525878906,48.5,1883500
2017-02-09,42.89946365356445,48.93000030517578,49.029998779296875,48.400001525878906,48.45000076293945,2299500
2017-02-10,42.96084213256836,49.0,49.13999938964844,48.77000045776367,48.93000030517578,1397500
2017-02-13,43.16250228881836,49.22999954223633,49.439998626708984,48.880001068115234,49.040000915527344,1685900
2017-02-14,42.92576599121094,48.959999084472656,49.310001373291016,48.77000045776367,48.9900016784668,2737600
2017-02-15,43.34660720825195,49.439998626708984,49.58000183105469,48.58000183105469,48.59000015258789,2594500
2017-02-16,43.329071044921875,49.41999816894531,49.54999923706055,49.0099983215332,49.400001525878906,1640000
2017-02-17,43.60087966918945,49.72999954223633,49.7400016784668,49.29999923706055,49.31999969482422,2835800
2017-02-21,43.802520751953125,49.959999084472656,50.20000076293945,49.59000015258789,49.75,3427300
2017-02-22,43.890193939208984,50.060001373291016,50.220001220703125,49.79999923706055,49.810001373291016,1685000
2017-02-23,44.17951202392578,50.38999938964844,50.7599983215332,50.060001373291016,50.25,1828500
2017-02-24,44.267215728759766,50.4900016784668,50.58000183105469,50.22999954223633,50.279998779296875,2470000
2017-02-27,44.223365783691406,50.439998626708984,50.77000045776367,50.38999938964844,50.5,2445300
2017-02-28,44.64421463012695,50.91999816894531,51.400001525878906,50.369998931884766,50.40999984741211,6405700
2017-03-01,45.01338577270508,51.209999084472656,51.27000045776367,50.599998474121094,51.27000045776367,3649400
2017-03-02,44.62663650512695,50.77000045776367,51.16999816894531,50.599998474121094,51.16999816894531,2145600
2017-03-03,44.74968338012695,50.90999984741211,50.93000030517578,50.52000045776367,50.810001373291016,2582500
2017-03-06,44.547515869140625,50.68000030517578,50.9900016784668,50.5099983215332,50.61000061035156,5087200
2017-03-07,44.86395263671875,51.040000915527344,51.220001220703125,50.349998474121094,50.540000915527344,3717500
2017-03-08,45.145233154296875,51.36000061035156,51.43000030517578,50.7599983215332,51.08000183105469,4059500
2017-03-09,45.82206344604492,52.130001068115234,52.20000076293945,51.310001373291016,51.36000061035156,5026200
2017-03-10,45.716583251953125,52.0099983215332,52.33000183105469,51.7599983215332,52.279998779296875,2320600
2017-03-13,45.971492767333984,52.29999923706055,52.33000183105469,51.77000045776367,52.0,2410400
2017-03-14,45.61988830566406,51.900001525878906,52.18000030517578,51.86000061035156,52.09000015258789,1758000
2017-03-15,45.848426818847656,52.15999984741211,52.2599983215332,51.84000015258789,51.900001525878906,2914900
2017-03-16,45.2067756652832,51.43000030517578,52.150001525878906,51.209999084472656,52.040000915527344,2665500
2017-03-17,45.382568359375,51.630001068115234,51.83000183105469,51.43000030517578,51.459999084472656,3494600
2017-03-20,44.99580764770508,51.189998626708984,51.709999084472656,51.16999816894531,51.63999938964844,2335000
2017-03-21,45.18039321899414,51.400001525878906,51.88999938964844,51.029998779296875,51.439998626708984,3180900
2017-03-22,45.52320861816406,51.790000915527344,51.97999954223633,51.150001525878906,51.290000915527344,3170600
2017-03-23,45.435302734375,51.689998626708984,51.970001220703125,51.38999938964844,51.56999969482422,1348200
2017-03-24,45.725372314453125,52.02000045776367,52.189998626708984,51.58000183105469,51.720001220703125,2655500
2017-03-27,45.55836486816406,51.83000183105469,51.97999954223633,51.38999938964844,51.790000915527344,1568500
2017-03-28,45.61109924316406,51.88999938964844,51.9900016784668,51.56999969482422,51.75,2372700
2017-03-29,45.69021224975586,51.97999954223633,52.189998626708984,51.560001373291016,51.720001220703125,2500800
2017-03-30,45.92754364013672,52.25,52.310001373291016,51.68000030517578,51.86000061035156,2530700
2017-03-31,45.58473587036133,51.86000061035156,52.16999816894531,51.75,52.04999923706055,2198900
2017-04-03,45.96270751953125,52.290000915527344,52.29999923706055,51.56999969482422,51.90999984741211,2655100
2017-04-04,46.04180908203125,52.380001068115234,52.72999954223633,51.880001068115234,52.72999954223633,2816600
2017-04-05,46.19124221801758,52.54999923706055,53.18000030517578,52.380001068115234,52.54999923706055,2839800
2017-04-06,46.173667907714844,52.529998779296875,52.529998779296875,52.099998474121094,52.41999816894531,2552900
2017-04-07,46.402183532714844,52.790000915527344,52.88999938964844,52.369998931884766,52.459999084472656,3417500
2017-04-10,46.4461555480957,52.84000015258789,52.970001220703125,52.66999816894531,52.79999923706055,4972000
2017-04-11,46.5604133605957,52.970001220703125,53.029998779296875,52.650001525878906,52.939998626708984,2774500
2017-04-12,47.05265426635742,53.529998779296875,53.540000915527344,52.86000061035156,52.900001525878906,3741300
2017-04-13,46.80653762817383,53.25,53.4900016784668,53.08000183105469,53.36000061035156,3923800
2017-04-17,46.42856216430664,52.81999969482422,53.20000076293945,52.27000045776367,52.709999084472656,3764600
2017-04-18,46.34946060180664,52.72999954223633,53.22999954223633,52.599998474121094,52.709999084472656,2933700
2017-04-19,46.33188247680664,52.709999084472656,53.16999816894531,52.689998626708984,52.88999938964844,4243000
2017-04-20,46.49009323120117,52.88999938964844,52.939998626708984,52.380001068115234,52.650001525878906,2998300
2017-04-21,46.48131561279297,52.880001068115234,52.97999954223633,52.59000015258789,52.849998474121094,3217500
2017-04-24,46.982337951660156,53.45000076293945,53.709999084472656,53.31999969482422,53.43000030517578,2664000
2017-04-25,46.77137756347656,53.209999084472656,53.619998931884766,53.040000915527344,53.290000915527344,4410500
2017-04-26,48.86338424682617,55.59000015258789,55.61000061035156,53.75,54.0,7921700
2017-04-27,48.71395492553711,55.41999816894531,56.5,55.279998779296875,55.650001525878906,6411300
2017-04-28,48.9425048828125,55.68000030517578,55.880001068115234,55.310001373291016,55.54999923706055,3456600
2017-05-01,48.86338424682617,55.59000015258789,55.95000076293945,55.34000015258789,55.72999954223633,2548900
2017-05-02,48.9425048828125,55.68000030517578,55.90999984741211,55.540000915527344,55.810001373291016,2408900
2017-05-03,49.144676208496094,55.90999984741211,56.0099983215332,55.349998474121094,55.72999954223633,2838700
2017-05-04,49.18863296508789,55.959999084472656,56.04999923706055,55.59000015258789,55.93000030517578,1776200
2017-05-05,49.179832458496094,55.95000076293945,56.15999984741211,55.70000076293945,56.0,1760800
2017-05-08,48.96006393432617,55.70000076293945,55.970001220703125,55.619998931884766,55.90999984741211,2219400
2017-05-09,49.34682083129883,56.13999938964844,56.25,55.560001373291016,55.790000915527344,5019600
2017-05-10,49.390777587890625,56.189998626708984,56.27000045776367,55.72999954223633,56.099998474121094,1889800
2017-05-11,49.53142547607422,56.349998474121094,56.369998931884766,55.900001525878906,56.11000061035156,2130700
2017-05-12,49.390777587890625,56.189998626708984,56.5,55.97999954223633,56.349998474121094,1508200
2017-05-15,49.839073181152344,56.70000076293945,56.77000045776367,55.939998626708984,56.04999923706055,1396500
2017-05-16,50.61259460449219,57.58000183105469,57.790000915527344,56.810001373291016,57.0,4913600
2017-05-17,49.979705810546875,56.86000061035156,57.58000183105469,56.849998474121094,57.58000183105469,3144900
2017-05-18,50.164302825927734,57.06999969482422,57.13999938964844,56.540000915527344,56.83000183105469,3274300
2017-05-19,50.2873649597168,57.209999084472656,57.33000183105469,56.9900016784668,57.20000076293945,2054700
2017-05-22,50.67411804199219,57.650001525878906,57.84000015258789,57.16999816894531,57.380001068115234,1440100
2017-05-23,50.911460876464844,57.91999816894531,57.959999084472656,57.58000183105469,57.63999938964844,1646300
2017-05-24,51.28062438964844,58.34000015258789,58.459999084472656,57.849998474121094,58.02000045776367,2402200
2017-05-25,51.98381423950195,59.13999938964844,59.40999984741211,58.31999969482422,58.45000076293945,3216100
2017-05-26,51.54431915283203,58.63999938964844,59.11000061035156,58.45000076293945,59.06999969482422,2014100
2017-05-30,52.168399810791016,59.349998474121094,59.4900016784668,58.529998779296875,58.70000076293945,2559900
2017-05-31,52.274173736572266,59.310001373291016,59.779998779296875,59.15999984741211,59.439998626708984,4111600
2017-06-01,52.88231658935547,60.0,60.33000183105469,59.189998626708984,59.5099983215332,2820200
2017-06-02,52.63554763793945,59.720001220703125,60.15999984741211,59.619998931884766,60.029998779296875,3219800
2017-06-05,52.520957946777344,59.59000015258789,60.45000076293945,59.540000915527344,60.380001068115234,2714500
2017-06-06,52.344688415527344,59.38999938964844,59.81999969482422,59.279998779296875,59.52000045776367,3043900
2017-06-07,52.52976989746094,59.599998474121094,59.70000076293945,59.290000915527344,59.540000915527344,2088000
2017-06-08,52.67079544067383,59.7599983215332,59.959999084472656,59.459999084472656,59.630001068115234,4531100
2017-06-09,51.921630859375,58.90999984741211,60.060001373291016,58.56999969482422,59.869998931884766,3069900
2017-06-12,50.37041091918945,57.150001525878906,58.779998779296875,57.13999938964844,58.689998626708984,5790900
2017-06-13,51.01381301879883,57.880001068115234,58.150001525878906,57.2400016784668,57.380001068115234,3731600
2017-06-14,51.10195541381836,57.97999954223633,58.790000915527344,57.68000030517578,58.11000061035156,2427700
2017-06-15,51.0578727722168,57.93000030517578,58.099998474121094,57.31999969482422,57.54999923706055,3264900
2017-06-16,51.0578727722168,57.93000030517578,58.349998474121094,57.7400016784668,58.08000183105469,6522800
2017-06-19,52.4857063293457,59.54999923706055,59.720001220703125,58.220001220703125,58.220001220703125,4703700
2017-06-20,52.77655029296875,59.880001068115234,60.119998931884766,59.68000030517578,59.68000030517578,3074900
2017-06-21,52.926395416259766,60.04999923706055,60.470001220703125,59.93000030517578,60.029998779296875,2411000
2017-06-22,53.481658935546875,60.68000030517578,60.9900016784668,59.90999984741211,60.0,3070500
2017-06-23,54.09861373901367,61.380001068115234,61.5099983215332,60.45000076293945,60.68000030517578,3900600
2017-06-26,53.74607467651367,60.97999954223633,61.52000045776367,60.959999084472656,61.380001068115234,1911300
2017-06-27,53.49046325683594,60.689998626708984,61.06999969482422,60.59000015258789,60.91999816894531,2546800
2017-06-28,53.64910888671875,60.869998931884766,61.25,60.77000045776367,60.939998626708984,2152500
2017-06-29,53.023353576660156,60.15999984741211,60.810001373291016,59.72999954223633,60.810001373291016,2062100
2017-06-30,53.35826110839844,60.540000915527344,60.7599983215332,60.27000045776367,60.40999984741211,2428600
2017-07-03,53.09385681152344,60.2400016784668,60.880001068115234,60.15999984741211,60.779998779296875,1354600
2017-07-05,53.508094787597656,60.709999084472656,60.86000061035156,60.220001220703125,60.40999984741211,1782900
2017-07-06,53.023353576660156,60.15999984741211,60.66999816894531,60.0099983215332,60.439998626708984,3123100
2017-07-07,53.51691436767578,60.720001220703125,60.83000183105469,60.22999954223633,60.380001068115234,2561800
2017-07-10,53.36708068847656,60.54999923706055,60.720001220703125,60.2599983215332,60.619998931884766,1542600
2017-07-11,53.43758773803711,60.630001068115234,61.38999938964844,60.349998474121094,61.34000015258789,2592400
2017-07-12,54.010475158691406,61.279998779296875,61.439998626708984,60.72999954223633,60.790000915527344,1505500
2017-07-13,54.02810287475586,61.29999923706055,61.41999816894531,60.790000915527344,61.36000061035156,1736200
2017-07-14,54.74201202392578,62.11000061035156,62.25,61.209999084472656,61.279998779296875,1951300
2017-07-17,54.82134246826172,62.20000076293945,62.380001068115234,61.90999984741211,62.099998474121094,2730000
2017-07-18,54.768455505371094,62.13999938964844,62.4900016784668,61.959999084472656,62.380001068115234,2239100
2017-07-19,55.04168701171875,62.45000076293945,62.5099983215332,62.11000061035156,62.34000015258789,3049300
2017-07-20,55.56169509887695,63.040000915527344,63.08000183105469,62.2599983215332,62.5099983215332,2394400
2017-07-21,55.2355842590332,62.66999816894531,63.13999938964844,62.599998474121094,62.88999938964844,2798800
2017-07-24,55.2884635925293,62.72999954223633,62.880001068115234,62.470001220703125,62.81999969482422,1669200
2017-07-25,54.72439193725586,62.09000015258789,63.0099983215332,61.68000030517578,62.97999954223633,3074400
2017-07-26,53.95760726928711,61.220001220703125,61.720001220703125,60.130001068115234,61.04999923706055,4118900
2017-07-27,53.217247009277344,60.380001068115234,61.63999938964844,59.880001068115234,61.63999938964844,3414600
2017-07-28,53.52572250366211,60.72999954223633,60.84000015258789,60.150001525878906,60.400001525878906,2054400
2017-07-31,53.305381774902344,60.47999954223633,61.040000915527344,60.36000061035156,60.779998779296875,2042600
2017-08-01,53.508094787597656,60.709999084472656,61.18000030517578,60.560001373291016,60.880001068115234,2650200
2017-08-02,52.44163131713867,59.5,60.689998626708984,59.27000045776367,60.689998626708984,3536800
2017-08-03,52.520957946777344,59.59000015258789,59.790000915527344,58.810001373291016,59.099998474121094,2017900
2017-08-04,52.77655029296875,59.880001068115234,60.13999938964844,59.45000076293945,59.7599983215332,1594200
2017-08-07,52.644351959228516,59.72999954223633,59.90999984741211,59.4900016784668,59.84000015258789,1858600
2017-08-08,52.63554763793945,59.720001220703125,60.0,59.36000061035156,59.65999984741211,1969600
2017-08-09,52.89994430541992,60.02000045776367,60.099998474121094,59.5,59.720001220703125,2196800
2017-08-10,52.62671661376953,59.709999084472656,59.97999954223633,59.43000030517578,59.65999984741211,2939200
2017-08-11,52.74129104614258,59.84000015258789,60.369998931884766,59.619998931884766,59.619998931884766,2213800
2017-08-14,53.08504104614258,60.22999954223633,60.58000183105469,60.060001373291016,60.06999969482422,1976400
2017-08-15,53.58740997314453,60.79999923706055,60.95000076293945,60.130001068115234,60.189998626708984,2161200
2017-08-16,54.080997467041016,61.36000061035156,61.529998779296875,60.810001373291016,61.0,2965500
2017-08-17,53.60503387451172,60.81999969482422,61.47999954223633,60.77000045776367,61.029998779296875,2608700
2017-08-18,53.64910888671875,60.869998931884766,61.27000045776367,60.619998931884766,60.720001220703125,2308200
2017-08-21,53.86064147949219,61.11000061035156,61.150001525878906,60.529998779296875,60.790000915527344,1677800
2017-08-22,54.77726745605469,62.150001525878906,62.209999084472656,61.02000045776367,61.02000045776367,1789700
2017-08-23,54.16029739379883,61.45000076293945,62.06999969482422,61.31999969482422,62.0,2734200
2017-08-24,54.21318054199219,61.5099983215332,61.83000183105469,61.459999084472656,61.689998626708984,2286100
2017-08-25,54.21318054199219,61.5099983215332,61.790000915527344,61.45000076293945,61.790000915527344,2389300
2017-08-28,54.3277702331543,61.63999938964844,61.810001373291016,61.540000915527344,61.63999938964844,2386400
2017-08-29,54.12505340576172,61.40999984741211,61.619998931884766,61.20000076293945,61.41999816894531,1562200
2017-08-30,54.32830810546875,61.47999954223633,61.709999084472656,61.290000915527344,61.29999923706055,1918700
2017-08-31,54.823158264160156,62.040000915527344,62.130001068115234,61.61000061035156,61.779998779296875,3532700
2017-09-01,54.991058349609375,62.22999954223633,62.5,61.93000030517578,62.11000061035156,2214900
2017-09-05,54.94687271118164,62.18000030517578,62.439998626708984,61.83000183105469,61.9900016784668,1772600
2017-09-06,55.25614929199219,62.529998779296875,62.68000030517578,62.18000030517578,62.29999923706055,1498200
2017-09-07,55.530094146728516,62.84000015258789,63.0,62.349998474121094,62.63999938964844,1724600
2017-09-08,55.918907165527344,63.279998779296875,64.4000015258789,62.72999954223633,62.93000030517578,2583000
2017-09-11,56.80258560180664,64.27999877929688,64.31999969482422,63.56999969482422,63.630001068115234,2711600
2017-09-12,56.68770980834961,64.1500015258789,64.55999755859375,63.83000183105469,64.4000015258789,1840400
2017-09-13,57.09421157836914,64.61000061035156,64.75,64.04000091552734,64.1500015258789,2482500
2017-09-14,56.83794403076172,64.31999969482422,64.73999786376953,64.18000030517578,64.36000061035156,1864500
2017-09-15,56.51980972290039,63.959999084472656,64.33000183105469,63.880001068115234,64.11000061035156,4525600
2017-09-18,56.829097747802734,64.30999755859375,64.30999755859375,63.93000030517578,64.06999969482422,1547200
2017-09-19,56.572837829589844,64.0199966430664,64.3499984741211,63.91999816894531,64.27999877929688,1825500
2017-09-20,56.80258560180664,64.27999877929688,64.51000213623047,64.05999755859375,64.1500015258789,1680100
2017-09-21,56.007286071777344,63.380001068115234,64.31999969482422,63.349998474121094,64.20999908447266,1595000
2017-09-22,56.12215805053711,63.5099983215332,63.75,63.34000015258789,63.47999954223633,2352300
2017-09-25,55.459407806396484,62.7599983215332,63.54999923706055,62.56999969482422,63.5099983215332,1679000
2017-09-26,55.2473258972168,62.52000045776367,62.880001068115234,62.43000030517578,62.86000061035156,1301600
2017-09-27,55.19429397583008,62.459999084472656,62.86000061035156,61.939998626708984,62.619998931884766,2310900
2017-09-28,55.088253021240234,62.34000015258789,62.529998779296875,61.86000061035156,62.279998779296875,1529100
2017-09-29,55.4505729675293,62.75,62.77000045776367,62.150001525878906,62.290000915527344,1579100
2017-10-02,55.81288146972656,63.15999984741211,63.400001525878906,62.900001525878906,62.91999816894531,1811600
2017-10-03,55.335693359375,62.619998931884766,63.119998931884766,62.45000076293945,62.970001220703125,1648800
2017-10-04,55.58312225341797,62.900001525878906,63.0099983215332,62.61000061035156,62.7400016784668,1902800
2017-10-05,55.41521453857422,62.709999084472656,62.88999938964844,62.54999923706055,62.7400016784668,1792300
2017-10-06,55.59196853637695,62.90999984741211,63.09000015258789,62.41999816894531,62.619998931884766,2513100
2017-10-09,54.301780700683594,61.45000076293945,63.04999923706055,61.11000061035156,63.04999923706055,2610200
2017-10-10,54.53154373168945,61.709999084472656,61.7599983215332,60.779998779296875,61.369998931884766,2264700
2017-10-11,54.79664993286133,62.0099983215332,62.15999984741211,61.619998931884766,61.72999954223633,2280900
2017-10-12,55.25614929199219,62.529998779296875,62.58000183105469,61.869998931884766,62.0099983215332,1460000
2017-10-13,55.512420654296875,62.81999969482422,62.869998931884766,62.290000915527344,62.59000015258789,2837100
2017-10-16,56.24586868286133,63.650001525878906,63.709999084472656,62.900001525878906,62.900001525878906,2715100
2017-10-17,56.484466552734375,63.91999816894531,64.18000030517578,63.33000183105469,63.59000015258789,2484400
2017-10-18,56.41376495361328,63.84000015258789,64.11000061035156,63.540000915527344,63.900001525878906,1340100
2017-10-19,56.08680725097656,63.470001220703125,64.05999755859375,62.810001373291016,63.939998626708984,3306700
2017-10-20,56.192848205566406,63.59000015258789,63.90999984741211,63.400001525878906,63.709999084472656,2738600
2017-10-23,56.66120147705078,64.12000274658203,64.66999816894531,63.709999084472656,63.75,1798900
2017-10-24,56.86444091796875,64.3499984741211,64.38999938964844,63.5,64.13999938964844,4001500
2017-10-25,56.890953063964844,64.37999725341797,65.0,62.52000045776367,63.2400016784668,3117200
2017-10-26,57.3769645690918,64.93000030517578,65.43000030517578,64.20999908447266,64.52999877929688,2264900
2017-10-27,58.03972625732422,65.68000030517578,65.69999694824219,64.75,64.94000244140625,2460400
2017-10-30,57.058868408203125,64.56999969482422,65.41999816894531,64.23999786376953,65.37000274658203,2891500
2017-10-31,56.970489501953125,64.47000122070312,64.94999694824219,64.19999694824219,64.81999969482422,2679300
2017-11-01,56.731895446777344,64.19999694824219,64.86000061035156,64.19000244140625,64.5999984741211,1848700
2017-11-02,56.617008209228516,64.06999969482422,64.41000366210938,63.7599983215332,64.04000091552734,1775000
2017-11-03,57.350467681884766,64.9000015258789,65.0999984741211,63.779998779296875,63.880001068115234,1629300
2017-11-06,56.873287200927734,64.36000061035156,65.16999816894531,64.31999969482422,65.0999984741211,2178900
2017-11-07,56.83794403076172,64.31999969482422,64.95999908447266,64.19999694824219,64.44000244140625,2233800
2017-11-08,57.44767761230469,65.01000213623047,65.1500015258789,64.08999633789062,64.25,1887300
2017-11-09,57.78346633911133,65.38999938964844,65.41000366210938,64.69999694824219,64.94000244140625,1626600
2017-11-10,56.59051513671875,64.04000091552734,65.12999725341797,62.91999816894531,65.05999755859375,4103000
2017-11-13,56.91747283935547,64.41000366210938,64.61000061035156,63.34000015258789,63.689998626708984,1657600
2017-11-14,56.96165084838867,64.45999908447266,64.58000183105469,63.61000061035156,64.05999755859375,2304500
2017-11-15,56.92629623413086,64.41999816894531,64.80999755859375,64.13999938964844,64.41000366210938,2508100
2017-11-16,57.429996490478516,64.98999786376953,65.29000091552734,64.33000183105469,64.56999969482422,2557500
2017-11-17,56.44913101196289,63.880001068115234,64.87000274658203,63.02000045776367,64.66000366210938,4883400
2017-11-20,56.44913101196289,63.880001068115234,64.20999908447266,63.7599983215332,64.01000213623047,2582400
2017-11-21,56.77608108520508,64.25,64.56999969482422,64.0,64.20999908447266,2952900
2017-11-22,56.59051513671875,64.04000091552734,64.61000061035156,63.81999969482422,64.30999755859375,1553400
2017-11-24,56.66120147705078,64.12000274658203,64.31999969482422,63.86000061035156,64.08000183105469,692500
2017-11-27,57.20907974243164,64.73999786376953,64.77999877929688,64.01000213623047,64.23999786376953,2563100
2017-11-28,58.36669921875,66.05000305175781,66.18000030517578,64.30000305175781,64.86000061035156,5399700
2017-11-29,57.59790802001953,65.18000030517578,66.0,64.66000366210938,66.0,4770100
2017-11-30,58.04966735839844,65.52999877929688,65.8499984741211,64.62999725341797,65.19000244140625,4236400
2017-12-01,58.014244079589844,65.48999786376953,65.91999816894531,64.5199966430664,65.44000244140625,2598400
2017-12-04,56.91579818725586,64.25,65.72000122070312,64.23999786376953,65.5999984741211,2945900
2017-12-05,56.7120475769043,64.0199966430664,64.80000305175781,63.900001525878906,64.13999938964844,2562400
2017-12-06,56.44629669189453,63.720001220703125,64.0,63.38999938964844,64.0,2387100
2017-12-07,56.269126892089844,63.52000045776367,63.720001220703125,63.209999084472656,63.56999969482422,2794400
2017-12-08,56.738624572753906,64.05000305175781,64.08000183105469,63.650001525878906,63.720001220703125,1723900
2017-12-11,56.8183479309082,64.13999938964844,64.3499984741211,63.720001220703125,63.900001525878906,1805400
2017-12-12,56.96894454956055,64.30999755859375,64.58000183105469,64.05000305175781,64.29000091552734,2577000
2017-12-13,57.33213806152344,64.72000122070312,64.95999908447266,64.0999984741211,64.37000274658203,3067400
2017-12-14,57.38529968261719,64.77999877929688,65.61000061035156,64.73999786376953,64.91000366210938,3405300
2017-12-15,57.87251281738281,65.33000183105469,65.54000091552734,64.73999786376953,65.06999969482422,4988900
2017-12-18,57.97881317138672,65.44999694824219,65.62999725341797,65.11000061035156,65.48999786376953,3157200
2017-12-19,58.27114486694336,65.77999877929688,65.98999786376953,65.44999694824219,65.5999984741211,2642900
2017-12-20,57.83708190917969,65.29000091552734,66.0,65.25,65.91000366210938,1665700
2017-12-21,57.16383361816406,64.52999877929688,65.55999755859375,64.41999816894531,65.48999786376953,3603500
2017-12-22,57.33213806152344,64.72000122070312,64.9800033569336,64.41000366210938,64.41000366210938,1293900
2017-12-26,57.597896575927734,65.0199966430664,65.27999877929688,64.83999633789062,64.83999633789062,1563200
2017-12-27,57.38529968261719,64.77999877929688,65.0999984741211,64.51000213623047,65.0,1853000
2017-12-28,57.4915885925293,64.9000015258789,65.08999633789062,64.66000366210938,64.95999908447266,1626500
2017-12-29,57.26128005981445,64.63999938964844,65.30000305175781,64.63999938964844,65.0999984741211,1539600
2018-01-02,59.50247573852539,67.16999816894531,68.0,65.81999969482422,66.08999633789062,5571300
2018-01-03,60.459190368652344,68.25,68.66999816894531,67.23999786376953,67.62000274658203,4259900
2018-01-04,60.600921630859375,68.41000366210938,68.86000061035156,68.01000213623047,68.63999938964844,3698000
2018-01-05,61.28303909301758,69.18000030517578,69.3499984741211,68.30000305175781,68.5999984741211,2190000
2018-01-08,61.371604919433594,69.27999877929688,69.30999755859375,68.69999694824219,69.18000030517578,2634900
2018-01-09,61.46018981933594,69.37999725341797,69.6500015258789,69.08999633789062,69.33000183105469,3141700
2018-01-10,60.618648529052734,68.43000030517578,69.23999786376953,68.25,69.06999969482422,2074100
2018-01-11,60.64521026611328,68.45999908447266,68.66999816894531,68.0,68.44999694824219,2104500
2018-01-12,60.538917541503906,68.33999633789062,68.62000274658203,68.26000213623047,68.62000274658203,2372000
2018-01-16,59.94539260864258,67.66999816894531,68.5,67.54000091552734,68.5,4247000
2018-01-17,60.414878845214844,68.19999694824219,68.30000305175781,67.80999755859375,68.0199966430664,3151900
2018-01-18,61.30076217651367,69.19999694824219,69.47000122070312,68.31999969482422,68.31999969482422,4383100
2018-01-19,62.01829147338867,70.01000213623047,70.0199966430664,69.36000061035156,69.36000061035156,3530500
2018-01-22,62.186588287353516,70.19999694824219,70.25,69.79000091552734,70.02999877929688,3381200
2018-01-23,61.65508270263672,69.5999984741211,70.13999938964844,69.4000015258789,70.0999984741211,2344100
2018-01-24,62.13344192504883,70.13999938964844,70.44999694824219,69.69999694824219,69.9000015258789,2491400
2018-01-25,62.93958282470703,71.05000305175781,71.05999755859375,70.33999633789062,70.5,2357300
2018-01-26,64.01143646240234,72.26000213623047,72.26000213623047,70.7300033569336,71.5,2885900
2018-01-29,63.82540512084961,72.05000305175781,72.48999786376953,71.87000274658203,71.87000274658203,2581900
2018-01-30,63.55965805053711,71.75,72.08000183105469,71.0,71.52999877929688,2710100
2018-01-31,63.80769729614258,72.02999877929688,72.58000183105469,71.55000305175781,72.0999984741211,4320700
2018-02-01,61.965118408203125,69.94999694824219,70.76000213623047,69.16000366210938,69.58000183105469,5971600
2018-02-02,60.724952697753906,68.55000305175781,69.94000244140625,68.4800033569336,69.66000366210938,4100000
2018-02-05,58.04081726074219,65.5199966430664,68.66000366210938,65.45999908447266,68.33999633789062,4634300
2018-02-06,59.059539794921875,66.66999816894531,67.16999816894531,63.86000061035156,64.29000091552734,5225300
2018-02-07,58.067405700683594,65.55000305175781,66.94999694824219,65.4800033569336,66.4800033569336,3943300
2018-02-08,55.4187126159668,62.560001373291016,65.69999694824219,62.52000045776367,65.55000305175781,4900700
2018-02-09,56.96894454956055,64.30999755859375,64.93000030517578,62.84000015258789,63.27000045776367,5678000
2018-02-12,57.580177307128906,65.0,65.43000030517578,64.3499984741211,64.7300033569336,4232700
2018-02-13,57.25241470336914,64.62999725341797,64.86000061035156,63.84000015258789,64.47000122070312,2871300
2018-02-14,58.492610931396484,66.02999877929688,66.11000061035156,64.19999694824219,64.33999633789062,3556400
2018-02-15,58.8558235168457,66.44000244140625,66.76000213623047,65.77999877929688,66.55000305175781,2064700
2018-02-16,58.758365631103516,66.33000183105469,67.11000061035156,66.2699966430664,66.30999755859375,3732200
2018-02-20,59.3873176574707,67.04000091552734,67.61000061035156,65.93000030517578,66.76000213623047,3784200
2018-02-21,59.39617156982422,67.05000305175781,68.33999633789062,66.9000015258789,67.08999633789062,2517100
2018-02-22,59.7327995300293,67.43000030517578,68.30000305175781,67.11000061035156,67.44000244140625,4542100
2018-02-23,60.556636810302734,68.36000061035156,68.41999816894531,67.20999908447266,67.43000030517578,2079900
2018-02-26,61.247589111328125,69.13999938964844,69.23999786376953,68.18000030517578,68.58000183105469,2493000
2018-02-27,60.84896469116211,68.69000244140625,69.36000061035156,68.69000244140625,69.1500015258789,1767500
2018-02-28,60.051700592041016,67.79000091552734,69.33000183105469,67.7300033569336,68.83000183105469,3590100
2018-03-01,58.879608154296875,66.30999755859375,67.69999694824219,65.7300033569336,67.5999984741211,3217600
2018-03-02,58.85296630859375,66.27999877929688,66.36000061035156,65.55000305175781,65.63999938964844,2824200
2018-03-05,59.359100341796875,66.8499984741211,67.16999816894531,65.77999877929688,65.93000030517578,4767600
2018-03-06,59.501190185546875,67.01000213623047,67.12000274658203,66.48999786376953,67.0199966430664,2046200
2018-03-07,59.510066986083984,67.0199966430664,67.20999908447266,66.25,66.5,2840200
2018-03-08,60.22040557861328,67.81999969482422,68.04000091552734,67.0999984741211,67.19999694824219,3553900
2018-03-09,61.17051315307617,68.88999938964844,68.9800033569336,67.81999969482422,68.33999633789062,2438000
2018-03-12,60.82419967651367,68.5,69.1500015258789,68.44000244140625,68.95999908447266,1976600
2018-03-13,60.460147857666016,68.08999633789062,68.9800033569336,68.0,68.69999694824219,2441700
2018-03-14,59.74091720581055,67.27999877929688,68.43000030517578,67.08999633789062,68.38999938964844,2484500
2018-03-15,60.016178131103516,67.58999633789062,67.87000274658203,67.29000091552734,67.47000122070312,2120900
2018-03-16,60.282562255859375,67.88999938964844,68.12000274658203,67.66999816894531,67.80000305175781,4669900
2018-03-19,59.27919387817383,66.76000213623047,67.9800033569336,66.25,67.80000305175781,3247300
2018-03-20,59.41239929199219,66.91000366210938,67.31999969482422,66.62999725341797,66.91000366210938,1837400
2018-03-21,59.01279830932617,66.45999908447266,67.0999984741211,66.19999694824219,66.93000030517578,4014200
2018-03-22,58.204776763916016,65.55000305175781,66.80999755859375,65.51000213623047,65.91999816894531,3790200
2018-03-23,57.08596420288086,64.29000091552734,65.70999908447266,64.18000030517578,65.55000305175781,2419900
2018-03-26,58.1515007019043,65.48999786376953,65.5999984741211,64.2699966430664,65.01000213623047,2790700
2018-03-27,57.60098648071289,64.87000274658203,66.13999938964844,64.52999877929688,65.75,3761000
2018-03-28,56.69526290893555,63.849998474121094,65.25,63.84000015258789,65.0199966430664,3629200
2018-03-29,57.75191879272461,65.04000091552734,65.88999938964844,63.939998626708984,64.19999694824219,3967900
2018-04-02,56.32234191894531,63.43000030517578,65.37999725341797,62.75,64.91999816894531,2859200
2018-04-03,56.84621810913086,64.0199966430664,64.19999694824219,63.130001068115234,63.70000076293945,2461000
2018-04-04,57.1925163269043,64.41000366210938,64.58999633789062,62.66999816894531,63.2599983215332,2759600
2018-04-05,58.17813491821289,65.5199966430664,65.80999755859375,64.68000030517578,64.81999969482422,3909400
2018-04-06,56.73078918457031,63.88999938964844,65.26000213623047,63.15999984741211,64.9800033569336,3003800
2018-04-09,57.529930114746094,64.79000091552734,65.6500015258789,64.16999816894531,64.48999786376953,2733400
2018-04-10,58.781925201416016,66.19999694824219,66.75,65.30999755859375,65.30999755859375,3359600
2018-04-11,57.66312026977539,64.94000244140625,65.7300033569336,64.7699966430664,65.5,3989500
2018-04-12,58.40011215209961,65.7699966430664,66.02999877929688,65.26000213623047,65.33999633789062,2229800
2018-04-13,58.3557243347168,65.72000122070312,66.20999908447266,65.36000061035156,66.08999633789062,2280600
2018-04-16,58.86186218261719,66.29000091552734,66.80999755859375,66.0999984741211,66.36000061035156,1894900
2018-04-17,59.36799240112305,66.86000061035156,66.94000244140625,66.01000213623047,66.68000030517578,2944100
2018-04-18,59.687652587890625,67.22000122070312,67.68000030517578,65.41000366210938,66.8499984741211,3947400
2018-04-19,59.47454071044922,66.9800033569336,67.4800033569336,66.70999908447266,67.0999984741211,2430000
2018-04-20,59.53668212890625,67.05000305175781,67.4000015258789,66.76000213623047,67.05999755859375,2890700
2018-04-23,59.652122497558594,67.18000030517578,67.5,66.80999755859375,67.30999755859375,2824300
2018-04-24,58.73754119873047,66.1500015258789,67.86000061035156,65.80999755859375,67.25,3787500
2018-04-25,59.06608581542969,66.5199966430664,66.58000183105469,65.19999694824219,65.9000015258789,2914900
2018-04-26,62.14725112915039,69.98999786376953,70.1500015258789,68.41999816894531,68.41999816894531,5460100
2018-04-27,62.34259033203125,70.20999908447266,70.58000183105469,69.37000274658203,70.04000091552734,3351300
2018-04-30,61.7121696472168,69.5,70.80000305175781,69.48999786376953,70.18000030517578,4030500
2018-05-01,62.2893180847168,70.1500015258789,70.43000030517578,69.2699966430664,69.4800033569336,3192900
2018-05-02,62.537940979003906,70.43000030517578,70.87999725341797,69.62000274658203,69.9000015258789,3371000
2018-05-03,61.94302749633789,69.76000213623047,70.05999755859375,68.97000122070312,69.88999938964844,2710400
2018-05-04,62.49354934692383,70.37999725341797,70.68000030517578,69.16999816894531,69.37999725341797,1656300
2018-05-07,62.44916534423828,70.33000183105469,70.93000030517578,70.19000244140625,70.5199966430664,1580200
2018-05-08,61.66775131225586,69.44999694824219,70.25,69.0199966430664,70.1500015258789,3476600
2018-05-09,61.55231857299805,69.31999969482422,69.7300033569336,68.55999755859375,69.55999755859375,2286700
2018-05-10,62.68889236450195,70.5999984741211,70.63999938964844,69.76000213623047,69.97000122070312,2291600
2018-05-11,62.61785888671875,70.5199966430664,70.80999755859375,70.19999694824219,70.44999694824219,2215000
2018-05-14,63.2216682434082,71.19999694824219,71.69999694824219,70.22000122070312,70.38999938964844,2981900
2018-05-15,62.55570983886719,70.44999694824219,71.05000305175781,70.0199966430664,70.63999938964844,2304300
2018-05-16,62.813194274902344,70.73999786376953,71.37999725341797,70.18000030517578,70.43000030517578,2206300
2018-05-17,62.73328399658203,70.6500015258789,71.05000305175781,70.22000122070312,70.87000274658203,2709500
2018-05-18,62.68889236450195,70.5999984741211,70.94000244140625,70.37000274658203,70.73999786376953,3478400
2018-05-21,64.02080535888672,72.0999984741211,72.30000305175781,71.16999816894531,71.16999816894531,3227700
2018-05-22,63.683406829833984,71.72000122070312,72.38999938964844,71.55999755859375,72.1500015258789,2515600
2018-05-23,64.24280548095703,72.3499984741211,72.37999725341797,71.45999908447266,71.5199966430664,2816700
2018-05-24,64.29606628417969,72.41000366210938,72.86000061035156,71.81999969482422,72.3499984741211,5207400
2018-05-25,64.40264129638672,72.52999877929688,73.04000091552734,72.20999908447266,72.43000030517578,2537100
2018-05-29,63.69226837158203,71.7300033569336,72.19000244140625,71.02999877929688,71.93000030517578,2074100
2018-05-30,63.816593170166016,71.87000274658203,72.37000274658203,71.33000183105469,72.08000183105469,3023600
2018-05-31,63.06871795654297,70.83999633789062,72.23999786376953,70.77999877929688,71.66999816894531,4969800
2018-06-01,64.72468566894531,72.69999694824219,72.75,71.2699966430664,71.41000366210938,3546500
2018-06-04,66.06014251708984,74.19999694824219,74.4800033569336,72.66000366210938,72.77999877929688,5339100
2018-06-05,66.11357116699219,74.26000213623047,74.33999633789062,73.48999786376953,74.13999938964844,4334700
2018-06-06,67.02164459228516,75.27999877929688,75.36000061035156,74.13999938964844,74.30000305175781,3993000
2018-06-07,66.19369506835938,74.3499984741211,75.45999908447266,73.93000030517578,75.27999877929688,2965500
2018-06-08,66.57649993896484,74.77999877929688,74.83999633789062,74.12000274658203,74.33000183105469,3039600
2018-06-11,66.94153594970703,75.19000244140625,75.37000274658203,74.5,74.86000061035156,2987200
2018-06-12,67.08396911621094,75.3499984741211,75.62000274658203,74.7699966430664,75.02999877929688,3591500
2018-06-13,66.3984375,74.58000183105469,75.5999984741211,74.45999908447266,75.41999816894531,2770000
2018-06-14,67.13740539550781,75.41000366210938,75.5,74.7300033569336,75.0199966430664,2573500
2018-06-15,66.96820831298828,75.22000122070312,75.58000183105469,74.66000366210938,75.31999969482422,3173000
2018-06-18,66.149169921875,74.30000305175781,74.80000305175781,73.94999694824219,74.58000183105469,2410100
2018-06-19,66.033447265625,74.16999816894531,74.19000244140625,73.51000213623047,73.66999816894531,2726900
2018-06-20,65.28556060791016,73.33000183105469,74.3499984741211,73.27999877929688,74.12000274658203,2371900
2018-06-21,65.65060424804688,73.73999786376953,74.52999877929688,73.37000274658203,73.55999755859375,2830400
2018-06-22,66.16695404052734,74.31999969482422,74.86000061035156,73.73999786376953,74.01000213623047,3249900
2018-06-25,65.51705932617188,73.58999633789062,74.12999725341797,73.0199966430664,74.05999755859375,3631800
2018-06-26,65.11640930175781,73.13999938964844,73.91000366210938,73.12000274658203,73.61000061035156,2148300
2018-06-27,64.59114837646484,72.55000305175781,73.88999938964844,72.55000305175781,73.44999694824219,2539700
2018-06-28,65.70401763916016,73.80000305175781,74.12999725341797,72.33000183105469,72.54000091552734,2835000
2018-06-29,65.73963165283203,73.83999633789062,74.69000244140625,73.77999877929688,73.81999969482422,2602700
2018-07-02,65.65950012207031,73.75,73.80000305175781,72.94000244140625,73.38999938964844,1391900
2018-07-03,65.05409240722656,73.06999969482422,73.79000091552734,72.91999816894531,73.69999694824219,1531800
2018-07-05,65.70401763916016,73.80000305175781,73.95999908447266,73.22000122070312,73.58999633789062,1595700
2018-07-06,66.21149444580078,74.37000274658203,74.56999969482422,73.77999877929688,73.87999725341797,1440100
2018-07-09,66.47859191894531,74.66999816894531,74.88999938964844,74.33000183105469,74.5999984741211,1564500
2018-07-10,66.44295501708984,74.62999725341797,75.12000274658203,74.41999816894531,74.95999908447266,2229700
2018-07-11,66.16695404052734,74.31999969482422,74.9000015258789,74.0999984741211,74.31999969482422,1296400
2018-07-12,66.57649993896484,74.77999877929688,75.04000091552734,74.2300033569336,74.76000213623047,1769700
2018-07-13,66.57649993896484,74.77999877929688,74.94000244140625,74.51000213623047,74.80000305175781,2088000
2018-07-16,65.8909683227539,74.01000213623047,74.29000091552734,73.58999633789062,74.25,2132800
2018-07-17,66.5498046875,74.75,74.80999755859375,73.7300033569336,73.81999969482422,2701000
2018-07-18,66.50527954101562,74.69999694824219,74.8499984741211,74.31999969482422,74.80000305175781,1746800
2018-07-19,66.54090881347656,74.73999786376953,74.9800033569336,74.27999877929688,74.5999984741211,1951100
2018-07-20,66.7723388671875,75.0,75.5999984741211,74.58999633789062,74.72000122070312,4220500
2018-07-23,66.71894073486328,74.94000244140625,75.33000183105469,74.6500015258789,75.0,2405600
2018-07-24,67.25313568115234,75.54000091552734,75.72000122070312,75.0199966430664,75.11000061035156,3279700
2018-07-25,68.11672973632812,76.51000213623047,76.51000213623047,75.3499984741211,75.3499984741211,2549500
2018-07-26,65.6238784790039,73.70999908447266,75.0,71.01000213623047,71.01000213623047,6801900
2018-07-27,63.843299865722656,71.70999908447266,73.70999908447266,71.27999877929688,73.27999877929688,6406600
2018-07-30,63.53168869018555,71.36000061035156,72.13999938964844,70.94999694824219,71.63999938964844,4136900
2018-07-31,64.50211334228516,72.44999694824219,72.70999908447266,71.62000274658203,71.77999877929688,4379800
2018-08-01,64.76920318603516,72.75,73.12999725341797,72.37000274658203,72.45999908447266,4001200
2018-08-02,64.31513977050781,72.23999786376953,72.58000183105469,71.5199966430664,72.44000244140625,2263100
2018-08-03,64.4130859375,72.3499984741211,72.38999938964844,71.62999725341797,72.2699966430664,1749100
2018-08-06,64.56442260742188,72.5199966430664,72.72000122070312,72.13999938964844,72.25,1814200
2018-08-07,64.58224487304688,72.54000091552734,72.76000213623047,72.0999984741211,72.55999755859375,2810500
2018-08-08,64.6979751586914,72.66999816894531,73.08999633789062,72.41000366210938,72.43000030517578,3328600
2018-08-09,64.16381072998047,72.06999969482422,73.0,71.9800033569336,72.91999816894531,3638600
2018-08-10,63.656341552734375,71.5,71.94999694824219,71.19000244140625,71.94999694824219,2341600
2018-08-13,62.95298767089844,70.70999908447266,71.88999938964844,70.66999816894531,71.4000015258789,1936300
2018-08-14,62.95298767089844,70.70999908447266,71.27999877929688,70.6500015258789,70.68000030517578,2133600
2018-08-15,63.43376159667969,71.25,71.33999633789062,70.19000244140625,70.44000244140625,2811400
2018-08-16,63.727569580078125,71.58000183105469,71.94000244140625,71.20999908447266,71.7699966430664,2162300
2018-08-17,64.13709259033203,72.04000091552734,72.13999938964844,71.05000305175781,71.3499984741211,1898100
2018-08-20,64.279541015625,72.19999694824219,72.44000244140625,71.95999908447266,72.08999633789062,1697300
2018-08-21,63.78099822998047,71.63999938964844,72.76000213623047,71.55000305175781,72.47000122070312,5024700
2018-08-22,64.22610473632812,72.13999938964844,72.2699966430664,71.2300033569336,71.44999694824219,1783600
2018-08-23,64.08365631103516,71.9800033569336,72.33000183105469,71.8499984741211,72.19999694824219,2553600
2018-08-24,64.4130859375,72.3499984741211,72.51000213623047,71.86000061035156,72.2300033569336,2232100
2018-08-27,64.97396850585938,72.9800033569336,73.19000244140625,72.51000213623047,72.5999984741211,2133700
2018-08-28,65.04518127441406,73.05999755859375,73.25,72.73999786376953,73.1500015258789,2728000
2018-08-29,65.8464584350586,73.95999908447266,74.08999633789062,73.04000091552734,73.30000305175781,2336300
2018-08-30,65.9625015258789,73.9000015258789,74.19000244140625,73.41999816894531,73.76000213623047,2982600
2018-08-31,66.38202667236328,74.37000274658203,74.44999694824219,73.6500015258789,73.68000030517578,2980300
2018-09-04,66.75690460205078,74.79000091552734,75.12999725341797,74.37999725341797,74.80000305175781,5077300
2018-09-05,66.1142578125,74.06999969482422,74.75,73.66999816894531,74.58999633789062,4173800
2018-09-06,66.51592254638672,74.5199966430664,74.7300033569336,73.68000030517578,73.94999694824219,2367100
2018-09-07,66.5783920288086,74.58999633789062,74.83999633789062,74.01000213623047,74.37000274658203,2950700
2018-09-10,66.84615325927734,74.88999938964844,75.13999938964844,74.63999938964844,74.83999633789062,2404000
2018-09-11,67.72093200683594,75.87000274658203,76.12999725341797,74.73999786376953,74.81999969482422,2713000
2018-09-12,67.9083480834961,76.08000183105469,76.22000122070312,75.5199966430664,75.87000274658203,2351900
2018-09-13,68.8455581665039,77.12999725341797,77.22000122070312,76.19000244140625,76.22000122070312,2903500
2018-09-14,69.34542083740234,77.69000244140625,77.8499984741211,77.16999816894531,77.16999816894531,2305000
2018-09-17,68.76524353027344,77.04000091552734,77.5199966430664,76.94000244140625,77.44999694824219,2657200
2018-09-18,68.94373321533203,77.23999786376953,77.5,76.93000030517578,77.02999877929688,2228000
2018-09-19,69.30078887939453,77.63999938964844,77.80999755859375,77.30000305175781,77.4000015258789,3124800
2018-09-20,69.34542083740234,77.69000244140625,78.37999725341797,77.58999633789062,77.9000015258789,2293500
2018-09-21,69.05979919433594,77.37000274658203,77.91999816894531,77.31999969482422,77.8499984741211,4064300
2018-09-24,69.39895629882812,77.75,77.83999633789062,77.23999786376953,77.38999938964844,1575300
2018-09-25,69.14012908935547,77.45999908447266,77.95999908447266,77.25,77.8499984741211,1960400
2018-09-26,68.6402587890625,76.9000015258789,77.69000244140625,76.79000091552734,77.45999908447266,2964000
2018-09-27,68.37248992919922,76.5999984741211,77.12999725341797,76.55000305175781,77.0999984741211,2182000
2018-09-28,68.80986785888672,77.08999633789062,77.54000091552734,76.55000305175781,76.58000183105469,3484800
2018-10-01,69.44361114501953,77.80000305175781,78.2300033569336,77.33000183105469,77.5,2786400
2018-10-02,68.99732971191406,77.30000305175781,77.77999877929688,77.18000030517578,77.62999725341797,1788900
2018-10-03,67.7566146850586,75.91000366210938,77.5,75.68000030517578,77.38999938964844,3536800
2018-10-04,66.27494049072266,74.25,75.55999755859375,73.9000015258789,75.55999755859375,3137200
2018-10-05,66.21241760253906,74.18000030517578,74.69999694824219,73.55999755859375,74.25,2367800
2018-10-08,65.4537124633789,73.33000183105469,74.1500015258789,72.72000122070312,73.88999938964844,2903800
2018-10-09,65.14131164550781,72.9800033569336,73.52999877929688,72.70999908447266,73.01000213623047,3180100
2018-10-10,63.5435791015625,71.19000244140625,72.88999938964844,71.12000274658203,72.88999938964844,3101600
2018-10-11,62.63312911987305,70.16999816894531,71.69000244140625,69.5199966430664,70.91999816894531,4111500
2018-10-12,63.597137451171875,71.25,71.94000244140625,70.37000274658203,71.27999877929688,2340500
2018-10-15,63.2579460144043,70.87000274658203,71.5199966430664,70.44000244140625,71.19999694824219,2127200
2018-10-16,64.05233764648438,71.76000213623047,71.83999633789062,70.33000183105469,70.86000061035156,3099000
2018-10-17,64.65931701660156,72.44000244140625,72.54000091552734,71.0,71.43000030517578,3257200
2018-10-18,62.90092468261719,70.47000122070312,72.27999877929688,69.98999786376953,72.27999877929688,4250000
2018-10-19,61.999393463134766,69.45999908447266,70.91000366210938,69.19999694824219,70.6500015258789,3166500
2018-10-22,61.60666275024414,69.0199966430664,69.7300033569336,68.37999725341797,69.45999908447266,4823500
2018-10-23,61.34779739379883,68.7300033569336,69.04000091552734,67.04000091552734,67.79000091552734,3943000
2018-10-24,60.240989685058594,67.48999786376953,69.27999877929688,67.4000015258789,68.83000183105469,2822800
2018-10-25,60.55340576171875,67.83999633789062,68.38999938964844,66.91000366210938,67.69999694824219,2772800
2018-10-26,59.89287567138672,67.0999984741211,67.66999816894531,66.19000244140625,67.22000122070312,2447300
2018-10-29,59.839332580566406,67.04000091552734,68.43000030517578,66.20999908447266,68.1500015258789,3843500
2018-10-30,61.28532409667969,68.66000366210938,68.88999938964844,67.0,67.22000122070312,5427700
2018-10-31,55.79587936401367,62.5099983215332,64.08999633789062,61.04999923706055,62.79999923706055,14749300
2018-11-01,56.29573440551758,63.06999969482422,63.560001373291016,62.04999923706055,62.630001068115234,9031800
2018-11-02,55.5013313293457,62.18000030517578,64.4000015258789,61.65999984741211,63.709999084472656,4037000
2018-11-05,55.78696823120117,62.5,62.849998474121094,61.7599983215332,62.41999816894531,4806900
2018-11-06,56.61707305908203,63.43000030517578,63.470001220703125,62.040000915527344,62.220001220703125,3764600
2018-11-07,56.67955780029297,63.5,64.11000061035156,63.099998474121094,63.91999816894531,5380300
2018-11-08,57.00981521606445,63.869998931884766,64.0999984741211,63.209999084472656,63.2400016784668,3232300
2018-11-09,56.66169357299805,63.47999954223633,63.7599983215332,62.939998626708984,63.7599983215332,2345500
2018-11-12,54.947933197021484,61.560001373291016,63.439998626708984,61.4900016784668,63.439998626708984,4020300
2018-11-13,56.26003646850586,63.029998779296875,64.19000244140625,62.04999923706055,62.400001525878906,5074500
2018-11-14,56.974117279052734,63.83000183105469,64.19999694824219,62.72999954223633,63.36000061035156,5966300
2018-11-15,58.75929641723633,65.83000183105469,65.83999633789062,62.83000183105469,63.40999984741211,8750000
2018-11-16,59.36625289916992,66.51000213623047,66.91000366210938,65.4000015258789,65.45999908447266,7508000
2018-11-19,58.03628158569336,65.0199966430664,66.72000122070312,64.79000091552734,66.63999938964844,4066300
2018-11-20,57.286521911621094,64.18000030517578,64.91999816894531,63.75,64.62999725341797,4253700
2018-11-21,58.49150848388672,65.52999877929688,65.58000183105469,64.33000183105469,64.56999969482422,5319500
2018-11-23,58.437957763671875,65.47000122070312,65.54000091552734,64.91999816894531,64.95999908447266,1503900
2018-11-26,58.89318084716797,65.9800033569336,66.0999984741211,65.18000030517578,65.88999938964844,2990200
2018-11-27,58.87531280517578,65.95999908447266,65.97000122070312,65.1500015258789,65.68000030517578,4012400
2018-11-28,60.981842041015625,68.31999969482422,68.33999633789062,66.08999633789062,66.5,3562300
2018-11-29,60.71406936645508,68.0199966430664,68.51000213623047,67.79000091552734,67.95999908447266,3098700
2018-11-30,61.3585319519043,68.55000305175781,68.63999938964844,67.54000091552734,67.87000274658203,4091000
2018-12-03,61.94035339355469,69.19999694824219,69.37000274658203,68.43000030517578,68.93000030517578,5702100
2018-12-04,60.2038459777832,67.26000213623047,69.29000091552734,67.19999694824219,69.0999984741211,6602500
2018-12-06,59.78316116333008,66.79000091552734,66.86000061035156,64.95999908447266,66.3499984741211,4274100
2018-12-07,58.198848724365234,65.0199966430664,66.91000366210938,64.76000213623047,66.5199966430664,4614400
2018-12-10,58.61060333251953,65.4800033569336,65.69999694824219,63.970001220703125,64.98999786376953,4465100
2018-12-11,59.24612045288086,66.19000244140625,66.81999969482422,65.58000183105469,66.05999755859375,3499100
2018-12-12,59.97113800048828,67.0,67.75,66.94000244140625,66.97000122070312,3159600
2018-12-13,59.9263801574707,66.94999694824219,67.51000213623047,66.54000091552734,67.0199966430664,2796000
2018-12-14,58.80751419067383,65.69999694824219,66.45999908447266,65.30999755859375,66.27999877929688,2731100
2018-12-17,57.4559326171875,64.19000244140625,65.97000122070312,63.939998626708984,65.33999633789062,5682800
2018-12-18,58.2794075012207,65.11000061035156,65.56999969482422,64.2699966430664,64.83999633789062,4907500
2018-12-19,57.33061981201172,64.05000305175781,65.94999694824219,63.65999984741211,65.41000366210938,4905700
2018-12-20,56.104339599609375,62.68000030517578,64.29000091552734,62.25,64.06999969482422,4756000
2018-12-21,56.301265716552734,62.900001525878906,64.29000091552734,62.220001220703125,62.75,7910800
2018-12-24,55.003379821777344,61.45000076293945,62.54999923706055,61.400001525878906,62.47999954223633,3202700
2018-12-26,57.402217864990234,64.12999725341797,64.12999725341797,61.7400016784668,61.7400016784668,4321400
2018-12-27,58.68220138549805,65.55999755859375,65.62999725341797,63.33000183105469,63.4900016784668,4110700
2018-12-28,58.36893081665039,65.20999908447266,66.0,64.97000122070312,65.83999633789062,2881100
2018-12-31,58.91493606567383,65.81999969482422,66.2300033569336,65.22000122070312,65.58999633789062,2230900
2019-01-02,58.449485778808594,65.30000305175781,66.80999755859375,64.91000366210938,66.0,4816900
2019-01-03,57.71550750732422,64.4800033569336,65.43000030517578,64.12999725341797,65.0199966430664,4642400
2019-01-04,59.523590087890625,66.5,66.58999633789062,65.11000061035156,65.12999725341797,4759900
2019-01-07,59.22820281982422,66.16999816894531,67.08000183105469,66.0999984741211,66.20999908447266,4908000
2019-01-08,59.06709289550781,65.98999786376953,67.08999633789062,65.2699966430664,66.6500015258789,4764500
2019-01-09,60.07854461669922,67.12000274658203,67.68000030517578,66.25,66.3499984741211,3848100
2019-01-10,60.24861145019531,67.30999755859375,67.36000061035156,66.54000091552734,66.9000015258789,2668300
2019-01-11,59.80106735229492,66.80999755859375,67.04000091552734,66.44999694824219,66.9000015258789,2490100
2019-01-14,59.18346405029297,66.12000274658203,66.47000122070312,66.04000091552734,66.31999969482422,4054100
2019-01-15,60.45447540283203,67.54000091552734,67.62999725341797,66.18000030517578,66.62999725341797,3893400
2019-01-16,61.098960876464844,68.26000213623047,68.41000366210938,67.4000015258789,67.4000015258789,4253100
2019-01-17,61.868736267089844,69.12000274658203,69.38999938964844,68.1500015258789,68.20999908447266,6282400
2019-01-18,63.22031784057617,70.62999725341797,70.81999969482422,69.12000274658203,69.56999969482422,3396600
2019-01-22,62.352073669433594,69.66000366210938,70.41999816894531,69.2300033569336,70.05000305175781,4291000
2019-01-23,62.33418273925781,69.63999938964844,69.98999786376953,68.69000244140625,69.62999725341797,3209800
2019-01-24,62.61164855957031,69.94999694824219,70.12999725341797,69.37999725341797,69.69999694824219,2613400
2019-01-25,62.9517936706543,70.33000183105469,70.58000183105469,70.13999938964844,70.1500015258789,1962300
2019-01-28,62.80857467651367,70.16999816894531,70.41999816894531,69.86000061035156,69.93000030517578,2213500
2019-01-29,62.88019561767578,70.25,70.5999984741211,69.91999816894531,70.30999755859375,2427300
2019-01-30,64.19598388671875,71.72000122070312,71.97000122070312,70.30999755859375,70.55999755859375,4267200
2019-01-31,64.88518524169922,72.48999786376953,73.02999877929688,70.0,70.94999694824219,5555800
2019-02-01,64.56295013427734,72.12999725341797,73.75,72.05000305175781,73.75,3831600
2019-02-04,64.95682525634766,72.56999969482422,72.68000030517578,71.80000305175781,72.27999877929688,2601400
2019-02-05,64.4913558959961,72.05000305175781,72.69999694824219,72.0,72.5199966430664,2676800
2019-02-06,64.24072265625,71.7699966430664,72.30999755859375,71.69999694824219,71.80999755859375,2052000
2019-02-07,63.649967193603516,71.11000061035156,71.66000366210938,70.66999816894531,71.41999816894531,2204700
2019-02-08,63.999046325683594,71.5,71.51000213623047,70.56999969482422,70.83999633789062,2571100
2019-02-11,64.20491790771484,71.7300033569336,72.04000091552734,71.5999984741211,71.73999786376953,1760800
2019-02-12,64.8762435913086,72.4800033569336,72.55000305175781,71.93000030517578,72.06999969482422,3458700
2019-02-13,65.04629516601562,72.66999816894531,72.95999908447266,72.30999755859375,72.68000030517578,2421100
2019-02-14,64.84043884277344,72.44000244140625,72.95999908447266,72.37999725341797,72.5,2200700
2019-02-15,65.72657775878906,73.43000030517578,73.5199966430664,72.91000366210938,73.01000213623047,2372300
2019-02-19,65.76236724853516,73.47000122070312,73.7300033569336,73.16999816894531,73.16999816894531,1999500
2019-02-20,66.3531265258789,74.12999725341797,74.22000122070312,73.25,73.5,2816700
2019-02-21,66.26364135742188,74.02999877929688,74.38999938964844,73.80999755859375,74.04000091552734,2388300
2019-02-22,66.84544372558594,74.68000030517578,74.83000183105469,74.1500015258789,74.1500015258789,2136500
2019-02-25,66.94390106201172,74.79000091552734,75.7300033569336,74.7699966430664,74.97000122070312,3457200
2019-02-26,67.05130767822266,74.91000366210938,75.0199966430664,74.44000244140625,74.70999908447266,3350500
2019-02-27,67.19453430175781,75.06999969482422,75.63999938964844,74.55000305175781,74.55000305175781,2997900
2019-02-28,67.05992889404297,74.7300033569336,75.0,74.0,74.72000122070312,3375100
2019-03-01,68.05599212646484,75.83999633789062,76.0999984741211,75.11000061035156,75.16000366210938,2420500
2019-03-04,67.72399139404297,75.47000122070312,76.25,74.70999908447266,76.18000030517578,3723900
2019-03-05,67.93933868408203,75.70999908447266,75.87000274658203,75.16000366210938,75.37999725341797,2162600
2019-03-06,67.05992889404297,74.7300033569336,75.9800033569336,74.44999694824219,75.88999938964844,2382200
2019-03-07,67.05093383789062,74.72000122070312,74.95999908447266,74.38999938964844,74.68000030517578,2916900
2019-03-08,66.52149963378906,74.12999725341797,74.58000183105469,73.4000015258789,74.33000183105469,2818400
2019-03-11,67.40990447998047,75.12000274658203,75.13999938964844,74.38999938964844,74.54000091552734,2015800
2019-03-12,67.91242218017578,75.68000030517578,75.70999908447266,75.0199966430664,75.3499984741211,3579400
2019-03-13,68.54058837890625,76.37999725341797,76.66000366210938,75.63999938964844,75.91999816894531,2485500
2019-03-14,68.65723419189453,76.51000213623047,76.58999633789062,75.66000366210938,76.27999877929688,1993200
2019-03-15,69.0431137084961,76.94000244140625,77.12999725341797,76.29000091552734,76.29000091552734,5042400
2019-03-18,69.05206298828125,76.94999694824219,77.13999938964844,76.5,77.13999938964844,1862200
2019-03-19,69.62638854980469,77.58999633789062,77.73999786376953,76.80000305175781,77.1500015258789,2064000
2019-03-20,69.25845336914062,77.18000030517578,77.73999786376953,76.87000274658203,77.68000030517578,2728800
2019-03-21,70.39810943603516,78.44999694824219,78.45999908447266,76.91000366210938,76.91000366210938,2115000
2019-03-22,69.31229400634766,77.23999786376953,78.5199966430664,77.16999816894531,78.0999984741211,3152200
2019-03-25,69.66229248046875,77.62999725341797,78.05000305175781,77.11000061035156,77.2699966430664,2050900
2019-03-26,70.71219635009766,78.80000305175781,78.94999694824219,77.94000244140625,78.16999816894531,3571500
2019-03-27,70.97242736816406,79.08999633789062,79.3499984741211,78.05999755859375,78.7300033569336,4062700
2019-03-28,71.51085662841797,79.69000244140625,79.8499984741211,78.9000015258789,79.29000091552734,3170100
2019-03-29,72.96456909179688,81.30999755859375,81.41999816894531,79.98999786376953,80.0,4078700
2019-04-01,73.37735748291016,81.7699966430664,82.25,80.9800033569336,81.88999938964844,3661300
2019-04-02,73.17097473144531,81.54000091552734,81.8499984741211,80.87000274658203,81.8499984741211,2412200
2019-04-03,72.56974792480469,80.87000274658203,81.94999694824219,80.5999984741211,81.87000274658203,4269700
2019-04-04,72.2825698852539,80.55000305175781,80.83000183105469,80.05000305175781,80.58000183105469,2246700
2019-04-05,72.39027404785156,80.66999816894531,80.94999694824219,80.08999633789062,80.5199966430664,2061900
2019-04-08,71.48391723632812,79.66000366210938,80.22000122070312,79.0,79.80000305175781,3637800
2019-04-09,71.85185241699219,80.06999969482422,80.5199966430664,79.41999816894531,79.47000122070312,1966600
2019-04-10,71.93260955810547,80.16000366210938,80.55999755859375,79.95999908447266,80.01000213623047,1807300
2019-04-11,71.636474609375,79.83000183105469,80.44999694824219,79.31999969482422,80.44999694824219,1909600
2019-04-12,71.1788101196289,79.31999969482422,80.12000274658203,79.05000305175781,80.0199966430664,2226200
2019-04-15,71.43904113769531,79.61000061035156,79.94999694824219,79.22000122070312,79.58000183105469,1846300
2019-04-16,69.65330505371094,77.62000274658203,80.26000213623047,77.41999816894531,80.0,2384400
2019-04-17,66.75482940673828,74.38999938964844,77.69000244140625,73.9800033569336,77.68000030517578,5641700
2019-04-18,66.70097351074219,74.33000183105469,74.86000061035156,73.37999725341797,74.58999633789062,4054400
2019-04-22,67.52655029296875,75.25,75.54000091552734,74.02999877929688,74.08000183105469,3086400
2019-04-23,68.5046615600586,76.33999633789062,76.87000274658203,75.31999969482422,75.69000244140625,3411800
2019-04-24,68.45084381103516,76.27999877929688,77.01000213623047,75.9800033569336,76.18000030517578,4393700
2019-04-25,68.4239273071289,76.25,76.41999816894531,74.05000305175781,74.93000030517578,6132900
2019-04-26,68.36111450195312,76.18000030517578,76.44999694824219,74.86000061035156,76.16000366210938,2408000
2019-04-29,67.75985717773438,75.51000213623047,76.18000030517578,74.97000122070312,76.18000030517578,2390300
2019-04-30,68.4687728881836,76.30000305175781,76.44999694824219,75.2300033569336,75.69999694824219,2877900
2019-05-01,67.70601654052734,75.44999694824219,76.29000091552734,75.20999908447266,76.19999694824219,1782800
2019-05-02,68.4598159790039,76.29000091552734,76.7699966430664,75.38999938964844,75.51000213623047,2453300
2019-05-03,69.36617279052734,77.30000305175781,77.58000183105469,76.62999725341797,76.76000213623047,2539200
2019-05-06,69.38409423828125,77.31999969482422,77.52999877929688,75.79000091552734,76.06999969482422,2489500
2019-05-07,68.81877136230469,76.69000244140625,77.29000091552734,76.0,76.80999755859375,2403500
2019-05-08,68.81877136230469,76.69000244140625,77.08000183105469,76.23999786376953,76.72000122070312,1637900
2019-05-09,68.1995849609375,76.0,76.23999786376953,75.01000213623047,75.87000274658203,2376400
2019-05-10,68.1457290649414,75.94000244140625,76.30999755859375,74.04000091552734,75.66000366210938,3406700
2019-05-13,67.69705963134766,75.44000244140625,75.9000015258789,74.94999694824219,75.22000122070312,1930900
2019-05-14,68.09188079833984,75.87999725341797,76.47000122070312,75.5,75.68000030517578,2315100
2019-05-15,68.1457290649414,75.94000244140625,76.11000061035156,75.05999755859375,75.51000213623047,2511800
2019-05-16,69.00719451904297,76.9000015258789,77.20999908447266,75.9000015258789,76.02999877929688,2544600
2019-05-17,68.18162536621094,75.9800033569336,77.1500015258789,75.81999969482422,76.18000030517578,2349100
2019-05-20,67.58936309814453,75.31999969482422,75.97000122070312,74.91999816894531,75.72000122070312,2281400
2019-05-21,67.5714111328125,75.30000305175781,76.16999816894531,75.19000244140625,75.77999877929688,2649300
2019-05-22,67.81370544433594,75.56999969482422,75.79000091552734,74.97000122070312,75.1500015258789,2429100
2019-05-23,67.32913970947266,75.02999877929688,75.5199966430664,74.5,75.3499984741211,1480800
2019-05-24,67.3919448852539,75.0999984741211,75.54000091552734,74.88999938964844,75.20999908447266,1641900
2019-05-28,66.56636047363281,74.18000030517578,75.8499984741211,74.0,75.18000030517578,2609400
2019-05-29,66.26126098632812,73.83999633789062,74.19999694824219,73.37999725341797,74.0,1437200
2019-05-30,66.73687744140625,74.37000274658203,74.66999816894531,73.87999725341797,74.05000305175781,2104100
2019-05-31,65.90232849121094,73.44000244140625,73.80999755859375,72.41999816894531,73.06999969482422,2825500
2019-06-03,66.36894989013672,73.95999908447266,74.72000122070312,73.44999694824219,73.66999816894531,3111900
2019-06-04,68.38800811767578,76.20999908447266,76.45999908447266,74.33000183105469,74.77999877929688,3890500
2019-06-05,69.08796691894531,76.98999786376953,77.5999984741211,76.55999755859375,76.75,3195700
2019-06-06,69.15996551513672,76.8499984741211,77.37000274658203,76.41000366210938,76.7699966430664,2378900
2019-06-07,69.81690979003906,77.58000183105469,78.12999725341797,77.29000091552734,77.36000061035156,2441500
2019-06-10,70.34785461425781,78.16999816894531,78.44000244140625,77.87000274658203,78.05999755859375,1386000
2019-06-11,69.87992095947266,77.6500015258789,78.77999877929688,76.93000030517578,78.5,1594200
2019-06-12,70.16787719726562,77.97000122070312,78.25,77.58999633789062,77.7300033569336,1721900
2019-06-13,70.38388061523438,78.20999908447266,78.27999877929688,77.5,78.20999908447266,1833000
2019-06-14,70.13191223144531,77.93000030517578,78.91999816894531,77.80000305175781,78.45999908447266,1580700
2019-06-17,70.95982360839844,78.8499984741211,79.04000091552734,77.8499984741211,77.94000244140625,2010900
2019-06-18,72.49871063232422,80.55999755859375,80.62999725341797,79.12999725341797,79.61000061035156,3411800
2019-06-19,73.17366027832031,81.30999755859375,81.41000366210938,79.94000244140625,80.45999908447266,2108100
2019-06-20,73.83061981201172,82.04000091552734,82.80000305175781,81.3499984741211,81.94999694824219,2845500
2019-06-21,74.16358947753906,82.41000366210938,82.72000122070312,81.20999908447266,82.16999816894531,3514300
2019-06-24,74.03759765625,82.2699966430664,82.63999938964844,81.87999725341797,82.47000122070312,1617800
2019-06-25,73.55165100097656,81.7300033569336,82.66000366210938,81.66999816894531,82.0,1900800
2019-06-26,72.5527114868164,80.62000274658203,81.94000244140625,79.41999816894531,81.63999938964844,2373100
2019-06-27,73.49765014648438,81.66999816894531,81.86000061035156,80.97000122070312,81.0,1629300
2019-06-28,73.70462799072266,81.9000015258789,82.02999877929688,81.36000061035156,81.98999786376953,5095100
2019-07-01,73.28165435791016,81.43000030517578,82.7699966430664,81.0999984741211,82.73999786376953,2254100
2019-07-02,73.53363800048828,81.70999908447266,81.73999786376953,80.83000183105469,81.66999816894531,1826700
2019-07-03,73.85760498046875,82.06999969482422,82.48999786376953,81.61000061035156,82.0999984741211,1072900
2019-07-05,73.80360412597656,82.01000213623047,82.13999938964844,81.30000305175781,81.62000274658203,1296800
2019-07-08,73.41663360595703,81.58000183105469,81.98999786376953,81.19000244140625,81.8499984741211,1807000
2019-07-09,73.2546615600586,81.4000015258789,82.5,81.13999938964844,81.44999694824219,1835200
2019-07-10,73.90259552001953,82.12000274658203,82.70999908447266,81.47000122070312,81.66000366210938,2758600
2019-07-11,74.27159118652344,82.52999877929688,82.8499984741211,81.66000366210938,82.5999984741211,1988300
2019-07-12,73.47966003417969,81.6500015258789,82.62999725341797,81.30000305175781,82.4800033569336,1147500
2019-07-15,73.80360412597656,82.01000213623047,82.18000030517578,81.26000213623047,81.77999877929688,1732800
2019-07-16,73.85760498046875,82.06999969482422,82.76000213623047,81.80999755859375,82.18000030517578,2092600
2019-07-17,74.37957763671875,82.6500015258789,82.7300033569336,81.86000061035156,82.5,2427700
2019-07-18,74.76655578613281,83.08000183105469,83.93000030517578,82.33000183105469,82.5,3647900
2019-07-19,74.78455352783203,83.0999984741211,83.79000091552734,82.56999969482422,83.41000366210938,2838700
2019-07-22,74.41557312011719,82.69000244140625,83.38999938964844,82.52999877929688,83.31999969482422,1633600
2019-07-23,74.96453094482422,83.30000305175781,83.55999755859375,82.55999755859375,82.83999633789062,1741400
2019-07-24,75.531494140625,83.93000030517578,84.08000183105469,83.0999984741211,83.55000305175781,2843600
2019-07-25,76.63842010498047,85.16000366210938,86.12000274658203,83.80999755859375,85.16000366210938,4909900
2019-07-26,76.6294174194336,85.1500015258789,86.6500015258789,84.08999633789062,85.79000091552734,2545100
2019-07-29,77.36735534667969,85.97000122070312,86.0199966430664,85.16000366210938,85.19999694824219,1987900
2019-07-30,77.53834533691406,86.16000366210938,86.27999877929688,85.33000183105469,85.45999908447266,2028600
2019-07-31,75.56748962402344,83.97000122070312,86.0999984741211,83.29000091552734,85.88999938964844,2768800
2019-08-01,76.5664291381836,85.08000183105469,86.1500015258789,84.12999725341797,84.20999908447266,2164600
2019-08-02,76.22443389892578,84.69999694824219,85.44000244140625,83.7699966430664,84.7699966430664,1573800
2019-08-05,73.71363067626953,81.91000366210938,84.0,81.20999908447266,83.69000244140625,2305000
2019-08-06,75.06354522705078,83.41000366210938,83.43000030517578,81.66000366210938,82.37999725341797,1781700
2019-08-07,75.4324951171875,83.81999969482422,83.94000244140625,81.58999633789062,82.58999633789062,1689100
2019-08-08,77.16036987304688,85.73999786376953,85.80000305175781,83.63999938964844,83.7699966430664,2310800
2019-08-09,77.36735534667969,85.97000122070312,86.68000030517578,85.4800033569336,85.75,2132800
2019-08-12,77.03439331054688,85.5999984741211,86.80999755859375,85.38999938964844,85.87999725341797,2115400
2019-08-13,79.35621643066406,88.18000030517578,88.27999877929688,85.79000091552734,86.0,3379000
2019-08-14,77.2503662109375,85.83999633789062,87.3499984741211,85.77999877929688,87.01000213623047,2448700
2019-08-15,77.19636535644531,85.77999877929688,87.06999969482422,85.44999694824219,86.13999938964844,2720400
2019-08-16,78.26731872558594,86.97000122070312,87.41000366210938,86.0999984741211,86.30999755859375,1583100
2019-08-19,79.07723999023438,87.87000274658203,88.2300033569336,87.30999755859375,87.70999908447266,1339200
2019-08-20,78.26731872558594,86.97000122070312,88.4800033569336,86.93000030517578,88.18000030517578,1665600
2019-08-21,78.57328033447266,87.30999755859375,87.80999755859375,87.13999938964844,87.4000015258789,1405200
2019-08-22,78.4832992553711,87.20999908447266,87.79000091552734,86.63999938964844,87.33999633789062,1485400
2019-08-23,76.52143096923828,85.02999877929688,87.33999633789062,84.62000274658203,87.25,1809000
2019-08-26,77.18737030029297,85.7699966430664,86.0199966430664,84.98999786376953,85.77999877929688,1918800
2019-08-27,77.74534606933594,86.38999938964844,87.05000305175781,85.76000213623047,86.0199966430664,1891900
2019-08-28,78.2313003540039,86.93000030517578,87.26000213623047,86.0199966430664,86.08000183105469,1285400
2019-08-29,78.94404602050781,87.5,87.72000122070312,86.45999908447266,87.44999694824219,1163400
2019-08-30,79.35005187988281,87.94999694824219,88.20999908447266,87.33000183105469,88.0199966430664,3789700
2019-09-03,79.19667053222656,87.77999877929688,88.0,86.97000122070312,87.62000274658203,3392400
2019-09-04,78.94404602050781,87.5,88.41000366210938,87.0,88.38999938964844,1653000
2019-09-05,79.31396484375,87.91000366210938,88.33000183105469,87.41999816894531,88.12000274658203,1930800
2019-09-06,81.00111389160156,89.77999877929688,89.93000030517578,88.2300033569336,88.5,2994600
2019-09-09,78.67337036132812,87.19999694824219,89.80999755859375,87.04000091552734,89.66000366210938,2838000
2019-09-10,77.50952911376953,85.91000366210938,87.2300033569336,84.45999908447266,86.76000213623047,3847500
2019-09-11,78.23129272460938,86.70999908447266,87.69999694824219,85.72000122070312,85.72000122070312,2585300
2019-09-12,79.23274230957031,87.81999969482422,88.22000122070312,87.0999984741211,87.30000305175781,1948500
2019-09-13,78.42977905273438,86.93000030517578,88.22000122070312,86.76000213623047,87.76000213623047,1869200
2019-09-16,78.42076110839844,86.91999816894531,87.72000122070312,86.55000305175781,86.55999755859375,1765500
2019-09-17,79.0072021484375,87.56999969482422,88.2300033569336,86.51000213623047,87.22000122070312,1960200
2019-09-18,78.88990783691406,87.44000244140625,88.20999908447266,86.79000091552734,87.69000244140625,1807200
2019-09-19,78.90796661376953,87.45999908447266,88.18000030517578,87.13999938964844,87.37999725341797,1683400
2019-09-20,78.85384368896484,87.4000015258789,88.41000366210938,87.0999984741211,87.69999694824219,10427500
2019-09-23,78.34856414794922,86.83999633789062,87.55999755859375,86.5999984741211,87.37999725341797,3625100
2019-09-24,77.99671936035156,86.44999694824219,87.68000030517578,85.95999908447266,87.0,2675300
2019-09-25,78.31249237060547,86.80000305175781,86.9000015258789,86.25,86.3499984741211,1883300
2019-09-26,79.15155029296875,87.7300033569336,87.97000122070312,87.11000061035156,87.36000061035156,2657800
2019-09-27,77.52755737304688,85.93000030517578,87.91999816894531,85.70999908447266,87.91999816894531,2169800
2019-09-30,78.91698455810547,87.47000122070312,87.88999938964844,86.08999633789062,86.1500015258789,2801100
2019-10-01,77.50952911376953,85.91000366210938,87.94000244140625,85.81999969482422,87.63999938964844,1991500
2019-10-02,75.99378204345703,84.2300033569336,85.76000213623047,83.76000213623047,85.5199966430664,2129100
2019-10-03,76.90501403808594,85.23999786376953,85.54000091552734,83.4800033569336,84.0,3113100
2019-10-04,78.16814422607422,86.63999938964844,86.68000030517578,85.48999786376953,85.81999969482422,1319300
2019-10-07,77.40126037597656,85.79000091552734,86.5,85.76000213623047,86.2300033569336,1205200
2019-10-08,76.69751739501953,85.01000213623047,86.0,84.68000030517578,85.31999969482422,2497900
2019-10-09,78.40272521972656,86.9000015258789,87.18000030517578,85.79000091552734,85.79000091552734,2214200
2019-10-10,79.04330444335938,87.61000061035156,87.98999786376953,86.37000274658203,86.37000274658203,2691400
2019-10-11,79.4222183227539,88.02999877929688,89.0,87.87999725341797,88.5,2283400
2019-10-14,78.67337036132812,87.19999694824219,88.30999755859375,87.12999725341797,88.0,1632100
2019-10-15,79.16059112548828,87.73999786376953,87.95999908447266,87.0199966430664,87.66999816894531,1350200
2019-10-16,78.51097106933594,87.0199966430664,88.05999755859375,86.37000274658203,87.25,2301700
2019-10-17,79.25981140136719,87.8499984741211,88.1500015258789,87.16999816894531,87.5,1529200
2019-10-18,79.38612365722656,87.98999786376953,88.2699966430664,87.5,87.62999725341797,1769400
2019-10-21,79.80115509033203,88.44999694824219,89.0999984741211,88.36000061035156,88.4800033569336,1694200
2019-10-22,78.52902221679688,87.04000091552734,88.70999908447266,86.98999786376953,88.58000183105469,1475400
2019-10-23,79.35005187988281,87.94999694824219,88.33999633789062,87.29000091552734,87.29000091552734,2784800
2019-10-24,71.34738159179688,79.08000183105469,82.16999816894531,77.02999877929688,79.5,12806500
2019-10-25,69.723388671875,77.27999877929688,77.97000122070312,75.66999816894531,77.13999938964844,9896900
2019-10-28,70.23765563964844,77.8499984741211,78.91999816894531,77.01000213623047,77.3499984741211,3658800
2019-10-29,70.24667358398438,77.86000061035156,78.31999969482422,77.05999755859375,77.76000213623047,2965900
2019-10-30,69.36248779296875,76.87999725341797,77.9800033569336,76.2300033569336,77.93000030517578,5089500
2019-10-31,69.20010375976562,76.69999694824219,77.04000091552734,76.41999816894531,76.87000274658203,4535700
2019-11-01,70.29178619384766,77.91000366210938,78.38999938964844,77.04000091552734,77.12000274658203,5046700
2019-11-04,70.21959686279297,77.83000183105469,78.48999786376953,77.12999725341797,78.20999908447266,3026000
2019-11-05,69.90384674072266,77.4800033569336,78.04000091552734,77.11000061035156,78.04000091552734,2638000
2019-11-06,70.70679473876953,78.37000274658203,78.62999725341797,77.31999969482422,77.55999755859375,3214900
2019-11-07,70.37298583984375,78.0,78.30999755859375,77.5,77.94999694824219,3535500
2019-11-08,70.83312225341797,78.51000213623047,78.66999816894531,77.68000030517578,77.77999877929688,3037500
2019-11-11,71.14888000488281,78.86000061035156,79.3499984741211,78.19999694824219,78.31999969482422,3040500
2019-11-12,72.26763153076172,80.0999984741211,80.8499984741211,79.0,79.2300033569336,4688100
2019-11-13,72.97136688232422,80.87999725341797,81.12999725341797,80.12999725341797,80.80000305175781,3788300
2019-11-14,72.8450698852539,80.73999786376953,81.01000213623047,80.43000030517578,80.72000122070312,1995300
2019-11-15,73.47660827636719,81.44000244140625,81.51000213623047,80.54000091552734,80.54000091552734,2030400
2019-11-18,73.18790435791016,81.12000274658203,81.87999725341797,80.8499984741211,81.23999786376953,2556100
2019-11-19,73.68412780761719,81.66999816894531,81.93000030517578,80.73999786376953,81.20999908447266,2310700
2019-11-20,73.98185729980469,82.0,82.23999786376953,81.3499984741211,81.45999908447266,3250900
2019-11-21,74.20743560791016,82.25,82.43000030517578,81.33000183105469,81.8499984741211,2243900
2019-11-22,73.99988555908203,82.0199966430664,82.25,81.63999938964844,82.02999877929688,3072500
2019-11-25,74.01795196533203,82.04000091552734,82.73999786376953,81.87000274658203,82.54000091552734,2271100
2019-11-26,73.99085998535156,82.01000213623047,82.83000183105469,81.83000183105469,82.1500015258789,3778900
2019-11-27,74.39688110351562,82.45999908447266,82.62000274658203,81.75,81.91000366210938,1374800
2019-11-29,73.95478057861328,81.97000122070312,82.87000274658203,81.9000015258789,82.20999908447266,854300
2019-12-02,73.85553741455078,81.86000061035156,82.41999816894531,81.1500015258789,82.0999984741211,1929500
2019-12-03,73.08866119384766,81.01000213623047,81.61000061035156,80.5199966430664,81.30000305175781,1657600
2019-12-04,74.36980438232422,82.43000030517578,82.61000061035156,81.18000030517578,81.18000030517578,1928100
2019-12-05,74.61405944824219,82.4800033569336,82.66999816894531,81.63999938964844,82.23999786376953,1454700
2019-12-06,75.23823547363281,83.16999816894531,83.52999877929688,82.7699966430664,82.80999755859375,2005500
2019-12-09,73.77273559570312,81.55000305175781,83.12999725341797,81.4000015258789,83.12999725341797,2988400
2019-12-10,74.44217681884766,82.29000091552734,82.51000213623047,80.62999725341797,80.81999969482422,3200500
2019-12-11,75.09351348876953,83.01000213623047,83.12999725341797,82.05999755859375,82.44999694824219,2939200
2019-12-12,75.54582214355469,83.51000213623047,83.80999755859375,82.73999786376953,83.1500015258789,2319600
2019-12-13,75.95291137695312,83.95999908447266,84.04000091552734,83.18000030517578,83.63999938964844,1836600
2019-12-16,75.86244201660156,83.86000061035156,84.69000244140625,83.68000030517578,84.5199966430664,2870200
2019-12-17,75.31061553955078,83.25,83.2699966430664,81.27999877929688,82.68000030517578,3486000
2019-12-18,75.6815414428711,83.66000366210938,83.76000213623047,82.98999786376953,83.33000183105469,3911300
2019-12-19,74.37885284423828,82.22000122070312,83.68000030517578,82.0999984741211,83.61000061035156,2814900
2019-12-20,74.62310791015625,82.48999786376953,82.97000122070312,82.25,82.5,3904900
2019-12-23,76.4594955444336,84.5199966430664,84.66000366210938,82.5,82.79000091552734,2201600
2019-12-24,76.61329650878906,84.69000244140625,84.77999877929688,84.1500015258789,84.5199966430664,628600
2019-12-26,76.28761291503906,84.33000183105469,84.91000366210938,83.86000061035156,84.8499984741211,838600
2019-12-27,76.03433227539062,84.05000305175781,84.56999969482422,83.93000030517578,84.56999969482422,798100
2019-12-30,75.47345733642578,83.43000030517578,84.22000122070312,83.06999969482422,84.0999984741211,866300
2019-12-31,75.64533233642578,83.62000274658203,83.66000366210938,83.1500015258789,83.37999725341797,1292700
2020-01-02,77.6807632446289,85.87000274658203,85.87000274658203,84.18000030517578,85.0,2957800
2020-01-03,77.3460464477539,85.5,85.76000213623047,84.38999938964844,84.4800033569336,1871700
2020-01-06,77.15606689453125,85.29000091552734,85.58999633789062,84.1500015258789,85.30000305175781,3500000
2020-01-07,77.33699798583984,85.48999786376953,85.93000030517578,84.69999694824219,84.70999908447266,4803200
2020-01-08,78.45873260498047,86.7300033569336,86.98999786376953,85.54000091552734,85.61000061035156,3576600
2020-01-09,78.28684997558594,86.54000091552734,87.08000183105469,85.86000061035156,86.61000061035156,2098900
2020-01-10,77.70789337158203,85.9000015258789,87.05000305175781,85.6500015258789,86.97000122070312,3118900
2020-01-13,80.84696197509766,89.37000274658203,90.30000305175781,87.0999984741211,87.47000122070312,5007700
2020-01-14,80.70221710205078,89.20999908447266,89.2699966430664,87.88999938964844,88.76000213623047,3836300
2020-01-15,81.01885223388672,89.55999755859375,89.94999694824219,88.69000244140625,89.19999694824219,2561000
2020-01-16,81.40785217285156,89.98999786376953,90.0,89.31999969482422,90.0,2243900
2020-01-17,81.17265319824219,89.7300033569336,89.93000030517578,89.20999908447266,89.83999633789062,4474900
2020-01-21,82.38482666015625,91.06999969482422,91.87000274658203,89.30999755859375,89.5199966430664,4284900
2020-01-22,82.46625518798828,91.16000366210938,91.86000061035156,90.58000183105469,91.61000061035156,2815400
2020-01-23,82.4119644165039,91.0999984741211,91.43000030517578,90.52999877929688,91.02999877929688,2129400
2020-01-24,82.12250518798828,90.77999877929688,91.47000122070312,90.51000213623047,91.23999786376953,1610800
2020-01-27,81.89634704589844,90.52999877929688,90.95999908447266,89.12000274658203,89.68000030517578,2222400
2020-01-28,81.91444396972656,90.55000305175781,90.94000244140625,90.26000213623047,90.69999694824219,1952200
2020-01-29,81.86920166015625,90.5,91.16999816894531,90.4800033569336,90.70999908447266,1548200
2020-01-30,81.99585723876953,90.63999938964844,90.69999694824219,89.2699966430664,89.8499984741211,1608500
2020-01-31,80.7112808227539,89.22000122070312,90.31999969482422,89.05000305175781,90.27999877929688,1796500
2020-02-03,81.13644409179688,89.69000244140625,90.63999938964844,89.6500015258789,89.9800033569336,1498500
2020-02-04,82.20392608642578,90.87000274658203,91.62000274658203,90.06999969482422,90.66000366210938,2213300
2020-02-05,82.6019515991211,91.30999755859375,91.6500015258789,90.44999694824219,91.33000183105469,3185000
2020-02-06,84.40216827392578,93.30000305175781,95.0,92.75,93.9000015258789,3888400
2020-02-07,82.54766845703125,91.25,92.95999908447266,91.18000030517578,92.70999908447266,2306000
2020-02-10,82.57479858398438,91.27999877929688,91.38999938964844,90.25,90.69999694824219,2597700
2020-02-11,83.0904541015625,91.8499984741211,92.30000305175781,91.41999816894531,91.83000183105469,1706500
2020-02-12,82.71050262451172,91.43000030517578,92.19000244140625,91.11000061035156,91.86000061035156,1590900
2020-02-13,83.7417984008789,92.56999969482422,92.88999938964844,90.98999786376953,91.36000061035156,2146100
2020-02-14,84.25743103027344,93.13999938964844,93.43000030517578,91.9000015258789,92.9000015258789,1740200
2020-02-18,83.4251937866211,92.22000122070312,92.6500015258789,91.04000091552734,92.58999633789062,1820600
2020-02-19,84.27552032470703,93.16000366210938,93.56999969482422,92.20999908447266,92.36000061035156,1616300
2020-02-20,84.18505859375,93.05999755859375,93.5,92.41000366210938,93.0999984741211,1778200
2020-02-21,83.8322525024414,92.66999816894531,93.16000366210938,92.23999786376953,92.66999816894531,1529500
2020-02-24,80.99170684814453,89.52999877929688,91.33000183105469,89.19000244140625,90.7699966430664,2380600
2020-02-25,78.6939468383789,86.98999786376953,90.2300033569336,86.19999694824219,89.81999969482422,2620400
2020-02-26,78.73013305664062,87.02999877929688,88.69999694824219,86.87999725341797,87.79000091552734,3126900
2020-02-27,76.4265365600586,84.2699966430664,87.0199966430664,84.2300033569336,85.25,3004200
2020-02-28,75.70101928710938,83.47000122070312,83.58999633789062,80.58999633789062,81.80999755859375,4659600
2020-03-02,79.06571197509766,87.18000030517578,87.2300033569336,82.9000015258789,83.37000274658203,3370100
2020-03-03,77.91390228271484,85.91000366210938,88.9800033569336,84.55999755859375,86.91999816894531,3240700
2020-03-04,82.58457946777344,91.05999755859375,91.13999938964844,87.08999633789062,87.26000213623047,4342500
2020-03-05,79.4919662475586,87.6500015258789,89.94000244140625,86.41999816894531,89.04000091552734,3821800
2020-03-06,77.43324279785156,85.37999725341797,86.19000244140625,82.94999694824219,85.08999633789062,3442800
2020-03-09,71.10291290283203,78.4000015258789,81.7300033569336,78.0999984741211,80.6500015258789,4109100
2020-03-10,75.25660705566406,82.9800033569336,83.30999755859375,78.7300033569336,80.51000213623047,3490500
2020-03-11,70.71290588378906,77.97000122070312,81.9000015258789,76.37999725341797,80.91999816894531,3652900
2020-03-12,68.44563293457031,75.47000122070312,77.26000213623047,71.27999877929688,73.0999984741211,6982400
2020-03-13,73.45184326171875,80.98999786376953,81.31999969482422,73.58999633789062,78.55000305175781,5774200
2020-03-16,64.90859985351562,71.56999969482422,77.13999938964844,69.0999984741211,72.66000366210938,4351900
2020-03-17,73.0165023803711,80.51000213623047,81.27999877929688,72.87999725341797,73.36000061035156,5921700
2020-03-18,76.71674346923828,84.58999633789062,85.22000122070312,75.94999694824219,76.19999694824219,7524300
2020-03-19,70.89429473876953,78.16999816894531,85.19999694824219,77.16000366210938,85.18000030517578,6492100
2020-03-20,68.69955444335938,75.75,78.73999786376953,74.04000091552734,76.8499984741211,6097400
2020-03-23,65.12628173828125,71.80999755859375,75.08999633789062,69.69000244140625,74.8499984741211,4664000
2020-03-24,67.03080749511719,73.91000366210938,75.7300033569336,72.0999984741211,73.06999969482422,4685100
2020-03-25,66.72245788574219,73.56999969482422,74.86000061035156,72.20999908447266,72.77999877929688,5993700
2020-03-26,72.70814514160156,80.16999816894531,80.73999786376953,73.91000366210938,74.43000030517578,4465700
2020-03-27,72.363525390625,79.79000091552734,80.66999816894531,76.37000274658203,78.0,4446300
2020-03-30,74.54012298583984,82.19000244140625,82.98999786376953,80.30999755859375,80.87000274658203,2371200
2020-03-31,73.63320922851562,81.19000244140625,84.36000061035156,80.76000213623047,81.66000366210938,2767600
2020-04-01,71.33869171142578,78.66000366210938,80.8499984741211,77.81999969482422,78.7699966430664,3017800
2020-04-02,74.56735229492188,82.22000122070312,82.36000061035156,77.9800033569336,78.3499984741211,3161100
2020-04-03,73.84181213378906,81.41999816894531,82.69000244140625,80.19999694824219,81.43000030517578,3271000
2020-04-06,77.02510070800781,84.93000030517578,85.43000030517578,82.79000091552734,84.04000091552734,2874100
2020-04-07,74.8303451538086,82.51000213623047,87.0,82.4800033569336,86.73999786376953,2793000
2020-04-08,76.61701202392578,84.4800033569336,85.18000030517578,82.16000366210938,83.0999984741211,2951500
2020-04-09,78.80267333984375,86.88999938964844,87.80000305175781,83.5,84.43000030517578,3891200
2020-04-13,77.99551391601562,86.0,86.5999984741211,84.56999969482422,85.61000061035156,2498200
2020-04-14,80.03610229492188,88.25,88.58000183105469,87.02999877929688,87.80999755859375,3784200
2020-04-15,78.80267333984375,86.88999938964844,88.33000183105469,86.5199966430664,87.38999938964844,2059200
2020-04-16,82.1039047241211,90.52999877929688,90.86000061035156,86.56999969482422,87.7300033569336,4647200
2020-04-17,84.29865264892578,92.94999694824219,93.0,91.08000183105469,91.83000183105469,2503900
2020-04-20,85.37788391113281,94.13999938964844,95.19000244140625,92.27999877929688,92.9000015258789,4202900
2020-04-21,81.71390533447266,90.0999984741211,92.83999633789062,89.9000015258789,92.81999969482422,2693100
2020-04-22,82.11296081542969,90.54000091552734,91.4800033569336,89.9800033569336,91.4800033569336,3960900
2020-04-23,82.82037353515625,91.31999969482422,92.38999938964844,90.02999877929688,90.87000274658203,3147400
2020-04-24,84.27143096923828,92.91999816894531,92.9800033569336,90.61000061035156,92.26000213623047,2309300
2020-04-27,84.04470825195312,92.66999816894531,94.01000213623047,92.47000122070312,94.0,2318400
2020-04-28,82.5301513671875,91.0,93.01000213623047,90.83999633789062,92.95999908447266,2174300
2020-04-29,82.97454071044922,91.48999786376953,92.41000366210938,90.58000183105469,91.55000305175781,3023000
2020-04-30,80.51677703857422,88.77999877929688,93.26000213623047,88.52999877929688,92.13999938964844,3588900
2020-05-01,79.66426086425781,87.83999633789062,88.51000213623047,86.5999984741211,88.51000213623047,2644900
2020-05-04,79.1473159790039,87.2699966430664,88.3499984741211,86.56999969482422,88.16999816894531,2679800
2020-05-05,80.48051452636719,88.73999786376953,89.68000030517578,87.83000183105469,88.20999908447266,2571900
2020-05-06,79.73681640625,87.91999816894531,89.56999969482422,87.87000274658203,89.12999725341797,1866300
2020-05-07,80.20841979980469,88.44000244140625,89.02999877929688,87.75,88.87999725341797,1526400
2020-05-08,79.88192749023438,88.08000183105469,89.66000366210938,87.83000183105469,89.48999786376953,1318200
2020-05-11,80.65280151367188,88.93000030517578,89.44999694824219,87.41000366210938,87.76000213623047,2401800
2020-05-12,77.89575958251953,85.88999938964844,89.7699966430664,85.80000305175781,89.41000366210938,2550700
2020-05-13,77.58740997314453,85.55000305175781,86.98999786376953,84.61000061035156,85.88999938964844,3002300
2020-05-14,78.82990264892578,86.91999816894531,87.23999786376953,84.29000091552734,84.48999786376953,4521900
2020-05-15,79.04757690429688,87.16000366210938,88.31999969482422,85.94999694824219,86.81999969482422,3430000
2020-05-18,78.73920440673828,86.81999969482422,89.23999786376953,86.5,88.41999816894531,4210300
2020-05-19,78.46713256835938,86.5199966430664,87.66999816894531,86.16999816894531,86.62999725341797,2393100
2020-05-20,79.2833480834961,87.41999816894531,89.38999938964844,87.0199966430664,87.43000030517578,3312100
2020-05-21,78.5033950805664,86.55999755859375,87.58000183105469,85.81999969482422,87.19000244140625,1534100
2020-05-22,78.83897399902344,86.93000030517578,87.0999984741211,86.2699966430664,86.87999725341797,1345300
2020-05-26,77.55111694335938,85.51000213623047,87.97000122070312,85.29000091552734,87.91000366210938,3006600
2020-05-27,78.39458465576172,86.44000244140625,86.5,83.66000366210938,85.13999938964844,4007700
2020-05-28,79.9907455444336,88.19999694824219,88.80000305175781,86.66000366210938,87.75,4514900
2020-05-29,81.63227844238281,90.01000213623047,90.11000061035156,87.8499984741211,88.5999984741211,5070300
2020-06-01,81.97692108154297,90.38999938964844,90.93000030517578,89.37000274658203,89.61000061035156,1768000
2020-06-02,82.51200866699219,90.9800033569336,90.9800033569336,89.77999877929688,90.30000305175781,2041600
2020-06-03,82.05854034423828,90.4800033569336,91.58000183105469,90.0199966430664,91.0,1759400
2020-06-04,80.5989761352539,88.62999725341797,90.05000305175781,88.16999816894531,89.2300033569336,1794400
2020-06-05,81.10824584960938,89.19000244140625,89.88999938964844,88.18000030517578,88.91000366210938,2837100
2020-06-08,80.7353744506836,88.77999877929688,89.1500015258789,86.73999786376953,87.58999633789062,4814000
2020-06-09,79.12577819824219,87.01000213623047,89.45999908447266,87.01000213623047,89.06999969482422,2666000
2020-06-10,78.9711685180664,86.83999633789062,87.76000213623047,86.19000244140625,87.41999816894531,3076100
2020-06-11,75.99748992919922,83.56999969482422,86.2300033569336,83.23999786376953,86.0,4084300
2020-06-12,76.3612289428711,83.97000122070312,85.33999633789062,82.7699966430664,85.31999969482422,4703800
2020-06-15,76.1884536743164,83.77999877929688,84.30000305175781,82.45999908447266,82.94999694824219,4328700
2020-06-16,77.288818359375,84.98999786376953,86.01000213623047,83.91999816894531,85.36000061035156,3735800
2020-06-17,77.38882446289062,85.0999984741211,85.79000091552734,84.56999969482422,85.33000183105469,1992700
2020-06-18,76.25210571289062,83.8499984741211,84.93000030517578,83.52999877929688,84.51000213623047,1856800
2020-06-19,76.8341064453125,84.48999786376953,85.29000091552734,84.02999877929688,85.0,4432700
2020-06-22,76.35214233398438,83.95999908447266,84.66000366210938,83.37000274658203,84.41999816894531,1932300
2020-06-23,75.92471313476562,83.48999786376953,84.66999816894531,83.37999725341797,84.33999633789062,2655400
2020-06-24,74.99714660644531,82.47000122070312,83.45999908447266,81.3499984741211,83.12999725341797,3289500
2020-06-25,77.5980224609375,85.33000183105469,85.4800033569336,82.3499984741211,82.5999984741211,3941600
2020-06-26,76.67041778564453,84.30999755859375,85.5,83.80999755859375,85.19000244140625,3654600
2020-06-29,76.59768676757812,84.2300033569336,84.95999908447266,83.66000366210938,84.8499984741211,3412600
2020-06-30,78.29823303222656,86.0999984741211,86.31999969482422,84.0999984741211,84.16000366210938,3343700
2020-07-01,79.39857482910156,87.30999755859375,87.6500015258789,86.23999786376953,86.47000122070312,2755900
2020-07-02,79.3076400756836,87.20999908447266,87.66000366210938,86.93000030517578,87.63999938964844,2536800
2020-07-06,80.12610626220703,88.11000061035156,88.5,87.55999755859375,87.7699966430664,2724400
2020-07-07,77.75261688232422,85.5,87.2300033569336,84.95999908447266,86.7300033569336,4541600
2020-07-08,76.55218505859375,84.18000030517578,85.94000244140625,83.7300033569336,85.80000305175781,3722500
2020-07-09,77.92538452148438,85.69000244140625,86.01000213623047,84.19999694824219,84.19999694824219,2445800
2020-07-10,77.50707244873047,85.2300033569336,85.93000030517578,84.77999877929688,85.54000091552734,2213300
2020-07-13,75.89743041992188,83.45999908447266,86.0,83.23999786376953,85.51000213623047,3028100
2020-07-14,76.9796142578125,84.6500015258789,84.66999816894531,82.87999725341797,82.97000122070312,4071100
2020-07-15,79.19852447509766,87.08999633789062,87.5199966430664,85.37999725341797,85.91000366210938,2587000
2020-07-16,78.03451538085938,85.80999755859375,87.11000061035156,85.5,87.11000061035156,1187800
2020-07-17,79.62593078613281,87.55999755859375,87.80000305175781,86.0199966430664,86.30000305175781,1980200
2020-07-20,79.86238861083984,87.81999969482422,88.0,86.8499984741211,87.51000213623047,1411100
2020-07-21,80.63534545898438,88.66999816894531,88.93000030517578,87.81999969482422,87.93000030517578,1528400
2020-07-22,81.1173324584961,89.19999694824219,89.44000244140625,88.25,88.66999816894531,1619800
2020-07-23,81.38104248046875,89.48999786376953,90.80999755859375,89.08999633789062,89.08999633789062,2013500
2020-07-24,81.17188262939453,89.26000213623047,89.41999816894531,88.33000183105469,89.31999969482422,2362000
2020-07-27,81.19918823242188,89.29000091552734,90.36000061035156,89.02999877929688,89.33000183105469,1419600
2020-07-28,81.17188262939453,89.26000213623047,89.79000091552734,88.87000274658203,89.37000274658203,1288600
2020-07-29,82.5086898803711,90.7300033569336,91.44999694824219,89.27999877929688,89.41999816894531,2220500
2020-07-30,78.21637725830078,86.01000213623047,86.11000061035156,82.91999816894531,85.0,8532500
2020-07-31,78.5528564453125,86.37999725341797,86.63999938964844,84.76000213623047,85.68000030517578,4038200
2020-08-03,75.62462615966797,83.16000366210938,87.12000274658203,83.12000274658203,86.95999908447266,4450800
2020-08-04,73.73310852050781,81.08000183105469,83.23999786376953,80.93000030517578,82.7699966430664,5473300
2020-08-05,73.1692886352539,80.45999908447266,82.11000061035156,80.06999969482422,81.44999694824219,5130400
2020-08-06,73.08744812011719,80.37000274658203,80.38999938964844,78.68000030517578,80.20999908447266,5485200
2020-08-07,73.4148178100586,80.7300033569336,81.11000061035156,79.98999786376953,80.48999786376953,3401000
2020-08-10,75.57006072998047,83.0999984741211,83.36000061035156,80.37000274658203,80.83999633789062,5767100
2020-08-11,75.42455291748047,82.94000244140625,84.29000091552734,82.72000122070312,83.5,3685200
2020-08-12,75.91563415527344,83.4800033569336,83.81999969482422,82.41999816894531,83.16999816894531,3170000
2020-08-13,76.97053527832031,84.63999938964844,84.91999816894531,83.16999816894531,83.18000030517578,3301000
2020-08-14,75.93382263183594,83.5,84.7300033569336,83.18000030517578,84.48999786376953,2757000
2020-08-17,76.1156997680664,83.69999694824219,84.48999786376953,83.37000274658203,83.37000274658203,2583900
2020-08-18,76.6340560913086,84.2699966430664,84.5199966430664,83.77999877929688,84.0,2289400
2020-08-19,75.37909698486328,82.88999938964844,84.5,82.66000366210938,84.33000183105469,3174500
2020-08-20,75.37909698486328,82.88999938964844,83.23999786376953,82.41000366210938,82.55000305175781,2391900
2020-08-21,75.56096649169922,83.08999633789062,83.13999938964844,82.12999725341797,83.0,2975800
2020-08-24,76.25210571289062,83.8499984741211,83.88999938964844,82.87999725341797,83.5199966430664,2642800
2020-08-25,76.93413543701172,84.5999984741211,84.76000213623047,83.81999969482422,83.9800033569336,2775900
2020-08-26,76.706787109375,84.3499984741211,84.48999786376953,83.26000213623047,84.11000061035156,2067100
2020-08-27,78.45281982421875,86.2699966430664,86.88999938964844,84.13999938964844,84.5999984741211,3252200
2020-08-28,78.45738220214844,86.02999877929688,86.47000122070312,84.86000061035156,86.38999938964844,2516400
2020-08-31,79.40585327148438,87.06999969482422,87.25,86.18000030517578,86.25,2736900
2020-09-01,78.0196304321289,85.55000305175781,86.9800033569336,84.97000122070312,86.9000015258789,3102700
2020-09-02,78.34795379638672,85.91000366210938,86.16000366210938,85.16999816894531,85.73999786376953,5148500
2020-09-03,76.12271881103516,83.47000122070312,86.13999938964844,82.76000213623047,85.7699966430664,3139700
2020-09-04,75.05571746826172,82.30000305175781,83.77999877929688,81.48999786376953,83.12000274658203,3143800
2020-09-08,74.1346206665039,81.29000091552734,82.30000305175781,80.8499984741211,81.80999755859375,2819500
2020-09-09,75.56640625,82.86000061035156,83.45999908447266,81.70999908447266,82.01000213623047,2759800
2020-09-10,75.8126449584961,83.12999725341797,83.55999755859375,82.2300033569336,82.75,2620400
2020-09-11,75.7853012084961,83.0999984741211,83.83999633789062,82.45999908447266,83.36000061035156,2342900
2020-09-14,75.86737060546875,83.19000244140625,84.63999938964844,83.08000183105469,83.58999633789062,1833400
2020-09-15,73.42329406738281,80.51000213623047,83.6500015258789,80.36000061035156,83.6500015258789,3446600
2020-09-16,74.49028778076172,81.68000030517578,81.98999786376953,80.5199966430664,81.08999633789062,3769300
2020-09-17,75.07394409179688,82.31999969482422,82.38999938964844,80.51000213623047,81.05999755859375,2607400
2020-09-18,75.6667251586914,82.97000122070312,83.79000091552734,82.16000366210938,82.16000366210938,5497500
2020-09-21,73.18614959716797,80.25,81.86000061035156,79.23999786376953,81.80999755859375,2721000
2020-09-22,72.0917739868164,79.05000305175781,80.22000122070312,78.02999877929688,80.0999984741211,3184400
2020-09-23,71.43515014648438,78.33000183105469,79.87000274658203,78.27999877929688,79.4000015258789,2028200
2020-09-24,71.77259063720703,78.69999694824219,79.36000061035156,77.72000122070312,78.4000015258789,3797400
2020-09-25,72.62983703613281,79.63999938964844,79.95999908447266,78.25,78.47000122070312,2231300
2020-09-28,72.53865814208984,79.54000091552734,81.0999984741211,79.37999725341797,80.55999755859375,1793200
2020-09-29,72.12826538085938,79.08999633789062,80.41000366210938,79.0199966430664,79.38999938964844,3590500
2020-09-30,73.34117889404297,80.41999816894531,81.19999694824219,79.02999877929688,79.48999786376953,3055500
2020-10-01,72.70281219482422,79.72000122070312,82.38999938964844,79.44000244140625,82.0199966430664,2110300
2020-10-02,71.89114379882812,78.83000183105469,79.93000030517578,78.63999938964844,79.33999633789062,1536700
2020-10-05,73.47799682617188,80.56999969482422,80.69000244140625,79.06999969482422,79.16999816894531,2398800
2020-10-06,73.37767028808594,80.45999908447266,81.97000122070312,80.27999877929688,80.4800033569336,2565500
2020-10-07,74.46292877197266,81.6500015258789,82.0199966430664,80.2699966430664,80.91000366210938,1506600
2020-10-08,71.9094009399414,78.8499984741211,81.30000305175781,78.55999755859375,81.0,4324400
2020-10-09,71.5902099609375,78.5,79.04000091552734,77.7300033569336,78.8499984741211,4039100
2020-10-12,72.6207275390625,79.62999725341797,79.98999786376953,78.54000091552734,78.83000183105469,2714500
2020-10-13,73.04934692382812,80.0999984741211,80.83000183105469,79.29000091552734,79.4800033569336,1972600
2020-10-14,72.9946517944336,80.04000091552734,81.33999633789062,80.0,80.31999969482422,1658700
2020-10-15,73.4688720703125,80.55999755859375,80.7300033569336,79.2300033569336,79.23999786376953,2154200
2020-10-16,74.61797332763672,81.81999969482422,82.30999755859375,80.62999725341797,80.62999725341797,1779800
2020-10-19,74.04341125488281,81.19000244140625,82.61000061035156,80.75,81.87000274658203,2627900
2020-10-20,73.99781799316406,81.13999938964844,81.83999633789062,80.77999877929688,81.51000213623047,3188200
2020-10-21,74.54499816894531,81.73999786376953,82.2300033569336,80.79000091552734,81.31999969482422,2788100
2020-10-22,74.28053283691406,81.44999694824219,82.41999816894531,81.2699966430664,81.87000274658203,1933800
2020-10-23,73.95222473144531,81.08999633789062,81.93000030517578,80.83999633789062,81.7300033569336,1677000
2020-10-26,72.96729278564453,80.01000213623047,80.93000030517578,79.52999877929688,80.26000213623047,2380600
2020-10-27,73.52359008789062,80.62000274658203,82.0,80.33000183105469,80.58999633789062,3333400
2020-10-28,71.27100372314453,78.1500015258789,79.94000244140625,78.11000061035156,79.44000244140625,3098600
2020-10-29,71.20716857910156,78.08000183105469,79.91000366210938,77.08999633789062,79.06999969482422,3326400
2020-10-30,70.74205017089844,77.56999969482422,78.12000274658203,76.02999877929688,77.26000213623047,2644200
2020-11-02,71.74522399902344,78.66999816894531,79.76000213623047,77.87000274658203,78.1500015258789,2228800
2020-11-03,70.4593505859375,77.26000213623047,80.20999908447266,77.22000122070312,78.80000305175781,3807700
2020-11-04,69.0093002319336,75.66999816894531,78.81999969482422,75.5199966430664,78.16000366210938,6719400
2020-11-05,70.91534423828125,77.76000213623047,78.4000015258789,76.05999755859375,77.0999984741211,4611000
2020-11-06,71.98235321044922,78.93000030517578,79.22000122070312,77.69999694824219,78.1500015258789,3141100
2020-11-09,73.84278869628906,80.97000122070312,82.83999633789062,80.87000274658203,81.73999786376953,5990800
2020-11-10,74.37174224853516,81.55000305175781,81.9000015258789,79.16000366210938,81.19999694824219,5213100
2020-11-11,73.80628967285156,80.93000030517578,82.33000183105469,80.37999725341797,81.98999786376953,5525100
2020-11-12,74.4720458984375,81.66000366210938,82.18000030517578,80.5199966430664,80.80999755859375,3289200
2020-11-13,75.11043548583984,82.36000061035156,82.80000305175781,81.66000366210938,81.88999938964844,2195000
2020-11-16,73.85189819335938,80.9800033569336,82.87999725341797,80.23999786376953,82.83000183105469,3391200
2020-11-17,73.66950225830078,80.77999877929688,80.87999725341797,80.08000183105469,80.44999694824219,3877200
2020-11-18,73.34117889404297,80.41999816894531,81.37999725341797,80.37000274658203,80.73999786376953,3946100
2020-11-19,71.93675231933594,78.87999725341797,80.36000061035156,78.22000122070312,80.33000183105469,2622800
2020-11-20,70.240478515625,77.0199966430664,78.95999908447266,76.98999786376953,78.63999938964844,2878800
2020-11-23,69.10050201416016,75.7699966430664,77.0199966430664,75.30999755859375,76.73999786376953,3049400
2020-11-24,69.33761596679688,76.02999877929688,76.55999755859375,75.27999877929688,76.01000213623047,4588500
2020-11-25,68.75395202636719,75.38999938964844,76.16000366210938,75.19999694824219,76.1500015258789,1910700
2020-11-27,69.28290557861328,75.97000122070312,76.23999786376953,75.36000061035156,75.76000213623047,811800
2020-11-30,69.37408447265625,76.06999969482422,76.88999938964844,75.61000061035156,76.12000274658203,5824500
2020-12-01,68.86339569091797,75.51000213623047,77.08999633789062,75.4000015258789,76.61000061035156,3037900
2020-12-02,69.62944793701172,76.3499984741211,76.36000061035156,74.79000091552734,75.80999755859375,4112900
2020-12-03,69.8261489868164,76.31999969482422,76.5199966430664,75.37999725341797,75.52999877929688,5419500
2020-12-04,71.36321258544922,78.0,78.27999877929688,76.0999984741211,76.19999694824219,3223500
2020-12-07,71.15278625488281,77.7699966430664,78.63999938964844,77.5,77.79000091552734,3816400
2020-12-08,71.29916381835938,77.93000030517578,78.26000213623047,76.79000091552734,77.54000091552734,3628600
2020-12-09,72.5526123046875,79.30000305175781,80.5999984741211,77.91999816894531,77.95999908447266,5307900
2020-12-10,72.42449951171875,79.16000366210938,80.06999969482422,79.12000274658203,79.58000183105469,2793700
2020-12-11,72.58917236328125,79.33999633789062,79.51000213623047,77.7300033569336,78.72000122070312,3881500
2020-12-14,72.1225814819336,78.83000183105469,80.5999984741211,78.81999969482422,79.80999755859375,3686800
2020-12-15,72.84538269042969,79.62000274658203,79.94999694824219,78.18000030517578,78.30000305175781,2923500
2020-12-16,73.19303894042969,80.0,80.91000366210938,79.37999725341797,79.63999938964844,2331400
2020-12-17,74.1445541381836,81.04000091552734,81.62999725341797,80.01000213623047,80.26000213623047,2471400
2020-12-18,73.9798583984375,80.86000061035156,81.26000213623047,80.33000183105469,80.9800033569336,4513700
2020-12-21,72.32386016845703,79.05000305175781,80.12000274658203,78.02999877929688,80.04000091552734,2472200
2020-12-22,71.96705627441406,78.66000366210938,79.4800033569336,78.08000183105469,78.2699966430664,2370300
2020-12-23,72.04939270019531,78.75,79.38999938964844,78.44000244140625,79.0,1979200
2020-12-24,72.81790924072266,79.58999633789062,79.61000061035156,78.6500015258789,78.80999755859375,743200
2020-12-28,72.51600646972656,79.26000213623047,80.16000366210938,78.83999633789062,79.87999725341797,1254500
2020-12-29,73.19303894042969,80.0,80.44999694824219,79.69999694824219,79.86000061035156,1366100
2020-12-30,72.46109008789062,79.19999694824219,80.3499984741211,79.0999984741211,80.16999816894531,1344700
2020-12-31,73.41262817382812,80.23999786376953,80.29000091552734,78.72000122070312,79.19999694824219,1770200
2021-01-04,73.30282592773438,80.12000274658203,80.98999786376953,79.30999755859375,80.48999786376953,3467100
2021-01-05,74.30923461914062,81.22000122070312,81.7300033569336,79.48999786376953,80.12999725341797,2714100
2021-01-06,74.05305480957031,80.94000244140625,81.43000030517578,79.5999984741211,79.5999984741211,3062200
2021-01-07,74.55626678466797,81.48999786376953,81.72000122070312,80.37000274658203,80.95999908447266,1688400
2021-01-08,74.74837493896484,81.69999694824219,82.13999938964844,81.04000091552734,81.52999877929688,1728300
2021-01-11,75.452880859375,82.47000122070312,82.88999938964844,81.31999969482422,82.19999694824219,2285500
2021-01-12,73.70539093017578,80.55999755859375,82.36000061035156,79.88999938964844,82.04000091552734,2897700
2021-01-13,75.38883209228516,82.4000015258789,82.8499984741211,80.23999786376953,80.41999816894531,4140100
2021-01-14,73.23878479003906,80.05000305175781,82.37999725341797,79.83999633789062,81.97000122070312,3308800
2021-01-15,73.2296371459961,80.04000091552734,80.2699966430664,79.22000122070312,80.05000305175781,1646200
2021-01-19,72.1225814819336,78.83000183105469,80.6500015258789,78.55999755859375,80.55999755859375,3018100
2021-01-20,72.75387573242188,79.5199966430664,79.75,78.5199966430664,78.66000366210938,2903700
2021-01-21,73.20219421386719,80.01000213623047,80.33999633789062,78.8499984741211,79.16999816894531,2278600
2021-01-22,72.74472045898438,79.51000213623047,80.13999938964844,79.51000213623047,80.02999877929688,1294600
2021-01-25,73.28451538085938,80.0999984741211,80.72000122070312,79.13999938964844,79.4800033569336,1683500
2021-01-26,73.93412017822266,80.80999755859375,81.05000305175781,79.12999725341797,80.08999633789062,1606400
2021-01-27,71.38150787353516,78.0199966430664,80.44000244140625,77.76000213623047,80.11000061035156,2822100
2021-01-28,70.5855484008789,77.1500015258789,79.22000122070312,77.12000274658203,78.22000122070312,4950500
2021-01-29,70.29276275634766,76.83000183105469,77.77999877929688,74.98999786376953,75.19999694824219,4084200
2021-02-01,69.88103485107422,76.37999725341797,77.91000366210938,76.18000030517578,77.47000122070312,3291700
2021-02-02,70.00914764404297,76.5199966430664,77.80000305175781,76.45999908447266,77.01000213623047,4132600
2021-02-03,70.713623046875,77.29000091552734,77.87000274658203,75.83999633789062,76.33000183105469,2488900
2021-02-04,70.61299896240234,77.18000030517578,80.48999786376953,76.55999755859375,76.68000030517578,3495700
2021-02-05,70.72278594970703,77.30000305175781,78.05999755859375,77.13999938964844,77.4800033569336,1824500
2021-02-08,70.99724578857422,77.5999984741211,78.16999816894531,77.01000213623047,77.54000091552734,2204600
2021-02-09,70.43915557861328,76.98999786376953,77.72000122070312,76.76000213623047,77.6500015258789,1804000
2021-02-10,71.00639343261719,77.61000061035156,78.05999755859375,77.02999877929688,77.52999877929688,5499600
2021-02-11,71.23511505126953,77.86000061035156,78.16999816894531,77.62000274658203,78.12999725341797,1798900
2021-02-12,72.03111267089844,78.7300033569336,78.9800033569336,77.76000213623047,78.0,3542800
2021-02-16,71.18022155761719,77.80000305175781,79.08999633789062,77.26000213623047,78.68000030517578,2665800
2021-02-17,71.07044219970703,77.68000030517578,77.87000274658203,76.8499984741211,77.33999633789062,3570500
2021-02-18,72.1225814819336,78.83000183105469,79.33000183105469,77.52999877929688,77.80000305175781,2185400
2021-02-19,71.76579284667969,78.44000244140625,79.13999938964844,77.8499984741211,78.83000183105469,2926400
2021-02-22,72.1591796875,78.87000274658203,79.0999984741211,77.68000030517578,77.94999694824219,2653500
2021-02-23,71.49129486083984,78.13999938964844,80.38999938964844,77.94999694824219,79.44999694824219,3434400
2021-02-24,71.8298110961914,78.51000213623047,78.66999816894531,77.4800033569336,78.25,2503700
2021-02-25,72.18316650390625,78.6500015258789,78.9000015258789,77.9800033569336,78.22000122070312,2613100
2021-02-26,71.3021011352539,77.69000244140625,78.94000244140625,76.80000305175781,78.80999755859375,4875400
2021-03-01,71.53153228759766,77.94000244140625,78.38999938964844,77.5999984741211,78.06999969482422,3914100
2021-03-02,71.29290771484375,77.68000030517578,78.98999786376953,77.62999725341797,78.41999816894531,3433400
2021-03-03,70.80648803710938,77.1500015258789,77.58000183105469,76.51000213623047,77.26000213623047,2469700
2021-03-04,70.13650512695312,76.41999816894531,77.27999877929688,75.9000015258789,77.16999816894531,3920400
2021-03-05,71.64167022705078,78.05999755859375,78.30000305175781,76.83000183105469,76.91000366210938,2456400
2021-03-08,71.84357452392578,78.27999877929688,79.30000305175781,77.6500015258789,78.20999908447266,1553500
2021-03-09,70.9166259765625,77.2699966430664,79.16000366210938,77.23999786376953,78.55000305175781,1976500
2021-03-10,71.32962036132812,77.72000122070312,77.87000274658203,76.95999908447266,77.3499984741211,2089400
2021-03-11,71.34797668457031,77.73999786376953,78.04000091552734,77.11000061035156,77.63999938964844,1637600
2021-03-12,71.54988861083984,77.95999908447266,78.37999725341797,77.55000305175781,78.0,1462500
2021-03-15,72.2015151977539,78.66999816894531,78.69000244140625,77.55999755859375,78.01000213623047,1482700
2021-03-16,72.44013977050781,78.93000030517578,78.95999908447266,78.02999877929688,78.68000030517578,1919600
2021-03-17,73.13764953613281,79.69000244140625,80.20999908447266,78.68000030517578,79.12999725341797,3792700
2021-03-18,73.29367065429688,79.86000061035156,80.5199966430664,79.51000213623047,79.58999633789062,2060100
2021-03-19,73.69750213623047,80.30000305175781,80.83000183105469,79.47000122070312,79.79000091552734,3976500
2021-03-22,74.5602035522461,81.23999786376953,81.54000091552734,79.51000213623047,79.80000305175781,3121400
2021-03-23,74.89059448242188,81.5999984741211,82.58000183105469,81.25,81.4000015258789,2732400
2021-03-24,75.33112335205078,82.08000183105469,82.44999694824219,81.02999877929688,81.19000244140625,2282900
2021-03-25,76.55176544189453,83.41000366210938,83.62000274658203,82.12999725341797,82.52999877929688,3634900
2021-03-26,78.88291931152344,85.94999694824219,86.08999633789062,83.16999816894531,83.41000366210938,4634100
2021-03-29,78.95635223388672,86.02999877929688,86.55999755859375,84.72000122070312,85.4800033569336,3124000
2021-03-30,78.5433578491211,85.58000183105469,86.37999725341797,85.12000274658203,85.7699966430664,3778900
2021-03-31,77.40531158447266,84.33999633789062,85.86000061035156,84.29000091552734,85.6500015258789,3100200
2021-04-01,77.38694763183594,84.31999969482422,84.54000091552734,83.37999725341797,84.12999725341797,2298600
2021-04-05,78.26802825927734,85.27999877929688,85.69999694824219,84.33999633789062,84.75,1893900
2021-04-06,77.93760681152344,84.91999816894531,85.26000213623047,84.43000030517578,84.66000366210938,1885800
2021-04-07,77.72653198242188,84.69000244140625,85.2300033569336,84.30000305175781,85.04000091552734,1017000
2021-04-08,77.09325408935547,84.0,85.29000091552734,83.94999694824219,84.83999633789062,2174700
2021-04-09,77.93760681152344,84.91999816894531,84.93000030517578,83.80000305175781,84.30999755859375,2781300
2021-04-12,77.58885192871094,84.54000091552734,85.48999786376953,84.37999725341797,85.0,1726300
2021-04-13,77.81831359863281,84.79000091552734,85.25,83.7300033569336,83.77999877929688,1504700
2021-04-14,77.68065643310547,84.63999938964844,84.94000244140625,84.16999816894531,84.80000305175781,1576500
2021-04-15,78.7452621459961,85.80000305175781,86.41999816894531,84.6500015258789,84.69999694824219,2879700
2021-04-16,79.44277954101562,86.55999755859375,86.8499984741211,85.9000015258789,86.26000213623047,2884600
2021-04-19,79.40607452392578,86.5199966430664,86.72000122070312,85.73999786376953,86.43000030517578,2706600
2021-04-20,79.91084289550781,87.06999969482422,87.95999908447266,86.56999969482422,86.66000366210938,2041400
2021-04-21,80.67259216308594,87.9000015258789,88.11000061035156,87.37000274658203,87.73999786376953,1839800
2021-04-22,80.77355194091797,88.01000213623047,88.30000305175781,87.29000091552734,87.88999938964844,2423000
2021-04-23,80.64506530761719,87.87000274658203,88.31999969482422,87.4800033569336,87.86000061035156,2377300
2021-04-26,80.177001953125,87.36000061035156,88.0,87.01000213623047,88.0,1644300
2021-04-27,79.62633514404297,86.76000213623047,87.20999908447266,86.16999816894531,86.97000122070312,1657200
2021-04-28,79.83740234375,86.98999786376953,87.2300033569336,86.44000244140625,86.88999938964844,1999600
2021-04-29,78.33226776123047,85.3499984741211,87.55999755859375,83.83000183105469,87.55999755859375,2486900
2021-04-30,78.6443099975586,85.69000244140625,85.95999908447266,84.91000366210938,85.5999984741211,2805500
2021-05-03,79.4244155883789,86.54000091552734,86.86000061035156,85.69999694824219,86.0199966430664,2004800
2021-05-04,80.25042724609375,87.44000244140625,87.66000366210938,86.2699966430664,86.93000030517578,2732700
2021-05-05,79.5712661743164,86.69999694824219,87.37999725341797,86.13999938964844,87.37999725341797,2424000
2021-05-06,80.33302307128906,87.52999877929688,87.58000183105469,86.3499984741211,86.54000091552734,1989100
2021-05-07,79.49784088134766,86.62000274658203,87.91999816894531,86.4000015258789,87.47000122070312,2486500
2021-05-10,79.37853240966797,86.48999786376953,87.56999969482422,86.45999908447266,87.18000030517578,3584400
2021-05-11,76.70780944824219,83.58000183105469,86.76000213623047,83.54000091552734,86.45999908447266,4241200
2021-05-12,76.26726531982422,83.0999984741211,83.91999816894531,83.02999877929688,83.44999694824219,2426100
2021-05-13,76.5426025390625,83.4000015258789,83.83000183105469,82.8499984741211,83.05000305175781,2955300
2021-05-14,76.96476745605469,83.86000061035156,84.37999725341797,83.51000213623047,83.72000122070312,2193500
2021-05-17,76.037841796875,82.8499984741211,84.18000030517578,82.77999877929688,83.8499984741211,2372700
2021-05-18,76.11124420166016,82.93000030517578,83.4000015258789,82.08000183105469,82.51000213623047,2110800
2021-05-19,75.6982421875,82.4800033569336,82.87999725341797,82.02999877929688,82.69999694824219,1765600
2021-05-20,76.1387710571289,82.95999908447266,83.41999816894531,82.44000244140625,82.51000213623047,1950300
2021-05-21,76.23054504394531,83.05999755859375,83.88999938964844,83.04000091552734,83.06999969482422,1596200
2021-05-24,75.96440124511719,82.7699966430664,83.52999877929688,82.73999786376953,83.2300033569336,1676400
2021-05-25,75.57892608642578,82.3499984741211,82.8499984741211,82.23999786376953,82.55000305175781,2330500
2021-05-26,75.64317321777344,82.41999816894531,82.72000122070312,81.4800033569336,81.7300033569336,2994800
2021-05-27,75.08332061767578,81.80999755859375,82.52999877929688,81.19000244140625,82.5199966430664,5048600
2021-05-28,75.36784362792969,82.12000274658203,82.63999938964844,81.87999725341797,82.29000091552734,3617300
2021-06-01,75.3862075805664,82.13999938964844,82.77999877929688,82.0199966430664,82.45999908447266,3355600
2021-06-02,74.89059448242188,81.5999984741211,82.43000030517578,81.30000305175781,82.29000091552734,2461100
2021-06-03,75.23133087158203,81.69000244140625,81.87000274658203,80.66000366210938,81.12999725341797,2397200
2021-06-04,75.7470703125,82.25,82.44000244140625,81.93000030517578,82.12999725341797,1938300
2021-06-07,74.83534240722656,81.26000213623047,82.41000366210938,81.1500015258789,82.30999755859375,2753000
2021-06-08,74.67879486083984,81.08999633789062,81.69000244140625,80.26000213623047,81.62000274658203,2489500
2021-06-09,75.83915710449219,82.3499984741211,82.37999725341797,81.16999816894531,81.37000274658203,1707200
2021-06-10,77.44158935546875,84.08999633789062,84.16999816894531,82.29000091552734,82.33999633789062,3455700
2021-06-11,75.73785400390625,82.23999786376953,84.5,82.12000274658203,84.25,6107100
2021-06-14,76.2259521484375,82.7699966430664,82.81999969482422,81.62000274658203,82.30000305175781,2994500
2021-06-15,75.47077941894531,81.94999694824219,82.9000015258789,81.55000305175781,82.7699966430664,2286300
2021-06-16,75.30501556396484,81.7699966430664,82.4800033569336,81.55999755859375,82.06999969482422,1911200
2021-06-17,74.73403930664062,81.1500015258789,81.95999908447266,80.7699966430664,81.5,2668300
2021-06-18,74.43012237548828,80.81999969482422,81.44999694824219,80.27999877929688,80.61000061035156,4311300
2021-06-21,75.0655746459961,81.51000213623047,81.72000122070312,80.41000366210938,81.13999938964844,2042300
2021-06-22,74.89981842041016,81.33000183105469,81.68000030517578,81.13999938964844,81.5199966430664,1937300
2021-06-23,74.53144073486328,80.93000030517578,81.62999725341797,80.91000366210938,81.29000091552734,3107200
2021-06-24,74.96427917480469,81.4000015258789,81.77999877929688,80.9800033569336,81.23999786376953,1972700
2021-06-25,75.69181060791016,82.19000244140625,82.52999877929688,81.56999969482422,81.5999984741211,6398300
2021-06-28,75.19453430175781,81.6500015258789,82.43000030517578,81.22000122070312,82.43000030517578,2290300
2021-06-29,75.38790893554688,81.86000061035156,82.04000091552734,81.29000091552734,81.58999633789062,1740600
2021-06-30,74.13542938232422,80.5,81.98999786376953,80.27999877929688,81.94000244140625,3139000
2021-07-01,75.02874755859375,81.47000122070312,81.62000274658203,80.3499984741211,80.44999694824219,4813200
2021-07-02,75.29580688476562,81.76000213623047,81.81999969482422,81.27999877929688,81.47000122070312,2826400
2021-07-06,74.66036987304688,81.06999969482422,81.72000122070312,80.22000122070312,81.5,3312600
2021-07-07,75.37867736816406,81.8499984741211,81.87000274658203,80.73999786376953,81.16000366210938,1676300
2021-07-08,74.89981842041016,81.33000183105469,81.7699966430664,80.80999755859375,81.5,1900500
2021-07-09,74.07096099853516,80.43000030517578,81.62999725341797,80.2300033569336,81.5,2441300
2021-07-12,74.42091369628906,80.80999755859375,81.0999984741211,80.2699966430664,80.37999725341797,2324900
2021-07-13,74.67879486083984,81.08999633789062,81.38999938964844,80.72000122070312,80.72000122070312,1989400
2021-07-14,74.59590148925781,81.0,81.2300033569336,80.47000122070312,81.06999969482422,1751200
2021-07-15,74.65116119384766,81.05999755859375,81.38999938964844,80.66000366210938,80.83000183105469,1637900
2021-07-16,74.9826889038086,81.41999816894531,81.81999969482422,81.13999938964844,81.31999969482422,1585900
2021-07-19,73.92362213134766,80.2699966430664,81.41000366210938,79.76000213623047,81.0999984741211,3108600
2021-07-20,74.17228698730469,80.54000091552734,81.66000366210938,80.26000213623047,80.58999633789062,2108100
2021-07-21,73.92362213134766,80.2699966430664,80.79000091552734,79.54000091552734,80.79000091552734,1769900
2021-07-22,74.14464569091797,80.51000213623047,80.72000122070312,80.05999755859375,80.31999969482422,874600
2021-07-23,74.72484588623047,81.13999938964844,81.31999969482422,80.4800033569336,80.86000061035156,1826700
2021-07-26,74.38407135009766,80.7699966430664,81.0999984741211,80.20999908447266,80.66000366210938,1890500
2021-07-27,75.61815643310547,82.11000061035156,83.1500015258789,80.63999938964844,80.87000274658203,2300600
2021-07-28,75.4339599609375,81.91000366210938,85.68000030517578,81.31999969482422,82.19000244140625,4563800
2021-07-29,71.26213073730469,77.37999725341797,80.48999786376953,77.30999755859375,79.25,7327400
2021-07-30,71.2344741821289,77.3499984741211,78.0,76.38999938964844,77.04000091552734,7506600
2021-08-02,71.10555267333984,77.20999908447266,77.9800033569336,76.81999969482422,77.5999984741211,3352200
2021-08-03,70.24907684326172,76.27999877929688,77.01000213623047,76.0,76.83999633789062,4447100
2021-08-04,69.20841217041016,75.1500015258789,76.37000274658203,74.97000122070312,76.23999786376953,5005500
2021-08-05,68.57296752929688,74.45999908447266,74.97000122070312,73.61000061035156,74.97000122070312,6988400
2021-08-06,68.91372680664062,74.83000183105469,75.22000122070312,74.45999908447266,74.58000183105469,2991200
2021-08-09,68.14935302734375,74.0,74.91999816894531,73.94000244140625,74.80999755859375,2286200
2021-08-10,68.01119995117188,73.8499984741211,74.31999969482422,73.73999786376953,74.19999694824219,2377700
2021-08-11,68.13092041015625,73.9800033569336,74.37999725341797,73.81999969482422,74.0,1774100
2021-08-12,68.02041625976562,73.86000061035156,74.26000213623047,73.54000091552734,74.08999633789062,1445600
2021-08-13,68.66506958007812,74.55999755859375,74.76000213623047,73.55000305175781,73.80000305175781,2968600
2021-08-16,69.69650268554688,75.68000030517578,75.81999969482422,74.62999725341797,74.77999877929688,3631100
2021-08-17,69.92675018310547,75.93000030517578,76.18000030517578,75.48999786376953,75.79000091552734,2979900
2021-08-18,69.31893157958984,75.2699966430664,76.19999694824219,75.2300033569336,76.05999755859375,3169100
2021-08-19,69.08869934082031,75.0199966430664,75.62999725341797,74.81999969482422,75.22000122070312,3020700
2021-08-20,69.24524688720703,75.19000244140625,75.62999725341797,74.6500015258789,74.80999755859375,3286800
2021-08-23,68.8952865600586,74.80999755859375,75.44000244140625,74.5999984741211,75.44000244140625,2532200
2021-08-24,68.6374282836914,74.52999877929688,75.04000091552734,74.36000061035156,74.75,2119100
2021-08-25,67.96516418457031,73.80000305175781,74.37000274658203,73.5999984741211,74.30999755859375,2951300
2021-08-26,67.9375228881836,73.7699966430664,74.0,73.12000274658203,73.61000061035156,3090300
2021-08-27,68.1217269897461,73.97000122070312,74.38999938964844,73.80000305175781,74.0999984741211,2619900
2021-08-30,69.99122619628906,76.0,76.72000122070312,74.25,74.25,9337000
2021-08-31,70.19381713867188,76.22000122070312,76.37000274658203,75.30000305175781,75.9800033569336,5213400
2021-09-01,71.46470642089844,77.5999984741211,77.88999938964844,75.83999633789062,76.55000305175781,4001300
2021-09-02,74.92149353027344,81.05999755859375,82.9800033569336,80.19999694824219,81.0,8205800
2021-09-03,76.44656372070312,82.70999908447266,83.1500015258789,80.77999877929688,81.05000305175781,5100100
2021-09-07,77.03807830810547,83.3499984741211,83.75,81.98999786376953,82.33000183105469,5812300
2021-09-08,76.49275207519531,82.76000213623047,83.91000366210938,82.69999694824219,83.16999816894531,3050700
2021-09-09,75.53150939941406,81.72000122070312,82.93000030517578,81.37999725341797,82.93000030517578,3519800
2021-09-10,74.7920913696289,80.91999816894531,81.98999786376953,80.70999908447266,81.94999694824219,2512400
2021-09-13,74.52405548095703,80.62999725341797,82.26000213623047,80.33000183105469,82.2300033569336,2906600
2021-09-14,75.57772064208984,81.7699966430664,81.79000091552734,80.58000183105469,80.77999877929688,2867700
2021-09-15,77.24141693115234,83.56999969482422,84.16999816894531,81.44999694824219,81.79000091552734,5895700
2021-09-16,76.91790771484375,83.22000122070312,83.87000274658203,82.23999786376953,83.55999755859375,2691700
2021-09-17,77.27838134765625,83.61000061035156,83.62999725341797,82.70999908447266,82.94000244140625,4507900
2021-09-20,76.05833435058594,82.29000091552734,83.16999816894531,81.91999816894531,82.8499984741211,2811900
2021-09-21,75.74408721923828,81.94999694824219,83.2300033569336,81.91000366210938,82.8499984741211,2002700
2021-09-22,74.9122543334961,81.05000305175781,82.38999938964844,81.01000213623047,82.2300033569336,2445500
2021-09-23,74.67194366455078,80.79000091552734,81.41000366210938,80.7300033569336,81.1500015258789,2738500
2021-09-24,74.72740173339844,80.8499984741211,81.06999969482422,80.52999877929688,80.61000061035156,2008800
2021-09-27,74.46859741210938,80.56999969482422,80.86000061035156,79.88999938964844,80.43000030517578,2264200
2021-09-28,74.61648559570312,80.7300033569336,80.98999786376953,80.05000305175781,80.47000122070312,2932900
2021-09-29,75.61470794677734,81.80999755859375,82.29000091552734,80.7699966430664,80.79000091552734,2548300
2021-09-30,74.33918762207031,80.43000030517578,82.52999877929688,80.41000366210938,82.01000213623047,3095300
2021-10-01,75.13407135009766,81.29000091552734,81.66000366210938,79.76000213623047,80.56999969482422,2885000
2021-10-04,74.3299331665039,80.41999816894531,81.58999633789062,79.80000305175781,81.0,3158300
2021-10-05,74.73662567138672,80.86000061035156,82.19000244140625,80.48999786376953,80.77999877929688,2756300
2021-10-06,74.73662567138672,80.86000061035156,80.93000030517578,79.66999816894531,80.48999786376953,2949500
2021-10-07,74.47784423828125,80.58000183105469,81.9000015258789,80.4800033569336,81.1500015258789,3316000
2021-10-08,74.12662506103516,80.19999694824219,81.11000061035156,79.9800033569336,80.70999908447266,2641200
2021-10-11,72.94355773925781,78.91999816894531,80.0999984741211,78.83999633789062,79.91999816894531,2010500
2021-10-12,72.74945831298828,78.70999908447266,79.02999877929688,78.27999877929688,78.83000183105469,1394400
2021-10-13,72.83265686035156,78.80000305175781,79.26000213623047,78.47000122070312,78.72000122070312,1491100
2021-10-14,73.840087890625,79.88999938964844,79.91999816894531,79.0999984741211,79.0999984741211,1754000
2021-10-15,73.66447448730469,79.69999694824219,80.36000061035156,79.68000030517578,80.0,1783600
2021-10-18,72.25959014892578,78.18000030517578,79.5999984741211,77.94000244140625,79.5999984741211,1822900
2021-10-19,73.64599609375,79.68000030517578,79.7300033569336,78.38999938964844,78.44000244140625,2527800
2021-10-20,75.09709930419922,81.25,81.7300033569336,79.77999877929688,79.86000061035156,2270000
2021-10-21,75.29121398925781,81.45999908447266,81.77999877929688,80.79000091552734,81.69999694824219,1349100
2021-10-22,75.96591186523438,82.19000244140625,82.23999786376953,81.47000122070312,81.5999984741211,1348400
2021-10-25,75.19876861572266,81.36000061035156,82.5999984741211,81.23999786376953,82.37000274658203,2621100
2021-10-26,75.59619903564453,81.79000091552734,82.12000274658203,81.16999816894531,81.48999786376953,1557700
2021-10-27,75.73484802246094,81.94000244140625,82.38999938964844,81.7699966430664,82.2300033569336,2764000
2021-10-28,72.65702056884766,78.61000061035156,84.30000305175781,78.33000183105469,82.31999969482422,7344300
2021-10-29,72.98051452636719,78.95999908447266,79.41000366210938,77.55999755859375,78.11000061035156,7995500
2021-11-01,73.77540588378906,79.81999969482422,80.16000366210938,78.86000061035156,79.19999694824219,3375600
2021-11-02,74.20980072021484,80.29000091552734,80.81999969482422,79.33999633789062,80.16999816894531,2152200
2021-11-03,73.9787368774414,80.04000091552734,80.94000244140625,79.58000183105469,80.36000061035156,1648900
2021-11-04,72.37974548339844,78.30999755859375,80.2300033569336,77.8499984741211,80.08999633789062,2638900
2021-11-05,72.13018798828125,78.04000091552734,79.30000305175781,77.76000213623047,78.1500015258789,2606800
2021-11-08,72.77718353271484,78.73999786376953,79.08999633789062,77.81999969482422,78.31999969482422,1626400
2021-11-09,71.81593322753906,77.69999694824219,78.69999694824219,77.55999755859375,78.6500015258789,2476800
2021-11-10,73.03596496582031,79.0199966430664,79.56999969482422,77.79000091552734,77.79000091552734,2494400
2021-11-11,73.16537475585938,79.16000366210938,79.33999633789062,78.68000030517578,79.05999755859375,1776100
2021-11-12,73.44266510009766,79.45999908447266,79.70999908447266,79.01000213623047,79.56999969482422,1216200
2021-11-15,73.52584075927734,79.55000305175781,79.70999908447266,78.66000366210938,79.58000183105469,1609700
2021-11-16,73.30400848388672,79.30999755859375,79.94999694824219,79.19000244140625,79.31999969482422,1978100
2021-11-17,73.55358123779297,79.58000183105469,80.1500015258789,78.70999908447266,79.22000122070312,2249700
2021-11-18,73.1191635131836,79.11000061035156,80.02999877929688,79.08999633789062,80.0,2099000
2021-11-19,73.25779724121094,79.26000213623047,79.62999725341797,78.76000213623047,79.41999816894531,2381400
2021-11-22,73.24855041503906,79.25,79.93000030517578,78.79000091552734,79.4000015258789,1708000
2021-11-23,72.47218322753906,78.41000366210938,79.06999969482422,78.05999755859375,78.93000030517578,1707300
2021-11-24,71.74199676513672,77.62000274658203,78.73999786376953,77.4000015258789,78.43000030517578,1338800
2021-11-26,70.5127182006836,76.29000091552734,78.0,76.05000305175781,77.7300033569336,1281100
2021-11-29,70.27239990234375,76.02999877929688,76.97000122070312,75.98999786376953,76.31999969482422,2506600
2021-11-30,68.92296600341797,74.56999969482422,76.16000366210938,74.31999969482422,75.9000015258789,3440600
2021-12-01,69.39436340332031,75.08000183105469,76.61000061035156,74.5199966430664,74.8499984741211,2502400
2021-12-02,70.72100067138672,76.2300033569336,76.61000061035156,74.77999877929688,74.88999938964844,2726700
2021-12-03,72.40947723388672,78.05000305175781,78.13999938964844,76.45999908447266,76.6500015258789,2510300
2021-12-06,73.51346588134766,79.23999786376953,80.5999984741211,78.22000122070312,78.38999938964844,3046400
2021-12-07,74.10720825195312,79.87999725341797,80.94000244140625,79.44000244140625,79.5199966430664,2793600
2021-12-08,74.78446197509766,80.61000061035156,80.94999694824219,79.81999969482422,80.05999755859375,1886700
2021-12-09,74.73808288574219,80.55999755859375,81.2699966430664,79.83000183105469,80.47000122070312,1935500
2021-12-10,75.01639556884766,80.86000061035156,81.25,80.41999816894531,80.91000366210938,2131300
2021-12-13,77.18729400634766,83.19999694824219,83.7699966430664,80.41999816894531,80.97000122070312,3103800
2021-12-14,76.54716491699219,82.51000213623047,83.76000213623047,82.30999755859375,83.2300033569336,2662700
2021-12-15,76.72342681884766,82.69999694824219,83.18000030517578,81.54000091552734,82.7699966430664,2300500
2021-12-16,77.84597778320312,83.91000366210938,84.0999984741211,82.16000366210938,82.58999633789062,3076100
2021-12-17,77.58621978759766,83.62999725341797,85.08999633789062,83.23999786376953,84.3499984741211,4688100
2021-12-20,76.54716491699219,82.51000213623047,83.26000213623047,81.9000015258789,83.12999725341797,2631700
2021-12-21,77.80889129638672,83.87000274658203,84.36000061035156,82.5999984741211,82.75,2731000
2021-12-22,79.1540756225586,85.31999969482422,85.38999938964844,83.52999877929688,84.12000274658203,2301000
2021-12-23,79.3674545288086,85.55000305175781,86.08000183105469,85.33000183105469,85.55000305175781,2033700
2021-12-27,80.34158325195312,86.5999984741211,86.66999816894531,85.48999786376953,85.80000305175781,1220700
2021-12-28,80.48075103759766,86.75,87.0999984741211,86.41000366210938,86.62999725341797,1227800
2021-12-29,80.88894653320312,87.19000244140625,87.43000030517578,86.61000061035156,86.87000274658203,1280300
2021-12-30,80.20240783691406,86.44999694824219,87.51000213623047,86.37000274658203,87.41000366210938,1346600
2021-12-31,79.63648986816406,85.83999633789062,86.72000122070312,85.81999969482422,86.26000213623047,1788100
2022-01-03,80.59207916259766,86.87000274658203,86.93000030517578,85.19000244140625,85.5199966430664,1899800
2022-01-04,81.6404037475586,88.0,88.01000213623047,86.55000305175781,86.9800033569336,3346300
2022-01-05,81.51050567626953,87.86000061035156,88.91000366210938,87.75,88.01000213623047,2966500
2022-01-06,80.5085678100586,86.77999877929688,88.18000030517578,86.75,87.95999908447266,1507300
2022-01-07,81.13015747070312,87.44999694824219,88.01000213623047,87.12999725341797,87.30999755859375,1750600
2022-01-10,80.0725326538086,86.30999755859375,87.69000244140625,85.94000244140625,87.37000274658203,2912800
2022-01-11,80.11892700195312,86.36000061035156,86.58000183105469,84.80999755859375,86.29000091552734,2403300
2022-01-12,80.19314575195312,86.44000244140625,86.83000183105469,85.58999633789062,86.0,2169400
2022-01-13,79.68289184570312,85.88999938964844,86.69999694824219,85.47000122070312,86.36000061035156,2568400
2022-01-14,79.54373931884766,85.73999786376953,86.06999969482422,84.31999969482422,85.63999938964844,2246700
2022-01-18,79.6550521850586,85.86000061035156,86.33000183105469,85.18000030517578,85.58999633789062,2258900
2022-01-19,79.41385650634766,85.5999984741211,86.37999725341797,85.19999694824219,85.98999786376953,1827000
2022-01-20,79.7756576538086,85.98999786376953,87.56999969482422,85.70999908447266,85.76000213623047,2504900
2022-01-21,80.04470825195312,86.27999877929688,86.81999969482422,85.51000213623047,86.6500015258789,2348400
2022-01-24,79.7478256225586,85.95999908447266,86.05000305175781,84.02999877929688,85.19000244140625,3510600
2022-01-25,78.92213439941406,85.06999969482422,85.93000030517578,83.91000366210938,84.91999816894531,2697900
2022-01-26,78.17996978759766,84.2699966430664,85.54000091552734,83.93000030517578,84.79000091552734,3888000
2022-01-27,78.5139389038086,84.62999725341797,86.19000244140625,84.05999755859375,84.61000061035156,2665400
2022-01-28,79.12625122070312,85.29000091552734,85.3499984741211,83.16999816894531,84.93000030517578,2588600
2022-01-31,79.26541900634766,85.44000244140625,85.55000305175781,84.41000366210938,85.29000091552734,2568500
2022-02-01,78.79226684570312,84.93000030517578,85.58999633789062,83.79000091552734,85.58999633789062,3340700
2022-02-02,79.3674545288086,85.55000305175781,85.66999816894531,83.97000122070312,84.55999755859375,3203500
2022-02-03,79.87770080566406,86.0999984741211,86.20999908447266,84.95999908447266,85.44000244140625,4585100
2022-02-04,80.44363403320312,86.70999908447266,87.25,85.0999984741211,85.66000366210938,3673200
2022-02-07,80.59207916259766,86.87000274658203,87.33000183105469,86.05999755859375,86.9800033569336,2676200
2022-02-08,82.02076721191406,88.41000366210938,88.44999694824219,86.76000213623047,86.87000274658203,4744300
2022-02-09,82.98561096191406,89.44999694824219,89.69999694824219,88.5999984741211,88.83999633789062,2887900
2022-02-10,81.4084701538086,87.75,89.23999786376953,87.56999969482422,88.9000015258789,3295100
2022-02-11,79.7014389038086,85.91000366210938,87.68000030517578,85.81999969482422,87.3499984741211,3490000
2022-02-14,79.27468872070312,85.44999694824219,85.80999755859375,84.33000183105469,85.58999633789062,2384900
2022-02-15,79.40457153320312,85.58999633789062,86.62000274658203,85.26000213623047,86.2300033569336,1702200
2022-02-16,78.9778060913086,85.12999725341797,85.38999938964844,83.80000305175781,85.2699966430664,2879700
2022-02-17,76.81620788574219,82.80000305175781,83.79000091552734,79.55999755859375,80.80000305175781,5189300
2022-02-18,76.39871215820312,82.3499984741211,83.13999938964844,81.18000030517578,82.38999938964844,5029000
2022-02-22,78.35623168945312,84.45999908447266,84.76000213623047,81.94000244140625,82.5,3888300
2022-02-23,79.54373931884766,85.73999786376953,86.08999633789062,84.19000244140625,84.51000213623047,3153200
2022-02-24,78.78980255126953,84.6500015258789,85.08999633789062,83.41000366210938,84.91999816894531,5266900
2022-02-25,80.2883529663086,86.26000213623047,86.95999908447266,84.47000122070312,84.76000213623047,3174200
2022-02-28,79.087646484375,84.97000122070312,86.44000244140625,84.37999725341797,85.25,4376200
2022-03-01,78.31510925292969,84.13999938964844,85.80000305175781,83.4800033569336,84.81999969482422,2961700
2022-03-02,79.32965850830078,85.2300033569336,86.18000030517578,84.37000274658203,84.55000305175781,2454000
2022-03-03,79.29241180419922,85.19000244140625,85.93000030517578,84.91000366210938,85.47000122070312,1540500
2022-03-04,80.06494903564453,86.0199966430664,86.1500015258789,84.0999984741211,84.13999938964844,1979600
2022-03-07,79.09696197509766,84.9800033569336,85.62000274658203,83.81999969482422,85.62000274658203,3204700
2022-03-08,74.88056945800781,80.44999694824219,84.62999725341797,80.44000244140625,84.5199966430664,3159800
2022-03-09,74.21971893310547,79.73999786376953,81.76000213623047,79.26000213623047,81.33000183105469,3453500
2022-03-10,73.51233673095703,78.9800033569336,79.55999755859375,77.69000244140625,78.86000061035156,2751000
2022-03-11,71.52978515625,76.8499984741211,79.41999816894531,76.66999816894531,79.41999816894531,3833000
2022-03-14,72.59085845947266,77.98999786376953,78.80999755859375,77.19999694824219,77.44999694824219,2452700
2022-03-15,73.22378540039062,78.66999816894531,78.94000244140625,77.94999694824219,78.58999633789062,1720700
2022-03-16,73.49369812011719,78.95999908447266,79.69999694824219,77.9800033569336,79.13999938964844,2288900
2022-03-17,73.94048309326172,79.44000244140625,79.5999984741211,77.97000122070312,78.69999694824219,2662700
2022-03-18,73.64264678955078,79.12000274658203,79.62999725341797,77.79000091552734,79.5199966430664,3895600
2022-03-21,73.57747650146484,79.05000305175781,79.91999816894531,78.8499984741211,79.01000213623047,3016700
2022-03-22,72.60948181152344,78.01000213623047,79.2699966430664,78.01000213623047,79.26000213623047,4193000
2022-03-23,71.73455810546875,77.06999969482422,78.11000061035156,76.91999816894531,78.02999877929688,4620600
2022-03-24,72.30233001708984,77.68000030517578,78.0,76.86000061035156,77.37999725341797,7617400
2022-03-25,71.86486053466797,77.20999908447266,78.33000183105469,76.76000213623047,77.5999984741211,2990100
2022-03-28,73.45648193359375,78.91999816894531,78.93000030517578,76.75,77.3499984741211,3536600
2022-03-29,74.00564575195312,79.51000213623047,80.72000122070312,78.91999816894531,79.6500015258789,6771000
2022-03-30,73.88463592529297,79.37999725341797,80.04000091552734,78.5999984741211,79.62000274658203,2861100
2022-03-31,72.17202758789062,77.54000091552734,79.68000030517578,77.19000244140625,79.05000305175781,4662200
2022-04-01,73.14002227783203,78.58000183105469,78.62000274658203,76.94000244140625,77.68000030517578,3183400
2022-04-04,70.2453384399414,75.47000122070312,77.0199966430664,75.41999816894531,76.1500015258789,5406800
2022-04-05,71.19470977783203,76.48999786376953,78.0,75.31999969482422,75.31999969482422,4263500
2022-04-06,71.66938781738281,77.0,77.08999633789062,75.77999877929688,76.04000091552734,3513200
2022-04-07,72.60948181152344,78.01000213623047,78.26000213623047,76.55000305175781,76.62999725341797,2976400
2022-04-08,74.46171569824219,80.0,80.30999755859375,77.8499984741211,77.8499984741211,4260900
2022-04-11,73.31685638427734,78.7699966430664,80.58000183105469,78.5999984741211,80.0,3590700
2022-04-12,72.66532135009766,78.06999969482422,79.56999969482422,77.94999694824219,78.19999694824219,3045100
2022-04-13,73.00972747802734,78.44000244140625,78.80000305175781,77.58999633789062,78.05000305175781,2459100
2022-04-14,71.14817810058594,76.44000244140625,78.76000213623047,75.97000122070312,78.68000030517578,3843100
2022-04-18,69.77993774414062,74.97000122070312,76.37000274658203,74.5999984741211,76.25,1824000
2022-04-19,71.21332550048828,76.51000213623047,76.62999725341797,75.08000183105469,75.22000122070312,2523800
2022-04-20,73.12139129638672,78.55999755859375,78.7300033569336,75.87999725341797,76.48999786376953,2492200
2022-04-21,72.58154296875,77.9800033569336,78.66000366210938,77.79000091552734,78.66000366210938,2224300
2022-04-22,68.0207748413086,73.08000183105469,77.4000015258789,72.88999938964844,77.4000015258789,4266500
2022-04-25,67.86255645751953,72.91000366210938,73.22000122070312,72.12999725341797,72.80000305175781,3140100
2022-04-26,65.6473159790039,70.52999877929688,72.6500015258789,70.5,72.23999786376953,2280900
2022-04-27,66.14991760253906,71.06999969482422,72.12000274658203,70.30000305175781,70.72000122070312,4639300
2022-04-28,65.89862060546875,70.80000305175781,74.6500015258789,69.87999725341797,71.16000366210938,8441000
2022-04-29,66.140625,71.05999755859375,72.11000061035156,69.72000122070312,70.23999786376953,4019200
2022-05-02,65.72176361083984,70.61000061035156,72.43000030517578,69.72000122070312,71.33000183105469,3854700
2022-05-03,67.06208801269531,72.05000305175781,72.88999938964844,71.01000213623047,71.12000274658203,4496600
2022-05-04,68.1324691772461,73.19999694824219,73.62999725341797,71.6500015258789,71.94999694824219,3550800
2022-05-05,67.93700408935547,72.98999786376953,73.38999938964844,72.0999984741211,72.73999786376953,3029700
2022-05-06,67.75086212158203,72.79000091552734,73.19000244140625,71.79000091552734,72.51000213623047,3174400
2022-05-09,68.52339935302734,73.62000274658203,74.51000213623047,71.87999725341797,72.16000366210938,4362400
2022-05-10,67.4437026977539,72.45999908447266,74.22000122070312,72.22000122070312,73.86000061035156,3417400
2022-05-11,67.01555633544922,72.0,74.23999786376953,71.91000366210938,72.37999725341797,2543400
2022-05-12,67.62055206298828,72.6500015258789,72.80999755859375,71.2699966430664,72.12000274658203,2270600
2022-05-13,67.9742431640625,73.02999877929688,73.5,72.58000183105469,72.80000305175781,2069400
2022-05-16,68.58853912353516,73.69000244140625,73.77999877929688,72.54000091552734,73.05999755859375,2864000
2022-05-17,69.19355010986328,74.33999633789062,74.36000061035156,73.41999816894531,74.16999816894531,1981000
2022-05-18,67.12724304199219,72.12000274658203,74.1500015258789,71.81999969482422,73.9000015258789,1994300
2022-05-19,67.57400512695312,72.5999984741211,72.70999908447266,71.16000366210938,71.55000305175781,2580700
2022-05-20,68.160400390625,73.2300033569336,73.30000305175781,72.06999969482422,73.13999938964844,1695500
2022-05-23,68.29071044921875,73.37000274658203,74.48999786376953,73.01000213623047,74.19000244140625,2322900
2022-05-24,68.78401184082031,73.9000015258789,73.95999908447266,72.93000030517578,73.48999786376953,3259600
2022-05-25,69.98470306396484,75.19000244140625,77.08000183105469,73.54000091552734,73.83000183105469,4050000
2022-05-26,70.50592803955078,75.75,76.30000305175781,74.70999908447266,75.18000030517578,1824200
2022-05-27,70.8875732421875,76.16000366210938,76.66000366210938,75.5999984741211,76.16000366210938,2576200
2022-05-31,70.78518676757812,76.05000305175781,76.51000213623047,74.75,75.37999725341797,3853400
2022-06-01,69.31454467773438,74.47000122070312,76.4800033569336,74.04000091552734,76.2300033569336,1862400
2022-06-02,69.38928985595703,74.26000213623047,74.5,72.30000305175781,74.5,2189400
2022-06-03,67.78213500976562,72.54000091552734,74.43000030517578,72.47000122070312,74.0,1881800
2022-06-06,67.7447280883789,72.5,73.2699966430664,71.95999908447266,72.22000122070312,1917700
2022-06-07,67.81949615478516,72.58000183105469,72.62000274658203,71.83000183105469,72.30000305175781,1989000
2022-06-08,68.07178497314453,72.8499984741211,73.05000305175781,72.18000030517578,72.5,1526200
2022-06-09,67.30558013916016,72.02999877929688,72.8499984741211,71.5,72.30000305175781,2865200
2022-06-10,68.32408905029297,73.12000274658203,73.62999725341797,71.19000244140625,71.43000030517578,3268800
2022-06-13,66.8757553100586,71.56999969482422,72.6500015258789,71.26000213623047,71.83000183105469,3779600
2022-06-14,63.054012298583984,67.4800033569336,72.1500015258789,67.2300033569336,71.48999786376953,6008400
2022-06-15,63.381046295166016,67.83000183105469,68.73999786376953,66.91000366210938,67.83999633789062,3746200
2022-06-16,61.00764846801758,65.29000091552734,66.80000305175781,64.77999877929688,66.5,2918100
2022-06-17,59.64341354370117,63.83000183105469,66.37000274658203,63.27000045776367,65.43000030517578,7244100
2022-06-21,59.82094192504883,64.0199966430664,64.68000030517578,63.25,64.56999969482422,3698000
2022-06-22,60.5030632019043,64.75,65.58000183105469,63.2599983215332,63.560001373291016,2541700
2022-06-23,60.81142044067383,65.08000183105469,65.55999755859375,64.3499984741211,64.93000030517578,2413300
2022-06-24,62.3999137878418,66.77999877929688,67.02999877929688,63.75,63.75,4080300
2022-06-27,62.334510803222656,66.70999908447266,67.41999816894531,66.30999755859375,66.7699966430664,2300600
2022-06-28,60.97026824951172,65.25,67.0999984741211,65.18000030517578,67.0,2548900
2022-06-29,61.4935302734375,65.80999755859375,65.91999816894531,64.80000305175781,65.48999786376953,2589600
2022-06-30,60.01716995239258,64.2300033569336,65.51000213623047,64.08999633789062,65.30999755859375,3410800
2022-07-01,61.19452667236328,65.48999786376953,65.61000061035156,63.709999084472656,64.0999984741211,2517700
2022-07-05,61.10108184814453,65.38999938964844,65.43000030517578,63.540000915527344,65.01000213623047,1937600
2022-07-06,60.83945083618164,65.11000061035156,65.73999786376953,64.8499984741211,65.4800033569336,2242100
2022-07-07,60.93290328979492,65.20999908447266,65.41000366210938,64.56999969482422,65.11000061035156,2509200
2022-07-08,60.90486145019531,65.18000030517578,65.87000274658203,64.83000183105469,65.37000274658203,2268800
2022-07-11,60.27880859375,64.51000213623047,65.0,64.22000122070312,64.63999938964844,2530700
2022-07-12,60.43764877319336,64.68000030517578,65.12999725341797,64.13999938964844,64.25,2648800
2022-07-13,59.59668731689453,63.779998779296875,64.44999694824219,63.43000030517578,64.08999633789062,2579500
2022-07-14,59.26029586791992,63.41999816894531,63.68000030517578,62.70000076293945,62.9900016784668,2288600
2022-07-15,60.65257263183594,64.91000366210938,65.18000030517578,64.02999877929688,64.41000366210938,1855100
2022-07-18,60.13864517211914,64.36000061035156,65.44999694824219,64.19000244140625,64.93000030517578,1903400
2022-07-19,61.035675048828125,65.31999969482422,65.58999633789062,64.87999725341797,65.13999938964844,2285200
2022-07-20,61.2879638671875,65.58999633789062,65.6500015258789,64.79000091552734,65.19999694824219,2526600
2022-07-21,61.69911193847656,66.02999877929688,66.58999633789062,65.47000122070312,65.93000030517578,2298000
2022-07-22,61.82058334350586,66.16000366210938,66.44000244140625,65.5999984741211,66.2699966430664,1480600
2022-07-25,61.91402816772461,66.26000213623047,66.47000122070312,65.86000061035156,66.27999877929688,2115900
2022-07-26,62.3625373840332,66.73999786376953,66.77999877929688,65.9000015258789,66.62999725341797,2437400
2022-07-27,62.41861343383789,66.80000305175781,67.06999969482422,65.79000091552734,66.9000015258789,3136400
2022-07-28,55.59740447998047,59.5,62.65999984741211,58.90999984741211,61.75,9053900
2022-07-29,54.812496185302734,58.65999984741211,59.84000015258789,57.91999816894531,59.41999816894531,6232100
2022-08-01,54.82184982299805,58.66999816894531,59.16999816894531,58.029998779296875,58.34000015258789,5197900
2022-08-02,55.01808166503906,58.880001068115234,59.5,58.33000183105469,58.77000045776367,3866800
2022-08-03,54.363990783691406,58.18000030517578,59.09000015258789,57.77000045776367,58.95000076293945,4056300
2022-08-04,54.111698150634766,57.90999984741211,58.599998474121094,57.75,58.439998626708984,4493500
2022-08-05,54.74709701538086,58.59000015258789,58.61000061035156,57.4900016784668,57.77000045776367,2448300
2022-08-08,55.79363250732422,59.709999084472656,59.90999984741211,58.470001220703125,58.9900016784668,3053300
2022-08-09,55.08348083496094,58.95000076293945,59.81999969482422,58.72999954223633,59.54999923706055,2530900
2022-08-10,55.9711799621582,59.900001525878906,60.060001373291016,59.029998779296875,59.20000076293945,3130400
2022-08-11,56.036582946777344,59.970001220703125,61.060001373291016,59.689998626708984,60.06999969482422,2073600
2022-08-12,56.494441986083984,60.459999084472656,60.709999084472656,60.0099983215332,60.0099983215332,2114000
2022-08-15,57.952125549316406,62.02000045776367,62.2400016784668,60.130001068115234,60.33000183105469,2991900
2022-08-16,57.78392791748047,61.84000015258789,61.869998931884766,60.81999969482422,61.68000030517578,2889500
2022-08-17,57.35409927368164,61.380001068115234,61.7599983215332,60.91999816894531,61.54999923706055,2124400
2022-08-18,57.045745849609375,61.04999923706055,61.560001373291016,60.130001068115234,61.41999816894531,2508400
2022-08-19,57.23262405395508,61.25,62.119998931884766,60.79999923706055,61.5099983215332,5992300
2022-08-22,55.756256103515625,59.66999816894531,61.150001525878906,59.529998779296875,61.040000915527344,3753600
2022-08-23,54.812496185302734,58.65999984741211,59.54999923706055,58.65999984741211,59.310001373291016,2433300
2022-08-24,54.85921859741211,58.709999084472656,59.099998474121094,58.34000015258789,58.54999923706055,2938400
2022-08-25,55.989864349365234,59.91999816894531,59.95000076293945,58.439998626708984,59.029998779296875,2171500
2022-08-26,53.42022705078125,57.16999816894531,60.11000061035156,57.119998931884766,60.0,2544700
2022-08-29,53.252044677734375,56.9900016784668,57.31999969482422,56.400001525878906,56.79999923706055,1859100
2022-08-30,52.77549743652344,56.47999954223633,57.27000045776367,56.400001525878906,57.189998626708984,2745700
2022-08-31,53.69121170043945,57.459999084472656,58.88999938964844,56.93000030517578,57.27000045776367,4137300
2022-09-01,53.30615997314453,56.7599983215332,57.20000076293945,56.13999938964844,56.939998626708984,4454900
2022-09-02,52.78963088989258,56.209999084472656,57.349998474121094,55.880001068115234,57.029998779296875,2656500
2022-09-06,51.33395004272461,54.65999984741211,56.529998779296875,54.45000076293945,56.4900016784668,3081200
2022-09-07,55.15628433227539,58.72999954223633,58.88999938964844,54.5099983215332,54.7599983215332,6328700
2022-09-08,55.12811279296875,58.70000076293945,59.099998474121094,58.0,58.130001068115234,4250300
2022-09-09,55.90760803222656,59.529998779296875,59.810001373291016,58.68000030517578,58.93000030517578,2383600
2022-09-12,56.142391204833984,59.779998779296875,60.38999938964844,59.63999938964844,59.779998779296875,2252300
2022-09-13,54.592796325683594,58.130001068115234,59.16999816894531,57.97999954223633,58.7400016784668,2121700
2022-09-14,55.51316452026367,59.11000061035156,59.47999954223633,58.150001525878906,58.29999923706055,3048500
2022-09-15,55.38168716430664,58.970001220703125,60.33000183105469,58.58000183105469,59.119998931884766,2788700
2022-09-16,54.63975524902344,58.18000030517578,58.83000183105469,58.099998474121094,58.72999954223633,4271000
2022-09-19,54.874542236328125,58.43000030517578,58.58000183105469,56.61000061035156,57.88999938964844,2660300
2022-09-20,53.137107849121094,56.58000183105469,58.029998779296875,56.189998626708984,58.029998779296875,1900500
2022-09-21,52.09465789794922,55.470001220703125,57.09000015258789,55.45000076293945,56.540000915527344,1903300
2022-09-22,52.0007438659668,55.369998931884766,55.9900016784668,55.0,55.220001220703125,2752000
2022-09-23,52.03830337524414,55.40999984741211,55.58000183105469,54.560001373291016,55.189998626708984,2610800
2022-09-26,51.568729400634766,54.90999984741211,55.4900016784668,53.81999969482422,55.15999984741211,2646700
2022-09-27,50.995849609375,54.29999923706055,55.5099983215332,53.779998779296875,55.34000015258789,2546600
2022-09-28,52.1791877746582,55.560001373291016,55.91999816894531,54.54999923706055,54.869998931884766,3031500
2022-09-29,51.93500518798828,55.29999923706055,55.97999954223633,54.68000030517578,55.41999816894531,3165000
2022-09-30,50.58262634277344,53.86000061035156,55.709999084472656,53.849998474121094,55.5,3972800
2022-10-03,52.235530853271484,55.619998931884766,55.93000030517578,53.810001373291016,54.25,3253800
2022-10-04,53.95417404174805,57.45000076293945,57.61000061035156,56.06999969482422,56.16999816894531,3320900
2022-10-05,54.19834899902344,57.709999084472656,58.22999954223633,56.720001220703125,56.939998626708984,2320300
2022-10-06,52.82719421386719,56.25,57.70000076293945,55.959999084472656,57.529998779296875,3195900
2022-10-07,52.235530853271484,55.619998931884766,56.13999938964844,55.2599983215332,55.88999938964844,2686600
2022-10-10,51.63446807861328,54.97999954223633,56.0,54.52000045776367,55.880001068115234,1937900
2022-10-11,52.41396713256836,55.810001373291016,56.15999984741211,54.4900016784668,54.90999984741211,3161800
2022-10-12,51.653255462646484,55.0,55.63999938964844,54.86000061035156,55.63999938964844,2391400
2022-10-13,52.66754150390625,56.08000183105469,56.40999984741211,53.849998474121094,54.29999923706055,4562100
2022-10-14,51.183685302734375,54.5,56.75,54.400001525878906,56.41999816894531,3896000
2022-10-17,51.88804626464844,55.25,55.869998931884766,54.869998931884766,55.2599983215332,4559100
2022-10-18,52.21674728393555,55.599998474121094,56.810001373291016,55.45000076293945,56.630001068115234,4374200
2022-10-19,51.95378112792969,55.31999969482422,56.47999954223633,54.529998779296875,55.400001525878906,6516600
2022-10-20,51.653255462646484,55.0,56.34000015258789,54.88999938964844,55.619998931884766,3831100
2022-10-21,52.99624252319336,56.43000030517578,56.540000915527344,54.33000183105469,54.900001525878906,4516000
2022-10-24,52.99624252319336,56.43000030517578,57.36000061035156,56.18000030517578,56.91999816894531,3902100
2022-10-25,53.634864807128906,57.11000061035156,57.20000076293945,55.959999084472656,56.189998626708984,4747400
2022-10-26,54.12322235107422,57.630001068115234,58.119998931884766,57.09000015258789,57.47999954223633,5030900
2022-10-27,50.68592834472656,53.970001220703125,57.619998931884766,53.56999969482422,57.45000076293945,8921400
2022-10-28,51.653255462646484,55.0,55.630001068115234,53.599998474121094,53.599998474121094,6383000
2022-10-31,51.04280471801758,54.349998474121094,55.04999923706055,54.130001068115234,54.880001068115234,4766700
2022-11-01,50.469932556152344,53.7400016784668,54.970001220703125,53.709999084472656,54.689998626708984,3555600
2022-11-02,48.77006912231445,51.93000030517578,53.97999954223633,51.90999984741211,53.47999954223633,3947000
2022-11-03,47.370731353759766,50.439998626708984,51.40999984741211,50.43000030517578,51.40999984741211,3176700
2022-11-04,47.50221633911133,50.58000183105469,50.959999084472656,49.83000183105469,50.86000061035156,3864000
2022-11-07,49.15511703491211,52.34000015258789,52.349998474121094,50.650001525878906,50.79999923706055,4623300
2022-11-08,49.446258544921875,52.650001525878906,53.2599983215332,51.0099983215332,52.27000045776367,4665200
2022-11-09,48.507102966308594,51.650001525878906,53.060001373291016,51.630001068115234,52.810001373291016,3358200
2022-11-10,50.46053695678711,53.72999954223633,54.119998931884766,52.88999938964844,53.34000015258789,5843300
2022-11-11,51.540557861328125,54.880001068115234,55.18000030517578,53.79999923706055,53.970001220703125,10218300
2022-11-14,50.413578033447266,53.68000030517578,55.04999923706055,53.630001068115234,54.86000061035156,4128600
2022-11-15,51.03341293334961,54.34000015258789,54.880001068115234,53.65999984741211,54.029998779296875,4134100
2022-11-16,51.59690856933594,54.939998626708984,55.61000061035156,54.560001373291016,54.560001373291016,5892600
2022-11-17,51.01462936401367,54.31999969482422,54.59000015258789,53.70000076293945,54.279998779296875,5058500
2022-11-18,51.653255462646484,55.0,55.290000915527344,54.52000045776367,55.0,4643500
2022-11-21,52.43275451660156,55.83000183105469,56.5099983215332,55.029998779296875,55.029998779296875,2537100
2022-11-22,51.95378112792969,55.31999969482422,55.84000015258789,54.7599983215332,55.83000183105469,3429800
2022-11-23,52.87415313720703,56.29999923706055,56.459999084472656,55.31999969482422,55.38999938964844,3460400
2022-11-25,52.592411041259766,56.0,56.72999954223633,55.70000076293945,56.459999084472656,2125100
2022-11-28,51.83169937133789,55.189998626708984,56.029998779296875,55.02000045776367,55.70000076293945,4321100
2022-11-29,51.972564697265625,55.34000015258789,55.86000061035156,54.720001220703125,55.0099983215332,3962100
2022-11-30,53.090152740478516,56.529998779296875,56.54999923706055,54.88999938964844,55.47999954223633,7416300
2022-12-01,49.446346282958984,52.380001068115234,56.91999816894531,52.29999923706055,56.5,11120100
2022-12-02,50.239295959472656,53.220001220703125,53.61000061035156,51.779998779296875,51.880001068115234,7442900
2022-12-05,48.42683410644531,51.29999923706055,52.97999954223633,51.130001068115234,52.779998779296875,5018300
2022-12-06,48.62506103515625,51.5099983215332,51.869998931884766,50.880001068115234,51.0,4969200
2022-12-07,49.41801834106445,52.349998474121094,52.77000045776367,51.33000183105469,51.47999954223633,5133900
2022-12-08,49.67289733886719,52.619998931884766,53.15999984741211,52.099998474121094,52.43000030517578,3184800
2022-12-09,49.446346282958984,52.380001068115234,53.099998474121094,52.2599983215332,52.439998626708984,4494200
2022-12-12,49.68234634399414,52.630001068115234,52.689998626708984,51.77000045776367,52.220001220703125,3590500
2022-12-13,50.19209671020508,53.16999816894531,53.79999923706055,52.5099983215332,53.630001068115234,4534900
2022-12-14,49.37082290649414,52.29999923706055,53.349998474121094,52.06999969482422,52.97999954223633,6972900
2022-12-15,47.91707229614258,50.7599983215332,51.4900016784668,49.91999816894531,50.900001525878906,7366100
2022-12-16,46.92588424682617,49.709999084472656,50.869998931884766,49.470001220703125,50.400001525878906,9392900
2022-12-19,47.152442932128906,49.95000076293945,50.279998779296875,49.0,49.0,5556700
2022-12-20,47.13356018066406,49.93000030517578,50.349998474121094,49.59000015258789,49.849998474121094,8072500
2022-12-21,47.51115798950195,50.33000183105469,50.369998931884766,49.81999969482422,50.06999969482422,3579800
2022-12-22,47.33179473876953,50.13999938964844,50.38999938964844,49.0099983215332,50.13999938964844,3015100
2022-12-23,47.3601188659668,50.16999816894531,50.209999084472656,49.540000915527344,49.959999084472656,1837000
2022-12-27,47.992591857910156,50.84000015258789,51.02000045776367,49.540000915527344,50.150001525878906,2643200
2022-12-28,47.539485931396484,50.36000061035156,51.70000076293945,50.279998779296875,51.060001373291016,2247900
2022-12-29,48.25691604614258,51.119998931884766,51.439998626708984,50.630001068115234,50.720001220703125,2884900
2022-12-30,48.115318298339844,50.970001220703125,51.040000915527344,50.45000076293945,50.810001373291016,1823000
2023-01-03,48.181392669677734,51.040000915527344,51.36000061035156,50.11000061035156,50.400001525878906,2787400
2023-01-04,49.39914321899414,52.33000183105469,52.5,51.5,51.61000061035156,3266600
2023-01-05,49.625701904296875,52.56999969482422,53.119998931884766,51.83000183105469,51.83000183105469,3051500
2023-01-06,45.736454010009766,48.45000076293945,50.380001068115234,47.86000061035156,50.0,11099000
2023-01-09,42.19647979736328,44.70000076293945,47.95000076293945,44.470001220703125,47.599998474121094,13897300
2023-01-10,43.17823028564453,45.7400016784668,46.41999816894531,45.02000045776367,45.31999969482422,5839600
2023-01-11,42.8950309753418,45.439998626708984,46.02000045776367,45.27000045776367,45.900001525878906,5362600
2023-01-12,42.56463623046875,45.09000015258789,45.63999938964844,44.7400016784668,45.38999938964844,8526900
2023-01-13,42.328636169433594,44.84000015258789,45.060001373291016,44.33000183105469,44.970001220703125,6519100
2023-01-17,42.23423767089844,44.7400016784668,45.119998931884766,44.22999954223633,45.029998779296875,6301800
2023-01-18,41.53568649291992,44.0,44.97999954223633,43.91999816894531,44.79999923706055,7749400
2023-01-19,41.19585037231445,43.63999938964844,44.150001525878906,43.36000061035156,44.0,12849500
2023-01-20,41.42240905761719,43.880001068115234,44.0,43.25,43.7400016784668,9199200
2023-01-23,42.61184310913086,45.13999938964844,45.59000015258789,43.9900016784668,44.0,7252900
2023-01-24,42.39472198486328,44.90999984741211,45.290000915527344,44.560001373291016,44.88999938964844,4432500
2023-01-25,43.55582809448242,46.13999938964844,46.2599983215332,44.40999984741211,44.5,4504200
2023-01-26,43.574710845947266,46.15999984741211,46.369998931884766,45.849998474121094,46.310001373291016,3086800
2023-01-27,43.423667907714844,46.0,46.33000183105469,45.79999923706055,46.040000915527344,2936800
2023-01-30,42.61184310913086,45.13999938964844,46.15999984741211,45.06999969482422,45.939998626708984,4313600
2023-01-31,43.13102722167969,45.689998626708984,45.7599983215332,44.7599983215332,45.29999923706055,5078800
2023-02-01,43.68798828125,46.279998779296875,46.369998931884766,45.29999923706055,45.88999938964844,7610800
2023-02-02,44.37710189819336,47.0099983215332,47.22999954223633,46.0,46.41999816894531,8985300
2023-02-03,44.065582275390625,46.68000030517578,47.150001525878906,46.349998474121094,46.810001373291016,4749800
2023-02-06,42.630714416503906,45.15999984741211,46.65999984741211,45.130001068115234,46.540000915527344,3932300
2023-02-07,43.055503845214844,45.61000061035156,45.83000183105469,44.540000915527344,44.869998931884766,5983800
2023-02-08,43.12159729003906,45.68000030517578,46.11000061035156,45.34000015258789,45.369998931884766,4019400
2023-02-09,37.891868591308594,40.13999938964844,41.5,38.58000183105469,41.43000030517578,22036000
2023-02-10,38.65650939941406,40.95000076293945,41.59000015258789,39.869998931884766,40.29999923706055,12300000
2023-02-13,38.231712341308594,40.5,41.0,40.0,41.0,7348800
2023-02-14,37.67475891113281,39.90999984741211,40.720001220703125,39.900001525878906,40.5,5902200
2023-02-15,37.81635284423828,40.060001373291016,40.130001068115234,39.47999954223633,39.810001373291016,6183300
2023-02-16,37.5709114074707,39.79999923706055,40.29999923706055,39.22999954223633,39.709999084472656,5538300
2023-02-17,38.70370864868164,41.0,41.040000915527344,39.58000183105469,39.91999816894531,10318700
2023-02-21,38.42050552368164,40.70000076293945,40.84000015258789,40.119998931884766,40.790000915527344,6028900
2023-02-22,38.713138580322266,41.0099983215332,41.38999938964844,40.459999084472656,40.81999969482422,6130700
2023-02-23,38.51348876953125,40.5099983215332,41.040000915527344,40.060001373291016,40.63999938964844,5099800
2023-02-24,38.18074417114258,40.15999984741211,40.369998931884766,39.650001525878906,40.08000183105469,4388400
2023-02-27,37.85749435424805,39.81999969482422,40.58000183105469,39.709999084472656,40.290000915527344,5094900
2023-02-28,37.9810905456543,39.95000076293945,40.06999969482422,39.36000061035156,39.709999084472656,8207200
2023-03-01,37.13495635986328,39.060001373291016,39.95000076293945,38.88999938964844,39.650001525878906,6337500
2023-03-02,37.6673583984375,39.619998931884766,39.7599983215332,38.61000061035156,38.709999084472656,4236600
2023-03-03,37.971588134765625,39.939998626708984,40.33000183105469,39.689998626708984,40.060001373291016,4104400
2023-03-06,37.75292205810547,39.709999084472656,40.150001525878906,39.70000076293945,40.0,4330400
2023-03-07,37.06840515136719,38.9900016784668,39.849998474121094,38.970001220703125,39.619998931884766,6239000
2023-03-08,37.4962272644043,39.439998626708984,39.54999923706055,38.790000915527344,38.79999923706055,4862600
2023-03-09,37.06840515136719,38.9900016784668,39.84000015258789,38.97999954223633,39.810001373291016,4225500
2023-03-10,36.146209716796875,38.02000045776367,39.029998779296875,37.95000076293945,38.790000915527344,5830400
2023-03-13,36.982845306396484,38.900001525878906,39.2400016784668,37.7400016784668,38.0,6119800
2023-03-14,37.42967224121094,39.369998931884766,39.560001373291016,38.810001373291016,39.36000061035156,6177500
2023-03-15,36.345863342285156,38.22999954223633,38.880001068115234,37.9900016784668,38.779998779296875,7016000
2023-03-16,36.47895812988281,38.369998931884766,38.619998931884766,37.83000183105469,37.86000061035156,7920500
2023-03-17,35.7278938293457,37.58000183105469,38.61000061035156,37.349998474121094,38.56999969482422,11701700
2023-03-20,36.307830810546875,38.189998626708984,38.33000183105469,37.52000045776367,37.59000015258789,6256700
2023-03-21,37.65785217285156,39.61000061035156,39.709999084472656,38.59000015258789,38.599998474121094,8958300
2023-03-22,37.23002243041992,39.15999984741211,40.150001525878906,39.130001068115234,39.599998474121094,6557700
2023-03-23,36.24128341674805,38.119998931884766,39.40999984741211,38.08000183105469,39.25,4855000
2023-03-24,37.29658508300781,39.22999954223633,39.470001220703125,38.13999938964844,38.2599983215332,7628700
2023-03-27,38.09518051147461,40.06999969482422,40.40999984741211,39.52000045776367,39.97999954223633,5650400
2023-03-28,37.886024475097656,39.849998474121094,40.220001220703125,39.66999816894531,39.88999938964844,2860400
2023-03-29,38.542015075683594,40.540000915527344,40.61000061035156,39.720001220703125,39.90999984741211,4161700
2023-03-30,38.32334899902344,40.310001373291016,41.11000061035156,40.2599983215332,40.9900016784668,4395800
2023-03-31,38.56102752685547,40.560001373291016,40.63999938964844,40.27000045776367,40.47999954223633,4620100
2023-04-03,38.009613037109375,39.97999954223633,40.849998474121094,39.84000015258789,40.83000183105469,6032200
2023-04-04,38.50398635864258,40.5,40.689998626708984,39.66999816894531,39.970001220703125,8661300
2023-04-05,40.17724609375,42.2599983215332,42.470001220703125,40.61000061035156,40.689998626708984,11518600
2023-04-06,40.215274810791016,42.29999923706055,42.720001220703125,41.86000061035156,42.459999084472656,4393700
2023-04-10,40.09168243408203,42.16999816894531,42.290000915527344,41.61000061035156,42.0,7271400
2023-04-11,40.77619934082031,42.88999938964844,43.220001220703125,42.38999938964844,42.45000076293945,4701100
2023-04-12,40.56704330444336,42.66999816894531,43.439998626708984,42.349998474121094,43.09000015258789,6255800
2023-04-13,41.051902770996094,43.18000030517578,43.54999923706055,42.77000045776367,42.77000045776367,8364400
2023-04-14,40.928314208984375,43.04999923706055,43.34000015258789,42.86000061035156,43.150001525878906,3531400
2023-04-17,40.852256774902344,42.970001220703125,43.29999923706055,42.880001068115234,43.20000076293945,5033900
2023-04-18,40.70964813232422,42.81999969482422,43.060001373291016,42.720001220703125,43.0099983215332,3636900
2023-04-19,41.47022247314453,43.619998931884766,43.7599983215332,42.91999816894531,42.959999084472656,6144900
2023-04-20,41.11845779418945,43.25,43.59000015258789,43.130001068115234,43.459999084472656,3545900
2023-04-21,43.057918548583984,45.290000915527344,45.45000076293945,43.47999954223633,43.47999954223633,11375900
2023-04-24,43.16249465942383,45.400001525878906,45.97999954223633,45.33000183105469,45.5,7830200
2023-04-25,43.20051956176758,45.439998626708984,46.0099983215332,45.06999969482422,45.09000015258789,6439500
2023-04-26,43.808982849121094,46.08000183105469,46.59000015258789,44.72999954223633,44.81999969482422,6618300
2023-04-27,44.493492126464844,46.79999923706055,47.970001220703125,45.060001373291016,47.0,10785100
2023-04-28,45.33012771606445,47.68000030517578,47.880001068115234,46.68000030517578,46.939998626708984,6017900
2023-05-01,45.04491424560547,47.380001068115234,48.22999954223633,47.310001373291016,47.59000015258789,3730000
2023-05-02,44.693145751953125,47.0099983215332,47.56999969482422,46.83000183105469,47.189998626708984,4229700
2023-05-03,44.20827865600586,46.5,47.540000915527344,46.470001220703125,47.15999984741211,3526200
2023-05-04,43.057918548583984,45.290000915527344,46.36000061035156,45.220001220703125,46.130001068115234,4159800
2023-05-05,43.78045654296875,46.04999923706055,46.16999816894531,45.310001373291016,45.540000915527344,3290100
2023-05-08,43.36214065551758,45.61000061035156,47.2599983215332,44.81999969482422,46.5,7650300
2023-05-09,40.95683288574219,43.08000183105469,44.9900016784668,42.439998626708984,44.86000061035156,9329700
2023-05-10,41.67937469482422,43.84000015258789,44.18000030517578,43.099998474121094,43.31999969482422,7169200
2023-05-11,41.24205017089844,43.380001068115234,43.869998931884766,43.04999923706055,43.810001373291016,7875700
2023-05-12,40.376895904541016,42.470001220703125,43.5,42.279998779296875,43.43000030517578,5003200
2023-05-15,40.70964813232422,42.81999969482422,43.13999938964844,42.22999954223633,42.56999969482422,3811200
2023-05-16,40.890281677246094,43.0099983215332,43.68000030517578,42.59000015258789,42.630001068115234,4691200
2023-05-17,40.67161560058594,42.779998779296875,43.22999954223633,42.5,42.9900016784668,4206600
2023-05-18,40.909297943115234,43.029998779296875,43.08000183105469,42.47999954223633,42.59000015258789,3338200
2023-05-19,40.871273040771484,42.9900016784668,43.36000061035156,42.75,43.25,3147800
2023-05-22,40.48147964477539,42.58000183105469,43.290000915527344,42.43000030517578,42.9900016784668,3625900
2023-05-23,40.40541458129883,42.5,43.25,42.16999816894531,42.599998474121094,3967700
2023-05-24,40.04414367675781,42.119998931884766,42.400001525878906,41.810001373291016,42.310001373291016,4319300
2023-05-25,39.30258560180664,41.34000015258789,41.630001068115234,41.0,41.529998779296875,3966400
2023-05-26,39.25505065917969,41.290000915527344,41.65999984741211,40.88999938964844,41.459999084472656,2695100
2023-05-30,38.34236526489258,40.33000183105469,41.11000061035156,40.22999954223633,41.11000061035156,9412000
2023-05-31,38.71314239501953,40.720001220703125,40.95000076293945,39.91999816894531,40.209999084472656,12626500
2023-06-01,39.47916793823242,41.22999954223633,41.33000183105469,40.220001220703125,40.56999969482422,3516700
2023-06-02,39.574928283691406,41.33000183105469,41.709999084472656,40.81999969482422,41.63999938964844,3665300
2023-06-05,39.8813362121582,41.650001525878906,41.75,41.11000061035156,41.41999816894531,2479200
2023-06-06,39.22063446044922,40.959999084472656,41.529998779296875,40.84000015258789,41.5,3132500
2023-06-07,40.35052490234375,42.13999938964844,42.220001220703125,40.939998626708984,41.18000030517578,4682200
2023-06-08,39.584503173828125,41.34000015258789,42.380001068115234,40.63999938964844,42.25,4973300
2023-06-09,40.18775177001953,41.970001220703125,42.220001220703125,41.2400016784668,41.540000915527344,3477100
2023-06-12,40.896324157714844,42.709999084472656,43.150001525878906,41.97999954223633,42.130001068115234,3086200
2023-06-13,41.62405776977539,43.470001220703125,43.72999954223633,42.79999923706055,42.88999938964844,3956900
2023-06-14,41.60490036010742,43.45000076293945,44.470001220703125,43.45000076293945,44.18000030517578,5805500
2023-06-15,42.5720100402832,44.459999084472656,44.59000015258789,43.310001373291016,43.380001068115234,4353900
2023-06-16,43.43378829956055,45.36000061035156,45.529998779296875,44.790000915527344,45.16999816894531,7918400
2023-06-20,43.03162384033203,44.939998626708984,45.599998474121094,44.45000076293945,44.720001220703125,5599600
2023-06-21,42.935874938964844,44.84000015258789,44.88999938964844,43.9900016784668,44.81999969482422,3422100
2023-06-22,43.32846450805664,45.25,45.5099983215332,44.810001373291016,45.060001373291016,4618000
2023-06-23,43.12738037109375,45.040000915527344,45.31999969482422,44.79999923706055,45.0099983215332,12036700
2023-06-26,42.811397552490234,44.709999084472656,45.02000045776367,43.86000061035156,44.88999938964844,3958900
2023-06-27,43.47209930419922,45.400001525878906,45.58000183105469,44.22999954223633,44.689998626708984,4666800
2023-06-28,43.165679931640625,45.08000183105469,45.380001068115234,44.84000015258789,45.380001068115234,3311600
2023-06-29,42.80181884765625,44.70000076293945,44.93000030517578,43.959999084472656,44.63999938964844,4764900
2023-06-30,43.625301361083984,45.560001373291016,45.75,44.91999816894531,45.08000183105469,4191000
2023-07-03,42.78267288208008,44.68000030517578,45.75,44.369998931884766,45.310001373291016,2155900
2023-07-05,43.22313690185547,45.13999938964844,45.349998474121094,44.25,44.7599983215332,3972200
2023-07-06,43.67317581176758,45.61000061035156,45.7599983215332,44.59000015258789,44.79999923706055,6381900
2023-07-07,43.376338958740234,45.29999923706055,45.70000076293945,45.220001220703125,45.43000030517578,3139400
2023-07-10,43.71147918701172,45.650001525878906,45.81999969482422,45.119998931884766,45.40999984741211,3243500
2023-07-11,44.07534408569336,46.029998779296875,46.650001525878906,45.529998779296875,45.630001068115234,3430400
2023-07-12,44.41047668457031,46.380001068115234,46.709999084472656,46.02000045776367,46.470001220703125,3739900
2023-07-13,44.736045837402344,46.720001220703125,46.93000030517578,46.4900016784668,46.4900016784668,4110800
2023-07-14,44.870094299316406,46.86000061035156,47.5,46.81999969482422,46.86000061035156,4290600
2023-07-17,44.57325744628906,46.54999923706055,46.79999923706055,46.45000076293945,46.599998474121094,3388800
2023-07-18,45.052024841308594,47.04999923706055,47.130001068115234,46.41999816894531,46.75,4561000
2023-07-19,45.818058013916016,47.849998474121094,47.88999938964844,47.11000061035156,47.20000076293945,6409200
2023-07-20,47.19690704345703,49.290000915527344,50.209999084472656,48.119998931884766,49.349998474121094,9346700
2023-07-21,46.497901916503906,48.560001373291016,49.400001525878906,48.33000183105469,49.34000015258789,6256900
2023-07-24,46.229793548583984,48.279998779296875,48.849998474121094,47.7400016784668,48.2400016784668,4583200
2023-07-25,46.72771453857422,48.79999923706055,49.290000915527344,47.91999816894531,48.0099983215332,4918700
2023-07-26,46.871341705322266,48.95000076293945,49.06999969482422,48.54999923706055,48.650001525878906,6713400
2023-07-27,43.54869842529297,45.47999954223633,47.72999954223633,45.02000045776367,47.22999954223633,11084300
2023-07-28,45.01372146606445,47.0099983215332,47.5099983215332,44.7599983215332,45.56999969482422,9516600
2023-07-31,43.3093147277832,45.22999954223633,47.189998626708984,44.86000061035156,46.95000076293945,11976800
2023-08-01,43.089073181152344,45.0,45.47999954223633,44.77000045776367,45.29999923706055,6711600
2023-08-02,42.04536819458008,43.90999984741211,44.849998474121094,43.630001068115234,44.75,5458500
2023-08-03,42.07408905029297,43.939998626708984,44.0,43.560001373291016,43.70000076293945,3376700
2023-08-04,42.05493927001953,43.91999816894531,44.619998931884766,43.7599983215332,43.900001525878906,4074100
2023-08-07,41.691078186035156,43.540000915527344,44.310001373291016,43.439998626708984,43.83000183105469,3120000
2023-08-08,40.953773498535156,42.77000045776367,43.369998931884766,42.279998779296875,43.25,3482100
2023-08-09,41.15485382080078,42.97999954223633,43.290000915527344,42.68000030517578,42.81999969482422,4146200
2023-08-10,41.16443634033203,42.9900016784668,43.439998626708984,42.84000015258789,42.959999084472656,3113800
2023-08-11,41.4038200378418,43.2400016784668,43.36000061035156,42.68000030517578,42.84000015258789,2624200
2023-08-14,40.99207305908203,42.810001373291016,43.349998474121094,42.77000045776367,43.25,2745600
2023-08-15,40.551612854003906,42.349998474121094,42.65999984741211,42.150001525878906,42.599998474121094,2806800
2023-08-16,40.29308319091797,42.08000183105469,42.4900016784668,42.040000915527344,42.18000030517578,2919200
2023-08-17,39.977088928222656,41.75,42.27000045776367,41.5,42.09000015258789,3325500
2023-08-18,40.0153923034668,41.790000915527344,42.02000045776367,41.52000045776367,41.540000915527344,3956300
2023-08-21,40.24519729614258,42.029998779296875,42.220001220703125,41.720001220703125,42.060001373291016,3121300
2023-08-22,39.84303665161133,41.61000061035156,42.0,40.650001525878906,41.900001525878906,3606900
2023-08-23,39.651527404785156,41.40999984741211,42.25,41.2599983215332,41.88999938964844,3156100
2023-08-24,39.69940185546875,41.459999084472656,41.88999938964844,40.93000030517578,41.34000015258789,2200600
2023-08-25,39.76642990112305,41.529998779296875,41.79999923706055,41.20000076293945,41.4900016784668,3903000
2023-08-28,39.8813362121582,41.650001525878906,42.349998474121094,41.38999938964844,41.849998474121094,2453600
2023-08-29,40.53246307373047,42.33000183105469,42.439998626708984,41.63999938964844,41.849998474121094,2348300
2023-08-30,40.18775177001953,41.970001220703125,42.61000061035156,41.900001525878906,42.400001525878906,2088200
2023-08-31,39.14641189575195,40.599998474121094,41.81999969482422,40.58000183105469,41.81999969482422,3672500
2023-09-01,39.14641189575195,40.599998474121094,41.04999923706055,40.5,40.880001068115234,2548900
2023-09-05,37.59406280517578,38.9900016784668,40.439998626708984,38.630001068115234,40.439998626708984,5005200
2023-09-06,38.22078323364258,39.63999938964844,39.79999923706055,37.9900016784668,38.84000015258789,7249800
2023-09-07,37.57477569580078,38.970001220703125,39.91999816894531,38.79999923706055,39.65999984741211,5980400
2023-09-08,37.2855110168457,38.66999816894531,38.9900016784668,38.2599983215332,38.970001220703125,2449900
2023-09-11,37.31443786621094,38.70000076293945,39.13999938964844,38.56999969482422,38.93000030517578,2790700
2023-09-12,36.95768737792969,38.33000183105469,38.9900016784668,38.220001220703125,38.939998626708984,2127900
2023-09-13,37.70975875854492,39.11000061035156,39.130001068115234,38.22999954223633,38.22999954223633,3529800
2023-09-14,37.748329162597656,39.150001525878906,39.400001525878906,38.79999923706055,39.29999923706055,3233500
2023-09-15,37.68083572387695,39.08000183105469,39.61000061035156,38.9900016784668,39.31999969482422,6595100
2023-09-18,37.34336471557617,38.72999954223633,39.13999938964844,38.56999969482422,39.029998779296875,3291800
2023-09-19,37.56512451171875,38.959999084472656,38.97999954223633,38.459999084472656,38.61000061035156,3682000
2023-09-20,37.092674255371094,38.470001220703125,39.27000045776367,38.29999923706055,39.2400016784668,3122200
2023-09-21,36.745567321777344,38.11000061035156,38.45000076293945,37.97999954223633,38.25,3970500
2023-09-22,36.350242614746094,37.70000076293945,38.130001068115234,37.41999816894531,38.0099983215332,4388600
2023-09-25,36.15740203857422,37.5,37.689998626708984,37.369998931884766,37.599998474121094,2949300
2023-09-26,35.983848571777344,37.31999969482422,37.4900016784668,37.20000076293945,37.34000015258789,4231600
2023-09-27,35.993492126464844,37.33000183105469,37.63999938964844,37.04999923706055,37.400001525878906,3639300
2023-09-28,36.19597244262695,37.540000915527344,37.790000915527344,37.380001068115234,37.5099983215332,4066100
2023-09-29,36.38880920410156,37.7400016784668,37.93000030517578,37.349998474121094,37.790000915527344,3609800
2023-10-02,36.01276779174805,37.349998474121094,37.70000076293945,37.22999954223633,37.45000076293945,3953400
2023-10-03,35.463172912597656,36.779998779296875,37.38999938964844,36.65999984741211,37.209999084472656,5685300
2023-10-04,35.63673400878906,36.959999084472656,37.040000915527344,36.65999984741211,36.88999938964844,3686600
2023-10-05,35.6945915222168,37.02000045776367,37.20000076293945,36.790000915527344,36.97999954223633,5590300
2023-10-06,35.30890655517578,36.619998931884766,37.040000915527344,36.58000183105469,36.7599983215332,6766200
2023-10-09,35.18356704711914,36.4900016784668,36.52000045776367,36.0099983215332,36.369998931884766,6186400
2023-10-10,35.983848571777344,37.31999969482422,37.36000061035156,36.349998474121094,36.70000076293945,5493500
2023-10-11,31.56782341003418,32.7400016784668,36.279998779296875,32.29999923706055,35.79999923706055,19699700
2023-10-12,30.574695587158203,31.709999084472656,33.31999969482422,31.6299991607666,33.0,18394900
2023-10-13,30.700044631958008,31.84000015258789,32.189998626708984,31.469999313354492,31.549999237060547,6349200
2023-10-16,30.835033416748047,31.979999542236328,32.349998474121094,31.010000228881836,31.84000015258789,8613100
2023-10-17,30.700044631958008,31.84000015258789,32.58000183105469,31.31999969482422,31.639999389648438,6261200
2023-10-18,30.912168502807617,32.060001373291016,32.41999816894531,31.65999984741211,31.809999465942383,7611500
2023-10-19,31.442480087280273,32.61000061035156,33.2400016784668,31.700000762939453,32.029998779296875,6037100
2023-10-20,31.519607543945312,32.689998626708984,33.13999938964844,32.54999923706055,32.58000183105469,5809800
2023-10-23,31.673879623413086,32.849998474121094,32.9900016784668,32.5,32.5,4269400
2023-10-24,31.403907775878906,32.56999969482422,33.209999084472656,32.4900016784668,32.91999816894531,4201400
2023-10-25,31.008588790893555,32.15999984741211,32.41999816894531,31.8799991607666,32.38999938964844,4167100
2023-10-26,31.2882080078125,32.45000076293945,32.66999816894531,31.889999389648438,32.0,5123100
2023-10-27,31.008588790893555,32.15999984741211,32.77000045776367,32.060001373291016,32.68000030517578,4608900
2023-10-30,30.892885208129883,32.040000915527344,32.560001373291016,31.75,32.45000076293945,4730000
2023-10-31,31.2689208984375,32.43000030517578,32.4900016784668,32.060001373291016,32.06999969482422,5732000
2023-11-01,31.61603546142578,32.790000915527344,32.849998474121094,32.220001220703125,32.45000076293945,5278500
2023-11-02,33.02375793457031,34.25,34.540000915527344,32.279998779296875,32.880001068115234,8537600
2023-11-03,32.744140625,33.959999084472656,35.279998779296875,33.5,35.09000015258789,6502400
2023-11-06,33.255165100097656,34.4900016784668,34.599998474121094,33.84000015258789,34.060001373291016,4231500
2023-11-07,32.985191345214844,34.209999084472656,34.58000183105469,34.15999984741211,34.45000076293945,4745000
2023-11-08,32.8309211730957,34.04999923706055,34.459999084472656,33.83000183105469,34.459999084472656,3910700
2023-11-09,31.654598236083984,32.83000183105469,34.08000183105469,32.810001373291016,33.95000076293945,4905000
2023-11-10,31.64495849609375,32.81999969482422,33.0,32.52000045776367,33.0,4841500
2023-11-13,32.503089904785156,33.709999084472656,34.130001068115234,33.0099983215332,33.27000045776367,9132800
2023-11-14,33.12017822265625,34.349998474121094,34.72999954223633,34.0,34.0,4244400
2023-11-15,34.04581832885742,35.310001373291016,35.33000183105469,34.279998779296875,34.34000015258789,5844500
2023-11-16,34.1807975769043,35.45000076293945,35.54999923706055,35.02000045776367,35.290000915527344,5426800
2023-11-17,34.190433502197266,35.459999084472656,35.7400016784668,35.27000045776367,35.65999984741211,4437200
2023-11-20,34.34470748901367,35.619998931884766,35.869998931884766,35.209999084472656,35.5,3717500
2023-11-21,34.42184829711914,35.70000076293945,35.83000183105469,35.54999923706055,35.7599983215332,2688400
2023-11-22,34.585758209228516,35.869998931884766,35.97999954223633,35.72999954223633,35.95000076293945,2403400
2023-11-24,34.73039245605469,36.02000045776367,36.2400016784668,35.81999969482422,35.81999969482422,1289400
2023-11-27,35.11606216430664,36.41999816894531,36.5,35.90999984741211,35.93000030517578,3529400
2023-11-28,35.0389289855957,36.34000015258789,36.560001373291016,36.119998931884766,36.34000015258789,2636100
2023-11-29,35.09678649902344,36.400001525878906,36.83000183105469,36.27000045776367,36.349998474121094,2890300
2023-11-30,35.067626953125,36.08000183105469,36.400001525878906,35.90999984741211,36.16999816894531,5290200
2023-12-01,35.52444076538086,36.54999923706055,36.66999816894531,35.95000076293945,36.099998474121094,4206900
2023-12-04,35.85490036010742,36.88999938964844,37.18000030517578,36.16999816894531,36.27000045776367,3930700
2023-12-05,34.79548645019531,35.79999923706055,36.79999923706055,35.720001220703125,36.689998626708984,3015700
2023-12-06,34.921836853027344,35.93000030517578,36.130001068115234,35.619998931884766,35.849998474121094,3338700
2023-12-07,35.50499725341797,36.529998779296875,36.58000183105469,35.90999984741211,36.06999969482422,3973800
2023-12-08,35.13566589355469,36.150001525878906,36.66999816894531,36.08000183105469,36.630001068115234,3086500
2023-12-11,35.39808654785156,36.41999816894531,36.4900016784668,36.08000183105469,36.20000076293945,3452800
2023-12-12,35.6605110168457,36.689998626708984,36.790000915527344,35.959999084472656,36.61000061035156,3783500
2023-12-13,36.574134826660156,37.630001068115234,37.66999816894531,36.40999984741211,36.56999969482422,3886800
2023-12-14,37.85709762573242,38.95000076293945,39.209999084472656,38.13999938964844,38.27000045776367,6347000
2023-12-15,37.614112854003906,38.70000076293945,39.16999816894531,38.5099983215332,38.75,6879700
2023-12-18,37.254493713378906,38.33000183105469,38.849998474121094,38.31999969482422,38.849998474121094,2721400
2023-12-19,37.60439682006836,38.689998626708984,38.720001220703125,38.279998779296875,38.45000076293945,2196900
2023-12-20,37.51691818237305,38.599998474121094,38.880001068115234,38.4900016784668,38.709999084472656,4702400
2023-12-21,37.81822204589844,38.90999984741211,39.0099983215332,38.130001068115234,38.709999084472656,5045500
2023-12-22,37.30309295654297,38.380001068115234,39.459999084472656,38.29999923706055,39.150001525878906,4402800
2023-12-26,37.49748611450195,38.58000183105469,38.83000183105469,38.20000076293945,38.27000045776367,2396200
2023-12-27,37.575233459472656,38.65999984741211,38.7599983215332,38.290000915527344,38.34000015258789,2889200
2023-12-28,37.711307525634766,38.79999923706055,38.970001220703125,38.40999984741211,38.63999938964844,2368800
2023-12-29,37.575233459472656,38.65999984741211,38.9900016784668,38.599998474121094,38.720001220703125,2475600
2024-01-02,37.7598991394043,38.849998474121094,39.79999923706055,38.310001373291016,38.470001220703125,5707000
2024-01-03,37.06010437011719,38.130001068115234,38.880001068115234,38.04999923706055,38.599998474121094,4911700
2024-01-04,37.546077728271484,38.630001068115234,38.970001220703125,37.95000076293945,38.15999984741211,4271400
2024-01-05,38.06120300292969,39.15999984741211,39.650001525878906,38.380001068115234,38.47999954223633,3453700
2024-01-08,39.528839111328125,40.66999816894531,42.2400016784668,39.220001220703125,39.369998931884766,11038200
2024-01-09,39.51911926269531,40.65999984741211,41.2400016784668,40.369998931884766,40.45000076293945,4144500
2024-01-10,39.15950012207031,40.290000915527344,40.810001373291016,40.119998931884766,40.709999084472656,2353400
2024-01-11,38.9165153503418,40.040000915527344,40.36000061035156,39.790000915527344,40.2400016784668,2459700
2024-01-12,38.87763595581055,40.0,40.40999984741211,39.849998474121094,40.25,2910800
2024-01-16,37.95429229736328,39.04999923706055,39.720001220703125,38.939998626708984,39.68000030517578,4272800
2024-01-17,37.60439682006836,38.689998626708984,39.15999984741211,38.560001373291016,38.81999969482422,4003300
2024-01-18,37.75018310546875,38.84000015258789,38.849998474121094,38.0099983215332,38.5099983215332,3508500
2024-01-19,37.51691818237305,38.599998474121094,38.880001068115234,38.33000183105469,38.880001068115234,2790200
2024-01-22,37.63355255126953,38.720001220703125,39.2599983215332,38.58000183105469,38.709999084472656,2799000
2024-01-23,37.34196853637695,38.41999816894531,39.02000045776367,38.20000076293945,38.95000076293945,1882900
2024-01-24,36.81712341308594,37.880001068115234,38.59000015258789,37.869998931884766,38.29999923706055,2073800
2024-01-25,37.895973205566406,38.9900016784668,39.0099983215332,38.150001525878906,38.220001220703125,2840700
2024-01-26,37.70158767700195,38.790000915527344,39.31999969482422,38.630001068115234,39.209999084472656,2228900
2024-01-29,37.98345184326172,39.08000183105469,39.369998931884766,38.47999954223633,38.61000061035156,3052800
2024-01-30,37.614112854003906,38.70000076293945,39.16999816894531,38.63999938964844,39.16999816894531,2026600
2024-01-31,37.60439682006836,38.689998626708984,39.38999938964844,38.61000061035156,39.0,3080700
2024-02-01,38.09035873413086,39.189998626708984,39.52000045776367,38.439998626708984,38.560001373291016,2862100
2024-02-02,37.886253356933594,38.97999954223633,39.27000045776367,38.45000076293945,39.029998779296875,2688400
2024-02-05,37.44887924194336,38.529998779296875,39.16999816894531,38.52000045776367,38.70000076293945,2609800
2024-02-06,38.59577178955078,39.709999084472656,39.72999954223633,38.47999954223633,38.540000915527344,3651900
2024-02-07,38.27503204345703,39.380001068115234,39.88999938964844,39.09000015258789,39.79999923706055,5802200
2024-02-08,39.32472610473633,40.459999084472656,41.310001373291016,38.11000061035156,39.0,7956200
2024-02-09,38.44026184082031,39.54999923706055,40.5,38.779998779296875,40.5,4745100
2024-02-12,39.17893981933594,40.310001373291016,40.349998474121094,39.15999984741211,39.689998626708984,3560500
2024-02-13,38.50830078125,39.619998931884766,40.439998626708984,39.08000183105469,40.029998779296875,3567800
2024-02-14,38.52773666381836,39.63999938964844,40.0,39.47999954223633,39.75,4198700
2024-02-15,39.791259765625,40.939998626708984,41.2599983215332,39.75,39.75,6525600
2024-02-16,40.06340408325195,41.220001220703125,41.869998931884766,40.77000045776367,40.90999984741211,5250000
2024-02-20,40.59796905517578,41.77000045776367,42.04999923706055,41.040000915527344,41.15999984741211,5002700
2024-02-21,41.04506301879883,42.22999954223633,42.279998779296875,41.369998931884766,41.66999816894531,3910400
2024-02-22,40.83123779296875,42.0099983215332,42.130001068115234,41.25,42.06999969482422,4115900
2024-02-23,41.35608673095703,42.54999923706055,42.869998931884766,41.619998931884766,41.9900016784668,3262600
2024-02-26,40.82151412963867,42.0,42.540000915527344,41.810001373291016,42.439998626708984,2346200
2024-02-27,40.675724029541016,41.849998474121094,42.18000030517578,41.560001373291016,41.91999816894531,2137600
2024-02-28,40.393863677978516,41.560001373291016,41.650001525878906,41.15999984741211,41.63999938964844,2792000
2024-02-29,40.05128860473633,40.91999816894531,41.400001525878906,40.61000061035156,41.400001525878906,5249100
2024-03-01,40.139381408691406,41.0099983215332,41.209999084472656,40.27000045776367,40.91999816894531,2825000
2024-03-04,41.59775161743164,42.5,42.63999938964844,40.84000015258789,41.0,6431100
2024-03-05,41.50966262817383,42.40999984741211,43.93000030517578,42.2400016784668,43.560001373291016,6879200
2024-03-06,42.07735061645508,42.9900016784668,43.02000045776367,42.06999969482422,42.45000076293945,3445700
2024-03-07,42.56673812866211,43.4900016784668,43.68000030517578,43.040000915527344,43.29999923706055,3949700
2024-03-08,42.840789794921875,43.77000045776367,44.0099983215332,43.290000915527344,43.380001068115234,2816300
2024-03-11,42.55694580078125,43.47999954223633,43.970001220703125,43.380001068115234,43.650001525878906,1973200
2024-03-12,41.979469299316406,42.88999938964844,43.369998931884766,42.81999969482422,43.2599983215332,3648600
2024-03-13,41.773929595947266,42.68000030517578,43.349998474121094,42.369998931884766,42.959999084472656,3852000
2024-03-14,41.1279411315918,42.02000045776367,42.63999938964844,41.66999816894531,42.400001525878906,3795700
2024-03-15,40.726646423339844,41.61000061035156,41.90999984741211,41.29999923706055,41.310001373291016,5489400
2024-03-18,40.65813064575195,41.540000915527344,41.93000030517578,41.2400016784668,41.63999938964844,2697300
2024-03-19,41.05942916870117,41.95000076293945,41.97999954223633,41.439998626708984,41.54999923706055,3372300
2024-03-20,40.94197463989258,41.83000183105469,42.150001525878906,41.58000183105469,41.91999816894531,2059700
2024-03-21,41.1181526184082,42.0099983215332,42.349998474121094,41.47999954223633,41.97999954223633,3736100
2024-03-22,41.04963684082031,41.939998626708984,42.220001220703125,41.59000015258789,42.06999969482422,2060500
2024-03-25,40.90282440185547,41.790000915527344,42.33000183105469,41.560001373291016,42.150001525878906,4388200
2024-03-26,40.65813064575195,41.540000915527344,41.91999816894531,41.25,41.84000015258789,4566400
2024-03-27,41.78371810913086,42.689998626708984,42.790000915527344,41.7400016784668,41.849998474121094,4168600
2024-03-28,41.83265686035156,42.7400016784668,43.119998931884766,42.61000061035156,42.7400016784668,3951700
2024-04-01,42.62546157836914,43.54999923706055,43.9900016784668,43.04999923706055,43.5,4552700
2024-04-02,41.999046325683594,42.90999984741211,43.310001373291016,42.68000030517578,42.97999954223633,2900600
2024-04-03,42.36119079589844,43.279998779296875,43.720001220703125,42.75,42.959999084472656,2544700
2024-04-04,41.72499084472656,42.630001068115234,43.70000076293945,42.380001068115234,43.58000183105469,3126300
2024-04-05,41.7151985168457,42.619998931884766,42.79999923706055,42.380001068115234,42.45000076293945,2970200
2024-04-08,41.353057861328125,42.25,42.779998779296875,42.099998474121094,42.54999923706055,2397900
2024-04-09,41.920745849609375,42.83000183105469,42.86000061035156,42.16999816894531,42.40999984741211,2773000
2024-04-10,41.10836410522461,42.0,42.27000045776367,41.33000183105469,42.2400016784668,3615400
2024-04-11,41.2258186340332,42.119998931884766,42.47999954223633,41.689998626708984,42.439998626708984,3060600
2024-04-12,39.47382354736328,40.33000183105469,41.900001525878906,40.209999084472656,41.7400016784668,4126900
2024-04-15,39.18997573852539,40.040000915527344,40.849998474121094,39.81999969482422,40.709999084472656,3062100
2024-04-16,38.72995376586914,39.56999969482422,40.04999923706055,39.349998474121094,40.0,2658800
2024-04-17,38.68101501464844,39.52000045776367,39.849998474121094,39.459999084472656,39.709999084472656,2809400
2024-04-18,38.80825424194336,39.650001525878906,39.7400016784668,39.290000915527344,39.7400016784668,2332100
2024-04-19,38.632076263427734,39.470001220703125,40.08000183105469,39.38999938964844,39.93000030517578,2808400
2024-04-22,39.542335510253906,40.400001525878906,40.81999969482422,39.529998779296875,39.779998779296875,3272900
2024-04-23,40.149169921875,41.02000045776367,41.18000030517578,40.25,40.400001525878906,2646300
2024-04-24,40.06108474731445,40.93000030517578,41.060001373291016,40.540000915527344,40.779998779296875,2161900
2024-04-25,39.375938415527344,40.22999954223633,40.790000915527344,39.77000045776367,40.75,3568000
2024-04-26,39.27806854248047,40.130001068115234,40.41999816894531,39.970001220703125,40.209999084472656,2013200
2024-04-29,39.7772331237793,40.63999938964844,40.959999084472656,40.06999969482422,40.18000030517578,3263000
2024-04-30,39.512969970703125,40.369998931884766,40.709999084472656,40.04999923706055,40.29999923706055,3465100
2024-05-01,39.483604431152344,40.34000015258789,40.70000076293945,39.959999084472656,40.130001068115234,3358200
2024-05-02,36.12641906738281,36.90999984741211,39.150001525878906,36.20000076293945,39.099998474121094,10810800
2024-05-03,36.106849670410156,36.88999938964844,37.43000030517578,36.5,37.22999954223633,6246800
2024-05-06,35.73491287231445,36.5099983215332,37.099998474121094,36.279998779296875,37.04999923706055,5784400
2024-05-07,35.35319137573242,36.119998931884766,36.810001373291016,35.970001220703125,36.77000045776367,5717600
2024-05-08,34.99104690551758,35.75,36.209999084472656,35.709999084472656,35.9900016784668,5194200
2024-05-09,35.18680191040039,35.95000076293945,35.95000076293945,35.56999969482422,35.75,5067900
2024-05-10,34.93231964111328,35.689998626708984,36.150001525878906,35.54999923706055,35.619998931884766,3963000
2024-05-13,34.67784118652344,35.43000030517578,36.08000183105469,35.38999938964844,35.70000076293945,4461700
2024-05-14,34.491878509521484,35.2400016784668,35.7599983215332,34.939998626708984,35.470001220703125,4472900
2024-05-15,34.67784118652344,35.43000030517578,35.56999969482422,35.2400016784668,35.36000061035156,4906900
2024-05-16,34.42335891723633,35.16999816894531,35.58000183105469,35.119998931884766,35.47999954223633,5884000
2024-05-17,34.50166320800781,35.25,35.439998626708984,34.880001068115234,35.18000030517578,3583400
2024-05-20,34.276546478271484,35.02000045776367,35.34000015258789,34.91999816894531,35.20000076293945,2307400
2024-05-21,33.718650817871094,34.45000076293945,35.099998474121094,34.41999816894531,35.02000045776367,4961100
2024-05-22,33.62076950073242,34.349998474121094,34.70000076293945,34.349998474121094,34.380001068115234,2781300
2024-05-23,33.278202056884766,34.0,34.20000076293945,33.58000183105469,34.040000915527344,6329300
2024-05-24,33.180320739746094,33.900001525878906,34.38999938964844,33.779998779296875,34.36000061035156,4982200
2024-05-28,33.131385803222656,33.849998474121094,34.09000015258789,33.52000045776367,33.7599983215332,3571400
2024-05-29,32.48539352416992,33.189998626708984,33.869998931884766,33.150001525878906,33.70000076293945,4258800
2024-05-30,32.72030258178711,33.43000030517578,33.58000183105469,33.0,33.0,3888900
2024-05-31,33.65827178955078,34.09000015258789,34.11000061035156,33.20000076293945,33.22999954223633,5923100
2024-06-03,33.648399353027344,34.08000183105469,34.380001068115234,33.709999084472656,33.900001525878906,4443500
2024-06-04,32.87827682495117,33.29999923706055,34.15999984741211,33.2400016784668,34.0,5622200
2024-06-05,32.76966857910156,33.189998626708984,33.27000045776367,32.7599983215332,33.27000045776367,7123300
2024-06-06,32.89802169799805,33.31999969482422,33.529998779296875,32.959999084472656,33.150001525878906,4845900
2024-06-07,32.740047454833984,33.15999984741211,33.40999984741211,32.880001068115234,33.150001525878906,5069500
2024-06-10,32.47346496582031,32.88999938964844,33.130001068115234,32.689998626708984,33.08000183105469,4333600
2024-06-11,32.45372009277344,32.869998931884766,32.88999938964844,32.47999954223633,32.84000015258789,4440000
2024-06-12,32.88814926147461,33.310001373291016,33.52000045776367,32.900001525878906,33.15999984741211,4349100
2024-06-13,33.312705993652344,33.7400016784668,33.790000915527344,32.90999984741211,33.150001525878906,5476800
2024-06-14,33.352195739746094,33.779998779296875,33.83000183105469,33.40999984741211,33.560001373291016,4085300
2024-06-17,33.480552673339844,33.90999984741211,34.189998626708984,33.459999084472656,33.5099983215332,4010300
2024-06-18,33.302825927734375,33.72999954223633,34.15999984741211,33.66999816894531,34.0,4219500
2024-06-20,33.56940841674805,34.0,34.2400016784668,33.5,33.58000183105469,3964700
2024-06-21,33.85573959350586,34.290000915527344,34.36000061035156,33.95000076293945,34.09000015258789,6949900
2024-06-24,33.75700378417969,34.189998626708984,34.369998931884766,33.91999816894531,34.27000045776367,3766600
2024-06-25,33.5299186706543,33.959999084472656,34.220001220703125,33.84000015258789,34.08000183105469,3691100
2024-06-26,33.470680236816406,33.900001525878906,33.970001220703125,33.470001220703125,33.65999984741211,3279900
2024-06-27,33.095489501953125,33.52000045776367,33.900001525878906,33.41999816894531,33.900001525878906,3628000
2024-06-28,33.02637481689453,33.45000076293945,33.75,33.099998474121094,33.65999984741211,7320100
2024-07-01,32.64131546020508,33.060001373291016,34.18000030517578,33.060001373291016,33.5,4474800
2024-07-02,32.43397521972656,32.849998474121094,33.279998779296875,32.689998626708984,33.099998474121094,3932200
2024-07-03,32.740047454833984,33.15999984741211,33.209999084472656,32.72999954223633,32.900001525878906,1988700
2024-07-05,34.46788787841797,34.90999984741211,35.20000076293945,32.79999923706055,33.279998779296875,11285400
2024-07-08,33.184349060058594,33.61000061035156,34.869998931884766,33.40999984741211,34.77000045776367,7364000
2024-07-09,33.579280853271484,34.0099983215332,34.11000061035156,33.380001068115234,33.790000915527344,4687400
2024-07-10,33.816246032714844,34.25,34.29999923706055,33.66999816894531,33.900001525878906,2990000
2024-07-11,34.77396011352539,35.220001220703125,35.38999938964844,34.47999954223633,34.47999954223633,4238600
2024-07-12,34.8726921081543,35.31999969482422,35.540000915527344,35.02000045776367,35.2599983215332,3670900
2024-07-15,33.539791107177734,33.970001220703125,34.900001525878906,33.939998626708984,34.20000076293945,3645000
2024-07-16,35.089908599853516,35.540000915527344,35.56999969482422,33.880001068115234,34.099998474121094,11147600
2024-07-17,35.2281379699707,35.68000030517578,36.369998931884766,35.459999084472656,35.619998931884766,6069100
2024-07-18,35.2281379699707,35.68000030517578,36.369998931884766,35.47999954223633,35.52000045776367,5912100
2024-07-19,34.902313232421875,35.349998474121094,35.869998931884766,35.16999816894531,35.869998931884766,4497400
2024-07-22,34.91218948364258,35.36000061035156,35.529998779296875,34.959999084472656,35.43000030517578,3177200
2024-07-23,34.823326110839844,35.27000045776367,35.43000030517578,35.119998931884766,35.40999984741211,4712700
2024-07-24,35.04054260253906,35.4900016784668,35.619998931884766,35.130001068115234,35.43000030517578,3977900
2024-07-25,34.645606994628906,35.09000015258789,36.099998474121094,35.06999969482422,35.45000076293945,3403400
2024-07-26,35.06028366088867,35.5099983215332,35.86000061035156,35.099998474121094,35.349998474121094,3470500
2024-07-29,35.5638313293457,36.02000045776367,36.20000076293945,35.43000030517578,35.560001373291016,3824900
2024-07-30,35.455223083496094,35.90999984741211,36.2400016784668,35.77000045776367,35.790000915527344,3242900
2024-07-31,35.36635971069336,35.81999969482422,36.34000015258789,35.720001220703125,35.90999984741211,5261000
2024-08-01,35.553951263427734,36.0099983215332,36.08000183105469,34.779998779296875,35.95000076293945,9462800
2024-08-02,34.823326110839844,35.27000045776367,36.060001373291016,34.90999984741211,35.959999084472656,6025400
2024-08-05,34.2013053894043,34.63999938964844,35.5,34.16999816894531,35.2599983215332,6023100
2024-08-06,36.452430725097656,36.91999816894531,37.65999984741211,33.95000076293945,34.97999954223633,11776700
2024-08-07,36.126609802246094,36.59000015258789,37.88999938964844,36.529998779296875,37.52000045776367,5157400
2024-08-08,36.94609832763672,37.41999816894531,37.540000915527344,36.439998626708984,36.68000030517578,3730600
2024-08-09,36.67951965332031,37.150001525878906,37.689998626708984,37.06999969482422,37.400001525878906,3892900
2024-08-12,36.462303161621094,36.93000030517578,37.5,36.900001525878906,37.150001525878906,2839800
2024-08-13,34.07294845581055,34.5099983215332,36.18000030517578,33.849998474121094,35.5,9722800
2024-08-14,35.08003234863281,35.529998779296875,35.630001068115234,34.58000183105469,34.81999969482422,6968700
2024-08-15,35.27750015258789,35.72999954223633,36.099998474121094,35.58000183105469,35.77000045776367,4298200
2024-08-16,35.662559509277344,36.119998931884766,36.2599983215332,35.61000061035156,35.79999923706055,2923900
2024-08-19,35.99825668334961,36.459999084472656,36.4900016784668,36.099998474121094,36.119998931884766,2477000
2024-08-20,35.761295318603516,36.220001220703125,36.45000076293945,35.97999954223633,36.34000015258789,2947200
2024-08-21,35.721805572509766,36.18000030517578,36.5,36.040000915527344,36.36000061035156,2577700
2024-08-22,36.02787780761719,36.4900016784668,36.72999954223633,36.279998779296875,36.38999938964844,3393200
2024-08-23,37.064579010009766,37.540000915527344,37.59000015258789,36.54999923706055,36.65999984741211,2702100
2024-08-26,37.44963836669922,37.93000030517578,38.38999938964844,37.45000076293945,37.619998931884766,2397100
2024-08-27,37.429893493652344,37.90999984741211,38.119998931884766,37.810001373291016,37.939998626708984,2621900
2024-08-28,37.341033935546875,37.81999969482422,38.099998474121094,37.439998626708984,37.939998626708984,2339900
2024-08-29,37.676727294921875,38.15999984741211,38.40999984741211,37.61000061035156,38.04999923706055,2353400
2024-08-30,37.746368408203125,37.939998626708984,38.470001220703125,37.7400016784668,37.959999084472656,4248900
2024-09-03,37.65682601928711,37.849998474121094,38.400001525878906,37.720001220703125,37.83000183105469,3255400
2024-09-04,37.338462829589844,37.529998779296875,38.34000015258789,37.380001068115234,37.599998474121094,2640000
2024-09-05,38.62187957763672,38.81999969482422,39.0099983215332,37.130001068115234,37.56999969482422,6375700
2024-09-06,38.76116180419922,38.959999084472656,39.47999954223633,38.40999984741211,38.81999969482422,6154900
2024-09-09,39.02978515625,39.22999954223633,39.720001220703125,38.599998474121094,39.04999923706055,3392900
2024-09-10,39.0098876953125,39.209999084472656,39.41999816894531,38.900001525878906,39.22999954223633,4576000
2024-09-11,39.069583892822266,39.27000045776367,39.349998474121094,38.4900016784668,39.029998779296875,3649300
2024-09-12,39.179019927978516,39.380001068115234,39.400001525878906,38.540000915527344,39.189998626708984,2877300
2024-09-13,39.51728820800781,39.720001220703125,40.060001373291016,39.470001220703125,39.5,3239800
2024-09-16,40.054527282714844,40.2599983215332,40.310001373291016,39.709999084472656,39.880001068115234,2617900
2024-09-17,39.60682678222656,39.810001373291016,40.4900016784668,39.65999984741211,40.15999984741211,2198600
2024-09-18,39.169071197509766,39.369998931884766,40.04999923706055,39.20000076293945,39.75,3101200
2024-09-19,38.56218338012695,38.7599983215332,39.709999084472656,38.619998931884766,39.68000030517578,3340900
2024-09-20,38.29356384277344,38.4900016784668,38.79999923706055,38.27000045776367,38.5,5224000
2024-09-23,38.800960540771484,39.0,39.22999954223633,38.2599983215332,38.709999084472656,3278800
2024-09-24,38.781063079833984,38.97999954223633,39.220001220703125,38.849998474121094,38.95000076293945,1754400
2024-09-25,38.14432907104492,38.34000015258789,39.16999816894531,37.91999816894531,39.16999816894531,3648900
2024-09-26,38.5124397277832,38.709999084472656,38.810001373291016,38.41999816894531,38.43000030517578,2558700
2024-09-27,38.71141815185547,38.90999984741211,39.56999969482422,38.599998474121094,38.970001220703125,2662600
2024-09-30,37.77621841430664,37.970001220703125,38.130001068115234,37.31999969482422,37.75,4866400
2024-10-01,36.72162628173828,36.90999984741211,38.09000015258789,36.70000076293945,38.0099983215332,4316300
2024-10-02,35.78642654418945,35.970001220703125,36.849998474121094,35.86000061035156,36.849998474121094,6463000
2024-10-03,34.90096664428711,35.08000183105469,36.04999923706055,34.939998626708984,35.90999984741211,4135400
2024-10-04,36.13463592529297,36.31999969482422,36.369998931884766,34.939998626708984,35.25,5152700
2024-10-07,35.58744430541992,35.77000045776367,36.33000183105469,35.59000015258789,36.02000045776367,3850700
2024-10-08,36.9305534362793,37.119998931884766,37.38999938964844,35.939998626708984,35.959999084472656,5034200
2024-10-09,37.646881103515625,37.84000015258789,38.279998779296875,36.849998474121094,36.86000061035156,4758300
2024-10-10,36.84101104736328,37.029998779296875,38.040000915527344,36.90999984741211,37.779998779296875,3764400
2024-10-11,36.353515625,36.540000915527344,37.369998931884766,36.4900016784668,37.13999938964844,3294800
2024-10-14,36.72162628173828,36.90999984741211,36.97999954223633,36.310001373291016,36.59000015258789,2045600
2024-10-15,36.462955474853516,36.650001525878906,37.540000915527344,36.59000015258789,36.91999816894531,3927300
2024-10-16,36.572391510009766,36.7599983215332,37.15999984741211,36.650001525878906,36.77000045776367,2832100
2024-10-17,36.462955474853516,36.650001525878906,37.0,36.0099983215332,36.52000045776367,3868900
2024-10-18,36.67188262939453,36.86000061035156,36.9900016784668,36.599998474121094,36.900001525878906,1984300
2024-10-21,36.38336181640625,36.56999969482422,36.849998474121094,36.43000030517578,36.790000915527344,1593200
2024-10-22,36.40325927734375,36.59000015258789,36.75,36.22999954223633,36.619998931884766,1827200
2024-10-23,36.28387451171875,36.470001220703125,36.68000030517578,36.22999954223633,36.439998626708984,1818500
2024-10-24,36.542545318603516,36.72999954223633,37.099998474121094,36.47999954223633,36.709999084472656,2767200
2024-10-25,35.78642654418945,35.970001220703125,36.779998779296875,35.84000015258789,36.599998474121094,2171900
2024-10-28,35.82621765136719,36.0099983215332,36.470001220703125,35.9900016784668,36.22999954223633,1886500
2024-10-29,35.80632400512695,35.9900016784668,36.349998474121094,35.900001525878906,35.95000076293945,2515300
2024-10-30,35.67698669433594,35.86000061035156,36.189998626708984,35.709999084472656,35.79999923706055,2671800
2024-10-31,35.51780319213867,35.70000076293945,36.02000045776367,35.59000015258789,35.70000076293945,2722400
2024-11-01,35.68693161010742,35.869998931884766,36.4900016784668,35.81999969482422,36.0,3167100
2024-11-04,35.61729049682617,35.79999923706055,36.2400016784668,35.779998779296875,36.0099983215332,2725800
2024-11-05,35.9157600402832,36.099998474121094,36.099998474121094,35.29999923706055,35.70000076293945,2615200
2024-11-06,35.92570877075195,36.11000061035156,36.81999969482422,35.689998626708984,36.779998779296875,3696300
2024-11-07,35.8560676574707,36.040000915527344,36.119998931884766,35.119998931884766,35.70000076293945,5612400
2024-11-08,34.46321105957031,34.63999938964844,35.459999084472656,33.779998779296875,35.459999084472656,6636800
2024-11-11,34.04535675048828,34.220001220703125,35.0,33.869998931884766,35.0,5636800
2024-11-12,33.6573486328125,33.83000183105469,34.220001220703125,33.459999084472656,34.220001220703125,6113100
2024-11-13,32.463470458984375,32.630001068115234,33.84000015258789,32.619998931884766,33.709999084472656,5369100
2024-11-14,31.538217544555664,31.700000762939453,32.68000030517578,31.610000610351562,32.68000030517578,5660000
2024-11-15,31.79688835144043,31.959999084472656,32.25,31.600000381469727,31.75,4847300
2024-11-18,32.851478576660156,33.02000045776367,33.220001220703125,31.75,31.770000457763672,7004300
2024-11-19,32.35403060913086,32.52000045776367,32.9900016784668,32.310001373291016,32.709999084472656,4518600
2024-11-20,32.463470458984375,32.630001068115234,32.66999816894531,31.760000228881836,32.52000045776367,6315400
2024-11-21,32.82163619995117,32.9900016784668,33.150001525878906,32.33000183105469,32.4900016784668,3782800
2024-11-22,33.04050827026367,33.209999084472656,33.70000076293945,33.0099983215332,33.040000915527344,4646300
2024-11-25,33.24943542480469,33.41999816894531,33.66999816894531,33.25,33.540000915527344,5928900
2024-11-26,32.70224380493164,32.869998931884766,33.599998474121094,32.599998474121094,33.40999984741211,4311100
2024-11-27,33.13999938964844,33.310001373291016,33.369998931884766,32.97999954223633,33.150001525878906,3605700
2024-11-29,33.709999084472656,33.709999084472656,33.810001373291016,33.11000061035156,33.11000061035156,2928300
2024-12-02,33.54999923706055,33.54999923706055,33.779998779296875,33.36000061035156,33.689998626708984,4065100
2024-12-03,33.130001068115234,33.130001068115234,33.58000183105469,33.099998474121094,33.5099983215332,3717600
2024-12-04,33.02000045776367,33.02000045776367,33.209999084472656,32.68000030517578,33.11000061035156,3554400
2024-12-05,31.899999618530273,31.899999618530273,33.130001068115234,31.889999389648438,32.81999969482422,3549100
2024-12-06,31.799999237060547,31.799999237060547,32.119998931884766,31.649999618530273,31.969999313354492,3573600
2024-12-09,31.850000381469727,31.850000381469727,32.4900016784668,31.670000076293945,31.8700008392334,4419300
2024-12-10,31.440000534057617,31.440000534057617,31.860000610351562,31.280000686645508,31.829999923706055,3730700
2024-12-11,31.0,31.0,31.549999237060547,30.770000457763672,31.479999542236328,6650800
2024-12-12,30.84000015258789,30.84000015258789,31.3799991607666,30.790000915527344,31.110000610351562,3785900
2024-12-13,30.31999969482422,30.31999969482422,30.809999465942383,30.059999465942383,30.700000762939453,4259300
2024-12-16,29.420000076293945,29.420000076293945,30.149999618530273,29.299999237060547,30.020000457763672,6759000
2024-12-17,29.639999389648438,29.639999389648438,30.290000915527344,29.149999618530273,29.170000076293945,4614300
2024-12-18,28.90999984741211,28.90999984741211,29.709999084472656,28.899999618530273,29.59000015258789,4872300
2024-12-19,28.899999618530273,28.899999618530273,29.40999984741211,28.6200008392334,28.719999313354492,8152100
2024-12-20,29.5,29.5,29.989999771118164,29.170000076293945,29.34000015258789,12194900
2024-12-23,29.18000030517578,29.18000030517578,29.540000915527344,28.75,29.299999237060547,4988400
2024-12-24,29.079999923706055,29.079999923706055,29.170000076293945,28.8700008392334,29.010000228881836,1577900
