Date,Adj Close,Close,High,Low,Open,Volume
2005-11-14,5.052823543548584,19.0,19.239999771118164,18.25,18.299999237060547,1692700
2005-11-15,5.052823543548584,19.0,19.450000762939453,18.93000030517578,19.0,776100
2005-11-16,5.079418182373047,19.100000381469727,19.299999237060547,19.0,19.030000686645508,646400
2005-11-17,5.260254859924316,19.780000686645508,19.950000762939453,19.0,19.149999618530273,1392000
2005-11-18,5.092714309692383,19.149999618530273,19.899999618530273,19.09000015258789,19.899999618530273,994200
2005-11-21,5.066120147705078,19.049999237060547,19.239999771118164,18.969999313354492,19.139999389648438,245300
2005-11-22,5.185791969299316,19.5,19.600000381469727,19.0,19.040000915527344,721100
2005-11-23,5.300146579742432,19.93000030517578,20.100000381469727,19.649999618530273,19.700000762939453,1134200
2005-11-25,5.292167663574219,19.899999618530273,20.100000381469727,19.700000762939453,19.860000610351562,162100
2005-11-28,5.358652114868164,20.149999618530273,20.219999313354492,19.5,19.90999984741211,465100
2005-11-29,5.398542404174805,20.299999237060547,20.399999618530273,20.0,20.149999618530273,444000
2005-11-30,5.398542404174805,20.299999237060547,20.389999389648438,20.149999618530273,20.299999237060547,323700
2005-12-01,5.278871059417725,19.850000381469727,20.200000762939453,19.75,20.149999618530273,277400
2005-12-02,5.098032474517822,19.170000076293945,20.0,19.139999389648438,19.850000381469727,209200
2005-12-05,5.031548023223877,18.920000076293945,19.100000381469727,18.350000381469727,19.0,275700
2005-12-06,5.018251895904541,18.8700008392334,18.979999542236328,18.25,18.90999984741211,153200
2005-12-07,5.124626636505127,19.270000457763672,19.959999084472656,18.770000457763672,18.770000457763672,433700
2005-12-08,5.121967792510986,19.260000228881836,19.59000015258789,19.110000610351562,19.399999618530273,221000
2005-12-09,5.106011390686035,19.200000762939453,19.43000030517578,19.100000381469727,19.260000228881836,165500
2005-12-12,5.090054988861084,19.139999389648438,19.399999618530273,19.049999237060547,19.200000762939453,188100
2005-12-13,5.318761348724365,20.0,20.139999389648438,19.06999969482422,19.06999969482422,358700
2005-12-14,5.262914180755615,19.790000915527344,20.0,19.75,20.0,671500
2005-12-15,5.1193084716796875,19.25,19.6299991607666,19.200000762939453,19.6299991607666,403200
2005-12-16,5.145901679992676,19.350000381469727,19.600000381469727,18.75,19.149999618530273,1345500
2005-12-19,5.185791969299316,19.5,19.549999237060547,19.309999465942383,19.350000381469727,486800
2005-12-20,5.252277374267578,19.75,19.760000228881836,19.43000030517578,19.549999237060547,249500
2005-12-21,5.215046405792236,19.610000610351562,19.799999237060547,19.25,19.75,590000
2005-12-22,5.246957778930664,19.729999542236328,19.75,19.649999618530273,19.700000762939453,499200
2005-12-23,5.238980293273926,19.700000762939453,19.75,19.649999618530273,19.700000762939453,90400
2005-12-27,5.113989353179932,19.229999542236328,19.75,19.200000762939453,19.75,137200
2005-12-28,5.238980293273926,19.700000762939453,19.719999313354492,19.149999618530273,19.239999771118164,109700
2005-12-29,5.342696189880371,20.09000015258789,20.25,19.600000381469727,19.649999618530273,621200
2005-12-30,5.332057952880859,20.049999237060547,20.100000381469727,20.0,20.079999923706055,111600
2006-01-03,5.209726810455322,19.59000015258789,20.059999465942383,19.510000228881836,20.0,107800
2006-01-04,5.185791969299316,19.5,19.799999237060547,19.469999313354492,19.5,445700
2006-01-05,5.209726810455322,19.59000015258789,19.6200008392334,19.510000228881836,19.549999237060547,263500
2006-01-06,5.199089050292969,19.549999237060547,19.649999618530273,19.450000762939453,19.610000610351562,199100
2006-01-09,5.215046405792236,19.610000610351562,19.700000762939453,19.59000015258789,19.649999618530273,621100
2006-01-10,5.183133125305176,19.489999771118164,19.649999618530273,19.399999618530273,19.549999237060547,271800
2006-01-11,5.215046405792236,19.610000610351562,19.610000610351562,19.43000030517578,19.520000457763672,360400
2006-01-12,5.1193084716796875,19.25,19.549999237060547,19.0,19.549999237060547,823200
2006-01-13,5.055482387542725,19.010000228881836,19.25,18.489999771118164,19.25,609400
2006-01-17,5.106011390686035,19.200000762939453,19.25,18.899999618530273,18.93000030517578,150700
2006-01-18,5.1193084716796875,19.25,19.299999237060547,19.149999618530273,19.149999618530273,393900
2006-01-19,5.231002330780029,19.670000076293945,19.670000076293945,19.280000686645508,19.299999237060547,81800
2006-01-20,5.246957778930664,19.729999542236328,19.899999618530273,19.600000381469727,19.700000762939453,279300
2006-01-23,5.225683212280273,19.649999618530273,19.899999618530273,19.549999237060547,19.799999237060547,177900
2006-01-24,5.305465221405029,19.950000762939453,20.110000610351562,19.790000915527344,19.850000381469727,309600
2006-01-25,5.305465221405029,19.950000762939453,19.989999771118164,19.920000076293945,19.920000076293945,127900
2006-01-26,5.316102027893066,19.989999771118164,20.0,19.93000030517578,19.93000030517578,177600
2006-01-27,5.318761348724365,20.0,20.049999237060547,19.799999237060547,19.889999389648438,116200
2006-01-30,5.321420669555664,20.010000228881836,20.049999237060547,19.799999237060547,19.899999618530273,314500
2006-01-31,5.305465221405029,19.950000762939453,20.049999237060547,19.90999984741211,20.049999237060547,346400
2006-02-01,5.180474281311035,19.479999542236328,19.899999618530273,19.440000534057617,19.899999618530273,29000
2006-02-02,5.191110610961914,19.520000457763672,19.600000381469727,19.18000030517578,19.5,279400
2006-02-03,5.220364093780518,19.6299991607666,19.6299991607666,19.420000076293945,19.469999313354492,127900
2006-02-06,5.204408168792725,19.56999969482422,19.610000610351562,19.43000030517578,19.56999969482422,198900
2006-02-07,5.1724958419799805,19.450000762939453,19.56999969482422,19.420000076293945,19.56999969482422,140500
2006-02-08,5.1724958419799805,19.450000762939453,19.530000686645508,19.399999618530273,19.5,254200
2006-02-09,5.19642972946167,19.540000915527344,19.59000015258789,19.40999984741211,19.450000762939453,46000
2006-02-10,5.286849021911621,19.8799991607666,19.93000030517578,19.549999237060547,19.639999389648438,196800
2006-02-13,5.278871059417725,19.850000381469727,19.979999542236328,19.75,19.799999237060547,76100
2006-02-14,5.273551940917969,19.829999923706055,19.899999618530273,19.799999237060547,19.850000381469727,74000
2006-02-15,5.318761348724365,20.0,20.0,19.770000457763672,19.780000686645508,169200
2006-02-16,5.297486782073975,19.920000076293945,20.0,19.84000015258789,20.0,66400
2006-02-17,5.246957778930664,19.729999542236328,19.920000076293945,19.6299991607666,19.920000076293945,206500
2006-02-21,5.254936695098877,19.760000228881836,19.790000915527344,19.450000762939453,19.68000030517578,367800
2006-02-22,5.334717273712158,20.059999465942383,20.09000015258789,19.760000228881836,19.760000228881836,384000
2006-02-23,5.5873589515686035,21.010000228881836,21.299999237060547,20.06999969482422,20.100000381469727,291100
2006-02-24,5.560764789581299,20.90999984741211,21.100000381469727,20.709999084472656,20.950000762939453,259900
2006-02-27,5.645865440368652,21.229999542236328,21.389999389648438,21.0,21.0,131500
2006-02-28,5.8080878257751465,21.84000015258789,21.899999618530273,21.059999465942383,21.06999969482422,116500
2006-03-01,6.06870698928833,22.81999969482422,22.920000076293945,21.950000762939453,21.950000762939453,139900
2006-03-02,6.300073146820068,23.690000534057617,23.950000762939453,22.43000030517578,22.469999313354492,234300
2006-03-03,6.2043352127075195,23.329999923706055,23.690000534057617,23.280000686645508,23.690000534057617,161300
2006-03-06,6.212313652038574,23.360000610351562,23.469999313354492,23.200000762939453,23.329999923706055,152500
2006-03-07,6.249544620513916,23.5,23.549999237060547,23.200000762939453,23.3700008392334,260800
2006-03-08,6.2043352127075195,23.329999923706055,23.5,23.170000076293945,23.5,50000
2006-03-09,6.026157379150391,22.65999984741211,23.25,22.389999389648438,23.25,187000
2006-03-10,6.015519142150879,22.6200008392334,22.690000534057617,22.200000762939453,22.65999984741211,216400
2006-03-13,6.010200023651123,22.600000381469727,22.670000076293945,22.549999237060547,22.639999389648438,51100
2006-03-14,6.108597278594971,22.969999313354492,23.170000076293945,22.420000076293945,22.649999618530273,183600
2006-03-15,5.980947017669678,22.489999771118164,23.09000015258789,22.239999771118164,22.989999771118164,220400
2006-03-16,5.847978591918945,21.989999771118164,22.479999542236328,21.90999984741211,22.479999542236328,80400
2006-03-17,5.964991569519043,22.43000030517578,22.670000076293945,21.75,22.0,239900
2006-03-20,5.890528678894043,22.149999618530273,22.43000030517578,21.899999618530273,22.43000030517578,98600
2006-03-21,5.927759170532227,22.290000915527344,22.469999313354492,21.899999618530273,22.0,189400
2006-03-22,5.901165962219238,22.190000534057617,22.440000534057617,21.950000762939453,22.290000915527344,49200
2006-03-23,5.850637912750244,22.0,22.299999237060547,22.0,22.1200008392334,29200
2006-03-24,5.832022666931152,21.93000030517578,22.100000381469727,21.700000762939453,22.0,40300
2006-03-27,5.885209560394287,22.1299991607666,22.389999389648438,21.90999984741211,21.90999984741211,24400
2006-03-28,5.949035167694092,22.3700008392334,22.600000381469727,22.100000381469727,22.100000381469727,70900
2006-03-29,5.983606815338135,22.5,22.860000610351562,22.149999618530273,22.31999969482422,69400
2006-03-30,6.246884822845459,23.489999771118164,23.84000015258789,22.5,22.5,385200
2006-03-31,6.2362470626831055,23.450000762939453,23.600000381469727,23.149999618530273,23.489999771118164,250600
2006-04-03,6.3107099533081055,23.729999542236328,24.200000762939453,23.350000381469727,23.450000762939453,310100
2006-04-04,6.156466007232666,23.149999618530273,23.709999084472656,23.1200008392334,23.649999618530273,215300
2006-04-05,6.164444446563721,23.18000030517578,23.450000762939453,23.1200008392334,23.149999618530273,57500
2006-04-06,6.249544620513916,23.5,23.799999237060547,23.100000381469727,23.170000076293945,204000
2006-04-07,6.289434909820557,23.649999618530273,23.940000534057617,23.350000381469727,23.469999313354492,18300
2006-04-10,6.228270053863525,23.420000076293945,23.68000030517578,23.25,23.649999618530273,42300
2006-04-11,6.199016571044922,23.309999465942383,23.59000015258789,23.200000762939453,23.3700008392334,76900
2006-04-12,6.196357727050781,23.299999237060547,23.40999984741211,23.299999237060547,23.40999984741211,32900
2006-04-13,6.199016571044922,23.309999465942383,23.5,23.270000457763672,23.299999237060547,20300
2006-04-17,6.209653854370117,23.350000381469727,23.600000381469727,23.31999969482422,23.450000762939453,107500
2006-04-18,6.116576194763184,23.0,23.399999618530273,22.81999969482422,23.350000381469727,273600
2006-04-19,6.074026107788086,22.84000015258789,23.0,22.299999237060547,23.0,593800
2006-04-20,6.063388347625732,22.799999237060547,23.0,22.639999389648438,22.950000762939453,66000
2006-04-21,5.980947017669678,22.489999771118164,22.75,22.399999618530273,22.700000762939453,159200
2006-04-24,5.941057205200195,22.34000015258789,22.43000030517578,22.299999237060547,22.399999618530273,64200
2006-04-25,5.933078765869141,22.309999465942383,22.549999237060547,22.25,22.489999771118164,79300
2006-04-26,6.1830596923828125,23.25,23.5,22.399999618530273,22.399999618530273,235600
2006-04-27,6.25486421585083,23.520000457763672,23.610000610351562,23.260000228881836,23.299999237060547,87800
2006-04-28,6.2761383056640625,23.600000381469727,23.709999084472656,23.31999969482422,23.520000457763672,63000
2006-05-01,6.289434909820557,23.649999618530273,23.850000381469727,23.649999618530273,23.649999618530273,176600
2006-05-02,6.281456470489502,23.6200008392334,23.700000762939453,23.329999923706055,23.639999389648438,441600
2006-05-03,6.2043352127075195,23.329999923706055,23.540000915527344,23.25,23.469999313354492,370200
2006-05-04,6.063388347625732,22.799999237060547,23.309999465942383,22.780000686645508,23.309999465942383,194300
2006-05-05,6.063388347625732,22.799999237060547,23.149999618530273,22.700000762939453,22.899999618530273,134400
2006-05-08,5.9383978843688965,22.329999923706055,23.329999923706055,22.329999923706055,22.899999618530273,125900
2006-05-09,5.980947017669678,22.489999771118164,22.610000610351562,22.209999084472656,22.350000381469727,69500
2006-05-10,5.893187522888184,22.15999984741211,22.75,22.079999923706055,22.450000762939453,234800
2006-05-11,5.834681510925293,21.940000534057617,22.149999618530273,21.780000686645508,22.100000381469727,310200
2006-05-12,5.925099849700928,22.280000686645508,22.280000686645508,21.90999984741211,22.0,71200
2006-05-15,5.9383978843688965,22.329999923706055,22.3700008392334,22.149999618530273,22.3700008392334,68600
2006-05-16,6.028816223144531,22.670000076293945,22.809999465942383,22.440000534057617,22.450000762939453,176000
2006-05-17,5.935738563537598,22.31999969482422,22.68000030517578,22.31999969482422,22.68000030517578,98100
2006-05-18,5.930418491363525,22.299999237060547,22.600000381469727,22.290000915527344,22.399999618530273,205300
2006-05-19,5.802769184112549,21.81999969482422,22.309999465942383,21.559999465942383,22.309999465942383,96200
2006-05-22,5.813406467437744,21.860000610351562,22.200000762939453,21.690000534057617,21.969999313354492,62500
2006-05-23,5.877231121063232,22.100000381469727,22.31999969482422,21.90999984741211,21.959999084472656,36600
2006-05-24,5.821383953094482,21.889999389648438,22.270000457763672,21.68000030517578,22.049999237060547,283200
2006-05-25,5.850637912750244,22.0,22.149999618530273,21.760000228881836,21.950000762939453,170700
2006-05-26,5.813406467437744,21.860000610351562,22.229999542236328,21.75,21.950000762939453,100100
2006-05-30,5.802769184112549,21.81999969482422,21.959999084472656,21.600000381469727,21.760000228881836,27000
2006-05-31,5.858615398406982,22.030000686645508,22.059999465942383,21.75,21.799999237060547,84100
2006-06-01,5.850637912750244,22.0,22.100000381469727,21.860000610351562,21.93000030517578,155100
2006-06-02,5.8798909187316895,22.110000610351562,22.25,21.979999542236328,22.049999237060547,78100
2006-06-05,5.789472579956055,21.770000457763672,22.5,21.709999084472656,22.100000381469727,49600
2006-06-06,5.526193618774414,20.780000686645508,21.760000228881836,20.600000381469727,21.760000228881836,729200
2006-06-07,5.619271755218506,21.1299991607666,21.280000686645508,20.799999237060547,20.899999618530273,137100
2006-06-08,5.547468185424805,20.860000610351562,21.100000381469727,20.709999084472656,21.100000381469727,243900
2006-06-09,5.531512260437012,20.799999237060547,21.0,20.760000228881836,20.860000610351562,50600
2006-06-12,5.401202201843262,20.309999465942383,20.799999237060547,20.170000076293945,20.739999771118164,68300
2006-06-13,5.332057952880859,20.049999237060547,20.440000534057617,19.889999389648438,20.329999923706055,248800
2006-06-14,5.353333950042725,20.1299991607666,20.299999237060547,20.049999237060547,20.059999465942383,64300
2006-06-15,5.318761348724365,20.0,20.25,20.0,20.200000762939453,695000
2006-06-16,5.321420669555664,20.010000228881836,20.420000076293945,19.959999084472656,20.100000381469727,391300
2006-06-19,5.188451766967773,19.510000228881836,19.790000915527344,19.389999389648438,19.600000381469727,240000
2006-06-20,5.241639614105225,19.709999084472656,19.829999923706055,19.309999465942383,19.450000762939453,404500
2006-06-21,5.27089262008667,19.81999969482422,20.049999237060547,19.3799991607666,19.75,255600
2006-06-22,5.387905597686768,20.260000228881836,20.649999618530273,19.860000610351562,19.860000610351562,169900
2006-06-23,5.361311435699463,20.15999984741211,20.3700008392334,20.149999618530273,20.360000610351562,81000
2006-06-26,5.348014831542969,20.110000610351562,22.110000610351562,19.8700008392334,22.110000610351562,73600
2006-06-27,5.321420669555664,20.010000228881836,20.540000915527344,19.899999618530273,20.110000610351562,74300
2006-06-28,5.294826984405518,19.90999984741211,20.020000457763672,19.65999984741211,19.959999084472656,196100
2006-06-29,5.558105945587158,20.899999618530273,21.0,19.860000610351562,19.90999984741211,138800
2006-06-30,5.574061870574951,20.959999084472656,20.959999084472656,20.68000030517578,20.950000762939453,303100
2006-07-03,5.5714030265808105,20.950000762939453,21.100000381469727,20.950000762939453,20.989999771118164,66300
2006-07-05,5.552786827087402,20.8799991607666,20.920000076293945,20.5,20.899999618530273,138800
2006-07-06,5.4942803382873535,20.65999984741211,21.1299991607666,20.610000610351562,20.8799991607666,212700
2006-07-07,5.488961696624756,20.639999389648438,21.049999237060547,20.25,20.799999237060547,130400
2006-07-10,5.558105945587158,20.899999618530273,21.1200008392334,20.6200008392334,20.6200008392334,32700
2006-07-11,5.563424587249756,20.920000076293945,21.0,20.31999969482422,20.799999237060547,96900
2006-07-12,5.627249717712402,21.15999984741211,21.260000228881836,20.8700008392334,20.920000076293945,111300
2006-07-13,5.544808864593506,20.850000381469727,21.25,20.799999237060547,21.209999084472656,101900
2006-07-14,5.512896537780762,20.729999542236328,20.950000762939453,20.649999618530273,20.850000381469727,72100
2006-07-17,5.491621017456055,20.649999618530273,20.889999389648438,20.649999618530273,20.700000762939453,37000
2006-07-18,5.507576942443848,20.709999084472656,20.899999618530273,20.670000076293945,20.670000076293945,34700
2006-07-19,5.531512260437012,20.799999237060547,21.0,20.700000762939453,20.700000762939453,28300
2006-07-20,5.504918575286865,20.700000762939453,20.84000015258789,20.5,20.799999237060547,101300
2006-07-21,5.422476768493652,20.389999389648438,20.940000534057617,20.3700008392334,20.649999618530273,96600
2006-07-24,5.401202201843262,20.309999465942383,20.5,20.25,20.389999389648438,69900
2006-07-25,5.3852458000183105,20.25,20.399999618530273,20.1299991607666,20.309999465942383,32100
2006-07-26,5.411839962005615,20.350000381469727,20.520000457763672,20.0,20.200000762939453,79300
2006-07-27,5.398542404174805,20.299999237060547,20.420000076293945,20.110000610351562,20.420000076293945,76700
2006-07-28,5.350673675537109,20.1200008392334,20.31999969482422,20.059999465942383,20.31999969482422,138700
2006-07-31,5.457049369812012,20.520000457763672,20.639999389648438,20.149999618530273,20.149999618530273,160400
2006-08-01,5.403861999511719,20.31999969482422,20.530000686645508,19.899999618530273,20.520000457763672,137900
2006-08-02,5.3852458000183105,20.25,20.729999542236328,20.25,20.5,130600
2006-08-03,5.467687129974365,20.559999465942383,20.649999618530273,20.18000030517578,20.260000228881836,121400
2006-08-04,5.406520366668701,20.329999923706055,20.639999389648438,20.329999923706055,20.600000381469727,54200
2006-08-07,5.478324890136719,20.600000381469727,20.639999389648438,20.3799991607666,20.3799991607666,200700
2006-08-08,5.300146579742432,19.93000030517578,21.0,19.700000762939453,20.649999618530273,908000
2006-08-09,5.191110610961914,19.520000457763672,20.049999237060547,19.200000762939453,20.0,270700
2006-08-10,5.137923717498779,19.31999969482422,19.5,19.030000686645508,19.5,199400
2006-08-11,5.031548023223877,18.920000076293945,19.309999465942383,18.65999984741211,19.299999237060547,114000
2006-08-14,5.079418182373047,19.100000381469727,19.1200008392334,18.81999969482422,18.899999618530273,150100
2006-08-15,5.180474281311035,19.479999542236328,19.510000228881836,19.25,19.350000381469727,66300
2006-08-16,5.188451766967773,19.510000228881836,19.600000381469727,19.350000381469727,19.510000228881836,66400
2006-08-17,5.244297981262207,19.719999313354492,19.75,19.389999389648438,19.520000457763672,77000
2006-08-18,5.238980293273926,19.700000762939453,19.75,19.579999923706055,19.68000030517578,52700
2006-08-21,5.212386608123779,19.600000381469727,19.760000228881836,19.399999618530273,19.700000762939453,72800
2006-08-22,5.252277374267578,19.75,19.799999237060547,19.5,19.600000381469727,129400
2006-08-23,5.207067966461182,19.579999923706055,19.799999237060547,19.549999237060547,19.799999237060547,21700
2006-08-24,5.153879642486572,19.3799991607666,19.770000457763672,19.299999237060547,19.65999984741211,53000
2006-08-25,5.095373630523682,19.15999984741211,19.389999389648438,19.1200008392334,19.3700008392334,67200
2006-08-28,5.169836521148682,19.440000534057617,19.59000015258789,19.229999542236328,19.229999542236328,65400
2006-08-29,5.199089050292969,19.549999237060547,19.6299991607666,19.360000610351562,19.450000762939453,58800
2006-08-30,5.278871059417725,19.850000381469727,19.899999618530273,19.489999771118164,19.549999237060547,77400
2006-08-31,5.302805423736572,19.940000534057617,20.09000015258789,19.760000228881836,19.860000610351562,102000
2006-09-01,5.342696189880371,20.09000015258789,20.149999618530273,19.940000534057617,19.940000534057617,142300
2006-09-05,5.254936695098877,19.760000228881836,20.149999618530273,19.639999389648438,20.06999969482422,122400
2006-09-06,5.153879642486572,19.3799991607666,19.780000686645508,19.350000381469727,19.75,429100
2006-09-07,5.231002330780029,19.670000076293945,19.760000228881836,19.280000686645508,19.299999237060547,238300
2006-09-08,5.199089050292969,19.549999237060547,19.729999542236328,19.5,19.670000076293945,144800
2006-09-11,5.238980293273926,19.700000762939453,19.780000686645508,19.360000610351562,19.549999237060547,204700
2006-09-12,5.321420669555664,20.010000228881836,20.149999618530273,19.700000762939453,19.729999542236328,128800
2006-09-13,5.318761348724365,20.0,20.139999389648438,19.81999969482422,20.06999969482422,106300
2006-09-14,5.334717273712158,20.059999465942383,20.100000381469727,19.860000610351562,20.0,148200
2006-09-15,5.268233776092529,19.809999465942383,20.260000228881836,19.6200008392334,20.059999465942383,75900
2006-09-18,5.348014831542969,20.110000610351562,20.25,19.84000015258789,19.850000381469727,165200
2006-09-19,5.244297981262207,19.719999313354492,20.239999771118164,19.649999618530273,20.059999465942383,66800
2006-09-20,5.2655744552612305,19.799999237060547,20.020000457763672,19.709999084472656,19.709999084472656,80900
2006-09-21,5.199089050292969,19.549999237060547,19.709999084472656,19.40999984741211,19.700000762939453,107700
2006-09-22,5.225683212280273,19.649999618530273,19.700000762939453,19.299999237060547,19.489999771118164,66200
2006-09-25,5.342696189880371,20.09000015258789,20.18000030517578,19.65999984741211,19.65999984741211,103900
2006-09-26,5.366631031036377,20.18000030517578,20.350000381469727,20.09000015258789,20.1299991607666,338900
2006-09-27,5.5660834312438965,20.93000030517578,21.1200008392334,20.190000534057617,20.190000534057617,247500
2006-09-28,5.53948974609375,20.829999923706055,21.049999237060547,20.75,20.950000762939453,208400
2006-09-29,5.425136566162109,20.399999618530273,20.75,20.399999618530273,20.75,126600
2006-10-02,5.316102027893066,19.989999771118164,20.530000686645508,19.84000015258789,20.399999618530273,212000
2006-10-03,5.305465221405029,19.950000762939453,20.25,19.920000076293945,19.979999542236328,218200
2006-10-04,5.318761348724365,20.0,20.049999237060547,19.489999771118164,19.899999618530273,326200
2006-10-05,5.401202201843262,20.309999465942383,20.329999923706055,19.959999084472656,19.959999084472656,55500
2006-10-06,5.377267837524414,20.219999313354492,20.40999984741211,20.100000381469727,20.280000686645508,153400
2006-10-09,5.417158603668213,20.3700008392334,20.579999923706055,20.229999542236328,20.229999542236328,133300
2006-10-10,5.597996234893799,21.049999237060547,21.100000381469727,20.3799991607666,20.3799991607666,152300
2006-10-11,5.582040309906006,20.989999771118164,21.25,20.829999923706055,20.93000030517578,167100
2006-10-12,5.507576942443848,20.709999084472656,21.309999465942383,20.530000686645508,20.950000762939453,65400
2006-10-13,5.584699630737305,21.0,21.079999923706055,20.719999313354492,20.719999313354492,37200
2006-10-16,5.722988128662109,21.520000457763672,21.530000686645508,20.93000030517578,21.100000381469727,55600
2006-10-17,5.664480686187744,21.299999237060547,21.450000762939453,21.170000076293945,21.40999984741211,41000
2006-10-18,5.749581336975098,21.6200008392334,21.75,21.260000228881836,21.309999465942383,118200
2006-10-19,5.741602897644043,21.59000015258789,21.93000030517578,21.389999389648438,21.6299991607666,42600
2006-10-20,5.611292839050293,21.100000381469727,21.549999237060547,20.979999542236328,21.5,193600
2006-10-23,5.619271755218506,21.1299991607666,21.440000534057617,20.979999542236328,21.0,344700
2006-10-24,5.664480686187744,21.299999237060547,21.649999618530273,20.989999771118164,21.1299991607666,534200
2006-10-25,5.637887477874756,21.200000762939453,21.530000686645508,21.049999237060547,21.350000381469727,562600
2006-10-26,5.959671497344971,22.40999984741211,23.399999618530273,21.850000381469727,21.850000381469727,2025800
2006-10-27,6.249544620513916,23.5,23.959999084472656,22.40999984741211,22.40999984741211,2756000
2006-10-30,6.44899845123291,24.25,24.290000915527344,23.510000228881836,23.510000228881836,950600
2006-10-31,6.52877950668335,24.549999237060547,24.899999618530273,23.25,24.239999771118164,1074200
2006-11-01,6.632495403289795,24.940000534057617,25.0,24.440000534057617,24.579999923706055,463200
2006-11-02,6.683022975921631,25.1299991607666,25.25,24.600000381469727,24.790000915527344,364800
2006-11-03,6.704298973083496,25.209999084472656,25.389999389648438,24.979999542236328,25.139999389648438,248700
2006-11-06,6.688342094421387,25.149999618530273,25.25,25.0,25.079999923706055,273200
2006-11-07,6.691002368927002,25.15999984741211,25.200000762939453,25.049999237060547,25.149999618530273,151400
2006-11-08,6.6457929611206055,24.989999771118164,25.459999084472656,24.899999618530273,25.149999618530273,153800
2006-11-09,6.6644086837768555,25.059999465942383,25.06999969482422,24.510000228881836,24.979999542236328,396400
2006-11-10,6.651111602783203,25.010000228881836,25.139999389648438,24.670000076293945,25.139999389648438,201200
2006-11-13,6.635154724121094,24.950000762939453,25.360000610351562,24.93000030517578,25.020000457763672,319200
2006-11-14,6.643133163452148,24.979999542236328,25.020000457763672,24.43000030517578,24.950000762939453,366100
2006-11-15,6.643133163452148,24.979999542236328,25.200000762939453,24.969999313354492,24.979999542236328,206800
2006-11-16,6.611219882965088,24.860000610351562,26.110000610351562,24.389999389648438,24.729999542236328,1797600
2006-11-17,6.632495403289795,24.940000534057617,25.0,24.579999923706055,24.829999923706055,650400
2006-11-20,6.6963210105896,25.18000030517578,25.260000228881836,24.799999237060547,24.940000534057617,567400
2006-11-21,6.746849536895752,25.3700008392334,25.489999771118164,24.940000534057617,25.06999969482422,603900
2006-11-22,6.69897985458374,25.190000534057617,25.399999618530273,25.040000915527344,25.399999618530273,80400
2006-11-24,6.688342094421387,25.149999618530273,25.489999771118164,25.1200008392334,25.40999984741211,63600
2006-11-27,6.773442268371582,25.469999313354492,25.5,25.09000015258789,25.209999084472656,140100
2006-11-28,6.914389610290527,26.0,26.079999923706055,25.200000762939453,25.479999542236328,558800
2006-11-29,6.7761030197143555,25.479999542236328,26.190000534057617,25.399999618530273,26.0,803300
2006-11-30,6.847906589508057,25.75,25.799999237060547,25.510000228881836,25.549999237060547,114500
2006-12-01,6.831949234008789,25.690000534057617,25.780000686645508,25.40999984741211,25.75,130800
2006-12-04,6.82928991317749,25.68000030517578,25.8700008392334,25.540000915527344,25.690000534057617,316700
2006-12-05,6.847906589508057,25.75,26.0,25.1200008392334,25.799999237060547,1341100
2006-12-06,6.879817962646484,25.8700008392334,25.899999618530273,25.709999084472656,25.799999237060547,447300
2006-12-07,6.887795448303223,25.899999618530273,25.969999313354492,25.790000915527344,25.8799991607666,141600
2006-12-08,6.87449836730957,25.850000381469727,25.899999618530273,25.6200008392334,25.8700008392334,988000
2006-12-11,6.980875015258789,26.25,26.25,25.90999984741211,25.93000030517578,363800
2006-12-12,7.073952674865723,26.600000381469727,26.6200008392334,26.239999771118164,26.280000686645508,436800
2006-12-13,7.2042622566223145,27.09000015258789,27.100000381469727,26.670000076293945,26.700000762939453,615100
2006-12-14,7.217559337615967,27.139999389648438,27.790000915527344,27.0,27.239999771118164,375400
2006-12-15,7.233515739440918,27.200000762939453,27.25,26.950000762939453,27.190000534057617,334700
2006-12-18,7.254791259765625,27.280000686645508,27.420000076293945,27.139999389648438,27.299999237060547,224400
2006-12-19,7.2813849449157715,27.3799991607666,27.540000915527344,26.860000610351562,27.329999923706055,521400
2006-12-20,7.278725624084473,27.3700008392334,27.709999084472656,27.09000015258789,27.450000762939453,203900
2006-12-21,7.260108947753906,27.299999237060547,27.690000534057617,27.200000762939453,27.530000686645508,162100
2006-12-22,7.387760162353516,27.780000686645508,27.780000686645508,27.170000076293945,27.170000076293945,106300
2006-12-26,7.430309772491455,27.940000534057617,28.1299991607666,27.5,27.649999618530273,59100
2006-12-27,7.411693572998047,27.8700008392334,28.06999969482422,27.809999465942383,27.950000762939453,79200
2006-12-28,7.374463081359863,27.729999542236328,27.989999771118164,27.649999618530273,27.969999313354492,74900
2006-12-29,7.4223313331604,27.90999984741211,27.940000534057617,27.5,27.760000228881836,88800
2007-01-03,7.5021138191223145,28.209999084472656,28.229999542236328,27.860000610351562,27.860000610351562,177100
2007-01-04,7.712204933166504,29.0,30.0,28.010000228881836,28.200000762939453,234300
2007-01-05,7.746776103973389,29.1299991607666,29.280000686645508,28.809999465942383,29.010000228881836,152400
2007-01-08,7.6164655685424805,28.639999389648438,29.1200008392334,28.350000381469727,29.1200008392334,258100
2007-01-09,7.746776103973389,29.1299991607666,29.1299991607666,28.5,28.649999618530273,853000
2007-01-10,7.701566219329834,28.959999084472656,29.149999618530273,28.84000015258789,29.1200008392334,177800
2007-01-11,7.760072231292725,29.18000030517578,31.139999389648438,28.600000381469727,28.700000762939453,177900
2007-01-12,7.90101957321167,29.709999084472656,30.0,29.100000381469727,29.190000534057617,118600
2007-01-16,7.89304256439209,29.68000030517578,29.979999542236328,29.56999969482422,29.829999923706055,221100
2007-01-17,7.850492000579834,29.520000457763672,29.850000381469727,29.420000076293945,29.729999542236328,90600
2007-01-18,7.754754543304443,29.15999984741211,29.950000762939453,28.950000762939453,29.739999771118164,160000
2007-01-19,7.738797187805176,29.100000381469727,29.219999313354492,28.450000762939453,29.15999984741211,109700
2007-01-22,7.714864253997803,29.010000228881836,29.139999389648438,28.59000015258789,29.139999389648438,160100
2007-01-23,7.773370742797852,29.229999542236328,29.34000015258789,29.110000610351562,29.1299991607666,71200
2007-01-24,7.730818271636963,29.06999969482422,29.280000686645508,28.959999084472656,29.219999313354492,222400
2007-01-25,7.637742042541504,28.719999313354492,29.1299991607666,28.690000534057617,29.049999237060547,82700
2007-01-26,7.690929889678955,28.920000076293945,29.1299991607666,28.729999542236328,29.100000381469727,281600
2007-01-29,7.664334774017334,28.81999969482422,28.829999923706055,28.559999465942383,28.81999969482422,233300
2007-01-30,7.698907852172852,28.950000762939453,29.100000381469727,28.719999313354492,28.81999969482422,254100
2007-01-31,7.690929889678955,28.920000076293945,28.920000076293945,28.440000534057617,28.899999618530273,1148500
2007-02-01,7.7520952224731445,29.149999618530273,29.15999984741211,28.280000686645508,28.8799991607666,237000
2007-02-02,7.661675453186035,28.809999465942383,29.219999313354492,28.690000534057617,29.219999313354492,120500
2007-02-05,7.552641868591309,28.399999618530273,28.969999313354492,28.3700008392334,28.889999389648438,131100
2007-02-06,7.565938472747803,28.450000762939453,28.65999984741211,28.18000030517578,28.399999618530273,255000
2007-02-07,7.579235553741455,28.5,28.829999923706055,28.280000686645508,28.520000457763672,337800
2007-02-08,7.573915958404541,28.479999542236328,28.520000457763672,28.360000610351562,28.5,234900
2007-02-09,7.573915958404541,28.479999542236328,28.540000915527344,27.020000457763672,28.350000381469727,145100
2007-02-12,7.435628890991211,27.959999084472656,28.479999542236328,27.790000915527344,28.399999618530273,114500
2007-02-13,7.448925971984863,28.010000228881836,28.1299991607666,27.75,27.950000762939453,116600
2007-02-14,7.557960510253906,28.420000076293945,28.420000076293945,27.739999771118164,28.100000381469727,178300
2007-02-15,7.54200553894043,28.360000610351562,28.510000228881836,28.309999465942383,28.450000762939453,160100
2007-02-16,7.464880466461182,28.06999969482422,28.260000228881836,28.059999465942383,28.209999084472656,46800
2007-02-20,7.512750148773193,28.25,28.440000534057617,28.100000381469727,28.1299991607666,109500
2007-02-21,7.406375885009766,27.850000381469727,28.25,27.799999237060547,28.25,142800
2007-02-22,7.419672012329102,27.899999618530273,27.959999084472656,27.670000076293945,27.899999618530273,106000
2007-02-23,7.573915958404541,28.479999542236328,28.979999542236328,27.68000030517578,28.0,709000
2007-02-26,7.438287258148193,27.969999313354492,28.540000915527344,27.81999969482422,28.200000762939453,323900
2007-02-27,7.143096923828125,26.860000610351562,27.899999618530273,24.90999984741211,27.899999618530273,584900
2007-02-28,7.369143486022949,27.709999084472656,27.719999313354492,26.440000534057617,26.790000915527344,306700
2007-03-01,7.419672012329102,27.899999618530273,28.06999969482422,27.43000030517578,27.719999313354492,414400
2007-03-02,7.4090352058410645,27.860000610351562,28.0,27.709999084472656,27.940000534057617,221800
2007-03-05,7.254791259765625,27.280000686645508,27.75,27.219999313354492,27.75,211200
2007-03-06,7.140437602996826,26.850000381469727,27.549999237060547,26.809999465942383,27.3700008392334,154500
2007-03-07,7.103205680847168,26.709999084472656,27.299999237060547,26.700000762939453,26.950000762939453,95400
2007-03-08,7.047358989715576,26.5,26.920000076293945,26.420000076293945,26.780000686645508,205900
2007-03-09,7.1165032386779785,26.760000228881836,26.799999237060547,26.3700008392334,26.489999771118164,174200
2007-03-12,7.185647010803223,27.020000457763672,27.34000015258789,26.649999618530273,26.770000457763672,261500
2007-03-13,7.081930637359619,26.6299991607666,26.8799991607666,26.559999465942383,26.8799991607666,311200
2007-03-14,7.047358989715576,26.5,26.719999313354492,26.15999984741211,26.639999389648438,506700
2007-03-15,6.99683141708374,26.309999465942383,26.5,26.239999771118164,26.3799991607666,283000
2007-03-16,7.0925679206848145,26.670000076293945,26.670000076293945,26.399999618530273,26.399999618530273,87900
2007-03-19,7.095228672027588,26.68000030517578,26.690000534057617,26.260000228881836,26.34000015258789,188700
2007-03-20,7.073952674865723,26.600000381469727,26.68000030517578,26.479999542236328,26.6200008392334,297700
2007-03-21,7.015446662902832,26.3799991607666,26.549999237060547,25.899999618530273,26.540000915527344,322900
2007-03-22,7.129799842834473,26.809999465942383,26.93000030517578,26.459999084472656,26.530000686645508,222500
2007-03-23,7.180327892303467,27.0,27.0,26.6299991607666,26.739999771118164,136300
2007-03-26,7.087250232696533,26.649999618530273,26.950000762939453,26.3700008392334,26.950000762939453,126300
2007-03-27,7.044699668884277,26.489999771118164,26.690000534057617,26.299999237060547,26.690000534057617,91600
2007-03-28,6.99683141708374,26.309999465942383,26.5,26.25,26.399999618530273,81200
2007-03-29,7.028743743896484,26.43000030517578,26.440000534057617,26.219999313354492,26.299999237060547,93700
2007-03-30,6.99683141708374,26.309999465942383,26.5,26.200000762939453,26.43000030517578,99000
2007-04-02,7.0074687004089355,26.350000381469727,26.6299991607666,25.950000762939453,26.459999084472656,119100
2007-04-03,7.055336952209473,26.530000686645508,26.65999984741211,26.350000381469727,26.40999984741211,160900
2007-04-04,7.1510748863220215,26.889999389648438,26.899999618530273,26.399999618530273,26.59000015258789,241400
2007-04-05,7.196284770965576,27.059999465942383,27.059999465942383,26.81999969482422,26.850000381469727,150100
2007-04-09,7.143096923828125,26.860000610351562,27.299999237060547,26.780000686645508,27.100000381469727,197500
2007-04-10,7.145755767822266,26.8700008392334,27.0,26.790000915527344,26.860000610351562,139700
2007-04-11,7.2069220542907715,27.100000381469727,27.200000762939453,26.8700008392334,27.0,111000
2007-04-12,7.2069220542907715,27.100000381469727,27.149999618530273,26.979999542236328,27.149999618530273,77700
2007-04-13,7.236174583435059,27.209999084472656,27.209999084472656,26.969999313354492,27.1299991607666,83200
2007-04-16,7.443607330322266,27.989999771118164,28.1299991607666,27.100000381469727,27.100000381469727,203600
2007-04-17,7.531366348266602,28.31999969482422,28.5,27.899999618530273,27.989999771118164,161600
2007-04-18,7.4595627784729,28.049999237060547,28.520000457763672,28.010000228881836,28.360000610351562,223600
2007-04-19,7.611147403717041,28.6200008392334,28.790000915527344,27.940000534057617,28.049999237060547,231100
2007-04-20,7.589871883392334,28.540000915527344,28.639999389648438,28.100000381469727,28.6200008392334,131800
2007-04-23,7.621786117553711,28.65999984741211,28.65999984741211,28.440000534057617,28.540000915527344,72100
2007-04-24,7.595191478729248,28.559999465942383,28.729999542236328,28.25,28.700000762939453,261500
2007-04-25,7.648378372192383,28.760000228881836,28.809999465942383,28.309999465942383,28.559999465942383,314000
2007-04-26,7.9196367263793945,29.780000686645508,29.979999542236328,28.709999084472656,28.8799991607666,341700
2007-04-27,7.712204933166504,29.0,29.75,28.860000610351562,29.5,463200
2007-04-30,7.592532157897949,28.549999237060547,29.010000228881836,28.40999984741211,29.010000228881836,344200
2007-05-01,7.584554195404053,28.520000457763672,29.1200008392334,28.139999389648438,28.610000610351562,522500
2007-05-02,7.531366348266602,28.31999969482422,28.6299991607666,28.31999969482422,28.6200008392334,195300
2007-05-03,7.54200553894043,28.360000610351562,28.389999389648438,28.190000534057617,28.3700008392334,71700
2007-05-04,7.653698921203613,28.780000686645508,28.780000686645508,28.010000228881836,28.3799991607666,135300
2007-05-07,7.714864253997803,29.010000228881836,29.299999237060547,28.639999389648438,28.93000030517578,176700
2007-05-08,7.853151321411133,29.530000686645508,29.899999618530273,28.829999923706055,29.030000686645508,502200
2007-05-09,7.847832679748535,29.510000228881836,29.510000228881836,28.8799991607666,29.43000030517578,228500
2007-05-10,7.712204933166504,29.0,29.56999969482422,28.979999542236328,29.399999618530273,451100
2007-05-11,7.746776103973389,29.1299991607666,29.229999542236328,28.979999542236328,28.979999542236328,250100
2007-05-14,7.81857967376709,29.399999618530273,29.469999313354492,29.100000381469727,29.1299991607666,221600
2007-05-15,7.8451738357543945,29.5,29.760000228881836,29.459999084472656,29.459999084472656,137900
2007-05-16,7.656357288360596,28.790000915527344,29.479999542236328,28.649999618530273,29.469999313354492,163000
2007-05-17,7.629765033721924,28.690000534057617,29.18000030517578,28.440000534057617,28.809999465942383,535000
2007-05-18,7.712204933166504,29.0,29.489999771118164,28.65999984741211,28.709999084472656,320000
2007-05-21,7.7494354248046875,29.139999389648438,29.360000610351562,28.93000030517578,29.0,203900
2007-05-22,7.799964904785156,29.329999923706055,29.3799991607666,29.100000381469727,29.15999984741211,80600
2007-05-23,7.7201828956604,29.030000686645508,29.309999465942383,28.989999771118164,29.309999465942383,86900
2007-05-24,7.8451738357543945,29.5,29.610000610351562,29.010000228881836,29.110000610351562,149400
2007-05-25,7.8238983154296875,29.420000076293945,29.549999237060547,29.420000076293945,29.459999084472656,101200
2007-05-29,7.632423400878906,28.700000762939453,29.5,28.579999923706055,29.5,230700
2007-05-30,7.571257591247559,28.469999313354492,29.139999389648438,28.209999084472656,28.700000762939453,570600
2007-05-31,7.728160858154297,29.059999465942383,29.059999465942383,28.440000534057617,28.440000534057617,238700
2007-06-01,7.821238040924072,29.40999984741211,29.40999984741211,28.920000076293945,29.079999923706055,434700
2007-06-04,7.728160858154297,29.059999465942383,29.110000610351562,28.690000534057617,28.829999923706055,273200
2007-06-05,7.717523574829102,29.020000457763672,29.030000686645508,28.780000686645508,28.940000534057617,206500
2007-06-06,7.722842216491699,29.040000915527344,29.040000915527344,28.760000228881836,29.020000457763672,270100
2007-06-07,7.698907852172852,28.950000762939453,29.110000610351562,28.75,29.049999237060547,243200
2007-06-08,7.831876277923584,29.450000762939453,29.459999084472656,28.93000030517578,29.450000762939453,239600
2007-06-11,7.733478546142578,29.079999923706055,29.459999084472656,29.06999969482422,29.459999084472656,132800
2007-06-12,7.760072231292725,29.18000030517578,29.459999084472656,28.940000534057617,28.940000534057617,105500
2007-06-13,7.789325714111328,29.290000915527344,29.399999618530273,29.100000381469727,29.299999237060547,102600
2007-06-14,7.688268661499023,28.90999984741211,29.5,28.90999984741211,29.170000076293945,268600
2007-06-15,7.866447925567627,29.579999923706055,30.1200008392334,29.010000228881836,29.049999237060547,300900
2007-06-18,7.733478546142578,29.079999923706055,29.299999237060547,28.440000534057617,29.219999313354492,188900
2007-06-19,7.722842216491699,29.040000915527344,29.079999923706055,28.75,29.079999923706055,133500
2007-06-20,7.669654369354248,28.84000015258789,29.100000381469727,28.790000915527344,29.09000015258789,249600
2007-06-21,7.552641868591309,28.399999618530273,29.049999237060547,28.110000610351562,28.969999313354492,334900
2007-06-22,7.435628890991211,27.959999084472656,28.59000015258789,27.899999618530273,28.440000534057617,204700
2007-06-25,7.539344310760498,28.350000381469727,28.3700008392334,27.719999313354492,28.0,200700
2007-06-26,7.5340256690979,28.329999923706055,28.489999771118164,27.799999237060547,28.489999771118164,182300
2007-06-27,7.448925971984863,28.010000228881836,28.360000610351562,27.690000534057617,28.360000610351562,159400
2007-06-28,7.544663906097412,28.3700008392334,28.530000686645508,27.93000030517578,28.040000915527344,183500
2007-06-29,7.536684989929199,28.34000015258789,28.559999465942383,27.770000457763672,28.510000228881836,207600
2007-07-02,7.5473222732543945,28.3799991607666,28.84000015258789,28.25,28.399999618530273,343800
2007-07-03,7.443607330322266,27.989999771118164,28.700000762939453,27.899999618530273,28.520000457763672,81400
2007-07-05,7.456903457641602,28.040000915527344,28.549999237060547,27.719999313354492,28.110000610351562,115000
2007-07-06,7.555300235748291,28.40999984741211,28.450000762939453,27.979999542236328,27.979999542236328,76600
2007-07-09,7.531366348266602,28.31999969482422,28.450000762939453,27.739999771118164,28.40999984741211,183500
2007-07-10,7.5207295417785645,28.280000686645508,28.389999389648438,28.0,28.200000762939453,152900
2007-07-11,7.472859859466553,28.100000381469727,28.3799991607666,28.0,28.3799991607666,77900
2007-07-12,7.605828762054443,28.600000381469727,28.690000534057617,28.209999084472656,28.270000457763672,96000
2007-07-13,7.539344310760498,28.350000381469727,28.600000381469727,28.239999771118164,28.600000381469727,177200
2007-07-16,7.568597793579102,28.459999084472656,28.729999542236328,28.34000015258789,28.450000762939453,54000
2007-07-17,7.589871883392334,28.540000915527344,28.709999084472656,28.360000610351562,28.59000015258789,27600
2007-07-18,7.669654369354248,28.84000015258789,29.18000030517578,28.229999542236328,28.549999237060547,127700
2007-07-19,7.597850799560547,28.56999969482422,29.100000381469727,28.3700008392334,29.049999237060547,209000
2007-07-20,7.557960510253906,28.420000076293945,28.8799991607666,28.40999984741211,28.68000030517578,107000
2007-07-23,7.5473222732543945,28.3799991607666,28.850000381469727,27.860000610351562,28.56999969482422,108400
2007-07-24,7.576576232910156,28.489999771118164,29.239999771118164,28.219999313354492,28.290000915527344,118200
2007-07-25,7.5100908279418945,28.239999771118164,28.690000534057617,28.110000610351562,28.600000381469727,150100
2007-07-26,7.4462666511535645,28.0,28.469999313354492,27.59000015258789,28.18000030517578,158400
2007-07-27,7.406375885009766,27.850000381469727,28.6200008392334,27.5,28.0,185800
2007-07-30,7.276065826416016,27.360000610351562,27.979999542236328,26.860000610351562,27.899999618530273,212600
2007-07-31,7.30000114440918,27.450000762939453,27.790000915527344,26.760000228881836,27.670000076293945,431200
2007-08-01,7.24681282043457,27.25,28.18000030517578,26.850000381469727,27.420000076293945,154700
2007-08-02,7.103205680847168,26.709999084472656,27.260000228881836,26.639999389648438,27.260000228881836,189000
2007-08-03,6.890456199645996,25.90999984741211,26.979999542236328,25.860000610351562,26.709999084472656,237400
2007-08-06,6.9276862144470215,26.049999237060547,26.440000534057617,25.229999542236328,25.889999389648438,175900
2007-08-07,6.866520404815674,25.81999969482422,26.18000030517578,24.59000015258789,25.979999542236328,425000
2007-08-08,6.831949234008789,25.690000534057617,26.8799991607666,25.56999969482422,25.84000015258789,347500
2007-08-09,7.052679061889648,26.520000457763672,27.360000610351562,25.329999923706055,25.329999923706055,401600
2007-08-10,6.672386646270752,25.09000015258789,27.079999923706055,24.940000534057617,26.5,374300
2007-08-13,6.613880157470703,24.8700008392334,25.770000457763672,24.209999084472656,25.209999084472656,431500
2007-08-14,6.613880157470703,24.8700008392334,25.110000610351562,24.860000610351562,25.059999465942383,138600
2007-08-15,6.337303638458252,23.829999923706055,24.8799991607666,22.809999465942383,24.860000610351562,358300
2007-08-16,6.249544620513916,23.5,23.950000762939453,22.889999389648438,23.649999618530273,429500
2007-08-17,6.395810127258301,24.049999237060547,24.25,23.489999771118164,24.25,231900
2007-08-20,6.366557598114014,23.940000534057617,24.649999618530273,23.899999618530273,24.5,208300
2007-08-21,6.350600242614746,23.8799991607666,24.219999313354492,23.829999923706055,24.0,247000
2007-08-22,6.454317092895508,24.270000457763672,24.389999389648438,23.950000762939453,24.0,189100
2007-08-23,6.454317092895508,24.270000457763672,24.56999969482422,23.670000076293945,24.350000381469727,190600
2007-08-24,6.462294101715088,24.299999237060547,24.350000381469727,23.829999923706055,24.350000381469727,411900
2007-08-27,6.422403812408447,24.149999618530273,24.479999542236328,24.0,24.1299991607666,132700
2007-08-28,6.257523059844971,23.530000686645508,24.219999313354492,23.360000610351562,24.06999969482422,1584600
2007-08-29,6.3878326416015625,24.020000457763672,24.059999465942383,23.139999389648438,23.639999389648438,1027100
2007-08-30,6.494207859039307,24.420000076293945,24.56999969482422,23.799999237060547,23.81999969482422,575000
2007-08-31,6.749508857727051,25.3799991607666,25.3799991607666,24.40999984741211,24.420000076293945,1011800
2007-09-04,6.784080505371094,25.510000228881836,25.65999984741211,25.110000610351562,25.450000762939453,79400
2007-09-05,6.651111602783203,25.010000228881836,25.670000076293945,24.90999984741211,25.440000534057617,137900
2007-09-06,6.7096171379089355,25.229999542236328,25.350000381469727,24.90999984741211,24.90999984741211,484900
2007-09-07,6.808014869689941,25.600000381469727,25.790000915527344,24.889999389648438,25.110000610351562,207800
2007-09-10,6.901093482971191,25.950000762939453,26.559999465942383,25.549999237060547,25.549999237060547,631800
2007-09-11,6.906412124633789,25.969999313354492,26.34000015258789,25.260000228881836,25.780000686645508,1056100
2007-09-12,6.789398193359375,25.530000686645508,26.139999389648438,25.3700008392334,25.969999313354492,149300
2007-09-13,6.693662166595459,25.170000076293945,25.600000381469727,25.110000610351562,25.600000381469727,172000
2007-09-14,6.704298973083496,25.209999084472656,25.389999389648438,25.0,25.1200008392334,511300
2007-09-17,6.6670684814453125,25.06999969482422,25.5,25.0,25.0,789300
2007-09-18,6.669727325439453,25.079999923706055,25.420000076293945,24.600000381469727,25.31999969482422,364100
2007-09-19,6.725574016571045,25.290000915527344,25.600000381469727,25.040000915527344,25.25,418800
2007-09-20,6.75482702255249,25.399999618530273,25.739999771118164,25.290000915527344,25.290000915527344,146800
2007-09-21,6.653769493103027,25.020000457763672,25.6299991607666,24.940000534057617,25.40999984741211,295200
2007-09-24,6.5553717613220215,24.649999618530273,24.959999084472656,24.649999618530273,24.959999084472656,377600
2007-09-25,6.608560562133789,24.850000381469727,24.93000030517578,24.469999313354492,24.469999313354492,212100
2007-09-26,6.57930850982666,24.739999771118164,25.020000457763672,24.469999313354492,24.920000076293945,201000
2007-09-27,6.972896575927734,26.219999313354492,26.5,24.8700008392334,24.889999389648438,668300
2007-09-28,6.781420707702637,25.5,26.299999237060547,24.850000381469727,26.219999313354492,645300
2007-10-01,6.752167224884033,25.389999389648438,25.6299991607666,25.030000686645508,25.579999923706055,235000
2007-10-02,6.815992832183838,25.6299991607666,25.690000534057617,25.329999923706055,25.329999923706055,227700
2007-10-03,6.8558831214904785,25.780000686645508,25.889999389648438,25.540000915527344,25.68000030517578,212500
2007-10-04,6.863861560821533,25.809999465942383,25.899999618530273,25.389999389648438,25.719999313354492,382500
2007-10-05,7.042040824890137,26.479999542236328,27.25,25.81999969482422,25.81999969482422,193200
2007-10-08,6.99683141708374,26.309999465942383,26.799999237060547,26.110000610351562,26.540000915527344,75500
2007-10-09,7.034062385559082,26.450000762939453,26.59000015258789,26.040000915527344,26.520000457763672,127700
2007-10-10,7.1005473136901855,26.700000762939453,26.959999084472656,26.420000076293945,26.559999465942383,70400
2007-10-11,7.196284770965576,27.059999465942383,27.290000915527344,26.6200008392334,26.700000762939453,97600
2007-10-12,7.164371490478516,26.940000534057617,27.030000686645508,26.489999771118164,26.969999313354492,287800
2007-10-15,7.2069220542907715,27.100000381469727,27.420000076293945,26.770000457763672,27.239999771118164,233600
2007-10-16,7.089908123016357,26.65999984741211,27.049999237060547,26.639999389648438,26.940000534057617,153100
2007-10-17,7.047358989715576,26.5,26.860000610351562,26.06999969482422,26.860000610351562,152500
2007-10-18,6.768125057220459,25.450000762939453,25.690000534057617,24.8700008392334,25.690000534057617,243100
2007-10-19,6.770783424377441,25.459999084472656,25.729999542236328,25.209999084472656,25.389999389648438,222100
2007-10-22,6.725574016571045,25.290000915527344,25.479999542236328,25.1299991607666,25.25,150400
2007-10-23,6.722914218902588,25.280000686645508,25.559999465942383,25.170000076293945,25.270000457763672,99700
2007-10-24,6.781420707702637,25.5,26.579999923706055,24.90999984741211,25.309999465942383,75200
2007-10-25,6.757486343383789,25.40999984741211,25.450000762939453,25.06999969482422,25.420000076293945,61000
2007-10-26,6.757486343383789,25.40999984741211,25.479999542236328,25.06999969482422,25.399999618530273,96200
2007-10-29,6.7016401290893555,25.200000762939453,25.520000457763672,24.90999984741211,25.40999984741211,97600
2007-10-30,6.744189262390137,25.360000610351562,25.450000762939453,25.049999237060547,25.049999237060547,114900
2007-10-31,6.760145664215088,25.420000076293945,25.450000762939453,24.68000030517578,25.299999237060547,256100
2007-11-01,6.7016401290893555,25.200000762939453,25.579999923706055,24.889999389648438,25.15999984741211,151500
2007-11-02,6.7016401290893555,25.200000762939453,25.25,24.84000015258789,25.15999984741211,85800
2007-11-05,6.637813568115234,24.959999084472656,25.149999618530273,24.829999923706055,25.110000610351562,88400
2007-11-06,6.539416790008545,24.59000015258789,25.1299991607666,24.270000457763672,25.020000457763672,197400
2007-11-07,6.382513999938965,24.0,24.700000762939453,23.8700008392334,24.469999313354492,209000
2007-11-08,6.355920314788818,23.899999618530273,25.049999237060547,23.649999618530273,24.170000076293945,977800
2007-11-09,6.746849536895752,25.3700008392334,25.450000762939453,23.81999969482422,23.81999969482422,255200
2007-11-12,6.669727325439453,25.079999923706055,26.15999984741211,24.93000030517578,25.239999771118164,252800
2007-11-13,7.217559337615967,27.139999389648438,27.309999465942383,25.149999618530273,25.149999618530273,181000
2007-11-14,7.071292877197266,26.59000015258789,27.649999618530273,26.579999923706055,27.15999984741211,152700
2007-11-15,6.954281330108643,26.149999618530273,26.950000762939453,25.760000228881836,26.559999465942383,137400
2007-11-16,7.071292877197266,26.59000015258789,26.729999542236328,25.729999542236328,26.139999389648438,92500
2007-11-19,7.193624973297119,27.049999237060547,27.389999389648438,26.0,26.510000228881836,188600
2007-11-20,7.073952674865723,26.600000381469727,27.260000228881836,25.969999313354492,27.260000228881836,182400
2007-11-21,6.917049884796143,26.010000228881836,26.979999542236328,25.860000610351562,26.549999237060547,107800
2007-11-23,7.0207648277282715,26.399999618530273,26.510000228881836,26.200000762939453,26.200000762939453,30000
2007-11-26,6.869180679321289,25.829999923706055,26.559999465942383,25.709999084472656,26.510000228881836,96400
2007-11-27,7.034062385559082,26.450000762939453,26.770000457763672,25.780000686645508,25.8700008392334,97900
2007-11-28,7.292022705078125,27.420000076293945,27.469999313354492,26.5,26.5,87100
2007-11-29,7.217559337615967,27.139999389648438,27.479999542236328,26.829999923706055,27.200000762939453,152200
2007-11-30,7.249471664428711,27.260000228881836,27.690000534057617,26.959999084472656,27.350000381469727,171400
2007-12-03,7.180327892303467,27.0,27.389999389648438,26.799999237060547,27.25,81200
2007-12-04,7.315957069396973,27.510000228881836,27.579999923706055,26.579999923706055,27.040000915527344,152300
2007-12-05,7.2042622566223145,27.09000015258789,27.75,26.829999923706055,27.75,134200
2007-12-06,7.140437602996826,26.850000381469727,27.079999923706055,26.59000015258789,26.950000762939453,234300
2007-12-07,7.268087387084961,27.329999923706055,27.440000534057617,26.780000686645508,26.920000076293945,96500
2007-12-10,7.2867021560668945,27.399999618530273,27.510000228881836,27.1200008392334,27.510000228881836,94100
2007-12-11,7.273406982421875,27.350000381469727,27.989999771118164,27.15999984741211,27.280000686645508,109600
2007-12-12,7.185647010803223,27.020000457763672,28.18000030517578,26.489999771118164,28.18000030517578,153500
2007-12-13,7.2867021560668945,27.399999618530273,27.5,26.8700008392334,26.979999542236328,117800
2007-12-14,7.366484642028809,27.700000762939453,27.719999313354492,27.1299991607666,27.25,87700
2007-12-17,7.159052848815918,26.920000076293945,27.56999969482422,26.84000015258789,27.549999237060547,106100
2007-12-18,7.220219135284424,27.149999618530273,27.43000030517578,26.649999618530273,26.959999084472656,66800
2007-12-19,7.294681072235107,27.43000030517578,27.700000762939453,27.1200008392334,27.1200008392334,80800
2007-12-20,7.323935031890869,27.540000915527344,27.610000610351562,27.200000762939453,27.399999618530273,50200
2007-12-21,7.292022705078125,27.420000076293945,27.84000015258789,27.299999237060547,27.530000686645508,109100
2007-12-24,7.597850799560547,28.56999969482422,28.56999969482422,27.43000030517578,27.5,48300
2007-12-26,7.4090352058410645,27.860000610351562,28.309999465942383,27.860000610351562,28.309999465942383,40600
2007-12-27,7.323935031890869,27.540000915527344,27.979999542236328,27.540000915527344,27.860000610351562,40600
2007-12-28,7.3531880378723145,27.649999618530273,27.93000030517578,27.5,27.6299991607666,54100
2007-12-31,7.3558478355407715,27.65999984741211,27.860000610351562,27.440000534057617,27.799999237060547,45400
2008-01-02,7.25745153427124,27.290000915527344,27.81999969482422,27.200000762939453,27.81999969482422,53000
2008-01-03,7.25745153427124,27.290000915527344,27.540000915527344,27.100000381469727,27.440000534057617,121000
2008-01-04,7.164371490478516,26.940000534057617,27.739999771118164,26.81999969482422,27.18000030517578,84400
2008-01-07,7.060655117034912,26.549999237060547,27.079999923706055,26.540000915527344,27.079999923706055,81100
2008-01-08,7.0766119956970215,26.610000610351562,27.190000534057617,26.510000228881836,26.979999542236328,70000
2008-01-09,6.9888529777526855,26.280000686645508,26.690000534057617,25.93000030517578,26.690000534057617,117600
2008-01-10,6.885136127471924,25.889999389648438,26.170000076293945,25.75,25.920000076293945,134100
2008-01-11,6.683022975921631,25.1299991607666,25.719999313354492,25.0,25.479999542236328,167000
2008-01-14,6.722914218902588,25.280000686645508,25.530000686645508,25.0,25.5,78500
2008-01-15,6.371875762939453,23.959999084472656,25.229999542236328,23.959999084472656,25.229999542236328,168600
2008-01-16,6.5154829025268555,24.5,24.860000610351562,23.809999465942383,23.809999465942383,121000
2008-01-17,6.398470878601074,24.059999465942383,24.93000030517578,24.030000686645508,24.770000457763672,58400
2008-01-18,6.355920314788818,23.899999618530273,24.520000457763672,23.829999923706055,24.100000381469727,84900
2008-01-22,6.111257076263428,22.979999542236328,23.719999313354492,22.719999313354492,22.84000015258789,139500
2008-01-23,6.196357727050781,23.299999237060547,23.350000381469727,22.520000457763672,22.59000015258789,135900
2008-01-24,6.371875762939453,23.959999084472656,24.079999923706055,23.3799991607666,23.5,152900
2008-01-25,6.188379764556885,23.270000457763672,24.010000228881836,23.270000457763672,23.959999084472656,78400
2008-01-28,6.4782514572143555,24.360000610351562,24.489999771118164,23.25,23.25,111100
2008-01-29,6.358579158782959,23.90999984741211,24.5,23.690000534057617,24.5,110200
2008-01-30,6.119235038757324,23.010000228881836,23.8700008392334,22.829999923706055,23.65999984741211,160400
2008-01-31,5.911802768707275,22.229999542236328,22.920000076293945,21.959999084472656,22.920000076293945,179900
2008-02-01,6.534099102020264,24.56999969482422,25.690000534057617,22.850000381469727,22.850000381469727,572000
2008-02-04,6.5553717613220215,24.649999618530273,25.200000762939453,24.09000015258789,24.09000015258789,204000
2008-02-05,6.3904924392700195,24.030000686645508,24.809999465942383,23.889999389648438,24.399999618530273,207500
2008-02-06,6.13253116607666,23.059999465942383,24.100000381469727,22.899999618530273,24.100000381469727,164300
2008-02-07,6.018178462982178,22.6299991607666,23.350000381469727,22.5,23.170000076293945,187600
2008-02-08,6.220291614532471,23.389999389648438,23.6299991607666,22.170000076293945,22.479999542236328,368100
2008-02-11,6.2362470626831055,23.450000762939453,23.5,23.079999923706055,23.270000457763672,103200
2008-02-12,6.16178560256958,23.170000076293945,23.950000762939453,23.020000457763672,23.600000381469727,254300
2008-02-13,6.246884822845459,23.489999771118164,23.6299991607666,23.149999618530273,23.149999618530273,338900
2008-02-14,6.119235038757324,23.010000228881836,23.600000381469727,22.81999969482422,23.5,114400
2008-02-15,6.2974138259887695,23.68000030517578,25.0,23.3799991607666,24.299999237060547,412900
2008-02-19,6.169764041900635,23.200000762939453,23.889999389648438,22.989999771118164,23.690000534057617,183100
2008-02-20,6.087322235107422,22.889999389648438,23.25,22.850000381469727,22.93000030517578,173700
2008-02-21,6.1830596923828125,23.25,23.920000076293945,23.110000610351562,23.170000076293945,210500
2008-02-22,6.105937480926514,22.959999084472656,23.40999984741211,22.780000686645508,23.350000381469727,119100
2008-02-25,6.3692169189453125,23.950000762939453,24.0,23.1200008392334,23.1200008392334,198600
2008-02-26,6.345283031463623,23.860000610351562,24.030000686645508,23.729999542236328,23.989999771118164,136000
2008-02-27,6.37453556060791,23.969999313354492,24.40999984741211,23.549999237060547,23.600000381469727,178600
2008-02-28,6.329326152801514,23.799999237060547,24.149999618530273,23.760000228881836,24.149999618530273,155900
2008-02-29,6.1857194900512695,23.260000228881836,23.940000534057617,22.93000030517578,23.850000381469727,128000
2008-03-03,6.230928897857666,23.43000030517578,23.579999923706055,22.889999389648438,23.170000076293945,181600
2008-03-04,6.01285982131958,22.610000610351562,23.360000610351562,22.020000457763672,23.360000610351562,378900
2008-03-05,5.988925933837891,22.520000457763672,23.389999389648438,22.479999542236328,22.799999237060547,127600
2008-03-06,6.047431945800781,22.739999771118164,22.969999313354492,22.43000030517578,22.5,91600
2008-03-07,5.789472579956055,21.770000457763672,22.889999389648438,21.709999084472656,22.729999542236328,345700
2008-03-10,5.592677593231201,21.030000686645508,21.950000762939453,20.959999084472656,21.950000762939453,155000
2008-03-11,5.568743705749512,20.940000534057617,21.270000457763672,20.610000610351562,21.059999465942383,160800
2008-03-12,5.552786827087402,20.8799991607666,21.149999618530273,20.479999542236328,21.079999923706055,95500
2008-03-13,5.6245903968811035,21.149999618530273,21.299999237060547,20.06999969482422,20.84000015258789,127400
2008-03-14,5.443752765655518,20.469999313354492,21.350000381469727,20.170000076293945,21.350000381469727,250300
2008-03-17,5.387905597686768,20.260000228881836,20.510000228881836,19.729999542236328,20.219999313354492,114400
2008-03-18,5.387905597686768,20.260000228881836,21.3700008392334,19.43000030517578,20.639999389648438,273300
2008-03-19,5.465027332305908,20.549999237060547,20.549999237060547,20.209999084472656,20.489999771118164,228400
2008-03-20,5.318761348724365,20.0,20.809999465942383,19.809999465942383,20.700000762939453,203300
2008-03-24,5.401202201843262,20.309999465942383,20.420000076293945,20.0,20.020000457763672,157300
2008-03-25,5.369289398193359,20.190000534057617,20.579999923706055,20.0,20.25,390100
2008-03-26,5.238980293273926,19.700000762939453,20.850000381469727,19.59000015258789,20.510000228881836,720200
2008-03-27,5.228342056274414,19.65999984741211,20.25,19.65999984741211,20.0,322200
2008-03-28,5.143241882324219,19.34000015258789,19.579999923706055,18.969999313354492,19.489999771118164,326200
2008-03-31,5.055482387542725,19.010000228881836,19.90999984741211,18.360000610351562,19.440000534057617,807800
2008-04-01,5.313442707061768,19.979999542236328,20.31999969482422,19.020000457763672,19.020000457763672,690300
2008-04-02,5.297486782073975,19.920000076293945,20.399999618530273,19.59000015258789,19.809999465942383,209900
2008-04-03,5.2655744552612305,19.799999237060547,19.920000076293945,19.489999771118164,19.920000076293945,190300
2008-04-04,5.220364093780518,19.6299991607666,20.040000915527344,19.549999237060547,19.709999084472656,100300
2008-04-07,5.300146579742432,19.93000030517578,20.690000534057617,19.510000228881836,19.610000610351562,106100
2008-04-08,5.300146579742432,19.93000030517578,20.0,19.760000228881836,19.989999771118164,373200
2008-04-09,5.313442707061768,19.979999542236328,19.979999542236328,19.6299991607666,19.93000030517578,237400
2008-04-10,5.257596015930176,19.770000457763672,19.989999771118164,19.700000762939453,19.979999542236328,171800
2008-04-11,5.084735870361328,19.1200008392334,19.93000030517578,19.09000015258789,19.559999465942383,145900
2008-04-14,5.034208297729492,18.93000030517578,19.1299991607666,18.709999084472656,19.1200008392334,171400
2008-04-15,5.066120147705078,19.049999237060547,19.229999542236328,18.729999542236328,18.889999389648438,239900
2008-04-16,5.156538963317871,19.389999389648438,20.799999237060547,19.100000381469727,20.799999237060547,368500
2008-04-17,5.185791969299316,19.5,19.579999923706055,19.3700008392334,19.3700008392334,207800
2008-04-18,5.103351593017578,19.190000534057617,19.75,18.520000457763672,18.520000457763672,180400
2008-04-21,5.058141708374023,19.020000457763672,20.799999237060547,19.0,20.799999237060547,161200
2008-04-22,5.010272979736328,18.84000015258789,19.190000534057617,18.84000015258789,19.06999969482422,221600
2008-04-23,5.004954814910889,18.81999969482422,19.209999084472656,18.75,19.209999084472656,216400
2008-04-24,4.975701332092285,18.709999084472656,19.0,18.65999984741211,18.850000381469727,178500
2008-04-25,5.036867618560791,18.940000534057617,19.06999969482422,18.469999313354492,19.06999969482422,136300
2008-04-28,5.052823543548584,19.0,19.25,18.549999237060547,18.979999542236328,260400
2008-04-29,5.161857604980469,19.40999984741211,19.420000076293945,18.940000534057617,19.0,287300
2008-04-30,5.058141708374023,19.020000457763672,19.84000015258789,18.989999771118164,19.190000534057617,245100
2008-05-01,5.363970756530762,20.170000076293945,20.43000030517578,18.959999084472656,18.959999084472656,356600
2008-05-02,5.164517879486084,19.420000076293945,20.219999313354492,19.139999389648438,20.100000381469727,338200
2008-05-05,5.164517879486084,19.420000076293945,19.610000610351562,19.200000762939453,19.200000762939453,175500
2008-05-06,5.175154209136963,19.459999084472656,19.5,19.260000228881836,19.40999984741211,94400
2008-05-07,5.159198760986328,19.399999618530273,20.06999969482422,19.329999923706055,19.5,312100
2008-05-08,5.023570537567139,18.889999389648438,19.649999618530273,18.719999313354492,19.450000762939453,180700
2008-05-09,4.800182819366455,18.049999237060547,18.670000076293945,17.049999237060547,18.459999084472656,1181100
2008-05-12,5.0421857833862305,18.959999084472656,19.280000686645508,17.549999237060547,17.56999969482422,622700
2008-05-13,5.071439266204834,19.06999969482422,19.15999984741211,18.219999313354492,18.770000457763672,933900
2008-05-14,5.451730251312256,20.5,20.760000228881836,19.149999618530273,19.25,812400
2008-05-15,5.480983734130859,20.610000610351562,20.959999084472656,20.260000228881836,20.459999084472656,516800
2008-05-16,5.488961696624756,20.639999389648438,20.780000686645508,20.290000915527344,20.780000686645508,378000
2008-05-19,5.459709167480469,20.530000686645508,20.799999237060547,20.34000015258789,20.75,224400
2008-05-20,5.411839962005615,20.350000381469727,20.420000076293945,20.100000381469727,20.260000228881836,306100
2008-05-21,5.512896537780762,20.729999542236328,22.06999969482422,18.350000381469727,22.059999465942383,680600
2008-05-22,5.488961696624756,20.639999389648438,20.969999313354492,20.18000030517578,20.700000762939453,312700
2008-05-23,5.499598979949951,20.68000030517578,20.75,20.420000076293945,20.639999389648438,183900
2008-05-27,5.523533821105957,20.770000457763672,20.989999771118164,20.579999923706055,20.68000030517578,336900
2008-05-28,5.542150020599365,20.84000015258789,20.959999084472656,20.600000381469727,20.700000762939453,385100
2008-05-29,5.672459602355957,21.329999923706055,21.489999771118164,20.579999923706055,20.84000015258789,533100
2008-05-30,5.470346450805664,20.56999969482422,21.329999923706055,20.25,21.239999771118164,676800
2008-06-02,5.369289398193359,20.190000534057617,22.489999771118164,19.8700008392334,22.489999771118164,496100
2008-06-03,5.542150020599365,20.84000015258789,21.079999923706055,20.149999618530273,20.149999618530273,421000
2008-06-04,5.526193618774414,20.780000686645508,20.90999984741211,20.559999465942383,20.700000762939453,144300
2008-06-05,5.643205642700195,21.219999313354492,21.290000915527344,20.770000457763672,20.8799991607666,263100
2008-06-06,5.371949672698975,20.200000762939453,21.149999618530273,20.190000534057617,21.010000228881836,236900
2008-06-09,5.435774326324463,20.440000534057617,20.600000381469727,20.049999237060547,20.170000076293945,386700
2008-06-10,5.257596015930176,19.770000457763672,22.479999542236328,19.520000457763672,20.200000762939453,340900
2008-06-11,5.113989353179932,19.229999542236328,19.6200008392334,18.899999618530273,19.6200008392334,314800
2008-06-12,4.994317531585693,18.780000686645508,19.270000457763672,18.520000457763672,19.229999542236328,247900
2008-06-13,5.050163745880127,18.989999771118164,19.15999984741211,18.540000915527344,18.600000381469727,182100
2008-06-16,5.071439266204834,19.06999969482422,19.100000381469727,18.75,18.920000076293945,112600
2008-06-17,4.996976852416992,18.790000915527344,19.219999313354492,18.649999618530273,19.1200008392334,99200
2008-06-18,4.885282516479492,18.3700008392334,18.829999923706055,18.229999542236328,18.81999969482422,114000
2008-06-19,4.949108123779297,18.610000610351562,18.709999084472656,18.25,18.280000686645508,122300
2008-06-20,4.975701332092285,18.709999084472656,18.84000015258789,18.059999465942383,18.469999313354492,272300
2008-06-23,4.901238918304443,18.43000030517578,19.0,18.31999969482422,18.799999237060547,170700
2008-06-24,4.919854164123535,18.5,18.899999618530273,18.350000381469727,18.350000381469727,258000
2008-06-25,4.917194843292236,18.489999771118164,18.959999084472656,18.399999618530273,18.489999771118164,163700
2008-06-26,4.8613481521606445,18.280000686645508,18.65999984741211,18.200000762939453,18.5,93000
2008-06-27,4.792203903198242,18.020000457763672,18.219999313354492,17.780000686645508,18.200000762939453,275100
2008-06-30,4.741675853729248,17.829999923706055,18.149999618530273,17.610000610351562,18.030000686645508,259100
2008-07-01,4.64061975479126,17.450000762939453,17.75,17.149999618530273,17.729999542236328,196200
2008-07-02,4.656576156616211,17.510000228881836,17.90999984741211,17.190000534057617,17.610000610351562,249300
2008-07-03,4.520946979522705,17.0,17.65999984741211,16.59000015258789,17.559999465942383,216100
2008-07-07,4.0794901847839355,15.34000015258789,17.149999618530273,15.34000015258789,17.1299991607666,1119100
2008-07-08,3.9332239627838135,14.789999961853027,15.199999809265137,14.699999809265137,15.09000015258789,652600
2008-07-09,3.94120192527771,14.819999694824219,15.100000381469727,14.720000267028809,14.859999656677246,380000
2008-07-10,3.7763209342956543,14.199999809265137,15.109999656677246,14.180000305175781,14.920000076293945,567700
2008-07-11,3.771002769470215,14.180000305175781,14.649999618530273,13.979999542236328,14.130000114440918,455400
2008-07-14,3.4837892055511475,13.100000381469727,14.640000343322754,13.029999732971191,14.420000076293945,1050300
2008-07-15,3.265719413757324,12.279999732971191,13.119999885559082,11.880000114440918,13.020000457763672,1371100
2008-07-16,3.489107608795166,13.119999885559082,13.130000114440918,12.220000267028809,12.420000076293945,1394200
2008-07-17,3.6619675159454346,13.770000457763672,13.90999984741211,13.0600004196167,13.0600004196167,480800
2008-07-18,3.9013118743896484,14.670000076293945,14.710000038146973,13.720000267028809,13.90999984741211,619100
2008-07-21,3.890673875808716,14.630000114440918,14.899999618530273,14.5,14.5600004196167,307500
2008-07-22,3.9704554080963135,14.930000305175781,15.010000228881836,14.09000015258789,14.119999885559082,364500
2008-07-23,4.209799766540527,15.829999923706055,15.920000076293945,15.0,15.0,303700
2008-07-24,4.034280300140381,15.170000076293945,15.869999885559082,15.050000190734863,15.649999618530273,562700
2008-07-25,4.252349853515625,15.989999771118164,16.229999542236328,15.050000190734863,15.050000190734863,401800
2008-07-28,4.010345935821533,15.079999923706055,16.1200008392334,15.079999923706055,16.049999237060547,345500
2008-07-29,4.223097324371338,15.880000114440918,15.989999771118164,15.140000343322754,15.220000267028809,273200
2008-07-30,4.340109348297119,16.31999969482422,16.389999389648438,16.0,16.110000610351562,242000
2008-07-31,4.244370937347412,15.960000038146973,16.270000457763672,15.569999694824219,16.079999923706055,863600
2008-08-01,4.2071404457092285,15.819999694824219,16.06999969482422,15.489999771118164,15.710000038146973,313900
2008-08-04,4.201821804046631,15.800000190734863,16.149999618530273,15.710000038146973,16.020000457763672,216900
2008-08-05,4.324152946472168,16.260000228881836,16.399999618530273,16.0,16.059999465942383,517700
2008-08-06,4.255009174346924,16.0,16.15999984741211,14.5600004196167,16.149999618530273,792600
2008-08-07,4.1167216300964355,15.479999542236328,16.31999969482422,15.270000457763672,16.049999237060547,348800
2008-08-08,4.268306255340576,16.049999237060547,16.309999465942383,15.520000457763672,15.579999923706055,487300
2008-08-11,4.720400333404541,17.75,18.079999923706055,16.700000762939453,17.0,902800
2008-08-12,4.54754114151001,17.100000381469727,17.760000228881836,16.889999389648438,17.600000381469727,553500
2008-08-13,4.486375331878662,16.8700008392334,16.979999542236328,16.219999313354492,16.68000030517578,424400
2008-08-14,4.518287658691406,16.989999771118164,17.100000381469727,16.719999313354492,16.90999984741211,246000
2008-08-15,4.661894798278809,17.530000686645508,17.670000076293945,16.950000762939453,17.040000915527344,500700
2008-08-18,4.709763050079346,17.709999084472656,18.149999618530273,17.360000610351562,17.5,633200
2008-08-19,4.419890880584717,16.6200008392334,17.489999771118164,16.530000686645508,17.489999771118164,279400
2008-08-20,4.409253120422363,16.579999923706055,16.780000686645508,16.3700008392334,16.719999313354492,247300
2008-08-21,4.512969493865967,16.969999313354492,16.969999313354492,16.3799991607666,16.3799991607666,186500
2008-08-22,4.512969493865967,16.969999313354492,17.479999542236328,16.790000915527344,16.969999313354492,226800
2008-08-25,4.449143409729004,16.729999542236328,17.010000228881836,16.450000762939453,16.790000915527344,367000
2008-08-26,4.4065937995910645,16.56999969482422,17.030000686645508,16.290000915527344,16.799999237060547,227500
2008-08-27,4.435847282409668,16.68000030517578,16.75,16.360000610351562,16.540000915527344,212300
2008-08-28,4.467759132385254,16.799999237060547,16.899999618530273,16.559999465942383,16.770000457763672,199500
2008-08-29,4.459781169891357,16.770000457763672,17.020000457763672,16.65999984741211,16.899999618530273,217800
2008-09-02,4.470418453216553,16.809999465942383,17.360000610351562,16.670000076293945,16.950000762939453,190100
2008-09-03,4.422549724578857,16.6299991607666,16.969999313354492,16.5,16.75,205300
2008-09-04,4.449143409729004,16.729999542236328,16.84000015258789,16.540000915527344,16.68000030517578,167700
2008-09-05,4.364043712615967,16.40999984741211,16.8799991607666,16.290000915527344,16.739999771118164,292500
2008-09-08,4.419890880584717,16.6200008392334,17.190000534057617,16.260000228881836,16.920000076293945,204200
2008-09-09,4.159271240234375,15.640000343322754,16.450000762939453,15.630000114440918,16.450000762939453,313100
2008-09-10,3.9864118099212646,14.989999771118164,15.630000114440918,14.930000305175781,15.529999732971191,335000
2008-09-11,3.9677956104278564,14.920000076293945,14.920000076293945,14.390000343322754,14.819999694824219,247100
2008-09-12,4.002368450164795,15.050000190734863,15.34000015258789,14.770000457763672,14.770000457763672,220300
2008-09-15,3.8108930587768555,14.329999923706055,14.989999771118164,14.170000076293945,14.899999618530273,419800
2008-09-16,3.7311110496520996,14.029999732971191,14.630000114440918,13.880000114440918,14.050000190734863,459500
2008-09-17,3.6460113525390625,13.710000038146973,14.170000076293945,13.550000190734863,13.6899995803833,432700
2008-09-18,3.7231333255767822,14.0,14.829999923706055,13.300000190734863,14.75,819200
2008-09-19,3.962477684020996,14.899999618530273,15.569999694824219,14.770000457763672,15.170000076293945,340900
2008-09-22,3.7869579792022705,14.239999771118164,15.079999923706055,14.210000038146973,14.949999809265137,160800
2008-09-23,3.784298896789551,14.229999542236328,14.630000114440918,14.119999885559082,14.199999809265137,202400
2008-09-24,3.7231333255767822,14.0,14.539999961853027,13.90999984741211,14.170000076293945,232200
2008-09-25,3.794935941696167,14.270000457763672,14.449999809265137,13.989999771118164,14.0,297200
2008-09-26,3.7550454139709473,14.119999885559082,14.119999885559082,13.760000228881836,13.989999771118164,296300
2008-09-29,3.6406924724578857,13.6899995803833,14.09000015258789,13.420000076293945,13.880000114440918,330700
2008-09-30,3.638032913208008,13.680000305175781,13.850000381469727,13.239999771118164,13.619999885559082,705100
2008-10-01,3.576866626739502,13.449999809265137,13.6899995803833,13.239999771118164,13.539999961853027,230100
2008-10-02,3.4226229190826416,12.869999885559082,13.75,12.729999542236328,13.75,230400
2008-10-03,3.268378973007202,12.289999961853027,13.15999984741211,12.199999809265137,13.15999984741211,358600
2008-10-06,3.0848820209503174,11.600000381469727,13.0,11.149999618530273,11.899999618530273,306700
2008-10-07,2.731184244155884,10.270000457763672,11.829999923706055,10.270000457763672,11.829999923706055,393900
2008-10-08,2.6753368377685547,10.0600004196167,10.430000305175781,9.5,9.760000228881836,850000
2008-10-09,2.467905282974243,9.279999732971191,10.079999923706055,9.0,9.75,535900
2008-10-10,1.529144048690796,5.75,9.520000457763672,5.400000095367432,9.010000228881836,2139600
2008-10-13,1.6993443965911865,6.389999866485596,7.519999980926514,6.0,6.199999809265137,2450000
2008-10-14,1.8482697010040283,6.949999809265137,7.090000152587891,6.550000190734863,6.75,1743300
2008-10-15,1.5903096199035645,5.980000019073486,6.829999923706055,5.980000019073486,6.739999771118164,1036800
2008-10-16,1.5929689407348633,5.989999771118164,6.099999904632568,5.320000171661377,5.880000114440918,674300
2008-10-17,1.6142442226409912,6.070000171661377,6.329999923706055,5.849999904632568,5.960000038146973,406900
2008-10-20,1.6754100322723389,6.300000190734863,6.400000095367432,5.980000019073486,6.199999809265137,239100
2008-10-21,1.5637160539627075,5.880000114440918,6.239999771118164,5.849999904632568,6.21999979019165,364900
2008-10-22,1.4280874729156494,5.369999885559082,5.860000133514404,5.300000190734863,5.860000133514404,332400
2008-10-23,1.3483061790466309,5.070000171661377,5.409999847412109,4.670000076293945,5.369999885559082,296500
2008-10-24,1.3988343477249146,5.260000228881836,6.289999961853027,4.599999904632568,4.599999904632568,1148500
2008-10-27,1.380218505859375,5.190000057220459,5.429999828338623,4.880000114440918,5.429999828338623,561000
2008-10-28,1.4945720434188843,5.619999885559082,5.659999847412109,4.96999979019165,5.360000133514404,409100
2008-10-29,1.5318033695220947,5.760000228881836,6.179999828338623,5.639999866485596,5.639999866485596,485100
2008-10-30,1.5637160539627075,5.880000114440918,5.940000057220459,5.269999980926514,5.389999866485596,577200
2008-10-31,1.6594533920288086,6.239999771118164,6.320000171661377,5.730000019073486,5.960000038146973,563000
2008-11-03,1.5770126581192017,5.929999828338623,6.369999885559082,5.929999828338623,6.25,205700
2008-11-04,1.6594533920288086,6.239999771118164,6.239999771118164,6.010000228881836,6.010000228881836,721600
2008-11-05,1.6434972286224365,6.179999828338623,6.380000114440918,6.170000076293945,6.179999828338623,381100
2008-11-06,1.4387249946594238,5.409999847412109,6.289999961853027,5.409999847412109,6.099999904632568,507500
2008-11-07,1.5397814512252808,5.789999961853027,5.789999961853027,5.119999885559082,5.429999828338623,643300
2008-11-10,0.949398934841156,3.569999933242798,5.940000057220459,3.3499999046325684,5.900000095367432,594000
2008-11-11,1.210018277168274,4.550000190734863,4.949999809265137,3.5999999046325684,3.5999999046325684,1419400
2008-11-12,1.2286338806152344,4.619999885559082,5.130000114440918,4.480000019073486,4.590000152587891,788000
2008-11-13,1.4041531085968018,5.28000020980835,5.28000020980835,4.5,4.630000114440918,745100
2008-11-14,1.3589435815811157,5.110000133514404,5.380000114440918,4.75,5.099999904632568,469100
2008-11-17,1.3030966520309448,4.900000095367432,5.139999866485596,4.880000114440918,5.110000133514404,664400
2008-11-18,1.4546812772750854,5.46999979019165,5.46999979019165,4.929999828338623,5.0,546300
2008-11-19,1.3137341737747192,4.940000057220459,5.449999809265137,4.840000152587891,5.449999809265137,624100
2008-11-20,1.1967211961746216,4.5,4.920000076293945,3.9000000953674316,4.699999809265137,706100
2008-11-21,1.364262342453003,5.130000114440918,5.130000114440918,4.340000152587891,4.639999866485596,498800
2008-11-24,1.3589435815811157,5.110000133514404,5.78000020980835,4.929999828338623,5.070000171661377,881900
2008-11-25,1.63551926612854,6.150000095367432,6.159999847412109,4.550000190734863,5.25,905900
2008-11-26,1.8961385488510132,7.130000114440918,7.289999961853027,5.949999809265137,5.949999809265137,606400
2008-11-28,1.9466665983200073,7.320000171661377,7.5,6.900000095367432,6.989999771118164,246000
2008-12-01,1.6860473155975342,6.340000152587891,7.460000038146973,5.980000019073486,7.0,676900
2008-12-02,1.6913663148880005,6.360000133514404,6.710000038146973,6.059999942779541,6.28000020980835,440200
2008-12-03,1.696684718132019,6.380000114440918,6.449999809265137,5.539999961853027,6.119999885559082,590900
2008-12-04,1.6248818635940552,6.110000133514404,6.619999885559082,5.880000114440918,6.289999961853027,338500
2008-12-05,1.606265902519226,6.039999961853027,6.079999923706055,5.429999828338623,6.059999942779541,357700
2008-12-08,1.6222224235534668,6.099999904632568,6.5,5.78000020980835,6.179999828338623,360200
2008-12-09,1.5849910974502563,5.960000038146973,6.489999771118164,5.760000228881836,6.039999961853027,503700
2008-12-10,1.632859706878662,6.139999866485596,6.349999904632568,5.889999866485596,5.980000019073486,504300
2008-12-11,1.5264843702316284,5.739999771118164,6.21999979019165,5.53000020980835,6.0,440100
2008-12-12,1.529144048690796,5.75,5.75,5.380000114440918,5.519999980926514,435100
2008-12-15,1.417449951171875,5.329999923706055,5.75,5.130000114440918,5.710000038146973,317400
2008-12-16,1.5238251686096191,5.730000019073486,5.75,5.28000020980835,5.340000152587891,393800
2008-12-17,1.5264843702316284,5.739999771118164,5.75,5.400000095367432,5.650000095367432,634800
2008-12-18,1.3961749076843262,5.25,5.75,5.059999942779541,5.730000019073486,316900
2008-12-19,1.4227687120437622,5.349999904632568,5.619999885559082,5.119999885559082,5.369999885559082,449700
2008-12-22,1.308415174484253,4.920000076293945,5.309999942779541,4.460000038146973,5.21999979019165,497300
2008-12-23,1.281821608543396,4.820000171661377,5.78000020980835,4.670000076293945,5.420000076293945,424100
2008-12-24,1.3057559728622437,4.909999847412109,4.96999979019165,4.579999923706055,4.909999847412109,199600
2008-12-26,1.327030897140503,4.989999771118164,5.110000133514404,4.869999885559082,5.110000133514404,136000
2008-12-29,1.252568244934082,4.710000038146973,5.099999904632568,4.710000038146973,5.0,380800
2008-12-30,1.5371220111846924,5.78000020980835,6.039999961853027,4.71999979019165,4.75,619100
2008-12-31,1.63551926612854,6.150000095367432,6.309999942779541,5.699999809265137,5.699999809265137,366100
2009-01-02,1.7817848920822144,6.699999809265137,6.820000171661377,6.03000020980835,6.090000152587891,518900
2009-01-05,1.7950819730758667,6.75,7.0,6.400000095367432,6.699999809265137,393100
2009-01-06,2.0237886905670166,7.610000133514404,7.739999771118164,6.71999979019165,6.71999979019165,544300
2009-01-07,1.816357135772705,6.829999923706055,7.5,6.639999866485596,7.5,380300
2009-01-08,1.715300440788269,6.449999809265137,6.860000133514404,6.090000152587891,6.860000133514404,449600
2009-01-09,1.529144048690796,5.75,6.849999904632568,5.539999961853027,6.71999979019165,586400
2009-01-12,1.4068124294281006,5.289999961853027,5.869999885559082,5.119999885559082,5.869999885559082,619100
2009-01-13,1.3669217824935913,5.139999866485596,5.389999866485596,5.0,5.25,325900
2009-01-14,1.289799690246582,4.849999904632568,5.059999942779541,4.53000020980835,5.0,478500
2009-01-15,1.3509654998779297,5.079999923706055,5.25,4.639999866485596,4.809999942779541,384800
2009-01-16,1.3988343477249146,5.260000228881836,5.260000228881836,4.75,5.21999979019165,413200
2009-01-20,1.247249722480774,4.690000057220459,5.269999980926514,4.659999847412109,5.199999809265137,279300
2009-01-21,1.3695812225341797,5.150000095367432,5.170000076293945,4.550000190734863,4.820000171661377,345000
2009-01-22,1.2392712831497192,4.659999847412109,5.050000190734863,4.630000114440918,4.960000038146973,300400
2009-01-23,1.3881967067718506,5.21999979019165,5.400000095367432,4.699999809265137,4.699999809265137,501500
2009-01-26,1.4307470321655273,5.380000114440918,5.599999904632568,5.21999979019165,5.21999979019165,426700
2009-01-27,1.4467030763626099,5.440000057220459,5.519999980926514,5.289999961853027,5.380000114440918,509900
2009-01-28,1.5078686475753784,5.670000076293945,5.849999904632568,5.510000228881836,5.650000095367432,533600
2009-01-29,1.4413843154907227,5.420000076293945,5.699999809265137,5.369999885559082,5.550000190734863,487100
2009-01-30,1.3775591850280762,5.179999828338623,5.670000076293945,5.130000114440918,5.579999923706055,465600
2009-02-02,1.2685246467590332,4.769999980926514,5.329999923706055,4.699999809265137,5.21999979019165,354300
2009-02-03,1.3323496580123901,5.010000228881836,5.130000114440918,4.710000038146973,4.880000114440918,361500
2009-02-04,1.2871403694152832,4.840000152587891,5.21999979019165,4.800000190734863,5.039999961853027,255100
2009-02-05,1.308415174484253,4.920000076293945,5.010000228881836,4.690000057220459,4.690000057220459,263100
2009-02-06,1.4041531085968018,5.28000020980835,5.400000095367432,4.760000228881836,4.829999923706055,402700
2009-02-09,1.3562841415405273,5.099999904632568,5.360000133514404,5.050000190734863,5.28000020980835,343400
2009-02-10,1.2312930822372437,4.630000114440918,5.349999904632568,4.559999942779541,5.090000152587891,368800
2009-02-11,1.1993807554244995,4.510000228881836,4.78000020980835,4.050000190734863,4.630000114440918,773600
2009-02-12,1.1435338258743286,4.300000190734863,4.409999847412109,3.9600000381469727,4.320000171661377,769000
2009-02-13,1.1302367448806763,4.25,4.409999847412109,4.079999923706055,4.320000171661377,335700
2009-02-17,1.0291804075241089,3.869999885559082,4.289999961853027,3.819999933242798,3.990000009536743,295400
2009-02-18,1.061092734336853,3.990000009536743,4.369999885559082,3.869999885559082,3.950000047683716,420600
2009-02-19,0.7924955487251282,2.9800000190734863,4.210000038146973,2.9800000190734863,4.210000038146973,1373300
2009-02-20,0.8642987012863159,3.25,3.4200000762939453,2.890000104904175,3.009999990463257,779200
2009-02-23,0.8430236577987671,3.1700000762939453,3.5799999237060547,3.1700000762939453,3.2300000190734863,455100
2009-02-24,0.9228050708770752,3.4700000286102295,3.549999952316284,3.190000057220459,3.259999990463257,262700
2009-02-25,0.8908924460411072,3.3499999046325684,3.6500000953674316,3.240000009536743,3.549999952316284,363900
2009-02-26,0.8510018587112427,3.200000047683716,3.509999990463257,3.200000047683716,3.430000066757202,428600
2009-02-27,0.8642987012863159,3.25,3.259999990463257,2.75,3.0799999237060547,365200
2009-03-02,0.7153735160827637,2.690000057220459,3.0,2.140000104904175,3.0,407600
2009-03-03,0.6754827499389648,2.5399999618530273,2.819999933242798,2.2899999618530273,2.75,675100
2009-03-04,0.6940983533859253,2.609999895095825,2.6500000953674316,2.450000047683716,2.490000009536743,235900
2009-03-05,0.6781420707702637,2.549999952316284,2.690000057220459,2.4200000762939453,2.5799999237060547,504000
2009-03-06,0.6701639294624329,2.5199999809265137,2.680000066757202,2.5,2.6500000953674316,593000
2009-03-09,0.6701639294624329,2.5199999809265137,2.640000104904175,2.4100000858306885,2.5199999809265137,392500
2009-03-10,0.7552641034126282,2.8399999141693115,3.0399999618530273,2.5899999141693115,2.640000104904175,323700
2009-03-11,0.744626522064209,2.799999952316284,3.0,2.690000057220459,2.9100000858306885,169200
2009-03-12,0.7419673204421997,2.7899999618530273,2.8299999237060547,2.440000057220459,2.809999942779541,608400
2009-03-13,0.7233515381813049,2.7200000286102295,2.759999990463257,2.5,2.7100000381469727,271500
2009-03-16,0.6515483260154724,2.450000047683716,2.7300000190734863,2.3399999141693115,2.7300000190734863,191400
2009-03-17,0.6861202120780945,2.5799999237060547,2.6600000858306885,2.2300000190734863,2.5,216200
2009-03-18,0.7153735160827637,2.690000057220459,2.799999952316284,2.359999895095825,2.5399999618530273,239800
2009-03-19,0.7073952555656433,2.6600000858306885,2.759999990463257,2.569999933242798,2.759999990463257,173500
2009-03-20,0.7073952555656433,2.6600000858306885,2.6600000858306885,2.4000000953674316,2.6600000858306885,281100
2009-03-23,0.7260109782218933,2.7300000190734863,2.7300000190734863,2.5799999237060547,2.690000057220459,351000
2009-03-24,0.6462295651435852,2.430000066757202,2.799999952316284,2.380000114440918,2.700000047683716,504100
2009-03-25,0.7845172882080078,2.950000047683716,3.630000114440918,2.4700000286102295,2.4700000286102295,922600
2009-03-26,0.9440802335739136,3.549999952316284,3.690000057220459,2.950000047683716,3.0899999141693115,399300
2009-03-27,0.9706740975379944,3.6500000953674316,3.940000057220459,3.3399999141693115,3.450000047683716,648400
2009-03-30,0.8430236577987671,3.1700000762939453,3.890000104904175,3.1500000953674316,3.450000047683716,513400
2009-03-31,0.9759927988052368,3.6700000762939453,3.7899999618530273,3.1500000953674316,3.2899999618530273,389500
2009-04-01,0.9281238317489624,3.490000009536743,3.640000104904175,3.3399999141693115,3.640000104904175,191000
2009-04-02,0.9786521196365356,3.680000066757202,3.990000009536743,3.440000057220459,3.6500000953674316,368600
2009-04-03,0.9653552770614624,3.630000114440918,3.7699999809265137,3.490000009536743,3.680000066757202,196200
2009-04-06,0.9414207935333252,3.5399999618530273,3.7300000190734863,3.380000114440918,3.6600000858306885,310500
2009-04-07,0.9201458096504211,3.4600000381469727,3.569999933242798,3.380000114440918,3.559999942779541,111800
2009-04-08,0.9892896413803101,3.7200000286102295,3.7699999809265137,3.4700000286102295,3.4700000286102295,248400
2009-04-09,1.061092734336853,3.990000009536743,4.010000228881836,3.75,3.940000057220459,294000
2009-04-13,1.0265209674835205,3.859999895095825,3.9200000762939453,3.7200000286102295,3.880000114440918,357200
2009-04-14,1.0557743310928345,3.9700000286102295,4.400000095367432,3.7899999618530273,3.9000000953674316,388200
2009-04-15,1.0557743310928345,3.9700000286102295,3.9800000190734863,3.819999933242798,3.819999933242798,258500
2009-04-16,1.1515119075775146,4.329999923706055,4.340000152587891,4.019999980926514,4.039999961853027,492400
2009-04-17,1.271183967590332,4.78000020980835,4.800000190734863,4.320000171661377,4.340000152587891,471200
2009-04-20,1.170127511024475,4.400000095367432,4.820000171661377,4.329999923706055,4.519999980926514,579100
2009-04-21,1.300437092781067,4.889999866485596,5.03000020980835,4.320000171661377,4.320000171661377,433700
2009-04-22,1.210018277168274,4.550000190734863,4.840000152587891,4.099999904632568,4.5,870200
2009-04-23,1.202040195465088,4.519999980926514,4.820000171661377,4.429999828338623,4.510000228881836,320800
2009-04-24,1.1993807554244995,4.510000228881836,4.610000133514404,3.950000047683716,3.950000047683716,377700
2009-04-27,0.949398934841156,3.569999933242798,4.449999809265137,3.569999933242798,4.28000020980835,1650200
2009-04-28,0.957377016544342,3.5999999046325684,3.6600000858306885,3.2899999618530273,3.5899999141693115,610600
2009-04-29,0.9520581960678101,3.5799999237060547,3.75,3.5,3.569999933242798,932800
2009-04-30,1.0212020874023438,3.8399999141693115,3.8399999141693115,3.509999990463257,3.619999885559082,612700
2009-05-01,1.0185428857803345,3.8299999237060547,3.930000066757202,3.740000009536743,3.8399999141693115,366400
2009-05-04,1.0770493745803833,4.050000190734863,4.230000019073486,3.5799999237060547,3.809999942779541,487100
2009-05-05,1.183424472808838,4.449999809265137,4.460000038146973,4.019999980926514,4.050000190734863,497600
2009-05-06,1.1568306684494019,4.349999904632568,4.550000190734863,4.309999942779541,4.5,463300
2009-05-07,1.2765028476715088,4.800000190734863,4.940000057220459,4.300000190734863,4.5,872600
2009-05-08,1.4387249946594238,5.409999847412109,5.429999828338623,4.860000133514404,4.900000095367432,484200
2009-05-11,1.3403278589248657,5.039999961853027,5.440000057220459,4.269999980926514,5.179999828338623,464000
2009-05-12,1.1169397830963135,4.199999809265137,5.039999961853027,4.130000114440918,5.010000228881836,981000
2009-05-13,0.9680147171020508,3.640000104904175,4.21999979019165,3.509999990463257,4.210000038146973,1177700
2009-05-14,1.0105646848678589,3.799999952316284,4.050000190734863,3.4600000381469727,3.5199999809265137,419100
2009-05-15,0.9786521196365356,3.680000066757202,3.9600000381469727,3.609999895095825,3.75,235600
2009-05-18,1.015883445739746,3.819999933242798,3.819999933242798,3.619999885559082,3.7100000381469727,272000
2009-05-19,1.0477961301803589,3.940000057220459,4.03000020980835,3.809999942779541,3.8499999046325684,213100
2009-05-20,1.00790536403656,3.7899999618530273,4.090000152587891,3.7899999618530273,3.9700000286102295,194500
2009-05-21,0.9706740975379944,3.6500000953674316,3.809999942779541,3.619999885559082,3.7100000381469727,197800
2009-05-22,0.9866303205490112,3.7100000381469727,3.7200000286102295,3.5299999713897705,3.609999895095825,174500
2009-05-26,1.0212020874023438,3.8399999141693115,3.9100000858306885,3.7100000381469727,3.7300000190734863,197100
2009-05-27,0.957377016544342,3.5999999046325684,4.090000152587891,3.5,3.75,830800
2009-05-28,0.9121676087379456,3.430000066757202,3.759999990463257,3.319999933242798,3.700000047683716,586300
2009-05-29,0.9361020922660828,3.5199999809265137,3.609999895095825,3.3299999237060547,3.450000047683716,1623600
2009-06-01,0.957377016544342,3.5999999046325684,3.930000066757202,3.559999942779541,3.5899999141693115,1766200
2009-06-02,1.4945720434188843,5.619999885559082,5.730000019073486,3.5399999618530273,3.6500000953674316,5565200
2009-06-03,1.390856146812439,5.230000019073486,5.949999809265137,5.019999980926514,5.53000020980835,1666500
2009-06-04,1.3669217824935913,5.139999866485596,5.25,4.730000019073486,5.210000038146973,1716200
2009-06-05,1.6913663148880005,6.360000133514404,6.5,5.159999847412109,5.190000057220459,1880900
2009-06-08,1.6647725105285645,6.260000228881836,6.349999904632568,5.710000038146973,6.159999847412109,917300
2009-06-09,1.6993443965911865,6.389999866485596,6.449999809265137,6.139999866485596,6.269999980926514,512800
2009-06-10,1.7684881687164307,6.650000095367432,6.809999942779541,6.380000114440918,6.380000114440918,889800
2009-06-11,1.7897632122039795,6.730000019073486,7.039999961853027,6.489999771118164,6.659999847412109,835700
2009-06-12,1.7339162826538086,6.519999980926514,6.650000095367432,6.309999942779541,6.559999942779541,534700
2009-06-15,1.6567940711975098,6.230000019073486,6.630000114440918,6.03000020980835,6.309999942779541,394500
2009-06-16,1.515847086906433,5.699999809265137,6.389999866485596,5.699999809265137,6.309999942779541,877900
2009-06-17,1.3429874181747437,5.050000190734863,5.679999828338623,4.980000019073486,5.679999828338623,815900
2009-06-18,1.361603021621704,5.119999885559082,5.309999942779541,4.730000019073486,5.059999942779541,629500
2009-06-19,1.4227687120437622,5.349999904632568,5.510000228881836,5.139999866485596,5.139999866485596,408700
2009-06-22,1.2977776527404785,4.880000114440918,5.28000020980835,4.769999980926514,5.28000020980835,396800
2009-06-23,1.279162049293518,4.809999942779541,5.03000020980835,4.760000228881836,4.900000095367432,450200
2009-06-24,1.3403278589248657,5.039999961853027,5.119999885559082,4.829999923706055,4.949999809265137,447900
2009-06-25,1.409471869468689,5.300000190734863,5.300000190734863,5.0,5.010000228881836,601900
2009-06-26,1.3562841415405273,5.099999904632568,5.260000228881836,5.079999923706055,5.199999809265137,1068800
2009-06-29,1.3935154676437378,5.239999771118164,5.329999923706055,5.039999961853027,5.329999923706055,224400
2009-06-30,1.409471869468689,5.300000190734863,5.300000190734863,5.099999904632568,5.25,371500
2009-07-01,1.4147905111312866,5.320000171661377,5.510000228881836,5.170000076293945,5.349999904632568,378300
2009-07-02,1.420109510421753,5.340000152587891,5.340000152587891,5.019999980926514,5.119999885559082,529300
2009-07-06,1.2179962396621704,4.579999923706055,5.25,4.269999980926514,5.179999828338623,4386600
2009-07-07,1.210018277168274,4.550000190734863,4.920000076293945,4.460000038146973,4.900000095367432,1332900
2009-07-08,1.1009835004806519,4.139999866485596,4.510000228881836,3.8399999141693115,4.489999771118164,1146400
2009-07-09,1.225974678993225,4.610000133514404,4.610000133514404,4.199999809265137,4.239999771118164,1039300
2009-07-10,1.2871403694152832,4.840000152587891,4.840000152587891,3.950000047683716,4.559999942779541,919700
2009-07-13,1.327030897140503,4.989999771118164,5.269999980926514,4.820000171661377,4.860000133514404,706300
2009-07-14,1.3961749076843262,5.25,5.289999961853027,4.96999979019165,5.070000171661377,561900
2009-07-15,1.481274962425232,5.570000171661377,5.699999809265137,5.349999904632568,5.449999809265137,673500
2009-07-16,1.5105282068252563,5.679999828338623,5.690000057220459,5.349999904632568,5.550000190734863,450000
2009-07-17,1.4653187990188599,5.510000228881836,5.730000019073486,5.349999904632568,5.679999828338623,406500
2009-07-20,1.489253044128418,5.599999904632568,5.699999809265137,5.480000019073486,5.539999961853027,167300
2009-07-21,1.4413843154907227,5.420000076293945,5.619999885559082,5.260000228881836,5.599999904632568,322100
2009-07-22,1.4520219564437866,5.460000038146973,5.550000190734863,5.309999942779541,5.46999979019165,277800
2009-07-23,1.489253044128418,5.599999904632568,5.730000019073486,5.429999828338623,5.5,245400
2009-07-24,1.5052094459533691,5.659999847412109,6.210000038146973,5.550000190734863,5.670000076293945,561400
2009-07-27,1.489253044128418,5.599999904632568,5.71999979019165,5.539999961853027,5.659999847412109,254300
2009-07-28,1.489253044128418,5.599999904632568,5.650000095367432,5.449999809265137,5.449999809265137,407500
2009-07-29,1.4440436363220215,5.429999828338623,5.619999885559082,5.329999923706055,5.599999904632568,380000
2009-07-30,1.4839346408843994,5.579999923706055,5.670000076293945,5.429999828338623,5.46999979019165,189500
2009-07-31,1.5264843702316284,5.739999771118164,5.769999980926514,5.5,5.599999904632568,710600
2009-08-03,1.6727505922317505,6.289999961853027,6.369999885559082,5.78000020980835,5.920000076293945,996300
2009-08-04,1.7206192016601562,6.46999979019165,6.46999979019165,6.059999942779541,6.21999979019165,629200
2009-08-05,1.6567940711975098,6.230000019073486,6.579999923706055,6.139999866485596,6.429999828338623,303800
2009-08-06,1.6940257549285889,6.369999885559082,6.730000019073486,6.190000057220459,6.329999923706055,1200700
2009-08-07,1.7817848920822144,6.699999809265137,7.0,6.139999866485596,6.429999828338623,1755200
2009-08-10,1.7472132444381714,6.570000171661377,7.079999923706055,6.440000057220459,6.71999979019165,698500
2009-08-11,1.5690345764160156,5.900000095367432,6.630000114440918,5.769999980926514,6.53000020980835,979100
2009-08-12,1.6195628643035889,6.090000152587891,6.409999847412109,5.889999866485596,6.050000190734863,516600
2009-08-13,1.725937843322754,6.489999771118164,6.489999771118164,6.090000152587891,6.309999942779541,505500
2009-08-14,1.670091152191162,6.28000020980835,6.570000171661377,6.119999885559082,6.46999979019165,1508000
2009-08-17,1.680728554725647,6.320000171661377,6.420000076293945,5.809999942779541,6.03000020980835,1061900
2009-08-18,1.7551912069320679,6.599999904632568,6.650000095367432,6.340000152587891,6.340000152587891,812200
2009-08-19,1.7099817991256714,6.429999828338623,6.539999961853027,6.300000190734863,6.449999809265137,283300
2009-08-20,1.7551912069320679,6.599999904632568,6.599999904632568,6.320000171661377,6.409999847412109,832600
2009-08-21,1.7844444513320923,6.710000038146973,6.78000020980835,6.559999942779541,6.579999923706055,291300
2009-08-24,1.8535881042480469,6.96999979019165,7.099999904632568,6.75,6.75,437800
2009-08-25,1.9014571905136108,7.150000095367432,7.269999980926514,6.789999961853027,6.940000057220459,795800
2009-08-26,1.8509289026260376,6.960000038146973,7.190000057220459,6.909999847412109,7.159999847412109,280500
2009-08-27,1.8296540975570679,6.880000114440918,7.0,6.539999961853027,6.960000038146973,255400
2009-08-28,1.8668854236602783,7.019999980926514,7.079999923706055,6.789999961853027,6.889999866485596,279200
2009-08-31,1.8057193756103516,6.789999961853027,7.400000095367432,6.739999771118164,7.090000152587891,596600
2009-09-01,1.7844444513320923,6.710000038146973,7.019999980926514,6.690000057220459,6.840000152587891,921800
2009-09-02,1.7977415323257446,6.760000228881836,6.949999809265137,6.570000171661377,6.769999980926514,689800
2009-09-03,1.8934789896011353,7.119999885559082,7.159999847412109,6.71999979019165,6.78000020980835,891000
2009-09-04,1.906775951385498,7.170000076293945,7.289999961853027,6.909999847412109,7.170000076293945,308400
2009-09-08,1.8589072227478027,6.989999771118164,7.320000171661377,6.78000020980835,7.309999942779541,297500
2009-09-09,1.8828415870666504,7.079999923706055,7.119999885559082,6.949999809265137,6.989999771118164,143500
2009-09-10,1.8482697010040283,6.949999809265137,7.150000095367432,6.940000057220459,7.130000114440918,316500
2009-09-11,1.8482697010040283,6.949999809265137,7.099999904632568,6.800000190734863,6.880000114440918,163500
2009-09-14,1.8429509401321411,6.929999828338623,6.949999809265137,6.829999923706055,6.940000057220459,188200
2009-09-15,1.8349727392196655,6.900000095367432,7.090000152587891,6.860000133514404,6.900000095367432,383200
2009-09-16,1.9573042392730713,7.360000133514404,7.679999828338623,6.929999828338623,6.960000038146973,505800
2009-09-17,1.8615666627883911,7.0,7.679999828338623,6.960000038146973,7.369999885559082,536000
2009-09-18,1.8376320600509644,6.909999847412109,7.090000152587891,6.679999828338623,7.059999942779541,572700
2009-09-21,1.7817848920822144,6.699999809265137,6.860000133514404,6.659999847412109,6.820000171661377,135400
2009-09-22,1.8509289026260376,6.960000038146973,7.050000190734863,6.760000228881836,6.820000171661377,268300
2009-09-23,1.82699453830719,6.869999885559082,7.139999866485596,6.809999942779541,6.960000038146973,218300
2009-09-24,1.7126413583755493,6.440000057220459,7.039999961853027,6.440000057220459,6.949999809265137,312900
2009-09-25,1.7684881687164307,6.650000095367432,6.78000020980835,6.400000095367432,6.440000057220459,133400
2009-09-28,1.8562476634979248,6.980000019073486,7.019999980926514,6.599999904632568,6.659999847412109,137500
2009-09-29,1.8722041845321655,7.039999961853027,7.28000020980835,6.820000171661377,6.929999828338623,470100
2009-09-30,1.8615666627883911,7.0,7.079999923706055,6.650000095367432,7.03000020980835,327700
2009-10-01,1.8429509401321411,6.929999828338623,7.050000190734863,6.769999980926514,6.980000019073486,424300
2009-10-02,1.8456101417541504,6.940000057220459,7.039999961853027,6.699999809265137,6.739999771118164,282300
2009-10-05,1.9333696365356445,7.269999980926514,7.539999961853027,6.949999809265137,7.039999961853027,467600
2009-10-06,1.970600962638855,7.409999847412109,7.559999942779541,7.170000076293945,7.210000038146973,419100
2009-10-07,1.970600962638855,7.409999847412109,7.630000114440918,7.25,7.360000133514404,185500
2009-10-08,2.143461227416992,8.0600004196167,8.170000076293945,7.5,7.550000190734863,386700
2009-10-09,2.2657926082611084,8.520000457763672,8.65999984741211,8.010000228881836,8.09000015258789,561100
2009-10-12,2.2950456142425537,8.630000114440918,8.869999885559082,8.479999542236328,8.640000343322754,437100
2009-10-13,2.2046265602111816,8.289999961853027,8.729999542236328,8.239999771118164,8.699999809265137,385900
2009-10-14,2.2578139305114746,8.489999771118164,8.539999961853027,8.34000015258789,8.399999618530273,317200
2009-10-15,2.3163206577301025,8.710000038146973,8.75,8.470000267028809,8.520000457763672,126100
2009-10-16,2.239198684692383,8.420000076293945,8.75,8.1899995803833,8.6899995803833,207500
2009-10-19,2.2657926082611084,8.520000457763672,8.600000381469727,8.220000267028809,8.40999984741211,265700
2009-10-20,2.239198684692383,8.420000076293945,8.65999984741211,8.350000381469727,8.609999656677246,307200
2009-10-21,2.2046265602111816,8.289999961853027,8.600000381469727,8.1899995803833,8.34000015258789,213300
2009-10-22,2.1939892768859863,8.25,8.359999656677246,7.820000171661377,8.199999809265137,460000
2009-10-23,2.0849545001983643,7.840000152587891,8.449999809265137,7.71999979019165,8.34000015258789,360400
2009-10-26,2.0583608150482178,7.739999771118164,8.489999771118164,7.650000095367432,7.929999828338623,515500
2009-10-27,1.9732606410980225,7.420000076293945,7.909999847412109,7.400000095367432,7.889999866485596,314700
2009-10-28,1.8456101417541504,6.940000057220459,7.53000020980835,6.909999847412109,7.389999866485596,349500
2009-10-29,1.9253915548324585,7.239999771118164,7.289999961853027,6.949999809265137,6.949999809265137,279100
2009-10-30,1.8136978149414062,6.820000171661377,7.369999885559082,6.71999979019165,7.230000019073486,380900
2009-11-02,1.7817848920822144,6.699999809265137,6.909999847412109,6.510000228881836,6.75,280600
2009-11-03,1.7871037721633911,6.71999979019165,6.860000133514404,6.539999961853027,6.610000133514404,323400
2009-11-04,1.8136978149414062,6.820000171661377,7.179999828338623,6.730000019073486,6.829999923706055,224800
2009-11-05,2.0078327655792236,7.550000190734863,7.679999828338623,7.050000190734863,7.050000190734863,505700
2009-11-06,1.9493260383605957,7.329999923706055,7.730000019073486,7.179999828338623,7.46999979019165,262300
2009-11-09,1.9945355653762817,7.5,7.699999809265137,7.400000095367432,7.46999979019165,296100
2009-11-10,2.018470287322998,7.590000152587891,7.739999771118164,7.309999942779541,7.559999942779541,386000
2009-11-11,2.108888626098633,7.929999828338623,8.119999885559082,7.619999885559082,7.739999771118164,505100
2009-11-12,2.074317216873169,7.800000190734863,8.420000076293945,7.769999980926514,8.09000015258789,711700
2009-11-13,2.1966488361358643,8.260000228881836,8.319999694824219,7.849999904632568,7.980000019073486,742400
2009-11-16,2.3136613368988037,8.699999809265137,8.770000457763672,8.380000114440918,8.449999809265137,711100
2009-11-17,2.3748271465301514,8.930000305175781,9.039999961853027,8.630000114440918,8.6899995803833,485800
2009-11-18,2.396101951599121,9.010000228881836,9.050000190734863,8.75,9.039999961853027,275600
2009-11-19,2.4280147552490234,9.130000114440918,9.170000076293945,8.739999771118164,8.859999656677246,366900
2009-11-20,2.4466304779052734,9.199999809265137,9.329999923706055,8.8100004196167,9.029999732971191,565900
2009-11-23,2.449289560317993,9.210000038146973,9.5600004196167,9.039999961853027,9.4399995803833,408500
2009-11-24,2.4306740760803223,9.140000343322754,9.180000305175781,8.920000076293945,9.130000114440918,366000
2009-11-25,2.491839647293091,9.369999885559082,9.630000114440918,9.210000038146973,9.220000267028809,340800
2009-11-27,2.4466304779052734,9.199999809265137,9.420000076293945,8.920000076293945,9.079999923706055,136500
2009-11-30,2.4280147552490234,9.130000114440918,9.34000015258789,8.989999771118164,9.1899995803833,308500
2009-12-01,2.4625861644744873,9.260000228881836,9.380000114440918,9.020000457763672,9.229999542236328,199500
2009-12-02,2.475883722305298,9.3100004196167,9.350000381469727,9.100000381469727,9.260000228881836,168900
2009-12-03,2.3881239891052246,8.979999542236328,9.4399995803833,8.930000305175781,9.229999542236328,341300
2009-12-04,2.4439711570739746,9.1899995803833,9.25,8.600000381469727,9.119999885559082,481100
2009-12-07,2.467905282974243,9.279999732971191,9.34000015258789,9.109999656677246,9.140000343322754,177200
2009-12-08,2.4253554344177246,9.119999885559082,9.260000228881836,8.989999771118164,9.1899995803833,239400
2009-12-09,2.4413113594055176,9.180000305175781,9.1899995803833,8.789999961853027,9.079999923706055,163200
2009-12-10,2.401421070098877,9.029999732971191,9.1899995803833,8.850000381469727,9.1899995803833,249100
2009-12-11,2.422696113586426,9.109999656677246,9.210000038146973,8.890000343322754,9.020000457763672,350500
2009-12-14,2.670018196105957,10.039999961853027,10.0600004196167,9.239999771118164,9.34000015258789,527000
2009-12-15,2.523752450942993,9.489999771118164,9.869999885559082,9.380000114440918,9.869999885559082,774800
2009-12-16,2.5317306518554688,9.520000457763672,9.670000076293945,9.449999809265137,9.5600004196167,555000
2009-12-17,2.8216028213500977,10.609999656677246,10.880000114440918,9.4399995803833,9.449999809265137,1644600
2009-12-18,2.9412753582000732,11.0600004196167,11.289999961853027,10.319999694824219,10.510000228881836,1341600
2009-12-21,2.9519128799438477,11.100000381469727,11.220000267028809,10.899999618530273,11.220000267028809,620800
2009-12-22,2.957231044769287,11.119999885559082,11.170000076293945,10.9399995803833,11.100000381469727,630600
2009-12-23,2.925318956375122,11.0,11.119999885559082,10.859999656677246,11.100000381469727,290800
2009-12-24,2.8774499893188477,10.819999694824219,11.0,10.739999771118164,10.979999542236328,148100
2009-12-28,2.83489990234375,10.65999984741211,10.890000343322754,10.539999961853027,10.8100004196167,261300
2009-12-29,2.832240343093872,10.649999618530273,10.789999961853027,10.59000015258789,10.670000076293945,360200
2009-12-30,2.781712293624878,10.460000038146973,10.569999694824219,10.220000267028809,10.4399995803833,226600
2009-12-31,2.763096809387207,10.390000343322754,10.5,10.149999618530273,10.489999771118164,268100
2010-01-04,2.8003273010253906,10.529999732971191,10.600000381469727,10.3100004196167,10.600000381469727,372900
2010-01-05,2.813624858856201,10.579999923706055,10.640000343322754,10.520000457763672,10.619999885559082,121100
2010-01-06,2.8109652996063232,10.569999694824219,10.979999542236328,10.460000038146973,10.510000228881836,451200
2010-01-07,2.818943738937378,10.600000381469727,10.729999542236328,10.390000343322754,10.630000114440918,288400
2010-01-08,2.9758472442626953,11.1899995803833,11.1899995803833,10.579999923706055,10.609999656677246,2274700
2010-01-11,2.999781370162964,11.279999732971191,11.600000381469727,11.170000076293945,11.329999923706055,583000
2010-01-12,2.925318956375122,11.0,11.239999771118164,10.899999618530273,11.199999809265137,146800
2010-01-13,2.943934679031372,11.069999694824219,11.180000305175781,10.739999771118164,10.9399995803833,201600
2010-01-14,3.018397808074951,11.350000381469727,11.399999618530273,10.989999771118164,11.09000015258789,398500
2010-01-15,2.922659397125244,10.989999771118164,11.449999809265137,10.90999984741211,11.319999694824219,217100
2010-01-19,2.9412753582000732,11.0600004196167,11.0600004196167,10.84000015258789,10.960000038146973,180200
2010-01-20,2.9040439128875732,10.920000076293945,11.079999923706055,10.6899995803833,11.050000190734863,216900
2010-01-21,2.9120218753814697,10.949999809265137,11.069999694824219,10.850000381469727,10.850000381469727,351300
2010-01-22,2.8455374240875244,10.699999809265137,11.09000015258789,10.5600004196167,11.0,292200
2010-01-25,2.853515625,10.729999542236328,10.949999809265137,10.579999923706055,10.949999809265137,186300
2010-01-26,2.850856065750122,10.720000267028809,10.899999618530273,10.5,10.630000114440918,265200
2010-01-27,2.8428776264190674,10.6899995803833,10.859999656677246,10.199999809265137,10.640000343322754,382200
2010-01-28,2.8056464195251465,10.550000190734863,10.960000038146973,10.34000015258789,10.649999618530273,121500
2010-01-29,2.6992712020874023,10.149999618530273,10.680000305175781,10.119999885559082,10.550000190734863,199500
2010-02-01,2.7524592876434326,10.350000381469727,10.380000114440918,10.039999961853027,10.220000267028809,214900
2010-02-02,2.744480848312378,10.319999694824219,10.460000038146973,9.949999809265137,10.40999984741211,284900
2010-02-03,2.651402711868286,9.970000267028809,10.220000267028809,9.84000015258789,10.220000267028809,235500
2010-02-04,2.582258939743042,9.710000038146973,9.890000343322754,9.4399995803833,9.869999885559082,262500
2010-02-05,2.526411771774292,9.5,9.729999542236328,9.149999618530273,9.670000076293945,237000
2010-02-08,2.494499444961548,9.380000114440918,9.819999694824219,9.210000038146973,9.5,370700
2010-02-09,2.5290708541870117,9.510000228881836,9.770000457763672,9.180000305175781,9.550000190734863,399600
2010-02-10,2.4812023639678955,9.329999923706055,9.539999961853027,9.279999732971191,9.420000076293945,119100
2010-02-11,2.491839647293091,9.369999885559082,9.399999618530273,9.220000267028809,9.279999732971191,146700
2010-02-12,2.5397090911865234,9.550000190734863,9.65999984741211,9.0,9.350000381469727,371800
2010-02-16,2.5530056953430176,9.600000381469727,9.760000228881836,9.4399995803833,9.600000381469727,267400
2010-02-17,2.507796287536621,9.430000305175781,9.720000267028809,9.3100004196167,9.569999694824219,272600
2010-02-18,2.5210928916931152,9.479999542236328,9.550000190734863,9.380000114440918,9.449999809265137,423900
2010-02-19,2.5317306518554688,9.520000457763672,9.539999961853027,9.369999885559082,9.510000228881836,198500
2010-02-22,2.5131149291992188,9.449999809265137,9.640000343322754,9.380000114440918,9.600000381469727,101500
2010-02-23,2.5210928916931152,9.479999542236328,9.5,9.229999542236328,9.460000038146973,168100
2010-02-24,2.545027494430542,9.569999694824219,9.739999771118164,9.380000114440918,9.5600004196167,336000
2010-02-25,2.494499444961548,9.380000114440918,9.489999771118164,9.300000190734863,9.40999984741211,111000
2010-02-26,2.5317306518554688,9.520000457763672,9.649999618530273,9.239999771118164,9.359999656677246,273500
2010-03-01,2.6221489906311035,9.859999656677246,9.880000114440918,9.25,9.550000190734863,186300
2010-03-02,2.7019309997558594,10.15999984741211,10.300000190734863,9.859999656677246,9.859999656677246,171300
2010-03-03,2.672677755355835,10.050000190734863,10.369999885559082,10.020000457763672,10.140000343322754,142900
2010-03-04,2.7125682830810547,10.199999809265137,10.210000038146973,9.869999885559082,9.9399995803833,113300
2010-03-05,2.7870309352874756,10.479999542236328,10.579999923706055,10.199999809265137,10.239999771118164,139600
2010-03-08,2.7737340927124023,10.430000305175781,10.579999923706055,10.300000190734863,10.529999732971191,99000
2010-03-09,2.779052972793579,10.449999809265137,10.5600004196167,10.279999732971191,10.40999984741211,164000
2010-03-10,2.8162841796875,10.59000015258789,10.6899995803833,10.390000343322754,10.430000305175781,147800
2010-03-11,2.813624858856201,10.579999923706055,10.739999771118164,10.5,10.579999923706055,132500
2010-03-12,3.1513659954071045,11.850000381469727,11.949999809265137,11.079999923706055,11.079999923706055,819800
2010-03-15,3.177960157394409,11.949999809265137,12.100000381469727,11.720000267028809,11.970000267028809,302200
2010-03-16,3.1380691528320312,11.800000190734863,12.069999694824219,11.699999809265137,11.930000305175781,279400
2010-03-17,3.164663076400757,11.899999618530273,12.039999961853027,11.819999694824219,11.890000343322754,466800
2010-03-18,3.146047353744507,11.829999923706055,11.970000267028809,11.75,11.869999885559082,169200
2010-03-19,2.9705286026000977,11.170000076293945,11.930000305175781,11.170000076293945,11.170000076293945,473500
2010-03-22,2.9918034076690674,11.25,11.449999809265137,10.949999809265137,11.199999809265137,135000
2010-03-23,2.981165885925293,11.210000038146973,11.5,11.170000076293945,11.25,114700
2010-03-24,2.9944629669189453,11.260000228881836,11.350000381469727,11.050000190734863,11.149999618530273,178100
2010-03-25,2.9412753582000732,11.0600004196167,11.479999542236328,11.039999961853027,11.479999542236328,102800
2010-03-26,2.922659397125244,10.989999771118164,11.210000038146973,10.9399995803833,11.149999618530273,121000
2010-03-29,2.885427713394165,10.850000381469727,11.119999885559082,10.789999961853027,11.119999885559082,206200
2010-03-30,2.8216028213500977,10.609999656677246,10.949999809265137,10.539999961853027,10.859999656677246,469800
2010-03-31,2.8216028213500977,10.609999656677246,10.760000228881836,10.40999984741211,10.579999923706055,343100
2010-04-01,2.9412753582000732,11.0600004196167,11.140000343322754,10.59000015258789,10.720000267028809,301600
2010-04-05,3.0848820209503174,11.600000381469727,11.720000267028809,11.130000114440918,11.199999809265137,245400
2010-04-06,3.071584939956665,11.550000190734863,11.680000305175781,11.430000305175781,11.460000038146973,97700
2010-04-07,2.9971225261688232,11.270000457763672,11.470000267028809,11.0,11.460000038146973,145000
2010-04-08,2.9864842891693115,11.229999542236328,11.329999923706055,11.029999732971191,11.119999885559082,98300
2010-04-09,3.031694173812866,11.399999618530273,11.579999923706055,11.109999656677246,11.140000343322754,119600
2010-04-12,3.12211275100708,11.739999771118164,11.75,11.40999984741211,11.4399995803833,221500
2010-04-13,3.140728235244751,11.8100004196167,11.859999656677246,11.649999618530273,11.699999809265137,139000
2010-04-14,3.265719413757324,12.279999732971191,12.399999618530273,11.829999923706055,11.90999984741211,148800
2010-04-15,3.268378973007202,12.289999961853027,12.510000228881836,12.130000114440918,12.300000190734863,245100
2010-04-16,3.1885972023010254,11.989999771118164,12.25,11.640000343322754,12.210000038146973,215000
2010-04-19,3.164663076400757,11.899999618530273,12.130000114440918,11.65999984741211,12.050000190734863,127700
2010-04-20,3.3880515098571777,12.739999771118164,12.770000457763672,11.899999618530273,11.899999618530273,193000
2010-04-21,3.470492362976074,13.050000190734863,13.1899995803833,12.640000343322754,12.640000343322754,279400
2010-04-22,3.4492173194885254,12.970000267028809,13.25,12.869999885559082,12.9399995803833,276000
2010-04-23,3.3720946311950684,12.680000305175781,13.09000015258789,12.619999885559082,13.0,295500
2010-04-26,3.342841386795044,12.569999694824219,12.819999694824219,12.399999618530273,12.75,176600
2010-04-27,3.111475706100464,11.699999809265137,12.5,11.670000076293945,12.369999885559082,268900
2010-04-28,3.0742440223693848,11.5600004196167,11.899999618530273,11.430000305175781,11.789999961853027,260800
2010-04-29,3.1965761184692383,12.020000457763672,12.050000190734863,11.5600004196167,11.720000267028809,313300
2010-04-30,3.0795629024505615,11.579999923706055,12.140000343322754,11.529999732971191,12.0,115800
2010-05-03,3.140728235244751,11.8100004196167,11.90999984741211,11.489999771118164,11.6899995803833,147100
2010-05-04,3.199235439300537,12.029999732971191,12.210000038146973,11.8100004196167,12.130000114440918,461600
2010-05-05,3.1726415157318115,11.930000305175781,12.119999885559082,11.5,11.800000190734863,249200
2010-05-06,2.8827686309814453,10.84000015258789,12.449999809265137,9.670000076293945,11.789999961853027,530200
2010-05-07,2.707249164581299,10.180000305175781,11.130000114440918,10.100000381469727,10.800000190734863,608400
2010-05-10,2.853515625,10.729999542236328,11.149999618530273,10.380000114440918,10.90999984741211,536300
2010-05-11,2.8934061527252197,10.880000114440918,11.479999542236328,10.850000381469727,11.15999984741211,723700
2010-05-12,2.87213134765625,10.800000190734863,11.010000228881836,10.520000457763672,10.869999885559082,719900
2010-05-13,2.7524592876434326,10.350000381469727,11.050000190734863,10.319999694824219,10.800000190734863,472300
2010-05-14,2.6593806743621826,10.0,10.34000015258789,9.65999984741211,10.319999694824219,1375800
2010-05-17,2.635446310043335,9.90999984741211,10.430000305175781,9.670000076293945,10.069999694824219,781200
2010-05-18,2.560983896255493,9.630000114440918,10.25,9.5600004196167,9.989999771118164,1495700
2010-05-19,2.507796287536621,9.430000305175781,9.770000457763672,9.25,9.539999961853027,487100
2010-05-20,2.342914342880249,8.8100004196167,9.399999618530273,8.760000228881836,9.25,841300
2010-05-21,2.398761510848999,9.020000457763672,9.079999923706055,8.609999656677246,8.609999656677246,610200
2010-05-24,2.385464668273926,8.970000267028809,9.289999961853027,8.9399995803833,9.010000228881836,220100
2010-05-25,2.2844080924987793,8.59000015258789,8.699999809265137,8.430000305175781,8.609999656677246,658300
2010-05-26,2.3562114238739014,8.859999656677246,9.069999694824219,8.619999885559082,8.619999885559082,427800
2010-05-27,2.5503458976745605,9.59000015258789,9.609999656677246,8.960000038146973,9.020000457763672,505300
2010-05-28,2.4785425662994385,9.319999694824219,9.680000305175781,9.15999984741211,9.550000190734863,346300
2010-06-01,2.4652462005615234,9.270000457763672,9.899999618530273,9.220000267028809,9.4399995803833,625700
2010-06-02,2.494499444961548,9.380000114440918,9.40999984741211,9.079999923706055,9.350000381469727,846600
2010-06-03,2.545027494430542,9.569999694824219,9.760000228881836,9.380000114440918,9.449999809265137,344600
2010-06-04,2.3482329845428467,8.829999923706055,9.380000114440918,8.699999809265137,9.229999542236328,504300
2010-06-07,2.3163206577301025,8.710000038146973,9.15999984741211,8.640000343322754,8.8100004196167,595400
2010-06-08,2.361530065536499,8.880000114440918,9.0,8.65999984741211,8.829999923706055,480100
2010-06-09,2.324298620223999,8.739999771118164,9.069999694824219,8.699999809265137,8.890000343322754,273500
2010-06-10,2.4280147552490234,9.130000114440918,9.15999984741211,8.829999923706055,8.869999885559082,301400
2010-06-11,2.4625861644744873,9.260000228881836,9.279999732971191,9.0,9.0,178100
2010-06-14,2.5024774074554443,9.40999984741211,9.770000457763672,9.399999618530273,9.430000305175781,227400
2010-06-15,2.6460838317871094,9.949999809265137,9.960000038146973,9.369999885559082,9.420000076293945,250700
2010-06-16,2.6115119457244873,9.819999694824219,9.869999885559082,9.489999771118164,9.760000228881836,362600
2010-06-17,2.600874185562134,9.779999732971191,9.930000305175781,9.5600004196167,9.880000114440918,361200
2010-06-18,2.6061933040618896,9.800000190734863,9.869999885559082,9.640000343322754,9.770000457763672,227500
2010-06-21,2.576939821243286,9.6899995803833,10.010000228881836,9.640000343322754,9.949999809265137,170200
2010-06-22,2.475883722305298,9.3100004196167,9.779999732971191,9.289999961853027,9.670000076293945,237200
2010-06-23,2.5184338092803955,9.470000267028809,9.600000381469727,8.949999809265137,9.210000038146973,278200
2010-06-24,2.523752450942993,9.489999771118164,9.729999542236328,9.140000343322754,9.380000114440918,270600
2010-06-25,2.5530056953430176,9.600000381469727,9.699999809265137,9.260000228881836,9.520000457763672,473300
2010-06-28,2.576939821243286,9.6899995803833,9.829999923706055,9.5,9.65999984741211,136300
2010-06-29,2.4306740760803223,9.140000343322754,9.65999984741211,9.069999694824219,9.609999656677246,231800
2010-06-30,2.308342695236206,8.680000305175781,9.039999961853027,8.579999923706055,9.020000457763672,525700
2010-07-01,2.2312204837799072,8.390000343322754,8.65999984741211,8.079999923706055,8.649999618530273,464100
2010-07-02,2.2285609245300293,8.380000114440918,8.539999961853027,8.260000228881836,8.40999984741211,231500
2010-07-06,2.2259018421173096,8.369999885559082,8.8100004196167,8.300000190734863,8.539999961853027,272300
2010-07-07,2.3588707447052,8.869999885559082,8.880000114440918,8.34000015258789,8.4399995803833,264000
2010-07-08,2.449289560317993,9.210000038146973,9.25,8.979999542236328,8.989999771118164,132800
2010-07-09,2.4652462005615234,9.270000457763672,9.3100004196167,9.069999694824219,9.170000076293945,205000
2010-07-12,2.422696113586426,9.109999656677246,9.479999542236328,9.079999923706055,9.229999542236328,244200
2010-07-13,2.526411771774292,9.5,9.550000190734863,9.069999694824219,9.229999542236328,229000
2010-07-14,2.5530056953430176,9.600000381469727,9.65999984741211,9.25,9.449999809265137,225700
2010-07-15,2.5689618587493896,9.65999984741211,9.710000038146973,9.40999984741211,9.649999618530273,291400
2010-07-16,2.510455369949341,9.4399995803833,9.600000381469727,9.329999923706055,9.550000190734863,253900
2010-07-19,2.6061933040618896,9.800000190734863,9.890000343322754,9.34000015258789,9.449999809265137,410700
2010-07-20,2.6593806743621826,10.0,10.100000381469727,9.489999771118164,9.680000305175781,344900
2010-07-21,2.6620404720306396,10.010000228881836,10.100000381469727,9.770000457763672,10.029999732971191,643100
2010-07-22,2.832240343093872,10.649999618530273,10.65999984741211,10.170000076293945,10.199999809265137,388800
2010-07-23,2.9758472442626953,11.1899995803833,11.25,10.510000228881836,10.600000381469727,255300
2010-07-26,3.0742440223693848,11.5600004196167,11.640000343322754,11.210000038146973,11.300000190734863,437200
2010-07-27,2.9598910808563232,11.130000114440918,11.869999885559082,10.819999694824219,11.680000305175781,587200
2010-07-28,2.922659397125244,10.989999771118164,11.380000114440918,10.949999809265137,11.15999984741211,397000
2010-07-29,2.9146811962127686,10.960000038146973,11.329999923706055,10.84000015258789,11.180000305175781,161900
2010-07-30,2.927978038787842,11.010000228881836,11.1899995803833,10.630000114440918,10.770000457763672,204800
2010-08-02,3.058288097381592,11.5,11.539999961853027,11.25,11.300000190734863,283500
2010-08-03,3.002440929412842,11.289999961853027,11.5,11.109999656677246,11.430000305175781,136100
2010-08-04,3.058288097381592,11.5,11.510000228881836,11.270000457763672,11.3100004196167,224500
2010-08-05,3.0955193042755127,11.640000343322754,11.8100004196167,11.260000228881836,11.420000076293945,258900
2010-08-06,3.0981788635253906,11.649999618530273,11.760000228881836,11.40999984741211,11.489999771118164,213900
2010-08-09,3.1566853523254395,11.869999885559082,11.989999771118164,11.59000015258789,11.90999984741211,373200
2010-08-10,3.039672374725342,11.430000305175781,11.869999885559082,10.5600004196167,11.869999885559082,459400
2010-08-11,2.813624858856201,10.579999923706055,11.119999885559082,10.569999694824219,11.0,462000
2010-08-12,2.8242623805999756,10.619999885559082,10.920000076293945,10.100000381469727,10.25,357600
2010-08-13,2.850856065750122,10.720000267028809,10.850000381469727,10.470000267028809,10.550000190734863,345800
2010-08-16,2.8242623805999756,10.619999885559082,10.859999656677246,10.5,10.649999618530273,121400
2010-08-17,2.9120218753814697,10.949999809265137,11.229999542236328,10.75,10.75,194900
2010-08-18,2.967869281768799,11.15999984741211,11.319999694824219,10.880000114440918,10.899999618530273,164800
2010-08-19,2.890746831893921,10.869999885559082,11.220000267028809,10.699999809265137,11.119999885559082,212600
2010-08-20,2.9013845920562744,10.90999984741211,10.920000076293945,10.569999694824219,10.850000381469727,133500
2010-08-23,2.7737340927124023,10.430000305175781,11.100000381469727,10.359999656677246,11.0,193900
2010-08-24,2.7125682830810547,10.199999809265137,10.489999771118164,10.100000381469727,10.180000305175781,180400
2010-08-25,2.725865125656128,10.25,10.3100004196167,9.859999656677246,10.149999618530273,195300
2010-08-26,2.7365026473999023,10.289999961853027,10.539999961853027,10.15999984741211,10.34000015258789,137300
2010-08-27,2.8375589847564697,10.670000076293945,10.6899995803833,10.3100004196167,10.34000015258789,147500
2010-08-30,2.7019309997558594,10.15999984741211,10.65999984741211,10.050000190734863,10.65999984741211,173800
2010-08-31,2.672677755355835,10.050000190734863,10.260000228881836,9.890000343322754,10.149999618530273,532900
2010-09-01,2.8083062171936035,10.5600004196167,10.600000381469727,10.170000076293945,10.329999923706055,116200
2010-09-02,2.9013845920562744,10.90999984741211,10.970000267028809,10.59000015258789,10.630000114440918,165100
2010-09-03,2.978506088256836,11.199999809265137,11.199999809265137,10.84000015258789,11.079999923706055,90500
2010-09-07,2.850856065750122,10.720000267028809,11.15999984741211,10.670000076293945,11.130000114440918,125500
2010-09-08,2.818943738937378,10.600000381469727,10.800000190734863,10.520000457763672,10.720000267028809,215900
2010-09-09,2.763096809387207,10.390000343322754,10.8100004196167,10.369999885559082,10.8100004196167,169400
2010-09-10,2.765756130218506,10.399999618530273,10.600000381469727,10.369999885559082,10.430000305175781,227100
2010-09-13,2.885427713394165,10.850000381469727,10.90999984741211,10.529999732971191,10.529999732971191,167200
2010-09-14,2.813624858856201,10.579999923706055,10.920000076293945,10.5,10.779999732971191,119500
2010-09-15,2.8481967449188232,10.710000038146973,10.850000381469727,10.479999542236328,10.479999542236328,92400
2010-09-16,2.8242623805999756,10.619999885559082,10.680000305175781,10.40999984741211,10.630000114440918,51300
2010-09-17,2.8588345050811768,10.75,10.880000114440918,10.449999809265137,10.670000076293945,105300
2010-09-20,2.962549924850464,11.140000343322754,11.180000305175781,10.789999961853027,10.829999923706055,96800
2010-09-21,2.909362554550171,10.9399995803833,11.25,10.800000190734863,11.199999809265137,154900
2010-09-22,2.8614940643310547,10.760000228881836,10.989999771118164,10.680000305175781,10.949999809265137,56400
2010-09-23,2.8668127059936523,10.779999732971191,10.949999809265137,10.5600004196167,10.640000343322754,69700
2010-09-24,2.962549924850464,11.140000343322754,11.1899995803833,10.979999542236328,10.979999542236328,86000
2010-09-27,2.9864842891693115,11.229999542236328,11.25,11.069999694824219,11.119999885559082,86400
2010-09-28,3.018397808074951,11.350000381469727,11.479999542236328,11.170000076293945,11.210000038146973,208400
2010-09-29,3.0263752937316895,11.380000114440918,11.449999809265137,11.100000381469727,11.270000457763672,121000
2010-09-30,3.039672374725342,11.430000305175781,11.5,11.279999732971191,11.470000267028809,83100
2010-10-01,2.9758472442626953,11.1899995803833,11.5,11.1899995803833,11.5,88300
2010-10-04,2.957231044769287,11.119999885559082,11.270000457763672,10.970000267028809,11.1899995803833,134600
2010-10-05,3.058288097381592,11.5,11.59000015258789,11.0600004196167,11.300000190734863,178100
2010-10-06,2.946593761444092,11.079999923706055,11.539999961853027,11.020000457763672,11.5,220600
2010-10-07,3.0104188919067383,11.319999694824219,11.359999656677246,10.979999542236328,11.119999885559082,115200
2010-10-08,3.039672374725342,11.430000305175781,11.470000267028809,11.239999771118164,11.359999656677246,107100
2010-10-11,3.0848820209503174,11.600000381469727,11.760000228881836,11.5,11.5,111200
2010-10-12,3.1540253162384033,11.859999656677246,11.989999771118164,11.510000228881836,11.579999923706055,119900
2010-10-13,3.175300121307373,11.9399995803833,11.979999542236328,11.75,11.970000267028809,65200
2010-10-14,3.1965761184692383,12.020000457763672,12.119999885559082,11.880000114440918,12.0,171300
2010-10-15,3.0981788635253906,11.649999618530273,12.069999694824219,11.649999618530273,12.069999694824219,160800
2010-10-18,3.1167938709259033,11.720000267028809,11.800000190734863,11.470000267028809,11.630000114440918,178600
2010-10-19,3.0449912548065186,11.449999809265137,11.65999984741211,11.300000190734863,11.460000038146973,139700
2010-10-20,3.037013053894043,11.420000076293945,11.550000190734863,11.350000381469727,11.5,118600
2010-10-21,3.0795629024505615,11.579999923706055,11.869999885559082,11.399999618530273,11.550000190734863,78700
2010-10-22,3.0981788635253906,11.649999618530273,11.670000076293945,11.470000267028809,11.609999656677246,39500
2010-10-25,3.1354098320007324,11.789999961853027,11.84000015258789,11.739999771118164,11.739999771118164,110900
2010-10-26,3.0609474182128906,11.510000228881836,11.800000190734863,11.399999618530273,11.770000457763672,182100
2010-10-27,3.0449912548065186,11.449999809265137,11.479999542236328,11.199999809265137,11.449999809265137,99200
2010-10-28,3.034353494644165,11.40999984741211,11.6899995803833,11.1899995803833,11.569999694824219,208100
2010-10-29,3.1593446731567383,11.880000114440918,11.930000305175781,11.350000381469727,11.380000114440918,230000
2010-11-01,3.1912569999694824,12.0,12.15999984741211,11.869999885559082,11.930000305175781,259700
2010-11-02,3.3162477016448975,12.470000267028809,12.579999923706055,12.119999885559082,12.199999809265137,166100
2010-11-03,3.377413511276245,12.699999809265137,12.850000381469727,12.470000267028809,12.470000267028809,220500
2010-11-04,3.4465577602386475,12.960000038146973,13.220000267028809,12.75,13.100000381469727,195400
2010-11-05,3.4625136852264404,13.020000457763672,13.289999961853027,12.949999809265137,13.010000228881836,127700
2010-11-08,3.4199635982513428,12.859999656677246,13.010000228881836,12.630000114440918,13.010000228881836,160100
2010-11-09,3.5289981365203857,13.270000457763672,13.329999923706055,12.770000457763672,12.859999656677246,277500
2010-11-10,3.6779239177703857,13.829999923706055,13.84000015258789,13.100000381469727,13.300000190734863,219900
2010-11-11,3.611438751220703,13.579999923706055,13.890000343322754,13.529999732971191,13.680000305175781,111100
2010-11-12,3.489107608795166,13.119999885559082,13.609999656677246,13.0,13.390000343322754,106500
2010-11-15,3.576866626739502,13.449999809265137,13.640000343322754,13.0,13.220000267028809,134600
2010-11-16,3.417304277420044,12.850000381469727,13.319999694824219,12.6899995803833,13.319999694824219,164200
2010-11-17,3.5928235054016113,13.510000228881836,13.6899995803833,12.899999618530273,12.899999618530273,151200
2010-11-18,3.6832423210144043,13.850000381469727,14.119999885559082,13.720000267028809,13.720000267028809,212900
2010-11-19,3.6486704349517822,13.720000267028809,13.819999694824219,13.140000343322754,13.670000076293945,149900
2010-11-22,3.635373830795288,13.670000076293945,13.829999923706055,13.550000190734863,13.65999984741211,167300
2010-11-23,3.489107608795166,13.119999885559082,13.609999656677246,12.989999771118164,13.489999771118164,159100
2010-11-24,3.65132999420166,13.729999542236328,13.739999771118164,13.1899995803833,13.1899995803833,171100
2010-11-26,3.7896177768707275,14.25,14.460000038146973,13.59000015258789,13.770000457763672,187300
2010-11-29,3.7045176029205322,13.930000305175781,14.25,13.75,14.039999961853027,197400
2010-11-30,3.65398907661438,13.739999771118164,13.829999923706055,13.550000190734863,13.75,197400
2010-12-01,3.693880081176758,13.890000343322754,14.010000228881836,13.8100004196167,14.0,187400
2010-12-02,3.701857805252075,13.920000076293945,14.0,13.829999923706055,13.880000114440918,192900
2010-12-03,3.7390894889831543,14.0600004196167,14.109999656677246,13.800000190734863,13.84000015258789,148100
2010-12-06,3.6965394020080566,13.899999618530273,14.020000457763672,13.8100004196167,14.020000457763672,122600
2010-12-07,3.693880081176758,13.890000343322754,14.079999923706055,13.770000457763672,14.079999923706055,182900
2010-12-08,3.691220283508301,13.880000114440918,14.020000457763672,13.829999923706055,13.899999618530273,164700
2010-12-09,3.6965394020080566,13.899999618530273,13.949999809265137,13.800000190734863,13.949999809265137,157400
2010-12-10,3.691220283508301,13.880000114440918,14.029999732971191,13.880000114440918,13.920000076293945,182100
2010-12-13,3.6566481590270996,13.75,14.010000228881836,13.739999771118164,13.930000305175781,91000
2010-12-14,3.6406924724578857,13.6899995803833,13.960000038146973,13.680000305175781,13.75,103900
2010-12-15,3.6087796688079834,13.569999694824219,13.899999618530273,13.470000267028809,13.65999984741211,164500
2010-12-16,3.598142385482788,13.529999732971191,13.600000381469727,13.34000015258789,13.569999694824219,111500
2010-12-17,3.6619675159454346,13.770000457763672,13.770000457763672,13.319999694824219,13.529999732971191,448800
2010-12-20,3.7071762084960938,13.9399995803833,14.149999618530273,13.770000457763672,13.770000457763672,168900
2010-12-21,3.7390894889831543,14.0600004196167,14.199999809265137,13.90999984741211,14.09000015258789,100500
2010-12-22,3.7869579792022705,14.239999771118164,14.289999961853027,14.029999732971191,14.119999885559082,79800
2010-12-23,3.7071762084960938,13.9399995803833,14.359999656677246,13.890000343322754,14.350000381469727,73100
2010-12-27,3.7683424949645996,14.170000076293945,14.210000038146973,13.859999656677246,13.859999656677246,86500
2010-12-28,3.744408369064331,14.079999923706055,14.220000267028809,13.930000305175781,14.1899995803833,77900
2010-12-29,3.7816390991210938,14.220000267028809,14.260000228881836,13.960000038146973,14.079999923706055,68300
2010-12-30,3.7736611366271973,14.1899995803833,14.329999923706055,14.170000076293945,14.229999542236328,51100
2010-12-31,3.7337708473205566,14.039999961853027,14.229999542236328,14.0,14.180000305175781,46900
2011-01-03,3.9013118743896484,14.670000076293945,14.680000305175781,14.100000381469727,14.15999984741211,180500
2011-01-04,3.9358837604522705,14.800000190734863,14.930000305175781,14.529999732971191,14.670000076293945,321900
2011-01-05,3.9225869178771973,14.75,14.90999984741211,14.65999984741211,14.720000267028809,121700
2011-01-06,3.8959925174713135,14.649999618530273,14.739999771118164,14.479999542236328,14.729999542236328,119800
2011-01-07,3.813551902770996,14.34000015258789,14.859999656677246,13.979999542236328,14.449999809265137,362700
2011-01-10,3.7390894889831543,14.0600004196167,14.289999961853027,14.020000457763672,14.279999732971191,112500
2011-01-11,3.794935941696167,14.270000457763672,14.350000381469727,13.930000305175781,14.130000114440918,239400
2011-01-12,3.7922770977020264,14.260000228881836,14.579999923706055,14.210000038146973,14.5,81800
2011-01-13,3.757704973220825,14.130000114440918,14.329999923706055,14.0,14.229999542236328,152200
2011-01-14,3.7231333255767822,14.0,14.079999923706055,13.90999984741211,14.079999923706055,167800
2011-01-18,3.7151548862457275,13.970000267028809,14.050000190734863,13.800000190734863,13.979999542236328,121200
2011-01-19,3.630054473876953,13.649999618530273,14.34000015258789,13.489999771118164,14.0600004196167,282300
2011-01-20,3.669945478439331,13.800000190734863,13.850000381469727,13.520000457763672,13.579999923706055,134500
2011-01-21,3.6965394020080566,13.899999618530273,13.970000267028809,13.539999961853027,13.869999885559082,197900
2011-01-24,3.6593081951141357,13.760000228881836,13.859999656677246,13.510000228881836,13.859999656677246,158000
2011-01-25,3.616757869720459,13.600000381469727,13.699999809265137,13.470000267028809,13.699999809265137,131900
2011-01-26,3.6991987228393555,13.90999984741211,13.960000038146973,13.640000343322754,13.649999618530273,49900
2011-01-27,3.6965394020080566,13.899999618530273,14.0600004196167,13.859999656677246,13.859999656677246,68000
2011-01-28,3.616757869720459,13.600000381469727,13.9399995803833,13.5600004196167,13.869999885559082,180600
2011-01-31,3.693880081176758,13.890000343322754,13.890000343322754,13.65999984741211,13.65999984741211,276600
2011-02-01,3.765683174133301,14.15999984741211,14.25,13.920000076293945,13.989999771118164,96100
2011-02-02,3.818871021270752,14.359999656677246,14.390000343322754,13.979999542236328,14.079999923706055,144500
2011-02-03,3.7497265338897705,14.100000381469727,14.350000381469727,13.859999656677246,14.289999961853027,159600
2011-02-04,3.800255537033081,14.289999961853027,14.300000190734863,13.859999656677246,14.079999923706055,111300
2011-02-07,3.94120192527771,14.819999694824219,14.920000076293945,14.239999771118164,14.350000381469727,323100
2011-02-08,3.909289836883545,14.699999809265137,14.829999923706055,14.3100004196167,14.430000305175781,436300
2011-02-09,3.927905321121216,14.770000457763672,14.970000267028809,14.619999885559082,14.619999885559082,333400
2011-02-10,3.9225869178771973,14.75,14.829999923706055,14.680000305175781,14.6899995803833,106900
2011-02-11,3.9518399238586426,14.859999656677246,15.25,14.75,14.779999732971191,365600
2011-02-14,4.028961658477783,15.149999618530273,15.300000190734863,14.829999923706055,14.829999923706055,404600
2011-02-15,4.028961658477783,15.149999618530273,15.210000038146973,15.109999656677246,15.180000305175781,116500
2011-02-16,4.071512222290039,15.3100004196167,15.350000381469727,15.15999984741211,15.199999809265137,117700
2011-02-17,4.084808349609375,15.359999656677246,15.470000267028809,15.210000038146973,15.229999542236328,169200
2011-02-18,4.005027770996094,15.0600004196167,15.380000114440918,15.020000457763672,15.369999885559082,116200
2011-02-22,3.7896177768707275,14.25,14.899999618530273,14.199999809265137,14.890000343322754,200300
2011-02-23,3.669945478439331,13.800000190734863,14.350000381469727,13.699999809265137,14.270000457763672,241400
2011-02-24,3.7124953269958496,13.960000038146973,14.09000015258789,13.649999618530273,13.779999732971191,114100
2011-02-25,3.7523860931396484,14.109999656677246,14.149999618530273,13.880000114440918,14.069999694824219,81400
2011-02-28,3.9199275970458984,14.739999771118164,14.989999771118164,14.34000015258789,14.34000015258789,259800
2011-03-01,3.8826963901519775,14.600000381469727,15.0,14.510000228881836,14.850000381469727,548300
2011-03-02,3.9146084785461426,14.720000267028809,14.8100004196167,14.430000305175781,14.5600004196167,79100
2011-03-03,3.9518399238586426,14.859999656677246,15.020000457763672,14.760000228881836,15.020000457763672,128000
2011-03-04,3.8773772716522217,14.579999923706055,14.90999984741211,14.390000343322754,14.90999984741211,360300
2011-03-07,3.7603647708892822,14.140000343322754,14.609999656677246,13.989999771118164,14.609999656677246,129200
2011-03-08,3.832167387008667,14.40999984741211,14.5600004196167,13.989999771118164,14.15999984741211,61000
2011-03-09,3.872058868408203,14.5600004196167,14.609999656677246,14.300000190734863,14.34000015258789,140500
2011-03-10,3.7390894889831543,14.0600004196167,14.819999694824219,14.010000228881836,14.600000381469727,94400
2011-03-11,3.800255537033081,14.289999961853027,14.430000305175781,13.880000114440918,13.979999542236328,142200
2011-03-14,3.6406924724578857,13.6899995803833,14.170000076293945,13.5,14.09000015258789,172400
2011-03-15,3.584845542907715,13.479999542236328,13.5600004196167,12.800000190734863,13.1899995803833,306000
2011-03-16,3.470492362976074,13.050000190734863,13.510000228881836,12.949999809265137,13.470000267028809,221600
2011-03-17,3.5289981365203857,13.270000457763672,13.34000015258789,12.90999984741211,13.300000190734863,198100
2011-03-18,3.7630233764648438,14.149999618530273,14.260000228881836,13.5600004196167,13.569999694824219,529500
2011-03-21,3.794935941696167,14.270000457763672,14.579999923706055,14.270000457763672,14.40999984741211,200400
2011-03-22,3.7550454139709473,14.119999885559082,14.380000114440918,14.039999961853027,14.319999694824219,71400
2011-03-23,3.701857805252075,13.920000076293945,14.050000190734863,13.770000457763672,14.050000190734863,131100
2011-03-24,3.757704973220825,14.130000114440918,14.1899995803833,13.960000038146973,14.020000457763672,101800
2011-03-25,3.7683424949645996,14.170000076293945,14.489999771118164,14.15999984741211,14.229999542236328,172400
2011-03-28,3.744408369064331,14.079999923706055,14.279999732971191,14.079999923706055,14.210000038146973,151700
2011-03-29,3.7523860931396484,14.109999656677246,14.229999542236328,14.050000190734863,14.079999923706055,41300
2011-03-30,3.797595739364624,14.279999732971191,14.460000038146973,14.029999732971191,14.170000076293945,304300
2011-03-31,3.869398593902588,14.550000190734863,14.670000076293945,14.09000015258789,14.300000190734863,409800
2011-04-01,3.856102466583252,14.5,15.010000228881836,14.390000343322754,14.649999618530273,190100
2011-04-04,3.909289836883545,14.699999809265137,14.710000038146973,14.470000267028809,14.529999732971191,84300
2011-04-05,3.8029143810272217,14.300000190734863,14.699999809265137,14.239999771118164,14.699999809265137,144400
2011-04-06,3.7763209342956543,14.199999809265137,14.670000076293945,14.15999984741211,14.470000267028809,140300
2011-04-07,3.728451728820801,14.020000457763672,14.390000343322754,14.010000228881836,14.210000038146973,119900
2011-04-08,3.63271427154541,13.65999984741211,14.100000381469727,13.569999694824219,14.100000381469727,140500
2011-04-11,3.7311110496520996,14.029999732971191,14.029999732971191,13.720000267028809,13.729999542236328,249600
2011-04-12,3.7364299297332764,14.050000190734863,14.15999984741211,13.65999984741211,13.920000076293945,102300
2011-04-13,3.6965394020080566,13.899999618530273,14.359999656677246,13.829999923706055,14.180000305175781,141900
2011-04-14,3.65398907661438,13.739999771118164,13.920000076293945,13.699999809265137,13.789999961853027,94200
2011-04-15,3.672605276107788,13.8100004196167,14.020000457763672,13.630000114440918,13.729999542236328,66200
2011-04-18,3.5875043869018555,13.489999771118164,13.600000381469727,13.260000228881836,13.600000381469727,68100
2011-04-19,3.547614336013794,13.34000015258789,13.680000305175781,13.199999809265137,13.609999656677246,175300
2011-04-20,3.611438751220703,13.579999923706055,13.869999885559082,13.539999961853027,13.59000015258789,120900
2011-04-21,3.630054473876953,13.649999618530273,13.800000190734863,13.449999809265137,13.670000076293945,59200
2011-04-25,3.6460113525390625,13.710000038146973,13.90999984741211,13.6899995803833,13.760000228881836,69800
2011-04-26,3.6460113525390625,13.710000038146973,13.800000190734863,13.680000305175781,13.729999542236328,41400
2011-04-27,3.672605276107788,13.8100004196167,13.84000015258789,13.630000114440918,13.739999771118164,52100
2011-04-28,3.693880081176758,13.890000343322754,13.90999984741211,13.510000228881836,13.800000190734863,433900
2011-04-29,3.6593081951141357,13.760000228881836,13.890000343322754,13.430000305175781,13.859999656677246,241000
2011-05-02,3.6406924724578857,13.6899995803833,13.789999961853027,13.609999656677246,13.779999732971191,76000
2011-05-03,3.7390894889831543,14.0600004196167,14.180000305175781,13.710000038146973,13.710000038146973,350200
2011-05-04,3.693880081176758,13.890000343322754,14.100000381469727,13.789999961853027,14.039999961853027,538200
2011-05-05,3.725792646408081,14.010000228881836,14.039999961853027,13.6899995803833,13.770000457763672,459900
2011-05-06,3.8747177124023438,14.569999694824219,14.989999771118164,14.220000267028809,14.5,670500
2011-05-09,3.9890711307525635,15.0,15.0600004196167,14.510000228881836,14.59000015258789,378200
2011-05-10,4.005027770996094,15.0600004196167,15.380000114440918,14.899999618530273,15.050000190734863,325700
2011-05-11,3.9837520122528076,14.979999542236328,15.100000381469727,14.649999618530273,15.0,214300
2011-05-12,3.9890711307525635,15.0,15.050000190734863,14.510000228881836,14.899999618530273,271000
2011-05-13,3.949181079864502,14.850000381469727,15.050000190734863,14.789999961853027,15.0,186400
2011-05-16,3.8986520767211914,14.65999984741211,15.15999984741211,14.65999984741211,14.859999656677246,232200
2011-05-17,3.8800361156463623,14.59000015258789,14.699999809265137,14.520000457763672,14.569999694824219,205100
2011-05-18,3.909289836883545,14.699999809265137,14.859999656677246,14.579999923706055,14.579999923706055,130700
2011-05-19,3.9358837604522705,14.800000190734863,14.949999809265137,14.579999923706055,14.760000228881836,120500
2011-05-20,3.9066295623779297,14.6899995803833,14.800000190734863,14.550000190734863,14.720000267028809,130100
2011-05-23,3.8614211082458496,14.520000457763672,14.619999885559082,14.430000305175781,14.550000190734863,209800
2011-05-24,3.850783109664917,14.479999542236328,14.630000114440918,14.470000267028809,14.609999656677246,89100
2011-05-25,3.856102466583252,14.5,14.520000457763672,14.369999885559082,14.390000343322754,135600
2011-05-26,3.869398593902588,14.550000190734863,14.600000381469727,14.180000305175781,14.460000038146973,142400
2011-05-27,3.8800361156463623,14.59000015258789,14.710000038146973,14.539999961853027,14.579999923706055,102600
2011-05-31,3.9358837604522705,14.800000190734863,14.800000190734863,14.630000114440918,14.729999542236328,239400
2011-06-01,3.853442668914795,14.489999771118164,14.739999771118164,14.449999809265137,14.729999542236328,188300
2011-06-02,3.832167387008667,14.40999984741211,14.600000381469727,14.3100004196167,14.479999542236328,149100
2011-06-03,3.74706768989563,14.09000015258789,14.25,14.050000190734863,14.220000267028809,112900
2011-06-06,3.672605276107788,13.8100004196167,14.199999809265137,13.720000267028809,14.050000190734863,99800
2011-06-07,3.7124953269958496,13.960000038146973,14.039999961853027,13.859999656677246,13.890000343322754,107400
2011-06-08,3.691220283508301,13.880000114440918,14.029999732971191,13.880000114440918,13.920000076293945,117400
2011-06-09,3.720473289489746,13.989999771118164,14.029999732971191,13.800000190734863,13.90999984741211,90000
2011-06-10,3.6805832386016846,13.84000015258789,13.949999809265137,13.609999656677246,13.899999618530273,249000
2011-06-13,3.638032913208008,13.680000305175781,13.859999656677246,13.600000381469727,13.859999656677246,61500
2011-06-14,3.693880081176758,13.890000343322754,13.960000038146973,13.779999732971191,13.880000114440918,125700
2011-06-15,3.6194169521331787,13.609999656677246,13.8100004196167,13.5,13.720000267028809,105000
2011-06-16,3.584845542907715,13.479999542236328,13.640000343322754,13.350000381469727,13.579999923706055,139300
2011-06-17,3.5369763374328613,13.300000190734863,13.630000114440918,13.270000457763672,13.630000114440918,470500
2011-06-20,3.54229474067688,13.319999694824219,13.359999656677246,13.239999771118164,13.270000457763672,105200
2011-06-21,3.5742075443267822,13.4399995803833,13.489999771118164,13.069999694824219,13.399999618530273,193700
2011-06-22,3.5130422115325928,13.210000038146973,13.40999984741211,13.199999809265137,13.40999984741211,95100
2011-06-23,3.470492362976074,13.050000190734863,13.09000015258789,12.699999809265137,13.0600004196167,155100
2011-06-24,3.4492173194885254,12.970000267028809,13.0600004196167,12.850000381469727,13.050000190734863,177000
2011-06-27,3.4226229190826416,12.869999885559082,12.989999771118164,12.779999732971191,12.989999771118164,73200
2011-06-28,3.5502736568450928,13.350000381469727,13.390000343322754,12.8100004196167,12.949999809265137,110500
2011-06-29,3.5449540615081787,13.329999923706055,13.600000381469727,13.289999961853027,13.430000305175781,88800
2011-06-30,3.377413511276245,12.699999809265137,13.5,12.699999809265137,13.399999618530273,509000
2011-07-01,3.4944264888763428,13.140000343322754,13.170000076293945,12.649999618530273,12.699999809265137,214600
2011-07-05,3.4837892055511475,13.100000381469727,13.15999984741211,12.989999771118164,13.15999984741211,122600
2011-07-06,3.50240421295166,13.170000076293945,13.210000038146973,12.9399995803833,13.119999885559082,105500
2011-07-07,3.6034610271453857,13.550000190734863,13.670000076293945,13.239999771118164,13.300000190734863,638300
2011-07-08,3.576866626739502,13.449999809265137,13.460000038146973,13.25,13.359999656677246,111800
2011-07-11,3.4465577602386475,12.960000038146973,13.220000267028809,12.829999923706055,13.220000267028809,132000
2011-07-12,3.4093260765075684,12.819999694824219,12.920000076293945,12.739999771118164,12.90999984741211,63500
2011-07-13,3.3853917121887207,12.729999542236328,12.930000305175781,12.699999809265137,12.899999618530273,88100
2011-07-14,3.3694353103637695,12.670000076293945,12.760000228881836,12.5600004196167,12.729999542236328,84900
2011-07-15,3.3853917121887207,12.729999542236328,12.760000228881836,12.520000457763672,12.739999771118164,91600
2011-07-18,3.324225902557373,12.5,12.710000038146973,12.239999771118164,12.710000038146973,121200
2011-07-19,3.3534789085388184,12.609999656677246,12.649999618530273,12.329999923706055,12.5600004196167,171600
2011-07-20,3.3880515098571777,12.739999771118164,12.739999771118164,12.470000267028809,12.640000343322754,61400
2011-07-21,3.4040074348449707,12.800000190734863,12.859999656677246,12.680000305175781,12.779999732971191,141900
2011-07-22,3.4944264888763428,13.140000343322754,13.140000343322754,12.789999961853027,12.819999694824219,70000
2011-07-25,3.4438977241516113,12.949999809265137,13.119999885559082,12.899999618530273,12.960000038146973,96700
2011-07-26,3.396029472351074,12.770000457763672,12.930000305175781,12.6899995803833,12.930000305175781,98900
2011-07-27,3.268378973007202,12.289999961853027,12.729999542236328,12.1899995803833,12.729999542236328,144500
2011-07-28,3.212531805038452,12.079999923706055,12.319999694824219,12.039999961853027,12.260000228881836,98700
2011-07-29,3.124772310256958,11.75,12.0,11.5600004196167,11.960000038146973,250100
2011-08-01,3.090200185775757,11.619999885559082,11.930000305175781,11.600000381469727,11.920000076293945,178200
2011-08-02,2.8614940643310547,10.760000228881836,11.600000381469727,10.699999809265137,11.569999694824219,300900
2011-08-03,2.962549924850464,11.140000343322754,12.460000038146973,10.760000228881836,12.130000114440918,745700
2011-08-04,2.8216028213500977,10.609999656677246,11.210000038146973,10.579999923706055,10.90999984741211,458000
2011-08-05,2.7870309352874756,10.479999542236328,10.829999923706055,10.270000457763672,10.739999771118164,381700
2011-08-08,2.475883722305298,9.3100004196167,10.34000015258789,9.3100004196167,10.100000381469727,290900
2011-08-09,2.6992712020874023,10.149999618530273,10.1899995803833,9.350000381469727,9.520000457763672,251900
2011-08-10,2.584918260574341,9.720000267028809,10.149999618530273,9.600000381469727,10.020000457763672,302300
2011-08-11,2.688633918762207,10.109999656677246,10.279999732971191,9.670000076293945,9.729999542236328,248400
2011-08-12,2.776393413543701,10.4399995803833,10.569999694824219,10.109999656677246,10.210000038146973,285300
2011-08-15,2.9412753582000732,11.0600004196167,11.0600004196167,10.539999961853027,10.539999961853027,253100
2011-08-16,2.9040439128875732,10.920000076293945,11.039999961853027,10.710000038146973,10.859999656677246,236200
2011-08-17,2.9545722007751465,11.109999656677246,11.539999961853027,11.050000190734863,11.069999694824219,228700
2011-08-18,2.832240343093872,10.649999618530273,10.859999656677246,10.430000305175781,10.770000457763672,303800
2011-08-19,2.7125682830810547,10.199999809265137,10.739999771118164,10.180000305175781,10.390000343322754,207500
2011-08-22,2.7471401691436768,10.329999923706055,10.539999961853027,10.15999984741211,10.5,259600
2011-08-23,2.7923498153686523,10.5,11.010000228881836,10.40999984741211,10.449999809265137,418400
2011-08-24,2.9891440868377686,11.239999771118164,11.300000190734863,10.430000305175781,10.5,267500
2011-08-25,2.925318956375122,11.0,11.449999809265137,10.829999923706055,11.350000381469727,222600
2011-08-26,2.9891440868377686,11.239999771118164,11.470000267028809,10.869999885559082,10.899999618530273,262400
2011-08-29,3.1380691528320312,11.800000190734863,11.819999694824219,11.380000114440918,11.430000305175781,187700
2011-08-30,3.050309896469116,11.470000267028809,11.720000267028809,11.399999618530273,11.710000038146973,230100
2011-08-31,3.0449912548065186,11.449999809265137,11.670000076293945,11.289999961853027,11.600000381469727,198200
2011-09-01,2.962549924850464,11.140000343322754,11.619999885559082,11.100000381469727,11.4399995803833,232200
2011-09-02,2.9173407554626465,10.970000267028809,11.039999961853027,10.739999771118164,10.859999656677246,251400
2011-09-06,2.8455374240875244,10.699999809265137,10.729999542236328,10.510000228881836,10.569999694824219,164700
2011-09-07,2.9545722007751465,11.109999656677246,11.1899995803833,10.930000305175781,10.930000305175781,111000
2011-09-08,2.8934061527252197,10.880000114440918,11.229999542236328,10.75,10.989999771118164,103100
2011-09-09,2.8162841796875,10.59000015258789,10.789999961853027,10.399999618530273,10.699999809265137,175500
2011-09-12,2.763096809387207,10.390000343322754,10.600000381469727,10.1899995803833,10.350000381469727,214600
2011-09-13,2.8614940643310547,10.760000228881836,10.970000267028809,10.430000305175781,10.460000038146973,227700
2011-09-14,2.869471549987793,10.789999961853027,11.020000457763672,10.600000381469727,10.880000114440918,148300
2011-09-15,2.925318956375122,11.0,11.119999885559082,10.8100004196167,10.930000305175781,262600
2011-09-16,2.946593761444092,11.079999923706055,11.220000267028809,11.010000228881836,11.010000228881836,220700
2011-09-19,2.9306375980377197,11.020000457763672,11.079999923706055,10.760000228881836,10.84000015258789,78000
2011-09-20,2.890746831893921,10.869999885559082,11.199999809265137,10.84000015258789,11.130000114440918,73800
2011-09-21,2.7391624450683594,10.300000190734863,10.979999542236328,10.289999961853027,10.819999694824219,114500
2011-09-22,2.5556647777557373,9.609999656677246,9.979999542236328,9.4399995803833,9.880000114440918,159800
2011-09-23,2.688633918762207,10.109999656677246,10.1899995803833,9.569999694824219,9.600000381469727,197600
2011-09-26,2.7577779293060303,10.369999885559082,10.369999885559082,9.819999694824219,10.239999771118164,134900
2011-09-27,2.8083062171936035,10.5600004196167,10.9399995803833,10.489999771118164,10.670000076293945,124800
2011-09-28,2.6327872276306152,9.899999618530273,10.569999694824219,9.890000343322754,10.569999694824219,108800
2011-09-29,2.6088526248931885,9.8100004196167,10.260000228881836,9.609999656677246,10.149999618530273,174600
2011-09-30,2.489180564880371,9.359999656677246,9.729999542236328,9.350000381469727,9.550000190734863,157300
2011-10-03,2.342914342880249,8.8100004196167,9.520000457763672,8.739999771118164,9.279999732971191,167600
2011-10-04,2.4652462005615234,9.270000457763672,9.270000457763672,8.65999984741211,8.680000305175781,142500
2011-10-05,2.5024774074554443,9.40999984741211,9.4399995803833,9.100000381469727,9.289999961853027,122000
2011-10-06,2.6274683475494385,9.880000114440918,9.90999984741211,9.279999732971191,9.40999984741211,126000
2011-10-07,2.582258939743042,9.710000038146973,10.010000228881836,9.520000457763672,10.010000228881836,95700
2011-10-10,2.656721353530884,9.989999771118164,10.1899995803833,9.90999984741211,9.989999771118164,125700
2011-10-11,2.6593806743621826,10.0,10.039999961853027,9.8100004196167,9.890000343322754,70800
2011-10-12,2.7125682830810547,10.199999809265137,10.319999694824219,10.0,10.0600004196167,107700
2011-10-13,2.7178871631622314,10.220000267028809,10.350000381469727,9.550000190734863,9.890000343322754,374300
2011-10-14,2.8083062171936035,10.5600004196167,10.59000015258789,10.149999618530273,10.270000457763672,260700
2011-10-17,2.6859748363494873,10.100000381469727,10.4399995803833,10.029999732971191,10.40999984741211,174300
2011-10-18,2.744480848312378,10.319999694824219,10.489999771118164,9.8100004196167,10.130000114440918,108800
2011-10-19,2.7178871631622314,10.220000267028809,10.539999961853027,10.130000114440918,10.3100004196167,83100
2011-10-20,2.7338435649871826,10.279999732971191,10.380000114440918,10.029999732971191,10.210000038146973,92500
2011-10-21,2.7684154510498047,10.40999984741211,10.59000015258789,10.229999542236328,10.449999809265137,97100
2011-10-24,2.8827686309814453,10.84000015258789,11.0,10.460000038146973,10.460000038146973,138300
2011-10-25,2.8162841796875,10.59000015258789,10.800000190734863,10.569999694824219,10.75,127300
2011-10-26,2.888087272644043,10.859999656677246,10.9399995803833,10.369999885559082,10.800000190734863,121500
2011-10-27,3.002440929412842,11.289999961853027,11.489999771118164,10.970000267028809,11.180000305175781,97300
2011-10-28,2.981165885925293,11.210000038146973,11.25,11.100000381469727,11.180000305175781,77700
2011-10-31,2.925318956375122,11.0,11.100000381469727,10.890000343322754,11.0,119600
2011-11-01,2.6274683475494385,9.880000114440918,10.220000267028809,9.199999809265137,10.130000114440918,461900
2011-11-02,2.656721353530884,9.989999771118164,10.109999656677246,9.819999694824219,10.100000381469727,255400
2011-11-03,2.8216028213500977,10.609999656677246,10.619999885559082,10.039999961853027,10.149999618530273,457800
2011-11-04,2.779052972793579,10.449999809265137,10.550000190734863,10.119999885559082,10.470000267028809,198000
2011-11-07,2.8295810222625732,10.640000343322754,10.670000076293945,10.369999885559082,10.420000076293945,178000
2011-11-08,2.784371852874756,10.470000267028809,10.8100004196167,10.300000190734863,10.75,239300
2011-11-09,2.6859748363494873,10.100000381469727,10.390000343322754,9.899999618530273,10.130000114440918,263800
2011-11-10,2.6859748363494873,10.100000381469727,10.489999771118164,10.029999732971191,10.3100004196167,292400
2011-11-11,2.7125682830810547,10.199999809265137,10.449999809265137,10.15999984741211,10.199999809265137,191300
2011-11-14,2.7577779293060303,10.369999885559082,10.399999618530273,10.039999961853027,10.199999809265137,213300
2011-11-15,2.8588345050811768,10.75,10.84000015258789,10.140000343322754,10.289999961853027,257300
2011-11-16,2.9519128799438477,11.100000381469727,11.25,10.670000076293945,10.699999809265137,347700
2011-11-17,2.9758472442626953,11.1899995803833,11.40999984741211,11.09000015258789,11.09000015258789,301000
2011-11-18,2.9306375980377197,11.020000457763672,11.3100004196167,11.0,11.279999732971191,240100
2011-11-21,2.9492533206939697,11.09000015258789,11.130000114440918,10.789999961853027,10.800000190734863,195300
2011-11-22,2.938615560531616,11.050000190734863,11.140000343322754,10.9399995803833,11.020000457763672,129400
2011-11-23,2.8455374240875244,10.699999809265137,10.920000076293945,10.609999656677246,10.920000076293945,131400
2011-11-25,2.797668695449829,10.520000457763672,10.930000305175781,10.460000038146973,10.880000114440918,95900
2011-11-28,2.8801093101501465,10.829999923706055,11.020000457763672,10.510000228881836,10.569999694824219,243400
2011-11-29,2.8668127059936523,10.779999732971191,10.979999542236328,10.630000114440918,10.859999656677246,661000
2011-11-30,3.0077595710754395,11.3100004196167,11.3100004196167,10.979999542236328,11.130000114440918,222000
2011-12-01,3.0104188919067383,11.319999694824219,11.479999542236328,11.1899995803833,11.270000457763672,104600
2011-12-02,3.0636067390441895,11.520000457763672,11.600000381469727,11.420000076293945,11.470000267028809,77800
2011-12-05,3.143388032913208,11.819999694824219,11.960000038146973,11.640000343322754,11.739999771118164,125600
2011-12-06,3.162003517150879,11.890000343322754,12.130000114440918,11.619999885559082,11.819999694824219,221100
2011-12-07,3.2524220943450928,12.229999542236328,12.270000457763672,11.619999885559082,11.84000015258789,208100
2011-12-08,3.031694173812866,11.399999618530273,12.020000457763672,11.3100004196167,12.020000457763672,381700
2011-12-09,3.1008377075195312,11.65999984741211,11.699999809265137,11.40999984741211,11.460000038146973,169600
2011-12-12,3.050309896469116,11.470000267028809,11.5,11.229999542236328,11.430000305175781,278300
2011-12-13,3.034353494644165,11.40999984741211,11.649999618530273,11.279999732971191,11.609999656677246,125500
2011-12-14,2.9731876850128174,11.180000305175781,11.350000381469727,11.039999961853027,11.279999732971191,199600
2011-12-15,2.9758472442626953,11.1899995803833,11.380000114440918,11.100000381469727,11.369999885559082,107300
2011-12-16,2.9864842891693115,11.229999542236328,11.40999984741211,11.09000015258789,11.25,169700
2011-12-19,2.9120218753814697,10.949999809265137,11.430000305175781,10.90999984741211,11.319999694824219,145300
2011-12-20,3.0742440223693848,11.5600004196167,11.789999961853027,11.15999984741211,11.15999984741211,181000
2011-12-21,3.0955193042755127,11.640000343322754,11.710000038146973,11.460000038146973,11.529999732971191,56100
2011-12-22,3.1965761184692383,12.020000457763672,12.09000015258789,11.680000305175781,11.680000305175781,78600
2011-12-23,3.2471039295196533,12.210000038146973,12.229999542236328,12.0,12.0600004196167,110400
2011-12-27,3.255082130432129,12.239999771118164,12.300000190734863,12.109999656677246,12.109999656677246,40200
2011-12-28,3.2417850494384766,12.1899995803833,12.279999732971191,12.039999961853027,12.229999542236328,89300
2011-12-29,3.3135881423950195,12.460000038146973,12.460000038146973,12.210000038146973,12.229999542236328,98600
2011-12-30,3.3375229835510254,12.550000190734863,12.600000381469727,12.329999923706055,12.470000267028809,123000
2012-01-03,3.4279415607452393,12.890000343322754,13.0,12.729999542236328,12.890000343322754,130900
2012-01-04,3.3508200645446777,12.600000381469727,12.800000190734863,12.4399995803833,12.800000190734863,188000
2012-01-05,3.358798027038574,12.630000114440918,12.640000343322754,12.369999885559082,12.489999771118164,83200
2012-01-06,3.3561384677886963,12.619999885559082,12.699999809265137,12.489999771118164,12.619999885559082,42800
2012-01-09,3.3348636627197266,12.539999961853027,12.739999771118164,12.529999732971191,12.65999984741211,62000
2012-01-10,3.377413511276245,12.699999809265137,12.960000038146973,12.699999809265137,12.760000228881836,140100
2012-01-11,3.3694353103637695,12.670000076293945,12.869999885559082,12.579999923706055,12.600000381469727,109700
2012-01-12,3.3880515098571777,12.739999771118164,12.800000190734863,12.640000343322754,12.699999809265137,82600
2012-01-13,3.3481605052948,12.59000015258789,12.710000038146973,12.449999809265137,12.640000343322754,63400
2012-01-17,3.3268847465515137,12.510000228881836,12.800000190734863,12.449999809265137,12.699999809265137,103100
2012-01-18,3.382732629776001,12.720000267028809,12.75,12.489999771118164,12.510000228881836,76500
2012-01-19,3.393369436264038,12.760000228881836,12.880000114440918,12.720000267028809,12.760000228881836,72500
2012-01-20,3.380072832107544,12.710000038146973,12.859999656677246,12.630000114440918,12.729999542236328,50500
2012-01-23,3.342841386795044,12.569999694824219,12.829999923706055,12.520000457763672,12.65999984741211,45500
2012-01-24,3.3747544288635254,12.6899995803833,12.770000457763672,12.510000228881836,12.510000228881836,86500
2012-01-25,3.4465577602386475,12.960000038146973,12.979999542236328,12.529999732971191,12.680000305175781,167700
2012-01-26,3.4066665172576904,12.8100004196167,13.210000038146973,12.800000190734863,13.0,85200
2012-01-27,3.324225902557373,12.5,12.739999771118164,12.470000267028809,12.739999771118164,154100
2012-01-30,3.27103853225708,12.300000190734863,12.470000267028809,12.260000228881836,12.4399995803833,106100
2012-01-31,3.21785044670105,12.100000381469727,12.390000343322754,12.020000457763672,12.380000114440918,266100
2012-02-01,3.201894521713257,12.039999961853027,12.34000015258789,11.859999656677246,12.279999732971191,231700
2012-02-02,3.2258286476135254,12.130000114440918,12.270000457763672,12.069999694824219,12.09000015258789,71100
2012-02-03,3.3135881423950195,12.460000038146973,12.5,12.1899995803833,12.329999923706055,158300
2012-02-06,3.321566581726074,12.489999771118164,12.489999771118164,12.279999732971191,12.359999656677246,66000
2012-02-07,3.329545021057129,12.520000457763672,12.630000114440918,12.40999984741211,12.430000305175781,69800
2012-02-08,3.3481605052948,12.59000015258789,12.640000343322754,12.470000267028809,12.539999961853027,76100
2012-02-09,3.342841386795044,12.569999694824219,12.600000381469727,12.369999885559082,12.579999923706055,73000
2012-02-10,3.255082130432129,12.239999771118164,12.4399995803833,12.239999771118164,12.40999984741211,85100
2012-02-13,3.2577414512634277,12.25,12.369999885559082,12.239999771118164,12.319999694824219,75100
2012-02-14,3.233807325363159,12.15999984741211,12.239999771118164,12.069999694824219,12.229999542236328,219200
2012-02-15,3.27103853225708,12.300000190734863,12.489999771118164,12.15999984741211,12.180000305175781,162400
2012-02-16,3.3508200645446777,12.600000381469727,12.649999618530273,12.3100004196167,12.34000015258789,83200
2012-02-17,3.3561384677886963,12.619999885559082,12.670000076293945,12.460000038146973,12.619999885559082,86400
2012-02-21,3.2444448471069336,12.199999809265137,12.90999984741211,11.699999809265137,12.880000114440918,231800
2012-02-22,3.2444448471069336,12.199999809265137,12.239999771118164,11.720000267028809,12.170000076293945,257000
2012-02-23,3.2763571739196777,12.319999694824219,12.420000076293945,12.010000228881836,12.170000076293945,80000
2012-02-24,3.1699821949005127,11.920000076293945,12.399999618530273,11.859999656677246,12.350000381469727,253500
2012-02-27,3.5183606147766113,13.229999542236328,13.380000114440918,12.119999885559082,12.119999885559082,603800
2012-02-28,3.467832565307617,13.039999961853027,13.319999694824219,12.069999694824219,12.550000190734863,5150400
2012-02-29,3.5183606147766113,13.229999542236328,13.4399995803833,12.819999694824219,13.09000015258789,798200
2012-03-01,3.784298896789551,14.229999542236328,14.859999656677246,14.079999923706055,14.079999923706055,2428600
2012-03-02,3.7816390991210938,14.220000267028809,14.420000076293945,14.0600004196167,14.350000381469727,1704000
2012-03-05,3.8055737018585205,14.3100004196167,14.880000114440918,14.25,14.25,668300
2012-03-06,3.6061201095581055,13.5600004196167,14.319999694824219,13.40999984741211,13.930000305175781,840200
2012-03-07,3.5901639461517334,13.5,13.619999885559082,13.270000457763672,13.619999885559082,524200
2012-03-08,3.65132999420166,13.729999542236328,13.880000114440918,13.449999809265137,13.5,814700
2012-03-09,3.65398907661438,13.739999771118164,13.829999923706055,13.489999771118164,13.670000076293945,495600
2012-03-12,3.630054473876953,13.649999618530273,13.899999618530273,13.510000228881836,13.579999923706055,305500
2012-03-13,3.691220283508301,13.880000114440918,14.010000228881836,13.5600004196167,13.59000015258789,298000
2012-03-14,3.709836006164551,13.949999809265137,14.029999732971191,13.8100004196167,13.84000015258789,279800
2012-03-15,3.818871021270752,14.359999656677246,14.390000343322754,13.859999656677246,14.0,529500
2012-03-16,3.6310875415802,7.869999885559082,8.350000381469727,7.800000190734863,8.020000457763672,1579600
2012-03-19,3.6956818103790283,8.010000228881836,8.149999618530273,7.880000114440918,7.880000114440918,884200
2012-03-20,3.7787303924560547,8.1899995803833,8.1899995803833,7.800000190734863,8.140000343322754,806500
2012-03-21,3.7002949714660645,8.020000457763672,8.229999542236328,8.0,8.15999984741211,296000
2012-03-22,3.6956818103790283,8.010000228881836,8.119999885559082,7.909999847412109,7.96999979019165,352600
2012-03-23,3.6910674571990967,8.0,8.020000457763672,7.869999885559082,7.960000038146973,234900
2012-03-26,3.6449289321899414,7.900000095367432,8.09000015258789,7.869999885559082,8.079999923706055,391800
2012-03-27,3.6910674571990967,8.0,8.050000190734863,7.840000152587891,7.900000095367432,347900
2012-03-28,3.626474618911743,7.860000133514404,7.989999771118164,7.829999923706055,7.96999979019165,176900
2012-03-29,3.6218600273132324,7.849999904632568,7.920000076293945,7.760000228881836,7.820000171661377,278800
2012-03-30,3.6818394660949707,7.980000019073486,7.980000019073486,7.800000190734863,7.889999866485596,452200
2012-04-02,3.7002949714660645,8.020000457763672,8.109999656677246,7.940000057220459,7.940000057220459,370600
2012-04-03,3.797185182571411,8.229999542236328,8.40999984741211,8.0600004196167,8.069999694824219,595900
2012-04-04,3.6633846759796143,7.940000057220459,8.140000343322754,7.760000228881836,8.119999885559082,1985700
2012-04-05,3.7233641147613525,8.069999694824219,8.109999656677246,7.800000190734863,7.880000114440918,497500
2012-04-09,3.6910674571990967,8.0,8.029999732971191,7.880000114440918,7.960000038146973,363500
2012-04-10,3.395782232284546,7.360000133514404,7.869999885559082,7.340000152587891,7.869999885559082,696700
2012-04-11,3.506514072418213,7.599999904632568,7.619999885559082,7.409999847412109,7.480000019073486,345200
2012-04-12,3.534196615219116,7.659999847412109,7.730000019073486,7.570000171661377,7.619999885559082,198100
2012-04-13,3.4603755474090576,7.5,7.710000038146973,7.480000019073486,7.630000114440918,241700
2012-04-16,3.432692527770996,7.440000057220459,7.690000057220459,7.360000133514404,7.559999942779541,262900
2012-04-17,3.488058567047119,7.559999942779541,7.590000152587891,7.480000019073486,7.510000228881836,286100
2012-04-18,3.4234650135040283,7.420000076293945,7.590000152587891,7.409999847412109,7.489999771118164,155700
2012-04-19,3.4373066425323486,7.449999809265137,7.539999961853027,7.360000133514404,7.460000038146973,161800
2012-04-20,3.4373066425323486,7.449999809265137,7.570000171661377,7.429999828338623,7.480000019073486,118900
2012-04-23,3.395782232284546,7.360000133514404,7.440000057220459,7.289999961853027,7.380000114440918,195100
2012-04-24,3.3819406032562256,7.329999923706055,7.46999979019165,7.309999942779541,7.329999923706055,239100
2012-04-25,3.4142379760742188,7.400000095367432,7.5,7.349999904632568,7.440000057220459,248700
2012-04-26,3.441920518875122,7.460000038146973,7.510000228881836,7.380000114440918,7.420000076293945,360100
2012-04-27,3.5019004344940186,7.590000152587891,7.599999904632568,7.429999828338623,7.5,242100
2012-04-30,3.4926726818084717,7.570000171661377,7.599999904632568,7.510000228881836,7.579999923706055,3729900
2012-05-01,3.4373066425323486,7.449999809265137,7.610000133514404,7.449999809265137,7.570000171661377,288800
2012-05-02,3.400395631790161,7.369999885559082,7.46999979019165,7.340000152587891,7.440000057220459,177000
2012-05-03,3.409623622894287,7.389999866485596,7.489999771118164,7.28000020980835,7.369999885559082,310200
2012-05-04,3.2389121055603027,7.019999980926514,7.300000190734863,6.46999979019165,7.300000190734863,1074300
2012-05-07,3.2804360389709473,7.110000133514404,7.119999885559082,6.789999961853027,6.980000019073486,546000
2012-05-08,3.2850496768951416,7.119999885559082,7.159999847412109,6.940000057220459,7.03000020980835,450900
2012-05-09,3.3173470497131348,7.190000057220459,7.239999771118164,6.949999809265137,6.989999771118164,363200
2012-05-10,3.275822401046753,7.099999904632568,7.320000171661377,7.010000228881836,7.28000020980835,332200
2012-05-11,3.243525981903076,7.03000020980835,7.059999942779541,6.940000057220459,6.989999771118164,241000
2012-05-14,3.165090322494507,6.860000133514404,6.949999809265137,6.829999923706055,6.920000076293945,237200
2012-05-15,3.211228609085083,6.960000038146973,7.03000020980835,6.880000114440918,6.880000114440918,305600
2012-05-16,3.1281795501708984,6.78000020980835,7.019999980926514,6.78000020980835,7.0,285200
2012-05-17,3.0497446060180664,6.610000133514404,6.730000019073486,6.539999961853027,6.630000114440918,356500
2012-05-18,3.012834072113037,6.53000020980835,6.690000057220459,6.449999809265137,6.659999847412109,224100
2012-05-21,3.035902976989746,6.579999923706055,6.619999885559082,6.46999979019165,6.550000190734863,161400
2012-05-22,3.022061586380005,6.550000190734863,6.650000095367432,6.5,6.630000114440918,197500
2012-05-23,3.022061586380005,6.550000190734863,6.559999942779541,6.320000171661377,6.519999980926514,175000
2012-05-24,3.0405166149139404,6.590000152587891,6.590000152587891,6.449999809265137,6.570000171661377,180200
2012-05-25,3.003606081008911,6.510000228881836,6.619999885559082,6.409999847412109,6.559999942779541,199400
2012-05-29,2.9759228229522705,6.449999809265137,6.510000228881836,6.139999866485596,6.380000114440918,598600
2012-05-30,2.902101755142212,6.289999961853027,6.429999828338623,6.159999847412109,6.380000114440918,1073900
2012-05-31,2.9067156314849854,6.300000190734863,6.309999942779541,6.110000133514404,6.28000020980835,408500
2012-06-01,2.8375084400177,6.150000095367432,6.25,6.050000190734863,6.119999885559082,556100
2012-06-04,2.8098251819610596,6.090000152587891,6.199999809265137,5.96999979019165,6.150000095367432,322000
2012-06-05,2.8098251819610596,6.090000152587891,6.199999809265137,5.900000095367432,6.090000152587891,248700
2012-06-06,2.9067156314849854,6.300000190734863,6.320000171661377,6.039999961853027,6.130000114440918,235800
2012-06-07,2.9205567836761475,6.329999923706055,6.449999809265137,6.300000190734863,6.409999847412109,264100
2012-06-08,2.9528536796569824,6.400000095367432,6.400000095367432,5.909999847412109,5.989999771118164,363200
2012-06-11,2.869805335998535,6.21999979019165,6.46999979019165,6.21999979019165,6.440000057220459,297300
2012-06-12,2.846736192703247,6.170000076293945,6.289999961853027,6.039999961853027,6.289999961853027,308900
2012-06-13,2.7775282859802246,6.019999980926514,6.190000057220459,6.0,6.159999847412109,414000
2012-06-14,2.768300771713257,6.0,6.079999923706055,5.920000076293945,5.989999771118164,306400
2012-06-15,2.7867558002471924,6.039999961853027,6.079999923706055,5.960000038146973,6.0,320000
2012-06-18,2.768300771713257,6.0,6.050000190734863,5.960000038146973,6.050000190734863,311500
2012-06-19,2.8513495922088623,6.179999828338623,6.199999809265137,6.039999961853027,6.050000190734863,377200
2012-06-20,2.8974878787994385,6.28000020980835,6.28000020980835,6.159999847412109,6.159999847412109,259700
2012-06-21,2.8190529346466064,6.110000133514404,6.289999961853027,6.090000152587891,6.289999961853027,99600
2012-06-22,2.8882601261138916,6.260000228881836,6.289999961853027,6.070000171661377,6.150000095367432,431700
2012-06-25,2.8098251819610596,6.090000152587891,6.170000076293945,6.070000171661377,6.170000076293945,152000
2012-06-26,2.8190529346466064,6.110000133514404,6.150000095367432,6.010000228881836,6.099999904632568,217700
2012-06-27,2.828280448913574,6.130000114440918,6.150000095367432,6.070000171661377,6.150000095367432,223500
2012-06-28,2.7775282859802246,6.019999980926514,6.139999866485596,5.949999809265137,6.050000190734863,173500
2012-06-29,2.7775282859802246,6.019999980926514,6.119999885559082,5.96999979019165,6.119999885559082,295900
2012-07-02,2.791369915008545,6.050000190734863,6.159999847412109,5.940000057220459,6.019999980926514,487100
2012-07-03,2.7729146480560303,6.010000228881836,6.059999942779541,5.710000038146973,6.019999980926514,662400
2012-07-05,2.703706979751587,5.860000133514404,6.079999923706055,5.639999866485596,6.019999980926514,1388700
2012-07-06,2.6898653507232666,5.829999923706055,5.880000114440918,5.760000228881836,5.869999885559082,371300
2012-07-09,2.6114301681518555,5.659999847412109,5.840000152587891,5.630000114440918,5.71999979019165,223600
2012-07-10,2.583747386932373,5.599999904632568,5.739999771118164,5.440000057220459,5.739999771118164,270700
2012-07-11,2.5376088619232178,5.5,5.650000095367432,5.449999809265137,5.579999923706055,178500
2012-07-12,2.46378755569458,5.340000152587891,5.510000228881836,5.300000190734863,5.440000057220459,149100
2012-07-13,2.4222629070281982,5.25,5.460000038146973,5.239999771118164,5.389999866485596,174800
2012-07-16,2.343827962875366,5.079999923706055,5.119999885559082,4.75,4.75,375800
2012-07-17,2.4222629070281982,5.25,5.260000228881836,4.949999809265137,5.059999942779541,478600
2012-07-18,2.403808116912842,5.210000038146973,5.269999980926514,5.159999847412109,5.210000038146973,344800
2012-07-19,2.362283229827881,5.119999885559082,5.21999979019165,5.010000228881836,5.170000076293945,470900
2012-07-20,2.362283229827881,5.119999885559082,5.170000076293945,5.03000020980835,5.099999904632568,239200
2012-07-23,2.3253722190856934,5.039999961853027,5.130000114440918,5.010000228881836,5.070000171661377,316700
2012-07-24,2.2930757999420166,4.96999979019165,5.079999923706055,4.900000095367432,5.079999923706055,171000
2012-07-25,2.256165027618408,4.889999866485596,5.059999942779541,4.809999942779541,4.96999979019165,320800
2012-07-26,2.2607789039611816,4.900000095367432,5.039999961853027,4.769999980926514,4.96999979019165,309900
2012-07-27,2.2930757999420166,4.96999979019165,5.050000190734863,4.869999885559082,4.949999809265137,383100
2012-07-30,2.316145181655884,5.019999980926514,5.059999942779541,4.849999904632568,5.0,357200
2012-07-31,2.3345999717712402,5.059999942779541,5.059999942779541,4.929999828338623,4.980000019073486,417100
2012-08-01,2.288461685180664,4.960000038146973,5.070000171661377,4.909999847412109,5.070000171661377,326400
2012-08-02,2.1638882160186768,4.690000057220459,4.989999771118164,4.480000019073486,4.519999980926514,581200
2012-08-03,2.2930757999420166,4.96999979019165,5.010000228881836,4.670000076293945,4.760000228881836,319700
2012-08-06,2.2469372749328613,4.869999885559082,5.050000190734863,4.860000133514404,5.0,204000
2012-08-07,2.343827962875366,5.079999923706055,5.119999885559082,4.889999866485596,4.889999866485596,178100
2012-08-08,2.496084451675415,5.409999847412109,5.480000019073486,5.010000228881836,5.010000228881836,299300
2012-08-09,2.46378755569458,5.340000152587891,5.53000020980835,5.300000190734863,5.409999847412109,312100
2012-08-10,2.417649030685425,5.239999771118164,5.360000133514404,5.130000114440918,5.349999904632568,164600
2012-08-13,2.353055238723755,5.099999904632568,5.239999771118164,5.019999980926514,5.199999809265137,160600
2012-08-14,2.3115313053131104,5.010000228881836,5.150000095367432,4.940000057220459,5.150000095367432,187500
2012-08-15,2.3345999717712402,5.059999942779541,5.070000171661377,4.960000038146973,5.03000020980835,133100
2012-08-16,2.339214324951172,5.070000171661377,5.159999847412109,4.96999979019165,5.070000171661377,207700
2012-08-17,2.274620294570923,4.929999828338623,5.119999885559082,4.900000095367432,5.059999942779541,150600
2012-08-20,2.339214324951172,5.070000171661377,5.070000171661377,4.889999866485596,4.940000057220459,200000
2012-08-21,2.362283229827881,5.119999885559082,5.260000228881836,5.079999923706055,5.079999923706055,152500
2012-08-22,2.362283229827881,5.119999885559082,5.159999847412109,5.019999980926514,5.099999904632568,159000
2012-08-23,2.3345999717712402,5.059999942779541,5.159999847412109,5.0,5.119999885559082,187900
2012-08-24,2.329986333847046,5.050000190734863,5.079999923706055,4.96999979019165,5.0,234300
2012-08-27,2.3115313053131104,5.010000228881836,5.050000190734863,4.900000095367432,5.039999961853027,241300
2012-08-28,2.353055238723755,5.099999904632568,5.199999809265137,4.929999828338623,5.019999980926514,437500
2012-08-29,2.3899660110473633,5.179999828338623,5.21999979019165,5.099999904632568,5.119999885559082,164600
2012-08-30,2.38535213470459,5.170000076293945,5.179999828338623,5.070000171661377,5.159999847412109,126200
2012-08-31,2.4222629070281982,5.25,5.28000020980835,5.179999828338623,5.210000038146973,138200
2012-09-04,2.4591736793518066,5.329999923706055,5.340000152587891,5.090000152587891,5.25,182100
2012-09-05,2.454559803009033,5.320000171661377,5.389999866485596,5.230000019073486,5.329999923706055,132000
2012-09-06,2.4453322887420654,5.300000190734863,5.389999866485596,5.170000076293945,5.360000133514404,178900
2012-09-07,2.482243061065674,5.380000114440918,5.389999866485596,5.239999771118164,5.349999904632568,98200
2012-09-10,2.482243061065674,5.380000114440918,5.380000114440918,5.309999942779541,5.329999923706055,120000
2012-09-11,2.394580125808716,5.190000057220459,5.380000114440918,5.090000152587891,5.380000114440918,352900
2012-09-12,2.4684011936187744,5.349999904632568,5.369999885559082,5.119999885559082,5.130000114440918,149900
2012-09-13,2.4914708137512207,5.400000095367432,5.449999809265137,5.309999942779541,5.340000152587891,219600
2012-09-14,2.6575686931610107,5.760000228881836,5.769999980926514,5.429999828338623,5.429999828338623,248200
2012-09-17,2.5468366146087646,5.519999980926514,5.739999771118164,5.480000019073486,5.739999771118164,193100
2012-09-18,2.5145394802093506,5.449999809265137,5.53000020980835,5.409999847412109,5.53000020980835,198700
2012-09-19,2.46378755569458,5.340000152587891,5.5,5.320000171661377,5.449999809265137,124300
2012-09-20,2.4684011936187744,5.349999904632568,5.420000076293945,5.289999961853027,5.349999904632568,325400
2012-09-21,2.768300771713257,6.0,6.050000190734863,5.400000095367432,5.400000095367432,591700
2012-09-24,2.726776361465454,5.909999847412109,6.070000171661377,5.800000190734863,6.070000171661377,332300
2012-09-25,2.6990928649902344,5.849999904632568,6.079999923706055,5.840000152587891,5.900000095367432,389600
2012-09-26,2.542222738265991,5.510000228881836,5.889999866485596,5.449999809265137,5.829999923706055,449300
2012-09-27,2.6806375980377197,5.809999942779541,5.809999942779541,5.46999979019165,5.5,294600
2012-09-28,2.75907301902771,5.980000019073486,6.03000020980835,5.670000076293945,5.800000190734863,421300
2012-10-01,2.7360036373138428,5.929999828338623,6.070000171661377,5.670000076293945,6.03000020980835,398900
2012-10-02,2.7221624851226807,5.900000095367432,5.989999771118164,5.760000228881836,5.920000076293945,243400
2012-10-03,2.694479465484619,5.840000152587891,5.929999828338623,5.730000019073486,5.909999847412109,197900
2012-10-04,2.7544591426849365,5.96999979019165,6.0,5.820000171661377,5.880000114440918,187100
2012-10-05,2.62988543510437,5.699999809265137,6.010000228881836,5.659999847412109,6.010000228881836,237500
2012-10-08,2.6760241985321045,5.800000190734863,5.840000152587891,5.610000133514404,5.610000133514404,196800
2012-10-09,2.6437268257141113,5.730000019073486,5.78000020980835,5.650000095367432,5.78000020980835,121000
2012-10-10,2.7129342555999756,5.880000114440918,5.96999979019165,5.690000057220459,5.78000020980835,250500
2012-10-11,2.782142162322998,6.03000020980835,6.039999961853027,5.769999980926514,5.889999866485596,225900
2012-10-12,2.768300771713257,6.0,6.019999980926514,5.869999885559082,6.010000228881836,759300
2012-10-15,2.8928744792938232,6.269999980926514,6.28000020980835,6.0,6.019999980926514,167900
2012-10-16,3.0312891006469727,6.570000171661377,6.599999904632568,6.320000171661377,6.329999923706055,378700
2012-10-17,3.0497446060180664,6.610000133514404,6.659999847412109,6.460000038146973,6.539999961853027,193800
2012-10-18,3.045130729675293,6.599999904632568,6.710000038146973,6.519999980926514,6.630000114440918,175000
2012-10-19,2.9759228229522705,6.449999809265137,6.579999923706055,6.400000095367432,6.570000171661377,259800
2012-10-22,3.003606081008911,6.510000228881836,6.510000228881836,6.349999904632568,6.420000076293945,282000
2012-10-23,2.9620816707611084,6.420000076293945,6.489999771118164,6.199999809265137,6.489999771118164,223900
2012-10-24,2.9943783283233643,6.489999771118164,6.510000228881836,6.380000114440918,6.460000038146973,271800
2012-10-25,2.934398889541626,6.360000133514404,6.590000152587891,6.320000171661377,6.519999980926514,303300
2012-10-26,3.045130729675293,6.599999904632568,6.619999885559082,6.309999942779541,6.409999847412109,312800
2012-10-31,3.0728135108947754,6.659999847412109,6.820000171661377,6.519999980926514,6.590000152587891,377100
2012-11-01,3.1604762077331543,6.849999904632568,6.860000133514404,6.590000152587891,6.630000114440918,425900
2012-11-02,3.0589725971221924,6.630000114440918,6.829999923706055,6.309999942779541,6.75,705900
2012-11-05,3.123565912246704,6.769999980926514,6.840000152587891,6.610000133514404,6.650000095367432,372500
2012-11-06,3.1420211791992188,6.809999942779541,6.880000114440918,6.659999847412109,6.75,216900
2012-11-07,3.1051106452941895,6.730000019073486,6.809999942779541,6.619999885559082,6.690000057220459,213200
2012-11-08,3.1189522743225098,6.760000228881836,6.769999980926514,6.639999866485596,6.670000076293945,298000
2012-11-09,3.1097240447998047,6.739999771118164,6.820000171661377,6.639999866485596,6.679999828338623,301100
2012-11-12,3.1189522743225098,6.760000228881836,6.800000190734863,6.650000095367432,6.769999980926514,173100
2012-11-13,3.1051106452941895,6.730000019073486,6.78000020980835,6.679999828338623,6.760000228881836,158300
2012-11-14,3.1097240447998047,6.739999771118164,6.75,6.670000076293945,6.739999771118164,458700
2012-11-15,3.0174477100372314,6.539999961853027,6.769999980926514,6.5,6.71999979019165,151500
2012-11-16,3.0082199573516846,6.519999980926514,6.550000190734863,6.46999979019165,6.5,97000
2012-11-19,3.0312891006469727,6.570000171661377,6.699999809265137,6.550000190734863,6.590000152587891,197100
2012-11-20,3.0174477100372314,6.539999961853027,6.619999885559082,6.400000095367432,6.539999961853027,330800
2012-11-21,2.9989922046661377,6.5,6.579999923706055,6.449999809265137,6.510000228881836,145100
2012-11-23,3.026675224304199,6.559999942779541,6.579999923706055,6.449999809265137,6.460000038146973,74000
2012-11-26,3.022061586380005,6.550000190734863,6.659999847412109,6.5,6.559999942779541,282000
2012-11-27,3.003606081008911,6.510000228881836,6.639999866485596,6.440000057220459,6.489999771118164,109200
2012-11-28,3.012834072113037,6.53000020980835,6.550000190734863,6.440000057220459,6.460000038146973,148100
2012-11-29,3.0405166149139404,6.590000152587891,6.670000076293945,6.510000228881836,6.510000228881836,108800
2012-11-30,2.9989922046661377,6.5,6.619999885559082,6.449999809265137,6.619999885559082,305400
2012-12-03,2.9390125274658203,6.369999885559082,6.539999961853027,6.360000133514404,6.510000228881836,156400
2012-12-04,2.989764928817749,6.480000019073486,6.480000019073486,6.329999923706055,6.360000133514404,113400
2012-12-05,2.9989922046661377,6.5,6.539999961853027,6.380000114440918,6.46999979019165,126900
2012-12-06,2.9989922046661377,6.5,6.579999923706055,6.389999866485596,6.460000038146973,125400
2012-12-07,3.1512489318847656,6.829999923706055,6.849999904632568,6.519999980926514,6.570000171661377,99800
2012-12-10,3.1835455894470215,6.900000095367432,6.929999828338623,6.739999771118164,6.860000133514404,117700
2012-12-11,3.23429799079895,7.010000228881836,7.110000133514404,6.900000095367432,6.900000095367432,114500
2012-12-12,3.1835455894470215,6.900000095367432,7.050000190734863,6.889999866485596,7.050000190734863,192800
2012-12-13,3.1604762077331543,6.849999904632568,7.039999961853027,6.800000190734863,6.860000133514404,125400
2012-12-14,3.1604762077331543,6.849999904632568,6.909999847412109,6.659999847412109,6.800000190734863,100800
2012-12-17,3.155863046646118,6.840000152587891,6.960000038146973,6.800000190734863,6.929999828338623,99200
2012-12-18,3.298891544342041,7.150000095367432,7.179999828338623,6.900000095367432,6.909999847412109,108500
2012-12-19,3.275822401046753,7.099999904632568,7.179999828338623,6.900000095367432,7.110000133514404,72900
2012-12-20,3.3265748023986816,7.210000038146973,7.210000038146973,7.099999904632568,7.130000114440918,69200
2012-12-21,3.2389121055603027,7.019999980926514,7.110000133514404,6.860000133514404,7.110000133514404,173400
2012-12-24,3.23429799079895,7.010000228881836,7.019999980926514,6.960000038146973,6.989999771118164,28700
2012-12-26,3.1466352939605713,6.820000171661377,7.019999980926514,6.789999961853027,6.989999771118164,65800
2012-12-27,3.1697044372558594,6.869999885559082,6.940000057220459,6.71999979019165,6.809999942779541,69000
2012-12-28,3.211228609085083,6.960000038146973,6.989999771118164,6.739999771118164,6.860000133514404,131300
2012-12-31,3.2389121055603027,7.019999980926514,7.099999904632568,6.889999866485596,6.889999866485596,175900
2013-01-02,3.243525981903076,7.03000020980835,7.239999771118164,6.96999979019165,7.150000095367432,220300
2013-01-03,3.2850496768951416,7.119999885559082,7.159999847412109,6.840000152587891,6.849999904632568,489000
2013-01-04,3.252753257751465,7.050000190734863,7.170000076293945,6.989999771118164,6.989999771118164,740500
2013-01-07,3.4142379760742188,7.400000095367432,7.409999847412109,7.050000190734863,7.059999942779541,345300
2013-01-08,3.321960210800171,7.199999809265137,7.489999771118164,7.190000057220459,7.440000057220459,130500
2013-01-09,3.4142379760742188,7.400000095367432,7.460000038146973,7.179999828338623,7.179999828338623,149000
2013-01-10,3.400395631790161,7.369999885559082,7.489999771118164,7.28000020980835,7.489999771118164,116700
2013-01-11,3.2712087631225586,7.090000152587891,7.5,7.070000171661377,7.349999904632568,196700
2013-01-14,3.321960210800171,7.199999809265137,7.260000228881836,7.079999923706055,7.079999923706055,96400
2013-01-15,3.23429799079895,7.010000228881836,7.179999828338623,6.980000019073486,7.179999828338623,154800
2013-01-16,3.2573671340942383,7.059999942779541,7.119999885559082,6.909999847412109,7.0,190000
2013-01-17,3.4788315296173096,7.539999961853027,7.630000114440918,7.179999828338623,7.179999828338623,1183600
2013-01-18,3.4788315296173096,7.539999961853027,7.659999847412109,7.420000076293945,7.539999961853027,336000
2013-01-22,3.5987908840179443,7.800000190734863,7.820000171661377,7.53000020980835,7.53000020980835,166100
2013-01-23,3.534196615219116,7.659999847412109,7.800000190734863,7.630000114440918,7.760000228881836,74600
2013-01-24,3.4696030616760254,7.519999980926514,7.710000038146973,7.389999866485596,7.639999866485596,148300
2013-01-25,3.497286081314087,7.579999923706055,7.599999904632568,7.440000057220459,7.570000171661377,171000
2013-01-28,3.4926726818084717,7.570000171661377,7.650000095367432,7.519999980926514,7.599999904632568,93600
2013-01-29,3.4926726818084717,7.570000171661377,7.610000133514404,7.510000228881836,7.590000152587891,200200
2013-01-30,3.432692527770996,7.440000057220459,7.610000133514404,7.400000095367432,7.610000133514404,124500
2013-01-31,3.4603755474090576,7.5,7.590000152587891,7.349999904632568,7.449999809265137,311900
2013-02-01,3.4603755474090576,7.5,7.610000133514404,7.449999809265137,7.570000171661377,284000
2013-02-04,3.4373066425323486,7.449999809265137,7.550000190734863,7.400000095367432,7.400000095367432,147200
2013-02-05,3.464989423751831,7.510000228881836,7.570000171661377,7.449999809265137,7.5,169600
2013-02-06,3.464989423751831,7.510000228881836,7.559999942779541,7.489999771118164,7.519999980926514,113200
2013-02-07,3.4696030616760254,7.519999980926514,7.550000190734863,7.480000019073486,7.53000020980835,149500
2013-02-08,3.4788315296173096,7.539999961853027,7.590000152587891,7.489999771118164,7.5,164500
2013-02-11,3.483445167541504,7.550000190734863,7.550000190734863,7.369999885559082,7.519999980926514,141700
2013-02-12,3.474217176437378,7.53000020980835,7.579999923706055,7.510000228881836,7.53000020980835,88100
2013-02-13,3.4926726818084717,7.570000171661377,7.579999923706055,7.46999979019165,7.570000171661377,142900
2013-02-14,3.497286081314087,7.579999923706055,7.610000133514404,7.46999979019165,7.570000171661377,188900
2013-02-15,3.506514072418213,7.599999904632568,7.630000114440918,7.53000020980835,7.599999904632568,124500
2013-02-19,3.506514072418213,7.599999904632568,7.679999828338623,7.510000228881836,7.630000114440918,778800
2013-02-20,3.483445167541504,7.550000190734863,7.849999904632568,7.440000057220459,7.849999904632568,438500
2013-02-21,3.515742063522339,7.619999885559082,7.639999866485596,7.460000038146973,7.539999961853027,170900
2013-02-22,3.455761671066284,7.489999771118164,7.670000076293945,7.380000114440918,7.619999885559082,206600
2013-02-25,3.409623622894287,7.389999866485596,7.519999980926514,7.349999904632568,7.489999771118164,227900
2013-02-26,3.409623622894287,7.389999866485596,7.460000038146973,7.349999904632568,7.389999866485596,113300
2013-02-27,3.483445167541504,7.550000190734863,7.559999942779541,7.360000133514404,7.360000133514404,171300
2013-02-28,3.506514072418213,7.599999904632568,7.679999828338623,7.550000190734863,7.599999904632568,164500
2013-03-01,3.474217176437378,7.53000020980835,7.579999923706055,7.409999847412109,7.550000190734863,210700
2013-03-04,3.5111277103424072,7.610000133514404,7.639999866485596,7.53000020980835,7.53000020980835,130500
2013-03-05,3.52958345413208,7.650000095367432,7.760000228881836,7.519999980926514,7.519999980926514,148400
2013-03-06,3.5249695777893066,7.639999866485596,7.690000057220459,7.510000228881836,7.630000114440918,107500
2013-03-07,3.520355463027954,7.630000114440918,7.71999979019165,7.610000133514404,7.679999828338623,137900
2013-03-08,3.5480387210845947,7.690000057220459,7.75,7.630000114440918,7.679999828338623,262200
2013-03-11,3.575721502304077,7.75,7.78000020980835,7.630000114440918,7.71999979019165,205100
2013-03-12,3.575721502304077,7.75,7.880000114440918,7.710000038146973,7.789999961853027,165100
2013-03-13,3.5803353786468506,7.760000228881836,7.769999980926514,7.730000019073486,7.769999980926514,77100
2013-03-14,3.5711076259613037,7.739999771118164,7.849999904632568,7.699999809265137,7.800000190734863,140500
2013-03-15,3.6034045219421387,7.809999942779541,7.809999942779541,7.670000076293945,7.739999771118164,168800
2013-03-18,3.5803353786468506,7.760000228881836,7.820000171661377,7.71999979019165,7.730000019073486,79700
2013-03-19,3.5711076259613037,7.739999771118164,7.820000171661377,7.679999828338623,7.760000228881836,32100
2013-03-20,3.561880111694336,7.71999979019165,7.840000152587891,7.699999809265137,7.809999942779541,62300
2013-03-21,3.538811206817627,7.670000076293945,7.789999961853027,7.619999885559082,7.659999847412109,101800
2013-03-22,3.455761671066284,7.489999771118164,7.71999979019165,7.360000133514404,7.710000038146973,290000
2013-03-25,3.488058567047119,7.559999942779541,7.579999923706055,7.420000076293945,7.519999980926514,131200
2013-03-26,3.534196615219116,7.659999847412109,7.760000228881836,7.510000228881836,7.590000152587891,229000
2013-03-27,3.4696030616760254,7.519999980926514,7.610000133514404,7.480000019073486,7.610000133514404,67500
2013-03-28,3.455761671066284,7.489999771118164,7.550000190734863,7.449999809265137,7.519999980926514,149400
2013-04-01,3.400395631790161,7.369999885559082,7.489999771118164,7.340000152587891,7.46999979019165,82400
2013-04-02,3.418851137161255,7.409999847412109,7.420000076293945,7.260000228881836,7.349999904632568,399700
2013-04-03,3.483445167541504,7.550000190734863,7.699999809265137,7.340000152587891,7.440000057220459,896000
2013-04-04,3.441920518875122,7.460000038146973,7.570000171661377,7.449999809265137,7.53000020980835,127600
2013-04-05,3.441920518875122,7.460000038146973,7.480000019073486,7.380000114440918,7.380000114440918,76900
2013-04-08,3.5111277103424072,7.610000133514404,7.650000095367432,7.409999847412109,7.429999828338623,84700
2013-04-09,3.52958345413208,7.650000095367432,7.71999979019165,7.489999771118164,7.659999847412109,181200
2013-04-10,3.474217176437378,7.53000020980835,7.71999979019165,7.5,7.679999828338623,132100
2013-04-11,3.4696030616760254,7.519999980926514,7.570000171661377,7.440000057220459,7.440000057220459,112700
2013-04-12,3.488058567047119,7.559999942779541,7.579999923706055,7.360000133514404,7.429999828338623,117900
2013-04-15,3.3911685943603516,7.349999904632568,7.559999942779541,7.329999923706055,7.539999961853027,207200
2013-04-16,3.3819406032562256,7.329999923706055,7.429999828338623,7.28000020980835,7.420000076293945,96400
2013-04-17,3.3127331733703613,7.179999828338623,7.309999942779541,7.139999866485596,7.269999980926514,75000
2013-04-18,3.275822401046753,7.099999904632568,7.21999979019165,7.099999904632568,7.21999979019165,147700
2013-04-19,3.3127331733703613,7.179999828338623,7.210000038146973,7.079999923706055,7.139999866485596,57300
2013-04-22,3.3127331733703613,7.179999828338623,7.239999771118164,7.019999980926514,7.210000038146973,99500
2013-04-23,3.3404159545898438,7.239999771118164,7.349999904632568,7.210000038146973,7.230000019073486,204500
2013-04-24,3.3588716983795166,7.28000020980835,7.329999923706055,7.230000019073486,7.230000019073486,132600
2013-04-25,3.386554479598999,7.340000152587891,7.389999866485596,7.289999961853027,7.320000171661377,38000
2013-04-26,3.3680989742279053,7.300000190734863,7.420000076293945,7.300000190734863,7.389999866485596,109600
2013-04-29,3.3404159545898438,7.239999771118164,7.389999866485596,7.230000019073486,7.349999904632568,128500
2013-04-30,3.3358023166656494,7.230000019073486,7.269999980926514,7.170000076293945,7.269999980926514,85400
2013-05-01,3.321960210800171,7.199999809265137,7.25,7.099999904632568,7.159999847412109,644900
2013-05-02,3.363485336303711,7.289999961853027,7.329999923706055,7.190000057220459,7.21999979019165,42500
2013-05-03,3.321960210800171,7.199999809265137,7.5,7.170000076293945,7.360000133514404,165000
2013-05-06,3.354257583618164,7.269999980926514,7.289999961853027,7.150000095367432,7.21999979019165,72200
2013-05-07,3.3404159545898438,7.239999771118164,7.289999961853027,7.170000076293945,7.260000228881836,78600
2013-05-08,3.5019004344940186,7.590000152587891,7.800000190734863,7.150000095367432,7.190000057220459,772600
2013-05-09,3.506514072418213,7.599999904632568,7.659999847412109,7.550000190734863,7.610000133514404,197800
2013-05-10,3.6034045219421387,7.809999942779541,7.820000171661377,7.610000133514404,7.619999885559082,139300
2013-05-13,3.6126320362091064,7.829999923706055,7.96999979019165,7.800000190734863,7.860000133514404,136100
2013-05-14,3.727978229522705,8.079999923706055,8.4399995803833,7.889999866485596,7.900000095367432,526100
2013-05-15,3.7233641147613525,8.069999694824219,8.109999656677246,7.980000019073486,8.109999656677246,171100
2013-05-16,3.727978229522705,8.079999923706055,8.149999618530273,8.0,8.029999732971191,507800
2013-05-17,3.7741165161132812,8.180000305175781,8.239999771118164,8.050000190734863,8.109999656677246,120700
2013-05-20,3.8433237075805664,8.329999923706055,8.359999656677246,8.149999618530273,8.210000038146973,116400
2013-05-21,3.894075870513916,8.4399995803833,8.449999809265137,8.34000015258789,8.369999885559082,115900
2013-05-22,3.9540557861328125,8.569999694824219,8.75,8.369999885559082,8.4399995803833,174700
2013-05-23,3.894075870513916,8.4399995803833,8.529999732971191,8.359999656677246,8.449999809265137,142200
2013-05-24,3.8986899852752686,8.449999809265137,8.470000267028809,8.34000015258789,8.369999885559082,59600
2013-05-28,3.9632835388183594,8.59000015258789,8.720000267028809,8.470000267028809,8.470000267028809,61600
2013-05-29,3.917145252227783,8.489999771118164,8.569999694824219,8.430000305175781,8.539999961853027,57400
2013-05-30,3.917145252227783,8.489999771118164,8.630000114440918,8.470000267028809,8.569999694824219,62600
2013-05-31,3.9540557861328125,8.569999694824219,8.630000114440918,8.40999984741211,8.460000038146973,98100
2013-06-03,3.9263737201690674,8.510000228881836,8.670000076293945,8.470000267028809,8.510000228881836,102100
2013-06-04,3.8756210803985596,8.399999618530273,8.5,8.350000381469727,8.460000038146973,140900
2013-06-05,3.7095229625701904,8.039999961853027,8.40999984741211,8.010000228881836,8.40999984741211,82600
2013-06-06,3.6818394660949707,7.980000019073486,8.069999694824219,7.71999979019165,7.980000019073486,350500
2013-06-07,3.584949254989624,7.769999980926514,7.900000095367432,7.570000171661377,7.900000095367432,256700
2013-06-10,3.3911685943603516,7.349999904632568,7.789999961853027,7.300000190734863,7.710000038146973,321600
2013-06-11,3.3773269653320312,7.320000171661377,7.349999904632568,7.190000057220459,7.28000020980835,174200
2013-06-12,3.3680989742279053,7.300000190734863,7.369999885559082,7.28000020980835,7.309999942779541,484700
2013-06-13,3.441920518875122,7.460000038146973,7.46999979019165,7.289999961853027,7.320000171661377,170500
2013-06-14,3.400395631790161,7.369999885559082,7.429999828338623,7.320000171661377,7.409999847412109,92900
2013-06-17,3.4234650135040283,7.420000076293945,7.480000019073486,7.349999904632568,7.389999866485596,127700
2013-06-18,3.5019004344940186,7.590000152587891,7.690000057220459,7.440000057220459,7.460000038146973,142500
2013-06-19,3.4373066425323486,7.449999809265137,7.590000152587891,7.440000057220459,7.559999942779541,134500
2013-06-20,3.418851137161255,7.409999847412109,7.460000038146973,7.309999942779541,7.380000114440918,124100
2013-06-21,3.4142379760742188,7.400000095367432,7.440000057220459,7.329999923706055,7.409999847412109,98800
2013-06-24,3.4050097465515137,7.380000114440918,7.389999866485596,7.260000228881836,7.329999923706055,700200
2013-06-25,3.4050097465515137,7.380000114440918,7.489999771118164,7.369999885559082,7.420000076293945,73800
2013-06-26,3.432692527770996,7.440000057220459,7.480000019073486,7.380000114440918,7.429999828338623,58200
2013-06-27,3.464989423751831,7.510000228881836,7.570000171661377,7.429999828338623,7.460000038146973,77700
2013-06-28,3.441920518875122,7.460000038146973,7.590000152587891,7.429999828338623,7.510000228881836,226600
2013-07-01,3.432692527770996,7.440000057220459,7.550000190734863,7.420000076293945,7.510000228881836,84500
2013-07-02,3.432692527770996,7.440000057220459,7.46999979019165,7.369999885559082,7.46999979019165,71900
2013-07-03,3.3911685943603516,7.349999904632568,7.449999809265137,7.340000152587891,7.449999809265137,30800
2013-07-05,3.455761671066284,7.489999771118164,7.489999771118164,7.25,7.360000133514404,50000
2013-07-08,3.451148509979248,7.480000019073486,7.599999904632568,7.429999828338623,7.539999961853027,78600
2013-07-09,3.4696030616760254,7.519999980926514,7.53000020980835,7.409999847412109,7.53000020980835,36900
2013-07-10,3.497286081314087,7.579999923706055,7.670000076293945,7.480000019073486,7.53000020980835,73200
2013-07-11,3.5987908840179443,7.800000190734863,7.849999904632568,7.619999885559082,7.650000095367432,87400
2013-07-12,3.52958345413208,7.650000095367432,7.820000171661377,7.590000152587891,7.769999980926514,95600
2013-07-15,3.520355463027954,7.630000114440918,7.75,7.510000228881836,7.650000095367432,68800
2013-07-16,3.483445167541504,7.550000190734863,7.670000076293945,7.550000190734863,7.670000076293945,80200
2013-07-17,3.497286081314087,7.579999923706055,7.659999847412109,7.539999961853027,7.579999923706055,109000
2013-07-18,3.497286081314087,7.579999923706055,7.650000095367432,7.570000171661377,7.579999923706055,68100
2013-07-19,3.5019004344940186,7.590000152587891,7.599999904632568,7.519999980926514,7.570000171661377,32000
2013-07-22,3.5711076259613037,7.739999771118164,7.920000076293945,7.699999809265137,7.809999942779541,111000
2013-07-23,3.5480387210845947,7.690000057220459,7.789999961853027,7.670000076293945,7.739999771118164,62700
2013-07-24,3.5249695777893066,7.639999866485596,7.78000020980835,7.619999885559082,7.75,57300
2013-07-25,3.488058567047119,7.559999942779541,7.690000057220459,7.559999942779541,7.570000171661377,43900
2013-07-26,3.4696030616760254,7.519999980926514,7.579999923706055,7.460000038146973,7.510000228881836,51000
2013-07-29,3.395782232284546,7.360000133514404,7.5,7.329999923706055,7.5,100000
2013-07-30,3.409623622894287,7.389999866485596,7.429999828338623,7.329999923706055,7.369999885559082,153200
2013-07-31,3.4234650135040283,7.420000076293945,7.429999828338623,7.320000171661377,7.369999885559082,47900
2013-08-01,3.455761671066284,7.489999771118164,7.539999961853027,7.440000057220459,7.440000057220459,52500
2013-08-02,3.432692527770996,7.440000057220459,7.510000228881836,7.409999847412109,7.440000057220459,100000
2013-08-05,3.488058567047119,7.559999942779541,7.630000114440918,7.460000038146973,7.630000114440918,76900
2013-08-06,3.483445167541504,7.550000190734863,7.610000133514404,7.489999771118164,7.510000228881836,115700
2013-08-07,3.5019004344940186,7.590000152587891,7.599999904632568,7.480000019073486,7.539999961853027,55800
2013-08-08,3.4373066425323486,7.449999809265137,7.739999771118164,7.380000114440918,7.630000114440918,254000
2013-08-09,3.395782232284546,7.360000133514404,7.5,7.139999866485596,7.460000038146973,104800
2013-08-12,3.483445167541504,7.550000190734863,7.559999942779541,7.309999942779541,7.309999942779541,46400
2013-08-13,3.497286081314087,7.579999923706055,7.659999847412109,7.5,7.5,51200
2013-08-14,3.497286081314087,7.579999923706055,7.659999847412109,7.5,7.590000152587891,137800
2013-08-15,3.520355463027954,7.630000114440918,7.630000114440918,7.510000228881836,7.570000171661377,36900
2013-08-16,3.543424606323242,7.679999828338623,7.699999809265137,7.610000133514404,7.650000095367432,54000
2013-08-19,3.474217176437378,7.53000020980835,7.699999809265137,7.5,7.639999866485596,39200
2013-08-20,3.594177007675171,7.789999961853027,7.789999961853027,7.510000228881836,7.510000228881836,65700
2013-08-21,3.534196615219116,7.659999847412109,7.809999942779541,7.639999866485596,7.789999961853027,48300
2013-08-22,3.561880111694336,7.71999979019165,7.849999904632568,7.610000133514404,7.710000038146973,39600
2013-08-23,3.6449289321899414,7.900000095367432,7.909999847412109,7.730000019073486,7.75,46100
2013-08-26,3.506514072418213,7.599999904632568,8.0,7.590000152587891,7.949999809265137,171900
2013-08-27,3.432692527770996,7.440000057220459,7.599999904632568,7.369999885559082,7.599999904632568,133000
2013-08-28,3.483445167541504,7.550000190734863,7.559999942779541,7.440000057220459,7.440000057220459,40000
2013-08-29,3.5111277103424072,7.610000133514404,7.619999885559082,7.519999980926514,7.519999980926514,43500
2013-08-30,3.488058567047119,7.559999942779541,7.619999885559082,7.519999980926514,7.579999923706055,100200
2013-09-03,3.5111277103424072,7.610000133514404,7.670000076293945,7.539999961853027,7.639999866485596,92300
2013-09-04,3.5111277103424072,7.610000133514404,7.699999809265137,7.590000152587891,7.590000152587891,21700
2013-09-05,3.5895633697509766,7.78000020980835,7.800000190734863,7.559999942779541,7.630000114440918,45300
2013-09-06,3.6910674571990967,8.0,8.010000228881836,7.800000190734863,7.800000190734863,84000
2013-09-09,3.6910674571990967,8.0,8.0600004196167,7.940000057220459,7.949999809265137,128100
2013-09-10,3.7002949714660645,8.020000457763672,8.109999656677246,7.820000171661377,8.050000190734863,51100
2013-09-11,3.672611951828003,7.960000038146973,8.029999732971191,7.929999828338623,7.989999771118164,43300
2013-09-12,3.6449289321899414,7.900000095367432,7.96999979019165,7.860000133514404,7.96999979019165,39400
2013-09-13,3.575721502304077,7.75,7.880000114440918,7.730000019073486,7.880000114440918,43300
2013-09-16,3.5572664737701416,7.710000038146973,7.809999942779541,7.699999809265137,7.809999942779541,55300
2013-09-17,3.5572664737701416,7.710000038146973,7.710000038146973,7.619999885559082,7.690000057220459,35500
2013-09-18,3.584949254989624,7.769999980926514,7.809999942779541,7.639999866485596,7.730000019073486,100300
2013-09-19,3.6818394660949707,7.980000019073486,8.0,7.760000228881836,7.769999980926514,87200
2013-09-20,3.7002949714660645,8.020000457763672,8.069999694824219,7.940000057220459,7.960000038146973,108500
2013-09-23,3.7002949714660645,8.020000457763672,8.050000190734863,7.860000133514404,8.020000457763672,43700
2013-09-24,3.6910674571990967,8.0,8.029999732971191,7.949999809265137,8.029999732971191,51400
2013-09-25,3.7187509536743164,8.0600004196167,8.100000381469727,7.949999809265137,7.949999809265137,36600
2013-09-26,3.714137077331543,8.050000190734863,8.130000114440918,8.0,8.050000190734863,46400
2013-09-27,3.714137077331543,8.050000190734863,8.100000381469727,7.989999771118164,8.010000228881836,31300
2013-09-30,3.783344268798828,8.199999809265137,8.210000038146973,7.96999979019165,8.020000457763672,200300
2013-10-01,3.889462471008301,8.430000305175781,8.430000305175781,8.199999809265137,8.210000038146973,94400
2013-10-02,4.332390785217285,9.390000343322754,9.529999732971191,8.550000190734863,8.600000381469727,457200
2013-10-03,4.189361572265625,9.079999923706055,9.399999618530273,8.989999771118164,9.390000343322754,1652000
2013-10-04,4.253955841064453,9.220000267028809,9.359999656677246,9.069999694824219,9.079999923706055,144800
2013-10-07,4.212430953979492,9.130000114440918,9.260000228881836,9.050000190734863,9.140000343322754,100300
2013-10-08,4.124767780303955,8.9399995803833,9.170000076293945,8.930000305175781,9.100000381469727,123200
2013-10-09,4.110926151275635,8.90999984741211,8.979999542236328,8.729999542236328,8.9399995803833,100700
2013-10-10,4.203202724456787,9.109999656677246,9.180000305175781,8.979999542236328,9.029999732971191,157700
2013-10-11,4.217044830322266,9.140000343322754,9.180000305175781,9.069999694824219,9.069999694824219,69100
2013-10-14,4.286252021789551,9.289999961853027,9.300000190734863,9.069999694824219,9.069999694824219,69700
2013-10-15,4.25856876373291,9.229999542236328,9.319999694824219,9.180000305175781,9.319999694824219,92400
2013-10-16,4.2724103927612305,9.260000228881836,9.279999732971191,9.170000076293945,9.279999732971191,43700
2013-10-17,4.290865421295166,9.300000190734863,9.300000190734863,9.149999618530273,9.199999809265137,87700
2013-10-18,4.25856876373291,9.229999542236328,9.369999885559082,9.199999809265137,9.319999694824219,75700
2013-10-21,4.244727611541748,9.199999809265137,9.220000267028809,8.930000305175781,8.930000305175781,64700
2013-10-22,4.25856876373291,9.229999542236328,9.239999771118164,9.15999984741211,9.229999542236328,88600
2013-10-23,4.2262725830078125,9.15999984741211,9.220000267028809,9.09000015258789,9.220000267028809,53800
2013-10-24,4.184747219085693,9.069999694824219,9.199999809265137,9.029999732971191,9.199999809265137,66200
2013-10-25,4.2262725830078125,9.15999984741211,9.15999984741211,9.029999732971191,9.09000015258789,98200
2013-10-28,4.180133819580078,9.0600004196167,9.140000343322754,8.989999771118164,9.140000343322754,64700
2013-10-29,4.157064914703369,9.010000228881836,9.069999694824219,8.90999984741211,9.069999694824219,43200
2013-10-30,4.147836685180664,8.989999771118164,9.029999732971191,8.859999656677246,8.949999809265137,83400
2013-10-31,3.9217593669891357,8.5,9.0,8.430000305175781,9.0,208300
2013-11-01,4.12015438079834,8.930000305175781,8.949999809265137,8.510000228881836,8.550000190734863,86600
2013-11-04,4.133995532989502,8.960000038146973,9.0,8.819999694824219,8.960000038146973,89100
2013-11-05,4.147836685180664,8.989999771118164,9.039999961853027,8.899999618530273,8.949999809265137,283100
2013-11-06,4.170906066894531,9.039999961853027,9.119999885559082,8.9399995803833,9.010000228881836,243900
2013-11-07,4.106312274932861,8.899999618530273,9.260000228881836,8.569999694824219,9.050000190734863,119900
2013-11-08,4.25856876373291,9.229999542236328,9.390000343322754,8.869999885559082,8.930000305175781,162200
2013-11-11,4.235500335693359,9.180000305175781,9.3100004196167,9.020000457763672,9.199999809265137,97000
2013-11-12,4.381890296936035,8.920000076293945,9.020000457763672,8.59000015258789,8.59000015258789,131000
2013-11-13,4.391715049743652,8.9399995803833,9.029999732971191,8.890000343322754,8.890000343322754,125800
2013-11-14,4.244342803955078,8.640000343322754,8.779999732971191,8.59000015258789,8.760000228881836,122600
2013-11-15,4.219779968261719,8.59000015258789,8.8100004196167,8.5,8.630000114440918,303100
2013-11-18,4.396627426147461,8.949999809265137,8.989999771118164,8.539999961853027,8.579999923706055,106400
2013-11-19,4.4162774085998535,8.989999771118164,9.069999694824219,8.859999656677246,8.920000076293945,48000
2013-11-20,4.48013973236084,9.119999885559082,9.119999885559082,8.960000038146973,9.0,113300
2013-11-21,4.406452655792236,8.970000267028809,9.149999618530273,8.899999618530273,9.149999618530273,182000
2013-11-22,4.391715049743652,8.9399995803833,9.0,8.84000015258789,8.970000267028809,76500
2013-11-25,4.318028926849365,8.789999961853027,8.979999542236328,8.680000305175781,8.9399995803833,99300
2013-11-26,4.347503662109375,8.850000381469727,9.020000457763672,8.729999542236328,8.770000457763672,89100
2013-11-27,4.372065544128418,8.899999618530273,8.9399995803833,8.800000190734863,8.880000114440918,25300
2013-11-29,4.347503662109375,8.850000381469727,9.039999961853027,8.619999885559082,8.9399995803833,1787100
2013-12-02,5.010681629180908,10.199999809265137,10.539999961853027,9.029999732971191,9.029999732971191,1169100
2013-12-03,4.927170276641846,10.029999732971191,10.6899995803833,9.90999984741211,10.010000228881836,3264300
2013-12-04,4.819097995758057,9.8100004196167,9.90999984741211,9.140000343322754,9.800000190734863,358800
2013-12-05,4.4310150146484375,9.020000457763672,9.390000343322754,8.949999809265137,9.300000190734863,401700
2013-12-06,4.48013973236084,9.119999885559082,9.1899995803833,8.800000190734863,9.039999961853027,262700
2013-12-09,4.637336730957031,9.4399995803833,9.4399995803833,9.09000015258789,9.130000114440918,191200
2013-12-10,4.652074337005615,9.470000267028809,9.479999542236328,9.329999923706055,9.380000114440918,128900
2013-12-11,4.652074337005615,9.470000267028809,9.869999885559082,9.449999809265137,9.5,261800
2013-12-12,4.588212966918945,9.34000015258789,9.579999923706055,9.329999923706055,9.510000228881836,58500
2013-12-13,4.676637172698975,9.520000457763672,9.569999694824219,9.319999694824219,9.319999694824219,103800
2013-12-16,4.696286678314209,9.5600004196167,9.649999618530273,9.34000015258789,9.569999694824219,100300
2013-12-17,4.7896223068237305,9.75,9.779999732971191,9.5,9.579999923706055,106300
2013-12-18,4.858396530151367,9.890000343322754,9.930000305175781,9.680000305175781,9.770000457763672,148200
2013-12-19,4.784709930419922,9.739999771118164,10.079999923706055,9.6899995803833,9.880000114440918,116100
2013-12-20,4.902608394622803,9.979999542236328,9.979999542236328,9.680000305175781,9.720000267028809,163200
2013-12-23,4.91243314743042,10.0,10.0600004196167,9.9399995803833,10.0,78300
2013-12-24,4.936995506286621,10.050000190734863,10.09000015258789,9.949999809265137,9.970000267028809,91700
2013-12-26,4.986119270324707,10.149999618530273,10.15999984741211,9.949999809265137,10.020000457763672,118900
2013-12-27,4.927170276641846,10.029999732971191,10.229999542236328,9.989999771118164,10.1899995803833,81800
2013-12-30,4.8927836418151855,9.960000038146973,10.039999961853027,9.90999984741211,10.0,196300
2013-12-31,4.981207847595215,10.140000343322754,10.180000305175781,10.010000228881836,10.010000228881836,214300
2014-01-02,4.986119270324707,10.149999618530273,10.210000038146973,9.890000343322754,10.149999618530273,388900
2014-01-03,5.084368705749512,10.350000381469727,10.59000015258789,10.15999984741211,10.210000038146973,388000
2014-01-06,4.986119270324707,10.149999618530273,10.380000114440918,10.149999618530273,10.350000381469727,889000
2014-01-07,4.873133659362793,9.920000076293945,10.260000228881836,9.920000076293945,10.180000305175781,307900
2014-01-08,4.868221282958984,9.90999984741211,10.010000228881836,9.850000381469727,9.890000343322754,179500
2014-01-09,4.838747024536133,9.850000381469727,10.050000190734863,9.710000038146973,9.880000114440918,231800
2014-01-10,4.863309383392334,9.899999618530273,10.0,9.739999771118164,9.800000190734863,234100
2014-01-13,4.882958889007568,9.9399995803833,10.109999656677246,9.770000457763672,9.960000038146973,149400
2014-01-14,4.91243314743042,10.0,10.039999961853027,9.850000381469727,9.930000305175781,126300
2014-01-15,4.91243314743042,10.0,10.130000114440918,9.949999809265137,10.050000190734863,124300
2014-01-16,4.9173455238342285,10.010000228881836,10.010000228881836,9.84000015258789,9.960000038146973,88300
2014-01-17,4.902608394622803,9.979999542236328,10.029999732971191,9.880000114440918,9.970000267028809,84000
2014-01-21,4.897696018218994,9.970000267028809,10.100000381469727,9.899999618530273,10.029999732971191,53900
2014-01-22,4.91243314743042,10.0,10.0,9.890000343322754,9.970000267028809,81600
2014-01-23,4.873133659362793,9.920000076293945,9.979999542236328,9.760000228881836,9.949999809265137,346500
2014-01-24,4.6913743019104,9.550000190734863,9.890000343322754,9.520000457763672,9.880000114440918,93400
2014-01-27,4.54891300201416,9.260000228881836,9.600000381469727,9.1899995803833,9.600000381469727,161800
2014-01-28,4.553825855255127,9.270000457763672,9.380000114440918,9.199999809265137,9.289999961853027,104700
2014-01-29,4.588212966918945,9.34000015258789,9.899999618530273,9.25,9.460000038146973,107400
2014-01-30,4.676637172698975,9.520000457763672,9.550000190734863,9.369999885559082,9.40999984741211,108400
2014-01-31,4.642249584197998,9.449999809265137,9.489999771118164,9.319999694824219,9.420000076293945,143900
2014-02-03,4.367153167724609,8.890000343322754,9.449999809265137,8.859999656677246,9.449999809265137,275800
2014-02-04,4.435927391052246,9.029999732971191,9.100000381469727,8.949999809265137,8.949999809265137,136400
2014-02-05,4.48013973236084,9.119999885559082,9.140000343322754,8.949999809265137,9.020000457763672,100800
2014-02-06,4.602949619293213,9.369999885559082,9.399999618530273,9.130000114440918,9.15999984741211,194700
2014-02-07,4.627512454986572,9.420000076293945,9.5,9.319999694824219,9.390000343322754,101700
2014-02-10,4.67172384262085,9.510000228881836,9.510000228881836,9.319999694824219,9.449999809265137,63100
2014-02-11,4.720848083496094,9.609999656677246,9.630000114440918,9.430000305175781,9.539999961853027,74900
2014-02-12,4.799447536468506,9.770000457763672,9.789999961853027,9.59000015258789,9.640000343322754,164700
2014-02-13,4.868221282958984,9.90999984741211,9.9399995803833,9.729999542236328,9.729999542236328,80900
2014-02-14,4.9173455238342285,10.010000228881836,10.09000015258789,9.850000381469727,9.869999885559082,118100
2014-02-18,4.971382141113281,10.119999885559082,10.149999618530273,9.970000267028809,9.970000267028809,83700
2014-02-19,4.853484630584717,9.880000114440918,10.140000343322754,9.8100004196167,10.069999694824219,133600
2014-02-20,4.853484630584717,9.880000114440918,10.069999694824219,9.829999923706055,9.90999984741211,143500
2014-02-21,4.7896223068237305,9.75,9.930000305175781,9.729999542236328,9.920000076293945,146600
2014-02-24,4.819097995758057,9.8100004196167,9.930000305175781,9.710000038146973,9.75,110600
2014-02-25,4.740498065948486,9.649999618530273,9.829999923706055,9.520000457763672,9.789999961853027,88800
2014-02-26,4.794534683227539,9.760000228881836,9.779999732971191,9.539999961853027,9.640000343322754,105100
2014-02-27,4.91243314743042,10.0,10.029999732971191,9.619999885559082,9.720000267028809,109700
2014-02-28,4.936995506286621,10.050000190734863,10.15999984741211,9.960000038146973,10.0,121600
2014-03-03,4.544000625610352,9.25,9.65999984741211,8.899999618530273,9.65999984741211,872900
2014-03-04,4.60786247253418,9.380000114440918,9.510000228881836,9.239999771118164,9.270000457763672,3519800
2014-03-05,4.563650608062744,9.289999961853027,9.579999923706055,9.289999961853027,9.420000076293945,209400
2014-03-06,4.553825855255127,9.270000457763672,9.4399995803833,9.210000038146973,9.289999961853027,240300
2014-03-07,4.5734758377075195,9.3100004196167,9.359999656677246,9.239999771118164,9.350000381469727,255600
2014-03-10,4.602949619293213,9.369999885559082,9.390000343322754,9.220000267028809,9.3100004196167,183900
2014-03-11,4.54891300201416,9.260000228881836,9.470000267028809,9.239999771118164,9.350000381469727,108500
2014-03-12,4.5685625076293945,9.300000190734863,9.329999923706055,9.15999984741211,9.25,116200
2014-03-13,4.426102638244629,9.010000228881836,9.289999961853027,8.869999885559082,9.289999961853027,604300
2014-03-14,4.426102638244629,9.010000228881836,9.100000381469727,8.970000267028809,8.970000267028809,112800
2014-03-17,4.489964485168457,9.140000343322754,9.15999984741211,9.020000457763672,9.029999732971191,143800
2014-03-18,4.539088249206543,9.239999771118164,9.369999885559082,9.180000305175781,9.220000267028809,122200
2014-03-19,4.460489273071289,9.079999923706055,9.270000457763672,9.069999694824219,9.25,77100
2014-03-20,4.617687225341797,9.399999618530273,9.550000190734863,9.039999961853027,9.039999961853027,1109100
2014-03-21,4.598037242889404,9.359999656677246,9.510000228881836,9.260000228881836,9.479999542236328,230200
2014-03-24,4.48505163192749,9.130000114440918,9.390000343322754,9.0600004196167,9.390000343322754,161100
2014-03-25,4.470314979553223,9.100000381469727,9.1899995803833,9.010000228881836,9.1899995803833,208800
2014-03-26,4.401540279388428,8.960000038146973,9.140000343322754,8.949999809265137,9.130000114440918,165100
2014-03-27,4.426102638244629,9.010000228881836,9.0600004196167,8.880000114440918,8.970000267028809,159900
2014-03-28,4.489964485168457,9.140000343322754,9.15999984741211,9.0,9.039999961853027,209100
2014-03-31,4.475226402282715,9.109999656677246,9.3100004196167,9.09000015258789,9.220000267028809,197100
2014-04-01,4.489964485168457,9.140000343322754,9.239999771118164,9.039999961853027,9.130000114440918,252700
2014-04-02,4.332766532897949,8.819999694824219,9.149999618530273,8.800000190734863,9.039999961853027,330200
2014-04-03,4.337678909301758,8.829999923706055,8.90999984741211,8.65999984741211,8.84000015258789,1050300
2014-04-04,4.288553714752197,8.729999542236328,8.920000076293945,8.720000267028809,8.850000381469727,249600
2014-04-07,4.214868068695068,8.579999923706055,8.760000228881836,8.489999771118164,8.720000267028809,287500
2014-04-08,4.259079456329346,8.670000076293945,8.779999732971191,8.550000190734863,8.5600004196167,160100
2014-04-09,4.2246928215026855,8.600000381469727,8.770000457763672,8.579999923706055,8.670000076293945,215100
2014-04-10,4.160831451416016,8.470000267028809,8.6899995803833,8.430000305175781,8.609999656677246,204900
2014-04-11,4.028195381164551,8.199999809265137,8.520000457763672,8.170000076293945,8.460000038146973,316800
2014-04-14,4.077319622039795,8.300000190734863,8.329999923706055,8.130000114440918,8.239999771118164,396400
2014-04-15,4.08714485168457,8.319999694824219,8.420000076293945,8.170000076293945,8.300000190734863,147900
2014-04-16,4.308204174041748,8.770000457763672,8.779999732971191,8.300000190734863,8.359999656677246,206400
2014-04-17,4.239429950714111,8.630000114440918,8.760000228881836,8.600000381469727,8.739999771118164,199300
2014-04-21,4.239429950714111,8.630000114440918,8.739999771118164,8.520000457763672,8.649999618530273,160100
2014-04-22,4.288553714752197,8.729999542236328,8.779999732971191,8.600000381469727,8.649999618530273,112400
2014-04-23,4.259079456329346,8.670000076293945,8.880000114440918,8.640000343322754,8.720000267028809,167900
2014-04-24,3.979071617126465,8.100000381469727,8.869999885559082,7.900000095367432,8.640000343322754,529100
2014-04-25,3.988896369934082,8.119999885559082,8.199999809265137,7.929999828338623,8.020000457763672,210600
2014-04-28,3.949596643447876,8.039999961853027,8.329999923706055,8.029999732971191,8.170000076293945,278700
2014-04-29,3.9397714138031006,8.020000457763672,8.140000343322754,7.96999979019165,8.09000015258789,156500
2014-04-30,3.9397714138031006,8.020000457763672,8.079999923706055,7.940000057220459,7.980000019073486,201300
2014-05-01,3.88082218170166,7.900000095367432,8.039999961853027,7.880000114440918,8.020000457763672,378800
2014-05-02,3.9545092582702637,8.050000190734863,8.050000190734863,7.880000114440918,7.880000114440918,105500
2014-05-05,3.9692461490631104,8.079999923706055,8.100000381469727,7.96999979019165,7.980000019073486,174700
2014-05-06,3.9594218730926514,8.0600004196167,8.220000267028809,8.039999961853027,8.039999961853027,166200
2014-05-07,3.9250340461730957,7.989999771118164,8.130000114440918,7.900000095367432,8.0600004196167,218400
2014-05-08,3.920121431350708,7.980000019073486,8.149999618530273,7.929999828338623,7.929999828338623,122400
2014-05-09,3.998720645904541,8.140000343322754,8.140000343322754,7.920000076293945,7.949999809265137,232900
2014-05-12,4.126444339752197,8.399999618530273,8.4399995803833,8.09000015258789,8.1899995803833,392700
2014-05-13,4.077319622039795,8.300000190734863,8.460000038146973,8.270000457763672,8.390000343322754,115300
2014-05-14,3.974158763885498,8.09000015258789,8.479999542236328,8.039999961853027,8.3100004196167,490300
2014-05-15,3.94468355178833,8.029999732971191,8.34000015258789,7.980000019073486,8.09000015258789,491000
2014-05-16,3.9643335342407227,8.069999694824219,8.079999923706055,7.940000057220459,8.0600004196167,103400
2014-05-19,3.979071617126465,8.100000381469727,8.15999984741211,8.039999961853027,8.039999961853027,131600
2014-05-20,3.900472402572632,7.940000057220459,8.119999885559082,7.900000095367432,8.09000015258789,58600
2014-05-21,3.88082218170166,7.900000095367432,8.0600004196167,7.889999866485596,8.010000228881836,132000
2014-05-22,3.895559549331665,7.929999828338623,8.0,7.880000114440918,7.909999847412109,110400
2014-05-23,3.920121431350708,7.980000019073486,8.010000228881836,7.949999809265137,7.96999979019165,72400
2014-05-27,3.9643335342407227,8.069999694824219,8.100000381469727,8.0,8.0,97800
2014-05-28,4.008545875549316,8.15999984741211,8.210000038146973,7.949999809265137,8.050000190734863,163800
2014-05-29,4.00363302230835,8.149999618530273,8.220000267028809,8.100000381469727,8.199999809265137,54100
2014-05-30,4.008545875549316,8.15999984741211,8.180000305175781,8.100000381469727,8.130000114440918,128500
2014-06-02,3.9397714138031006,8.020000457763672,8.15999984741211,7.989999771118164,8.130000114440918,71000
2014-06-03,3.9594218730926514,8.0600004196167,8.09000015258789,7.909999847412109,8.010000228881836,73800
2014-06-04,3.895559549331665,7.929999828338623,8.09000015258789,7.889999866485596,8.050000190734863,72600
2014-06-05,4.008545875549316,8.15999984741211,8.180000305175781,7.900000095367432,7.949999809265137,64300
2014-06-06,4.0576701164245605,8.260000228881836,8.300000190734863,8.149999618530273,8.199999809265137,56100
2014-06-09,4.116619110107422,8.380000114440918,8.5,8.260000228881836,8.279999732971191,96000
2014-06-10,4.0969696044921875,8.34000015258789,8.390000343322754,8.289999961853027,8.350000381469727,95500
2014-06-11,4.052757263183594,8.25,8.329999923706055,8.210000038146973,8.329999923706055,60100
2014-06-12,3.983983278274536,8.109999656677246,8.359999656677246,8.050000190734863,8.220000267028809,61500
2014-06-13,3.998720645904541,8.140000343322754,8.1899995803833,8.069999694824219,8.149999618530273,124200
2014-06-16,3.998720645904541,8.140000343322754,8.180000305175781,8.020000457763672,8.149999618530273,120200
2014-06-17,4.028195381164551,8.199999809265137,8.229999542236328,8.0600004196167,8.140000343322754,60200
2014-06-18,4.077319622039795,8.300000190734863,8.319999694824219,8.140000343322754,8.199999809265137,65700
2014-06-19,4.077319622039795,8.300000190734863,8.329999923706055,8.260000228881836,8.300000190734863,57700
2014-06-20,4.052757263183594,8.25,8.34000015258789,8.229999542236328,8.300000190734863,144900
2014-06-23,4.072406768798828,8.289999961853027,8.300000190734863,8.199999809265137,8.270000457763672,73100
2014-06-24,3.998720645904541,8.140000343322754,8.300000190734863,8.119999885559082,8.289999961853027,79100
2014-06-25,4.028195381164551,8.199999809265137,8.229999542236328,8.119999885559082,8.149999618530273,61500
2014-06-26,4.028195381164551,8.199999809265137,8.210000038146973,8.119999885559082,8.170000076293945,105900
2014-06-27,4.072406768798828,8.289999961853027,8.420000076293945,8.100000381469727,8.170000076293945,706100
2014-06-30,4.018370628356934,8.180000305175781,8.25,8.140000343322754,8.25,216200
2014-07-01,4.042932033538818,8.229999542236328,8.3100004196167,8.140000343322754,8.140000343322754,202300
2014-07-02,4.033107757568359,8.210000038146973,8.25,8.149999618530273,8.210000038146973,269800
2014-07-03,4.013458728790283,8.170000076293945,8.25,8.020000457763672,8.210000038146973,461000
2014-07-07,3.9938085079193115,8.130000114440918,8.220000267028809,8.130000114440918,8.149999618530273,316400
2014-07-08,3.885734796524048,7.909999847412109,8.130000114440918,7.849999904632568,8.130000114440918,130700
2014-07-09,3.9250340461730957,7.989999771118164,7.989999771118164,7.829999923706055,7.940000057220459,94100
2014-07-10,3.807135820388794,7.75,7.949999809265137,7.710000038146973,7.840000152587891,133400
2014-07-11,3.831698179244995,7.800000190734863,7.820000171661377,7.690000057220459,7.739999771118164,57500
2014-07-14,3.846435070037842,7.829999923706055,7.920000076293945,7.829999923706055,7.860000133514404,66800
2014-07-15,3.8366103172302246,7.809999942779541,7.900000095367432,7.769999980926514,7.869999885559082,69600
2014-07-16,3.8366103172302246,7.809999942779541,7.889999866485596,7.789999961853027,7.840000152587891,79000
2014-07-17,3.821873426437378,7.78000020980835,7.889999866485596,7.760000228881836,7.78000020980835,57400
2014-07-18,3.856260299682617,7.849999904632568,7.900000095367432,7.789999961853027,7.789999961853027,50000
2014-07-21,3.816960573196411,7.769999980926514,7.860000133514404,7.75,7.840000152587891,46000
2014-07-22,3.7727487087249756,7.679999828338623,7.809999942779541,7.619999885559082,7.800000190734863,132900
2014-07-23,3.8022232055664062,7.739999771118164,7.96999979019165,7.699999809265137,7.800000190734863,155400
2014-07-24,3.7776613235473633,7.690000057220459,7.769999980926514,7.679999828338623,7.75,96900
2014-07-25,3.8022232055664062,7.739999771118164,7.75,7.670000076293945,7.699999809265137,91500
2014-07-28,3.8120481967926025,7.760000228881836,7.889999866485596,7.730000019073486,7.75,155100
2014-07-29,3.7973110675811768,7.730000019073486,7.809999942779541,7.730000019073486,7.78000020980835,160000
2014-07-30,3.7334492206573486,7.599999904632568,7.78000020980835,7.590000152587891,7.760000228881836,212700
2014-07-31,3.7088873386383057,7.550000190734863,7.659999847412109,7.53000020980835,7.53000020980835,155300
2014-08-01,3.7334492206573486,7.599999904632568,7.670000076293945,7.539999961853027,7.550000190734863,115400
2014-08-04,3.767836570739746,7.670000076293945,7.78000020980835,7.579999923706055,7.739999771118164,153700
2014-08-05,3.728537082672119,7.590000152587891,7.650000095367432,7.559999942779541,7.610000133514404,76400
2014-08-06,3.6990621089935303,7.53000020980835,7.619999885559082,7.489999771118164,7.5,117300
2014-08-07,3.7088873386383057,7.550000190734863,7.639999866485596,7.489999771118164,7.590000152587891,107600
2014-08-08,3.7088873386383057,7.550000190734863,7.699999809265137,7.53000020980835,7.619999885559082,80200
2014-08-11,3.6990621089935303,7.53000020980835,7.579999923706055,7.489999771118164,7.559999942779541,82200
2014-08-12,3.723747730255127,7.090000152587891,7.159999847412109,6.989999771118164,7.010000228881836,73800
2014-08-13,3.6869826316833496,7.019999980926514,7.329999923706055,7.019999980926514,7.170000076293945,102900
2014-08-14,3.697486639022827,7.039999961853027,7.099999904632568,7.019999980926514,7.019999980926514,53500
2014-08-15,3.713242769241333,7.070000171661377,7.150000095367432,6.929999828338623,7.130000114440918,125300
2014-08-18,3.7500078678131104,7.139999866485596,7.179999828338623,7.079999923706055,7.090000152587891,80700
2014-08-19,3.692234992980957,7.03000020980835,7.199999809265137,7.0,7.150000095367432,92200
2014-08-20,3.676478147506714,7.0,7.039999961853027,6.920000076293945,7.0,62500
2014-08-21,3.713242769241333,7.070000171661377,7.079999923706055,6.940000057220459,7.019999980926514,97100
2014-08-22,3.6817305088043213,7.010000228881836,7.21999979019165,6.989999771118164,7.090000152587891,53700
2014-08-25,3.6712262630462646,6.989999771118164,7.039999961853027,6.96999979019165,7.010000228881836,99800
2014-08-26,3.6554698944091797,6.960000038146973,7.010000228881836,6.920000076293945,6.929999828338623,74300
2014-08-27,3.6659739017486572,6.980000019073486,7.010000228881836,6.829999923706055,6.929999828338623,53500
2014-08-28,3.66072154045105,6.96999979019165,6.989999771118164,6.929999828338623,6.960000038146973,41800
2014-08-29,3.644965410232544,6.940000057220459,6.989999771118164,6.760000228881836,6.840000152587891,83900
2014-09-02,3.6344611644744873,6.920000076293945,6.980000019073486,6.849999904632568,6.96999979019165,59800
2014-09-03,3.66072154045105,6.96999979019165,7.0,6.929999828338623,6.96999979019165,47400
2014-09-04,3.692234992980957,7.03000020980835,7.099999904632568,6.900000095367432,6.96999979019165,216000
2014-09-05,3.7342514991760254,7.110000133514404,7.119999885559082,7.0,7.0,197100
2014-09-08,3.697486639022827,7.039999961853027,7.090000152587891,7.019999980926514,7.079999923706055,117200
2014-09-09,3.676478147506714,7.0,7.059999942779541,6.960000038146973,7.050000190734863,97000
2014-09-10,3.629209041595459,6.909999847412109,7.019999980926514,6.869999885559082,6.920000076293945,136100
2014-09-11,3.697486639022827,7.039999961853027,7.039999961853027,6.869999885559082,6.869999885559082,96500
2014-09-12,3.6712262630462646,6.989999771118164,7.059999942779541,6.929999828338623,7.059999942779541,82100
2014-09-15,3.629209041595459,6.909999847412109,6.989999771118164,6.880000114440918,6.989999771118164,84900
2014-09-16,3.644965410232544,6.940000057220459,7.0,6.889999866485596,6.889999866485596,61800
2014-09-17,3.6397132873535156,6.929999828338623,7.0,6.909999847412109,6.920000076293945,44800
2014-09-18,3.6397132873535156,6.929999828338623,7.0,6.880000114440918,6.900000095367432,147600
2014-09-19,3.644965410232544,6.940000057220459,7.090000152587891,6.920000076293945,6.920000076293945,229700
2014-09-22,3.6239566802978516,6.900000095367432,6.949999809265137,6.820000171661377,6.929999828338623,123900
2014-09-23,3.5819404125213623,6.820000171661377,6.920000076293945,6.769999980926514,6.920000076293945,123900
2014-09-24,3.576688289642334,6.809999942779541,6.849999904632568,6.699999809265137,6.840000152587891,140300
2014-09-25,3.5399227142333984,6.739999771118164,6.789999961853027,6.710000038146973,6.75,81000
2014-09-26,3.6082005500793457,6.869999885559082,6.900000095367432,6.630000114440918,6.730000019073486,112000
2014-09-29,3.613452911376953,6.880000114440918,6.909999847412109,6.800000190734863,6.820000171661377,95100
2014-09-30,3.5399227142333984,6.739999771118164,6.869999885559082,6.739999771118164,6.869999885559082,160000
2014-10-01,3.492654323577881,6.650000095367432,6.739999771118164,6.619999885559082,6.699999809265137,155300
2014-10-02,3.5031583309173584,6.670000076293945,6.699999809265137,6.460000038146973,6.610000133514404,92400
2014-10-03,3.5556795597076416,6.769999980926514,6.869999885559082,6.690000057220459,6.690000057220459,156100
2014-10-06,3.5714356899261475,6.800000190734863,6.849999904632568,6.590000152587891,6.820000171661377,102300
2014-10-07,3.5556795597076416,6.769999980926514,6.78000020980835,6.539999961853027,6.739999771118164,136300
2014-10-08,3.59769606590271,6.849999904632568,6.849999904632568,6.710000038146973,6.769999980926514,124300
2014-10-09,3.4821503162384033,6.630000114440918,6.869999885559082,6.610000133514404,6.840000152587891,131400
2014-10-10,3.4243767261505127,6.519999980926514,6.690000057220459,6.480000019073486,6.650000095367432,149700
2014-10-13,3.3876116275787354,6.449999809265137,6.590000152587891,6.420000076293945,6.579999923706055,179600
2014-10-14,3.345595121383667,6.369999885559082,6.570000171661377,6.349999904632568,6.440000057220459,152800
2014-10-15,3.329838752746582,6.340000152587891,6.409999847412109,6.25,6.329999923706055,225300
2014-10-16,3.440133571624756,6.550000190734863,6.659999847412109,6.21999979019165,6.239999771118164,109100
2014-10-17,3.5241668224334717,6.710000038146973,6.949999809265137,6.610000133514404,6.650000095367432,253000
2014-10-20,3.5714356899261475,6.800000190734863,6.829999923706055,6.699999809265137,6.71999979019165,71000
2014-10-21,3.56093168258667,6.78000020980835,6.96999979019165,6.75,6.800000190734863,117100
2014-10-22,3.5399227142333984,6.739999771118164,6.800000190734863,6.659999847412109,6.760000228881836,117900
2014-10-23,3.513662576675415,6.690000057220459,6.820000171661377,6.670000076293945,6.760000228881836,159500
2014-10-24,3.5346713066101074,6.730000019073486,6.78000020980835,6.670000076293945,6.679999828338623,74600
2014-10-27,3.5189149379730225,6.699999809265137,6.75,6.659999847412109,6.71999979019165,173800
2014-10-28,3.6239566802978516,6.900000095367432,6.960000038146973,6.739999771118164,6.739999771118164,133600
2014-10-29,3.629209041595459,6.909999847412109,6.989999771118164,6.840000152587891,6.889999866485596,242100
2014-10-30,3.7500078678131104,7.139999866485596,7.230000019073486,6.880000114440918,6.889999866485596,1155500
2014-10-31,3.813033103942871,7.260000228881836,7.309999942779541,7.139999866485596,7.170000076293945,164700
2014-11-03,3.813033103942871,7.260000228881836,7.369999885559082,7.230000019073486,7.230000019073486,125800
2014-11-04,3.760511636734009,7.159999847412109,7.260000228881836,7.110000133514404,7.230000019073486,71400
2014-11-05,3.7395031452178955,7.119999885559082,7.210000038146973,7.070000171661377,7.150000095367432,92000
2014-11-06,3.7342514991760254,7.110000133514404,7.139999866485596,7.019999980926514,7.130000114440918,55600
2014-11-07,3.776268720626831,7.190000057220459,7.21999979019165,7.03000020980835,7.110000133514404,31600
2014-11-10,3.7710161209106445,7.179999828338623,7.28000020980835,7.099999904632568,7.199999809265137,67400
2014-11-11,3.8077805042266846,7.25,7.300000190734863,7.170000076293945,7.21999979019165,57300
2014-11-12,3.9023191928863525,7.429999828338623,7.460000038146973,7.230000019073486,7.230000019073486,102700
2014-11-13,3.94958758354187,7.519999980926514,7.550000190734863,7.400000095367432,7.409999847412109,171500
2014-11-14,3.9705963134765625,7.559999942779541,7.639999866485596,7.489999771118164,7.519999980926514,161700
2014-11-17,4.0178656578063965,7.650000095367432,7.670000076293945,7.510000228881836,7.559999942779541,97400
2014-11-18,4.03887414932251,7.690000057220459,7.71999979019165,7.610000133514404,7.650000095367432,46400
2014-11-19,4.03887414932251,7.690000057220459,7.78000020980835,7.610000133514404,7.690000057220459,69200
2014-11-20,4.091394901275635,7.789999961853027,7.860000133514404,7.690000057220459,7.699999809265137,72700
2014-11-21,4.180680751800537,7.960000038146973,7.989999771118164,7.840000152587891,7.920000076293945,88400
2014-11-24,4.154420375823975,7.909999847412109,7.980000019073486,7.829999923706055,7.949999809265137,122600
2014-11-25,4.138664245605469,7.880000114440918,7.989999771118164,7.840000152587891,7.949999809265137,90200
2014-11-26,4.101899147033691,7.809999942779541,7.960000038146973,7.78000020980835,7.820000171661377,121000
2014-11-28,4.075638771057129,7.760000228881836,7.849999904632568,7.699999809265137,7.760000228881836,38900
2014-12-01,4.059882164001465,7.730000019073486,7.809999942779541,7.679999828338623,7.739999771118164,77200
2014-12-02,4.059882164001465,7.730000019073486,7.880000114440918,7.699999809265137,7.71999979019165,70400
2014-12-03,4.133411407470703,7.869999885559082,7.940000057220459,7.670000076293945,7.730000019073486,102100
2014-12-04,4.175428867340088,7.949999809265137,7.960000038146973,7.849999904632568,7.860000133514404,73400
2014-12-05,4.264715194702148,8.119999885559082,8.1899995803833,7.929999828338623,7.929999828338623,130200
2014-12-08,4.338244438171387,8.260000228881836,8.609999656677246,8.0,8.119999885559082,273700
2014-12-09,4.42227840423584,8.420000076293945,8.470000267028809,8.140000343322754,8.1899995803833,74500
2014-12-10,4.354000568389893,8.289999961853027,8.390000343322754,8.130000114440918,8.199999809265137,111700
2014-12-11,4.831942081451416,9.199999809265137,9.449999809265137,8.859999656677246,8.989999771118164,315200
2014-12-12,4.611354351043701,8.779999732971191,9.3100004196167,8.710000038146973,9.149999618530273,142000
2014-12-15,4.516816139221191,8.600000381469727,9.0,8.529999732971191,8.8100004196167,87200
2014-12-16,4.842447280883789,9.220000267028809,9.329999923706055,8.460000038146973,8.579999923706055,592300
2014-12-17,4.863455295562744,9.260000228881836,9.399999618530273,9.100000381469727,9.220000267028809,2663200
2014-12-18,5.152322292327881,9.8100004196167,9.890000343322754,9.420000076293945,9.460000038146973,179800
2014-12-19,5.173330307006836,9.850000381469727,9.920000076293945,9.6899995803833,9.829999923706055,145200
2014-12-22,5.162825584411621,9.829999923706055,9.9399995803833,9.75,9.890000343322754,68200
2014-12-23,5.173330307006836,9.850000381469727,9.970000267028809,9.84000015258789,9.869999885559082,106800
2014-12-24,5.351901531219482,10.1899995803833,10.25,9.890000343322754,9.890000343322754,91100
2014-12-26,5.23110294342041,9.960000038146973,10.380000114440918,9.90999984741211,10.289999961853027,108000
2014-12-29,5.4149274826049805,10.3100004196167,10.420000076293945,9.920000076293945,10.0,156200
2014-12-30,5.530473232269287,10.529999732971191,10.59000015258789,10.199999809265137,10.3100004196167,1094200
2014-12-31,5.561985969543457,10.59000015258789,10.729999542236328,10.420000076293945,10.539999961853027,142300
2015-01-02,5.777322769165039,11.0,11.25,10.550000190734863,10.550000190734863,501300
2015-01-05,5.042027473449707,9.600000381469727,10.8100004196167,9.270000457763672,10.779999732971191,575200
2015-01-06,4.979001522064209,9.479999542236328,9.619999885559082,9.149999618530273,9.600000381469727,299000
2015-01-07,5.110304355621338,9.729999542236328,9.8100004196167,9.4399995803833,9.539999961853027,142700
2015-01-08,5.136565208435059,9.779999732971191,10.289999961853027,9.65999984741211,9.890000343322754,468600
2015-01-09,5.173330307006836,9.850000381469727,10.029999732971191,9.760000228881836,9.800000190734863,120800
2015-01-12,5.246859073638916,9.989999771118164,10.020000457763672,9.770000457763672,9.899999618530273,208900
2015-01-13,5.278372287750244,10.050000190734863,10.180000305175781,9.819999694824219,10.09000015258789,158200
2015-01-14,5.136565208435059,9.779999732971191,10.0,9.5600004196167,9.930000305175781,133800
2015-01-15,5.089295864105225,9.6899995803833,9.920000076293945,9.579999923706055,9.880000114440918,76000
2015-01-16,5.089295864105225,9.6899995803833,9.989999771118164,9.449999809265137,9.710000038146973,282200
2015-01-20,5.026271343231201,9.569999694824219,9.890000343322754,9.510000228881836,9.710000038146973,114100
2015-01-21,4.989506244659424,9.5,9.600000381469727,9.420000076293945,9.569999694824219,107800
2015-01-22,5.115556716918945,9.739999771118164,9.75,9.470000267028809,9.5,104900
2015-01-23,5.173330307006836,9.850000381469727,9.890000343322754,9.670000076293945,9.670000076293945,71700
2015-01-26,5.0157670974731445,9.550000190734863,9.829999923706055,9.539999961853027,9.819999694824219,139600
2015-01-27,4.931733131408691,9.390000343322754,9.529999732971191,9.300000190734863,9.420000076293945,85200
2015-01-28,4.873959541320801,9.279999732971191,9.550000190734863,9.229999542236328,9.510000228881836,67500
2015-01-29,4.868707656860352,9.270000457763672,9.369999885559082,9.199999809265137,9.300000190734863,53000
2015-01-30,4.753161430358887,9.050000190734863,9.279999732971191,9.029999732971191,9.170000076293945,77200
2015-02-02,4.732152462005615,9.010000228881836,9.180000305175781,8.949999809265137,9.180000305175781,179200
2015-02-03,4.873959541320801,9.279999732971191,9.430000305175781,9.010000228881836,9.010000228881836,113700
2015-02-04,4.831942081451416,9.199999809265137,9.369999885559082,9.149999618530273,9.210000038146973,67500
2015-02-05,5.115556716918945,9.739999771118164,9.800000190734863,9.140000343322754,9.199999809265137,161100
2015-02-06,5.042027473449707,9.600000381469727,9.819999694824219,9.529999732971191,9.739999771118164,62500
2015-02-09,5.042027473449707,9.600000381469727,9.770000457763672,9.5600004196167,9.59000015258789,80500
2015-02-10,5.026271343231201,9.569999694824219,9.670000076293945,9.489999771118164,9.670000076293945,43400
2015-02-11,4.915976047515869,9.359999656677246,9.550000190734863,9.329999923706055,9.510000228881836,56400
2015-02-12,4.931733131408691,9.390000343322754,9.460000038146973,9.329999923706055,9.390000343322754,51400
2015-02-13,4.968497276306152,9.460000038146973,9.510000228881836,9.359999656677246,9.390000343322754,27500
2015-02-17,4.968497276306152,9.460000038146973,9.65999984741211,9.399999618530273,9.470000267028809,79800
2015-02-18,5.236355781555176,9.970000267028809,10.600000381469727,9.399999618530273,9.399999618530273,520500
2015-02-19,5.3203887939453125,10.130000114440918,10.210000038146973,9.720000267028809,9.890000343322754,95100
2015-02-20,5.105052471160889,9.720000267028809,10.25,9.569999694824219,10.25,121100
2015-02-23,5.252111911773682,10.0,10.029999732971191,9.65999984741211,9.760000228881836,100400
2015-02-24,5.283624172210693,10.0600004196167,10.15999984741211,9.899999618530273,10.050000190734863,70800
2015-02-25,5.215346813201904,9.930000305175781,10.199999809265137,9.90999984741211,10.0,55700
2015-02-26,5.183834552764893,9.869999885559082,9.989999771118164,9.84000015258789,9.979999542236328,47900
2015-02-27,5.126060962677002,9.760000228881836,10.180000305175781,9.729999542236328,9.899999618530273,76200
2015-03-02,5.157573699951172,9.819999694824219,10.079999923706055,9.770000457763672,9.770000457763672,107900
2015-03-03,5.110304355621338,9.729999542236328,9.989999771118164,9.65999984741211,9.819999694824219,67400
2015-03-04,4.926481246948242,9.380000114440918,9.9399995803833,9.329999923706055,9.670000076293945,128400
2015-03-05,5.0210185050964355,9.5600004196167,9.579999923706055,9.199999809265137,9.420000076293945,54500
2015-03-06,5.0000104904174805,9.520000457763672,9.550000190734863,9.279999732971191,9.520000457763672,68900
2015-03-09,4.968497276306152,9.460000038146973,9.670000076293945,9.369999885559082,9.510000228881836,123300
2015-03-10,4.931733131408691,9.390000343322754,9.479999542236328,9.270000457763672,9.369999885559082,171000
2015-03-11,5.042027473449707,9.600000381469727,9.699999809265137,9.350000381469727,9.399999618530273,160800
2015-03-12,5.136565208435059,9.779999732971191,9.84000015258789,9.619999885559082,9.65999984741211,122300
2015-03-13,5.084043979644775,9.680000305175781,9.8100004196167,9.640000343322754,9.789999961853027,139500
2015-03-16,5.136565208435059,9.779999732971191,9.800000190734863,9.59000015258789,9.729999542236328,113100
2015-03-17,5.131313323974609,9.770000457763672,9.819999694824219,9.59000015258789,9.729999542236328,86800
2015-03-18,5.2205986976623535,9.9399995803833,9.979999542236328,9.720000267028809,9.760000228881836,115000
2015-03-19,5.194338321685791,9.890000343322754,9.930000305175781,9.819999694824219,9.899999618530273,88600
2015-03-20,5.283624172210693,10.0600004196167,10.15999984741211,9.850000381469727,9.970000267028809,401700
2015-03-23,5.346649646759033,10.180000305175781,10.319999694824219,10.0,10.0600004196167,199800
2015-03-24,5.252111911773682,10.0,10.15999984741211,9.949999809265137,10.100000381469727,93300
2015-03-25,5.178581714630127,9.859999656677246,10.0600004196167,9.789999961853027,10.039999961853027,100000
2015-03-26,5.241607189178467,9.979999542236328,10.029999732971191,9.670000076293945,9.829999923706055,119000
2015-03-27,5.267867565155029,10.029999732971191,10.199999809265137,9.850000381469727,9.899999618530273,132300
2015-03-30,5.315136909484863,10.119999885559082,10.239999771118164,10.010000228881836,10.100000381469727,119100
2015-03-31,5.315136909484863,10.119999885559082,10.130000114440918,9.979999542236328,10.100000381469727,174600
2015-04-01,5.378162384033203,10.239999771118164,10.260000228881836,10.100000381469727,10.119999885559082,182200
2015-04-02,5.178581714630127,9.859999656677246,10.279999732971191,9.800000190734863,10.260000228881836,190000
2015-04-06,5.131313323974609,9.770000457763672,10.029999732971191,9.65999984741211,9.789999961853027,219100
2015-04-07,5.273120403289795,10.039999961853027,10.199999809265137,9.630000114440918,9.800000190734863,5142300
2015-04-08,5.819339752197266,11.079999923706055,11.079999923706055,10.069999694824219,10.079999923706055,639800
2015-04-09,5.819339752197266,11.079999923706055,11.329999923706055,10.90999984741211,11.0600004196167,332400
2015-04-10,5.709045886993408,10.869999885559082,11.149999618530273,10.859999656677246,10.949999809265137,223600
2015-04-13,5.751061916351318,10.949999809265137,11.069999694824219,10.850000381469727,10.9399995803833,137700
2015-04-14,5.903372764587402,11.239999771118164,11.260000228881836,11.010000228881836,11.15999984741211,182300
2015-04-15,5.8508524894714355,11.140000343322754,11.270000457763672,11.109999656677246,11.25,135900
2015-04-16,5.945390224456787,11.319999694824219,11.350000381469727,11.010000228881836,11.140000343322754,177300
2015-04-17,5.840347766876221,11.119999885559082,11.25,11.029999732971191,11.25,103800
2015-04-20,5.7825751304626465,11.010000228881836,11.170000076293945,10.979999542236328,11.149999618530273,76500
2015-04-21,5.777322769165039,11.0,11.149999618530273,10.9399995803833,11.029999732971191,97800
2015-04-22,5.971651077270508,11.369999885559082,11.449999809265137,10.960000038146973,11.0,159800
2015-04-23,5.966399192810059,11.359999656677246,11.40999984741211,11.229999542236328,11.3100004196167,74400
2015-04-24,5.971651077270508,11.369999885559082,11.460000038146973,11.289999961853027,11.350000381469727,54600
2015-04-27,5.887617111206055,11.210000038146973,11.390000343322754,11.119999885559082,11.319999694824219,81700
2015-04-28,6.097701549530029,11.609999656677246,11.649999618530273,11.119999885559082,11.119999885559082,212700
2015-04-29,5.9821553230285645,11.390000343322754,11.5,11.15999984741211,11.489999771118164,150200
2015-04-30,5.976902961730957,11.380000114440918,11.460000038146973,10.920000076293945,11.279999732971191,304300
2015-05-01,6.071441173553467,11.5600004196167,11.65999984741211,11.369999885559082,11.470000267028809,220300
2015-05-04,5.929633617401123,11.289999961853027,11.680000305175781,11.119999885559082,11.550000190734863,298100
2015-05-05,5.892869472503662,11.220000267028809,11.329999923706055,11.09000015258789,11.25,132700
2015-05-06,5.892869472503662,11.220000267028809,11.270000457763672,11.039999961853027,11.25,185600
2015-05-07,5.871860980987549,11.180000305175781,11.319999694824219,11.149999618530273,11.229999542236328,141400
2015-05-08,5.892869472503662,11.220000267028809,11.350000381469727,11.140000343322754,11.270000457763672,167300
2015-05-11,5.861356735229492,11.15999984741211,11.34000015258789,11.010000228881836,11.239999771118164,138400
2015-05-12,5.803582668304443,11.050000190734863,11.180000305175781,10.970000267028809,11.09000015258789,136100
2015-05-13,5.861356735229492,11.15999984741211,11.170000076293945,10.949999809265137,11.0600004196167,77500
2015-05-14,5.887617111206055,11.210000038146973,11.329999923706055,11.050000190734863,11.1899995803833,111400
2015-05-15,5.940138816833496,11.3100004196167,11.329999923706055,11.130000114440918,11.180000305175781,85100
2015-05-18,5.871860980987549,11.180000305175781,11.260000228881836,10.989999771118164,11.229999542236328,132300
2015-05-19,5.887617111206055,11.210000038146973,11.289999961853027,11.119999885559082,11.149999618530273,180400
2015-05-20,5.90862512588501,11.25,11.300000190734863,11.180000305175781,11.1899995803833,160600
2015-05-21,5.861356735229492,11.15999984741211,11.300000190734863,11.140000343322754,11.210000038146973,47100
2015-05-22,5.945390224456787,11.319999694824219,11.449999809265137,11.100000381469727,11.100000381469727,158400
2015-05-26,5.866609573364258,11.170000076293945,11.350000381469727,11.140000343322754,11.34000015258789,91000
2015-05-27,5.903372764587402,11.239999771118164,11.380000114440918,11.170000076293945,11.170000076293945,151600
2015-05-28,5.8981218338012695,11.229999542236328,11.25,11.109999656677246,11.1899995803833,78000
2015-05-29,5.8981218338012695,11.229999542236328,11.300000190734863,11.109999656677246,11.1899995803833,202000
2015-06-01,6.024172782897949,11.470000267028809,11.630000114440918,11.239999771118164,11.520000457763672,417500
2015-06-02,6.081945419311523,11.579999923706055,11.600000381469727,11.359999656677246,11.449999809265137,544600
2015-06-03,5.961147785186768,11.350000381469727,11.59000015258789,11.3100004196167,11.579999923706055,128000
2015-06-04,5.903372764587402,11.239999771118164,11.34000015258789,11.210000038146973,11.319999694824219,85000
2015-06-05,5.819339752197266,11.079999923706055,11.210000038146973,11.020000457763672,11.199999809265137,169200
2015-06-08,5.745810031890869,10.9399995803833,11.119999885559082,10.890000343322754,11.079999923706055,212600
2015-06-09,5.730053424835205,10.90999984741211,10.979999542236328,10.819999694824219,10.90999984741211,142200
2015-06-10,5.751061916351318,10.949999809265137,11.119999885559082,10.899999618530273,10.9399995803833,149200
2015-06-11,5.8823652267456055,11.199999809265137,11.199999809265137,11.0,11.0,122200
2015-06-12,5.808835983276367,11.0600004196167,11.1899995803833,11.039999961853027,11.039999961853027,101100
2015-06-15,5.561985969543457,10.59000015258789,11.050000190734863,10.520000457763672,11.020000457763672,214100
2015-06-16,5.4149274826049805,10.3100004196167,10.600000381469727,10.3100004196167,10.600000381469727,113900
2015-06-17,5.346649646759033,10.180000305175781,10.359999656677246,10.010000228881836,10.359999656677246,194000
2015-06-18,5.262616157531738,10.020000457763672,10.229999542236328,9.880000114440918,10.229999542236328,208600
2015-06-19,5.257363796234131,10.010000228881836,10.039999961853027,9.869999885559082,10.039999961853027,371200
2015-06-22,5.252111911773682,10.0,10.029999732971191,9.859999656677246,10.029999732971191,140800
2015-06-23,5.173330307006836,9.850000381469727,10.039999961853027,9.779999732971191,10.039999961853027,85800
2015-06-24,5.057783126831055,9.630000114440918,9.920000076293945,9.5600004196167,9.890000343322754,99900
2015-06-25,5.0735392570495605,9.65999984741211,9.6899995803833,9.449999809265137,9.6899995803833,165200
2015-06-26,5.262616157531738,10.020000457763672,10.029999732971191,9.680000305175781,9.680000305175781,575900
2015-06-29,5.278372287750244,10.050000190734863,10.210000038146973,9.770000457763672,9.899999618530273,294400
2015-06-30,5.3203887939453125,10.130000114440918,10.479999542236328,10.09000015258789,10.109999656677246,262500
2015-07-01,5.3729095458984375,10.229999542236328,10.3100004196167,10.09000015258789,10.260000228881836,155200
2015-07-02,5.026271343231201,9.569999694824219,10.3100004196167,9.529999732971191,10.199999809265137,248100
2015-07-06,4.968497276306152,9.460000038146973,9.65999984741211,9.369999885559082,9.489999771118164,139700
2015-07-07,4.994758129119873,9.510000228881836,9.569999694824219,9.3100004196167,9.489999771118164,128300
2015-07-08,4.852951526641846,9.239999771118164,9.520000457763672,9.15999984741211,9.479999542236328,103400
2015-07-09,4.931733131408691,9.390000343322754,9.479999542236328,9.329999923706055,9.34000015258789,94900
2015-07-10,5.031522750854492,9.579999923706055,9.65999984741211,9.479999542236328,9.479999542236328,60300
2015-07-13,5.047278881072998,9.609999656677246,9.6899995803833,9.550000190734863,9.649999618530273,59100
2015-07-14,5.089295864105225,9.6899995803833,9.729999542236328,9.569999694824219,9.59000015258789,100300
2015-07-15,5.047278881072998,9.609999656677246,9.6899995803833,9.460000038146973,9.6899995803833,65300
2015-07-16,5.042027473449707,9.600000381469727,9.649999618530273,9.550000190734863,9.640000343322754,49000
2015-07-17,4.984253883361816,9.489999771118164,9.619999885559082,9.4399995803833,9.550000190734863,139400
2015-07-20,4.873959541320801,9.279999732971191,9.539999961853027,9.25,9.449999809265137,94100
2015-07-21,4.837194919586182,9.210000038146973,9.380000114440918,9.199999809265137,9.270000457763672,63600
2015-07-22,4.868707656860352,9.270000457763672,9.300000190734863,9.149999618530273,9.210000038146973,84200
2015-07-23,4.852951526641846,9.239999771118164,9.3100004196167,9.180000305175781,9.3100004196167,105500
2015-07-24,4.84769868850708,9.229999542236328,9.3100004196167,9.180000305175781,9.270000457763672,92300
2015-07-27,4.842447280883789,9.220000267028809,9.279999732971191,9.109999656677246,9.210000038146973,109500
2015-07-28,4.889716625213623,9.3100004196167,9.609999656677246,9.0600004196167,9.260000228881836,130100
2015-07-29,4.894967555999756,9.319999694824219,9.5,9.210000038146973,9.359999656677246,122900
2015-07-30,5.0735392570495605,9.65999984741211,9.710000038146973,9.210000038146973,9.510000228881836,110000
2015-07-31,5.0735392570495605,9.65999984741211,9.75,9.470000267028809,9.6899995803833,98800
2015-08-03,4.910724639892578,9.350000381469727,9.630000114440918,9.25,9.630000114440918,118500
2015-08-04,4.915976047515869,9.359999656677246,9.4399995803833,9.220000267028809,9.350000381469727,109100
2015-08-05,5.010514736175537,9.539999961853027,9.5600004196167,9.350000381469727,9.4399995803833,113700
2015-08-06,4.837194919586182,9.210000038146973,9.680000305175781,9.15999984741211,9.680000305175781,194100
2015-08-07,4.8056817054748535,9.149999618530273,9.319999694824219,9.119999885559082,9.199999809265137,94900
2015-08-10,4.826691150665283,9.1899995803833,9.359999656677246,9.079999923706055,9.279999732971191,88900
2015-08-11,4.642867088317871,8.84000015258789,9.1899995803833,8.829999923706055,9.170000076293945,99100
2015-08-12,4.543076515197754,8.649999618530273,8.84000015258789,8.520000457763672,8.8100004196167,107600
2015-08-13,4.595597743988037,8.75,8.829999923706055,8.579999923706055,8.710000038146973,47300
2015-08-14,4.59034538269043,8.739999771118164,8.869999885559082,8.710000038146973,8.8100004196167,46100
2015-08-17,4.606101989746094,8.770000457763672,8.800000190734863,8.680000305175781,8.779999732971191,100600
2015-08-18,4.332992076873779,8.25,8.59000015258789,8.199999809265137,8.59000015258789,372100
2015-08-19,4.317235946655273,8.220000267028809,8.260000228881836,8.039999961853027,8.180000305175781,128200
2015-08-20,4.254210948944092,8.100000381469727,8.260000228881836,7.989999771118164,8.260000228881836,132100
2015-08-21,4.222697734832764,8.039999961853027,8.15999984741211,7.980000019073486,8.039999961853027,125900
2015-08-24,4.096647262573242,7.800000190734863,7.960000038146973,7.519999980926514,7.659999847412109,182600
2015-08-25,4.049377918243408,7.710000038146973,8.09000015258789,7.619999885559082,8.09000015258789,183800
2015-08-26,4.091394901275635,7.789999961853027,7.860000133514404,7.5,7.760000228881836,201700
2015-08-27,4.12816047668457,7.860000133514404,7.909999847412109,7.789999961853027,7.840000152587891,109600
2015-08-28,4.20168924331665,8.0,8.010000228881836,7.710000038146973,7.800000190734863,98100
2015-08-31,4.2857232093811035,8.15999984741211,8.210000038146973,8.0,8.050000190734863,95400
2015-09-01,4.243706226348877,8.079999923706055,8.180000305175781,7.909999847412109,8.029999732971191,355600
2015-09-02,4.170176982879639,7.940000057220459,8.220000267028809,7.78000020980835,8.220000267028809,155000
2015-09-03,4.212193489074707,8.020000457763672,8.130000114440918,7.920000076293945,7.940000057220459,135800
2015-09-04,4.133411407470703,7.869999885559082,8.0600004196167,7.829999923706055,7.900000095367432,50700
2015-09-08,4.196437358856201,7.989999771118164,8.020000457763672,7.829999923706055,7.989999771118164,125400
2015-09-09,4.175428867340088,7.949999809265137,8.010000228881836,7.909999847412109,8.010000228881836,120100
2015-09-10,4.117655277252197,7.840000152587891,8.0600004196167,7.809999942779541,7.96999979019165,91700
2015-09-11,4.065134048461914,7.739999771118164,7.860000133514404,7.650000095367432,7.860000133514404,45000
2015-09-14,4.002109050750732,7.619999885559082,7.789999961853027,7.409999847412109,7.789999961853027,90900
2015-09-15,4.049377918243408,7.710000038146973,7.869999885559082,7.53000020980835,7.670000076293945,80700
2015-09-16,4.07038688659668,7.75,7.829999923706055,7.659999847412109,7.690000057220459,63600
2015-09-17,4.107151031494141,7.820000171661377,7.900000095367432,7.710000038146973,7.710000038146973,55700
2015-09-18,4.185932636260986,7.96999979019165,8.0600004196167,7.710000038146973,7.75,429800
2015-09-21,4.264715194702148,8.119999885559082,8.460000038146973,7.989999771118164,7.989999771118164,124700
2015-09-22,3.9705963134765625,7.559999942779541,8.140000343322754,7.53000020980835,8.010000228881836,108400
2015-09-23,3.9705963134765625,7.559999942779541,7.639999866485596,7.400000095367432,7.590000152587891,153600
2015-09-24,3.944336175918579,7.510000228881836,7.559999942779541,7.360000133514404,7.559999942779541,62200
2015-09-25,4.0231170654296875,7.659999847412109,7.670000076293945,7.429999828338623,7.619999885559082,79600
2015-09-28,3.823537588119507,7.28000020980835,7.599999904632568,7.269999980926514,7.599999904632568,54500
2015-09-29,3.723747730255127,7.090000152587891,7.360000133514404,7.070000171661377,7.25,64700
2015-09-30,3.744755983352661,7.130000114440918,7.190000057220459,7.010000228881836,7.159999847412109,64300
2015-10-01,3.813033103942871,7.260000228881836,7.46999979019165,7.130000114440918,7.130000114440918,112000
2015-10-02,3.760511636734009,7.159999847412109,7.28000020980835,6.960000038146973,7.159999847412109,143700
2015-10-05,3.823537588119507,7.28000020980835,7.400000095367432,7.150000095367432,7.150000095367432,76600
2015-10-06,3.8340415954589844,7.300000190734863,7.349999904632568,7.210000038146973,7.230000019073486,77200
2015-10-07,3.9390835762023926,7.5,7.519999980926514,7.340000152587891,7.349999904632568,121000
2015-10-08,3.996856927871704,7.610000133514404,7.75,7.550000190734863,7.75,56400
2015-10-09,4.0178656578063965,7.650000095367432,7.710000038146973,7.579999923706055,7.579999923706055,66000
2015-10-12,3.944336175918579,7.510000228881836,7.679999828338623,7.5,7.679999828338623,43600
2015-10-13,3.9023191928863525,7.429999828338623,7.489999771118164,7.340000152587891,7.489999771118164,72100
2015-10-14,3.7710161209106445,7.179999828338623,7.46999979019165,7.139999866485596,7.389999866485596,45100
2015-10-15,3.7710161209106445,7.179999828338623,7.309999942779541,7.150000095367432,7.309999942779541,58000
2015-10-16,3.7657642364501953,7.170000076293945,7.199999809265137,7.079999923706055,7.190000057220459,36900
2015-10-19,3.823537588119507,7.28000020980835,7.420000076293945,7.110000133514404,7.139999866485596,80200
2015-10-20,3.8340415954589844,7.300000190734863,7.389999866485596,7.25,7.25,51100
2015-10-21,3.781519889831543,7.199999809265137,7.360000133514404,7.170000076293945,7.360000133514404,38000
2015-10-22,3.7395031452178955,7.119999885559082,7.300000190734863,7.059999942779541,7.190000057220459,57900
2015-10-23,3.7342514991760254,7.110000133514404,7.230000019073486,7.070000171661377,7.090000152587891,70700
2015-10-26,3.713242769241333,7.070000171661377,7.239999771118164,7.019999980926514,7.070000171661377,93800
2015-10-27,3.6239566802978516,6.900000095367432,7.059999942779541,6.820000171661377,7.019999980926514,632000
2015-10-28,3.876058578491211,7.380000114440918,7.5,7.119999885559082,7.309999942779541,160100
2015-10-29,3.944336175918579,7.510000228881836,7.739999771118164,7.349999904632568,7.5,609100
2015-10-30,3.9285800457000732,7.480000019073486,7.610000133514404,7.369999885559082,7.610000133514404,119100
2015-11-02,3.9023191928863525,7.429999828338623,7.550000190734863,7.380000114440918,7.550000190734863,168900
2015-11-03,3.9180753231048584,7.460000038146973,7.550000190734863,7.320000171661377,7.349999904632568,121500
2015-11-04,3.844545841217041,7.320000171661377,7.53000020980835,7.309999942779541,7.449999809265137,87100
2015-11-05,3.1565194129943848,6.010000228881836,6.789999961853027,5.940000057220459,6.610000133514404,261000
2015-11-06,3.1670234203338623,6.03000020980835,6.099999904632568,5.909999847412109,6.070000171661377,172000
2015-11-09,3.009459972381592,5.730000019073486,6.039999961853027,5.679999828338623,5.989999771118164,104300
2015-11-10,3.209040403366089,6.110000133514404,6.139999866485596,5.650000095367432,5.789999961853027,195800
2015-11-11,3.2195444107055664,6.130000114440918,6.269999980926514,6.110000133514404,6.110000133514404,97900
2015-11-12,3.1197543144226074,5.940000057220459,6.260000228881836,5.909999847412109,6.110000133514404,130600
2015-11-13,3.130258798599243,5.960000038146973,5.989999771118164,5.820000171661377,5.889999866485596,108000
2015-11-16,3.0987460613250732,5.900000095367432,6.03000020980835,5.869999885559082,5.949999809265137,113000
2015-11-17,2.993703603744507,5.699999809265137,5.949999809265137,5.690000057220459,5.880000114440918,77700
2015-11-18,3.0252163410186768,5.760000228881836,5.849999904632568,5.699999809265137,5.699999809265137,83300
2015-11-19,3.0042073726654053,5.71999979019165,5.789999961853027,5.670000076293945,5.699999809265137,77600
2015-11-20,2.9044179916381836,5.53000020980835,5.960000038146973,5.519999980926514,5.699999809265137,129000
2015-11-23,2.9884514808654785,5.690000057220459,5.730000019073486,5.519999980926514,5.519999980926514,81900
2015-11-24,3.0409727096557617,5.789999961853027,5.840000152587891,5.510000228881836,5.679999828338623,161200
2015-11-25,2.930678367614746,5.579999923706055,5.789999961853027,5.53000020980835,5.730000019073486,84200
2015-11-27,2.909669876098633,5.539999961853027,5.579999923706055,5.519999980926514,5.539999961853027,19800
2015-11-30,2.7573585510253906,5.25,5.53000020980835,5.130000114440918,5.53000020980835,384900
2015-12-01,2.7573585510253906,5.25,5.369999885559082,5.21999979019165,5.300000190734863,2288000
2015-12-02,2.6680729389190674,5.079999923706055,5.489999771118164,5.059999942779541,5.170000076293945,241000
2015-12-03,2.7100894451141357,5.159999847412109,5.25,5.050000190734863,5.079999923706055,166400
2015-12-04,2.5892908573150635,4.929999828338623,5.190000057220459,4.909999847412109,5.170000076293945,170900
2015-12-07,2.5315182209014893,4.820000171661377,4.920000076293945,4.75,4.920000076293945,164700
2015-12-08,2.5105092525482178,4.78000020980835,4.869999885559082,4.679999828338623,4.789999961853027,107100
2015-12-09,2.647064208984375,5.039999961853027,5.110000133514404,4.650000095367432,4.760000228881836,588000
2015-12-10,2.7678630352020264,5.269999980926514,5.28000020980835,4.949999809265137,5.070000171661377,158900
2015-12-11,2.631308078765869,5.010000228881836,5.170000076293945,4.920000076293945,5.170000076293945,123000
2015-12-14,2.6680729389190674,5.079999923706055,5.179999828338623,5.0,5.0,229300
2015-12-15,2.662821054458618,5.070000171661377,5.25,5.010000228881836,5.079999923706055,271700
2015-12-16,2.7416024208068848,5.21999979019165,5.340000152587891,5.039999961853027,5.039999961853027,109500
2015-12-17,2.715341567993164,5.170000076293945,5.289999961853027,5.150000095367432,5.170000076293945,102400
2015-12-18,2.6575684547424316,5.059999942779541,5.21999979019165,5.039999961853027,5.099999904632568,224900
2015-12-21,2.6890811920166016,5.119999885559082,5.139999866485596,5.0,5.059999942779541,81200
2015-12-22,2.7731149196624756,5.28000020980835,5.349999904632568,5.099999904632568,5.099999904632568,105600
2015-12-23,2.8571486473083496,5.440000057220459,5.460000038146973,5.190000057220459,5.28000020980835,112400
2015-12-24,2.9411826133728027,5.599999904632568,5.619999885559082,5.400000095367432,5.409999847412109,60500
2015-12-28,2.883409023284912,5.489999771118164,5.579999923706055,5.400000095367432,5.579999923706055,289700
2015-12-29,2.893913507461548,5.510000228881836,5.559999942779541,5.400000095367432,5.5,451300
2015-12-30,2.8886613845825195,5.5,5.579999923706055,5.449999809265137,5.5,106800
2015-12-31,2.9359304904937744,5.590000152587891,5.599999904632568,5.389999866485596,5.449999809265137,110800
2016-01-04,2.9569389820098877,5.630000114440918,5.71999979019165,5.349999904632568,5.489999771118164,190900
2016-01-05,2.930678367614746,5.579999923706055,5.659999847412109,5.449999809265137,5.650000095367432,192400
2016-01-06,3.0934934616088867,5.889999866485596,6.460000038146973,5.389999866485596,5.5,982300
2016-01-07,2.8886613845825195,5.5,5.829999923706055,5.320000171661377,5.800000190734863,361900
2016-01-08,2.9494194984436035,5.0,5.050000190734863,4.820000171661377,4.900000095367432,238000
2016-01-11,3.0143070220947266,5.110000133514404,5.130000114440918,5.0,5.090000152587891,172400
2016-01-12,3.067396402359009,5.199999809265137,5.289999961853027,5.079999923706055,5.130000114440918,224800
2016-01-13,2.8609366416931152,4.849999904632568,5.25,4.710000038146973,5.190000057220459,346800
2016-01-14,2.878633499145508,4.880000114440918,5.099999904632568,4.820000171661377,4.820000171661377,460100
2016-01-15,2.713465690612793,4.599999904632568,4.739999771118164,4.5,4.730000019073486,117600
2016-01-19,2.7665555477142334,4.690000057220459,4.699999809265137,4.480000019073486,4.480000019073486,128100
2016-01-20,2.689870834350586,4.559999942779541,4.630000114440918,4.400000095367432,4.550000190734863,142000
2016-01-21,2.713465690612793,4.599999904632568,4.710000038146973,4.519999980926514,4.539999961853027,99600
2016-01-22,2.925823926925659,4.960000038146973,5.0,4.650000095367432,4.650000095367432,169700
2016-01-25,2.8196449279785156,4.78000020980835,4.960000038146973,4.699999809265137,4.840000152587891,149200
2016-01-26,2.9199254512786865,4.949999809265137,4.980000019073486,4.730000019073486,4.75,166400
2016-01-27,2.8019487857818604,4.75,4.909999847412109,4.710000038146973,4.849999904632568,282400
2016-01-28,2.896329879760742,4.909999847412109,4.949999809265137,4.789999961853027,4.820000171661377,195100
2016-01-29,2.9789137840270996,5.050000190734863,5.090000152587891,4.860000133514404,4.860000133514404,215700
2016-02-01,2.83734130859375,4.809999942779541,5.010000228881836,4.800000190734863,4.869999885559082,216100
2016-02-02,2.8904309272766113,4.900000095367432,4.929999828338623,4.760000228881836,4.760000228881836,128200
2016-02-03,3.2325637340545654,5.480000019073486,5.539999961853027,4.880000114440918,4.880000114440918,241100
2016-02-04,3.244361400604248,5.5,5.630000114440918,5.340000152587891,5.449999809265137,261800
2016-02-05,3.101823329925537,3.8299999237060547,4.260000228881836,3.819999933242798,3.9700000286102295,599100
2016-02-08,3.1747121810913086,3.9200000762939453,3.950000047683716,3.6500000953674316,3.819999933242798,404100
2016-02-09,2.980341911315918,3.680000066757202,3.8499999046325684,3.559999942779541,3.809999942779541,238600
2016-02-10,2.988440752029419,3.690000057220459,3.740000009536743,3.5799999237060547,3.640000104904175,140400
2016-02-11,2.988440752029419,3.690000057220459,3.7100000381469727,3.4100000858306885,3.5,144100
2016-02-12,2.875058174133301,3.549999952316284,3.7300000190734863,3.5199999809265137,3.559999942779541,107800
2016-02-16,2.858860731124878,3.5299999713897705,3.619999885559082,3.5,3.5,85600
2016-02-17,2.964144706726074,3.6600000858306885,3.6600000858306885,2.9700000286102295,3.0,385800
2016-02-18,2.8831570148468018,3.559999942779541,3.6700000762939453,3.4800000190734863,3.5999999046325684,135600
2016-02-19,2.7940707206726074,3.450000047683716,3.569999933242798,3.450000047683716,3.4600000381469727,116900
2016-02-22,2.818366765975952,3.4800000190734863,3.5999999046325684,3.450000047683716,3.4700000286102295,167900
2016-02-23,2.7616755962371826,3.4100000858306885,3.5299999713897705,3.4100000858306885,3.430000066757202,71500
2016-02-24,2.7940707206726074,3.450000047683716,3.559999942779541,3.299999952316284,3.309999942779541,164300
2016-02-25,2.834564208984375,3.5,3.880000114440918,3.109999895095825,3.5799999237060547,198200
2016-02-26,2.875058174133301,3.549999952316284,3.559999942779541,3.369999885559082,3.5,252300
2016-02-29,2.9236507415771484,3.609999895095825,3.7300000190734863,3.569999933242798,3.569999933242798,158500
2016-03-01,3.0613293647766113,3.7799999713897705,3.809999942779541,3.569999933242798,3.569999933242798,143300
2016-03-02,3.0208356380462646,3.7300000190734863,3.880000114440918,3.5299999713897705,3.7699999809265137,343300
2016-03-03,3.3042919635772705,4.079999923706055,4.150000095367432,3.700000047683716,3.700000047683716,266600
2016-03-04,3.401477098464966,4.199999809265137,4.199999809265137,4.039999961853027,4.119999885559082,235800
2016-03-07,3.603945732116699,4.449999809265137,4.449999809265137,4.170000076293945,4.230000019073486,202300
2016-03-08,3.6120450496673584,4.460000038146973,4.579999923706055,4.269999980926514,4.550000190734863,256200
2016-03-09,3.4419710636138916,4.25,4.590000152587891,4.239999771118164,4.5,127800
2016-03-10,3.4338724613189697,4.239999771118164,4.369999885559082,4.150000095367432,4.369999885559082,52800
2016-03-11,3.636340856552124,4.489999771118164,4.579999923706055,4.28000020980835,4.369999885559082,205600
2016-03-14,3.6282427310943604,4.480000019073486,4.650000095367432,4.440000057220459,4.53000020980835,165100
2016-03-15,3.4662673473358154,4.28000020980835,4.429999828338623,4.090000152587891,4.409999847412109,138100
2016-03-16,3.636340856552124,4.489999771118164,4.5,4.25,4.329999923706055,128600
2016-03-17,3.636340856552124,4.489999771118164,4.559999942779541,4.400000095367432,4.53000020980835,105200
2016-03-18,3.814513683319092,4.710000038146973,4.71999979019165,4.449999809265137,4.519999980926514,199400
2016-03-21,3.603945732116699,4.449999809265137,4.78000020980835,4.400000095367432,4.679999828338623,86900
2016-03-22,3.522958755493164,4.349999904632568,4.46999979019165,4.309999942779541,4.400000095367432,72000
2016-03-23,3.5796499252319336,4.420000076293945,4.440000057220459,4.25,4.340000152587891,101500
2016-03-24,3.603945732116699,4.449999809265137,4.53000020980835,4.369999885559082,4.400000095367432,121700
2016-03-28,3.603945732116699,4.449999809265137,4.5,4.409999847412109,4.449999809265137,50200
2016-03-29,3.7011311054229736,4.570000171661377,4.590000152587891,4.380000114440918,4.409999847412109,202200
2016-03-30,3.7254273891448975,4.599999904632568,4.909999847412109,4.590000152587891,4.590000152587891,136900
2016-03-31,3.806414842605591,4.699999809265137,4.730000019073486,4.570000171661377,4.619999885559082,137700
2016-04-01,3.757822036743164,4.639999866485596,4.650000095367432,4.400000095367432,4.639999866485596,135600
2016-04-04,3.644440174102783,4.5,4.730000019073486,4.489999771118164,4.730000019073486,130600
2016-04-05,3.3204896450042725,4.099999904632568,4.46999979019165,4.059999942779541,4.429999828338623,136100
2016-04-06,3.3609836101531982,4.150000095367432,4.239999771118164,4.079999923706055,4.110000133514404,151600
2016-04-07,3.4338724613189697,4.239999771118164,4.239999771118164,4.119999885559082,4.139999866485596,107900
2016-04-08,3.3771812915802,4.170000076293945,4.260000228881836,4.130000114440918,4.25,134500
2016-04-11,3.4500701427459717,4.260000228881836,4.269999980926514,4.059999942779541,4.21999979019165,82400
2016-04-12,3.3771812915802,4.170000076293945,4.309999942779541,4.130000114440918,4.309999942779541,55100
2016-04-13,3.5877487659454346,4.429999828338623,4.429999828338623,4.139999866485596,4.210000038146973,114900
2016-04-14,3.603945732116699,4.449999809265137,4.46999979019165,4.28000020980835,4.449999809265137,104200
2016-04-15,3.5958473682403564,4.440000057220459,4.53000020980835,4.400000095367432,4.480000019073486,42600
2016-04-18,3.7335267066955566,4.610000133514404,4.650000095367432,4.369999885559082,4.420000076293945,121700
2016-04-19,3.8469088077545166,4.75,4.760000228881836,4.550000190734863,4.590000152587891,126000
2016-04-20,3.952193021774292,4.880000114440918,4.909999847412109,4.650000095367432,4.760000228881836,82400
2016-04-21,4.0169830322265625,4.960000038146973,4.980000019073486,4.769999980926514,4.929999828338623,78400
2016-04-22,3.9845879077911377,4.920000076293945,5.110000133514404,4.920000076293945,4.96999979019165,94600
2016-04-25,3.952193021774292,4.880000114440918,4.980000019073486,4.800000190734863,4.900000095367432,32400
2016-04-26,4.12226676940918,5.090000152587891,5.150000095367432,4.909999847412109,4.960000038146973,67900
2016-04-27,4.04937744140625,5.0,5.199999809265137,4.909999847412109,5.190000057220459,78800
2016-04-28,4.041278839111328,4.989999771118164,5.159999847412109,4.949999809265137,5.03000020980835,53700
2016-04-29,4.138463973999023,5.110000133514404,5.159999847412109,4.949999809265137,5.03000020980835,86800
2016-05-02,4.130364894866943,5.099999904632568,5.199999809265137,5.019999980926514,5.199999809265137,135000
2016-05-03,4.211352348327637,5.199999809265137,5.260000228881836,5.0,5.079999923706055,147300
2016-05-04,4.55150032043457,5.619999885559082,6.03000020980835,5.309999942779541,5.949999809265137,164100
2016-05-05,4.60819149017334,5.690000057220459,5.900000095367432,5.579999923706055,5.690000057220459,222400
2016-05-06,4.762068271636963,5.880000114440918,5.920000076293945,5.699999809265137,5.730000019073486,176600
2016-05-09,4.859253406524658,6.0,6.119999885559082,5.789999961853027,5.909999847412109,168200
2016-05-10,4.85115385055542,5.989999771118164,6.190000057220459,5.820000171661377,6.0,103300
2016-05-11,4.92404317855835,6.079999923706055,6.099999904632568,5.96999979019165,5.989999771118164,187000
2016-05-12,4.93214225769043,6.090000152587891,6.210000038146973,6.019999980926514,6.119999885559082,193100
2016-05-13,4.915944576263428,6.070000171661377,6.110000133514404,5.909999847412109,5.980000019073486,150400
2016-05-16,5.199400901794434,6.420000076293945,6.440000057220459,6.110000133514404,6.130000114440918,158800
2016-05-17,4.948339939117432,6.110000133514404,6.489999771118164,6.090000152587891,6.360000133514404,77200
2016-05-18,4.93214225769043,6.090000152587891,6.21999979019165,5.880000114440918,6.039999961853027,143200
2016-05-19,4.93214225769043,6.090000152587891,6.179999828338623,6.010000228881836,6.019999980926514,83000
2016-05-20,4.956438064575195,6.119999885559082,6.179999828338623,6.0,6.119999885559082,81200
2016-05-23,5.061722278594971,6.25,6.28000020980835,6.110000133514404,6.159999847412109,78900
2016-05-24,5.061722278594971,6.25,6.380000114440918,6.21999979019165,6.25,39300
2016-05-25,5.102215766906738,6.300000190734863,6.369999885559082,6.25,6.260000228881836,40300
2016-05-26,5.183203220367432,6.400000095367432,6.489999771118164,6.25,6.340000152587891,111300
2016-05-27,5.17510461807251,6.389999866485596,6.579999923706055,6.360000133514404,6.429999828338623,68100
2016-05-31,5.207499980926514,6.429999828338623,6.46999979019165,6.329999923706055,6.420000076293945,148300
2016-06-01,5.247993469238281,6.480000019073486,6.690000057220459,6.409999847412109,6.599999904632568,340600
2016-06-02,5.247993469238281,6.480000019073486,6.659999847412109,6.420000076293945,6.449999809265137,210000
2016-06-03,5.239894390106201,6.46999979019165,6.550000190734863,6.440000057220459,6.449999809265137,97100
2016-06-06,5.2317962646484375,6.460000038146973,6.630000114440918,6.440000057220459,6.489999771118164,88500
2016-06-07,5.17510461807251,6.389999866485596,6.570000171661377,6.360000133514404,6.480000019073486,70400
2016-06-08,5.256092071533203,6.489999771118164,6.5,6.380000114440918,6.440000057220459,84700
2016-06-09,5.134611129760742,6.340000152587891,6.449999809265137,6.210000038146973,6.449999809265137,180600
2016-06-10,5.11841344833374,6.320000171661377,6.400000095367432,6.179999828338623,6.269999980926514,80500
2016-06-13,5.110314846038818,6.309999942779541,6.489999771118164,6.21999979019165,6.309999942779541,98600
2016-06-14,5.142710208892822,6.349999904632568,6.46999979019165,6.28000020980835,6.360000133514404,78900
2016-06-15,5.12651252746582,6.329999923706055,6.5,6.320000171661377,6.380000114440918,82700
2016-06-16,5.158907413482666,6.369999885559082,6.429999828338623,6.309999942779541,6.360000133514404,94400
2016-06-17,5.142710208892822,6.349999904632568,6.440000057220459,6.260000228881836,6.300000190734863,294400
2016-06-20,5.337080001831055,6.590000152587891,6.789999961853027,6.300000190734863,6.460000038146973,128900
2016-06-21,5.353277683258057,6.610000133514404,6.880000114440918,6.550000190734863,6.679999828338623,419100
2016-06-22,5.385672092437744,6.650000095367432,6.730000019073486,6.539999961853027,6.659999847412109,211100
2016-06-23,5.345178604125977,6.599999904632568,6.869999885559082,6.579999923706055,6.730000019073486,89800
2016-06-24,4.92404317855835,6.079999923706055,6.46999979019165,6.079999923706055,6.340000152587891,358500
2016-06-27,4.843055725097656,5.980000019073486,6.159999847412109,5.900000095367432,5.920000076293945,113000
2016-06-28,4.907845973968506,6.059999942779541,6.199999809265137,5.980000019073486,5.980000019073486,169000
2016-06-29,5.102215766906738,6.300000190734863,6.329999923706055,6.090000152587891,6.139999866485596,90300
2016-06-30,5.037425518035889,6.21999979019165,6.369999885559082,6.170000076293945,6.329999923706055,95700
2016-07-01,5.207499980926514,6.429999828338623,6.46999979019165,6.139999866485596,6.139999866485596,81600
2016-07-05,4.85115385055542,5.989999771118164,6.400000095367432,5.980000019073486,6.360000133514404,289100
2016-07-06,5.053623199462891,6.239999771118164,6.349999904632568,5.920000076293945,5.920000076293945,239200
2016-07-07,5.11841344833374,6.320000171661377,6.400000095367432,6.21999979019165,6.21999979019165,65300
2016-07-08,5.337080001831055,6.590000152587891,6.630000114440918,6.309999942779541,6.409999847412109,46700
2016-07-11,5.328980922698975,6.579999923706055,6.96999979019165,6.570000171661377,6.699999809265137,121000
2016-07-12,5.345178604125977,6.599999904632568,6.75,6.570000171661377,6.659999847412109,224700
2016-07-13,5.5071539878845215,6.800000190734863,6.909999847412109,6.599999904632568,6.599999904632568,74900
2016-07-14,5.409968376159668,6.679999828338623,6.900000095367432,6.639999866485596,6.900000095367432,146600
2016-07-15,5.442363739013672,6.71999979019165,6.789999961853027,6.619999885559082,6.619999885559082,47600
2016-07-18,5.474758625030518,6.760000228881836,6.789999961853027,6.579999923706055,6.690000057220459,61000
2016-07-19,5.531449794769287,6.829999923706055,6.96999979019165,6.679999828338623,6.739999771118164,85500
2016-07-20,5.515252590179443,6.809999942779541,6.96999979019165,6.760000228881836,6.949999809265137,65800
2016-07-21,5.596240043640137,6.909999847412109,6.940000057220459,6.789999961853027,6.800000190734863,44600
2016-07-22,5.644832611083984,6.96999979019165,7.070000171661377,6.889999866485596,6.900000095367432,55300
2016-07-25,5.458561420440674,6.739999771118164,7.039999961853027,6.71999979019165,6.980000019073486,33400
2016-07-26,5.580042839050293,6.889999866485596,6.940000057220459,6.71999979019165,6.760000228881836,38200
2016-07-27,5.66912841796875,7.0,7.039999961853027,6.840000152587891,6.960000038146973,30300
2016-07-28,5.450462341308594,6.730000019073486,7.010000228881836,6.679999828338623,6.920000076293945,60300
2016-07-29,5.661030292510986,6.989999771118164,7.059999942779541,6.699999809265137,6.75,71400
2016-08-01,5.693425178527832,7.03000020980835,7.159999847412109,6.980000019073486,7.119999885559082,186600
2016-08-02,5.709622383117676,7.050000190734863,7.119999885559082,6.909999847412109,7.0,106400
2016-08-03,5.7420172691345215,7.090000152587891,7.139999866485596,6.949999809265137,6.949999809265137,101200
2016-08-04,5.5071539878845215,6.800000190734863,6.960000038146973,6.519999980926514,6.710000038146973,224900
2016-08-05,5.3613762855529785,6.619999885559082,6.96999979019165,6.53000020980835,6.820000171661377,479100
2016-08-08,5.474758625030518,6.760000228881836,6.760000228881836,6.570000171661377,6.650000095367432,106800
2016-08-09,5.288487434387207,6.53000020980835,6.829999923706055,6.300000190734863,6.829999923706055,157400
2016-08-10,5.345178604125977,6.599999904632568,6.699999809265137,6.460000038146973,6.53000020980835,215700
2016-08-11,5.385672092437744,6.650000095367432,6.75,6.550000190734863,6.670000076293945,205400
2016-08-12,5.515252590179443,6.809999942779541,6.809999942779541,6.679999828338623,6.699999809265137,304800
2016-08-15,5.604338645935059,6.920000076293945,7.010000228881836,6.829999923706055,6.889999866485596,102900
2016-08-16,5.304685115814209,6.550000190734863,6.909999847412109,6.5,6.909999847412109,42000
2016-08-17,5.280388832092285,6.519999980926514,6.619999885559082,6.400000095367432,6.619999885559082,44300
2016-08-18,5.191302299499512,6.409999847412109,6.539999961853027,6.329999923706055,6.539999961853027,45300
2016-08-19,5.199400901794434,6.420000076293945,6.429999828338623,6.269999980926514,6.409999847412109,38300
2016-08-22,5.304685115814209,6.550000190734863,6.559999942779541,6.300000190734863,6.409999847412109,51500
2016-08-23,5.393770694732666,6.659999847412109,6.710000038146973,6.510000228881836,6.619999885559082,28800
2016-08-24,5.304685115814209,6.550000190734863,6.639999866485596,6.429999828338623,6.639999866485596,132700
2016-08-25,5.337080001831055,6.590000152587891,6.670000076293945,6.409999847412109,6.559999942779541,100400
2016-08-26,5.539548873901367,6.840000152587891,6.860000133514404,6.639999866485596,6.670000076293945,174300
2016-08-29,5.871597766876221,7.25,7.309999942779541,6.78000020980835,6.860000133514404,318700
2016-08-30,5.66912841796875,7.0,7.300000190734863,7.0,7.25,649400
2016-08-31,5.4666595458984375,6.75,7.090000152587891,6.730000019073486,7.050000190734863,142700
2016-09-01,5.499054908752441,6.789999961853027,6.889999866485596,6.670000076293945,6.670000076293945,112900
2016-09-02,5.588141441345215,6.900000095367432,6.96999979019165,6.800000190734863,6.900000095367432,93600
2016-09-06,5.515252590179443,6.809999942779541,7.019999980926514,6.809999942779541,6.980000019073486,71200
2016-09-07,5.531449794769287,6.829999923706055,6.929999828338623,6.699999809265137,6.869999885559082,98700
2016-09-08,5.442363739013672,6.71999979019165,6.880000114440918,6.619999885559082,6.829999923706055,213200
2016-09-09,5.409968376159668,6.679999828338623,6.760000228881836,6.46999979019165,6.699999809265137,129400
2016-09-12,5.4666595458984375,6.75,6.849999904632568,6.630000114440918,6.630000114440918,211800
2016-09-13,4.93214225769043,6.090000152587891,6.519999980926514,6.090000152587891,6.449999809265137,184700
2016-09-14,4.85115385055542,5.989999771118164,6.159999847412109,5.989999771118164,6.079999923706055,247200
2016-09-15,4.85115385055542,5.989999771118164,6.139999866485596,5.989999771118164,6.059999942779541,108300
2016-09-16,4.859253406524658,6.0,6.130000114440918,5.900000095367432,5.900000095367432,277300
2016-09-19,4.980734825134277,6.150000095367432,6.190000057220459,6.039999961853027,6.099999904632568,97100
2016-09-20,4.85115385055542,5.989999771118164,6.260000228881836,5.980000019073486,6.21999979019165,222400
2016-09-21,4.915944576263428,6.070000171661377,6.159999847412109,5.96999979019165,6.010000228881836,315100
2016-09-22,4.940240859985352,6.099999904632568,6.25,6.099999904632568,6.190000057220459,133600
2016-09-23,4.940240859985352,6.099999904632568,6.199999809265137,6.059999942779541,6.190000057220459,156100
2016-09-26,4.8268585205078125,5.960000038146973,6.130000114440918,5.949999809265137,6.070000171661377,94500
2016-09-27,4.899747371673584,6.050000190734863,6.070000171661377,5.880000114440918,6.03000020980835,146900
2016-09-28,4.85115385055542,5.989999771118164,6.090000152587891,5.860000133514404,6.03000020980835,110400
2016-09-29,4.85115385055542,5.989999771118164,6.090000152587891,5.880000114440918,6.090000152587891,119100
2016-09-30,4.729673385620117,5.840000152587891,6.03000020980835,5.820000171661377,6.03000020980835,197300
2016-10-03,4.899747371673584,6.050000190734863,6.059999942779541,5.840000152587891,5.920000076293945,90300
2016-10-04,4.85115385055542,5.989999771118164,6.139999866485596,5.840000152587891,6.039999961853027,98700
2016-10-05,4.87545108795166,6.019999980926514,6.119999885559082,6.0,6.03000020980835,163600
2016-10-06,4.8268585205078125,5.960000038146973,6.199999809265137,5.909999847412109,5.989999771118164,143200
2016-10-07,4.859253406524658,6.0,6.059999942779541,5.940000057220459,5.980000019073486,93400
2016-10-10,4.697278022766113,5.800000190734863,6.099999904632568,5.75,6.0,149500
2016-10-11,4.656785011291504,5.75,5.849999904632568,5.650000095367432,5.75,81300
2016-10-12,4.818759441375732,5.949999809265137,6.050000190734863,5.75,5.800000190734863,54100
2016-10-13,4.616290092468262,5.699999809265137,5.900000095367432,5.699999809265137,5.75,172300
2016-10-14,4.656785011291504,5.75,5.949999809265137,5.75,5.800000190734863,55100
2016-10-17,4.697278022766113,5.800000190734863,5.949999809265137,5.650000095367432,5.650000095367432,70600
2016-10-18,4.737771987915039,5.849999904632568,5.949999809265137,5.670000076293945,5.670000076293945,27800
2016-10-19,4.859253406524658,6.0,6.079999923706055,5.800000190734863,5.800000190734863,265400
2016-10-20,4.737771987915039,5.849999904632568,5.949999809265137,5.699999809265137,5.920000076293945,74400
2016-10-21,4.656785011291504,5.75,5.800000190734863,5.75,5.75,23100
2016-10-24,4.656785011291504,5.75,5.800000190734863,5.670000076293945,5.670000076293945,88500
2016-10-25,4.697278022766113,5.800000190734863,5.949999809265137,5.699999809265137,5.699999809265137,47200
2016-10-26,4.656785011291504,5.75,5.829999923706055,5.650000095367432,5.699999809265137,52600
2016-10-27,4.697278022766113,5.800000190734863,5.800000190734863,5.650000095367432,5.699999809265137,32500
2016-10-28,4.656785011291504,5.75,5.800000190734863,5.599999904632568,5.699999809265137,62700
2016-10-31,4.656785011291504,5.75,5.900000095367432,5.699999809265137,5.75,85900
2016-11-01,4.737771987915039,5.849999904632568,5.900000095367432,5.75,5.75,71400
2016-11-02,4.535302639007568,5.599999904632568,5.800000190734863,5.550000190734863,5.699999809265137,101900
2016-11-03,4.616290092468262,5.699999809265137,5.849999904632568,5.650000095367432,5.75,72500
2016-11-04,4.616290092468262,5.699999809265137,5.75,5.599999904632568,5.599999904632568,43300
2016-11-07,4.697278022766113,5.800000190734863,5.849999904632568,5.75,5.75,36800
2016-11-08,4.697278022766113,5.800000190734863,5.849999904632568,5.699999809265137,5.699999809265137,62100
2016-11-09,4.535302639007568,5.599999904632568,5.699999809265137,5.550000190734863,5.550000190734863,53600
2016-11-10,4.697278022766113,5.800000190734863,5.849999904632568,5.599999904632568,5.599999904632568,47300
2016-11-11,4.454315185546875,5.5,5.699999809265137,5.449999809265137,5.659999847412109,98000
2016-11-14,4.413821697235107,5.449999809265137,5.5,5.199999809265137,5.449999809265137,63400
2016-11-15,4.535302639007568,5.599999904632568,5.650000095367432,5.349999904632568,5.349999904632568,24200
2016-11-16,4.535302639007568,5.599999904632568,5.75,5.550000190734863,5.550000190734863,41700
2016-11-17,4.575797080993652,5.650000095367432,5.75,5.550000190734863,5.550000190734863,29000
2016-11-18,4.697278022766113,5.800000190734863,5.800000190734863,5.599999904632568,5.599999904632568,23300
2016-11-21,4.616290092468262,5.699999809265137,5.900000095367432,5.650000095367432,5.800000190734863,33500
2016-11-22,4.818759441375732,5.949999809265137,6.0,5.650000095367432,5.650000095367432,57700
2016-11-23,5.061722278594971,6.25,6.349999904632568,5.849999904632568,5.849999904632568,52300
2016-11-25,4.575797080993652,5.650000095367432,6.199999809265137,5.25,6.199999809265137,178900
2016-11-28,4.575797080993652,5.650000095367432,5.699999809265137,5.650000095367432,5.699999809265137,134100
2016-11-29,4.454315185546875,5.5,5.800000190734863,5.449999809265137,5.650000095367432,704900
2016-11-30,4.413821697235107,5.449999809265137,5.730000019073486,5.449999809265137,5.550000190734863,184700
2016-12-01,4.575797080993652,5.650000095367432,5.75,5.449999809265137,5.5,66000
2016-12-02,4.575797080993652,5.650000095367432,5.75,5.550000190734863,5.599999904632568,74900
2016-12-05,4.454315185546875,5.5,5.699999809265137,5.449999809265137,5.550000190734863,76000
2016-12-06,4.535302639007568,5.599999904632568,5.699999809265137,5.449999809265137,5.449999809265137,101300
2016-12-07,4.535302639007568,5.599999904632568,5.800000190734863,5.550000190734863,5.550000190734863,125100
2016-12-08,4.535302639007568,5.599999904632568,5.699999809265137,5.550000190734863,5.650000095367432,62300
2016-12-09,4.494809627532959,5.550000190734863,5.75,5.550000190734863,5.650000095367432,89500
2016-12-12,4.130364894866943,5.099999904632568,5.599999904632568,5.099999904632568,5.5,64900
2016-12-13,4.170859336853027,5.150000095367432,5.400000095367432,5.050000190734863,5.150000095367432,89700
2016-12-14,4.170859336853027,5.150000095367432,5.199999809265137,5.050000190734863,5.099999904632568,59700
2016-12-15,4.008883953094482,4.949999809265137,5.150000095367432,4.75,5.150000095367432,331500
2016-12-16,4.04937744140625,5.0,5.099999904632568,4.829999923706055,4.949999809265137,265600
2016-12-19,3.9683902263641357,4.900000095367432,5.0,4.849999904632568,4.949999809265137,55700
2016-12-20,4.04937744140625,5.0,5.050000190734863,4.849999904632568,4.949999809265137,128500
2016-12-21,4.04937744140625,5.0,5.130000114440918,5.0,5.050000190734863,31400
2016-12-22,4.008883953094482,4.949999809265137,5.099999904632568,4.900000095367432,5.0,113300
2016-12-23,4.008883953094482,4.949999809265137,5.050000190734863,4.900000095367432,4.949999809265137,62700
2016-12-27,4.008883953094482,4.949999809265137,5.0,4.900000095367432,5.0,51500
2016-12-28,4.008883953094482,4.949999809265137,5.050000190734863,4.949999809265137,4.949999809265137,101100
2016-12-29,4.008883953094482,4.949999809265137,5.0,4.949999809265137,4.949999809265137,44700
2016-12-30,4.089871883392334,5.050000190734863,5.050000190734863,4.949999809265137,5.0,53400
2017-01-03,4.008883953094482,4.949999809265137,5.050000190734863,4.849999904632568,5.050000190734863,77500
2017-01-04,4.008883953094482,4.949999809265137,5.199999809265137,4.949999809265137,5.0,54600
2017-01-05,3.9683902263641357,4.900000095367432,4.96999979019165,4.800000190734863,4.949999809265137,55300
2017-01-06,3.927896022796631,4.849999904632568,4.900000095367432,4.800000190734863,4.900000095367432,63100
2017-01-09,3.927896022796631,4.849999904632568,4.900000095367432,4.800000190734863,4.900000095367432,29700
2017-01-10,4.04937744140625,5.0,5.0,4.849999904632568,4.900000095367432,47400
2017-01-11,4.008883953094482,4.949999809265137,4.949999809265137,4.849999904632568,4.949999809265137,42700
2017-01-12,3.9683902263641357,4.900000095367432,4.949999809265137,4.849999904632568,4.949999809265137,54400
2017-01-13,3.927896022796631,4.849999904632568,4.949999809265137,4.849999904632568,4.949999809265137,19700
2017-01-17,3.9683902263641357,4.900000095367432,4.929999828338623,4.849999904632568,4.900000095367432,45800
2017-01-18,3.8469088077545166,4.75,4.900000095367432,4.699999809265137,4.849999904632568,95100
2017-01-19,3.927896022796631,4.849999904632568,4.849999904632568,4.71999979019165,4.800000190734863,27600
2017-01-20,3.8874027729034424,4.800000190734863,4.900000095367432,4.75,4.900000095367432,29800
2017-01-23,3.8874027729034424,4.800000190734863,4.900000095367432,4.75,4.800000190734863,18000
2017-01-24,3.8469088077545166,4.75,4.800000190734863,4.699999809265137,4.800000190734863,27400
2017-01-25,3.9683902263641357,4.900000095367432,4.949999809265137,4.75,4.75,91000
2017-01-26,3.8874027729034424,4.800000190734863,4.900000095367432,4.75,4.900000095367432,55500
2017-01-27,3.9683902263641357,4.900000095367432,5.03000020980835,4.650000095367432,4.800000190734863,131000
2017-01-30,3.9683902263641357,4.900000095367432,4.949999809265137,4.849999904632568,4.949999809265137,42600
2017-01-31,4.008883953094482,4.949999809265137,4.949999809265137,4.900000095367432,4.949999809265137,22500
2017-02-01,3.9683902263641357,4.900000095367432,5.0,4.900000095367432,4.949999809265137,56800
2017-02-02,4.008883953094482,4.949999809265137,5.0,4.829999923706055,4.949999809265137,49600
2017-02-03,3.9683902263641357,4.900000095367432,5.0,4.900000095367432,4.949999809265137,49000
2017-02-06,3.8874027729034424,4.800000190734863,4.949999809265137,4.800000190734863,4.900000095367432,32800
2017-02-07,3.8469088077545166,4.75,4.900000095367432,4.650000095367432,4.75,44500
2017-02-08,3.7254273891448975,4.599999904632568,4.800000190734863,4.599999904632568,4.800000190734863,30400
2017-02-09,3.806414842605591,4.699999809265137,4.75,4.630000114440918,4.650000095367432,34100
2017-02-10,3.9683902263641357,4.900000095367432,5.099999904632568,4.800000190734863,4.920000076293945,138600
2017-02-13,4.089871883392334,5.050000190734863,5.099999904632568,4.900000095367432,4.949999809265137,43100
2017-02-14,4.2923407554626465,5.300000190734863,5.389999866485596,5.050000190734863,5.099999904632568,208300
2017-02-15,4.332833766937256,5.349999904632568,5.400000095367432,5.25,5.300000190734863,67400
2017-02-16,4.2923407554626465,5.300000190734863,5.349999904632568,5.25,5.349999904632568,161800
2017-02-17,4.211352348327637,5.199999809265137,5.349999904632568,5.150000095367432,5.349999904632568,62300
2017-02-21,4.211352348327637,5.199999809265137,5.28000020980835,5.099999904632568,5.25,72400
2017-02-22,4.2923407554626465,5.300000190734863,5.300000190734863,5.150000095367432,5.199999809265137,49900
2017-02-23,4.251846790313721,5.25,5.349999904632568,5.25,5.349999904632568,194300
2017-02-24,4.423061847686768,4.650000095367432,4.800000190734863,4.449999809265137,4.550000190734863,113400
2017-02-27,4.518181324005127,4.75,4.800000190734863,4.550000190734863,4.599999904632568,178500
2017-02-28,4.565741539001465,4.800000190734863,4.849999904632568,4.75,4.849999904632568,123400
2017-03-01,4.708420753479004,4.949999809265137,5.0,4.699999809265137,4.900000095367432,267500
2017-03-02,5.75473690032959,6.050000190734863,6.099999904632568,4.900000095367432,5.0,341200
2017-03-03,5.279138565063477,5.550000190734863,6.150000095367432,5.300000190734863,6.099999904632568,261000
2017-03-06,5.707176685333252,6.0,6.0,5.329999923706055,5.599999904632568,191500
2017-03-07,5.659616470336914,5.949999809265137,6.0,5.900000095367432,5.949999809265137,152200
2017-03-08,5.659616470336914,5.949999809265137,5.949999809265137,5.800000190734863,5.900000095367432,135300
2017-03-09,5.516937255859375,5.800000190734863,6.0,5.75,6.0,94700
2017-03-10,5.564496994018555,5.849999904632568,5.900000095367432,5.650000095367432,5.699999809265137,108000
2017-03-13,5.4693779945373535,5.75,6.050000190734863,5.75,5.800000190734863,161500
2017-03-14,5.516937255859375,5.800000190734863,5.849999904632568,5.699999809265137,5.75,26300
2017-03-15,5.659616470336914,5.949999809265137,6.050000190734863,5.699999809265137,5.75,204500
2017-03-16,5.707176685333252,6.0,6.050000190734863,5.900000095367432,5.900000095367432,81300
2017-03-17,5.326698303222656,5.599999904632568,6.0,5.53000020980835,6.0,420900
2017-03-20,5.516937255859375,5.800000190734863,5.900000095367432,5.599999904632568,5.599999904632568,58800
2017-03-21,5.564496994018555,5.849999904632568,6.0,5.699999809265137,5.800000190734863,51500
2017-03-22,5.4693779945373535,5.75,5.849999904632568,5.699999809265137,5.800000190734863,37200
2017-03-23,5.659616470336914,5.949999809265137,6.0,5.699999809265137,5.699999809265137,71300
2017-03-24,5.716689109802246,6.010000228881836,6.050000190734863,5.900000095367432,5.949999809265137,66600
2017-03-27,5.564496994018555,5.849999904632568,6.050000190734863,5.800000190734863,6.0,153800
2017-03-28,5.802296161651611,6.099999904632568,6.099999904632568,5.800000190734863,5.800000190734863,1069600
2017-03-29,5.897415637969971,6.199999809265137,6.349999904632568,6.150000095367432,6.150000095367432,126800
2017-03-30,5.75473690032959,6.050000190734863,6.25,5.849999904632568,6.150000095367432,137000
2017-03-31,5.75473690032959,6.050000190734863,6.099999904632568,5.849999904632568,6.0,131700
2017-04-03,5.707176685333252,6.0,6.150000095367432,6.0,6.0,301500
2017-04-04,5.516937255859375,5.800000190734863,6.25,5.800000190734863,5.949999809265137,699500
2017-04-05,5.707176685333252,6.0,6.099999904632568,5.849999904632568,5.849999904632568,409400
2017-04-06,5.707176685333252,6.0,6.050000190734863,5.949999809265137,5.949999809265137,249800
2017-04-07,5.707176685333252,6.0,6.03000020980835,5.900000095367432,5.949999809265137,256800
2017-04-10,5.707176685333252,6.0,6.0,5.949999809265137,5.949999809265137,27100
2017-04-11,5.707176685333252,6.0,6.0,5.900000095367432,5.949999809265137,66200
2017-04-12,5.707176685333252,6.0,6.050000190734863,5.800000190734863,6.0,109400
2017-04-13,5.75473690032959,6.050000190734863,6.150000095367432,5.880000114440918,6.0,95600
2017-04-17,5.849856376647949,6.150000095367432,6.150000095367432,5.949999809265137,6.050000190734863,55200
2017-04-18,5.659616470336914,5.949999809265137,6.150000095367432,5.949999809265137,6.099999904632568,70600
2017-04-19,5.707176685333252,6.0,6.099999904632568,5.900000095367432,6.0,79300
2017-04-20,5.612057209014893,5.900000095367432,6.050000190734863,5.800000190734863,6.0,87300
2017-04-21,5.564496994018555,5.849999904632568,5.900000095367432,5.650000095367432,5.849999904632568,173500
2017-04-24,5.516937255859375,5.800000190734863,5.849999904632568,5.699999809265137,5.800000190734863,128500
2017-04-25,5.421817779541016,5.699999809265137,5.900000095367432,5.650000095367432,5.800000190734863,113900
2017-04-26,5.279138565063477,5.550000190734863,5.800000190734863,5.550000190734863,5.650000095367432,78800
2017-04-27,5.1364593505859375,5.400000095367432,5.599999904632568,5.329999923706055,5.5,261700
2017-04-28,4.898660182952881,5.150000095367432,5.400000095367432,5.099999904632568,5.400000095367432,854700
2017-05-01,4.898660182952881,5.150000095367432,5.25,5.099999904632568,5.150000095367432,214700
2017-05-02,4.898660182952881,5.150000095367432,5.199999809265137,5.099999904632568,5.150000095367432,342000
2017-05-03,4.851099967956543,5.099999904632568,5.150000095367432,4.800000190734863,5.099999904632568,291200
2017-05-04,4.755980968475342,5.0,5.150000095367432,4.949999809265137,5.0,653100
2017-05-05,4.565741539001465,4.800000190734863,5.0,4.75,4.949999809265137,166700
2017-05-08,4.613300800323486,4.849999904632568,4.849999904632568,4.650000095367432,4.800000190734863,223100
2017-05-09,4.375502109527588,4.599999904632568,4.889999866485596,4.5,4.849999904632568,635500
2017-05-10,4.423061847686768,4.650000095367432,4.679999828338623,4.5,4.650000095367432,180800
2017-05-11,4.327942371368408,4.550000190734863,4.650000095367432,4.449999809265137,4.650000095367432,204300
2017-05-12,4.1377034187316895,4.349999904632568,4.5,4.28000020980835,4.5,143600
2017-05-15,4.042583465576172,4.25,4.400000095367432,4.25,4.349999904632568,140800
2017-05-16,3.8999037742614746,4.099999904632568,4.25,4.03000020980835,4.25,327100
2017-05-17,3.662104845046997,3.8499999046325684,4.150000095367432,3.799999952316284,4.050000190734863,217600
2017-05-18,3.852344274520874,4.050000190734863,4.050000190734863,3.8499999046325684,3.9000000953674316,228100
2017-05-19,3.6145453453063965,3.799999952316284,4.099999904632568,3.75,4.050000190734863,472900
2017-05-22,3.6145453453063965,3.799999952316284,3.950000047683716,3.75,3.799999952316284,83600
2017-05-23,3.4718661308288574,3.6500000953674316,3.799999952316284,3.5999999046325684,3.75,155500
2017-05-24,3.6145453453063965,3.799999952316284,3.799999952316284,3.549999952316284,3.700000047683716,179000
2017-05-25,3.37674617767334,3.549999952316284,3.799999952316284,3.549999952316284,3.799999952316284,456900
2017-05-26,3.4243059158325195,3.5999999046325684,3.6500000953674316,3.549999952316284,3.5999999046325684,106800
2017-05-30,3.519425630569458,3.700000047683716,3.700000047683716,3.5,3.6500000953674316,159100
2017-05-31,3.662104845046997,3.8499999046325684,3.9000000953674316,3.3499999046325684,3.6500000953674316,627800
2017-06-01,3.7572247982025146,3.950000047683716,3.950000047683716,3.799999952316284,3.9000000953674316,230700
2017-06-02,3.7572247982025146,3.950000047683716,3.9800000190734863,3.700000047683716,3.9000000953674316,567400
2017-06-05,3.9474639892578125,4.150000095367432,4.300000190734863,3.75,3.9000000953674316,393800
2017-06-06,3.8047845363616943,4.0,4.099999904632568,3.9000000953674316,4.099999904632568,188100
2017-06-07,3.7572247982025146,3.950000047683716,4.050000190734863,3.5799999237060547,4.0,310100
2017-06-08,3.8047845363616943,4.0,4.050000190734863,3.9000000953674316,3.9000000953674316,190900
2017-06-09,3.6145453453063965,3.799999952316284,4.050000190734863,3.75,3.950000047683716,133400
2017-06-12,3.709664821624756,3.9000000953674316,3.9000000953674316,3.700000047683716,3.8499999046325684,341400
2017-06-13,3.6145453453063965,3.799999952316284,3.9000000953674316,3.75,3.8499999046325684,147900
2017-06-14,3.662104845046997,3.8499999046325684,3.9000000953674316,3.75,3.8499999046325684,146100
2017-06-15,3.709664821624756,3.9000000953674316,3.950000047683716,3.75,3.9000000953674316,224300
2017-06-16,4.042583465576172,4.25,4.25,3.9000000953674316,3.950000047683716,315900
2017-06-19,3.8999037742614746,4.099999904632568,4.28000020980835,4.050000190734863,4.119999885559082,349500
2017-06-20,3.7762486934661865,3.9700000286102295,4.150000095367432,3.8499999046325684,4.150000095367432,668300
2017-06-21,3.709664821624756,3.9000000953674316,4.0,3.9000000953674316,4.0,312200
2017-06-22,3.8047845363616943,4.0,4.050000190734863,3.9000000953674316,3.950000047683716,246600
2017-06-23,3.8047845363616943,4.0,4.099999904632568,3.8499999046325684,4.050000190734863,2814800
2017-06-26,3.995023488998413,4.199999809265137,4.349999904632568,4.0,4.0,212200
2017-06-27,4.375502109527588,4.599999904632568,4.699999809265137,4.199999809265137,4.199999809265137,350600
2017-06-28,4.518181324005127,4.75,4.800000190734863,4.550000190734863,4.599999904632568,248300
2017-06-29,4.518181324005127,4.75,4.849999904632568,4.650000095367432,4.75,186300
2017-06-30,4.613300800323486,4.849999904632568,4.900000095367432,4.599999904632568,4.699999809265137,317800
2017-07-03,4.185262680053711,4.400000095367432,4.849999904632568,4.21999979019165,4.849999904632568,237900
2017-07-05,4.1377034187316895,4.349999904632568,4.449999809265137,4.300000190734863,4.449999809265137,93100
2017-07-06,4.185262680053711,4.400000095367432,4.5,4.199999809265137,4.300000190734863,278300
2017-07-07,4.223310947418213,4.440000057220459,4.449999809265137,4.349999904632568,4.400000095367432,80000
2017-07-10,4.185262680053711,4.400000095367432,4.5,4.300000190734863,4.449999809265137,118400
2017-07-11,4.1377034187316895,4.349999904632568,4.5,4.25,4.400000095367432,79000
2017-07-12,4.090143203735352,4.300000190734863,4.5,4.25,4.349999904632568,84300
2017-07-13,3.995023488998413,4.199999809265137,4.349999904632568,4.150000095367432,4.300000190734863,128700
2017-07-14,4.090143203735352,4.300000190734863,4.400000095367432,4.199999809265137,4.199999809265137,80100
2017-07-17,4.185262680053711,4.400000095367432,4.449999809265137,4.25,4.25,119500
2017-07-18,4.565741539001465,4.800000190734863,4.849999904632568,4.349999904632568,4.400000095367432,184400
2017-07-19,4.898660182952881,5.150000095367432,5.25,4.800000190734863,4.849999904632568,180600
2017-07-20,4.898660182952881,5.150000095367432,5.199999809265137,5.0,5.199999809265137,133100
2017-07-21,4.8035407066345215,5.050000190734863,5.25,5.0,5.25,114100
2017-07-24,4.898660182952881,5.150000095367432,5.199999809265137,5.050000190734863,5.050000190734863,119700
2017-07-25,4.946219444274902,5.199999809265137,5.25,5.099999904632568,5.150000095367432,94500
2017-07-26,4.946219444274902,5.199999809265137,5.25,5.150000095367432,5.199999809265137,105900
2017-07-27,4.946219444274902,5.199999809265137,5.28000020980835,5.199999809265137,5.199999809265137,69200
2017-07-28,4.99377965927124,5.25,5.300000190734863,5.150000095367432,5.199999809265137,99600
2017-07-31,4.822564125061035,5.070000171661377,5.28000020980835,5.03000020980835,5.25,109400
2017-08-01,4.99377965927124,5.25,5.300000190734863,5.050000190734863,5.099999904632568,130500
2017-08-02,4.8035407066345215,5.050000190734863,5.300000190734863,5.0,5.300000190734863,169100
2017-08-03,4.375502109527588,4.599999904632568,5.079999923706055,4.5,5.0,108800
2017-08-04,4.1377034187316895,4.349999904632568,4.550000190734863,4.21999979019165,4.550000190734863,257200
2017-08-07,4.375502109527588,4.599999904632568,4.650000095367432,4.25,4.300000190734863,128900
2017-08-08,4.708420753479004,4.949999809265137,5.75,4.550000190734863,4.599999904632568,826100
2017-08-09,4.708420753479004,4.949999809265137,5.150000095367432,4.800000190734863,4.949999809265137,224000
2017-08-10,4.1377034187316895,4.349999904632568,4.949999809265137,4.300000190734863,4.949999809265137,166300
2017-08-11,4.1377034187316895,4.349999904632568,4.449999809265137,4.25,4.25,99000
2017-08-14,3.8047845363616943,4.0,4.449999809265137,3.950000047683716,4.449999809265137,181200
2017-08-15,3.709664821624756,3.9000000953674316,4.050000190734863,3.8499999046325684,4.050000190734863,263300
2017-08-16,3.8047845363616943,4.0,4.050000190734863,3.8499999046325684,3.950000047683716,169500
2017-08-17,3.9474639892578125,4.150000095367432,4.199999809265137,3.990000009536743,4.050000190734863,116900
2017-08-18,3.852344274520874,4.050000190734863,4.199999809265137,4.0,4.050000190734863,133300
2017-08-21,3.852344274520874,4.050000190734863,4.099999904632568,3.950000047683716,4.0,61600
2017-08-22,3.8047845363616943,4.0,4.099999904632568,3.9000000953674316,4.099999904632568,108500
2017-08-23,3.8999037742614746,4.099999904632568,4.150000095367432,3.9000000953674316,3.950000047683716,188900
2017-08-24,3.8999037742614746,4.099999904632568,4.150000095367432,4.0,4.099999904632568,25200
2017-08-25,3.852344274520874,4.050000190734863,4.150000095367432,4.0,4.050000190734863,61000
2017-08-28,3.852344274520874,4.050000190734863,4.099999904632568,3.9800000190734863,4.099999904632568,47700
2017-08-29,3.852344274520874,4.050000190734863,4.050000190734863,3.9000000953674316,4.0,267800
2017-08-30,3.7572247982025146,3.950000047683716,4.050000190734863,3.9000000953674316,4.0,89200
2017-08-31,3.662104845046997,3.8499999046325684,4.0,3.8499999046325684,3.950000047683716,151500
2017-09-01,3.852344274520874,4.050000190734863,4.150000095367432,3.7300000190734863,3.950000047683716,241600
2017-09-05,3.852344274520874,4.050000190734863,4.25,4.0,4.099999904632568,264500
2017-09-06,3.8047845363616943,4.0,4.050000190734863,3.9000000953674316,4.050000190734863,123900
2017-09-07,3.852344274520874,4.050000190734863,4.159999847412109,4.0,4.050000190734863,89700
2017-09-08,3.7572247982025146,3.950000047683716,4.050000190734863,3.950000047683716,4.0,172000
2017-09-11,3.8999037742614746,4.099999904632568,4.099999904632568,4.0,4.099999904632568,85900
2017-09-12,3.8999037742614746,4.099999904632568,4.150000095367432,4.0,4.099999904632568,79800
2017-09-13,3.852344274520874,4.050000190734863,4.150000095367432,3.930000066757202,4.099999904632568,223300
2017-09-14,3.852344274520874,4.050000190734863,4.099999904632568,3.950000047683716,4.099999904632568,141000
2017-09-15,3.8047845363616943,4.0,4.099999904632568,4.0,4.099999904632568,329400
2017-09-18,3.8047845363616943,4.0,4.050000190734863,3.8499999046325684,3.9000000953674316,325300
2017-09-19,3.8047845363616943,4.0,4.050000190734863,3.880000114440918,4.0,128700
2017-09-20,3.852344274520874,4.050000190734863,4.050000190734863,3.9000000953674316,3.950000047683716,101300
2017-09-21,3.8047845363616943,4.0,4.130000114440918,3.950000047683716,4.0,119900
2017-09-22,3.852344274520874,4.050000190734863,4.050000190734863,3.950000047683716,3.950000047683716,36700
2017-09-25,3.8999037742614746,4.099999904632568,4.099999904632568,4.0,4.0,74600
2017-09-26,3.8999037742614746,4.099999904632568,4.150000095367432,4.099999904632568,4.099999904632568,59900
2017-09-27,4.2803826332092285,4.5,4.5,4.050000190734863,4.150000095367432,152300
2017-09-28,4.518181324005127,4.75,4.800000190734863,4.380000114440918,4.400000095367432,170900
2017-09-29,4.423061847686768,4.650000095367432,4.75,4.550000190734863,4.699999809265137,72100
2017-10-02,4.2803826332092285,4.5,4.650000095367432,4.400000095367432,4.650000095367432,217600
2017-10-03,4.613300800323486,4.849999904632568,4.900000095367432,4.5,4.599999904632568,166900
2017-10-04,4.708420753479004,4.949999809265137,5.0,4.800000190734863,4.900000095367432,111700
2017-10-05,4.565741539001465,4.800000190734863,4.949999809265137,4.78000020980835,4.949999809265137,175700
2017-10-06,4.632330894470215,4.800000190734863,4.949999809265137,4.699999809265137,4.800000190734863,250600
2017-10-09,4.728837966918945,4.900000095367432,4.900000095367432,4.800000190734863,4.800000190734863,35800
2017-10-10,4.342810153961182,4.5,4.949999809265137,4.449999809265137,4.900000095367432,458700
2017-10-11,4.294556617736816,4.449999809265137,4.550000190734863,4.300000190734863,4.550000190734863,549800
2017-10-12,4.487570762634277,4.650000095367432,4.699999809265137,4.400000095367432,4.449999809265137,131400
2017-10-13,4.149796962738037,4.300000190734863,4.75,4.300000190734863,4.650000095367432,188000
2017-10-16,4.246303558349609,4.400000095367432,4.5,4.300000190734863,4.300000190734863,387500
2017-10-17,4.342810153961182,4.5,4.599999904632568,4.349999904632568,4.449999809265137,360100
2017-10-18,4.149796962738037,4.300000190734863,4.579999923706055,4.300000190734863,4.550000190734863,148200
2017-10-19,4.101542949676514,4.25,4.300000190734863,4.199999809265137,4.300000190734863,70300
2017-10-20,4.0243377685546875,4.170000076293945,4.300000190734863,4.099999904632568,4.300000190734863,161900
2017-10-23,3.908529281616211,4.050000190734863,4.199999809265137,4.03000020980835,4.150000095367432,155400
2017-10-24,3.8602757453918457,4.0,4.099999904632568,3.950000047683716,4.050000190734863,121200
2017-10-25,3.8602757453918457,4.0,4.099999904632568,3.950000047683716,4.0,101400
2017-10-26,3.8602757453918457,4.0,4.099999904632568,3.950000047683716,4.050000190734863,136100
2017-10-27,3.956782579421997,4.099999904632568,4.179999828338623,3.950000047683716,4.0,464100
2017-10-30,3.8602757453918457,4.0,4.099999904632568,3.950000047683716,4.050000190734863,359000
2017-10-31,3.667262077331543,3.799999952316284,4.050000190734863,3.75,4.0,337000
2017-11-01,3.7350833415985107,3.799999952316284,3.8499999046325684,3.5999999046325684,3.75,144100
2017-11-02,3.7350833415985107,3.799999952316284,3.8499999046325684,3.6500000953674316,3.799999952316284,71600
2017-11-03,3.7350833415985107,3.799999952316284,3.799999952316284,3.700000047683716,3.799999952316284,39500
2017-11-06,3.7350833415985107,3.799999952316284,3.950000047683716,3.75,3.799999952316284,73300
2017-11-07,3.882520914077759,3.950000047683716,4.099999904632568,3.799999952316284,3.799999952316284,164600
2017-11-08,3.784229040145874,3.8499999046325684,4.0,3.75,3.75,148800
2017-11-09,3.9808125495910645,4.050000190734863,4.099999904632568,3.8499999046325684,3.8499999046325684,132000
2017-11-10,3.784229040145874,3.8499999046325684,4.099999904632568,3.8499999046325684,4.050000190734863,81300
2017-11-13,3.9808125495910645,4.050000190734863,4.050000190734863,3.809999942779541,3.8499999046325684,132200
2017-11-14,3.931666612625122,4.0,4.050000190734863,3.950000047683716,4.050000190734863,132900
2017-11-15,3.882520914077759,3.950000047683716,4.099999904632568,3.9000000953674316,4.0,329700
2017-11-16,3.931666612625122,4.0,4.099999904632568,3.930000066757202,3.950000047683716,59400
2017-11-17,4.128249645233154,4.199999809265137,4.25,3.950000047683716,3.950000047683716,83100
2017-11-20,4.177395820617676,4.25,4.25,4.150000095367432,4.199999809265137,46400
2017-11-21,4.324833393096924,4.400000095367432,4.400000095367432,4.150000095367432,4.25,159800
2017-11-22,4.177395820617676,4.25,4.400000095367432,4.099999904632568,4.400000095367432,193300
2017-11-24,4.128249645233154,4.199999809265137,4.25,4.099999904632568,4.25,33500
2017-11-27,4.226541996002197,4.300000190734863,4.400000095367432,4.150000095367432,4.199999809265137,104600
2017-11-28,4.373979091644287,4.449999809265137,4.449999809265137,4.25,4.300000190734863,87200
2017-11-29,4.521416664123535,4.599999904632568,4.650000095367432,4.349999904632568,4.449999809265137,117500
2017-11-30,4.619708061218262,4.699999809265137,4.829999923706055,4.5,4.650000095367432,214300
2017-12-01,4.275687217712402,4.349999904632568,4.699999809265137,4.28000020980835,4.699999809265137,144700
2017-12-04,4.324833393096924,4.400000095367432,4.650000095367432,4.300000190734863,4.449999809265137,259900
2017-12-05,4.324833393096924,4.400000095367432,4.400000095367432,4.25,4.400000095367432,92400
2017-12-06,4.324833393096924,4.400000095367432,4.5,4.300000190734863,4.400000095367432,122400
2017-12-07,4.324833393096924,4.400000095367432,4.5,4.300000190734863,4.400000095367432,160100
2017-12-08,4.275687217712402,4.349999904632568,4.449999809265137,4.300000190734863,4.400000095367432,82900
2017-12-11,4.079104423522949,4.150000095367432,4.5,4.150000095367432,4.300000190734863,126600
2017-12-12,4.029958248138428,4.099999904632568,4.25,4.0,4.150000095367432,228800
2017-12-13,4.226541996002197,4.300000190734863,4.400000095367432,4.099999904632568,4.099999904632568,481900
2017-12-14,4.029958248138428,4.099999904632568,4.300000190734863,4.0,4.300000190734863,354500
2017-12-15,4.128249645233154,4.199999809265137,4.25,4.0,4.099999904632568,495200
2017-12-18,4.128249645233154,4.199999809265137,4.300000190734863,4.0,4.199999809265137,468000
2017-12-19,3.9808125495910645,4.050000190734863,4.179999828338623,3.9000000953674316,4.150000095367432,510700
2017-12-20,4.177395820617676,4.25,4.380000114440918,4.0,4.050000190734863,166500
2017-12-21,4.76714563369751,4.849999904632568,4.900000095367432,4.199999809265137,4.25,990500
2017-12-22,4.472270965576172,4.550000190734863,4.849999904632568,4.550000190734863,4.849999904632568,235900
2017-12-26,4.668854236602783,4.75,4.75,4.550000190734863,4.550000190734863,79000
2017-12-27,4.570562362670898,4.650000095367432,4.75,4.630000114440918,4.699999809265137,196600
2017-12-28,4.619708061218262,4.699999809265137,4.75,4.599999904632568,4.650000095367432,51000
2017-12-29,4.521416664123535,4.599999904632568,4.75,4.579999923706055,4.75,109400
2018-01-02,4.668854236602783,4.75,4.800000190734863,4.599999904632568,4.599999904632568,219700
2018-01-03,4.76714563369751,4.849999904632568,4.900000095367432,4.699999809265137,4.75,101100
2018-01-04,4.668854236602783,4.75,4.849999904632568,4.650000095367432,4.849999904632568,71400
2018-01-05,4.668854236602783,4.75,4.849999904632568,4.650000095367432,4.75,97500
2018-01-08,4.570562362670898,4.650000095367432,4.849999904632568,4.650000095367432,4.699999809265137,22200
2018-01-09,4.76714563369751,4.849999904632568,4.949999809265137,4.630000114440918,4.650000095367432,263400
2018-01-10,4.668854236602783,4.75,4.829999923706055,4.699999809265137,4.800000190734863,57300
2018-01-11,4.7179999351501465,4.800000190734863,4.849999904632568,4.699999809265137,4.75,162000
2018-01-12,4.816291809082031,4.900000095367432,4.949999809265137,4.800000190734863,4.800000190734863,71000
2018-01-16,4.7179999351501465,4.800000190734863,5.099999904632568,4.75,4.900000095367432,76000
2018-01-17,4.521416664123535,4.599999904632568,4.800000190734863,4.550000190734863,4.800000190734863,361700
2018-01-18,4.472270965576172,4.550000190734863,4.599999904632568,4.5,4.599999904632568,122000
2018-01-19,4.816291809082031,4.900000095367432,5.099999904632568,4.5,4.5,165400
2018-01-22,4.865437030792236,4.949999809265137,5.03000020980835,4.849999904632568,4.849999904632568,40600
2018-01-23,4.816291809082031,4.900000095367432,4.96999979019165,4.849999904632568,4.900000095367432,51300
2018-01-24,4.7179999351501465,4.800000190734863,4.989999771118164,4.800000190734863,4.949999809265137,28600
2018-01-25,4.75,4.75,4.800000190734863,4.599999904632568,4.75,65600
2018-01-26,5.050000190734863,5.050000190734863,5.150000095367432,4.699999809265137,4.75,125000
2018-01-29,4.900000095367432,4.900000095367432,5.099999904632568,4.800000190734863,5.050000190734863,41700
2018-01-30,4.75,4.75,4.949999809265137,4.699999809265137,4.900000095367432,54100
2018-01-31,4.849999904632568,4.849999904632568,4.949999809265137,4.699999809265137,4.75,56400
2018-02-01,4.800000190734863,4.800000190734863,4.949999809265137,4.699999809265137,4.800000190734863,62200
2018-02-02,4.699999809265137,4.699999809265137,4.849999904632568,4.679999828338623,4.800000190734863,59800
2018-02-05,4.599999904632568,4.599999904632568,4.75,4.5,4.650000095367432,88400
2018-02-06,4.699999809265137,4.699999809265137,4.75,4.5,4.5,111500
2018-02-07,4.599999904632568,4.599999904632568,4.75,4.599999904632568,4.650000095367432,38200
2018-02-08,4.599999904632568,4.599999904632568,4.71999979019165,4.550000190734863,4.599999904632568,61900
2018-02-09,4.800000190734863,4.800000190734863,4.900000095367432,4.449999809265137,4.449999809265137,70100
2018-02-12,4.650000095367432,4.650000095367432,4.800000190734863,4.599999904632568,4.75,64200
2018-02-13,4.650000095367432,4.650000095367432,4.75,4.599999904632568,4.599999904632568,63700
2018-02-14,4.75,4.75,4.849999904632568,4.599999904632568,4.599999904632568,51200
2018-02-15,5.099999904632568,5.099999904632568,5.150000095367432,4.699999809265137,4.75,54500
2018-02-16,5.0,5.0,5.199999809265137,4.900000095367432,5.0,50200
2018-02-20,4.900000095367432,4.900000095367432,5.050000190734863,4.849999904632568,4.949999809265137,28700
2018-02-21,4.800000190734863,4.800000190734863,5.050000190734863,4.800000190734863,4.900000095367432,56600
2018-02-22,5.0,5.0,5.0,4.800000190734863,4.800000190734863,25300
2018-02-23,5.099999904632568,5.099999904632568,5.150000095367432,5.0,5.050000190734863,51100
2018-02-26,5.300000190734863,5.300000190734863,5.349999904632568,5.099999904632568,5.099999904632568,65700
2018-02-27,5.099999904632568,5.099999904632568,5.300000190734863,5.050000190734863,5.25,31200
2018-02-28,4.800000190734863,4.800000190734863,5.25,4.800000190734863,5.099999904632568,51800
2018-03-01,4.949999809265137,4.949999809265137,5.099999904632568,4.800000190734863,4.800000190734863,68100
2018-03-02,5.0,5.0,5.099999904632568,4.849999904632568,4.900000095367432,96300
2018-03-05,5.050000190734863,5.050000190734863,5.199999809265137,4.949999809265137,4.949999809265137,464500
2018-03-06,4.949999809265137,4.949999809265137,5.199999809265137,4.900000095367432,5.099999904632568,330100
2018-03-07,4.949999809265137,4.949999809265137,5.050000190734863,4.900000095367432,4.900000095367432,179700
2018-03-08,4.900000095367432,4.900000095367432,4.949999809265137,4.800000190734863,4.900000095367432,46000
2018-03-09,5.050000190734863,5.050000190734863,5.099999904632568,4.849999904632568,4.900000095367432,81200
2018-03-12,5.0,5.0,5.099999904632568,4.949999809265137,5.099999904632568,134100
2018-03-13,5.0,5.0,5.050000190734863,4.900000095367432,5.0,117300
2018-03-14,4.900000095367432,4.900000095367432,5.050000190734863,4.900000095367432,5.0,4830600
2018-03-15,4.900000095367432,4.900000095367432,5.050000190734863,4.900000095367432,5.0,110700
2018-03-16,4.900000095367432,4.900000095367432,5.0,4.849999904632568,4.900000095367432,312900
2018-03-19,4.900000095367432,4.900000095367432,5.050000190734863,4.849999904632568,4.900000095367432,123900
2018-03-20,4.849999904632568,4.849999904632568,5.0,4.800000190734863,4.900000095367432,999000
2018-03-21,4.900000095367432,4.900000095367432,4.949999809265137,4.800000190734863,4.849999904632568,72500
2018-03-22,4.900000095367432,4.900000095367432,5.099999904632568,4.800000190734863,4.800000190734863,156000
2018-03-23,4.699999809265137,4.699999809265137,4.949999809265137,4.650000095367432,4.900000095367432,171000
2018-03-26,5.0,5.0,5.050000190734863,4.699999809265137,4.800000190734863,101800
2018-03-27,4.949999809265137,4.949999809265137,5.050000190734863,4.849999904632568,5.0,99200
2018-03-28,4.900000095367432,4.900000095367432,5.0,4.849999904632568,5.0,101800
2018-03-29,4.900000095367432,4.900000095367432,4.949999809265137,4.800000190734863,4.949999809265137,138400
2018-04-02,4.75,4.75,4.849999904632568,4.699999809265137,4.849999904632568,93200
2018-04-03,4.75,4.75,4.849999904632568,4.699999809265137,4.75,143400
2018-04-04,4.900000095367432,4.900000095367432,4.900000095367432,4.75,4.75,85200
2018-04-05,4.949999809265137,4.949999809265137,5.050000190734863,4.900000095367432,4.900000095367432,322200
2018-04-06,4.949999809265137,4.949999809265137,4.949999809265137,4.849999904632568,4.949999809265137,78000
2018-04-09,4.849999904632568,4.849999904632568,4.949999809265137,4.75,4.949999809265137,91400
2018-04-10,4.949999809265137,4.949999809265137,4.949999809265137,4.75,4.900000095367432,93200
2018-04-11,4.949999809265137,4.949999809265137,5.0,4.900000095367432,4.949999809265137,65600
2018-04-12,4.949999809265137,4.949999809265137,4.949999809265137,4.849999904632568,4.949999809265137,66200
2018-04-13,4.949999809265137,4.949999809265137,4.949999809265137,4.900000095367432,4.949999809265137,42000
2018-04-16,4.949999809265137,4.949999809265137,5.0,4.900000095367432,4.949999809265137,84900
2018-04-17,4.949999809265137,4.949999809265137,5.0,4.900000095367432,4.949999809265137,91400
2018-04-18,4.949999809265137,4.949999809265137,5.0,4.900000095367432,5.0,93700
2018-04-19,4.949999809265137,4.949999809265137,4.949999809265137,4.849999904632568,4.949999809265137,31300
2018-04-20,4.949999809265137,4.949999809265137,4.949999809265137,4.849999904632568,4.900000095367432,34100
2018-04-23,4.949999809265137,4.949999809265137,4.949999809265137,4.900000095367432,4.949999809265137,54600
2018-04-24,4.949999809265137,4.949999809265137,4.949999809265137,4.800000190734863,4.949999809265137,36900
2018-04-25,4.949999809265137,4.949999809265137,5.0,4.900000095367432,5.0,30200
2018-04-26,4.949999809265137,4.949999809265137,5.0,4.849999904632568,4.949999809265137,51300
2018-04-27,4.849999904632568,4.849999904632568,4.900000095367432,4.800000190734863,4.900000095367432,20900
2018-04-30,4.800000190734863,4.800000190734863,4.949999809265137,4.75,4.900000095367432,39200
2018-05-01,4.400000095367432,4.400000095367432,4.599999904632568,4.349999904632568,4.550000190734863,243500
2018-05-02,4.800000190734863,4.800000190734863,4.900000095367432,4.300000190734863,4.349999904632568,399300
2018-05-03,4.75,4.75,4.800000190734863,4.599999904632568,4.75,47700
2018-05-04,4.75,4.75,4.800000190734863,4.650000095367432,4.699999809265137,46900
2018-05-07,4.699999809265137,4.699999809265137,4.800000190734863,4.650000095367432,4.800000190734863,39900
2018-05-08,4.449999809265137,4.449999809265137,4.699999809265137,4.449999809265137,4.699999809265137,68100
2018-05-09,4.480000019073486,4.480000019073486,4.5,4.25,4.5,146200
2018-05-10,4.650000095367432,4.650000095367432,4.699999809265137,4.449999809265137,4.449999809265137,30500
2018-05-11,4.699999809265137,4.699999809265137,4.699999809265137,4.599999904632568,4.599999904632568,29000
2018-05-14,4.699999809265137,4.699999809265137,4.699999809265137,4.550000190734863,4.550000190734863,44100
2018-05-15,4.699999809265137,4.699999809265137,4.75,4.650000095367432,4.699999809265137,35500
2018-05-16,4.650000095367432,4.650000095367432,4.699999809265137,4.599999904632568,4.699999809265137,52000
2018-05-17,4.650000095367432,4.650000095367432,4.650000095367432,4.599999904632568,4.650000095367432,21500
2018-05-18,4.599999904632568,4.599999904632568,4.75,4.550000190734863,4.75,101700
2018-05-21,4.650000095367432,4.650000095367432,4.650000095367432,4.550000190734863,4.599999904632568,29800
2018-05-22,4.5,4.5,4.550000190734863,4.25,4.449999809265137,162800
2018-05-23,4.449999809265137,4.449999809265137,4.579999923706055,4.349999904632568,4.449999809265137,115100
2018-05-24,4.300000190734863,4.300000190734863,4.550000190734863,4.300000190734863,4.400000095367432,213700
2018-05-25,4.300000190734863,4.300000190734863,4.349999904632568,4.289999961853027,4.300000190734863,58600
2018-05-29,4.400000095367432,4.400000095367432,4.449999809265137,4.25,4.300000190734863,81300
2018-05-30,4.349999904632568,4.349999904632568,4.550000190734863,4.25,4.400000095367432,77300
2018-05-31,4.349999904632568,4.349999904632568,4.400000095367432,4.300000190734863,4.400000095367432,179700
2018-06-01,4.300000190734863,4.300000190734863,4.5,4.28000020980835,4.400000095367432,302200
2018-06-04,4.5,4.5,4.599999904632568,4.300000190734863,4.300000190734863,62200
2018-06-05,4.449999809265137,4.449999809265137,4.599999904632568,4.400000095367432,4.449999809265137,160700
2018-06-06,4.449999809265137,4.449999809265137,4.599999904632568,4.400000095367432,4.5,76500
2018-06-07,4.449999809265137,4.449999809265137,4.550000190734863,4.400000095367432,4.449999809265137,42600
2018-06-08,4.599999904632568,4.599999904632568,4.800000190734863,4.489999771118164,4.5,130900
2018-06-11,4.650000095367432,4.650000095367432,4.699999809265137,4.599999904632568,4.599999904632568,58300
2018-06-12,4.599999904632568,4.599999904632568,4.699999809265137,4.599999904632568,4.650000095367432,38300
2018-06-13,4.650000095367432,4.650000095367432,4.699999809265137,4.550000190734863,4.599999904632568,60100
2018-06-14,4.699999809265137,4.699999809265137,4.78000020980835,4.550000190734863,4.699999809265137,82900
2018-06-15,4.699999809265137,4.699999809265137,4.75,4.650000095367432,4.699999809265137,137200
2018-06-18,4.699999809265137,4.699999809265137,4.699999809265137,4.599999904632568,4.650000095367432,58300
2018-06-19,4.650000095367432,4.650000095367432,4.699999809265137,4.599999904632568,4.699999809265137,117400
2018-06-20,4.650000095367432,4.650000095367432,4.679999828338623,4.599999904632568,4.650000095367432,130400
2018-06-21,4.650000095367432,4.650000095367432,4.650000095367432,4.599999904632568,4.650000095367432,192200
2018-06-22,4.650000095367432,4.650000095367432,4.699999809265137,4.550000190734863,4.650000095367432,668600
2018-06-25,4.650000095367432,4.650000095367432,4.650000095367432,4.599999904632568,4.650000095367432,49200
2018-06-26,4.650000095367432,4.650000095367432,4.650000095367432,4.599999904632568,4.650000095367432,71000
2018-06-27,4.650000095367432,4.650000095367432,4.650000095367432,4.550000190734863,4.599999904632568,31900
2018-06-28,4.550000190734863,4.550000190734863,4.650000095367432,4.5,4.650000095367432,420300
2018-06-29,4.300000190734863,4.300000190734863,4.550000190734863,4.21999979019165,4.550000190734863,576800
2018-07-02,4.449999809265137,4.449999809265137,4.5,4.300000190734863,4.300000190734863,217900
2018-07-03,4.449999809265137,4.449999809265137,4.5,4.400000095367432,4.5,25200
2018-07-05,4.449999809265137,4.449999809265137,4.5,4.400000095367432,4.5,32900
2018-07-06,4.5,4.5,4.550000190734863,4.400000095367432,4.449999809265137,53900
2018-07-09,4.449999809265137,4.449999809265137,4.5,4.349999904632568,4.5,91500
2018-07-10,4.449999809265137,4.449999809265137,4.5,4.400000095367432,4.5,43700
2018-07-11,4.400000095367432,4.400000095367432,4.400000095367432,4.349999904632568,4.400000095367432,17300
2018-07-12,4.400000095367432,4.400000095367432,4.449999809265137,4.349999904632568,4.400000095367432,39100
2018-07-13,4.400000095367432,4.400000095367432,4.5,4.400000095367432,4.449999809265137,29000
2018-07-16,4.400000095367432,4.400000095367432,4.449999809265137,4.349999904632568,4.400000095367432,26200
2018-07-17,4.449999809265137,4.449999809265137,4.5,4.400000095367432,4.400000095367432,28600
2018-07-18,4.400000095367432,4.400000095367432,4.449999809265137,4.400000095367432,4.449999809265137,13200
2018-07-19,4.349999904632568,4.349999904632568,4.400000095367432,4.300000190734863,4.400000095367432,119600
2018-07-20,4.400000095367432,4.400000095367432,4.400000095367432,4.349999904632568,4.349999904632568,61700
2018-07-23,4.400000095367432,4.400000095367432,4.400000095367432,4.300000190734863,4.400000095367432,39000
2018-07-24,4.400000095367432,4.400000095367432,4.449999809265137,4.349999904632568,4.400000095367432,30200
2018-07-25,4.349999904632568,4.349999904632568,4.5,4.349999904632568,4.400000095367432,159000
2018-07-26,4.449999809265137,4.449999809265137,4.449999809265137,4.349999904632568,4.400000095367432,12000
2018-07-27,4.349999904632568,4.349999904632568,4.449999809265137,4.349999904632568,4.449999809265137,15600
2018-07-30,4.300000190734863,4.300000190734863,4.400000095367432,4.300000190734863,4.300000190734863,27200
2018-07-31,4.449999809265137,4.449999809265137,4.599999904632568,4.300000190734863,4.300000190734863,75300
2018-08-01,4.449999809265137,4.449999809265137,4.550000190734863,4.400000095367432,4.400000095367432,564500
2018-08-02,4.449999809265137,4.449999809265137,4.5,4.400000095367432,4.449999809265137,26000
2018-08-03,4.550000190734863,4.550000190734863,4.75,4.400000095367432,4.400000095367432,108200
2018-08-06,4.400000095367432,4.400000095367432,4.650000095367432,4.400000095367432,4.599999904632568,103200
2018-08-07,4.5,4.5,4.579999923706055,4.449999809265137,4.449999809265137,266200
2018-08-08,4.449999809265137,4.449999809265137,4.550000190734863,4.449999809265137,4.550000190734863,94000
2018-08-09,4.5,4.5,4.5,4.449999809265137,4.449999809265137,11300
2018-08-10,4.449999809265137,4.449999809265137,4.599999904632568,4.400000095367432,4.449999809265137,154700
2018-08-13,4.400000095367432,4.400000095367432,4.550000190734863,4.400000095367432,4.550000190734863,41400
2018-08-14,4.449999809265137,4.449999809265137,4.5,4.400000095367432,4.449999809265137,73900
2018-08-15,4.349999904632568,4.349999904632568,4.449999809265137,4.349999904632568,4.400000095367432,15900
2018-08-16,4.5,4.5,4.5,4.380000114440918,4.400000095367432,126300
2018-08-17,4.650000095367432,4.650000095367432,4.699999809265137,4.449999809265137,4.449999809265137,110100
2018-08-20,4.699999809265137,4.699999809265137,4.75,4.650000095367432,4.699999809265137,80500
2018-08-21,4.650000095367432,4.650000095367432,4.75,4.630000114440918,4.699999809265137,167800
2018-08-22,4.699999809265137,4.699999809265137,4.800000190734863,4.650000095367432,4.650000095367432,210300
2018-08-23,4.650000095367432,4.650000095367432,4.699999809265137,4.599999904632568,4.650000095367432,92000
2018-08-24,4.699999809265137,4.699999809265137,4.900000095367432,4.650000095367432,4.699999809265137,167500
2018-08-27,4.599999904632568,4.599999904632568,4.800000190734863,4.599999904632568,4.699999809265137,137400
2018-08-28,4.5,4.5,4.650000095367432,4.449999809265137,4.599999904632568,139300
2018-08-29,4.550000190734863,4.550000190734863,4.599999904632568,4.449999809265137,4.550000190734863,124300
2018-08-30,4.550000190734863,4.550000190734863,4.650000095367432,4.5,4.550000190734863,110800
2018-08-31,4.550000190734863,4.550000190734863,4.650000095367432,4.5,4.5,95100
2018-09-04,4.550000190734863,4.550000190734863,4.579999923706055,4.5,4.550000190734863,78600
2018-09-05,4.449999809265137,4.449999809265137,4.550000190734863,4.349999904632568,4.550000190734863,228000
2018-09-06,4.5,4.5,4.599999904632568,4.449999809265137,4.449999809265137,79500
2018-09-07,4.449999809265137,4.449999809265137,4.5,4.449999809265137,4.5,60200
2018-09-10,4.900000095367432,4.900000095367432,4.929999828338623,4.449999809265137,4.449999809265137,167400
2018-09-11,5.300000190734863,5.300000190734863,5.400000095367432,4.949999809265137,4.949999809265137,203500
2018-09-12,5.349999904632568,5.349999904632568,5.449999809265137,5.150000095367432,5.349999904632568,269900
2018-09-13,5.349999904632568,5.349999904632568,5.5,5.300000190734863,5.349999904632568,96600
2018-09-14,5.349999904632568,5.349999904632568,5.5,5.25,5.349999904632568,117500
2018-09-17,5.400000095367432,5.400000095367432,5.449999809265137,5.349999904632568,5.349999904632568,83400
2018-09-18,5.449999809265137,5.449999809265137,5.550000190734863,5.300000190734863,5.400000095367432,109900
2018-09-19,5.550000190734863,5.550000190734863,5.550000190734863,5.449999809265137,5.449999809265137,92900
2018-09-20,5.5,5.5,5.650000095367432,5.400000095367432,5.599999904632568,139300
2018-09-21,5.849999904632568,5.849999904632568,5.849999904632568,5.389999866485596,5.449999809265137,387500
2018-09-24,5.800000190734863,5.800000190734863,5.900000095367432,5.699999809265137,5.800000190734863,122500
2018-09-25,5.949999809265137,5.949999809265137,6.050000190734863,5.800000190734863,5.800000190734863,196200
2018-09-26,5.75,5.75,6.050000190734863,5.599999904632568,5.949999809265137,512200
2018-09-27,5.800000190734863,5.800000190734863,5.900000095367432,5.690000057220459,5.699999809265137,104800
2018-09-28,5.949999809265137,5.949999809265137,6.0,5.800000190734863,5.849999904632568,131100
2018-10-01,6.079999923706055,6.079999923706055,6.21999979019165,5.949999809265137,5.949999809265137,190200
2018-10-02,6.159999847412109,6.159999847412109,6.360000133514404,6.079999923706055,6.079999923706055,153000
2018-10-03,6.150000095367432,6.150000095367432,6.309999942779541,6.03000020980835,6.199999809265137,264400
2018-10-04,6.159999847412109,6.159999847412109,6.210000038146973,5.920000076293945,6.130000114440918,149500
2018-10-05,6.190000057220459,6.190000057220459,6.230000019073486,6.110000133514404,6.179999828338623,100800
2018-10-08,6.25,6.25,6.380000114440918,6.179999828338623,6.230000019073486,200500
2018-10-09,6.239999771118164,6.239999771118164,6.320000171661377,6.199999809265137,6.230000019073486,133800
2018-10-10,6.019999980926514,6.019999980926514,6.329999923706055,6.0,6.25,94500
2018-10-11,5.900000095367432,5.900000095367432,6.099999904632568,5.820000171661377,5.980000019073486,100700
2018-10-12,5.849999904632568,5.849999904632568,6.059999942779541,5.769999980926514,6.0,76500
2018-10-15,5.909999847412109,5.909999847412109,6.0,5.760000228881836,5.760000228881836,66900
2018-10-16,6.090000152587891,6.090000152587891,6.099999904632568,5.860000133514404,5.909999847412109,84500
2018-10-17,6.159999847412109,6.159999847412109,6.21999979019165,6.019999980926514,6.119999885559082,143500
2018-10-18,6.150000095367432,6.150000095367432,6.230000019073486,6.059999942779541,6.159999847412109,147000
2018-10-19,6.170000076293945,6.170000076293945,6.21999979019165,6.050000190734863,6.050000190734863,85500
2018-10-22,6.139999866485596,6.139999866485596,6.25,6.119999885559082,6.210000038146973,80900
2018-10-23,5.920000076293945,5.920000076293945,6.079999923706055,5.869999885559082,6.050000190734863,75600
2018-10-24,5.679999828338623,5.679999828338623,5.980000019073486,5.53000020980835,5.909999847412109,333700
2018-10-25,5.809999942779541,5.809999942779541,5.960000038146973,5.699999809265137,5.71999979019165,68000
2018-10-26,5.710000038146973,5.710000038146973,5.800000190734863,5.590000152587891,5.769999980926514,75000
2018-10-29,5.610000133514404,5.610000133514404,5.840000152587891,5.599999904632568,5.800000190734863,80800
2018-10-30,5.800000190734863,5.800000190734863,5.820000171661377,5.550000190734863,5.590000152587891,58000
2018-10-31,5.820000171661377,5.820000171661377,5.900000095367432,5.769999980926514,5.889999866485596,84300
2018-11-01,5.880000114440918,5.880000114440918,5.900000095367432,5.820000171661377,5.860000133514404,113600
2018-11-02,5.860000133514404,5.860000133514404,5.960000038146973,5.789999961853027,5.889999866485596,68100
2018-11-05,5.730000019073486,5.730000019073486,5.980000019073486,5.690000057220459,5.880000114440918,33900
2018-11-06,5.710000038146973,5.710000038146973,5.789999961853027,5.610000133514404,5.730000019073486,60200
2018-11-07,5.96999979019165,5.96999979019165,6.0,5.639999866485596,5.75,81800
2018-11-08,6.199999809265137,6.199999809265137,6.25,5.980000019073486,6.050000190734863,509000
2018-11-09,5.809999942779541,5.809999942779541,6.199999809265137,5.53000020980835,6.179999828338623,64600
2018-11-12,5.710000038146973,5.710000038146973,5.809999942779541,5.320000171661377,5.809999942779541,45300
2018-11-13,5.599999904632568,5.599999904632568,5.739999771118164,5.489999771118164,5.730000019073486,58700
2018-11-14,5.289999961853027,5.289999961853027,5.659999847412109,5.28000020980835,5.659999847412109,57800
2018-11-15,5.28000020980835,5.28000020980835,5.820000171661377,5.170000076293945,5.269999980926514,175100
2018-11-16,5.289999961853027,5.289999961853027,5.369999885559082,5.139999866485596,5.239999771118164,101400
2018-11-19,5.130000114440918,5.130000114440918,5.389999866485596,5.099999904632568,5.260000228881836,45700
2018-11-20,5.03000020980835,5.03000020980835,5.110000133514404,4.96999979019165,5.079999923706055,55200
2018-11-21,5.159999847412109,5.159999847412109,5.239999771118164,5.119999885559082,5.199999809265137,26000
2018-11-23,5.230000019073486,5.230000019073486,5.28000020980835,4.989999771118164,5.099999904632568,22100
2018-11-26,5.230000019073486,5.230000019073486,5.289999961853027,5.170000076293945,5.269999980926514,40100
2018-11-27,5.119999885559082,5.119999885559082,5.239999771118164,5.099999904632568,5.179999828338623,38300
2018-11-28,5.320000171661377,5.320000171661377,5.400000095367432,5.090000152587891,5.119999885559082,60400
2018-11-29,5.119999885559082,5.119999885559082,5.349999904632568,5.0,5.269999980926514,76000
2018-11-30,5.110000133514404,5.110000133514404,5.190000057220459,5.050000190734863,5.050000190734863,138600
2018-12-03,5.150000095367432,5.150000095367432,5.28000020980835,5.099999904632568,5.150000095367432,106900
2018-12-04,4.940000057220459,4.940000057220459,5.340000152587891,4.920000076293945,5.150000095367432,102200
2018-12-06,5.190000057220459,5.190000057220459,5.269999980926514,4.710000038146973,4.880000114440918,190200
2018-12-07,5.429999828338623,5.429999828338623,5.550000190734863,5.159999847412109,5.170000076293945,125100
2018-12-10,5.559999942779541,5.559999942779541,5.739999771118164,5.440000057220459,5.480000019073486,129300
2018-12-11,5.739999771118164,5.739999771118164,5.840000152587891,5.610000133514404,5.670000076293945,323500
2018-12-12,5.849999904632568,5.849999904632568,5.920000076293945,5.75,5.840000152587891,273100
2018-12-13,5.840000152587891,5.840000152587891,5.900000095367432,5.78000020980835,5.889999866485596,102900
2018-12-14,5.789999961853027,5.789999961853027,5.929999828338623,5.769999980926514,5.829999923706055,73200
2018-12-17,5.610000133514404,5.610000133514404,5.840000152587891,5.599999904632568,5.820000171661377,298300
2018-12-18,5.650000095367432,5.650000095367432,5.769999980926514,5.610000133514404,5.710000038146973,161300
2018-12-19,5.409999847412109,5.409999847412109,5.739999771118164,5.320000171661377,5.610000133514404,159300
2018-12-20,5.25,5.25,5.449999809265137,5.179999828338623,5.440000057220459,204100
2018-12-21,5.150000095367432,5.150000095367432,5.400000095367432,5.150000095367432,5.25,508200
2018-12-24,5.110000133514404,5.110000133514404,5.25,5.050000190734863,5.150000095367432,59500
2018-12-26,5.119999885559082,5.119999885559082,5.210000038146973,4.989999771118164,5.170000076293945,95000
2018-12-27,5.050000190734863,5.050000190734863,5.199999809265137,4.940000057220459,5.03000020980835,167400
2018-12-28,5.179999828338623,5.179999828338623,5.320000171661377,5.150000095367432,5.150000095367432,93500
2018-12-31,5.190000057220459,5.190000057220459,5.289999961853027,5.010000228881836,5.21999979019165,109600
2019-01-02,5.289999961853027,5.289999961853027,5.400000095367432,5.139999866485596,5.139999866485596,69200
2019-01-03,5.269999980926514,5.269999980926514,5.380000114440918,5.170000076293945,5.28000020980835,74500
2019-01-04,5.46999979019165,5.46999979019165,5.519999980926514,5.179999828338623,5.349999904632568,107600
2019-01-07,5.550000190734863,5.550000190734863,5.71999979019165,5.420000076293945,5.460000038146973,101400
2019-01-08,5.650000095367432,5.650000095367432,5.769999980926514,5.619999885559082,5.619999885559082,228900
2019-01-09,5.570000171661377,5.570000171661377,5.730000019073486,5.559999942779541,5.730000019073486,106800
2019-01-10,5.570000171661377,5.570000171661377,5.630000114440918,5.5,5.550000190734863,82000
2019-01-11,5.409999847412109,5.409999847412109,5.559999942779541,5.400000095367432,5.510000228881836,61800
2019-01-14,5.449999809265137,5.449999809265137,5.510000228881836,5.289999961853027,5.489999771118164,109600
2019-01-15,5.519999980926514,5.519999980926514,5.579999923706055,5.360000133514404,5.389999866485596,50300
2019-01-16,5.5,5.5,5.599999904632568,5.340000152587891,5.579999923706055,56000
2019-01-17,5.429999828338623,5.429999828338623,5.619999885559082,5.409999847412109,5.460000038146973,45800
2019-01-18,5.349999904632568,5.349999904632568,5.550000190734863,5.329999923706055,5.440000057220459,52500
2019-01-22,5.170000076293945,5.170000076293945,5.539999961853027,5.159999847412109,5.340000152587891,81000
2019-01-23,5.21999979019165,5.21999979019165,5.5,5.090000152587891,5.179999828338623,83700
2019-01-24,5.289999961853027,5.289999961853027,5.400000095367432,5.190000057220459,5.260000228881836,48100
2019-01-25,5.480000019073486,5.480000019073486,5.5,5.210000038146973,5.340000152587891,82600
2019-01-28,5.400000095367432,5.400000095367432,5.5,5.349999904632568,5.420000076293945,59200
2019-01-29,5.380000114440918,5.380000114440918,5.460000038146973,5.329999923706055,5.400000095367432,40700
2019-01-30,5.400000095367432,5.400000095367432,5.46999979019165,5.360000133514404,5.420000076293945,65000
2019-01-31,5.570000171661377,5.570000171661377,5.590000152587891,5.409999847412109,5.409999847412109,71600
2019-02-01,5.460000038146973,5.460000038146973,5.630000114440918,5.440000057220459,5.570000171661377,50500
2019-02-04,5.389999866485596,5.389999866485596,5.570000171661377,5.260000228881836,5.260000228881836,77300
2019-02-05,5.409999847412109,5.409999847412109,5.590000152587891,5.369999885559082,5.389999866485596,49200
2019-02-06,5.349999904632568,5.349999904632568,5.539999961853027,5.320000171661377,5.360000133514404,53100
2019-02-07,5.300000190734863,5.300000190734863,5.519999980926514,5.230000019073486,5.349999904632568,100900
2019-02-08,5.309999942779541,5.309999942779541,5.429999828338623,5.28000020980835,5.28000020980835,36200
2019-02-11,5.300000190734863,5.300000190734863,5.460000038146973,5.239999771118164,5.460000038146973,37700
2019-02-12,5.199999809265137,5.199999809265137,5.389999866485596,5.139999866485596,5.320000171661377,57200
2019-02-13,5.179999828338623,5.179999828338623,5.230000019073486,5.119999885559082,5.21999979019165,27800
2019-02-14,4.920000076293945,4.920000076293945,5.25,4.849999904632568,5.179999828338623,108300
2019-02-15,5.21999979019165,5.21999979019165,5.25,4.960000038146973,4.960000038146973,92500
2019-02-19,5.210000038146973,5.210000038146973,5.369999885559082,5.170000076293945,5.199999809265137,93300
2019-02-20,5.309999942779541,5.309999942779541,5.389999866485596,5.139999866485596,5.139999866485596,46300
2019-02-21,5.579999923706055,5.579999923706055,5.630000114440918,5.130000114440918,5.300000190734863,136100
2019-02-22,5.610000133514404,5.610000133514404,5.739999771118164,5.510000228881836,5.590000152587891,84700
2019-02-25,5.630000114440918,5.630000114440918,5.71999979019165,5.599999904632568,5.659999847412109,50400
2019-02-26,5.570000171661377,5.570000171661377,5.730000019073486,5.519999980926514,5.630000114440918,35900
2019-02-27,5.460000038146973,5.460000038146973,5.690000057220459,5.409999847412109,5.539999961853027,25400
2019-02-28,5.480000019073486,5.480000019073486,5.630000114440918,5.449999809265137,5.449999809265137,55200
2019-03-01,5.0,5.0,5.570000171661377,4.929999828338623,5.5,188100
2019-03-04,5.5,5.5,5.599999904632568,5.090000152587891,5.139999866485596,126400
2019-03-05,5.46999979019165,5.46999979019165,5.579999923706055,5.300000190734863,5.480000019073486,64600
2019-03-06,5.019999980926514,5.019999980926514,5.550000190734863,5.0,5.550000190734863,158500
2019-03-07,5.130000114440918,5.130000114440918,5.21999979019165,5.0,5.03000020980835,68400
2019-03-08,5.090000152587891,5.090000152587891,5.170000076293945,5.019999980926514,5.119999885559082,41800
2019-03-11,5.380000114440918,5.380000114440918,5.389999866485596,5.150000095367432,5.25,59200
2019-03-12,5.510000228881836,5.510000228881836,5.559999942779541,5.380000114440918,5.429999828338623,72100
2019-03-13,5.53000020980835,5.53000020980835,5.579999923706055,5.440000057220459,5.519999980926514,69800
2019-03-14,5.409999847412109,5.409999847412109,5.599999904632568,5.329999923706055,5.519999980926514,55000
2019-03-15,5.269999980926514,5.269999980926514,5.630000114440918,5.260000228881836,5.409999847412109,252200
2019-03-18,5.559999942779541,5.559999942779541,5.630000114440918,5.269999980926514,5.269999980926514,78800
2019-03-19,5.489999771118164,5.489999771118164,5.630000114440918,5.440000057220459,5.579999923706055,81500
2019-03-20,5.599999904632568,5.599999904632568,5.670000076293945,5.460000038146973,5.5,67600
2019-03-21,5.519999980926514,5.519999980926514,5.699999809265137,5.46999979019165,5.53000020980835,72200
2019-03-22,5.199999809265137,5.199999809265137,5.599999904632568,5.179999828338623,5.5,75700
2019-03-25,5.28000020980835,5.28000020980835,5.360000133514404,5.179999828338623,5.179999828338623,63700
2019-03-26,5.340000152587891,5.340000152587891,5.349999904632568,5.079999923706055,5.28000020980835,29500
2019-03-27,5.119999885559082,5.119999885559082,5.309999942779541,5.019999980926514,5.300000190734863,58400
2019-03-28,5.039999961853027,5.039999961853027,5.230000019073486,4.989999771118164,5.150000095367432,258300
2019-03-29,5.349999904632568,5.349999904632568,5.46999979019165,4.96999979019165,5.099999904632568,571100
2019-04-01,5.329999923706055,5.329999923706055,5.489999771118164,5.239999771118164,5.409999847412109,84500
2019-04-02,5.46999979019165,5.46999979019165,5.5,5.309999942779541,5.309999942779541,72800
2019-04-03,5.579999923706055,5.579999923706055,5.75,5.510000228881836,5.510000228881836,59500
2019-04-04,5.590000152587891,5.590000152587891,5.71999979019165,5.539999961853027,5.659999847412109,75600
2019-04-05,5.650000095367432,5.650000095367432,5.760000228881836,5.590000152587891,5.619999885559082,59900
2019-04-08,5.489999771118164,5.489999771118164,5.670000076293945,5.46999979019165,5.639999866485596,135900
2019-04-09,5.400000095367432,5.400000095367432,5.579999923706055,5.400000095367432,5.579999923706055,32200
2019-04-10,5.420000076293945,5.420000076293945,5.489999771118164,5.369999885559082,5.409999847412109,35400
2019-04-11,5.449999809265137,5.449999809265137,5.489999771118164,5.409999847412109,5.449999809265137,25700
2019-04-12,5.369999885559082,5.369999885559082,5.519999980926514,5.329999923706055,5.519999980926514,39000
2019-04-15,5.440000057220459,5.440000057220459,5.46999979019165,5.300000190734863,5.380000114440918,60100
2019-04-16,5.340000152587891,5.340000152587891,5.590000152587891,5.340000152587891,5.510000228881836,29700
2019-04-17,5.46999979019165,5.46999979019165,5.510000228881836,5.260000228881836,5.329999923706055,57700
2019-04-18,5.230000019073486,5.230000019073486,5.460000038146973,5.210000038146973,5.429999828338623,31800
2019-04-22,5.139999866485596,5.139999866485596,5.210000038146973,5.090000152587891,5.199999809265137,62700
2019-04-23,5.320000171661377,5.320000171661377,5.349999904632568,5.119999885559082,5.119999885559082,67500
2019-04-24,5.190000057220459,5.190000057220459,5.340000152587891,5.179999828338623,5.239999771118164,43300
2019-04-25,4.989999771118164,4.989999771118164,5.170000076293945,4.96999979019165,5.150000095367432,64100
2019-04-26,5.090000152587891,5.090000152587891,5.199999809265137,4.989999771118164,4.989999771118164,41800
2019-04-29,4.96999979019165,4.96999979019165,5.179999828338623,4.900000095367432,5.150000095367432,66600
2019-04-30,4.889999866485596,4.889999866485596,5.03000020980835,4.849999904632568,4.989999771118164,145300
2019-05-01,4.78000020980835,4.78000020980835,4.949999809265137,4.75,4.929999828338623,115300
2019-05-02,4.449999809265137,4.449999809265137,4.820000171661377,4.389999866485596,4.820000171661377,434800
2019-05-03,4.75,4.75,4.860000133514404,4.5,4.53000020980835,857600
2019-05-06,4.940000057220459,4.940000057220459,5.119999885559082,4.510000228881836,4.690000057220459,784500
2019-05-07,4.659999847412109,4.659999847412109,4.96999979019165,4.53000020980835,4.849999904632568,3170400
2019-05-08,4.900000095367432,4.900000095367432,4.929999828338623,4.670000076293945,4.679999828338623,670900
2019-05-09,4.980000019073486,4.980000019073486,5.119999885559082,4.789999961853027,4.860000133514404,1432700
2019-05-10,5.039999961853027,5.039999961853027,5.039999961853027,4.860000133514404,4.980000019073486,579500
2019-05-13,4.949999809265137,4.949999809265137,5.079999923706055,4.829999923706055,4.989999771118164,518100
2019-05-14,5.050000190734863,5.050000190734863,5.150000095367432,4.940000057220459,5.019999980926514,2333000
2019-05-15,5.199999809265137,5.199999809265137,5.349999904632568,5.010000228881836,5.010000228881836,1119700
2019-05-16,5.139999866485596,5.139999866485596,5.400000095367432,5.010000228881836,5.320000171661377,4057900
2019-05-17,5.139999866485596,5.139999866485596,5.21999979019165,5.010000228881836,5.130000114440918,1196700
2019-05-20,5.119999885559082,5.119999885559082,5.25,5.0,5.110000133514404,1391300
2019-05-21,5.289999961853027,5.289999961853027,5.429999828338623,5.099999904632568,5.139999866485596,1108700
2019-05-22,5.21999979019165,5.21999979019165,5.420000076293945,5.170000076293945,5.239999771118164,684800
2019-05-23,5.179999828338623,5.179999828338623,5.230000019073486,5.110000133514404,5.21999979019165,686000
2019-05-24,5.210000038146973,5.210000038146973,5.25,5.150000095367432,5.199999809265137,529800
2019-05-28,5.25,5.25,5.46999979019165,5.199999809265137,5.28000020980835,1471000
2019-05-29,5.230000019073486,5.230000019073486,5.28000020980835,5.150000095367432,5.150000095367432,3162300
2019-05-30,5.179999828338623,5.179999828338623,5.309999942779541,5.159999847412109,5.199999809265137,531700
2019-05-31,5.079999923706055,5.079999923706055,5.190000057220459,5.0,5.090000152587891,918300
2019-06-03,4.869999885559082,4.869999885559082,5.130000114440918,4.849999904632568,5.059999942779541,687600
2019-06-04,4.840000152587891,4.840000152587891,4.989999771118164,4.71999979019165,4.920000076293945,869200
2019-06-05,4.849999904632568,4.849999904632568,4.900000095367432,4.769999980926514,4.860000133514404,640900
2019-06-06,4.849999904632568,4.849999904632568,4.889999866485596,4.75,4.800000190734863,2711100
2019-06-07,4.989999771118164,4.989999771118164,5.059999942779541,4.809999942779541,4.849999904632568,1239800
2019-06-10,5.210000038146973,5.210000038146973,5.320000171661377,5.03000020980835,5.03000020980835,2428600
2019-06-11,5.230000019073486,5.230000019073486,5.289999961853027,5.110000133514404,5.239999771118164,735500
2019-06-12,5.289999961853027,5.289999961853027,5.400000095367432,5.210000038146973,5.210000038146973,1514200
2019-06-13,5.25,5.25,5.349999904632568,5.210000038146973,5.289999961853027,1513000
2019-06-14,5.21999979019165,5.21999979019165,5.349999904632568,5.199999809265137,5.239999771118164,1034700
2019-06-17,5.059999942779541,5.059999942779541,5.289999961853027,5.010000228881836,5.21999979019165,855000
2019-06-18,4.960000038146973,4.960000038146973,5.099999904632568,4.860000133514404,5.050000190734863,973700
2019-06-19,5.019999980926514,5.019999980926514,5.159999847412109,4.909999847412109,4.949999809265137,3291000
2019-06-20,4.989999771118164,4.989999771118164,5.150000095367432,4.920000076293945,5.039999961853027,3706500
2019-06-21,4.96999979019165,4.96999979019165,5.039999961853027,4.909999847412109,4.96999979019165,3293900
2019-06-24,4.96999979019165,4.96999979019165,5.039999961853027,4.880000114440918,4.949999809265137,3061000
2019-06-25,4.659999847412109,4.659999847412109,5.03000020980835,4.53000020980835,4.960000038146973,4506400
2019-06-26,4.650000095367432,4.650000095367432,4.820000171661377,4.639999866485596,4.650000095367432,1210300
2019-06-27,4.639999866485596,4.639999866485596,4.690000057220459,4.570000171661377,4.639999866485596,1081000
2019-06-28,4.71999979019165,4.71999979019165,4.730000019073486,4.559999942779541,4.619999885559082,1563300
2019-07-01,4.690000057220459,4.690000057220459,4.760000228881836,4.610000133514404,4.760000228881836,803900
2019-07-02,4.710000038146973,4.710000038146973,4.739999771118164,4.610000133514404,4.690000057220459,461500
2019-07-03,4.710000038146973,4.710000038146973,4.75,4.650000095367432,4.690000057220459,198600
2019-07-05,4.650000095367432,4.650000095367432,4.679999828338623,4.570000171661377,4.679999828338623,298200
2019-07-08,4.53000020980835,4.53000020980835,4.670000076293945,4.489999771118164,4.630000114440918,663900
2019-07-09,4.639999866485596,4.639999866485596,4.659999847412109,4.480000019073486,4.489999771118164,404300
2019-07-10,4.659999847412109,4.659999847412109,4.699999809265137,4.579999923706055,4.639999866485596,236800
2019-07-11,4.639999866485596,4.639999866485596,4.739999771118164,4.420000076293945,4.690000057220459,991800
2019-07-12,4.460000038146973,4.460000038146973,4.619999885559082,4.400000095367432,4.599999904632568,573500
2019-07-15,4.400000095367432,4.400000095367432,4.449999809265137,4.329999923706055,4.449999809265137,572600
2019-07-16,4.400000095367432,4.400000095367432,4.440000057220459,4.300000190734863,4.389999866485596,407300
2019-07-17,4.300000190734863,4.300000190734863,4.420000076293945,4.289999961853027,4.389999866485596,386400
2019-07-18,4.239999771118164,4.239999771118164,4.269999980926514,4.090000152587891,4.269999980926514,1100300
2019-07-19,4.239999771118164,4.239999771118164,4.28000020980835,4.139999866485596,4.260000228881836,405700
2019-07-22,4.190000057220459,4.190000057220459,4.269999980926514,4.139999866485596,4.25,625200
2019-07-23,3.6500000953674316,3.6500000953674316,3.880000114440918,3.4100000858306885,3.6600000858306885,3274000
2019-07-24,3.5399999618530273,3.5399999618530273,3.609999895095825,3.4100000858306885,3.5799999237060547,2298700
2019-07-25,3.5,3.5,3.7300000190734863,3.3499999046325684,3.569999933242798,3462400
2019-07-26,3.3399999141693115,3.3399999141693115,3.4000000953674316,3.25,3.299999952316284,41560500
2019-07-29,3.4000000953674316,3.4000000953674316,3.4000000953674316,3.299999952316284,3.3299999237060547,7637900
2019-07-30,3.25,3.25,3.4000000953674316,3.240000009536743,3.369999885559082,6572600
2019-07-31,3.0299999713897705,3.0299999713897705,3.309999942779541,2.9600000381469727,3.25,12288500
2019-08-01,2.9200000762939453,2.9200000762939453,3.0999999046325684,2.7899999618530273,3.0899999141693115,10681100
2019-08-02,2.7100000381469727,2.7100000381469727,2.9100000858306885,2.630000114440918,2.9100000858306885,4026800
2019-08-05,2.5,2.5,2.7100000381469727,2.4200000762939453,2.680000066757202,6689500
2019-08-06,2.490000009536743,2.490000009536743,2.630000114440918,2.390000104904175,2.5199999809265137,6536100
2019-08-07,2.2699999809265137,2.2699999809265137,2.5,2.240000009536743,2.5,5806300
2019-08-08,2.309999942779541,2.309999942779541,2.3399999141693115,2.140000104904175,2.2699999809265137,3637000
2019-08-09,2.380000114440918,2.380000114440918,2.4000000953674316,2.059999942779541,2.309999942779541,5515800
2019-08-12,2.240000009536743,2.240000009536743,2.359999895095825,2.180000066757202,2.359999895095825,2045800
2019-08-13,2.369999885559082,2.369999885559082,2.440000057220459,2.1700000762939453,2.259999990463257,6826300
2019-08-14,2.4100000858306885,2.4100000858306885,2.450000047683716,2.2899999618530273,2.2899999618530273,9961500
2019-08-15,2.259999990463257,2.259999990463257,2.450000047683716,2.2200000286102295,2.4200000762939453,6259300
2019-08-16,2.240000009536743,2.240000009536743,2.3499999046325684,2.2100000381469727,2.2899999618530273,7883300
2019-08-19,2.4800000190734863,2.4800000190734863,2.549999952316284,2.2100000381469727,2.390000104904175,7793000
2019-08-20,2.5999999046325684,2.5999999046325684,2.75,2.5,2.509999990463257,7239700
2019-08-21,2.5999999046325684,2.5999999046325684,2.7300000190734863,2.549999952316284,2.619999885559082,4257300
2019-08-22,2.640000104904175,2.640000104904175,2.7300000190734863,2.5799999237060547,2.609999895095825,5944500
2019-08-23,2.5199999809265137,2.5199999809265137,2.6600000858306885,2.5,2.609999895095825,17083100
2019-08-26,2.630000114440918,2.630000114440918,2.6500000953674316,2.5399999618530273,2.5899999141693115,3733100
2019-08-27,2.559999942779541,2.559999942779541,2.6600000858306885,2.5,2.619999885559082,8149600
2019-08-28,2.630000114440918,2.630000114440918,2.640000104904175,2.5199999809265137,2.559999942779541,1572800
2019-08-29,2.6700000762939453,2.6700000762939453,2.680000066757202,2.5999999046325684,2.6500000953674316,1538000
2019-08-30,2.5999999046325684,2.5999999046325684,2.680000066757202,2.549999952316284,2.680000066757202,2219300
2019-09-03,2.549999952316284,2.549999952316284,2.640000104904175,2.509999990463257,2.5799999237060547,4100700
2019-09-04,2.690000057220459,2.690000057220459,2.7200000286102295,2.5799999237060547,2.6600000858306885,5778500
2019-09-05,2.7100000381469727,2.7100000381469727,2.75,2.640000104904175,2.7100000381469727,2026700
2019-09-06,2.619999885559082,2.619999885559082,2.7300000190734863,2.5899999141693115,2.7100000381469727,2369200
2019-09-09,2.5999999046325684,2.5999999046325684,2.6600000858306885,2.5799999237060547,2.630000114440918,1070000
2019-09-10,2.759999990463257,2.759999990463257,2.7799999713897705,2.559999942779541,2.5799999237060547,5330400
2019-09-11,2.7699999809265137,2.7699999809265137,2.819999933242798,2.7200000286102295,2.759999990463257,1702100
2019-09-12,2.7899999618530273,2.7899999618530273,2.859999895095825,2.690000057220459,2.7699999809265137,4459900
2019-09-13,2.759999990463257,2.759999990463257,2.8299999237060547,2.7200000286102295,2.7699999809265137,3905700
2019-09-16,2.859999895095825,2.859999895095825,2.9000000953674316,2.7100000381469727,2.759999990463257,3583200
2019-09-17,2.8499999046325684,2.8499999046325684,2.9200000762939453,2.799999952316284,2.869999885559082,1738700
2019-09-18,2.7899999618530273,2.7899999618530273,2.930000066757202,2.75,2.8399999141693115,3164700
2019-09-19,2.869999885559082,2.869999885559082,2.9600000381469727,2.819999933242798,2.859999895095825,4163900
2019-09-20,2.819999933242798,2.819999933242798,2.930000066757202,2.7799999713897705,2.890000104904175,4788100
2019-09-23,2.819999933242798,2.819999933242798,2.9000000953674316,2.7699999809265137,2.7899999618530273,2425400
2019-09-24,2.740000009536743,2.740000009536743,2.890000104904175,2.7300000190734863,2.859999895095825,3382600
2019-09-25,2.759999990463257,2.759999990463257,2.809999942779541,2.6700000762939453,2.740000009536743,2398600
2019-09-26,2.6700000762939453,2.6700000762939453,2.7699999809265137,2.619999885559082,2.759999990463257,1907600
2019-09-27,2.5799999237060547,2.5799999237060547,2.7100000381469727,2.5399999618530273,2.6600000858306885,1897600
2019-09-30,2.5199999809265137,2.5199999809265137,2.619999885559082,2.5199999809265137,2.559999942779541,2423900
2019-10-01,2.4800000190734863,2.4800000190734863,2.569999933242798,2.4600000381469727,2.5399999618530273,1835800
2019-10-02,2.4000000953674316,2.4000000953674316,2.4800000190734863,2.369999885559082,2.450000047683716,3148900
2019-10-03,2.440000057220459,2.440000057220459,2.4600000381469727,2.299999952316284,2.4000000953674316,2682400
2019-10-04,2.5,2.5,2.509999990463257,2.440000057220459,2.450000047683716,696700
2019-10-07,2.4800000190734863,2.4800000190734863,2.549999952316284,2.450000047683716,2.5,834600
2019-10-08,2.4100000858306885,2.4100000858306885,2.490000009536743,2.380000114440918,2.440000057220459,898600
2019-10-09,2.4100000858306885,2.4100000858306885,2.440000057220459,2.3299999237060547,2.440000057220459,747500
2019-10-10,2.450000047683716,2.450000047683716,2.4800000190734863,2.4000000953674316,2.4100000858306885,851900
2019-10-11,2.4600000381469727,2.4600000381469727,2.5399999618530273,2.4200000762939453,2.509999990463257,1253200
2019-10-14,2.4000000953674316,2.4000000953674316,2.4700000286102295,2.380000114440918,2.4700000286102295,1023000
2019-10-15,2.4000000953674316,2.4000000953674316,2.430000066757202,2.359999895095825,2.4100000858306885,1369000
2019-10-16,2.359999895095825,2.359999895095825,2.440000057220459,2.3499999046325684,2.4000000953674316,994900
2019-10-17,2.4000000953674316,2.4000000953674316,2.440000057220459,2.3399999141693115,2.369999885559082,1264900
2019-10-18,2.319999933242798,2.319999933242798,2.4200000762939453,2.309999942779541,2.4000000953674316,1198000
2019-10-21,2.3399999141693115,2.3399999141693115,2.4200000762939453,2.3299999237060547,2.3399999141693115,2610600
2019-10-22,2.4800000190734863,2.4800000190734863,2.509999990463257,2.3499999046325684,2.3499999046325684,2896300
2019-10-23,2.559999942779541,2.559999942779541,2.5799999237060547,2.450000047683716,2.4600000381469727,1714000
2019-10-24,2.559999942779541,2.559999942779541,2.5799999237060547,2.490000009536743,2.549999952316284,2100800
2019-10-25,2.509999990463257,2.509999990463257,2.5899999141693115,2.4000000953674316,2.5299999713897705,946300
2019-10-28,2.5,2.5,2.549999952316284,2.4600000381469727,2.5,1233800
2019-10-29,2.369999885559082,2.369999885559082,2.4800000190734863,2.369999885559082,2.4700000286102295,1440600
2019-10-30,2.380000114440918,2.380000114440918,2.4000000953674316,2.2699999809265137,2.359999895095825,1388100
2019-10-31,2.3299999237060547,2.3299999237060547,2.380000114440918,2.299999952316284,2.369999885559082,1208200
2019-11-01,2.5399999618530273,2.5399999618530273,2.549999952316284,2.3299999237060547,2.3399999141693115,1009000
2019-11-04,2.7799999713897705,2.7799999713897705,2.8399999141693115,2.5399999618530273,2.5899999141693115,4543200
2019-11-05,2.6500000953674316,2.6500000953674316,2.8399999141693115,2.559999942779541,2.7100000381469727,3620600
2019-11-06,2.5899999141693115,2.5899999141693115,2.7100000381469727,2.369999885559082,2.5,738400
2019-11-07,2.6700000762939453,2.6700000762939453,2.759999990463257,2.4800000190734863,2.5399999618530273,1518900
2019-11-08,2.680000066757202,2.680000066757202,2.75,2.6500000953674316,2.6700000762939453,666600
2019-11-11,2.6700000762939453,2.6700000762939453,2.700000047683716,2.5999999046325684,2.609999895095825,920700
2019-11-12,2.559999942779541,2.559999942779541,2.7100000381469727,2.549999952316284,2.6700000762939453,797000
2019-11-13,2.549999952316284,2.549999952316284,2.609999895095825,2.509999990463257,2.5299999713897705,667100
2019-11-14,2.549999952316284,2.549999952316284,2.619999885559082,2.5299999713897705,2.5299999713897705,1254500
2019-11-15,2.5399999618530273,2.5399999618530273,2.619999885559082,2.5299999713897705,2.5899999141693115,1896600
2019-11-18,2.450000047683716,2.450000047683716,2.559999942779541,2.4000000953674316,2.509999990463257,1750600
2019-11-19,2.2899999618530273,2.2899999618530273,2.5,2.25,2.5,3889000
2019-11-20,2.2799999713897705,2.2799999713897705,2.4800000190734863,2.25,2.299999952316284,3354100
2019-11-21,2.2699999809265137,2.2699999809265137,2.3499999046325684,2.259999990463257,2.299999952316284,1932600
2019-11-22,2.359999895095825,2.359999895095825,2.369999885559082,2.25,2.299999952316284,1772400
2019-11-25,2.430000066757202,2.430000066757202,2.440000057220459,2.3499999046325684,2.390000104904175,1015300
2019-11-26,2.490000009536743,2.490000009536743,2.5799999237060547,2.4100000858306885,2.440000057220459,5555400
2019-11-27,2.5199999809265137,2.5199999809265137,2.559999942779541,2.490000009536743,2.5,1886700
2019-11-29,2.4800000190734863,2.4800000190734863,2.609999895095825,2.4800000190734863,2.5199999809265137,1225900
2019-12-02,2.609999895095825,2.609999895095825,2.6600000858306885,2.4800000190734863,2.5,5138200
2019-12-03,2.5999999046325684,2.5999999046325684,2.609999895095825,2.4600000381469727,2.5,2504500
2019-12-04,2.5799999237060547,2.5799999237060547,2.619999885559082,2.5199999809265137,2.609999895095825,2223700
2019-12-05,2.5999999046325684,2.5999999046325684,2.5999999046325684,2.559999942779541,2.5799999237060547,2345000
2019-12-06,2.5999999046325684,2.5999999046325684,2.6600000858306885,2.5199999809265137,2.5199999809265137,4320300
2019-12-09,2.549999952316284,2.549999952316284,2.6700000762939453,2.5399999618530273,2.5799999237060547,2323500
2019-12-10,2.5,2.5,2.569999933242798,2.4700000286102295,2.5399999618530273,2909400
2019-12-11,2.5,2.5,2.559999942779541,2.4700000286102295,2.490000009536743,2307300
2019-12-12,2.5199999809265137,2.5199999809265137,2.569999933242798,2.4600000381469727,2.490000009536743,1422600
2019-12-13,2.5999999046325684,2.5999999046325684,2.609999895095825,2.490000009536743,2.5199999809265137,2944500
2019-12-16,2.5199999809265137,2.5199999809265137,2.700000047683716,2.509999990463257,2.5999999046325684,2869100
2019-12-17,2.5399999618530273,2.5399999618530273,2.559999942779541,2.5199999809265137,2.5299999713897705,1881400
2019-12-18,2.5999999046325684,2.5999999046325684,2.619999885559082,2.5299999713897705,2.5299999713897705,2446500
2019-12-19,2.6500000953674316,2.6500000953674316,2.690000057220459,2.5999999046325684,2.609999895095825,3613100
2019-12-20,2.6700000762939453,2.6700000762939453,2.680000066757202,2.609999895095825,2.6500000953674316,3455700
2019-12-23,2.7699999809265137,2.7699999809265137,2.8499999046325684,2.6700000762939453,2.6700000762939453,3699400
2019-12-24,2.8499999046325684,2.8499999046325684,2.859999895095825,2.759999990463257,2.7699999809265137,1071500
2019-12-26,2.880000114440918,2.880000114440918,2.9000000953674316,2.8299999237060547,2.8499999046325684,1073000
2019-12-27,2.8499999046325684,2.8499999046325684,2.890000104904175,2.809999942779541,2.880000114440918,1741700
2019-12-30,2.859999895095825,2.859999895095825,2.9100000858306885,2.8399999141693115,2.8499999046325684,1785600
2019-12-31,2.859999895095825,2.859999895095825,2.890000104904175,2.809999942779541,2.8399999141693115,2152700
2020-01-02,2.940000057220459,2.940000057220459,3.0199999809265137,2.869999885559082,2.890000104904175,3657700
2020-01-03,2.890000104904175,2.890000104904175,2.9800000190734863,2.869999885559082,2.9200000762939453,1544900
2020-01-06,2.8499999046325684,2.8499999046325684,2.9200000762939453,2.809999942779541,2.880000114440918,2607600
2020-01-07,2.7899999618530273,2.7899999618530273,2.859999895095825,2.759999990463257,2.8399999141693115,1175400
2020-01-08,2.7699999809265137,2.7699999809265137,2.799999952316284,2.700000047683716,2.7699999809265137,2051300
2020-01-09,2.819999933242798,2.819999933242798,2.859999895095825,2.75,2.7699999809265137,1202900
2020-01-10,2.8399999141693115,2.8399999141693115,2.869999885559082,2.799999952316284,2.8299999237060547,2172900
2020-01-13,2.9000000953674316,2.9000000953674316,3.0199999809265137,2.8399999141693115,2.859999895095825,2769600
2020-01-14,2.869999885559082,2.869999885559082,2.9200000762939453,2.8299999237060547,2.9200000762939453,1032400
2020-01-15,2.9600000381469727,2.9600000381469727,3.0,2.859999895095825,2.880000114440918,1701100
2020-01-16,3.009999990463257,3.009999990463257,3.0299999713897705,2.930000066757202,2.930000066757202,1150300
2020-01-17,3.0399999618530273,3.0399999618530273,3.0999999046325684,2.990000009536743,3.0299999713897705,680000
2020-01-21,3.0299999713897705,3.0299999713897705,3.0999999046325684,3.0,3.0199999809265137,1233000
2020-01-22,3.049999952316284,3.049999952316284,3.0999999046325684,2.940000057220459,3.049999952316284,2237200
2020-01-23,3.0,3.0,3.0899999141693115,2.9600000381469727,3.0199999809265137,1022900
2020-01-24,2.9100000858306885,2.9100000858306885,3.0199999809265137,2.880000114440918,3.009999990463257,1013100
2020-01-27,2.859999895095825,2.859999895095825,2.890000104904175,2.759999990463257,2.799999952316284,1338000
2020-01-28,2.859999895095825,2.859999895095825,2.9100000858306885,2.8499999046325684,2.880000114440918,678600
2020-01-29,2.859999895095825,2.859999895095825,2.9000000953674316,2.8399999141693115,2.869999885559082,613400
2020-01-30,2.809999942779541,2.809999942779541,2.8399999141693115,2.75,2.799999952316284,1107800
2020-01-31,2.7300000190734863,2.7300000190734863,2.799999952316284,2.680000066757202,2.799999952316284,1372700
2020-02-03,2.7799999713897705,2.7799999713897705,2.799999952316284,2.680000066757202,2.680000066757202,735800
2020-02-04,2.7699999809265137,2.7699999809265137,2.869999885559082,2.740000009536743,2.819999933242798,1021900
2020-02-05,2.799999952316284,2.799999952316284,2.819999933242798,2.7699999809265137,2.809999942779541,979000
2020-02-06,2.740000009536743,2.740000009536743,2.8499999046325684,2.740000009536743,2.8499999046325684,986300
2020-02-07,2.6700000762939453,2.6700000762939453,2.7300000190734863,2.5799999237060547,2.7200000286102295,1271200
2020-02-10,2.5899999141693115,2.5899999141693115,2.6700000762939453,2.5799999237060547,2.6600000858306885,541900
2020-02-11,2.6700000762939453,2.6700000762939453,2.690000057220459,2.5799999237060547,2.609999895095825,584200
2020-02-12,2.700000047683716,2.700000047683716,2.75,2.6500000953674316,2.7100000381469727,702500
2020-02-13,2.700000047683716,2.700000047683716,2.759999990463257,2.690000057220459,2.700000047683716,459100
2020-02-14,2.7300000190734863,2.7300000190734863,2.759999990463257,2.6700000762939453,2.7100000381469727,722300
2020-02-18,2.6600000858306885,2.6600000858306885,2.759999990463257,2.6600000858306885,2.7200000286102295,657300
2020-02-19,2.6600000858306885,2.6600000858306885,2.7300000190734863,2.6500000953674316,2.690000057220459,795600
2020-02-20,2.5999999046325684,2.5999999046325684,2.690000057220459,2.5899999141693115,2.6500000953674316,1558200
2020-02-21,2.5899999141693115,2.5899999141693115,2.630000114440918,2.5399999618530273,2.5999999046325684,1078700
2020-02-24,2.5199999809265137,2.5199999809265137,2.5399999618530273,2.4700000286102295,2.5199999809265137,837100
2020-02-25,2.3499999046325684,2.3499999046325684,2.5399999618530273,2.3399999141693115,2.5299999713897705,1736900
2020-02-26,2.0399999618530273,2.0399999618530273,2.359999895095825,2.0,2.359999895095825,4249500
2020-02-27,2.140000104904175,2.140000104904175,2.2899999618530273,1.9700000286102295,2.2899999618530273,1937300
2020-02-28,2.069999933242798,2.069999933242798,2.1500000953674316,1.9199999570846558,2.0199999809265137,2141800
2020-03-02,1.9800000190734863,1.9800000190734863,2.119999885559082,1.8700000047683716,2.119999885559082,3315600
2020-03-03,1.9600000381469727,1.9600000381469727,2.130000114440918,1.940000057220459,2.0,4444100
2020-03-04,2.049999952316284,2.049999952316284,2.0799999237060547,1.899999976158142,1.9500000476837158,2991800
2020-03-05,1.7400000095367432,1.7400000095367432,2.0399999618530273,1.7000000476837158,2.0,3813200
2020-03-06,1.5,1.5,1.7599999904632568,1.4900000095367432,1.7100000381469727,6530700
2020-03-09,1.4700000286102295,1.4700000286102295,1.590000033378601,1.3899999856948853,1.4600000381469727,4929500
2020-03-10,1.3899999856948853,1.3899999856948853,1.5800000429153442,1.350000023841858,1.4900000095367432,4905800
2020-03-11,1.2200000286102295,1.2200000286102295,1.4299999475479126,1.2000000476837158,1.399999976158142,4567200
2020-03-12,0.9900000095367432,0.9900000095367432,1.159999966621399,0.9900000095367432,1.1399999856948853,3399200
2020-03-13,1.0499999523162842,1.0499999523162842,1.1100000143051147,0.8999999761581421,1.0,4829700
2020-03-16,0.8199999928474426,0.8199999928474426,1.0399999618530273,0.800000011920929,1.0399999618530273,1805600
2020-03-17,0.699999988079071,0.699999988079071,0.8700000047683716,0.6899999976158142,0.8700000047683716,2027500
2020-03-18,0.5,0.5,0.6499999761581421,0.46000000834465027,0.6499999761581421,1675600
2020-03-19,0.5400000214576721,0.5400000214576721,0.6100000143051147,0.44999998807907104,0.5099999904632568,10931000
2020-03-20,0.550000011920929,0.550000011920929,0.6200000047683716,0.5400000214576721,0.550000011920929,6056300
2020-03-23,0.4300000071525574,0.4300000071525574,0.6000000238418579,0.36000001430511475,0.5699999928474426,5022100
2020-03-24,0.44999998807907104,0.44999998807907104,0.5099999904632568,0.4300000071525574,0.44999998807907104,4365500
2020-03-25,0.47999998927116394,0.47999998927116394,0.5199999809265137,0.3799999952316284,0.46000000834465027,16424000
2020-03-26,0.699999988079071,0.699999988079071,0.8100000023841858,0.5400000214576721,0.6299999952316284,17119800
2020-03-27,0.550000011920929,0.550000011920929,0.699999988079071,0.550000011920929,0.699999988079071,6912500
2020-03-30,0.5400000214576721,0.5400000214576721,0.6000000238418579,0.5099999904632568,0.6000000238418579,2872600
2020-03-31,0.6399999856948853,0.6399999856948853,0.6899999976158142,0.5699999928474426,0.6800000071525574,7319600
2020-04-01,0.6000000238418579,0.6000000238418579,0.6100000143051147,0.550000011920929,0.5799999833106995,2307900
2020-04-02,0.6200000047683716,0.6200000047683716,0.6399999856948853,0.5799999833106995,0.6399999856948853,1887300
2020-04-03,0.4699999988079071,0.4699999988079071,0.6200000047683716,0.4699999988079071,0.6200000047683716,4796700
2020-04-06,0.5899999737739563,0.5899999737739563,0.6100000143051147,0.47999998927116394,0.6100000143051147,5807500
2020-04-07,0.5699999928474426,0.5699999928474426,0.6399999856948853,0.5600000023841858,0.6399999856948853,3457200
2020-04-08,0.6399999856948853,0.6399999856948853,0.6600000262260437,0.5799999833106995,0.6000000238418579,3669200
2020-04-09,0.7300000190734863,0.7300000190734863,0.7599999904632568,0.6399999856948853,0.6600000262260437,4733800
2020-04-13,0.699999988079071,0.699999988079071,0.75,0.6600000262260437,0.7300000190734863,2107400
2020-04-14,0.7599999904632568,0.7599999904632568,0.7799999713897705,0.699999988079071,0.699999988079071,1819100
2020-04-15,0.75,0.75,0.7599999904632568,0.6899999976158142,0.75,1143400
2020-04-16,0.7300000190734863,0.7300000190734863,0.7699999809265137,0.7099999785423279,0.75,3748000
2020-04-17,0.7699999809265137,0.7699999809265137,0.800000011920929,0.7300000190734863,0.7599999904632568,3677900
2020-04-20,0.7200000286102295,0.7200000286102295,0.7799999713897705,0.699999988079071,0.7699999809265137,2259700
2020-04-21,0.7300000190734863,0.7300000190734863,0.75,0.6899999976158142,0.7300000190734863,1959900
2020-04-22,0.9100000262260437,0.9100000262260437,0.9200000166893005,0.7099999785423279,0.7400000095367432,2434400
2020-04-23,0.8899999856948853,0.8899999856948853,1.2799999713897705,0.8399999737739563,0.9900000095367432,8428300
2020-04-24,0.7799999713897705,0.7799999713897705,0.949999988079071,0.7799999713897705,0.949999988079071,3243800
2020-04-27,0.8799999952316284,0.8799999952316284,0.9200000166893005,0.800000011920929,0.800000011920929,2535700
2020-04-28,0.9300000071525574,0.9300000071525574,1.0,0.9100000262260437,0.9900000095367432,3737400
2020-04-29,0.9599999785423279,0.9599999785423279,1.0499999523162842,0.9300000071525574,0.9800000190734863,4118500
2020-04-30,0.9599999785423279,0.9599999785423279,1.0099999904632568,0.8799999952316284,0.9599999785423279,5136000
2020-05-01,0.8899999856948853,0.8899999856948853,0.949999988079071,0.8600000143051147,0.8899999856948853,1740100
2020-05-04,0.7699999809265137,0.7699999809265137,0.9100000262260437,0.7599999904632568,0.8899999856948853,3968700
2020-05-05,0.8100000023841858,0.8100000023841858,0.8999999761581421,0.7799999713897705,0.8299999833106995,2389000
2020-05-06,0.7599999904632568,0.7599999904632568,0.8100000023841858,0.7300000190734863,0.7900000214576721,2359600
2020-05-07,0.8600000143051147,0.8600000143051147,0.8600000143051147,0.7400000095367432,0.7400000095367432,1912800
2020-05-08,0.8500000238418579,0.8500000238418579,0.8700000047683716,0.8100000023841858,0.8199999928474426,2252900
2020-05-11,0.8899999856948853,0.8899999856948853,0.9599999785423279,0.8500000238418579,0.8600000143051147,3446900
2020-05-12,0.9200000166893005,0.9200000166893005,0.9300000071525574,0.8600000143051147,0.9200000166893005,3549300
2020-05-13,0.8700000047683716,0.8700000047683716,0.9399999976158142,0.8399999737739563,0.9399999976158142,4067200
2020-05-14,0.8600000143051147,0.8600000143051147,0.9399999976158142,0.8100000023841858,0.8399999737739563,2433100
2020-05-15,0.8799999952316284,0.8799999952316284,0.9300000071525574,0.8500000238418579,0.8799999952316284,1130700
2020-05-18,0.9399999976158142,0.9399999976158142,0.9800000190734863,0.8899999856948853,0.949999988079071,1791100
2020-05-19,0.9100000262260437,0.9100000262260437,0.9700000286102295,0.8700000047683716,0.9399999976158142,2396300
2020-05-20,0.9200000166893005,0.9200000166893005,0.9900000095367432,0.8899999856948853,0.9399999976158142,4169100
2020-05-21,0.9300000071525574,0.9300000071525574,0.949999988079071,0.8999999761581421,0.9200000166893005,1799500
2020-05-22,1.0299999713897705,1.0299999713897705,1.0299999713897705,0.8999999761581421,0.9399999976158142,2190700
2020-05-26,1.0,1.0,1.100000023841858,0.9800000190734863,1.090000033378601,3506000
2020-05-27,1.059999942779541,1.059999942779541,1.100000023841858,1.0,1.0,2388100
2020-05-28,1.0199999809265137,1.0199999809265137,1.1200000047683716,1.0099999904632568,1.0800000429153442,3383700
2020-05-29,0.9700000286102295,0.9700000286102295,1.0499999523162842,0.8999999761581421,1.0499999523162842,3074600
2020-06-01,0.9900000095367432,0.9900000095367432,1.0399999618530273,0.9900000095367432,1.0299999713897705,1592100
2020-06-02,0.9800000190734863,0.9800000190734863,1.0199999809265137,0.9800000190734863,1.0,2417500
2020-06-03,0.9900000095367432,0.9900000095367432,1.0199999809265137,0.9800000190734863,0.9900000095367432,3249800
2020-06-04,0.949999988079071,0.949999988079071,1.0499999523162842,0.949999988079071,0.9900000095367432,5768600
2020-06-05,1.2899999618530273,1.2899999618530273,1.350000023841858,0.9900000095367432,1.0099999904632568,13413400
2020-06-08,1.5800000429153442,1.5800000429153442,1.690000057220459,1.399999976158142,1.440000057220459,8984800
2020-06-09,1.350000023841858,1.350000023841858,1.600000023841858,1.350000023841858,1.600000023841858,3659300
2020-06-10,1.2300000190734863,1.2300000190734863,1.399999976158142,1.059999942779541,1.3899999856948853,3430100
2020-06-11,1.1299999952316284,1.1299999952316284,1.2000000476837158,1.0499999523162842,1.149999976158142,3080400
2020-06-12,1.190000057220459,1.190000057220459,1.4900000095367432,1.159999966621399,1.25,2161500
2020-06-15,1.2100000381469727,1.2100000381469727,1.2400000095367432,1.100000023841858,1.149999976158142,1742100
2020-06-16,1.2300000190734863,1.2300000190734863,1.3899999856948853,1.2300000190734863,1.3200000524520874,3307900
2020-06-17,1.2799999713897705,1.2799999713897705,1.3200000524520874,1.2000000476837158,1.2100000381469727,2310700
2020-06-18,1.2300000190734863,1.2300000190734863,1.309999942779541,1.2200000286102295,1.2899999618530273,1606200
2020-06-19,1.2200000286102295,1.2200000286102295,1.25,1.1100000143051147,1.2200000286102295,3212800
2020-06-22,1.1100000143051147,1.1100000143051147,1.2000000476837158,1.0800000429153442,1.2000000476837158,2242800
2020-06-23,1.1799999475479126,1.1799999475479126,1.190000057220459,1.1100000143051147,1.1399999856948853,1438000
2020-06-24,1.1100000143051147,1.1100000143051147,1.2699999809265137,1.090000033378601,1.2300000190734863,4390100
2020-06-25,1.0800000429153442,1.0800000429153442,1.1200000047683716,1.0099999904632568,1.0800000429153442,3267500
2020-06-26,1.0,1.0,1.0800000429153442,0.9700000286102295,1.0800000429153442,8866200
2020-06-29,1.0199999809265137,1.0199999809265137,1.0700000524520874,0.9700000286102295,0.9900000095367432,2399500
2020-06-30,1.0399999618530273,1.0399999618530273,1.0499999523162842,0.9800000190734863,1.0199999809265137,952700
2020-07-01,1.0499999523162842,1.0499999523162842,1.0700000524520874,1.0,1.0299999713897705,850300
2020-07-02,1.0499999523162842,1.0499999523162842,1.0800000429153442,0.9900000095367432,1.0700000524520874,1888200
2020-07-06,1.0199999809265137,1.0199999809265137,1.0700000524520874,1.0099999904632568,1.0700000524520874,1031200
2020-07-07,0.9300000071525574,0.9300000071525574,1.0299999713897705,0.8999999761581421,1.0,3947200
2020-07-08,0.9300000071525574,0.9300000071525574,0.949999988079071,0.8999999761581421,0.949999988079071,2792900
2020-07-09,0.8899999856948853,0.8899999856948853,0.9599999785423279,0.8799999952316284,0.9599999785423279,954600
2020-07-10,0.9599999785423279,0.9599999785423279,0.9599999785423279,0.8700000047683716,0.9100000262260437,2866600
2020-07-13,0.9800000190734863,0.9800000190734863,1.0499999523162842,0.9700000286102295,1.0,1815000
2020-07-14,0.9599999785423279,0.9599999785423279,1.0,0.8999999761581421,1.0,1671000
2020-07-15,0.949999988079071,0.949999988079071,0.9800000190734863,0.8999999761581421,0.9800000190734863,1827900
2020-07-16,0.9599999785423279,0.9599999785423279,0.9700000286102295,0.9300000071525574,0.949999988079071,944200
2020-07-17,1.0099999904632568,1.0099999904632568,1.0099999904632568,0.949999988079071,0.9599999785423279,1253200
2020-07-20,0.9399999976158142,0.9399999976158142,1.0099999904632568,0.9200000166893005,1.0,2129100
2020-07-21,0.9300000071525574,0.9300000071525574,0.9700000286102295,0.9300000071525574,0.9399999976158142,1378400
2020-07-22,0.9200000166893005,0.9200000166893005,0.949999988079071,0.9200000166893005,0.949999988079071,505700
2020-07-23,0.949999988079071,0.949999988079071,0.9599999785423279,0.9100000262260437,0.9300000071525574,942000
2020-07-24,0.9200000166893005,0.9200000166893005,0.9700000286102295,0.9100000262260437,0.9399999976158142,2519300
2020-07-27,0.9200000166893005,0.9200000166893005,0.9399999976158142,0.8899999856948853,0.9399999976158142,1397300
2020-07-28,0.9200000166893005,0.9200000166893005,0.9300000071525574,0.8999999761581421,0.9100000262260437,571800
2020-07-29,0.9100000262260437,0.9100000262260437,0.9300000071525574,0.8999999761581421,0.9100000262260437,378500
2020-07-30,0.9300000071525574,0.9300000071525574,0.9399999976158142,0.8600000143051147,0.8999999761581421,1446000
2020-07-31,0.9200000166893005,0.9200000166893005,0.9300000071525574,0.8799999952316284,0.9300000071525574,1602100
2020-08-03,0.8999999761581421,0.8999999761581421,0.9100000262260437,0.8700000047683716,0.9100000262260437,860200
2020-08-04,0.8999999761581421,0.8999999761581421,0.8999999761581421,0.8700000047683716,0.8999999761581421,644900
2020-08-05,0.9200000166893005,0.9200000166893005,0.9399999976158142,0.8999999761581421,0.8999999761581421,1045100
2020-08-06,0.9599999785423279,0.9599999785423279,1.0,0.9100000262260437,0.9399999976158142,1273700
2020-08-07,0.949999988079071,0.949999988079071,0.9599999785423279,0.8999999761581421,0.9100000262260437,1361200
2020-08-10,1.0399999618530273,1.0399999618530273,1.059999942779541,0.9300000071525574,0.949999988079071,2906200
2020-08-11,1.0800000429153442,1.0800000429153442,1.2200000286102295,1.0499999523162842,1.0700000524520874,3935000
2020-08-12,1.25,1.25,1.2999999523162842,1.1200000047683716,1.159999966621399,6616900
2020-08-13,1.1299999952316284,1.1299999952316284,1.350000023841858,1.1299999952316284,1.340000033378601,6403700
2020-08-14,1.2000000476837158,1.2000000476837158,1.2599999904632568,1.149999976158142,1.1799999475479126,3345500
2020-08-17,1.2000000476837158,1.2000000476837158,1.309999942779541,1.2000000476837158,1.2999999523162842,4030300
2020-08-18,1.190000057220459,1.190000057220459,1.2599999904632568,1.190000057220459,1.2599999904632568,2411700
2020-08-19,1.1399999856948853,1.1399999856948853,1.2300000190734863,1.1399999856948853,1.190000057220459,2186500
2020-08-20,1.1699999570846558,1.1699999570846558,1.2100000381469727,1.149999976158142,1.2100000381469727,1399500
2020-08-21,1.059999942779541,1.059999942779541,1.1699999570846558,1.059999942779541,1.149999976158142,2543700
2020-08-24,1.100000023841858,1.100000023841858,1.149999976158142,1.0800000429153442,1.090000033378601,2796600
2020-08-25,1.1100000143051147,1.1100000143051147,1.159999966621399,1.090000033378601,1.100000023841858,2546800
2020-08-26,1.149999976158142,1.149999976158142,1.149999976158142,1.1100000143051147,1.1200000047683716,1263100
2020-08-27,1.1699999570846558,1.1699999570846558,1.190000057220459,1.1200000047683716,1.1399999856948853,2918500
2020-08-28,1.2300000190734863,1.2300000190734863,1.25,1.159999966621399,1.159999966621399,2310300
2020-08-31,1.1699999570846558,1.1699999570846558,1.2599999904632568,1.1699999570846558,1.2200000286102295,1175800
2020-09-01,1.1799999475479126,1.1799999475479126,1.2000000476837158,1.149999976158142,1.159999966621399,724500
2020-09-02,1.1799999475479126,1.1799999475479126,1.2100000381469727,1.159999966621399,1.190000057220459,952100
2020-09-03,1.190000057220459,1.190000057220459,1.2100000381469727,1.149999976158142,1.1699999570846558,946600
2020-09-04,1.2300000190734863,1.2300000190734863,1.25,1.149999976158142,1.1699999570846558,1969200
2020-09-08,1.2899999618530273,1.2899999618530273,1.350000023841858,1.2000000476837158,1.2000000476837158,2153900
2020-09-09,1.309999942779541,1.309999942779541,1.340000033378601,1.2300000190734863,1.2999999523162842,1764800
2020-09-10,1.2999999523162842,1.2999999523162842,1.399999976158142,1.2799999713897705,1.350000023841858,1778000
2020-09-11,1.3700000047683716,1.3700000047683716,1.3899999856948853,1.2799999713897705,1.2899999618530273,1673500
2020-09-14,1.4199999570846558,1.4199999570846558,1.5,1.3899999856948853,1.399999976158142,1656300
2020-09-15,1.350000023841858,1.350000023841858,1.440000057220459,1.340000033378601,1.4199999570846558,1236700
2020-09-16,1.3600000143051147,1.3600000143051147,1.4299999475479126,1.309999942779541,1.350000023841858,1563900
2020-09-17,1.340000033378601,1.340000033378601,1.399999976158142,1.2799999713897705,1.3600000143051147,1354100
2020-09-18,1.2200000286102295,1.2200000286102295,1.3700000047683716,1.2000000476837158,1.3700000047683716,7093500
2020-09-21,1.1399999856948853,1.1399999856948853,1.2200000286102295,1.1399999856948853,1.2100000381469727,2219000
2020-09-22,1.0099999904632568,1.0099999904632568,1.1699999570846558,0.9900000095367432,1.1399999856948853,4708000
2020-09-23,0.9800000190734863,0.9800000190734863,1.0700000524520874,0.9200000166893005,1.0499999523162842,4443300
2020-09-24,0.9300000071525574,0.9300000071525574,0.9700000286102295,0.8999999761581421,0.9599999785423279,3282500
2020-09-25,0.9399999976158142,0.9399999976158142,0.9599999785423279,0.9100000262260437,0.9300000071525574,2755800
2020-09-28,1.0,1.0,1.0,0.949999988079071,0.949999988079071,1988900
2020-09-29,0.9800000190734863,0.9800000190734863,1.0099999904632568,0.9300000071525574,0.9900000095367432,4167200
2020-09-30,1.0,1.0,1.0199999809265137,0.9700000286102295,0.9700000286102295,1912700
2020-10-01,1.0199999809265137,1.0199999809265137,1.0299999713897705,0.9700000286102295,0.9900000095367432,1214100
2020-10-02,1.0199999809265137,1.0199999809265137,1.0399999618530273,0.949999988079071,0.9700000286102295,1831700
2020-10-05,1.0399999618530273,1.0399999618530273,1.0499999523162842,1.0,1.0299999713897705,1118700
2020-10-06,1.0700000524520874,1.0700000524520874,1.149999976158142,1.0399999618530273,1.0399999618530273,1991100
2020-10-07,1.100000023841858,1.100000023841858,1.149999976158142,1.0700000524520874,1.1100000143051147,1468000
2020-10-08,1.149999976158142,1.149999976158142,1.1699999570846558,1.1100000143051147,1.149999976158142,898200
2020-10-09,1.1399999856948853,1.1399999856948853,1.2000000476837158,1.1399999856948853,1.149999976158142,549700
2020-10-12,1.1100000143051147,1.1100000143051147,1.149999976158142,1.0700000524520874,1.1399999856948853,779300
2020-10-13,1.0800000429153442,1.0800000429153442,1.1100000143051147,1.0499999523162842,1.100000023841858,839100
2020-10-14,0.9700000286102295,0.9700000286102295,1.090000033378601,0.9700000286102295,1.0800000429153442,1841800
2020-10-15,1.0099999904632568,1.0099999904632568,1.0199999809265137,0.9700000286102295,0.9900000095367432,1200000
2020-10-16,1.0299999713897705,1.0299999713897705,1.059999942779541,1.0,1.0,930600
2020-10-19,0.9700000286102295,0.9700000286102295,1.059999942779541,0.9200000166893005,0.9900000095367432,2791600
2020-10-20,0.9599999785423279,0.9599999785423279,1.0099999904632568,0.9599999785423279,1.0,1134000
2020-10-21,0.9800000190734863,0.9800000190734863,1.059999942779541,0.9399999976158142,0.9599999785423279,1498700
2020-10-22,1.0199999809265137,1.0199999809265137,1.059999942779541,1.0,1.0,880900
2020-10-23,1.0,1.0,1.0499999523162842,1.0,1.0499999523162842,422100
2020-10-26,0.9800000190734863,0.9800000190734863,1.0199999809265137,0.9599999785423279,0.9800000190734863,1078800
2020-10-27,0.9800000190734863,0.9800000190734863,1.0,0.9599999785423279,0.9900000095367432,658000
2020-10-28,0.9100000262260437,0.9100000262260437,0.9599999785423279,0.9100000262260437,0.949999988079071,1129200
2020-10-29,0.9100000262260437,0.9100000262260437,0.9399999976158142,0.8999999761581421,0.9200000166893005,1425800
2020-10-30,0.8899999856948853,0.8899999856948853,0.949999988079071,0.8700000047683716,0.9399999976158142,1341900
2020-11-02,0.9200000166893005,0.9200000166893005,0.949999988079071,0.8700000047683716,0.9100000262260437,1749500
2020-11-03,0.9700000286102295,0.9700000286102295,0.9900000095367432,0.9200000166893005,0.9200000166893005,757900
2020-11-04,0.949999988079071,0.949999988079071,0.9900000095367432,0.9300000071525574,0.949999988079071,520600
2020-11-05,0.9800000190734863,0.9800000190734863,1.0,0.949999988079071,0.9700000286102295,1016400
2020-11-06,1.0,1.0,1.0099999904632568,0.9599999785423279,0.9800000190734863,689200
2020-11-09,1.149999976158142,1.149999976158142,1.2100000381469727,1.1299999952316284,1.190000057220459,7838000
2020-11-10,1.2599999904632568,1.2599999904632568,1.2999999523162842,1.1299999952316284,1.149999976158142,3954500
2020-11-11,1.2799999713897705,1.2799999713897705,1.309999942779541,1.1699999570846558,1.2000000476837158,2171600
2020-11-12,1.2999999523162842,1.2999999523162842,1.340000033378601,1.2400000095367432,1.25,1871700
2020-11-13,1.2599999904632568,1.2599999904632568,1.2999999523162842,1.190000057220459,1.2799999713897705,3029300
2020-11-16,1.25,1.25,1.3799999952316284,1.25,1.2999999523162842,2491100
2020-11-17,1.2899999618530273,1.2899999618530273,1.2999999523162842,1.25,1.25,1022400
2020-11-18,1.2699999809265137,1.2699999809265137,1.2999999523162842,1.25,1.2999999523162842,1166500
2020-11-19,1.2400000095367432,1.2400000095367432,1.2699999809265137,1.2200000286102295,1.25,698900
2020-11-20,1.25,1.25,1.2799999713897705,1.2000000476837158,1.2000000476837158,887300
2020-11-23,1.399999976158142,1.399999976158142,1.4199999570846558,1.25,1.25,3929400
2020-11-24,1.5499999523162842,1.5499999523162842,1.5800000429153442,1.350000023841858,1.399999976158142,3663200
2020-11-25,1.5399999618530273,1.5399999618530273,1.6399999856948853,1.5099999904632568,1.600000023841858,2108200
2020-11-27,1.5299999713897705,1.5299999713897705,1.5700000524520874,1.5099999904632568,1.5399999618530273,753700
2020-11-30,1.5099999904632568,1.5099999904632568,1.5800000429153442,1.4700000286102295,1.5499999523162842,2099200
2020-12-01,1.5,1.5,1.590000033378601,1.4700000286102295,1.5099999904632568,1569100
2020-12-02,1.4900000095367432,1.4900000095367432,1.5399999618530273,1.4700000286102295,1.5,2842400
2020-12-03,1.5299999713897705,1.5299999713897705,1.6399999856948853,1.4800000190734863,1.4800000190734863,3212200
2020-12-04,1.5499999523162842,1.5499999523162842,1.6100000143051147,1.5299999713897705,1.559999942779541,1513100
2020-12-07,1.4900000095367432,1.4900000095367432,1.5700000524520874,1.4700000286102295,1.5399999618530273,1365100
2020-12-08,1.4299999475479126,1.4299999475479126,1.5199999809265137,1.2999999523162842,1.4900000095367432,2386800
2020-12-09,1.309999942779541,1.309999942779541,1.440000057220459,1.2599999904632568,1.4299999475479126,2340900
2020-12-10,1.3799999952316284,1.3799999952316284,1.409999966621399,1.2899999618530273,1.2999999523162842,1123100
2020-12-11,1.3899999856948853,1.3899999856948853,1.4199999570846558,1.309999942779541,1.309999942779541,801900
2020-12-14,1.3700000047683716,1.3700000047683716,1.3899999856948853,1.2799999713897705,1.340000033378601,1331000
2020-12-15,1.340000033378601,1.340000033378601,1.3799999952316284,1.2999999523162842,1.3799999952316284,12082800
2020-12-16,1.3700000047683716,1.3700000047683716,1.3899999856948853,1.2599999904632568,1.2899999618530273,1641200
2020-12-17,1.4900000095367432,1.4900000095367432,1.5,1.340000033378601,1.340000033378601,2140400
2020-12-18,1.5099999904632568,1.5099999904632568,1.5499999523162842,1.440000057220459,1.4600000381469727,4538400
2020-12-21,1.5399999618530273,1.5399999618530273,1.5399999618530273,1.440000057220459,1.4700000286102295,3180700
2020-12-22,1.6100000143051147,1.6100000143051147,1.6100000143051147,1.4800000190734863,1.5700000524520874,2689800
2020-12-23,1.649999976158142,1.649999976158142,1.7300000190734863,1.5700000524520874,1.6299999952316284,2723100
2020-12-24,1.7000000476837158,1.7000000476837158,1.7400000095367432,1.6100000143051147,1.6200000047683716,562200
2020-12-28,1.659999966621399,1.659999966621399,1.7000000476837158,1.600000023841858,1.600000023841858,1471100
2020-12-29,1.649999976158142,1.649999976158142,1.690000057220459,1.6299999952316284,1.6699999570846558,1112800
2020-12-30,1.649999976158142,1.649999976158142,1.7000000476837158,1.6299999952316284,1.659999966621399,808300
2020-12-31,1.649999976158142,1.649999976158142,1.659999966621399,1.6100000143051147,1.6399999856948853,627700
2021-01-04,1.590000033378601,1.590000033378601,1.659999966621399,1.559999942779541,1.6299999952316284,3060000
2021-01-05,1.600000023841858,1.600000023841858,1.6399999856948853,1.4600000381469727,1.5,1555200
2021-01-06,1.690000057220459,1.690000057220459,1.7000000476837158,1.5700000524520874,1.5800000429153442,1623200
2021-01-07,1.659999966621399,1.659999966621399,1.7100000381469727,1.659999966621399,1.690000057220459,1095600
2021-01-08,1.5299999713897705,1.5299999713897705,1.6200000047683716,1.5099999904632568,1.590000033378601,2857600
2021-01-11,1.4500000476837158,1.4500000476837158,1.5299999713897705,1.4299999475479126,1.5199999809265137,1971700
2021-01-12,1.4299999475479126,1.4299999475479126,1.5,1.4299999475479126,1.4299999475479126,1209400
2021-01-13,1.399999976158142,1.399999976158142,1.4700000286102295,1.399999976158142,1.440000057220459,1544300
2021-01-14,1.5,1.5,1.5399999618530273,1.409999966621399,1.409999966621399,1902300
2021-01-15,1.4299999475479126,1.4299999475479126,1.5099999904632568,1.409999966621399,1.4700000286102295,1198500
2021-01-19,1.559999942779541,1.559999942779541,1.590000033378601,1.4299999475479126,1.4299999475479126,2661200
2021-01-20,1.8600000143051147,1.8600000143051147,1.899999976158142,1.5800000429153442,1.5800000429153442,6459800
2021-01-21,1.7000000476837158,1.7000000476837158,1.9900000095367432,1.7000000476837158,1.850000023841858,5928000
2021-01-22,1.75,1.75,1.7899999618530273,1.659999966621399,1.7000000476837158,2320600
2021-01-25,1.8899999856948853,1.8899999856948853,1.9900000095367432,1.6799999475479126,1.690000057220459,5179100
2021-01-26,1.7999999523162842,1.7999999523162842,1.9800000190734863,1.7799999713897705,1.9500000476837158,6063700
2021-01-27,1.899999976158142,1.899999976158142,1.9700000286102295,1.7599999904632568,1.7899999618530273,5475100
2021-01-28,1.9900000095367432,1.9900000095367432,2.049999952316284,1.8600000143051147,1.8600000143051147,5976800
2021-01-29,1.9900000095367432,1.9900000095367432,2.190000057220459,1.9700000286102295,1.9900000095367432,5712200
2021-02-01,2.0,2.0,2.0999999046325684,1.9199999570846558,2.0899999141693115,4968800
2021-02-02,1.9900000095367432,1.9900000095367432,2.059999942779541,1.9199999570846558,2.0199999809265137,3372400
2021-02-03,2.0,2.0,2.0199999809265137,1.9700000286102295,1.9700000286102295,3093100
2021-02-04,1.9199999570846558,1.9199999570846558,2.0199999809265137,1.8700000047683716,2.0,3913600
2021-02-05,2.0,2.0,2.0199999809265137,1.9299999475479126,1.940000057220459,2228700
2021-02-08,2.180000066757202,2.180000066757202,2.200000047683716,1.9500000476837158,2.0299999713897705,17699500
2021-02-09,2.180000066757202,2.180000066757202,2.2100000381469727,2.0799999237060547,2.190000057220459,7649300
2021-02-10,2.180000066757202,2.180000066757202,2.2300000190734863,2.119999885559082,2.200000047683716,2328400
2021-02-11,2.1700000762939453,2.1700000762939453,2.200000047683716,2.109999895095825,2.200000047683716,2611300
2021-02-12,2.140000104904175,2.140000104904175,2.200000047683716,2.119999885559082,2.1700000762939453,1667200
2021-02-16,2.1700000762939453,2.1700000762939453,2.200000047683716,2.1500000953674316,2.1600000858306885,5846500
2021-02-17,2.130000114440918,2.130000114440918,2.259999990463257,2.119999885559082,2.200000047683716,2164000
2021-02-18,2.0299999713897705,2.0299999713897705,2.119999885559082,2.009999990463257,2.119999885559082,2879600
2021-02-19,2.0299999713897705,2.0299999713897705,2.0799999237060547,1.940000057220459,2.0199999809265137,2109300
2021-02-22,2.0299999713897705,2.0299999713897705,2.069999933242798,1.9900000095367432,2.0,4000100
2021-02-23,1.9700000286102295,1.9700000286102295,2.069999933242798,1.9500000476837158,2.0,5138500
2021-02-24,2.0799999237060547,2.0799999237060547,2.180000066757202,1.9700000286102295,1.9700000286102295,3521900
2021-02-25,1.8200000524520874,1.8200000524520874,2.1500000953674316,1.7300000190734863,2.049999952316284,10753300
2021-02-26,1.7200000286102295,1.7200000286102295,1.8899999856948853,1.690000057220459,1.8700000047683716,4987500
2021-03-01,1.7799999713897705,1.7799999713897705,1.7999999523162842,1.6399999856948853,1.7699999809265137,4788200
2021-03-02,1.840000033378601,1.840000033378601,1.9199999570846558,1.7400000095367432,1.7799999713897705,6880000
2021-03-03,1.899999976158142,1.899999976158142,1.9199999570846558,1.8300000429153442,1.8799999952316284,2708100
2021-03-04,1.899999976158142,1.899999976158142,1.899999976158142,1.7100000381469727,1.8899999856948853,3241500
2021-03-05,1.8799999952316284,1.8799999952316284,1.909999966621399,1.7400000095367432,1.899999976158142,2586800
2021-03-08,1.899999976158142,1.899999976158142,1.9500000476837158,1.8200000524520874,1.8899999856948853,2299800
2021-03-09,1.940000057220459,1.940000057220459,1.9900000095367432,1.8899999856948853,1.9500000476837158,2928900
2021-03-10,1.9700000286102295,1.9700000286102295,2.0199999809265137,1.909999966621399,1.9299999475479126,1710600
2021-03-11,2.049999952316284,2.049999952316284,2.0799999237060547,1.9800000190734863,2.0,1623300
2021-03-12,2.0899999141693115,2.0899999141693115,2.0899999141693115,2.0,2.0299999713897705,1176400
2021-03-15,2.2100000381469727,2.2100000381469727,2.2799999713897705,2.0899999141693115,2.0899999141693115,3396000
2021-03-16,2.180000066757202,2.180000066757202,2.240000009536743,2.059999942779541,2.190000057220459,2307200
2021-03-17,2.2200000286102295,2.2200000286102295,2.2300000190734863,2.0199999809265137,2.1500000953674316,2209500
2021-03-18,2.0799999237060547,2.0799999237060547,2.259999990463257,2.0399999618530273,2.190000057220459,3045800
2021-03-19,2.130000114440918,2.130000114440918,2.2100000381469727,2.0,2.0799999237060547,4486200
2021-03-22,2.069999933242798,2.069999933242798,2.1500000953674316,2.0199999809265137,2.119999885559082,1423000
2021-03-23,1.9600000381469727,1.9600000381469727,2.059999942779541,1.9199999570846558,2.049999952316284,2546300
2021-03-24,1.8300000429153442,1.8300000429153442,1.9700000286102295,1.809999942779541,1.9500000476837158,3506200
2021-03-25,1.8700000047683716,1.8700000047683716,1.899999976158142,1.7599999904632568,1.809999942779541,1518600
2021-03-26,1.8600000143051147,1.8600000143051147,1.899999976158142,1.7599999904632568,1.8799999952316284,1555100
2021-03-29,1.7699999809265137,1.7699999809265137,1.8799999952316284,1.75,1.8700000047683716,3006300
2021-03-30,1.8200000524520874,1.8200000524520874,1.850000023841858,1.7400000095367432,1.75,1876900
2021-03-31,1.7999999523162842,1.7999999523162842,1.8600000143051147,1.7899999618530273,1.809999942779541,1928800
2021-04-01,1.8799999952316284,1.8799999952316284,1.8899999856948853,1.7999999523162842,1.7999999523162842,1191200
2021-04-05,1.9700000286102295,1.9700000286102295,2.0,1.899999976158142,1.9199999570846558,2010700
2021-04-06,2.0299999713897705,2.0299999713897705,2.059999942779541,1.940000057220459,1.9600000381469727,2399800
2021-04-07,2.0799999237060547,2.0799999237060547,2.0999999046325684,1.9800000190734863,2.0299999713897705,1777700
2021-04-08,2.0999999046325684,2.0999999046325684,2.130000114440918,1.9700000286102295,2.0899999141693115,2415900
2021-04-09,2.109999895095825,2.109999895095825,2.1600000858306885,2.0299999713897705,2.0899999141693115,2056400
2021-04-12,2.0199999809265137,2.0199999809265137,2.119999885559082,2.009999990463257,2.109999895095825,2837300
2021-04-13,1.9600000381469727,1.9600000381469727,2.0199999809265137,1.8700000047683716,2.009999990463257,4048600
2021-04-14,2.0199999809265137,2.0199999809265137,2.069999933242798,1.940000057220459,1.9700000286102295,1899700
2021-04-15,2.0199999809265137,2.0199999809265137,2.0899999141693115,1.9800000190734863,2.0299999713897705,1788500
2021-04-16,2.0899999141693115,2.0899999141693115,2.1600000858306885,1.9800000190734863,2.0399999618530273,3213700
2021-04-19,2.0399999618530273,2.0399999618530273,2.130000114440918,1.9900000095367432,2.0899999141693115,2894200
2021-04-20,1.9700000286102295,1.9700000286102295,2.059999942779541,1.9500000476837158,2.0399999618530273,1635600
2021-04-21,2.049999952316284,2.049999952316284,2.0799999237060547,1.8799999952316284,1.8899999856948853,1836700
2021-04-22,2.1500000953674316,2.1500000953674316,2.2100000381469727,2.0299999713897705,2.0399999618530273,4261900
2021-04-23,2.200000047683716,2.200000047683716,2.240000009536743,2.1600000858306885,2.1700000762939453,3431600
2021-04-26,2.380000114440918,2.380000114440918,2.450000047683716,2.2200000286102295,2.2200000286102295,4267500
2021-04-27,2.450000047683716,2.450000047683716,2.509999990463257,2.359999895095825,2.359999895095825,4472900
2021-04-28,2.5299999713897705,2.5299999713897705,2.5899999141693115,2.450000047683716,2.450000047683716,3673900
2021-04-29,2.569999933242798,2.569999933242798,2.5999999046325684,2.4700000286102295,2.549999952316284,4187100
2021-04-30,2.509999990463257,2.509999990463257,2.630000114440918,2.4800000190734863,2.549999952316284,3045000
2021-05-03,2.5199999809265137,2.5199999809265137,2.5799999237060547,2.440000057220459,2.5399999618530273,2282800
2021-05-04,2.5199999809265137,2.5199999809265137,2.5399999618530273,2.369999885559082,2.5,1623400
2021-05-05,2.5199999809265137,2.5199999809265137,2.5899999141693115,2.4800000190734863,2.549999952316284,1941400
2021-05-06,2.4700000286102295,2.4700000286102295,2.559999942779541,2.380000114440918,2.5299999713897705,1945400
2021-05-07,2.559999942779541,2.559999942779541,2.609999895095825,2.4600000381469727,2.490000009536743,2889600
2021-05-10,2.2100000381469727,2.2100000381469727,2.5299999713897705,2.130000114440918,2.309999942779541,4504500
2021-05-11,2.3399999141693115,2.3399999141693115,2.509999990463257,2.0999999046325684,2.1500000953674316,3794800
2021-05-12,2.190000057220459,2.190000057220459,2.380000114440918,2.1700000762939453,2.2799999713897705,3183400
2021-05-13,2.1600000858306885,2.1600000858306885,2.299999952316284,2.069999933242798,2.200000047683716,2078900
2021-05-14,2.1600000858306885,2.1600000858306885,2.240000009536743,2.119999885559082,2.200000047683716,1754900
2021-05-17,2.3399999141693115,2.3399999141693115,2.359999895095825,2.1500000953674316,2.1700000762939453,2044400
2021-05-18,2.430000066757202,2.430000066757202,2.430000066757202,2.3299999237060547,2.3399999141693115,1571500
2021-05-19,2.2699999809265137,2.2699999809265137,2.380000114440918,2.2100000381469727,2.380000114440918,1444000
2021-05-20,2.369999885559082,2.369999885559082,2.4200000762939453,2.180000066757202,2.2799999713897705,3190400
2021-05-21,2.3299999237060547,2.3299999237060547,2.430000066757202,2.309999942779541,2.4200000762939453,1268800
2021-05-24,2.380000114440918,2.380000114440918,2.4000000953674316,2.3299999237060547,2.359999895095825,862700
2021-05-25,2.2200000286102295,2.2200000286102295,2.440000057220459,2.2200000286102295,2.359999895095825,2112000
2021-05-26,2.2799999713897705,2.2799999713897705,2.309999942779541,2.2200000286102295,2.2200000286102295,3782100
2021-05-27,2.4000000953674316,2.4000000953674316,2.4200000762939453,2.2699999809265137,2.2799999713897705,2395400
2021-05-28,2.390000104904175,2.390000104904175,2.430000066757202,2.3399999141693115,2.4100000858306885,1538100
2021-06-01,2.380000114440918,2.380000114440918,2.4100000858306885,2.3399999141693115,2.3499999046325684,2313800
2021-06-02,2.3499999046325684,2.3499999046325684,2.4000000953674316,2.3499999046325684,2.390000104904175,2353700
2021-06-03,2.2899999618530273,2.2899999618530273,2.3499999046325684,2.2200000286102295,2.3499999046325684,2359000
2021-06-04,2.3299999237060547,2.3299999237060547,2.380000114440918,2.2899999618530273,2.3299999237060547,2485700
2021-06-07,2.369999885559082,2.369999885559082,2.390000104904175,2.3399999141693115,2.369999885559082,4036500
2021-06-08,2.380000114440918,2.380000114440918,2.430000066757202,2.359999895095825,2.390000104904175,2221700
2021-06-09,2.8299999237060547,2.8299999237060547,2.859999895095825,2.380000114440918,2.4000000953674316,15366200
2021-06-10,2.700000047683716,2.700000047683716,3.049999952316284,2.690000057220459,2.799999952316284,8812600
2021-06-11,2.9800000190734863,2.9800000190734863,3.0199999809265137,2.7100000381469727,2.7799999713897705,6219700
2021-06-14,2.9000000953674316,2.9000000953674316,3.0199999809265137,2.9000000953674316,2.9800000190734863,3287900
2021-06-15,2.9000000953674316,2.9000000953674316,2.930000066757202,2.8499999046325684,2.880000114440918,3437200
2021-06-16,2.9000000953674316,2.9000000953674316,2.940000057220459,2.869999885559082,2.890000104904175,1818800
2021-06-17,2.7799999713897705,2.7799999713897705,2.9800000190734863,2.75,2.880000114440918,4168700
2021-06-18,2.680000066757202,2.680000066757202,2.8499999046325684,2.6600000858306885,2.7200000286102295,5113100
2021-06-21,2.7899999618530273,2.7899999618530273,2.819999933242798,2.7100000381469727,2.7200000286102295,4222600
2021-06-22,2.7899999618530273,2.7899999618530273,2.869999885559082,2.7300000190734863,2.7699999809265137,2600600
2021-06-23,2.7899999618530273,2.7899999618530273,2.890000104904175,2.759999990463257,2.8399999141693115,3531700
2021-06-24,2.8399999141693115,2.8399999141693115,2.8399999141693115,2.7699999809265137,2.809999942779541,4461100
2021-06-25,2.809999942779541,2.809999942779541,2.930000066757202,2.7699999809265137,2.8499999046325684,50222400
2021-06-28,2.75,2.75,2.8399999141693115,2.640000104904175,2.7899999618530273,3816800
2021-06-29,2.690000057220459,2.690000057220459,2.7899999618530273,2.680000066757202,2.759999990463257,1883600
2021-06-30,2.640000104904175,2.640000104904175,2.75,2.630000114440918,2.6600000858306885,4244700
2021-07-01,2.630000114440918,2.630000114440918,2.700000047683716,2.609999895095825,2.680000066757202,3245800
2021-07-02,2.5399999618530273,2.5399999618530273,2.6700000762939453,2.490000009536743,2.640000104904175,1435300
2021-07-06,2.450000047683716,2.450000047683716,2.5399999618530273,2.4000000953674316,2.5399999618530273,2378500
2021-07-07,2.549999952316284,2.549999952316284,2.569999933242798,2.380000114440918,2.4600000381469727,3987900
2021-07-08,2.509999990463257,2.509999990463257,2.5799999237060547,2.4600000381469727,2.5,1969700
2021-07-09,2.559999942779541,2.559999942779541,2.5799999237060547,2.490000009536743,2.549999952316284,1665400
2021-07-12,2.630000114440918,2.630000114440918,2.640000104904175,2.4800000190734863,2.5399999618530273,2629100
2021-07-13,2.5199999809265137,2.5199999809265137,2.630000114440918,2.490000009536743,2.630000114440918,3192200
2021-07-14,2.5,2.5,2.569999933242798,2.4700000286102295,2.569999933242798,1981100
2021-07-15,2.5199999809265137,2.5199999809265137,2.5399999618530273,2.4600000381469727,2.490000009536743,3123500
2021-07-16,2.390000104904175,2.390000104904175,2.549999952316284,2.3499999046325684,2.549999952316284,2931700
2021-07-19,2.299999952316284,2.299999952316284,2.3299999237060547,2.259999990463257,2.299999952316284,2133400
2021-07-20,2.359999895095825,2.359999895095825,2.4100000858306885,2.25,2.369999885559082,2219100
2021-07-21,2.440000057220459,2.440000057220459,2.490000009536743,2.380000114440918,2.390000104904175,1340700
2021-07-22,2.3399999141693115,2.3399999141693115,2.450000047683716,2.299999952316284,2.4200000762939453,1330200
2021-07-23,2.3299999237060547,2.3299999237060547,2.359999895095825,2.240000009536743,2.359999895095825,1187100
2021-07-26,2.4200000762939453,2.4200000762939453,2.4600000381469727,2.3299999237060547,2.3399999141693115,1440700
2021-07-27,2.3499999046325684,2.3499999046325684,2.4000000953674316,2.2799999713897705,2.380000114440918,1308400
2021-07-28,2.390000104904175,2.390000104904175,2.4100000858306885,2.2899999618530273,2.390000104904175,1190400
2021-07-29,2.6700000762939453,2.6700000762939453,2.7300000190734863,2.4800000190734863,2.509999990463257,3375400
2021-07-30,2.6600000858306885,2.6600000858306885,2.7899999618530273,2.630000114440918,2.6700000762939453,2431400
2021-08-02,2.5199999809265137,2.5199999809265137,2.7300000190734863,2.509999990463257,2.640000104904175,2483200
2021-08-03,2.490000009536743,2.490000009536743,2.569999933242798,2.390000104904175,2.5399999618530273,1746800
2021-08-04,2.4100000858306885,2.4100000858306885,2.4800000190734863,2.4000000953674316,2.440000057220459,1236000
2021-08-05,2.4700000286102295,2.4700000286102295,2.559999942779541,2.390000104904175,2.4100000858306885,1392300
2021-08-06,2.549999952316284,2.549999952316284,2.5899999141693115,2.4800000190734863,2.490000009536743,1061400
2021-08-09,2.440000057220459,2.440000057220459,2.549999952316284,2.440000057220459,2.5299999713897705,659200
2021-08-10,2.430000066757202,2.430000066757202,2.4700000286102295,2.4000000953674316,2.440000057220459,671400
2021-08-11,2.490000009536743,2.490000009536743,2.5,2.4000000953674316,2.440000057220459,1095700
2021-08-12,2.4100000858306885,2.4100000858306885,2.4800000190734863,2.3299999237060547,2.4800000190734863,1483100
2021-08-13,2.359999895095825,2.359999895095825,2.4100000858306885,2.3399999141693115,2.4100000858306885,1588100
2021-08-16,2.299999952316284,2.299999952316284,2.3499999046325684,2.2699999809265137,2.3399999141693115,1678900
2021-08-17,2.2899999618530273,2.2899999618530273,2.3399999141693115,2.25,2.2699999809265137,1632800
2021-08-18,2.2799999713897705,2.2799999713897705,2.3299999237060547,2.240000009536743,2.319999933242798,1648700
2021-08-19,2.259999990463257,2.259999990463257,2.2799999713897705,2.2100000381469727,2.240000009536743,1379700
2021-08-20,2.299999952316284,2.299999952316284,2.309999942779541,2.240000009536743,2.240000009536743,1288100
2021-08-23,2.359999895095825,2.359999895095825,2.4100000858306885,2.3299999237060547,2.3299999237060547,1203500
2021-08-24,2.4700000286102295,2.4700000286102295,2.5199999809265137,2.380000114440918,2.380000114440918,2767600
2021-08-25,2.4100000858306885,2.4100000858306885,2.5199999809265137,2.4100000858306885,2.4800000190734863,738800
2021-08-26,2.299999952316284,2.299999952316284,2.4000000953674316,2.2799999713897705,2.4000000953674316,1522200
2021-08-27,2.5399999618530273,2.5399999618530273,2.5399999618530273,2.319999933242798,2.319999933242798,1153000
2021-08-30,2.549999952316284,2.549999952316284,2.5799999237060547,2.4700000286102295,2.559999942779541,1665500
2021-08-31,2.630000114440918,2.630000114440918,2.630000114440918,2.5,2.5399999618530273,1465400
2021-09-01,2.640000104904175,2.640000104904175,2.6600000858306885,2.5899999141693115,2.640000104904175,1361100
2021-09-02,2.5999999046325684,2.5999999046325684,2.6700000762939453,2.5799999237060547,2.6500000953674316,2117900
2021-09-03,2.549999952316284,2.549999952316284,2.630000114440918,2.490000009536743,2.5999999046325684,1040900
2021-09-07,2.5399999618530273,2.5399999618530273,2.5799999237060547,2.5199999809265137,2.5299999713897705,1399800
2021-09-08,2.4000000953674316,2.4000000953674316,2.5299999713897705,2.390000104904175,2.5,1359000
2021-09-09,2.4000000953674316,2.4000000953674316,2.4700000286102295,2.369999885559082,2.380000114440918,1598700
2021-09-10,2.390000104904175,2.390000104904175,2.4700000286102295,2.380000114440918,2.440000057220459,1087100
2021-09-13,2.450000047683716,2.450000047683716,2.559999942779541,2.390000104904175,2.4100000858306885,2528500
2021-09-14,2.4700000286102295,2.4700000286102295,2.5,2.390000104904175,2.4800000190734863,1940400
2021-09-15,2.5,2.5,2.5299999713897705,2.390000104904175,2.509999990463257,2310800
2021-09-16,2.490000009536743,2.490000009536743,2.5199999809265137,2.4800000190734863,2.5,2385600
2021-09-17,2.6700000762939453,2.6700000762939453,2.6700000762939453,2.490000009536743,2.509999990463257,7240400
2021-09-20,2.559999942779541,2.559999942779541,2.609999895095825,2.5,2.559999942779541,2436800
2021-09-21,2.5899999141693115,2.5899999141693115,2.630000114440918,2.509999990463257,2.5899999141693115,1218500
2021-09-22,2.6500000953674316,2.6500000953674316,2.700000047683716,2.619999885559082,2.640000104904175,2169500
2021-09-23,2.7899999618530273,2.7899999618530273,2.819999933242798,2.6500000953674316,2.690000057220459,2686800
2021-09-24,2.759999990463257,2.759999990463257,2.890000104904175,2.740000009536743,2.759999990463257,2556300
2021-09-27,2.8499999046325684,2.8499999046325684,3.130000114440918,2.7100000381469727,2.7799999713897705,6631900
2021-09-28,2.7300000190734863,2.7300000190734863,2.9000000953674316,2.7200000286102295,2.819999933242798,2703000
2021-09-29,2.700000047683716,2.700000047683716,2.7899999618530273,2.5999999046325684,2.7799999713897705,1290100
2021-09-30,2.7100000381469727,2.7100000381469727,2.759999990463257,2.6700000762939453,2.7300000190734863,1164800
2021-10-01,2.880000114440918,2.880000114440918,2.940000057220459,2.75,2.75,3049400
2021-10-04,2.8499999046325684,2.8499999046325684,2.9100000858306885,2.809999942779541,2.859999895095825,3563500
2021-10-05,2.759999990463257,2.759999990463257,2.9000000953674316,2.75,2.9000000953674316,3354400
2021-10-06,2.7300000190734863,2.7300000190734863,2.7799999713897705,2.680000066757202,2.7200000286102295,1825800
2021-10-07,2.8399999141693115,2.8399999141693115,2.859999895095825,2.75,2.75,1571800
2021-10-08,2.7100000381469727,2.7100000381469727,2.859999895095825,2.7100000381469727,2.8299999237060547,1056100
2021-10-11,2.6500000953674316,2.6500000953674316,2.740000009536743,2.630000114440918,2.740000009536743,902600
2021-10-12,2.759999990463257,2.759999990463257,2.759999990463257,2.630000114440918,2.640000104904175,868700
2021-10-13,2.7200000286102295,2.7200000286102295,2.7699999809265137,2.5799999237060547,2.7699999809265137,1345200
2021-10-14,2.75,2.75,2.759999990463257,2.700000047683716,2.759999990463257,990700
2021-10-15,2.690000057220459,2.690000057220459,2.819999933242798,2.690000057220459,2.809999942779541,969200
2021-10-18,2.7300000190734863,2.7300000190734863,2.740000009536743,2.6500000953674316,2.700000047683716,868000
2021-10-19,2.7100000381469727,2.7100000381469727,2.7899999618530273,2.700000047683716,2.75,1507400
2021-10-20,2.7699999809265137,2.7699999809265137,2.7899999618530273,2.7100000381469727,2.75,793200
2021-10-21,2.869999885559082,2.869999885559082,3.0,2.7200000286102295,2.759999990463257,2727400
2021-10-22,2.8499999046325684,2.8499999046325684,2.9100000858306885,2.7899999618530273,2.880000114440918,2322800
2021-10-25,2.950000047683716,2.950000047683716,2.9600000381469727,2.799999952316284,2.9100000858306885,1731400
2021-10-26,2.9000000953674316,2.9000000953674316,2.990000009536743,2.8399999141693115,2.990000009536743,2187200
2021-10-27,2.8299999237060547,2.8299999237060547,2.9600000381469727,2.819999933242798,2.880000114440918,2343000
2021-10-28,2.9100000858306885,2.9100000858306885,2.9200000762939453,2.799999952316284,2.859999895095825,983400
2021-10-29,2.9000000953674316,2.9000000953674316,2.930000066757202,2.8299999237060547,2.930000066757202,1355200
2021-11-01,3.0299999713897705,3.0299999713897705,3.2100000381469727,2.9000000953674316,2.9000000953674316,4683100
2021-11-02,3.0299999713897705,3.0299999713897705,3.1700000762939453,2.940000057220459,3.0799999237060547,1913300
2021-11-03,3.380000114440918,3.380000114440918,3.4200000762939453,3.0299999713897705,3.049999952316284,5233800
2021-11-04,3.180000066757202,3.180000066757202,3.4800000190734863,3.130000114440918,3.4200000762939453,2729200
2021-11-05,3.299999952316284,3.299999952316284,3.369999885559082,3.2200000286102295,3.25,2816100
2021-11-08,3.2699999809265137,3.2699999809265137,3.359999895095825,3.2100000381469727,3.359999895095825,1903200
2021-11-09,3.490000009536743,3.490000009536743,3.5,3.2899999618530273,3.4800000190734863,2915100
2021-11-10,3.380000114440918,3.380000114440918,3.640000104904175,3.380000114440918,3.490000009536743,3940800
2021-11-11,3.640000104904175,3.640000104904175,3.700000047683716,3.5,3.5,3793200
2021-11-12,3.640000104904175,3.640000104904175,3.6600000858306885,3.5199999809265137,3.640000104904175,2279200
2021-11-15,3.640000104904175,3.640000104904175,3.700000047683716,3.5799999237060547,3.6700000762939453,3423500
2021-11-16,3.5199999809265137,3.5199999809265137,3.5999999046325684,3.440000057220459,3.5899999141693115,1664700
2021-11-17,3.4700000286102295,3.4700000286102295,3.569999933242798,3.440000057220459,3.490000009536743,2073900
2021-11-18,3.309999942779541,3.309999942779541,3.5299999713897705,3.2300000190734863,3.509999990463257,3835500
2021-11-19,3.2799999713897705,3.2799999713897705,3.359999895095825,3.2100000381469727,3.25,2727200
2021-11-22,3.369999885559082,3.369999885559082,3.4100000858306885,3.2799999713897705,3.309999942779541,1799800
2021-11-23,3.390000104904175,3.390000104904175,3.4800000190734863,3.3499999046325684,3.390000104904175,1484900
2021-11-24,3.369999885559082,3.369999885559082,3.440000057220459,3.319999933242798,3.369999885559082,951600
2021-11-26,3.2100000381469727,3.2100000381469727,3.240000009536743,3.0999999046325684,3.190000057220459,1641900
2021-11-29,3.130000114440918,3.130000114440918,3.299999952316284,3.0999999046325684,3.299999952316284,2032600
2021-11-30,3.069999933242798,3.069999933242798,3.140000104904175,2.9800000190734863,3.0799999237060547,1958700
2021-12-01,2.9200000762939453,2.9200000762939453,3.2300000190734863,2.9100000858306885,3.190000057220459,2136000
2021-12-02,3.0399999618530273,3.0399999618530273,3.0799999237060547,2.9100000858306885,2.9600000381469727,1295200
2021-12-03,2.930000066757202,2.930000066757202,3.049999952316284,2.890000104904175,3.049999952316284,1548900
2021-12-06,3.059999942779541,3.059999942779541,3.059999942779541,2.890000104904175,2.9600000381469727,1369500
2021-12-07,3.119999885559082,3.119999885559082,3.1500000953674316,3.0399999618530273,3.049999952316284,1365900
2021-12-08,3.240000009536743,3.240000009536743,3.25,3.069999933242798,3.119999885559082,1733100
2021-12-09,3.119999885559082,3.119999885559082,3.299999952316284,3.0999999046325684,3.180000066757202,1099500
2021-12-10,3.049999952316284,3.049999952316284,3.1700000762939453,2.990000009536743,3.1500000953674316,2541700
2021-12-13,3.2899999618530273,3.2899999618530273,3.440000057220459,3.25,3.430000066757202,4083000
2021-12-14,3.1600000858306885,3.1600000858306885,3.2799999713897705,3.119999885559082,3.2799999713897705,1666600
2021-12-15,3.1700000762939453,3.1700000762939453,3.2200000286102295,3.059999942779541,3.1500000953674316,2429600
2021-12-16,3.069999933242798,3.069999933242798,3.2300000190734863,2.990000009536743,3.2200000286102295,1925600
2021-12-17,3.25,3.25,3.25,2.9700000286102295,3.059999942779541,3639700
2021-12-20,3.1700000762939453,3.1700000762939453,3.2100000381469727,3.069999933242798,3.0799999237060547,1853700
2021-12-21,3.359999895095825,3.359999895095825,3.359999895095825,3.180000066757202,3.2100000381469727,1603200
2021-12-22,3.4000000953674316,3.4000000953674316,3.4100000858306885,3.309999942779541,3.3299999237060547,2479200
2021-12-23,3.4200000762939453,3.4200000762939453,3.440000057220459,3.319999933242798,3.4000000953674316,1826200
2021-12-27,3.380000114440918,3.380000114440918,3.440000057220459,3.3499999046325684,3.440000057220459,1030000
2021-12-28,3.3399999141693115,3.3399999141693115,3.4100000858306885,3.3299999237060547,3.3499999046325684,1374800
2021-12-29,3.2799999713897705,3.2799999713897705,3.369999885559082,3.2100000381469727,3.3399999141693115,888200
2021-12-30,3.2699999809265137,3.2699999809265137,3.3499999046325684,3.259999990463257,3.259999990463257,682100
2021-12-31,3.309999942779541,3.309999942779541,3.3399999141693115,3.25,3.25,854900
2022-01-03,3.390000104904175,3.390000104904175,3.4700000286102295,3.3299999237060547,3.3299999237060547,3447000
2022-01-04,3.369999885559082,3.369999885559082,3.4800000190734863,3.359999895095825,3.4100000858306885,1157200
2022-01-05,3.140000104904175,3.140000104904175,3.4100000858306885,3.0899999141693115,3.3499999046325684,3130800
2022-01-06,3.069999933242798,3.069999933242798,3.1500000953674316,3.0199999809265137,3.130000114440918,1553500
2022-01-07,3.200000047683716,3.200000047683716,3.2100000381469727,3.0299999713897705,3.049999952316284,1541200
2022-01-10,3.259999990463257,3.259999990463257,3.259999990463257,3.0899999141693115,3.1600000858306885,1975000
2022-01-11,3.299999952316284,3.299999952316284,3.299999952316284,3.1600000858306885,3.25,1065800
2022-01-12,3.2899999618530273,3.2899999618530273,3.4000000953674316,3.2699999809265137,3.309999942779541,1625400
2022-01-13,3.2899999618530273,3.2899999618530273,3.4100000858306885,3.259999990463257,3.299999952316284,1022100
2022-01-14,3.259999990463257,3.259999990463257,3.2799999713897705,3.180000066757202,3.2200000286102295,974800
2022-01-18,3.180000066757202,3.180000066757202,3.240000009536743,3.1600000858306885,3.200000047683716,1493600
2022-01-19,3.119999885559082,3.119999885559082,3.2200000286102295,3.109999895095825,3.2100000381469727,1543600
2022-01-20,3.0899999141693115,3.0899999141693115,3.2699999809265137,3.0799999237060547,3.119999885559082,1121000
2022-01-21,3.0799999237060547,3.0799999237060547,3.119999885559082,2.9700000286102295,3.069999933242798,2602200
2022-01-24,3.0899999141693115,3.0899999141693115,3.109999895095825,2.809999942779541,3.0199999809265137,2572500
2022-01-25,2.9700000286102295,2.9700000286102295,3.0999999046325684,2.930000066757202,3.0299999713897705,2493900
2022-01-26,2.9000000953674316,2.9000000953674316,3.059999942779541,2.869999885559082,3.0199999809265137,1724700
2022-01-27,2.75,2.75,3.0199999809265137,2.7200000286102295,2.950000047683716,2242300
2022-01-28,2.990000009536743,2.990000009536743,2.990000009536743,2.7100000381469727,2.759999990463257,3192600
2022-01-31,3.059999942779541,3.059999942779541,3.109999895095825,2.9200000762939453,2.940000057220459,2168000
2022-02-01,3.0799999237060547,3.0799999237060547,3.1500000953674316,3.0199999809265137,3.0199999809265137,2632900
2022-02-02,2.940000057220459,2.940000057220459,3.109999895095825,2.9200000762939453,3.0999999046325684,1744700
2022-02-03,2.8499999046325684,2.8499999046325684,2.950000047683716,2.759999990463257,2.869999885559082,1508400
2022-02-04,2.9200000762939453,2.9200000762939453,2.950000047683716,2.799999952316284,2.799999952316284,1543800
2022-02-07,2.940000057220459,2.940000057220459,2.9700000286102295,2.880000114440918,2.880000114440918,3101400
2022-02-08,3.0999999046325684,3.0999999046325684,3.109999895095825,2.930000066757202,2.940000057220459,1207200
2022-02-09,3.319999933242798,3.319999933242798,3.319999933242798,3.109999895095825,3.140000104904175,2145200
2022-02-10,3.390000104904175,3.390000104904175,3.440000057220459,3.2100000381469727,3.2200000286102295,3422100
2022-02-11,3.359999895095825,3.359999895095825,3.440000057220459,3.309999942779541,3.369999885559082,2692400
2022-02-14,3.240000009536743,3.240000009536743,3.4000000953674316,3.190000057220459,3.3499999046325684,988200
2022-02-15,3.5,3.5,3.5199999809265137,3.2899999618530273,3.299999952316284,4962200
2022-02-16,3.6600000858306885,3.6600000858306885,3.6700000762939453,3.4600000381469727,3.4700000286102295,5488600
2022-02-17,3.630000114440918,3.630000114440918,3.740000009536743,3.559999942779541,3.5899999141693115,2905400
2022-02-18,3.75,3.75,3.75,3.559999942779541,3.5899999141693115,4925700
2022-02-22,3.7300000190734863,3.7300000190734863,3.7799999713897705,3.680000066757202,3.7100000381469727,5960800
2022-02-23,3.6500000953674316,3.6500000953674316,3.7899999618530273,3.630000114440918,3.7899999618530273,3060000
2022-02-24,4.010000228881836,4.010000228881836,4.010000228881836,3.259999990463257,3.299999952316284,8389700
2022-02-25,3.7200000286102295,3.7200000286102295,4.099999904632568,3.690000057220459,4.019999980926514,8895500
2022-02-28,3.740000009536743,3.740000009536743,3.9000000953674316,3.700000047683716,3.7300000190734863,9026500
2022-03-01,3.7699999809265137,3.7699999809265137,3.8399999141693115,3.5999999046325684,3.740000009536743,7685800
2022-03-02,3.7699999809265137,3.7699999809265137,3.9700000286102295,3.7699999809265137,3.8399999141693115,6283800
2022-03-03,3.6600000858306885,3.6600000858306885,3.799999952316284,3.5999999046325684,3.799999952316284,2700900
2022-03-04,3.5199999809265137,3.5199999809265137,3.6700000762939453,3.4600000381469727,3.619999885559082,2611700
2022-03-07,3.359999895095825,3.359999895095825,3.549999952316284,3.359999895095825,3.5399999618530273,1661500
2022-03-08,3.430000066757202,3.430000066757202,3.549999952316284,3.2699999809265137,3.3499999046325684,3952500
2022-03-09,3.549999952316284,3.549999952316284,3.640000104904175,3.450000047683716,3.509999990463257,1790400
2022-03-10,3.690000057220459,3.690000057220459,3.7200000286102295,3.4700000286102295,3.4800000190734863,3788500
2022-03-11,3.640000104904175,3.640000104904175,3.7699999809265137,3.630000114440918,3.700000047683716,2008400
2022-03-14,3.5,3.5,3.6600000858306885,3.4700000286102295,3.619999885559082,1939400
2022-03-15,3.559999942779541,3.559999942779541,3.609999895095825,3.4800000190734863,3.509999990463257,1522000
2022-03-16,3.690000057220459,3.690000057220459,3.7699999809265137,3.5799999237060547,3.619999885559082,3700000
2022-03-17,3.6500000953674316,3.6500000953674316,3.809999942779541,3.640000104904175,3.640000104904175,1595300
2022-03-18,3.7100000381469727,3.7100000381469727,3.7100000381469727,3.549999952316284,3.5999999046325684,8302800
2022-03-21,3.559999942779541,3.559999942779541,3.700000047683716,3.509999990463257,3.690000057220459,1966500
2022-03-22,3.75,3.75,3.7799999713897705,3.549999952316284,3.559999942779541,2657800
2022-03-23,3.740000009536743,3.740000009536743,3.7799999713897705,3.690000057220459,3.700000047683716,2820000
2022-03-24,3.700000047683716,3.700000047683716,3.7799999713897705,3.6600000858306885,3.740000009536743,1196800
2022-03-25,3.6700000762939453,3.6700000762939453,3.700000047683716,3.619999885559082,3.6700000762939453,1556100
2022-03-28,3.680000066757202,3.680000066757202,3.680000066757202,3.5999999046325684,3.640000104904175,1426200
2022-03-29,3.7300000190734863,3.7300000190734863,3.7899999618530273,3.680000066757202,3.75,1398000
2022-03-30,3.5299999713897705,3.5299999713897705,3.740000009536743,3.5299999713897705,3.700000047683716,2001200
2022-03-31,3.4600000381469727,3.4600000381469727,3.5199999809265137,3.430000066757202,3.5,1983700
2022-04-01,3.4800000190734863,3.4800000190734863,3.5199999809265137,3.440000057220459,3.490000009536743,1086500
2022-04-04,3.4700000286102295,3.4700000286102295,3.5199999809265137,3.4000000953674316,3.490000009536743,1308800
2022-04-05,3.359999895095825,3.359999895095825,3.5399999618530273,3.359999895095825,3.490000009536743,2128400
2022-04-06,3.200000047683716,3.200000047683716,3.3299999237060547,3.200000047683716,3.309999942779541,1816200
2022-04-07,3.25,3.25,3.259999990463257,3.069999933242798,3.200000047683716,5411300
2022-04-08,3.180000066757202,3.180000066757202,3.3399999141693115,3.180000066757202,3.2300000190734863,2087900
2022-04-11,3.0999999046325684,3.0999999046325684,3.140000104904175,3.069999933242798,3.140000104904175,1533600
2022-04-12,3.0799999237060547,3.0799999237060547,3.180000066757202,3.049999952316284,3.0999999046325684,1272600
2022-04-13,3.2100000381469727,3.2100000381469727,3.2200000286102295,3.069999933242798,3.0999999046325684,1320800
2022-04-14,3.200000047683716,3.200000047683716,3.259999990463257,3.190000057220459,3.2200000286102295,1417100
2022-04-18,3.200000047683716,3.200000047683716,3.2200000286102295,3.140000104904175,3.180000066757202,3164500
2022-04-19,3.240000009536743,3.240000009536743,3.319999933242798,3.180000066757202,3.200000047683716,1429200
2022-04-20,3.2200000286102295,3.2200000286102295,3.2799999713897705,3.190000057220459,3.240000009536743,3587300
2022-04-21,3.1500000953674316,3.1500000953674316,3.2799999713897705,3.119999885559082,3.25,2205700
2022-04-22,2.9800000190734863,2.9800000190734863,3.200000047683716,2.9700000286102295,3.1700000762939453,3539600
2022-04-25,2.9800000190734863,2.9800000190734863,3.009999990463257,2.869999885559082,2.950000047683716,1797300
2022-04-26,2.8399999141693115,2.8399999141693115,2.950000047683716,2.8299999237060547,2.930000066757202,2199400
2022-04-27,2.8399999141693115,2.8399999141693115,2.880000114440918,2.7699999809265137,2.809999942779541,2127400
2022-04-28,2.75,2.75,2.869999885559082,2.7100000381469727,2.869999885559082,2245400
2022-04-29,2.4600000381469727,2.4600000381469727,2.759999990463257,2.4200000762939453,2.7300000190734863,4094600
2022-05-02,2.390000104904175,2.390000104904175,2.5299999713897705,2.309999942779541,2.4600000381469727,6589400
2022-05-03,2.5399999618530273,2.5399999618530273,2.559999942779541,2.369999885559082,2.390000104904175,6038600
2022-05-04,2.5899999141693115,2.5899999141693115,2.5899999141693115,2.4600000381469727,2.5399999618530273,3252400
2022-05-05,2.4800000190734863,2.4800000190734863,2.559999942779541,2.440000057220459,2.5299999713897705,4018700
2022-05-06,2.440000057220459,2.440000057220459,2.5,2.390000104904175,2.4700000286102295,2553000
2022-05-09,2.140000104904175,2.140000104904175,2.390000104904175,2.0899999141693115,2.390000104904175,5736500
2022-05-10,1.940000057220459,1.940000057220459,2.390000104904175,1.7999999523162842,2.390000104904175,5289400
2022-05-11,1.8300000429153442,1.8300000429153442,1.9500000476837158,1.8200000524520874,1.9199999570846558,4467500
2022-05-12,1.75,1.75,1.8600000143051147,1.690000057220459,1.7999999523162842,10053400
2022-05-13,1.8799999952316284,1.8799999952316284,1.9500000476837158,1.7899999618530273,1.7899999618530273,5629800
2022-05-16,1.8300000429153442,1.8300000429153442,1.909999966621399,1.7999999523162842,1.840000033378601,2405000
2022-05-17,1.9800000190734863,1.9800000190734863,1.9800000190734863,1.840000033378601,1.8799999952316284,3131800
2022-05-18,1.8600000143051147,1.8600000143051147,2.0199999809265137,1.850000023841858,1.9299999475479126,3030800
2022-05-19,1.7300000190734863,1.7300000190734863,1.8899999856948853,1.7200000286102295,1.8799999952316284,4087700
2022-05-20,1.7000000476837158,1.7000000476837158,1.7799999713897705,1.649999976158142,1.7699999809265137,3047600
2022-05-23,1.690000057220459,1.690000057220459,1.75,1.6399999856948853,1.75,2122900
2022-05-24,1.4500000476837158,1.4500000476837158,1.6799999475479126,1.4199999570846558,1.659999966621399,5159100
2022-05-25,1.5,1.5,1.5299999713897705,1.4199999570846558,1.4199999570846558,3440200
2022-05-26,1.5700000524520874,1.5700000524520874,1.6100000143051147,1.5,1.5,2865700
2022-05-27,1.649999976158142,1.649999976158142,1.6699999570846558,1.559999942779541,1.5700000524520874,2273500
2022-05-31,1.5800000429153442,1.5800000429153442,1.6699999570846558,1.559999942779541,1.6399999856948853,2916700
2022-06-01,1.5499999523162842,1.5499999523162842,1.649999976158142,1.5099999904632568,1.600000023841858,2179100
2022-06-02,1.590000033378601,1.590000033378601,1.600000023841858,1.5499999523162842,1.559999942779541,1581600
2022-06-03,1.4700000286102295,1.4700000286102295,1.5299999713897705,1.4299999475479126,1.5099999904632568,2092400
2022-06-06,1.5299999713897705,1.5299999713897705,1.5399999618530273,1.440000057220459,1.5099999904632568,2456200
2022-06-07,1.4900000095367432,1.4900000095367432,1.5199999809265137,1.440000057220459,1.4800000190734863,2063700
2022-06-08,1.4600000381469727,1.4600000381469727,1.5199999809265137,1.440000057220459,1.4700000286102295,1766600
2022-06-09,1.4500000476837158,1.4500000476837158,1.4700000286102295,1.409999966621399,1.4700000286102295,1867100
2022-06-10,1.3200000524520874,1.3200000524520874,1.4299999475479126,1.309999942779541,1.409999966621399,3317600
2022-06-13,1.159999966621399,1.159999966621399,1.2599999904632568,1.1399999856948853,1.2400000095367432,2095400
2022-06-14,1.1699999570846558,1.1699999570846558,1.2100000381469727,1.1200000047683716,1.2100000381469727,1978800
2022-06-15,1.2100000381469727,1.2100000381469727,1.2200000286102295,1.159999966621399,1.190000057220459,1939600
2022-06-16,1.090000033378601,1.090000033378601,1.2000000476837158,1.0800000429153442,1.1699999570846558,3160800
2022-06-17,1.3799999952316284,1.3799999952316284,1.3899999856948853,1.1100000143051147,1.1200000047683716,11278200
2022-06-21,1.2400000095367432,1.2400000095367432,1.4199999570846558,1.2300000190734863,1.399999976158142,2486200
2022-06-22,1.190000057220459,1.190000057220459,1.25,1.1799999475479126,1.2200000286102295,3064900
2022-06-23,1.159999966621399,1.159999966621399,1.190000057220459,1.1200000047683716,1.1699999570846558,3679500
2022-06-24,1.2400000095367432,1.2400000095367432,1.2899999618530273,1.159999966621399,1.1799999475479126,4821900
2022-06-27,1.1699999570846558,1.1699999570846558,1.2599999904632568,1.159999966621399,1.25,2198300
2022-06-28,1.1299999952316284,1.1299999952316284,1.2100000381469727,1.100000023841858,1.1699999570846558,2349400
2022-06-29,1.1100000143051147,1.1100000143051147,1.1200000047683716,1.0399999618530273,1.1200000047683716,1258100
2022-06-30,1.0700000524520874,1.0700000524520874,1.1200000047683716,1.0099999904632568,1.1200000047683716,2092700
2022-07-01,1.100000023841858,1.100000023841858,1.1200000047683716,1.0299999713897705,1.059999942779541,1848400
2022-07-05,1.1299999952316284,1.1299999952316284,1.1399999856948853,1.0199999809265137,1.0700000524520874,1356300
2022-07-06,1.149999976158142,1.149999976158142,1.159999966621399,1.090000033378601,1.1200000047683716,2132600
2022-07-07,1.2699999809265137,1.2699999809265137,1.2999999523162842,1.149999976158142,1.159999966621399,3196200
2022-07-08,1.1100000143051147,1.1100000143051147,1.2100000381469727,1.100000023841858,1.190000057220459,4141600
2022-07-11,1.0099999904632568,1.0099999904632568,1.159999966621399,1.0,1.159999966621399,2487700
2022-07-12,1.0700000524520874,1.0700000524520874,1.0800000429153442,0.9100000262260437,1.0,9849700
2022-07-13,1.090000033378601,1.090000033378601,1.1200000047683716,0.9900000095367432,1.0,2631500
2022-07-14,1.0,1.0,1.059999942779541,1.0,1.0399999618530273,2068400
2022-07-15,1.059999942779541,1.059999942779541,1.0800000429153442,1.0,1.059999942779541,1831600
2022-07-18,1.2300000190734863,1.2300000190734863,1.25,1.100000023841858,1.100000023841858,3470200
2022-07-19,1.2699999809265137,1.2699999809265137,1.3300000429153442,1.2400000095367432,1.25,1954300
2022-07-20,1.440000057220459,1.440000057220459,1.4500000476837158,1.2599999904632568,1.2599999904632568,2661100
2022-07-21,1.350000023841858,1.350000023841858,1.440000057220459,1.3300000429153442,1.4299999475479126,957800
2022-07-22,1.2899999618530273,1.2899999618530273,1.3700000047683716,1.2300000190734863,1.3300000429153442,1148100
2022-07-25,1.3899999856948853,1.3899999856948853,1.399999976158142,1.2599999904632568,1.2999999523162842,1434300
2022-07-26,1.3200000524520874,1.3200000524520874,1.4199999570846558,1.2400000095367432,1.350000023841858,3566300
2022-07-27,1.4299999475479126,1.4299999475479126,1.4299999475479126,1.2899999618530273,1.3300000429153442,888300
2022-07-28,1.4500000476837158,1.4500000476837158,1.4700000286102295,1.3600000143051147,1.4299999475479126,999200
2022-07-29,1.5499999523162842,1.5499999523162842,1.5800000429153442,1.409999966621399,1.4600000381469727,4377900
2022-08-01,1.4500000476837158,1.4500000476837158,1.5499999523162842,1.3899999856948853,1.5399999618530273,1635200
2022-08-02,1.4700000286102295,1.4700000286102295,1.5199999809265137,1.3899999856948853,1.3899999856948853,1178900
2022-08-03,1.559999942779541,1.559999942779541,1.6100000143051147,1.4500000476837158,1.4600000381469727,2531400
2022-08-04,1.4700000286102295,1.4700000286102295,1.5299999713897705,1.4299999475479126,1.5,3731200
2022-08-05,1.5199999809265137,1.5199999809265137,1.5700000524520874,1.3799999952316284,1.4700000286102295,4191400
2022-08-08,1.649999976158142,1.649999976158142,1.690000057220459,1.5099999904632568,1.5199999809265137,2951000
2022-08-09,1.5,1.5,1.5499999523162842,1.2799999713897705,1.5499999523162842,3859100
2022-08-10,1.600000023841858,1.600000023841858,1.7000000476837158,1.4900000095367432,1.5199999809265137,3311100
2022-08-11,1.7000000476837158,1.7000000476837158,1.7100000381469727,1.6200000047683716,1.6399999856948853,1739200
2022-08-12,1.8300000429153442,1.8300000429153442,1.8300000429153442,1.590000033378601,1.7100000381469727,3043100
2022-08-15,1.7899999618530273,1.7899999618530273,1.850000023841858,1.7400000095367432,1.809999942779541,1660700
2022-08-16,1.9900000095367432,1.9900000095367432,2.049999952316284,1.7699999809265137,1.7899999618530273,3345200
2022-08-17,1.850000023841858,1.850000023841858,1.9600000381469727,1.7599999904632568,1.899999976158142,4081000
2022-08-18,1.8799999952316284,1.8799999952316284,1.909999966621399,1.8300000429153442,1.8899999856948853,1614800
2022-08-19,1.7999999523162842,1.7999999523162842,1.850000023841858,1.75,1.850000023841858,1750900
2022-08-22,1.6399999856948853,1.6399999856948853,1.7699999809265137,1.6399999856948853,1.75,1876900
2022-08-23,1.649999976158142,1.649999976158142,1.7200000286102295,1.6399999856948853,1.659999966621399,1692100
2022-08-24,1.7300000190734863,1.7300000190734863,1.7799999713897705,1.6399999856948853,1.649999976158142,2312300
2022-08-25,1.7699999809265137,1.7699999809265137,1.8300000429153442,1.7300000190734863,1.7400000095367432,1894600
2022-08-26,1.7000000476837158,1.7000000476837158,1.8300000429153442,1.690000057220459,1.75,1808200
2022-08-29,1.7200000286102295,1.7200000286102295,1.7400000095367432,1.6200000047683716,1.6699999570846558,1392200
2022-08-30,1.690000057220459,1.690000057220459,1.840000033378601,1.649999976158142,1.7599999904632568,3511900
2022-08-31,1.600000023841858,1.600000023841858,1.75,1.600000023841858,1.6799999475479126,1585700
2022-09-01,1.5700000524520874,1.5700000524520874,1.6100000143051147,1.5199999809265137,1.590000033378601,1609400
2022-09-02,1.5700000524520874,1.5700000524520874,1.6299999952316284,1.5199999809265137,1.600000023841858,1635500
2022-09-06,1.5399999618530273,1.5399999618530273,1.6399999856948853,1.5199999809265137,1.600000023841858,2693600
2022-09-07,1.6100000143051147,1.6100000143051147,1.649999976158142,1.5099999904632568,1.5199999809265137,4557600
2022-09-08,1.649999976158142,1.649999976158142,1.7599999904632568,1.590000033378601,1.590000033378601,2119300
2022-09-09,1.7400000095367432,1.7400000095367432,1.7599999904632568,1.649999976158142,1.649999976158142,1462000
2022-09-12,1.9199999570846558,1.9199999570846558,1.940000057220459,1.7599999904632568,1.7699999809265137,2394000
2022-09-13,1.8300000429153442,1.8300000429153442,1.909999966621399,1.809999942779541,1.850000023841858,1649300
2022-09-14,1.8300000429153442,1.8300000429153442,1.8899999856948853,1.7599999904632568,1.840000033378601,1563200
2022-09-15,1.8700000047683716,1.8700000047683716,1.9900000095367432,1.7999999523162842,1.7999999523162842,2306800
2022-09-16,1.809999942779541,1.809999942779541,1.899999976158142,1.7400000095367432,1.8300000429153442,7639400
2022-09-19,1.7200000286102295,1.7200000286102295,1.8200000524520874,1.649999976158142,1.7599999904632568,1357000
2022-09-20,1.659999966621399,1.659999966621399,1.7300000190734863,1.6399999856948853,1.6699999570846558,2122300
2022-09-21,1.5700000524520874,1.5700000524520874,1.6799999475479126,1.5499999523162842,1.6799999475479126,2121200
2022-09-22,1.4199999570846558,1.4199999570846558,1.590000033378601,1.409999966621399,1.559999942779541,1767700
2022-09-23,1.3600000143051147,1.3600000143051147,1.3899999856948853,1.309999942779541,1.3899999856948853,2425200
2022-09-26,1.2999999523162842,1.2999999523162842,1.4299999475479126,1.2999999523162842,1.350000023841858,1521400
2022-09-27,1.3600000143051147,1.3600000143051147,1.4600000381469727,1.3200000524520874,1.3200000524520874,2511200
2022-09-28,1.3899999856948853,1.3899999856948853,1.4299999475479126,1.3600000143051147,1.399999976158142,1972400
2022-09-29,1.3899999856948853,1.3899999856948853,1.4199999570846558,1.3200000524520874,1.3600000143051147,1314500
2022-09-30,1.3700000047683716,1.3700000047683716,1.4700000286102295,1.3700000047683716,1.409999966621399,1607300
2022-10-03,1.4800000190734863,1.4800000190734863,1.5199999809265137,1.3700000047683716,1.4500000476837158,1668700
2022-10-04,1.6100000143051147,1.6100000143051147,1.6200000047683716,1.5099999904632568,1.5099999904632568,1974300
2022-10-05,1.6299999952316284,1.6299999952316284,1.649999976158142,1.4900000095367432,1.5700000524520874,2508000
2022-10-06,1.600000023841858,1.600000023841858,1.7000000476837158,1.5800000429153442,1.600000023841858,1081200
2022-10-07,1.559999942779541,1.559999942779541,1.6399999856948853,1.5299999713897705,1.5700000524520874,2863600
2022-10-10,1.600000023841858,1.600000023841858,1.6399999856948853,1.5199999809265137,1.6100000143051147,1809800
2022-10-11,1.6100000143051147,1.6100000143051147,1.649999976158142,1.5099999904632568,1.600000023841858,1870400
2022-10-12,1.6200000047683716,1.6200000047683716,1.7000000476837158,1.5800000429153442,1.6100000143051147,1919400
2022-10-13,1.5800000429153442,1.5800000429153442,1.7000000476837158,1.5399999618530273,1.690000057220459,2559500
2022-10-14,1.4600000381469727,1.4600000381469727,1.6399999856948853,1.4299999475479126,1.6100000143051147,1768600
2022-10-17,1.590000033378601,1.590000033378601,1.600000023841858,1.4900000095367432,1.5,1854500
2022-10-18,1.7200000286102295,1.7200000286102295,1.7200000286102295,1.590000033378601,1.6399999856948853,1540900
2022-10-19,1.6200000047683716,1.6200000047683716,1.7400000095367432,1.590000033378601,1.7100000381469727,1315200
2022-10-20,1.649999976158142,1.649999976158142,1.690000057220459,1.6200000047683716,1.6299999952316284,1014700
2022-10-21,1.6699999570846558,1.6699999570846558,1.6699999570846558,1.590000033378601,1.6699999570846558,1038600
2022-10-24,1.6200000047683716,1.6200000047683716,1.6799999475479126,1.5800000429153442,1.6699999570846558,801900
2022-10-25,1.6200000047683716,1.6200000047683716,1.6699999570846558,1.5800000429153442,1.5800000429153442,1842400
2022-10-26,1.5299999713897705,1.5299999713897705,1.649999976158142,1.5199999809265137,1.6299999952316284,1892900
2022-10-27,1.5499999523162842,1.5499999523162842,1.600000023841858,1.5,1.5800000429153442,2456600
2022-10-28,1.5499999523162842,1.5499999523162842,1.559999942779541,1.4700000286102295,1.5399999618530273,2106100
2022-10-31,1.4299999475479126,1.4299999475479126,1.590000033378601,1.399999976158142,1.5199999809265137,6244000
2022-11-01,1.3899999856948853,1.3899999856948853,1.5,1.3600000143051147,1.4700000286102295,2881300
2022-11-02,1.309999942779541,1.309999942779541,1.4199999570846558,1.2999999523162842,1.3799999952316284,3627400
2022-11-03,1.350000023841858,1.350000023841858,1.399999976158142,1.2999999523162842,1.309999942779541,765300
2022-11-04,1.2699999809265137,1.2699999809265137,1.3799999952316284,1.2300000190734863,1.340000033378601,1592400
2022-11-07,1.2100000381469727,1.2100000381469727,1.2999999523162842,1.190000057220459,1.2899999618530273,1828900
2022-11-08,1.0800000429153442,1.0800000429153442,1.25,1.0499999523162842,1.2300000190734863,2845500
2022-11-09,0.9599999785423279,0.9599999785423279,1.090000033378601,0.949999988079071,1.090000033378601,3063800
2022-11-10,1.149999976158142,1.149999976158142,1.1799999475479126,1.0099999904632568,1.0199999809265137,3704200
2022-11-11,1.1299999952316284,1.1299999952316284,1.2200000286102295,1.0800000429153442,1.149999976158142,2692900
2022-11-14,1.1100000143051147,1.1100000143051147,1.1799999475479126,1.100000023841858,1.1100000143051147,2827100
2022-11-15,1.3300000429153442,1.3300000429153442,1.340000033378601,1.159999966621399,1.1699999570846558,2753400
2022-11-16,1.2100000381469727,1.2100000381469727,1.2899999618530273,1.2000000476837158,1.2899999618530273,923300
2022-11-17,1.090000033378601,1.090000033378601,1.2300000190734863,1.0700000524520874,1.2000000476837158,1684900
2022-11-18,1.059999942779541,1.059999942779541,1.1399999856948853,1.0399999618530273,1.1299999952316284,3368000
2022-11-21,1.090000033378601,1.090000033378601,1.1299999952316284,1.0399999618530273,1.0399999618530273,1164400
2022-11-22,1.059999942779541,1.059999942779541,1.100000023841858,1.0,1.0800000429153442,2465500
2022-11-23,1.090000033378601,1.090000033378601,1.1200000047683716,1.0299999713897705,1.0499999523162842,1083800
2022-11-25,1.0499999523162842,1.0499999523162842,1.100000023841858,1.0499999523162842,1.090000033378601,499000
2022-11-28,1.0,1.0,1.0800000429153442,1.0,1.0499999523162842,924000
2022-11-29,1.0199999809265137,1.0199999809265137,1.0299999713897705,1.0,1.0,1226600
2022-11-30,1.1299999952316284,1.1299999952316284,1.1299999952316284,1.0299999713897705,1.0299999713897705,4474600
2022-12-01,1.0700000524520874,1.0700000524520874,1.149999976158142,1.0499999523162842,1.1200000047683716,2711100
2022-12-02,1.090000033378601,1.090000033378601,1.100000023841858,1.0199999809265137,1.0499999523162842,1526700
2022-12-05,1.0199999809265137,1.0199999809265137,1.100000023841858,1.0,1.0800000429153442,1833800
2022-12-06,1.0099999904632568,1.0099999904632568,1.0299999713897705,0.9900000095367432,1.0,1697900
2022-12-07,1.0199999809265137,1.0199999809265137,1.0399999618530273,0.9800000190734863,1.0,1121500
2022-12-08,1.0099999904632568,1.0099999904632568,1.0399999618530273,1.0,1.0,2813900
2022-12-09,1.0199999809265137,1.0199999809265137,1.0399999618530273,0.9900000095367432,1.0,1109400
2022-12-12,1.059999942779541,1.059999942779541,1.0800000429153442,1.0199999809265137,1.0299999713897705,976400
2022-12-13,1.1100000143051147,1.1100000143051147,1.2300000190734863,1.090000033378601,1.100000023841858,1626000
2022-12-14,1.1200000047683716,1.1200000047683716,1.1799999475479126,1.0800000429153442,1.090000033378601,1366300
2022-12-15,1.0700000524520874,1.0700000524520874,1.1200000047683716,1.059999942779541,1.100000023841858,2835000
2022-12-16,1.0199999809265137,1.0199999809265137,1.0499999523162842,0.9700000286102295,1.0499999523162842,7099800
2022-12-19,1.0,1.0,1.0199999809265137,0.949999988079071,1.0,1587100
2022-12-20,1.090000033378601,1.090000033378601,1.100000023841858,1.0,1.0099999904632568,1567000
2022-12-21,1.0399999618530273,1.0399999618530273,1.1100000143051147,1.0299999713897705,1.1100000143051147,1036800
2022-12-22,1.0299999713897705,1.0299999713897705,1.100000023841858,0.9900000095367432,1.090000033378601,1747900
2022-12-23,1.0299999713897705,1.0299999713897705,1.059999942779541,1.0099999904632568,1.0099999904632568,620600
2022-12-27,1.0,1.0,1.0399999618530273,0.9900000095367432,1.0399999618530273,1023200
2022-12-28,1.0099999904632568,1.0099999904632568,1.0399999618530273,1.0,1.0,1265700
2022-12-29,1.059999942779541,1.059999942779541,1.059999942779541,1.0099999904632568,1.0099999904632568,1334400
2022-12-30,1.0499999523162842,1.0499999523162842,1.0499999523162842,1.0,1.0,1408000
2023-01-03,1.0299999713897705,1.0299999713897705,1.100000023841858,1.0,1.0499999523162842,947200
2023-01-04,1.059999942779541,1.059999942779541,1.0700000524520874,1.0199999809265137,1.0499999523162842,1144900
2023-01-05,1.0399999618530273,1.0399999618530273,1.1299999952316284,1.0199999809265137,1.0499999523162842,792600
2023-01-06,1.159999966621399,1.159999966621399,1.190000057220459,1.0499999523162842,1.059999942779541,3261600
2023-01-09,1.1799999475479126,1.1799999475479126,1.2200000286102295,1.149999976158142,1.159999966621399,2564900
2023-01-10,1.2400000095367432,1.2400000095367432,1.25,1.159999966621399,1.159999966621399,1934900
2023-01-11,1.3799999952316284,1.3799999952316284,1.3799999952316284,1.2300000190734863,1.2400000095367432,1938100
2023-01-12,1.3300000429153442,1.3300000429153442,1.409999966621399,1.2899999618530273,1.409999966621399,4229800
2023-01-13,1.409999966621399,1.409999966621399,1.440000057220459,1.309999942779541,1.3200000524520874,2611900
2023-01-17,1.3300000429153442,1.3300000429153442,1.4299999475479126,1.3300000429153442,1.4299999475479126,1519100
2023-01-18,1.3300000429153442,1.3300000429153442,1.4600000381469727,1.3200000524520874,1.3799999952316284,4785500
2023-01-19,1.3300000429153442,1.3300000429153442,1.3600000143051147,1.2799999713897705,1.309999942779541,1563900
2023-01-20,1.5099999904632568,1.5099999904632568,1.5199999809265137,1.3700000047683716,1.399999976158142,4375300
2023-01-23,1.690000057220459,1.690000057220459,1.7300000190734863,1.4800000190734863,1.5299999713897705,6133200
2023-01-24,1.6200000047683716,1.6200000047683716,1.7999999523162842,1.590000033378601,1.690000057220459,4822500
2023-01-25,1.6299999952316284,1.6299999952316284,1.659999966621399,1.5,1.600000023841858,10006100
2023-01-26,1.7699999809265137,1.7699999809265137,1.7899999618530273,1.6200000047683716,1.659999966621399,3375000
2023-01-27,1.7899999618530273,1.7899999618530273,1.8600000143051147,1.7200000286102295,1.7699999809265137,2925200
2023-01-30,1.8200000524520874,1.8200000524520874,1.850000023841858,1.7000000476837158,1.7400000095367432,3083800
2023-01-31,1.909999966621399,1.909999966621399,1.940000057220459,1.8600000143051147,1.8799999952316284,2905600
2023-02-01,1.9299999475479126,1.9299999475479126,1.940000057220459,1.8300000429153442,1.899999976158142,2012800
2023-02-02,2.059999942779541,2.059999942779541,2.0999999046325684,1.940000057220459,1.940000057220459,3917700
2023-02-03,2.0399999618530273,2.0399999618530273,2.140000104904175,1.9700000286102295,2.0299999713897705,3359500
2023-02-06,2.0199999809265137,2.0199999809265137,2.0399999618530273,1.9700000286102295,2.0,1960500
2023-02-07,1.899999976158142,1.899999976158142,1.9800000190734863,1.8600000143051147,1.9800000190734863,3059000
2023-02-08,1.8700000047683716,1.8700000047683716,1.9800000190734863,1.8300000429153442,1.899999976158142,1691200
2023-02-09,1.8300000429153442,1.8300000429153442,1.940000057220459,1.809999942779541,1.8700000047683716,2549800
2023-02-10,1.7899999618530273,1.7899999618530273,1.8700000047683716,1.7400000095367432,1.8200000524520874,4375800
2023-02-13,1.7400000095367432,1.7400000095367432,1.7999999523162842,1.7100000381469727,1.7899999618530273,1415600
2023-02-14,1.7400000095367432,1.7400000095367432,1.7899999618530273,1.6699999570846558,1.7100000381469727,1676000
2023-02-15,1.7999999523162842,1.7999999523162842,1.8300000429153442,1.7300000190734863,1.7300000190734863,1654300
2023-02-16,1.75,1.75,1.840000033378601,1.7400000095367432,1.7699999809265137,1699400
2023-02-17,1.850000023841858,1.850000023841858,1.8700000047683716,1.75,1.7799999713897705,1866000
2023-02-21,1.690000057220459,1.690000057220459,1.8300000429153442,1.6699999570846558,1.8200000524520874,2631600
2023-02-22,1.7300000190734863,1.7300000190734863,1.7999999523162842,1.7100000381469727,1.7400000095367432,2962300
2023-02-23,1.6399999856948853,1.6399999856948853,1.7699999809265137,1.559999942779541,1.7699999809265137,6132100
2023-02-24,1.5700000524520874,1.5700000524520874,1.6399999856948853,1.5399999618530273,1.559999942779541,2162600
2023-02-27,1.5499999523162842,1.5499999523162842,1.6100000143051147,1.5399999618530273,1.5700000524520874,3756200
2023-02-28,1.7699999809265137,1.7699999809265137,1.850000023841858,1.6399999856948853,1.6799999475479126,4386800
2023-03-01,1.6299999952316284,1.6299999952316284,1.7999999523162842,1.6299999952316284,1.7899999618530273,2508000
2023-03-02,1.5800000429153442,1.5800000429153442,1.600000023841858,1.5199999809265137,1.5700000524520874,1734900
2023-03-03,1.590000033378601,1.590000033378601,1.6200000047683716,1.5499999523162842,1.5800000429153442,1605600
2023-03-06,1.5700000524520874,1.5700000524520874,1.6299999952316284,1.5499999523162842,1.5700000524520874,1688200
2023-03-07,1.4900000095367432,1.4900000095367432,1.559999942779541,1.4700000286102295,1.559999942779541,1587500
2023-03-08,1.4800000190734863,1.4800000190734863,1.5299999713897705,1.4600000381469727,1.5,1247700
2023-03-09,1.3600000143051147,1.3600000143051147,1.4800000190734863,1.3600000143051147,1.4700000286102295,1722100
2023-03-10,1.2400000095367432,1.2400000095367432,1.3700000047683716,1.1799999475479126,1.350000023841858,3888600
2023-03-13,1.1799999475479126,1.1799999475479126,1.25,1.1399999856948853,1.2400000095367432,3949700
2023-03-14,1.159999966621399,1.159999966621399,1.2899999618530273,1.1399999856948853,1.2300000190734863,2598700
2023-03-15,1.1100000143051147,1.1100000143051147,1.1399999856948853,1.090000033378601,1.1200000047683716,3443300
2023-03-16,1.090000033378601,1.090000033378601,1.1299999952316284,1.0700000524520874,1.1100000143051147,2446600
2023-03-17,1.090000033378601,1.090000033378601,1.1200000047683716,1.0299999713897705,1.0800000429153442,6153700
2023-03-20,1.0700000524520874,1.0700000524520874,1.100000023841858,1.0199999809265137,1.100000023841858,2261000
2023-03-21,1.1200000047683716,1.1200000047683716,1.1799999475479126,1.090000033378601,1.1100000143051147,3035600
2023-03-22,1.0700000524520874,1.0700000524520874,1.1399999856948853,1.0700000524520874,1.1100000143051147,1563000
2023-03-23,1.0800000429153442,1.0800000429153442,1.1399999856948853,1.0399999618530273,1.0800000429153442,2203900
2023-03-24,1.100000023841858,1.100000023841858,1.100000023841858,1.0399999618530273,1.0800000429153442,1333400
2023-03-27,1.0800000429153442,1.0800000429153442,1.090000033378601,1.0499999523162842,1.0700000524520874,1296400
2023-03-28,1.0700000524520874,1.0700000524520874,1.0800000429153442,1.0499999523162842,1.059999942779541,1793200
2023-03-29,1.0800000429153442,1.0800000429153442,1.100000023841858,1.0399999618530273,1.100000023841858,1159900
2023-03-30,1.1200000047683716,1.1200000047683716,1.1299999952316284,1.0700000524520874,1.090000033378601,990100
2023-03-31,1.2000000476837158,1.2000000476837158,1.2100000381469727,1.1299999952316284,1.159999966621399,1979600
2023-04-03,1.1799999475479126,1.1799999475479126,1.2100000381469727,1.100000023841858,1.2000000476837158,1930700
2023-04-04,1.100000023841858,1.100000023841858,1.190000057220459,1.090000033378601,1.1799999475479126,1323100
2023-04-05,1.0700000524520874,1.0700000524520874,1.100000023841858,1.0499999523162842,1.090000033378601,2287700
2023-04-06,1.0399999618530273,1.0399999618530273,1.090000033378601,1.0299999713897705,1.090000033378601,1437300
2023-04-10,1.149999976158142,1.149999976158142,1.159999966621399,1.0199999809265137,1.0299999713897705,3619800
2023-04-11,1.2000000476837158,1.2000000476837158,1.2100000381469727,1.1399999856948853,1.159999966621399,2250900
2023-04-12,1.1699999570846558,1.1699999570846558,1.2300000190734863,1.149999976158142,1.2200000286102295,1601400
2023-04-13,1.2100000381469727,1.2100000381469727,1.2300000190734863,1.159999966621399,1.159999966621399,1639400
2023-04-14,1.2100000381469727,1.2100000381469727,1.2200000286102295,1.090000033378601,1.2100000381469727,2239100
2023-04-17,1.2300000190734863,1.2300000190734863,1.2300000190734863,1.159999966621399,1.2000000476837158,1105500
2023-04-18,1.2100000381469727,1.2100000381469727,1.25,1.159999966621399,1.25,1630300
2023-04-19,1.2000000476837158,1.2000000476837158,1.2200000286102295,1.149999976158142,1.159999966621399,1276800
2023-04-20,1.190000057220459,1.190000057220459,1.2100000381469727,1.149999976158142,1.1799999475479126,1465000
2023-04-21,1.2599999904632568,1.2599999904632568,1.2699999809265137,1.1799999475479126,1.1799999475479126,938600
2023-04-24,1.2400000095367432,1.2400000095367432,1.3300000429153442,1.2000000476837158,1.25,1269900
2023-04-25,1.2000000476837158,1.2000000476837158,1.2300000190734863,1.159999966621399,1.2000000476837158,1784000
2023-04-26,1.2000000476837158,1.2000000476837158,1.2300000190734863,1.1699999570846558,1.2000000476837158,1409500
2023-04-27,1.2699999809265137,1.2699999809265137,1.2799999713897705,1.1799999475479126,1.2000000476837158,1375700
2023-04-28,1.2699999809265137,1.2699999809265137,1.2999999523162842,1.25,1.2699999809265137,1377900
2023-05-01,1.2999999523162842,1.2999999523162842,1.309999942779541,1.2100000381469727,1.2599999904632568,2507300
2023-05-02,1.2999999523162842,1.2999999523162842,1.3200000524520874,1.2899999618530273,1.2899999618530273,3905600
2023-05-03,1.3200000524520874,1.3200000524520874,1.3899999856948853,1.2999999523162842,1.2999999523162842,1258600
2023-05-04,1.25,1.25,1.2999999523162842,1.1799999475479126,1.2999999523162842,2169300
2023-05-05,1.2999999523162842,1.2999999523162842,1.309999942779541,1.2300000190734863,1.2799999713897705,1011400
2023-05-08,1.2599999904632568,1.2599999904632568,1.309999942779541,1.1699999570846558,1.2899999618530273,3022000
2023-05-09,1.100000023841858,1.100000023841858,1.159999966621399,1.0099999904632568,1.1299999952316284,12594200
2023-05-10,1.0499999523162842,1.0499999523162842,1.1200000047683716,1.0099999904632568,1.1100000143051147,4156800
2023-05-11,1.0499999523162842,1.0499999523162842,1.090000033378601,0.9900000095367432,1.0199999809265137,3812400
2023-05-12,1.0800000429153442,1.0800000429153442,1.1100000143051147,1.0199999809265137,1.0399999618530273,3021400
2023-05-15,1.1100000143051147,1.1100000143051147,1.1299999952316284,1.059999942779541,1.100000023841858,2161400
2023-05-16,1.0700000524520874,1.0700000524520874,1.1399999856948853,1.0499999523162842,1.090000033378601,4218600
2023-05-17,1.2400000095367432,1.2400000095367432,1.309999942779541,1.0800000429153442,1.100000023841858,6113800
2023-05-18,1.2100000381469727,1.2100000381469727,1.2799999713897705,1.1799999475479126,1.2400000095367432,1193000
2023-05-19,1.25,1.25,1.2699999809265137,1.2000000476837158,1.2400000095367432,1544300
2023-05-22,1.309999942779541,1.309999942779541,1.309999942779541,1.2300000190734863,1.2599999904632568,1692100
2023-05-23,1.2999999523162842,1.2999999523162842,1.3300000429153442,1.2699999809265137,1.2799999713897705,1306300
2023-05-24,1.2799999713897705,1.2799999713897705,1.3200000524520874,1.25,1.2999999523162842,1541600
2023-05-25,1.2799999713897705,1.2799999713897705,1.3200000524520874,1.2300000190734863,1.2999999523162842,1140600
2023-05-26,1.2699999809265137,1.2699999809265137,1.309999942779541,1.25,1.25,1098900
2023-05-30,1.2799999713897705,1.2799999713897705,1.3200000524520874,1.25,1.2599999904632568,2840500
2023-05-31,1.2300000190734863,1.2300000190734863,1.3300000429153442,1.1799999475479126,1.2999999523162842,3270800
2023-06-01,1.25,1.25,1.2699999809265137,1.2000000476837158,1.2400000095367432,1583600
2023-06-02,1.3600000143051147,1.3600000143051147,1.3700000047683716,1.2400000095367432,1.309999942779541,1928300
2023-06-05,1.350000023841858,1.350000023841858,1.399999976158142,1.309999942779541,1.3200000524520874,782000
2023-06-06,1.399999976158142,1.399999976158142,1.4700000286102295,1.340000033378601,1.350000023841858,2115900
2023-06-07,1.3899999856948853,1.3899999856948853,1.4800000190734863,1.3899999856948853,1.440000057220459,2383100
2023-06-08,1.340000033378601,1.340000033378601,1.3899999856948853,1.3300000429153442,1.3700000047683716,1719200
2023-06-09,1.340000033378601,1.340000033378601,1.409999966621399,1.3300000429153442,1.3799999952316284,1974700
2023-06-12,1.3200000524520874,1.3200000524520874,1.3799999952316284,1.309999942779541,1.3300000429153442,1293600
2023-06-13,1.2799999713897705,1.2799999713897705,1.3600000143051147,1.2599999904632568,1.3200000524520874,4806500
2023-06-14,1.25,1.25,1.350000023841858,1.2400000095367432,1.309999942779541,2112000
2023-06-15,1.2699999809265137,1.2699999809265137,1.2799999713897705,1.2200000286102295,1.2599999904632568,1659700
2023-06-16,1.2599999904632568,1.2599999904632568,1.2899999618530273,1.2400000095367432,1.2699999809265137,4066000
2023-06-20,1.2899999618530273,1.2899999618530273,1.340000033378601,1.2599999904632568,1.2799999713897705,2370300
2023-06-21,1.2899999618530273,1.2899999618530273,1.309999942779541,1.2599999904632568,1.2699999809265137,1778300
2023-06-22,1.2799999713897705,1.2799999713897705,1.309999942779541,1.25,1.2699999809265137,2465200
2023-06-23,1.2699999809265137,1.2699999809265137,1.2799999713897705,1.190000057220459,1.2599999904632568,4256300
2023-06-26,1.3300000429153442,1.3300000429153442,1.340000033378601,1.2400000095367432,1.25,2054700
2023-06-27,1.3700000047683716,1.3700000047683716,1.3799999952316284,1.3300000429153442,1.340000033378601,2010200
2023-06-28,1.3899999856948853,1.3899999856948853,1.409999966621399,1.340000033378601,1.350000023841858,1786600
2023-06-29,1.3200000524520874,1.3200000524520874,1.399999976158142,1.309999942779541,1.3799999952316284,1634000
2023-06-30,1.3700000047683716,1.3700000047683716,1.3899999856948853,1.2999999523162842,1.3300000429153442,1713600
2023-07-03,1.4900000095367432,1.4900000095367432,1.4900000095367432,1.350000023841858,1.3700000047683716,773600
2023-07-05,1.409999966621399,1.409999966621399,1.4900000095367432,1.399999976158142,1.4600000381469727,1154800
2023-07-06,1.3799999952316284,1.3799999952316284,1.4199999570846558,1.3600000143051147,1.399999976158142,1067600
2023-07-07,1.5199999809265137,1.5199999809265137,1.5399999618530273,1.3899999856948853,1.3899999856948853,3581700
2023-07-10,1.5299999713897705,1.5299999713897705,1.5800000429153442,1.5,1.5099999904632568,2062100
2023-07-11,1.5800000429153442,1.5800000429153442,1.590000033378601,1.5299999713897705,1.5299999713897705,1674500
2023-07-12,1.600000023841858,1.600000023841858,1.6399999856948853,1.5499999523162842,1.600000023841858,1817800
2023-07-13,1.6799999475479126,1.6799999475479126,1.690000057220459,1.590000033378601,1.6399999856948853,2628500
2023-07-14,1.690000057220459,1.690000057220459,1.7100000381469727,1.649999976158142,1.6799999475479126,2787600
2023-07-17,1.690000057220459,1.690000057220459,1.7599999904632568,1.6799999475479126,1.7000000476837158,2646900
2023-07-18,1.5700000524520874,1.5700000524520874,1.7100000381469727,1.5700000524520874,1.690000057220459,2355600
2023-07-19,1.600000023841858,1.600000023841858,1.6299999952316284,1.5700000524520874,1.5700000524520874,1318700
2023-07-20,1.659999966621399,1.659999966621399,1.6799999475479126,1.559999942779541,1.600000023841858,1747400
2023-07-21,1.5299999713897705,1.5299999713897705,1.690000057220459,1.5299999713897705,1.6799999475479126,2481700
2023-07-24,1.5,1.5,1.590000033378601,1.4600000381469727,1.590000033378601,1504100
2023-07-25,1.4199999570846558,1.4199999570846558,1.5,1.4199999570846558,1.4800000190734863,1059600
2023-07-26,1.4299999475479126,1.4299999475479126,1.4600000381469727,1.3799999952316284,1.399999976158142,2267200
2023-07-27,1.5700000524520874,1.5700000524520874,1.6299999952316284,1.440000057220459,1.5499999523162842,3276400
2023-07-28,1.6799999475479126,1.6799999475479126,1.7000000476837158,1.600000023841858,1.6100000143051147,2184200
2023-07-31,1.7999999523162842,1.7999999523162842,1.8200000524520874,1.6799999475479126,1.6799999475479126,3985200
2023-08-01,1.7999999523162842,1.7999999523162842,1.8799999952316284,1.75,1.7999999523162842,5215200
2023-08-02,1.690000057220459,1.690000057220459,1.8200000524520874,1.690000057220459,1.809999942779541,2878000
2023-08-03,1.659999966621399,1.659999966621399,1.7000000476837158,1.590000033378601,1.7000000476837158,5290700
2023-08-04,1.6799999475479126,1.6799999475479126,1.7300000190734863,1.6299999952316284,1.7100000381469727,5228000
2023-08-07,1.6200000047683716,1.6200000047683716,1.6399999856948853,1.5399999618530273,1.5499999523162842,4622800
2023-08-08,1.559999942779541,1.559999942779541,1.6299999952316284,1.5399999618530273,1.5800000429153442,5087600
2023-08-09,1.5299999713897705,1.5299999713897705,1.590000033378601,1.5,1.5399999618530273,5034500
2023-08-10,1.5,1.5,1.5299999713897705,1.4900000095367432,1.5199999809265137,5267900
2023-08-11,1.5299999713897705,1.5299999713897705,1.5499999523162842,1.4700000286102295,1.5,2028300
2023-08-14,1.5,1.5,1.5199999809265137,1.4800000190734863,1.5,1370000
2023-08-15,1.4700000286102295,1.4700000286102295,1.5099999904632568,1.4500000476837158,1.4900000095367432,2641700
2023-08-16,1.4299999475479126,1.4299999475479126,1.5,1.4199999570846558,1.4600000381469727,2022400
2023-08-17,1.4299999475479126,1.4299999475479126,1.5,1.4199999570846558,1.4700000286102295,3464400
2023-08-18,1.4700000286102295,1.4700000286102295,1.4800000190734863,1.399999976158142,1.409999966621399,3514000
2023-08-21,1.3799999952316284,1.3799999952316284,1.4600000381469727,1.3300000429153442,1.4600000381469727,2734800
2023-08-22,1.3799999952316284,1.3799999952316284,1.409999966621399,1.350000023841858,1.3700000047683716,3187800
2023-08-23,1.399999976158142,1.399999976158142,1.399999976158142,1.3600000143051147,1.3700000047683716,1827600
2023-08-24,1.3799999952316284,1.3799999952316284,1.409999966621399,1.350000023841858,1.350000023841858,2613200
2023-08-25,1.3899999856948853,1.3899999856948853,1.4199999570846558,1.3799999952316284,1.3799999952316284,2041800
2023-08-28,1.4600000381469727,1.4600000381469727,1.4700000286102295,1.3700000047683716,1.3899999856948853,2313900
2023-08-29,1.4700000286102295,1.4700000286102295,1.5,1.399999976158142,1.4199999570846558,2633000
2023-08-30,1.4700000286102295,1.4700000286102295,1.4900000095367432,1.440000057220459,1.4600000381469727,1565600
2023-08-31,1.4500000476837158,1.4500000476837158,1.4800000190734863,1.409999966621399,1.4800000190734863,3093600
2023-09-01,1.5199999809265137,1.5199999809265137,1.5399999618530273,1.4500000476837158,1.4600000381469727,2284800
2023-09-05,1.3899999856948853,1.3899999856948853,1.5,1.340000033378601,1.4800000190734863,4006200
2023-09-06,1.4600000381469727,1.4600000381469727,1.4600000381469727,1.350000023841858,1.3799999952316284,2789900
2023-09-07,1.399999976158142,1.399999976158142,1.4299999475479126,1.3700000047683716,1.4199999570846558,5376100
2023-09-08,1.4299999475479126,1.4299999475479126,1.4500000476837158,1.309999942779541,1.3700000047683716,4082000
2023-09-11,1.4199999570846558,1.4199999570846558,1.4600000381469727,1.399999976158142,1.4600000381469727,2418400
2023-09-12,1.4199999570846558,1.4199999570846558,1.440000057220459,1.3899999856948853,1.3899999856948853,1865400
2023-09-13,1.4199999570846558,1.4199999570846558,1.4299999475479126,1.3799999952316284,1.4299999475479126,3263900
2023-09-14,1.5099999904632568,1.5099999904632568,1.5299999713897705,1.4199999570846558,1.4299999475479126,2771900
2023-09-15,1.5099999904632568,1.5099999904632568,1.5499999523162842,1.4800000190734863,1.5,14008800
2023-09-18,1.4299999475479126,1.4299999475479126,1.5299999713897705,1.4299999475479126,1.5199999809265137,5014500
2023-09-19,1.4600000381469727,1.4600000381469727,1.4800000190734863,1.3700000047683716,1.4199999570846558,2689900
2023-09-20,1.4800000190734863,1.4800000190734863,1.5099999904632568,1.440000057220459,1.4800000190734863,2262900
2023-09-21,1.5,1.5,1.5499999523162842,1.4199999570846558,1.4500000476837158,4819400
2023-09-22,1.5,1.5,1.5399999618530273,1.4700000286102295,1.5199999809265137,1316600
2023-09-25,1.5299999713897705,1.5299999713897705,1.5499999523162842,1.4500000476837158,1.4800000190734863,2114000
2023-09-26,1.4500000476837158,1.4500000476837158,1.5299999713897705,1.4500000476837158,1.5199999809265137,2271900
2023-09-27,1.5299999713897705,1.5299999713897705,1.5499999523162842,1.4500000476837158,1.4600000381469727,3049200
2023-09-28,1.6299999952316284,1.6299999952316284,1.7100000381469727,1.5099999904632568,1.5299999713897705,7849100
2023-09-29,1.5800000429153442,1.5800000429153442,1.6399999856948853,1.5700000524520874,1.6399999856948853,1995800
2023-10-02,1.4299999475479126,1.4299999475479126,1.590000033378601,1.4299999475479126,1.559999942779541,3756800
2023-10-03,1.409999966621399,1.409999966621399,1.4500000476837158,1.2799999713897705,1.4199999570846558,7850000
2023-10-04,1.350000023841858,1.350000023841858,1.399999976158142,1.340000033378601,1.3799999952316284,4902200
2023-10-05,1.2200000286102295,1.2200000286102295,1.340000033378601,1.2000000476837158,1.340000033378601,5281200
2023-10-06,1.159999966621399,1.159999966621399,1.2200000286102295,1.1299999952316284,1.2200000286102295,4536000
2023-10-09,1.100000023841858,1.100000023841858,1.159999966621399,1.059999942779541,1.1399999856948853,4112600
2023-10-10,1.1200000047683716,1.1200000047683716,1.1799999475479126,1.1100000143051147,1.1100000143051147,3422400
2023-10-11,1.159999966621399,1.159999966621399,1.1799999475479126,1.100000023841858,1.1299999952316284,3776500
2023-10-12,1.0800000429153442,1.0800000429153442,1.159999966621399,1.0800000429153442,1.159999966621399,5590400
2023-10-13,1.1100000143051147,1.1100000143051147,1.149999976158142,1.0499999523162842,1.100000023841858,7912800
2023-10-16,1.100000023841858,1.100000023841858,1.149999976158142,1.090000033378601,1.1299999952316284,3652200
2023-10-17,1.190000057220459,1.190000057220459,1.2300000190734863,1.090000033378601,1.090000033378601,6672100
2023-10-18,1.149999976158142,1.149999976158142,1.2799999713897705,1.149999976158142,1.2799999713897705,4050100
2023-10-19,1.2200000286102295,1.2200000286102295,1.2200000286102295,1.100000023841858,1.1100000143051147,5511400
2023-10-20,1.100000023841858,1.100000023841858,1.2100000381469727,1.090000033378601,1.2000000476837158,4663300
2023-10-23,1.1200000047683716,1.1200000047683716,1.149999976158142,1.0800000429153442,1.1100000143051147,1489100
2023-10-24,1.1399999856948853,1.1399999856948853,1.149999976158142,1.0800000429153442,1.1100000143051147,2662400
2023-10-25,1.1699999570846558,1.1699999570846558,1.1799999475479126,1.1399999856948853,1.1399999856948853,2737900
2023-10-26,1.190000057220459,1.190000057220459,1.2100000381469727,1.1399999856948853,1.1699999570846558,1881800
2023-10-27,1.2000000476837158,1.2000000476837158,1.25,1.1699999570846558,1.2300000190734863,2287900
2023-10-30,1.2000000476837158,1.2000000476837158,1.2599999904632568,1.1799999475479126,1.2000000476837158,1875700
2023-10-31,1.100000023841858,1.100000023841858,1.2100000381469727,1.0800000429153442,1.1699999570846558,7139200
2023-11-01,1.090000033378601,1.090000033378601,1.1200000047683716,1.0399999618530273,1.1100000143051147,3353100
2023-11-02,1.0700000524520874,1.0700000524520874,1.1699999570846558,1.0399999618530273,1.1100000143051147,9663500
2023-11-03,1.1299999952316284,1.1299999952316284,1.1699999570846558,1.0800000429153442,1.100000023841858,3211100
2023-11-06,1.1200000047683716,1.1200000047683716,1.149999976158142,1.090000033378601,1.1299999952316284,3413900
2023-11-07,1.1299999952316284,1.1299999952316284,1.149999976158142,1.100000023841858,1.1200000047683716,5117600
2023-11-08,1.2999999523162842,1.2999999523162842,1.309999942779541,1.1100000143051147,1.1299999952316284,9615200
2023-11-09,1.2899999618530273,1.2899999618530273,1.340000033378601,1.25,1.2999999523162842,6603800
2023-11-10,1.3200000524520874,1.3200000524520874,1.340000033378601,1.2899999618530273,1.309999942779541,4438700
2023-11-13,1.3200000524520874,1.3200000524520874,1.340000033378601,1.309999942779541,1.309999942779541,1354400
2023-11-14,1.409999966621399,1.409999966621399,1.4199999570846558,1.340000033378601,1.340000033378601,3509100
2023-11-15,1.409999966621399,1.409999966621399,1.4900000095367432,1.399999976158142,1.4299999475479126,3011800
2023-11-16,1.3600000143051147,1.3600000143051147,1.4299999475479126,1.3300000429153442,1.409999966621399,2746500
2023-11-17,1.350000023841858,1.350000023841858,1.399999976158142,1.3300000429153442,1.3799999952316284,2960300
2023-11-20,1.3899999856948853,1.3899999856948853,1.4299999475479126,1.340000033378601,1.350000023841858,6536600
2023-11-21,1.350000023841858,1.350000023841858,1.3799999952316284,1.3300000429153442,1.3600000143051147,3133100
2023-11-22,1.340000033378601,1.340000033378601,1.399999976158142,1.3200000524520874,1.3799999952316284,2440900
2023-11-24,1.340000033378601,1.340000033378601,1.350000023841858,1.309999942779541,1.3200000524520874,768200
2023-11-27,1.3200000524520874,1.3200000524520874,1.340000033378601,1.309999942779541,1.3300000429153442,2025900
2023-11-28,1.3600000143051147,1.3600000143051147,1.3899999856948853,1.2599999904632568,1.309999942779541,5894900
2023-11-29,1.4199999570846558,1.4199999570846558,1.440000057220459,1.3700000047683716,1.3899999856948853,3588400
2023-11-30,1.4500000476837158,1.4500000476837158,1.4700000286102295,1.399999976158142,1.440000057220459,8709500
2023-12-01,1.5800000429153442,1.5800000429153442,1.600000023841858,1.4199999570846558,1.440000057220459,3380400
2023-12-04,1.5399999618530273,1.5399999618530273,1.600000023841858,1.5199999809265137,1.5800000429153442,2135900
2023-12-05,1.5,1.5,1.5499999523162842,1.4900000095367432,1.5499999523162842,1540500
2023-12-06,1.4900000095367432,1.4900000095367432,1.5700000524520874,1.4900000095367432,1.5399999618530273,1626900
2023-12-07,1.5299999713897705,1.5299999713897705,1.559999942779541,1.4600000381469727,1.4800000190734863,2529800
2023-12-08,1.649999976158142,1.649999976158142,1.7000000476837158,1.5,1.5,5246800
2023-12-11,1.659999966621399,1.659999966621399,1.7000000476837158,1.6200000047683716,1.6699999570846558,3533900
2023-12-12,1.600000023841858,1.600000023841858,1.7000000476837158,1.590000033378601,1.6799999475479126,2552400
2023-12-13,1.690000057220459,1.690000057220459,1.7100000381469727,1.5700000524520874,1.600000023841858,2450600
2023-12-14,1.75,1.75,1.809999942779541,1.7300000190734863,1.75,4147800
2023-12-15,1.659999966621399,1.659999966621399,1.7899999618530273,1.649999976158142,1.7799999713897705,8964200
2023-12-18,1.6799999475479126,1.6799999475479126,1.7000000476837158,1.6100000143051147,1.6799999475479126,3770600
2023-12-19,1.6799999475479126,1.6799999475479126,1.7200000286102295,1.6399999856948853,1.7200000286102295,1803900
2023-12-20,1.7999999523162842,1.7999999523162842,1.9500000476837158,1.7699999809265137,1.850000023841858,5251200
2023-12-21,1.840000033378601,1.840000033378601,1.8899999856948853,1.7999999523162842,1.840000033378601,2081800
2023-12-22,1.8300000429153442,1.8300000429153442,1.8700000047683716,1.809999942779541,1.8600000143051147,1431800
2023-12-26,1.8300000429153442,1.8300000429153442,1.8600000143051147,1.7999999523162842,1.840000033378601,1230500
2023-12-27,1.8700000047683716,1.8700000047683716,1.909999966621399,1.8300000429153442,1.850000023841858,1101700
2023-12-28,1.8799999952316284,1.8799999952316284,1.899999976158142,1.840000033378601,1.850000023841858,1519700
2023-12-29,1.8200000524520874,1.8200000524520874,1.8899999856948853,1.8200000524520874,1.8600000143051147,1479400
2024-01-02,1.7699999809265137,1.7699999809265137,1.8799999952316284,1.75,1.8300000429153442,2380800
2024-01-03,1.6399999856948853,1.6399999856948853,1.75,1.6100000143051147,1.75,3419000
2024-01-04,1.649999976158142,1.649999976158142,1.7000000476837158,1.6299999952316284,1.6299999952316284,1229100
2024-01-05,1.7000000476837158,1.7000000476837158,1.7599999904632568,1.649999976158142,1.659999966621399,2683200
2024-01-08,1.6699999570846558,1.6699999570846558,1.7400000095367432,1.649999976158142,1.7400000095367432,1032500
2024-01-09,1.75,1.75,1.809999942779541,1.6100000143051147,1.659999966621399,4216200
2024-01-10,1.75,1.75,1.7699999809265137,1.7000000476837158,1.7100000381469727,1778700
2024-01-11,1.690000057220459,1.690000057220459,1.7400000095367432,1.6699999570846558,1.7100000381469727,1362900
2024-01-12,1.6699999570846558,1.6699999570846558,1.7599999904632568,1.649999976158142,1.7200000286102295,1518700
2024-01-16,1.600000023841858,1.600000023841858,1.649999976158142,1.5700000524520874,1.6399999856948853,1470700
2024-01-17,1.5299999713897705,1.5299999713897705,1.5800000429153442,1.5,1.5700000524520874,1214700
2024-01-18,1.5,1.5,1.5399999618530273,1.4500000476837158,1.5099999904632568,1238300
2024-01-19,1.659999966621399,1.659999966621399,1.690000057220459,1.5099999904632568,1.5299999713897705,7212600
2024-01-22,1.75,1.75,1.7899999618530273,1.6799999475479126,1.6799999475479126,1667500
2024-01-23,1.7699999809265137,1.7699999809265137,1.809999942779541,1.7300000190734863,1.7300000190734863,1325700
2024-01-24,1.7599999904632568,1.7599999904632568,1.8600000143051147,1.75,1.7899999618530273,1486200
2024-01-25,1.809999942779541,1.809999942779541,1.8300000429153442,1.7699999809265137,1.7799999713897705,1251700
2024-01-26,1.909999966621399,1.909999966621399,1.9199999570846558,1.7999999523162842,1.850000023841858,3895800
2024-01-29,1.8200000524520874,1.8200000524520874,1.940000057220459,1.7699999809265137,1.940000057220459,2306800
2024-01-30,1.7999999523162842,1.7999999523162842,1.8200000524520874,1.7899999618530273,1.7899999618530273,967700
2024-01-31,1.7200000286102295,1.7200000286102295,1.840000033378601,1.7200000286102295,1.7799999713897705,1568900
2024-02-01,1.75,1.75,1.7799999713897705,1.7100000381469727,1.75,1656200
2024-02-02,1.690000057220459,1.690000057220459,1.75,1.659999966621399,1.7400000095367432,964400
2024-02-05,1.649999976158142,1.649999976158142,1.659999966621399,1.5700000524520874,1.6299999952316284,1697900
2024-02-06,1.649999976158142,1.649999976158142,1.690000057220459,1.6200000047683716,1.6399999856948853,1687500
2024-02-07,1.6399999856948853,1.6399999856948853,1.690000057220459,1.590000033378601,1.6799999475479126,3038300
2024-02-08,1.659999966621399,1.659999966621399,1.6799999475479126,1.6100000143051147,1.649999976158142,677100
2024-02-09,1.6799999475479126,1.6799999475479126,1.7000000476837158,1.600000023841858,1.649999976158142,1519300
2024-02-12,1.809999942779541,1.809999942779541,1.8300000429153442,1.6799999475479126,1.690000057220459,1783000
2024-02-13,1.7300000190734863,1.7300000190734863,1.7699999809265137,1.690000057220459,1.7400000095367432,2053000
2024-02-14,1.7899999618530273,1.7899999618530273,1.809999942779541,1.75,1.7699999809265137,1055300
2024-02-15,1.8700000047683716,1.8700000047683716,1.8700000047683716,1.7999999523162842,1.809999942779541,2073200
2024-02-16,1.7999999523162842,1.7999999523162842,1.8700000047683716,1.7899999618530273,1.8600000143051147,976300
2024-02-20,1.7000000476837158,1.7000000476837158,1.7899999618530273,1.690000057220459,1.7899999618530273,1300100
2024-02-21,1.6100000143051147,1.6100000143051147,1.7200000286102295,1.5800000429153442,1.690000057220459,4824200
2024-02-22,1.8200000524520874,1.8200000524520874,1.909999966621399,1.5800000429153442,1.600000023841858,11285400
2024-02-23,1.8799999952316284,1.8799999952316284,1.9299999475479126,1.7400000095367432,1.8300000429153442,6022700
2024-02-26,1.9800000190734863,1.9800000190734863,2.059999942779541,1.8899999856948853,1.9900000095367432,3505000
2024-02-27,1.940000057220459,1.940000057220459,2.0299999713897705,1.9199999570846558,1.9800000190734863,1403200
2024-02-28,1.7000000476837158,1.7000000476837158,1.9199999570846558,1.649999976158142,1.9199999570846558,2942800
2024-02-29,1.7200000286102295,1.7200000286102295,1.7300000190734863,1.649999976158142,1.7200000286102295,2452500
2024-03-01,1.7899999618530273,1.7899999618530273,1.8200000524520874,1.6699999570846558,1.7100000381469727,2468400
2024-03-04,1.7599999904632568,1.7599999904632568,1.8200000524520874,1.75,1.809999942779541,1648100
2024-03-05,1.7200000286102295,1.7200000286102295,1.7699999809265137,1.7000000476837158,1.75,1788300
2024-03-06,1.7599999904632568,1.7599999904632568,1.8200000524520874,1.690000057220459,1.7400000095367432,2247700
2024-03-07,1.7400000095367432,1.7400000095367432,1.809999942779541,1.7300000190734863,1.7899999618530273,1003200
2024-03-08,1.7899999618530273,1.7899999618530273,1.8200000524520874,1.75,1.7599999904632568,1469500
2024-03-11,1.75,1.75,1.809999942779541,1.7300000190734863,1.7799999713897705,599600
2024-03-12,1.7200000286102295,1.7200000286102295,1.7400000095367432,1.7000000476837158,1.7300000190734863,623700
2024-03-13,1.7000000476837158,1.7000000476837158,1.7899999618530273,1.7000000476837158,1.7300000190734863,1396900
2024-03-14,1.6299999952316284,1.6299999952316284,1.7100000381469727,1.600000023841858,1.7000000476837158,2430600
2024-03-15,1.559999942779541,1.559999942779541,1.649999976158142,1.5399999618530273,1.6100000143051147,4034600
2024-03-18,1.5499999523162842,1.5499999523162842,1.659999966621399,1.5299999713897705,1.5499999523162842,4472400
2024-03-19,1.559999942779541,1.559999942779541,1.6299999952316284,1.5299999713897705,1.5499999523162842,4597400
2024-03-20,1.6299999952316284,1.6299999952316284,1.6299999952316284,1.5499999523162842,1.5700000524520874,1674900
2024-03-21,1.5800000429153442,1.5800000429153442,1.6399999856948853,1.5299999713897705,1.6100000143051147,4899600
2024-03-22,1.5800000429153442,1.5800000429153442,1.6399999856948853,1.5299999713897705,1.600000023841858,3408200
2024-03-25,1.559999942779541,1.559999942779541,1.659999966621399,1.559999942779541,1.600000023841858,1309500
2024-03-26,1.5399999618530273,1.5399999618530273,1.5800000429153442,1.5199999809265137,1.559999942779541,3256700
2024-03-27,1.649999976158142,1.649999976158142,1.649999976158142,1.5700000524520874,1.590000033378601,4086600
2024-03-28,1.649999976158142,1.649999976158142,1.7000000476837158,1.6299999952316284,1.659999966621399,1174400
2024-04-01,1.6100000143051147,1.6100000143051147,1.649999976158142,1.6100000143051147,1.6399999856948853,1202600
2024-04-02,1.5700000524520874,1.5700000524520874,1.5800000429153442,1.5399999618530273,1.5499999523162842,1364100
2024-04-03,1.6200000047683716,1.6200000047683716,1.6299999952316284,1.5399999618530273,1.5399999618530273,1811100
2024-04-04,1.6799999475479126,1.6799999475479126,1.7100000381469727,1.649999976158142,1.649999976158142,5510800
2024-04-05,1.6100000143051147,1.6100000143051147,1.6799999475479126,1.6100000143051147,1.659999966621399,2196900
2024-04-08,1.649999976158142,1.649999976158142,1.690000057220459,1.600000023841858,1.600000023841858,1422400
2024-04-09,1.6399999856948853,1.6399999856948853,1.7200000286102295,1.6200000047683716,1.659999966621399,1421700
2024-04-10,1.5399999618530273,1.5399999618530273,1.600000023841858,1.5,1.600000023841858,6061400
2024-04-11,1.5700000524520874,1.5700000524520874,1.600000023841858,1.5,1.559999942779541,4903100
2024-04-12,1.5199999809265137,1.5199999809265137,1.5800000429153442,1.5099999904632568,1.5700000524520874,1643000
2024-04-15,1.4700000286102295,1.4700000286102295,1.5700000524520874,1.4600000381469727,1.5399999618530273,2201900
2024-04-16,1.4600000381469727,1.4600000381469727,1.5,1.399999976158142,1.5,1380400
2024-04-17,1.4299999475479126,1.4299999475479126,1.4900000095367432,1.4199999570846558,1.4700000286102295,1198100
2024-04-18,1.440000057220459,1.440000057220459,1.4800000190734863,1.409999966621399,1.4199999570846558,1311900
2024-04-19,1.4900000095367432,1.4900000095367432,1.5199999809265137,1.4299999475479126,1.4299999475479126,1777400
2024-04-22,1.4700000286102295,1.4700000286102295,1.5099999904632568,1.4500000476837158,1.5,1383800
2024-04-23,1.5,1.5,1.5299999713897705,1.4700000286102295,1.4700000286102295,1135200
2024-04-24,1.440000057220459,1.440000057220459,1.5299999713897705,1.4299999475479126,1.5,1315100
2024-04-25,1.440000057220459,1.440000057220459,1.4600000381469727,1.3300000429153442,1.440000057220459,1568000
2024-04-26,1.440000057220459,1.440000057220459,1.4800000190734863,1.4299999475479126,1.440000057220459,552500
2024-04-29,1.440000057220459,1.440000057220459,1.4700000286102295,1.409999966621399,1.4500000476837158,616400
2024-04-30,1.3899999856948853,1.3899999856948853,1.440000057220459,1.3799999952316284,1.440000057220459,4162600
2024-05-01,1.4500000476837158,1.4500000476837158,1.5099999904632568,1.3899999856948853,1.409999966621399,996400
2024-05-02,1.5499999523162842,1.5499999523162842,1.5700000524520874,1.4700000286102295,1.4900000095367432,2465100
2024-05-03,1.5,1.5,1.600000023841858,1.5,1.600000023841858,1472100
2024-05-06,1.5299999713897705,1.5299999713897705,1.5399999618530273,1.5099999904632568,1.5199999809265137,845300
2024-05-07,1.559999942779541,1.559999942779541,1.5700000524520874,1.5199999809265137,1.5199999809265137,1480800
2024-05-08,1.5399999618530273,1.5399999618530273,1.5800000429153442,1.5199999809265137,1.5499999523162842,1305300
2024-05-09,1.6100000143051147,1.6100000143051147,1.6200000047683716,1.4600000381469727,1.5399999618530273,1667700
2024-05-10,1.5700000524520874,1.5700000524520874,1.6299999952316284,1.5700000524520874,1.590000033378601,1643400
2024-05-13,1.5399999618530273,1.5399999618530273,1.6200000047683716,1.5299999713897705,1.600000023841858,1273200
2024-05-14,1.559999942779541,1.559999942779541,1.590000033378601,1.5299999713897705,1.5399999618530273,1247100
2024-05-15,1.559999942779541,1.559999942779541,1.5800000429153442,1.5499999523162842,1.5499999523162842,769900
2024-05-16,1.5700000524520874,1.5700000524520874,1.5800000429153442,1.4800000190734863,1.5099999904632568,1218500
2024-05-17,1.5499999523162842,1.5499999523162842,1.5800000429153442,1.5499999523162842,1.5700000524520874,878100
2024-05-20,1.5499999523162842,1.5499999523162842,1.5800000429153442,1.5499999523162842,1.5499999523162842,1381500
2024-05-21,1.5399999618530273,1.5399999618530273,1.559999942779541,1.4600000381469727,1.559999942779541,3491400
2024-05-22,1.5099999904632568,1.5099999904632568,1.5399999618530273,1.5,1.5299999713897705,1360800
2024-05-23,1.4700000286102295,1.4700000286102295,1.5399999618530273,1.4700000286102295,1.5199999809265137,1590600
2024-05-24,1.4299999475479126,1.4299999475479126,1.5199999809265137,1.4299999475479126,1.5,895900
2024-05-28,1.440000057220459,1.440000057220459,1.4700000286102295,1.4199999570846558,1.4500000476837158,1498100
2024-05-29,1.4199999570846558,1.4199999570846558,1.4299999475479126,1.340000033378601,1.3899999856948853,1658800
2024-05-30,1.4299999475479126,1.4299999475479126,1.4700000286102295,1.4299999475479126,1.440000057220459,885900
2024-05-31,1.440000057220459,1.440000057220459,1.4800000190734863,1.4299999475479126,1.440000057220459,2018600
2024-06-03,1.440000057220459,1.440000057220459,1.4900000095367432,1.4299999475479126,1.4700000286102295,1390800
2024-06-04,1.399999976158142,1.399999976158142,1.440000057220459,1.3600000143051147,1.409999966621399,1616200
2024-06-05,1.440000057220459,1.440000057220459,1.440000057220459,1.3899999856948853,1.399999976158142,1410000
2024-06-06,1.3700000047683716,1.3700000047683716,1.4199999570846558,1.3600000143051147,1.4199999570846558,6137000
2024-06-07,1.3799999952316284,1.3799999952316284,1.409999966621399,1.3300000429153442,1.350000023841858,1821900
2024-06-10,1.3799999952316284,1.3799999952316284,1.399999976158142,1.350000023841858,1.350000023841858,696500
2024-06-11,1.3899999856948853,1.3899999856948853,1.399999976158142,1.350000023841858,1.350000023841858,903000
2024-06-12,1.399999976158142,1.399999976158142,1.4700000286102295,1.399999976158142,1.440000057220459,1033200
2024-06-13,1.3899999856948853,1.3899999856948853,1.4299999475479126,1.3700000047683716,1.399999976158142,999800
2024-06-14,1.3700000047683716,1.3700000047683716,1.3899999856948853,1.350000023841858,1.3700000047683716,1528800
2024-06-17,1.3799999952316284,1.3799999952316284,1.3899999856948853,1.3600000143051147,1.3600000143051147,860500
2024-06-18,1.3799999952316284,1.3799999952316284,1.3899999856948853,1.3600000143051147,1.3700000047683716,1102500
2024-06-20,1.3799999952316284,1.3799999952316284,1.3899999856948853,1.3600000143051147,1.3600000143051147,1534000
2024-06-21,1.3300000429153442,1.3300000429153442,1.3799999952316284,1.3300000429153442,1.3799999952316284,4994500
2024-06-24,1.3300000429153442,1.3300000429153442,1.3600000143051147,1.309999942779541,1.340000033378601,1186900
2024-06-25,1.3200000524520874,1.3200000524520874,1.340000033378601,1.309999942779541,1.340000033378601,1183100
2024-06-26,1.3300000429153442,1.3300000429153442,1.350000023841858,1.2899999618530273,1.3200000524520874,1311600
2024-06-27,1.3700000047683716,1.3700000047683716,1.3899999856948853,1.3200000524520874,1.3300000429153442,3430300
2024-06-28,1.409999966621399,1.409999966621399,1.4299999475479126,1.3899999856948853,1.399999976158142,7031000
2024-07-01,1.4299999475479126,1.4299999475479126,1.440000057220459,1.3899999856948853,1.409999966621399,1238700
2024-07-02,1.559999942779541,1.559999942779541,1.5700000524520874,1.4500000476837158,1.4500000476837158,2170000
2024-07-03,1.5800000429153442,1.5800000429153442,1.6100000143051147,1.5499999523162842,1.5800000429153442,744600
2024-07-05,1.5700000524520874,1.5700000524520874,1.590000033378601,1.5299999713897705,1.5700000524520874,1125600
2024-07-08,1.5700000524520874,1.5700000524520874,1.600000023841858,1.559999942779541,1.600000023841858,774400
2024-07-09,1.559999942779541,1.559999942779541,1.5700000524520874,1.5399999618530273,1.559999942779541,776000
2024-07-10,1.5700000524520874,1.5700000524520874,1.5800000429153442,1.5299999713897705,1.5800000429153442,980600
2024-07-11,1.6799999475479126,1.6799999475479126,1.7000000476837158,1.5800000429153442,1.5800000429153442,2954800
2024-07-12,1.7200000286102295,1.7200000286102295,1.7200000286102295,1.690000057220459,1.7000000476837158,1948200
2024-07-15,1.7999999523162842,1.7999999523162842,1.8200000524520874,1.7300000190734863,1.75,2295400
2024-07-16,1.840000033378601,1.840000033378601,1.8799999952316284,1.7799999713897705,1.8300000429153442,2811700
2024-07-17,1.75,1.75,1.8300000429153442,1.7400000095367432,1.8200000524520874,3155100
2024-07-18,1.6699999570846558,1.6699999570846558,1.7599999904632568,1.6399999856948853,1.7400000095367432,4281700
2024-07-19,1.6799999475479126,1.6799999475479126,1.7100000381469727,1.659999966621399,1.6699999570846558,2090200
2024-07-22,1.690000057220459,1.690000057220459,1.7400000095367432,1.659999966621399,1.7100000381469727,2738300
2024-07-23,1.6699999570846558,1.6699999570846558,1.7300000190734863,1.6699999570846558,1.690000057220459,2905700
2024-07-24,1.6799999475479126,1.6799999475479126,1.7100000381469727,1.6699999570846558,1.6799999475479126,1664400
2024-07-25,1.6399999856948853,1.6399999856948853,1.7100000381469727,1.6299999952316284,1.6799999475479126,1845300
2024-07-26,1.649999976158142,1.649999976158142,1.6699999570846558,1.6200000047683716,1.6699999570846558,1323500
2024-07-29,1.659999966621399,1.659999966621399,1.7000000476837158,1.6299999952316284,1.659999966621399,1234500
2024-07-30,1.6799999475479126,1.6799999475479126,1.7000000476837158,1.6299999952316284,1.6799999475479126,2587800
2024-07-31,1.659999966621399,1.659999966621399,1.7400000095367432,1.649999976158142,1.6799999475479126,2843900
2024-08-01,1.5299999713897705,1.5299999713897705,1.6699999570846558,1.5199999809265137,1.6399999856948853,3185500
2024-08-02,1.4500000476837158,1.4500000476837158,1.5099999904632568,1.4299999475479126,1.4900000095367432,1825500
2024-08-05,1.3899999856948853,1.3899999856948853,1.409999966621399,1.350000023841858,1.3899999856948853,4739200
2024-08-06,1.4199999570846558,1.4199999570846558,1.440000057220459,1.3799999952316284,1.3899999856948853,1848400
2024-08-07,1.3899999856948853,1.3899999856948853,1.4900000095367432,1.309999942779541,1.309999942779541,3765500
2024-08-08,1.350000023841858,1.350000023841858,1.4500000476837158,1.3200000524520874,1.3899999856948853,1606300
2024-08-09,1.340000033378601,1.340000033378601,1.350000023841858,1.3300000429153442,1.340000033378601,1671800
2024-08-12,1.3200000524520874,1.3200000524520874,1.3799999952316284,1.2999999523162842,1.350000023841858,1667700
2024-08-13,1.409999966621399,1.409999966621399,1.4299999475479126,1.340000033378601,1.340000033378601,1929700
2024-08-14,1.399999976158142,1.399999976158142,1.4700000286102295,1.3799999952316284,1.4199999570846558,1970900
2024-08-15,1.4500000476837158,1.4500000476837158,1.4800000190734863,1.4199999570846558,1.4500000476837158,1091800
2024-08-16,1.440000057220459,1.440000057220459,1.4800000190734863,1.3899999856948853,1.4700000286102295,937000
2024-08-19,1.4600000381469727,1.4600000381469727,1.4700000286102295,1.4299999475479126,1.4299999475479126,544800
2024-08-20,1.4500000476837158,1.4500000476837158,1.4900000095367432,1.4500000476837158,1.4700000286102295,2031800
2024-08-21,1.4500000476837158,1.4500000476837158,1.4700000286102295,1.409999966621399,1.4600000381469727,1137000
2024-08-22,1.3899999856948853,1.3899999856948853,1.4600000381469727,1.3799999952316284,1.4500000476837158,1038600
2024-08-23,1.4800000190734863,1.4800000190734863,1.4900000095367432,1.399999976158142,1.4199999570846558,2054500
2024-08-26,1.5499999523162842,1.5499999523162842,1.5499999523162842,1.4500000476837158,1.4700000286102295,1929300
2024-08-27,1.5,1.5,1.5299999713897705,1.4700000286102295,1.5299999713897705,935100
2024-08-28,1.4600000381469727,1.4600000381469727,1.5099999904632568,1.4600000381469727,1.5,1468600
2024-08-29,1.5,1.5,1.5099999904632568,1.4700000286102295,1.4900000095367432,580300
2024-08-30,1.5,1.5,1.5,1.4800000190734863,1.4900000095367432,722200
2024-09-03,1.4900000095367432,1.4900000095367432,1.5,1.4299999475479126,1.4900000095367432,1343900
2024-09-04,1.4500000476837158,1.4500000476837158,1.5199999809265137,1.4299999475479126,1.5,968600
2024-09-05,1.5499999523162842,1.5499999523162842,1.559999942779541,1.4500000476837158,1.4500000476837158,2481100
2024-09-06,1.5,1.5,1.5800000429153442,1.4800000190734863,1.5700000524520874,1497100
2024-09-09,1.5499999523162842,1.5499999523162842,1.559999942779541,1.4800000190734863,1.4900000095367432,1085600
2024-09-10,1.5499999523162842,1.5499999523162842,1.559999942779541,1.4900000095367432,1.5199999809265137,565100
2024-09-11,1.5399999618530273,1.5399999618530273,1.5499999523162842,1.5,1.5299999713897705,1558300
2024-09-12,1.6299999952316284,1.6299999952316284,1.6399999856948853,1.5299999713897705,1.559999942779541,2515200
2024-09-13,1.690000057220459,1.690000057220459,1.7200000286102295,1.6100000143051147,1.6299999952316284,1795300
2024-09-16,1.7000000476837158,1.7000000476837158,1.7200000286102295,1.659999966621399,1.7100000381469727,1250100
2024-09-17,1.7100000381469727,1.7100000381469727,1.7300000190734863,1.659999966621399,1.7200000286102295,1622700
2024-09-18,1.7100000381469727,1.7100000381469727,1.7699999809265137,1.659999966621399,1.7200000286102295,1480800
2024-09-19,1.7100000381469727,1.7100000381469727,1.7300000190734863,1.6399999856948853,1.7000000476837158,1940600
2024-09-20,1.649999976158142,1.649999976158142,1.7300000190734863,1.649999976158142,1.6799999475479126,7458300
2024-09-23,1.659999966621399,1.659999966621399,1.7100000381469727,1.659999966621399,1.6699999570846558,1707300
2024-09-24,1.6399999856948853,1.6399999856948853,1.6799999475479126,1.6200000047683716,1.659999966621399,1383600
2024-09-25,1.5800000429153442,1.5800000429153442,1.649999976158142,1.5800000429153442,1.649999976158142,1117100
2024-09-26,1.590000033378601,1.590000033378601,1.6200000047683716,1.559999942779541,1.6100000143051147,1619300
2024-09-27,1.600000023841858,1.600000023841858,1.6200000047683716,1.5800000429153442,1.600000023841858,1173000
2024-09-30,1.600000023841858,1.600000023841858,1.6100000143051147,1.590000033378601,1.600000023841858,1847300
2024-10-01,1.5299999713897705,1.5299999713897705,1.600000023841858,1.5199999809265137,1.600000023841858,1311300
2024-10-02,1.559999942779541,1.559999942779541,1.6200000047683716,1.5,1.5099999904632568,1778000
2024-10-03,1.5,1.5,1.5700000524520874,1.5,1.5299999713897705,883400
2024-10-04,1.6100000143051147,1.6100000143051147,1.6200000047683716,1.5399999618530273,1.5399999618530273,2732800
2024-10-07,1.5,1.5,1.6299999952316284,1.4700000286102295,1.6100000143051147,1266300
2024-10-08,1.5199999809265137,1.5199999809265137,1.5399999618530273,1.5,1.5,895200
2024-10-09,1.5199999809265137,1.5199999809265137,1.5399999618530273,1.5099999904632568,1.5199999809265137,665700
2024-10-10,1.5,1.5,1.5099999904632568,1.4800000190734863,1.4900000095367432,821400
2024-10-11,1.590000033378601,1.590000033378601,1.6100000143051147,1.5,1.5,3919800
2024-10-14,1.5499999523162842,1.5499999523162842,1.6100000143051147,1.5499999523162842,1.6100000143051147,531700
2024-10-15,1.5700000524520874,1.5700000524520874,1.600000023841858,1.5299999713897705,1.5299999713897705,752300
2024-10-16,1.590000033378601,1.590000033378601,1.600000023841858,1.559999942779541,1.590000033378601,649800
2024-10-17,1.5800000429153442,1.5800000429153442,1.600000023841858,1.5499999523162842,1.600000023841858,438800
2024-10-18,1.5800000429153442,1.5800000429153442,1.6100000143051147,1.5499999523162842,1.600000023841858,701200
2024-10-21,1.5499999523162842,1.5499999523162842,1.590000033378601,1.5399999618530273,1.5700000524520874,1199600
2024-10-22,1.5299999713897705,1.5299999713897705,1.559999942779541,1.5199999809265137,1.559999942779541,881700
2024-10-23,1.590000033378601,1.590000033378601,1.6200000047683716,1.5199999809265137,1.5199999809265137,1591200
2024-10-24,1.6100000143051147,1.6100000143051147,1.6200000047683716,1.5700000524520874,1.600000023841858,692900
2024-10-25,1.6200000047683716,1.6200000047683716,1.649999976158142,1.600000023841858,1.6200000047683716,781900
2024-10-28,1.5700000524520874,1.5700000524520874,1.649999976158142,1.559999942779541,1.6399999856948853,657600
2024-10-29,1.5399999618530273,1.5399999618530273,1.5800000429153442,1.5099999904632568,1.559999942779541,706000
2024-10-30,1.5,1.5,1.5499999523162842,1.4900000095367432,1.5299999713897705,947600
2024-10-31,1.4700000286102295,1.4700000286102295,1.5099999904632568,1.350000023841858,1.4800000190734863,3245400
2024-11-01,1.4500000476837158,1.4500000476837158,1.5099999904632568,1.3700000047683716,1.4800000190734863,2537300
2024-11-04,1.409999966621399,1.409999966621399,1.4700000286102295,1.399999976158142,1.4299999475479126,1428300
2024-11-05,1.4600000381469727,1.4600000381469727,1.4900000095367432,1.4299999475479126,1.4900000095367432,2289300
2024-11-06,1.6299999952316284,1.6299999952316284,1.649999976158142,1.5199999809265137,1.5800000429153442,6547200
2024-11-07,1.600000023841858,1.600000023841858,1.690000057220459,1.590000033378601,1.6399999856948853,1755200
2024-11-08,1.5800000429153442,1.5800000429153442,1.600000023841858,1.5299999713897705,1.600000023841858,925800
2024-11-11,1.6200000047683716,1.6200000047683716,1.6299999952316284,1.5700000524520874,1.600000023841858,798800
2024-11-12,1.6299999952316284,1.6299999952316284,1.649999976158142,1.590000033378601,1.600000023841858,2416600
2024-11-13,1.6399999856948853,1.6399999856948853,1.6799999475479126,1.6100000143051147,1.6399999856948853,945000
2024-11-14,1.6399999856948853,1.6399999856948853,1.649999976158142,1.6100000143051147,1.6200000047683716,1327900
2024-11-15,1.5700000524520874,1.5700000524520874,1.649999976158142,1.559999942779541,1.649999976158142,1118000
2024-11-18,1.5399999618530273,1.5399999618530273,1.559999942779541,1.5199999809265137,1.559999942779541,759600
2024-11-19,1.559999942779541,1.559999942779541,1.5700000524520874,1.5199999809265137,1.5199999809265137,604000
2024-11-20,1.559999942779541,1.559999942779541,1.5700000524520874,1.5299999713897705,1.559999942779541,550600
2024-11-21,1.590000033378601,1.590000033378601,1.6299999952316284,1.559999942779541,1.559999942779541,1592800
2024-11-22,1.5800000429153442,1.5800000429153442,1.600000023841858,1.5499999523162842,1.590000033378601,737800
2024-11-25,1.590000033378601,1.590000033378601,1.6200000047683716,1.5800000429153442,1.590000033378601,1261500
2024-11-26,1.5700000524520874,1.5700000524520874,1.590000033378601,1.5499999523162842,1.5700000524520874,1588400
2024-11-27,1.559999942779541,1.559999942779541,1.590000033378601,1.559999942779541,1.590000033378601,1351400
2024-11-29,1.5099999904632568,1.5099999904632568,1.5700000524520874,1.5099999904632568,1.559999942779541,481500
2024-12-02,1.5700000524520874,1.5700000524520874,1.5800000429153442,1.4900000095367432,1.5,1100000
2024-12-03,1.559999942779541,1.559999942779541,1.590000033378601,1.5499999523162842,1.590000033378601,662000
2024-12-04,1.5700000524520874,1.5700000524520874,1.590000033378601,1.5499999523162842,1.5499999523162842,1086300
2024-12-05,1.5499999523162842,1.5499999523162842,1.5700000524520874,1.5499999523162842,1.5700000524520874,628300
2024-12-06,1.559999942779541,1.559999942779541,1.5700000524520874,1.5299999713897705,1.5700000524520874,916200
2024-12-09,1.5499999523162842,1.5499999523162842,1.5800000429153442,1.5399999618530273,1.5499999523162842,1163600
2024-12-10,1.5499999523162842,1.5499999523162842,1.559999942779541,1.5299999713897705,1.5499999523162842,984300
2024-12-11,1.5399999618530273,1.5399999618530273,1.5800000429153442,1.5199999809265137,1.5499999523162842,1107100
2024-12-12,1.5,1.5,1.5299999713897705,1.5,1.5199999809265137,770400
2024-12-13,1.5,1.5,1.5199999809265137,1.4800000190734863,1.5,727800
2024-12-16,1.4900000095367432,1.4900000095367432,1.5199999809265137,1.4700000286102295,1.5,1872000
2024-12-17,1.4500000476837158,1.4500000476837158,1.5,1.440000057220459,1.4800000190734863,1481500
2024-12-18,1.3799999952316284,1.3799999952316284,1.4900000095367432,1.3700000047683716,1.4600000381469727,2165500
2024-12-19,1.399999976158142,1.399999976158142,1.4299999475479126,1.3799999952316284,1.4199999570846558,2579500
2024-12-20,1.3799999952316284,1.3799999952316284,1.4600000381469727,1.3700000047683716,1.3899999856948853,6664600
2024-12-23,1.3799999952316284,1.3799999952316284,1.4199999570846558,1.3600000143051147,1.3899999856948853,1141400
2024-12-24,1.3899999856948853,1.3899999856948853,1.399999976158142,1.3600000143051147,1.3600000143051147,451900
