Date,Adj Close,Close,High,Low,Open,Volume
2010-07-23,12.5,12.5,12.5,12.5,12.5,40
2010-07-26,12.5,12.5,12.5,12.5,12.5,80
2010-07-27,12.5,12.5,12.5,12.5,12.5,480
2010-07-28,12.5,12.5,12.5,12.5,12.5,20
2010-07-29,12.5,12.5,12.5,12.5,12.5,30
2010-07-30,12.5,12.5,12.5,12.5,12.5,20
2010-08-02,12.399999618530273,12.399999618530273,12.399999618530273,12.399999618530273,12.399999618530273,60
2010-08-03,12.5,12.5,12.5,12.5,12.5,30
2010-08-04,12.399999618530273,12.399999618530273,12.399999618530273,12.399999618530273,12.399999618530273,120
2010-08-05,12.399999618530273,12.399999618530273,12.399999618530273,12.399999618530273,12.399999618530273,30
2010-08-06,12.399999618530273,12.399999618530273,12.399999618530273,12.399999618530273,12.399999618530273,30
2010-08-09,12.399999618530273,12.399999618530273,12.399999618530273,12.399999618530273,12.399999618530273,0
2010-08-10,12.399999618530273,12.399999618530273,12.399999618530273,12.399999618530273,12.399999618530273,20
2010-08-11,12.399999618530273,12.399999618530273,12.399999618530273,12.399999618530273,12.399999618530273,30
2010-08-12,12.399999618530273,12.399999618530273,12.399999618530273,12.399999618530273,12.399999618530273,20
2010-08-13,12.399999618530273,12.399999618530273,12.399999618530273,12.399999618530273,12.399999618530273,0
2010-08-16,12.399999618530273,12.399999618530273,12.399999618530273,12.399999618530273,12.399999618530273,0
2010-08-17,12.399999618530273,12.399999618530273,12.399999618530273,12.399999618530273,12.399999618530273,0
2010-08-18,12.399999618530273,12.399999618530273,12.399999618530273,12.399999618530273,12.399999618530273,0
2010-08-19,12.399999618530273,12.399999618530273,12.399999618530273,12.399999618530273,12.399999618530273,0
2010-08-20,2.5,2.5,2.5,2.5,2.5,2800
2010-08-23,12.5,12.5,12.5,12.5,12.5,100
2010-08-24,12.5,12.5,12.5,12.5,12.5,30
2010-08-25,7.099999904632568,7.099999904632568,7.099999904632568,7.099999904632568,7.099999904632568,650
2010-08-26,7.0,7.0,7.0,7.0,7.0,50
2010-08-27,7.0,7.0,7.0,7.0,7.0,0
2010-08-30,7.0,7.0,7.0,7.0,7.0,0
2010-08-31,7.0,7.0,7.0,7.0,7.0,0
2010-09-01,7.0,7.0,7.0,7.0,7.0,0
2010-09-02,7.0,7.0,7.0,7.0,7.0,0
2010-09-03,7.0,7.0,7.0,7.0,7.0,0
2010-09-07,7.0,7.0,7.0,7.0,7.0,0
2010-09-08,7.0,7.0,7.0,7.0,7.0,0
2010-09-09,7.0,7.0,7.0,7.0,7.0,0
2010-09-10,7.0,7.0,7.0,7.0,7.0,200
2010-09-13,7.0,7.0,7.0,7.0,7.0,0
2010-09-14,7.0,7.0,7.0,7.0,7.0,0
2010-09-15,7.0,7.0,7.0,7.0,7.0,0
2010-09-16,7.0,7.0,7.0,7.0,7.0,0
2010-09-17,7.0,7.0,7.0,7.0,7.0,0
2010-09-20,7.0,7.0,7.0,7.0,7.0,0
2010-09-21,7.0,7.0,7.0,7.0,7.0,0
2010-09-22,7.0,7.0,7.0,7.0,7.0,0
2010-09-23,7.0,7.0,7.0,7.0,7.0,0
2010-09-24,7.0,7.0,7.0,7.0,7.0,0
2010-09-27,7.0,7.0,7.0,7.0,7.0,0
2010-09-28,7.0,7.0,7.0,7.0,7.0,0
2010-09-29,7.0,7.0,7.0,7.0,7.0,0
2010-09-30,7.0,7.0,7.0,7.0,7.0,0
2010-10-01,7.0,7.0,7.0,7.0,7.0,0
2010-10-04,7.0,7.0,7.0,7.0,7.0,0
2010-10-05,7.0,7.0,7.0,7.0,7.0,0
2010-10-06,7.0,7.0,7.0,7.0,7.0,0
2010-10-07,7.0,7.0,7.0,7.0,7.0,0
2010-10-08,7.0,7.0,7.0,7.0,7.0,0
2010-10-11,7.0,7.0,7.0,7.0,7.0,0
2010-10-12,7.0,7.0,7.0,7.0,7.0,0
2010-10-13,7.0,7.0,7.0,7.0,7.0,0
2010-10-14,7.0,7.0,7.0,7.0,7.0,0
2010-10-15,7.0,7.0,7.0,7.0,7.0,0
2010-10-18,7.0,7.0,7.0,7.0,7.0,0
2010-10-19,7.0,7.0,7.0,7.0,7.0,0
2010-10-20,7.0,7.0,7.0,7.0,7.0,0
2010-10-21,7.0,7.0,7.0,7.0,7.0,0
2010-10-22,7.0,7.0,7.0,7.0,7.0,0
2010-10-25,10.100000381469727,10.100000381469727,10.100000381469727,10.100000381469727,10.100000381469727,50
2010-10-26,10.100000381469727,10.100000381469727,10.100000381469727,10.100000381469727,10.100000381469727,0
2010-10-27,10.100000381469727,10.100000381469727,10.100000381469727,10.100000381469727,10.100000381469727,0
2010-10-28,10.100000381469727,10.100000381469727,10.100000381469727,10.100000381469727,10.100000381469727,0
2010-10-29,9.0,9.0,9.0,9.0,9.0,60
2010-11-01,9.0,9.0,9.0,9.0,9.0,0
2010-11-02,9.0,9.0,9.0,9.0,9.0,0
2010-11-03,9.0,9.0,9.0,9.0,9.0,0
2010-11-04,9.0,9.0,9.0,9.0,9.0,0
2010-11-05,9.0,9.0,9.0,9.0,9.0,0
2010-11-08,9.0,9.0,9.0,9.0,9.0,0
2010-11-09,9.0,9.0,9.0,9.0,9.0,0
2010-11-10,9.0,9.0,9.0,9.0,9.0,0
2010-11-11,9.0,9.0,9.0,9.0,9.0,0
2010-11-12,9.0,9.0,9.0,9.0,9.0,0
2010-11-15,9.0,9.0,9.0,9.0,9.0,0
2010-11-16,9.0,9.0,9.0,9.0,9.0,0
2010-11-17,9.0,9.0,9.0,9.0,9.0,0
2010-11-18,9.0,9.0,9.0,9.0,9.0,0
2010-11-19,9.0,9.0,9.0,9.0,9.0,0
2010-11-22,9.0,9.0,9.0,9.0,9.0,0
2010-11-23,9.0,9.0,9.0,9.0,9.0,0
2010-11-24,9.0,9.0,9.0,9.0,9.0,0
2010-11-26,9.0,9.0,9.0,9.0,9.0,0
2010-11-29,9.0,9.0,9.0,9.0,9.0,0
2010-11-30,9.0,9.0,9.0,9.0,9.0,0
2010-12-01,9.0,9.0,9.0,9.0,9.0,0
2010-12-02,9.0,9.0,9.0,9.0,9.0,0
2010-12-03,7.099999904632568,7.099999904632568,7.099999904632568,7.099999904632568,7.099999904632568,20
2010-12-06,7.099999904632568,7.099999904632568,7.099999904632568,7.099999904632568,7.099999904632568,0
2010-12-07,7.099999904632568,7.099999904632568,7.099999904632568,7.099999904632568,7.099999904632568,0
2010-12-08,10.100000381469727,10.100000381469727,10.100000381469727,10.100000381469727,10.100000381469727,10
2010-12-09,10.100000381469727,10.100000381469727,10.100000381469727,10.100000381469727,10.100000381469727,0
2010-12-10,10.100000381469727,10.100000381469727,10.100000381469727,10.100000381469727,10.100000381469727,0
2010-12-13,10.100000381469727,10.100000381469727,10.100000381469727,10.100000381469727,10.100000381469727,0
2010-12-14,10.100000381469727,10.100000381469727,10.100000381469727,10.100000381469727,10.100000381469727,0
2010-12-15,10.100000381469727,10.100000381469727,10.100000381469727,10.100000381469727,10.100000381469727,0
2010-12-16,10.100000381469727,10.100000381469727,10.100000381469727,10.100000381469727,10.100000381469727,0
2010-12-17,10.100000381469727,10.100000381469727,10.100000381469727,10.100000381469727,10.100000381469727,0
2010-12-20,10.100000381469727,10.100000381469727,10.100000381469727,10.100000381469727,10.100000381469727,0
2010-12-21,10.100000381469727,10.100000381469727,10.100000381469727,10.100000381469727,10.100000381469727,0
2010-12-22,10.100000381469727,10.100000381469727,10.100000381469727,10.100000381469727,10.100000381469727,0
2010-12-23,10.100000381469727,10.100000381469727,10.100000381469727,10.100000381469727,10.100000381469727,0
2010-12-27,10.100000381469727,10.100000381469727,10.100000381469727,10.100000381469727,10.100000381469727,0
2010-12-28,10.100000381469727,10.100000381469727,10.100000381469727,10.100000381469727,10.100000381469727,0
2010-12-29,10.100000381469727,10.100000381469727,10.100000381469727,10.100000381469727,10.100000381469727,0
2010-12-30,10.100000381469727,10.100000381469727,10.100000381469727,10.100000381469727,10.100000381469727,0
2010-12-31,10.100000381469727,10.100000381469727,10.100000381469727,10.100000381469727,10.100000381469727,0
2011-01-03,10.100000381469727,10.100000381469727,10.100000381469727,10.100000381469727,10.100000381469727,0
2011-01-04,10.100000381469727,10.100000381469727,10.100000381469727,10.100000381469727,10.100000381469727,0
2011-01-05,10.100000381469727,10.100000381469727,10.100000381469727,10.100000381469727,10.100000381469727,0
2011-01-06,10.100000381469727,10.100000381469727,10.100000381469727,10.100000381469727,10.100000381469727,0
2011-01-07,10.100000381469727,10.100000381469727,10.100000381469727,10.100000381469727,10.100000381469727,0
2011-01-10,10.100000381469727,10.100000381469727,10.100000381469727,10.100000381469727,10.100000381469727,0
2011-01-11,10.100000381469727,10.100000381469727,10.100000381469727,10.100000381469727,10.100000381469727,0
2011-01-12,10.100000381469727,10.100000381469727,10.100000381469727,10.100000381469727,10.100000381469727,0
2011-01-13,10.100000381469727,10.100000381469727,10.100000381469727,10.100000381469727,10.100000381469727,0
2011-01-14,10.100000381469727,10.100000381469727,10.100000381469727,10.100000381469727,10.100000381469727,0
2011-01-18,10.100000381469727,10.100000381469727,10.100000381469727,10.100000381469727,10.100000381469727,0
2011-01-19,10.100000381469727,10.100000381469727,10.100000381469727,10.100000381469727,10.100000381469727,0
2011-01-20,10.100000381469727,10.100000381469727,10.100000381469727,10.100000381469727,10.100000381469727,0
2011-01-21,10.100000381469727,10.100000381469727,10.100000381469727,10.100000381469727,10.100000381469727,0
2011-01-24,10.100000381469727,10.100000381469727,10.100000381469727,10.100000381469727,10.100000381469727,0
2011-01-25,10.100000381469727,10.100000381469727,10.100000381469727,10.100000381469727,10.100000381469727,0
2011-01-26,10.100000381469727,10.100000381469727,10.100000381469727,10.100000381469727,10.100000381469727,0
2011-01-27,4.5,4.5,4.5,4.5,4.5,520
2011-01-28,7.099999904632568,7.099999904632568,7.099999904632568,5.099999904632568,5.099999904632568,270
2011-01-31,10.0,10.0,10.0,7.099999904632568,7.099999904632568,90
2011-02-01,10.100000381469727,10.100000381469727,10.100000381469727,10.0,10.0,40
2011-02-02,5.300000190734863,5.300000190734863,6.0,5.300000190734863,6.0,750
2011-02-03,5.5,5.5,5.5,5.5,5.5,30
2011-02-04,5.5,5.5,5.5,5.5,5.5,20
2011-02-07,5.5,5.5,5.5,5.5,5.5,0
2011-02-08,5.5,5.5,5.5,5.5,5.5,0
2011-02-09,4.5,4.5,4.5,3.9000000953674316,3.9000000953674316,1020
2011-02-10,4.5,4.5,4.5,4.5,4.5,0
2011-02-11,4.5,4.5,4.5,4.5,4.5,0
2011-02-14,4.5,4.5,4.5,4.5,4.5,0
2011-02-15,3.0,3.0,5.0,3.0,5.0,110
2011-02-16,3.5,3.5,5.0,3.5,5.0,90
2011-02-17,5.5,5.5,5.5,5.0,5.0,760
2011-02-18,5.5,5.5,7.5,5.0,5.5,4610
2011-02-22,7.5,7.5,7.5,5.099999904632568,5.5,330
2011-02-23,5.099999904632568,5.099999904632568,7.5,5.099999904632568,7.5,1210
2011-02-24,7.5,7.5,7.5,7.5,7.5,290
2011-02-25,7.5,7.5,7.5,7.5,7.5,0
2011-02-28,7.5,7.5,7.5,5.199999809265137,7.5,110
2011-03-01,7.5,7.5,7.5,7.5,7.5,0
2011-03-02,7.099999904632568,7.099999904632568,7.099999904632568,7.099999904632568,7.099999904632568,60
2011-03-03,7.099999904632568,7.099999904632568,7.099999904632568,7.099999904632568,7.099999904632568,0
2011-03-04,7.099999904632568,7.099999904632568,7.099999904632568,7.099999904632568,7.099999904632568,0
2011-03-07,6.5,6.5,6.5,6.5,6.5,50
2011-03-08,6.5,6.5,6.5,6.5,6.5,0
2011-03-09,6.5,6.5,6.5,5.0,5.0,4650
2011-03-10,6.5,6.5,6.5,5.0,5.5,6840
2011-03-11,6.5,6.5,6.5,6.5,6.5,0
2011-03-14,6.5,6.5,6.5,6.5,6.5,0
2011-03-15,5.099999904632568,5.099999904632568,5.099999904632568,5.099999904632568,5.099999904632568,400
2011-03-16,6.0,6.0,6.0,6.0,6.0,10
2011-03-17,6.0,6.0,6.0,3.5,3.5,620
2011-03-18,6.0,6.0,6.0,6.0,6.0,0
2011-03-21,6.0,6.0,6.0,6.0,6.0,0
2011-03-22,6.0,6.0,6.0,6.0,6.0,0
2011-03-23,6.0,6.0,6.0,6.0,6.0,0
2011-03-24,6.0,6.0,6.0,6.0,6.0,0
2011-03-25,6.0,6.0,6.0,6.0,6.0,0
2011-03-28,6.0,6.0,6.0,6.0,6.0,0
2011-03-29,6.0,6.0,6.0,6.0,6.0,0
2011-03-30,6.0,6.0,6.0,6.0,6.0,0
2011-03-31,6.0,6.0,6.0,6.0,6.0,0
2011-04-01,6.0,6.0,6.0,6.0,6.0,0
2011-04-04,6.0,6.0,6.0,6.0,6.0,0
2011-04-05,6.0,6.0,6.0,6.0,6.0,0
2011-04-06,8.0,8.0,8.5,5.099999904632568,5.099999904632568,2110
2011-04-07,9.0,9.0,9.0,8.0,8.0,2540
2011-04-08,7.0,7.0,7.0,7.0,7.0,300
2011-04-11,9.5,9.5,9.5,9.5,9.5,110
2011-04-12,7.900000095367432,7.900000095367432,7.900000095367432,5.400000095367432,5.400000095367432,400
2011-04-13,7.900000095367432,7.900000095367432,7.900000095367432,7.900000095367432,7.900000095367432,0
2011-04-14,7.900000095367432,7.900000095367432,7.900000095367432,7.900000095367432,7.900000095367432,0
2011-04-15,7.900000095367432,7.900000095367432,7.900000095367432,7.900000095367432,7.900000095367432,0
2011-04-18,7.900000095367432,7.900000095367432,7.900000095367432,7.900000095367432,7.900000095367432,0
2011-04-19,7.900000095367432,7.900000095367432,7.900000095367432,7.900000095367432,7.900000095367432,0
2011-04-20,7.900000095367432,7.900000095367432,7.900000095367432,7.900000095367432,7.900000095367432,0
2011-04-21,7.900000095367432,7.900000095367432,7.900000095367432,7.900000095367432,7.900000095367432,0
2011-04-25,7.900000095367432,7.900000095367432,7.900000095367432,7.900000095367432,7.900000095367432,0
2011-04-26,7.900000095367432,7.900000095367432,7.900000095367432,7.900000095367432,7.900000095367432,0
2011-04-27,7.900000095367432,7.900000095367432,7.900000095367432,7.900000095367432,7.900000095367432,0
2011-04-28,3.0,3.0,3.0,3.0,3.0,100
2011-04-29,8.0,8.0,8.0,8.0,8.0,50
2011-05-02,8.0,8.0,8.0,3.5,4.5,1030
2011-05-03,8.0,8.0,8.0,8.0,8.0,0
2011-05-04,8.0,8.0,8.0,8.0,8.0,0
2011-05-05,7.0,7.0,7.400000095367432,7.0,7.400000095367432,1800
2011-05-06,7.0,7.0,7.0,7.0,7.0,0
2011-05-09,7.0,7.0,7.0,7.0,7.0,0
2011-05-10,8.0,8.0,9.0,7.0,7.0,2730
2011-05-11,9.5,9.5,9.5,9.5,9.5,10
2011-05-12,9.5,9.5,9.5,9.5,9.5,0
2011-05-13,9.5,9.5,9.5,9.5,9.5,0
2011-05-16,9.5,9.5,9.5,9.5,9.5,0
2011-05-17,10.0,10.0,10.0,5.0,5.0,6470
2011-05-18,9.899999618530273,9.899999618530273,10.0,5.0,5.0,1470
2011-05-19,9.899999618530273,9.899999618530273,9.899999618530273,9.899999618530273,9.899999618530273,0
2011-05-20,7.5,7.5,20.0,7.5,9.100000381469727,850
2011-05-23,9.899999618530273,9.899999618530273,9.899999618530273,9.899999618530273,9.899999618530273,30
2011-05-24,10.899999618530273,10.899999618530273,10.899999618530273,10.899999618530273,10.899999618530273,10
2011-05-25,10.899999618530273,10.899999618530273,10.899999618530273,10.899999618530273,10.899999618530273,0
2011-05-26,5.099999904632568,5.099999904632568,9.0,5.099999904632568,9.0,20
2011-05-27,9.0,9.0,9.0,9.0,9.0,10
2011-05-31,9.0,9.0,9.0,9.0,9.0,0
2011-06-01,9.0,9.0,9.0,9.0,9.0,0
2011-06-02,9.0,9.0,9.0,9.0,9.0,0
2011-06-03,9.0,9.0,9.0,9.0,9.0,0
2011-06-06,9.0,9.0,9.0,5.099999904632568,5.099999904632568,220
2011-06-07,9.0,9.0,9.0,9.0,9.0,0
2011-06-08,8.5,8.5,8.899999618530273,5.099999904632568,8.899999618530273,420
2011-06-09,8.5,8.5,8.5,8.5,8.5,0
2011-06-10,8.0,8.0,8.0,5.099999904632568,5.099999904632568,210
2011-06-13,8.0,8.0,8.0,8.0,8.0,0
2011-06-14,5.800000190734863,5.800000190734863,6.5,5.099999904632568,5.099999904632568,390
2011-06-15,5.800000190734863,5.800000190734863,5.800000190734863,5.800000190734863,5.800000190734863,0
2011-06-16,5.800000190734863,5.800000190734863,5.800000190734863,5.800000190734863,5.800000190734863,0
2011-06-17,5.300000190734863,5.300000190734863,5.300000190734863,5.300000190734863,5.300000190734863,150
2011-06-20,2.0999999046325684,2.0999999046325684,5.099999904632568,2.0999999046325684,5.099999904632568,160
2011-06-21,3.0,3.0,8.300000190734863,3.0,8.300000190734863,600
2011-06-22,5.099999904632568,5.099999904632568,5.099999904632568,5.099999904632568,5.099999904632568,10
2011-06-23,8.0,8.0,8.0,8.0,8.0,40
2011-06-24,3.5,3.5,8.0,3.5,8.0,160
2011-06-27,6.099999904632568,6.099999904632568,6.099999904632568,6.099999904632568,6.099999904632568,10
2011-06-28,3.5,3.5,9.199999809265137,3.5,9.199999809265137,30
2011-06-29,7.5,7.5,7.5,3.5,3.5,20
2011-06-30,7.5,7.5,7.5,7.5,7.5,0
2011-07-01,5.099999904632568,5.099999904632568,5.099999904632568,5.099999904632568,5.099999904632568,10
2011-07-05,7.5,7.5,7.5,3.5,5.099999904632568,270
2011-07-06,7.5,7.5,7.5,7.5,7.5,0
2011-07-07,7.5,7.5,7.5,7.5,7.5,0
2011-07-08,7.5,7.5,7.5,7.5,7.5,0
2011-07-11,7.5,7.5,7.5,7.5,7.5,0
2011-07-12,7.5,7.5,7.5,7.5,7.5,0
2011-07-13,7.5,7.5,7.5,7.5,7.5,0
2011-07-14,7.5,7.5,7.5,7.5,7.5,0
2011-07-15,7.5,7.5,7.5,7.5,7.5,0
2011-07-18,7.5,7.5,7.5,7.5,7.5,0
2011-07-19,7.5,7.5,7.5,7.5,7.5,0
2011-07-20,7.5,7.5,7.5,7.5,7.5,0
2011-07-21,9.100000381469727,9.100000381469727,9.100000381469727,4.0,4.0,3850
2011-07-22,9.0,9.0,9.100000381469727,8.100000381469727,8.100000381469727,90
2011-07-25,5.0,5.0,6.0,4.0,4.0,1150
2011-07-26,5.0,5.0,5.0,5.0,5.0,0
2011-07-27,7.5,7.5,7.5,7.5,7.5,20
2011-07-28,7.5,7.5,7.5,7.5,7.5,0
2011-07-29,7.5,7.5,7.5,7.5,7.5,0
2011-08-01,7.5,7.5,7.5,7.5,7.5,0
2011-08-02,7.5,7.5,7.5,7.5,7.5,0
2011-08-03,7.5,7.5,7.5,7.5,7.5,0
2011-08-04,10.100000381469727,10.100000381469727,10.100000381469727,4.0,4.0,1640
2011-08-05,10.100000381469727,10.100000381469727,10.100000381469727,10.100000381469727,10.100000381469727,0
2011-08-08,10.100000381469727,10.100000381469727,10.100000381469727,10.100000381469727,10.100000381469727,0
2011-08-09,10.100000381469727,10.100000381469727,10.100000381469727,10.100000381469727,10.100000381469727,0
2011-08-10,10.100000381469727,10.100000381469727,10.100000381469727,10.100000381469727,10.100000381469727,0
2011-08-11,10.100000381469727,10.100000381469727,10.100000381469727,10.100000381469727,10.100000381469727,0
2011-08-12,10.100000381469727,10.100000381469727,10.100000381469727,10.100000381469727,10.100000381469727,0
2011-08-15,10.100000381469727,10.100000381469727,10.100000381469727,10.100000381469727,10.100000381469727,0
2011-08-16,10.100000381469727,10.100000381469727,10.100000381469727,10.100000381469727,10.100000381469727,0
2011-08-17,10.100000381469727,10.100000381469727,10.100000381469727,10.100000381469727,10.100000381469727,0
2011-08-18,10.100000381469727,10.100000381469727,10.100000381469727,10.100000381469727,10.100000381469727,0
2011-08-19,10.100000381469727,10.100000381469727,10.100000381469727,10.100000381469727,10.100000381469727,0
2011-08-22,10.100000381469727,10.100000381469727,10.100000381469727,10.100000381469727,10.100000381469727,0
2011-08-23,10.100000381469727,10.100000381469727,10.100000381469727,10.100000381469727,10.100000381469727,0
2011-08-24,10.100000381469727,10.100000381469727,10.100000381469727,10.100000381469727,10.100000381469727,0
2011-08-25,10.100000381469727,10.100000381469727,10.100000381469727,10.100000381469727,10.100000381469727,0
2011-08-26,10.100000381469727,10.100000381469727,10.100000381469727,10.100000381469727,10.100000381469727,0
2011-08-29,10.100000381469727,10.100000381469727,10.100000381469727,10.100000381469727,10.100000381469727,0
2011-08-30,12.0,12.0,12.0,12.0,12.0,20
2011-08-31,12.0,12.0,12.0,12.0,12.0,0
2011-09-01,12.0,12.0,12.0,12.0,12.0,0
2011-09-02,12.0,12.0,12.0,12.0,12.0,0
2011-09-06,12.0,12.0,12.0,12.0,12.0,0
2011-09-07,12.0,12.0,12.0,12.0,12.0,0
2011-09-08,12.0,12.0,12.0,12.0,12.0,0
2011-09-09,12.0,12.0,12.0,12.0,12.0,0
2011-09-12,12.0,12.0,12.0,12.0,12.0,0
2011-09-13,12.0,12.0,12.0,12.0,12.0,0
2011-09-14,12.0,12.0,12.0,12.0,12.0,0
2011-09-15,12.0,12.0,12.0,12.0,12.0,0
2011-09-16,12.0,12.0,12.0,12.0,12.0,0
2011-09-19,12.0,12.0,12.0,12.0,12.0,0
2011-09-20,5.0,5.0,7.099999904632568,5.0,5.0,1220
2011-09-21,5.0,5.0,5.0,5.0,5.0,0
2011-09-22,4.5,4.5,4.5,4.5,4.5,40
2011-09-23,2.4000000953674316,2.4000000953674316,3.0,1.2000000476837158,2.0,7700
2011-09-26,2.4000000953674316,2.4000000953674316,2.4000000953674316,2.4000000953674316,2.4000000953674316,0
2011-09-27,2.299999952316284,2.299999952316284,2.299999952316284,1.2999999523162842,1.2999999523162842,240
2011-09-28,2.200000047683716,2.200000047683716,2.299999952316284,2.200000047683716,2.299999952316284,1400
2011-09-29,2.319999933242798,2.319999933242798,2.319999933242798,1.5,2.0,2030
2011-09-30,4.5,4.5,4.5,4.5,4.5,20
2011-10-03,4.5,4.5,4.5,4.5,4.5,0
2011-10-04,4.5,4.5,4.5,4.5,4.5,0
2011-10-05,4.5,4.5,4.5,4.5,4.5,0
2011-10-06,4.5,4.5,4.5,4.5,4.5,0
2011-10-07,4.5,4.5,4.5,4.5,4.5,0
2011-10-10,4.5,4.5,4.5,4.5,4.5,0
2011-10-11,4.5,4.5,4.5,4.5,4.5,0
2011-10-12,4.5,4.5,4.5,4.5,4.5,0
2011-10-13,4.5,4.5,4.5,4.5,4.5,0
2011-10-14,4.5,4.5,4.5,4.5,4.5,0
2011-10-17,4.5,4.5,4.5,4.5,4.5,0
2011-10-18,4.5,4.5,4.5,4.5,4.5,0
2011-10-19,7.5,7.5,7.5,4.300000190734863,4.300000190734863,4110
2011-10-20,7.5,7.5,7.5,7.5,7.5,0
2011-10-21,7.5,7.5,7.5,7.5,7.5,0
2011-10-24,7.5,7.5,7.5,7.5,7.5,0
2011-10-25,7.5,7.5,7.5,7.5,7.5,0
2011-10-26,7.5,7.5,7.5,7.5,7.5,0
2011-10-27,7.5,7.5,7.5,7.5,7.5,0
2011-10-28,7.5,7.5,7.5,7.5,7.5,0
2011-10-31,7.5,7.5,7.5,7.5,7.5,0
2011-11-01,7.5,7.5,7.5,7.5,7.5,0
2011-11-02,7.5,7.5,7.5,7.5,7.5,0
2011-11-03,7.5,7.5,7.5,7.5,7.5,0
2011-11-04,7.5,7.5,7.5,7.5,7.5,0
2011-11-07,7.5,7.5,7.5,7.5,7.5,0
2011-11-08,7.5,7.5,7.5,7.5,7.5,0
2011-11-09,7.5,7.5,7.5,7.5,7.5,0
2011-11-10,7.5,7.5,7.5,7.5,7.5,0
2011-11-11,7.5,7.5,7.5,7.5,7.5,0
2011-11-14,7.5,7.5,7.5,7.5,7.5,0
2011-11-15,7.5,7.5,7.5,7.5,7.5,0
2011-11-16,7.5,7.5,7.5,7.5,7.5,0
2011-11-17,7.5,7.5,7.5,7.5,7.5,0
2011-11-18,7.5,7.5,7.5,7.5,7.5,0
2011-11-21,7.5,7.5,7.5,7.5,7.5,0
2011-11-22,7.5,7.5,7.5,7.5,7.5,0
2011-11-23,7.5,7.5,7.5,7.5,7.5,0
2011-11-25,7.5,7.5,7.5,7.5,7.5,0
2011-11-28,7.5,7.5,7.5,7.5,7.5,0
2011-11-29,7.5,7.5,7.5,7.5,7.5,0
2011-11-30,7.5,7.5,7.5,7.5,7.5,0
2011-12-01,7.5,7.5,7.5,7.5,7.5,0
2011-12-02,7.5,7.5,7.5,7.5,7.5,0
2011-12-05,7.5,7.5,7.5,7.5,7.5,0
2011-12-06,7.5,7.5,7.5,7.5,7.5,0
2011-12-07,7.5,7.5,7.5,7.5,7.5,0
2011-12-08,5.099999904632568,5.099999904632568,5.099999904632568,5.099999904632568,5.099999904632568,520
2011-12-09,5.099999904632568,5.099999904632568,5.099999904632568,5.099999904632568,5.099999904632568,0
2011-12-12,5.099999904632568,5.099999904632568,5.099999904632568,5.099999904632568,5.099999904632568,0
2011-12-13,5.099999904632568,5.099999904632568,5.099999904632568,5.099999904632568,5.099999904632568,0
2011-12-14,5.099999904632568,5.099999904632568,5.099999904632568,5.099999904632568,5.099999904632568,0
2011-12-15,5.099999904632568,5.099999904632568,5.099999904632568,5.099999904632568,5.099999904632568,0
2011-12-16,5.099999904632568,5.099999904632568,5.099999904632568,5.099999904632568,5.099999904632568,0
2011-12-19,5.099999904632568,5.099999904632568,5.099999904632568,5.099999904632568,5.099999904632568,0
2011-12-20,5.099999904632568,5.099999904632568,5.099999904632568,5.099999904632568,5.099999904632568,0
2011-12-21,5.099999904632568,5.099999904632568,5.099999904632568,5.099999904632568,5.099999904632568,0
2011-12-22,5.099999904632568,5.099999904632568,5.099999904632568,5.099999904632568,5.099999904632568,0
2011-12-23,5.099999904632568,5.099999904632568,5.099999904632568,5.099999904632568,5.099999904632568,0
2011-12-27,5.099999904632568,5.099999904632568,5.099999904632568,5.099999904632568,5.099999904632568,0
2011-12-28,5.099999904632568,5.099999904632568,5.099999904632568,5.099999904632568,5.099999904632568,0
2011-12-29,5.099999904632568,5.099999904632568,5.099999904632568,5.099999904632568,5.099999904632568,0
2011-12-30,5.099999904632568,5.099999904632568,5.099999904632568,5.099999904632568,5.099999904632568,0
2012-01-03,5.099999904632568,5.099999904632568,5.099999904632568,5.099999904632568,5.099999904632568,0
2012-01-04,5.099999904632568,5.099999904632568,5.099999904632568,5.099999904632568,5.099999904632568,0
2012-01-05,5.099999904632568,5.099999904632568,5.099999904632568,5.099999904632568,5.099999904632568,0
2012-01-06,5.099999904632568,5.099999904632568,5.099999904632568,5.099999904632568,5.099999904632568,0
2012-01-09,5.099999904632568,5.099999904632568,5.099999904632568,5.099999904632568,5.099999904632568,0
2012-01-10,5.099999904632568,5.099999904632568,5.099999904632568,5.099999904632568,5.099999904632568,0
2012-01-11,5.099999904632568,5.099999904632568,5.099999904632568,5.099999904632568,5.099999904632568,0
2012-01-12,5.099999904632568,5.099999904632568,5.099999904632568,5.099999904632568,5.099999904632568,0
2012-01-13,5.099999904632568,5.099999904632568,5.099999904632568,5.099999904632568,5.099999904632568,0
2012-01-17,5.099999904632568,5.099999904632568,5.099999904632568,5.099999904632568,5.099999904632568,0
2012-01-18,2.5,2.5,2.5,2.5,2.5,50
2012-01-19,2.5,2.5,2.5,2.5,2.5,0
2012-01-20,1.0,1.0,1.0,1.0,1.0,50
2012-01-23,4.0,4.0,4.0,4.0,4.0,30
2012-01-24,4.0,4.0,4.0,4.0,4.0,0
2012-01-25,4.0,4.0,4.0,4.0,4.0,0
2012-01-26,4.0,4.0,4.0,4.0,4.0,0
2012-01-27,4.0,4.0,4.0,4.0,4.0,0
2012-01-30,4.0,4.0,4.0,4.0,4.0,0
2012-01-31,4.0,4.0,4.0,4.0,4.0,0
2012-02-01,4.0,4.0,4.0,4.0,4.0,0
2012-02-02,4.0,4.0,4.0,4.0,4.0,0
2012-02-03,4.0,4.0,4.0,4.0,4.0,0
2012-02-06,4.0,4.0,4.0,4.0,4.0,0
2012-02-07,4.0,4.0,4.0,4.0,4.0,0
2012-02-08,4.0,4.0,4.0,4.0,4.0,0
2012-02-09,4.0,4.0,4.0,4.0,4.0,0
2012-02-10,4.0,4.0,4.0,4.0,4.0,0
2012-02-13,4.0,4.0,4.0,4.0,4.0,0
2012-02-14,4.0,4.0,4.0,4.0,4.0,0
2012-02-15,4.0,4.0,4.0,4.0,4.0,0
2012-02-16,4.0,4.0,4.0,4.0,4.0,0
2012-02-17,4.0,4.0,4.0,4.0,4.0,0
2012-02-21,4.0,4.0,4.0,4.0,4.0,0
2012-02-22,4.0,4.0,4.0,4.0,4.0,0
2012-02-23,4.0,4.0,4.0,4.0,4.0,0
2012-02-24,4.0,4.0,4.0,4.0,4.0,0
2012-02-27,4.0,4.0,4.0,4.0,4.0,0
2012-02-28,4.0,4.0,4.0,4.0,4.0,0
2012-02-29,4.0,4.0,4.0,4.0,4.0,0
2012-03-01,4.0,4.0,4.0,4.0,4.0,0
2012-03-02,4.0,4.0,4.0,4.0,4.0,0
2012-03-05,4.0,4.0,4.0,4.0,4.0,0
2012-03-06,4.0,4.0,4.0,4.0,4.0,0
2012-03-07,4.0,4.0,4.0,4.0,4.0,0
2012-03-08,4.0,4.0,4.0,4.0,4.0,0
2012-03-09,4.0,4.0,4.0,4.0,4.0,0
2012-03-12,4.0,4.0,4.0,4.0,4.0,0
2012-03-13,4.0,4.0,4.0,4.0,4.0,0
2012-03-14,4.0,4.0,4.0,4.0,4.0,0
2012-03-15,5.099999904632568,5.099999904632568,5.099999904632568,5.099999904632568,5.099999904632568,30
2012-03-16,5.0,5.0,5.0,2.200000047683716,2.200000047683716,910
2012-03-19,5.0,5.0,5.0,5.0,5.0,0
2012-03-20,4.5,4.5,4.800000190734863,1.899999976158142,1.899999976158142,1760
2012-03-21,4.0,4.0,4.0,4.0,4.0,150
2012-03-22,4.0,4.0,4.0,4.0,4.0,0
2012-03-23,4.0,4.0,4.0,4.0,4.0,0
2012-03-26,4.0,4.0,4.0,4.0,4.0,0
2012-03-27,4.0,4.0,4.0,4.0,4.0,0
2012-03-28,4.0,4.0,4.0,4.0,4.0,0
2012-03-29,4.0,4.0,4.0,4.0,4.0,0
2012-03-30,4.0,4.0,4.0,4.0,4.0,0
2012-04-02,4.0,4.0,4.0,4.0,4.0,0
2012-04-03,4.0,4.0,4.0,4.0,4.0,0
2012-04-04,4.0,4.0,4.0,4.0,4.0,0
2012-04-05,2.5299999713897705,2.5299999713897705,2.5299999713897705,1.399999976158142,1.399999976158142,560
2012-04-09,2.5299999713897705,2.5299999713897705,2.5299999713897705,2.5299999713897705,2.5299999713897705,0
2012-04-10,3.700000047683716,3.700000047683716,3.700000047683716,3.700000047683716,3.700000047683716,30
2012-04-11,3.700000047683716,3.700000047683716,3.700000047683716,3.700000047683716,3.700000047683716,0
2012-04-12,3.700000047683716,3.700000047683716,3.700000047683716,3.700000047683716,3.700000047683716,0
2012-04-13,3.700000047683716,3.700000047683716,3.700000047683716,3.700000047683716,3.700000047683716,0
2012-04-16,3.700000047683716,3.700000047683716,3.700000047683716,3.700000047683716,3.700000047683716,0
2012-04-17,3.700000047683716,3.700000047683716,3.700000047683716,3.700000047683716,3.700000047683716,0
2012-04-18,3.700000047683716,3.700000047683716,3.700000047683716,3.700000047683716,3.700000047683716,0
2012-04-19,3.700000047683716,3.700000047683716,3.700000047683716,3.700000047683716,3.700000047683716,0
2012-04-20,3.700000047683716,3.700000047683716,3.700000047683716,3.700000047683716,3.700000047683716,0
2012-04-23,3.700000047683716,3.700000047683716,3.700000047683716,3.700000047683716,3.700000047683716,0
2012-04-24,3.700000047683716,3.700000047683716,3.700000047683716,3.700000047683716,3.700000047683716,0
2012-04-25,3.700000047683716,3.700000047683716,3.700000047683716,3.700000047683716,3.700000047683716,0
2012-04-26,3.700000047683716,3.700000047683716,3.700000047683716,3.700000047683716,3.700000047683716,0
2012-04-27,3.700000047683716,3.700000047683716,3.700000047683716,3.700000047683716,3.700000047683716,0
2012-04-30,3.700000047683716,3.700000047683716,3.700000047683716,3.700000047683716,3.700000047683716,0
2012-05-01,3.700000047683716,3.700000047683716,3.700000047683716,3.700000047683716,3.700000047683716,0
2012-05-02,3.700000047683716,3.700000047683716,3.700000047683716,3.700000047683716,3.700000047683716,0
2012-05-03,3.700000047683716,3.700000047683716,3.700000047683716,3.700000047683716,3.700000047683716,0
2012-05-04,3.700000047683716,3.700000047683716,3.700000047683716,3.700000047683716,3.700000047683716,0
2012-05-07,3.700000047683716,3.700000047683716,3.700000047683716,3.700000047683716,3.700000047683716,0
2012-05-08,3.700000047683716,3.700000047683716,3.700000047683716,3.700000047683716,3.700000047683716,0
2012-05-09,3.700000047683716,3.700000047683716,3.700000047683716,3.700000047683716,3.700000047683716,0
2012-05-10,3.700000047683716,3.700000047683716,3.700000047683716,3.700000047683716,3.700000047683716,0
2012-05-11,3.700000047683716,3.700000047683716,3.700000047683716,3.700000047683716,3.700000047683716,0
2012-05-14,1.5,1.5,1.7999999523162842,1.5,1.7999999523162842,5100
2012-05-15,1.5,1.5,1.7899999618530273,1.5,1.5,9100
2012-05-16,1.5,1.5,1.5,1.5,1.5,0
2012-05-17,1.5,1.5,1.5,1.5,1.5,0
2012-05-18,2.0,2.0,2.0,2.0,2.0,80
2012-05-21,2.0,2.0,2.0,2.0,2.0,0
2012-05-22,1.5,1.5,1.600000023841858,1.5,1.600000023841858,3980
2012-05-23,1.2000000476837158,1.2000000476837158,1.2999999523162842,1.2000000476837158,1.2999999523162842,5660
2012-05-24,1.2000000476837158,1.2000000476837158,1.2000000476837158,1.2000000476837158,1.2000000476837158,2070
2012-05-25,1.2000000476837158,1.2000000476837158,1.2000000476837158,1.2000000476837158,1.2000000476837158,0
2012-05-29,1.2000000476837158,1.2000000476837158,1.2000000476837158,1.2000000476837158,1.2000000476837158,0
2012-05-30,1.2000000476837158,1.2000000476837158,1.2000000476837158,1.2000000476837158,1.2000000476837158,0
2012-05-31,1.0,1.0,1.0,1.0,1.0,1000
2012-06-01,1.0,1.0,1.0,1.0,1.0,0
2012-06-04,1.0,1.0,1.0,1.0,1.0,0
2012-06-05,1.0,1.0,1.0,1.0,1.0,0
2012-06-06,1.0,1.0,1.0,1.0,1.0,0
2012-06-07,1.0,1.0,1.0,1.0,1.0,0
2012-06-08,1.0,1.0,1.0,1.0,1.0,0
2012-06-11,1.0,1.0,1.0,1.0,1.0,0
2012-06-12,1.0,1.0,1.0,1.0,1.0,0
2012-06-13,2.0,2.0,2.0,1.100000023841858,1.2000000476837158,2010
2012-06-14,2.0,2.0,2.0,2.0,2.0,0
2012-06-15,0.800000011920929,0.800000011920929,0.800000011920929,0.800000011920929,0.800000011920929,270
2012-06-18,2.5,2.5,2.5,2.5,2.5,40
2012-06-19,2.5,2.5,2.5,2.5,2.5,0
2012-06-20,2.0,2.0,2.0,1.5,1.5,1250
2012-06-21,2.0,2.0,2.0,2.0,2.0,0
2012-06-22,2.0,2.0,2.0,2.0,2.0,0
2012-06-25,3.9000000953674316,3.9000000953674316,3.9000000953674316,3.700000047683716,3.700000047683716,40
2012-06-26,3.9000000953674316,3.9000000953674316,3.9000000953674316,3.9000000953674316,3.9000000953674316,0
2012-06-27,3.9000000953674316,3.9000000953674316,3.9000000953674316,3.9000000953674316,3.9000000953674316,0
2012-06-28,3.9000000953674316,3.9000000953674316,3.9000000953674316,3.9000000953674316,3.9000000953674316,0
2012-06-29,2.0,2.0,2.0,2.0,2.0,270
2012-07-02,2.0,2.0,2.0,2.0,2.0,0
2012-07-03,2.0,2.0,2.0,2.0,2.0,0
2012-07-05,2.0,2.0,2.0,2.0,2.0,0
2012-07-06,2.0,2.0,2.0,2.0,2.0,0
2012-07-09,2.0,2.0,2.0,2.0,2.0,0
2012-07-10,2.0,2.0,2.0,2.0,2.0,0
2012-07-11,2.0,2.0,2.0,2.0,2.0,0
2012-07-12,2.0,2.0,2.0,2.0,2.0,0
2012-07-13,3.9000000953674316,3.9000000953674316,3.9000000953674316,3.9000000953674316,3.9000000953674316,10
2012-07-16,3.9000000953674316,3.9000000953674316,3.9000000953674316,3.9000000953674316,3.9000000953674316,0
2012-07-17,3.9000000953674316,3.9000000953674316,3.9000000953674316,3.9000000953674316,3.9000000953674316,0
2012-07-18,3.9000000953674316,3.9000000953674316,3.9000000953674316,3.9000000953674316,3.9000000953674316,0
2012-07-19,3.9000000953674316,3.9000000953674316,3.9000000953674316,3.9000000953674316,3.9000000953674316,0
2012-07-20,3.9000000953674316,3.9000000953674316,3.9000000953674316,3.9000000953674316,3.9000000953674316,0
2012-07-23,3.9000000953674316,3.9000000953674316,3.9000000953674316,3.9000000953674316,3.9000000953674316,0
2012-07-24,3.9000000953674316,3.9000000953674316,3.9000000953674316,3.9000000953674316,3.9000000953674316,0
2012-07-25,3.9000000953674316,3.9000000953674316,3.9000000953674316,3.9000000953674316,3.9000000953674316,0
2012-07-26,3.9000000953674316,3.9000000953674316,3.9000000953674316,3.9000000953674316,3.9000000953674316,0
2012-07-27,3.9000000953674316,3.9000000953674316,3.9000000953674316,3.9000000953674316,3.9000000953674316,0
2012-07-30,3.9000000953674316,3.9000000953674316,3.9000000953674316,3.9000000953674316,3.9000000953674316,0
2012-07-31,3.9000000953674316,3.9000000953674316,3.9000000953674316,3.9000000953674316,3.9000000953674316,0
2012-08-01,3.9000000953674316,3.9000000953674316,3.9000000953674316,3.9000000953674316,3.9000000953674316,0
2012-08-02,3.9000000953674316,3.9000000953674316,3.9000000953674316,3.9000000953674316,3.9000000953674316,0
2012-08-03,3.9000000953674316,3.9000000953674316,3.9000000953674316,3.9000000953674316,3.9000000953674316,0
2012-08-06,3.9000000953674316,3.9000000953674316,3.9000000953674316,3.9000000953674316,3.9000000953674316,0
2012-08-07,3.9000000953674316,3.9000000953674316,3.9000000953674316,3.9000000953674316,3.9000000953674316,0
2012-08-08,3.9000000953674316,3.9000000953674316,3.9000000953674316,3.9000000953674316,3.9000000953674316,0
2012-08-09,3.9000000953674316,3.9000000953674316,3.9000000953674316,3.9000000953674316,3.9000000953674316,0
2012-08-10,3.9000000953674316,3.9000000953674316,3.9000000953674316,3.9000000953674316,3.9000000953674316,0
2012-08-13,3.9000000953674316,3.9000000953674316,3.9000000953674316,3.9000000953674316,3.9000000953674316,0
2012-08-14,3.9000000953674316,3.9000000953674316,3.9000000953674316,3.9000000953674316,3.9000000953674316,0
2012-08-15,3.9000000953674316,3.9000000953674316,3.9000000953674316,3.9000000953674316,3.9000000953674316,0
2012-08-16,3.9000000953674316,3.9000000953674316,3.9000000953674316,3.9000000953674316,3.9000000953674316,0
2012-08-17,3.9000000953674316,3.9000000953674316,3.9000000953674316,3.9000000953674316,3.9000000953674316,0
2012-08-20,3.9000000953674316,3.9000000953674316,3.9000000953674316,3.9000000953674316,3.9000000953674316,0
2012-08-21,3.9000000953674316,3.9000000953674316,3.9000000953674316,3.9000000953674316,3.9000000953674316,0
2012-08-22,3.9000000953674316,3.9000000953674316,3.9000000953674316,3.9000000953674316,3.9000000953674316,0
2012-08-23,3.9000000953674316,3.9000000953674316,3.9000000953674316,3.9000000953674316,3.9000000953674316,0
2012-08-24,3.9000000953674316,3.9000000953674316,3.9000000953674316,3.9000000953674316,3.9000000953674316,0
2012-08-27,3.9000000953674316,3.9000000953674316,3.9000000953674316,3.9000000953674316,3.9000000953674316,0
2012-08-28,3.9000000953674316,3.9000000953674316,3.9000000953674316,3.9000000953674316,3.9000000953674316,0
2012-08-29,3.9000000953674316,3.9000000953674316,3.9000000953674316,3.9000000953674316,3.9000000953674316,0
2012-08-30,3.9000000953674316,3.9000000953674316,3.9000000953674316,3.9000000953674316,3.9000000953674316,0
2012-08-31,3.9000000953674316,3.9000000953674316,3.9000000953674316,3.9000000953674316,3.9000000953674316,0
2012-09-04,3.9000000953674316,3.9000000953674316,3.9000000953674316,3.9000000953674316,3.9000000953674316,0
2012-09-05,3.9000000953674316,3.9000000953674316,3.9000000953674316,3.9000000953674316,3.9000000953674316,0
2012-09-06,3.9000000953674316,3.9000000953674316,3.9000000953674316,3.9000000953674316,3.9000000953674316,0
2012-09-07,3.9000000953674316,3.9000000953674316,3.9000000953674316,3.9000000953674316,3.9000000953674316,0
2012-09-10,3.9000000953674316,3.9000000953674316,3.9000000953674316,3.9000000953674316,3.9000000953674316,0
2012-09-11,3.9000000953674316,3.9000000953674316,3.9000000953674316,3.9000000953674316,3.9000000953674316,0
2012-09-12,3.9000000953674316,3.9000000953674316,3.9000000953674316,3.9000000953674316,3.9000000953674316,0
2012-09-13,3.9000000953674316,3.9000000953674316,3.9000000953674316,3.9000000953674316,3.9000000953674316,0
2012-09-14,3.9000000953674316,3.9000000953674316,3.9000000953674316,3.9000000953674316,3.9000000953674316,0
2012-09-17,3.9000000953674316,3.9000000953674316,3.9000000953674316,3.9000000953674316,3.9000000953674316,0
2012-09-18,3.9000000953674316,3.9000000953674316,3.9000000953674316,3.9000000953674316,3.9000000953674316,0
2012-09-19,3.9000000953674316,3.9000000953674316,3.9000000953674316,3.9000000953674316,3.9000000953674316,0
2012-09-20,3.9000000953674316,3.9000000953674316,3.9000000953674316,3.9000000953674316,3.9000000953674316,0
2012-09-21,3.9000000953674316,3.9000000953674316,3.9000000953674316,3.9000000953674316,3.9000000953674316,0
2012-09-24,3.9000000953674316,3.9000000953674316,3.9000000953674316,3.9000000953674316,3.9000000953674316,0
2012-09-25,3.9000000953674316,3.9000000953674316,3.9000000953674316,3.9000000953674316,3.9000000953674316,0
2012-09-26,3.9000000953674316,3.9000000953674316,3.9000000953674316,3.9000000953674316,3.9000000953674316,0
2012-09-27,3.9000000953674316,3.9000000953674316,3.9000000953674316,3.9000000953674316,3.9000000953674316,0
2012-09-28,3.9000000953674316,3.9000000953674316,3.9000000953674316,3.9000000953674316,3.9000000953674316,0
2012-10-01,3.9000000953674316,3.9000000953674316,3.9000000953674316,3.9000000953674316,3.9000000953674316,0
2012-10-02,3.9000000953674316,3.9000000953674316,3.9000000953674316,3.9000000953674316,3.9000000953674316,0
2012-10-03,3.9000000953674316,3.9000000953674316,3.9000000953674316,3.9000000953674316,3.9000000953674316,0
2012-10-04,3.9000000953674316,3.9000000953674316,3.9000000953674316,3.9000000953674316,3.9000000953674316,0
2012-10-05,3.9000000953674316,3.9000000953674316,3.9000000953674316,3.9000000953674316,3.9000000953674316,0
2012-10-08,3.9000000953674316,3.9000000953674316,3.9000000953674316,3.9000000953674316,3.9000000953674316,0
2012-10-09,3.9000000953674316,3.9000000953674316,3.9000000953674316,3.9000000953674316,3.9000000953674316,0
2012-10-10,3.9000000953674316,3.9000000953674316,3.9000000953674316,3.9000000953674316,3.9000000953674316,0
2012-10-11,1.0,1.0,1.5,1.0,1.100000023841858,880
2012-10-12,1.0,1.0,1.0,1.0,1.0,0
2012-10-15,2.5,2.5,2.5,2.5,2.5,100
2012-10-16,1.5,1.5,1.5,1.5,1.5,100
2012-10-17,2.0,2.0,2.0,1.5,1.5,570
2012-10-18,2.0,2.0,2.0,2.0,2.0,0
2012-10-19,2.0,2.0,2.0,2.0,2.0,0
2012-10-22,1.2000000476837158,1.2000000476837158,1.2000000476837158,1.2000000476837158,1.2000000476837158,3000
2012-10-23,1.2000000476837158,1.2000000476837158,1.2000000476837158,1.2000000476837158,1.2000000476837158,0
2012-10-24,1.2000000476837158,1.2000000476837158,1.2000000476837158,1.2000000476837158,1.2000000476837158,0
2012-10-25,1.2000000476837158,1.2000000476837158,1.2000000476837158,1.2000000476837158,1.2000000476837158,0
2012-10-26,1.899999976158142,1.899999976158142,1.899999976158142,1.899999976158142,1.899999976158142,10
2012-10-31,1.899999976158142,1.899999976158142,1.899999976158142,1.899999976158142,1.899999976158142,0
2012-11-01,1.899999976158142,1.899999976158142,1.899999976158142,1.899999976158142,1.899999976158142,0
2012-11-02,1.899999976158142,1.899999976158142,1.899999976158142,1.899999976158142,1.899999976158142,0
2012-11-05,1.899999976158142,1.899999976158142,1.899999976158142,1.899999976158142,1.899999976158142,0
2012-11-06,1.899999976158142,1.899999976158142,1.899999976158142,1.899999976158142,1.899999976158142,0
2012-11-07,1.899999976158142,1.899999976158142,1.899999976158142,1.899999976158142,1.899999976158142,0
2012-11-08,1.899999976158142,1.899999976158142,1.899999976158142,1.899999976158142,1.899999976158142,0
2012-11-09,2.0,2.0,2.0,2.0,2.0,1050
2012-11-12,2.200000047683716,2.200000047683716,2.200000047683716,2.0,2.0,6000
2012-11-13,2.4000000953674316,2.4000000953674316,2.4000000953674316,2.200000047683716,2.200000047683716,760
2012-11-14,2.299999952316284,2.299999952316284,2.299999952316284,2.299999952316284,2.299999952316284,500
2012-11-15,2.299999952316284,2.299999952316284,2.299999952316284,2.299999952316284,2.299999952316284,0
2012-11-16,2.299999952316284,2.299999952316284,2.299999952316284,2.299999952316284,2.299999952316284,0
2012-11-19,2.5,2.5,2.5,2.5,2.5,100
2012-11-20,2.5,2.5,2.5,2.5,2.5,500
2012-11-21,2.5,2.5,2.5,2.5,2.5,0
2012-11-23,2.5,2.5,2.5,2.5,2.5,0
2012-11-26,2.5,2.5,2.5,2.5,2.5,0
2012-11-27,2.450000047683716,2.450000047683716,2.450000047683716,1.5,1.5,1750
2012-11-28,3.5,3.5,3.5,2.5,2.5,300
2012-11-29,3.5,3.5,3.5,3.5,3.5,0
2012-11-30,4.0,4.0,4.0,3.0,3.0,650
2012-12-03,3.130000114440918,3.130000114440918,3.130000114440918,1.5,1.5,900
2012-12-04,3.130000114440918,3.130000114440918,3.130000114440918,3.130000114440918,3.130000114440918,0
2012-12-05,3.0,3.0,3.0,1.2000000476837158,1.2000000476837158,300
2012-12-06,3.0,3.0,3.0,3.0,3.0,0
2012-12-07,1.5,1.5,2.799999952316284,1.2000000476837158,1.2000000476837158,1450
2012-12-10,1.5,1.5,1.5,1.5,1.5,0
2012-12-11,1.7999999523162842,1.7999999523162842,1.7999999523162842,1.5,1.5,530
2012-12-12,1.7999999523162842,1.7999999523162842,1.7999999523162842,1.0,1.0,30
2012-12-13,1.7999999523162842,1.7999999523162842,1.7999999523162842,1.7999999523162842,1.7999999523162842,0
2012-12-14,1.7999999523162842,1.7999999523162842,1.7999999523162842,0.800000011920929,0.800000011920929,230
2012-12-17,1.5,1.5,1.5,0.800000011920929,0.800000011920929,130
2012-12-18,1.2000000476837158,1.2000000476837158,1.2000000476837158,1.2000000476837158,1.2000000476837158,950
2012-12-19,2.0,2.0,2.0,1.2000000476837158,1.2000000476837158,2180
2012-12-20,2.0,2.0,2.0,2.0,2.0,0
2012-12-21,2.0,2.0,2.0,2.0,2.0,0
2012-12-24,2.0,2.0,2.0,2.0,2.0,0
2012-12-26,2.0,2.0,2.0,2.0,2.0,0
2012-12-27,1.7999999523162842,1.7999999523162842,1.7999999523162842,1.5,1.5,1750
2012-12-28,1.7999999523162842,1.7999999523162842,1.7999999523162842,1.7999999523162842,1.7999999523162842,0
2012-12-31,1.7999999523162842,1.7999999523162842,1.7999999523162842,1.7999999523162842,1.7999999523162842,0
2013-01-02,1.7999999523162842,1.7999999523162842,1.7999999523162842,1.7999999523162842,1.7999999523162842,0
2013-01-03,1.7999999523162842,1.7999999523162842,1.7999999523162842,1.7999999523162842,1.7999999523162842,0
2013-01-04,1.7999999523162842,1.7999999523162842,1.7999999523162842,1.7999999523162842,1.7999999523162842,0
2013-01-07,2.5,2.5,2.5,1.7999999523162842,1.7999999523162842,3900
2013-01-08,2.799999952316284,2.799999952316284,2.799999952316284,2.799999952316284,2.799999952316284,100
2013-01-09,2.799999952316284,2.799999952316284,2.799999952316284,2.799999952316284,2.799999952316284,0
2013-01-10,2.799999952316284,2.799999952316284,2.799999952316284,2.069999933242798,2.069999933242798,100
2013-01-11,2.799999952316284,2.799999952316284,2.799999952316284,2.799999952316284,2.799999952316284,0
2013-01-14,2.5,2.5,2.5,2.299999952316284,2.299999952316284,650
2013-01-15,2.799999952316284,2.799999952316284,2.799999952316284,2.799999952316284,2.799999952316284,50
2013-01-16,2.799999952316284,2.799999952316284,2.799999952316284,2.799999952316284,2.799999952316284,0
2013-01-17,2.799999952316284,2.799999952316284,2.799999952316284,2.799999952316284,2.799999952316284,0
2013-01-18,2.799999952316284,2.799999952316284,2.799999952316284,2.799999952316284,2.799999952316284,0
2013-01-22,2.799999952316284,2.799999952316284,2.799999952316284,2.799999952316284,2.799999952316284,0
2013-01-23,2.799999952316284,2.799999952316284,2.799999952316284,2.799999952316284,2.799999952316284,0
2013-01-24,2.799999952316284,2.799999952316284,2.799999952316284,2.799999952316284,2.799999952316284,0
2013-01-25,2.799999952316284,2.799999952316284,2.799999952316284,2.799999952316284,2.799999952316284,0
2013-01-28,2.799999952316284,2.799999952316284,2.799999952316284,0.8999999761581421,0.8999999761581421,230
2013-01-29,2.799999952316284,2.799999952316284,2.799999952316284,2.799999952316284,2.799999952316284,0
2013-01-30,1.5,1.5,2.0,0.8999999761581421,2.0,1320
2013-01-31,1.7999999523162842,1.7999999523162842,1.7999999523162842,1.7999999523162842,1.7999999523162842,100
2013-02-01,1.7999999523162842,1.7999999523162842,1.7999999523162842,1.7999999523162842,1.7999999523162842,250
2013-02-04,1.9199999570846558,1.9199999570846558,1.9199999570846558,1.9199999570846558,1.9199999570846558,20
2013-02-05,1.5,1.5,1.5,1.0,1.100000023841858,2070
2013-02-06,1.5,1.5,1.5,0.8999999761581421,0.8999999761581421,200
2013-02-07,1.5,1.5,1.5,1.5,1.5,0
2013-02-08,1.5,1.5,1.5,1.5,1.5,0
2013-02-11,1.5,1.5,1.5,1.5,1.5,0
2013-02-12,1.5,1.5,1.5,1.5,1.5,0
2013-02-13,1.5,1.5,1.5,1.5,1.5,0
2013-02-14,1.5,1.5,1.5,1.5,1.5,0
2013-02-15,1.5,1.5,1.5,1.5,1.5,0
2013-02-19,2.299999952316284,2.299999952316284,2.299999952316284,1.399999976158142,1.399999976158142,1500
2013-02-20,2.4000000953674316,2.4000000953674316,2.4000000953674316,2.299999952316284,2.299999952316284,300
2013-02-21,2.5,2.5,2.5,2.4000000953674316,2.4000000953674316,300
2013-02-22,2.5,2.5,2.5,2.5,2.5,0
2013-02-25,2.5,2.5,2.5,2.5,2.5,0
2013-02-26,2.5,2.5,2.5,2.5,2.5,0
2013-02-27,2.5,2.5,2.5,2.5,2.5,0
2013-02-28,2.5,2.5,2.5,2.5,2.5,0
2013-03-01,2.299999952316284,2.299999952316284,2.299999952316284,0.6000000238418579,0.6000000238418579,100
2013-03-04,2.299999952316284,2.299999952316284,2.299999952316284,2.299999952316284,2.299999952316284,0
2013-03-05,2.299999952316284,2.299999952316284,2.299999952316284,2.299999952316284,2.299999952316284,0
2013-03-06,2.299999952316284,2.299999952316284,2.299999952316284,2.299999952316284,2.299999952316284,0
2013-03-07,2.299999952316284,2.299999952316284,2.299999952316284,2.299999952316284,2.299999952316284,0
2013-03-08,2.299999952316284,2.299999952316284,2.299999952316284,2.299999952316284,2.299999952316284,0
2013-03-11,2.299999952316284,2.299999952316284,2.299999952316284,2.299999952316284,2.299999952316284,0
2013-03-12,2.5,2.5,2.5,2.5,2.5,1000
2013-03-13,2.200000047683716,2.200000047683716,2.200000047683716,2.200000047683716,2.200000047683716,500
2013-03-14,2.299999952316284,2.299999952316284,2.4000000953674316,2.299999952316284,2.299999952316284,750
2013-03-15,2.299999952316284,2.299999952316284,2.299999952316284,2.299999952316284,2.299999952316284,0
2013-03-18,3.0,3.0,3.0,2.799999952316284,2.799999952316284,1120
2013-03-19,3.9000000953674316,3.9000000953674316,3.9000000953674316,2.299999952316284,2.5999999046325684,4810
2013-03-20,3.9000000953674316,3.9000000953674316,3.9000000953674316,3.9000000953674316,3.9000000953674316,0
2013-03-21,3.9000000953674316,3.9000000953674316,3.9000000953674316,3.9000000953674316,3.9000000953674316,0
2013-03-22,3.9000000953674316,3.9000000953674316,3.9000000953674316,3.9000000953674316,3.9000000953674316,0
2013-03-25,3.9000000953674316,3.9000000953674316,3.9000000953674316,3.9000000953674316,3.9000000953674316,0
2013-03-26,3.9000000953674316,3.9000000953674316,3.9000000953674316,3.9000000953674316,3.9000000953674316,0
2013-03-27,3.9000000953674316,3.9000000953674316,3.9000000953674316,3.9000000953674316,3.9000000953674316,0
2013-03-28,3.9000000953674316,3.9000000953674316,3.9000000953674316,3.9000000953674316,3.9000000953674316,0
2013-04-01,3.9000000953674316,3.9000000953674316,3.9000000953674316,3.9000000953674316,3.9000000953674316,0
2013-04-02,3.9000000953674316,3.9000000953674316,3.9000000953674316,3.9000000953674316,3.9000000953674316,0
2013-04-03,3.9000000953674316,3.9000000953674316,3.9000000953674316,3.9000000953674316,3.9000000953674316,0
2013-04-04,3.9000000953674316,3.9000000953674316,3.9000000953674316,3.9000000953674316,3.9000000953674316,0
2013-04-05,3.9000000953674316,3.9000000953674316,3.9000000953674316,3.700000047683716,3.700000047683716,240
2013-04-08,5.0,5.0,5.0,3.5,3.9000000953674316,2810
2013-04-09,5.099999904632568,5.099999904632568,5.099999904632568,5.099999904632568,5.099999904632568,250
2013-04-10,5.099999904632568,5.099999904632568,5.099999904632568,5.099999904632568,5.099999904632568,0
2013-04-11,5.099999904632568,5.099999904632568,5.099999904632568,5.099999904632568,5.099999904632568,0
2013-04-12,5.099999904632568,5.099999904632568,5.099999904632568,5.099999904632568,5.099999904632568,0
2013-04-15,5.099999904632568,5.099999904632568,5.099999904632568,5.099999904632568,5.099999904632568,0
2013-04-16,5.099999904632568,5.099999904632568,5.099999904632568,5.099999904632568,5.099999904632568,0
2013-04-17,5.199999809265137,5.199999809265137,6.0,4.199999809265137,4.199999809265137,2230
2013-04-18,5.199999809265137,5.199999809265137,5.199999809265137,4.300000190734863,4.300000190734863,1240
2013-04-19,4.400000095367432,4.400000095367432,4.400000095367432,4.400000095367432,4.400000095367432,200
2013-04-22,4.400000095367432,4.400000095367432,4.400000095367432,4.400000095367432,4.400000095367432,0
2013-04-23,3.5,3.5,3.5,3.200000047683716,3.200000047683716,1350
2013-04-24,5.199999809265137,5.199999809265137,5.199999809265137,3.5,3.5,3020
2013-04-25,6.0,6.0,6.0,4.800000190734863,5.5,1620
2013-04-26,6.0,6.0,8.0,6.0,6.400000095367432,850
2013-04-29,6.0,6.0,6.0,5.599999904632568,6.0,1900
2013-04-30,5.5,5.5,5.800000190734863,5.300000190734863,5.800000190734863,540
2013-05-01,5.0,5.0,5.0,5.0,5.0,60
2013-05-02,6.0,6.0,6.0,4.5,4.5,5700
2013-05-03,5.800000190734863,5.800000190734863,5.800000190734863,5.800000190734863,5.800000190734863,100
2013-05-06,5.800000190734863,5.800000190734863,5.800000190734863,5.800000190734863,5.800000190734863,0
2013-05-07,6.0,6.0,6.0,6.0,6.0,50
2013-05-08,5.5,5.5,6.0,4.900000095367432,5.900000095367432,3650
2013-05-09,5.300000190734863,5.300000190734863,5.5,4.5,5.0,1350
2013-05-10,5.5,5.5,5.5,5.199999809265137,5.400000095367432,550
2013-05-13,5.5,5.5,5.5,5.099999904632568,5.099999904632568,550
2013-05-14,6.0,6.0,6.0,5.300000190734863,5.300000190734863,250
2013-05-15,4.900000095367432,4.900000095367432,5.5,4.900000095367432,5.5,5400
2013-05-16,5.0,5.0,6.0,5.0,5.5,1050
2013-05-17,5.0,5.0,5.0,5.0,5.0,0
2013-05-20,5.599999904632568,5.599999904632568,5.599999904632568,4.5,5.0,3350
2013-05-21,5.599999904632568,5.599999904632568,5.599999904632568,5.599999904632568,5.599999904632568,1200
2013-05-22,5.5,5.5,5.5,5.5,5.5,50
2013-05-23,5.599999904632568,5.599999904632568,5.599999904632568,4.5,5.0,450
2013-05-24,5.199999809265137,5.199999809265137,5.199999809265137,4.5,4.5,300
2013-05-28,5.199999809265137,5.199999809265137,5.199999809265137,5.199999809265137,5.199999809265137,0
2013-05-29,5.0,5.0,5.0,5.0,5.0,1450
2013-05-30,5.0,5.0,5.0,5.0,5.0,0
2013-05-31,4.0,4.0,4.0,3.0,3.0,800
2013-06-03,4.0,4.0,4.0,4.0,4.0,2200
2013-06-04,5.0,5.0,5.0,5.0,5.0,50
2013-06-05,4.5,4.5,4.5,3.0,3.0,130
2013-06-06,4.5,4.5,4.5,4.5,4.5,0
2013-06-07,4.5,4.5,4.5,4.5,4.5,0
2013-06-10,4.5,4.5,4.5,4.5,4.5,0
2013-06-11,4.0,4.0,4.0,3.0,3.0,180
2013-06-12,4.900000095367432,4.900000095367432,4.900000095367432,4.900000095367432,4.900000095367432,30
2013-06-13,4.900000095367432,4.900000095367432,4.900000095367432,4.900000095367432,4.900000095367432,0
2013-06-14,4.800000190734863,4.800000190734863,4.800000190734863,4.800000190734863,4.800000190734863,400
2013-06-17,4.800000190734863,4.800000190734863,4.800000190734863,4.800000190734863,4.800000190734863,0
2013-06-18,4.849999904632568,4.849999904632568,4.849999904632568,4.849999904632568,4.849999904632568,200
2013-06-19,4.900000095367432,4.900000095367432,4.900000095367432,4.900000095367432,4.900000095367432,250
2013-06-20,4.900000095367432,4.900000095367432,4.900000095367432,4.900000095367432,4.900000095367432,0
2013-06-21,4.599999904632568,4.599999904632568,4.699999809265137,3.200000047683716,4.699999809265137,450
2013-06-24,4.699999809265137,4.699999809265137,4.699999809265137,3.0,3.5,780
2013-06-25,4.5,4.5,4.5,3.200000047683716,3.200000047683716,250
2013-06-26,4.5,4.5,4.5,4.5,4.5,0
2013-06-27,4.5,4.5,4.599999904632568,3.140000104904175,4.599999904632568,220
2013-06-28,4.5,4.5,4.5,4.5,4.5,0
2013-07-01,4.5,4.5,4.5,4.5,4.5,0
2013-07-02,4.5,4.5,4.5,4.5,4.5,0
2013-07-03,3.799999952316284,3.799999952316284,3.799999952316284,2.5,2.5,300
2013-07-05,4.449999809265137,4.449999809265137,4.449999809265137,4.0,4.300000190734863,300
2013-07-08,4.25,4.25,4.25,4.25,4.25,50
2013-07-09,4.25,4.25,4.25,4.25,4.25,980
2013-07-10,2.5,2.5,2.5,2.5,2.5,1000
2013-07-11,3.700000047683716,3.700000047683716,3.799999952316284,2.299999952316284,3.799999952316284,750
2013-07-12,3.5999999046325684,3.5999999046325684,3.5999999046325684,2.5,3.5999999046325684,2090
2013-07-15,3.950000047683716,3.950000047683716,4.0,2.619999885559082,2.6500000953674316,4330
2013-07-16,2.9000000953674316,2.9000000953674316,3.0,2.5999999046325684,3.0,960
2013-07-17,3.8299999237060547,3.8299999237060547,3.8299999237060547,2.8499999046325684,2.8499999046325684,300
2013-07-18,3.8299999237060547,3.8299999237060547,3.8299999237060547,3.8299999237060547,3.8299999237060547,0
2013-07-19,3.5,3.5,3.799999952316284,3.0,3.299999952316284,3140
2013-07-22,3.5999999046325684,3.5999999046325684,3.5999999046325684,3.5999999046325684,3.5999999046325684,500
2013-07-23,4.400000095367432,4.400000095367432,4.400000095367432,4.400000095367432,4.400000095367432,250
2013-07-24,3.0,3.0,3.700000047683716,3.0,3.200000047683716,2060
2013-07-25,3.700000047683716,3.700000047683716,3.700000047683716,2.9000000953674316,3.200000047683716,1260
2013-07-26,3.5999999046325684,3.5999999046325684,3.700000047683716,3.25,3.25,2200
2013-07-29,3.700000047683716,3.700000047683716,3.700000047683716,3.5,3.5,710
2013-07-30,4.0,4.0,4.0,3.4000000953674316,3.4000000953674316,750
2013-07-31,4.5,4.5,4.5,3.5,4.199999809265137,3200
2013-08-01,4.900000095367432,4.900000095367432,4.900000095367432,4.5,4.5,500
2013-08-02,5.0,5.0,5.0,4.900000095367432,4.900000095367432,510
2013-08-05,5.800000190734863,5.800000190734863,5.800000190734863,5.0,5.0,420
2013-08-06,6.0,6.0,6.0,4.0,4.0,4250
2013-08-07,6.0,6.0,6.0,5.599999904632568,5.599999904632568,910
2013-08-08,5.900000095367432,5.900000095367432,5.900000095367432,5.199999809265137,5.199999809265137,600
2013-08-09,5.5,5.5,5.900000095367432,5.260000228881836,5.800000190734863,510
2013-08-12,5.900000095367432,5.900000095367432,5.900000095367432,5.900000095367432,5.900000095367432,100
2013-08-13,6.5,6.5,7.190000057220459,5.5,5.5,7750
2013-08-14,5.599999904632568,5.599999904632568,7.099999904632568,5.599999904632568,7.099999904632568,350
2013-08-15,6.5,6.5,7.0,6.0,7.0,1000
2013-08-16,6.400000095367432,6.400000095367432,6.699999809265137,5.599999904632568,6.099999904632568,4400
2013-08-19,7.099999904632568,7.099999904632568,7.099999904632568,6.0,6.0,550
2013-08-20,6.5,6.5,6.5,5.800000190734863,5.800000190734863,550
2013-08-21,6.5,6.5,6.5,5.5,5.5,4600
2013-08-22,6.900000095367432,6.900000095367432,6.900000095367432,6.900000095367432,6.900000095367432,50
2013-08-23,6.900000095367432,6.900000095367432,6.900000095367432,6.699999809265137,6.699999809265137,650
2013-08-26,7.099999904632568,7.099999904632568,7.099999904632568,7.099999904632568,7.099999904632568,50
2013-08-27,7.099999904632568,7.099999904632568,7.099999904632568,7.099999904632568,7.099999904632568,100
2013-08-28,5.800000190734863,5.800000190734863,7.0,5.800000190734863,6.5,310
2013-08-29,7.0,7.0,7.0,6.099999904632568,6.099999904632568,450
2013-08-30,6.0,6.0,6.099999904632568,4.400000095367432,6.099999904632568,6870
2013-09-03,6.5,6.5,6.5,5.800000190734863,6.0,550
2013-09-04,6.5,6.5,6.5,6.0,6.0,600
2013-09-05,6.800000190734863,6.800000190734863,6.800000190734863,6.0,6.5,1400
2013-09-06,7.0,7.0,7.0,6.099999904632568,6.800000190734863,1320
2013-09-09,7.0,7.0,7.0,7.0,7.0,100
2013-09-10,6.599999904632568,6.599999904632568,7.0,5.900000095367432,7.0,300
2013-09-11,6.599999904632568,6.599999904632568,6.599999904632568,5.800000190734863,6.599999904632568,750
2013-09-12,6.5,6.5,6.900000095367432,6.0,6.599999904632568,1400
2013-09-13,6.5,6.5,6.5,6.5,6.5,60
2013-09-16,6.5,6.5,6.5,6.5,6.5,40
2013-09-17,6.5,6.5,6.5,6.099999904632568,6.5,750
2013-09-18,6.5,6.5,6.5,6.0,6.5,1980
2013-09-19,6.900000095367432,6.900000095367432,6.900000095367432,6.5,6.5,2280
2013-09-20,7.0,7.0,7.0,6.800000190734863,7.0,3300
2013-09-23,7.0,7.0,8.0,6.900000095367432,6.900000095367432,6250
2013-09-24,7.5,7.5,7.599999904632568,6.900000095367432,6.900000095367432,10610
2013-09-25,7.099999904632568,7.099999904632568,7.199999809265137,7.099999904632568,7.199999809265137,700
2013-09-26,6.900000095367432,6.900000095367432,7.199999809265137,6.900000095367432,7.199999809265137,700
2013-09-27,7.0,7.0,7.0,6.900000095367432,6.900000095367432,1150
2013-09-30,6.300000190734863,6.300000190734863,6.400000095367432,6.0,6.0,2460
2013-10-01,6.5,6.5,6.5,6.300000190734863,6.300000190734863,430
2013-10-02,7.0,7.0,7.0,6.0,6.0,780
2013-10-03,6.400000095367432,6.400000095367432,6.5,6.099999904632568,6.099999904632568,3000
2013-10-04,7.0,7.0,7.0,6.489999771118164,6.489999771118164,1750
2013-10-07,7.199999809265137,7.199999809265137,7.5,6.400000095367432,7.400000095367432,13260
2013-10-08,7.0,7.0,7.199999809265137,7.0,7.0,2100
2013-10-09,7.0,7.0,7.099999904632568,7.0,7.099999904632568,550
2013-10-10,7.300000190734863,7.300000190734863,7.300000190734863,6.800000190734863,6.800000190734863,2280
2013-10-11,7.5,7.5,7.5,7.099999904632568,7.099999904632568,990
2013-10-14,7.5,7.5,7.5,7.5,7.5,100
2013-10-15,7.699999809265137,7.699999809265137,7.699999809265137,7.5,7.5,1950
2013-10-16,7.699999809265137,7.699999809265137,7.699999809265137,7.599999904632568,7.599999904632568,260
2013-10-17,7.5,7.5,7.800000190734863,7.400000095367432,7.699999809265137,1560
2013-10-18,7.5,7.5,7.599999904632568,7.0,7.0,4800
2013-10-21,7.599999904632568,7.599999904632568,7.599999904632568,7.5,7.5,1850
2013-10-22,7.5,7.5,7.599999904632568,7.300000190734863,7.599999904632568,2860
2013-10-23,7.5,7.5,7.5,7.5,7.5,280
2013-10-24,7.599999904632568,7.599999904632568,7.599999904632568,7.5,7.5,1260
2013-10-25,7.699999809265137,7.699999809265137,7.800000190734863,7.599999904632568,7.599999904632568,1600
2013-10-28,8.5,8.5,8.5,7.5,7.5,1850
2013-10-29,8.399999618530273,8.399999618530273,8.5,8.399999618530273,8.5,440
2013-10-30,8.5,8.5,8.5,8.399999618530273,8.5,5650
2013-10-31,8.399999618530273,8.399999618530273,8.5,8.399999618530273,8.5,5500
2013-11-01,8.199999809265137,8.199999809265137,8.399999618530273,8.0,8.399999618530273,4150
2013-11-04,8.199999809265137,8.199999809265137,8.300000190734863,7.78000020980835,8.300000190734863,2100
2013-11-05,8.0,8.0,8.199999809265137,7.599999904632568,8.199999809265137,2480
2013-11-06,7.659999847412109,7.659999847412109,8.199999809265137,7.659999847412109,8.0,3500
2013-11-07,7.5,7.5,7.659999847412109,7.5,7.659999847412109,6100
2013-11-08,7.900000095367432,7.900000095367432,7.900000095367432,7.5,7.5,3350
2013-11-11,7.699999809265137,7.699999809265137,8.0,7.199999809265137,7.199999809265137,2380
2013-11-12,8.300000190734863,8.300000190734863,8.300000190734863,7.900000095367432,8.300000190734863,2790
2013-11-13,8.600000381469727,8.600000381469727,8.699999809265137,8.0,8.199999809265137,9120
2013-11-14,9.0,9.0,9.0,8.600000381469727,8.699999809265137,5590
2013-11-15,9.800000190734863,9.800000190734863,9.800000190734863,9.0,9.0,8430
2013-11-18,10.5,10.5,10.5,9.800000190734863,10.0,8930
2013-11-19,11.0,11.0,11.0,10.300000190734863,10.300000190734863,9960
2013-11-20,11.699999809265137,11.699999809265137,11.699999809265137,10.699999809265137,10.800000190734863,3350
2013-11-21,11.5,11.5,11.800000190734863,11.300000190734863,11.699999809265137,4180
2013-11-22,12.399999618530273,12.399999618530273,12.399999618530273,11.300000190734863,11.5,8020
2013-11-25,11.899999618530273,11.899999618530273,12.300000190734863,11.800000190734863,12.300000190734863,5460
2013-11-26,12.899999618530273,12.899999618530273,15.0,11.399999618530273,11.899999618530273,9890
2013-11-27,12.899999618530273,12.899999618530273,13.0,12.5,13.0,7580
2013-11-29,12.800000190734863,12.800000190734863,13.100000381469727,12.0,12.399999618530273,10090
2013-12-02,13.399999618530273,13.399999618530273,13.5,12.5,12.800000190734863,7090
2013-12-03,13.0,13.0,13.0,12.600000381469727,12.699999809265137,6050
2013-12-04,13.100000381469727,13.100000381469727,13.399999618530273,12.600000381469727,13.199999809265137,1650
2013-12-05,13.399999618530273,13.399999618530273,13.5,12.800000190734863,13.5,4290
2013-12-06,13.100000381469727,13.100000381469727,13.300000190734863,12.899999618530273,13.0,1470
2013-12-09,12.899999618530273,12.899999618530273,13.0,12.300000190734863,12.300000190734863,2190
2013-12-10,12.399999618530273,12.399999618530273,13.0,11.899999618530273,13.0,3940
2013-12-11,11.899999618530273,11.899999618530273,12.399999618530273,11.5,12.399999618530273,10210
2013-12-12,12.0,12.0,12.0,11.800000190734863,12.0,2370
2013-12-13,12.0,12.0,12.0,12.0,12.0,0
2013-12-16,12.0,12.0,12.0,12.0,12.0,0
2013-12-17,12.0,12.0,12.199999809265137,12.0,12.199999809265137,450
2013-12-18,11.5,11.5,12.0,11.5,11.800000190734863,2970
2013-12-19,11.399999618530273,11.399999618530273,11.399999618530273,10.0,11.100000381469727,4450
2013-12-20,11.199999809265137,11.199999809265137,11.199999809265137,10.899999618530273,11.0,1990
2013-12-23,12.899999618530273,12.899999618530273,12.899999618530273,11.199999809265137,11.199999809265137,1010
2013-12-24,12.899999618530273,12.899999618530273,12.899999618530273,11.800000190734863,12.0,900
2013-12-26,12.899999618530273,12.899999618530273,12.899999618530273,12.899999618530273,12.899999618530273,0
2013-12-27,12.899999618530273,12.899999618530273,12.899999618530273,12.5,12.5,300
2013-12-30,12.5,12.5,12.5,11.5,11.5,360
2013-12-31,12.199999809265137,12.199999809265137,12.199999809265137,10.300000190734863,10.800000190734863,520
2014-01-02,12.899999618530273,12.899999618530273,12.899999618530273,12.0,12.199999809265137,270
2014-01-03,12.699999809265137,12.699999809265137,12.699999809265137,12.300000190734863,12.300000190734863,520
2014-01-06,12.899999618530273,12.899999618530273,12.899999618530273,12.199999809265137,12.5,2980
2014-01-07,12.5,12.5,12.899999618530273,12.199999809265137,12.899999618530273,960
2014-01-08,12.5,12.5,12.899999618530273,12.0,12.199999809265137,2280
2014-01-09,12.699999809265137,12.699999809265137,12.800000190734863,12.199999809265137,12.800000190734863,1170
2014-01-10,12.600000381469727,12.600000381469727,12.699999809265137,12.199999809265137,12.5,1300
2014-01-13,12.5,12.5,12.5,12.199999809265137,12.5,690
2014-01-14,12.899999618530273,12.899999618530273,12.899999618530273,11.899999618530273,12.300000190734863,580
2014-01-15,13.0,13.0,13.0,12.800000190734863,13.0,500
2014-01-16,12.899999618530273,12.899999618530273,13.0,12.399999618530273,13.0,10460
2014-01-17,13.300000190734863,13.300000190734863,13.5,12.0,12.899999618530273,19200
2014-01-21,12.899999618530273,12.899999618530273,13.0,12.5,12.5,4710
2014-01-22,12.899999618530273,12.899999618530273,13.0,12.100000381469727,12.300000190734863,5780
2014-01-23,12.5,12.5,12.699999809265137,12.399999618530273,12.399999618530273,670
2014-01-24,12.5,12.5,12.5,12.199999809265137,12.5,130
2014-01-27,12.5,12.5,12.5,12.0,12.5,1430
2014-01-28,12.399999618530273,12.399999618530273,12.5,11.5,12.5,1670
2014-01-29,12.100000381469727,12.100000381469727,12.100000381469727,11.100000381469727,11.899999618530273,710
2014-01-30,12.0,12.0,12.0,12.0,12.0,100
2014-01-31,11.899999618530273,11.899999618530273,11.899999618530273,11.100000381469727,11.800000190734863,6850
2014-02-03,11.899999618530273,11.899999618530273,11.899999618530273,11.899999618530273,11.899999618530273,50
2014-02-04,11.699999809265137,11.699999809265137,11.800000190734863,11.199999809265137,11.199999809265137,620
2014-02-05,11.800000190734863,11.800000190734863,11.800000190734863,11.5,11.5,480
2014-02-06,11.800000190734863,11.800000190734863,11.800000190734863,11.199999809265137,11.800000190734863,6280
2014-02-07,12.0,12.0,12.0,11.399999618530273,11.899999618530273,5390
2014-02-10,11.5,11.5,11.800000190734863,8.25,11.800000190734863,4100
2014-02-11,11.5,11.5,11.800000190734863,11.0,11.699999809265137,1050
2014-02-12,11.5,11.5,11.5,11.399999618530273,11.5,550
2014-02-13,11.699999809265137,11.699999809265137,12.0,10.800000190734863,11.300000190734863,590
2014-02-14,11.600000381469727,11.600000381469727,11.600000381469727,11.5,11.5,1700
2014-02-18,11.600000381469727,11.600000381469727,11.600000381469727,10.800000190734863,11.5,1960
2014-02-19,11.5,11.5,11.5,10.899999618530273,11.300000190734863,5500
2014-02-20,11.300000190734863,11.300000190734863,11.300000190734863,10.5,10.899999618530273,910
2014-02-21,11.300000190734863,11.300000190734863,11.300000190734863,10.5,10.5,740
2014-02-24,11.399999618530273,11.399999618530273,11.399999618530273,7.5,8.5,10320
2014-02-25,11.399999618530273,11.399999618530273,11.399999618530273,10.300000190734863,11.399999618530273,130
2014-02-26,11.399999618530273,11.399999618530273,11.399999618530273,10.300000190734863,10.300000190734863,1390
2014-02-27,11.5,11.5,11.5,10.699999809265137,11.199999809265137,820
2014-02-28,11.5,11.5,11.600000381469727,10.800000190734863,11.100000381469727,2100
2014-03-03,11.5,11.5,11.5,10.699999809265137,11.0,1010
2014-03-04,11.5,11.5,11.5,11.5,11.5,0
2014-03-05,11.5,11.5,11.5,10.800000190734863,10.800000190734863,600
2014-03-06,11.0,11.0,11.0,11.0,11.0,50
2014-03-07,10.899999618530273,10.899999618530273,10.899999618530273,10.699999809265137,10.699999809265137,240
2014-03-10,10.899999618530273,10.899999618530273,10.899999618530273,10.899999618530273,10.899999618530273,0
2014-03-11,10.800000190734863,10.800000190734863,10.800000190734863,10.5,10.5,880
2014-03-12,10.699999809265137,10.699999809265137,10.699999809265137,10.199999809265137,10.5,750
2014-03-13,13.5,13.5,13.5,10.699999809265137,10.699999809265137,1470
2014-03-14,12.899999618530273,12.899999618530273,12.899999618530273,11.399999618530273,11.5,6200
2014-03-17,12.699999809265137,12.699999809265137,12.699999809265137,11.5,11.5,5040
2014-03-18,12.699999809265137,12.699999809265137,12.899999618530273,12.5,12.899999618530273,700
2014-03-19,12.399999618530273,12.399999618530273,12.399999618530273,12.300000190734863,12.300000190734863,680
2014-03-20,12.399999618530273,12.399999618530273,12.399999618530273,11.899999618530273,11.899999618530273,1840
2014-03-21,12.100000381469727,12.100000381469727,12.100000381469727,11.0,11.100000381469727,2680
2014-03-24,12.100000381469727,12.100000381469727,12.100000381469727,12.100000381469727,12.100000381469727,0
2014-03-25,12.5,12.5,12.5,12.0,12.0,360
2014-03-26,12.0,12.0,12.199999809265137,11.5,12.199999809265137,180
2014-03-27,12.100000381469727,12.100000381469727,12.100000381469727,11.5,11.5,200
2014-03-28,12.300000190734863,12.300000190734863,12.300000190734863,12.300000190734863,12.300000190734863,50
2014-03-31,12.0,12.0,12.0,11.699999809265137,11.699999809265137,510
2014-04-01,11.899999618530273,11.899999618530273,11.899999618530273,11.800000190734863,11.800000190734863,220
2014-04-02,11.899999618530273,11.899999618530273,12.0,11.899999618530273,11.899999618530273,170
2014-04-03,11.699999809265137,11.699999809265137,11.699999809265137,11.600000381469727,11.600000381469727,350
2014-04-04,11.600000381469727,11.600000381469727,12.0,11.5,11.600000381469727,610
2014-04-07,11.899999618530273,11.899999618530273,11.899999618530273,11.5,11.600000381469727,580
2014-04-08,11.699999809265137,11.699999809265137,12.0,11.199999809265137,12.0,340
2014-04-09,11.399999618530273,11.399999618530273,12.0,10.5,12.0,1040
2014-04-10,11.5,11.5,12.0,10.399999618530273,11.399999618530273,1140
2014-04-11,11.199999809265137,11.199999809265137,12.0,10.600000381469727,12.0,500
2014-04-14,11.0,11.0,11.5,10.600000381469727,10.600000381469727,680
2014-04-15,11.5,11.5,11.5,10.5,10.5,750
2014-04-16,11.300000190734863,11.300000190734863,11.399999618530273,10.800000190734863,10.800000190734863,480
2014-04-17,11.300000190734863,11.300000190734863,11.300000190734863,10.600000381469727,10.600000381469727,590
2014-04-21,11.0,11.0,11.0,10.100000381469727,10.100000381469727,640
2014-04-22,11.300000190734863,11.300000190734863,11.300000190734863,10.300000190734863,11.0,1130
2014-04-23,10.899999618530273,10.899999618530273,11.699999809265137,10.399999618530273,11.300000190734863,770
2014-04-24,11.199999809265137,11.199999809265137,11.199999809265137,10.899999618530273,10.899999618530273,1040
2014-04-25,11.899999618530273,11.899999618530273,11.899999618530273,11.0,11.0,1640
2014-04-28,12.199999809265137,12.199999809265137,12.199999809265137,10.5,11.699999809265137,3330
2014-04-29,12.5,12.5,12.5,11.199999809265137,12.0,2600
2014-04-30,12.0,12.0,12.5,10.600000381469727,12.5,1910
2014-05-01,12.5,12.5,12.5,11.199999809265137,11.199999809265137,2130
2014-05-02,11.399999618530273,11.399999618530273,11.899999618530273,11.399999618530273,11.600000381469727,1980
2014-05-05,11.899999618530273,11.899999618530273,11.899999618530273,11.600000381469727,11.600000381469727,870
2014-05-06,11.600000381469727,11.600000381469727,11.899999618530273,11.600000381469727,11.699999809265137,700
2014-05-07,11.5,11.5,11.699999809265137,10.399999618530273,11.600000381469727,1130
2014-05-08,11.0,11.0,12.300000190734863,11.0,11.0,760
2014-05-09,11.600000381469727,11.600000381469727,11.899999618530273,11.199999809265137,11.5,880
2014-05-12,11.199999809265137,11.199999809265137,11.5,10.899999618530273,11.399999618530273,2010
2014-05-13,10.899999618530273,10.899999618530273,11.199999809265137,10.100000381469727,11.199999809265137,2220
2014-05-14,10.399999618530273,10.399999618530273,11.0,10.399999618530273,10.699999809265137,1610
2014-05-15,10.600000381469727,10.600000381469727,10.600000381469727,10.0,10.399999618530273,1820
2014-05-16,11.199999809265137,11.199999809265137,11.199999809265137,10.199999809265137,10.600000381469727,1860
2014-05-19,11.399999618530273,11.399999618530273,11.399999618530273,10.899999618530273,10.899999618530273,990
2014-05-20,11.300000190734863,11.300000190734863,11.600000381469727,11.0,11.600000381469727,800
2014-05-21,10.899999618530273,10.899999618530273,11.100000381469727,10.5,10.600000381469727,840
2014-05-22,11.5,11.5,12.5,10.399999618530273,12.5,1140
2014-05-23,10.899999618530273,10.899999618530273,11.600000381469727,10.100000381469727,10.5,1180
2014-05-27,11.5,11.5,12.899999618530273,10.899999618530273,11.5,3410
2014-05-28,10.699999809265137,10.699999809265137,11.0,10.0,11.0,1410
2014-05-29,11.199999809265137,11.199999809265137,11.199999809265137,10.800000190734863,10.899999618530273,2000
2014-05-30,11.100000381469727,11.100000381469727,11.199999809265137,10.699999809265137,11.100000381469727,2470
2014-06-02,10.800000190734863,10.800000190734863,10.800000190734863,10.199999809265137,10.300000190734863,600
2014-06-03,10.699999809265137,10.699999809265137,10.800000190734863,10.300000190734863,10.800000190734863,1210
2014-06-04,11.0,11.0,11.0,10.899999618530273,10.899999618530273,90
2014-06-05,11.0,11.0,11.0,10.899999618530273,10.899999618530273,200
2014-06-06,10.699999809265137,10.699999809265137,10.800000190734863,9.5,10.300000190734863,640
2014-06-09,10.800000190734863,10.800000190734863,11.0,10.0,11.0,1260
2014-06-10,10.800000190734863,10.800000190734863,10.800000190734863,9.600000381469727,10.600000381469727,1430
2014-06-11,10.5,10.5,10.5,9.899999618530273,10.0,910
2014-06-12,11.5,11.5,11.5,10.199999809265137,10.399999618530273,1530
2014-06-13,11.800000190734863,11.800000190734863,11.800000190734863,10.5,11.5,880
2014-06-16,11.800000190734863,11.800000190734863,11.800000190734863,10.5,11.0,920
2014-06-17,11.800000190734863,11.800000190734863,11.800000190734863,10.5,11.600000381469727,2010
2014-06-18,11.300000190734863,11.300000190734863,11.600000381469727,10.300000190734863,11.600000381469727,1710
2014-06-19,10.399999618530273,10.399999618530273,10.800000190734863,10.0,10.199999809265137,2830
2014-06-20,10.800000190734863,10.800000190734863,10.899999618530273,10.100000381469727,10.600000381469727,440
2014-06-23,10.800000190734863,10.800000190734863,11.0,10.399999618530273,10.800000190734863,4740
2014-06-24,10.5,10.5,11.399999618530273,10.100000381469727,10.800000190734863,10690
2014-06-25,10.100000381469727,10.100000381469727,10.100000381469727,10.0,10.100000381469727,530
2014-06-26,9.1899995803833,9.1899995803833,10.399999618530273,8.899999618530273,10.100000381469727,10290
2014-06-27,9.399999618530273,9.399999618530273,11.5,9.300000190734863,9.300000190734863,2240
2014-06-30,11.0,11.0,11.0,9.399999618530273,9.399999618530273,3350
2014-07-01,11.100000381469727,11.100000381469727,11.699999809265137,11.0,11.0,2630
2014-07-02,10.800000190734863,10.800000190734863,11.100000381469727,10.800000190734863,11.100000381469727,3010
2014-07-03,11.300000190734863,11.300000190734863,11.699999809265137,10.5,10.699999809265137,550
2014-07-07,11.199999809265137,11.199999809265137,11.800000190734863,11.0,11.5,2350
2014-07-08,11.600000381469727,11.600000381469727,11.600000381469727,10.899999618530273,11.0,2760
2014-07-09,11.0,11.0,11.600000381469727,10.899999618530273,11.600000381469727,1110
2014-07-10,10.5,10.5,11.0,10.5,10.899999618530273,1130
2014-07-11,11.0,11.0,11.600000381469727,11.0,11.0,50
2014-07-14,11.600000381469727,11.600000381469727,11.600000381469727,10.600000381469727,11.0,220
2014-07-15,11.699999809265137,11.699999809265137,11.699999809265137,11.5,11.699999809265137,800
2014-07-16,11.699999809265137,11.699999809265137,11.699999809265137,11.699999809265137,11.699999809265137,0
2014-07-17,9.100000381469727,9.100000381469727,11.399999618530273,9.0,11.399999618530273,6930
2014-07-18,10.0,10.0,10.0,9.100000381469727,9.100000381469727,4840
2014-07-21,9.899999618530273,9.899999618530273,10.0,8.800000190734863,10.0,3240
2014-07-22,9.800000190734863,9.800000190734863,10.0,9.300000190734863,9.989999771118164,120
2014-07-23,10.300000190734863,10.300000190734863,10.5,9.899999618530273,10.5,160
2014-07-24,10.199999809265137,10.199999809265137,10.199999809265137,10.199999809265137,10.199999809265137,140
2014-07-25,10.5,10.5,10.5,10.5,10.5,10
2014-07-28,10.5,10.5,10.5,10.399999618530273,10.399999618530273,1020
2014-07-29,10.100000381469727,10.100000381469727,10.699999809265137,10.100000381469727,10.5,380
2014-07-30,10.699999809265137,10.699999809265137,10.699999809265137,10.699999809265137,10.699999809265137,40
2014-07-31,10.699999809265137,10.699999809265137,10.699999809265137,10.699999809265137,10.699999809265137,10
2014-08-01,10.5,10.5,10.5,10.5,10.5,50
2014-08-04,10.5,10.5,10.5,10.5,10.5,50
2014-08-05,9.600000381469727,9.600000381469727,9.649999618530273,9.600000381469727,9.649999618530273,400
2014-08-06,8.899999618530273,8.899999618530273,9.0,8.899999618530273,9.0,540
2014-08-07,8.899999618530273,8.899999618530273,8.899999618530273,8.899999618530273,8.899999618530273,600
2014-08-08,9.0,9.0,9.0,8.899999618530273,8.899999618530273,200
2014-08-11,9.0,9.0,9.0,9.0,9.0,610
2014-08-12,9.0,9.0,9.0,8.989999771118164,9.0,730
2014-08-13,10.699999809265137,10.699999809265137,10.699999809265137,9.0,9.0,700
2014-08-14,10.399999618530273,10.399999618530273,10.600000381469727,10.399999618530273,10.399999618530273,80
2014-08-15,10.399999618530273,10.399999618530273,10.399999618530273,10.300000190734863,10.300000190734863,210
2014-08-18,10.5,10.5,10.600000381469727,10.399999618530273,10.399999618530273,730
2014-08-19,10.5,10.5,10.5,10.5,10.5,40
2014-08-20,10.300000190734863,10.300000190734863,10.300000190734863,10.300000190734863,10.300000190734863,160
2014-08-21,10.300000190734863,10.300000190734863,10.300000190734863,10.300000190734863,10.300000190734863,10
2014-08-22,10.300000190734863,10.300000190734863,10.300000190734863,9.109999656677246,10.0,220
2014-08-25,9.899999618530273,9.899999618530273,10.0,7.800000190734863,10.0,620
2014-08-26,9.899999618530273,9.899999618530273,9.899999618530273,9.300000190734863,9.300000190734863,310
2014-08-27,9.890000343322754,9.890000343322754,9.890000343322754,9.800000190734863,9.800000190734863,650
2014-08-28,10.0,10.0,10.300000190734863,10.0,10.100000381469727,820
2014-08-29,9.949999809265137,9.949999809265137,9.949999809265137,9.5,9.949999809265137,120
2014-09-02,10.0,10.0,10.399999618530273,9.949999809265137,9.949999809265137,540
2014-09-03,9.899999618530273,9.899999618530273,9.899999618530273,9.800000190734863,9.800000190734863,360
2014-09-04,9.800000190734863,9.800000190734863,9.800000190734863,9.5,9.800000190734863,410
2014-09-05,9.800000190734863,9.800000190734863,9.800000190734863,9.800000190734863,9.800000190734863,140
2014-09-08,9.800000190734863,9.800000190734863,9.800000190734863,9.5,9.800000190734863,170
2014-09-09,9.800000190734863,9.800000190734863,9.800000190734863,9.800000190734863,9.800000190734863,150
2014-09-10,9.800000190734863,9.800000190734863,9.800000190734863,9.5,9.5,230
2014-09-11,9.800000190734863,9.800000190734863,9.800000190734863,9.699999809265137,9.800000190734863,200
2014-09-12,9.0,9.0,9.800000190734863,8.5,9.800000190734863,9690
2014-09-15,9.800000190734863,9.800000190734863,9.800000190734863,8.789999961853027,9.199999809265137,440
2014-09-16,9.800000190734863,9.800000190734863,9.800000190734863,9.800000190734863,9.800000190734863,50
2014-09-17,9.75,9.75,9.75,8.199999809265137,8.199999809265137,50
2014-09-18,9.800000190734863,9.800000190734863,9.800000190734863,9.800000190734863,9.800000190734863,50
2014-09-19,9.800000190734863,9.800000190734863,9.800000190734863,8.600000381469727,9.75,5130
2014-09-22,9.699999809265137,9.699999809265137,9.899999618530273,9.0,9.800000190734863,2280
2014-09-23,9.0,9.0,9.800000190734863,9.0,9.800000190734863,2890
2014-09-24,9.199999809265137,9.199999809265137,9.800000190734863,9.0,9.800000190734863,2700
2014-09-25,9.300000190734863,9.300000190734863,9.300000190734863,9.100000381469727,9.100000381469727,1360
2014-09-26,9.25,9.25,9.300000190734863,9.0,9.300000190734863,2360
2014-09-29,9.199999809265137,9.199999809265137,9.800000190734863,8.850000381469727,9.300000190734863,2930
2014-09-30,10.899999618530273,10.899999618530273,11.0,7.800000190734863,8.100000381469727,8360
2014-10-01,11.0,11.0,11.0,11.0,11.0,100
2014-10-02,10.699999809265137,10.699999809265137,10.800000190734863,10.0,10.300000190734863,5400
2014-10-03,10.5,10.5,10.899999618530273,8.289999961853027,10.899999618530273,240
2014-10-06,10.399999618530273,10.399999618530273,10.5,9.100000381469727,10.5,140
2014-10-07,9.699999809265137,9.699999809265137,9.699999809265137,9.699999809265137,9.699999809265137,40
2014-10-08,10.0,10.0,10.0,9.300000190734863,9.5,1760
2014-10-09,10.0,10.0,10.0,10.0,10.0,0
2014-10-10,10.699999809265137,10.699999809265137,10.699999809265137,9.5,9.5,1660
2014-10-13,9.199999809265137,9.199999809265137,10.699999809265137,9.0,10.5,3040
2014-10-14,9.600000381469727,9.600000381469727,9.699999809265137,8.600000381469727,9.199999809265137,730
2014-10-15,9.199999809265137,9.199999809265137,9.199999809265137,9.199999809265137,9.199999809265137,80
2014-10-16,9.5,9.5,9.5,9.5,9.5,30
2014-10-17,9.600000381469727,9.600000381469727,9.600000381469727,9.600000381469727,9.600000381469727,30
2014-10-20,9.199999809265137,9.199999809265137,9.199999809265137,7.699999809265137,7.699999809265137,290
2014-10-21,9.399999618530273,9.399999618530273,9.600000381469727,8.399999618530273,9.600000381469727,720
2014-10-22,9.600000381469727,9.600000381469727,9.600000381469727,9.399999618530273,9.399999618530273,200
2014-10-23,9.600000381469727,9.600000381469727,9.600000381469727,9.600000381469727,9.600000381469727,40
2014-10-24,9.600000381469727,9.600000381469727,9.600000381469727,9.5,9.5,870
2014-10-27,9.600000381469727,9.600000381469727,9.600000381469727,9.5,9.5,680
2014-10-28,9.600000381469727,9.600000381469727,9.600000381469727,9.600000381469727,9.600000381469727,0
2014-10-29,9.199999809265137,9.199999809265137,9.399999618530273,9.199999809265137,9.399999618530273,810
2014-10-30,9.5,9.5,9.5,9.199999809265137,9.199999809265137,350
2014-10-31,9.399999618530273,9.399999618530273,9.399999618530273,8.550000190734863,8.550000190734863,1010
2014-11-03,9.399999618530273,9.399999618530273,9.399999618530273,9.0,9.0,130
2014-11-04,9.399999618530273,9.399999618530273,9.399999618530273,9.399999618530273,9.399999618530273,450
2014-11-05,8.899999618530273,8.899999618530273,9.399999618530273,8.550000190734863,9.0,730
2014-11-06,8.699999809265137,8.699999809265137,9.300000190734863,8.199999809265137,9.300000190734863,400
2014-11-07,9.0,9.0,9.199999809265137,8.0,9.199999809265137,1630
2014-11-10,9.399999618530273,9.399999618530273,9.399999618530273,8.5,8.5,520
2014-11-11,9.600000381469727,9.600000381469727,9.600000381469727,9.399999618530273,9.399999618530273,250
2014-11-12,9.800000190734863,9.800000190734863,10.300000190734863,9.5,9.5,1700
2014-11-13,9.800000190734863,9.800000190734863,10.300000190734863,9.0,10.300000190734863,1870
2014-11-14,9.800000190734863,9.800000190734863,9.800000190734863,9.800000190734863,9.800000190734863,100
2014-11-17,9.800000190734863,9.800000190734863,9.800000190734863,9.800000190734863,9.800000190734863,0
2014-11-18,10.100000381469727,10.100000381469727,10.100000381469727,9.5,9.5,2490
2014-11-19,10.100000381469727,10.100000381469727,10.100000381469727,10.100000381469727,10.100000381469727,100
2014-11-20,9.5,9.5,10.0,9.5,10.0,250
2014-11-21,9.899999618530273,9.899999618530273,9.899999618530273,9.5,9.5,270
2014-11-24,9.699999809265137,9.699999809265137,9.800000190734863,9.600000381469727,9.699999809265137,1550
2014-11-25,9.300000190734863,9.300000190734863,9.300000190734863,9.300000190734863,9.300000190734863,150
2014-11-26,9.300000190734863,9.300000190734863,9.300000190734863,9.300000190734863,9.300000190734863,0
2014-11-28,9.699999809265137,9.699999809265137,9.699999809265137,9.699999809265137,9.699999809265137,30
2014-12-01,9.699999809265137,9.699999809265137,9.699999809265137,9.699999809265137,9.699999809265137,30
2014-12-02,10.0,10.0,10.0,10.0,10.0,10
2014-12-03,9.300000190734863,9.300000190734863,9.300000190734863,9.300000190734863,9.300000190734863,50
2014-12-04,9.300000190734863,9.300000190734863,9.300000190734863,9.300000190734863,9.300000190734863,0
2014-12-05,9.300000190734863,9.300000190734863,9.300000190734863,9.300000190734863,9.300000190734863,0
2014-12-08,9.5,9.5,10.0,9.100000381469727,9.100000381469727,1030
2014-12-09,10.0,10.0,10.0,9.399999618530273,9.399999618530273,1030
2014-12-10,9.699999809265137,9.699999809265137,9.699999809265137,8.899999618530273,8.899999618530273,700
2014-12-11,9.399999618530273,9.399999618530273,9.399999618530273,9.399999618530273,9.399999618530273,50
2014-12-12,9.899999618530273,9.899999618530273,9.899999618530273,9.899999618530273,9.899999618530273,20
2014-12-15,9.5,9.5,9.5,9.199999809265137,9.199999809265137,1350
2014-12-16,9.5,9.5,9.5,9.5,9.5,0
2014-12-17,9.199999809265137,9.199999809265137,9.25,8.5,8.510000228881836,1230
2014-12-18,8.899999618530273,8.899999618530273,9.199999809265137,8.399999618530273,9.199999809265137,320
2014-12-19,9.100000381469727,9.100000381469727,9.100000381469727,9.09000015258789,9.09000015258789,350
2014-12-22,9.199999809265137,9.199999809265137,9.199999809265137,8.800000190734863,9.199999809265137,330
2014-12-23,9.0,9.0,9.0,8.800000190734863,8.800000190734863,460
2014-12-24,9.0,9.0,9.199999809265137,8.5,9.199999809265137,230
2014-12-26,9.0,9.0,9.0,9.0,9.0,200
2014-12-29,8.800000190734863,8.800000190734863,8.800000190734863,8.5,8.5,1320
2014-12-30,8.800000190734863,8.800000190734863,8.800000190734863,8.800000190734863,8.800000190734863,100
2014-12-31,8.800000190734863,8.800000190734863,8.800000190734863,8.800000190734863,8.800000190734863,100
2015-01-02,9.0,9.0,9.0,8.600000381469727,9.0,440
2015-01-05,8.800000190734863,8.800000190734863,9.25,8.5,9.25,2980
2015-01-06,9.199999809265137,9.199999809265137,9.399999618530273,9.199999809265137,9.399999618530273,130
2015-01-07,9.399999618530273,9.399999618530273,9.399999618530273,9.399999618530273,9.399999618530273,50
2015-01-08,8.699999809265137,8.699999809265137,8.899999618530273,8.5,8.5,400
2015-01-09,9.300000190734863,9.300000190734863,9.300000190734863,8.199999809265137,8.199999809265137,760
2015-01-12,8.800000190734863,8.800000190734863,8.800000190734863,8.399999618530273,8.449999809265137,1630
2015-01-13,8.800000190734863,8.800000190734863,8.899999618530273,8.800000190734863,8.899999618530273,80
2015-01-14,8.600000381469727,8.600000381469727,8.600000381469727,8.600000381469727,8.600000381469727,1300
2015-01-15,8.600000381469727,8.600000381469727,8.600000381469727,8.600000381469727,8.600000381469727,100
2015-01-16,8.760000228881836,8.760000228881836,8.800000190734863,8.0,8.699999809265137,1100
2015-01-20,9.0,9.0,9.0,9.0,9.0,100
2015-01-21,8.899999618530273,8.899999618530273,9.0,8.550000190734863,9.0,2130
2015-01-22,9.0,9.0,9.0,8.600000381469727,8.600000381469727,950
2015-01-23,8.0,8.0,9.100000381469727,8.0,8.800000190734863,1420
2015-01-26,8.800000190734863,8.800000190734863,8.800000190734863,8.800000190734863,8.800000190734863,1320
2015-01-27,8.899999618530273,8.899999618530273,9.0,8.899999618530273,9.0,300
2015-01-28,8.899999618530273,8.899999618530273,8.899999618530273,8.899999618530273,8.899999618530273,0
2015-01-29,8.550000190734863,8.550000190734863,8.949999809265137,8.0,8.199999809265137,1480
2015-01-30,8.100000381469727,8.100000381469727,8.100000381469727,7.699999809265137,8.100000381469727,200
2015-02-02,7.599999904632568,7.599999904632568,8.600000381469727,7.5,8.600000381469727,1100
2015-02-03,8.100000381469727,8.100000381469727,8.300000190734863,7.199999809265137,7.699999809265137,4560
2015-02-04,8.300000190734863,8.300000190734863,8.300000190734863,7.599999904632568,8.0,1370
2015-02-05,8.300000190734863,8.300000190734863,8.300000190734863,8.300000190734863,8.300000190734863,530
2015-02-06,8.300000190734863,8.300000190734863,8.300000190734863,7.800000190734863,8.300000190734863,1010
2015-02-09,8.300000190734863,8.300000190734863,8.300000190734863,8.300000190734863,8.300000190734863,200
2015-02-10,8.300000190734863,8.300000190734863,8.300000190734863,8.199999809265137,8.239999771118164,330
2015-02-11,8.300000190734863,8.300000190734863,8.300000190734863,8.300000190734863,8.300000190734863,200
2015-02-12,8.300000190734863,8.300000190734863,8.300000190734863,8.300000190734863,8.300000190734863,210
2015-02-13,8.300000190734863,8.300000190734863,8.300000190734863,8.300000190734863,8.300000190734863,0
2015-02-17,8.300000190734863,8.300000190734863,8.300000190734863,8.0,8.0,1220
2015-02-18,7.949999809265137,7.949999809265137,8.199999809265137,7.400000095367432,8.0,1220
2015-02-19,8.0,8.0,8.0,7.900000095367432,7.900000095367432,130
2015-02-20,8.0,8.0,8.0,7.900000095367432,8.0,260
2015-02-23,8.0,8.0,8.199999809265137,7.900000095367432,7.900000095367432,630
2015-02-24,7.949999809265137,7.949999809265137,7.949999809265137,7.900000095367432,7.900000095367432,360
2015-02-25,8.0,8.0,8.300000190734863,7.400000095367432,7.949999809265137,1610
2015-02-26,7.900000095367432,7.900000095367432,8.0,7.199999809265137,7.199999809265137,890
2015-02-27,7.599999904632568,7.599999904632568,7.800000190734863,7.400000095367432,7.400000095367432,1110
2015-03-02,6.900000095367432,6.900000095367432,7.099999904632568,6.900000095367432,7.099999904632568,700
2015-03-03,7.5,7.5,7.5,7.5,7.5,20
2015-03-04,6.800000190734863,6.800000190734863,6.800000190734863,6.210000038146973,6.210000038146973,540
2015-03-05,6.900000095367432,6.900000095367432,7.400000095367432,6.599999904632568,7.400000095367432,330
2015-03-06,7.5,7.5,7.5,7.5,7.5,30
2015-03-09,7.400000095367432,7.400000095367432,7.400000095367432,6.699999809265137,6.75,370
2015-03-10,7.400000095367432,7.400000095367432,7.400000095367432,7.300000190734863,7.400000095367432,500
2015-03-11,7.400000095367432,7.400000095367432,7.400000095367432,7.400000095367432,7.400000095367432,200
2015-03-12,6.699999809265137,6.699999809265137,6.800000190734863,6.599999904632568,6.599999904632568,920
2015-03-13,6.800000190734863,6.800000190734863,6.800000190734863,6.800000190734863,6.800000190734863,80
2015-03-16,6.210000038146973,6.210000038146973,6.400000095367432,6.210000038146973,6.210000038146973,750
2015-03-17,5.0,5.0,6.599999904632568,4.920000076293945,6.150000095367432,10630
2015-03-18,5.400000095367432,5.400000095367432,5.400000095367432,5.199999809265137,5.199999809265137,500
2015-03-19,4.5,4.5,5.699999809265137,4.0,5.699999809265137,2940
2015-03-20,4.099999904632568,4.099999904632568,4.679999828338623,3.799999952316284,4.099999904632568,24750
2015-03-23,5.0,5.0,5.099999904632568,4.099999904632568,4.099999904632568,4600
2015-03-24,4.150000095367432,4.150000095367432,5.5,4.0,5.099999904632568,10500
2015-03-25,4.150000095367432,4.150000095367432,4.150000095367432,4.130000114440918,4.150000095367432,770
2015-03-26,4.25,4.25,4.5,3.799999952316284,4.130000114440918,4150
2015-03-27,5.699999809265137,5.699999809265137,6.0,4.400000095367432,4.5,2380
2015-03-30,6.199999809265137,6.199999809265137,6.199999809265137,5.25,6.0,1280
2015-03-31,7.5,7.5,7.900000095367432,6.199999809265137,6.199999809265137,1540
2015-04-01,8.300000190734863,8.300000190734863,8.5,7.300000190734863,7.400000095367432,1550
2015-04-02,9.0,9.0,9.0,8.300000190734863,8.300000190734863,1380
2015-04-06,7.849999904632568,7.849999904632568,8.0,7.5,8.0,2100
2015-04-07,7.0,7.0,7.0,6.800000190734863,6.800000190734863,530
2015-04-08,7.190000057220459,7.190000057220459,7.489999771118164,6.5,6.699999809265137,1170
2015-04-09,8.0,8.0,8.0,7.0,7.0,2080
2015-04-10,8.0,8.0,8.800000190734863,7.199999809265137,7.5,1240
2015-04-13,7.199999809265137,7.199999809265137,7.199999809265137,7.199999809265137,7.199999809265137,50
2015-04-14,7.199999809265137,7.199999809265137,7.199999809265137,7.099999904632568,7.099999904632568,220
2015-04-15,7.0,7.0,7.0,7.0,7.0,120
2015-04-16,7.0,7.0,7.0,7.0,7.0,0
2015-04-17,7.0,7.0,7.0,7.0,7.0,0
2015-04-20,7.0,7.0,7.0,7.0,7.0,0
2015-04-21,6.199999809265137,6.199999809265137,6.800000190734863,6.199999809265137,6.300000190734863,210
2015-04-22,6.800000190734863,6.800000190734863,6.800000190734863,6.0,6.300000190734863,980
2015-04-23,6.900000095367432,6.900000095367432,6.900000095367432,6.0,6.199999809265137,930
2015-04-24,6.599999904632568,6.599999904632568,6.800000190734863,6.019999980926514,6.019999980926514,3500
2015-04-27,6.5,6.5,6.5,5.900000095367432,6.400000095367432,3590
2015-04-28,6.5,6.5,6.5,6.199999809265137,6.199999809265137,250
2015-04-29,6.400000095367432,6.400000095367432,6.400000095367432,6.0,6.199999809265137,2170
2015-04-30,6.400000095367432,6.400000095367432,6.400000095367432,6.400000095367432,6.400000095367432,0
2015-05-01,6.699999809265137,6.699999809265137,8.100000381469727,6.010000228881836,6.400000095367432,790
2015-05-04,6.699999809265137,6.699999809265137,6.699999809265137,6.400000095367432,6.5,1110
2015-05-05,6.699999809265137,6.699999809265137,6.699999809265137,6.699999809265137,6.699999809265137,0
2015-05-06,6.199999809265137,6.199999809265137,6.199999809265137,6.0,6.0,1200
2015-05-07,6.0,6.0,6.0,5.599999904632568,5.75,940
2015-05-08,5.800000190734863,5.800000190734863,5.800000190734863,5.75,5.75,340
2015-05-11,5.849999904632568,5.849999904632568,5.900000095367432,5.400000095367432,5.900000095367432,5510
2015-05-12,5.599999904632568,5.599999904632568,6.050000190734863,5.590000152587891,6.0,1860
2015-05-13,5.699999809265137,5.699999809265137,5.699999809265137,5.400000095367432,5.5,2030
2015-05-14,6.199999809265137,6.199999809265137,6.199999809265137,5.150000095367432,5.449999809265137,3620
2015-05-15,5.599999904632568,5.599999904632568,5.900000095367432,5.320000171661377,5.699999809265137,3520
2015-05-18,5.599999904632568,5.599999904632568,5.599999904632568,5.099999904632568,5.199999809265137,1450
2015-05-19,5.599999904632568,5.599999904632568,5.599999904632568,5.289999961853027,5.300000190734863,530
2015-05-20,5.5,5.5,5.599999904632568,5.199999809265137,5.599999904632568,3210
2015-05-21,5.800000190734863,5.800000190734863,5.800000190734863,5.5,5.599999904632568,1550
2015-05-22,5.630000114440918,5.630000114440918,5.769999980926514,5.210000038146973,5.400000095367432,5360
2015-05-26,5.5,5.5,7.099999904632568,5.5,6.28000020980835,11000
2015-05-27,5.840000152587891,5.840000152587891,5.840000152587891,5.840000152587891,5.840000152587891,50
2015-05-28,5.75,5.75,5.849999904632568,5.400000095367432,5.829999923706055,1350
2015-05-29,6.699999809265137,6.699999809265137,6.900000095367432,5.849999904632568,5.849999904632568,7530
2015-06-01,8.199999809265137,8.199999809265137,8.199999809265137,6.800000190734863,6.800000190734863,9430
2015-06-02,8.300000190734863,8.300000190734863,8.699999809265137,7.0,7.25,15380
2015-06-03,8.300000190734863,8.300000190734863,8.5,7.099999904632568,8.399999618530273,8980
2015-06-04,8.199999809265137,8.199999809265137,8.399999618530273,7.449999809265137,8.0,4250
2015-06-05,8.300000190734863,8.300000190734863,8.600000381469727,7.909999847412109,7.96999979019165,6750
2015-06-08,7.800000190734863,7.800000190734863,8.100000381469727,7.71999979019165,8.100000381469727,8160
2015-06-09,8.1899995803833,8.1899995803833,8.279999732971191,7.900000095367432,8.0,1470
2015-06-10,8.199999809265137,8.199999809265137,8.199999809265137,7.599999904632568,7.800000190734863,2500
2015-06-11,8.0,8.0,8.59000015258789,7.800000190734863,8.199999809265137,12230
2015-06-12,8.699999809265137,8.699999809265137,8.699999809265137,8.100000381469727,8.100000381469727,2250
2015-06-15,8.800000190734863,8.800000190734863,8.850000381469727,8.300000190734863,8.699999809265137,1100
2015-06-16,8.5,8.5,8.5,8.0,8.5,1430
2015-06-17,8.300000190734863,8.300000190734863,8.300000190734863,8.0,8.300000190734863,1300
2015-06-18,9.0,9.0,9.0,8.300000190734863,8.300000190734863,5320
2015-06-19,9.300000190734863,9.300000190734863,9.300000190734863,8.800000190734863,9.0,1630
2015-06-22,8.399999618530273,8.399999618530273,8.899999618530273,8.399999618530273,8.5,1100
2015-06-23,6.78000020980835,6.78000020980835,8.399999618530273,6.519999980926514,8.399999618530273,7070
2015-06-24,8.199999809265137,8.199999809265137,8.199999809265137,5.800000190734863,6.300000190734863,5450
2015-06-25,8.0,8.0,8.399999618530273,7.599999904632568,7.599999904632568,1560
2015-06-26,8.0,8.0,8.399999618530273,7.099999904632568,8.0,1220
2015-06-29,6.699999809265137,6.699999809265137,7.400000095367432,6.139999866485596,7.400000095367432,750
2015-06-30,8.0,8.0,8.0,7.0,8.0,230
2015-07-01,7.150000095367432,7.150000095367432,8.199999809265137,7.150000095367432,7.800000190734863,570
2015-07-02,7.449999809265137,7.449999809265137,7.800000190734863,6.949999809265137,7.800000190734863,280
2015-07-06,7.800000190734863,7.800000190734863,7.800000190734863,7.5,7.5,330
2015-07-07,7.199999809265137,7.199999809265137,7.800000190734863,6.699999809265137,7.099999904632568,470
2015-07-08,7.449999809265137,7.449999809265137,7.449999809265137,7.449999809265137,7.449999809265137,30
2015-07-09,7.179999828338623,7.179999828338623,7.449999809265137,6.409999847412109,7.449999809265137,590
2015-07-10,7.449999809265137,7.449999809265137,7.449999809265137,7.179999828338623,7.179999828338623,450
2015-07-13,7.0,7.0,7.949999809265137,7.0,7.949999809265137,140
2015-07-14,7.949999809265137,7.949999809265137,7.949999809265137,7.199999809265137,7.199999809265137,100
2015-07-15,8.199999809265137,8.199999809265137,8.199999809265137,8.199999809265137,8.199999809265137,30
2015-07-16,7.650000095367432,7.650000095367432,8.199999809265137,7.0,8.199999809265137,280
2015-07-17,7.650000095367432,7.650000095367432,7.650000095367432,7.0,7.0,100
2015-07-20,7.949999809265137,7.949999809265137,7.949999809265137,7.949999809265137,7.949999809265137,30
2015-07-21,8.399999618530273,8.399999618530273,8.399999618530273,7.0,7.0,570
2015-07-22,8.0,8.0,8.0,7.5,7.5,330
2015-07-23,8.0,8.0,8.0,8.0,8.0,0
2015-07-24,8.0,8.0,8.0,8.0,8.0,100
2015-07-27,8.0,8.0,8.0,8.0,8.0,0
2015-07-28,8.0,8.0,8.0,8.0,8.0,0
2015-07-29,8.399999618530273,8.399999618530273,8.399999618530273,8.399999618530273,8.399999618530273,30
2015-07-30,8.399999618530273,8.399999618530273,8.399999618530273,8.399999618530273,8.399999618530273,0
2015-07-31,9.399999618530273,9.399999618530273,9.399999618530273,8.399999618530273,8.399999618530273,130
2015-08-03,9.399999618530273,9.399999618530273,9.399999618530273,6.96999979019165,7.0,120
2015-08-04,9.399999618530273,9.399999618530273,9.399999618530273,9.399999618530273,9.399999618530273,0
2015-08-05,9.399999618530273,9.399999618530273,9.399999618530273,9.399999618530273,9.399999618530273,0
2015-08-06,9.399999618530273,9.399999618530273,9.399999618530273,9.399999618530273,9.399999618530273,0
2015-08-07,9.0,9.0,9.0,7.0,7.0,190
2015-08-10,9.399999618530273,9.399999618530273,9.399999618530273,9.399999618530273,9.399999618530273,30
2015-08-11,9.399999618530273,9.399999618530273,9.399999618530273,9.399999618530273,9.399999618530273,0
2015-08-12,9.300000190734863,9.300000190734863,9.300000190734863,7.019999980926514,7.019999980926514,250
2015-08-13,9.300000190734863,9.300000190734863,9.300000190734863,9.300000190734863,9.300000190734863,0
2015-08-14,9.300000190734863,9.300000190734863,9.300000190734863,9.300000190734863,9.300000190734863,0
2015-08-17,9.300000190734863,9.300000190734863,9.300000190734863,9.300000190734863,9.300000190734863,0
2015-08-18,9.300000190734863,9.300000190734863,9.300000190734863,9.300000190734863,9.300000190734863,0
2015-08-19,9.300000190734863,9.300000190734863,9.300000190734863,9.300000190734863,9.300000190734863,0
2015-08-20,9.399999618530273,9.399999618530273,9.399999618530273,7.0,7.0,230
2015-08-21,7.0,7.0,7.0,7.0,7.0,170
2015-08-24,7.5,7.5,7.5,6.5,7.0,330
2015-08-25,7.449999809265137,7.449999809265137,7.449999809265137,6.800000190734863,6.800000190734863,130
2015-08-26,7.300000190734863,7.300000190734863,7.449999809265137,6.0,7.449999809265137,1150
2015-08-27,8.0,8.0,8.0,7.199999809265137,7.199999809265137,180
2015-08-28,9.0,9.0,9.0,9.0,9.0,20
2015-08-31,7.800000190734863,7.800000190734863,7.800000190734863,5.800000190734863,6.150000095367432,560
2015-09-01,7.800000190734863,7.800000190734863,7.800000190734863,7.800000190734863,7.800000190734863,0
2015-09-02,7.800000190734863,7.800000190734863,7.800000190734863,7.800000190734863,7.800000190734863,0
2015-09-03,7.800000190734863,7.800000190734863,7.800000190734863,7.800000190734863,7.800000190734863,0
2015-09-04,7.800000190734863,7.800000190734863,7.800000190734863,7.800000190734863,7.800000190734863,0
2015-09-08,6.0,6.0,6.0,4.920000076293945,4.920000076293945,1740
2015-09-09,6.0,6.0,6.0,6.0,6.0,0
2015-09-10,5.900000095367432,5.900000095367432,5.900000095367432,4.900000095367432,4.920000076293945,2050
2015-09-11,5.900000095367432,5.900000095367432,5.900000095367432,5.900000095367432,5.900000095367432,0
2015-09-14,6.199999809265137,6.199999809265137,6.900000095367432,5.199999809265137,6.0,480
2015-09-15,7.0,7.0,7.0,5.300000190734863,5.300000190734863,500
2015-09-16,6.0,6.0,6.0,4.599999904632568,4.599999904632568,680
2015-09-17,6.0,6.0,6.0,6.0,6.0,20
2015-09-18,6.0,6.0,6.0,6.0,6.0,0
2015-09-21,5.099999904632568,5.099999904632568,5.099999904632568,4.5,4.599999904632568,970
2015-09-22,5.099999904632568,5.099999904632568,5.099999904632568,5.099999904632568,5.099999904632568,100
2015-09-23,5.099999904632568,5.099999904632568,5.099999904632568,5.099999904632568,5.099999904632568,0
2015-09-24,4.400000095367432,4.400000095367432,4.849999904632568,3.0999999046325684,4.099999904632568,2750
2015-09-25,5.050000190734863,5.050000190734863,5.050000190734863,4.599999904632568,4.599999904632568,300
2015-09-28,5.050000190734863,5.050000190734863,5.050000190734863,5.050000190734863,5.050000190734863,250
2015-09-29,7.989999771118164,7.989999771118164,8.0,4.900000095367432,5.050000190734863,1380
2015-09-30,5.400000095367432,5.400000095367432,6.900000095367432,4.5,5.199999809265137,1600
2015-10-01,6.0,6.0,6.0,6.0,6.0,20
2015-10-02,7.099999904632568,7.099999904632568,7.099999904632568,6.0,6.0,20
2015-10-05,8.0,8.0,8.0,8.0,8.0,20
2015-10-06,6.099999904632568,6.099999904632568,6.099999904632568,4.5,4.5,160
2015-10-07,7.0,7.0,7.0,4.800000190734863,5.349999904632568,510
2015-10-08,6.900000095367432,6.900000095367432,6.900000095367432,5.099999904632568,5.099999904632568,140
2015-10-09,6.099999904632568,6.099999904632568,6.099999904632568,5.099999904632568,5.25,40
2015-10-12,6.099999904632568,6.099999904632568,6.099999904632568,5.099999904632568,5.099999904632568,20
2015-10-13,6.099999904632568,6.099999904632568,6.099999904632568,5.099999904632568,5.099999904632568,30
2015-10-14,5.900000095367432,5.900000095367432,5.900000095367432,5.099999904632568,5.099999904632568,80
2015-10-15,5.880000114440918,5.880000114440918,5.900000095367432,5.099999904632568,5.900000095367432,150
2015-10-16,5.880000114440918,5.880000114440918,5.880000114440918,5.880000114440918,5.880000114440918,0
2015-10-19,5.880000114440918,5.880000114440918,5.880000114440918,5.599999904632568,5.599999904632568,100
2015-10-20,5.900000095367432,5.900000095367432,7.949999809265137,4.300000190734863,4.300000190734863,190
2015-10-21,6.5,6.5,6.5,6.5,6.5,20
2015-10-22,5.599999904632568,5.599999904632568,6.5,5.099999904632568,5.099999904632568,240
2015-10-23,6.710000038146973,6.710000038146973,6.710000038146973,6.710000038146973,6.710000038146973,20
2015-10-26,7.949999809265137,7.949999809265137,7.949999809265137,7.949999809265137,7.949999809265137,20
2015-10-27,7.900000095367432,7.900000095367432,7.949999809265137,7.900000095367432,7.949999809265137,20
2015-10-28,7.900000095367432,7.900000095367432,7.900000095367432,7.900000095367432,7.900000095367432,0
2015-10-29,8.0,8.0,8.0,8.0,8.0,10
2015-10-30,8.0,8.0,8.0,8.0,8.0,0
2015-11-02,8.0,8.0,8.0,8.0,8.0,0
2015-11-03,8.0,8.0,8.0,8.0,8.0,0
2015-11-04,8.0,8.0,8.0,8.0,8.0,0
2015-11-05,5.199999809265137,5.199999809265137,7.940000057220459,4.300000190734863,5.099999904632568,960
2015-11-06,5.199999809265137,5.199999809265137,5.199999809265137,4.5,4.5,920
2015-11-09,5.099999904632568,5.099999904632568,5.099999904632568,5.099999904632568,5.099999904632568,100
2015-11-10,5.099999904632568,5.099999904632568,5.099999904632568,5.099999904632568,5.099999904632568,0
2015-11-11,5.099999904632568,5.099999904632568,5.099999904632568,5.099999904632568,5.099999904632568,0
2015-11-12,5.099999904632568,5.099999904632568,5.099999904632568,5.099999904632568,5.099999904632568,0
2015-11-13,6.5,6.5,6.5,4.699999809265137,4.699999809265137,2650
2015-11-16,6.5,6.5,6.5,6.5,6.5,0
2015-11-17,6.0,6.0,6.0,5.099999904632568,5.199999809265137,550
2015-11-18,7.5,7.5,7.5,6.0,6.0,380
2015-11-19,6.380000114440918,6.380000114440918,7.5,5.800000190734863,7.5,2150
2015-11-20,6.5,6.5,6.5,5.900000095367432,5.900000095367432,480
2015-11-23,7.199999809265137,7.199999809265137,7.5,6.400000095367432,6.5,800
2015-11-24,6.699999809265137,6.699999809265137,6.699999809265137,6.0,6.0,280
2015-11-25,6.699999809265137,6.699999809265137,7.0,6.699999809265137,7.0,80
2015-11-27,6.5,6.5,7.199999809265137,6.0,7.0,1060
2015-11-30,8.649999618530273,8.649999618530273,8.649999618530273,7.0,7.199999809265137,1220
2015-12-01,7.199999809265137,7.199999809265137,7.5,6.900000095367432,7.5,4590
2015-12-02,6.5,6.5,6.900000095367432,6.099999904632568,6.900000095367432,1060
2015-12-03,6.5,6.5,6.5,6.5,6.5,100
2015-12-04,6.5,6.5,6.5,6.5,6.5,100
2015-12-07,6.5,6.5,6.5,6.0,6.5,540
2015-12-08,6.5,6.5,6.5,6.5,6.5,300
2015-12-09,7.75,7.75,7.75,6.0,6.5,680
2015-12-10,7.5,7.5,7.5,7.5,7.5,30
2015-12-11,7.5,7.5,7.5,7.5,7.5,0
2015-12-14,7.449999809265137,7.449999809265137,7.449999809265137,6.0,6.050000190734863,560
2015-12-15,7.550000190734863,7.550000190734863,7.550000190734863,7.550000190734863,7.550000190734863,50
2015-12-16,6.0,6.0,6.400000095367432,6.0,6.050000190734863,690
2015-12-17,6.0,6.0,6.389999866485596,5.5,6.389999866485596,450
2015-12-18,6.0,6.0,6.0,5.400000095367432,6.0,280
2015-12-21,5.199999809265137,5.199999809265137,6.0,5.199999809265137,5.900000095367432,200
2015-12-22,5.5,5.5,5.5,4.559999942779541,4.989999771118164,530
2015-12-23,6.0,6.0,6.0,5.0,5.949999809265137,280
2015-12-24,5.949999809265137,5.949999809265137,6.0,5.099999904632568,6.0,650
2015-12-28,5.949999809265137,5.949999809265137,6.0,5.099999904632568,6.0,500
2015-12-29,7.099999904632568,7.099999904632568,7.099999904632568,5.099999904632568,5.949999809265137,2820
2015-12-30,8.0,8.0,8.0,6.0,6.0,3100
2015-12-31,8.0,8.0,8.0,8.0,8.0,50
2016-01-04,6.849999904632568,6.849999904632568,6.849999904632568,5.800000190734863,6.150000095367432,1630
2016-01-05,6.75,6.75,7.0,5.199999809265137,7.0,1350
2016-01-06,6.099999904632568,6.099999904632568,6.099999904632568,6.099999904632568,6.099999904632568,70
2016-01-07,6.949999809265137,6.949999809265137,6.949999809265137,6.949999809265137,6.949999809265137,30
2016-01-08,5.599999904632568,5.599999904632568,6.0,5.199999809265137,5.25,4370
2016-01-11,5.099999904632568,5.099999904632568,5.199999809265137,5.099999904632568,5.199999809265137,460
2016-01-12,5.599999904632568,5.599999904632568,5.599999904632568,5.099999904632568,5.099999904632568,770
2016-01-13,5.449999809265137,5.449999809265137,5.599999904632568,5.449999809265137,5.449999809265137,630
2016-01-14,5.599999904632568,5.599999904632568,5.599999904632568,5.099999904632568,5.599999904632568,260
2016-01-15,5.599999904632568,5.599999904632568,5.599999904632568,5.099999904632568,5.099999904632568,200
2016-01-19,6.0,6.0,6.0,5.949999809265137,5.949999809265137,190
2016-01-20,6.050000190734863,6.050000190734863,6.699999809265137,5.099999904632568,6.0,110
2016-01-21,6.699999809265137,6.699999809265137,6.699999809265137,6.699999809265137,6.699999809265137,20
2016-01-22,6.699999809265137,6.699999809265137,6.699999809265137,6.699999809265137,6.699999809265137,0
2016-01-25,6.699999809265137,6.699999809265137,6.699999809265137,6.699999809265137,6.699999809265137,0
2016-01-26,6.699999809265137,6.699999809265137,6.699999809265137,6.699999809265137,6.699999809265137,0
2016-01-27,6.699999809265137,6.699999809265137,6.699999809265137,6.699999809265137,6.699999809265137,0
2016-01-28,5.099999904632568,5.099999904632568,5.099999904632568,5.099999904632568,5.099999904632568,30
2016-01-29,5.099999904632568,5.099999904632568,5.099999904632568,5.099999904632568,5.099999904632568,0
2016-02-01,5.099999904632568,5.099999904632568,5.099999904632568,5.099999904632568,5.099999904632568,0
2016-02-02,5.099999904632568,5.099999904632568,5.099999904632568,5.099999904632568,5.099999904632568,0
2016-02-03,5.099999904632568,5.099999904632568,5.099999904632568,5.099999904632568,5.099999904632568,0
2016-02-04,5.099999904632568,5.099999904632568,5.099999904632568,5.099999904632568,5.099999904632568,0
2016-02-05,4.699999809265137,4.699999809265137,4.800000190734863,4.099999904632568,4.800000190734863,720
2016-02-08,5.099999904632568,5.099999904632568,5.099999904632568,4.800000190734863,4.800000190734863,60
2016-02-09,4.5,4.5,4.5,4.0,4.099999904632568,390
2016-02-10,5.099999904632568,5.099999904632568,5.099999904632568,5.099999904632568,5.099999904632568,20
2016-02-11,5.099999904632568,5.099999904632568,5.099999904632568,5.099999904632568,5.099999904632568,0
2016-02-12,5.099999904632568,5.099999904632568,5.099999904632568,5.099999904632568,5.099999904632568,0
2016-02-16,5.099999904632568,5.099999904632568,5.099999904632568,5.099999904632568,5.099999904632568,0
2016-02-17,5.099999904632568,5.099999904632568,5.099999904632568,5.099999904632568,5.099999904632568,0
2016-02-18,5.099999904632568,5.099999904632568,5.099999904632568,5.099999904632568,5.099999904632568,0
2016-02-19,5.099999904632568,5.099999904632568,5.099999904632568,5.099999904632568,5.099999904632568,0
2016-02-22,5.099999904632568,5.099999904632568,5.099999904632568,5.099999904632568,5.099999904632568,0
2016-02-23,5.099999904632568,5.099999904632568,5.099999904632568,5.099999904632568,5.099999904632568,0
2016-02-24,5.099999904632568,5.099999904632568,5.099999904632568,5.099999904632568,5.099999904632568,0
2016-02-25,5.099999904632568,5.099999904632568,5.099999904632568,5.099999904632568,5.099999904632568,0
2016-02-26,5.099999904632568,5.099999904632568,5.099999904632568,5.099999904632568,5.099999904632568,0
2016-02-29,5.099999904632568,5.099999904632568,5.099999904632568,5.099999904632568,5.099999904632568,0
2016-03-01,5.099999904632568,5.099999904632568,5.099999904632568,5.099999904632568,5.099999904632568,0
2016-03-02,5.099999904632568,5.099999904632568,5.099999904632568,5.099999904632568,5.099999904632568,0
2016-03-03,5.099999904632568,5.099999904632568,5.099999904632568,5.099999904632568,5.099999904632568,150
2016-03-04,5.099999904632568,5.099999904632568,5.099999904632568,5.099999904632568,5.099999904632568,50
2016-03-07,6.0,6.0,6.0,5.099999904632568,5.099999904632568,440
2016-03-08,7.0,7.0,7.0,7.0,7.0,70
2016-03-09,7.0,7.0,7.0,7.0,7.0,0
2016-03-10,7.0,7.0,7.0,7.0,7.0,0
2016-03-11,7.0,7.0,7.0,4.0,4.0,620
2016-03-14,6.5,6.5,6.5,6.5,6.5,50
2016-03-15,3.509999990463257,3.509999990463257,3.509999990463257,3.509999990463257,3.509999990463257,20
2016-03-16,5.099999904632568,5.099999904632568,5.099999904632568,4.199999809265137,4.199999809265137,570
2016-03-17,5.099999904632568,5.099999904632568,5.099999904632568,5.099999904632568,5.099999904632568,70
2016-03-18,6.119999885559082,6.119999885559082,6.199999809265137,3.200000047683716,5.099999904632568,2160
2016-03-21,7.0,7.0,7.0,6.0,6.0,1540
2016-03-22,7.0,7.0,7.0,6.099999904632568,6.199999809265137,1960
2016-03-23,7.0,7.0,7.0,6.0,7.0,1280
2016-03-24,7.0,7.0,7.0,6.199999809265137,6.400000095367432,1080
2016-03-28,6.699999809265137,6.699999809265137,7.0,6.0,6.0,470
2016-03-29,6.599999904632568,6.599999904632568,6.800000190734863,6.099999904632568,6.300000190734863,1130
2016-03-30,7.300000190734863,7.300000190734863,7.5,7.300000190734863,7.5,110
2016-03-31,7.599999904632568,7.599999904632568,8.0,6.300000190734863,7.5,910
2016-04-01,7.949999809265137,7.949999809265137,7.949999809265137,6.449999809265137,6.449999809265137,270
2016-04-04,7.400000095367432,7.400000095367432,7.400000095367432,6.96999979019165,6.96999979019165,70
2016-04-05,7.050000190734863,7.050000190734863,7.949999809265137,6.0,7.949999809265137,1610
2016-04-06,5.800000190734863,5.800000190734863,8.0,5.800000190734863,8.0,1240
2016-04-07,6.389999866485596,6.389999866485596,6.400000095367432,5.5,5.610000133514404,1660
2016-04-08,7.099999904632568,7.099999904632568,7.099999904632568,5.800000190734863,5.840000152587891,790
2016-04-11,8.0,8.0,8.0,5.900000095367432,5.900000095367432,920
2016-04-12,6.5,6.5,6.5,6.320000171661377,6.320000171661377,180
2016-04-13,6.800000190734863,6.800000190734863,6.840000152587891,5.800000190734863,6.840000152587891,460
2016-04-14,6.0,6.0,6.949999809265137,5.900000095367432,6.949999809265137,1340
2016-04-15,6.349999904632568,6.349999904632568,6.5,6.0,6.0,220
2016-04-18,5.900000095367432,5.900000095367432,5.909999847412109,3.3299999237060547,5.909999847412109,4270
2016-04-19,5.900000095367432,5.900000095367432,5.900000095367432,5.900000095367432,5.900000095367432,50
2016-04-20,5.900000095367432,5.900000095367432,5.900000095367432,5.900000095367432,5.900000095367432,50
2016-04-21,5.900000095367432,5.900000095367432,5.900000095367432,5.900000095367432,5.900000095367432,50
2016-04-22,5.900000095367432,5.900000095367432,5.900000095367432,5.900000095367432,5.900000095367432,50
2016-04-25,6.349999904632568,6.349999904632568,6.349999904632568,5.900000095367432,5.900000095367432,310
2016-04-26,5.849999904632568,5.849999904632568,6.349999904632568,5.0,6.349999904632568,2460
2016-04-27,6.25,6.25,6.25,6.25,6.25,160
2016-04-28,6.400000095367432,6.400000095367432,6.400000095367432,6.349999904632568,6.349999904632568,50
2016-04-29,4.699999809265137,4.699999809265137,4.699999809265137,4.300000190734863,4.599999904632568,1500
2016-05-02,6.349999904632568,6.349999904632568,6.349999904632568,6.349999904632568,6.349999904632568,30
2016-05-03,6.349999904632568,6.349999904632568,6.349999904632568,6.349999904632568,6.349999904632568,0
2016-05-04,6.349999904632568,6.349999904632568,6.349999904632568,6.349999904632568,6.349999904632568,0
2016-05-05,6.349999904632568,6.349999904632568,6.349999904632568,6.349999904632568,6.349999904632568,0
2016-05-06,6.349999904632568,6.349999904632568,6.349999904632568,6.349999904632568,6.349999904632568,0
2016-05-09,6.349999904632568,6.349999904632568,6.349999904632568,6.349999904632568,6.349999904632568,0
2016-05-10,6.349999904632568,6.349999904632568,6.349999904632568,6.349999904632568,6.349999904632568,0
2016-05-11,6.349999904632568,6.349999904632568,6.349999904632568,6.349999904632568,6.349999904632568,0
2016-05-12,6.349999904632568,6.349999904632568,6.349999904632568,6.349999904632568,6.349999904632568,0
2016-05-13,6.349999904632568,6.349999904632568,6.349999904632568,6.349999904632568,6.349999904632568,0
2016-05-16,6.349999904632568,6.349999904632568,6.349999904632568,6.349999904632568,6.349999904632568,0
2016-05-17,6.349999904632568,6.349999904632568,6.349999904632568,6.349999904632568,6.349999904632568,0
2016-05-18,6.199999809265137,6.199999809265137,6.199999809265137,6.0,6.0,1660
2016-05-19,6.199999809265137,6.199999809265137,6.199999809265137,5.400000095367432,5.5,1830
2016-05-20,6.599999904632568,6.599999904632568,6.599999904632568,6.090000152587891,6.090000152587891,6950
2016-05-23,6.0,6.0,7.0,5.900000095367432,5.900000095367432,7570
2016-05-24,6.5,6.5,6.5,5.900000095367432,6.0,260
2016-05-25,6.5,6.5,6.5,6.5,6.5,20
2016-05-26,6.400000095367432,6.400000095367432,6.5,5.800000190734863,5.800000190734863,9310
2016-05-27,5.849999904632568,5.849999904632568,6.050000190734863,5.800000190734863,5.800000190734863,8960
2016-05-31,5.849999904632568,5.849999904632568,5.849999904632568,5.5,5.849999904632568,320
2016-06-01,5.849999904632568,5.849999904632568,5.849999904632568,5.5,5.849999904632568,300
2016-06-02,5.849999904632568,5.849999904632568,5.849999904632568,5.5,5.800000190734863,670
2016-06-03,5.849999904632568,5.849999904632568,5.849999904632568,5.849999904632568,5.849999904632568,50
2016-06-06,5.849999904632568,5.849999904632568,5.849999904632568,5.099999904632568,5.849999904632568,150
2016-06-07,5.800000190734863,5.800000190734863,5.849999904632568,5.199999809265137,5.849999904632568,1790
2016-06-08,5.849999904632568,5.849999904632568,5.849999904632568,5.849999904632568,5.849999904632568,20
2016-06-09,5.849999904632568,5.849999904632568,5.849999904632568,5.849999904632568,5.849999904632568,30
2016-06-10,5.849999904632568,5.849999904632568,5.849999904632568,5.599999904632568,5.849999904632568,920
2016-06-13,5.849999904632568,5.849999904632568,5.849999904632568,5.849999904632568,5.849999904632568,50
2016-06-14,6.0,6.0,6.0,5.849999904632568,5.849999904632568,380
2016-06-15,5.989999771118164,5.989999771118164,5.989999771118164,5.5,5.510000228881836,630
2016-06-16,6.400000095367432,6.400000095367432,6.400000095367432,6.400000095367432,6.400000095367432,30
2016-06-17,6.449999809265137,6.449999809265137,6.449999809265137,6.449999809265137,6.449999809265137,30
2016-06-20,6.449999809265137,6.449999809265137,6.449999809265137,6.449999809265137,6.449999809265137,30
2016-06-21,6.449999809265137,6.449999809265137,6.449999809265137,6.449999809265137,6.449999809265137,30
2016-06-22,6.449999809265137,6.449999809265137,6.449999809265137,6.449999809265137,6.449999809265137,30
2016-06-23,5.5,5.5,6.449999809265137,5.5,6.449999809265137,330
2016-06-24,5.5,5.5,5.5,5.199999809265137,5.199999809265137,530
2016-06-27,5.099999904632568,5.099999904632568,5.199999809265137,4.599999904632568,5.199999809265137,860
2016-06-28,5.099999904632568,5.099999904632568,5.099999904632568,5.099999904632568,5.099999904632568,30
2016-06-29,5.199999809265137,5.199999809265137,5.199999809265137,5.0,5.099999904632568,190
2016-06-30,6.0,6.0,6.0,6.0,6.0,60
2016-07-01,6.0,6.0,6.0,6.0,6.0,30
2016-07-05,6.0,6.0,6.0,6.0,6.0,30
2016-07-06,6.0,6.0,6.0,6.0,6.0,30
2016-07-07,6.0,6.0,6.0,6.0,6.0,60
2016-07-08,6.0,6.0,6.0,6.0,6.0,30
2016-07-11,6.0,6.0,6.0,6.0,6.0,30
2016-07-12,6.0,6.0,6.0,6.0,6.0,30
2016-07-13,6.0,6.0,6.0,6.0,6.0,30
2016-07-14,6.0,6.0,6.0,6.0,6.0,30
2016-07-15,6.5,6.5,6.5,6.5,6.5,30
2016-07-18,5.25,5.25,6.5,4.599999904632568,6.5,750
2016-07-19,5.5,5.5,5.5,5.25,5.25,380
2016-07-20,6.5,6.5,6.5,6.0,6.0,60
2016-07-21,6.5,6.5,6.5,6.5,6.5,30
2016-07-22,6.5,6.5,6.5,6.5,6.5,30
2016-07-25,6.5,6.5,6.5,6.5,6.5,120
2016-07-26,6.5,6.5,6.5,6.5,6.5,60
2016-07-27,7.0,7.0,7.0,7.0,7.0,30
2016-07-28,6.130000114440918,6.130000114440918,7.0,4.5,7.0,410
2016-07-29,7.0,7.0,7.0,7.0,7.0,30
2016-08-01,7.0,7.0,7.0,7.0,7.0,30
2016-08-02,7.0,7.0,7.0,7.0,7.0,30
2016-08-03,7.0,7.0,7.0,7.0,7.0,20
2016-08-04,7.0,7.0,7.0,7.0,7.0,20
2016-08-05,7.0,7.0,7.0,7.0,7.0,20
2016-08-08,7.0,7.0,7.0,7.0,7.0,20
2016-08-09,7.0,7.0,7.0,7.0,7.0,20
2016-08-10,7.0,7.0,7.0,7.0,7.0,70
2016-08-11,6.5,6.5,6.5,6.5,6.5,50
2016-08-12,6.5,6.5,6.5,6.5,6.5,0
2016-08-15,6.5,6.5,6.5,6.5,6.5,0
2016-08-16,6.5,6.5,6.5,6.5,6.5,0
2016-08-17,6.5,6.5,6.5,6.5,6.5,0
2016-08-18,6.5,6.5,6.5,6.5,6.5,0
2016-08-19,6.5,6.5,6.5,6.5,6.5,0
2016-08-22,6.5,6.5,6.5,6.5,6.5,0
2016-08-23,6.5,6.5,6.5,6.5,6.5,0
2016-08-24,6.5,6.5,6.5,6.5,6.5,0
2016-08-25,6.5,6.5,6.5,6.5,6.5,0
2016-08-26,6.5,6.5,6.5,6.5,6.5,0
2016-08-29,6.5,6.5,6.5,6.5,6.5,0
2016-08-30,6.5,6.5,6.5,6.5,6.5,0
2016-08-31,6.5,6.5,6.5,6.5,6.5,0
2016-09-01,6.5,6.5,6.5,6.5,6.5,0
2016-09-02,6.5,6.5,6.5,6.5,6.5,0
2016-09-06,6.5,6.5,6.5,6.5,6.5,0
2016-09-07,6.5,6.5,6.5,6.5,6.5,0
2016-09-08,6.5,6.5,6.5,6.5,6.5,0
2016-09-09,5.199999809265137,5.199999809265137,5.199999809265137,5.0,5.0,800
2016-09-12,6.0,6.0,6.0,5.199999809265137,5.199999809265137,300
2016-09-13,6.0,6.0,6.0,6.0,6.0,0
2016-09-14,6.0,6.0,6.0,6.0,6.0,0
2016-09-15,6.0,6.0,6.0,6.0,6.0,0
2016-09-16,6.0,6.0,6.0,6.0,6.0,410
2016-09-19,6.0,6.0,6.0,6.0,6.0,0
2016-09-20,6.0,6.0,6.0,6.0,6.0,0
2016-09-21,6.0,6.0,6.0,6.0,6.0,0
2016-09-22,6.0,6.0,6.0,6.0,6.0,0
2016-09-23,6.0,6.0,6.0,6.0,6.0,0
2016-09-26,6.0,6.0,6.0,6.0,6.0,0
2016-09-27,6.0,6.0,6.0,6.0,6.0,0
2016-09-28,6.0,6.0,6.0,6.0,6.0,0
2016-09-29,6.0,6.0,6.0,5.800000190734863,5.800000190734863,240
2016-09-30,6.0,6.0,6.0,6.0,6.0,0
2016-10-03,5.800000190734863,5.800000190734863,5.800000190734863,5.800000190734863,5.800000190734863,20
2016-10-04,5.800000190734863,5.800000190734863,5.800000190734863,5.800000190734863,5.800000190734863,0
2016-10-05,6.0,6.0,6.0,6.0,6.0,30
2016-10-06,6.0,6.0,6.0,6.0,6.0,200
2016-10-07,6.0,6.0,6.0,6.0,6.0,20
2016-10-10,6.0,6.0,6.0,6.0,6.0,0
2016-10-11,5.5,5.5,5.5,4.0,5.0,1250
2016-10-12,5.199999809265137,5.199999809265137,5.199999809265137,4.400000095367432,4.400000095367432,50
2016-10-13,5.0,5.0,5.5,4.400000095367432,5.5,650
2016-10-14,5.0,5.0,5.0,5.0,5.0,280
2016-10-17,5.5,5.5,5.5,5.0,5.0,800
2016-10-18,6.0,6.0,6.0,5.5,5.5,170
2016-10-19,6.099999904632568,6.099999904632568,6.099999904632568,5.5,6.0,1220
2016-10-20,6.050000190734863,6.050000190734863,7.0,5.599999904632568,7.0,90
2016-10-21,6.130000114440918,6.130000114440918,6.199999809265137,5.559999942779541,6.0,2020
2016-10-24,6.5,6.5,6.5,6.0,6.0,510
2016-10-25,6.199999809265137,6.199999809265137,6.5,5.650000095367432,5.800000190734863,860
2016-10-26,6.400000095367432,6.400000095367432,6.400000095367432,5.659999847412109,6.400000095367432,530
2016-10-27,6.400000095367432,6.400000095367432,6.400000095367432,6.400000095367432,6.400000095367432,120
2016-10-28,6.5,6.5,6.5,6.5,6.5,30
2016-10-31,6.400000095367432,6.400000095367432,6.5,5.449999809265137,6.5,790
2016-11-01,6.0,6.0,6.0,6.0,6.0,60
2016-11-02,5.900000095367432,5.900000095367432,6.5,5.400000095367432,6.5,570
2016-11-03,6.0,6.0,6.400000095367432,5.400000095367432,6.199999809265137,2800
2016-11-04,6.079999923706055,6.079999923706055,6.199999809265137,5.400000095367432,5.599999904632568,2620
2016-11-07,6.199999809265137,6.199999809265137,6.199999809265137,5.5,6.099999904632568,2640
2016-11-08,5.699999809265137,5.699999809265137,5.800000190734863,5.5,5.5,6300
2016-11-09,5.599999904632568,5.599999904632568,6.5,5.400000095367432,5.800000190734863,2740
2016-11-10,5.699999809265137,5.699999809265137,5.699999809265137,5.599999904632568,5.599999904632568,400
2016-11-11,5.699999809265137,5.699999809265137,5.699999809265137,5.699999809265137,5.699999809265137,0
2016-11-14,5.699999809265137,5.699999809265137,5.699999809265137,5.110000133514404,5.110000133514404,440
2016-11-15,5.599999904632568,5.599999904632568,5.599999904632568,4.010000228881836,5.150000095367432,430
2016-11-16,4.599999904632568,4.599999904632568,5.0,4.599999904632568,4.800000190734863,390
2016-11-17,4.599999904632568,4.599999904632568,4.599999904632568,4.050000190734863,4.050000190734863,1500
2016-11-18,5.099999904632568,5.099999904632568,5.099999904632568,5.099999904632568,5.099999904632568,90
2016-11-21,5.050000190734863,5.050000190734863,5.380000114440918,5.050000190734863,5.380000114440918,110
2016-11-22,4.5,4.5,4.699999809265137,4.5,4.699999809265137,3860
2016-11-23,4.0,4.0,5.380000114440918,3.509999990463257,5.380000114440918,2640
2016-11-25,4.300000190734863,4.300000190734863,4.300000190734863,4.300000190734863,4.300000190734863,250
2016-11-28,4.949999809265137,4.949999809265137,5.199999809265137,4.300000190734863,4.300000190734863,130
2016-11-29,5.199999809265137,5.199999809265137,5.199999809265137,5.199999809265137,5.199999809265137,10
2016-11-30,5.199999809265137,5.199999809265137,5.199999809265137,5.199999809265137,5.199999809265137,10
2016-12-01,5.199999809265137,5.199999809265137,5.199999809265137,5.199999809265137,5.199999809265137,0
2016-12-02,5.199999809265137,5.199999809265137,5.199999809265137,5.199999809265137,5.199999809265137,0
2016-12-05,5.199999809265137,5.199999809265137,5.199999809265137,5.199999809265137,5.199999809265137,50
2016-12-06,5.900000095367432,5.900000095367432,5.900000095367432,5.199999809265137,5.199999809265137,730
2016-12-07,7.199999809265137,7.199999809265137,7.199999809265137,6.0,6.0,710
2016-12-08,7.0,7.0,7.0,6.349999904632568,6.349999904632568,1470
2016-12-09,7.150000095367432,7.150000095367432,7.150000095367432,6.5,7.150000095367432,540
2016-12-12,7.199999809265137,7.199999809265137,7.199999809265137,6.699999809265137,7.199999809265137,1580
2016-12-13,7.099999904632568,7.099999904632568,7.199999809265137,7.099999904632568,7.199999809265137,150
2016-12-14,7.400000095367432,7.400000095367432,7.400000095367432,7.099999904632568,7.099999904632568,830
2016-12-15,7.400000095367432,7.400000095367432,7.400000095367432,6.800000190734863,7.400000095367432,1240
2016-12-16,7.400000095367432,7.400000095367432,7.5,6.900000095367432,7.349999904632568,3580
2016-12-19,7.699999809265137,7.699999809265137,8.0,7.300000190734863,7.400000095367432,1870
2016-12-20,7.75,7.75,7.800000190734863,7.5,7.800000190734863,900
2016-12-21,7.75,7.75,7.75,7.0,7.0,1910
2016-12-22,7.599999904632568,7.599999904632568,8.199999809265137,7.599999904632568,7.75,2050
2016-12-23,7.800000190734863,7.800000190734863,7.800000190734863,7.800000190734863,7.800000190734863,200
2016-12-27,8.199999809265137,8.199999809265137,8.199999809265137,7.5,7.5,960
2016-12-28,8.0,8.0,8.199999809265137,7.800000190734863,8.199999809265137,500
2016-12-29,7.800000190734863,7.800000190734863,8.199999809265137,7.0,7.5,3610
2016-12-30,8.199999809265137,8.199999809265137,8.199999809265137,7.800000190734863,8.0,1230
2017-01-03,8.199999809265137,8.199999809265137,8.199999809265137,8.199999809265137,8.199999809265137,50
2017-01-04,8.199999809265137,8.199999809265137,8.199999809265137,8.199999809265137,8.199999809265137,100
2017-01-05,8.0,8.0,8.199999809265137,8.0,8.199999809265137,3770
2017-01-06,8.199999809265137,8.199999809265137,8.199999809265137,8.0,8.0,510
2017-01-09,8.199999809265137,8.199999809265137,8.5,7.699999809265137,7.699999809265137,1870
2017-01-10,8.199999809265137,8.199999809265137,8.199999809265137,7.699999809265137,8.0,1100
2017-01-11,8.199999809265137,8.199999809265137,8.199999809265137,8.199999809265137,8.199999809265137,450
2017-01-12,8.199999809265137,8.199999809265137,8.199999809265137,8.199999809265137,8.199999809265137,500
2017-01-13,7.900000095367432,7.900000095367432,8.199999809265137,7.900000095367432,8.199999809265137,900
2017-01-17,8.199999809265137,8.199999809265137,8.199999809265137,7.5,8.0,1750
2017-01-18,8.100000381469727,8.100000381469727,8.100000381469727,8.100000381469727,8.100000381469727,100
2017-01-19,7.900000095367432,7.900000095367432,8.100000381469727,7.900000095367432,8.100000381469727,720
2017-01-20,8.100000381469727,8.100000381469727,8.100000381469727,7.900000095367432,7.900000095367432,310
2017-01-23,8.0,8.0,8.0,8.0,8.0,100
2017-01-24,8.0,8.0,8.199999809265137,8.0,8.0,1700
2017-01-25,7.699999809265137,7.699999809265137,8.0,7.400000095367432,8.0,1620
2017-01-26,7.699999809265137,7.699999809265137,7.699999809265137,7.5,7.699999809265137,1860
2017-01-27,7.900000095367432,7.900000095367432,7.900000095367432,7.590000152587891,7.699999809265137,2300
2017-01-30,8.5,8.5,8.5,7.800000190734863,8.0,11010
2017-01-31,8.699999809265137,8.699999809265137,8.699999809265137,8.369999885559082,8.5,4460
2017-02-01,8.600000381469727,8.600000381469727,8.600000381469727,8.199999809265137,8.600000381469727,620
2017-02-02,8.600000381469727,8.600000381469727,8.600000381469727,8.5,8.600000381469727,1290
2017-02-03,8.600000381469727,8.600000381469727,8.600000381469727,8.399999618530273,8.600000381469727,240
2017-02-06,8.5,8.5,8.600000381469727,8.300000190734863,8.399999618530273,350
2017-02-07,8.5,8.5,8.5,8.199999809265137,8.199999809265137,620
2017-02-08,8.399999618530273,8.399999618530273,8.399999618530273,8.399999618530273,8.399999618530273,1300
2017-02-09,8.600000381469727,8.600000381469727,8.600000381469727,8.5,8.5,1070
2017-02-10,8.699999809265137,8.699999809265137,8.699999809265137,8.199999809265137,8.199999809265137,5390
2017-02-13,8.100000381469727,8.100000381469727,9.399999618530273,8.0,8.449999809265137,3770
2017-02-14,8.600000381469727,8.600000381469727,8.699999809265137,7.5,7.550000190734863,3570
2017-02-15,8.300000190734863,8.300000190734863,8.600000381469727,8.0,8.300000190734863,1390
2017-02-16,8.0,8.0,8.5,7.900000095367432,7.900000095367432,580
2017-02-17,8.359999656677246,8.359999656677246,8.359999656677246,8.359999656677246,8.359999656677246,40
2017-02-21,8.5,8.5,8.5,8.119999885559082,8.300000190734863,1510
2017-02-22,8.079999923706055,8.079999923706055,8.34000015258789,7.5,8.34000015258789,3530
2017-02-23,7.989999771118164,7.989999771118164,7.989999771118164,7.840000152587891,7.840000152587891,660
2017-02-24,8.0,8.0,8.0,7.849999904632568,8.0,460
2017-02-27,8.0,8.0,8.0,8.0,8.0,1680
2017-02-28,8.399999618530273,8.399999618530273,8.399999618530273,7.880000114440918,8.0,1290
2017-03-01,8.300000190734863,8.300000190734863,8.300000190734863,7.900000095367432,7.900000095367432,120
2017-03-02,8.399999618530273,8.399999618530273,8.399999618530273,8.0,8.300000190734863,3870
2017-03-03,8.5,8.5,8.5,8.399999618530273,8.399999618530273,320
2017-03-06,8.5,8.5,8.5,8.5,8.5,50
2017-03-07,8.300000190734863,8.300000190734863,8.5,8.0,8.0,1500
2017-03-08,8.300000190734863,8.300000190734863,8.300000190734863,7.800000190734863,8.0,1760
2017-03-09,8.199999809265137,8.199999809265137,8.199999809265137,7.5,8.199999809265137,4640
2017-03-10,7.800000190734863,7.800000190734863,8.0,7.800000190734863,8.0,1870
2017-03-13,8.199999809265137,8.199999809265137,8.199999809265137,7.699999809265137,7.849999904632568,2540
2017-03-14,8.0,8.0,8.199999809265137,7.900000095367432,8.199999809265137,1920
2017-03-15,8.300000190734863,8.300000190734863,8.300000190734863,7.880000114440918,8.0,1500
2017-03-16,8.5,8.5,8.5,8.210000038146973,8.300000190734863,2050
2017-03-17,8.390000343322754,8.390000343322754,8.399999618530273,8.390000343322754,8.399999618530273,770
2017-03-20,8.449999809265137,8.449999809265137,8.449999809265137,8.390000343322754,8.399999618530273,580
2017-03-21,8.699999809265137,8.699999809265137,8.699999809265137,8.449999809265137,8.449999809265137,1920
2017-03-22,8.699999809265137,8.699999809265137,8.699999809265137,8.399999618530273,8.649999618530273,1120
2017-03-23,8.699999809265137,8.699999809265137,8.699999809265137,8.600000381469727,8.699999809265137,2510
2017-03-24,8.800000190734863,8.800000190734863,8.800000190734863,8.5,8.5,1120
2017-03-27,9.300000190734863,9.300000190734863,9.300000190734863,8.5,8.800000190734863,1930
2017-03-28,9.199999809265137,9.199999809265137,9.25,9.199999809265137,9.25,870
2017-03-29,9.260000228881836,9.260000228881836,9.300000190734863,9.0,9.0,240
2017-03-30,8.399999618530273,8.399999618530273,8.699999809265137,8.300000190734863,8.600000381469727,1480
2017-03-31,8.350000381469727,8.350000381469727,8.350000381469727,8.0,8.029999732971191,4100
2017-04-03,8.699999809265137,8.699999809265137,8.699999809265137,8.699999809265137,8.699999809265137,30
2017-04-04,8.600000381469727,8.600000381469727,8.600000381469727,8.600000381469727,8.600000381469727,100
2017-04-05,8.600000381469727,8.600000381469727,8.600000381469727,8.600000381469727,8.600000381469727,520
2017-04-06,8.600000381469727,8.600000381469727,8.600000381469727,8.600000381469727,8.600000381469727,130
2017-04-07,8.5,8.5,8.5,8.0,8.0,220
2017-04-10,8.5,8.5,8.5,8.5,8.5,50
2017-04-11,7.900000095367432,7.900000095367432,8.399999618530273,7.699999809265137,8.0,1540
2017-04-12,8.600000381469727,8.600000381469727,8.600000381469727,7.900000095367432,7.900000095367432,200
2017-04-13,8.100000381469727,8.100000381469727,8.100000381469727,7.699999809265137,7.699999809265137,470
2017-04-17,8.100000381469727,8.100000381469727,8.100000381469727,8.100000381469727,8.100000381469727,120
2017-04-18,7.800000190734863,7.800000190734863,7.800000190734863,7.699999809265137,7.699999809265137,1000
2017-04-19,7.800000190734863,7.800000190734863,8.079999923706055,7.599999904632568,8.079999923706055,490
2017-04-20,7.849999904632568,7.849999904632568,8.0,7.5,8.0,1120
2017-04-21,7.699999809265137,7.699999809265137,8.100000381469727,7.400000095367432,8.100000381469727,750
2017-04-24,7.800000190734863,7.800000190734863,7.909999847412109,7.800000190734863,7.909999847412109,40
2017-04-25,7.800000190734863,7.800000190734863,7.800000190734863,7.099999904632568,7.300000190734863,1900
2017-04-26,7.699999809265137,7.699999809265137,7.699999809265137,7.300000190734863,7.300000190734863,320
2017-04-27,7.699999809265137,7.699999809265137,7.699999809265137,7.679999828338623,7.679999828338623,50
2017-04-28,7.199999809265137,7.199999809265137,7.5,7.0,7.0,1720
2017-05-01,7.199999809265137,7.199999809265137,7.300000190734863,7.199999809265137,7.300000190734863,200
2017-05-02,7.400000095367432,7.400000095367432,7.400000095367432,7.300000190734863,7.300000190734863,220
2017-05-03,7.5,7.5,7.5,7.5,7.5,30
2017-05-04,7.800000190734863,7.800000190734863,7.800000190734863,6.900000095367432,7.5,370
2017-05-05,7.800000190734863,7.800000190734863,7.800000190734863,7.800000190734863,7.800000190734863,0
2017-05-08,7.300000190734863,7.300000190734863,7.400000095367432,6.900000095367432,6.960000038146973,1520
2017-05-09,7.190000057220459,7.190000057220459,7.199999809265137,7.0,7.0,270
2017-05-10,7.239999771118164,7.239999771118164,7.300000190734863,6.900000095367432,7.300000190734863,550
2017-05-11,7.300000190734863,7.300000190734863,7.300000190734863,6.900000095367432,7.289999961853027,390
2017-05-12,7.5,7.5,7.5,7.300000190734863,7.300000190734863,400
2017-05-15,7.599999904632568,7.599999904632568,7.599999904632568,7.5,7.5,320
2017-05-16,7.599999904632568,7.599999904632568,7.599999904632568,6.800000190734863,7.300000190734863,950
2017-05-17,7.5,7.5,7.599999904632568,7.0,7.099999904632568,910
2017-05-18,6.800000190734863,6.800000190734863,7.550000190734863,6.800000190734863,7.199999809265137,1450
2017-05-19,7.699999809265137,7.699999809265137,7.800000190734863,7.199999809265137,7.199999809265137,550
2017-05-22,7.75,7.75,7.789999961853027,7.099999904632568,7.099999904632568,2310
2017-05-23,7.900000095367432,7.900000095367432,7.900000095367432,7.5,7.739999771118164,1820
2017-05-24,7.5,7.5,7.800000190734863,7.5,7.800000190734863,850
2017-05-25,7.699999809265137,7.699999809265137,7.800000190734863,7.0,7.0,1480
2017-05-26,7.400000095367432,7.400000095367432,7.639999866485596,6.699999809265137,7.210000038146973,1820
2017-05-30,7.400000095367432,7.400000095367432,7.400000095367432,7.099999904632568,7.400000095367432,690
2017-05-31,6.800000190734863,6.800000190734863,6.800000190734863,6.800000190734863,6.800000190734863,30
2017-06-01,7.590000152587891,7.590000152587891,7.590000152587891,6.400000095367432,6.800000190734863,1300
2017-06-02,7.400000095367432,7.400000095367432,7.400000095367432,7.400000095367432,7.400000095367432,140
2017-06-05,7.5,7.5,7.5,7.5,7.5,170
2017-06-06,7.599999904632568,7.599999904632568,7.599999904632568,7.539999961853027,7.539999961853027,180
2017-06-07,7.579999923706055,7.579999923706055,7.579999923706055,7.579999923706055,7.579999923706055,120
2017-06-08,7.050000190734863,7.050000190734863,7.099999904632568,6.5,7.0,1060
2017-06-09,6.980000019073486,6.980000019073486,6.980000019073486,6.5,6.5,350
2017-06-12,7.0,7.0,7.0,7.0,7.0,140
2017-06-13,7.0,7.0,7.0,7.0,7.0,50
2017-06-14,7.0,7.0,7.0,7.0,7.0,0
2017-06-15,6.0,6.0,6.5,6.0,6.309999942779541,140
2017-06-16,6.400000095367432,6.400000095367432,6.400000095367432,6.349999904632568,6.349999904632568,810
2017-06-19,6.690000057220459,6.690000057220459,6.699999809265137,6.099999904632568,6.400000095367432,4040
2017-06-20,6.699999809265137,6.699999809265137,6.699999809265137,5.900000095367432,5.900000095367432,260
2017-06-21,6.099999904632568,6.099999904632568,6.699999809265137,6.0,6.699999809265137,1530
2017-06-22,6.050000190734863,6.050000190734863,6.199999809265137,4.010000228881836,6.199999809265137,4690
2017-06-23,6.0,6.0,6.099999904632568,6.0,6.099999904632568,800
2017-06-26,6.5,6.5,6.599999904632568,5.5,5.5,1660
2017-06-27,7.590000152587891,7.590000152587891,7.599999904632568,6.5,6.599999904632568,15300
2017-06-28,6.5,6.5,6.949999809265137,6.199999809265137,6.949999809265137,1120
2017-06-29,6.599999904632568,6.599999904632568,6.599999904632568,6.599999904632568,6.599999904632568,650
2017-06-30,6.599999904632568,6.599999904632568,6.599999904632568,6.5,6.5,1590
2017-07-03,6.599999904632568,6.599999904632568,6.599999904632568,6.599999904632568,6.599999904632568,0
2017-07-05,6.599999904632568,6.599999904632568,6.599999904632568,6.599999904632568,6.599999904632568,0
2017-07-06,6.349999904632568,6.349999904632568,6.349999904632568,5.559999942779541,6.0,2110
2017-07-07,6.400000095367432,6.400000095367432,6.400000095367432,6.400000095367432,6.400000095367432,70
2017-07-10,6.400000095367432,6.400000095367432,6.400000095367432,6.400000095367432,6.400000095367432,90
2017-07-11,6.400000095367432,6.400000095367432,6.400000095367432,6.400000095367432,6.400000095367432,100
2017-07-12,6.400000095367432,6.400000095367432,6.400000095367432,6.400000095367432,6.400000095367432,0
2017-07-13,6.599999904632568,6.599999904632568,6.599999904632568,6.199999809265137,6.199999809265137,860
2017-07-14,6.550000190734863,6.550000190734863,6.550000190734863,5.349999904632568,5.349999904632568,1340
2017-07-17,6.550000190734863,6.550000190734863,6.550000190734863,6.550000190734863,6.550000190734863,70
2017-07-18,6.349999904632568,6.349999904632568,6.5,5.300000190734863,5.420000076293945,960
2017-07-19,6.5,6.5,6.5,6.5,6.5,30
2017-07-20,6.199999809265137,6.199999809265137,6.199999809265137,6.199999809265137,6.199999809265137,130
2017-07-21,6.199999809265137,6.199999809265137,6.199999809265137,6.0,6.0,200
2017-07-24,6.5,6.5,6.5,6.5,6.5,30
2017-07-25,5.699999809265137,5.699999809265137,5.699999809265137,5.5,5.699999809265137,460
2017-07-26,5.5,5.5,5.5,5.5,5.5,10
2017-07-27,5.5,5.5,5.5,5.400000095367432,5.400000095367432,1710
2017-07-28,5.400000095367432,5.400000095367432,5.5,5.010000228881836,5.5,1120
2017-07-31,5.599999904632568,5.599999904632568,5.599999904632568,5.400000095367432,5.5,810
2017-08-01,5.5,5.5,5.5,5.5,5.5,340
2017-08-02,5.550000190734863,5.550000190734863,5.550000190734863,5.010000228881836,5.010000228881836,170
2017-08-03,5.349999904632568,5.349999904632568,5.5,4.510000228881836,5.5,2050
2017-08-04,5.099999904632568,5.099999904632568,5.449999809265137,4.599999904632568,5.320000171661377,780
2017-08-07,5.150000095367432,5.150000095367432,5.449999809265137,4.610000133514404,5.449999809265137,1070
2017-08-08,4.699999809265137,4.699999809265137,5.400000095367432,4.5,5.400000095367432,2430
2017-08-09,5.25,5.25,5.400000095367432,4.699999809265137,4.699999809265137,4670
2017-08-10,4.699999809265137,4.699999809265137,5.0,4.619999885559082,5.0,1480
2017-08-11,5.150000095367432,5.150000095367432,5.619999885559082,4.199999809265137,5.619999885559082,4290
2017-08-14,5.150000095367432,5.150000095367432,5.150000095367432,5.150000095367432,5.150000095367432,0
2017-08-15,5.0,5.0,5.400000095367432,4.400000095367432,5.400000095367432,270
2017-08-16,5.0,5.0,5.400000095367432,5.0,5.400000095367432,290
2017-08-17,5.199999809265137,5.199999809265137,5.199999809265137,5.199999809265137,5.199999809265137,100
2017-08-18,5.329999923706055,5.329999923706055,5.329999923706055,5.329999923706055,5.329999923706055,100
2017-08-21,5.0,5.0,5.349999904632568,4.400000095367432,5.349999904632568,270
2017-08-22,4.400000095367432,4.400000095367432,5.0,4.400000095367432,5.0,90
2017-08-23,4.900000095367432,4.900000095367432,4.900000095367432,4.900000095367432,4.900000095367432,200
2017-08-24,4.800000190734863,4.800000190734863,4.900000095367432,4.400000095367432,4.900000095367432,1340
2017-08-25,4.800000190734863,4.800000190734863,4.800000190734863,4.699999809265137,4.800000190734863,1230
2017-08-28,5.300000190734863,5.300000190734863,5.349999904632568,4.900000095367432,4.900000095367432,760
2017-08-29,5.5,5.5,5.5,5.300000190734863,5.400000095367432,770
2017-08-30,5.5,5.5,5.5,5.300000190734863,5.5,1030
2017-08-31,5.5,5.5,5.5,5.400000095367432,5.5,650
2017-09-01,5.5,5.5,5.5,5.400000095367432,5.5,560
2017-09-05,5.099999904632568,5.099999904632568,6.199999809265137,4.800000190734863,5.5,14260
2017-09-06,5.0,5.0,5.360000133514404,5.0,5.360000133514404,340
2017-09-07,5.199999809265137,5.199999809265137,5.199999809265137,5.0,5.0,1330
2017-09-08,5.199999809265137,5.199999809265137,5.199999809265137,5.039999961853027,5.039999961853027,200
2017-09-11,5.199999809265137,5.199999809265137,5.199999809265137,5.199999809265137,5.199999809265137,0
2017-09-12,4.75,4.75,4.800000190734863,4.5,4.5,440
2017-09-13,4.800000190734863,4.800000190734863,4.800000190734863,4.800000190734863,4.800000190734863,100
2017-09-14,5.0,5.0,5.099999904632568,4.730000019073486,4.800000190734863,500
2017-09-15,5.099999904632568,5.099999904632568,5.099999904632568,5.099999904632568,5.099999904632568,50
2017-09-18,5.099999904632568,5.099999904632568,5.099999904632568,5.099999904632568,5.099999904632568,20
2017-09-19,5.099999904632568,5.099999904632568,5.099999904632568,5.099999904632568,5.099999904632568,0
2017-09-20,5.099999904632568,5.099999904632568,5.099999904632568,5.099999904632568,5.099999904632568,0
2017-09-21,5.099999904632568,5.099999904632568,5.099999904632568,5.099999904632568,5.099999904632568,0
2017-09-22,5.25,5.25,5.25,5.0,5.099999904632568,610
2017-09-25,5.25,5.25,5.25,5.25,5.25,50
2017-09-26,5.199999809265137,5.199999809265137,5.199999809265137,5.199999809265137,5.199999809265137,800
2017-09-27,5.099999904632568,5.099999904632568,5.25,4.949999809265137,5.25,400
2017-09-28,5.079999923706055,5.079999923706055,5.599999904632568,5.079999923706055,5.5,400
2017-09-29,5.400000095367432,5.400000095367432,5.400000095367432,5.0,5.300000190734863,580
2017-10-02,5.199999809265137,5.199999809265137,5.300000190734863,4.510000228881836,4.510000228881836,1450
2017-10-03,5.199999809265137,5.199999809265137,5.199999809265137,4.96999979019165,5.199999809265137,1550
2017-10-04,7.0,7.0,7.0,4.900000095367432,4.900000095367432,6150
2017-10-05,5.900000095367432,5.900000095367432,6.800000190734863,5.5,5.5,8500
2017-10-06,6.199999809265137,6.199999809265137,6.300000190734863,5.5,5.900000095367432,5990
2017-10-09,6.349999904632568,6.349999904632568,6.349999904632568,6.199999809265137,6.300000190734863,840
2017-10-10,6.199999809265137,6.199999809265137,6.349999904632568,5.650000095367432,6.349999904632568,6400
2017-10-11,6.099999904632568,6.099999904632568,6.400000095367432,6.0,6.0,660
2017-10-12,6.300000190734863,6.300000190734863,6.800000190734863,6.050000190734863,6.050000190734863,1730
2017-10-13,6.099999904632568,6.099999904632568,6.300000190734863,6.0,6.300000190734863,1170
2017-10-16,5.800000190734863,5.800000190734863,6.099999904632568,5.800000190734863,6.0,1300
2017-10-17,5.900000095367432,5.900000095367432,5.900000095367432,5.900000095367432,5.900000095367432,100
2017-10-18,5.900000095367432,5.900000095367432,5.900000095367432,5.900000095367432,5.900000095367432,200
2017-10-19,5.699999809265137,5.699999809265137,5.800000190734863,5.400000095367432,5.599999904632568,1580
2017-10-20,5.900000095367432,5.900000095367432,5.900000095367432,5.900000095367432,5.900000095367432,50
2017-10-23,5.900000095367432,5.900000095367432,5.900000095367432,5.900000095367432,5.900000095367432,50
2017-10-24,6.5,6.5,6.5,5.900000095367432,5.900000095367432,300
2017-10-25,6.5,6.5,6.5,6.5,6.5,0
2017-10-26,5.900000095367432,5.900000095367432,5.900000095367432,5.5,5.550000190734863,1820
2017-10-27,5.900000095367432,5.900000095367432,5.900000095367432,5.900000095367432,5.900000095367432,1480
2017-10-30,5.900000095367432,5.900000095367432,5.900000095367432,5.5,5.550000190734863,1840
2017-10-31,5.849999904632568,5.849999904632568,5.849999904632568,5.400000095367432,5.400000095367432,350
2017-11-01,5.900000095367432,5.900000095367432,5.900000095367432,5.849999904632568,5.849999904632568,500
2017-11-02,5.900000095367432,5.900000095367432,5.900000095367432,5.900000095367432,5.900000095367432,400
2017-11-03,5.900000095367432,5.900000095367432,5.900000095367432,5.800000190734863,5.800000190734863,1610
2017-11-06,5.900000095367432,5.900000095367432,5.900000095367432,5.900000095367432,5.900000095367432,0
2017-11-07,6.400000095367432,6.400000095367432,6.400000095367432,6.099999904632568,6.099999904632568,300
2017-11-08,6.400000095367432,6.400000095367432,6.400000095367432,5.5,5.5,960
2017-11-09,6.630000114440918,6.630000114440918,6.730000019073486,6.630000114440918,6.71999979019165,150
2017-11-10,6.630000114440918,6.630000114440918,6.630000114440918,6.630000114440918,6.630000114440918,0
2017-11-13,6.630000114440918,6.630000114440918,6.630000114440918,6.630000114440918,6.630000114440918,0
2017-11-14,6.0,6.0,6.0,5.5,5.5,440
2017-11-15,7.199999809265137,7.199999809265137,7.199999809265137,6.0,6.0,710
2017-11-16,7.199999809265137,7.199999809265137,7.199999809265137,6.800000190734863,6.800000190734863,270
2017-11-17,7.0,7.0,7.099999904632568,7.0,7.099999904632568,1210
2017-11-20,8.0,8.0,8.0,7.0,7.0,1130
2017-11-21,8.0,8.0,8.0,8.0,8.0,0
2017-11-22,9.300000190734863,9.300000190734863,9.300000190734863,8.300000190734863,8.300000190734863,1200
2017-11-24,8.899999618530273,8.899999618530273,8.899999618530273,8.899999618530273,8.899999618530273,100
2017-11-27,8.899999618530273,8.899999618530273,8.899999618530273,8.899999618530273,8.899999618530273,0
2017-11-28,8.399999618530273,8.399999618530273,8.399999618530273,7.550000190734863,8.149999618530273,500
2017-11-29,8.399999618530273,8.399999618530273,8.399999618530273,8.399999618530273,8.399999618530273,0
2017-11-30,8.350000381469727,8.350000381469727,8.5,7.699999809265137,7.699999809265137,500
2017-12-01,8.449999809265137,8.449999809265137,8.5,7.599999904632568,8.350000381469727,800
2017-12-04,9.699999809265137,9.699999809265137,9.699999809265137,7.900000095367432,7.900000095367432,6200
2017-12-05,9.289999961853027,9.289999961853027,9.5,9.0,9.199999809265137,2000
2017-12-06,9.020000457763672,9.020000457763672,9.050000190734863,8.199999809265137,9.0,4300
2017-12-07,9.0,9.0,9.010000228881836,9.0,9.010000228881836,1400
2017-12-08,9.0,9.0,9.0,9.0,9.0,100
2017-12-11,9.489999771118164,9.489999771118164,9.5,8.899999618530273,9.010000228881836,1000
2017-12-12,9.5,9.5,9.5,9.34000015258789,9.479999542236328,1100
2017-12-13,9.489999771118164,9.489999771118164,9.489999771118164,9.0,9.0,1900
2017-12-14,8.90999984741211,8.90999984741211,8.989999771118164,8.100000381469727,8.40999984741211,800
2017-12-15,8.199999809265137,8.199999809265137,9.489999771118164,7.900000095367432,9.239999771118164,3600
2017-12-18,9.0,9.0,9.0,9.0,9.0,100
2017-12-19,9.489999771118164,9.489999771118164,9.489999771118164,9.0,9.0,900
2017-12-20,9.5,9.5,9.5,9.489999771118164,9.489999771118164,600
2017-12-21,9.920000076293945,9.920000076293945,9.920000076293945,9.470000267028809,9.470000267028809,600
2017-12-22,9.550000190734863,9.550000190734863,9.550000190734863,9.5,9.550000190734863,1000
2017-12-26,9.550000190734863,9.550000190734863,9.550000190734863,9.300000190734863,9.300000190734863,400
2017-12-27,9.5,9.5,9.550000190734863,9.5,9.550000190734863,400
2017-12-28,10.649999618530273,10.649999618530273,10.649999618530273,9.5,9.550000190734863,5800
2017-12-29,10.199999809265137,10.199999809265137,10.5,10.0,10.300000190734863,3300
2018-01-02,10.800000190734863,10.800000190734863,10.800000190734863,10.199999809265137,10.199999809265137,1300
2018-01-03,11.600000381469727,11.600000381469727,11.800000190734863,9.600000381469727,11.5,1800
2018-01-04,11.789999961853027,11.789999961853027,11.789999961853027,11.645000457763672,11.645000457763672,1100
2018-01-05,11.489999771118164,11.489999771118164,11.489999771118164,11.100000381469727,11.25,1900
2018-01-08,11.399999618530273,11.399999618530273,11.399999618530273,9.0,11.399999618530273,300
2018-01-09,11.239999771118164,11.239999771118164,11.25,10.0,10.0,1700
2018-01-10,11.050000190734863,11.050000190734863,11.449999809265137,11.050000190734863,11.449999809265137,200
2018-01-11,10.020000457763672,10.020000457763672,10.050000190734863,10.0,10.0,1600
2018-01-12,10.5,10.5,10.5,9.100000381469727,10.050000190734863,6200
2018-01-16,10.789999961853027,10.789999961853027,10.789999961853027,10.25,10.25,2200
2018-01-17,10.789999961853027,10.789999961853027,10.789999961853027,10.5,10.789999961853027,1400
2018-01-18,10.789999961853027,10.789999961853027,10.789999961853027,10.789999961853027,10.789999961853027,100
2018-01-19,10.789999961853027,10.789999961853027,10.789999961853027,10.789999961853027,10.789999961853027,0
2018-01-22,10.0,10.0,10.050000190734863,10.0,10.0,2400
2018-01-23,10.020000457763672,10.020000457763672,10.020000457763672,9.800000190734863,10.020000457763672,700
2018-01-24,10.5,10.5,10.600000381469727,9.899999618530273,10.010000228881836,20900
2018-01-25,11.289999961853027,11.289999961853027,11.470000267028809,10.0,10.100000381469727,9000
2018-01-26,11.5,11.5,11.5,10.600000381469727,10.800000190734863,5700
2018-01-29,11.449999809265137,11.449999809265137,11.5,10.699999809265137,10.930000305175781,2900
2018-01-30,11.5,11.5,12.0,11.0,11.100000381469727,2100
2018-01-31,11.399999618530273,11.399999618530273,11.5,11.399999618530273,11.5,400
2018-02-01,11.510000228881836,11.510000228881836,11.550000190734863,11.350000381469727,11.350000381469727,1200
2018-02-02,11.350000381469727,11.350000381469727,11.479999542236328,11.0,11.0,700
2018-02-05,11.100000381469727,11.100000381469727,11.149999618530273,10.899999618530273,11.149999618530273,1000
2018-02-06,11.0,11.0,11.350000381469727,10.699999809265137,11.350000381469727,800
2018-02-07,11.0,11.0,11.0,10.600000381469727,11.0,1200
2018-02-08,10.989999771118164,10.989999771118164,10.989999771118164,10.5,10.5,600
2018-02-09,11.0,11.0,11.0,10.5,10.5,500
2018-02-12,11.09000015258789,11.09000015258789,11.109999656677246,10.5,11.0,800
2018-02-13,11.399999618530273,11.399999618530273,11.399999618530273,10.5,10.5,400
2018-02-14,11.130000114440918,11.130000114440918,11.130000114440918,10.600000381469727,10.600000381469727,500
2018-02-15,11.130000114440918,11.130000114440918,11.130000114440918,11.130000114440918,11.130000114440918,0
2018-02-16,11.130000114440918,11.130000114440918,11.130000114440918,11.130000114440918,11.130000114440918,0
2018-02-20,10.970000267028809,10.970000267028809,10.970000267028809,10.449999809265137,10.449999809265137,300
2018-02-21,10.989999771118164,10.989999771118164,11.0,10.399999618530273,11.0,600
2018-02-22,11.100000381469727,11.100000381469727,11.100000381469727,10.710000038146973,10.710000038146973,4100
2018-02-23,11.0,11.0,11.100000381469727,10.600000381469727,11.100000381469727,700
2018-02-26,11.0,11.0,11.0,11.0,11.0,100
2018-02-27,10.6899995803833,10.6899995803833,10.800000190734863,10.199999809265137,10.40999984741211,700
2018-02-28,10.850000381469727,10.850000381469727,11.0,10.399999618530273,10.399999618530273,10700
2018-03-01,10.989999771118164,10.989999771118164,11.1899995803833,10.399999618530273,10.600000381469727,3600
2018-03-02,11.130000114440918,11.130000114440918,11.300000190734863,10.5,11.300000190734863,1200
2018-03-05,12.5,12.5,12.5,10.789999961853027,10.789999961853027,1800
2018-03-06,10.899999618530273,10.899999618530273,11.0,10.399999618530273,11.0,1700
2018-03-07,11.0,11.0,11.100000381469727,10.399999618530273,11.100000381469727,1400
2018-03-08,10.800000190734863,10.800000190734863,10.949999809265137,10.199999809265137,10.300000190734863,1800
2018-03-09,10.699999809265137,10.699999809265137,10.800000190734863,10.300000190734863,10.800000190734863,7000
2018-03-12,10.699999809265137,10.699999809265137,10.699999809265137,10.199999809265137,10.699999809265137,1500
2018-03-13,10.800000190734863,10.800000190734863,10.800000190734863,10.25,10.25,900
2018-03-14,10.0,10.0,10.399999618530273,9.850000381469727,10.199999809265137,7000
2018-03-15,10.149999618530273,10.149999618530273,10.199999809265137,9.75,10.199999809265137,500
2018-03-16,10.0,10.0,10.0,9.5,9.649999618530273,1100
2018-03-19,9.0,9.0,9.350000381469727,9.0,9.0,700
2018-03-20,8.920000076293945,8.920000076293945,8.920000076293945,8.5,8.800000190734863,1100
2018-03-21,8.949999809265137,8.949999809265137,8.949999809265137,8.800000190734863,8.800000190734863,300
2018-03-22,8.949999809265137,8.949999809265137,8.949999809265137,8.899999618530273,8.899999618530273,500
2018-03-23,8.949999809265137,8.949999809265137,8.949999809265137,8.949999809265137,8.949999809265137,100
2018-03-26,8.899999618530273,8.899999618530273,8.920000076293945,8.449999809265137,8.920000076293945,600
2018-03-27,8.699999809265137,8.699999809265137,8.930000305175781,8.300000190734863,8.930000305175781,1400
2018-03-28,8.600000381469727,8.600000381469727,8.600000381469727,8.199999809265137,8.5,2500
2018-03-29,8.989999771118164,8.989999771118164,8.989999771118164,8.600000381469727,8.600000381469727,3200
2018-04-02,8.5,8.5,8.5,8.300000190734863,8.399999618530273,500
2018-04-03,8.25,8.25,8.699999809265137,8.180000305175781,8.5,4500
2018-04-04,8.25,8.25,8.5,7.800000190734863,8.5,4800
2018-04-05,8.25,8.25,8.25,8.199999809265137,8.199999809265137,2100
2018-04-06,8.25,8.25,8.25,8.25,8.25,0
2018-04-09,8.25,8.25,8.25,8.25,8.25,1000
2018-04-10,8.25,8.25,8.25,8.25,8.25,300
2018-04-11,8.25,8.25,8.25,8.25,8.25,0
2018-04-12,8.0,8.0,8.0,7.900000095367432,8.0,400
2018-04-13,7.690000057220459,7.690000057220459,8.399999618530273,6.900000095367432,8.399999618530273,4900
2018-04-16,6.949999809265137,6.949999809265137,8.199999809265137,6.0,8.199999809265137,3500
2018-04-17,6.989999771118164,6.989999771118164,7.599999904632568,6.5,7.0,2300
2018-04-18,7.699999809265137,7.699999809265137,7.699999809265137,6.699999809265137,7.0,500
2018-04-19,7.550000190734863,7.550000190734863,7.550000190734863,6.5,6.5,1100
2018-04-20,8.399999618530273,8.399999618530273,9.0,6.0,7.650000095367432,800
2018-04-23,5.5,5.5,6.0,5.25,5.5,20600
2018-04-24,5.079999923706055,5.079999923706055,6.099999904632568,5.050000190734863,6.099999904632568,17200
2018-04-25,5.300000190734863,5.300000190734863,5.300000190734863,5.099999904632568,5.099999904632568,1000
2018-04-26,5.0,5.0,5.300000190734863,4.5,5.300000190734863,6100
2018-04-27,5.300000190734863,5.300000190734863,5.300000190734863,5.099999904632568,5.099999904632568,200
2018-04-30,5.5,5.5,5.5,5.5,5.5,1300
2018-05-01,6.0,6.0,6.0,6.0,6.0,100
2018-05-02,6.099999904632568,6.099999904632568,6.150000095367432,5.739999771118164,6.0,1400
2018-05-03,5.5,5.5,5.75,4.599999904632568,4.599999904632568,900
2018-05-04,5.5,5.5,5.5,5.5,5.5,0
2018-05-07,5.050000190734863,5.050000190734863,5.800000190734863,4.5,5.800000190734863,5100
2018-05-08,5.559999942779541,5.559999942779541,5.699999809265137,5.5,5.5,7500
2018-05-09,5.650000095367432,5.650000095367432,5.650000095367432,5.5,5.5,3000
2018-05-10,6.210000038146973,6.210000038146973,6.210000038146973,5.650000095367432,5.650000095367432,800
2018-05-11,6.099999904632568,6.099999904632568,6.25,5.400000095367432,6.25,600
2018-05-14,6.800000190734863,6.800000190734863,6.800000190734863,6.25,6.25,300
2018-05-15,7.099999904632568,7.099999904632568,7.099999904632568,7.099999904632568,7.099999904632568,400
2018-05-16,7.099999904632568,7.099999904632568,7.099999904632568,7.099999904632568,7.099999904632568,0
2018-05-17,7.099999904632568,7.099999904632568,7.099999904632568,5.75,7.099999904632568,2700
2018-05-18,7.099999904632568,7.099999904632568,7.099999904632568,7.099999904632568,7.099999904632568,0
2018-05-21,7.0,7.0,7.150000095367432,7.0,7.150000095367432,800
2018-05-22,6.5,6.5,6.5,5.5,6.25,600
2018-05-23,6.5,6.5,6.5,6.5,6.5,0
2018-05-24,6.400000095367432,6.400000095367432,6.400000095367432,5.090000152587891,5.090000152587891,3900
2018-05-25,7.099999904632568,7.099999904632568,7.099999904632568,6.5,6.800000190734863,2500
2018-05-29,7.210000038146973,7.210000038146973,7.210000038146973,7.0,7.0,600
2018-05-30,7.699999809265137,7.699999809265137,7.900000095367432,6.800000190734863,7.199999809265137,10500
2018-05-31,7.800000190734863,7.800000190734863,7.900000095367432,7.0,7.900000095367432,5100
2018-06-01,7.900000095367432,7.900000095367432,7.900000095367432,7.510000228881836,7.75,1400
2018-06-04,7.900000095367432,7.900000095367432,7.900000095367432,7.900000095367432,7.900000095367432,2200
2018-06-05,7.800000190734863,7.800000190734863,8.0,7.199999809265137,8.0,900
2018-06-06,7.699999809265137,7.699999809265137,7.900000095367432,7.699999809265137,7.900000095367432,600
2018-06-07,6.199999809265137,6.199999809265137,8.0,6.050000190734863,8.0,2000
2018-06-08,6.090000152587891,6.090000152587891,6.150000095367432,5.800000190734863,6.0,8300
2018-06-11,6.079999923706055,6.079999923706055,6.150000095367432,5.900000095367432,6.110000133514404,2400
2018-06-12,6.150000095367432,6.150000095367432,6.150000095367432,6.150000095367432,6.150000095367432,200
2018-06-13,6.199999809265137,6.199999809265137,6.199999809265137,6.199999809265137,6.199999809265137,100
2018-06-14,5.800000190734863,5.800000190734863,6.099999904632568,5.53000020980835,5.699999809265137,6500
2018-06-15,5.599999904632568,5.599999904632568,5.599999904632568,5.5,5.5,5000
2018-06-18,5.400000095367432,5.400000095367432,5.75,5.199999809265137,5.75,1400
2018-06-19,5.300000190734863,5.300000190734863,5.300000190734863,5.0,5.0,3300
2018-06-20,5.75,5.75,5.75,5.199999809265137,5.300000190734863,2300
2018-06-21,5.650000095367432,5.650000095367432,5.800000190734863,5.5,5.800000190734863,800
2018-06-22,6.150000095367432,6.150000095367432,6.150000095367432,5.650000095367432,5.650000095367432,4500
2018-06-25,6.5,6.5,6.5,6.400000095367432,6.400000095367432,2100
2018-06-26,6.300000190734863,6.300000190734863,6.300000190734863,5.800000190734863,5.800000190734863,1200
2018-06-27,6.25,6.25,6.25,5.900000095367432,5.900000095367432,2800
2018-06-28,6.409999847412109,6.409999847412109,6.5,6.099999904632568,6.5,1300
2018-06-29,6.409999847412109,6.409999847412109,6.409999847412109,6.409999847412109,6.409999847412109,0
2018-07-02,6.449999809265137,6.449999809265137,6.900000095367432,6.0,6.349999904632568,2400
2018-07-03,6.300000190734863,6.300000190734863,6.300000190734863,6.300000190734863,6.300000190734863,300
2018-07-05,7.789999961853027,7.789999961853027,7.789999961853027,6.300000190734863,6.300000190734863,12100
2018-07-06,7.599999904632568,7.599999904632568,7.599999904632568,7.050000190734863,7.099999904632568,1900
2018-07-09,7.800000190734863,7.800000190734863,8.09000015258789,7.300000190734863,7.449999809265137,18700
2018-07-10,7.849999904632568,7.849999904632568,8.0,7.300000190734863,7.75,8500
2018-07-11,7.590000152587891,7.590000152587891,7.800000190734863,7.300000190734863,7.400000095367432,7300
2018-07-12,7.300000190734863,7.300000190734863,7.300000190734863,7.300000190734863,7.300000190734863,2800
2018-07-13,7.300000190734863,7.300000190734863,7.599999904632568,7.099999904632568,7.300000190734863,1300
2018-07-16,7.0,7.0,7.300000190734863,6.900000095367432,7.300000190734863,3100
2018-07-17,6.880000114440918,6.880000114440918,7.150000095367432,6.559999942779541,7.0,1500
2018-07-18,7.0,7.0,7.0,7.0,7.0,200
2018-07-19,7.099999904632568,7.099999904632568,7.150000095367432,6.800000190734863,7.0,400
2018-07-20,7.150000095367432,7.150000095367432,7.150000095367432,7.150000095367432,7.150000095367432,100
2018-07-23,6.769999980926514,6.769999980926514,6.769999980926514,6.389999866485596,6.5,2000
2018-07-24,7.0,7.0,7.0,6.099999904632568,6.849999904632568,3100
2018-07-25,7.150000095367432,7.150000095367432,7.150000095367432,6.75,7.019999980926514,1400
2018-07-26,7.199999809265137,7.199999809265137,7.199999809265137,6.900000095367432,7.150000095367432,900
2018-07-27,9.0,9.0,9.0,7.099999904632568,7.099999904632568,1100
2018-07-30,9.0,9.0,9.0,9.0,9.0,0
2018-07-31,6.900000095367432,6.900000095367432,7.699999809265137,6.900000095367432,7.199999809265137,3100
2018-08-01,7.570000171661377,7.570000171661377,7.570000171661377,6.400000095367432,7.099999904632568,1600
2018-08-02,7.099999904632568,7.099999904632568,7.5,7.099999904632568,7.5,200
2018-08-03,7.329999923706055,7.329999923706055,7.329999923706055,6.300000190734863,6.650000095367432,1900
2018-08-06,6.949999809265137,6.949999809265137,6.949999809265137,6.5,6.5,2300
2018-08-07,7.0,7.0,7.0,7.0,7.0,100
2018-08-08,7.099999904632568,7.099999904632568,7.099999904632568,7.0,7.0,700
2018-08-09,7.309999942779541,7.309999942779541,7.309999942779541,7.099999904632568,7.099999904632568,300
2018-08-10,7.0,7.0,7.449999809265137,6.400000095367432,7.449999809265137,400
2018-08-13,6.900000095367432,6.900000095367432,6.900000095367432,6.400000095367432,6.400000095367432,1100
2018-08-14,6.900000095367432,6.900000095367432,6.989999771118164,6.5,6.989999771118164,600
2018-08-15,7.0,7.0,7.0,6.900000095367432,6.900000095367432,200
2018-08-16,7.360000133514404,7.360000133514404,7.360000133514404,7.0,7.0,200
2018-08-17,7.5,7.5,7.5,7.0,7.099999904632568,3800
2018-08-20,7.400000095367432,7.400000095367432,7.400000095367432,7.400000095367432,7.400000095367432,100
2018-08-21,7.400000095367432,7.400000095367432,7.400000095367432,7.400000095367432,7.400000095367432,0
2018-08-22,7.400000095367432,7.400000095367432,7.400000095367432,7.400000095367432,7.400000095367432,0
2018-08-23,7.0,7.0,7.079999923706055,6.400000095367432,6.409999847412109,1100
2018-08-24,7.25,7.25,7.25,7.25,7.25,100
2018-08-27,7.0,7.0,7.0,6.400000095367432,6.400000095367432,700
2018-08-28,6.5,6.5,6.900000095367432,6.300000190734863,6.599999904632568,5200
2018-08-29,6.949999809265137,6.949999809265137,6.949999809265137,6.800000190734863,6.800000190734863,200
2018-08-30,7.099999904632568,7.099999904632568,7.099999904632568,7.099999904632568,7.099999904632568,400
2018-08-31,7.099999904632568,7.099999904632568,7.099999904632568,7.099999904632568,7.099999904632568,0
2018-09-04,6.400000095367432,6.400000095367432,6.699999809265137,6.28000020980835,6.28000020980835,500
2018-09-05,7.0,7.0,7.0,5.909999847412109,6.0,1000
2018-09-06,6.099999904632568,6.099999904632568,6.099999904632568,6.0,6.0,4300
2018-09-07,5.900000095367432,5.900000095367432,6.050000190734863,5.699999809265137,5.900000095367432,1600
2018-09-10,5.5,5.5,6.099999904632568,5.400000095367432,6.099999904632568,3000
2018-09-11,5.5,5.5,5.5,5.0,5.300000190734863,2700
2018-09-12,5.0,5.0,5.590000152587891,5.0,5.590000152587891,9200
2018-09-13,5.150000095367432,5.150000095367432,5.199999809265137,5.0,5.199999809265137,4400
2018-09-14,5.199999809265137,5.199999809265137,5.199999809265137,5.0,5.190000057220459,3500
2018-09-17,5.03000020980835,5.03000020980835,5.190000057220459,4.699999809265137,5.0,3000
2018-09-18,4.900000095367432,4.900000095367432,5.199999809265137,4.800000190734863,5.199999809265137,1800
2018-09-19,5.300000190734863,5.300000190734863,5.489999771118164,4.699999809265137,5.0,1800
2018-09-20,5.190000057220459,5.190000057220459,5.190000057220459,4.599999904632568,5.0,3400
2018-09-21,4.449999809265137,4.449999809265137,5.400000095367432,4.099999904632568,5.400000095367432,3800
2018-09-24,4.900000095367432,4.900000095367432,4.900000095367432,4.900000095367432,4.900000095367432,200
2018-09-25,5.199999809265137,5.199999809265137,5.199999809265137,5.199999809265137,5.199999809265137,100
2018-09-26,5.300000190734863,5.300000190734863,5.300000190734863,5.099999904632568,5.099999904632568,200
2018-09-27,5.300000190734863,5.300000190734863,5.300000190734863,5.300000190734863,5.300000190734863,0
2018-09-28,4.5,4.5,4.949999809265137,4.400000095367432,4.949999809265137,1200
2018-10-01,4.199999809265137,4.199999809265137,4.849999904632568,4.0,4.809999942779541,3000
2018-10-02,4.0,4.0,4.489999771118164,3.5,4.489999771118164,4400
2018-10-03,4.099999904632568,4.099999904632568,4.28000020980835,4.099999904632568,4.28000020980835,900
2018-10-04,4.199999809265137,4.199999809265137,4.25,4.199999809265137,4.25,700
2018-10-05,4.25,4.25,4.349999904632568,4.199999809265137,4.349999904632568,2400
2018-10-08,4.25,4.25,4.25,4.25,4.25,600
2018-10-09,4.25,4.25,4.300000190734863,4.25,4.300000190734863,1200
2018-10-10,4.5,4.5,4.5,4.0,4.150000095367432,1000
2018-10-11,4.800000190734863,4.800000190734863,4.800000190734863,3.0,4.400000095367432,10500
2018-10-12,4.300000190734863,4.300000190734863,4.440000057220459,3.9000000953674316,3.9000000953674316,3700
2018-10-15,4.199999809265137,4.199999809265137,4.550000190734863,4.0,4.300000190734863,3400
2018-10-16,4.150000095367432,4.150000095367432,4.199999809265137,4.0,4.199999809265137,2400
2018-10-17,4.409999847412109,4.409999847412109,4.409999847412109,4.409999847412109,4.409999847412109,100
2018-10-18,4.150000095367432,4.150000095367432,4.199999809265137,4.0,4.199999809265137,1100
2018-10-19,4.400000095367432,4.400000095367432,4.400000095367432,3.890000104904175,4.300000190734863,1900
2018-10-22,4.199999809265137,4.199999809265137,4.199999809265137,3.950000047683716,4.199999809265137,800
2018-10-23,4.400000095367432,4.400000095367432,4.400000095367432,4.400000095367432,4.400000095367432,100
2018-10-24,4.550000190734863,4.550000190734863,4.550000190734863,4.550000190734863,4.550000190734863,100
2018-10-25,4.550000190734863,4.550000190734863,4.550000190734863,4.550000190734863,4.550000190734863,0
2018-10-26,4.550000190734863,4.550000190734863,4.550000190734863,4.550000190734863,4.550000190734863,0
2018-10-29,4.550000190734863,4.550000190734863,4.550000190734863,4.550000190734863,4.550000190734863,0
2018-10-30,4.099999904632568,4.099999904632568,4.699999809265137,4.0,4.699999809265137,1300
2018-10-31,4.0,4.0,4.309999942779541,3.9049999713897705,4.0,2100
2018-11-01,4.599999904632568,4.599999904632568,4.599999904632568,4.0,4.199999809265137,6300
2018-11-02,4.900000095367432,4.900000095367432,4.900000095367432,4.400000095367432,4.400000095367432,11800
2018-11-05,4.900000095367432,4.900000095367432,4.900000095367432,4.300000190734863,4.75,7700
2018-11-06,4.980000019073486,4.980000019073486,4.980000019073486,4.550000190734863,4.889999866485596,3800
2018-11-07,4.909999847412109,4.909999847412109,5.0,4.550000190734863,5.0,5100
2018-11-08,4.550000190734863,4.550000190734863,4.880000114440918,4.300000190734863,4.550000190734863,10300
2018-11-09,4.5,4.5,4.909999847412109,4.5,4.690000057220459,5300
2018-11-12,4.400000095367432,4.400000095367432,4.900000095367432,4.349999904632568,4.880000114440918,2600
2018-11-13,4.989999771118164,4.989999771118164,4.989999771118164,4.5,4.5,5400
2018-11-14,4.800000190734863,4.800000190734863,4.949999809265137,4.5,4.949999809265137,2500
2018-11-15,5.150000095367432,5.150000095367432,6.400000095367432,4.980000019073486,5.489999771118164,12500
2018-11-16,6.199999809265137,6.199999809265137,6.199999809265137,5.230000019073486,5.380000114440918,1800
2018-11-19,7.400000095367432,7.400000095367432,7.400000095367432,6.199999809265137,6.199999809265137,2900
2018-11-20,7.389999866485596,7.389999866485596,7.389999866485596,6.699999809265137,7.364999771118164,4500
2018-11-21,7.0,7.0,7.349999904632568,6.599999904632568,7.349999904632568,5400
2018-11-23,7.0,7.0,7.099999904632568,7.0,7.099999904632568,1900
2018-11-26,7.099999904632568,7.099999904632568,7.489999771118164,7.0,7.300000190734863,3200
2018-11-27,6.989999771118164,6.989999771118164,7.199999809265137,6.5,7.099999904632568,2300
2018-11-28,7.039999961853027,7.039999961853027,7.039999961853027,6.800000190734863,6.800000190734863,1100
2018-11-29,7.179999828338623,7.179999828338623,7.179999828338623,7.179999828338623,7.179999828338623,100
2018-11-30,7.179999828338623,7.179999828338623,7.300000190734863,6.900000095367432,7.300000190734863,1200
2018-12-03,6.5,6.5,7.099999904632568,6.199999809265137,6.199999809265137,2000
2018-12-04,6.800000190734863,6.800000190734863,6.800000190734863,6.5,6.5,200
2018-12-06,6.800000190734863,6.800000190734863,6.800000190734863,6.800000190734863,6.800000190734863,0
2018-12-07,6.5,6.5,6.5,6.5,6.5,300
2018-12-10,6.480000019073486,6.480000019073486,6.480000019073486,6.03000020980835,6.03000020980835,600
2018-12-11,6.25,6.25,6.590000152587891,6.0,6.489999771118164,2300
2018-12-12,6.0,6.0,6.449999809265137,5.699999809265137,6.25,500
2018-12-13,5.0,5.0,5.519999980926514,4.289999961853027,5.519999980926514,4100
2018-12-14,4.099999904632568,4.099999904632568,5.25,4.099999904632568,5.0,1300
2018-12-17,3.5,3.5,4.25,3.5,4.25,3700
2018-12-18,3.25,3.25,4.5,3.0,3.950000047683716,12000
2018-12-19,3.200000047683716,3.200000047683716,3.75,3.200000047683716,3.5999999046325684,5400
2018-12-20,3.5,3.5,3.75,3.200000047683716,3.5,4300
2018-12-21,3.5,3.5,3.5,3.3499999046325684,3.5,4500
2018-12-24,3.0999999046325684,3.0999999046325684,3.25,2.109999895095825,3.25,3300
2018-12-26,3.0,3.0,3.0,2.5,2.5999999046325684,7200
2018-12-27,5.949999809265137,5.949999809265137,6.0,2.8499999046325684,2.9000000953674316,24800
2018-12-28,5.25,5.25,5.25,3.0,3.049999952316284,16700
2018-12-31,4.0,4.0,5.25,4.0,5.25,6300
2019-01-02,3.7200000286102295,3.7200000286102295,4.0,3.1500000953674316,3.5999999046325684,5500
2019-01-03,2.999000072479248,2.999000072479248,3.7200000286102295,2.999000072479248,3.7200000286102295,7500
2019-01-04,3.0,3.0,3.009999990463257,3.0,3.009999990463257,600
2019-01-07,2.799999952316284,2.799999952316284,2.9800000190734863,2.799999952316284,2.9800000190734863,200
2019-01-08,2.9800000190734863,2.9800000190734863,2.9800000190734863,2.799999952316284,2.799999952316284,3200
2019-01-09,2.7699999809265137,2.7699999809265137,2.9000000953674316,2.7699999809265137,2.9000000953674316,6000
2019-01-10,3.0,3.0,3.0,2.799999952316284,3.0,2800
2019-01-11,3.0,3.0,3.0,2.9000000953674316,3.0,1700
2019-01-14,2.9000000953674316,2.9000000953674316,2.9000000953674316,2.9000000953674316,2.9000000953674316,600
2019-01-15,3.5,3.5,3.5,2.799999952316284,2.9000000953674316,8500
2019-01-16,3.0,3.0,3.869999885559082,3.0,3.0199999809265137,4100
2019-01-17,2.799999952316284,2.799999952316284,3.1500000953674316,2.799999952316284,3.0,1500
2019-01-18,2.9000000953674316,2.9000000953674316,2.940000057220459,2.799999952316284,2.940000057220459,2000
2019-01-22,3.25,3.25,3.25,2.9000000953674316,3.0999999046325684,3400
2019-01-23,3.299999952316284,3.299999952316284,3.4000000953674316,3.1500000953674316,3.25,7300
2019-01-24,2.950000047683716,2.950000047683716,3.299999952316284,2.809999942779541,3.299999952316284,2500
2019-01-25,2.950000047683716,2.950000047683716,3.049999952316284,2.799999952316284,3.049999952316284,1800
2019-01-28,2.9000000953674316,2.9000000953674316,3.049999952316284,2.799999952316284,3.049999952316284,2800
2019-01-29,3.0,3.0,3.0,3.0,3.0,100
2019-01-30,2.4800000190734863,2.4800000190734863,2.5999999046325684,2.0999999046325684,2.5199999809265137,10500
2019-01-31,2.4000000953674316,2.4000000953674316,2.75,2.0299999713897705,2.75,10000
2019-02-01,2.890000104904175,2.890000104904175,2.890000104904175,2.25,2.25,1300
2019-02-04,2.890000104904175,2.890000104904175,2.890000104904175,2.890000104904175,2.890000104904175,100
2019-02-05,2.890000104904175,2.890000104904175,2.890000104904175,2.890000104904175,2.890000104904175,0
2019-02-06,3.134999990463257,3.134999990463257,3.380000114440918,2.6500000953674316,2.6500000953674316,800
2019-02-07,3.109999895095825,3.109999895095825,3.200000047683716,3.0,3.1600000858306885,700
2019-02-08,3.6500000953674316,3.6500000953674316,3.700000047683716,3.1500000953674316,3.1500000953674316,1600
2019-02-11,3.950000047683716,3.950000047683716,3.950000047683716,3.059999942779541,3.059999942779541,2600
2019-02-12,3.119999885559082,3.119999885559082,3.950000047683716,3.0899999141693115,3.700000047683716,7100
2019-02-13,3.1500000953674316,3.1500000953674316,3.25,3.0,3.130000114440918,1700
2019-02-14,3.200000047683716,3.200000047683716,3.200000047683716,3.200000047683716,3.200000047683716,100
2019-02-15,3.440000057220459,3.440000057220459,3.7200000286102295,3.200000047683716,3.200000047683716,3700
2019-02-19,3.440000057220459,3.440000057220459,3.440000057220459,3.440000057220459,3.440000057220459,500
2019-02-20,3.5,3.5,3.5,3.440000057220459,3.440000057220459,500
2019-02-21,3.75,3.75,3.8499999046325684,3.5,3.5,1000
2019-02-22,3.690000057220459,3.690000057220459,3.690000057220459,3.0799999237060547,3.299999952316284,2800
2019-02-25,3.690000057220459,3.690000057220459,3.690000057220459,3.690000057220459,3.690000057220459,0
2019-02-26,3.6700000762939453,3.6700000762939453,3.6700000762939453,3.6700000762939453,3.6700000762939453,100
2019-02-27,3.6700000762939453,3.6700000762939453,3.6700000762939453,3.6700000762939453,3.6700000762939453,0
2019-02-28,3.6500000953674316,3.6500000953674316,3.680000066757202,3.5899999141693115,3.5899999141693115,3600
2019-03-01,3.9000000953674316,3.9000000953674316,3.930000066757202,3.640000104904175,3.640000104904175,1700
2019-03-04,3.8299999237060547,3.8299999237060547,3.9000000953674316,3.799999952316284,3.9000000953674316,800
2019-03-05,3.9000000953674316,3.9000000953674316,3.9000000953674316,3.9000000953674316,3.9000000953674316,200
2019-03-06,3.9000000953674316,3.9000000953674316,3.9000000953674316,3.9000000953674316,3.9000000953674316,0
2019-03-07,3.9000000953674316,3.9000000953674316,3.9000000953674316,3.9000000953674316,3.9000000953674316,100
2019-03-08,3.8499999046325684,3.8499999046325684,3.8499999046325684,3.8499999046325684,3.8499999046325684,100
2019-03-11,3.8499999046325684,3.8499999046325684,3.8499999046325684,3.8499999046325684,3.8499999046325684,0
2019-03-12,3.700000047683716,3.700000047683716,3.799999952316284,3.700000047683716,3.799999952316284,300
2019-03-13,3.75,3.75,3.75,3.75,3.75,100
2019-03-14,3.490000009536743,3.490000009536743,3.490000009536743,3.0899999141693115,3.0899999141693115,900
2019-03-15,3.25,3.25,3.25,3.0899999141693115,3.0899999141693115,2700
2019-03-18,3.390000104904175,3.390000104904175,3.390000104904175,3.390000104904175,3.390000104904175,200
2019-03-19,3.490000009536743,3.490000009536743,3.490000009536743,3.490000009536743,3.490000009536743,100
2019-03-20,3.490000009536743,3.490000009536743,3.490000009536743,3.490000009536743,3.490000009536743,0
2019-03-21,3.5,3.5,3.5,3.25,3.25,500
2019-03-22,3.5,3.5,3.5,3.5,3.5,0
2019-03-25,3.5,3.5,3.5,3.5,3.5,0
2019-03-26,3.4730000495910645,3.4730000495910645,3.5999999046325684,3.4000000953674316,3.5,3000
2019-03-27,3.5,3.5,3.5,3.5,3.5,4700
2019-03-28,3.5,3.5,3.5,3.5,3.5,0
2019-03-29,3.5,3.5,3.5,3.5,3.5,3200
2019-04-01,3.380000114440918,3.380000114440918,3.380000114440918,3.380000114440918,3.380000114440918,200
2019-04-02,3.380000114440918,3.380000114440918,3.380000114440918,3.380000114440918,3.380000114440918,200
2019-04-03,3.380000114440918,3.380000114440918,3.380000114440918,3.380000114440918,3.380000114440918,0
2019-04-04,2.950000047683716,2.950000047683716,2.950000047683716,2.950000047683716,2.950000047683716,500
2019-04-05,3.440000057220459,3.440000057220459,3.440000057220459,3.2899999618530273,3.2899999618530273,300
2019-04-08,3.440000057220459,3.440000057220459,3.440000057220459,3.440000057220459,3.440000057220459,0
2019-04-09,3.440000057220459,3.440000057220459,3.440000057220459,3.440000057220459,3.440000057220459,100
2019-04-10,3.440000057220459,3.440000057220459,3.440000057220459,3.440000057220459,3.440000057220459,0
2019-04-11,3.440000057220459,3.440000057220459,3.440000057220459,3.440000057220459,3.440000057220459,0
2019-04-12,3.440000057220459,3.440000057220459,3.440000057220459,3.440000057220459,3.440000057220459,0
2019-04-15,3.440000057220459,3.440000057220459,3.440000057220459,3.440000057220459,3.440000057220459,0
2019-04-16,3.440000057220459,3.440000057220459,3.440000057220459,3.440000057220459,3.440000057220459,0
2019-04-17,2.9000000953674316,2.9000000953674316,2.9000000953674316,2.5999999046325684,2.9000000953674316,2700
2019-04-18,2.5999999046325684,2.5999999046325684,2.6459999084472656,2.5999999046325684,2.6459999084472656,200
2019-04-22,2.990000009536743,2.990000009536743,2.990000009536743,2.450000047683716,2.450000047683716,900
2019-04-23,3.299999952316284,3.299999952316284,3.299999952316284,3.299999952316284,3.299999952316284,100
2019-04-24,2.5999999046325684,2.5999999046325684,2.5999999046325684,2.5,2.509999990463257,1200
2019-04-25,2.640000104904175,2.640000104904175,2.640000104904175,2.5999999046325684,2.5999999046325684,700
2019-04-26,2.640000104904175,2.640000104904175,2.640000104904175,2.640000104904175,2.640000104904175,0
2019-04-29,2.5999999046325684,2.5999999046325684,2.740000009536743,2.5999999046325684,2.740000009536743,200
2019-04-30,2.690000057220459,2.690000057220459,2.690000057220459,2.690000057220459,2.690000057220459,100
2019-05-01,2.200000047683716,2.200000047683716,2.5999999046325684,2.049999952316284,2.5999999046325684,1700
2019-05-02,2.490000009536743,2.490000009536743,2.490000009536743,2.490000009536743,2.490000009536743,500
2019-05-03,2.5,2.5,2.5,2.5,2.5,300
2019-05-06,3.259999990463257,3.259999990463257,3.259999990463257,3.190999984741211,3.190999984741211,200
2019-05-07,3.299999952316284,3.299999952316284,3.299999952316284,3.0999999046325684,3.299999952316284,500
2019-05-08,3.299999952316284,3.299999952316284,3.299999952316284,3.299999952316284,3.299999952316284,300
2019-05-09,3.200000047683716,3.200000047683716,3.299999952316284,3.200000047683716,3.299999952316284,300
2019-05-10,3.319999933242798,3.319999933242798,3.319999933242798,3.319999933242798,3.319999933242798,100
2019-05-13,3.319999933242798,3.319999933242798,3.319999933242798,3.319999933242798,3.319999933242798,100
2019-05-14,3.319999933242798,3.319999933242798,3.319999933242798,3.319999933242798,3.319999933242798,100
2019-05-15,3.299999952316284,3.299999952316284,3.319999933242798,3.299999952316284,3.319999933242798,600
2019-05-16,3.299999952316284,3.299999952316284,3.299999952316284,3.299999952316284,3.299999952316284,0
2019-05-17,3.5,3.5,3.5,3.5,3.5,200
2019-05-20,3.5,3.5,3.5,3.5,3.5,0
2019-05-21,3.5,3.5,3.5,3.5,3.5,0
2019-05-22,3.5999999046325684,3.5999999046325684,3.5999999046325684,3.299999952316284,3.299999952316284,800
2019-05-23,3.450000047683716,3.450000047683716,3.450000047683716,3.450000047683716,3.450000047683716,200
2019-05-24,3.450000047683716,3.450000047683716,3.450000047683716,3.450000047683716,3.450000047683716,0
2019-05-28,3.450000047683716,3.450000047683716,3.450000047683716,3.450000047683716,3.450000047683716,0
2019-05-29,3.450000047683716,3.450000047683716,3.450000047683716,3.450000047683716,3.450000047683716,100
2019-05-30,3.450000047683716,3.450000047683716,3.450000047683716,3.450000047683716,3.450000047683716,0
2019-05-31,3.450000047683716,3.450000047683716,3.450000047683716,3.450000047683716,3.450000047683716,0
2019-06-03,3.450000047683716,3.450000047683716,3.450000047683716,3.450000047683716,3.450000047683716,0
2019-06-04,3.450000047683716,3.450000047683716,3.450000047683716,3.450000047683716,3.450000047683716,0
2019-06-05,3.450000047683716,3.450000047683716,3.450000047683716,3.450000047683716,3.450000047683716,100
2019-06-06,2.990000009536743,2.990000009536743,2.990000009536743,2.2699999809265137,2.509999990463257,3500
2019-06-07,3.0,3.0,3.0,2.990000009536743,2.990000009536743,1400
2019-06-10,3.0,3.0,3.0,3.0,3.0,2500
2019-06-11,3.5,3.5,3.5,3.0,3.0,1300
2019-06-12,3.5399999618530273,3.5399999618530273,3.700000047683716,3.0,3.5,6500
2019-06-13,3.700000047683716,3.700000047683716,3.869999885559082,3.3299999237060547,3.5399999618530273,1700
2019-06-14,3.5999999046325684,3.5999999046325684,3.9000000953674316,3.2300000190734863,3.700000047683716,2900
2019-06-17,3.9000000953674316,3.9000000953674316,3.9000000953674316,3.880000114440918,3.880000114440918,300
2019-06-18,3.700000047683716,3.700000047683716,3.880000114440918,3.2200000286102295,3.869999885559082,4200
2019-06-19,3.799999952316284,3.799999952316284,3.799999952316284,3.799999952316284,3.799999952316284,200
2019-06-20,3.9000000953674316,3.9000000953674316,3.9000000953674316,3.890000104904175,3.890000104904175,600
2019-06-21,3.9000000953674316,3.9000000953674316,3.9000000953674316,3.9000000953674316,3.9000000953674316,0
2019-06-24,3.8299999237060547,3.8299999237060547,3.8399999141693115,3.6700000762939453,3.6700000762939453,2000
2019-06-25,3.809999942779541,3.809999942779541,3.8399999141693115,3.799999952316284,3.8399999141693115,1700
2019-06-26,3.5,3.5,3.7699999809265137,3.25,3.7699999809265137,3500
2019-06-27,3.6500000953674316,3.6500000953674316,3.7899999618530273,3.259999990463257,3.490000009536743,2600
2019-06-28,3.200000047683716,3.200000047683716,3.2899999618530273,3.0999999046325684,3.1500000953674316,1600
2019-07-01,3.2799999713897705,3.2799999713897705,3.2899999618530273,3.0999999046325684,3.2899999618530273,3500
2019-07-02,3.2699999809265137,3.2699999809265137,3.2699999809265137,2.309999942779541,2.309999942779541,900
2019-07-03,3.25,3.25,3.25,3.25,3.25,200
2019-07-05,3.2899999618530273,3.2899999618530273,3.3499999046325684,3.200000047683716,3.2799999713897705,900
2019-07-08,3.180000066757202,3.180000066757202,3.2300000190734863,3.180000066757202,3.2300000190734863,1500
2019-07-09,3.180000066757202,3.180000066757202,3.190000057220459,2.559999942779541,3.180000066757202,1300
2019-07-10,3.180000066757202,3.180000066757202,3.180000066757202,3.180000066757202,3.180000066757202,500
2019-07-11,3.200000047683716,3.200000047683716,3.200000047683716,2.640000104904175,2.640000104904175,5500
2019-07-12,3.3399999141693115,3.3399999141693115,3.3499999046325684,3.1500000953674316,3.1500000953674316,1400
2019-07-15,3.1500000953674316,3.1500000953674316,3.1500000953674316,3.1500000953674316,3.1500000953674316,600
2019-07-16,3.299999952316284,3.299999952316284,3.3499999046325684,3.200000047683716,3.200000047683716,2700
2019-07-17,3.4000000953674316,3.4000000953674316,3.4000000953674316,3.2699999809265137,3.2699999809265137,3400
2019-07-18,3.069999933242798,3.069999933242798,3.450000047683716,2.9200000762939453,3.3499999046325684,4200
2019-07-19,3.0899999141693115,3.0899999141693115,3.0899999141693115,3.0899999141693115,3.0899999141693115,100
2019-07-22,3.299999952316284,3.299999952316284,3.299999952316284,3.299999952316284,3.299999952316284,100
2019-07-23,3.299999952316284,3.299999952316284,3.299999952316284,3.299999952316284,3.299999952316284,600
2019-07-24,3.0,3.0,3.0,3.0,3.0,200
2019-07-25,3.299999952316284,3.299999952316284,3.299999952316284,3.2100000381469727,3.2100000381469727,400
2019-07-26,3.299999952316284,3.299999952316284,3.299999952316284,3.299999952316284,3.299999952316284,400
2019-07-29,3.299999952316284,3.299999952316284,3.299999952316284,3.299999952316284,3.299999952316284,400
2019-07-30,3.299999952316284,3.299999952316284,3.299999952316284,3.299999952316284,3.299999952316284,400
2019-07-31,3.609999895095825,3.609999895095825,3.609999895095825,3.3499999046325684,3.3499999046325684,1400
2019-08-01,3.2899999618530273,3.2899999618530273,3.4000000953674316,2.2699999809265137,2.2699999809265137,800
2019-08-02,3.5,3.5,3.5,3.5,3.5,200
2019-08-05,3.5,3.5,3.5,3.5,3.5,200
2019-08-06,3.5,3.5,3.5,3.5,3.5,100
2019-08-07,3.5,3.5,3.5,3.5,3.5,100
2019-08-08,3.549999952316284,3.549999952316284,3.549999952316284,3.3499999046325684,3.3499999046325684,1100
2019-08-09,3.5,3.5,3.549999952316284,3.5,3.549999952316284,500
2019-08-12,3.309999942779541,3.309999942779541,3.549999952316284,3.0299999713897705,3.549999952316284,1500
2019-08-13,3.4200000762939453,3.4200000762939453,3.4200000762939453,3.4200000762939453,3.4200000762939453,100
2019-08-14,3.4200000762939453,3.4200000762939453,3.4200000762939453,3.4200000762939453,3.4200000762939453,100
2019-08-15,3.4200000762939453,3.4200000762939453,3.4200000762939453,3.4200000762939453,3.4200000762939453,100
2019-08-16,3.3910000324249268,3.3910000324249268,3.3910000324249268,3.3910000324249268,3.3910000324249268,0
2019-08-19,2.509999990463257,2.509999990463257,2.990000009536743,2.5,2.5,1200
2019-08-20,2.890000104904175,2.890000104904175,2.890000104904175,2.890000104904175,2.890000104904175,100
2019-08-21,3.200000047683716,3.200000047683716,3.200000047683716,2.9700000286102295,2.990000009536743,6600
2019-08-22,3.4200000762939453,3.4200000762939453,3.4200000762939453,3.4200000762939453,3.4200000762939453,200
2019-08-23,3.2799999713897705,3.2799999713897705,3.4200000762939453,2.9000000953674316,3.200000047683716,2100
2019-08-26,3.069999933242798,3.069999933242798,3.2799999713897705,2.6600000858306885,3.2799999713897705,2900
2019-08-27,3.0199999809265137,3.0199999809265137,3.069999933242798,2.799999952316284,3.069999933242798,3100
2019-08-28,2.940000057220459,2.940000057220459,2.940000057220459,2.799999952316284,2.799999952316284,1200
2019-08-29,2.700000047683716,2.700000047683716,3.200000047683716,2.5999999046325684,2.9000000953674316,1100
2019-08-30,2.8499999046325684,2.8499999046325684,3.109999895095825,2.609999895095825,2.700000047683716,2700
2019-09-03,2.75,2.75,2.990000009536743,2.5799999237060547,2.990000009536743,2900
2019-09-04,2.799999952316284,2.799999952316284,2.940000057220459,2.7899999618530273,2.940000057220459,900
2019-09-05,3.0,3.0,3.0,2.5999999046325684,2.940000057220459,2900
2019-09-06,2.6700000762939453,2.6700000762939453,3.200000047683716,2.6700000762939453,3.200000047683716,800
2019-09-09,2.700000047683716,2.700000047683716,2.940000057220459,2.5,2.8399999141693115,1700
2019-09-10,2.5,2.5,2.7799999713897705,2.4000000953674316,2.5,2500
2019-09-11,2.5999999046325684,2.5999999046325684,2.6500000953674316,2.5899999141693115,2.5899999141693115,1100
2019-09-12,2.6700000762939453,2.6700000762939453,2.700000047683716,2.4800000190734863,2.700000047683716,700
2019-09-13,2.6500000953674316,2.6500000953674316,2.6700000762939453,2.5,2.6700000762939453,1100
2019-09-16,2.5,2.5,2.6600000858306885,2.4000000953674316,2.4100000858306885,3400
2019-09-17,2.740000009536743,2.740000009536743,2.799999952316284,2.5,2.5,7000
2019-09-18,3.049999952316284,3.049999952316284,3.049999952316284,2.799999952316284,2.799999952316284,2000
2019-09-19,3.049999952316284,3.049999952316284,3.049999952316284,3.049999952316284,3.049999952316284,0
2019-09-20,3.0299999713897705,3.0299999713897705,3.049999952316284,2.9000000953674316,2.9000000953674316,2100
2019-09-23,3.200000047683716,3.200000047683716,3.200000047683716,2.9000000953674316,3.0399999618530273,2400
2019-09-24,3.200000047683716,3.200000047683716,3.200000047683716,3.200000047683716,3.200000047683716,0
2019-09-25,3.200000047683716,3.200000047683716,3.200000047683716,3.200000047683716,3.200000047683716,0
2019-09-26,3.5,3.5,3.5,3.0,3.0,1600
2019-09-27,3.299999952316284,3.299999952316284,3.299999952316284,3.0,3.0,2000
2019-09-30,3.299999952316284,3.299999952316284,3.299999952316284,3.299999952316284,3.299999952316284,100
2019-10-01,3.200000047683716,3.200000047683716,3.200000047683716,3.200000047683716,3.200000047683716,200
2019-10-02,2.990000009536743,2.990000009536743,3.3499999046325684,2.259999990463257,3.2100000381469727,2500
2019-10-03,3.299999952316284,3.299999952316284,3.299999952316284,3.200000047683716,3.200000047683716,700
2019-10-04,3.299999952316284,3.299999952316284,3.299999952316284,3.299999952316284,3.299999952316284,0
2019-10-07,3.299999952316284,3.299999952316284,3.299999952316284,3.240000009536743,3.25,900
2019-10-08,3.0999999046325684,3.0999999046325684,3.0999999046325684,2.630000114440918,3.0999999046325684,1100
2019-10-09,3.0999999046325684,3.0999999046325684,3.0999999046325684,3.0999999046325684,3.0999999046325684,100
2019-10-10,3.1500000953674316,3.1500000953674316,3.1500000953674316,3.0999999046325684,3.0999999046325684,500
2019-10-11,3.1500000953674316,3.1500000953674316,3.1500000953674316,3.1500000953674316,3.1500000953674316,200
2019-10-14,3.1500000953674316,3.1500000953674316,3.1500000953674316,3.1500000953674316,3.1500000953674316,400
2019-10-15,3.0899999141693115,3.0899999141693115,3.0999999046325684,2.7100000381469727,2.809999942779541,900
2019-10-16,3.0999999046325684,3.0999999046325684,3.0999999046325684,3.0999999046325684,3.0999999046325684,400
2019-10-17,3.0999999046325684,3.0999999046325684,3.0999999046325684,3.0999999046325684,3.0999999046325684,500
2019-10-18,3.0999999046325684,3.0999999046325684,3.0999999046325684,3.0999999046325684,3.0999999046325684,0
2019-10-21,3.0999999046325684,3.0999999046325684,3.0999999046325684,3.0999999046325684,3.0999999046325684,0
2019-10-22,3.0899999141693115,3.0899999141693115,3.0899999141693115,2.740000009536743,2.740000009536743,900
2019-10-23,3.0899999141693115,3.0899999141693115,3.0899999141693115,3.0799999237060547,3.0799999237060547,200
2019-10-24,3.0999999046325684,3.0999999046325684,3.0999999046325684,3.0899999141693115,3.0999999046325684,2400
2019-10-25,3.059999942779541,3.059999942779541,3.059999942779541,3.059999942779541,3.059999942779541,500
2019-10-28,3.059999942779541,3.059999942779541,3.059999942779541,3.059999942779541,3.059999942779541,100
2019-10-29,3.059999942779541,3.059999942779541,3.059999942779541,3.059999942779541,3.059999942779541,0
2019-10-30,3.0999999046325684,3.0999999046325684,3.0999999046325684,3.059999942779541,3.059999942779541,500
2019-10-31,2.9200000762939453,2.9200000762939453,2.9200000762939453,2.859999895095825,2.859999895095825,400
2019-11-01,2.9200000762939453,2.9200000762939453,2.9200000762939453,2.9200000762939453,2.9200000762939453,0
2019-11-04,3.0,3.0,3.0,3.0,3.0,100
2019-11-05,3.0,3.0,3.0,2.799999952316284,2.9000000953674316,800
2019-11-06,3.049999952316284,3.049999952316284,3.049999952316284,3.049999952316284,3.049999952316284,300
2019-11-07,2.5,2.5,3.0,2.5,2.950000047683716,5500
2019-11-08,2.5,2.5,2.680000066757202,2.5,2.5,700
2019-11-11,2.5,2.5,2.5,2.5,2.5,400
2019-11-12,2.7699999809265137,2.7699999809265137,2.7699999809265137,2.7699999809265137,2.7699999809265137,100
2019-11-13,2.7699999809265137,2.7699999809265137,2.7699999809265137,2.7699999809265137,2.7699999809265137,0
2019-11-14,2.640000104904175,2.640000104904175,2.6600000858306885,2.4200000762939453,2.4200000762939453,2200
2019-11-15,2.740000009536743,2.740000009536743,2.740000009536743,2.549999952316284,2.559999942779541,1100
2019-11-18,2.5,2.5,2.7699999809265137,2.5,2.7699999809265137,1200
2019-11-19,2.6600000858306885,2.6600000858306885,2.7300000190734863,2.509999990463257,2.6700000762939453,400
2019-11-20,2.700000047683716,2.700000047683716,2.7200000286102295,2.6700000762939453,2.7200000286102295,600
2019-11-21,2.7300000190734863,2.7300000190734863,2.7300000190734863,2.690000057220459,2.690000057220459,400
2019-11-22,2.7300000190734863,2.7300000190734863,2.7300000190734863,2.7300000190734863,2.7300000190734863,100
2019-11-25,2.7200000286102295,2.7200000286102295,2.7200000286102295,2.509999990463257,2.700000047683716,1900
2019-11-26,2.7200000286102295,2.7200000286102295,2.7200000286102295,2.7200000286102295,2.7200000286102295,0
2019-11-27,2.5,2.5,2.6760001182556152,2.5,2.6760001182556152,1100
2019-11-29,2.619999885559082,2.619999885559082,2.619999885559082,2.450000047683716,2.450000047683716,200
2019-12-02,2.9000000953674316,2.9000000953674316,2.9000000953674316,2.5999999046325684,2.5999999046325684,1800
2019-12-03,2.5999999046325684,2.5999999046325684,2.5999999046325684,2.509999990463257,2.549999952316284,2800
2019-12-04,2.5999999046325684,2.5999999046325684,2.5999999046325684,2.5999999046325684,2.5999999046325684,0
2019-12-05,2.5999999046325684,2.5999999046325684,2.740000009536743,2.5,2.5,1600
2019-12-06,2.5999999046325684,2.5999999046325684,2.5999999046325684,2.5999999046325684,2.5999999046325684,0
2019-12-09,2.5999999046325684,2.5999999046325684,2.5999999046325684,2.5999999046325684,2.5999999046325684,0
2019-12-10,2.5999999046325684,2.5999999046325684,2.5999999046325684,2.5999999046325684,2.5999999046325684,0
2019-12-11,2.5999999046325684,2.5999999046325684,2.5999999046325684,2.5999999046325684,2.5999999046325684,0
2019-12-12,2.5999999046325684,2.5999999046325684,2.5999999046325684,2.5999999046325684,2.5999999046325684,0
2019-12-13,2.5999999046325684,2.5999999046325684,2.5999999046325684,2.5999999046325684,2.5999999046325684,0
2019-12-16,2.3499999046325684,2.3499999046325684,2.5,2.3499999046325684,2.490000009536743,1100
2019-12-17,2.5,2.5,2.5,2.450000047683716,2.450000047683716,600
2019-12-18,2.869999885559082,2.869999885559082,3.0,2.3499999046325684,2.5,4600
2019-12-19,2.5,2.5,2.9600000381469727,2.5,2.700000047683716,5600
2019-12-20,2.5999999046325684,2.5999999046325684,2.5999999046325684,2.5999999046325684,2.5999999046325684,400
2019-12-23,2.6700000762939453,2.6700000762939453,2.6700000762939453,2.6700000762939453,2.6700000762939453,100
2019-12-24,2.25,2.25,2.4000000953674316,2.25,2.4000000953674316,2300
2019-12-26,2.25,2.25,2.25,2.0999999046325684,2.0999999046325684,700
2019-12-27,2.5,2.5,2.5,2.299999952316284,2.299999952316284,2200
2019-12-30,2.240000009536743,2.240000009536743,2.6700000762939453,2.1500000953674316,2.6700000762939453,4900
2019-12-31,2.200000047683716,2.200000047683716,2.240000009536743,2.0999999046325684,2.1500000953674316,2500
2020-01-02,2.390000104904175,2.390000104904175,2.390000104904175,2.240000009536743,2.240000009536743,200
2020-01-03,2.049999952316284,2.049999952316284,2.200000047683716,2.049999952316284,2.0799999237060547,1500
2020-01-06,2.200000047683716,2.200000047683716,2.200000047683716,2.200000047683716,2.200000047683716,200
2020-01-07,2.190000057220459,2.190000057220459,2.200000047683716,2.0,2.180000066757202,1700
2020-01-08,2.190000057220459,2.190000057220459,2.190000057220459,2.190000057220459,2.190000057220459,0
2020-01-09,2.049999952316284,2.049999952316284,2.0999999046325684,1.899999976158142,2.0,2300
2020-01-10,2.0,2.0,2.190000057220459,1.899999976158142,2.049999952316284,2400
2020-01-13,2.140000104904175,2.140000104904175,2.140000104904175,2.0,2.0,500
2020-01-14,2.1500000953674316,2.1500000953674316,2.3399999141693115,2.049999952316284,2.1500000953674316,2100
2020-01-15,2.0999999046325684,2.0999999046325684,2.0999999046325684,2.0,2.0,300
2020-01-16,2.240000009536743,2.240000009536743,2.240000009536743,2.0899999141693115,2.0899999141693115,600
2020-01-17,2.119999885559082,2.119999885559082,2.119999885559082,1.9500000476837158,2.0999999046325684,4400
2020-01-21,1.9800000190734863,1.9800000190734863,1.9800000190734863,1.899999976158142,1.9500000476837158,1400
2020-01-22,1.9800000190734863,1.9800000190734863,1.9800000190734863,1.9800000190734863,1.9800000190734863,0
2020-01-23,1.850000023841858,1.850000023841858,1.850000023841858,1.7599999904632568,1.850000023841858,1300
2020-01-24,2.0799999237060547,2.0799999237060547,2.0899999141693115,1.7899999618530273,1.850000023841858,500
2020-01-27,2.049999952316284,2.049999952316284,2.049999952316284,1.7699999809265137,1.7699999809265137,800
2020-01-28,2.049999952316284,2.049999952316284,2.049999952316284,2.049999952316284,2.049999952316284,0
2020-01-29,2.049999952316284,2.049999952316284,2.049999952316284,2.049999952316284,2.049999952316284,0
2020-01-30,1.9500000476837158,1.9500000476837158,2.0899999141693115,1.899999976158142,2.0899999141693115,1400
2020-01-31,1.7100000381469727,1.7100000381469727,1.809999942779541,1.7000000476837158,1.809999942779541,2500
2020-02-03,1.8799999952316284,1.8799999952316284,1.9900000095367432,1.7000000476837158,1.7100000381469727,3500
2020-02-04,1.850000023841858,1.850000023841858,1.909999966621399,1.7000000476837158,1.8799999952316284,4400
2020-02-05,1.840000033378601,1.840000033378601,1.840000033378601,1.7000000476837158,1.7000000476837158,1500
2020-02-06,1.840000033378601,1.840000033378601,1.840000033378601,1.840000033378601,1.840000033378601,1500
2020-02-07,1.7999999523162842,1.7999999523162842,1.7999999523162842,1.690000057220459,1.7000000476837158,2900
2020-02-10,1.9700000286102295,1.9700000286102295,2.0199999809265137,1.7000000476837158,2.0199999809265137,7500
2020-02-11,1.8799999952316284,1.8799999952316284,1.8799999952316284,1.850000023841858,1.850000023841858,1000
2020-02-12,1.8799999952316284,1.8799999952316284,1.8799999952316284,1.8799999952316284,1.8799999952316284,0
2020-02-13,1.899999976158142,1.899999976158142,2.2200000286102295,1.840000033378601,1.909999966621399,3900
2020-02-14,1.8600000143051147,1.8600000143051147,1.8600000143051147,1.840000033378601,1.840000033378601,1000
2020-02-18,1.8450000286102295,1.8450000286102295,1.8450000286102295,1.7999999523162842,1.7999999523162842,400
2020-02-19,1.9500000476837158,1.9500000476837158,1.9500000476837158,1.7999999523162842,1.8650000095367432,1800
2020-02-20,2.0,2.0,2.059999942779541,1.9500000476837158,2.059999942779541,1700
2020-02-21,2.1500000953674316,2.1500000953674316,2.190000057220459,1.850000023841858,2.109999895095825,700
2020-02-24,2.190000057220459,2.190000057220459,2.190000057220459,2.190000057220459,2.190000057220459,100
2020-02-25,2.1500000953674316,2.1500000953674316,2.200000047683716,2.1500000953674316,2.190000057220459,700
2020-02-26,2.1500000953674316,2.1500000953674316,2.1500000953674316,2.1500000953674316,2.1500000953674316,0
2020-02-27,2.240000009536743,2.240000009536743,2.2899999618530273,2.1500000953674316,2.2899999618530273,300
2020-02-28,2.5,2.5,2.5,2.259999990463257,2.259999990463257,1400
2020-03-02,2.5799999237060547,2.5799999237060547,2.5799999237060547,2.5,2.5,1100
2020-03-03,2.5799999237060547,2.5799999237060547,2.5799999237060547,2.5799999237060547,2.5799999237060547,0
2020-03-04,2.3499999046325684,2.3499999046325684,2.75,2.299999952316284,2.4000000953674316,6400
2020-03-05,2.319999933242798,2.319999933242798,2.319999933242798,2.299999952316284,2.299999952316284,1700
2020-03-06,2.319999933242798,2.319999933242798,2.319999933242798,2.319999933242798,2.319999933242798,0
2020-03-09,2.0999999046325684,2.0999999046325684,2.0999999046325684,1.809999942779541,1.909999966621399,400
2020-03-10,2.190000057220459,2.190000057220459,2.190000057220459,2.190000057220459,2.190000057220459,200
2020-03-11,2.259999990463257,2.259999990463257,2.259999990463257,2.259999990463257,2.259999990463257,100
2020-03-12,2.259999990463257,2.259999990463257,2.259999990463257,2.259999990463257,2.259999990463257,0
2020-03-13,2.259999990463257,2.259999990463257,2.259999990463257,2.259999990463257,2.259999990463257,0
2020-03-16,2.299999952316284,2.299999952316284,2.299999952316284,2.299999952316284,2.299999952316284,100
2020-03-17,2.299999952316284,2.299999952316284,2.299999952316284,2.299999952316284,2.299999952316284,0
2020-03-18,2.299999952316284,2.299999952316284,2.299999952316284,2.299999952316284,2.299999952316284,0
2020-03-19,1.149999976158142,1.149999976158142,1.840000033378601,1.149999976158142,1.7000000476837158,3600
2020-03-20,1.600000023841858,1.600000023841858,1.7000000476837158,1.3899999856948853,1.5,1300
2020-03-23,1.909999966621399,1.909999966621399,1.9900000095367432,1.7000000476837158,1.7000000476837158,1800
2020-03-24,1.600000023841858,1.600000023841858,1.9900000095367432,1.600000023841858,1.9900000095367432,200
2020-03-25,1.9500000476837158,1.9500000476837158,1.9500000476837158,1.8899999856948853,1.8899999856948853,200
2020-03-26,1.9500000476837158,1.9500000476837158,1.9500000476837158,1.9500000476837158,1.9500000476837158,0
2020-03-27,1.9500000476837158,1.9500000476837158,1.9500000476837158,1.9500000476837158,1.9500000476837158,0
2020-03-30,2.0899999141693115,2.0899999141693115,2.0899999141693115,1.899999976158142,1.899999976158142,700
2020-03-31,1.9900000095367432,1.9900000095367432,2.180000066757202,1.7200000286102295,1.899999976158142,1600
2020-04-01,2.299999952316284,2.299999952316284,2.859999895095825,1.9600000381469727,1.9600000381469727,8000
2020-04-02,2.4600000381469727,2.4600000381469727,2.4600000381469727,2.1500000953674316,2.1500000953674316,2600
2020-04-03,2.809999942779541,2.809999942779541,2.809999942779541,2.450000047683716,2.450000047683716,200
2020-04-06,2.75,2.75,2.75,2.75,2.75,500
2020-04-07,2.950000047683716,2.950000047683716,3.1700000762939453,2.5999999046325684,2.700000047683716,3400
2020-04-08,3.2699999809265137,3.2699999809265137,3.2699999809265137,2.7200000286102295,2.9000000953674316,14400
2020-04-09,2.700000047683716,2.700000047683716,3.234999895095825,2.1500000953674316,3.200000047683716,3700
2020-04-13,2.5799999237060547,2.5799999237060547,2.9000000953674316,2.319999933242798,2.9000000953674316,2200
2020-04-14,2.5399999618530273,2.5399999618530273,2.5399999618530273,2.5399999618530273,2.5399999618530273,300
2020-04-15,2.0999999046325684,2.0999999046325684,2.2100000381469727,2.0,2.009999990463257,5100
2020-04-16,2.299999952316284,2.299999952316284,2.549999952316284,2.200000047683716,2.450000047683716,1800
2020-04-17,2.240000009536743,2.240000009536743,2.450000047683716,1.909999966621399,2.450000047683716,1000
2020-04-20,2.1500000953674316,2.1500000953674316,2.2899999618530273,2.0,2.2899999618530273,1100
2020-04-21,2.1500000953674316,2.1500000953674316,2.1500000953674316,2.1500000953674316,2.1500000953674316,0
2020-04-22,2.1500000953674316,2.1500000953674316,2.1500000953674316,2.1500000953674316,2.1500000953674316,0
2020-04-23,2.049999952316284,2.049999952316284,2.0999999046325684,1.840000033378601,1.840000033378601,1900
2020-04-24,2.049999952316284,2.049999952316284,2.049999952316284,2.049999952316284,2.049999952316284,0
2020-04-27,2.0199999809265137,2.0199999809265137,2.0199999809265137,2.0,2.0,1600
2020-04-28,2.0199999809265137,2.0199999809265137,2.0199999809265137,2.0199999809265137,2.0199999809265137,0
2020-04-29,2.0199999809265137,2.0199999809265137,2.0199999809265137,2.0199999809265137,2.0199999809265137,0
2020-04-30,2.049999952316284,2.049999952316284,2.049999952316284,2.049999952316284,2.049999952316284,100
2020-05-01,1.940000057220459,1.940000057220459,1.940000057220459,1.940000057220459,1.940000057220459,100
2020-05-04,2.049999952316284,2.049999952316284,2.049999952316284,2.049999952316284,2.049999952316284,100
2020-05-05,1.7999999523162842,1.7999999523162842,1.7999999523162842,1.75,1.7999999523162842,1100
2020-05-06,1.9600000381469727,1.9600000381469727,1.9700000286102295,1.7200000286102295,1.9700000286102295,1000
2020-05-07,2.109999895095825,2.109999895095825,2.109999895095825,2.0,2.0,2100
2020-05-08,2.369999885559082,2.369999885559082,2.369999885559082,2.109999895095825,2.119999885559082,2500
2020-05-11,2.690000057220459,2.690000057220459,2.690000057220459,2.200000047683716,2.200000047683716,1400
2020-05-12,2.440000057220459,2.440000057220459,2.450000047683716,2.0,2.299999952316284,5200
2020-05-13,2.299999952316284,2.299999952316284,2.4200000762939453,2.049999952316284,2.4200000762939453,9600
2020-05-14,1.9900000095367432,1.9900000095367432,1.9900000095367432,1.7000000476837158,1.7200000286102295,3000
2020-05-15,2.4000000953674316,2.4000000953674316,2.4000000953674316,2.0,2.0,2300
2020-05-18,2.4000000953674316,2.4000000953674316,2.4000000953674316,2.4000000953674316,2.4000000953674316,0
2020-05-19,2.0999999046325684,2.0999999046325684,2.680000066757202,1.940000057220459,2.490000009536743,1600
2020-05-20,2.309999942779541,2.309999942779541,2.319999933242798,2.0999999046325684,2.0999999046325684,800
2020-05-21,2.309999942779541,2.309999942779541,2.309999942779541,2.309999942779541,2.309999942779541,0
2020-05-22,2.309999942779541,2.309999942779541,2.309999942779541,2.309999942779541,2.309999942779541,0
2020-05-26,2.309999942779541,2.309999942779541,2.309999942779541,2.309999942779541,2.309999942779541,0
2020-05-27,2.309999942779541,2.309999942779541,2.309999942779541,2.309999942779541,2.309999942779541,0
2020-05-28,2.390000104904175,2.390000104904175,2.390000104904175,2.140000104904175,2.140000104904175,300
2020-05-29,2.390000104904175,2.390000104904175,2.390000104904175,2.390000104904175,2.390000104904175,0
2020-06-01,2.390000104904175,2.390000104904175,2.390000104904175,2.390000104904175,2.390000104904175,0
2020-06-02,2.0999999046325684,2.0999999046325684,2.384999990463257,2.0999999046325684,2.259999990463257,2600
2020-06-03,2.0999999046325684,2.0999999046325684,2.0999999046325684,2.0999999046325684,2.0999999046325684,300
2020-06-04,2.0,2.0,2.0,1.7999999523162842,2.0,1100
2020-06-05,1.9700000286102295,1.9700000286102295,2.049999952316284,1.9700000286102295,2.0,4600
2020-06-08,2.0999999046325684,2.0999999046325684,2.0999999046325684,2.0,2.0,400
2020-06-09,2.0999999046325684,2.0999999046325684,2.0999999046325684,2.0999999046325684,2.0999999046325684,0
2020-06-10,2.4100000858306885,2.4100000858306885,2.4100000858306885,2.299999952316284,2.299999952316284,12700
2020-06-11,2.6500000953674316,2.6500000953674316,2.740000009536743,1.9500000476837158,2.4000000953674316,11500
2020-06-12,2.440000057220459,2.440000057220459,2.700000047683716,2.25,2.700000047683716,5500
2020-06-15,2.4000000953674316,2.4000000953674316,2.4000000953674316,2.3499999046325684,2.4000000953674316,900
2020-06-16,2.5199999809265137,2.5199999809265137,2.5199999809265137,2.4000000953674316,2.4000000953674316,1100
2020-06-17,2.5199999809265137,2.5199999809265137,3.0999999046325684,2.325000047683716,2.799999952316284,8300
2020-06-18,2.5,2.5,2.5199999809265137,2.3299999237060547,2.5199999809265137,600
2020-06-19,2.5,2.5,2.5,2.5,2.5,0
2020-06-22,2.5999999046325684,2.5999999046325684,2.5999999046325684,2.5,2.5,3900
2020-06-23,2.700000047683716,2.700000047683716,2.9000000953674316,2.6500000953674316,2.9000000953674316,6700
2020-06-24,2.740000009536743,2.740000009536743,2.75,2.7100000381469727,2.7100000381469727,5100
2020-06-25,2.799999952316284,2.799999952316284,3.0799999237060547,2.5,2.7100000381469727,4200
2020-06-26,2.8499999046325684,2.8499999046325684,3.0,2.5,2.799999952316284,8600
2020-06-29,2.8499999046325684,2.8499999046325684,2.8499999046325684,2.8499999046325684,2.8499999046325684,0
2020-06-30,2.9000000953674316,2.9000000953674316,2.9000000953674316,2.5,2.5,500
2020-07-01,2.7899999618530273,2.7899999618530273,2.8399999141693115,2.7699999809265137,2.809999942779541,23500
2020-07-02,3.0,3.0,3.0,3.0,3.0,1800
2020-07-06,3.119999885559082,3.119999885559082,3.119999885559082,2.990000009536743,3.0,3900
2020-07-07,2.799999952316284,2.799999952316284,2.799999952316284,2.3299999237060547,2.3299999237060547,400
2020-07-08,2.8399999141693115,2.8399999141693115,2.869999885559082,2.7699999809265137,2.799999952316284,8200
2020-07-09,2.8399999141693115,2.8399999141693115,2.8399999141693115,2.8399999141693115,2.8399999141693115,0
2020-07-10,2.880000114440918,2.880000114440918,2.880000114440918,2.819999933242798,2.819999933242798,1900
2020-07-13,2.880000114440918,2.880000114440918,2.880000114440918,2.880000114440918,2.880000114440918,0
2020-07-14,2.9000000953674316,2.9000000953674316,3.119999885559082,1.5299999713897705,3.119999885559082,3900
2020-07-15,2.9200000762939453,2.9200000762939453,2.990000009536743,2.880000114440918,2.9000000953674316,8400
2020-07-16,2.9000000953674316,2.9000000953674316,2.9000000953674316,2.9000000953674316,2.9000000953674316,1600
2020-07-17,2.799999952316284,2.799999952316284,2.799999952316284,2.799999952316284,2.799999952316284,200
2020-07-20,2.880000114440918,2.880000114440918,2.9000000953674316,2.799999952316284,2.799999952316284,2000
2020-07-21,2.880000114440918,2.880000114440918,2.880000114440918,2.880000114440918,2.880000114440918,0
2020-07-22,2.880000114440918,2.880000114440918,2.880000114440918,2.880000114440918,2.880000114440918,0
2020-07-23,2.880000114440918,2.880000114440918,2.880000114440918,2.880000114440918,2.880000114440918,0
2020-07-24,2.880000114440918,2.880000114440918,2.880000114440918,2.880000114440918,2.880000114440918,2100
2020-07-27,2.880000114440918,2.880000114440918,2.880000114440918,2.880000114440918,2.880000114440918,0
2020-07-28,2.009999990463257,2.009999990463257,2.049999952316284,2.009999990463257,2.049999952316284,200
2020-07-29,2.319999933242798,2.319999933242798,2.3499999046325684,2.0999999046325684,2.3499999046325684,2100
2020-07-30,2.4000000953674316,2.4000000953674316,2.700000047683716,2.25,2.700000047683716,500
2020-07-31,2.380000114440918,2.380000114440918,2.8499999046325684,2.049999952316284,2.700000047683716,4900
2020-08-03,2.430000066757202,2.430000066757202,2.430000066757202,2.430000066757202,2.430000066757202,200
2020-08-04,2.390000104904175,2.390000104904175,2.390000104904175,2.390000104904175,2.390000104904175,200
2020-08-05,2.299999952316284,2.299999952316284,2.299999952316284,2.299999952316284,2.299999952316284,600
2020-08-06,2.690000057220459,2.690000057220459,2.7300000190734863,2.0299999713897705,2.25,3000
2020-08-07,3.0,3.0,3.1500000953674316,2.5,2.5,5000
2020-08-10,2.630000114440918,2.630000114440918,3.200000047683716,2.450000047683716,3.200000047683716,17500
2020-08-11,3.2799999713897705,3.2799999713897705,3.2799999713897705,3.240000009536743,3.25,4300
2020-08-12,3.2799999713897705,3.2799999713897705,3.2799999713897705,3.2799999713897705,3.2799999713897705,0
2020-08-13,3.299999952316284,3.299999952316284,3.299999952316284,3.25,3.25,200
2020-08-14,3.299999952316284,3.299999952316284,3.299999952316284,3.25,3.25,3200
2020-08-17,3.299999952316284,3.299999952316284,3.299999952316284,3.299999952316284,3.299999952316284,0
2020-08-18,2.609999895095825,2.609999895095825,3.299999952316284,2.609999895095825,3.25,7500
2020-08-19,2.9800000190734863,2.9800000190734863,3.299999952316284,2.700000047683716,2.700000047683716,3000
2020-08-20,3.5,3.5,3.549999952316284,3.25,3.25,5300
2020-08-21,3.5999999046325684,3.5999999046325684,3.6500000953674316,3.5,3.5,3900
2020-08-24,3.75,3.75,3.75,3.700000047683716,3.700000047683716,200
2020-08-25,4.199999809265137,4.199999809265137,4.199999809265137,3.690000057220459,3.690000057220459,3600
2020-08-26,3.549999952316284,3.549999952316284,4.400000095367432,3.549999952316284,4.179999828338623,15300
2020-08-27,4.389999866485596,4.389999866485596,4.5,3.549999952316284,3.549999952316284,3900
2020-08-28,3.9800000190734863,3.9800000190734863,4.099999904632568,2.619999885559082,3.0,14900
2020-08-31,3.9800000190734863,3.9800000190734863,4.449999809265137,3.5,3.950000047683716,14500
2020-09-01,3.9800000190734863,3.9800000190734863,3.9800000190734863,3.9800000190734863,3.9800000190734863,0
2020-09-02,3.9800000190734863,3.9800000190734863,3.9800000190734863,3.9800000190734863,3.9800000190734863,0
2020-09-03,3.9100000858306885,3.9100000858306885,4.050000190734863,3.359999895095825,3.5,3400
2020-09-04,3.9100000858306885,3.9100000858306885,3.9100000858306885,3.9100000858306885,3.9100000858306885,0
2020-09-08,3.3499999046325684,3.3499999046325684,3.9000000953674316,2.759999990463257,3.9000000953674316,4500
2020-09-09,3.6500000953674316,3.6500000953674316,3.690000057220459,3.109999895095825,3.3499999046325684,7300
2020-09-10,3.5,3.5,3.549999952316284,3.009999990463257,3.0299999713897705,5100
2020-09-11,3.4000000953674316,3.4000000953674316,3.4000000953674316,3.390000104904175,3.390000104904175,1000
2020-09-14,3.5,3.5,3.5,3.5,3.5,100
2020-09-15,3.5,3.5,3.5,3.5,3.5,0
2020-09-16,3.5,3.5,3.5,3.5,3.5,0
2020-09-17,3.299999952316284,3.299999952316284,3.299999952316284,3.0,3.0,2400
2020-09-18,3.1500000953674316,3.1500000953674316,3.1500000953674316,3.1500000953674316,3.1500000953674316,100
2020-09-21,3.0,3.0,3.0999999046325684,3.0,3.0999999046325684,800
2020-09-22,3.0,3.0,3.0,3.0,3.0,800
2020-09-23,3.0,3.0,3.0,3.0,3.0,100
2020-09-24,2.9000000953674316,2.9000000953674316,2.950000047683716,2.9000000953674316,2.950000047683716,1100
2020-09-25,2.950000047683716,2.950000047683716,2.950000047683716,2.950000047683716,2.950000047683716,100
2020-09-28,3.5,3.5,3.5,2.75,2.7699999809265137,6800
2020-09-29,3.5199999809265137,3.5199999809265137,3.549999952316284,3.490000009536743,3.490000009536743,7000
2020-09-30,3.5199999809265137,3.5199999809265137,3.5199999809265137,3.5199999809265137,3.5199999809265137,0
2020-10-01,3.5,3.5,3.5,3.5,3.5,900
2020-10-02,3.490000009536743,3.490000009536743,3.490000009536743,2.0999999046325684,2.0999999046325684,700
2020-10-05,3.380000114440918,3.380000114440918,3.390000104904175,2.109999895095825,2.109999895095825,1600
2020-10-06,3.380000114440918,3.380000114440918,3.380000114440918,3.380000114440918,3.380000114440918,0
2020-10-07,3.380000114440918,3.380000114440918,3.380000114440918,3.380000114440918,3.380000114440918,0
2020-10-08,3.380000114440918,3.380000114440918,3.380000114440918,3.380000114440918,3.380000114440918,300
2020-10-09,3.380000114440918,3.380000114440918,3.380000114440918,3.299999952316284,3.299999952316284,3500
2020-10-12,3.490000009536743,3.490000009536743,3.490000009536743,3.0,3.380000114440918,5400
2020-10-13,3.5,3.5,3.5,3.4000000953674316,3.4000000953674316,3000
2020-10-14,3.490000009536743,3.490000009536743,3.490000009536743,3.490000009536743,3.490000009536743,1100
2020-10-15,3.5,3.5,3.5,3.4000000953674316,3.4000000953674316,3600
2020-10-16,3.700000047683716,3.700000047683716,4.199999809265137,3.440000057220459,3.440000057220459,4800
2020-10-19,4.190000057220459,4.190000057220459,4.199999809265137,3.5,3.549999952316284,9900
2020-10-20,4.190000057220459,4.190000057220459,4.199999809265137,4.190000057220459,4.199999809265137,300
2020-10-21,4.190000057220459,4.190000057220459,4.190000057220459,4.190000057220459,4.190000057220459,100
2020-10-22,4.199999809265137,4.199999809265137,4.199999809265137,4.150000095367432,4.190000057220459,4400
2020-10-23,4.199999809265137,4.199999809265137,4.199999809265137,4.199999809265137,4.199999809265137,0
2020-10-26,4.199999809265137,4.199999809265137,4.199999809265137,4.199999809265137,4.199999809265137,0
2020-10-27,4.199999809265137,4.199999809265137,4.199999809265137,4.199999809265137,4.199999809265137,0
2020-10-28,4.0,4.0,4.0,4.0,4.0,200
2020-10-29,3.109999895095825,3.109999895095825,3.109999895095825,3.109999895095825,3.109999895095825,1000
2020-10-30,4.0,4.0,4.0,3.990000009536743,3.990000009536743,1200
2020-11-02,4.0,4.0,4.0,4.0,4.0,1000
2020-11-03,4.0,4.0,4.0,4.0,4.0,1000
2020-11-04,4.389999866485596,4.389999866485596,4.579999923706055,4.0,4.0,6500
2020-11-05,4.5,4.5,4.5,4.400000095367432,4.400000095367432,1700
2020-11-06,4.5,4.5,4.5,4.5,4.5,0
2020-11-09,4.300000190734863,4.300000190734863,4.300000190734863,4.300000190734863,4.300000190734863,200
2020-11-10,4.989999771118164,4.989999771118164,4.989999771118164,4.300000190734863,4.300000190734863,6200
2020-11-11,5.0,5.0,5.0,4.300000190734863,4.300000190734863,3500
2020-11-12,4.690000057220459,4.690000057220459,5.0,4.03000020980835,4.510000228881836,6200
2020-11-13,4.699999809265137,4.699999809265137,4.699999809265137,4.699999809265137,4.699999809265137,3900
2020-11-16,4.900000095367432,4.900000095367432,4.949999809265137,4.699999809265137,4.699999809265137,6300
2020-11-17,5.150000095367432,5.150000095367432,5.190000057220459,5.150000095367432,5.190000057220459,1300
2020-11-18,5.289999961853027,5.289999961853027,5.300000190734863,4.900000095367432,5.25,5200
2020-11-19,5.230000019073486,5.230000019073486,5.300000190734863,5.199999809265137,5.199999809265137,1400
2020-11-20,5.329999923706055,5.329999923706055,5.400000095367432,5.099999904632568,5.300000190734863,5400
2020-11-23,5.329999923706055,5.329999923706055,5.329999923706055,5.329999923706055,5.329999923706055,0
2020-11-24,5.199999809265137,5.199999809265137,5.400000095367432,5.0,5.340000152587891,1500
2020-11-25,5.489999771118164,5.489999771118164,5.599999904632568,5.400000095367432,5.5,9400
2020-11-27,5.400000095367432,5.400000095367432,5.400000095367432,5.400000095367432,5.400000095367432,200
2020-11-30,5.449999809265137,5.449999809265137,5.650000095367432,5.099999904632568,5.650000095367432,1900
2020-12-01,5.449999809265137,5.449999809265137,5.449999809265137,5.099999904632568,5.449999809265137,3500
2020-12-02,5.199999809265137,5.199999809265137,5.199999809265137,5.0,5.010000228881836,500
2020-12-03,5.300000190734863,5.300000190734863,5.400000095367432,5.0,5.400000095367432,1300
2020-12-04,5.0,5.0,5.449999809265137,5.0,5.300000190734863,1800
2020-12-07,5.300000190734863,5.300000190734863,5.449999809265137,5.300000190734863,5.449999809265137,300
2020-12-08,5.199999809265137,5.199999809265137,5.400000095367432,4.5,5.400000095367432,1300
2020-12-09,5.190000057220459,5.190000057220459,5.190000057220459,4.53000020980835,4.53000020980835,600
2020-12-10,4.900000095367432,4.900000095367432,5.300000190734863,4.550000190734863,5.300000190734863,900
2020-12-11,5.400000095367432,5.400000095367432,5.400000095367432,4.900000095367432,4.900000095367432,3000
2020-12-14,5.400000095367432,5.400000095367432,5.400000095367432,5.400000095367432,5.400000095367432,0
2020-12-15,5.199999809265137,5.199999809265137,5.199999809265137,4.929999828338623,4.949999809265137,1300
2020-12-16,5.199999809265137,5.199999809265137,5.199999809265137,4.949999809265137,4.949999809265137,2500
2020-12-17,5.389999866485596,5.389999866485596,5.389999866485596,5.389999866485596,5.389999866485596,100
2020-12-18,5.389999866485596,5.389999866485596,5.389999866485596,5.389999866485596,5.389999866485596,0
2020-12-21,5.150000095367432,5.150000095367432,5.190000057220459,5.099999904632568,5.190000057220459,1100
2020-12-22,5.400000095367432,5.400000095367432,5.400000095367432,5.21999979019165,5.21999979019165,5800
2020-12-23,5.400000095367432,5.400000095367432,5.400000095367432,5.400000095367432,5.400000095367432,0
2020-12-24,5.099999904632568,5.099999904632568,5.099999904632568,3.0999999046325684,4.760000228881836,12000
2020-12-28,5.099999904632568,5.099999904632568,5.099999904632568,5.099999904632568,5.099999904632568,0
2020-12-29,5.099999904632568,5.099999904632568,5.099999904632568,5.099999904632568,5.099999904632568,0
2020-12-30,5.099999904632568,5.099999904632568,5.099999904632568,5.099999904632568,5.099999904632568,0
2020-12-31,5.099999904632568,5.099999904632568,5.099999904632568,5.099999904632568,5.099999904632568,0
2021-01-04,5.099999904632568,5.099999904632568,5.099999904632568,5.099999904632568,5.099999904632568,0
2021-01-05,4.96999979019165,4.96999979019165,4.989999771118164,4.019999980926514,4.989999771118164,1900
2021-01-06,4.889999866485596,4.889999866485596,5.789999961853027,4.039999961853027,5.349999904632568,4400
2021-01-07,4.699999809265137,4.699999809265137,4.900000095367432,4.199999809265137,4.739999771118164,6400
2021-01-08,4.800000190734863,4.800000190734863,4.800000190734863,4.800000190734863,4.800000190734863,300
2021-01-11,4.849999904632568,4.849999904632568,4.849999904632568,4.849999904632568,4.849999904632568,2000
2021-01-12,4.989999771118164,4.989999771118164,4.989999771118164,4.989999771118164,4.989999771118164,100
2021-01-13,4.800000190734863,4.800000190734863,4.800000190734863,4.75,4.800000190734863,2500
2021-01-14,4.800000190734863,4.800000190734863,4.800000190734863,4.800000190734863,4.800000190734863,0
2021-01-15,4.800000190734863,4.800000190734863,4.800000190734863,4.800000190734863,4.800000190734863,0
2021-01-19,4.599999904632568,4.599999904632568,4.599999904632568,4.5,4.5,700
2021-01-20,4.699999809265137,4.699999809265137,4.699999809265137,4.269999980926514,4.269999980926514,300
2021-01-21,4.800000190734863,4.800000190734863,4.800000190734863,4.269999980926514,4.269999980926514,2800
2021-01-22,4.800000190734863,4.800000190734863,4.800000190734863,4.800000190734863,4.800000190734863,0
2021-01-25,4.800000190734863,4.800000190734863,4.800000190734863,4.800000190734863,4.800000190734863,0
2021-01-26,4.800000190734863,4.800000190734863,4.800000190734863,4.800000190734863,4.800000190734863,0
2021-01-27,4.769999980926514,4.769999980926514,4.769999980926514,4.400000095367432,4.409999847412109,700
2021-01-28,4.769999980926514,4.769999980926514,4.769999980926514,4.769999980926514,4.769999980926514,0
2021-01-29,4.769999980926514,4.769999980926514,4.769999980926514,4.769999980926514,4.769999980926514,0
2021-02-01,4.75,4.75,4.75,4.400000095367432,4.409999847412109,400
2021-02-02,4.019999980926514,4.019999980926514,4.28000020980835,4.019999980926514,4.28000020980835,400
2021-02-03,4.679999828338623,4.679999828338623,4.679999828338623,4.25,4.25,4100
2021-02-04,5.199999809265137,5.199999809265137,5.730000019073486,4.699999809265137,4.699999809265137,6000
2021-02-05,3.2799999713897705,3.2799999713897705,4.800000190734863,3.2799999713897705,4.800000190734863,600
2021-02-08,4.949999809265137,4.949999809265137,5.0,3.2799999713897705,3.2799999713897705,3900
2021-02-09,4.949999809265137,4.949999809265137,4.949999809265137,4.949999809265137,4.949999809265137,0
2021-02-10,4.949999809265137,4.949999809265137,4.949999809265137,4.949999809265137,4.949999809265137,200
2021-02-11,4.449999809265137,4.449999809265137,4.5,3.6700000762939453,3.6700000762939453,1800
2021-02-12,5.199999809265137,5.199999809265137,5.199999809265137,4.5,4.5,4500
2021-02-16,5.159999847412109,5.159999847412109,5.199999809265137,5.159999847412109,5.199999809265137,1600
2021-02-17,5.159999847412109,5.159999847412109,5.159999847412109,5.159999847412109,5.159999847412109,0
2021-02-18,4.800000190734863,4.800000190734863,4.800000190734863,4.800000190734863,4.800000190734863,500
2021-02-19,4.170000076293945,4.170000076293945,5.179999828338623,4.170000076293945,4.800000190734863,2900
2021-02-22,4.170000076293945,4.170000076293945,4.170000076293945,4.159999847412109,4.159999847412109,700
2021-02-23,4.190000057220459,4.190000057220459,4.460000038146973,4.170000076293945,4.170000076293945,19000
2021-02-24,4.5,4.5,4.5,4.489999771118164,4.5,1300
2021-02-25,4.21999979019165,4.21999979019165,4.599999904632568,4.21999979019165,4.5,2000
2021-02-26,4.78000020980835,4.78000020980835,4.78000020980835,4.199999809265137,4.199999809265137,3200
2021-03-01,4.78000020980835,4.78000020980835,4.78000020980835,4.78000020980835,4.78000020980835,200
2021-03-02,4.78000020980835,4.78000020980835,4.78000020980835,4.78000020980835,4.78000020980835,0
2021-03-03,4.78000020980835,4.78000020980835,4.78000020980835,4.78000020980835,4.78000020980835,0
2021-03-04,4.239999771118164,4.239999771118164,4.239999771118164,4.239999771118164,4.239999771118164,200
2021-03-05,5.0,5.0,5.0,4.78000020980835,4.78000020980835,900
2021-03-08,4.78000020980835,4.78000020980835,4.78000020980835,4.0,4.090000152587891,3000
2021-03-09,4.78000020980835,4.78000020980835,4.78000020980835,4.78000020980835,4.78000020980835,0
2021-03-10,4.789999961853027,4.789999961853027,4.789999961853027,4.789999961853027,4.789999961853027,100
2021-03-11,5.059999942779541,5.059999942779541,5.059999942779541,4.800000190734863,4.800000190734863,16800
2021-03-12,5.849999904632568,5.849999904632568,6.0,3.7799999713897705,5.0,5700
2021-03-15,6.0,6.0,6.0,6.0,6.0,400
2021-03-16,5.880000114440918,5.880000114440918,5.880000114440918,5.880000114440918,5.880000114440918,200
2021-03-17,5.800000190734863,5.800000190734863,5.800000190734863,5.800000190734863,5.800000190734863,1000
2021-03-18,5.900000095367432,5.900000095367432,6.019999980926514,5.889999866485596,5.889999866485596,1000
2021-03-19,5.0,5.0,5.010000228881836,5.0,5.010000228881836,500
2021-03-22,5.800000190734863,5.800000190734863,6.039999961853027,5.699999809265137,5.96999979019165,1400
2021-03-23,5.800000190734863,5.800000190734863,6.050000190734863,5.800000190734863,6.0,4000
2021-03-24,6.0,6.0,6.0,6.0,6.0,100
2021-03-25,5.75,5.75,5.75,4.150000095367432,4.210000038146973,7600
2021-03-26,5.75,5.75,5.75,4.300000190734863,4.300000190734863,2600
2021-03-29,5.800000190734863,5.800000190734863,5.800000190734863,4.320000171661377,5.760000228881836,1200
2021-03-30,5.800000190734863,5.800000190734863,5.800000190734863,5.800000190734863,5.800000190734863,0
2021-03-31,5.75,5.75,5.75,5.75,5.75,1200
2021-04-01,5.0,5.0,5.03000020980835,5.0,5.03000020980835,1100
2021-04-05,5.5,5.5,5.730000019073486,5.5,5.730000019073486,200
2021-04-06,5.75,5.75,5.840000152587891,5.449999809265137,5.75,3300
2021-04-07,5.75,5.75,5.800000190734863,5.75,5.800000190734863,1500
2021-04-08,5.75,5.75,5.800000190734863,5.5,5.75,7700
2021-04-09,5.800000190734863,5.800000190734863,5.849999904632568,5.400000095367432,5.75,3400
2021-04-12,5.699999809265137,5.699999809265137,5.75,5.400000095367432,5.5,1600
2021-04-13,5.679999828338623,5.679999828338623,5.679999828338623,5.300000190734863,5.679999828338623,5200
2021-04-14,5.75,5.75,6.079999923706055,5.25,5.679999828338623,9900
2021-04-15,5.5,5.5,5.760000228881836,5.0,5.760000228881836,18500
2021-04-16,5.400000095367432,5.400000095367432,6.0,4.949999809265137,5.989999771118164,19500
2021-04-19,5.75,5.75,5.75,5.199999809265137,5.75,10900
2021-04-20,6.300000190734863,6.300000190734863,6.300000190734863,5.699999809265137,5.96999979019165,22800
2021-04-21,6.349999904632568,6.349999904632568,6.349999904632568,5.619999885559082,6.099999904632568,13400
2021-04-22,5.75,5.75,6.25,5.699999809265137,5.949999809265137,9100
2021-04-23,6.099999904632568,6.099999904632568,6.099999904632568,5.5,5.75,13200
2021-04-26,6.050000190734863,6.050000190734863,6.199999809265137,5.75,6.139999866485596,10300
2021-04-27,6.070000171661377,6.070000171661377,6.099999904632568,6.03000020980835,6.050000190734863,4200
2021-04-28,6.0,6.0,6.070000171661377,5.5,6.070000171661377,14200
2021-04-29,6.099999904632568,6.099999904632568,6.300000190734863,6.0,6.0,5000
2021-04-30,5.949999809265137,5.949999809265137,6.300000190734863,5.690000057220459,6.099999904632568,6700
2021-05-03,6.800000190734863,6.800000190734863,6.800000190734863,5.829999923706055,6.289999961853027,7100
2021-05-04,6.46999979019165,6.46999979019165,6.75,5.800000190734863,6.75,6300
2021-05-05,6.75,6.75,6.75,5.860000133514404,6.460000038146973,8100
2021-05-06,6.400000095367432,6.400000095367432,6.75,6.320000171661377,6.400000095367432,5400
2021-05-07,6.400000095367432,6.400000095367432,6.75,6.349999904632568,6.75,5400
2021-05-10,5.949999809265137,5.949999809265137,6.550000190734863,5.75,6.550000190734863,7600
2021-05-11,5.949999809265137,5.949999809265137,6.03000020980835,5.800000190734863,5.849999904632568,1200
2021-05-12,6.099999904632568,6.099999904632568,6.099999904632568,6.0,6.0,4000
2021-05-13,5.989999771118164,5.989999771118164,6.849999904632568,5.5,6.599999904632568,8000
2021-05-14,6.599999904632568,6.599999904632568,6.599999904632568,5.630000114440918,5.630000114440918,5000
2021-05-17,5.760000228881836,5.760000228881836,6.570000171661377,5.650000095367432,5.650000095367432,3900
2021-05-18,6.099999904632568,6.099999904632568,6.150000095367432,5.599999904632568,5.650000095367432,10700
2021-05-19,6.0,6.0,6.139999866485596,5.289999961853027,6.139999866485596,3500
2021-05-20,5.800000190734863,5.800000190734863,5.840000152587891,5.309999942779541,5.320000171661377,3700
2021-05-21,5.800000190734863,5.800000190734863,5.800000190734863,5.0,5.340000152587891,10200
2021-05-24,5.300000190734863,5.300000190734863,5.440000057220459,4.099999904632568,5.130000114440918,17000
2021-05-25,4.449999809265137,4.449999809265137,4.78000020980835,2.130000114440918,4.300000190734863,18900
2021-05-26,4.5,4.5,5.929999828338623,3.5,4.480000019073486,13100
2021-05-27,4.489999771118164,4.489999771118164,4.5,3.990000009536743,4.5,4900
2021-05-28,5.0,5.0,5.489999771118164,4.0,4.0,8400
2021-06-01,4.880000114440918,4.880000114440918,4.989999771118164,4.110000133514404,4.989999771118164,2700
2021-06-02,4.599999904632568,4.599999904632568,4.599999904632568,4.03000020980835,4.230000019073486,6200
2021-06-03,4.349999904632568,4.349999904632568,4.349999904632568,3.75,4.0,3100
2021-06-04,4.800000190734863,4.800000190734863,4.920000076293945,4.300000190734863,4.349999904632568,13400
2021-06-07,5.420000076293945,5.420000076293945,6.449999809265137,4.800000190734863,4.989999771118164,31300
2021-06-08,5.650000095367432,5.650000095367432,6.099999904632568,5.400000095367432,5.889999866485596,9100
2021-06-09,6.099999904632568,6.099999904632568,6.099999904632568,5.650000095367432,5.889999866485596,20100
2021-06-10,6.679999828338623,6.679999828338623,6.679999828338623,6.005000114440918,6.099999904632568,26600
2021-06-11,7.5,7.5,7.5,6.5,6.679999828338623,18500
2021-06-14,7.690000057220459,7.690000057220459,7.769999980926514,7.300000190734863,7.300000190734863,16400
2021-06-15,7.400000095367432,7.400000095367432,7.599999904632568,6.320000171661377,7.599999904632568,9000
2021-06-16,6.739999771118164,6.739999771118164,7.0,6.210000038146973,6.599999904632568,7800
2021-06-17,5.889999866485596,5.889999866485596,6.739999771118164,5.599999904632568,6.739999771118164,14400
2021-06-18,5.789999961853027,5.789999961853027,5.889999866485596,5.5,5.889999866485596,7800
2021-06-21,6.059999942779541,6.059999942779541,6.059999942779541,5.510000228881836,5.510000228881836,1700
2021-06-22,5.900000095367432,5.900000095367432,6.050000190734863,5.860000133514404,6.050000190734863,5000
2021-06-23,5.0,5.0,5.809999942779541,4.510000228881836,5.809999942779541,17900
2021-06-24,5.389999866485596,5.389999866485596,5.46999979019165,4.5,4.570000171661377,29200
2021-06-25,5.900000095367432,5.900000095367432,6.0,5.019999980926514,5.380000114440918,36300
2021-06-28,5.889999866485596,5.889999866485596,6.210000038146973,5.25,5.980000019073486,17600
2021-06-29,5.489999771118164,5.489999771118164,5.900000095367432,5.25,5.889999866485596,37100
2021-06-30,5.300000190734863,5.300000190734863,5.579999923706055,5.300000190734863,5.579999923706055,12900
2021-07-01,5.440000057220459,5.440000057220459,5.489999771118164,5.25,5.440000057220459,20100
2021-07-02,5.40500020980835,5.40500020980835,5.480000019073486,5.360000133514404,5.480000019073486,1700
2021-07-06,5.300000190734863,5.300000190734863,5.449999809265137,4.949999809265137,5.449999809265137,9700
2021-07-07,4.820000171661377,4.820000171661377,5.190000057220459,4.400000095367432,4.949999809265137,15800
2021-07-08,5.300000190734863,5.300000190734863,5.300000190734863,4.949999809265137,4.949999809265137,6800
2021-07-09,5.25,5.25,5.480000019073486,4.849999904632568,5.349999904632568,7000
2021-07-12,4.800000190734863,4.800000190734863,5.239999771118164,4.75,5.239999771118164,5800
2021-07-13,4.03000020980835,4.03000020980835,4.760000228881836,4.0,4.760000228881836,34600
2021-07-14,5.0,5.0,5.0,4.260000228881836,4.260000228881836,16000
2021-07-15,4.840000152587891,4.840000152587891,5.230000019073486,4.400000095367432,5.199999809265137,11300
2021-07-16,4.599999904632568,4.599999904632568,4.840000152587891,4.119999885559082,4.840000152587891,8500
2021-07-19,4.300000190734863,4.300000190734863,4.505000114440918,4.119999885559082,4.300000190734863,7800
2021-07-20,4.309999942779541,4.309999942779541,4.699999809265137,4.300000190734863,4.300000190734863,11000
2021-07-21,4.510000228881836,4.510000228881836,4.610000133514404,4.300000190734863,4.610000133514404,41300
2021-07-22,4.380000114440918,4.380000114440918,4.599999904632568,4.380000114440918,4.599999904632568,16900
2021-07-23,4.25,4.25,4.644999980926514,4.0,4.320000171661377,33000
2021-07-26,4.010000228881836,4.010000228881836,4.25,3.8499999046325684,4.090000152587891,29700
2021-07-27,4.21999979019165,4.21999979019165,4.230000019073486,4.010000228881836,4.010000228881836,29000
2021-07-28,4.090000152587891,4.090000152587891,4.239999771118164,4.079999923706055,4.239999771118164,4200
2021-07-29,3.9000000953674316,3.9000000953674316,4.239999771118164,3.9000000953674316,4.099999904632568,10700
2021-07-30,4.0,4.0,4.090000152587891,3.9100000858306885,3.9100000858306885,2400
2021-08-02,3.859999895095825,3.859999895095825,4.025000095367432,3.799999952316284,4.0,5400
2021-08-03,3.684999942779541,3.684999942779541,3.930000066757202,3.5999999046325684,3.859999895095825,5600
2021-08-04,4.090000152587891,4.090000152587891,4.099999904632568,3.819999933242798,3.819999933242798,12600
2021-08-05,5.0,5.0,5.050000190734863,4.099999904632568,4.099999904632568,42400
2021-08-06,4.789999961853027,4.789999961853027,5.050000190734863,4.739999771118164,5.050000190734863,15300
2021-08-09,4.940000057220459,4.940000057220459,4.96999979019165,4.5,4.739999771118164,21000
2021-08-10,4.900000095367432,4.900000095367432,5.0,4.03000020980835,5.0,12200
2021-08-11,4.940000057220459,4.940000057220459,4.949999809265137,4.239999771118164,4.349999904632568,26400
2021-08-12,4.940000057220459,4.940000057220459,5.0,4.519999980926514,4.75,12600
2021-08-13,4.300000190734863,4.300000190734863,5.0,4.199999809265137,4.940000057220459,28900
2021-08-16,5.010000228881836,5.010000228881836,5.480000019073486,4.300000190734863,4.349999904632568,16800
2021-08-17,5.0,5.0,5.349999904632568,4.889999866485596,5.349999904632568,6400
2021-08-18,4.699999809265137,4.699999809265137,4.889999866485596,4.550000190734863,4.889999866485596,6400
2021-08-19,4.409999847412109,4.409999847412109,5.0,4.409999847412109,4.625,19600
2021-08-20,4.800000190734863,4.800000190734863,5.199999809265137,4.519999980926514,4.519999980926514,40900
2021-08-23,4.650000095367432,4.650000095367432,5.25,4.53000020980835,5.0,12400
2021-08-24,4.96999979019165,4.96999979019165,5.099999904632568,4.71999979019165,4.989999771118164,22700
2021-08-25,4.849999904632568,4.849999904632568,5.0,4.659999847412109,5.0,19300
2021-08-26,4.889999866485596,4.889999866485596,4.949999809265137,4.679999828338623,4.72599983215332,15100
2021-08-27,4.550000190734863,4.550000190734863,4.889999866485596,4.449999809265137,4.840000152587891,16100
2021-08-30,4.420000076293945,4.420000076293945,4.650000095367432,4.400000095367432,4.550000190734863,95300
2021-08-31,4.300000190734863,4.300000190734863,4.425000190734863,4.289999961853027,4.420000076293945,21600
2021-09-01,4.25,4.25,4.349999904632568,4.199999809265137,4.289999961853027,6200
2021-09-02,4.40500020980835,4.40500020980835,4.599999904632568,4.199999809265137,4.21999979019165,14600
2021-09-03,4.679999828338623,4.679999828338623,4.679999828338623,4.5,4.539999961853027,2400
2021-09-07,4.289999961853027,4.289999961853027,4.670000076293945,4.03000020980835,4.5,12500
2021-09-08,4.25,4.25,4.289999961853027,4.119999885559082,4.289999961853027,3000
2021-09-09,4.324999809265137,4.324999809265137,4.324999809265137,4.25,4.25,900
2021-09-10,4.550000190734863,4.550000190734863,4.699999809265137,4.400000095367432,4.400000095367432,9400
2021-09-13,4.699999809265137,4.699999809265137,4.949999809265137,4.199999809265137,4.650000095367432,20300
2021-09-14,4.739999771118164,4.739999771118164,4.849999904632568,4.5,4.820000171661377,14600
2021-09-15,4.75,4.75,4.800000190734863,4.309999942779541,4.739999771118164,14900
2021-09-16,4.699999809265137,4.699999809265137,4.820000171661377,4.550000190734863,4.75,13700
2021-09-17,4.679999828338623,4.679999828338623,4.820000171661377,4.5,4.800000190734863,14400
2021-09-20,4.210000038146973,4.210000038146973,5.179999828338623,4.150000095367432,5.179999828338623,4900
2021-09-21,4.329999923706055,4.329999923706055,4.480000019073486,4.25,4.480000019073486,14200
2021-09-22,4.409999847412109,4.409999847412109,4.519999980926514,4.309999942779541,4.309999942779541,9400
2021-09-23,4.699999809265137,4.699999809265137,4.949999809265137,4.599999904632568,4.599999904632568,12800
2021-09-24,4.748000144958496,4.748000144958496,4.949999809265137,4.599999904632568,4.760000228881836,20400
2021-09-27,4.900000095367432,4.900000095367432,4.900000095367432,4.5,4.75,19300
2021-09-28,4.550000190734863,4.550000190734863,4.900000095367432,4.5,4.900000095367432,14800
2021-09-29,4.480000019073486,4.480000019073486,4.480000019073486,3.9000000953674316,4.320000171661377,22200
2021-09-30,4.650000095367432,4.650000095367432,4.650000095367432,4.449999809265137,4.5,6600
2021-10-01,5.199999809265137,5.199999809265137,5.199999809265137,4.760000228881836,4.849999904632568,11600
2021-10-04,4.78000020980835,4.78000020980835,6.0,4.78000020980835,5.019999980926514,23200
2021-10-05,4.389999866485596,4.389999866485596,5.090000152587891,4.289999961853027,4.974999904632568,11700
2021-10-06,4.949999809265137,4.949999809265137,4.949999809265137,4.360000133514404,4.5,6800
2021-10-07,4.929999828338623,4.929999828338623,5.0,4.420000076293945,4.949999809265137,7800
2021-10-08,4.900000095367432,4.900000095367432,5.119999885559082,4.550000190734863,4.550000190734863,6400
2021-10-11,4.599999904632568,4.599999904632568,4.9019999504089355,4.550000190734863,4.690000057220459,8100
2021-10-12,4.159999847412109,4.159999847412109,4.980000019073486,4.159999847412109,4.980000019073486,18800
2021-10-13,4.260000228881836,4.260000228881836,4.71999979019165,4.159999847412109,4.159999847412109,3700
2021-10-14,4.260000228881836,4.260000228881836,4.570000171661377,4.260000228881836,4.570000171661377,23500
2021-10-15,4.260000228881836,4.260000228881836,4.599999904632568,4.260000228881836,4.28000020980835,9800
2021-10-18,4.269999980926514,4.269999980926514,4.420000076293945,4.260000228881836,4.260000228881836,1100
2021-10-19,4.28000020980835,4.28000020980835,4.389999866485596,4.260000228881836,4.260000228881836,4800
2021-10-20,4.21999979019165,4.21999979019165,4.559999942779541,4.21999979019165,4.25,17500
2021-10-21,4.244999885559082,4.244999885559082,4.25,4.199999809265137,4.21999979019165,4100
2021-10-22,4.300000190734863,4.300000190734863,4.590000152587891,4.150000095367432,4.25,16200
2021-10-25,4.150000095367432,4.150000095367432,4.199999809265137,4.0,4.170000076293945,9400
2021-10-26,4.300000190734863,4.300000190734863,4.420000076293945,3.9000000953674316,3.9000000953674316,4200
2021-10-27,4.119999885559082,4.119999885559082,4.236999988555908,3.740000009536743,4.236999988555908,17800
2021-10-28,4.119999885559082,4.119999885559082,4.119999885559082,3.9200000762939453,3.934999942779541,3500
2021-10-29,4.099999904632568,4.099999904632568,4.099999904632568,3.859999895095825,3.9100000858306885,3700
2021-11-01,4.070000171661377,4.070000171661377,4.340000152587891,3.859999895095825,3.869999885559082,14100
2021-11-02,3.809999942779541,3.809999942779541,4.079999923706055,3.809999942779541,3.9000000953674316,11300
2021-11-03,3.950000047683716,3.950000047683716,4.039999961853027,3.75,3.880000114440918,5300
2021-11-04,3.799999952316284,3.799999952316284,4.079999923706055,3.740000009536743,3.950000047683716,8400
2021-11-05,3.7899999618530273,3.7899999618530273,3.950000047683716,3.7200000286102295,3.950000047683716,10600
2021-11-08,3.549999952316284,3.549999952316284,3.890000104904175,3.549999952316284,3.75,7000
2021-11-09,3.690000057220459,3.690000057220459,3.75,3.5250000953674316,3.5299999713897705,4200
2021-11-10,3.680000066757202,3.680000066757202,3.75,3.5799999237060547,3.5799999237060547,4500
2021-11-11,3.8499999046325684,3.8499999046325684,3.9000000953674316,3.690000057220459,3.700000047683716,11700
2021-11-12,3.75,3.75,3.9000000953674316,3.5399999618530273,3.9000000953674316,19800
2021-11-15,3.680000066757202,3.680000066757202,3.880000114440918,3.5199999809265137,3.700000047683716,22100
2021-11-16,4.0,4.0,4.0,3.569999933242798,3.799999952316284,20700
2021-11-17,4.550000190734863,4.550000190734863,4.550000190734863,3.75,4.0,22600
2021-11-18,4.21999979019165,4.21999979019165,4.550000190734863,3.950000047683716,4.550000190734863,10500
2021-11-19,3.690000057220459,3.690000057220459,4.28000020980835,3.549999952316284,3.9800000190734863,13700
2021-11-22,3.700000047683716,3.700000047683716,3.7799999713897705,3.549999952316284,3.690000057220459,6900
2021-11-23,3.549999952316284,3.549999952316284,3.700000047683716,3.240000009536743,3.700000047683716,20100
2021-11-24,3.390000104904175,3.390000104904175,3.6500000953674316,3.309999942779541,3.6500000953674316,5500
2021-11-26,3.4100000858306885,3.4100000858306885,3.4100000858306885,3.4000000953674316,3.4000000953674316,400
2021-11-29,3.309999942779541,3.309999942779541,3.450000047683716,3.174999952316284,3.3949999809265137,3900
2021-11-30,3.440000057220459,3.440000057220459,3.440000057220459,3.0,3.0,7900
2021-12-01,3.5999999046325684,3.5999999046325684,3.880000114440918,3.325000047683716,3.440000057220459,24900
2021-12-02,4.099999904632568,4.099999904632568,4.510000228881836,3.559999942779541,3.6500000953674316,23900
2021-12-03,4.0,4.0,4.099999904632568,3.6500000953674316,3.950000047683716,8700
2021-12-06,3.509999990463257,3.509999990463257,4.0,3.509999990463257,3.690000057220459,10600
2021-12-07,3.4000000953674316,3.4000000953674316,3.9800000190734863,3.4000000953674316,3.569999933242798,9600
2021-12-08,3.440000057220459,3.440000057220459,3.5899999141693115,3.4200000762939453,3.450000047683716,7700
2021-12-09,3.490000009536743,3.490000009536743,3.5399999618530273,3.299999952316284,3.450000047683716,5900
2021-12-10,3.5,3.5,3.5999999046325684,3.309999942779541,3.440000057220459,10500
2021-12-13,3.4600000381469727,3.4600000381469727,3.4800000190734863,3.299999952316284,3.359999895095825,11800
2021-12-14,3.109999895095825,3.109999895095825,3.450000047683716,3.0,3.0199999809265137,17600
2021-12-15,3.3399999141693115,3.3399999141693115,3.3399999141693115,3.0199999809265137,3.109999895095825,10700
2021-12-16,2.9000000953674316,2.9000000953674316,3.378000020980835,2.559999942779541,3.3399999141693115,12200
2021-12-17,3.5999999046325684,3.5999999046325684,3.5999999046325684,2.549999952316284,2.619999885559082,35600
2021-12-20,3.880000114440918,3.880000114440918,4.0,3.5,3.640000104904175,9600
2021-12-21,3.75,3.75,4.0,3.640000104904175,4.0,7200
2021-12-22,3.9200000762939453,3.9200000762939453,4.0,3.0,3.6500000953674316,9200
2021-12-23,3.9600000381469727,3.9600000381469727,4.0,3.6700000762939453,3.9100000858306885,24200
2021-12-27,3.9200000762939453,3.9200000762939453,4.150000095367432,3.4000000953674316,4.0,13900
2021-12-28,3.880000114440918,3.880000114440918,3.880000114440918,3.5450000762939453,3.5450000762939453,7600
2021-12-29,4.150000095367432,4.150000095367432,4.150000095367432,3.556999921798706,3.6500000953674316,8300
2021-12-30,3.9100000858306885,3.9100000858306885,4.449999809265137,3.559999942779541,4.25,13100
2021-12-31,3.369999885559082,3.369999885559082,3.990000009536743,3.3499999046325684,3.619999885559082,23900
2022-01-03,3.799999952316284,3.799999952316284,3.8499999046325684,3.369999885559082,3.380000114440918,9400
2022-01-04,3.5899999141693115,3.5899999141693115,3.799999952316284,3.5299999713897705,3.5299999713897705,3400
2022-01-05,3.4000000953674316,3.4000000953674316,3.5999999046325684,3.4000000953674316,3.5899999141693115,6500
2022-01-06,3.8399999141693115,3.8399999141693115,3.8399999141693115,3.4000000953674316,3.4700000286102295,5800
2022-01-07,3.640000104904175,3.640000104904175,3.8399999141693115,3.4000000953674316,3.8399999141693115,10000
2022-01-10,3.3499999046325684,3.3499999046325684,3.619999885559082,3.3499999046325684,3.619999885559082,3400
2022-01-11,3.6500000953674316,3.6500000953674316,3.6500000953674316,3.3499999046325684,3.3499999046325684,1600
2022-01-12,3.4800000190734863,3.4800000190734863,3.6500000953674316,3.244999885559082,3.369999885559082,5500
2022-01-13,3.2799999713897705,3.2799999713897705,3.2799999713897705,3.0999999046325684,3.1700000762939453,4000
2022-01-14,3.5,3.5,3.5,3.2200000286102295,3.2699999809265137,8900
2022-01-18,3.359999895095825,3.359999895095825,3.359999895095825,3.049999952316284,3.25,8600
2022-01-19,3.299999952316284,3.299999952316284,3.299999952316284,2.5,3.200000047683716,8400
2022-01-20,3.5199999809265137,3.5199999809265137,3.5199999809265137,3.0199999809265137,3.119999885559082,22800
2022-01-21,3.5999999046325684,3.5999999046325684,3.5999999046325684,3.2300000190734863,3.4800000190734863,5100
2022-01-24,3.4000000953674316,3.4000000953674316,3.5,3.0799999237060547,3.2300000190734863,10300
2022-01-25,3.490000009536743,3.490000009536743,3.5,3.119999885559082,3.4000000953674316,9100
2022-01-26,3.5,3.5,3.5,3.3949999809265137,3.490000009536743,3600
2022-01-27,3.430000066757202,3.430000066757202,3.430000066757202,3.140000104904175,3.3949999809265137,2900
2022-01-28,3.4000000953674316,3.4000000953674316,3.430000066757202,3.1500000953674316,3.430000066757202,15700
2022-01-31,3.25,3.25,3.4000000953674316,3.119999885559082,3.184999942779541,6700
2022-02-01,3.200000047683716,3.200000047683716,3.2899999618530273,3.140000104904175,3.140000104904175,6800
2022-02-02,3.190000057220459,3.190000057220459,3.4200000762939453,3.190000057220459,3.190000057220459,17800
2022-02-03,3.140000104904175,3.140000104904175,3.259999990463257,3.059999942779541,3.190000057220459,39400
2022-02-04,3.190000057220459,3.190000057220459,3.2200000286102295,3.069999933242798,3.2200000286102295,2100
2022-02-07,3.2200000286102295,3.2200000286102295,3.2200000286102295,3.0999999046325684,3.1500000953674316,7100
2022-02-08,3.234999895095825,3.234999895095825,3.3499999046325684,3.0199999809265137,3.0199999809265137,4900
2022-02-09,3.0999999046325684,3.0999999046325684,3.240000009536743,3.0,3.200000047683716,7600
2022-02-10,3.0999999046325684,3.0999999046325684,3.130000114440918,3.049999952316284,3.069999933242798,3800
2022-02-11,3.190000057220459,3.190000057220459,3.190000057220459,3.0,3.1500000953674316,3600
2022-02-14,3.180000066757202,3.180000066757202,3.190000057220459,3.059999942779541,3.190000057220459,6700
2022-02-15,3.200000047683716,3.200000047683716,3.200000047683716,3.049999952316284,3.180000066757202,10500
2022-02-16,3.190000057220459,3.190000057220459,3.190000057220459,3.049999952316284,3.1500000953674316,1800
2022-02-17,3.190000057220459,3.190000057220459,3.190000057220459,3.059999942779541,3.059999942779541,1600
2022-02-18,3.190000057220459,3.190000057220459,3.190000057220459,3.180000066757202,3.180000066757202,1800
2022-02-22,3.1500000953674316,3.1500000953674316,3.190000057220459,3.009999990463257,3.009999990463257,2100
2022-02-23,3.1500000953674316,3.1500000953674316,3.190000057220459,3.1500000953674316,3.190000057220459,2400
2022-02-24,3.0999999046325684,3.0999999046325684,3.0999999046325684,2.5999999046325684,3.009999990463257,13300
2022-02-25,3.3299999237060547,3.3299999237060547,3.4000000953674316,3.0,3.075000047683716,15800
2022-02-28,3.427000045776367,3.427000045776367,3.9200000762939453,3.4000000953674316,3.5,23000
2022-03-01,3.299999952316284,3.299999952316284,3.5,3.180000066757202,3.5,19700
2022-03-02,3.440000057220459,3.440000057220459,3.4700000286102295,3.2899999618530273,3.4000000953674316,3800
2022-03-03,3.3499999046325684,3.3499999046325684,3.5,3.299999952316284,3.4000000953674316,8500
2022-03-04,3.569999933242798,3.569999933242798,3.569999933242798,3.240000009536743,3.240000009536743,15500
2022-03-07,3.2899999618530273,3.2899999618530273,3.5999999046325684,3.25,3.5999999046325684,61000
2022-03-08,3.069999933242798,3.069999933242798,3.369999885559082,3.009999990463257,3.2899999618530273,37300
2022-03-09,3.009999990463257,3.009999990463257,3.200000047683716,3.009999990463257,3.200000047683716,15800
2022-03-10,2.9519999027252197,2.9519999027252197,3.0199999809265137,2.9010000228881836,3.0199999809265137,2500
2022-03-11,3.0199999809265137,3.0199999809265137,3.0199999809265137,2.924999952316284,3.0,6100
2022-03-14,3.0199999809265137,3.0199999809265137,3.049999952316284,2.809999942779541,3.049999952316284,8700
2022-03-15,2.8499999046325684,2.8499999046325684,3.0,2.8499999046325684,3.0,800
2022-03-16,2.8429999351501465,2.8429999351501465,3.0,2.799999952316284,3.0,10500
2022-03-17,2.9000000953674316,2.9000000953674316,3.0,2.8499999046325684,3.0,43600
2022-03-18,2.9000000953674316,2.9000000953674316,2.947000026702881,2.8589999675750732,2.938999891281128,30600
2022-03-21,2.7960000038146973,2.7960000038146973,2.9000000953674316,2.7929999828338623,2.859999895095825,14700
2022-03-22,2.700000047683716,2.700000047683716,2.869999885559082,2.609999895095825,2.869999885559082,33100
2022-03-23,2.549999952316284,2.549999952316284,2.75,2.4000000953674316,2.75,111000
2022-03-24,2.424999952316284,2.424999952316284,2.549999952316284,2.4000000953674316,2.5,85100
2022-03-25,2.380000114440918,2.380000114440918,2.440000057220459,2.3499999046325684,2.390000104904175,50100
2022-03-28,2.200000047683716,2.200000047683716,2.8499999046325684,2.0299999713897705,2.450000047683716,491100
2022-03-29,2.25,2.25,2.3399999141693115,2.2200000286102295,2.2200000286102295,66100
2022-03-30,2.180000066757202,2.180000066757202,2.2899999618530273,2.1600000858306885,2.2799999713897705,55200
2022-03-31,2.140000104904175,2.140000104904175,2.200000047683716,2.059999942779541,2.1600000858306885,71300
2022-04-01,2.1760001182556152,2.1760001182556152,2.1760001182556152,2.009999990463257,2.119999885559082,41700
2022-04-04,2.059999942779541,2.059999942779541,2.190000057220459,2.059999942779541,2.1500000953674316,116300
2022-04-05,2.0999999046325684,2.0999999046325684,2.3499999046325684,2.0,2.200000047683716,541500
2022-04-06,2.0299999713897705,2.0299999713897705,2.069999933242798,1.9500000476837158,2.069999933242798,65800
2022-04-07,1.8300000429153442,1.8300000429153442,2.069999933242798,1.7799999713897705,2.069999933242798,94400
2022-04-08,1.649999976158142,1.649999976158142,1.8200000524520874,1.649999976158142,1.8200000524520874,34800
2022-04-11,1.6200000047683716,1.6200000047683716,1.840000033378601,1.6100000143051147,1.7899999618530273,137500
2022-04-12,1.350000023841858,1.350000023841858,1.694000005722046,1.2380000352859497,1.6299999952316284,117300
2022-04-13,1.3300000429153442,1.3300000429153442,1.3799999952316284,1.2999999523162842,1.2999999523162842,160400
2022-04-14,1.2300000190734863,1.2300000190734863,1.3300000429153442,1.1200000047683716,1.3300000429153442,111800
2022-04-18,1.1100000143051147,1.1100000143051147,1.2000000476837158,1.100000023841858,1.1299999952316284,77400
2022-04-19,1.1299999952316284,1.1299999952316284,1.190000057220459,1.090000033378601,1.1799999475479126,72400
2022-04-20,1.1150000095367432,1.1150000095367432,1.1649999618530273,1.1100000143051147,1.1299999952316284,26900
2022-04-21,1.0700000524520874,1.0700000524520874,1.159999966621399,1.0199999809265137,1.1200000047683716,48400
2022-04-22,0.9950000047683716,0.9950000047683716,1.0549999475479126,0.9599999785423279,1.0299999713897705,63400
2022-04-25,0.9100000262260437,0.9100000262260437,1.0,0.8889999985694885,0.9649999737739563,95900
2022-04-26,1.059999942779541,1.059999942779541,1.100000023841858,0.8500000238418579,0.8889999985694885,839800
2022-04-27,1.4199999570846558,1.4199999570846558,2.490000009536743,1.3700000047683716,2.390000104904175,44719800
2022-04-28,1.100000023841858,1.100000023841858,1.2899999618530273,1.0299999713897705,1.2899999618530273,2584400
2022-04-29,1.0499999523162842,1.0499999523162842,1.11899995803833,0.9549999833106995,1.0099999904632568,755400
2022-05-02,0.9399999976158142,0.9399999976158142,1.0470000505447388,0.8799999952316284,1.0,281200
2022-05-03,1.059999942779541,1.059999942779541,1.100000023841858,0.8799999952316284,0.8999999761581421,733700
2022-05-04,1.0099999904632568,1.0099999904632568,1.059999942779541,0.9599999785423279,1.0399999618530273,273100
2022-05-05,0.9950000047683716,0.9950000047683716,1.0180000066757202,0.9599999785423279,1.0,168500
2022-05-06,0.949999988079071,0.949999988079071,1.090000033378601,0.8700000047683716,1.090000033378601,165600
2022-05-09,0.8399999737739563,0.8399999737739563,0.949999988079071,0.8289999961853027,0.9399999976158142,300300
2022-05-10,0.8330000042915344,0.8330000042915344,0.8799999952316284,0.8100000023841858,0.8460000157356262,165000
2022-05-11,0.8029999732971191,0.8029999732971191,0.8479999899864197,0.75,0.8399999737739563,129700
2022-05-12,0.8500000238418579,0.8500000238418579,0.859000027179718,0.75,0.800000011920929,108200
2022-05-13,0.8500000238418579,0.8500000238418579,0.9200000166893005,0.8100000023841858,0.8899999856948853,110100
2022-05-16,0.8389999866485596,0.8389999866485596,0.8880000114440918,0.7710000276565552,0.847000002861023,85200
2022-05-17,0.8999999761581421,0.8999999761581421,0.9700000286102295,0.8199999928474426,0.8399999737739563,144100
2022-05-18,1.0,1.0,1.0099999904632568,0.949999988079071,0.949999988079071,259800
2022-05-19,1.1399999856948853,1.1399999856948853,1.149999976158142,0.9850000143051147,1.0299999713897705,328600
2022-05-20,1.059999942779541,1.059999942779541,1.2100000381469727,0.949999988079071,1.1399999856948853,125300
2022-05-23,1.1200000047683716,1.1200000047683716,1.1299999952316284,1.059999942779541,1.100000023841858,120900
2022-05-24,1.0499999523162842,1.0499999523162842,1.1299999952316284,1.0,1.1299999952316284,97700
2022-05-25,1.0700000524520874,1.0700000524520874,1.090000033378601,0.949999988079071,1.0199999809265137,112300
2022-05-26,1.0800000429153442,1.0800000429153442,1.090000033378601,1.0,1.0700000524520874,54100
2022-05-27,1.100000023841858,1.100000023841858,1.100000023841858,1.0299999713897705,1.090000033378601,68700
2022-05-31,1.0700000524520874,1.0700000524520874,1.100000023841858,1.0499999523162842,1.100000023841858,19800
2022-06-01,1.100000023841858,1.100000023841858,1.1100000143051147,1.0299999713897705,1.0399999618530273,52800
2022-06-02,1.0800000429153442,1.0800000429153442,1.2200000286102295,1.0499999523162842,1.1799999475479126,422500
2022-06-03,1.090000033378601,1.090000033378601,1.1100000143051147,1.0299999713897705,1.090000033378601,79600
2022-06-06,1.0800000429153442,1.0800000429153442,1.1100000143051147,1.0399999618530273,1.1100000143051147,107800
2022-06-07,1.0700000524520874,1.0700000524520874,1.100000023841858,1.059999942779541,1.059999942779541,75900
2022-06-08,0.8199999928474426,0.8199999928474426,1.1100000143051147,0.800000011920929,1.100000023841858,543400
2022-06-09,0.75,0.75,0.8500000238418579,0.75,0.8500000238418579,499200
2022-06-10,0.578000009059906,0.578000009059906,0.7570000290870667,0.5600000023841858,0.7120000123977661,536600
2022-06-13,0.4650000035762787,0.4650000035762787,0.5899999737739563,0.44999998807907104,0.5799999833106995,406100
2022-06-14,0.699999988079071,0.699999988079071,1.5499999523162842,0.4869999885559082,0.4869999885559082,20264500
2022-06-15,0.6039999723434448,0.6039999723434448,0.7250000238418579,0.550000011920929,0.6299999952316284,2526700
2022-06-16,0.5149999856948853,0.5149999856948853,0.6000000238418579,0.47999998927116394,0.6000000238418579,1139800
2022-06-17,0.44999998807907104,0.44999998807907104,0.5429999828338623,0.44999998807907104,0.5429999828338623,1008200
2022-06-21,0.47099998593330383,0.47099998593330383,0.5019999742507935,0.46799999475479126,0.46799999475479126,316200
2022-06-22,0.45100000500679016,0.45100000500679016,0.47999998927116394,0.45100000500679016,0.47099998593330383,480100
2022-06-23,0.4650000035762787,0.4650000035762787,0.4830000102519989,0.4519999921321869,0.46799999475479126,394500
2022-06-24,0.43700000643730164,0.43700000643730164,0.6000000238418579,0.4350000023841858,0.46700000762939453,5522200
2022-06-27,0.4099999964237213,0.4099999964237213,0.46000000834465027,0.38999998569488525,0.4490000009536743,1061000
2022-06-28,0.3709999918937683,0.3709999918937683,0.41200000047683716,0.36000001430511475,0.40299999713897705,746300
2022-06-29,0.37700000405311584,0.37700000405311584,0.39800000190734863,0.36500000953674316,0.3779999911785126,425500
2022-06-30,0.3700000047683716,0.3700000047683716,0.4000000059604645,0.35100001096725464,0.3700000047683716,1436400
2022-07-01,0.4059999883174896,0.4059999883174896,0.49000000953674316,0.37299999594688416,0.40700000524520874,3992400
2022-07-05,0.38499999046325684,0.38499999046325684,0.4230000078678131,0.36000001430511475,0.38999998569488525,988400
2022-07-06,0.4050000011920929,0.4050000011920929,0.4620000123977661,0.3799999952316284,0.45500001311302185,1589200
2022-07-07,0.3970000147819519,0.3970000147819519,0.4269999861717224,0.38999998569488525,0.3930000066757202,584500
2022-07-08,0.414000004529953,0.414000004529953,0.41999998688697815,0.38999998569488525,0.40299999713897705,1010300
2022-07-11,0.41600000858306885,0.41600000858306885,0.4480000138282776,0.39500001072883606,0.4059999883174896,1414800
2022-07-12,0.4449999928474426,0.4449999928474426,0.5699999928474426,0.41999998688697815,0.4300000071525574,10651300
2022-07-13,0.41600000858306885,0.41600000858306885,0.43799999356269836,0.4000000059604645,0.4099999964237213,1639200
2022-07-14,0.3959999978542328,0.3959999978542328,0.4230000078678131,0.38199999928474426,0.4000000059604645,557200
2022-07-15,0.4099999964237213,0.4099999964237213,0.4189999997615814,0.39100000262260437,0.3959999978542328,554500
2022-07-18,0.4339999854564667,0.4339999854564667,0.4399999976158142,0.4099999964237213,0.4099999964237213,554600
2022-07-19,0.44999998807907104,0.44999998807907104,0.45500001311302185,0.414000004529953,0.42100000381469727,630700
2022-07-20,0.4050000011920929,0.4050000011920929,0.5350000262260437,0.40299999713897705,0.49000000953674316,4788700
2022-07-21,0.41200000047683716,0.41200000047683716,0.4259999990463257,0.4000000059604645,0.4050000011920929,752500
2022-07-22,0.3970000147819519,0.3970000147819519,0.4309999942779541,0.3700000047683716,0.4099999964237213,410300
2022-07-25,0.3720000088214874,0.3720000088214874,0.39399999380111694,0.3700000047683716,0.39399999380111694,374600
2022-07-26,0.3619999885559082,0.3619999885559082,0.3889999985694885,0.36000001430511475,0.3700000047683716,271100
2022-07-27,0.3479999899864197,0.3479999899864197,0.3799999952316284,0.33000001311302185,0.3799999952316284,393600
2022-07-28,0.36000001430511475,0.36000001430511475,0.38499999046325684,0.33000001311302185,0.3619999885559082,1252000
2022-07-29,0.35499998927116394,0.35499998927116394,0.37599998712539673,0.34299999475479126,0.375,398200
2022-08-01,0.3720000088214874,0.3720000088214874,0.375,0.3400000035762787,0.3499999940395355,175600
2022-08-02,0.3790000081062317,0.3790000081062317,0.3799999952316284,0.35199999809265137,0.3700000047683716,460100
2022-08-03,0.3869999945163727,0.3869999945163727,0.39399999380111694,0.3569999933242798,0.3700000047683716,888600
2022-08-04,0.40799999237060547,0.40799999237060547,0.414000004529953,0.3799999952316284,0.39899998903274536,1537300
2022-08-05,0.40299999713897705,0.40299999713897705,0.43799999356269836,0.38499999046325684,0.43799999356269836,1090900
2022-08-08,0.38499999046325684,0.38499999046325684,0.41600000858306885,0.3449999988079071,0.41200000047683716,853400
2022-08-09,0.38100001215934753,0.38100001215934753,0.4000000059604645,0.3700000047683716,0.382999986410141,262800
2022-08-10,0.36800000071525574,0.36800000071525574,0.40700000524520874,0.36800000071525574,0.38100001215934753,293800
2022-08-11,0.3499999940395355,0.3499999940395355,0.38600000739097595,0.3409999907016754,0.36500000953674316,691700
2022-08-12,0.3240000009536743,0.3240000009536743,0.36899998784065247,0.2800000011920929,0.35100001096725464,2235100
2022-08-15,0.33399999141693115,0.33399999141693115,0.3499999940395355,0.32100000977516174,0.33000001311302185,524200
2022-08-16,0.3199999928474426,0.3199999928474426,0.33399999141693115,0.3100000023841858,0.33399999141693115,315400
2022-08-17,0.3089999854564667,0.3089999854564667,0.33000001311302185,0.3019999861717224,0.33000001311302185,248400
2022-08-18,0.3100000023841858,0.3100000023841858,0.3199999928474426,0.30300000309944153,0.3199999928474426,112200
2022-08-19,0.3149999976158142,0.3149999976158142,0.3149999976158142,0.30300000309944153,0.3100000023841858,105300
2022-08-22,0.34200000762939453,0.34200000762939453,0.38999998569488525,0.30300000309944153,0.3199999928474426,7404800
2022-08-23,0.3700000047683716,0.3700000047683716,0.3880000114440918,0.32499998807907104,0.36000001430511475,2341900
2022-08-24,0.39100000262260437,0.39100000262260437,0.4740000069141388,0.3700000047683716,0.3799999952316284,3974900
2022-08-25,0.4180000126361847,0.4180000126361847,0.6949999928474426,0.3930000066757202,0.4300000071525574,25100600
2022-08-26,0.3630000054836273,0.3630000054836273,0.4180000126361847,0.33500000834465027,0.4099999964237213,1762100
2022-08-29,0.3779999911785126,0.3779999911785126,0.421999990940094,0.3499999940395355,0.421999990940094,1306000
2022-08-30,0.36800000071525574,0.36800000071525574,0.3720000088214874,0.3400000035762787,0.367000013589859,681900
2022-08-31,0.3580000102519989,0.3580000102519989,0.3630000054836273,0.3449999988079071,0.3569999933242798,468500
2022-09-01,0.3540000021457672,0.3540000021457672,0.36500000953674316,0.33799999952316284,0.36500000953674316,735200
2022-09-02,0.3540000021457672,0.3540000021457672,0.367000013589859,0.32100000977516174,0.367000013589859,432100
2022-09-06,0.34200000762939453,0.34200000762939453,0.3499999940395355,0.328000009059906,0.3490000069141388,650200
2022-09-07,0.35199999809265137,0.35199999809265137,0.36000001430511475,0.3330000042915344,0.36000001430511475,220300
2022-09-08,0.3449999988079071,0.3449999988079071,0.3569999933242798,0.3330000042915344,0.33500000834465027,133800
2022-09-09,0.34599998593330383,0.34599998593330383,0.3580000102519989,0.3400000035762787,0.3499999940395355,119200
2022-09-12,0.3569999933242798,0.3569999933242798,0.36000001430511475,0.34599998593330383,0.34599998593330383,179900
2022-09-13,0.421999990940094,0.421999990940094,0.44999998807907104,0.3529999852180481,0.36000001430511475,1999600
2022-09-14,0.3799999952316284,0.3799999952316284,0.46000000834465027,0.3540000021457672,0.46000000834465027,732800
2022-09-15,0.39100000262260437,0.39100000262260437,0.4230000078678131,0.36000001430511475,0.41999998688697815,895000
2022-09-16,0.3700000047683716,0.3700000047683716,0.4099999964237213,0.36000001430511475,0.39899998903274536,235900
2022-09-19,0.3700000047683716,0.3700000047683716,0.4339999854564667,0.36000001430511475,0.4000000059604645,2653500
2022-09-20,0.22499999403953552,0.22499999403953552,0.30300000309944153,0.22200000286102295,0.30000001192092896,2970500
2022-09-21,0.23499999940395355,0.23499999940395355,0.23899999260902405,0.2240000069141388,0.23100000619888306,431500
2022-09-22,0.25999999046325684,0.25999999046325684,0.3100000023841858,0.23399999737739563,0.289000004529953,4322900
2022-09-23,0.2240000069141388,0.2240000069141388,0.23999999463558197,0.22100000083446503,0.23000000417232513,590500
2022-09-26,0.2150000035762787,0.2150000035762787,0.2199999988079071,0.20000000298023224,0.2199999988079071,450200
2022-09-27,0.19300000369548798,0.19300000369548798,0.23000000417232513,0.17000000178813934,0.2280000001192093,825700
2022-09-28,0.20000000298023224,0.20000000298023224,0.21899999678134918,0.19499999284744263,0.20100000500679016,446300
2022-09-29,0.20399999618530273,0.20399999618530273,0.20999999344348907,0.1979999989271164,0.2029999941587448,119500
2022-09-30,0.20499999821186066,0.20499999821186066,0.2150000035762787,0.20499999821186066,0.20499999821186066,183500
2022-10-03,0.19200000166893005,0.19200000166893005,0.20800000429153442,0.17800000309944153,0.17800000309944153,535500
2022-10-04,0.1899999976158142,0.1899999976158142,0.2070000022649765,0.18199999630451202,0.19900000095367432,429600
2022-10-05,0.19099999964237213,0.19099999964237213,0.20600000023841858,0.1889999955892563,0.1899999976158142,210800
2022-10-06,0.18199999630451202,0.18199999630451202,0.20800000429153442,0.17100000381469727,0.1979999989271164,288200
2022-10-07,0.17399999499320984,0.17399999499320984,0.1850000023841858,0.17100000381469727,0.18400000035762787,153400
2022-10-10,0.18000000715255737,0.18000000715255737,0.19699999690055847,0.17100000381469727,0.18299999833106995,228100
2022-10-11,0.16300000250339508,0.16300000250339508,0.1850000023841858,0.16200000047683716,0.1770000010728836,243600
2022-10-12,0.1850000023841858,0.1850000023841858,0.1899999976158142,0.16500000655651093,0.17000000178813934,599100
2022-10-13,0.18000000715255737,0.18000000715255737,0.28999999165534973,0.16599999368190765,0.18000000715255737,4459000
2022-10-14,0.17399999499320984,0.17399999499320984,0.18199999630451202,0.16500000655651093,0.18199999630451202,397000
2022-10-17,0.15000000596046448,0.15000000596046448,0.18000000715255737,0.14800000190734863,0.18000000715255737,929000
2022-10-18,0.07900000363588333,0.07900000363588333,0.09000000357627869,0.07599999755620956,0.08100000023841858,64262700
2022-10-19,0.07800000160932541,0.07800000160932541,0.08399999886751175,0.07699999958276749,0.07999999821186066,20005800
2022-10-20,0.08799999952316284,0.08799999952316284,0.10400000214576721,0.07900000363588333,0.07900000363588333,57586300
2022-10-21,0.07999999821186066,0.07999999821186066,0.08500000089406967,0.07800000160932541,0.08399999886751175,20801000
2022-10-24,0.08299999684095383,0.08299999684095383,0.09200000017881393,0.07100000232458115,0.07699999958276749,38053000
2022-10-25,0.08699999749660492,0.08699999749660492,0.09700000286102295,0.07800000160932541,0.08900000154972076,25055100
2022-10-26,0.1120000034570694,0.1120000034570694,0.12300000339746475,0.09799999743700027,0.10300000011920929,87338100
2022-10-27,0.09399999678134918,0.09399999678134918,0.10700000077486038,0.08900000154972076,0.10199999809265137,23773700
2022-10-28,0.08699999749660492,0.08699999749660492,0.09200000017881393,0.08399999886751175,0.08799999952316284,12351500
2022-10-31,0.08500000089406967,0.08500000089406967,0.09300000220537186,0.08299999684095383,0.09200000017881393,6805300
2022-11-01,0.08399999886751175,0.08399999886751175,0.08399999886751175,0.07999999821186066,0.08399999886751175,7114800
2022-11-02,0.08299999684095383,0.08299999684095383,0.0949999988079071,0.07999999821186066,0.08100000023841858,11232800
2022-11-03,0.0860000029206276,0.0860000029206276,0.08799999952316284,0.0820000022649765,0.0860000029206276,5679900
2022-11-04,0.08399999886751175,0.08399999886751175,0.08900000154972076,0.07999999821186066,0.08699999749660492,10662700
2022-11-07,0.07900000363588333,0.07900000363588333,0.08799999952316284,0.07699999958276749,0.08799999952316284,7239900
2022-11-08,0.07599999755620956,0.07599999755620956,0.07900000363588333,0.06800000369548798,0.07900000363588333,11602500
2022-11-09,0.0729999989271164,0.0729999989271164,0.07400000095367432,0.0689999982714653,0.0729999989271164,5306900
2022-11-10,0.11500000208616257,0.11500000208616257,0.11999999731779099,0.07500000298023224,0.07699999958276749,54275400
2022-11-11,0.12300000339746475,0.12300000339746475,0.16200000047683716,0.0989999994635582,0.1340000033378601,97232100
2022-11-14,0.14800000190734863,0.14800000190734863,0.17399999499320984,0.12800000607967377,0.1509999930858612,49298000
2022-11-15,0.12200000137090683,0.12200000137090683,0.14800000190734863,0.11999999731779099,0.13199999928474426,19381400
2022-11-16,0.12399999797344208,0.12399999797344208,0.13199999928474426,0.11100000143051147,0.12800000607967377,12239200
2022-11-17,0.13099999725818634,0.13099999725818634,0.16300000250339508,0.1120000034570694,0.11999999731779099,33927100
2022-11-18,0.14499999582767487,0.14499999582767487,0.18799999356269836,0.12999999523162842,0.16099999845027924,130670300
2022-11-21,0.17499999701976776,0.17499999701976776,0.18799999356269836,0.15299999713897705,0.17000000178813934,98834300
2022-11-22,0.328000009059906,0.328000009059906,0.33500000834465027,0.1899999976158142,0.20100000500679016,371772400
2022-11-23,0.3199999928474426,0.3199999928474426,0.6600000262260437,0.30000001192092896,0.47999998927116394,402400300
2022-11-25,0.42899999022483826,0.42899999022483826,0.47999998927116394,0.3630000054836273,0.46700000762939453,159721600
2022-11-28,0.5799999833106995,0.5799999833106995,0.6169999837875366,0.46299999952316284,0.49799999594688416,232555100
2022-11-29,0.7730000019073486,0.7730000019073486,0.8450000286102295,0.6060000061988831,0.8109999895095825,285997700
2022-11-30,0.5950000286102295,0.5950000286102295,0.6919999718666077,0.5350000262260437,0.6679999828338623,147139000
2022-12-01,0.39800000190734863,0.39800000190734863,0.625,0.36000001430511475,0.5680000185966492,171085600
2022-12-02,0.5350000262260437,0.5350000262260437,0.6100000143051147,0.4230000078678131,0.46700000762939453,215348000
2022-12-05,0.5699999928474426,0.5699999928474426,0.6549999713897705,0.5329999923706055,0.609000027179718,133812000
2022-12-06,0.47099998593330383,0.47099998593330383,0.5199999809265137,0.4390000104904175,0.5049999952316284,88238100
2022-12-07,0.45100000500679016,0.45100000500679016,0.49000000953674316,0.3799999952316284,0.41999998688697815,76945500
2022-12-08,0.3370000123977661,0.3370000123977661,0.4189999997615814,0.3109999895095825,0.4020000100135803,55542400
2022-12-09,0.3529999852180481,0.3529999852180481,0.3889999985694885,0.25600001215934753,0.31700000166893005,95449200
2022-12-12,0.3319999873638153,0.3319999873638153,0.3799999952316284,0.3050000071525574,0.35499998927116394,33079400
2022-12-13,0.2809999883174896,0.2809999883174896,0.33500000834465027,0.2800000011920929,0.29499998688697815,27221200
2022-12-14,0.3199999928474426,0.3199999928474426,0.3400000035762787,0.23800000548362732,0.2680000066757202,56616300
2022-12-15,0.33000001311302185,0.33000001311302185,0.34200000762939453,0.2720000147819519,0.3149999976158142,52128200
2022-12-16,23.010000228881836,23.010000228881836,23.84000015258789,2.859999895095825,3.8499999046325684,120031700
2022-12-19,7.590000152587891,7.590000152587891,10.920000076293945,7.310999870300293,9.180000305175781,35401900
2022-12-20,8.760000228881836,8.760000228881836,9.180000305175781,5.590000152587891,6.699999809265137,33060800
2022-12-21,8.020000457763672,8.020000457763672,9.130000114440918,7.579999923706055,8.289999961853027,12207400
2022-12-22,7.099999904632568,7.099999904632568,7.78000020980835,6.599999904632568,7.579999923706055,4241500
2022-12-23,6.400000095367432,6.400000095367432,6.980000019073486,6.25,6.670000076293945,2684300
2022-12-27,4.400000095367432,4.400000095367432,6.079999923706055,4.320000171661377,5.880000114440918,4335800
2022-12-28,4.559999942779541,4.559999942779541,5.570000171661377,4.329999923706055,4.389999866485596,6955500
2022-12-29,4.400000095367432,4.400000095367432,4.78000020980835,4.21999979019165,4.559999942779541,2573500
2022-12-30,4.559999942779541,4.559999942779541,4.739999771118164,4.150000095367432,4.25,2683800
2023-01-03,5.519999980926514,5.519999980926514,6.139999866485596,4.699999809265137,5.0,4506800
2023-01-04,5.420000076293945,5.420000076293945,5.679999828338623,5.059999942779541,5.264999866485596,1932300
2023-01-05,5.03000020980835,5.03000020980835,5.579999923706055,4.909999847412109,5.179999828338623,2096700
2023-01-06,4.599999904632568,4.599999904632568,4.760000228881836,4.300000190734863,4.650000095367432,1734300
2023-01-09,4.389999866485596,4.389999866485596,4.579999923706055,4.320000171661377,4.454999923706055,905600
2023-01-10,4.639999866485596,4.639999866485596,5.150000095367432,4.309999942779541,4.400000095367432,4045700
2023-01-11,4.28000020980835,4.28000020980835,4.550000190734863,4.159999847412109,4.400000095367432,1406200
2023-01-12,4.059999942779541,4.059999942779541,4.199999809265137,3.9100000858306885,4.099999904632568,1184200
2023-01-13,3.8399999141693115,3.8399999141693115,4.099999904632568,3.7699999809265137,4.0,1150100
2023-01-17,3.619999885559082,3.619999885559082,3.799999952316284,3.5510001182556152,3.6700000762939453,1246000
2023-01-18,3.4100000858306885,3.4100000858306885,3.680000066757202,3.2699999809265137,3.619999885559082,1144200
2023-01-19,3.0899999141693115,3.0899999141693115,3.380000114440918,3.009999990463257,3.359999895095825,1477400
2023-01-20,5.329999923706055,5.329999923706055,6.420000076293945,3.2699999809265137,3.4100000858306885,72372700
2023-01-23,4.889999866485596,4.889999866485596,5.440000057220459,4.429999828338623,4.804999828338623,13102200
2023-01-24,6.179999828338623,6.179999828338623,6.880000114440918,4.5,4.570000171661377,31973900
2023-01-25,6.619999885559082,6.619999885559082,7.360000133514404,5.699999809265137,6.289999961853027,24463700
2023-01-26,6.820000171661377,6.820000171661377,7.440000057220459,6.170000076293945,6.389999866485596,10113700
2023-01-27,6.539999961853027,6.539999961853027,7.25,6.309999942779541,6.820000171661377,4943600
2023-01-30,5.980000019073486,5.980000019073486,6.260000228881836,5.71999979019165,6.03000020980835,2524300
2023-01-31,6.489999771118164,6.489999771118164,6.5,5.849999904632568,5.940000057220459,2168700
2023-02-01,6.349999904632568,6.349999904632568,6.800000190734863,6.140999794006348,6.320000171661377,1321600
2023-02-02,6.429999828338623,6.429999828338623,7.300000190734863,6.099999904632568,6.179999828338623,3411500
2023-02-03,5.800000190734863,5.800000190734863,6.519999980926514,5.75,6.400000095367432,1351800
2023-02-06,5.309999942779541,5.309999942779541,6.099999904632568,5.25,5.78000020980835,1441600
2023-02-07,5.0,5.0,5.590000152587891,4.840000152587891,5.199999809265137,1719000
2023-02-08,5.039999961853027,5.039999961853027,5.170000076293945,4.699999809265137,4.989999771118164,972000
2023-02-09,4.789999961853027,4.789999961853027,5.190000057220459,4.71999979019165,5.190000057220459,686100
2023-02-10,4.929999828338623,4.929999828338623,5.119999885559082,4.699999809265137,4.699999809265137,734400
2023-02-13,4.730000019073486,4.730000019073486,4.989999771118164,4.659999847412109,4.989999771118164,490900
2023-02-14,4.489999771118164,4.489999771118164,4.75,4.420000076293945,4.739999771118164,641800
2023-02-15,4.730000019073486,4.730000019073486,4.949999809265137,4.409999847412109,4.46999979019165,957600
2023-02-16,4.409999847412109,4.409999847412109,4.71999979019165,4.389999866485596,4.590000152587891,711100
2023-02-17,4.400000095367432,4.400000095367432,4.619999885559082,4.329999923706055,4.420000076293945,531800
2023-02-21,4.369999885559082,4.369999885559082,4.420000076293945,4.230000019073486,4.25,387300
2023-02-22,4.28000020980835,4.28000020980835,4.429999828338623,4.210000038146973,4.400000095367432,337200
2023-02-23,4.190000057220459,4.190000057220459,4.559999942779541,4.090000152587891,4.329999923706055,899100
2023-02-24,3.9100000858306885,3.9100000858306885,4.21999979019165,3.759999990463257,4.099999904632568,583100
2023-02-27,3.450000047683716,3.450000047683716,3.8499999046325684,3.259999990463257,3.8499999046325684,1328100
2023-02-28,3.359999895095825,3.359999895095825,3.549999952316284,3.25,3.369999885559082,670000
2023-03-01,3.2899999618530273,3.2899999618530273,3.5,3.259999990463257,3.299999952316284,457700
2023-03-02,3.5799999237060547,3.5799999237060547,3.5999999046325684,3.115000009536743,3.2300000190734863,775000
2023-03-03,3.609999895095825,3.609999895095825,3.859999895095825,3.4200000762939453,3.6600000858306885,1526100
2023-03-06,3.8499999046325684,3.8499999046325684,3.8499999046325684,3.369999885559082,3.5399999618530273,823700
2023-03-07,4.429999828338623,4.429999828338623,4.839000225067139,3.9100000858306885,3.9100000858306885,5667500
2023-03-08,4.28000020980835,4.28000020980835,4.579999923706055,4.214000225067139,4.245999813079834,977100
2023-03-09,3.799999952316284,3.799999952316284,4.329999923706055,3.700000047683716,4.289999961853027,865400
2023-03-10,3.5399999618530273,3.5399999618530273,3.8299999237060547,3.5199999809265137,3.759999990463257,514700
2023-03-13,3.819999933242798,3.819999933242798,3.859999895095825,3.3499999046325684,3.450000047683716,620900
2023-03-14,3.8499999046325684,3.8499999046325684,4.039999961853027,3.7160000801086426,3.819999933242798,527000
2023-03-15,3.7100000381469727,3.7100000381469727,3.930000066757202,3.609999895095825,3.690000057220459,371100
2023-03-16,3.700000047683716,3.700000047683716,3.8499999046325684,3.549999952316284,3.690000057220459,621500
2023-03-17,3.4600000381469727,3.4600000381469727,3.7100000381469727,3.4200000762939453,3.6600000858306885,901500
2023-03-20,3.059999942779541,3.059999942779541,3.5,2.9100000858306885,3.4200000762939453,900700
2023-03-21,3.0350000858306885,3.0350000858306885,3.4100000858306885,3.009999990463257,3.140000104904175,601800
2023-03-22,2.990000009536743,2.990000009536743,3.130000114440918,2.9519999027252197,3.0399999618530273,364900
2023-03-23,3.4700000286102295,3.4700000286102295,3.740000009536743,3.0399999618530273,3.059999942779541,1448300
2023-03-24,3.5799999237060547,3.5799999237060547,4.039999961853027,3.5399999618530273,3.619999885559082,1270800
2023-03-27,3.7300000190734863,3.7300000190734863,3.890000104904175,3.5199999809265137,3.5199999809265137,509600
2023-03-28,3.5,3.5,3.8499999046325684,3.4700000286102295,3.75,421200
2023-03-29,3.609999895095825,3.609999895095825,3.7290000915527344,3.4519999027252197,3.5299999713897705,305000
2023-03-30,3.5399999618530273,3.5399999618530273,3.7100000381469727,3.490000009536743,3.640000104904175,253000
2023-03-31,3.5399999618530273,3.5399999618530273,3.5999999046325684,3.4600000381469727,3.5799999237060547,222800
2023-04-03,3.5299999713897705,3.5299999713897705,3.859999895095825,3.3499999046325684,3.440000057220459,1046700
2023-04-04,3.259999990463257,3.259999990463257,3.5199999809265137,3.2200000286102295,3.5199999809265137,287400
2023-04-05,3.069999933242798,3.069999933242798,3.359999895095825,3.009999990463257,3.2799999713897705,362300
2023-04-06,3.0899999141693115,3.0899999141693115,3.1610000133514404,2.9700000286102295,3.109999895095825,376700
2023-04-10,3.2699999809265137,3.2699999809265137,3.390000104904175,2.9700000286102295,3.069999933242798,651000
2023-04-11,3.380000114440918,3.380000114440918,3.490000009536743,3.299999952316284,3.390000104904175,235100
2023-04-12,3.450000047683716,3.450000047683716,3.6500000953674316,3.4000000953674316,3.4000000953674316,333400
2023-04-13,3.430000066757202,3.430000066757202,3.5,3.3499999046325684,3.4200000762939453,195700
2023-04-14,3.190000057220459,3.190000057220459,3.4700000286102295,3.1600000858306885,3.450000047683716,250600
2023-04-17,3.190000057220459,3.190000057220459,3.3499999046325684,3.130000114440918,3.130000114440918,310600
2023-04-18,3.1700000762939453,3.1700000762939453,3.240000009536743,3.069999933242798,3.240000009536743,221600
2023-04-19,3.0399999618530273,3.0399999618530273,3.190000057220459,3.009999990463257,3.190000057220459,233800
2023-04-20,3.0,3.0,3.059999942779541,2.930000066757202,3.059999942779541,188500
2023-04-21,3.190000057220459,3.190000057220459,3.3499999046325684,3.009999990463257,3.0399999618530273,836800
2023-04-24,3.2899999618530273,3.2899999618530273,3.509999990463257,3.200000047683716,3.240000009536743,647600
2023-04-25,3.4200000762939453,3.4200000762939453,3.5999999046325684,3.190000057220459,3.309999942779541,596400
2023-04-26,3.4800000190734863,3.4800000190734863,3.5399999618530273,3.3489999771118164,3.4000000953674316,290000
2023-04-27,3.5899999141693115,3.5899999141693115,4.050000190734863,3.440000057220459,3.440000057220459,1357800
2023-04-28,3.369999885559082,3.369999885559082,3.7899999618530273,3.3499999046325684,3.740000009536743,373400
2023-05-01,3.0899999141693115,3.0899999141693115,3.440000057220459,3.0899999141693115,3.4100000858306885,301000
2023-05-02,3.2200000286102295,3.2200000286102295,3.2200000286102295,3.049999952316284,3.059999942779541,238000
2023-05-03,3.200000047683716,3.200000047683716,3.3299999237060547,3.0999999046325684,3.2100000381469727,326000
2023-05-04,3.1700000762939453,3.1700000762939453,3.200000047683716,3.0899999141693115,3.1500000953674316,194800
2023-05-05,3.0799999237060547,3.0799999237060547,3.299999952316284,3.0799999237060547,3.1700000762939453,288300
2023-05-08,3.319999933242798,3.319999933242798,3.3499999046325684,3.0899999141693115,3.0899999141693115,362200
2023-05-09,3.2200000286102295,3.2200000286102295,3.3299999237060547,3.180000066757202,3.3299999237060547,109400
2023-05-10,3.4700000286102295,3.4700000286102295,3.4800000190734863,3.2200000286102295,3.240000009536743,221800
2023-05-11,3.569999933242798,3.569999933242798,3.630000114440918,3.4000000953674316,3.430000066757202,311000
2023-05-12,3.440000057220459,3.440000057220459,3.7699999809265137,3.369999885559082,3.6500000953674316,238400
2023-05-15,3.4700000286102295,3.4700000286102295,3.490000009536743,3.2300000190734863,3.430000066757202,219700
2023-05-16,3.490000009536743,3.490000009536743,3.740000009536743,3.3499999046325684,3.430000066757202,520800
2023-05-17,3.559999942779541,3.559999942779541,3.6500000953674316,3.25,3.4100000858306885,625000
2023-05-18,3.390000104904175,3.390000104904175,3.6500000953674316,3.3499999046325684,3.569999933242798,326500
2023-05-19,3.450000047683716,3.450000047683716,3.5769999027252197,3.390000104904175,3.430000066757202,186600
2023-05-22,3.380000114440918,3.380000114440918,3.5,3.359999895095825,3.450000047683716,139400
2023-05-23,3.240000009536743,3.240000009536743,3.4200000762939453,3.200000047683716,3.4200000762939453,143000
2023-05-24,3.1600000858306885,3.1600000858306885,3.2899999618530273,3.119999885559082,3.2200000286102295,135800
2023-05-25,3.1600000858306885,3.1600000858306885,3.3499999046325684,3.049999952316284,3.200000047683716,403600
2023-05-26,3.0299999713897705,3.0299999713897705,3.309999942779541,2.9700000286102295,3.259999990463257,509600
2023-05-30,3.2100000381469727,3.2100000381469727,3.2860000133514404,3.009999990463257,3.0899999141693115,313400
2023-05-31,3.4200000762939453,3.4200000762939453,3.619999885559082,3.119999885559082,3.2200000286102295,784100
2023-06-01,3.5799999237060547,3.5799999237060547,3.7799999713897705,3.3499999046325684,3.4200000762939453,582700
2023-06-02,3.4600000381469727,3.4600000381469727,3.684999942779541,3.4000000953674316,3.609999895095825,327000
2023-06-05,3.5799999237060547,3.5799999237060547,3.7200000286102295,3.450000047683716,3.450000047683716,237100
2023-06-06,3.819999933242798,3.819999933242798,4.0,3.5199999809265137,3.6600000858306885,593000
2023-06-07,3.549999952316284,3.549999952316284,3.9700000286102295,3.4700000286102295,3.8499999046325684,663500
2023-06-08,3.4800000190734863,3.4800000190734863,3.5999999046325684,3.4600000381469727,3.5999999046325684,128400
2023-06-09,3.25,3.25,3.5199999809265137,3.25,3.5199999809265137,303200
2023-06-12,3.259999990463257,3.259999990463257,3.3399999141693115,3.259999990463257,3.2899999618530273,108300
2023-06-13,3.390000104904175,3.390000104904175,3.4489998817443848,3.2209999561309814,3.25,260400
2023-06-14,3.200000047683716,3.200000047683716,3.450000047683716,3.190000057220459,3.359999895095825,237600
2023-06-15,3.1700000762939453,3.1700000762939453,3.247999906539917,3.119999885559082,3.180000066757202,281100
2023-06-16,3.1500000953674316,3.1500000953674316,3.259999990463257,3.059999942779541,3.200000047683716,296000
2023-06-20,3.069999933242798,3.069999933242798,3.2100000381469727,3.059999942779541,3.130000114440918,248600
2023-06-21,3.109999895095825,3.109999895095825,3.180000066757202,3.0199999809265137,3.119999885559082,238200
2023-06-22,3.0799999237060547,3.0799999237060547,3.134000062942505,3.0299999713897705,3.059999942779541,159400
2023-06-23,3.2300000190734863,3.2300000190734863,3.25,3.0799999237060547,3.0799999237060547,182500
2023-06-26,3.109999895095825,3.109999895095825,3.25,3.0999999046325684,3.25,123900
2023-06-27,3.119999885559082,3.119999885559082,3.130000114440918,2.9800000190734863,3.0999999046325684,192700
2023-06-28,3.0399999618530273,3.0399999618530273,3.0889999866485596,3.009999990463257,3.069999933242798,161700
2023-06-29,2.990000009536743,2.990000009536743,3.059999942779541,2.9800000190734863,3.0,226700
2023-06-30,2.990000009536743,2.990000009536743,3.0899999141693115,2.930000066757202,3.0,264300
2023-07-03,3.119999885559082,3.119999885559082,3.1700000762939453,3.009999990463257,3.0199999809265137,337000
2023-07-05,3.0199999809265137,3.0199999809265137,3.1500000953674316,2.9800000190734863,3.1500000953674316,239600
2023-07-06,3.009999990463257,3.009999990463257,3.069999933242798,2.9100000858306885,3.0299999713897705,557100
2023-07-07,3.0899999141693115,3.0899999141693115,3.1549999713897705,2.9800000190734863,3.1500000953674316,649200
2023-07-10,3.1500000953674316,3.1500000953674316,3.2699999809265137,2.9800000190734863,3.0899999141693115,926200
2023-07-11,3.109999895095825,3.109999895095825,3.174999952316284,3.0299999713897705,3.1500000953674316,248800
2023-07-12,3.1700000762939453,3.1700000762939453,3.2249999046325684,3.069999933242798,3.1700000762939453,394900
2023-07-13,3.3499999046325684,3.3499999046325684,3.4179999828338623,3.119999885559082,3.1600000858306885,396500
2023-07-14,3.0199999809265137,3.0199999809265137,3.4000000953674316,2.990000009536743,3.319999933242798,805600
2023-07-17,2.994999885559082,2.994999885559082,3.0799999237060547,2.9800000190734863,3.0299999713897705,314200
2023-07-18,2.6700000762939453,2.6700000762939453,3.0,2.6500000953674316,3.0,882200
2023-07-19,2.4800000190734863,2.4800000190734863,2.7799999713897705,2.450000047683716,2.680000066757202,679300
2023-07-20,1.899999976158142,1.899999976158142,2.119999885559082,1.840000033378601,2.119999885559082,1901100
2023-07-21,1.8899999856948853,1.8899999856948853,1.9700000286102295,1.840000033378601,1.9500000476837158,892400
2023-07-24,1.7699999809265137,1.7699999809265137,1.9700000286102295,1.7300000190734863,1.8700000047683716,1376600
2023-07-25,1.7000000476837158,1.7000000476837158,1.8899999856948853,1.7000000476837158,1.7999999523162842,810300
2023-07-26,1.6299999952316284,1.6299999952316284,1.75,1.5800000429153442,1.7000000476837158,790800
2023-07-27,1.600000023841858,1.600000023841858,1.6579999923706055,1.5499999523162842,1.6399999856948853,484000
2023-07-28,1.5,1.5,1.6299999952316284,1.4789999723434448,1.600000023841858,647400
2023-07-31,1.5700000524520874,1.5700000524520874,1.690000057220459,1.4819999933242798,1.5499999523162842,1027200
2023-08-01,1.4700000286102295,1.4700000286102295,1.6200000047683716,1.4500000476837158,1.6200000047683716,686900
2023-08-02,1.25,1.25,1.4800000190734863,1.2200000286102295,1.4800000190734863,1814100
2023-08-03,1.2300000190734863,1.2300000190734863,1.2699999809265137,1.159999966621399,1.25,834100
2023-08-04,1.1699999570846558,1.1699999570846558,1.2580000162124634,1.1699999570846558,1.2300000190734863,505100
2023-08-07,1.399999976158142,1.399999976158142,1.6299999952316284,1.1100000143051147,1.1799999475479126,3080000
2023-08-08,1.350000023841858,1.350000023841858,1.399999976158142,1.25,1.350000023841858,954500
2023-08-09,1.159999966621399,1.159999966621399,1.3600000143051147,1.149999976158142,1.350000023841858,1065500
2023-08-10,1.2899999618530273,1.2899999618530273,1.4299999475479126,1.1699999570846558,1.1699999570846558,1460600
2023-08-11,1.3200000524520874,1.3200000524520874,1.4299999475479126,1.2200000286102295,1.2200000286102295,858400
2023-08-14,1.340000033378601,1.340000033378601,1.3899999856948853,1.2699999809265137,1.3899999856948853,638600
2023-08-15,1.2999999523162842,1.2999999523162842,1.4500000476837158,1.2799999713897705,1.3600000143051147,1929700
2023-08-16,1.340000033378601,1.340000033378601,1.3899999856948853,1.2100000381469727,1.2100000381469727,690400
2023-08-17,1.4800000190734863,1.4800000190734863,1.5399999618530273,1.2999999523162842,1.340000033378601,801100
2023-08-18,1.3600000143051147,1.3600000143051147,1.4500000476837158,1.3300000429153442,1.4199999570846558,410900
2023-08-21,1.3899999856948853,1.3899999856948853,1.4199999570846558,1.3600000143051147,1.3799999952316284,154900
2023-08-22,1.2999999523162842,1.2999999523162842,1.399999976158142,1.2999999523162842,1.3899999856948853,257600
2023-08-23,1.2999999523162842,1.2999999523162842,1.3200000524520874,1.2699999809265137,1.2799999713897705,302400
2023-08-24,1.2200000286102295,1.2200000286102295,1.2999999523162842,1.159999966621399,1.2999999523162842,566600
2023-08-25,1.2100000381469727,1.2100000381469727,1.2699999809265137,1.149999976158142,1.2100000381469727,385400
2023-08-28,1.2100000381469727,1.2100000381469727,1.25,1.190000057220459,1.2100000381469727,328800
2023-08-29,1.2100000381469727,1.2100000381469727,1.25600004196167,1.190000057220459,1.2100000381469727,244300
2023-08-30,1.1799999475479126,1.1799999475479126,1.2259999513626099,1.1799999475479126,1.190000057220459,192400
2023-08-31,1.2000000476837158,1.2000000476837158,1.2000000476837158,1.149999976158142,1.2000000476837158,166100
2023-09-01,1.1799999475479126,1.1799999475479126,1.225000023841858,1.1799999475479126,1.2000000476837158,149900
2023-09-05,1.2000000476837158,1.2000000476837158,1.2000000476837158,1.1699999570846558,1.190000057220459,122200
2023-09-06,1.159999966621399,1.159999966621399,1.190000057220459,1.149999976158142,1.190000057220459,137800
2023-09-07,1.1399999856948853,1.1399999856948853,1.1699999570846558,1.1299999952316284,1.1699999570846558,217500
2023-09-08,1.1200000047683716,1.1200000047683716,1.149999976158142,1.100000023841858,1.1399999856948853,198700
2023-09-11,0.9900000095367432,0.9900000095367432,1.1299999952316284,0.9900000095367432,1.100000023841858,522300
2023-09-12,1.3300000429153442,1.3300000429153442,1.590000033378601,1.090000033378601,1.2549999952316284,41722900
2023-09-13,1.340000033378601,1.340000033378601,1.468000054359436,1.2699999809265137,1.3600000143051147,8222000
2023-09-14,1.2899999618530273,1.2899999618530273,1.350000023841858,1.1799999475479126,1.2599999904632568,1464900
2023-09-15,1.3899999856948853,1.3899999856948853,1.4500000476837158,1.2599999904632568,1.2799999713897705,1175000
2023-09-18,1.6299999952316284,1.6299999952316284,1.8589999675750732,1.3899999856948853,1.4700000286102295,6146500
2023-09-19,1.5,1.5,1.6699999570846558,1.4199999570846558,1.559999942779541,1200300
2023-09-20,1.5399999618530273,1.5399999618530273,1.6699999570846558,1.440000057220459,1.440000057220459,1205500
2023-09-21,1.7699999809265137,1.7699999809265137,1.7999999523162842,1.4600000381469727,1.5399999618530273,1478200
2023-09-22,1.8200000524520874,1.8200000524520874,1.9149999618530273,1.7000000476837158,1.8899999856948853,1861100
2023-09-25,1.7300000190734863,1.7300000190734863,1.809999942779541,1.590000033378601,1.75,1127800
2023-09-26,1.899999976158142,1.899999976158142,2.0299999713897705,1.6799999475479126,1.6799999475479126,1899200
2023-09-27,1.649999976158142,1.649999976158142,2.049999952316284,1.649999976158142,1.9500000476837158,1488400
2023-09-28,1.6299999952316284,1.6299999952316284,1.7000000476837158,1.590000033378601,1.6699999570846558,404100
2023-09-29,1.5700000524520874,1.5700000524520874,1.690000057220459,1.5499999523162842,1.6799999475479126,750000
2023-10-02,1.4199999570846558,1.4199999570846558,1.5750000476837158,1.409999966621399,1.5099999904632568,524100
2023-10-03,1.350000023841858,1.350000023841858,1.399999976158142,1.2999999523162842,1.399999976158142,191900
2023-10-04,1.2599999904632568,1.2599999904632568,1.3730000257492065,1.2400000095367432,1.350000023841858,316800
2023-10-05,1.3200000524520874,1.3200000524520874,1.3650000095367432,1.2389999628067017,1.25,391700
2023-10-06,1.2599999904632568,1.2599999904632568,1.3350000381469727,1.2300000190734863,1.3300000429153442,326100
2023-10-09,1.1399999856948853,1.1399999856948853,1.2599999904632568,1.1299999952316284,1.2400000095367432,324300
2023-10-10,1.1799999475479126,1.1799999475479126,1.2100000381469727,1.149999976158142,1.149999976158142,257200
2023-10-11,1.3300000429153442,1.3300000429153442,1.3799999952316284,1.184999942779541,1.190000057220459,1208100
2023-10-12,1.2899999618530273,1.2899999618530273,1.409999966621399,1.25,1.2899999618530273,564200
2023-10-13,1.25,1.25,1.2899999618530273,1.2200000286102295,1.2699999809265137,220200
2023-10-16,1.2000000476837158,1.2000000476837158,1.2450000047683716,1.1799999475479126,1.2200000286102295,216000
2023-10-17,1.2100000381469727,1.2100000381469727,1.2599999904632568,1.190000057220459,1.190000057220459,205700
2023-10-18,1.1699999570846558,1.1699999570846558,1.2400000095367432,1.159999966621399,1.2200000286102295,115700
2023-10-19,1.1100000143051147,1.1100000143051147,1.187999963760376,1.090000033378601,1.1799999475479126,257700
2023-10-20,1.0299999713897705,1.0299999713897705,1.1399999856948853,1.0099999904632568,1.1200000047683716,330400
2023-10-23,1.0199999809265137,1.0199999809265137,1.100000023841858,1.0099999904632568,1.100000023841858,160900
2023-10-24,1.0299999713897705,1.0299999713897705,1.0700000524520874,1.0199999809265137,1.0700000524520874,109100
2023-10-25,1.0199999809265137,1.0199999809265137,1.059999942779541,1.0099999904632568,1.0499999523162842,152300
2023-10-26,1.0099999904632568,1.0099999904632568,1.0299999713897705,1.0,1.0099999904632568,82200
2023-10-27,1.0,1.0,1.0399999618530273,1.0,1.0,130700
2023-10-30,1.0299999713897705,1.0299999713897705,1.0399999618530273,1.0,1.0199999809265137,69900
2023-10-31,1.0299999713897705,1.0299999713897705,1.059999942779541,1.0199999809265137,1.0199999809265137,62200
2023-11-01,1.0199999809265137,1.0199999809265137,1.059999942779541,1.0099999904632568,1.059999942779541,31400
2023-11-02,1.0449999570846558,1.0449999570846558,1.0499999523162842,1.0299999713897705,1.0299999713897705,72400
2023-11-03,1.149999976158142,1.149999976158142,1.159999966621399,1.0499999523162842,1.0499999523162842,226500
2023-11-06,1.0700000524520874,1.0700000524520874,1.159999966621399,1.0700000524520874,1.149999976158142,103000
2023-11-07,1.090000033378601,1.090000033378601,1.1299999952316284,1.059999942779541,1.1299999952316284,46900
2023-11-08,1.159999966621399,1.159999966621399,1.1799999475479126,1.100000023841858,1.1299999952316284,173600
2023-11-09,1.090000033378601,1.090000033378601,1.1699999570846558,1.059999942779541,1.1699999570846558,153200
2023-11-10,1.0499999523162842,1.0499999523162842,1.1200000047683716,1.031000018119812,1.1200000047683716,55200
2023-11-13,1.0399999618530273,1.0399999618530273,1.059999942779541,1.0299999713897705,1.0499999523162842,48200
2023-11-14,1.0,1.0,1.100000023841858,0.9800000190734863,1.059999942779541,289600
2023-11-15,1.100000023841858,1.100000023841858,1.1460000276565552,1.0099999904632568,1.0399999618530273,130800
2023-11-16,1.0800000429153442,1.0800000429153442,1.1299999952316284,1.059999942779541,1.090000033378601,114200
2023-11-17,1.0800000429153442,1.0800000429153442,1.149999976158142,1.0700000524520874,1.149999976158142,66600
2023-11-20,1.100000023841858,1.100000023841858,1.1100000143051147,1.0399999618530273,1.100000023841858,138100
2023-11-21,1.0299999713897705,1.0299999713897705,1.100000023841858,0.9700000286102295,1.0399999618530273,571600
2023-11-22,1.034999966621399,1.034999966621399,1.059999942779541,1.0,1.0299999713897705,73600
2023-11-24,1.090000033378601,1.090000033378601,1.100000023841858,1.0099999904632568,1.0299999713897705,106000
2023-11-27,1.059999942779541,1.059999942779541,1.090000033378601,1.0299999713897705,1.0800000429153442,122600
2023-11-28,1.0700000524520874,1.0700000524520874,1.0850000381469727,1.0199999809265137,1.059999942779541,88700
2023-11-29,1.0199999809265137,1.0199999809265137,1.090000033378601,1.0199999809265137,1.090000033378601,89400
2023-11-30,1.0399999618530273,1.0399999618530273,1.0700000524520874,1.0199999809265137,1.0199999809265137,125900
2023-12-01,1.1299999952316284,1.1299999952316284,1.440000057220459,1.0299999713897705,1.0499999523162842,3279800
2023-12-04,1.059999942779541,1.059999942779541,1.1460000276565552,1.0399999618530273,1.1200000047683716,227200
2023-12-05,1.0499999523162842,1.0499999523162842,1.0800000429153442,1.0199999809265137,1.059999942779541,154600
2023-12-06,1.0199999809265137,1.0199999809265137,1.0499999523162842,1.0199999809265137,1.0299999713897705,102400
2023-12-07,1.1399999856948853,1.1399999856948853,1.2000000476837158,1.0399999618530273,1.0499999523162842,695300
2023-12-08,1.0499999523162842,1.0499999523162842,1.1399999856948853,1.0199999809265137,1.1399999856948853,299300
2023-12-11,1.0700000524520874,1.0700000524520874,1.0800000429153442,1.0199999809265137,1.059999942779541,171300
2023-12-12,1.059999942779541,1.059999942779541,1.0800000429153442,1.0479999780654907,1.0800000429153442,37200
2023-12-13,1.0499999523162842,1.0499999523162842,1.0800000429153442,1.0049999952316284,1.059999942779541,160400
2023-12-14,1.0499999523162842,1.0499999523162842,1.159999966621399,1.0299999713897705,1.0299999713897705,146600
2023-12-15,1.059999942779541,1.059999942779541,1.0800000429153442,1.0399999618530273,1.0499999523162842,79700
2023-12-18,1.149999976158142,1.149999976158142,1.2410000562667847,1.100000023841858,1.1699999570846558,866800
2023-12-19,1.4600000381469727,1.4600000381469727,1.5299999713897705,1.1430000066757202,1.2000000476837158,1288600
2023-12-20,1.2799999713897705,1.2799999713897705,1.4299999475479126,1.2200000286102295,1.3899999856948853,784100
2023-12-21,1.409999966621399,1.409999966621399,1.4780000448226929,1.2699999809265137,1.2799999713897705,393900
2023-12-22,1.3899999856948853,1.3899999856948853,1.5299999713897705,1.3200000524520874,1.3899999856948853,296200
2023-12-26,1.3899999856948853,1.3899999856948853,1.4589999914169312,1.350000023841858,1.399999976158142,110300
2023-12-27,1.5299999713897705,1.5299999713897705,1.5499999523162842,1.3639999628067017,1.4500000476837158,332900
2023-12-28,1.4900000095367432,1.4900000095367432,1.649999976158142,1.3949999809265137,1.5099999904632568,520700
2023-12-29,1.409999966621399,1.409999966621399,1.4900000095367432,1.3799999952316284,1.440000057220459,170400
2024-01-02,1.3700000047683716,1.3700000047683716,1.5,1.350000023841858,1.3899999856948853,212500
2024-01-03,1.25,1.25,1.3739999532699585,1.159999966621399,1.3200000524520874,212000
2024-01-04,1.2699999809265137,1.2699999809265137,1.3200000524520874,1.2200000286102295,1.2699999809265137,142800
2024-01-05,1.190000057220459,1.190000057220459,1.2549999952316284,1.1799999475479126,1.2400000095367432,45900
2024-01-08,1.2799999713897705,1.2799999713897705,1.340000033378601,1.2000000476837158,1.2799999713897705,90800
2024-01-09,1.2799999713897705,1.2799999713897705,1.2999999523162842,1.190000057220459,1.2899999618530273,194700
2024-01-10,1.2300000190734863,1.2300000190734863,1.281999945640564,1.190000057220459,1.2799999713897705,69800
2024-01-11,1.1699999570846558,1.1699999570846558,1.2400000095367432,1.0199999809265137,1.2000000476837158,162600
2024-01-12,1.1699999570846558,1.1699999570846558,1.1699999570846558,1.100000023841858,1.159999966621399,54500
2024-01-16,1.1200000047683716,1.1200000047683716,1.1430000066757202,1.0800000429153442,1.1299999952316284,60800
2024-01-17,1.090000033378601,1.090000033378601,1.1390000581741333,1.059999942779541,1.100000023841858,47600
2024-01-18,1.059999942779541,1.059999942779541,1.2000000476837158,1.0499999523162842,1.1399999856948853,111400
2024-01-19,1.0800000429153442,1.0800000429153442,1.090000033378601,1.0499999523162842,1.090000033378601,38600
2024-01-22,1.0099999904632568,1.0099999904632568,1.090000033378601,1.0,1.059999942779541,148100
2024-01-23,1.0499999523162842,1.0499999523162842,1.2000000476837158,0.9800000190734863,1.0099999904632568,593300
2024-01-24,1.1299999952316284,1.1299999952316284,1.2400000095367432,1.0299999713897705,1.0499999523162842,669800
2024-01-25,1.0549999475479126,1.0549999475479126,1.1200000047683716,1.0,1.090000033378601,323400
2024-01-26,1.0499999523162842,1.0499999523162842,1.0800000429153442,1.0099999904632568,1.0299999713897705,185700
2024-01-29,1.1399999856948853,1.1399999856948853,1.1399999856948853,1.0299999713897705,1.0299999713897705,231900
2024-01-30,1.0499999523162842,1.0499999523162842,1.1200000047683716,1.0099999904632568,1.100000023841858,222500
2024-01-31,1.0640000104904175,1.0640000104904175,1.0800000429153442,1.0399999618530273,1.0399999618530273,127200
2024-02-01,1.0800000429153442,1.0800000429153442,1.090000033378601,1.0299999713897705,1.0499999523162842,172300
2024-02-02,1.0750000476837158,1.0750000476837158,1.100000023841858,1.0199999809265137,1.0800000429153442,200600
2024-02-05,1.1200000047683716,1.1200000047683716,1.1799999475479126,1.0299999713897705,1.0800000429153442,376200
2024-02-06,0.949999988079071,0.949999988079071,1.159999966621399,0.9340000152587891,1.149999976158142,1906000
2024-02-07,0.8119999766349792,0.8119999766349792,0.9700000286102295,0.800000011920929,0.9509999752044678,878100
2024-02-08,0.7900000214576721,0.7900000214576721,0.8299999833106995,0.7699999809265137,0.8299999833106995,317900
2024-02-09,0.7799999713897705,0.7799999713897705,0.8199999928474426,0.7599999904632568,0.7900000214576721,535700
2024-02-12,0.7870000004768372,0.7870000004768372,0.8299999833106995,0.7649999856948853,0.7879999876022339,214600
2024-02-13,0.777999997138977,0.777999997138977,0.800000011920929,0.7580000162124634,0.7900000214576721,134700
2024-02-14,0.8100000023841858,0.8100000023841858,0.8299999833106995,0.7820000052452087,0.7839999794960022,154900
2024-02-15,0.8180000185966492,0.8180000185966492,0.8370000123977661,0.800000011920929,0.8199999928474426,205300
2024-02-16,0.8299999833106995,0.8299999833106995,0.8500000238418579,0.7919999957084656,0.8100000023841858,175700
2024-02-20,0.8330000042915344,0.8330000042915344,0.8700000047683716,0.8100000023841858,0.828000009059906,328100
2024-02-21,0.8069999814033508,0.8069999814033508,0.8799999952316284,0.7649999856948853,0.800000011920929,802900
2024-02-22,0.7699999809265137,0.7699999809265137,0.8199999928474426,0.6859999895095825,0.8100000023841858,692100
2024-02-23,0.7649999856948853,0.7649999856948853,0.800000011920929,0.7549999952316284,0.7699999809265137,158500
2024-02-26,0.7699999809265137,0.7699999809265137,0.8100000023841858,0.7379999756813049,0.7749999761581421,300000
2024-02-27,0.7580000162124634,0.7580000162124634,0.7900000214576721,0.7459999918937683,0.7699999809265137,211100
2024-02-28,0.777999997138977,0.777999997138977,0.7900000214576721,0.75,0.7799999713897705,124600
2024-02-29,0.7749999761581421,0.7749999761581421,0.8199999928474426,0.75,0.7870000004768372,269100
2024-03-01,0.7860000133514404,0.7860000133514404,0.800000011920929,0.75,0.7599999904632568,133600
2024-03-04,0.7900000214576721,0.7900000214576721,0.8149999976158142,0.7699999809265137,0.8050000071525574,74100
2024-03-05,0.7850000262260437,0.7850000262260437,0.7850000262260437,0.7599999904632568,0.7799999713897705,154600
2024-03-06,0.7620000243186951,0.7620000243186951,0.7850000262260437,0.75,0.7850000262260437,48400
2024-03-07,0.7730000019073486,0.7730000019073486,0.800000011920929,0.7599999904632568,0.7749999761581421,71400
2024-03-08,0.765999972820282,0.765999972820282,0.7850000262260437,0.7599999904632568,0.7749999761581421,53600
2024-03-11,0.7850000262260437,0.7850000262260437,0.7990000247955322,0.7620000243186951,0.7990000247955322,86300
2024-03-12,0.7850000262260437,0.7850000262260437,0.7850000262260437,0.7630000114440918,0.781000018119812,43200
2024-03-13,0.7620000243186951,0.7620000243186951,0.800000011920929,0.7599999904632568,0.800000011920929,76900
2024-03-14,0.722000002861023,0.722000002861023,0.7699999809265137,0.7070000171661377,0.7699999809265137,135800
2024-03-15,0.7400000095367432,0.7400000095367432,0.8410000205039978,0.7139999866485596,0.7300000190734863,865300
2024-03-18,0.7009999752044678,0.7009999752044678,0.8600000143051147,0.6859999895095825,0.7900000214576721,855200
2024-03-19,0.6759999990463257,0.6759999990463257,0.7570000290870667,0.6600000262260437,0.7099999785423279,1411500
2024-03-20,0.6729999780654907,0.6729999780654907,0.699999988079071,0.6639999747276306,0.6639999747276306,111000
2024-03-21,0.6209999918937683,0.6209999918937683,0.7900000214576721,0.6150000095367432,0.6800000071525574,1101400
2024-03-22,0.6330000162124634,0.6330000162124634,0.6399999856948853,0.6100000143051147,0.6399999856948853,176100
2024-03-25,0.6589999794960022,0.6589999794960022,0.6660000085830688,0.6290000081062317,0.6299999952316284,121000
2024-03-26,0.6669999957084656,0.6669999957084656,0.6800000071525574,0.6449999809265137,0.6589999794960022,106200
2024-03-27,0.7099999785423279,0.7099999785423279,0.7099999785423279,0.6430000066757202,0.6700000166893005,151100
2024-03-28,0.7099999785423279,0.7099999785423279,0.7350000143051147,0.6899999976158142,0.6990000009536743,175500
2024-04-01,0.699999988079071,0.699999988079071,0.7279999852180481,0.6830000281333923,0.7170000076293945,93500
2024-04-02,0.7099999785423279,0.7099999785423279,0.718999981880188,0.6800000071525574,0.7049999833106995,36200
2024-04-03,0.6949999928474426,0.6949999928474426,0.7099999785423279,0.6800000071525574,0.7099999785423279,119600
2024-04-04,0.6899999976158142,0.6899999976158142,0.7099999785423279,0.6850000023841858,0.7099999785423279,40300
2024-04-05,0.6930000185966492,0.6930000185966492,0.7089999914169312,0.6800000071525574,0.6800000071525574,52200
2024-04-08,0.6980000138282776,0.6980000138282776,0.7170000076293945,0.6830000281333923,0.6990000009536743,45300
2024-04-09,0.6899999976158142,0.6899999976158142,0.6899999976158142,0.6660000085830688,0.6899999976158142,54300
2024-04-10,0.6909999847412109,0.6909999847412109,0.7250000238418579,0.6729999780654907,0.6899999976158142,66900
2024-04-11,0.7279999852180481,0.7279999852180481,0.7300000190734863,0.6800000071525574,0.6909999847412109,118600
2024-04-12,0.7049999833106995,0.7049999833106995,0.7260000109672546,0.675000011920929,0.7260000109672546,116400
2024-04-15,0.6499999761581421,0.6499999761581421,0.699999988079071,0.6299999952316284,0.699999988079071,153900
2024-04-16,0.6430000066757202,0.6430000066757202,0.6700000166893005,0.6370000243186951,0.6600000262260437,56900
2024-04-17,0.6299999952316284,0.6299999952316284,0.6600000262260437,0.6299999952316284,0.6430000066757202,56000
2024-04-18,0.6079999804496765,0.6079999804496765,0.6399999856948853,0.6050000190734863,0.628000020980835,77000
2024-04-19,0.48399999737739563,0.48399999737739563,0.6200000047683716,0.47999998927116394,0.6100000143051147,669300
2024-04-22,0.4909999966621399,0.4909999966621399,0.5080000162124634,0.46799999475479126,0.46799999475479126,135400
2024-04-23,0.5289999842643738,0.5289999842643738,0.5450000166893005,0.49000000953674316,0.5059999823570251,155200
2024-04-24,0.5099999904632568,0.5099999904632568,0.5260000228881836,0.5,0.5130000114440918,80500
2024-04-25,0.5170000195503235,0.5170000195503235,0.5320000052452087,0.4959999918937683,0.4959999918937683,52100
2024-04-26,0.6499999761581421,0.6499999761581421,0.6899999976158142,0.5049999952316284,0.5049999952316284,473500
2024-04-29,0.7089999914169312,0.7089999914169312,0.7200000286102295,0.6449999809265137,0.6710000038146973,228000
2024-04-30,0.6850000023841858,0.6850000023841858,0.7200000286102295,0.6499999761581421,0.6980000138282776,92200
2024-05-01,0.6700000166893005,0.6700000166893005,0.671999990940094,0.6510000228881836,0.6610000133514404,21900
2024-05-02,0.6759999990463257,0.6759999990463257,0.6949999928474426,0.6499999761581421,0.6800000071525574,37300
2024-05-03,0.6800000071525574,0.6800000071525574,0.699999988079071,0.6679999828338623,0.699999988079071,63900
2024-05-06,0.6740000247955322,0.6740000247955322,0.6800000071525574,0.6499999761581421,0.6629999876022339,29100
2024-05-07,0.6700000166893005,0.6700000166893005,0.7149999737739563,0.6539999842643738,0.7099999785423279,43500
2024-05-08,0.6600000262260437,0.6600000262260437,0.6700000166893005,0.6499999761581421,0.6600000262260437,42600
2024-05-09,0.6800000071525574,0.6800000071525574,0.699999988079071,0.6499999761581421,0.699999988079071,21400
2024-05-10,0.6899999976158142,0.6899999976158142,0.6980000138282776,0.6499999761581421,0.6899999976158142,40800
2024-05-13,0.699999988079071,0.699999988079071,0.699999988079071,0.6510000228881836,0.6549999713897705,38900
2024-05-14,0.7490000128746033,0.7490000128746033,0.7739999890327454,0.7099999785423279,0.7099999785423279,249400
2024-05-15,0.7350000143051147,0.7350000143051147,0.7799999713897705,0.7110000252723694,0.7799999713897705,57000
2024-05-16,0.699999988079071,0.699999988079071,0.75,0.699999988079071,0.7229999899864197,52000
2024-05-17,0.6919999718666077,0.6919999718666077,0.7699999809265137,0.6600000262260437,0.7300000190734863,78300
2024-05-20,0.6819999814033508,0.6819999814033508,0.7200000286102295,0.6800000071525574,0.7049999833106995,27500
2024-05-21,0.699999988079071,0.699999988079071,0.7200000286102295,0.6800000071525574,0.6830000281333923,38400
2024-05-22,0.699999988079071,0.699999988079071,0.699999988079071,0.6700000166893005,0.6800000071525574,16600
2024-05-23,0.6840000152587891,0.6840000152587891,0.7200000286102295,0.6800000071525574,0.6800000071525574,32800
2024-05-24,0.6990000009536743,0.6990000009536743,0.699999988079071,0.6499999761581421,0.652999997138977,53000
2024-05-28,0.7400000095367432,0.7400000095367432,0.7419999837875366,0.6700000166893005,0.6899999976158142,72600
2024-05-29,0.699999988079071,0.699999988079071,0.7200000286102295,0.6800000071525574,0.699999988079071,82700
2024-05-30,0.6899999976158142,0.6899999976158142,0.7300000190734863,0.6809999942779541,0.6809999942779541,16200
2024-05-31,0.6899999976158142,0.6899999976158142,0.699999988079071,0.6499999761581421,0.6930000185966492,65200
2024-06-03,0.6940000057220459,0.6940000057220459,0.6940000057220459,0.6620000004768372,0.6890000104904175,34100
2024-06-04,0.6949999928474426,0.6949999928474426,0.6949999928474426,0.6620000004768372,0.6669999957084656,14500
2024-06-05,0.6800000071525574,0.6800000071525574,0.7300000190734863,0.6200000047683716,0.699999988079071,101600
2024-06-06,0.6489999890327454,0.6489999890327454,0.7020000219345093,0.6489999890327454,0.6899999976158142,33300
2024-06-07,0.6200000047683716,0.6200000047683716,0.6800000071525574,0.6150000095367432,0.6200000047683716,69500
2024-06-10,0.6330000162124634,0.6330000162124634,0.6600000262260437,0.6100000143051147,0.6399999856948853,49200
2024-06-11,0.6330000162124634,0.6330000162124634,0.6340000033378601,0.6000000238418579,0.6340000033378601,40300
2024-06-12,0.6499999761581421,0.6499999761581421,0.6499999761581421,0.6000000238418579,0.6110000014305115,56100
2024-06-13,0.675000011920929,0.675000011920929,0.6949999928474426,0.6499999761581421,0.6669999957084656,56000
2024-06-14,0.6600000262260437,0.6600000262260437,0.6869999766349792,0.6499999761581421,0.656000018119812,15900
2024-06-17,0.6990000009536743,0.6990000009536743,0.7099999785423279,0.6399999856948853,0.6399999856948853,27500
2024-06-18,0.7329999804496765,0.7329999804496765,0.8899999856948853,0.6990000009536743,0.7089999914169312,1361800
2024-06-20,0.718999981880188,0.718999981880188,0.7699999809265137,0.6880000233650208,0.75,91200
2024-06-21,0.6740000247955322,0.6740000247955322,0.7200000286102295,0.6610000133514404,0.699999988079071,113100
2024-06-24,0.6499999761581421,0.6499999761581421,0.699999988079071,0.6399999856948853,0.6990000009536743,41100
2024-06-25,0.6340000033378601,0.6340000033378601,0.6850000023841858,0.6299999952316284,0.6499999761581421,16900
2024-06-26,0.6449999809265137,0.6449999809265137,0.6629999876022339,0.6200000047683716,0.6399999856948853,46800
2024-06-27,0.6790000200271606,0.6790000200271606,0.6800000071525574,0.621999979019165,0.6309999823570251,5475800
2024-06-28,1.0399999618530273,1.0399999618530273,1.3899999856948853,0.9520000219345093,1.2200000286102295,81304200
2024-07-01,1.100000023841858,1.100000023841858,1.3700000047683716,0.8700000047683716,0.9200000166893005,19006500
2024-07-02,1.0099999904632568,1.0099999904632568,1.190000057220459,0.9950000047683716,1.0099999904632568,2706800
2024-07-03,0.8999999761581421,0.8999999761581421,1.0399999618530273,0.8799999952316284,1.0299999713897705,1342800
2024-07-05,1.0700000524520874,1.0700000524520874,1.100000023841858,0.9010000228881836,0.9150000214576721,971400
2024-07-08,1.2400000095367432,1.2400000095367432,1.25,0.9919999837875366,1.0,1125900
2024-07-09,1.190000057220459,1.190000057220459,1.4900000095367432,1.1510000228881836,1.190000057220459,3345800
2024-07-10,1.190000057220459,1.190000057220459,1.340000033378601,1.0800000429153442,1.190000057220459,2202200
2024-07-11,1.2899999618530273,1.2899999618530273,1.3300000429153442,1.159999966621399,1.2000000476837158,1354900
2024-07-12,1.2899999618530273,1.2899999618530273,1.340000033378601,1.25,1.2599999904632568,307900
2024-07-15,1.409999966621399,1.409999966621399,1.4900000095367432,1.2699999809265137,1.2799999713897705,1024800
2024-07-16,1.4600000381469727,1.4600000381469727,1.5399999618530273,1.399999976158142,1.4500000476837158,609000
2024-07-17,1.399999976158142,1.399999976158142,1.4900000095367432,1.350000023841858,1.4900000095367432,309200
2024-07-18,1.2549999952316284,1.2549999952316284,1.4299999475479126,1.2400000095367432,1.4199999570846558,2061900
2024-07-19,1.2400000095367432,1.2400000095367432,1.2999999523162842,1.190000057220459,1.2200000286102295,594000
2024-07-22,1.1399999856948853,1.1399999856948853,1.2200000286102295,1.1100000143051147,1.2000000476837158,475100
2024-07-23,1.1799999475479126,1.1799999475479126,1.2200000286102295,1.090000033378601,1.090000033378601,157800
2024-07-24,1.2100000381469727,1.2100000381469727,1.25,1.1699999570846558,1.190000057220459,267300
2024-07-25,1.2799999713897705,1.2799999713897705,1.350000023841858,1.1799999475479126,1.2100000381469727,1639200
2024-07-26,1.1699999570846558,1.1699999570846558,1.2999999523162842,1.1399999856948853,1.2699999809265137,256300
2024-07-29,1.2699999809265137,1.2699999809265137,1.2899999618530273,1.159999966621399,1.159999966621399,127900
2024-07-30,1.2000000476837158,1.2000000476837158,1.2699999809265137,1.190000057220459,1.2100000381469727,70800
2024-07-31,1.2100000381469727,1.2100000381469727,1.2300000190734863,1.2000000476837158,1.2200000286102295,51800
2024-08-01,1.2200000286102295,1.2200000286102295,1.2300000190734863,1.159999966621399,1.2100000381469727,81100
2024-08-02,1.1399999856948853,1.1399999856948853,1.2000000476837158,1.1200000047683716,1.190000057220459,146900
2024-08-05,1.0,1.0,1.0499999523162842,0.9800000190734863,1.0099999904632568,221700
2024-08-06,1.149999976158142,1.149999976158142,1.159000039100647,1.0399999618530273,1.059999942779541,278200
2024-08-07,1.0800000429153442,1.0800000429153442,1.1779999732971191,1.0299999713897705,1.1699999570846558,117400
2024-08-08,1.1200000047683716,1.1200000047683716,1.2300000190734863,1.100000023841858,1.1200000047683716,303200
2024-08-09,1.0750000476837158,1.0750000476837158,1.159999966621399,1.0700000524520874,1.1349999904632568,98200
2024-08-12,1.0800000429153442,1.0800000429153442,1.1200000047683716,1.0399999618530273,1.0499999523162842,104300
2024-08-13,1.100000023841858,1.100000023841858,1.100000023841858,1.0499999523162842,1.059999942779541,54900
2024-08-14,1.0889999866485596,1.0889999866485596,1.1299999952316284,1.0499999523162842,1.100000023841858,37900
2024-08-15,1.0800000429153442,1.0800000429153442,1.1299999952316284,1.0700000524520874,1.1299999952316284,39400
2024-08-16,1.159999966621399,1.159999966621399,1.2799999713897705,1.059999942779541,1.0700000524520874,379800
2024-08-19,1.2599999904632568,1.2599999904632568,1.3300000429153442,1.100000023841858,1.149999976158142,1677800
2024-08-20,1.0700000524520874,1.0700000524520874,1.2100000381469727,1.0199999809265137,1.2000000476837158,703200
2024-08-21,1.2599999904632568,1.2599999904632568,1.5800000429153442,1.0299999713897705,1.0299999713897705,10131000
2024-08-22,1.2799999713897705,1.2799999713897705,1.4199999570846558,1.2000000476837158,1.3200000524520874,4486800
2024-08-23,1.2200000286102295,1.2200000286102295,1.3600000143051147,1.2009999752044678,1.2699999809265137,1118100
2024-08-26,1.190000057220459,1.190000057220459,1.2400000095367432,1.1299999952316284,1.1799999475479126,584400
2024-08-27,1.2000000476837158,1.2000000476837158,1.2200000286102295,1.149999976158142,1.2000000476837158,366600
2024-08-28,1.159999966621399,1.159999966621399,1.3200000524520874,1.1299999952316284,1.25,1267800
2024-08-29,1.100000023841858,1.100000023841858,1.159999966621399,1.0700000524520874,1.1399999856948853,669700
2024-08-30,1.1649999618530273,1.1649999618530273,1.1699999570846558,1.0800000429153442,1.100000023841858,99500
2024-09-03,1.1299999952316284,1.1299999952316284,1.1699999570846558,1.090000033378601,1.159999966621399,192100
2024-09-04,1.1200000047683716,1.1200000047683716,1.159999966621399,1.100000023841858,1.1100000143051147,107100
2024-09-05,1.0700000524520874,1.0700000524520874,1.1119999885559082,1.0700000524520874,1.1100000143051147,200200
2024-09-06,1.0800000429153442,1.0800000429153442,1.100000023841858,1.0499999523162842,1.0800000429153442,74400
2024-09-09,1.100000023841858,1.100000023841858,1.1100000143051147,1.0499999523162842,1.0499999523162842,84000
2024-09-10,1.100000023841858,1.100000023841858,1.1019999980926514,1.0800000429153442,1.100000023841858,52100
2024-09-11,1.0700000524520874,1.0700000524520874,1.090000033378601,1.0499999523162842,1.090000033378601,133900
2024-09-12,0.9990000128746033,0.9990000128746033,1.0800000429153442,0.9599999785423279,1.0800000429153442,400900
2024-09-13,0.9620000123977661,0.9620000123977661,1.0099999904632568,0.949999988079071,1.0099999904632568,87700
2024-09-16,1.0049999952316284,1.0049999952316284,1.0199999809265137,0.9649999737739563,1.0199999809265137,377000
2024-09-17,1.1399999856948853,1.1399999856948853,1.149999976158142,1.0119999647140503,1.0119999647140503,355100
2024-09-18,1.1100000143051147,1.1100000143051147,1.1799999475479126,1.0,1.1200000047683716,722400
2024-09-19,1.090000033378601,1.090000033378601,1.1100000143051147,1.0399999618530273,1.1100000143051147,348300
2024-09-20,1.100000023841858,1.100000023841858,1.100000023841858,1.0499999523162842,1.0700000524520874,141500
2024-09-23,1.0099999904632568,1.0099999904632568,1.1200000047683716,0.9860000014305115,1.1200000047683716,600900
2024-09-24,1.0199999809265137,1.0199999809265137,1.0549999475479126,1.0099999904632568,1.0499999523162842,106200
2024-09-25,0.9150000214576721,0.9150000214576721,1.0700000524520874,0.8999999761581421,1.0499999523162842,649600
2024-09-26,0.8700000047683716,0.8700000047683716,0.9129999876022339,0.8500000238418579,0.8999999761581421,265600
2024-09-27,0.8889999985694885,0.8889999985694885,0.9169999957084656,0.8529999852180481,0.8759999871253967,323100
2024-09-30,0.8759999871253967,0.8759999871253967,0.9100000262260437,0.8600000143051147,0.890999972820282,171000
2024-10-01,0.7580000162124634,0.7580000162124634,0.8769999742507935,0.7379999756813049,0.8769999742507935,453700
2024-10-02,0.753000020980835,0.753000020980835,0.7699999809265137,0.75,0.7639999985694885,71600
2024-10-03,0.7419999837875366,0.7419999837875366,0.7670000195503235,0.7300000190734863,0.7670000195503235,107700
2024-10-04,0.7820000052452087,0.7820000052452087,0.8019999861717224,0.7300000190734863,0.75,205500
2024-10-07,0.7950000166893005,0.7950000166893005,0.796999990940094,0.7620000243186951,0.7900000214576721,67800
2024-10-08,0.7649999856948853,0.7649999856948853,0.8050000071525574,0.7559999823570251,0.8050000071525574,114600
2024-10-09,0.7670000195503235,0.7670000195503235,0.777999997138977,0.7519999742507935,0.7699999809265137,77500
2024-10-10,0.7300000190734863,0.7300000190734863,0.765999972820282,0.7250000238418579,0.765999972820282,68100
2024-10-11,0.7200000286102295,0.7200000286102295,0.7440000176429749,0.7099999785423279,0.7369999885559082,151100
2024-10-14,0.734000027179718,0.734000027179718,0.7369999885559082,0.7049999833106995,0.7300000190734863,69500
2024-10-15,0.7770000100135803,0.7770000100135803,0.7850000262260437,0.7300000190734863,0.7329999804496765,81100
2024-10-16,0.8199999928474426,0.8199999928474426,0.8420000076293945,0.7699999809265137,0.7710000276565552,188900
2024-10-17,0.8159999847412109,0.8159999847412109,0.875,0.7870000004768372,0.8399999737739563,278800
2024-10-18,0.7919999957084656,0.7919999957084656,0.8159999847412109,0.7699999809265137,0.8100000023841858,101600
2024-10-21,0.7419999837875366,0.7419999837875366,0.7870000004768372,0.7310000061988831,0.7870000004768372,101300
2024-10-22,0.7519999742507935,0.7519999742507935,0.7620000243186951,0.7269999980926514,0.7269999980926514,124800
2024-10-23,0.7400000095367432,0.7400000095367432,0.7649999856948853,0.7300000190734863,0.7519999742507935,72100
2024-10-24,0.75,0.75,0.753000020980835,0.7409999966621399,0.746999979019165,42600
2024-10-25,0.7670000195503235,0.7670000195503235,0.8069999814033508,0.75,0.7519999742507935,219600
2024-10-28,0.7770000100135803,0.7770000100135803,0.7829999923706055,0.7300000190734863,0.7329999804496765,106000
2024-10-29,0.7329999804496765,0.7329999804496765,0.753000020980835,0.7300000190734863,0.753000020980835,148000
2024-10-30,0.7689999938011169,0.7689999938011169,0.7929999828338623,0.7250000238418579,0.7329999804496765,319100
2024-10-31,0.7599999904632568,0.7599999904632568,0.7699999809265137,0.7570000290870667,0.7699999809265137,58900
2024-11-01,0.7200000286102295,0.7200000286102295,0.7870000004768372,0.7099999785423279,0.7699999809265137,655900
2024-11-04,0.703000009059906,0.703000009059906,0.7329999804496765,0.7009999752044678,0.7200000286102295,96400
2024-11-05,0.6769999861717224,0.6769999861717224,0.7089999914169312,0.6700000166893005,0.7089999914169312,113900
2024-11-06,0.6779999732971191,0.6779999732971191,0.7099999785423279,0.6740000247955322,0.7099999785423279,97800
2024-11-07,0.6959999799728394,0.6959999799728394,0.7070000171661377,0.675000011920929,0.6800000071525574,84000
2024-11-08,0.6859999895095825,0.6859999895095825,0.6899999976158142,0.675000011920929,0.6809999942779541,51800
2024-11-11,0.7049999833106995,0.7049999833106995,0.7160000205039978,0.6669999957084656,0.6809999942779541,268100
2024-11-12,0.7549999952316284,0.7549999952316284,0.7599999904632568,0.6899999976158142,0.7059999704360962,859900
2024-11-13,0.6949999928474426,0.6949999928474426,0.7540000081062317,0.6899999976158142,0.7540000081062317,273000
2024-11-14,0.652999997138977,0.652999997138977,0.6899999976158142,0.5400000214576721,0.6899999976158142,237400
2024-11-15,0.6299999952316284,0.6299999952316284,0.652999997138977,0.6100000143051147,0.6399999856948853,132900
2024-11-18,0.699999988079071,0.699999988079071,0.7599999904632568,0.609000027179718,0.6299999952316284,2881100
2024-11-19,0.7400000095367432,0.7400000095367432,0.7950000166893005,0.7020000219345093,0.7950000166893005,1067300
2024-11-20,0.7200000286102295,0.7200000286102295,0.7519999742507935,0.6899999976158142,0.7419999837875366,473000
2024-11-21,0.7599999904632568,0.7599999904632568,0.7820000052452087,0.7009999752044678,0.7289999723434448,438900
2024-11-22,0.7440000176429749,0.7440000176429749,0.7730000019073486,0.7350000143051147,0.7670000195503235,159800
2024-11-25,0.75,0.75,0.7649999856948853,0.7099999785423279,0.7599999904632568,203700
2024-11-26,0.7850000262260437,0.7850000262260437,0.8100000023841858,0.75,0.7699999809265137,608000
2024-11-27,0.8100000023841858,0.8100000023841858,0.8100000023841858,0.7609999775886536,0.7799999713897705,84200
2024-11-29,0.7990000247955322,0.7990000247955322,0.8100000023841858,0.781000018119812,0.8100000023841858,48900
2024-12-02,0.800000011920929,0.800000011920929,0.8109999895095825,0.7799999713897705,0.7990000247955322,144200
2024-12-03,0.7900000214576721,0.7900000214576721,0.8090000152587891,0.7649999856948853,0.7870000004768372,44500
2024-12-04,0.7739999890327454,0.7739999890327454,0.800000011920929,0.7450000047683716,0.7900000214576721,103000
2024-12-05,0.7559999823570251,0.7559999823570251,0.7639999985694885,0.6800000071525574,0.75,105100
2024-12-06,0.7599999904632568,0.7599999904632568,0.7609999775886536,0.7269999980926514,0.7379999756813049,61300
2024-12-09,0.7540000081062317,0.7540000081062317,0.800000011920929,0.75,0.7689999938011169,68800
2024-12-10,0.7850000262260437,0.7850000262260437,0.800000011920929,0.75,0.7599999904632568,175600
2024-12-11,0.7710000276565552,0.7710000276565552,0.7850000262260437,0.7369999885559082,0.7850000262260437,61900
2024-12-12,0.7689999938011169,0.7689999938011169,0.7950000166893005,0.7300000190734863,0.7710000276565552,70200
2024-12-13,0.722000002861023,0.722000002861023,0.7649999856948853,0.6899999976158142,0.746999979019165,87500
