Date,Adj Close,Close,High,Low,Open,Volume
2020-09-23,14.25,14.25,16.75,14.09000015258789,15.119999885559082,12759300
2020-09-24,15.579999923706055,15.579999923706055,15.640000343322754,14.104999542236328,14.180000305175781,2554900
2020-09-25,17.25,17.25,18.329999923706055,15.765999794006348,15.829999923706055,4579800
2020-09-28,18.469999313354492,18.469999313354492,18.600000381469727,17.450000762939453,17.450000762939453,1289900
2020-09-29,18.780000686645508,18.780000686645508,20.09000015258789,18.600000381469727,18.8799991607666,2071000
2020-09-30,20.100000381469727,20.100000381469727,21.190000534057617,19.579999923706055,19.579999923706055,2182600
2020-10-01,20.950000762939453,20.950000762939453,22.5,20.700000762939453,21.75,2580600
2020-10-02,20.899999618530273,20.899999618530273,21.393999099731445,19.40999984741211,21.0,1801300
2020-10-05,20.030000686645508,20.030000686645508,21.5,19.799999237060547,21.34000015258789,1076400
2020-10-06,18.290000915527344,18.290000915527344,21.1200008392334,18.0,20.979999542236328,2242900
2020-10-07,19.110000610351562,19.110000610351562,19.399999618530273,18.420000076293945,18.65999984741211,1206000
2020-10-08,18.3700008392334,18.3700008392334,19.59000015258789,18.25,19.489999771118164,902000
2020-10-09,18.110000610351562,18.110000610351562,19.270000457763672,18.0,18.850000381469727,862300
2020-10-12,18.56999969482422,18.56999969482422,19.5,18.200000762939453,18.209999084472656,1196500
2020-10-13,18.559999465942383,18.559999465942383,19.8700008392334,18.510000228881836,18.59000015258789,1760500
2020-10-14,18.790000915527344,18.790000915527344,19.389999389648438,18.350000381469727,18.600000381469727,1203300
2020-10-15,18.40999984741211,18.40999984741211,19.34000015258789,18.309999465942383,18.329999923706055,992600
2020-10-16,19.200000762939453,19.200000762939453,19.829999923706055,18.59000015258789,18.59000015258789,1611300
2020-10-19,20.059999465942383,20.059999465942383,21.270000457763672,19.600000381469727,20.68000030517578,4007000
2020-10-20,22.969999313354492,22.969999313354492,23.940000534057617,21.90999984741211,22.56999969482422,9009900
2020-10-21,24.639999389648438,24.639999389648438,26.14699935913086,24.15999984741211,25.450000762939453,4177000
2020-10-22,24.020000457763672,24.020000457763672,26.43000030517578,23.959999084472656,25.906999588012695,3446400
2020-10-23,24.670000076293945,24.670000076293945,25.479999542236328,24.309999465942383,24.459999084472656,2201900
2020-10-26,24.479999542236328,24.479999542236328,25.350000381469727,24.1299991607666,24.670000076293945,1942900
2020-10-27,25.790000915527344,25.790000915527344,26.448999404907227,25.110000610351562,26.219999313354492,2524500
2020-10-28,25.079999923706055,25.079999923706055,26.600000381469727,24.790000915527344,25.790000915527344,3035700
2020-10-29,24.799999237060547,24.799999237060547,25.75,24.3799991607666,25.200000762939453,1660100
2020-10-30,24.040000915527344,24.040000915527344,25.139999389648438,22.389999389648438,24.799999237060547,2507000
2020-11-02,22.969999313354492,22.969999313354492,24.600000381469727,22.420000076293945,23.780000686645508,1691300
2020-11-03,24.989999771118164,24.989999771118164,25.5,24.100000381469727,24.709999084472656,3147300
2020-11-04,26.579999923706055,26.579999923706055,27.43000030517578,25.100000381469727,25.100000381469727,3828400
2020-11-05,27.780000686645508,27.780000686645508,28.739999771118164,26.22599983215332,27.5,2018900
2020-11-06,27.079999923706055,27.079999923706055,27.969999313354492,26.579999923706055,27.469999313354492,1318600
2020-11-09,26.31999969482422,26.31999969482422,28.0,24.899999618530273,27.829999923706055,2186300
2020-11-10,27.989999771118164,27.989999771118164,28.25,23.59000015258789,26.65999984741211,3161600
2020-11-11,29.139999389648438,29.139999389648438,29.5,27.84000015258789,27.989999771118164,1953800
2020-11-12,28.350000381469727,28.350000381469727,29.09000015258789,27.530000686645508,28.709999084472656,1261500
2020-11-13,29.18000030517578,29.18000030517578,29.360000610351562,27.68000030517578,28.15999984741211,1219800
2020-11-16,30.260000228881836,30.260000228881836,31.200000762939453,28.799999237060547,29.149999618530273,2294200
2020-11-17,32.099998474121094,32.099998474121094,32.79999923706055,30.045000076293945,30.389999389648438,1868000
2020-11-18,35.09000015258789,35.09000015258789,36.869998931884766,32.54999923706055,32.70000076293945,3065500
2020-11-19,37.900001525878906,37.900001525878906,38.97999954223633,35.33000183105469,35.48500061035156,3674600
2020-11-20,40.33000183105469,40.33000183105469,40.900001525878906,37.59000015258789,37.650001525878906,2788000
2020-11-23,45.31999969482422,45.31999969482422,45.689998626708984,41.0,41.0,3546300
2020-11-24,51.2599983215332,51.2599983215332,51.369998931884766,46.150001525878906,46.27000045776367,3999600
2020-11-25,42.79999923706055,42.79999923706055,50.18000030517578,41.54999923706055,49.41999816894531,8352400
2020-11-27,38.77000045776367,38.77000045776367,44.70000076293945,38.5,43.40999984741211,5483600
2020-11-30,37.97999954223633,37.97999954223633,40.439998626708984,34.58000183105469,40.09000015258789,8156600
2020-12-01,40.22999954223633,40.22999954223633,42.650001525878906,38.599998474121094,38.61000061035156,5407400
2020-12-02,34.599998474121094,34.599998474121094,37.400001525878906,33.33000183105469,36.84000015258789,7975700
2020-12-03,36.29999923706055,36.29999923706055,36.97999954223633,34.290000915527344,34.90999984741211,3375000
2020-12-04,35.68000030517578,35.68000030517578,36.25,34.209999084472656,36.09000015258789,3080800
2020-12-07,37.66999816894531,37.66999816894531,38.380001068115234,35.619998931884766,35.619998931884766,2589200
2020-12-08,37.099998474121094,37.099998474121094,39.279998779296875,36.5,37.77000045776367,2487100
2020-12-09,35.5,35.5,38.18000030517578,34.40999984741211,37.2760009765625,2548200
2020-12-10,34.869998931884766,34.869998931884766,35.400001525878906,33.70100021362305,34.04999923706055,1523600
2020-12-11,33.2599983215332,33.2599983215332,34.79999923706055,32.599998474121094,34.5099983215332,2082000
2020-12-14,35.90999984741211,35.90999984741211,36.290000915527344,34.09000015258789,34.150001525878906,2452700
2020-12-15,35.15999984741211,35.15999984741211,36.75,34.84000015258789,36.7400016784668,1571900
2020-12-16,37.470001220703125,37.470001220703125,37.470001220703125,35.09000015258789,35.27899932861328,2367800
2020-12-17,39.7599983215332,39.7599983215332,39.869998931884766,37.209999084472656,37.63999938964844,3161500
2020-12-18,38.70000076293945,38.70000076293945,40.439998626708984,37.869998931884766,39.79999923706055,5324900
2020-12-21,41.599998474121094,41.599998474121094,41.84000015258789,37.55500030517578,37.55500030517578,3834400
2020-12-22,40.95000076293945,40.95000076293945,44.04899978637695,38.75,42.380001068115234,4373000
2020-12-23,38.83000183105469,38.83000183105469,41.70000076293945,38.5,41.0,2180500
2020-12-24,36.349998474121094,36.349998474121094,39.2400016784668,36.11000061035156,39.20000076293945,1810700
2020-12-28,38.959999084472656,38.959999084472656,40.400001525878906,37.209999084472656,37.9900016784668,3740100
2020-12-29,35.52000045776367,35.52000045776367,39.529998779296875,35.5099983215332,39.52000045776367,3808700
2020-12-30,36.88999938964844,36.88999938964844,37.150001525878906,35.189998626708984,36.060001373291016,1742300
2020-12-31,36.220001220703125,36.220001220703125,37.70000076293945,35.86000061035156,36.86000061035156,1259300
2021-01-04,34.75,34.75,37.0,33.75,37.0,2041600
2021-01-05,35.900001525878906,35.900001525878906,36.349998474121094,34.20000076293945,34.20000076293945,1422600
2021-01-06,37.88999938964844,37.88999938964844,38.79999923706055,35.130001068115234,36.08000183105469,3230500
2021-01-07,39.43000030517578,39.43000030517578,40.0,37.72999954223633,38.59000015258789,1851300
2021-01-08,38.310001373291016,38.310001373291016,40.40999984741211,37.20500183105469,39.54999923706055,1866600
2021-01-11,39.189998626708984,39.189998626708984,42.20000076293945,37.209999084472656,38.0,3475400
2021-01-12,41.9900016784668,41.9900016784668,42.41999816894531,38.709999084472656,40.25,2842600
2021-01-13,42.20000076293945,42.20000076293945,44.599998474121094,41.06999969482422,42.060001373291016,3073400
2021-01-14,40.29999923706055,40.29999923706055,43.279998779296875,40.06800079345703,42.37799835205078,1991800
2021-01-15,38.130001068115234,38.130001068115234,40.20000076293945,37.255001068115234,39.619998931884766,2496600
2021-01-19,37.72999954223633,37.72999954223633,39.5,36.400001525878906,39.189998626708984,2641900
2021-01-20,36.0,36.0,37.38999938964844,35.25,37.08000183105469,3819900
2021-01-21,36.72999954223633,36.72999954223633,36.900001525878906,35.5,36.68000030517578,3443200
2021-01-22,38.380001068115234,38.380001068115234,38.900001525878906,35.29999923706055,35.29999923706055,10203300
2021-01-25,39.2599983215332,39.2599983215332,41.9900016784668,35.5099983215332,40.9900016784668,7863000
2021-01-26,38.43000030517578,38.43000030517578,40.900001525878906,38.09000015258789,40.400001525878906,4770900
2021-01-27,40.9900016784668,40.9900016784668,49.599998474121094,36.36000061035156,37.16999816894531,14549800
2021-01-28,38.18000030517578,38.18000030517578,42.95000076293945,37.0099983215332,42.0,5962300
2021-01-29,37.779998779296875,37.779998779296875,40.44599914550781,36.65999984741211,38.310001373291016,3552500
2021-02-01,37.27000045776367,37.27000045776367,39.70000076293945,36.04999923706055,38.81800079345703,3920200
2021-02-02,38.290000915527344,38.290000915527344,39.263999938964844,37.119998931884766,38.20000076293945,3476800
2021-02-03,42.84000015258789,42.84000015258789,43.29999923706055,39.349998474121094,39.380001068115234,5463200
2021-02-04,44.97999954223633,44.97999954223633,46.70000076293945,43.709999084472656,44.1870002746582,4119400
2021-02-05,45.22999954223633,45.22999954223633,46.15999984741211,42.58000183105469,45.9900016784668,3058900
2021-02-08,45.9900016784668,45.9900016784668,48.29999923706055,45.0,46.54999923706055,4384400
2021-02-09,44.70000076293945,44.70000076293945,48.290000915527344,41.2400016784668,47.0,7721500
2021-02-10,42.67499923706055,42.67499923706055,44.5,41.70000076293945,43.099998474121094,3689400
2021-02-11,42.25,42.25,42.74800109863281,40.18000030517578,42.52000045776367,3144800
2021-02-12,43.04999923706055,43.04999923706055,44.36000061035156,42.222999572753906,42.5,2901900
2021-02-16,40.040000915527344,40.040000915527344,44.25,39.5,43.68000030517578,3946300
2021-02-17,40.529998779296875,40.529998779296875,40.88999938964844,38.5,40.04999923706055,2239700
2021-02-18,38.470001220703125,38.470001220703125,39.95000076293945,37.599998474121094,39.029998779296875,2354200
2021-02-19,39.02000045776367,39.02000045776367,39.75,38.16999816894531,39.029998779296875,2835600
2021-02-22,40.709999084472656,40.709999084472656,42.150001525878906,38.810001373291016,40.0,4025200
2021-02-23,38.349998474121094,38.349998474121094,38.625,33.11000061035156,38.189998626708984,4221400
2021-02-24,38.65999984741211,38.65999984741211,39.70000076293945,37.874000549316406,37.959999084472656,1667400
2021-02-25,36.310001373291016,36.310001373291016,38.97999954223633,35.150001525878906,38.0,2609300
2021-02-26,35.84000015258789,35.84000015258789,37.558998107910156,34.70000076293945,36.5,1858600
2021-03-01,36.95000076293945,36.95000076293945,37.650001525878906,36.2400016784668,36.79999923706055,1396700
2021-03-02,35.45000076293945,35.45000076293945,37.400001525878906,35.36000061035156,37.09000015258789,1565200
2021-03-03,34.40999984741211,34.40999984741211,36.0,33.689998626708984,35.722999572753906,1725000
2021-03-04,32.70000076293945,32.70000076293945,34.5099983215332,31.1200008392334,34.099998474121094,3552600
2021-03-05,31.84000015258789,31.84000015258789,32.59000015258789,28.510000228881836,32.59000015258789,3618100
2021-03-08,31.829999923706055,31.829999923706055,33.87900161743164,31.420000076293945,31.790000915527344,2239100
2021-03-09,33.599998474121094,33.599998474121094,33.880001068115234,32.439998626708984,33.16299819946289,1303100
2021-03-10,33.13999938964844,33.13999938964844,34.90999984741211,32.2599983215332,34.7599983215332,1775200
2021-03-11,33.86000061035156,33.86000061035156,34.25,33.2599983215332,34.130001068115234,1275200
2021-03-12,34.08000183105469,34.08000183105469,34.150001525878906,32.36000061035156,33.084999084472656,1337500
2021-03-15,34.45000076293945,34.45000076293945,34.45000076293945,33.31999969482422,34.099998474121094,1490700
2021-03-16,34.18000030517578,34.18000030517578,35.560001373291016,33.36000061035156,34.4900016784668,1585900
2021-03-17,34.25,34.25,34.5099983215332,32.650001525878906,33.20000076293945,953700
2021-03-18,31.959999084472656,31.959999084472656,33.93000030517578,31.68000030517578,33.41999816894531,1642100
2021-03-19,32.400001525878906,32.400001525878906,33.40999984741211,31.549999237060547,32.209999084472656,1441200
2021-03-22,32.290000915527344,32.290000915527344,33.31999969482422,32.058998107910156,32.902000427246094,1138500
2021-03-23,31.479999542236328,31.479999542236328,32.49599838256836,31.31999969482422,32.3650016784668,1185200
2021-03-24,30.799999237060547,30.799999237060547,32.768001556396484,30.709999084472656,32.119998931884766,1297600
2021-03-25,32.959999084472656,32.959999084472656,33.29999923706055,29.510000228881836,29.600000381469727,2182400
2021-03-26,31.969999313354492,31.969999313354492,32.880001068115234,31.139999389648438,32.849998474121094,1233300
2021-03-29,32.099998474121094,32.099998474121094,32.619998931884766,31.209999084472656,31.75,1406000
2021-03-30,33.2599983215332,33.2599983215332,33.369998931884766,31.31999969482422,32.0,1425300
2021-03-31,33.290000915527344,33.290000915527344,34.18000030517578,32.709999084472656,33.459999084472656,1088200
2021-04-01,33.869998931884766,33.869998931884766,34.9900016784668,33.560001373291016,33.77000045776367,1442300
2021-04-05,34.22999954223633,34.22999954223633,34.805999755859375,33.59000015258789,34.5,781500
2021-04-06,34.65999984741211,34.65999984741211,35.86000061035156,34.26100158691406,34.369998931884766,907300
2021-04-07,34.58000183105469,34.58000183105469,35.27000045776367,34.0,34.5,636200
2021-04-08,34.43000030517578,34.43000030517578,34.900001525878906,33.599998474121094,34.58000183105469,588500
2021-04-09,33.52000045776367,33.52000045776367,34.34000015258789,33.209999084472656,34.099998474121094,828200
2021-04-12,33.66999816894531,33.66999816894531,34.060001373291016,33.029998779296875,33.709999084472656,657100
2021-04-13,33.709999084472656,33.709999084472656,33.97999954223633,33.36000061035156,33.380001068115234,745200
2021-04-14,33.93000030517578,33.93000030517578,34.779998779296875,33.5099983215332,33.54999923706055,802600
2021-04-15,34.15999984741211,34.15999984741211,34.38999938964844,33.38999938964844,34.16999816894531,939700
2021-04-16,32.599998474121094,32.599998474121094,34.150001525878906,32.52000045776367,34.060001373291016,950100
2021-04-19,32.16999816894531,32.16999816894531,33.33000183105469,31.989999771118164,32.459999084472656,994700
2021-04-20,32.41999816894531,32.41999816894531,32.70500183105469,31.316999435424805,31.799999237060547,862400
2021-04-21,32.86000061035156,32.86000061035156,33.15999984741211,31.5,31.790000915527344,520700
2021-04-22,33.0099983215332,33.0099983215332,34.0,32.810001373291016,33.349998474121094,625000
2021-04-23,33.4900016784668,33.4900016784668,33.92900085449219,32.59000015258789,33.22999954223633,453300
2021-04-26,33.869998931884766,33.869998931884766,34.2599983215332,33.137001037597656,33.70000076293945,510400
2021-04-27,33.86000061035156,33.86000061035156,34.43000030517578,33.56999969482422,33.86000061035156,432500
2021-04-28,33.529998779296875,33.529998779296875,34.380001068115234,32.619998931884766,34.380001068115234,787900
2021-04-29,34.279998779296875,34.279998779296875,34.349998474121094,32.72999954223633,33.83000183105469,785400
2021-04-30,33.18000030517578,33.18000030517578,34.25,32.900001525878906,33.70000076293945,941200
2021-05-03,33.439998626708984,33.439998626708984,33.689998626708984,32.75,33.400001525878906,1556600
2021-05-04,32.59000015258789,32.59000015258789,34.0,31.299999237060547,33.880001068115234,3439000
2021-05-05,34.005001068115234,34.005001068115234,36.13999938964844,32.68000030517578,33.54999923706055,3132500
2021-05-06,32.779998779296875,32.779998779296875,33.720001220703125,31.989999771118164,33.06999969482422,1617500
2021-05-07,33.689998626708984,33.689998626708984,34.0,32.529998779296875,32.90999984741211,1474300
2021-05-10,31.450000762939453,31.450000762939453,33.59000015258789,31.420000076293945,33.5,1493400
2021-05-11,32.06999969482422,32.06999969482422,32.29999923706055,29.600000381469727,29.920000076293945,1721300
2021-05-12,31.389999389648438,31.389999389648438,32.38999938964844,31.190000534057617,31.479999542236328,805300
2021-05-13,30.709999084472656,30.709999084472656,31.850000381469727,30.06999969482422,31.239999771118164,1131800
2021-05-14,31.56999969482422,31.56999969482422,31.829999923706055,30.719999313354492,31.179000854492188,1079000
2021-05-17,32.290000915527344,32.290000915527344,32.36000061035156,31.051000595092773,31.399999618530273,865500
2021-05-18,32.060001373291016,32.060001373291016,33.22999954223633,31.989999771118164,32.4900016784668,842700
2021-05-19,31.889999389648438,31.889999389648438,32.18000030517578,31.25,31.3700008392334,533800
2021-05-20,31.93000030517578,31.93000030517578,32.5099983215332,31.780000686645508,32.150001525878906,641300
2021-05-21,31.6299991607666,31.6299991607666,32.41999816894531,31.549999237060547,32.242000579833984,547900
2021-05-24,31.239999771118164,31.239999771118164,32.0,30.850000381469727,31.700000762939453,2331900
2021-05-25,31.600000381469727,31.600000381469727,31.989999771118164,31.184999465942383,31.690000534057617,1283800
2021-05-26,32.349998474121094,32.349998474121094,32.69499969482422,31.6200008392334,31.68000030517578,1786000
2021-05-27,32.38999938964844,32.38999938964844,33.25,32.06999969482422,32.5,1579700
2021-05-28,31.219999313354492,31.219999313354492,32.70000076293945,31.100000381469727,32.54999923706055,1214800
2021-06-01,32.220001220703125,32.220001220703125,32.77000045776367,31.649999618530273,31.760000228881836,1006400
2021-06-02,34.22999954223633,34.22999954223633,34.31999969482422,31.959999084472656,32.47999954223633,1911300
2021-06-03,34.0,34.0,35.029998779296875,33.599998474121094,33.70000076293945,2085000
2021-06-04,31.860000610351562,31.860000610351562,32.39500045776367,31.520000457763672,32.39500045776367,4828200
2021-06-07,31.799999237060547,31.799999237060547,32.25,31.440000534057617,32.0,1980000
2021-06-08,31.829999923706055,31.829999923706055,32.099998474121094,31.309999465942383,31.985000610351562,1839200
2021-06-09,31.68000030517578,31.68000030517578,32.5099983215332,31.56999969482422,31.860000610351562,1776500
2021-06-10,31.329999923706055,31.329999923706055,32.0099983215332,30.889999389648438,31.799999237060547,1602400
2021-06-11,32.36000061035156,32.36000061035156,32.630001068115234,31.139999389648438,31.520000457763672,2225500
2021-06-14,36.0,36.0,42.970001220703125,35.650001525878906,40.70000076293945,65483400
2021-06-15,35.83000183105469,35.83000183105469,37.779998779296875,34.65999984741211,36.4900016784668,15037900
2021-06-16,33.36000061035156,33.36000061035156,34.86000061035156,32.7599983215332,34.56800079345703,7460800
2021-06-17,33.060001373291016,33.060001373291016,34.21900177001953,32.79999923706055,33.0,4408900
2021-06-18,31.93000030517578,31.93000030517578,33.25,31.523000717163086,32.869998931884766,3968700
2021-06-21,31.90999984741211,31.90999984741211,32.25,31.350000381469727,32.029998779296875,2672000
2021-06-22,31.790000915527344,31.790000915527344,32.45000076293945,31.409000396728516,31.6299991607666,3165400
2021-06-23,32.52000045776367,32.52000045776367,32.959999084472656,31.889999389648438,32.0,2641700
2021-06-24,32.47999954223633,32.47999954223633,32.93000030517578,32.209999084472656,32.650001525878906,1352300
2021-06-25,33.869998931884766,33.869998931884766,34.367000579833984,32.53499984741211,32.54800033569336,3969400
2021-06-28,33.349998474121094,33.349998474121094,34.13999938964844,33.0,34.0,1774100
2021-06-29,33.2599983215332,33.2599983215332,33.779998779296875,32.93000030517578,33.5,1416100
2021-06-30,33.290000915527344,33.290000915527344,33.43000030517578,32.52000045776367,33.04999923706055,1366800
2021-07-01,32.810001373291016,32.810001373291016,33.4900016784668,32.564998626708984,33.220001220703125,1463400
2021-07-02,32.06999969482422,32.06999969482422,32.9900016784668,31.8799991607666,32.7599983215332,1504500
2021-07-06,32.029998779296875,32.029998779296875,32.63999938964844,31.829999923706055,32.29999923706055,1636200
2021-07-07,31.739999771118164,31.739999771118164,32.18000030517578,31.110000610351562,32.029998779296875,1662500
2021-07-08,31.15999984741211,31.15999984741211,31.610000610351562,30.690000534057617,31.010000228881836,1670600
2021-07-09,31.729999542236328,31.729999542236328,31.899999618530273,30.850000381469727,31.200000762939453,953800
2021-07-12,31.700000762939453,31.700000762939453,32.029998779296875,31.200000762939453,31.969999313354492,895100
2021-07-13,30.860000610351562,30.860000610351562,31.6200008392334,30.809999465942383,31.399999618530273,1061600
2021-07-14,30.3700008392334,30.3700008392334,31.149999618530273,30.18000030517578,31.0,1288900
2021-07-15,30.270000457763672,30.270000457763672,30.600000381469727,29.540000915527344,30.3799991607666,2094800
2021-07-16,29.329999923706055,29.329999923706055,30.989999771118164,29.09000015258789,30.770000457763672,2350300
2021-07-19,28.600000381469727,28.600000381469727,29.44499969482422,28.378000259399414,28.75,2538400
2021-07-20,29.65999984741211,29.65999984741211,29.989999771118164,28.479999542236328,28.93000030517578,1767000
2021-07-21,30.209999084472656,30.209999084472656,30.989999771118164,29.68000030517578,30.25,1656300
2021-07-22,29.6200008392334,29.6200008392334,30.333999633789062,29.360000610351562,30.200000762939453,1340400
2021-07-23,29.520000457763672,29.520000457763672,29.899999618530273,29.030000686645508,29.739999771118164,1108800
2021-07-26,29.75,29.75,30.0,29.3799991607666,29.618000030517578,1254000
2021-07-27,29.1299991607666,29.1299991607666,29.6200008392334,28.518999099731445,29.559999465942383,2325600
2021-07-28,29.299999237060547,29.299999237060547,29.559999465942383,29.040000915527344,29.329999923706055,1053900
2021-07-29,29.350000381469727,29.350000381469727,29.899999618530273,29.190000534057617,29.709999084472656,1063700
2021-07-30,29.190000534057617,29.190000534057617,29.43000030517578,28.719999313354492,29.010000228881836,1868700
2021-08-02,28.979999542236328,28.979999542236328,30.290000915527344,28.809999465942383,29.510000228881836,2996600
2021-08-03,27.1299991607666,27.1299991607666,28.09000015258789,26.15999984741211,26.989999771118164,8738500
2021-08-04,27.399999618530273,27.399999618530273,27.899999618530273,26.440000534057617,26.829999923706055,4433400
2021-08-05,28.329999923706055,28.329999923706055,29.049999237060547,27.1299991607666,27.299999237060547,2368400
2021-08-06,28.079999923706055,28.079999923706055,28.68000030517578,28.059999465942383,28.18000030517578,1218800
2021-08-09,28.299999237060547,28.299999237060547,28.43000030517578,27.790000915527344,28.030000686645508,1173600
2021-08-10,28.1299991607666,28.1299991607666,28.65999984741211,28.110000610351562,28.65999984741211,826300
2021-08-11,27.940000534057617,27.940000534057617,28.420000076293945,27.520000457763672,28.149999618530273,1709300
2021-08-12,27.639999389648438,27.639999389648438,27.81999969482422,27.079999923706055,27.81999969482422,1442700
2021-08-13,26.829999923706055,26.829999923706055,27.610000610351562,26.68000030517578,27.600000381469727,1574000
2021-08-16,26.829999923706055,26.829999923706055,26.969999313354492,26.270000457763672,26.84000015258789,1301900
2021-08-17,26.809999465942383,26.809999465942383,26.93000030517578,26.040000915527344,26.56999969482422,1610500
2021-08-18,26.280000686645508,26.280000686645508,26.90999984741211,26.1299991607666,26.690000534057617,1289800
2021-08-19,25.610000610351562,25.610000610351562,26.239999771118164,25.040000915527344,25.920000076293945,2405400
2021-08-20,25.950000762939453,25.950000762939453,26.729999542236328,25.65999984741211,25.65999984741211,1792400
2021-08-23,26.149999618530273,26.149999618530273,26.424999237060547,25.899999618530273,26.350000381469727,1567200
2021-08-24,27.270000457763672,27.270000457763672,27.350000381469727,25.975000381469727,26.309999465942383,1954200
2021-08-25,27.309999465942383,27.309999465942383,27.530000686645508,26.950000762939453,27.149999618530273,1155600
2021-08-26,27.059999465942383,27.059999465942383,27.809999465942383,26.920000076293945,27.309999465942383,1276400
2021-08-27,27.540000915527344,27.540000915527344,27.739999771118164,27.058000564575195,27.170000076293945,755300
2021-08-30,28.309999465942383,28.309999465942383,28.829999923706055,26.809999465942383,27.790000915527344,4553200
2021-08-31,28.950000762939453,28.950000762939453,30.770000457763672,28.489999771118164,29.709999084472656,7781700
2021-09-01,28.329999923706055,28.329999923706055,30.06999969482422,28.280000686645508,30.054000854492188,2480900
2021-09-02,28.829999923706055,28.829999923706055,29.149999618530273,28.05500030517578,28.360000610351562,1296800
2021-09-03,28.65999984741211,28.65999984741211,29.12299919128418,28.479999542236328,28.920000076293945,894900
2021-09-07,29.030000686645508,29.030000686645508,29.81800079345703,28.65999984741211,28.65999984741211,2069500
2021-09-08,28.780000686645508,28.780000686645508,29.0,27.864999771118164,28.940000534057617,1232400
2021-09-09,29.09000015258789,29.09000015258789,29.50200080871582,28.420000076293945,28.5,1346700
2021-09-10,29.309999465942383,29.309999465942383,29.940000534057617,28.93000030517578,29.010000228881836,2020100
2021-09-13,29.200000762939453,29.200000762939453,29.399999618530273,28.030000686645508,29.18000030517578,1281100
2021-09-14,29.3700008392334,29.3700008392334,29.969999313354492,29.1200008392334,29.200000762939453,1386200
2021-09-15,29.530000686645508,29.530000686645508,29.729999542236328,28.739999771118164,29.084999084472656,1266800
2021-09-16,29.479999542236328,29.479999542236328,29.764999389648438,29.260000228881836,29.450000762939453,1081000
2021-09-17,28.959999084472656,28.959999084472656,29.799999237060547,28.950000762939453,29.25,1823300
2021-09-20,27.530000686645508,27.530000686645508,28.950000762939453,27.360000610351562,28.3799991607666,1986800
2021-09-21,26.979999542236328,26.979999542236328,27.850000381469727,26.93000030517578,27.6299991607666,1418200
2021-09-22,27.020000457763672,27.020000457763672,27.354999542236328,26.950000762939453,27.06999969482422,1034800
2021-09-23,27.8700008392334,27.8700008392334,28.020000457763672,27.030000686645508,27.030000686645508,1084200
2021-09-24,28.040000915527344,28.040000915527344,28.270000457763672,27.510000228881836,27.600000381469727,1135500
2021-09-27,27.93000030517578,27.93000030517578,28.264999389648438,27.809999465942383,27.860000610351562,860800
2021-09-28,26.639999389648438,26.639999389648438,27.719999313354492,26.59000015258789,27.59000015258789,1666200
2021-09-29,26.399999618530273,26.399999618530273,26.93899917602539,26.219999313354492,26.780000686645508,726600
2021-09-30,25.93000030517578,25.93000030517578,26.613000869750977,25.6200008392334,26.399999618530273,2256600
2021-10-01,26.40999984741211,26.40999984741211,26.610000610351562,25.809999465942383,26.040000915527344,959300
2021-10-04,25.6299991607666,25.6299991607666,26.209999084472656,25.540000915527344,26.18000030517578,833500
2021-10-05,25.770000457763672,25.770000457763672,26.06999969482422,25.420000076293945,25.649999618530273,621300
2021-10-06,25.360000610351562,25.360000610351562,25.59000015258789,25.1299991607666,25.510000228881836,1103800
2021-10-07,26.1299991607666,26.1299991607666,26.239999771118164,25.299999237060547,25.420000076293945,1003500
2021-10-08,25.68000030517578,25.68000030517578,26.844999313354492,25.639999389648438,26.790000915527344,997100
2021-10-11,25.68000030517578,25.68000030517578,26.219999313354492,25.639999389648438,25.700000762939453,759800
2021-10-12,26.219999313354492,26.219999313354492,26.270000457763672,25.639999389648438,25.68000030517578,589700
2021-10-13,26.34000015258789,26.34000015258789,26.540000915527344,26.020000457763672,26.200000762939453,876400
2021-10-14,26.979999542236328,26.979999542236328,27.110000610351562,26.40999984741211,26.673999786376953,1168900
2021-10-15,24.790000915527344,24.790000915527344,25.479000091552734,24.261999130249023,25.309999465942383,7039600
2021-10-18,24.81999969482422,24.81999969482422,25.10099983215332,24.25,24.899999618530273,2093600
2021-10-19,25.149999618530273,25.149999618530273,25.260000228881836,24.62299919128418,25.0,1693500
2021-10-20,25.459999084472656,25.459999084472656,25.770000457763672,25.0,25.0,1196200
2021-10-21,25.239999771118164,25.239999771118164,25.639999389648438,25.020000457763672,25.43000030517578,904900
2021-10-22,24.8799991607666,24.8799991607666,25.18000030517578,24.520000457763672,25.030000686645508,1120000
2021-10-25,25.329999923706055,25.329999923706055,25.469999313354492,24.719999313354492,24.899999618530273,1191900
2021-10-26,24.40999984741211,24.40999984741211,25.204999923706055,24.3700008392334,25.149999618530273,1541200
2021-10-27,24.290000915527344,24.290000915527344,24.889999389648438,23.809999465942383,24.450000762939453,1389100
2021-10-28,24.739999771118164,24.739999771118164,24.739999771118164,24.09000015258789,24.329999923706055,731600
2021-10-29,24.450000762939453,24.450000762939453,24.8700008392334,24.43000030517578,24.479999542236328,748800
2021-11-01,24.84000015258789,24.84000015258789,25.31999969482422,24.360000610351562,24.40999984741211,1346800
2021-11-02,25.079999923706055,25.079999923706055,26.75,24.510000228881836,25.0,1905400
2021-11-03,26.25,26.25,26.3700008392334,24.969999313354492,25.020000457763672,1754500
2021-11-04,26.530000686645508,26.530000686645508,26.729999542236328,26.100000381469727,26.600000381469727,968700
2021-11-05,26.149999618530273,26.149999618530273,26.719999313354492,25.8799991607666,26.3700008392334,841000
2021-11-08,25.850000381469727,25.850000381469727,26.450000762939453,25.770000457763672,26.239999771118164,781100
2021-11-09,25.559999465942383,25.559999465942383,25.850000381469727,25.059999465942383,25.850000381469727,720900
2021-11-10,25.459999084472656,25.459999084472656,25.989999771118164,25.020000457763672,25.299999237060547,829000
2021-11-11,25.950000762939453,25.950000762939453,26.969999313354492,25.31999969482422,25.399999618530273,2039800
2021-11-12,26.530000686645508,26.530000686645508,26.610000610351562,25.510000228881836,25.920000076293945,969600
2021-11-15,26.31999969482422,26.31999969482422,26.600000381469727,25.959999084472656,26.5,742500
2021-11-16,26.40999984741211,26.40999984741211,26.700000762939453,25.729999542236328,26.299999237060547,993100
2021-11-17,25.770000457763672,25.770000457763672,26.420000076293945,25.709999084472656,26.200000762939453,709200
2021-11-18,24.979999542236328,24.979999542236328,25.799999237060547,24.280000686645508,25.649999618530273,1452800
2021-11-19,24.579999923706055,24.579999923706055,24.979999542236328,24.40999984741211,24.719999313354492,1902700
2021-11-22,23.8700008392334,23.8700008392334,24.658000946044922,23.1299991607666,24.610000610351562,1556100
2021-11-23,23.3700008392334,23.3700008392334,23.989999771118164,23.100000381469727,23.8799991607666,1002400
2021-11-24,23.40999984741211,23.40999984741211,23.795000076293945,22.809999465942383,23.15999984741211,1018300
2021-11-26,23.010000228881836,23.010000228881836,23.285999298095703,22.700000762939453,22.899999618530273,698200
2021-11-29,22.639999389648438,22.639999389648438,23.25,22.360000610351562,23.170000076293945,852100
2021-11-30,22.399999618530273,22.399999618530273,23.100000381469727,21.860000610351562,22.31100082397461,1276900
2021-12-01,21.34000015258789,21.34000015258789,22.790000915527344,21.18000030517578,22.709999084472656,1336500
2021-12-02,21.780000686645508,21.780000686645508,22.030000686645508,21.020000457763672,21.190000534057617,1193500
2021-12-03,21.030000686645508,21.030000686645508,21.93000030517578,20.760000228881836,21.760000228881836,1294800
2021-12-06,21.110000610351562,21.110000610351562,21.540000915527344,20.270000457763672,20.899999618530273,967400
2021-12-07,21.440000534057617,21.440000534057617,22.0,21.3700008392334,21.530000686645508,810700
2021-12-08,21.989999771118164,21.989999771118164,22.3700008392334,21.405000686645508,21.59000015258789,1033400
2021-12-09,21.25,21.25,22.3700008392334,21.06999969482422,21.989999771118164,1011500
2021-12-10,21.170000076293945,21.170000076293945,21.549999237060547,20.739999771118164,21.34000015258789,760900
2021-12-13,20.530000686645508,20.530000686645508,21.21500015258789,20.219999313354492,20.920000076293945,998800
2021-12-14,20.5,20.5,20.700000762939453,20.100000381469727,20.260000228881836,776600
2021-12-15,21.65999984741211,21.65999984741211,21.809999465942383,20.049999237060547,20.3700008392334,1967100
2021-12-16,21.68000030517578,21.68000030517578,21.8799991607666,21.139999389648438,21.760000228881836,1886800
2021-12-17,21.920000076293945,21.920000076293945,22.18000030517578,21.09000015258789,21.559999465942383,1075000
2021-12-20,21.149999618530273,21.149999618530273,21.5,20.799999237060547,21.375,801100
2021-12-21,21.559999465942383,21.559999465942383,21.969999313354492,21.389999389648438,21.399999618530273,750600
2021-12-22,22.209999084472656,22.209999084472656,22.316999435424805,21.489999771118164,21.760000228881836,971300
2021-12-23,22.3799991607666,22.3799991607666,22.690000534057617,21.920000076293945,22.09000015258789,693700
2021-12-27,22.100000381469727,22.100000381469727,22.601999282836914,21.959999084472656,22.56999969482422,794300
2021-12-28,21.6200008392334,21.6200008392334,22.350000381469727,21.56999969482422,21.959999084472656,726100
2021-12-29,21.1299991607666,21.1299991607666,21.760000228881836,21.052000045776367,21.600000381469727,941100
2021-12-30,21.639999389648438,21.639999389648438,22.0,21.079999923706055,21.1299991607666,1085200
2021-12-31,21.010000228881836,21.010000228881836,21.889999389648438,20.940000534057617,21.549999237060547,1103200
2022-01-03,21.989999771118164,21.989999771118164,22.06999969482422,21.049999237060547,21.1299991607666,751500
2022-01-04,21.459999084472656,21.459999084472656,22.260000228881836,21.275999069213867,22.200000762939453,540200
2022-01-05,20.93000030517578,20.93000030517578,21.799999237060547,20.81999969482422,21.3799991607666,678100
2022-01-06,20.31999969482422,20.31999969482422,21.190000534057617,20.176000595092773,21.040000915527344,1090000
2022-01-07,20.770000457763672,20.770000457763672,21.09000015258789,20.34000015258789,20.389999389648438,568000
2022-01-10,20.31999969482422,20.31999969482422,20.65999984741211,19.739999771118164,20.399999618530273,1367200
2022-01-11,20.729999542236328,20.729999542236328,20.899999618530273,20.209999084472656,20.31999969482422,547100
2022-01-12,20.56999969482422,20.56999969482422,21.059999465942383,20.219999313354492,20.8799991607666,737200
2022-01-13,20.600000381469727,20.600000381469727,21.0,20.350000381469727,20.760000228881836,908800
2022-01-14,20.719999313354492,20.719999313354492,20.780000686645508,20.079999923706055,20.273000717163086,834200
2022-01-18,20.190000534057617,20.190000534057617,20.729999542236328,20.020000457763672,20.360000610351562,1033800
2022-01-19,20.3700008392334,20.3700008392334,20.969999313354492,20.139999389648438,20.190000534057617,2110900
2022-01-20,20.959999084472656,20.959999084472656,22.079999923706055,20.55500030517578,20.709999084472656,1508600
2022-01-21,20.579999923706055,20.579999923706055,21.32900047302246,20.3700008392334,20.788000106811523,2317600
2022-01-24,19.1299991607666,19.1299991607666,19.829999923706055,17.68000030517578,19.6299991607666,5562500
2022-01-25,19.3799991607666,19.3799991607666,19.93000030517578,18.770000457763672,18.93000030517578,1164700
2022-01-26,18.860000610351562,18.860000610351562,19.9689998626709,18.719999313354492,19.9689998626709,970900
2022-01-27,18.440000534057617,18.440000534057617,19.260000228881836,18.302000045776367,19.200000762939453,880700
2022-01-28,18.469999313354492,18.469999313354492,18.469999313354492,17.860000610351562,18.18000030517578,733900
2022-01-31,19.540000915527344,19.540000915527344,19.600000381469727,18.530000686645508,18.610000610351562,701900
2022-02-01,20.190000534057617,20.190000534057617,20.349000930786133,19.170000076293945,19.540000915527344,911700
2022-02-02,19.719999313354492,19.719999313354492,20.190000534057617,19.650999069213867,20.18000030517578,1293400
2022-02-03,18.649999618530273,18.649999618530273,19.510000228881836,18.530000686645508,19.190000534057617,973400
2022-02-04,19.139999389648438,19.139999389648438,19.249000549316406,18.399999618530273,18.690000534057617,606800
2022-02-07,19.290000915527344,19.290000915527344,19.540000915527344,19.06999969482422,19.270000457763672,795100
2022-02-08,20.420000076293945,20.420000076293945,20.600000381469727,19.360000610351562,19.389999389648438,1861400
2022-02-09,21.299999237060547,21.299999237060547,21.510000228881836,18.889999389648438,19.950000762939453,3105300
2022-02-10,21.280000686645508,21.280000686645508,22.1299991607666,20.540000915527344,20.600000381469727,1511800
2022-02-11,20.950000762939453,20.950000762939453,21.860000610351562,20.649999618530273,21.299999237060547,974100
2022-02-14,20.719999313354492,20.719999313354492,21.299999237060547,20.649999618530273,20.739999771118164,656600
2022-02-15,21.530000686645508,21.530000686645508,21.639999389648438,20.850000381469727,20.920000076293945,1042000
2022-02-16,23.610000610351562,23.610000610351562,23.979999542236328,22.989999771118164,23.74799919128418,7364200
2022-02-17,22.860000610351562,22.860000610351562,23.354999542236328,22.56999969482422,23.170000076293945,9833200
2022-02-18,22.6299991607666,22.6299991607666,22.93000030517578,22.014999389648438,22.530000686645508,1790600
2022-02-22,22.549999237060547,22.549999237060547,23.06999969482422,22.010000228881836,22.094999313354492,2509000
2022-02-23,21.889999389648438,21.889999389648438,23.149999618530273,21.700000762939453,22.75,791900
2022-02-24,22.6200008392334,22.6200008392334,22.790000915527344,20.350000381469727,20.399999618530273,1374400
2022-02-25,22.8700008392334,22.8700008392334,22.979999542236328,22.110000610351562,22.6299991607666,949500
2022-02-28,23.079999923706055,23.079999923706055,23.770000457763672,22.684999465942383,22.739999771118164,1034800
2022-03-01,22.579999923706055,22.579999923706055,23.2450008392334,22.399999618530273,22.780000686645508,846800
2022-03-02,23.190000534057617,23.190000534057617,23.360000610351562,22.30500030517578,22.329999923706055,801400
2022-03-03,23.350000381469727,23.350000381469727,23.40999984741211,22.3799991607666,23.260000228881836,1035500
2022-03-04,21.729999542236328,21.729999542236328,23.18000030517578,21.59000015258789,23.049999237060547,651900
2022-03-07,21.940000534057617,21.940000534057617,23.1299991607666,21.73200035095215,21.809999465942383,1818000
2022-03-08,21.020000457763672,21.020000457763672,21.829999923706055,20.940000534057617,21.75,1072500
2022-03-09,21.229999542236328,21.229999542236328,21.579999923706055,21.0,21.290000915527344,697800
2022-03-10,20.540000915527344,20.540000915527344,21.059999465942383,20.200000762939453,20.84000015258789,614500
2022-03-11,18.899999618530273,18.899999618530273,20.65999984741211,18.899999618530273,20.540000915527344,802700
2022-03-14,17.790000915527344,17.790000915527344,18.940000534057617,17.670000076293945,18.850000381469727,1233600
2022-03-15,18.34000015258789,18.34000015258789,18.3700008392334,17.450000762939453,17.770000457763672,1184700
2022-03-16,20.3799991607666,20.3799991607666,20.43000030517578,18.600000381469727,18.639999389648438,1994400
2022-03-17,20.6299991607666,20.6299991607666,20.809999465942383,20.030000686645508,20.100000381469727,606700
2022-03-18,21.100000381469727,21.100000381469727,21.239999771118164,20.459999084472656,20.459999084472656,1101400
2022-03-21,20.469999313354492,20.469999313354492,21.260000228881836,20.1299991607666,21.209999084472656,539400
2022-03-22,21.0,21.0,21.39299964904785,20.540000915527344,20.540000915527344,506600
2022-03-23,20.8799991607666,20.8799991607666,21.31999969482422,20.6200008392334,20.670000076293945,457600
2022-03-24,21.1299991607666,21.1299991607666,21.299999237060547,20.600000381469727,21.030000686645508,364300
2022-03-25,20.639999389648438,20.639999389648438,21.208999633789062,20.360000610351562,21.15999984741211,449200
2022-03-28,21.200000762939453,21.200000762939453,21.249000549316406,20.368999481201172,20.729999542236328,550600
2022-03-29,22.219999313354492,22.219999313354492,22.219999313354492,21.31999969482422,21.31999969482422,609300
2022-03-30,22.1299991607666,22.1299991607666,22.90999984741211,22.0,22.059999465942383,836100
2022-03-31,21.15999984741211,21.15999984741211,22.09000015258789,21.149999618530273,21.940000534057617,576900
2022-04-01,21.059999465942383,21.059999465942383,21.68000030517578,20.739999771118164,21.170000076293945,369400
2022-04-04,22.15999984741211,22.15999984741211,22.190000534057617,21.079999923706055,21.079999923706055,597100
2022-04-05,21.43000030517578,21.43000030517578,22.155000686645508,21.3700008392334,21.829999923706055,509300
2022-04-06,21.200000762939453,21.200000762939453,21.459999084472656,20.600000381469727,20.860000610351562,537500
2022-04-07,20.780000686645508,20.780000686645508,21.3799991607666,20.290000915527344,21.229999542236328,560600
2022-04-08,20.3700008392334,20.3700008392334,20.959999084472656,20.299999237060547,20.5,307200
2022-04-11,20.559999465942383,20.559999465942383,20.889999389648438,20.010000228881836,20.020000457763672,485400
2022-04-12,20.239999771118164,20.239999771118164,21.18000030517578,20.149999618530273,20.760000228881836,475600
2022-04-13,20.309999465942383,20.309999465942383,20.579999923706055,19.93000030517578,20.290000915527344,616900
2022-04-14,19.579999923706055,19.579999923706055,20.415000915527344,19.579999923706055,20.260000228881836,359100
2022-04-18,19.6299991607666,19.6299991607666,19.829999923706055,19.18000030517578,19.639999389648438,478400
2022-04-19,19.65999984741211,19.65999984741211,20.3799991607666,19.5049991607666,19.600000381469727,621500
2022-04-20,19.34000015258789,19.34000015258789,19.760000228881836,19.121000289916992,19.614999771118164,428900
2022-04-21,18.31999969482422,18.31999969482422,19.670000076293945,18.170000076293945,19.489999771118164,839200
2022-04-22,16.149999618530273,16.149999618530273,17.260000228881836,15.710000038146973,15.862000465393066,2599500
2022-04-25,16.09000015258789,16.09000015258789,16.209999084472656,15.6899995803833,15.899999618530273,1205900
2022-04-26,15.390000343322754,15.390000343322754,16.1200008392334,15.289999961853027,15.920000076293945,1127000
2022-04-27,15.109999656677246,15.109999656677246,15.59000015258789,15.029999732971191,15.34000015258789,766100
2022-04-28,15.34000015258789,15.34000015258789,15.680000305175781,14.62600040435791,15.229999542236328,884500
2022-04-29,15.130000114440918,15.130000114440918,15.930000305175781,15.050000190734863,15.329999923706055,973700
2022-05-02,15.569999694824219,15.569999694824219,15.569999694824219,14.739999771118164,14.890000343322754,675800
2022-05-03,16.260000228881836,16.260000228881836,16.940000534057617,15.390000343322754,15.600000381469727,1377400
2022-05-04,16.709999084472656,16.709999084472656,16.780000686645508,15.871000289916992,16.18000030517578,818000
2022-05-05,15.539999961853027,15.539999961853027,16.459999084472656,15.199999809265137,16.420000076293945,1642400
2022-05-06,15.649999618530273,15.649999618530273,16.219999313354492,14.119999885559082,14.319999694824219,1867600
2022-05-09,15.619999885559082,15.619999885559082,16.270000457763672,14.845000267028809,14.859999656677246,2613300
2022-05-10,15.0,15.0,16.190000534057617,14.859999656677246,15.880000114440918,1240100
2022-05-11,13.899999618530273,13.899999618530273,15.109999656677246,13.84000015258789,14.670000076293945,1275500
2022-05-12,14.039999961853027,14.039999961853027,14.609999656677246,13.039999961853027,13.319999694824219,1840000
2022-05-13,15.300000190734863,15.300000190734863,15.479999542236328,14.5,14.5,829300
2022-05-16,15.800000190734863,15.800000190734863,16.464000701904297,15.420000076293945,15.619999885559082,860700
2022-05-17,16.0,16.0,16.450000762939453,15.677000045776367,16.110000610351562,603800
2022-05-18,15.25,15.25,15.925000190734863,15.079999923706055,15.720000267028809,524100
2022-05-19,15.140000343322754,15.140000343322754,15.619999885559082,15.020000457763672,15.1899995803833,651200
2022-05-20,15.010000228881836,15.010000228881836,15.449999809265137,14.270000457763672,15.4399995803833,722100
2022-05-23,15.010000228881836,15.010000228881836,15.1899995803833,14.520000457763672,15.170000076293945,498200
2022-05-24,14.4399995803833,14.4399995803833,14.800000190734863,13.880000114440918,14.800000190734863,846600
2022-05-25,15.140000343322754,15.140000343322754,15.300000190734863,14.265000343322754,14.34000015258789,689700
2022-05-26,15.65999984741211,15.65999984741211,15.925000190734863,15.039999961853027,15.09000015258789,461900
2022-05-27,16.31999969482422,16.31999969482422,16.329999923706055,15.720000267028809,15.84000015258789,637200
2022-05-31,16.049999237060547,16.049999237060547,16.309999465942383,15.789999961853027,16.25,566700
2022-06-01,15.829999923706055,15.829999923706055,16.43000030517578,15.380000114440918,16.25,527700
2022-06-02,16.5,16.5,16.600000381469727,15.741000175476074,15.75,458000
2022-06-03,16.139999389648438,16.139999389648438,16.309999465942383,15.859999656677246,16.149999618530273,376700
2022-06-06,16.280000686645508,16.280000686645508,16.700000762939453,16.094999313354492,16.440000534057617,408300
2022-06-07,16.399999618530273,16.399999618530273,16.5,15.930000305175781,16.079999923706055,329100
2022-06-08,16.520000457763672,16.520000457763672,16.709999084472656,16.1299991607666,16.290000915527344,604200
2022-06-09,15.989999771118164,15.989999771118164,16.549999237060547,15.960000038146973,16.40999984741211,507700
2022-06-10,15.130000114440918,15.130000114440918,15.859999656677246,15.100000381469727,15.699999809265137,649400
2022-06-13,14.119999885559082,14.119999885559082,14.949999809265137,13.704999923706055,14.460000038146973,813000
2022-06-14,13.979999542236328,13.979999542236328,14.229999542236328,13.770000457763672,14.114999771118164,822600
2022-06-15,14.319999694824219,14.319999694824219,14.59000015258789,13.899999618530273,13.930000305175781,643400
2022-06-16,13.609999656677246,13.609999656677246,14.0600004196167,13.399999618530273,13.760000228881836,898800
2022-06-17,13.84000015258789,13.84000015258789,13.989999771118164,13.619999885559082,13.670000076293945,770700
2022-06-21,13.819999694824219,13.819999694824219,14.5,13.729999542236328,14.085000038146973,503200
2022-06-22,13.800000190734863,13.800000190734863,14.020000457763672,13.569999694824219,13.569999694824219,465600
2022-06-23,14.359999656677246,14.359999656677246,14.390000343322754,13.859999656677246,13.869999885559082,494300
2022-06-24,14.850000381469727,14.850000381469727,15.204999923706055,14.5,14.5,2083900
2022-06-27,14.550000190734863,14.550000190734863,15.020000457763672,14.489999771118164,14.920000076293945,499400
2022-06-28,13.699999809265137,13.699999809265137,14.729999542236328,13.609999656677246,14.579999923706055,548500
2022-06-29,13.520000457763672,13.520000457763672,13.649999618530273,13.319999694824219,13.600000381469727,646800
2022-06-30,13.130000114440918,13.130000114440918,13.329999923706055,12.914999961853027,13.279999732971191,691700
2022-07-01,13.210000038146973,13.210000038146973,13.319999694824219,12.9399995803833,13.0,587100
2022-07-05,13.119999885559082,13.119999885559082,13.140000343322754,12.539999961853027,12.979999542236328,527100
2022-07-06,12.819999694824219,12.819999694824219,13.260000228881836,12.710000038146973,13.010000228881836,424000
2022-07-07,13.460000038146973,13.460000038146973,13.539999961853027,12.8100004196167,12.890000343322754,633500
2022-07-08,13.529999732971191,13.529999732971191,13.729999542236328,13.109999656677246,13.319999694824219,337700
2022-07-11,12.960000038146973,12.960000038146973,13.430000305175781,12.829000473022461,13.399999618530273,387000
2022-07-12,12.880000114440918,12.880000114440918,13.170000076293945,12.744999885559082,12.960000038146973,293500
2022-07-13,12.90999984741211,12.90999984741211,12.979999542236328,12.569999694824219,12.600000381469727,308400
2022-07-14,12.430000305175781,12.430000305175781,12.890000343322754,12.229999542236328,12.779999732971191,658600
2022-07-15,12.65999984741211,12.65999984741211,12.869999885559082,12.470000267028809,12.699999809265137,576100
2022-07-18,12.630000114440918,12.630000114440918,13.229999542236328,12.5649995803833,12.949999809265137,448100
2022-07-19,13.1899995803833,13.1899995803833,13.3100004196167,12.779999732971191,12.779999732971191,765300
2022-07-20,14.079999923706055,14.079999923706055,14.220000267028809,13.1899995803833,13.220000267028809,726900
2022-07-21,14.479999542236328,14.479999542236328,14.479999542236328,13.970000267028809,14.029999732971191,508000
2022-07-22,13.850000381469727,13.850000381469727,14.800000190734863,13.489999771118164,13.770000457763672,1007200
2022-07-25,13.8100004196167,13.8100004196167,13.890000343322754,13.449999809265137,13.640000343322754,609000
2022-07-26,13.319999694824219,13.319999694824219,13.729999542236328,13.3100004196167,13.729999542236328,439800
2022-07-27,13.59000015258789,13.59000015258789,13.699999809265137,13.229999542236328,13.5,409400
2022-07-28,13.829999923706055,13.829999923706055,13.937999725341797,13.399999618530273,13.710000038146973,287400
2022-07-29,14.100000381469727,14.100000381469727,14.130000114440918,13.670000076293945,13.789999961853027,424900
2022-08-01,14.739999771118164,14.739999771118164,15.079999923706055,13.737000465393066,13.880000114440918,759900
2022-08-02,15.220000267028809,15.220000267028809,15.25,14.529999732971191,14.529999732971191,541500
2022-08-03,15.5600004196167,15.5600004196167,15.569999694824219,14.994999885559082,15.300000190734863,489900
2022-08-04,15.479999542236328,15.479999542236328,15.734999656677246,15.1899995803833,15.640000343322754,608700
2022-08-05,16.34000015258789,16.34000015258789,16.56999969482422,14.5,14.9399995803833,1550900
2022-08-08,16.700000762939453,16.700000762939453,17.15999984741211,16.165000915527344,16.329999923706055,1006400
2022-08-09,16.399999618530273,16.399999618530273,16.6200008392334,15.970000267028809,16.3799991607666,1034800
2022-08-10,17.149999618530273,17.149999618530273,17.280000686645508,16.530000686645508,16.700000762939453,753000
2022-08-11,16.8700008392334,16.8700008392334,17.729999542236328,16.799999237060547,17.290000915527344,547500
2022-08-12,17.469999313354492,17.469999313354492,17.530000686645508,16.719999313354492,16.90999984741211,427900
2022-08-15,17.31999969482422,17.31999969482422,17.56999969482422,17.010000228881836,17.3700008392334,526600
2022-08-16,17.700000762939453,17.700000762939453,18.040000915527344,16.899999618530273,17.209999084472656,613100
2022-08-17,16.8700008392334,16.8700008392334,17.469999313354492,16.65999984741211,17.420000076293945,756800
2022-08-18,16.649999618530273,16.649999618530273,16.770000457763672,16.399999618530273,16.700000762939453,340700
2022-08-19,15.90999984741211,15.90999984741211,16.329999923706055,15.699999809265137,16.190000534057617,510600
2022-08-22,15.520000457763672,15.520000457763672,15.770000457763672,15.289999961853027,15.640000343322754,626300
2022-08-23,15.579999923706055,15.579999923706055,15.819999694824219,15.35099983215332,15.539999961853027,280500
2022-08-24,16.0,16.0,16.229999542236328,15.489999771118164,15.539999961853027,283000
2022-08-25,17.09000015258789,17.09000015258789,17.09000015258789,16.170000076293945,16.170000076293945,688600
2022-08-26,15.84000015258789,15.84000015258789,17.049999237060547,15.725000381469727,17.049999237060547,737300
2022-08-29,15.449999809265137,15.449999809265137,15.930000305175781,15.420000076293945,15.489999771118164,413600
2022-08-30,15.300000190734863,15.300000190734863,15.630000114440918,15.145000457763672,15.520000457763672,377700
2022-08-31,15.390000343322754,15.390000343322754,15.479999542236328,15.140000343322754,15.300000190734863,615400
2022-09-01,14.680000305175781,14.680000305175781,15.260000228881836,13.960000038146973,15.140000343322754,620000
2022-09-02,14.069999694824219,14.069999694824219,14.880000114440918,13.920000076293945,14.880000114440918,501600
2022-09-06,13.65999984741211,13.65999984741211,14.119999885559082,13.420000076293945,14.119999885559082,703900
2022-09-07,14.1899995803833,14.1899995803833,14.239999771118164,13.609999656677246,13.65999984741211,391900
2022-09-08,14.489999771118164,14.489999771118164,14.5,13.760000228881836,13.979999542236328,528700
2022-09-09,14.880000114440918,14.880000114440918,15.029999732971191,14.699999809265137,14.819999694824219,425800
2022-09-12,15.130000114440918,15.130000114440918,15.25,14.899999618530273,15.0600004196167,385700
2022-09-13,14.279999732971191,14.279999732971191,14.8100004196167,14.015000343322754,14.430000305175781,828700
2022-09-14,14.020000457763672,14.020000457763672,14.28499984741211,13.901000022888184,14.279999732971191,503500
2022-09-15,13.899999618530273,13.899999618530273,14.270000457763672,13.800000190734863,13.859999656677246,454500
2022-09-16,13.869999885559082,13.869999885559082,13.9399995803833,13.460000038146973,13.609999656677246,1732200
2022-09-19,13.380000114440918,13.380000114440918,13.729999542236328,13.180000305175781,13.600000381469727,488400
2022-09-20,12.829999923706055,12.829999923706055,13.229999542236328,12.789999961853027,13.229999542236328,479600
2022-09-21,12.770000457763672,12.770000457763672,13.3100004196167,12.6899995803833,12.789999961853027,616500
2022-09-22,12.40999984741211,12.40999984741211,12.789999961853027,12.354999542236328,12.699999809265137,528000
2022-09-23,11.930000305175781,11.930000305175781,12.265000343322754,11.5,12.25,801300
2022-09-26,11.260000228881836,11.260000228881836,12.300000190734863,11.229999542236328,11.84000015258789,796300
2022-09-27,12.069999694824219,12.069999694824219,12.069999694824219,11.430000305175781,11.510000228881836,614800
2022-09-28,12.550000190734863,12.550000190734863,12.760000228881836,11.930000305175781,12.069999694824219,462100
2022-09-29,11.789999961853027,11.789999961853027,12.210000038146973,11.539999961853027,12.1899995803833,476400
2022-09-30,11.350000381469727,11.350000381469727,12.09000015258789,11.329999923706055,11.670000076293945,492400
2022-10-03,11.890000343322754,11.890000343322754,12.220000267028809,11.390000343322754,11.40999984741211,640900
2022-10-04,12.75,12.75,12.859999656677246,12.239999771118164,12.239999771118164,553300
2022-10-05,13.050000190734863,13.050000190734863,13.100000381469727,12.0600004196167,12.420000076293945,514900
2022-10-06,12.90999984741211,12.90999984741211,13.210000038146973,12.710000038146973,12.890000343322754,286800
2022-10-07,12.170000076293945,12.170000076293945,12.649999618530273,12.0,12.619999885559082,551300
2022-10-10,11.779999732971191,11.779999732971191,12.260000228881836,11.520000457763672,12.210000038146973,418200
2022-10-11,11.78499984741211,11.78499984741211,12.270000457763672,11.470000267028809,11.760000228881836,507600
2022-10-12,11.8100004196167,11.8100004196167,11.970000267028809,11.399999618530273,11.789999961853027,435400
2022-10-13,12.119999885559082,12.119999885559082,12.329999923706055,10.960000038146973,11.34000015258789,665800
2022-10-14,11.449999809265137,11.449999809265137,12.390000343322754,11.430000305175781,12.300000190734863,463700
2022-10-17,12.010000228881836,12.010000228881836,12.489999771118164,11.819999694824219,11.819999694824219,467200
2022-10-18,12.15999984741211,12.15999984741211,12.680000305175781,12.010000228881836,12.430000305175781,387400
2022-10-19,11.6899995803833,11.6899995803833,12.005000114440918,11.5,11.979999542236328,551500
2022-10-20,11.75,11.75,12.180000305175781,11.630000114440918,11.710000038146973,330800
2022-10-21,12.399999618530273,12.399999618530273,12.4399995803833,11.449999809265137,11.789999961853027,475100
2022-10-24,12.4399995803833,12.4399995803833,12.489999771118164,11.989999771118164,12.460000038146973,552100
2022-10-25,13.289999961853027,13.289999961853027,13.4399995803833,12.390000343322754,12.5,591100
2022-10-26,13.460000038146973,13.460000038146973,13.789999961853027,12.604999542236328,13.199999809265137,507400
2022-10-27,13.270000457763672,13.270000457763672,13.710000038146973,13.039999961853027,13.520000457763672,403800
2022-10-28,13.729999542236328,13.729999542236328,13.899999618530273,13.029999732971191,13.279999732971191,426200
2022-10-31,13.800000190734863,13.800000190734863,14.119999885559082,13.40999984741211,13.5600004196167,550000
2022-11-01,13.489999771118164,13.489999771118164,14.112000465393066,13.40999984741211,14.039999961853027,450600
2022-11-02,12.670000076293945,12.670000076293945,13.5,12.510000228881836,13.420000076293945,563100
2022-11-03,12.630000114440918,12.630000114440918,13.020000457763672,12.1899995803833,12.460000038146973,690800
2022-11-04,15.0,15.0,15.420000076293945,13.180000305175781,13.25,1639700
2022-11-07,16.5,16.5,16.719999313354492,14.8100004196167,15.029999732971191,1338200
2022-11-08,16.719999313354492,16.719999313354492,16.940000534057617,15.760000228881836,16.5,975500
2022-11-09,15.84000015258789,15.84000015258789,16.600000381469727,15.710000038146973,16.360000610351562,741500
2022-11-10,17.459999084472656,17.459999084472656,17.64900016784668,16.780000686645508,17.0,893300
2022-11-11,18.149999618530273,18.149999618530273,18.190000534057617,17.350000381469727,17.43000030517578,841900
2022-11-14,18.229999542236328,18.229999542236328,18.610000610351562,17.540000915527344,17.889999389648438,644000
2022-11-15,16.530000686645508,16.530000686645508,17.440000534057617,16.260000228881836,16.65999984741211,3655600
2022-11-16,16.440000534057617,16.440000534057617,16.530000686645508,16.020000457763672,16.229999542236328,836700
2022-11-17,16.8700008392334,16.8700008392334,16.8799991607666,15.994999885559082,16.06999969482422,719600
2022-11-18,17.049999237060547,17.049999237060547,17.389999389648438,16.809999465942383,17.389999389648438,638600
2022-11-21,16.350000381469727,16.350000381469727,16.829999923706055,16.049999237060547,16.829999923706055,483700
2022-11-22,16.459999084472656,16.459999084472656,16.4950008392334,16.0,16.389999389648438,406500
2022-11-23,16.850000381469727,16.850000381469727,16.9689998626709,16.43000030517578,16.459999084472656,450100
2022-11-25,16.799999237060547,16.799999237060547,16.969999313354492,16.600000381469727,16.739999771118164,152000
2022-11-28,16.15999984741211,16.15999984741211,16.600000381469727,16.100000381469727,16.489999771118164,499300
2022-11-29,16.020000457763672,16.020000457763672,16.510000228881836,15.979999542236328,16.170000076293945,424300
2022-11-30,16.8700008392334,16.8700008392334,16.93000030517578,15.989999771118164,16.040000915527344,637400
2022-12-01,17.290000915527344,17.290000915527344,17.399999618530273,16.639999389648438,16.959999084472656,352900
2022-12-02,17.5,17.5,17.700000762939453,16.700000762939453,16.760000228881836,400400
2022-12-05,16.93000030517578,16.93000030517578,17.43000030517578,16.75,17.270000457763672,497100
2022-12-06,16.229999542236328,16.229999542236328,16.940000534057617,16.110000610351562,16.940000534057617,368600
2022-12-07,15.529999732971191,15.529999732971191,16.290000915527344,15.336000442504883,15.899999618530273,547100
2022-12-08,15.920000076293945,15.920000076293945,15.989999771118164,15.289999961853027,15.65999984741211,439300
2022-12-09,15.0,15.0,15.8100004196167,14.970000267028809,15.8100004196167,487100
2022-12-12,15.380000114440918,15.380000114440918,15.4399995803833,14.779999732971191,14.989999771118164,330300
2022-12-13,15.720000267028809,15.720000267028809,16.489999771118164,15.680000305175781,16.229999542236328,507900
2022-12-14,15.670000076293945,15.670000076293945,16.104999542236328,15.430000305175781,15.720000267028809,565200
2022-12-15,15.1899995803833,15.1899995803833,15.489999771118164,15.119999885559082,15.369999885559082,508800
2022-12-16,14.890000343322754,14.890000343322754,15.3100004196167,14.600000381469727,14.970000267028809,933200
2022-12-19,14.300000190734863,14.300000190734863,14.920000076293945,14.145000457763672,14.899999618530273,676600
2022-12-20,14.130000114440918,14.130000114440918,15.140000343322754,14.100000381469727,14.199999809265137,681500
2022-12-21,14.140000343322754,14.140000343322754,14.460000038146973,14.083000183105469,14.300000190734863,358200
2022-12-22,13.989999771118164,13.989999771118164,14.010000228881836,13.4399995803833,13.930000305175781,578800
2022-12-23,13.739999771118164,13.739999771118164,14.039999961853027,13.579999923706055,13.989999771118164,433500
2022-12-27,13.399999618530273,13.399999618530273,13.800000190734863,13.279999732971191,13.680000305175781,543400
2022-12-28,13.039999961853027,13.039999961853027,13.369999885559082,12.960000038146973,13.279999732971191,630600
2022-12-29,13.529999732971191,13.529999732971191,13.725000381469727,13.1899995803833,13.279999732971191,477800
2022-12-30,13.569999694824219,13.569999694824219,13.670000076293945,13.149999618530273,13.220000267028809,439400
2023-01-03,13.720000267028809,13.720000267028809,14.130000114440918,13.390000343322754,13.710000038146973,405300
2023-01-04,14.270000457763672,14.270000457763672,14.5,13.760000228881836,13.869999885559082,413900
2023-01-05,13.970000267028809,13.970000267028809,14.15999984741211,13.789999961853027,14.149999618530273,268900
2023-01-06,14.329999923706055,14.329999923706055,14.430000305175781,13.779999732971191,14.15999984741211,349000
2023-01-09,14.609999656677246,14.609999656677246,14.800000190734863,14.399999618530273,14.520000457763672,249600
2023-01-10,14.760000228881836,14.760000228881836,14.770000457763672,14.305000305175781,14.539999961853027,320500
2023-01-11,15.029999732971191,15.029999732971191,15.289999961853027,14.729999542236328,14.859999656677246,432700
2023-01-12,14.59000015258789,14.59000015258789,14.805000305175781,13.819999694824219,14.800000190734863,715200
2023-01-13,14.890000343322754,14.890000343322754,14.949999809265137,14.149999618530273,14.380000114440918,316000
2023-01-17,14.739999771118164,14.739999771118164,14.930000305175781,14.52299976348877,14.829999923706055,293100
2023-01-18,14.699999809265137,14.699999809265137,15.199999809265137,14.5600004196167,14.949999809265137,297900
2023-01-19,14.149999618530273,14.149999618530273,14.595000267028809,14.130000114440918,14.539999961853027,363900
2023-01-20,14.40999984741211,14.40999984741211,14.604999542236328,14.069999694824219,14.3100004196167,433100
2023-01-23,15.210000038146973,15.210000038146973,15.274999618530273,14.274999618530273,14.4399995803833,642100
2023-01-24,15.140000343322754,15.140000343322754,15.15999984741211,14.789999961853027,15.020000457763672,289500
2023-01-25,15.539999961853027,15.539999961853027,15.609999656677246,14.699999809265137,14.890000343322754,397700
2023-01-26,15.800000190734863,15.800000190734863,15.8100004196167,15.395000457763672,15.569999694824219,377400
2023-01-27,15.779999732971191,15.779999732971191,16.030000686645508,15.670000076293945,15.680000305175781,375000
2023-01-30,15.529999732971191,15.529999732971191,15.739999771118164,15.399999618530273,15.550000190734863,239900
2023-01-31,15.729999542236328,15.729999542236328,15.835000038146973,15.5,15.569999694824219,366000
2023-02-01,16.149999618530273,16.149999618530273,16.18000030517578,15.329999923706055,15.710000038146973,492400
2023-02-02,16.5,16.5,17.15999984741211,16.389999389648438,16.549999237060547,925000
2023-02-03,16.1200008392334,16.1200008392334,16.510000228881836,15.920000076293945,15.970000267028809,668100
2023-02-06,15.579999923706055,15.579999923706055,15.868000030517578,15.345000267028809,15.380000114440918,562400
2023-02-07,15.899999618530273,15.899999618530273,15.970000267028809,15.289999961853027,15.5,475700
2023-02-08,15.510000228881836,15.510000228881836,15.869999885559082,15.420000076293945,15.829999923706055,333500
2023-02-09,15.119999885559082,15.119999885559082,15.76099967956543,14.795000076293945,15.720000267028809,805400
2023-02-10,16.90999984741211,16.90999984741211,17.6299991607666,15.699999809265137,16.75,1707300
2023-02-13,17.709999084472656,17.709999084472656,17.929000854492188,16.709999084472656,16.8700008392334,935100
2023-02-14,17.950000762939453,17.950000762939453,18.100000381469727,17.34000015258789,17.469999313354492,753200
2023-02-15,18.610000610351562,18.610000610351562,18.65999984741211,17.790000915527344,17.790000915527344,826500
2023-02-16,18.229999542236328,18.229999542236328,18.760000228881836,18.040000915527344,18.309999465942383,658200
2023-02-17,18.25,18.25,18.264999389648438,17.80500030517578,18.110000610351562,500900
2023-02-21,17.350000381469727,17.350000381469727,17.889999389648438,17.110000610351562,17.790000915527344,492800
2023-02-22,17.3799991607666,17.3799991607666,17.450000762939453,17.1299991607666,17.1299991607666,520800
2023-02-23,17.600000381469727,17.600000381469727,17.690000534057617,17.149999618530273,17.610000610351562,406600
2023-02-24,17.190000534057617,17.190000534057617,17.309999465942383,17.0,17.18000030517578,345800
2023-02-27,17.270000457763672,17.270000457763672,17.459999084472656,17.15999984741211,17.399999618530273,336800
2023-02-28,17.5,17.5,17.729999542236328,17.165000915527344,17.229999542236328,459700
2023-03-01,17.360000610351562,17.360000610351562,17.469999313354492,16.969999313354492,17.329999923706055,338900
2023-03-02,17.389999389648438,17.389999389648438,17.459999084472656,16.969999313354492,17.15999984741211,303200
2023-03-03,17.440000534057617,17.440000534057617,17.604999542236328,17.371999740600586,17.450000762939453,322600
2023-03-06,16.940000534057617,16.940000534057617,17.799999237060547,16.81999969482422,17.489999771118164,406400
2023-03-07,16.649999618530273,16.649999618530273,17.059999465942383,16.6200008392334,17.030000686645508,277800
2023-03-08,16.8700008392334,16.8700008392334,16.8700008392334,16.489999771118164,16.670000076293945,234200
2023-03-09,16.440000534057617,16.440000534057617,17.049999237060547,16.3700008392334,16.8700008392334,310600
2023-03-10,16.31999969482422,16.31999969482422,16.399999618530273,15.680000305175781,16.34000015258789,668400
2023-03-13,15.960000038146973,15.960000038146973,16.299999237060547,15.619999885559082,15.90999984741211,445600
2023-03-14,16.139999389648438,16.139999389648438,16.739999771118164,15.930000305175781,16.3799991607666,463000
2023-03-15,16.209999084472656,16.209999084472656,16.219999313354492,15.609999656677246,15.739999771118164,354500
2023-03-16,16.559999465942383,16.559999465942383,16.670000076293945,16.010000228881836,16.030000686645508,376000
2023-03-17,16.3799991607666,16.3799991607666,16.510000228881836,16.040000915527344,16.40999984741211,803800
2023-03-20,16.530000686645508,16.530000686645508,16.559999465942383,16.059999465942383,16.360000610351562,329100
2023-03-21,16.829999923706055,16.829999923706055,16.93000030517578,16.599000930786133,16.760000228881836,315500
2023-03-22,16.790000915527344,16.790000915527344,17.350000381469727,16.790000915527344,16.940000534057617,346300
2023-03-23,16.920000076293945,16.920000076293945,17.35099983215332,16.65999984741211,16.90999984741211,329400
2023-03-24,16.920000076293945,16.920000076293945,17.020000457763672,16.489999771118164,16.709999084472656,327300
2023-03-27,16.799999237060547,16.799999237060547,17.110000610351562,16.739999771118164,17.020000457763672,293400
2023-03-28,16.969999313354492,16.969999313354492,17.045000076293945,16.59000015258789,16.770000457763672,291700
2023-03-29,17.56999969482422,17.56999969482422,17.6299991607666,17.09000015258789,17.200000762939453,321300
2023-03-30,17.850000381469727,17.850000381469727,17.889999389648438,17.690000534057617,17.799999237060547,252300
2023-03-31,18.350000381469727,18.350000381469727,18.40999984741211,17.829999923706055,17.920000076293945,494900
2023-04-03,18.40999984741211,18.40999984741211,18.44499969482422,17.94700050354004,18.229999542236328,294100
2023-04-04,18.229999542236328,18.229999542236328,18.53499984741211,17.981000900268555,18.40999984741211,341500
2023-04-05,17.450000762939453,17.450000762939453,18.09000015258789,17.209999084472656,18.09000015258789,398500
2023-04-06,17.670000076293945,17.670000076293945,17.700000762939453,17.117000579833984,17.260000228881836,227800
2023-04-10,17.780000686645508,17.780000686645508,17.888999938964844,17.3700008392334,17.520000457763672,239500
2023-04-11,17.84000015258789,17.84000015258789,18.024999618530273,17.68000030517578,17.81999969482422,212100
2023-04-12,17.59000015258789,17.59000015258789,18.25,17.530000686645508,18.010000228881836,190400
2023-04-13,17.770000457763672,17.770000457763672,17.860000610351562,17.53499984741211,17.700000762939453,227700
2023-04-14,17.600000381469727,17.600000381469727,17.959999084472656,17.479999542236328,17.739999771118164,224800
2023-04-17,17.719999313354492,17.719999313354492,17.850000381469727,17.41200065612793,17.549999237060547,205400
2023-04-18,17.729999542236328,17.729999542236328,17.90999984741211,17.56999969482422,17.84000015258789,253000
2023-04-19,17.510000228881836,17.510000228881836,17.600000381469727,17.40999984741211,17.510000228881836,219200
2023-04-20,17.59000015258789,17.59000015258789,17.709999084472656,17.135000228881836,17.290000915527344,240600
2023-04-21,17.610000610351562,17.610000610351562,17.649999618530273,17.209999084472656,17.510000228881836,264500
2023-04-24,17.690000534057617,17.690000534057617,17.739999771118164,17.485000610351562,17.540000915527344,286900
2023-04-25,17.1200008392334,17.1200008392334,17.55500030517578,17.091999053955078,17.510000228881836,298100
2023-04-26,16.899999618530273,16.899999618530273,17.270000457763672,16.829999923706055,17.09000015258789,323100
2023-04-27,17.360000610351562,17.360000610351562,17.420000076293945,16.950000762939453,17.0,228000
2023-04-28,17.420000076293945,17.420000076293945,17.559999465942383,17.149999618530273,17.3799991607666,276000
2023-05-01,17.469999313354492,17.469999313354492,17.815000534057617,17.350000381469727,17.399999618530273,241900
2023-05-02,17.270000457763672,17.270000457763672,17.399999618530273,17.100000381469727,17.399999618530273,245600
2023-05-03,17.229999542236328,17.229999542236328,17.530000686645508,17.170000076293945,17.270000457763672,254800
2023-05-04,17.229999542236328,17.229999542236328,17.424999237060547,17.09000015258789,17.229999542236328,229300
2023-05-05,17.84000015258789,17.84000015258789,17.988000869750977,17.43000030517578,17.43000030517578,560100
2023-05-08,17.760000228881836,17.760000228881836,17.889999389648438,17.6200008392334,17.809999465942383,337200
2023-05-09,17.559999465942383,17.559999465942383,17.719999313354492,17.43000030517578,17.649999618530273,342800
2023-05-10,17.5,17.5,17.850000381469727,17.190000534057617,17.790000915527344,474400
2023-05-11,19.040000915527344,19.040000915527344,19.81999969482422,17.469999313354492,17.549999237060547,1714900
2023-05-12,18.8700008392334,18.8700008392334,19.59000015258789,18.4950008392334,19.18000030517578,640400
2023-05-15,18.790000915527344,18.790000915527344,19.070999145507812,18.610000610351562,18.90999984741211,447000
2023-05-16,18.75,18.75,19.100000381469727,18.639999389648438,18.639999389648438,436800
2023-05-17,19.469999313354492,19.469999313354492,19.628999710083008,18.725000381469727,18.729999542236328,821400
2023-05-18,19.65999984741211,19.65999984741211,20.170000076293945,19.280000686645508,19.5,1078600
2023-05-19,19.579999923706055,19.579999923706055,19.889999389648438,19.43000030517578,19.780000686645508,608600
2023-05-22,19.920000076293945,19.920000076293945,20.110000610351562,19.299999237060547,19.510000228881836,639200
2023-05-23,19.649999618530273,19.649999618530273,20.170000076293945,19.649999618530273,19.75,528400
2023-05-24,19.209999084472656,19.209999084472656,19.549999237060547,19.00200080871582,19.549999237060547,439600
2023-05-25,19.360000610351562,19.360000610351562,19.5,19.07699966430664,19.399999618530273,408200
2023-05-26,19.934999465942383,19.934999465942383,20.09000015258789,19.389999389648438,19.389999389648438,502500
2023-05-30,19.829999923706055,19.829999923706055,20.719999313354492,19.790000915527344,20.110000610351562,557700
2023-05-31,19.719999313354492,19.719999313354492,19.84000015258789,19.270000457763672,19.6299991607666,1285300
2023-06-01,19.68000030517578,19.68000030517578,19.809999465942383,19.30500030517578,19.670000076293945,340000
2023-06-02,19.8799991607666,19.8799991607666,20.100000381469727,19.559999465942383,19.899999618530273,407900
2023-06-05,19.510000228881836,19.510000228881836,19.610000610351562,19.15999984741211,19.610000610351562,416800
2023-06-06,19.68000030517578,19.68000030517578,19.889999389648438,19.3799991607666,19.43000030517578,343300
2023-06-07,19.229999542236328,19.229999542236328,19.799999237060547,19.209999084472656,19.440000534057617,677300
2023-06-08,18.549999237060547,18.549999237060547,19.200000762939453,18.43000030517578,19.200000762939453,486900
2023-06-09,18.75,18.75,18.75,18.450000762939453,18.600000381469727,390700
2023-06-12,18.729999542236328,18.729999542236328,19.06999969482422,18.600000381469727,18.860000610351562,433200
2023-06-13,18.639999389648438,18.639999389648438,18.90999984741211,18.459999084472656,18.75,373700
2023-06-14,18.579999923706055,18.579999923706055,18.760000228881836,18.34000015258789,18.56999969482422,320100
2023-06-15,18.530000686645508,18.530000686645508,18.6200008392334,18.110000610351562,18.3799991607666,465100
2023-06-16,17.739999771118164,17.739999771118164,18.75,17.670000076293945,18.709999084472656,738500
2023-06-20,17.68000030517578,17.68000030517578,17.75,17.3799991607666,17.600000381469727,655900
2023-06-21,17.260000228881836,17.260000228881836,17.56999969482422,17.100000381469727,17.5,501100
2023-06-22,17.18000030517578,17.18000030517578,17.260000228881836,16.8700008392334,17.18000030517578,471900
2023-06-23,17.200000762939453,17.200000762939453,17.229999542236328,16.770000457763672,16.959999084472656,1324100
2023-06-26,16.90999984741211,16.90999984741211,17.58300018310547,16.84000015258789,17.260000228881836,435600
2023-06-27,17.25,17.25,17.3700008392334,16.809999465942383,16.950000762939453,300900
2023-06-28,17.219999313354492,17.219999313354492,17.420000076293945,17.070999145507812,17.1200008392334,342600
2023-06-29,17.540000915527344,17.540000915527344,17.700000762939453,17.219999313354492,17.219999313354492,300200
2023-06-30,17.739999771118164,17.739999771118164,17.84000015258789,17.6200008392334,17.770000457763672,318400
2023-07-03,17.889999389648438,17.889999389648438,17.889999389648438,17.56999969482422,17.56999969482422,217100
2023-07-05,17.579999923706055,17.579999923706055,17.75,17.371000289916992,17.739999771118164,384300
2023-07-06,17.43000030517578,17.43000030517578,17.489999771118164,17.25,17.3700008392334,259200
2023-07-07,17.3700008392334,17.3700008392334,17.719999313354492,17.360000610351562,17.450000762939453,280600
2023-07-10,17.389999389648438,17.389999389648438,17.68000030517578,17.231000900268555,17.299999237060547,309200
2023-07-11,17.530000686645508,17.530000686645508,17.530000686645508,17.309999465942383,17.5,440500
2023-07-12,17.90999984741211,17.90999984741211,17.9950008392334,17.725000381469727,17.799999237060547,306400
2023-07-13,18.18000030517578,18.18000030517578,18.399999618530273,17.899999618530273,17.979999542236328,317500
2023-07-14,17.75,17.75,18.139999389648438,17.639999389648438,18.139999389648438,240800
2023-07-17,17.5,17.5,17.6299991607666,17.389999389648438,17.6200008392334,315700
2023-07-18,17.399999618530273,17.399999618530273,17.510000228881836,17.18000030517578,17.440000534057617,354600
2023-07-19,17.34000015258789,17.34000015258789,17.5,17.219999313354492,17.43000030517578,304700
2023-07-20,16.610000610351562,16.610000610351562,17.25,16.489999771118164,17.15999984741211,488700
2023-07-21,16.729999542236328,16.729999542236328,16.885000228881836,16.61199951171875,16.700000762939453,363200
2023-07-24,16.94499969482422,16.94499969482422,16.969999313354492,16.6299991607666,16.780000686645508,309000
2023-07-25,17.25,17.25,17.290000915527344,17.040000915527344,17.149999618530273,331400
2023-07-26,17.360000610351562,17.360000610351562,17.450000762939453,17.15999984741211,17.18000030517578,319700
2023-07-27,17.25,17.25,17.600000381469727,17.09000015258789,17.530000686645508,322300
2023-07-28,17.440000534057617,17.440000534057617,17.579999923706055,17.350000381469727,17.389999389648438,218700
2023-07-31,18.479999542236328,18.479999542236328,18.639999389648438,17.950000762939453,18.040000915527344,652700
2023-08-01,18.639999389648438,18.639999389648438,18.825000762939453,18.219999313354492,18.43000030517578,418100
2023-08-02,18.31999969482422,18.31999969482422,18.450000762939453,18.06999969482422,18.31999969482422,421400
2023-08-03,18.280000686645508,18.280000686645508,18.450000762939453,17.950000762939453,18.229999542236328,550000
2023-08-04,16.489999771118164,16.489999771118164,17.610000610351562,15.65999984741211,17.600000381469727,1338500
2023-08-07,16.219999313354492,16.219999313354492,16.729999542236328,16.079999923706055,16.649999618530273,736500
2023-08-08,16.479999542236328,16.479999542236328,16.540000915527344,15.800000190734863,16.0,542100
2023-08-09,16.360000610351562,16.360000610351562,16.479999542236328,16.209999084472656,16.459999084472656,413800
2023-08-10,16.079999923706055,16.079999923706055,16.540000915527344,15.979999542236328,16.440000534057617,372800
2023-08-11,16.139999389648438,16.139999389648438,16.190000534057617,15.90999984741211,16.09000015258789,323100
2023-08-14,15.760000228881836,15.760000228881836,16.051000595092773,15.699999809265137,16.040000915527344,420200
2023-08-15,15.40999984741211,15.40999984741211,15.699999809265137,15.302000045776367,15.609999656677246,376800
2023-08-16,15.079999923706055,15.079999923706055,15.34000015258789,15.050000190734863,15.300000190734863,404100
2023-08-17,14.850000381469727,14.850000381469727,15.130000114440918,14.779999732971191,15.100000381469727,361100
2023-08-18,15.0,15.0,15.069999694824219,14.579999923706055,14.640000343322754,366600
2023-08-21,15.0,15.0,15.154999732971191,14.970000267028809,15.0,265300
2023-08-22,14.920000076293945,14.920000076293945,15.119999885559082,14.84000015258789,15.100000381469727,244500
2023-08-23,14.960000038146973,14.960000038146973,15.039999961853027,14.779999732971191,14.949999809265137,259900
2023-08-24,14.630000114440918,14.630000114440918,15.010000228881836,14.619999885559082,14.979999542236328,303900
2023-08-25,14.710000038146973,14.710000038146973,14.864999771118164,14.579999923706055,14.600000381469727,251800
2023-08-28,14.859999656677246,14.859999656677246,14.9399995803833,14.760000228881836,14.770000457763672,238500
2023-08-29,15.050000190734863,15.050000190734863,15.104999542236328,14.5600004196167,14.760000228881836,375100
2023-08-30,15.210000038146973,15.210000038146973,15.319999694824219,14.930000305175781,14.979999542236328,376400
2023-08-31,15.720000267028809,15.720000267028809,15.744999885559082,15.239999771118164,15.239999771118164,518000
2023-09-01,15.960000038146973,15.960000038146973,16.040000915527344,15.75,15.84000015258789,320800
2023-09-05,15.760000228881836,15.760000228881836,16.059999465942383,15.729999542236328,15.800000190734863,527700
2023-09-06,15.6899995803833,15.6899995803833,15.758000373840332,15.392999649047852,15.739999771118164,249900
2023-09-07,15.390000343322754,15.390000343322754,15.449999809265137,15.0600004196167,15.449999809265137,276100
2023-09-08,15.220000267028809,15.220000267028809,15.510000228881836,15.140000343322754,15.420000076293945,197000
2023-09-11,15.460000038146973,15.460000038146973,15.539999961853027,15.279999732971191,15.34000015258789,310500
2023-09-12,15.289999961853027,15.289999961853027,15.564000129699707,15.25,15.369999885559082,172000
2023-09-13,15.029999732971191,15.029999732971191,15.300000190734863,14.960000038146973,15.300000190734863,291500
2023-09-14,15.109999656677246,15.109999656677246,15.260000228881836,14.944999694824219,15.109999656677246,271200
2023-09-15,15.199999809265137,15.199999809265137,15.220000267028809,14.899999618530273,15.109999656677246,733500
2023-09-18,14.920000076293945,14.920000076293945,15.140000343322754,14.789999961853027,15.140000343322754,260300
2023-09-19,14.899999618530273,14.899999618530273,14.989999771118164,14.710000038146973,14.850000381469727,317600
2023-09-20,14.920000076293945,14.920000076293945,15.199999809265137,14.819999694824219,14.989999771118164,311200
2023-09-21,14.6899995803833,14.6899995803833,14.789999961853027,14.529999732971191,14.75,281400
2023-09-22,14.59000015258789,14.59000015258789,14.869999885559082,14.515000343322754,14.729999542236328,195600
2023-09-25,14.619999885559082,14.619999885559082,14.71500015258789,14.180000305175781,14.449999809265137,250700
2023-09-26,14.3100004196167,14.3100004196167,14.5,14.274999618530273,14.470000267028809,298300
2023-09-27,14.369999885559082,14.369999885559082,14.619999885559082,14.229999542236328,14.420000076293945,225600
2023-09-28,14.470000267028809,14.470000267028809,14.600000381469727,14.279999732971191,14.369999885559082,275400
2023-09-29,14.529999732971191,14.529999732971191,14.739999771118164,14.460000038146973,14.59000015258789,321600
2023-10-02,14.279999732971191,14.279999732971191,14.640000343322754,14.154999732971191,14.5,348300
2023-10-03,14.09000015258789,14.09000015258789,14.279999732971191,14.0,14.15999984741211,262000
2023-10-04,14.289999961853027,14.289999961853027,14.359999656677246,14.039999961853027,14.09000015258789,255900
2023-10-05,14.149999618530273,14.149999618530273,14.399999618530273,14.09000015258789,14.289999961853027,310600
2023-10-06,14.229999542236328,14.229999542236328,14.319999694824219,13.984999656677246,14.0600004196167,251100
2023-10-09,14.020000457763672,14.020000457763672,14.170000076293945,13.880000114440918,14.100000381469727,342400
2023-10-10,13.989999771118164,13.989999771118164,14.390000343322754,13.949999809265137,14.069999694824219,451400
2023-10-11,13.9399995803833,13.9399995803833,14.229999542236328,13.925000190734863,14.0,286600
2023-10-12,13.729999542236328,13.729999542236328,14.074999809265137,13.569999694824219,13.899999618530273,374600
2023-10-13,13.529999732971191,13.529999732971191,13.89900016784668,13.414999961853027,13.720000267028809,362400
2023-10-16,13.470000267028809,13.470000267028809,13.604999542236328,13.279999732971191,13.550000190734863,370600
2023-10-17,13.600000381469727,13.600000381469727,13.762999534606934,13.20300006866455,13.319999694824219,384300
2023-10-18,13.329999923706055,13.329999923706055,13.510000228881836,13.310999870300293,13.479999542236328,320300
2023-10-19,13.079999923706055,13.079999923706055,13.383000373840332,13.024999618530273,13.289999961853027,273000
2023-10-20,12.979999542236328,12.979999542236328,13.199000358581543,12.949999809265137,13.0600004196167,361500
2023-10-23,12.649999618530273,12.649999618530273,12.979999542236328,12.640000343322754,12.949999809265137,321200
2023-10-24,13.369999885559082,13.369999885559082,13.430000305175781,12.850000381469727,12.920000076293945,795200
2023-10-25,13.109999656677246,13.109999656677246,13.420000076293945,13.09000015258789,13.220000267028809,320900
2023-10-26,12.829999923706055,12.829999923706055,13.15999984741211,12.760000228881836,13.09000015258789,268600
2023-10-27,12.710000038146973,12.710000038146973,13.020000457763672,12.670000076293945,12.880000114440918,294100
2023-10-30,12.720000267028809,12.720000267028809,12.949999809265137,12.619999885559082,12.779999732971191,258800
2023-10-31,12.789999961853027,12.789999961853027,12.859999656677246,12.619999885559082,12.670000076293945,390400
2023-11-01,12.550000190734863,12.550000190734863,12.739999771118164,12.335000038146973,12.739999771118164,523300
2023-11-02,12.5,12.5,12.850000381469727,12.40999984741211,12.640000343322754,857200
2023-11-03,13.100000381469727,13.100000381469727,13.289999961853027,12.630000114440918,12.630000114440918,521500
2023-11-06,12.949999809265137,12.949999809265137,13.15999984741211,12.800000190734863,13.069999694824219,512400
2023-11-07,12.739999771118164,12.739999771118164,13.097000122070312,12.5,12.9399995803833,564200
2023-11-08,12.100000381469727,12.100000381469727,12.369999885559082,11.451000213623047,12.369999885559082,1333700
2023-11-09,12.119999885559082,12.119999885559082,12.420000076293945,12.050000190734863,12.199999809265137,961400
2023-11-10,12.289999961853027,12.289999961853027,12.4399995803833,12.050000190734863,12.229999542236328,427700
2023-11-13,12.220000267028809,12.220000267028809,12.28499984741211,12.029999732971191,12.170000076293945,417200
2023-11-14,13.119999885559082,13.119999885559082,13.119999885559082,12.479999542236328,12.479999542236328,566600
2023-11-15,13.130000114440918,13.130000114440918,13.40999984741211,13.010000228881836,13.180000305175781,435800
2023-11-16,12.970000267028809,12.970000267028809,13.079999923706055,12.699999809265137,13.039999961853027,285800
2023-11-17,13.069999694824219,13.069999694824219,13.09000015258789,12.835000038146973,12.979999542236328,341100
2023-11-20,13.130000114440918,13.130000114440918,13.300000190734863,13.079999923706055,13.079999923706055,326400
2023-11-21,12.510000228881836,12.510000228881836,12.989999771118164,12.449999809265137,12.989999771118164,648600
2023-11-22,12.555000305175781,12.555000305175781,12.859999656677246,12.539999961853027,12.569999694824219,275300
2023-11-24,12.739999771118164,12.739999771118164,12.739999771118164,12.399999618530273,12.489999771118164,154200
2023-11-27,12.699999809265137,12.699999809265137,12.779999732971191,12.5,12.649999618530273,264600
2023-11-28,12.520000457763672,12.520000457763672,12.779999732971191,12.510000228881836,12.649999618530273,459300
2023-11-29,12.619999885559082,12.619999885559082,12.970000267028809,12.569999694824219,12.59000015258789,335800
2023-11-30,12.90999984741211,12.90999984741211,12.920000076293945,12.529999732971191,12.630000114440918,401000
2023-12-01,13.100000381469727,13.100000381469727,13.140000343322754,12.649999618530273,12.800000190734863,420000
2023-12-04,13.079999923706055,13.079999923706055,13.180000305175781,12.86400032043457,12.949999809265137,356200
2023-12-05,12.90999984741211,12.90999984741211,13.045000076293945,12.770000457763672,13.0,286900
2023-12-06,12.850000381469727,12.850000381469727,13.199999809265137,12.845000267028809,12.960000038146973,303400
2023-12-07,13.279999732971191,13.279999732971191,13.289999961853027,12.779999732971191,12.779999732971191,351700
2023-12-08,13.729999542236328,13.729999542236328,13.914999961853027,13.3100004196167,13.359999656677246,616600
2023-12-11,13.949999809265137,13.949999809265137,13.960000038146973,13.59000015258789,13.699999809265137,540900
2023-12-12,14.109999656677246,14.109999656677246,14.3100004196167,13.890000343322754,13.979999542236328,575600
2023-12-13,14.34000015258789,14.34000015258789,14.395000457763672,13.649999618530273,14.0600004196167,473500
2023-12-14,14.800000190734863,14.800000190734863,14.864999771118164,14.510000228881836,14.529999732971191,521200
2023-12-15,14.630000114440918,14.630000114440918,15.069999694824219,14.614999771118164,14.880000114440918,1325700
2023-12-18,14.800000190734863,14.800000190734863,14.859999656677246,14.390000343322754,14.579999923706055,479200
2023-12-19,14.789999961853027,14.789999961853027,14.989999771118164,14.630000114440918,14.880000114440918,417800
2023-12-20,14.239999771118164,14.239999771118164,14.800000190734863,14.239999771118164,14.720000267028809,357100
2023-12-21,14.550000190734863,14.550000190734863,14.5600004196167,14.15999984741211,14.40999984741211,514800
2023-12-22,14.369999885559082,14.369999885559082,14.708000183105469,14.28499984741211,14.550000190734863,351800
2023-12-26,14.520000457763672,14.520000457763672,14.65999984741211,14.350000381469727,14.399999618530273,322100
2023-12-27,14.34000015258789,14.34000015258789,14.59000015258789,14.300000190734863,14.520000457763672,357100
2023-12-28,14.380000114440918,14.380000114440918,14.380000114440918,14.170000076293945,14.300000190734863,453100
2023-12-29,14.100000381469727,14.100000381469727,14.449999809265137,14.069999694824219,14.34000015258789,371400
2024-01-02,13.84000015258789,13.84000015258789,14.039999961853027,13.670000076293945,14.020000457763672,479500
2024-01-03,13.479999542236328,13.479999542236328,13.699999809265137,13.449999809265137,13.699999809265137,331400
2024-01-04,13.569999694824219,13.569999694824219,13.609999656677246,13.220000267028809,13.460000038146973,306600
2024-01-05,13.59000015258789,13.59000015258789,13.739999771118164,13.449999809265137,13.449999809265137,265200
2024-01-08,13.979999542236328,13.979999542236328,14.010000228881836,13.550000190734863,13.609999656677246,331900
2024-01-09,13.420000076293945,13.420000076293945,13.810999870300293,13.395000457763672,13.760000228881836,493300
2024-01-10,13.789999961853027,13.789999961853027,13.829999923706055,13.449999809265137,13.460000038146973,362900
2024-01-11,13.770000457763672,13.770000457763672,13.8100004196167,13.484999656677246,13.770000457763672,504600
2024-01-12,13.5600004196167,13.5600004196167,13.9399995803833,13.489999771118164,13.9399995803833,257000
2024-01-16,13.289999961853027,13.289999961853027,13.479999542236328,13.199999809265137,13.390000343322754,338200
2024-01-17,12.970000267028809,12.970000267028809,13.109999656677246,12.789999961853027,13.0600004196167,413400
2024-01-18,13.239999771118164,13.239999771118164,13.260000228881836,12.972000122070312,13.149999618530273,252100
2024-01-19,13.510000228881836,13.510000228881836,13.510000228881836,13.119999885559082,13.3100004196167,316100
2024-01-22,13.760000228881836,13.760000228881836,13.970999717712402,13.527000427246094,13.529999732971191,384400
2024-01-23,13.720000267028809,13.720000267028809,14.095000267028809,13.699999809265137,13.850000381469727,347100
2024-01-24,13.550000190734863,13.550000190734863,13.880000114440918,13.550000190734863,13.869999885559082,760500
2024-01-25,13.619999885559082,13.619999885559082,13.793000221252441,13.550000190734863,13.729999542236328,227700
2024-01-26,13.460000038146973,13.460000038146973,13.829999923706055,13.449999809265137,13.670000076293945,258400
2024-01-29,13.40999984741211,13.40999984741211,13.4399995803833,13.270000457763672,13.399999618530273,296800
2024-01-30,13.069999694824219,13.069999694824219,13.390000343322754,13.069999694824219,13.3100004196167,264500
2024-01-31,12.729999542236328,12.729999542236328,13.140000343322754,12.720000267028809,13.050000190734863,384600
2024-02-01,12.850000381469727,12.850000381469727,12.949999809265137,12.609999656677246,12.789999961853027,310500
2024-02-02,12.699999809265137,12.699999809265137,12.789999961853027,12.539999961853027,12.680000305175781,296200
2024-02-05,12.40999984741211,12.40999984741211,12.604999542236328,12.260000228881836,12.550000190734863,342000
2024-02-06,12.760000228881836,12.760000228881836,12.852999687194824,12.390000343322754,12.390000343322754,371900
2024-02-07,12.8100004196167,12.8100004196167,12.88700008392334,12.6899995803833,12.760000228881836,260700
2024-02-08,12.989999771118164,12.989999771118164,13.149999618530273,12.760000228881836,12.800000190734863,288500
2024-02-09,13.239999771118164,13.239999771118164,13.260000228881836,12.970000267028809,13.09000015258789,343400
2024-02-12,13.529999732971191,13.529999732971191,13.600000381469727,13.199999809265137,13.199999809265137,357300
2024-02-13,12.819999694824219,12.819999694824219,13.199999809265137,12.5,13.119999885559082,655200
2024-02-14,13.739999771118164,13.739999771118164,13.899999618530273,12.220000267028809,12.449999809265137,1438800
2024-02-15,13.930000305175781,13.930000305175781,14.125,13.520000457763672,13.520000457763672,689100
2024-02-16,13.539999961853027,13.539999961853027,13.829999923706055,13.489999771118164,13.770000457763672,543600
2024-02-20,13.529999732971191,13.529999732971191,13.539999961853027,13.09000015258789,13.369999885559082,676000
2024-02-21,13.399999618530273,13.399999618530273,13.5,13.15999984741211,13.4399995803833,431000
2024-02-22,13.069999694824219,13.069999694824219,13.529999732971191,13.050000190734863,13.5,383800
2024-02-23,12.850000381469727,12.850000381469727,13.09000015258789,12.800000190734863,13.0600004196167,291900
2024-02-26,12.869999885559082,12.869999885559082,12.970000267028809,12.699999809265137,12.869999885559082,287000
2024-02-27,13.039999961853027,13.039999961853027,13.3100004196167,12.864999771118164,12.979999542236328,302600
2024-02-28,12.789999961853027,12.789999961853027,13.0600004196167,12.770000457763672,12.90999984741211,226800
2024-02-29,12.949999809265137,12.949999809265137,13.149999618530273,12.789999961853027,13.0,353900
2024-03-01,13.050000190734863,13.050000190734863,13.180000305175781,12.779999732971191,13.050000190734863,274000
2024-03-04,12.579999923706055,12.579999923706055,13.029999732971191,12.5600004196167,13.029999732971191,278600
2024-03-05,12.380000114440918,12.380000114440918,12.579999923706055,12.232000350952148,12.5,395500
2024-03-06,12.470000267028809,12.470000267028809,12.630000114440918,12.359999656677246,12.510000228881836,278600
2024-03-07,12.65999984741211,12.65999984741211,12.800000190734863,12.510000228881836,12.59000015258789,256600
2024-03-08,12.40999984741211,12.40999984741211,12.899999618530273,12.395000457763672,12.760000228881836,227100
2024-03-11,12.649999618530273,12.649999618530273,12.727999687194824,12.300000190734863,12.34000015258789,228900
2024-03-12,12.729999542236328,12.729999542236328,12.8100004196167,12.430000305175781,12.699999809265137,519500
2024-03-13,12.630000114440918,12.630000114440918,12.890000343322754,12.595000267028809,12.680000305175781,306000
2024-03-14,12.3100004196167,12.3100004196167,12.609999656677246,12.25,12.609999656677246,348100
2024-03-15,12.220000267028809,12.220000267028809,12.359999656677246,12.0,12.220000267028809,498900
2024-03-18,12.15999984741211,12.15999984741211,12.25,11.989999771118164,12.199999809265137,285400
2024-03-19,12.100000381469727,12.100000381469727,12.1899995803833,11.850000381469727,12.020000457763672,332400
2024-03-20,12.289999961853027,12.289999961853027,12.420000076293945,12.010000228881836,12.020000457763672,319400
2024-03-21,12.220000267028809,12.220000267028809,12.428999900817871,12.220000267028809,12.350000381469727,255800
2024-03-22,12.029999732971191,12.029999732971191,12.25,12.015000343322754,12.210000038146973,220400
2024-03-25,12.130000114440918,12.130000114440918,12.149999618530273,11.989999771118164,12.0,201900
2024-03-26,12.010000228881836,12.010000228881836,12.420000076293945,11.989999771118164,12.180000305175781,346400
2024-03-27,12.289999961853027,12.289999961853027,12.289999961853027,12.010000228881836,12.010000228881836,258300
2024-03-28,12.34000015258789,12.34000015258789,12.489999771118164,12.220000267028809,12.289999961853027,392900
2024-04-01,12.210000038146973,12.210000038146973,12.470000267028809,12.149999618530273,12.380000114440918,253300
2024-04-02,12.029999732971191,12.029999732971191,12.119999885559082,11.859999656677246,12.100000381469727,405300
2024-04-03,12.09000015258789,12.09000015258789,12.170000076293945,11.800000190734863,11.949999809265137,307100
2024-04-04,11.770000457763672,11.770000457763672,12.40999984741211,11.729999542236328,12.1899995803833,252900
2024-04-05,11.84000015258789,11.84000015258789,11.859999656677246,11.600000381469727,11.729999542236328,227400
2024-04-08,11.960000038146973,11.960000038146973,12.039999961853027,11.732000350952148,11.859999656677246,198700
2024-04-09,12.100000381469727,12.100000381469727,12.180000305175781,11.899999618530273,11.989999771118164,197300
2024-04-10,11.710000038146973,11.710000038146973,11.899999618530273,11.550000190734863,11.800000190734863,289000
2024-04-11,11.890000343322754,11.890000343322754,11.9399995803833,11.579999923706055,11.739999771118164,207300
2024-04-12,11.539999961853027,11.539999961853027,11.8100004196167,11.5,11.770000457763672,259200
2024-04-15,11.1899995803833,11.1899995803833,11.5600004196167,11.119999885559082,11.529999732971191,403800
2024-04-16,10.949999809265137,10.949999809265137,11.149999618530273,10.920000076293945,11.109999656677246,268200
2024-04-17,10.920000076293945,10.920000076293945,11.170000076293945,10.90999984741211,11.050000190734863,277200
2024-04-18,10.760000228881836,10.760000228881836,11.100000381469727,10.720000267028809,10.899999618530273,382800
2024-04-19,10.720000267028809,10.720000267028809,10.859999656677246,10.680000305175781,10.699999809265137,277100
2024-04-22,10.949999809265137,10.949999809265137,10.970000267028809,10.59000015258789,10.75,310100
2024-04-23,11.010000228881836,11.010000228881836,11.270000457763672,10.925000190734863,10.9399995803833,255100
2024-04-24,10.9399995803833,10.9399995803833,11.100000381469727,10.850000381469727,10.960000038146973,219500
2024-04-25,11.130000114440918,11.130000114440918,11.1899995803833,10.770000457763672,10.789999961853027,323300
2024-04-26,11.300000190734863,11.300000190734863,11.34000015258789,11.170000076293945,11.180000305175781,292200
2024-04-29,11.270000457763672,11.270000457763672,11.4399995803833,11.239999771118164,11.270000457763672,352800
2024-04-30,11.100000381469727,11.100000381469727,11.260000228881836,11.0,11.140000343322754,273900
2024-05-01,11.260000228881836,11.260000228881836,11.539999961853027,11.010000228881836,11.069999694824219,347300
2024-05-02,11.579999923706055,11.579999923706055,11.6899995803833,11.260000228881836,11.510000228881836,449900
2024-05-03,11.609999656677246,11.609999656677246,11.850000381469727,11.449999809265137,11.779999732971191,316200
2024-05-06,11.65999984741211,11.65999984741211,11.899999618530273,11.645000457763672,11.680000305175781,250800
2024-05-07,11.760000228881836,11.760000228881836,11.920000076293945,11.460000038146973,11.720000267028809,329600
2024-05-08,10.789999961853027,10.789999961853027,11.149999618530273,10.3100004196167,10.5,904000
2024-05-09,10.84000015258789,10.84000015258789,11.265000343322754,10.734999656677246,11.220000267028809,555300
2024-05-10,10.829999923706055,10.829999923706055,11.300999641418457,10.75,10.949999809265137,682100
2024-05-13,10.819999694824219,10.819999694824219,11.140000343322754,10.819999694824219,10.970000267028809,443600
2024-05-14,11.050000190734863,11.050000190734863,11.1899995803833,10.970000267028809,11.0,369600
2024-05-15,11.15999984741211,11.15999984741211,11.239999771118164,11.039999961853027,11.199999809265137,272800
2024-05-16,11.1899995803833,11.1899995803833,11.289999961853027,11.07800006866455,11.149999618530273,262600
2024-05-17,11.260000228881836,11.260000228881836,11.270000457763672,11.130999565124512,11.220000267028809,272800
2024-05-20,11.5,11.5,11.520000457763672,11.210000038146973,11.25,273700
2024-05-21,11.520000457763672,11.520000457763672,11.739999771118164,11.420000076293945,11.449999809265137,314600
2024-05-22,11.529999732971191,11.529999732971191,11.694999694824219,11.449999809265137,11.510000228881836,351000
2024-05-23,11.1899995803833,11.1899995803833,11.5600004196167,11.020000457763672,11.5600004196167,310900
2024-05-24,11.300000190734863,11.300000190734863,11.470000267028809,11.229999542236328,11.279999732971191,267300
2024-05-28,11.550000190734863,11.550000190734863,11.930000305175781,11.39799976348877,11.479999542236328,471200
2024-05-29,11.369999885559082,11.369999885559082,11.579999923706055,11.305000305175781,11.369999885559082,295700
2024-05-30,11.579999923706055,11.579999923706055,11.630000114440918,11.350000381469727,11.470000267028809,339700
2024-05-31,11.59000015258789,11.59000015258789,11.729999542236328,11.3100004196167,11.5600004196167,397400
2024-06-03,11.720000267028809,11.720000267028809,11.890000343322754,11.399999618530273,11.6899995803833,427500
2024-06-04,11.449999809265137,11.449999809265137,11.59000015258789,11.364999771118164,11.59000015258789,271900
2024-06-05,11.729999542236328,11.729999542236328,11.739999771118164,11.489999771118164,11.510000228881836,226500
2024-06-06,11.729999542236328,11.729999542236328,11.789999961853027,11.616999626159668,11.65999984741211,200100
2024-06-07,11.319999694824219,11.319999694824219,11.670000076293945,11.270000457763672,11.59000015258789,266800
2024-06-10,11.15999984741211,11.15999984741211,11.234000205993652,11.069999694824219,11.170000076293945,270600
2024-06-11,11.140000343322754,11.140000343322754,11.260000228881836,10.949999809265137,11.029999732971191,284700
2024-06-12,11.479999542236328,11.479999542236328,11.6899995803833,11.359999656677246,11.430000305175781,437800
2024-06-13,11.220000267028809,11.220000267028809,11.579999923706055,11.170000076293945,11.460000038146973,274700
2024-06-14,10.890000343322754,10.890000343322754,11.119999885559082,10.819999694824219,11.100000381469727,393700
2024-06-17,11.25,11.25,11.270000457763672,10.800000190734863,10.800000190734863,309000
2024-06-18,11.0,11.0,11.385000228881836,10.989999771118164,11.210000038146973,276800
2024-06-20,11.09000015258789,11.09000015258789,11.140000343322754,10.90999984741211,10.90999984741211,340100
2024-06-21,11.100000381469727,11.100000381469727,11.15999984741211,11.0,11.109999656677246,748900
2024-06-24,10.979999542236328,10.979999542236328,11.239999771118164,10.979999542236328,11.100000381469727,364500
2024-06-25,11.020000457763672,11.020000457763672,11.050000190734863,10.829999923706055,10.90999984741211,319500
2024-06-26,11.109999656677246,11.109999656677246,11.119999885559082,10.930000305175781,10.979999542236328,339300
2024-06-27,11.319999694824219,11.319999694824219,11.329999923706055,11.109999656677246,11.15999984741211,306000
2024-06-28,11.039999961853027,11.039999961853027,11.407999992370605,11.029999732971191,11.399999618530273,2397200
2024-07-01,10.479999542236328,10.479999542236328,11.114999771118164,10.454999923706055,11.0600004196167,399900
2024-07-02,10.319999694824219,10.319999694824219,10.585000038146973,10.300000190734863,10.510000228881836,373300
2024-07-03,10.369999885559082,10.369999885559082,10.420000076293945,10.279000282287598,10.359999656677246,173900
2024-07-05,10.069999694824219,10.069999694824219,10.329999923706055,10.045000076293945,10.329999923706055,503700
2024-07-08,10.25,10.25,10.329999923706055,10.09000015258789,10.109999656677246,409000
2024-07-09,10.0,10.0,10.229999542236328,9.930000305175781,10.229999542236328,448400
2024-07-10,9.869999885559082,9.869999885559082,10.079999923706055,9.795000076293945,10.029999732971191,319900
2024-07-11,10.0600004196167,10.0600004196167,10.25,9.970000267028809,10.050000190734863,452900
2024-07-12,10.3100004196167,10.3100004196167,10.34000015258789,10.100000381469727,10.1899995803833,332700
2024-07-15,10.279999732971191,10.279999732971191,10.359999656677246,10.149999618530273,10.329999923706055,409800
2024-07-16,10.489999771118164,10.489999771118164,10.5649995803833,10.369999885559082,10.390000343322754,462600
2024-07-17,10.239999771118164,10.239999771118164,10.449999809265137,10.100000381469727,10.329999923706055,365300
2024-07-18,9.720000267028809,9.720000267028809,10.37600040435791,9.680000305175781,10.149999618530273,518400
2024-07-19,8.569999694824219,8.569999694824219,8.850000381469727,8.119999885559082,8.84000015258789,2232200
2024-07-22,8.470000267028809,8.470000267028809,8.699999809265137,8.390000343322754,8.5600004196167,712000
2024-07-23,8.140000343322754,8.140000343322754,8.470000267028809,8.119999885559082,8.399999618530273,927100
2024-07-24,7.96999979019165,7.96999979019165,8.265000343322754,7.960000038146973,8.079999923706055,544500
2024-07-25,8.045000076293945,8.045000076293945,8.180000305175781,7.829999923706055,7.96999979019165,588200
2024-07-26,8.210000038146973,8.210000038146973,8.220000267028809,8.0,8.210000038146973,517700
2024-07-29,8.34000015258789,8.34000015258789,8.380000114440918,8.130000114440918,8.199999809265137,819600
2024-07-30,8.050000190734863,8.050000190734863,8.420000076293945,7.960000038146973,8.350000381469727,620000
2024-07-31,8.210000038146973,8.210000038146973,8.399999618530273,8.081999778747559,8.180000305175781,559900
2024-08-01,7.889999866485596,7.889999866485596,8.239999771118164,7.679999828338623,8.1899995803833,717200
2024-08-02,6.409999847412109,6.409999847412109,7.235000133514404,6.380000114440918,7.210000038146973,1330400
2024-08-05,6.025000095367432,6.025000095367432,6.179999828338623,5.619999885559082,5.989999771118164,1687300
2024-08-06,6.369999885559082,6.369999885559082,6.369999885559082,5.824999809265137,6.019999980926514,1201700
2024-08-07,6.039999961853027,6.039999961853027,6.559999942779541,6.014999866485596,6.559999942779541,826200
2024-08-08,6.449999809265137,6.449999809265137,6.46999979019165,6.081999778747559,6.110000133514404,683500
2024-08-09,6.159999847412109,6.159999847412109,6.46999979019165,6.110000133514404,6.46999979019165,774900
2024-08-12,6.090000152587891,6.090000152587891,6.239999771118164,5.980000019073486,6.179999828338623,681000
2024-08-13,6.690000057220459,6.690000057220459,6.71999979019165,6.119999885559082,6.179999828338623,970600
2024-08-14,6.199999809265137,6.199999809265137,6.690000057220459,6.139999866485596,6.679999828338623,646100
2024-08-15,6.550000190734863,6.550000190734863,6.599999904632568,6.309999942779541,6.360000133514404,609100
2024-08-16,6.550000190734863,6.550000190734863,6.599999904632568,6.449999809265137,6.489999771118164,543800
2024-08-19,6.550000190734863,6.550000190734863,6.579999923706055,6.420000076293945,6.53000020980835,670200
2024-08-20,6.380000114440918,6.380000114440918,6.53000020980835,6.28000020980835,6.510000228881836,476200
2024-08-21,6.599999904632568,6.599999904632568,6.659999847412109,6.409999847412109,6.434999942779541,595500
2024-08-22,6.460000038146973,6.460000038146973,6.690000057220459,6.440000057220459,6.630000114440918,555400
2024-08-23,6.789999961853027,6.789999961853027,6.820000171661377,6.53000020980835,6.53000020980835,533600
2024-08-26,6.820000171661377,6.820000171661377,6.829999923706055,6.630000114440918,6.820000171661377,489800
2024-08-27,6.869999885559082,6.869999885559082,6.885000228881836,6.679999828338623,6.730000019073486,408200
2024-08-28,6.769999980926514,6.769999980926514,6.824999809265137,6.559999942779541,6.809999942779541,588000
2024-08-29,7.090000152587891,7.090000152587891,7.235000133514404,6.789999961853027,7.03000020980835,688900
2024-08-30,6.96999979019165,6.96999979019165,7.204999923706055,6.940000057220459,7.139999866485596,514000
2024-09-03,6.420000076293945,6.420000076293945,6.900000095367432,6.349999904632568,6.829999923706055,643900
2024-09-04,6.179999828338623,6.179999828338623,6.389999866485596,6.150000095367432,6.349999904632568,509500
2024-09-05,6.110000133514404,6.110000133514404,6.260000228881836,6.039999961853027,6.179999828338623,389300
2024-09-06,6.03000020980835,6.03000020980835,6.139999866485596,5.960000038146973,6.099999904632568,430500
2024-09-09,6.070000171661377,6.070000171661377,6.21999979019165,5.994999885559082,6.03000020980835,433600
2024-09-10,5.710000038146973,5.710000038146973,6.085000038146973,5.619999885559082,6.070000171661377,816400
2024-09-11,5.809999942779541,5.809999942779541,5.849999904632568,5.59499979019165,5.71999979019165,622000
2024-09-12,5.829999923706055,5.829999923706055,5.889999866485596,5.646999835968018,5.809999942779541,467000
2024-09-13,6.275000095367432,6.275000095367432,6.300000190734863,5.900000095367432,5.909999847412109,483200
2024-09-16,6.519999980926514,6.519999980926514,6.534999847412109,6.175000190734863,6.300000190734863,543300
2024-09-17,6.570000171661377,6.570000171661377,6.789999961853027,6.505000114440918,6.670000076293945,567800
2024-09-18,6.400000095367432,6.400000095367432,6.78000020980835,6.380000114440918,6.599999904632568,408400
2024-09-19,6.53000020980835,6.53000020980835,6.659999847412109,6.5,6.659999847412109,344700
2024-09-20,6.659999847412109,6.659999847412109,6.71999979019165,6.445000171661377,6.519999980926514,977800
2024-09-23,6.510000228881836,6.510000228881836,6.679999828338623,6.420000076293945,6.679999828338623,402900
2024-09-24,6.480000019073486,6.480000019073486,6.625,6.420000076293945,6.610000133514404,368800
2024-09-25,6.369999885559082,6.369999885559082,6.440000057220459,6.320000171661377,6.429999828338623,313700
2024-09-26,6.670000076293945,6.670000076293945,6.718999862670898,6.449999809265137,6.5,411600
2024-09-27,7.019999980926514,7.019999980926514,7.059999942779541,6.739999771118164,6.789999961853027,571200
2024-09-30,6.960000038146973,6.960000038146973,7.090000152587891,6.909999847412109,6.949999809265137,535900
2024-10-01,6.760000228881836,6.760000228881836,6.945000171661377,6.704999923706055,6.880000114440918,385100
2024-10-02,6.920000076293945,6.920000076293945,6.974999904632568,6.789999961853027,6.900000095367432,494800
2024-10-03,7.099999904632568,7.099999904632568,7.110000133514404,6.75,6.809999942779541,450200
2024-10-04,7.210000038146973,7.210000038146973,7.400000095367432,7.010000228881836,7.2779998779296875,473500
2024-10-07,7.150000095367432,7.150000095367432,7.269999980926514,7.099999904632568,7.179999828338623,503600
2024-10-08,7.079999923706055,7.079999923706055,7.269999980926514,7.070000171661377,7.139999866485596,416500
2024-10-09,6.820000171661377,6.820000171661377,7.070000171661377,6.809999942779541,7.070000171661377,292300
2024-10-10,6.690000057220459,6.690000057220459,6.71999979019165,6.510000228881836,6.710000038146973,705100
2024-10-11,6.940000057220459,6.940000057220459,7.079999923706055,6.610000133514404,6.650000095367432,403600
2024-10-14,6.809999942779541,6.809999942779541,6.940000057220459,6.744999885559082,6.929999828338623,286600
2024-10-15,6.71999979019165,6.71999979019165,6.820000171661377,6.610000133514404,6.78000020980835,327700
2024-10-16,6.659999847412109,6.659999847412109,6.885000228881836,6.639999866485596,6.760000228881836,303300
2024-10-17,6.75,6.75,6.769999980926514,6.564000129699707,6.659999847412109,284000
2024-10-18,6.670000076293945,6.670000076293945,6.840000152587891,6.599999904632568,6.820000171661377,325400
2024-10-21,6.53000020980835,6.53000020980835,6.664999961853027,6.409999847412109,6.650000095367432,363000
2024-10-22,6.554999828338623,6.554999828338623,6.619999885559082,6.429999828338623,6.489999771118164,271300
2024-10-23,6.300000190734863,6.300000190734863,6.510000228881836,6.210000038146973,6.5,346000
2024-10-24,6.320000171661377,6.320000171661377,6.440000057220459,6.269999980926514,6.300000190734863,348900
2024-10-25,6.300000190734863,6.300000190734863,6.480000019073486,6.28000020980835,6.349999904632568,293800
2024-10-28,6.630000114440918,6.630000114440918,6.670000076293945,6.349999904632568,6.409999847412109,347300
2024-10-29,6.739999771118164,6.739999771118164,6.789999961853027,6.449999809265137,6.559999942779541,345900
2024-10-30,6.599999904632568,6.599999904632568,6.800000190734863,6.599999904632568,6.639999866485596,248600
2024-10-31,6.414999961853027,6.414999961853027,6.579999923706055,6.364999771118164,6.579999923706055,312700
2024-11-01,6.710000038146973,6.710000038146973,6.769999980926514,6.480000019073486,6.519999980926514,375800
2024-11-04,6.699999809265137,6.699999809265137,6.945000171661377,6.664999961853027,6.699999809265137,387700
2024-11-05,6.880000114440918,6.880000114440918,6.90500020980835,6.675000190734863,6.679999828338623,511100
2024-11-06,7.119999885559082,7.119999885559082,7.28000020980835,6.949999809265137,7.050000190734863,710500
2024-11-07,6.849999904632568,6.849999904632568,7.175000190734863,6.0,6.179999828338623,1260500
2024-11-08,6.539999961853027,6.539999961853027,6.929999828338623,6.28000020980835,6.869999885559082,874300
2024-11-11,7.050000190734863,7.050000190734863,7.15500020980835,6.373000144958496,6.550000190734863,1077500
2024-11-12,7.090000152587891,7.090000152587891,7.199999809265137,6.840000152587891,6.96999979019165,806100
2024-11-13,6.900000095367432,6.900000095367432,7.110000133514404,6.869999885559082,7.079999923706055,463800
2024-11-14,6.889999866485596,6.889999866485596,6.934999942779541,6.660999774932861,6.900000095367432,707200
2024-11-15,6.699999809265137,6.699999809265137,6.909999847412109,6.630000114440918,6.900000095367432,457400
2024-11-18,6.590000152587891,6.590000152587891,6.791999816894531,6.425000190734863,6.739999771118164,426900
2024-11-19,6.590000152587891,6.590000152587891,6.644999980926514,6.429999828338623,6.46999979019165,331000
2024-11-20,6.75,6.75,6.769999980926514,6.539999961853027,6.559999942779541,317000
2024-11-21,7.21999979019165,7.21999979019165,7.238999843597412,6.770999908447266,6.820000171661377,430200
2024-11-22,7.380000114440918,7.380000114440918,7.583000183105469,7.210000038146973,7.25,617400
2024-11-25,7.635000228881836,7.635000228881836,7.840000152587891,7.381999969482422,7.46999979019165,599500
2024-11-26,7.309999942779541,7.309999942779541,7.480000019073486,7.239999771118164,7.429999828338623,471900
2024-11-27,7.309999942779541,7.309999942779541,7.535999774932861,7.260000228881836,7.329999923706055,322100
2024-11-29,7.349999904632568,7.349999904632568,7.410999774932861,7.289999961853027,7.340000152587891,232300
2024-12-02,7.989999771118164,7.989999771118164,8.024999618530273,7.380000114440918,7.380000114440918,651400
2024-12-03,7.840000152587891,7.840000152587891,7.960000038146973,7.650000095367432,7.929999828338623,667100
2024-12-04,7.75,7.75,8.09000015258789,7.75,7.860000133514404,435500
2024-12-05,7.590000152587891,7.590000152587891,7.769999980926514,7.474999904632568,7.760000228881836,494200
2024-12-06,7.480000019073486,7.480000019073486,7.739999771118164,7.440000057220459,7.650000095367432,328500
2024-12-09,8.050000190734863,8.050000190734863,8.211000442504883,7.480000019073486,7.510000228881836,538600
2024-12-10,7.960000038146973,7.960000038146973,8.0600004196167,7.73199987411499,8.039999961853027,427400
2024-12-11,7.650000095367432,7.650000095367432,7.96999979019165,7.550000190734863,7.960000038146973,537200
2024-12-12,7.675000190734863,7.675000190734863,7.869999885559082,7.579999923706055,7.590000152587891,368500
2024-12-13,7.260000228881836,7.260000228881836,7.818999767303467,7.239999771118164,7.679999828338623,392500
2024-12-16,7.125,7.125,7.215000152587891,6.994999885559082,7.199999809265137,459200
2024-12-17,7.039999961853027,7.039999961853027,7.159999847412109,6.900000095367432,7.050000190734863,441900
2024-12-18,6.599999904632568,6.599999904632568,7.210000038146973,6.489999771118164,7.090000152587891,716700
2024-12-19,6.46999979019165,6.46999979019165,6.788000106811523,6.375,6.670000076293945,788100
2024-12-20,6.269999980926514,6.269999980926514,6.590000152587891,6.260000228881836,6.360000133514404,1292500
