Date,Close,High,Low,Open,Volume
2014-12-03,8.226912498474121,8.29510542101346,8.212300459323446,8.290234431614492,42100
2014-12-04,8.256141662597656,8.299979655280564,8.158723694625284,8.20743267861147,44000
2014-12-05,8.450974464416504,8.450974464416504,8.256139508355867,8.256139508355867,62600
2014-12-08,8.621456146240234,8.718873168186631,8.524038195247405,8.65068115991951,36700
2014-12-09,8.270752906799316,8.645810839424382,8.236656900023675,8.645810839424382,57500
2014-12-10,7.846985816955566,8.134367732160706,7.837243836666421,8.134367732160706,59100
2014-12-11,7.924920082092285,7.9833701078062935,7.895694140188874,7.905436120823344,23500
2014-12-12,7.905436038970947,8.017466027968183,7.890823997216941,8.017466027968183,30800
2014-12-15,7.80314826965332,8.04669221617898,7.798277279237236,8.002854231480647,28300
2014-12-16,7.71547269821167,7.885953655382125,7.710601707544345,7.80314867213056,37000
2014-12-17,7.798278331756592,7.798278331756592,7.647280860140615,7.734956841370749,57500
2014-12-18,7.934662818908691,7.944403871425086,7.84211585215421,7.944403871425086,23000
2014-12-19,7.934662818908691,7.934662818908691,7.934662818908691,7.934662818908691,0
2014-12-22,7.9785003662109375,9.254671228622527,7.9785003662109375,8.767583269221342,13300
2014-12-23,8.07104778289795,8.144110795020541,7.9395338036493195,8.041822763858233,61200
2014-12-24,7.9785003662109375,8.100272356061234,7.827503358929605,7.968759313098294,87500
2014-12-26,7.866469383239746,7.983370367517131,7.798277374672881,7.949274363233699,137700
2014-12-29,7.744699478149414,7.822633488494446,7.59857344101415,7.59857344101415,162500
2014-12-30,7.769049167633057,7.769049167633057,7.691115205487402,7.691115205487402,102800
2014-12-31,7.510895252227783,7.75443919564756,7.510895252227783,7.691117714615633,184300
2015-01-02,7.481671333312988,7.642410332295568,7.393995811291866,7.583959829440385,199500
2015-01-05,7.413479804992676,7.457317801178654,7.3306748043132375,7.398866829915127,196900
2015-01-06,7.408608913421631,7.5011554342134605,7.345287414133183,7.5011554342134605,128700
2015-01-07,7.506026268005371,7.549864263861202,7.437834242917042,7.501155276349539,136800
2015-01-08,7.574216365814209,7.62292487342126,7.549861879749091,7.549861879749091,137400
2015-01-09,7.506026268005371,7.627798272261197,7.506026268005371,7.627798272261197,81100
2015-01-12,7.437833786010742,7.525509307813162,7.418349820584313,7.525509307813162,120800
2015-01-13,7.38425350189209,7.559605467223778,7.330673992775898,7.515767475890856,177200
2015-01-14,7.325801372528076,7.369639354112411,7.252738379569639,7.325801372528076,169900
2015-01-15,7.306317329406738,7.384251306596706,7.291704824814405,7.384251306596706,238700
2015-01-16,7.471927642822266,7.476798632774905,7.345284691192662,7.345284691192662,159000
2015-01-20,7.447575569152832,7.510897065471522,7.389125064364038,7.510897065471522,170300
2015-01-21,7.471927642822266,7.501152653491762,7.408606167007464,7.462185662916987,111200
2015-01-22,7.5937018394470215,7.618056331854964,7.4816713601798055,7.501154861201499,203800
2015-01-23,7.549862861633301,7.598571840098297,7.549862861633301,7.593700849347148,152200
2015-01-26,7.574216365814209,7.579087355931869,7.5206364035663125,7.54011989951377,96600
2015-01-27,7.481671333312988,7.5011548342647165,7.4280918218265635,7.5011548342647165,95000
2015-01-28,7.442703723907471,7.544992211685688,7.42809121551723,7.544992211685688,91000
2015-01-29,7.506026268005371,7.52550977010537,7.408608757505377,7.442704770049542,89800
2015-01-30,7.413479804992676,7.510897316226329,7.40860881330016,7.423221323854373,56300
2015-02-02,7.447575569152832,7.452446560682728,7.3696415627677725,7.452446560682728,78300
2015-02-03,7.506026268005371,7.544993272205369,7.4816717742495396,7.486542765905373,106500
2015-02-04,7.496282577514648,7.544991086391934,7.4865405970252725,7.506024093480827,68800
2015-02-05,7.579086780548096,7.593699285268551,7.506023327899522,7.506023327899522,60700
2015-02-06,7.574216365814209,7.618054347826784,7.559603859984413,7.598570851879327,83400
2015-02-09,7.540122985839844,7.583960985796207,7.535252458251762,7.574219466096667,100400
2015-02-10,7.5937018394470215,7.613185340468715,7.549863846017385,7.549863846017385,61400
2015-02-11,7.618055820465088,7.62292634700108,7.554734330264445,7.5937013296920295,59100
2015-02-12,7.642408847808838,7.657021819076641,7.6131838343196625,7.618054824742263,90300
2015-02-13,7.632668495178223,7.657022986481145,7.603443012710059,7.627797504012982,83100
2015-02-17,7.618055820465088,7.657022819892672,7.5937013296920295,7.632668329119613,104300
2015-02-18,7.603443145751953,7.62779763748102,7.564476144794763,7.62779763748102,91100
2015-02-19,7.574216365814209,7.62292487342126,7.5547328698667515,7.598570851879327,83300
2015-02-20,7.588827610015869,7.603440113416365,7.520635153275042,7.520635153275042,89600
2015-02-23,7.59857177734375,7.59857177734375,7.554733789991948,7.554733789991948,114500
2015-02-24,7.657022476196289,7.657022476196289,7.54012101863755,7.54012101863755,180000
2015-02-25,7.657022476196289,7.671634984194911,7.647280494515038,7.657022476196289,80900
2015-02-26,7.661890983581543,7.676503952252856,7.622923996170971,7.6472784794333615,73600
2015-02-27,7.632668495178223,7.681377477784068,7.627797504012982,7.642410012985421,102800
2015-03-02,7.6813764572143555,7.6862469832092,7.637538471598193,7.6667634856601525,98800
2015-03-03,7.67163610458374,7.681378087687739,7.627798109662388,7.681378087687739,54300
2015-03-04,7.666767597198486,7.671638590328772,7.6034460800751775,7.671638590328772,76200
2015-03-05,7.67163610458374,7.686248614716417,7.652152602899064,7.666765113031741,60900
2015-03-06,7.588827610015869,7.661890591541456,7.564473127999637,7.652149077448828,94800
2015-03-09,7.6277971267700195,7.6375391086187,7.593701119346163,7.593701119346163,61400
2015-03-10,7.525506973266602,7.603440952702599,7.501152488562063,7.55473244781668,81100
2015-03-11,7.5086565017700195,7.578043598443915,7.498744329479993,7.578043598443915,83100
2015-03-12,7.6028242111206055,7.672210830323585,7.498743809655244,7.508655981258144,69100
2015-03-13,7.558218002319336,7.602823954680076,7.50369987869003,7.5631743242840574,82500
2015-03-16,7.6623005867004395,7.6623005867004395,7.543351661570481,7.607782447514462,64400
2015-03-17,7.583000659942627,7.597869156157183,7.5433510215964965,7.592912833198674,56600
2015-03-18,7.637518882751465,7.64743152878302,7.5086573203071145,7.5086573203071145,73000
2015-03-19,7.627606391906738,7.642474887674241,7.563175613366283,7.617693746287764,59400
2015-03-20,7.627606391906738,7.672211879209245,7.602825250520262,7.602825250520262,82300
2015-03-23,7.6028242111206055,7.657342336588788,7.582999395253913,7.582999395253913,70600
2015-03-24,7.558218002319336,7.63256094114665,7.558218002319336,7.592911310750632,52900
2015-03-25,7.473965167999268,7.583001928015362,7.459096669298317,7.583001928015362,61600
2015-03-26,7.493788242340088,7.503700887602339,7.434313788749406,7.449182283981841,33300
2015-03-27,7.523524284362793,7.533436455091813,7.493786826854029,7.493786826854029,77400
2015-03-30,7.617694854736328,7.6226511782670086,7.533439245358875,7.533439245358875,88800
2015-03-31,7.518568992614746,7.612736754414039,7.518568992614746,7.612736754414039,140000
2015-04-01,7.48883056640625,7.558217652720279,7.449180937844193,7.558217652720279,101000
2015-04-02,7.47892427444458,7.50866128291063,7.424405637821443,7.424405637821443,132400
2015-04-06,7.5086565017700195,7.528481319011,7.414488738040594,7.414488738040594,87700
2015-04-07,7.523524284362793,7.573086083329597,7.513611640972921,7.533436455091813,96300
2015-04-08,7.528481960296631,7.568132070816965,7.508657141366947,7.5185697871622725,66800
2015-04-09,7.533438682556152,7.553263502536788,7.5037016889156956,7.523526508896331,71400
2015-04-10,7.533438682556152,7.548307179376381,7.508657539415111,7.533438682556152,105400
2015-04-13,7.533438682556152,7.5631761488576,7.518570185735924,7.533438682556152,119400
2015-04-14,7.528481960296631,7.5582194250216395,7.508657141366947,7.543350928989619,112400
2015-04-15,7.583000659942627,7.592912833198674,7.538394698637987,7.538394698637987,102000
2015-04-16,7.583000659942627,7.597869156157183,7.548306871894033,7.583000659942627,78300
2015-04-17,7.498747825622559,7.5334411538041195,7.464054497440998,7.513616327320206,87700
2015-04-20,7.553262710571289,7.573087528473277,7.498744579506059,7.498744579506059,131700
2015-04-21,7.533438682556152,7.573088322517422,7.523526508896331,7.568132472018007,125400
2015-04-22,7.558218002319336,7.573086495552623,7.518568371923318,7.5383931871213266,60900
2015-04-23,7.573089122772217,7.597870268531904,7.523527303913886,7.548307977012531,65600
2015-04-24,7.563176155090332,7.597869471919785,7.55326350876135,7.597869471919785,83500
2015-04-27,7.543351650238037,7.597869789342111,7.538395326866482,7.583001291888457,83800
2015-04-28,7.543351650238037,7.583001291888457,7.503702008587617,7.5185705060412715,49600
2015-04-29,7.523524284362793,7.587955048414406,7.513611640972921,7.538392776786749,55400
2015-04-30,7.449181079864502,7.528480338500475,7.439268908865437,7.518568167501411,106400
2015-05-01,7.513613700866699,7.528482197366926,7.473964061758773,7.508657377812963,123200
2015-05-04,7.533438682556152,7.568132472018007,7.533438682556152,7.533438682556152,97900
2015-05-05,7.5086565017700195,7.553262458727458,7.478919512239012,7.533437641486477,109000
2015-05-06,7.503702163696289,7.558220303927305,7.483877342461281,7.558220303927305,103800
2015-05-07,7.518568992614746,7.548305981536242,7.483875681319362,7.4937878534062214,54200
2015-05-08,7.6028242111206055,7.622649026987299,7.57308675099012,7.57308675099012,76700
2015-05-11,7.583000659942627,7.627606621247268,7.583000659942627,7.602825479115692,44000
2015-05-12,7.558218002319336,7.582999139482067,7.52352469388804,7.5383931871213266,63800
2015-05-13,7.563176155090332,7.597869471919785,7.5582198319258405,7.5582198319258405,78600
2015-05-14,7.637518882751465,7.64743152878302,7.587957070576623,7.587957070576623,41300
2015-05-15,7.617694854736328,7.657344497659715,7.602826356805315,7.637519676198022,84400
2015-05-18,7.677169322967529,7.677169322967529,7.622651182085817,7.622651182085817,60500
2015-05-19,7.682125091552734,7.692037737902982,7.6722124452024865,7.687081414727858,98200
2015-05-20,7.682125091552734,7.746555874846367,7.6672565946883555,7.6722124452024865,112700
2015-05-21,7.706905364990234,7.721773860176601,7.662299406770193,7.716817537560832,68200
2015-05-22,7.657342433929443,7.731685848870271,7.6474302622005395,7.706904710556661,74300
2015-05-26,7.528481960296631,7.672212015702079,7.523526110059935,7.632562377842712,158600
2015-05-27,7.612736701965332,7.617693024305073,7.548305929531438,7.563174896550661,98000
2015-05-28,7.578043460845947,7.592911955341477,7.5631749663504175,7.578043460845947,65400
2015-05-29,7.5483078956604,7.592913863014886,7.5433520446907085,7.592913863014886,99900
2015-06-01,7.553262710571289,7.5978686690159964,7.553262710571289,7.592912346375264,78100
2015-06-02,7.543351650238037,7.563176471063247,7.513614182669716,7.5185705060412715,85900
2015-06-03,7.573089122772217,7.607782915900195,7.553264300696676,7.553264300696676,96800
2015-06-04,7.493788242340088,7.5929123316578915,7.488831919708963,7.573087513794331,132100
2015-06-05,7.5086565017700195,7.518569146720973,7.478919512239012,7.478919512239012,55200
2015-06-08,7.493788242340088,7.518569382834774,7.469007101845402,7.469007101845402,66400
2015-06-09,7.503702163696289,7.513614337983283,7.4690083720392595,7.473964695513267,77300
2015-06-10,7.563176155090332,7.573088328758322,7.518570191931896,7.538395011928868,102000
2015-06-11,7.5863776206970215,7.631774904286373,7.576289602702782,7.611598387251784,71400
2015-06-12,7.535938739776611,7.581336039343034,7.535938739776611,7.571248017798429,53000
2015-06-15,7.505671977996826,7.530892745981159,7.4703631914464435,7.520804246368971,60000
2015-06-16,7.540982246398926,7.566203019339302,7.495584951315492,7.505673452910136,67600
2015-06-17,7.5662007331848145,7.591421498504649,7.540979967864982,7.540979967864982,77200
2015-06-18,7.641862869262695,7.667083635642482,7.571245300654622,7.571245300654622,54600
2015-06-19,7.591422080993652,7.651951633778026,7.586377831333423,7.636819365843464,52300
2015-06-22,7.621688365936279,7.667085661204152,7.611600345346884,7.611600345346884,66700
2015-06-23,7.63177490234375,7.667083686883766,7.581333369247063,7.581333369247063,134200
2015-06-24,7.5863776206970215,7.651951421320962,7.586377620697021,7.626730654766198,82300
2015-06-25,7.5662007331848145,7.626730281324763,7.556112234638447,7.606553765278114,93900
2015-06-26,7.551071643829346,7.626733490580533,7.551071643829346,7.561159665574569,109300
2015-06-29,7.435056209564209,7.520806558444968,7.430011958207391,7.520806558444968,109100
2015-06-30,7.490540981292725,7.490540981292725,7.4350551860981495,7.485496730630269,185600
2015-07-01,7.55611515045166,7.6267332243886345,7.525850605226008,7.6267332243886345,97500
2015-07-02,7.55611515045166,7.571247904110758,7.520806354006309,7.540982877838834,66900
2015-07-06,7.535938739776611,7.546027242367497,7.480453418665584,7.5157622156411215,26800
2015-07-07,7.5662007331848145,7.5863772492314645,7.4754061704518495,7.5863772492314645,67000
2015-07-08,7.470361232757568,7.515758025971205,7.445140471385985,7.465316984274049,51900
2015-07-09,7.4451446533203125,7.561159547330693,7.44010040200344,7.505674225983939,56300
2015-07-10,7.525850296020508,7.5409825680116125,7.505673773016952,7.505673773016952,35600
2015-07-13,7.5863776206970215,7.601509888211434,7.561156854142257,7.561156854142257,46800
2015-07-14,7.616641521453857,7.64186180326946,7.5712442445121075,7.606553023890784,41600
2015-07-15,7.636821746826172,7.636821746826172,7.616645222940812,7.621688993127446,63100
2015-07-16,7.682216167449951,7.692304666767523,7.656995881248268,7.692304666767523,45200
2015-07-17,7.63177490234375,7.677172185921547,7.611598385314298,7.677172185921547,95900
2015-07-20,7.606555461883545,7.63682048322703,7.606555461883546,7.616643962680105,50000
2015-07-21,7.576292991638184,7.601513288428074,7.571248739861676,7.596469517697892,70900
2015-07-22,7.551071643829346,7.581336190111305,7.535938889642076,7.546027392433589,59300
2015-07-23,7.530892848968506,7.586378154455907,7.530892848968507,7.586378154455907,52600
2015-07-24,7.5006279945373535,7.530893013402488,7.465319206733158,7.530893013402488,50300
2015-07-27,7.470361232757568,7.470361232757568,7.419919710014401,7.450184719869504,86200
2015-07-28,7.530892848968506,7.530892848968507,7.440098275401719,7.47036329360603,80400
2015-07-29,7.576292991638184,7.5762929916381845,7.495586406353029,7.495586406353029,59000
2015-07-30,7.54602575302124,7.546025753021239,7.485496192561386,7.525849232867955,97100
2015-07-31,7.551071643829346,7.551071643829346,7.500630091964362,7.520806616501097,62300
2015-08-03,7.495583534240723,7.52584855225668,7.4400982290986315,7.52584855225668,55100
2015-08-04,7.4804534912109375,7.500630015542099,7.455232715535414,7.470365469568499,68900
2015-08-05,7.4451446533203125,7.500629974667066,7.424968129099104,7.480453450445857,53900
2015-08-06,7.404791355133057,7.450188653361211,7.3644383080516445,7.414879376380276,96500
2015-08-07,7.37452507019043,7.399745840571747,7.354348550094614,7.384613570761431,89700
2015-08-10,7.424966335296631,7.455230873793673,7.394701315753422,7.394701315753422,48800
2015-08-11,7.37452507019043,7.399745840571747,7.324084010473983,7.3493042998091145,66700
2015-08-12,7.3846116065979,7.399743872383326,7.278684784007801,7.313993564522482,86500
2015-08-13,7.37452507019043,7.409833860096563,7.354348550094614,7.359392800380115,39700
2015-08-14,7.379566669464111,7.404787430785202,7.33416939529535,7.33416939529535,56400
2015-08-17,7.399744987487793,7.419921505257547,7.3291269347705885,7.354347702244314,74800
2015-08-18,7.399744987487793,7.399744987487793,7.374524220014068,7.38461271942201,49800
2015-08-19,7.349304676055908,7.389657718313409,7.308951633798407,7.369481197184659,66100
2015-08-20,7.23328971862793,7.298863531821805,7.228245468140815,7.298863531821805,70200
2015-08-21,7.011346340179443,7.172758961566442,6.960905286845982,7.172758961566442,249800
2015-08-24,6.658256530761719,6.829757157211677,6.0378283032415485,6.552329701545338,568300
2015-08-25,6.764184951782227,6.8348030148936045,6.7086996400101295,6.7591407013358,370800
2015-08-26,6.890285491943359,6.890285491943359,6.718784895691252,6.789402929749767,114700
2015-08-27,7.0264811515808105,7.066834198510726,6.935686555465368,6.960907330058132,135600
2015-08-28,7.051699638366699,7.051699638366699,6.970993565185082,6.996214333315873,74700
2015-08-31,7.011346340179443,7.036567107369237,6.9709933050942245,7.001258321931201,48500
2015-09-01,6.824711799621582,6.9104620989207435,6.789403022632283,6.885241337765812,90300
2015-09-02,6.940730094909668,6.940730094909667,6.860024009325218,6.930641593688503,33500
2015-09-03,6.950817108154297,7.031523182047259,6.9205525709675095,6.965949857793837,109400
2015-09-04,6.834800720214844,6.875153748145955,6.809579957496391,6.8600214829332975,130600
2015-09-08,7.016390323638916,7.016390323638916,6.93064000707449,6.945772755441933,77100
2015-09-09,6.905420303344727,7.056744442979932,6.9054203033447275,7.0416121733302655,89100
2015-09-10,6.965950965881348,7.01134777888289,6.905420919786848,6.905420919786848,114400
2015-09-11,7.020465850830078,7.020465850830077,6.917601977543786,6.917601977543786,39700
2015-09-14,6.963891983032227,7.020466999976772,6.9638919830322275,7.020466999976772,36900
2015-09-15,7.015326976776123,7.071902016328946,6.989610871345235,6.9947541905301955,60700
2015-09-16,7.025608539581299,7.051324628229286,6.989606309770272,6.99989245093331,129300
2015-09-17,7.0873284339904785,7.128473988779015,6.994751180963122,7.005037324413404,193600
2015-09-18,7.005039215087891,7.035898634755165,6.963893649194081,6.994753068861356,141800
2015-09-21,7.0770440101623535,7.077044010162354,6.994752880589693,7.0050390265393645,135400
2015-09-22,7.005039215087891,7.005039215087891,6.943320866247176,6.999895896727706,91400
2015-09-23,6.999892711639404,7.010179343679155,6.9536043389413615,7.00503602765928,83900
2015-09-24,6.958748817443848,6.958748817443848,6.855884925080183,6.948462673454346,93300
2015-09-25,6.984463691711426,7.01532309927068,6.922745367086561,7.005036466586381,77000
2015-09-28,6.876457214355469,6.979321099401303,6.8404549772128505,6.979321099401303,153600
2015-09-29,6.845600605010986,6.881602854307163,6.789025081266869,6.876459535695178,109700
2015-09-30,6.933032035827637,6.933032035827637,6.861027563543515,6.876457023248157,158400
2015-10-01,6.933032035827637,6.974178079196153,6.845598103838872,6.974178079196153,143400
2015-10-02,6.984463691711426,6.984463691711426,6.799308717836831,6.830167634902441,177700
2015-10-05,7.082187175750732,7.08733000336782,7.010182193679575,7.015325511790475,120500
2015-10-06,7.0770440101623535,7.118189574948684,7.06675737371886,7.082187328384101,72400
2015-10-07,7.154189586639404,7.185048995835993,7.102757891969981,7.113044034706397,168500
2015-10-08,7.185049057006836,7.200478516489657,7.133616871405869,7.14904633088869,81100
2015-10-09,7.2261962890625,7.2416257521319904,7.169620773651386,7.169620773651386,72700
2015-10-12,7.2261962890625,7.236482434277565,7.200480190284155,7.236482434277565,52700
2015-10-13,7.200479507446289,7.267341161731825,7.179906728473336,7.179906728473336,76600
2015-10-14,7.149047374725342,7.226195664391259,7.149047374725342,7.200479567835954,60200
2015-10-15,7.215909957885742,7.251912693892357,7.154191612509298,7.154191612509298,65300
2015-10-16,7.241623878479004,7.241623878479004,7.200478327276914,7.226194419401636,80400
2015-10-19,7.236481189727783,7.251911140637377,7.200478951926138,7.236481189727784,50600
2015-10-20,7.241623878479004,7.267339970603725,7.22105110287796,7.251910511526357,46600
2015-10-21,7.195337295532227,7.277628424066806,7.190193977375361,7.231340032136467,79800
2015-10-22,7.323917388916016,7.34963348949594,7.262199041820488,7.272485678249987,114100
2015-10-23,7.380492210388184,7.406207818042608,7.354776112239983,7.354776112239983,106100
2015-10-26,7.3393473625183105,7.365062972670838,7.329060726062241,7.329060726062241,84800
2015-10-27,7.303344249725342,7.34448981244541,7.303344249725341,7.33934698497575,65100
2015-10-28,7.3753485679626465,7.385634712472817,7.31363022942036,7.31363022942036,73800
2015-10-29,7.354777812957764,7.37020727921708,7.32391838994524,7.32391838994524,49400
2015-10-30,7.323917388916016,7.3753495900758645,7.323917388916015,7.35477680771069,56100
2015-11-02,7.421636581420898,7.437066041638719,7.32391552222274,7.32391552222274,104900
2015-11-03,7.478212356567383,7.4884989914214195,7.385634604856035,7.395921239710073,152300
2015-11-04,7.483356952667236,7.5090730537026635,7.4627841699376605,7.478213634361384,102400
2015-11-05,7.478212356567383,7.509071770635747,7.442210115565746,7.493641818354692,96700
2015-11-06,7.457639217376709,7.503928090998043,7.431923121976666,7.473068678419247,76400
2015-11-09,7.3907790184021,7.452497365198469,7.344490135681368,7.44221121931265,73300
2015-11-10,7.416494846343994,7.4216381643448255,7.339347038306725,7.339347038306725,70200
2015-11-11,7.385633945465088,7.42677950022026,7.375347802023147,7.406206722842674,63900
2015-11-12,7.262197971343994,7.354775723587871,7.262197971343994,7.354775723587871,85300
2015-11-13,7.231338977813721,7.2724845360820245,7.210766198679568,7.215909025592798,58400
2015-11-16,7.318772792816162,7.323916110132869,7.221052216267411,7.221052216267411,39800
2015-11-17,7.323917388916016,7.3753495900758645,7.308487924765589,7.318774070701266,57000
2015-11-18,7.442210674285889,7.452496819418406,7.354776233437464,7.365062378569982,71300
2015-11-19,7.426781177520752,7.452497277674009,7.411351713626323,7.411351713626323,49100
2015-11-20,7.467926502227783,7.478212646987542,7.431923769334216,7.431923769334216,66900
2015-11-23,7.49878454208374,7.539930097254796,7.473068447478403,7.519357319669268,92200
2015-11-24,7.519357204437256,7.529643838319234,7.4679255065084655,7.483354966837733,46900
2015-11-25,7.519357204437256,7.545073298648501,7.483354966837733,7.483354966837733,42700
2015-11-27,7.483356952667236,7.49878641709096,7.4627841699376605,7.467927488243512,18100
2015-11-30,7.467926502227783,7.509072062254347,7.4627831846010215,7.4833559646143035,63600
2015-12-01,7.5090742111206055,7.5245036779225645,7.467928639319443,7.467928639319443,71100
2015-12-02,7.467926502227783,7.514214889387343,7.4627831846010215,7.509072062254347,45300
2015-12-03,7.411351203918457,7.483356181296749,7.3599194976429185,7.467926718463465,127200
2015-12-04,7.519357204437256,7.534786664766523,7.411350001144986,7.411350001144986,58600
2015-12-07,7.493641376495361,7.534786932497887,7.42677972536783,7.534786932497887,68100
2015-12-08,7.4524970054626465,7.48335642261814,7.395921979587001,7.395921979587001,61400
2015-12-09,7.380492210388184,7.524501673326817,7.359919429968378,7.452496696610613,90600
2015-12-10,7.385633945465088,7.462782228501312,7.359918341613383,7.395920579400733,72500
2015-12-11,7.283972263336182,7.39401791046864,7.263011211489566,7.38353763442078,98200
2015-12-14,7.273493766784668,7.2839740453965796,7.2210908744720514,7.278734155966133,87600
2015-12-15,7.346856594085693,7.378297924870838,7.315414763549607,7.315414763549607,67500
2015-12-16,7.456903457641602,7.47786501596206,7.367819333534938,7.367819333534938,65300
2015-12-17,7.404499530792236,7.462142305007189,7.388778865051968,7.456901916510115,112900
2015-12-18,7.320654392242432,7.404498598636616,7.310173616567713,7.404498598636616,85000
2015-12-21,7.331136703491211,7.3678189287858284,7.3101756460733,7.3678189287858284,60300
2015-12-22,7.420219421386719,7.4307001972860025,7.331134825246409,7.331134825246409,58200
2015-12-23,7.504063606262207,7.504063606262208,7.456901114363766,7.488342942213027,63800
2015-12-24,7.530268669128418,7.540749450037634,7.493586935448442,7.530268669128418,21500
2015-12-28,7.545986652374268,7.593149150161139,7.493584265750716,7.593149150161139,74400
2015-12-29,7.598389625549316,7.608870402844332,7.545986738576175,7.545986738576175,92200
2015-12-30,7.5721869468688965,7.598388386081424,7.551225895449052,7.551225895449052,64500
2015-12-31,7.525025367736816,7.582668640936837,7.509304702205424,7.572187864081944,187900
2016-01-04,7.362578868865967,7.467384160644094,7.278734635443464,7.467384160644094,135300
2016-01-05,7.352097988128662,7.420221551780018,7.352097988128662,7.4097412726226795,63700
2016-01-06,7.2944536209106445,7.352096393148465,7.27873295570959,7.325894951312751,68800
2016-01-07,7.090084552764893,7.2420523495436315,7.090084552764893,7.221091291358669,126200
2016-01-08,6.985278129577637,7.132005513088938,6.985278129577637,7.105804569418002,113000
2016-01-11,6.943357944488525,7.0324425769639385,6.927637273978484,7.011481516366848,118300
2016-01-12,6.974798679351807,7.058642908446023,6.927636175548552,7.021960683404034,103400
2016-01-13,6.801868915557861,7.032441031195989,6.801868915557861,7.021960253325622,133900
2016-01-14,6.880471706390381,6.943354860248944,6.786146725727094,6.8071077770132815,178600
2016-01-15,6.6918253898620605,6.791390305327598,6.670863828973403,6.765188853967893,191800
2016-01-19,6.665620803833008,6.759945284718013,6.6341789770374175,6.738984233437914,143700
2016-01-20,6.487453460693359,6.581778468120165,6.214959216905268,6.550336632394221,303000
2016-01-21,6.539854526519775,6.639419902984142,6.476971367582191,6.576536744046558,226000
2016-01-22,6.749464988708496,6.770426039925723,6.639419344880334,6.728503937491269,184400
2016-01-25,6.6394195556640625,6.759945479051771,6.634179167755668,6.759945479051771,132300
2016-01-26,6.759947299957275,6.765187689277258,6.644661733423857,6.644661733423857,102300
2016-01-27,6.681344509124756,6.796630593526238,6.660383448301859,6.786149813239235,139600
2016-01-28,6.770425319671631,6.843789241002735,6.681340736537728,6.843789241002735,105100
2016-01-29,6.938116550445557,6.938116550445557,6.7966295368263525,6.801869426404077,86600
2016-02-01,6.932875633239746,6.943356411099241,6.875232854265507,6.917154966201498,76100
2016-02-02,6.82806921005249,6.90143314353132,6.817588933698892,6.90143314353132,74900
2016-02-03,6.859513282775879,6.875233952324911,6.749467596430503,6.875233952324911,62600
2016-02-04,6.901434898376465,6.917155566779651,6.854272393415868,6.875233451203796,58600
2016-02-05,6.85427188873291,6.906674779219801,6.8123497762437975,6.85427188873291,73000
2016-02-08,6.738985538482666,6.770427371367155,6.6813427612372465,6.759946593821998,137700
2016-02-09,6.707545280456543,6.754707787467147,6.576538538649778,6.681343832144978,180200
2016-02-10,6.686583995819092,6.786148896337488,6.686583995819092,6.770428227782171,151200
2016-02-11,6.613219738006592,6.639421184224532,6.330245218305078,6.5503365669341465,278500
2016-02-12,6.738985538482666,6.744225927255243,6.634180261786002,6.649900928352757,77100
2016-02-16,6.833311557769775,6.849032226684019,6.770428382361744,6.770428382361744,84600
2016-02-17,6.9538373947143555,6.9538373947143555,6.86475277927672,6.922395559956539,63100
2016-02-18,6.927635669708252,6.9590770034472955,6.901434225091723,6.9590770034472955,48700
2016-02-19,6.932875633239746,6.932875633239747,6.864752576157007,6.901434299163251,112100
2016-02-22,7.027201175689697,7.037681954355652,6.95383772403215,6.995759839193901,159100
2016-02-23,7.0062384605407715,7.074362006499394,6.974797131483508,7.027199513162585,201500
2016-02-24,7.058642864227295,7.058642864227295,6.880473628642708,6.974798635658319,110000
2016-02-25,7.137247085571289,7.137247085571289,7.021961015243116,7.084844689786519,77400
2016-02-26,7.1110453605651855,7.15820786475849,7.084844413569821,7.152967475459005,54400
2016-02-29,7.121525287628174,7.1477267312416055,7.07436278907419,7.105804621360503,55000
2016-03-01,7.231570720672607,7.231570720672608,7.105804395035056,7.168687557853832,98700
2016-03-02,7.247292995452881,7.247292995452881,7.132006921480988,7.179169429003629,147900
2016-03-03,7.263012409210205,7.278733575500867,7.189648965524361,7.278733575500867,196300
2016-03-04,7.304934024810791,7.310174413219239,7.226330197687842,7.310174413219239,109400
2016-03-07,7.315417766571045,7.325898047884661,7.273495641814283,7.294456704192664,77800
2016-03-08,7.273493766784668,7.320656269915818,7.273493766784668,7.304935102371422,62400
2016-03-09,7.304934024810791,7.32589507869364,7.257772028387588,7.3206551900361365,60500
2016-03-10,7.26825475692749,7.352099000738302,7.194890793717474,7.320657659184804,62500
2016-03-11,7.356943130493164,7.399684951087469,7.324886510286088,7.362285475925432,35800
2016-03-14,7.346259117126465,7.367630032359011,7.324888201893918,7.367630032359011,43700
2016-03-15,7.308859348297119,7.33557260729167,7.266117522478531,7.33557260729167,44100
2016-03-16,7.394340991973877,7.410369044922683,7.287486456444149,7.287486456444149,53400
2016-03-17,7.463797569274902,7.469139914626502,7.399684839351553,7.399684839351553,92500
2016-03-18,7.474483489990234,7.506540112803293,7.426398810532015,7.506540112803293,92900
2016-03-21,7.485169887542725,7.506540801537994,7.4263994919136485,7.4744841757837,68100
2016-03-22,7.442426681518555,7.479825646704819,7.426398116847853,7.4744827918145855,75900
2016-03-23,7.399685859680176,7.474483800143154,7.399685859680176,7.442427685522665,67200
2016-03-24,7.367628574371338,7.383656630243237,7.335571953104831,7.383656630243237,69100
2016-03-28,7.367628574371338,7.394342340506309,7.35160051849944,7.372971429502875,75300
2016-03-29,7.463797569274902,7.463797569274903,7.324886399679635,7.388999129602985,80000
2016-03-30,7.485169887542725,7.517226003774239,7.458456117667943,7.469141319904187,85900
2016-03-31,7.538596153259277,7.543939008596956,7.453112505947336,7.490511983788357,83100
2016-04-01,7.559967041015625,7.559967041015624,7.479826249296538,7.533253783457747,76100
2016-04-04,7.511882781982422,7.565309805982818,7.42639862644089,7.565309805982818,115200
2016-04-05,7.415713787078857,7.495854581748895,7.399685730049399,7.495854581748895,99000
2016-04-06,7.495851516723633,7.495851516723633,7.3996827043471995,7.4851663195807125,68500
2016-04-07,7.501195907592773,7.527909670209459,7.42105512926536,7.479824999403954,125700
2016-04-08,7.4798264503479,7.554624898279566,7.431741770214882,7.52256827501664,75400
2016-04-11,7.485169887542725,7.549282629528533,7.447770405908917,7.549282629528533,56600
2016-04-12,7.549281120300293,7.549281120300292,7.4637974814088315,7.4905112459430825,83600
2016-04-13,7.586681365966797,7.586681365966797,7.533254337399672,7.581338510253255,80600
2016-04-14,7.5759968757629395,7.5759968757629395,7.549283104208462,7.5759968757629395,38000
2016-04-15,7.565308094024658,7.586679000693325,7.538594333308172,7.575993802120294,45500
2016-04-18,7.613394737243652,7.693535530668701,7.495854465300542,7.527911088384204,107500
2016-04-19,7.640108108520508,7.672164220418346,7.59736628630825,7.650793309312217,47300
2016-04-20,7.640108108520508,7.6561361644694275,7.58668057599383,7.629422398206088,53600
2016-04-21,7.629422187805176,7.677506863848586,7.608051277288404,7.6187369873081385,59600
2016-04-22,7.6027092933654785,7.640108773196929,7.586681236022145,7.640108773196929,75500
2016-04-25,7.570651531219482,7.618736202308468,7.543937768445307,7.592022439534293,100800
2016-04-26,7.581334114074707,7.613390720244571,7.5653060657510105,7.613390720244571,85500
2016-04-27,7.634765148162842,7.634765148162843,7.559966705560692,7.559966705560692,75400
2016-04-28,7.592025279998779,7.656138028930221,7.554626303836146,7.629424256161411,131400
2016-04-29,7.538596153259277,7.592023687590604,7.527910952106649,7.549281863934635,82600
2016-05-02,7.5759968757629395,7.5920249348865,7.522569332653986,7.5813392224555844,66100
2016-05-03,7.570651531219482,7.592022439534293,7.511881660734413,7.554623477364035,116100
2016-05-04,7.538596153259277,7.570652775762619,7.511882895616343,7.554624719272312,78600
2016-05-05,7.522568225860596,7.586680962444762,7.5065401690952385,7.538596282625953,38500
2016-05-06,7.5332536697387695,7.549281725936088,7.495854192581399,7.506539903061425,70100
2016-05-09,7.549281120300293,7.575994884834543,7.506539300854562,7.554623975111678,47400
2016-05-10,7.6027092933654785,7.634765917574899,7.575996034300842,7.5813383804001155,50100
2016-05-11,7.6027092933654785,7.62942306195287,7.5599674674347535,7.613395004609537,64600
2016-05-12,7.634765148162842,7.634765148162843,7.53325344918815,7.629422293079252,53800
2016-05-13,7.592025279998779,7.645452825536399,7.565311507229969,7.63476711261974,61400
2016-05-16,7.570651531219482,7.624079056767831,7.559965822300754,7.5706515312194815,69600
2016-05-17,7.501195907592773,7.618736157392604,7.490510708259685,7.570651486587099,86900
2016-05-18,7.501195907592773,7.533252524637325,7.490510708259685,7.5118816164485045,89700
2016-05-19,7.437085151672363,7.511883604894203,7.426399439988053,7.501197893209893,66600
2016-05-20,7.469139099121094,7.506538569634997,7.458453900061857,7.490510516284826,58600
2016-05-23,7.495851516723633,7.559964228148768,7.469137759582526,7.543936177673119,94400
2016-05-24,7.592025279998779,7.592025279998778,7.527912531067336,7.5492834473778165,77600
2016-05-25,7.640108108520508,7.677507075575557,7.59736628630825,7.59736628630825,107100
2016-05-26,7.624078750610352,7.677505764490607,7.586679280419286,7.661477711278793,75300
2016-05-27,7.661477565765381,7.666820419908717,7.618735751663917,7.624078605807253,57900
2016-05-31,7.624078750610352,7.666820565523606,7.613393042120727,7.666820565523606,76100
2016-06-01,7.650793075561523,7.666821640543443,7.5973660541898855,7.650793075561524,101600
2016-06-02,7.666822910308838,7.677508112543751,7.618738226444776,7.650794342672296,59400
2016-06-03,7.677508354187012,7.677508354187012,7.613395610191294,7.650794583474763,62900
2016-06-06,7.672163963317871,7.693534873707844,7.634764997516093,7.6881925282523715,81500
2016-06-07,7.656136512756348,7.672164569434403,7.634765600678031,7.634765600678031,86900
2016-06-08,7.677508354187012,7.6935364128052415,7.640109380903542,7.682851210234021,77300
2016-06-09,7.672163963317871,7.704220583664178,7.64010785249426,7.682849673274205,90400
2016-06-10,7.6828508377075195,7.688193693495463,7.62942329887362,7.666822779866458,126500
2016-06-13,7.648013591766357,7.713334641112071,7.626239908651121,7.691560957996833,75100
2016-06-14,7.582691669464111,7.664342841964782,7.5718045695970915,7.642569161356237,98500
2016-06-15,7.599021911621094,7.669786504418395,7.582691780706486,7.582691780706486,88700
2016-06-16,7.620794773101807,7.631681871957881,7.539143608183037,7.577247415928404,72300
2016-06-17,7.609907627105713,7.6588985334036765,7.609907627105713,7.648011953740486,75200
2016-06-20,7.702447891235352,7.729665126151935,7.6752311754443445,7.6806742071272,113700
2016-06-21,7.735107421875,7.740550971800172,7.680672960874276,7.729663871949829,82600
2016-06-22,7.713332176208496,7.7623230773434395,7.707888627387861,7.7623230773434395,91900
2016-06-23,7.751437187194824,7.778654416412421,7.724219957977227,7.778654416412421,85400
2016-06-24,7.609907627105713,7.675229181586626,7.533700012087053,7.533700012087053,125600
2016-06-27,7.571804523468018,7.620795434320153,7.528257162516227,7.599021753844259,94600
2016-06-28,7.740550518035889,7.740550518035889,7.637125152022581,7.675229480139546,185900
2016-06-29,7.87663459777832,7.892964724266529,7.784096349136201,7.849417374214397,165800
2016-06-30,7.909296989440918,7.925627639470321,7.8330893658057095,7.892966858537016,157300
2016-07-01,7.9038519859313965,7.969173012369834,7.9038519859313965,7.963729463718621,114400
2016-07-05,7.833090305328369,7.89296780524155,7.751438602764325,7.849420438190952,98600
2016-07-06,7.811316967010498,7.843977234179027,7.811316967010498,7.833090651498047,83200
2016-07-07,7.778652667999268,7.898408138163894,7.7786526679992685,7.794982794209105,131400
2016-07-08,7.871191501617432,7.892965177894886,7.811314021635784,7.822200600211815,78700
2016-07-11,7.838532447814941,7.952844403138829,7.838532447814942,7.947401372219028,122400
2016-07-12,7.931070327758789,7.974617687705094,7.87119283761399,7.892966517587143,119200
2016-07-13,7.9038519859313965,7.9855031391981,7.9038519859313965,7.9855031391981,156900
2016-07-14,7.947398662567139,7.980058913452505,7.914737892556445,7.94739866256714,83300
2016-07-15,7.941957473754883,8.001834964249863,7.931070374141897,7.974617734342878,45200
2016-07-18,7.985504150390625,8.012721377967795,7.958286922813457,7.974617051709583,80300
2016-07-19,7.990945339202881,8.001831915542587,7.920180776056296,7.996388367810091,86500
2016-07-20,7.996391296386719,8.01816497616575,7.97461761660769,8.001834846112846,58600
2016-07-21,7.985504150390625,8.078042412677735,7.980060601050104,8.0236079575234,143700
2016-07-22,7.974617004394531,8.045381588025133,7.974617004394532,8.029051459225899,67400
2016-07-25,7.996391296386719,8.034495625344128,7.97461761660769,7.97461761660769,80900
2016-07-26,8.012721061706543,8.050824867335365,7.952843059575064,7.958286608700728,90700
2016-07-27,8.061711311340332,8.072597889582747,8.034494087046232,8.050824213972541,62200
2016-07-28,8.050826072692871,8.067156203389372,8.029052392055707,8.056269622633536,62500
2016-07-29,8.050826072692871,8.072599753330037,8.045382522752206,8.056269622633536,38200
2016-08-01,8.029050827026367,8.050824503419388,8.001833601753741,8.039937924785574,72500
2016-08-02,7.98006010055542,8.023607454297505,7.96372997268349,8.023607454297505,58300
2016-08-03,7.974617004394531,7.985504103010979,7.8657486138572335,7.947400296104283,71800
2016-08-04,8.023606300354004,8.03993694500269,7.990946049307294,8.001832626614421,69400
2016-08-05,8.08892822265625,8.08892822265625,8.018163645338298,8.06715454649114,63300
2016-08-08,8.050826072692871,8.088929884026538,8.050826072692871,8.088929884026538,49500
2016-08-09,8.083484649658203,8.088927678989608,8.056267426499772,8.07259755274469,66800
2016-08-10,8.050826072692871,8.094373433967203,8.018165292174377,8.094373433967203,51400
2016-08-11,8.078042030334473,8.088928609374802,8.039938225005196,8.088928609374802,68200
2016-08-12,8.08892822265625,8.11070189882136,8.083485192959014,8.094371771478874,86400
2016-08-15,8.08892822265625,8.137919123809093,8.083485192959014,8.116145447643984,32900
2016-08-16,8.078042030334473,8.116145835663747,8.039938225005196,8.116145835663747,79600
2016-08-17,8.067155838012695,8.08892951766369,8.034495578098939,8.056269257749934,102000
2016-08-18,8.067155838012695,8.099816617051923,8.034495578098939,8.06171280744405,50400
2016-08-19,8.094371795654297,8.105258893332062,8.056267992032897,8.088928246815414,59600
2016-08-22,8.083484649658203,8.094371227446365,8.056267426499772,8.094371227446365,53300
2016-08-23,8.067155838012695,8.137920426659795,8.0453821583617,8.137920426659795,84300
2016-08-24,8.050826072692871,8.088929884026538,8.018165292174377,8.088929884026538,57300
2016-08-25,8.078042030334473,8.094372158457674,8.050824804045527,8.0725984812516,114900
2016-08-26,8.067155838012695,8.132476876965677,8.001834799059713,8.078042937400928,54900
2016-08-29,8.067155838012695,8.110703197314683,8.06171280744405,8.072599387706811,71700
2016-08-30,8.072600364685059,8.088930496618273,8.050826682398927,8.061713783104759,35900
2016-08-31,8.067155838012695,8.078042937400928,8.034495578098939,8.0453821583617,64300
2016-09-01,8.050826072692871,8.083486853211367,8.007278711418541,8.056269622633536,42700
2016-09-02,8.105259895324707,8.121590024734736,8.088929246789222,8.09981634581288,44100
2016-09-06,8.099815368652344,8.137919172387395,8.083485241212378,8.11070194723719,55700
2016-09-07,8.110701560974121,8.137918784828134,8.094371434311858,8.116145109569997,41600
2016-09-08,8.121590614318848,8.127034164225849,8.088929834002336,8.105260483723338,59000
2016-09-09,7.990945339202881,8.099813698226363,7.969171667398184,8.083483574154162,83800
2016-09-12,8.029050827026367,8.050824503419388,7.9092953473020495,7.985503474240323,73700
2016-09-13,7.938202857971191,8.00467762695744,7.893886345313692,7.993598762940316,96400
2016-09-14,7.954820156097412,7.960359851374342,7.910503650470807,7.93820159856104,47900
2016-09-15,7.971442222595215,7.9991396527476,7.910506608352886,7.960362827898567,56000
2016-09-16,7.960361480712891,7.976980041650775,7.866188754907339,7.976980041650775,47200
2016-09-19,7.9326629638671875,7.988058867453987,7.927123796144099,7.971440307695744,44900
2016-09-20,7.921584129333496,7.97697950483005,7.899425873475976,7.949282081229019,23700
2016-09-21,7.988057613372803,7.999136475374149,7.916043161333633,7.938201413630731,94100
2016-09-22,8.010214805603027,8.04345244379723,7.993596250653095,8.010214805603027,58300
2016-09-23,7.960361480712891,8.015757388231872,7.938203223364203,8.015757388231872,22400
2016-09-26,7.844029426574707,7.888345935221331,7.821871172251395,7.838489730920266,105300
2016-09-27,7.943742275238037,7.943742275238037,7.855109253034768,7.871727812624259,55300
2016-09-28,7.993596076965332,8.01021463155417,7.882804304254873,7.960358439493329,79800
2016-09-29,7.888345718383789,7.993597819747155,7.86618746466957,7.982518428742825,75000
2016-09-30,7.988057613372803,7.9935973085206795,7.893884909036534,7.927122551629385,115900
2016-10-03,7.921584129333496,7.9714403370865385,7.888346481399971,7.943742385191016,110800
2016-10-04,7.871728420257568,7.976980010174896,7.838490770218425,7.910505238391132,129700
2016-10-05,7.88280725479126,7.9603614190582554,7.871728390349987,7.871728390349987,112400
2016-10-06,7.9326629638671875,7.965900611678165,7.9326629638671875,7.9326629638671875,142000
2016-10-07,7.949282646179199,7.976980071748668,7.943742949747493,7.965901207179786,73300
2016-10-10,7.938202857971191,7.988059066784503,7.932663161815378,7.982519370628689,45500
2016-10-11,7.893887519836426,7.976980861358977,7.893887519836426,7.949283433047848,211100
2016-10-12,7.860646724700928,7.921582310539174,7.860646724700929,7.8661864194670175,70200
2016-10-13,7.783095836639404,7.84957061222752,7.777556139933422,7.838491218815556,65000
2016-10-14,7.810792922973633,7.916044507205941,7.805253226883907,7.838490346833268,68100
2016-10-17,7.727697372436523,7.8606468796776205,7.705539121229673,7.844028323346079,115100
2016-10-18,7.777555465698242,7.794174026080972,7.7387786487070365,7.777555465698242,83700
2016-10-19,7.816331386566162,7.849569031815517,7.777554574020623,7.816331386566163,84000
2016-10-20,7.810792922973633,7.838490346833268,7.7830949708195,7.816332090768862,78800
2016-10-21,7.904963970184326,7.916042831724369,7.8052515748520195,7.8329495211437035,103800
2016-10-24,7.904963970184326,7.960359334473309,7.882805190515472,7.954819639556096,56400
2016-10-25,7.921584129333496,7.9659006410485365,7.904965569513979,7.938202689153013,124200
2016-10-26,7.899425506591797,7.916044065639475,7.871727555982689,7.893885810811082,58100
2016-10-27,7.860646724700928,7.938200866543072,7.849567863463119,7.938200866543072,55500
2016-10-28,7.871728420257568,7.910505238391132,7.866188723868624,7.877268116646514,57800
2016-10-31,7.844029426574707,7.8994253265302135,7.827410867905837,7.8994253265302135,63700
2016-11-01,7.827410697937012,7.855108647313315,7.794173053026557,7.855108647313315,85600
2016-11-02,7.794174671173096,7.8883474016270405,7.772016412730671,7.8883474016270405,125900
2016-11-03,7.700002193450928,7.783096061558268,7.700002193450928,7.7720166678261275,136500
2016-11-04,7.650144577026367,7.733237895881403,7.650144577026367,7.700000251362726,83800
2016-11-07,7.738778114318848,7.766476065240434,7.694461604162096,7.705540467554047,132100
2016-11-08,7.760936260223389,7.838489887759512,7.705540359159474,7.705540359159474,123600
2016-11-09,7.888345718383789,7.976978733240661,7.600288420098954,7.6279863693153365,176200
2016-11-10,7.954820156097412,8.02683460981425,7.888345397657505,7.910503650470807,120800
2016-11-11,7.943742275238037,7.976979394417021,7.899425764136402,7.899425764136402,102400
2016-11-14,7.98252010345459,7.999138665153174,7.927124721694459,7.9769804067902115,87900
2016-11-15,8.060073852539062,8.060073852539062,7.954821734569921,7.954821734569921,121500
2016-11-16,8.065613746643066,8.076692611372481,8.026836399353774,8.04899465710714,93600
2016-11-17,8.159784317016602,8.170863707828882,8.065612136584365,8.087770389914496,125900
2016-11-18,8.12100887298584,8.176404779784637,8.109930008602793,8.176404779784637,75900
2016-11-21,8.126547813415527,8.170864323414557,8.126547813415527,8.148706068415041,58900
2016-11-22,8.176401138305664,8.204099079369382,8.132084643921429,8.165321750562462,104700
2016-11-23,8.165323257446289,8.20963976000899,8.148704701058872,8.170862952340222,94300
2016-11-25,8.242877960205078,8.253956822450059,8.181942897121642,8.2096403168813,27300
2016-11-28,8.193023681640625,8.237340197607068,8.176405120226844,8.231800501037627,76300
2016-11-29,8.176401138305664,8.19855938549778,8.154242891113546,8.159782056690862,99700
2016-11-30,8.165323257446289,8.237337706184276,8.154244395952805,8.181942342128089,129300
2016-12-01,8.198562622070312,8.204102318128836,8.159785277955137,8.204102318128836,119800
2016-12-02,8.193023681640625,8.215181939623847,8.170865423657403,8.215181939623847,100300
2016-12-05,8.17086410522461,8.231799172772483,8.17086410522461,8.220720309715805,81000
2016-12-06,8.237338066101074,8.237338066101074,8.159783919080557,8.176403004488499,77100
2016-12-07,8.292736053466797,8.353671130455773,8.215181886876207,8.253958706024234,119300
2016-12-08,8.298274993896484,8.331512643892715,8.259498175812986,8.331512643892715,96200
2016-12-09,8.303814888000488,8.337052538788141,8.265038068993674,8.303814888000488,75100
2016-12-12,8.325971603393555,8.331511298881036,8.303813349738064,8.309353045225546,77400
2016-12-13,8.425158500671387,8.425158500671387,8.334989665104256,8.368803247166257,184400
2016-12-14,8.351896286010742,8.408252077629843,8.334989763504476,8.391345555123577,130100
2016-12-15,8.430793762207031,8.464607342564276,8.34062493118588,8.374437974094498,128600
2016-12-16,8.470243453979492,8.470243453979492,8.396981136087081,8.470243453979492,126900
2016-12-19,8.40825080871582,8.481513111784958,8.40825080871582,8.453335220227816,82200
2016-12-20,8.492785453796387,8.492785453796387,8.413887988366778,8.453336721081582,80800
2016-12-21,8.487152099609375,8.515329464680663,8.464609885083071,8.487152099609375,86000
2016-12-22,8.464608192443848,8.526599135632864,8.436430295558411,8.515327761899217,119500
2016-12-23,8.498419761657715,8.504055447545014,8.475877555557108,8.504055447545014,62200
2016-12-27,8.509692192077637,8.549140923299158,8.492785132312424,8.549140923299158,54600
2016-12-28,8.436431884765625,8.543507268162122,8.425160508908741,8.543507268162122,71800
2016-12-29,8.447700500488281,8.47587839526779,8.436429665045663,8.47587839526779,59600
2016-12-30,8.45333480834961,8.498419217664923,8.436428289218505,8.498419217664923,154800
2017-01-03,8.487152099609375,8.532236528661981,8.470245035628057,8.487152099609375,142900
2017-01-04,8.549140930175781,8.560411765913003,8.492785139143717,8.526598721252688,124100
2017-01-05,8.498419761657715,8.509691133432312,8.425157457468595,8.425157457468595,140000
2017-01-06,8.571682929992676,8.611131660283576,8.492784931962232,8.57731861644813,153000
2017-01-09,8.560412406921387,8.582954617532454,8.526599359729131,8.571683780951268,90100
2017-01-10,8.588590621948242,8.64494641928295,8.549141886283175,8.588590621948242,121400
2017-01-11,8.633674621582031,8.650581682422827,8.582954513957024,8.611132411242993,72800
2017-01-12,8.577319145202637,8.64494577449106,8.566047771596896,8.64494577449106,80600
2017-01-13,8.594226837158203,8.616769049987226,8.58859114958876,8.599862524727646,56700
2017-01-17,8.549140930175781,8.622403243538004,8.532234407845625,8.594225348021972,62000
2017-01-18,8.554774284362793,8.577316487139896,8.532232081585688,8.554774284362793,55600
2017-01-19,8.571682929992676,8.582953765454944,8.532234199701774,8.582953765454944,61600
2017-01-20,8.571682929992676,8.582953765454944,8.554776408074952,8.554776408074952,58300
2017-01-23,8.644946098327637,8.650581785341618,8.571683779491964,8.588590303085214,103000
2017-01-24,8.735115051269531,8.735115051269531,8.656217044421693,8.667488418592256,106100
2017-01-25,8.791471481323242,8.80274231885803,8.73511568130308,8.74638705628661,91200
2017-01-26,8.802742004394531,8.808377691684969,8.763293268258904,8.802742004394531,69100
2017-01-27,8.80837631225586,8.836554206846552,8.75202052307447,8.802740625847992,67300
2017-01-30,8.763294219970703,8.79710727248806,8.71257410374589,8.723844942102081,80600
2017-01-31,8.746386528015137,8.757657364869178,8.695666418550175,8.735115153712385,79200
2017-02-01,8.763294219970703,8.802742960390546,8.746387693712025,8.76892990787319,48200
2017-02-02,8.752020835876465,8.78583441808354,8.718207791118045,8.78583441808354,92400
2017-02-03,8.802742004394531,8.808377691684969,8.740751056545871,8.797106317104094,72900
2017-02-06,8.819645881652832,8.825281567251754,8.791468528555347,8.791468528555347,50600
2017-02-07,8.825282096862793,8.84782430316269,8.825282096862793,8.825282096862793,55200
2017-02-08,8.836554527282715,8.836554527282715,8.763292213669686,8.836554527282715,70000
2017-02-09,8.85909652709961,8.892909571077277,8.836554318631617,8.85909652709961,75800
2017-02-10,8.85909652709961,8.887274422046762,8.85909652709961,8.864731676130125,64200
2017-02-13,8.909815788269043,8.921086622713284,8.864730838146297,8.887273581931968,68300
2017-02-14,8.954901695251465,8.954901695251465,8.864732317407965,8.904181588167209,72400
2017-02-15,8.949264526367188,8.960535360825748,8.915450948094314,8.960535360825748,73600
2017-02-16,8.904182434082031,8.954902545984798,8.82528442251676,8.94926685856255,209600
2017-02-17,8.881638526916504,8.892909362161399,8.853460632631318,8.87600284056974,86400
2017-02-21,8.92672348022461,8.960536525443633,8.870367688261352,8.870367688261352,84200
2017-02-22,8.943631172180176,8.949266859603078,8.915453272514391,8.9267246473602,52800
2017-02-23,9.011256217956543,9.016891904384456,8.932358757760309,8.937993906739582,86400
2017-02-24,8.983078956604004,9.016892540106822,8.971808120402182,9.005621166456324,79300
2017-02-27,8.99434757232666,9.02252546036407,8.960533999192064,8.960533999192064,70100
2017-02-28,9.045069694519043,9.056341067914312,8.971807917244451,8.983078753191057,74600
2017-03-01,9.112696647644043,9.135238319011973,9.084519289709803,9.095789587945116,66600
2017-03-02,9.073248863220215,9.15778202073987,9.039435815191837,9.15778202073987,104600
2017-03-03,9.095789909362793,9.10142559612825,9.050705490136481,9.078883923963765,49200
2017-03-06,9.06761360168457,9.101426651300077,9.028164864650236,9.101426651300077,85300
2017-03-07,9.022529602050781,9.073249716310894,9.0168939143666,9.056342653258351,49800
2017-03-08,9.039435386657715,9.084519806857367,9.022528325996333,9.022528325996333,79500
2017-03-09,9.039435386657715,9.039435386657715,8.954901695696856,8.988714742122253,91300
2017-03-10,9.06197738647461,9.123968869573728,9.005621590466083,9.06197738647461,96300
2017-03-13,9.053960800170898,9.122681497896425,8.95660634185718,9.099774598654582,99700
2017-03-14,9.025324821472168,9.071138608696419,8.956604140635793,9.013871101594395,63500
2017-03-15,9.08259105682373,9.15131173217002,9.013870381477439,9.01959724095881,146300
2017-03-16,9.111227035522461,9.145587654667489,9.031053167756587,9.088320138140281,103200
2017-03-17,9.076863288879395,9.139857094649287,9.04822954220461,9.13413023608567,78000
2017-03-20,9.128406524658203,9.191400352146033,9.04823266169978,9.076866418246423,158700
2017-03-21,9.008147239685059,9.179949818169286,9.008147239685059,9.134135469553996,109800
2017-03-22,8.939424514770508,9.025325784590315,8.933698200363974,8.996692027983713,145300
2017-03-23,8.9566068649292,9.025327566668063,8.933699964349579,8.945153141567594,122600
2017-03-24,8.916519165039062,9.008146765155692,8.882159088067114,8.96805982664056,56800
2017-03-27,8.847797393798828,8.876431151904642,8.756169804775032,8.801983599286931,150900
2017-03-28,8.922245979309082,8.927972840821923,8.824891518165087,8.876432179493506,134400
2017-03-29,8.922245979309082,8.9737866406375,8.916519117796241,8.9737866406375,105800
2017-03-30,8.9566068649292,8.996693804407638,8.910793063769958,8.922246240987974,115900
2017-03-31,8.96233081817627,8.985237712718092,8.927970749435255,8.97951139869022,82500
2017-04-03,8.933697700500488,9.031052139829614,8.859250155946249,9.031052139829614,166400
2017-04-04,8.968059539794922,8.968059539794922,8.847798181952541,8.859251904672558,102700
2017-04-05,9.042505264282227,9.076865879326805,8.979511440534521,8.990964614787082,108700
2017-04-06,9.076863288879395,9.094043318426948,9.02532265409344,9.059682713188547,84700
2017-04-07,9.111227035522461,9.111227035522461,9.042506343375921,9.071140101639525,147100
2017-04-10,9.105499267578125,9.162766778400512,9.099772953410653,9.151313057778651,156800
2017-04-11,9.076863288879395,9.116950206538117,9.042502683640993,9.099770176990564,98800
2017-04-12,9.059684753417969,9.094045366394335,9.053958439708087,9.076865332977858,101200
2017-04-13,9.053960800170898,9.07686769941274,9.031053900929056,9.048233938824549,95600
2017-04-17,9.116951942443848,9.116951942443848,9.053958124679669,9.082591330663043,89900
2017-04-18,9.071138381958008,9.122679027832858,9.053958348714195,9.116952168037116,170200
2017-04-19,9.048234939575195,9.10550192094185,9.019601175820059,9.10550192094185,66700
2017-04-20,9.076863288879395,9.094043318426948,9.019595795529824,9.04822954220461,103600
2017-04-21,9.08259105682373,9.105497948605827,9.059684165041633,9.105497948605827,55600
2017-04-24,9.157038688659668,9.18567298636986,9.139858656176937,9.145585515718976,92000
2017-04-25,9.220037460327148,9.23721695488167,9.174223654369598,9.202856873485333,118600
2017-04-26,9.202852249145508,9.220032827354258,9.191398530339674,9.220032827354258,104000
2017-04-27,9.26012134552002,9.26012134552002,9.185674345035503,9.20285383391589,62400
2017-04-28,9.254393577575684,9.271574157058145,9.174219724564509,9.271574157058145,84900
2017-05-01,9.294482231140137,9.294482231140137,9.24866843629415,9.271575879860658,84600
2017-05-02,9.242941856384277,9.300209374754429,9.220035504408454,9.294482513688708,183800
2017-05-03,9.220037460327148,9.248670679442883,9.202856873485333,9.208583735765938,138900
2017-05-04,9.20858097076416,9.248667902404458,9.168494039123862,9.23148841300831,105300
2017-05-05,9.220037460327148,9.254397541723488,9.197130011204727,9.202856873485333,109800
2017-05-08,9.225760459899902,9.254393667027278,9.208579880251374,9.214306740134218,68900
2017-05-09,9.288752555847168,9.294479415003613,9.254392493195198,9.283025696690723,85500
2017-05-10,9.283025741577148,9.3231137558661,9.248665678759036,9.288752600761285,120500
2017-05-11,9.242941856384277,9.294482513688708,9.179948569235467,9.294482513688708,91400
2017-05-12,9.277301788330078,9.277301788330078,9.208580556972612,9.237213766204187,148900
2017-05-15,9.363203048706055,9.414743702127078,9.27157546313245,9.317389255919252,193400
2017-05-16,9.294482231140137,9.386109820832113,9.283028509356884,9.386109820832113,50600
2017-05-17,9.099775314331055,9.242943036244712,9.059687827897374,9.225763543141651,137200
2017-05-18,9.179947853088379,9.179947853088379,9.09404658223449,9.09404658223449,108600
2017-05-19,9.237215042114258,9.254395625398457,9.185675476835788,9.19712810673819,112200
2017-05-22,9.288752555847168,9.323113710785835,9.254392493195198,9.300206274160058,71000
2017-05-23,9.277301788330078,9.305934997561655,9.260121207418983,9.300208137257957,65900
2017-05-24,9.311661720275879,9.386108718550098,9.283027419180486,9.351748649522527,125100
2017-05-25,9.340292930603027,9.414741005234978,9.328840304902213,9.328840304902213,101800
2017-05-26,9.311661720275879,9.391835578769175,9.283027419180486,9.34602178930345,185600
2017-05-30,9.380382537841797,9.414743701645376,9.300208673540741,9.32311611607646,100800
2017-05-31,9.311661720275879,9.397562438988254,9.27157479102923,9.386108718550098,146800
2017-06-01,9.363203048706055,9.3746567699745,9.265848602498227,9.317389255919252,135500
2017-06-02,9.409014701843262,9.420468420507083,9.334566622815155,9.357474060142797,92500
2017-06-05,9.409014701843262,9.477734829252729,9.363200919474707,9.409014701843262,108400
2017-06-06,9.466285705566406,9.48346519763212,9.368931245474538,9.386110737540251,79100
2017-06-07,9.483466148376465,9.56364112444039,9.44910606851321,9.56364112444039,95000
2017-06-08,9.380382537841797,9.506371287214291,9.363203048226987,9.477736984044643,82200
2017-06-09,9.42619514465332,9.512096951067402,9.35174815035287,9.420469377026768,78400
2017-06-12,9.454829216003418,9.477735562817251,9.374655363724779,9.420469149639262,62100
2017-06-13,9.46413516998291,9.533937633391513,9.452501056251426,9.522304629150181,60900
2017-06-14,9.522307395935059,9.551391579224266,9.45832086131023,9.516490337379121,58400
2017-06-15,9.539753913879395,9.557205083056385,9.469951456151556,9.522303854192465,88700
2017-06-16,9.557206153869629,9.557206153869629,9.469952517188684,9.539754982737366,116000
2017-06-19,9.56884479522705,9.632830234004821,9.545576556041892,9.586294865125211,61600
2017-06-20,9.493224143981934,9.568844811975351,9.481590024368991,9.568844811975351,166700
2017-06-21,9.551389694213867,9.59792504398692,9.48158611480916,9.504854344440814,112300
2017-06-22,9.481587409973145,9.574658122232506,9.452503228450997,9.568842173520402,150300
2017-06-23,9.603741645812988,9.603741645812988,9.487402722154107,9.533938069719618,78200
2017-06-26,9.551389694213867,9.650277451167888,9.545572636805954,9.621193273618575,126600
2017-06-27,9.557206153869629,9.603741500732147,9.5164878640512,9.586290329599883,73600
2017-06-28,9.621195793151855,9.650279978317537,9.580476380633137,9.609561675289365,98500
2017-06-29,9.533939361572266,9.65027830099512,9.516489297302085,9.65027830099512,81900
2017-06-30,9.609560012817383,9.64446125087633,9.557207600983785,9.557207600983785,174700
2017-07-03,9.731715202331543,9.731715202331543,9.650278607840358,9.69099690508595,67300
2017-07-05,9.56884479522705,9.731718031560328,9.56884479522705,9.731718031560328,241000
2017-07-06,9.632829666137695,9.638646725591062,9.53975893386511,9.551393052771845,55300
2017-07-07,9.56884479522705,9.67354854308814,9.56884479522705,9.621197223902952,156300
2017-07-10,9.627010345458984,9.632827403546022,9.551390809308279,9.586292048340114,96500
2017-07-11,9.720080375671387,9.725897433351353,9.586291377503091,9.586291377503091,77400
2017-07-12,9.661910057067871,9.76661485507789,9.65027594406896,9.71426245607288,89200
2017-07-13,9.592107772827148,9.737530876313594,9.481585903520184,9.714263756690682,317900
2017-07-14,9.696813583374023,9.696813583374023,9.574657586931616,9.574657586931616,71800
2017-07-17,9.685178756713867,9.702629929064798,9.603742171390051,9.702629929064798,113700
2017-07-18,9.679363250732422,9.679363250732422,9.603743710738142,9.673546192349717,82900
2017-07-19,9.685178756713867,9.696812871614489,9.59210805648943,9.685178756713867,163300
2017-07-20,9.70844841003418,9.714265468337427,9.621194754466325,9.702631351730933,71500
2017-07-21,9.731715202331543,9.731715202331543,9.667729782155778,9.69099690508595,55100
2017-07-24,9.667730331420898,9.766618105845742,9.661913272985267,9.766618105845742,60900
2017-07-25,9.673545837402344,9.75498354228161,9.673545837402344,9.696814070079391,50000
2017-07-26,9.725899696350098,9.766619109584353,9.708449628740267,9.708449628740267,44300
2017-07-27,9.784066200256348,9.795700314783437,9.69681256028363,9.76661613795594,63300
2017-07-28,9.778249740600586,9.784066798219646,9.667728974309327,9.702630210533393,125500
2017-07-31,9.784066200256348,9.789883257519893,9.749164966165306,9.778249142992802,62700
2017-08-01,9.84223747253418,9.865504596374933,9.766617933188687,9.766617933188687,66300
2017-08-02,9.85387134552002,9.882955526974339,9.789884814932034,9.859688403708965,65600
2017-08-03,9.84223747253418,9.877138713040527,9.830603355868586,9.853871589199771,65700
2017-08-04,9.824784278869629,9.87713668361769,9.801517159809492,9.848052507419968,109100
2017-08-07,9.882956504821777,9.888773563586277,9.836421144196285,9.853872320489787,62700
2017-08-08,9.859689712524414,9.912042133683984,9.836421476679915,9.848055594602164,87200
2017-08-09,9.749168395996094,9.848056185285367,9.743351336686063,9.801520820295744,94800
2017-08-10,9.609560012817383,9.749166074543524,9.522306362924839,9.72589784284399,147400
2017-08-11,9.644461631774902,9.650278689929525,8.975515476858888,9.458320208788574,376100
2017-08-14,9.714262962341309,9.720078909653784,9.63282527659482,9.673543564722994,125400
2017-08-15,9.720080375671387,9.725897433351353,9.650277902492409,9.708447369801762,109400
2017-08-16,9.737532615661621,9.754983790613661,9.685180200295934,9.737532615661621,118900
2017-08-17,9.65027904510498,9.737532701654866,9.621194862751832,9.737532701654866,98800
2017-08-18,9.632829666137695,9.64446378504443,9.580477240548035,9.627012606684328,101700
2017-08-21,9.621195793151855,9.64446291938629,9.551392195467455,9.64446291938629,66500
2017-08-22,9.673545837402344,9.702631128248653,9.638644597877173,9.638644597877173,102700
2017-08-23,9.690995216369629,9.696812273461111,9.627008697853526,9.679361102186666,72700
2017-08-24,9.661910057067871,9.720078403082253,9.615374714562316,9.720078403082253,157900
2017-08-25,9.644461631774902,9.696814045676108,9.592109217873698,9.656095748084148,210700
2017-08-28,9.656096458435059,9.667730575600167,9.63282822410484,9.667730575600167,42200
2017-08-29,9.685178756713867,9.685178756713867,9.60955922884036,9.627009291701029,48500
2017-08-30,9.702630996704102,9.708448054794498,9.661912699561713,9.661912699561713,47800
2017-08-31,9.725899696350098,9.743350873450492,9.69099845163987,9.743350873450492,50500
2017-09-01,9.743348121643066,9.760799293814738,9.679361599837186,9.743348121643066,82700
2017-09-05,9.673545837402344,9.743349425943086,9.656095772384958,9.743349425943086,59100
2017-09-06,9.70844841003418,9.714265468337427,9.685180176821191,9.70844841003418,40500
2017-09-07,9.673545837402344,9.7258982514353,9.656095772384958,9.7258982514353,61500
2017-09-08,9.638643264770508,9.70844684365682,9.638643264770508,9.702629786292105,90200
2017-09-11,9.714262962341309,9.7258959664564,9.661910560607902,9.673543564722994,51900
2017-09-12,9.720080375671387,9.795701016020637,9.714264427481728,9.795701016020637,68700
2017-09-13,9.737532615661621,9.754983790613661,9.720081440709583,9.720081440709583,59300
2017-09-14,9.722745895385742,9.78188690918666,9.71683168120355,9.758230052457886,76300
2017-09-15,9.734574317932129,9.781888036844006,9.716832801361319,9.764145392252052,56400
2017-09-18,9.793717384338379,9.811460032636555,9.746404783564625,9.752318999664016,99500
2017-09-19,9.835114479064941,9.835114479064941,9.793716099820282,9.835114479064941,65200
2017-09-20,9.882427215576172,9.900169861802109,9.8410288357369,9.87059991278013,70800
2017-09-21,9.846940994262695,9.935651950819455,9.846940994262695,9.876512065128958,118400
2017-09-22,9.882427215576172,9.911998292619401,9.864685697371483,9.882427215576172,112400
2017-09-25,9.852856636047363,9.935653390427554,9.841028205987,9.906083443297822,99400
2017-09-26,9.929740905761719,9.953396639296239,9.858771449115672,9.858771449115672,99500
2017-09-27,9.923827171325684,9.965225553033376,9.906084524298972,9.953397121682235,69600
2017-09-28,9.971138954162598,9.988880471718696,9.911997930259448,9.935653663007983,132800
2017-09-29,10.030279159545898,10.059850236420543,9.971139261839095,10.036193374920828,127200
2017-10-02,10.071677207946777,10.083504508961807,10.030277706320396,10.083504508961807,141900
2017-10-03,10.077591896057129,10.107161842015952,10.053935036873167,10.083504982831988,88600
2017-10-04,9.994792938232422,10.107160751186527,9.99479293823242,10.042105523472937,87900
2017-10-05,10.101248741149902,10.107162956598092,10.012537765469576,10.065764576482023,96100
2017-10-06,10.101248741149902,10.154475552162351,10.095334525701714,10.148561336714161,106700
2017-10-09,10.101248741149902,10.16630398305873,10.071678791930212,10.113077172046282,120900
2017-10-10,10.071677207946777,10.160388169675437,10.071677207946777,10.142645526121274,91500
2017-10-11,10.142645835876465,10.16630269467116,10.077591730233278,10.107161675705534,88600
2017-10-12,10.148560523986816,10.178130470838456,10.142646309012255,10.178130470838456,63600
2017-10-13,10.166301727294922,10.189957455817538,10.148559084887204,10.184043241681634,32100
2017-10-16,10.189960479736328,10.219531559191214,10.18404626384535,10.219531559191214,74800
2017-10-17,10.178131103515625,10.237272128916304,10.142646939483713,10.142646939483713,109800
2017-10-18,10.27275562286377,10.290497137763698,10.195871964893952,10.219528822121909,95700
2017-10-19,10.260927200317383,10.284582929538288,10.15447359877071,10.260927200317383,106200
2017-10-20,10.337811470031738,10.349639900643282,10.290498875606788,10.29641309091256,90800
2017-10-23,10.355554580688477,10.426522911500221,10.320070415282604,10.320070415282604,112700
2017-10-24,10.467921257019043,10.473834343911733,10.402866020987915,10.420608665729446,126000
2017-10-25,10.373295783996582,10.491576694898235,10.30232633503869,10.432435675436846,111700
2017-10-26,10.367382049560547,10.462007233874225,10.367382049560547,10.420608856739637,103500
2017-10-27,10.456092834472656,10.46792126430858,10.3792091685603,10.438350189718768,124000
2017-10-30,10.444265365600586,10.456093796524831,10.367382820635518,10.45017958106271,84500
2017-10-31,10.450177192687988,10.47383292110873,10.367380451183887,10.47383292110873,103000
2017-11-01,10.467921257019043,10.527061150115173,10.438350182449824,10.527061150115173,88900
2017-11-02,10.456092834472656,10.485662781041313,10.438350189718768,10.473834351205388,60900
2017-11-03,10.485665321350098,10.509322186753176,10.426524285863831,10.479751104999327,68900
2017-11-06,10.47974967956543,10.51523497284341,10.444265514308725,10.4738354640191,92800
2017-11-07,10.450177192687988,10.527059720081652,10.450177192687988,10.456091406798423,60800
2017-11-08,10.391036033630371,10.479746987998688,10.391036033630371,10.438348617828206,64800
2017-11-09,10.408778190612793,10.432433917598745,10.325980326109626,10.379207121854185,76800
2017-11-10,10.402865409851074,10.432435354661996,10.39103698071827,10.426521140095593,43700
2017-11-13,10.385123252868652,10.414694327086561,10.314154930787955,10.37920903802507,78200
2017-11-14,10.29641056060791,10.361465784963096,10.219528036568924,10.361465784963096,111700
2017-11-15,10.302327156066895,10.308241371286469,10.201787753376538,10.27275720799023,114100
2017-11-16,10.420609474182129,10.432436776906249,10.331897371613152,10.337811586985834,108500
2017-11-17,10.444265365600586,10.467922227449074,10.408781200849113,10.456093796524831,75400
2017-11-20,10.473835945129395,10.509321240037375,10.44426599406074,10.467922857332725,81900
2017-11-21,10.544803619384766,10.615773069148764,10.497491028882479,10.497491028882479,103400
2017-11-22,10.615776062011719,10.615776062011719,10.538892375756785,10.538892375756785,77400
2017-11-24,10.63942813873291,10.663084996523423,10.556631392508248,10.556631392508248,52100
2017-11-27,10.645342826843262,10.698569631219167,10.615772881310477,10.692655416508387,66700
2017-11-28,10.680827140808105,10.680827140808105,10.603944604503681,10.66899983923744,56500
2017-11-29,10.692654609680176,10.716311466738237,10.680826181151145,10.69856882394469,70200
2017-11-30,10.816854476928711,10.822767565153129,10.704486624300818,10.728142361262718,81300
2017-12-01,10.781367301940918,10.840508326078709,10.704484760176637,10.822765680431008,79400
2017-12-04,10.84642219543457,10.893734787631903,10.781366958155296,10.781366958155296,76700
2017-12-05,10.840508460998535,10.946962080167228,10.78136743612468,10.78136743612468,107100
2017-12-06,10.875991821289062,10.917390197236235,10.822765015636659,10.846421875047124,94700
2017-12-07,10.905563354492188,10.935133301978523,10.840508116396823,10.905563354492188,60900
2017-12-08,10.923304557800293,10.964704062320857,10.864164664527518,10.917390342868783,104400
2017-12-11,10.964705467224121,10.970618554892113,10.911478654041767,10.95287703584553,62300
2017-12-12,11.017929077148438,11.017929077148438,10.946960758286446,10.994273346868136,59000
2017-12-13,11.029757499694824,11.082984302819991,10.994273340285075,11.082984302819991,60600
2017-12-14,11.050764083862305,11.092782015413432,11.020751602726577,11.086779290205731,74000
2017-12-15,11.050764083862305,11.140802672172256,11.044761358654606,11.140802672172256,65300
2017-12-18,11.1588134765625,11.158813476562502,11.062772140419659,11.086781902003851,112800
2017-12-19,11.164816856384277,11.182823892400167,11.1047907315574,11.182823892400167,81600
2017-12-20,11.212838172912598,11.236847937283995,11.14680931731071,11.206835445593956,92200
2017-12-21,11.170818328857422,11.224841720644394,11.152810149960775,11.200830815448862,82100
2017-12-22,11.27286434173584,11.33889205267201,11.164817539418067,11.194830031216037,116600
2017-12-26,11.218842506408691,11.296875682916534,11.188828865518493,11.188828865518493,50300
2017-12-27,11.284865379333496,11.3028735561325,11.236844719438995,11.254852896237999,85800
2017-12-28,11.308879852294922,11.332889617371375,11.254856449743894,11.266861904733723,116600
2017-12-29,11.308879852294922,11.488957097529543,11.23684826725915,11.386913019922403,194300
2018-01-02,11.362902641296387,11.440935804710403,11.242850387686827,11.398917859417999,139200
2018-01-03,11.218842506408691,11.386914315780457,11.164819097709671,11.338893635259476,308900
2018-01-04,11.212838172912598,11.302876792885883,11.200832718275315,11.200832718275315,136300
2018-01-05,11.254853248596191,11.314879361569279,11.2368450712334,11.2368450712334,93500
2018-01-08,11.380908012390137,11.434931404118181,11.266859647544683,11.332887346954426,116600
2018-01-09,11.362902641296387,11.488956477173598,11.362902641296387,11.488956477173598,135700
2018-01-10,11.302877426147461,11.398918778820256,11.302877426147461,11.392916051165303,88400
2018-01-11,11.332889556884766,11.42893205138759,11.332889556884766,11.38091023168458,94700
2018-01-12,11.350900650024414,11.422932253147048,11.32088814991702,11.332892463017883,131800
2018-01-16,11.350900650024414,11.506968169370547,11.350900650024414,11.446942024252266,124500
2018-01-17,11.464948654174805,11.482955693832263,11.362904564803646,11.362904564803646,148500
2018-01-18,11.554984092712402,11.560986819239837,11.428930270345353,11.476950937661803,154300
2018-01-19,11.566987991333008,11.615008652196181,11.536974362729232,11.609005926475426,92500
2018-01-22,11.56098747253418,11.578995653134097,11.530973838200985,11.542979291934264,85200
2018-01-23,11.572993278503418,11.603005768846991,11.53697691620739,11.560987824404743,70200
2018-01-24,11.58499813079834,11.639021531871856,11.530974729724823,11.627017222113542,82000
2018-01-25,11.58499813079834,11.639021531871856,11.54298018438631,11.572993821040026,89900
2018-01-26,11.657031059265137,11.699049010526686,11.578997884765588,11.578997884765588,79500
2018-01-29,11.530972480773926,11.61500950211094,11.530972480773926,11.61500950211094,86200
2018-01-30,11.398916244506836,11.494957575826827,11.38090806554572,11.494957575826827,101500
2018-01-31,11.458945274353027,11.51296868005993,11.43493436297073,11.51296868005993,77800
2018-02-01,11.380908012390137,11.506962974723235,11.380908012390137,11.42892982272882,77700
2018-02-02,11.152812957763672,11.332890212454032,11.086784096755684,11.332890212454032,157500
2018-02-05,10.408490180969238,11.074777975204917,10.234414537648789,11.020754578650505,560900
2018-02-06,10.642593383789062,10.654598840357819,10.030328837622681,10.132372928650412,303300
2018-02-07,10.78065013885498,10.924713293653546,10.564557696463293,10.594570185852863,168300
2018-02-08,10.46851634979248,10.77464854996193,10.46851634979248,10.762643096252598,103600
2018-02-09,10.546548843383789,10.594569510286897,10.210404175062026,10.534543390432258,139900
2018-02-12,10.774651527404785,10.8286749391224,10.558557880534325,10.63058833288888,86800
2018-02-13,10.78065013885498,10.834673535678672,10.696614252641718,10.720625160075839,61400
2018-02-14,10.834673881530762,10.864687516781474,10.690611867036694,10.750637992635001,214600
2018-02-15,10.888700485229492,10.90670867168073,10.750641157147022,10.882697756412412,181000
2018-02-16,10.924713134765625,11.014751746527905,10.876692465498872,10.912707681223171,99800
2018-02-20,10.888700485229492,10.954729357313914,10.834677070779229,10.924716858131971,66400
2018-02-21,10.846678733825684,11.00274619376096,10.840676007108591,10.900702129376475,41900
2018-02-22,10.840677261352539,10.912708845388515,10.834674533940943,10.870690898410524,59400
2018-02-23,10.90670394897461,10.948721887596546,10.822668071730734,10.828670797948575,127700
2018-02-26,11.116795539855957,11.140805301450392,10.96072808233149,11.002746023799032,76800
2018-02-27,11.044763565063477,11.104789684229097,10.990740172304717,11.104789684229097,86200
2018-02-28,10.888700485229492,11.104794143030542,10.888700485229492,11.03876527094612,72200
2018-03-01,10.79865837097168,11.014751959297843,10.744634973890138,10.888696984473219,112000
2018-03-02,10.852681159973145,10.85868388652399,10.630584857203944,10.798657765918556,91300
2018-03-05,10.882697105407715,10.88869983386571,10.624586651134225,10.822672110634532,105800
2018-03-06,10.900703430175781,10.960729559606683,10.804662081047612,10.930715922439635,63600
2018-03-07,10.888700485229492,10.91271140049781,10.834677070779229,10.834677070779229,51700
2018-03-08,10.924713134765625,10.984738112671769,10.882694047367034,10.912707681223171,84300
2018-03-09,11.06877326965332,11.086780302017024,10.972731947370665,10.990738979734369,85700
2018-03-12,11.020753860473633,11.1468076809508,10.960727741002266,11.09278428791687,80200
2018-03-13,10.972733497619629,11.092784594982563,10.942719864601619,11.062772106867587,112900
2018-03-14,10.917776107788086,11.094854699252927,10.911670993633901,11.094854699252927,89100
2018-03-15,10.960522651672363,10.984946608026302,10.887248453302805,10.954416371420411,81800
2018-03-16,10.948310852050781,11.003266213483753,10.936098290698132,10.948310852050781,131900
2018-03-19,10.862825393676758,10.936098433441146,10.77123234699032,10.923885871929091,126600
2018-03-20,10.929993629455566,10.972736435868843,10.893357104623348,10.893357104623348,114400
2018-03-21,10.978838920593262,11.015476597409048,10.917777290554007,10.960521246839091,56100
2018-03-22,10.746805191040039,10.92998890060091,10.734592633161682,10.92998890060091,106700
2018-03-23,10.557517051696777,10.820080104147833,10.55141077168808,10.801762428775564,128600
2018-03-26,10.77122974395752,10.807867419639626,10.64300137303121,10.64300137303121,88800
2018-03-27,10.636896133422852,10.850611270509344,10.636896133422852,10.765124516882466,114800
2018-03-28,10.691850662231445,10.734593453418155,10.636895312233188,10.66742554460835,176100
2018-03-29,10.850610733032227,10.86282329218167,10.697957237625427,10.704063517200149,169400
2018-04-02,10.624682426452637,10.86892777189853,10.514771729838564,10.86892777189853,140100
2018-04-03,10.685744285583496,10.734593355731445,10.600258703988011,10.667425447532878,140500
2018-04-04,10.728487014770508,10.77733608463793,10.526984455985684,10.594152363798523,185800
2018-04-05,10.93609619140625,10.991051542289998,10.783442697763332,10.801761536275826,88900
2018-04-06,10.887247085571289,10.960521274735635,10.765123825181952,10.87503452660161,109000
2018-04-09,10.844503402709961,10.984944325359692,10.83839712372689,10.929988979165687,66600
2018-04-10,11.009369850158691,11.039900081554247,10.960520781133596,11.015476129368537,77000
2018-04-11,10.966625213623047,10.997156607773384,10.868927081649172,10.991050328943317,85300
2018-04-12,11.01547908782959,11.052115608274574,10.966628841030962,10.966628841030962,81600
2018-04-13,10.954414367675781,11.094855293820093,10.911671578384352,11.052112504528663,78100
2018-04-16,11.094857215881348,11.125387452191775,10.978840221524766,11.033795578606627,101300
2018-04-17,11.125387191772461,11.204767667767644,11.107069516276523,11.149812311972159,69700
2018-04-18,11.155919075012207,11.186449311929787,11.10706999715175,11.174236751301201,101800
2018-04-19,11.223087310791016,11.235299873031856,11.100965182344712,11.107071463465134,164700
2018-04-20,11.192554473876953,11.351314252223535,11.155917960305825,11.23529726715223,224900
2018-04-23,11.204766273498535,11.284145574962292,11.1681297624117,11.1681297624117,92900
2018-04-24,11.107068061828613,11.290251780723473,11.003263643880546,11.271932942972514,98200
2018-04-25,11.088750839233398,11.107069679652627,10.991052686305217,11.058220603188536,78300
2018-04-26,11.174236297607422,11.247510493749989,11.070431865786857,11.143706061929423,167500
2018-04-27,11.345207214355469,11.39405628407047,11.204766284506555,11.25972163351764,96900
2018-04-30,11.332998275756836,11.418485048554594,11.308574315424664,11.345210838249953,92800
2018-05-01,11.339101791381836,11.369633190167981,11.30246527749224,11.351314350896294,135200
2018-05-02,11.363526344299316,11.412375415269794,11.31467727332884,11.31467727332884,69400
2018-05-03,11.351313591003418,11.381843823091996,11.253615450735532,11.345207311654963,128000
2018-05-04,11.44901180267334,11.449011802673338,11.326888544250007,11.332994823636545,101100
2018-05-07,11.55892276763916,11.55892276763916,11.44901206546609,11.51007369607932,112700
2018-05-08,11.534497261047363,11.571134936973577,11.485648191132775,11.558922378331506,78500
2018-05-09,11.687150001525879,11.69936255938571,11.540602801168765,11.55892163795851,83700
2018-05-10,11.919185638427734,11.980247271762748,11.693257944484321,11.699364224283201,121600
2018-05-11,11.998565673828125,11.998565673828125,11.80927564720371,11.968035437636846,54300
2018-05-14,11.858124732971191,12.084052440782559,11.772639139847145,11.968035446790026,130500
2018-05-15,11.754319190979004,11.870336174031975,11.742106631783164,11.80316826310861,127900
2018-05-16,11.778745651245117,11.8459124051666,11.70547145237619,11.70547145237619,94200
2018-05-17,11.803170204162598,11.833700442519202,11.748214843397557,11.772639965805991,83400
2018-05-18,11.858124732971191,11.88865496918582,11.766532859673449,11.766532859673449,89100
2018-05-21,12.059625625610352,12.065731904926066,11.827592834881676,11.827592834881676,105900
2018-05-22,11.992460250854492,12.21228169403641,11.98024885429745,12.071840734071936,119400
2018-05-23,12.0657320022583,12.065732002258299,11.93139735019001,11.955821302996199,48500
2018-05-24,12.114583969116211,12.132902811591157,12.010779524399485,12.06573488717034,54500
2018-05-25,12.004672050476074,12.126795325530383,11.998565770257972,12.108476484876077,59300
2018-05-29,11.882548332214355,11.974141367415688,11.83369925694543,11.931398572137105,86000
2018-05-30,12.053519248962402,12.084050645294433,11.882546923464085,11.882546923464085,91600
2018-05-31,12.181753158569336,12.181753158569336,11.96193168465823,12.09626638279607,87800
2018-06-01,11.943612098693848,12.181752402195952,11.937505817613895,12.181752402195952,104600
2018-06-04,11.809276580810547,12.047415702959903,11.803170300158776,11.94361126118768,149300
2018-06-05,11.705469131469727,11.821486104736435,11.674938900709163,11.815379825653594,133100
2018-06-06,11.797062873840332,11.827594274134148,11.71157728232532,11.778745198317878,92300
2018-06-07,11.772637367248535,11.870335506009628,11.729893412468584,11.85812294750107,73500
2018-06-08,11.71768569946289,11.839807828949356,11.6993668559456,11.748215940670995,77500
2018-06-11,11.882548332214355,11.900867172185388,11.803169021647532,11.845911816926115,74200
2018-06-12,11.919185638427734,11.94971587276835,11.833698885897203,11.906973078829974,84100
2018-06-13,11.919185638427734,11.96803471216499,11.784849812159948,11.96803471216499,109200
2018-06-14,11.987433433532715,12.006047886938719,11.91297798680468,12.006047886938719,70700
2018-06-15,11.801295280456543,11.999844744041605,11.75786273322833,11.875750737576864,95400
2018-06-18,11.73304271697998,11.782680079738961,11.714428262152332,11.714428262152332,82100
2018-06-19,11.745454788208008,11.745454788208008,11.621360763863477,11.683407776035741,74900
2018-06-20,11.646181106567383,11.764069138676444,11.63377146630903,11.757865501995699,59000
2018-06-21,11.658589363098145,11.683407457220826,11.602747172011751,11.664792999042596,52000
2018-06-22,11.826116561889648,11.850935843257098,11.664794783346641,11.664794783346641,81000
2018-06-25,11.553108215332031,11.74545285632588,11.54069857824904,11.74545285632588,109600
2018-06-26,11.559313774108887,11.652384884271944,11.497267945264616,11.509676400964473,53200
2018-06-27,11.404196739196777,11.714430614602492,11.385583464079357,11.627565508192353,85400
2018-06-28,11.255284309387207,11.422810881495527,11.218056576734785,11.410401242795292,117100
2018-06-29,11.466243743896484,11.546905214183283,11.292513531183344,11.292513531183344,173000
2018-07-02,11.6089506149292,11.608950614929201,11.42281077003511,11.429015589324681,93100
2018-07-03,11.528289794921875,11.708225995606478,11.522084975920867,11.63376935104259,65200
2018-07-05,11.6089506149292,11.608950614929201,11.5282903310613,11.571722882640037,47300
2018-07-06,11.416606903076172,11.54070093232254,11.3669695280673,11.491063557313668,88800
2018-07-09,11.615154266357422,11.627563903688824,11.491061443387865,11.540698809265319,136700
2018-07-10,11.528289794921875,11.652383808045617,11.50967533791885,11.63376935104259,70700
2018-07-11,11.460040092468262,11.608952225735571,11.44142681546512,11.528291930675609,90600
2018-07-12,11.478654861450195,11.565519978995496,11.472450041132891,11.497269322402103,56100
2018-07-13,11.441425323486328,11.553109704735112,11.422810865462104,11.553109704735112,131300
2018-07-16,11.4476318359375,11.515882491890729,11.38558481679492,11.38558481679492,78900
2018-07-17,11.6089506149292,11.608950614929201,11.429015589324681,11.4476300471934,55800
2018-07-18,11.559313774108887,11.602747511127532,11.509676400964473,11.534495679260843,80300
2018-07-19,11.590336799621582,11.590336799621582,11.52828979306968,11.571722342621547,43900
2018-07-20,11.577929496765137,11.633771695579796,11.546906578956307,11.584134317016593,48800
2018-07-23,11.497269630432129,11.596544391271765,11.497269630432129,11.565520288854067,72100
2018-07-24,11.683408737182617,11.683408737182619,11.590338802991894,11.646181000196012,72600
2018-07-25,11.664793014526367,11.702021930932242,11.590337548611204,11.677202653328324,76900
2018-07-26,11.658589363098145,11.69581709600631,11.590337533226265,11.590337533226265,44000
2018-07-27,11.73924732208252,11.776475047613717,11.658587052856918,11.658587052856918,73300
2018-07-30,11.633769035339355,11.782681136977917,11.621359397674096,11.751658226262952,68400
2018-07-31,11.720634460449219,11.720634460449219,11.652383818274641,11.670997091845791,65300
2018-08-01,11.71442985534668,11.745453950945453,11.670997304956636,11.745453950945453,59400
2018-08-02,11.73924732208252,11.74545214024573,11.63997259836729,11.664790687572069,48900
2018-08-03,11.726839065551758,11.76406679546322,11.658588424622112,11.695816154533572,34600
2018-08-06,11.639976501464844,11.77647899648306,11.602748763450503,11.689613879966782,84700
2018-08-07,11.813704490661621,11.826112944100938,11.62135866925083,11.677200851796142,75200
2018-08-08,11.90677547454834,11.9253887481105,11.801295918385968,11.819909191948128,68000
2018-08-09,11.981229782104492,12.030867145904715,11.900569509722171,11.93159241830427,78900
2018-08-10,11.782681465148926,11.95641284695677,11.77647664614348,11.912980297366865,66300
2018-08-13,11.782681465148926,11.86334292877151,11.75786337257536,11.850933290760619,87900
2018-08-14,11.912979125976562,11.950206852900461,11.838522488680665,11.844727307075997,55300
2018-08-15,11.84472942352295,11.87575233759477,11.776477592426971,11.81370650945113,73900
2018-08-16,12.018461227416992,12.049484142542296,11.826115366605373,11.826115366605373,55100
2018-08-17,12.092916488647461,12.11773576707857,12.018461020250802,12.043279115233577,58600
2018-08-20,12.254236221313477,12.285259130772989,12.142551853742209,12.142551853742209,107000
2018-08-21,12.266647338867188,12.30387507140103,12.229418422885065,12.30387507140103,81000
2018-08-22,12.322489738464355,12.35971747162983,12.223214994390887,12.248033088685103,77700
2018-08-23,12.279056549072266,12.322489099420961,12.223214360495874,12.322489099420961,78300
2018-08-24,12.192191123962402,12.353512881944118,12.185986304411378,12.30387550898423,90900
2018-08-27,12.198394775390625,12.285259873890112,12.185985137476923,12.192189956433774,67700
2018-08-28,12.223214149475098,12.2976696106594,12.204599692454913,12.229417785033608,51600
2018-08-29,12.29766845703125,12.353510639405105,12.198393729132867,12.198393729132867,56800
2018-08-30,12.254236221313477,12.334896495977093,12.217008493272433,12.297668767936049,35900
2018-08-31,12.1549654006958,12.297672723630106,12.1549654006958,12.173579862427955,97500
2018-09-04,12.210803985595703,12.260441352063646,12.111529252659816,12.11773407139933,45000
2018-09-05,12.142553329467773,12.279056987954911,12.130143690796528,12.185985881368852,81400
2018-09-06,12.130141258239746,12.229415980804776,12.11773280550515,12.136346076331067,49700
2018-09-07,12.09912109375,12.192191019319953,12.09912109375,12.130144007790546,91700
2018-09-10,12.179780006408691,12.179780006408691,12.117734185326553,12.123939004124402,42200
2018-09-11,12.080503463745117,12.223211907831795,12.080503463745117,12.105322735220366,74500
2018-09-12,12.192191123962402,12.235623677371265,12.099121197593655,12.099121197593655,44500
2018-09-13,12.223714828491211,12.311973517711422,12.204803196986795,12.2426276624137,81000
2018-09-14,12.15436840057373,12.217408766272726,12.116542738252853,12.16697575226279,82300
2018-09-17,12.072409629821777,12.179579896088288,12.034585183615205,12.179579896088288,68800
2018-09-18,12.10393238067627,12.173277006207718,12.047195103702975,12.047195103702975,67600
2018-09-19,12.122845649719238,12.18588721073477,12.066108365047036,12.141758478749226,75100
2018-09-20,12.343487739562988,12.343487739562987,12.110234376922472,12.110234376922472,63900
2018-09-21,12.381314277648926,12.419139933600736,12.31827392256464,12.419139933600736,86000
2018-09-24,12.280448913574219,12.37501065360007,12.248928734371521,12.37501065360007,64300
2018-09-25,12.324575424194336,12.330879699382223,12.230013701211135,12.29305525067245,94500
2018-09-26,12.444356918334961,12.488485651702103,12.324578068897146,12.425444088712842,178400
2018-09-27,12.393924713134766,12.482182185599394,12.393924713134766,12.419141820934877,57400
2018-09-28,12.475878715515137,12.475878715515137,12.356099862098,12.356099862098,39600
2018-10-01,12.55152416229248,12.64608588257105,12.501091164649408,12.570436987315198,130100
2018-10-02,12.627174377441406,12.639781725156332,12.50109128095197,12.55152427906424,76700
2018-10-03,12.576743125915527,12.709129313438705,12.570438849973803,12.595654751323016,63500
2018-10-04,12.450658798217773,12.557829073944704,12.368705623799565,12.551524798617525,65900
2018-10-05,12.217408180236816,12.444357333604346,12.179583722148175,12.444357333604346,126500
2018-10-08,12.110237121582031,12.198495788149797,12.053501039212582,12.09762977128758,73900
2018-10-09,12.04089641571045,12.185891211962664,12.04089641571045,12.066112326945627,61200
2018-10-10,11.561777114868164,12.078715698670724,11.536560012039919,12.02828269543188,166000
2018-10-11,11.448302268981934,11.612209825989314,11.410477818108726,11.52395237314596,141800
2018-10-12,11.605908393859863,11.675254239464984,11.492433811021636,11.612212670952866,84500
2018-10-15,11.574386596679688,11.612211051544898,11.47352058209397,11.612211051544898,48000
2018-10-16,11.782422065734863,11.788726341501205,11.580690050882602,11.593297399997626,64200
2018-10-17,11.8013334274292,11.807637703054944,11.68155579779292,11.78242180296959,47300
2018-10-18,11.637430191040039,11.75720906758482,11.59330144768619,11.744600511649987,71900
2018-10-19,11.668947219848633,11.788726051628547,11.624818492986988,11.624818492986988,79900
2018-10-22,11.687862396240234,11.71938257821559,11.599603722357081,11.6689495656043,36400
2018-10-23,11.523953437805176,11.561777892172856,11.29070003063274,11.391566043891705,152300
2018-10-24,11.259180068969727,11.561778114567188,11.25287579271756,11.505040830715446,44600
2018-10-25,11.303308486938477,11.366350045294588,11.240266928582365,11.259179756814513,101600
2018-10-26,11.252876281738281,11.265484834790549,11.10157725236449,11.221354899107617,103600
2018-10-29,11.095273971557617,11.397872057461157,11.057449511424153,11.3474390431439,107900
2018-10-30,11.044840812683105,11.133098285978695,10.925061954340597,10.994407799025927,121500
2018-10-31,11.208747863769531,11.297005332782433,11.088969011239286,11.133097745745737,106600
2018-11-01,11.334829330444336,11.372654989129606,11.183530302956612,11.189834579404156,52700
2018-11-02,11.37895679473877,11.454606901258753,11.303307890636438,11.347436618432408,45300
2018-11-05,11.498737335205078,11.498737335205076,11.366351132174078,11.38526275979689,52600
2018-11-06,11.58069133758545,11.593298688101246,11.441999660151577,11.473521042485544,43300
2018-11-07,11.876985549926758,11.902201454295247,11.599603387366397,11.656340675217784,90400
2018-11-08,11.889592170715332,11.971545349614054,11.851766516684256,11.908503795313232,82700
2018-11-09,11.8013334274292,11.883287808146262,11.788726078595335,11.864374981269025,94700
2018-11-12,11.7130765914917,11.763509596740905,11.631123408868374,11.719380867450061,76000
2018-11-13,11.549168586730957,11.744596324373148,11.536560035291423,11.668947420571238,96800
2018-11-14,11.353742599487305,11.643732112798189,11.353742599487305,11.612211931757555,47900
2018-11-15,11.353742599487305,11.448304345027035,11.246572300564187,11.246572300564187,78600
2018-11-16,11.315918922424316,11.498738149424527,11.284397536791236,11.284397536791236,64900
2018-11-19,11.259180068969727,11.39156626301196,11.196138508865818,11.341133255412384,57900
2018-11-20,10.98179817199707,11.221354662857598,10.962885342816854,11.208747312488562,97300
2018-11-21,11.051145553588867,11.107882846637104,10.99440826054063,10.99440826054063,53200
2018-11-23,11.051145553588867,11.1204901987672,10.969191151444551,11.044841276314846,31400
2018-11-26,11.24026870727539,11.24026870727539,11.088969664729348,11.088969664729348,87200
2018-11-27,11.271787643432617,11.278091919810276,11.14570572313276,11.189834455358598,54700
2018-11-28,11.42939281463623,11.448305646861966,11.2907023189014,11.315919428535716,95300
2018-11-29,11.492432594299316,11.523953976427109,11.385262299900381,11.42939103246151,64500
2018-11-30,11.681559562683105,11.700471193237808,11.46721893199769,11.53656358139496,71000
2018-12-03,11.7130765914917,11.876984159156041,11.694163763616613,11.832855429865198,74200
2018-12-04,11.423088073730469,11.73829468368264,11.353742234767298,11.580691378706554,102300
2018-12-06,11.259180068969727,11.309613076569303,11.063751112405836,11.208747061370149,168000
2018-12-07,11.183527946472168,11.31591531913966,11.126790672817174,11.196136496710507,80300
2018-12-10,11.007012367248535,11.189832747036618,10.969187917174914,11.152008296962997,116700
2018-12-11,10.950278282165527,11.152010322420736,10.937669729045126,11.095273035796733,84200
2018-12-12,11.088966369628906,11.22135254161126,11.013316269626456,11.013316269626456,185800
2018-12-13,11.22372817993164,11.22372817993164,11.082549647903303,11.108217915549941,123200
2018-12-14,10.819443702697754,11.12105289172847,10.80019158357244,11.069715131383056,133200
2018-12-17,10.479331970214844,10.813028078422326,10.453663697885244,10.774525057933449,137400
2018-12-18,10.52425479888916,10.646182486624472,10.47291701836733,10.505003896186746,123200
2018-12-19,10.344571113586426,10.594842590660706,10.29323334331506,10.447246654129156,123300
2018-12-20,9.895365715026855,10.34457216871116,9.696431375938559,10.280399643329243,300100
2018-12-21,9.651509284973145,10.017291024400091,9.638675149341307,9.882529234296303,251300
2018-12-24,9.484659194946289,9.606586823156876,9.446156184349286,9.548831695267053,159600
2018-12-26,9.844026565551758,9.856860701640098,9.452575316948574,9.49107894920254,206600
2018-12-27,10.004457473754883,10.055795243272994,9.670761359892682,9.722099129410791,224300
2018-12-28,10.145635604858398,10.229059012769183,10.017290582238433,10.049376837893425,228600
2018-12-31,10.344571113586426,10.505001798683065,10.254729097619794,10.331736365021337,233700
2019-01-02,10.492164611816406,10.4985819846076,10.16488594339773,10.235475208117808,118400
2019-01-03,10.229061126708984,10.485750613001992,10.20339223927914,10.485750613001992,101200
2019-01-04,10.39590835571289,10.42157662755005,10.273980698516837,10.273980698516837,221400
2019-01-07,10.588425636291504,10.588425636291504,10.395909296136367,10.492167466213935,145200
2019-01-08,10.723187446594238,10.755274321125674,10.55634059498722,10.736022196406813,98800
2019-01-09,10.813027381896973,10.813027381896973,10.697517103882026,10.813027381896973,119600
2019-01-10,10.845111846923828,10.845111846923828,10.69109856764785,10.793774087165168,102600
2019-01-11,10.780940055847168,10.864364685977785,10.729602292685565,10.813026922816183,104600
2019-01-14,10.780940055847168,10.780940055847168,10.684681902917765,10.774523906442186,114400
2019-01-15,10.909285545349121,10.909285545349121,10.736020128224482,10.736020128224482,85900
2019-01-16,10.954206466674805,10.973458588615763,10.877200426888832,10.973458588615763,99700
2019-01-17,10.999124526977539,11.011959272215165,10.83227651085444,10.973456260490964,79800
2019-01-18,11.050464630126953,11.146724015857849,10.979875964310281,11.146724015857849,192200
2019-01-22,10.845111846923828,11.037629364010355,10.825860952007293,11.037629364010355,159100
2019-01-23,10.94137191772461,10.99270968651201,10.851531128343902,10.909286271228344,168900
2019-01-24,10.999124526977539,10.999124526977539,10.941369397396903,10.999124526977539,97000
2019-01-25,11.037629127502441,11.069714767668312,11.024794381840607,11.063297394837395,72700
2019-01-28,11.00554370880127,11.011961082475036,10.947788569726246,10.999126335127503,120100
2019-01-29,10.960623741149902,11.037631004225704,10.947788993305782,11.005544134615402,82000
2019-01-30,11.159557342529297,11.21089510948328,10.97987577018481,10.97987577018481,69300
2019-01-31,11.249398231506348,11.35207375518104,11.114635841690317,11.159556230299398,83000
2019-02-01,11.165974617004395,11.281484897619883,11.140306345750343,11.281484897619883,78500
2019-02-04,11.236563682556152,11.25581580257935,11.165973799793237,11.165973799793237,73500
2019-02-05,11.313569068908691,11.31356906890869,11.198060027329031,11.281483428023575,68100
2019-02-06,11.326407432556152,11.339242182605165,11.26223490630023,11.287904406398253,69500
2019-02-07,11.268649101257324,11.332821609403453,11.19806044388649,11.326404236189962,112900
2019-02-08,11.255817413330078,11.287903060638177,11.249400039070661,11.262233563600509,75300
2019-02-11,11.294320106506348,11.32640575288153,11.230147589767032,11.294320106506348,68700
2019-02-12,11.422662734985352,11.454749602031963,11.358491448869778,11.358491448869778,82800
2019-02-13,11.506089210510254,11.512506584948708,11.441916690114724,11.454751438991634,73700
2019-02-14,11.474002838134766,11.563844860197705,11.396996789496903,11.448334563251837,75400
2019-02-15,11.705022811889648,11.705022811889648,11.48041960461548,11.525340001272513,101000
2019-02-19,11.717857360839844,11.724274735108423,11.647267467874444,11.705022612302681,59000
2019-02-20,11.71143913269043,11.7306912540925,11.634431871071047,11.7306912540925,59300
2019-02-21,11.64726734161377,11.70502248541592,11.544591802407496,11.698605111216906,80000
2019-02-22,11.653681755065918,11.730689001900567,11.608761371074317,11.69218476648891,67800
2019-02-25,11.692184448242188,11.730688682605807,11.647264065473264,11.67293355504901,56200
2019-02-26,11.724274635314941,11.782029779251586,11.666519491378299,11.666519491378299,50500
2019-02-27,11.769192695617676,11.769192695617676,11.660099803604213,11.70502019019998,55000
2019-02-28,11.749940872192383,11.775610364600293,11.743523499090406,11.775610364600293,35500
2019-03-01,11.801280975341797,11.871870869485491,11.749943204325204,11.807698349717498,41800
2019-03-04,11.660102844238281,11.8526191867056,11.615182445928511,11.846201812091481,83100
2019-03-05,11.717857360839844,11.724274735108423,11.647267467874444,11.69218786376552,52600
2019-03-06,11.724274635314941,11.775612405037627,11.647267368736424,11.743525533967837,67600
2019-03-07,11.615182876586914,11.724275801093668,11.589513377178688,11.724275801093668,56300
2019-03-08,11.615182876586914,11.62160025143897,11.557427726907509,11.557427726907509,92700
2019-03-11,11.615182876586914,11.724275801093668,11.576679851463677,11.602348126882802,79300
2019-03-12,11.660102844238281,11.679354968080634,11.595930322086156,11.640850720395926,65400
2019-03-13,11.73710823059082,11.73710823059082,11.628015327649694,11.64726622441122,119600
2019-03-14,11.779500961303711,11.818636412868585,11.642530612988727,11.818636412868585,94900
2019-03-15,11.8447265625,11.877338197758366,11.746890412670759,11.759935564395763,67500
2019-03-18,11.831683158874512,11.844728312526902,11.779503788319278,11.838205735700706,69300
2019-03-19,11.733848571777344,11.844729904617948,11.72080341637151,11.844729904617948,96100
2019-03-20,11.714280128479004,11.727325283093963,11.675145908688545,11.701236217918462,67600
2019-03-21,11.720802307128906,11.720802307128908,11.675145511583885,11.675145511583885,75900
2019-03-22,11.525129318237305,11.694712580698893,11.492517678709973,11.694712580698893,97200
2019-03-25,11.388154983520508,11.53164914900182,11.349020776595609,11.499036273186064,80900
2019-03-26,11.453380584716797,11.505559946950314,11.420768949841149,11.420768949841149,73000
2019-03-27,11.544696807861328,11.544696807861328,11.42729291752207,11.45338197978953,45000
2019-03-28,11.662099838256836,11.662099838256836,11.564263674436486,11.596876558412816,68800
2019-03-29,11.740370750427246,11.740370750427246,11.636011998836693,11.7012365295944,108300
2019-04-01,11.740370750427246,11.838206924536582,11.740370750427246,11.799072703703738,112300
2019-04-02,11.772979736328125,11.838204252363058,11.753413252355564,11.753413252355564,75900
2019-04-03,11.733848571777344,11.79907310475202,11.733848571777344,11.77950537164327,86100
2019-04-04,11.733848571777344,11.772982793940352,11.733848571777344,11.759938882589012,72900
2019-04-05,11.792547225952148,11.818637529460338,11.707756227658821,11.740367862989913,83000
2019-04-08,11.753414154052734,11.831682584055907,11.720801271506192,11.779503216035703,70500
2019-04-09,11.616442680358887,11.714278841110305,11.616442680358887,11.69471235539259,58300
2019-04-10,11.69471263885498,11.759937162288299,11.609920385175375,11.6229655386729,87100
2019-04-11,11.688192367553711,11.71428143564041,11.681669789518395,11.70123752362434,62200
2019-04-12,11.636011123657227,11.772981508297452,11.636011123657227,11.740369867398643,86700
2019-04-15,11.740370750427246,11.740370750427246,11.649057153799124,11.649057153799124,54300
2019-04-16,11.727328300476074,11.772985109321278,11.720805721490368,11.740373458447486,53400
2019-04-17,11.733848571777344,11.792550527049103,11.733848571777344,11.746893727183178,37300
2019-04-18,11.805595397949219,11.838207041623395,11.74689344409213,11.74689344409213,61700
2019-04-22,11.779500961303711,11.818636412868585,11.7599344795753,11.7599344795753,37400
2019-04-23,11.825162887573242,11.825162887573242,11.759939594703509,11.792551241138375,80100
2019-04-24,11.75993537902832,11.818637316811397,11.75993537902832,11.812114741051708,50300
2019-04-25,11.662099838256836,11.733846938950443,11.629488198334826,11.72080178535991,68900
2019-04-26,11.675143241882324,11.720800028551457,11.609918727760363,11.649054182666019,64300
2019-04-29,11.7012357711792,11.727324835358651,11.622966090532106,11.681668040003835,60800
2019-04-30,11.7012357711792,11.727324835358651,11.636011244649017,11.675145462945379,62100
2019-05-01,11.707756996154785,11.75341378623688,11.68818926723922,11.68818926723922,62700
2019-05-02,11.616442680358887,11.72080141770097,11.57078588827851,11.675144625620593,83200
2019-05-03,11.681666374206543,11.688188950334883,11.61644185697733,11.636009585362352,66700
2019-05-06,11.642532348632812,11.688189138210893,11.531651040777103,11.531651040777103,68200
2019-05-07,11.427292823791504,11.622965143382443,11.42077024726457,11.55121804564044,94400
2019-05-08,11.48599624633789,11.557742109256885,11.4077265619983,11.4077265619983,59400
2019-05-09,11.401204109191895,11.459906062074307,11.31641309061421,11.41424926406675,92400
2019-05-10,11.538174629211426,11.538174629211426,11.316411994045593,11.401203004406966,80000
2019-05-13,11.290322303771973,11.453383000653936,11.218576443100893,11.453383000653936,85800
2019-05-14,11.381635665893555,11.446858940955455,11.296843417826318,11.296843417826318,63200
2019-05-15,11.433813095092773,11.492515027945732,11.349020861392273,11.349020861392273,39300
2019-05-16,11.48599624633789,11.538175621212808,11.394681407265965,11.394681407265965,55600
2019-05-17,11.479473114013672,11.525129909315211,11.4142485875596,11.446860228759451,49000
2019-05-20,11.48599624633789,11.512085311748136,11.375114919221888,11.420771716730638,69800
2019-05-21,11.622965812683105,11.662100030043955,11.485995429892954,11.485995429892954,67600
2019-05-22,11.512085914611816,11.629489825242183,11.4794742701276,11.622967247534442,69100
2019-05-23,11.466426849365234,11.485994578622591,11.349022961929585,11.440337787743006,32200
2019-05-24,11.433813095092773,11.596873743227876,11.375111162239817,11.544694385586803,75000
2019-05-28,11.3229341506958,11.466427102926795,11.303366421005734,11.45990452636344,95800
2019-05-29,11.199009895324707,11.270757007633678,11.088128559962897,11.25118927408,81800
2019-05-30,11.225096702575684,11.264232161803376,11.166396001842687,11.205530217016108,54000
2019-05-31,11.04246997833252,11.205530666154194,11.022902247934363,11.133783565415275,76500
2019-06-03,11.003334999084473,11.075080850797248,10.957676964652771,11.01637890772501,74900
2019-06-04,11.127260208129883,11.146827937155523,11.035946627452025,11.055514356477666,89800
2019-06-05,11.18596363067627,11.205531362290058,11.159874565912283,11.172918476267078,72200
2019-06-06,11.27075481414795,11.316411606166406,11.1663960769474,11.1663960769474,70900
2019-06-07,11.407724380493164,11.440337261087427,11.27075401415983,11.309888226818757,101200
2019-06-10,11.440339088439941,11.485995884510427,11.407726202636459,11.446860421546248,87500
2019-06-11,11.407724380493164,11.485994049865203,11.368590167834238,11.459903745389793,77900
2019-06-12,11.39468002319336,11.440338059210612,11.349023231230383,11.407725176341147,65600
2019-06-13,11.411266326904297,11.477609883291723,11.384727892011547,11.384727892011547,57400
2019-06-14,11.417900085449219,11.431169303378166,11.34492191768455,11.378093697084648,64000
2019-06-17,11.484247207641602,11.497516428225689,11.424536980435738,11.424536980435738,39600
2019-06-18,11.636838912963867,11.65674147533798,11.524053086295355,11.57049408573139,81700
2019-06-19,11.643471717834473,11.663375544709572,11.583761502631443,11.663375544709572,61500
2019-06-20,11.676644325256348,11.716450712093257,11.524052121196343,11.696546885963691,56100
2019-06-21,11.570493698120117,11.676644911967085,11.570493698120117,11.65674108483742,85600
2019-06-24,11.563858985900879,11.623569201334833,11.563858985900879,11.563858985900879,44900
2019-06-25,11.45107364654541,11.616935081868334,11.437804428018216,11.590396644813948,66900
2019-06-26,11.510784149169922,11.550590540313628,11.457708539170861,11.457708539170861,62600
2019-06-27,11.557222366333008,11.583759532230225,11.530683935013737,11.570491581992643,78700
2019-06-28,11.683279991149902,11.683279991149902,11.550590335790568,11.550590335790568,101500
2019-07-01,11.703186988830566,11.829242082650968,11.636843401430918,11.809338247177385,112800
2019-07-02,11.683279991149902,11.729720990898969,11.630204382090636,11.729720990898969,72900
2019-07-03,11.703186988830566,11.729725436128678,11.650111359657158,11.729725436128678,35100
2019-07-05,11.670010566711426,11.670010566711428,11.50414913314864,11.55722474127184,60000
2019-07-08,11.623568534851074,11.663374921050494,11.563858322840844,11.65674031244689,66800
2019-07-09,11.676644325256348,11.683278933966202,11.570493116743108,11.616934112289872,72200
2019-07-10,11.742989540100098,11.742989540100098,11.676644716202475,11.742989540100098,63100
2019-07-11,11.80270004272461,11.80270004272461,11.716451389928944,11.723085999022633,93100
2019-07-12,11.842507362365723,11.849141971980712,11.776162531638212,11.829238143135742,90000
2019-07-15,11.842507362365723,11.86904453540329,11.82260353352075,11.842507362365723,35600
2019-07-16,11.855777740478516,11.875680305846537,11.802702123792931,11.835873909687978,88200
2019-07-17,11.829237937927246,11.875678939004146,11.82260332842735,11.855776375926832,54100
2019-07-18,11.835871696472168,11.875678085187243,11.776161480688417,11.776161480688417,67400
2019-07-19,11.782794952392578,11.888946155668194,11.776160344010083,11.849139770795377,108100
2019-07-22,11.762893676757812,11.842507729181309,11.73635650289827,11.842507729181309,153100
2019-07-23,11.809332847595215,11.835871282759156,11.756257242689568,11.835871282759156,57800
2019-07-24,11.796065330505371,11.842506328332897,11.756257676291247,11.802699939541057,54900
2019-07-25,11.716450691223145,11.762891686687187,11.696546865129033,11.742989126015294,65200
2019-07-26,11.689915657043457,11.762893835207061,11.683281047133592,11.723087441170327,63900
2019-07-29,11.716450691223145,11.749622469291111,11.61029948289899,11.749622469291111,122000
2019-07-30,11.716450691223145,11.72971990861922,11.643471260966956,11.670009695759104,44200
2019-07-31,11.689915657043457,11.776163055026789,11.636840043186995,11.749624615387333,98900
2019-08-01,11.59703254699707,11.802701660831026,11.59703254699707,11.683281211617109,72800
2019-08-02,11.543953895568848,11.59039488795221,11.444437302544195,11.563857720342632,84700
2019-08-05,11.271943092346191,11.437804529135432,11.192330311323865,11.41126735726877,134700
2019-08-06,11.35819149017334,11.391363270608934,11.258673618021932,11.271942836365096,100600
2019-08-07,11.291849136352539,11.311751702802855,11.119353056388475,11.311751702802855,113000
2019-08-08,11.437807083129883,11.444441693933602,11.318386619508173,11.318386619508173,73000
2019-08-09,11.417900085449219,11.444438521307113,11.331652699755603,11.43780391234264,52000
2019-08-12,11.331653594970703,11.417900987477974,11.298481812949992,11.344922813947935,72200
2019-08-13,11.39799976348877,11.557226613654661,11.245407523590938,11.245407523590938,124900
2019-08-14,11.165792465209961,11.325019301107249,11.139255291938282,11.318384691433728,71000
2019-08-15,11.1525239944458,11.159158604564652,11.079545813983419,11.112717599155184,91000
2019-08-16,11.23876953125,11.271941307185429,11.179059322228516,11.245404139521513,29800
2019-08-19,11.338286399841309,11.397996610312923,11.325017182976024,11.358190225139237,53500
2019-08-20,11.285210609436035,11.391361811742161,11.278576001114134,11.338286210589098,67800
2019-08-21,11.344922065734863,11.417900234451892,11.331652847632755,11.358191283836973,70600
2019-08-22,11.437807083129883,11.45771091554104,11.351559673526772,11.351559673526772,93300
2019-08-23,11.331653594970703,11.484245816941767,11.278577984484143,11.437804815943823,98200
2019-08-26,11.510784149169922,11.590396931457335,11.411267538599477,11.590396931457335,399300
2019-08-27,11.510784149169922,11.736355808021523,11.477611102031535,11.6302045880234,300400
2019-08-28,11.537321090698242,11.57049413717313,11.444439091413225,11.510783918940666,123100
2019-08-29,11.616937637329102,11.683282479137088,11.570496627690295,11.643474814798733,185400
2019-08-30,11.69654655456543,11.988463002417081,11.636837608712911,11.723084988652937,176400
2019-09-03,11.66337776184082,11.709818767955246,11.623571365945956,11.709818767955246,97700
2019-09-04,11.762893676757812,11.7761628963988,11.709818063616293,11.749624457116823,110000
2019-09-05,11.915485382080078,11.942023820194361,11.829237989053409,11.862409771273887,111800
2019-09-06,12.034905433654785,12.054809261596997,11.895582434326311,11.935388824788399,94200
2019-09-09,12.114519119262695,12.114519119262695,12.008367904243142,12.081346073680148,110700
2019-09-10,12.141056060791016,12.141056060791016,12.041539456769241,12.114518890248938,89400
2019-09-11,12.214037895202637,12.214037895202637,12.147693057672525,12.17423149885358,91600
2019-09-12,12.27134895324707,12.338772915845519,12.190438397687418,12.203923704618967,71100
2019-09-13,12.25786304473877,12.284832371248651,12.224149779064433,12.271348351008506,68400
2019-09-16,12.203920364379883,12.271345594553555,12.170207106278397,12.271345594553555,71200
2019-09-17,12.15672779083252,12.190439775943235,12.102787843037497,12.109529211235802,43700
2019-09-18,12.136496543884277,12.170208519872176,12.089299263089439,12.136496543884277,50400
2019-09-19,12.17695140838623,12.230891342630432,12.149982084278868,12.149982084278868,54400
2019-09-20,12.197176933288574,12.230888903206369,12.13649435861317,12.210662235667378,81900
2019-09-23,12.129755020141602,12.17020965229723,12.07581508192424,12.17020965229723,70900
2019-09-24,12.069072723388672,12.156725928899176,12.03536074344131,12.156725928899176,66100
2019-09-25,12.069072723388672,12.08930068297485,12.028618090245917,12.082558029779458,52800
2019-09-26,12.055586814880371,12.109526751719876,12.035360142334017,12.109526751719876,47300
2019-09-27,12.04210376739502,12.109527729365627,11.981421172797761,12.09604370858929,63200
2019-09-30,12.015132904052734,12.096043457177263,12.00839025078989,12.075815497388728,108800
2019-10-01,11.94770622253418,12.116268675772114,11.934222203657534,12.069071394630205,84700
2019-10-02,11.711721420288086,11.90051057070303,11.657781479308154,11.880283896604077,129200
2019-10-03,11.711721420288086,11.758918707891823,11.617325559050979,11.698236113535694,86200
2019-10-04,11.785887718200684,11.812858330979669,11.69823579872818,11.745433085061805,56800
2019-10-07,11.758916854858398,11.812856787338184,11.745431550231093,11.779143525769923,109400
2019-10-08,11.718463897705078,11.752177167779658,11.664523951615505,11.73194920573491,52600
2019-10-09,11.758916854858398,11.79937148271088,11.711719574692264,11.731946245603789,64900
2019-10-10,11.785887718200684,11.83308500453431,11.7589183914513,11.799373024590176,53400
2019-10-11,11.88028335571289,11.96793527355351,11.853312743436039,11.853312743436039,76900
2019-10-14,11.833083152770996,11.893765735997874,11.833083152770996,11.873539065608515,65700
2019-10-15,11.860053062438965,11.947704963029631,11.833082455469947,11.833082455469947,103600
2019-10-16,11.860053062438965,11.900507686863172,11.80611313453025,11.860053062438965,63400
2019-10-17,11.866795539855957,11.920735466972285,11.839824933283142,11.900507512042674,63700
2019-10-18,11.779142379760742,11.839824958650288,11.779142379760742,11.799370334733693,61600
2019-10-21,11.846570014953613,11.846570014953613,11.806115382825437,11.806115382825437,40200
2019-10-22,11.88028335571289,11.93422329423702,11.853312743436039,11.873540702643679,61600
2019-10-23,11.907252311706543,11.961192248553418,11.839827069140561,11.880282986297871,73300
2019-10-24,11.887025833129883,11.934224409023233,11.866799158062427,11.934224409023233,46300
2019-10-25,11.934225082397461,11.954451758606181,11.866799827632267,11.873542481711764,46200
2019-10-28,11.94770622253418,12.015131461035244,11.920736898751429,11.988162137252493,59700
2019-10-29,11.88028335571289,11.94770731434587,11.86005539650525,11.927480641167806,119800
2019-10-30,11.907252311706543,11.913994964566093,11.833084416281011,11.87354033343832,77400
2019-10-31,11.88028335571289,11.927480641167806,11.839827437297613,11.88028335571289,55900
2019-11-01,11.94770622253418,11.967934179893335,11.907251593845324,11.927479551204481,67200
2019-11-04,11.974678039550781,12.015132672317993,11.95445008015238,11.98142069268358,92000
2019-11-05,11.988162994384766,11.988162994384766,11.920737751062916,11.961192382644207,84300
2019-11-06,12.015132904052734,12.035360863841271,11.967935617242432,12.00839025078989,43900
2019-11-07,12.04210376739502,12.069073094977336,11.961193212588794,12.062330441574346,92000
2019-11-08,12.062329292297363,12.069071945057924,12.015132009002953,12.048845272805758,49600
2019-11-11,12.075815200805664,12.075815200805664,12.015132608960041,12.035360568251775,20500
2019-11-12,12.089298248291016,12.089298248291017,12.035358319620528,12.06907029277858,122200
2019-11-13,12.08255672454834,12.09604202948236,12.03535944330873,12.06907141961432,53300
2019-11-14,12.096041679382324,12.10278433165418,12.035359094965049,12.075813722566757,36100
2019-11-15,12.17695140838623,12.197179365988859,12.07581419243204,12.102784802568877,79700
2019-11-18,12.170210838317871,12.183696145693785,12.089301566121781,12.16346947065961,85700
2019-11-19,12.116268157958984,12.183693393578498,12.075813530999039,12.163466723113226,60000
2019-11-20,12.109526634216309,12.244377118021331,12.069072003486612,12.096042614659426,90500
2019-11-21,12.170210838317871,12.176953492005827,12.075816258745869,12.116270894843913,51600
2019-11-22,12.143239974975586,12.217407870140335,12.136497322139743,12.183694605961117,49400
2019-11-25,12.149982452392578,12.183694430055539,12.08929986377564,12.17020912457855,64600
2019-11-26,12.203920364379883,12.203920364379883,12.102783162134024,12.170207106278397,45800
2019-11-27,12.244377136230469,12.244377136230469,12.170209241424455,12.183694547030917,23300
2019-11-29,12.2174072265625,12.230891245494357,12.19717926912052,12.21066457408184,18200
2019-12-02,12.183693885803223,12.230891166834844,12.149981909646195,12.230891166834844,36000
2019-12-03,12.035361289978027,12.109527906436119,11.880284117530604,12.109527906436119,91300
2019-12-04,12.149982452392578,12.149982452392578,12.028617275158702,12.028617275158702,33300
2019-12-05,12.123008728027344,12.163464634068491,12.01512888397598,12.156721983061633,47600
2019-12-06,12.210661888122559,12.224145904088358,12.136494013179346,12.170205982137617,42500
2019-12-09,12.15672779083252,12.305062325761382,12.15672779083252,12.210667738627542,63900
2019-12-10,12.23763370513916,12.2848309857306,12.163467101079515,12.163467101079515,63700
2019-12-11,12.325287818908691,12.332030471785814,12.210665292056708,12.251119923289897,51100
2019-12-12,12.30815315246582,12.369831087781238,12.26018171547019,12.26018171547019,80500
2019-12-13,12.29444694519043,12.342418378221442,12.267033950816412,12.287593696596925,47100
2019-12-16,12.301301956176758,12.383538336833682,12.294448706601395,12.362979895231302,56600
2019-12-17,12.26018238067627,12.31500706980644,12.239623939204764,12.287595378803202,74400
2019-12-18,12.205357551574707,12.294448487341848,12.177945860885828,12.273888738982427,94500
2019-12-19,12.246479034423828,12.280743980122926,12.164241334772544,12.184801086466338,52500
2019-12-20,12.246479034423828,12.315008925822026,12.212212781600838,12.26703747899373,85200
2019-12-23,12.22591781616211,12.28074250697847,12.184799624830772,12.267036007493447,79100
2019-12-24,12.280741691589355,12.308153381615648,12.246476752275576,12.27388844230187,36800
2019-12-26,12.2396240234375,12.280742213787178,12.164239585193338,12.280742213787178,80500
2019-12-27,12.2396240234375,12.308153904979063,12.191652583508924,12.25332921547159,95700
2019-12-30,12.082002639770508,12.246478025523114,12.013472754018004,12.239624775523106,170600
2019-12-31,12.102561950683594,12.102561950683594,11.931234628270605,11.99291256890918,230200
2020-01-02,12.267033576965332,12.267033576965332,12.075147850689206,12.088853040335017,100400
2020-01-03,12.184799194335938,12.198504386213015,12.157386196334404,12.198504386213015,82600
2020-01-06,12.171093940734863,12.171093940734863,12.047738051353026,12.157387440331588,91800
2020-01-07,12.171093940734863,12.191653691339777,12.109415996043944,12.116269246245583,72400
2020-01-08,12.253329277038574,12.267035776265237,12.129974705369742,12.136826647859364,114400
2020-01-09,12.328714370727539,12.328714370727539,12.239624735268022,12.267036428054112,76400
2020-01-10,12.26018238067627,12.335566818401638,12.219064190609565,12.335566818401638,73100
2020-01-13,12.22591781616211,12.27388925723596,12.198504817192061,12.267036007493447,88100
2020-01-14,12.232769966125488,12.260181655507372,12.177945280238104,12.225916716999112,63300
2020-01-15,12.253329277038574,12.28759552510523,12.212211086482297,12.219064336095627,72600
2020-01-16,12.335564613342285,12.335564613342285,12.273886685705698,12.308151620115597,57200
2020-01-17,12.328714370727539,12.383539063423498,12.301302677941448,12.349274120659942,73300
2020-01-21,12.273889541625977,12.342420733515253,12.246477849144526,12.294449291329888,65800
2020-01-22,12.301301956176758,12.36983183768296,12.267035708299952,12.328713647354498,70100
2020-01-23,12.30815315246582,12.30815315246582,12.23277002595424,12.301301210429552,52400
2020-01-24,12.2396240234375,12.342420152873549,12.184799333930028,12.335566903294652,69500
2020-01-27,12.061440467834473,12.109411895879315,12.061440467834473,12.095705400116966,63800
2020-01-28,12.14367961883545,12.14367961883545,12.08200168085438,12.095708179766548,71800
2020-01-29,12.164239883422852,12.205358074780621,12.1436801341821,12.191652882410523,54100
2020-01-30,12.15738582611084,12.171092324694209,12.075149448857927,12.143679327527472,91100
2020-01-31,12.013470649719238,12.157384953139777,11.992910903320494,12.157384953139777,60700
2020-02-03,12.040885925292969,12.088857374059243,12.020327479892533,12.020327479892533,65500
2020-02-04,12.14367961883545,12.164239367203699,12.12312117759088,12.129974427046964,91400
2020-02-05,12.267033576965332,12.28074007373462,12.184797210596557,12.225915393780944,70200
2020-02-06,12.315006256103516,12.328712754261337,12.273888068753658,12.321859505182427,80200
2020-02-07,12.246479034423828,12.315008925822026,12.246479034423828,12.308155675257428,56600
2020-02-10,12.267033576965332,12.294446570503908,12.205355648627012,12.205355648627012,56500
2020-02-11,12.253329277038574,12.335566965274838,12.246477334548953,12.280742275491898,69800
2020-02-12,12.30815315246582,12.335566149105395,12.273888213789977,12.273888213789977,65700
2020-02-13,12.301301956176758,12.328713647354498,12.280742207450674,12.321860397779137,74800
2020-02-14,12.267033576965332,12.32185825691901,12.253327080196046,12.315005008534365,42400
2020-02-18,12.191651344299316,12.280740965522135,12.171091597652403,12.260181218875221,91600
2020-02-19,12.232769966125488,12.260181655507372,12.225916716999112,12.232769966125488,42100
2020-02-20,12.164239883422852,12.246477573262126,12.123121692065084,12.191652882410523,41900
2020-02-21,12.109414100646973,12.157385537426002,12.082001104131173,12.082001104131173,90800
2020-02-24,11.855851173400879,11.924382369486056,11.828439479241116,11.890117425005391,151100
2020-02-25,11.561168670654297,11.910675269568246,11.492637478017212,11.890116826763768,281800
2020-02-26,11.520048141479492,11.69137545420219,11.437811763361848,11.602285826720799,252000
2020-02-27,10.99236011505127,11.348719903031919,10.90326918771344,11.307601717327143,274100
2020-02-28,10.642853736877441,10.793621972828571,10.23852112665872,10.690825834512111,478400
2020-03-02,11.218515396118164,11.232220590634311,10.656561246552068,10.656561246552068,176900
2020-03-03,11.115715026855469,11.451516386260549,11.04033190184525,11.197952708012687,318300
2020-03-04,11.41039752960205,11.45151571420576,11.211658548081191,11.211658548081191,111400
2020-03-05,11.191099166870117,11.321308280668724,11.163687478615632,11.204805664559142,115400
2020-03-06,11.0951566696167,11.102009918691188,10.793620245957252,10.92382871056351,195600
2020-03-09,10.457817077636719,10.663409939426028,10.409844995963477,10.450963829746014,175000
2020-03-10,10.55376148223877,10.581173824261658,10.190547787045054,10.546908886904387,250900
2020-03-11,9.73824405670166,10.389287685949274,9.73824405670166,10.368728592316264,194200
2020-03-12,8.468037605285645,9.118886302238256,8.45404052899422,9.062899331907222,337000
2020-03-13,9.034906387329102,9.034906387329102,8.510028008507497,8.8179570311699,229200
2020-03-16,8.15311050415039,8.53102290804626,7.698216178737401,7.747204613573991,210600
2020-03-17,8.279084205627441,8.398056729353355,7.943162256813748,8.111123231220596,245100
2020-03-18,7.14534330368042,7.817187556224748,6.6624555600160305,7.726208570551141,578800
2020-03-19,7.474269390106201,7.537254911301979,6.830418433865426,6.830418433865426,290400
2020-03-20,7.313305854797363,7.908168331337417,7.201331898605688,7.51625881724913,317100
2020-03-23,6.949390888214111,7.264317824578377,6.648460363452666,7.110353292442584,423400
2020-03-24,7.817190170288086,7.86617861456432,7.033371724780867,7.033371724780867,468300
2020-03-25,8.31407356262207,8.67099101876952,7.754203160954624,7.8171886729121,361600
2020-03-26,8.86694622039795,8.95092668806165,8.258087329273048,8.258087329273048,392200
2020-03-27,8.622001647949219,8.84595020209231,8.41904870874968,8.538021190427067,125700
2020-03-30,8.817956924438477,8.838951872460356,8.489032957481328,8.677988824512973,188900
2020-03-31,8.761972427368164,8.99291892312113,8.69898689808689,8.719981852041464,264500
2020-04-01,8.31407356262207,8.67798888988462,8.251088050664594,8.67798888988462,255300
2020-04-02,8.447042465209961,8.538021463961343,8.237091648387016,8.237091648387016,178400
2020-04-03,8.328070640563965,8.447043135493514,8.174106784998894,8.419049646534646,243600
2020-04-06,8.86694622039795,8.922933198840415,8.419049725440782,8.419049725440782,159600
2020-04-07,9.069899559020996,9.244859040740215,8.964924136956448,9.097893049399373,193000
2020-04-08,9.321842193603516,9.356834228014867,9.027910172416238,9.034908712782018,161400
2020-04-09,9.363831520080566,9.559785952276723,9.293847460587497,9.377827931528707,114900
2020-04-13,9.22386360168457,9.398823074144946,9.076897618121158,9.398823074144946,121800
2020-04-14,9.377828598022461,9.454811202419576,9.286850248599965,9.398824217813038,86800
2020-04-15,9.18187427520752,9.188872815231699,9.006914779108099,9.048905351835664,129100
2020-04-16,9.146881103515625,9.195870210167145,9.07689771424084,9.195870210167145,188900
2020-04-17,9.419816970825195,9.44781045659248,9.258853927100304,9.433813380000164,201300
2020-04-20,9.293848991394043,9.34283810807526,9.216867047205797,9.321842486318639,120100
2020-04-21,8.929932594299316,9.181874021449307,8.796963007184813,9.02790948226001,198600
2020-04-22,9.006915092468262,9.09789411369532,8.964925185697334,9.048905666656726,178300
2020-04-23,9.006915092468262,9.132886147616116,8.992918679350465,9.048905666656726,88600
2020-04-24,9.118887901306152,9.139883519425034,8.978920450934185,9.10489148997768,138000
2020-04-27,9.18187427520752,9.223864847935086,9.132885829873285,9.160879322552493,83600
2020-04-28,9.22386360168457,9.349833968012195,9.202867984448783,9.265853501321304,135100
2020-04-29,9.398822784423828,9.43381414390335,9.321840191767121,9.321840191767121,113400
2020-04-30,9.31484317779541,9.37782803110703,9.237860578052105,9.3078446382883,94000
2020-05-01,9.146881103515625,9.20986662105513,9.111889742586946,9.111889742586946,71800
2020-05-04,9.083895683288574,9.090894222516253,8.999915214808722,9.034907243529686,93500
2020-05-05,9.167877197265625,9.258855541307634,9.146881578716734,9.230862050659908,111700
2020-05-06,9.076897621154785,9.23086147643083,9.076897621154785,9.146881009711873,124000
2020-05-07,9.139883041381836,9.202867890191838,9.097892474757753,9.125885963368003,116600
2020-05-08,9.237860679626465,9.251857758794593,9.174875158204829,9.181873697788893,88600
2020-05-11,9.195870399475098,9.216865349947996,9.118887802045398,9.167876909705418,90400
2020-05-12,9.062898635864258,9.26585155458153,9.048902228065108,9.26585155458153,90700
2020-05-13,8.86694622039795,9.090894134167817,8.824955652857383,9.062900644946584,110600
2020-05-14,8.887941360473633,8.901938439092206,8.684988392426428,8.782965940504107,158400
2020-05-15,8.901937484741211,8.943927381260428,8.810958485726411,8.810958485726411,88600
2020-05-18,9.258853912353516,9.272850988923539,9.125885022025036,9.125885022025036,117900
2020-05-19,9.209866523742676,9.307844068593049,9.18887157392382,9.279850579695431,90600
2020-05-20,9.279851913452148,9.363832392215185,9.223864927610123,9.272853373367516,70800
2020-05-21,9.265853881835938,9.363831430707597,9.237860391789384,9.258855342469937,114800
2020-05-22,9.286849021911621,9.314842510517265,9.202867888677277,9.314842510517265,65100
2020-05-26,9.468807220458984,9.517796330512292,9.419818777823151,9.475805760097668,145000
2020-05-27,9.573781967163086,9.58777837705574,9.440812402387275,9.4828029669,70600
2020-05-28,9.59477710723877,9.67875757052323,9.573782158272003,9.67875757052323,101300
2020-05-29,9.580780029296875,9.5947771068858,9.47580461704951,9.587778568091338,67300
2020-06-01,9.69975471496582,9.706753255344614,9.552788704098873,9.580782198196504,122800
2020-06-02,9.762739181518555,9.769737721136025,9.678758708361322,9.692755787596264,75100
2020-06-03,9.986686706542969,9.986686706542969,9.790731622769705,9.818725110820543,116400
2020-06-04,9.93069839477539,9.972688957734752,9.867713551462382,9.958691880942512,87000
2020-06-05,10.1896390914917,10.21763257797585,10.098660093563865,10.14064998958141,111700
2020-06-08,10.40658950805664,10.40658950805664,10.266622061336404,10.31561050083413,126000
2020-06-09,10.336605072021484,10.378594968078165,10.28761597006554,10.378594968078165,115800
2020-06-10,10.217632293701172,10.315609159961111,10.196636678859175,10.315609159961111,104800
2020-06-11,9.636770248413086,10.11265966755939,9.573784717259917,10.11265966755939,201000
2020-06-12,9.831687927246094,10.031605857730469,9.631769315844657,9.995906057057564,125400
2020-06-15,9.838828086853027,9.853108280569163,9.581790728216603,9.717449163934326,94300
2020-06-16,9.903088569641113,10.10300653488757,9.87452886032019,10.074446825566648,163800
2020-06-17,9.80312728881836,9.895946495804122,9.788847777468188,9.874526888320345,87400
2020-06-18,9.74600887298584,9.8245485766108,9.717449166463249,9.788848773228283,99500
2020-06-19,9.724588394165039,9.853107402488563,9.681749178668566,9.8174076022968,72100
2020-06-22,9.68174934387207,9.710309048329396,9.581790037812901,9.710309048329396,74700
2020-06-23,9.67460823059082,9.774566845225866,9.646048529135523,9.731727633501416,100500
2020-06-24,9.496109962463379,9.65318866152477,9.374731060586441,9.65318866152477,170100
2020-06-25,9.496109962463379,9.503250058083669,9.339031263401989,9.446129974038348,131700
2020-06-26,9.474691390991211,9.56037050503837,9.296193066497032,9.474691390991211,362900
2020-06-29,9.574649810791016,9.65318950766452,9.403291586385825,9.446130802028595,191400
2020-06-30,9.717449188232422,9.738869478860186,9.560371142464842,9.617490555637984,314300
2020-07-01,9.76028823852539,9.838827254569042,9.724588438172075,9.831687839232023,151800
2020-07-02,9.774565696716309,9.874524980523152,9.753146093370882,9.817405584324074,116000
2020-07-06,9.924506187438965,9.967346083271842,9.803127276982366,9.967346083271842,139100
2020-07-07,9.824546813964844,9.931645523980439,9.81740671838594,9.845966419784565,96300
2020-07-08,9.853109359741211,9.924508293390591,9.810269454817831,9.824549650098021,62300
2020-07-09,9.738870620727539,9.888809268116386,9.688890617653126,9.888809268116386,45200
2020-07-10,9.74600887298584,9.803128286031022,9.681750043997846,9.731729360183103,96900
2020-07-13,9.68889045715332,9.83882910205838,9.68889045715332,9.746009876077421,84700
2020-07-14,9.795988082885742,9.817407690827133,9.63890936917573,9.63890936917573,112800
2020-07-15,9.924506187438965,10.010185979104719,9.86738678027316,9.945926475813925,101700
2020-07-16,9.860249519348145,9.90308874362356,9.803129418785604,9.810269516470571,98800
2020-07-17,9.845967292785645,9.91736689307141,9.838827196573659,9.87452699671654,35500
2020-07-20,9.838828086853027,9.845968183711095,9.767429161023689,9.845968183711095,114400
2020-07-21,9.80312728881836,9.88880708058756,9.80312728881836,9.838827088569351,104300
2020-07-22,9.838828086853027,9.895947499883343,9.795988867538847,9.795988867538847,73100
2020-07-23,9.838828086853027,9.881667987084322,9.795988867538847,9.810268380337869,132900
2020-07-24,9.74600887298584,9.831688673470726,9.710309750520437,9.831688673470726,59700
2020-07-27,9.767428398132324,9.781707909816035,9.73886869384784,9.746008109231164,70000
2020-07-28,9.738870620727539,9.774569747458582,9.710310910792387,9.760290232949604,68800
2020-07-29,9.767428398132324,9.803127517800133,9.731728597547454,9.746008109231164,59400
2020-07-30,9.66032886505127,9.753148072943286,9.624629064951717,9.753148072943286,109500
2020-07-31,9.631768226623535,9.710307915405572,9.524669517633283,9.696027724384479,181700
2020-08-03,9.703167915344238,9.71030801092502,9.61034871554504,9.638908416951178,138500
2020-08-04,9.74600887298584,9.753148969845766,9.638910143755403,9.64605024061533,78800
2020-08-05,9.81026840209961,9.83882810867812,9.753148988942588,9.803128305225703,115400
2020-08-06,9.860249519348145,9.874529033800885,9.767430292195156,9.803129418785604,106000
2020-08-07,9.853109359741211,9.860249457381306,9.788849842814736,9.853109359741211,132700
2020-08-10,9.98876667022705,9.98876667022705,9.867387747868047,9.867387747868047,83400
2020-08-11,10.03874683380127,10.103005663543389,10.010187126943508,10.045886249827868,92300
2020-08-12,10.088725090026855,10.124424890075506,10.031605682315837,10.110144697689226,128100
2020-08-13,10.060165405273438,10.117284813092915,10.031605701363699,10.031605701363699,95700
2020-08-14,10.03160572052002,10.067305520704627,10.010186112776076,10.024465624299687,81000
2020-08-17,10.167264938354492,10.174405035132585,10.038746600934344,10.103005429185865,258300
2020-08-18,10.03874683380127,10.145845564288592,10.017326542970107,10.11014576048711,95400
2020-08-19,10.024466514587402,10.08872602444327,9.995906808086698,10.024466514587402,89000
2020-08-20,10.017326354980469,10.038746645409647,10.003046842278124,10.024466451790195,59600
2020-08-21,10.03160572052002,10.081585032228238,10.003046016555743,10.04588523204363,60700
2020-08-24,10.124425888061523,10.14584549783527,10.067306474720121,10.10300559737066,88400
2020-08-25,10.074445724487305,10.167264939864989,10.045886018287796,10.13870523366548,164200
2020-08-26,10.088725090026855,10.103004601496085,10.045885193785066,10.103004601496085,99000
2020-08-27,10.11014461517334,10.160123926283305,10.08872500768579,10.08872500768579,71700
2020-08-28,10.138704299926758,10.160123907374443,10.060165285340547,10.067305381462123,110100
2020-08-31,10.103004455566406,10.131564159009393,10.088724944303433,10.103004455566406,75700
2020-09-01,10.167264938354492,10.167264938354492,10.067306307129611,10.08158581976869,60400
2020-09-02,10.245805740356445,10.274365449615896,10.16726602920507,10.19582573846452,73100
2020-09-03,9.98876667022705,10.26008422132852,9.945927451110409,10.224384418119913,155300
2020-09-04,9.995906829833984,10.117285752955338,9.824548590456937,10.024466536396824,83200
2020-09-08,9.824546813964844,9.953065129800159,9.80312652722813,9.853106515363468,123400
2020-09-09,9.945926666259766,9.995905978257596,9.88880725800023,9.88880725800023,93900
2020-09-10,9.81026840209961,9.99590683531849,9.81026840209961,9.960207031866071,102600
2020-09-11,9.903088569641113,9.97448818340201,9.838829053439742,9.853109248558793,135200
2020-09-14,10.02908706665039,10.087353310187154,9.956253914935228,10.043653280240376,105600
2020-09-15,10.065505027770996,10.116488522341776,10.04365535557698,10.05822226676536,49300
2020-09-16,10.101922988891602,10.145623033828167,10.065506400542574,10.087356770305181,44200
2020-09-17,10.058219909667969,10.094635789927917,9.992670213858633,10.036369548005927,53800
2020-09-18,10.00723934173584,10.087355968654498,9.956256538852037,10.087355968654498,84400
2020-09-21,9.861573219299316,9.912556019726383,9.723191034745039,9.912556019726383,90700
2020-09-22,9.81787395477295,9.861573997579665,9.7523249324458,9.839724323470616,97800
2020-09-23,9.562959671020508,9.861574444192847,9.541109995921925,9.847008225656674,179000
2020-09-24,9.497407913208008,9.61394041484675,9.460991332798777,9.490124458208461,257200
2020-09-25,9.599372863769531,9.613939077153367,9.47555692435912,9.47555692435912,124700
2020-09-28,9.701339721679688,9.796022552231001,9.657640381172001,9.708623176627134,211200
2020-09-29,9.715906143188477,9.774172390662205,9.650356441133416,9.759605481499543,123100
2020-09-30,9.854287147521973,9.876137508694356,9.701338092257181,9.701338092257181,207000
2020-10-01,9.978105545043945,10.021805583585367,9.905273073592976,9.99267245608727,267700
2020-10-02,9.883423805236816,9.912556935972079,9.832441000097266,9.905274174229733,111200
2020-10-05,9.96353816986084,9.999954054056996,9.890705012291589,9.890705012291589,84700
2020-10-06,9.890706062316895,10.072788280981916,9.876139846009735,10.014522026576193,112900
2020-10-07,10.02908706665039,10.043653280240376,9.941687006756831,9.941687006756831,137100
2020-10-08,10.109203338623047,10.138336461431072,10.036370184308764,10.087353670164136,73700
2020-10-09,10.080071449279785,10.138337702025684,10.065504538799049,10.138337702025684,98700
2020-10-12,10.123770713806152,10.160187295139831,10.06550446150767,10.13833762417503,114200
2020-10-13,10.036372184753418,10.109205353584771,9.978105927523766,10.109205353584771,79700
2020-10-14,9.970820426940918,10.080070157783384,9.927121090274678,10.02908736680996,75900
2020-10-15,10.00723934173584,10.00723934173584,9.876140606521975,9.919839953397064,82100
2020-10-16,10.036372184753418,10.072788769169096,9.985389383324616,9.985389383324616,80100
2020-10-19,9.912554740905762,10.065503817043533,9.854288492337894,10.058221056913903,63800
2020-10-20,9.948972702026367,9.98538928608742,9.847007100161697,9.883422989634184,142200
2020-10-21,9.934405326843262,10.021804701646232,9.883421837266829,9.919838417081856,130000
2020-10-22,9.919839859008789,9.963539900056665,9.883423273900325,9.919839859008789,82700
2020-10-23,9.854287147521973,9.978103082478633,9.796020906905706,9.963536869618755,124100
2020-10-26,9.715906143188477,9.825155183554603,9.628506771977882,9.825155183554603,75500
2020-10-27,9.621223449707031,9.715906276801029,9.61393999502554,9.715906276801029,61200
2020-10-28,9.380874633789062,9.497407125765948,9.286191810410731,9.482840911563057,167200
2020-10-29,9.402726173400879,9.42457584634722,9.286193658235625,9.359026827508199,167800
2020-10-30,9.26434326171875,9.380875767782497,9.198793553410761,9.380875767782497,156600
2020-11-02,9.3517427444458,9.439142124957902,9.308042706895483,9.308042706895483,114000
2020-11-03,9.577526092529297,9.592093005962829,9.380877623297266,9.380877623297266,187500
2020-11-04,9.825155258178711,9.883421506094985,9.577523357240318,9.577523357240318,219800
2020-11-05,9.985387802124023,10.043654050127131,9.555673702159753,9.927121554120916,217100
2020-11-06,9.919839859008789,10.036372375685005,9.861573600670681,10.036372375685005,129700
2020-11-09,10.203887939453125,10.27672041187024,10.152904444713732,10.218454156101124,150200
2020-11-10,10.334986686706543,10.34227014233826,10.174754830340143,10.254870758523344,106100
2020-11-11,10.466087341308594,10.466087341308594,10.32770514096481,10.400537622086775,122000
2020-11-12,10.291287422180176,10.466086191170293,10.22573771016174,10.407819934840253,107400
2020-11-13,10.451519966125488,10.451519966125488,10.327703997874828,10.327703997874828,122600
2020-11-16,10.619032859802246,10.640882527283273,10.487933465739273,10.538916949312878,106900
2020-11-17,10.640883445739746,10.662733809695169,10.524350949664685,10.568050982987065,119400
2020-11-18,10.655448913574219,10.757415181140134,10.61903233983008,10.648165459907716,136400
2020-11-19,10.68458366394043,10.728283003430487,10.61175050533903,10.619033960116866,89700
2020-11-20,10.662734985351562,10.684584657127632,10.626318402665754,10.640884618986952,69500
2020-11-23,10.720998764038086,10.720998764038086,10.662732523031497,10.684582189761873,92800
2020-11-24,10.888517379760742,10.917650509217811,10.764701405921057,10.793834535378124,191500
2020-11-25,10.837532997131348,10.895799247552336,10.801116416971105,10.895799247552336,90400
2020-11-27,10.866665840148926,10.910365179535606,10.844816170455585,10.888515509842266,62600
2020-11-30,10.801117897033691,10.873951067334405,10.757418550524134,10.866667611386616,103000
2020-12-01,10.932215690612793,10.961348815457933,10.86666598606411,10.888515656050842,109000
2020-12-02,10.888517379760742,10.924933965229226,10.837534576858024,10.910367053206395,84400
2020-12-03,10.903081893920898,10.954064685611215,10.881231530692096,10.895798439511298,81400
2020-12-04,11.026899337768555,11.034182098578569,10.910366135157336,10.932216501352992,95300
2020-12-07,11.019615173339844,11.034181388611183,10.910365433156583,11.026898628269759,64200
2020-12-08,11.056032180786133,11.06331494140908,10.968632802014085,11.019615599317316,77800
2020-12-09,11.041463851928711,11.085163882995099,11.005047275138127,11.070596974443493,112400
2020-12-10,11.005049705505371,11.041466290338233,10.946783447608222,11.026900073158238,87000
2020-12-11,11.019615173339844,11.034181388611183,10.968632378007417,11.005048263480012,39600
2020-12-14,11.044092178344727,11.147931407930958,11.014423725984132,11.11084566564229,109200
2020-12-15,11.125679969787598,11.147931131668702,11.051508487048341,11.081176938673707,108700
2020-12-16,11.118263244628906,11.170183568123575,11.066343628485956,11.1034293717388,97900
2020-12-17,11.0960111618042,11.177599224315763,11.058925421625611,11.140514191488837,75400
2020-12-18,11.014425277709961,11.073762190790609,10.962504948250546,11.021841861331193,81100
2020-12-21,11.014425277709961,11.044093734250286,10.851248413062283,10.925419200737192,121500
2020-12-22,11.170182228088379,11.251770287575516,11.066342300907959,11.162764938857284,344400
2020-12-23,11.21468734741211,11.236938513306567,11.155350433459015,11.222104638494198,163300
2020-12-24,11.244353294372559,11.311107484506568,11.1553479433111,11.303690195080199,63300
2020-12-28,11.266603469848633,11.311106495162662,11.199849992904976,11.311106495162662,115500
2020-12-29,11.236937522888184,11.348194757257934,11.199852485450014,11.348194757257934,107700
2020-12-30,11.244353294372559,11.244353294372559,11.162765232737467,11.21468484401874,119300
2020-12-31,11.27402400970459,11.27402400970459,11.19243593167826,11.251772844306826,160900
2021-01-04,11.036673545837402,11.281438424875295,10.999587808060106,11.281438424875295,232700
2021-01-05,11.036673545837402,11.133096181117725,11.02925625681162,11.058924705563134,109400
2021-01-06,11.133097648620605,11.229520296610826,11.01442383797163,11.073760743296118,182800
2021-01-07,11.236937522888184,11.31852630289635,11.12568099587018,11.177600614165016,273600
2021-01-08,11.207268714904785,11.274022911949997,11.177600261479327,11.274022911949997,71500
2021-01-11,11.170182228088379,11.236935709113327,11.125679200053447,11.13309648928454,102600
2021-01-12,11.162766456604004,11.24435452718427,11.133098002997386,11.22210336381724,195300
2021-01-13,11.207268714904785,11.236937168330243,11.133097935017002,11.133097935017002,70500
2021-01-14,11.21468734741211,11.259190386552836,11.19985347259974,11.259190386552836,94800
2021-01-15,11.147930145263672,11.229518910527952,11.11084440717551,11.21468433235204,141500
2021-01-19,11.147930145263672,11.222101621439995,11.125678985351422,11.222101621439995,113600
2021-01-20,11.25918960571289,11.29627464384782,11.155349659820509,11.155349659820509,129200
2021-01-21,11.229520797729492,11.296274288684643,11.207268926726035,11.207268926726035,98800
2021-01-22,11.17760181427002,11.22952214549113,11.15535064794773,11.22952214549113,93100
2021-01-25,11.147930145263672,11.185015883351834,11.036673638350806,11.125678985351422,136000
2021-01-26,11.088595390319824,11.18501804504369,11.088595390319824,11.125681135575428,97700
2021-01-27,10.880913734436035,11.044090552066844,10.836410708772508,11.03667326323099,120100
2021-01-28,11.051507949829102,11.096010978779677,10.947668727863837,10.947668727863837,107400
2021-01-29,10.858664512634277,11.00700677905994,10.791910315904799,10.992172198741512,98900
2021-02-01,10.992170333862305,11.029256071014862,10.873496540855406,10.873496540855406,111900
2021-02-02,11.118263244628906,11.125680534749819,11.066343628485956,11.125680534749819,97300
2021-02-03,11.06634521484375,11.125682129613542,10.992173717705597,11.125682129613542,142900
2021-02-04,11.147930145263672,11.177598594263877,11.051507509175098,11.11084440717551,67900
2021-02-05,11.162766456604004,11.251771817423858,11.133098002997386,11.251771817423858,104200
2021-02-08,11.21468734741211,11.222104638494198,11.147933142376925,11.170185015623193,145600
2021-02-09,11.199851989746094,11.251771605742974,11.147931666397497,11.222103152694512,104200
2021-02-10,11.207268714904785,11.266605621755701,11.170183678636755,11.199852132062214,141400
2021-02-11,11.192435264587402,11.259189464153808,11.17018410051585,11.259189464153808,129000
2021-02-12,11.207268714904785,11.236937168330243,11.125680644822706,11.16276638844246,125000
2021-02-16,11.244353294372559,11.281439034152747,11.199850972517655,11.222102133445107,135900
2021-02-17,11.325942993164062,11.377862608707682,11.229520344760404,11.244354217479277,83300
2021-02-18,11.303690910339355,11.355611232257623,11.229520133437358,11.311108200235065,94100
2021-02-19,11.355611801147461,11.41494870858238,11.333359930345567,11.38528025486492,62400
2021-02-22,11.340775489807129,11.392695099050886,11.274021302292796,11.311107040617607,65700
2021-02-23,11.355611801147461,11.377862964597622,11.244354569193188,11.377862964597622,66900
2021-02-24,11.459449768066406,11.496535507949478,11.325942094779666,11.370444416758028,101000
2021-02-25,11.318525314331055,11.503953314733522,11.288856862560726,11.481701445392012,255800
2021-02-26,11.288857460021973,11.400113983211016,11.192434809827331,11.32594320353556,115600
2021-03-01,11.466867446899414,11.489118608644189,11.400113254313412,11.400113254313412,46900
2021-03-02,11.474285125732422,11.489118998281448,11.385279768383155,11.481701708331084,48800
2021-03-03,11.407532691955566,11.503955354140745,11.407532691955566,11.48170348085445,52600
2021-03-04,11.296273231506348,11.489118518044823,11.236936329087074,11.452032777194857,67700
2021-03-05,11.400113105773926,11.4075303953761,11.244353560886639,11.4075303953761,84600
2021-03-08,11.555872917175293,11.60037594846304,11.422364530663742,11.422364530663742,175600
2021-03-09,11.652297019958496,11.726468512266898,11.570708944300675,11.570708944300675,115500
2021-03-10,11.785802841186523,11.815471290139884,11.68196291617395,11.719048654203556,74800
2021-03-11,11.85997486114502,11.941563634888254,11.80805524683692,11.852557571286237,140400
2021-03-12,11.945243835449219,11.967881493507738,11.81696257372065,11.9150600514918,82600
2021-03-15,12.020702362060547,12.03579389259673,11.945242550465345,11.990518581350086,102100
2021-03-16,12.050887107849121,12.081070890976807,11.998064947647052,12.073524765285347,84700
2021-03-17,12.096163749694824,12.111254562559129,12.020703928267775,12.058433119343109,110700
2021-03-18,12.028249740600586,12.14898560288581,11.982974421927064,12.096164157887298,91600
2021-03-19,12.07352352142334,12.103708021079456,11.982972181369234,12.07352352142334,110100
2021-03-22,12.081071853637695,12.103710232515981,12.028249689226577,12.073525727344935,53400
2021-03-23,12.035797119140625,12.103711543493214,12.013159457448623,12.08861928927302,75600
2021-03-24,12.07352352142334,12.141437206373439,12.058431271595282,12.088615771251398,71200
2021-03-25,12.111254692077637,12.133893070530762,11.937698108432864,12.005611804515844,93500
2021-03-26,12.156532287597656,12.179169228335985,12.126347780911221,12.133893907582829,57700
2021-03-29,12.179168701171875,12.186714827516857,12.10371031627493,12.156531761413365,69000
2021-03-30,12.133893013000488,12.20180670876147,12.103709947815824,12.194260582646207,91500
2021-03-31,12.262173652648926,12.284812029839445,12.133892393788622,12.133892393788622,126600
2021-04-01,12.299903869628906,12.375363693958668,12.254628550741623,12.375363693958668,120800
2021-04-05,12.360271453857422,12.43573127826423,12.201807117951919,12.43573127826423,142700
2021-04-06,12.314993858337402,12.420636729411614,12.247080172853645,12.39799979376781,165200
2021-04-07,12.435731887817383,12.450824141293799,12.322542865297287,12.37536431318823,219000
2021-04-08,12.435731887817383,12.465916394770213,12.405548820141062,12.458370268032006,95200
2021-04-09,12.450822830200195,12.465915082087369,12.413093639758616,12.43573057831302,63900
2021-04-12,12.465913772583008,12.503642959061256,12.428183146828552,12.450821522281226,93500
2021-04-13,12.518735885620117,12.526282011178647,12.443276069311105,12.488551383386,76500
2021-04-14,12.533827781677246,12.556464718435288,12.488551029608674,12.541373907022008,89100
2021-04-15,12.639472007751465,12.639472007751465,12.564012185521548,12.594196690124074,60800
2021-04-16,12.624380111694336,12.707386062417205,12.601743171880052,12.707386062417205,58900
2021-04-19,12.601743698120117,12.616834512201008,12.541376123967058,12.541376123967058,46800
2021-04-20,12.511190414428711,12.714931497336336,12.458368972032591,12.601742486590886,127900
2021-04-21,12.601743698120117,12.601743698120117,12.496099363894892,12.503645490573588,60200
2021-04-22,12.533827781677246,12.64701678329619,12.533827781677246,12.639470657951428,89700
2021-04-23,12.594197273254395,12.609288086977987,12.533829700530632,12.533829700530632,63200
2021-04-26,12.48100757598877,12.594196588784666,12.48100757598877,12.571558210514933,83300
2021-04-27,12.503644943237305,12.518737195934044,12.473461877120263,12.518737195934044,48700
2021-04-28,12.458370208740234,12.541376163188968,12.45082408203794,12.503645529677497,69200
2021-04-29,12.526281356811523,12.548918293028285,12.450821544444496,12.548918293028285,67000
2021-04-30,12.503644943237305,12.533829448630781,12.465915750771893,12.465915750771893,51100
2021-05-03,12.564011573791504,12.631925266564133,12.526282384151745,12.564011573791504,62300
2021-05-04,12.579105377197266,12.594197630625578,12.488553295903897,12.594197630625578,52300
2021-05-05,12.601743698120117,12.662111272273174,12.594197571441422,12.631926765558397,79100
2021-05-06,12.662110328674316,12.669656454790664,12.594196632903593,12.662110328674316,80600
2021-05-07,12.760207176208496,12.790391680878674,12.692293479976996,12.692293479976996,79100
2021-05-10,12.760207176208496,12.865850064001318,12.722477984647174,12.813028620104907,93400
2021-05-11,12.601743698120117,12.714932719747537,12.548920811369255,12.647019018915785,100200
2021-05-12,12.322541236877441,12.60928681865345,12.262173670225843,12.5866498807068,99000
2021-05-13,12.390456199645996,12.48100827854573,12.322542500290314,12.322542500290314,94700
2021-05-14,12.533827781677246,12.571556969124812,12.488551029608674,12.488551029608674,81300
2021-05-17,12.601743698120117,12.616834512201008,12.52628387060967,12.571559191405338,54200
2021-05-18,12.707385063171387,12.707385063171387,12.63947137051606,12.654563622056427,88300
2021-05-19,12.677201271057129,12.677201271057129,12.533829191211982,12.609287574593045,62300
2021-05-20,12.760207176208496,12.760207176208496,12.68474735380945,12.730024110814718,68200
2021-05-21,12.714932441711426,12.782846141058116,12.707386315197741,12.767753888030748,52100
2021-05-24,12.880942344665527,12.880942344665527,12.760207204272083,12.782845582824505,78200
2021-05-25,12.873397827148438,12.903582335656873,12.828122503662367,12.828122503662367,64200
2021-05-26,12.911124229431152,12.971491787377877,12.880939730819735,12.94130728876646,66400
2021-05-27,12.926218032836914,12.979040917639303,12.911127219312677,12.979040917639303,46700
2021-05-28,12.903579711914062,12.926216649415936,12.88848746072862,12.926216649415936,70200
2021-06-01,12.994132041931152,13.039408801416037,12.933764468561115,12.933764468561115,63400
2021-06-02,13.06959056854248,13.084682820203012,13.031861378667488,13.06959056854248,65700
2021-06-03,13.054498672485352,13.077137050592816,12.979040290679885,13.069590924556994,58900
2021-06-04,13.152596473693848,13.152596473693846,13.077136654895323,13.145050347886361,51600
2021-06-07,13.137505531311035,13.205419231070085,13.092230211230493,13.205419231070085,64300
2021-06-08,13.16014289855957,13.205418215157012,13.122412268664732,13.190325963199077,111500
2021-06-09,13.092230796813965,13.205419821716225,13.092230796813965,13.175235314128136,133600
2021-06-10,13.129959106445312,13.220511183825572,13.099776040169521,13.18278055188528,42200
2021-06-11,13.145050048828125,13.258239054812622,13.084682483017973,13.258239054812622,124900
2021-06-14,13.07068920135498,13.354335312220966,13.03235931765019,13.354335312220966,71400
2021-06-15,13.040024757385254,13.147349594685062,12.98636233873535,13.116685982109937,68100
2021-06-16,12.93270206451416,13.078356807232346,12.917369524588619,13.078356807232346,68900
2021-06-17,12.817708969116211,12.978697707569156,12.787045352672248,12.971031437910307,69100
2021-06-18,12.656723022460938,12.817710315634391,12.557062968617918,12.817710315634391,135000
2021-06-21,12.810042381286621,12.833041189691928,12.695051263642865,12.725716341516609,75900
2021-06-22,12.886703491210938,12.925034838188537,12.810042259447114,12.863706145215755,85200
2021-06-23,12.848374366760254,12.99403056951196,12.810043017514296,12.971031759964385,80400
2021-06-24,12.98636245727539,13.009359801368845,12.87903615680466,12.932700038135653,47800
2021-06-25,12.98636245727539,13.047691145176698,12.98636245727539,13.032358607653556,50200
2021-06-28,12.99402904510498,13.017026389763133,12.909701548848302,13.001693851863504,102400
2021-06-29,13.040024757385254,13.078354638651973,12.971029801352165,13.05535729476844,153300
2021-06-30,13.04769229888916,13.116687261652762,13.040026029449718,13.08602218389499,107400
2021-07-01,13.101353645324707,13.178014871223168,13.047691225853164,13.178014871223168,108300
2021-07-02,13.185681343078613,13.185681343078613,13.10135384707262,13.109020115999645,86900
2021-07-06,13.078356742858887,13.208680407201546,13.063025665200293,13.208680407201546,88500
2021-07-07,13.078356742858887,13.116688092484068,13.032360585500147,13.116688092484068,55300
2021-07-08,12.909703254699707,13.024694379758953,12.894370714774077,13.024694379758953,104600
2021-07-09,13.024693489074707,13.093688451830383,13.00169468075902,13.00169468075902,64400
2021-07-12,13.04769229888916,13.132018338340261,13.009360951691946,13.009360951691946,74300
2021-07-13,13.147351264953613,13.178016343615743,13.017027605022422,13.017027605022422,84000
2021-07-14,13.193347930908203,13.293007978222294,13.147351773327886,13.224013010756073,132900
2021-07-15,13.101353645324707,13.224011021885737,13.070688570088816,13.208678484267791,61300
2021-07-16,13.16268539428711,13.216347826236625,13.116689232929183,13.155019123695519,53100
2021-07-19,12.886703491210938,13.024693415947542,12.794711182847452,13.024693415947542,74800
2021-07-20,13.032360076904297,13.063025155407718,12.86370653170974,12.902036417647595,81600
2021-07-21,13.139683723449707,13.155016261296678,13.07068876532962,13.07068876532962,30000
2021-07-22,13.116683959960938,13.155013835318487,13.093685157431796,13.13968130029906,38700
2021-07-23,13.185681343078613,13.231677494449478,13.124352653853697,13.170348805224561,30900
2021-07-26,13.15501594543457,13.216344633158622,13.147349676695157,13.216344633158622,40200
2021-07-27,13.116683959960938,13.178012637847626,13.055355282074247,13.178012637847626,45300
2021-07-28,13.17034912109375,13.178015390204639,13.116686699508854,13.162682851982861,58400
2021-07-29,13.201013565063477,13.239344913027141,13.155017409698493,13.216346104248942,130800
2021-07-30,13.147351264953613,13.224012499417508,13.109021378817381,13.224012499417508,51100
2021-08-02,13.178016662597656,13.247011629066083,13.14735158319326,13.239345359214985,41600
2021-08-03,13.178016662597656,13.208680279810588,13.132019043491061,13.208680279810588,35700
2021-08-04,13.201013565063477,13.231678643434408,13.139684870513026,13.162683679291225,187800
2021-08-05,13.25467586517334,13.270006940331735,13.201011984449615,13.208678253124432,106100
2021-08-06,13.323671340942383,13.339003880572943,13.277675184242158,13.31600653331856,90900
2021-08-09,13.392666816711426,13.400333086818426,13.354336928367939,13.354336928367939,84300
2021-08-10,13.430996894836426,13.44632943359787,13.35433566322058,13.41566435607498,112700
2021-08-11,13.561321258544922,13.568987528326229,13.499992562485915,13.499992562485915,118100
2021-08-12,13.576652526855469,13.614983876301089,13.568987719157816,13.599651336522841,72200
2021-08-13,13.507658004760742,13.637981658676173,13.499991735449086,13.622649120052861,57500
2021-08-16,13.461661338806152,13.538322575140912,13.400332642176636,13.507658957921887,109600
2021-08-17,13.346670150756836,13.476993813237284,13.300673994055343,13.43099765653579,98700
2021-08-18,13.392666816711426,13.522990484147401,13.323671847939938,13.323671847939938,234300
2021-08-19,13.354333877563477,13.377332682630389,13.270006387842647,13.339001340852201,80400
2021-08-20,13.369668006896973,13.423330429587631,13.316005584206314,13.384999083243336,45800
2021-08-23,13.492325782775879,13.522989398550758,13.42333081954316,13.430997089034728,68500
2021-08-24,13.4386625289917,13.530654832829276,13.43099625997335,13.499991218947185,89200
2021-08-25,13.461661338806152,13.492326418216642,13.423331451734503,13.476993878511397,55500
2021-08-26,13.400330543518066,13.507656842454683,13.369666931101344,13.484658036498715,50600
2021-08-27,13.492325782775879,13.522989398550758,13.430997089034728,13.438663358526297,46800
2021-08-30,13.45399284362793,13.492324186550938,13.415662962896144,13.492324186550938,49100
2021-08-31,13.4386625289917,13.453993604837091,13.415663721936651,13.423329990955,44200
2021-09-01,13.461661338806152,13.515323765583044,13.430997721587126,13.515323765583044,73500
2021-09-02,13.4769926071167,13.538321297960579,13.446328992790423,13.484658876246101,33600
2021-09-03,13.545987129211426,13.545987129211426,13.453993364823672,13.484658440350017,38400
2021-09-07,13.461661338806152,13.545988844993536,13.43866399143975,13.545988844993536,81900
2021-09-08,13.4386625289917,13.484658680910488,13.392664914881605,13.43099625997335,39800
2021-09-09,13.400330543518066,13.484658036498715,13.377333199753334,13.461659230542747,93000
2021-09-10,13.407998085021973,13.561320548234542,13.39266554626244,13.561320548234542,63900
2021-09-13,13.415664672851562,13.476993367154085,13.35433597854904,13.461660828030602,60300
2021-09-14,13.301188468933105,13.550390826653869,13.285612950234754,13.480302477874503,63200
2021-09-15,13.363487243652344,13.363487243652344,13.285611146099079,13.301186662682335,110500
2021-09-16,13.31676197052002,13.37127479234389,13.246673632357046,13.37127479234389,47500
2021-09-17,13.238887786865234,13.371276724148414,13.1298621274661,13.371276724148414,74500
2021-09-20,13.098708152770996,13.192159757986516,12.966319245177354,13.192159757986516,136800
2021-09-21,13.114285469055176,13.192161569870226,13.090922193201736,13.145435018163349,79400
2021-09-22,13.207735061645508,13.223310578244213,13.161009997212414,13.192161030409823,66400
2021-09-23,13.192159652709961,13.379061376286606,13.18437189522391,13.246672469749457,124000
2021-09-24,13.31676197052002,13.32454972868957,13.192160810533176,13.192160810533176,46400
2021-09-27,13.31676197052002,13.37906255051344,13.293398696011364,13.32454972868957,48400
2021-09-28,13.137649536132812,13.301188020866869,13.12207401795914,13.270038469882692,73400
2021-09-29,13.114285469055176,13.301187219793452,13.044197126857938,13.122073227672988,136600
2021-09-30,13.044198036193848,13.215524281639977,13.044198036193848,13.114286383277078,124900
2021-10-01,13.145435333251953,13.145435333251953,12.981896854447191,13.137649059810586,126700
2021-10-04,13.075347900390625,13.199949065062869,13.005259559592108,13.17658578967568,57000
2021-10-05,13.207735061645508,13.223310578244213,13.114284932779318,13.14543448061371,66100
2021-10-06,13.231098175048828,13.238885933253124,13.044196434234696,13.137648047323262,68400
2021-10-07,13.37127685546875,13.425789685703693,13.277825228377978,13.301188506491476,68900
2021-10-08,13.464725494384766,13.48808728195045,13.379061645676206,13.410211190884752,123600
2021-10-11,13.410212516784668,13.534813680664247,13.402424758371815,13.464726825674642,80400
2021-10-12,13.301188468933105,13.433577407142664,13.114286700642534,13.410214129095136,124700
2021-10-13,13.3323392868042,13.39463987520857,13.24667542073699,13.363488838324788,35600
2021-10-14,13.472513198852539,13.47251319885254,13.379063067929852,13.441363650332661,46700
2021-10-15,13.597112655639648,13.636051443101964,13.534812081062805,13.558175353540195,57400
2021-10-18,13.628266334533691,13.628266334533691,13.542602470828985,13.58154126585983,52600
2021-10-19,13.659416198730469,13.690565746719702,13.59711413202595,13.636052923716274,46900
2021-10-20,13.698352813720703,13.713928329610757,13.550388383491082,13.682777297830647,63300
2021-10-21,13.589327812194824,13.682777941203337,13.581540053883613,13.612689601765442,75400
2021-10-22,13.651628494262695,13.674990284006054,13.565964637568973,13.620477460787512,47600
2021-10-25,13.784017562866211,13.78401756286621,13.612689847650888,13.713929222162314,79300
2021-10-26,13.838531494140625,13.846319253215748,13.784018665977923,13.846319253215748,86500
2021-10-27,13.72950267791748,13.84631756443371,13.72950267791748,13.84631756443371,72200
2021-10-28,13.760653495788574,13.807378558448487,13.737290221777137,13.784016769800012,69200
2021-10-29,13.784017562866211,13.78401756286621,13.729503253703033,13.760654287510562,47300
2021-11-01,13.760653495788574,13.846317348467547,13.667201885105788,13.838529590463736,129800
2021-11-02,13.768441200256348,13.846317294628703,13.752865684309285,13.760653442282816,71900
2021-11-03,13.791805267333984,13.80738078585425,13.760655715656652,13.799593026594117,41200
2021-11-04,13.745078086853027,13.83074194019931,13.729502570724073,13.83074194019931,37800
2021-11-05,13.846318244934082,13.846318244934082,13.77622990372493,13.830742727918036,67500
2021-11-08,13.87746810913086,13.900831385186134,13.815167525013223,13.861892591760679,55800
2021-11-09,13.86967945098877,13.916406000069072,13.815166629091411,13.916406000069072,70100
2021-11-10,13.830740928649902,13.939766562852755,13.807377656165206,13.869678230761531,86700
2021-11-11,13.830740928649902,13.908617018236024,13.822953171155003,13.908617018236024,52200
2021-11-12,13.908618927001953,13.924192958766207,13.81516730960109,13.87746789274731,39300
2021-11-15,13.900832176208496,13.931981727358325,13.861893380567242,13.908619935336747,53300
2021-11-16,13.978707313537598,13.994281345351794,13.931980762005795,13.955344037771695,41000
2021-11-17,13.885257720947266,13.994283386362962,13.861894441773922,13.994283386362962,38300
2021-11-18,13.87746810913086,13.939768693248498,13.791804248957948,13.939768693248498,40900
2021-11-19,13.752866744995117,13.87746791145553,13.706141678913228,13.87746791145553,28100
2021-11-22,13.784017562866211,13.846318145118223,13.768442045962445,13.815167111310693,89800
2021-11-23,13.776230812072754,13.799592603774148,13.690566948199235,13.776230812072754,127700
2021-11-24,13.737292289733887,13.807380636956054,13.72171825674477,13.737292289733887,55400
2021-11-26,13.480301856994629,13.5737534795173,13.371276201854137,13.565965720526815,85900
2021-11-29,13.5426025390625,13.65162968033504,13.441364642198527,13.519240747289437,48400
2021-11-30,13.379061698913574,13.542600153975684,13.355698425892031,13.433574517267612,85200
2021-12-01,13.2933988571167,13.565964454902316,13.2933988571167,13.418000018613608,105800
2021-12-02,13.308974266052246,13.386850362699,13.238885927606466,13.28561099144932,121000
2021-12-03,13.262249946594238,13.355700079525123,13.184373845576445,13.301187254421594,84400
2021-12-06,13.363487243652344,13.472512889009103,13.277823387807452,13.277823387807452,139000
2021-12-07,13.50366497039795,13.861892967442198,13.386851557681917,13.386851557681917,240000
2021-12-08,13.550389289855957,13.58932808218565,13.511451982889314,13.558177048321896,101200
2021-12-09,13.5426025390625,13.573753575244128,13.48808971110781,13.550390298107907,117400
2021-12-10,13.519240379333496,13.597114996941718,13.402425482194925,13.550389929304162,196500
2021-12-13,13.472513198852539,13.60490212212889,13.418000374920464,13.57375257360901,123800
2021-12-14,13.49071216583252,13.538187901483244,13.411588958104874,13.47488842979406,48500
2021-12-15,13.65687370300293,13.65687370300293,13.451150050540317,13.52236214213039,199500
2021-12-16,13.633136749267578,13.767648319150098,13.546100916410769,13.704348845627647,56900
2021-12-17,13.672698020935059,13.672698020935059,13.482799625958247,13.62522229030714,76300
2021-12-20,13.419499397277832,13.609399311982397,13.372025173190877,13.609399311982397,90300
2021-12-21,13.743912696838379,13.743912696838379,13.490713279992168,13.569838003432947,64300
2021-12-22,13.688523292541504,13.846772727382978,13.672699556400124,13.791385877942,68600
2021-12-23,13.680610656738281,13.751821234396623,13.672698034958845,13.696434391118862,127500
2021-12-27,13.767648696899414,13.799299189118296,13.680612861654561,13.704349221640188,89500
2021-12-28,13.759736061096191,13.807211799380525,13.735999701132556,13.799299176333136,49800
2021-12-29,14.020845413208008,14.020845413208008,13.759734911179601,13.823034381090173,88200
2021-12-30,14.131619453430176,14.163268431189369,13.89424532893396,14.06040736699914,66800
2021-12-31,14.060408592224121,14.218656513166383,14.052495969800246,14.202832777497047,116500
2022-01-03,14.036670684814453,14.115795399648533,14.005021704387866,14.020845440011955,94900
2022-01-04,14.115795135498047,14.115795135498047,14.044583044397816,14.115795135498047,52700
2022-01-05,13.997110366821289,14.21865777767909,13.989197743693717,14.11579669537776,83300
2022-01-06,14.092056274414062,14.139532004583288,13.997107832432162,14.01293156664363,71200
2022-01-07,14.099970817565918,14.155357667799516,14.052496590105473,14.115796063112226,62900
2022-01-10,14.08414363861084,14.092056260297783,13.949632088289327,14.092056260297783,53300
2022-01-11,14.171183586120605,14.21865781583488,14.044584634096832,14.115796733257524,62800
2022-01-12,14.20283317565918,14.242394779709212,14.171182685076388,14.226569534417816,71800
2022-01-13,14.08414363861084,14.242393053993183,14.076232526102167,14.242393053993183,54400
2022-01-14,14.10788345336914,14.171182926434357,14.028758734742999,14.060409225864849,76900
2022-01-18,13.981283187866211,14.07623314309313,13.886333232639293,14.07623314309313,96800
2022-01-19,13.925896644592285,14.084144561162041,13.91798402238704,14.028757714903708,60500
2022-01-20,13.783470153808594,14.020842743480197,13.767644912049656,13.949630664743092,48000
2022-01-21,13.300814628601074,13.799299321583879,13.261253022126239,13.735999845717012,186400
2022-01-24,12.976404190063477,13.197953102741625,12.501658137015836,12.889368356907971,314500
2022-01-25,12.936841011047363,13.03970207741854,12.739029991028834,12.865628923106428,147300
2022-01-26,13.000140190124512,13.284988535600585,12.857716017386474,13.158388097139222,76200
2022-01-27,12.992227554321289,13.24542541261314,12.928928089748327,13.118826483467215,97300
2022-01-28,13.205864906311035,13.213777528684908,12.905191292817527,13.000141252125584,83300
2022-01-31,13.427411079406738,13.427411079406738,13.25333793048956,13.261250552146468,84000
2022-02-01,13.466974258422852,13.530273722832312,13.403674794013389,13.44323639332745,60700
2022-02-02,13.5302734375,13.601485522106177,13.459061352893823,13.585660279042973,67500
2022-02-03,13.324551582336426,13.459063147957266,13.300813714575648,13.324551582336424,68800
2022-02-04,13.324551582336426,13.403676299027234,13.182127394128658,13.292901091988723,70300
2022-02-07,13.348289489746094,13.419500074883052,13.284990018041116,13.292901131473094,52300
2022-02-08,13.554011344909668,13.554011344909668,13.35620031150412,13.379938178817016,57600
2022-02-09,13.648962020874023,13.720174117369385,13.609400415789265,13.633136775168722,75100
2022-02-10,13.514450073242188,13.656874262254632,13.48280109189412,13.56983692248515,67500
2022-02-11,13.300814628601074,13.641049877327438,13.27707826838759,13.546101418116413,46400
2022-02-14,13.095088958740234,13.364112067463621,13.087177845993946,13.277076244649574,68700
2022-02-15,13.292901039123535,13.372025755499669,13.229601567858316,13.229601567858316,44200
2022-02-16,13.300814628601074,13.316639874862428,13.174215676867341,13.261253022126239,69200
2022-02-17,13.079265594482422,13.205864530504869,13.04761510588763,13.190039286207472,38000
2022-02-18,13.047614097595215,13.150476668400925,12.984314634475643,13.055526719132443,33600
2022-02-22,12.80233097076416,13.008054637008772,12.739031497241086,13.000142014171075,74600
2022-02-23,12.549132347106934,12.86563046994268,12.549132347106934,12.826067355675306,66200
2022-02-24,12.715292930603027,12.731118175409545,12.256371395462914,12.264284017866173,120600
2022-02-25,12.952668190002441,13.015967665498287,12.707381401924815,12.770680877420661,79900
2022-02-28,12.952668190002441,13.039704025572643,12.802331369757853,12.810243992842153,47600
2022-03-01,12.841891288757324,12.968490223115701,12.699467110309564,12.95266648820466,62800
2022-03-02,13.055527687072754,13.126739777009238,12.841891417263303,12.841891417263303,79000
2022-03-03,12.952668190002441,13.253340321313075,12.944755566918143,13.118828747237085,38300
2022-03-04,12.889368057250977,12.960578643021407,12.723205999310741,12.818155962302086,68800
2022-03-07,12.644082069396973,12.889368860248084,12.612432331291183,12.889368860248084,58100
2022-03-08,12.72320556640625,12.905191354337628,12.572869513532034,12.628256361234765,112800
2022-03-09,12.778593063354492,12.984316728972903,12.69155723076175,12.889368273566552,175200
2022-03-10,12.715292930603027,12.746943420216061,12.620343725531542,12.620343725531542,52900
2022-03-11,12.691556930541992,12.857717478161812,12.675731685289119,12.770680138449457,64900
2022-03-14,12.528006553649902,12.834157284563723,12.519949773493444,12.697195095251308,83900
2022-03-15,12.850272178649902,12.850272178649902,12.568291742077724,12.568291742077724,43100
2022-03-16,13.075854301452637,13.083911081460535,12.842213059581443,12.922780091323581,58800
2022-03-17,13.220874786376953,13.261157154368329,13.0194598730724,13.043630215871529,46600
2022-03-18,13.33366584777832,13.365892969580987,13.228930775267141,13.228930775267141,29100
2022-03-21,13.269211769104004,13.430344288112316,13.204759068835397,13.285325328339553,52700
2022-03-22,13.301440238952637,13.373949726205716,13.245044312572185,13.245044312572185,49200
2022-03-23,13.188650131225586,13.293385217408023,13.17253656822092,13.285328435905688,42600
2022-03-24,13.317554473876953,13.333666498891327,13.220874640421602,13.220874640421602,48900
2022-03-25,13.269211769104004,13.373948367461484,13.253099746542043,13.34977802860816,71600
2022-03-28,13.309497833251953,13.341723420294029,13.220874779707033,13.22893156063601,40300
2022-03-29,13.365893363952637,13.438402853474345,13.301440655119317,13.438402853474345,51800
2022-03-30,13.365893363952637,13.373950144641025,13.253101507662775,13.365893363952637,79700
2022-03-31,13.382006645202637,13.470628157572209,13.30144037667904,13.365893084163165,103000
2022-04-01,13.51091194152832,13.51091194152832,13.382006527692019,13.51091194152832,121700
2022-04-04,13.615647315979004,13.639817657862002,13.502855460539234,13.518969021794566,113000
2022-04-05,13.50285530090332,13.599533593944791,13.382006666264603,13.567308008488888,62400
2022-04-06,13.357836723327637,13.486742142345912,13.228931304309363,13.462571800027307,56100
2022-04-07,13.486742973327637,13.535082124269442,13.269214489078667,13.382007890174746,70700
2022-04-08,13.52702522277832,13.599533171972734,13.398118274933204,13.430345396062911,69000
2022-04-11,13.422289848327637,13.502856121876464,13.382007479890152,13.494799340854195,67900
2022-04-12,13.54313850402832,13.615647996628304,13.438403423980485,13.494799354519616,54700
2022-04-13,13.57536506652832,13.61564743334009,13.470628454139652,13.494798796230988,63400
2022-04-14,13.591479301452637,13.663987257972218,13.5753657392599,13.631761670260612,44200
2022-04-18,13.51091194152832,13.631760574915633,13.478684819732372,13.591478209344444,52500
2022-04-19,13.639817237854004,13.688156383457725,13.478684703609954,13.494798264369106,48600
2022-04-20,13.623703956604004,13.784836494153911,13.591478371098281,13.728440567013573,84600
2022-04-21,13.57536506652832,13.792893535328979,13.518969138322326,13.72844082642587,69500
2022-04-22,13.382006645202637,13.583421548174748,13.325610718238247,13.575364767655012,66900
2022-04-25,13.51091194152832,13.535080746201535,13.172534846039595,13.277269918528933,74600
2022-04-26,13.156421661376953,13.43034605778097,13.10002573329503,13.43034605778097,65900
2022-04-27,13.16447925567627,13.341723831555882,13.108083324108843,13.196704843711707,40300
2022-04-28,13.39006233215332,13.406174355203161,13.124194743410545,13.220873028404117,78400
2022-04-29,13.011402130126953,13.349779220927271,13.003345349789598,13.349779220927271,43500
2022-05-02,12.995287895202637,13.140306860403404,12.76164742423646,13.003344675121975,74000
2022-05-03,13.10808277130127,13.10808277130127,12.946950227897881,13.051686842112229,69700
2022-05-04,13.33366584777832,13.373949750031654,12.95500638663945,13.051686215373707,87600
2022-05-05,13.027515411376953,13.285326229947703,12.89055322192703,13.285326229947703,67100
2022-05-06,12.93889331817627,12.97917722196276,12.729422396844837,12.93889331817627,120100
2022-05-09,12.487725257873535,12.866385529214371,12.487725257873535,12.640800261675981,90000
2022-05-10,12.584403038024902,12.745534806639542,12.48772397685612,12.640798964955806,137100
2022-05-11,12.495780944824219,12.890553975936418,12.487724164188405,12.560233653236951,94500
2022-05-12,12.334648132324219,12.57634538429596,12.229912297912612,12.358817703854028,125200
2022-05-13,12.648857116699219,12.777762545565219,12.407159053406986,12.407159053406986,57300
2022-05-16,12.576346397399902,12.801931644306519,12.536064031050831,12.62468631269043,96900
2022-05-17,12.80998706817627,12.858326981246414,12.70525199847519,12.75359114320848,47700
2022-05-18,12.552176475524902,12.809987301020225,12.431327843158188,12.77776094783331,79100
2022-05-19,12.391044616699219,12.47966689521465,12.237968863956274,12.471610114894103,56700
2022-05-20,12.382987976074219,12.600516437161808,12.125177149603182,12.600516437161808,78800
2022-05-23,12.439384460449219,12.616629795769681,12.423271667240215,12.423271667240215,58100
2022-05-24,12.503837585449219,12.511893597657934,12.246025986348231,12.407157755575797,50300
2022-05-25,12.656911849975586,12.681081421892657,12.487723309882416,12.511892881799486,102700
2022-05-26,12.93889331817627,13.043629931347338,12.681082480637953,12.681082480637953,115300
2022-05-27,13.132251739501953,13.164478863250602,12.938893607031577,12.938893607031577,39900
2022-05-31,13.043627738952637,13.164476356652061,13.011400621340233,13.059739761085293,41100
2022-06-01,13.10002613067627,13.228931552109156,12.963063928319599,13.091969349752485,101000
2022-06-02,13.204761505126953,13.212818286231212,13.019460149750621,13.12419676743211,44000
2022-06-03,13.067798614501953,13.204760812745093,13.05168658981213,13.164478446009849,39100
2022-06-06,13.10002613067627,13.204761209337802,13.019459858112256,13.204761209337802,42000
2022-06-07,13.16447925567627,13.261157556456464,12.979177898619328,13.083912980576851,25200
2022-06-08,13.11613941192627,13.23698804985002,13.07585550816915,13.180592121263857,61500
2022-06-09,12.97111988067627,13.245044267891915,12.97111988067627,13.067798172238415,58400
2022-06-10,12.89055347442627,12.922780595715722,12.785817635246133,12.793874415568496,207100
2022-06-13,12.487725257873535,12.729423319757833,12.45549890084476,12.608573904647205,104100
2022-06-14,12.485261917114258,12.723310928988507,12.427802053747623,12.542721780480893,101000
2022-06-15,12.65764045715332,12.747934626916095,12.477051334795958,12.485260109183068,52500
2022-06-16,12.280046463012695,12.485261142686817,12.140500418207743,12.485261142686817,77700
2022-06-17,12.083039283752441,12.370339335289495,12.083039283752441,12.263627619176258,67800
2022-06-21,12.197959899902344,12.394966581234986,12.165125583485546,12.239002991131306,88300
2022-06-22,12.156917572021484,12.214377429950828,12.009162756966772,12.017371531765779,97600
2022-06-23,12.197959899902344,12.247211765943469,12.083040183859477,12.165125583485546,87300
2022-06-24,12.419591903686523,12.477051760694033,12.107665511815192,12.247211549832151,47100
2022-06-27,12.296464920043945,12.518097180307096,12.255422604734756,12.44421976021938,109400
2022-06-28,12.23900318145752,12.542720808743915,12.173334547602725,12.370340449167111,167600
2022-06-29,12.534513473510742,12.559139016788832,12.230795047476029,12.337506778790297,124800
2022-06-30,12.54272174835205,12.67405902590046,12.378550151416537,12.460636341300257,339200
2022-07-01,12.682266235351562,12.7479348660165,12.477051568815673,12.616597604686623,200400
2022-07-05,12.559138298034668,12.641223698541227,12.460635347727681,12.575555065003236,99300
2022-07-06,12.58376407623291,12.657641486058571,12.55092975884727,12.60018162634167,91200
2022-07-07,12.674059867858887,12.715102965527306,12.518097036117267,12.583765679253945,123200
2022-07-08,12.641223907470703,12.682266999818257,12.534512963331684,12.641223907470703,41400
2022-07-11,12.550930976867676,12.674059483305015,12.477053559872491,12.591974073290773,44700
2022-07-12,12.54272174835205,12.772562766893692,12.54272174835205,12.608390387126256,77500
2022-07-13,12.56734848022461,12.657642665742511,12.35392500591108,12.493471063513622,89800
2022-07-14,12.616599082946777,12.624807858449655,12.394967624192478,12.49347058173127,65000
2022-07-15,12.846437454223633,12.871063777160979,12.706891422239224,12.747934510969662,45200
2022-07-18,12.89569091796875,13.076280061099569,12.89569091796875,12.977777105618731,41600
2022-07-19,13.043444633483887,13.051652625285413,12.838229964640835,12.920315362478954,59000
2022-07-20,12.846437454223633,13.141947066817348,12.813603139805643,13.051652115044021,177500
2022-07-21,12.879273414611816,12.879273414611816,12.764353690878023,12.871065422082193,46900
2022-07-22,12.887482643127441,13.010611929384186,12.83823155489029,12.862857099008867,59600
2022-07-25,12.985983848571777,13.043444487530508,12.862855361776463,12.953149533237571,46300
2022-07-26,12.747936248779297,12.936734169543689,12.715101929885305,12.928525394112214,55000
2022-07-27,12.961360931396484,13.010612805783191,12.788980545290991,12.788980545290991,41500
2022-07-28,12.985983848571777,13.027026938447491,12.821812271900747,13.002401397654793,61900
2022-07-29,13.092697143554688,13.125531462837325,12.985985410178133,13.002402961235413,130300
2022-08-01,13.010611534118652,13.084488164229988,12.969568439946636,13.002402758717867,91700
2022-08-02,12.912107467651367,13.059862289792278,12.895690700097871,13.0106112042999,65700
2022-08-03,13.043444633483887,13.068070174552139,12.928524137112317,12.944941686379043,70500
2022-08-04,12.977777481079102,13.068071663840863,12.920316834928958,13.068071663840863,69400
2022-08-05,12.961360931396484,12.99419525337696,12.838232419677698,12.928526609416009,52700
2022-08-08,13.043444633483887,13.051652625285413,12.928524137112317,13.035235858850525,35800
2022-08-09,13.05986213684082,13.100905229491715,12.936733641720016,12.985984726635586,59300
2022-08-10,13.29791259765625,13.29791259765625,13.15836654520646,13.265077495590964,42900
2022-08-11,13.355372428894043,13.486709705515647,13.29791256608007,13.412832291708014,110900
2022-08-12,13.494917869567871,13.52775140440369,13.355371823772163,13.445665218818492,47100
2022-08-15,13.478499412536621,13.527750494308812,13.2814935197842,13.412830781619148,65700
2022-08-16,13.371790885925293,13.519544157888097,13.371790885925293,13.396415648420456,68200
2022-08-17,13.30611801147461,13.388204189894154,13.248658156280017,13.36357943233283,46300
2022-08-18,13.404622077941895,13.470290709206681,13.30611834821288,13.379995754093724,51000
2022-08-19,13.26507568359375,13.355370636275241,13.224033377282323,13.306117989905177,42100
2022-08-22,13.125531196594238,13.289703572509216,13.07628011008527,13.199408609189598,59400
2022-08-23,13.150158882141113,13.232245078584656,13.076281461908323,13.125532553508858,44900
2022-08-24,13.16657543182373,13.27328638310867,13.10090600997095,13.141949105066965,45900
2022-08-25,13.289704322814941,13.330746636278935,13.215826906048635,13.297913098640521,83700
2022-08-26,12.994194030761719,13.281494908182916,12.969568487301359,13.273286132752158,58200
2022-08-29,12.977777481079102,13.092697207715538,12.846439420473004,12.936734386066691,39000
2022-08-30,12.830021858215332,13.051653305036192,12.756144448331087,12.944942360572144,61100
2022-08-31,12.830021858215332,13.03523653774629,12.756144448331087,12.846438625505233,58600
2022-09-01,12.805397033691406,12.879273664885046,12.600182342656813,12.7233108441448,47200
2022-09-02,12.731518745422363,13.018818823443421,12.723309970464996,12.903899105367746,43900
2022-09-06,12.633016586303711,12.747936311582889,12.633016586303711,12.698685224415216,32000
2022-09-07,12.764352798461914,12.813603881523907,12.567346900550245,12.591972442081241,34600
2022-09-08,12.89569091796875,12.961359554955974,12.731519325500688,12.731519325500688,47500
2022-09-09,13.109113693237305,13.166574334716577,12.9449421093648,12.9449421093648,52800
2022-09-12,13.256869316101074,13.314329181634871,13.125532033262706,13.166575912689641,31900
2022-09-13,12.903899192810059,13.092696321117677,12.813604233330873,13.05165322888458,105100
2022-09-14,12.817778587341309,12.909751924000767,12.725805250681848,12.909751924000767,48700
2022-09-15,12.692361831665039,12.893031388536519,12.650555474635997,12.759251683955533,62500
2022-09-16,12.575303077697754,12.625470861167354,12.44152338496531,12.5334967243714,57800
2022-09-19,12.474968910217285,12.583665115155776,12.42480112432648,12.474968910217285,41200
2022-09-20,12.299382209777832,12.416439839115784,12.249214426521606,12.374633485967239,51100
2022-09-21,12.15723991394043,12.458244192251563,12.098711503616267,12.416438640528467,80100
2022-09-22,11.973291397094727,12.123793921631412,11.973291397094727,12.048542659363068,88000
2022-09-23,11.705735206604004,11.92312762324309,11.613761859898204,11.92312762324309,70900
2022-09-26,11.463258743286133,11.789347352552351,11.42981381905805,11.613761301007447,90800
2022-09-27,11.321117401123047,11.538509803174966,11.304395338021294,11.471619955988203,85500
2022-09-28,11.597038269042969,11.638844623058544,11.195699184229168,11.254227601417044,104100
2022-09-29,11.329477310180664,11.538508253920567,11.270948103708449,11.530146824797427,165400
2022-09-30,11.27931022644043,11.396367849193423,11.22914324339616,11.254226734918296,133200
2022-10-03,11.655566215515137,11.722456857672572,11.337839851564018,11.488341603596167,123300
2022-10-04,11.990015983581543,12.056905826936795,11.831152007570445,11.831152007570445,101200
2022-10-05,11.906404495239258,11.981655776037595,11.56359381372675,11.898043064619461,104700
2022-10-06,11.722456932067871,11.914765037647687,11.630482796886348,11.84787519245559,90600
2022-10-07,11.47161865234375,11.6304818220115,11.354561034374504,11.597036902218827,100600
2022-10-10,11.429813385009766,11.479980370751846,11.329478616135743,11.396368462051758,129400
2022-10-11,11.479979515075684,11.755901105650377,11.346199833215106,11.44653459461054,168200
2022-10-12,11.613760948181152,11.8144304874533,11.429813471820083,11.563593164668182,147800
2022-10-13,11.82279109954834,11.93148729181386,11.354561409588387,11.44653474271007,96000
2022-10-14,11.638843536376953,12.006737663107172,11.588675756764292,11.990015601496156,115000
2022-10-17,11.83115291595459,11.990016904163106,11.772624497872448,11.772624497872448,82600
2022-10-18,11.98165512084961,12.073628460468285,11.856236857970517,12.023461474272596,84800
2022-10-19,11.898040771484375,12.048543304074371,11.822790302579135,11.956569977152572,79100
2022-10-20,11.82279109954834,12.157240308527012,11.772623319506634,11.906403003098102,104400
2022-10-21,12.023462295532227,12.090352146621953,11.83115337560682,11.91476608816394,114800
2022-10-24,12.15723991394043,12.207407692353845,12.023460234691036,12.107072135527014,85700
2022-10-25,12.307743072509766,12.324465134564393,12.115434175847671,12.182324018845836,116400
2022-10-26,12.316102981567383,12.483328376632151,12.215768222962389,12.282658062032384,115600
2022-10-27,12.332825660705566,12.483328195119581,12.25757439349856,12.399715498802959,190000
2022-10-28,12.541857719421387,12.600386133613938,12.341188187284207,12.341188187284207,84200
2022-10-31,12.541857719421387,12.592025501150601,12.491689937692172,12.53349628956821,108000
2022-11-01,12.617110252380371,12.709083597773796,12.53349754028459,12.709083597773796,63100
2022-11-02,12.449885368347168,12.759251120885773,12.449885368347168,12.558581572869906,87100
2022-11-03,12.474968910217285,12.55022019035854,12.408079060622816,12.44152398542005,48600
2022-11-04,12.592024803161621,12.742526545227118,12.424799404926942,12.633830355330495,70900
2022-11-07,12.717443466186523,12.784333308690096,12.617108702431164,12.625470132091566,68000
2022-11-08,12.884668350219727,12.97664248368733,12.767611522009814,12.809417076433446,84300
2022-11-09,12.717443466186523,12.851223151193668,12.683998544934736,12.842861721533266,60800
2022-11-10,13.286008834838867,13.294369467682083,13.026810079342178,13.03517150957527,95600
2022-11-11,13.11042308807373,13.235841354891773,13.04353323945212,13.2274799244666,66000
2022-11-14,12.976642608642578,13.1522278526482,12.968281178721401,13.060254515684802,50000
2022-11-15,13.068615913391113,13.244201954353752,12.95155828695274,13.127144327915378,109100
2022-11-16,13.05189323425293,13.068616094285535,12.901391480908755,13.068616094285535,92300
2022-11-17,13.127145767211914,13.152229262273988,12.884669855238718,12.95992113781487,95800
2022-11-18,13.194035530090332,13.327815232706772,13.118784248021102,13.21075839161235,76600
2022-11-21,13.160589218139648,13.227479062401896,13.127144296008524,13.227479062401896,52300
2022-11-22,13.294368743896484,13.336175095396,13.127144135288257,13.127144135288257,85500
2022-11-23,13.377983093261719,13.403067385682334,13.252564820718362,13.361260231647975,74300
2022-11-25,13.369621276855469,13.41978826546995,13.327814921416795,13.3863441379869,36800
2022-11-28,13.252564430236816,13.40306699076629,13.2274801385553,13.352899204793163,82500
2022-11-29,13.336174964904785,13.4030656050834,13.269285122115996,13.286007981508105,52600
2022-11-30,13.444870948791504,13.478316667053342,13.286007773996833,13.369619677481992,74400
2022-12-01,13.495038032531738,13.570289304405156,13.377981207297369,13.54520661030044,70000
2022-12-02,13.495038032531738,13.511760891787972,13.344536286174717,13.344536286174717,77400
2022-12-05,13.394705772399902,13.495039751155797,13.33617655493907,13.495039751155797,81700
2022-12-06,13.235841751098633,13.44487273364585,13.210758256462144,13.44487273364585,72200
2022-12-07,13.327813148498535,13.44487076867737,13.22747838722659,13.235839816680036,72600
2022-12-08,13.42814826965332,13.528483831004122,13.377981286367742,13.377981286367742,54300
2022-12-09,13.311092376708984,13.428149210839795,13.311092376708984,13.386343654301578,60400
2022-12-12,13.461594581604004,13.812766669638185,13.336175523083305,13.386343305969556,233900
2022-12-13,13.511760711669922,13.879655636504687,13.461593729349604,13.796042936117747,110500
2022-12-14,13.517719268798828,13.636893407648579,13.381520716860486,13.517719268798828,59300
2022-12-15,13.262348175048828,13.44962161241902,13.20276150435229,13.373009714776328,81900
2022-12-16,13.185735702514648,13.338959491119553,13.083586780713867,13.151686061914388,73300
2022-12-19,13.083587646484375,13.253835860751384,12.99846394525463,13.17722396137935,60800
2022-12-20,13.015488624572754,13.211274683803607,12.989951594867003,13.066563495791792,120600
2022-12-21,13.032513618469238,13.17722399207768,12.98995136185145,13.049538034031839,97000
2022-12-22,12.913338661193848,12.981437942834612,12.768627484755356,12.964412716520686,101100
2022-12-23,13.041024208068848,13.10061168651758,12.845238982357515,12.845238982357515,85300
2022-12-27,12.964411735534668,13.075073262779286,12.896312459046813,13.041023624535358,136200
2022-12-28,13.041024208068848,13.117636100497611,12.964412315640082,12.964412315640082,156100
2022-12-29,13.321934700012207,13.321934700012207,13.058050179693547,13.066562793073501,90000
2022-12-30,13.202760696411133,13.517720069373581,13.202760696411133,13.253834750509123,288100
2023-01-03,13.12614917755127,13.321934410185856,13.083586923384955,13.279372967827015,79100
2023-01-04,13.14317512512207,13.27937451670175,13.109125480179044,13.228299643383425,51500
2023-01-05,13.04953670501709,13.109123371128945,12.989950038905235,13.10061157011828,63200
2023-01-06,13.262348175048828,13.304910430606714,13.126149606709598,13.168711862267484,65300
2023-01-09,13.202760696411133,13.458133402323442,13.202760696411133,13.347471869367858,63600
2023-01-10,13.34747314453125,13.39003458974324,13.202761957749404,13.202761957749404,43400
2023-01-11,13.432597160339355,13.483672032316598,13.338960842156549,13.338960842156549,43000
2023-01-12,13.449620246887207,13.560281775379309,13.313421692376133,13.44110763427841,45500
2023-01-13,13.49218463897705,13.50920905508855,13.424085350915956,13.44962238098698,34200
2023-01-17,13.407058715820312,13.517720250256678,13.407058715820312,13.492183222865966,49900
2023-01-18,13.177223205566406,13.466645559123533,13.177223205566406,13.415571503676672,49800
2023-01-19,13.109124183654785,13.236810948418283,13.100612382116543,13.100612382116543,34200
2023-01-20,13.236809730529785,13.24532234309229,13.109122977514453,13.194247479524675,47300
2023-01-23,13.279373168945312,13.347472451919803,13.185736045999773,13.262347942297946,47000
2023-01-24,13.236809730529785,13.347471258420109,13.194247479524675,13.270859368972392,59900
2023-01-25,13.211274147033691,13.279373431353864,13.143174050906012,13.194248920049896,58100
2023-01-26,13.279373168945312,13.287884970461509,13.143173791188845,13.245323527458067,80900
2023-01-27,13.236809730529785,13.338958645857604,13.143172615957058,13.219784505404775,72300
2023-01-30,13.211274147033691,13.287885233038256,13.160199277889808,13.1772236930661,46900
2023-01-31,13.355984687805176,13.364497301405711,13.211274315633668,13.24532395822829,71700
2023-02-01,13.338959693908691,13.415571589375856,13.211273742668402,13.355984108563906,74800
2023-02-02,13.313421249389648,13.381520524379273,13.19424711225411,13.381520524379273,75600
2023-02-03,13.177223205566406,13.279372940075078,13.092099509219148,13.194248431920343,60300
2023-02-06,13.14317512512207,13.185737384252748,13.066564032855938,13.066564032855938,53100
2023-02-07,13.287884712219238,13.30490993853573,13.143173535758951,13.151686148917197,71700
2023-02-08,13.168710708618164,13.245322599549246,13.160198095890838,13.194247734992715,35300
2023-02-09,13.168710708618164,13.28788403957102,13.109123231334305,13.20276034772004,93500
2023-02-10,13.228299140930176,13.228299140930176,13.168712467495064,13.194249497280465,50700
2023-02-13,13.390034675598145,13.475159190182987,13.185736814763562,13.185736814763562,80500
2023-02-14,13.29639720916748,13.407058743835078,13.211273513751419,13.34747207586309,72400
2023-02-15,13.34747314453125,13.35598494648913,13.211274571514814,13.236811601003513,33200
2023-02-16,13.194249153137207,13.347472951468173,13.194249153137207,13.28788546777973,84600
2023-02-17,13.330448150634766,13.338960764549372,13.168712545294992,13.194249575231263,46300
2023-02-21,13.075074195861816,13.390033575046589,13.075074195861816,13.262347625471602,46700
2023-02-22,13.024001121520996,13.279373851709158,12.989951478283077,13.041025537236191,66200
2023-02-23,13.058050155639648,13.15168646722419,12.964413032247617,13.066562769003923,41600
2023-02-24,12.930363655090332,13.015488166859324,12.913339239821038,13.015488166859324,67900
2023-02-27,12.981438636779785,13.08358756470148,12.955901607751242,12.989951250391806,39800
2023-02-28,12.89631462097168,12.96441390887563,12.870777590959586,12.938876878863535,98600
2023-03-01,12.870777130126953,12.938876415592636,12.828214873759022,12.896314159224705,76500
2023-03-02,12.9473876953125,12.989949947295422,12.82821355212181,12.82821355212181,163600
2023-03-03,13.083587646484375,13.092100260149605,12.964413490593707,12.981438717924169,68900
2023-03-06,13.058050155639648,13.177223495509521,13.041024928911101,13.109124212210311,75500
2023-03-07,12.802678108215332,13.049538226062142,12.76862846478155,12.989951553004905,183900
2023-03-08,12.802678108215332,12.853752979269775,12.751603237160891,12.785653692402208,96900
2023-03-09,12.547303199768066,12.879287774508194,12.538790587434562,12.768626249594817,89600
2023-03-10,12.436643600463867,12.683503713705955,12.394082155821195,12.521768113364251,60800
2023-03-13,12.351521492004395,12.504744498451482,12.215322903248039,12.317471844815305,48100
2023-03-14,12.505228996276855,12.54865009707969,12.383650907855253,12.5399657112814,68100
2023-03-15,12.383651733398438,12.444440781661676,12.218651704985833,12.26207280868329,76400
2023-03-16,12.43575382232666,12.505227242593072,12.279439040821483,12.28812259721341,74600
2023-03-17,12.288124084472656,12.401018613116578,12.262071755766705,12.401018613116578,43300
2023-03-20,12.401019096374512,12.453124584005522,12.288124563331179,12.288124563331179,47300
2023-03-21,12.505228996276855,12.609439969479105,12.48786105286889,12.48786105286889,62900
2023-03-22,12.33154582977295,12.57470284286006,12.33154582977295,12.435755978238854,74700
2023-03-23,12.401019096374512,12.557334731078916,12.32286127902231,12.374966766653321,51700
2023-03-24,12.40970230102539,12.461807783696315,12.296807778728846,12.427071071311882,112300
2023-03-27,12.479177474975586,12.548650909482404,12.418388426829289,12.453125144082696,66300
2023-03-28,12.392335891723633,12.487861655549175,12.366282733071404,12.479177269331766,54700
2023-03-29,12.470492362976074,12.505229078208206,12.40101893251181,12.427072090077374,124900
2023-03-30,12.566017150878906,12.592069476523761,12.496543730366959,12.53996399704555,105700
2023-03-31,12.74838638305664,12.74838638305664,12.531281714833952,12.566018428622039,245400
2023-04-03,12.800491333007812,12.835228047592,12.70496557494845,12.748386675225834,109300
2023-04-04,12.722333908081055,12.861281598865101,12.687597192432198,12.817860497256877,73100
2023-04-05,12.696280479431152,12.774438289923076,12.63549143935457,12.652859381581356,72400
2023-04-06,12.8525972366333,12.87864956637088,12.687597215855156,12.731018317543544,72900
2023-04-10,12.939437866210938,13.026280064583595,12.757069912179224,12.852596496026864,141200
2023-04-11,13.0089111328125,13.095753330111581,12.965490862351533,13.00022757563345,73600
2023-04-12,12.98285961151123,13.061017428298562,12.956807281978328,13.017596326951308,37900
2023-04-13,13.11312198638916,13.11312198638916,12.97417430628572,13.069700888118621,31800
2023-04-14,13.017595291137695,13.130489814382056,12.94812186578556,13.095753101705988,44400
2023-04-17,13.034964561462402,13.069701275470628,12.95680674789675,13.000227847454179,40100
2023-04-18,13.069701194763184,13.07838558025876,12.948122282390871,13.04364886646504,55800
2023-04-19,13.043649673461914,13.104438719314734,13.008912129330435,13.026280901396174,45600
2023-04-20,12.887332916259766,12.991543055020667,12.852596203339466,12.91338524390285,72600
2023-04-21,12.869964599609375,12.922070084921788,12.861281042214467,12.904701313754787,34700
2023-04-24,12.913386344909668,12.956807446809306,12.86996524301003,12.86996524301003,41500
2023-04-25,12.7918062210083,12.974174169267762,12.7918062210083,12.852596089220492,38300
2023-04-26,12.77443790435791,12.861280097436385,12.74838557770978,12.791805846060486,28500
2023-04-27,12.96549129486084,12.991543623644201,12.817860051440789,12.861281151538792,49400
2023-04-28,12.974175453186035,13.026280941354454,12.878649691097346,13.000228611364564,41900
2023-05-01,12.974175453186035,13.104438759512764,12.939438737136637,12.974175453186035,54300
2023-05-02,12.826543807983398,12.982858601205262,12.783122710015109,12.93943750323697,54800
2023-05-03,12.817859649658203,12.92206978971373,12.800490878887995,12.8091752642731,80400
2023-05-04,12.722333908081055,12.83522844098699,12.69628157839157,12.83522844098699,65900
2023-05-05,12.826543807983398,12.89601723345724,12.757069554321,12.765753939552368,74900
2023-05-08,12.7918062210083,12.8612804744206,12.774438278796644,12.8612804744206,46800
2023-05-09,12.731019020080566,12.76575573771043,12.704966688905339,12.7397034065352,109400
2023-05-10,12.644176483154297,12.826544441071523,12.600755383042843,12.757070183980037,124600
2023-05-11,12.557333946228027,12.635491758695256,12.513912847280835,12.635491758695256,98300
2023-05-12,12.479177474975586,12.65286106124263,12.270757171455134,12.592072013096331,204400
2023-05-15,12.513914108276367,12.531282880880882,12.453125060537888,12.479177391255998,69600
2023-05-16,12.461810111999512,12.50523038945107,12.444441338467923,12.50523038945107,55800
2023-05-17,12.583386421203613,12.600755192260662,12.427071622633107,12.49654505048413,49700
2023-05-18,12.731019020080566,12.7397034065352,12.487861996671526,12.592072149561114,165500
2023-05-19,12.592071533203125,12.72233401089184,12.592071533203125,12.696281680991826,64800
2023-05-22,12.513914108276367,12.600756314921622,12.513914108276367,12.53996643899448,48800
2023-05-23,12.453124046325684,12.513913089113359,12.435755275135723,12.453124046325684,80500
2023-05-24,12.383651733398438,12.479177498981908,12.348915016078205,12.461809554416126,76200
2023-05-25,12.33154582977295,12.409703648169538,12.322861443686964,12.409703648169538,73800
2023-05-26,12.383651733398438,12.427072837095894,12.296809526003523,12.331546243323755,105800
2023-05-30,12.322860717773438,12.444439631249358,12.314177160387622,12.357597431882473,86000
2023-05-31,12.288124084472656,12.322860798810124,12.201282712723284,12.322860798810124,112400
2023-06-01,12.366281509399414,12.418386993359258,12.201282328538952,12.262071369668295,115100
2023-06-02,12.513914108276367,12.574703156014849,12.366282853892635,12.374967240194891,130100
2023-06-05,12.49654483795166,12.592070592575034,12.49654483795166,12.531281551286394,94200
2023-06-06,12.539965629577637,12.574702344355856,12.470492200021198,12.513913300541123,86100
2023-06-07,12.52259635925293,12.566017455171487,12.505227589610099,12.52259635925293,102100
2023-06-08,12.531281471252441,12.592070512152837,12.392334618800925,12.392334618800925,170800
2023-06-09,12.531281471252441,12.592070512152837,12.4878603728142,12.592070512152837,114300
2023-06-12,12.531281471252441,12.583386126827476,12.461808045026682,12.56601818436532,175800
2023-06-13,12.557333946228027,12.626807373268102,12.513912847280835,12.53996517537372,168700
2023-06-14,12.430635452270508,12.616696319615592,12.421776054746822,12.616696319615592,193400
2023-06-15,12.474936485290527,12.53695649606138,12.368616104700806,12.395195988608418,209800
2023-06-16,12.430635452270508,12.528096429664123,12.412915812263906,12.492656304691689,155300
2023-06-20,12.297734260559082,12.39519438558906,12.271154380088937,12.333174382838997,141800
2023-06-21,12.2888765335083,12.333176906663484,12.24457616035312,12.24457616035312,92200
2023-06-22,12.342036247253418,12.359755888243392,12.271155993374977,12.288875634364949,88400
2023-06-23,12.226855278015137,12.2888752871667,12.21799503529084,12.226855278015137,98200
2023-06-26,12.191415786743164,12.288875926906277,12.182555543557617,12.235716157711597,160300
2023-06-27,12.306594848632812,12.324314487791755,12.209133875901465,12.209133875901465,88100
2023-06-28,12.280014991760254,12.315455117546142,12.182554857088872,12.182554857088872,125500
2023-06-29,12.395195007324219,12.404055249578414,12.297734877405704,12.297734877405704,131500
2023-06-30,12.50151538848877,12.528096115270472,12.42177574302129,12.448355624843783,278700
2023-07-03,12.528096199035645,12.563536323355665,12.483795832395817,12.528096199035645,107700
2023-07-05,12.519237518310547,12.563537890476209,12.457217504254212,12.528097761735543,77800
2023-07-06,12.359755516052246,12.404055884632069,12.324315390180239,12.404055884632069,68100
2023-07-07,12.27115535736084,12.377475732667916,12.27115535736084,12.324315122534761,156200
2023-07-10,12.350895881652832,12.368616367941234,12.253435741944502,12.253435741944502,63200
2023-07-11,12.536955833435059,12.536955833435059,12.395195333474684,12.404055575962015,79500
2023-07-12,12.554677963256836,12.643278709819684,12.554677963256836,12.625558222523377,87800
2023-07-13,12.474936485290527,12.598977351791508,12.474936485290527,12.554676981972637,229300
2023-07-14,12.483795166015625,12.554675410872106,12.448355043587386,12.545815169025254,75100
2023-07-17,12.528096199035645,12.554676081035856,12.457215950395605,12.483795832395817,58300
2023-07-18,12.581256866455078,12.598977352367145,12.501516369769323,12.501516369769323,70900
2023-07-19,12.634416580200195,12.652136219892105,12.598976455857162,12.616696095549072,100300
2023-07-20,12.590116500854492,12.652136508630376,12.590116500854492,12.625556626006317,101500
2023-07-21,12.625556945800781,12.678717557354647,12.625556945800781,12.643277431305155,78700
2023-07-24,12.678716659545898,12.758456303791267,12.63441629388123,12.70529654096102,123800
2023-07-25,12.69643783569336,12.72301772032588,12.678718194258112,12.678718194258112,47200
2023-07-26,12.714157104492188,12.749597228927989,12.696436619794678,12.696436619794678,83800
2023-07-27,12.714157104492188,12.811617235450838,12.714157104492188,12.740736986579234,182300
2023-07-28,12.78503704071045,12.820477164279577,12.740736675009243,12.802756680015415,67100
2023-07-31,12.78503704071045,12.838196803584541,12.77617679857837,12.811616922147495,79800
2023-08-01,12.811617851257324,12.820478094031959,12.767317482343417,12.767317482343417,69600
2023-08-02,12.758458137512207,12.838198638177547,12.740738495675085,12.749598739073305,65300
2023-08-03,12.740737915039062,12.767317799063074,12.731877672044632,12.731877672044632,88400
2023-08-04,12.723017692565918,12.785038549852208,12.723017692565918,12.723017692565918,108200
2023-08-07,12.811617851257324,12.838197734621968,12.723017113429508,12.758457239568783,178500
2023-08-08,12.78503704071045,12.820477164279577,12.731876432877163,12.793896437883335,129200
2023-08-09,12.74959659576416,12.838196479974053,12.731876111946676,12.758455992713726,115300
2023-08-10,12.78503704071045,12.873636927153667,12.76731655644629,12.811616922147495,85700
2023-08-11,12.802757263183594,12.847057630902691,12.723016770281065,12.758456895464496,43900
2023-08-14,12.847058296203613,12.85591853919812,12.785038285160635,12.802757926190367,36500
2023-08-15,12.79389762878418,12.847058241565843,12.749598103918613,12.79389762878418,55000
2023-08-16,12.643277168273926,12.80275730969918,12.62555668313821,12.776177426954844,136300
2023-08-17,12.634416580200195,12.723016468578173,12.60783585322351,12.705296828886263,62400
2023-08-18,12.634416580200195,12.660996462217668,12.536955604537441,12.536955604537441,56200
2023-08-21,12.554677963256836,12.696438481789919,12.53695747596053,12.687578238141766,84600
2023-08-22,12.590116500854492,12.652136508630376,12.563536618230433,12.652136508630376,98500
2023-08-23,12.66099739074707,12.678717876697776,12.58125689388745,12.652137147771718,90900
2023-08-24,12.5103759765625,12.723016726938704,12.501515734057017,12.723016726938704,137000
2023-08-25,12.581256866455078,12.634417479232004,12.492656971772565,12.563537225502285,49500
2023-08-28,12.643277168273926,12.68757669119474,12.590116557826017,12.62555668313821,46400
2023-08-29,12.687576293945312,12.7495971450192,12.660996412033196,12.669856654323638,71000
2023-08-30,12.652135848999023,12.767316460977206,12.625555967760732,12.731876337673087,83000
2023-08-31,12.572395324707031,12.740736543644072,12.554675685584767,12.687575936358904,245100
2023-09-01,12.590116500854492,12.696436876309964,12.563536618230433,12.63441686853408,59000
2023-09-05,12.554677963256836,12.652138108508495,12.519237833623565,12.643278709819684,59000
2023-09-06,12.457216262817383,12.563536638443914,12.457216262817383,12.519236270693051,74700
2023-09-07,12.474936485290527,12.61669699274349,12.448356601382915,12.448356601382915,71600
2023-09-08,12.492657661437988,12.55467767563553,12.47493717454765,12.47493717454765,49800
2023-09-11,12.466075897216797,12.545816391691323,12.448356256755375,12.536956148980988,93600
2023-09-12,12.42177677154541,12.510376666609536,12.404056285557017,12.404056285557017,114500
2023-09-13,12.404056549072266,12.536956816971465,12.377476664484286,12.483797047795504,140700
2023-09-14,12.473705291748047,12.546068995477714,12.437523439883213,12.500841464985823,80600
2023-09-15,12.410387992858887,12.47370602166665,12.401342313702507,12.455615525997338,76500
2023-09-18,12.36515998840332,12.410387519817853,12.347068630780141,12.347068630780141,98000
2023-09-19,12.428479194641113,12.428479194641113,12.347069802895389,12.36516116223599,72000
2023-09-20,12.473705291748047,12.582250847342548,12.473705291748047,12.482750970375104,92000
2023-09-21,12.36515998840332,12.473705546212154,12.36515998840332,12.43752369360921,91800
2023-09-22,12.49179744720459,12.5008422637662,12.356114847059056,12.473706088794472,291500
2023-09-25,12.5098876953125,12.527979053364463,12.437523988391515,12.455615346443476,89700
2023-09-26,12.310888290405273,12.473707078440343,12.247570256233198,12.4556165812384,168900
2023-09-27,12.310888290405273,12.392297684422807,12.229479759031255,12.328979650250734,114100
2023-09-28,12.419432640075684,12.482751530663757,12.301842263219472,12.301842263219472,182700
2023-09-29,12.392295837402344,12.509887070940794,12.347068307173188,12.419432010482483,92400
2023-10-02,12.401342391967773,12.482751779602074,12.365160537757356,12.428478566964724,203900
2023-10-03,12.20234203338623,12.410388346697435,12.193296353971945,12.36516081226948,91100
2023-10-04,12.17520523071289,12.211387083863045,12.09379584546419,12.139023377562738,102400
2023-10-05,12.129977226257324,12.220432286931983,12.102841053112282,12.16615907799851,55500
2023-10-06,12.247568130493164,12.28374998126069,12.039522704240728,12.12997689983786,67400
2023-10-09,12.328978538513184,12.33802421762024,12.220432977158826,12.274705326514285,53700
2023-10-10,12.37420654296875,12.410388398132376,12.301842832641498,12.365160863516975,117500
2023-10-11,12.310888290405273,12.401343364345538,12.2837521132806,12.401343364345538,76500
2023-10-12,12.229477882385254,12.32897775833621,12.193295168246667,12.32897775833621,58900
2023-10-13,12.1932954788208,12.374205603548132,12.175204983934112,12.301841898714562,99800
2023-10-16,12.310888290405273,12.347070147452676,12.247570256233198,12.29279779320333,41600
2023-10-17,12.319931983947754,12.338023340876289,12.24756828152037,12.29279581119833,84400
2023-10-18,12.247568130493164,12.28374998126069,12.211386279725637,12.28374998126069,69500
2023-10-19,12.139023780822754,12.283751198231233,12.129978101573862,12.256615023128006,55700
2023-10-20,11.967159271240234,12.175205579801304,11.949068775468177,12.139023725613741,77600
2023-10-23,11.930977821350098,11.985251035792288,11.921933004479298,11.940023500864376,85800
2023-10-24,11.967159271240234,12.066660017238616,11.949068775468177,12.003341988071245,61700
2023-10-25,11.840522766113281,12.003341535135206,11.840522766113281,11.96715881966952,50000
2023-10-26,11.695796012878418,11.840523432310468,11.695796012878418,11.840523432310468,91800
2023-10-27,11.587249755859375,11.81338655086906,11.578204077024568,11.74102198283402,82100
2023-10-30,11.741022109985352,11.786249642005771,11.623431734433055,11.623431734433055,49100
2023-10-31,11.813386917114258,11.849568770931802,11.72293185124868,11.795295558883765,40700
2023-11-01,11.958112716674805,11.985248887710624,11.84956716988821,11.84956716988821,62900
2023-11-02,12.1932954788208,12.211386836350895,11.949068190668354,12.003341400615234,96400
2023-11-03,12.220433235168457,12.301842623563878,12.202341876572381,12.283751264967805,77800
2023-11-06,12.139023780822754,12.256615023128006,12.120932422324968,12.211387489526993,45100
2023-11-07,12.184250831604004,12.202341326741474,12.066659593958486,12.084750089095955,69400
2023-11-08,12.093795776367188,12.238523188140912,12.093795776367188,12.238523188140912,94800
2023-11-09,11.985250473022461,12.148069246060365,11.976204793932924,12.093796034166584,72000
2023-11-10,12.120933532714844,12.148070572947528,12.012387959714705,12.021433639792265,41400
2023-11-13,12.120933532714844,12.166161070459118,12.093797355125691,12.120933532714844,43000
2023-11-14,12.256614685058594,12.274705180413944,12.211387152705074,12.211387152705074,114400
2023-11-15,12.265661239624023,12.310887912562553,12.256615559978922,12.310887912562553,137900
2023-11-16,12.247568130493164,12.265659487198612,12.148068256543308,12.220431958078361,137200
2023-11-17,12.238524436950684,12.256615796590138,12.220433939954736,12.220433939954736,81500
2023-11-20,12.256614685058594,12.338024070766243,12.202341473705685,12.202341473705685,102500
2023-11-21,12.265661239624023,12.292797415915839,12.256615559978922,12.274706056625634,110500
2023-11-22,12.37420654296875,12.410388398132376,12.247569618574321,12.274705794286174,138800
2023-11-24,12.428479194641113,12.437524874311414,12.347069802895389,12.347069802895389,26900
2023-11-27,12.44657039642334,12.464660892891446,12.36516100570816,12.36516100570816,100700
2023-11-28,12.455615997314453,12.50988834901949,12.419433279319794,12.419433279319794,59700
2023-11-29,12.464659690856934,12.546069073721368,12.464659690856934,12.491796726907344,63300
2023-11-30,12.55511474609375,12.564160424772673,12.37420548573228,12.437523511197943,165800
2023-12-01,12.64556884765625,12.6636602048749,12.53702329227453,12.53702329227453,144700
2023-12-04,12.636524200439453,12.654614695256292,12.59129666943225,12.64556901652617,135400
2023-12-05,12.636524200439453,12.64556901652617,12.573205311972007,12.573205311972007,150100
2023-12-06,12.600343704223633,12.663661736862025,12.600343704223633,12.609388521283762,190700
2023-12-07,12.618432998657227,12.663660530222417,12.618432998657227,12.627478677498948,111000
2023-12-08,12.627479553222656,12.654615728986316,12.609388194284568,12.627479553222656,95000
2023-12-11,12.654614448547363,12.663660127101133,12.609386918421896,12.636523954083207,85600
2023-12-12,12.690796852111816,12.736024384204478,12.627478824768145,12.654614998966371,104100
2023-12-13,12.80838680267334,12.80838680267334,12.690795576113024,12.69984125415074,114900
2023-12-14,12.944108963012695,12.962573709923277,12.85178258699106,12.888712961301799,139200
2023-12-15,12.888712882995605,12.94410888436994,12.870247255707637,12.94410888436994,109800
2023-12-18,12.93487548828125,12.953340234248198,12.870246676173105,12.870246676173105,106400
2023-12-19,12.981039047241211,13.045666980718392,12.944108673755741,12.944108673755741,114000
2023-12-20,12.851781845092773,13.008736146975263,12.851781845092773,12.971805774796414,113200
2023-12-21,12.897945404052734,12.925642963866803,12.842549403935045,12.888712590618194,154900
2023-12-22,12.888712882995605,12.981039258456306,12.814852134822875,12.925643257081973,314400
2023-12-26,12.953339576721191,12.990269947269988,12.888711648383167,12.888711648383167,216300
2023-12-27,12.971805572509766,13.045666315715655,12.907176761837478,12.990270318066482,236400
2023-12-28,12.999504089355469,13.02720164997704,12.907177713297461,13.017969716762902,259700
2023-12-29,12.925642967224121,13.073364460256926,12.897945407402858,12.999503713740523,183400
2024-01-02,12.953339576721191,12.962572389480762,12.879478835623596,12.934874831691536,134600
2024-01-03,12.925642967224121,12.962573340482322,12.897945407402858,12.962573340482322,117700
2024-01-04,12.981039047241211,12.99027098024541,12.934875860261984,12.934875860261984,84200
2024-01-05,13.082596778869629,13.110294337643284,12.934875291424106,13.008736035146867,200600
2024-01-08,13.276481628417969,13.28571444162889,13.017969021938862,13.14722488493365,249200
2024-01-09,13.248784065246582,13.294946370308097,13.165690507352608,13.294946370308097,166100
2024-01-10,13.304179191589355,13.350342377168412,13.267248819224015,13.294946378375638,155100
2024-01-11,13.396506309509277,13.414971056476464,13.211854437389526,13.322645560661377,163100
2024-01-12,13.350341796875,13.424202538395207,13.258015429729996,13.396504980447503,56000
2024-01-16,13.239551544189453,13.350342663663017,13.211853984443449,13.350342663663017,65100
2024-01-17,13.184154510498047,13.258015251022671,13.137991327547788,13.230317693448308,122900
2024-01-18,13.15645694732666,13.322644053681104,13.14722413464264,13.202620130257282,130300
2024-01-19,13.313411712646484,13.322644525657592,13.156457413415698,13.230318156525538,87400
2024-01-22,13.350341796875,13.368806542010306,13.304178613302499,13.350341796875,73200
2024-01-23,13.285715103149414,13.405739039399025,13.258016662137491,13.396506225728384,67900
2024-01-24,13.230319023132324,13.387273332643867,13.221086209516452,13.378040519027994,72400
2024-01-25,13.248784065246582,13.294946370308097,13.174923320560723,13.285714437589512,100900
2024-01-26,13.285715103149414,13.304179850001121,13.248784728956423,13.276482289478773,77600
2024-01-29,13.304179191589355,13.313412004803073,13.230318446858677,13.28571444565145,104800
2024-01-30,13.359575271606445,13.36880720438676,13.267248899886999,13.30417927247687,95200
2024-01-31,13.294946670532227,13.40573867055243,13.285714737605169,13.359575483958938,113900
2024-02-01,13.45190143585205,13.461134249583832,13.331877498807637,13.331877498807637,102700
2024-02-02,13.387271881103516,13.479598246272433,13.331875885904271,13.451899808428074,59300
2024-02-05,13.331876754760742,13.331876754760742,13.174923332527873,13.276481636440796,105800
2024-02-06,13.414970397949219,13.442668837774677,13.322644906666296,13.331876839451914,75300
2024-02-07,13.45190143585205,13.498064624021376,13.424203875146288,13.424203875146288,90900
2024-02-08,13.424202919006348,13.45190047773935,13.387272547199172,13.43343573208052,62600
2024-02-09,13.359575271606445,13.51652957523578,13.34110964506674,13.498063948696077,103400
2024-02-12,13.414970397949219,13.461133583835448,13.396505651888448,13.424203211224372,82100
2024-02-13,13.294946670532227,13.368807416885996,13.239551551011674,13.368807416885996,122000
2024-02-14,13.414970397949219,13.433436024499525,13.341109652727067,13.341109652727067,68400
2024-02-15,13.498064994812012,13.516530622782822,13.43343705789338,13.43343705789338,66200
2024-02-16,13.433436393737793,13.479599580892886,13.433436393737793,13.470366767363956,44700
2024-02-20,13.378040313720703,13.507297060890549,13.368807500246524,13.433436314076225,72500
2024-02-21,13.405738830566406,13.470366764274981,13.331877202841458,13.405738830566406,73700
2024-02-22,13.498064994812012,13.571925745716047,13.479600247330804,13.498064994812012,78200
2024-02-23,13.544227600097656,13.571925160369696,13.488831599064012,13.544227600097656,63300
2024-02-26,13.498064994812012,13.608856121168067,13.461134619359992,13.608856121168067,70600
2024-02-27,13.433436393737793,13.562692261184582,13.41497076667993,13.544227514616281,66200
2024-02-28,13.396506309509277,13.461134244628795,13.378040682052513,13.433436683933229,48100
2024-02-29,13.396506309509277,13.507297432781128,13.387273495780896,13.451901430900413,78300
2024-03-01,13.479598999023438,13.498063744794676,13.405738254959433,13.451900559632294,40200
2024-03-04,13.461133003234863,13.470365816111789,13.405737886952299,13.470365816111789,65900
2024-03-05,13.331876754760742,13.46113349832317,13.31341200881727,13.46113349832317,66200
2024-03-06,13.359575271606445,13.47959920264591,13.359575271606445,13.36880720438676,100000
2024-03-07,13.396506309509277,13.479599872085561,13.387273495780896,13.433436683933229,79200
2024-03-08,13.359575271606445,13.488831135426226,13.33187683179689,13.414970390246483,52000
2024-03-11,13.341109275817871,13.368806834371291,13.304178904250142,13.359574901846491,70600
2024-03-12,13.51653003692627,13.534994783607146,13.341110100765329,13.368807661031427,86200
2024-03-13,13.45190143585205,13.553460625922483,13.44266950260985,13.553460625922483,85500
2024-03-14,13.354894638061523,13.524420189717826,13.3266396309672,13.420821191584423,90700
2024-03-15,13.326640129089355,13.449075803195367,13.317222691221172,13.354895137239794,63000
2024-03-18,13.354894638061523,13.458493636194927,13.336057966665308,13.392567082672027,46000
2024-03-19,13.467912673950195,13.524420894720656,13.392567780801599,13.392567780801599,90800
2024-03-20,13.524420738220215,13.580929856518743,13.48674829208185,13.505584964242015,132000
2024-03-21,13.693946838378906,13.712783510048613,13.524420386079315,13.580929502906493,85200
2024-03-22,13.628019332885742,13.693945882765236,13.609182662530529,13.693945882765236,54900
2024-03-25,13.571511268615723,13.599765378149742,13.552675494987025,13.599765378149742,34900
2024-03-26,13.543257713317871,13.675111726842456,13.543257713317871,13.571511824008144,73200
2024-03-27,13.731618881225586,13.731618881225586,13.628019884623283,13.628019884623283,99100
2024-03-28,13.806963920593262,13.806963920593262,13.731619031660355,13.731619031660355,94700
2024-04-01,13.74103832244873,13.882309774472093,13.731619986131976,13.844637327387064,85400
2024-04-02,13.571511268615723,13.646856159494407,13.53383882317638,13.618602049960387,98600
2024-04-03,13.477330207824707,13.637437422597703,13.477330207824707,13.533838425231194,88200
2024-04-04,13.270132064819336,13.543257526203766,13.270132064819336,13.505585079743222,170700
2024-04-05,13.326640129089355,13.373730911158123,13.204205353165307,13.251295237052114,63700
2024-04-08,13.317222595214844,13.364312478762171,13.270131813485563,13.317222595214844,54300
2024-04-09,13.288968086242676,13.411403764063243,13.241878200927216,13.411403764063243,93400
2024-04-10,13.119441986083984,13.24187765889285,12.931078859804527,13.24187765889285,162100
2024-04-11,13.223041534423828,13.241878207104389,13.13827830372528,13.204205759925255,44700
2024-04-12,12.940497398376465,13.185368747828377,12.921661624362761,13.185368747828377,84100
2024-04-15,12.80864429473877,13.081769754494221,12.770971848502914,13.015842299944998,104000
2024-04-16,12.8745698928833,12.921660671718762,12.846315784854784,12.865151557479829,87200
2024-04-17,12.902824401855469,13.034678407055624,12.808643739439868,12.949915182154232,93400
2024-04-18,12.912242889404297,12.987587779495632,12.865152108551728,12.987587779495632,162900
2024-04-19,12.921661376953125,12.949915486523686,12.846316485976997,12.949915486523686,162200
2024-04-22,13.072351455688477,13.091187229769165,12.95933411665844,12.997006563001785,75700
2024-04-23,13.23245906829834,13.23245906829834,13.110023397845614,13.166531616096451,101600
2024-04-24,13.166531562805176,13.270131459482283,13.147695789525113,13.270131459482283,105100
2024-04-25,13.11002254486084,13.138276652147946,13.034677659973974,13.11002254486084,111000
2024-04-26,13.091187477111816,13.175950707531337,13.072351702675247,13.128859924166939,64600
2024-04-29,13.138277053833008,13.157113724721569,13.110022945682072,13.119441281126353,50300
2024-04-30,13.044097900390625,13.128860234632583,13.025261227326629,13.128860234632583,59700
2024-05-01,13.091187477111816,13.175950707531337,13.025260919310849,13.025260919310849,104600
2024-05-02,13.12885856628418,13.194786015448434,13.11944112913091,13.194786015448434,33500
2024-05-03,13.241877555847168,13.317222446499851,13.204205110520826,13.204205110520826,27900
2024-05-06,13.279549598693848,13.336057815879723,13.241877154509291,13.336057815879723,39400
2024-05-07,13.25129508972168,13.345476652812085,13.232459316012768,13.345476652812085,78100
2024-05-08,13.317222595214844,13.317222595214844,13.241877703720776,13.241877703720776,38000
2024-05-09,13.458494186401367,13.458494186401367,13.317222737882041,13.336058511866367,71000
2024-05-10,13.467912673950195,13.496166784335426,13.44907600157206,13.486748448146358,28500
2024-05-13,13.477330207824707,13.562092533934438,13.467911872196318,13.533838425231194,46300
2024-05-14,13.449075698852539,13.533838926282304,13.411403253126194,13.411403253126194,62300
2024-05-15,13.533839225769043,13.571511672329033,13.449075996463575,13.486748443023565,65700
2024-05-16,13.505584716796875,13.571511271785635,13.48674804498183,13.571511271785635,63000
2024-05-17,13.467912673950195,13.505585120524493,13.439658563564965,13.458494337761127,57900
2024-05-20,13.458494186401367,13.54325741478575,13.43965841241704,13.43965841241704,61200
2024-05-21,13.467912673950195,13.505585120524493,13.44907600157206,13.496166784335426,40000
2024-05-22,13.458494186401367,13.524420742619458,13.430240076333895,13.449075850318222,50700
2024-05-23,13.25129508972168,13.458493989611402,13.25129508972168,13.458493989611402,49900
2024-05-24,13.345476150512695,13.354894486103637,13.270131262148995,13.307803706330846,36200
2024-05-28,13.204204559326172,13.32663932788942,13.204204559326172,13.32663932788942,39400
2024-05-29,13.03467845916748,13.166531566712848,13.03467845916748,13.166531566712848,52000
2024-05-30,12.9970064163208,13.223041091829902,12.987588080295765,13.006424752345836,117700
2024-05-31,13.091187477111816,13.11002414973037,13.015842583001572,13.025260919310849,77300
2024-06-03,13.119441986083984,13.185368541372622,13.081769540464483,13.166531869471896,46700
2024-06-04,13.19478702545166,13.288967691466736,13.044097241281968,13.128859571240948,87200
2024-06-05,13.279549598693848,13.383148595655898,13.194786374733118,13.26071292751061,59000
2024-06-06,13.288968086242676,13.42082210039913,13.260713975417003,13.30780475891445,44100
2024-06-07,13.345476150512695,13.383148594694546,13.288967035148962,13.288967035148962,42000
2024-06-10,13.336057662963867,13.401984214985424,13.279549446425936,13.364311771232833,40500
2024-06-11,13.317222595214844,13.364312478762171,13.279550149467811,13.364312478762171,37400
2024-06-12,13.260713577270508,13.43965836955168,13.241877803346258,13.411403361392361,54600
2024-06-13,13.241877555847168,13.298385774745707,13.185368438766684,13.260713329419367,44300
2024-06-14,13.287064552307129,13.30629374038599,13.171692174528413,13.219764227827417,50700
2024-06-17,13.258221626281738,13.315908273355609,13.210149573203203,13.306293679360271,73300
2024-06-18,13.162077903747559,13.238993741053896,13.142849632094606,13.190921686574251,111200
2024-06-20,13.21976375579834,13.248606619988609,13.133234246329415,13.162077110519684,111500
2024-06-21,13.325521469116211,13.325521469116211,13.258221147376135,13.296678605070195,47300
2024-06-24,13.325521469116211,13.412050978152374,13.315907792366282,13.383208114106358,55800
2024-06-25,13.354365348815918,13.440893941593844,13.315907890837465,13.402436483615391,79400
2024-06-26,13.325521469116211,13.402436384504329,13.277450334672222,13.315907792366282,48100
2024-06-27,13.344751358032227,13.383208817748244,13.296679304162664,13.30629389831621,65100
2024-06-28,13.469738006591797,13.498580871458895,13.383208495092358,13.383208495092358,195200
2024-07-01,13.460123062133789,13.633182080625764,13.421665604346474,13.594724622838449,89700
2024-07-02,13.556266784667969,13.565880461171453,13.440893497645233,13.488965547755024,67200
2024-07-03,13.53703784942627,13.62356735785227,13.50819498558364,13.53703784942627,54800
2024-07-05,13.498579978942871,13.575494891435007,13.469737115982841,13.50819457222891,25600
2024-07-08,13.421666145324707,13.488966469940607,13.402436957206932,13.450509010603213,69600
2024-07-09,13.4120512008667,13.450508659199365,13.383208336341731,13.431280388482097,46800
2024-07-10,13.44089412689209,13.450508720743782,13.354365532921268,13.3928229914299,81700
2024-07-11,13.431281089782715,13.48896682184465,13.402437306853567,13.48896682184465,78800
2024-07-12,13.53703784942627,13.585109900429392,13.488965798423145,13.498580392003392,63000
2024-07-15,13.527423858642578,13.585110505796527,13.527423858642578,13.556267640668628,64200
2024-07-16,13.671639442443848,13.710096899961206,13.556267069891769,13.556267069891769,52800
2024-07-17,13.729325294494629,13.777397346050815,13.66202497245484,13.66202497245484,58500
2024-07-18,13.719712257385254,13.806240853943052,13.70048306910697,13.710097663246112,103400
2024-07-19,13.604338645935059,13.70048275129993,13.54665291623465,13.70048275129993,60600
2024-07-22,13.671639442443848,13.690867712753471,13.565880746597525,13.604338204114883,110000
2024-07-23,13.719712257385254,13.74855512290452,13.681253880828683,13.70048306910697,89500
2024-07-24,13.498579978942871,13.71971104003132,13.460122522696803,13.700481853459246,80900
2024-07-25,13.604338645935059,13.66202529253361,13.460123404785895,13.4889662696361,49100
2024-07-26,13.66202449798584,13.729324817688353,13.642795311271929,13.652409904628884,46900
2024-07-29,13.767783164978027,13.767783164978027,13.690868246942252,13.72932570596014,42300
2024-07-30,13.80624008178711,13.815854675388527,13.719711490068686,13.767782624279551,81000
2024-07-31,13.979299545288086,13.998528733104784,13.787012251611813,13.844697981265625,73400
2024-08-01,13.748554229736328,13.960070702565593,13.729325042707258,13.940841515536523,66700
2024-08-02,13.527423858642578,13.62356796493311,13.479352722395463,13.585110505796527,52500
2024-08-05,13.104391098022461,13.248606332745187,12.700587340521107,12.787116848113982,210500
2024-08-06,13.258221626281738,13.383208597526666,13.123620061041473,13.123620061041473,116600
2024-08-07,13.181306838989258,13.40243700168865,13.0851627318776,13.383208730405213,232300
2024-08-08,13.431281089782715,13.460123955813682,13.181307139119182,13.181307139119182,123100
2024-08-09,13.517809867858887,13.517809867858887,13.344750847310927,13.450508628257941,63500
2024-08-12,13.431281089782715,13.517810604773796,13.421666495472998,13.517810604773796,47800
2024-08-13,13.498579978942871,13.5274228419029,13.344750153958602,13.498579978942871,98300
2024-08-14,13.56588077545166,13.585109962700296,13.5178096411263,13.56588077545166,45000
2024-08-15,13.719712257385254,13.777397988423786,13.662025609448559,13.662025609448559,47700
2024-08-16,13.738940238952637,13.787012291736144,13.710097374041789,13.787012291736144,55800
2024-08-19,13.825469017028809,13.854311880409306,13.738939509989223,13.738939509989223,52700
2024-08-20,13.80624008178711,13.873541320098921,13.758168947576245,13.825469268989945,55500
2024-08-21,13.863926887512207,13.931227209707528,13.787011971603805,13.873541481225288,86500
2024-08-22,13.844696998596191,13.92161191060743,13.815854135816496,13.902383641053659,42000
2024-08-23,14.027371406555176,14.027371406555176,13.892769844369093,13.940841896356845,59600
2024-08-26,14.104286193847656,14.113900787536808,14.036985871819834,14.094671600158504,87600
2024-08-27,14.113900184631348,14.181200503784295,14.027370678921514,14.133128454290155,49900
2024-08-28,14.00814151763916,14.152357666381782,13.988913247945659,14.123513886494408,89500
2024-08-29,14.104286193847656,14.219658567423119,14.104286193847656,14.104286193847656,37200
2024-08-30,14.094671249389648,14.229272806993636,14.075442979387992,14.190815350092224,101200
2024-09-03,13.911998748779297,14.10428603591865,13.873541291351426,14.036985714644404,109900
2024-09-04,13.960071563720703,14.008142700462539,13.892770321865447,13.892770321865447,54400
2024-09-05,13.940842628479004,14.027372143221548,13.87354230230066,13.988914682991327,29000
2024-09-06,13.911998748779297,14.017756527481414,13.863926697769932,13.988913663635039,87200
2024-09-09,14.00814151763916,14.027370704230743,13.921612011773203,13.960070384956367,42400
2024-09-10,14.123515129089355,14.133129723231045,13.940842424888082,14.046600209752171,123400
2024-09-11,14.123515129089355,14.171587182899637,13.921613236604705,14.161972588757948,118800
2024-09-12,14.152358055114746,14.219658376237707,14.085056817093676,14.190815512456167,91900
2024-09-13,14.306304931640625,14.355332893793612,14.1788326040951,14.218054786791368,73100
2024-09-16,14.335721969604492,14.384749933928227,14.286694005280758,14.316111344953383,69200
2024-09-17,14.286693572998047,14.44358230598239,14.227860765694224,14.335721535838308,96000
2024-09-18,14.286693572998047,14.41416590233048,14.237666545288398,14.306305132186397,53900
2024-09-19,14.384749412536621,14.463193778559035,14.374943633001168,14.453387999023581,68800
2024-09-20,14.335721969604492,14.414166338470212,14.306305565062507,14.414166338470212,87400
2024-09-23,14.423972129821777,14.453388534387136,14.384749945357754,14.39455572525642,73500
2024-09-24,14.472999572753906,14.502415976259456,14.384749427106653,14.44358223411775,73800
2024-09-25,14.345527648925781,14.48280576104372,14.335721869103649,14.423972017241564,83600
2024-09-26,14.423972129821777,14.512222278648492,14.39455572525642,14.39455572525642,89400
2024-09-27,14.482805252075195,14.512221655377177,14.43377728981816,14.443582134165087,77900
2024-09-30,14.561249732971191,14.571054577395781,14.453388028125241,14.492610211215421,150100
2024-10-01,14.541638374328613,14.551444154018991,14.41416604374557,14.551444154018991,129900
2024-10-02,14.482805252075195,14.522027434854705,14.443582134165087,14.502415875899649,86300
2024-10-03,14.39455509185791,14.512221640072344,14.335721350185395,14.453387898399827,97500
2024-10-04,14.492610931396484,14.541638896478208,14.365138596236267,14.453388746357238,55500
2024-10-07,14.561249732971191,14.590666136506176,14.37494366194488,14.502415990770618,340400
2024-10-08,14.600472450256348,14.620083074953639,14.522028081205903,14.610277295039673,135000
2024-10-09,14.669111251831055,14.669111251831055,14.629889066737816,14.63969484679379,151500
2024-10-10,14.737749099731445,14.816193465967267,14.620082550377713,14.698526916613535,153300
2024-10-11,14.767167091369629,14.835805681078275,14.639694756817391,14.786777716230391,106600
2024-10-14,14.845611572265625,14.845611572265625,14.747555641835431,14.80638938711968,81900
2024-10-15,14.767167091369629,14.865222085934745,14.747555531378215,14.845611461073982,136100
2024-10-16,14.875027656555176,14.914249840855275,14.786777508097291,14.80638906781266,171200
2024-10-17,14.82599925994873,14.9436658094169,14.816193480377063,14.9436658094169,38600
2024-10-18,14.767167091369629,14.914250050782629,14.767167091369629,14.914250050782629,62400
2024-10-21,14.718138694763184,14.806388841874414,14.669110731353541,14.806388841874414,70000
2024-10-22,14.708333015441895,14.776971603605489,14.629888647503321,14.669110831472608,59800
2024-10-23,14.541638374328613,14.669110704911656,14.541638374328613,14.629888521280767,59900
2024-10-24,14.492610931396484,14.639694826641655,14.482806086484663,14.590666861559932,62200
2024-10-25,14.423972129821777,14.629888832040564,14.384749945357754,14.512222278648492,51400
2024-10-28,14.492610931396484,14.580861081517456,14.473000306442188,14.522028271523912,49700
2024-10-29,14.453388214111328,14.502416177387596,14.453388214111328,14.492610397706219,30500
2024-10-30,14.453388214111328,14.502416177387596,14.374943846921546,14.44358243442995,34700
2024-10-31,14.365138053894043,14.453388200683213,14.316111025793942,14.384749613238577,57100
2024-11-01,14.39455509185791,14.531832263876115,14.355332909119767,14.384749312390724,38700
2024-11-04,14.365138053894043,14.541638347472382,14.276888842235492,14.414166017124762,65300
2024-11-05,14.512222290039062,14.541638694627508,14.3357219922471,14.404360581330355,46600
2024-11-06,14.767167091369629,14.835805681078275,14.727944906517452,14.835805681078275,49100
2024-11-07,14.884833335876465,14.904443960328742,14.8063889678061,14.855415996502106,58400
2024-11-08,14.963277816772461,14.963277816772461,14.865221888379832,14.943666257041679,53000
2024-11-11,15.041722297668457,15.100555107038506,15.002500113044876,15.012305892983433,47800
2024-11-12,15.0024995803833,15.17899893735751,14.943665837971489,15.0319159840239,32300
2024-11-13,14.97308349609375,15.061332708897758,14.95347193649466,15.022110524830211,27600
2024-11-14,14.933860778808594,15.041722489245192,14.924055933875804,15.041722489245192,37700
2024-11-15,14.875027656555176,14.953472025155376,14.816193912539706,14.943666245297692,58100
2024-11-18,15.022110939025879,15.031916719095792,14.875027978499803,14.875027978499803,92200
2024-11-19,14.992693901062012,15.022110304899345,14.91424953407538,14.98288812140603,63900
2024-11-20,14.924055099487305,15.03191586876286,14.845610733626788,15.012305244863034,45000
2024-11-21,15.090749740600586,15.110360364669189,14.992693814865731,15.012305374064947,50100
2024-11-22,15.198610305786133,15.198610305786133,14.992693612625096,15.139776564112724,42800
2024-11-25,15.355499267578125,15.394721450906488,15.29666646015089,15.316277084249764,55300
2024-11-26,15.375110626220703,15.394721250063734,15.296666260587383,15.394721250063734,34000
2024-11-27,15.394721984863281,15.502583694105356,15.38491620490843,15.43394416955204,39000
2024-11-29,15.44374942779541,15.48297161115919,15.36530506106785,15.394721464808033,15900
2024-12-02,15.492777824401855,15.492777824401855,15.404527675580711,15.492777824401855,38300
2024-12-03,15.394721984863281,15.51238853892956,15.34569402021967,15.51238853892956,81700
2024-12-04,15.433943748474121,15.492777491467447,15.335888756992738,15.45355530784877,78500
2024-12-05,15.44374942779541,15.531999574146568,15.424137868548213,15.502583170406387,72700
2024-12-06,15.44374942779541,15.52219379452297,15.433943648171812,15.45355520741901,36200
2024-12-09,15.394721984863281,15.522194318884413,15.394721984863281,15.492777914150505,37600
2024-12-10,15.375110626220703,15.42413765339358,15.345693287760257,15.42413765339358,44800
2024-12-11,15.335888862609863,15.424138075011687,15.31627730310015,15.424138075011687,42600
2024-12-12,15.178998947143555,15.306471276509152,15.16919410267744,15.286860652446311,39900
2024-12-13,15.220000267028809,15.329999923706055,15.149999618530273,15.25,50500
2024-12-16,15.100000381469727,15.25,15.09000015258789,15.239999771118164,96000
2024-12-17,15.0,15.140000343322754,14.930000305175781,15.09000015258789,90100
2024-12-18,14.739999771118164,15.149999618530273,14.680000305175781,14.989999771118164,112300
2024-12-19,14.649999618530273,14.800000190734863,14.600000381469727,14.779999732971191,46100
2024-12-20,14.880000114440918,14.90999984741211,14.579999923706055,14.630000114440918,71400
2024-12-23,15.020000457763672,15.079999923706055,14.869999885559082,14.920000076293945,93500
2024-12-24,15.199999809265137,15.199999809265137,15.029999732971191,15.0600004196167,27700
2024-12-26,15.34000015258789,15.359999656677246,15.15999984741211,15.199999809265137,80900
2024-12-27,15.1899995803833,15.279999732971191,15.079999923706055,15.279999732971191,76600
2024-12-30,15.109999656677246,15.149999618530273,14.989999771118164,15.149999618530273,124600
2024-12-31,15.0600004196167,15.260000228881836,15.010000228881836,15.25,112700
2025-01-02,14.960000038146973,15.180000305175781,14.960000038146973,15.079999923706055,123700
2025-01-03,15.029999732971191,15.130000114440918,14.970000267028809,15.010000228881836,51900
2025-01-06,15.0,15.170000076293945,14.979999542236328,15.109999656677246,73000
2025-01-07,14.920000076293945,15.15999984741211,14.859999656677246,15.020000457763672,77100
2025-01-08,14.979999542236328,15.010000228881836,14.899999618530273,14.989999771118164,74900
