Date,Adj Close,Close,High,Low,Open,Volume
2005-05-26,5.762509346008301,10.600000381469727,10.850000381469727,10.539999961853027,10.539999961853027,5682400
2005-05-27,6.197416305541992,11.399999618530273,11.699999809265137,10.609999656677246,10.609999656677246,1682300
2005-05-31,6.08868932723999,11.199999809265137,11.25,11.0,11.0,336200
2005-06-01,6.08868932723999,11.199999809265137,11.210000038146973,11.0,11.199999809265137,365900
2005-06-02,6.007144451141357,11.050000190734863,11.220000267028809,11.0,11.199999809265137,175500
2005-06-03,6.066943168640137,11.15999984741211,11.300000190734863,11.0,11.029999732971191,182200
2005-06-06,6.034326076507568,11.100000381469727,11.300000190734863,11.050000190734863,11.25,185200
2005-06-07,6.0615057945251465,11.149999618530273,11.300000190734863,11.050000190734863,11.140000343322754,316900
2005-06-08,6.115871906280518,11.25,11.34000015258789,11.079999923706055,11.149999618530273,232300
2005-06-09,6.1484904289245605,11.3100004196167,11.390000343322754,11.199999809265137,11.25,210000
2005-06-10,6.251778602600098,11.5,11.550000190734863,11.199999809265137,11.3100004196167,225400
2005-06-13,6.2789626121521,11.550000190734863,11.649999618530273,11.300000190734863,11.399999618530273,468300
2005-06-14,6.360506057739258,11.699999809265137,11.699999809265137,11.449999809265137,11.59000015258789,329500
2005-06-15,6.394851207733154,11.729999542236328,11.75,11.520000457763672,11.670000076293945,224000
2005-06-16,6.269464492797852,11.5,11.649999618530273,11.399999618530273,11.649999618530273,207600
2005-06-17,6.296721458435059,11.550000190734863,11.579999923706055,11.270000457763672,11.5,307200
2005-06-20,6.1495256423950195,11.279999732971191,11.699999809265137,11.279999732971191,11.5,168000
2005-06-21,6.2258501052856445,11.420000076293945,11.550000190734863,11.15999984741211,11.279999732971191,117600
2005-06-22,6.182236194610596,11.34000015258789,11.449999809265137,11.270000457763672,11.350000381469727,63600
2005-06-23,6.176783561706543,11.329999923706055,11.4399995803833,11.100000381469727,11.100000381469727,131900
2005-06-24,6.133168697357178,11.25,11.399999618530273,11.100000381469727,11.25,1105900
2005-06-27,6.138623237609863,11.260000228881836,11.34000015258789,11.010000228881836,11.149999618530273,223200
2005-06-28,6.133168697357178,11.25,11.300000190734863,11.130000114440918,11.15999984741211,126500
2005-06-29,6.1495256423950195,11.279999732971191,11.300000190734863,11.140000343322754,11.260000228881836,160300
2005-06-30,6.160427570343018,11.300000190734863,11.300000190734863,11.0,11.25,240200
2005-07-01,6.105910778045654,11.199999809265137,11.300000190734863,11.100000381469727,11.300000190734863,274400
2005-07-05,6.138623237609863,11.260000228881836,11.449999809265137,11.050000190734863,11.100000381469727,474800
2005-07-06,6.133168697357178,11.25,11.350000381469727,11.149999618530273,11.170000076293945,63500
2005-07-07,6.0732011795043945,11.140000343322754,11.25,11.0,11.210000038146973,107000
2005-07-08,6.323980331420898,11.600000381469727,11.6899995803833,11.039999961853027,11.039999961853027,566900
2005-07-11,6.345787048339844,11.640000343322754,11.699999809265137,11.300000190734863,11.399999618530273,512500
2005-07-12,6.334883689880371,11.619999885559082,11.699999809265137,11.460000038146973,11.600000381469727,218200
2005-07-13,6.514788627624512,11.949999809265137,12.050000190734863,11.600000381469727,11.699999809265137,398400
2005-07-14,6.427563667297363,11.789999961853027,12.010000228881836,11.699999809265137,11.899999618530273,145800
2005-07-15,6.460272789001465,11.850000381469727,11.850000381469727,11.600000381469727,11.729999542236328,364400
2005-07-18,6.449370384216309,11.829999923706055,11.850000381469727,11.550000190734863,11.75,217700
2005-07-19,6.50933837890625,11.9399995803833,11.960000038146973,11.75,11.880000114440918,238300
2005-07-20,6.585659980773926,12.079999923706055,12.100000381469727,11.890000343322754,11.9399995803833,176800
2005-07-21,6.563855171203613,12.039999961853027,12.149999618530273,11.949999809265137,12.050000190734863,219400
2005-07-22,6.596566200256348,12.100000381469727,12.100000381469727,11.979999542236328,12.0,92100
2005-07-25,6.542046546936035,12.0,12.079999923706055,11.920000076293945,12.050000190734863,152800
2005-07-26,6.531146049499512,11.979999542236328,12.029999732971191,11.850000381469727,12.0,151800
2005-07-27,6.536593437194824,11.989999771118164,12.020000457763672,11.569999694824219,11.880000114440918,79600
2005-07-28,6.542046546936035,12.0,12.050000190734863,11.699999809265137,12.010000228881836,72500
2005-07-29,6.547499179840088,12.010000228881836,12.100000381469727,11.850000381469727,11.989999771118164,45400
2005-08-01,6.683791160583496,12.260000228881836,12.399999618530273,12.100000381469727,12.100000381469727,64600
2005-08-02,6.825538158416748,12.520000457763672,12.75,12.350000381469727,12.350000381469727,113500
2005-08-03,6.88005256652832,12.619999885559082,12.680000305175781,12.449999809265137,12.59000015258789,82200
2005-08-04,6.743760108947754,12.369999885559082,12.550000190734863,12.050000190734863,12.550000190734863,65000
2005-08-05,6.569305896759033,12.050000190734863,12.449999809265137,12.0,12.449999809265137,99200
2005-08-08,6.498436450958252,11.920000076293945,12.109999656677246,11.899999618530273,12.0600004196167,68200
2005-08-09,6.514788627624512,11.949999809265137,12.029999732971191,11.899999618530273,11.920000076293945,62400
2005-08-10,6.498436450958252,11.920000076293945,12.0600004196167,11.8100004196167,11.949999809265137,116400
2005-08-11,6.498436450958252,11.920000076293945,12.149999618530273,11.899999618530273,12.100000381469727,38400
2005-08-12,6.514788627624512,11.949999809265137,11.949999809265137,11.640000343322754,11.880000114440918,94400
2005-08-15,6.4875311851501465,11.899999618530273,12.0,11.760000228881836,11.850000381469727,37300
2005-08-16,6.514788627624512,11.949999809265137,12.0,11.920000076293945,11.949999809265137,63900
2005-08-17,6.520243167877197,11.960000038146973,12.050000190734863,11.9399995803833,12.0,83800
2005-08-18,6.498436450958252,11.920000076293945,11.989999771118164,11.90999984741211,11.930000305175781,28700
2005-08-19,6.498436450958252,11.920000076293945,12.0,11.90999984741211,11.930000305175781,38900
2005-08-22,6.4875311851501465,11.899999618530273,11.979999542236328,11.800000190734863,11.920000076293945,48600
2005-08-23,6.520243167877197,11.960000038146973,12.0,11.859999656677246,11.9399995803833,59800
2005-08-24,6.574760437011719,12.0600004196167,12.180000305175781,11.949999809265137,11.979999542236328,127000
2005-08-25,6.596566200256348,12.100000381469727,12.149999618530273,12.0,12.0600004196167,92200
2005-08-26,6.514788627624512,11.949999809265137,12.09000015258789,11.920000076293945,12.09000015258789,117400
2005-08-29,6.4875311851501465,11.899999618530273,11.949999809265137,11.770000457763672,11.899999618530273,85000
2005-08-30,6.503887176513672,11.930000305175781,11.979999542236328,11.850000381469727,11.949999809265137,173500
2005-08-31,6.50933837890625,11.9399995803833,11.949999809265137,11.800000190734863,11.930000305175781,302100
2005-09-01,6.4875311851501465,11.899999618530273,11.949999809265137,11.800000190734863,11.949999809265137,110000
2005-09-02,6.438466548919678,11.8100004196167,12.0,11.8100004196167,11.899999618530273,193400
2005-09-06,6.4875311851501465,11.899999618530273,11.949999809265137,11.850000381469727,11.899999618530273,263500
2005-09-07,6.550043106079102,11.84000015258789,11.899999618530273,11.739999771118164,11.84000015258789,156800
2005-09-08,6.527915000915527,11.800000190734863,11.869999885559082,11.720000267028809,11.779999732971191,97300
2005-09-09,6.472594738006592,11.699999809265137,11.760000228881836,11.600000381469727,11.75,344600
2005-09-12,6.550043106079102,11.84000015258789,11.899999618530273,11.65999984741211,11.65999984741211,67900
2005-09-13,6.3619513511657715,11.5,11.8100004196167,11.25,11.8100004196167,169900
2005-09-14,6.295567035675049,11.380000114440918,11.600000381469727,11.270000457763672,11.550000190734863,66900
2005-09-15,6.455997467041016,11.670000076293945,11.75,11.25,11.449999809265137,122100
2005-09-16,6.439401626586914,11.640000343322754,11.779999732971191,11.479999542236328,11.75,168800
2005-09-19,6.4615302085876465,11.680000305175781,11.739999771118164,11.460000038146973,11.5,61900
2005-09-20,6.378549575805664,11.529999732971191,11.819999694824219,11.520000457763672,11.699999809265137,143000
2005-09-21,6.267906665802002,11.329999923706055,11.699999809265137,11.25,11.539999961853027,167200
2005-09-22,6.223649978637695,11.25,11.399999618530273,11.050000190734863,11.350000381469727,68100
2005-09-23,6.334288120269775,11.449999809265137,11.569999694824219,11.199999809265137,11.260000228881836,103200
2005-09-26,6.433868885040283,11.630000114440918,11.699999809265137,11.5,11.550000190734863,44800
2005-09-27,6.395145893096924,11.5600004196167,11.720000267028809,11.449999809265137,11.600000381469727,96900
2005-09-28,6.3619513511657715,11.5,11.649999618530273,11.399999618530273,11.609999656677246,112800
2005-09-29,6.417273044586182,11.600000381469727,11.600000381469727,11.420000076293945,11.470000267028809,49800
2005-09-30,6.500255584716797,11.75,11.75,11.600000381469727,11.600000381469727,50100
2005-10-03,6.500255584716797,11.75,11.989999771118164,11.75,11.850000381469727,103900
2005-10-04,6.467061519622803,11.6899995803833,11.899999618530273,11.630000114440918,11.75,149700
2005-10-05,6.3619513511657715,11.5,11.770000457763672,11.350000381469727,11.699999809265137,161600
2005-10-06,6.450466632843018,11.65999984741211,11.720000267028809,11.359999656677246,11.529999732971191,255000
2005-10-07,6.516849517822266,11.779999732971191,11.819999694824219,11.649999618530273,11.710000038146973,16100
2005-10-10,6.389612197875977,11.550000190734863,11.800000190734863,11.520000457763672,11.800000190734863,29900
2005-10-11,6.328758239746094,11.4399995803833,11.729999542236328,11.359999656677246,11.600000381469727,41900
2005-10-12,6.251309394836426,11.300000190734863,11.430000305175781,10.75,11.399999618530273,142000
2005-10-13,6.284502029418945,11.359999656677246,11.449999809265137,11.0,11.25,68800
2005-10-14,6.378549575805664,11.529999732971191,11.529999732971191,11.199999809265137,11.430000305175781,194700
2005-10-17,6.42833948135376,11.619999885559082,11.619999885559082,11.399999618530273,11.520000457763672,40400
2005-10-18,6.267906665802002,11.329999923706055,11.800000190734863,11.010000228881836,11.670000076293945,586600
2005-10-19,6.195988655090332,11.199999809265137,11.510000228881836,11.100000381469727,11.300000190734863,231400
2005-10-20,6.195988655090332,11.199999809265137,11.699999809265137,11.100000381469727,11.600000381469727,68700
2005-10-21,6.234710693359375,11.270000457763672,11.399999618530273,11.109999656677246,11.300000190734863,675600
2005-10-24,6.295567035675049,11.380000114440918,11.5,11.25,11.319999694824219,50300
2005-10-25,6.256841659545898,11.3100004196167,11.329999923706055,10.890000343322754,11.3100004196167,176000
2005-10-26,6.207054138183594,11.220000267028809,11.399999618530273,11.130000114440918,11.350000381469727,60000
2005-10-27,6.168325424194336,11.149999618530273,11.319999694824219,11.09000015258789,11.25,115600
2005-10-28,6.195988655090332,11.199999809265137,11.25,11.130000114440918,11.210000038146973,159900
2005-10-31,6.168325424194336,11.149999618530273,11.199999809265137,11.109999656677246,11.199999809265137,119400
2005-11-01,6.074280738830566,10.979999542236328,11.100000381469727,10.930000305175781,11.100000381469727,208800
2005-11-02,6.085343837738037,11.0,11.140000343322754,10.9399995803833,10.979999542236328,154000
2005-11-03,5.99683141708374,10.84000015258789,11.0,10.670000076293945,11.0,203800
2005-11-04,6.074280738830566,10.979999542236328,11.0,10.720000267028809,10.880000114440918,299800
2005-11-07,6.07981014251709,10.989999771118164,11.0,10.890000343322754,10.979999542236328,159300
2005-11-08,6.0466227531433105,10.930000305175781,11.0,10.800000190734863,10.9399995803833,80200
2005-11-09,6.0632147789001465,10.960000038146973,11.039999961853027,10.819999694824219,10.970000267028809,475000
2005-11-10,6.350888252258301,11.479999542236328,11.479999542236328,10.90999984741211,10.989999771118164,443000
2005-11-11,6.284502029418945,11.359999656677246,11.479999542236328,11.329999923706055,11.430000305175781,192800
2005-11-14,6.195988655090332,11.199999809265137,11.399999618530273,11.109999656677246,11.399999618530273,84300
2005-11-15,6.090876579284668,11.010000228881836,11.210000038146973,10.960000038146973,11.199999809265137,124300
2005-11-16,6.162795543670654,11.140000343322754,11.300000190734863,11.010000228881836,11.109999656677246,174300
2005-11-17,6.3066301345825195,11.399999618530273,11.4399995803833,11.140000343322754,11.140000343322754,136000
2005-11-18,6.251309394836426,11.300000190734863,11.479999542236328,11.260000228881836,11.470000267028809,151800
2005-11-21,6.3066301345825195,11.399999618530273,11.489999771118164,11.300000190734863,11.300000190734863,374600
2005-11-22,6.411742687225342,11.59000015258789,11.600000381469727,11.300000190734863,11.390000343322754,198500
2005-11-23,6.467061519622803,11.6899995803833,11.710000038146973,11.520000457763672,11.529999732971191,232600
2005-11-25,6.472594738006592,11.699999809265137,11.720000267028809,11.569999694824219,11.630000114440918,18600
2005-11-28,6.356420040130615,11.489999771118164,11.6899995803833,11.489999771118164,11.65999984741211,82700
2005-11-29,6.4228034019470215,11.609999656677246,11.6899995803833,11.479999542236328,11.5,337900
2005-11-30,6.638557434082031,12.0,12.170000076293945,11.649999618530273,11.649999618530273,1863800
2005-12-01,6.638557434082031,12.0,12.09000015258789,11.920000076293945,12.039999961853027,126700
2005-12-02,6.633028984069824,11.989999771118164,12.0,11.699999809265137,11.949999809265137,159300
2005-12-05,6.555576801300049,11.850000381469727,12.140000343322754,11.8100004196167,12.0,69900
2005-12-06,6.4615302085876465,11.680000305175781,12.0,11.649999618530273,11.8100004196167,107400
2005-12-07,6.389612197875977,11.550000190734863,11.739999771118164,11.489999771118164,11.739999771118164,159400
2005-12-08,6.4449334144592285,11.649999618530273,11.75,11.520000457763672,11.609999656677246,258400
2005-12-09,6.489191055297852,11.729999542236328,11.880000114440918,11.600000381469727,11.699999809265137,86400
2005-12-12,6.384081840515137,11.539999961853027,11.739999771118164,11.40999984741211,11.729999542236328,372800
2005-12-13,6.472594738006592,11.699999809265137,11.84000015258789,11.460000038146973,11.5,372900
2005-12-14,6.455997467041016,11.670000076293945,11.739999771118164,11.640000343322754,11.699999809265137,121400
2005-12-15,6.417273044586182,11.600000381469727,11.829999923706055,11.5600004196167,11.670000076293945,400200
2005-12-16,6.378549575805664,11.529999732971191,11.670000076293945,11.369999885559082,11.609999656677246,596300
2005-12-19,6.4228034019470215,11.609999656677246,11.779999732971191,11.510000228881836,11.529999732971191,65200
2005-12-20,6.373016357421875,11.520000457763672,11.739999771118164,11.520000457763672,11.65999984741211,168600
2005-12-21,6.572175025939941,11.880000114440918,11.989999771118164,11.550000190734863,11.600000381469727,1026900
2005-12-22,6.638557434082031,12.0,12.0,11.819999694824219,11.880000114440918,277700
2005-12-23,6.5832366943359375,11.899999618530273,12.039999961853027,11.850000381469727,11.949999809265137,31800
2005-12-27,6.588769912719727,11.90999984741211,12.0,11.75,11.949999809265137,55300
2005-12-28,6.6353631019592285,11.819999694824219,11.880000114440918,11.5600004196167,11.850000381469727,95100
2005-12-29,6.708339214324951,11.949999809265137,11.949999809265137,11.729999542236328,11.84000015258789,71500
2005-12-30,6.713954925537109,11.960000038146973,11.960000038146973,11.75,11.899999618530273,106800
2006-01-03,6.725181579589844,11.979999542236328,12.050000190734863,11.800000190734863,12.0,88800
2006-01-04,6.71956729888916,11.970000267028809,12.010000228881836,11.850000381469727,11.9399995803833,71900
2006-01-05,6.652203559875488,11.850000381469727,11.970000267028809,11.680000305175781,11.970000267028809,101900
2006-01-06,6.736408233642578,12.0,12.09000015258789,11.699999809265137,11.899999618530273,210000
2006-01-09,6.713954925537109,11.960000038146973,12.100000381469727,11.800000190734863,12.0600004196167,63700
2006-01-10,6.837452411651611,12.180000305175781,12.199999809265137,11.829999923706055,11.90999984741211,218600
2006-01-11,6.882360935211182,12.260000228881836,12.289999961853027,12.0,12.180000305175781,229600
2006-01-12,6.837452411651611,12.180000305175781,12.300000190734863,12.020000457763672,12.270000457763672,187400
2006-01-13,6.809386253356934,12.130000114440918,12.170000076293945,12.039999961853027,12.109999656677246,151900
2006-01-17,6.831843376159668,12.170000076293945,12.670000076293945,12.09000015258789,12.600000381469727,187800
2006-01-18,6.960953712463379,12.399999618530273,12.479999542236328,12.199999809265137,12.229999542236328,147200
2006-01-19,7.039546012878418,12.539999961853027,12.710000038146973,12.390000343322754,12.479999542236328,125600
2006-01-20,7.017093658447266,12.5,12.579999923706055,12.199999809265137,12.5600004196167,322100
2006-01-23,7.050773620605469,12.5600004196167,12.600000381469727,12.369999885559082,12.5,126300
2006-01-24,7.017093658447266,12.5,12.600000381469727,12.380000114440918,12.5600004196167,127200
2006-01-25,7.067615509033203,12.59000015258789,12.600000381469727,12.479999542236328,12.5,114300
2006-01-26,7.050773620605469,12.5600004196167,12.59000015258789,12.479999542236328,12.579999923706055,121600
2006-01-27,7.0620036125183105,12.579999923706055,12.720000267028809,12.449999809265137,12.5600004196167,102500
2006-01-30,7.151819705963135,12.739999771118164,12.75,12.40999984741211,12.520000457763672,161900
2006-01-31,7.297774791717529,13.0,13.050000190734863,12.739999771118164,12.739999771118164,201500
2006-02-01,7.26409387588501,12.9399995803833,12.960000038146973,12.800000190734863,12.899999618530273,87500
2006-02-02,7.11814022064209,12.680000305175781,12.90999984741211,12.529999732971191,12.880000114440918,70100
2006-02-03,7.050773620605469,12.5600004196167,12.720000267028809,12.289999961853027,12.600000381469727,52700
2006-02-06,7.090071678161621,12.630000114440918,12.640000343322754,12.470000267028809,12.630000114440918,66400
2006-02-07,7.129365921020508,12.699999809265137,12.720000267028809,12.5,12.569999694824219,60200
2006-02-08,7.067615509033203,12.59000015258789,12.6899995803833,12.520000457763672,12.630000114440918,49200
2006-02-09,7.073229789733887,12.600000381469727,12.6899995803833,12.4399995803833,12.5600004196167,287000
2006-02-10,7.1012983322143555,12.649999618530273,12.729999542236328,12.430000305175781,12.550000190734863,158400
2006-02-13,7.1012983322143555,12.649999618530273,12.699999809265137,12.5,12.59000015258789,65200
2006-02-14,7.011476516723633,12.489999771118164,12.670000076293945,12.34000015258789,12.670000076293945,116400
2006-02-15,7.129365921020508,12.699999809265137,12.729999542236328,12.4399995803833,12.489999771118164,62100
2006-02-16,7.157433986663818,12.75,12.770000457763672,12.630000114440918,12.729999542236328,248800
2006-02-17,7.18550443649292,12.800000190734863,12.850000381469727,12.680000305175781,12.75,117900
2006-02-21,7.129365921020508,12.699999809265137,12.800000190734863,12.5,12.789999961853027,33700
2006-02-22,7.157433986663818,12.75,12.75,12.600000381469727,12.75,190000
2006-02-23,7.157433986663818,12.75,12.8100004196167,12.680000305175781,12.800000190734863,83600
2006-02-24,7.140592575073242,12.720000267028809,12.850000381469727,12.65999984741211,12.739999771118164,184800
2006-02-27,7.191114902496338,12.8100004196167,12.8100004196167,12.699999809265137,12.699999809265137,95100
2006-02-28,7.202347278594971,12.829999923706055,12.899999618530273,12.649999618530273,12.75,125700
2006-03-01,7.2753214836120605,12.960000038146973,12.960000038146973,12.75,12.880000114440918,343700
2006-03-02,7.359527111053467,13.109999656677246,13.270000457763672,12.979999542236328,13.0,122200
2006-03-03,7.589684963226318,13.520000457763672,13.5600004196167,13.109999656677246,13.109999656677246,138800
2006-03-06,7.5223236083984375,13.399999618530273,13.579999923706055,13.319999694824219,13.579999923706055,157300
2006-03-07,7.4156622886657715,13.210000038146973,13.430000305175781,13.130000114440918,13.430000305175781,330400
2006-03-08,7.309004306793213,13.020000457763672,13.050000190734863,12.699999809265137,13.050000190734863,206100
2006-03-09,7.1012983322143555,12.649999618530273,13.0,12.640000343322754,13.0,100800
2006-03-10,7.207956790924072,12.84000015258789,12.84000015258789,12.649999618530273,12.649999618530273,78100
2006-03-13,6.994638442993164,12.460000038146973,13.0,12.460000038146973,12.800000190734863,85300
2006-03-14,7.056385040283203,12.569999694824219,12.59000015258789,12.260000228881836,12.470000267028809,157300
2006-03-15,7.0620036125183105,12.579999923706055,12.649999618530273,12.489999771118164,12.619999885559082,90600
2006-03-16,7.129365921020508,12.699999809265137,12.720000267028809,12.579999923706055,12.600000381469727,119800
2006-03-17,7.309004306793213,13.020000457763672,13.140000343322754,12.6899995803833,12.829999923706055,293400
2006-03-20,7.342684745788574,13.079999923706055,13.09000015258789,12.850000381469727,12.970000267028809,91800
2006-03-21,7.219183444976807,12.859999656677246,13.069999694824219,12.699999809265137,13.020000457763672,233400
2006-03-22,7.207798004150391,12.65999984741211,12.770000457763672,12.579999923706055,12.770000457763672,122500
2006-03-23,7.2191853523254395,12.680000305175781,12.6899995803833,12.430000305175781,12.600000381469727,210400
2006-03-24,7.3842902183532715,12.970000267028809,12.970000267028809,12.600000381469727,12.600000381469727,201100
2006-03-27,7.3956804275512695,12.989999771118164,13.100000381469727,12.739999771118164,13.0,138600
2006-03-28,7.372905731201172,12.949999809265137,13.029999732971191,12.90999984741211,13.029999732971191,51000
2006-03-29,7.424144744873047,13.039999961853027,13.239999771118164,12.869999885559082,12.930000305175781,229000
2006-03-30,7.811295986175537,13.720000267028809,13.789999961853027,13.199999809265137,13.239999771118164,3294000
2006-03-31,7.862536907196045,13.8100004196167,13.8100004196167,13.550000190734863,13.569999694824219,781700
2006-04-03,7.782827854156494,13.670000076293945,13.829999923706055,13.600000381469727,13.75,380700
2006-04-04,7.737283706665039,13.59000015258789,13.869999885559082,13.550000190734863,13.680000305175781,403000
2006-04-05,7.731588840484619,13.579999923706055,13.649999618530273,13.380000114440918,13.59000015258789,413000
2006-04-06,7.7714385986328125,13.649999618530273,13.710000038146973,13.520000457763672,13.529999732971191,181000
2006-04-07,7.714507579803467,13.550000190734863,13.670000076293945,13.479999542236328,13.619999885559082,441500
2006-04-10,7.816989898681641,13.729999542236328,13.789999961853027,13.59000015258789,13.649999618530273,304800
2006-04-11,7.6974263191223145,13.520000457763672,13.779999732971191,13.510000228881836,13.720000267028809,280400
2006-04-12,7.742971420288086,13.600000381469727,13.75,13.449999809265137,13.460000038146973,141900
2006-04-13,7.742971420288086,13.600000381469727,13.630000114440918,13.460000038146973,13.5,381300
2006-04-17,7.742971420288086,13.600000381469727,13.800000190734863,13.5,13.600000381469727,658500
2006-04-18,7.82837438583374,13.75,13.84000015258789,13.5600004196167,13.649999618530273,219200
2006-04-19,7.965016841888428,13.989999771118164,14.0,13.619999885559082,13.680000305175781,361000
2006-04-20,7.856842041015625,13.800000190734863,14.079999923706055,13.720000267028809,14.050000190734863,245700
2006-04-21,7.987788677215576,14.029999732971191,14.029999732971191,13.819999694824219,13.899999618530273,158700
2006-04-24,7.908082008361816,13.890000343322754,14.0,13.649999618530273,14.0,137600
2006-04-25,7.885307788848877,13.850000381469727,13.890000343322754,13.710000038146973,13.890000343322754,409900
2006-04-26,7.87391996383667,13.829999923706055,13.859999656677246,13.699999809265137,13.819999694824219,217100
2006-04-27,8.107348442077637,14.239999771118164,14.779999732971191,13.75,13.760000228881836,308300
2006-04-28,8.147205352783203,14.3100004196167,14.359999656677246,13.84000015258789,14.140000343322754,491400
2006-05-01,7.970708847045898,14.0,14.600000381469727,13.989999771118164,14.399999618530273,338800
2006-05-02,8.540044784545898,15.0,15.0,13.90999984741211,14.0,330800
2006-05-03,8.380630493164062,14.720000267028809,14.989999771118164,14.359999656677246,14.899999618530273,232500
2006-05-04,8.505884170532227,14.9399995803833,14.9399995803833,14.5,14.619999885559082,412500
2006-05-05,8.648219108581543,15.1899995803833,15.369999885559082,14.930000305175781,14.9399995803833,447500
2006-05-08,8.68807315826416,15.260000228881836,15.260000228881836,14.800000190734863,15.100000381469727,214100
2006-05-09,8.70515251159668,15.289999961853027,15.470000267028809,15.0,15.199999809265137,312200
2006-05-10,8.824712753295898,15.5,15.5600004196167,15.199999809265137,15.289999961853027,216100
2006-05-11,8.619751930236816,15.140000343322754,15.529999732971191,15.140000343322754,15.5,439500
2006-05-12,8.68807315826416,15.260000228881836,15.300000190734863,14.520000457763672,14.970000267028809,494600
2006-05-15,8.625445365905762,15.149999618530273,15.350000381469727,14.850000381469727,14.960000038146973,291600
2006-05-16,8.699459075927734,15.279999732971191,15.390000343322754,15.029999732971191,15.170000076293945,366900
2006-05-17,8.682379722595215,15.25,15.279999732971191,15.010000228881836,15.279999732971191,429100
2006-05-18,8.67668628692627,15.239999771118164,15.399999618530273,15.050000190734863,15.25,363200
2006-05-19,8.74500560760498,15.359999656677246,15.380000114440918,14.949999809265137,15.1899995803833,314600
2006-05-22,8.68807315826416,15.260000228881836,15.489999771118164,15.109999656677246,15.300000190734863,294400
2006-05-23,8.608363151550293,15.119999885559082,15.489999771118164,15.050000190734863,15.399999618530273,314900
2006-05-24,8.596977233886719,15.100000381469727,15.119999885559082,14.699999809265137,15.050000190734863,235600
2006-05-25,8.70515251159668,15.289999961853027,15.350000381469727,15.079999923706055,15.149999618530273,130900
2006-05-26,8.67668628692627,15.239999771118164,15.34000015258789,15.100000381469727,15.25,125600
2006-05-30,8.540044784545898,15.0,15.420000076293945,15.0,15.100000381469727,228700
2006-05-31,8.636831283569336,15.170000076293945,15.229999542236328,14.960000038146973,15.0,255000
2006-06-01,8.853180885314941,15.550000190734863,15.680000305175781,15.149999618530273,15.149999618530273,402200
2006-06-02,8.853180885314941,15.550000190734863,16.0,15.380000114440918,15.550000190734863,341400
2006-06-05,8.915806770324707,15.65999984741211,15.899999618530273,15.369999885559082,15.529999732971191,275800
2006-06-06,8.801939964294434,15.460000038146973,15.6899995803833,15.199999809265137,15.640000343322754,145400
2006-06-07,8.807633399963379,15.470000267028809,15.800000190734863,15.380000114440918,15.4399995803833,227800
2006-06-08,8.807633399963379,15.470000267028809,15.520000457763672,14.899999618530273,15.369999885559082,230700
2006-06-09,8.801939964294434,15.460000038146973,15.5600004196167,15.319999694824219,15.449999809265137,138400
2006-06-12,8.568511962890625,15.050000190734863,15.460000038146973,14.9399995803833,15.460000038146973,160400
2006-06-13,8.54574203491211,15.010000228881836,15.279999732971191,14.930000305175781,14.970000267028809,358300
2006-06-14,8.395914077758789,14.569999694824219,14.9399995803833,14.529999732971191,14.90999984741211,238800
2006-06-15,8.470827102661133,14.699999809265137,14.800000190734863,14.579999923706055,14.670000076293945,303700
2006-06-16,8.349812507629395,14.489999771118164,14.699999809265137,14.199999809265137,14.699999809265137,760000
2006-06-19,8.234565734863281,14.289999961853027,14.579999923706055,14.229999542236328,14.5,337200
2006-06-20,8.009828567504883,13.899999618530273,14.289999961853027,13.75,14.149999618530273,800900
2006-06-21,8.055929183959961,13.979999542236328,14.050000190734863,13.829999923706055,13.869999885559082,422800
2006-06-22,8.067453384399414,14.0,14.09000015258789,13.930000305175781,14.0,498400
2006-06-23,8.032877922058105,13.9399995803833,14.050000190734863,13.880000114440918,14.0,296100
2006-06-26,8.10779094696045,14.069999694824219,14.109999656677246,13.930000305175781,14.0,571400
2006-06-27,8.240328788757324,14.300000190734863,14.619999885559082,14.079999923706055,14.149999618530273,462600
2006-06-28,8.390151977539062,14.5600004196167,14.5600004196167,14.300000190734863,14.369999885559082,261900
2006-06-29,8.580310821533203,14.890000343322754,14.9399995803833,14.649999618530273,14.649999618530273,369100
2006-06-30,8.534214973449707,14.8100004196167,15.050000190734863,14.59000015258789,14.989999771118164,1989500
2006-07-03,8.643699645996094,15.0,15.0,14.890000343322754,14.949999809265137,241800
2006-07-05,8.758947372436523,15.199999809265137,15.59000015258789,14.9399995803833,15.0,415900
2006-07-06,8.914536476135254,15.470000267028809,15.520000457763672,15.289999961853027,15.289999961853027,391500
2006-07-07,8.77623462677002,15.229999542236328,15.460000038146973,15.220000267028809,15.449999809265137,275900
2006-07-10,9.006736755371094,15.630000114440918,15.710000038146973,15.279999732971191,15.279999732971191,290500
2006-07-11,8.931822776794434,15.5,15.619999885559082,15.300000190734863,15.5600004196167,193700
2006-07-12,8.920295715332031,15.479999542236328,15.550000190734863,15.319999694824219,15.449999809265137,241500
2006-07-13,8.787762641906738,15.25,15.4399995803833,15.119999885559082,15.399999618530273,225500
2006-07-14,8.637938499450684,14.989999771118164,15.239999771118164,14.800000190734863,15.199999809265137,376500
2006-07-17,8.643699645996094,15.0,15.100000381469727,14.6899995803833,14.949999809265137,159400
2006-07-18,8.73590087890625,15.15999984741211,15.319999694824219,14.989999771118164,15.069999694824219,526800
2006-07-19,9.006736755371094,15.630000114440918,15.65999984741211,15.170000076293945,15.220000267028809,392000
2006-07-20,8.931822776794434,15.5,15.84000015258789,15.420000076293945,15.630000114440918,554600
2006-07-21,8.828102111816406,15.319999694824219,15.539999961853027,14.649999618530273,15.5,515400
2006-07-24,9.070121765136719,15.739999771118164,15.890000343322754,15.380000114440918,15.380000114440918,406000
2006-07-25,9.162322998046875,15.899999618530273,16.299999237060547,15.65999984741211,15.699999809265137,265500
2006-07-26,9.104695320129395,15.800000190734863,15.979999542236328,15.210000038146973,15.850000381469727,299600
2006-07-27,9.029784202575684,15.670000076293945,15.989999771118164,15.119999885559082,15.949999809265137,584400
2006-07-28,9.30062198638916,16.139999389648438,16.239999771118164,15.75,15.75,289300
2006-07-31,9.260284423828125,16.06999969482422,16.309999465942383,15.890000343322754,16.1200008392334,549100
2006-08-01,9.168085098266602,15.90999984741211,16.170000076293945,15.800000190734863,15.970000267028809,204600
2006-08-02,9.32943344116211,16.190000534057617,16.229999542236328,15.979999542236328,15.989999771118164,124600
2006-08-03,9.611797332763672,16.68000030517578,16.68000030517578,16.100000381469727,16.190000534057617,330800
2006-08-04,9.571459770202637,16.610000610351562,17.09000015258789,16.350000381469727,16.93000030517578,685600
2006-08-07,9.444684028625488,16.389999389648438,16.700000762939453,16.3700008392334,16.579999923706055,185800
2006-08-08,9.38129711151123,16.280000686645508,16.6299991607666,16.239999771118164,16.469999313354492,155200
2006-08-09,9.294857025146484,16.1299991607666,16.440000534057617,16.100000381469727,16.399999618530273,126900
2006-08-10,9.173846244812012,15.920000076293945,16.1299991607666,15.75,16.1299991607666,324300
2006-08-11,9.110459327697754,15.8100004196167,15.90999984741211,15.640000343322754,15.899999618530273,145900
2006-08-14,9.248757362365723,16.049999237060547,16.270000457763672,15.850000381469727,15.989999771118164,210600
2006-08-15,9.364007949829102,16.25,16.360000610351562,16.139999389648438,16.299999237060547,181400
2006-08-16,9.364007949829102,16.25,16.350000381469727,16.0,16.350000381469727,242700
2006-08-17,9.490778923034668,16.469999313354492,16.520000457763672,16.200000762939453,16.25,370500
2006-08-18,9.496543884277344,16.479999542236328,16.530000686645508,16.270000457763672,16.489999771118164,131600
2006-08-21,9.415871620178223,16.34000015258789,16.450000762939453,16.229999542236328,16.43000030517578,241800
2006-08-22,9.496543884277344,16.479999542236328,16.510000228881836,16.270000457763672,16.31999969482422,286600
2006-08-23,9.42163372039795,16.350000381469727,16.56999969482422,16.209999084472656,16.530000686645508,141500
2006-08-24,9.410103797912598,16.329999923706055,16.43000030517578,16.18000030517578,16.43000030517578,62000
2006-08-25,9.387057304382324,16.290000915527344,16.540000915527344,16.190000534057617,16.299999237060547,138800
2006-08-28,9.398580551147461,16.309999465942383,16.420000076293945,16.110000610351562,16.229999542236328,255200
2006-08-29,9.565693855285645,16.600000381469727,16.6200008392334,16.309999465942383,16.309999465942383,205700
2006-08-30,9.652129173278809,16.75,16.799999237060547,16.649999618530273,16.700000762939453,655000
2006-08-31,9.680943489074707,16.799999237060547,16.920000076293945,16.729999542236328,16.75,245300
2006-09-01,9.60027027130127,16.65999984741211,16.899999618530273,16.6299991607666,16.860000610351562,107900
2006-09-05,9.709760665893555,16.850000381469727,16.860000610351562,16.700000762939453,16.700000762939453,205000
2006-09-06,9.552488327026367,16.399999618530273,16.690000534057617,16.399999618530273,16.690000534057617,195500
2006-09-07,9.447647094726562,16.219999313354492,16.389999389648438,16.1299991607666,16.389999389648438,279000
2006-09-08,9.552488327026367,16.399999618530273,16.420000076293945,16.219999313354492,16.299999237060547,119000
2006-09-11,9.412696838378906,16.15999984741211,16.43000030517578,16.149999618530273,16.34000015258789,309400
2006-09-12,9.63985824584961,16.549999237060547,16.59000015258789,16.100000381469727,16.229999542236328,291500
2006-09-13,9.80877685546875,16.84000015258789,16.84000015258789,16.520000457763672,16.639999389648438,170300
2006-09-14,9.66898250579834,16.600000381469727,16.84000015258789,16.530000686645508,16.84000015258789,239600
2006-09-15,10.076712608337402,17.299999237060547,17.440000534057617,16.719999313354492,16.75,2242600
2006-09-18,10.129133224487305,17.389999389648438,17.540000915527344,17.1299991607666,17.299999237060547,368600
2006-09-19,10.076712608337402,17.299999237060547,17.520000457763672,17.010000228881836,17.5,408500
2006-09-20,10.245628356933594,17.59000015258789,17.75,17.40999984741211,17.43000030517578,345200
2006-09-21,9.872847557067871,16.950000762939453,17.079999923706055,16.649999618530273,16.75,1910500
2006-09-22,9.814604759216309,16.850000381469727,16.950000762939453,16.719999313354492,16.950000762939453,374100
2006-09-25,9.814604759216309,16.850000381469727,16.940000534057617,16.600000381469727,16.899999618530273,333400
2006-09-26,9.750529289245605,16.739999771118164,16.950000762939453,16.719999313354492,16.799999237060547,234600
2006-09-27,9.802949905395508,16.829999923706055,16.8799991607666,16.610000610351562,16.649999618530273,448400
2006-09-28,9.733054161071777,16.709999084472656,16.889999389648438,16.690000534057617,16.889999389648438,223900
2006-09-29,9.674809455871582,16.610000610351562,16.8799991607666,16.600000381469727,16.690000534057617,473600
2006-10-02,9.593257904052734,16.469999313354492,16.8799991607666,16.360000610351562,16.520000457763672,293900
2006-10-03,9.581610679626465,16.450000762939453,16.549999237060547,16.15999984741211,16.450000762939453,445200
2006-10-04,9.692280769348145,16.639999389648438,16.65999984741211,16.399999618530273,16.459999084472656,333400
2006-10-05,9.855371475219727,16.920000076293945,16.940000534057617,16.639999389648438,16.75,362700
2006-10-06,9.77382755279541,16.780000686645508,16.969999313354492,16.700000762939453,16.950000762939453,235500
2006-10-09,9.867024421691895,16.940000534057617,16.940000534057617,16.670000076293945,16.690000534057617,260300
2006-10-10,9.872847557067871,16.950000762939453,16.969999313354492,16.799999237060547,16.940000534057617,395100
2006-10-11,9.727229118347168,16.700000762939453,16.950000762939453,16.5,16.950000762939453,333200
2006-10-12,9.75635051727295,16.75,16.899999618530273,16.59000015258789,16.84000015258789,318500
2006-10-13,9.77382755279541,16.780000686645508,16.799999237060547,16.639999389648438,16.700000762939453,562100
2006-10-16,9.785476684570312,16.799999237060547,16.799999237060547,16.729999542236328,16.729999542236328,409900
2006-10-17,9.77382755279541,16.780000686645508,16.799999237060547,16.540000915527344,16.700000762939453,292300
2006-10-18,9.768000602722168,16.770000457763672,16.799999237060547,16.729999542236328,16.770000457763672,192000
2006-10-19,9.80877685546875,16.84000015258789,16.889999389648438,16.719999313354492,16.75,220500
2006-10-20,9.70393180847168,16.65999984741211,16.8799991607666,16.649999618530273,16.8799991607666,160000
2006-10-23,9.797127723693848,16.81999969482422,16.969999313354492,16.75,16.75,589800
2006-10-24,9.890321731567383,16.979999542236328,17.0,16.75,16.850000381469727,420200
2006-10-25,9.966042518615723,17.110000610351562,17.110000610351562,16.8700008392334,16.979999542236328,617100
2006-10-26,9.99516487121582,17.15999984741211,17.209999084472656,16.950000762939453,17.149999618530273,249800
2006-10-27,9.948567390441895,17.079999923706055,17.280000686645508,17.0,17.1200008392334,332300
2006-10-30,9.98934268951416,17.149999618530273,17.200000762939453,16.940000534057617,17.020000457763672,226800
2006-10-31,9.826252937316895,16.8700008392334,17.18000030517578,16.850000381469727,17.18000030517578,750500
2006-11-01,9.674809455871582,16.610000610351562,17.020000457763672,16.530000686645508,16.969999313354492,483800
2006-11-02,9.61656379699707,16.510000228881836,16.690000534057617,16.149999618530273,16.149999618530273,496100
2006-11-03,9.663158416748047,16.59000015258789,16.65999984741211,16.3799991607666,16.610000610351562,518700
2006-11-06,9.855371475219727,16.920000076293945,16.979999542236328,16.469999313354492,16.600000381469727,802000
2006-11-07,9.65733528137207,16.579999923706055,16.950000762939453,16.579999923706055,16.8799991607666,292100
2006-11-08,9.698105812072754,16.649999618530273,16.649999618530273,16.450000762939453,16.5,357700
2006-11-09,9.500062942504883,16.309999465942383,16.65999984741211,16.260000228881836,16.649999618530273,260900
2006-11-10,9.56413745880127,16.420000076293945,16.420000076293945,16.040000915527344,16.260000228881836,375200
2006-11-13,9.698105812072754,16.649999618530273,16.68000030517578,16.43000030517578,16.440000534057617,586200
2006-11-14,9.942741394042969,17.06999969482422,17.079999923706055,16.649999618530273,16.700000762939453,412000
2006-11-15,9.797127723693848,16.81999969482422,17.110000610351562,16.690000534057617,17.06999969482422,280200
2006-11-16,9.896146774291992,16.989999771118164,17.010000228881836,16.610000610351562,16.90999984741211,267600
2006-11-17,9.826252937316895,16.8700008392334,16.989999771118164,16.709999084472656,16.989999771118164,316200
2006-11-20,9.977689743041992,17.1299991607666,17.200000762939453,16.68000030517578,16.829999923706055,725500
2006-11-21,10.175732612609863,17.469999313354492,17.469999313354492,17.110000610351562,17.1299991607666,319700
2006-11-22,10.181556701660156,17.479999542236328,17.510000228881836,17.229999542236328,17.489999771118164,248700
2006-11-24,10.298052787780762,17.68000030517578,17.700000762939453,17.290000915527344,17.399999618530273,93500
2006-11-27,10.006815910339355,17.18000030517578,17.6299991607666,17.139999389648438,17.600000381469727,488600
2006-11-28,10.030113220214844,17.219999313354492,17.40999984741211,17.1200008392334,17.200000762939453,402500
2006-11-29,10.292226791381836,17.670000076293945,17.709999084472656,17.31999969482422,17.31999969482422,315100
2006-11-30,10.309699058532715,17.700000762939453,17.8700008392334,17.540000915527344,17.670000076293945,297700
2006-12-01,10.18738079071045,17.489999771118164,17.75,17.260000228881836,17.670000076293945,201500
2006-12-04,10.397069931030273,17.850000381469727,17.899999618530273,17.5,17.5,322700
2006-12-05,10.414544105529785,17.8799991607666,18.0,17.780000686645508,17.940000534057617,265900
2006-12-06,10.455318450927734,17.950000762939453,17.989999771118164,17.6299991607666,17.84000015258789,683700
2006-12-07,10.455318450927734,17.950000762939453,18.059999465942383,17.850000381469727,17.959999084472656,473600
2006-12-08,10.461143493652344,17.959999084472656,18.100000381469727,17.850000381469727,17.940000534057617,222500
2006-12-11,10.560161590576172,18.1299991607666,18.229999542236328,17.90999984741211,17.950000762939453,735700
2006-12-12,10.484444618225098,18.0,18.239999771118164,17.899999618530273,18.200000762939453,234800
2006-12-13,10.4028959274292,17.860000610351562,18.100000381469727,17.760000228881836,18.100000381469727,528300
2006-12-14,10.286401748657227,17.65999984741211,18.0,17.6299991607666,17.920000076293945,395500
2006-12-15,10.303875923156738,17.690000534057617,17.969999313354492,17.600000381469727,17.700000762939453,699800
2006-12-18,10.105836868286133,17.350000381469727,17.979999542236328,17.0,17.799999237060547,1913700
2006-12-19,10.088176727294922,17.139999389648438,17.34000015258789,17.049999237060547,17.200000762939453,433100
2006-12-20,10.135262489318848,17.219999313354492,17.270000457763672,17.049999237060547,17.139999389648438,581700
2006-12-21,10.123490333557129,17.200000762939453,17.34000015258789,17.010000228881836,17.190000534057617,325400
2006-12-22,10.158806800842285,17.260000228881836,17.290000915527344,17.059999465942383,17.219999313354492,199100
2006-12-26,10.394235610961914,17.65999984741211,17.65999984741211,17.200000762939453,17.200000762939453,211300
2006-12-27,10.5825777053833,17.979999542236328,17.979999542236328,17.65999984741211,17.709999084472656,402400
2006-12-28,10.61201000213623,18.030000686645508,18.040000915527344,17.739999771118164,18.0,477200
2006-12-29,10.600237846374512,18.010000228881836,18.200000762939453,17.90999984741211,18.010000228881836,332300
2007-01-03,10.61789608001709,18.040000915527344,18.31999969482422,17.809999465942383,18.09000015258789,1162900
2007-01-04,10.61789608001709,18.040000915527344,18.100000381469727,17.760000228881836,18.059999465942383,790800
2007-01-05,10.62378215789795,18.049999237060547,18.09000015258789,17.780000686645508,18.040000915527344,1023800
2007-01-08,10.62378215789795,18.049999237060547,18.200000762939453,17.84000015258789,18.09000015258789,735200
2007-01-09,10.794468879699707,18.34000015258789,18.350000381469727,17.940000534057617,18.020000457763672,688800
2007-01-10,10.635551452636719,18.06999969482422,18.1299991607666,17.780000686645508,18.0,877200
2007-01-11,10.694408416748047,18.170000076293945,18.350000381469727,18.1200008392334,18.1299991607666,458100
2007-01-12,10.653215408325195,18.100000381469727,18.25,17.979999542236328,18.139999389648438,448000
2007-01-16,10.723837852478027,18.219999313354492,18.25,17.690000534057617,18.170000076293945,580200
2007-01-17,10.753268241882324,18.270000457763672,18.459999084472656,18.100000381469727,18.1299991607666,621100
2007-01-18,10.700295448303223,18.18000030517578,18.299999237060547,18.149999618530273,18.25,4492900
2007-01-19,10.823899269104004,18.389999389648438,18.389999389648438,18.15999984741211,18.170000076293945,1305200
2007-01-22,10.753268241882324,18.270000457763672,18.350000381469727,18.190000534057617,18.350000381469727,647200
2007-01-23,10.765040397644043,18.290000915527344,18.389999389648438,18.209999084472656,18.270000457763672,686800
2007-01-24,10.741497993469238,18.25,18.34000015258789,18.030000686645508,18.219999313354492,762800
2007-01-25,10.723837852478027,18.219999313354492,18.3799991607666,18.09000015258789,18.25,529200
2007-01-26,10.77092456817627,18.299999237060547,18.309999465942383,18.049999237060547,18.270000457763672,510100
2007-01-29,10.812124252319336,18.3700008392334,18.3700008392334,18.040000915527344,18.260000228881836,663100
2007-01-30,10.965156555175781,18.6299991607666,18.6299991607666,18.270000457763672,18.420000076293945,506900
2007-01-31,11.094642639160156,18.850000381469727,19.0,18.549999237060547,18.729999542236328,1747400
2007-02-01,11.11230182647705,18.8799991607666,19.040000915527344,18.670000076293945,18.8700008392334,493700
2007-02-02,11.059325218200684,18.790000915527344,18.8799991607666,18.649999618530273,18.850000381469727,527100
2007-02-05,10.965156555175781,18.6299991607666,18.829999923706055,18.59000015258789,18.799999237060547,508100
2007-02-06,11.094642639160156,18.850000381469727,18.850000381469727,18.559999465942383,18.739999771118164,360200
2007-02-07,11.253557205200195,19.1200008392334,19.1200008392334,18.770000457763672,18.950000762939453,491700
2007-02-08,11.200584411621094,19.030000686645508,19.15999984741211,18.899999618530273,19.010000228881836,693600
2007-02-09,11.088752746582031,18.84000015258789,19.100000381469727,18.200000762939453,19.0,901100
2007-02-12,10.918067932128906,18.549999237060547,18.899999618530273,18.399999618530273,18.899999618530273,447300
2007-02-13,11.088752746582031,18.84000015258789,18.920000076293945,18.520000457763672,18.559999465942383,452300
2007-02-14,11.224129676818848,19.06999969482422,19.209999084472656,18.6299991607666,18.799999237060547,1062600
2007-02-15,11.171156883239746,18.979999542236328,19.170000076293945,18.920000076293945,19.079999923706055,468900
2007-02-16,11.177042961120605,18.989999771118164,19.040000915527344,18.760000228881836,18.989999771118164,331200
2007-02-20,11.271215438842773,19.149999618530273,19.239999771118164,18.889999389648438,18.90999984741211,410000
2007-02-21,11.271215438842773,19.149999618530273,19.190000534057617,18.940000534057617,19.010000228881836,360200
2007-02-22,11.347729682922363,19.280000686645508,19.5,19.0,19.299999237060547,884800
2007-02-23,11.1829252243042,19.0,19.25,18.75,19.0,604900
2007-02-26,11.177042961120605,18.989999771118164,19.18000030517578,18.559999465942383,19.100000381469727,676000
2007-02-27,10.594354629516602,18.0,18.639999389648438,14.760000228881836,18.520000457763672,1200500
2007-02-28,10.64732551574707,18.09000015258789,18.479999542236328,17.549999237060547,17.940000534057617,856700
2007-03-01,10.476638793945312,17.799999237060547,18.15999984741211,17.280000686645508,17.719999313354492,729800
2007-03-02,10.264751434326172,17.440000534057617,17.75,17.43000030517578,17.68000030517578,573100
2007-03-05,9.95280647277832,16.90999984741211,17.25,16.899999618530273,17.010000228881836,1001400
2007-03-06,10.429551124572754,17.719999313354492,17.8700008392334,17.170000076293945,17.170000076293945,663100
2007-03-07,10.370697021484375,17.6200008392334,17.889999389648438,17.440000534057617,17.690000534057617,676500
2007-03-08,10.600237846374512,18.010000228881836,18.420000076293945,17.75,17.75,1000400
2007-03-09,10.823899269104004,18.389999389648438,18.469999313354492,18.139999389648438,18.219999313354492,1085100
2007-03-12,10.782697677612305,18.31999969482422,18.40999984741211,18.110000610351562,18.209999084472656,536100
2007-03-13,10.641434669494629,18.079999923706055,18.280000686645508,17.829999923706055,18.219999313354492,612800
2007-03-14,10.77092456817627,18.299999237060547,18.40999984741211,17.93000030517578,18.049999237060547,912000
2007-03-15,10.882755279541016,18.489999771118164,18.6200008392334,18.280000686645508,18.309999465942383,560400
2007-03-16,10.865096092224121,18.459999084472656,18.540000915527344,18.25,18.5,950700
2007-03-19,10.859210968017578,18.450000762939453,18.850000381469727,18.420000076293945,18.6200008392334,1099800
2007-03-20,10.829782485961914,18.399999618530273,18.459999084472656,18.350000381469727,18.40999984741211,440500
2007-03-21,11.026582717895508,18.489999771118164,18.59000015258789,18.049999237060547,18.079999923706055,1122500
2007-03-22,11.110071182250977,18.6299991607666,18.6299991607666,17.649999618530273,18.399999618530273,472800
2007-03-23,11.193560600280762,18.770000457763672,18.790000915527344,18.40999984741211,18.6299991607666,930900
2007-03-26,11.18163013458252,18.75,18.809999465942383,18.40999984741211,18.799999237060547,1003300
2007-03-27,11.038506507873535,18.510000228881836,18.700000762939453,18.270000457763672,18.639999389648438,949900
2007-03-28,10.960978507995605,18.3799991607666,18.6299991607666,18.079999923706055,18.450000762939453,1625900
2007-03-29,11.050433158874512,18.530000686645508,18.6299991607666,18.260000228881836,18.549999237060547,393400
2007-03-30,11.330717086791992,19.0,19.0,18.459999084472656,18.579999923706055,885700
2007-04-02,11.324755668640137,18.989999771118164,19.049999237060547,18.81999969482422,19.0,631500
2007-04-03,11.593113899230957,19.440000534057617,19.600000381469727,19.040000915527344,19.09000015258789,656300
2007-04-04,11.652751922607422,19.540000915527344,19.549999237060547,19.280000686645508,19.420000076293945,505700
2007-04-05,11.640822410583496,19.520000457763672,19.65999984741211,19.40999984741211,19.540000915527344,356400
2007-04-09,11.455952644348145,19.209999084472656,19.530000686645508,19.1200008392334,19.520000457763672,326000
2007-04-10,11.497697830200195,19.280000686645508,19.34000015258789,19.049999237060547,19.209999084472656,343200
2007-04-11,11.360532760620117,19.049999237060547,19.31999969482422,18.799999237060547,18.799999237060547,597800
2007-04-12,11.259159088134766,18.8799991607666,19.010000228881836,18.56999969482422,18.56999969482422,326300
2007-04-13,11.312828063964844,18.969999313354492,19.0,18.770000457763672,18.989999771118164,920400
2007-04-16,11.569262504577637,19.399999618530273,19.420000076293945,19.020000457763672,19.1299991607666,358800
2007-04-17,11.688531875610352,19.600000381469727,19.709999084472656,19.309999465942383,19.3700008392334,262900
2007-04-18,11.449987411499023,19.200000762939453,19.450000762939453,18.950000762939453,19.450000762939453,819800
2007-04-19,11.28300952911377,18.920000076293945,19.149999618530273,18.790000915527344,19.010000228881836,564900
2007-04-20,11.384389877319336,19.09000015258789,19.170000076293945,18.889999389648438,19.010000228881836,415800
2007-04-23,11.455952644348145,19.209999084472656,19.350000381469727,19.020000457763672,19.030000686645508,358800
2007-04-24,11.497697830200195,19.280000686645508,19.40999984741211,19.020000457763672,19.350000381469727,508800
2007-04-25,11.587149620056152,19.43000030517578,19.520000457763672,19.059999465942383,19.3700008392334,537700
2007-04-26,11.414209365844727,19.139999389648438,19.530000686645508,18.889999389648438,19.3799991607666,411000
2007-04-27,11.300904273986816,18.950000762939453,19.149999618530273,18.6200008392334,19.100000381469727,620300
2007-04-30,10.907307624816895,18.290000915527344,19.049999237060547,18.229999542236328,19.049999237060547,736600
2007-05-01,11.002727508544922,18.450000762939453,18.93000030517578,18.299999237060547,18.93000030517578,491000
2007-05-02,11.175670623779297,18.739999771118164,18.780000686645508,18.219999313354492,18.399999618530273,578300
2007-05-03,11.18163013458252,18.75,18.81999969482422,18.5,18.760000228881836,598600
2007-05-04,11.265121459960938,18.889999389648438,18.940000534057617,18.610000610351562,18.770000457763672,600600
2007-05-07,11.265121459960938,18.889999389648438,19.0,18.780000686645508,18.780000686645508,313600
2007-05-08,11.199522972106934,18.780000686645508,18.860000610351562,18.3799991607666,18.829999923706055,449000
2007-05-09,11.360532760620117,19.049999237060547,19.170000076293945,18.68000030517578,18.690000534057617,663600
2007-05-10,11.050433158874512,18.530000686645508,19.1299991607666,18.520000457763672,18.90999984741211,490600
2007-05-11,11.175670623779297,18.739999771118164,18.920000076293945,18.610000610351562,18.690000534057617,163200
2007-05-14,11.080251693725586,18.579999923706055,18.850000381469727,18.43000030517578,18.75,466100
2007-05-15,11.092179298400879,18.600000381469727,18.959999084472656,18.43000030517578,18.610000610351562,539600
2007-05-16,11.104104995727539,18.6200008392334,18.719999313354492,18.31999969482422,18.690000534057617,469500
2007-05-17,10.817856788635254,18.139999389648438,18.600000381469727,18.110000610351562,18.600000381469727,325900
2007-05-18,10.9132719039917,18.299999237060547,18.579999923706055,18.09000015258789,18.229999542236328,820900
2007-05-21,10.853638648986816,18.200000762939453,18.6299991607666,18.18000030517578,18.34000015258789,581100
2007-05-22,11.330717086791992,19.0,19.0,18.1200008392334,18.200000762939453,817600
2007-05-23,11.330717086791992,19.0,19.389999389648438,18.850000381469727,19.040000915527344,762600
2007-05-24,11.330717086791992,19.0,19.200000762939453,18.770000457763672,19.010000228881836,1241200
2007-05-25,11.354572296142578,19.040000915527344,19.40999984741211,18.989999771118164,19.040000915527344,1275100
2007-05-29,11.634857177734375,19.510000228881836,19.56999969482422,19.18000030517578,19.18000030517578,839600
2007-05-30,12.064231872558594,20.229999542236328,20.239999771118164,19.219999313354492,19.299999237060547,749900
2007-05-31,12.48764705657959,20.940000534057617,21.420000076293945,20.149999618530273,20.219999313354492,3316500
2007-06-01,12.135798454284668,20.350000381469727,21.100000381469727,20.209999084472656,20.700000762939453,1482500
2007-06-04,12.0105619430542,20.139999389648438,20.75,20.040000915527344,20.75,611100
2007-06-05,11.676600456237793,19.579999923706055,20.040000915527344,19.5,20.0,866900
2007-06-06,11.569262504577637,19.399999618530273,19.510000228881836,19.059999465942383,19.510000228881836,688200
2007-06-07,11.217411994934082,18.809999465942383,19.270000457763672,18.700000762939453,19.270000457763672,470100
2007-06-08,11.318792343139648,18.979999542236328,19.100000381469727,18.510000228881836,18.780000686645508,607400
2007-06-11,11.092179298400879,18.600000381469727,18.959999084472656,18.5,18.959999084472656,595100
2007-06-12,10.841706275939941,18.18000030517578,18.549999237060547,18.100000381469727,18.549999237060547,948600
2007-06-13,11.20430850982666,18.540000915527344,18.649999618530273,18.100000381469727,18.260000228881836,917500
2007-06-14,11.089486122131348,18.350000381469727,18.649999618530273,18.309999465942383,18.579999923706055,517100
2007-06-15,11.180135726928711,18.5,18.889999389648438,18.450000762939453,18.809999465942383,1018300
2007-06-18,11.029047966003418,18.25,18.510000228881836,18.149999618530273,18.5,680700
2007-06-19,11.192221641540527,18.520000457763672,18.549999237060547,18.149999618530273,18.209999084472656,551400
2007-06-20,10.962576866149902,18.139999389648438,18.649999618530273,17.969999313354492,18.639999389648438,807900
2007-06-21,11.506474494934082,19.040000915527344,19.329999923706055,18.139999389648438,18.139999389648438,2912900
2007-06-22,11.748208045959473,19.440000534057617,20.350000381469727,19.030000686645508,19.049999237060547,2440200
2007-06-25,11.62734317779541,19.239999771118164,20.0,18.940000534057617,19.43000030517578,1101100
2007-06-26,11.591082572937012,19.18000030517578,19.559999465942383,18.940000534057617,19.43000030517578,930300
2007-06-27,11.645467758178711,19.270000457763672,19.350000381469727,18.969999313354492,18.989999771118164,1078900
2007-06-28,11.651514053344727,19.280000686645508,19.530000686645508,19.06999969482422,19.34000015258789,1700500
2007-06-29,11.530649185180664,19.079999923706055,19.6299991607666,18.989999771118164,19.3799991607666,1604900
2007-07-02,12.038286209106445,19.920000076293945,20.06999969482422,19.110000610351562,19.459999084472656,1179200
2007-07-03,12.249798774719238,20.270000457763672,20.389999389648438,19.75,19.920000076293945,370800
2007-07-05,12.956869125366211,21.440000534057617,22.0,21.149999618530273,21.149999618530273,3186500
2007-07-06,12.799741744995117,21.18000030517578,21.610000610351562,21.139999389648438,21.360000610351562,904900
2007-07-09,12.920611381530762,21.3799991607666,21.700000762939453,21.170000076293945,21.260000228881836,1367900
2007-07-10,12.479449272155762,20.649999618530273,21.260000228881836,20.6299991607666,21.149999618530273,1438300
2007-07-11,12.147066116333008,20.100000381469727,20.670000076293945,19.979999542236328,20.670000076293945,1301300
2007-07-12,12.15311336517334,20.110000610351562,20.389999389648438,19.940000534057617,20.270000457763672,1307900
2007-07-13,12.056414604187012,19.950000762939453,20.149999618530273,19.90999984741211,20.010000228881836,1073700
2007-07-16,12.038286209106445,19.920000076293945,20.299999237060547,19.540000915527344,19.84000015258789,1599300
2007-07-17,11.953678131103516,19.780000686645508,20.15999984741211,19.780000686645508,20.0,620900
2007-07-18,11.742161750793457,19.43000030517578,19.530000686645508,19.149999618530273,19.25,817800
2007-07-19,11.705902099609375,19.3700008392334,19.770000457763672,19.360000610351562,19.6200008392334,530300
2007-07-20,11.349349021911621,18.780000686645508,19.329999923706055,18.649999618530273,19.31999969482422,973500
2007-07-23,11.131787300109863,18.420000076293945,19.100000381469727,18.389999389648438,19.0,739900
2007-07-24,10.793366432189941,17.860000610351562,18.3799991607666,17.760000228881836,18.15999984741211,1085000
2007-07-25,10.696669578552246,17.700000762939453,18.5,17.260000228881836,18.100000381469727,1916400
2007-07-26,10.267594337463379,16.989999771118164,17.829999923706055,16.889999389648438,17.200000762939453,2109000
2007-07-27,9.971475601196289,16.5,16.799999237060547,16.170000076293945,16.510000228881836,2088700
2007-07-30,10.04399585723877,16.6200008392334,17.0,16.280000686645508,16.829999923706055,1091100
2007-07-31,10.176945686340332,16.84000015258789,17.68000030517578,16.739999771118164,16.860000610351562,2005600
2007-08-01,10.182987213134766,16.850000381469727,17.1299991607666,16.200000762939453,16.790000915527344,1096100
2007-08-02,10.267594337463379,16.989999771118164,17.170000076293945,16.850000381469727,16.920000076293945,1743000
2007-08-03,9.826432228088379,16.260000228881836,17.020000457763672,16.15999984741211,16.969999313354492,1044700
2007-08-06,9.983559608459473,16.520000457763672,16.59000015258789,15.609999656677246,16.31999969482422,1322000
2007-08-07,10.013775825500488,16.56999969482422,17.0,16.149999618530273,16.420000076293945,953700
2007-08-08,10.48515510559082,17.350000381469727,17.420000076293945,16.700000762939453,16.790000915527344,1290600
2007-08-09,10.231334686279297,16.93000030517578,17.350000381469727,16.770000457763672,17.200000762939453,1863400
2007-08-10,10.001688003540039,16.549999237060547,17.25,15.979999542236328,16.31999969482422,931200
2007-08-13,10.050034523010254,16.6299991607666,17.200000762939453,16.600000381469727,17.0,982000
2007-08-14,9.663264274597168,15.989999771118164,16.639999389648438,15.949999809265137,16.600000381469727,580300
2007-08-15,9.409444808959961,15.569999694824219,16.610000610351562,15.5,15.930000305175781,608300
2007-08-16,9.723695755004883,16.09000015258789,16.420000076293945,15.300000190734863,15.380000114440918,1446900
2007-08-17,9.941254615783691,16.450000762939453,16.989999771118164,16.0,16.899999618530273,1095700
2007-08-20,9.91103744506836,16.399999618530273,16.90999984741211,16.15999984741211,16.489999771118164,780500
2007-08-21,10.140682220458984,16.780000686645508,16.799999237060547,16.260000228881836,16.34000015258789,975200
2007-08-22,10.61206340789795,17.559999465942383,17.6200008392334,16.93000030517578,16.979999542236328,1234200
2007-08-23,10.267594337463379,16.989999771118164,17.790000915527344,16.889999389648438,17.68000030517578,417700
2007-08-24,10.70875358581543,17.719999313354492,17.850000381469727,17.010000228881836,17.06999969482422,898000
2007-08-27,10.467024803161621,17.31999969482422,18.149999618530273,17.309999465942383,17.700000762939453,795500
2007-08-28,10.170903205871582,16.829999923706055,17.219999313354492,16.770000457763672,17.170000076293945,914900
2007-08-29,10.418676376342773,17.239999771118164,17.34000015258789,16.770000457763672,17.1200008392334,689700
2007-08-30,10.539545059204102,17.440000534057617,17.479999542236328,17.010000228881836,17.100000381469727,818800
2007-08-31,10.847753524780273,17.950000762939453,18.170000076293945,17.649999618530273,17.739999771118164,912200
2007-09-04,10.87796688079834,18.0,18.06999969482422,17.84000015258789,17.93000030517578,629200
2007-09-05,10.626846313476562,17.350000381469727,17.920000076293945,17.15999984741211,17.799999237060547,766800
2007-09-06,10.675848007202148,17.43000030517578,17.450000762939453,17.170000076293945,17.389999389648438,649200
2007-09-07,10.436967849731445,17.040000915527344,17.18000030517578,16.889999389648438,17.06999969482422,688400
2007-09-10,10.234845161437988,16.709999084472656,17.1299991607666,16.6299991607666,17.0,855800
2007-09-11,10.50434684753418,17.149999618530273,17.15999984741211,16.700000762939453,16.809999465942383,632800
2007-09-12,10.479846954345703,17.110000610351562,17.34000015258789,17.020000457763672,17.020000457763672,440800
2007-09-13,10.60846996307373,17.31999969482422,17.5,17.010000228881836,17.1200008392334,336900
2007-09-14,10.577844619750977,17.270000457763672,17.40999984741211,17.0,17.100000381469727,224800
2007-09-17,10.498217582702637,17.139999389648438,17.219999313354492,17.020000457763672,17.149999618530273,870600
2007-09-18,10.93309497833252,17.850000381469727,17.850000381469727,17.059999465942383,17.219999313354492,491200
2007-09-19,11.233216285705566,18.34000015258789,18.81999969482422,18.0,18.0,689500
2007-09-20,10.822845458984375,17.670000076293945,18.360000610351562,17.639999389648438,18.290000915527344,402500
2007-09-21,10.89022159576416,17.780000686645508,17.950000762939453,17.690000534057617,17.84000015258789,734900
2007-09-24,10.957594871520996,17.889999389648438,18.200000762939453,17.610000610351562,17.739999771118164,436600
2007-09-25,10.620719909667969,17.34000015258789,17.809999465942383,17.299999237060547,17.809999465942383,310600
2007-09-26,10.565596580505371,17.25,17.559999465942383,17.09000015258789,17.489999771118164,434700
2007-09-27,10.730971336364746,17.520000457763672,17.540000915527344,17.18000030517578,17.350000381469727,751600
2007-09-28,10.663593292236328,17.40999984741211,17.549999237060547,17.079999923706055,17.5,731700
2007-10-01,11.104591369628906,18.1299991607666,18.200000762939453,17.329999923706055,17.440000534057617,546900
2007-10-02,11.398592948913574,18.610000610351562,18.610000610351562,17.940000534057617,18.190000534057617,329600
2007-10-03,11.35571575164795,18.540000915527344,18.959999084472656,18.299999237060547,18.469999313354492,771500
2007-10-04,11.11072063446045,18.139999389648438,18.649999618530273,18.1200008392334,18.649999618530273,469300
2007-10-05,11.171969413757324,18.239999771118164,18.440000534057617,18.020000457763672,18.360000610351562,863500
2007-10-08,11.012715339660645,17.979999542236328,18.190000534057617,17.770000457763672,18.149999618530273,566200
2007-10-09,11.049469947814941,18.040000915527344,18.100000381469727,17.700000762939453,18.0,699400
2007-10-10,11.15971851348877,18.219999313354492,18.25,17.950000762939453,18.100000381469727,2296600
2007-10-11,10.945345878601074,17.8700008392334,18.350000381469727,17.81999969482422,18.25,631800
2007-10-12,11.086222648620605,18.100000381469727,18.149999618530273,17.829999923706055,17.959999084472656,499500
2007-10-15,10.804471015930176,17.639999389648438,18.1299991607666,17.639999389648438,18.100000381469727,636700
2007-10-16,10.93309497833252,17.850000381469727,18.420000076293945,17.450000762939453,17.93000030517578,581600
2007-10-17,11.05559253692627,18.049999237060547,18.100000381469727,17.450000762939453,17.899999618530273,686400
2007-10-18,11.282217979431152,18.420000076293945,18.479999542236328,17.8799991607666,17.979999542236328,1098600
2007-10-19,10.87796688079834,17.760000228881836,18.56999969482422,17.760000228881836,18.399999618530273,1608200
2007-10-22,11.067841529846191,18.06999969482422,18.139999389648438,17.40999984741211,17.5,450800
2007-10-23,11.178092956542969,18.25,18.420000076293945,17.81999969482422,18.280000686645508,387100
2007-10-24,11.098465919494629,18.1200008392334,18.200000762939453,17.729999542236328,18.149999618530273,587600
2007-10-25,11.104591369628906,18.1299991607666,18.5,17.969999313354492,18.239999771118164,773900
2007-10-26,11.386343002319336,18.59000015258789,18.739999771118164,18.200000762939453,18.3700008392334,536200
2007-10-29,11.269966125488281,18.399999618530273,18.729999542236328,18.309999465942383,18.729999542236328,295400
2007-10-30,11.392471313476562,18.600000381469727,18.709999084472656,18.360000610351562,18.360000610351562,643600
2007-10-31,11.735465049743652,19.15999984741211,19.18000030517578,18.559999465942383,18.700000762939453,820000
2007-11-01,11.073967933654785,18.079999923706055,18.850000381469727,17.940000534057617,18.850000381469727,1418700
2007-11-02,11.269966125488281,18.399999618530273,18.780000686645508,18.059999465942383,18.520000457763672,2042100
2007-11-05,11.196467399597168,18.280000686645508,18.549999237060547,17.899999618530273,18.030000686645508,1194400
2007-11-06,11.50271987915039,18.780000686645508,18.780000686645508,18.059999465942383,18.329999923706055,664400
2007-11-07,11.11684513092041,18.149999618530273,18.920000076293945,18.0,18.690000534057617,2396400
2007-11-08,11.037217140197754,18.020000457763672,18.299999237060547,17.3700008392334,18.299999237060547,6727800
2007-11-09,10.822845458984375,17.670000076293945,17.899999618530273,17.440000534057617,17.75,1339000
2007-11-12,10.828969955444336,17.68000030517578,17.850000381469727,17.549999237060547,17.6299991607666,1058800
2007-11-13,11.086222648620605,18.100000381469727,18.1200008392334,17.75,17.790000915527344,750000
2007-11-14,10.7799711227417,17.600000381469727,18.239999771118164,17.469999313354492,18.190000534057617,468800
2007-11-15,11.05559253692627,18.049999237060547,18.049999237060547,17.34000015258789,17.600000381469727,1038200
2007-11-16,10.847344398498535,17.709999084472656,18.239999771118164,17.350000381469727,18.239999771118164,840800
2007-11-19,10.473721504211426,17.100000381469727,17.6200008392334,17.100000381469727,17.450000762939453,751100
2007-11-20,10.35122013092041,16.899999618530273,17.610000610351562,16.56999969482422,17.149999618530273,957400
2007-11-21,10.418595314025879,17.010000228881836,17.1299991607666,16.450000762939453,16.700000762939453,858400
2007-11-23,10.620719909667969,17.34000015258789,17.450000762939453,17.06999969482422,17.200000762939453,275300
2007-11-26,9.977596282958984,16.290000915527344,17.350000381469727,16.290000915527344,17.350000381469727,870500
2007-11-27,10.210349082946777,16.670000076293945,16.75,16.239999771118164,16.239999771118164,858800
2007-11-28,10.645217895507812,17.3799991607666,17.440000534057617,16.850000381469727,16.950000762939453,1260000
2007-11-29,10.688094139099121,17.450000762939453,17.520000457763672,16.989999771118164,17.350000381469727,575600
2007-11-30,10.60846996307373,17.31999969482422,18.0,17.170000076293945,17.8799991607666,824500
2007-12-03,10.510472297668457,17.15999984741211,17.40999984741211,16.889999389648438,17.40999984741211,361800
2007-12-04,9.928595542907715,16.209999084472656,17.010000228881836,16.209999084472656,17.010000228881836,716000
2007-12-05,10.443094253540039,17.049999237060547,17.049999237060547,16.489999771118164,16.489999771118164,881900
2007-12-06,10.724843978881836,17.510000228881836,17.549999237060547,16.940000534057617,17.0,1008900
2007-12-07,10.541093826293945,17.209999084472656,17.540000915527344,17.149999618530273,17.5,902600
2007-12-10,10.7799711227417,17.600000381469727,17.690000534057617,17.040000915527344,17.149999618530273,1340800
2007-12-11,10.167471885681152,16.600000381469727,17.969999313354492,16.559999465942383,17.6299991607666,1377000
2007-12-12,10.185842514038086,16.6299991607666,17.540000915527344,16.360000610351562,17.030000686645508,901200
2007-12-13,10.136846542358398,16.549999237060547,16.6200008392334,16.270000457763672,16.530000686645508,1244400
2007-12-14,9.61622142791748,15.699999809265137,16.700000762939453,15.699999809265137,16.299999237060547,1049400
2007-12-17,9.181349754333496,14.989999771118164,15.630000114440918,14.989999771118164,15.630000114440918,1152900
2007-12-18,9.414095878601074,15.369999885559082,15.489999771118164,14.84000015258789,15.199999809265137,1249300
2007-12-19,9.652972221374512,15.760000228881836,15.789999961853027,15.34000015258789,15.399999618530273,866600
2007-12-20,9.579471588134766,15.640000343322754,16.0,15.479999542236328,15.930000305175781,1085800
2007-12-21,9.928595542907715,16.209999084472656,16.299999237060547,15.6899995803833,15.760000228881836,1405100
2007-12-24,10.436967849731445,17.040000915527344,17.040000915527344,16.149999618530273,16.329999923706055,336700
2007-12-26,10.149097442626953,16.56999969482422,16.969999313354492,16.399999618530273,16.75,686500
2007-12-27,9.608389854431152,15.460000038146973,16.489999771118164,15.430000305175781,16.25,695900
2007-12-28,9.372221946716309,15.079999923706055,15.819999694824219,15.0600004196167,15.699999809265137,718600
2007-12-31,9.31007194519043,14.979999542236328,15.079999923706055,14.5,15.039999961853027,1172400
2008-01-02,9.328716278076172,15.010000228881836,15.329999923706055,14.6899995803833,15.010000228881836,622500
2008-01-03,8.962030410766602,14.420000076293945,15.229999542236328,14.380000114440918,15.0,865900
2008-01-04,8.949602127075195,14.399999618530273,14.699999809265137,13.850000381469727,14.260000228881836,1294700
2008-01-07,8.819084167480469,14.1899995803833,14.640000343322754,13.9399995803833,14.5,944300
2008-01-08,8.427542686462402,13.5600004196167,14.710000038146973,13.479999542236328,14.260000228881836,1019900
2008-01-09,8.439972877502441,13.579999923706055,13.680000305175781,13.0,13.430000305175781,1125700
2008-01-10,8.732076644897461,14.050000190734863,14.4399995803833,13.369999885559082,13.369999885559082,1112500
2008-01-11,8.582913398742676,13.8100004196167,14.239999771118164,13.569999694824219,13.90999984741211,693700
2008-01-14,8.65128231048584,13.920000076293945,14.170000076293945,13.520000457763672,13.979999542236328,526800
2008-01-15,8.452402114868164,13.600000381469727,13.760000228881836,13.289999961853027,13.75,741100
2008-01-16,8.775581359863281,14.119999885559082,14.479999542236328,13.420000076293945,13.539999961853027,986900
2008-01-17,8.545624732971191,13.75,14.329999923706055,13.6899995803833,14.149999618530273,653700
2008-01-18,8.265948295593262,13.300000190734863,14.039999961853027,12.90999984741211,13.829999923706055,1216000
2008-01-22,8.50833511352539,13.6899995803833,13.930000305175781,12.770000457763672,12.770000457763672,1016300
2008-01-23,9.409513473510742,15.140000343322754,15.180000305175781,13.350000381469727,13.350000381469727,1358100
2008-01-24,9.0303955078125,14.529999732971191,15.279999732971191,14.229999542236328,15.220000267028809,738900
2008-01-25,8.489693641662598,13.65999984741211,14.220000267028809,13.380000114440918,13.670000076293945,960600
2008-01-28,8.924739837646484,14.359999656677246,14.359999656677246,13.130000114440918,13.670000076293945,1410200
2008-01-29,8.707218170166016,14.010000228881836,14.5,13.9399995803833,14.430000305175781,803100
2008-01-30,8.390249252319336,13.5,14.149999618530273,13.430000305175781,13.890000343322754,1161400
2008-01-31,8.172722816467285,13.149999618530273,13.579999923706055,12.960000038146973,13.239999771118164,1893100
2008-02-01,8.309456825256348,13.369999885559082,13.600000381469727,12.770000457763672,13.180000305175781,3520900
2008-02-04,8.396464347839355,13.510000228881836,13.6899995803833,13.170000076293945,13.359999656677246,2140900
2008-02-05,8.247305870056152,13.270000457763672,13.729999542236328,13.199999809265137,13.300000190734863,1258700
2008-02-06,8.23487663269043,13.25,13.829999923706055,13.079999923706055,13.40999984741211,715200
2008-02-07,8.502119064331055,13.680000305175781,13.739999771118164,13.050000190734863,13.229999542236328,723300
2008-02-08,8.09814453125,13.029999732971191,13.75,12.90999984741211,13.619999885559082,682000
2008-02-11,7.9241251945495605,12.75,13.010000228881836,12.640000343322754,13.010000228881836,459200
2008-02-12,8.154080390930176,13.119999885559082,13.229999542236328,12.699999809265137,12.789999961853027,747500
2008-02-13,8.402680397033691,13.520000457763672,13.609999656677246,12.960000038146973,13.369999885559082,712200
2008-02-14,8.11679458618164,13.0600004196167,13.569999694824219,13.0600004196167,13.569999694824219,699300
2008-02-15,8.284594535827637,13.329999923706055,13.329999923706055,12.8100004196167,12.949999809265137,625300
2008-02-19,8.23487663269043,13.25,13.640000343322754,13.100000381469727,13.550000190734863,517200
2008-02-20,8.31567096710205,13.380000114440918,13.380000114440918,12.920000076293945,13.079999923706055,415900
2008-02-21,7.955202102661133,12.800000190734863,13.670000076293945,12.770000457763672,13.5,711600
2008-02-22,8.04842758178711,12.949999809265137,12.949999809265137,12.569999694824219,12.850000381469727,619400
2008-02-25,8.390249252319336,13.5,13.5,12.720000267028809,12.949999809265137,706500
2008-02-26,8.278377532958984,13.319999694824219,13.640000343322754,13.119999885559082,13.380000114440918,782600
2008-02-27,8.228660583496094,13.239999771118164,13.390000343322754,13.0,13.170000076293945,981400
2008-02-28,8.11057186126709,13.050000190734863,13.260000228881836,12.890000343322754,13.1899995803833,879500
2008-02-29,7.762538433074951,12.489999771118164,12.90999984741211,12.470000267028809,12.84000015258789,1102100
2008-03-03,7.78739595413208,12.529999732971191,12.579999923706055,12.25,12.449999809265137,898800
2008-03-04,7.8246870040893555,12.59000015258789,12.630000114440918,12.300000190734863,12.449999809265137,1347600
2008-03-05,7.7128167152404785,12.40999984741211,12.630000114440918,12.100000381469727,12.289999961853027,1370300
2008-03-06,7.383419513702393,11.880000114440918,12.390000343322754,11.800000190734863,12.390000343322754,1211200
2008-03-07,7.321269989013672,11.779999732971191,12.050000190734863,11.569999694824219,11.6899995803833,1054000
2008-03-10,7.147250175476074,11.5,11.890000343322754,11.5,11.800000190734863,686000
2008-03-11,7.806041717529297,12.5600004196167,12.6899995803833,11.899999618530273,11.899999618530273,2585400
2008-03-12,7.8309006690979,12.600000381469727,13.050000190734863,12.380000114440918,12.579999923706055,1451300
2008-03-13,8.197582244873047,13.1899995803833,13.319999694824219,12.260000228881836,12.380000114440918,1027300
2008-03-14,8.01113510131836,12.890000343322754,13.390000343322754,12.680000305175781,13.25,1332100
2008-03-17,7.8309006690979,12.600000381469727,12.979999542236328,12.510000228881836,12.539999961853027,1280900
2008-03-18,8.211350440979004,12.949999809265137,13.0,12.420000076293945,12.880000114440918,1608800
2008-03-19,7.906990051269531,12.470000267028809,13.100000381469727,12.470000267028809,13.100000381469727,1132500
2008-03-20,8.11623764038086,12.800000190734863,12.859999656677246,12.529999732971191,12.670000076293945,1916100
2008-03-24,8.464982032775879,13.350000381469727,13.489999771118164,12.8100004196167,12.84000015258789,750000
2008-03-25,8.331826210021973,13.140000343322754,13.369999885559082,13.020000457763672,13.289999961853027,751500
2008-03-26,8.185986518859863,12.90999984741211,13.0600004196167,12.630000114440918,13.029999732971191,1010700
2008-03-27,8.185986518859863,12.90999984741211,13.420000076293945,12.84000015258789,12.949999809265137,873300
2008-03-28,8.046486854553223,12.6899995803833,13.0600004196167,12.600000381469727,12.930000305175781,924300
2008-03-31,8.033808708190918,12.670000076293945,13.020000457763672,12.569999694824219,12.770000457763672,1122100
2008-04-01,8.452300071716309,13.329999923706055,13.40999984741211,12.789999961853027,12.859999656677246,1088500
2008-04-02,8.636181831359863,13.619999885559082,13.680000305175781,13.119999885559082,13.350000381469727,652600
2008-04-03,8.731297492980957,13.770000457763672,13.90999984741211,13.319999694824219,13.520000457763672,893800
2008-04-04,8.50302791595459,13.40999984741211,13.800000190734863,13.300000190734863,13.75,856700
2008-04-07,8.560091972351074,13.5,13.6899995803833,13.359999656677246,13.489999771118164,480600
2008-04-08,8.509369850158691,13.420000076293945,13.640000343322754,13.289999961853027,13.5,483200
2008-04-09,8.211350440979004,12.949999809265137,13.5,12.920000076293945,13.40999984741211,740100
2008-04-10,8.306461334228516,13.100000381469727,13.430000305175781,12.850000381469727,12.949999809265137,1006100
2008-04-11,8.097216606140137,12.770000457763672,12.989999771118164,12.739999771118164,12.960000038146973,651900
2008-04-14,8.059170722961426,12.710000038146973,13.039999961853027,12.600000381469727,12.75,445800
2008-04-15,8.224031448364258,12.970000267028809,12.970000267028809,12.619999885559082,12.819999694824219,1320000
2008-04-16,8.667885780334473,13.670000076293945,13.680000305175781,13.109999656677246,13.109999656677246,1238400
2008-04-17,8.661547660827637,13.65999984741211,13.739999771118164,13.369999885559082,13.59000015258789,743500
2008-04-18,8.598139762878418,13.5600004196167,14.0,13.460000038146973,13.75,765700
2008-04-21,8.572773933410645,13.520000457763672,13.59000015258789,13.390000343322754,13.420000076293945,1095000
2008-04-22,8.135260581970215,12.829999923706055,13.130000114440918,12.760000228881836,12.949999809265137,1418000
2008-04-23,8.014784812927246,12.640000343322754,12.920000076293945,12.550000190734863,12.90999984741211,1113300
2008-04-24,8.211350440979004,12.949999809265137,12.989999771118164,12.449999809265137,12.630000114440918,1277500
2008-04-25,8.236710548400879,12.989999771118164,13.140000343322754,12.729999542236328,12.989999771118164,627400
2008-04-28,8.357187271118164,13.180000305175781,13.220000267028809,12.960000038146973,13.079999923706055,461300
2008-04-29,8.357187271118164,13.180000305175781,13.25,12.90999984741211,13.180000305175781,646200
2008-04-30,8.084531784057617,12.75,12.970000267028809,12.350000381469727,12.600000381469727,2217700
2008-05-01,8.350848197937012,13.170000076293945,13.199999809265137,12.609999656677246,12.8100004196167,948100
2008-05-02,8.439620018005371,13.3100004196167,13.399999618530273,13.09000015258789,13.239999771118164,1894800
2008-05-05,8.712273597717285,13.739999771118164,13.760000228881836,13.140000343322754,13.210000038146973,1810300
2008-05-06,8.73763370513916,13.779999732971191,13.850000381469727,13.319999694824219,13.729999542236328,1524500
2008-05-07,8.718612670898438,13.75,14.010000228881836,13.5,13.75,1549400
2008-05-08,8.693248748779297,13.710000038146973,13.920000076293945,13.550000190734863,13.819999694824219,1084300
2008-05-09,8.560091972351074,13.5,13.930000305175781,13.40999984741211,13.5,832900
2008-05-12,8.864450454711914,13.979999542236328,14.0,13.5,13.5,732200
2008-05-13,9.003950119018555,14.199999809265137,14.229999542236328,13.789999961853027,13.920000076293945,908300
2008-05-14,9.137105941772461,14.40999984741211,14.649999618530273,14.180000305175781,14.180000305175781,816200
2008-05-15,9.054677963256836,14.279999732971191,14.460000038146973,14.050000190734863,14.34000015258789,483600
2008-05-16,8.7059326171875,13.729999542236328,14.449999809265137,13.6899995803833,14.449999809265137,1049500
2008-05-19,8.743976593017578,13.789999961853027,13.970000267028809,13.529999732971191,13.75,649000
2008-05-20,8.826410293579102,13.920000076293945,13.960000038146973,13.539999961853027,13.779999732971191,1190400
2008-05-21,8.712273597717285,13.739999771118164,14.119999885559082,13.720000267028809,13.989999771118164,880700
2008-05-22,8.788363456726074,13.859999656677246,13.9399995803833,13.640000343322754,13.720000267028809,1217300
2008-05-23,8.718612670898438,13.75,13.890000343322754,13.479999542236328,13.739999771118164,869800
2008-05-27,8.826410293579102,13.920000076293945,14.020000457763672,13.6899995803833,13.75,583000
2008-05-28,8.788363456726074,13.859999656677246,14.050000190734863,13.75,13.960000038146973,480400
2008-05-29,8.870794296264648,13.989999771118164,14.170000076293945,13.84000015258789,13.859999656677246,702100
2008-05-30,8.693248748779297,13.710000038146973,13.930000305175781,13.579999923706055,13.930000305175781,1166000
2008-06-02,8.185986518859863,12.90999984741211,13.75,12.890000343322754,13.720000267028809,1452700
2008-06-03,8.084531784057617,12.75,13.119999885559082,12.609999656677246,13.029999732971191,999300
2008-06-04,7.919674396514893,12.489999771118164,12.819999694824219,12.420000076293945,12.670000076293945,862600
2008-06-05,8.084531784057617,12.75,12.930000305175781,12.449999809265137,12.449999809265137,714100
2008-06-06,7.615311622619629,12.010000228881836,12.699999809265137,12.0,12.630000114440918,678900
2008-06-09,7.545562744140625,11.899999618530273,12.1899995803833,11.880000114440918,12.140000343322754,840900
2008-06-10,7.634335041046143,12.039999961853027,12.140000343322754,11.680000305175781,11.789999961853027,828800
2008-06-11,7.58900785446167,11.720000267028809,12.119999885559082,11.699999809265137,11.859999656677246,1226900
2008-06-12,7.692611217498779,11.880000114440918,12.050000190734863,11.720000267028809,11.850000381469727,899300
2008-06-13,7.7444167137146,11.960000038146973,12.079999923706055,11.600000381469727,12.020000457763672,432600
2008-06-16,7.757363319396973,11.979999542236328,11.979999542236328,11.630000114440918,11.859999656677246,2027100
2008-06-17,7.673187255859375,11.850000381469727,12.199999809265137,11.850000381469727,12.0,1378700
2008-06-18,7.563107013702393,11.680000305175781,11.970000267028809,11.59000015258789,11.760000228881836,1440300
2008-06-19,7.815640926361084,12.069999694824219,12.079999923706055,11.65999984741211,11.6899995803833,1080800
2008-06-20,7.6861371994018555,11.869999885559082,12.09000015258789,11.699999809265137,12.020000457763672,1217700
2008-06-23,7.485401630401611,11.5600004196167,12.100000381469727,11.529999732971191,11.9399995803833,630900
2008-06-24,7.524257659912109,11.619999885559082,11.770000457763672,11.399999618530273,11.470000267028809,615600
2008-06-25,7.6278605461120605,11.779999732971191,11.90999984741211,11.550000190734863,11.600000381469727,1019600
2008-06-26,7.31704568862915,11.300000190734863,11.739999771118164,11.279999732971191,11.619999885559082,569500
2008-06-27,7.083938121795654,10.9399995803833,11.380000114440918,10.850000381469727,11.329999923706055,1158500
2008-06-30,7.0515642166137695,10.890000343322754,11.140000343322754,10.729999542236328,10.899999618530273,713800
2008-07-01,7.083938121795654,10.9399995803833,11.010000228881836,10.40999984741211,10.789999961853027,935100
2008-07-02,6.786076068878174,10.479999542236328,10.949999809265137,10.460000038146973,10.899999618530273,1289200
2008-07-03,6.7213215827941895,10.380000114440918,10.59000015258789,10.34000015258789,10.510000228881836,449100
2008-07-07,6.468786716461182,9.989999771118164,10.510000228881836,9.770000457763672,10.479999542236328,1117600
2008-07-08,6.928531646728516,10.699999809265137,11.029999732971191,9.4399995803833,9.920000076293945,1928300
2008-07-09,6.170925617218018,9.529999732971191,10.720000267028809,9.479999542236328,10.710000038146973,1432800
2008-07-10,6.125597953796387,9.460000038146973,9.729999542236328,9.15999984741211,9.5,1838600
2008-07-11,6.021993160247803,9.300000190734863,9.520000457763672,9.050000190734863,9.279999732971191,1600200
2008-07-14,5.633479118347168,8.699999809265137,9.539999961853027,8.6899995803833,9.40999984741211,1157200
2008-07-15,5.601102352142334,8.649999618530273,9.09000015258789,8.399999618530273,8.550000190734863,1425300
2008-07-16,6.067322254180908,9.369999885559082,9.369999885559082,8.4399995803833,8.699999809265137,2142600
2008-07-17,6.099697589874268,9.420000076293945,9.4399995803833,8.59000015258789,9.079999923706055,2044700
2008-07-18,5.983144283294678,9.239999771118164,9.430000305175781,9.149999618530273,9.430000305175781,1472900
2008-07-21,6.0802717208862305,9.390000343322754,9.479999542236328,9.140000343322754,9.199999809265137,1756800
2008-07-22,6.274528980255127,9.6899995803833,9.770000457763672,9.210000038146973,9.319999694824219,1652500
2008-07-23,6.164450645446777,9.520000457763672,9.84000015258789,9.220000267028809,9.329999923706055,3580700
2008-07-24,5.724133491516113,8.84000015258789,9.609999656677246,8.75,9.609999656677246,1659200
2008-07-25,5.892491817474365,9.100000381469727,9.359999656677246,8.859999656677246,8.970000267028809,1919700
2008-07-28,5.691755771636963,8.789999961853027,9.300000190734863,8.710000038146973,9.039999961853027,980900
2008-07-29,6.164450645446777,9.520000457763672,9.550000190734863,8.880000114440918,8.899999618530273,1508100
2008-07-30,6.060845851898193,9.359999656677246,9.6899995803833,9.020000457763672,9.550000190734863,1295200
2008-07-31,5.97019100189209,9.220000267028809,9.390000343322754,9.010000228881836,9.229999542236328,1017600
2008-08-01,5.957242488861084,9.199999809265137,9.34000015258789,9.0,9.300000190734863,942000
2008-08-04,5.814785480499268,8.979999542236328,9.180000305175781,8.960000038146973,9.180000305175781,706700
2008-08-05,6.151500225067139,9.5,9.569999694824219,9.079999923706055,9.130000114440918,1014600
2008-08-06,6.0414204597473145,9.329999923706055,9.5,9.170000076293945,9.399999618530273,953500
2008-08-07,5.918390274047852,9.140000343322754,9.529999732971191,9.0600004196167,9.149999618530273,963500
2008-08-08,6.332807540893555,9.779999732971191,9.869999885559082,9.140000343322754,9.170000076293945,1150500
2008-08-11,6.481738090515137,10.010000228881836,10.1899995803833,9.649999618530273,9.760000228881836,1352600
2008-08-12,6.209776878356934,9.59000015258789,9.960000038146973,9.510000228881836,9.90999984741211,1340000
2008-08-13,6.125597953796387,9.460000038146973,9.680000305175781,9.300000190734863,9.59000015258789,890500
2008-08-14,6.2227277755737305,9.609999656677246,9.720000267028809,9.390000343322754,9.390000343322754,924900
2008-08-15,6.183876037597656,9.550000190734863,9.880000114440918,9.470000267028809,9.819999694824219,1123300
2008-08-18,6.047896385192871,9.34000015258789,9.640000343322754,9.270000457763672,9.59000015258789,843900
2008-08-19,5.821263313293457,8.989999771118164,9.380000114440918,8.920000076293945,9.34000015258789,1026900
2008-08-20,5.808311462402344,8.970000267028809,9.1899995803833,8.880000114440918,9.010000228881836,1092500
2008-08-21,5.762984275817871,8.899999618530273,9.010000228881836,8.729999542236328,8.989999771118164,1469200
2008-08-22,5.866588592529297,9.0600004196167,9.239999771118164,8.8100004196167,9.079999923706055,1254600
2008-08-25,5.808311462402344,8.970000267028809,9.029999732971191,8.800000190734863,8.949999809265137,1470400
2008-08-26,5.8730645179748535,9.069999694824219,9.100000381469727,8.890000343322754,8.970000267028809,1462800
2008-08-27,5.847161293029785,9.029999732971191,9.180000305175781,8.880000114440918,9.029999732971191,1471600
2008-08-28,6.009044170379639,9.279999732971191,9.3100004196167,8.989999771118164,9.050000190734863,2204300
2008-08-29,5.963718414306641,9.210000038146973,9.34000015258789,9.119999885559082,9.220000267028809,1724400
2008-09-02,6.086749076843262,9.399999618530273,9.569999694824219,9.239999771118164,9.449999809265137,1353600
2008-09-03,6.3727898597717285,9.579999923706055,9.59000015258789,9.130000114440918,9.279999732971191,1744200
2008-09-04,6.1532697677612305,9.25,9.5600004196167,9.1899995803833,9.529999732971191,1411400
2008-09-05,6.233096122741699,9.369999885559082,9.399999618530273,9.020000457763672,9.149999618530273,906600
2008-09-08,6.60561990737915,9.930000305175781,10.039999961853027,9.479999542236328,9.600000381469727,1825100
2008-09-09,6.31292200088501,9.489999771118164,10.210000038146973,9.40999984741211,9.789999961853027,2020600
2008-09-10,6.3727898597717285,9.579999923706055,9.770000457763672,9.329999923706055,9.710000038146973,1035000
2008-09-11,6.432663917541504,9.670000076293945,9.680000305175781,9.25,9.329999923706055,867200
2008-09-12,6.43931245803833,9.680000305175781,9.710000038146973,9.329999923706055,9.449999809265137,826700
2008-09-15,5.940400123596191,8.930000305175781,9.489999771118164,8.819999694824219,9.350000381469727,1643900
2008-09-16,6.273009777069092,9.430000305175781,9.479999542236328,8.770000457763672,8.789999961853027,2017800
2008-09-17,6.013573169708252,9.039999961853027,9.289999961853027,8.680000305175781,9.239999771118164,2102800
2008-09-18,6.452617168426514,9.699999809265137,10.010000228881836,8.369999885559082,9.25,3219400
2008-09-19,6.519140720367432,9.800000190734863,10.6899995803833,9.130000114440918,10.6899995803833,2804700
2008-09-22,5.807355880737305,8.729999542236328,9.699999809265137,8.710000038146973,9.6899995803833,1438900
2008-09-23,5.960355758666992,8.960000038146973,9.119999885559082,8.779999732971191,8.920000076293945,1550900
2008-09-24,5.7541375160217285,8.649999618530273,8.829999923706055,8.229999542236328,8.630000114440918,1638700
2008-09-25,5.860572338104248,8.8100004196167,8.84000015258789,8.5,8.819999694824219,1261400
2008-09-26,6.073442459106445,9.130000114440918,9.149999618530273,8.5,8.510000228881836,1151100
2008-09-29,5.727529525756836,8.609999656677246,8.989999771118164,8.15999984741211,8.8100004196167,1956400
2008-09-30,6.053488731384277,9.100000381469727,9.319999694824219,8.4399995803833,8.960000038146973,1995700
2008-10-01,6.0202250480651855,9.050000190734863,9.149999618530273,8.789999961853027,8.960000038146973,947100
2008-10-02,5.321746826171875,8.0,8.989999771118164,7.940000057220459,8.989999771118164,1568500
2008-10-03,5.022399425506592,7.550000190734863,8.1899995803833,7.119999885559082,8.149999618530273,1613500
2008-10-06,4.590006351470947,6.900000095367432,7.260000228881836,6.510000228881836,7.179999828338623,2161800
2008-10-07,4.190877437591553,6.300000190734863,7.139999866485596,6.190000057220459,6.920000076293945,1805800
2008-10-08,3.492396116256714,5.25,6.380000114440918,4.46999979019165,6.03000020980835,3774700
2008-10-09,2.6542203426361084,3.990000009536743,5.53000020980835,3.990000009536743,5.309999942779541,3121400
2008-10-10,3.1930484771728516,4.800000190734863,4.900000095367432,3.5,3.8399999141693115,5232300
2008-10-13,3.2329611778259277,4.860000133514404,5.239999771118164,4.25,5.239999771118164,2526100
2008-10-14,3.006786584854126,4.519999980926514,5.199999809265137,3.930000066757202,5.199999809265137,2896200
2008-10-15,2.6608734130859375,4.0,5.010000228881836,3.5999999046325684,5.010000228881836,2197300
2008-10-16,2.6409170627593994,3.9700000286102295,4.210000038146973,3.690000057220459,4.019999980926514,4031300
2008-10-17,2.8537871837615967,4.289999961853027,4.309999942779541,3.75,3.869999885559082,2091400
2008-10-20,2.840481996536255,4.269999980926514,4.440000057220459,4.119999885559082,4.440000057220459,973600
2008-10-21,2.7806124687194824,4.179999828338623,4.409999847412109,4.150000095367432,4.190000057220459,1364900
2008-10-22,2.7074389457702637,4.070000171661377,4.25,3.930000066757202,4.050000190734863,2447900
2008-10-23,2.6342649459838867,3.9600000381469727,4.21999979019165,3.819999933242798,4.119999885559082,4188600
2008-10-24,2.507873058319092,3.7699999809265137,4.0,3.549999952316284,3.619999885559082,2512800
2008-10-27,2.3282642364501953,3.5,3.930000066757202,3.4100000858306885,3.75,2410600
2008-10-28,2.66752552986145,4.010000228881836,4.050000190734863,3.369999885559082,3.6500000953674316,2899900
2008-10-29,2.773961067199707,4.170000076293945,4.539999961853027,3.880000114440918,3.9000000953674316,2678600
2008-10-30,3.013439178466797,4.53000020980835,4.579999923706055,4.239999771118164,4.320000171661377,1948500
2008-10-31,3.4458296298980713,5.179999828338623,5.190000057220459,4.329999923706055,4.489999771118164,2263000
2008-11-03,3.1664392948150635,4.760000228881836,5.239999771118164,4.690000057220459,5.150000095367432,1366200
2008-11-04,3.7385268211364746,5.619999885559082,5.679999828338623,4.889999866485596,4.900000095367432,2128800
2008-11-05,3.219656229019165,4.840000152587891,5.519999980926514,4.820000171661377,5.510000228881836,2738900
2008-11-06,2.8271782398223877,4.25,4.789999961853027,4.230000019073486,4.78000020980835,1424700
2008-11-07,3.0267443656921387,4.550000190734863,4.659999847412109,4.170000076293945,4.25,1341400
2008-11-10,2.8271782398223877,4.25,4.840000152587891,4.239999771118164,4.650000095367432,1263000
2008-11-11,2.813873052597046,4.230000019073486,4.46999979019165,4.0,4.190000057220459,1143300
2008-11-12,2.501220703125,3.759999990463257,4.25,3.759999990463257,4.21999979019165,1545300
2008-11-13,2.840481996536255,4.269999980926514,4.389999866485596,3.5399999618530273,3.819999933242798,3608200
2008-11-14,2.3681774139404297,3.559999942779541,4.190000057220459,3.5399999618530273,4.050000190734863,2119500
2008-11-17,2.122046947479248,3.190000057220459,3.609999895095825,3.190000057220459,3.5399999618530273,1251300
2008-11-18,2.2151763439178467,3.3299999237060547,3.3499999046325684,2.9200000762939453,3.2200000286102295,2251200
2008-11-19,1.9490892887115479,2.930000066757202,3.259999990463257,2.869999885559082,3.140000104904175,4251900
2008-11-20,1.7495242357254028,2.630000114440918,3.0899999141693115,2.559999942779541,2.990000009536743,3880900
2008-11-21,1.8559597730636597,2.7899999618530273,3.1600000858306885,2.299999952316284,2.7799999713897705,3320200
2008-11-24,2.1686108112335205,3.259999990463257,3.680000066757202,2.700000047683716,2.930000066757202,4093300
2008-11-25,2.0821335315704346,3.130000114440918,3.319999933242798,2.7899999618530273,3.299999952316284,2357700
2008-11-26,2.3748292922973633,3.569999933242798,3.5899999141693115,2.930000066757202,2.950000047683716,1708100
2008-11-28,2.47461199760437,3.7200000286102295,3.7899999618530273,3.5,3.509999990463257,995000
2008-12-01,1.9956554174423218,3.0,3.930000066757202,3.0,3.569999933242798,4874900
2008-12-02,2.408090353012085,3.619999885559082,3.619999885559082,2.8499999046325684,3.049999952316284,4216500
2008-12-03,2.6143083572387695,3.930000066757202,3.930000066757202,3.259999990463257,3.4100000858306885,2683800
2008-12-04,2.7340471744537354,4.110000133514404,4.769999980926514,3.740000009536743,3.8399999141693115,3299600
2008-12-05,3.1730918884277344,4.769999980926514,4.789999961853027,3.8499999046325684,4.039999961853027,2903700
2008-12-08,4.2973103523254395,6.460000038146973,6.789999961853027,4.989999771118164,5.010000228881836,5089300
2008-12-09,3.5389609336853027,5.320000171661377,6.389999866485596,5.059999942779541,6.369999885559082,3775100
2008-12-10,3.5921790599823,5.400000095367432,5.519999980926514,5.03000020980835,5.170000076293945,2108800
2008-12-11,2.887047529220581,4.340000152587891,5.599999904632568,4.28000020980835,5.480000019073486,3986100
2008-12-12,3.226308584213257,4.849999904632568,4.920000076293945,4.190000057220459,4.340000152587891,3736200
2008-12-15,3.086613178253174,4.639999866485596,4.980000019073486,4.510000228881836,4.900000095367432,1793400
2008-12-16,3.4990484714508057,5.260000228881836,5.730000019073486,4.75,4.760000228881836,3669600
2008-12-17,3.7052669525146484,5.570000171661377,5.869999885559082,4.929999828338623,5.070000171661377,2408700
2008-12-18,3.1464829444885254,4.730000019073486,5.579999923706055,4.610000133514404,5.329999923706055,2615100
2008-12-19,3.4458296298980713,5.179999828338623,5.199999809265137,4.690000057220459,4.96999979019165,2860800
2008-12-22,3.2728734016418457,4.920000076293945,5.28000020980835,4.539999961853027,5.179999828338623,1811000
2008-12-23,3.1331777572631836,4.710000038146973,5.010000228881836,4.599999904632568,4.949999809265137,1035300
2008-12-24,3.086613178253174,4.639999866485596,4.820000171661377,4.489999771118164,4.579999923706055,527300
2008-12-26,3.013439178466797,4.53000020980835,4.710000038146973,4.309999942779541,4.699999809265137,486500
2008-12-29,2.6874825954437256,4.039999961853027,4.53000020980835,3.9600000381469727,4.53000020980835,1158000
2008-12-30,3.0267443656921387,4.550000190734863,4.590000152587891,3.9800000190734863,4.199999809265137,1382600
2008-12-31,3.3726558685302734,5.070000171661377,5.260000228881836,4.440000057220459,4.579999923706055,2370100
2009-01-02,3.3660051822662354,5.059999942779541,5.639999866485596,5.03000020980835,5.079999923706055,1399900
2009-01-05,3.126526117324829,4.699999809265137,5.070000171661377,4.690000057220459,5.039999961853027,1569300
2009-01-06,3.5323095321655273,5.309999942779541,5.420000076293945,4.710000038146973,4.710000038146973,1968300
2009-01-07,3.4990484714508057,5.260000228881836,5.380000114440918,4.909999847412109,5.110000133514404,1770500
2009-01-08,3.558917999267578,5.349999904632568,5.400000095367432,5.099999904632568,5.239999771118164,1233300
2009-01-09,3.3660051822662354,5.059999942779541,5.349999904632568,4.949999809265137,5.320000171661377,1850200
2009-01-12,3.106569766998291,4.670000076293945,5.0,4.440000057220459,4.980000019073486,2105800
2009-01-13,3.1464829444885254,4.730000019073486,4.800000190734863,4.449999809265137,4.730000019073486,1305100
2009-01-14,2.813873052597046,4.230000019073486,4.650000095367432,4.170000076293945,4.570000171661377,1486500
2009-01-15,3.0533523559570312,4.590000152587891,4.840000152587891,3.9200000762939453,4.210000038146973,2465900
2009-01-16,3.0666556358337402,4.610000133514404,4.769999980926514,4.230000019073486,4.53000020980835,2139800
2009-01-20,2.620959997177124,3.940000057220459,4.699999809265137,3.940000057220459,4.460000038146973,2489500
2009-01-21,3.0533523559570312,4.590000152587891,4.650000095367432,4.039999961853027,4.050000190734863,3076100
2009-01-22,2.8604390621185303,4.300000190734863,4.570000171661377,4.230000019073486,4.389999866485596,2541600
2009-01-23,3.0533523559570312,4.590000152587891,4.659999847412109,4.010000228881836,4.010000228881836,1625000
2009-01-26,2.9735262393951416,4.46999979019165,4.800000190734863,4.269999980926514,4.599999904632568,1565500
2009-01-27,2.9735262393951416,4.46999979019165,4.599999904632568,4.349999904632568,4.599999904632568,880300
2009-01-28,3.0200915336608887,4.539999961853027,4.690000057220459,4.449999809265137,4.590000152587891,3147800
2009-01-29,2.7540037631988525,4.139999866485596,4.460000038146973,4.059999942779541,4.460000038146973,2227000
2009-01-30,2.7273952960968018,4.099999904632568,4.300000190734863,3.9700000286102295,4.300000190734863,2360300
2009-02-02,2.7473511695861816,4.130000114440918,4.179999828338623,3.9800000190734863,4.010000228881836,1313100
2009-02-03,2.6874825954437256,4.039999961853027,4.260000228881836,4.010000228881836,4.159999847412109,2428300
2009-02-04,2.581047773361206,3.880000114440918,4.159999847412109,3.8399999141693115,4.03000020980835,3367000
2009-02-05,2.5477852821350098,3.8299999237060547,4.03000020980835,3.680000066757202,3.809999942779541,2211900
2009-02-06,2.6608734130859375,4.0,4.039999961853027,3.799999952316284,3.890000104904175,3582900
2009-02-09,2.6608734130859375,4.0,4.019999980926514,3.75,3.9200000762939453,947800
2009-02-10,2.428046941757202,3.6500000953674316,4.03000020980835,3.559999942779541,3.9700000286102295,2249000
2009-02-11,2.4945685863494873,3.75,3.7899999618530273,3.549999952316284,3.7899999618530273,1866600
2009-02-12,2.4613075256347656,3.700000047683716,3.7300000190734863,3.299999952316284,3.5999999046325684,2427300
2009-02-13,2.3615245819091797,3.549999952316284,3.8299999237060547,3.5399999618530273,3.7200000286102295,1933300
2009-02-17,2.115394353866577,3.180000066757202,3.359999895095825,3.1500000953674316,3.3499999046325684,2119600
2009-02-18,2.1087419986724854,3.1700000762939453,3.2699999809265137,2.9800000190734863,3.25,1345900
2009-02-19,2.0156116485595703,3.0299999713897705,3.2799999713897705,3.009999990463257,3.2200000286102295,1392000
2009-02-20,2.195220470428467,3.299999952316284,3.430000066757202,2.8499999046325684,2.930000066757202,2181600
2009-02-23,1.9690468311309814,2.9600000381469727,3.390000104904175,2.930000066757202,3.3499999046325684,2043900
2009-02-24,2.2550899982452393,3.390000104904175,3.4000000953674316,2.940000057220459,3.049999952316284,2572400
2009-02-25,2.1486551761627197,3.2300000190734863,3.450000047683716,3.0799999237060547,3.3299999237060547,1448400
2009-02-26,1.9956554174423218,3.0,3.319999933242798,2.9700000286102295,3.2300000190734863,1374700
2009-02-27,2.0555245876312256,3.0899999141693115,3.6600000858306885,3.009999990463257,3.319999933242798,1898600
2009-03-02,1.862611174583435,2.799999952316284,3.0999999046325684,2.759999990463257,3.009999990463257,2296100
2009-03-03,1.8759156465530396,2.819999933242798,3.109999895095825,2.7100000381469727,2.859999895095825,2269800
2009-03-04,1.955742359161377,2.940000057220459,3.059999942779541,2.700000047683716,3.0,1713800
2009-03-05,1.7761331796646118,2.6700000762939453,2.930000066757202,2.630000114440918,2.880000114440918,2006400
2009-03-06,1.9956554174423218,3.0,3.059999942779541,2.609999895095825,2.6600000858306885,2621500
2009-03-09,1.8958721160888672,2.8499999046325684,3.009999990463257,2.7699999809265137,2.930000066757202,1620600
2009-03-10,2.2284817695617676,3.3499999046325684,3.369999885559082,2.9200000762939453,2.9800000190734863,3291000
2009-03-11,2.235133171081543,3.359999895095825,3.5799999237060547,3.0399999618530273,3.4100000858306885,2422100
2009-03-12,2.47461199760437,3.7200000286102295,3.759999990463257,2.9200000762939453,3.319999933242798,2540200
2009-03-13,2.4213955402374268,3.640000104904175,3.7799999713897705,3.369999885559082,3.7200000286102295,1492200
2009-03-16,2.208523988723755,3.319999933242798,3.7799999713897705,3.319999933242798,3.7200000286102295,2112500
2009-03-17,2.414743423461914,3.630000114440918,3.640000104904175,3.299999952316284,3.4100000858306885,2490300
2009-03-18,2.8271782398223877,4.25,4.300000190734863,3.4200000762939453,3.630000114440918,1851900
2009-03-19,2.6342649459838867,3.9600000381469727,4.400000095367432,3.950000047683716,4.360000133514404,2005100
2009-03-20,2.4812638759613037,3.7300000190734863,4.170000076293945,3.7100000381469727,4.039999961853027,1936000
2009-03-23,2.9336130619049072,4.409999847412109,4.480000019073486,3.7799999713897705,3.8499999046325684,3196100
2009-03-24,2.7273952960968018,4.099999904632568,4.610000133514404,3.809999942779541,3.859999895095825,2221500
2009-03-25,2.9934825897216797,4.5,4.539999961853027,3.950000047683716,4.170000076293945,2048900
2009-03-26,3.013439178466797,4.53000020980835,4.670000076293945,4.150000095367432,4.599999904632568,1724400
2009-03-27,2.7273952960968018,4.099999904632568,4.420000076293945,3.9800000190734863,4.369999885559082,1308200
2009-03-30,2.428046941757202,3.6500000953674316,4.670000076293945,3.609999895095825,3.9100000858306885,1595400
2009-03-31,2.66752552986145,4.010000228881836,4.050000190734863,3.609999895095825,3.7200000286102295,2189100
2009-04-01,2.5145251750946045,3.7799999713897705,4.010000228881836,3.5999999046325684,3.809999942779541,1940200
2009-04-02,2.4613075256347656,3.700000047683716,4.039999961853027,3.549999952316284,4.019999980926514,2833100
2009-04-03,2.527829647064209,3.799999952316284,3.8299999237060547,3.490000009536743,3.690000057220459,3059000
2009-04-06,2.5344808101654053,3.809999942779541,3.9200000762939453,3.490000009536743,3.7100000381469727,1924300
2009-04-07,2.401437997817993,3.609999895095825,4.090000152587891,3.5999999046325684,3.7200000286102295,1995900
2009-04-08,2.581047773361206,3.880000114440918,4.03000020980835,3.5999999046325684,3.680000066757202,1521900
2009-04-09,3.3460493087768555,5.03000020980835,5.03000020980835,3.9600000381469727,3.990000009536743,3815300
2009-04-13,3.385960102081299,5.090000152587891,5.300000190734863,4.619999885559082,4.889999866485596,2159400
2009-04-14,3.339395523071289,5.019999980926514,5.510000228881836,4.96999979019165,5.380000114440918,13810000
2009-04-15,3.58552622795105,5.389999866485596,5.400000095367432,4.949999809265137,5.0,4326800
2009-04-16,3.924787998199463,5.900000095367432,6.550000190734863,5.099999904632568,5.519999980926514,4092800
2009-04-17,4.017919063568115,6.039999961853027,6.349999904632568,5.610000133514404,5.849999904632568,2978400
2009-04-20,3.638744592666626,5.46999979019165,5.820000171661377,5.420000076293945,5.650000095367432,4379500
2009-04-21,4.111049175262451,6.179999828338623,6.210000038146973,5.03000020980835,5.400000095367432,4574800
2009-04-22,4.09109354019165,6.150000095367432,6.389999866485596,5.820000171661377,6.050000190734863,4111400
2009-04-23,4.2973103523254395,6.460000038146973,6.639999866485596,5.989999771118164,6.059999942779541,3622900
2009-04-24,4.603311538696289,6.920000076293945,7.050000190734863,6.409999847412109,6.550000190734863,4964400
2009-04-27,3.77843976020813,5.679999828338623,6.460000038146973,5.429999828338623,6.320000171661377,4369900
2009-04-28,3.8516149520874023,5.789999961853027,5.929999828338623,5.480000019073486,5.559999942779541,3300500
2009-04-29,4.150962829589844,6.239999771118164,6.349999904632568,5.889999866485596,5.920000076293945,2988000
2009-04-30,4.317267894744873,6.489999771118164,6.710000038146973,6.210000038146973,6.360000133514404,4248000
2009-05-01,4.164267063140869,6.260000228881836,6.659999847412109,6.130000114440918,6.53000020980835,1967000
2009-05-04,4.669831275939941,7.019999980926514,7.070000171661377,6.190000057220459,6.289999961853027,3258700
2009-05-05,4.410397052764893,6.630000114440918,7.230000019073486,6.599999904632568,7.199999809265137,2482800
2009-05-06,4.782918930053711,7.190000057220459,7.21999979019165,6.409999847412109,6.769999980926514,2121300
2009-05-07,4.343875408172607,6.53000020980835,7.360000133514404,6.389999866485596,7.199999809265137,2680500
2009-05-08,4.82283353805542,7.25,7.300000190734863,6.710000038146973,6.730000019073486,3958900
2009-05-11,4.3837890625,6.590000152587891,7.010000228881836,6.570000171661377,7.010000228881836,1952800
2009-05-12,4.250744819641113,6.389999866485596,6.730000019073486,6.019999980926514,6.5,1325000
2009-05-13,3.8649191856384277,5.809999942779541,6.21999979019165,5.75,6.21999979019165,1935500
2009-05-14,3.997962474822998,6.010000228881836,6.159999847412109,5.53000020980835,5.840000152587891,1894200
2009-05-15,3.811699867248535,5.730000019073486,6.090000152587891,5.630000114440918,5.889999866485596,1732400
2009-05-18,4.117702007293701,6.190000057220459,6.300000190734863,5.78000020980835,5.849999904632568,2455300
2009-05-19,4.2640485763549805,6.409999847412109,6.639999866485596,6.0,6.139999866485596,1790200
2009-05-20,4.217483997344971,6.340000152587891,6.809999942779541,6.300000190734863,6.53000020980835,1229100
2009-05-21,4.104397773742676,6.170000076293945,6.349999904632568,5.96999979019165,6.170000076293945,1218500
2009-05-22,3.924787998199463,5.900000095367432,6.300000190734863,5.880000114440918,6.269999980926514,1156200
2009-05-26,4.2973103523254395,6.460000038146973,6.519999980926514,5.739999771118164,5.820000171661377,2019600
2009-05-27,4.310615539550781,6.480000019073486,6.610000133514404,6.300000190734863,6.400000095367432,2603900
2009-05-28,4.2973103523254395,6.460000038146973,6.619999885559082,6.21999979019165,6.599999904632568,1751000
2009-05-29,4.323917865753174,6.5,6.559999942779541,6.28000020980835,6.519999980926514,2276800
2009-06-01,4.709746360778809,7.079999923706055,7.199999809265137,6.570000171661377,6.739999771118164,2712900
2009-06-02,4.736354827880859,7.119999885559082,7.21999979019165,6.96999979019165,7.039999961853027,1691800
2009-06-03,4.696441173553467,7.059999942779541,7.130000114440918,6.889999866485596,7.03000020980835,904600
2009-06-04,4.969182014465332,7.46999979019165,7.650000095367432,7.050000190734863,7.150000095367432,2188400
2009-06-05,5.0689616203308105,7.619999885559082,7.900000095367432,7.510000228881836,7.599999904632568,1528900
2009-06-08,5.155441761016846,7.75,7.880000114440918,7.369999885559082,7.610000133514404,1520500
2009-06-09,4.94922399520874,7.440000057220459,7.929999828338623,7.400000095367432,7.820000171661377,1434500
2009-06-10,4.796223163604736,7.210000038146973,7.619999885559082,7.119999885559082,7.519999980926514,2329000
2009-06-11,4.576703071594238,6.880000114440918,7.369999885559082,6.860000133514404,7.199999809265137,1372800
2009-06-12,4.81618070602417,7.239999771118164,7.25,6.710000038146973,6.809999942779541,1381200
2009-06-15,4.503527641296387,6.769999980926514,7.119999885559082,6.619999885559082,7.039999961853027,1558700
2009-06-16,4.33057165145874,6.510000228881836,6.929999828338623,6.369999885559082,6.71999979019165,782700
2009-06-17,4.323917865753174,6.5,6.829999923706055,6.340000152587891,6.539999961853027,981000
2009-06-18,4.2041802406311035,6.320000171661377,6.630000114440918,6.21999979019165,6.570000171661377,1465500
2009-06-19,4.33057165145874,6.510000228881836,6.679999828338623,6.360000133514404,6.5,1583400
2009-06-22,3.9713528156280518,5.96999979019165,6.550000190734863,5.909999847412109,6.420000076293945,1461200
2009-06-23,3.7917442321777344,5.699999809265137,6.110000133514404,5.650000095367432,6.110000133514404,1498300
2009-06-24,3.944744348526001,5.929999828338623,6.119999885559082,5.78000020980835,5.809999942779541,897600
2009-06-25,3.944744348526001,5.929999828338623,5.960000038146973,5.760000228881836,5.929999828338623,1323400
2009-06-26,4.144310474395752,6.230000019073486,6.349999904632568,5.809999942779541,5.880000114440918,2628400
2009-06-29,4.111049175262451,6.179999828338623,6.340000152587891,6.110000133514404,6.28000020980835,962300
2009-06-30,4.164267063140869,6.260000228881836,6.420000076293945,6.170000076293945,6.199999809265137,714400
2009-07-01,4.284005641937256,6.440000057220459,6.619999885559082,6.289999961853027,6.349999904632568,1208500
2009-07-02,3.9713528156280518,5.96999979019165,6.289999961853027,5.849999904632568,6.260000228881836,1736500
2009-07-06,3.90483021736145,5.869999885559082,5.989999771118164,5.610000133514404,5.929999828338623,2354300
2009-07-07,3.6986138820648193,5.559999942779541,6.0,5.519999980926514,5.889999866485596,1529800
2009-07-08,3.512352705001831,5.28000020980835,5.670000076293945,5.110000133514404,5.539999961853027,3159200
2009-07-09,3.6587026119232178,5.5,5.710000038146973,5.289999961853027,5.329999923706055,2390800
2009-07-10,3.605482339859009,5.420000076293945,5.5,5.170000076293945,5.449999809265137,1352200
2009-07-13,3.798396110534668,5.710000038146973,5.829999923706055,5.420000076293945,5.489999771118164,2443600
2009-07-14,3.90483021736145,5.869999885559082,5.889999866485596,5.539999961853027,5.71999979019165,1658000
2009-07-15,4.224136829376221,6.349999904632568,6.559999942779541,6.0,6.019999980926514,2129600
2009-07-16,4.117702007293701,6.190000057220459,6.340000152587891,5.980000019073486,6.269999980926514,1486100
2009-07-17,4.2041802406311035,6.320000171661377,6.539999961853027,6.119999885559082,6.210000038146973,1888900
2009-07-20,4.270702362060547,6.420000076293945,6.550000190734863,6.300000190734863,6.340000152587891,1169300
2009-07-21,4.150962829589844,6.239999771118164,6.539999961853027,6.090000152587891,6.429999828338623,1114900
2009-07-22,4.217483997344971,6.340000152587891,6.449999809265137,6.190000057220459,6.21999979019165,1056700
2009-07-23,4.576703071594238,6.880000114440918,6.96999979019165,6.289999961853027,6.309999942779541,1539400
2009-07-24,4.643224716186523,6.980000019073486,7.0,6.679999828338623,6.789999961853027,604400
2009-07-27,4.743006706237793,7.130000114440918,7.139999866485596,6.829999923706055,6.980000019073486,778900
2009-07-28,4.430352687835693,6.659999847412109,7.46999979019165,6.619999885559082,7.010000228881836,1634700
2009-07-29,4.3837890625,6.590000152587891,6.75,6.53000020980835,6.599999904632568,1063500
2009-07-30,4.550093650817871,6.840000152587891,6.949999809265137,6.670000076293945,6.78000020980835,1619200
2009-07-31,4.496875286102295,6.760000228881836,6.929999828338623,6.71999979019165,6.809999942779541,1747600
2009-08-03,4.496875286102295,6.760000228881836,7.0,6.619999885559082,6.900000095367432,1076500
2009-08-04,4.6831374168396,7.039999961853027,7.369999885559082,6.650000095367432,6.690000057220459,2773300
2009-08-05,4.796223163604736,7.210000038146973,7.260000228881836,6.739999771118164,7.110000133514404,3094200
2009-08-06,4.809529781341553,7.230000019073486,7.699999809265137,7.130000114440918,7.380000114440918,1583900
2009-08-07,5.135485649108887,7.71999979019165,7.889999866485596,7.239999771118164,7.400000095367432,2628500
2009-08-10,4.94922399520874,7.440000057220459,7.739999771118164,7.329999923706055,7.739999771118164,1015700
2009-08-11,4.649876117706299,6.989999771118164,7.449999809265137,6.980000019073486,7.340000152587891,795100
2009-08-12,4.769615650177002,7.170000076293945,7.380000114440918,6.989999771118164,7.010000228881836,2794500
2009-08-13,4.703094005584717,7.070000171661377,7.380000114440918,7.010000228881836,7.230000019073486,1511800
2009-08-14,4.7163987159729,7.090000152587891,7.150000095367432,6.760000228881836,7.03000020980835,1319300
2009-08-17,4.397092819213867,6.610000133514404,6.909999847412109,6.559999942779541,6.75,1299300
2009-08-18,4.450309753417969,6.690000057220459,6.789999961853027,6.579999923706055,6.659999847412109,1069300
2009-08-19,4.423703193664551,6.650000095367432,6.75,6.429999828338623,6.550000190734863,830700
2009-08-20,4.523484706878662,6.800000190734863,6.809999942779541,6.539999961853027,6.599999904632568,1330900
2009-08-21,4.696441173553467,7.059999942779541,7.380000114440918,6.840000152587891,6.909999847412109,1640600
2009-08-24,4.6831374168396,7.039999961853027,7.150000095367432,6.980000019073486,7.150000095367432,1158000
2009-08-25,4.696441173553467,7.059999942779541,7.190000057220459,7.019999980926514,7.150000095367432,3716000
2009-08-26,4.723049163818359,7.099999904632568,7.130000114440918,6.960000038146973,7.070000171661377,1376800
2009-08-27,4.709746360778809,7.079999923706055,7.130000114440918,6.949999809265137,7.099999904632568,1239600
2009-08-28,4.689789295196533,7.050000190734863,7.21999979019165,6.940000057220459,7.199999809265137,813500
2009-08-31,4.5567450523376465,6.849999904632568,7.03000020980835,6.800000190734863,6.940000057220459,1426100
2009-09-01,4.277353286743164,6.429999828338623,6.829999923706055,6.389999866485596,6.829999923706055,1853400
2009-09-02,4.124354839324951,6.199999809265137,6.400000095367432,6.130000114440918,6.329999923706055,1352900
2009-09-03,4.224136829376221,6.349999904632568,6.349999904632568,6.110000133514404,6.230000019073486,1296700
2009-09-04,4.217483997344971,6.340000152587891,6.460000038146973,6.150000095367432,6.300000190734863,820800
2009-09-08,4.616614818572998,6.940000057220459,6.980000019073486,6.630000114440918,6.800000190734863,2015700
2009-09-09,4.703094005584717,7.070000171661377,7.170000076293945,6.960000038146973,7.0,1322200
2009-09-10,4.729702949523926,7.110000133514404,7.150000095367432,6.949999809265137,7.039999961853027,1776000
2009-09-11,4.829486846923828,7.260000228881836,7.360000133514404,7.059999942779541,7.21999979019165,1676800
2009-09-14,5.108877658843994,7.679999828338623,7.710000038146973,6.989999771118164,7.329999923706055,1406000
2009-09-15,5.188704013824463,7.800000190734863,7.889999866485596,7.369999885559082,7.630000114440918,2010900
2009-09-16,5.4481377601623535,8.1899995803833,8.1899995803833,7.710000038146973,7.710000038146973,2027000
2009-09-17,5.355008602142334,8.050000190734863,8.489999771118164,7.809999942779541,8.079999923706055,1231500
2009-09-18,5.168746471405029,7.769999980926514,8.170000076293945,7.659999847412109,8.09000015258789,1331800
2009-09-21,4.995790004730225,7.510000228881836,7.699999809265137,7.400000095367432,7.610000133514404,1407300
2009-09-22,5.221964359283447,7.849999904632568,7.96999979019165,7.559999942779541,7.71999979019165,1664900
2009-09-23,4.969182014465332,7.46999979019165,8.109999656677246,7.389999866485596,7.929999828338623,2341200
2009-09-24,4.942570686340332,7.429999828338623,7.71999979019165,7.400000095367432,7.539999961853027,1907000
2009-09-25,5.168746471405029,7.769999980926514,7.980000019073486,7.269999980926514,7.409999847412109,1647100
2009-09-28,5.4481377601623535,8.1899995803833,8.220000267028809,7.769999980926514,7.829999923706055,1718400
2009-09-29,5.48805046081543,8.25,8.479999542236328,8.020000457763672,8.180000305175781,2247200
2009-09-30,5.388268947601318,8.100000381469727,8.460000038146973,8.0600004196167,8.25,2369200
2009-10-01,5.221964359283447,7.849999904632568,8.34000015258789,7.849999904632568,8.119999885559082,3925000
2009-10-02,5.128833770751953,7.710000038146973,7.869999885559082,7.5,7.739999771118164,2475900
2009-10-05,5.494702339172363,8.260000228881836,8.289999961853027,7.619999885559082,7.739999771118164,1723300
2009-10-06,5.667660713195801,8.520000457763672,8.880000114440918,8.369999885559082,8.470000267028809,2230500
2009-10-07,5.547922134399414,8.34000015258789,8.630000114440918,8.1899995803833,8.449999809265137,1341600
2009-10-08,5.747486591339111,8.640000343322754,8.6899995803833,8.359999656677246,8.489999771118164,3685400
2009-10-09,5.887182235717773,8.850000381469727,9.039999961853027,8.600000381469727,8.65999984741211,1928800
2009-10-12,5.9337477684021,8.920000076293945,9.100000381469727,8.770000457763672,8.869999885559082,473800
2009-10-13,5.68096399307251,8.539999961853027,8.960000038146973,8.520000457763672,8.930000305175781,1191000
2009-10-14,5.807355880737305,8.729999542236328,8.84000015258789,8.579999923706055,8.720000267028809,2077400
2009-10-15,5.714223861694336,8.59000015258789,8.760000228881836,8.510000228881836,8.729999542236328,1782900
2009-10-16,5.654356479644775,8.5,8.579999923706055,8.100000381469727,8.489999771118164,2634300
2009-10-19,5.8140082359313965,8.739999771118164,8.84000015258789,8.5,8.529999732971191,1056500
2009-10-20,5.601137638092041,8.420000076293945,8.65999984741211,8.279999732971191,8.279999732971191,1865600
2009-10-21,5.567878246307373,8.369999885559082,8.550000190734863,8.260000228881836,8.289999961853027,1812900
2009-10-22,5.581182956695557,8.390000343322754,8.4399995803833,7.960000038146973,8.350000381469727,2827200
2009-10-23,5.441486835479736,8.180000305175781,8.479999542236328,8.130000114440918,8.34000015258789,1947500
2009-10-26,5.388268947601318,8.100000381469727,8.369999885559082,8.079999923706055,8.300000190734863,1897500
2009-10-27,5.348355770111084,8.039999961853027,8.3100004196167,8.0,8.199999809265137,1821600
2009-10-28,4.982484817504883,7.489999771118164,8.119999885559082,7.489999771118164,7.989999771118164,2435500
2009-10-29,5.374965190887451,8.079999923706055,8.109999656677246,7.53000020980835,7.539999961853027,1543200
2009-10-30,5.062313079833984,7.610000133514404,7.929999828338623,7.429999828338623,7.929999828338623,2952300
2009-11-02,5.075616359710693,7.630000114440918,7.71999979019165,7.210000038146973,7.619999885559082,1559100
2009-11-03,5.255226135253906,7.900000095367432,7.900000095367432,7.389999866485596,7.429999828338623,1907000
2009-11-04,5.288484573364258,7.949999809265137,8.140000343322754,7.880000114440918,7.880000114440918,2141600
2009-11-05,5.461441516876221,8.210000038146973,8.210000038146973,7.880000114440918,8.069999694824219,995200
2009-11-06,5.3350510597229,8.020000457763672,8.199999809265137,7.900000095367432,8.050000190734863,806100
2009-11-09,5.687615871429443,8.550000190734863,8.5600004196167,8.09000015258789,8.180000305175781,1162600
2009-11-10,5.641051769256592,8.479999542236328,8.5600004196167,8.350000381469727,8.380000114440918,826600
2009-11-11,5.853921413421631,8.800000190734863,8.960000038146973,8.600000381469727,8.600000381469727,3464800
2009-11-12,5.674312591552734,8.529999732971191,8.829999923706055,8.529999732971191,8.699999809265137,844200
2009-11-13,5.747486591339111,8.640000343322754,8.65999984741211,8.430000305175781,8.5600004196167,939900
2009-11-16,5.860572338104248,8.8100004196167,8.869999885559082,8.680000305175781,8.75,1262400
2009-11-17,5.727529525756836,8.609999656677246,8.829999923706055,8.5600004196167,8.779999732971191,1088300
2009-11-18,5.794051647186279,8.710000038146973,8.729999542236328,8.460000038146973,8.630000114440918,715900
2009-11-19,5.554574012756348,8.350000381469727,8.600000381469727,8.15999984741211,8.600000381469727,1029900
2009-11-20,5.521312236785889,8.300000190734863,8.40999984741211,8.260000228881836,8.279999732971191,1075400
2009-11-23,5.607789993286133,8.430000305175781,8.649999618530273,8.369999885559082,8.449999809265137,1444600
2009-11-24,5.607789993286133,8.430000305175781,8.829999923706055,8.430000305175781,8.779999732971191,1612600
2009-11-25,5.601137638092041,8.420000076293945,8.529999732971191,8.369999885559082,8.529999732971191,987300
2009-11-27,5.321746826171875,8.0,8.199999809265137,8.0,8.0,721500
2009-11-30,5.348355770111084,8.039999961853027,8.079999923706055,7.710000038146973,8.0,2898500
2009-12-01,5.421529769897461,8.149999618530273,8.229999542236328,8.050000190734863,8.220000267028809,1601800
2009-12-02,5.461441516876221,8.210000038146973,8.319999694824219,8.130000114440918,8.140000343322754,1565300
2009-12-03,5.24857234954834,7.889999866485596,8.40999984741211,7.829999923706055,8.239999771118164,1596000
2009-12-04,5.587833404541016,8.399999618530273,8.420000076293945,8.100000381469727,8.170000076293945,2560500
2009-12-07,5.561224937438965,8.359999656677246,8.489999771118164,8.270000457763672,8.399999618530273,1148700
2009-12-08,5.521312236785889,8.300000190734863,8.40999984741211,8.119999885559082,8.170000076293945,1024900
2009-12-09,5.468094348907471,8.220000267028809,8.380000114440918,8.140000343322754,8.300000190734863,782900
2009-12-10,5.301790237426758,7.96999979019165,8.4399995803833,7.900000095367432,8.270000457763672,1001900
2009-12-11,5.3350510597229,8.020000457763672,8.100000381469727,7.940000057220459,8.100000381469727,2170200
2009-12-14,5.428182601928711,8.15999984741211,8.170000076293945,8.020000457763672,8.100000381469727,1152500
2009-12-15,5.288484573364258,7.949999809265137,8.140000343322754,7.860000133514404,8.140000343322754,1668100
2009-12-16,5.428182601928711,8.15999984741211,8.1899995803833,8.0,8.079999923706055,1529700
2009-12-17,5.521312236785889,8.300000190734863,8.319999694824219,8.029999732971191,8.029999732971191,943300
2009-12-18,5.661007881164551,8.510000228881836,8.510000228881836,8.09000015258789,8.359999656677246,3446900
2009-12-21,5.794051647186279,8.710000038146973,8.880000114440918,8.5,8.569999694824219,798900
2009-12-22,5.774095058441162,8.680000305175781,8.829999923706055,8.640000343322754,8.729999542236328,732200
2009-12-23,5.7687530517578125,8.640000343322754,8.770000457763672,8.569999694824219,8.65999984741211,724000
2009-12-24,5.715339183807373,8.5600004196167,8.8100004196167,8.520000457763672,8.729999542236328,443800
2009-12-28,5.815491199493408,8.710000038146973,8.890000343322754,8.640000343322754,8.65999984741211,821800
2009-12-29,5.701986789703369,8.539999961853027,8.84000015258789,8.470000267028809,8.630000114440918,1616300
2009-12-30,5.7420454025268555,8.600000381469727,8.739999771118164,8.449999809265137,8.5,1008900
2009-12-31,5.655248165130615,8.470000267028809,8.609999656677246,8.430000305175781,8.569999694824219,1184300
2010-01-04,5.782107353210449,8.65999984741211,8.75,8.479999542236328,8.600000381469727,1830700
2010-01-05,6.049178123474121,9.0600004196167,9.270000457763672,8.539999961853027,8.550000190734863,3263600
2010-01-06,6.035825252532959,9.039999961853027,9.130000114440918,8.859999656677246,9.09000015258789,1982900
2010-01-07,6.149328708648682,9.210000038146973,9.260000228881836,8.710000038146973,8.979999542236328,2217800
2010-01-08,5.989089488983154,8.970000267028809,9.220000267028809,8.920000076293945,9.029999732971191,1910600
2010-01-11,6.209424018859863,9.300000190734863,9.319999694824219,8.979999542236328,8.979999542236328,1925400
2010-01-12,6.1092705726623535,9.149999618530273,9.229999542236328,9.0600004196167,9.1899995803833,1853600
2010-01-13,6.309573650360107,9.449999809265137,9.489999771118164,9.119999885559082,9.229999542236328,1305200
2010-01-14,6.383018493652344,9.5600004196167,9.699999809265137,9.1899995803833,9.350000381469727,1740500
2010-01-15,6.389697074890137,9.569999694824219,9.649999618530273,9.399999618530273,9.5600004196167,2188700
2010-01-19,6.529908180236816,9.779999732971191,9.800000190734863,9.359999656677246,9.529999732971191,1724500
2010-01-20,6.51655387878418,9.760000228881836,9.789999961853027,9.4399995803833,9.670000076293945,1755900
2010-01-21,6.189393043518066,9.270000457763672,9.880000114440918,9.220000267028809,9.800000190734863,1836200
2010-01-22,5.8889360427856445,8.819999694824219,9.229999542236328,8.739999771118164,9.229999542236328,1677200
2010-01-25,5.875581741333008,8.800000190734863,8.979999542236328,8.510000228881836,8.979999542236328,1756300
2010-01-26,5.67527961730957,8.5,8.8100004196167,8.40999984741211,8.680000305175781,1464600
2010-01-27,5.568450450897217,8.34000015258789,8.5,8.069999694824219,8.449999809265137,2399900
2010-01-28,5.595156192779541,8.380000114440918,8.59000015258789,8.279999732971191,8.420000076293945,1673400
2010-01-29,5.43491268157959,8.140000343322754,8.670000076293945,8.100000381469727,8.3100004196167,2158700
2010-02-01,5.501683712005615,8.239999771118164,8.369999885559082,8.149999618530273,8.220000267028809,1643000
2010-02-02,5.722016334533691,8.569999694824219,8.600000381469727,8.050000190734863,8.239999771118164,1907400
2010-02-03,5.595156192779541,8.380000114440918,8.59000015258789,8.3100004196167,8.479999542236328,1236900
2010-02-04,5.3614702224731445,8.029999732971191,8.40999984741211,8.0,8.34000015258789,1871300
2010-02-05,5.321407318115234,7.96999979019165,8.069999694824219,7.610000133514404,8.050000190734863,2358200
2010-02-08,5.2746686935424805,7.900000095367432,7.96999979019165,7.75,7.960000038146973,1660300
2010-02-09,5.2746686935424805,7.900000095367432,8.199999809265137,7.800000190734863,8.010000228881836,2442800
2010-02-10,5.321407318115234,7.96999979019165,8.0,7.71999979019165,7.840000152587891,1430800
2010-02-11,5.568450450897217,8.34000015258789,8.350000381469727,7.949999809265137,7.949999809265137,2111100
2010-02-12,5.681954860687256,8.510000228881836,8.539999961853027,8.130000114440918,8.1899995803833,1554200
2010-02-16,5.928996562957764,8.880000114440918,8.899999618530273,8.600000381469727,8.630000114440918,1287900
2010-02-17,5.928996562957764,8.880000114440918,9.050000190734863,8.800000190734863,8.899999618530273,730100
2010-02-18,5.975734233856201,8.949999809265137,8.970000267028809,8.800000190734863,8.84000015258789,640100
2010-02-19,5.962381839752197,8.930000305175781,9.029999732971191,8.829999923706055,8.930000305175781,675100
2010-02-22,5.989089488983154,8.970000267028809,9.029999732971191,8.850000381469727,8.979999542236328,828500
2010-02-23,5.962381839752197,8.930000305175781,9.029999732971191,8.850000381469727,8.930000305175781,910400
2010-02-24,6.0758867263793945,9.100000381469727,9.119999885559082,8.869999885559082,8.960000038146973,812800
2010-02-25,5.995762348175049,8.979999542236328,9.020000457763672,8.789999961853027,8.90999984741211,1239500
2010-02-26,5.969058036804199,8.9399995803833,9.109999656677246,8.779999732971191,8.970000267028809,3122700
2010-03-01,5.608509063720703,8.399999618530273,8.800000190734863,8.329999923706055,8.59000015258789,1635700
2010-03-02,5.56177282333374,8.329999923706055,8.510000228881836,8.270000457763672,8.399999618530273,1523500
2010-03-03,5.61518669128418,8.40999984741211,8.4399995803833,8.140000343322754,8.329999923706055,1260500
2010-03-04,5.67527961730957,8.5,8.510000228881836,8.350000381469727,8.430000305175781,909400
2010-03-05,5.828845024108887,8.729999542236328,8.770000457763672,8.489999771118164,8.59000015258789,1801200
2010-03-08,5.875581741333008,8.800000190734863,8.859999656677246,8.75,8.770000457763672,660700
2010-03-09,5.842199325561523,8.75,8.829999923706055,8.640000343322754,8.729999542236328,1348500
2010-03-10,5.89561128616333,8.829999923706055,8.850000381469727,8.670000076293945,8.729999542236328,931400
2010-03-11,5.935672283172607,8.890000343322754,8.899999618530273,8.680000305175781,8.75,1462900
2010-03-12,6.055853366851807,9.069999694824219,9.09000015258789,8.850000381469727,8.960000038146973,1665900
2010-03-15,6.022470951080322,9.020000457763672,9.140000343322754,8.84000015258789,9.069999694824219,943600
2010-03-16,6.169360637664795,9.239999771118164,9.270000457763672,9.0,9.050000190734863,1488600
2010-03-17,6.276188850402832,9.399999618530273,9.460000038146973,9.239999771118164,9.279999732971191,1314900
2010-03-18,6.256158351898193,9.369999885559082,9.460000038146973,9.279999732971191,9.430000305175781,899700
2010-03-19,6.2361321449279785,9.34000015258789,9.5,9.25,9.34000015258789,1084600
2010-03-22,6.262834072113037,9.380000114440918,9.40999984741211,9.210000038146973,9.239999771118164,1391600
2010-03-23,6.309573650360107,9.449999809265137,9.510000228881836,9.34000015258789,9.369999885559082,1316500
2010-03-24,6.476495742797852,9.699999809265137,9.760000228881836,9.369999885559082,9.40999984741211,1415700
2010-03-25,6.5499372482299805,9.8100004196167,10.199999809265137,9.789999961853027,9.829999923706055,1455100
2010-03-26,6.556614398956299,9.819999694824219,10.220000267028809,9.649999618530273,9.850000381469727,1727500
2010-03-29,6.730213642120361,10.079999923706055,10.109999656677246,9.880000114440918,9.880000114440918,868200
2010-03-30,6.730213642120361,10.079999923706055,10.239999771118164,9.90999984741211,10.109999656677246,1152200
2010-03-31,6.750242233276367,10.109999656677246,10.270000457763672,9.970000267028809,9.979999542236328,1989800
2010-04-01,6.730213642120361,10.079999923706055,10.229999542236328,9.9399995803833,10.170000076293945,1476700
2010-04-05,6.937193393707275,10.390000343322754,10.420000076293945,10.149999618530273,10.170000076293945,919500
2010-04-06,7.0106377601623535,10.5,10.630000114440918,10.270000457763672,10.289999961853027,1863400
2010-04-07,6.837041854858398,10.239999771118164,10.619999885559082,10.170000076293945,10.449999809265137,1502900
2010-04-08,6.79697847366333,10.180000305175781,10.350000381469727,10.09000015258789,10.210000038146973,896900
2010-04-09,6.770272254943848,10.140000343322754,10.260000228881836,10.0600004196167,10.210000038146973,1137000
2010-04-12,6.743564128875732,10.100000381469727,10.229999542236328,10.050000190734863,10.1899995803833,1757600
2010-04-13,7.084082126617432,10.609999656677246,10.6899995803833,10.079999923706055,10.079999923706055,2339400
2010-04-14,7.317773342132568,10.960000038146973,10.989999771118164,10.6899995803833,10.739999771118164,1476100
2010-04-15,7.2576799392700195,10.869999885559082,10.979999542236328,10.869999885559082,10.90999984741211,1973500
2010-04-16,6.897130489349365,10.329999923706055,10.960000038146973,10.289999961853027,10.850000381469727,1903300
2010-04-19,6.903809547424316,10.34000015258789,10.520000457763672,10.100000381469727,10.279999732971191,1388100
2010-04-20,7.03066873550415,10.529999732971191,10.539999961853027,10.270000457763672,10.390000343322754,2368700
2010-04-21,7.351155757904053,11.010000228881836,11.029999732971191,10.5,10.520000457763672,2711100
2010-04-22,7.658287525177002,11.470000267028809,11.529999732971191,10.779999732971191,10.920000076293945,1737900
2010-04-23,7.618224620819092,11.40999984741211,11.720000267028809,11.399999618530273,11.520000457763672,1294800
2010-04-26,7.671641826629639,11.489999771118164,11.609999656677246,11.300000190734863,11.359999656677246,2110100
2010-04-27,7.351155757904053,11.010000228881836,11.619999885559082,11.0,11.390000343322754,2454500
2010-04-28,7.4579854011535645,11.170000076293945,11.279999732971191,11.0,11.130000114440918,1243000
2010-04-29,7.771791934967041,11.640000343322754,11.699999809265137,11.239999771118164,11.289999961853027,1261600
2010-04-30,7.3378005027771,10.989999771118164,11.770000457763672,10.989999771118164,11.609999656677246,1691300
2010-05-03,7.624903678894043,11.420000076293945,11.470000267028809,11.050000190734863,11.069999694824219,1555300
2010-05-04,7.244324684143066,10.850000381469727,11.15999984741211,10.640000343322754,11.15999984741211,2731700
2010-05-05,6.970577716827393,10.4399995803833,10.770000457763672,10.210000038146973,10.569999694824219,1551600
2010-05-06,6.703505039215088,10.039999961853027,10.470000267028809,9.109999656677246,10.300000190734863,2633000
2010-05-07,6.5432610511779785,9.800000190734863,10.1899995803833,9.4399995803833,10.079999923706055,2630600
2010-05-10,7.084082126617432,10.609999656677246,10.609999656677246,10.289999961853027,10.369999885559082,1690800
2010-05-11,6.9772539138793945,10.449999809265137,10.699999809265137,10.279999732971191,10.390000343322754,1422700
2010-05-12,7.2042622566223145,10.789999961853027,10.829999923706055,10.420000076293945,10.529999732971191,1572600
2010-05-13,7.190909385681152,10.770000457763672,10.890000343322754,10.640000343322754,10.8100004196167,1533800
2010-05-14,6.903809547424316,10.34000015258789,10.640000343322754,10.180000305175781,10.640000343322754,1596700
2010-05-17,6.890455722808838,10.319999694824219,10.569999694824219,9.890000343322754,10.399999618530273,1146000
2010-05-18,6.583320617675781,9.859999656677246,10.609999656677246,9.850000381469727,10.550000190734863,1042400
2010-05-19,6.463139533996582,9.680000305175781,10.100000381469727,9.479999542236328,9.819999694824219,1282100
2010-05-20,5.982409954071045,8.960000038146973,9.40999984741211,8.899999618530273,9.300000190734863,2112600
2010-05-21,6.416402816772461,9.609999656677246,9.619999885559082,8.640000343322754,8.760000228881836,2679500
2010-05-24,6.169360637664795,9.239999771118164,9.640000343322754,9.229999542236328,9.5600004196167,1273100
2010-05-25,5.6686015129089355,8.489999771118164,8.489999771118164,8.0,8.199999809265137,15607900
2010-05-26,5.7754292488098145,8.649999618530273,8.75,8.449999809265137,8.470000267028809,6245300
2010-05-27,6.11594820022583,9.15999984741211,9.199999809265137,8.649999618530273,8.739999771118164,3997900
2010-05-28,6.102596282958984,9.140000343322754,9.34000015258789,8.989999771118164,9.09000015258789,3514300
2010-06-01,5.848875522613525,8.760000228881836,9.079999923706055,8.760000228881836,9.010000228881836,2704500
2010-06-02,6.0758867263793945,9.100000381469727,9.140000343322754,8.630000114440918,8.869999885559082,2978600
2010-06-03,5.969058036804199,8.9399995803833,9.180000305175781,8.75,9.170000076293945,2724000
2010-06-04,5.575125694274902,8.350000381469727,8.779999732971191,8.270000457763672,8.680000305175781,2745100
2010-06-07,5.56177282333374,8.329999923706055,8.710000038146973,8.239999771118164,8.350000381469727,2726800
2010-06-08,5.722016334533691,8.569999694824219,8.59000015258789,8.0,8.350000381469727,2215100
2010-06-09,5.908966064453125,8.850000381469727,9.09000015258789,8.630000114440918,8.670000076293945,2903800
2010-06-10,6.082563400268555,9.109999656677246,9.140000343322754,8.789999961853027,9.0,2190200
2010-06-11,5.989089488983154,8.970000267028809,9.079999923706055,8.760000228881836,8.9399995803833,1592700
2010-06-14,6.062532901763916,9.079999923706055,9.229999542236328,8.949999809265137,9.09000015258789,3165500
2010-06-15,6.202744960784912,9.289999961853027,9.34000015258789,9.029999732971191,9.140000343322754,1869500
2010-06-16,6.0758867263793945,9.100000381469727,9.220000267028809,8.970000267028809,9.220000267028809,1410100
2010-06-17,6.055853366851807,9.069999694824219,9.199999809265137,8.920000076293945,9.100000381469727,1271000
2010-06-18,5.989089488983154,8.970000267028809,9.140000343322754,8.819999694824219,9.130000114440918,2946100
2010-06-21,6.062532901763916,9.079999923706055,9.460000038146973,9.029999732971191,9.460000038146973,2439400
2010-06-22,6.00911808013916,9.0,9.300000190734863,8.989999771118164,9.15999984741211,2705900
2010-06-23,6.095918655395508,9.130000114440918,9.25,8.930000305175781,8.970000267028809,2983600
2010-06-24,5.982409954071045,8.960000038146973,9.149999618530273,8.720000267028809,9.010000228881836,3258600
2010-06-25,6.102596282958984,9.140000343322754,9.34000015258789,8.920000076293945,9.010000228881836,5979600
2010-06-28,6.035825252532959,9.039999961853027,9.25,9.020000457763672,9.0600004196167,2616100
2010-06-29,5.722016334533691,8.569999694824219,8.90999984741211,8.510000228881836,8.84000015258789,3100300
2010-06-30,5.4883294105529785,8.220000267028809,8.6899995803833,8.210000038146973,8.5600004196167,2747700
2010-07-01,5.468297004699707,8.1899995803833,8.420000076293945,7.880000114440918,8.329999923706055,3105100
2010-07-02,5.528387546539307,8.279999732971191,8.399999618530273,8.09000015258789,8.260000228881836,2928300
2010-07-06,5.214579105377197,7.809999942779541,8.550000190734863,7.760000228881836,8.359999656677246,3691500
2010-07-07,5.4883294105529785,8.220000267028809,8.25,7.840000152587891,7.840000152587891,2688600
2010-07-08,5.61518669128418,8.40999984741211,8.449999809265137,8.149999618530273,8.3100004196167,3328300
2010-07-09,5.8689045906066895,8.789999961853027,8.789999961853027,8.25,8.40999984741211,1203300
2010-07-12,5.822168827056885,8.720000267028809,8.829999923706055,8.539999961853027,8.770000457763672,1114000
2010-07-13,6.162684917449951,9.229999542236328,9.390000343322754,8.850000381469727,8.869999885559082,3202100
2010-07-14,6.002441883087158,8.989999771118164,9.34000015258789,8.9399995803833,9.149999618530273,2764100
2010-07-15,5.969058036804199,8.9399995803833,9.029999732971191,8.630000114440918,9.029999732971191,3074800
2010-07-16,5.835520267486572,8.739999771118164,8.899999618530273,8.699999809265137,8.850000381469727,3637300
2010-07-19,5.848875522613525,8.760000228881836,8.8100004196167,8.420000076293945,8.760000228881836,1934100
2010-07-20,5.855553150177002,8.770000457763672,8.850000381469727,8.449999809265137,8.59000015258789,2182300
2010-07-21,5.628540992736816,8.430000305175781,8.869999885559082,8.399999618530273,8.869999885559082,2495600
2010-07-22,5.828845024108887,8.729999542236328,8.770000457763672,8.569999694824219,8.569999694824219,2616800
2010-07-23,5.995762348175049,8.979999542236328,8.989999771118164,8.489999771118164,8.649999618530273,2123300
2010-07-26,6.3963704109191895,9.579999923706055,9.609999656677246,8.970000267028809,9.050000190734863,3403200
2010-07-27,6.383018493652344,9.5600004196167,9.829999923706055,9.420000076293945,9.710000038146973,1841500
2010-07-28,6.216098785400391,9.3100004196167,9.640000343322754,9.229999542236328,9.489999771118164,1436900
2010-07-29,6.189393043518066,9.270000457763672,9.399999618530273,9.039999961853027,9.380000114440918,1608600
2010-07-30,6.196068286895752,9.279999732971191,9.329999923706055,8.670000076293945,9.09000015258789,3107100
2010-08-02,6.489848613739014,9.720000267028809,9.729999542236328,9.239999771118164,9.470000267028809,2308800
2010-08-03,6.536583423614502,9.789999961853027,9.970000267028809,9.4399995803833,9.630000114440918,2137500
2010-08-04,6.683475494384766,10.010000228881836,10.079999923706055,9.770000457763672,9.84000015258789,1334100
2010-08-05,6.496525287628174,9.729999542236328,10.050000190734863,9.720000267028809,9.899999618530273,1459500
2010-08-06,6.5699687004089355,9.84000015258789,9.869999885559082,9.40999984741211,9.550000190734863,1786600
2010-08-09,6.696826934814453,10.029999732971191,10.149999618530273,9.84000015258789,9.970000267028809,1810700
2010-08-10,6.362987995147705,9.529999732971191,9.859999656677246,9.350000381469727,9.859999656677246,2170700
2010-08-11,6.1760382652282715,9.25,9.3100004196167,9.100000381469727,9.289999961853027,2561300
2010-08-12,6.062532901763916,9.079999923706055,9.220000267028809,9.039999961853027,9.0600004196167,2024100
2010-08-13,5.8889360427856445,8.819999694824219,9.079999923706055,8.800000190734863,9.010000228881836,1670600
2010-08-16,5.969058036804199,8.9399995803833,9.079999923706055,8.670000076293945,8.75,1194500
2010-08-17,6.129302024841309,9.180000305175781,9.239999771118164,8.90999984741211,9.050000190734863,2163300
2010-08-18,6.169360637664795,9.239999771118164,9.3100004196167,9.079999923706055,9.170000076293945,1248200
2010-08-19,5.882258892059326,8.8100004196167,9.180000305175781,8.8100004196167,9.180000305175781,2549900
2010-08-20,5.815491199493408,8.710000038146973,8.890000343322754,8.630000114440918,8.75,2151400
2010-08-23,5.875581741333008,8.800000190734863,8.949999809265137,8.760000228881836,8.819999694824219,1908900
2010-08-24,5.7420454025268555,8.600000381469727,8.770000457763672,8.520000457763672,8.640000343322754,1976400
2010-08-25,5.935672283172607,8.890000343322754,8.920000076293945,8.539999961853027,8.539999961853027,1539900
2010-08-26,5.8689045906066895,8.789999961853027,9.09000015258789,8.770000457763672,8.920000076293945,1707400
2010-08-27,6.062532901763916,9.079999923706055,9.100000381469727,8.670000076293945,8.949999809265137,2105500
2010-08-30,5.962381839752197,8.930000305175781,9.170000076293945,8.920000076293945,9.039999961853027,1679600
2010-08-31,5.848875522613525,8.760000228881836,9.0,8.680000305175781,8.899999618530273,1703800
2010-09-01,5.962381839752197,8.930000305175781,9.050000190734863,8.880000114440918,8.960000038146973,2477700
2010-09-02,6.102596282958984,9.140000343322754,9.149999618530273,8.90999984741211,9.029999732971191,1154300
2010-09-03,6.309573650360107,9.449999809265137,9.460000038146973,9.279999732971191,9.279999732971191,1328000
2010-09-07,6.276188850402832,9.399999618530273,9.479999542236328,9.319999694824219,9.369999885559082,1293500
2010-09-08,6.269511699676514,9.390000343322754,9.489999771118164,9.34000015258789,9.40999984741211,2403400
2010-09-09,6.242805480957031,9.350000381469727,9.5600004196167,9.170000076293945,9.5,1477800
2010-09-10,6.182714462280273,9.260000228881836,9.430000305175781,9.239999771118164,9.369999885559082,1067900
2010-09-13,6.51655387878418,9.760000228881836,9.760000228881836,9.319999694824219,9.369999885559082,1496600
2010-09-14,6.5699687004089355,9.84000015258789,9.880000114440918,9.630000114440918,9.699999809265137,1000600
2010-09-15,6.5699687004089355,9.84000015258789,9.920000076293945,9.710000038146973,9.800000190734863,1663800
2010-09-16,6.476495742797852,9.699999809265137,9.859999656677246,9.640000343322754,9.789999961853027,2159700
2010-09-17,6.483170509338379,9.710000038146973,9.850000381469727,9.609999656677246,9.84000015258789,1924800
2010-09-20,6.79697847366333,10.180000305175781,10.229999542236328,9.6899995803833,9.729999542236328,1398900
2010-09-21,6.643412113189697,9.949999809265137,10.220000267028809,9.949999809265137,10.149999618530273,1262800
2010-09-22,6.529908180236816,9.779999732971191,10.020000457763672,9.739999771118164,9.899999618530273,997000
2010-09-23,6.202744960784912,9.289999961853027,9.710000038146973,9.239999771118164,9.649999618530273,1532600
2010-09-24,6.5499372482299805,9.8100004196167,9.8100004196167,9.420000076293945,9.460000038146973,2008000
2010-09-27,6.496525287628174,9.729999542236328,9.829999923706055,9.640000343322754,9.779999732971191,834700
2010-09-28,6.51655387878418,9.760000228881836,9.789999961853027,9.520000457763672,9.789999961853027,1365600
2010-09-29,6.403048515319824,9.59000015258789,9.729999542236328,9.569999694824219,9.6899995803833,1137500
2010-09-30,6.336282730102539,9.489999771118164,9.760000228881836,9.350000381469727,9.65999984741211,1720500
2010-10-01,6.369666576385498,9.539999961853027,9.5600004196167,9.239999771118164,9.5600004196167,1745700
2010-10-04,6.51655387878418,9.760000228881836,9.770000457763672,9.380000114440918,9.529999732971191,1549200
2010-10-05,6.776950836181641,10.149999618530273,10.149999618530273,9.819999694824219,9.890000343322754,2202400
2010-10-06,6.86374568939209,10.279999732971191,10.300000190734863,10.029999732971191,10.100000381469727,1847300
2010-10-07,6.770272254943848,10.140000343322754,10.430000305175781,10.100000381469727,10.369999885559082,1092700
2010-10-08,6.843716621398926,10.25,10.279999732971191,10.0600004196167,10.170000076293945,1597500
2010-10-11,6.890455722808838,10.319999694824219,10.350000381469727,10.180000305175781,10.270000457763672,660000
2010-10-12,6.937193393707275,10.390000343322754,10.430000305175781,10.119999885559082,10.25,855500
2010-10-13,7.177557945251465,10.75,10.979999542236328,10.359999656677246,10.4399995803833,2408200
2010-10-14,7.264354228973389,10.880000114440918,10.880000114440918,10.640000343322754,10.699999809265137,1023000
2010-10-15,7.157527923583984,10.720000267028809,10.989999771118164,10.609999656677246,10.989999771118164,1925300
2010-10-18,7.317773342132568,10.960000038146973,11.0,10.640000343322754,10.729999542236328,1119000
2010-10-19,7.137497425079346,10.6899995803833,10.989999771118164,10.489999771118164,10.720000267028809,1632400
2010-10-20,7.291062831878662,10.920000076293945,11.0600004196167,10.739999771118164,10.789999961853027,1999800
2010-10-21,7.0106377601623535,10.5,11.020000457763672,10.350000381469727,11.010000228881836,1388500
2010-10-22,7.044020652770996,10.550000190734863,10.670000076293945,10.430000305175781,10.520000457763672,689000
2010-10-25,7.090760707855225,10.619999885559082,10.739999771118164,10.579999923706055,10.670000076293945,726300
2010-10-26,7.084082126617432,10.609999656677246,10.65999984741211,10.300000190734863,10.449999809265137,1364200
2010-10-27,7.117466926574707,10.65999984741211,10.6899995803833,10.479999542236328,10.5,1103600
2010-10-28,7.084082126617432,10.609999656677246,10.880000114440918,10.449999809265137,10.8100004196167,874400
2010-10-29,7.06404972076416,10.579999923706055,10.720000267028809,10.479999542236328,10.550000190734863,1016000
2010-11-01,7.057377338409424,10.569999694824219,10.850000381469727,10.470000267028809,10.670000076293945,751500
2010-11-02,7.0106377601623535,10.5,10.819999694824219,10.380000114440918,10.760000228881836,1723100
2010-11-03,6.890455722808838,10.319999694824219,10.5600004196167,10.229999542236328,10.520000457763672,990500
2010-11-04,7.324448108673096,10.970000267028809,11.010000228881836,10.510000228881836,10.539999961853027,1983000
2010-11-05,7.377861499786377,11.050000190734863,11.100000381469727,10.90999984741211,11.0,941300
2010-11-08,7.244324684143066,10.850000381469727,11.039999961853027,10.789999961853027,11.020000457763672,558400
2010-11-09,6.817009449005127,10.210000038146973,10.899999618530273,10.109999656677246,10.899999618530273,1955100
2010-11-10,6.937193393707275,10.390000343322754,10.399999618530273,10.140000343322754,10.279999732971191,1075600
2010-11-11,6.943868160247803,10.399999618530273,10.489999771118164,10.239999771118164,10.270000457763672,798400
2010-11-12,6.850395202636719,10.260000228881836,10.489999771118164,10.229999542236328,10.260000228881836,1422400
2010-11-15,6.716860294342041,10.0600004196167,10.380000114440918,10.020000457763672,10.319999694824219,1207000
2010-11-16,6.489848613739014,9.720000267028809,9.979999542236328,9.40999984741211,9.930000305175781,1838600
2010-11-17,6.489848613739014,9.720000267028809,9.930000305175781,9.619999885559082,9.720000267028809,927200
2010-11-18,6.583320617675781,9.859999656677246,10.010000228881836,9.75,9.890000343322754,920600
2010-11-19,6.703505039215088,10.039999961853027,10.039999961853027,9.779999732971191,9.869999885559082,1156700
2010-11-22,6.696826934814453,10.029999732971191,10.109999656677246,9.890000343322754,9.979999542236328,645300
2010-11-23,6.650092124938965,9.960000038146973,10.010000228881836,9.829999923706055,9.890000343322754,671500
2010-11-24,6.950545310974121,10.40999984741211,10.40999984741211,10.050000190734863,10.050000190734863,735300
2010-11-26,6.9572248458862305,10.420000076293945,10.489999771118164,10.279999732971191,10.279999732971191,297100
2010-11-29,6.890455722808838,10.319999694824219,10.449999809265137,10.180000305175781,10.3100004196167,958100
2010-11-30,7.03066873550415,10.529999732971191,10.529999732971191,10.149999618530273,10.15999984741211,1262800
2010-12-01,7.304414749145508,10.9399995803833,10.979999542236328,10.640000343322754,10.75,1945900
2010-12-02,7.2309722900390625,10.829999923706055,10.989999771118164,10.75,10.949999809265137,850200
2010-12-03,7.324448108673096,10.970000267028809,11.020000457763672,10.609999656677246,10.75,792400
2010-12-06,7.351155757904053,11.010000228881836,11.020000457763672,10.779999732971191,10.920000076293945,467400
2010-12-07,7.437952995300293,11.140000343322754,11.329999923706055,11.069999694824219,11.140000343322754,888900
2010-12-08,7.424597263336182,11.119999885559082,11.260000228881836,10.9399995803833,11.15999984741211,984800
2010-12-09,7.364509105682373,11.029999732971191,11.279999732971191,11.020000457763672,11.220000267028809,725400
2010-12-10,7.344477653503418,11.0,11.170000076293945,10.979999542236328,11.039999961853027,852500
2010-12-13,7.4579854011535645,11.170000076293945,11.3100004196167,10.970000267028809,11.039999961853027,523500
2010-12-14,7.251002788543701,10.859999656677246,11.34000015258789,10.84000015258789,11.199999809265137,844000
2010-12-15,7.244324684143066,10.850000381469727,11.109999656677246,10.84000015258789,10.880000114440918,1545600
2010-12-16,7.391214847564697,11.069999694824219,11.15999984741211,10.84000015258789,10.90999984741211,684800
2010-12-17,7.538106441497803,11.289999961853027,11.40999984741211,11.0,11.09000015258789,2217200
2010-12-20,7.658287525177002,11.470000267028809,11.529999732971191,11.210000038146973,11.300000190734863,759600
2010-12-21,7.711702823638916,11.550000190734863,11.699999809265137,11.479999542236328,11.489999771118164,709800
2010-12-22,7.758439064025879,11.619999885559082,11.65999984741211,11.489999771118164,11.539999961853027,627400
2010-12-23,7.725056171417236,11.569999694824219,11.710000038146973,11.489999771118164,11.640000343322754,574500
2010-12-27,7.985452651977539,11.960000038146973,11.970000267028809,11.510000228881836,11.510000228881836,512900
2010-12-28,7.998800754547119,11.979999542236328,12.079999923706055,11.90999984741211,11.930000305175781,534600
2010-12-29,8.058897018432617,12.069999694824219,12.069999694824219,11.960000038146973,12.039999961853027,485800
2010-12-30,8.065571784973145,12.079999923706055,12.119999885559082,11.970000267028809,12.029999732971191,492100
2010-12-31,8.012158393859863,12.0,12.119999885559082,11.970000267028809,12.039999961853027,449100
2011-01-03,8.239169120788574,12.34000015258789,12.359999656677246,12.069999694824219,12.100000381469727,1404300
2011-01-04,7.905327796936035,11.84000015258789,12.430000305175781,11.8100004196167,12.399999618530273,1562200
2011-01-05,8.159049987792969,12.220000267028809,12.220000267028809,11.720000267028809,11.8100004196167,1255100
2011-01-06,7.925361633300781,11.869999885559082,12.210000038146973,11.8100004196167,12.199999809265137,1018700
2011-01-07,7.978771209716797,11.949999809265137,12.010000228881836,11.800000190734863,11.9399995803833,1445100
2011-01-10,7.998800754547119,11.979999542236328,12.0600004196167,11.770000457763672,11.90999984741211,1396400
2011-01-11,8.065571784973145,12.079999923706055,12.109999656677246,11.920000076293945,12.050000190734863,970400
2011-01-12,8.239169120788574,12.34000015258789,12.34000015258789,12.069999694824219,12.229999542236328,910800
2011-01-13,8.265873908996582,12.380000114440918,12.430000305175781,12.25,12.359999656677246,843400
2011-01-14,8.279231071472168,12.399999618530273,12.5,12.279999732971191,12.369999885559082,843600
2011-01-18,8.37270736694336,12.539999961853027,12.579999923706055,12.34000015258789,12.390000343322754,457300
2011-01-19,8.098954200744629,12.130000114440918,12.3100004196167,12.0,12.0600004196167,9399500
2011-01-20,8.052218437194824,12.0600004196167,12.260000228881836,12.020000457763672,12.09000015258789,1483100
2011-01-21,8.058897018432617,12.069999694824219,12.140000343322754,11.970000267028809,12.109999656677246,1035100
2011-01-24,8.105630874633789,12.140000343322754,12.210000038146973,12.0,12.079999923706055,819400
2011-01-25,8.04554271697998,12.050000190734863,12.1899995803833,11.850000381469727,12.109999656677246,1951500
2011-01-26,8.098954200744629,12.130000114440918,12.199999809265137,12.0,12.140000343322754,1431800
2011-01-27,8.245847702026367,12.350000381469727,12.479999542236328,12.069999694824219,12.210000038146973,1162700
2011-01-28,7.95206880569458,11.90999984741211,12.479999542236328,11.869999885559082,12.359999656677246,1404300
2011-01-31,8.098954200744629,12.130000114440918,12.170000076293945,11.899999618530273,12.0,1938000
2011-02-01,8.386058807373047,12.5600004196167,12.630000114440918,12.0600004196167,12.199999809265137,1298100
2011-02-02,8.199106216430664,12.279999732971191,12.520000457763672,12.220000267028809,12.5,623400
2011-02-03,8.18575668334961,12.260000228881836,12.359999656677246,12.140000343322754,12.260000228881836,855000
2011-02-04,8.132343292236328,12.180000305175781,12.279999732971191,12.020000457763672,12.260000228881836,879900
2011-02-07,8.299259185791016,12.430000305175781,12.600000381469727,12.180000305175781,12.239999771118164,848800
2011-02-08,8.265873908996582,12.380000114440918,12.449999809265137,12.260000228881836,12.449999809265137,954500
2011-02-09,8.205781936645508,12.289999961853027,12.460000038146973,12.170000076293945,12.34000015258789,864500
2011-02-10,8.165725708007812,12.229999542236328,12.380000114440918,12.050000190734863,12.1899995803833,1089800
2011-02-11,8.232492446899414,12.329999923706055,12.350000381469727,12.0600004196167,12.220000267028809,1643600
2011-02-14,8.232492446899414,12.329999923706055,12.470000267028809,12.270000457763672,12.350000381469727,623200
2011-02-15,8.112308502197266,12.149999618530273,12.319999694824219,12.140000343322754,12.279999732971191,916900
2011-02-16,8.125664710998535,12.170000076293945,12.300000190734863,12.039999961853027,12.199999809265137,616300
2011-02-17,8.105630874633789,12.140000343322754,12.279999732971191,12.109999656677246,12.119999885559082,612500
2011-02-18,8.118986129760742,12.15999984741211,12.25,12.09000015258789,12.199999809265137,1204500
2011-02-22,7.791823387145996,11.670000076293945,12.149999618530273,11.65999984741211,12.0,1208300
2011-02-23,7.678320407867432,11.5,11.729999542236328,11.390000343322754,11.670000076293945,1164900
2011-02-24,7.63825798034668,11.4399995803833,11.569999694824219,11.25,11.510000228881836,2257200
2011-02-25,7.8585944175720215,11.770000457763672,11.869999885559082,11.470000267028809,11.520000457763672,1267200
2011-02-28,7.851917266845703,11.760000228881836,11.989999771118164,11.720000267028809,11.890000343322754,1438100
2011-03-01,7.691669464111328,11.520000457763672,11.949999809265137,11.300000190734863,11.949999809265137,2245600
2011-03-02,7.845236778259277,11.75,11.84000015258789,11.399999618530273,11.479999542236328,2077900
2011-03-03,7.905327796936035,11.84000015258789,11.949999809265137,11.760000228881836,11.880000114440918,1848100
2011-03-04,7.745088577270508,11.600000381469727,11.859999656677246,11.5,11.850000381469727,1162100
2011-03-07,7.484688758850098,11.210000038146973,11.710000038146973,11.149999618530273,11.619999885559082,1103800
2011-03-08,7.5781660079956055,11.350000381469727,11.5,11.1899995803833,11.25,1481300
2011-03-09,7.51139497756958,11.25,11.390000343322754,11.210000038146973,11.34000015258789,1714100
2011-03-10,7.397891521453857,11.079999923706055,11.180000305175781,10.899999618530273,11.109999656677246,2855700
2011-03-11,7.397891521453857,11.079999923706055,11.1899995803833,10.960000038146973,11.0,1039800
2011-03-14,7.291062831878662,10.920000076293945,11.050000190734863,10.800000190734863,10.960000038146973,923800
2011-03-15,7.06404972076416,10.579999923706055,10.770000457763672,10.5,10.600000381469727,1508400
2011-03-16,6.9772539138793945,10.449999809265137,10.609999656677246,10.369999885559082,10.579999923706055,2435300
2011-03-17,7.130820274353027,10.680000305175781,10.770000457763672,10.529999732971191,10.6899995803833,1331200
2011-03-18,7.4112443923950195,11.100000381469727,11.109999656677246,10.729999542236328,10.770000457763672,2438100
2011-03-21,7.45130729675293,11.15999984741211,11.300000190734863,11.100000381469727,11.279999732971191,1418000
2011-03-22,7.4112443923950195,11.100000381469727,11.289999961853027,11.029999732971191,11.199999809265137,963500
2011-03-23,7.377619743347168,10.970000267028809,11.15999984741211,10.770000457763672,11.039999961853027,1242100
2011-03-24,7.498672008514404,11.149999618530273,11.180000305175781,10.829999923706055,11.029999732971191,1100700
2011-03-25,7.6264543533325195,11.34000015258789,11.449999809265137,11.140000343322754,11.210000038146973,754700
2011-03-28,7.270017623901367,10.8100004196167,11.420000076293945,10.710000038146973,11.420000076293945,1636200
2011-03-29,7.37089729309082,10.960000038146973,11.069999694824219,10.699999809265137,10.819999694824219,657100
2011-03-30,7.491949558258057,11.140000343322754,11.15999984741211,10.9399995803833,11.020000457763672,714500
2011-03-31,7.512126922607422,11.170000076293945,11.199999809265137,11.039999961853027,11.109999656677246,1217200
2011-04-01,7.5322980880737305,11.199999809265137,11.25,11.050000190734863,11.239999771118164,1506100
2011-04-04,7.391069412231445,10.989999771118164,11.270000457763672,10.9399995803833,11.210000038146973,1336600
2011-04-05,7.512126922607422,11.170000076293945,11.199999809265137,10.9399995803833,10.979999542236328,1038800
2011-04-06,7.471773147583008,11.109999656677246,11.220000267028809,11.0600004196167,11.220000267028809,940800
2011-04-07,7.4112443923950195,11.020000457763672,11.140000343322754,10.90999984741211,11.109999656677246,1599700
2011-04-08,7.276738166809082,10.819999694824219,11.130000114440918,10.75,11.100000381469727,884300
2011-04-11,7.243113040924072,10.770000457763672,10.920000076293945,10.699999809265137,10.800000190734863,815400
2011-04-12,7.001002311706543,10.40999984741211,10.739999771118164,10.359999656677246,10.670000076293945,3096500
2011-04-13,7.048080921173096,10.479999542236328,10.529999732971191,10.380000114440918,10.470000267028809,1150400
2011-04-14,7.1691365242004395,10.65999984741211,10.699999809265137,10.390000343322754,10.40999984741211,1298400
2011-04-15,7.29019021987915,10.84000015258789,10.869999885559082,10.640000343322754,10.649999618530273,912000
2011-04-18,7.182587146759033,10.680000305175781,10.760000228881836,10.539999961853027,10.630000114440918,1300800
2011-04-19,7.323818683624268,10.890000343322754,10.90999984741211,10.699999809265137,10.729999542236328,1096500
2011-04-20,7.5322980880737305,11.199999809265137,11.199999809265137,10.970000267028809,11.079999923706055,1837400
2011-04-21,7.794586658477783,11.59000015258789,11.609999656677246,11.210000038146973,11.3100004196167,1255200
2011-04-25,7.922363758087158,11.779999732971191,11.90999984741211,11.529999732971191,11.550000190734863,1931000
2011-04-26,7.962716102600098,11.84000015258789,11.9399995803833,11.710000038146973,11.84000015258789,2003600
2011-04-27,8.043421745300293,11.960000038146973,12.020000457763672,11.800000190734863,11.819999694824219,1248500
2011-04-28,8.144299507141113,12.109999656677246,12.15999984741211,11.899999618530273,11.930000305175781,1784800
2011-04-29,8.097222328186035,12.039999961853027,12.140000343322754,11.869999885559082,12.109999656677246,1341900
2011-05-02,7.969442367553711,11.850000381469727,12.149999618530273,11.760000228881836,12.130000114440918,1704900
2011-05-03,7.599554061889648,11.300000190734863,11.930000305175781,10.930000305175781,11.84000015258789,2840700
2011-05-04,7.3843464851379395,10.979999542236328,11.329999923706055,10.800000190734863,11.270000457763672,2276600
2011-05-05,7.397795677185059,11.0,11.039999961853027,10.699999809265137,10.859999656677246,3100300
2011-05-06,7.364166259765625,10.949999809265137,11.170000076293945,10.779999732971191,11.15999984741211,2066700
2011-05-09,7.397795677185059,11.0,11.050000190734863,10.850000381469727,10.880000114440918,1499600
2011-05-10,7.592829704284668,11.289999961853027,11.289999961853027,11.039999961853027,11.079999923706055,1592900
2011-05-11,7.498672008514404,11.149999618530273,11.279999732971191,11.0600004196167,11.239999771118164,1206900
2011-05-12,7.451596260070801,11.079999923706055,11.15999984741211,10.970000267028809,11.050000190734863,1157900
2011-05-13,7.350717067718506,10.930000305175781,11.130000114440918,10.819999694824219,11.100000381469727,904900
2011-05-16,7.249835968017578,10.779999732971191,10.989999771118164,10.739999771118164,10.850000381469727,908100
2011-05-17,7.276738166809082,10.819999694824219,10.890000343322754,10.699999809265137,10.729999542236328,2001000
2011-05-18,7.3372650146484375,10.90999984741211,10.930000305175781,10.75,10.880000114440918,1209500
2011-05-19,7.37089729309082,10.960000038146973,11.020000457763672,10.850000381469727,10.979999542236328,856500
2011-05-20,7.270017623901367,10.8100004196167,10.979999542236328,10.739999771118164,10.890000343322754,1159200
2011-05-23,7.175861358642578,10.670000076293945,10.850000381469727,10.5600004196167,10.619999885559082,1204700
2011-05-24,7.236389636993408,10.760000228881836,10.859999656677246,10.649999618530273,10.680000305175781,1089300
2011-05-25,7.33054256439209,10.899999618530273,10.9399995803833,10.600000381469727,10.720000267028809,1205100
2011-05-26,7.539024353027344,11.210000038146973,11.260000228881836,10.859999656677246,10.869999885559082,1337200
2011-05-27,7.646631717681885,11.369999885559082,11.399999618530273,11.1899995803833,11.25,718200
2011-05-31,7.734060764312744,11.5,11.600000381469727,11.329999923706055,11.520000457763672,1991400
2011-06-01,7.417971134185791,11.029999732971191,11.529999732971191,11.0,11.449999809265137,1654100
2011-06-02,7.391069412231445,10.989999771118164,11.1899995803833,10.9399995803833,11.029999732971191,772700
2011-06-03,7.4381489753723145,11.0600004196167,11.140000343322754,10.729999542236328,10.760000228881836,1001500
2011-06-06,7.22293758392334,10.739999771118164,11.149999618530273,10.720000267028809,11.069999694824219,748200
2011-06-07,7.236389636993408,10.760000228881836,10.920000076293945,10.760000228881836,10.8100004196167,655900
2011-06-08,7.196038722991943,10.699999809265137,10.890000343322754,10.670000076293945,10.699999809265137,2057200
2011-06-09,7.054806709289551,10.489999771118164,10.760000228881836,10.319999694824219,10.760000228881836,1357500
2011-06-10,6.731993675231934,10.010000228881836,10.430000305175781,9.930000305175781,10.420000076293945,2207600
2011-06-13,6.671466827392578,9.920000076293945,10.140000343322754,9.760000228881836,10.039999961853027,961500
2011-06-14,6.812696933746338,10.130000114440918,10.270000457763672,10.0,10.039999961853027,985000
2011-06-15,6.609333038330078,9.75,10.029999732971191,9.65999984741211,9.970000267028809,1071000
2011-06-16,6.6161112785339355,9.760000228881836,9.949999809265137,9.609999656677246,9.789999961853027,1714800
2011-06-17,6.785582065582275,10.010000228881836,10.170000076293945,9.789999961853027,9.890000343322754,2211100
2011-06-20,6.81947660446167,10.0600004196167,10.149999618530273,9.850000381469727,9.930000305175781,1463700
2011-06-21,6.927937984466553,10.220000267028809,10.289999961853027,10.039999961853027,10.130000114440918,1106500
2011-06-22,6.812696933746338,10.050000190734863,10.260000228881836,10.020000457763672,10.149999618530273,1460000
2011-06-23,6.744907855987549,9.949999809265137,10.09000015258789,9.760000228881836,9.869999885559082,1074600
2011-06-24,6.772024154663086,9.989999771118164,10.0600004196167,9.859999656677246,9.960000038146973,1147500
2011-06-27,6.826252460479736,10.069999694824219,10.109999656677246,9.890000343322754,9.9399995803833,1043000
2011-06-28,7.049953460693359,10.399999618530273,10.460000038146973,10.020000457763672,10.09000015258789,1106600
2011-06-29,7.1923089027404785,10.609999656677246,10.640000343322754,10.399999618530273,10.460000038146973,1162300
2011-06-30,7.273653984069824,10.729999542236328,10.8100004196167,10.59000015258789,10.640000343322754,1530800
2011-07-01,7.483797073364258,11.039999961853027,11.069999694824219,10.6899995803833,10.739999771118164,1435700
2011-07-05,7.585482120513916,11.1899995803833,11.229999542236328,10.949999809265137,11.0600004196167,1797900
2011-07-06,7.551585674285889,11.140000343322754,11.170000076293945,10.9399995803833,11.149999618530273,1436700
2011-07-07,7.68716287612915,11.34000015258789,11.5,11.199999809265137,11.289999961853027,853600
2011-07-08,7.551585674285889,11.140000343322754,11.279999732971191,11.09000015258789,11.130000114440918,1803800
2011-07-11,7.348223686218262,10.84000015258789,11.050000190734863,10.819999694824219,10.989999771118164,910100
2011-07-12,7.327887535095215,10.8100004196167,11.039999961853027,10.770000457763672,10.800000190734863,1100900
2011-07-13,7.280433177947998,10.739999771118164,11.020000457763672,10.739999771118164,10.880000114440918,1099500
2011-07-14,7.002501964569092,10.329999923706055,10.819999694824219,10.260000228881836,10.789999961853027,2239200
2011-07-15,7.131300449371338,10.520000457763672,10.569999694824219,10.289999961853027,10.430000305175781,1734600
2011-07-18,6.955051898956299,10.260000228881836,10.489999771118164,10.1899995803833,10.40999984741211,1992800
2011-07-19,7.0702924728393555,10.430000305175781,10.430000305175781,10.289999961853027,10.369999885559082,1532700
2011-07-20,7.144859790802002,10.539999961853027,10.619999885559082,10.329999923706055,10.430000305175781,1159400
2011-07-21,7.171971797943115,10.579999923706055,10.720000267028809,10.489999771118164,10.619999885559082,1217300
2011-07-22,7.117743015289307,10.5,10.59000015258789,10.399999618530273,10.579999923706055,801300
2011-07-25,6.93471622467041,10.229999542236328,10.390000343322754,9.979999542236328,10.300000190734863,1387600
2011-07-26,7.06351375579834,10.420000076293945,10.489999771118164,9.34000015258789,9.34000015258789,3100400
2011-07-27,6.81947660446167,10.0600004196167,10.399999618530273,10.039999961853027,10.369999885559082,1992400
2011-07-28,6.894043922424316,10.170000076293945,10.260000228881836,9.949999809265137,10.09000015258789,1383700
2011-07-29,6.927937984466553,10.220000267028809,10.229999542236328,9.920000076293945,10.029999732971191,1225700
2011-08-01,6.81947660446167,10.0600004196167,10.390000343322754,9.930000305175781,10.369999885559082,1478900
2011-08-02,6.582217216491699,9.710000038146973,10.119999885559082,9.670000076293945,9.979999542236328,1779300
2011-08-03,6.5551042556762695,9.670000076293945,9.729999542236328,9.25,9.729999542236328,1759500
2011-08-04,6.033135890960693,8.899999618530273,9.5600004196167,8.890000343322754,9.510000228881836,2096000
2011-08-05,5.836548328399658,8.609999656677246,9.069999694824219,8.350000381469727,9.050000190734863,3106900
2011-08-08,5.111217975616455,7.539999961853027,8.430000305175781,7.46999979019165,8.170000076293945,3619100
2011-08-09,5.436600685119629,8.020000457763672,8.029999732971191,7.179999828338623,7.739999771118164,4379100
2011-08-10,5.158669948577881,7.610000133514404,8.069999694824219,7.489999771118164,7.78000020980835,5726800
2011-08-11,5.463714599609375,8.0600004196167,8.25,7.550000190734863,7.670000076293945,3129200
2011-08-12,5.423042297363281,8.0,8.239999771118164,7.920000076293945,8.119999885559082,2120800
2011-08-15,5.6941938400268555,8.399999618530273,8.40999984741211,8.079999923706055,8.09000015258789,2171000
2011-08-16,5.545061111450195,8.180000305175781,8.380000114440918,8.130000114440918,8.270000457763672,2071500
2011-08-17,5.5992913246154785,8.260000228881836,8.300000190734863,8.069999694824219,8.260000228881836,1731000
2011-08-18,5.117995738983154,7.550000190734863,8.0,7.460000038146973,7.940000057220459,2455500
2011-08-19,4.88751745223999,7.210000038146973,7.590000152587891,7.199999809265137,7.329999923706055,2507400
2011-08-22,4.840064525604248,7.139999866485596,7.420000076293945,7.0,7.409999847412109,3218500
2011-08-23,4.9485273361206055,7.300000190734863,7.340000152587891,7.090000152587891,7.179999828338623,2982200
2011-08-24,5.070544719696045,7.480000019073486,7.519999980926514,7.230000019073486,7.269999980926514,3068100
2011-08-25,4.941746711730957,7.289999961853027,7.639999866485596,7.230000019073486,7.559999942779541,3029300
2011-08-26,4.8942952156066895,7.21999979019165,7.349999904632568,7.010000228881836,7.159999847412109,2655100
2011-08-29,5.212899208068848,7.690000057220459,7.690000057220459,7.289999961853027,7.329999923706055,1103400
2011-08-30,5.267127990722656,7.769999980926514,7.809999942779541,7.480000019073486,7.639999866485596,1521400
2011-08-31,5.246793746948242,7.739999771118164,7.989999771118164,7.699999809265137,7.820000171661377,2450500
2011-09-01,5.158669948577881,7.610000133514404,7.849999904632568,7.519999980926514,7.670000076293945,2241200
2011-09-02,4.84684419631958,7.150000095367432,7.429999828338623,7.150000095367432,7.329999923706055,1622000
2011-09-06,4.873959064483643,7.190000057220459,7.260000228881836,6.96999979019165,7.0,2694400
2011-09-07,5.196147441864014,7.579999923706055,7.579999923706055,7.150000095367432,7.230000019073486,1587900
2011-09-08,5.059046268463135,7.380000114440918,7.650000095367432,7.309999942779541,7.550000190734863,1640900
2011-09-09,4.832828521728516,7.050000190734863,7.309999942779541,6.940000057220459,7.269999980926514,1779300
2011-09-12,4.9082350730896,7.159999847412109,7.179999828338623,6.860000133514404,6.889999866485596,1497100
2011-09-13,4.976786136627197,7.260000228881836,7.329999923706055,7.079999923706055,7.179999828338623,1386000
2011-09-14,5.134451866149902,7.489999771118164,7.590000152587891,7.159999847412109,7.340000152587891,1511000
2011-09-15,5.250988006591797,7.659999847412109,7.699999809265137,7.409999847412109,7.550000190734863,1061600
2011-09-16,5.436075687408447,7.929999828338623,7.940000057220459,7.550000190734863,7.71999979019165,2015400
2011-09-19,5.182436943054199,7.559999942779541,7.809999942779541,7.409999847412109,7.730000019073486,1332300
2011-09-20,5.093322277069092,7.429999828338623,7.639999866485596,7.420000076293945,7.559999942779541,1394000
2011-09-21,4.743712902069092,6.920000076293945,7.489999771118164,6.900000095367432,7.449999809265137,1414900
2011-09-22,4.709437370300293,6.869999885559082,6.989999771118164,6.539999961853027,6.579999923706055,2395900
2011-09-23,4.709437370300293,6.869999885559082,6.929999828338623,6.400000095367432,6.400000095367432,2622900
2011-09-26,4.887670040130615,7.130000114440918,7.150000095367432,6.809999942779541,6.96999979019165,1262500
2011-09-27,4.963075637817383,7.239999771118164,7.590000152587891,7.170000076293945,7.329999923706055,2150900
2011-09-28,4.791696548461914,6.989999771118164,7.340000152587891,6.96999979019165,7.269999980926514,1628600
2011-09-29,4.949365139007568,7.21999979019165,7.25,6.929999828338623,7.210000038146973,2101700
2011-09-30,4.791696548461914,6.989999771118164,7.25,6.980000019073486,7.139999866485596,1348000
2011-10-03,4.469510555267334,6.519999980926514,7.179999828338623,6.510000228881836,6.960000038146973,2734400
2011-10-04,4.798553466796875,7.0,7.019999980926514,6.300000190734863,6.420000076293945,2900000
2011-10-05,4.805407524108887,7.010000228881836,7.099999904632568,6.610000133514404,7.019999980926514,1372400
2011-10-06,5.004207134246826,7.300000190734863,7.309999942779541,6.920000076293945,6.980000019073486,1531700
2011-10-07,4.805407524108887,7.010000228881836,7.440000057220459,6.96999979019165,7.340000152587891,1885100
2011-10-10,5.1207404136657715,7.46999979019165,7.46999979019165,7.139999866485596,7.179999828338623,1810000
2011-10-11,5.1207404136657715,7.46999979019165,7.559999942779541,7.329999923706055,7.420000076293945,1147700
2011-10-12,5.374379634857178,7.840000152587891,8.039999961853027,7.320000171661377,7.539999961853027,2089700
2011-10-13,5.257842540740967,7.670000076293945,7.829999923706055,7.489999771118164,7.739999771118164,1644400
2011-10-14,5.4909162521362305,8.010000228881836,8.050000190734863,7.789999961853027,7.789999961853027,1348000
2011-10-17,5.223567962646484,7.619999885559082,7.929999828338623,7.579999923706055,7.909999847412109,1699100
2011-10-18,5.552611351013184,8.100000381469727,8.1899995803833,7.550000190734863,7.659999847412109,2025500
2011-10-19,5.545755863189697,8.09000015258789,8.670000076293945,8.010000228881836,8.670000076293945,2115300
2011-10-20,5.415510654449463,7.900000095367432,8.029999732971191,7.590000152587891,7.889999866485596,1947900
2011-10-21,5.648583889007568,8.239999771118164,8.25,7.940000057220459,8.069999694824219,1245700
2011-10-24,5.867945671081543,8.5600004196167,8.5600004196167,8.119999885559082,8.229999542236328,1063500
2011-10-25,5.607452869415283,8.180000305175781,8.470000267028809,8.15999984741211,8.449999809265137,1499500
2011-10-26,5.799394607543945,8.460000038146973,8.510000228881836,8.119999885559082,8.350000381469727,1518800
2011-10-27,6.484902381896973,9.460000038146973,9.630000114440918,8.869999885559082,8.869999885559082,3569400
2011-10-28,6.436915874481201,9.390000343322754,9.5,9.279999732971191,9.430000305175781,1684200
2011-10-31,6.20384407043457,9.050000190734863,9.3100004196167,9.029999732971191,9.180000305175781,1237900
2011-11-01,5.902219295501709,8.609999656677246,8.9399995803833,8.520000457763672,8.65999984741211,3309600
2011-11-02,6.1284379959106445,8.9399995803833,9.0600004196167,8.670000076293945,8.8100004196167,1448600
2011-11-03,6.354657173156738,9.270000457763672,9.329999923706055,8.760000228881836,9.119999885559082,1056700
2011-11-04,6.2792510986328125,9.15999984741211,9.220000267028809,8.920000076293945,9.119999885559082,813200
2011-11-07,6.272395133972168,9.149999618530273,9.319999694824219,8.899999618530273,9.140000343322754,670800
2011-11-08,6.320382118225098,9.220000267028809,9.279999732971191,8.850000381469727,9.1899995803833,1090000
2011-11-09,5.881656646728516,8.579999923706055,8.960000038146973,8.569999694824219,8.880000114440918,1474500
2011-11-10,5.8405256271362305,8.520000457763672,8.789999961853027,8.470000267028809,8.789999961853027,1339200
2011-11-11,6.16271448135376,8.989999771118164,9.079999923706055,8.609999656677246,8.670000076293945,1237000
2011-11-14,5.936496734619141,8.65999984741211,9.020000457763672,8.569999694824219,8.90999984741211,1037400
2011-11-15,6.101018905639648,8.899999618530273,8.960000038146973,8.5600004196167,8.579999923706055,764400
2011-11-16,6.011902809143066,8.770000457763672,9.0600004196167,8.699999809265137,8.75,979900
2011-11-17,5.922786235809326,8.640000343322754,8.880000114440918,8.59000015258789,8.739999771118164,1147800
2011-11-18,5.991336345672607,8.739999771118164,8.800000190734863,8.59000015258789,8.65999984741211,797000
2011-11-21,5.696568489074707,8.3100004196167,8.529999732971191,8.260000228881836,8.5,1105400
2011-11-22,5.676003456115723,8.279999732971191,8.449999809265137,8.180000305175781,8.319999694824219,1067000
2011-11-23,5.442931652069092,7.940000057220459,8.270000457763672,7.889999866485596,8.170000076293945,1414400
2011-11-25,5.463495254516602,7.96999979019165,8.180000305175781,7.869999885559082,7.909999847412109,554500
2011-11-28,5.833669185638428,8.510000228881836,8.539999961853027,8.289999961853027,8.329999923706055,1252700
2011-11-29,5.710278511047363,8.329999923706055,8.649999618530273,8.300000190734863,8.529999732971191,1124100
2011-11-30,6.018755912780762,8.779999732971191,9.010000228881836,8.6899995803833,8.739999771118164,3459000
2011-12-01,6.053030490875244,8.829999923706055,8.920000076293945,8.5600004196167,8.760000228881836,1139800
2011-12-02,6.20384407043457,9.050000190734863,9.279999732971191,8.989999771118164,9.0,1100700
2011-12-05,6.272395133972168,9.149999618530273,9.34000015258789,9.039999961853027,9.229999542236328,1315700
2011-12-06,6.340946197509766,9.25,9.329999923706055,9.069999694824219,9.140000343322754,1440900
2011-12-07,6.436915874481201,9.390000343322754,9.470000267028809,9.0600004196167,9.180000305175781,1146000
2011-12-08,6.176423072814941,9.010000228881836,9.300000190734863,8.989999771118164,9.260000228881836,1964700
2011-12-09,6.4094953536987305,9.350000381469727,9.430000305175781,9.0,9.050000190734863,1122300
2011-12-12,6.41635274887085,9.359999656677246,9.369999885559082,8.989999771118164,9.210000038146973,1409600
2011-12-13,6.286104679107666,9.170000076293945,9.579999923706055,9.069999694824219,9.479999542236328,1072100
2011-12-14,6.1284379959106445,8.9399995803833,9.25,8.920000076293945,9.079999923706055,1413600
2011-12-15,6.1901326179504395,9.029999732971191,9.109999656677246,8.84000015258789,9.100000381469727,941600
2011-12-16,6.320382118225098,9.220000267028809,9.300000190734863,9.069999694824219,9.140000343322754,2444600
2011-12-19,6.306670665740967,9.199999809265137,9.380000114440918,9.119999885559082,9.279999732971191,1713300
2011-12-20,6.669989585876465,9.729999542236328,9.760000228881836,9.369999885559082,9.430000305175781,1161600
2011-12-21,6.669989585876465,9.729999542236328,9.800000190734863,9.5600004196167,9.680000305175781,654900
2011-12-22,6.724829196929932,9.8100004196167,9.979999542236328,9.770000457763672,9.800000190734863,750400
2011-12-23,6.7522501945495605,9.850000381469727,9.890000343322754,9.760000228881836,9.850000381469727,377800
2011-12-27,6.807089805603027,9.930000305175781,10.09000015258789,9.729999542236328,9.789999961853027,534800
2011-12-28,6.648143768310547,9.619999885559082,10.1899995803833,9.619999885559082,9.859999656677246,735800
2011-12-29,6.73107385635376,9.739999771118164,9.779999732971191,9.630000114440918,9.720000267028809,651700
2011-12-30,6.661966323852539,9.640000343322754,9.819999694824219,9.640000343322754,9.699999809265137,775500
2012-01-03,6.800178527832031,9.84000015258789,10.020000457763672,9.699999809265137,9.960000038146973,1528000
2012-01-04,6.744894981384277,9.760000228881836,9.890000343322754,9.640000343322754,9.819999694824219,1209200
2012-01-05,6.807089805603027,9.850000381469727,9.979999542236328,9.539999961853027,9.65999984741211,969900
2012-01-06,6.696517467498779,9.6899995803833,9.949999809265137,9.6899995803833,9.869999885559082,1337200
2012-01-09,6.744894981384277,9.760000228881836,9.8100004196167,9.59000015258789,9.75,1401600
2012-01-10,6.9107513427734375,10.0,10.09000015258789,9.9399995803833,9.9399995803833,1374500
2012-01-11,7.0005927085876465,10.130000114440918,10.1899995803833,9.90999984741211,9.90999984741211,828900
2012-01-12,7.014412879943848,10.149999618530273,10.1899995803833,9.989999771118164,10.180000305175781,571200
2012-01-13,6.917661190032959,10.010000228881836,10.130000114440918,9.899999618530273,9.979999542236328,712200
2012-01-17,7.0005927085876465,10.130000114440918,10.25,10.039999961853027,10.119999885559082,646700
2012-01-18,7.104253768920898,10.279999732971191,10.329999923706055,10.079999923706055,10.09000015258789,951100
2012-01-19,7.166451454162598,10.369999885559082,10.510000228881836,10.1899995803833,10.289999961853027,1247600
2012-01-20,7.477433204650879,10.819999694824219,10.829999923706055,10.279999732971191,10.369999885559082,1132000
2012-01-23,7.415235996246338,10.729999542236328,10.890000343322754,10.430000305175781,10.84000015258789,1268200
2012-01-24,7.373772144317627,10.670000076293945,10.850000381469727,10.539999961853027,10.609999656677246,1207000
2012-01-25,7.429059982299805,10.75,10.8100004196167,10.5,10.630000114440918,2017200
2012-01-26,7.339216709136963,10.619999885559082,10.949999809265137,10.579999923706055,10.819999694824219,1318500
2012-01-27,7.32539701461792,10.600000381469727,10.65999984741211,10.489999771118164,10.569999694824219,825000
2012-01-30,7.214824199676514,10.4399995803833,10.5,10.350000381469727,10.460000038146973,962900
2012-01-31,7.28393030166626,10.539999961853027,10.609999656677246,10.390000343322754,10.5,1576800
2012-02-01,7.449792385101318,10.779999732971191,10.920000076293945,10.569999694824219,10.619999885559082,1818600
2012-02-02,7.429059982299805,10.75,10.850000381469727,10.699999809265137,10.800000190734863,1022200
2012-02-03,7.567275524139404,10.949999809265137,11.010000228881836,10.800000190734863,10.949999809265137,1633300
2012-02-06,7.58800745010376,10.979999542236328,11.0,10.84000015258789,10.880000114440918,666400
2012-02-07,7.525809288024902,10.890000343322754,10.970000267028809,10.850000381469727,10.930000305175781,970700
2012-02-08,7.546542644500732,10.920000076293945,11.010000228881836,10.8100004196167,10.9399995803833,1000500
2012-02-09,7.449792385101318,10.779999732971191,10.970000267028809,10.6899995803833,10.949999809265137,714900
2012-02-10,7.318486213684082,10.59000015258789,10.739999771118164,10.579999923706055,10.619999885559082,628400
2012-02-13,7.449792385101318,10.779999732971191,10.84000015258789,10.699999809265137,10.760000228881836,873100
2012-02-14,7.166451454162598,10.369999885559082,10.729999542236328,10.3100004196167,10.710000038146973,1262000
2012-02-15,7.1111650466918945,10.289999961853027,10.4399995803833,10.220000267028809,10.390000343322754,1064200
2012-02-16,7.194091796875,10.40999984741211,10.470000267028809,10.270000457763672,10.270000457763672,2735700
2012-02-17,7.263200759887695,10.510000228881836,10.520000457763672,10.350000381469727,10.449999809265137,1445700
2012-02-21,7.1111650466918945,10.289999961853027,10.569999694824219,10.149999618530273,10.529999732971191,1123100
2012-02-22,6.94530725479126,10.050000190734863,10.40999984741211,10.039999961853027,10.289999961853027,1234300
2012-02-23,7.131895065307617,10.319999694824219,10.329999923706055,10.029999732971191,10.079999923706055,816600
2012-02-24,7.12498664855957,10.3100004196167,10.479999542236328,10.239999771118164,10.3100004196167,616700
2012-02-27,7.097342014312744,10.270000457763672,10.420000076293945,10.09000015258789,10.1899995803833,1511400
2012-02-28,7.118076801300049,10.300000190734863,10.34000015258789,10.199999809265137,10.3100004196167,1491000
2012-02-29,6.883108139038086,9.960000038146973,10.369999885559082,9.90999984741211,10.3100004196167,3341900
2012-03-01,6.807089805603027,9.850000381469727,9.949999809265137,9.75,9.789999961853027,2483400
2012-03-02,6.807089805603027,9.850000381469727,10.069999694824219,9.829999923706055,9.850000381469727,1797500
2012-03-05,6.800178527832031,9.84000015258789,9.869999885559082,9.59000015258789,9.800000190734863,1570300
2012-03-06,6.59976863861084,9.550000190734863,9.770000457763672,9.510000228881836,9.729999542236328,1421700
2012-03-07,6.682697296142578,9.670000076293945,9.680000305175781,9.479999542236328,9.619999885559082,1821100
2012-03-08,6.703429698944092,9.699999809265137,9.739999771118164,9.59000015258789,9.739999771118164,919500
2012-03-09,6.717250347137451,9.720000267028809,9.859999656677246,9.65999984741211,9.699999809265137,1217400
2012-03-12,6.661966323852539,9.640000343322754,9.8100004196167,9.600000381469727,9.75,1244100
2012-03-13,6.9383955001831055,10.039999961853027,10.079999923706055,9.6899995803833,9.760000228881836,1551300
2012-03-14,6.86928653717041,9.9399995803833,10.050000190734863,9.890000343322754,10.010000228881836,1041300
2012-03-15,6.883108139038086,9.960000038146973,10.010000228881836,9.859999656677246,9.970000267028809,982800
2012-03-16,6.807089805603027,9.850000381469727,9.9399995803833,9.84000015258789,9.920000076293945,2043700
2012-03-19,6.959127902984619,10.069999694824219,10.149999618530273,9.850000381469727,9.890000343322754,1641600
2012-03-20,6.94530725479126,10.050000190734863,10.130000114440918,9.960000038146973,9.960000038146973,1822700
2012-03-21,6.952271461486816,9.979999542236328,10.09000015258789,9.850000381469727,10.0,1089200
2012-03-22,6.81294584274292,9.779999732971191,9.90999984741211,9.6899995803833,9.850000381469727,958300
2012-03-23,6.8895769119262695,9.890000343322754,9.890000343322754,9.6899995803833,9.739999771118164,2805000
2012-03-26,7.140360355377197,10.25,10.260000228881836,9.960000038146973,10.039999961853027,4152600
2012-03-27,7.119460582733154,10.220000267028809,10.319999694824219,10.220000267028809,10.229999542236328,1937700
2012-03-28,7.105526447296143,10.199999809265137,10.260000228881836,10.069999694824219,10.220000267028809,1567300
2012-03-29,7.028900623321533,10.09000015258789,10.15999984741211,9.970000267028809,10.079999923706055,2949700
2012-03-30,7.168224334716797,10.289999961853027,10.319999694824219,10.100000381469727,10.1899995803833,1348700
2012-04-02,7.363278388977051,10.569999694824219,10.569999694824219,10.229999542236328,10.229999542236328,2015700
2012-04-03,7.34237813949585,10.539999961853027,10.680000305175781,10.489999771118164,10.5,1484100
2012-04-04,7.203055381774902,10.34000015258789,10.430000305175781,10.25,10.380000114440918,1010500
2012-04-05,7.18215799331665,10.3100004196167,10.380000114440918,10.25,10.25,767500
2012-04-09,6.973168849945068,10.010000228881836,10.170000076293945,10.0,10.109999656677246,1034900
2012-04-10,6.7432861328125,9.680000305175781,10.020000457763672,9.65999984741211,9.989999771118164,1559300
2012-04-11,6.980135440826416,10.020000457763672,10.050000190734863,9.760000228881836,9.789999961853027,1934700
2012-04-12,7.161259651184082,10.279999732971191,10.329999923706055,10.0,10.039999961853027,1209900
2012-04-13,7.021933555603027,10.079999923706055,10.25,10.079999923706055,10.1899995803833,753400
2012-04-16,7.098563194274902,10.1899995803833,10.34000015258789,10.109999656677246,10.15999984741211,1080400
2012-04-17,7.168224334716797,10.289999961853027,10.399999618530273,10.229999542236328,10.3100004196167,1033700
2012-04-18,7.056766510009766,10.130000114440918,10.239999771118164,10.109999656677246,10.210000038146973,656200
2012-04-19,7.286648273468018,10.460000038146973,10.550000190734863,10.170000076293945,10.180000305175781,2129900
2012-04-20,7.439904689788818,10.680000305175781,10.75,10.579999923706055,10.65999984741211,1777000
2012-04-23,7.265750408172607,10.430000305175781,10.579999923706055,10.350000381469727,10.5,1630100
2012-04-24,7.370245933532715,10.579999923706055,10.579999923706055,10.369999885559082,10.40999984741211,1431000
2012-04-25,7.391141891479492,10.609999656677246,10.789999961853027,10.529999732971191,10.710000038146973,1200700
2012-04-26,7.432939529418945,10.670000076293945,10.710000038146973,10.550000190734863,10.569999694824219,809400
2012-04-27,7.4817023277282715,10.739999771118164,10.779999732971191,10.550000190734863,10.670000076293945,1346600
2012-04-30,7.40507698059082,10.630000114440918,10.75,10.5600004196167,10.75,3728800
2012-05-01,7.5374321937561035,10.819999694824219,11.010000228881836,10.710000038146973,10.739999771118164,2282100
2012-05-02,7.530466556549072,10.8100004196167,10.8100004196167,10.640000343322754,10.710000038146973,1292300
2012-05-03,7.4817023277282715,10.739999771118164,10.970000267028809,10.6899995803833,10.84000015258789,1531900
2012-05-04,7.37721061706543,10.59000015258789,10.729999542236328,10.539999961853027,10.710000038146973,1727000
2012-05-07,7.391141891479492,10.609999656677246,10.699999809265137,10.529999732971191,10.579999923706055,776000
2012-05-08,7.425973415374756,10.65999984741211,10.699999809265137,10.470000267028809,10.529999732971191,1289400
2012-05-09,7.40507698059082,10.630000114440918,10.680000305175781,10.420000076293945,10.5,1348500
2012-05-10,7.419008731842041,10.649999618530273,10.760000228881836,10.520000457763672,10.720000267028809,1065600
2012-05-11,7.447083950042725,10.609999656677246,10.699999809265137,10.449999809265137,10.470000267028809,871200
2012-05-14,7.236517429351807,10.3100004196167,10.600000381469727,10.3100004196167,10.449999809265137,1189200
2012-05-15,7.313724517822266,10.420000076293945,10.430000305175781,10.279999732971191,10.329999923706055,1173500
2012-05-16,7.20844030380249,10.270000457763672,10.539999961853027,10.260000228881836,10.449999809265137,1000000
2012-05-17,6.864511966705322,9.779999732971191,10.3100004196167,9.779999732971191,10.289999961853027,2261100
2012-05-18,6.752209663391113,9.619999885559082,9.869999885559082,9.579999923706055,9.770000457763672,1365900
2012-05-21,6.983832836151123,9.949999809265137,9.979999542236328,9.630000114440918,9.640000343322754,1472500
2012-05-22,6.969796180725098,9.930000305175781,10.050000190734863,9.859999656677246,9.970000267028809,1559500
2012-05-23,6.9347028732299805,9.880000114440918,9.930000305175781,9.600000381469727,9.819999694824219,1240500
2012-05-24,6.920663833618164,9.859999656677246,10.0,9.65999984741211,9.90999984741211,1160300
2012-05-25,6.9136457443237305,9.850000381469727,9.9399995803833,9.770000457763672,9.859999656677246,696300
2012-05-29,7.15930700302124,10.199999809265137,10.210000038146973,9.9399995803833,9.979999542236328,898900
2012-05-30,6.9276814460754395,9.869999885559082,10.109999656677246,9.869999885559082,10.069999694824219,914400
2012-05-31,6.976814270019531,9.9399995803833,10.029999732971191,9.760000228881836,9.859999656677246,1749300
2012-06-01,6.61182975769043,9.420000076293945,9.739999771118164,9.380000114440918,9.640000343322754,1486500
2012-06-04,6.527603626251221,9.300000190734863,9.539999961853027,9.210000038146973,9.470000267028809,1650900
2012-06-05,6.745189666748047,9.609999656677246,9.609999656677246,9.220000267028809,9.229999542236328,1398200
2012-06-06,7.068061828613281,10.069999694824219,10.100000381469727,9.65999984741211,9.729999542236328,1400100
2012-06-07,6.962775707244873,9.920000076293945,10.319999694824219,9.90999984741211,10.25,1401500
2012-06-08,7.054024696350098,10.050000190734863,10.119999885559082,9.800000190734863,9.869999885559082,815300
2012-06-11,6.857492446899414,9.770000457763672,10.239999771118164,9.770000457763672,10.220000267028809,1126200
2012-06-12,7.011910438537598,9.989999771118164,10.0,9.739999771118164,9.770000457763672,886000
2012-06-13,6.9276814460754395,9.869999885559082,10.109999656677246,9.819999694824219,9.949999809265137,934100
2012-06-14,7.124214172363281,10.149999618530273,10.180000305175781,9.84000015258789,9.899999618530273,1374500
2012-06-15,7.152286052703857,10.1899995803833,10.260000228881836,10.130000114440918,10.15999984741211,2164400
2012-06-18,7.166326999664307,10.210000038146973,10.369999885559082,10.09000015258789,10.09000015258789,1613600
2012-06-19,7.229498863220215,10.300000190734863,10.529999732971191,10.239999771118164,10.25,2080800
2012-06-20,7.27161169052124,10.359999656677246,10.4399995803833,10.25,10.319999694824219,923000
2012-06-21,7.0891194343566895,10.100000381469727,10.399999618530273,10.050000190734863,10.380000114440918,988300
2012-06-22,7.0891194343566895,10.100000381469727,10.220000267028809,10.0,10.210000038146973,1428400
2012-06-25,6.9347028732299805,9.880000114440918,9.979999542236328,9.819999694824219,9.920000076293945,697900
2012-06-26,7.025947093963623,10.010000228881836,10.069999694824219,9.760000228881836,9.880000114440918,1239100
2012-06-27,7.039985179901123,10.029999732971191,10.050000190734863,9.90999984741211,10.020000457763672,1180400
2012-06-28,7.018926620483398,10.0,10.020000457763672,9.829999923706055,9.9399995803833,1230600
2012-06-29,7.15930700302124,10.199999809265137,10.289999961853027,10.109999656677246,10.279999732971191,3235300
2012-07-02,7.27161169052124,10.359999656677246,10.369999885559082,10.149999618530273,10.270000457763672,1429500
2012-07-03,7.334778308868408,10.449999809265137,10.5600004196167,10.319999694824219,10.380000114440918,568300
2012-07-05,7.334778308868408,10.449999809265137,10.520000457763672,10.359999656677246,10.4399995803833,447600
2012-07-06,7.20844030380249,10.270000457763672,10.399999618530273,10.25,10.289999961853027,1102900
2012-07-09,7.29968786239624,10.399999618530273,10.430000305175781,10.270000457763672,10.289999961853027,1637400
2012-07-10,7.054024696350098,10.050000190734863,10.100000381469727,9.899999618530273,10.0600004196167,8365700
2012-07-11,6.983832836151123,9.949999809265137,10.079999923706055,9.890000343322754,10.050000190734863,1856300
2012-07-12,6.815380096435547,9.710000038146973,9.880000114440918,9.699999809265137,9.819999694824219,2469300
2012-07-13,6.885571479797363,9.8100004196167,9.920000076293945,9.720000267028809,9.729999542236328,1592800
2012-07-16,6.829418182373047,9.729999542236328,9.8100004196167,9.720000267028809,9.770000457763672,1737200
2012-07-17,6.983832836151123,9.949999809265137,9.949999809265137,9.75,9.84000015258789,1798000
2012-07-18,6.948739528656006,9.899999618530273,9.989999771118164,9.819999694824219,9.899999618530273,1058800
2012-07-19,6.78028678894043,9.65999984741211,9.920000076293945,9.619999885559082,9.90999984741211,2350200
2012-07-20,6.7732672691345215,9.649999618530273,9.65999984741211,9.470000267028809,9.550000190734863,3053700
2012-07-23,6.61182975769043,9.420000076293945,9.520000457763672,9.329999923706055,9.449999809265137,1439600
2012-07-24,6.485489845275879,9.239999771118164,9.430000305175781,9.149999618530273,9.430000305175781,2096200
2012-07-25,6.4503960609436035,9.1899995803833,10.279999732971191,9.140000343322754,9.319999694824219,1129500
2012-07-26,6.534623622894287,9.3100004196167,9.479999542236328,9.229999542236328,9.369999885559082,1894500
2012-07-27,6.66798210144043,9.5,9.569999694824219,9.3100004196167,9.34000015258789,1359900
2012-07-30,6.6328864097595215,9.449999809265137,9.609999656677246,9.430000305175781,9.520000457763672,897800
2012-07-31,6.639908313751221,9.460000038146973,9.529999732971191,9.359999656677246,9.449999809265137,2778100
2012-08-01,6.576735019683838,9.369999885559082,9.640000343322754,9.369999885559082,9.550000190734863,1953900
2012-08-02,6.576735019683838,9.369999885559082,9.399999618530273,9.25,9.289999961853027,1094600
2012-08-03,6.808362007141113,9.699999809265137,9.739999771118164,9.460000038146973,9.520000457763672,1624300
2012-08-06,6.8715314865112305,9.789999961853027,9.829999923706055,9.65999984741211,9.699999809265137,718600
2012-08-07,6.9066267013549805,9.84000015258789,9.920000076293945,9.739999771118164,9.869999885559082,1524400
2012-08-08,6.892587184906006,9.819999694824219,9.859999656677246,9.75,9.760000228881836,1026800
2012-08-09,6.822399616241455,9.720000267028809,9.899999618530273,9.720000267028809,9.829999923706055,1435800
2012-08-10,6.794320583343506,9.680000305175781,9.789999961853027,9.65999984741211,9.699999809265137,1045900
2012-08-13,6.745189666748047,9.609999656677246,9.779999732971191,9.550000190734863,9.6899995803833,726200
2012-08-14,6.7030768394470215,9.550000190734863,9.6899995803833,9.510000228881836,9.65999984741211,988300
2012-08-15,6.766247272491455,9.640000343322754,9.65999984741211,9.520000457763672,9.520000457763672,938800
2012-08-16,6.864511966705322,9.779999732971191,9.819999694824219,9.539999961853027,9.65999984741211,829800
2012-08-17,6.892587184906006,9.819999694824219,9.859999656677246,9.75,9.800000190734863,1031000
2012-08-20,6.857492446899414,9.770000457763672,9.84000015258789,9.680000305175781,9.8100004196167,1101800
2012-08-21,6.892587184906006,9.819999694824219,9.960000038146973,9.8100004196167,9.850000381469727,1070200
2012-08-22,6.857492446899414,9.770000457763672,9.819999694824219,9.680000305175781,9.770000457763672,758300
2012-08-23,6.766247272491455,9.640000343322754,9.770000457763672,9.619999885559082,9.75,727000
2012-08-24,6.752209663391113,9.619999885559082,9.699999809265137,9.5600004196167,9.59000015258789,523300
2012-08-27,6.794320583343506,9.680000305175781,9.720000267028809,9.600000381469727,9.6899995803833,486500
2012-08-28,6.787306308746338,9.670000076293945,9.75,9.619999885559082,9.680000305175781,538600
2012-08-29,6.850473403930664,9.760000228881836,9.770000457763672,9.640000343322754,9.710000038146973,541100
2012-08-30,6.7732672691345215,9.649999618530273,9.729999542236328,9.569999694824219,9.670000076293945,1238600
2012-08-31,6.752209663391113,9.619999885559082,9.75,9.5600004196167,9.75,1467800
2012-09-04,6.759228706359863,9.630000114440918,9.640000343322754,9.460000038146973,9.640000343322754,1313100
2012-09-05,6.773385047912598,9.569999694824219,9.670000076293945,9.470000267028809,9.609999656677246,941700
2012-09-06,6.985713958740234,9.869999885559082,9.890000343322754,9.619999885559082,9.649999618530273,1204200
2012-09-07,7.0918803215026855,10.020000457763672,10.050000190734863,9.880000114440918,9.930000305175781,1072500
2012-09-10,7.120193004608154,10.0600004196167,10.130000114440918,10.0,10.0,1211600
2012-09-11,7.198045253753662,10.170000076293945,10.180000305175781,10.010000228881836,10.050000190734863,1792200
2012-09-12,7.247592926025391,10.239999771118164,10.300000190734863,10.130000114440918,10.180000305175781,1282500
2012-09-13,7.353757858276367,10.390000343322754,10.5,10.15999984741211,10.239999771118164,1586700
2012-09-14,7.382068634033203,10.430000305175781,10.600000381469727,10.40999984741211,10.449999809265137,1562200
2012-09-17,7.3254475593566895,10.350000381469727,10.510000228881836,10.3100004196167,10.380000114440918,791800
2012-09-18,7.3254475593566895,10.350000381469727,10.430000305175781,10.260000228881836,10.34000015258789,1209100
2012-09-19,7.169737339019775,10.130000114440918,10.380000114440918,10.0600004196167,10.359999656677246,2829400
2012-09-20,7.056493282318115,9.970000267028809,10.09000015258789,9.890000343322754,10.09000015258789,1191800
2012-09-21,7.070649147033691,9.989999771118164,10.130000114440918,9.9399995803833,10.119999885559082,2443500
2012-09-24,7.006946563720703,9.899999618530273,10.029999732971191,9.890000343322754,9.930000305175781,1064400
2012-09-25,6.865395545959473,9.699999809265137,10.050000190734863,9.65999984741211,9.9399995803833,3297100
2012-09-26,6.837085723876953,9.65999984741211,9.789999961853027,9.649999618530273,9.710000038146973,1239600
2012-09-27,6.900784969329834,9.75,9.779999732971191,9.609999656677246,9.720000267028809,1833800
2012-09-28,6.815849781036377,9.630000114440918,9.720000267028809,9.59000015258789,9.680000305175781,1793900
2012-10-01,6.737996578216553,9.520000457763672,9.6899995803833,9.399999618530273,9.680000305175781,1332800
2012-10-02,6.815849781036377,9.630000114440918,9.630000114440918,9.489999771118164,9.550000190734863,1570100
2012-10-03,6.886628150939941,9.729999542236328,9.770000457763672,9.59000015258789,9.630000114440918,1353600
2012-10-04,6.90786075592041,9.760000228881836,9.949999809265137,9.739999771118164,9.800000190734863,2072700
2012-10-05,6.844161033630371,9.670000076293945,9.890000343322754,9.649999618530273,9.789999961853027,1602900
2012-10-08,6.801694869995117,9.609999656677246,9.739999771118164,9.579999923706055,9.59000015258789,919400
2012-10-09,6.79461669921875,9.600000381469727,9.6899995803833,9.479999542236328,9.600000381469727,1134700
2012-10-10,6.787539958953857,9.59000015258789,9.65999984741211,9.470000267028809,9.470000267028809,1807400
2012-10-11,6.787539958953857,9.59000015258789,9.65999984741211,9.520000457763672,9.65999984741211,1454900
2012-10-12,6.412420749664307,9.0600004196167,9.5,8.989999771118164,9.40999984741211,3484500
2012-10-15,6.292098522186279,8.890000343322754,9.130000114440918,8.800000190734863,9.0600004196167,2632500
2012-10-16,6.207168102264404,8.770000457763672,8.949999809265137,8.619999885559082,8.930000305175781,2380300
2012-10-17,6.263787746429443,8.850000381469727,8.9399995803833,8.75,8.760000228881836,2633400
2012-10-18,6.270864009857178,8.859999656677246,8.880000114440918,8.729999542236328,8.850000381469727,2808600
2012-10-19,6.2779436111450195,8.869999885559082,8.9399995803833,8.779999732971191,8.8100004196167,4194100
2012-10-22,6.306253910064697,8.90999984741211,8.920000076293945,8.75,8.829999923706055,2091700
2012-10-23,6.2779436111450195,8.869999885559082,8.890000343322754,8.699999809265137,8.800000190734863,4556600
2012-10-24,6.256711006164551,8.84000015258789,8.930000305175781,8.75,8.930000305175781,1938700
2012-10-25,6.193009853363037,8.75,8.960000038146973,8.649999618530273,8.90999984741211,1426700
2012-10-26,5.9948344230651855,8.470000267028809,8.779999732971191,8.460000038146973,8.779999732971191,2033900
2012-10-31,6.001911640167236,8.479999542236328,8.579999923706055,8.170000076293945,8.5,3255400
2012-11-01,5.945289134979248,8.399999618530273,8.5,8.359999656677246,8.449999809265137,3646900
2012-11-02,6.023144245147705,8.510000228881836,8.5600004196167,8.390000343322754,8.470000267028809,3480500
2012-11-05,5.945289134979248,8.399999618530273,8.520000457763672,8.329999923706055,8.520000457763672,2450000
2012-11-06,6.0160675048828125,8.5,8.520000457763672,8.390000343322754,8.420000076293945,1653100
2012-11-07,5.853280067443848,8.270000457763672,8.369999885559082,8.220000267028809,8.260000228881836,5764500
2012-11-08,5.853280067443848,8.270000457763672,8.329999923706055,8.199999809265137,8.239999771118164,4152500
2012-11-09,6.0160675048828125,8.5,8.539999961853027,8.210000038146973,8.210000038146973,3966500
2012-11-12,5.924056053161621,8.369999885559082,8.520000457763672,8.350000381469727,8.5,1352300
2012-11-13,5.987756729125977,8.460000038146973,8.520000457763672,8.260000228881836,8.300000190734863,1907900
2012-11-14,5.839123725891113,8.25,8.489999771118164,8.210000038146973,8.4399995803833,3554900
2012-11-15,5.775425434112549,8.15999984741211,8.3100004196167,8.109999656677246,8.220000267028809,2678400
2012-11-16,5.782503128051758,8.170000076293945,8.210000038146973,8.109999656677246,8.119999885559082,3152800
2012-11-19,5.980678081512451,8.449999809265137,8.5,8.220000267028809,8.289999961853027,2114500
2012-11-20,6.0373005867004395,8.529999732971191,8.5600004196167,8.34000015258789,8.430000305175781,1954400
2012-11-21,6.058533668518066,8.5600004196167,8.579999923706055,8.489999771118164,8.529999732971191,1873000
2012-11-23,6.100999355316162,8.619999885559082,8.699999809265137,8.569999694824219,8.609999656677246,737900
2012-11-26,6.164699554443359,8.710000038146973,8.779999732971191,8.619999885559082,8.640000343322754,1486000
2012-11-27,6.093924045562744,8.609999656677246,8.75,8.59000015258789,8.75,970400
2012-11-28,6.079766750335693,8.59000015258789,8.630000114440918,8.4399995803833,8.59000015258789,1376700
2012-11-29,6.2425537109375,8.819999694824219,8.84000015258789,8.579999923706055,8.670000076293945,3074300
2012-11-30,6.185933589935303,8.739999771118164,8.869999885559082,8.670000076293945,8.850000381469727,2375800
2012-12-03,6.164699554443359,8.710000038146973,8.859999656677246,8.65999984741211,8.800000190734863,1203300
2012-12-04,6.164699554443359,8.710000038146973,8.770000457763672,8.649999618530273,8.699999809265137,1783000
2012-12-05,6.157622814178467,8.699999809265137,8.75,8.579999923706055,8.729999542236328,1007200
2012-12-06,6.193009853363037,8.75,8.789999961853027,8.6899995803833,8.6899995803833,2140500
2012-12-07,6.256711006164551,8.84000015258789,8.899999618530273,8.75,8.819999694824219,1811600
2012-12-10,6.2850213050842285,8.880000114440918,8.930000305175781,8.819999694824219,8.880000114440918,1421400
2012-12-11,6.334566116333008,8.949999809265137,9.010000228881836,8.890000343322754,8.970000267028809,1746700
2012-12-12,6.334566116333008,8.949999809265137,8.979999542236328,8.890000343322754,8.949999809265137,1658000
2012-12-13,6.2425537109375,8.819999694824219,8.9399995803833,8.739999771118164,8.9399995803833,1203600
2012-12-14,6.249634265899658,8.829999923706055,8.850000381469727,8.710000038146973,8.760000228881836,1097000
2012-12-17,6.270864009857178,8.859999656677246,8.880000114440918,8.800000190734863,8.859999656677246,914100
2012-12-18,6.37703275680542,9.010000228881836,9.010000228881836,8.84000015258789,8.880000114440918,1360600
2012-12-19,6.37703275680542,9.010000228881836,9.09000015258789,8.920000076293945,9.010000228881836,1630500
2012-12-20,6.511509895324707,9.199999809265137,9.229999542236328,9.0,9.039999961853027,1421700
2012-12-21,6.49735164642334,9.180000305175781,9.25,9.140000343322754,9.25,2550600
2012-12-24,6.553974151611328,9.260000228881836,9.289999961853027,9.09000015258789,9.1899995803833,546400
2012-12-26,6.48319673538208,9.15999984741211,9.279999732971191,9.119999885559082,9.279999732971191,790500
2012-12-27,6.376096725463867,8.930000305175781,9.140000343322754,8.859999656677246,9.079999923706055,2163600
2012-12-28,6.311837196350098,8.84000015258789,8.989999771118164,8.829999923706055,8.890000343322754,1180300
2012-12-31,6.426076889038086,9.0,9.020000457763672,8.75,8.819999694824219,1059800
2013-01-02,6.618858814239502,9.270000457763672,9.289999961853027,9.09000015258789,9.09000015258789,3073000
2013-01-03,6.654558181762695,9.319999694824219,9.399999618530273,9.270000457763672,9.3100004196167,1467400
2013-01-04,6.761661529541016,9.470000267028809,9.479999542236328,9.34000015258789,9.380000114440918,1698800
2013-01-07,6.804502487182617,9.529999732971191,9.569999694824219,9.399999618530273,9.399999618530273,1315800
2013-01-08,6.754522323608398,9.460000038146973,9.569999694824219,9.430000305175781,9.520000457763672,1433800
2013-01-09,6.668839454650879,9.34000015258789,9.510000228881836,9.300000190734863,9.510000228881836,3481800
2013-01-10,6.6402788162231445,9.300000190734863,9.420000076293945,9.279999732971191,9.40999984741211,1276300
2013-01-11,6.561736583709717,9.1899995803833,9.3100004196167,9.15999984741211,9.3100004196167,2358000
2013-01-14,6.561736583709717,9.1899995803833,9.270000457763672,9.1899995803833,9.1899995803833,1692400
2013-01-15,6.583157539367676,9.220000267028809,9.239999771118164,9.09000015258789,9.170000076293945,1449600
2013-01-16,6.490336894989014,9.09000015258789,9.220000267028809,9.0600004196167,9.180000305175781,1695200
2013-01-17,6.547457695007324,9.170000076293945,9.25,9.119999885559082,9.140000343322754,1633200
2013-01-18,6.576017379760742,9.210000038146973,9.220000267028809,9.140000343322754,9.149999618530273,1306300
2013-01-22,6.611718654632568,9.260000228881836,9.279999732971191,9.199999809265137,9.210000038146973,1528900
2013-01-23,6.604578971862793,9.25,9.289999961853027,9.1899995803833,9.25,1203900
2013-01-24,6.633136749267578,9.289999961853027,9.369999885559082,9.260000228881836,9.279999732971191,1317100
2013-01-25,6.725960731506348,9.420000076293945,9.579999923706055,9.289999961853027,9.34000015258789,6671800
2013-01-28,6.704539775848389,9.390000343322754,9.479999542236328,9.359999656677246,9.399999618530273,2524400
2013-01-29,6.604578971862793,9.25,9.420000076293945,9.220000267028809,9.399999618530273,3579900
2013-01-30,6.533178329467773,9.149999618530273,9.260000228881836,9.119999885559082,9.260000228881836,2811100
2013-01-31,6.511757850646973,9.119999885559082,9.180000305175781,9.050000190734863,9.140000343322754,2297600
2013-02-01,6.504615783691406,9.109999656677246,9.1899995803833,9.079999923706055,9.1899995803833,2208100
2013-02-04,6.461776256561279,9.050000190734863,9.130000114440918,9.010000228881836,9.0600004196167,1307100
2013-02-05,6.454634189605713,9.039999961853027,9.130000114440918,8.989999771118164,9.069999694824219,2365000
2013-02-06,6.47605562210083,9.069999694824219,9.09000015258789,8.930000305175781,8.960000038146973,1620900
2013-02-07,6.440357208251953,9.020000457763672,9.119999885559082,8.970000267028809,9.109999656677246,2275000
2013-02-08,6.483197212219238,9.079999923706055,9.119999885559082,8.979999542236328,9.039999961853027,3056600
2013-02-11,6.526037216186523,9.140000343322754,9.1899995803833,9.0600004196167,9.100000381469727,1607000
2013-02-12,6.590297222137451,9.229999542236328,9.260000228881836,9.140000343322754,9.149999618530273,1006800
2013-02-13,6.576017379760742,9.210000038146973,9.260000228881836,9.130000114440918,9.260000228881836,742000
2013-02-14,6.540318489074707,9.15999984741211,9.25,9.119999885559082,9.170000076293945,1134300
2013-02-15,6.5545973777771,9.180000305175781,9.199999809265137,9.079999923706055,9.170000076293945,1208000
2013-02-19,6.561736583709717,9.1899995803833,9.25,9.140000343322754,9.220000267028809,1204800
2013-02-20,6.418936729431152,8.989999771118164,9.1899995803833,8.989999771118164,9.170000076293945,1793000
2013-02-21,6.247574806213379,8.75,8.979999542236328,8.65999984741211,8.979999542236328,2283700
2013-02-22,6.383235931396484,8.9399995803833,8.949999809265137,8.75,8.8100004196167,1038800
2013-02-25,6.219013214111328,8.710000038146973,9.010000228881836,8.710000038146973,8.989999771118164,962000
2013-02-26,6.247574806213379,8.75,8.789999961853027,8.630000114440918,8.720000267028809,1132600
2013-02-27,6.311837196350098,8.84000015258789,8.960000038146973,8.710000038146973,8.720000267028809,1117400
2013-02-28,6.383235931396484,8.9399995803833,9.130000114440918,8.819999694824219,8.84000015258789,4450000
2013-03-01,6.51889705657959,9.130000114440918,9.170000076293945,8.5,8.850000381469727,4254200
2013-03-04,6.533178329467773,9.149999618530273,9.300000190734863,9.079999923706055,9.149999618530273,2029400
2013-03-05,6.483197212219238,9.079999923706055,9.229999542236328,8.989999771118164,9.1899995803833,1437000
2013-03-06,6.49747896194458,9.100000381469727,9.140000343322754,8.989999771118164,9.119999885559082,1509300
2013-03-07,6.597439289093018,9.239999771118164,9.260000228881836,9.100000381469727,9.109999656677246,1666900
2013-03-08,6.561736583709717,9.1899995803833,9.3100004196167,9.140000343322754,9.3100004196167,2081900
2013-03-11,6.547457695007324,9.170000076293945,9.25,9.100000381469727,9.170000076293945,1733700
2013-03-12,6.504615783691406,9.109999656677246,9.239999771118164,9.100000381469727,9.130000114440918,2228800
2013-03-13,6.547457695007324,9.170000076293945,9.1899995803833,9.09000015258789,9.140000343322754,2604900
2013-03-14,6.5688796043396,9.199999809265137,9.289999961853027,9.15999984741211,9.1899995803833,1690900
2013-03-15,6.647420406341553,9.3100004196167,9.319999694824219,9.149999618530273,9.220000267028809,2531800
2013-03-18,6.675981044769287,9.350000381469727,9.40999984741211,9.210000038146973,9.220000267028809,2548600
2013-03-19,6.618858814239502,9.270000457763672,9.390000343322754,9.130000114440918,9.350000381469727,1478200
2013-03-20,6.626000881195068,9.279999732971191,9.319999694824219,9.140000343322754,9.289999961853027,1724900
2013-03-21,6.504615783691406,9.109999656677246,9.279999732971191,9.100000381469727,9.199999809265137,1405600
2013-03-22,6.4474968910217285,9.029999732971191,9.15999984741211,9.0,9.130000114440918,573300
2013-03-25,6.483197212219238,9.079999923706055,9.140000343322754,8.979999542236328,9.039999961853027,1227600
2013-03-26,6.566082000732422,9.109999656677246,9.109999656677246,9.010000228881836,9.029999732971191,1494000
2013-03-27,6.587706089019775,9.140000343322754,9.170000076293945,9.050000190734863,9.09000015258789,970400
2013-03-28,6.710236549377441,9.3100004196167,9.34000015258789,9.140000343322754,9.170000076293945,2259300
2013-04-01,6.710236549377441,9.3100004196167,9.34000015258789,9.100000381469727,9.300000190734863,2171700
2013-04-02,6.8039326667785645,9.4399995803833,9.539999961853027,9.289999961853027,9.329999923706055,2114600
2013-04-03,6.897632598876953,9.569999694824219,9.75,9.40999984741211,9.430000305175781,4297700
2013-04-04,7.092235565185547,9.84000015258789,9.890000343322754,9.550000190734863,9.5600004196167,4394700
2013-04-05,7.02016019821167,9.739999771118164,9.84000015258789,9.630000114440918,9.720000267028809,2159600
2013-04-08,7.185933589935303,9.970000267028809,9.970000267028809,9.65999984741211,9.739999771118164,2016300
2013-04-09,7.157103061676025,9.930000305175781,10.0,9.84000015258789,9.960000038146973,1277900
2013-04-10,7.286840438842773,10.109999656677246,10.119999885559082,9.920000076293945,9.920000076293945,1651300
2013-04-11,7.258011341094971,10.069999694824219,10.279999732971191,10.050000190734863,10.069999694824219,2648500
2013-04-12,7.43099308013916,10.3100004196167,10.329999923706055,10.039999961853027,10.0600004196167,2284000
2013-04-15,7.012951850891113,9.729999542236328,10.069999694824219,9.729999542236328,9.9399995803833,4326700
2013-04-16,7.106650352478027,9.859999656677246,9.899999618530273,9.699999809265137,9.789999961853027,2093700
2013-04-17,6.912047386169434,9.59000015258789,9.8100004196167,9.550000190734863,9.800000190734863,1752300
2013-04-18,6.818350315093994,9.460000038146973,9.6899995803833,9.40999984741211,9.630000114440918,1754300
2013-04-19,6.876009941101074,9.539999961853027,9.5600004196167,9.399999618530273,9.470000267028809,1315800
2013-04-22,6.8543853759765625,9.510000228881836,9.600000381469727,9.369999885559082,9.600000381469727,1532200
2013-04-23,7.070613861083984,9.8100004196167,10.010000228881836,9.720000267028809,10.0,1824400
2013-04-24,7.128274917602539,9.890000343322754,9.920000076293945,9.75,9.84000015258789,1969500
2013-04-25,7.0634074211120605,9.800000190734863,9.970000267028809,9.789999961853027,9.90999984741211,1463000
2013-04-26,6.998537540435791,9.710000038146973,9.819999694824219,9.649999618530273,9.800000190734863,2138800
2013-04-29,7.0994439125061035,9.850000381469727,9.859999656677246,9.699999809265137,9.739999771118164,1188400
2013-04-30,7.193141937255859,9.979999542236328,10.0,9.779999732971191,9.859999656677246,1748400
2013-05-01,7.0634074211120605,9.800000190734863,10.0,9.760000228881836,9.949999809265137,2192000
2013-05-02,7.106650352478027,9.859999656677246,10.020000457763672,9.760000228881836,9.829999923706055,1097100
2013-05-03,7.207557201385498,10.0,10.130000114440918,9.949999809265137,9.970000267028809,2293400
2013-05-06,7.171517372131348,9.949999809265137,10.069999694824219,9.930000305175781,10.0,797300
2013-05-07,7.258011341094971,10.069999694824219,10.069999694824219,9.930000305175781,9.989999771118164,1292300
2013-05-08,7.229180335998535,10.029999732971191,10.119999885559082,9.9399995803833,10.050000190734863,1184100
2013-05-09,7.121067047119141,9.880000114440918,10.050000190734863,9.869999885559082,10.050000190734863,924600
2013-05-10,7.164309501647949,9.9399995803833,10.170000076293945,9.930000305175781,10.069999694824219,1991900
2013-05-13,7.157103061676025,9.930000305175781,9.989999771118164,9.880000114440918,9.960000038146973,691400
2013-05-14,7.207557201385498,10.0,10.069999694824219,9.90999984741211,9.970000267028809,1633900
2013-05-15,7.294046878814697,10.119999885559082,10.15999984741211,9.920000076293945,9.989999771118164,1475300
2013-05-16,7.315669059753418,10.149999618530273,10.199999809265137,10.039999961853027,10.09000015258789,1466000
2013-05-17,7.178726673126221,9.960000038146973,10.199999809265137,9.949999809265137,10.170000076293945,2374300
2013-05-20,7.142687797546387,9.90999984741211,10.020000457763672,9.869999885559082,9.930000305175781,1658700
2013-05-21,7.13547945022583,9.899999618530273,9.949999809265137,9.850000381469727,9.930000305175781,964900
2013-05-22,6.940876007080078,9.630000114440918,10.130000114440918,9.5600004196167,9.920000076293945,1436500
2013-05-23,6.811142444610596,9.449999809265137,9.630000114440918,9.40999984741211,9.529999732971191,1117700
2013-05-24,6.8543853759765625,9.510000228881836,9.539999961853027,9.369999885559082,9.430000305175781,1036300
2013-05-28,6.998537540435791,9.710000038146973,9.8100004196167,9.5600004196167,9.649999618530273,2486600
2013-05-29,6.847177982330322,9.5,9.630000114440918,9.399999618530273,9.619999885559082,1087300
2013-05-30,6.746270656585693,9.359999656677246,9.569999694824219,9.34000015258789,9.5,1093800
2013-05-31,6.8543853759765625,9.510000228881836,9.539999961853027,9.260000228881836,9.3100004196167,2495600
2013-06-03,6.912047386169434,9.59000015258789,9.8100004196167,9.470000267028809,9.680000305175781,2970200
2013-06-04,6.717441082000732,9.319999694824219,9.680000305175781,9.3100004196167,9.59000015258789,1590200
2013-06-05,6.6093292236328125,9.170000076293945,9.369999885559082,9.100000381469727,9.279999732971191,1796400
2013-06-06,6.782310962677002,9.40999984741211,9.40999984741211,9.09000015258789,9.149999618530273,1787500
2013-06-07,6.753480911254883,9.369999885559082,9.479999542236328,9.180000305175781,9.470000267028809,962600
2013-06-10,6.652573585510254,9.229999542236328,9.40999984741211,9.199999809265137,9.390000343322754,1044900
2013-06-11,6.623742580413818,9.1899995803833,9.270000457763672,8.949999809265137,9.119999885559082,1194100
2013-06-12,6.551668643951416,9.09000015258789,9.260000228881836,9.0600004196167,9.260000228881836,1334900
2013-06-13,6.746270656585693,9.359999656677246,9.40999984741211,9.0600004196167,9.0600004196167,1179500
2013-06-14,6.890424728393555,9.5600004196167,9.729999542236328,9.34000015258789,9.34000015258789,1943600
2013-06-17,6.883218288421631,9.550000190734863,9.770000457763672,9.5,9.640000343322754,1413300
2013-06-18,6.912047386169434,9.59000015258789,9.720000267028809,9.5,9.5600004196167,1090900
2013-06-19,6.695817470550537,9.289999961853027,9.670000076293945,9.270000457763672,9.609999656677246,1789000
2013-06-20,6.34985876083374,8.8100004196167,9.170000076293945,8.760000228881836,9.149999618530273,1516400
2013-06-21,6.45076322555542,8.949999809265137,9.050000190734863,8.829999923706055,8.84000015258789,2601100
2013-06-24,6.364274024963379,8.829999923706055,9.079999923706055,8.670000076293945,8.819999694824219,2508000
2013-06-25,6.5300469398498535,9.0600004196167,9.079999923706055,8.890000343322754,8.930000305175781,2285800
2013-06-26,6.591891288757324,9.0600004196167,9.210000038146973,9.010000228881836,9.069999694824219,2028900
2013-06-27,6.773787498474121,9.3100004196167,9.40999984741211,9.109999656677246,9.109999656677246,2461900
2013-06-28,6.781060218811035,9.319999694824219,9.4399995803833,9.229999542236328,9.279999732971191,2333300
2013-07-01,6.744682788848877,9.270000457763672,9.430000305175781,9.25,9.359999656677246,1988900
2013-07-02,6.759232044219971,9.289999961853027,9.449999809265137,9.229999542236328,9.279999732971191,1453700
2013-07-03,6.781060218811035,9.319999694824219,9.369999885559082,9.180000305175781,9.270000457763672,931900
2013-07-05,6.897476673126221,9.479999542236328,9.489999771118164,9.1899995803833,9.460000038146973,1092500
2013-07-08,6.962957859039307,9.569999694824219,9.699999809265137,9.479999542236328,9.489999771118164,1013200
2013-07-09,7.0720953941345215,9.720000267028809,9.779999732971191,9.609999656677246,9.609999656677246,1004000
2013-07-10,7.064818382263184,9.710000038146973,9.8100004196167,9.619999885559082,9.680000305175781,1470700
2013-07-11,7.203057765960693,9.899999618530273,9.979999542236328,9.789999961853027,9.84000015258789,1198000
2013-07-12,7.079370021820068,9.729999542236328,9.9399995803833,9.6899995803833,9.880000114440918,1456000
2013-07-15,7.086645603179932,9.739999771118164,9.8100004196167,9.699999809265137,9.760000228881836,1467600
2013-07-16,7.137578010559082,9.8100004196167,9.859999656677246,9.75,9.779999732971191,983700
2013-07-17,7.123025894165039,9.789999961853027,9.880000114440918,9.699999809265137,9.850000381469727,917500
2013-07-18,7.195785999298096,9.890000343322754,9.949999809265137,9.789999961853027,9.84000015258789,1002400
2013-07-19,7.268542289733887,9.989999771118164,9.989999771118164,9.829999923706055,9.869999885559082,1763000
2013-07-22,7.312197208404541,10.050000190734863,10.050000190734863,9.880000114440918,9.979999542236328,926700
2013-07-23,7.3704047203063965,10.130000114440918,10.180000305175781,10.0,10.0600004196167,1095900
2013-07-24,7.203057765960693,9.899999618530273,10.15999984741211,9.829999923706055,10.15999984741211,2398300
2013-07-25,7.275817394256592,10.0,10.069999694824219,9.789999961853027,10.020000457763672,2341100
2013-07-26,7.3631272315979,10.119999885559082,10.15999984741211,9.890000343322754,9.899999618530273,1173500
2013-07-29,7.195785999298096,9.890000343322754,10.130000114440918,9.869999885559082,10.100000381469727,1203800
2013-07-30,7.21760892868042,9.920000076293945,10.029999732971191,9.84000015258789,9.960000038146973,626300
2013-07-31,7.057543754577637,9.699999809265137,9.989999771118164,9.699999809265137,9.949999809265137,1450800
2013-08-01,7.064818382263184,9.710000038146973,9.829999923706055,9.65999984741211,9.770000457763672,1576300
2013-08-02,7.137578010559082,9.8100004196167,9.970000267028809,9.6899995803833,9.6899995803833,1649100
2013-08-05,7.137578010559082,9.8100004196167,9.890000343322754,9.6899995803833,9.770000457763672,3505100
2013-08-06,7.1448540687561035,9.819999694824219,9.859999656677246,9.6899995803833,9.75,1077600
2013-08-07,7.101197719573975,9.760000228881836,9.890000343322754,9.720000267028809,9.8100004196167,1964200
2013-08-08,7.210334300994873,9.90999984741211,9.90999984741211,9.729999542236328,9.8100004196167,1876800
2013-08-09,7.3704047203063965,10.130000114440918,10.369999885559082,9.800000190734863,9.819999694824219,3613700
2013-08-12,7.39223051071167,10.15999984741211,10.220000267028809,10.050000190734863,10.100000381469727,2080200
2013-08-13,7.341299533843994,10.09000015258789,10.199999809265137,9.960000038146973,10.149999618530273,1929900
2013-08-14,7.334024906158447,10.079999923706055,10.130000114440918,10.039999961853027,10.109999656677246,1353500
2013-08-15,7.232161998748779,9.9399995803833,9.970000267028809,9.760000228881836,9.930000305175781,2981900
2013-08-16,7.232161998748779,9.9399995803833,10.010000228881836,9.8100004196167,9.869999885559082,4342300
2013-08-19,7.1448540687561035,9.819999694824219,9.970000267028809,9.800000190734863,9.899999618530273,2287800
2013-08-20,7.246714115142822,9.960000038146973,9.979999542236328,9.800000190734863,9.829999923706055,3114900
2013-08-21,7.239437103271484,9.949999809265137,10.130000114440918,9.720000267028809,9.899999618530273,2824900
2013-08-22,7.38495397567749,10.149999618530273,10.1899995803833,9.90999984741211,9.970000267028809,1940700
2013-08-23,7.530472278594971,10.350000381469727,10.430000305175781,10.149999618530273,10.15999984741211,1878400
2013-08-26,7.494093894958496,10.300000190734863,10.449999809265137,10.260000228881836,10.34000015258789,1290500
2013-08-27,7.334024906158447,10.079999923706055,10.329999923706055,10.029999732971191,10.170000076293945,1774900
2013-08-28,7.166680812835693,9.850000381469727,10.100000381469727,9.819999694824219,10.039999961853027,2133100
2013-08-29,7.181229591369629,9.869999885559082,9.880000114440918,9.770000457763672,9.8100004196167,1389500
2013-08-30,7.050265789031982,9.6899995803833,9.890000343322754,9.65999984741211,9.850000381469727,1456700
2013-09-03,6.992061138153076,9.609999656677246,9.800000190734863,9.520000457763672,9.800000190734863,1394800
2013-09-04,7.050265789031982,9.6899995803833,9.729999542236328,9.539999961853027,9.630000114440918,1733400
2013-09-05,6.962957859039307,9.569999694824219,9.710000038146973,9.550000190734863,9.699999809265137,818300
2013-09-06,7.013885974884033,9.640000343322754,9.75,9.579999923706055,9.6899995803833,1677700
2013-09-09,7.210334300994873,9.90999984741211,9.920000076293945,9.579999923706055,9.640000343322754,2778600
2013-09-10,7.268542289733887,9.989999771118164,10.079999923706055,9.859999656677246,9.930000305175781,2102600
2013-09-11,7.464989185333252,10.260000228881836,10.579999923706055,10.119999885559082,10.220000267028809,3627700
2013-09-12,7.450438022613525,10.239999771118164,10.399999618530273,10.229999542236328,10.279999732971191,1437700
2013-09-13,7.530472278594971,10.350000381469727,10.40999984741211,10.1899995803833,10.239999771118164,1330000
2013-09-16,7.574125289916992,10.40999984741211,10.640000343322754,10.329999923706055,10.510000228881836,2013900
2013-09-17,7.632332801818848,10.489999771118164,10.510000228881836,10.390000343322754,10.40999984741211,1542600
2013-09-18,7.923365592956543,10.890000343322754,11.069999694824219,10.40999984741211,10.510000228881836,2600200
2013-09-19,7.894262790679932,10.850000381469727,10.979999542236328,10.729999542236328,10.899999618530273,2213900
2013-09-20,7.77785062789917,10.6899995803833,10.9399995803833,10.670000076293945,10.9399995803833,2468700
2013-09-23,7.77785062789917,10.6899995803833,10.859999656677246,10.609999656677246,10.699999809265137,1221100
2013-09-24,7.71964168548584,10.609999656677246,10.760000228881836,10.550000190734863,10.6899995803833,1275100
2013-09-25,7.770572662353516,10.680000305175781,10.720000267028809,10.539999961853027,10.630000114440918,1083000
2013-09-26,7.722900867462158,10.529999732971191,10.680000305175781,10.460000038146973,10.59000015258789,1688700
2013-09-27,7.7449049949646,10.5600004196167,10.59000015258789,10.380000114440918,10.460000038146973,2654100
2013-09-30,7.825578689575195,10.670000076293945,10.670000076293945,10.430000305175781,10.470000267028809,2806000
2013-10-01,8.023602485656738,10.9399995803833,11.0,10.609999656677246,10.699999809265137,3722300
2013-10-02,7.986931800842285,10.890000343322754,10.970000267028809,10.84000015258789,10.850000381469727,2854400
2013-10-03,7.913589000701904,10.789999961853027,10.899999618530273,10.699999809265137,10.829999923706055,6189800
2013-10-04,7.972261905670166,10.869999885559082,10.920000076293945,10.720000267028809,10.789999961853027,2416500
2013-10-07,7.986931800842285,10.890000343322754,10.989999771118164,10.739999771118164,10.760000228881836,3522200
2013-10-08,7.8035783767700195,10.640000343322754,10.949999809265137,10.619999885559082,10.859999656677246,2221500
2013-10-09,7.7449049949646,10.5600004196167,10.760000228881836,10.5,10.649999618530273,2962200
2013-10-10,8.016267776489258,10.930000305175781,10.9399995803833,10.670000076293945,10.760000228881836,2698800
2013-10-11,8.228960990905762,11.220000267028809,11.279999732971191,10.720000267028809,10.90999984741211,2734800
2013-10-14,8.199624061584473,11.180000305175781,11.180000305175781,10.899999618530273,10.970000267028809,2683100
2013-10-15,8.155619621276855,11.119999885559082,11.229999542236328,11.09000015258789,11.130000114440918,1674000
2013-10-16,8.228960990905762,11.220000267028809,11.319999694824219,11.170000076293945,11.170000076293945,2511200
2013-10-17,8.36831283569336,11.40999984741211,11.460000038146973,11.199999809265137,11.199999809265137,1779500
2013-10-18,8.544330596923828,11.649999618530273,11.680000305175781,11.449999809265137,11.460000038146973,2434100
2013-10-21,8.514993667602539,11.609999656677246,11.6899995803833,11.529999732971191,11.680000305175781,1288600
2013-10-22,8.448987007141113,11.520000457763672,11.760000228881836,11.489999771118164,11.630000114440918,2363100
2013-10-23,8.302301406860352,11.319999694824219,11.550000190734863,11.289999961853027,11.479999542236328,2522500
2013-10-24,8.536996841430664,11.640000343322754,11.640000343322754,11.369999885559082,11.399999618530273,920100
2013-10-25,8.63967514038086,11.779999732971191,11.800000190734863,11.59000015258789,11.6899995803833,904900
2013-10-28,8.536996841430664,11.640000343322754,11.75,11.5,11.75,1963900
2013-10-29,8.470989227294922,11.550000190734863,11.640000343322754,11.489999771118164,11.640000343322754,1329600
2013-10-30,8.397647857666016,11.449999809265137,11.600000381469727,11.449999809265137,11.600000381469727,1995900
2013-10-31,8.353641510009766,11.390000343322754,11.539999961853027,11.319999694824219,11.420000076293945,1636900
2013-11-01,8.375643730163574,11.420000076293945,11.5,11.260000228881836,11.380000114440918,1740400
2013-11-04,8.529662132263184,11.630000114440918,11.640000343322754,11.40999984741211,11.479999542236328,1869800
2013-11-05,8.412313461303711,11.470000267028809,11.630000114440918,11.399999618530273,11.600000381469727,2974200
2013-11-06,8.419647216796875,11.479999542236328,11.59000015258789,11.4399995803833,11.529999732971191,1858300
2013-11-07,8.33164119720459,11.359999656677246,11.510000228881836,11.239999771118164,11.5,2121100
2013-11-08,8.258296966552734,11.260000228881836,11.369999885559082,10.84000015258789,11.140000343322754,2502500
2013-11-11,8.338973045349121,11.369999885559082,11.40999984741211,11.100000381469727,11.210000038146973,1475700
2013-11-12,8.434319496154785,11.5,11.520000457763672,11.300000190734863,11.319999694824219,1772200
2013-11-13,8.441651344299316,11.510000228881836,11.5600004196167,11.369999885559082,11.449999809265137,1283600
2013-11-14,8.522326469421387,11.619999885559082,11.6899995803833,11.520000457763672,11.520000457763672,771400
2013-11-15,8.625007629394531,11.760000228881836,11.789999961853027,11.569999694824219,11.59000015258789,2072600
2013-11-18,8.507658958435059,11.600000381469727,11.800000190734863,11.579999923706055,11.770000457763672,1960200
2013-11-19,8.302301406860352,11.319999694824219,11.619999885559082,11.270000457763672,11.569999694824219,1959400
2013-11-20,8.27296257019043,11.279999732971191,11.539999961853027,11.239999771118164,11.390000343322754,1256800
2013-11-21,8.412313461303711,11.470000267028809,11.539999961853027,11.260000228881836,11.34000015258789,1148000
2013-11-22,8.397647857666016,11.449999809265137,11.510000228881836,11.220000267028809,11.510000228881836,1121200
2013-11-25,8.27296257019043,11.279999732971191,11.460000038146973,11.220000267028809,11.460000038146973,1440200
2013-11-26,8.33164119720459,11.359999656677246,11.460000038146973,11.260000228881836,11.329999923706055,1295700
2013-11-27,8.36831283569336,11.40999984741211,11.460000038146973,11.319999694824219,11.380000114440918,1136100
2013-11-29,8.382979393005371,11.430000305175781,11.550000190734863,11.399999618530273,11.479999542236328,787300
2013-12-02,8.228960990905762,11.220000267028809,11.470000267028809,11.149999618530273,11.399999618530273,1029900
2013-12-03,8.096945762634277,11.039999961853027,11.260000228881836,10.979999542236328,11.170000076293945,1641900
2013-12-04,8.20695686340332,11.1899995803833,11.239999771118164,10.859999656677246,11.020000457763672,1320400
2013-12-05,8.1262788772583,11.079999923706055,11.220000267028809,11.079999923706055,11.15999984741211,1384100
2013-12-06,8.243626594543457,11.239999771118164,11.359999656677246,11.199999809265137,11.220000267028809,837900
2013-12-09,8.302301406860352,11.319999694824219,11.329999923706055,11.119999885559082,11.260000228881836,877100
2013-12-10,8.287632942199707,11.300000190734863,11.380000114440918,11.220000267028809,11.3100004196167,1203200
2013-12-11,7.986931800842285,10.890000343322754,11.319999694824219,10.859999656677246,11.289999961853027,1185400
2013-12-12,8.089609146118164,11.029999732971191,11.100000381469727,10.779999732971191,10.869999885559082,1316400
2013-12-13,8.104276657104492,11.050000190734863,11.220000267028809,11.0,11.079999923706055,1224900
2013-12-16,8.20695686340332,11.1899995803833,11.220000267028809,11.069999694824219,11.109999656677246,754900
2013-12-17,8.258296966552734,11.260000228881836,11.350000381469727,11.100000381469727,11.1899995803833,1098100
2013-12-18,8.36831283569336,11.40999984741211,11.489999771118164,11.149999618530273,11.260000228881836,2390600
2013-12-19,8.360977172851562,11.399999618530273,11.609999656677246,11.289999961853027,11.609999656677246,2194800
2013-12-20,8.507658958435059,11.600000381469727,11.640000343322754,11.369999885559082,11.479999542236328,3276500
2013-12-23,8.559000968933105,11.670000076293945,11.760000228881836,11.569999694824219,11.649999618530273,1339900
2013-12-24,8.529662132263184,11.630000114440918,11.800000190734863,11.59000015258789,11.710000038146973,738100
2013-12-26,8.573665618896484,11.6899995803833,11.829999923706055,11.630000114440918,11.680000305175781,994700
2013-12-27,8.59213638305664,11.630000114440918,11.630000114440918,11.479999542236328,11.600000381469727,628400
2013-12-30,8.606911659240723,11.649999618530273,11.6899995803833,11.539999961853027,11.600000381469727,871200
2013-12-31,8.533035278320312,11.550000190734863,11.770000457763672,11.5,11.640000343322754,1554800
2014-01-02,8.503480911254883,11.510000228881836,11.579999923706055,11.380000114440918,11.539999961853027,1112200
2014-01-03,8.510869026184082,11.520000457763672,11.600000381469727,11.460000038146973,11.489999771118164,1448500
2014-01-06,8.496097564697266,11.5,11.699999809265137,11.449999809265137,11.699999809265137,1391100
2014-01-07,8.481317520141602,11.479999542236328,11.710000038146973,11.40999984741211,11.510000228881836,1351000
2014-01-08,8.488706588745117,11.489999771118164,11.550000190734863,11.329999923706055,11.460000038146973,1049300
2014-01-09,8.429603576660156,11.40999984741211,11.550000190734863,11.220000267028809,11.539999961853027,1752300
2014-01-10,8.569972038269043,11.600000381469727,11.649999618530273,11.4399995803833,11.460000038146973,2510800
2014-01-13,8.488706588745117,11.489999771118164,11.640000343322754,11.4399995803833,11.59000015258789,1318600
2014-01-14,8.606911659240723,11.649999618530273,11.720000267028809,11.5,11.510000228881836,1478600
2014-01-15,8.680791854858398,11.75,11.819999694824219,11.630000114440918,11.630000114440918,1725500
2014-01-16,8.739896774291992,11.829999923706055,11.850000381469727,11.710000038146973,11.729999542236328,2078500
2014-01-17,8.732505798339844,11.819999694824219,11.890000343322754,11.760000228881836,11.789999961853027,3616600
2014-01-21,8.769448280334473,11.869999885559082,11.930000305175781,11.859999656677246,11.859999656677246,1930800
2014-01-22,8.880264282226562,12.020000457763672,12.029999732971191,11.859999656677246,11.899999618530273,2911000
2014-01-23,8.983695030212402,12.15999984741211,12.210000038146973,11.739999771118164,11.9399995803833,4568000
2014-01-24,8.791609764099121,11.899999618530273,12.069999694824219,11.729999542236328,12.069999694824219,1580100
2014-01-27,8.599522590637207,11.640000343322754,11.9399995803833,11.579999923706055,11.9399995803833,1753500
2014-01-28,8.62907600402832,11.680000305175781,11.819999694824219,11.609999656677246,11.670000076293945,1589800
2014-01-29,8.503480911254883,11.510000228881836,11.640000343322754,11.4399995803833,11.600000381469727,1576800
2014-01-30,8.533035278320312,11.550000190734863,11.710000038146973,11.539999961853027,11.619999885559082,1479000
2014-01-31,8.555195808410645,11.579999923706055,11.699999809265137,11.3100004196167,11.359999656677246,1710000
2014-02-03,8.3187837600708,11.260000228881836,11.630000114440918,11.199999809265137,11.579999923706055,1742000
2014-02-04,8.348336219787598,11.300000190734863,11.420000076293945,11.180000305175781,11.279999732971191,1776200
2014-02-05,8.28923225402832,11.220000267028809,11.270000457763672,11.0600004196167,11.270000457763672,1525700
2014-02-06,8.473929405212402,11.470000267028809,11.5600004196167,11.199999809265137,11.229999542236328,1715100
2014-02-07,8.473929405212402,11.470000267028809,11.609999656677246,11.329999923706055,11.479999542236328,1484300
2014-02-10,8.555195808410645,11.579999923706055,11.609999656677246,11.34000015258789,11.479999542236328,1190800
2014-02-11,8.680791854858398,11.75,11.850000381469727,11.479999542236328,11.539999961853027,1156500
2014-02-12,8.658626556396484,11.720000267028809,11.770000457763672,11.510000228881836,11.720000267028809,1561000
2014-02-13,8.732505798339844,11.819999694824219,11.899999618530273,11.5600004196167,11.609999656677246,1851100
2014-02-14,8.754671096801758,11.850000381469727,11.949999809265137,11.739999771118164,11.829999923706055,1059100
2014-02-18,8.865489959716797,12.0,12.029999732971191,11.760000228881836,11.850000381469727,1087500
2014-02-19,8.924592018127441,12.079999923706055,12.199999809265137,11.930000305175781,11.960000038146973,1208900
2014-02-20,9.094515800476074,12.3100004196167,12.3100004196167,12.0600004196167,12.079999923706055,1831100
2014-02-21,9.1683931350708,12.40999984741211,12.550000190734863,12.229999542236328,12.34000015258789,3046200
2014-02-24,9.190556526184082,12.4399995803833,12.609999656677246,12.380000114440918,12.430000305175781,2022000
2014-02-25,9.293986320495605,12.579999923706055,12.6899995803833,12.350000381469727,12.479999542236328,2329100
2014-02-26,9.234885215759277,12.5,12.600000381469727,12.270000457763672,12.329999923706055,1651000
2014-02-27,9.124068260192871,12.350000381469727,12.520000457763672,12.300000190734863,12.5,1497100
2014-02-28,9.323540687561035,12.619999885559082,12.680000305175781,12.289999961853027,12.350000381469727,2879700
2014-03-03,9.183171272277832,12.430000305175781,12.539999961853027,12.220000267028809,12.539999961853027,1416600
2014-03-04,9.3530912399292,12.65999984741211,12.710000038146973,12.510000228881836,12.5600004196167,2004200
2014-03-05,9.175782203674316,12.420000076293945,12.760000228881836,12.369999885559082,12.670000076293945,3543900
2014-03-06,9.153618812561035,12.390000343322754,12.5,12.319999694824219,12.449999809265137,2011000
2014-03-07,9.124068260192871,12.350000381469727,12.40999984741211,12.210000038146973,12.380000114440918,1619400
2014-03-10,9.087126731872559,12.300000190734863,12.399999618530273,12.229999542236328,12.359999656677246,1500000
2014-03-11,9.153618812561035,12.390000343322754,12.449999809265137,12.25,12.300000190734863,3284500
2014-03-12,9.220109939575195,12.479999542236328,12.5,12.119999885559082,12.130000114440918,4040900
2014-03-13,9.072351455688477,12.279999732971191,12.59000015258789,12.229999542236328,12.510000228881836,4590400
2014-03-14,9.197945594787598,12.449999809265137,12.5,12.260000228881836,12.260000228881836,2032500
2014-03-17,9.27182388305664,12.550000190734863,12.720000267028809,12.449999809265137,12.489999771118164,1925900
2014-03-18,9.264435768127441,12.539999961853027,12.619999885559082,12.430000305175781,12.550000190734863,1177400
2014-03-19,8.880264282226562,12.020000457763672,12.539999961853027,11.970000267028809,12.5,1825100
2014-03-20,8.821163177490234,11.9399995803833,12.050000190734863,11.859999656677246,11.989999771118164,2428400
2014-03-21,9.013248443603516,12.199999809265137,12.239999771118164,11.989999771118164,11.989999771118164,2606100
2014-03-24,8.954145431518555,12.119999885559082,12.199999809265137,12.010000228881836,12.1899995803833,1396300
2014-03-25,9.005860328674316,12.1899995803833,12.34000015258789,12.09000015258789,12.180000305175781,1002900
2014-03-26,8.747282028198242,11.84000015258789,12.3100004196167,11.829999923706055,12.279999732971191,1529100
2014-03-27,8.734612464904785,11.720000267028809,11.800000190734863,11.649999618530273,11.739999771118164,1252400
2014-03-28,8.697348594665527,11.670000076293945,11.869999885559082,11.649999618530273,11.720000267028809,857500
2014-03-31,8.75697135925293,11.75,11.800000190734863,11.600000381469727,11.720000267028809,1925700
2014-04-01,9.03272533416748,12.119999885559082,12.140000343322754,11.720000267028809,11.779999732971191,2002700
2014-04-02,9.040175437927246,12.130000114440918,12.180000305175781,11.989999771118164,12.140000343322754,958700
2014-04-03,9.002911567687988,12.079999923706055,12.1899995803833,12.010000228881836,12.170000076293945,1009200
2014-04-04,8.876214027404785,11.90999984741211,12.180000305175781,11.859999656677246,12.180000305175781,1224900
2014-04-07,8.861309051513672,11.890000343322754,12.039999961853027,11.859999656677246,11.899999618530273,988100
2014-04-08,8.943289756774902,12.0,12.069999694824219,11.869999885559082,11.899999618530273,799600
2014-04-09,8.958192825317383,12.020000457763672,12.109999656677246,11.899999618530273,12.100000381469727,917600
2014-04-10,8.72715950012207,11.710000038146973,12.050000190734863,11.609999656677246,12.010000228881836,1768100
2014-04-11,8.578104972839355,11.510000228881836,11.680000305175781,11.460000038146973,11.609999656677246,1842200
2014-04-14,8.682445526123047,11.649999618530273,11.8100004196167,11.479999542236328,11.619999885559082,1426900
2014-04-15,8.809136390686035,11.819999694824219,11.829999923706055,11.5600004196167,11.649999618530273,876000
2014-04-16,8.98800277709961,12.0600004196167,12.09000015258789,11.800000190734863,11.880000114440918,985500
2014-04-17,8.980551719665527,12.050000190734863,12.079999923706055,11.869999885559082,11.989999771118164,1296200
2014-04-21,9.047627449035645,12.140000343322754,12.140000343322754,11.979999542236328,12.0600004196167,771000
2014-04-22,9.09234619140625,12.199999809265137,12.329999923706055,12.0600004196167,12.140000343322754,1398700
2014-04-23,9.03272533416748,12.119999885559082,12.260000228881836,12.0600004196167,12.180000305175781,1260500
2014-04-24,9.12215518951416,12.239999771118164,12.279999732971191,12.15999984741211,12.25,885100
2014-04-25,8.8836669921875,11.920000076293945,12.239999771118164,11.890000343322754,12.220000267028809,1330500
2014-04-28,8.965649604797363,12.029999732971191,12.039999961853027,11.75,11.989999771118164,802600
2014-04-29,8.891120910644531,11.930000305175781,12.109999656677246,11.930000305175781,12.09000015258789,589500
2014-04-30,9.144515037536621,12.270000457763672,12.329999923706055,11.800000190734863,11.920000076293945,2111500
2014-05-01,9.248852729797363,12.40999984741211,12.40999984741211,12.010000228881836,12.25,1861600
2014-05-02,9.241398811340332,12.399999618530273,12.510000228881836,12.300000190734863,12.399999618530273,1008800
2014-05-05,9.19668197631836,12.34000015258789,12.420000076293945,12.199999809265137,12.329999923706055,835300
2014-05-06,9.0252685546875,12.109999656677246,12.359999656677246,12.09000015258789,12.319999694824219,1169400
2014-05-07,9.159420013427734,12.289999961853027,12.300000190734863,12.029999732971191,12.170000076293945,1608400
2014-05-08,9.315925598144531,12.5,12.5600004196167,12.270000457763672,12.289999961853027,1162600
2014-05-09,9.189229965209961,12.329999923706055,12.520000457763672,12.289999961853027,12.420000076293945,1678200
2014-05-12,9.189229965209961,12.329999923706055,12.609999656677246,12.270000457763672,12.319999694824219,2697100
2014-05-13,8.973099708557129,12.039999961853027,12.390000343322754,12.020000457763672,12.319999694824219,1974000
2014-05-14,8.8836669921875,11.920000076293945,12.069999694824219,11.899999618530273,12.069999694824219,1461300
2014-05-15,8.809136390686035,11.819999694824219,11.899999618530273,11.609999656677246,11.869999885559082,2139000
2014-05-16,8.928382873535156,11.979999542236328,11.979999542236328,11.739999771118164,11.789999961853027,1224500
2014-05-19,8.98800277709961,12.0600004196167,12.0600004196167,11.890000343322754,11.970000267028809,781900
2014-05-20,8.943289756774902,12.0,12.010000228881836,11.869999885559082,12.010000228881836,2154500
2014-05-21,8.846402168273926,11.869999885559082,12.0600004196167,11.739999771118164,12.029999732971191,1401100
2014-05-22,8.950742721557617,12.010000228881836,12.039999961853027,11.699999809265137,11.84000015258789,1861800
2014-05-23,9.10724925994873,12.220000267028809,12.239999771118164,11.970000267028809,12.010000228881836,1369100
2014-05-27,9.241398811340332,12.399999618530273,12.399999618530273,12.210000038146973,12.270000457763672,1327200
2014-05-28,9.10724925994873,12.220000267028809,12.350000381469727,12.149999618530273,12.34000015258789,2166300
2014-05-29,9.144515037536621,12.270000457763672,12.289999961853027,12.140000343322754,12.270000457763672,1625800
2014-05-30,9.256306648254395,12.420000076293945,12.479999542236328,12.260000228881836,12.289999961853027,1897900
2014-06-02,9.241398811340332,12.399999618530273,12.430000305175781,12.180000305175781,12.430000305175781,1813700
2014-06-03,9.301018714904785,12.479999542236328,12.479999542236328,12.260000228881836,12.34000015258789,1296500
2014-06-04,9.293571472167969,12.470000267028809,12.520000457763672,12.350000381469727,12.449999809265137,784400
2014-06-05,9.561867713928223,12.829999923706055,12.84000015258789,12.350000381469727,12.489999771118164,1181200
2014-06-06,9.532055854797363,12.789999961853027,12.899999618530273,12.729999542236328,12.899999618530273,1414300
2014-06-09,9.457528114318848,12.6899995803833,12.859999656677246,12.640000343322754,12.779999732971191,1035100
2014-06-10,9.39045524597168,12.600000381469727,12.699999809265137,12.470000267028809,12.6899995803833,880800
2014-06-11,9.315925598144531,12.5,12.619999885559082,12.460000038146973,12.5600004196167,971100
2014-06-12,9.256306648254395,12.420000076293945,12.550000190734863,12.300000190734863,12.489999771118164,1170500
2014-06-13,9.26375675201416,12.430000305175781,12.460000038146973,12.289999961853027,12.460000038146973,989600
2014-06-16,9.16687297821045,12.300000190734863,12.4399995803833,12.220000267028809,12.399999618530273,1073900
2014-06-17,9.315925598144531,12.5,12.520000457763672,12.25,12.300000190734863,1399700
2014-06-18,9.427718162536621,12.649999618530273,12.670000076293945,12.380000114440918,12.489999771118164,1436300
2014-06-19,9.532055854797363,12.789999961853027,12.789999961853027,12.569999694824219,12.680000305175781,1233100
2014-06-20,9.606584548950195,12.890000343322754,12.890000343322754,12.59000015258789,12.770000457763672,2147900
2014-06-23,9.569318771362305,12.84000015258789,12.90999984741211,12.729999542236328,12.869999885559082,1336800
2014-06-24,9.450078010559082,12.680000305175781,12.899999618530273,12.65999984741211,12.800000190734863,1067900
2014-06-25,9.50224494934082,12.75,12.760000228881836,12.619999885559082,12.649999618530273,854300
2014-06-26,9.549579620361328,12.710000038146973,12.729999542236328,12.529999732971191,12.65999984741211,969300
2014-06-27,9.76746940612793,13.0,13.020000457763672,12.640000343322754,12.640000343322754,2015900
2014-06-30,9.632227897644043,12.819999694824219,12.979999542236328,12.770000457763672,12.979999542236328,1280300
2014-07-01,9.677308082580566,12.880000114440918,12.989999771118164,12.789999961853027,12.8100004196167,1454400
2014-07-02,9.73741626739502,12.960000038146973,12.970000267028809,12.779999732971191,12.84000015258789,1353800
2014-07-03,9.714876174926758,12.930000305175781,12.979999542236328,12.779999732971191,12.970000267028809,697800
2014-07-07,9.594660758972168,12.770000457763672,12.899999618530273,12.729999542236328,12.890000343322754,1176700
2014-07-08,9.632227897644043,12.819999694824219,12.859999656677246,12.739999771118164,12.760000228881836,1057200
2014-07-09,9.69233512878418,12.899999618530273,12.960000038146973,12.739999771118164,12.880000114440918,1096100
2014-07-10,9.699849128723145,12.90999984741211,12.979999542236328,12.729999542236328,12.770000457763672,911100
2014-07-11,9.617201805114746,12.800000190734863,12.90999984741211,12.720000267028809,12.899999618530273,973600
2014-07-14,9.669794082641602,12.869999885559082,12.979999542236328,12.779999732971191,12.869999885559082,797700
2014-07-15,9.707362174987793,12.920000076293945,12.979999542236328,12.770000457763672,12.90999984741211,1238300
2014-07-16,9.790007591247559,13.029999732971191,13.0600004196167,12.920000076293945,12.970000267028809,1392300
2014-07-17,9.684822082519531,12.890000343322754,13.029999732971191,12.859999656677246,12.970000267028809,801300
2014-07-18,9.774982452392578,13.010000228881836,13.069999694824219,12.869999885559082,12.880000114440918,1291200
2014-07-21,9.639742851257324,12.829999923706055,12.960000038146973,12.800000190734863,12.960000038146973,1353700
2014-07-22,9.714876174926758,12.930000305175781,12.949999809265137,12.84000015258789,12.890000343322754,794600
2014-07-23,9.72238826751709,12.9399995803833,12.960000038146973,12.779999732971191,12.779999732971191,1521600
2014-07-24,9.662280082702637,12.859999656677246,13.020000457763672,12.800000190734863,12.979999542236328,909500
2014-07-25,9.549579620361328,12.710000038146973,12.800000190734863,12.65999984741211,12.789999961853027,1370700
2014-07-28,9.564606666564941,12.729999542236328,12.829999923706055,12.680000305175781,12.739999771118164,911900
2014-07-29,9.489472389221191,12.630000114440918,12.779999732971191,12.59000015258789,12.729999542236328,1261300
2014-07-30,9.557093620300293,12.720000267028809,12.75,12.569999694824219,12.680000305175781,1379900
2014-07-31,9.21147632598877,12.260000228881836,12.600000381469727,12.149999618530273,12.59000015258789,2559600
2014-08-01,9.234016418457031,12.289999961853027,12.380000114440918,12.210000038146973,12.239999771118164,1569900
2014-08-04,9.489472389221191,12.630000114440918,12.65999984741211,12.260000228881836,12.329999923706055,1379800
2014-08-05,9.294121742248535,12.369999885559082,12.680000305175781,12.350000381469727,12.569999694824219,1501500
2014-08-06,9.354228019714355,12.449999809265137,12.5,12.270000457763672,12.300000190734863,1100600
2014-08-07,9.354228019714355,12.449999809265137,12.59000015258789,12.359999656677246,12.529999732971191,1007300
2014-08-08,9.339202880859375,12.430000305175781,12.680000305175781,12.359999656677246,12.529999732971191,1305100
2014-08-11,9.512011528015137,12.65999984741211,12.720000267028809,12.510000228881836,12.510000228881836,1498400
2014-08-12,9.451906204223633,12.579999923706055,12.6899995803833,12.539999961853027,12.640000343322754,1036900
2014-08-13,9.602171897888184,12.779999732971191,12.800000190734863,12.649999618530273,12.65999984741211,977200
2014-08-14,9.632227897644043,12.819999694824219,12.930000305175781,12.779999732971191,12.829999923706055,1372600
2014-08-15,9.58714771270752,12.760000228881836,13.0,12.680000305175781,12.930000305175781,1693400
2014-08-18,9.827580451965332,13.079999923706055,13.079999923706055,12.880000114440918,12.890000343322754,1084500
2014-08-19,9.910224914550781,13.1899995803833,13.3100004196167,13.069999694824219,13.109999656677246,1754900
2014-08-20,10.007901191711426,13.319999694824219,13.359999656677246,13.069999694824219,13.180000305175781,1515400
2014-08-21,10.037951469421387,13.359999656677246,13.399999618530273,13.279999732971191,13.319999694824219,1866000
2014-08-22,9.940278053283691,13.229999542236328,13.319999694824219,13.149999618530273,13.300000190734863,1063500
2014-08-25,9.880168914794922,13.149999618530273,13.319999694824219,13.010000228881836,13.319999694824219,1600100
2014-08-26,9.955306053161621,13.25,13.300000190734863,13.119999885559082,13.149999618530273,1101700
2014-08-27,9.955306053161621,13.25,13.300000190734863,13.199999809265137,13.25,668900
2014-08-28,9.90271282196045,13.180000305175781,13.270000457763672,13.15999984741211,13.199999809265137,926800
2014-08-29,10.007901191711426,13.319999694824219,13.350000381469727,13.149999618530273,13.1899995803833,1503700
2014-09-02,10.060494422912598,13.390000343322754,13.4399995803833,13.350000381469727,13.359999656677246,1383500
2014-09-03,10.128116607666016,13.479999542236328,13.579999923706055,13.380000114440918,13.420000076293945,1505700
2014-09-04,10.090547561645508,13.430000305175781,13.520000457763672,13.359999656677246,13.470000267028809,1040500
2014-09-05,10.20324993133545,13.579999923706055,13.609999656677246,13.40999984741211,13.40999984741211,1065900
2014-09-08,10.195737838745117,13.569999694824219,13.65999984741211,13.510000228881836,13.59000015258789,861500
2014-09-09,10.128116607666016,13.479999542236328,13.550000190734863,13.430000305175781,13.539999961853027,2070800
2014-09-10,10.015413284301758,13.329999923706055,13.460000038146973,13.300000190734863,13.430000305175781,1218000
2014-09-11,10.022927284240723,13.34000015258789,13.40999984741211,13.25,13.279999732971191,1215500
2014-09-12,9.73741626739502,12.960000038146973,13.329999923706055,12.869999885559082,13.3100004196167,1579500
2014-09-15,9.759957313537598,12.989999771118164,13.069999694824219,12.949999809265137,12.989999771118164,1300500
2014-09-16,9.910224914550781,13.1899995803833,13.229999542236328,12.949999809265137,12.949999809265137,1299100
2014-09-17,9.932764053344727,13.220000267028809,13.359999656677246,13.170000076293945,13.229999542236328,1390300
2014-09-18,10.045466423034668,13.369999885559082,13.390000343322754,13.239999771118164,13.25,1187400
2014-09-19,9.96281909942627,13.260000228881836,13.460000038146973,13.15999984741211,13.420000076293945,3081200
2014-09-22,9.857632637023926,13.119999885559082,13.300000190734863,13.119999885559082,13.229999542236328,1224300
2014-09-23,9.58714771270752,12.760000228881836,13.119999885559082,12.75,13.09000015258789,1887900
2014-09-24,9.69233512878418,12.899999618530273,13.020000457763672,12.760000228881836,12.760000228881836,1922800
2014-09-25,9.632227897644043,12.819999694824219,12.890000343322754,12.760000228881836,12.880000114440918,1464500
2014-09-26,9.854154586791992,13.010000228881836,13.050000190734863,12.6899995803833,12.739999771118164,1475700
2014-09-29,9.732967376708984,12.850000381469727,12.90999984741211,12.75,12.869999885559082,1899800
2014-09-30,9.604204177856445,12.680000305175781,12.989999771118164,12.680000305175781,12.869999885559082,1450500
2014-10-01,9.483014106750488,12.520000457763672,12.729999542236328,12.4399995803833,12.630000114440918,1259600
2014-10-02,9.490591049194336,12.529999732971191,12.640000343322754,12.329999923706055,12.529999732971191,982800
2014-10-03,9.619349479675293,12.699999809265137,12.739999771118164,12.520000457763672,12.65999984741211,953300
2014-10-06,9.619349479675293,12.699999809265137,12.850000381469727,12.680000305175781,12.729999542236328,944100
2014-10-07,9.505736351013184,12.550000190734863,12.75,12.550000190734863,12.640000343322754,1325600
2014-10-08,9.869301795959473,13.029999732971191,13.039999961853027,12.59000015258789,12.609999656677246,3553500
2014-10-09,9.72539234161377,12.84000015258789,13.100000381469727,12.789999961853027,13.010000228881836,2503600
2014-10-10,9.710243225097656,12.819999694824219,13.0600004196167,12.770000457763672,12.8100004196167,1964700
2014-10-13,9.581480979919434,12.649999618530273,12.979999542236328,12.640000343322754,12.829999923706055,2095500
2014-10-14,9.65722370147705,12.75,13.09000015258789,12.649999618530273,12.779999732971191,3034100
2014-10-15,9.69509506225586,12.800000190734863,12.899999618530273,12.5,12.609999656677246,2603100
2014-10-16,9.884452819824219,13.050000190734863,13.100000381469727,12.579999923706055,12.579999923706055,1539600
2014-10-17,9.960192680358887,13.149999618530273,13.239999771118164,12.970000267028809,13.199999809265137,1691000
2014-10-20,10.126829147338867,13.369999885559082,13.369999885559082,13.109999656677246,13.109999656677246,1445700
2014-10-21,10.270740509033203,13.5600004196167,13.59000015258789,13.399999618530273,13.479999542236328,1417200
2014-10-22,10.255594253540039,13.539999961853027,13.75,13.520000457763672,13.619999885559082,1486700
2014-10-23,10.384355545043945,13.710000038146973,13.859999656677246,13.5600004196167,13.699999809265137,1921700
2014-10-24,10.369207382202148,13.6899995803833,13.770000457763672,13.600000381469727,13.729999542236328,1586100
2014-10-27,10.429800987243652,13.770000457763672,13.770000457763672,13.640000343322754,13.65999984741211,1364400
2014-10-28,10.58128833770752,13.970000267028809,14.0,13.699999809265137,13.800000190734863,1726500
2014-10-29,10.550989151000977,13.930000305175781,14.020000457763672,13.739999771118164,13.9399995803833,1347200
2014-10-30,10.740348815917969,14.180000305175781,14.180000305175781,13.84000015258789,13.850000381469727,1727500
2014-10-31,10.869109153747559,14.350000381469727,14.430000305175781,14.180000305175781,14.390000343322754,1792100
2014-11-03,10.899408340454102,14.390000343322754,14.5,14.329999923706055,14.329999923706055,944300
2014-11-04,10.8236665725708,14.289999961853027,14.640000343322754,14.1899995803833,14.5600004196167,2118700
2014-11-05,10.816089630126953,14.279999732971191,14.430000305175781,14.130000114440918,14.399999618530273,2069700
2014-11-06,10.747920989990234,14.1899995803833,14.369999885559082,14.069999694824219,14.289999961853027,1858300
2014-11-07,10.679753303527832,14.100000381469727,14.210000038146973,14.050000190734863,14.210000038146973,1930400
2014-11-10,10.793364524841309,14.25,14.260000228881836,14.079999923706055,14.109999656677246,1092400
2014-11-11,10.778219223022461,14.229999542236328,14.270000457763672,14.15999984741211,14.270000457763672,1262500
2014-11-12,10.717623710632324,14.149999618530273,14.239999771118164,14.069999694824219,14.199999809265137,1026800
2014-11-13,10.831239700317383,14.300000190734863,14.380000114440918,14.130000114440918,14.149999618530273,1224600
2014-11-14,10.770647048950195,14.220000267028809,14.350000381469727,14.15999984741211,14.34000015258789,1004000
2014-11-17,10.732773780822754,14.170000076293945,14.300000190734863,14.149999618530273,14.239999771118164,1172800
2014-11-18,10.899408340454102,14.390000343322754,14.420000076293945,14.1899995803833,14.210000038146973,1432800
2014-11-19,10.778219223022461,14.229999542236328,14.350000381469727,14.1899995803833,14.34000015258789,1699800
2014-11-20,10.975150108337402,14.489999771118164,14.520000457763672,14.109999656677246,14.210000038146973,1590900
2014-11-21,11.005448341369629,14.529999732971191,14.640000343322754,14.430000305175781,14.630000114440918,1727000
2014-11-24,11.013020515441895,14.539999961853027,14.569999694824219,14.460000038146973,14.510000228881836,1273500
2014-11-25,11.005448341369629,14.529999732971191,14.609999656677246,14.460000038146973,14.520000457763672,1515000
2014-11-26,11.187231063842773,14.770000457763672,14.789999961853027,14.529999732971191,14.579999923706055,1092000
2014-11-28,11.308418273925781,14.930000305175781,15.029999732971191,14.739999771118164,14.800000190734863,1267300
2014-12-01,11.300846099853516,14.920000076293945,15.130000114440918,14.84000015258789,14.90999984741211,2890800
2014-12-02,11.338714599609375,14.970000267028809,15.039999961853027,14.739999771118164,14.9399995803833,1846800
2014-12-03,11.384160041809082,15.029999732971191,15.119999885559082,14.930000305175781,14.979999542236328,1798600
2014-12-04,11.338714599609375,14.970000267028809,15.050000190734863,14.899999618530273,15.0,1931800
2014-12-05,11.376588821411133,15.020000457763672,15.050000190734863,14.880000114440918,14.920000076293945,1617100
2014-12-08,11.429608345031738,15.09000015258789,15.25,14.970000267028809,15.010000228881836,2228500
2014-12-09,11.573519706726074,15.279999732971191,15.34000015258789,14.899999618530273,14.960000038146973,2370500
2014-12-10,11.520500183105469,15.210000038146973,15.329999923706055,15.140000343322754,15.260000228881836,1293400
2014-12-11,11.528076171875,15.220000267028809,15.359999656677246,15.15999984741211,15.319999694824219,1603100
2014-12-12,11.39173698425293,15.039999961853027,15.319999694824219,15.029999732971191,15.09000015258789,2215400
2014-12-15,11.331140518188477,14.960000038146973,15.15999984741211,14.819999694824219,15.149999618530273,1931400
2014-12-16,11.369012832641602,15.010000228881836,15.15999984741211,14.829999923706055,14.920000076293945,2328900
2014-12-17,11.671985626220703,15.40999984741211,15.40999984741211,14.989999771118164,15.050000190734863,1775700
2014-12-18,11.702282905578613,15.449999809265137,15.720000267028809,15.3100004196167,15.640000343322754,1525200
2014-12-19,11.51292610168457,15.199999809265137,15.460000038146973,15.149999618530273,15.460000038146973,3954200
2014-12-22,11.588668823242188,15.300000190734863,15.40999984741211,15.1899995803833,15.210000038146973,2029900
2014-12-23,11.467479705810547,15.140000343322754,15.390000343322754,15.130000114440918,15.350000381469727,2193700
2014-12-24,11.581092834472656,15.289999961853027,15.390000343322754,15.180000305175781,15.180000305175781,839600
2014-12-26,11.611390113830566,15.329999923706055,15.399999618530273,15.260000228881836,15.359999656677246,1203200
2014-12-29,11.628168106079102,15.25,15.380000114440918,15.170000076293945,15.239999771118164,1168200
2014-12-30,11.590041160583496,15.199999809265137,15.359999656677246,15.1899995803833,15.289999961853027,1266600
2014-12-31,11.33841609954834,14.869999885559082,15.369999885559082,14.850000381469727,15.270000457763672,1232300
2015-01-02,11.407042503356934,14.960000038146973,15.069999694824219,14.899999618530273,14.979999542236328,1292600
2015-01-05,11.346037864685059,14.880000114440918,15.0,14.829999923706055,14.899999618530273,1997700
2015-01-06,11.201163291931152,14.6899995803833,15.039999961853027,14.680000305175781,14.970000267028809,1883900
2015-01-07,11.208791732788086,14.699999809265137,14.829999923706055,14.619999885559082,14.760000228881836,3662100
2015-01-08,11.490914344787598,15.069999694824219,15.199999809265137,14.739999771118164,14.739999771118164,4598300
2015-01-09,11.407042503356934,14.960000038146973,15.15999984741211,14.899999618530273,15.109999656677246,1948600
2015-01-12,11.536664962768555,15.130000114440918,15.140000343322754,14.949999809265137,15.010000228881836,1668300
2015-01-13,11.63578987121582,15.260000228881836,15.449999809265137,15.149999618530273,15.210000038146973,1490800
2015-01-14,11.742541313171387,15.399999618530273,15.399999618530273,15.029999732971191,15.029999732971191,982100
2015-01-15,11.696788787841797,15.34000015258789,15.489999771118164,15.15999984741211,15.479999542236328,1165100
2015-01-16,11.895040512084961,15.600000381469727,15.609999656677246,15.279999732971191,15.34000015258789,1306200
2015-01-20,11.742541313171387,15.399999618530273,15.699999809265137,15.329999923706055,15.649999618530273,1473500
2015-01-21,11.765416145324707,15.430000305175781,15.479999542236328,15.289999961853027,15.40999984741211,783800
2015-01-22,12.184794425964355,15.979999542236328,16.0,15.399999618530273,15.5600004196167,1887100
2015-01-23,11.841665267944336,15.529999732971191,16.010000228881836,15.520000457763672,16.010000228881836,1592600
2015-01-26,11.78829288482666,15.460000038146973,15.5,15.380000114440918,15.489999771118164,2436000
2015-01-27,11.673919677734375,15.3100004196167,15.520000457763672,15.279999732971191,15.329999923706055,1330900
2015-01-28,11.468040466308594,15.039999961853027,15.430000305175781,15.020000457763672,15.399999618530273,2099800
2015-01-29,11.513790130615234,15.100000381469727,15.130000114440918,14.949999809265137,15.050000190734863,2007600
2015-01-30,11.07916259765625,14.529999732971191,15.079999923706055,14.5,14.989999771118164,2239900
2015-02-02,10.919038772583008,14.319999694824219,14.579999923706055,14.100000381469727,14.550000190734863,2824600
2015-02-03,11.231661796569824,14.729999542236328,14.739999771118164,14.25,14.319999694824219,2833100
2015-02-04,11.109663963317871,14.569999694824219,14.829999923706055,14.539999961853027,14.65999984741211,1572600
2015-02-05,11.33841609954834,14.869999885559082,14.880000114440918,14.550000190734863,14.569999694824219,1334200
2015-02-06,11.04103946685791,14.479999542236328,14.890000343322754,14.359999656677246,14.880000114440918,3191400
2015-02-09,10.987665176391602,14.40999984741211,14.609999656677246,14.369999885559082,14.479999542236328,1366000
2015-02-10,11.071540832519531,14.520000457763672,14.550000190734863,14.300000190734863,14.460000038146973,1627300
2015-02-11,11.10204029083252,14.5600004196167,14.649999618530273,14.369999885559082,14.510000228881836,1567800
2015-02-12,11.24691390991211,14.75,14.770000457763672,14.520000457763672,14.670000076293945,1880400
2015-02-13,11.185914039611816,14.670000076293945,14.779999732971191,14.550000190734863,14.739999771118164,893500
2015-02-17,11.117291450500488,14.579999923706055,14.800000190734863,14.539999961853027,14.6899995803833,1722500
2015-02-18,11.071540832519531,14.520000457763672,14.600000381469727,14.260000228881836,14.579999923706055,2869800
2015-02-19,10.957165718078613,14.369999885559082,14.479999542236328,14.069999694824219,14.479999542236328,3984700
2015-02-20,10.919038772583008,14.319999694824219,14.449999809265137,14.199999809265137,14.329999923706055,2071100
2015-02-23,11.010539054870605,14.4399995803833,14.460000038146973,14.270000457763672,14.329999923706055,1950800
2015-02-24,10.903790473937988,14.300000190734863,14.380000114440918,14.149999618530273,14.279999732971191,1783800
2015-02-25,10.888537406921387,14.279999732971191,14.489999771118164,14.270000457763672,14.329999923706055,2138100
2015-02-26,10.926665306091309,14.329999923706055,14.369999885559082,14.100000381469727,14.300000190734863,1418300
2015-02-27,11.04103946685791,14.479999542236328,14.520000457763672,14.199999809265137,14.329999923706055,2055500
2015-03-02,11.155412673950195,14.630000114440918,14.800000190734863,14.449999809265137,14.510000228881836,1603100
2015-03-03,11.086791038513184,14.539999961853027,14.65999984741211,14.430000305175781,14.65999984741211,1741100
2015-03-04,10.774163246154785,14.130000114440918,14.529999732971191,14.130000114440918,14.510000228881836,1638600
2015-03-05,10.575911521911621,13.869999885559082,14.199999809265137,13.869999885559082,14.140000343322754,2102900
2015-03-06,10.309036254882812,13.520000457763672,13.670000076293945,13.329999923706055,13.670000076293945,2841800
2015-03-09,10.606411933898926,13.90999984741211,13.930000305175781,13.520000457763672,13.59000015258789,2761900
2015-03-10,10.560665130615234,13.850000381469727,13.960000038146973,13.75,13.829999923706055,1971100
2015-03-11,10.789412498474121,14.149999618530273,14.15999984741211,13.8100004196167,13.90999984741211,4507100
2015-03-12,11.01816177368164,14.449999809265137,14.539999961853027,14.229999542236328,14.239999771118164,2030600
2015-03-13,10.941914558410645,14.350000381469727,14.529999732971191,14.210000038146973,14.489999771118164,1588000
2015-03-16,11.010539054870605,14.4399995803833,14.619999885559082,14.430000305175781,14.479999542236328,1174000
2015-03-17,11.10204029083252,14.5600004196167,14.569999694824219,14.3100004196167,14.350000381469727,1491100
2015-03-18,11.14016342163086,14.609999656677246,14.729999542236328,14.25,14.550000190734863,2645100
2015-03-19,11.170665740966797,14.649999618530273,14.75,14.510000228881836,14.569999694824219,1014300
2015-03-20,11.483291625976562,15.0600004196167,15.130000114440918,14.65999984741211,14.710000038146973,3121600
2015-03-23,11.39941692352295,14.949999809265137,15.15999984741211,14.920000076293945,15.0600004196167,1130500
2015-03-24,11.147789001464844,14.619999885559082,14.949999809265137,14.609999656677246,14.90999984741211,2164400
2015-03-25,10.880913734436035,14.270000457763672,14.529999732971191,14.15999984741211,14.369999885559082,4232000
2015-03-26,10.758912086486816,14.109999656677246,14.270000457763672,13.989999771118164,14.170000076293945,1615800
2015-03-27,10.762761116027832,13.989999771118164,14.09000015258789,13.90999984741211,13.979999542236328,1822600
2015-03-30,10.978169441223145,14.270000457763672,14.279999732971191,13.960000038146973,14.0600004196167,1574500
2015-03-31,10.870465278625488,14.130000114440918,14.300000190734863,14.039999961853027,14.210000038146973,1453800
2015-04-01,10.862771034240723,14.119999885559082,14.1899995803833,13.970000267028809,14.140000343322754,1486200
2015-04-02,11.016636848449707,14.319999694824219,14.430000305175781,14.109999656677246,14.119999885559082,1499300
2015-04-06,11.03201961517334,14.34000015258789,14.449999809265137,14.279999732971191,14.3100004196167,997600
2015-04-07,10.747371673583984,13.970000267028809,14.34000015258789,13.960000038146973,14.319999694824219,737700
2015-04-08,10.801227569580078,14.039999961853027,14.149999618530273,13.960000038146973,13.989999771118164,1022400
2015-04-09,10.624279975891113,13.8100004196167,14.09000015258789,13.720000267028809,14.029999732971191,1375800
2015-04-10,10.731985092163086,13.949999809265137,14.050000190734863,13.880000114440918,13.90999984741211,1084800
2015-04-13,10.801227569580078,14.039999961853027,14.130000114440918,13.930000305175781,13.930000305175781,1373900
2015-04-14,10.71660041809082,13.930000305175781,14.130000114440918,13.890000343322754,14.069999694824219,1172500
2015-04-15,10.61658763885498,13.800000190734863,13.960000038146973,13.779999732971191,13.960000038146973,726100
2015-04-16,10.69351863861084,13.899999618530273,13.9399995803833,13.699999809265137,13.779999732971191,683200
2015-04-17,10.647360801696777,13.84000015258789,13.880000114440918,13.65999984741211,13.800000190734863,1522400
2015-04-20,10.678136825561523,13.880000114440918,13.90999984741211,13.800000190734863,13.869999885559082,1270900
2015-04-21,10.670440673828125,13.869999885559082,14.039999961853027,13.850000381469727,13.90999984741211,703500
2015-04-22,10.69351863861084,13.899999618530273,13.949999809265137,13.819999694824219,13.920000076293945,1219700
2015-04-23,10.908928871154785,14.180000305175781,14.199999809265137,13.880000114440918,13.890000343322754,2419600
2015-04-24,10.901238441467285,14.170000076293945,14.270000457763672,14.149999618530273,14.199999809265137,1121600
2015-04-27,10.924315452575684,14.199999809265137,14.40999984741211,14.100000381469727,14.229999542236328,1322900
2015-04-28,10.901238441467285,14.170000076293945,14.300000190734863,14.109999656677246,14.170000076293945,1632900
2015-04-29,10.747371673583984,13.970000267028809,14.15999984741211,13.930000305175781,14.069999694824219,1133100
2015-04-30,10.431954383850098,13.5600004196167,13.949999809265137,13.4399995803833,13.899999618530273,1806500
2015-05-01,10.462727546691895,13.600000381469727,13.789999961853027,13.470000267028809,13.569999694824219,1416200
2015-05-04,10.508883476257324,13.65999984741211,13.869999885559082,13.609999656677246,13.640000343322754,1553800
2015-05-05,10.262703895568848,13.34000015258789,13.65999984741211,13.260000228881836,13.609999656677246,1851500
2015-05-06,10.208849906921387,13.270000457763672,13.390000343322754,13.149999618530273,13.329999923706055,1365600
2015-05-07,10.455033302307129,13.59000015258789,13.670000076293945,13.25,13.319999694824219,1744500
2015-05-08,10.570429801940918,13.739999771118164,14.020000457763672,13.670000076293945,13.729999542236328,1447500
2015-05-11,10.316555976867676,13.40999984741211,13.760000228881836,13.380000114440918,13.729999542236328,1476600
2015-05-12,10.33963394165039,13.4399995803833,13.470000267028809,13.109999656677246,13.359999656677246,1601800
2015-05-13,10.201157569885254,13.260000228881836,13.550000190734863,13.239999771118164,13.550000190734863,1409400
2015-05-14,10.385793685913086,13.5,13.510000228881836,13.270000457763672,13.329999923706055,2291800
2015-05-15,10.508883476257324,13.65999984741211,13.6899995803833,13.4399995803833,13.529999732971191,1594400
2015-05-18,10.393486976623535,13.510000228881836,13.649999618530273,13.470000267028809,13.649999618530273,2368800
2015-05-19,10.393486976623535,13.510000228881836,13.600000381469727,13.420000076293945,13.460000038146973,2498800
2015-05-20,10.33963394165039,13.4399995803833,13.569999694824219,13.390000343322754,13.539999961853027,3400400
2015-05-21,10.308859825134277,13.399999618530273,13.600000381469727,13.350000381469727,13.600000381469727,970300
2015-05-22,10.27039623260498,13.350000381469727,13.479999542236328,13.3100004196167,13.359999656677246,990300
2015-05-26,10.13192081451416,13.170000076293945,13.300000190734863,13.109999656677246,13.279999732971191,1162800
2015-05-27,10.27808952331543,13.359999656677246,13.390000343322754,13.109999656677246,13.210000038146973,930900
2015-05-28,10.224236488342285,13.289999961853027,13.40999984741211,13.1899995803833,13.369999885559082,1165600
2015-05-29,10.13192081451416,13.170000076293945,13.34000015258789,13.119999885559082,13.260000228881836,2304700
2015-06-01,10.262703895568848,13.34000015258789,13.390000343322754,13.130000114440918,13.229999542236328,1051700
2015-06-02,10.21654224395752,13.279999732971191,13.380000114440918,13.229999542236328,13.25,1541500
2015-06-03,10.085759162902832,13.109999656677246,13.329999923706055,13.039999961853027,13.300000190734863,1986300
2015-06-04,10.001134872436523,13.0,13.140000343322754,12.970000267028809,13.0600004196167,1603400
2015-06-05,9.893427848815918,12.859999656677246,12.9399995803833,12.75,12.899999618530273,1446800
2015-06-08,9.83188533782959,12.779999732971191,12.90999984741211,12.770000457763672,12.859999656677246,972100
2015-06-09,9.839577674865723,12.789999961853027,12.850000381469727,12.65999984741211,12.789999961853027,1818000
2015-06-10,9.924203872680664,12.899999618530273,13.079999923706055,12.8100004196167,12.84000015258789,1404700
2015-06-11,9.931896209716797,12.90999984741211,13.0,12.859999656677246,12.960000038146973,823000
2015-06-12,9.901124000549316,12.869999885559082,12.9399995803833,12.8100004196167,12.880000114440918,753800
2015-06-15,10.093452453613281,13.119999885559082,13.210000038146973,12.720000267028809,12.84000015258789,17520000
2015-06-16,10.17807674407959,13.229999542236328,13.260000228881836,13.069999694824219,13.119999885559082,1717800
2015-06-17,10.185770034790039,13.239999771118164,13.300000190734863,13.09000015258789,13.210000038146973,8334400
2015-06-18,10.33963394165039,13.4399995803833,13.479999542236328,13.270000457763672,13.270000457763672,2394000
2015-06-19,10.347328186035156,13.449999809265137,13.470000267028809,13.289999961853027,13.449999809265137,2507100
2015-06-22,10.170385360717773,13.220000267028809,13.5,13.210000038146973,13.470000267028809,2114500
2015-06-23,10.162691116333008,13.210000038146973,13.3100004196167,13.119999885559082,13.199999809265137,1210000
2015-06-24,10.116533279418945,13.149999618530273,13.319999694824219,13.149999618530273,13.210000038146973,1937000
2015-06-25,10.07037353515625,13.09000015258789,13.25,13.039999961853027,13.199999809265137,2621100
2015-06-26,10.151930809020996,13.069999694824219,13.079999923706055,12.890000343322754,13.0,2172200
2015-06-29,9.942211151123047,12.800000190734863,13.220000267028809,12.800000190734863,13.029999732971191,2995300
2015-06-30,9.949981689453125,12.8100004196167,13.010000228881836,12.65999984741211,12.90999984741211,3132800
2015-07-01,10.128628730773926,13.039999961853027,13.039999961853027,12.800000190734863,12.800000190734863,2295100
2015-07-02,10.237370491027832,13.180000305175781,13.289999961853027,13.109999656677246,13.109999656677246,2466900
2015-07-06,10.307278633117676,13.270000457763672,13.329999923706055,13.100000381469727,13.100000381469727,1727600
2015-07-07,10.470393180847168,13.479999542236328,13.550000190734863,13.319999694824219,13.319999694824219,2265300
2015-07-08,10.361648559570312,13.34000015258789,13.470000267028809,13.270000457763672,13.399999618530273,1330900
2015-07-09,10.229602813720703,13.170000076293945,13.430000305175781,13.149999618530273,13.430000305175781,1582000
2015-07-10,10.384949684143066,13.369999885559082,13.4399995803833,13.199999809265137,13.260000228881836,936000
2015-07-13,10.392720222473145,13.380000114440918,13.539999961853027,13.300000190734863,13.4399995803833,1279000
2015-07-14,10.509228706359863,13.529999732971191,13.569999694824219,13.329999923706055,13.460000038146973,1247600
2015-07-15,10.641273498535156,13.699999809265137,13.720000267028809,13.449999809265137,13.520000457763672,1533600
2015-07-16,10.71894645690918,13.800000190734863,13.859999656677246,13.649999618530273,13.770000457763672,1049500
2015-07-17,10.680110931396484,13.75,13.800000190734863,13.710000038146973,13.779999732971191,885900
2015-07-20,10.69564437866211,13.770000457763672,13.829999923706055,13.65999984741211,13.739999771118164,823100
2015-07-21,10.617971420288086,13.670000076293945,13.819999694824219,13.640000343322754,13.760000228881836,1006400
2015-07-22,10.586902618408203,13.630000114440918,13.75,13.619999885559082,13.65999984741211,1082900
2015-07-23,10.128628730773926,13.039999961853027,13.640000343322754,12.899999618530273,13.640000343322754,3415900
2015-07-24,9.981045722961426,12.850000381469727,13.020000457763672,12.729999542236328,13.020000457763672,2335900
2015-07-27,9.973284721374512,12.84000015258789,12.930000305175781,12.770000457763672,12.800000190734863,1202500
2015-07-28,9.942211151123047,12.800000190734863,12.949999809265137,12.75,12.880000114440918,3199500
2015-07-29,9.895607948303223,12.739999771118164,12.90999984741211,12.670000076293945,12.829999923706055,2882000
2015-07-30,9.74026107788086,12.539999961853027,12.739999771118164,12.520000457763672,12.6899995803833,1785000
2015-07-31,9.794631004333496,12.609999656677246,12.699999809265137,12.550000190734863,12.600000381469727,2669000
2015-08-03,9.864538192749023,12.699999809265137,12.75,12.520000457763672,12.619999885559082,1590600
2015-08-04,9.779098510742188,12.59000015258789,12.739999771118164,12.449999809265137,12.710000038146973,2074100
2015-08-05,9.553844451904297,12.300000190734863,12.649999618530273,12.270000457763672,12.630000114440918,2400900
2015-08-06,9.491706848144531,12.220000267028809,12.3100004196167,11.920000076293945,12.300000190734863,2399500
2015-08-07,9.670353889465332,12.449999809265137,12.960000038146973,12.039999961853027,12.960000038146973,2255300
2015-08-10,9.716958999633789,12.510000228881836,12.600000381469727,12.420000076293945,12.550000190734863,1270800
2015-08-11,9.794631004333496,12.609999656677246,12.6899995803833,12.4399995803833,12.470000267028809,1562500
2015-08-12,9.810166358947754,12.630000114440918,12.640000343322754,12.300000190734863,12.579999923706055,1927500
2015-08-13,9.779098510742188,12.59000015258789,12.720000267028809,12.399999618530273,12.600000381469727,1768900
2015-08-14,9.763565063476562,12.569999694824219,12.680000305175781,12.479999542236328,12.600000381469727,1078500
2015-08-17,9.864538192749023,12.699999809265137,12.699999809265137,12.489999771118164,12.539999961853027,1323700
2015-08-18,9.872307777404785,12.710000038146973,12.75,12.600000381469727,12.680000305175781,1887400
2015-08-19,9.748027801513672,12.550000190734863,12.65999984741211,12.489999771118164,12.630000114440918,1300600
2015-08-20,9.546074867248535,12.289999961853027,12.539999961853027,12.270000457763672,12.510000228881836,1841500
2015-08-21,9.35189151763916,12.039999961853027,12.289999961853027,12.0,12.239999771118164,3030200
2015-08-24,9.033432960510254,11.630000114440918,12.069999694824219,11.5,11.829999923706055,2957000
2015-08-25,8.80817699432373,11.34000015258789,11.960000038146973,11.329999923706055,11.960000038146973,2876700
2015-08-26,9.14217472076416,11.770000457763672,11.779999732971191,11.390000343322754,11.550000190734863,2751200
2015-08-27,9.243148803710938,11.899999618530273,12.0600004196167,11.75,11.869999885559082,2078900
2015-08-28,9.1887788772583,11.829999923706055,11.949999809265137,11.779999732971191,11.899999618530273,1712700
2015-08-31,9.134408950805664,11.760000228881836,11.949999809265137,11.720000267028809,11.800000190734863,2773500
2015-09-01,8.916922569274902,11.479999542236328,11.640000343322754,11.40999984741211,11.520000457763672,2280600
2015-09-02,8.96352481842041,11.539999961853027,11.65999984741211,11.449999809265137,11.609999656677246,1618200
2015-09-03,8.893621444702148,11.449999809265137,11.640000343322754,11.289999961853027,11.579999923706055,1332800
2015-09-04,8.746039390563965,11.260000228881836,11.40999984741211,11.199999809265137,11.329999923706055,1588100
2015-09-08,8.932455062866211,11.5,11.550000190734863,11.359999656677246,11.369999885559082,1097000
2015-09-09,8.878085136413574,11.430000305175781,11.670000076293945,11.420000076293945,11.569999694824219,2157400
2015-09-10,8.940225601196289,11.510000228881836,11.640000343322754,11.380000114440918,11.399999618530273,1428900
2015-09-11,9.111104011535645,11.729999542236328,11.760000228881836,11.4399995803833,11.479999542236328,1217900
2015-09-14,9.196545600891113,11.84000015258789,11.850000381469727,11.680000305175781,11.739999771118164,1731900
2015-09-15,9.033432960510254,11.630000114440918,11.880000114440918,11.390000343322754,11.84000015258789,4587000
2015-09-16,9.173242568969727,11.8100004196167,11.859999656677246,11.579999923706055,11.609999656677246,1379900
2015-09-17,9.281986236572266,11.949999809265137,12.15999984741211,11.760000228881836,11.8100004196167,1841500
2015-09-18,8.668367385864258,11.15999984741211,11.829999923706055,11.149999618530273,11.770000457763672,3793800
2015-09-21,8.831480026245117,11.369999885559082,11.430000305175781,11.15999984741211,11.1899995803833,2095700
2015-09-22,8.528553009033203,10.979999542236328,11.3100004196167,10.960000038146973,11.270000457763672,1613600
2015-09-23,8.722736358642578,11.229999542236328,11.25,11.010000228881836,11.029999732971191,2410300
2015-09-24,8.598459243774414,11.069999694824219,11.25,11.020000457763672,11.170000076293945,1540600
2015-09-25,8.707205772399902,11.210000038146973,11.270000457763672,11.039999961853027,11.140000343322754,2119800
2015-09-28,8.491192817687988,10.8100004196167,11.0,10.720000267028809,11.0,2047000
2015-09-29,8.561887741088867,10.899999618530273,11.029999732971191,10.770000457763672,10.850000381469727,3667300
2015-09-30,8.679710388183594,11.050000190734863,11.09000015258789,10.899999618530273,11.0,2300100
2015-10-01,8.766114234924316,11.15999984741211,11.180000305175781,10.960000038146973,11.050000190734863,2130600
2015-10-02,8.797533988952637,11.199999809265137,11.199999809265137,10.800000190734863,11.100000381469727,2432600
2015-10-05,9.056748390197754,11.529999732971191,11.539999961853027,11.050000190734863,11.130000114440918,1468100
2015-10-06,9.221701622009277,11.739999771118164,11.770000457763672,11.470000267028809,11.489999771118164,1645000
2015-10-07,9.614446640014648,12.239999771118164,12.239999771118164,11.760000228881836,11.760000228881836,2969000
2015-10-08,9.983633995056152,12.710000038146973,12.760000228881836,12.149999618530273,12.1899995803833,4156000
2015-10-09,10.046470642089844,12.789999961853027,12.789999961853027,12.529999732971191,12.699999809265137,4393100
2015-10-12,10.007193565368652,12.739999771118164,12.84000015258789,12.600000381469727,12.829999923706055,4018500
2015-10-13,9.747982025146484,12.40999984741211,12.680000305175781,12.359999656677246,12.640000343322754,2418700
2015-10-14,9.5673189163208,12.180000305175781,12.420000076293945,12.149999618530273,12.40999984741211,2597300
2015-10-15,9.881518363952637,12.579999923706055,12.59000015258789,12.1899995803833,12.239999771118164,1691800
2015-10-16,9.724418640136719,12.380000114440918,12.579999923706055,12.369999885559082,12.569999694824219,1785100
2015-10-19,9.842242240905762,12.529999732971191,12.5600004196167,12.350000381469727,12.350000381469727,1369300
2015-10-20,9.928647994995117,12.640000343322754,12.760000228881836,12.40999984741211,12.5,2860000
2015-10-21,9.606592178344727,12.229999542236328,12.6899995803833,12.210000038146973,12.640000343322754,1632500
2015-10-22,9.747982025146484,12.40999984741211,12.65999984741211,12.25,12.270000457763672,2939600
2015-10-23,9.4102201461792,11.979999542236328,12.350000381469727,11.869999885559082,12.329999923706055,3707700
2015-10-26,9.166718482971191,11.670000076293945,12.010000228881836,11.630000114440918,11.989999771118164,2902400
2015-10-27,9.064603805541992,11.539999961853027,11.710000038146973,11.329999923706055,11.640000343322754,3921600
2015-10-28,9.111733436584473,11.600000381469727,11.829999923706055,11.359999656677246,11.569999694824219,4006200
2015-10-29,9.2295560836792,11.75,11.84000015258789,11.539999961853027,11.539999961853027,2927400
2015-10-30,9.17457389831543,11.680000305175781,11.800000190734863,11.619999885559082,11.729999542236328,1572200
2015-11-02,9.433786392211914,12.010000228881836,12.029999732971191,11.6899995803833,11.699999809265137,2016600
2015-11-03,9.276686668395996,11.8100004196167,12.039999961853027,11.8100004196167,11.970000267028809,3293300
2015-11-04,9.25312328338623,11.779999732971191,11.850000381469727,11.699999809265137,11.819999694824219,3509500
2015-11-05,9.151006698608398,11.649999618530273,11.850000381469727,11.5,11.760000228881836,5580200
2015-11-06,9.119586944580078,11.609999656677246,11.630000114440918,10.170000076293945,10.449999809265137,3875100
2015-11-09,8.978199005126953,11.430000305175781,11.550000190734863,11.279999732971191,11.279999732971191,1210800
2015-11-10,8.986053466796875,11.4399995803833,11.5,11.34000015258789,11.430000305175781,2206600
2015-11-11,9.025328636169434,11.489999771118164,11.510000228881836,11.359999656677246,11.449999809265137,2460300
2015-11-12,8.954632759094238,11.399999618530273,11.510000228881836,11.390000343322754,11.460000038146973,1862500
2015-11-13,8.758258819580078,11.149999618530273,11.489999771118164,11.140000343322754,11.399999618530273,1805900
2015-11-16,8.852519989013672,11.270000457763672,11.289999961853027,11.079999923706055,11.140000343322754,1042300
2015-11-17,8.58545207977295,10.930000305175781,11.34000015258789,10.890000343322754,11.25,2578500
2015-11-18,8.530465126037598,10.859999656677246,11.010000228881836,10.75,10.970000267028809,1637600
2015-11-19,8.467629432678223,10.779999732971191,10.920000076293945,10.729999542236328,10.880000114440918,1516400
2015-11-20,8.459772109985352,10.770000457763672,10.869999885559082,10.720000267028809,10.84000015258789,1133100
2015-11-23,8.530465126037598,10.859999656677246,10.890000343322754,10.699999809265137,10.770000457763672,1287200
2015-11-24,8.54617691040039,10.880000114440918,10.90999984741211,10.739999771118164,10.779999732971191,1376600
2015-11-25,8.671856880187988,11.039999961853027,11.050000190734863,10.850000381469727,10.890000343322754,1042700
2015-11-27,8.711130142211914,11.09000015258789,11.130000114440918,11.010000228881836,11.010000228881836,915800
2015-11-30,8.74255084991455,11.130000114440918,11.220000267028809,11.050000190734863,11.109999656677246,2467200
2015-12-01,8.836811065673828,11.25,11.279999732971191,11.109999656677246,11.170000076293945,1610600
2015-12-02,8.632583618164062,10.989999771118164,11.25,10.960000038146973,11.149999618530273,2337200
2015-12-03,8.404787063598633,10.699999809265137,11.029999732971191,10.649999618530273,10.989999771118164,2172100
2015-12-04,8.593305587768555,10.9399995803833,10.989999771118164,10.699999809265137,10.729999542236328,1714600
2015-12-07,8.396933555603027,10.6899995803833,10.899999618530273,10.65999984741211,10.899999618530273,1149800
2015-12-08,8.31838321685791,10.59000015258789,10.739999771118164,10.550000190734863,10.640000343322754,885200
2015-12-09,8.27125358581543,10.529999732971191,10.739999771118164,10.460000038146973,10.5600004196167,1796100
2015-12-10,8.255545616149902,10.510000228881836,10.630000114440918,10.470000267028809,10.539999961853027,994000
2015-12-11,8.169140815734863,10.399999618530273,10.579999923706055,10.3100004196167,10.380000114440918,2404300
2015-12-14,8.082735061645508,10.289999961853027,10.430000305175781,10.15999984741211,10.380000114440918,1647000
2015-12-15,8.145577430725098,10.369999885559082,10.430000305175781,10.260000228881836,10.34000015258789,1486400
2015-12-16,8.098447799682617,10.3100004196167,10.470000267028809,10.149999618530273,10.430000305175781,2639100
2015-12-17,7.996330738067627,10.180000305175781,10.239999771118164,10.010000228881836,10.130000114440918,1792900
2015-12-18,7.721406936645508,9.829999923706055,10.180000305175781,9.819999694824219,10.180000305175781,5783000
2015-12-21,7.7056989669799805,9.8100004196167,9.970000267028809,9.760000228881836,9.90999984741211,1881900
2015-12-22,7.713552951812744,9.819999694824219,9.9399995803833,9.760000228881836,9.850000381469727,1724400
2015-12-23,7.8313751220703125,9.970000267028809,10.0,9.819999694824219,9.850000381469727,3114500
2015-12-24,7.9334917068481445,10.100000381469727,10.130000114440918,9.930000305175781,9.979999542236328,861100
2015-12-28,7.902070999145508,10.0600004196167,10.069999694824219,9.859999656677246,10.0600004196167,1707600
2015-12-29,8.073076248168945,10.149999618530273,10.170000076293945,9.90999984741211,9.960000038146973,1706500
2015-12-30,7.9219536781311035,9.960000038146973,10.1899995803833,9.930000305175781,10.140000343322754,1280400
2015-12-31,7.675389289855957,9.649999618530273,9.9399995803833,9.649999618530273,9.9399995803833,2808300
2016-01-04,7.595852851867676,9.550000190734863,9.600000381469727,9.3100004196167,9.5600004196167,2774000
2016-01-05,7.667435646057129,9.640000343322754,9.720000267028809,9.5,9.579999923706055,2056800
2016-01-06,7.524268627166748,9.460000038146973,9.59000015258789,9.390000343322754,9.510000228881836,3047600
2016-01-07,7.3890509605407715,9.289999961853027,9.470000267028809,9.270000457763672,9.300000190734863,3288400
2016-01-08,7.22202205657959,9.079999923706055,9.380000114440918,9.069999694824219,9.329999923706055,2666500
2016-01-11,7.22202205657959,9.079999923706055,9.199999809265137,8.90999984741211,9.0,2226300
2016-01-12,7.158393859863281,9.0,9.239999771118164,8.890000343322754,9.15999984741211,3867900
2016-01-13,6.537999153137207,8.220000267028809,9.0,8.210000038146973,9.0,2967400
2016-01-14,6.625490188598633,8.329999923706055,8.420000076293945,7.989999771118164,8.25,3336700
2016-01-15,6.331202507019043,7.960000038146973,8.130000114440918,7.789999961853027,8.050000190734863,2610100
2016-01-19,6.180080413818359,7.769999980926514,8.029999732971191,7.710000038146973,8.0,2482800
2016-01-20,6.267570972442627,7.880000114440918,7.940000057220459,7.28000020980835,7.659999847412109,4981600
2016-01-21,6.410738945007324,8.0600004196167,8.359999656677246,7.820000171661377,7.920000076293945,2733000
2016-01-22,6.482322692871094,8.149999618530273,8.359999656677246,7.980000019073486,8.220000267028809,3285200
2016-01-25,6.259616374969482,7.869999885559082,8.170000076293945,7.869999885559082,8.119999885559082,2798100
2016-01-26,6.625490188598633,8.329999923706055,8.449999809265137,7.949999809265137,7.949999809265137,5993800
2016-01-27,6.4902777671813965,8.15999984741211,8.380000114440918,8.079999923706055,8.319999694824219,7276200
2016-01-28,6.474368572235107,8.140000343322754,8.34000015258789,8.130000114440918,8.270000457763672,3192900
2016-01-29,6.601630210876465,8.300000190734863,8.369999885559082,8.1899995803833,8.210000038146973,5226500
2016-02-01,6.474368572235107,8.140000343322754,8.3100004196167,8.140000343322754,8.210000038146973,3450600
2016-02-02,6.32324743270874,7.949999809265137,8.100000381469727,7.789999961853027,8.09000015258789,2764400
2016-02-03,6.394832134246826,8.039999961853027,8.109999656677246,7.75,8.020000457763672,2684400
2016-02-04,6.593675136566162,8.289999961853027,8.430000305175781,7.989999771118164,8.0,2819400
2016-02-05,6.545952796936035,8.229999542236328,8.430000305175781,8.1899995803833,8.25,2669900
2016-02-08,6.482322692871094,8.149999618530273,8.199999809265137,7.96999979019165,8.15999984741211,2511200
2016-02-09,6.339155197143555,7.96999979019165,8.229999542236328,7.940000057220459,8.039999961853027,3307700
2016-02-10,6.426646709442139,8.079999923706055,8.239999771118164,7.96999979019165,8.039999961853027,2409300
2016-02-11,6.243709564208984,7.849999904632568,8.020000457763672,7.769999980926514,7.949999809265137,2700400
2016-02-12,6.506185054779053,8.180000305175781,8.210000038146973,7.900000095367432,7.920000076293945,3523700
2016-02-16,6.657304763793945,8.369999885559082,8.420000076293945,8.210000038146973,8.25,2921100
2016-02-17,6.7845659255981445,8.529999732971191,8.880000114440918,8.300000190734863,8.430000305175781,4544800
2016-02-18,6.943641662597656,8.729999542236328,8.770000457763672,8.4399995803833,8.569999694824219,3624000
2016-02-19,6.776613712310791,8.520000457763672,8.710000038146973,8.460000038146973,8.699999809265137,2811200
2016-02-22,6.872057914733887,8.640000343322754,8.770000457763672,8.600000381469727,8.649999618530273,3068800
2016-02-23,6.768659591674805,8.510000228881836,8.890000343322754,8.430000305175781,8.729999542236328,3588300
2016-02-24,6.943641662597656,8.729999542236328,8.729999542236328,8.220000267028809,8.40999984741211,2641000
2016-02-25,7.078856468200684,8.899999618530273,8.930000305175781,8.579999923706055,8.760000228881836,1521300
2016-02-26,7.08681058883667,8.90999984741211,9.039999961853027,8.869999885559082,8.930000305175781,2468200
2016-02-29,7.078856468200684,8.899999618530273,9.029999732971191,8.869999885559082,8.899999618530273,2925500
2016-03-01,7.373145580291748,9.270000457763672,9.300000190734863,8.9399995803833,8.960000038146973,2138000
2016-03-02,7.556082248687744,9.5,9.510000228881836,8.970000267028809,9.260000228881836,2533300
2016-03-03,7.635619163513184,9.600000381469727,9.680000305175781,9.460000038146973,9.510000228881836,1634000
2016-03-04,7.7310662269592285,9.720000267028809,9.739999771118164,9.520000457763672,9.619999885559082,2169500
2016-03-07,7.818556308746338,9.829999923706055,9.84000015258789,9.630000114440918,9.670000076293945,2642800
2016-03-08,7.508358478546143,9.4399995803833,9.8100004196167,9.34000015258789,9.739999771118164,2738100
2016-03-09,7.4288225173950195,9.34000015258789,9.5,9.289999961853027,9.5,1275100
2016-03-10,7.293605804443359,9.170000076293945,9.4399995803833,9.029999732971191,9.390000343322754,1246100
2016-03-11,7.587897777557373,9.539999961853027,9.550000190734863,9.170000076293945,9.270000457763672,1724800
2016-03-14,7.53222131729126,9.470000267028809,9.670000076293945,9.390000343322754,9.550000190734863,1406300
2016-03-15,7.436774730682373,9.350000381469727,9.5,9.279999732971191,9.40999984741211,1076100
2016-03-16,7.611757755279541,9.569999694824219,9.579999923706055,9.300000190734863,9.329999923706055,1253700
2016-03-17,7.659481525421143,9.630000114440918,9.65999984741211,9.350000381469727,9.569999694824219,2054000
2016-03-18,7.7310662269592285,9.720000267028809,9.899999618530273,9.630000114440918,9.699999809265137,2938000
2016-03-21,7.786741256713867,9.789999961853027,9.920000076293945,9.720000267028809,9.720000267028809,2843000
2016-03-22,7.850373268127441,9.869999885559082,9.989999771118164,9.65999984741211,9.729999542236328,3856100
2016-03-23,7.754928112030029,9.75,9.930000305175781,9.670000076293945,9.880000114440918,3596500
2016-03-24,7.754928112030029,9.75,9.770000457763672,9.489999771118164,9.649999618530273,1789200
2016-03-28,7.746974468231201,9.739999771118164,9.8100004196167,9.649999618530273,9.770000457763672,1625700
2016-03-29,7.936315536499023,9.850000381469727,9.890000343322754,9.489999771118164,9.59000015258789,2417200
2016-03-30,8.016885757446289,9.949999809265137,10.09000015258789,9.850000381469727,9.920000076293945,1857200
2016-03-31,8.153860092163086,10.119999885559082,10.229999542236328,9.899999618530273,9.930000305175781,3477600
2016-04-01,7.95242977142334,9.869999885559082,10.020000457763672,9.739999771118164,10.0,2146600
2016-04-04,7.863801002502441,9.760000228881836,9.970000267028809,9.720000267028809,9.859999656677246,1887400
2016-04-05,7.6946001052856445,9.550000190734863,9.729999542236328,9.520000457763672,9.670000076293945,1472300
2016-04-06,7.66237211227417,9.510000228881836,9.579999923706055,9.390000343322754,9.579999923706055,1056500
2016-04-07,7.428714752197266,9.220000267028809,9.5,9.180000305175781,9.449999809265137,1785300
2016-04-08,7.460943698883057,9.260000228881836,9.4399995803833,9.229999542236328,9.260000228881836,1531800
2016-04-11,7.565686225891113,9.390000343322754,9.539999961853027,9.279999732971191,9.329999923706055,1485200
2016-04-12,7.67042875289917,9.520000457763672,9.640000343322754,9.390000343322754,9.430000305175781,1090000
2016-04-13,7.8396315574646,9.729999542236328,9.75,9.5600004196167,9.59000015258789,1926800
2016-04-14,7.807399749755859,9.6899995803833,9.779999732971191,9.649999618530273,9.760000228881836,1089400
2016-04-15,7.815458297729492,9.699999809265137,9.850000381469727,9.649999618530273,9.6899995803833,1151100
2016-04-18,7.605970859527588,9.4399995803833,9.6899995803833,9.420000076293945,9.670000076293945,1809700
2016-04-19,7.549571514129639,9.369999885559082,9.539999961853027,9.25,9.510000228881836,1917700
2016-04-20,7.420657157897949,9.210000038146973,9.380000114440918,9.180000305175781,9.350000381469727,2094400
2016-04-21,7.251455783843994,9.0,9.3100004196167,8.970000267028809,9.220000267028809,2700700
2016-04-22,7.211170196533203,8.949999809265137,9.15999984741211,8.859999656677246,9.050000190734863,2316200
2016-04-25,7.307856559753418,9.069999694824219,9.069999694824219,8.890000343322754,8.930000305175781,1552800
2016-04-26,7.493172645568848,9.300000190734863,9.3100004196167,9.100000381469727,9.100000381469727,1560200
2016-04-27,7.468998908996582,9.270000457763672,9.359999656677246,9.220000267028809,9.270000457763672,2483600
2016-04-28,7.356197834014893,9.130000114440918,9.369999885559082,9.079999923706055,9.239999771118164,1812300
2016-04-29,7.17894172668457,8.90999984741211,9.199999809265137,8.8100004196167,9.109999656677246,2553100
2016-05-02,7.291743278503418,9.050000190734863,9.109999656677246,8.859999656677246,8.920000076293945,2007400
2016-05-03,7.396485805511475,9.180000305175781,9.1899995803833,8.850000381469727,9.010000228881836,2399600
2016-05-04,7.452885150909424,9.25,9.260000228881836,8.979999542236328,9.09000015258789,4191600
2016-05-05,7.364255905151367,9.140000343322754,9.279999732971191,9.09000015258789,9.270000457763672,2410000
2016-05-06,7.630144119262695,9.470000267028809,9.489999771118164,9.029999732971191,9.109999656677246,4253600
2016-05-09,7.791288375854492,9.670000076293945,9.729999542236328,9.460000038146973,9.510000228881836,1591400
2016-05-10,7.976602554321289,9.899999618530273,9.930000305175781,9.640000343322754,9.739999771118164,2220400
2016-05-11,7.67042875289917,9.520000457763672,9.899999618530273,9.510000228881836,9.850000381469727,1575000
2016-05-12,7.525399684906006,9.34000015258789,9.59000015258789,9.199999809265137,9.59000015258789,1804700
2016-05-13,7.468998908996582,9.270000457763672,9.34000015258789,9.130000114440918,9.279999732971191,1571100
2016-05-16,7.501228332519531,9.3100004196167,9.380000114440918,9.229999542236328,9.260000228881836,1170200
2016-05-17,7.251455783843994,9.0,9.279999732971191,8.960000038146973,9.260000228881836,2008300
2016-05-18,7.074199676513672,8.779999732971191,9.010000228881836,8.59000015258789,8.979999542236328,2286200
2016-05-19,6.727741718292236,8.350000381469727,8.65999984741211,8.220000267028809,8.65999984741211,3799000
2016-05-20,6.81636905670166,8.460000038146973,8.479999542236328,8.319999694824219,8.380000114440918,2707700
2016-05-23,6.7599687576293945,8.390000343322754,8.680000305175781,8.380000114440918,8.5,4100700
2016-05-24,6.953341484069824,8.630000114440918,8.729999542236328,8.369999885559082,8.489999771118164,4206100
2016-05-25,7.251455783843994,9.0,9.0,8.630000114440918,8.640000343322754,2245300
2016-05-26,7.0903143882751465,8.800000190734863,9.050000190734863,8.789999961853027,8.989999771118164,1062000
2016-05-27,7.1467132568359375,8.869999885559082,8.960000038146973,8.779999732971191,8.779999732971191,957100
2016-05-31,7.2031121253967285,8.9399995803833,8.989999771118164,8.6899995803833,8.859999656677246,1861800
2016-06-01,7.235340118408203,8.979999542236328,9.029999732971191,8.829999923706055,8.90999984741211,2661400
2016-06-02,7.436769962310791,9.229999542236328,9.279999732971191,8.949999809265137,8.949999809265137,2527100
2016-06-03,7.332028388977051,9.100000381469727,9.40999984741211,9.020000457763672,9.279999732971191,3647000
2016-06-06,7.356197834014893,9.130000114440918,9.279999732971191,9.020000457763672,9.119999885559082,2452300
2016-06-07,7.356197834014893,9.130000114440918,9.210000038146973,9.029999732971191,9.09000015258789,1050100
2016-06-08,7.412600040435791,9.199999809265137,9.260000228881836,9.079999923706055,9.140000343322754,1414600
2016-06-09,7.332028388977051,9.100000381469727,9.199999809265137,9.029999732971191,9.170000076293945,1221300
2016-06-10,7.227285861968994,8.970000267028809,9.100000381469727,8.880000114440918,9.029999732971191,2630000
2016-06-13,7.235340118408203,8.979999542236328,9.09000015258789,8.920000076293945,9.0,2131400
2016-06-14,7.267570495605469,9.020000457763672,9.050000190734863,8.90999984741211,8.9399995803833,1991000
2016-06-15,7.517343044281006,9.329999923706055,9.510000228881836,8.970000267028809,9.020000457763672,2318000
2016-06-16,7.501228332519531,9.3100004196167,9.34000015258789,9.079999923706055,9.289999961853027,1627900
2016-06-17,7.742944240570068,9.609999656677246,9.640000343322754,9.279999732971191,9.319999694824219,4399500
2016-06-20,7.767116069793701,9.640000343322754,9.869999885559082,9.619999885559082,9.729999542236328,2210900
2016-06-21,7.8476881980896,9.739999771118164,9.770000457763672,9.5600004196167,9.65999984741211,1580700
2016-06-22,7.896031379699707,9.800000190734863,9.880000114440918,9.680000305175781,9.770000457763672,2704100
2016-06-23,7.8799147605896,9.779999732971191,10.029999732971191,9.779999732971191,9.869999885559082,2369000
2016-06-24,7.315913200378418,9.079999923706055,9.479999542236328,8.960000038146973,9.479999542236328,5879800
2016-06-27,6.945283889770508,8.619999885559082,9.010000228881836,8.609999656677246,9.010000228881836,3408000
2016-06-28,7.0801849365234375,8.65999984741211,8.829999923706055,8.569999694824219,8.569999694824219,2187200
2016-06-29,7.325453758239746,8.960000038146973,9.069999694824219,8.739999771118164,8.800000190734863,3662800
2016-06-30,7.38268518447876,9.029999732971191,9.029999732971191,8.8100004196167,8.979999542236328,3467300
2016-07-01,7.578904151916504,9.270000457763672,9.300000190734863,9.039999961853027,9.069999694824219,2446800
2016-07-05,7.38268518447876,9.029999732971191,9.260000228881836,9.010000228881836,9.210000038146973,1745700
2016-07-06,7.456265926361084,9.119999885559082,9.149999618530273,8.920000076293945,8.9399995803833,2296200
2016-07-07,7.464440822601318,9.130000114440918,9.239999771118164,9.010000228881836,9.140000343322754,2017500
2016-07-08,7.685187816619873,9.399999618530273,9.460000038146973,9.229999542236328,9.25,1865000
2016-07-11,7.775120258331299,9.510000228881836,9.5600004196167,9.40999984741211,9.420000076293945,1194800
2016-07-12,7.938633441925049,9.710000038146973,9.720000267028809,9.550000190734863,9.5600004196167,1521800
2016-07-13,7.595254421234131,9.289999961853027,9.770000457763672,9.199999809265137,9.729999542236328,2310100
2016-07-14,7.5870795249938965,9.279999732971191,9.40999984741211,9.229999542236328,9.329999923706055,2259300
2016-07-15,7.668834686279297,9.380000114440918,9.399999618530273,9.0600004196167,9.3100004196167,2363400
2016-07-18,7.954986095428467,9.729999542236328,9.770000457763672,9.359999656677246,9.399999618530273,2261500
2016-07-19,8.085800170898438,9.890000343322754,9.899999618530273,9.579999923706055,9.6899995803833,4391800
2016-07-20,8.085800170898438,9.890000343322754,9.979999542236328,9.770000457763672,9.890000343322754,3811800
2016-07-21,8.143027305603027,9.960000038146973,10.010000228881836,9.779999732971191,9.829999923706055,3966100
2016-07-22,8.23296070098877,10.069999694824219,10.09000015258789,9.920000076293945,9.970000267028809,1849200
2016-07-25,8.208434104919434,10.039999961853027,10.220000267028809,10.020000457763672,10.069999694824219,3530800
2016-07-26,7.987690448760986,9.770000457763672,10.050000190734863,9.729999542236328,10.039999961853027,2365000
2016-07-27,7.791470527648926,9.529999732971191,9.770000457763672,9.420000076293945,9.770000457763672,2627600
2016-07-28,7.824175834655762,9.569999694824219,9.600000381469727,9.399999618530273,9.539999961853027,2863100
2016-07-29,8.028568267822266,9.819999694824219,9.829999923706055,9.550000190734863,9.569999694824219,2398700
2016-08-01,8.069449424743652,9.869999885559082,9.90999984741211,9.710000038146973,9.800000190734863,1557100
2016-08-02,7.881406307220459,9.640000343322754,9.920000076293945,9.600000381469727,9.869999885559082,1437400
2016-08-03,7.865052700042725,9.619999885559082,9.789999961853027,9.5600004196167,9.609999656677246,1717600
2016-08-04,7.701538562774658,9.420000076293945,9.710000038146973,9.399999618530273,9.649999618530273,2693600
2016-08-05,8.23296070098877,10.069999694824219,10.079999923706055,9.510000228881836,9.510000228881836,4157900
2016-08-08,8.510936737060547,10.40999984741211,10.4399995803833,10.100000381469727,10.109999656677246,2553800
2016-08-09,8.470057487487793,10.359999656677246,10.460000038146973,10.25,10.40999984741211,2608300
2016-08-10,8.421004295349121,10.300000190734863,10.470000267028809,10.270000457763672,10.369999885559082,2056700
2016-08-11,8.36377239227295,10.229999542236328,10.380000114440918,10.1899995803833,10.319999694824219,1180600
2016-08-12,8.36377239227295,10.229999542236328,10.34000015258789,10.170000076293945,10.210000038146973,1272200
2016-08-15,8.421004295349121,10.300000190734863,10.430000305175781,10.229999542236328,10.229999542236328,1362200
2016-08-16,8.347423553466797,10.210000038146973,10.279999732971191,10.15999984741211,10.220000267028809,1711800
2016-08-17,8.23296070098877,10.069999694824219,10.25,9.949999809265137,10.229999542236328,1689000
2016-08-18,8.371949195861816,10.239999771118164,10.260000228881836,10.09000015258789,10.09000015258789,1159800
2016-08-19,8.535462379455566,10.4399995803833,10.449999809265137,10.199999809265137,10.239999771118164,1863500
2016-08-22,8.61722183227539,10.539999961853027,10.550000190734863,10.210000038146973,10.40999984741211,6106800
2016-08-23,8.658099174499512,10.59000015258789,10.779999732971191,10.520000457763672,10.619999885559082,3779600
2016-08-24,8.67445182800293,10.609999656677246,10.6899995803833,10.430000305175781,10.59000015258789,3608300
2016-08-25,8.764384269714355,10.720000267028809,10.739999771118164,10.510000228881836,10.59000015258789,4521800
2016-08-26,8.748034477233887,10.699999809265137,10.850000381469727,10.609999656677246,10.6899995803833,5164600
2016-08-29,8.723505020141602,10.670000076293945,10.869999885559082,10.670000076293945,10.720000267028809,2818200
2016-08-30,8.698979377746582,10.640000343322754,10.699999809265137,10.449999809265137,10.699999809265137,2904200
2016-08-31,8.658099174499512,10.59000015258789,10.720000267028809,10.479999542236328,10.600000381469727,3177900
2016-09-01,8.273838996887207,10.119999885559082,10.5600004196167,10.079999923706055,10.5600004196167,4035600
2016-09-02,8.273838996887207,10.119999885559082,10.350000381469727,10.079999923706055,10.180000305175781,2929700
2016-09-06,8.077621459960938,9.880000114440918,10.180000305175781,9.819999694824219,10.109999656677246,2984300
2016-09-07,8.093975067138672,9.899999618530273,10.010000228881836,9.710000038146973,9.890000343322754,1950000
2016-09-08,7.938633441925049,9.710000038146973,9.850000381469727,9.699999809265137,9.850000381469727,1703000
2016-09-09,7.636133193969727,9.34000015258789,9.59000015258789,9.329999923706055,9.59000015258789,3845900
2016-09-12,7.627957820892334,9.329999923706055,9.4399995803833,9.220000267028809,9.300000190734863,2801900
2016-09-13,7.456265926361084,9.119999885559082,9.300000190734863,9.0600004196167,9.229999542236328,2849000
2016-09-14,7.505320072174072,9.180000305175781,9.25,9.069999694824219,9.180000305175781,5690500
2016-09-15,7.5870795249938965,9.279999732971191,9.3100004196167,9.079999923706055,9.119999885559082,3145400
2016-09-16,7.529849052429199,9.210000038146973,9.300000190734863,9.149999618530273,9.199999809265137,6837100
2016-09-19,7.505320072174072,9.180000305175781,9.34000015258789,9.149999618530273,9.270000457763672,1925100
2016-09-20,7.488968849182129,9.15999984741211,9.270000457763672,9.100000381469727,9.260000228881836,2492800
2016-09-21,7.644308567047119,9.350000381469727,9.359999656677246,9.130000114440918,9.199999809265137,3707300
2016-09-22,7.717889308929443,9.4399995803833,9.569999694824219,9.369999885559082,9.449999809265137,2454700
2016-09-23,7.677011966705322,9.390000343322754,9.569999694824219,9.329999923706055,9.449999809265137,2481300
2016-09-26,7.366332530975342,9.010000228881836,9.270000457763672,9.010000228881836,9.069999694824219,3334600
2016-09-27,7.260049343109131,8.880000114440918,9.010000228881836,8.84000015258789,9.0,2438000
2016-09-28,7.454922199249268,8.989999771118164,9.010000228881836,8.760000228881836,8.760000228881836,2859500
2016-09-29,7.430044174194336,8.960000038146973,9.119999885559082,8.880000114440918,8.970000267028809,2240200
2016-09-30,7.546139240264893,9.100000381469727,9.170000076293945,8.930000305175781,9.039999961853027,1986900
2016-10-03,7.496382236480713,9.039999961853027,9.100000381469727,8.970000267028809,9.050000190734863,1580600
2016-10-04,7.51296854019165,9.0600004196167,9.229999542236328,9.0,9.050000190734863,2999100
2016-10-05,7.430044174194336,8.960000038146973,9.130000114440918,8.949999809265137,9.069999694824219,2626000
2016-10-06,7.4715070724487305,9.010000228881836,9.050000190734863,8.819999694824219,8.949999809265137,2023200
2016-10-07,7.4715070724487305,9.010000228881836,9.1899995803833,8.970000267028809,9.0600004196167,2485600
2016-10-10,7.670526504516602,9.25,9.279999732971191,9.020000457763672,9.109999656677246,2014600
2016-10-11,7.537847518920898,9.09000015258789,9.25,8.989999771118164,9.25,3638400
2016-10-12,7.637355804443359,9.210000038146973,9.279999732971191,9.0600004196167,9.109999656677246,2371300
2016-10-13,7.695403099060059,9.279999732971191,9.3100004196167,9.09000015258789,9.130000114440918,2523300
2016-10-14,7.612481594085693,9.180000305175781,9.34000015258789,9.149999618530273,9.3100004196167,2248200
2016-10-17,7.637355804443359,9.210000038146973,9.279999732971191,9.15999984741211,9.180000305175781,1390600
2016-10-18,7.720282077789307,9.3100004196167,9.350000381469727,9.239999771118164,9.279999732971191,2405200
2016-10-19,7.844668388366699,9.460000038146973,9.470000267028809,9.319999694824219,9.350000381469727,1590000
2016-10-20,7.7036967277526855,9.289999961853027,9.479999542236328,9.15999984741211,9.449999809265137,1998300
2016-10-21,7.728572368621826,9.319999694824219,9.329999923706055,9.069999694824219,9.199999809265137,1812600
2016-10-24,7.7783284187316895,9.380000114440918,9.510000228881836,9.3100004196167,9.329999923706055,2119600
2016-10-25,7.720282077789307,9.3100004196167,9.369999885559082,9.25,9.359999656677246,1212700
2016-10-26,7.56272554397583,9.119999885559082,9.25,9.0600004196167,9.25,2561200
2016-10-27,7.446630001068115,8.979999542236328,9.130000114440918,8.899999618530273,9.130000114440918,2075500
2016-10-28,7.51296854019165,9.0600004196167,9.100000381469727,8.970000267028809,9.0,1724900
2016-10-31,7.587601661682129,9.149999618530273,9.220000267028809,9.050000190734863,9.100000381469727,3123600
2016-11-01,7.430044174194336,8.960000038146973,9.119999885559082,8.850000381469727,9.119999885559082,2986800
2016-11-02,7.396875381469727,8.920000076293945,9.069999694824219,8.899999618530273,8.949999809265137,2627000
2016-11-03,7.305659294128418,8.8100004196167,9.010000228881836,8.770000457763672,8.9399995803833,3578300
2016-11-04,7.3719987869262695,8.890000343322754,9.0,8.729999542236328,8.8100004196167,2407800
2016-11-07,7.51296854019165,9.0600004196167,9.170000076293945,9.0,9.039999961853027,2301600
2016-11-08,7.670526504516602,9.25,9.270000457763672,8.9399995803833,9.050000190734863,2232900
2016-11-09,7.94417667388916,9.579999923706055,9.65999984741211,8.859999656677246,9.149999618530273,4843700
2016-11-10,7.9607648849487305,9.600000381469727,9.789999961853027,9.479999542236328,9.739999771118164,5169700
2016-11-11,8.242704391479492,9.9399995803833,9.979999542236328,9.600000381469727,9.619999885559082,4180400
2016-11-14,8.690499305725098,10.479999542236328,10.489999771118164,9.930000305175781,9.989999771118164,4279800
2016-11-15,8.64903450012207,10.430000305175781,10.550000190734863,10.199999809265137,10.479999542236328,5424000
2016-11-16,8.682206153869629,10.470000267028809,10.539999961853027,10.359999656677246,10.430000305175781,5327300
2016-11-17,8.474896430969238,10.220000267028809,10.550000190734863,10.199999809265137,10.510000228881836,1909700
2016-11-18,8.400263786315918,10.130000114440918,10.270000457763672,10.100000381469727,10.270000457763672,4402200
2016-11-21,8.333922386169434,10.050000190734863,10.289999961853027,10.029999732971191,10.1899995803833,3149300
2016-11-22,8.458309173583984,10.199999809265137,10.279999732971191,10.109999656677246,10.119999885559082,3194300
2016-11-23,8.499772071838379,10.25,10.260000228881836,10.039999961853027,10.15999984741211,1739800
2016-11-25,8.590988159179688,10.359999656677246,10.40999984741211,10.239999771118164,10.279999732971191,856600
2016-11-28,8.499772071838379,10.25,10.420000076293945,10.199999809265137,10.319999694824219,2712400
2016-11-29,8.64903450012207,10.430000305175781,10.460000038146973,10.270000457763672,10.270000457763672,2691500
2016-11-30,8.781713485717773,10.59000015258789,10.619999885559082,10.319999694824219,10.420000076293945,2633000
2016-12-01,8.914396286010742,10.75,10.800000190734863,10.550000190734863,10.59000015258789,3952500
2016-12-02,8.914396286010742,10.75,10.949999809265137,10.729999542236328,10.8100004196167,4380100
2016-12-05,9.06365966796875,10.930000305175781,11.050000190734863,10.770000457763672,10.800000190734863,3113900
2016-12-06,9.295848846435547,11.210000038146973,11.239999771118164,10.899999618530273,10.90999984741211,4359600
2016-12-07,9.519743919372559,11.479999542236328,11.5,11.220000267028809,11.25,3562400
2016-12-08,9.48657512664795,11.4399995803833,11.569999694824219,11.300000190734863,11.470000267028809,4926300
2016-12-09,9.511453628540039,11.470000267028809,11.510000228881836,11.369999885559082,11.470000267028809,3230400
2016-12-12,9.469989776611328,11.420000076293945,11.609999656677246,11.300000190734863,11.5,2266800
2016-12-13,9.353897094726562,11.279999732971191,11.449999809265137,11.180000305175781,11.449999809265137,3106100
2016-12-14,9.295848846435547,11.210000038146973,11.369999885559082,11.149999618530273,11.239999771118164,3966700
2016-12-15,9.287553787231445,11.199999809265137,11.4399995803833,11.15999984741211,11.210000038146973,3772100
2016-12-16,9.37048053741455,11.300000190734863,11.380000114440918,11.220000267028809,11.239999771118164,4098800
2016-12-19,9.420236587524414,11.359999656677246,11.449999809265137,11.1899995803833,11.369999885559082,3723100
2016-12-20,9.561206817626953,11.529999732971191,11.529999732971191,11.380000114440918,11.390000343322754,2274500
2016-12-21,9.48657512664795,11.4399995803833,11.59000015258789,11.430000305175781,11.489999771118164,2496400
2016-12-22,9.403651237487793,11.34000015258789,11.520000457763672,11.239999771118164,11.4399995803833,1681800
2016-12-23,9.5529146194458,11.520000457763672,11.529999732971191,11.319999694824219,11.34000015258789,1188300
2016-12-27,9.519743919372559,11.479999542236328,11.609999656677246,11.460000038146973,11.539999961853027,1460500
2016-12-28,9.52393627166748,11.359999656677246,11.430000305175781,11.229999542236328,11.329999923706055,1807200
2016-12-29,9.616157531738281,11.470000267028809,11.479999542236328,11.300000190734863,11.380000114440918,1817900
2016-12-30,9.666460990905762,11.529999732971191,11.539999961853027,11.319999694824219,11.460000038146973,2146100
2017-01-03,9.775450706481934,11.65999984741211,11.6899995803833,11.4399995803833,11.640000343322754,1708900
2017-01-04,9.993425369262695,11.920000076293945,11.960000038146973,11.630000114440918,11.729999542236328,3770000
2017-01-05,9.674847602844238,11.539999961853027,11.960000038146973,11.479999542236328,11.869999885559082,3970300
2017-01-06,9.456866264343262,11.279999732971191,11.569999694824219,11.220000267028809,11.539999961853027,5064200
2017-01-09,9.406564712524414,11.220000267028809,11.319999694824219,11.069999694824219,11.300000190734863,3167300
2017-01-10,9.414946556091309,11.229999542236328,11.449999809265137,11.199999809265137,11.279999732971191,3363500
2017-01-11,9.456866264343262,11.279999732971191,11.40999984741211,11.220000267028809,11.270000457763672,3423900
2017-01-12,9.456866264343262,11.279999732971191,11.300000190734863,11.020000457763672,11.220000267028809,3014000
2017-01-13,9.507168769836426,11.34000015258789,11.449999809265137,11.300000190734863,11.34000015258789,1965500
2017-01-17,9.557470321655273,11.399999618530273,11.449999809265137,11.229999542236328,11.399999618530273,2661800
2017-01-18,9.65807819366455,11.520000457763672,11.5600004196167,11.34000015258789,11.430000305175781,2278700
2017-01-19,9.549088478088379,11.390000343322754,11.579999923706055,11.34000015258789,11.550000190734863,1446100
2017-01-20,9.540704727172852,11.380000114440918,11.520000457763672,11.34000015258789,11.399999618530273,1227300
2017-01-23,9.616157531738281,11.470000267028809,11.520000457763672,11.329999923706055,11.399999618530273,1546700
2017-01-24,9.649693489074707,11.510000228881836,11.630000114440918,11.449999809265137,11.520000457763672,1654800
2017-01-25,9.842519760131836,11.739999771118164,11.739999771118164,11.479999542236328,11.550000190734863,2456000
2017-01-26,10.018577575683594,11.949999809265137,12.0,11.710000038146973,11.75,3459700
2017-01-27,9.909588813781738,11.819999694824219,12.0,11.699999809265137,11.960000038146973,2249500
2017-01-30,9.515554428100586,11.350000381469727,11.729999542236328,11.289999961853027,11.6899995803833,2588700
2017-01-31,9.448484420776367,11.270000457763672,11.40999984741211,11.220000267028809,11.359999656677246,3534000
2017-02-01,9.414946556091309,11.229999542236328,11.520000457763672,11.180000305175781,11.329999923706055,2233300
2017-02-02,9.389796257019043,11.199999809265137,11.289999961853027,11.149999618530273,11.199999809265137,1899900
2017-02-03,9.498785018920898,11.329999923706055,11.40999984741211,11.220000267028809,11.319999694824219,1978300
2017-02-06,9.456866264343262,11.279999732971191,11.399999618530273,11.210000038146973,11.329999923706055,1532700
2017-02-07,9.389796257019043,11.199999809265137,11.4399995803833,11.15999984741211,11.3100004196167,1706600
2017-02-08,9.381412506103516,11.1899995803833,11.229999542236328,11.020000457763672,11.199999809265137,2439100
2017-02-09,9.473636627197266,11.300000190734863,11.380000114440918,11.149999618530273,11.220000267028809,3234000
2017-02-10,9.473636627197266,11.300000190734863,11.369999885559082,11.260000228881836,11.369999885559082,1885700
2017-02-13,9.565857887268066,11.40999984741211,11.4399995803833,11.3100004196167,11.369999885559082,1574800
2017-02-14,9.624539375305176,11.479999542236328,11.510000228881836,11.260000228881836,11.34000015258789,2518600
2017-02-15,9.60777759552002,11.460000038146973,11.520000457763672,11.229999542236328,11.399999618530273,1780500
2017-02-16,9.490402221679688,11.319999694824219,11.5600004196167,11.300000190734863,11.470000267028809,1899300
2017-02-17,9.431716918945312,11.25,11.359999656677246,11.109999656677246,11.359999656677246,1694900
2017-02-21,9.632927894592285,11.489999771118164,11.520000457763672,11.260000228881836,11.300000190734863,2694200
2017-02-22,9.540704727172852,11.380000114440918,11.600000381469727,11.039999961853027,11.380000114440918,4533400
2017-02-23,9.331110000610352,11.130000114440918,11.380000114440918,11.079999923706055,11.380000114440918,4269000
2017-02-24,9.356263160705566,11.15999984741211,11.199999809265137,10.970000267028809,11.119999885559082,3103000
2017-02-27,9.389796257019043,11.199999809265137,11.3100004196167,11.130000114440918,11.149999618530273,3073400
2017-02-28,9.11313247680664,10.869999885559082,11.170000076293945,10.789999961853027,11.149999618530273,3259600
2017-03-01,9.305959701538086,11.100000381469727,11.25,11.010000228881836,11.020000457763672,2601800
2017-03-02,9.213736534118652,10.989999771118164,11.09000015258789,10.880000114440918,11.0600004196167,1634000
2017-03-03,9.096364974975586,10.850000381469727,11.029999732971191,10.710000038146973,10.890000343322754,2385500
2017-03-06,9.23050594329834,11.010000228881836,11.020000457763672,10.779999732971191,10.789999961853027,1460500
2017-03-07,9.180201530456543,10.949999809265137,11.020000457763672,10.829999923706055,11.020000457763672,1676300
2017-03-08,9.121519088745117,10.880000114440918,11.029999732971191,10.720000267028809,10.90999984741211,2706800
2017-03-09,9.029295921325684,10.770000457763672,11.0,10.720000267028809,10.890000343322754,2068200
2017-03-10,9.062832832336426,10.8100004196167,10.899999618530273,10.699999809265137,10.770000457763672,2377900
2017-03-13,9.004144668579102,10.739999771118164,10.930000305175781,10.720000267028809,10.829999923706055,1726500
2017-03-14,9.046065330505371,10.789999961853027,10.84000015258789,10.649999618530273,10.729999542236328,1019700
2017-03-15,9.280806541442871,11.069999694824219,11.149999618530273,10.829999923706055,10.850000381469727,2183500
2017-03-16,9.339494705200195,11.140000343322754,11.199999809265137,11.020000457763672,11.0600004196167,3421400
2017-03-17,9.381412506103516,11.1899995803833,11.239999771118164,11.010000228881836,11.170000076293945,3913400
2017-03-20,9.213736534118652,10.989999771118164,11.239999771118164,10.970000267028809,11.149999618530273,1416900
2017-03-21,9.020913124084473,10.760000228881836,11.09000015258789,10.710000038146973,11.029999732971191,2600300
2017-03-22,9.121519088745117,10.880000114440918,10.90999984741211,10.619999885559082,10.729999542236328,2330300
2017-03-23,9.121519088745117,10.880000114440918,11.039999961853027,10.859999656677246,10.920000076293945,2023500
2017-03-24,9.138283729553223,10.899999618530273,11.0,10.859999656677246,10.920000076293945,1605400
2017-03-27,9.046065330505371,10.789999961853027,10.84000015258789,10.720000267028809,10.789999961853027,1892600
2017-03-28,9.10474967956543,10.859999656677246,10.869999885559082,10.680000305175781,10.760000228881836,4998100
2017-03-29,9.278615951538086,10.9399995803833,10.979999542236328,10.680000305175781,10.729999542236328,2209200
2017-03-30,9.380393028259277,11.0600004196167,11.0600004196167,10.890000343322754,10.970000267028809,1465700
2017-03-31,9.456727027893066,11.149999618530273,11.220000267028809,11.0600004196167,11.0600004196167,1948000
2017-04-03,9.193805694580078,10.84000015258789,11.199999809265137,10.779999732971191,11.15999984741211,2268300
2017-04-04,9.202285766601562,10.850000381469727,10.90999984741211,10.640000343322754,10.75,3720200
2017-04-05,9.210768699645996,10.859999656677246,11.0600004196167,10.829999923706055,10.9399995803833,2501100
2017-04-06,9.329505920410156,11.0,11.020000457763672,10.760000228881836,10.859999656677246,1605200
2017-04-07,9.108992576599121,10.739999771118164,11.0,10.729999542236328,10.970000267028809,1415800
2017-04-10,9.244691848754883,10.899999618530273,10.970000267028809,10.720000267028809,10.739999771118164,2100500
2017-04-11,9.354948997497559,11.029999732971191,11.029999732971191,10.800000190734863,10.920000076293945,1361200
2017-04-12,9.261652946472168,10.920000076293945,11.010000228881836,10.8100004196167,10.930000305175781,2702100
2017-04-13,9.363431930541992,11.039999961853027,11.079999923706055,10.84000015258789,10.899999618530273,2290600
2017-04-17,9.43128490447998,11.119999885559082,11.140000343322754,10.989999771118164,11.09000015258789,2296200
2017-04-18,9.490652084350586,11.1899995803833,11.199999809265137,11.029999732971191,11.119999885559082,1508600
2017-04-19,9.600911140441895,11.319999694824219,11.430000305175781,11.199999809265137,11.220000267028809,2940100
2017-04-20,9.533058166503906,11.239999771118164,11.380000114440918,11.029999732971191,11.359999656677246,2347300
2017-04-21,9.43128490447998,11.119999885559082,11.270000457763672,11.119999885559082,11.239999771118164,1499700
2017-04-24,9.66028118133545,11.390000343322754,11.40999984741211,11.119999885559082,11.289999961853027,2845200
2017-04-25,9.762057304382324,11.510000228881836,11.609999656677246,11.390000343322754,11.4399995803833,2378800
2017-04-26,9.846870422363281,11.609999656677246,11.800000190734863,11.460000038146973,11.460000038146973,2874400
2017-04-27,9.745094299316406,11.489999771118164,11.65999984741211,11.470000267028809,11.640000343322754,1825500
2017-04-28,9.337986946105957,11.010000228881836,11.5600004196167,10.989999771118164,11.510000228881836,2824600
2017-05-01,9.482170104980469,11.180000305175781,11.1899995803833,10.989999771118164,11.0600004196167,2085800
2017-05-02,9.482170104980469,11.180000305175781,11.279999732971191,11.109999656677246,11.180000305175781,2277100
2017-05-03,9.439764976501465,11.130000114440918,11.300000190734863,10.970000267028809,11.140000343322754,2546000
2017-05-04,9.371912956237793,11.050000190734863,11.130000114440918,10.84000015258789,11.109999656677246,2690900
2017-05-05,9.558504104614258,11.270000457763672,11.359999656677246,11.079999923706055,11.079999923706055,3820900
2017-05-08,9.253172874450684,10.90999984741211,11.279999732971191,10.890000343322754,11.279999732971191,2981500
2017-05-09,9.142912864685059,10.779999732971191,10.979999542236328,10.75,10.960000038146973,3507900
2017-05-10,9.219250679016113,10.869999885559082,10.920000076293945,10.579999923706055,10.760000228881836,3679900
2017-05-11,9.032657623291016,10.649999618530273,10.800000190734863,10.550000190734863,10.779999732971191,2105200
2017-05-12,8.964808464050293,10.569999694824219,10.680000305175781,10.569999694824219,10.630000114440918,1886700
2017-05-15,9.219250679016113,10.869999885559082,11.050000190734863,10.739999771118164,11.050000190734863,2463000
2017-05-16,9.202285766601562,10.850000381469727,11.0,10.829999923706055,10.859999656677246,2656600
2017-05-17,9.134434700012207,10.770000457763672,10.84000015258789,10.65999984741211,10.6899995803833,2203400
2017-05-18,9.312545776367188,10.979999542236328,11.039999961853027,10.710000038146973,10.800000190734863,3126000
2017-05-19,9.439764976501465,11.130000114440918,11.1899995803833,10.970000267028809,11.010000228881836,1632600
2017-05-22,9.448246002197266,11.140000343322754,11.279999732971191,11.100000381469727,11.1899995803833,1750800
2017-05-23,9.456727027893066,11.149999618530273,11.279999732971191,11.130000114440918,11.199999809265137,1528100
2017-05-24,9.507615089416504,11.210000038146973,11.300000190734863,11.119999885559082,11.199999809265137,1629100
2017-05-25,9.499134063720703,11.199999809265137,11.319999694824219,11.09000015258789,11.229999542236328,3110900
2017-05-26,9.499134063720703,11.199999809265137,11.270000457763672,11.149999618530273,11.170000076293945,1203500
2017-05-30,9.448246002197266,11.140000343322754,11.229999542236328,11.079999923706055,11.15999984741211,1936300
2017-05-31,9.405838012695312,11.09000015258789,11.199999809265137,10.920000076293945,11.199999809265137,1847400
2017-06-01,9.507615089416504,11.210000038146973,11.220000267028809,11.010000228881836,11.109999656677246,1737300
2017-06-02,9.439764976501465,11.130000114440918,11.329999923706055,11.100000381469727,11.270000457763672,2322800
2017-06-05,9.422799110412598,11.109999656677246,11.1899995803833,11.079999923706055,11.109999656677246,1864100
2017-06-06,9.43128490447998,11.119999885559082,11.229999542236328,10.949999809265137,11.079999923706055,1641900
2017-06-07,9.499134063720703,11.199999809265137,11.199999809265137,11.010000228881836,11.140000343322754,1352600
2017-06-08,9.668761253356934,11.399999618530273,11.5,11.140000343322754,11.199999809265137,1807600
2017-06-09,9.78749942779541,11.539999961853027,11.75,11.390000343322754,11.420000076293945,2649500
2017-06-12,9.745094299316406,11.489999771118164,11.739999771118164,11.430000305175781,11.550000190734863,2295400
2017-06-13,9.821423530578613,11.579999923706055,11.6899995803833,11.40999984741211,11.520000457763672,1690000
2017-06-14,9.745094299316406,11.489999771118164,11.609999656677246,11.40999984741211,11.569999694824219,1308500
2017-06-15,9.719649314880371,11.460000038146973,11.579999923706055,11.390000343322754,11.399999618530273,1602700
2017-06-16,9.812941551208496,11.569999694824219,11.579999923706055,11.399999618530273,11.40999984741211,2236100
2017-06-19,9.889274597167969,11.65999984741211,11.739999771118164,11.59000015258789,11.630000114440918,2762000
2017-06-20,9.889274597167969,11.65999984741211,11.699999809265137,11.520000457763672,11.65999984741211,3287400
2017-06-21,9.753573417663574,11.5,11.720000267028809,11.380000114440918,11.680000305175781,2617700
2017-06-22,9.728130340576172,11.470000267028809,11.609999656677246,11.460000038146973,11.5,2420800
2017-06-23,9.736611366271973,11.479999542236328,11.609999656677246,11.460000038146973,11.520000457763672,2379400
2017-06-26,9.795982360839844,11.550000190734863,11.649999618530273,11.489999771118164,11.529999732971191,1802600
2017-06-27,9.719649314880371,11.460000038146973,11.630000114440918,11.449999809265137,11.5600004196167,2361700
2017-06-28,9.749661445617676,11.369999885559082,11.640000343322754,11.359999656677246,11.390000343322754,2111400
2017-06-29,9.586736679077148,11.180000305175781,11.470000267028809,11.079999923706055,11.420000076293945,2459200
2017-06-30,9.389513969421387,10.949999809265137,11.270000457763672,10.930000305175781,11.229999542236328,2168700
2017-07-03,9.78395938873291,11.40999984741211,11.430000305175781,10.989999771118164,11.029999732971191,896000
2017-07-05,9.878286361694336,11.520000457763672,11.619999885559082,11.300000190734863,11.399999618530273,5328200
2017-07-06,9.775385856628418,11.399999618530273,11.579999923706055,11.380000114440918,11.460000038146973,2672700
2017-07-07,9.809684753417969,11.4399995803833,11.539999961853027,11.380000114440918,11.430000305175781,1943500
2017-07-10,9.561013221740723,11.149999618530273,11.460000038146973,11.149999618530273,11.40999984741211,1734800
2017-07-11,9.715362548828125,11.329999923706055,11.34000015258789,11.15999984741211,11.1899995803833,1647700
2017-07-12,9.818259239196777,11.449999809265137,11.579999923706055,11.390000343322754,11.430000305175781,1985700
2017-07-13,9.912582397460938,11.5600004196167,11.579999923706055,11.390000343322754,11.449999809265137,2656500
2017-07-14,10.075508117675781,11.75,11.760000228881836,11.59000015258789,11.710000038146973,2038100
2017-07-17,10.144105911254883,11.829999923706055,12.079999923706055,11.649999618530273,11.760000228881836,6570300
2017-07-18,10.12695598602295,11.8100004196167,11.859999656677246,11.720000267028809,11.859999656677246,3483600
2017-07-19,10.221282005310059,11.920000076293945,11.930000305175781,11.75,11.8100004196167,2688600
2017-07-20,9.938309669494629,11.59000015258789,11.920000076293945,11.569999694824219,11.920000076293945,3055000
2017-07-21,9.912582397460938,11.5600004196167,11.739999771118164,11.479999542236328,11.699999809265137,2621100
2017-07-24,9.878286361694336,11.520000457763672,11.640000343322754,11.420000076293945,11.5600004196167,1343100
2017-07-25,10.032633781433105,11.699999809265137,11.699999809265137,11.539999961853027,11.579999923706055,981100
2017-07-26,9.766813278198242,11.390000343322754,11.760000228881836,11.390000343322754,11.699999809265137,2024700
2017-07-27,9.964032173156738,11.619999885559082,11.670000076293945,11.399999618530273,11.420000076293945,1733800
2017-07-28,10.024056434631348,11.6899995803833,11.739999771118164,11.5600004196167,11.600000381469727,1295200
2017-07-31,10.015483856201172,11.680000305175781,11.779999732971191,11.579999923706055,11.75,2125200
2017-08-01,10.032633781433105,11.699999809265137,11.789999961853027,11.640000343322754,11.760000228881836,1593800
2017-08-02,9.921159744262695,11.569999694824219,11.710000038146973,11.420000076293945,11.65999984741211,1728800
2017-08-03,9.78395938873291,11.40999984741211,11.600000381469727,11.359999656677246,11.5,981200
2017-08-04,9.964032173156738,11.619999885559082,11.630000114440918,11.380000114440918,11.430000305175781,1652400
2017-08-07,9.964032173156738,11.619999885559082,11.680000305175781,11.550000190734863,11.630000114440918,2188200
2017-08-08,9.64676284790039,11.25,11.789999961853027,11.1899995803833,11.5600004196167,5520400
2017-08-09,9.372366905212402,10.930000305175781,11.210000038146973,10.84000015258789,11.149999618530273,3356200
2017-08-10,9.372366905212402,10.930000305175781,11.039999961853027,10.8100004196167,10.869999885559082,1906600
2017-08-11,9.432391166687012,11.0,11.010000228881836,10.850000381469727,10.859999656677246,2222900
2017-08-14,9.612465858459473,11.210000038146973,11.210000038146973,11.039999961853027,11.079999923706055,1648400
2017-08-15,9.500988006591797,11.079999923706055,11.220000267028809,11.010000228881836,11.220000267028809,1175000
2017-08-16,9.603886604309082,11.199999809265137,11.270000457763672,11.130000114440918,11.130000114440918,1309600
2017-08-17,9.415241241455078,10.979999542236328,11.319999694824219,10.979999542236328,11.1899995803833,1353900
2017-08-18,9.209442138671875,10.739999771118164,10.970000267028809,10.739999771118164,10.890000343322754,3309200
2017-08-21,9.218017578125,10.75,10.8100004196167,10.699999809265137,10.75,1725600
2017-08-22,9.278040885925293,10.819999694824219,10.899999618530273,10.770000457763672,10.770000457763672,1597000
2017-08-23,9.14084243774414,10.65999984741211,10.84000015258789,10.649999618530273,10.800000190734863,1680700
2017-08-24,9.175142288208008,10.699999809265137,10.84000015258789,10.65999984741211,10.720000267028809,3218700
2017-08-25,9.19229507446289,10.720000267028809,10.789999961853027,10.640000343322754,10.720000267028809,1918900
2017-08-28,9.123693466186523,10.640000343322754,10.819999694824219,10.619999885559082,10.770000457763672,1862700
2017-08-29,9.2008695602417,10.729999542236328,10.739999771118164,10.529999732971191,10.550000190734863,1050700
2017-08-30,9.329490661621094,10.880000114440918,10.930000305175781,10.6899995803833,10.739999771118164,2054100
2017-08-31,9.423815727233887,10.989999771118164,11.029999732971191,10.859999656677246,10.90999984741211,1720700
2017-09-01,9.458115577697754,11.029999732971191,11.09000015258789,10.949999809265137,10.989999771118164,982100
2017-09-05,9.123693466186523,10.640000343322754,11.029999732971191,10.630000114440918,11.029999732971191,3171600
2017-09-06,9.15799331665039,10.680000305175781,10.760000228881836,10.430000305175781,10.630000114440918,2836900
2017-09-07,9.055095672607422,10.5600004196167,10.6899995803833,10.520000457763672,10.6899995803833,1979500
2017-09-08,9.15799331665039,10.680000305175781,10.760000228881836,10.470000267028809,10.5,2511600
2017-09-11,9.260893821716309,10.800000190734863,10.859999656677246,10.710000038146973,10.819999694824219,1753700
2017-09-12,9.243741989135742,10.779999732971191,10.880000114440918,10.739999771118164,10.800000190734863,1259600
2017-09-13,9.380939483642578,10.9399995803833,10.949999809265137,10.779999732971191,10.800000190734863,1500600
2017-09-14,9.320917129516602,10.869999885559082,10.930000305175781,10.760000228881836,10.90999984741211,1319900
2017-09-15,9.346640586853027,10.899999618530273,10.920000076293945,10.75,10.920000076293945,2060700
2017-09-18,9.320917129516602,10.869999885559082,10.930000305175781,10.8100004196167,10.90999984741211,1761000
2017-09-19,9.243741989135742,10.779999732971191,10.899999618530273,10.710000038146973,10.899999618530273,1287600
2017-09-20,9.269465446472168,10.8100004196167,10.869999885559082,10.729999542236328,10.779999732971191,1217700
2017-09-21,9.226593017578125,10.760000228881836,10.920000076293945,10.75,10.829999923706055,1250300
2017-09-22,9.320917129516602,10.869999885559082,10.880000114440918,10.770000457763672,10.789999961853027,960800
2017-09-25,9.415241241455078,10.979999542236328,11.100000381469727,10.880000114440918,10.920000076293945,1392300
2017-09-26,9.338067054748535,10.890000343322754,11.029999732971191,10.880000114440918,10.989999771118164,2215700
2017-09-27,9.338067054748535,10.890000343322754,10.989999771118164,10.779999732971191,10.960000038146973,3162000
2017-09-28,9.515893936157227,10.970000267028809,10.970000267028809,10.75,10.800000190734863,1574300
2017-09-29,9.498542785644531,10.949999809265137,11.020000457763672,10.859999656677246,10.970000267028809,1288500
2017-10-02,9.455171585083008,10.899999618530273,11.0,10.869999885559082,10.949999809265137,2368700
2017-10-03,9.342403411865234,10.770000457763672,10.930000305175781,10.729999542236328,10.930000305175781,2161100
2017-10-04,9.385774612426758,10.819999694824219,10.899999618530273,10.699999809265137,10.789999961853027,1504600
2017-10-05,9.472518920898438,10.920000076293945,11.0,10.8100004196167,10.859999656677246,1009700
2017-10-06,9.507217407226562,10.960000038146973,11.010000228881836,10.829999923706055,10.890000343322754,1108600
2017-10-09,9.472518920898438,10.920000076293945,11.029999732971191,10.890000343322754,10.960000038146973,1199900
2017-10-10,9.559266090393066,11.020000457763672,11.050000190734863,10.960000038146973,10.970000267028809,1240100
2017-10-11,9.515893936157227,10.970000267028809,11.09000015258789,10.920000076293945,11.0600004196167,2132500
2017-10-12,9.602635383605957,11.069999694824219,11.100000381469727,10.890000343322754,10.960000038146973,4837400
2017-10-13,9.559266090393066,11.020000457763672,11.170000076293945,10.949999809265137,11.109999656677246,2258300
2017-10-16,9.533243179321289,10.989999771118164,11.149999618530273,10.9399995803833,11.069999694824219,2061800
2017-10-17,9.585289001464844,11.050000190734863,11.09000015258789,10.9399995803833,11.0,1350700
2017-10-18,9.628660202026367,11.100000381469727,11.140000343322754,11.010000228881836,11.039999961853027,2146600
2017-10-19,9.724080085754395,11.210000038146973,11.229999542236328,10.970000267028809,11.0600004196167,4767500
2017-10-20,9.307705879211426,10.729999542236328,11.119999885559082,10.600000381469727,11.100000381469727,2580600
2017-10-23,9.160240173339844,10.5600004196167,10.779999732971191,10.550000190734863,10.729999542236328,1891700
2017-10-24,9.194938659667969,10.600000381469727,10.720000267028809,10.59000015258789,10.59000015258789,4705500
2017-10-25,9.42914867401123,10.869999885559082,10.9399995803833,10.520000457763672,10.520000457763672,3315300
2017-10-26,9.437824249267578,10.880000114440918,10.90999984741211,10.739999771118164,10.789999961853027,1711000
2017-10-27,9.455171585083008,10.899999618530273,10.949999809265137,10.789999961853027,10.829999923706055,1208300
2017-10-30,9.307705879211426,10.729999542236328,10.899999618530273,10.680000305175781,10.899999618530273,1428600
2017-10-31,9.420475006103516,10.859999656677246,10.890000343322754,10.649999618530273,10.779999732971191,1630300
2017-11-01,9.437824249267578,10.880000114440918,11.010000228881836,10.84000015258789,10.979999542236328,1141300
2017-11-02,9.541916847229004,11.0,11.039999961853027,10.760000228881836,10.90999984741211,1533000
2017-11-03,9.498542785644531,10.949999809265137,11.079999923706055,10.90999984741211,10.949999809265137,1055500
2017-11-06,9.57661247253418,11.039999961853027,11.119999885559082,10.899999618530273,10.899999618530273,1574500
2017-11-07,9.767451286315918,11.260000228881836,11.710000038146973,11.149999618530273,11.489999771118164,3156500
2017-11-08,9.880221366882324,11.390000343322754,11.470000267028809,11.180000305175781,11.199999809265137,1965700
2017-11-09,9.802151679992676,11.300000190734863,11.4399995803833,11.239999771118164,11.3100004196167,1966500
2017-11-10,9.845521926879883,11.350000381469727,11.359999656677246,11.229999542236328,11.25,2042000
2017-11-13,9.663359642028809,11.140000343322754,11.390000343322754,11.100000381469727,11.319999694824219,1779800
2017-11-14,9.646010398864746,11.119999885559082,11.15999984741211,11.010000228881836,11.119999885559082,1803300
2017-11-15,9.68938159942627,11.170000076293945,11.210000038146973,11.029999732971191,11.079999923706055,1318200
2017-11-16,9.6980562210083,11.180000305175781,11.199999809265137,11.09000015258789,11.140000343322754,1373000
2017-11-17,9.7067289352417,11.1899995803833,11.25,11.100000381469727,11.119999885559082,1809600
2017-11-20,9.7067289352417,11.1899995803833,11.220000267028809,11.09000015258789,11.220000267028809,1388700
2017-11-21,9.758777618408203,11.25,11.3100004196167,11.1899995803833,11.229999542236328,1650200
2017-11-22,9.6980562210083,11.180000305175781,11.350000381469727,11.170000076293945,11.270000457763672,1177300
2017-11-24,9.732754707336426,11.220000267028809,11.229999542236328,11.130000114440918,11.1899995803833,1002000
2017-11-27,9.646010398864746,11.119999885559082,11.239999771118164,11.100000381469727,11.239999771118164,1616700
2017-11-28,9.4898681640625,10.9399995803833,11.170000076293945,10.90999984741211,11.119999885559082,5561900
2017-11-29,9.57661247253418,11.039999961853027,11.109999656677246,10.930000305175781,10.949999809265137,2210900
2017-11-30,9.7067289352417,11.1899995803833,11.199999809265137,10.970000267028809,11.100000381469727,2242900
2017-12-01,9.680706024169922,11.15999984741211,11.25,11.010000228881836,11.1899995803833,2877600
2017-12-04,9.767451286315918,11.260000228881836,11.6899995803833,11.260000228881836,11.630000114440918,3036100
2017-12-05,9.750103950500488,11.239999771118164,11.329999923706055,11.210000038146973,11.279999732971191,2548300
2017-12-06,9.758777618408203,11.25,11.350000381469727,11.149999618530273,11.270000457763672,2187700
2017-12-07,9.758777618408203,11.25,11.350000381469727,11.220000267028809,11.25,2134400
2017-12-08,9.767451286315918,11.260000228881836,11.369999885559082,11.130000114440918,11.369999885559082,1756800
2017-12-11,9.741425514221191,11.229999542236328,11.350000381469727,11.229999542236328,11.279999732971191,1843000
2017-12-12,9.680706024169922,11.15999984741211,11.329999923706055,11.130000114440918,11.25,2648000
2017-12-13,9.862873077392578,11.369999885559082,11.369999885559082,11.15999984741211,11.170000076293945,2644100
2017-12-14,9.828171730041504,11.329999923706055,11.390000343322754,11.279999732971191,11.34000015258789,3421200
2017-12-15,9.949617385864258,11.470000267028809,11.550000190734863,11.350000381469727,11.350000381469727,5194000
2017-12-18,10.149129867553711,11.699999809265137,11.720000267028809,11.520000457763672,11.520000457763672,2897600
2017-12-19,9.966964721679688,11.489999771118164,11.699999809265137,11.40999984741211,11.699999809265137,1673300
2017-12-20,9.94094181060791,11.460000038146973,11.59000015258789,11.420000076293945,11.520000457763672,1614800
2017-12-21,9.906245231628418,11.420000076293945,11.489999771118164,11.329999923706055,11.489999771118164,1277900
2017-12-22,9.862873077392578,11.369999885559082,11.460000038146973,11.329999923706055,11.40999984741211,1680500
2017-12-26,9.85419750213623,11.359999656677246,11.449999809265137,11.34000015258789,11.399999618530273,1486900
2017-12-27,9.914917945861816,11.430000305175781,11.470000267028809,11.34000015258789,11.369999885559082,1023400
2017-12-28,10.033317565917969,11.4399995803833,11.460000038146973,11.25,11.289999961853027,1167400
2017-12-29,9.901763916015625,11.289999961853027,11.449999809265137,11.289999961853027,11.4399995803833,1329900
2018-01-02,9.971925735473633,11.369999885559082,11.40999984741211,11.220000267028809,11.300000190734863,2965100
2018-01-03,9.884223937988281,11.270000457763672,11.449999809265137,11.239999771118164,11.369999885559082,1873900
2018-01-04,9.805288314819336,11.180000305175781,11.279999732971191,11.149999618530273,11.279999732971191,785500
2018-01-05,9.831600189208984,11.210000038146973,11.229999542236328,11.130000114440918,11.180000305175781,1273000
2018-01-08,9.971925735473633,11.369999885559082,11.380000114440918,11.109999656677246,11.130000114440918,1132400
2018-01-09,9.945615768432617,11.34000015258789,11.380000114440918,11.260000228881836,11.380000114440918,1001200
2018-01-10,10.04209041595459,11.449999809265137,11.470000267028809,11.270000457763672,11.289999961853027,1428600
2018-01-11,10.191184997558594,11.619999885559082,11.640000343322754,11.460000038146973,11.460000038146973,2222600
2018-01-12,10.182415008544922,11.609999656677246,11.65999984741211,11.550000190734863,11.649999618530273,1762700
2018-01-16,10.226266860961914,11.65999984741211,11.890000343322754,11.609999656677246,11.680000305175781,5310100
2018-01-17,10.313970565795898,11.760000228881836,11.829999923706055,11.630000114440918,11.65999984741211,2761800
2018-01-18,10.129793167114258,11.550000190734863,11.779999732971191,11.510000228881836,11.779999732971191,2469600
2018-01-19,10.287659645080566,11.729999542236328,11.779999732971191,11.520000457763672,11.520000457763672,1733500
2018-01-22,10.296430587768555,11.739999771118164,11.8100004196167,11.65999984741211,11.8100004196167,1033600
2018-01-23,10.53322982788086,12.010000228881836,12.010000228881836,11.729999542236328,11.779999732971191,1520800
2018-01-24,10.506918907165527,11.979999542236328,12.109999656677246,11.960000038146973,12.0,1610400
2018-01-25,10.427986145019531,11.890000343322754,12.0600004196167,11.84000015258789,12.010000228881836,1461600
2018-01-26,10.410444259643555,11.869999885559082,11.979999542236328,11.819999694824219,11.899999618530273,944800
2018-01-29,10.331511497497559,11.779999732971191,11.880000114440918,11.75,11.869999885559082,1088000
2018-01-30,10.235038757324219,11.670000076293945,11.779999732971191,11.630000114440918,11.710000038146973,1200000
2018-01-31,10.313970565795898,11.760000228881836,11.779999732971191,11.640000343322754,11.670000076293945,1701000
2018-02-01,10.278888702392578,11.720000267028809,11.829999923706055,11.680000305175781,11.75,1327700
2018-02-02,10.059629440307617,11.470000267028809,11.6899995803833,11.390000343322754,11.670000076293945,2078600
2018-02-05,9.735125541687012,11.100000381469727,11.510000228881836,11.050000190734863,11.420000076293945,2480600
2018-02-06,9.822829246520996,11.199999809265137,11.25,10.75,10.9399995803833,2454800
2018-02-07,9.743895530700684,11.109999656677246,11.350000381469727,11.109999656677246,11.15999984741211,1349800
2018-02-08,9.49832534790039,10.829999923706055,11.149999618530273,10.829999923706055,11.140000343322754,2029200
2018-02-09,9.770207405090332,11.140000343322754,11.239999771118164,10.720000267028809,10.930000305175781,2461600
2018-02-12,9.752666473388672,11.119999885559082,11.1899995803833,10.819999694824219,11.149999618530273,1945700
2018-02-13,9.735125541687012,11.100000381469727,11.15999984741211,10.890000343322754,11.029999732971191,2150400
2018-02-14,9.822829246520996,11.199999809265137,11.229999542236328,10.970000267028809,10.979999542236328,2000300
2018-02-15,9.866682052612305,11.25,11.350000381469727,11.210000038146973,11.260000228881836,3453100
2018-02-16,9.954384803771973,11.350000381469727,11.5,11.260000228881836,11.260000228881836,1961000
2018-02-20,9.752666473388672,11.119999885559082,11.369999885559082,11.100000381469727,11.25,2411800
2018-02-21,9.586029052734375,10.930000305175781,11.1899995803833,10.880000114440918,10.9399995803833,2513200
2018-02-22,9.568487167358398,10.90999984741211,11.020000457763672,10.829999923706055,10.960000038146973,2332500
2018-02-23,9.743895530700684,11.109999656677246,11.119999885559082,10.9399995803833,10.979999542236328,1466500
2018-02-26,9.550947189331055,10.890000343322754,11.15999984741211,10.84000015258789,11.100000381469727,1750600
2018-02-27,9.112430572509766,10.390000343322754,10.920000076293945,10.329999923706055,10.920000076293945,2067900
2018-02-28,9.015953063964844,10.279999732971191,10.479999542236328,10.109999656677246,10.40999984741211,4024800
2018-03-01,8.875627517700195,10.119999885559082,10.319999694824219,10.039999961853027,10.210000038146973,2747300
2018-03-02,8.928250312805176,10.180000305175781,10.1899995803833,9.869999885559082,10.050000190734863,2451500
2018-03-05,9.051034927368164,10.319999694824219,10.319999694824219,10.100000381469727,10.199999809265137,2852900
2018-03-06,9.103659629821777,10.380000114440918,10.390000343322754,10.210000038146973,10.3100004196167,2158800
2018-03-07,9.235213279724121,10.529999732971191,10.579999923706055,10.34000015258789,10.34000015258789,2061100
2018-03-08,9.261526107788086,10.5600004196167,10.569999694824219,10.470000267028809,10.539999961853027,1568200
2018-03-09,9.37553882598877,10.6899995803833,10.6899995803833,10.539999961853027,10.579999923706055,1448900
2018-03-12,9.357999801635742,10.670000076293945,10.680000305175781,10.59000015258789,10.670000076293945,1502400
2018-03-13,9.296606063842773,10.600000381469727,10.729999542236328,10.569999694824219,10.670000076293945,1556400
2018-03-14,9.366769790649414,10.680000305175781,10.680000305175781,10.569999694824219,10.630000114440918,1971800
2018-03-15,9.393082618713379,10.710000038146973,10.720000267028809,10.579999923706055,10.710000038146973,1734500
2018-03-16,9.472013473510742,10.800000190734863,10.819999694824219,10.619999885559082,10.699999809265137,2888000
2018-03-19,9.436932563781738,10.760000228881836,10.800000190734863,10.5600004196167,10.800000190734863,2105500
2018-03-20,9.349228858947754,10.65999984741211,10.829999923706055,10.550000190734863,10.770000457763672,3516800
2018-03-21,9.165051460266113,10.449999809265137,10.670000076293945,10.369999885559082,10.649999618530273,3084500
2018-03-22,9.015953063964844,10.279999732971191,10.510000228881836,10.279999732971191,10.350000381469727,1880000
2018-03-23,8.744073867797852,9.970000267028809,10.3100004196167,9.970000267028809,10.3100004196167,1706700
2018-03-26,8.989642143249512,10.25,10.270000457763672,10.050000190734863,10.09000015258789,2282700
2018-03-27,8.9107084274292,10.15999984741211,10.289999961853027,10.100000381469727,10.239999771118164,2155000
2018-03-28,9.430168151855469,10.619999885559082,10.789999961853027,10.220000267028809,10.220000267028809,7252400
2018-03-29,9.270336151123047,10.4399995803833,10.59000015258789,10.380000114440918,10.489999771118164,4379600
2018-04-02,9.163779258728027,10.319999694824219,10.520000457763672,10.25,10.430000305175781,2230800
2018-04-03,9.314732551574707,10.489999771118164,10.600000381469727,10.289999961853027,10.380000114440918,2207200
2018-04-04,9.332493782043457,10.510000228881836,10.5600004196167,10.350000381469727,10.420000076293945,1860400
2018-04-05,9.332493782043457,10.510000228881836,10.550000190734863,10.420000076293945,10.539999961853027,1428300
2018-04-06,9.359130859375,10.539999961853027,10.550000190734863,10.4399995803833,10.489999771118164,2794100
2018-04-09,9.119382858276367,10.270000457763672,10.569999694824219,10.270000457763672,10.569999694824219,3278300
2018-04-10,9.057225227355957,10.199999809265137,10.359999656677246,10.1899995803833,10.359999656677246,1682000
2018-04-11,9.252574920654297,10.420000076293945,10.430000305175781,10.140000343322754,10.170000076293945,3685500
2018-04-12,9.518963813781738,10.720000267028809,10.770000457763672,10.300000190734863,10.470000267028809,3921100
2018-04-13,9.723194122314453,10.949999809265137,10.960000038146973,10.789999961853027,10.800000190734863,4090300
2018-04-16,9.776473045349121,11.010000228881836,11.079999923706055,10.979999542236328,11.029999732971191,1640000
2018-04-17,9.918546676635742,11.170000076293945,11.220000267028809,10.989999771118164,11.109999656677246,2289600
2018-04-18,9.927427291870117,11.180000305175781,11.25,11.140000343322754,11.199999809265137,961900
2018-04-19,9.838630676269531,11.079999923706055,11.210000038146973,11.020000457763672,11.170000076293945,1071900
2018-04-20,9.82087230682373,11.0600004196167,11.149999618530273,11.039999961853027,11.0600004196167,1300600
2018-04-23,9.803115844726562,11.039999961853027,11.109999656677246,11.020000457763672,11.079999923706055,1359300
2018-04-24,9.838630676269531,11.079999923706055,11.119999885559082,11.0,11.109999656677246,1136000
2018-04-25,9.856389045715332,11.100000381469727,11.140000343322754,11.0,11.069999694824219,1209600
2018-04-26,9.838630676269531,11.079999923706055,11.170000076293945,11.050000190734863,11.149999618530273,1596700
2018-04-27,9.900788307189941,11.149999618530273,11.1899995803833,11.0600004196167,11.100000381469727,817900
2018-04-30,9.811992645263672,11.050000190734863,11.210000038146973,11.039999961853027,11.199999809265137,1555600
2018-05-01,9.794233322143555,11.029999732971191,11.100000381469727,10.899999618530273,11.039999961853027,2273300
2018-05-02,9.803115844726562,11.039999961853027,11.069999694824219,10.949999809265137,10.989999771118164,1398100
2018-05-03,10.007346153259277,11.270000457763672,11.3100004196167,11.050000190734863,11.0600004196167,1923900
2018-05-04,10.025103569030762,11.289999961853027,11.40999984741211,11.0,11.199999809265137,1771400
2018-05-07,10.220455169677734,11.510000228881836,11.569999694824219,11.300000190734863,11.3100004196167,2598500
2018-05-08,10.264854431152344,11.5600004196167,11.609999656677246,11.430000305175781,11.529999732971191,2220300
2018-05-09,10.495723724365234,11.819999694824219,11.84000015258789,11.520000457763672,11.619999885559082,3429100
2018-05-10,10.557881355285645,11.890000343322754,11.920000076293945,11.800000190734863,11.819999694824219,2182900
2018-05-11,10.62891674041748,11.970000267028809,11.989999771118164,11.859999656677246,11.859999656677246,3169100
2018-05-14,10.557881355285645,11.890000343322754,12.0,11.760000228881836,12.0,2604600
2018-05-15,10.344769477844238,11.649999618530273,11.859999656677246,11.609999656677246,11.8100004196167,1731300
2018-05-16,10.406927108764648,11.720000267028809,11.75,11.600000381469727,11.6899995803833,1562100
2018-05-17,10.460204124450684,11.779999732971191,11.84000015258789,11.739999771118164,11.739999771118164,1310800
2018-05-18,10.58452033996582,11.920000076293945,11.9399995803833,11.619999885559082,11.699999809265137,3571000
2018-05-21,10.98410415649414,12.369999885559082,12.430000305175781,12.020000457763672,12.020000457763672,3692000
2018-05-22,10.94858455657959,12.329999923706055,12.430000305175781,12.279999732971191,12.350000381469727,2041700
2018-05-23,11.0107421875,12.399999618530273,12.510000228881836,12.3100004196167,12.359999656677246,1633900
2018-05-24,11.179455757141113,12.59000015258789,12.609999656677246,12.3100004196167,12.390000343322754,2149200
2018-05-25,11.206092834472656,12.619999885559082,12.640000343322754,12.460000038146973,12.619999885559082,1866600
2018-05-29,11.188336372375488,12.600000381469727,12.649999618530273,12.510000228881836,12.529999732971191,2482700
2018-05-30,11.383687973022461,12.819999694824219,12.880000114440918,12.619999885559082,12.619999885559082,1791900
2018-05-31,11.303770065307617,12.729999542236328,12.9399995803833,12.699999809265137,12.789999961853027,3754500
2018-06-01,11.41032600402832,12.850000381469727,12.9399995803833,12.550000190734863,12.869999885559082,10808800
2018-06-04,11.49912166595459,12.949999809265137,12.989999771118164,12.829999923706055,12.880000114440918,3032800
2018-06-05,11.25937271118164,12.680000305175781,12.930000305175781,12.670000076293945,12.920000076293945,2670700
2018-06-06,11.206092834472656,12.619999885559082,12.760000228881836,12.5600004196167,12.670000076293945,3106800
2018-06-07,11.099538803100586,12.5,12.65999984741211,12.449999809265137,12.630000114440918,3751300
2018-06-08,11.081778526306152,12.479999542236328,12.569999694824219,12.420000076293945,12.5,2290600
2018-06-11,11.001861572265625,12.390000343322754,12.5,12.270000457763672,12.489999771118164,1950100
2018-06-12,10.886429786682129,12.260000228881836,12.4399995803833,12.239999771118164,12.380000114440918,2292900
2018-06-13,10.717714309692383,12.069999694824219,12.300000190734863,12.039999961853027,12.260000228881836,2189100
2018-06-14,10.895308494567871,12.270000457763672,12.289999961853027,12.100000381469727,12.100000381469727,2004900
2018-06-15,10.806510925292969,12.170000076293945,12.279999732971191,12.119999885559082,12.1899995803833,2832200
2018-06-18,10.842029571533203,12.210000038146973,12.25,12.119999885559082,12.170000076293945,1705200
2018-06-19,10.788750648498535,12.149999618530273,12.25,12.09000015258789,12.149999618530273,2206200
2018-06-20,10.939704895019531,12.319999694824219,12.369999885559082,12.1899995803833,12.199999809265137,1830500
2018-06-21,10.966344833374023,12.350000381469727,12.380000114440918,12.220000267028809,12.289999961853027,1446700
2018-06-22,10.957464218139648,12.34000015258789,12.420000076293945,12.289999961853027,12.380000114440918,2037400
2018-06-25,10.886429786682129,12.260000228881836,12.350000381469727,12.1899995803833,12.34000015258789,1429200
2018-06-26,10.788750648498535,12.149999618530273,12.279999732971191,12.130000114440918,12.270000457763672,2150700
2018-06-27,10.833148002624512,12.199999809265137,12.260000228881836,12.050000190734863,12.1899995803833,4239700
2018-06-28,10.855579376220703,12.100000381469727,12.109999656677246,11.970000267028809,12.050000190734863,2706800
2018-06-29,11.017068862915039,12.279999732971191,12.319999694824219,12.0,12.069999694824219,3303800
2018-07-02,10.882493019104004,12.130000114440918,12.289999961853027,12.0,12.25,1967500
2018-07-03,11.06192398071289,12.329999923706055,12.40999984741211,12.119999885559082,12.140000343322754,1055300
2018-07-05,11.142667770385742,12.420000076293945,12.430000305175781,12.229999542236328,12.34000015258789,1577700
2018-07-06,11.22341251373291,12.510000228881836,12.529999732971191,12.40999984741211,12.460000038146973,1008500
2018-07-09,11.16958236694336,12.449999809265137,12.569999694824219,12.390000343322754,12.529999732971191,1434700
2018-07-10,11.106781959533691,12.380000114440918,12.539999961853027,12.369999885559082,12.460000038146973,1256300
2018-07-11,10.927350997924805,12.180000305175781,12.380000114440918,12.180000305175781,12.300000190734863,1395100
2018-07-12,10.990151405334473,12.25,12.260000228881836,12.029999732971191,12.239999771118164,1618500
2018-07-13,11.07089614868164,12.34000015258789,12.369999885559082,12.270000457763672,12.279999732971191,1455700
2018-07-16,11.043983459472656,12.3100004196167,12.369999885559082,12.1899995803833,12.350000381469727,1049800
2018-07-17,10.954265594482422,12.210000038146973,12.350000381469727,12.180000305175781,12.350000381469727,1513100
2018-07-18,10.927350997924805,12.180000305175781,12.279999732971191,12.0600004196167,12.199999809265137,1600400
2018-07-19,11.02603816986084,12.289999961853027,12.329999923706055,12.100000381469727,12.140000343322754,2128900
2018-07-20,10.972208023071289,12.229999542236328,12.300000190734863,12.170000076293945,12.279999732971191,1623600
2018-07-23,11.088838577270508,12.359999656677246,12.390000343322754,12.1899995803833,12.25,1216500
2018-07-24,10.84660816192627,12.09000015258789,12.380000114440918,12.069999694824219,12.380000114440918,2072400
2018-07-25,10.640262603759766,11.859999656677246,12.100000381469727,11.779999732971191,12.050000190734863,3393300
2018-07-26,10.667177200317383,11.890000343322754,12.039999961853027,11.850000381469727,11.859999656677246,1913200
2018-07-27,10.532604217529297,11.739999771118164,11.9399995803833,11.729999542236328,11.920000076293945,1291700
2018-07-30,10.514660835266113,11.720000267028809,11.789999961853027,11.65999984741211,11.729999542236328,1566900
2018-07-31,10.694090843200684,11.920000076293945,12.010000228881836,11.670000076293945,11.75,2978700
2018-08-01,10.810722351074219,12.050000190734863,12.069999694824219,11.819999694824219,11.930000305175781,1491600
2018-08-02,11.017068862915039,12.279999732971191,12.3100004196167,11.979999542236328,11.979999542236328,1775200
2018-08-03,10.586432456970215,11.800000190734863,12.350000381469727,11.579999923706055,12.170000076293945,3420700
2018-08-06,10.604375839233398,11.819999694824219,11.84000015258789,11.670000076293945,11.75,1714200
2018-08-07,10.586432456970215,11.800000190734863,11.869999885559082,11.729999542236328,11.800000190734863,2099900
2018-08-08,10.424944877624512,11.619999885559082,11.789999961853027,11.59000015258789,11.789999961853027,1915300
2018-08-09,10.335230827331543,11.520000457763672,11.630000114440918,11.5,11.579999923706055,1626400
2018-08-10,10.389057159423828,11.579999923706055,11.619999885559082,11.4399995803833,11.5,1833400
2018-08-13,10.389057159423828,11.579999923706055,11.609999656677246,11.470000267028809,11.59000015258789,1952300
2018-08-14,10.460829734802246,11.65999984741211,11.699999809265137,11.5600004196167,11.579999923706055,1695100
2018-08-15,10.514660835266113,11.720000267028809,11.8100004196167,11.619999885559082,11.65999984741211,1466100
2018-08-16,10.568490028381348,11.779999732971191,11.850000381469727,11.710000038146973,11.710000038146973,982900
2018-08-17,10.640262603759766,11.859999656677246,11.890000343322754,11.699999809265137,11.739999771118164,1309300
2018-08-20,10.52363109588623,11.729999542236328,11.890000343322754,11.720000267028809,11.859999656677246,1420400
2018-08-21,10.667177200317383,11.890000343322754,11.949999809265137,11.649999618530273,11.680000305175781,2839100
2018-08-22,10.64923095703125,11.869999885559082,11.920000076293945,11.819999694824219,11.869999885559082,1608800
2018-08-23,10.514660835266113,11.720000267028809,11.90999984741211,11.720000267028809,11.890000343322754,1065500
2018-08-24,10.514660835266113,11.720000267028809,11.800000190734863,11.65999984741211,11.699999809265137,898200
2018-08-27,10.451858520507812,11.649999618530273,11.739999771118164,11.5600004196167,11.710000038146973,1772900
2018-08-28,10.667177200317383,11.890000343322754,11.899999618530273,11.649999618530273,11.699999809265137,1333600
2018-08-29,10.721007347106934,11.949999809265137,12.039999961853027,11.869999885559082,11.90999984741211,1367700
2018-08-30,10.756889343261719,11.989999771118164,12.079999923706055,11.890000343322754,11.949999809265137,1344200
2018-08-31,10.729978561401367,11.960000038146973,12.029999732971191,11.930000305175781,11.970000267028809,1368500
2018-09-04,10.532604217529297,11.739999771118164,11.960000038146973,11.649999618530273,11.930000305175781,1428600
2018-09-05,10.586432456970215,11.800000190734863,11.880000114440918,11.670000076293945,11.729999542236328,1861400
2018-09-06,10.532604217529297,11.739999771118164,11.880000114440918,11.680000305175781,11.850000381469727,1387400
2018-09-07,10.604375839233398,11.819999694824219,11.829999923706055,11.6899995803833,11.6899995803833,1312600
2018-09-10,10.604375839233398,11.819999694824219,11.890000343322754,11.800000190734863,11.869999885559082,2203400
2018-09-11,10.595405578613281,11.8100004196167,11.890000343322754,11.720000267028809,11.770000457763672,1452500
2018-09-12,10.496716499328613,11.699999809265137,11.84000015258789,11.699999809265137,11.8100004196167,1453700
2018-09-13,10.676146507263184,11.899999618530273,11.949999809265137,11.720000267028809,11.779999732971191,1635000
2018-09-14,10.676146507263184,11.899999618530273,11.920000076293945,11.680000305175781,11.890000343322754,1519300
2018-09-17,10.70306396484375,11.930000305175781,12.0,11.800000190734863,11.890000343322754,1473600
2018-09-18,10.70306396484375,11.930000305175781,11.970000267028809,11.850000381469727,11.90999984741211,965500
2018-09-19,10.613347053527832,11.829999923706055,11.970000267028809,11.699999809265137,11.949999809265137,2239900
2018-09-20,10.667177200317383,11.890000343322754,11.90999984741211,11.75,11.869999885559082,1537100
2018-09-21,10.613347053527832,11.829999923706055,11.989999771118164,11.829999923706055,11.869999885559082,3539200
2018-09-24,10.505688667297363,11.710000038146973,11.829999923706055,11.619999885559082,11.819999694824219,1872600
2018-09-25,10.505688667297363,11.710000038146973,11.850000381469727,11.699999809265137,11.739999771118164,2714800
2018-09-26,10.469803810119629,11.670000076293945,11.819999694824219,11.649999618530273,11.739999771118164,1911600
2018-09-27,10.53781795501709,11.619999885559082,11.670000076293945,11.539999961853027,11.569999694824219,1828800
2018-09-28,10.583160400390625,11.670000076293945,11.6899995803833,11.550000190734863,11.640000343322754,3274700
2018-10-01,10.4652681350708,11.539999961853027,11.720000267028809,11.539999961853027,11.670000076293945,2263500
2018-10-02,10.329237937927246,11.390000343322754,11.59000015258789,11.390000343322754,11.529999732971191,2445900
2018-10-03,10.4652681350708,11.539999961853027,11.5600004196167,11.3100004196167,11.399999618530273,3087800
2018-10-04,10.193205833435059,11.239999771118164,11.539999961853027,11.199999809265137,11.520000457763672,3106200
2018-10-05,10.156932830810547,11.199999809265137,11.289999961853027,11.149999618530273,11.25,3093600
2018-10-08,10.33830451965332,11.399999618530273,11.449999809265137,11.199999809265137,11.199999809265137,2332600
2018-10-09,10.175071716308594,11.220000267028809,11.430000305175781,11.170000076293945,11.399999618530273,2371600
2018-10-10,9.948354721069336,10.970000267028809,11.260000228881836,10.960000038146973,11.180000305175781,2191900
2018-10-11,9.6853609085083,10.680000305175781,11.0,10.600000381469727,10.9399995803833,1954800
2018-10-12,9.594673156738281,10.579999923706055,10.800000190734863,10.449999809265137,10.789999961853027,1767300
2018-10-15,9.540261268615723,10.520000457763672,10.65999984741211,10.5,10.520000457763672,2179900
2018-10-16,9.73977279663086,10.739999771118164,10.789999961853027,10.460000038146973,10.539999961853027,2726300
2018-10-17,9.65815258026123,10.649999618530273,10.75,10.529999732971191,10.699999809265137,1601500
2018-10-18,9.522123336791992,10.5,10.649999618530273,10.470000267028809,10.640000343322754,2487500
2018-10-19,9.513055801391602,10.489999771118164,10.579999923706055,10.4399995803833,10.489999771118164,1483900
2018-10-22,9.395161628723145,10.359999656677246,10.569999694824219,10.359999656677246,10.510000228881836,2967300
2018-10-23,9.386093139648438,10.350000381469727,10.449999809265137,10.130000114440918,10.170000076293945,5031900
2018-10-24,9.150308609008789,10.09000015258789,10.350000381469727,10.079999923706055,10.350000381469727,3709400
2018-10-25,9.358888626098633,10.319999694824219,10.399999618530273,10.010000228881836,10.09000015258789,3345400
2018-10-26,9.26820182800293,10.220000267028809,10.329999923706055,10.010000228881836,10.229999542236328,2600100
2018-10-29,9.340752601623535,10.300000190734863,10.4399995803833,10.199999809265137,10.350000381469727,2501900
2018-10-30,9.494917869567871,10.470000267028809,10.529999732971191,10.3100004196167,10.3100004196167,2013800
2018-10-31,9.476780891418457,10.449999809265137,10.609999656677246,10.399999618530273,10.579999923706055,2844500
2018-11-01,9.404231071472168,10.369999885559082,10.5,10.1899995803833,10.289999961853027,3700900
2018-11-02,9.331680297851562,10.289999961853027,10.520000457763672,10.220000267028809,10.430000305175781,2229000
2018-11-05,9.494917869567871,10.470000267028809,10.5600004196167,10.279999732971191,10.300000190734863,2301900
2018-11-06,9.213788032531738,10.15999984741211,10.670000076293945,10.010000228881836,10.5,2964700
2018-11-07,9.594673156738281,10.579999923706055,10.59000015258789,10.199999809265137,10.199999809265137,2075800
2018-11-08,9.612810134887695,10.600000381469727,10.630000114440918,10.390000343322754,10.529999732971191,3142400
2018-11-09,9.485848426818848,10.460000038146973,10.649999618530273,10.390000343322754,10.550000190734863,1801700
2018-11-12,9.440506935119629,10.40999984741211,10.609999656677246,10.40999984741211,10.479999542236328,2935700
2018-11-13,9.522123336791992,10.5,10.59000015258789,10.40999984741211,10.460000038146973,3772300
2018-11-14,9.513055801391602,10.489999771118164,10.550000190734863,10.359999656677246,10.539999961853027,2130000
2018-11-15,9.494917869567871,10.470000267028809,10.5,10.329999923706055,10.420000076293945,2706700
2018-11-16,9.558399200439453,10.539999961853027,10.550000190734863,10.399999618530273,10.399999618530273,8551800
2018-11-19,9.503986358642578,10.479999542236328,10.569999694824219,10.390000343322754,10.5600004196167,2802100
2018-11-20,9.46771240234375,10.4399995803833,10.510000228881836,10.380000114440918,10.420000076293945,3900700
2018-11-21,9.494917869567871,10.470000267028809,10.579999923706055,10.420000076293945,10.460000038146973,2368600
2018-11-23,9.476780891418457,10.449999809265137,10.539999961853027,10.350000381469727,10.420000076293945,884400
2018-11-26,9.58560562133789,10.569999694824219,10.619999885559082,10.489999771118164,10.539999961853027,2189000
2018-11-27,9.567469596862793,10.550000190734863,10.640000343322754,10.510000228881836,10.579999923706055,1704100
2018-11-28,9.65815258026123,10.649999618530273,10.6899995803833,10.460000038146973,10.5600004196167,2256300
2018-11-29,9.67629337310791,10.670000076293945,10.710000038146973,10.5600004196167,10.619999885559082,2230200
2018-11-30,9.558399200439453,10.539999961853027,10.6899995803833,10.40999984741211,10.6899995803833,4247300
2018-12-03,9.649086952209473,10.640000343322754,10.739999771118164,10.449999809265137,10.640000343322754,5757100
2018-12-04,9.395161628723145,10.359999656677246,10.670000076293945,10.329999923706055,10.619999885559082,4257200
2018-12-06,9.349820137023926,10.3100004196167,10.329999923706055,10.09000015258789,10.289999961853027,6013600
2018-12-07,9.114033699035645,10.050000190734863,10.359999656677246,10.039999961853027,10.300000190734863,3945100
2018-12-10,8.95079517364502,9.869999885559082,10.069999694824219,9.800000190734863,10.069999694824219,5272500
2018-12-11,8.823833465576172,9.729999542236328,10.020000457763672,9.710000038146973,9.75,5115800
2018-12-12,8.860109329223633,9.770000457763672,9.9399995803833,9.760000228881836,9.8100004196167,3703500
2018-12-13,8.968934059143066,9.890000343322754,9.930000305175781,9.789999961853027,9.789999961853027,2842500
2018-12-14,8.987070083618164,9.90999984741211,9.960000038146973,9.819999694824219,9.84000015258789,3047400
2018-12-17,8.687804222106934,9.579999923706055,9.9399995803833,9.550000190734863,9.930000305175781,4695100
2018-12-18,8.660600662231445,9.550000190734863,9.729999542236328,9.550000190734863,9.550000190734863,3678400
2018-12-19,8.48829174041748,9.359999656677246,9.75,9.319999694824219,9.550000190734863,3608200
2018-12-20,8.19809627532959,9.039999961853027,9.319999694824219,8.989999771118164,9.270000457763672,4381900
2018-12-21,8.143682479858398,8.979999542236328,9.15999984741211,8.899999618530273,9.079999923706055,7028500
2018-12-24,7.95324182510376,8.770000457763672,8.970000267028809,8.770000457763672,8.9399995803833,1370200
2018-12-26,8.207164764404297,9.050000190734863,9.079999923706055,8.699999809265137,8.800000190734863,3646600
2018-12-27,8.17995834350586,9.020000457763672,9.020000457763672,8.710000038146973,8.920000076293945,2998300
2018-12-28,8.216232299804688,9.0600004196167,9.1899995803833,8.960000038146973,9.079999923706055,2430200
2018-12-31,8.234370231628418,9.079999923706055,9.09000015258789,8.920000076293945,9.09000015258789,1761300
2019-01-02,8.134613990783691,8.970000267028809,9.050000190734863,8.84000015258789,8.949999809265137,2147400
2019-01-03,8.093230247497559,8.800000190734863,9.010000228881836,8.760000228881836,8.829999923706055,1937500
2019-01-04,8.323149681091309,9.050000190734863,9.119999885559082,8.869999885559082,8.869999885559082,1917600
2019-01-07,8.479496955871582,9.220000267028809,9.260000228881836,9.020000457763672,9.039999961853027,1846000
2019-01-08,8.681827545166016,9.4399995803833,9.510000228881836,8.989999771118164,8.989999771118164,2221300
2019-01-09,8.828977584838867,9.600000381469727,9.619999885559082,9.390000343322754,9.470000267028809,1715500
2019-01-10,8.884159088134766,9.65999984741211,9.699999809265137,9.369999885559082,9.369999885559082,4085100
2019-01-11,8.930142402648926,9.710000038146973,9.729999542236328,9.619999885559082,9.649999618530273,1788300
2019-01-14,8.893356323242188,9.670000076293945,9.6899995803833,9.539999961853027,9.630000114440918,3122700
2019-01-15,8.930142402648926,9.710000038146973,9.75,9.619999885559082,9.699999809265137,1659300
2019-01-16,9.160062789916992,9.960000038146973,10.0,9.75,9.75,2505700
2019-01-17,9.215245246887207,10.020000457763672,10.0600004196167,9.899999618530273,9.920000076293945,5652400
2019-01-18,9.252033233642578,10.0600004196167,10.119999885559082,10.0,10.0600004196167,3186100
2019-01-22,9.077291488647461,9.869999885559082,10.069999694824219,9.800000190734863,10.029999732971191,3863700
2019-01-23,8.957732200622559,9.739999771118164,9.930000305175781,9.699999809265137,9.859999656677246,3072000
2019-01-24,8.957732200622559,9.739999771118164,9.8100004196167,9.670000076293945,9.729999542236328,3153700
2019-01-25,9.086488723754883,9.880000114440918,9.90999984741211,9.5,9.619999885559082,4303200
2019-01-28,9.169261932373047,9.970000267028809,9.989999771118164,9.800000190734863,9.800000190734863,3202300
2019-01-29,9.187655448913574,9.989999771118164,10.0600004196167,9.930000305175781,9.979999542236328,2493500
2019-01-30,9.279623031616211,10.09000015258789,10.130000114440918,9.979999542236328,10.010000228881836,4085400
2019-01-31,9.343999862670898,10.15999984741211,10.199999809265137,10.029999732971191,10.109999656677246,4078700
2019-02-01,9.279623031616211,10.09000015258789,10.199999809265137,9.930000305175781,10.199999809265137,2090300
2019-02-04,9.417573928833008,10.239999771118164,10.25,10.020000457763672,10.0600004196167,2498500
2019-02-05,9.518741607666016,10.350000381469727,10.359999656677246,10.229999542236328,10.25,3056500
2019-02-06,9.53713321685791,10.369999885559082,10.399999618530273,10.34000015258789,10.359999656677246,2251000
2019-02-07,9.610710144042969,10.449999809265137,10.479999542236328,10.300000190734863,10.350000381469727,2437300
2019-02-08,9.518741607666016,10.350000381469727,10.449999809265137,10.319999694824219,10.399999618530273,1729600
2019-02-11,9.573922157287598,10.40999984741211,10.460000038146973,10.329999923706055,10.359999656677246,2987800
2019-02-12,9.647497177124023,10.489999771118164,10.489999771118164,10.359999656677246,10.4399995803833,3012100
2019-02-13,9.767056465148926,10.619999885559082,10.670000076293945,10.460000038146973,10.5,4039200
2019-02-14,9.721070289611816,10.569999694824219,10.640000343322754,10.460000038146973,10.579999923706055,2236700
2019-02-15,9.92340087890625,10.789999961853027,10.819999694824219,10.59000015258789,10.640000343322754,2732500
2019-02-19,9.868220329284668,10.729999542236328,10.850000381469727,10.710000038146973,10.760000228881836,2604700
2019-02-20,10.00617504119873,10.880000114440918,10.930000305175781,10.6899995803833,10.729999542236328,5413400
2019-02-21,10.00617504119873,10.880000114440918,10.979999542236328,10.84000015258789,10.880000114440918,2385500
2019-02-22,10.134931564331055,11.020000457763672,11.039999961853027,10.90999984741211,10.90999984741211,2067400
2019-02-25,9.895812034606934,10.760000228881836,11.100000381469727,10.760000228881836,11.050000190734863,2816600
2019-02-26,9.840630531311035,10.699999809265137,11.220000267028809,10.680000305175781,11.220000267028809,5104000
2019-02-27,9.80384349822998,10.65999984741211,10.760000228881836,10.529999732971191,10.640000343322754,2709800
2019-02-28,9.831432342529297,10.6899995803833,10.819999694824219,10.609999656677246,10.65999984741211,4042600
2019-03-01,9.794646263122559,10.649999618530273,10.760000228881836,10.5,10.720000267028809,2716200
2019-03-04,9.877418518066406,10.739999771118164,10.770000457763672,10.609999656677246,10.65999984741211,2170000
2019-03-05,9.950993537902832,10.819999694824219,10.869999885559082,10.65999984741211,10.699999809265137,4797400
2019-03-06,10.01537036895752,10.890000343322754,10.960000038146973,10.770000457763672,10.84000015258789,5092200
2019-03-07,9.840630531311035,10.699999809265137,10.899999618530273,10.699999809265137,10.899999618530273,3790400
2019-03-08,9.767056465148926,10.619999885559082,10.649999618530273,10.520000457763672,10.649999618530273,2936500
2019-03-11,9.877418518066406,10.739999771118164,10.75,10.579999923706055,10.6899995803833,1931400
2019-03-12,9.80384349822998,10.65999984741211,10.850000381469727,10.630000114440918,10.770000457763672,2461000
2019-03-13,9.877418518066406,10.739999771118164,10.779999732971191,10.65999984741211,10.680000305175781,2465500
2019-03-14,9.813039779663086,10.670000076293945,10.779999732971191,10.630000114440918,10.760000228881836,1859400
2019-03-15,9.813039779663086,10.670000076293945,10.729999542236328,10.640000343322754,10.680000305175781,4500700
2019-03-18,9.877418518066406,10.739999771118164,10.800000190734863,10.619999885559082,10.699999809265137,1831300
2019-03-19,9.80384349822998,10.65999984741211,10.819999694824219,10.640000343322754,10.739999771118164,1880100
2019-03-20,9.886613845825195,10.75,10.859999656677246,10.630000114440918,10.649999618530273,1931700
2019-03-21,10.033764839172363,10.90999984741211,10.930000305175781,10.680000305175781,10.710000038146973,1822100
2019-03-22,9.92340087890625,10.789999961853027,10.930000305175781,10.699999809265137,10.859999656677246,2512900
2019-03-25,9.98777961730957,10.859999656677246,10.920000076293945,10.6899995803833,10.800000190734863,1922200
2019-03-26,10.079750061035156,10.960000038146973,11.0,10.850000381469727,10.880000114440918,1509600
2019-03-27,10.153324127197266,11.039999961853027,11.09000015258789,10.890000343322754,10.979999542236328,2176600
2019-03-28,10.232393264770508,11.0,11.029999732971191,10.859999656677246,10.90999984741211,2352200
2019-03-29,10.07425308227539,10.829999923706055,11.039999961853027,10.75,11.0,3141000
2019-04-01,10.176579475402832,10.9399995803833,10.960000038146973,10.8100004196167,10.869999885559082,1825500
2019-04-02,10.176579475402832,10.9399995803833,11.029999732971191,10.899999618530273,10.970000267028809,2704500
2019-04-03,10.176579475402832,10.9399995803833,11.0,10.90999984741211,10.970000267028809,3031500
2019-04-04,10.167276382446289,10.930000305175781,10.970000267028809,10.869999885559082,10.920000076293945,1359100
2019-04-05,10.278902053833008,11.050000190734863,11.079999923706055,10.920000076293945,10.920000076293945,1584700
2019-04-08,10.232393264770508,11.0,11.0600004196167,10.90999984741211,11.020000457763672,1427700
2019-04-09,10.037044525146484,10.789999961853027,11.050000190734863,10.779999732971191,11.0,1964200
2019-04-10,10.223088264465332,10.989999771118164,10.989999771118164,10.789999961853027,10.819999694824219,1774200
2019-04-11,10.139370918273926,10.899999618530273,11.010000228881836,10.859999656677246,11.010000228881836,984300
2019-04-12,10.176579475402832,10.9399995803833,10.949999809265137,10.819999694824219,10.90999984741211,733500
2019-04-15,10.08355712890625,10.84000015258789,10.979999542236328,10.800000190734863,10.970000267028809,1041200
2019-04-16,10.05565071105957,10.8100004196167,10.880000114440918,10.779999732971191,10.859999656677246,1574700
2019-04-17,9.981234550476074,10.729999542236328,10.869999885559082,10.720000267028809,10.84000015258789,2041500
2019-04-18,10.027743339538574,10.779999732971191,10.819999694824219,10.699999809265137,10.710000038146973,1286700
2019-04-22,9.906815528869629,10.649999618530273,10.75,10.510000228881836,10.699999809265137,2413800
2019-04-23,10.09285831451416,10.850000381469727,10.890000343322754,10.640000343322754,10.680000305175781,1805800
2019-04-24,10.06495189666748,10.819999694824219,10.9399995803833,10.8100004196167,10.869999885559082,2389000
2019-04-25,9.981234550476074,10.729999542236328,10.829999923706055,10.65999984741211,10.770000457763672,1117800
2019-04-26,10.07425308227539,10.829999923706055,10.880000114440918,10.739999771118164,10.739999771118164,1472900
2019-04-29,10.018441200256348,10.770000457763672,10.989999771118164,10.770000457763672,10.859999656677246,1051600
2019-04-30,10.10216236114502,10.859999656677246,10.880000114440918,10.6899995803833,10.770000457763672,2610000
2019-05-01,10.167276382446289,10.930000305175781,11.020000457763672,10.829999923706055,10.930000305175781,4147300
2019-05-02,10.10216236114502,10.859999656677246,11.010000228881836,10.760000228881836,10.899999618530273,2075000
2019-05-03,10.232393264770508,11.0,11.010000228881836,10.84000015258789,10.90999984741211,1225800
2019-05-06,10.08355712890625,10.84000015258789,10.970000267028809,10.789999961853027,10.930000305175781,3694500
2019-05-07,9.86960506439209,10.609999656677246,10.850000381469727,10.550000190734863,10.800000190734863,2404100
2019-05-08,9.720772743225098,10.449999809265137,10.65999984741211,10.4399995803833,10.579999923706055,2209600
2019-05-09,9.934721946716309,10.680000305175781,10.789999961853027,10.489999771118164,10.550000190734863,3459900
2019-05-10,10.027743339538574,10.779999732971191,10.779999732971191,10.5600004196167,10.619999885559082,2492000
2019-05-13,9.851003646850586,10.59000015258789,10.6899995803833,10.550000190734863,10.609999656677246,2155000
2019-05-14,10.027743339538574,10.779999732971191,10.84000015258789,10.600000381469727,10.640000343322754,2113600
2019-05-15,10.09285831451416,10.850000381469727,10.899999618530273,10.670000076293945,10.720000267028809,1590500
2019-05-16,10.120766639709473,10.880000114440918,10.920000076293945,10.8100004196167,10.819999694824219,1386200
2019-05-17,9.934721946716309,10.680000305175781,10.850000381469727,10.65999984741211,10.829999923706055,1311600
2019-05-20,9.851003646850586,10.59000015258789,10.670000076293945,10.529999732971191,10.609999656677246,1961800
2019-05-21,9.999835968017578,10.75,10.760000228881836,10.600000381469727,10.630000114440918,1300100
2019-05-22,9.925420761108398,10.670000076293945,10.800000190734863,10.619999885559082,10.720000267028809,1286200
2019-05-23,9.767282485961914,10.5,10.630000114440918,10.430000305175781,10.569999694824219,1972000
2019-05-24,9.832396507263184,10.569999694824219,10.640000343322754,10.479999542236328,10.5600004196167,960300
2019-05-28,9.674260139465332,10.399999618530273,10.600000381469727,10.399999618530273,10.569999694824219,2231800
2019-05-29,9.516122817993164,10.229999542236328,10.369999885559082,10.15999984741211,10.329999923706055,2204200
2019-05-30,9.423104286193848,10.130000114440918,10.3100004196167,10.029999732971191,10.25,3363900
2019-05-31,9.218454360961914,9.90999984741211,10.0,9.859999656677246,10.0,4912900
2019-06-03,9.357988357543945,10.0600004196167,10.09000015258789,9.829999923706055,9.9399995803833,3083100
2019-06-04,9.33008098602295,10.029999732971191,10.140000343322754,9.960000038146973,10.119999885559082,2104900
2019-06-05,9.320778846740723,10.020000457763672,10.109999656677246,9.90999984741211,10.039999961853027,1915400
2019-06-06,9.162640571594238,9.850000381469727,10.039999961853027,9.800000190734863,9.989999771118164,2847600
2019-06-07,9.26496410369873,9.960000038146973,10.029999732971191,9.850000381469727,9.890000343322754,1963900
2019-06-10,9.404499053955078,10.109999656677246,10.140000343322754,9.979999542236328,9.979999542236328,1320000
2019-06-11,9.395196914672852,10.100000381469727,10.220000267028809,10.069999694824219,10.170000076293945,1315900
2019-06-12,9.441706657409668,10.149999618530273,10.210000038146973,10.069999694824219,10.09000015258789,2061500
2019-06-13,9.49752140045166,10.210000038146973,10.210000038146973,10.100000381469727,10.210000038146973,905900
2019-06-14,9.2835693359375,9.979999542236328,10.220000267028809,9.979999542236328,10.220000267028809,1396300
2019-06-17,9.432405471801758,10.140000343322754,10.199999809265137,9.970000267028809,9.970000267028809,2250300
2019-06-18,9.63705062866211,10.359999656677246,10.40999984741211,10.199999809265137,10.229999542236328,1650400
2019-06-19,9.674260139465332,10.399999618530273,10.420000076293945,10.220000267028809,10.369999885559082,2972500
2019-06-20,9.683563232421875,10.40999984741211,10.479999542236328,10.359999656677246,10.479999542236328,1604600
2019-06-21,9.49752140045166,10.210000038146973,10.369999885559082,10.199999809265137,10.369999885559082,2805800
2019-06-24,9.339383125305176,10.039999961853027,10.260000228881836,9.970000267028809,10.260000228881836,1914100
2019-06-25,9.302173614501953,10.0,10.180000305175781,9.979999542236328,10.029999732971191,2650100
2019-06-26,9.2835693359375,9.979999542236328,10.069999694824219,9.949999809265137,10.029999732971191,2023100
2019-06-27,9.759285926818848,10.359999656677246,10.359999656677246,10.0,10.09000015258789,2773600
2019-06-28,9.740447044372559,10.34000015258789,10.449999809265137,10.279999732971191,10.359999656677246,3065400
2019-07-01,9.655665397644043,10.25,10.470000267028809,10.1899995803833,10.4399995803833,1426300
2019-07-02,9.702766418457031,10.300000190734863,10.350000381469727,10.229999542236328,10.25,1626800
2019-07-03,9.768706321716309,10.369999885559082,10.390000343322754,10.3100004196167,10.329999923706055,491600
2019-07-05,9.768706321716309,10.369999885559082,10.369999885559082,10.199999809265137,10.319999694824219,1079000
2019-07-08,9.731027603149414,10.329999923706055,10.420000076293945,10.289999961853027,10.350000381469727,805500
2019-07-09,9.66508674621582,10.260000228881836,10.300000190734863,10.170000076293945,10.279999732971191,911000
2019-07-10,9.721607208251953,10.319999694824219,10.369999885559082,10.229999542236328,10.319999694824219,1084000
2019-07-11,9.495522499084473,10.079999923706055,10.34000015258789,10.010000228881836,10.34000015258789,1264600
2019-07-12,9.580306053161621,10.170000076293945,10.229999542236328,10.0600004196167,10.0600004196167,910500
2019-07-15,9.476683616638184,10.0600004196167,10.199999809265137,10.029999732971191,10.199999809265137,1305900
2019-07-16,9.552043914794922,10.140000343322754,10.15999984741211,9.960000038146973,10.020000457763672,1454100
2019-07-17,9.4484224319458,10.029999732971191,10.140000343322754,9.949999809265137,10.109999656677246,1447400
2019-07-18,9.373061180114746,9.949999809265137,10.039999961853027,9.869999885559082,10.020000457763672,2805700
2019-07-19,9.325960159301758,9.899999618530273,10.010000228881836,9.880000114440918,9.920000076293945,2195000
2019-07-22,9.175237655639648,9.739999771118164,9.90999984741211,9.739999771118164,9.899999618530273,1515900
2019-07-23,9.354219436645508,9.930000305175781,9.949999809265137,9.729999542236328,9.779999732971191,1180700
2019-07-24,9.420161247253418,10.0,10.029999732971191,9.880000114440918,9.899999618530273,1201700
2019-07-25,9.38248062133789,9.960000038146973,10.020000457763672,9.880000114440918,10.0,852400
2019-07-26,9.43900203704834,10.020000457763672,10.0600004196167,9.920000076293945,9.949999809265137,1436500
2019-07-29,9.514364242553711,10.100000381469727,10.119999885559082,10.050000190734863,10.0600004196167,1926700
2019-07-30,9.589725494384766,10.180000305175781,10.210000038146973,10.050000190734863,10.050000190734863,1300300
2019-07-31,9.486101150512695,10.069999694824219,10.25,9.960000038146973,10.180000305175781,1958800
2019-08-01,9.203498840332031,9.770000457763672,10.069999694824219,9.760000228881836,10.069999694824219,1406600
2019-08-02,9.250598907470703,9.819999694824219,9.869999885559082,9.710000038146973,9.720000267028809,963700
2019-08-05,8.883212089538574,9.430000305175781,9.699999809265137,9.319999694824219,9.6899995803833,2620300
2019-08-06,8.854950904846191,9.399999618530273,9.529999732971191,9.289999961853027,9.359999656677246,1724200
2019-08-07,8.845531463623047,9.390000343322754,9.470000267028809,9.15999984741211,9.289999961853027,1697300
2019-08-08,8.986833572387695,9.539999961853027,9.609999656677246,9.390000343322754,9.430000305175781,2294100
2019-08-09,8.986833572387695,9.539999961853027,9.59000015258789,9.420000076293945,9.539999961853027,1822100
2019-08-12,8.892633438110352,9.4399995803833,9.5,9.399999618530273,9.449999809265137,1395200
2019-08-13,8.939732551574707,9.489999771118164,9.59000015258789,9.40999984741211,9.40999984741211,1590900
2019-08-14,8.675969123840332,9.210000038146973,9.420000076293945,9.180000305175781,9.40999984741211,2593400
2019-08-15,8.65712833404541,9.1899995803833,9.270000457763672,9.119999885559082,9.229999542236328,1750700
2019-08-16,8.854950904846191,9.399999618530273,9.430000305175781,9.180000305175781,9.25,1343400
2019-08-19,8.958573341369629,9.510000228881836,9.529999732971191,9.420000076293945,9.489999771118164,1346900
2019-08-20,8.892633438110352,9.4399995803833,9.5,9.390000343322754,9.5,1944200
2019-08-21,8.902053833007812,9.449999809265137,9.510000228881836,9.369999885559082,9.5,2072100
2019-08-22,8.892633438110352,9.4399995803833,9.489999771118164,9.359999656677246,9.4399995803833,1956900
2019-08-23,8.732491493225098,9.270000457763672,9.479999542236328,9.270000457763672,9.40999984741211,1608900
2019-08-26,8.741910934448242,9.279999732971191,9.350000381469727,9.25,9.350000381469727,1387200
2019-08-27,8.704229354858398,9.239999771118164,9.369999885559082,9.229999542236328,9.350000381469727,1194800
2019-08-28,8.817272186279297,9.359999656677246,9.390000343322754,9.220000267028809,9.25,720600
2019-08-29,8.873791694641113,9.420000076293945,9.550000190734863,9.380000114440918,9.430000305175781,792900
2019-08-30,8.920892715454102,9.470000267028809,9.5,9.390000343322754,9.4399995803833,975300
2019-09-03,8.836112022399902,9.380000114440918,9.4399995803833,9.350000381469727,9.399999618530273,988700
2019-09-04,9.024514198303223,9.579999923706055,9.600000381469727,9.430000305175781,9.430000305175781,1121700
2019-09-05,9.269440650939941,9.84000015258789,9.850000381469727,9.600000381469727,9.649999618530273,1570400
2019-09-06,9.222336769104004,9.789999961853027,9.880000114440918,9.760000228881836,9.869999885559082,1635500
2019-09-09,9.467263221740723,10.050000190734863,10.0600004196167,9.779999732971191,9.800000190734863,2273500
2019-09-10,9.523783683776855,10.109999656677246,10.15999984741211,10.039999961853027,10.039999961853027,2101100
2019-09-11,9.495522499084473,10.079999923706055,10.25,10.0600004196167,10.15999984741211,3349600
2019-09-12,9.307119369506836,9.880000114440918,10.09000015258789,9.850000381469727,10.09000015258789,2609300
2019-09-13,9.420161247253418,10.0,10.100000381469727,9.859999656677246,9.90999984741211,5292600
2019-09-16,9.542624473571777,10.130000114440918,10.210000038146973,10.020000457763672,10.020000457763672,3783900
2019-09-17,9.523783683776855,10.109999656677246,10.15999984741211,10.039999961853027,10.130000114440918,3238500
2019-09-18,9.533205032348633,10.119999885559082,10.170000076293945,9.930000305175781,10.130000114440918,3649300
2019-09-19,9.495522499084473,10.079999923706055,10.220000267028809,10.079999923706055,10.15999984741211,2888400
2019-09-20,9.523783683776855,10.109999656677246,10.180000305175781,10.0,10.09000015258789,3623900
2019-09-23,9.66508674621582,10.260000228881836,10.279999732971191,9.989999771118164,10.079999923706055,6590700
2019-09-24,9.721607208251953,10.319999694824219,10.329999923706055,10.119999885559082,10.300000190734863,11458200
2019-09-25,9.834648132324219,10.4399995803833,10.479999542236328,10.25,10.329999923706055,7889900
2019-09-26,9.683926582336426,10.279999732971191,10.449999809265137,10.220000267028809,10.449999809265137,6003500
2019-09-27,9.803128242492676,10.279999732971191,10.380000114440918,10.1899995803833,10.1899995803833,6107100
2019-09-30,9.774518966674805,10.25,10.380000114440918,10.25,10.25,2733200
2019-10-01,9.641014099121094,10.109999656677246,10.329999923706055,10.0600004196167,10.300000190734863,2333800
2019-10-02,9.517045021057129,9.979999542236328,10.09000015258789,9.920000076293945,10.029999732971191,1572000
2019-10-03,9.497971534729004,9.960000038146973,9.979999542236328,9.819999694824219,9.949999809265137,1465500
2019-10-04,9.421683311462402,9.880000114440918,10.0,9.8100004196167,9.970000267028809,1386000
2019-10-07,9.507509231567383,9.970000267028809,10.010000228881836,9.829999923706055,9.899999618530273,3084200
2019-10-08,9.345394134521484,9.800000190734863,9.930000305175781,9.739999771118164,9.930000305175781,1656600
2019-10-09,9.335856437683105,9.789999961853027,9.890000343322754,9.779999732971191,9.869999885559082,1266100
2019-10-10,9.354930877685547,9.8100004196167,9.899999618530273,9.779999732971191,9.829999923706055,1501100
2019-10-11,9.488436698913574,9.949999809265137,10.109999656677246,9.890000343322754,9.920000076293945,1261200
2019-10-14,9.383540153503418,9.84000015258789,9.930000305175781,9.760000228881836,9.899999618530273,1224600
2019-10-15,9.45982837677002,9.920000076293945,9.979999542236328,9.8100004196167,9.829999923706055,981300
2019-10-16,9.469362258911133,9.930000305175781,10.020000457763672,9.880000114440918,9.890000343322754,1115000
2019-10-17,9.335856437683105,9.789999961853027,9.989999771118164,9.760000228881836,9.930000305175781,3423400
2019-10-18,9.431219100952148,9.890000343322754,9.949999809265137,9.75,9.770000457763672,1388800
2019-10-21,9.650550842285156,10.119999885559082,10.149999618530273,9.960000038146973,9.960000038146973,1237900
2019-10-22,9.631478309631348,10.100000381469727,10.149999618530273,9.989999771118164,10.130000114440918,1578000
2019-10-23,9.688693046569824,10.15999984741211,10.1899995803833,10.069999694824219,10.09000015258789,1330100
2019-10-24,9.660086631774902,10.130000114440918,10.220000267028809,10.010000228881836,10.220000267028809,1764700
2019-10-25,9.488436698913574,9.949999809265137,10.100000381469727,9.930000305175781,10.100000381469727,1459000
2019-10-28,9.583797454833984,10.050000190734863,10.069999694824219,9.949999809265137,9.970000267028809,1582000
2019-10-29,9.517045021057129,9.979999542236328,10.079999923706055,9.979999542236328,10.029999732971191,1790200
2019-10-30,9.536115646362305,10.0,10.010000228881836,9.859999656677246,9.960000038146973,1099700
2019-10-31,9.517045021057129,9.979999542236328,10.029999732971191,9.880000114440918,9.979999542236328,2145500
2019-11-01,9.73637580871582,10.210000038146973,10.289999961853027,10.010000228881836,10.029999732971191,2925400
2019-11-04,9.879415512084961,10.359999656677246,10.380000114440918,10.239999771118164,10.289999961853027,2271300
2019-11-05,9.946168899536133,10.430000305175781,10.529999732971191,10.329999923706055,10.359999656677246,3059100
2019-11-06,9.936634063720703,10.420000076293945,10.569999694824219,10.420000076293945,10.470000267028809,2643300
2019-11-07,9.774518966674805,10.25,10.510000228881836,10.229999542236328,10.470000267028809,1800800
2019-11-08,9.822199821472168,10.300000190734863,10.380000114440918,10.079999923706055,10.350000381469727,1915200
2019-11-11,9.850808143615723,10.329999923706055,10.329999923706055,10.170000076293945,10.239999771118164,2214800
2019-11-12,9.688693046569824,10.15999984741211,10.359999656677246,10.140000343322754,10.300000190734863,2024300
2019-11-13,9.60286808013916,10.069999694824219,10.119999885559082,9.989999771118164,10.09000015258789,2090100
2019-11-14,9.726839065551758,10.199999809265137,10.210000038146973,10.079999923706055,10.079999923706055,2188700
2019-11-15,9.73637580871582,10.210000038146973,10.260000228881836,10.140000343322754,10.25,2063500
2019-11-18,9.679156303405762,10.149999618530273,10.239999771118164,10.09000015258789,10.1899995803833,2467300
2019-11-19,9.631478309631348,10.100000381469727,10.199999809265137,10.09000015258789,10.15999984741211,1854200
2019-11-20,9.478899002075195,9.9399995803833,10.100000381469727,9.899999618530273,10.039999961853027,2009200
2019-11-21,9.402609825134277,9.859999656677246,9.960000038146973,9.8100004196167,9.949999809265137,1875400
2019-11-22,9.45982837677002,9.920000076293945,10.050000190734863,9.899999618530273,9.970000267028809,3954600
2019-11-25,9.74591064453125,10.220000267028809,10.25,9.920000076293945,9.9399995803833,2739300
2019-11-26,9.812664031982422,10.289999961853027,10.350000381469727,10.1899995803833,10.260000228881836,2204300
2019-11-27,9.955704689025879,10.4399995803833,10.479999542236328,10.270000457763672,10.289999961853027,1956300
2019-11-29,9.822199821472168,10.300000190734863,10.4399995803833,10.289999961853027,10.40999984741211,675100
2019-12-02,9.74591064453125,10.220000267028809,10.34000015258789,10.180000305175781,10.300000190734863,1380900
2019-12-03,9.726839065551758,10.199999809265137,10.229999542236328,10.119999885559082,10.15999984741211,939400
2019-12-04,9.793593406677246,10.270000457763672,10.359999656677246,10.199999809265137,10.199999809265137,2744300
2019-12-05,9.83173656463623,10.3100004196167,10.369999885559082,10.289999961853027,10.300000190734863,2167500
2019-12-06,9.993849754333496,10.479999542236328,10.5600004196167,10.380000114440918,10.399999618530273,1877700
2019-12-09,10.031994819641113,10.520000457763672,10.579999923706055,10.460000038146973,10.470000267028809,1350000
2019-12-10,9.993849754333496,10.479999542236328,10.529999732971191,10.4399995803833,10.5,1331900
2019-12-11,9.993849754333496,10.479999542236328,10.539999961853027,10.4399995803833,10.5,2389500
2019-12-12,10.155962944030762,10.649999618530273,10.710000038146973,10.380000114440918,10.479999542236328,3530900
2019-12-13,10.241788864135742,10.739999771118164,10.739999771118164,10.609999656677246,10.670000076293945,2103900
2019-12-16,10.346687316894531,10.850000381469727,10.949999809265137,10.779999732971191,10.829999923706055,2503000
2019-12-17,10.422974586486816,10.930000305175781,11.079999923706055,10.859999656677246,11.039999961853027,4297600
2019-12-18,10.699522972106934,11.220000267028809,11.270000457763672,10.90999984741211,10.960000038146973,3356900
2019-12-19,10.823493003845215,11.350000381469727,11.420000076293945,11.170000076293945,11.210000038146973,4041400
2019-12-20,10.75674057006836,11.279999732971191,11.520000457763672,11.229999542236328,11.489999771118164,8093900
2019-12-23,10.623235702514648,11.140000343322754,11.329999923706055,11.140000343322754,11.260000228881836,1824800
2019-12-24,10.651843070983887,11.170000076293945,11.220000267028809,11.140000343322754,11.170000076293945,1432800
2019-12-26,10.623235702514648,11.140000343322754,11.220000267028809,11.109999656677246,11.199999809265137,1426300
2019-12-27,10.66137981414795,11.180000305175781,11.239999771118164,11.119999885559082,11.170000076293945,1785700
2019-12-30,10.66137981414795,11.180000305175781,11.270000457763672,11.15999984741211,11.210000038146973,1322800
2019-12-31,10.685489654541016,11.079999923706055,11.119999885559082,11.039999961853027,11.039999961853027,1578900
2020-01-02,10.627625465393066,11.020000457763672,11.15999984741211,10.970000267028809,11.15999984741211,2014500
2020-01-03,10.492609977722168,10.880000114440918,11.020000457763672,10.829999923706055,10.880000114440918,2354800
2020-01-06,10.251511573791504,10.630000114440918,10.819999694824219,10.579999923706055,10.640000343322754,5179100
2020-01-07,10.020057678222656,10.390000343322754,10.609999656677246,10.350000381469727,10.569999694824219,2238800
2020-01-08,10.058631896972656,10.430000305175781,10.510000228881836,10.34000015258789,10.380000114440918,4254600
2020-01-09,9.962193489074707,10.329999923706055,10.5,10.329999923706055,10.4399995803833,3788600
2020-01-10,9.962193489074707,10.329999923706055,10.390000343322754,10.239999771118164,10.300000190734863,2778700
2020-01-13,10.048988342285156,10.420000076293945,10.449999809265137,10.289999961853027,10.319999694824219,3428900
2020-01-14,9.981483459472656,10.350000381469727,10.420000076293945,10.270000457763672,10.40999984741211,2439600
2020-01-15,10.116497039794922,10.489999771118164,10.489999771118164,10.34000015258789,10.34000015258789,1616400
2020-01-16,10.222579002380371,10.600000381469727,10.619999885559082,10.510000228881836,10.529999732971191,1052100
2020-01-17,10.164714813232422,10.539999961853027,10.65999984741211,10.529999732971191,10.630000114440918,1398400
2020-01-21,10.135783195495605,10.510000228881836,10.5600004196167,10.390000343322754,10.510000228881836,1824800
2020-01-22,10.106851577758789,10.479999542236328,10.579999923706055,10.4399995803833,10.529999732971191,1256600
2020-01-23,10.058631896972656,10.430000305175781,10.510000228881836,10.319999694824219,10.460000038146973,1883000
2020-01-24,9.759671211242676,10.119999885559082,10.460000038146973,9.960000038146973,10.420000076293945,3114600
2020-01-27,9.47035026550293,9.819999694824219,10.039999961853027,9.779999732971191,9.989999771118164,3747200
2020-01-28,9.605365753173828,9.960000038146973,10.020000457763672,9.8100004196167,9.869999885559082,3013900
2020-01-29,9.557147026062012,9.90999984741211,10.069999694824219,9.890000343322754,9.979999542236328,1762400
2020-01-30,9.489640235900879,9.84000015258789,9.90999984741211,9.699999809265137,9.829999923706055,2171400
2020-01-31,9.325692176818848,9.670000076293945,9.859999656677246,9.569999694824219,9.789999961853027,2795300
2020-02-03,9.431775093078613,9.779999732971191,9.90999984741211,9.710000038146973,9.729999542236328,2432500
2020-02-04,9.701807022094727,10.0600004196167,10.09000015258789,9.829999923706055,9.890000343322754,1523400
2020-02-05,9.875396728515625,10.239999771118164,10.279999732971191,10.119999885559082,10.140000343322754,1568200
2020-02-06,9.894686698913574,10.260000228881836,10.34000015258789,10.180000305175781,10.3100004196167,1395900
2020-02-07,9.769315719604492,10.130000114440918,10.25,10.100000381469727,10.210000038146973,1329000
2020-02-10,9.827178001403809,10.1899995803833,10.210000038146973,10.079999923706055,10.130000114440918,863100
2020-02-11,9.817534446716309,10.180000305175781,10.289999961853027,10.15999984741211,10.229999542236328,1329000
2020-02-12,10.126140594482422,10.5,10.5,10.239999771118164,10.270000457763672,1731200
2020-02-13,10.068275451660156,10.4399995803833,10.550000190734863,10.40999984741211,10.460000038146973,1778600
2020-02-14,10.020057678222656,10.390000343322754,10.529999732971191,10.359999656677246,10.460000038146973,1710200
2020-02-18,9.991124153137207,10.359999656677246,10.4399995803833,10.239999771118164,10.359999656677246,1262900
2020-02-19,9.913972854614258,10.279999732971191,10.399999618530273,10.25,10.380000114440918,1569500
2020-02-20,10.116497039794922,10.489999771118164,10.489999771118164,10.260000228881836,10.279999732971191,1350000
2020-02-21,10.184004783630371,10.5600004196167,11.789999961853027,10.539999961853027,11.289999961853027,5114400
2020-02-24,9.952548027038574,10.319999694824219,10.510000228881836,10.130000114440918,10.319999694824219,4900600
2020-02-25,9.238898277282715,9.579999923706055,10.350000381469727,9.550000190734863,10.350000381469727,4314700
2020-02-26,8.978510856628418,9.3100004196167,9.619999885559082,9.260000228881836,9.609999656677246,4613100
2020-02-27,8.891715049743652,9.220000267028809,9.609999656677246,8.859999656677246,9.09000015258789,6421500
2020-02-28,8.795275688171387,9.119999885559082,9.399999618530273,8.899999618530273,8.90999984741211,10430000
2020-03-02,8.911003112792969,9.239999771118164,9.25,8.760000228881836,9.170000076293945,3257500
2020-03-03,8.43844985961914,8.75,9.300000190734863,8.670000076293945,9.220000267028809,8588600
2020-03-04,8.602396011352539,8.920000076293945,8.930000305175781,8.640000343322754,8.880000114440918,4846900
2020-03-05,7.9562530517578125,8.25,8.649999618530273,8.069999694824219,8.640000343322754,4974100
2020-03-06,7.859812259674072,8.149999618530273,8.449999809265137,7.880000114440918,7.929999828338623,6709600
2020-03-09,6.808624267578125,7.059999942779541,7.670000076293945,7.010000228881836,7.480000019073486,3718600
2020-03-10,6.712183952331543,6.960000038146973,7.440000057220459,6.78000020980835,7.329999923706055,3741000
2020-03-11,6.104615688323975,6.329999923706055,6.769999980926514,6.239999771118164,6.769999980926514,5626200
2020-03-12,4.947343349456787,5.130000114440918,5.920000076293945,5.0,5.920000076293945,4703000
2020-03-13,5.429539203643799,5.630000114440918,5.639999866485596,4.849999904632568,5.489999771118164,6005700
2020-03-16,3.722561836242676,3.859999895095825,4.889999866485596,3.8399999141693115,4.880000114440918,4790700
2020-03-17,3.259653091430664,3.380000114440918,3.9000000953674316,2.3299999237060547,3.9000000953674316,11774500
2020-03-18,2.0734477043151855,2.1500000953674316,3.140000104904175,1.9600000381469727,3.140000104904175,8555300
2020-03-19,3.317516803741455,3.440000057220459,3.4800000190734863,2.0299999713897705,2.1700000762939453,8773000
2020-03-20,3.7611377239227295,3.9000000953674316,3.9200000762939453,3.119999885559082,3.450000047683716,9852800
2020-03-23,4.330130577087402,4.489999771118164,4.619999885559082,3.799999952316284,3.8399999141693115,8366400
2020-03-24,4.725532054901123,4.900000095367432,6.110000133514404,4.610000133514404,4.869999885559082,10673000
2020-03-25,4.831614971160889,5.010000228881836,5.489999771118164,4.789999961853027,5.0,7255000
2020-03-26,5.043781757354736,5.230000019073486,5.5,5.050000190734863,5.21999979019165,9844700
2020-03-27,4.793039321899414,4.96999979019165,5.309999942779541,4.699999809265137,4.96999979019165,4212700
2020-03-30,4.725532054901123,4.900000095367432,5.059999942779541,4.440000057220459,4.880000114440918,4293700
2020-03-31,4.89912223815918,5.079999923706055,5.170000076293945,4.710000038146973,4.869999885559082,4520000
2020-04-01,4.580872535705566,4.75,5.0,4.46999979019165,4.800000190734863,2053600
2020-04-02,4.416925430297852,4.579999923706055,4.78000020980835,4.429999828338623,4.670000076293945,2146200
2020-04-03,4.291553974151611,4.449999809265137,4.619999885559082,4.119999885559082,4.539999961853027,2622100
2020-04-06,4.571228504180908,4.739999771118164,5.139999866485596,4.679999828338623,4.710000038146973,2668300
2020-04-07,4.648380756378174,4.820000171661377,5.340000152587891,4.679999828338623,4.800000190734863,4063600
2020-04-08,4.7448201179504395,4.920000076293945,5.25,4.75,4.920000076293945,2560500
2020-04-09,5.217373371124268,5.409999847412109,5.800000190734863,4.96999979019165,5.21999979019165,4429100
2020-04-13,4.580872535705566,4.75,5.400000095367432,4.710000038146973,5.349999904632568,3297400
2020-04-14,4.812328338623047,4.989999771118164,5.090000152587891,4.789999961853027,4.920000076293945,1482900
2020-04-15,4.706244468688965,4.880000114440918,5.0,4.519999980926514,4.739999771118164,2170600
2020-04-16,4.407281875610352,4.570000171661377,5.039999961853027,4.46999979019165,4.880000114440918,2335800
2020-04-17,4.696599960327148,4.869999885559082,5.079999923706055,4.789999961853027,4.829999923706055,3134000
2020-04-20,4.580872535705566,4.75,4.829999923706055,4.449999809265137,4.730000019073486,2227100
2020-04-21,4.551941394805908,4.71999979019165,4.789999961853027,4.460000038146973,4.570000171661377,1721700
2020-04-22,4.484434127807617,4.650000095367432,4.929999828338623,4.519999980926514,4.820000171661377,1952000
2020-04-23,4.7544636726379395,4.929999828338623,5.03000020980835,4.710000038146973,4.730000019073486,2484700
2020-04-24,4.879835605621338,5.059999942779541,5.199999809265137,4.900000095367432,4.940000057220459,2933700
2020-04-27,5.188441276550293,5.380000114440918,5.46999979019165,5.03000020980835,5.130000114440918,2740600
2020-04-28,5.525979518890381,5.730000019073486,5.860000133514404,5.329999923706055,5.619999885559082,3476500
2020-04-29,6.046752452850342,6.269999980926514,6.570000171661377,5.920000076293945,5.920000076293945,3353600
2020-04-30,6.008176803588867,6.230000019073486,6.239999771118164,5.659999847412109,6.119999885559082,4385700
2020-05-01,5.516335487365723,5.71999979019165,6.03000020980835,5.559999942779541,5.920000076293945,2289300
2020-05-04,5.400607585906982,5.599999904632568,5.75,5.269999980926514,5.519999980926514,2189600
2020-05-05,5.014849662780762,5.199999809265137,5.880000114440918,5.139999866485596,5.769999980926514,4913800
2020-05-06,4.561585426330566,4.730000019073486,5.340000152587891,4.679999828338623,5.199999809265137,3933700
2020-05-07,4.8219709396362305,5.0,5.159999847412109,4.670000076293945,4.710000038146973,3201100
2020-05-08,5.275237083435059,5.46999979019165,5.519999980926514,4.949999809265137,5.079999923706055,6563300
2020-05-11,4.783396244049072,4.960000038146973,5.360000133514404,4.78000020980835,5.309999942779541,3256900
2020-05-12,4.339774131774902,4.5,5.079999923706055,4.5,4.909999847412109,4756500
2020-05-13,4.137250900268555,4.289999961853027,4.389999866485596,3.880000114440918,4.369999885559082,5922200
2020-05-14,4.204759120941162,4.360000133514404,4.440000057220459,3.9600000381469727,4.039999961853027,4219200
2020-05-15,4.2240471839904785,4.380000114440918,4.460000038146973,4.150000095367432,4.369999885559082,4855600
2020-05-18,5.014849662780762,5.199999809265137,5.269999980926514,4.789999961853027,4.809999942779541,3345400
2020-05-19,5.169153690338135,5.360000133514404,5.659999847412109,4.96999979019165,5.130000114440918,3433100
2020-05-20,5.352388381958008,5.550000190734863,5.590000152587891,5.380000114440918,5.5,3246500
2020-05-21,5.5645551681518555,5.769999980926514,5.840000152587891,5.489999771118164,5.519999980926514,4111800
2020-05-22,5.487403392791748,5.690000057220459,5.849999904632568,5.46999979019165,5.789999961853027,2161800
2020-05-26,5.834585666656494,6.050000190734863,6.369999885559082,5.949999809265137,6.099999904632568,4836200
2020-05-27,6.336070537567139,6.570000171661377,6.679999828338623,6.130000114440918,6.360000133514404,5278500
2020-05-28,5.7574334144592285,5.96999979019165,6.670000076293945,5.920000076293945,6.670000076293945,3785500
2020-05-29,5.776721477508545,5.989999771118164,6.159999847412109,5.690000057220459,5.789999961853027,4230500
2020-06-01,5.796009063720703,6.010000228881836,6.420000076293945,5.900000095367432,6.0,3635100
2020-06-02,5.834585666656494,6.050000190734863,6.349999904632568,6.03000020980835,6.139999866485596,3359900
2020-06-03,6.39393424987793,6.630000114440918,6.739999771118164,6.269999980926514,6.289999961853027,2152600
2020-06-04,6.596457481384277,6.840000152587891,7.03000020980835,6.440000057220459,6.599999904632568,5601600
2020-06-05,7.117229461669922,7.380000114440918,8.199999809265137,7.349999904632568,7.599999904632568,9445100
2020-06-08,7.647646903991699,7.929999828338623,8.399999618530273,7.730000019073486,7.739999771118164,5848700
2020-06-09,6.905063152313232,7.159999847412109,7.809999942779541,7.130000114440918,7.619999885559082,6144400
2020-06-10,6.442153453826904,6.679999828338623,7.25,6.320000171661377,7.199999809265137,5292100
2020-06-11,5.718857765197754,5.929999828338623,6.300000190734863,5.809999942779541,6.039999961853027,4187000
2020-06-12,6.20105504989624,6.429999828338623,6.630000114440918,6.150000095367432,6.420000076293945,4871200
2020-06-15,5.873161792755127,6.090000152587891,6.269999980926514,5.860000133514404,6.0,4897400
2020-06-16,6.307138919830322,6.539999961853027,6.610000133514404,6.230000019073486,6.610000133514404,5608500
2020-06-17,5.8152971267700195,6.03000020980835,6.630000114440918,5.960000038146973,6.539999961853027,5806700
2020-06-18,5.6899261474609375,5.900000095367432,6.150000095367432,5.769999980926514,5.880000114440918,3506900
2020-06-19,5.458471298217773,5.659999847412109,6.03000020980835,5.539999961853027,5.989999771118164,6930800
2020-06-22,5.477759838104248,5.679999828338623,5.869999885559082,5.570000171661377,5.820000171661377,7617600
2020-06-23,5.371676921844482,5.570000171661377,5.829999923706055,5.449999809265137,5.78000020980835,4546800
2020-06-24,5.188441276550293,5.380000114440918,5.510000228881836,5.150000095367432,5.440000057220459,5479800
2020-06-25,4.9955620765686035,5.179999828338623,5.420000076293945,5.079999923706055,5.28000020980835,4244100
2020-06-26,4.8701910972595215,5.050000190734863,5.21999979019165,5.019999980926514,5.119999885559082,4513100
2020-06-29,5.169153690338135,5.360000133514404,5.389999866485596,5.0,5.150000095367432,3081100
2020-06-30,5.333100318908691,5.53000020980835,5.590000152587891,5.260000228881836,5.320000171661377,4464300
2020-07-01,5.2655930519104,5.460000038146973,5.960000038146973,5.429999828338623,5.53000020980835,3328800
2020-07-02,5.159509658813477,5.349999904632568,5.760000228881836,5.320000171661377,5.650000095367432,1573800
2020-07-06,5.255948543548584,5.449999809265137,5.679999828338623,5.28000020980835,5.489999771118164,2204300
2020-07-07,4.976274013519287,5.159999847412109,5.349999904632568,5.099999904632568,5.349999904632568,2023700
2020-07-08,4.9859185218811035,5.170000076293945,5.260000228881836,4.960000038146973,5.110000133514404,1811800
2020-07-09,4.7448201179504395,4.920000076293945,5.170000076293945,4.849999904632568,5.099999904632568,1876600
2020-07-10,5.024494171142578,5.210000038146973,5.230000019073486,4.900000095367432,4.920000076293945,1349600
2020-07-13,5.024494171142578,5.210000038146973,5.440000057220459,5.139999866485596,5.320000171661377,2264500
2020-07-14,4.850903511047363,5.03000020980835,5.269999980926514,5.010000228881836,5.190000057220459,1570600
2020-07-15,5.294524192810059,5.489999771118164,5.559999942779541,5.199999809265137,5.199999809265137,1937700
2020-07-16,5.1112895011901855,5.300000190734863,5.420000076293945,5.21999979019165,5.380000114440918,1430700
2020-07-17,4.88947868347168,5.070000171661377,5.300000190734863,5.019999980926514,5.300000190734863,2501500
2020-07-20,4.725532054901123,4.900000095367432,5.090000152587891,4.880000114440918,5.010000228881836,4342900
2020-07-21,4.9376983642578125,5.119999885559082,5.21999979019165,4.940000057220459,4.940000057220459,3909700
2020-07-22,4.947343349456787,5.130000114440918,5.190000057220459,5.019999980926514,5.03000020980835,2740200
2020-07-23,4.841259956359863,5.019999980926514,5.119999885559082,4.920000076293945,5.099999904632568,2226400
2020-07-24,4.629092693328857,4.800000190734863,5.059999942779541,4.579999923706055,4.579999923706055,4386400
2020-07-27,4.542296886444092,4.710000038146973,4.829999923706055,4.619999885559082,4.769999980926514,2830200
2020-07-28,4.629092693328857,4.800000190734863,4.889999866485596,4.599999904632568,4.639999866485596,2810200
2020-07-29,4.67731237411499,4.849999904632568,4.949999809265137,4.730000019073486,4.840000152587891,2296700
2020-07-30,4.590517044067383,4.760000228881836,4.840000152587891,4.639999866485596,4.71999979019165,2244800
2020-07-31,4.455501556396484,4.619999885559082,4.71999979019165,4.46999979019165,4.710000038146973,1578800
2020-08-03,4.368705749511719,4.53000020980835,4.670000076293945,4.429999828338623,4.670000076293945,1205700
2020-08-04,4.638736724853516,4.809999942779541,4.880000114440918,4.5,4.5,2296500
2020-08-05,4.638736724853516,4.809999942779541,4.949999809265137,4.699999809265137,4.869999885559082,1815100
2020-08-06,4.696599960327148,4.869999885559082,4.949999809265137,4.71999979019165,4.840000152587891,2082200
2020-08-07,5.14986515045166,5.340000152587891,5.360000133514404,4.739999771118164,4.769999980926514,2549100
2020-08-10,5.362031936645508,5.559999942779541,5.769999980926514,5.360000133514404,5.360000133514404,5804300
2020-08-11,5.458471298217773,5.659999847412109,5.849999904632568,5.610000133514404,5.71999979019165,3113100
2020-08-12,5.487403392791748,5.690000057220459,5.840000152587891,5.570000171661377,5.75,2731100
2020-08-13,5.188441276550293,5.380000114440918,5.690000057220459,5.340000152587891,5.619999885559082,1730500
2020-08-14,5.255948543548584,5.449999809265137,5.53000020980835,5.289999961853027,5.329999923706055,1287200
2020-08-17,5.0920023918151855,5.28000020980835,5.449999809265137,5.210000038146973,5.420000076293945,1721900
2020-08-18,4.88947868347168,5.070000171661377,5.28000020980835,5.03000020980835,5.260000228881836,1688500
2020-08-19,4.947343349456787,5.130000114440918,5.210000038146973,4.989999771118164,5.079999923706055,1896400
2020-08-20,4.9955620765686035,5.179999828338623,5.199999809265137,5.0,5.090000152587891,1447500
2020-08-21,4.783396244049072,4.960000038146973,5.21999979019165,4.909999847412109,5.139999866485596,1973200
2020-08-24,5.072713851928711,5.260000228881836,5.289999961853027,4.849999904632568,4.980000019073486,1776400
2020-08-25,5.178796768188477,5.369999885559082,5.420000076293945,5.21999979019165,5.28000020980835,1207800
2020-08-26,5.120934009552002,5.309999942779541,5.53000020980835,5.260000228881836,5.349999904632568,5189400
2020-08-27,5.275237083435059,5.46999979019165,5.53000020980835,5.309999942779541,5.329999923706055,2080900
2020-08-28,5.429539203643799,5.630000114440918,5.630000114440918,5.409999847412109,5.539999961853027,942000
2020-08-31,5.1112895011901855,5.300000190734863,5.590000152587891,5.300000190734863,5.570000171661377,1834500
2020-09-01,5.0920023918151855,5.28000020980835,5.409999847412109,5.139999866485596,5.300000190734863,1018800
2020-09-02,5.188441276550293,5.380000114440918,5.409999847412109,5.210000038146973,5.260000228881836,1542500
2020-09-03,5.255948543548584,5.449999809265137,5.630000114440918,5.369999885559082,5.420000076293945,1876700
2020-09-04,5.583842754364014,5.789999961853027,5.869999885559082,5.510000228881836,5.559999942779541,2794400
2020-09-08,5.313812732696533,5.510000228881836,5.75,5.480000019073486,5.690000057220459,2220800
2020-09-09,5.207729339599609,5.400000095367432,5.590000152587891,5.369999885559082,5.559999942779541,1219400
2020-09-10,5.101645469665527,5.289999961853027,5.539999961853027,5.28000020980835,5.400000095367432,1048300
2020-09-11,5.1112895011901855,5.300000190734863,5.369999885559082,5.179999828338623,5.300000190734863,2302200
2020-09-14,5.554911136627197,5.760000228881836,5.880000114440918,5.369999885559082,5.389999866485596,2155700
2020-09-15,5.632062911987305,5.840000152587891,6.070000171661377,5.75,5.800000190734863,1893200
2020-09-16,5.62241792678833,5.829999923706055,5.929999828338623,5.630000114440918,5.840000152587891,1663300
2020-09-17,5.419896125793457,5.619999885559082,5.800000190734863,5.599999904632568,5.710000038146973,1668600
2020-09-18,5.14022159576416,5.329999923706055,5.639999866485596,5.320000171661377,5.639999866485596,5742400
2020-09-21,4.686956405639648,4.860000133514404,5.139999866485596,4.800000190734863,5.139999866485596,4514600
2020-09-22,4.609805107116699,4.78000020980835,4.96999979019165,4.71999979019165,4.869999885559082,3488000
2020-09-23,4.43621301651001,4.599999904632568,5.059999942779541,4.590000152587891,4.800000190734863,2179400
2020-09-24,4.523009777069092,4.690000057220459,4.739999771118164,4.519999980926514,4.610000133514404,2494900
2020-09-25,4.783396244049072,4.960000038146973,4.980000019073486,4.659999847412109,4.670000076293945,1490200
2020-09-28,5.0534257888793945,5.239999771118164,5.309999942779541,5.070000171661377,5.070000171661377,1758500
2020-09-29,4.8701910972595215,5.050000190734863,5.260000228881836,4.960000038146973,5.260000228881836,1591800
2020-09-30,4.88947868347168,5.070000171661377,5.329999923706055,5.0,5.090000152587891,2155600
2020-10-01,5.072713851928711,5.260000228881836,5.289999961853027,5.059999942779541,5.059999942779541,2431900
2020-10-02,5.0920023918151855,5.28000020980835,5.300000190734863,5.039999961853027,5.090000152587891,2081600
2020-10-05,5.072713851928711,5.260000228881836,5.420000076293945,5.150000095367432,5.340000152587891,1413700
2020-10-06,5.1112895011901855,5.300000190734863,5.5,5.269999980926514,5.349999904632568,1995600
2020-10-07,5.13057804107666,5.320000171661377,5.380000114440918,5.25,5.369999885559082,1480400
2020-10-08,5.313812732696533,5.510000228881836,5.519999980926514,5.309999942779541,5.369999885559082,1119600
2020-10-09,5.188441276550293,5.380000114440918,5.579999923706055,5.349999904632568,5.579999923706055,977000
2020-10-12,5.14022159576416,5.329999923706055,5.369999885559082,5.239999771118164,5.369999885559082,1271500
2020-10-13,4.8701910972595215,5.050000190734863,5.260000228881836,4.960000038146973,5.260000228881836,2213100
2020-10-14,4.783396244049072,4.960000038146973,5.079999923706055,4.929999828338623,5.039999961853027,1529900
2020-10-15,4.860546588897705,5.039999961853027,5.079999923706055,4.769999980926514,4.880000114440918,1249200
2020-10-16,4.7448201179504395,4.920000076293945,5.039999961853027,4.869999885559082,5.039999961853027,2623600
2020-10-19,4.600160598754883,4.769999980926514,4.929999828338623,4.75,4.889999866485596,2606800
2020-10-20,4.783396244049072,4.960000038146973,4.989999771118164,4.800000190734863,4.840000152587891,894700
2020-10-21,4.841259956359863,5.019999980926514,5.039999961853027,4.829999923706055,4.960000038146973,1217700
2020-10-22,5.072713851928711,5.260000228881836,5.289999961853027,5.039999961853027,5.039999961853027,1397500
2020-10-23,5.120934009552002,5.309999942779541,5.420000076293945,5.239999771118164,5.300000190734863,898000
2020-10-26,4.850903511047363,5.03000020980835,5.239999771118164,4.929999828338623,5.199999809265137,1157300
2020-10-27,4.773752689361572,4.949999809265137,5.170000076293945,4.949999809265137,5.170000076293945,1397700
2020-10-28,4.609805107116699,4.78000020980835,4.949999809265137,4.690000057220459,4.940000057220459,2376600
2020-10-29,4.802682876586914,4.980000019073486,5.0,4.679999828338623,4.739999771118164,1292700
2020-10-30,4.764107704162598,4.940000057220459,5.050000190734863,4.800000190734863,4.940000057220459,1426600
2020-11-02,4.850903511047363,5.03000020980835,5.099999904632568,4.900000095367432,5.0,1265800
2020-11-03,5.082357406616211,5.269999980926514,5.309999942779541,5.050000190734863,5.130000114440918,1387400
2020-11-04,4.783396244049072,4.960000038146973,5.179999828338623,4.920000076293945,5.170000076293945,1000900
2020-11-05,4.976274013519287,5.159999847412109,5.190000057220459,4.929999828338623,4.949999809265137,1152100
2020-11-06,4.706244468688965,4.880000114440918,5.170000076293945,4.849999904632568,5.119999885559082,1233300
2020-11-09,6.644676685333252,6.889999866485596,7.099999904632568,5.489999771118164,5.489999771118164,6068200
2020-11-10,6.480729103088379,6.71999979019165,7.010000228881836,6.679999828338623,6.909999847412109,4213600
2020-11-11,6.075684070587158,6.300000190734863,6.690000057220459,6.170000076293945,6.690000057220459,1992100
2020-11-12,5.796009063720703,6.010000228881836,6.159999847412109,5.889999866485596,6.130000114440918,2019600
2020-11-13,6.413221836090088,6.650000095367432,6.690000057220459,6.099999904632568,6.099999904632568,8721800
2020-11-16,6.65432071685791,6.900000095367432,7.28000020980835,6.679999828338623,7.010000228881836,5249800
2020-11-17,6.953282833099365,7.210000038146973,7.210000038146973,6.690000057220459,6.730000019073486,3751200
2020-11-18,6.953282833099365,7.210000038146973,7.389999866485596,7.050000190734863,7.21999979019165,2815800
2020-11-19,7.0882978439331055,7.349999904632568,7.53000020980835,6.889999866485596,7.28000020980835,2161500
2020-11-20,6.933994770050049,7.190000057220459,7.329999923706055,7.119999885559082,7.28000020980835,1301700
2020-11-23,7.25224494934082,7.519999980926514,7.639999866485596,7.25,7.320000171661377,2671700
2020-11-24,7.7826619148254395,8.069999694824219,8.130000114440918,7.739999771118164,7.820000171661377,4745800
2020-11-25,7.686222076416016,7.96999979019165,8.079999923706055,7.739999771118164,7.960000038146973,3377200
2020-11-27,7.657290458679199,7.940000057220459,8.010000228881836,7.760000228881836,7.929999828338623,1577900
2020-11-30,7.25224494934082,7.519999980926514,8.0,7.519999980926514,7.920000076293945,3999500
2020-12-01,7.541563987731934,7.820000171661377,7.980000019073486,7.699999809265137,7.769999980926514,3055700
2020-12-02,7.71515417098999,8.0,8.100000381469727,7.599999904632568,7.769999980926514,3543000
2020-12-03,8.120200157165527,8.420000076293945,8.489999771118164,8.039999961853027,8.09000015258789,9566900
2020-12-04,8.409518241882324,8.720000267028809,8.930000305175781,8.399999618530273,8.510000228881836,9208700
2020-12-07,8.178064346313477,8.479999542236328,8.619999885559082,8.239999771118164,8.600000381469727,7107100
2020-12-08,8.129842758178711,8.430000305175781,8.699999809265137,8.350000381469727,8.369999885559082,5045400
2020-12-09,8.313079833984375,8.619999885559082,8.710000038146973,8.40999984741211,8.5,4338100
2020-12-10,8.071978569030762,8.369999885559082,8.8100004196167,8.319999694824219,8.760000228881836,2214000
2020-12-11,7.936963081359863,8.229999542236328,8.449999809265137,8.210000038146973,8.279999732971191,2737200
2020-12-14,7.821238040924072,8.109999656677246,8.430000305175781,8.100000381469727,8.369999885559082,2572000
2020-12-15,8.100913047790527,8.399999618530273,8.430000305175781,8.130000114440918,8.350000381469727,2848800
2020-12-16,8.071978569030762,8.369999885559082,8.520000457763672,8.260000228881836,8.390000343322754,3577100
2020-12-17,7.9851837158203125,8.279999732971191,8.449999809265137,8.109999656677246,8.390000343322754,2753200
2020-12-18,7.850170612335205,8.140000343322754,8.329999923706055,8.130000114440918,8.25,5037500
2020-12-21,7.821238040924072,8.109999656677246,8.220000267028809,7.760000228881836,7.880000114440918,1932900
2020-12-22,7.821238040924072,8.109999656677246,8.229999542236328,7.949999809265137,8.15999984741211,1970100
2020-12-23,8.052691459655762,8.350000381469727,8.390000343322754,8.100000381469727,8.170000076293945,1098000
2020-12-24,8.110554695129395,8.40999984741211,8.5,8.239999771118164,8.40999984741211,645400
2020-12-28,8.20699405670166,8.510000228881836,8.6899995803833,8.420000076293945,8.489999771118164,1753000
2020-12-29,8.052691459655762,8.350000381469727,8.600000381469727,8.34000015258789,8.5,1282000
2020-12-30,7.9851837158203125,8.279999732971191,8.550000190734863,8.270000457763672,8.390000343322754,1309700
2020-12-31,7.9562530517578125,8.25,8.359999656677246,8.1899995803833,8.260000228881836,2552800
2021-01-04,7.734442710876465,8.020000457763672,8.489999771118164,7.880000114440918,8.279999732971191,2479300
2021-01-05,7.975541591644287,8.270000457763672,8.420000076293945,7.929999828338623,8.010000228881836,2214800
2021-01-06,8.322723388671875,8.630000114440918,8.829999923706055,8.300000190734863,8.449999809265137,2798500
2021-01-07,8.19735050201416,8.5,8.8100004196167,8.34000015258789,8.720000267028809,1753700
2021-01-08,8.264860153198242,8.569999694824219,8.609999656677246,8.390000343322754,8.510000228881836,2564200
2021-01-11,7.965898513793945,8.260000228881836,8.449999809265137,8.119999885559082,8.399999618530273,1523900
2021-01-12,8.264860153198242,8.569999694824219,8.8100004196167,8.3100004196167,8.449999809265137,3630700
2021-01-13,8.48667049407959,8.800000190734863,8.819999694824219,8.510000228881836,8.520000457763672,2586800
2021-01-14,8.554177284240723,8.869999885559082,9.079999923706055,8.829999923706055,8.930000305175781,1496800
2021-01-15,8.43844985961914,8.75,8.880000114440918,8.449999809265137,8.680000305175781,2002600
2021-01-19,8.52524471282959,8.84000015258789,8.890000343322754,8.59000015258789,8.890000343322754,1823200
2021-01-20,8.718123435974121,9.039999961853027,9.279999732971191,8.720000267028809,8.829999923706055,2271700
2021-01-21,8.515602111816406,8.829999923706055,9.100000381469727,8.829999923706055,8.9399995803833,2783500
2021-01-22,8.563820838928223,8.880000114440918,8.890000343322754,8.579999923706055,8.720000267028809,1900800
2021-01-25,8.399874687194824,8.710000038146973,8.859999656677246,8.510000228881836,8.729999542236328,1456200
2021-01-26,8.284147262573242,8.59000015258789,8.90999984741211,8.539999961853027,8.819999694824219,2312800
2021-01-27,8.033404350280762,8.329999923706055,8.640000343322754,8.180000305175781,8.350000381469727,1895100
2021-01-28,8.49631404876709,8.8100004196167,8.979999542236328,8.34000015258789,8.430000305175781,1986700
2021-01-29,7.908031940460205,8.199999809265137,8.739999771118164,8.15999984741211,8.739999771118164,2170200
2021-02-01,7.9851837158203125,8.279999732971191,8.279999732971191,8.020000457763672,8.25,1459700
2021-02-02,8.284147262573242,8.59000015258789,8.619999885559082,8.260000228881836,8.380000114440918,1968400
2021-02-03,8.380586624145508,8.6899995803833,8.699999809265137,8.489999771118164,8.550000190734863,1485400
2021-02-04,8.592753410339355,8.90999984741211,9.029999732971191,8.649999618530273,8.720000267028809,2177700
2021-02-05,8.505956649780273,8.819999694824219,9.079999923706055,8.75,9.010000228881836,1170200
2021-02-08,8.583107948303223,8.899999618530273,8.9399995803833,8.760000228881836,8.869999885559082,2422900
2021-02-09,8.264860153198242,8.569999694824219,8.9399995803833,8.489999771118164,8.869999885559082,1784600
2021-02-10,8.563820838928223,8.880000114440918,9.029999732971191,8.619999885559082,8.619999885559082,1725600
2021-02-11,8.602396011352539,8.920000076293945,9.119999885559082,8.850000381469727,8.899999618530273,1276000
2021-02-12,8.669903755187988,8.989999771118164,9.039999961853027,8.819999694824219,8.880000114440918,996600
2021-02-16,9.132814407348633,9.470000267028809,9.479999542236328,9.0,9.010000228881836,1808400
2021-02-17,9.229252815246582,9.569999694824219,9.619999885559082,9.239999771118164,9.399999618530273,1520700
2021-02-18,9.33533763885498,9.680000305175781,9.720000267028809,9.479999542236328,9.510000228881836,1546200
2021-02-19,9.595723152160645,9.949999809265137,9.989999771118164,9.640000343322754,9.739999771118164,1612200
2021-02-22,9.393199920654297,9.739999771118164,10.390000343322754,9.729999542236328,9.9399995803833,3649900
2021-02-23,9.460708618164062,9.8100004196167,9.949999809265137,9.510000228881836,9.729999542236328,2376000
2021-02-24,9.856108665466309,10.220000267028809,10.359999656677246,9.859999656677246,9.90999984741211,2440300
2021-02-25,9.02673053741455,9.359999656677246,10.399999618530273,9.34000015258789,10.3100004196167,2437900
2021-02-26,9.759671211242676,10.119999885559082,10.390000343322754,9.3100004196167,9.359999656677246,5078600
2021-03-01,9.38355541229248,9.729999542236328,10.5,9.649999618530273,10.5,2875600
2021-03-02,9.065306663513184,9.399999618530273,9.800000190734863,9.289999961853027,9.720000267028809,1425200
2021-03-03,9.460708618164062,9.8100004196167,9.90999984741211,9.510000228881836,9.510000228881836,2183200
2021-03-04,9.402844429016113,9.75,9.960000038146973,9.40999984741211,9.789999961853027,3535800
2021-03-05,9.624656677246094,9.979999542236328,10.0,9.319999694824219,9.899999618530273,2862800
2021-03-08,9.807889938354492,10.170000076293945,10.329999923706055,9.989999771118164,10.140000343322754,3401000
2021-03-09,9.817534446716309,10.180000305175781,10.260000228881836,9.829999923706055,10.25,2667500
2021-03-10,10.126140594482422,10.5,10.510000228881836,10.029999732971191,10.210000038146973,2897800
2021-03-11,10.270797729492188,10.649999618530273,10.65999984741211,10.039999961853027,10.479999542236328,2762900
2021-03-12,10.415458679199219,10.800000190734863,10.920000076293945,10.569999694824219,10.720000267028809,2702400
2021-03-15,10.90730094909668,11.3100004196167,11.350000381469727,10.739999771118164,10.779999732971191,2923600
2021-03-16,10.743353843688965,11.140000343322754,11.350000381469727,11.100000381469727,11.319999694824219,2556900
2021-03-17,11.013382911682129,11.420000076293945,11.420000076293945,10.979999542236328,11.09000015258789,2816200
2021-03-18,10.849434852600098,11.25,11.489999771118164,11.180000305175781,11.359999656677246,3239200
2021-03-19,10.473321914672852,10.859999656677246,11.149999618530273,10.619999885559082,11.119999885559082,5668600
2021-03-22,10.203290939331055,10.579999923706055,10.8100004196167,10.319999694824219,10.75,2623900
2021-03-23,9.653586387634277,10.010000228881836,10.5600004196167,9.899999618530273,10.479999542236328,2276700
2021-03-24,9.807889938354492,10.170000076293945,10.670000076293945,10.15999984741211,10.15999984741211,2151400
2021-03-25,10.164714813232422,10.539999961853027,10.619999885559082,9.979999542236328,10.039999961853027,2439700
2021-03-26,10.26115608215332,10.640000343322754,10.75,10.489999771118164,10.6899995803833,1672000
2021-03-29,9.962193489074707,10.329999923706055,10.8100004196167,10.329999923706055,10.539999961853027,1379500
2021-03-30,10.184004783630371,10.5600004196167,10.6899995803833,10.380000114440918,10.380000114440918,873400
2021-03-31,9.933260917663574,10.300000190734863,10.640000343322754,10.300000190734863,10.520000457763672,2523700
2021-04-01,10.126140594482422,10.5,10.59000015258789,10.300000190734863,10.359999656677246,1207600
2021-04-05,10.077919960021973,10.449999809265137,10.720000267028809,10.260000228881836,10.65999984741211,1885500
2021-04-06,10.097208023071289,10.470000267028809,10.579999923706055,10.300000190734863,10.460000038146973,1729000
2021-04-07,10.116497039794922,10.489999771118164,10.579999923706055,10.329999923706055,10.470000267028809,1525500
2021-04-08,9.923616409301758,10.289999961853027,10.550000190734863,10.149999618530273,10.460000038146973,2444800
2021-04-09,9.750025749206543,10.109999656677246,10.420000076293945,10.050000190734863,10.359999656677246,1206300
2021-04-12,9.701807022094727,10.0600004196167,10.210000038146973,9.789999961853027,10.09000015258789,1827700
2021-04-13,9.682519912719727,10.039999961853027,10.09000015258789,9.760000228881836,10.029999732971191,1803100
2021-04-14,9.740382194519043,10.100000381469727,10.489999771118164,10.069999694824219,10.109999656677246,1477000
2021-04-15,9.605365753173828,9.960000038146973,10.210000038146973,9.850000381469727,10.170000076293945,1767200
2021-04-16,9.624656677246094,9.979999542236328,10.15999984741211,9.970000267028809,10.109999656677246,1302500
2021-04-19,9.451064109802246,9.800000190734863,10.039999961853027,9.779999732971191,9.920000076293945,2017800
2021-04-20,9.238898277282715,9.579999923706055,9.84000015258789,9.399999618530273,9.699999809265137,2450100
2021-04-21,9.402844429016113,9.75,9.859999656677246,9.390000343322754,9.520000457763672,2591900
2021-04-22,9.296761512756348,9.640000343322754,9.9399995803833,9.630000114440918,9.770000457763672,1945900
2021-04-23,9.740382194519043,10.100000381469727,10.130000114440918,9.539999961853027,9.640000343322754,2103700
2021-04-26,9.807889938354492,10.170000076293945,10.380000114440918,10.119999885559082,10.25,2196600
2021-04-27,9.971837043762207,10.34000015258789,10.380000114440918,10.050000190734863,10.130000114440918,1397500
2021-04-28,10.126140594482422,10.5,10.649999618530273,10.289999961853027,10.430000305175781,3165500
2021-04-29,10.241868019104004,10.619999885559082,10.710000038146973,10.399999618530273,10.630000114440918,1694300
2021-04-30,10.048988342285156,10.420000076293945,10.520000457763672,10.260000228881836,10.470000267028809,1734000
2021-05-03,10.26115608215332,10.640000343322754,10.789999961853027,10.430000305175781,10.529999732971191,2107100
2021-05-04,9.730738639831543,10.09000015258789,10.579999923706055,10.0600004196167,10.5600004196167,2060000
2021-05-05,9.672874450683594,10.029999732971191,10.199999809265137,9.970000267028809,10.15999984741211,1503800
2021-05-06,9.38355541229248,9.729999542236328,10.34000015258789,9.600000381469727,10.0600004196167,2093900
2021-05-07,9.750025749206543,10.109999656677246,10.130000114440918,9.520000457763672,9.789999961853027,1275800
2021-05-10,9.41248893737793,9.760000228881836,10.1899995803833,9.739999771118164,10.170000076293945,1246600
2021-05-11,9.316048622131348,9.65999984741211,9.670000076293945,9.279999732971191,9.529999732971191,2496400
2021-05-12,8.988155364990234,9.319999694824219,9.6899995803833,9.289999961853027,9.569999694824219,1357100
2021-05-13,9.258185386657715,9.600000381469727,9.84000015258789,9.430000305175781,9.489999771118164,3210100
2021-05-14,9.701807022094727,10.0600004196167,10.119999885559082,9.579999923706055,9.710000038146973,2028000
2021-05-17,9.624656677246094,9.979999542236328,10.010000228881836,9.75,9.970000267028809,1370500
2021-05-18,9.431775093078613,9.779999732971191,10.109999656677246,9.770000457763672,9.989999771118164,1273800
2021-05-19,9.209964752197266,9.550000190734863,9.59000015258789,9.329999923706055,9.59000015258789,1235000
2021-05-20,9.17138957977295,9.510000228881836,9.579999923706055,9.25,9.579999923706055,1273000
2021-05-21,9.074950218200684,9.40999984741211,9.600000381469727,9.399999618530273,9.569999694824219,1006300
2021-05-24,9.200321197509766,9.539999961853027,9.609999656677246,9.289999961853027,9.4399995803833,929500
2021-05-25,9.074950218200684,9.40999984741211,9.84000015258789,9.380000114440918,9.630000114440918,2158400
2021-05-26,9.325692176818848,9.670000076293945,9.739999771118164,9.3100004196167,9.460000038146973,2204700
2021-05-27,9.344980239868164,9.6899995803833,9.770000457763672,9.529999732971191,9.770000457763672,2665200
2021-05-28,9.33533763885498,9.680000305175781,9.880000114440918,9.569999694824219,9.800000190734863,1112100
2021-06-01,9.769315719604492,10.130000114440918,10.15999984741211,9.670000076293945,9.770000457763672,2724300
2021-06-02,9.962193489074707,10.329999923706055,10.380000114440918,10.109999656677246,10.220000267028809,1946000
2021-06-03,9.71144962310791,10.069999694824219,10.229999542236328,10.039999961853027,10.229999542236328,1561600
2021-06-04,9.807889938354492,10.170000076293945,10.1899995803833,10.010000228881836,10.079999923706055,964400
2021-06-07,10.087563514709473,10.460000038146973,10.569999694824219,10.119999885559082,10.229999542236328,1615200
2021-06-08,10.29973030090332,10.680000305175781,10.800000190734863,10.359999656677246,10.449999809265137,1073300
2021-06-09,10.087563514709473,10.460000038146973,10.829999923706055,10.449999809265137,10.739999771118164,1924700
2021-06-10,9.962193489074707,10.329999923706055,10.550000190734863,10.229999542236328,10.510000228881836,1343100
2021-06-11,10.020057678222656,10.390000343322754,10.449999809265137,10.210000038146973,10.3100004196167,737700
2021-06-14,9.991124153137207,10.359999656677246,10.59000015258789,10.270000457763672,10.460000038146973,898000
2021-06-15,10.029699325561523,10.399999618530273,10.489999771118164,10.260000228881836,10.3100004196167,844300
2021-06-16,10.155072212219238,10.529999732971191,10.59000015258789,10.319999694824219,10.399999618530273,888700
2021-06-17,9.913972854614258,10.279999732971191,10.630000114440918,10.149999618530273,10.579999923706055,1364700
2021-06-18,9.586078643798828,9.9399995803833,10.229999542236328,9.899999618530273,10.079999923706055,2108100
2021-06-21,9.836822509765625,10.199999809265137,10.220000267028809,9.949999809265137,10.0600004196167,882800
2021-06-22,9.817534446716309,10.180000305175781,10.229999542236328,10.029999732971191,10.199999809265137,895200
2021-06-23,9.740382194519043,10.100000381469727,10.350000381469727,10.079999923706055,10.229999542236328,1320700
2021-06-24,9.817534446716309,10.180000305175781,10.220000267028809,9.970000267028809,10.140000343322754,774600
2021-06-25,9.663229942321777,10.020000457763672,10.239999771118164,10.010000228881836,10.229999542236328,2012500
2021-06-28,9.36426830291748,9.710000038146973,10.100000381469727,9.489999771118164,9.9399995803833,1958900
2021-06-29,9.267828941345215,9.609999656677246,9.829999923706055,9.609999656677246,9.710000038146973,1032900
2021-06-30,9.35462474822998,9.699999809265137,9.9399995803833,9.5600004196167,9.5600004196167,1503400
2021-07-01,9.489640235900879,9.84000015258789,9.920000076293945,9.720000267028809,9.739999771118164,1167200
2021-07-02,9.35462474822998,9.699999809265137,9.819999694824219,9.65999984741211,9.8100004196167,841800
2021-07-06,9.132814407348633,9.470000267028809,9.680000305175781,9.3100004196167,9.670000076293945,1316200
2021-07-07,8.843496322631836,9.170000076293945,9.520000457763672,9.0600004196167,9.380000114440918,2613000
2021-07-08,8.727767944335938,9.050000190734863,9.25,8.739999771118164,8.930000305175781,2306500
2021-07-09,9.065306663513184,9.399999618530273,9.420000076293945,9.170000076293945,9.25,1867900
2021-07-12,9.200321197509766,9.539999961853027,9.539999961853027,9.260000228881836,9.359999656677246,1729600
2021-07-13,8.891715049743652,9.220000267028809,9.460000038146973,9.140000343322754,9.380000114440918,1477600
2021-07-14,9.065306663513184,9.399999618530273,9.600000381469727,9.270000457763672,9.34000015258789,1768700
2021-07-15,9.01708698272705,9.350000381469727,9.4399995803833,9.220000267028809,9.289999961853027,678300
2021-07-16,8.747056007385254,9.069999694824219,9.489999771118164,9.050000190734863,9.489999771118164,1099700
2021-07-19,8.187707901000977,8.489999771118164,8.949999809265137,8.390000343322754,8.760000228881836,2956400
2021-07-20,8.563820838928223,8.880000114440918,9.039999961853027,8.329999923706055,8.479999542236328,3106500
2021-07-21,8.86278247833252,9.1899995803833,9.5,8.989999771118164,9.010000228881836,3473900
2021-07-22,8.75670051574707,9.079999923706055,9.220000267028809,8.970000267028809,9.109999656677246,3025600
2021-07-23,8.448094367980957,8.760000228881836,9.210000038146973,8.699999809265137,9.130000114440918,3545200
2021-07-26,8.650616645812988,8.970000267028809,9.020000457763672,8.710000038146973,8.779999732971191,2318900
2021-07-27,8.419161796569824,8.729999542236328,8.979999542236328,8.710000038146973,8.850000381469727,2863700
2021-07-28,8.380586624145508,8.6899995803833,8.880000114440918,8.479999542236328,8.729999542236328,2493100
2021-07-29,8.448094367980957,8.760000228881836,8.960000038146973,8.739999771118164,8.859999656677246,1732700
2021-07-30,8.303434371948242,8.609999656677246,8.890000343322754,8.550000190734863,8.710000038146973,2265000
2021-08-02,8.149130821228027,8.449999809265137,8.989999771118164,8.399999618530273,8.630000114440918,2294000
2021-08-03,8.120200157165527,8.420000076293945,8.520000457763672,8.09000015258789,8.479999542236328,1752700
2021-08-04,7.850170612335205,8.140000343322754,8.460000038146973,8.079999923706055,8.3100004196167,1584500
2021-08-05,8.303434371948242,8.609999656677246,8.6899995803833,8.25,8.25,3841600
2021-08-06,8.795275688171387,9.119999885559082,9.15999984741211,8.510000228881836,8.510000228881836,3417200
2021-08-09,8.390229225158691,8.699999809265137,9.0,8.539999961853027,8.84000015258789,1376200
2021-08-10,8.467381477355957,8.779999732971191,8.869999885559082,8.489999771118164,8.6899995803833,948400
2021-08-11,8.592753410339355,8.90999984741211,8.90999984741211,8.640000343322754,8.789999961853027,1129500
2021-08-12,8.457738876342773,8.770000457763672,8.979999542236328,8.6899995803833,8.949999809265137,1192400
2021-08-13,8.390229225158691,8.699999809265137,8.8100004196167,8.640000343322754,8.800000190734863,626000
2021-08-16,8.27450180053711,8.579999923706055,8.640000343322754,8.369999885559082,8.59000015258789,1336800
2021-08-17,8.110554695129395,8.40999984741211,8.619999885559082,8.25,8.569999694824219,927300
2021-08-18,8.100913047790527,8.399999618530273,8.550000190734863,8.279999732971191,8.40999984741211,1213400
2021-08-19,7.975541591644287,8.270000457763672,8.300000190734863,8.0600004196167,8.25,1627100
2021-08-20,8.071978569030762,8.369999885559082,8.449999809265137,8.039999961853027,8.199999809265137,1608900
2021-08-23,8.187707901000977,8.489999771118164,8.609999656677246,8.369999885559082,8.5,841800
2021-08-24,8.43844985961914,8.75,8.770000457763672,8.520000457763672,8.5600004196167,838800
2021-08-25,8.515602111816406,8.829999923706055,8.9399995803833,8.600000381469727,8.729999542236328,1288600
2021-08-26,8.361298561096191,8.670000076293945,8.899999618530273,8.569999694824219,8.770000457763672,1082300
2021-08-27,8.737411499023438,9.0600004196167,9.119999885559082,8.609999656677246,8.699999809265137,1178500
2021-08-30,8.602396011352539,8.920000076293945,9.180000305175781,8.829999923706055,9.130000114440918,881900
2021-08-31,8.718123435974121,9.039999961853027,9.100000381469727,8.859999656677246,8.869999885559082,1684300
2021-09-01,8.679548263549805,9.0,9.239999771118164,8.960000038146973,9.109999656677246,1169200
2021-09-02,8.727767944335938,9.050000190734863,9.109999656677246,8.899999618530273,9.0600004196167,1276400
2021-09-03,8.563820838928223,8.880000114440918,9.220000267028809,8.720000267028809,9.050000190734863,1062200
2021-09-07,8.544532775878906,8.859999656677246,8.930000305175781,8.699999809265137,8.829999923706055,985600
2021-09-08,8.390229225158691,8.699999809265137,8.930000305175781,8.630000114440918,8.819999694824219,928200
2021-09-09,8.264860153198242,8.569999694824219,8.800000190734863,8.550000190734863,8.640000343322754,1679500
2021-09-10,8.303434371948242,8.609999656677246,8.729999542236328,8.529999732971191,8.680000305175781,1585200
2021-09-13,8.766345024108887,9.09000015258789,9.170000076293945,8.619999885559082,8.75,2205400
2021-09-14,8.621685981750488,8.9399995803833,9.1899995803833,8.859999656677246,9.170000076293945,1997200
2021-09-15,8.534890174865723,8.850000381469727,8.970000267028809,8.760000228881836,8.949999809265137,1938500
2021-09-16,8.49631404876709,8.8100004196167,8.9399995803833,8.75,8.880000114440918,1706300
2021-09-17,8.650616645812988,8.970000267028809,9.029999732971191,8.819999694824219,8.850000381469727,4517400
2021-09-20,8.544532775878906,8.859999656677246,8.949999809265137,8.569999694824219,8.720000267028809,1585000
2021-09-21,8.727767944335938,9.050000190734863,9.140000343322754,8.899999618530273,8.960000038146973,1081100
2021-09-22,8.901359558105469,9.229999542236328,9.319999694824219,9.130000114440918,9.15999984741211,1155800
2021-09-23,9.065306663513184,9.399999618530273,9.449999809265137,9.25,9.34000015258789,820300
2021-09-24,9.084593772888184,9.420000076293945,9.510000228881836,9.270000457763672,9.329999923706055,1536800
2021-09-27,9.277473449707031,9.619999885559082,9.920000076293945,9.529999732971191,9.529999732971191,1229600
2021-09-28,9.238898277282715,9.579999923706055,9.779999732971191,9.489999771118164,9.609999656677246,1798900
2021-09-29,9.248540878295898,9.59000015258789,9.710000038146973,9.5,9.670000076293945,2864800
2021-09-30,9.113526344299316,9.449999809265137,9.6899995803833,9.4399995803833,9.59000015258789,2056700
2021-10-01,9.518570899963379,9.869999885559082,9.90999984741211,9.460000038146973,9.59000015258789,2878000
2021-10-04,9.267828941345215,9.609999656677246,9.979999542236328,9.569999694824219,9.920000076293945,1877400
2021-10-05,9.200321197509766,9.539999961853027,9.720000267028809,9.489999771118164,9.600000381469727,1537100
2021-10-06,8.978510856628418,9.3100004196167,9.40999984741211,9.119999885559082,9.359999656677246,2091500
2021-10-07,8.930292129516602,9.260000228881836,9.5,9.25,9.420000076293945,1455300
2021-10-08,8.804919242858887,9.130000114440918,9.34000015258789,9.130000114440918,9.229999542236328,1270900
2021-10-11,8.82420825958252,9.149999618530273,9.300000190734863,9.039999961853027,9.119999885559082,1681400
2021-10-12,8.718123435974121,9.039999961853027,9.210000038146973,8.960000038146973,9.119999885559082,2337200
2021-10-13,8.554177284240723,8.869999885559082,8.970000267028809,8.630000114440918,8.949999809265137,3821100
2021-10-14,8.75670051574707,9.079999923706055,9.079999923706055,8.819999694824219,8.979999542236328,2459200
2021-10-15,8.959222793579102,9.289999961853027,9.380000114440918,9.149999618530273,9.25,1967700
2021-10-18,9.219610214233398,9.5600004196167,9.569999694824219,9.260000228881836,9.350000381469727,2277600
2021-10-19,9.19067668914795,9.529999732971191,9.770000457763672,9.449999809265137,9.760000228881836,1975100
2021-10-20,8.939934730529785,9.270000457763672,9.470000267028809,9.25,9.449999809265137,1869500
2021-10-21,9.02673053741455,9.359999656677246,9.380000114440918,9.15999984741211,9.210000038146973,1615600
2021-10-22,8.988155364990234,9.319999694824219,9.489999771118164,9.25,9.3100004196167,1584800
2021-10-25,9.161745071411133,9.5,9.510000228881836,9.15999984741211,9.319999694824219,1677100
2021-10-26,8.930292129516602,9.260000228881836,9.59000015258789,9.239999771118164,9.550000190734863,1612300
2021-10-27,8.939934730529785,9.270000457763672,9.449999809265137,9.149999618530273,9.270000457763672,1073000
2021-10-28,8.939934730529785,9.270000457763672,9.34000015258789,9.010000228881836,9.260000228881836,2649700
2021-10-29,8.718123435974121,9.039999961853027,9.319999694824219,8.979999542236328,9.199999809265137,2478900
2021-11-01,9.181034088134766,9.520000457763672,9.5600004196167,8.960000038146973,9.029999732971191,2811300
2021-11-02,9.393199920654297,9.739999771118164,9.859999656677246,9.5,9.550000190734863,2812900
2021-11-03,9.856108665466309,10.220000267028809,10.300000190734863,9.760000228881836,9.789999961853027,3250000
2021-11-04,9.875396728515625,10.239999771118164,10.399999618530273,10.130000114440918,10.220000267028809,2507100
2021-11-05,10.164714813232422,10.539999961853027,10.779999732971191,10.289999961853027,10.470000267028809,1929200
2021-11-08,9.971837043762207,10.34000015258789,11.09000015258789,10.210000038146973,10.90999984741211,2932300
2021-11-09,9.981483459472656,10.350000381469727,10.449999809265137,10.210000038146973,10.260000228881836,2431400
2021-11-10,9.981483459472656,10.350000381469727,10.470000267028809,10.25,10.25,2683100
2021-11-11,9.923616409301758,10.289999961853027,10.329999923706055,10.109999656677246,10.300000190734863,2210800
2021-11-12,9.643941879272461,10.0,10.399999618530273,10.0,10.319999694824219,2744700
2021-11-15,9.79824447631836,10.15999984741211,10.210000038146973,9.949999809265137,9.989999771118164,1731100
2021-11-16,9.566792488098145,9.920000076293945,10.100000381469727,9.779999732971191,10.100000381469727,1426200
2021-11-17,9.460708618164062,9.8100004196167,9.90999984741211,9.6899995803833,9.819999694824219,1329800
2021-11-18,9.316048622131348,9.65999984741211,9.880000114440918,9.59000015258789,9.829999923706055,1138700
2021-11-19,9.209964752197266,9.550000190734863,9.579999923706055,9.239999771118164,9.460000038146973,1503900
2021-11-22,9.142457008361816,9.479999542236328,9.720000267028809,9.479999542236328,9.59000015258789,1406300
2021-11-23,9.219610214233398,9.5600004196167,9.670000076293945,9.34000015258789,9.5,2690600
2021-11-24,9.38355541229248,9.729999542236328,9.739999771118164,9.369999885559082,9.420000076293945,1123400
2021-11-26,8.747056007385254,9.069999694824219,9.09000015258789,8.600000381469727,9.029999732971191,1810100
2021-11-29,8.843496322631836,9.170000076293945,9.25,8.800000190734863,9.140000343322754,2259400
2021-11-30,8.399874687194824,8.710000038146973,8.920000076293945,8.649999618530273,8.920000076293945,3164900
2021-12-01,7.888746738433838,8.180000305175781,8.989999771118164,8.180000305175781,8.949999809265137,2639200
2021-12-02,8.303434371948242,8.609999656677246,8.710000038146973,8.069999694824219,8.25,2920600
2021-12-03,8.19735050201416,8.5,8.600000381469727,8.300000190734863,8.520000457763672,1892500
2021-12-06,8.882072448730469,9.210000038146973,9.600000381469727,8.710000038146973,8.710000038146973,4599000
2021-12-07,9.046019554138184,9.380000114440918,9.510000228881836,9.279999732971191,9.390000343322754,3531200
2021-12-08,9.132814407348633,9.470000267028809,9.789999961853027,9.319999694824219,9.420000076293945,3464700
2021-12-09,8.988155364990234,9.319999694824219,9.4399995803833,9.220000267028809,9.279999732971191,1498500
2021-12-10,8.949579238891602,9.279999732971191,9.449999809265137,9.079999923706055,9.380000114440918,1959200
2021-12-13,8.505956649780273,8.819999694824219,9.3100004196167,8.819999694824219,9.180000305175781,1662900
2021-12-14,8.380586624145508,8.6899995803833,9.069999694824219,8.670000076293945,8.770000457763672,1905900
2021-12-15,8.27450180053711,8.579999923706055,8.710000038146973,8.3100004196167,8.670000076293945,4417800
2021-12-16,8.16841983795166,8.470000267028809,8.829999923706055,8.40999984741211,8.619999885559082,3205900
2021-12-17,8.399874687194824,8.710000038146973,8.760000228881836,8.319999694824219,8.430000305175781,6116700
2021-12-20,8.27450180053711,8.579999923706055,8.600000381469727,8.1899995803833,8.489999771118164,2098500
2021-12-21,8.978510856628418,9.3100004196167,9.460000038146973,8.699999809265137,8.729999542236328,3340900
2021-12-22,9.209964752197266,9.550000190734863,9.600000381469727,9.239999771118164,9.3100004196167,2175800
2021-12-23,9.200321197509766,9.539999961853027,9.720000267028809,9.539999961853027,9.640000343322754,1172200
2021-12-27,9.229252815246582,9.569999694824219,9.619999885559082,9.390000343322754,9.489999771118164,1203100
2021-12-28,9.19067668914795,9.529999732971191,9.680000305175781,9.449999809265137,9.510000228881836,1404000
2021-12-29,9.181034088134766,9.520000457763672,9.5600004196167,9.380000114440918,9.5600004196167,681200
2021-12-30,9.258185386657715,9.600000381469727,9.710000038146973,9.489999771118164,9.489999771118164,1176200
2021-12-31,9.267828941345215,9.609999656677246,9.6899995803833,9.479999542236328,9.5600004196167,1048400
2022-01-03,9.33533763885498,9.680000305175781,9.979999542236328,9.619999885559082,9.710000038146973,2334700
2022-01-04,9.479996681213379,9.829999923706055,10.0,9.75,9.829999923706055,1894800
2022-01-05,9.113526344299316,9.449999809265137,10.0,9.4399995803833,9.850000381469727,1273700
2022-01-06,9.229252815246582,9.569999694824219,9.699999809265137,9.449999809265137,9.510000228881836,1593700
2022-01-07,9.71144962310791,10.069999694824219,10.140000343322754,9.640000343322754,9.649999618530273,2345100
2022-01-10,9.33533763885498,9.680000305175781,9.960000038146973,9.520000457763672,9.890000343322754,2153800
2022-01-11,9.730738639831543,10.09000015258789,10.15999984741211,9.640000343322754,9.670000076293945,2237100
2022-01-12,9.557147026062012,9.90999984741211,10.199999809265137,9.869999885559082,10.149999618530273,1780000
2022-01-13,9.508927345275879,9.859999656677246,10.079999923706055,9.819999694824219,9.960000038146973,1635400
2022-01-14,9.595723152160645,9.949999809265137,9.960000038146973,9.65999984741211,9.760000228881836,1451400
2022-01-18,9.451064109802246,9.800000190734863,10.039999961853027,9.770000457763672,9.8100004196167,1461600
2022-01-19,9.248540878295898,9.59000015258789,9.8100004196167,9.520000457763672,9.770000457763672,2150300
2022-01-20,9.074950218200684,9.40999984741211,9.819999694824219,9.399999618530273,9.699999809265137,2050500
2022-01-21,8.87242603302002,9.199999809265137,9.4399995803833,9.149999618530273,9.350000381469727,2195100
2022-01-24,8.833850860595703,9.15999984741211,9.220000267028809,8.720000267028809,8.989999771118164,2831800
2022-01-25,8.911003112792969,9.239999771118164,9.300000190734863,8.890000343322754,9.029999732971191,1882300
2022-01-26,8.804919242858887,9.130000114440918,9.579999923706055,9.050000190734863,9.359999656677246,2215600
2022-01-27,8.322723388671875,8.630000114440918,9.3100004196167,8.539999961853027,9.210000038146973,2463500
2022-01-28,8.612040519714355,8.930000305175781,8.930000305175781,8.34000015258789,8.569999694824219,3006900
2022-01-31,9.01708698272705,9.350000381469727,9.350000381469727,8.770000457763672,8.84000015258789,2129700
2022-02-01,9.123170852661133,9.460000038146973,9.569999694824219,9.1899995803833,9.390000343322754,2587600
2022-02-02,8.920646667480469,9.25,9.510000228881836,9.180000305175781,9.420000076293945,2456300
2022-02-03,8.804919242858887,9.130000114440918,9.279999732971191,9.039999961853027,9.119999885559082,1549300
2022-02-04,9.03637409210205,9.369999885559082,9.40999984741211,9.020000457763672,9.0600004196167,1384200
2022-02-07,9.229252815246582,9.569999694824219,9.630000114440918,9.329999923706055,9.329999923706055,1472900
2022-02-08,9.431775093078613,9.779999732971191,9.850000381469727,9.609999656677246,9.649999618530273,1633700
2022-02-09,9.653586387634277,10.010000228881836,10.140000343322754,9.890000343322754,9.890000343322754,1492000
2022-02-10,9.595723152160645,9.949999809265137,10.1899995803833,9.800000190734863,9.829999923706055,1401400
2022-02-11,9.35462474822998,9.699999809265137,10.119999885559082,9.680000305175781,9.90999984741211,2351800
2022-02-14,9.258185386657715,9.600000381469727,9.819999694824219,9.520000457763672,9.770000457763672,1464900
2022-02-15,9.672874450683594,10.029999732971191,10.0600004196167,9.710000038146973,9.770000457763672,964700
2022-02-16,9.923616409301758,10.289999961853027,10.3100004196167,10.050000190734863,10.050000190734863,1618100
2022-02-17,9.913972854614258,10.279999732971191,10.359999656677246,10.09000015258789,10.15999984741211,1463600
2022-02-18,9.431775093078613,9.779999732971191,10.289999961853027,9.699999809265137,9.819999694824219,2255000
2022-02-22,9.219610214233398,9.5600004196167,9.890000343322754,9.489999771118164,9.739999771118164,1628500
2022-02-23,9.065306663513184,9.399999618530273,9.760000228881836,9.350000381469727,9.720000267028809,2462100
2022-02-24,9.36426830291748,9.710000038146973,9.760000228881836,8.899999618530273,9.0600004196167,3333200
2022-02-25,9.373912811279297,9.720000267028809,9.9399995803833,9.550000190734863,9.800000190734863,1668100
2022-02-28,9.209964752197266,9.550000190734863,9.789999961853027,9.4399995803833,9.5600004196167,1932300
2022-03-01,8.891715049743652,9.220000267028809,9.59000015258789,9.140000343322754,9.520000457763672,2602400
2022-03-02,9.200321197509766,9.539999961853027,9.569999694824219,9.210000038146973,9.329999923706055,1782900
2022-03-03,9.074950218200684,9.40999984741211,9.640000343322754,9.279999732971191,9.640000343322754,1680300
2022-03-04,9.09423828125,9.430000305175781,9.449999809265137,9.119999885559082,9.270000457763672,2530200
2022-03-07,8.77598762512207,9.100000381469727,9.489999771118164,9.020000457763672,9.489999771118164,2272200
2022-03-08,9.02673053741455,9.359999656677246,9.680000305175781,9.010000228881836,9.15999984741211,2708900
2022-03-09,9.393199920654297,9.739999771118164,9.90999984741211,9.550000190734863,9.59000015258789,1774500
2022-03-10,9.38355541229248,9.729999542236328,9.850000381469727,9.390000343322754,9.550000190734863,2391900
2022-03-11,9.219610214233398,9.5600004196167,10.0600004196167,9.539999961853027,9.850000381469727,2967200
2022-03-14,9.103882789611816,9.4399995803833,9.680000305175781,9.359999656677246,9.609999656677246,3406900
2022-03-15,9.36426830291748,9.710000038146973,9.84000015258789,9.4399995803833,9.59000015258789,1884600
2022-03-16,9.682519912719727,10.039999961853027,10.079999923706055,9.630000114440918,9.8100004196167,2956400
2022-03-17,9.615012168884277,9.970000267028809,10.050000190734863,9.760000228881836,9.890000343322754,2321700
2022-03-18,9.750025749206543,10.109999656677246,10.140000343322754,9.779999732971191,9.989999771118164,3550200
2022-03-21,9.431775093078613,9.779999732971191,10.119999885559082,9.6899995803833,10.09000015258789,1303400
2022-03-22,9.499282836914062,9.850000381469727,10.079999923706055,9.760000228881836,9.859999656677246,1388700
2022-03-23,9.267828941345215,9.609999656677246,9.859999656677246,9.59000015258789,9.770000457763672,1377800
2022-03-24,9.441418647766113,9.789999961853027,9.829999923706055,9.520000457763672,9.649999618530273,2437000
2022-03-25,9.875396728515625,10.239999771118164,10.279999732971191,9.859999656677246,9.859999656677246,3989800
2022-03-28,9.79824447631836,10.15999984741211,10.359999656677246,10.029999732971191,10.289999961853027,1488300
2022-03-29,10.270797729492188,10.649999618530273,10.680000305175781,10.34000015258789,10.34000015258789,2064100
2022-03-30,10.020057678222656,10.390000343322754,10.619999885559082,10.319999694824219,10.59000015258789,2564400
2022-03-31,9.740382194519043,10.100000381469727,10.5600004196167,10.100000381469727,10.40999984741211,3367400
2022-04-01,9.836822509765625,10.199999809265137,10.25,9.989999771118164,10.210000038146973,2779300
2022-04-04,9.807889938354492,10.170000076293945,10.300000190734863,9.84000015258789,10.229999542236328,1782800
2022-04-05,9.547505378723145,9.899999618530273,10.369999885559082,9.859999656677246,10.279999732971191,1575700
2022-04-06,9.113526344299316,9.449999809265137,9.800000190734863,9.4399995803833,9.75,2195900
2022-04-07,8.87242603302002,9.199999809265137,9.430000305175781,9.100000381469727,9.380000114440918,2251500
2022-04-08,8.660261154174805,8.979999542236328,9.220000267028809,8.970000267028809,9.149999618530273,2454500
2022-04-11,8.718123435974121,9.039999961853027,9.09000015258789,8.859999656677246,8.9399995803833,2881400
2022-04-12,8.930292129516602,9.260000228881836,9.350000381469727,9.050000190734863,9.09000015258789,1902200
2022-04-13,9.605365753173828,9.960000038146973,10.079999923706055,9.289999961853027,9.3100004196167,2873600
2022-04-14,9.672874450683594,10.029999732971191,10.300000190734863,10.0,10.039999961853027,2428400
2022-04-18,9.595723152160645,9.949999809265137,10.1899995803833,9.880000114440918,9.970000267028809,1820000
2022-04-19,9.885040283203125,10.25,10.369999885559082,10.039999961853027,10.039999961853027,1402300
2022-04-20,9.942904472351074,10.3100004196167,10.630000114440918,10.270000457763672,10.329999923706055,2042700
2022-04-21,9.933260917663574,10.300000190734863,10.729999542236328,10.270000457763672,10.579999923706055,2366600
2022-04-22,10.058631896972656,10.430000305175781,10.59000015258789,10.239999771118164,10.239999771118164,3208200
2022-04-25,10.34795093536377,10.729999542236328,10.739999771118164,10.220000267028809,10.289999961853027,2048300
2022-04-26,10.145427703857422,10.520000457763672,10.789999961853027,10.470000267028809,10.65999984741211,1902800
2022-04-27,10.270797729492188,10.649999618530273,10.789999961853027,10.369999885559082,10.520000457763672,1754100
2022-04-28,10.685489654541016,11.079999923706055,11.130000114440918,10.479999542236328,10.779999732971191,2376400
2022-04-29,10.241868019104004,10.619999885559082,11.149999618530273,10.579999923706055,11.0,2616400
2022-05-02,10.097208023071289,10.470000267028809,10.8100004196167,10.25,10.699999809265137,2468600
2022-05-03,10.058631896972656,10.430000305175781,10.680000305175781,10.1899995803833,10.5600004196167,2357800
2022-05-04,10.029699325561523,10.399999618530273,10.59000015258789,9.989999771118164,10.550000190734863,2330900
2022-05-05,9.692164421081543,10.050000190734863,10.529999732971191,9.800000190734863,10.300000190734863,3993200
2022-05-06,9.913972854614258,10.279999732971191,10.529999732971191,9.779999732971191,9.90999984741211,2126500
2022-05-09,9.209964752197266,9.550000190734863,10.1899995803833,9.460000038146973,10.1899995803833,2176000
2022-05-10,9.499282836914062,9.850000381469727,9.989999771118164,9.5,9.729999542236328,2448500
2022-05-11,9.200321197509766,9.539999961853027,10.130000114440918,9.510000228881836,9.899999618530273,2000600
2022-05-12,9.17138957977295,9.510000228881836,9.609999656677246,9.210000038146973,9.479999542236328,2569400
2022-05-13,9.499282836914062,9.850000381469727,9.90999984741211,9.569999694824219,9.640000343322754,1907500
2022-05-16,9.518570899963379,9.869999885559082,9.989999771118164,9.789999961853027,9.880000114440918,1559500
2022-05-17,9.962193489074707,10.329999923706055,10.369999885559082,10.020000457763672,10.039999961853027,1421800
2022-05-18,9.730738639831543,10.09000015258789,10.600000381469727,10.020000457763672,10.390000343322754,2708900
2022-05-19,9.557147026062012,9.90999984741211,10.279999732971191,9.829999923706055,10.010000228881836,2180500
2022-05-20,9.161745071411133,9.5,10.039999961853027,9.300000190734863,10.039999961853027,2589800
2022-05-23,9.161745071411133,9.5,9.65999984741211,9.369999885559082,9.600000381469727,1415400
2022-05-24,9.055662155151367,9.390000343322754,9.40999984741211,9.0600004196167,9.369999885559082,1555600
2022-05-25,9.393199920654297,9.739999771118164,9.850000381469727,9.329999923706055,9.329999923706055,3556200
2022-05-26,9.672874450683594,10.029999732971191,10.130000114440918,9.819999694824219,9.829999923706055,1902000
2022-05-27,10.029699325561523,10.399999618530273,10.430000305175781,9.960000038146973,10.15999984741211,2416100
2022-05-31,9.923616409301758,10.289999961853027,10.390000343322754,10.09000015258789,10.329999923706055,2457100
2022-06-01,10.241868019104004,10.619999885559082,10.6899995803833,10.149999618530273,10.430000305175781,2694700
2022-06-02,10.396170616149902,10.779999732971191,10.779999732971191,10.569999694824219,10.670000076293945,2041100
2022-06-03,10.212935447692871,10.59000015258789,10.84000015258789,10.579999923706055,10.649999618530273,1765400
2022-06-06,10.444388389587402,10.829999923706055,10.84000015258789,10.609999656677246,10.789999961853027,1343300
2022-06-07,10.608338356018066,11.0,11.020000457763672,10.569999694824219,10.649999618530273,1945500
2022-06-08,10.492609977722168,10.880000114440918,11.020000457763672,10.800000190734863,10.930000305175781,1197100
2022-06-09,10.020057678222656,10.390000343322754,10.829999923706055,10.380000114440918,10.829999923706055,1652800
2022-06-10,9.296761512756348,9.640000343322754,10.329999923706055,9.619999885559082,10.1899995803833,2051400
2022-06-13,8.457738876342773,8.770000457763672,9.3100004196167,8.710000038146973,9.270000457763672,1913300
2022-06-14,8.563820838928223,8.880000114440918,9.020000457763672,8.609999656677246,8.75,2077200
2022-06-15,8.911003112792969,9.239999771118164,9.420000076293945,9.0,9.100000381469727,1909900
2022-06-16,8.20699405670166,8.510000228881836,9.020000457763672,8.449999809265137,8.979999542236328,2533600
2022-06-17,8.081624031066895,8.380000114440918,8.65999984741211,8.229999542236328,8.5600004196167,3293900
2022-06-21,8.071978569030762,8.369999885559082,8.760000228881836,8.300000190734863,8.539999961853027,2079000
2022-06-22,7.7826619148254395,8.069999694824219,8.399999618530273,8.0600004196167,8.170000076293945,2089400
2022-06-23,7.609070777893066,7.889999866485596,8.050000190734863,7.679999828338623,8.029999732971191,3204800
2022-06-24,8.081624031066895,8.380000114440918,8.510000228881836,7.929999828338623,7.980000019073486,2918900
2022-06-27,8.100913047790527,8.399999618530273,8.600000381469727,8.300000190734863,8.470000267028809,1683300
2022-06-28,8.014116287231445,8.3100004196167,8.770000457763672,8.300000190734863,8.5600004196167,2711500
2022-06-29,7.8983893394470215,8.1899995803833,8.329999923706055,7.989999771118164,8.270000457763672,2752000
2022-06-30,7.917677402496338,8.210000038146973,8.369999885559082,7.849999904632568,7.980000019073486,2814400
2022-07-01,7.908031940460205,8.199999809265137,8.40999984741211,8.029999732971191,8.130000114440918,1884700
2022-07-05,7.946608543395996,8.239999771118164,8.25,7.829999923706055,7.960000038146973,1935100
2022-07-06,7.7826619148254395,8.069999694824219,8.359999656677246,7.920000076293945,8.1899995803833,1876700
2022-07-07,8.091268539428711,8.390000343322754,8.479999542236328,8.1899995803833,8.220000267028809,1640700
2022-07-08,8.004473686218262,8.300000190734863,8.449999809265137,8.170000076293945,8.420000076293945,980000
2022-07-11,7.908031940460205,8.199999809265137,8.3100004196167,8.029999732971191,8.15999984741211,976700
2022-07-12,8.043048858642578,8.34000015258789,8.430000305175781,8.15999984741211,8.15999984741211,1023800
2022-07-13,8.100913047790527,8.399999618530273,8.449999809265137,8.130000114440918,8.1899995803833,1267500
2022-07-14,7.9562530517578125,8.25,8.329999923706055,8.140000343322754,8.1899995803833,1336600
2022-07-15,8.110554695129395,8.40999984741211,8.489999771118164,8.180000305175781,8.4399995803833,2534900
2022-07-18,8.19735050201416,8.5,8.6899995803833,8.4399995803833,8.550000190734863,2219000
2022-07-19,8.573466300964355,8.890000343322754,8.920000076293945,8.6899995803833,8.710000038146973,3577300
2022-07-20,8.669903755187988,8.989999771118164,9.029999732971191,8.75,8.859999656677246,2190000
2022-07-21,8.52524471282959,8.84000015258789,8.920000076293945,8.640000343322754,8.819999694824219,2388200
2022-07-22,8.313079833984375,8.619999885559082,8.9399995803833,8.529999732971191,8.819999694824219,2203300
2022-07-25,8.48667049407959,8.800000190734863,8.850000381469727,8.579999923706055,8.6899995803833,2327100
2022-07-26,8.399874687194824,8.710000038146973,8.890000343322754,8.65999984741211,8.75,3356100
2022-07-27,8.698836326599121,9.020000457763672,9.029999732971191,8.800000190734863,8.850000381469727,1621300
2022-07-28,8.882072448730469,9.210000038146973,9.210000038146973,8.899999618530273,9.149999618530273,1168000
2022-07-29,8.949579238891602,9.279999732971191,9.359999656677246,9.109999656677246,9.170000076293945,1047900
2022-08-01,8.949579238891602,9.279999732971191,9.359999656677246,9.050000190734863,9.15999984741211,1129100
2022-08-02,8.795275688171387,9.119999885559082,9.319999694824219,9.100000381469727,9.1899995803833,1285800
2022-08-03,8.882072448730469,9.210000038146973,9.420000076293945,9.210000038146973,9.260000228881836,1338800
2022-08-04,8.911003112792969,9.239999771118164,9.359999656677246,9.039999961853027,9.220000267028809,1377900
2022-08-05,8.82420825958252,9.149999618530273,9.369999885559082,9.079999923706055,9.100000381469727,2211400
2022-08-08,8.920646667480469,9.25,9.420000076293945,9.149999618530273,9.270000457763672,1176400
2022-08-09,8.988155364990234,9.319999694824219,9.34000015258789,9.149999618530273,9.260000228881836,1332900
2022-08-10,9.17138957977295,9.510000228881836,9.619999885559082,9.4399995803833,9.529999732971191,1031100
2022-08-11,9.35462474822998,9.699999809265137,9.850000381469727,9.569999694824219,9.6899995803833,915700
2022-08-12,9.528215408325195,9.880000114440918,9.899999618530273,9.739999771118164,9.8100004196167,794300
2022-08-15,9.547505378723145,9.899999618530273,9.949999809265137,9.779999732971191,9.789999961853027,780600
2022-08-16,9.605365753173828,9.960000038146973,10.039999961853027,9.84000015258789,9.84000015258789,877500
2022-08-17,9.393199920654297,9.739999771118164,9.9399995803833,9.729999542236328,9.800000190734863,1230100
2022-08-18,9.566792488098145,9.920000076293945,9.949999809265137,9.640000343322754,9.699999809265137,1119400
2022-08-19,9.113526344299316,9.449999809265137,9.850000381469727,9.399999618530273,9.850000381469727,1239400
2022-08-22,8.949579238891602,9.279999732971191,9.34000015258789,9.1899995803833,9.270000457763672,1406400
2022-08-23,8.939934730529785,9.270000457763672,9.489999771118164,9.210000038146973,9.359999656677246,1477500
2022-08-24,9.02673053741455,9.359999656677246,9.369999885559082,9.220000267028809,9.25,1269100
2022-08-25,9.142457008361816,9.479999542236328,9.609999656677246,9.369999885559082,9.430000305175781,2061500
2022-08-26,8.689193725585938,9.010000228881836,9.489999771118164,9.0,9.420000076293945,1999200
2022-08-29,8.612040519714355,8.930000305175781,8.960000038146973,8.65999984741211,8.699999809265137,2709400
2022-08-30,8.554177284240723,8.869999885559082,9.039999961853027,8.789999961853027,8.979999542236328,1860500
2022-08-31,8.419161796569824,8.729999542236328,8.970000267028809,8.710000038146973,8.920000076293945,1987500
2022-09-01,8.293790817260742,8.600000381469727,8.65999984741211,8.460000038146973,8.609999656677246,1864000
2022-09-02,8.284147262573242,8.59000015258789,8.890000343322754,8.579999923706055,8.779999732971191,1158400
2022-09-06,8.178064346313477,8.479999542236328,8.649999618530273,8.380000114440918,8.609999656677246,1511900
2022-09-07,8.592753410339355,8.90999984741211,8.949999809265137,8.510000228881836,8.510000228881836,1730000
2022-09-08,8.573466300964355,8.890000343322754,8.989999771118164,8.760000228881836,8.84000015258789,1109100
2022-09-09,8.843496322631836,9.170000076293945,9.199999809265137,8.90999984741211,8.960000038146973,1934600
2022-09-12,9.02673053741455,9.359999656677246,9.40999984741211,9.220000267028809,9.260000228881836,1374100
2022-09-13,8.612040519714355,8.930000305175781,9.1899995803833,8.850000381469727,9.029999732971191,1592300
2022-09-14,8.795275688171387,9.119999885559082,9.130000114440918,8.84000015258789,8.90999984741211,1271000
2022-09-15,8.689193725585938,9.010000228881836,9.260000228881836,8.979999542236328,9.020000457763672,1825800
2022-09-16,8.592753410339355,8.90999984741211,8.970000267028809,8.640000343322754,8.890000343322754,2615800
2022-09-19,8.669903755187988,8.989999771118164,9.069999694824219,8.760000228881836,8.760000228881836,1073600
2022-09-20,8.534890174865723,8.850000381469727,8.960000038146973,8.789999961853027,8.859999656677246,2253800
2022-09-21,7.9851837158203125,8.279999732971191,8.930000305175781,8.260000228881836,8.890000343322754,2716900
2022-09-22,7.589782238006592,7.869999885559082,8.279999732971191,7.760000228881836,8.270000457763672,2086900
2022-09-23,7.232957363128662,7.5,7.730000019073486,7.420000076293945,7.730000019073486,5077800
2022-09-26,7.049722194671631,7.309999942779541,7.590000152587891,7.21999979019165,7.420000076293945,3146300
2022-09-27,7.0882978439331055,7.349999904632568,7.670000076293945,7.320000171661377,7.440000057220459,2868100
2022-09-28,7.425835132598877,7.699999809265137,7.739999771118164,7.340000152587891,7.400000095367432,3039500
2022-09-29,7.212839126586914,7.449999809265137,7.550000190734863,7.179999828338623,7.53000020980835,3794700
2022-09-30,7.27092981338501,7.510000228881836,7.610000133514404,7.340000152587891,7.449999809265137,3369200
2022-10-03,7.474244117736816,7.71999979019165,7.849999904632568,7.46999979019165,7.710000038146973,2503600
2022-10-04,7.793739318847656,8.050000190734863,8.119999885559082,7.849999904632568,7.889999866485596,3454800
2022-10-05,7.725966930389404,7.980000019073486,8.010000228881836,7.800000190734863,7.889999866485596,1953800
2022-10-06,7.6872406005859375,7.940000057220459,8.0600004196167,7.820000171661377,7.900000095367432,1250700
2022-10-07,7.590424537658691,7.840000152587891,7.96999979019165,7.760000228881836,7.849999904632568,2519100
2022-10-10,7.571061611175537,7.820000171661377,7.989999771118164,7.769999980926514,7.909999847412109,2307300
2022-10-11,7.600106239318848,7.849999904632568,7.929999828338623,7.690000057220459,7.829999923706055,4076300
2022-10-12,7.6388325691223145,7.889999866485596,8.079999923706055,7.730000019073486,7.849999904632568,4142600
2022-10-13,7.9002366065979,8.15999984741211,8.199999809265137,7.610000133514404,7.75,2291500
2022-10-14,7.8808746337890625,8.140000343322754,8.40999984741211,8.109999656677246,8.279999732971191,1751900
2022-10-17,8.229413986206055,8.5,8.5600004196167,8.380000114440918,8.40999984741211,1327300
2022-10-18,8.471455574035645,8.75,8.960000038146973,8.680000305175781,8.819999694824219,2888700
2022-10-19,8.490818977355957,8.770000457763672,8.899999618530273,8.630000114440918,8.630000114440918,2346000
2022-10-20,8.42304515838623,8.699999809265137,8.989999771118164,8.65999984741211,8.800000190734863,2756900
2022-10-21,8.723179817199707,9.010000228881836,9.140000343322754,8.779999732971191,8.800000190734863,3995900
2022-10-24,8.655407905578613,8.9399995803833,9.0600004196167,8.899999618530273,9.050000190734863,2098300
2022-10-25,8.858722686767578,9.149999618530273,9.149999618530273,8.899999618530273,9.0,5784200
2022-10-26,8.83935832977295,9.130000114440918,9.289999961853027,9.050000190734863,9.229999542236328,2194500
2022-10-27,8.916812896728516,9.210000038146973,9.390000343322754,9.170000076293945,9.270000457763672,1273200
2022-10-28,9.042673110961914,9.34000015258789,9.399999618530273,8.989999771118164,9.270000457763672,1768600
2022-10-31,9.042673110961914,9.34000015258789,9.4399995803833,9.180000305175781,9.300000190734863,1776500
2022-11-01,9.081400871276855,9.380000114440918,9.529999732971191,9.289999961853027,9.510000228881836,1473600
2022-11-02,8.4811372756958,8.760000228881836,9.1899995803833,8.720000267028809,9.180000305175781,2237700
2022-11-03,8.316549301147461,8.59000015258789,8.699999809265137,8.289999961853027,8.699999809265137,2830600
2022-11-04,8.335912704467773,8.609999656677246,8.720000267028809,8.380000114440918,8.5,1406000
2022-11-07,8.394002914428711,8.670000076293945,8.800000190734863,8.380000114440918,8.720000267028809,1527400
2022-11-08,8.335912704467773,8.609999656677246,8.720000267028809,8.510000228881836,8.6899995803833,2003300
2022-11-09,8.093871116638184,8.359999656677246,8.609999656677246,8.3100004196167,8.539999961853027,1831000
2022-11-10,8.655407905578613,8.9399995803833,9.220000267028809,8.760000228881836,8.850000381469727,2311800
2022-11-11,8.88776683807373,9.180000305175781,9.220000267028809,8.9399995803833,9.020000457763672,1807900
2022-11-14,8.645726203918457,8.930000305175781,9.180000305175781,8.90999984741211,9.09000015258789,1536800
2022-11-15,8.703815460205078,8.989999771118164,9.229999542236328,8.890000343322754,9.100000381469727,1561000
2022-11-16,8.548909187316895,8.829999923706055,8.979999542236328,8.800000190734863,8.90999984741211,2067400
2022-11-17,8.471455574035645,8.75,8.850000381469727,8.640000343322754,8.729999542236328,1538700
2022-11-18,8.790950775146484,9.079999923706055,9.130000114440918,8.9399995803833,8.970000267028809,2396200
2022-11-21,8.732860565185547,9.020000457763672,9.079999923706055,8.890000343322754,9.020000457763672,949600
2022-11-22,8.87808609008789,9.170000076293945,9.170000076293945,8.970000267028809,9.09000015258789,1568100
2022-11-23,8.674769401550293,8.960000038146973,9.119999885559082,8.960000038146973,9.100000381469727,864400
2022-11-25,8.781269073486328,9.069999694824219,9.100000381469727,8.920000076293945,8.930000305175781,423800
2022-11-28,8.694133758544922,8.979999542236328,9.079999923706055,8.9399995803833,8.949999809265137,1295700
2022-11-29,8.87808609008789,9.170000076293945,9.1899995803833,8.899999618530273,9.0,1089300
2022-11-30,9.110445022583008,9.40999984741211,9.40999984741211,9.0600004196167,9.140000343322754,1734400
2022-12-01,9.091082572937012,9.390000343322754,9.579999923706055,9.289999961853027,9.489999771118164,1618100
2022-12-02,8.95553970336914,9.25,9.34000015258789,9.210000038146973,9.210000038146973,855700
2022-12-05,8.626362800598145,8.90999984741211,9.229999542236328,8.90999984741211,9.140000343322754,981500
2022-12-06,8.529546737670898,8.8100004196167,8.979999542236328,8.739999771118164,8.859999656677246,1016900
2022-12-07,8.597317695617676,8.880000114440918,8.970000267028809,8.710000038146973,8.720000267028809,1841700
2022-12-08,8.771586418151855,9.0600004196167,9.15999984741211,8.970000267028809,9.0,1931600
2022-12-09,8.800633430480957,9.09000015258789,9.100000381469727,8.890000343322754,8.920000076293945,1275600
2022-12-12,8.974902153015137,9.270000457763672,9.270000457763672,8.960000038146973,9.149999618530273,1622100
2022-12-13,8.926493644714355,9.220000267028809,9.65999984741211,9.119999885559082,9.609999656677246,2478900
2022-12-14,8.713496208190918,9.0,9.260000228881836,8.960000038146973,9.25,1422300
2022-12-15,8.490818977355957,8.770000457763672,9.0,8.739999771118164,8.850000381469727,1317800
2022-12-16,8.355276107788086,8.630000114440918,8.699999809265137,8.539999961853027,8.600000381469727,3352100
2022-12-19,8.239095687866211,8.510000228881836,8.699999809265137,8.489999771118164,8.680000305175781,1276300
2022-12-20,8.277823448181152,8.550000190734863,8.59000015258789,8.449999809265137,8.520000457763672,1457400
2022-12-21,7.8131022453308105,8.069999694824219,8.619999885559082,8.0600004196167,8.59000015258789,1976300
2022-12-22,7.8131022453308105,8.069999694824219,8.09000015258789,7.869999885559082,7.989999771118164,1851300
2022-12-23,7.948646068572998,8.210000038146973,8.239999771118164,8.0,8.039999961853027,1068000
2022-12-27,7.948646068572998,8.210000038146973,8.239999771118164,8.130000114440918,8.199999809265137,843100
2022-12-28,7.755012035369873,8.010000228881836,8.260000228881836,7.980000019073486,8.220000267028809,1004400
2022-12-29,7.930597305297852,8.130000114440918,8.1899995803833,7.960000038146973,7.960000038146973,1144300
2022-12-30,7.989126205444336,8.1899995803833,8.199999809265137,7.96999979019165,8.029999732971191,1190100
2023-01-03,7.755012512207031,7.949999809265137,8.34000015258789,7.909999847412109,8.279999732971191,1796500
2023-01-04,7.852560043334961,8.050000190734863,8.220000267028809,8.039999961853027,8.069999694824219,1584900
2023-01-05,7.667220115661621,7.860000133514404,8.020000457763672,7.820000171661377,8.020000457763672,1635500
2023-01-06,7.823296546936035,8.020000457763672,8.069999694824219,7.869999885559082,7.989999771118164,1307000
2023-01-09,7.823296546936035,8.020000457763672,8.0600004196167,7.940000057220459,8.039999961853027,1705700
2023-01-10,7.920844078063965,8.119999885559082,8.180000305175781,7.929999828338623,7.980000019073486,938300
2023-01-11,8.301276206970215,8.510000228881836,8.529999732971191,8.170000076293945,8.170000076293945,1726400
2023-01-12,8.535390853881836,8.75,8.75,8.520000457763672,8.569999694824219,1537100
2023-01-13,8.447598457336426,8.65999984741211,8.699999809265137,8.5600004196167,8.670000076293945,1064200
2023-01-17,8.564655303955078,8.779999732971191,8.779999732971191,8.65999984741211,8.720000267028809,1680000
2023-01-18,8.389070510864258,8.600000381469727,8.800000190734863,8.579999923706055,8.75,2091900
2023-01-19,8.447598457336426,8.65999984741211,8.680000305175781,8.479999542236328,8.510000228881836,1394500
2023-01-20,8.681711196899414,8.899999618530273,8.899999618530273,8.609999656677246,8.729999542236328,1165000
2023-01-23,8.837786674499512,9.0600004196167,9.0600004196167,8.84000015258789,8.899999618530273,956700
2023-01-24,8.896315574645996,9.119999885559082,9.140000343322754,8.920000076293945,9.100000381469727,838200
2023-01-25,9.110919952392578,9.34000015258789,9.369999885559082,9.010000228881836,9.09000015258789,2007400
2023-01-26,9.296259880065918,9.529999732971191,9.539999961853027,9.3100004196167,9.420000076293945,1683200
2023-01-27,9.364543914794922,9.600000381469727,9.65999984741211,9.4399995803833,9.4399995803833,937400
2023-01-30,9.179203033447266,9.40999984741211,9.600000381469727,9.369999885559082,9.5,1427600
2023-01-31,9.393808364868164,9.630000114440918,9.699999809265137,9.40999984741211,9.420000076293945,2325000
2023-02-01,9.481600761413574,9.720000267028809,9.8100004196167,9.420000076293945,9.600000381469727,1580000
2023-02-02,9.735224723815918,9.979999542236328,10.020000457763672,9.770000457763672,9.84000015258789,1940200
2023-02-03,9.60841178894043,9.850000381469727,9.989999771118164,9.789999961853027,9.84000015258789,1571900
2023-02-06,9.384053230285645,9.619999885559082,9.819999694824219,9.550000190734863,9.800000190734863,1214900
2023-02-07,9.393808364868164,9.630000114440918,9.729999542236328,9.479999542236328,9.5,1768300
2023-02-08,9.23773193359375,9.470000267028809,9.6899995803833,9.420000076293945,9.520000457763672,1564200
2023-02-09,9.23773193359375,9.470000267028809,9.619999885559082,9.449999809265137,9.539999961853027,778000
2023-02-10,9.081656455993652,9.3100004196167,9.4399995803833,9.140000343322754,9.430000305175781,1637500
2023-02-13,9.218222618103027,9.449999809265137,9.489999771118164,9.229999542236328,9.289999961853027,1068600
2023-02-14,9.218222618103027,9.449999809265137,9.569999694824219,9.300000190734863,9.359999656677246,1450200
2023-02-15,9.23773193359375,9.470000267028809,9.5600004196167,9.359999656677246,9.359999656677246,1199000
2023-02-16,8.759750366210938,8.979999542236328,9.289999961853027,8.899999618530273,9.229999542236328,3797200
2023-02-17,8.613429069519043,8.829999923706055,8.979999542236328,8.770000457763672,8.9399995803833,2765200
2023-02-21,8.623184204101562,8.84000015258789,9.15999984741211,8.600000381469727,9.109999656677246,2439100
2023-02-22,8.574410438537598,8.789999961853027,8.989999771118164,8.739999771118164,8.8100004196167,3533300
2023-02-23,8.720731735229492,8.9399995803833,9.0600004196167,8.609999656677246,8.819999694824219,2424200
2023-02-24,8.662202835083008,8.880000114440918,8.899999618530273,8.65999984741211,8.75,1586400
2023-02-27,8.681711196899414,8.899999618530273,9.09000015258789,8.829999923706055,9.020000457763672,1316700
2023-02-28,8.50612735748291,8.720000267028809,8.970000267028809,8.680000305175781,8.890000343322754,1911900
2023-03-01,8.486616134643555,8.699999809265137,8.789999961853027,8.649999618530273,8.670000076293945,2327200
2023-03-02,8.50612735748291,8.720000267028809,8.739999771118164,8.59000015258789,8.600000381469727,1526600
2023-03-03,8.584166526794434,8.800000190734863,8.90999984741211,8.720000267028809,8.8100004196167,1243500
2023-03-06,8.545145988464355,8.760000228881836,8.890000343322754,8.699999809265137,8.789999961853027,1970900
2023-03-07,8.49637222290039,8.710000038146973,8.850000381469727,8.600000381469727,8.8100004196167,1515600
2023-03-08,8.584166526794434,8.800000190734863,8.829999923706055,8.630000114440918,8.729999542236328,1564700
2023-03-09,8.13544750213623,8.34000015258789,8.789999961853027,8.319999694824219,8.779999732971191,2221700
2023-03-10,8.037899017333984,8.239999771118164,8.369999885559082,8.109999656677246,8.260000228881836,2916100
2023-03-13,7.969616413116455,8.170000076293945,8.239999771118164,7.989999771118164,8.100000381469727,2546700
2023-03-14,8.028143882751465,8.229999542236328,8.510000228881836,8.15999984741211,8.470000267028809,2439600
2023-03-15,7.959860801696777,8.15999984741211,8.180000305175781,7.920000076293945,7.940000057220459,4168800
2023-03-16,7.881824016571045,8.079999923706055,8.210000038146973,7.869999885559082,8.029999732971191,2698600
2023-03-17,7.569672584533691,7.760000228881836,8.09000015258789,7.71999979019165,8.0,6057300
2023-03-20,7.647710800170898,7.840000152587891,8.050000190734863,7.829999923706055,7.840000152587891,5070400
2023-03-21,7.794031143188477,7.989999771118164,8.130000114440918,7.889999866485596,8.020000457763672,2800300
2023-03-22,7.316049575805664,7.5,7.940000057220459,7.5,7.900000095367432,2853800
2023-03-23,7.159973621368408,7.340000152587891,7.650000095367432,7.329999923706055,7.53000020980835,1950200
2023-03-24,7.218502521514893,7.400000095367432,7.440000057220459,7.139999866485596,7.199999809265137,4773000
2023-03-27,7.28678560256958,7.46999979019165,7.579999923706055,7.389999866485596,7.53000020980835,2464000
2023-03-28,7.2965407371521,7.480000019073486,7.610000133514404,7.349999904632568,7.380000114440918,3799700
2023-03-29,7.540408611297607,7.730000019073486,7.75,7.559999942779541,7.590000152587891,2483900
2023-03-30,7.638335704803467,7.800000190734863,8.029999732971191,7.699999809265137,8.020000457763672,1766000
2023-03-31,7.961495876312256,8.130000114440918,8.149999618530273,7.869999885559082,7.900000095367432,2986200
2023-04-03,7.9223246574401855,8.09000015258789,8.239999771118164,8.010000228881836,8.130000114440918,2536300
2023-04-04,7.941910743713379,8.109999656677246,8.149999618530273,7.940000057220459,8.119999885559082,1637200
2023-04-05,7.86356782913208,8.029999732971191,8.119999885559082,8.020000457763672,8.0600004196167,2158300
2023-04-06,7.892947673797607,8.0600004196167,8.119999885559082,7.989999771118164,8.109999656677246,1205900
2023-04-10,7.951704502105713,8.119999885559082,8.199999809265137,8.0,8.020000457763672,2862200
2023-04-11,8.059422492980957,8.229999542236328,8.279999732971191,8.109999656677246,8.15999984741211,3800300
2023-04-12,7.892947673797607,8.0600004196167,8.350000381469727,8.039999961853027,8.319999694824219,2842800
2023-04-13,7.961495876312256,8.130000114440918,8.220000267028809,8.0600004196167,8.119999885559082,2106400
2023-04-14,7.941910743713379,8.109999656677246,8.260000228881836,8.0,8.15999984741211,1801600
2023-04-17,8.157350540161133,8.329999923706055,8.380000114440918,8.069999694824219,8.09000015258789,4134100
2023-04-18,8.167143821716309,8.34000015258789,8.470000267028809,8.210000038146973,8.329999923706055,1394700
2023-04-19,8.069215774536133,8.239999771118164,8.300000190734863,8.180000305175781,8.260000228881836,1063500
2023-04-20,7.902739524841309,8.069999694824219,8.180000305175781,7.989999771118164,8.149999618530273,1132600
2023-04-21,7.941910743713379,8.109999656677246,8.15999984741211,7.989999771118164,8.100000381469727,1510500
2023-04-24,7.932117938995361,8.100000381469727,8.140000343322754,8.020000457763672,8.09000015258789,896000
2023-04-25,7.746055603027344,7.909999847412109,8.020000457763672,7.860000133514404,7.96999979019165,1361600
2023-04-26,7.726470470428467,7.889999866485596,8.029999732971191,7.840000152587891,7.840000152587891,2316700
2023-04-27,7.795019626617432,7.960000038146973,7.980000019073486,7.820000171661377,7.949999809265137,2254900
2023-04-28,7.941910743713379,8.109999656677246,8.170000076293945,7.909999847412109,7.909999847412109,1492900
2023-05-01,8.079009056091309,8.25,8.369999885559082,8.109999656677246,8.109999656677246,1762500
2023-05-02,7.981080532073975,8.149999618530273,8.3100004196167,7.980000019073486,8.199999809265137,2787700
2023-05-03,8.049631118774414,8.220000267028809,8.460000038146973,8.15999984741211,8.170000076293945,1552800
2023-05-04,8.245485305786133,8.420000076293945,8.470000267028809,8.140000343322754,8.149999618530273,2212200
2023-05-05,8.304242134094238,8.479999542236328,8.699999809265137,8.130000114440918,8.369999885559082,5119600
2023-05-08,8.284656524658203,8.460000038146973,8.489999771118164,8.359999656677246,8.489999771118164,2620000
2023-05-09,8.274863243103027,8.449999809265137,8.489999771118164,8.289999961853027,8.34000015258789,3934000
2023-05-10,8.225900650024414,8.399999618530273,8.640000343322754,8.3100004196167,8.609999656677246,2508600
2023-05-11,7.9223246574401855,8.09000015258789,8.34000015258789,7.960000038146973,8.270000457763672,3741400
2023-05-12,7.902739524841309,8.069999694824219,8.149999618530273,8.0,8.100000381469727,2473200
2023-05-15,7.9223246574401855,8.09000015258789,8.149999618530273,8.010000228881836,8.079999923706055,2020000
2023-05-16,7.883154392242432,8.050000190734863,8.229999542236328,7.96999979019165,8.0600004196167,3035100
2023-05-17,7.941910743713379,8.109999656677246,8.199999809265137,8.020000457763672,8.109999656677246,1920600
2023-05-18,8.059422492980957,8.229999542236328,8.300000190734863,8.050000190734863,8.069999694824219,3468000
2023-05-19,7.932117938995361,8.100000381469727,8.34000015258789,8.039999961853027,8.3100004196167,2253800
2023-05-22,7.765641212463379,7.929999828338623,8.140000343322754,7.820000171661377,8.109999656677246,4340600
2023-05-23,7.746055603027344,7.909999847412109,8.029999732971191,7.880000114440918,7.929999828338623,2725700
2023-05-24,7.53061580657959,7.690000057220459,7.869999885559082,7.670000076293945,7.840000152587891,1651700
2023-05-25,7.559993743896484,7.71999979019165,7.75,7.53000020980835,7.659999847412109,1321400
2023-05-26,7.677507400512695,7.840000152587891,7.849999904632568,7.670000076293945,7.710000038146973,2915600
2023-05-30,7.706884860992432,7.869999885559082,8.029999732971191,7.800000190734863,7.900000095367432,2021500
2023-05-31,7.687299728393555,7.849999904632568,7.909999847412109,7.699999809265137,7.889999866485596,3037400
2023-06-01,7.716678142547607,7.880000114440918,8.039999961853027,7.840000152587891,7.840000152587891,3444100
2023-06-02,8.127973556518555,8.300000190734863,8.329999923706055,8.050000190734863,8.050000190734863,1692100
2023-06-05,8.069215774536133,8.239999771118164,8.34000015258789,8.170000076293945,8.210000038146973,3092500
2023-06-06,8.314033508300781,8.489999771118164,8.520000457763672,8.199999809265137,8.210000038146973,2355300
2023-06-07,8.314033508300781,8.489999771118164,8.680000305175781,8.420000076293945,8.59000015258789,2308900
2023-06-08,8.304242134094238,8.479999542236328,8.510000228881836,8.319999694824219,8.430000305175781,1638300
2023-06-09,8.127973556518555,8.300000190734863,8.449999809265137,8.270000457763672,8.430000305175781,1731300
2023-06-12,8.079009056091309,8.25,8.390000343322754,8.1899995803833,8.289999961853027,2179300
2023-06-13,7.971289157867432,8.140000343322754,8.329999923706055,8.140000343322754,8.289999961853027,2174300
2023-06-14,7.981080532073975,8.149999618530273,8.239999771118164,8.010000228881836,8.210000038146973,2502100
2023-06-15,7.824397563934326,7.989999771118164,8.140000343322754,7.840000152587891,8.140000343322754,2291300
2023-06-16,7.843983173370361,8.010000228881836,8.130000114440918,7.940000057220459,8.079999923706055,4120000
2023-06-20,7.706884860992432,7.869999885559082,8.010000228881836,7.849999904632568,7.989999771118164,2928100
2023-06-21,7.687299728393555,7.849999904632568,7.920000076293945,7.730000019073486,7.800000190734863,2715500
2023-06-22,7.628542900085449,7.789999961853027,7.889999866485596,7.739999771118164,7.860000133514404,1435700
2023-06-23,7.491445064544678,7.650000095367432,7.739999771118164,7.610000133514404,7.630000114440918,2613300
2023-06-26,7.491445064544678,7.650000095367432,7.800000190734863,7.590000152587891,7.590000152587891,2256400
2023-06-27,7.599164962768555,7.760000228881836,7.789999961853027,7.5,7.639999866485596,1645900
2023-06-28,7.579578876495361,7.739999771118164,7.809999942779541,7.699999809265137,7.769999980926514,1807300
2023-06-29,7.854842662811279,7.989999771118164,8.0,7.679999828338623,7.679999828338623,2821900
2023-06-30,7.874504566192627,8.010000228881836,8.069999694824219,7.929999828338623,8.050000190734863,1869300
2023-07-03,8.090782165527344,8.229999542236328,8.25,7.989999771118164,8.029999732971191,1059400
2023-07-05,7.992474555969238,8.130000114440918,8.210000038146973,8.029999732971191,8.15999984741211,1849800
2023-07-06,7.943320274353027,8.079999923706055,8.109999656677246,7.949999809265137,8.010000228881836,2010400
2023-07-07,7.992474555969238,8.130000114440918,8.270000457763672,8.109999656677246,8.109999656677246,1510700
2023-07-10,8.169429779052734,8.3100004196167,8.319999694824219,8.029999732971191,8.079999923706055,1306800
2023-07-11,8.198922157287598,8.34000015258789,8.390000343322754,8.279999732971191,8.329999923706055,1157100
2023-07-12,8.071121215820312,8.210000038146973,8.529999732971191,8.210000038146973,8.529999732971191,1719500
2023-07-13,8.031797409057617,8.170000076293945,8.270000457763672,8.149999618530273,8.199999809265137,1971200
2023-07-14,7.825350284576416,7.960000038146973,8.130000114440918,7.900000095367432,8.130000114440918,1863900
2023-07-17,7.835180759429932,7.96999979019165,8.09000015258789,7.920000076293945,7.920000076293945,2123200
2023-07-18,8.00230598449707,8.140000343322754,8.140000343322754,7.96999979019165,8.0,1068400
2023-07-19,8.090782165527344,8.229999542236328,8.260000228881836,8.15999984741211,8.210000038146973,2018700
2023-07-20,7.9334893226623535,8.069999694824219,8.239999771118164,8.010000228881836,8.239999771118164,1447500
2023-07-21,7.992474555969238,8.130000114440918,8.199999809265137,8.09000015258789,8.09000015258789,1919500
2023-07-24,7.962982177734375,8.100000381469727,8.15999984741211,8.039999961853027,8.130000114440918,1302600
2023-07-25,8.031797409057617,8.170000076293945,8.180000305175781,7.989999771118164,8.100000381469727,3073900
2023-07-26,7.972813129425049,8.109999656677246,8.3100004196167,8.109999656677246,8.149999618530273,1288200
2023-07-27,7.962982177734375,8.100000381469727,8.279999732971191,8.09000015258789,8.180000305175781,1924100
2023-07-28,8.287399291992188,8.430000305175781,8.5,8.149999618530273,8.180000305175781,1669000
2023-07-31,8.356215476989746,8.5,8.569999694824219,8.399999618530273,8.399999618530273,1666300
2023-08-01,8.238245964050293,8.380000114440918,8.470000267028809,8.149999618530273,8.470000267028809,2146800
2023-08-02,8.120277404785156,8.260000228881836,8.319999694824219,8.149999618530273,8.260000228881836,1820200
2023-08-03,7.7467041015625,7.880000114440918,8.140000343322754,7.849999904632568,8.140000343322754,3670400
2023-08-04,7.795857906341553,7.929999828338623,8.109999656677246,7.71999979019165,7.900000095367432,3802100
2023-08-07,7.982645034790039,8.119999885559082,8.199999809265137,7.909999847412109,7.949999809265137,2037500
2023-08-08,7.874504566192627,8.010000228881836,8.069999694824219,7.829999923706055,7.980000019073486,2896100
2023-08-09,7.923659324645996,8.0600004196167,8.130000114440918,7.980000019073486,8.029999732971191,1892400
2023-08-10,7.786026954650879,7.920000076293945,8.119999885559082,7.880000114440918,8.069999694824219,1140200
2023-08-11,7.677887439727783,7.809999942779541,7.929999828338623,7.71999979019165,7.869999885559082,1834000
2023-08-14,7.727042198181152,7.860000133514404,7.869999885559082,7.679999828338623,7.730000019073486,1759800
2023-08-15,7.7172112464904785,7.849999904632568,7.960000038146973,7.75,7.75,1908200
2023-08-16,7.677887439727783,7.809999942779541,7.929999828338623,7.769999980926514,7.849999904632568,2020600
2023-08-17,7.550086975097656,7.679999828338623,7.840000152587891,7.670000076293945,7.800000190734863,2055900
2023-08-18,7.727042198181152,7.860000133514404,7.889999866485596,7.559999942779541,7.590000152587891,1994700
2023-08-21,7.736872673034668,7.869999885559082,7.909999847412109,7.760000228881836,7.869999885559082,3208100
2023-08-22,7.756534576416016,7.889999866485596,7.96999979019165,7.71999979019165,7.849999904632568,1809700
2023-08-23,7.7467041015625,7.880000114440918,7.980000019073486,7.869999885559082,7.949999809265137,1536100
2023-08-24,7.520594596862793,7.650000095367432,7.920000076293945,7.650000095367432,7.840000152587891,2146200
2023-08-25,7.37313175201416,7.5,7.659999847412109,7.440000057220459,7.650000095367432,1464900
2023-08-28,7.756534576416016,7.889999866485596,8.0,7.650000095367432,7.650000095367432,3123900
2023-08-29,8.01213550567627,8.149999618530273,8.199999809265137,7.849999904632568,7.869999885559082,3871900
2023-08-30,8.00230598449707,8.140000343322754,8.270000457763672,8.069999694824219,8.130000114440918,4645700
2023-08-31,7.923659324645996,8.0600004196167,8.15999984741211,8.0,8.149999618530273,2635400
2023-09-01,7.874504566192627,8.010000228881836,8.210000038146973,8.010000228881836,8.1899995803833,1363000
2023-09-05,7.854842662811279,7.989999771118164,8.050000190734863,7.869999885559082,7.909999847412109,2241200
2023-09-06,7.815519332885742,7.949999809265137,8.039999961853027,7.909999847412109,8.0,1823000
2023-09-07,7.707380771636963,7.840000152587891,7.920000076293945,7.789999961853027,7.889999866485596,2540300
2023-09-08,7.982645034790039,8.119999885559082,8.140000343322754,7.829999923706055,7.860000133514404,2319500
2023-09-11,8.06128978729248,8.199999809265137,8.3100004196167,8.119999885559082,8.119999885559082,3854300
2023-09-12,8.169429779052734,8.3100004196167,8.34000015258789,8.100000381469727,8.199999809265137,3307100
2023-09-13,7.894165515899658,8.029999732971191,8.3100004196167,8.029999732971191,8.300000190734863,2122900
2023-09-14,7.982645034790039,8.119999885559082,8.239999771118164,7.949999809265137,8.140000343322754,1693000
2023-09-15,8.110445022583008,8.25,8.300000190734863,7.989999771118164,8.050000190734863,4272600
2023-09-18,7.962982177734375,8.100000381469727,8.289999961853027,8.0600004196167,8.220000267028809,1722100
2023-09-19,7.894165515899658,8.029999732971191,8.15999984741211,8.020000457763672,8.140000343322754,1265200
2023-09-20,7.805688381195068,7.940000057220459,8.130000114440918,7.920000076293945,8.09000015258789,1891700
2023-09-21,7.707380771636963,7.840000152587891,8.0,7.809999942779541,7.889999866485596,3222300
2023-09-22,7.638564109802246,7.769999980926514,7.929999828338623,7.769999980926514,7.860000133514404,2258400
2023-09-25,7.7663655281066895,7.900000095367432,7.949999809265137,7.670000076293945,7.699999809265137,2338300
2023-09-26,7.599241256713867,7.730000019073486,7.900000095367432,7.71999979019165,7.820000171661377,2985800
2023-09-27,7.8450117111206055,7.980000019073486,8.0600004196167,7.800000190734863,7.800000190734863,5180200
2023-09-28,7.983163356781006,8.09000015258789,8.199999809265137,7.949999809265137,7.949999809265137,3373400
2023-09-29,7.923954486846924,8.029999732971191,8.170000076293945,7.960000038146973,8.15999984741211,2798500
2023-10-02,7.96342658996582,8.069999694824219,8.109999656677246,7.980000019073486,7.989999771118164,3029200
2023-10-03,7.647653579711914,7.75,8.020000457763672,7.710000038146973,8.010000228881836,2203500
2023-10-04,7.815408706665039,7.920000076293945,7.940000057220459,7.710000038146973,7.809999942779541,2760700
2023-10-05,7.884483814239502,7.989999771118164,8.029999732971191,7.889999866485596,7.909999847412109,1736100
2023-10-06,7.8746161460876465,7.980000019073486,8.119999885559082,7.800000190734863,7.949999809265137,1550700
2023-10-09,7.8450117111206055,7.949999809265137,8.0,7.789999961853027,7.889999866485596,1772100
2023-10-10,7.96342658996582,8.069999694824219,8.130000114440918,8.0,8.0,1026500
2023-10-11,7.973295211791992,8.079999923706055,8.199999809265137,7.949999809265137,8.109999656677246,1868800
2023-10-12,7.973295211791992,8.079999923706055,8.130000114440918,7.989999771118164,8.119999885559082,989100
2023-10-13,7.8252763748168945,7.929999828338623,8.109999656677246,7.909999847412109,8.109999656677246,1337200
2023-10-16,8.01276683807373,8.119999885559082,8.180000305175781,8.0,8.020000457763672,2280100
2023-10-17,8.062106132507324,8.170000076293945,8.3100004196167,8.069999694824219,8.069999694824219,1570100
2023-10-18,7.894351959228516,8.0,8.130000114440918,8.0,8.069999694824219,1551400
2023-10-19,7.766068458557129,7.869999885559082,8.109999656677246,7.869999885559082,7.989999771118164,1694800
2023-10-20,7.687124729156494,7.789999961853027,7.960000038146973,7.789999961853027,7.900000095367432,2545100
2023-10-23,7.667388916015625,7.769999980926514,7.889999866485596,7.699999809265137,7.78000020980835,2491800
2023-10-24,7.785804748535156,7.889999866485596,7.980000019073486,7.800000190734863,7.880000114440918,1609400
2023-10-25,7.618049621582031,7.71999979019165,7.909999847412109,7.710000038146973,7.809999942779541,1524300
2023-10-26,7.667388916015625,7.769999980926514,7.849999904632568,7.690000057220459,7.760000228881836,1361700
2023-10-27,7.282539367675781,7.380000114440918,7.75,7.329999923706055,7.75,2932900
2023-10-30,7.568709850311279,7.670000076293945,7.739999771118164,7.400000095367432,7.480000019073486,2944300
2023-10-31,7.627917289733887,7.730000019073486,7.769999980926514,7.599999904632568,7.71999979019165,2230100
2023-11-01,7.667388916015625,7.769999980926514,8.0,7.449999809265137,7.960000038146973,5160700
2023-11-02,8.131181716918945,8.239999771118164,8.25,7.829999923706055,7.829999923706055,2349300
2023-11-03,8.338409423828125,8.449999809265137,8.59000015258789,8.350000381469727,8.380000114440918,1726700
2023-11-06,8.219993591308594,8.329999923706055,8.479999542236328,8.3100004196167,8.449999809265137,1423800
2023-11-07,8.180522918701172,8.289999961853027,8.359999656677246,8.239999771118164,8.359999656677246,1241900
2023-11-08,8.002899169921875,8.109999656677246,8.319999694824219,8.0600004196167,8.319999694824219,1471800
2023-11-09,7.96342658996582,8.069999694824219,8.239999771118164,8.010000228881836,8.239999771118164,1267900
2023-11-10,8.081842422485352,8.1899995803833,8.229999542236328,7.980000019073486,8.09000015258789,1227000
2023-11-13,8.062106132507324,8.170000076293945,8.270000457763672,8.039999961853027,8.100000381469727,986800
2023-11-14,8.34827709197998,8.460000038146973,8.640000343322754,8.399999618530273,8.510000228881836,2403300
2023-11-15,8.318673133850098,8.430000305175781,8.569999694824219,8.380000114440918,8.460000038146973,1891800
2023-11-16,8.210125923156738,8.319999694824219,8.5,8.279999732971191,8.430000305175781,1567800
2023-11-17,8.308805465698242,8.420000076293945,8.470000267028809,8.380000114440918,8.40999984741211,1796300
2023-11-20,8.279202461242676,8.390000343322754,8.4399995803833,8.350000381469727,8.40999984741211,1573300
2023-11-21,8.081842422485352,8.1899995803833,8.350000381469727,8.149999618530273,8.329999923706055,1720900
2023-11-22,8.131181716918945,8.239999771118164,8.350000381469727,8.220000267028809,8.270000457763672,1146600
2023-11-24,8.239729881286621,8.350000381469727,8.359999656677246,8.220000267028809,8.270000457763672,441100
2023-11-27,8.200257301330566,8.3100004196167,8.350000381469727,8.229999542236328,8.289999961853027,1297400
2023-11-28,8.24959659576416,8.359999656677246,8.399999618530273,8.260000228881836,8.319999694824219,1614100
2023-11-29,8.170653343200684,8.279999732971191,8.640000343322754,8.270000457763672,8.420000076293945,1980900
2023-11-30,8.210125923156738,8.319999694824219,8.369999885559082,8.270000457763672,8.300000190734863,1731300
2023-12-01,8.368012428283691,8.479999542236328,8.510000228881836,8.270000457763672,8.329999923706055,2892000
2023-12-04,8.535767555236816,8.649999618530273,8.670000076293945,8.460000038146973,8.470000267028809,2485300
2023-12-05,8.29893684387207,8.40999984741211,8.640000343322754,8.329999923706055,8.640000343322754,1641400
2023-12-06,8.279202461242676,8.390000343322754,8.579999923706055,8.369999885559082,8.5,1414500
2023-12-07,8.437088966369629,8.550000190734863,8.5600004196167,8.34000015258789,8.390000343322754,1865900
2023-12-08,8.486429214477539,8.600000381469727,8.630000114440918,8.380000114440918,8.390000343322754,2483900
2023-12-11,8.63444709777832,8.75,8.770000457763672,8.600000381469727,8.640000343322754,1273700
2023-12-12,8.723258018493652,8.84000015258789,8.899999618530273,8.720000267028809,8.75,1830000
2023-12-13,8.841672897338867,8.960000038146973,9.039999961853027,8.699999809265137,8.8100004196167,2765600
2023-12-14,9.147579193115234,9.270000457763672,9.520000457763672,9.140000343322754,9.140000343322754,4166300
2023-12-15,9.068635940551758,9.1899995803833,9.319999694824219,9.0600004196167,9.279999732971191,7679700
2023-12-18,9.117976188659668,9.239999771118164,9.350000381469727,9.15999984741211,9.229999542236328,2369000
2023-12-19,9.167315483093262,9.289999961853027,9.420000076293945,9.239999771118164,9.40999984741211,2514500
2023-12-20,9.196919441223145,9.319999694824219,9.479999542236328,9.149999618530273,9.25,3370100
2023-12-21,9.335071563720703,9.460000038146973,9.539999961853027,9.390000343322754,9.460000038146973,2067400
2023-12-22,9.443618774414062,9.569999694824219,9.649999618530273,9.479999542236328,9.529999732971191,2114500
2023-12-26,9.483088493347168,9.609999656677246,9.640000343322754,9.510000228881836,9.619999885559082,996300
2023-12-27,9.483088493347168,9.609999656677246,9.699999809265137,9.550000190734863,9.649999618530273,1148800
2023-12-28,9.45339298248291,9.550000190734863,9.600000381469727,9.479999542236328,9.510000228881836,911200
2023-12-29,9.295012474060059,9.390000343322754,9.539999961853027,9.390000343322754,9.510000228881836,1088900
2024-01-02,9.285113334655762,9.380000114440918,9.510000228881836,9.300000190734863,9.380000114440918,1704600
2024-01-03,9.156428337097168,9.25,9.380000114440918,9.229999542236328,9.260000228881836,1764800
2024-01-04,9.205923080444336,9.300000190734863,9.380000114440918,9.220000267028809,9.289999961853027,1198800
2024-01-05,9.265316009521484,9.359999656677246,9.470000267028809,9.199999809265137,9.220000267028809,1249200
2024-01-08,9.394000053405762,9.489999771118164,9.510000228881836,9.319999694824219,9.319999694824219,1172200
2024-01-09,9.295012474060059,9.390000343322754,9.399999618530273,9.279999732971191,9.350000381469727,1164600
2024-01-10,9.364304542541504,9.460000038146973,9.520000457763672,9.369999885559082,9.470000267028809,1876800
2024-01-11,9.354405403137207,9.449999809265137,9.470000267028809,9.319999694824219,9.380000114440918,2015200
2024-01-12,9.275214195251465,9.369999885559082,9.579999923706055,9.350000381469727,9.5600004196167,802000
2024-01-16,9.215822219848633,9.3100004196167,9.369999885559082,9.229999542236328,9.229999542236328,986000
2024-01-17,9.097034454345703,9.1899995803833,9.350000381469727,9.130000114440918,9.140000343322754,1373500
2024-01-18,9.166327476501465,9.260000228881836,9.289999961853027,9.130000114440918,9.279999732971191,1380300
2024-01-19,9.55238151550293,9.649999618530273,9.65999984741211,9.239999771118164,9.319999694824219,6210500
2024-01-22,9.384099960327148,9.479999542236328,9.75,9.460000038146973,9.65999984741211,3665300
2024-01-23,9.10693359375,9.199999809265137,9.579999923706055,9.1899995803833,9.550000190734863,2301100
2024-01-24,8.998046875,9.09000015258789,9.319999694824219,9.050000190734863,9.319999694824219,2369300
2024-01-25,9.087136268615723,9.180000305175781,9.329999923706055,9.09000015258789,9.25,1628400
2024-01-26,9.235618591308594,9.329999923706055,9.369999885559082,9.220000267028809,9.220000267028809,1602200
2024-01-29,9.285113334655762,9.380000114440918,9.399999618530273,9.210000038146973,9.319999694824219,2431500
2024-01-30,9.255417823791504,9.350000381469727,9.399999618530273,9.289999961853027,9.300000190734863,1432000
2024-01-31,9.047541618347168,9.140000343322754,9.369999885559082,9.119999885559082,9.329999923706055,1662600
2024-02-01,9.205923080444336,9.300000190734863,9.3100004196167,9.09000015258789,9.170000076293945,2012000
2024-02-02,9.156428337097168,9.25,9.3100004196167,9.09000015258789,9.1899995803833,1308300
2024-02-05,9.077237129211426,9.170000076293945,9.239999771118164,9.029999732971191,9.09000015258789,936300
2024-02-06,9.10693359375,9.199999809265137,9.279999732971191,9.109999656677246,9.130000114440918,877500
2024-02-07,9.027742385864258,9.119999885559082,9.229999542236328,9.09000015258789,9.210000038146973,1101100
2024-02-08,9.176225662231445,9.270000457763672,9.270000457763672,9.069999694824219,9.079999923706055,1091500
2024-02-09,9.136630058288574,9.229999542236328,9.270000457763672,9.119999885559082,9.270000457763672,1360300
2024-02-12,9.215822219848633,9.3100004196167,9.359999656677246,9.239999771118164,9.260000228881836,973400
2024-02-13,8.839665412902832,8.930000305175781,9.069999694824219,8.829999923706055,8.979999542236328,1664500
2024-02-14,8.988147735595703,9.079999923706055,9.170000076293945,8.930000305175781,9.0,1247000
2024-02-15,9.205923080444336,9.300000190734863,9.319999694824219,9.180000305175781,9.180000305175781,1944700
2024-02-16,9.097034454345703,9.1899995803833,9.25,9.09000015258789,9.15999984741211,1941100
2024-02-20,9.136630058288574,9.229999542236328,9.25,9.0,9.069999694824219,1189600
2024-02-21,9.186124801635742,9.279999732971191,9.34000015258789,9.220000267028809,9.229999542236328,1935800
2024-02-22,9.255417823791504,9.350000381469727,9.399999618530273,9.119999885559082,9.229999542236328,2499100
2024-02-23,9.235618591308594,9.329999923706055,9.989999771118164,9.239999771118164,9.550000190734863,2919800
2024-02-26,9.017843246459961,9.109999656677246,9.279999732971191,9.100000381469727,9.239999771118164,1597100
2024-02-27,9.087136268615723,9.180000305175781,9.25,9.130000114440918,9.170000076293945,1274900
2024-02-28,9.275214195251465,9.369999885559082,9.479999542236328,9.09000015258789,9.09000015258789,2043500
2024-02-29,9.304910659790039,9.399999618530273,9.529999732971191,9.3100004196167,9.5,2775100
2024-03-01,9.443493843078613,9.539999961853027,9.5600004196167,9.359999656677246,9.420000076293945,1423600
2024-03-04,9.433594703674316,9.529999732971191,9.569999694824219,9.460000038146973,9.510000228881836,1016000
2024-03-05,9.374201774597168,9.470000267028809,9.619999885559082,9.460000038146973,9.510000228881836,1299700
2024-03-06,9.433594703674316,9.529999732971191,9.869999885559082,9.529999732971191,9.5600004196167,2190300
2024-03-07,9.394000053405762,9.489999771118164,9.630000114440918,9.4399995803833,9.609999656677246,956300
2024-03-08,9.55238151550293,9.649999618530273,9.680000305175781,9.510000228881836,9.579999923706055,1226000
2024-03-11,9.473190307617188,9.569999694824219,9.649999618530273,9.470000267028809,9.619999885559082,879900
2024-03-12,9.45339298248291,9.550000190734863,9.6899995803833,9.529999732971191,9.529999732971191,734800
2024-03-13,9.324708938598633,9.420000076293945,9.600000381469727,9.390000343322754,9.520000457763672,794700
2024-03-14,9.285113334655762,9.380000114440918,9.449999809265137,9.270000457763672,9.350000381469727,1056400
2024-03-15,9.285113334655762,9.380000114440918,9.460000038146973,9.260000228881836,9.319999694824219,2735500
2024-03-18,9.314809799194336,9.40999984741211,9.479999542236328,9.329999923706055,9.380000114440918,979100
2024-03-19,9.354405403137207,9.449999809265137,9.5,9.369999885559082,9.369999885559082,1311900
2024-03-20,9.463293075561523,9.5600004196167,9.600000381469727,9.380000114440918,9.380000114440918,1525500
2024-03-21,9.700864791870117,9.800000190734863,9.829999923706055,9.579999923706055,9.619999885559082,2375700
2024-03-22,9.483089447021484,9.579999923706055,9.84000015258789,9.550000190734863,9.819999694824219,1893900
2024-03-25,9.413798332214355,9.510000228881836,9.649999618530273,9.510000228881836,9.649999618530273,1161100
2024-03-26,9.314809799194336,9.40999984741211,9.569999694824219,9.399999618530273,9.5600004196167,1084900
2024-03-27,9.553140640258789,9.619999885559082,9.630000114440918,9.4399995803833,9.5,1564700
2024-03-28,9.54321002960205,9.609999656677246,9.6899995803833,9.539999961853027,9.670000076293945,918400
2024-04-01,9.4736967086792,9.539999961853027,9.640000343322754,9.460000038146973,9.640000343322754,833300
2024-04-02,9.344600677490234,9.40999984741211,9.489999771118164,9.329999923706055,9.399999618530273,1476000
2024-04-03,9.364462852478027,9.430000305175781,9.430000305175781,9.300000190734863,9.329999923706055,991800
2024-04-04,9.285018920898438,9.350000381469727,9.569999694824219,9.279999732971191,9.550000190734863,1246000
2024-04-05,9.37439250946045,9.4399995803833,9.470000267028809,9.34000015258789,9.359999656677246,919000
2024-04-08,9.433975219726562,9.5,9.569999694824219,9.399999618530273,9.430000305175781,1161000
2024-04-09,9.563072204589844,9.630000114440918,9.65999984741211,9.430000305175781,9.529999732971191,1136400
2024-04-10,9.275087356567383,9.34000015258789,9.489999771118164,9.270000457763672,9.399999618530273,1441400
2024-04-11,9.394253730773926,9.460000038146973,9.489999771118164,9.289999961853027,9.359999656677246,1230600
2024-04-12,9.21550464630127,9.279999732971191,9.420000076293945,9.239999771118164,9.350000381469727,1151000
2024-04-15,9.245296478271484,9.3100004196167,9.479999542236328,9.239999771118164,9.329999923706055,5734000
2024-04-16,8.927518844604492,8.989999771118164,9.239999771118164,8.989999771118164,9.239999771118164,3224800
2024-04-17,8.718978881835938,8.779999732971191,9.069999694824219,8.739999771118164,9.029999732971191,5036600
2024-04-18,8.718978881835938,8.779999732971191,8.90999984741211,8.699999809265137,8.800000190734863,2502700
2024-04-19,8.768631935119629,8.829999923706055,8.890000343322754,8.729999542236328,8.760000228881836,1988300
2024-04-22,8.887798309326172,8.949999809265137,8.960000038146973,8.819999694824219,8.880000114440918,1887900
2024-04-23,9.086407661437988,9.149999618530273,9.15999984741211,8.890000343322754,8.930000305175781,2623200
2024-04-24,9.155921936035156,9.220000267028809,9.260000228881836,9.100000381469727,9.119999885559082,2758700
2024-04-25,9.016894340515137,9.079999923706055,9.149999618530273,9.039999961853027,9.119999885559082,2075000
2024-04-26,8.987102508544922,9.050000190734863,9.210000038146973,9.050000190734863,9.079999923706055,1335600
2024-04-29,9.036755561828613,9.100000381469727,9.170000076293945,9.0,9.100000381469727,2769900
2024-04-30,8.83814525604248,8.899999618530273,9.069999694824219,8.899999618530273,9.029999732971191,2735400
2024-05-01,8.788493156433105,8.850000381469727,9.0,8.800000190734863,8.90999984741211,1664300
2024-05-02,8.709049224853516,8.770000457763672,8.960000038146973,8.619999885559082,8.960000038146973,4813500
2024-05-03,8.768631935119629,8.829999923706055,9.149999618530273,8.619999885559082,9.039999961853027,2289100
2024-05-06,8.75870132446289,8.819999694824219,8.930000305175781,8.75,8.90999984741211,2602000
2024-05-07,8.659396171569824,8.720000267028809,8.90999984741211,8.65999984741211,8.880000114440918,2402000
2024-05-08,8.361481666564941,8.420000076293945,8.670000076293945,8.399999618530273,8.630000114440918,2552600
2024-05-09,8.460786819458008,8.520000457763672,8.569999694824219,8.380000114440918,8.420000076293945,1907800
2024-05-10,8.450855255126953,8.510000228881836,8.529999732971191,8.380000114440918,8.529999732971191,1906200
2024-05-13,8.411134719848633,8.470000267028809,8.619999885559082,8.4399995803833,8.59000015258789,1431400
2024-05-14,8.450855255126953,8.510000228881836,8.630000114440918,8.470000267028809,8.569999694824219,1914800
2024-05-15,8.37141227722168,8.430000305175781,8.640000343322754,8.399999618530273,8.619999885559082,3020600
2024-05-16,8.510437965393066,8.569999694824219,8.579999923706055,8.4399995803833,8.449999809265137,2006000
2024-05-17,8.381341934204102,8.4399995803833,8.609999656677246,8.420000076293945,8.59000015258789,1723600
2024-05-20,8.37141227722168,8.430000305175781,8.520000457763672,8.40999984741211,8.420000076293945,1517200
2024-05-21,8.381341934204102,8.4399995803833,8.460000038146973,8.390000343322754,8.390000343322754,1677700
2024-05-22,8.411134719848633,8.470000267028809,8.520000457763672,8.40999984741211,8.420000076293945,2518700
2024-05-23,8.321760177612305,8.380000114440918,8.550000190734863,8.350000381469727,8.520000457763672,4364200
2024-05-24,8.421064376831055,8.479999542236328,8.539999961853027,8.390000343322754,8.430000305175781,2069200
2024-05-28,8.391273498535156,8.449999809265137,8.539999961853027,8.380000114440918,8.529999732971191,2318800
2024-05-29,8.331690788269043,8.390000343322754,8.420000076293945,8.319999694824219,8.350000381469727,2775300
2024-05-30,8.351551055908203,8.40999984741211,8.470000267028809,8.359999656677246,8.420000076293945,2902900
2024-05-31,8.411134719848633,8.470000267028809,8.510000228881836,8.390000343322754,8.420000076293945,2387500
2024-06-03,8.490577697753906,8.550000190734863,8.600000381469727,8.460000038146973,8.569999694824219,1410000
2024-06-04,8.391273498535156,8.449999809265137,8.640000343322754,8.4399995803833,8.489999771118164,1081700
2024-06-05,8.29196834564209,8.350000381469727,8.489999771118164,8.34000015258789,8.460000038146973,1269900
2024-06-06,8.29196834564209,8.350000381469727,8.460000038146973,8.300000190734863,8.34000015258789,1721100
2024-06-07,8.182731628417969,8.239999771118164,8.319999694824219,8.1899995803833,8.270000457763672,1417900
2024-06-10,8.23238468170166,8.289999961853027,8.3100004196167,8.130000114440918,8.15999984741211,1587300
2024-06-11,8.123149871826172,8.180000305175781,8.279999732971191,8.180000305175781,8.270000457763672,2293500
2024-06-12,8.31182861328125,8.369999885559082,8.569999694824219,8.34000015258789,8.380000114440918,2010900
2024-06-13,8.222454071044922,8.279999732971191,8.40999984741211,8.25,8.40999984741211,1513300
2024-06-14,8.15294075012207,8.210000038146973,8.239999771118164,8.079999923706055,8.1899995803833,2190100
2024-06-17,8.252245903015137,8.3100004196167,8.329999923706055,8.149999618530273,8.149999618530273,984800
2024-06-18,8.202593803405762,8.260000228881836,8.390000343322754,8.210000038146973,8.329999923706055,1391400
2024-06-20,8.222454071044922,8.279999732971191,8.3100004196167,8.170000076293945,8.199999809265137,1149800
2024-06-21,8.282037734985352,8.34000015258789,8.399999618530273,8.25,8.279999732971191,3764600
2024-06-24,8.391273498535156,8.449999809265137,8.470000267028809,8.329999923706055,8.40999984741211,2098500
2024-06-25,8.242315292358398,8.300000190734863,8.4399995803833,8.270000457763672,8.420000076293945,1352600
2024-06-26,8.17280101776123,8.229999542236328,8.270000457763672,8.149999618530273,8.229999542236328,1658400
2024-06-27,8.252245903015137,8.3100004196167,8.319999694824219,8.149999618530273,8.229999542236328,1189900
2024-06-28,8.421675682067871,8.449999809265137,8.470000267028809,8.229999542236328,8.34000015258789,3091800
2024-07-01,8.252245903015137,8.279999732971191,8.460000038146973,8.229999542236328,8.420000076293945,1537400
2024-07-02,8.222346305847168,8.25,8.319999694824219,8.220000267028809,8.319999694824219,924200
2024-07-03,8.222346305847168,8.25,8.329999923706055,8.210000038146973,8.300000190734863,547300
2024-07-05,8.16254711151123,8.1899995803833,8.239999771118164,8.15999984741211,8.199999809265137,1647100
2024-07-08,8.202413558959961,8.229999542236328,8.3100004196167,8.229999542236328,8.260000228881836,1937100
2024-07-09,8.172513961791992,8.199999809265137,8.319999694824219,8.149999618530273,8.1899995803833,2395600
2024-07-10,8.312045097351074,8.34000015258789,8.350000381469727,8.220000267028809,8.279999732971191,2335900
2024-07-11,8.262212753295898,8.289999961853027,8.5600004196167,8.279999732971191,8.529999732971191,2089300
2024-07-12,8.302078247070312,8.329999923706055,8.420000076293945,8.270000457763672,8.420000076293945,2094300
2024-07-15,8.49144172668457,8.520000457763672,8.539999961853027,8.34000015258789,8.430000305175781,2118900
2024-07-16,8.640938758850098,8.670000076293945,8.710000038146973,8.489999771118164,8.619999885559082,3470200
2024-07-17,8.65090560913086,8.680000305175781,8.789999961853027,8.569999694824219,8.59000015258789,2344700
2024-07-18,8.341944694519043,8.369999885559082,8.670000076293945,8.319999694824219,8.600000381469727,1719200
2024-07-19,8.312045097351074,8.34000015258789,8.369999885559082,8.229999542236328,8.350000381469727,1555600
2024-07-22,8.36187744140625,8.390000343322754,8.430000305175781,8.270000457763672,8.40999984741211,1233200
2024-07-23,8.501407623291016,8.529999732971191,8.59000015258789,8.319999694824219,8.329999923706055,1897900
2024-07-24,8.222346305847168,8.25,8.539999961853027,8.239999771118164,8.479999542236328,1478400
2024-07-25,8.16254711151123,8.1899995803833,8.289999961853027,8.119999885559082,8.239999771118164,3009000
2024-07-26,8.302078247070312,8.329999923706055,8.399999618530273,8.199999809265137,8.300000190734863,1307300
2024-07-29,8.36187744140625,8.390000343322754,8.430000305175781,8.300000190734863,8.34000015258789,1226100
2024-07-30,8.36187744140625,8.390000343322754,8.4399995803833,8.3100004196167,8.420000076293945,1770300
2024-07-31,8.202413558959961,8.229999542236328,8.479999542236328,8.220000267028809,8.399999618530273,3709500
2024-08-01,8.062883377075195,8.09000015258789,8.289999961853027,8.039999961853027,8.260000228881836,2733100
2024-08-02,8.062883377075195,8.09000015258789,8.369999885559082,7.75,7.909999847412109,4483700
2024-08-05,7.903419017791748,7.929999828338623,8.069999694824219,7.820000171661377,7.980000019073486,3421300
2024-08-06,8.023016929626465,8.050000190734863,8.170000076293945,7.829999923706055,7.909999847412109,2016900
2024-08-07,7.923351764678955,7.949999809265137,8.130000114440918,7.940000057220459,8.079999923706055,3614900
2024-08-08,8.052916526794434,8.079999923706055,8.119999885559082,7.989999771118164,8.039999961853027,1721400
2024-08-09,8.042949676513672,8.069999694824219,8.069999694824219,7.960000038146973,8.0600004196167,2468500
2024-08-12,7.733989238739014,7.760000228881836,8.0600004196167,7.739999771118164,8.039999961853027,1639800
2024-08-13,7.903419017791748,7.929999828338623,7.940000057220459,7.769999980926514,7.829999923706055,1171400
2024-08-14,7.963217735290527,7.989999771118164,8.0,7.900000095367432,7.960000038146973,923800
2024-08-15,8.152581214904785,8.180000305175781,8.239999771118164,8.069999694824219,8.140000343322754,1594900
2024-08-16,8.16254711151123,8.1899995803833,8.239999771118164,8.140000343322754,8.140000343322754,1191100
2024-08-19,8.40174388885498,8.430000305175781,8.4399995803833,8.170000076293945,8.1899995803833,1515100
2024-08-20,8.242280006408691,8.270000457763672,8.420000076293945,8.270000457763672,8.399999618530273,2043800
2024-08-21,8.36187744140625,8.390000343322754,8.420000076293945,8.260000228881836,8.289999961853027,1240200
2024-08-22,8.45157527923584,8.479999542236328,8.569999694824219,8.399999618530273,8.399999618530273,1395000
2024-08-23,8.640938758850098,8.670000076293945,8.729999542236328,8.470000267028809,8.539999961853027,1385300
2024-08-26,8.601073265075684,8.630000114440918,8.770000457763672,8.609999656677246,8.75,1493300
2024-08-27,8.571173667907715,8.600000381469727,8.649999618530273,8.579999923706055,8.609999656677246,1545200
2024-08-28,8.571173667907715,8.600000381469727,8.619999885559082,8.539999961853027,8.600000381469727,1446000
2024-08-29,8.630971908569336,8.65999984741211,8.760000228881836,8.609999656677246,8.670000076293945,1572800
2024-08-30,8.760536193847656,8.789999961853027,8.789999961853027,8.630000114440918,8.699999809265137,1959500
2024-09-03,8.621005058288574,8.649999618530273,8.760000228881836,8.539999961853027,8.75,1766300
2024-09-04,8.371843338012695,8.399999618530273,8.699999809265137,8.399999618530273,8.609999656677246,2190000
2024-09-05,8.282145500183105,8.3100004196167,8.510000228881836,8.279999732971191,8.4399995803833,2076500
2024-09-06,8.27217960357666,8.300000190734863,8.420000076293945,8.239999771118164,8.319999694824219,2476100
2024-09-09,8.282145500183105,8.3100004196167,8.399999618530273,8.229999542236328,8.270000457763672,1854400
2024-09-10,8.282145500183105,8.3100004196167,8.350000381469727,8.199999809265137,8.34000015258789,1414000
2024-09-11,8.282145500183105,8.3100004196167,8.359999656677246,8.180000305175781,8.229999542236328,1949300
2024-09-12,8.421675682067871,8.449999809265137,8.470000267028809,8.279999732971191,8.359999656677246,1710400
2024-09-13,8.49144172668457,8.520000457763672,8.5600004196167,8.449999809265137,8.529999732971191,1476200
2024-09-16,8.411709785461426,8.4399995803833,8.550000190734863,8.4399995803833,8.529999732971191,1618500
2024-09-17,8.58113956451416,8.609999656677246,8.630000114440918,8.460000038146973,8.520000457763672,2599100
2024-09-18,8.591106414794922,8.619999885559082,8.789999961853027,8.529999732971191,8.579999923706055,2306900
2024-09-19,9.069498062133789,9.100000381469727,9.109999656677246,8.779999732971191,8.829999923706055,3074700
2024-09-20,9.019665718078613,9.050000190734863,9.170000076293945,8.90999984741211,8.920000076293945,7647600
2024-09-23,9.009698867797852,9.039999961853027,9.130000114440918,8.989999771118164,9.079999923706055,1673900
2024-09-24,9.019665718078613,9.050000190734863,9.180000305175781,9.039999961853027,9.100000381469727,2080000
2024-09-25,8.860201835632324,8.890000343322754,9.020000457763672,8.890000343322754,9.020000457763672,2217700
2024-09-26,8.910033226013184,8.9399995803833,9.0,8.859999656677246,8.970000267028809,1556200
2024-09-27,8.920000076293945,8.949999809265137,9.100000381469727,8.920000076293945,9.039999961853027,1525500
2024-09-30,8.729999542236328,8.729999542236328,8.880000114440918,8.619999885559082,8.859999656677246,2328800
2024-10-01,8.75,8.75,8.789999961853027,8.539999961853027,8.729999542236328,1895300
2024-10-02,8.829999923706055,8.829999923706055,8.859999656677246,8.65999984741211,8.680000305175781,1135600
2024-10-03,8.779999732971191,8.779999732971191,8.800000190734863,8.640000343322754,8.760000228881836,1426100
2024-10-04,9.109999656677246,9.109999656677246,9.140000343322754,8.829999923706055,8.890000343322754,1996600
2024-10-07,8.850000381469727,8.850000381469727,9.0600004196167,8.800000190734863,9.010000228881836,2546300
2024-10-08,8.789999961853027,8.789999961853027,8.890000343322754,8.579999923706055,8.890000343322754,2933900
2024-10-09,8.720000267028809,8.720000267028809,8.850000381469727,8.720000267028809,8.789999961853027,1341800
2024-10-10,8.8100004196167,8.8100004196167,8.8100004196167,8.609999656677246,8.609999656677246,1568100
2024-10-11,8.899999618530273,8.899999618530273,8.9399995803833,8.760000228881836,8.819999694824219,1426300
2024-10-14,8.850000381469727,8.850000381469727,8.890000343322754,8.779999732971191,8.890000343322754,811800
2024-10-15,8.899999618530273,8.899999618530273,9.029999732971191,8.880000114440918,8.920000076293945,1567700
2024-10-16,9.100000381469727,9.100000381469727,9.130000114440918,8.90999984741211,8.970000267028809,1181200
2024-10-17,9.100000381469727,9.100000381469727,9.1899995803833,8.989999771118164,9.100000381469727,1046400
2024-10-18,9.0,9.0,9.149999618530273,8.979999542236328,9.149999618530273,735000
2024-10-21,8.960000038146973,8.960000038146973,9.020000457763672,8.899999618530273,9.0,1568900
2024-10-22,8.869999885559082,8.869999885559082,8.989999771118164,8.819999694824219,8.890000343322754,1097400
2024-10-23,8.699999809265137,8.699999809265137,8.850000381469727,8.640000343322754,8.819999694824219,1092200
2024-10-24,8.850000381469727,8.850000381469727,8.859999656677246,8.710000038146973,8.729999542236328,790400
2024-10-25,8.779999732971191,8.779999732971191,8.930000305175781,8.779999732971191,8.90999984741211,1028700
2024-10-28,8.890000343322754,8.890000343322754,8.930000305175781,8.850000381469727,8.880000114440918,1143500
2024-10-29,8.84000015258789,8.84000015258789,8.899999618530273,8.779999732971191,8.800000190734863,913600
2024-10-30,8.890000343322754,8.890000343322754,8.979999542236328,8.829999923706055,8.829999923706055,1213400
2024-10-31,8.569999694824219,8.569999694824219,8.899999618530273,8.569999694824219,8.899999618530273,1584800
2024-11-01,8.600000381469727,8.600000381469727,8.739999771118164,8.600000381469727,8.609999656677246,1455800
2024-11-04,8.699999809265137,8.699999809265137,8.8100004196167,8.600000381469727,8.600000381469727,1453300
2024-11-05,8.75,8.75,8.770000457763672,8.609999656677246,8.65999984741211,1236600
2024-11-06,9.300000190734863,9.300000190734863,9.449999809265137,9.109999656677246,9.199999809265137,3636000
2024-11-07,9.25,9.25,9.3100004196167,9.100000381469727,9.3100004196167,2068600
2024-11-08,9.260000228881836,9.260000228881836,9.329999923706055,8.949999809265137,9.029999732971191,3246900
2024-11-11,9.25,9.25,9.4399995803833,9.220000267028809,9.300000190734863,1580900
2024-11-12,9.15999984741211,9.15999984741211,9.25,9.069999694824219,9.199999809265137,1915300
2024-11-13,9.25,9.25,9.350000381469727,9.069999694824219,9.180000305175781,1462400
2024-11-14,9.039999961853027,9.039999961853027,9.350000381469727,9.029999732971191,9.279999732971191,1519500
2024-11-15,8.859999656677246,8.859999656677246,9.1899995803833,8.850000381469727,9.039999961853027,1591500
2024-11-18,8.880000114440918,8.880000114440918,8.920000076293945,8.760000228881836,8.890000343322754,1180700
2024-11-19,8.949999809265137,8.949999809265137,8.979999542236328,8.779999732971191,8.779999732971191,1196800
2024-11-20,8.970000267028809,8.970000267028809,9.010000228881836,8.890000343322754,8.890000343322754,1035500
2024-11-21,9.140000343322754,9.140000343322754,9.1899995803833,8.989999771118164,9.010000228881836,1015200
2024-11-22,9.15999984741211,9.15999984741211,9.220000267028809,9.020000457763672,9.020000457763672,1620100
2024-11-25,9.350000381469727,9.350000381469727,9.369999885559082,9.210000038146973,9.220000267028809,2985500
2024-11-26,9.210000038146973,9.210000038146973,9.369999885559082,9.180000305175781,9.239999771118164,2846900
2024-11-27,9.199999809265137,9.199999809265137,9.369999885559082,9.140000343322754,9.300000190734863,1616900
2024-11-29,9.279999732971191,9.279999732971191,9.359999656677246,9.15999984741211,9.279999732971191,987500
2024-12-02,9.34000015258789,9.34000015258789,9.359999656677246,9.149999618530273,9.270000457763672,3396400
2024-12-03,9.739999771118164,9.739999771118164,10.0,9.479999542236328,9.489999771118164,10614500
2024-12-04,9.59000015258789,9.59000015258789,9.890000343322754,9.539999961853027,9.720000267028809,4555800
2024-12-05,9.569999694824219,9.569999694824219,9.630000114440918,9.460000038146973,9.579999923706055,2088100
2024-12-06,9.579999923706055,9.579999923706055,9.65999984741211,9.550000190734863,9.630000114440918,1703500
2024-12-09,9.630000114440918,9.630000114440918,9.710000038146973,9.579999923706055,9.619999885559082,2683800
2024-12-10,9.729999542236328,9.729999542236328,9.850000381469727,9.600000381469727,9.680000305175781,10040600
2024-12-11,9.670000076293945,9.670000076293945,9.779999732971191,9.609999656677246,9.779999732971191,2969300
2024-12-12,9.6899995803833,9.6899995803833,9.789999961853027,9.579999923706055,9.619999885559082,4514200
2024-12-13,9.649999618530273,9.649999618530273,9.699999809265137,9.520000457763672,9.649999618530273,1908900
2024-12-16,9.729999542236328,9.729999542236328,9.819999694824219,9.630000114440918,9.649999618530273,1486200
2024-12-17,9.699999809265137,9.699999809265137,9.760000228881836,9.569999694824219,9.710000038146973,1935900
2024-12-18,9.180000305175781,9.180000305175781,9.720000267028809,9.149999618530273,9.699999809265137,4663700
2024-12-19,9.229999542236328,9.229999542236328,9.359999656677246,9.210000038146973,9.300000190734863,2913900
2024-12-20,9.319999694824219,9.319999694824219,9.510000228881836,9.15999984741211,9.15999984741211,4668400
