Date,Adj Close,Close,High,Low,Open,Volume
1994-04-12,3.2520127296447754,4.7083330154418945,4.7916669845581055,4.6666669845581055,4.6666669845581055,5143200
1994-04-13,3.223233222961426,4.6666669845581055,4.75,4.6666669845581055,4.75,1094100
1994-04-14,3.223233222961426,4.6666669845581055,4.7083330154418945,4.6666669845581055,4.6666669845581055,204600
1994-04-15,3.2520127296447754,4.7083330154418945,4.7083330154418945,4.6666669845581055,4.6666669845581055,483900
1994-04-18,3.223233222961426,4.6666669845581055,4.7083330154418945,4.6666669845581055,4.6666669845581055,608700
1994-04-19,3.1656763553619385,4.5833330154418945,4.7083330154418945,4.5,4.6666669845581055,939600
1994-04-20,2.993002414703369,4.3333330154418945,4.5416669845581055,4.3333330154418945,4.5416669845581055,221100
1994-04-21,2.935443639755249,4.25,4.2916669845581055,4.2083330154418945,4.25,40500
1994-04-22,2.820328950881958,4.0833330154418945,4.1666669845581055,4.0833330154418945,4.1666669845581055,42000
1994-04-25,2.820328950881958,4.0833330154418945,4.125,4.0833330154418945,4.125,34500
1994-04-26,2.9066648483276367,4.2083330154418945,4.2083330154418945,4.125,4.1666669845581055,21000
1994-04-28,2.9642245769500732,4.2916669845581055,4.2916669845581055,4.2083330154418945,4.25,24000
1994-04-29,2.9642245769500732,4.2916669845581055,4.2916669845581055,4.2083330154418945,4.2916669845581055,149100
1994-05-02,3.079338312149048,4.4583330154418945,4.4583330154418945,4.2916669845581055,4.3333330154418945,62400
1994-05-03,3.0505590438842773,4.4166669845581055,4.4583330154418945,4.4166669845581055,4.4583330154418945,11400
1994-05-04,3.0217807292938232,4.375,4.4166669845581055,4.3333330154418945,4.4166669845581055,5700
1994-05-05,3.0217807292938232,4.375,4.375,4.3333330154418945,4.375,188400
1994-05-06,2.9642245769500732,4.2916669845581055,4.2916669845581055,4.25,4.2916669845581055,9900
1994-05-09,2.993002414703369,4.3333330154418945,4.5,4.3333330154418945,4.3333330154418945,130200
1994-05-10,3.0217807292938232,4.375,4.375,4.25,4.3333330154418945,106800
1994-05-11,3.0217807292938232,4.375,4.4166669845581055,4.375,4.4166669845581055,13200
1994-05-12,3.0505590438842773,4.4166669845581055,4.4166669845581055,4.375,4.375,184200
1994-05-13,3.0505590438842773,4.4166669845581055,4.4583330154418945,4.4166669845581055,4.4166669845581055,5400
1994-05-16,2.9642245769500732,4.2916669845581055,4.375,4.2916669845581055,4.375,463200
1994-05-17,2.9066648483276367,4.2083330154418945,4.25,4.2083330154418945,4.25,108300
1994-05-18,2.8491077423095703,4.125,4.1666669845581055,4.125,4.1666669845581055,87900
1994-05-19,2.820328950881958,4.0833330154418945,4.125,4.0833330154418945,4.125,36300
1994-05-20,2.7627713680267334,4.0,4.0833330154418945,3.9166669845581055,4.0833330154418945,99600
1994-05-23,2.733992338180542,3.9583330154418945,4.0,3.9583330154418945,4.0,66600
1994-05-24,2.7627713680267334,4.0,4.0,3.9583330154418945,4.0,134100
1994-05-25,2.5325400829315186,3.6666669845581055,3.9166669845581055,3.625,3.9166669845581055,138000
1994-05-26,2.5613179206848145,3.7083330154418945,3.9166669845581055,3.6666669845581055,3.7083330154418945,635400
1994-05-27,2.44620418548584,3.5416669845581055,3.7083330154418945,3.25,3.7083330154418945,255300
1994-05-31,2.4174246788024902,3.5,3.5416669845581055,3.5,3.5416669845581055,178500
1994-06-01,2.3598666191101074,3.4166669845581055,3.4166669845581055,3.1666669845581055,3.4166669845581055,1741200
1994-06-02,2.474982738494873,3.5833330154418945,3.625,3.4583330154418945,3.4583330154418945,128400
1994-06-03,2.474982738494873,3.5833330154418945,3.5833330154418945,3.5416669845581055,3.5833330154418945,42000
1994-06-06,2.6764347553253174,3.875,3.9166669845581055,3.625,3.625,471900
1994-06-07,2.618877410888672,3.7916669845581055,3.9166669845581055,3.75,3.9166669845581055,232500
1994-06-08,2.590099334716797,3.75,3.7916669845581055,3.7083330154418945,3.7916669845581055,143700
1994-06-09,2.5325400829315186,3.6666669845581055,3.75,3.625,3.75,265800
1994-06-10,2.647655487060547,3.8333330154418945,3.8333330154418945,3.6666669845581055,3.6666669845581055,195600
1994-06-13,2.590099334716797,3.75,3.7916669845581055,3.7083330154418945,3.7916669845581055,146700
1994-06-14,2.5037617683410645,3.625,3.7083330154418945,3.625,3.7083330154418945,191400
1994-06-15,2.618877410888672,3.7916669845581055,3.7916669845581055,3.6666669845581055,3.6666669845581055,248400
1994-06-16,2.705214023590088,3.9166669845581055,3.9166669845581055,3.7916669845581055,3.8333330154418945,72000
1994-06-17,2.705214023590088,3.9166669845581055,3.9583330154418945,3.9166669845581055,3.9583330154418945,9600
1994-06-20,2.7627713680267334,4.0,4.0,3.875,3.9166669845581055,238200
1994-06-21,2.791550397872925,4.0416669845581055,4.0833330154418945,4.0,4.0416669845581055,178800
1994-06-22,2.8778867721557617,4.1666669845581055,4.2083330154418945,4.0416669845581055,4.0833330154418945,103200
1994-06-23,2.820328950881958,4.0833330154418945,4.2083330154418945,4.0833330154418945,4.1666669845581055,196200
1994-06-24,2.705214023590088,3.9166669845581055,4.125,3.875,4.0833330154418945,165000
1994-06-27,2.733992338180542,3.9583330154418945,3.9583330154418945,3.9166669845581055,3.9166669845581055,27900
1994-06-28,2.733992338180542,3.9583330154418945,3.9583330154418945,3.9166669845581055,3.9583330154418945,40200
1994-06-29,2.733992338180542,3.9583330154418945,3.9583330154418945,3.9166669845581055,3.9583330154418945,22500
1994-06-30,2.733992338180542,3.9583330154418945,3.9583330154418945,3.875,3.9166669845581055,92100
1994-07-01,2.705214023590088,3.9166669845581055,3.9166669845581055,3.9166669845581055,3.9166669845581055,7200
1994-07-05,2.647655487060547,3.8333330154418945,3.875,3.8333330154418945,3.875,36300
1994-07-06,2.705214023590088,3.9166669845581055,3.9166669845581055,3.8333330154418945,3.8333330154418945,107400
1994-07-07,2.705214023590088,3.9166669845581055,3.9166669845581055,3.875,3.9166669845581055,64200
1994-07-08,2.733992338180542,3.9583330154418945,3.9583330154418945,3.9166669845581055,3.9166669845581055,238800
1994-07-11,2.7627713680267334,4.0,4.0,3.9166669845581055,3.9166669845581055,109800
1994-07-12,2.8491077423095703,4.125,4.1666669845581055,4.0416669845581055,4.0416669845581055,55200
1994-07-13,2.9066648483276367,4.2083330154418945,4.25,4.1666669845581055,4.1666669845581055,66300
1994-07-14,2.8778867721557617,4.1666669845581055,4.2083330154418945,4.1666669845581055,4.2083330154418945,13800
1994-07-15,2.820328950881958,4.0833330154418945,4.2083330154418945,4.0416669845581055,4.2083330154418945,65700
1994-07-18,2.820328950881958,4.0833330154418945,4.0833330154418945,4.0416669845581055,4.0833330154418945,37500
1994-07-19,2.7627713680267334,4.0,4.0833330154418945,4.0,4.0416669845581055,157800
1994-07-20,2.791550397872925,4.0416669845581055,4.0416669845581055,4.0,4.0,69300
1994-07-21,2.8778867721557617,4.1666669845581055,4.2083330154418945,4.0416669845581055,4.0416669845581055,46200
1994-07-22,2.791550397872925,4.0416669845581055,4.1666669845581055,4.0416669845581055,4.1666669845581055,59100
1994-07-25,2.733992338180542,3.9583330154418945,4.0416669845581055,3.9583330154418945,4.0416669845581055,201000
1994-07-26,2.7627713680267334,4.0,4.0,3.9583330154418945,3.9583330154418945,114000
1994-07-27,2.705214023590088,3.9166669845581055,4.0,3.9166669845581055,4.0,10800
1994-07-28,2.7627713680267334,4.0,4.0,4.0,4.0,31200
1994-07-29,2.733992338180542,3.9583330154418945,3.9583330154418945,3.9166669845581055,3.9583330154418945,17700
1994-08-01,2.705214023590088,3.9166669845581055,3.9166669845581055,3.9166669845581055,3.9166669845581055,100200
1994-08-02,2.7627713680267334,4.0,4.0,3.9583330154418945,4.0,106800
1994-08-03,2.733992338180542,3.9583330154418945,4.0,3.875,4.0,23700
1994-08-04,2.733992338180542,3.9583330154418945,4.0,3.9166669845581055,3.9583330154418945,96600
1994-08-05,2.733992338180542,3.9583330154418945,3.9583330154418945,3.9166669845581055,3.9166669845581055,54300
1994-08-08,2.647655487060547,3.8333330154418945,3.9166669845581055,3.8333330154418945,3.9166669845581055,46200
1994-08-09,2.647655487060547,3.8333330154418945,3.8333330154418945,3.8333330154418945,3.8333330154418945,108900
1994-08-10,2.618877410888672,3.7916669845581055,3.8333330154418945,3.7916669845581055,3.7916669845581055,100200
1994-08-11,2.618877410888672,3.7916669845581055,3.8333330154418945,3.7916669845581055,3.7916669845581055,137100
1994-08-12,2.590099334716797,3.75,3.875,3.75,3.8333330154418945,152700
1994-08-15,2.618877410888672,3.7916669845581055,3.7916669845581055,3.75,3.75,141900
1994-08-16,2.590099334716797,3.75,3.7916669845581055,3.7083330154418945,3.7916669845581055,115200
1994-08-17,2.4174246788024902,3.5,3.7083330154418945,3.5,3.7083330154418945,681900
1994-08-18,2.474982738494873,3.5833330154418945,3.5833330154418945,3.5,3.5,536100
1994-08-19,2.474982738494873,3.5833330154418945,3.6666669845581055,3.5833330154418945,3.625,437400
1994-08-22,2.5325400829315186,3.6666669845581055,3.6666669845581055,3.5833330154418945,3.5833330154418945,285300
1994-08-23,2.44620418548584,3.5416669845581055,3.625,3.4583330154418945,3.625,338100
1994-08-24,2.4174246788024902,3.5,3.5416669845581055,3.4166669845581055,3.5416669845581055,1080000
1994-08-25,2.474982738494873,3.5833330154418945,3.5833330154418945,3.5,3.5,33000
1994-08-26,2.5037617683410645,3.625,3.625,3.5416669845581055,3.5833330154418945,65400
1994-08-29,2.5037617683410645,3.625,3.6666669845581055,3.5833330154418945,3.6666669845581055,128700
1994-08-30,2.5037617683410645,3.625,3.6666669845581055,3.5833330154418945,3.5833330154418945,154800
1994-08-31,2.618877410888672,3.7916669845581055,3.8333330154418945,3.6666669845581055,3.6666669845581055,379200
1994-09-01,2.618877410888672,3.7916669845581055,3.8333330154418945,3.7916669845581055,3.7916669845581055,301500
1994-09-02,2.647655487060547,3.8333330154418945,3.8333330154418945,3.7916669845581055,3.7916669845581055,4800
1994-09-06,2.618877410888672,3.7916669845581055,3.8333330154418945,3.7916669845581055,3.8333330154418945,57900
1994-09-07,2.6764347553253174,3.875,3.875,3.8333330154418945,3.8333330154418945,27600
1994-09-08,2.705214023590088,3.9166669845581055,3.9166669845581055,3.8333330154418945,3.8333330154418945,33600
1994-09-09,2.7627713680267334,4.0,4.0416669845581055,3.875,3.9166669845581055,196500
1994-09-12,2.8491077423095703,4.125,4.1666669845581055,4.0416669845581055,4.0416669845581055,77700
1994-09-13,2.820328950881958,4.0833330154418945,4.125,4.0833330154418945,4.125,31500
1994-09-14,2.820328950881958,4.0833330154418945,4.1666669845581055,4.0416669845581055,4.1666669845581055,47400
1994-09-15,2.8778867721557617,4.1666669845581055,4.1666669845581055,4.125,4.125,45000
1994-09-16,2.9066648483276367,4.2083330154418945,4.25,4.1666669845581055,4.2083330154418945,168900
1994-09-19,2.9066648483276367,4.2083330154418945,4.25,4.125,4.25,55200
1994-09-20,2.8491077423095703,4.125,4.1666669845581055,4.125,4.125,28800
1994-09-21,2.791550397872925,4.0416669845581055,4.1666669845581055,4.0,4.125,102300
1994-09-22,2.7627713680267334,4.0,4.0833330154418945,4.0,4.0416669845581055,52500
1994-09-23,2.733992338180542,3.9583330154418945,4.0,3.9583330154418945,3.9583330154418945,51600
1994-09-26,2.7627713680267334,4.0,4.0,3.9583330154418945,3.9583330154418945,161700
1994-09-27,2.733992338180542,3.9583330154418945,4.0,3.9583330154418945,4.0,6600
1994-09-28,2.705214023590088,3.9166669845581055,4.0,3.875,3.9583330154418945,535200
1994-09-29,2.7627713680267334,4.0,4.0416669845581055,3.9166669845581055,3.9166669845581055,223800
1994-09-30,2.8778867721557617,4.1666669845581055,4.1666669845581055,4.0416669845581055,4.0416669845581055,59100
1994-10-03,2.8778867721557617,4.1666669845581055,4.1666669845581055,4.125,4.125,90000
1994-10-04,2.705214023590088,3.9166669845581055,4.1666669845581055,3.9166669845581055,4.125,359100
1994-10-05,2.647655487060547,3.8333330154418945,3.9583330154418945,3.8333330154418945,3.9583330154418945,262500
1994-10-06,2.6764347553253174,3.875,3.9583330154418945,3.875,3.875,117600
1994-10-07,2.5613179206848145,3.7083330154418945,3.875,3.7083330154418945,3.875,131700
1994-10-10,2.5325400829315186,3.6666669845581055,3.75,3.6666669845581055,3.7083330154418945,45900
1994-10-11,2.5613179206848145,3.7083330154418945,3.7916669845581055,3.7083330154418945,3.7083330154418945,160500
1994-10-12,2.590099334716797,3.75,3.75,3.7083330154418945,3.7083330154418945,39000
1994-10-13,2.6764347553253174,3.875,3.875,3.75,3.75,480000
1994-10-14,2.6764347553253174,3.875,3.875,3.7916669845581055,3.8333330154418945,507900
1994-10-17,2.705214023590088,3.9166669845581055,3.9166669845581055,3.875,3.9166669845581055,13800
1994-10-18,2.6764347553253174,3.875,3.9166669845581055,3.8333330154418945,3.9166669845581055,41700
1994-10-19,2.647655487060547,3.8333330154418945,3.8333330154418945,3.8333330154418945,3.8333330154418945,45000
1994-10-20,2.647655487060547,3.8333330154418945,3.8333330154418945,3.7916669845581055,3.8333330154418945,87000
1994-10-21,2.5613179206848145,3.7083330154418945,3.7916669845581055,3.6666669845581055,3.7916669845581055,169500
1994-10-24,2.5613179206848145,3.7083330154418945,3.7083330154418945,3.7083330154418945,3.7083330154418945,9600
1994-10-25,2.44620418548584,3.5416669845581055,3.6666669845581055,3.5416669845581055,3.6666669845581055,218100
1994-10-26,2.44620418548584,3.5416669845581055,3.5833330154418945,3.4583330154418945,3.5833330154418945,596100
1994-10-27,2.4174246788024902,3.5,3.5833330154418945,3.5,3.5833330154418945,89100
1994-10-28,2.4174246788024902,3.5,3.5,3.4583330154418945,3.5,206100
1994-10-31,2.44620418548584,3.5416669845581055,3.5833330154418945,3.5,3.5,99300
1994-11-01,2.474982738494873,3.5833330154418945,3.625,3.5,3.5,69900
1994-11-02,2.618877410888672,3.7916669845581055,3.7916669845581055,3.625,3.625,157200
1994-11-03,2.590099334716797,3.75,3.7916669845581055,3.7083330154418945,3.7083330154418945,186000
1994-11-04,2.590099334716797,3.75,3.7916669845581055,3.7083330154418945,3.7083330154418945,54300
1994-11-07,2.5613179206848145,3.7083330154418945,3.7916669845581055,3.7083330154418945,3.7916669845581055,28500
1994-11-08,2.5613179206848145,3.7083330154418945,3.7083330154418945,3.7083330154418945,3.7083330154418945,9000
1994-11-09,2.618877410888672,3.7916669845581055,3.7916669845581055,3.75,3.75,69600
1994-11-10,2.590099334716797,3.75,3.7916669845581055,3.75,3.75,41100
1994-11-11,2.618877410888672,3.7916669845581055,3.7916669845581055,3.75,3.75,165000
1994-11-14,2.618877410888672,3.7916669845581055,3.8333330154418945,3.7916669845581055,3.8333330154418945,23700
1994-11-15,2.647655487060547,3.8333330154418945,3.8333330154418945,3.7916669845581055,3.7916669845581055,40200
1994-11-16,2.618877410888672,3.7916669845581055,3.8333330154418945,3.7916669845581055,3.7916669845581055,42000
1994-11-17,2.618877410888672,3.7916669845581055,3.8333330154418945,3.7916669845581055,3.8333330154418945,65100
1994-11-18,2.618877410888672,3.7916669845581055,3.8333330154418945,3.7916669845581055,3.7916669845581055,27600
1994-11-21,2.5613179206848145,3.7083330154418945,3.7916669845581055,3.7083330154418945,3.7916669845581055,172200
1994-11-22,2.474982738494873,3.5833330154418945,3.7083330154418945,3.5833330154418945,3.7083330154418945,302700
1994-11-23,2.4174246788024902,3.5,3.5,3.4583330154418945,3.5,20100
1994-11-25,2.3598666191101074,3.4166669845581055,3.4583330154418945,3.4166669845581055,3.4583330154418945,11700
1994-11-28,2.302309513092041,3.3333330154418945,3.375,3.3333330154418945,3.375,70200
1994-11-29,2.302309513092041,3.3333330154418945,3.3333330154418945,3.3333330154418945,3.3333330154418945,20100
1994-11-30,2.273531198501587,3.2916669845581055,3.3333330154418945,3.2916669845581055,3.3333330154418945,40200
1994-12-01,2.100858211517334,3.0416669845581055,3.2916669845581055,3.0416669845581055,3.2916669845581055,910200
1994-12-02,2.100858211517334,3.0416669845581055,3.0416669845581055,2.9583330154418945,3.0,111600
1994-12-05,2.100858211517334,3.0416669845581055,3.0833330154418945,3.0,3.0416669845581055,243900
1994-12-06,2.129635810852051,3.0833330154418945,3.125,3.0416669845581055,3.0416669845581055,314100
1994-12-07,2.158416509628296,3.125,3.1666669845581055,3.0833330154418945,3.0833330154418945,169800
1994-12-08,2.187195062637329,3.1666669845581055,3.2083330154418945,3.1666669845581055,3.1666669845581055,92100
1994-12-09,2.2159743309020996,3.2083330154418945,3.25,3.2083330154418945,3.2083330154418945,41700
1994-12-12,2.2447524070739746,3.25,3.25,3.1666669845581055,3.1666669845581055,95400
1994-12-13,2.3310883045196533,3.375,3.4166669845581055,3.2083330154418945,3.2083330154418945,102300
1994-12-14,2.3310883045196533,3.375,3.4166669845581055,3.3333330154418945,3.3333330154418945,22200
1994-12-15,2.3886466026306152,3.4583330154418945,3.4583330154418945,3.3333330154418945,3.375,105600
1994-12-16,2.44620418548584,3.5416669845581055,3.5416669845581055,3.4583330154418945,3.5,35400
1994-12-19,2.3598666191101074,3.4166669845581055,3.5,3.4166669845581055,3.4583330154418945,86400
1994-12-20,2.3598666191101074,3.4166669845581055,3.4583330154418945,3.375,3.4166669845581055,117000
1994-12-21,2.4174246788024902,3.5,3.5416669845581055,3.375,3.375,91500
1994-12-22,2.618877410888672,3.7916669845581055,3.7916669845581055,3.5,3.5,144000
1994-12-23,2.5325400829315186,3.6666669845581055,3.75,3.6666669845581055,3.75,7800
1994-12-27,2.705214023590088,3.9166669845581055,3.9583330154418945,3.6666669845581055,3.6666669845581055,48600
1994-12-28,2.618877410888672,3.7916669845581055,3.875,3.7083330154418945,3.875,94200
1994-12-29,2.5325400829315186,3.6666669845581055,3.75,3.6666669845581055,3.75,51000
1994-12-30,2.8491077423095703,4.125,4.125,3.6666669845581055,3.6666669845581055,170100
1995-01-03,2.705214023590088,3.9166669845581055,4.0833330154418945,3.875,4.0833330154418945,59100
1995-01-04,2.647655487060547,3.8333330154418945,3.9583330154418945,3.8333330154418945,3.875,27300
1995-01-05,2.5325400829315186,3.6666669845581055,3.9166669845581055,3.6666669845581055,3.875,73500
1995-01-06,2.5037617683410645,3.625,3.625,3.625,3.625,3600
1995-01-09,2.590099334716797,3.75,3.7916669845581055,3.625,3.625,18000
1995-01-10,2.618877410888672,3.7916669845581055,3.9583330154418945,3.75,3.75,100500
1995-01-11,2.5613179206848145,3.7083330154418945,3.7916669845581055,3.7083330154418945,3.7916669845581055,71400
1995-01-12,2.5613179206848145,3.7083330154418945,3.75,3.7083330154418945,3.7083330154418945,18900
1995-01-13,2.5325400829315186,3.6666669845581055,3.7083330154418945,3.6666669845581055,3.7083330154418945,208800
1995-01-16,2.474982738494873,3.5833330154418945,3.75,3.5833330154418945,3.75,92700
1995-01-17,2.5325400829315186,3.6666669845581055,3.7083330154418945,3.625,3.625,58200
1995-01-18,2.5325400829315186,3.6666669845581055,3.7083330154418945,3.625,3.625,16500
1995-01-19,2.5613179206848145,3.7083330154418945,3.7083330154418945,3.6666669845581055,3.6666669845581055,16800
1995-01-20,2.6764347553253174,3.875,3.875,3.75,3.75,70800
1995-01-23,2.6764347553253174,3.875,3.9166669845581055,3.875,3.875,280500
1995-01-24,2.705214023590088,3.9166669845581055,3.9583330154418945,3.9166669845581055,3.9166669845581055,258300
1995-01-25,2.705214023590088,3.9166669845581055,3.9583330154418945,3.9166669845581055,3.9166669845581055,5100
1995-01-26,2.647655487060547,3.8333330154418945,3.9166669845581055,3.8333330154418945,3.9166669845581055,236700
1995-01-27,2.647655487060547,3.8333330154418945,3.8333330154418945,3.8333330154418945,3.8333330154418945,237900
1995-01-30,2.5613179206848145,3.7083330154418945,3.8333330154418945,3.7083330154418945,3.8333330154418945,82200
1995-01-31,2.647655487060547,3.8333330154418945,3.8333330154418945,3.7916669845581055,3.7916669845581055,59100
1995-02-01,2.590099334716797,3.75,3.7916669845581055,3.7083330154418945,3.7916669845581055,36000
1995-02-02,2.647655487060547,3.8333330154418945,3.8333330154418945,3.7916669845581055,3.7916669845581055,6000
1995-02-03,2.647655487060547,3.8333330154418945,3.875,3.7916669845581055,3.7916669845581055,16800
1995-02-06,2.705214023590088,3.9166669845581055,3.9166669845581055,3.875,3.9166669845581055,24900
1995-02-07,2.7627713680267334,4.0,4.0,3.9583330154418945,3.9583330154418945,21300
1995-02-08,2.820328950881958,4.0833330154418945,4.0833330154418945,4.0,4.0,10800
1995-02-09,2.820328950881958,4.0833330154418945,4.0833330154418945,4.0416669845581055,4.0416669845581055,11700
1995-02-10,2.7627713680267334,4.0,4.0833330154418945,4.0,4.0833330154418945,49800
1995-02-13,2.7627713680267334,4.0,4.0,4.0,4.0,16500
1995-02-14,2.820328950881958,4.0833330154418945,4.0833330154418945,4.0416669845581055,4.0416669845581055,39600
1995-02-15,2.8778867721557617,4.1666669845581055,4.1666669845581055,4.0833330154418945,4.0833330154418945,16800
1995-02-16,2.820328950881958,4.0833330154418945,4.125,4.0833330154418945,4.0833330154418945,16500
1995-02-17,2.733992338180542,3.9583330154418945,4.0416669845581055,3.9166669845581055,4.0416669845581055,35100
1995-02-21,2.733992338180542,3.9583330154418945,4.0,3.8333330154418945,3.9166669845581055,117300
1995-02-22,2.791550397872925,4.0416669845581055,4.0416669845581055,3.9583330154418945,3.9583330154418945,6000
1995-02-23,2.8778867721557617,4.1666669845581055,4.1666669845581055,4.0833330154418945,4.0833330154418945,42900
1995-02-24,2.8491077423095703,4.125,4.2083330154418945,4.125,4.125,178500
1995-02-27,2.820328950881958,4.0833330154418945,4.0833330154418945,4.0416669845581055,4.0833330154418945,57000
1995-02-28,2.8491077423095703,4.125,4.125,4.0416669845581055,4.0416669845581055,31800
1995-03-01,2.8778867721557617,4.1666669845581055,4.1666669845581055,4.125,4.125,11700
1995-03-02,2.9066648483276367,4.2083330154418945,4.2083330154418945,4.125,4.125,35400
1995-03-03,2.820328950881958,4.0833330154418945,4.1666669845581055,4.0833330154418945,4.1666669845581055,93300
1995-03-06,2.7627713680267334,4.0,4.0416669845581055,4.0,4.0416669845581055,75300
1995-03-07,2.618877410888672,3.7916669845581055,4.0,3.7916669845581055,4.0,40200
1995-03-08,2.474982738494873,3.5833330154418945,3.8333330154418945,3.5,3.7916669845581055,236400
1995-03-09,2.474982738494873,3.5833330154418945,3.5833330154418945,3.5416669845581055,3.5416669845581055,56400
1995-03-10,2.5325400829315186,3.6666669845581055,3.6666669845581055,3.625,3.6666669845581055,48300
1995-03-13,2.5613179206848145,3.7083330154418945,3.75,3.7083330154418945,3.75,6000
1995-03-14,2.618877410888672,3.7916669845581055,3.8333330154418945,3.75,3.75,42600
1995-03-15,2.618877410888672,3.7916669845581055,3.8333330154418945,3.7916669845581055,3.7916669845581055,17400
1995-03-16,2.618877410888672,3.7916669845581055,3.7916669845581055,3.7916669845581055,3.7916669845581055,13500
1995-03-17,2.5613179206848145,3.7083330154418945,3.75,3.6666669845581055,3.75,45600
1995-03-20,2.5613179206848145,3.7083330154418945,3.7083330154418945,3.7083330154418945,3.7083330154418945,33600
1995-03-21,2.5325400829315186,3.6666669845581055,3.7083330154418945,3.6666669845581055,3.6666669845581055,48000
1995-03-22,2.5613179206848145,3.7083330154418945,3.75,3.6666669845581055,3.6666669845581055,63600
1995-03-23,2.590099334716797,3.75,3.75,3.625,3.7083330154418945,142200
1995-03-24,2.791550397872925,4.0416669845581055,4.1666669845581055,3.7083330154418945,3.7083330154418945,168000
1995-03-27,2.705214023590088,3.9166669845581055,4.0416669845581055,3.9166669845581055,4.0416669845581055,19800
1995-03-28,2.7627713680267334,4.0,4.0,3.9166669845581055,3.9166669845581055,11700
1995-03-29,2.8491077423095703,4.125,4.3333330154418945,4.125,4.125,80700
1995-03-30,2.8491077423095703,4.125,4.1666669845581055,4.0833330154418945,4.125,12600
1995-03-31,2.9066648483276367,4.2083330154418945,4.2083330154418945,4.125,4.125,19200
1995-04-03,2.791550397872925,4.0416669845581055,4.1666669845581055,4.0416669845581055,4.1666669845581055,22500
1995-04-04,2.791550397872925,4.0416669845581055,4.125,4.0416669845581055,4.0416669845581055,18900
1995-04-05,2.791550397872925,4.0416669845581055,4.0416669845581055,4.0,4.0416669845581055,9000
1995-04-06,2.8491077423095703,4.125,4.125,4.0416669845581055,4.0416669845581055,111900
1995-04-07,2.8778867721557617,4.1666669845581055,4.1666669845581055,4.1666669845581055,4.1666669845581055,40800
1995-04-10,2.9066648483276367,4.2083330154418945,4.25,4.2083330154418945,4.25,26700
1995-04-11,2.8778867721557617,4.1666669845581055,4.25,4.1666669845581055,4.25,24600
1995-04-12,2.791550397872925,4.0416669845581055,4.0833330154418945,4.0416669845581055,4.0833330154418945,12600
1995-04-13,2.7627713680267334,4.0,4.0833330154418945,4.0,4.0833330154418945,7500
1995-04-17,2.8778867721557617,4.1666669845581055,4.1666669845581055,4.0,4.0416669845581055,97800
1995-04-18,2.8778867721557617,4.1666669845581055,4.25,4.125,4.125,47700
1995-04-19,2.8778867721557617,4.1666669845581055,4.1666669845581055,4.1666669845581055,4.1666669845581055,48300
1995-04-20,2.8491077423095703,4.125,4.1666669845581055,4.125,4.1666669845581055,8700
1995-04-21,2.791550397872925,4.0416669845581055,4.0833330154418945,3.9583330154418945,4.0833330154418945,49800
1995-04-24,2.9066648483276367,4.2083330154418945,4.25,4.0833330154418945,4.0833330154418945,91200
1995-04-25,2.9066648483276367,4.2083330154418945,4.2916669845581055,4.1666669845581055,4.2083330154418945,135900
1995-04-26,2.935443639755249,4.25,4.25,4.1666669845581055,4.2083330154418945,87000
1995-04-27,2.820328950881958,4.0833330154418945,4.25,4.0833330154418945,4.2083330154418945,9600
1995-04-28,2.8778867721557617,4.1666669845581055,4.2083330154418945,4.125,4.125,4200
1995-05-01,2.8491077423095703,4.125,4.125,4.125,4.125,4200
1995-05-02,2.8491077423095703,4.125,4.2083330154418945,4.125,4.1666669845581055,16500
1995-05-03,2.820328950881958,4.0833330154418945,4.0833330154418945,4.0416669845581055,4.0416669845581055,71100
1995-05-04,2.733992338180542,3.9583330154418945,4.0833330154418945,3.9583330154418945,4.0833330154418945,101100
1995-05-05,2.7627713680267334,4.0,4.0833330154418945,4.0,4.0,20400
1995-05-08,2.9642245769500732,4.2916669845581055,4.2916669845581055,4.0,4.0,164400
1995-05-09,3.0505590438842773,4.4166669845581055,4.4166669845581055,4.2916669845581055,4.2916669845581055,206400
1995-05-10,3.1656763553619385,4.5833330154418945,4.5833330154418945,4.375,4.4166669845581055,225600
1995-05-11,3.1656763553619385,4.5833330154418945,4.5833330154418945,4.4166669845581055,4.5833330154418945,108600
1995-05-12,3.0505590438842773,4.4166669845581055,4.5416669845581055,4.4166669845581055,4.5,489300
1995-05-15,3.0217807292938232,4.375,4.375,4.375,4.375,18300
1995-05-16,2.993002414703369,4.3333330154418945,4.375,4.25,4.375,26400
1995-05-17,2.9642245769500732,4.2916669845581055,4.2916669845581055,4.2916669845581055,4.2916669845581055,6900
1995-05-18,2.935443639755249,4.25,4.2916669845581055,4.25,4.2916669845581055,8400
1995-05-19,3.0217807292938232,4.375,4.375,4.2083330154418945,4.2083330154418945,29700
1995-05-22,3.0505590438842773,4.4166669845581055,4.4583330154418945,4.4166669845581055,4.4166669845581055,14700
1995-05-23,3.0217807292938232,4.375,4.4583330154418945,4.3333330154418945,4.4166669845581055,21300
1995-05-24,3.0217807292938232,4.375,4.4166669845581055,4.3333330154418945,4.375,16800
1995-05-25,2.993002414703369,4.3333330154418945,4.3333330154418945,4.3333330154418945,4.3333330154418945,680100
1995-05-26,2.935443639755249,4.25,4.3333330154418945,4.25,4.3333330154418945,131700
1995-05-30,2.935443639755249,4.25,4.2916669845581055,4.25,4.2916669845581055,1200
1995-05-31,2.935443639755249,4.25,4.2916669845581055,4.25,4.25,36600
1995-06-01,2.9066648483276367,4.2083330154418945,4.2916669845581055,4.1666669845581055,4.2916669845581055,208200
1995-06-02,2.8778867721557617,4.1666669845581055,4.1666669845581055,4.1666669845581055,4.1666669845581055,900
1995-06-05,2.8778867721557617,4.1666669845581055,4.25,4.1666669845581055,4.2083330154418945,25200
1995-06-06,2.8778867721557617,4.1666669845581055,4.1666669845581055,4.1666669845581055,4.1666669845581055,9000
1995-06-07,2.8778867721557617,4.1666669845581055,4.1666669845581055,4.1666669845581055,4.1666669845581055,93000
1995-06-08,2.8491077423095703,4.125,4.1666669845581055,4.125,4.125,14400
1995-06-09,2.8491077423095703,4.125,4.125,4.125,4.125,1800
1995-06-12,2.647655487060547,3.8333330154418945,4.0833330154418945,3.7916669845581055,4.0833330154418945,69300
1995-06-13,2.705214023590088,3.9166669845581055,3.9166669845581055,3.875,3.875,19500
1995-06-14,2.6764347553253174,3.875,3.875,3.875,3.875,900
1995-06-15,2.647655487060547,3.8333330154418945,3.8333330154418945,3.7916669845581055,3.8333330154418945,22800
1995-06-16,2.647655487060547,3.8333330154418945,3.875,3.8333330154418945,3.875,14400
1995-06-19,2.6764347553253174,3.875,3.875,3.7916669845581055,3.8333330154418945,95700
1995-06-20,2.705214023590088,3.9166669845581055,3.9166669845581055,3.8333330154418945,3.8333330154418945,132300
1995-06-21,2.820328950881958,4.0833330154418945,4.125,3.9166669845581055,3.9166669845581055,42000
1995-06-22,2.9066648483276367,4.2083330154418945,4.2083330154418945,4.0833330154418945,4.0833330154418945,146400
1995-06-23,2.8778867721557617,4.1666669845581055,4.1666669845581055,4.1666669845581055,4.1666669845581055,6000
1995-06-26,2.8778867721557617,4.1666669845581055,4.2083330154418945,4.1666669845581055,4.2083330154418945,3900
1995-06-27,2.9066648483276367,4.2083330154418945,4.2083330154418945,4.2083330154418945,4.2083330154418945,4500
1995-06-28,2.9066648483276367,4.2083330154418945,4.2083330154418945,4.2083330154418945,4.2083330154418945,0
1995-06-29,2.935443639755249,4.25,4.3333330154418945,4.2083330154418945,4.25,45000
1995-06-30,2.9642245769500732,4.2916669845581055,4.2916669845581055,4.2083330154418945,4.2083330154418945,10800
1995-07-03,2.935443639755249,4.25,4.2916669845581055,4.25,4.25,8100
1995-07-05,2.9642245769500732,4.2916669845581055,4.2916669845581055,4.2083330154418945,4.2083330154418945,9000
1995-07-06,2.993002414703369,4.3333330154418945,4.4166669845581055,4.2916669845581055,4.3333330154418945,40200
1995-07-07,3.108116388320923,4.5,4.5,4.4166669845581055,4.4166669845581055,19500
1995-07-10,3.194455146789551,4.625,4.625,4.5,4.5,94500
1995-07-11,3.194455146789551,4.625,4.625,4.5416669845581055,4.625,59100
1995-07-12,3.223233222961426,4.6666669845581055,4.6666669845581055,4.625,4.625,18600
1995-07-13,3.338348150253296,4.8333330154418945,4.8333330154418945,4.6666669845581055,4.7083330154418945,74700
1995-07-14,3.395907163619995,4.9166669845581055,4.9583330154418945,4.8333330154418945,4.8333330154418945,57900
1995-07-17,3.424684524536133,4.9583330154418945,4.9583330154418945,4.9166669845581055,4.9583330154418945,54000
1995-07-18,3.395907163619995,4.9166669845581055,4.9166669845581055,4.875,4.9166669845581055,29100
1995-07-19,3.1656763553619385,4.5833330154418945,4.7916669845581055,4.5,4.7916669845581055,45600
1995-07-20,3.2520127296447754,4.7083330154418945,4.7083330154418945,4.5833330154418945,4.5833330154418945,66300
1995-07-21,3.223233222961426,4.6666669845581055,4.7083330154418945,4.625,4.7083330154418945,93300
1995-07-24,3.2520127296447754,4.7083330154418945,4.7083330154418945,4.625,4.6666669845581055,7500
1995-07-25,3.3095691204071045,4.7916669845581055,4.8333330154418945,4.7083330154418945,4.7083330154418945,399300
1995-07-26,3.338348150253296,4.8333330154418945,4.8333330154418945,4.75,4.8333330154418945,50100
1995-07-27,3.2520127296447754,4.7083330154418945,4.7916669845581055,4.7083330154418945,4.7916669845581055,29700
1995-07-28,3.3095691204071045,4.7916669845581055,4.7916669845581055,4.625,4.75,138000
1995-07-31,3.3095691204071045,4.7916669845581055,4.7916669845581055,4.75,4.7916669845581055,2400
1995-08-01,3.223233222961426,4.6666669845581055,4.7916669845581055,4.6666669845581055,4.75,610200
1995-08-02,3.280791759490967,4.75,4.7916669845581055,4.6666669845581055,4.6666669845581055,45000
1995-08-03,3.280791759490967,4.75,4.75,4.7083330154418945,4.75,12000
1995-08-04,3.223233222961426,4.6666669845581055,4.75,4.6666669845581055,4.75,93300
1995-08-07,3.280791759490967,4.75,4.75,4.7083330154418945,4.75,93900
1995-08-08,3.280791759490967,4.75,4.75,4.7083330154418945,4.7083330154418945,48600
1995-08-09,3.280791759490967,4.75,4.75,4.7083330154418945,4.7083330154418945,39900
1995-08-10,3.2520127296447754,4.7083330154418945,4.75,4.6666669845581055,4.75,88200
1995-08-11,3.223233222961426,4.6666669845581055,4.75,4.6666669845581055,4.75,5700
1995-08-14,3.2520127296447754,4.7083330154418945,4.75,4.7083330154418945,4.75,41400
1995-08-15,3.223233222961426,4.6666669845581055,4.75,4.6666669845581055,4.7083330154418945,79200
1995-08-16,3.395907163619995,4.9166669845581055,4.9166669845581055,4.8333330154418945,4.8333330154418945,308700
1995-08-17,3.367128610610962,4.875,5.0,4.875,5.0,339900
1995-08-18,3.395907163619995,4.9166669845581055,4.9166669845581055,4.8333330154418945,4.875,112500
1995-08-21,3.395907163619995,4.9166669845581055,4.9166669845581055,4.8333330154418945,4.875,18900
1995-08-22,3.395907163619995,4.9166669845581055,4.9583330154418945,4.875,4.875,3600
1995-08-23,3.3239591121673584,4.8125,4.8333330154418945,4.8125,4.8333330154418945,96900
1995-08-24,3.2520127296447754,4.7083330154418945,4.7916669845581055,4.7083330154418945,4.7916669845581055,22800
1995-08-25,3.223233222961426,4.6666669845581055,4.75,4.6666669845581055,4.75,9300
1995-08-28,3.194455146789551,4.625,4.7916669845581055,4.625,4.75,11700
1995-08-29,3.108116388320923,4.5,4.5833330154418945,4.5,4.5833330154418945,9900
1995-08-30,3.0217807292938232,4.375,4.4166669845581055,4.2083330154418945,4.375,406800
1995-08-31,2.993002414703369,4.3333330154418945,4.375,4.25,4.375,133500
1995-09-01,3.108116388320923,4.5,4.5,4.375,4.375,21600
1995-09-05,3.136897087097168,4.5416669845581055,4.5416669845581055,4.5,4.5,39900
1995-09-06,3.1656763553619385,4.5833330154418945,4.5833330154418945,4.4583330154418945,4.5416669845581055,51600
1995-09-07,3.194455146789551,4.625,4.6666669845581055,4.5833330154418945,4.5833330154418945,61500
1995-09-08,3.2520127296447754,4.7083330154418945,4.7083330154418945,4.625,4.6666669845581055,56700
1995-09-11,3.280791759490967,4.75,4.7916669845581055,4.7083330154418945,4.7083330154418945,27300
1995-09-12,3.2520127296447754,4.7083330154418945,4.7083330154418945,4.5833330154418945,4.7083330154418945,27900
1995-09-13,3.3095691204071045,4.7916669845581055,4.7916669845581055,4.7083330154418945,4.7083330154418945,75300
1995-09-14,3.280791759490967,4.75,4.8333330154418945,4.75,4.7916669845581055,48900
1995-09-15,3.3095691204071045,4.7916669845581055,4.7916669845581055,4.7916669845581055,4.7916669845581055,17100
1995-09-18,3.223233222961426,4.6666669845581055,4.75,4.6666669845581055,4.75,8700
1995-09-19,3.1656763553619385,4.5833330154418945,4.6666669845581055,4.5833330154418945,4.6666669845581055,30900
1995-09-20,3.136897087097168,4.5416669845581055,4.625,4.5,4.5833330154418945,40800
1995-09-21,3.0217807292938232,4.375,4.5,4.3333330154418945,4.5,172500
1995-09-22,2.993002414703369,4.3333330154418945,4.4166669845581055,4.3333330154418945,4.375,96000
1995-09-25,3.0505590438842773,4.4166669845581055,4.5,4.375,4.375,44400
1995-09-26,3.0505590438842773,4.4166669845581055,4.4166669845581055,4.4166669845581055,4.4166669845581055,24900
1995-09-27,3.0217807292938232,4.375,4.4166669845581055,4.375,4.4166669845581055,165000
1995-09-28,3.0217807292938232,4.375,4.4166669845581055,4.375,4.4166669845581055,4500
1995-09-29,3.0217807292938232,4.375,4.4166669845581055,4.375,4.375,13800
1995-10-02,2.9642245769500732,4.2916669845581055,4.2916669845581055,4.25,4.25,38100
1995-10-03,2.8491077423095703,4.125,4.25,4.125,4.2083330154418945,112500
1995-10-04,2.733992338180542,3.9583330154418945,4.125,3.9583330154418945,4.125,59100
1995-10-05,2.9066648483276367,4.2083330154418945,4.2083330154418945,4.0,4.0,85200
1995-10-06,2.935443639755249,4.25,4.2916669845581055,4.2083330154418945,4.25,11700
1995-10-09,2.993002414703369,4.3333330154418945,4.3333330154418945,4.2916669845581055,4.2916669845581055,27000
1995-10-10,2.935443639755249,4.25,4.2916669845581055,4.25,4.2916669845581055,3900
1995-10-11,2.935443639755249,4.25,4.25,4.25,4.25,1800
1995-10-12,2.9066648483276367,4.2083330154418945,4.25,4.1666669845581055,4.25,66300
1995-10-13,2.9066648483276367,4.2083330154418945,4.2083330154418945,4.2083330154418945,4.2083330154418945,4800
1995-10-16,2.993002414703369,4.3333330154418945,4.3333330154418945,4.25,4.25,143700
1995-10-17,2.993002414703369,4.3333330154418945,4.3333330154418945,4.2916669845581055,4.2916669845581055,13200
1995-10-18,3.0505590438842773,4.4166669845581055,4.4166669845581055,4.3333330154418945,4.3333330154418945,13200
1995-10-19,3.0217807292938232,4.375,4.375,4.375,4.375,12900
1995-10-20,3.0505590438842773,4.4166669845581055,4.4166669845581055,4.3333330154418945,4.375,176100
1995-10-23,3.079338312149048,4.4583330154418945,4.5,4.4166669845581055,4.5,92700
1995-10-24,2.993002414703369,4.3333330154418945,4.3333330154418945,4.2916669845581055,4.3333330154418945,78600
1995-10-25,2.9066648483276367,4.2083330154418945,4.3333330154418945,4.2083330154418945,4.3333330154418945,96900
1995-10-26,2.8778867721557617,4.1666669845581055,4.2083330154418945,4.0833330154418945,4.1666669845581055,19200
1995-10-27,2.9066648483276367,4.2083330154418945,4.2083330154418945,4.125,4.1666669845581055,49500
1995-10-30,2.935443639755249,4.25,4.25,4.1666669845581055,4.25,22500
1995-10-31,2.9066648483276367,4.2083330154418945,4.2083330154418945,4.1666669845581055,4.2083330154418945,243600
1995-11-01,2.8778867721557617,4.1666669845581055,4.2083330154418945,4.1666669845581055,4.2083330154418945,57900
1995-11-02,2.935443639755249,4.25,4.25,4.1666669845581055,4.1666669845581055,434700
1995-11-03,2.935443639755249,4.25,4.25,4.2083330154418945,4.2083330154418945,18000
1995-11-06,2.9066648483276367,4.2083330154418945,4.25,4.2083330154418945,4.2083330154418945,4800
1995-11-07,3.108116388320923,4.5,4.5,4.2083330154418945,4.2083330154418945,87000
1995-11-08,3.194455146789551,4.625,4.625,4.5,4.5,73500
1995-11-09,3.1656763553619385,4.5833330154418945,4.625,4.5833330154418945,4.5833330154418945,2100
1995-11-10,3.194455146789551,4.625,4.625,4.5833330154418945,4.5833330154418945,4800
1995-11-13,3.194455146789551,4.625,4.6666669845581055,4.5833330154418945,4.625,493500
1995-11-14,3.1656763553619385,4.5833330154418945,4.625,4.5416669845581055,4.625,65100
1995-11-15,3.194455146789551,4.625,4.625,4.5833330154418945,4.5833330154418945,38400
1995-11-16,3.194455146789551,4.625,4.6666669845581055,4.625,4.625,18900
1995-11-17,3.223233222961426,4.6666669845581055,4.6666669845581055,4.625,4.625,21600
1995-11-20,3.223233222961426,4.6666669845581055,4.7083330154418945,4.6666669845581055,4.7083330154418945,11400
1995-11-21,3.280791759490967,4.75,4.75,4.7083330154418945,4.7083330154418945,15900
1995-11-22,3.280791759490967,4.75,4.75,4.6666669845581055,4.75,8400
1995-11-24,3.223233222961426,4.6666669845581055,4.7083330154418945,4.6666669845581055,4.7083330154418945,2100
1995-11-27,3.223233222961426,4.6666669845581055,4.6666669845581055,4.6666669845581055,4.6666669845581055,8100
1995-11-28,3.223233222961426,4.6666669845581055,4.6666669845581055,4.625,4.625,19800
1995-11-29,3.223233222961426,4.6666669845581055,4.7083330154418945,4.6666669845581055,4.7083330154418945,86100
1995-11-30,3.223233222961426,4.6666669845581055,4.7083330154418945,4.6666669845581055,4.7083330154418945,41700
1995-12-01,3.223233222961426,4.6666669845581055,4.7083330154418945,4.6666669845581055,4.6666669845581055,56100
1995-12-04,3.223233222961426,4.6666669845581055,4.7083330154418945,4.6666669845581055,4.7083330154418945,13800
1995-12-05,3.2520127296447754,4.7083330154418945,4.75,4.7083330154418945,4.7083330154418945,115800
1995-12-06,3.2520127296447754,4.7083330154418945,4.7083330154418945,4.6666669845581055,4.6666669845581055,355800
1995-12-07,3.194455146789551,4.625,4.7083330154418945,4.625,4.6666669845581055,6900
1995-12-08,3.223233222961426,4.6666669845581055,4.7083330154418945,4.625,4.6666669845581055,416700
1995-12-11,3.194455146789551,4.625,4.6666669845581055,4.625,4.6666669845581055,2100
1995-12-12,3.194455146789551,4.625,4.6458330154418945,4.625,4.625,13500
1995-12-13,3.2520127296447754,4.7083330154418945,4.7083330154418945,4.6666669845581055,4.6666669845581055,36600
1995-12-14,3.3095691204071045,4.7916669845581055,4.7916669845581055,4.75,4.75,25500
1995-12-15,3.3095691204071045,4.7916669845581055,4.875,4.75,4.8333330154418945,80400
1995-12-18,3.280791759490967,4.75,4.8333330154418945,4.75,4.7916669845581055,17400
1995-12-19,3.280791759490967,4.75,4.7916669845581055,4.7083330154418945,4.7083330154418945,35400
1995-12-20,3.338348150253296,4.8333330154418945,4.875,4.75,4.7916669845581055,143700
1995-12-21,3.3095691204071045,4.7916669845581055,4.8333330154418945,4.7916669845581055,4.7916669845581055,4500
1995-12-22,3.3095691204071045,4.7916669845581055,4.7916669845581055,4.75,4.75,4800
1995-12-26,3.2520127296447754,4.7083330154418945,4.7916669845581055,4.7083330154418945,4.7916669845581055,15600
1995-12-27,3.3095691204071045,4.7916669845581055,4.7916669845581055,4.7916669845581055,4.7916669845581055,4800
1995-12-28,3.280791759490967,4.75,4.7916669845581055,4.75,4.7916669845581055,34200
1995-12-29,3.3095691204071045,4.7916669845581055,4.7916669845581055,4.7083330154418945,4.7083330154418945,3000
1996-01-02,3.280791759490967,4.75,4.7916669845581055,4.75,4.75,21000
1996-01-03,3.280791759490967,4.75,4.8333330154418945,4.75,4.7916669845581055,32400
1996-01-04,3.367128610610962,4.875,4.875,4.8333330154418945,4.8333330154418945,158100
1996-01-05,3.367128610610962,4.875,4.9583330154418945,4.75,4.8333330154418945,846000
1996-01-08,3.367128610610962,4.875,4.9166669845581055,4.875,4.9166669845581055,2700
1996-01-09,3.424684524536133,4.9583330154418945,5.0,4.9166669845581055,5.0,64500
1996-01-10,3.338348150253296,4.8333330154418945,5.0,4.8333330154418945,4.9166669845581055,68400
1996-01-11,3.367128610610962,4.875,4.875,4.75,4.7916669845581055,19800
1996-01-12,3.367128610610962,4.875,4.875,4.8333330154418945,4.875,97200
1996-01-15,3.367128610610962,4.875,4.875,4.875,4.875,0
1996-01-16,3.367128610610962,4.875,4.875,4.7916669845581055,4.875,20400
1996-01-17,3.3095691204071045,4.7916669845581055,4.7916669845581055,4.7916669845581055,4.7916669845581055,33000
1996-01-18,3.338348150253296,4.8333330154418945,4.8333330154418945,4.7708330154418945,4.7708330154418945,16800
1996-01-19,3.338348150253296,4.8333330154418945,4.8333330154418945,4.8333330154418945,4.8333330154418945,3600
1996-01-22,3.3095691204071045,4.7916669845581055,4.8333330154418945,4.7916669845581055,4.7916669845581055,22200
1996-01-23,3.194455146789551,4.625,4.8333330154418945,4.625,4.8333330154418945,65400
1996-01-24,3.194455146789551,4.625,4.625,4.5833330154418945,4.625,160200
1996-01-25,3.2520127296447754,4.7083330154418945,4.75,4.625,4.7083330154418945,37200
1996-01-26,3.280791759490967,4.75,4.75,4.7083330154418945,4.7083330154418945,28800
1996-01-29,3.223233222961426,4.6666669845581055,4.7083330154418945,4.6666669845581055,4.7083330154418945,8100
1996-01-30,3.2520127296447754,4.7083330154418945,4.7083330154418945,4.6666669845581055,4.6666669845581055,496500
1996-01-31,3.3095691204071045,4.7916669845581055,4.7916669845581055,4.7083330154418945,4.7083330154418945,158400
1996-02-01,3.338348150253296,4.8333330154418945,4.8333330154418945,4.75,4.8333330154418945,28800
1996-02-02,3.338348150253296,4.8333330154418945,4.8333330154418945,4.75,4.7916669845581055,16800
1996-02-05,3.2520127296447754,4.7083330154418945,4.75,4.7083330154418945,4.75,13200
1996-02-06,3.2520127296447754,4.7083330154418945,4.7083330154418945,4.6666669845581055,4.7083330154418945,116400
1996-02-07,3.367128610610962,4.875,4.875,4.7916669845581055,4.7916669845581055,126000
1996-02-08,3.367128610610962,4.875,4.9166669845581055,4.875,4.875,157200
1996-02-09,3.395907163619995,4.9166669845581055,4.9583330154418945,4.9166669845581055,4.9166669845581055,227100
1996-02-12,3.424684524536133,4.9583330154418945,5.0,4.9166669845581055,4.9583330154418945,50100
1996-02-13,3.395907163619995,4.9166669845581055,4.9583330154418945,4.9166669845581055,4.9583330154418945,17700
1996-02-14,3.424684524536133,4.9583330154418945,4.9583330154418945,4.9583330154418945,4.9583330154418945,10200
1996-02-15,3.395907163619995,4.9166669845581055,4.9583330154418945,4.9166669845581055,4.9583330154418945,6900
1996-02-16,3.424684524536133,4.9583330154418945,4.9583330154418945,4.9166669845581055,4.9166669845581055,8100
1996-02-20,3.395907163619995,4.9166669845581055,4.9583330154418945,4.9166669845581055,4.9583330154418945,71700
1996-02-21,3.424684524536133,4.9583330154418945,4.9583330154418945,4.875,4.9583330154418945,272100
1996-02-22,3.395907163619995,4.9166669845581055,4.9166669845581055,4.875,4.9166669845581055,265500
1996-02-23,3.395907163619995,4.9166669845581055,4.9166669845581055,4.875,4.9166669845581055,113700
1996-02-26,3.367128610610962,4.875,4.9166669845581055,4.875,4.9166669845581055,220500
1996-02-27,3.453463077545166,5.0,5.0,4.9166669845581055,4.9166669845581055,106200
1996-02-28,3.338348150253296,4.8333330154418945,4.9583330154418945,4.8333330154418945,4.9583330154418945,522900
1996-02-29,3.367128610610962,4.875,4.875,4.8333330154418945,4.8333330154418945,16500
1996-03-01,3.338348150253296,4.8333330154418945,4.8333330154418945,4.8333330154418945,4.8333330154418945,47400
1996-03-04,3.395907163619995,4.9166669845581055,4.9166669845581055,4.875,4.875,48900
1996-03-05,3.453463077545166,5.0,5.0416669845581055,4.9166669845581055,4.9166669845581055,180900
1996-03-06,3.4822423458099365,5.0416669845581055,5.125,5.0,5.0,213900
1996-03-07,3.453463077545166,5.0,5.0,4.9583330154418945,5.0,62100
1996-03-08,3.424684524536133,4.9583330154418945,5.0,4.9583330154418945,4.9583330154418945,60600
1996-03-11,3.424684524536133,4.9583330154418945,4.9583330154418945,4.9166669845581055,4.9583330154418945,24900
1996-03-12,3.453463077545166,5.0,5.0,4.9583330154418945,4.9583330154418945,33600
1996-03-13,3.424684524536133,4.9583330154418945,5.0,4.9583330154418945,5.0,36000
1996-03-14,3.424684524536133,4.9583330154418945,4.9583330154418945,4.9583330154418945,4.9583330154418945,5400
1996-03-15,3.424684524536133,4.9583330154418945,5.0,4.9583330154418945,4.9583330154418945,10800
1996-03-18,3.424684524536133,4.9583330154418945,5.0,4.9583330154418945,5.0,10200
1996-03-19,3.5110201835632324,5.0833330154418945,5.0833330154418945,4.9583330154418945,5.0,118800
1996-03-20,3.568579912185669,5.1666669845581055,5.1666669845581055,5.125,5.125,74700
1996-03-21,3.568579912185669,5.1666669845581055,5.1666669845581055,5.125,5.1666669845581055,59700
1996-03-22,3.4822423458099365,5.0416669845581055,5.1666669845581055,5.0416669845581055,5.1666669845581055,182700
1996-03-25,3.453463077545166,5.0,5.0,4.9583330154418945,5.0,30900
1996-03-26,3.453463077545166,5.0,5.0,4.9583330154418945,4.9583330154418945,9900
1996-03-27,3.3095691204071045,4.7916669845581055,5.0,4.7916669845581055,5.0,2946300
1996-03-28,3.2520127296447754,4.7083330154418945,4.8333330154418945,4.7083330154418945,4.8333330154418945,89100
1996-03-29,3.136897087097168,4.5416669845581055,4.6666669845581055,4.5416669845581055,4.6666669845581055,82500
1996-04-01,3.223233222961426,4.6666669845581055,4.6666669845581055,4.5416669845581055,4.5416669845581055,30000
1996-04-02,3.234785795211792,4.6666669845581055,4.7083330154418945,4.625,4.6666669845581055,608400
1996-04-03,3.2636687755584717,4.7083330154418945,4.75,4.7083330154418945,4.75,156000
1996-04-04,3.234785795211792,4.6666669845581055,4.75,4.6666669845581055,4.75,978600
1996-04-08,3.1770219802856445,4.5833330154418945,4.5833330154418945,4.5416669845581055,4.5833330154418945,39300
1996-04-09,3.1770219802856445,4.5833330154418945,4.5833330154418945,4.5833330154418945,4.5833330154418945,18600
1996-04-10,3.1770219802856445,4.5833330154418945,4.5833330154418945,4.5833330154418945,4.5833330154418945,1500
1996-04-11,3.1770219802856445,4.5833330154418945,4.5833330154418945,4.5833330154418945,4.5833330154418945,5100
1996-04-12,3.2059051990509033,4.625,4.625,4.625,4.625,6000
1996-04-15,3.3791964054107666,4.875,4.875,4.6666669845581055,4.6666669845581055,33600
1996-04-16,3.3791964054107666,4.875,4.875,4.875,4.875,5100
1996-04-17,3.3791964054107666,4.875,4.875,4.875,4.875,3600
1996-04-18,3.408078908920288,4.9166669845581055,4.9166669845581055,4.8333330154418945,4.8333330154418945,12300
1996-04-19,3.436959743499756,4.9583330154418945,5.0416669845581055,4.9583330154418945,4.9583330154418945,56100
1996-04-22,3.436959743499756,4.9583330154418945,4.9583330154418945,4.9583330154418945,4.9583330154418945,2400
1996-04-23,3.436959743499756,4.9583330154418945,4.9583330154418945,4.9166669845581055,4.9166669845581055,17400
1996-04-24,3.4658422470092773,5.0,5.0,4.9583330154418945,5.0,54300
1996-04-25,3.436959743499756,4.9583330154418945,5.0,4.9583330154418945,5.0,21900
1996-04-26,3.4658422470092773,5.0,5.0416669845581055,4.9583330154418945,4.9583330154418945,84900
1996-04-29,3.350315570831299,4.8333330154418945,4.9583330154418945,4.8333330154418945,4.9583330154418945,102900
1996-04-30,3.32143235206604,4.7916669845581055,4.7916669845581055,4.75,4.7916669845581055,16500
1996-05-01,3.3791964054107666,4.875,4.9166669845581055,4.7916669845581055,4.7916669845581055,43200
1996-05-02,3.2925493717193604,4.75,4.875,4.75,4.8333330154418945,14100
1996-05-03,3.2925493717193604,4.75,4.75,4.75,4.75,2100
1996-05-06,3.32143235206604,4.7916669845581055,4.875,4.7916669845581055,4.7916669845581055,164700
1996-05-07,3.3791964054107666,4.875,4.875,4.8333330154418945,4.8333330154418945,5100
1996-05-08,3.3791964054107666,4.875,4.875,4.8333330154418945,4.875,90000
1996-05-09,3.408078908920288,4.9166669845581055,4.9166669845581055,4.9166669845581055,4.9166669845581055,600
1996-05-10,3.408078908920288,4.9166669845581055,4.9166669845581055,4.875,4.875,75000
1996-05-13,3.5524888038635254,5.125,5.1666669845581055,5.0,5.0,151500
1996-05-14,3.581369638442993,5.1666669845581055,5.1666669845581055,5.0833330154418945,5.0833330154418945,53100
1996-05-15,3.5524888038635254,5.125,5.125,5.125,5.125,7500
1996-05-16,3.494723081588745,5.0416669845581055,5.0833330154418945,5.0,5.0833330154418945,9600
1996-05-17,3.494723081588745,5.0416669845581055,5.0416669845581055,5.0416669845581055,5.0416669845581055,0
1996-05-20,3.4658422470092773,5.0,5.0416669845581055,5.0,5.0416669845581055,5700
1996-05-21,3.350315570831299,4.8333330154418945,5.0,4.7916669845581055,4.9583330154418945,24000
1996-05-22,3.3791964054107666,4.875,4.875,4.7916669845581055,4.8333330154418945,10500
1996-05-23,3.32143235206604,4.7916669845581055,4.875,4.75,4.8333330154418945,616200
1996-05-24,3.32143235206604,4.7916669845581055,4.7916669845581055,4.7916669845581055,4.7916669845581055,0
1996-05-28,3.350315570831299,4.8333330154418945,4.875,4.75,4.75,669900
1996-05-29,3.350315570831299,4.8333330154418945,4.8333330154418945,4.75,4.7916669845581055,11700
1996-05-30,3.32143235206604,4.7916669845581055,4.7916669845581055,4.7916669845581055,4.7916669845581055,7800
1996-05-31,3.32143235206604,4.7916669845581055,4.8333330154418945,4.7083330154418945,4.8333330154418945,63000
1996-06-03,3.32143235206604,4.7916669845581055,4.7916669845581055,4.75,4.75,9300
1996-06-04,3.436959743499756,4.9583330154418945,4.9583330154418945,4.7916669845581055,4.7916669845581055,20700
1996-06-05,3.494723081588745,5.0416669845581055,5.0416669845581055,5.0,5.0,24900
1996-06-06,3.436959743499756,4.9583330154418945,4.9583330154418945,4.9166669845581055,4.9166669845581055,13800
1996-06-07,3.494723081588745,5.0416669845581055,5.0416669845581055,4.875,4.9166669845581055,22200
1996-06-10,3.350315570831299,4.8333330154418945,4.9166669845581055,4.75,4.9166669845581055,79200
1996-06-11,3.494723081588745,5.0416669845581055,5.0416669845581055,5.0,5.0,30300
1996-06-12,3.5236058235168457,5.0833330154418945,5.0833330154418945,4.9583330154418945,4.9583330154418945,17400
1996-06-13,3.436959743499756,4.9583330154418945,5.0416669845581055,4.9583330154418945,5.0,45300
1996-06-14,3.4658422470092773,5.0,5.0,4.9583330154418945,4.9583330154418945,22200
1996-06-17,3.4658422470092773,5.0,5.0416669845581055,5.0,5.0416669845581055,4500
1996-06-18,3.4658422470092773,5.0,5.0,4.9583330154418945,5.0,22200
1996-06-19,3.32143235206604,4.7916669845581055,4.9583330154418945,4.7916669845581055,4.9583330154418945,6300
1996-06-20,3.32143235206604,4.7916669845581055,4.8333330154418945,4.7916669845581055,4.7916669845581055,142500
1996-06-21,3.32143235206604,4.7916669845581055,4.8333330154418945,4.7916669845581055,4.8333330154418945,10200
1996-06-24,3.350315570831299,4.8333330154418945,4.9583330154418945,4.7916669845581055,4.7916669845581055,59100
1996-06-25,3.350315570831299,4.8333330154418945,4.875,4.8333330154418945,4.875,28800
1996-06-26,3.3791964054107666,4.875,4.875,4.8333330154418945,4.875,6000
1996-06-27,3.350315570831299,4.8333330154418945,4.875,4.8333330154418945,4.8333330154418945,10500
1996-06-28,3.2925493717193604,4.75,4.875,4.7083330154418945,4.875,23700
1996-07-01,3.32143235206604,4.7916669845581055,4.8333330154418945,4.75,4.75,79800
1996-07-02,3.390991449356079,4.875,4.9166669845581055,4.7916669845581055,4.7916669845581055,6900
1996-07-03,3.390991449356079,4.875,4.9166669845581055,4.8333330154418945,4.9166669845581055,13800
1996-07-05,3.3620097637176514,4.8333330154418945,4.9166669845581055,4.7916669845581055,4.9166669845581055,6900
1996-07-08,3.3330271244049072,4.7916669845581055,4.7916669845581055,4.75,4.7916669845581055,31800
1996-07-09,3.2750604152679443,4.7083330154418945,4.75,4.7083330154418945,4.75,179400
1996-07-10,3.2750604152679443,4.7083330154418945,4.7083330154418945,4.6666669845581055,4.7083330154418945,45000
1996-07-11,3.217094898223877,4.625,4.75,4.625,4.75,55500
1996-07-12,3.217094898223877,4.625,4.6666669845581055,4.625,4.625,3000
1996-07-15,3.1881103515625,4.5833330154418945,4.7083330154418945,4.5833330154418945,4.7083330154418945,10200
1996-07-16,3.130145788192749,4.5,4.5416669845581055,4.4583330154418945,4.5416669845581055,9300
1996-07-17,3.1881103515625,4.5833330154418945,4.5833330154418945,4.5,4.5416669845581055,12900
1996-07-18,3.3040428161621094,4.75,4.7916669845581055,4.5833330154418945,4.5833330154418945,39300
1996-07-19,3.3620097637176514,4.8333330154418945,4.8333330154418945,4.7083330154418945,4.75,77100
1996-07-22,3.4199750423431396,4.9166669845581055,4.9166669845581055,4.875,4.875,2400
1996-07-23,3.217094898223877,4.625,4.8333330154418945,4.625,4.7916669845581055,91200
1996-07-24,3.1881103515625,4.5833330154418945,4.625,4.1666669845581055,4.625,68100
1996-07-25,3.1591293811798096,4.5416669845581055,4.5833330154418945,4.5416669845581055,4.5833330154418945,17400
1996-07-26,3.130145788192749,4.5,4.5416669845581055,4.4166669845581055,4.5416669845581055,107400
1996-07-29,3.130145788192749,4.5,4.5416669845581055,4.5,4.5,81900
1996-07-30,3.1881103515625,4.5833330154418945,4.5833330154418945,4.5416669845581055,4.5416669845581055,4200
1996-07-31,3.1591293811798096,4.5416669845581055,4.6666669845581055,4.5416669845581055,4.625,30300
1996-08-01,3.217094898223877,4.625,4.625,4.5833330154418945,4.5833330154418945,2100
1996-08-02,3.217094898223877,4.625,4.625,4.625,4.625,4800
1996-08-05,3.2460782527923584,4.6666669845581055,4.6666669845581055,4.5833330154418945,4.5833330154418945,600
1996-08-06,3.3620097637176514,4.8333330154418945,4.8333330154418945,4.625,4.6666669845581055,21600
1996-08-07,3.390991449356079,4.875,4.875,4.8333330154418945,4.8333330154418945,900
1996-08-08,3.390991449356079,4.875,4.875,4.875,4.875,0
1996-08-09,3.390991449356079,4.875,4.875,4.875,4.875,0
1996-08-12,3.390991449356079,4.875,4.875,4.875,4.875,3600
1996-08-13,3.3330271244049072,4.7916669845581055,4.7916669845581055,4.7916669845581055,4.7916669845581055,3600
1996-08-14,3.2460782527923584,4.6666669845581055,4.75,4.6666669845581055,4.75,4800
1996-08-15,3.2460782527923584,4.6666669845581055,4.6666669845581055,4.6666669845581055,4.6666669845581055,345000
1996-08-16,3.3330271244049072,4.7916669845581055,4.7916669845581055,4.6666669845581055,4.6666669845581055,2400
1996-08-19,3.3040428161621094,4.75,4.75,4.7083330154418945,4.75,10200
1996-08-20,3.3040428161621094,4.75,4.75,4.75,4.75,6900
1996-08-21,3.3330271244049072,4.7916669845581055,4.8333330154418945,4.75,4.7916669845581055,9300
1996-08-22,3.4199750423431396,4.9166669845581055,4.9583330154418945,4.8333330154418945,4.8333330154418945,105000
1996-08-23,3.4489574432373047,4.9583330154418945,4.9583330154418945,4.875,4.875,14400
1996-08-26,3.477938413619995,5.0,5.0,4.9583330154418945,4.9583330154418945,11400
1996-08-27,3.477938413619995,5.0,5.0,5.0,5.0,6300
1996-08-28,3.5069217681884766,5.0416669845581055,5.0416669845581055,5.0,5.0,7200
1996-08-29,3.477938413619995,5.0,5.0833330154418945,4.9583330154418945,5.0833330154418945,17400
1996-08-30,3.4199750423431396,4.9166669845581055,4.9583330154418945,4.875,4.9583330154418945,15900
1996-09-03,3.4489574432373047,4.9583330154418945,4.9583330154418945,4.9166669845581055,4.9166669845581055,16800
1996-09-04,3.477938413619995,5.0,5.0,4.9583330154418945,4.9583330154418945,12600
1996-09-05,3.4489574432373047,4.9583330154418945,5.0,4.9166669845581055,5.0,112800
1996-09-06,3.4199750423431396,4.9166669845581055,4.9583330154418945,4.9166669845581055,4.9583330154418945,61200
1996-09-09,3.477938413619995,5.0,5.0,4.9166669845581055,4.9583330154418945,138600
1996-09-10,3.564889669418335,5.125,5.1666669845581055,5.0,5.0,25800
1996-09-11,3.4489574432373047,4.9583330154418945,5.0833330154418945,4.9583330154418945,5.0833330154418945,5100
1996-09-12,3.564889669418335,5.125,5.1666669845581055,5.0,5.0,102300
1996-09-13,3.5069217681884766,5.0416669845581055,5.1666669845581055,5.0416669845581055,5.0833330154418945,162000
1996-09-16,3.5069217681884766,5.0416669845581055,5.0833330154418945,5.0416669845581055,5.0833330154418945,3600
1996-09-17,3.535905361175537,5.0833330154418945,5.0833330154418945,4.9583330154418945,5.0833330154418945,366600
1996-09-18,3.6228504180908203,5.2083330154418945,5.2083330154418945,5.0833330154418945,5.125,42300
1996-09-19,3.6228504180908203,5.2083330154418945,5.25,5.2083330154418945,5.2083330154418945,7500
1996-09-20,3.6228504180908203,5.2083330154418945,5.2083330154418945,5.1666669845581055,5.1666669845581055,19500
1996-09-23,3.564889669418335,5.125,5.2083330154418945,5.125,5.2083330154418945,7200
1996-09-24,3.5938713550567627,5.1666669845581055,5.1666669845581055,5.1666669845581055,5.1666669845581055,15000
1996-09-25,3.564889669418335,5.125,5.1666669845581055,5.125,5.1666669845581055,9600
1996-09-26,3.651837110519409,5.25,5.25,5.1666669845581055,5.1666669845581055,31800
1996-09-27,3.564889669418335,5.125,5.25,5.125,5.25,20100
1996-09-30,3.6808202266693115,5.2916669845581055,5.3333330154418945,5.0833330154418945,5.0833330154418945,23400
1996-10-01,3.6808202266693115,5.2916669845581055,5.3333330154418945,5.2916669845581055,5.3333330154418945,5700
1996-10-02,3.6633756160736084,5.25,5.3333330154418945,5.2083330154418945,5.3333330154418945,15900
1996-10-03,3.750598430633545,5.375,5.375,5.2916669845581055,5.2916669845581055,102600
1996-10-04,3.7215237617492676,5.3333330154418945,5.375,5.3333330154418945,5.375,42900
1996-10-07,3.6633756160736084,5.25,5.3333330154418945,5.25,5.3333330154418945,11400
1996-10-08,3.692450761795044,5.2916669845581055,5.3333330154418945,5.2916669845581055,5.2916669845581055,5100
1996-10-09,3.692450761795044,5.2916669845581055,5.3333330154418945,5.25,5.3333330154418945,13800
1996-10-10,3.692450761795044,5.2916669845581055,5.2916669845581055,5.2916669845581055,5.2916669845581055,0
1996-10-11,3.692450761795044,5.2916669845581055,5.2916669845581055,5.2916669845581055,5.2916669845581055,9600
1996-10-14,3.7215237617492676,5.3333330154418945,5.3333330154418945,5.3333330154418945,5.3333330154418945,600
1996-10-15,3.6633756160736084,5.25,5.3333330154418945,5.2083330154418945,5.3333330154418945,18600
1996-10-16,3.6633756160736084,5.25,5.25,5.1666669845581055,5.2083330154418945,23400
1996-10-17,3.634298324584961,5.2083330154418945,5.2916669845581055,5.2083330154418945,5.2916669845581055,10800
1996-10-18,3.634298324584961,5.2083330154418945,5.2083330154418945,5.2083330154418945,5.2083330154418945,5100
1996-10-21,3.634298324584961,5.2083330154418945,5.2083330154418945,5.1666669845581055,5.2083330154418945,4200
1996-10-22,3.576153039932251,5.125,5.2916669845581055,5.0833330154418945,5.25,83100
1996-10-23,3.576153039932251,5.125,5.2083330154418945,5.0833330154418945,5.2083330154418945,204900
1996-10-24,3.576153039932251,5.125,5.2083330154418945,5.125,5.2083330154418945,6000
1996-10-25,3.692450761795044,5.2916669845581055,5.2916669845581055,5.125,5.125,15600
1996-10-28,3.692450761795044,5.2916669845581055,5.3333330154418945,5.2916669845581055,5.2916669845581055,71700
1996-10-29,3.692450761795044,5.2916669845581055,5.2916669845581055,5.2916669845581055,5.2916669845581055,3000
1996-10-30,3.7215237617492676,5.3333330154418945,5.3333330154418945,5.2916669845581055,5.2916669845581055,5100
1996-10-31,3.634298324584961,5.2083330154418945,5.2916669845581055,5.2083330154418945,5.25,10200
1996-11-01,3.634298324584961,5.2083330154418945,5.2083330154418945,5.1666669845581055,5.1666669845581055,214200
1996-11-04,3.6052260398864746,5.1666669845581055,5.1666669845581055,5.125,5.1666669845581055,186000
1996-11-05,3.634298324584961,5.2083330154418945,5.2083330154418945,5.1666669845581055,5.1666669845581055,109500
1996-11-06,3.634298324584961,5.2083330154418945,5.2083330154418945,5.125,5.2083330154418945,39900
1996-11-07,3.634298324584961,5.2083330154418945,5.25,5.1666669845581055,5.2083330154418945,58800
1996-11-08,3.6052260398864746,5.1666669845581055,5.2083330154418945,5.1666669845581055,5.2083330154418945,3300
1996-11-11,3.576153039932251,5.125,5.125,5.125,5.125,1200
1996-11-12,3.5470774173736572,5.0833330154418945,5.0833330154418945,5.0833330154418945,5.0833330154418945,300
1996-11-13,3.4598543643951416,4.9583330154418945,5.0833330154418945,4.9583330154418945,5.0833330154418945,237600
1996-11-14,3.401705741882324,4.875,4.9583330154418945,4.875,4.9583330154418945,486600
1996-11-15,3.4598543643951416,4.9583330154418945,4.9583330154418945,4.9166669845581055,4.9166669845581055,121200
1996-11-18,3.4598543643951416,4.9583330154418945,5.0,4.9166669845581055,4.9583330154418945,83700
1996-11-19,3.430781602859497,4.9166669845581055,4.9583330154418945,4.875,4.9583330154418945,118200
1996-11-20,3.372633218765259,4.8333330154418945,4.875,4.7916669845581055,4.8333330154418945,75000
1996-11-21,3.401705741882324,4.875,4.9166669845581055,4.7916669845581055,4.7916669845581055,30300
1996-11-22,3.430781602859497,4.9166669845581055,4.9166669845581055,4.875,4.875,33300
1996-11-25,3.576153039932251,5.125,5.125,4.9166669845581055,4.9166669845581055,23100
1996-11-26,3.576153039932251,5.125,5.2083330154418945,5.0833330154418945,5.0833330154418945,57900
1996-11-27,3.576153039932251,5.125,5.2916669845581055,5.125,5.1666669845581055,62400
1996-11-29,3.692450761795044,5.2916669845581055,5.2916669845581055,5.125,5.1666669845581055,42300
1996-12-02,3.692450761795044,5.2916669845581055,5.2916669845581055,5.2083330154418945,5.25,73500
1996-12-03,3.808746814727783,5.4583330154418945,5.4583330154418945,5.3333330154418945,5.3333330154418945,356400
1996-12-04,3.808746814727783,5.4583330154418945,5.5,5.4583330154418945,5.5,8400
1996-12-05,3.808746814727783,5.4583330154418945,5.6666669845581055,5.4583330154418945,5.5,23400
1996-12-06,3.808746814727783,5.4583330154418945,5.5,5.4583330154418945,5.5,8100
1996-12-09,3.808746814727783,5.4583330154418945,5.5416669845581055,5.4583330154418945,5.5,23700
1996-12-10,3.808746814727783,5.4583330154418945,5.5,5.4583330154418945,5.5,8100
1996-12-11,3.808746814727783,5.4583330154418945,5.5,5.4583330154418945,5.4583330154418945,9900
1996-12-12,3.7215237617492676,5.3333330154418945,5.4166669845581055,5.3333330154418945,5.4166669845581055,106500
1996-12-13,3.6633756160736084,5.25,5.2916669845581055,5.25,5.2916669845581055,34500
1996-12-16,3.692450761795044,5.2916669845581055,5.3333330154418945,5.2916669845581055,5.2916669845581055,82500
1996-12-17,3.7215237617492676,5.3333330154418945,5.3333330154418945,5.2916669845581055,5.2916669845581055,37800
1996-12-18,3.808746814727783,5.4583330154418945,5.5,5.3333330154418945,5.3333330154418945,193500
1996-12-19,3.866896390914917,5.5416669845581055,5.5833330154418945,5.4583330154418945,5.4583330154418945,276300
1996-12-20,4.186715602874756,6.0,6.1666669845581055,5.5416669845581055,5.5416669845581055,208800
1996-12-23,4.157639980316162,5.9583330154418945,6.125,5.875,6.125,110700
1996-12-24,4.128565788269043,5.9166669845581055,5.9166669845581055,5.9166669845581055,5.9166669845581055,1500
1996-12-26,4.157639980316162,5.9583330154418945,6.0416669845581055,5.7916669845581055,5.9583330154418945,41400
1996-12-27,4.157639980316162,5.9583330154418945,6.0,5.9166669845581055,5.9166669845581055,4800
1996-12-30,4.186715602874756,6.0,6.0,5.875,5.875,4800
1996-12-31,4.198378086090088,6.0,6.0416669845581055,5.9166669845581055,5.9166669845581055,12300
1997-01-02,4.169221878051758,5.9583330154418945,6.0,5.9166669845581055,6.0,6000
1997-01-03,4.22753381729126,6.0416669845581055,6.0416669845581055,5.9166669845581055,5.9166669845581055,13500
1997-01-06,4.22753381729126,6.0416669845581055,6.0833330154418945,6.0416669845581055,6.0833330154418945,13800
1997-01-07,4.198378086090088,6.0,6.0,6.0,6.0,11100
1997-01-08,4.402466773986816,6.2916669845581055,6.375,6.0833330154418945,6.0833330154418945,157800
1997-01-09,4.431621551513672,6.3333330154418945,6.4166669845581055,6.25,6.25,86700
1997-01-10,4.344154357910156,6.2083330154418945,6.4166669845581055,6.0416669845581055,6.4166669845581055,70500
1997-01-13,4.402466773986816,6.2916669845581055,6.375,6.25,6.25,14700
1997-01-14,4.373307704925537,6.25,6.375,6.1666669845581055,6.2916669845581055,61800
1997-01-15,4.460775375366211,6.375,6.375,6.2916669845581055,6.2916669845581055,14700
1997-01-16,4.489933490753174,6.4166669845581055,6.4583330154418945,6.375,6.375,15900
1997-01-17,4.431621551513672,6.3333330154418945,6.4583330154418945,6.3333330154418945,6.3333330154418945,56400
1997-01-20,4.2858428955078125,6.125,6.25,6.0833330154418945,6.25,34800
1997-01-21,4.344154357910156,6.2083330154418945,6.2083330154418945,6.0,6.0833330154418945,16200
1997-01-22,4.22753381729126,6.0416669845581055,6.2083330154418945,6.0416669845581055,6.2083330154418945,37800
1997-01-23,4.314998149871826,6.1666669845581055,6.25,6.0416669845581055,6.0416669845581055,25800
1997-01-24,4.314998149871826,6.1666669845581055,6.25,6.1666669845581055,6.25,4200
1997-01-27,4.314998149871826,6.1666669845581055,6.1666669845581055,6.0833330154418945,6.1666669845581055,9000
1997-01-28,4.606553077697754,6.5833330154418945,6.5833330154418945,6.25,6.25,41400
1997-01-29,4.489933490753174,6.4166669845581055,6.5,6.4166669845581055,6.5,22800
1997-01-30,4.5190863609313965,6.4583330154418945,6.5,6.4166669845581055,6.5,36600
1997-01-31,4.577398777008057,6.5416669845581055,6.5416669845581055,6.4583330154418945,6.4583330154418945,7200
1997-02-03,4.577398777008057,6.5416669845581055,6.6666669845581055,6.5,6.5,26400
1997-02-04,4.5190863609313965,6.4583330154418945,6.5,6.4166669845581055,6.5,11700
1997-02-05,4.431621551513672,6.3333330154418945,6.4583330154418945,6.3333330154418945,6.4583330154418945,52800
1997-02-06,4.431621551513672,6.3333330154418945,6.3333330154418945,6.3333330154418945,6.3333330154418945,8400
1997-02-07,4.373307704925537,6.25,6.3333330154418945,6.25,6.3333330154418945,81300
1997-02-10,4.256689071655273,6.0833330154418945,6.25,6.0833330154418945,6.25,34800
1997-02-11,4.22753381729126,6.0416669845581055,6.125,5.875,6.0833330154418945,75900
1997-02-12,4.373307704925537,6.25,6.25,6.0416669845581055,6.0416669845581055,114900
1997-02-13,4.344154357910156,6.2083330154418945,6.2083330154418945,6.125,6.2083330154418945,7500
1997-02-14,4.22753381729126,6.0416669845581055,6.2083330154418945,6.0416669845581055,6.2083330154418945,18000
1997-02-18,4.110910415649414,5.875,6.0833330154418945,5.875,6.0833330154418945,120600
1997-02-19,4.140065670013428,5.9166669845581055,5.9166669845581055,5.875,5.875,63900
1997-02-20,4.081755638122559,5.8333330154418945,5.9583330154418945,5.7916669845581055,5.9166669845581055,53400
1997-02-21,4.081755638122559,5.8333330154418945,5.8333330154418945,5.7916669845581055,5.7916669845581055,63300
1997-02-24,4.110910415649414,5.875,5.875,5.7916669845581055,5.875,30300
1997-02-25,4.140065670013428,5.9166669845581055,5.9166669845581055,5.8333330154418945,5.8333330154418945,59100
1997-02-26,4.0525994300842285,5.7916669845581055,5.875,5.7916669845581055,5.875,23700
1997-02-27,3.9942879676818848,5.7083330154418945,5.8333330154418945,5.7083330154418945,5.8333330154418945,45000
1997-02-28,3.965135097503662,5.6666669845581055,5.7083330154418945,5.625,5.7083330154418945,42300
1997-03-03,3.8776679039001465,5.5416669845581055,5.625,5.4166669845581055,5.4166669845581055,262500
1997-03-04,3.9068241119384766,5.5833330154418945,5.6041669845581055,5.5833330154418945,5.5833330154418945,210600
1997-03-05,4.081755638122559,5.8333330154418945,5.9166669845581055,5.5833330154418945,5.5833330154418945,68700
1997-03-06,4.0525994300842285,5.7916669845581055,5.8333330154418945,5.7916669845581055,5.8333330154418945,1500
1997-03-07,4.081755638122559,5.8333330154418945,5.8333330154418945,5.8333330154418945,5.8333330154418945,3300
1997-03-10,4.110910415649414,5.875,5.875,5.75,5.75,12000
1997-03-11,4.081755638122559,5.8333330154418945,5.875,5.7916669845581055,5.875,12000
1997-03-12,4.169221878051758,5.9583330154418945,5.9583330154418945,5.8333330154418945,5.8333330154418945,43800
1997-03-13,4.169221878051758,5.9583330154418945,5.9583330154418945,5.9166669845581055,5.9166669845581055,5400
1997-03-14,4.198378086090088,6.0,6.0,5.9583330154418945,6.0,27300
1997-03-17,4.2858428955078125,6.125,6.125,5.9583330154418945,5.9583330154418945,245400
1997-03-18,4.198378086090088,6.0,6.0416669845581055,6.0,6.0416669845581055,19200
1997-03-19,4.198378086090088,6.0,6.0,5.9583330154418945,6.0,29700
1997-03-20,4.198378086090088,6.0,6.0416669845581055,6.0,6.0416669845581055,6300
1997-03-21,4.256689071655273,6.0833330154418945,6.0833330154418945,6.0,6.0416669845581055,15300
1997-03-24,4.22753381729126,6.0416669845581055,6.0833330154418945,6.0416669845581055,6.0416669845581055,3600
1997-03-25,4.22753381729126,6.0416669845581055,6.0416669845581055,6.0,6.0,141000
1997-03-26,4.314998149871826,6.1666669845581055,6.1666669845581055,6.0,6.0,84900
1997-03-27,4.22753381729126,6.0416669845581055,6.125,6.0416669845581055,6.125,10500
1997-03-31,4.22753381729126,6.0416669845581055,6.0416669845581055,6.0416669845581055,6.0416669845581055,7200
1997-04-01,4.256689071655273,6.0833330154418945,6.0833330154418945,6.0,6.0,50700
1997-04-02,4.2391486167907715,6.0416669845581055,6.0416669845581055,6.0416669845581055,6.0416669845581055,300
1997-04-03,4.2391486167907715,6.0416669845581055,6.0833330154418945,6.0,6.0,12900
1997-04-04,4.297619819641113,6.125,6.125,6.0416669845581055,6.0833330154418945,30600
1997-04-07,4.297619819641113,6.125,6.1666669845581055,6.125,6.1666669845581055,4200
1997-04-08,4.297619819641113,6.125,6.125,6.125,6.125,2100
1997-04-09,4.3268537521362305,6.1666669845581055,6.1666669845581055,6.0833330154418945,6.1666669845581055,25500
1997-04-10,4.385322570800781,6.25,6.3333330154418945,6.125,6.125,17400
1997-04-11,4.297619819641113,6.125,6.25,6.125,6.25,9300
1997-04-14,4.356088638305664,6.2083330154418945,6.2083330154418945,6.125,6.125,6900
1997-04-15,4.385322570800781,6.25,6.2916669845581055,6.1666669845581055,6.1666669845581055,18900
1997-04-16,4.297619819641113,6.125,6.1666669845581055,6.125,6.1666669845581055,5700
1997-04-17,4.297619819641113,6.125,6.125,6.0833330154418945,6.125,3300
1997-04-18,4.2391486167907715,6.0416669845581055,6.0833330154418945,6.0,6.0833330154418945,36300
1997-04-21,4.268381595611572,6.0833330154418945,6.0833330154418945,6.0416669845581055,6.0833330154418945,8100
1997-04-22,4.268381595611572,6.0833330154418945,6.125,6.0833330154418945,6.125,24000
1997-04-23,4.268381595611572,6.0833330154418945,6.125,6.0833330154418945,6.0833330154418945,10500
1997-04-24,4.268381595611572,6.0833330154418945,6.125,6.0833330154418945,6.0833330154418945,15300
1997-04-25,4.268381595611572,6.0833330154418945,6.125,6.0833330154418945,6.0833330154418945,81900
1997-04-28,4.2391486167907715,6.0416669845581055,6.0833330154418945,6.0416669845581055,6.0833330154418945,8100
1997-04-29,4.3268537521362305,6.1666669845581055,6.25,6.125,6.125,69300
1997-04-30,4.3268537521362305,6.1666669845581055,6.2083330154418945,6.125,6.125,8400
1997-05-01,4.385322570800781,6.25,6.25,6.2083330154418945,6.2083330154418945,9600
1997-05-02,4.385322570800781,6.25,6.25,6.25,6.25,10500
1997-05-05,4.414560317993164,6.2916669845581055,6.2916669845581055,6.25,6.25,9600
1997-05-06,4.268381595611572,6.0833330154418945,6.2916669845581055,6.0416669845581055,6.2916669845581055,24900
1997-05-07,4.385322570800781,6.25,6.2708330154418945,6.0416669845581055,6.0416669845581055,51900
1997-05-08,4.356088638305664,6.2083330154418945,6.25,6.1666669845581055,6.2291669845581055,56100
1997-05-09,4.385322570800781,6.25,6.25,6.2083330154418945,6.2083330154418945,26700
1997-05-12,4.589973449707031,6.5416669845581055,6.5416669845581055,6.25,6.25,157500
1997-05-13,4.560737133026123,6.5,6.5,6.4166669845581055,6.5,225000
1997-05-14,4.560737133026123,6.5,6.5,6.4583330154418945,6.5,18000
1997-05-15,4.502266883850098,6.4166669845581055,6.4166669845581055,6.375,6.4166669845581055,4800
1997-05-16,4.473032474517822,6.375,6.4583330154418945,6.375,6.4583330154418945,19200
1997-05-19,4.414560317993164,6.2916669845581055,6.375,6.2916669845581055,6.375,33000
1997-05-20,4.473032474517822,6.375,6.375,6.2916669845581055,6.2916669845581055,156000
1997-05-21,4.560737133026123,6.5,6.5,6.3333330154418945,6.375,110100
1997-05-22,4.589973449707031,6.5416669845581055,6.5416669845581055,6.5,6.5,11100
1997-05-23,4.619208812713623,6.5833330154418945,6.5833330154418945,6.5833330154418945,6.5833330154418945,3300
1997-05-27,4.619208812713623,6.5833330154418945,6.5833330154418945,6.5833330154418945,6.5833330154418945,8400
1997-05-28,4.619208812713623,6.5833330154418945,6.625,6.5416669845581055,6.625,38700
1997-05-29,4.619208812713623,6.5833330154418945,6.625,6.5833330154418945,6.625,6600
1997-05-30,4.706914901733398,6.7083330154418945,6.7916669845581055,6.6666669845581055,6.6666669845581055,28800
1997-06-02,4.853092670440674,6.9166669845581055,6.9583330154418945,6.75,6.7916669845581055,15000
1997-06-03,4.882326126098633,6.9583330154418945,7.0833330154418945,6.9583330154418945,6.9583330154418945,55200
1997-06-04,4.882326126098633,6.9583330154418945,7.0416669845581055,6.9583330154418945,7.0416669845581055,36300
1997-06-05,4.853092670440674,6.9166669845581055,6.9166669845581055,6.75,6.875,18000
1997-06-06,4.853092670440674,6.9166669845581055,6.9583330154418945,6.9166669845581055,6.9166669845581055,42900
1997-06-09,4.823857307434082,6.875,6.9166669845581055,6.75,6.9166669845581055,1487400
1997-06-10,4.940800189971924,7.0416669845581055,7.0833330154418945,6.8333330154418945,6.875,16200
1997-06-11,4.882326126098633,6.9583330154418945,7.0833330154418945,6.9166669845581055,7.0833330154418945,24900
1997-06-12,4.882326126098633,6.9583330154418945,6.9583330154418945,6.8333330154418945,6.9166669845581055,93300
1997-06-13,4.882326126098633,6.9583330154418945,6.9583330154418945,6.875,6.9166669845581055,87300
1997-06-16,4.882326126098633,6.9583330154418945,6.9583330154418945,6.9583330154418945,6.9583330154418945,2700
1997-06-17,4.882326126098633,6.9583330154418945,6.9583330154418945,6.9166669845581055,6.9583330154418945,14400
1997-06-18,4.882326126098633,6.9583330154418945,7.0833330154418945,6.9166669845581055,6.9583330154418945,151800
1997-06-19,4.970034122467041,7.0833330154418945,7.0833330154418945,6.8333330154418945,6.9583330154418945,81600
1997-06-20,4.882326126098633,6.9583330154418945,7.0,6.9166669845581055,6.9166669845581055,67800
1997-06-23,4.823857307434082,6.875,6.9166669845581055,6.875,6.9166669845581055,99600
1997-06-24,4.882326126098633,6.9583330154418945,7.0,6.9166669845581055,6.9375,86700
1997-06-25,4.911561965942383,7.0,7.0520830154418945,7.0,7.0,129900
1997-06-26,5.028506278991699,7.1666669845581055,7.1666669845581055,6.9166669845581055,6.9583330154418945,137700
1997-06-27,4.805798530578613,6.8333330154418945,7.2083330154418945,6.75,7.1458330154418945,84300
1997-06-30,4.5713677406311035,6.5,6.9583330154418945,6.5,6.8333330154418945,167100
1997-07-01,4.644628524780273,6.6041669845581055,6.6041669845581055,6.5416669845581055,6.5416669845581055,170100
1997-07-02,4.688583850860596,6.6666669845581055,6.6875,6.5833330154418945,6.625,90900
1997-07-03,4.717887878417969,6.7083330154418945,6.7083330154418945,6.6666669845581055,6.7083330154418945,24600
1997-07-07,4.805798530578613,6.8333330154418945,6.8333330154418945,6.7083330154418945,6.7916669845581055,28200
1997-07-08,4.717887878417969,6.7083330154418945,6.8333330154418945,6.6666669845581055,6.8333330154418945,131700
1997-07-09,4.747189998626709,6.75,6.7916669845581055,6.7291669845581055,6.75,95400
1997-07-10,5.010921955108643,7.125,7.1666669845581055,6.7916669845581055,6.7916669845581055,54300
1997-07-11,5.245353698730469,7.4583330154418945,7.4583330154418945,7.125,7.125,154800
1997-07-14,5.172093868255615,7.3541669845581055,7.5,7.3333330154418945,7.5,58200
1997-07-15,5.186746120452881,7.375,7.375,7.2291669845581055,7.3333330154418945,39300
1997-07-16,5.216049671173096,7.4166669845581055,7.4375,7.2916669845581055,7.375,202800
1997-07-17,5.5823445320129395,7.9375,7.9583330154418945,7.4166669845581055,7.4375,207900
1997-07-18,5.391870021820068,7.6666669845581055,7.9583330154418945,7.6458330154418945,7.9583330154418945,46200
1997-07-21,5.567693710327148,7.9166669845581055,8.083333015441895,7.8125,7.8541669845581055,77700
1997-07-22,5.963291645050049,8.479166984558105,8.541666984558105,7.9166669845581055,7.9166669845581055,279300
1997-07-23,7.032874584197998,10.0,10.5,8.4375,8.4375,1688700
1997-07-24,6.7984466552734375,9.666666984558105,10.145833015441895,9.166666984558105,10.0,1134000
1997-07-25,6.6958842277526855,9.520833015441895,9.666666984558105,9.5,9.666666984558105,314100
1997-07-28,6.49075984954834,9.229166984558105,9.5,9.229166984558105,9.5,142500
1997-07-29,6.520064353942871,9.270833015441895,9.3125,9.166666984558105,9.229166984558105,187800
1997-07-30,6.7984466552734375,9.666666984558105,9.666666984558105,9.125,9.3125,538500
1997-07-31,6.7984466552734375,9.666666984558105,9.75,9.583333015441895,9.666666984558105,210300
1997-08-01,6.857053279876709,9.75,9.75,9.604166984558105,9.6875,125400
1997-08-04,7.018222808837891,9.979166984558105,9.979166984558105,9.666666984558105,9.75,515700
1997-08-05,7.032874584197998,10.0,10.041666984558105,9.895833015441895,9.895833015441895,364800
1997-08-06,6.930314064025879,9.854166984558105,9.979166984558105,9.854166984558105,9.979166984558105,97800
1997-08-07,7.018222808837891,9.979166984558105,9.979166984558105,9.854166984558105,9.9375,77700
1997-08-08,6.681232929229736,9.5,9.854166984558105,9.5,9.854166984558105,61800
1997-08-11,6.7984466552734375,9.666666984558105,9.729166984558105,9.5625,9.5625,48900
1997-08-12,6.637276649475098,9.4375,9.729166984558105,9.416666984558105,9.6875,131100
1997-08-13,6.681232929229736,9.5,9.583333015441895,9.395833015441895,9.395833015441895,42000
1997-08-14,6.725185871124268,9.5625,9.645833015441895,9.416666984558105,9.5625,147300
1997-08-15,6.6958842277526855,9.520833015441895,9.645833015441895,9.520833015441895,9.5625,111900
1997-08-18,6.725185871124268,9.5625,9.604166984558105,9.541666984558105,9.5625,45300
1997-08-19,6.783797740936279,9.645833015441895,9.666666984558105,9.5625,9.5625,74700
1997-08-20,6.739841938018799,9.583333015441895,9.666666984558105,9.5625,9.645833015441895,259200
1997-08-21,6.6958842277526855,9.520833015441895,9.666666984558105,9.5,9.541666984558105,63300
1997-08-22,6.739841938018799,9.583333015441895,9.645833015441895,9.416666984558105,9.479166984558105,33600
1997-08-25,6.534715175628662,9.291666984558105,9.541666984558105,9.25,9.541666984558105,71700
1997-08-26,6.578668117523193,9.354166984558105,9.375,9.229166984558105,9.291666984558105,52500
1997-08-27,6.769140243530273,9.625,9.666666984558105,9.416666984558105,9.416666984558105,129000
1997-08-28,6.754489898681641,9.604166984558105,9.666666984558105,9.541666984558105,9.666666984558105,431400
1997-08-29,6.710535526275635,9.541666984558105,9.583333015441895,9.541666984558105,9.541666984558105,11700
1997-09-02,6.7984466552734375,9.666666984558105,9.729166984558105,9.5625,9.5625,111300
1997-09-03,6.681232929229736,9.5,9.729166984558105,9.5,9.729166984558105,6600
1997-09-04,6.7984466552734375,9.666666984558105,9.666666984558105,9.416666984558105,9.5,416400
1997-09-05,6.7984466552734375,9.666666984558105,9.75,9.666666984558105,9.708333015441895,167100
1997-09-08,6.8277482986450195,9.708333015441895,9.708333015441895,9.604166984558105,9.666666984558105,70500
1997-09-09,6.7984466552734375,9.666666984558105,9.6875,9.583333015441895,9.6875,113100
1997-09-10,6.769140243530273,9.625,9.645833015441895,9.625,9.625,6000
1997-09-11,6.739841938018799,9.583333015441895,9.666666984558105,9.458333015441895,9.625,31800
1997-09-12,6.783797740936279,9.645833015441895,9.666666984558105,9.5,9.583333015441895,12300
1997-09-15,6.783797740936279,9.645833015441895,9.666666984558105,9.583333015441895,9.666666984558105,38100
1997-09-16,6.783797740936279,9.645833015441895,9.666666984558105,9.5,9.666666984558105,105300
1997-09-17,7.003573417663574,9.958333015441895,9.979166984558105,9.666666984558105,9.666666984558105,555600
1997-09-18,7.164743900299072,10.1875,10.416666984558105,10.0,10.0,682200
1997-09-19,7.120786190032959,10.125,10.291666984558105,10.0625,10.1875,283200
1997-09-22,7.032874584197998,10.0,10.229166984558105,9.916666984558105,10.208333015441895,194100
1997-09-23,7.13543701171875,10.145833015441895,10.145833015441895,9.770833015441895,9.916666984558105,52500
1997-09-24,7.062180042266846,10.041666984558105,10.166666984558105,10.041666984558105,10.166666984558105,99000
1997-09-25,6.886358261108398,9.791666984558105,10.083333015441895,9.583333015441895,10.083333015441895,66600
1997-09-26,7.032874584197998,10.0,10.0,9.8125,9.833333015441895,34800
1997-09-29,7.120786190032959,10.125,10.166666984558105,9.979166984558105,10.0625,159600
1997-09-30,6.956416606903076,9.875,10.125,9.75,10.125,66900
1997-10-01,7.073822498321533,10.041666984558105,10.041666984558105,9.895833015441895,9.916666984558105,51600
1997-10-02,7.161877632141113,10.166666984558105,10.166666984558105,10.083333015441895,10.083333015441895,46200
1997-10-03,7.103175163269043,10.083333015441895,10.25,10.0,10.125,132600
1997-10-06,7.235256671905518,10.270833015441895,10.333333015441895,10.125,10.208333015441895,252000
1997-10-07,7.161877632141113,10.166666984558105,10.3125,10.125,10.3125,92700
1997-10-08,7.191227912902832,10.208333015441895,10.229166984558105,10.104166984558105,10.208333015441895,26700
1997-10-09,7.073822498321533,10.041666984558105,10.208333015441895,10.0,10.166666984558105,48600
1997-10-10,6.98576545715332,9.916666984558105,10.0,9.875,10.0,30600
1997-10-13,6.883036136627197,9.770833015441895,9.895833015441895,9.708333015441895,9.875,106800
1997-10-14,6.883036136627197,9.770833015441895,9.770833015441895,9.729166984558105,9.770833015441895,19500
1997-10-15,6.5161333084106445,9.25,9.791666984558105,8.958333015441895,9.729166984558105,295800
1997-10-16,6.5161333084106445,9.25,9.333333015441895,9.166666984558105,9.208333015441895,208800
1997-10-17,6.721599102020264,9.541666984558105,9.541666984558105,9.25,9.25,107700
1997-10-20,7.015120506286621,9.958333015441895,9.958333015441895,9.833333015441895,9.833333015441895,99600
1997-10-21,7.117852687835693,10.104166984558105,10.125,9.979166984558105,9.979166984558105,138600
1997-10-22,7.3379926681518555,10.416666984558105,10.416666984558105,10.041666984558105,10.083333015441895,334200
1997-10-23,7.352667331695557,10.4375,10.645833015441895,10.333333015441895,10.416666984558105,350100
1997-10-24,7.660861015319824,10.875,10.875,10.520833015441895,10.520833015441895,410100
1997-10-27,7.308638572692871,10.375,10.875,10.166666984558105,10.791666984558105,320100
1997-10-28,7.499424934387207,10.645833015441895,10.645833015441895,9.875,10.083333015441895,290700
1997-10-29,7.499424934387207,10.645833015441895,10.666666984558105,10.583333015441895,10.666666984558105,41700
1997-10-30,7.3379926681518555,10.416666984558105,10.5625,10.395833015441895,10.5625,268800
1997-10-31,7.279283046722412,10.333333015441895,10.416666984558105,10.3125,10.416666984558105,30900
1997-11-03,7.396694660186768,10.5,10.5,10.25,10.333333015441895,155700
1997-11-04,7.382015705108643,10.479166984558105,10.5,10.395833015441895,10.5,62400
1997-11-05,7.176556587219238,10.1875,10.4375,10.125,10.4375,30000
1997-11-06,7.044469833374023,10.0,10.270833015441895,10.0,10.104166984558105,51600
1997-11-07,6.809654712677002,9.666666984558105,10.25,9.666666984558105,9.916666984558105,109500
1997-11-10,7.1325249671936035,10.125,10.208333015441895,9.666666984558105,9.666666984558105,171900
1997-11-11,7.059147834777832,10.020833015441895,10.208333015441895,9.979166984558105,10.166666984558105,66300
1997-11-12,7.059147834777832,10.020833015441895,10.041666984558105,10.0,10.0,108600
1997-11-13,7.044469833374023,10.0,10.020833015441895,9.979166984558105,10.0,438300
1997-11-14,7.044469833374023,10.0,10.041666984558105,10.0,10.041666984558105,235800
1997-11-17,7.0885009765625,10.0625,10.083333015441895,10.0625,10.083333015441895,32400
1997-11-18,7.044469833374023,10.0,10.083333015441895,10.0,10.083333015441895,54300
1997-11-19,7.279283046722412,10.333333015441895,10.333333015441895,10.041666984558105,10.041666984558105,128100
1997-11-20,7.191227912902832,10.208333015441895,10.375,10.1875,10.3125,30000
1997-11-21,7.3233137130737305,10.395833015441895,10.395833015441895,10.208333015441895,10.291666984558105,8700
1997-11-24,7.249934673309326,10.291666984558105,10.375,10.25,10.333333015441895,79200
1997-11-25,7.308638572692871,10.375,10.375,10.25,10.25,11100
1997-11-26,7.279283046722412,10.333333015441895,10.375,10.333333015441895,10.375,36600
1997-11-28,7.191227912902832,10.208333015441895,10.333333015441895,10.208333015441895,10.333333015441895,27900
1997-12-01,7.308638572692871,10.375,10.416666984558105,10.208333015441895,10.208333015441895,92400
1997-12-02,7.308638572692871,10.375,10.458333015441895,10.375,10.395833015441895,19200
1997-12-03,7.382015705108643,10.479166984558105,10.479166984558105,10.3125,10.354166984558105,20100
1997-12-04,7.367343902587891,10.458333015441895,10.458333015441895,10.416666984558105,10.4375,30600
1997-12-05,7.367343902587891,10.458333015441895,10.458333015441895,10.375,10.458333015441895,106200
1997-12-08,7.382015705108643,10.479166984558105,10.5,10.458333015441895,10.479166984558105,33300
1997-12-09,7.249934673309326,10.291666984558105,10.479166984558105,10.291666984558105,10.479166984558105,23100
1997-12-10,7.147202014923096,10.145833015441895,10.229166984558105,10.125,10.208333015441895,27000
1997-12-11,7.044469833374023,10.0,10.125,10.0,10.104166984558105,40200
1997-12-12,7.073822498321533,10.041666984558105,10.083333015441895,10.0,10.0,24600
1997-12-15,7.073822498321533,10.041666984558105,10.125,10.0,10.083333015441895,35400
1997-12-16,7.117852687835693,10.104166984558105,10.104166984558105,10.0,10.0,23100
1997-12-17,7.147202014923096,10.145833015441895,10.166666984558105,10.104166984558105,10.104166984558105,6300
1997-12-18,7.235256671905518,10.270833015441895,10.291666984558105,10.145833015441895,10.145833015441895,52500
1997-12-19,7.161877632141113,10.166666984558105,10.25,10.125,10.208333015441895,118200
1997-12-22,7.161877632141113,10.166666984558105,10.1875,10.083333015441895,10.125,45600
1997-12-23,7.191227912902832,10.208333015441895,10.208333015441895,10.125,10.208333015441895,32100
1997-12-24,7.249934673309326,10.291666984558105,10.3125,10.25,10.25,6300
1997-12-26,7.235256671905518,10.270833015441895,10.270833015441895,10.229166984558105,10.25,10500
1997-12-29,7.279283046722412,10.333333015441895,10.333333015441895,10.3125,10.333333015441895,11700
1997-12-30,7.249934673309326,10.291666984558105,10.458333015441895,10.25,10.333333015441895,40500
1997-12-31,7.085296630859375,10.041666984558105,10.291666984558105,10.041666984558105,10.270833015441895,33300
1998-01-02,7.114697456359863,10.083333015441895,10.125,10.0,10.083333015441895,474900
1998-01-05,7.114697456359863,10.083333015441895,10.145833015441895,10.0,10.125,395700
1998-01-06,7.129397869110107,10.104166984558105,10.166666984558105,10.0,10.041666984558105,94200
1998-01-07,7.144094467163086,10.125,10.145833015441895,10.104166984558105,10.125,15600
1998-01-08,7.144094467163086,10.125,10.145833015441895,10.0,10.041666984558105,29700
1998-01-09,7.217599868774414,10.229166984558105,10.333333015441895,10.104166984558105,10.145833015441895,173700
1998-01-12,7.114697456359863,10.083333015441895,10.229166984558105,10.083333015441895,10.208333015441895,8400
1998-01-13,7.144094467163086,10.125,10.125,10.083333015441895,10.125,8400
1998-01-14,7.099998950958252,10.0625,10.125,10.020833015441895,10.125,70800
1998-01-15,7.070599555969238,10.020833015441895,10.125,9.979166984558105,10.0625,65700
1998-01-16,7.0558977127075195,10.0,10.125,10.0,10.083333015441895,22500
1998-01-20,6.938299179077148,9.833333015441895,10.291666984558105,9.833333015441895,10.083333015441895,73800
1998-01-21,6.982398986816406,9.895833015441895,10.083333015441895,9.833333015441895,9.833333015441895,39300
1998-01-22,6.908900737762451,9.791666984558105,9.791666984558105,9.708333015441895,9.75,125400
1998-01-23,6.997097015380859,9.916666984558105,9.916666984558105,9.833333015441895,9.833333015441895,64500
1998-01-26,7.026498794555664,9.958333015441895,10.0,9.875,9.895833015441895,368700
1998-01-27,7.114697456359863,10.083333015441895,10.083333015441895,9.875,9.916666984558105,65400
1998-01-28,7.0558977127075195,10.0,10.083333015441895,9.958333015441895,10.083333015441895,62400
1998-01-29,7.070599555969238,10.020833015441895,10.125,10.0,10.083333015441895,121200
1998-01-30,7.217599868774414,10.229166984558105,10.25,10.083333015441895,10.083333015441895,15900
1998-02-02,7.232294082641602,10.25,10.291666984558105,10.25,10.291666984558105,19200
1998-02-03,7.232294082641602,10.25,10.333333015441895,10.25,10.291666984558105,150600
1998-02-04,7.261694431304932,10.291666984558105,10.3125,10.145833015441895,10.25,106800
1998-02-05,7.3057966232299805,10.354166984558105,10.354166984558105,10.229166984558105,10.229166984558105,166200
1998-02-06,7.3057966232299805,10.354166984558105,10.416666984558105,10.333333015441895,10.416666984558105,138600
1998-02-09,7.335192680358887,10.395833015441895,10.395833015441895,10.333333015441895,10.333333015441895,84000
1998-02-10,7.335192680358887,10.395833015441895,10.5,10.375,10.385416984558105,161100
1998-02-11,7.393990993499756,10.479166984558105,10.5,10.416666984558105,10.416666984558105,101100
1998-02-12,7.393990993499756,10.479166984558105,10.520833015441895,10.4375,10.479166984558105,42900
1998-02-13,7.408692359924316,10.5,10.520833015441895,10.479166984558105,10.479166984558105,21600
1998-02-17,7.423392295837402,10.520833015441895,10.541666984558105,10.458333015441895,10.541666984558105,33900
1998-02-18,7.320494174957275,10.375,10.541666984558105,10.375,10.520833015441895,51300
1998-02-19,7.364593029022217,10.4375,10.4375,10.333333015441895,10.333333015441895,16200
1998-02-20,7.408692359924316,10.5,10.5,10.4375,10.4375,27000
1998-02-23,7.320494174957275,10.375,10.5,10.333333015441895,10.5,195600
1998-02-24,7.335192680358887,10.395833015441895,10.458333015441895,10.375,10.458333015441895,36900
1998-02-25,7.320494174957275,10.375,10.5,10.375,10.458333015441895,57000
1998-02-26,7.364593029022217,10.4375,10.458333015441895,10.375,10.395833015441895,21000
1998-02-27,7.467494010925293,10.583333015441895,10.583333015441895,10.479166984558105,10.479166984558105,162000
1998-03-02,7.511590957641602,10.645833015441895,10.666666984558105,10.583333015441895,10.666666984558105,53700
1998-03-03,7.614490032196045,10.791666984558105,10.833333015441895,10.666666984558105,10.666666984558105,255600
1998-03-04,7.64389181137085,10.833333015441895,10.854166984558105,10.791666984558105,10.791666984558105,100200
1998-03-05,7.614490032196045,10.791666984558105,10.8125,10.708333015441895,10.770833015441895,13500
1998-03-06,7.64389181137085,10.833333015441895,10.833333015441895,10.708333015441895,10.8125,31800
1998-03-09,7.496891975402832,10.625,10.791666984558105,10.541666984558105,10.791666984558105,60900
1998-03-10,7.5703911781311035,10.729166984558105,10.75,10.604166984558105,10.625,29700
1998-03-11,7.673289775848389,10.875,10.875,10.791666984558105,10.791666984558105,156900
1998-03-12,7.732084274291992,10.958333015441895,10.979166984558105,10.854166984558105,10.875,57900
1998-03-13,7.8937859535217285,11.1875,11.208333015441895,10.979166984558105,10.979166984558105,392400
1998-03-16,7.952583312988281,11.270833015441895,11.416666984558105,11.25,11.25,243000
1998-03-17,8.02608585357666,11.375,11.375,11.208333015441895,11.3125,144300
1998-03-18,8.070181846618652,11.4375,11.541666984558105,11.291666984558105,11.333333015441895,106200
1998-03-19,8.231884002685547,11.666666984558105,11.708333015441895,11.458333015441895,11.458333015441895,60300
1998-03-20,8.481775283813477,12.020833015441895,12.0625,11.520833015441895,11.520833015441895,390000
1998-03-23,8.92276668548584,12.645833015441895,12.791666984558105,12.0,12.0,181200
1998-03-24,8.92276668548584,12.645833015441895,13.0,12.625,12.645833015441895,114600
1998-03-25,8.966872215270996,12.708333015441895,12.75,12.604166984558105,12.604166984558105,79500
1998-03-26,9.143267631530762,12.958333015441895,12.958333015441895,12.708333015441895,12.708333015441895,236100
1998-03-27,9.040373802185059,12.8125,12.979166984558105,12.75,12.979166984558105,69300
1998-03-30,8.672869682312012,12.291666984558105,12.833333015441895,12.270833015441895,12.833333015441895,133500
1998-03-31,8.581612586975098,12.145833015441895,12.25,12.020833015441895,12.1875,66000
1998-04-01,8.64049243927002,12.229166984558105,12.229166984558105,12.125,12.145833015441895,29700
1998-04-02,8.905444145202637,12.604166984558105,12.604166984558105,12.104166984558105,12.208333015441895,48600
1998-04-03,8.920165061950684,12.625,12.854166984558105,12.625,12.666666984558105,46500
1998-04-06,8.979042053222656,12.708333015441895,12.708333015441895,12.541666984558105,12.625,39600
1998-04-07,8.861289978027344,12.541666984558105,12.6875,12.520833015441895,12.666666984558105,23400
1998-04-08,8.949606895446777,12.666666984558105,12.6875,12.604166984558105,12.604166984558105,64200
1998-04-09,8.979042053222656,12.708333015441895,12.708333015441895,12.583333015441895,12.645833015441895,25200
1998-04-13,8.964323997497559,12.6875,12.708333015441895,12.645833015441895,12.708333015441895,11100
1998-04-14,9.05264663696289,12.8125,12.8125,12.666666984558105,12.708333015441895,21600
1998-04-15,9.140966415405273,12.9375,12.9375,12.833333015441895,12.833333015441895,69000
1998-04-16,9.11152458190918,12.895833015441895,12.979166984558105,12.854166984558105,12.895833015441895,17100
1998-04-17,8.979042053222656,12.708333015441895,12.958333015441895,12.6875,12.854166984558105,70500
1998-04-20,8.979042053222656,12.708333015441895,12.708333015441895,12.583333015441895,12.708333015441895,43800
1998-04-21,8.920165061950684,12.625,12.75,12.625,12.75,27000
1998-04-22,8.861289978027344,12.541666984558105,12.645833015441895,12.5,12.625,39000
1998-04-23,8.625771522521973,12.208333015441895,12.583333015441895,12.208333015441895,12.583333015441895,50400
1998-04-24,8.522732734680176,12.0625,12.25,12.0,12.166666984558105,37500
1998-04-27,8.434414863586426,11.9375,12.0,11.791666984558105,12.0,105000
1998-04-28,8.419695854187012,11.916666984558105,12.25,11.916666984558105,12.083333015441895,303600
1998-04-29,8.508012771606445,12.041666984558105,12.0625,11.875,11.875,69900
1998-04-30,8.655211448669434,12.25,12.583333015441895,12.125,12.125,80400
1998-05-01,9.05264663696289,12.8125,12.833333015441895,12.333333015441895,12.333333015441895,90900
1998-05-04,9.037925720214844,12.791666984558105,12.9375,12.791666984558105,12.833333015441895,40800
1998-05-05,9.082086563110352,12.854166984558105,12.916666984558105,12.75,12.75,38100
1998-05-06,9.05264663696289,12.8125,12.875,12.791666984558105,12.854166984558105,23100
1998-05-07,8.772971153259277,12.416666984558105,12.8125,12.416666984558105,12.8125,79200
1998-05-08,8.890724182128906,12.583333015441895,12.625,12.4375,12.4375,18600
1998-05-11,8.861289978027344,12.541666984558105,12.604166984558105,12.541666984558105,12.604166984558105,71400
1998-05-12,8.949606895446777,12.666666984558105,12.6875,12.541666984558105,12.583333015441895,78900
1998-05-13,8.949606895446777,12.666666984558105,12.666666984558105,12.583333015441895,12.583333015441895,6600
1998-05-14,9.244004249572754,13.083333015441895,13.291666984558105,12.708333015441895,12.708333015441895,147900
1998-05-15,9.420635223388672,13.333333015441895,13.625,13.166666984558105,13.166666984558105,183600
1998-05-18,8.890724182128906,12.583333015441895,14.25,12.583333015441895,13.333333015441895,57900
1998-05-19,9.170403480529785,12.979166984558105,12.979166984558105,12.583333015441895,12.583333015441895,16200
1998-05-20,9.02320384979248,12.770833015441895,12.979166984558105,12.75,12.979166984558105,18900
1998-05-21,8.979042053222656,12.708333015441895,12.770833015441895,12.6875,12.770833015441895,14400
1998-05-22,8.949606895446777,12.666666984558105,12.875,12.666666984558105,12.875,45000
1998-05-26,8.949606895446777,12.666666984558105,12.666666984558105,12.666666984558105,12.666666984558105,304200
1998-05-27,8.949606895446777,12.666666984558105,12.791666984558105,12.666666984558105,12.666666984558105,437400
1998-05-28,9.02320384979248,12.770833015441895,12.875,12.708333015441895,12.708333015441895,23400
1998-05-29,9.008484840393066,12.75,12.833333015441895,12.6875,12.791666984558105,46200
1998-06-01,8.979042053222656,12.708333015441895,12.75,12.6875,12.75,24300
1998-06-02,8.993767738342285,12.729166984558105,12.75,12.666666984558105,12.75,24000
1998-06-03,9.008484840393066,12.75,12.770833015441895,12.708333015441895,12.708333015441895,11700
1998-06-04,8.979042053222656,12.708333015441895,12.833333015441895,12.708333015441895,12.833333015441895,23700
1998-06-05,9.008484840393066,12.75,12.75,12.708333015441895,12.708333015441895,12900
1998-06-08,8.979042053222656,12.708333015441895,12.770833015441895,12.6875,12.708333015441895,124200
1998-06-09,8.949606895446777,12.666666984558105,12.8125,12.666666984558105,12.708333015441895,71700
1998-06-10,9.11152458190918,12.895833015441895,12.895833015441895,12.75,12.75,40500
1998-06-11,9.02320384979248,12.770833015441895,12.875,12.729166984558105,12.875,30900
1998-06-12,9.008484840393066,12.75,12.791666984558105,12.6875,12.708333015441895,36300
1998-06-15,8.964323997497559,12.6875,12.708333015441895,12.6875,12.708333015441895,12000
1998-06-16,8.964323997497559,12.6875,12.791666984558105,12.6875,12.6875,27900
1998-06-17,8.979042053222656,12.708333015441895,12.708333015441895,12.666666984558105,12.708333015441895,165300
1998-06-18,9.008484840393066,12.75,12.8125,12.6875,12.708333015441895,28800
1998-06-19,8.993767738342285,12.729166984558105,12.729166984558105,12.666666984558105,12.708333015441895,240300
1998-06-22,8.964323997497559,12.6875,12.833333015441895,12.6875,12.8125,129000
1998-06-23,9.02320384979248,12.770833015441895,12.875,12.75,12.75,52800
1998-06-24,9.096806526184082,12.875,12.916666984558105,12.6875,12.8125,138300
1998-06-25,9.082086563110352,12.854166984558105,12.916666984558105,12.833333015441895,12.916666984558105,138000
1998-06-26,8.993767738342285,12.729166984558105,12.916666984558105,12.729166984558105,12.854166984558105,22800
1998-06-29,8.964323997497559,12.6875,12.791666984558105,12.6875,12.6875,53400
1998-06-30,9.079292297363281,12.833333015441895,12.916666984558105,12.75,12.75,206700
1998-07-01,9.403552055358887,13.291666984558105,13.3125,12.875,12.875,449100
1998-07-02,9.713072776794434,13.729166984558105,13.8125,13.25,13.3125,274200
1998-07-06,10.258421897888184,14.5,14.5,14.166666984558105,14.25,339000
1998-07-07,10.140506744384766,14.333333015441895,14.541666984558105,14.208333015441895,14.5,320100
1998-07-08,9.875200271606445,13.958333015441895,14.145833015441895,13.9375,14.125,157200
1998-07-09,9.99311637878418,14.125,14.166666984558105,13.958333015441895,14.0,25800
1998-07-10,9.963635444641113,14.083333015441895,14.166666984558105,14.083333015441895,14.166666984558105,21600
1998-07-13,9.963635444641113,14.083333015441895,14.125,14.041666984558105,14.083333015441895,38700
1998-07-14,10.03732967376709,14.1875,14.229166984558105,14.041666984558105,14.083333015441895,79800
1998-07-15,10.125767707824707,14.3125,14.3125,14.166666984558105,14.25,75900
1998-07-16,10.111027717590332,14.291666984558105,14.333333015441895,14.1875,14.3125,151800
1998-07-17,9.948896408081055,14.0625,14.291666984558105,13.875,14.291666984558105,206700
1998-07-20,9.875200271606445,13.958333015441895,14.104166984558105,13.916666984558105,14.0,204600
1998-07-21,9.668852806091309,13.666666984558105,13.958333015441895,13.541666984558105,13.958333015441895,345000
1998-07-22,9.639375686645508,13.625,13.666666984558105,13.625,13.625,280800
1998-07-23,9.580423355102539,13.541666984558105,13.645833015441895,13.5,13.625,82800
1998-07-24,9.197202682495117,13.0,13.604166984558105,13.0,13.541666984558105,233100
1998-07-27,9.035072326660156,12.770833015441895,12.916666984558105,12.708333015441895,12.916666984558105,312900
1998-07-28,9.138251304626465,12.916666984558105,12.916666984558105,12.708333015441895,12.770833015441895,403500
1998-07-29,9.388811111450195,13.270833015441895,13.333333015441895,12.916666984558105,12.916666984558105,432000
1998-07-30,10.125767707824707,14.3125,14.333333015441895,13.1875,13.1875,357600
1998-07-31,10.258421897888184,14.5,14.666666984558105,14.3125,14.3125,546900
1998-08-03,10.494244575500488,14.833333015441895,15.041666984558105,14.604166984558105,14.604166984558105,356700
1998-08-04,10.03732967376709,14.1875,14.833333015441895,14.083333015441895,14.833333015441895,280800
1998-08-05,9.786766052246094,13.833333015441895,14.166666984558105,13.8125,14.166666984558105,91800
1998-08-06,9.845725059509277,13.916666984558105,14.0625,13.770833015441895,13.8125,439800
1998-08-07,9.88994312286377,13.979166984558105,14.135416984558105,13.875,13.958333015441895,272100
1998-08-10,9.963635444641113,14.083333015441895,14.083333015441895,13.916666984558105,14.0,52800
1998-08-11,9.786766052246094,13.833333015441895,14.020833015441895,13.708333015441895,14.020833015441895,66000
1998-08-12,9.801504135131836,13.854166984558105,14.083333015441895,13.8125,13.8125,206700
1998-08-13,9.786766052246094,13.833333015441895,14.020833015441895,13.8125,13.895833015441895,345000
1998-08-14,9.99311637878418,14.125,14.166666984558105,13.75,13.75,365400
1998-08-17,10.18472671508789,14.395833015441895,14.5625,14.083333015441895,14.083333015441895,156900
1998-08-18,10.553201675415039,14.916666984558105,14.9375,14.395833015441895,14.395833015441895,259500
1998-08-19,10.258421897888184,14.5,14.958333015441895,14.5,14.958333015441895,337200
1998-08-20,10.052074432373047,14.208333015441895,14.520833015441895,14.208333015441895,14.5,138600
1998-08-21,9.904681205749512,14.0,14.270833015441895,14.0,14.270833015441895,216600
1998-08-24,9.816245079040527,13.875,14.020833015441895,13.833333015441895,14.0,289500
1998-08-25,9.99311637878418,14.125,14.3125,13.958333015441895,13.958333015441895,198000
1998-08-26,9.934162139892578,14.041666984558105,14.041666984558105,14.0,14.041666984558105,149100
1998-08-27,9.919419288635254,14.020833015441895,14.104166984558105,13.9375,14.083333015441895,183900
1998-08-28,9.491984367370605,13.416666984558105,14.083333015441895,13.395833015441895,14.041666984558105,270600
1998-08-31,9.108766555786133,12.875,13.333333015441895,12.875,13.333333015441895,708300
1998-09-01,9.418289184570312,13.3125,13.3125,12.875,12.875,311700
1998-09-02,9.374073028564453,13.25,13.3125,13.208333015441895,13.3125,135000
1998-09-03,9.27090072631836,13.104166984558105,13.166666984558105,13.104166984558105,13.166666984558105,95700
1998-09-04,9.433032989501953,13.333333015441895,13.479166984558105,13.104166984558105,13.166666984558105,136200
1998-09-08,9.491984367370605,13.416666984558105,13.5,13.333333015441895,13.333333015441895,66600
1998-09-09,9.462508201599121,13.375,13.375,13.25,13.375,190800
1998-09-10,9.403552055358887,13.291666984558105,13.333333015441895,13.166666984558105,13.333333015441895,61200
1998-09-11,9.211938858032227,13.020833015441895,13.458333015441895,13.0,13.25,1061100
1998-09-14,9.256158828735352,13.083333015441895,13.125,13.0,13.0625,158700
1998-09-15,8.946636199951172,12.645833015441895,13.0625,12.625,13.0625,210300
1998-09-16,8.696073532104492,12.291666984558105,12.645833015441895,12.291666984558105,12.625,174600
1998-09-17,8.5634183883667,12.104166984558105,12.25,12.0,12.25,123000
1998-09-18,8.75502872467041,12.375,12.416666984558105,12.166666984558105,12.1875,233700
1998-09-21,8.50446605682373,12.020833015441895,12.25,12.0,12.25,252900
1998-09-22,8.489724159240723,12.0,12.041666984558105,12.0,12.0,75600
1998-09-23,8.47498893737793,11.979166984558105,12.104166984558105,11.979166984558105,12.0,273900
1998-09-24,8.34233570098877,11.791666984558105,12.041666984558105,11.791666984558105,11.979166984558105,164100
1998-09-25,8.46024227142334,11.958333015441895,12.166666984558105,11.75,11.791666984558105,164100
1998-09-28,8.165467262268066,11.541666984558105,11.958333015441895,11.25,11.958333015441895,309300
1998-09-29,8.106510162353516,11.458333015441895,11.541666984558105,11.458333015441895,11.541666984558105,53400
1998-09-30,8.047551155090332,11.375,11.458333015441895,11.333333015441895,11.458333015441895,234600
1998-10-01,8.032814979553223,11.354166984558105,11.458333015441895,11.208333015441895,11.333333015441895,419100
1998-10-02,8.000340461730957,11.291666984558105,11.416666984558105,11.25,11.333333015441895,232200
1998-10-05,8.029863357543945,11.333333015441895,11.333333015441895,11.25,11.291666984558105,198000
1998-10-06,8.000340461730957,11.291666984558105,11.416666984558105,11.291666984558105,11.333333015441895,140100
1998-10-07,8.029863357543945,11.333333015441895,11.333333015441895,11.208333015441895,11.291666984558105,179100
1998-10-08,7.823213577270508,11.041666984558105,11.333333015441895,11.041666984558105,11.3125,223200
1998-10-09,7.852734565734863,11.083333015441895,11.333333015441895,11.020833015441895,11.083333015441895,229500
1998-10-12,7.882254123687744,11.125,11.1875,11.0,11.083333015441895,116700
1998-10-13,7.7051262855529785,10.875,11.166666984558105,10.875,11.166666984558105,102300
1998-10-14,7.587039470672607,10.708333015441895,10.895833015441895,10.5,10.875,78900
1998-10-15,7.527995586395264,10.625,10.75,10.520833015441895,10.520833015441895,103800
1998-10-16,7.5722761154174805,10.6875,10.875,10.625,10.625,89400
1998-10-19,7.409911155700684,10.458333015441895,10.90625,10.416666984558105,10.708333015441895,244800
1998-10-20,7.557515621185303,10.666666984558105,10.6875,10.5,10.5,324600
1998-10-21,7.9412946701049805,11.208333015441895,11.208333015441895,11.0,11.0,150600
1998-10-22,8.206991195678711,11.583333015441895,11.833333015441895,11.541666984558105,11.625,194400
1998-10-23,8.251275062561035,11.645833015441895,12.0,11.5625,11.583333015441895,351300
1998-10-26,8.192234992980957,11.5625,11.708333015441895,11.5625,11.6875,803100
1998-10-27,8.08890438079834,11.416666984558105,11.583333015441895,11.1875,11.5625,882000
1998-10-28,8.206991195678711,11.583333015441895,11.583333015441895,11.145833015441895,11.416666984558105,539700
1998-10-29,8.074142456054688,11.395833015441895,11.604166984558105,11.25,11.583333015441895,183000
1998-10-30,7.9412946701049805,11.208333015441895,11.395833015441895,11.208333015441895,11.395833015441895,128700
1998-11-02,8.369355201721191,11.8125,12.0,11.208333015441895,11.208333015441895,237000
1998-11-03,8.295555114746094,11.708333015441895,11.8125,11.6875,11.8125,110400
1998-11-04,8.339838981628418,11.770833015441895,11.770833015441895,11.604166984558105,11.729166984558105,600600
1998-11-05,8.989309310913086,12.6875,12.958333015441895,11.708333015441895,11.708333015441895,651900
1998-11-06,9.151683807373047,12.916666984558105,13.083333015441895,12.6875,12.6875,164100
1998-11-09,9.210721969604492,13.0,13.041666984558105,12.875,12.916666984558105,87000
1998-11-10,9.063115119934082,12.791666984558105,13.0,12.666666984558105,13.0,124500
1998-11-11,9.092638969421387,12.833333015441895,13.041666984558105,12.833333015441895,12.833333015441895,58200
1998-11-12,8.989309310913086,12.6875,12.895833015441895,12.666666984558105,12.875,123900
1998-11-13,9.092638969421387,12.833333015441895,12.833333015441895,12.5625,12.729166984558105,146400
1998-11-16,9.136920928955078,12.895833015441895,12.895833015441895,12.71875,12.833333015441895,88500
1998-11-17,8.974554061889648,12.666666984558105,12.916666984558105,12.5,12.916666984558105,107700
1998-11-18,8.797422409057617,12.416666984558105,12.666666984558105,12.375,12.666666984558105,142500
1998-11-19,8.88598918914795,12.541666984558105,12.541666984558105,12.458333015441895,12.458333015441895,82500
1998-11-20,8.767900466918945,12.375,12.6875,12.333333015441895,12.541666984558105,321000
1998-11-23,8.029863357543945,11.333333015441895,12.34375,11.333333015441895,12.333333015441895,601500
1998-11-24,8.221749305725098,11.604166984558105,11.666666984558105,11.416666984558105,11.416666984558105,216300
1998-11-25,8.310318946838379,11.729166984558105,11.791666984558105,11.666666984558105,11.666666984558105,80400
1998-11-27,8.354598999023438,11.791666984558105,11.8125,11.708333015441895,11.708333015441895,41700
1998-11-30,8.384122848510742,11.833333015441895,11.833333015441895,11.6875,11.729166984558105,115800
1998-12-01,8.576007843017578,12.104166984558105,12.145833015441895,11.75,11.75,121200
1998-12-02,8.546488761901855,12.0625,12.166666984558105,12.041666984558105,12.0625,75000
1998-12-03,8.635053634643555,12.1875,12.1875,12.020833015441895,12.083333015441895,43800
1998-12-04,8.576007843017578,12.104166984558105,12.208333015441895,12.104166984558105,12.125,9600
1998-12-07,8.708856582641602,12.291666984558105,12.291666984558105,12.166666984558105,12.166666984558105,277500
1998-12-08,8.767900466918945,12.375,12.479166984558105,12.333333015441895,12.333333015441895,158100
1998-12-09,8.87122631072998,12.520833015441895,12.541666984558105,12.364583015441895,12.364583015441895,36300
1998-12-10,8.93027114868164,12.604166984558105,12.666666984558105,12.583333015441895,12.583333015441895,67200
1998-12-11,8.974554061889648,12.666666984558105,12.666666984558105,12.479166984558105,12.541666984558105,87000
1998-12-14,9.063115119934082,12.791666984558105,12.791666984558105,12.614583015441895,12.625,170700
1998-12-15,9.048355102539062,12.770833015441895,12.833333015441895,12.729166984558105,12.729166984558105,116400
1998-12-16,8.339838981628418,11.770833015441895,12.833333015441895,11.75,12.770833015441895,636600
1998-12-17,8.812187194824219,12.4375,12.458333015441895,11.916666984558105,11.916666984558105,501300
1998-12-18,9.284531593322754,13.104166984558105,13.104166984558105,12.583333015441895,12.583333015441895,167100
1998-12-21,9.594508171081543,13.541666984558105,13.666666984558105,13.104166984558105,13.104166984558105,152400
1998-12-22,9.373093605041504,13.229166984558105,13.541666984558105,13.229166984558105,13.541666984558105,87600
1998-12-23,9.225481033325195,13.020833015441895,13.25,13.0,13.25,29100
1998-12-24,9.151683807373047,12.916666984558105,13.020833015441895,12.875,13.020833015441895,20100
1998-12-28,9.24024486541748,13.041666984558105,13.041666984558105,12.875,12.916666984558105,22200
1998-12-29,9.38785457611084,13.25,13.291666984558105,12.958333015441895,12.958333015441895,60000
1998-12-30,9.520700454711914,13.4375,13.479166984558105,13.25,13.25,62100
1998-12-31,9.606423377990723,13.541666984558105,13.541666984558105,13.416666984558105,13.416666984558105,39300
1999-01-04,9.473407745361328,13.354166984558105,13.520833015441895,13.333333015441895,13.520833015441895,51300
1999-01-05,9.59163761138916,13.520833015441895,13.541666984558105,13.375,13.375,66900
1999-01-06,9.63598346710205,13.583333015441895,13.645833015441895,13.541666984558105,13.541666984558105,48300
1999-01-07,9.414288520812988,13.270833015441895,13.541666984558105,13.208333015441895,13.5,61800
1999-01-08,9.458627700805664,13.333333015441895,13.333333015441895,13.291666984558105,13.291666984558105,44700
1999-01-11,9.606423377990723,13.541666984558105,13.541666984558105,13.333333015441895,13.333333015441895,43200
1999-01-12,9.59163761138916,13.520833015441895,13.541666984558105,13.416666984558105,13.458333015441895,200100
1999-01-13,9.325616836547852,13.145833015441895,13.1875,13.083333015441895,13.166666984558105,60000
1999-01-14,9.177823066711426,12.9375,13.125,12.9375,13.125,63000
1999-01-15,9.05959415435791,12.770833015441895,12.895833015441895,12.75,12.895833015441895,45300
1999-01-19,8.897022247314453,12.541666984558105,12.75,12.541666984558105,12.75,27600
1999-01-20,8.882245063781738,12.520833015441895,12.604166984558105,12.479166984558105,12.541666984558105,57600
1999-01-21,8.55710220336914,12.0625,12.5625,12.0625,12.5625,41400
1999-01-22,8.39452838897705,11.833333015441895,12.0,11.833333015441895,12.0,156900
1999-01-25,8.40931224822998,11.854166984558105,11.895833015441895,11.791666984558105,11.895833015441895,186600
1999-01-26,8.424090385437012,11.875,11.916666984558105,11.833333015441895,11.895833015441895,86400
1999-01-27,8.468422889709473,11.9375,11.979166984558105,11.833333015441895,11.895833015441895,875100
1999-01-28,8.778793334960938,12.375,12.416666984558105,11.979166984558105,11.979166984558105,171900
1999-01-29,8.823128700256348,12.4375,12.5,12.354166984558105,12.375,157200
1999-02-01,9.25171947479248,13.041666984558105,13.041666984558105,12.520833015441895,12.520833015441895,146100
1999-02-02,9.222163200378418,13.0,13.0625,12.958333015441895,13.041666984558105,96600
1999-02-03,9.177823066711426,12.9375,13.020833015441895,12.916666984558105,13.020833015441895,75300
1999-02-04,9.044814109802246,12.75,12.9375,12.75,12.9375,203400
1999-02-05,8.985700607299805,12.666666984558105,12.791666984558105,12.604166984558105,12.625,98400
1999-02-08,8.897022247314453,12.541666984558105,12.583333015441895,12.5,12.583333015441895,31800
1999-02-09,8.749231338500977,12.333333015441895,12.604166984558105,12.25,12.541666984558105,158700
1999-02-10,8.764009475708008,12.354166984558105,12.416666984558105,12.3125,12.333333015441895,51300
1999-02-11,8.837906837463379,12.458333015441895,12.479166984558105,12.333333015441895,12.354166984558105,92100
1999-02-12,8.675336837768555,12.229166984558105,12.395833015441895,12.229166984558105,12.395833015441895,31200
1999-02-16,8.57188606262207,12.083333015441895,12.229166984558105,12.0,12.229166984558105,266400
1999-02-17,8.438876152038574,11.895833015441895,12.041666984558105,11.895833015441895,12.041666984558105,117900
1999-02-18,8.453649520874023,11.916666984558105,11.979166984558105,11.791666984558105,11.895833015441895,152400
1999-02-19,8.497983932495117,11.979166984558105,12.0,11.9375,11.958333015441895,47100
1999-02-22,8.453649520874023,11.916666984558105,11.958333015441895,11.875,11.9375,67200
1999-02-23,8.453649520874023,11.916666984558105,12.020833015441895,11.875,11.875,13500
1999-02-24,8.424090385437012,11.875,12.0625,11.875,12.041666984558105,96900
1999-02-25,8.453649520874023,11.916666984558105,11.979166984558105,11.916666984558105,11.9375,35400
1999-02-26,8.438876152038574,11.895833015441895,11.958333015441895,11.875,11.916666984558105,49200
1999-03-01,8.39452838897705,11.833333015441895,11.958333015441895,11.833333015441895,11.958333015441895,92400
1999-03-02,8.483207702636719,11.958333015441895,12.208333015441895,11.833333015441895,11.854166984558105,91800
1999-03-03,8.468422889709473,11.9375,12.0,11.916666984558105,11.979166984558105,51900
1999-03-04,8.364974975585938,11.791666984558105,11.958333015441895,11.791666984558105,11.9375,40200
1999-03-05,8.276298522949219,11.666666984558105,11.791666984558105,11.645833015441895,11.791666984558105,31200
1999-03-08,8.276298522949219,11.666666984558105,11.729166984558105,11.604166984558105,11.729166984558105,64800
1999-03-09,8.246742248535156,11.625,11.729166984558105,11.625,11.666666984558105,37800
1999-03-10,8.187623977661133,11.541666984558105,11.604166984558105,11.541666984558105,11.583333015441895,46800
1999-03-11,8.217182159423828,11.583333015441895,11.604166984558105,11.458333015441895,11.5625,17100
1999-03-12,8.084165573120117,11.395833015441895,11.583333015441895,11.354166984558105,11.583333015441895,258300
1999-03-15,8.09894847869873,11.416666984558105,11.541666984558105,11.395833015441895,11.4375,22800
1999-03-16,8.039837837219238,11.333333015441895,11.583333015441895,11.333333015441895,11.416666984558105,79200
1999-03-17,8.05461311340332,11.354166984558105,11.458333015441895,11.3125,11.3125,176100
1999-03-18,8.128510475158691,11.458333015441895,11.479166984558105,11.375,11.416666984558105,73200
1999-03-19,8.276298522949219,11.666666984558105,11.666666984558105,11.479166984558105,11.541666984558105,104100
1999-03-22,8.187623977661133,11.541666984558105,11.666666984558105,11.541666984558105,11.666666984558105,27000
1999-03-23,8.128510475158691,11.458333015441895,11.583333015441895,11.458333015441895,11.583333015441895,270000
1999-03-24,8.128510475158691,11.458333015441895,11.5,11.458333015441895,11.479166984558105,40800
1999-03-25,8.069388389587402,11.375,11.479166984558105,11.333333015441895,11.479166984558105,31200
1999-03-26,8.039837837219238,11.333333015441895,11.416666984558105,11.333333015441895,11.375,28500
1999-03-29,8.305858612060547,11.708333015441895,11.75,11.322916984558105,11.416666984558105,97800
1999-03-30,8.217182159423828,11.583333015441895,11.708333015441895,11.5625,11.625,96300
1999-03-31,8.243826866149902,11.604166984558105,11.75,11.583333015441895,11.625,262200
1999-04-01,8.051424026489258,11.333333015441895,11.645833015441895,11.208333015441895,11.645833015441895,95100
1999-04-05,8.081016540527344,11.375,11.395833015441895,11.333333015441895,11.375,28200
1999-04-06,7.918214321136475,11.145833015441895,11.375,11.125,11.375,119100
1999-04-07,7.873811721801758,11.083333015441895,11.1875,11.083333015441895,11.1875,168600
1999-04-08,7.873811721801758,11.083333015441895,11.208333015441895,11.020833015441895,11.166666984558105,36600
1999-04-09,7.962618827819824,11.208333015441895,11.229166984558105,11.083333015441895,11.166666984558105,177600
1999-04-12,7.918214321136475,11.145833015441895,11.229166984558105,11.114583015441895,11.229166984558105,168300
1999-04-13,7.859012603759766,11.0625,11.229166984558105,11.0625,11.1875,98400
1999-04-14,8.11061954498291,11.416666984558105,11.5625,11.083333015441895,11.104166984558105,90600
1999-04-15,7.8146138191223145,11.0,11.625,11.0,11.541666984558105,213000
1999-04-16,8.125420570373535,11.4375,11.458333015441895,11.25,11.25,205500
1999-04-19,8.081016540527344,11.375,11.645833015441895,11.208333015441895,11.458333015441895,186600
1999-04-20,8.43622875213623,11.875,11.875,11.4375,11.458333015441895,294900
1999-04-21,8.554632186889648,12.041666984558105,12.083333015441895,11.833333015441895,11.833333015441895,177000
1999-04-22,8.61383056640625,12.125,12.208333015441895,12.041666984558105,12.125,95100
1999-04-23,8.52503490447998,12.0,12.041666984558105,11.916666984558105,12.041666984558105,63900
1999-04-26,8.317827224731445,11.708333015441895,12.0,11.625,11.958333015441895,168900
1999-04-27,8.317827224731445,11.708333015441895,12.166666984558105,11.708333015441895,12.0,150300
1999-04-28,8.229022979736328,11.583333015441895,11.6875,11.5625,11.6875,195900
1999-04-29,8.317827224731445,11.708333015441895,11.708333015441895,11.458333015441895,11.666666984558105,112800
1999-04-30,8.377028465270996,11.791666984558105,11.979166984558105,11.770833015441895,11.791666984558105,161400
1999-05-03,8.480626106262207,11.9375,11.9375,11.8125,11.833333015441895,147900
1999-05-04,8.480626106262207,11.9375,11.979166984558105,11.916666984558105,11.958333015441895,179100
1999-05-05,8.421429634094238,11.854166984558105,12.041666984558105,11.8125,12.0,56400
1999-05-06,8.821041107177734,12.416666984558105,12.5,11.9375,11.9375,118800
1999-05-07,8.92464542388916,12.5625,12.5625,12.375,12.416666984558105,81000
1999-05-10,9.072647094726562,12.770833015441895,12.9375,12.520833015441895,12.520833015441895,75600
1999-05-11,9.087444305419922,12.791666984558105,12.979166984558105,12.729166984558105,12.729166984558105,40200
1999-05-12,9.131851196289062,12.854166984558105,12.916666984558105,12.625,12.708333015441895,70800
1999-05-13,9.205851554870605,12.958333015441895,13.125,12.791666984558105,12.791666984558105,48900
1999-05-14,8.969042778015137,12.625,12.916666984558105,12.625,12.833333015441895,50100
1999-05-17,9.028242111206055,12.708333015441895,12.708333015441895,12.541666984558105,12.604166984558105,64800
1999-05-18,8.92464542388916,12.5625,12.666666984558105,12.5625,12.625,50100
1999-05-19,9.14665412902832,12.875,12.875,12.5,12.5,123900
1999-05-20,9.324250221252441,13.125,13.166666984558105,12.895833015441895,12.895833015441895,51300
1999-05-21,9.279848098754883,13.0625,13.104166984558105,13.0,13.0625,33300
1999-05-24,9.131851196289062,12.854166984558105,13.083333015441895,12.833333015441895,13.083333015441895,213600
1999-05-25,8.983847618103027,12.645833015441895,12.833333015441895,12.645833015441895,12.791666984558105,120600
1999-05-26,8.52503490447998,12.0,12.645833015441895,12.0,12.645833015441895,161400
1999-05-27,8.421429634094238,11.854166984558105,12.020833015441895,11.854166984558105,12.020833015441895,51600
1999-05-28,8.495431900024414,11.958333015441895,12.020833015441895,11.854166984558105,11.875,176700
1999-06-01,8.61383056640625,12.125,12.125,12.0,12.0,28500
1999-06-02,8.451035499572754,11.895833015441895,12.208333015441895,11.875,12.166666984558105,70500
1999-06-03,8.821041107177734,12.416666984558105,12.4375,11.9375,11.9375,125100
1999-06-04,8.880241394042969,12.5,12.541666984558105,12.416666984558105,12.416666984558105,30900
1999-06-07,8.86544132232666,12.479166984558105,12.5,12.416666984558105,12.5,15300
1999-06-08,8.939444541931152,12.583333015441895,12.583333015441895,12.458333015441895,12.479166984558105,10500
1999-06-09,9.057846069335938,12.75,12.791666984558105,12.583333015441895,12.583333015441895,23100
1999-06-10,9.087444305419922,12.791666984558105,12.791666984558105,12.6875,12.708333015441895,51300
1999-06-11,9.043045043945312,12.729166984558105,12.791666984558105,12.6875,12.791666984558105,24300
1999-06-14,9.028242111206055,12.708333015441895,12.791666984558105,12.666666984558105,12.791666984558105,54900
1999-06-15,8.998648643493652,12.666666984558105,12.8125,12.666666984558105,12.708333015441895,66300
1999-06-16,9.102246284484863,12.8125,12.958333015441895,12.666666984558105,12.708333015441895,70500
1999-06-17,9.072647094726562,12.770833015441895,12.833333015441895,12.75,12.791666984558105,133200
1999-06-18,8.83584213256836,12.4375,12.791666984558105,12.395833015441895,12.770833015441895,100500
1999-06-21,8.895042419433594,12.520833015441895,12.666666984558105,12.458333015441895,12.458333015441895,104700
1999-06-22,8.909842491149902,12.541666984558105,12.583333015441895,12.458333015441895,12.541666984558105,100200
1999-06-23,8.909842491149902,12.541666984558105,12.5625,12.5,12.541666984558105,48900
1999-06-24,8.52503490447998,12.0,12.541666984558105,11.958333015441895,12.541666984558105,111900
1999-06-25,8.53982925415039,12.020833015441895,12.166666984558105,12.020833015441895,12.041666984558105,28800
1999-06-28,8.86544132232666,12.479166984558105,12.5,12.083333015441895,12.083333015441895,262800
1999-06-29,8.921758651733398,12.541666984558105,12.583333015441895,12.458333015441895,12.458333015441895,41400
1999-06-30,8.091828346252441,11.375,12.583333015441895,11.375,12.583333015441895,116100
1999-07-01,8.432694435119629,11.854166984558105,11.979166984558105,11.5625,11.5625,746400
1999-07-02,8.44751262664795,11.875,12.0,11.875,11.9375,82800
1999-07-06,8.62535285949707,12.125,12.208333015441895,11.9375,11.9375,59100
1999-07-07,8.610533714294434,12.104166984558105,12.229166984558105,12.104166984558105,12.208333015441895,181200
1999-07-08,8.65499496459961,12.166666984558105,12.208333015441895,12.104166984558105,12.145833015441895,87600
1999-07-09,8.921758651733398,12.541666984558105,12.645833015441895,12.125,12.125,137400
1999-07-12,9.069954872131348,12.75,12.770833015441895,12.5,12.541666984558105,87000
1999-07-13,9.203340530395508,12.9375,12.958333015441895,12.75,12.770833015441895,30900
1999-07-14,9.307084083557129,13.083333015441895,13.083333015441895,13.0,13.0,41700
1999-07-15,9.440467834472656,13.270833015441895,13.333333015441895,13.083333015441895,13.083333015441895,171900
1999-07-16,9.366366386413574,13.166666984558105,13.229166984558105,13.125,13.1875,60600
1999-07-19,9.514564514160156,13.375,13.375,13.125,13.125,105600
1999-07-20,9.514564514160156,13.375,13.375,13.208333015441895,13.291666984558105,62100
1999-07-21,9.470105171203613,13.3125,13.416666984558105,13.25,13.416666984558105,40500
1999-07-22,9.484923362731934,13.333333015441895,13.333333015441895,13.270833015441895,13.3125,28800
1999-07-23,9.52938461303711,13.395833015441895,13.395833015441895,13.291666984558105,13.291666984558105,25200
1999-07-26,9.544204711914062,13.416666984558105,13.5,13.395833015441895,13.4375,26400
1999-07-27,9.484923362731934,13.333333015441895,13.416666984558105,13.333333015441895,13.416666984558105,111300
1999-07-28,9.440467834472656,13.270833015441895,13.354166984558105,13.270833015441895,13.333333015441895,23400
1999-07-29,9.42564582824707,13.25,13.375,13.25,13.333333015441895,101100
1999-07-30,9.470105171203613,13.3125,13.3125,13.25,13.291666984558105,274800
1999-08-02,9.410825729370117,13.229166984558105,13.3125,13.166666984558105,13.3125,33600
1999-08-03,9.544204711914062,13.416666984558105,13.458333015441895,13.229166984558105,13.229166984558105,107100
1999-08-04,9.455289840698242,13.291666984558105,13.333333015441895,13.270833015441895,13.333333015441895,26100
1999-08-05,9.440467834472656,13.270833015441895,13.3125,13.25,13.3125,29700
1999-08-06,9.470105171203613,13.3125,13.3125,13.270833015441895,13.291666984558105,41700
1999-08-09,9.455289840698242,13.291666984558105,13.333333015441895,13.25,13.291666984558105,24000
1999-08-10,9.499746322631836,13.354166984558105,13.354166984558105,13.270833015441895,13.270833015441895,91800
1999-08-11,9.470105171203613,13.3125,13.375,13.3125,13.333333015441895,15600
1999-08-12,9.618309020996094,13.520833015441895,13.520833015441895,13.333333015441895,13.354166984558105,24000
1999-08-13,9.662769317626953,13.583333015441895,13.604166984558105,13.354166984558105,13.375,26400
1999-08-16,9.914710998535156,13.9375,13.9375,13.541666984558105,13.541666984558105,39900
1999-08-17,9.766512870788574,13.729166984558105,13.916666984558105,13.583333015441895,13.895833015441895,127500
1999-08-18,9.603484153747559,13.5,13.666666984558105,13.375,13.666666984558105,44700
1999-08-19,9.499746322631836,13.354166984558105,13.458333015441895,13.333333015441895,13.458333015441895,37200
1999-08-20,9.42564582824707,13.25,13.416666984558105,13.25,13.354166984558105,142800
1999-08-23,9.42564582824707,13.25,13.291666984558105,13.208333015441895,13.208333015441895,21300
1999-08-24,9.410825729370117,13.229166984558105,13.291666984558105,13.208333015441895,13.291666984558105,25800
1999-08-25,9.321907997131348,13.104166984558105,13.208333015441895,13.020833015441895,13.208333015441895,65400
1999-08-26,9.277442932128906,13.041666984558105,13.166666984558105,13.041666984558105,13.125,47400
1999-08-27,9.129240036010742,12.833333015441895,13.0625,12.8125,13.0625,201300
1999-08-30,9.129240036010742,12.833333015441895,12.916666984558105,12.833333015441895,12.875,27600
1999-08-31,9.114422798156738,12.8125,12.875,12.78125,12.875,129000
1999-09-01,9.18852424621582,12.916666984558105,12.958333015441895,12.770833015441895,12.791666984558105,42300
1999-09-02,9.203340530395508,12.9375,13.041666984558105,12.833333015441895,12.979166984558105,77700
1999-09-03,9.366366386413574,13.166666984558105,13.166666984558105,12.979166984558105,12.979166984558105,105000
1999-09-07,9.277442932128906,13.041666984558105,13.208333015441895,12.958333015441895,13.208333015441895,58800
1999-09-08,9.144062042236328,12.854166984558105,13.0,12.8125,13.0,47400
1999-09-09,9.173698425292969,12.895833015441895,12.916666984558105,12.833333015441895,12.916666984558105,30000
1999-09-10,9.114422798156738,12.8125,12.9375,12.770833015441895,12.916666984558105,56700
1999-09-13,9.203340530395508,12.9375,12.9375,12.8125,12.8125,64800
1999-09-14,9.158876419067383,12.875,12.916666984558105,12.875,12.895833015441895,15300
1999-09-15,9.129240036010742,12.833333015441895,12.854166984558105,12.8125,12.833333015441895,39900
1999-09-16,9.129240036010742,12.833333015441895,12.875,12.770833015441895,12.875,36600
1999-09-17,9.18852424621582,12.916666984558105,12.916666984558105,12.791666984558105,12.8125,25500
1999-09-20,9.247802734375,13.0,13.020833015441895,12.958333015441895,13.0,24600
1999-09-21,9.262625694274902,13.020833015441895,13.041666984558105,12.958333015441895,12.958333015441895,11100
1999-09-22,9.114422798156738,12.8125,12.979166984558105,12.8125,12.979166984558105,21900
1999-09-23,9.010682106018066,12.666666984558105,12.875,12.666666984558105,12.875,213300
1999-09-24,9.069954872131348,12.75,12.770833015441895,12.666666984558105,12.666666984558105,118500
1999-09-27,9.040318489074707,12.708333015441895,12.770833015441895,12.666666984558105,12.75,129300
1999-09-28,9.010682106018066,12.666666984558105,12.75,12.666666984558105,12.75,77700
1999-09-29,8.995859146118164,12.645833015441895,12.6875,12.625,12.666666984558105,72300
1999-09-30,8.803190231323242,12.375,12.729166984558105,12.375,12.645833015441895,215100
1999-10-01,8.803190231323242,12.375,12.4375,12.333333015441895,12.4375,109800
1999-10-04,8.918951988220215,12.520833015441895,12.520833015441895,12.333333015441895,12.333333015441895,12900
1999-10-05,9.052507400512695,12.708333015441895,12.708333015441895,12.375,12.5,103800
1999-10-06,9.126713752746582,12.8125,12.8125,12.708333015441895,12.708333015441895,82500
1999-10-07,9.022830963134766,12.666666984558105,12.854166984558105,12.625,12.833333015441895,72600
1999-10-08,9.067352294921875,12.729166984558105,12.729166984558105,12.666666984558105,12.666666984558105,13800
1999-10-11,9.052507400512695,12.708333015441895,12.71875,12.666666984558105,12.6875,69300
1999-10-12,9.022830963134766,12.666666984558105,12.75,12.625,12.75,32400
1999-10-13,8.948631286621094,12.5625,12.604166984558105,12.5625,12.604166984558105,14700
1999-10-14,8.933791160583496,12.541666984558105,12.5625,12.5,12.5625,125400
1999-10-15,8.978310585021973,12.604166984558105,12.625,12.541666984558105,12.541666984558105,53400
1999-10-18,8.933791160583496,12.541666984558105,12.666666984558105,12.541666984558105,12.645833015441895,24900
1999-10-19,8.918951988220215,12.520833015441895,12.604166984558105,12.520833015441895,12.583333015441895,41100
1999-10-20,8.9041109085083,12.5,12.520833015441895,12.5,12.5,198300
1999-10-21,8.874430656433105,12.458333015441895,12.5,12.375,12.5,84000
1999-10-22,8.755709648132324,12.291666984558105,12.416666984558105,12.25,12.416666984558105,35700
1999-10-25,8.666670799255371,12.166666984558105,12.3125,12.166666984558105,12.291666984558105,66900
1999-10-26,8.369865417480469,11.75,12.1875,11.75,12.1875,91800
1999-10-27,8.414381980895996,11.8125,11.875,11.75,11.791666984558105,80700
1999-10-28,8.414381980895996,11.8125,11.875,11.791666984558105,11.875,65700
1999-10-29,8.44406795501709,11.854166984558105,11.875,11.770833015441895,11.8125,118800
1999-11-01,8.473745346069336,11.895833015441895,11.958333015441895,11.854166984558105,11.875,120300
1999-11-02,8.399541854858398,11.791666984558105,11.875,11.791666984558105,11.854166984558105,15600
1999-11-03,8.473745346069336,11.895833015441895,11.895833015441895,11.8125,11.8125,193500
1999-11-04,8.592462539672852,12.0625,12.0625,11.854166984558105,11.895833015441895,60300
1999-11-05,8.666670799255371,12.166666984558105,12.291666984558105,12.125,12.125,93000
1999-11-08,8.785387992858887,12.333333015441895,12.354166984558105,12.145833015441895,12.145833015441895,92400
1999-11-09,8.874430656433105,12.458333015441895,12.5,12.3125,12.3125,39000
1999-11-10,9.022830963134766,12.666666984558105,12.770833015441895,12.416666984558105,12.416666984558105,56700
1999-11-11,8.9041109085083,12.5,12.708333015441895,12.5,12.6875,78000
1999-11-12,8.9041109085083,12.5,12.520833015441895,12.5,12.5,6900
1999-11-15,8.978310585021973,12.604166984558105,12.604166984558105,12.5,12.5,13200
1999-11-16,8.829904556274414,12.395833015441895,12.604166984558105,12.395833015441895,12.604166984558105,39000
1999-11-17,8.829904556274414,12.395833015441895,12.4375,12.208333015441895,12.4375,47100
1999-11-18,8.9041109085083,12.5,12.510416984558105,12.416666984558105,12.479166984558105,23700
1999-11-19,8.785387992858887,12.333333015441895,12.5,12.208333015441895,12.5,76200
1999-11-22,8.755709648132324,12.291666984558105,12.333333015441895,12.270833015441895,12.333333015441895,18000
1999-11-23,8.62214469909668,12.104166984558105,12.25,12.083333015441895,12.25,48900
1999-11-24,8.355021476745605,11.729166984558105,12.104166984558105,11.666666984558105,12.104166984558105,379800
1999-11-26,8.414381980895996,11.8125,11.8125,11.6875,11.708333015441895,8700
1999-11-29,8.280821800231934,11.625,11.833333015441895,11.5625,11.833333015441895,76500
1999-11-30,8.295661926269531,11.645833015441895,11.6875,11.645833015441895,11.666666984558105,92100
1999-12-01,8.102737426757812,11.375,11.645833015441895,11.25,11.645833015441895,202200
1999-12-02,8.073060989379883,11.333333015441895,11.458333015441895,11.3125,11.416666984558105,61800
1999-12-03,8.087900161743164,11.354166984558105,11.395833015441895,11.3125,11.3125,56100
1999-12-06,8.058220863342285,11.3125,11.458333015441895,11.3125,11.354166984558105,52200
1999-12-07,8.058220863342285,11.3125,11.333333015441895,11.291666984558105,11.333333015441895,10500
1999-12-08,8.028536796569824,11.270833015441895,11.354166984558105,11.25,11.291666984558105,148500
1999-12-09,7.984018802642822,11.208333015441895,11.270833015441895,11.166666984558105,11.270833015441895,90300
1999-12-10,8.013697624206543,11.25,11.270833015441895,11.208333015441895,11.25,31500
1999-12-13,8.058220863342285,11.3125,11.3125,11.1875,11.208333015441895,94200
1999-12-14,8.043383598327637,11.291666984558105,11.3125,11.020833015441895,11.291666984558105,30000
1999-12-15,8.191777229309082,11.5,11.5,11.25,11.25,46500
1999-12-16,8.265983581542969,11.604166984558105,11.6875,11.5,11.520833015441895,58200
1999-12-17,8.399541854858398,11.791666984558105,11.791666984558105,11.604166984558105,11.604166984558105,31800
1999-12-20,8.562783241271973,12.020833015441895,12.020833015441895,11.729166984558105,11.729166984558105,147600
1999-12-21,8.6963472366333,12.208333015441895,12.25,12.020833015441895,12.041666984558105,53400
1999-12-22,8.6963472366333,12.208333015441895,12.333333015441895,12.1875,12.208333015441895,66900
1999-12-23,8.963470458984375,12.583333015441895,12.583333015441895,12.166666984558105,12.166666984558105,44700
1999-12-27,9.111869812011719,12.791666984558105,12.791666984558105,12.625,12.666666984558105,48900
1999-12-28,8.85959243774414,12.4375,12.729166984558105,12.416666984558105,12.729166984558105,48900
1999-12-29,9.111869812011719,12.791666984558105,12.833333015441895,12.395833015441895,12.395833015441895,26700
1999-12-30,8.948631286621094,12.5625,12.645833015441895,12.5,12.5,96300
1999-12-31,9.260269165039062,13.0,13.0,12.4375,12.520833015441895,53100
2000-01-03,8.755709648132324,12.291666984558105,13.0,12.1875,13.0,65400
2000-01-04,8.500114440917969,11.916666984558105,12.25,11.895833015441895,12.25,87600
2000-01-05,8.366366386413574,11.729166984558105,11.916666984558105,11.729166984558105,11.916666984558105,24900
2000-01-06,8.262344360351562,11.583333015441895,11.729166984558105,11.5,11.729166984558105,74400
2000-01-07,8.4109468460083,11.791666984558105,11.791666984558105,11.583333015441895,11.583333015441895,86700
2000-01-10,8.217768669128418,11.520833015441895,11.75,11.375,11.75,822600
2000-01-11,8.351507186889648,11.708333015441895,11.729166984558105,11.458333015441895,11.5,70500
2000-01-12,8.440666198730469,11.833333015441895,11.875,11.708333015441895,11.708333015441895,46800
2000-01-13,8.633852005004883,12.104166984558105,12.1875,11.8125,11.833333015441895,117300
2000-01-14,8.4109468460083,11.791666984558105,12.166666984558105,11.791666984558105,12.166666984558105,195300
2000-01-18,8.455533027648926,11.854166984558105,11.875,11.791666984558105,11.791666984558105,16200
2000-01-19,8.455533027648926,11.854166984558105,11.875,11.833333015441895,11.833333015441895,98700
2000-01-20,8.500114440917969,11.916666984558105,11.916666984558105,11.833333015441895,11.875,53700
2000-01-21,8.336645126342773,11.6875,11.875,11.666666984558105,11.875,48900
2000-01-24,8.351507186889648,11.708333015441895,11.791666984558105,11.666666984558105,11.666666984558105,59400
2000-01-25,8.292064666748047,11.625,11.729166984558105,11.625,11.708333015441895,151200
2000-01-26,8.277206420898438,11.604166984558105,11.75,11.583333015441895,11.625,51900
2000-01-27,8.262344360351562,11.583333015441895,11.645833015441895,11.541666984558105,11.625,155400
2000-01-28,8.084022521972656,11.333333015441895,11.625,11.166666984558105,11.625,127500
2000-01-31,7.697655200958252,10.791666984558105,11.291666984558105,10.75,11.270833015441895,161700
2000-02-01,7.459887504577637,10.458333015441895,10.729166984558105,10.291666984558105,10.729166984558105,167700
2000-02-02,7.489610195159912,10.5,10.666666984558105,10.25,10.4375,85800
2000-02-03,7.103239059448242,9.958333015441895,10.5,9.75,10.479166984558105,303000
2000-02-04,7.04379940032959,9.875,10.0,9.875,9.875,171000
2000-02-07,6.9546380043029785,9.75,9.9375,9.666666984558105,9.833333015441895,657000
2000-02-08,7.028936862945557,9.854166984558105,9.854166984558105,9.729166984558105,9.75,573900
2000-02-09,7.103239059448242,9.958333015441895,10.041666984558105,9.916666984558105,9.9375,224400
2000-02-10,7.04379940032959,9.875,10.0,9.833333015441895,10.0,139200
2000-02-11,6.984357833862305,9.791666984558105,9.875,9.791666984558105,9.875,73200
2000-02-14,6.9546380043029785,9.75,9.8125,9.666666984558105,9.729166984558105,69300
2000-02-15,6.924915313720703,9.708333015441895,9.8125,9.6875,9.8125,45600
2000-02-16,6.806032180786133,9.541666984558105,9.75,9.541666984558105,9.75,115500
2000-02-17,6.479104518890381,9.083333015441895,9.583333015441895,8.833333015441895,9.541666984558105,305100
2000-02-18,6.434525489807129,9.020833015441895,9.166666984558105,9.0,9.166666984558105,228900
2000-02-22,6.330503463745117,8.875,8.979166984558105,8.833333015441895,8.9375,68400
2000-02-23,6.360226154327393,8.916666984558105,9.083333015441895,8.916666984558105,8.9375,32100
2000-02-24,6.1373186111450195,8.604166984558105,8.875,8.291666984558105,8.875,199800
2000-02-25,6.1373186111450195,8.604166984558105,8.666666984558105,8.583333015441895,8.666666984558105,45300
2000-02-28,5.602345943450928,7.8541669845581055,8.458333015441895,7.8541669845581055,8.458333015441895,170100
2000-02-29,5.528044700622559,7.75,7.9791669845581055,7.75,7.9375,147000
2000-03-01,5.3942999839782715,7.5625,7.8333330154418945,7.5625,7.8333330154418945,210300
2000-03-02,5.513182640075684,7.7291669845581055,7.75,7.5520830154418945,7.5625,245100
2000-03-03,5.557762622833252,7.7916669845581055,7.8541669845581055,7.7708330154418945,7.8125,110400
2000-03-06,5.587486267089844,7.8333330154418945,7.9375,7.7916669845581055,7.7916669845581055,270000
2000-03-07,5.632066249847412,7.8958330154418945,7.9166669845581055,7.8125,7.8333330154418945,293700
2000-03-08,5.513182640075684,7.7291669845581055,7.9166669845581055,7.7291669845581055,7.875,100200
2000-03-09,5.3942999839782715,7.5625,7.7291669845581055,7.5416669845581055,7.7291669845581055,469200
2000-03-10,5.468604564666748,7.6666669845581055,7.6666669845581055,7.5625,7.5625,282900
2000-03-13,5.528044700622559,7.75,7.8333330154418945,7.7083330154418945,7.75,192600
2000-03-14,5.646927833557129,7.9166669845581055,8.0,7.8125,7.8125,96900
2000-03-15,5.721225738525391,8.020833015441895,8.020833015441895,7.7916669845581055,7.9166669845581055,120300
2000-03-16,6.330503463745117,8.875,8.958333015441895,8.0625,8.0625,194400
2000-03-17,6.271061420440674,8.791666984558105,9.0,8.729166984558105,8.854166984558105,227700
2000-03-20,6.360226154327393,8.916666984558105,9.0,8.875,8.875,80400
2000-03-21,6.181899070739746,8.666666984558105,9.0,8.625,8.916666984558105,62700
2000-03-22,6.241340160369873,8.75,8.75,8.708333015441895,8.75,124800
2000-03-23,6.627710819244385,9.291666984558105,9.291666984558105,8.75,8.75,216300
2000-03-24,6.806032180786133,9.541666984558105,9.541666984558105,9.291666984558105,9.333333015441895,222600
2000-03-27,7.20726203918457,10.104166984558105,10.104166984558105,9.604166984558105,9.604166984558105,199200
2000-03-28,6.984357833862305,9.791666984558105,10.166666984558105,9.791666984558105,10.166666984558105,72900
2000-03-29,7.04379940032959,9.875,9.979166984558105,9.791666984558105,9.791666984558105,355800
2000-03-30,6.9546380043029785,9.75,9.875,9.75,9.875,49200
2000-03-31,6.252028465270996,8.75,9.75,8.75,9.729166984558105,206400
2000-04-03,6.5795135498046875,9.208333015441895,9.25,8.791666984558105,8.833333015441895,97800
2000-04-04,6.564627647399902,9.1875,9.291666984558105,8.958333015441895,9.270833015441895,145800
2000-04-05,6.505086421966553,9.104166984558105,9.208333015441895,9.020833015441895,9.208333015441895,42000
2000-04-06,6.475317001342773,9.0625,9.208333015441895,9.0,9.125,94500
2000-04-07,6.534855842590332,9.145833015441895,9.208333015441895,9.125,9.125,76500
2000-04-10,6.802801609039307,9.520833015441895,9.583333015441895,9.1875,9.229166984558105,194400
2000-04-11,6.936774253845215,9.708333015441895,9.770833015441895,9.583333015441895,9.604166984558105,55500
2000-04-12,6.936774253845215,9.708333015441895,9.8125,9.666666984558105,9.666666984558105,59700
2000-04-13,7.026090145111084,9.833333015441895,9.854166984558105,9.729166984558105,9.75,53100
2000-04-14,7.040974140167236,9.854166984558105,9.895833015441895,9.583333015441895,9.854166984558105,75900
2000-04-17,7.040974140167236,9.854166984558105,9.875,9.791666984558105,9.854166984558105,129300
2000-04-18,6.862342357635498,9.604166984558105,9.875,9.583333015441895,9.875,59100
2000-04-19,7.085631370544434,9.916666984558105,9.916666984558105,9.5,9.541666984558105,139200
2000-04-20,7.085631370544434,9.916666984558105,10.083333015441895,9.895833015441895,9.916666984558105,57300
2000-04-24,7.055859088897705,9.875,10.0,9.541666984558105,10.0,96000
2000-04-25,7.264258861541748,10.166666984558105,10.166666984558105,9.75,9.916666984558105,100500
2000-04-26,7.204716682434082,10.083333015441895,10.3125,10.0625,10.125,68700
2000-04-27,7.204716682434082,10.083333015441895,10.125,10.020833015441895,10.083333015441895,38100
2000-04-28,7.353577136993408,10.291666984558105,10.291666984558105,10.041666984558105,10.041666984558105,61500
2000-05-01,7.413118839263916,10.375,10.458333015441895,10.25,10.291666984558105,55800
2000-05-02,7.383345603942871,10.333333015441895,10.4375,10.333333015441895,10.375,35400
2000-05-03,7.130291938781738,9.979166984558105,10.375,9.958333015441895,10.354166984558105,61200
2000-05-04,7.1749491691589355,10.041666984558105,10.041666984558105,9.916666984558105,9.9375,33600
2000-05-05,7.234489917755127,10.125,10.125,10.083333015441895,10.125,21300
2000-05-08,7.32380485534668,10.25,10.25,10.135416984558105,10.166666984558105,42000
2000-05-09,7.42800235748291,10.395833015441895,10.395833015441895,10.208333015441895,10.291666984558105,57000
2000-05-10,7.353577136993408,10.291666984558105,10.4375,10.270833015441895,10.4375,29100
2000-05-11,7.398232936859131,10.354166984558105,10.416666984558105,10.166666984558105,10.291666984558105,117600
2000-05-12,7.517318248748779,10.520833015441895,10.541666984558105,10.375,10.416666984558105,23400
2000-05-15,7.517318248748779,10.520833015441895,10.541666984558105,10.458333015441895,10.541666984558105,29700
2000-05-16,7.561977386474609,10.583333015441895,10.625,10.541666984558105,10.5625,18000
2000-05-17,7.606630802154541,10.645833015441895,10.708333015441895,10.541666984558105,10.625,33000
2000-05-18,7.561977386474609,10.583333015441895,10.666666984558105,10.5625,10.625,60000
2000-05-19,7.517318248748779,10.520833015441895,10.625,10.5,10.625,32700
2000-05-22,7.591745376586914,10.625,10.625,10.520833015441895,10.5625,27300
2000-05-23,7.576861381530762,10.604166984558105,10.666666984558105,10.604166984558105,10.666666984558105,27600
2000-05-24,7.442887783050537,10.416666984558105,10.645833015441895,10.333333015441895,10.645833015441895,47700
2000-05-25,7.353577136993408,10.291666984558105,10.583333015441895,10.270833015441895,10.395833015441895,55500
2000-05-26,7.234489917755127,10.125,10.333333015441895,10.125,10.333333015441895,32700
2000-05-30,7.264258861541748,10.166666984558105,10.1875,10.083333015441895,10.125,23400
2000-05-31,7.145174980163574,10.0,10.125,10.0,10.083333015441895,56400
2000-06-01,7.219605922698975,10.104166984558105,10.104166984558105,10.0,10.0,17400
2000-06-02,7.32380485534668,10.25,10.3125,10.145833015441895,10.166666984558105,63900
2000-06-05,7.442887783050537,10.416666984558105,10.416666984558105,10.291666984558105,10.291666984558105,49800
2000-06-06,7.27914571762085,10.1875,10.458333015441895,10.166666984558105,10.458333015441895,65400
2000-06-07,7.234489917755127,10.125,10.25,10.104166984558105,10.25,36000
2000-06-08,7.10051155090332,9.9375,10.145833015441895,9.9375,10.083333015441895,129300
2000-06-09,7.026090145111084,9.833333015441895,9.9375,9.708333015441895,9.9375,27600
2000-06-12,6.951655864715576,9.729166984558105,9.895833015441895,9.645833015441895,9.895833015441895,53400
2000-06-13,6.862342357635498,9.604166984558105,9.729166984558105,9.5,9.729166984558105,27000
2000-06-14,6.668831825256348,9.333333015441895,9.666666984558105,9.125,9.666666984558105,140100
2000-06-15,6.326452732086182,8.854166984558105,9.333333015441895,8.854166984558105,9.333333015441895,50400
2000-06-16,6.281803131103516,8.791666984558105,8.895833015441895,8.583333015441895,8.895833015441895,118200
2000-06-19,6.0287394523620605,8.4375,8.875,8.416666984558105,8.875,84300
2000-06-20,5.850109100341797,8.1875,8.395833015441895,8.0,8.395833015441895,71700
2000-06-21,5.611939430236816,7.8541669845581055,8.208333015441895,7.7708330154418945,8.208333015441895,65400
2000-06-22,5.537509918212891,7.75,7.8958330154418945,7.75,7.8541669845581055,73500
2000-06-23,5.459936618804932,7.625,7.75,7.3333330154418945,7.75,156900
2000-06-26,5.370431423187256,7.5,7.6666669845581055,7.4166669845581055,7.6666669845581055,240300
2000-06-27,5.295841693878174,7.3958330154418945,7.5,7.25,7.4583330154418945,424800
2000-06-28,5.474854946136475,7.6458330154418945,7.6666669845581055,7.375,7.375,141600
2000-06-29,5.4450201988220215,7.6041669845581055,7.6458330154418945,7.5416669845581055,7.625,342300
2000-06-30,5.415184497833252,7.5625,7.7291669845581055,7.5625,7.6041669845581055,131400
2000-07-03,5.56436014175415,7.7708330154418945,7.7708330154418945,7.5625,7.5625,16200
2000-07-05,5.549444198608398,7.75,7.8333330154418945,7.7083330154418945,7.8125,90600
2000-07-06,5.474854946136475,7.6458330154418945,7.75,7.5833330154418945,7.75,182100
2000-07-07,5.4450201988220215,7.6041669845581055,7.6458330154418945,7.5,7.6458330154418945,84000
2000-07-10,5.385348320007324,7.5208330154418945,7.6666669845581055,7.4791669845581055,7.625,54000
2000-07-11,5.370431423187256,7.5,7.6875,7.375,7.5625,158400
2000-07-12,5.355513095855713,7.4791669845581055,7.5208330154418945,7.4791669845581055,7.5208330154418945,207600
2000-07-13,5.370431423187256,7.5,7.5208330154418945,7.375,7.5,84900
2000-07-14,5.385348320007324,7.5208330154418945,7.5416669845581055,7.4583330154418945,7.5208330154418945,231900
2000-07-17,5.5046916007995605,7.6875,7.8541669845581055,7.5833330154418945,7.5833330154418945,109800
2000-07-18,5.474854946136475,7.6458330154418945,7.7291669845581055,7.5833330154418945,7.7291669845581055,196800
2000-07-19,5.415184497833252,7.5625,7.6666669845581055,7.5625,7.6458330154418945,101100
2000-07-20,5.430103778839111,7.5833330154418945,7.6041669845581055,7.5625,7.5625,129600
2000-07-21,5.4450201988220215,7.6041669845581055,7.6666669845581055,7.6041669845581055,7.6458330154418945,51000
2000-07-24,5.430103778839111,7.5833330154418945,7.7291669845581055,7.5833330154418945,7.6041669845581055,612000
2000-07-25,5.4450201988220215,7.6041669845581055,7.75,7.5833330154418945,7.625,134400
2000-07-26,5.728459358215332,8.0,8.0,7.6458330154418945,7.6458330154418945,199200
2000-07-27,5.967144012451172,8.333333015441895,8.416666984558105,8.0625,8.0625,156900
2000-07-28,5.788131237030029,8.083333015441895,8.375,7.8333330154418945,8.375,220800
2000-07-31,5.847803115844727,8.166666984558105,8.166666984558105,8.083333015441895,8.125,111300
2000-08-01,5.907473564147949,8.25,8.291666984558105,8.145833015441895,8.166666984558105,69600
2000-08-02,5.877639293670654,8.208333015441895,8.3125,8.166666984558105,8.166666984558105,46500
2000-08-03,5.668787956237793,7.9166669845581055,8.145833015441895,7.875,8.145833015441895,94200
2000-08-04,5.6240339279174805,7.8541669845581055,7.9583330154418945,7.8541669845581055,7.9166669845581055,76500
2000-08-07,5.370431423187256,7.5,8.125,7.5,7.875,318000
2000-08-08,5.6837053298950195,7.9375,8.0,7.6666669845581055,7.6666669845581055,98700
2000-08-09,5.713541507720947,7.9791669845581055,8.041666984558105,7.9375,8.0,60300
2000-08-10,5.7433762550354,8.020833015441895,8.0625,7.9166669845581055,7.9166669845581055,92700
2000-08-11,6.011898517608643,8.395833015441895,8.479166984558105,7.9583330154418945,8.083333015441895,135300
2000-08-14,6.175995349884033,8.625,8.645833015441895,8.333333015441895,8.395833015441895,69600
2000-08-15,6.205830097198486,8.666666984558105,8.791666984558105,8.541666984558105,8.583333015441895,292500
2000-08-16,6.325170516967773,8.833333015441895,8.854166984558105,8.6875,8.708333015441895,48900
2000-08-17,6.593694686889648,9.208333015441895,9.208333015441895,8.916666984558105,8.916666984558105,92100
2000-08-18,6.444512844085693,9.0,9.208333015441895,9.0,9.208333015441895,159300
2000-08-21,6.205830097198486,8.666666984558105,9.0625,8.666666984558105,9.041666984558105,168300
2000-08-22,6.325170516967773,8.833333015441895,8.833333015441895,8.75,8.75,40800
2000-08-23,6.265501022338867,8.75,8.875,8.75,8.875,35700
2000-08-24,6.265501022338867,8.75,8.770833015441895,8.6875,8.770833015441895,13200
2000-08-25,6.190911293029785,8.645833015441895,8.666666984558105,8.583333015441895,8.666666984558105,163200
2000-08-28,6.146157741546631,8.583333015441895,8.625,8.583333015441895,8.625,65400
2000-08-29,6.086490154266357,8.5,8.645833015441895,8.5,8.583333015441895,176400
2000-08-30,6.086490154266357,8.5,8.520833015441895,8.416666984558105,8.520833015441895,53700
2000-08-31,6.161079406738281,8.604166984558105,8.666666984558105,8.53125,8.541666984558105,62700
2000-09-01,6.146157741546631,8.583333015441895,8.645833015441895,8.5625,8.5625,53100
2000-09-05,6.2356696128845215,8.708333015441895,8.833333015441895,8.666666984558105,8.666666984558105,55200
2000-09-06,6.205830097198486,8.666666984558105,8.75,8.625,8.75,44400
2000-09-07,6.056650638580322,8.458333015441895,8.666666984558105,8.4375,8.666666984558105,111000
2000-09-08,6.146157741546631,8.583333015441895,8.583333015441895,8.5,8.541666984558105,26400
2000-09-11,6.205830097198486,8.666666984558105,8.666666984558105,8.520833015441895,8.520833015441895,43500
2000-09-12,6.310255527496338,8.8125,8.8125,8.75,8.75,17100
2000-09-13,6.280420780181885,8.770833015441895,8.895833015441895,8.75,8.833333015441895,26100
2000-09-14,6.161079406738281,8.604166984558105,8.729166984558105,8.583333015441895,8.729166984558105,10800
2000-09-15,6.161079406738281,8.604166984558105,8.666666984558105,8.5625,8.5625,92100
2000-09-18,5.982061386108398,8.354166984558105,8.541666984558105,8.333333015441895,8.541666984558105,28200
2000-09-19,5.832883834838867,8.145833015441895,8.333333015441895,8.145833015441895,8.333333015441895,79200
2000-09-20,5.713541507720947,7.9791669845581055,8.1875,7.9791669845581055,8.1875,54000
2000-09-21,5.6240339279174805,7.8541669845581055,8.020833015441895,7.75,8.020833015441895,120300
2000-09-22,5.668787956237793,7.9166669845581055,7.9583330154418945,7.7708330154418945,7.8125,24000
2000-09-25,5.922390460968018,8.270833015441895,8.333333015441895,7.9791669845581055,7.9791669845581055,53700
2000-09-26,5.6240339279174805,7.8541669845581055,8.3125,7.6666669845581055,8.270833015441895,294600
2000-09-27,5.594196796417236,7.8125,8.0,7.7916669845581055,7.8125,34800
2000-09-28,5.7433762550354,8.020833015441895,8.125,7.8958330154418945,7.8958330154418945,21900
2000-09-29,5.934723854064941,8.270833015441895,8.541666984558105,8.166666984558105,8.166666984558105,56400
2000-10-02,5.949673652648926,8.291666984558105,8.395833015441895,8.208333015441895,8.354166984558105,56700
2000-10-03,5.949673652648926,8.291666984558105,8.3125,8.166666984558105,8.3125,42900
2000-10-04,5.815132141113281,8.104166984558105,8.291666984558105,8.083333015441895,8.291666984558105,30300
2000-10-05,5.531102180480957,7.7083330154418945,8.083333015441895,7.7083330154418945,8.083333015441895,348600
2000-10-06,5.381612777709961,7.5,7.7916669845581055,7.5,7.6666669845581055,102300
2000-10-09,5.516151428222656,7.6875,7.6875,7.5625,7.6458330154418945,93300
2000-10-10,5.4862542152404785,7.6458330154418945,7.7083330154418945,7.6041669845581055,7.6875,107100
2000-10-11,5.456357955932617,7.6041669845581055,7.7083330154418945,7.5208330154418945,7.5625,251100
2000-10-12,5.396559715270996,7.5208330154418945,7.625,7.5,7.625,31200
2000-10-13,5.426460266113281,7.5625,7.5833330154418945,7.5,7.5416669845581055,240000
2000-10-16,5.471305847167969,7.625,7.625,7.6041669845581055,7.625,18900
2000-10-17,5.441409111022949,7.5833330154418945,7.6458330154418945,7.5,7.625,113100
2000-10-18,5.396559715270996,7.5208330154418945,7.6041669845581055,7.5208330154418945,7.6041669845581055,17700
2000-10-19,5.441409111022949,7.5833330154418945,7.6041669845581055,7.5625,7.6041669845581055,18600
2000-10-20,5.4862542152404785,7.6458330154418945,7.6458330154418945,7.6041669845581055,7.6041669845581055,30000
2000-10-23,5.441409111022949,7.5833330154418945,7.7083330154418945,7.5625,7.7083330154418945,21900
2000-10-24,5.516151428222656,7.6875,7.6875,7.5833330154418945,7.5833330154418945,69900
2000-10-25,5.710489273071289,7.9583330154418945,7.9583330154418945,7.6875,7.6875,26400
2000-10-26,5.755336761474609,8.020833015441895,8.104166984558105,7.8125,7.9791669845581055,87300
2000-10-27,5.859982013702393,8.166666984558105,8.166666984558105,8.0625,8.083333015441895,73500
2000-10-30,5.9795708656311035,8.333333015441895,8.333333015441895,8.166666984558105,8.166666984558105,45600
2000-10-31,6.203803539276123,8.645833015441895,8.645833015441895,8.333333015441895,8.333333015441895,90900
2000-11-01,6.173904895782471,8.604166984558105,8.729166984558105,8.520833015441895,8.604166984558105,36000
2000-11-02,6.293497085571289,8.770833015441895,8.770833015441895,8.625,8.625,86700
2000-11-03,6.2785491943359375,8.75,8.791666984558105,8.708333015441895,8.770833015441895,32100
2000-11-06,6.308445930480957,8.791666984558105,8.791666984558105,8.6875,8.791666984558105,26100
2000-11-07,6.353295803070068,8.854166984558105,8.854166984558105,8.75,8.8125,46200
2000-11-08,6.338341236114502,8.833333015441895,8.916666984558105,8.8125,8.833333015441895,22500
2000-11-09,6.323391437530518,8.8125,8.854166984558105,8.666666984558105,8.854166984558105,112200
2000-11-10,6.2636003494262695,8.729166984558105,8.8125,8.729166984558105,8.75,42600
2000-11-13,6.0991644859313965,8.5,8.666666984558105,8.4375,8.666666984558105,39600
2000-11-14,6.1888556480407715,8.625,8.75,8.4375,8.4375,34200
2000-11-15,6.293497085571289,8.770833015441895,8.770833015441895,8.666666984558105,8.666666984558105,18000
2000-11-16,6.1888556480407715,8.625,8.708333015441895,8.583333015441895,8.708333015441895,8100
2000-11-17,6.144007682800293,8.5625,8.75,8.479166984558105,8.6875,36600
2000-11-20,6.039364814758301,8.416666984558105,8.520833015441895,8.416666984558105,8.5,37500
2000-11-21,6.084210395812988,8.479166984558105,8.583333015441895,8.416666984558105,8.416666984558105,26100
2000-11-22,6.084210395812988,8.479166984558105,8.583333015441895,8.458333015441895,8.5625,33600
2000-11-24,6.203803539276123,8.645833015441895,8.645833015441895,8.4375,8.4375,17700
2000-11-27,6.039364814758301,8.416666984558105,8.625,8.354166984558105,8.625,92700
2000-11-28,5.889874458312988,8.208333015441895,8.583333015441895,8.208333015441895,8.5,70800
2000-11-29,5.800181865692139,8.083333015441895,8.3125,8.041666984558105,8.25,48600
2000-11-30,5.680590629577637,7.9166669845581055,8.083333015441895,7.9166669845581055,8.083333015441895,103800
2000-12-01,5.904824733734131,8.229166984558105,8.229166984558105,7.8541669845581055,7.8541669845581055,45300
2000-12-04,5.785233974456787,8.0625,8.25,8.0625,8.25,27600
2000-12-05,5.889874458312988,8.208333015441895,8.333333015441895,8.083333015441895,8.083333015441895,30000
2000-12-06,5.87492561340332,8.1875,8.25,8.145833015441895,8.25,40200
2000-12-07,5.785233974456787,8.0625,8.25,8.020833015441895,8.25,30000
2000-12-08,5.830080986022949,8.125,8.145833015441895,8.020833015441895,8.020833015441895,38400
2000-12-11,6.338341236114502,8.833333015441895,8.833333015441895,8.125,8.125,89700
2000-12-12,6.054315090179443,8.4375,8.770833015441895,8.4375,8.75,51000
2000-12-13,5.9795708656311035,8.333333015441895,8.458333015441895,8.333333015441895,8.416666984558105,41400
2000-12-14,5.859982013702393,8.166666984558105,8.333333015441895,8.145833015441895,8.333333015441895,22500
2000-12-15,5.54604959487915,7.7291669845581055,8.270833015441895,7.7291669845581055,8.1875,123900
2000-12-18,5.471305847167969,7.625,7.8541669845581055,7.3958330154418945,7.75,129300
2000-12-19,5.680590629577637,7.9166669845581055,7.9166669845581055,7.5416669845581055,7.625,83700
2000-12-20,5.815132141113281,8.104166984558105,8.125,7.8333330154418945,7.9166669845581055,66600
2000-12-21,5.9795708656311035,8.333333015441895,8.333333015441895,8.041666984558105,8.0625,27600
2000-12-22,6.218751430511475,8.666666984558105,8.666666984558105,8.208333015441895,8.416666984558105,41100
2000-12-26,6.15895414352417,8.583333015441895,8.8125,8.520833015441895,8.708333015441895,32100
2000-12-27,6.368243217468262,8.875,9.0,8.583333015441895,8.583333015441895,72000
2000-12-28,6.652273178100586,9.270833015441895,9.291666984558105,8.833333015441895,8.833333015441895,84000
2000-12-29,6.544444561004639,9.104166984558105,9.5,9.083333015441895,9.3125,300000
2001-01-02,6.574396133422852,9.145833015441895,9.166666984558105,9.104166984558105,9.104166984558105,39600
2001-01-03,6.963771343231201,9.6875,9.875,9.1875,9.3125,145200
2001-01-04,7.158454895019531,9.958333015441895,9.958333015441895,9.520833015441895,9.520833015441895,93600
2001-01-05,7.128509044647217,9.916666984558105,10.0625,9.854166984558105,9.958333015441895,102300
2001-01-08,6.903868198394775,9.604166984558105,10.0,9.5,10.0,91200
2001-01-09,6.9787468910217285,9.708333015441895,9.708333015441895,9.583333015441895,9.604166984558105,55500
2001-01-10,7.098554611206055,9.875,9.875,9.604166984558105,9.645833015441895,32700
2001-01-11,7.053625583648682,9.8125,10.041666984558105,9.75,9.916666984558105,22800
2001-01-12,7.173434734344482,9.979166984558105,10.0,9.791666984558105,9.895833015441895,54000
2001-01-16,7.188406944274902,10.0,10.229166984558105,9.895833015441895,9.895833015441895,58800
2001-01-17,7.218360424041748,10.041666984558105,10.083333015441895,9.979166984558105,10.083333015441895,44700
2001-01-18,7.158454895019531,9.958333015441895,10.0,9.75,10.0,24300
2001-01-19,6.963771343231201,9.6875,9.875,9.666666984558105,9.875,24000
2001-01-22,6.664252281188965,9.270833015441895,9.5,9.25,9.333333015441895,154800
2001-01-23,6.7391357421875,9.375,9.5,9.0625,9.291666984558105,144000
2001-01-24,6.814010143280029,9.479166984558105,9.677083015441895,9.447916984558105,9.458333015441895,195900
2001-01-25,6.814010143280029,9.479166984558105,9.5625,9.4375,9.479166984558105,99000
2001-01-26,6.7690839767456055,9.416666984558105,9.5625,9.354166984558105,9.416666984558105,47400
2001-01-29,6.7331438064575195,9.366666793823242,9.609999656677246,9.166666984558105,9.416666984558105,99900
2001-01-30,6.817005157470703,9.483332633972168,9.600000381469727,9.323332786560059,9.366666793823242,59400
2001-01-31,6.637296199798584,9.233332633972168,9.363332748413086,9.166666984558105,9.300000190734863,70800
2001-02-01,6.850549697875977,9.529999732971191,9.529999732971191,9.303333282470703,9.316666603088379,30000
2001-02-02,6.948794364929199,9.666666984558105,9.710000038146973,9.600000381469727,9.600000381469727,44400
2001-02-05,6.977545738220215,9.706666946411133,9.776666641235352,9.633333206176758,9.649999618530273,33900
2001-02-06,6.876908779144287,9.566666603088379,9.75,9.566666603088379,9.680000305175781,40500
2001-02-07,6.888888835906982,9.583333015441895,9.616666793823242,9.486666679382324,9.583333015441895,67500
2001-02-08,6.972754955291748,9.699999809265137,9.710000038146973,9.600000381469727,9.600000381469727,38700
2001-02-09,7.0518269538879395,9.8100004196167,9.8100004196167,9.739999771118164,9.783332824707031,40800
2001-02-12,7.015884876251221,9.760000228881836,9.783332824707031,9.649999618530273,9.783332824707031,70800
2001-02-13,7.049431324005127,9.80666732788086,9.960000038146973,9.80666732788086,9.80666732788086,33300
2001-02-14,6.975148677825928,9.703332901000977,9.833333015441895,9.66333293914795,9.8100004196167,32400
2001-02-15,7.066205978393555,9.829999923706055,9.833333015441895,9.723333358764648,9.739999771118164,12600
2001-02-16,7.066205978393555,9.829999923706055,9.846667289733887,9.733332633972168,9.829999923706055,78300
2001-02-20,7.08297872543335,9.853333473205566,9.883333206176758,9.766667366027832,9.796667098999023,75300
2001-02-21,7.056619644165039,9.816666603088379,9.856666564941406,9.813332557678223,9.856666564941406,22800
2001-02-22,7.03265905380249,9.783332824707031,9.816666603088379,9.676667213439941,9.816666603088379,37200
2001-02-23,6.965567111968994,9.6899995803833,9.793333053588867,9.666666984558105,9.75,49500
2001-02-26,6.963169097900391,9.686667442321777,9.80666732788086,9.666666984558105,9.69333267211914,92700
2001-02-27,6.972754955291748,9.699999809265137,9.763333320617676,9.666666984558105,9.670000076293945,47700
2001-02-28,7.03265905380249,9.783332824707031,9.833333015441895,9.683333396911621,9.683333396911621,50100
2001-03-01,7.152467250823975,9.949999809265137,9.949999809265137,9.783332824707031,9.783332824707031,40800
2001-03-02,7.4879231452941895,10.416666984558105,10.5,10.116666793823242,10.116666793823242,118200
2001-03-05,7.837759494781494,10.903332710266113,11.100000381469727,10.416666984558105,10.416666984558105,136800
2001-03-06,7.741917133331299,10.770000457763672,11.0,10.766667366027832,11.0,162000
2001-03-07,7.871306419372559,10.949999809265137,10.949999809265137,10.703332901000977,10.770000457763672,95100
2001-03-08,7.849741458892822,10.920000076293945,11.0,10.916666984558105,10.949999809265137,46500
2001-03-09,7.9120378494262695,11.006667137145996,11.010000228881836,10.899999618530273,10.933333396911621,46500
2001-03-12,7.907250881195068,11.0,11.166666984558105,11.0,11.006667137145996,64200
2001-03-13,7.797027111053467,10.846667289733887,10.9399995803833,10.766667366027832,10.933333396911621,56700
2001-03-14,7.65565299987793,10.649999618530273,10.899999618530273,10.649999618530273,10.863332748413086,38400
2001-03-15,7.344156742095947,10.216667175292969,10.616666793823242,10.216667175292969,10.600000381469727,159900
2001-03-16,7.255498886108398,10.09333324432373,10.216667175292969,10.0,10.216667175292969,40500
2001-03-19,7.308211326599121,10.166666984558105,10.173333168029785,10.036666870117188,10.0600004196167,52200
2001-03-20,7.2938361167907715,10.146666526794434,10.260000228881836,10.146666526794434,10.166666984558105,19800
2001-03-21,7.176427364349365,9.983332633972168,10.149999618530273,9.966667175292969,10.146666526794434,71400
2001-03-22,6.989526748657227,9.723333358764648,9.936667442321777,9.673333168029785,9.936667442321777,97800
2001-03-23,7.03265905380249,9.783332824707031,9.833333015441895,9.716667175292969,9.723333358764648,209100
2001-03-26,7.068600177764893,9.833333015441895,9.833333015441895,9.770000457763672,9.800000190734863,45000
2001-03-27,6.972754955291748,9.699999809265137,9.800000190734863,9.666666984558105,9.800000190734863,33300
2001-03-28,6.920039653778076,9.626667022705078,9.666666984558105,9.609999656677246,9.666666984558105,7200
2001-03-29,6.81940221786499,9.486666679382324,9.626667022705078,9.369999885559082,9.626667022705078,57300
2001-03-30,6.744990825653076,9.366666793823242,9.456666946411133,9.313332557678223,9.449999809265137,118200
2001-04-02,6.605772018432617,9.173333168029785,9.420000076293945,9.130000114440918,9.399999618530273,77400
2001-04-03,6.432945251464844,8.933333396911621,9.09000015258789,8.673333168029785,9.09000015258789,87900
2001-04-04,6.564964294433594,9.116666793823242,9.116666793823242,8.850000381469727,8.850000381469727,56100
2001-04-05,6.665780544281006,9.256667137145996,9.256667137145996,9.113332748413086,9.113332748413086,72300
2001-04-06,6.656177043914795,9.243332862854004,9.333333015441895,9.243332862854004,9.333333015441895,68400
2001-04-09,6.682583332061768,9.279999732971191,9.283332824707031,9.24666690826416,9.24666690826416,22800
2001-04-10,6.788197994232178,9.426667213439941,9.4399995803833,9.279999732971191,9.279999732971191,88200
2001-04-11,6.720989227294922,9.333333015441895,9.403332710266113,9.303333282470703,9.399999618530273,51600
2001-04-12,6.71858549118042,9.329999923706055,9.373332977294922,9.25,9.329999923706055,73200
2001-04-16,6.665780544281006,9.256667137145996,9.276666641235352,9.083333015441895,9.083333015441895,54900
2001-04-17,6.711386203765869,9.319999694824219,9.363332748413086,9.260000228881836,9.260000228881836,24900
2001-04-18,6.826600551605225,9.479999542236328,9.566666603088379,9.316666603088379,9.316666603088379,71100
2001-04-19,6.901012897491455,9.583333015441895,9.686667442321777,9.479999542236328,9.479999542236328,38400
2001-04-20,6.7569966316223145,9.383333206176758,9.583333015441895,9.383333206176758,9.583333015441895,6900
2001-04-23,6.612973690032959,9.183333396911621,9.186667442321777,8.566666603088379,9.100000381469727,286500
2001-04-24,6.89141321182251,9.569999694824219,9.569999694824219,9.083333015441895,9.166666984558105,96300
2001-04-25,6.807400226593018,9.453332901000977,9.666666984558105,9.416666984558105,9.569999694824219,68400
2001-04-26,6.898613929748535,9.579999923706055,9.579999923706055,9.486666679382324,9.486666679382324,128100
2001-04-27,6.821804046630859,9.473333358764648,9.633333206176758,9.453332901000977,9.616666793823242,70500
2001-04-30,6.857807159423828,9.523332595825195,9.55666732788086,9.393333435058594,9.55666732788086,105000
2001-05-01,6.848208904266357,9.510000228881836,9.533332824707031,9.493332862854004,9.523332595825195,138600
2001-05-02,6.8650102615356445,9.533332824707031,9.533332824707031,9.5,9.510000228881836,45900
2001-05-03,6.788197994232178,9.426667213439941,9.533332824707031,9.426667213439941,9.533332824707031,21900
2001-05-04,6.795400142669678,9.436667442321777,9.436667442321777,9.416666984558105,9.416666984558105,9600
2001-05-07,6.8890156745910645,9.566666603088379,9.566666603088379,9.366666793823242,9.399999618530273,39300
2001-05-08,6.720989227294922,9.333333015441895,9.616666793823242,9.333333015441895,9.616666793823242,33900
2001-05-09,6.672979831695557,9.266667366027832,9.33666706085205,9.233332633972168,9.33666706085205,20400
2001-05-10,6.473752021789551,8.989999771118164,9.226667404174805,8.899999618530273,9.216667175292969,71400
2001-05-11,6.3849406242370605,8.866666793823242,9.016667366027832,8.816666603088379,9.0,29700
2001-05-14,6.4689507484436035,8.983332633972168,8.983332633972168,8.863332748413086,8.863332748413086,19500
2001-05-15,6.720989227294922,9.333333015441895,9.333333015441895,8.983332633972168,8.983332633972168,120600
2001-05-16,6.653781890869141,9.239999771118164,9.416666984558105,9.170000076293945,9.416666984558105,36600
2001-05-17,6.7569966316223145,9.383333206176758,9.40999984741211,9.243332862854004,9.243332862854004,27300
2001-05-18,6.980223178863525,9.69333267211914,9.69333267211914,9.433333396911621,9.433333396911621,53100
2001-05-21,7.076240062713623,9.826666831970215,9.833333015441895,9.703332901000977,9.703332901000977,124200
2001-05-22,7.1170477867126465,9.883333206176758,9.899999618530273,9.813332557678223,9.813332557678223,46500
2001-05-23,6.985025882720947,9.699999809265137,9.823332786560059,9.699999809265137,9.823332786560059,29700
2001-05-24,6.944221496582031,9.643333435058594,9.683333396911621,9.539999961853027,9.683333396911621,79200
2001-05-25,6.992228031158447,9.710000038146973,9.766667366027832,9.703332901000977,9.703332901000977,43500
2001-05-29,6.992228031158447,9.710000038146973,9.733332633972168,9.710000038146973,9.733332633972168,18300
2001-05-30,6.81700325012207,9.466667175292969,9.633333206176758,9.466667175292969,9.633333206176758,78000
2001-05-31,6.797802925109863,9.4399995803833,9.463333129882812,9.300000190734863,9.449999809265137,112500
2001-06-01,6.86260986328125,9.529999732971191,9.529999732971191,9.353333473205566,9.399999618530273,104100
2001-06-04,6.987424850463867,9.703332901000977,9.703332901000977,9.5600004196167,9.579999923706055,18600
2001-06-05,7.064239978790283,9.8100004196167,9.833333015441895,9.640000343322754,9.640000343322754,46800
2001-06-06,7.081040859222412,9.833333015441895,9.903332710266113,9.786666870117188,9.80666732788086,29400
2001-06-07,7.1074442863464355,9.869999885559082,9.899999618530273,9.823332786560059,9.899999618530273,30300
2001-06-08,7.172255516052246,9.960000038146973,10.0,9.863332748413086,9.863332748413086,33300
2001-06-11,7.1890549659729,9.983332633972168,10.016667366027832,9.953332901000977,10.0,124500
2001-06-12,7.1650567054748535,9.949999809265137,10.0,9.933333396911621,10.0,77700
2001-06-13,7.191458225250244,9.986666679382324,10.026666641235352,9.949999809265137,9.949999809265137,10800
2001-06-14,7.26106595993042,10.083333015441895,10.083333015441895,9.986666679382324,9.986666679382324,84900
2001-06-15,7.3138747215271,10.15666675567627,10.206666946411133,10.063332557678223,10.073332786560059,39000
2001-06-18,7.270668983459473,10.096667289733887,10.149999618530273,10.096667289733887,10.149999618530273,30000
2001-06-19,7.26106595993042,10.083333015441895,10.116666793823242,10.033332824707031,10.09333324432373,222600
2001-06-20,7.299475193023682,10.136667251586914,10.166666984558105,10.083333015441895,10.100000381469727,118200
2001-06-21,7.388287544250488,10.260000228881836,10.260000228881836,10.153332710266113,10.153332710266113,20400
2001-06-22,7.383481502532959,10.236666679382324,10.273332595825195,10.216667175292969,10.239999771118164,27600
2001-06-25,7.453203201293945,10.333333015441895,10.34333324432373,10.183333396911621,10.183333396911621,27300
2001-06-26,7.710458755493164,10.6899995803833,10.739999771118164,10.316666603088379,10.316666603088379,75000
2001-06-27,7.943668365478516,11.013333320617676,11.029999732971191,10.6899995803833,10.6899995803833,33900
2001-06-28,7.936458110809326,11.00333309173584,11.416666984558105,10.986666679382324,11.183333396911621,103500
2001-06-29,7.813838005065918,10.833333015441895,10.979999542236328,10.833333015441895,10.966667175292969,78300
2001-07-02,8.205737113952637,11.376667022705078,11.4399995803833,10.896666526794434,10.916666984558105,65700
2001-07-03,8.126392364501953,11.266667366027832,11.380000114440918,11.266667366027832,11.380000114440918,26400
2001-07-05,8.287477493286133,11.489999771118164,11.600000381469727,11.399999618530273,11.433333396911621,97500
2001-07-06,8.102348327636719,11.233332633972168,11.5,11.233332633972168,11.416666984558105,15300
2001-07-09,8.126392364501953,11.266667366027832,11.416666984558105,11.149999618530273,11.166666984558105,19500
2001-07-10,7.982137203216553,11.066666603088379,11.433333396911621,11.066666603088379,11.316666603088379,59400
2001-07-11,8.150439262390137,11.300000190734863,11.333333015441895,11.036666870117188,11.069999694824219,46200
2001-07-12,8.299500465393066,11.506667137145996,11.550000190734863,11.300000190734863,11.300000190734863,146400
2001-07-13,8.354802131652832,11.583333015441895,11.600000381469727,11.489999771118164,11.506667137145996,75000
2001-07-16,8.095137596130371,11.223333358764648,11.600000381469727,11.203332901000977,11.516667366027832,73800
2001-07-17,7.885965824127197,10.933333396911621,11.176667213439941,10.816666603088379,11.140000343322754,116700
2001-07-18,7.864326000213623,10.903332710266113,11.233332633972168,10.783332824707031,10.899999618530273,63300
2001-07-19,7.929245471954346,10.993332862854004,11.029999732971191,10.916666984558105,10.983332633972168,66600
2001-07-20,8.270646095275879,11.466667175292969,11.466667175292969,11.029999732971191,11.029999732971191,39600
2001-07-23,7.977335453033447,11.0600004196167,11.383333206176758,11.0600004196167,11.383333206176758,28200
2001-07-24,7.669586658477783,10.633333206176758,11.063332557678223,10.633333206176758,11.0600004196167,40500
2001-07-25,7.751326084136963,10.74666690826416,10.800000190734863,10.699999809265137,10.716667175292969,24300
2001-07-26,7.842689514160156,10.873332977294922,10.94333267211914,10.733332633972168,10.743332862854004,31500
2001-07-27,7.9052019119262695,10.960000038146973,11.176667213439941,10.916666984558105,10.916666984558105,36900
2001-07-30,8.030223846435547,11.133333206176758,11.196666717529297,10.993332862854004,10.993332862854004,47700
2001-07-31,7.934051036834717,11.0,11.133333206176758,11.0,11.133333206176758,81300
2001-08-01,8.030223846435547,11.133333206176758,11.133333206176758,10.993332862854004,11.0,36600
2001-08-02,8.071094512939453,11.1899995803833,11.19333267211914,11.166666984558105,11.19333267211914,16200
2001-08-03,8.054266929626465,11.166666984558105,11.296667098999023,11.076666831970215,11.1899995803833,59400
2001-08-06,8.006179809570312,11.100000381469727,11.149999618530273,11.100000381469727,11.149999618530273,25200
2001-08-07,7.89798641204834,10.949999809265137,11.083333015441895,10.833333015441895,11.083333015441895,19500
2001-08-08,7.934051036834717,11.0,11.013333320617676,10.899999618530273,10.90999984741211,33000
2001-08-09,7.885965824127197,10.933333396911621,11.016667366027832,10.933333396911621,11.0,97500
2001-08-10,7.9244384765625,10.986666679382324,10.986666679382324,10.84333324432373,10.850000381469727,17400
2001-08-13,7.676795959472656,10.643333435058594,10.936667442321777,10.5,10.936667442321777,44100
2001-08-14,8.075905799865723,11.196666717529297,11.333333015441895,10.649999618530273,10.65999984741211,67200
2001-08-15,7.804221153259277,10.819999694824219,11.19333267211914,10.776666641235352,11.19333267211914,91500
2001-08-16,7.744118690490723,10.736666679382324,10.833333015441895,10.666666984558105,10.739999771118164,80700
2001-08-17,7.6888203620910645,10.65999984741211,10.670000076293945,10.619999885559082,10.666666984558105,72900
2001-08-20,7.573412895202637,10.5,10.633333206176758,10.433333396911621,10.59333324432373,44100
2001-08-21,7.657564163208008,10.616666793823242,10.616666793823242,10.433333396911621,10.433333396911621,32700
2001-08-22,7.573412895202637,10.5,10.553333282470703,10.350000381469727,10.550000190734863,33900
2001-08-23,7.556580543518066,10.476667404174805,10.576666831970215,10.473333358764648,10.5,58500
2001-08-24,7.693626880645752,10.666666984558105,10.666666984558105,10.483332633972168,10.493332862854004,100500
2001-08-27,7.669586658477783,10.633333206176758,10.6899995803833,10.600000381469727,10.666666984558105,28800
2001-08-28,7.662370681762695,10.623332977294922,10.75,10.466667175292969,10.583333015441895,100200
2001-08-29,7.662370681762695,10.623332977294922,10.65999984741211,10.583333015441895,10.623332977294922,11100
2001-08-30,7.623905181884766,10.569999694824219,10.603333473205566,10.539999961853027,10.600000381469727,13200
2001-08-31,7.684011459350586,10.653332710266113,10.706666946411133,10.636667251586914,10.653332710266113,118800
2001-09-04,7.684011459350586,10.653332710266113,10.699999809265137,10.536666870117188,10.65999984741211,272400
2001-09-05,7.614285945892334,10.55666732788086,10.666666984558105,10.5,10.653332710266113,126900
2001-09-06,7.58543586730957,10.516667366027832,10.65666675567627,10.449999809265137,10.583333015441895,81000
2001-09-07,7.69603157043457,10.670000076293945,10.716667175292969,10.5,10.506667137145996,128400
2001-09-10,7.765754699707031,10.766667366027832,10.789999961853027,10.583333015441895,10.670000076293945,57600
2001-09-17,7.573412895202637,10.5,10.766667366027832,10.399999618530273,10.733332633972168,33900
2001-09-18,7.429159164428711,10.300000190734863,10.526666641235352,10.266667366027832,10.526666641235352,56400
2001-09-19,7.357030868530273,10.199999809265137,10.350000381469727,10.033332824707031,10.256667137145996,82500
2001-09-20,7.006008148193359,9.713333129882812,10.266667366027832,9.710000038146973,10.266667366027832,36300
2001-09-21,6.702551364898682,9.276666641235352,9.696666717529297,9.276666641235352,9.696666717529297,140700
2001-09-24,6.912081241607666,9.566666603088379,9.583333015441895,9.329999923706055,9.329999923706055,101100
2001-09-25,6.883181095123291,9.526666641235352,9.633333206176758,9.5,9.550000190734863,47100
2001-09-26,6.93375301361084,9.596667289733887,9.636667251586914,9.5,9.506667137145996,69000
2001-09-27,7.109569549560547,9.84000015258789,9.899999618530273,9.566666603088379,9.566666603088379,30000
2001-09-28,7.11679744720459,9.850000381469727,10.033332824707031,9.766667366027832,9.766667366027832,129000
2001-10-01,6.984335899353027,9.666666984558105,9.80666732788086,9.666666984558105,9.766667366027832,88500
2001-10-02,6.965071678161621,9.640000343322754,9.75,9.600000381469727,9.633333206176758,44700
2001-10-03,6.945802688598633,9.613332748413086,9.649999618530273,9.55666732788086,9.55666732788086,45600
2001-10-04,6.883181095123291,9.526666641235352,9.619999885559082,9.526666641235352,9.606666564941406,25200
2001-10-05,7.051769256591797,9.760000228881836,9.760000228881836,9.466667175292969,9.516667366027832,17100
2001-10-08,6.900043487548828,9.550000190734863,9.760000228881836,9.5,9.760000228881836,18000
2001-10-09,6.887997150421143,9.533332824707031,9.550000190734863,9.449999809265137,9.536666870117188,6000
2001-10-10,6.948206901550293,9.616666793823242,9.616666793823242,9.433333396911621,9.566666603088379,16200
2001-10-11,7.080667018890381,9.800000190734863,9.800000190734863,9.486666679382324,9.566666603088379,39300
2001-10-12,6.815743446350098,9.433333396911621,9.733332633972168,9.350000381469727,9.733332633972168,46200
2001-10-15,6.909671783447266,9.563332557678223,9.573332786560059,9.366666793823242,9.366666793823242,94500
2001-10-16,7.1986799240112305,9.963333129882812,9.963333129882812,9.49666690826416,9.49666690826416,42600
2001-10-17,6.8639140129089355,9.5,9.886667251586914,9.5,9.886667251586914,33000
2001-10-18,6.900043487548828,9.550000190734863,9.699999809265137,9.416666984558105,9.416666984558105,30600
2001-10-19,7.037317752838135,9.739999771118164,9.816666603088379,9.69333267211914,9.699999809265137,24900
2001-10-22,7.138471603393555,9.880000114440918,9.880000114440918,9.666666984558105,9.823332786560059,154800
2001-10-23,7.20109224319458,9.966667175292969,10.033332824707031,9.866666793823242,9.880000114440918,48900
2001-10-24,7.225172519683838,10.0,10.026666641235352,9.949999809265137,10.016667366027832,19500
2001-10-25,7.400986671447754,10.243332862854004,10.276666641235352,9.946666717529297,9.960000038146973,68100
2001-10-26,7.6707258224487305,10.616666793823242,10.816666603088379,10.243332862854004,10.243332862854004,84600
2001-10-29,7.8778462409973145,10.903332710266113,10.970000267028809,10.74666690826416,10.74666690826416,74700
2001-10-30,7.853761196136475,10.869999885559082,11.050000190734863,10.833333015441895,11.050000190734863,55500
2001-10-31,7.923610687255859,10.966667175292969,11.0,10.786666870117188,11.0,91200
2001-11-01,7.971775054931641,11.033332824707031,11.09000015258789,10.986666679382324,11.016667366027832,110400
2001-11-02,7.983815670013428,11.050000190734863,11.083333015441895,11.039999961853027,11.083333015441895,43200
2001-11-05,7.991046905517578,11.0600004196167,11.106666564941406,11.039999961853027,11.106666564941406,80700
2001-11-06,7.885071277618408,10.91333293914795,10.99666690826416,10.893333435058594,10.993332862854004,28500
2001-11-07,7.863400459289551,10.883333206176758,10.933333396911621,10.829999923706055,10.833333015441895,25500
2001-11-08,7.887482643127441,10.916666984558105,11.0,10.866666793823242,10.916666984558105,27600
2001-11-09,7.887482643127441,10.916666984558105,11.0,10.916666984558105,10.983332633972168,35700
2001-11-12,7.8706231117248535,10.893333435058594,10.899999618530273,10.766667366027832,10.766667366027832,21900
2001-11-13,7.80318546295166,10.800000190734863,10.973333358764648,10.800000190734863,10.973333358764648,57600
2001-11-14,7.851354598999023,10.866666793823242,10.899999618530273,10.783332824707031,10.783332824707031,39600
2001-11-15,7.779107570648193,10.766667366027832,10.883333206176758,10.633333206176758,10.866666793823242,57900
2001-11-16,7.706850528717041,10.666666984558105,10.743332862854004,10.5,10.743332862854004,46500
2001-11-19,7.692399501800537,10.646666526794434,10.716667175292969,10.643333435058594,10.716667175292969,25800
2001-11-20,7.552712917327881,10.453332901000977,10.666666984558105,10.449999809265137,10.65999984741211,34500
2001-11-21,7.61051607131958,10.533332824707031,10.576666831970215,10.433333396911621,10.433333396911621,9300
2001-11-23,7.742978096008301,10.716667175292969,10.716667175292969,10.566666603088379,10.566666603088379,8700
2001-11-26,7.506956577301025,10.390000343322754,10.783332824707031,10.390000343322754,10.75,29700
2001-11-27,7.581616401672363,10.493332862854004,10.55666732788086,10.399999618530273,10.399999618530273,12000
2001-11-28,7.4539690017700195,10.316666603088379,10.473333358764648,10.3100004196167,10.473333358764648,25200
2001-11-29,7.550305366516113,10.449999809265137,10.449999809265137,10.25,10.316666603088379,31800
2001-11-30,7.164964199066162,9.916666984558105,10.433333396911621,9.916666984558105,10.416666984558105,117900
2001-12-03,7.355224609375,10.180000305175781,10.296667098999023,9.893333435058594,9.916666984558105,50400
2001-12-04,7.369675636291504,10.199999809265137,10.236666679382324,10.016667366027832,10.15666675567627,60300
2001-12-05,7.516586780548096,10.403332710266113,10.516667366027832,10.19333267211914,10.273332595825195,49800
2001-12-06,7.564759254455566,10.470000267028809,10.550000190734863,10.323332786560059,10.466667175292969,88800
2001-12-07,7.490099906921387,10.366666793823242,10.583333015441895,10.353333473205566,10.5,70200
2001-12-10,7.33596134185791,10.153332710266113,10.420000076293945,10.149999618530273,10.366666793823242,28800
2001-12-11,7.148101806640625,9.893333435058594,10.206666946411133,9.883333206176758,10.16333293914795,120000
2001-12-12,7.403393745422363,10.24666690826416,10.24666690826416,9.94333267211914,9.949999809265137,15300
2001-12-13,7.449153423309326,10.3100004196167,10.366666793823242,10.24666690826416,10.24666690826416,22500
2001-12-14,7.478102207183838,10.333333015441895,10.369999885559082,10.279999732971191,10.286666870117188,116400
2001-12-17,7.502228260040283,10.366666793823242,10.393333435058594,10.266667366027832,10.296667098999023,46200
2001-12-18,7.71933126449585,10.666666984558105,10.713333129882812,10.326666831970215,10.393333435058594,88500
2001-12-19,7.453977584838867,10.300000190734863,10.649999618530273,10.300000190734863,10.643333435058594,222600
2001-12-20,7.555294036865234,10.4399995803833,10.5,10.316666603088379,10.316666603088379,77400
2001-12-21,7.509465217590332,10.376667022705078,10.470000267028809,10.303333282470703,10.470000267028809,95400
2001-12-24,7.598719120025635,10.5,10.5,10.359999656677246,10.359999656677246,18000
2001-12-26,7.642136096954346,10.5600004196167,10.616666793823242,10.536666870117188,10.566666603088379,101100
2001-12-27,7.75068998336792,10.710000038146973,10.710000038146973,10.516667366027832,10.606666564941406,108300
2001-12-28,7.774815082550049,10.743332862854004,10.75,10.6899995803833,10.69333267211914,24600
2001-12-31,7.731393337249756,10.683333396911621,10.703332901000977,10.603333473205566,10.69333267211914,45300
2002-01-02,7.71933126449585,10.666666984558105,10.733332633972168,10.566666603088379,10.733332633972168,38700
2002-01-03,7.905076026916504,10.923333168029785,10.963333129882812,10.670000076293945,10.683333396911621,138600
2002-01-04,7.917139530181885,10.9399995803833,10.983332633972168,10.890000343322754,10.966667175292969,101700
2002-01-07,7.830295562744141,10.819999694824219,10.989999771118164,10.819999694824219,10.91333293914795,57600
2002-01-08,7.878540515899658,10.886667251586914,10.916666984558105,10.84000015258789,10.853333473205566,20700
2002-01-09,7.936439037322998,10.966667175292969,11.029999732971191,10.90666675567627,10.916666984558105,67200
2002-01-10,7.98468017578125,11.033332824707031,11.0600004196167,10.933333396911621,10.933333396911621,28800
2002-01-11,7.813411712646484,10.796667098999023,11.026666641235352,10.796667098999023,11.026666641235352,76500
2002-01-14,7.820649147033691,10.80666732788086,10.883333206176758,10.723333358764648,10.723333358764648,61200
2002-01-15,7.8351216316223145,10.826666831970215,10.826666831970215,10.729999542236328,10.779999732971191,17700
2002-01-16,7.69520902633667,10.633333206176758,10.813332557678223,10.600000381469727,10.766667366027832,42000
2002-01-17,7.731393337249756,10.683333396911621,10.683333396911621,10.486666679382324,10.600000381469727,26700
2002-01-18,7.726567268371582,10.676667213439941,10.696666717529297,10.636667251586914,10.696666717529297,38100
2002-01-22,8.102880477905273,11.196666717529297,11.5,10.75,10.75,104400
2002-01-23,8.199377059936523,11.329999923706055,11.329999923706055,11.199999809265137,11.233332633972168,45300
2002-01-24,8.223502159118652,11.363332748413086,11.436667442321777,11.353333473205566,11.353333473205566,75600
2002-01-25,8.182493209838867,11.30666732788086,11.363332748413086,11.296667098999023,11.363332748413086,26100
2002-01-28,8.04499340057373,11.116666793823242,11.3100004196167,11.076666831970215,11.3100004196167,103500
2002-01-29,8.081175804138184,11.166666984558105,11.220000267028809,11.133333206176758,11.166666984558105,17700
2002-01-30,8.1414794921875,11.25,11.25,10.949999809265137,11.083333015441895,81300
2002-01-31,8.298282623291016,11.466667175292969,11.66333293914795,11.300000190734863,11.300000190734863,49800
2002-02-01,8.274160385131836,11.433333396911621,11.466667175292969,11.433333396911621,11.466667175292969,23400
2002-02-04,8.093236923217773,11.183333396911621,11.4399995803833,11.183333396911621,11.386667251586914,14100
2002-02-05,8.127006530761719,11.229999542236328,11.293333053588867,11.226667404174805,11.233332633972168,6600
2002-02-06,7.8351216316223145,10.826666831970215,11.166666984558105,10.796667098999023,11.166666984558105,16500
2002-02-07,7.4226202964782715,10.256667137145996,10.869999885559082,10.05666732788086,10.859999656677246,67800
2002-02-08,7.598719120025635,10.5,10.5,10.256667137145996,10.256667137145996,65400
2002-02-11,7.960559844970703,11.0,11.013333320617676,10.486666679382324,10.5,53700
2002-02-12,7.74345588684082,10.699999809265137,11.026666641235352,10.676667213439941,11.0,156300
2002-02-13,7.71933126449585,10.666666984558105,10.783332824707031,10.600000381469727,10.766667366027832,56700
2002-02-14,7.550471305847168,10.433333396911621,10.683333396911621,10.41333293914795,10.683333396911621,337500
2002-02-15,7.632487773895264,10.546667098999023,10.609999656677246,10.416666984558105,10.433333396911621,265500
2002-02-19,7.8544158935546875,10.853333473205566,10.956666946411133,10.5,10.5,50400
2002-02-20,7.876129627227783,10.883333206176758,10.949999809265137,10.850000381469727,10.853333473205566,86100
2002-02-21,7.774815082550049,10.743332862854004,10.90666675567627,10.743332862854004,10.90666675567627,146400
2002-02-22,7.784463405609131,10.756667137145996,10.813332557678223,10.726667404174805,10.726667404174805,45000
2002-02-25,7.832704544067383,10.823332786560059,10.853333473205566,10.783332824707031,10.833333015441895,116100
2002-02-26,7.731393337249756,10.683333396911621,10.833333015441895,10.600000381469727,10.823332786560059,222900
2002-02-27,7.832704544067383,10.823332786560059,10.823332786560059,10.633333206176758,10.716667175292969,181800
2002-02-28,7.839946269989014,10.833333015441895,10.833333015441895,10.75,10.833333015441895,68700
2002-03-01,8.122180938720703,11.223333358764648,11.223333358764648,10.80666732788086,10.833333015441895,85500
2002-03-04,8.047399520874023,11.119999885559082,11.266667366027832,11.0,11.24666690826416,122400
2002-03-05,8.201788902282715,11.333333015441895,11.396666526794434,11.153332710266113,11.153332710266113,49800
2002-03-06,8.319993019104004,11.49666690826416,11.75,11.356666564941406,11.393333435058594,70800
2002-03-07,8.31033706665039,11.483332633972168,11.579999923706055,11.44333267211914,11.579999923706055,43800
2002-03-08,8.672184944152832,11.983332633972168,12.329999923706055,11.75,11.75,101700
2002-03-11,8.710783004760742,12.036666870117188,12.069999694824219,11.893333435058594,11.899999618530273,54000
2002-03-12,8.944774627685547,12.359999656677246,12.359999656677246,11.953332901000977,11.953332901000977,35700
2002-03-13,8.908590316772461,12.3100004196167,12.376667022705078,12.25333309173584,12.359999656677246,34800
2002-03-14,8.884467124938965,12.276666641235352,12.316666603088379,12.220000267028809,12.266667366027832,33900
2002-03-15,8.872404098510742,12.260000228881836,12.366666793823242,12.243332862854004,12.243332862854004,37800
2002-03-18,8.997846603393555,12.433333396911621,12.5,12.19333267211914,12.19333267211914,28800
2002-03-19,8.684247016906738,12.0,12.466667175292969,11.899999618530273,12.466667175292969,150000
2002-03-20,8.756617546081543,12.100000381469727,12.116666793823242,11.933333396911621,11.933333396911621,19500
2002-03-21,8.800042152404785,12.15999984741211,12.15999984741211,12.050000190734863,12.100000381469727,38700
2002-03-22,8.792794227600098,12.133333206176758,12.15666675567627,12.109999656677246,12.143333435058594,28800
2002-03-25,8.903908729553223,12.286666870117188,12.286666870117188,12.16333293914795,12.16333293914795,42900
2002-03-26,8.90149211883545,12.283332824707031,12.333333015441895,12.133333206176758,12.24666690826416,57900
2002-03-27,9.251753807067871,12.766667366027832,12.766667366027832,12.333333015441895,12.333333015441895,32100
2002-03-28,9.60926342010498,13.260000228881836,13.300000190734863,12.803333282470703,12.850000381469727,82800
2002-04-01,9.638251304626465,13.300000190734863,13.366666793823242,13.149999618530273,13.260000228881836,128100
2002-04-02,9.602019309997559,13.25,13.300000190734863,13.206666946411133,13.300000190734863,44700
2002-04-03,9.30972957611084,12.846667289733887,13.25,12.846667289733887,13.25,47100
2002-04-04,9.348379135131836,12.899999618530273,12.956666946411133,12.899999618530273,12.899999618530273,26700
2002-04-05,9.338716506958008,12.886667251586914,12.899999618530273,12.863332748413086,12.899999618530273,19800
2002-04-08,9.541626930236816,13.166666984558105,13.166666984558105,12.803333282470703,12.866666793823242,86400
2002-04-09,9.662405967712402,13.333333015441895,13.416666984558105,13.0600004196167,13.09000015258789,52500
2002-04-10,9.964357376098633,13.75,13.75,13.416666984558105,13.416666984558105,71100
2002-04-11,9.906383514404297,13.670000076293945,13.823332786560059,13.670000076293945,13.75,35100
2002-04-12,10.024746894836426,13.833333015441895,13.833333015441895,13.576666831970215,13.666666984558105,52200
2002-04-15,10.036826133728027,13.850000381469727,13.850000381469727,13.566666603088379,13.833333015441895,37800
2002-04-16,10.085138320922852,13.916666984558105,13.916666984558105,13.75,13.833333015441895,59700
2002-04-17,9.935368537902832,13.710000038146973,13.916666984558105,13.706666946411133,13.916666984558105,18900
2002-04-18,10.04890251159668,13.866666793823242,13.869999885559082,13.726667404174805,13.776666641235352,22200
2002-04-19,10.024746894836426,13.833333015441895,13.916666984558105,13.8100004196167,13.816666603088379,72300
2002-04-22,10.126201629638672,13.973333358764648,14.15999984741211,13.966667175292969,14.050000190734863,150300
2002-04-23,10.058568000793457,13.880000114440918,14.133333206176758,13.833333015441895,14.05666732788086,45300
2002-04-24,10.225241661071777,14.109999656677246,14.15999984741211,13.866666793823242,13.930000305175781,227100
2002-04-25,10.259060859680176,14.15666675567627,14.166666984558105,14.100000381469727,14.136667251586914,79800
2002-04-26,10.263894081115723,14.16333293914795,14.166666984558105,14.073332786560059,14.073332786560059,63600
2002-04-29,10.302541732788086,14.216667175292969,14.236666679382324,14.079999923706055,14.166666984558105,147600
2002-04-30,10.599660873413086,14.626667022705078,14.626667022705078,14.276666641235352,14.279999732971191,206400
2002-05-01,10.715608596801758,14.786666870117188,14.793333053588867,14.5600004196167,14.616666793823242,88200
2002-05-02,10.84122085571289,14.960000038146973,14.960000038146973,14.793333053588867,14.793333053588867,81600
2002-05-03,10.689041137695312,14.75,15.083333015441895,14.666666984558105,14.960000038146973,134400
2002-05-06,10.82431411743164,14.936667442321777,15.076666831970215,14.816666603088379,14.816666603088379,63600
2002-05-07,10.872620582580566,15.00333309173584,15.083333015441895,14.859999656677246,14.869999885559082,61800
2002-05-08,10.60690975189209,14.636667251586914,14.973333358764648,14.633333206176758,14.949999809265137,57300
2002-05-09,10.80015754699707,14.903332710266113,15.079999923706055,14.553333282470703,14.636667251586914,59100
2002-05-10,10.664880752563477,14.716667175292969,15.006667137145996,14.649999618530273,14.970000267028809,54600
2002-05-13,10.63106632232666,14.670000076293945,15.046667098999023,14.563332557678223,14.666666984558105,86400
2002-05-14,10.817070007324219,14.926667213439941,14.949999809265137,14.649999618530273,14.649999618530273,158100
2002-05-15,10.858124732971191,14.983332633972168,15.0,14.883333206176758,15.0,93000
2002-05-16,10.655218124389648,14.703332901000977,15.029999732971191,14.683333396911621,14.986666679382324,67200
2002-05-17,10.804984092712402,14.90999984741211,14.963333129882812,14.69333267211914,14.703332901000977,22500
2002-05-20,10.749427795410156,14.833333015441895,14.84333324432373,14.5,14.84333324432373,81300
2002-05-21,10.749427795410156,14.833333015441895,15.023332595825195,14.819999694824219,14.876667022705078,28800
2002-05-22,10.420904159545898,14.380000114440918,14.616666793823242,14.350000381469727,14.616666793823242,34800
2002-05-23,10.66971206665039,14.723333358764648,14.739999771118164,14.380000114440918,14.380000114440918,69300
2002-05-24,10.604491233825684,14.633333206176758,14.699999809265137,14.566666603088379,14.699999809265137,30300
2002-05-28,10.399170875549316,14.350000381469727,14.683333396911621,14.333333015441895,14.566666603088379,107400
2002-05-29,10.304956436157227,14.220000267028809,14.353333473205566,14.166666984558105,14.353333473205566,73800
2002-05-30,10.109294891357422,13.949999809265137,14.149999618530273,13.91333293914795,14.149999618530273,106200
2002-05-31,10.089969635009766,13.923333168029785,14.053333282470703,13.449999809265137,13.960000038146973,151500
2002-06-03,9.969188690185547,13.756667137145996,13.930000305175781,13.756667137145996,13.923333168029785,92400
2002-06-04,9.79767894744873,13.520000457763672,13.75,13.383333206176758,13.736666679382324,185700
2002-06-05,9.681733131408691,13.359999656677246,13.5,13.149999618530273,13.5,128400
2002-06-06,9.56578254699707,13.199999809265137,13.479999542236328,13.173333168029785,13.44333267211914,216300
2002-06-07,9.614097595214844,13.266667366027832,13.266667366027832,13.106666564941406,13.149999618530273,71700
2002-06-10,9.795262336730957,13.516667366027832,13.600000381469727,13.199999809265137,13.199999809265137,60900
2002-06-11,9.783186912536621,13.5,13.65999984741211,13.493332862854004,13.5,87000
2002-06-12,9.771110534667969,13.483332633972168,13.533332824707031,13.473333358764648,13.486666679382324,31200
2002-06-13,9.54404067993164,13.170000076293945,13.420000076293945,13.166666984558105,13.416666984558105,179400
2002-06-14,9.32422161102295,12.866666793823242,13.09000015258789,12.686667442321777,13.09000015258789,147600
2002-06-17,9.316976547241211,12.856666564941406,12.916666984558105,12.786666870117188,12.916666984558105,47700
2002-06-18,9.271081924438477,12.793333053588867,12.949999809265137,12.763333320617676,12.773332595825195,83100
2002-06-19,9.271081924438477,12.793333053588867,12.949999809265137,12.760000228881836,12.760000228881836,116400
2002-06-20,9.300066947937012,12.833333015441895,12.926667213439941,12.793333053588867,12.793333053588867,142500
2002-06-21,9.263789176940918,12.766667366027832,12.916666984558105,12.680000305175781,12.893333435058594,183900
2002-06-24,8.920328140258789,12.293333053588867,12.716667175292969,11.973333358764648,12.699999809265137,142800
2002-06-25,8.719572067260742,12.016667366027832,12.293333053588867,11.920000076293945,12.293333053588867,102300
2002-06-26,8.719572067260742,12.016667366027832,12.053333282470703,11.846667289733887,12.039999961853027,102000
2002-06-27,8.729243278503418,12.029999732971191,12.083333015441895,11.933333396911621,12.033332824707031,57900
2002-06-28,8.80422592163086,12.133333206176758,12.236666679382324,11.966667175292969,12.0,260700
2002-07-01,9.285555839538574,12.796667098999023,12.800000190734863,12.399999618530273,12.399999618530273,129000
2002-07-02,8.898554801940918,12.263333320617676,12.796667098999023,12.260000228881836,12.796667098999023,89700
2002-07-03,8.879205703735352,12.236666679382324,12.313332557678223,12.173333168029785,12.256667137145996,116400
2002-07-05,9.058189392089844,12.483332633972168,12.603333473205566,12.239999771118164,12.239999771118164,65400
2002-07-08,8.913071632385254,12.283332824707031,12.506667137145996,12.283332824707031,12.483332633972168,35400
2002-07-09,8.671195983886719,11.949999809265137,12.116666793823242,11.896666526794434,12.116666793823242,65100
2002-07-10,8.3446626663208,11.5,11.966667175292969,11.5,11.966667175292969,87300
2002-07-11,8.163256645202637,11.25,11.423333168029785,11.103333473205566,11.416666984558105,75300
2002-07-12,8.042325019836426,11.083333015441895,11.279999732971191,11.050000190734863,11.233332633972168,67800
2002-07-15,8.371265411376953,11.536666870117188,11.536666870117188,11.016667366027832,11.050000190734863,102900
2002-07-16,8.1753511428833,11.266667366027832,11.576666831970215,11.256667137145996,11.536666870117188,396600
2002-07-17,8.204373359680176,11.30666732788086,11.526666641235352,11.30666732788086,11.346667289733887,210900
2002-07-18,8.199539184570312,11.300000190734863,11.416666984558105,11.25,11.3100004196167,155100
2002-07-19,8.172933578491211,11.263333320617676,11.283332824707031,11.140000343322754,11.279999732971191,119400
2002-07-22,8.05199909210205,11.096667289733887,11.226667404174805,11.016667366027832,11.19333267211914,86700
2002-07-23,7.911705493927002,10.903332710266113,11.126667022705078,10.899999618530273,11.100000381469727,106200
2002-07-24,8.23340129852295,11.346667289733887,11.403332710266113,10.856666564941406,10.869999885559082,188100
2002-07-25,8.337406158447266,11.489999771118164,11.583333015441895,11.346667289733887,11.346667289733887,170400
2002-07-26,8.509142875671387,11.726667404174805,11.726667404174805,11.433333396911621,11.456666946411133,49200
2002-07-29,8.973532676696777,12.366666793823242,12.533332824707031,11.723333358764648,11.723333358764648,121500
2002-07-30,9.053359031677246,12.476667404174805,12.596667289733887,12.366666793823242,12.399999618530273,200700
2002-07-31,8.975955963134766,12.369999885559082,12.550000190734863,12.366666793823242,12.476667404174805,39300
2002-08-01,8.944512367248535,12.326666831970215,12.430000305175781,12.283332824707031,12.369999885559082,42000
2002-08-02,8.5333251953125,11.760000228881836,12.293333053588867,11.760000228881836,12.293333053588867,60300
2002-08-05,8.417222023010254,11.600000381469727,11.733332633972168,11.600000381469727,11.733332633972168,79800
2002-08-06,8.755850791931152,12.066666603088379,12.100000381469727,11.566666603088379,11.566666603088379,77400
2002-08-07,8.751011848449707,12.0600004196167,12.136667251586914,11.966667175292969,12.069999694824219,40800
2002-08-08,8.811478614807129,12.143333435058594,12.143333435058594,11.986666679382324,12.033332824707031,36300
2002-08-09,8.956603050231934,12.34333324432373,12.366666793823242,12.109999656677246,12.109999656677246,41700
2002-08-12,8.946932792663574,12.329999923706055,12.433333396911621,12.183333396911621,12.34333324432373,42300
2002-08-13,8.63491153717041,11.899999618530273,12.359999656677246,11.899999618530273,12.326666831970215,52800
2002-08-14,8.913071632385254,12.283332824707031,12.283332824707031,11.766667366027832,11.903332710266113,67500
2002-08-15,9.237181663513184,12.729999542236328,12.75,12.316666603088379,12.316666603088379,43500
2002-08-16,9.358116149902344,12.896666526794434,13.0,12.729999542236328,12.766667366027832,30900
2002-08-19,9.73543930053711,13.416666984558105,13.416666984558105,13.033332824707031,13.033332824707031,74700
2002-08-20,9.602409362792969,13.233332633972168,13.449999809265137,13.183333396911621,13.416666984558105,165900
2002-08-21,9.580638885498047,13.203332901000977,13.366666793823242,13.199999809265137,13.300000190734863,90600
2002-08-22,9.674975395202637,13.333333015441895,13.346667289733887,13.149999618530273,13.149999618530273,18000
2002-08-23,9.336348533630371,12.866666793823242,13.293333053588867,12.850000381469727,13.293333053588867,29100
2002-08-26,9.314579010009766,12.83666706085205,12.856666564941406,12.676667213439941,12.833333015441895,42300
2002-08-27,9.343605995178223,12.876667022705078,12.966667175292969,12.816666603088379,12.866666793823242,51600
2002-08-28,9.167036056518555,12.633333206176758,12.916666984558105,12.600000381469727,12.916666984558105,72600
2002-08-29,9.302484512329102,12.819999694824219,13.149999618530273,12.583333015441895,12.583333015441895,92100
2002-08-30,8.900976181030273,12.266667366027832,12.803333282470703,12.266667366027832,12.786666870117188,54300
2002-09-03,8.545421600341797,11.776666641235352,12.216667175292969,11.466667175292969,12.216667175292969,117300
2002-09-04,8.719572067260742,12.016667366027832,12.066666603088379,11.426667213439941,11.533332824707031,95400
2002-09-05,8.610725402832031,11.866666793823242,12.050000190734863,11.803333282470703,12.050000190734863,103200
2002-09-06,8.499462127685547,11.713333129882812,12.136667251586914,11.65999984741211,11.916666984558105,55200
2002-09-09,8.63491153717041,11.899999618530273,11.973333358764648,11.579999923706055,11.579999923706055,90000
2002-09-10,8.610725402832031,11.866666793823242,11.933333396911621,11.766667366027832,11.899999618530273,82800
2002-09-11,8.530905723571777,11.756667137145996,11.816666603088379,11.736666679382324,11.816666603088379,49200
2002-09-12,8.760684967041016,12.073332786560059,12.076666831970215,11.713333129882812,11.713333129882812,69300
2002-09-13,8.729243278503418,12.029999732971191,12.05666732788086,11.850000381469727,12.05666732788086,19500
2002-09-16,8.690544128417969,11.976667404174805,12.233332633972168,11.966667175292969,12.0,71700
2002-09-17,8.6832857131958,11.966667175292969,12.043333053588867,11.966667175292969,12.010000228881836,32400
2002-09-18,8.60346794128418,11.856666564941406,11.966667175292969,11.729999542236328,11.966667175292969,96000
2002-09-19,8.516395568847656,11.736666679382324,11.84333324432373,11.576666831970215,11.84333324432373,75000
2002-09-20,8.64719295501709,11.899999618530273,11.963333129882812,11.703332901000977,11.733332633972168,52200
2002-09-23,8.501862525939941,11.699999809265137,11.873332977294922,11.683333396911621,11.866666793823242,46200
2002-09-24,8.186975479125977,11.266667366027832,11.800000190734863,11.233332633972168,11.666666984558105,71100
2002-09-25,8.513972282409668,11.716667175292969,11.80666732788086,11.270000457763672,11.270000457763672,52500
2002-09-26,8.55514907836914,11.773332595825195,11.933333396911621,11.74666690826416,11.75,81600
2002-09-27,8.417084693908691,11.583333015441895,11.833333015441895,11.533332824707031,11.770000457763672,51300
2002-09-30,8.64719295501709,11.899999618530273,11.90999984741211,11.426667213439941,11.550000190734863,76800
2002-10-01,8.8361234664917,12.15999984741211,12.15999984741211,11.743332862854004,11.933333396911621,73800
2002-10-02,9.034736633300781,12.433333396911621,12.566666603088379,12.076666831970215,12.15666675567627,66000
2002-10-03,8.964497566223145,12.33666706085205,12.430000305175781,12.116666793823242,12.266667366027832,63600
2002-10-04,8.865189552307129,12.199999809265137,12.319999694824219,12.133333206176758,12.319999694824219,51000
2002-10-07,8.467949867248535,11.653332710266113,12.1899995803833,11.633333206176758,12.1899995803833,105300
2002-10-08,8.3056640625,11.430000305175781,11.696666717529297,11.34333324432373,11.619999885559082,69000
2002-10-09,7.702542781829834,10.600000381469727,11.399999618530273,10.59333324432373,11.399999618530273,84600
2002-10-10,7.985936641693115,10.989999771118164,10.989999771118164,10.473333358764648,10.516667366027832,119700
2002-10-11,8.404979705810547,11.566666603088379,11.569999694824219,10.993332862854004,10.993332862854004,49200
2002-10-14,8.308089256286621,11.433333396911621,11.533332824707031,11.359999656677246,11.533332824707031,42900
2002-10-15,8.727124214172363,12.010000228881836,12.010000228881836,11.49666690826416,11.49666690826416,53400
2002-10-16,8.538192749023438,11.75,12.010000228881836,11.75,12.010000228881836,36000
2002-10-17,8.814323425292969,12.130000114440918,12.153332710266113,11.733332633972168,11.783332824707031,48900
2002-10-18,8.550310134887695,11.766667366027832,12.066666603088379,11.686667442321777,12.066666603088379,49800
2002-10-21,8.470372200012207,11.65666675567627,11.726667404174805,11.526666641235352,11.699999809265137,67200
2002-10-22,8.02469253540039,11.043333053588867,11.416666984558105,11.016667366027832,11.416666984558105,139800
2002-10-23,7.797006130218506,10.729999542236328,11.039999961853027,10.633333206176758,11.010000228881836,111600
2002-10-24,7.678315162658691,10.566666603088379,10.766667366027832,10.536666870117188,10.723333358764648,223200
2002-10-25,7.704967975616455,10.603333473205566,10.603333473205566,10.416666984558105,10.516667366027832,365700
2002-10-28,7.8236494064331055,10.766667366027832,11.263333320617676,10.649999618530273,10.75,276000
2002-10-29,8.034382820129395,11.05666732788086,11.15666675567627,10.733332633972168,10.733332633972168,65100
2002-10-30,7.891470909118652,10.859999656677246,11.233332633972168,10.819999694824219,11.05666732788086,39900
2002-10-31,8.271757125854492,11.383333206176758,11.383333206176758,10.866666793823242,10.899999618530273,86400
2002-11-01,8.441305160522461,11.616666793823242,11.863332748413086,11.383333206176758,11.5,195900
2002-11-04,8.47763729095459,11.666666984558105,11.666666984558105,11.5,11.666666984558105,57900
2002-11-05,8.598746299743652,11.833333015441895,11.916666984558105,11.666666984558105,11.666666984558105,64500
2002-11-06,8.816742897033691,12.133333206176758,12.263333320617676,11.866666793823242,11.866666793823242,43200
2002-11-07,8.513972282409668,11.716667175292969,12.119999885559082,11.699999809265137,12.116666793823242,71400
2002-11-08,8.533349990844727,11.743332862854004,12.033332824707031,11.683333396911621,11.716667175292969,55800
2002-11-11,8.5745267868042,11.800000190734863,11.800000190734863,11.716667175292969,11.739999771118164,81900
2002-11-12,8.637505531311035,11.886667251586914,12.066666603088379,11.816666603088379,11.916666984558105,65700
2002-11-13,8.668990135192871,11.930000305175781,12.0,11.886667251586914,11.886667251586914,11400
2002-11-14,8.901521682739258,12.25,12.25,11.963333129882812,11.983332633972168,29700
2002-11-15,8.882144927978516,12.223333358764648,12.510000228881836,12.199999809265137,12.263333320617676,38700
2002-11-18,8.794943809509277,12.103333473205566,12.483332633972168,12.029999732971191,12.25,46500
2002-11-19,8.61086368560791,11.850000381469727,12.210000038146973,11.846667289733887,12.069999694824219,51300
2002-11-20,8.550310134887695,11.766667366027832,11.850000381469727,11.466667175292969,11.850000381469727,59700
2002-11-21,8.671415328979492,11.933333396911621,11.970000267028809,11.813332557678223,11.813332557678223,54600
2002-11-22,8.707745552062988,11.983332633972168,12.083333015441895,11.936667442321777,11.936667442321777,36000
2002-11-25,8.768301010131836,12.066666603088379,12.119999885559082,12.016667366027832,12.016667366027832,16500
2002-11-26,8.48248291015625,11.673333168029785,12.069999694824219,11.550000190734863,12.069999694824219,38100
2002-11-27,8.756192207336426,12.050000190734863,12.050000190734863,11.649999618530273,11.649999618530273,45000
2002-11-29,8.741659164428711,12.029999732971191,12.050000190734863,11.966667175292969,12.050000190734863,6600
2002-12-02,8.598746299743652,11.833333015441895,12.016667366027832,11.726667404174805,11.976667404174805,33000
2002-12-03,8.649614334106445,11.903332710266113,12.00333309173584,11.800000190734863,11.800000190734863,35100
2002-12-04,8.57210636138916,11.796667098999023,12.010000228881836,11.649999618530273,11.926667213439941,52200
2002-12-05,8.5745267868042,11.800000190734863,11.819999694824219,11.716667175292969,11.819999694824219,15300
2002-12-06,8.45324420928955,11.616666793823242,11.716667175292969,11.533332824707031,11.699999809265137,34200
2002-12-09,8.506609916687012,11.6899995803833,11.766667366027832,11.649999618530273,11.649999618530273,28800
2002-12-10,8.671551704406738,11.916666984558105,11.916666984558105,11.666666984558105,11.666666984558105,22500
2002-12-11,8.555121421813965,11.756667137145996,11.883333206176758,11.649999618530273,11.883333206176758,51600
2002-12-12,8.698234558105469,11.953332901000977,11.973333358764648,11.733332633972168,11.733332633972168,22800
2002-12-13,8.73218822479248,12.0,12.036666870117188,11.876667022705078,11.933333396911621,40500
2002-12-16,8.669124603271484,11.91333293914795,12.079999923706055,11.75333309173584,12.026666641235352,53400
2002-12-17,8.686102867126465,11.936667442321777,12.069999694824219,11.920000076293945,11.920000076293945,49500
2002-12-18,8.540567398071289,11.736666679382324,11.869999885559082,11.733332633972168,11.869999885559082,58500
2002-12-19,8.56240177154541,11.766667366027832,11.823332786560059,11.75,11.770000457763672,27600
2002-12-20,8.73218822479248,12.0,12.0,11.783332824707031,11.783332824707031,34200
2002-12-23,8.700658798217773,11.956666946411133,12.026666641235352,11.90999984741211,11.949999809265137,37500
2002-12-24,8.67883014678955,11.926667213439941,11.993332862854004,11.920000076293945,11.960000038146973,31500
2002-12-26,8.814661979675293,12.113332748413086,12.123332977294922,11.94333267211914,11.94333267211914,14100
2002-12-27,8.465378761291504,11.633333206176758,12.113332748413086,11.600000381469727,12.113332748413086,62100
2002-12-30,8.499334335327148,11.680000305175781,11.713333129882812,11.566666603088379,11.649999618530273,27600
2002-12-31,8.52601432800293,11.716667175292969,11.846667289733887,11.513333320617676,11.676667213439941,51000
2003-01-02,8.608487129211426,11.829999923706055,11.84333324432373,11.643333435058594,11.649999618530273,55500
2003-01-03,8.676403999328613,11.923333168029785,11.979999542236328,11.666666984558105,11.786666870117188,54600
2003-01-06,8.538143157958984,11.733332633972168,11.923333168029785,11.616666793823242,11.923333168029785,53400
2003-01-07,8.404731750488281,11.550000190734863,11.729999542236328,11.5,11.729999542236328,66000
2003-01-08,8.32711410522461,11.44333267211914,11.553333282470703,11.366666793823242,11.516667366027832,53100
2003-01-09,8.538143157958984,11.733332633972168,11.733332633972168,11.466667175292969,11.466667175292969,31200
2003-01-10,8.535717964172363,11.729999542236328,11.739999771118164,11.676667213439941,11.726667404174805,32100
2003-01-13,8.596358299255371,11.813332557678223,11.899999618530273,11.626667022705078,11.716667175292969,83100
2003-01-14,8.715213775634766,11.976667404174805,11.976667404174805,11.739999771118164,11.819999694824219,29400
2003-01-15,8.720064163208008,11.983332633972168,12.0,11.80666732788086,12.0,44400
2003-01-16,8.720064163208008,11.983332633972168,12.05666732788086,11.720000267028809,12.033332824707031,54900
2003-01-17,8.603633880615234,11.823332786560059,11.99666690826416,11.65999984741211,11.993332862854004,74100
2003-01-21,8.695808410644531,11.949999809265137,12.033332824707031,11.823332786560059,11.856666564941406,86100
2003-01-22,8.533291816711426,11.726667404174805,11.966667175292969,11.616666793823242,11.94333267211914,88800
2003-01-23,8.404731750488281,11.550000190734863,11.703332901000977,11.223333358764648,11.699999809265137,80700
2003-01-24,8.251919746398926,11.34000015258789,11.553333282470703,11.33666706085205,11.536666870117188,52500
2003-01-27,8.10153865814209,11.133333206176758,11.33666706085205,11.046667098999023,11.33666706085205,60000
2003-01-28,8.230090141296387,11.3100004196167,11.316666603088379,11.050000190734863,11.126667022705078,27900
2003-01-29,8.302861213684082,11.40999984741211,11.433333396911621,11.25,11.283332824707031,17400
2003-01-30,8.077277183532715,11.100000381469727,11.396666526794434,11.076666831970215,11.396666526794434,29100
2003-01-31,8.222813606262207,11.300000190734863,11.300000190734863,11.066666603088379,11.066666603088379,48300
2003-02-03,8.038467407226562,11.046667098999023,11.346667289733887,11.013333320617676,11.333333015441895,50100
2003-02-04,8.05544662475586,11.069999694824219,11.100000381469727,10.979999542236328,11.033332824707031,39900
2003-02-05,8.13791561126709,11.183333396911621,11.220000267028809,11.069999694824219,11.069999694824219,28200
2003-02-06,7.987528324127197,10.976667404174805,11.196666717529297,10.883333206176758,11.166666984558105,47400
2003-02-07,7.871095180511475,10.816666603088379,10.986666679382324,10.816666603088379,10.979999542236328,25800
2003-02-10,7.9268903732299805,10.893333435058594,10.91333293914795,10.816666603088379,10.816666603088379,21900
2003-02-11,7.948719501495361,10.923333168029785,10.973333358764648,10.816666603088379,10.866666793823242,37200
2003-02-12,7.9729766845703125,10.956666946411133,10.989999771118164,10.923333168029785,10.923333168029785,31800
2003-02-13,7.89535665512085,10.850000381469727,10.933333396911621,10.819999694824219,10.933333396911621,23100
2003-02-14,7.9438652992248535,10.916666984558105,10.956666946411133,10.816666603088379,10.823332786560059,42900
2003-02-18,8.242220878601074,11.326666831970215,11.366666793823242,10.933333396911621,10.933333396911621,35100
2003-02-19,8.13791561126709,11.183333396911621,11.350000381469727,11.183333396911621,11.350000381469727,34200
2003-02-20,8.043319702148438,11.053333282470703,11.216667175292969,11.020000457763672,11.216667175292969,21000
2003-02-21,8.271326065063477,11.366666793823242,11.399999618530273,11.053333282470703,11.053333282470703,45900
2003-02-24,8.32954216003418,11.446666717529297,11.623332977294922,11.300000190734863,11.366666793823242,64500
2003-02-25,8.443540573120117,11.603333473205566,11.720000267028809,11.396666526794434,11.4399995803833,29700
2003-02-26,8.266477584838867,11.359999656677246,11.75,11.266667366027832,11.600000381469727,72600
2003-02-27,8.125789642333984,11.166666984558105,11.363332748413086,11.116666793823242,11.363332748413086,134700
2003-02-28,8.028767585754395,11.033332824707031,11.173333168029785,10.983332633972168,11.116666793823242,43500
2003-03-03,8.133065223693848,11.176667213439941,11.176667213439941,10.983332633972168,11.033332824707031,81000
2003-03-04,8.057867050170898,11.073332786560059,11.149999618530273,11.0,11.149999618530273,26700
2003-03-05,8.203410148620605,11.273332595825195,11.293333053588867,11.033332824707031,11.076666831970215,40200
2003-03-06,8.249494552612305,11.33666706085205,11.373332977294922,11.276666641235352,11.276666641235352,40800
2003-03-07,8.37077522277832,11.50333309173584,11.5600004196167,11.319999694824219,11.319999694824219,49500
2003-03-10,8.239792823791504,11.323332786560059,11.49666690826416,11.25,11.470000267028809,40800
2003-03-11,8.125789642333984,11.166666984558105,11.34333324432373,11.149999618530273,11.34333324432373,30300
2003-03-12,8.251919746398926,11.34000015258789,11.34333324432373,11.143333435058594,11.143333435058594,20400
2003-03-13,8.368351936340332,11.5,11.5,11.319999694824219,11.383333206176758,15600
2003-03-14,8.310136795043945,11.420000076293945,11.566666603088379,11.383333206176758,11.483332633972168,27300
2003-03-17,8.564828872680664,11.770000457763672,11.770000457763672,11.350000381469727,11.383333206176758,16500
2003-03-18,8.770999908447266,12.053333282470703,12.083333015441895,11.65999984741211,11.733332633972168,68700
2003-03-19,8.70793628692627,11.966667175292969,12.09000015258789,11.966667175292969,12.020000457763672,21900
2003-03-20,8.807382583618164,12.103333473205566,12.116666793823242,11.779999732971191,11.933333396911621,39900
2003-03-21,9.011415481567383,12.366666793823242,12.366666793823242,12.006667137145996,12.08666706085205,47100
2003-03-24,8.91911792755127,12.239999771118164,12.316666603088379,12.100000381469727,12.25,41700
2003-03-25,8.987130165100098,12.333333015441895,12.333333015441895,12.15999984741211,12.283332824707031,45300
2003-03-26,8.695653915405273,11.933333396911621,12.326666831970215,11.926667213439941,12.316666603088379,46200
2003-03-27,8.727231979370117,11.976667404174805,11.976667404174805,11.800000190734863,11.933333396911621,44100
2003-03-28,8.736944198608398,11.989999771118164,11.993332862854004,11.903332710266113,11.973333358764648,18300
2003-03-31,8.744230270385742,12.0,12.0,11.776666641235352,11.949999809265137,52800
2003-04-01,8.865678787231445,12.166666984558105,12.166666984558105,11.866666793823242,11.933333396911621,40200
2003-04-02,9.047853469848633,12.416666984558105,12.489999771118164,12.066666603088379,12.133333206176758,40200
2003-04-03,9.193591117858887,12.616666793823242,12.773332595825195,12.329999923706055,12.333333015441895,53400
2003-04-04,9.07214069366455,12.449999809265137,12.6899995803833,12.449999809265137,12.616666793823242,34800
2003-04-07,9.254313468933105,12.699999809265137,12.770000457763672,12.390000343322754,12.483332633972168,40500
2003-04-08,9.169302940368652,12.583333015441895,12.699999809265137,12.533332824707031,12.696666717529297,40200
2003-04-09,9.181442260742188,12.600000381469727,12.69333267211914,12.59000015258789,12.59333324432373,24600
2003-04-10,9.205733299255371,12.633333206176758,12.633333206176758,12.600000381469727,12.603333473205566,13800
2003-04-11,9.011415481567383,12.366666793823242,12.66333293914795,12.366666793823242,12.66333293914795,36300
2003-04-14,9.217879295349121,12.649999618530273,12.649999618530273,12.333333015441895,12.333333015441895,28500
2003-04-15,9.278603553771973,12.733332633972168,12.770000457763672,12.55666732788086,12.616666793823242,22800
2003-04-16,9.290743827819824,12.75,12.770000457763672,12.683333396911621,12.766667366027832,45900
2003-04-17,9.27131462097168,12.723333358764648,12.766667366027832,12.653332710266113,12.75,29100
2003-04-21,9.018705368041992,12.376667022705078,12.683333396911621,12.300000190734863,12.683333396911621,41100
2003-04-22,9.305325508117676,12.770000457763672,12.776666641235352,12.333333015441895,12.380000114440918,45000
2003-04-23,9.305325508117676,12.770000457763672,12.783332824707031,12.600000381469727,12.783332824707031,39300
2003-04-24,9.181442260742188,12.600000381469727,12.783332824707031,12.516667366027832,12.783332824707031,12600
2003-04-25,9.215452194213867,12.646666526794434,12.676667213439941,12.600000381469727,12.600000381469727,9900
2003-04-28,9.259169578552246,12.706666946411133,12.770000457763672,12.613332748413086,12.613332748413086,18000
2003-04-29,9.29317855834961,12.75333309173584,12.770000457763672,12.699999809265137,12.733332633972168,11700
2003-04-30,9.387909889221191,12.883333206176758,12.883333206176758,12.699999809265137,12.716667175292969,27300
2003-05-01,9.341755867004395,12.819999694824219,12.966667175292969,12.716667175292969,12.833333015441895,24600
2003-05-02,9.468061447143555,12.993332862854004,13.0,12.833333015441895,12.846667289733887,48300
2003-05-05,9.40005111694336,12.899999618530273,12.989999771118164,12.833333015441895,12.989999771118164,23700
2003-05-06,9.446200370788574,12.963333129882812,12.966667175292969,12.886667251586914,12.933333396911621,172500
2003-05-07,9.446200370788574,12.963333129882812,13.05666732788086,12.953332901000977,12.983332633972168,90300
2003-05-08,9.460775375366211,12.983332633972168,13.016667366027832,12.90666675567627,12.91333293914795,42600
2003-05-09,9.487491607666016,13.020000457763672,13.029999732971191,12.966667175292969,13.016667366027832,31500
2003-05-12,9.298036575317383,12.760000228881836,13.020000457763672,12.666666984558105,13.020000457763672,55200
2003-05-13,9.492352485656738,13.026666641235352,13.026666641235352,12.776666641235352,12.800000190734863,23700
2003-05-14,9.472917556762695,13.0,13.063332557678223,12.983332633972168,13.0600004196167,131100
2003-05-15,9.47778034210205,13.006667137145996,13.016667366027832,12.933333396911621,13.006667137145996,24600
2003-05-16,9.485067367553711,13.016667366027832,13.016667366027832,12.960000038146973,12.983332633972168,35700
2003-05-19,9.205733299255371,12.633333206176758,13.016667366027832,12.606666564941406,13.016667366027832,67200
2003-05-20,9.1547269821167,12.563332557678223,12.916666984558105,12.543333053588867,12.666666984558105,25800
2003-05-21,9.169302940368652,12.583333015441895,12.619999885559082,12.526666641235352,12.576666831970215,30000
2003-05-22,9.1790189743042,12.596667289733887,12.653332710266113,12.543333053588867,12.550000190734863,27600
2003-05-23,9.164441108703613,12.576666831970215,12.59000015258789,12.520000457763672,12.58666706085205,28200
2003-05-27,9.169302940368652,12.583333015441895,12.623332977294922,12.563332557678223,12.576666831970215,49200
2003-05-28,9.1790189743042,12.596667289733887,12.649999618530273,12.569999694824219,12.583333015441895,28500
2003-05-29,9.19115924835205,12.613332748413086,12.773332595825195,12.59000015258789,12.600000381469727,38700
2003-05-30,9.485067367553711,13.016667366027832,13.016667366027832,12.566666603088379,12.613332748413086,110100
2003-06-02,9.557929992675781,13.116666793823242,13.116666793823242,12.976667404174805,13.0,63000
2003-06-03,9.35147476196289,12.833333015441895,13.149999618530273,12.833333015441895,13.149999618530273,39900
2003-06-04,9.40005111694336,12.899999618530273,13.0600004196167,12.83666706085205,12.866666793823242,60300
2003-06-05,9.715816497802734,13.333333015441895,13.333333015441895,12.923333168029785,12.933333396911621,44400
2003-06-06,9.735246658325195,13.359999656677246,13.416666984558105,13.266667366027832,13.266667366027832,99600
2003-06-09,9.742532730102539,13.369999885559082,13.430000305175781,13.283332824707031,13.353333473205566,61800
2003-06-10,9.788681983947754,13.433333396911621,13.466667175292969,13.366666793823242,13.416666984558105,16800
2003-06-11,9.800826072692871,13.449999809265137,13.5,13.40666675567627,13.41333293914795,26400
2003-06-12,9.786256790161133,13.430000305175781,13.5,13.430000305175781,13.5,13200
2003-06-13,9.76439094543457,13.399999618530273,13.5,13.350000381469727,13.466667175292969,22500
2003-06-16,10.153027534484863,13.933333396911621,14.0,13.366666793823242,13.366666793823242,60600
2003-06-17,10.189457893371582,13.983332633972168,14.0,13.893333435058594,14.0,22200
2003-06-18,9.944135665893555,13.646666526794434,13.933333396911621,13.646666526794434,13.933333396911621,18600
2003-06-19,9.980571746826172,13.696666717529297,13.763333320617676,13.5,13.600000381469727,58800
2003-06-20,10.179991722106934,13.953332901000977,13.960000038146973,13.680000305175781,13.680000305175781,124500
2003-06-23,9.773859024047852,13.396666526794434,13.993332862854004,13.316666603088379,13.993332862854004,114300
2003-06-24,9.7081937789917,13.30666732788086,13.463333129882812,13.303333282470703,13.433333396911621,24600
2003-06-25,9.715493202209473,13.316666603088379,13.403332710266113,13.239999771118164,13.30666732788086,18600
2003-06-26,9.720358848571777,13.323332786560059,13.350000381469727,13.273332595825195,13.350000381469727,17700
2003-06-27,9.751971244812012,13.366666793823242,13.436667442321777,13.279999732971191,13.316666603088379,105900
2003-06-30,9.749537467956543,13.363332748413086,13.433333396911621,13.333333015441895,13.399999618530273,59400
2003-07-01,9.761698722839355,13.380000114440918,13.383333206176758,13.166666984558105,13.383333206176758,52800
2003-07-02,9.776288986206055,13.399999618530273,13.449999809265137,13.300000190734863,13.433333396911621,41700
2003-07-03,9.846817016601562,13.49666690826416,13.523332595825195,13.449999809265137,13.449999809265137,67500
2003-07-07,10.041372299194336,13.763333320617676,13.813332557678223,13.5600004196167,13.566666603088379,34500
2003-07-08,10.432908058166504,14.300000190734863,14.333333015441895,13.833333015441895,13.833333015441895,106500
2003-07-09,10.627459526062012,14.566666603088379,14.66333293914795,14.260000228881836,14.333333015441895,131400
2003-07-10,10.311309814453125,14.133333206176758,14.563332557678223,14.133333206176758,14.516667366027832,39900
2003-07-11,10.116758346557617,13.866666793823242,14.136667251586914,13.59333324432373,14.136667251586914,161400
2003-07-14,9.897882461547852,13.566666603088379,13.866666793823242,13.5,13.833333015441895,120000
2003-07-15,9.970839500427246,13.666666984558105,13.696666717529297,13.5,13.633333206176758,77400
2003-07-16,9.606056213378906,13.166666984558105,13.739999771118164,13.09000015258789,13.699999809265137,249600
2003-07-17,9.501480102539062,13.023332595825195,13.143333435058594,13.00333309173584,13.133333206176758,44100
2003-07-18,9.216955184936523,12.633333206176758,12.986666679382324,12.493332862854004,12.986666679382324,119400
2003-07-21,9.30693244934082,12.756667137145996,12.779999732971191,12.583333015441895,12.683333396911621,169200
2003-07-22,10.072978019714355,13.80666732788086,13.866666793823242,12.966667175292969,13.0,272700
2003-07-23,10.165396690368652,13.933333396911621,14.063332557678223,13.609999656677246,13.866666793823242,299700
2003-07-24,10.35022258758545,14.186667442321777,14.24666690826416,13.949999809265137,13.949999809265137,127200
2003-07-25,10.347790718078613,14.183333396911621,14.296667098999023,14.050000190734863,14.183333396911621,69300
2003-07-28,10.396430015563965,14.25,14.316666603088379,14.05666732788086,14.233332633972168,30600
2003-07-29,10.911994934082031,14.956666946411133,15.010000228881836,14.266667366027832,14.300000190734863,161400
2003-07-30,10.955763816833496,15.016667366027832,15.233332633972168,14.736666679382324,14.833333015441895,114000
2003-07-31,10.943610191345215,15.0,15.026666641235352,14.866666793823242,15.0,72900
2003-08-01,10.700421333312988,14.666666984558105,14.989999771118164,14.333333015441895,14.989999771118164,118200
2003-08-04,10.637189865112305,14.579999923706055,14.84000015258789,14.523332595825195,14.699999809265137,63000
2003-08-05,10.505864143371582,14.399999618530273,14.696666717529297,14.196666717529297,14.633333206176758,90300
2003-08-06,10.590982437133789,14.516667366027832,14.566666603088379,14.399999618530273,14.399999618530273,33300
2003-08-07,10.53017807006836,14.433333396911621,14.600000381469727,14.173333168029785,14.483332633972168,60000
2003-08-08,10.586115837097168,14.510000228881836,14.510000228881836,14.166666984558105,14.463333129882812,25500
2003-08-11,10.72473430633545,14.699999809265137,14.699999809265137,14.393333435058594,14.550000190734863,19500
2003-08-12,10.943610191345215,15.0,15.0,14.666666984558105,14.666666984558105,32100
2003-08-13,10.931448936462402,14.983332633972168,15.0,14.883333206176758,15.0,43500
2003-08-14,10.943610191345215,15.0,15.046667098999023,14.94333267211914,14.983332633972168,130800
2003-08-15,11.089522361755371,15.199999809265137,15.216667175292969,15.0,15.0,21300
2003-08-18,10.955763816833496,15.016667366027832,15.25,15.0,15.233332633972168,65700
2003-08-19,11.186799049377441,15.333333015441895,15.333333015441895,15.066666603088379,15.083333015441895,56700
2003-08-20,11.016569137573242,15.100000381469727,15.333333015441895,15.0,15.333333015441895,52500
2003-08-21,10.994678497314453,15.069999694824219,15.216667175292969,15.066666603088379,15.149999618530273,26100
2003-08-22,10.773372650146484,14.766667366027832,15.1899995803833,14.766667366027832,15.153332710266113,38400
2003-08-25,10.795263290405273,14.796667098999023,14.80666732788086,14.720000267028809,14.733332633972168,22200
2003-08-26,10.739325523376465,14.720000267028809,14.770000457763672,14.666666984558105,14.763333320617676,17100
2003-08-27,10.938739776611328,14.993332862854004,14.99666690826416,14.75,14.75,42600
2003-08-28,10.931448936462402,14.983332633972168,15.0,14.90999984741211,14.949999809265137,48000
2003-08-29,10.907130241394043,14.949999809265137,14.99666690826416,14.94333267211914,14.983332633972168,14700
2003-09-02,10.943610191345215,15.0,15.0,14.90666675567627,14.970000267028809,83400
2003-09-03,11.089522361755371,15.199999809265137,15.216667175292969,14.94333267211914,14.949999809265137,58200
2003-09-04,11.06277084350586,15.16333293914795,15.233332633972168,15.103333473205566,15.116666793823242,48900
2003-09-05,11.089522361755371,15.199999809265137,15.199999809265137,15.100000381469727,15.166666984558105,58500
2003-09-08,11.198960304260254,15.350000381469727,15.583333015441895,15.233332633972168,15.233332633972168,51900
2003-09-09,11.320550918579102,15.516667366027832,15.566666603088379,15.183333396911621,15.333333015441895,354900
2003-09-10,11.018998146057129,15.103333473205566,15.466667175292969,14.949999809265137,15.466667175292969,69600
2003-09-11,10.94117546081543,14.99666690826416,15.0,14.869999885559082,15.0,52800
2003-09-12,11.23300552368164,15.396666526794434,15.396666526794434,14.989999771118164,14.99666690826416,26100
2003-09-15,11.2111234664917,15.366666793823242,15.583333015441895,15.333333015441895,15.433333396911621,40200
2003-09-16,11.381355285644531,15.600000381469727,15.75,15.416666984558105,15.416666984558105,78900
2003-09-17,11.546720504760742,15.826666831970215,15.833333015441895,15.600000381469727,15.633333206176758,239700
2003-09-18,11.490789413452148,15.75,15.899999618530273,15.733332633972168,15.859999656677246,43800
2003-09-19,11.661202430725098,15.966667175292969,16.0,15.633333206176758,15.716667175292969,55500
2003-09-22,11.709892272949219,16.03333282470703,16.123332977294922,15.760000228881836,16.030000686645508,67500
2003-09-23,11.490788459777832,15.733332633972168,16.083332061767578,15.600000381469727,16.083332061767578,65400
2003-09-24,11.308197021484375,15.483332633972168,15.823332786560059,15.483332633972168,15.766667366027832,21600
2003-09-25,10.989288330078125,15.046667098999023,15.486666679382324,15.046667098999023,15.486666679382324,22800
2003-09-26,10.925990104675293,14.960000038146973,15.123332977294922,14.866666793823242,15.043333053588867,39900
2003-09-29,11.213258743286133,15.353333473205566,15.75,14.963333129882812,15.0,113400
2003-09-30,10.874863624572754,14.890000343322754,15.416666984558105,14.890000343322754,15.416666984558105,54000
2003-10-01,11.364194869995117,15.5600004196167,15.666666984558105,14.930000305175781,14.949999809265137,86700
2003-10-02,11.30090045928955,15.473333358764648,15.729999542236328,15.473333358764648,15.566666603088379,29700
2003-10-03,11.320371627807617,15.5,15.770000457763672,15.350000381469727,15.55666732788086,56100
2003-10-06,11.296026229858398,15.466667175292969,15.5,15.40999984741211,15.5,47700
2003-10-07,11.296026229858398,15.466667175292969,15.466667175292969,15.350000381469727,15.433333396911621,136500
2003-10-08,11.271683692932129,15.433333396911621,15.466667175292969,15.226667404174805,15.466667175292969,59700
2003-10-09,11.344717979431152,15.533332824707031,15.666666984558105,15.433333396911621,15.433333396911621,280200
2003-10-10,11.32767391204834,15.510000228881836,15.533332824707031,15.416666984558105,15.533332824707031,79800
2003-10-13,12.002028465270996,16.433332443237305,16.510000228881836,15.566666603088379,15.566666603088379,152700
2003-10-14,12.084798812866211,16.546667098999023,16.546667098999023,16.350000381469727,16.43666648864746,62700
2003-10-15,12.048288345336914,16.496667861938477,16.546667098999023,16.483333587646484,16.546667098999023,256200
2003-10-16,12.17244815826416,16.666667938232422,16.666667938232422,16.459999084472656,16.5,133500
2003-10-17,12.160271644592285,16.649999618530273,16.666667938232422,16.516666412353516,16.666667938232422,156600
2003-10-20,12.218703269958496,16.729999542236328,16.746667861938477,16.616666793823242,16.649999618530273,163500
2003-10-21,12.398853302001953,16.976667404174805,17.100000381469727,16.600000381469727,16.733333587646484,204300
2003-10-22,12.262519836425781,16.790000915527344,17.016666412353516,16.676666259765625,17.016666412353516,115200
2003-10-23,12.294170379638672,16.833332061767578,16.90999984741211,16.706666946411133,16.733333587646484,149700
2003-10-24,12.318517684936523,16.866666793823242,16.976667404174805,16.799999237060547,16.916667938232422,159300
2003-10-27,12.403727531433105,16.983333587646484,17.0,16.899999618530273,16.916667938232422,216000
2003-10-28,12.476754188537598,17.083332061767578,17.083332061767578,16.850000381469727,17.0,95100
2003-10-29,12.84192943572998,17.583332061767578,17.64666748046875,17.133333206176758,17.149999618530273,213600
2003-10-30,12.96609115600586,17.753332138061523,17.933332443237305,17.633333206176758,17.666667938232422,85800
2003-10-31,13.121892929077148,17.96666717529297,17.96666717529297,17.67333221435547,17.78333282470703,117300
2003-11-03,12.968522071838379,17.75666618347168,17.983333587646484,17.709999084472656,17.96666717529297,294600
2003-11-04,12.939316749572754,17.71666717529297,17.75666618347168,17.700000762939453,17.75666618347168,170100
2003-11-05,13.155983924865723,18.01333236694336,18.17333221435547,17.75,17.75,172500
2003-11-06,13.394556045532227,18.34000015258789,18.420000076293945,18.036666870117188,18.046667098999023,320100
2003-11-07,13.754867553710938,18.833332061767578,19.003332138061523,18.366666793823242,18.383333206176758,249000
2003-11-10,13.448124885559082,18.413333892822266,18.96666717529297,18.413333892822266,18.829999923706055,273900
2003-11-11,13.30449104309082,18.21666717529297,18.426666259765625,18.196666717529297,18.413333892822266,154200
2003-11-12,13.375083923339844,18.31333351135254,18.39666748046875,18.219999313354492,18.219999313354492,76500
2003-11-13,13.387255668640137,18.329999923706055,18.333332061767578,18.270000457763672,18.316667556762695,50700
2003-11-14,13.25578498840332,18.149999618530273,18.333332061767578,17.959999084472656,18.333332061767578,68400
2003-11-17,13.219276428222656,18.100000381469727,18.226667404174805,17.93666648864746,18.226667404174805,205200
2003-11-18,13.30935287475586,18.22333335876465,18.383333206176758,18.149999618530273,18.176666259765625,134400
2003-11-19,13.141369819641113,17.99333381652832,18.183332443237305,17.96666717529297,18.183332443237305,117600
2003-11-20,13.769472122192383,18.85333251953125,19.28333282470703,17.933332443237305,17.96666717529297,238800
2003-11-21,14.107866287231445,19.316667556762695,19.389999389648438,18.933332443237305,18.933332443237305,122400
2003-11-24,14.38783073425293,19.700000762939453,19.956666946411133,19.399999618530273,19.399999618530273,267000
2003-11-25,14.361055374145508,19.663333892822266,19.816667556762695,19.639999389648438,19.78333282470703,77700
2003-11-26,14.273408889770508,19.543333053588867,19.676666259765625,19.52666664123535,19.6299991607666,30900
2003-11-28,14.266105651855469,19.53333282470703,19.64666748046875,19.53333282470703,19.566667556762695,22500
2003-12-01,14.431649208068848,19.760000228881836,19.90333366394043,19.616666793823242,19.616666793823242,75900
2003-12-02,14.256365776062012,19.520000457763672,19.84666633605957,19.489999771118164,19.816667556762695,155700
2003-12-03,14.241765975952148,19.5,19.726667404174805,19.3700008392334,19.549999237060547,281100
2003-12-04,14.546074867248535,19.916667938232422,19.989999771118164,19.5,19.583332061767578,144900
2003-12-05,14.263436317443848,19.51333236694336,19.96666717529297,19.503332138061523,19.933332443237305,48600
2003-12-08,14.424250602722168,19.733333587646484,19.85333251953125,19.583332061767578,19.583332061767578,62100
2003-12-09,14.309739112854004,19.57666778564453,19.746667861938477,19.516666412353516,19.733333587646484,139800
2003-12-10,13.900390625,19.016666412353516,19.633333206176758,18.956666946411133,19.633333206176758,136500
2003-12-11,14.375521659851074,19.666667938232422,19.676666259765625,18.99333381652832,19.046667098999023,184800
2003-12-12,14.397445678710938,19.696666717529297,19.809999465942383,19.583332061767578,19.683332443237305,96900
2003-12-15,14.331659317016602,19.606666564941406,19.889999389648438,19.53333282470703,19.780000686645508,50100
2003-12-16,14.156227111816406,19.366666793823242,19.549999237060547,18.916667938232422,19.549999237060547,162900
2003-12-17,14.412060737609863,19.71666717529297,19.71666717529297,19.196666717529297,19.28333282470703,96000
2003-12-18,14.358457565307617,19.643333435058594,19.82666778564453,19.49333381652832,19.71666717529297,60600
2003-12-19,14.18058967590332,19.399999618530273,19.59000015258789,19.25,19.566667556762695,81300
2003-12-22,14.083133697509766,19.266666412353516,19.483333587646484,19.133333206176758,19.450000762939453,249900
2003-12-23,14.448613166809082,19.766666412353516,19.856666564941406,19.27666664123535,19.316667556762695,233700
2003-12-24,14.619166374206543,20.0,20.28333282470703,19.833332061767578,19.833332061767578,91500
2003-12-26,14.619166374206543,20.0,20.040000915527344,19.933332443237305,20.03333282470703,32700
2003-12-29,14.745865821838379,20.17333221435547,20.333332061767578,20.083332061767578,20.083332061767578,237600
2003-12-30,14.887188911437988,20.366666793823242,20.399999618530273,20.123332977294922,20.166667938232422,133200
2003-12-31,14.684955596923828,20.09000015258789,20.333332061767578,20.086666107177734,20.28333282470703,126000
2004-01-02,14.619166374206543,20.0,20.18000030517578,19.96666717529297,20.133333206176758,184500
2004-01-05,14.61673641204834,19.996667861938477,20.09666633605957,19.96666717529297,20.03333282470703,205200
2004-01-06,14.609419822692871,19.98666763305664,20.100000381469727,19.883333206176758,20.0,252000
2004-01-07,14.740997314453125,20.166667938232422,20.166667938232422,19.89666748046875,20.0,186000
2004-01-08,14.682520866394043,20.086666107177734,20.366666793823242,20.003332138061523,20.200000762939453,339600
2004-01-09,15.372537612915039,18.93666648864746,19.266666412353516,18.19333267211914,18.200000762939453,1041000
2004-01-12,15.009943008422852,18.489999771118164,18.899999618530273,18.483333587646484,18.899999618530273,261900
2004-01-13,14.717694282531738,18.1299991607666,18.489999771118164,18.016666412353516,18.489999771118164,225000
2004-01-14,14.309098243713379,17.626667022705078,17.956666946411133,17.600000381469727,17.833332061767578,461100
2004-01-15,14.647346496582031,18.043333053588867,18.28333282470703,17.626667022705078,17.626667022705078,255000
2004-01-16,15.45101261138916,19.03333282470703,19.040000915527344,17.959999084472656,18.126667022705078,596100
2004-01-20,15.007234573364258,18.48666763305664,19.03333282470703,18.25,19.03333282470703,271200
2004-01-21,15.329251289367676,18.883333206176758,18.946666717529297,18.530000686645508,18.68666648864746,292200
2004-01-22,15.256187438964844,18.793333053588867,19.06999969482422,18.683332443237305,18.799999237060547,167400
2004-01-23,15.096527099609375,18.59666633605957,18.860000610351562,18.583332061767578,18.860000610351562,164400
2004-01-26,15.472658157348633,19.059999465942383,19.100000381469727,18.633333206176758,18.666667938232422,240000
2004-01-27,16.013853073120117,19.726667404174805,19.760000228881836,19.0,19.133333206176758,442500
2004-01-28,15.681022644042969,19.316667556762695,19.82666778564453,19.290000915527344,19.75666618347168,322200
2004-01-29,15.153351783752441,18.666667938232422,19.420000076293945,18.65999984741211,19.366666793823242,220800
2004-01-30,15.015357971191406,18.496667861938477,18.71666717529297,18.43666648864746,18.666667938232422,1568700
2004-02-02,14.422745704650879,17.766666412353516,18.700000762939453,17.663333892822266,18.546667098999023,1941300
2004-02-03,14.482275009155273,17.84000015258789,18.086666107177734,17.760000228881836,17.96666717529297,1165800
2004-02-04,14.647346496582031,18.043333053588867,18.393333435058594,17.786666870117188,17.850000381469727,1478100
2004-02-05,15.004530906677246,18.483333587646484,18.55666732788086,17.959999084472656,17.959999084472656,2270700
2004-02-06,15.250764846801758,18.786666870117188,19.086666107177734,18.34666633605957,18.516666412353516,1583400
2004-02-09,15.14794635772705,18.65999984741211,18.816667556762695,18.503332138061523,18.786666870117188,1754400
2004-02-10,15.599837303161621,19.21666717529297,19.229999542236328,18.670000076293945,18.700000762939453,1218300
2004-02-11,15.553832054138184,19.15999984741211,19.266666412353516,19.020000457763672,19.266666412353516,484200
2004-02-12,15.413128852844238,18.98666763305664,19.15999984741211,18.89666748046875,19.15999984741211,830400
2004-02-13,15.261592864990234,18.799999237060547,19.016666412353516,18.799999237060547,18.916667938232422,1787400
2004-02-17,15.069478988647461,18.56333351135254,18.816667556762695,18.34666633605957,18.816667556762695,1061400
2004-02-18,14.993709564208984,18.469999313354492,18.583332061767578,18.333332061767578,18.566667556762695,727200
2004-02-19,14.996414184570312,18.47333335876465,18.71666717529297,18.31999969482422,18.47333335876465,1117800
2004-02-20,15.018062591552734,18.5,18.540000915527344,18.299999237060547,18.540000915527344,814200
2004-02-23,14.825933456420898,18.26333236694336,18.453332901000977,18.023332595825195,18.450000762939453,481800
2004-02-24,14.880056381225586,18.329999923706055,18.329999923706055,18.09000015258789,18.21666717529297,592800
2004-02-25,15.302186965942383,18.850000381469727,18.850000381469727,18.293333053588867,18.333332061767578,790200
2004-02-26,15.480768203735352,19.06999969482422,19.143333435058594,18.666667938232422,18.816667556762695,728400
2004-02-27,15.789257049560547,19.450000762939453,19.450000762939453,19.0,19.0,1857600
2004-03-01,15.984091758728027,19.690000534057617,19.773332595825195,19.440000534057617,19.450000762939453,1119600
2004-03-02,15.856904983520508,19.53333282470703,19.68000030517578,19.40999984741211,19.666667938232422,545100
2004-03-03,15.781142234802246,19.440000534057617,19.633333206176758,19.40333366394043,19.536666870117188,870900
2004-03-04,15.694544792175293,19.333332061767578,19.453332901000977,19.266666412353516,19.453332901000977,444300
2004-03-05,15.548425674438477,19.15333366394043,19.530000686645508,19.149999618530273,19.333332061767578,766500
2004-03-08,15.683724403381348,19.31999969482422,19.3799991607666,19.149999618530273,19.183332443237305,421800
2004-03-09,15.586307525634766,19.200000762939453,19.360000610351562,19.166667938232422,19.336666107177734,405900
2004-03-10,15.229119300842285,18.760000228881836,19.200000762939453,18.683332443237305,19.200000762939453,655200
2004-03-11,15.099238395690918,18.600000381469727,18.873332977294922,18.566667556762695,18.733333587646484,305700
2004-03-12,15.018062591552734,18.5,18.633333206176758,18.450000762939453,18.59000015258789,858000
2004-03-15,14.88276481628418,18.333332061767578,18.53333282470703,18.23666763305664,18.483333587646484,282600
2004-03-16,14.88817310333252,18.34000015258789,18.413333892822266,18.233333587646484,18.28333282470703,351300
2004-03-17,15.164179801940918,18.68000030517578,18.78333282470703,18.34666633605957,18.399999618530273,387300
2004-03-18,15.058643341064453,18.549999237060547,18.68000030517578,18.496667861938477,18.68000030517578,411600
2004-03-19,15.064058303833008,18.55666732788086,18.586666107177734,18.43666648864746,18.549999237060547,376200
2004-03-22,14.963398933410645,18.333332061767578,18.416667938232422,18.316667556762695,18.383333206176758,421500
2004-03-23,15.069500923156738,18.463333129882812,18.540000915527344,18.34000015258789,18.399999618530273,417900
2004-03-24,14.993319511413574,18.3700008392334,18.5,18.25,18.46666717529297,725100
2004-03-25,15.036852836608887,18.42333221435547,18.450000762939453,18.280000686645508,18.333332061767578,417000
2004-03-26,15.292596817016602,18.73666763305664,18.816667556762695,18.31999969482422,18.426666259765625,447300
2004-03-29,15.572819709777832,19.079999923706055,19.09000015258789,18.683332443237305,18.683332443237305,333900
2004-03-30,16.19039535522461,19.836666107177734,19.920000076293945,19.07666778564453,19.079999923706055,800700
2004-03-31,16.010833740234375,19.616666793823242,19.963333129882812,19.616666793823242,19.84000015258789,488100
2004-04-01,16.255687713623047,19.916667938232422,19.933332443237305,19.540000915527344,19.600000381469727,381900
2004-04-02,16.133258819580078,19.766666412353516,19.933332443237305,19.593332290649414,19.916667938232422,379200
2004-04-05,16.282888412475586,19.950000762939453,20.016666412353516,19.643333435058594,19.766666412353516,510300
2004-04-06,16.383562088012695,20.073333740234375,20.1299991607666,19.883333206176758,19.883333206176758,502200
2004-04-07,16.263845443725586,19.926666259765625,20.03333282470703,19.496667861938477,20.03333282470703,516000
2004-04-08,16.11965560913086,19.75,19.926666259765625,19.700000762939453,19.926666259765625,341100
2004-04-12,16.242088317871094,19.899999618530273,20.176666259765625,19.78333282470703,19.816667556762695,455100
2004-04-13,16.342750549316406,20.023332595825195,20.086666107177734,19.933332443237305,19.96666717529297,649800
2004-04-14,16.282888412475586,19.950000762939453,20.116666793823242,19.866666793823242,20.0,603600
2004-04-15,16.519588470458984,20.239999771118164,20.280000686645508,19.926666259765625,19.933332443237305,351300
2004-04-16,16.484220504760742,20.196666717529297,20.31999969482422,20.126667022705078,20.24333381652832,259800
2004-04-19,16.323694229125977,20.0,20.266666412353516,19.97333335876465,20.266666412353516,303300
2004-04-20,16.418926239013672,20.116666793823242,20.329999923706055,20.05666732788086,20.066667556762695,182400
2004-04-21,16.489669799804688,20.203332901000977,20.229999542236328,20.020000457763672,20.149999618530273,221100
2004-04-22,17.06915283203125,20.913333892822266,20.933332443237305,20.149999618530273,20.149999618530273,462000
2004-04-23,16.941282272338867,20.75666618347168,20.833332061767578,20.666667938232422,20.833332061767578,196800
2004-04-26,17.001142501831055,20.829999923706055,21.100000381469727,20.733333587646484,20.799999237060547,495000
2004-04-27,17.26232147216797,21.149999618530273,21.200000762939453,20.863332748413086,20.863332748413086,407700
2004-04-28,17.708498001098633,21.696666717529297,21.696666717529297,21.200000762939453,21.333332061767578,1191000
2004-04-29,17.629613876342773,21.600000381469727,21.8799991607666,21.52666664123535,21.666667938232422,899400
2004-04-30,17.874454498291016,21.899999618530273,22.030000686645508,21.516666412353516,21.53333282470703,713400
2004-05-03,17.711225509643555,21.700000762939453,21.983333587646484,21.700000762939453,21.950000762939453,435600
2004-05-04,17.795555114746094,21.803333282470703,21.803333282470703,21.483333587646484,21.71666717529297,446400
2004-05-05,17.63776397705078,21.610000610351562,21.803333282470703,21.5,21.803333282470703,231900
2004-05-06,17.615995407104492,21.583332061767578,21.633333206176758,21.40333366394043,21.610000610351562,330000
2004-05-07,17.09363555908203,20.94333267211914,21.600000381469727,20.933332443237305,21.516666412353516,327300
2004-05-10,16.704593658447266,20.46666717529297,20.700000762939453,20.293333053588867,20.333332061767578,689400
2004-05-11,16.82701873779297,20.616666793823242,20.663333892822266,20.393333435058594,20.46666717529297,505500
2004-05-12,16.731794357299805,20.5,20.633333206176758,20.366666793823242,20.633333206176758,491400
2004-05-13,16.677383422851562,20.433332443237305,20.540000915527344,20.350000381469727,20.46666717529297,270300
2004-05-14,16.865108489990234,20.663333892822266,20.799999237060547,20.399999618530273,20.399999618530273,264900
2004-05-17,16.663785934448242,20.416667938232422,20.583332061767578,20.26333236694336,20.583332061767578,282900
2004-05-18,16.886877059936523,20.690000534057617,20.690000534057617,20.25,20.25,283800
2004-05-19,16.96848487854004,20.790000915527344,21.143333435058594,20.616666793823242,20.690000534057617,379500
2004-05-20,16.895038604736328,20.700000762939453,21.083332061767578,20.440000534057617,20.850000381469727,288000
2004-05-21,16.886877059936523,20.690000534057617,21.110000610351562,20.67333221435547,20.766666412353516,225300
2004-05-24,17.03106689453125,20.866666793823242,20.950000762939453,20.649999618530273,20.690000534057617,231300
2004-05-25,17.43915367126465,21.366666793823242,21.483333587646484,20.81333351135254,20.866666793823242,320700
2004-05-26,17.460926055908203,21.393333435058594,21.540000915527344,20.96666717529297,21.416667938232422,362100
2004-05-27,17.98055648803711,22.030000686645508,22.15999984741211,21.450000762939453,21.450000762939453,397800
2004-05-28,18.146526336669922,22.233333587646484,22.293333053588867,21.950000762939453,22.030000686645508,273900
2004-06-01,18.445785522460938,22.600000381469727,22.68000030517578,22.233333587646484,22.233333587646484,575100
2004-06-02,18.255352020263672,22.366666793823242,22.666667938232422,22.21666717529297,22.60333251953125,305700
2004-06-03,17.972394943237305,22.020000457763672,22.333332061767578,22.020000457763672,22.333332061767578,189300
2004-06-04,17.85541343688965,21.876667022705078,22.083332061767578,21.746667861938477,22.0,286200
2004-06-07,18.500205993652344,22.666667938232422,22.713333129882812,22.25,22.383333206176758,361500
2004-06-08,18.309757232666016,22.433332443237305,22.700000762939453,22.333332061767578,22.623332977294922,290400
2004-06-09,18.119319915771484,22.200000762939453,22.866666793823242,22.156667709350586,22.383333206176758,374100
2004-06-10,18.17372703552246,22.266666412353516,22.463333129882812,22.03333282470703,22.183332443237305,495900
2004-06-14,17.885337829589844,21.913333892822266,22.416667938232422,21.889999389648438,22.28333282470703,528600
2004-06-15,18.263505935668945,22.376667022705078,22.666667938232422,21.863332748413086,21.913333892822266,378000
2004-06-16,18.383211135864258,22.523332595825195,22.600000381469727,22.25666618347168,22.416667938232422,292800
2004-06-17,19.294612884521484,23.639999389648438,23.816667556762695,22.566667556762695,22.566667556762695,1066800
2004-06-18,19.26729393005371,23.50666618347168,23.71666717529297,23.433332443237305,23.639999389648438,381900
2004-06-21,19.26729393005371,23.50666618347168,23.8799991607666,23.383333206176758,23.50666618347168,464400
2004-06-22,19.313745498657227,23.56333351135254,23.593332290649414,23.399999618530273,23.5,325500
2004-06-23,19.321945190429688,23.573333740234375,23.643333435058594,23.483333587646484,23.549999237060547,453900
2004-06-24,19.28915786743164,23.53333282470703,24.03333282470703,23.28333282470703,23.649999618530273,374100
2004-06-25,19.09790802001953,23.299999237060547,23.610000610351562,23.229999542236328,23.46666717529297,570900
2004-06-28,19.179866790771484,23.399999618530273,23.78333282470703,23.183332443237305,23.383333206176758,330300
2004-06-29,19.330137252807617,23.583332061767578,23.80666732788086,23.333332061767578,23.333332061767578,405900
2004-06-30,19.403907775878906,23.67333221435547,24.0,23.666667938232422,23.71666717529297,356100
2004-07-01,19.39024543762207,23.656667709350586,23.976667404174805,23.546667098999023,23.67333221435547,356700
2004-07-02,19.507736206054688,23.799999237060547,23.976667404174805,23.333332061767578,23.416667938232422,231000
2004-07-06,19.324674606323242,23.57666778564453,23.953332901000977,23.540000915527344,23.803333282470703,366000
2004-07-07,19.182605743408203,23.40333366394043,23.600000381469727,23.25666618347168,23.53333282470703,297300
2004-07-08,18.701736450195312,22.816667556762695,23.333332061767578,22.71666717529297,23.333332061767578,497700
2004-07-09,18.854734420776367,23.003332138061523,23.116666793823242,22.816667556762695,22.816667556762695,219000
2004-07-12,18.783706665039062,22.916667938232422,23.079999923706055,22.766666412353516,23.03333282470703,318600
2004-07-13,18.862939834594727,23.01333236694336,23.32666778564453,22.8700008392334,22.913333892822266,245100
2004-07-14,18.928508758544922,23.093332290649414,23.26333236694336,22.59666633605957,22.933332443237305,457800
2004-07-15,19.08697509765625,23.286666870117188,23.426666259765625,22.89666748046875,23.016666412353516,456900
2004-07-16,19.114294052124023,23.31999969482422,23.399999618530273,23.183332443237305,23.28333282470703,349500
2004-07-19,19.125215530395508,23.333332061767578,23.43000030517578,23.170000076293945,23.28333282470703,300900
2004-07-20,19.032331466674805,23.219999313354492,23.293333053588867,23.100000381469727,23.25,257400
2004-07-21,18.74818229675293,22.873332977294922,23.28333282470703,22.799999237060547,23.25,230700
2004-07-22,18.237266540527344,22.25,22.833332061767578,22.166667938232422,22.790000915527344,671400
2004-07-23,18.305570602416992,22.333332061767578,22.633333206176758,22.18666648864746,22.200000762939453,301800
2004-07-26,18.021425247192383,21.98666763305664,22.53333282470703,21.31999969482422,21.75,790800
2004-07-27,18.02689552307129,21.99333381652832,22.196666717529297,21.856666564941406,22.020000457763672,478800
2004-07-28,17.934001922607422,21.8799991607666,22.083332061767578,21.649999618530273,22.02666664123535,457800
2004-07-29,18.0323543548584,22.0,22.066667556762695,21.8700008392334,21.963333129882812,396300
2004-07-30,18.02689552307129,21.99333381652832,22.066667556762695,21.883333206176758,22.066667556762695,340200
2004-08-02,18.02689552307129,21.99333381652832,22.023332595825195,21.766666412353516,21.916667938232422,507000
2004-08-03,17.893016815185547,21.829999923706055,21.950000762939453,21.733333587646484,21.950000762939453,388800
2004-08-04,17.977710723876953,21.933332443237305,21.950000762939453,21.68666648864746,21.75,639000
2004-08-05,17.964040756225586,21.916667938232422,22.03333282470703,21.866666793823242,21.98666763305664,566400
2004-08-06,17.491384506225586,21.34000015258789,21.866666793823242,21.03333282470703,21.833332061767578,546300
2004-08-09,17.31652069091797,21.126667022705078,21.53333282470703,21.073333740234375,21.416667938232422,271500
2004-08-10,17.704498291015625,21.600000381469727,21.613332748413086,21.066667556762695,21.066667556762695,205500
2004-08-11,17.308334350585938,21.116666793823242,21.600000381469727,20.5,21.600000381469727,871200
2004-08-12,17.155317306518555,20.93000030517578,21.1299991607666,20.49333381652832,21.066667556762695,425700
2004-08-13,17.28921127319336,21.093332290649414,21.333332061767578,20.96666717529297,20.96666717529297,426600
2004-08-16,17.48591423034668,21.333332061767578,21.64666748046875,21.100000381469727,21.126667022705078,272100
2004-08-17,17.966779708862305,21.920000076293945,22.3799991607666,21.416667938232422,21.416667938232422,558000
2004-08-18,17.652585983276367,21.536666870117188,21.97333335876465,21.503332138061523,21.920000076293945,322500
2004-08-19,17.622533798217773,21.5,21.606666564941406,21.40333366394043,21.583332061767578,428100
2004-08-20,17.85476303100586,21.78333282470703,21.78333282470703,21.489999771118164,21.566667556762695,430200
2004-08-23,17.668973922729492,21.55666732788086,21.733333587646484,21.253332138061523,21.733333587646484,618900
2004-08-24,17.715417861938477,21.613332748413086,21.816667556762695,21.450000762939453,21.56999969482422,738900
2004-08-25,17.64984893798828,21.53333282470703,21.68000030517578,21.316667556762695,21.613332748413086,336900
2004-08-26,17.48591423034668,21.333332061767578,21.746667861938477,21.303333282470703,21.700000762939453,439800
2004-08-27,17.513235092163086,21.366666793823242,21.5,21.06333351135254,21.28333282470703,236400
2004-08-30,17.55695915222168,21.420000076293945,21.53333282470703,21.266666412353516,21.316667556762695,204600
2004-08-31,17.73455238342285,21.636667251586914,21.72333335876465,21.329999923706055,21.333332061767578,470700
2004-09-01,17.988636016845703,21.946666717529297,22.049999237060547,21.566667556762695,21.566667556762695,329400
2004-09-02,18.259126663208008,22.27666664123535,22.416667938232422,21.963333129882812,22.01333236694336,322800
2004-09-03,18.335636138916016,22.3700008392334,22.479999542236328,22.176666259765625,22.360000610351562,169800
2004-09-07,18.865657806396484,23.016666412353516,23.043333053588867,22.453332901000977,22.453332901000977,409200
2004-09-08,18.45311164855957,22.51333236694336,23.083332061767578,22.469999313354492,23.066667556762695,495600
2004-09-09,18.71539306640625,22.833332061767578,22.946666717529297,22.3799991607666,22.566667556762695,350700
2004-09-10,18.849267959594727,22.996667861938477,23.020000457763672,22.583332061767578,22.78333282470703,558900
2004-09-13,18.83561897277832,22.979999542236328,23.10333251953125,22.860000610351562,22.950000762939453,289500
2004-09-14,18.87932777404785,23.03333282470703,23.06999969482422,22.683332443237305,22.916667938232422,320100
2004-09-15,19.084245681762695,23.28333282470703,23.5,22.92333221435547,23.066667556762695,724800
2004-09-16,19.234514236450195,23.46666717529297,23.57666778564453,23.316667556762695,23.366666793823242,210900
2004-09-17,19.108829498291016,23.31333351135254,23.649999618530273,23.00666618347168,23.649999618530273,741900
2004-09-20,18.955829620361328,23.126667022705078,23.31333351135254,23.06999969482422,23.31333351135254,170100
2004-09-21,19.179866790771484,23.399999618530273,23.639999389648438,23.200000762939453,23.200000762939453,222300
2004-09-22,19.141618728637695,23.35333251953125,23.549999237060547,23.106666564941406,23.469999313354492,277500
2004-09-23,19.056926727294922,23.25,23.433332443237305,23.116666793823242,23.399999618530273,246300
2004-09-24,19.212657928466797,23.440000534057617,23.52666664123535,23.25,23.25,222000
2004-09-27,19.179866790771484,23.399999618530273,23.540000915527344,23.246667861938477,23.366666793823242,231300
2004-09-28,19.043256759643555,23.233333587646484,23.40333366394043,22.950000762939453,23.40333366394043,325500
2004-09-29,19.332866668701172,23.586666107177734,23.920000076293945,23.163333892822266,23.19333267211914,474900
2004-09-30,19.480405807495117,23.766666412353516,23.860000610351562,23.446666717529297,23.610000610351562,381600
2004-10-01,19.71363067626953,23.950000762939453,24.166667938232422,23.75,23.766666412353516,349500
2004-10-04,19.50510025024414,23.696666717529297,24.229999542236328,23.60333251953125,24.083332061767578,386400
2004-10-05,19.000253677368164,23.083332061767578,23.69333267211914,22.676666259765625,23.69333267211914,886500
2004-10-06,19.73282814025879,23.97333335876465,23.983333587646484,22.940000534057617,23.0,748500
2004-10-07,19.288341522216797,23.433332443237305,23.963333129882812,23.203332901000977,23.963333129882812,564600
2004-10-08,18.876802444458008,22.933332443237305,23.579999923706055,22.90999984741211,23.399999618530273,361500
2004-10-11,19.085311889648438,23.18666648864746,23.270000457763672,22.953332901000977,23.0,178500
2004-10-12,19.110004425048828,23.21666717529297,23.386667251586914,23.1200008392334,23.1200008392334,170100
2004-10-13,18.39664077758789,22.350000381469727,23.299999237060547,22.01333236694336,23.25,407400
2004-10-14,18.325302124023438,22.26333236694336,22.543333053588867,22.149999618530273,22.416667938232422,255600
2004-10-15,18.574974060058594,22.566667556762695,22.64666748046875,22.21666717529297,22.26333236694336,240900
2004-10-18,18.382923126220703,22.333332061767578,22.450000762939453,22.170000076293945,22.450000762939453,262800
2004-10-19,18.004287719726562,21.873332977294922,22.666667938232422,21.833332061767578,22.416667938232422,238800
2004-10-20,18.328046798706055,22.266666412353516,22.266666412353516,21.593332290649414,21.873332977294922,198900
2004-10-21,18.63259506225586,22.636667251586914,22.899999618530273,22.053333282470703,22.233333587646484,345600
2004-10-22,18.500900268554688,22.476667404174805,22.790000915527344,22.253332138061523,22.600000381469727,467100
2004-10-25,19.09354591369629,23.196666717529297,23.266666412353516,22.333332061767578,22.433332443237305,396900
2004-10-26,19.22249984741211,23.35333251953125,23.399999618530273,23.049999237060547,23.196666717529297,318300
2004-10-27,19.378890991210938,23.543333053588867,23.676666259765625,23.166667938232422,23.3799991607666,249600
2004-10-28,19.099029541015625,23.203332901000977,23.459999084472656,22.649999618530273,23.459999084472656,660000
2004-10-29,18.961841583251953,23.036666870117188,23.416667938232422,22.933332443237305,23.270000457763672,233700
2004-11-01,19.444734573364258,23.623332977294922,23.67333221435547,22.866666793823242,22.883333206176758,414900
2004-11-02,19.535280227661133,23.733333587646484,24.17333221435547,23.566667556762695,23.656667709350586,415500
2004-11-03,19.754777908325195,24.0,24.25,23.899999618530273,23.899999618530273,266100
2004-11-04,20.023658752441406,24.32666778564453,24.363332748413086,23.899999618530273,23.950000762939453,315900
2004-11-05,20.0757999420166,24.389999389648438,24.399999618530273,24.049999237060547,24.3700008392334,387000
2004-11-08,20.00171661376953,24.299999237060547,24.333332061767578,24.1200008392334,24.333332061767578,238200
2004-11-09,20.17730712890625,24.51333236694336,24.51333236694336,24.016666412353516,24.383333206176758,628500
2004-11-10,20.319988250732422,24.68666648864746,24.866666793823242,24.433332443237305,24.536666870117188,549000
2004-11-11,20.385833740234375,24.766666412353516,24.82666778564453,24.536666870117188,24.65333366394043,243300
2004-11-12,20.57789421081543,25.0,25.086666107177734,24.573333740234375,24.733333587646484,703200
2004-11-15,20.193782806396484,24.53333282470703,25.066667556762695,24.389999389648438,25.066667556762695,514500
2004-11-16,20.111467361450195,24.433332443237305,24.55666732788086,24.25,24.46666717529297,416400
2004-11-17,20.50656509399414,24.913333892822266,25.066667556762695,24.450000762939453,24.450000762939453,218700
2004-11-18,20.138900756835938,24.46666717529297,25.106666564941406,24.46666717529297,25.083332061767578,343800
2004-11-19,19.957813262939453,24.246667861938477,24.5,24.149999618530273,24.426666259765625,198600
2004-11-22,20.276084899902344,24.633333206176758,24.633333206176758,24.183332443237305,24.23666763305664,253800
2004-11-23,20.7562313079834,25.21666717529297,25.26333236694336,24.559999465942383,24.616666793823242,390300
2004-11-24,20.662946701049805,25.10333251953125,25.399999618530273,24.976667404174805,25.26333236694336,154500
2004-11-26,20.668441772460938,25.110000610351562,25.183332443237305,24.953332901000977,25.149999618530273,85800
2004-11-29,21.12663459777832,25.666667938232422,25.67333221435547,25.166667938232422,25.333332061767578,381300
2004-11-30,21.502525329589844,26.123332977294922,26.233333587646484,25.766666412353516,25.766666412353516,461700
2004-12-01,21.9305419921875,26.643333435058594,27.203332901000977,26.123332977294922,26.123332977294922,430500
2004-12-02,21.812564849853516,26.5,26.643333435058594,26.200000762939453,26.643333435058594,372000
2004-12-03,22.086942672729492,26.833332061767578,26.93666648864746,26.496667861938477,26.5,378900
2004-12-06,22.451862335205078,27.27666664123535,27.729999542236328,26.90999984741211,26.916667938232422,577500
2004-12-07,22.023832321166992,26.75666618347168,27.316667556762695,26.633333206176758,27.273332595825195,281700
2004-12-08,22.2241268157959,27.0,27.066667556762695,26.700000762939453,27.0,276000
2004-12-09,22.004623413085938,26.733333587646484,27.09000015258789,26.600000381469727,27.03333282470703,294300
2004-12-10,22.918285369873047,27.843332290649414,27.850000381469727,26.633333206176758,26.78333282470703,342900
2004-12-13,22.663122177124023,27.53333282470703,28.03333282470703,27.136667251586914,28.03333282470703,363300
2004-12-14,23.033531188964844,27.983333587646484,27.983333587646484,27.48666763305664,27.53333282470703,168900
2004-12-15,23.678300857543945,28.766666412353516,28.790000915527344,28.016666412353516,28.03333282470703,397500
2004-12-16,23.266733169555664,28.266666412353516,28.766666412353516,27.666667938232422,28.766666412353516,462000
2004-12-17,23.087772369384766,27.950000762939453,28.46666717529297,27.780000686645508,28.299999237060547,282600
2004-12-20,23.090513229370117,27.953332901000977,28.329999923706055,27.899999618530273,28.03333282470703,210600
2004-12-21,23.308042526245117,28.21666717529297,28.21666717529297,27.75,27.953332901000977,309600
2004-12-22,23.390644073486328,28.316667556762695,28.333332061767578,28.149999618530273,28.200000762939453,222000
2004-12-23,23.632953643798828,28.610000610351562,28.636667251586914,28.383333206176758,28.383333206176758,83400
2004-12-27,23.412675857543945,28.343332290649414,28.643333435058594,27.893333435058594,28.643333435058594,257400
2004-12-28,23.858734130859375,28.883333206176758,29.020000457763672,28.266666412353516,28.343332290649414,144600
2004-12-29,23.69627571105957,28.68666648864746,28.833332061767578,28.546667098999023,28.833332061767578,101400
2004-12-30,23.613672256469727,28.586666107177734,28.920000076293945,28.586666107177734,28.713333129882812,136200
2004-12-31,23.77613067626953,28.78333282470703,28.85333251953125,28.44333267211914,28.59000015258789,226500
2005-01-03,23.266738891601562,28.166667938232422,28.850000381469727,28.079999923706055,28.766666412353516,418500
2005-01-04,22.828935623168945,27.636667251586914,28.100000381469727,27.540000915527344,28.049999237060547,442200
2005-01-05,22.11028289794922,26.766666412353516,27.553333282470703,26.639999389648438,27.553333282470703,388500
2005-01-06,22.62517738342285,27.389999389648438,27.833332061767578,26.899999618530273,26.899999618530273,198600
2005-01-07,22.28375816345215,26.976667404174805,27.503332138061523,26.976667404174805,27.503332138061523,183600
2005-01-10,22.638948440551758,27.406667709350586,27.78333282470703,26.976667404174805,26.976667404174805,372600
2005-01-11,22.231449127197266,26.913333892822266,27.406667709350586,26.833332061767578,27.406667709350586,497100
2005-01-12,22.303030014038086,27.0,27.059999465942383,26.53333282470703,26.899999618530273,321000
2005-01-13,22.705041885375977,27.48666763305664,27.926666259765625,26.796667098999023,26.933332443237305,322800
2005-01-14,23.062984466552734,27.920000076293945,27.920000076293945,27.520000457763672,27.56999969482422,170400
2005-01-18,22.952852249145508,27.786666870117188,28.15999984741211,27.59000015258789,27.799999237060547,258000
2005-01-19,22.996906280517578,27.84000015258789,28.200000762939453,27.799999237060547,27.866666793823242,157500
2005-01-20,22.559097290039062,27.309999465942383,27.773332595825195,27.273332595825195,27.773332595825195,206400
2005-01-21,22.46823501586914,27.200000762939453,27.463333129882812,27.049999237060547,27.399999618530273,248400
2005-01-24,22.57560920715332,27.329999923706055,27.496667861938477,27.133333206176758,27.149999618530273,164700
2005-01-25,22.303030014038086,27.0,27.549999237060547,26.84000015258789,27.399999618530273,162900
2005-01-26,21.890010833740234,26.5,26.706666946411133,26.399999618530273,26.5,656700
2005-01-27,21.7716064453125,26.356666564941406,26.566667556762695,26.28333282470703,26.5,468900
2005-01-28,21.967100143432617,26.593332290649414,26.600000381469727,26.26333236694336,26.42333221435547,496800
2005-01-31,21.96159553527832,26.586666107177734,26.65999984741211,26.43666648864746,26.616666793823242,471000
2005-02-01,22.0634708404541,26.709999084472656,26.76333236694336,26.530000686645508,26.600000381469727,441900
2005-02-02,22.264482498168945,26.953332901000977,26.953332901000977,26.649999618530273,26.72333335876465,425100
2005-02-03,22.473743438720703,27.206666946411133,27.206666946411133,26.863332748413086,26.953332901000977,342900
2005-02-04,22.721555709838867,27.50666618347168,27.579999923706055,27.163333892822266,27.166667938232422,265200
2005-02-07,22.46823501586914,27.200000762939453,27.59000015258789,27.18000030517578,27.59000015258789,193800
2005-02-08,22.457223892211914,27.18666648864746,27.299999237060547,27.046667098999023,27.266666412353516,291900
2005-02-09,22.10753631591797,26.76333236694336,27.266666412353516,26.663333892822266,27.190000534057617,567000
2005-02-10,22.12129783630371,26.780000686645508,26.989999771118164,26.399999618530273,26.76333236694336,417300
2005-02-11,22.140573501586914,26.803333282470703,26.950000762939453,26.166667938232422,26.583332061767578,401100
2005-02-14,22.201148986816406,26.876667022705078,27.036666870117188,26.709999084472656,26.733333587646484,135600
2005-02-15,22.16259765625,26.829999923706055,26.876667022705078,26.453332901000977,26.876667022705078,397500
2005-02-16,22.826181411743164,27.633333206176758,27.78333282470703,26.899999618530273,26.899999618530273,376500
2005-02-17,22.358102798461914,27.066667556762695,27.796667098999023,26.96666717529297,27.666667938232422,400800
2005-02-18,22.247957229614258,26.933332443237305,27.18000030517578,26.829999923706055,27.149999618530273,155100
2005-02-22,21.52105140686035,26.053333282470703,26.933332443237305,26.043333053588867,26.933332443237305,360000
2005-02-23,21.559595108032227,26.100000381469727,26.299999237060547,26.0,26.136667251586914,260100
2005-02-24,22.077247619628906,26.726667404174805,26.74333381652832,26.100000381469727,26.166667938232422,389400
2005-02-25,23.14558219909668,28.020000457763672,28.046667098999023,26.78333282470703,26.78333282470703,657900
2005-02-28,22.99964714050293,27.843332290649414,28.15999984741211,27.690000534057617,28.059999465942383,551400
2005-03-01,23.192398071289062,28.07666778564453,28.266666412353516,27.71666717529297,27.883333206176758,556500
2005-03-02,23.054725646972656,27.90999984741211,28.083332061767578,27.850000381469727,28.0,187500
2005-03-03,22.834442138671875,27.643333435058594,28.42333221435547,27.540000915527344,27.99333381652832,360900
2005-03-04,23.77062225341797,28.77666664123535,28.950000762939453,27.700000762939453,27.700000762939453,333300
2005-03-07,23.398900985717773,28.32666778564453,28.860000610351562,28.253332138061523,28.860000610351562,195600
2005-03-08,23.222679138183594,28.113332748413086,28.32666778564453,28.020000457763672,28.32666778564453,173700
2005-03-09,23.062984466552734,27.920000076293945,28.049999237060547,27.450000762939453,28.03333282470703,587700
2005-03-10,22.716041564941406,27.5,27.983333587646484,27.233333587646484,27.953332901000977,344100
2005-03-11,22.685760498046875,27.463333129882812,27.463333129882812,27.270000457763672,27.450000762939453,296400
2005-03-14,22.652711868286133,27.42333221435547,27.623332977294922,27.170000076293945,27.516666412353516,200400
2005-03-15,23.016178131103516,27.863332748413086,28.133333206176758,27.5,27.5,404100
2005-03-16,23.170364379882812,28.049999237060547,28.059999465942383,27.766666412353516,27.916667938232422,261000
2005-03-17,23.173124313354492,28.053333282470703,28.34000015258789,27.963333129882812,28.083332061767578,285900
2005-03-18,22.861989974975586,27.676666259765625,28.299999237060547,27.416667938232422,28.299999237060547,420300
2005-03-21,22.748680114746094,27.440000534057617,27.65999984741211,27.293333053588867,27.65999984741211,265200
2005-03-22,22.784608840942383,27.483333587646484,27.963333129882812,27.366666793823242,27.366666793823242,351600
2005-03-23,22.75973129272461,27.453332901000977,27.60333251953125,27.203332901000977,27.50666618347168,227100
2005-03-24,22.798419952392578,27.5,27.746667861938477,27.386667251586914,27.566667556762695,441300
2005-03-28,22.798419952392578,27.5,27.733333587646484,27.450000762939453,27.583332061767578,395100
2005-03-29,22.328632354736328,26.933332443237305,27.729999542236328,26.836666107177734,27.46666717529297,378300
2005-03-30,22.28994369506836,26.886667251586914,27.200000762939453,26.796667098999023,26.950000762939453,298800
2005-03-31,22.36731719970703,26.979999542236328,26.979999542236328,26.683332443237305,26.889999389648438,422400
2005-04-01,22.70722198486328,27.389999389648438,27.549999237060547,26.933332443237305,27.113332748413086,412800
2005-04-04,22.83158302307129,27.540000915527344,27.68666648864746,27.10333251953125,27.333332061767578,319500
2005-04-05,22.881324768066406,27.600000381469727,27.65999984741211,26.959999084472656,27.540000915527344,548400
2005-04-06,23.04713249206543,27.799999237060547,27.860000610351562,27.496667861938477,27.733333587646484,486000
2005-04-07,23.027790069580078,27.77666664123535,28.266666412353516,27.60333251953125,27.760000228881836,224700
2005-04-08,22.969758987426758,27.706666946411133,27.860000610351562,27.399999618530273,27.860000610351562,336600
2005-04-11,22.839876174926758,27.549999237060547,27.950000762939453,27.40333366394043,27.709999084472656,365100
2005-04-12,23.323476791381836,28.133333206176758,28.299999237060547,27.209999084472656,27.46666717529297,385200
2005-04-13,23.074766159057617,27.833332061767578,28.21666717529297,27.683332443237305,28.133333206176758,275700
2005-04-14,22.10755729675293,26.666667938232422,27.860000610351562,26.666667938232422,27.860000610351562,552600
2005-04-15,21.209440231323242,25.583332061767578,26.713333129882812,25.583332061767578,26.666667938232422,446400
2005-04-18,21.648832321166992,26.113332748413086,26.329999923706055,25.666667938232422,25.78333282470703,323100
2005-04-19,21.96385955810547,26.49333381652832,26.543333053588867,25.979999542236328,26.030000686645508,464400
2005-04-20,21.9555721282959,26.483333587646484,26.666667938232422,26.333332061767578,26.46666717529297,747000
2005-04-21,22.005306243896484,26.543333053588867,26.583332061767578,26.336666107177734,26.48666763305664,453900
2005-04-22,21.361438751220703,25.766666412353516,26.593332290649414,25.426666259765625,26.593332290649414,480300
2005-04-25,21.651596069335938,26.116666793823242,26.213333129882812,25.733333587646484,25.816667556762695,351900
2005-04-26,21.361438751220703,25.766666412353516,26.239999771118164,25.71666717529297,26.03333282470703,267600
2005-04-27,21.436046600341797,25.856666564941406,26.046667098999023,25.40999984741211,25.766666412353516,371100
2005-04-28,20.83637809753418,25.133333206176758,25.739999771118164,25.133333206176758,25.690000534057617,291000
2005-04-29,20.794925689697266,25.083332061767578,25.28333282470703,24.829999923706055,25.143333435058594,347100
2005-05-02,21.29510498046875,25.68666648864746,25.68666648864746,25.14666748046875,25.166667938232422,221400
2005-05-03,20.83637809753418,25.133333206176758,25.729999542236328,25.010000228881836,25.68666648864746,305700
2005-05-04,21.908592224121094,26.426666259765625,26.71666717529297,25.209999084472656,25.683332443237305,805800
2005-05-05,21.96385955810547,26.49333381652832,26.746667861938477,26.30666732788086,26.366666793823242,518400
2005-05-06,22.287187576293945,26.883333206176758,27.06999969482422,26.406667709350586,26.496667861938477,499800
2005-05-09,22.627086639404297,27.293333053588867,27.383333206176758,26.593332290649414,26.883333206176758,277500
2005-05-10,22.28994369506836,26.886667251586914,27.226667404174805,26.809999465942383,27.226667404174805,237300
2005-05-11,22.34522247314453,26.953332901000977,27.036666870117188,26.516666412353516,26.753332138061523,256800
2005-05-12,22.314821243286133,26.916667938232422,27.51333236694336,26.74333381652832,26.946666717529297,602100
2005-05-13,22.207046508789062,26.786666870117188,26.90333366394043,26.46666717529297,26.71666717529297,557100
2005-05-16,22.36731719970703,26.979999542236328,27.200000762939453,26.68000030517578,26.786666870117188,208800
2005-05-17,22.718276977539062,27.40333366394043,27.530000686645508,26.73666763305664,26.983333587646484,162000
2005-05-18,23.699302673339844,28.586666107177734,28.666667938232422,27.393333435058594,27.649999618530273,477300
2005-05-19,23.809843063354492,28.719999313354492,28.866666793823242,28.46666717529297,28.616666793823242,332700
2005-05-20,23.78774642944336,28.69333267211914,28.75666618347168,28.453332901000977,28.72333335876465,643500
2005-05-23,24.37635612487793,29.40333366394043,29.65333366394043,28.793333053588867,28.883333206176758,396600
2005-05-24,24.38740348815918,29.416667938232422,29.643333435058594,29.21666717529297,29.40333366394043,436800
2005-05-25,24.65545654296875,29.739999771118164,29.866666793823242,29.440000534057617,29.616666793823242,568800
2005-05-26,25.174983978271484,30.366666793823242,30.453332901000977,29.899999618530273,29.96666717529297,715800
2005-05-27,25.03957748413086,30.203332901000977,30.616666793823242,30.03333282470703,30.616666793823242,346500
2005-05-31,24.22713279724121,29.22333335876465,30.003332138061523,29.059999465942383,30.0,885300
2005-06-01,24.663740158081055,29.75,29.959999084472656,29.226667404174805,29.226667404174805,418500
2005-06-02,24.473068237304688,29.520000457763672,29.733333587646484,29.43000030517578,29.733333587646484,483900
2005-06-03,24.33765983581543,29.356666564941406,29.639999389648438,29.309999465942383,29.553333282470703,263700
2005-06-06,24.31831932067871,29.333332061767578,29.433332443237305,29.23666763305664,29.366666793823242,582900
2005-06-07,24.368059158325195,29.393333435058594,29.863332748413086,29.333332061767578,29.333332061767578,473400
2005-06-08,24.464773178100586,29.510000228881836,29.816667556762695,29.376667022705078,29.3799991607666,260400
2005-06-09,24.995359420776367,30.149999618530273,30.149999618530273,29.433332443237305,29.593332290649414,470400
2005-06-10,24.815731048583984,29.933332443237305,30.15333366394043,29.899999618530273,30.149999618530273,409500
2005-06-13,25.13353157043457,30.316667556762695,30.34000015258789,29.93666648864746,29.93666648864746,436800
2005-06-14,25.6143741607666,30.89666748046875,30.946666717529297,30.170000076293945,30.28333282470703,518100
2005-06-15,25.89624786376953,31.23666763305664,31.316667556762695,30.933332443237305,31.03333282470703,429000
2005-06-16,26.16982078552246,31.566667556762695,31.71666717529297,31.200000762939453,31.299999237060547,285000
2005-06-17,26.252731323242188,31.666667938232422,31.666667938232422,31.356666564941406,31.633333206176758,516000
2005-06-20,25.89624786376953,31.23666763305664,31.633333206176758,31.100000381469727,31.583332061767578,417600
2005-06-21,25.84634017944336,31.07666778564453,31.373332977294922,31.073333740234375,31.136667251586914,333600
2005-06-22,25.893476486206055,31.133333206176758,31.450000762939453,30.873332977294922,31.143333435058594,429600
2005-06-23,25.203168869018555,30.303333282470703,31.233333587646484,30.296667098999023,31.233333587646484,373200
2005-06-24,24.83167839050293,29.856666564941406,30.413333892822266,29.796667098999023,30.333332061767578,475500
2005-06-27,25.36396026611328,30.496667861938477,30.690000534057617,29.51333236694336,29.906667709350586,344100
2005-06-28,26.070899963378906,31.34666633605957,31.34666633605957,30.60333251953125,30.639999389648438,322200
2005-06-29,25.921192169189453,31.166667938232422,31.64666748046875,30.94333267211914,31.5,264300
2005-06-30,25.668909072875977,30.863332748413086,31.600000381469727,30.860000610351562,31.233333587646484,362700
2005-07-01,25.921192169189453,31.166667938232422,31.31333351135254,30.78333282470703,30.863332748413086,203400
2005-07-05,26.661401748657227,32.05666732788086,32.05666732788086,31.100000381469727,31.166667938232422,352200
2005-07-06,26.367549896240234,31.703332901000977,32.060001373291016,31.649999618530273,32.0,231600
2005-07-07,26.600412368774414,31.983333587646484,32.08333206176758,31.28333282470703,31.53333282470703,363600
2005-07-08,27.129928588867188,32.619998931884766,32.663333892822266,31.883333206176758,31.899999618530273,275100
2005-07-11,27.16873550415039,32.66666793823242,32.96333312988281,32.62333297729492,32.62666702270508,242700
2005-07-12,26.75011444091797,32.163333892822266,32.643333435058594,32.08000183105469,32.63999938964844,488100
2005-07-13,26.60595703125,31.989999771118164,32.34333419799805,31.899999618530273,32.1966667175293,303600
2005-07-14,26.334270477294922,31.663333892822266,32.163333892822266,31.50666618347168,31.99333381652832,391500
2005-07-15,26.34258460998535,31.67333221435547,31.81333351135254,31.53333282470703,31.663333892822266,358200
2005-07-18,26.481203079223633,31.84000015258789,32.11333465576172,31.209999084472656,31.34000015258789,333900
2005-07-19,26.780616760253906,32.20000076293945,32.31999969482422,31.873332977294922,31.873332977294922,162900
2005-07-20,27.445972442626953,33.0,33.03333282470703,32.130001068115234,32.25666809082031,162600
2005-07-21,27.165966033935547,32.663333892822266,33.0099983215332,32.31666564941406,32.91666793823242,326100
2005-07-22,27.451522827148438,33.00666809082031,33.13999938964844,32.70000076293945,32.70000076293945,495000
2005-07-25,27.193687438964844,32.6966667175293,33.186668395996094,32.676666259765625,33.029998779296875,280200
2005-07-26,27.46537971496582,33.02333450317383,33.09000015258789,32.323333740234375,32.6966667175293,221700
2005-07-27,27.518056869506836,33.086666107177734,33.176666259765625,32.65666580200195,33.09333419799805,210600
2005-07-28,28.507770538330078,34.276668548583984,34.30666732788086,33.150001525878906,33.150001525878906,627900
2005-07-29,28.471731185913086,34.233333587646484,34.33333206176758,33.926666259765625,34.25666809082031,360600
2005-08-01,29.134313583374023,35.029998779296875,35.119998931884766,34.17333221435547,34.233333587646484,1002000
2005-08-02,29.996501922607422,36.06666564941406,37.349998474121094,35.926666259765625,37.33333206176758,1105200
2005-08-03,29.91333770751953,35.96666717529297,36.08000183105469,35.68333435058594,36.06666564941406,343800
2005-08-04,29.946613311767578,36.00666809082031,36.220001220703125,35.65666580200195,35.79999923706055,496800
2005-08-05,29.175893783569336,35.08000183105469,36.04666519165039,34.323333740234375,36.00666809082031,646500
2005-08-08,28.560440063476562,34.34000015258789,35.0966682434082,34.313331604003906,35.08000183105469,632400
2005-08-09,28.962434768676758,34.823333740234375,35.16666793823242,34.5,34.5,561000
2005-08-10,29.51134490966797,35.483333587646484,35.8033332824707,34.983333587646484,35.0,553200
2005-08-11,29.594528198242188,35.58333206176758,35.689998626708984,35.233333587646484,35.483333587646484,273000
2005-08-12,29.738685607910156,35.75666809082031,35.97666549682617,34.956668853759766,35.58333206176758,380100
2005-08-15,29.766399383544922,35.790000915527344,36.00666809082031,35.483333587646484,35.9033317565918,272100
2005-08-16,29.4254093170166,35.380001068115234,35.83333206176758,35.206668853759766,35.790000915527344,361800
2005-08-17,29.256284713745117,35.176666259765625,35.599998474121094,35.00666809082031,35.29666519165039,254700
2005-08-18,28.693519592285156,34.5,35.176666259765625,34.39666748046875,35.176666259765625,400500
2005-08-19,29.178672790527344,35.08333206176758,35.12333297729492,34.42333221435547,34.58333206176758,510000
2005-08-22,28.992921829223633,34.86000061035156,35.016666412353516,34.516666412353516,34.93333435058594,310800
2005-08-23,28.70181655883789,34.5099983215332,34.99333190917969,34.016666412353516,34.983333587646484,450900
2005-08-24,28.72123146057129,34.53333282470703,35.1533317565918,33.76333236694336,34.23666763305664,399900
2005-08-25,28.687971115112305,34.49333190917969,34.869998931884766,34.34333419799805,34.79999923706055,231300
2005-08-26,27.842409133911133,33.47666549682617,34.40999984741211,33.47666549682617,34.40999984741211,470700
2005-08-29,28.599254608154297,34.38666534423828,34.470001220703125,33.14666748046875,33.33333206176758,431100
2005-08-30,29.134313583374023,35.029998779296875,35.15666580200195,34.58333206176758,34.616668701171875,379500
2005-08-31,31.22740936279297,37.54666519165039,38.0,35.33333206176758,35.36333465576172,1680300
2005-09-01,31.388212203979492,37.7400016784668,39.04999923706055,37.209999084472656,38.66666793823242,770700
2005-09-02,31.37989616394043,37.72999954223633,38.16666793823242,36.503334045410156,38.16666793823242,626100
2005-09-06,33.206844329833984,39.926666259765625,39.926666259765625,38.2400016784668,38.33333206176758,1333500
2005-09-07,32.754966735839844,39.383331298828125,40.16666793823242,39.20000076293945,39.926666259765625,783600
2005-09-08,31.779109954833984,38.209999084472656,39.38666534423828,38.01333236694336,39.38666534423828,838800
2005-09-09,33.398136138916016,40.15666580200195,40.23666763305664,38.33333206176758,38.33333206176758,809100
2005-09-12,33.14032745361328,39.8466682434082,40.27000045776367,39.62666702270508,40.25,477300
2005-09-13,32.710609436035156,39.33000183105469,39.8466682434082,39.03333282470703,39.8466682434082,357600
2005-09-14,32.58308792114258,39.176666259765625,39.57666778564453,38.676666259765625,39.33333206176758,340200
2005-09-15,32.68843460083008,39.3033332824707,39.67333221435547,38.720001220703125,38.720001220703125,552300
2005-09-16,33.34548568725586,40.09333419799805,40.16666793823242,39.586666107177734,39.61333465576172,843900
2005-09-19,33.120914459228516,39.823333740234375,40.400001525878906,39.45333480834961,40.22666549682617,412800
2005-09-20,32.549800872802734,39.13666534423828,40.06999969482422,38.75,39.813331604003906,682500
2005-09-21,32.219913482666016,38.7400016784668,39.28333282470703,38.69333267211914,39.06666564941406,688500
2005-09-22,32.35300064086914,38.900001525878906,39.099998474121094,38.58000183105469,38.7400016784668,1256100
2005-09-23,31.792957305908203,38.22666549682617,39.08333206176758,38.150001525878906,39.08333206176758,1063800
2005-09-26,32.574771881103516,39.16666793823242,39.22999954223633,38.22666549682617,38.983333587646484,728700
2005-09-27,33.04607009887695,39.733333587646484,40.07666778564453,39.0,39.099998474121094,735300
2005-09-28,32.111778259277344,38.61000061035156,39.540000915527344,38.606666564941406,39.46666717529297,570900
2005-09-29,32.69951629638672,39.31666564941406,39.356666564941406,38.073333740234375,38.61000061035156,673800
2005-09-30,33.64765167236328,40.456668853759766,41.16666793823242,39.336666107177734,39.383331298828125,854400
2005-10-03,34.43221664428711,41.400001525878906,42.063331604003906,40.776668548583984,41.0,782700
2005-10-04,33.3511848449707,40.003334045410156,41.633331298828125,39.973331451416016,41.633331298828125,491700
2005-10-05,32.20899963378906,38.633331298828125,40.130001068115234,38.20000076293945,40.130001068115234,618300
2005-10-06,31.294696807861328,37.53666687011719,38.616668701171875,37.0099983215332,38.20000076293945,913800
2005-10-07,31.603153228759766,37.90666580200195,38.05666732788086,37.099998474121094,37.65666580200195,621000
2005-10-10,30.410959243774414,36.47666549682617,37.900001525878906,36.41666793823242,37.900001525878906,824700
2005-10-11,30.341480255126953,36.393333435058594,37.266666412353516,36.29999923706055,37.0,724500
2005-10-12,29.435514450073242,35.30666732788086,36.46666717529297,34.66666793823242,36.41666793823242,957600
2005-10-13,28.960298538208008,34.73666763305664,35.16666793823242,33.883331298828125,34.70000076293945,882000
2005-10-14,29.485536575317383,35.366668701171875,35.56999969482422,34.33333206176758,35.56999969482422,879000
2005-10-17,29.396615982055664,35.2599983215332,35.71666717529297,34.766666412353516,35.45000076293945,408000
2005-10-18,28.760211944580078,34.496665954589844,35.41999816894531,34.380001068115234,35.28666687011719,672900
2005-10-19,29.7995662689209,35.74333190917969,35.790000915527344,33.459999084472656,34.496665954589844,976200
2005-10-20,29.010318756103516,34.79666519165039,36.47666549682617,34.48666763305664,36.03333282470703,872700
2005-10-21,29.64116668701172,35.5533332824707,36.0,34.93333435058594,34.93333435058594,637500
2005-10-24,30.680511474609375,36.79999923706055,36.85333251953125,35.64666748046875,35.66666793823242,600300
2005-10-25,30.155290603637695,36.16999816894531,37.0,35.5,36.79999923706055,411900
2005-10-26,29.763460159301758,35.70000076293945,36.686668395996094,35.686668395996094,36.16999816894531,321300
2005-10-27,28.28500747680664,33.926666259765625,35.71666717529297,33.66666793823242,35.71666717529297,659700
2005-10-28,28.61014175415039,34.31666564941406,34.496665954589844,33.69333267211914,34.16666793823242,681000
2005-10-31,29.593929290771484,35.496665954589844,35.78333282470703,34.400001525878906,34.400001525878906,555000
2005-11-01,29.165958404541016,34.983333587646484,35.58333206176758,34.66666793823242,35.58333206176758,889500
2005-11-02,32.27846145629883,38.71666717529297,39.33000183105469,35.16999816894531,35.16999816894531,2059500
2005-11-03,32.120079040527344,38.526668548583984,39.54666519165039,38.266666412353516,39.04999923706055,876300
2005-11-04,32.33683776855469,38.78666687011719,38.84000015258789,37.849998474121094,38.526668548583984,647400
2005-11-07,31.744918823242188,38.07666778564453,38.996665954589844,37.57666778564453,38.71666717529297,616200
2005-11-08,30.18585968017578,36.206668853759766,37.003334045410156,36.099998474121094,37.0,1392900
2005-11-09,29.9663028717041,35.94333267211914,36.689998626708984,35.70000076293945,36.20333480834961,1066500
2005-11-10,30.55268669128418,36.64666748046875,36.81666564941406,35.473331451416016,36.06666564941406,569700
2005-11-11,30.624940872192383,36.733333587646484,36.83333206176758,36.47666549682617,36.64666748046875,295800
2005-11-14,30.56937026977539,36.66666793823242,37.150001525878906,36.46666717529297,37.06666564941406,310800
2005-11-15,29.971866607666016,35.95000076293945,36.93333435058594,35.92333221435547,36.84333419799805,319200
2005-11-16,30.06913185119629,36.06666564941406,36.133331298828125,35.00666809082031,35.95000076293945,447900
2005-11-17,31.208539962768555,37.43333435058594,37.53333282470703,36.233333587646484,36.56666564941406,690000
2005-11-18,32.26457977294922,38.70000076293945,38.77333450317383,37.849998474121094,38.33333206176758,1238400
2005-11-21,32.28402328491211,38.723331451416016,38.900001525878906,38.08333206176758,38.616668701171875,493500
2005-11-22,32.59526824951172,39.0966682434082,39.33000183105469,38.16666793823242,38.723331451416016,408300
2005-11-23,32.092262268066406,38.49333190917969,39.58000183105469,38.40666580200195,39.0966682434082,466800
2005-11-25,31.697643280029297,38.02000045776367,38.266666412353516,38.01333236694336,38.18333435058594,249000
2005-11-28,30.808361053466797,36.95333480834961,38.0,36.93333435058594,38.0,856200
2005-11-29,31.17796516418457,37.39666748046875,38.53333282470703,37.0,37.0,670800
2005-11-30,31.93109893798828,38.29999923706055,38.56999969482422,37.4466667175293,37.46333312988281,648300
2005-12-01,33.23168182373047,39.86000061035156,39.86333465576172,38.9033317565918,39.04999923706055,1017000
2005-12-02,33.51513671875,40.20000076293945,40.310001373291016,39.766666412353516,39.96666717529297,692100
2005-12-05,33.020469665527344,39.606666564941406,39.71666717529297,39.106666564941406,39.56666564941406,433500
2005-12-06,33.209442138671875,39.83333206176758,40.25666809082031,38.93333435058594,38.96666717529297,698100
2005-12-07,32.68419647216797,39.20333480834961,39.96666717529297,39.003334045410156,39.63666534423828,525000
2005-12-08,33.3595085144043,40.01333236694336,40.5,38.86000061035156,39.119998931884766,615000
2005-12-09,33.290042877197266,39.93000030517578,40.04999923706055,39.35333251953125,39.66666793823242,291000
2005-12-12,33.87640380859375,40.633331298828125,40.849998474121094,39.790000915527344,39.83333206176758,544800
2005-12-13,34.14875411987305,40.959999084472656,41.086666107177734,40.400001525878906,40.55666732788086,565500
2005-12-14,34.70457077026367,41.62666702270508,42.05666732788086,40.78333282470703,40.87666702270508,755400
2005-12-15,33.720794677734375,40.4466667175293,41.616668701171875,40.33333206176758,41.616668701171875,595800
2005-12-16,33.67909240722656,40.39666748046875,41.08333206176758,40.349998474121094,40.54666519165039,661800
2005-12-19,33.11495590209961,39.720001220703125,40.186668395996094,39.66666793823242,40.16666793823242,461400
2005-12-20,33.06201934814453,39.55666732788086,40.290000915527344,39.099998474121094,39.46666717529297,368400
2005-12-21,33.65544891357422,40.266666412353516,40.51333236694336,39.81666564941406,39.88999938964844,326400
2005-12-22,33.752967834472656,40.383331298828125,40.44333267211914,40.16999816894531,40.233333587646484,164100
2005-12-23,34.076141357421875,40.77000045776367,40.880001068115234,40.31666564941406,40.426666259765625,323400
2005-12-27,34.12630081176758,40.83000183105469,41.246665954589844,40.6533317565918,40.66666793823242,515400
2005-12-28,34.27953338623047,41.01333236694336,41.16666793823242,40.66666793823242,40.83000183105469,465000
2005-12-29,34.51355743408203,41.293331146240234,41.42333221435547,40.70000076293945,40.96666717529297,452700
2005-12-30,34.0900764465332,40.78666687011719,41.20000076293945,40.599998474121094,41.04999923706055,630000
2006-01-03,34.54698944091797,41.33333206176758,41.456668853759766,40.54999923706055,41.0533332824707,708900
2006-01-04,34.61384201049805,41.413333892822266,41.45000076293945,41.073333740234375,41.336666107177734,483900
2006-01-05,34.644500732421875,41.45000076293945,41.813331604003906,41.41666793823242,41.41666793823242,382200
2006-01-06,34.630584716796875,41.43333435058594,41.56999969482422,41.16666793823242,41.45333480834961,747600
2006-01-09,35.24071502685547,42.163333892822266,42.366668701171875,41.08333206176758,41.099998474121094,463500
2006-01-10,35.282501220703125,42.21333312988281,42.36333465576172,41.586666107177734,41.586666107177734,315000
2006-01-11,34.61663818359375,41.41666793823242,42.21333312988281,41.16999816894531,42.21333312988281,735000
2006-01-12,34.00370407104492,40.68333435058594,41.470001220703125,40.470001220703125,41.25,672600
2006-01-13,33.98976135253906,40.66666793823242,40.810001373291016,40.380001068115234,40.58333206176758,315600
2006-01-17,33.49664306640625,40.07666778564453,40.74333190917969,39.866668701171875,40.43333435058594,429600
2006-01-18,33.608097076416016,40.209999084472656,40.70333480834961,39.883331298828125,39.900001525878906,476700
2006-01-19,33.05923080444336,39.5533332824707,40.209999084472656,39.04999923706055,40.209999084472656,1021200
2006-01-20,32.77505874633789,39.21333312988281,39.79666519165039,39.133331298828125,39.616668701171875,516900
2006-01-23,33.56351089477539,40.15666580200195,40.2599983215332,39.27000045776367,39.29666519165039,512700
2006-01-24,36.21583938598633,43.33000183105469,43.540000915527344,41.706668853759766,41.91666793823242,1997100
2006-01-25,35.93165969848633,42.9900016784668,43.383331298828125,41.89666748046875,43.33000183105469,938400
2006-01-26,45.515655517578125,54.456668853759766,55.5,48.8466682434082,50.0,5887500
2006-01-27,45.554664611816406,54.503334045410156,57.56666564941406,53.83000183105469,54.66666793823242,3283500
2006-01-30,47.47423553466797,56.79999923706055,57.116668701171875,54.84000015258789,55.040000915527344,1351800
2006-01-31,45.38190841674805,54.29666519165039,56.0,53.80666732788086,55.66666793823242,2086500
2006-02-01,44.40959167480469,53.133331298828125,54.616668701171875,53.0,54.33333206176758,1116900
2006-02-02,42.14732360839844,50.426666259765625,52.66666793823242,50.099998474121094,52.46666717529297,1650000
2006-02-03,43.65180587768555,52.22666549682617,52.616668701171875,50.13666534423828,50.426666259765625,1483200
2006-02-06,44.0669059753418,52.723331451416016,53.94333267211914,51.60333251953125,53.58333206176758,1669200
2006-02-07,43.632293701171875,52.20333480834961,52.66666793823242,51.723331451416016,52.58333206176758,1509900
2006-02-08,44.03904342651367,52.689998626708984,52.849998474121094,51.6966667175293,52.20333480834961,1494000
2006-02-09,44.353878021240234,53.06666564941406,54.163333892822266,52.81666564941406,53.66666793823242,1669800
2006-02-10,43.72145462036133,52.310001373291016,52.983333587646484,51.66666793823242,52.983333587646484,1493100
2006-02-13,43.61556625366211,52.18333435058594,52.62666702270508,51.68333435058594,52.310001373291016,1052100
2006-02-14,44.702125549316406,53.483333587646484,53.81666564941406,51.13999938964844,52.099998474121094,1470900
2006-02-15,44.883209228515625,53.70000076293945,54.34333419799805,52.66999816894531,53.266666412353516,1239300
2006-02-16,45.26213455200195,54.1533317565918,54.59333419799805,53.78333282470703,54.0,968700
2006-02-17,45.30670166015625,54.206668853759766,54.43333435058594,53.77333450317383,54.220001220703125,1165800
2006-02-21,45.774749755859375,54.766666412353516,55.00666809082031,54.0099983215332,54.54666519165039,830700
2006-02-22,45.60481643676758,54.563331604003906,55.46666717529297,54.20000076293945,54.77000045776367,1072200
2006-02-23,45.85555648803711,54.86333465576172,56.11333465576172,54.04999923706055,54.66666793823242,758100
2006-02-24,45.849971771240234,54.856666564941406,55.063331604003906,54.5,54.86333465576172,753300
2006-02-27,46.01156234741211,55.04999923706055,55.27000045776367,54.0,54.599998474121094,1881400
2006-02-28,45.24262619018555,54.130001068115234,55.099998474121094,53.58000183105469,55.04999923706055,835100
2006-03-01,45.91962814331055,54.939998626708984,55.040000915527344,53.97999954223633,54.5,427000
2006-03-02,45.85276794433594,54.86000061035156,55.790000915527344,54.52000045776367,55.4900016784668,612600
2006-03-03,45.735740661621094,54.720001220703125,55.33000183105469,53.779998779296875,54.65999984741211,427800
2006-03-06,45.961429595947266,54.9900016784668,56.939998626708984,54.5,55.099998474121094,798900
2006-03-07,41.82415008544922,50.040000915527344,54.79999923706055,49.36000061035156,54.79999923706055,1439400
2006-03-08,43.094573974609375,51.560001373291016,51.91999816894531,50.599998474121094,50.900001525878906,1586000
2006-03-09,43.98053741455078,52.619998931884766,53.20000076293945,52.189998626708984,52.20000076293945,673700
2006-03-10,44.21456527709961,52.900001525878906,53.58000183105469,52.459999084472656,52.79999923706055,645200
2006-03-13,44.13935852050781,52.810001373291016,54.04999923706055,52.540000915527344,53.0,830000
2006-03-14,44.966796875,53.79999923706055,53.91999816894531,52.650001525878906,53.400001525878906,1116400
2006-03-15,49.02051544189453,58.650001525878906,59.0099983215332,54.5,55.0,2075400
2006-03-16,48.76974868774414,58.349998474121094,59.70000076293945,57.90999984741211,59.0,1391800
2006-03-17,50.123779296875,59.970001220703125,60.5,58.130001068115234,58.5,1330800
2006-03-20,51.03329086303711,60.880001068115234,61.900001525878906,60.5,61.68000030517578,1216200
2006-03-21,49.0717658996582,58.540000915527344,60.880001068115234,57.91999816894531,60.869998931884766,1286200
2006-03-22,48.59394454956055,57.970001220703125,59.29999923706055,57.5,58.540000915527344,1107400
2006-03-23,50.71476745605469,60.5,60.97999954223633,58.810001373291016,59.0,941400
2006-03-24,51.754207611083984,61.7400016784668,62.2400016784668,59.0099983215332,59.349998474121094,928300
2006-03-27,51.59491729736328,61.54999923706055,63.0,61.0,62.0,593300
2006-03-28,50.68959426879883,60.470001220703125,62.11000061035156,59.540000915527344,61.95000076293945,648100
2006-03-29,51.62846374511719,61.59000015258789,62.150001525878906,59.869998931884766,60.470001220703125,867300
2006-03-30,52.78525161743164,62.970001220703125,64.02999877929688,62.060001373291016,62.75,1369400
2006-03-31,53.44747543334961,63.7599983215332,63.90999984741211,62.220001220703125,62.869998931884766,1293500
2006-04-03,55.19106674194336,65.83999633789062,66.27999877929688,64.19999694824219,65.0,1160400
2006-04-04,57.672332763671875,68.80000305175781,69.2300033569336,66.88999938964844,67.30000305175781,1495700
2006-04-05,59.93561935424805,71.5,71.6500015258789,68.41000366210938,68.80999755859375,1430700
2006-04-06,58.8291130065918,70.18000030517578,72.55000305175781,69.25,72.55000305175781,1023100
2006-04-07,59.591941833496094,71.08999633789062,71.98999786376953,70.55000305175781,71.05000305175781,827600
2006-04-10,58.4519157409668,69.7300033569336,71.9800033569336,69.25,71.9800033569336,901600
2006-04-11,57.03524398803711,68.04000091552734,70.69999694824219,67.5,69.7300033569336,1411300
2006-04-12,56.68315505981445,67.62000274658203,68.75,67.0199966430664,68.05000305175781,1704300
2006-04-13,59.86015319824219,71.41000366210938,71.73999786376953,67.76000213623047,68.5999984741211,1127300
2006-04-17,58.971622467041016,70.3499984741211,73.2300033569336,70.01000213623047,71.75,911200
2006-04-18,62.282745361328125,74.30000305175781,74.55000305175781,70.37000274658203,71.25,1281100
2006-04-19,60.81577682495117,72.55000305175781,74.19999694824219,71.94999694824219,74.0,994300
2006-04-20,60.79063034057617,72.5199966430664,73.25,71.2699966430664,73.19999694824219,548900
2006-04-21,60.6313591003418,72.33000183105469,72.52999877929688,70.70999908447266,72.5199966430664,801800
2006-04-24,59.072208404541016,70.47000122070312,72.69999694824219,69.69000244140625,72.33000183105469,1010600
2006-04-25,59.48294448852539,70.95999908447266,71.08999633789062,67.69999694824219,70.47000122070312,1065400
2006-04-26,57.16937255859375,68.19999694824219,72.5,67.55999755859375,70.95999908447266,1214000
2006-04-27,55.92873764038086,66.72000122070312,68.19999694824219,64.25,67.0,1609300
2006-04-28,55.53474807739258,66.25,67.37999725341797,65.5999984741211,65.9000015258789,922100
2006-05-01,57.420841217041016,68.5,68.9800033569336,66.80000305175781,66.80000305175781,1238300
2006-05-02,58.384822845458984,69.6500015258789,69.80000305175781,67.0999984741211,68.5,1650300
2006-05-03,54.084564208984375,64.5199966430664,67.38999938964844,62.52000045776367,67.02999877929688,3048700
2006-05-04,54.36119079589844,64.8499984741211,65.23999786376953,63.900001525878906,64.7699966430664,1154600
2006-05-05,55.20783233642578,65.86000061035156,66.0,64.69999694824219,64.8499984741211,1068700
2006-05-08,54.59589767456055,65.12999725341797,66.37999725341797,64.75,66.05999755859375,780500
2006-05-09,51.38536071777344,61.29999923706055,65.1500015258789,60.5099983215332,65.13999938964844,1851800
2006-05-10,50.84048843383789,60.650001525878906,62.20000076293945,60.119998931884766,61.29999923706055,1657900
2006-05-11,49.51603698730469,59.06999969482422,62.189998626708984,58.77000045776367,60.79999923706055,1643200
2006-05-12,46.540218353271484,55.52000045776367,58.83000183105469,55.41999816894531,58.81999969482422,1722600
2006-05-15,44.981040954589844,53.65999984741211,55.099998474121094,51.36000061035156,55.099998474121094,2148900
2006-05-16,44.243377685546875,52.779998779296875,54.68000030517578,52.52000045776367,53.75,1803900
2006-05-17,42.34891128540039,50.52000045776367,52.790000915527344,50.5,52.29999923706055,2353400
2006-05-18,41.67830276489258,49.720001220703125,51.40999984741211,49.54999923706055,50.68000030517578,2047600
2006-05-19,43.76557540893555,52.209999084472656,52.25,48.29999923706055,49.970001220703125,2945200
2006-05-22,40.9825439453125,48.88999938964844,51.5099983215332,47.81999969482422,51.5,1910300
2006-05-23,41.42681884765625,49.41999816894531,51.0,49.099998474121094,50.25,2345900
2006-05-24,40.32869338989258,48.11000061035156,49.90999984741211,46.599998474121094,49.220001220703125,1451900
2006-05-25,42.29861831665039,50.459999084472656,50.90999984741211,48.09000015258789,49.349998474121094,1468400
2006-05-26,42.365684509277344,50.540000915527344,51.2400016784668,49.70000076293945,50.54999923706055,904800
2006-05-30,39.69999694824219,47.36000061035156,49.849998474121094,47.33000183105469,49.849998474121094,1010300
2006-05-31,40.84844207763672,48.72999954223633,50.41999816894531,48.02000045776367,48.25,1848000
2006-06-01,42.44112014770508,50.630001068115234,50.650001525878906,48.439998626708984,48.59000015258789,1332700
2006-06-02,42.06391525268555,50.18000030517578,51.75,49.20000076293945,51.25,676400
2006-06-05,39.171913146972656,46.72999954223633,50.61000061035156,46.5,50.18000030517578,1041900
2006-06-06,36.96727752685547,44.099998474121094,47.5099983215332,43.0,47.400001525878906,2832800
2006-06-07,35.86075973510742,42.779998779296875,45.08000183105469,42.310001373291016,44.54999923706055,2260400
2006-06-08,34.9302978515625,41.66999816894531,42.20000076293945,39.95000076293945,42.20000076293945,2966200
2006-06-09,34.01662063598633,40.58000183105469,42.75,40.2599983215332,42.099998474121094,1614800
2006-06-12,32.7675895690918,39.09000015258789,41.25,39.060001373291016,40.79999923706055,1324100
2006-06-13,31.88742446899414,38.040000915527344,40.59000015258789,37.810001373291016,39.0,1701000
2006-06-14,32.70054244995117,39.0099983215332,39.099998474121094,38.22999954223633,38.2400016784668,1692800
2006-06-15,34.61177444458008,41.290000915527344,41.9900016784668,39.349998474121094,39.5099983215332,1933800
2006-06-16,34.08366394042969,40.65999984741211,41.79999923706055,40.220001220703125,41.540000915527344,1669700
2006-06-19,33.22864532470703,39.63999938964844,41.349998474121094,39.150001525878906,41.29999923706055,1279900
2006-06-20,32.81185531616211,38.970001220703125,39.93000030517578,38.900001525878906,39.400001525878906,1245600
2006-06-21,34.50423049926758,40.97999954223633,41.4900016784668,38.79999923706055,38.869998931884766,1426900
2006-06-22,34.30216598510742,40.7400016784668,41.18000030517578,40.099998474121094,40.5,1582400
2006-06-23,35.58197021484375,42.2599983215332,42.79999923706055,40.45000076293945,40.7400016784668,1586100
2006-06-26,36.33974075317383,43.15999984741211,44.54999923706055,42.29999923706055,42.70000076293945,2134400
2006-06-27,36.642860412597656,43.52000045776367,46.939998626708984,43.29999923706055,46.099998474121094,3201000
2006-06-28,36.247135162353516,43.04999923706055,44.20000076293945,42.68000030517578,43.689998626708984,2510300
2006-06-29,37.02174758911133,43.970001220703125,44.099998474121094,41.91999816894531,42.939998626708984,3304300
2006-06-30,39.99393844604492,47.5,47.5,44.25,45.25,4064100
2006-07-03,39.25300216674805,46.619998931884766,46.83000183105469,45.41999816894531,46.79999923706055,1195100
2006-07-05,37.60271072387695,44.65999984741211,46.150001525878906,44.130001068115234,46.150001525878906,1890900
2006-07-06,37.76268768310547,44.849998474121094,45.540000915527344,44.439998626708984,45.0,1244000
2006-07-07,36.01978302001953,42.779998779296875,44.81999969482422,42.63999938964844,44.79999923706055,1342600
2006-07-10,35.23677062988281,41.849998474121094,43.20000076293945,41.630001068115234,43.029998779296875,1176000
2006-07-11,34.70631408691406,41.220001220703125,42.099998474121094,40.529998779296875,41.95000076293945,1962700
2006-07-12,34.03273391723633,40.41999816894531,41.529998779296875,40.0,41.470001220703125,1678200
2006-07-13,33.28336715698242,39.529998779296875,40.70000076293945,39.11000061035156,39.79999923706055,2054600
2006-07-14,32.921321868896484,39.099998474121094,39.36000061035156,38.11000061035156,39.04999923706055,1578100
2006-07-17,32.07933807373047,38.099998474121094,39.25,37.959999084472656,38.599998474121094,1175000
2006-07-18,31.818328857421875,37.790000915527344,38.5,36.849998474121094,38.099998474121094,1679700
2006-07-19,34.066402435302734,40.459999084472656,40.93000030517578,38.400001525878906,38.400001525878906,1777200
2006-07-20,32.04566955566406,38.060001373291016,41.130001068115234,37.869998931884766,41.0,1648700
2006-07-21,31.83517074584961,37.810001373291016,38.25,37.0099983215332,38.20000076293945,1591500
2006-07-24,31.287870407104492,37.15999984741211,39.38999938964844,37.15999984741211,38.150001525878906,1847100
2006-07-25,33.52754211425781,39.81999969482422,40.400001525878906,38.119998931884766,38.599998474121094,2271700
2006-07-26,32.340354919433594,38.40999984741211,39.81999969482422,37.95000076293945,39.630001068115234,1618000
2006-07-27,31.060550689697266,36.88999938964844,39.20000076293945,36.70000076293945,38.650001525878906,1761000
2006-07-28,31.624670028686523,37.560001373291016,38.18000030517578,37.0,37.0,1156900
2006-07-31,30.27750015258789,35.959999084472656,36.369998931884766,35.220001220703125,35.650001525878906,2326700
2006-08-01,30.302778244018555,35.9900016784668,36.189998626708984,35.2400016784668,35.400001525878906,1474900
2006-08-02,31.035293579101562,36.86000061035156,37.31999969482422,36.220001220703125,36.2400016784668,1469000
2006-08-03,32.05408477783203,38.06999969482422,38.61000061035156,36.310001373291016,36.54999923706055,1644900
2006-08-04,32.44139862060547,38.529998779296875,39.2400016784668,37.52000045776367,38.599998474121094,1850300
2006-08-07,31.88568878173828,37.869998931884766,38.7400016784668,37.689998626708984,38.0099983215332,1244800
2006-08-08,30.462753295898438,36.18000030517578,38.130001068115234,36.119998931884766,37.79999923706055,1262800
2006-08-09,29.915456771850586,35.529998779296875,36.560001373291016,35.47999954223633,36.43000030517578,1765300
2006-08-10,29.79758071899414,35.38999938964844,35.880001068115234,34.869998931884766,34.939998626708984,1649700
2006-08-11,29.78074073791504,35.369998931884766,35.880001068115234,35.060001373291016,35.15999984741211,1031700
2006-08-14,30.016489028930664,35.650001525878906,36.36000061035156,35.459999084472656,36.0,984800
2006-08-15,29.974395751953125,35.599998474121094,36.400001525878906,35.0099983215332,36.20000076293945,1793900
2006-08-16,32.04566955566406,38.060001373291016,38.25,35.70000076293945,35.849998474121094,2259100
2006-08-17,31.607831954956055,37.540000915527344,38.95000076293945,37.369998931884766,37.86000061035156,1327600
2006-08-18,31.995141983032227,38.0,38.25,36.959999084472656,37.540000915527344,1287900
2006-08-21,30.934242248535156,36.7400016784668,38.0,36.72999954223633,38.0,635400
2006-08-22,31.32155990600586,37.20000076293945,37.54999923706055,36.7400016784668,36.7400016784668,641900
2006-08-23,30.27750015258789,35.959999084472656,37.56999969482422,35.91999816894531,37.400001525878906,803700
2006-08-24,30.27750015258789,35.959999084472656,36.459999084472656,35.27000045776367,35.959999084472656,792800
2006-08-25,29.89020347595215,35.5,36.16999816894531,35.279998779296875,35.720001220703125,519000
2006-08-28,30.33645248413086,36.029998779296875,36.2599983215332,35.34000015258789,35.38999938964844,595600
2006-08-29,29.477628707885742,35.0099983215332,36.119998931884766,34.70000076293945,35.970001220703125,930300
2006-08-30,29.679702758789062,35.25,35.47999954223633,34.75,35.130001068115234,686900
2006-08-31,30.184892654418945,35.849998474121094,36.0,35.15999984741211,35.31999969482422,585500
2006-09-01,30.35328483581543,36.04999923706055,36.47999954223633,35.650001525878906,36.15999984741211,776500
2006-09-05,30.35328483581543,36.04999923706055,36.59000015258789,35.7400016784668,36.0,590000
2006-09-06,29.258705139160156,34.75,35.77000045776367,34.52000045776367,35.650001525878906,1349000
2006-09-07,28.745113372802734,34.13999938964844,35.16999816894531,33.779998779296875,34.380001068115234,1141300
2006-09-08,28.441991806030273,33.779998779296875,34.470001220703125,33.70000076293945,34.13999938964844,1136000
2006-09-11,28.27359962463379,33.58000183105469,34.11000061035156,33.0,33.43000030517578,1120200
2006-09-12,29.49446678161621,35.029998779296875,35.20000076293945,33.33000183105469,33.33000183105469,1098100
2006-09-13,30.168066024780273,35.83000183105469,36.279998779296875,35.0099983215332,35.0099983215332,1473000
2006-09-14,30.285924911499023,35.970001220703125,36.099998474121094,35.4900016784668,35.650001525878906,857800
2006-09-15,29.814414978027344,35.40999984741211,36.79999923706055,35.40999984741211,36.20000076293945,1230800
2006-09-18,29.89862823486328,35.5099983215332,35.83000183105469,35.36000061035156,35.70000076293945,970500
2006-09-19,28.761945724487305,34.15999984741211,35.47999954223633,33.939998626708984,35.47999954223633,1302300
2006-09-20,32.35719299316406,38.43000030517578,39.34000015258789,34.650001525878906,34.650001525878906,3751100
2006-09-21,30.892148971557617,36.689998626708984,38.79999923706055,36.5099983215332,38.43000030517578,1628100
2006-09-22,31.473119735717773,37.380001068115234,37.599998474121094,36.290000915527344,36.650001525878906,1401500
2006-09-25,33.09814453125,39.310001373291016,39.369998931884766,37.47999954223633,37.47999954223633,1638800
2006-09-26,29.66286277770996,35.22999954223633,39.79999923706055,34.650001525878906,38.810001373291016,6129500
2006-09-27,29.0566349029541,34.5099983215332,35.84000015258789,33.54999923706055,35.29999923706055,4122900
2006-09-28,28.509361267089844,33.86000061035156,35.36000061035156,33.779998779296875,34.650001525878906,1883700
2006-09-29,28.357799530029297,33.68000030517578,34.25,33.61000061035156,34.04999923706055,1774200
2006-10-02,28.27739143371582,33.40999984741211,33.90999984741211,33.029998779296875,33.54999923706055,1428100
2006-10-03,27.337915420532227,32.29999923706055,33.5,32.22999954223633,33.33000183105469,2066700
2006-10-04,27.253276824951172,32.20000076293945,32.61000061035156,31.760000228881836,32.099998474121094,2326900
2006-10-05,27.439496994018555,32.41999816894531,32.54999923706055,31.899999618530273,32.0,1904100
2006-10-06,28.438207626342773,33.599998474121094,33.709999084472656,32.290000915527344,32.33000183105469,1754400
2006-10-09,28.835994720458984,34.06999969482422,34.58000183105469,33.36000061035156,34.0,2521100
2006-10-10,29.62314224243164,35.0,35.369998931884766,34.16999816894531,34.16999816894531,1563800
2006-10-11,29.030677795410156,34.29999923706055,35.25,33.77000045776367,35.02000045776367,1323000
2006-10-12,29.927818298339844,35.36000061035156,35.45000076293945,34.45000076293945,34.45000076293945,1485400
2006-10-13,29.57234001159668,34.939998626708984,35.529998779296875,34.619998931884766,35.0,1351200
2006-10-16,30.714948654174805,36.290000915527344,36.5099983215332,35.0,35.20000076293945,1669800
2006-10-17,30.130956649780273,35.599998474121094,36.400001525878906,35.5,36.040000915527344,1342600
2006-10-18,29.411527633666992,34.75,36.290000915527344,34.720001220703125,35.939998626708984,1146500
2006-10-19,29.75008201599121,35.150001525878906,35.36000061035156,34.400001525878906,34.849998474121094,1443600
2006-10-20,29.386144638061523,34.720001220703125,35.15999984741211,33.97999954223633,35.150001525878906,1465400
2006-10-23,30.291770935058594,35.790000915527344,36.18000030517578,34.40999984741211,34.720001220703125,2651300
2006-10-24,32.16224670410156,38.0,38.400001525878906,35.59000015258789,35.70000076293945,3217000
2006-10-25,32.1537971496582,37.9900016784668,38.7400016784668,37.5,38.099998474121094,1967200
2006-10-26,32.0776252746582,37.900001525878906,38.5099983215332,37.68000030517578,38.0,953400
2006-10-27,32.03529357910156,37.849998474121094,39.79999923706055,37.45000076293945,38.900001525878906,1718500
2006-10-30,31.857561111450195,37.63999938964844,37.79999923706055,36.90999984741211,37.75,924500
2006-10-31,31.061967849731445,36.70000076293945,37.75,36.70000076293945,37.650001525878906,1501100
2006-11-01,33.06788635253906,39.06999969482422,41.939998626708984,39.0,40.0,5045800
2006-11-02,32.7885627746582,38.7400016784668,39.18000030517578,38.13999938964844,39.0,1305200
2006-11-03,33.2202262878418,39.25,39.369998931884766,38.63999938964844,38.65999984741211,996400
2006-11-06,33.58417510986328,39.68000030517578,39.95000076293945,39.0,39.45000076293945,836800
2006-11-07,32.678550720214844,38.61000061035156,39.81999969482422,38.56999969482422,39.400001525878906,1132500
2006-11-08,33.91426086425781,40.06999969482422,40.75,39.04999923706055,39.04999923706055,1293900
2006-11-09,33.000160217285156,38.9900016784668,40.150001525878906,38.9900016784668,40.099998474121094,925300
2006-11-10,33.77035903930664,39.900001525878906,40.279998779296875,38.880001068115234,38.9900016784668,821900
2006-11-13,34.15969467163086,40.36000061035156,40.689998626708984,39.720001220703125,39.90999984741211,847700
2006-11-14,35.20921325683594,41.599998474121094,41.650001525878906,40.36000061035156,40.650001525878906,1069200
2006-11-15,35.78474807739258,42.279998779296875,42.900001525878906,41.61000061035156,41.790000915527344,1409400
2006-11-16,35.954036712646484,42.47999954223633,42.95000076293945,42.0099983215332,42.43000030517578,885000
2006-11-17,35.52236557006836,41.970001220703125,42.2599983215332,41.619998931884766,42.060001373291016,740000
2006-11-20,35.149967193603516,41.529998779296875,42.13999938964844,41.41999816894531,42.099998474121094,783900
2006-11-21,35.50544738769531,41.95000076293945,41.97999954223633,41.529998779296875,41.529998779296875,704100
2006-11-22,35.513893127441406,41.959999084472656,42.380001068115234,41.810001373291016,42.0,560300
2006-11-24,35.124568939208984,41.5,41.849998474121094,41.349998474121094,41.599998474121094,369400
2006-11-27,34.735233306884766,41.040000915527344,41.65999984741211,40.75,41.5099983215332,627300
2006-11-28,34.81989669799805,41.13999938964844,41.58000183105469,40.72999954223633,40.95000076293945,428500
2006-11-29,35.556217193603516,42.0099983215332,42.119998931884766,41.349998474121094,41.349998474121094,566400
2006-11-30,36.394134521484375,43.0,43.400001525878906,42.18000030517578,42.459999084472656,1454000
2006-12-01,36.36874771118164,42.970001220703125,42.970001220703125,41.81999969482422,42.54999923706055,1040400
2006-12-04,36.60573196411133,43.25,43.45000076293945,42.40999984741211,42.54999923706055,842100
2006-12-05,37.24049758911133,44.0,44.310001373291016,43.02000045776367,43.02000045776367,618600
2006-12-06,37.858367919921875,44.72999954223633,45.13999938964844,43.900001525878906,44.0099983215332,1076100
2006-12-07,37.01198196411133,43.72999954223633,44.97999954223633,43.20000076293945,44.97999954223633,892000
2006-12-08,36.715755462646484,43.380001068115234,43.849998474121094,43.2400016784668,43.599998474121094,481800
2006-12-11,37.06278610229492,43.790000915527344,43.95000076293945,43.08000183105469,43.279998779296875,484500
2006-12-12,36.30949020385742,42.900001525878906,44.0,42.66999816894531,43.68000030517578,562200
2006-12-13,36.63958740234375,43.290000915527344,43.88999938964844,42.95000076293945,43.0,559300
2006-12-14,36.95274353027344,43.65999984741211,43.849998474121094,43.09000015258789,43.189998626708984,425200
2006-12-15,36.40260696411133,43.0099983215332,43.91999816894531,42.91999816894531,43.59000015258789,503500
2006-12-18,36.681888580322266,43.34000015258789,43.79999923706055,42.959999084472656,43.0099983215332,576600
2006-12-19,36.04029846191406,42.40999984741211,42.880001068115234,42.08000183105469,42.63999938964844,829500
2006-12-20,36.04029846191406,42.40999984741211,42.709999084472656,42.25,42.36000061035156,553900
2006-12-21,36.15926742553711,42.54999923706055,42.779998779296875,42.220001220703125,42.220001220703125,480700
2006-12-22,36.11676788330078,42.5,42.7599983215332,42.29999923706055,42.529998779296875,345000
2006-12-26,36.337730407714844,42.7599983215332,43.040000915527344,42.38999938964844,42.38999938964844,274000
2006-12-27,37.23851776123047,43.81999969482422,43.81999969482422,43.04999923706055,43.119998931884766,368100
2006-12-28,36.99208450317383,43.529998779296875,43.95000076293945,43.130001068115234,43.810001373291016,359900
2006-12-29,36.73714065551758,43.22999954223633,44.099998474121094,43.209999084472656,43.33000183105469,638200
2007-01-03,37.119571685791016,43.68000030517578,44.099998474121094,43.349998474121094,43.529998779296875,916800
2007-01-04,36.941104888916016,43.470001220703125,43.97999954223633,43.349998474121094,43.400001525878906,538200
2007-01-05,36.62665557861328,43.099998474121094,43.630001068115234,43.04999923706055,43.380001068115234,612600
2007-01-08,36.405704498291016,42.84000015258789,43.349998474121094,42.77000045776367,43.099998474121094,578800
2007-01-09,37.2810173034668,43.869998931884766,44.11000061035156,42.95000076293945,43.0,605200
2007-01-10,37.043067932128906,43.59000015258789,43.95000076293945,43.220001220703125,43.95000076293945,338000
2007-01-11,37.81639862060547,44.5,44.59000015258789,43.45000076293945,43.45000076293945,544000
2007-01-12,38.24129867553711,45.0,45.349998474121094,44.619998931884766,44.7400016784668,800800
2007-01-16,37.595458984375,44.2400016784668,45.43000030517578,44.08000183105469,45.400001525878906,693300
2007-01-17,38.062835693359375,44.790000915527344,45.13999938964844,44.43000030517578,44.43000030517578,544400
2007-01-18,37.714412689208984,44.380001068115234,45.34000015258789,44.20000076293945,45.29999923706055,580100
2007-01-19,38.844661712646484,45.709999084472656,45.709999084472656,44.29999923706055,44.36000061035156,758200
2007-01-22,39.19308090209961,46.119998931884766,46.540000915527344,45.7599983215332,46.119998931884766,1030700
2007-01-23,39.5670051574707,46.560001373291016,46.9900016784668,46.119998931884766,46.119998931884766,772800
2007-01-24,40.935176849365234,48.16999816894531,48.41999816894531,46.54999923706055,46.70000076293945,995600
2007-01-25,40.620750427246094,47.79999923706055,48.369998931884766,47.7400016784668,48.369998931884766,955700
2007-01-26,40.8926887512207,48.119998931884766,48.34000015258789,47.810001373291016,48.0,607200
2007-01-29,40.34880065917969,47.47999954223633,48.02000045776367,47.27000045776367,48.0099983215332,1278900
2007-01-30,40.586761474609375,47.7599983215332,47.84000015258789,47.34000015258789,47.68000030517578,752500
2007-01-31,41.97194290161133,49.38999938964844,49.75,47.75,47.79999923706055,994100
2007-02-01,41.3770751953125,48.689998626708984,49.54999923706055,47.95000076293945,48.349998474121094,1653000
2007-02-02,41.0881462097168,48.349998474121094,48.86000061035156,48.15999984741211,48.5,875500
2007-02-05,40.45928955078125,47.61000061035156,48.349998474121094,47.290000915527344,48.349998474121094,1026400
2007-02-06,40.23834228515625,47.349998474121094,48.0,47.25,47.709999084472656,782300
2007-02-07,40.45928955078125,47.61000061035156,47.650001525878906,47.22999954223633,47.400001525878906,1067300
2007-02-08,40.12786865234375,47.220001220703125,47.52000045776367,47.08000183105469,47.5099983215332,727600
2007-02-09,39.4735107421875,46.45000076293945,47.369998931884766,46.25,47.25,935900
2007-02-12,38.725685119628906,45.56999969482422,46.31999969482422,45.310001373291016,46.0099983215332,1324000
2007-02-13,39.898414611816406,46.95000076293945,46.95000076293945,44.869998931884766,45.5,1656900
2007-02-14,39.81344985961914,46.849998474121094,47.65999984741211,46.75,46.75,820200
2007-02-15,40.02588653564453,47.099998474121094,47.31999969482422,46.70000076293945,46.970001220703125,469700
2007-02-16,39.83042907714844,46.869998931884766,46.939998626708984,46.11000061035156,46.93000030517578,442700
2007-02-20,41.232608795166016,48.52000045776367,50.400001525878906,48.02000045776367,50.33000183105469,1475700
2007-02-21,41.8869743347168,49.290000915527344,49.66999816894531,47.790000915527344,48.099998474121094,942800
2007-02-22,41.9549560546875,49.369998931884766,49.7400016784668,47.810001373291016,49.650001525878906,1212300
2007-02-23,41.38559341430664,48.70000076293945,49.36000061035156,48.43000030517578,49.20000076293945,541300
2007-02-26,40.83319854736328,48.04999923706055,48.709999084472656,47.97999954223633,48.70000076293945,619200
2007-02-27,39.4735107421875,46.45000076293945,47.7599983215332,46.0,47.540000915527344,1091200
2007-02-28,39.363040924072266,46.31999969482422,47.5099983215332,46.0,46.599998474121094,1186900
2007-03-01,39.363040924072266,46.31999969482422,46.400001525878906,44.45000076293945,44.599998474121094,964600
2007-03-02,38.895652770996094,45.77000045776367,46.20000076293945,45.56999969482422,45.880001068115234,745700
2007-03-05,37.2810173034668,43.869998931884766,45.380001068115234,43.709999084472656,45.25,875400
2007-03-06,38.113826751708984,44.849998474121094,45.310001373291016,44.33000183105469,44.5,685300
2007-03-07,38.24129867553711,45.0,45.40999984741211,44.779998779296875,44.779998779296875,472200
2007-03-08,38.436767578125,45.22999954223633,45.75,45.150001525878906,45.45000076293945,601800
2007-03-09,38.86166763305664,45.72999954223633,45.9900016784668,45.2599983215332,45.47999954223633,552300
2007-03-12,38.22430419921875,44.97999954223633,45.68000030517578,44.83000183105469,45.68000030517578,814400
2007-03-13,37.02607727050781,43.56999969482422,44.81999969482422,43.279998779296875,44.810001373291016,940200
2007-03-14,37.119571685791016,43.68000030517578,43.939998626708984,43.150001525878906,43.56999969482422,804700
2007-03-15,37.64643478393555,44.29999923706055,45.0,43.529998779296875,43.720001220703125,778800
2007-03-16,36.9070930480957,43.43000030517578,44.45000076293945,42.900001525878906,44.04999923706055,943000
2007-03-19,36.96658706665039,43.5,44.0,43.47999954223633,43.75,601000
2007-03-20,37.39998245239258,44.0099983215332,44.099998474121094,43.0,43.29999923706055,653900
2007-03-21,38.53900909423828,45.16999816894531,45.20000076293945,43.90999984741211,44.0099983215332,1055800
2007-03-22,38.41103744506836,45.02000045776367,45.869998931884766,44.650001525878906,45.2599983215332,901900
2007-03-23,38.53047561645508,45.15999984741211,45.41999816894531,44.790000915527344,45.040000915527344,636000
2007-03-26,38.46223449707031,45.08000183105469,45.38999938964844,44.040000915527344,45.13999938964844,847900
2007-03-27,38.2574462890625,44.84000015258789,45.119998931884766,44.619998931884766,44.83000183105469,911800
2007-03-28,37.40425109863281,43.84000015258789,44.150001525878906,43.619998931884766,44.060001373291016,1023800
2007-03-29,37.54929733276367,44.0099983215332,44.2599983215332,43.40999984741211,43.79999923706055,480900
2007-03-30,38.078277587890625,44.630001068115234,44.77000045776367,43.95000076293945,44.0,1256000
2007-04-02,38.078277587890625,44.630001068115234,45.16999816894531,44.599998474121094,44.599998474121094,1097500
2007-04-03,39.451927185058594,46.2400016784668,46.65999984741211,44.619998931884766,44.630001068115234,1550700
2007-04-04,39.895591735839844,46.7599983215332,47.119998931884766,45.81999969482422,46.29999923706055,1186000
2007-04-05,40.41604995727539,47.369998931884766,47.7400016784668,45.86000061035156,46.0099983215332,941000
2007-04-09,40.125972747802734,47.029998779296875,47.720001220703125,46.95000076293945,47.5,507700
2007-04-10,40.36486053466797,47.310001373291016,47.79999923706055,47.0099983215332,47.0099983215332,536200
2007-04-11,39.6225471496582,46.439998626708984,47.310001373291016,46.119998931884766,47.310001373291016,750500
2007-04-12,39.60551834106445,46.41999816894531,46.689998626708984,45.900001525878906,46.4900016784668,609500
2007-04-13,38.94001007080078,45.63999938964844,46.41999816894531,44.86000061035156,46.41999816894531,1140800
2007-04-16,39.28982162475586,46.04999923706055,46.189998626708984,45.630001068115234,45.650001525878906,562500
2007-04-17,38.85469436645508,45.540000915527344,46.220001220703125,44.959999084472656,46.0099983215332,1058100
2007-04-18,38.675533294677734,45.33000183105469,45.91999816894531,44.9900016784668,45.540000915527344,819500
2007-04-19,38.12094497680664,44.68000030517578,45.630001068115234,44.47999954223633,44.849998474121094,776700
2007-04-20,38.385440826416016,44.9900016784668,45.58000183105469,44.54999923706055,45.38999938964844,966000
2007-04-23,38.06974792480469,44.619998931884766,45.33000183105469,44.25,45.20000076293945,799900
2007-04-24,38.42809295654297,45.040000915527344,45.20000076293945,43.810001373291016,44.619998931884766,844800
2007-04-25,38.53047561645508,45.15999984741211,45.380001068115234,44.68000030517578,45.02000045776367,605000
2007-04-26,39.34102249145508,46.11000061035156,46.25,45.02000045776367,45.09000015258789,936000
2007-04-27,39.110652923583984,45.84000015258789,46.099998474121094,45.43000030517578,45.95000076293945,915900
2007-04-30,38.06122589111328,44.61000061035156,46.25,44.61000061035156,46.0,942800
2007-05-01,37.66874313354492,44.150001525878906,44.58000183105469,43.25,44.150001525878906,1398800
2007-05-02,40.73173522949219,47.7400016784668,49.650001525878906,46.59000015258789,47.4900016784668,3850400
2007-05-03,42.03711700439453,49.27000045776367,49.5,47.93000030517578,48.099998474121094,2051300
2007-05-04,42.07126235961914,49.310001373291016,50.369998931884766,49.16999816894531,49.56999969482422,1290100
2007-05-07,42.122440338134766,49.369998931884766,49.540000915527344,49.09000015258789,49.310001373291016,791400
2007-05-08,41.43986511230469,48.56999969482422,48.93000030517578,48.2599983215332,48.349998474121094,855200
2007-05-09,40.71466064453125,47.720001220703125,47.88999938964844,47.40999984741211,47.43000030517578,1169400
2007-05-10,39.46045684814453,46.25,47.599998474121094,46.119998931884766,47.599998474121094,917800
2007-05-11,39.55430221557617,46.36000061035156,46.650001525878906,45.95000076293945,46.349998474121094,719600
2007-05-14,38.9912109375,45.70000076293945,46.43000030517578,45.36000061035156,46.310001373291016,582800
2007-05-15,38.556060791015625,45.189998626708984,46.18000030517578,45.06999969482422,45.619998931884766,763100
2007-05-16,38.71818542480469,45.380001068115234,45.38999938964844,44.540000915527344,45.25,536600
2007-05-17,38.46223449707031,45.08000183105469,45.43000030517578,44.599998474121094,44.88999938964844,611200
2007-05-18,38.146549224853516,44.709999084472656,45.5,44.34000015258789,45.349998474121094,1027500
2007-05-21,39.74201583862305,46.58000183105469,47.130001068115234,45.0,45.02000045776367,1747000
2007-05-22,40.1088981628418,47.0099983215332,47.189998626708984,46.61000061035156,46.779998779296875,747100
2007-05-23,40.22835922241211,47.150001525878906,48.20000076293945,46.84000015258789,46.900001525878906,1091800
2007-05-24,40.578163146972656,47.560001373291016,48.599998474121094,47.02000045776367,47.27000045776367,1320900
2007-05-25,40.43310546875,47.38999938964844,48.38999938964844,47.279998779296875,47.599998474121094,756600
2007-05-29,41.99445724487305,49.220001220703125,49.349998474121094,47.5,47.5,1231100
2007-05-30,42.83059310913086,50.20000076293945,50.380001068115234,48.5,49.0,1628000
2007-05-31,42.80500793457031,50.16999816894531,51.189998626708984,50.0099983215332,50.209999084472656,979500
2007-06-01,42.68556594848633,50.029998779296875,51.25,49.880001068115234,50.5,820500
2007-06-04,43.29133224487305,50.7400016784668,50.88999938964844,49.880001068115234,50.0,500400
2007-06-05,42.429595947265625,49.72999954223633,51.0,49.630001068115234,50.9900016784668,638700
2007-06-06,40.80851745605469,47.83000183105469,49.22999954223633,47.25,49.20000076293945,1368400
2007-06-07,40.91942596435547,47.959999084472656,48.349998474121094,47.630001068115234,47.849998474121094,1586000
2007-06-08,41.712913513183594,48.88999938964844,48.970001220703125,47.900001525878906,48.0,943700
2007-06-11,41.499610900878906,48.63999938964844,48.91999816894531,48.0,48.599998474121094,625100
2007-06-12,40.56962966918945,47.54999923706055,48.5,47.5,48.029998779296875,708100
2007-06-13,40.48430252075195,47.45000076293945,48.04999923706055,47.02000045776367,47.79999923706055,640000
2007-06-14,40.79145050048828,47.810001373291016,48.209999084472656,47.5,47.5,662800
2007-06-15,40.93650817871094,47.97999954223633,48.83000183105469,47.90999984741211,48.2599983215332,562800
2007-06-18,41.28778076171875,48.189998626708984,48.31999969482422,47.75,48.0,672500
2007-06-19,40.75658416748047,47.56999969482422,48.4900016784668,47.5,48.189998626708984,729800
2007-06-20,40.34532928466797,47.09000015258789,48.04999923706055,47.0,47.5099983215332,633500
2007-06-21,41.202083587646484,48.09000015258789,48.220001220703125,46.939998626708984,47.0,610800
2007-06-22,41.43342590332031,48.36000061035156,48.810001373291016,47.95000076293945,47.95000076293945,849600
2007-06-25,40.56809616088867,47.349998474121094,48.63999938964844,47.310001373291016,48.5,887300
2007-06-26,40.56809616088867,47.349998474121094,48.11000061035156,47.25,47.599998474121094,655300
2007-06-27,41.193546295166016,48.08000183105469,48.119998931884766,47.0,47.529998779296875,958400
2007-06-28,41.921791076660156,48.93000030517578,49.189998626708984,48.09000015258789,48.099998474121094,978000
2007-06-29,42.024574279785156,49.04999923706055,49.540000915527344,48.790000915527344,49.099998474121094,692200
2007-07-02,42.932762145996094,50.11000061035156,50.25,49.279998779296875,49.5099983215332,906500
2007-07-03,42.65003967285156,49.779998779296875,50.150001525878906,49.72999954223633,49.95000076293945,376100
2007-07-05,43.438262939453125,50.70000076293945,50.720001220703125,49.88999938964844,49.9900016784668,1298500
2007-07-06,43.6524658203125,50.95000076293945,52.15999984741211,50.5099983215332,50.959999084472656,912900
2007-07-09,42.264503479003906,49.33000183105469,50.95000076293945,49.29999923706055,50.36000061035156,884800
2007-07-10,41.441986083984375,48.369998931884766,49.4900016784668,48.279998779296875,49.08000183105469,808500
2007-07-11,40.96220397949219,47.810001373291016,48.4900016784668,47.2599983215332,48.380001068115234,1240700
2007-07-12,42.22166061401367,49.279998779296875,49.36000061035156,47.810001373291016,48.29999923706055,1169900
2007-07-13,43.56679153442383,50.849998474121094,50.959999084472656,49.08000183105469,49.08000183105469,1249800
2007-07-16,43.146968841552734,50.36000061035156,50.849998474121094,50.22999954223633,50.849998474121094,1102200
2007-07-17,43.05270767211914,50.25,50.91999816894531,49.95000076293945,50.650001525878906,624900
2007-07-18,42.110260009765625,49.150001525878906,50.0,48.790000915527344,50.0,839600
2007-07-19,41.5962028503418,48.54999923706055,49.68000030517578,48.20000076293945,48.939998626708984,727600
2007-07-20,40.1654052734375,46.880001068115234,48.11000061035156,46.720001220703125,48.11000061035156,1175600
2007-07-23,40.730873107910156,47.540000915527344,47.720001220703125,46.869998931884766,47.0,1213300
2007-07-24,40.01119613647461,46.70000076293945,47.599998474121094,46.43000030517578,46.91999816894531,1541800
2007-07-25,38.55466842651367,45.0,46.970001220703125,44.16999816894531,46.7599983215332,1998100
2007-07-26,37.62936019897461,43.91999816894531,44.70000076293945,42.599998474121094,44.18000030517578,1518900
2007-07-27,36.87540817260742,43.040000915527344,44.0099983215332,42.630001068115234,43.70000076293945,1118100
2007-07-30,37.980648040771484,44.33000183105469,45.04999923706055,42.77000045776367,43.150001525878906,1626600
2007-07-31,37.466556549072266,43.72999954223633,47.400001525878906,43.72999954223633,46.97999954223633,2821700
2007-08-01,37.509422302246094,43.779998779296875,43.86000061035156,41.130001068115234,43.369998931884766,2530100
2007-08-02,37.74074935913086,44.04999923706055,44.779998779296875,43.70000076293945,43.90999984741211,1459600
2007-08-03,35.51314163208008,41.45000076293945,43.939998626708984,40.869998931884766,43.83000183105469,1563200
2007-08-06,35.547420501708984,41.4900016784668,41.72999954223633,39.81999969482422,41.540000915527344,1187600
2007-08-07,36.46414566040039,42.560001373291016,43.0,41.0,41.2599983215332,1102000
2007-08-08,37.226680755615234,43.45000076293945,44.7400016784668,43.08000183105469,43.619998931884766,1682300
2007-08-09,36.89253234863281,43.060001373291016,44.4900016784668,41.91999816894531,41.91999816894531,967200
2007-08-10,35.84727478027344,41.84000015258789,43.0099983215332,39.630001068115234,42.959999084472656,1591100
2007-08-13,35.187583923339844,41.06999969482422,44.36000061035156,40.63999938964844,41.84000015258789,1006900
2007-08-14,34.305084228515625,40.040000915527344,41.099998474121094,39.779998779296875,41.06999969482422,893800
2007-08-15,32.66864013671875,38.130001068115234,40.349998474121094,37.7400016784668,39.75,1591400
2007-08-16,33.799598693847656,39.45000076293945,39.72999954223633,36.970001220703125,37.7599983215332,1869700
2007-08-17,33.773902893066406,39.41999816894531,41.4900016784668,37.939998626708984,40.810001373291016,1700700
2007-08-20,34.08233642578125,39.779998779296875,40.31999969482422,38.56999969482422,38.56999969482422,810600
2007-08-21,33.41404724121094,39.0,39.63999938964844,38.83000183105469,39.400001525878906,1030500
2007-08-22,33.62824630737305,39.25,40.11000061035156,38.58000183105469,39.619998931884766,957700
2007-08-23,32.68581771850586,38.150001525878906,39.400001525878906,37.790000915527344,39.349998474121094,1175900
2007-08-24,33.037071228027344,38.560001373291016,39.2400016784668,37.86000061035156,38.38999938964844,642800
2007-08-27,32.694366455078125,38.15999984741211,39.060001373291016,38.029998779296875,38.58000183105469,550400
2007-08-28,31.597702026367188,36.880001068115234,37.61000061035156,36.79999923706055,37.61000061035156,1074800
2007-08-29,32.300254821777344,37.70000076293945,37.810001373291016,36.709999084472656,37.130001068115234,1199400
2007-08-30,32.60011672973633,38.04999923706055,38.27000045776367,37.08000183105469,37.08000183105469,605000
2007-08-31,32.52301025390625,37.959999084472656,39.0,37.939998626708984,38.7400016784668,503300
2007-09-04,32.660099029541016,38.119998931884766,38.36000061035156,37.689998626708984,37.90999984741211,677300
2007-09-05,32.188880920410156,37.56999969482422,38.08000183105469,37.36000061035156,37.72999954223633,690300
2007-09-06,32.300254821777344,37.70000076293945,38.02000045776367,37.060001373291016,37.56999969482422,705800
2007-09-07,32.12889862060547,37.5,37.68000030517578,36.77000045776367,37.29999923706055,1000100
2007-09-10,31.597702026367188,36.880001068115234,37.880001068115234,36.880001068115234,37.849998474121094,1249200
2007-09-11,30.903717041015625,36.06999969482422,36.95000076293945,35.939998626708984,36.689998626708984,1318800
2007-09-12,30.560998916625977,35.66999816894531,36.29999923706055,35.66999816894531,36.0,1411900
2007-09-13,31.143600463867188,36.349998474121094,36.4900016784668,35.75,36.0,1380700
2007-09-14,31.366365432739258,36.61000061035156,36.619998931884766,35.540000915527344,35.810001373291016,920800
2007-09-17,30.646682739257812,35.77000045776367,36.79999923706055,35.75,36.29999923706055,490600
2007-09-18,31.623401641845703,36.90999984741211,36.9900016784668,35.369998931884766,35.81999969482422,1118600
2007-09-19,32.22314453125,37.61000061035156,37.88999938964844,37.08000183105469,37.4900016784668,924600
2007-09-20,31.057924270629883,36.25,37.630001068115234,35.83000183105469,37.630001068115234,1111600
2007-09-21,31.35780906677246,36.599998474121094,36.90999984741211,36.459999084472656,36.52000045776367,585300
2007-09-24,31.057924270629883,36.25,36.88999938964844,36.04999923706055,36.83000183105469,638300
2007-09-25,30.946548461914062,36.119998931884766,36.36000061035156,35.119998931884766,35.65999984741211,1028600
2007-09-26,30.73236083984375,35.869998931884766,36.290000915527344,35.58000183105469,36.130001068115234,881300
2007-09-27,30.62955093383789,35.75,36.15999984741211,35.59000015258789,35.849998474121094,938900
2007-09-28,30.62097930908203,35.7400016784668,36.36000061035156,35.369998931884766,35.75,665900
2007-10-01,31.066490173339844,36.2599983215332,36.630001068115234,35.470001220703125,35.810001373291016,825400
2007-10-02,31.923276901245117,37.2599983215332,37.310001373291016,36.2599983215332,36.36000061035156,508900
2007-10-03,32.58655548095703,37.83000183105469,37.970001220703125,36.40999984741211,37.06999969482422,1201100
2007-10-04,31.880189895629883,37.0099983215332,38.04999923706055,36.84000015258789,37.97999954223633,854400
2007-10-05,33.577144622802734,38.97999954223633,39.369998931884766,37.040000915527344,37.279998779296875,1220800
2007-10-08,33.292903900146484,38.650001525878906,38.97999954223633,38.25,38.970001220703125,409100
2007-10-09,33.10338592529297,38.43000030517578,38.869998931884766,37.47999954223633,38.47999954223633,546900
2007-10-10,33.24980926513672,38.599998474121094,38.959999084472656,38.20000076293945,38.5,442400
2007-10-11,33.64607238769531,39.060001373291016,39.75,38.5099983215332,38.97999954223633,776400
2007-10-12,33.68049621582031,39.099998474121094,39.47999954223633,38.66999816894531,39.290000915527344,325500
2007-10-15,33.516849517822266,38.90999984741211,39.4900016784668,38.689998626708984,39.099998474121094,724200
2007-10-16,32.47456359863281,37.70000076293945,38.84000015258789,37.20000076293945,38.790000915527344,996400
2007-10-17,31.98356819152832,37.130001068115234,38.15999984741211,36.560001373291016,38.099998474121094,614700
2007-10-18,31.699304580688477,36.79999923706055,36.970001220703125,36.52000045776367,36.88999938964844,493200
2007-10-19,31.06187629699707,36.060001373291016,37.02000045776367,36.0,36.5,685800
2007-10-22,31.440895080566406,36.5,37.31999969482422,35.83000183105469,35.93000030517578,1174600
2007-10-23,32.724369049072266,37.9900016784668,38.34000015258789,35.95000076293945,38.130001068115234,1700300
2007-10-24,33.24980926513672,38.599998474121094,38.709999084472656,37.439998626708984,37.439998626708984,1612000
2007-10-25,33.12923812866211,38.459999084472656,38.68000030517578,37.720001220703125,38.599998474121094,993800
2007-10-26,33.07754135131836,38.400001525878906,38.900001525878906,37.9900016784668,38.65999984741211,620700
2007-10-29,33.25843811035156,38.61000061035156,39.150001525878906,38.43000030517578,38.58000183105469,581000
2007-10-30,33.73219299316406,39.15999984741211,39.27000045776367,38.25,38.25,718800
2007-10-31,34.033687591552734,39.5099983215332,39.650001525878906,38.72999954223633,39.40999984741211,1261300
2007-11-01,33.13783645629883,38.470001220703125,39.369998931884766,38.25,39.25,573200
2007-11-02,32.91386032104492,38.209999084472656,38.560001373291016,37.279998779296875,38.380001068115234,874600
2007-11-05,32.48316955566406,37.709999084472656,38.40999984741211,37.47999954223633,37.66999816894531,735300
2007-11-06,32.75882339477539,38.029998779296875,38.16999816894531,37.38999938964844,37.790000915527344,534500
2007-11-07,31.638999938964844,36.72999954223633,38.11000061035156,36.59000015258789,37.22999954223633,719700
2007-11-08,32.04385757446289,37.20000076293945,37.380001068115234,36.0,36.63999938964844,731200
2007-11-09,32.078304290771484,37.2400016784668,37.619998931884766,36.2400016784668,36.40999984741211,616000
2007-11-12,31.992185592651367,37.13999938964844,37.650001525878906,36.86000061035156,37.56999969482422,739000
2007-11-13,32.793277740478516,38.06999969482422,38.150001525878906,37.29999923706055,37.29999923706055,388500
2007-11-14,32.42289352416992,37.63999938964844,38.650001525878906,37.619998931884766,38.349998474121094,546900
2007-11-15,32.517635345458984,37.75,38.560001373291016,37.369998931884766,37.52000045776367,552200
2007-11-16,31.862991333007812,36.9900016784668,38.290000915527344,36.84000015258789,37.7400016784668,870400
2007-11-19,30.252153396606445,35.119998931884766,36.5,35.09000015258789,36.5,880700
2007-11-20,29.97651481628418,34.79999923706055,35.779998779296875,34.380001068115234,35.310001373291016,610000
2007-11-21,29.24433135986328,33.95000076293945,34.79999923706055,33.810001373291016,34.59000015258789,1255900
2007-11-23,29.916217803955078,34.72999954223633,34.88999938964844,33.91999816894531,34.060001373291016,272000
2007-11-26,30.079883575439453,34.91999816894531,35.630001068115234,34.5099983215332,34.5099983215332,630300
2007-11-27,30.346923828125,35.22999954223633,35.40999984741211,34.529998779296875,35.29999923706055,727300
2007-11-28,32.216156005859375,37.400001525878906,37.560001373291016,35.31999969482422,35.31999969482422,1392000
2007-11-29,32.20753860473633,37.38999938964844,38.0,36.380001068115234,37.029998779296875,1956400
2007-11-30,33.585758209228516,38.9900016784668,39.060001373291016,37.61000061035156,37.689998626708984,1571800
2007-12-03,33.206748962402344,38.54999923706055,39.540000915527344,38.369998931884766,39.0,945100
2007-12-04,33.146453857421875,38.47999954223633,39.22999954223633,37.599998474121094,37.95000076293945,1495200
2007-12-05,34.16288757324219,39.65999984741211,39.66999816894531,38.439998626708984,38.7599983215332,1343400
2007-12-06,35.067344665527344,40.709999084472656,41.099998474121094,39.619998931884766,39.619998931884766,735000
2007-12-07,34.88645553588867,40.5,41.27000045776367,40.18000030517578,41.27000045776367,1559800
2007-12-10,34.49882507324219,40.04999923706055,40.70000076293945,39.79999923706055,40.22999954223633,682900
2007-12-11,32.84495162963867,38.130001068115234,40.79999923706055,37.959999084472656,39.95000076293945,908200
2007-12-12,32.8018913269043,38.08000183105469,39.83000183105469,37.779998779296875,39.52000045776367,448100
2007-12-13,32.55209732055664,37.790000915527344,38.279998779296875,37.369998931884766,37.779998779296875,462400
2007-12-14,31.41505241394043,36.470001220703125,37.58000183105469,36.459999084472656,37.459999084472656,619900
2007-12-17,30.992963790893555,35.97999954223633,36.27000045776367,35.529998779296875,36.20000076293945,944300
2007-12-18,31.173852920532227,36.189998626708984,36.33000183105469,35.709999084472656,36.0,865200
2007-12-19,30.922672271728516,35.70000076293945,36.20000076293945,35.5,35.9900016784668,645400
2007-12-20,31.47701072692871,36.34000015258789,36.34000015258789,35.58000183105469,35.790000915527344,418200
2007-12-21,31.45969581604004,36.31999969482422,36.75,36.08000183105469,36.75,493700
2007-12-24,31.65891456604004,36.54999923706055,36.560001373291016,36.130001068115234,36.130001068115234,210400
2007-12-26,31.338438034057617,36.18000030517578,36.70000076293945,36.0,36.220001220703125,340100
2007-12-27,30.732093811035156,35.47999954223633,36.189998626708984,35.38999938964844,36.0,340000
2007-12-28,30.619495391845703,35.349998474121094,35.939998626708984,35.099998474121094,35.619998931884766,412700
2007-12-31,30.732093811035156,35.47999954223633,35.75,35.20000076293945,35.33000183105469,271400
2008-01-02,30.99195671081543,35.779998779296875,36.36000061035156,35.38999938964844,35.630001068115234,529400
2008-01-03,30.628158569335938,35.36000061035156,36.15999984741211,35.08000183105469,35.95000076293945,713300
2008-01-04,29.424175262451172,33.970001220703125,35.09000015258789,33.959999084472656,35.09000015258789,823200
2008-01-07,28.072935104370117,32.40999984741211,34.25,32.0099983215332,34.150001525878906,1264600
2008-01-08,26.409868240356445,30.489999771118164,32.91999816894531,30.479999542236328,32.16999816894531,779700
2008-01-09,26.739013671875,30.8700008392334,31.209999084472656,30.1299991607666,30.190000534057617,1011100
2008-01-10,27.535900115966797,31.790000915527344,32.279998779296875,30.600000381469727,30.940000534057617,935900
2008-01-11,26.71302604675293,30.84000015258789,31.790000915527344,30.540000915527344,31.670000076293945,924800
2008-01-14,26.643733978271484,30.760000228881836,31.049999237060547,29.989999771118164,30.920000076293945,904800
2008-01-15,26.42718505859375,30.510000228881836,31.1299991607666,30.209999084472656,30.450000762939453,1110400
2008-01-16,26.461824417114258,30.549999237060547,31.100000381469727,30.059999465942383,30.170000076293945,1024100
2008-01-17,25.16255760192871,29.049999237060547,30.850000381469727,28.940000534057617,30.540000915527344,1060100
2008-01-18,25.509033203125,29.450000762939453,30.440000534057617,29.030000686645508,29.40999984741211,949000
2008-01-22,26.920902252197266,31.079999923706055,31.579999923706055,28.209999084472656,28.209999084472656,972400
2008-01-23,29.458826065063477,34.0099983215332,34.290000915527344,29.899999618530273,29.899999618530273,1115800
2008-01-24,30.550203323364258,35.27000045776367,35.65999984741211,33.58000183105469,34.0,1257600
2008-01-25,28.930442810058594,33.400001525878906,35.790000915527344,33.38999938964844,35.43000030517578,1222300
2008-01-28,29.276912689208984,33.79999923706055,34.06999969482422,32.290000915527344,33.11000061035156,1235100
2008-01-29,30.31633949279785,35.0,35.630001068115234,33.810001373291016,33.810001373291016,1426900
2008-01-30,29.90923500061035,34.529998779296875,35.29999923706055,34.189998626708984,34.65999984741211,780500
2008-01-31,32.655033111572266,37.70000076293945,38.2400016784668,34.20000076293945,34.529998779296875,2434400
2008-02-01,33.131439208984375,38.25,38.29999923706055,36.5,37.79999923706055,887800
2008-02-04,32.204620361328125,37.18000030517578,38.5,36.70000076293945,38.310001373291016,655600
2008-02-05,30.654146194458008,35.38999938964844,36.75,34.93000030517578,36.75,753500
2008-02-06,29.813945770263672,34.41999816894531,35.86000061035156,34.2599983215332,35.5,557000
2008-02-07,30.437602996826172,35.13999938964844,36.0099983215332,34.0,34.040000915527344,549800
2008-02-08,30.498245239257812,35.209999084472656,35.849998474121094,34.54999923706055,34.810001373291016,388900
2008-02-11,30.619495391845703,35.349998474121094,35.75,34.290000915527344,34.869998931884766,456800
2008-02-12,29.84860610961914,34.459999084472656,35.95000076293945,34.11000061035156,35.63999938964844,734300
2008-02-13,30.221071243286133,34.88999938964844,35.060001373291016,34.0,34.72999954223633,399300
2008-02-14,29.857257843017578,34.470001220703125,35.029998779296875,34.0,34.66999816894531,518900
2008-02-15,29.744646072387695,34.34000015258789,34.70000076293945,34.0,34.27000045776367,598900
2008-02-19,30.15177345275879,34.810001373291016,35.02000045776367,34.0,34.68000030517578,546400
2008-02-20,31.20849609375,36.029998779296875,36.25,34.40999984741211,34.59000015258789,648800
2008-02-21,30.922672271728516,35.70000076293945,36.70000076293945,35.41999816894531,36.349998474121094,481300
2008-02-22,31.329769134521484,36.16999816894531,36.189998626708984,34.880001068115234,35.84000015258789,436900
2008-02-25,31.4250431060791,36.279998779296875,36.279998779296875,35.209999084472656,36.25,380900
2008-02-26,31.996734619140625,36.939998626708984,37.880001068115234,36.02000045776367,36.130001068115234,752600
2008-02-27,31.88414192199707,36.810001373291016,37.43000030517578,36.22999954223633,36.630001068115234,637000
2008-02-28,31.6329288482666,36.52000045776367,36.83000183105469,35.970001220703125,36.5,555600
2008-02-29,30.801393508911133,35.560001373291016,36.20000076293945,35.33000183105469,36.20000076293945,703400
2008-03-03,30.766756057739258,35.52000045776367,35.810001373291016,35.029998779296875,35.75,508600
2008-03-04,30.15177345275879,34.810001373291016,35.400001525878906,34.65999984741211,35.0,1010200
2008-03-05,30.27302360534668,34.95000076293945,35.099998474121094,34.47999954223633,34.709999084472656,992000
2008-03-06,29.493471145629883,34.04999923706055,34.939998626708984,33.959999084472656,34.68000030517578,623500
2008-03-07,29.302906036376953,33.83000183105469,34.720001220703125,33.13999938964844,33.4900016784668,1039900
2008-03-10,28.592641830444336,33.0099983215332,33.900001525878906,32.9900016784668,33.59000015258789,968000
2008-03-11,29.6060791015625,34.18000030517578,34.220001220703125,32.90999984741211,34.209999084472656,703400
2008-03-12,29.900585174560547,34.52000045776367,35.439998626708984,33.560001373291016,34.52000045776367,669800
2008-03-13,31.026609420776367,35.81999969482422,35.970001220703125,32.16999816894531,32.16999816894531,967700
2008-03-14,30.186397552490234,34.849998474121094,35.900001525878906,34.25,35.4900016784668,1191700
2008-03-17,29.70135498046875,34.290000915527344,35.5,33.5,33.709999084472656,1148700
2008-03-18,30.232816696166992,34.70000076293945,35.13999938964844,33.95000076293945,34.349998474121094,994800
2008-03-19,29.77976417541504,34.18000030517578,35.040000915527344,33.97999954223633,34.709999084472656,1086400
2008-03-20,30.485504150390625,34.9900016784668,35.150001525878906,34.060001373291016,34.06999969482422,866700
2008-03-24,32.64622497558594,37.470001220703125,38.459999084472656,34.97999954223633,34.97999954223633,978000
2008-03-25,32.498104095458984,37.29999923706055,37.93000030517578,36.560001373291016,37.369998931884766,688200
2008-03-26,31.818523406982422,36.52000045776367,37.25,36.099998474121094,36.97999954223633,493800
2008-03-27,31.182493209838867,35.790000915527344,37.34000015258789,35.790000915527344,36.79999923706055,617600
2008-03-28,30.20668601989746,34.66999816894531,36.43000030517578,34.560001373291016,35.900001525878906,1044000
2008-03-31,30.9733943939209,35.54999923706055,35.61000061035156,34.16999816894531,34.470001220703125,771300
2008-04-01,32.498104095458984,37.29999923706055,37.4900016784668,35.56999969482422,36.720001220703125,701800
2008-04-02,32.11475372314453,36.86000061035156,38.02000045776367,36.70000076293945,37.400001525878906,606200
2008-04-03,32.010215759277344,36.7400016784668,36.75,35.90999984741211,36.470001220703125,572900
2008-04-04,31.80107879638672,36.5,37.13999938964844,36.2400016784668,37.0,390400
2008-04-07,31.295759201049805,35.91999816894531,37.25,35.88999938964844,36.54999923706055,531000
2008-04-08,31.226045608520508,35.84000015258789,35.90999984741211,35.06999969482422,35.790000915527344,454200
2008-04-09,31.391597747802734,36.029998779296875,36.27000045776367,35.650001525878906,36.02000045776367,627600
2008-04-10,31.78366470336914,36.47999954223633,36.790000915527344,35.84000015258789,36.099998474121094,658000
2008-04-11,31.574554443359375,36.2400016784668,36.5,35.75,36.349998474121094,330900
2008-04-14,31.626840591430664,36.29999923706055,36.63999938964844,35.58000183105469,36.08000183105469,593400
2008-04-15,31.870792388916016,36.58000183105469,36.720001220703125,36.099998474121094,36.470001220703125,661400
2008-04-16,32.593929290771484,37.40999984741211,37.41999816894531,36.380001068115234,36.72999954223633,834900
2008-04-17,32.698486328125,37.529998779296875,37.709999084472656,37.06999969482422,37.369998931884766,373100
2008-04-18,32.65492630004883,37.47999954223633,38.25,37.41999816894531,38.04999923706055,925400
2008-04-21,32.5590934753418,37.369998931884766,37.52000045776367,36.459999084472656,37.150001525878906,605300
2008-04-22,31.870792388916016,36.58000183105469,37.439998626708984,35.900001525878906,36.97999954223633,463400
2008-04-23,30.53775405883789,35.04999923706055,36.810001373291016,34.81999969482422,36.400001525878906,544100
2008-04-24,31.0430965423584,35.630001068115234,35.63999938964844,34.130001068115234,34.93000030517578,707700
2008-04-25,30.86012840270996,35.41999816894531,36.02000045776367,34.849998474121094,35.72999954223633,573000
2008-04-28,31.792381286621094,36.4900016784668,37.11000061035156,35.189998626708984,35.38999938964844,1254300
2008-04-29,31.80107879638672,36.5,36.650001525878906,35.9900016784668,36.40999984741211,465400
2008-04-30,31.609403610229492,36.279998779296875,37.13999938964844,35.900001525878906,36.279998779296875,861400
2008-05-01,32.23671340942383,37.0,37.400001525878906,35.720001220703125,36.119998931884766,633100
2008-05-02,31.870792388916016,36.58000183105469,37.91999816894531,36.380001068115234,37.20000076293945,587500
2008-05-05,31.71397590637207,36.400001525878906,36.9900016784668,35.91999816894531,36.5,795500
2008-05-06,31.84465217590332,36.54999923706055,36.59000015258789,35.29999923706055,35.97999954223633,785800
2008-05-07,30.590055465698242,35.11000061035156,38.0,34.90999984741211,34.93000030517578,2314000
2008-05-08,31.130218505859375,35.72999954223633,36.18000030517578,34.869998931884766,35.11000061035156,1158800
2008-05-09,30.24152183532715,34.709999084472656,36.0099983215332,34.58000183105469,35.130001068115234,703500
2008-05-12,30.746868133544922,35.290000915527344,35.5,34.599998474121094,34.599998474121094,843700
2008-05-13,30.921127319335938,35.4900016784668,35.650001525878906,34.959999084472656,35.13999938964844,403300
2008-05-14,31.2521915435791,35.869998931884766,36.09000015258789,35.4900016784668,35.4900016784668,423500
2008-05-15,31.191219329833984,35.79999923706055,36.209999084472656,35.4900016784668,35.869998931884766,533100
2008-05-16,32.34999084472656,37.130001068115234,37.15999984741211,35.709999084472656,36.0,552500
2008-05-19,32.89888381958008,37.7599983215332,38.88999938964844,36.79999923706055,37.220001220703125,921500
2008-05-20,32.98600769042969,37.86000061035156,37.91999816894531,37.40999984741211,37.56999969482422,558400
2008-05-21,31.940494537353516,36.65999984741211,37.959999084472656,36.58000183105469,37.86000061035156,469800
2008-05-22,31.792381286621094,36.4900016784668,37.040000915527344,36.31999969482422,36.599998474121094,291900
2008-05-23,30.842710494995117,35.400001525878906,36.34000015258789,34.93000030517578,36.34000015258789,590200
2008-05-27,31.295759201049805,35.91999816894531,35.97999954223633,35.099998474121094,35.130001068115234,266000
2008-05-28,31.313196182250977,35.939998626708984,36.33000183105469,35.75,36.0,341100
2008-05-29,31.121517181396484,35.720001220703125,36.08000183105469,35.38999938964844,35.79999923706055,408400
2008-05-30,31.23477554321289,35.849998474121094,35.97999954223633,35.68000030517578,35.939998626708984,529000
2008-06-02,30.894983291625977,35.459999084472656,35.970001220703125,35.11000061035156,35.7400016784668,734100
2008-06-03,31.016952514648438,35.599998474121094,35.790000915527344,35.0,35.349998474121094,527800
2008-06-04,31.409027099609375,36.04999923706055,37.060001373291016,35.52000045776367,35.720001220703125,664600
2008-06-05,31.687833786010742,36.369998931884766,36.63999938964844,35.95000076293945,36.22999954223633,591900
2008-06-06,30.54646873474121,35.060001373291016,36.22999954223633,34.880001068115234,36.16999816894531,865100
2008-06-09,30.10213279724121,34.54999923706055,35.130001068115234,34.099998474121094,35.130001068115234,530200
2008-06-10,29.962726593017578,34.38999938964844,34.77000045776367,33.83000183105469,34.20000076293945,608100
2008-06-11,28.647127151489258,32.880001068115234,34.0099983215332,32.849998474121094,34.0099983215332,1267800
2008-06-12,27.15726089477539,31.170000076293945,32.66999816894531,31.030000686645508,31.190000534057617,1694900
2008-06-13,27.314090728759766,31.350000381469727,31.649999618530273,30.950000762939453,31.260000228881836,864700
2008-06-16,27.192115783691406,31.209999084472656,31.440000534057617,30.860000610351562,31.299999237060547,436200
2008-06-17,26.320842742919922,30.209999084472656,31.770000457763672,30.049999237060547,31.469999313354492,1005500
2008-06-18,25.336320877075195,29.079999923706055,30.18000030517578,28.940000534057617,29.760000228881836,1012500
2008-06-19,26.834897994995117,30.799999237060547,30.90999984741211,28.709999084472656,29.270000457763672,1128700
2008-06-20,25.501924514770508,29.079999923706055,30.350000381469727,28.899999618530273,30.309999465942383,779100
2008-06-23,24.861743927001953,28.350000381469727,29.489999771118164,28.049999237060547,29.270000457763672,898200
2008-06-24,24.68635368347168,28.149999618530273,28.799999237060547,27.760000228881836,28.280000686645508,764500
2008-06-25,24.66004180908203,28.1200008392334,28.850000381469727,28.010000228881836,28.350000381469727,1037300
2008-06-26,23.43230628967285,26.719999313354492,27.799999237060547,26.600000381469727,27.579999923706055,1092900
2008-06-27,22.932435989379883,26.149999618530273,26.75,25.610000610351562,26.75,1411600
2008-06-30,22.21333122253418,25.329999923706055,26.09000015258789,25.25,25.290000915527344,833400
2008-07-01,21.56438446044922,24.59000015258789,25.149999618530273,24.06999969482422,24.93000030517578,768600
2008-07-02,20.14371109008789,22.969999313354492,24.700000762939453,22.950000762939453,24.59000015258789,1326500
2008-07-03,20.52080726623535,23.399999618530273,23.540000915527344,22.860000610351562,23.149999618530273,938900
2008-07-07,19.284292221069336,21.989999771118164,23.59000015258789,21.649999618530273,23.59000015258789,1095200
2008-07-08,20.222640991210938,23.059999465942383,23.1299991607666,21.09000015258789,21.850000381469727,1260900
2008-07-09,20.073556900024414,22.889999389648438,24.25,22.809999465942383,24.0,1676800
2008-07-10,19.284292221069336,21.989999771118164,23.100000381469727,21.719999313354492,22.56999969482422,1047600
2008-07-11,18.801973342895508,21.440000534057617,22.0,21.100000381469727,21.59000015258789,903000
2008-07-14,18.20563316345215,20.760000228881836,22.049999237060547,20.719999313354492,21.8700008392334,1082300
2008-07-15,18.17055892944336,20.719999313354492,21.1299991607666,19.760000228881836,20.510000228881836,1257300
2008-07-16,18.731809616088867,21.360000610351562,21.559999465942383,20.3799991607666,20.649999618530273,879900
2008-07-17,20.71373748779297,23.6200008392334,24.040000915527344,21.40999984741211,21.40999984741211,1491900
2008-07-18,20.5997257232666,23.489999771118164,24.899999618530273,23.1200008392334,23.729999542236328,616000
2008-07-21,20.643579483032227,23.540000915527344,24.350000381469727,22.829999923706055,23.75,803300
2008-07-22,20.661117553710938,23.559999465942383,23.90999984741211,21.540000915527344,22.190000534057617,2232000
2008-07-23,22.36241340637207,25.5,25.760000228881836,23.329999923706055,23.389999389648438,2752300
2008-07-24,21.03821563720703,23.989999771118164,25.65999984741211,23.719999313354492,25.639999389648438,1348000
2008-07-25,21.32760238647461,24.31999969482422,25.059999465942383,23.799999237060547,24.309999465942383,1115100
2008-07-28,20.90666389465332,23.84000015258789,24.84000015258789,23.780000686645508,24.459999084472656,985800
2008-07-29,21.66084861755371,24.700000762939453,25.030000686645508,23.809999465942383,24.280000686645508,765600
2008-07-30,21.94146728515625,25.020000457763672,25.520000457763672,24.399999618530273,24.780000686645508,915400
2008-07-31,21.757301330566406,24.809999465942383,25.280000686645508,24.489999771118164,25.0,701100
2008-08-01,21.643314361572266,24.68000030517578,25.270000457763672,24.09000015258789,25.1200008392334,915000
2008-08-04,21.231136322021484,24.209999084472656,24.850000381469727,24.010000228881836,24.5,785600
2008-08-05,22.011629104614258,25.100000381469727,25.1299991607666,24.299999237060547,24.450000762939453,586300
2008-08-06,22.116867065429688,25.219999313354492,25.450000762939453,24.1200008392334,24.850000381469727,519000
2008-08-07,21.301300048828125,24.290000915527344,25.020000457763672,24.100000381469727,24.8700008392334,567800
2008-08-08,22.29226303100586,25.420000076293945,25.6200008392334,24.18000030517578,24.389999389648438,530700
2008-08-11,22.511493682861328,25.670000076293945,26.270000457763672,25.260000228881836,25.459999084472656,1159900
2008-08-12,22.2484073638916,25.3700008392334,25.65999984741211,25.0,25.5,382700
2008-08-13,21.836244583129883,24.899999618530273,25.690000534057617,24.610000610351562,25.389999389648438,888400
2008-08-14,22.151935577392578,25.260000228881836,25.59000015258789,24.700000762939453,24.700000762939453,592000
2008-08-15,22.467649459838867,25.6200008392334,26.1299991607666,25.139999389648438,25.139999389648438,562600
2008-08-18,21.538070678710938,24.559999465942383,25.760000228881836,24.3700008392334,25.75,528000
2008-08-19,21.28375816345215,24.270000457763672,24.469999313354492,23.799999237060547,24.219999313354492,728400
2008-08-20,23.791847229003906,27.1299991607666,27.860000610351562,24.350000381469727,24.559999465942383,2416700
2008-08-21,23.449838638305664,26.739999771118164,27.149999618530273,26.239999771118164,26.5,896600
2008-08-22,24.019865036010742,27.389999389648438,27.600000381469727,26.450000762939453,26.969999313354492,504000
2008-08-25,23.502458572387695,26.799999237060547,27.610000610351562,26.700000762939453,27.290000915527344,490700
2008-08-26,23.598926544189453,26.90999984741211,27.309999465942383,26.420000076293945,26.739999771118164,461200
2008-08-27,25.25637435913086,28.799999237060547,29.1299991607666,26.84000015258789,26.969999313354492,806100
2008-08-28,25.44930648803711,29.020000457763672,29.700000762939453,28.829999923706055,28.829999923706055,677200
2008-08-29,26.773508071899414,30.530000686645508,30.770000457763672,29.25,29.540000915527344,1130700
2008-09-02,26.957674026489258,30.739999771118164,32.47999954223633,30.06999969482422,30.799999237060547,1402300
2008-09-03,26.633190155029297,30.3700008392334,31.6299991607666,29.950000762939453,30.559999465942383,1221600
2008-09-04,25.396686553955078,28.959999084472656,30.3700008392334,28.350000381469727,29.989999771118164,1329000
2008-09-05,25.133594512939453,28.65999984741211,29.31999969482422,27.5,28.719999313354492,927400
2008-09-08,25.870235443115234,29.5,30.65999984741211,28.770000457763672,30.299999237060547,1172800
2008-09-09,24.87928009033203,28.3700008392334,29.780000686645508,28.09000015258789,29.540000915527344,1130900
2008-09-10,25.168678283691406,28.700000762939453,29.0,27.770000457763672,28.65999984741211,698200
2008-09-11,24.83543586730957,28.31999969482422,29.350000381469727,27.790000915527344,28.200000762939453,1080400
2008-09-12,24.905588150024414,28.399999618530273,28.860000610351562,27.719999313354492,27.8700008392334,1007200
2008-09-15,23.511220932006836,26.809999465942383,28.40999984741211,26.549999237060547,27.31999969482422,1002400
2008-09-16,23.914627075195312,27.270000457763672,27.3799991607666,25.469999313354492,25.8700008392334,1389400
2008-09-17,22.87981605529785,26.09000015258789,26.920000076293945,25.93000030517578,26.459999084472656,1162700
2008-09-18,24.019865036010742,27.389999389648438,27.809999465942383,25.850000381469727,26.969999313354492,1972600
2008-09-19,24.52850341796875,27.969999313354492,30.0,24.399999618530273,29.489999771118164,2258900
2008-09-22,23.309528350830078,26.579999923706055,31.0,26.3799991607666,31.0,981000
2008-09-23,22.897363662719727,26.110000610351562,27.09000015258789,25.899999618530273,26.709999084472656,563600
2008-09-24,22.78335189819336,25.979999542236328,27.09000015258789,25.829999923706055,26.31999969482422,662200
2008-09-25,23.18674659729004,26.440000534057617,26.899999618530273,24.729999542236328,25.90999984741211,1354800
2008-09-26,21.274986267089844,24.260000228881836,26.0,24.049999237060547,26.0,1265800
2008-09-29,18.740575790405273,21.3700008392334,24.3799991607666,20.450000762939453,24.1299991607666,1589400
2008-09-30,19.617536544799805,22.3700008392334,22.459999084472656,21.510000228881836,21.709999084472656,1169900
2008-10-01,18.99490737915039,21.65999984741211,22.56999969482422,21.219999313354492,22.239999771118164,862000
2008-10-02,17.52557945251465,19.799999237060547,21.3799991607666,19.739999771118164,21.25,678600
2008-10-03,16.62275505065918,18.780000686645508,20.829999923706055,18.780000686645508,20.549999237060547,1034700
2008-10-06,15.286202430725098,17.270000457763672,18.200000762939453,16.309999465942383,17.950000762939453,1242000
2008-10-07,14.604646682739258,16.5,18.020000457763672,16.5,17.239999771118164,1135700
2008-10-08,15.064918518066406,17.020000457763672,17.65999984741211,15.970000267028809,16.0,1611100
2008-10-09,13.728367805480957,15.510000228881836,17.8700008392334,15.289999961853027,17.8700008392334,879200
2008-10-10,14.073573112487793,15.899999618530273,16.399999618530273,13.930000305175781,14.6899995803833,1422000
2008-10-13,15.038365364074707,16.989999771118164,17.170000076293945,16.1200008392334,16.790000915527344,740000
2008-10-14,15.153429985046387,17.1200008392334,17.799999237060547,16.780000686645508,17.09000015258789,982400
2008-10-15,13.276954650878906,15.0,16.940000534057617,14.960000038146973,16.940000534057617,630600
2008-10-16,13.206144332885742,14.920000076293945,15.600000381469727,14.229999542236328,15.130000114440918,1037400
2008-10-17,15.37470817565918,17.3700008392334,18.280000686645508,14.199999809265137,14.239999771118164,2689400
2008-10-20,16.17133331298828,18.270000457763672,18.290000915527344,16.739999771118164,17.510000228881836,827900
2008-10-21,15.410120964050293,17.40999984741211,18.190000534057617,17.0,18.190000534057617,432600
2008-10-22,14.81707763671875,16.739999771118164,17.559999465942383,16.110000610351562,16.93000030517578,857300
2008-10-23,14.684311866760254,16.59000015258789,17.1200008392334,15.699999809265137,16.84000015258789,1136400
2008-10-24,13.905397415161133,15.710000038146973,15.979999542236328,15.079999923706055,15.449999809265137,931800
2008-10-27,12.967155456542969,14.649999618530273,17.110000610351562,14.5,16.329999923706055,682300
2008-10-28,12.754729270935059,14.40999984741211,15.029999732971191,13.010000228881836,14.989999771118164,1208400
2008-10-29,12.88750171661377,14.5600004196167,15.0,13.930000305175781,13.989999771118164,788200
2008-10-30,13.967357635498047,15.779999732971191,15.779999732971191,14.5600004196167,14.9399995803833,716300
2008-10-31,15.675657272338867,17.709999084472656,18.25,15.010000228881836,15.670000076293945,1415700
2008-11-03,16.799776077270508,18.979999542236328,19.459999084472656,18.0,18.079999923706055,835400
2008-11-04,16.914844512939453,19.110000610351562,20.09000015258789,18.959999084472656,19.3799991607666,720000
2008-11-05,16.330650329589844,18.450000762939453,19.799999237060547,18.420000076293945,18.860000610351562,927300
2008-11-06,16.003156661987305,18.079999923706055,18.700000762939453,17.3799991607666,18.399999618530273,615800
2008-11-07,15.737619400024414,17.780000686645508,18.670000076293945,17.510000228881836,18.65999984741211,507000
2008-11-10,15.418965339660645,17.420000076293945,18.25,17.360000610351562,17.68000030517578,572800
2008-11-11,15.764171600341797,17.809999465942383,18.469999313354492,17.600000381469727,18.469999313354492,1355000
2008-11-12,15.056068420410156,17.010000228881836,17.920000076293945,16.670000076293945,17.559999465942383,1014600
2008-11-13,15.932334899902344,18.0,18.389999389648438,16.280000686645508,17.5,1832400
2008-11-14,16.596193313598633,18.75,18.75,17.799999237060547,17.799999237060547,5447100
2008-11-17,16.180185317993164,18.280000686645508,19.229999542236328,17.81999969482422,18.25,969900
2008-11-18,16.401458740234375,18.530000686645508,18.829999923706055,18.059999465942383,18.219999313354492,827100
2008-11-19,13.754925727844238,15.539999961853027,18.1299991607666,15.520000457763672,17.010000228881836,1425100
2008-11-20,13.383171081542969,15.119999885559082,16.260000228881836,14.270000457763672,15.34000015258789,1388100
2008-11-21,14.586944580078125,16.479999542236328,16.639999389648438,14.729999542236328,15.329999923706055,1602400
2008-11-24,15.171134948730469,17.139999389648438,17.540000915527344,16.149999618530273,16.809999465942383,1950100
2008-11-25,16.61389923095703,18.770000457763672,18.790000915527344,16.649999618530273,17.139999389648438,1106200
2008-11-26,18.685102462768555,21.110000610351562,22.100000381469727,18.100000381469727,18.600000381469727,1651000
2008-11-28,18.58773422241211,21.0,21.950000762939453,20.559999465942383,21.0,248100
2008-12-01,16.543087005615234,18.690000534057617,21.219999313354492,18.520000457763672,20.600000381469727,736000
2008-12-02,17.07416343688965,19.290000915527344,19.93000030517578,18.65999984741211,18.84000015258789,715600
2008-12-03,17.32200050354004,19.56999969482422,20.450000762939453,18.850000381469727,18.90999984741211,1239700
2008-12-04,17.136119842529297,19.360000610351562,20.299999237060547,18.950000762939453,19.450000762939453,826400
2008-12-05,17.43706512451172,19.700000762939453,19.959999084472656,18.389999389648438,19.280000686645508,648100
2008-12-08,19.18962287902832,21.68000030517578,22.729999542236328,20.079999923706055,20.079999923706055,1809800
2008-12-09,17.853078842163086,20.170000076293945,21.950000762939453,19.5,21.84000015258789,1151300
2008-12-10,18.074359893798828,20.420000076293945,20.559999465942383,19.6299991607666,20.350000381469727,933900
2008-12-11,16.888290405273438,19.079999923706055,20.360000610351562,18.8799991607666,20.239999771118164,1004200
2008-12-12,17.968143463134766,20.299999237060547,20.329999923706055,18.65999984741211,18.799999237060547,1074000
2008-12-15,17.118427276611328,19.34000015258789,20.860000610351562,18.84000015258789,20.860000610351562,391100
2008-12-16,17.87077522277832,20.190000534057617,20.399999618530273,19.260000228881836,19.579999923706055,609900
2008-12-17,17.72916603088379,20.030000686645508,20.510000228881836,19.889999389648438,19.889999389648438,869700
2008-12-18,16.9945011138916,19.200000762939453,20.229999542236328,18.959999084472656,19.709999084472656,960500
2008-12-19,16.736465454101562,18.809999465942383,19.610000610351562,18.489999771118164,19.329999923706055,492500
2008-12-22,15.997966766357422,17.979999542236328,19.270000457763672,17.510000228881836,19.229999542236328,461100
2008-12-23,15.731032371520996,17.68000030517578,18.110000610351562,17.540000915527344,18.100000381469727,387000
2008-12-24,15.695446014404297,17.639999389648438,17.860000610351562,17.270000457763672,17.860000610351562,112000
2008-12-26,15.57978343963623,17.510000228881836,17.790000915527344,17.139999389648438,17.6200008392334,738800
2008-12-29,15.063714981079102,16.93000030517578,17.559999465942383,16.709999084472656,17.5,398800
2008-12-30,15.339542388916016,17.239999771118164,17.25,16.56999969482422,16.799999237060547,654600
2008-12-31,16.380558013916016,18.40999984741211,18.790000915527344,17.0,17.06999969482422,799600
2009-01-02,16.647491455078125,18.709999084472656,19.239999771118164,17.829999923706055,18.549999237060547,434400
2009-01-05,17.4749698638916,19.639999389648438,19.8799991607666,18.440000534057617,18.610000610351562,760700
2009-01-06,17.964338302612305,20.190000534057617,20.709999084472656,19.850000381469727,19.860000610351562,809600
2009-01-07,17.33261489868164,19.479999542236328,20.200000762939453,19.149999618530273,20.200000762939453,619100
2009-01-08,17.216943740844727,19.350000381469727,19.540000915527344,18.719999313354492,19.170000076293945,488200
2009-01-09,17.768600463867188,19.969999313354492,21.8799991607666,19.719999313354492,20.75,884400
2009-01-12,17.056781768798828,19.170000076293945,20.100000381469727,18.889999389648438,20.100000381469727,956300
2009-01-13,17.181354522705078,19.309999465942383,19.65999984741211,18.700000762939453,19.170000076293945,546800
2009-01-14,16.57631492614746,18.6299991607666,18.899999618530273,18.190000534057617,18.899999618530273,849000
2009-01-15,17.563949584960938,19.739999771118164,20.1200008392334,17.780000686645508,18.440000534057617,731800
2009-01-16,17.786386489868164,19.989999771118164,20.389999389648438,19.049999237060547,20.360000610351562,476200
2009-01-20,16.807649612426758,18.889999389648438,19.969999313354492,18.549999237060547,19.969999313354492,1233800
2009-01-21,17.154659271240234,19.280000686645508,19.329999923706055,18.389999389648438,19.049999237060547,384700
2009-01-22,16.5852108001709,18.639999389648438,19.09000015258789,18.139999389648438,18.850000381469727,651000
2009-01-23,16.914413452148438,19.010000228881836,19.6299991607666,18.030000686645508,18.309999465942383,549400
2009-01-26,17.190244674682617,19.31999969482422,20.049999237060547,18.790000915527344,19.020000457763672,451200
2009-01-27,17.448286056518555,19.610000610351562,19.950000762939453,19.1299991607666,19.350000381469727,211800
2009-01-28,18.320253372192383,20.59000015258789,21.1200008392334,19.799999237060547,20.170000076293945,515000
2009-01-29,17.083477020263672,19.200000762939453,20.399999618530273,19.09000015258789,20.1200008392334,330100
2009-01-30,16.08694076538086,18.079999923706055,19.360000610351562,17.829999923706055,19.360000610351562,419700
2009-02-02,15.864500045776367,17.829999923706055,18.489999771118164,17.489999771118164,17.829999923706055,418200
2009-02-03,16.024654388427734,18.010000228881836,18.350000381469727,17.670000076293945,18.079999923706055,582900
2009-02-04,15.908980369567871,17.8799991607666,18.360000610351562,17.610000610351562,18.149999618530273,696700
2009-02-05,18.631668090820312,20.940000534057617,21.0,18.229999542236328,18.450000762939453,1426300
2009-02-06,19.52143096923828,21.940000534057617,22.100000381469727,20.8799991607666,21.020000457763672,899100
2009-02-09,19.708282470703125,22.149999618530273,22.8799991607666,21.860000610351562,21.989999771118164,1148600
2009-02-10,18.98756980895996,21.34000015258789,22.799999237060547,21.079999923706055,21.549999237060547,856000
2009-02-11,18.729543685913086,21.049999237060547,21.6200008392334,19.950000762939453,21.40999984741211,670900
2009-02-12,18.951984405517578,21.299999237060547,21.360000610351562,20.200000762939453,20.450000762939453,883400
2009-02-13,18.48041343688965,20.770000457763672,21.8799991607666,20.450000762939453,21.440000534057617,624900
2009-02-17,17.64402961730957,19.829999923706055,20.200000762939453,19.489999771118164,20.139999389648438,1092900
2009-02-18,17.5550594329834,19.729999542236328,20.1200008392334,19.219999313354492,19.8700008392334,845400
2009-02-19,16.051349639892578,18.040000915527344,20.440000534057617,17.68000030517578,19.979999542236328,1284400
2009-02-20,15.223873138427734,17.110000610351562,17.610000610351562,16.219999313354492,17.420000076293945,1376300
2009-02-23,14.939138412475586,16.790000915527344,17.84000015258789,16.559999465942383,17.239999771118164,847700
2009-02-24,15.597569465637207,17.530000686645508,17.719999313354492,16.459999084472656,16.709999084472656,428500
2009-02-25,16.113636016845703,18.110000610351562,18.690000534057617,17.139999389648438,17.559999465942383,1169900
2009-02-26,16.77206039428711,18.850000381469727,19.059999465942383,18.25,18.360000610351562,1021500
2009-02-27,16.967802047729492,19.06999969482422,19.5,17.920000076293945,18.600000381469727,648700
2009-03-02,16.48733139038086,18.530000686645508,19.93000030517578,18.399999618530273,19.5,853700
2009-03-03,15.882296562194824,17.850000381469727,18.770000457763672,17.579999923706055,18.670000076293945,765000
2009-03-04,16.27379035949707,18.290000915527344,18.8799991607666,18.020000457763672,18.270000457763672,665200
2009-03-05,15.58867359161377,17.520000457763672,18.31999969482422,17.309999465942383,18.049999237060547,351800
2009-03-06,15.526395797729492,17.450000762939453,17.889999389648438,16.969999313354492,17.459999084472656,601000
2009-03-09,15.935678482055664,17.90999984741211,18.610000610351562,16.860000610351562,17.1200008392334,617600
2009-03-10,17.305919647216797,19.450000762939453,19.59000015258789,18.309999465942383,18.420000076293945,507600
2009-03-11,17.768600463867188,19.969999313354492,20.190000534057617,19.059999465942383,19.40999984741211,721700
2009-03-12,18.43592071533203,20.719999313354492,20.790000915527344,19.770000457763672,19.829999923706055,470300
2009-03-13,18.489301681518555,20.780000686645508,21.190000534057617,20.450000762939453,21.0,421800
2009-03-16,18.871906280517578,21.209999084472656,21.68000030517578,20.68000030517578,20.81999969482422,1017300
2009-03-17,19.69048309326172,22.1299991607666,22.239999771118164,21.139999389648438,21.209999084472656,695600
2009-03-18,20.856082916259766,23.440000534057617,23.770000457763672,21.65999984741211,22.139999389648438,1250400
2009-03-19,21.140806198120117,23.760000228881836,24.15999984741211,23.260000228881836,23.760000228881836,1235100
2009-03-20,20.571353912353516,23.1200008392334,23.969999313354492,22.90999984741211,23.969999313354492,1179900
2009-03-23,21.007349014282227,23.610000610351562,23.889999389648438,22.8700008392334,23.889999389648438,1157500
2009-03-24,20.02859878540039,22.510000228881836,23.219999313354492,22.420000076293945,23.110000610351562,970200
2009-03-25,20.704824447631836,23.270000457763672,24.420000076293945,22.309999465942383,23.149999618530273,585900
2009-03-26,22.155134201049805,24.899999618530273,25.0,23.700000762939453,23.850000381469727,687200
2009-03-27,21.63016700744629,24.309999465942383,24.84000015258789,23.65999984741211,24.510000228881836,633200
2009-03-30,20.68313217163086,23.149999618530273,23.920000076293945,22.700000762939453,23.670000076293945,385300
2009-03-31,21.66591453552246,24.25,24.6200008392334,23.18000030517578,23.18000030517578,609200
2009-04-01,22.36280059814453,25.030000686645508,25.420000076293945,23.600000381469727,23.8700008392334,907200
2009-04-02,23.720827102661133,26.549999237060547,27.1200008392334,25.280000686645508,25.280000686645508,622700
2009-04-03,23.944183349609375,26.799999237060547,26.829999923706055,25.760000228881836,25.760000228881836,702900
2009-04-06,24.855485916137695,27.81999969482422,28.049999237060547,26.360000610351562,26.469999313354492,1056200
2009-04-07,23.157962799072266,25.920000076293945,27.469999313354492,25.700000762939453,27.469999313354492,970000
2009-04-08,23.041810989379883,25.790000915527344,26.15999984741211,25.3799991607666,26.079999923706055,440300
2009-04-09,23.685089111328125,26.510000228881836,27.190000534057617,24.15999984741211,24.989999771118164,1136200
2009-04-13,23.506397247314453,26.309999465942383,26.579999923706055,25.010000228881836,26.479999542236328,561800
2009-04-14,23.22943115234375,26.0,26.75,25.899999618530273,26.1299991607666,487200
2009-04-15,23.756561279296875,26.59000015258789,26.790000915527344,25.219999313354492,25.59000015258789,533900
2009-04-16,24.435579299926758,27.350000381469727,27.450000762939453,26.0,26.75,571700
2009-04-17,24.480249404907227,27.399999618530273,27.860000610351562,27.1200008392334,27.530000686645508,469600
2009-04-20,22.99713134765625,25.739999771118164,27.229999542236328,25.420000076293945,27.229999542236328,404800
2009-04-21,24.20328140258789,27.09000015258789,27.31999969482422,25.40999984741211,25.770000457763672,820800
2009-04-22,23.792301177978516,26.6299991607666,27.329999923706055,25.010000228881836,25.5,1209700
2009-04-23,23.22943115234375,26.0,27.989999771118164,24.940000534057617,27.399999618530273,829100
2009-04-24,24.06926727294922,26.940000534057617,27.190000534057617,25.309999465942383,25.59000015258789,1286300
2009-04-27,23.863771438598633,26.709999084472656,27.149999618530273,26.450000762939453,26.610000610351562,797400
2009-04-28,23.908447265625,26.760000228881836,27.34000015258789,26.149999618530273,26.360000610351562,736000
2009-04-29,24.828691482543945,27.790000915527344,27.920000076293945,26.8799991607666,27.1299991607666,622200
2009-04-30,24.837623596191406,27.799999237060547,28.649999618530273,27.709999084472656,28.299999237060547,967400
2009-05-01,24.88229751586914,27.850000381469727,27.950000762939453,27.100000381469727,27.760000228881836,547700
2009-05-04,25.605976104736328,28.65999984741211,28.68000030517578,26.700000762939453,27.850000381469727,783600
2009-05-05,25.891878128051758,28.979999542236328,29.1299991607666,28.3799991607666,28.469999313354492,503500
2009-05-06,25.811477661132812,28.889999389648438,29.729999542236328,28.43000030517578,29.729999542236328,421100
2009-05-07,25.90975570678711,29.0,29.200000762939453,28.469999313354492,29.200000762939453,837700
2009-05-08,25.480905532836914,28.520000457763672,29.84000015258789,27.8700008392334,29.75,565700
2009-05-11,24.67679786682129,27.6200008392334,28.399999618530273,27.3799991607666,28.06999969482422,791700
2009-05-12,23.560001373291016,26.3700008392334,28.0,25.5,27.899999618530273,780500
2009-05-13,22.059032440185547,24.690000534057617,26.1200008392334,24.549999237060547,26.0,701300
2009-05-14,21.969684600830078,24.59000015258789,24.979999542236328,24.0,24.59000015258789,588800
2009-05-15,21.07623863220215,23.59000015258789,24.6299991607666,23.459999084472656,24.540000915527344,902700
2009-05-18,21.817790985107422,24.420000076293945,24.469999313354492,23.34000015258789,23.700000762939453,787800
2009-05-19,21.889266967773438,24.5,24.850000381469727,24.100000381469727,24.489999771118164,410600
2009-05-20,21.898212432861328,24.510000228881836,26.18000030517578,24.360000610351562,24.770000457763672,462300
2009-05-21,20.674203872680664,23.139999389648438,24.3700008392334,22.93000030517578,24.3700008392334,510600
2009-05-22,20.432971954345703,22.8700008392334,23.639999389648438,22.829999923706055,23.290000915527344,369700
2009-05-26,21.630168914794922,24.209999084472656,24.260000228881836,22.56999969482422,22.610000610351562,412400
2009-05-27,22.041154861450195,24.670000076293945,25.100000381469727,23.959999084472656,24.09000015258789,774200
2009-05-28,21.68378448486328,24.270000457763672,25.280000686645508,23.799999237060547,24.809999465942383,581400
2009-05-29,21.978614807128906,24.600000381469727,25.1200008392334,23.959999084472656,24.3799991607666,392500
2009-06-01,22.95246124267578,25.690000534057617,26.15999984741211,24.719999313354492,25.200000762939453,456800
2009-06-02,23.37238883972168,26.15999984741211,26.3799991607666,25.450000762939453,25.790000915527344,316000
2009-06-03,22.121564865112305,24.760000228881836,25.850000381469727,24.229999542236328,25.81999969482422,365100
2009-06-04,21.84459686279297,24.450000762939453,24.889999389648438,24.06999969482422,24.729999542236328,356400
2009-06-05,21.603378295898438,24.18000030517578,24.950000762939453,23.959999084472656,24.770000457763672,328300
2009-06-08,21.371076583862305,23.920000076293945,24.190000534057617,23.68000030517578,24.1200008392334,222700
2009-06-09,21.47829818725586,24.040000915527344,24.170000076293945,23.59000015258789,23.959999084472656,247500
2009-06-10,21.299604415893555,23.84000015258789,24.290000915527344,23.25,24.149999618530273,289300
2009-06-11,21.978614807128906,24.600000381469727,24.75,23.229999542236328,23.84000015258789,602200
2009-06-12,22.30025291442871,24.959999084472656,25.030000686645508,24.0,24.5,427000
2009-06-15,22.023286819458008,24.649999618530273,24.940000534057617,24.399999618530273,24.829999923706055,604800
2009-06-16,21.594440460205078,24.170000076293945,25.280000686645508,24.06999969482422,24.889999389648438,513400
2009-06-17,21.219188690185547,23.75,24.1200008392334,23.520000457763672,23.850000381469727,362300
2009-06-18,20.674203872680664,23.139999389648438,23.690000534057617,23.06999969482422,23.690000534057617,550700
2009-06-19,20.307880401611328,22.729999542236328,23.540000915527344,22.6299991607666,23.450000762939453,498300
2009-06-22,20.02970314025879,22.31999969482422,22.729999542236328,22.149999618530273,22.3700008392334,349800
2009-06-23,20.19122314453125,22.5,22.68000030517578,22.079999923706055,22.229999542236328,202500
2009-06-24,20.756574630737305,23.1299991607666,23.959999084472656,22.239999771118164,22.420000076293945,525800
2009-06-25,21.339885711669922,23.780000686645508,23.790000915527344,22.530000686645508,22.93000030517578,221800
2009-06-26,21.932153701782227,24.440000534057617,24.75,23.540000915527344,23.84000015258789,739500
2009-06-29,22.434690475463867,25.0,25.260000228881836,24.530000686645508,24.790000915527344,263000
2009-06-30,22.650060653686523,25.239999771118164,25.709999084472656,24.850000381469727,25.100000381469727,364300
2009-07-01,22.7128849029541,25.309999465942383,25.600000381469727,24.959999084472656,25.31999969482422,428100
2009-07-02,21.94112777709961,24.450000762939453,24.81999969482422,24.260000228881836,24.81999969482422,494100
2009-07-06,21.869342803955078,24.3700008392334,24.420000076293945,23.68000030517578,24.1200008392334,420600
2009-07-07,21.510387420654297,23.969999313354492,24.760000228881836,23.950000762939453,24.3799991607666,344700
2009-07-08,20.819398880004883,23.200000762939453,24.329999923706055,22.670000076293945,23.979999542236328,453800
2009-07-09,20.8463134765625,23.229999542236328,23.639999389648438,22.969999313354492,23.350000381469727,383200
2009-07-10,20.388643264770508,22.719999313354492,23.40999984741211,22.649999618530273,23.149999618530273,533400
2009-07-13,20.666841506958008,23.030000686645508,23.219999313354492,22.329999923706055,22.81999969482422,777500
2009-07-14,20.909137725830078,23.299999237060547,23.34000015258789,22.540000915527344,22.889999389648438,793600
2009-07-15,21.977018356323242,24.489999771118164,24.6200008392334,23.729999542236328,23.729999542236328,556600
2009-07-16,22.623136520385742,25.209999084472656,25.329999923706055,24.540000915527344,24.540000915527344,272500
2009-07-17,23.10773468017578,25.75,25.799999237060547,25.25,25.25,289700
2009-07-20,23.744876861572266,26.459999084472656,26.799999237060547,25.770000457763672,25.889999389648438,350500
2009-07-21,23.996150970458984,26.739999771118164,26.959999084472656,26.329999923706055,26.8700008392334,342100
2009-07-22,24.62432289123535,27.440000534057617,27.889999389648438,26.3700008392334,26.639999389648438,704900
2009-07-23,25.611448287963867,28.540000915527344,29.34000015258789,27.0,27.260000228881836,1287800
2009-07-24,24.767898559570312,27.600000381469727,28.940000534057617,27.510000228881836,28.239999771118164,681800
2009-07-27,23.960250854492188,26.700000762939453,27.540000915527344,26.5,27.489999771118164,612300
2009-07-28,24.507658004760742,27.309999465942383,27.420000076293945,26.389999389648438,26.389999389648438,516300
2009-07-29,23.960250854492188,26.700000762939453,27.280000686645508,26.31999969482422,27.280000686645508,338800
2009-07-30,24.54355812072754,27.350000381469727,27.829999923706055,26.950000762939453,27.420000076293945,544200
2009-07-31,24.498676300048828,27.299999237060547,27.8799991607666,27.219999313354492,27.489999771118164,371600
2009-08-03,25.198650360107422,28.079999923706055,28.200000762939453,27.3799991607666,27.440000534057617,331400
2009-08-04,25.422992706298828,28.329999923706055,28.809999465942383,27.450000762939453,28.0,325500
2009-08-05,25.351200103759766,28.25,28.510000228881836,27.760000228881836,28.209999084472656,126500
2009-08-06,24.3371524810791,27.1200008392334,28.520000457763672,26.920000076293945,28.299999237060547,394200
2009-08-07,24.705078125,27.530000686645508,28.459999084472656,27.030000686645508,27.399999618530273,775100
2009-08-10,24.3192138671875,27.100000381469727,27.59000015258789,26.760000228881836,27.510000228881836,210000
2009-08-11,24.058963775634766,26.809999465942383,27.299999237060547,26.540000915527344,27.06999969482422,196800
2009-08-12,24.651241302490234,27.469999313354492,27.75,26.790000915527344,26.850000381469727,162100
2009-08-13,24.93840217590332,27.790000915527344,27.829999923706055,27.170000076293945,27.40999984741211,173600
2009-08-14,23.861543655395508,26.59000015258789,27.790000915527344,26.270000457763672,27.790000915527344,265000
2009-08-17,23.05388832092285,25.690000534057617,25.940000534057617,25.5,25.8799991607666,209900
2009-08-18,23.825645446777344,26.549999237060547,26.829999923706055,25.780000686645508,25.850000381469727,281700
2009-08-19,23.655139923095703,26.360000610351562,26.6200008392334,26.209999084472656,26.209999084472656,265400
2009-08-20,24.382028579711914,27.170000076293945,27.309999465942383,26.280000686645508,26.399999618530273,219700
2009-08-21,25.028146743774414,27.889999389648438,27.969999313354492,27.440000534057617,27.450000762939453,168700
2009-08-24,24.516632080078125,27.31999969482422,28.389999389648438,27.190000534057617,28.110000610351562,226000
2009-08-25,24.29228401184082,27.06999969482422,27.760000228881836,26.979999542236328,27.329999923706055,252500
2009-08-26,24.247413635253906,27.020000457763672,27.31999969482422,26.65999984741211,27.110000610351562,217100
2009-08-27,24.399967193603516,27.190000534057617,27.440000534057617,26.260000228881836,27.09000015258789,210700
2009-08-28,24.480741500854492,27.280000686645508,27.59000015258789,26.81999969482422,27.31999969482422,221900
2009-08-31,23.628217697143555,26.329999923706055,27.290000915527344,26.06999969482422,27.260000228881836,289100
2009-09-01,22.668014526367188,25.260000228881836,26.489999771118164,25.100000381469727,26.1299991607666,407000
2009-09-02,21.959074020385742,24.469999313354492,25.389999389648438,24.399999618530273,25.280000686645508,344800
2009-09-03,22.06676483154297,24.59000015258789,24.829999923706055,24.239999771118164,24.530000686645508,258900
2009-09-04,21.950103759765625,24.459999084472656,24.729999542236328,24.31999969482422,24.59000015258789,444900
2009-09-08,23.10773468017578,25.75,26.280000686645508,25.010000228881836,25.34000015258789,637400
2009-09-09,22.928255081176758,25.549999237060547,26.1200008392334,25.459999084472656,25.75,450500
2009-09-10,23.59232521057129,26.290000915527344,26.360000610351562,24.899999618530273,25.59000015258789,528100
2009-09-11,24.794822692871094,27.6299991607666,27.649999618530273,26.399999618530273,26.459999084472656,481300
2009-09-14,24.014097213745117,26.760000228881836,27.520000457763672,26.549999237060547,27.520000457763672,426700
2009-09-15,24.265363693237305,27.040000915527344,27.190000534057617,26.5,26.93000030517578,207700
2009-09-16,25.52170181274414,28.440000534057617,28.959999084472656,27.040000915527344,27.059999465942383,419300
2009-09-17,26.419090270996094,29.440000534057617,29.760000228881836,28.0,28.329999923706055,786400
2009-09-18,26.508827209472656,29.540000915527344,29.809999465942383,29.139999389648438,29.469999313354492,457700
2009-09-21,26.679340362548828,29.729999542236328,30.09000015258789,29.06999969482422,29.299999237060547,635300
2009-09-22,25.701190948486328,28.639999389648438,29.809999465942383,28.549999237060547,29.6200008392334,388800
2009-09-23,25.25248908996582,28.139999389648438,29.059999465942383,28.1299991607666,28.90999984741211,193000
2009-09-24,24.408946990966797,27.200000762939453,28.389999389648438,26.850000381469727,28.18000030517578,235500
2009-09-25,24.3730525970459,27.15999984741211,27.610000610351562,26.75,27.239999771118164,432400
2009-09-28,25.360179901123047,28.260000228881836,28.299999237060547,27.06999969482422,27.18000030517578,234800
2009-09-29,25.494787216186523,28.40999984741211,28.81999969482422,28.09000015258789,28.1200008392334,387200
2009-09-30,25.647335052490234,28.579999923706055,28.899999618530273,27.709999084472656,28.600000381469727,436500
2009-10-01,25.638370513916016,28.56999969482422,28.860000610351562,28.260000228881836,28.649999618530273,926700
2009-10-02,25.107051849365234,27.8799991607666,28.420000076293945,27.649999618530273,27.899999618530273,757900
2009-10-05,25.440242767333984,28.25,28.6200008392334,27.760000228881836,27.969999313354492,338200
2009-10-06,26.043611526489258,28.920000076293945,29.399999618530273,28.40999984741211,28.43000030517578,664300
2009-10-07,26.34078598022461,29.25,29.440000534057617,28.670000076293945,28.899999618530273,924500
2009-10-08,26.520898818969727,29.450000762939453,30.0,29.270000457763672,29.3700008392334,457400
2009-10-09,26.538911819458008,29.469999313354492,29.68000030517578,29.0,29.530000686645508,322800
2009-10-12,26.34078598022461,29.25,29.719999313354492,29.139999389648438,29.40999984741211,228700
2009-10-13,26.511886596679688,29.440000534057617,29.579999923706055,28.93000030517578,29.209999084472656,219500
2009-10-14,26.737028121948242,29.690000534057617,29.889999389648438,29.530000686645508,29.700000762939453,329500
2009-10-15,26.79105567932129,29.75,29.81999969482422,29.350000381469727,29.459999084472656,320200
2009-10-16,26.430849075317383,29.350000381469727,29.649999618530273,28.969999313354492,29.649999618530273,421300
2009-10-19,26.61094856262207,29.549999237060547,29.700000762939453,29.030000686645508,29.600000381469727,352800
2009-10-20,26.2147159576416,29.110000610351562,29.649999618530273,28.639999389648438,29.649999618530273,505500
2009-10-21,25.467267990112305,28.280000686645508,29.559999465942383,28.059999465942383,29.110000610351562,535200
2009-10-22,25.287160873413086,28.079999923706055,28.90999984741211,27.719999313354492,28.760000228881836,406800
2009-10-23,23.576133728027344,26.18000030517578,28.25,26.1200008392334,27.979999542236328,688000
2009-10-26,23.08083152770996,25.6299991607666,26.850000381469727,25.479999542236328,25.940000534057617,465500
2009-10-27,22.83768081665039,25.360000610351562,25.59000015258789,25.040000915527344,25.450000762939453,505200
2009-10-28,22.48648452758789,24.969999313354492,25.170000076293945,24.6299991607666,25.049999237060547,672900
2009-10-29,22.90071678161621,25.43000030517578,25.600000381469727,24.979999542236328,25.049999237060547,338200
2009-10-30,22.378408432006836,24.850000381469727,25.34000015258789,24.329999923706055,25.34000015258789,568300
2009-11-02,22.324390411376953,24.790000915527344,25.799999237060547,24.510000228881836,25.0,707900
2009-11-03,22.83768081665039,25.360000610351562,25.40999984741211,24.170000076293945,24.639999389648438,402600
2009-11-04,22.513490676879883,25.0,25.889999389648438,24.829999923706055,25.3700008392334,324200
2009-11-05,22.99077796936035,25.530000686645508,25.6200008392334,25.020000457763672,25.110000610351562,480100
2009-11-06,23.134864807128906,25.690000534057617,26.079999923706055,25.139999389648438,25.18000030517578,234900
2009-11-09,24.02640151977539,26.68000030517578,26.729999542236328,25.950000762939453,25.950000762939453,212100
2009-11-10,24.332582473754883,27.020000457763672,27.079999923706055,26.34000015258789,26.559999465942383,295600
2009-11-11,24.692800521850586,27.420000076293945,27.90999984741211,27.190000534057617,27.329999923706055,252700
2009-11-12,24.044410705566406,26.700000762939453,27.5,26.56999969482422,27.420000076293945,140700
2009-11-13,24.323579788208008,27.010000228881836,27.31999969482422,26.559999465942383,26.649999618530273,145200
2009-11-16,24.80086898803711,27.540000915527344,27.700000762939453,27.1200008392334,27.1200008392334,438500
2009-11-17,24.890918731689453,27.639999389648438,27.75,27.149999618530273,27.56999969482422,331700
2009-11-18,25.04401206970215,27.809999465942383,28.200000762939453,27.610000610351562,27.799999237060547,268500
2009-11-19,24.809865951538086,27.549999237060547,27.709999084472656,27.059999465942383,27.6299991607666,254300
2009-11-20,24.521696090698242,27.229999542236328,27.540000915527344,26.889999389648438,27.530000686645508,141600
2009-11-23,25.016992568969727,27.780000686645508,28.030000686645508,27.489999771118164,27.770000457763672,140700
2009-11-24,24.66578483581543,27.389999389648438,27.690000534057617,27.049999237060547,27.690000534057617,103100
2009-11-25,24.989986419677734,27.75,27.90999984741211,27.420000076293945,27.510000228881836,106300
2009-11-27,24.386619567871094,27.079999923706055,27.65999984741211,27.020000457763672,27.1299991607666,42300
2009-11-30,24.27855682373047,26.959999084472656,27.3799991607666,26.559999465942383,27.06999969482422,259900
2009-12-01,24.656774520874023,27.3799991607666,27.719999313354492,27.200000762939453,27.309999465942383,134700
2009-12-02,25.053016662597656,27.81999969482422,28.360000610351562,27.270000457763672,27.469999313354492,264300
2009-12-03,24.6297664642334,27.350000381469727,28.149999618530273,27.280000686645508,27.760000228881836,116900
2009-12-04,24.791860580444336,27.530000686645508,28.079999923706055,27.25,27.729999542236328,119300
2009-12-07,24.674795150756836,27.399999618530273,27.5,27.209999084472656,27.399999618530273,145100
2009-12-08,24.29656410217285,26.979999542236328,27.280000686645508,26.75,27.149999618530273,197400
2009-12-09,24.242525100708008,26.920000076293945,27.239999771118164,26.6299991607666,26.8700008392334,103700
2009-12-10,24.143470764160156,26.809999465942383,27.68000030517578,26.610000610351562,27.110000610351562,231800
2009-12-11,24.134462356567383,26.799999237060547,27.18000030517578,26.469999313354492,26.760000228881836,396400
2009-12-14,24.089441299438477,26.75,27.049999237060547,26.440000534057617,27.049999237060547,494500
2009-12-15,23.9993896484375,26.649999618530273,26.93000030517578,26.260000228881836,26.700000762939453,255400
2009-12-16,23.882320404052734,26.520000457763672,26.950000762939453,26.3799991607666,26.780000686645508,248300
2009-12-17,23.459062576293945,26.049999237060547,26.540000915527344,25.969999313354492,26.329999923706055,332300
2009-12-18,23.558122634887695,26.15999984741211,26.290000915527344,25.920000076293945,26.139999389648438,798700
2009-12-21,23.865476608276367,26.399999618530273,26.59000015258789,26.06999969482422,26.280000686645508,262500
2009-12-22,24.326509475708008,26.90999984741211,26.959999084472656,26.270000457763672,26.270000457763672,258400
2009-12-23,24.245159149169922,26.81999969482422,27.100000381469727,26.760000228881836,27.030000686645508,191900
2009-12-24,24.371719360351562,26.959999084472656,27.059999465942383,26.809999465942383,26.979999542236328,97900
2009-12-28,23.982994079589844,26.530000686645508,27.149999618530273,26.399999618530273,26.90999984741211,227300
2009-12-29,23.775074005126953,26.299999237060547,26.600000381469727,26.290000915527344,26.530000686645508,292100
2009-12-30,23.63947296142578,26.149999618530273,26.34000015258789,25.940000534057617,26.139999389648438,320400
2009-12-31,23.54907989501953,26.049999237060547,26.25,25.93000030517578,26.25,426900
2010-01-04,23.350210189819336,25.829999923706055,26.270000457763672,25.700000762939453,26.239999771118164,377000
2010-01-05,22.889163970947266,25.31999969482422,25.760000228881836,25.170000076293945,25.709999084472656,714200
2010-01-06,22.708370208740234,25.1200008392334,25.360000610351562,25.030000686645508,25.15999984741211,411400
2010-01-07,22.410053253173828,24.790000915527344,25.1299991607666,24.520000457763672,25.049999237060547,663800
2010-01-08,22.25636100769043,24.6200008392334,24.889999389648438,24.3799991607666,24.829999923706055,448100
2010-01-11,22.346763610839844,24.719999313354492,24.770000457763672,24.350000381469727,24.549999237060547,719600
2010-01-12,22.3829288482666,24.760000228881836,24.84000015258789,24.489999771118164,24.549999237060547,310100
2010-01-13,22.916284561157227,25.350000381469727,25.3799991607666,24.530000686645508,24.920000076293945,427800
2010-01-14,22.87108612060547,25.299999237060547,25.3799991607666,24.959999084472656,25.15999984741211,333600
2010-01-15,22.63605499267578,25.040000915527344,25.25,24.809999465942383,25.25,347500
2010-01-19,22.762605667114258,25.18000030517578,25.290000915527344,24.790000915527344,25.059999465942383,234300
2010-01-20,22.726438522338867,25.139999389648438,25.260000228881836,24.739999771118164,24.940000534057617,221800
2010-01-21,22.165966033935547,24.520000457763672,25.3799991607666,24.459999084472656,25.200000762939453,283300
2010-01-22,21.849571228027344,24.170000076293945,24.6299991607666,24.020000457763672,24.459999084472656,338800
2010-01-25,21.71396827697754,24.020000457763672,24.459999084472656,23.760000228881836,24.329999923706055,241900
2010-01-26,21.822446823120117,24.139999389648438,24.520000457763672,23.799999237060547,23.899999618530273,375200
2010-01-27,20.954608917236328,23.18000030517578,23.719999313354492,22.350000381469727,23.719999313354492,1137100
2010-01-28,20.683414459228516,22.8799991607666,23.280000686645508,22.5,23.110000610351562,434200
2010-01-29,20.620132446289062,22.809999465942383,23.209999084472656,22.729999542236328,23.0,476400
2010-02-01,21.017898559570312,23.25,23.25,22.68000030517578,22.920000076293945,806200
2010-02-02,21.49701499938965,23.780000686645508,23.829999923706055,23.260000228881836,23.360000610351562,445500
2010-02-03,21.081178665161133,23.31999969482422,23.649999618530273,23.06999969482422,23.579999923706055,288300
2010-02-04,20.620132446289062,22.809999465942383,23.18000030517578,22.600000381469727,23.09000015258789,294100
2010-02-05,20.963651657104492,23.190000534057617,23.190000534057617,22.510000228881836,22.770000457763672,313500
2010-02-08,20.403175354003906,22.56999969482422,23.270000457763672,22.520000457763672,23.06999969482422,349300
2010-02-09,20.258543014526367,22.40999984741211,22.940000534057617,22.06999969482422,22.719999313354492,414000
2010-02-10,20.050615310668945,22.18000030517578,22.600000381469727,21.899999618530273,22.450000762939453,281100
2010-02-11,20.17717742919922,22.31999969482422,22.34000015258789,22.0,22.18000030517578,347900
2010-02-12,20.448381423950195,22.6200008392334,22.6200008392334,21.899999618530273,21.979999542236328,255300
2010-02-16,21.533170700073242,23.81999969482422,23.959999084472656,22.549999237060547,22.709999084472656,766300
2010-02-17,21.46085548400879,23.739999771118164,24.020000457763672,23.729999542236328,23.829999923706055,177000
2010-02-18,21.63260841369629,23.93000030517578,24.059999465942383,23.670000076293945,23.709999084472656,240200
2010-02-19,21.560291290283203,23.850000381469727,23.940000534057617,23.68000030517578,23.829999923706055,192000
2010-02-22,21.560291290283203,23.850000381469727,24.030000686645508,23.649999618530273,24.030000686645508,146300
2010-02-23,21.71396827697754,24.020000457763672,24.209999084472656,23.59000015258789,23.670000076293945,749800
2010-02-24,21.786287307739258,24.100000381469727,24.149999618530273,23.84000015258789,24.079999923706055,539600
2010-02-25,21.60548973083496,23.899999618530273,24.200000762939453,23.639999389648438,23.889999389648438,446200
2010-02-26,21.325246810913086,23.59000015258789,23.969999313354492,23.34000015258789,23.860000610351562,287100
2010-03-01,21.858617782592773,24.18000030517578,24.190000534057617,23.40999984741211,23.530000686645508,338200
2010-03-02,21.867647171020508,24.190000534057617,24.649999618530273,24.06999969482422,24.389999389648438,197300
2010-03-03,21.795333862304688,24.110000610351562,24.399999618530273,23.8799991607666,24.09000015258789,271300
2010-03-04,21.695894241333008,24.0,24.399999618530273,23.889999389648438,24.25,535400
2010-03-05,22.093643188476562,24.440000534057617,24.5,23.950000762939453,23.969999313354492,457600
2010-03-08,22.690288543701172,25.100000381469727,25.219999313354492,24.399999618530273,24.399999618530273,316100
2010-03-09,23.042844772338867,25.489999771118164,25.600000381469727,24.8700008392334,25.09000015258789,330700
2010-03-10,23.160356521606445,25.6200008392334,25.690000534057617,25.450000762939453,25.65999984741211,309100
2010-03-11,23.440601348876953,25.93000030517578,25.979999542236328,25.219999313354492,25.450000762939453,238200
2010-03-12,23.16939926147461,25.6299991607666,26.059999465942383,25.559999465942383,26.059999465942383,221400
2010-03-15,22.717403411865234,25.1299991607666,25.65999984741211,24.959999084472656,25.65999984741211,306500
2010-03-16,23.042844772338867,25.489999771118164,25.549999237060547,25.09000015258789,25.239999771118164,215400
2010-03-17,23.928754806518555,26.469999313354492,26.600000381469727,25.479999542236328,25.610000610351562,384400
2010-03-18,23.420602798461914,25.809999465942383,26.549999237060547,25.600000381469727,26.34000015258789,266500
2010-03-19,23.375232696533203,25.760000228881836,26.010000228881836,25.579999923706055,25.760000228881836,281200
2010-03-22,23.910608291625977,26.350000381469727,26.420000076293945,25.479999542236328,25.510000228881836,297300
2010-03-23,23.68375015258789,26.100000381469727,26.520000457763672,25.959999084472656,26.3799991607666,155600
2010-03-24,23.556718826293945,25.959999084472656,26.030000686645508,25.690000534057617,25.8700008392334,155900
2010-03-25,23.21189308166504,25.579999923706055,26.6200008392334,25.549999237060547,26.040000915527344,248700
2010-03-26,23.375232696533203,25.760000228881836,26.219999313354492,25.40999984741211,25.799999237060547,308100
2010-03-29,24.137470245361328,26.600000381469727,26.65999984741211,25.719999313354492,26.010000228881836,213600
2010-03-30,24.36431884765625,26.850000381469727,26.950000762939453,26.530000686645508,26.540000915527344,273700
2010-03-31,24.083017349243164,26.540000915527344,27.110000610351562,26.520000457763672,26.8799991607666,332700
2010-04-01,24.42784309387207,26.920000076293945,27.420000076293945,26.559999465942383,26.559999465942383,140100
2010-04-05,24.718212127685547,27.239999771118164,27.389999389648438,26.770000457763672,26.90999984741211,94400
2010-04-06,24.60931968688965,27.1200008392334,27.18000030517578,26.959999084472656,27.100000381469727,85000
2010-04-07,24.60931968688965,27.1200008392334,27.520000457763672,26.959999084472656,26.959999084472656,430400
2010-04-08,25.217300415039062,27.790000915527344,28.0,26.760000228881836,26.989999771118164,454400
2010-04-09,26.378803253173828,29.06999969482422,29.15999984741211,27.760000228881836,27.959999084472656,593800
2010-04-12,25.997678756713867,28.649999618530273,29.170000076293945,28.549999237060547,29.020000457763672,384500
2010-04-13,25.997678756713867,28.649999618530273,28.790000915527344,28.31999969482422,28.649999618530273,242300
2010-04-14,26.487686157226562,29.190000534057617,29.239999771118164,28.610000610351562,28.850000381469727,307500
2010-04-15,26.641956329345703,29.360000610351562,29.559999465942383,28.700000762939453,29.049999237060547,264600
2010-04-16,26.514907836914062,29.219999313354492,29.559999465942383,28.600000381469727,29.399999618530273,354100
2010-04-19,26.170089721679688,28.84000015258789,29.290000915527344,28.350000381469727,29.290000915527344,405700
2010-04-20,26.841575622558594,29.579999923706055,29.6299991607666,28.860000610351562,28.989999771118164,266400
2010-04-21,27.658267974853516,30.479999542236328,30.6200008392334,29.579999923706055,29.579999923706055,411100
2010-04-22,29.200883865356445,32.18000030517578,32.38999938964844,29.829999923706055,30.15999984741211,735400
2010-04-23,29.445894241333008,32.45000076293945,33.7599983215332,32.08000183105469,32.08000183105469,706500
2010-04-26,29.59108543395996,32.61000061035156,34.9900016784668,32.0099983215332,32.02000045776367,1476200
2010-04-27,28.411426544189453,31.309999465942383,32.2599983215332,31.149999618530273,31.90999984741211,696400
2010-04-28,27.8579044342041,30.700000762939453,31.579999923706055,30.5,31.56999969482422,858900
2010-04-29,29.155521392822266,32.130001068115234,32.20000076293945,31.010000228881836,31.040000915527344,386900
2010-04-30,28.91958236694336,31.8700008392334,32.599998474121094,31.809999465942383,31.950000762939453,360800
2010-05-03,29.754417419433594,32.790000915527344,33.08000183105469,31.940000534057617,32.0099983215332,327000
2010-05-04,29.064773559570312,32.029998779296875,32.349998474121094,31.65999984741211,32.349998474121094,377700
2010-05-05,28.792551040649414,31.729999542236328,32.68000030517578,31.329999923706055,31.690000534057617,1066500
2010-05-06,27.88512420654297,30.729999542236328,31.969999313354492,15.90999984741211,31.479999542236328,578200
2010-05-07,26.886962890625,29.6299991607666,30.729999542236328,29.440000534057617,30.450000762939453,451800
2010-05-10,28.565689086914062,31.479999542236328,31.56999969482422,30.950000762939453,31.1299991607666,276600
2010-05-11,28.302539825439453,31.190000534057617,31.969999313354492,30.65999984741211,31.170000076293945,232200
2010-05-12,29.27347755432129,32.2599983215332,32.41999816894531,31.31999969482422,31.360000610351562,417900
2010-05-13,29.037551879882812,32.0,32.36000061035156,31.479999542236328,32.060001373291016,319500
2010-05-14,27.730867385864258,30.559999465942383,31.719999313354492,30.110000610351562,31.719999313354492,404800
2010-05-17,27.458633422851562,30.260000228881836,31.110000610351562,29.209999084472656,30.8799991607666,897300
2010-05-18,27.567520141601562,30.3799991607666,31.329999923706055,30.139999389648438,30.610000610351562,360500
2010-05-19,27.46771240234375,30.270000457763672,30.610000610351562,29.899999618530273,30.260000228881836,326600
2010-05-20,25.97953224182129,28.6299991607666,29.940000534057617,28.6299991607666,29.489999771118164,461100
2010-05-21,26.505844116210938,29.209999084472656,29.719999313354492,27.950000762939453,28.190000534057617,506600
2010-05-24,26.95955467224121,29.709999084472656,30.40999984741211,28.649999618530273,28.959999084472656,579300
2010-05-25,27.03214454650879,29.790000915527344,29.920000076293945,28.239999771118164,28.790000915527344,496400
2010-05-26,26.8597412109375,29.600000381469727,30.709999084472656,29.479999542236328,30.030000686645508,554400
2010-05-27,28.121051788330078,30.989999771118164,31.15999984741211,30.049999237060547,30.399999618530273,334300
2010-05-28,27.83975601196289,30.68000030517578,31.360000610351562,30.559999465942383,30.8700008392334,306800
2010-06-01,26.850666046142578,29.59000015258789,30.829999923706055,29.59000015258789,30.3700008392334,336600
2010-06-02,27.395118713378906,30.190000534057617,30.190000534057617,29.540000915527344,29.81999969482422,162900
2010-06-03,27.35881805419922,30.149999618530273,30.469999313354492,29.860000610351562,30.049999237060547,175500
2010-06-04,25.00860023498535,27.559999465942383,29.510000228881836,27.3799991607666,29.469999313354492,647300
2010-06-07,24.745431900024414,27.270000457763672,27.770000457763672,27.0,27.469999313354492,410900
2010-06-08,24.77266502380371,27.299999237060547,27.649999618530273,26.780000686645508,27.280000686645508,323400
2010-06-09,24.473209381103516,26.969999313354492,27.899999618530273,26.799999237060547,27.43000030517578,280400
2010-06-10,25.317115783691406,27.899999618530273,28.030000686645508,27.290000915527344,27.399999618530273,154900
2010-06-11,25.380638122558594,27.969999313354492,27.969999313354492,27.34000015258789,27.479999542236328,158000
2010-06-14,26.097503662109375,28.760000228881836,29.399999618530273,28.18000030517578,28.18000030517578,482100
2010-06-15,26.324357986450195,29.010000228881836,29.1200008392334,28.459999084472656,28.81999969482422,214400
2010-06-16,25.834346771240234,28.469999313354492,28.889999389648438,28.3799991607666,28.709999084472656,177500
2010-06-17,25.135629653930664,27.700000762939453,29.170000076293945,27.399999618530273,28.770000457763672,372500
2010-06-18,24.734920501708984,27.15999984741211,27.700000762939453,26.969999313354492,27.59000015258789,248900
2010-06-21,25.135631561279297,27.600000381469727,27.969999313354492,27.399999618530273,27.600000381469727,311700
2010-06-22,24.325101852416992,26.709999084472656,27.969999313354492,26.649999618530273,27.65999984741211,140600
2010-06-23,24.243131637573242,26.6200008392334,26.940000534057617,25.969999313354492,26.719999313354492,197100
2010-06-24,24.03367042541504,26.389999389648438,26.760000228881836,26.110000610351562,26.40999984741211,207300
2010-06-25,23.88795280456543,26.229999542236328,26.5,25.440000534057617,26.5,387900
2010-06-28,23.7058162689209,26.030000686645508,26.329999923706055,25.81999969482422,26.1299991607666,398400
2010-06-29,23.523681640625,25.829999923706055,26.0,25.239999771118164,25.479999542236328,512200
2010-06-30,23.6147403717041,25.93000030517578,26.3700008392334,25.68000030517578,25.719999313354492,538600
2010-07-01,23.25046157836914,25.530000686645508,25.969999313354492,25.209999084472656,25.969999313354492,755600
2010-07-02,22.949920654296875,25.200000762939453,25.530000686645508,24.65999984741211,25.3799991607666,443700
2010-07-06,22.795108795166016,25.030000686645508,25.84000015258789,24.690000534057617,25.6200008392334,288900
2010-07-07,23.441701889038086,25.739999771118164,25.84000015258789,24.760000228881836,24.979999542236328,336200
2010-07-08,24.079204559326172,26.440000534057617,26.549999237060547,25.780000686645508,25.969999313354492,354700
2010-07-09,24.206708908081055,26.579999923706055,26.670000076293945,26.350000381469727,26.43000030517578,154100
2010-07-12,23.150279998779297,25.420000076293945,26.510000228881836,25.15999984741211,26.510000228881836,446800
2010-07-13,23.89706039428711,26.239999771118164,26.309999465942383,25.110000610351562,25.799999237060547,594400
2010-07-14,23.878849029541016,26.219999313354492,26.299999237060547,25.690000534057617,26.15999984741211,232100
2010-07-15,23.2231388092041,25.5,26.309999465942383,25.18000030517578,26.309999465942383,327800
2010-07-16,22.6220645904541,24.84000015258789,25.399999618530273,24.809999465942383,25.329999923706055,648500
2010-07-19,21.975460052490234,24.1299991607666,25.010000228881836,23.860000610351562,25.010000228881836,706000
2010-07-20,23.742246627807617,26.06999969482422,26.15999984741211,23.6200008392334,23.719999313354492,1091500
2010-07-21,24.370635986328125,26.760000228881836,27.209999084472656,26.100000381469727,26.290000915527344,925600
2010-07-22,23.423498153686523,25.719999313354492,27.799999237060547,25.1299991607666,27.450000762939453,1143000
2010-07-23,23.605632781982422,25.920000076293945,26.5,25.5,25.920000076293945,769100
2010-07-26,23.259572982788086,25.540000915527344,26.25,25.1299991607666,25.84000015258789,643700
2010-07-27,22.959028244018555,25.209999084472656,26.040000915527344,24.90999984741211,25.719999313354492,512400
2010-07-28,22.38528060913086,24.579999923706055,25.110000610351562,24.3799991607666,25.110000610351562,291500
2010-07-29,22.303308486938477,24.489999771118164,24.81999969482422,23.899999618530273,24.5,375000
2010-07-30,22.275999069213867,24.459999084472656,24.760000228881836,23.989999771118164,24.219999313354492,270100
2010-08-02,23.13207244873047,25.399999618530273,25.510000228881836,24.670000076293945,24.790000915527344,321300
2010-08-03,22.776891708374023,25.010000228881836,25.270000457763672,24.799999237060547,25.270000457763672,417500
2010-08-04,22.767780303955078,25.0,25.149999618530273,24.760000228881836,25.100000381469727,195000
2010-08-05,22.576541900634766,24.790000915527344,25.030000686645508,24.6299991607666,24.709999084472656,172100
2010-08-06,22.275999069213867,24.459999084472656,24.81999969482422,24.049999237060547,24.559999465942383,304900
2010-08-09,22.430814743041992,24.6299991607666,24.729999542236328,24.239999771118164,24.6299991607666,241600
2010-08-10,22.121177673339844,24.290000915527344,24.549999237060547,24.139999389648438,24.3799991607666,168200
2010-08-11,21.45635414123535,23.559999465942383,23.889999389648438,23.34000015258789,23.889999389648438,304000
2010-08-12,21.684040069580078,23.809999465942383,23.969999313354492,23.25,23.399999618530273,378000
2010-08-13,20.900827407836914,22.950000762939453,23.81999969482422,22.889999389648438,23.719999313354492,255900
2010-08-16,20.96457862854004,23.020000457763672,23.15999984741211,22.6299991607666,22.739999771118164,328500
2010-08-17,21.465463638305664,23.56999969482422,23.790000915527344,23.09000015258789,23.09000015258789,189600
2010-08-18,21.492786407470703,23.600000381469727,23.920000076293945,23.290000915527344,23.489999771118164,162600
2010-08-19,20.773324966430664,22.809999465942383,23.459999084472656,22.670000076293945,23.459999084472656,359000
2010-08-20,20.472787857055664,22.479999542236328,22.729999542236328,22.3700008392334,22.610000610351562,218600
2010-08-23,19.999216079711914,21.959999084472656,22.760000228881836,21.899999618530273,22.520000457763672,351900
2010-08-24,19.84440040588379,21.790000915527344,22.100000381469727,21.15999984741211,21.579999923706055,498400
2010-08-25,20.09939956665039,22.06999969482422,22.15999984741211,21.290000915527344,21.610000610351562,362900
2010-08-26,20.93724822998047,22.989999771118164,23.190000534057617,22.010000228881836,22.049999237060547,724400
2010-08-27,21.101186752319336,23.170000076293945,23.309999465942383,22.6200008392334,23.09000015258789,314300
2010-08-30,20.27243423461914,22.260000228881836,23.190000534057617,22.219999313354492,23.1299991607666,194000
2010-08-31,20.900827407836914,22.950000762939453,23.280000686645508,22.049999237060547,22.049999237060547,406000
2010-09-01,21.337968826293945,23.43000030517578,23.43000030517578,23.020000457763672,23.219999313354492,193200
2010-09-02,22.002788543701172,24.15999984741211,24.239999771118164,23.360000610351562,23.43000030517578,215000
2010-09-03,22.2304630279541,24.40999984741211,24.68000030517578,24.020000457763672,24.399999618530273,155500
2010-09-07,22.066530227661133,24.229999542236328,24.700000762939453,24.18000030517578,24.40999984741211,268300
2010-09-08,21.638507843017578,23.760000228881836,24.34000015258789,23.709999084472656,24.34000015258789,204500
2010-09-09,21.647605895996094,23.770000457763672,24.149999618530273,23.469999313354492,24.059999465942383,158400
2010-09-10,21.45635414123535,23.559999465942383,24.18000030517578,23.350000381469727,23.8700008392334,275400
2010-09-13,22.002788543701172,24.15999984741211,24.270000457763672,23.610000610351562,23.75,215100
2010-09-14,21.501893997192383,23.610000610351562,24.260000228881836,23.559999465942383,24.139999389648438,299400
2010-09-15,21.17404556274414,23.25,23.65999984741211,22.940000534057617,23.610000610351562,322800
2010-09-16,20.582075119018555,22.600000381469727,23.25,22.110000610351562,23.079999923706055,475500
2010-09-17,20.518329620361328,22.530000686645508,22.780000686645508,22.18000030517578,22.770000457763672,313900
2010-09-20,20.800649642944336,22.84000015258789,22.850000381469727,22.18000030517578,22.65999984741211,202000
2010-09-21,20.509220123291016,22.520000457763672,23.229999542236328,22.420000076293945,22.8799991607666,260700
2010-09-22,20.409040451049805,22.40999984741211,22.649999618530273,22.229999542236328,22.450000762939453,181300
2010-09-23,20.454572677612305,22.459999084472656,22.68000030517578,22.110000610351562,22.290000915527344,248800
2010-09-24,21.092079162597656,23.15999984741211,23.229999542236328,22.579999923706055,22.739999771118164,189700
2010-09-27,21.00100326538086,23.059999465942383,23.25,22.700000762939453,23.219999313354492,176600
2010-09-28,21.793319702148438,23.93000030517578,23.950000762939453,22.709999084472656,23.06999969482422,408400
2010-09-29,21.565641403198242,23.68000030517578,23.959999084472656,23.530000686645508,23.8700008392334,264300
2010-09-30,21.583858489990234,23.700000762939453,23.940000534057617,23.270000457763672,23.75,318300
2010-10-01,21.59300422668457,23.610000610351562,23.90999984741211,23.309999465942383,23.690000534057617,181500
2010-10-04,20.943655014038086,22.899999618530273,23.420000076293945,22.610000610351562,23.399999618530273,247600
2010-10-05,21.37351417541504,23.3700008392334,23.530000686645508,22.719999313354492,23.059999465942383,329200
2010-10-06,21.492403030395508,23.5,23.549999237060547,23.260000228881836,23.43000030517578,188100
2010-10-07,21.2271785736084,23.209999084472656,23.690000534057617,22.850000381469727,23.649999618530273,206500
2010-10-08,21.400943756103516,23.399999618530273,23.450000762939453,22.899999618530273,23.200000762939453,262100
2010-10-11,20.989391326904297,22.950000762939453,23.510000228881836,22.93000030517578,23.350000381469727,242500
2010-10-12,21.190589904785156,23.170000076293945,23.290000915527344,22.690000534057617,22.959999084472656,258500
2010-10-13,21.61129379272461,23.6299991607666,23.850000381469727,23.149999618530273,23.329999923706055,406000
2010-10-14,21.72104263305664,23.75,23.8700008392334,23.540000915527344,23.65999984741211,384200
2010-10-15,21.977121353149414,24.030000686645508,24.31999969482422,23.719999313354492,23.920000076293945,439400
2010-10-18,20.797330856323242,22.739999771118164,24.1299991607666,22.690000534057617,24.0,627400
2010-10-19,21.428375244140625,23.43000030517578,23.56999969482422,22.450000762939453,22.520000457763672,527700
2010-10-20,21.77591896057129,23.809999465942383,24.079999923706055,23.309999465942383,23.489999771118164,329600
2010-10-21,21.858230590820312,23.899999618530273,24.459999084472656,23.790000915527344,23.950000762939453,320400
2010-10-22,22.114309310913086,24.18000030517578,24.239999771118164,23.770000457763672,24.0,145800
2010-10-25,21.92224884033203,23.969999313354492,24.65999984741211,23.90999984741211,24.25,263300
2010-10-26,22.086875915527344,24.149999618530273,24.31999969482422,23.790000915527344,23.799999237060547,204800
2010-10-27,21.903961181640625,23.950000762939453,24.420000076293945,23.690000534057617,24.139999389648438,453600
2010-10-28,21.483253479003906,23.489999771118164,24.469999313354492,23.200000762939453,24.229999542236328,483200
2010-10-29,21.455820083618164,23.459999084472656,23.770000457763672,22.829999923706055,23.059999465942383,427000
2010-11-01,22.05944061279297,24.1200008392334,24.18000030517578,23.09000015258789,23.440000534057617,480900
2010-11-02,22.791088104248047,24.920000076293945,25.059999465942383,24.190000534057617,24.3700008392334,542400
2010-11-03,23.284961700439453,25.459999084472656,25.649999618530273,24.709999084472656,25.010000228881836,466700
2010-11-04,24.108076095581055,26.360000610351562,26.420000076293945,25.510000228881836,25.8700008392334,423900
2010-11-05,24.656816482543945,26.959999084472656,27.799999237060547,26.329999923706055,26.350000381469727,434600
2010-11-08,24.565353393554688,26.860000610351562,27.0,26.56999969482422,26.90999984741211,656100
2010-11-09,24.062347412109375,26.309999465942383,27.030000686645508,26.219999313354492,26.969999313354492,212400
2010-11-10,24.547067642211914,26.84000015258789,26.90999984741211,26.18000030517578,26.3700008392334,335900
2010-11-11,25.214702606201172,27.56999969482422,27.780000686645508,26.5,26.600000381469727,445700
2010-11-12,24.36414909362793,26.639999389648438,27.639999389648438,26.6299991607666,27.34000015258789,500700
2010-11-15,24.19952964782715,26.459999084472656,26.8799991607666,26.40999984741211,26.65999984741211,334800
2010-11-16,23.266664505004883,25.440000534057617,26.280000686645508,25.100000381469727,26.239999771118164,489200
2010-11-17,23.120338439941406,25.280000686645508,25.450000762939453,25.059999465942383,25.450000762939453,344600
2010-11-18,23.15692138671875,25.31999969482422,25.920000076293945,25.219999313354492,25.6200008392334,266500
2010-11-19,23.312387466430664,25.489999771118164,25.489999771118164,25.06999969482422,25.25,232500
2010-11-22,23.06546401977539,25.219999313354492,25.510000228881836,24.850000381469727,25.440000534057617,286600
2010-11-23,22.672195434570312,24.790000915527344,25.09000015258789,24.579999923706055,24.950000762939453,323500
2010-11-24,23.06546401977539,25.219999313354492,25.489999771118164,24.940000534057617,24.940000534057617,184600
2010-11-26,22.699626922607422,24.81999969482422,25.110000610351562,24.739999771118164,25.059999465942383,60500
2010-11-29,22.49842643737793,24.600000381469727,24.75,24.350000381469727,24.670000076293945,290000
2010-11-30,22.73621368408203,24.860000610351562,24.979999542236328,24.219999313354492,24.350000381469727,363900
2010-12-01,23.595909118652344,25.799999237060547,25.93000030517578,25.06999969482422,25.229999542236328,293800
2010-12-02,24.455604553222656,26.739999771118164,27.420000076293945,25.829999923706055,25.829999923706055,434300
2010-12-03,24.60194206237793,26.899999618530273,26.940000534057617,26.18000030517578,26.610000610351562,332000
2010-12-06,24.281837463378906,26.549999237060547,27.0,26.5,26.850000381469727,340900
2010-12-07,24.1446533203125,26.399999618530273,27.049999237060547,26.299999237060547,26.920000076293945,257400
2010-12-08,24.09893226623535,26.350000381469727,26.579999923706055,26.18000030517578,26.5,218000
2010-12-09,24.126361846923828,26.3799991607666,26.639999389648438,25.899999618530273,26.290000915527344,333800
2010-12-10,24.510480880737305,26.799999237060547,26.969999313354492,26.31999969482422,26.440000534057617,154400
2010-12-13,24.684247970581055,26.989999771118164,27.25,26.729999542236328,26.860000610351562,182500
2010-12-14,24.66596031188965,26.969999313354492,27.459999084472656,26.8700008392334,27.09000015258789,264400
2010-12-15,24.016613006591797,26.260000228881836,27.15999984741211,26.260000228881836,26.8799991607666,245200
2010-12-16,24.638511657714844,26.940000534057617,26.969999313354492,26.049999237060547,26.280000686645508,268100
2010-12-17,25.281108856201172,27.540000915527344,27.649999618530273,26.729999542236328,26.860000610351562,420700
2010-12-20,25.942045211791992,28.260000228881836,28.549999237060547,27.31999969482422,27.59000015258789,451800
2010-12-21,26.373497009277344,28.729999542236328,28.969999313354492,28.200000762939453,28.399999618530273,225400
2010-12-22,26.355134963989258,28.709999084472656,28.93000030517578,28.56999969482422,28.690000534057617,183300
2010-12-23,25.767637252807617,28.06999969482422,28.829999923706055,27.979999542236328,28.700000762939453,140200
2010-12-27,25.850255966186523,28.15999984741211,28.229999542236328,27.809999465942383,28.020000457763672,140500
2010-12-28,25.78598976135254,28.09000015258789,28.25,27.979999542236328,28.170000076293945,220800
2010-12-29,25.877798080444336,28.190000534057617,28.280000686645508,28.030000686645508,28.1200008392334,80900
2010-12-30,25.932859420776367,28.25,28.299999237060547,27.84000015258789,28.209999084472656,114500
2010-12-31,25.932859420776367,28.25,28.3700008392334,28.06999969482422,28.25,190700
2011-01-03,26.804948806762695,29.200000762939453,29.270000457763672,28.3799991607666,28.459999084472656,495400
2011-01-04,26.070566177368164,28.399999618530273,29.219999313354492,28.139999389648438,29.219999313354492,581700
2011-01-05,25.850255966186523,28.15999984741211,28.31999969482422,27.790000915527344,28.139999389648438,223500
2011-01-06,25.7033748626709,28.0,28.1299991607666,27.84000015258789,28.079999923706055,1437400
2011-01-07,25.189313888549805,27.440000534057617,28.479999542236328,27.299999237060547,28.09000015258789,276700
2011-01-10,25.39126205444336,27.65999984741211,27.729999542236328,26.899999618530273,27.290000915527344,327700
2011-01-11,25.483068466186523,27.760000228881836,28.020000457763672,27.579999923706055,27.75,184000
2011-01-12,25.72173500061035,28.020000457763672,28.459999084472656,27.889999389648438,28.09000015258789,223500
2011-01-13,25.77682113647461,28.079999923706055,28.25,27.989999771118164,28.06999969482422,117300
2011-01-14,26.465295791625977,28.829999923706055,28.940000534057617,28.100000381469727,28.100000381469727,260700
2011-01-18,26.208271026611328,28.549999237060547,28.829999923706055,28.3799991607666,28.690000534057617,172600
2011-01-19,25.90532875061035,28.219999313354492,28.729999542236328,27.989999771118164,28.5,561400
2011-01-20,25.868610382080078,28.18000030517578,28.520000457763672,27.90999984741211,28.010000228881836,326100
2011-01-21,25.951236724853516,28.270000457763672,28.5,27.940000534057617,28.440000534057617,193300
2011-01-24,26.71314811706543,29.100000381469727,29.350000381469727,28.209999084472656,28.219999313354492,219800
2011-01-25,26.465295791625977,28.829999923706055,29.25,28.5,29.010000228881836,195600
2011-01-26,26.60299301147461,28.979999542236328,29.299999237060547,28.56999969482422,28.8799991607666,332600
2011-01-27,26.483659744262695,28.850000381469727,29.110000610351562,28.610000610351562,28.989999771118164,72200
2011-01-28,25.8410701751709,28.149999618530273,28.979999542236328,27.950000762939453,28.8799991607666,185000
2011-01-31,26.621353149414062,29.0,29.040000915527344,28.18000030517578,28.3799991607666,420100
2011-02-01,26.456113815307617,28.81999969482422,28.860000610351562,26.709999084472656,28.200000762939453,1099200
2011-02-02,26.483659744262695,28.850000381469727,29.299999237060547,28.309999465942383,29.0,378700
2011-02-03,26.676435470581055,29.059999465942383,29.360000610351562,28.190000534057617,28.700000762939453,359300
2011-02-04,26.63053321838379,29.010000228881836,29.31999969482422,28.84000015258789,29.1200008392334,161300
2011-02-07,26.970184326171875,29.3799991607666,29.65999984741211,28.889999389648438,28.889999389648438,196100
2011-02-08,27.117061614990234,29.540000915527344,29.889999389648438,29.420000076293945,29.450000762939453,230100
2011-02-09,26.89673614501953,29.299999237060547,29.670000076293945,28.950000762939453,29.510000228881836,291500
2011-02-10,26.970184326171875,29.3799991607666,29.6299991607666,28.969999313354492,29.09000015258789,147100
2011-02-11,27.245580673217773,29.68000030517578,29.690000534057617,29.1299991607666,29.25,157100
2011-02-14,27.071165084838867,29.489999771118164,29.739999771118164,29.479999542236328,29.709999084472656,120600
2011-02-15,26.547914505004883,28.920000076293945,29.559999465942383,28.90999984741211,29.329999923706055,167700
2011-02-16,27.447534561157227,29.899999618530273,29.940000534057617,29.030000686645508,29.040000915527344,201600
2011-02-17,27.750455856323242,30.229999542236328,30.450000762939453,29.610000610351562,29.8700008392334,278900
2011-02-18,28.530738830566406,31.079999923706055,31.079999923706055,30.309999465942383,30.309999465942383,306400
2011-02-22,28.17274284362793,30.690000534057617,30.760000228881836,30.200000762939453,30.760000228881836,1006600
2011-02-23,27.943241119384766,30.440000534057617,30.90999984741211,30.25,30.610000610351562,1201500
2011-02-24,28.45730972290039,31.0,31.639999389648438,30.530000686645508,31.25,621200
2011-02-25,29.237590789794922,31.850000381469727,32.150001525878906,31.110000610351562,31.149999618530273,410100
2011-02-28,29.669038772583008,32.31999969482422,32.470001220703125,31.770000457763672,32.029998779296875,302800
2011-03-01,29.503808975219727,32.13999938964844,32.599998474121094,31.93000030517578,32.439998626708984,744900
2011-03-02,29.15496826171875,31.760000228881836,32.619998931884766,31.610000610351562,32.040000915527344,377000
2011-03-03,29.83428382873535,32.5,32.779998779296875,32.130001068115234,32.130001068115234,315500
2011-03-04,29.751663208007812,32.40999984741211,32.65999984741211,31.850000381469727,32.5099983215332,284500
2011-03-07,29.063175201416016,31.65999984741211,32.54999923706055,31.559999465942383,32.349998474121094,612600
2011-03-08,29.696578979492188,32.349998474121094,33.220001220703125,31.56999969482422,31.670000076293945,560400
2011-03-09,28.90711784362793,31.489999771118164,32.43000030517578,31.459999084472656,32.43000030517578,549900
2011-03-10,28.108476638793945,30.6200008392334,31.34000015258789,30.59000015258789,31.209999084472656,264600
2011-03-11,28.46648597717285,31.010000228881836,31.280000686645508,30.31999969482422,30.420000076293945,266900
2011-03-14,28.23699378967285,30.760000228881836,31.450000762939453,30.469999313354492,30.809999465942383,381800
2011-03-15,28.099300384521484,30.610000610351562,30.829999923706055,29.889999389648438,30.040000915527344,390800
2011-03-16,27.557693481445312,30.020000457763672,30.889999389648438,29.90999984741211,30.549999237060547,313100
2011-03-17,27.888154983520508,30.3799991607666,30.690000534057617,30.229999542236328,30.559999465942383,238600
2011-03-18,28.310434341430664,30.84000015258789,30.950000762939453,30.399999618530273,30.790000915527344,301200
2011-03-21,28.613370895385742,31.170000076293945,31.3799991607666,31.049999237060547,31.3700008392334,216500
2011-03-22,28.136018753051758,30.649999618530273,31.40999984741211,30.600000381469727,31.270000457763672,251500
2011-03-23,27.934057235717773,30.43000030517578,30.770000457763672,30.049999237060547,30.6200008392334,349500
2011-03-24,28.17274284362793,30.690000534057617,30.899999618530273,30.3700008392334,30.65999984741211,421500
2011-03-25,28.4022274017334,30.940000534057617,31.209999084472656,30.68000030517578,30.81999969482422,498000
2011-03-28,28.23699378967285,30.760000228881836,31.309999465942383,30.729999542236328,31.1200008392334,221100
2011-03-29,28.21863555908203,30.739999771118164,30.84000015258789,30.469999313354492,30.719999313354492,240200
2011-03-30,28.319616317749023,30.850000381469727,30.950000762939453,30.670000076293945,30.940000534057617,203700
2011-03-31,27.868337631225586,30.260000228881836,30.8799991607666,30.100000381469727,30.690000534057617,379400
2011-04-01,28.540645599365234,30.989999771118164,31.360000610351562,30.40999984741211,30.40999984741211,250500
2011-04-04,28.752464294433594,31.219999313354492,31.610000610351562,30.899999618530273,31.06999969482422,339200
2011-04-05,28.669586181640625,31.1299991607666,31.40999984741211,30.690000534057617,30.729999542236328,191100
2011-04-06,28.411706924438477,30.850000381469727,31.329999923706055,30.489999771118164,31.100000381469727,226200
2011-04-07,28.07094955444336,30.479999542236328,31.030000686645508,30.469999313354492,30.790000915527344,151700
2011-04-08,27.767032623291016,30.149999618530273,30.84000015258789,30.110000610351562,30.68000030517578,114400
2011-04-11,27.324974060058594,29.670000076293945,30.25,29.600000381469727,30.1200008392334,134200
2011-04-12,26.873699188232422,29.18000030517578,29.549999237060547,28.940000534057617,29.450000762939453,171500
2011-04-13,26.707929611206055,29.0,29.3700008392334,28.65999984741211,29.360000610351562,132400
2011-04-14,26.210603713989258,28.459999084472656,28.8799991607666,28.360000610351562,28.760000228881836,275600
2011-04-15,26.569786071777344,28.850000381469727,28.850000381469727,28.399999618530273,28.549999237060547,190900
2011-04-18,26.136930465698242,28.3799991607666,28.610000610351562,28.309999465942383,28.489999771118164,207800
2011-04-19,26.210603713989258,28.459999084472656,28.649999618530273,28.290000915527344,28.43000030517578,201400
2011-04-20,26.947389602661133,29.260000228881836,29.450000762939453,28.790000915527344,28.889999389648438,267800
2011-04-21,27.131572723388672,29.459999084472656,29.5,29.229999542236328,29.450000762939453,117000
2011-04-25,26.753978729248047,29.049999237060547,29.34000015258789,28.8799991607666,29.34000015258789,161200
2011-04-26,26.836864471435547,29.139999389648438,29.450000762939453,29.059999465942383,29.170000076293945,125900
2011-04-27,26.80923080444336,29.110000610351562,29.239999771118164,28.90999984741211,29.1200008392334,140700
2011-04-28,26.66187858581543,28.950000762939453,29.200000762939453,28.940000534057617,28.989999771118164,153100
2011-04-29,26.790815353393555,29.09000015258789,29.299999237060547,28.8700008392334,28.940000534057617,345000
2011-05-02,27.361814498901367,29.709999084472656,29.84000015258789,29.149999618530273,29.270000457763672,254000
2011-05-03,26.486894607543945,28.760000228881836,29.690000534057617,28.549999237060547,29.649999618530273,218000
2011-05-04,26.044841766357422,28.280000686645508,28.75,28.06999969482422,28.729999542236328,222000
2011-05-05,25.971155166625977,28.200000762939453,28.34000015258789,27.31999969482422,27.809999465942383,381000
2011-05-06,25.317270278930664,27.489999771118164,28.479999542236328,27.420000076293945,28.40999984741211,329900
2011-05-09,25.06861686706543,27.219999313354492,27.520000457763672,27.030000686645508,27.450000762939453,301900
2011-05-10,25.252805709838867,27.420000076293945,27.489999771118164,27.09000015258789,27.3799991607666,268900
2011-05-11,24.893630981445312,27.030000686645508,27.389999389648438,26.8700008392334,27.270000457763672,148900
2011-05-12,24.97651481628418,27.1200008392334,27.299999237060547,26.8799991607666,26.93000030517578,156000
2011-05-13,24.737070083618164,26.860000610351562,27.170000076293945,26.780000686645508,27.09000015258789,130400
2011-05-16,24.72785186767578,26.850000381469727,27.040000915527344,26.540000915527344,26.6299991607666,132000
2011-05-17,24.792322158813477,26.920000076293945,27.030000686645508,26.739999771118164,26.780000686645508,251700
2011-05-18,25.280433654785156,27.450000762939453,27.489999771118164,26.790000915527344,26.90999984741211,202900
2011-05-19,25.51067352294922,27.700000762939453,27.780000686645508,27.209999084472656,27.579999923706055,283100
2011-05-20,25.354114532470703,27.530000686645508,27.850000381469727,27.219999313354492,27.59000015258789,173100
2011-05-23,25.06861686706543,27.219999313354492,27.399999618530273,26.889999389648438,27.18000030517578,141800
2011-05-24,25.538299560546875,27.729999542236328,28.190000534057617,27.18000030517578,27.360000610351562,350600
2011-05-25,25.731708526611328,27.940000534057617,28.34000015258789,27.649999618530273,27.68000030517578,279600
2011-05-26,25.768535614013672,27.979999542236328,28.049999237060547,27.59000015258789,27.84000015258789,150300
2011-05-27,25.99878692626953,28.229999542236328,28.459999084472656,28.010000228881836,28.110000610351562,125700
2011-05-31,26.53294563293457,28.809999465942383,28.81999969482422,28.040000915527344,28.479999542236328,495800
2011-06-01,26.054048538208008,28.290000915527344,28.729999542236328,28.219999313354492,28.709999084472656,359300
2011-06-02,25.943525314331055,28.170000076293945,28.450000762939453,27.93000030517578,28.280000686645508,285600
2011-06-03,25.584352493286133,27.780000686645508,28.15999984741211,27.649999618530273,27.809999465942383,156600
2011-06-06,25.354114532470703,27.530000686645508,27.760000228881836,27.309999465942383,27.690000534057617,230500
2011-06-07,25.483051300048828,27.670000076293945,27.8700008392334,27.459999084472656,27.719999313354492,273400
2011-06-08,24.95810317993164,27.100000381469727,27.799999237060547,27.079999923706055,27.6200008392334,791800
2011-06-09,24.71864891052246,26.84000015258789,27.299999237060547,26.790000915527344,27.219999313354492,225700
2011-06-10,24.267375946044922,26.350000381469727,26.790000915527344,26.1299991607666,26.690000534057617,371500
2011-06-13,24.350261688232422,26.440000534057617,26.56999969482422,26.139999389648438,26.5,299000
2011-06-14,24.875215530395508,27.010000228881836,27.079999923706055,26.540000915527344,26.709999084472656,285400
2011-06-15,24.31342315673828,26.399999618530273,27.190000534057617,26.270000457763672,26.709999084472656,234600
2011-06-16,24.129222869873047,26.200000762939453,26.690000534057617,25.979999542236328,26.31999969482422,369500
2011-06-17,25.215965270996094,27.3799991607666,27.5,26.43000030517578,26.43000030517578,316700
2011-06-20,25.400836944580078,27.479999542236328,27.520000457763672,27.0,27.170000076293945,318400
2011-06-21,25.87224769592285,27.989999771118164,28.110000610351562,27.559999465942383,27.709999084472656,181800
2011-06-22,25.752084732055664,27.860000610351562,28.479999542236328,27.670000076293945,27.84000015258789,259500
2011-06-23,25.456298828125,27.540000915527344,27.65999984741211,27.030000686645508,27.450000762939453,523600
2011-06-24,25.484024047851562,27.56999969482422,28.149999618530273,27.09000015258789,27.540000915527344,3298900
2011-06-27,25.447053909301758,27.530000686645508,27.760000228881836,27.260000228881836,27.489999771118164,320500
2011-06-28,25.696626663208008,27.799999237060547,27.920000076293945,27.469999313354492,27.579999923706055,403500
2011-06-29,25.484024047851562,27.56999969482422,27.950000762939453,27.399999618530273,27.950000762939453,322400
2011-06-30,25.76132583618164,27.8700008392334,27.90999984741211,27.549999237060547,27.56999969482422,429700
2011-07-01,26.16803550720215,28.309999465942383,28.469999313354492,27.700000762939453,27.8700008392334,353800
2011-07-05,25.973926544189453,28.100000381469727,28.350000381469727,27.75,28.299999237060547,157800
2011-07-06,25.93694305419922,28.059999465942383,28.170000076293945,27.739999771118164,28.030000686645508,178500
2011-07-07,26.42685317993164,28.59000015258789,28.75,28.270000457763672,28.31999969482422,191800
2011-07-08,24.753801345825195,26.780000686645508,27.8799991607666,26.709999084472656,27.790000915527344,685400
2011-07-11,23.718538284301758,25.65999984741211,26.489999771118164,25.469999313354492,26.3700008392334,570200
2011-07-12,23.330310821533203,25.239999771118164,25.68000030517578,25.219999313354492,25.5,375300
2011-07-13,23.18242645263672,25.079999923706055,25.469999313354492,24.969999313354492,25.43000030517578,416400
2011-07-14,22.711008071899414,24.56999969482422,25.200000762939453,24.520000457763672,25.200000762939453,281600
2011-07-15,22.5631103515625,24.40999984741211,24.690000534057617,24.190000534057617,24.6299991607666,286300
2011-07-18,22.119430541992188,23.93000030517578,24.329999923706055,23.799999237060547,24.329999923706055,224100
2011-07-19,22.692516326904297,24.549999237060547,24.75,24.1299991607666,24.190000534057617,305200
2011-07-20,22.72025489807129,24.579999923706055,24.719999313354492,24.260000228881836,24.719999313354492,312500
2011-07-21,23.330310821533203,25.239999771118164,25.469999313354492,24.690000534057617,24.75,498000
2011-07-22,22.9975528717041,24.8799991607666,25.219999313354492,24.540000915527344,25.190000534057617,253500
2011-07-25,22.821931838989258,24.690000534057617,25.020000457763672,24.510000228881836,24.600000381469727,380100
2011-07-26,23.247119903564453,25.149999618530273,25.270000457763672,24.520000457763672,24.959999084472656,653400
2011-07-27,22.868144989013672,24.739999771118164,25.100000381469727,24.6200008392334,25.049999237060547,672100
2011-07-28,22.553865432739258,24.399999618530273,24.75,23.700000762939453,24.56999969482422,451000
2011-07-29,22.969823837280273,24.850000381469727,25.209999084472656,23.940000534057617,24.280000686645508,435500
2011-08-01,22.50765609741211,24.350000381469727,25.469999313354492,24.079999923706055,25.209999084472656,358700
2011-08-02,21.518611907958984,23.280000686645508,24.579999923706055,23.280000686645508,24.110000610351562,321500
2011-08-03,21.41693115234375,23.170000076293945,23.459999084472656,22.479999542236328,23.309999465942383,451300
2011-08-04,20.28923988342285,21.950000762939453,23.010000228881836,21.950000762939453,22.84000015258789,550400
2011-08-05,20.048917770385742,21.690000534057617,22.389999389648438,21.260000228881836,22.31999969482422,459500
2011-08-08,17.950660705566406,19.420000076293945,21.3799991607666,19.420000076293945,20.920000076293945,906200
2011-08-09,17.433032989501953,18.860000610351562,19.920000076293945,17.34000015258789,19.860000610351562,1634800
2011-08-10,16.323820114135742,17.65999984741211,18.450000762939453,17.1299991607666,18.309999465942383,1718300
2011-08-11,16.887664794921875,18.270000457763672,18.65999984741211,17.139999389648438,17.760000228881836,1535700
2011-08-12,16.998592376708984,18.389999389648438,18.780000686645508,18.100000381469727,18.479999542236328,1280900
2011-08-15,17.784286499023438,19.239999771118164,19.299999237060547,18.68000030517578,18.68000030517578,588100
2011-08-16,17.405305862426758,18.829999923706055,19.09000015258789,18.479999542236328,18.969999313354492,678100
2011-08-17,17.34059715270996,18.760000228881836,19.270000457763672,18.700000762939453,18.950000762939453,493500
2011-08-18,16.675081253051758,18.040000915527344,18.440000534057617,17.729999542236328,18.06999969482422,1363300
2011-08-19,16.03727912902832,17.350000381469727,18.040000915527344,17.239999771118164,17.719999313354492,700200
2011-08-22,15.759981155395508,17.049999237060547,17.81999969482422,16.889999389648438,17.81999969482422,735600
2011-08-23,16.04652214050293,17.360000610351562,17.459999084472656,16.899999618530273,17.139999389648438,575300
2011-08-24,16.42549705505371,17.770000457763672,17.829999923706055,17.1200008392334,17.360000610351562,661400
2011-08-25,16.14820098876953,17.469999313354492,18.209999084472656,17.290000915527344,17.90999984741211,367300
2011-08-26,16.5826358795166,17.940000534057617,17.969999313354492,16.950000762939453,17.389999389648438,506500
2011-08-29,17.765792846679688,19.219999313354492,19.239999771118164,18.239999771118164,18.239999771118164,392700
2011-08-30,18.449806213378906,19.959999084472656,20.139999389648438,19.0,19.40999984741211,812300
2011-08-31,18.22795867919922,19.719999313354492,20.260000228881836,19.389999389648438,20.010000228881836,480000
2011-09-01,17.784286499023438,19.239999771118164,19.93000030517578,19.15999984741211,19.709999084472656,465000
2011-09-02,16.66582679748535,18.030000686645508,18.719999313354492,18.0,18.719999313354492,419200
2011-09-06,17.118751525878906,18.520000457763672,18.68000030517578,17.290000915527344,17.459999084472656,547500
2011-09-07,18.01536750793457,19.489999771118164,19.65999984741211,18.6299991607666,18.760000228881836,514100
2011-09-08,17.368331909179688,18.790000915527344,19.579999923706055,18.639999389648438,19.34000015258789,365200
2011-09-09,16.453227996826172,17.799999237060547,18.520000457763672,17.610000610351562,18.510000228881836,490200
2011-09-12,16.675081253051758,18.040000915527344,18.06999969482422,17.450000762939453,17.540000915527344,330100
2011-09-13,17.155731201171875,18.559999465942383,18.65999984741211,17.90999984741211,18.059999465942383,347300
2011-09-14,17.128002166748047,18.530000686645508,18.760000228881836,18.239999771118164,18.690000534057617,501900
2011-09-15,17.48849105834961,18.920000076293945,18.989999771118164,18.510000228881836,18.81999969482422,323000
2011-09-16,17.100276947021484,18.5,19.059999465942383,18.389999389648438,18.90999984741211,384900
2011-09-19,16.323820114135742,17.65999984741211,18.139999389648438,17.3799991607666,18.139999389648438,348500
2011-09-20,15.815442085266113,17.110000610351562,17.979999542236328,17.079999923706055,17.68000030517578,330100
2011-09-21,15.334784507751465,16.59000015258789,17.59000015258789,16.549999237060547,17.1200008392334,849400
2011-09-22,14.493634223937988,15.680000305175781,16.280000686645508,15.359999656677246,16.040000915527344,788600
2011-09-23,14.992778778076172,16.219999313354492,16.329999923706055,15.479999542236328,15.680000305175781,584400
2011-09-26,15.63981819152832,16.920000076293945,16.940000534057617,16.219999313354492,16.43000030517578,560000
2011-09-27,15.880145072937012,17.18000030517578,17.760000228881836,16.950000762939453,17.420000076293945,610800
2011-09-28,15.473433494567871,16.739999771118164,17.450000762939453,16.65999984741211,17.209999084472656,828300
2011-09-29,15.889385223388672,17.190000534057617,17.270000457763672,16.690000534057617,17.079999923706055,423300
2011-09-30,15.480297088623047,16.649999618530273,17.100000381469727,16.59000015258789,16.90999984741211,912600
2011-10-03,15.108402252197266,16.25,16.979999542236328,16.15999984741211,16.40999984741211,918300
2011-10-04,16.047449111938477,17.260000228881836,17.3799991607666,15.869999885559082,15.989999771118164,854300
2011-10-05,16.224096298217773,17.450000762939453,17.780000686645508,16.989999771118164,17.219999313354492,682400
2011-10-06,16.54950523376465,17.799999237060547,17.90999984741211,17.139999389648438,17.350000381469727,696800
2011-10-07,15.591864585876465,16.770000457763672,17.93000030517578,16.649999618530273,17.93000030517578,536000
2011-10-10,16.038145065307617,17.25,17.3700008392334,16.940000534057617,17.1299991607666,579000
2011-10-11,16.056745529174805,17.270000457763672,17.3799991607666,16.889999389648438,17.040000915527344,675300
2011-10-12,16.447237014770508,17.690000534057617,17.940000534057617,17.329999923706055,17.43000030517578,554300
2011-10-13,16.1776065826416,17.399999618530273,17.700000762939453,16.920000076293945,17.610000610351562,372800
2011-10-14,16.205501556396484,17.43000030517578,17.889999389648438,17.110000610351562,17.690000534057617,488600
2011-10-17,16.047449111938477,17.260000228881836,17.450000762939453,16.790000915527344,17.239999771118164,1350700
2011-10-18,17.060869216918945,18.350000381469727,18.520000457763672,16.959999084472656,17.280000686645508,530500
2011-10-19,16.642478942871094,17.899999618530273,18.440000534057617,17.770000457763672,18.3700008392334,293300
2011-10-20,16.819133758544922,18.09000015258789,18.15999984741211,17.420000076293945,17.969999313354492,384200
2011-10-21,16.819133758544922,18.09000015258789,18.709999084472656,17.850000381469727,18.43000030517578,677200
2011-10-24,17.869749069213867,19.219999313354492,19.239999771118164,18.15999984741211,18.260000228881836,880500
2011-10-25,17.497852325439453,18.81999969482422,19.309999465942383,18.600000381469727,19.06999969482422,449300
2011-10-26,17.813968658447266,19.15999984741211,19.31999969482422,18.81999969482422,19.190000534057617,496900
2011-10-27,20.249902725219727,21.780000686645508,22.09000015258789,19.030000686645508,19.15999984741211,741800
2011-10-28,19.738540649414062,21.229999542236328,21.860000610351562,21.15999984741211,21.299999237060547,534000
2011-10-31,19.134204864501953,20.579999923706055,21.100000381469727,20.489999771118164,20.81999969482422,524300
2011-11-01,18.362518310546875,19.75,20.260000228881836,19.479999542236328,20.149999618530273,584600
2011-11-02,18.734418869018555,20.149999618530273,20.65999984741211,19.8700008392334,20.15999984741211,465100
2011-11-03,19.543302536010742,21.020000457763672,21.09000015258789,19.959999084472656,20.3700008392334,649500
2011-11-04,19.08772087097168,20.530000686645508,20.84000015258789,20.200000762939453,20.84000015258789,268200
2011-11-07,19.51540184020996,20.989999771118164,21.100000381469727,20.360000610351562,20.56999969482422,331000
2011-11-08,19.794330596923828,21.290000915527344,21.389999389648438,20.639999389648438,21.229999542236328,344900
2011-11-09,18.557762145996094,19.959999084472656,20.670000076293945,19.8700008392334,20.649999618530273,440400
2011-11-10,19.05052947998047,20.489999771118164,20.540000915527344,20.09000015258789,20.3799991607666,525300
2011-11-11,19.599077224731445,21.079999923706055,21.440000534057617,20.670000076293945,20.760000228881836,428700
2011-11-14,19.171396255493164,20.6200008392334,21.030000686645508,20.170000076293945,20.950000762939453,425000
2011-11-15,19.682754516601562,21.170000076293945,21.290000915527344,20.360000610351562,20.479999542236328,412900
2011-11-16,20.12903594970703,21.649999618530273,22.389999389648438,20.700000762939453,20.940000534057617,690300
2011-11-17,20.15692901611328,21.68000030517578,22.719999313354492,21.540000915527344,21.75,850100
2011-11-18,21.170351028442383,22.770000457763672,23.0,21.709999084472656,21.799999237060547,776700
2011-11-21,20.6868839263916,22.25,22.540000915527344,21.850000381469727,22.350000381469727,594900
2011-11-22,19.93379783630371,21.440000534057617,22.299999237060547,21.290000915527344,22.239999771118164,556700
2011-11-23,18.669330596923828,20.079999923706055,21.1299991607666,20.030000686645508,21.1299991607666,446000
2011-11-25,18.660037994384766,20.06999969482422,20.479999542236328,19.940000534057617,20.010000228881836,197900
2011-11-28,19.6734676361084,21.15999984741211,21.459999084472656,20.760000228881836,20.81999969482422,396300
2011-11-29,19.924489974975586,21.43000030517578,21.649999618530273,21.1200008392334,21.25,359100
2011-11-30,21.523651123046875,23.149999618530273,23.360000610351562,22.270000457763672,22.459999084472656,746400
2011-12-01,21.272626876831055,22.8799991607666,23.459999084472656,22.43000030517578,23.18000030517578,633700
2011-12-02,21.6445255279541,23.280000686645508,24.110000610351562,23.149999618530273,23.280000686645508,514700
2011-12-05,22.50918960571289,24.209999084472656,24.579999923706055,23.760000228881836,23.760000228881836,640700
2011-12-06,22.61146354675293,24.31999969482422,24.579999923706055,23.75,24.059999465942383,804100
2011-12-07,22.369731903076172,24.059999465942383,24.450000762939453,23.649999618530273,24.1299991607666,529500
2011-12-08,20.872838973999023,22.450000762939453,23.850000381469727,22.309999465942383,23.719999313354492,749200
2011-12-09,21.681724548339844,23.31999969482422,23.770000457763672,22.549999237060547,22.549999237060547,449600
2011-12-12,21.95134162902832,23.610000610351562,24.739999771118164,22.280000686645508,22.93000030517578,1944900
2011-12-13,21.467872619628906,23.09000015258789,24.270000457763672,22.950000762939453,23.8700008392334,646200
2011-12-14,20.789155960083008,22.360000610351562,23.270000457763672,22.290000915527344,22.809999465942383,565400
2011-12-15,21.430686950683594,23.049999237060547,23.18000030517578,22.549999237060547,22.739999771118164,532000
2011-12-16,21.653820037841797,23.290000915527344,24.1299991607666,23.110000610351562,23.329999923706055,737700
2011-12-19,21.37369728088379,22.889999389648438,23.90999984741211,22.81999969482422,23.5,1207600
2011-12-20,22.662277221679688,24.270000457763672,24.600000381469727,23.469999313354492,23.469999313354492,517200
2011-12-21,23.250547409057617,24.899999618530273,25.040000915527344,24.149999618530273,24.239999771118164,572200
2011-12-22,23.97887420654297,25.68000030517578,25.950000762939453,25.059999465942383,25.059999465942383,777900
2011-12-23,24.109600067138672,25.81999969482422,25.899999618530273,25.479999542236328,25.700000762939453,347100
2011-12-27,24.12828254699707,25.84000015258789,26.1200008392334,25.6299991607666,25.790000915527344,331400
2011-12-28,23.259885787963867,24.90999984741211,25.950000762939453,24.770000457763672,25.75,417000
2011-12-29,23.81079864501953,25.5,25.790000915527344,25.010000228881836,25.079999923706055,342700
2011-12-30,23.9601993560791,25.65999984741211,25.81999969482422,25.43000030517578,25.489999771118164,351200
2012-01-03,24.417736053466797,26.149999618530273,26.729999542236328,26.079999923706055,26.399999618530273,463700
2012-01-04,24.6231746673584,26.3700008392334,26.510000228881836,25.6299991607666,25.93000030517578,338300
2012-01-05,25.603612899780273,27.420000076293945,27.639999389648438,26.010000228881836,26.040000915527344,968000
2012-01-06,25.603612899780273,27.420000076293945,27.649999618530273,27.030000686645508,27.549999237060547,906900
2012-01-09,25.659639358520508,27.479999542236328,28.0,27.3700008392334,27.600000381469727,580000
2012-01-10,26.201217651367188,28.059999465942383,28.510000228881836,27.93000030517578,27.989999771118164,778400
2012-01-11,27.40576171875,29.350000381469727,29.68000030517578,27.989999771118164,27.989999771118164,979700
2012-01-12,27.769929885864258,29.739999771118164,30.280000686645508,29.219999313354492,29.549999237060547,891500
2012-01-13,27.312389373779297,29.25,29.6299991607666,28.850000381469727,29.31999969482422,931400
2012-01-17,27.779268264770508,29.75,30.079999923706055,29.600000381469727,29.709999084472656,485400
2012-01-18,28.22746467590332,30.229999542236328,30.350000381469727,29.559999465942383,29.760000228881836,1074600
2012-01-19,28.1807861328125,30.18000030517578,30.510000228881836,29.920000076293945,30.280000686645508,737800
2012-01-20,27.723237991333008,29.690000534057617,30.43000030517578,29.469999313354492,30.110000610351562,727100
2012-01-23,27.060277938842773,28.979999542236328,29.950000762939453,28.8799991607666,29.950000762939453,777100
2012-01-24,27.4991397857666,29.450000762939453,29.540000915527344,28.59000015258789,28.739999771118164,618200
2012-01-25,27.853967666625977,29.829999923706055,29.989999771118164,29.010000228881836,29.43000030517578,845600
2012-01-26,27.53649139404297,29.489999771118164,30.15999984741211,29.260000228881836,30.030000686645508,418500
2012-01-27,27.592514038085938,29.549999237060547,29.739999771118164,29.209999084472656,29.209999084472656,399900
2012-01-30,27.209674835205078,29.139999389648438,29.25,28.770000457763672,29.170000076293945,393300
2012-01-31,27.461788177490234,29.40999984741211,29.610000610351562,28.780000686645508,29.450000762939453,341400
2012-02-01,27.461788177490234,29.40999984741211,29.780000686645508,29.010000228881836,29.170000076293945,885400
2012-02-02,29.095857620239258,31.15999984741211,32.20000076293945,30.1200008392334,30.510000228881836,1644900
2012-02-03,30.34710121154785,32.5,32.52000045776367,31.56999969482422,31.93000030517578,1906500
2012-02-06,30.505823135375977,32.66999816894531,33.209999084472656,32.29999923706055,32.29999923706055,759900
2012-02-07,30.80463981628418,32.9900016784668,33.33000183105469,32.61000061035156,32.689998626708984,570800
2012-02-08,30.888673782348633,33.08000183105469,33.290000915527344,32.56999969482422,32.970001220703125,289500
2012-02-09,31.318206787109375,33.540000915527344,33.65999984741211,32.880001068115234,33.31999969482422,481200
2012-02-10,30.25372314453125,32.400001525878906,33.22999954223633,32.2599983215332,33.02000045776367,566100
2012-02-13,30.8700008392334,33.060001373291016,33.119998931884766,32.619998931884766,32.849998474121094,420900
2012-02-14,30.701932907104492,32.880001068115234,32.939998626708984,32.459999084472656,32.7400016784668,401800
2012-02-15,31.066099166870117,33.27000045776367,33.97999954223633,32.849998474121094,33.130001068115234,698800
2012-02-16,31.187484741210938,33.400001525878906,33.56999969482422,33.209999084472656,33.40999984741211,381600
2012-02-17,30.851341247558594,33.040000915527344,33.79999923706055,33.0,33.65999984741211,251000
2012-02-21,30.05763053894043,32.189998626708984,33.439998626708984,32.119998931884766,33.369998931884766,478100
2012-02-22,29.590761184692383,31.690000534057617,32.150001525878906,31.399999618530273,32.119998931884766,309000
2012-02-23,30.16034507751465,32.29999923706055,32.4900016784668,31.59000015258789,31.670000076293945,425400
2012-02-24,29.590761184692383,31.690000534057617,32.77000045776367,31.389999389648438,32.38999938964844,275700
2012-02-27,29.982934951782227,32.11000061035156,32.25,31.149999618530273,31.440000534057617,362000
2012-02-28,29.553401947021484,31.649999618530273,32.880001068115234,31.389999389648438,32.33000183105469,416700
2012-02-29,29.301288604736328,31.3799991607666,32.310001373291016,31.280000686645508,31.799999237060547,490200
2012-03-01,29.319965362548828,31.399999618530273,32.220001220703125,31.219999313354492,31.790000915527344,361100
2012-03-02,28.535614013671875,30.559999465942383,31.440000534057617,30.229999542236328,31.299999237060547,407200
2012-03-05,28.778390884399414,30.81999969482422,30.850000381469727,30.219999313354492,30.399999618530273,256500
2012-03-06,28.32084846496582,30.329999923706055,31.350000381469727,30.170000076293945,30.329999923706055,489000
2012-03-07,29.13321304321289,31.200000762939453,31.59000015258789,30.489999771118164,30.489999771118164,522400
2012-03-08,30.14166831970215,32.279998779296875,32.349998474121094,31.209999084472656,31.40999984741211,586000
2012-03-09,30.393781661987305,32.54999923706055,33.43000030517578,32.20000076293945,32.2599983215332,515000
2012-03-12,30.813974380493164,33.0,33.15999984741211,32.4900016784668,32.540000915527344,874900
2012-03-13,33.026973724365234,35.369998931884766,35.43000030517578,33.33000183105469,33.33000183105469,1196300
2012-03-14,31.93448829650879,34.20000076293945,35.5,33.86000061035156,35.310001373291016,732600
2012-03-15,32.8962516784668,35.22999954223633,35.619998931884766,33.88999938964844,34.220001220703125,463100
2012-03-16,32.85891342163086,35.189998626708984,35.439998626708984,34.58000183105469,35.209999084472656,734300
2012-03-19,32.82155227661133,35.150001525878906,35.97999954223633,35.029998779296875,35.13999938964844,670000
2012-03-20,32.53208923339844,34.84000015258789,35.11000061035156,34.150001525878906,34.779998779296875,337800
2012-03-21,33.437828063964844,35.810001373291016,37.18000030517578,35.36000061035156,36.5099983215332,3090300
2012-03-22,33.307098388671875,35.66999816894531,35.810001373291016,34.880001068115234,35.349998474121094,609500
2012-03-23,32.4947395324707,34.79999923706055,35.459999084472656,34.47999954223633,35.34000015258789,1013300
2012-03-26,32.261314392089844,34.54999923706055,35.349998474121094,34.09000015258789,35.0,855400
2012-03-27,33.0083122253418,35.349998474121094,35.93000030517578,34.41999816894531,34.58000183105469,672500
2012-03-28,33.232418060302734,35.59000015258789,35.599998474121094,34.779998779296875,35.290000915527344,840500
2012-03-29,33.064327239990234,35.40999984741211,35.47999954223633,34.40999984741211,35.20000076293945,517700
2012-03-30,32.44804382324219,34.75,35.869998931884766,34.709999084472656,35.84000015258789,420800
2012-04-02,32.30799102783203,34.599998474121094,34.77000045776367,34.189998626708984,34.540000915527344,460600
2012-04-03,32.10255813598633,34.380001068115234,34.79999923706055,34.040000915527344,34.599998474121094,403300
2012-04-04,31.746692657470703,33.900001525878906,34.06999969482422,33.310001373291016,33.900001525878906,365000
2012-04-05,31.83098602294922,33.9900016784668,34.209999084472656,33.61000061035156,33.810001373291016,449800
2012-04-09,31.47511863708496,33.61000061035156,33.95000076293945,33.099998474121094,33.20000076293945,863300
2012-04-10,29.976743698120117,32.0099983215332,33.880001068115234,31.989999771118164,33.560001373291016,828300
2012-04-11,30.894495010375977,32.9900016784668,33.150001525878906,32.369998931884766,32.43000030517578,401300
2012-04-12,31.36273956298828,33.4900016784668,34.0099983215332,32.810001373291016,32.959999084472656,839800
2012-04-13,30.978788375854492,33.08000183105469,33.40999984741211,32.7599983215332,33.25,392000
2012-04-16,30.978788375854492,33.08000183105469,34.04999923706055,32.93000030517578,33.45000076293945,513800
2012-04-17,32.214942932128906,34.400001525878906,35.58000183105469,33.5,33.5,1104700
2012-04-18,31.72796058654785,33.880001068115234,34.310001373291016,33.630001068115234,34.2599983215332,442000
2012-04-19,30.83831787109375,32.93000030517578,33.86000061035156,32.4900016784668,33.79999923706055,553300
2012-04-20,30.894495010375977,32.9900016784668,33.380001068115234,32.54999923706055,33.25,310600
2012-04-23,30.679107666015625,32.7599983215332,32.900001525878906,32.0099983215332,32.29999923706055,364500
2012-04-24,31.484493255615234,33.619998931884766,33.66999816894531,32.439998626708984,32.83000183105469,376100
2012-04-25,32.25238800048828,34.439998626708984,34.650001525878906,34.0,34.11000061035156,331200
2012-04-26,32.767459869384766,34.9900016784668,35.209999084472656,34.290000915527344,34.380001068115234,310900
2012-04-27,33.31061553955078,35.56999969482422,35.72999954223633,34.720001220703125,35.16999816894531,290700
2012-04-30,32.98285675048828,35.220001220703125,35.529998779296875,35.04999923706055,35.529998779296875,457900
2012-05-01,33.94742965698242,36.25,36.970001220703125,35.0,35.29999923706055,933600
2012-05-02,34.84645080566406,37.209999084472656,37.25,35.75,35.95000076293945,967400
2012-05-03,34.631065368652344,36.97999954223633,37.279998779296875,36.560001373291016,37.22999954223633,793600
2012-05-04,33.816322326660156,36.11000061035156,36.689998626708984,35.79999923706055,36.52000045776367,655700
2012-05-07,33.58219909667969,35.86000061035156,36.54999923706055,35.779998779296875,35.97999954223633,706100
2012-05-08,33.83505630493164,36.130001068115234,36.290000915527344,34.810001373291016,35.5,909100
2012-05-09,33.469818115234375,35.7400016784668,36.54999923706055,35.58000183105469,35.7599983215332,777800
2012-05-10,33.38554000854492,35.650001525878906,36.400001525878906,35.33000183105469,36.130001068115234,433400
2012-05-11,33.45109176635742,35.720001220703125,35.77000045776367,34.810001373291016,35.2400016784668,430100
2012-05-14,32.65508270263672,34.869998931884766,35.470001220703125,34.83000183105469,35.060001373291016,416800
2012-05-15,32.7299919128418,34.95000076293945,35.59000015258789,34.380001068115234,34.75,317900
2012-05-16,31.147342681884766,33.2599983215332,34.95000076293945,32.31999969482422,34.95000076293945,1696400
2012-05-17,28.31917953491211,30.239999771118164,32.720001220703125,30.06999969482422,32.33000183105469,1850500
2012-05-18,28.469011306762695,30.399999618530273,30.790000915527344,29.75,30.260000228881836,714100
2012-05-21,29.246295928955078,31.229999542236328,31.40999984741211,29.68000030517578,30.469999313354492,1005900
2012-05-22,28.69377326965332,30.639999389648438,31.729999542236328,30.43000030517578,31.309999465942383,568800
2012-05-23,29.536605834960938,31.540000915527344,31.700000762939453,30.18000030517578,30.280000686645508,477000
2012-05-24,29.976743698120117,32.0099983215332,32.029998779296875,31.18000030517578,31.549999237060547,373500
2012-05-25,30.098495483398438,32.13999938964844,32.34000015258789,31.639999389648438,31.940000534057617,382700
2012-05-29,31.306547164916992,33.43000030517578,33.470001220703125,32.33000183105469,32.41999816894531,460300
2012-05-30,30.491811752319336,32.560001373291016,33.22999954223633,32.540000915527344,32.9900016784668,641500
2012-05-31,30.0610294342041,32.099998474121094,32.75,31.34000015258789,32.560001373291016,514000
2012-06-01,28.534570693969727,30.469999313354492,31.520000457763672,30.469999313354492,31.15999984741211,781700
2012-06-04,27.944581985473633,29.84000015258789,30.739999771118164,29.75,30.739999771118164,588000
2012-06-05,28.422183990478516,30.350000381469727,30.579999923706055,29.639999389648438,29.690000534057617,627400
2012-06-06,29.845645904541016,31.8700008392334,32.029998779296875,30.690000534057617,30.690000534057617,441100
2012-06-07,29.986116409301758,32.02000045776367,33.0,31.969999313354492,32.45000076293945,433300
2012-06-08,31.175439834594727,33.290000915527344,33.4900016784668,31.43000030517578,31.920000076293945,632700
2012-06-11,29.920562744140625,31.950000762939453,33.689998626708984,31.920000076293945,33.47999954223633,462200
2012-06-12,30.5199031829834,32.59000015258789,32.88999938964844,31.940000534057617,32.13999938964844,495500
2012-06-13,29.030902862548828,31.0,32.84000015258789,30.84000015258789,32.459999084472656,727000
2012-06-14,29.227561950683594,31.209999084472656,31.59000015258789,30.889999389648438,31.06999969482422,379200
2012-06-15,30.145305633544922,32.189998626708984,32.31999969482422,31.299999237060547,31.34000015258789,633500
2012-06-18,30.20150375366211,32.25,32.52000045776367,31.65999984741211,32.0099983215332,353500
2012-06-19,31.550025939941406,33.689998626708984,34.2599983215332,32.47999954223633,32.59000015258789,624500
2012-06-20,31.700319290161133,33.75,34.040000915527344,33.20000076293945,33.41999816894531,342200
2012-06-21,30.206876754760742,32.15999984741211,33.939998626708984,32.060001373291016,33.66999816894531,240400
2012-06-22,31.117969512939453,33.130001068115234,33.290000915527344,32.04999923706055,32.40999984741211,685500
2012-06-25,30.657730102539062,32.63999938964844,32.77000045776367,32.08000183105469,32.52000045776367,420700
2012-06-26,31.21190643310547,33.22999954223633,33.4900016784668,32.0099983215332,32.779998779296875,461700
2012-06-27,32.79926681518555,34.91999816894531,35.029998779296875,33.52000045776367,33.52000045776367,601100
2012-06-28,33.37221145629883,35.529998779296875,35.59000015258789,34.380001068115234,34.52000045776367,571000
2012-06-29,35.072288513183594,37.34000015258789,38.09000015258789,36.36000061035156,36.439998626708984,1056400
2012-07-02,36.171234130859375,38.5099983215332,38.619998931884766,37.29999923706055,37.380001068115234,959100
2012-07-03,35.7767333984375,38.09000015258789,38.70000076293945,37.630001068115234,38.290000915527344,567800
2012-07-05,35.94581604003906,38.27000045776367,38.41999816894531,37.689998626708984,37.97999954223633,764400
2012-07-06,35.89884948730469,38.220001220703125,38.38999938964844,37.709999084472656,37.72999954223633,341000
2012-07-09,35.504364013671875,37.79999923706055,38.150001525878906,37.540000915527344,38.040000915527344,637800
2012-07-10,34.93141174316406,37.189998626708984,38.470001220703125,37.04999923706055,38.25,510500
2012-07-11,34.72477340698242,36.970001220703125,37.43000030517578,36.5,37.290000915527344,394600
2012-07-12,35.917640686035156,38.2400016784668,38.36000061035156,36.68000030517578,36.7400016784668,1389100
2012-07-13,36.23700714111328,38.58000183105469,39.290000915527344,38.18000030517578,38.369998931884766,880300
2012-07-16,35.870670318603516,38.189998626708984,38.91999816894531,38.0,38.47999954223633,499500
2012-07-17,35.710994720458984,38.02000045776367,38.61000061035156,37.58000183105469,38.540000915527344,501000
2012-07-18,35.52313232421875,37.81999969482422,38.34000015258789,37.7599983215332,37.90999984741211,596200
2012-07-19,35.9833869934082,38.310001373291016,38.790000915527344,37.75,38.08000183105469,554200
2012-07-20,36.47180938720703,38.83000183105469,39.22999954223633,37.939998626708984,37.939998626708984,501300
2012-07-23,35.974002838134766,38.29999923706055,39.119998931884766,37.66999816894531,37.79999923706055,436100
2012-07-24,35.20379638671875,37.47999954223633,38.470001220703125,37.040000915527344,38.41999816894531,311300
2012-07-25,32.71472930908203,34.83000183105469,37.540000915527344,34.47999954223633,37.540000915527344,1568300
2012-07-26,32.69594955444336,34.810001373291016,35.93000030517578,34.09000015258789,35.72999954223633,701700
2012-07-27,33.907596588134766,36.099998474121094,36.599998474121094,34.560001373291016,35.09000015258789,326200
2012-07-30,33.19375228881836,35.34000015258789,36.5099983215332,35.09000015258789,36.220001220703125,446500
2012-07-31,32.63957977294922,34.75,35.7400016784668,34.720001220703125,35.11000061035156,435200
2012-08-01,31.86000633239746,33.91999816894531,35.279998779296875,33.91999816894531,35.09000015258789,471200
2012-08-02,35.9552001953125,38.279998779296875,38.95000076293945,32.7400016784668,33.220001220703125,1810900
2012-08-03,35.757972717285156,38.06999969482422,39.33000183105469,37.630001068115234,39.189998626708984,901700
2012-08-06,37.195045471191406,39.599998474121094,40.279998779296875,38.27000045776367,38.27000045776367,504400
2012-08-07,37.07295227050781,39.470001220703125,40.529998779296875,39.310001373291016,39.75,462000
2012-08-08,36.71601867675781,39.09000015258789,39.720001220703125,38.72999954223633,39.220001220703125,549300
2012-08-09,36.152462005615234,38.4900016784668,39.529998779296875,38.27000045776367,39.119998931884766,723200
2012-08-10,36.171234130859375,38.5099983215332,39.02000045776367,37.900001525878906,38.56999969482422,395900
2012-08-13,37.025978088378906,39.41999816894531,39.41999816894531,38.31999969482422,38.369998931884766,291300
2012-08-14,37.166866302490234,39.56999969482422,39.970001220703125,39.47999954223633,39.790000915527344,466500
2012-08-15,36.659664154052734,39.029998779296875,39.31999969482422,38.7400016784668,39.16999816894531,387000
2012-08-16,38.002811431884766,40.459999084472656,40.70000076293945,38.90999984741211,39.060001373291016,514300
2012-08-17,38.275211334228516,40.75,41.04999923706055,40.47999954223633,40.68000030517578,328900
2012-08-20,37.62710952758789,40.060001373291016,40.5,39.66999816894531,40.41999816894531,267700
2012-08-21,37.185638427734375,39.59000015258789,40.470001220703125,39.439998626708984,40.31999969482422,381100
2012-08-22,38.82938003540039,41.34000015258789,41.369998931884766,39.599998474121094,39.599998474121094,707700
2012-08-23,39.52444076538086,42.08000183105469,43.54999923706055,41.22999954223633,41.2599983215332,1618100
2012-08-24,40.2194709777832,42.81999969482422,43.0,41.869998931884766,41.869998931884766,1239800
2012-08-27,40.0504150390625,42.63999938964844,43.04999923706055,42.36000061035156,43.02000045776367,404700
2012-08-28,40.134944915771484,42.72999954223633,43.18000030517578,42.33000183105469,42.4900016784668,434400
2012-08-29,40.06919479370117,42.65999984741211,42.939998626708984,42.060001373291016,42.900001525878906,344300
2012-08-30,39.458675384521484,42.0099983215332,42.619998931884766,41.93000030517578,42.40999984741211,212400
2012-08-31,40.059814453125,42.650001525878906,42.900001525878906,41.810001373291016,42.369998931884766,224600
2012-09-04,40.56702423095703,43.189998626708984,43.59000015258789,42.13999938964844,42.709999084472656,289500
2012-09-05,40.06919479370117,42.65999984741211,43.47999954223633,42.369998931884766,43.04999923706055,246500
2012-09-06,41.23390197753906,43.900001525878906,44.029998779296875,42.83000183105469,43.29999923706055,307600
2012-09-07,41.97591781616211,44.689998626708984,45.060001373291016,44.02000045776367,44.310001373291016,298800
2012-09-10,41.62838363647461,44.31999969482422,45.47999954223633,44.150001525878906,44.599998474121094,364900
2012-09-11,42.107418060302734,44.83000183105469,45.209999084472656,44.22999954223633,44.38999938964844,304500
2012-09-12,43.56328582763672,46.380001068115234,46.43000030517578,45.040000915527344,45.209999084472656,411400
2012-09-13,44.26772689819336,47.130001068115234,47.36000061035156,45.04999923706055,46.310001373291016,586900
2012-09-14,43.93899154663086,46.779998779296875,48.099998474121094,46.16999816894531,47.439998626708984,486800
2012-09-17,43.18757247924805,45.97999954223633,46.90999984741211,45.720001220703125,46.630001068115234,360700
2012-09-18,43.11244201660156,45.900001525878906,46.720001220703125,45.5099983215332,45.88999938964844,352500
2012-09-19,43.168792724609375,45.959999084472656,46.709999084472656,45.720001220703125,46.060001373291016,479000
2012-09-20,42.81187438964844,45.58000183105469,46.130001068115234,44.81999969482422,45.70000076293945,379800
2012-09-21,42.96215057373047,45.7400016784668,47.0,45.58000183105469,46.20000076293945,829600
2012-09-24,42.783695220947266,45.54999923706055,46.5099983215332,45.08000183105469,45.939998626708984,463100
2012-09-25,42.107418060302734,44.83000183105469,46.72999954223633,44.72999954223633,45.470001220703125,403400
2012-09-26,40.67033767700195,43.29999923706055,44.83000183105469,42.5,44.83000183105469,662400
2012-09-27,44.53073501586914,47.40999984741211,47.81999969482422,42.84000015258789,42.869998931884766,1785900
2012-09-28,43.54240798950195,46.2599983215332,47.79999923706055,46.0,47.29999923706055,4175300
2012-10-01,44.747222900390625,47.540000915527344,47.720001220703125,46.36000061035156,46.36000061035156,1011700
2012-10-02,45.62258529663086,48.470001220703125,48.5,47.2599983215332,47.849998474121094,671600
2012-10-03,45.509639739990234,48.349998474121094,48.619998931884766,47.810001373291016,48.599998474121094,663500
2012-10-04,46.62972640991211,49.540000915527344,50.060001373291016,48.279998779296875,48.4900016784668,1044700
2012-10-05,46.714447021484375,49.630001068115234,50.900001525878906,49.150001525878906,49.9900016784668,466100
2012-10-08,46.30028533935547,49.189998626708984,49.34000015258789,48.459999084472656,49.25,343100
2012-10-09,44.65309524536133,47.439998626708984,49.09000015258789,47.43000030517578,48.95000076293945,565800
2012-10-10,45.236671447753906,48.060001373291016,48.93000030517578,47.41999816894531,47.56999969482422,323900
2012-10-11,45.33079147338867,48.15999984741211,48.95000076293945,47.58000183105469,48.709999084472656,286600
2012-10-12,44.615455627441406,47.400001525878906,48.41999816894531,46.91999816894531,48.189998626708984,472800
2012-10-15,45.48139572143555,48.31999969482422,48.790000915527344,47.40999984741211,48.11000061035156,419500
2012-10-16,46.19675827026367,49.08000183105469,49.13999938964844,47.29999923706055,48.65999984741211,572100
2012-10-17,46.516780853271484,49.41999816894531,50.5,49.220001220703125,49.529998779296875,629900
2012-10-18,47.80628967285156,50.790000915527344,51.06999969482422,48.72999954223633,48.939998626708984,843400
2012-10-19,46.921512603759766,49.849998474121094,51.04999923706055,49.15999984741211,50.33000183105469,428700
2012-10-22,46.959171295166016,49.88999938964844,50.650001525878906,49.45000076293945,49.97999954223633,223900
2012-10-23,46.73326873779297,49.650001525878906,49.900001525878906,48.09000015258789,49.2599983215332,532400
2012-10-24,47.84394454956055,50.83000183105469,50.86000061035156,49.11000061035156,49.84000015258789,464900
2012-10-25,46.61090850830078,49.52000045776367,51.540000915527344,49.369998931884766,51.43000030517578,501300
2012-10-26,45.38727569580078,48.220001220703125,49.63999938964844,47.40999984741211,49.5,1258900
2012-10-31,49.85823440551758,52.970001220703125,53.75,49.2599983215332,49.38999938964844,2012100
2012-11-01,48.94522476196289,52.0,53.16999816894531,51.75,53.099998474121094,1065800
2012-11-02,48.45576095581055,51.47999954223633,53.0,51.459999084472656,52.209999084472656,510700
2012-11-05,50.244140625,53.380001068115234,53.630001068115234,51.16999816894531,51.5,554600
2012-11-06,50.17826461791992,53.310001373291016,54.099998474121094,52.91999816894531,53.58000183105469,570900
2012-11-07,49.85823440551758,52.970001220703125,53.4900016784668,52.04999923706055,52.5,575000
2012-11-08,48.54046630859375,51.56999969482422,53.099998474121094,51.34000015258789,52.709999084472656,593400
2012-11-09,49.41584396362305,52.5,53.2599983215332,51.40999984741211,51.810001373291016,678400
2012-11-12,49.961769104003906,53.08000183105469,53.849998474121094,51.880001068115234,52.970001220703125,435000
2012-11-13,50.65829849243164,53.81999969482422,54.93000030517578,52.9900016784668,53.08000183105469,910600
2012-11-14,49.16168975830078,52.22999954223633,54.79999923706055,51.9900016784668,54.09000015258789,630700
2012-11-15,48.361637115478516,51.380001068115234,52.61000061035156,49.90999984741211,52.15999984741211,942700
2012-11-16,49.90530014038086,53.02000045776367,53.22999954223633,50.72999954223633,51.25,652600
2012-11-19,51.33599853515625,54.540000915527344,55.029998779296875,53.68000030517578,53.970001220703125,454100
2012-11-20,52.230201721191406,55.4900016784668,55.560001373291016,54.4900016784668,54.70000076293945,480100
2012-11-21,51.94782638549805,55.189998626708984,56.290000915527344,54.869998931884766,55.59000015258789,465600
2012-11-23,53.00202178955078,56.310001373291016,56.310001373291016,55.0099983215332,55.36000061035156,304200
2012-11-26,52.4466667175293,55.720001220703125,56.400001525878906,55.40999984741211,55.91999816894531,431300
2012-11-27,51.015968322753906,54.20000076293945,55.84000015258789,54.150001525878906,55.720001220703125,1631800
2012-11-28,51.07244873046875,54.2599983215332,54.52000045776367,53.2400016784668,54.33000183105469,1370000
2012-11-29,51.053627014160156,54.2400016784668,55.349998474121094,54.0,54.72999954223633,956000
2012-11-30,50.093544006347656,53.220001220703125,54.58000183105469,52.40999984741211,54.58000183105469,1315400
2012-12-03,50.04646682739258,53.16999816894531,53.779998779296875,53.06999969482422,53.650001525878906,563500
2012-12-04,51.552490234375,54.77000045776367,55.04999923706055,53.0,53.560001373291016,682300
2012-12-05,49.114646911621094,52.18000030517578,54.95000076293945,52.040000915527344,54.95000076293945,822600
2012-12-06,48.70990753173828,51.75,52.529998779296875,51.5,52.18000030517578,718600
2012-12-07,49.594669342041016,52.689998626708984,52.75,51.400001525878906,52.150001525878906,458800
2012-12-10,49.547607421875,52.63999938964844,53.220001220703125,52.18000030517578,52.52000045776367,441100
2012-12-11,50.75241470336914,53.91999816894531,53.95000076293945,52.560001373291016,53.13999938964844,871800
2012-12-12,51.60895919799805,54.83000183105469,55.599998474121094,53.72999954223633,53.95000076293945,1309600
2012-12-13,52.15488815307617,55.40999984741211,55.599998474121094,54.59000015258789,54.83000183105469,1090600
2012-12-14,52.493751525878906,55.77000045776367,55.79999923706055,55.33000183105469,55.58000183105469,546800
2012-12-17,53.54793930053711,56.88999938964844,57.0,54.779998779296875,55.81999969482422,1036400
2012-12-18,54.3574104309082,57.75,57.869998931884766,56.56999969482422,57.11000061035156,732700
2012-12-19,54.11228561401367,57.38999938964844,58.189998626708984,56.310001373291016,57.630001068115234,1076500
2012-12-20,55.2531623840332,58.599998474121094,58.790000915527344,56.79999923706055,57.279998779296875,675100
2012-12-21,54.414005279541016,57.709999084472656,58.11000061035156,57.099998474121094,58.099998474121094,1209800
2012-12-24,54.168853759765625,57.45000076293945,58.02000045776367,57.11000061035156,57.97999954223633,167600
2012-12-26,53.838836669921875,57.099998474121094,57.65999984741211,56.880001068115234,57.58000183105469,327900
2012-12-27,53.659690856933594,56.90999984741211,57.7400016784668,55.72999954223633,57.279998779296875,263000
2012-12-28,53.91425323486328,57.18000030517578,57.599998474121094,56.41999816894531,56.41999816894531,477500
2012-12-31,55.15886306762695,58.5,58.7400016784668,56.880001068115234,57.029998779296875,706000
2013-01-02,58.741851806640625,62.29999923706055,62.400001525878906,60.09000015258789,60.09000015258789,1106200
2013-01-03,58.713565826416016,62.27000045776367,62.59000015258789,61.689998626708984,62.40999984741211,712800
2013-01-04,59.66587829589844,63.279998779296875,63.380001068115234,62.290000915527344,62.70000076293945,532400
2013-01-07,59.72244644165039,63.34000015258789,64.77999877929688,63.02000045776367,63.099998474121094,1133800
2013-01-08,61.042484283447266,64.73999786376953,64.73999786376953,62.97999954223633,63.36000061035156,897100
2013-01-09,60.787906646728516,64.47000122070312,65.16000366210938,64.11000061035156,64.98999786376953,636200
2013-01-10,61.853370666503906,65.5999984741211,66.04000091552734,63.880001068115234,64.51000213623047,729000
2013-01-11,61.24049758911133,64.94999694824219,67.41999816894531,64.30999755859375,65.73999786376953,563200
2013-01-14,59.5527229309082,63.15999984741211,64.94999694824219,62.97999954223633,64.94999694824219,1056500
2013-01-15,60.07130432128906,63.709999084472656,63.849998474121094,62.58000183105469,62.84000015258789,648900
2013-01-16,58.81728744506836,62.380001068115234,63.54999923706055,62.31999969482422,63.470001220703125,674400
2013-01-17,60.024173736572266,63.65999984741211,64.18000030517578,62.59000015258789,62.59000015258789,725000
2013-01-18,60.354183197021484,64.01000213623047,64.4800033569336,63.29999923706055,63.7400016784668,397300
2013-01-22,61.24049758911133,64.94999694824219,65.27999877929688,64.04000091552734,64.16000366210938,342000
2013-01-23,60.73134231567383,64.41000366210938,65.08999633789062,63.91999816894531,64.87000274658203,450000
2013-01-24,61.4667854309082,65.19000244140625,66.04000091552734,64.55999755859375,64.55999755859375,512300
2013-01-25,62.79624938964844,66.5999984741211,66.80999755859375,65.33999633789062,65.51000213623047,534500
2013-01-28,60.882205963134766,64.56999969482422,66.7300033569336,63.4900016784668,66.61000061035156,943700
2013-01-29,62.023094177246094,65.77999877929688,66.1500015258789,64.58000183105469,64.69999694824219,364200
2013-01-30,60.344757080078125,64.0,65.91000366210938,63.34000015258789,65.72000122070312,654600
2013-01-31,61.07078170776367,64.7699966430664,64.91999816894531,63.310001373291016,63.810001373291016,608100
2013-02-01,61.90052795410156,65.6500015258789,66.6500015258789,65.16000366210938,65.69999694824219,798900
2013-02-04,61.57992172241211,65.30999755859375,65.5,64.62999725341797,64.91999816894531,352000
2013-02-05,62.230525970458984,66.0,66.33999633789062,65.08999633789062,65.48999786376953,416100
2013-02-06,62.42851638793945,66.20999908447266,66.61000061035156,65.54000091552734,65.54000091552734,771300
2013-02-07,60.627628326416016,64.30000305175781,66.0,63.099998474121094,66.0,1353300
2013-02-08,61.10850143432617,64.80999755859375,65.26000213623047,64.33000183105469,64.33000183105469,262500
2013-02-11,60.87276077270508,64.55999755859375,65.30999755859375,64.33999633789062,64.7300033569336,460300
2013-02-12,62.230525970458984,66.0,66.45999908447266,64.27999877929688,64.5,756000
2013-02-13,62.192806243896484,65.95999908447266,66.44999694824219,65.44999694824219,66.25,394500
2013-02-14,63.493980407714844,67.33999633789062,67.94000244140625,65.47000122070312,65.63999938964844,876500
2013-02-15,65.14404296875,69.08999633789062,69.2300033569336,67.37999725341797,67.37999725341797,1320300
2013-02-19,63.692020416259766,67.55000305175781,69.61000061035156,66.58999633789062,69.06999969482422,1071300
2013-02-20,58.656982421875,62.209999084472656,67.19999694824219,62.130001068115234,67.16999816894531,1589000
2013-02-21,57.56324005126953,61.04999923706055,62.040000915527344,59.08000183105469,62.040000915527344,1868200
2013-02-22,59.87331008911133,63.5,64.72000122070312,62.27000045776367,62.38999938964844,1049400
2013-02-25,56.978641510009766,60.43000030517578,63.93000030517578,60.41999816894531,63.720001220703125,782800
2013-02-26,58.430702209472656,61.970001220703125,62.25,60.060001373291016,61.599998474121094,909600
2013-02-27,59.779029846191406,63.400001525878906,64.1500015258789,62.0099983215332,62.0099983215332,576400
2013-02-28,60.637046813964844,64.30999755859375,64.70999908447266,62.790000915527344,63.38999938964844,768300
2013-03-01,62.55107879638672,66.33999633789062,66.41999816894531,63.130001068115234,63.5,1626600
2013-03-04,63.58827590942383,67.44000244140625,68.30999755859375,65.94999694824219,66.02999877929688,1497300
2013-03-05,65.69093322753906,69.66999816894531,70.45999908447266,67.77999877929688,67.94999694824219,1578500
2013-03-06,65.52120971679688,69.48999786376953,71.08999633789062,68.72000122070312,70.08000183105469,930300
2013-03-07,66.0303726196289,70.02999877929688,70.3499984741211,66.77999877929688,69.0,822000
2013-03-08,67.482421875,71.56999969482422,72.30999755859375,69.6500015258789,70.98999786376953,897300
2013-03-11,66.36980438232422,70.38999938964844,71.0999984741211,69.61000061035156,70.08000183105469,1092400
2013-03-12,65.82291412353516,69.80999755859375,70.38999938964844,69.0199966430664,70.38999938964844,802700
2013-03-13,65.80406951904297,69.79000091552734,70.5999984741211,69.12999725341797,69.80999755859375,1261100
2013-03-14,67.40696716308594,71.48999786376953,72.30999755859375,69.83000183105469,69.97000122070312,862700
2013-03-15,67.06753540039062,71.12999725341797,71.94999694824219,70.63999938964844,71.44999694824219,1104800
2013-03-18,66.28494262695312,70.30000305175781,70.77999877929688,69.37000274658203,69.9800033569336,913900
2013-03-19,66.41692352294922,70.44000244140625,71.91999816894531,69.80000305175781,70.86000061035156,860900
2013-03-20,66.89783477783203,70.94999694824219,71.41000366210938,70.73999786376953,70.75,503900
2013-03-21,64.85175323486328,68.77999877929688,70.75,68.37999725341797,70.61000061035156,777600
2013-03-22,64.02198028564453,67.9000015258789,69.38999938964844,67.68000030517578,69.12999725341797,661000
2013-03-25,62.73969650268555,66.54000091552734,68.83000183105469,64.81999969482422,68.22000122070312,1922300
2013-03-26,63.173431396484375,67.0,67.44000244140625,66.20999908447266,66.93000030517578,880500
2013-03-27,62.192806243896484,65.95999908447266,66.97000122070312,64.33000183105469,66.30000305175781,873800
2013-03-28,62.82453155517578,66.62999725341797,67.69999694824219,65.93000030517578,67.45999908447266,862600
2013-04-01,60.787906646728516,64.47000122070312,67.12999725341797,64.16000366210938,66.77999877929688,750200
2013-04-02,60.15617370605469,63.79999923706055,65.62999725341797,63.439998626708984,64.73999786376953,733500
2013-04-03,58.19497299194336,61.720001220703125,64.0999984741211,61.38999938964844,63.9900016784668,1109700
2013-04-04,59.05438232421875,62.529998779296875,63.27000045776367,61.86000061035156,61.86000061035156,1021400
2013-04-05,63.115394592285156,66.83000183105469,67.2300033569336,60.25,60.9900016784668,1978700
2013-04-08,63.68205261230469,67.43000030517578,69.20999908447266,66.41999816894531,67.94000244140625,1388600
2013-04-09,63.3703727722168,67.0999984741211,68.2300033569336,66.8499984741211,67.52999877929688,798200
2013-04-10,63.35148239135742,67.08000183105469,67.76000213623047,66.0199966430664,67.12999725341797,648600
2013-04-11,63.78591537475586,67.54000091552734,68.69999694824219,66.81999969482422,66.94000244140625,662100
2013-04-12,62.16151809692383,65.81999969482422,68.12999725341797,65.37999725341797,66.91999816894531,835900
2013-04-15,58.81827926635742,62.279998779296875,65.06999969482422,62.15999984741211,64.8499984741211,927900
2013-04-16,60.97154998779297,64.55999755859375,64.72000122070312,63.130001068115234,63.33000183105469,1173100
2013-04-17,60.54656982421875,64.11000061035156,65.75,63.2400016784668,65.0199966430664,1094500
2013-04-18,58.60106658935547,62.04999923706055,64.38999938964844,61.59000015258789,64.16999816894531,1150800
2013-04-19,59.5549430847168,63.060001373291016,63.9900016784668,62.22999954223633,62.22999954223633,635800
2013-04-22,60.65046691894531,64.22000122070312,64.4000015258789,62.06999969482422,63.189998626708984,841000
2013-04-23,61.509857177734375,65.12999725341797,66.19999694824219,63.81999969482422,64.22000122070312,694800
2013-04-24,62.91705322265625,66.62000274658203,66.9000015258789,64.69999694824219,64.69999694824219,993900
2013-04-25,64.73979949951172,68.55000305175781,69.12999725341797,67.11000061035156,67.5199966430664,1366700
2013-04-26,64.54145812988281,68.33999633789062,68.7300033569336,67.62000274658203,67.62000274658203,766700
2013-04-29,63.91813659667969,67.68000030517578,68.81999969482422,67.55999755859375,68.75,753900
2013-04-30,63.9842643737793,67.75,68.11000061035156,66.77999877929688,67.23999786376953,6959300
2013-05-01,61.39656066894531,65.01000213623047,67.81999969482422,64.94999694824219,67.75,1494000
2013-05-02,63.44594192504883,67.18000030517578,67.45999908447266,65.19999694824219,65.30000305175781,1376800
2013-05-03,65.56143188476562,69.41999816894531,70.2300033569336,68.05000305175781,68.23999786376953,1751200
2013-05-06,65.8919448852539,69.7699966430664,70.2300033569336,68.76000213623047,69.41999816894531,663400
2013-05-07,66.60971069335938,70.52999877929688,70.70999908447266,69.04000091552734,69.83000183105469,818600
2013-05-08,67.60135650634766,71.58000183105469,71.7300033569336,69.9800033569336,70.5,871900
2013-05-09,66.798583984375,70.7300033569336,71.80000305175781,70.58999633789062,71.52999877929688,654000
2013-05-10,67.96025848388672,71.95999908447266,72.0,70.54000091552734,70.72000122070312,772800
2013-05-13,67.39359283447266,71.36000061035156,72.0,70.93000030517578,72.0,698400
2013-05-14,68.00746154785156,72.01000213623047,72.55000305175781,71.25,71.5199966430664,1048500
2013-05-15,69.98129272460938,74.0999984741211,76.06999969482422,70.80000305175781,72.0,1731100
2013-05-16,71.19015502929688,75.37999725341797,75.73999786376953,73.7300033569336,74.25,979300
2013-05-17,73.00343322753906,77.30000305175781,77.44000244140625,75.51000213623047,75.69999694824219,810500
2013-05-20,72.09679412841797,76.33999633789062,77.44000244140625,75.9000015258789,77.11000061035156,533300
2013-05-21,72.38958740234375,76.6500015258789,76.86000061035156,75.12000274658203,76.5,607000
2013-05-22,70.15129852294922,74.27999877929688,77.83999633789062,73.87000274658203,77.11000061035156,814300
2013-05-23,70.72737884521484,74.88999938964844,75.33000183105469,72.25,73.11000061035156,657900
2013-05-24,71.05792236328125,75.23999786376953,75.5199966430664,73.37999725341797,74.26000213623047,403200
2013-05-28,72.5595474243164,76.83000183105469,77.7300033569336,75.83000183105469,76.0199966430664,503900
2013-05-29,70.77460479736328,74.94000244140625,76.12000274658203,74.27999877929688,75.94000244140625,497300
2013-05-30,71.39794921875,75.5999984741211,76.22000122070312,74.69000244140625,75.25,501800
2013-05-31,69.6507339477539,73.75,76.19999694824219,73.69000244140625,75.05000305175781,611700
2013-06-03,67.79026794433594,71.77999877929688,74.3499984741211,70.6500015258789,73.9800033569336,1455100
2013-06-04,66.10918426513672,70.0,72.98999786376953,69.0999984741211,71.69999694824219,808400
2013-06-05,64.59813690185547,68.4000015258789,69.93000030517578,67.27999877929688,69.5199966430664,1051600
2013-06-06,66.03363037109375,69.91999816894531,69.94999694824219,67.79000091552734,68.26000213623047,620500
2013-06-07,67.10081481933594,71.05000305175781,71.33000183105469,69.75,70.33999633789062,437500
2013-06-10,67.02526092529297,70.97000122070312,71.37000274658203,69.51000213623047,71.08000183105469,521500
2013-06-11,64.6075668334961,68.41000366210938,70.83000183105469,68.37999725341797,69.37999725341797,533300
2013-06-12,64.73979949951172,68.55000305175781,69.83999633789062,68.2699966430664,68.66000366210938,957800
2013-06-13,67.99800872802734,72.0,72.16000366210938,68.27999877929688,68.76000213623047,710000
2013-06-14,67.62920379638672,71.51000213623047,72.70999908447266,71.18000030517578,71.93000030517578,374000
2013-06-17,68.73570251464844,72.68000030517578,73.41000366210938,71.9000015258789,72.33000183105469,571900
2013-06-18,69.05724334716797,73.0199966430664,73.5,72.0,72.77999877929688,370700
2013-06-19,67.69538116455078,71.58000183105469,73.44999694824219,71.55000305175781,73.0,648100
2013-06-20,64.40424346923828,68.0999984741211,70.12999725341797,67.76000213623047,69.62999725341797,847800
2013-06-21,62.18178939819336,65.75,68.9000015258789,64.79000091552734,68.66999816894531,1917100
2013-06-24,60.876678466796875,64.37000274658203,65.4000015258789,62.38999938964844,64.30999755859375,1243100
2013-06-25,62.418216705322266,66.0,66.2300033569336,65.06999969482422,65.6500015258789,950300
2013-06-26,62.91945266723633,66.52999877929688,67.4000015258789,66.19000244140625,66.56999969482422,605700
2013-06-27,64.71634674072266,68.43000030517578,68.55999755859375,66.58999633789062,67.44000244140625,856300
2013-06-28,62.673561096191406,66.2699966430664,68.3499984741211,66.0199966430664,68.05999755859375,3859900
2013-07-01,63.74223709106445,67.4000015258789,68.08000183105469,66.73999786376953,67.0199966430664,765800
2013-07-02,62.35200500488281,65.93000030517578,68.23999786376953,65.83000183105469,67.2699966430664,615900
2013-07-03,62.47495651245117,66.05999755859375,66.38999938964844,64.73999786376953,64.73999786376953,511600
2013-07-05,62.0966796875,65.66000366210938,66.91000366210938,64.69000244140625,66.79000091552734,697500
2013-07-08,61.4062614440918,64.93000030517578,67.19999694824219,64.83999633789062,66.05000305175781,675500
2013-07-09,63.60038757324219,67.25,67.75,65.05999755859375,65.5999984741211,784400
2013-07-10,63.88410949707031,67.55000305175781,68.06999969482422,65.68000030517578,67.5199966430664,1103300
2013-07-11,66.94828033447266,70.79000091552734,70.91000366210938,69.1500015258789,69.1500015258789,1416700
2013-07-12,67.42110443115234,71.29000091552734,71.45999908447266,70.16999816894531,70.69000244140625,620700
2013-07-15,66.2200698852539,70.0199966430664,72.0,69.9000015258789,71.2699966430664,527100
2013-07-16,64.64067840576172,68.3499984741211,70.20999908447266,68.05999755859375,70.0999984741211,781400
2013-07-17,65.4634780883789,69.22000122070312,69.33000183105469,67.83000183105469,68.8499984741211,687000
2013-07-18,65.95523071289062,69.73999786376953,70.33999633789062,68.91999816894531,69.19000244140625,461100
2013-07-19,66.65509796142578,70.4800033569336,70.69000244140625,69.02999877929688,69.29000091552734,454300
2013-07-22,65.50128936767578,69.26000213623047,70.97000122070312,69.05999755859375,70.45999908447266,590300
2013-07-23,64.81089782714844,68.52999877929688,69.55000305175781,68.44999694824219,69.52999877929688,529500
2013-07-24,63.6571159362793,67.30999755859375,68.94999694824219,67.20999908447266,68.66000366210938,558900
2013-07-25,62.966712951660156,66.58000183105469,68.51000213623047,66.01000213623047,67.51000213623047,891400
2013-07-26,62.93836975097656,66.55000305175781,66.94000244140625,66.06999969482422,66.12000274658203,734700
2013-07-29,62.11559295654297,65.68000030517578,67.19000244140625,65.31999969482422,66.37000274658203,418200
2013-07-30,63.193721771240234,66.81999969482422,67.11000061035156,65.1500015258789,66.0,734300
2013-07-31,63.817909240722656,67.4800033569336,68.5999984741211,66.55000305175781,67.02999877929688,657700
2013-08-01,64.78255462646484,68.5,69.44000244140625,68.29000091552734,68.44000244140625,757800
2013-08-02,65.77556610107422,69.55000305175781,69.7300033569336,65.83999633789062,68.3499984741211,648100
2013-08-05,65.97415161132812,69.76000213623047,69.79000091552734,68.66000366210938,69.2300033569336,490600
2013-08-06,63.193721771240234,66.81999969482422,69.62000274658203,66.5999984741211,69.41000366210938,1006600
2013-08-07,62.418216705322266,66.0,67.48999786376953,65.7300033569336,66.5,911100
2013-08-08,64.23400115966797,67.91999816894531,68.76000213623047,65.5199966430664,66.01000213623047,1505400
2013-08-09,63.893550872802734,67.55999755859375,68.48999786376953,67.33999633789062,67.87000274658203,842900
2013-08-12,63.562538146972656,67.20999908447266,68.0,66.9800033569336,66.9800033569336,527500
2013-08-13,63.297733306884766,66.93000030517578,67.43000030517578,66.33999633789062,67.2699966430664,564500
2013-08-14,62.37092590332031,65.94999694824219,66.91999816894531,65.6500015258789,66.91999816894531,385800
2013-08-15,61.614349365234375,65.1500015258789,66.06999969482422,64.0,65.80000305175781,681900
2013-08-16,62.030452728271484,65.58999633789062,66.77999877929688,64.88999938964844,64.88999938964844,554700
2013-08-19,61.09418869018555,64.5999984741211,65.55999755859375,64.38999938964844,65.55999755859375,495400
2013-08-20,63.061302185058594,66.68000030517578,67.05000305175781,64.44999694824219,64.69000244140625,337700
2013-08-21,62.43712615966797,66.0199966430664,66.87000274658203,65.58000183105469,66.29000091552734,431300
2013-08-22,64.01651763916016,67.69000244140625,67.95999908447266,66.26000213623047,66.5199966430664,372600
2013-08-23,61.973724365234375,65.52999877929688,67.80999755859375,65.44000244140625,67.75,493300
2013-08-26,62.058834075927734,65.62000274658203,66.5199966430664,65.01000213623047,65.56999969482422,356500
2013-08-27,60.81993103027344,64.30999755859375,65.02999877929688,64.20999908447266,64.58000183105469,521600
2013-08-28,60.7820930480957,64.2699966430664,65.0999984741211,64.23999786376953,64.2699966430664,432800
2013-08-29,60.64023971557617,64.12000274658203,65.37000274658203,63.869998931884766,64.25,664300
2013-08-30,60.67808151245117,64.16000366210938,64.70999908447266,63.810001373291016,64.1500015258789,614900
2013-09-03,60.76319122314453,64.25,65.80000305175781,63.529998779296875,65.41999816894531,634000
2013-09-04,60.58348846435547,64.05999755859375,64.9000015258789,63.709999084472656,64.31999969482422,401600
2013-09-05,60.848289489746094,64.33999633789062,64.70999908447266,63.9900016784668,63.9900016784668,418700
2013-09-06,61.94533920288086,65.5,66.30000305175781,64.87999725341797,65.0999984741211,628900
2013-09-09,65.06626892089844,68.80000305175781,68.95999908447266,66.23999786376953,66.44999694824219,1049100
2013-09-10,65.73773193359375,69.51000213623047,69.86000061035156,68.83000183105469,69.29000091552734,468000
2013-09-11,65.69044494628906,69.45999908447266,69.87999725341797,68.02999877929688,69.3499984741211,525300
2013-09-12,66.31461334228516,70.12000274658203,70.52999877929688,69.0999984741211,69.38999938964844,627300
2013-09-13,66.91989135742188,70.76000213623047,70.87999725341797,69.80999755859375,70.13999938964844,413800
2013-09-16,66.45648193359375,70.2699966430664,72.94999694824219,70.12999725341797,71.44999694824219,561700
2013-09-17,67.04286193847656,70.88999938964844,71.19000244140625,70.13999938964844,70.25,398500
2013-09-18,68.99101257324219,72.94999694824219,73.13999938964844,69.66000366210938,71.04000091552734,853700
2013-09-19,68.73570251464844,72.68000030517578,73.86000061035156,72.43000030517578,73.23999786376953,724300
2013-09-20,67.1090316772461,70.95999908447266,73.37999725341797,70.7699966430664,73.01000213623047,727900
2013-09-23,65.89851379394531,69.68000030517578,71.13999938964844,69.27999877929688,70.80999755859375,608000
2013-09-24,67.9412612915039,71.83999633789062,72.51000213623047,69.48999786376953,69.66999816894531,842500
2013-09-25,67.54407501220703,71.41999816894531,72.33000183105469,70.58000183105469,71.86000061035156,535500
2013-09-26,68.08312225341797,71.98999786376953,72.33000183105469,71.20999908447266,71.5999984741211,713600
2013-09-27,69.218017578125,73.19000244140625,73.30000305175781,71.43000030517578,71.75,832100
2013-09-30,68.61277770996094,72.55000305175781,73.41999816894531,72.1500015258789,72.38999938964844,815900
2013-10-01,69.88005065917969,73.88999938964844,74.19000244140625,72.16999816894531,72.16999816894531,1259700
2013-10-02,70.07862091064453,74.0999984741211,74.16999816894531,72.91000366210938,73.51000213623047,604900
2013-10-03,69.03693389892578,72.9000015258789,74.30000305175781,71.48999786376953,73.97000122070312,671600
2013-10-04,69.44413757324219,73.33000183105469,73.80000305175781,72.81999969482422,72.81999969482422,741200
2013-10-07,68.93272399902344,72.79000091552734,73.41999816894531,71.69000244140625,72.38999938964844,613200
2013-10-08,67.06713104248047,70.81999969482422,72.87000274658203,70.70999908447266,72.6500015258789,850000
2013-10-09,66.79248046875,70.52999877929688,71.69000244140625,69.18000030517578,71.0,839600
2013-10-10,68.55396270751953,72.38999938964844,72.86000061035156,71.75,71.75,657200
2013-10-11,69.21684265136719,73.08999633789062,73.4800033569336,72.16000366210938,72.36000061035156,697100
2013-10-14,69.01797485351562,72.87999725341797,73.18000030517578,71.55000305175781,72.41000366210938,605900
2013-10-15,66.92507934570312,70.66999816894531,73.12000274658203,70.63999938964844,72.7699966430664,1165600
2013-10-16,67.53119659423828,71.30999755859375,71.55999755859375,70.68000030517578,71.12999725341797,740500
2013-10-17,69.58618927001953,73.4800033569336,73.55999755859375,70.41000366210938,71.11000061035156,724100
2013-10-18,70.88358306884766,74.8499984741211,74.98999786376953,73.66000366210938,73.7699966430664,724600
2013-10-21,69.1410903930664,73.01000213623047,74.81999969482422,72.58000183105469,74.81999969482422,808900
2013-10-22,69.92710876464844,73.83999633789062,73.95999908447266,72.52999877929688,73.5999984741211,490400
2013-10-23,69.51044464111328,73.4000015258789,73.91999816894531,72.66999816894531,73.2699966430664,238500
2013-10-24,72.64501953125,76.70999908447266,76.91000366210938,73.62999725341797,73.62999725341797,1026800
2013-10-25,72.78706359863281,76.86000061035156,77.06999969482422,76.20999908447266,76.75,504300
2013-10-28,72.66397857666016,76.7300033569336,77.3499984741211,76.06999969482422,76.66000366210938,363500
2013-10-29,72.9575424194336,77.04000091552734,77.47000122070312,76.22000122070312,77.11000061035156,527200
2013-10-30,71.9253158569336,75.94999694824219,77.38999938964844,75.5999984741211,77.16999816894531,561000
2013-10-31,71.0351333618164,75.01000213623047,78.22000122070312,73.45999908447266,76.30000305175781,865200
2013-11-01,72.60710906982422,76.66999816894531,77.37000274658203,75.05000305175781,75.7300033569336,688400
2013-11-04,75.00306701660156,79.19999694824219,79.66999816894531,76.20999908447266,76.9000015258789,1038100
2013-11-05,73.92349243164062,78.05999755859375,78.98999786376953,77.43000030517578,78.75,353000
2013-11-06,73.30793762207031,77.41000366210938,78.76000213623047,76.97000122070312,78.3499984741211,530900
2013-11-07,71.4328384399414,75.43000030517578,78.38999938964844,75.37999725341797,77.56999969482422,543800
2013-11-08,72.18098449707031,76.22000122070312,76.23999786376953,74.1500015258789,75.19999694824219,429000
2013-11-11,72.70185089111328,76.7699966430664,76.91999816894531,75.52999877929688,76.20999908447266,320000
2013-11-12,71.91581726074219,75.94000244140625,76.58999633789062,75.44000244140625,76.0,480200
2013-11-13,72.26619720458984,76.30999755859375,76.41000366210938,74.80999755859375,75.19000244140625,418700
2013-11-14,75.08830261230469,79.29000091552734,79.62000274658203,75.98999786376953,76.55000305175781,1110900
2013-11-15,74.90837860107422,79.0999984741211,79.91000366210938,78.66999816894531,79.2699966430664,466700
2013-11-18,73.35527801513672,77.45999908447266,79.38999938964844,77.04000091552734,79.31999969482422,620600
2013-11-19,72.24728393554688,76.29000091552734,77.75,75.77999877929688,77.1500015258789,766600
2013-11-20,72.92911529541016,77.01000213623047,77.76000213623047,76.52999877929688,76.62999725341797,512300
2013-11-21,74.28335571289062,78.44000244140625,78.62000274658203,77.0,77.2699966430664,438700
2013-11-22,74.09394836425781,78.23999786376953,78.76000213623047,77.77999877929688,78.61000061035156,336500
2013-11-25,73.96138000488281,78.0999984741211,78.91000366210938,77.8499984741211,78.26000213623047,346000
2013-11-26,74.17919158935547,78.33000183105469,78.75,77.75,78.12999725341797,407900
2013-11-27,74.21707153320312,78.37000274658203,78.48999786376953,77.45999908447266,78.48999786376953,400600
2013-11-29,73.86665344238281,78.0,78.86000061035156,77.66000366210938,78.37000274658203,162600
2013-12-02,73.03329467773438,77.12000274658203,78.43000030517578,76.62999725341797,77.87000274658203,382700
2013-12-03,71.64116668701172,75.6500015258789,77.19999694824219,75.06999969482422,76.68000030517578,737100
2013-12-04,71.3570785522461,75.3499984741211,76.70999908447266,74.61000061035156,75.2699966430664,406800
2013-12-05,70.57109069824219,74.5199966430664,75.66000366210938,74.3499984741211,75.12999725341797,406300
2013-12-06,71.65069580078125,75.66000366210938,76.52999877929688,75.11000061035156,75.58999633789062,437100
2013-12-09,71.4139175415039,75.41000366210938,76.80000305175781,75.31999969482422,75.9800033569336,447900
2013-12-10,70.76995849609375,74.7300033569336,76.0999984741211,74.6500015258789,75.30000305175781,312700
2013-12-11,68.98957824707031,72.8499984741211,74.66999816894531,72.79000091552734,74.66999816894531,743000
2013-12-12,68.71493530273438,72.55999755859375,73.25,72.26000213623047,72.93000030517578,622900
2013-12-13,70.05022430419922,73.97000122070312,75.0199966430664,73.19000244140625,73.43000030517578,1366000
2013-12-16,70.02180480957031,73.94000244140625,75.16000366210938,73.54000091552734,75.05000305175781,442100
2013-12-17,69.21684265136719,73.08999633789062,73.91000366210938,72.52999877929688,73.91000366210938,319600
2013-12-18,71.77729797363281,75.69000244140625,75.87999725341797,72.63999938964844,74.54000091552734,736300
2013-12-19,69.0936050415039,72.86000061035156,75.30999755859375,72.83999633789062,75.30999755859375,532900
2013-12-20,69.52031707763672,73.30999755859375,73.36000061035156,72.0999984741211,72.45999908447266,966700
2013-12-23,70.52552032470703,74.37000274658203,74.58999633789062,73.43000030517578,73.80000305175781,548200
2013-12-24,70.791015625,74.6500015258789,75.0,74.01000213623047,74.54000091552734,113800
2013-12-26,71.1229476928711,75.0,75.20999908447266,74.3499984741211,74.91999816894531,353300
2013-12-27,71.45484161376953,75.3499984741211,75.86000061035156,74.97000122070312,75.30999755859375,296400
2013-12-30,72.81095886230469,76.77999877929688,77.56999969482422,75.5,75.54000091552734,574600
2013-12-31,73.42733001708984,77.43000030517578,78.0,76.83999633789062,77.05999755859375,453600
2014-01-02,71.6065673828125,75.51000213623047,77.25,75.0999984741211,77.25,476100
2014-01-03,72.70658111572266,76.66999816894531,76.94000244140625,75.52999877929688,75.61000061035156,429800
2014-01-06,71.07554626464844,74.94999694824219,77.05000305175781,74.72000122070312,76.86000061035156,537200
2014-01-07,70.95226287841797,74.81999969482422,75.5199966430664,74.55000305175781,75.25,421300
2014-01-08,71.88159942626953,75.80000305175781,76.16999816894531,74.5999984741211,74.81999969482422,419900
2014-01-09,72.95317077636719,76.93000030517578,76.97000122070312,75.0,76.4800033569336,437600
2014-01-10,74.57478332519531,78.63999938964844,78.73999786376953,77.04000091552734,77.33000183105469,701800
2014-01-13,72.51695251464844,76.47000122070312,79.73999786376953,76.12000274658203,78.36000061035156,906600
2014-01-14,73.59803009033203,77.61000061035156,78.11000061035156,75.62999725341797,76.7699966430664,356500
2014-01-15,73.96784973144531,78.0,78.12000274658203,77.41999816894531,77.62999725341797,240700
2014-01-16,74.47993469238281,78.54000091552734,79.33000183105469,77.88999938964844,77.88999938964844,459200
2014-01-17,74.02476501464844,78.05999755859375,78.72000122070312,77.9000015258789,78.4000015258789,276400
2014-01-21,75.40929412841797,79.5199966430664,79.87999725341797,78.52999877929688,78.81999969482422,627000
2014-01-22,76.7084732055664,80.88999938964844,81.01000213623047,79.22000122070312,79.58999633789062,845200
2014-01-23,76.23431396484375,80.38999938964844,81.94999694824219,79.94999694824219,81.38999938964844,860500
2014-01-24,74.41356658935547,78.47000122070312,80.01000213623047,77.2300033569336,79.77999877929688,1093700
2014-01-27,72.65918731689453,76.62000274658203,79.08000183105469,76.30000305175781,78.5999984741211,593700
2014-01-28,74.47993469238281,78.54000091552734,79.43000030517578,76.83999633789062,76.83999633789062,608300
2014-01-29,73.78766632080078,77.80999755859375,78.61000061035156,77.13999938964844,77.5,345600
2014-01-30,73.98685455322266,78.0199966430664,78.94999694824219,77.33999633789062,78.83000183105469,348700
2014-01-31,74.6791000366211,78.75,79.25,76.5,76.51000213623047,597500
2014-02-03,71.74884796142578,75.66000366210938,79.2699966430664,75.37999725341797,78.61000061035156,1130000
2014-02-04,71.59710693359375,75.5,76.45999908447266,74.44999694824219,76.0199966430664,1771500
2014-02-05,70.45914459228516,74.30000305175781,76.83000183105469,72.5199966430664,73.55000305175781,2127300
2014-02-06,74.68856811523438,78.76000213623047,79.31999969482422,74.4800033569336,74.4800033569336,1895500
2014-02-07,76.28174591064453,80.44000244140625,80.86000061035156,78.94999694824219,78.9800033569336,1067800
2014-02-10,76.5757064819336,80.75,81.41000366210938,80.08000183105469,80.4800033569336,1076100
2014-02-11,76.7084732055664,80.88999938964844,81.1500015258789,79.88999938964844,80.66999816894531,526500
2014-02-12,78.1214370727539,82.37999725341797,82.87999725341797,80.86000061035156,82.11000061035156,1244500
2014-02-13,78.43438720703125,82.70999908447266,83.70999908447266,81.29000091552734,81.83999633789062,831100
2014-02-14,80.17926788330078,84.55000305175781,84.75,82.4000015258789,82.55000305175781,667600
2014-02-18,80.69136047363281,85.08999633789062,86.0,84.41000366210938,84.95999908447266,661100
2014-02-19,80.03703308105469,84.4000015258789,85.93000030517578,84.27999877929688,85.06999969482422,411700
2014-02-20,79.98009490966797,84.33999633789062,84.9000015258789,83.75,84.5199966430664,373800
2014-02-21,79.75251770019531,84.0999984741211,85.08999633789062,84.08999633789062,84.58000183105469,441600
2014-02-24,79.29734802246094,83.62000274658203,84.70999908447266,83.54000091552734,84.29000091552734,454200
2014-02-25,79.52493286132812,83.86000061035156,84.5,83.05999755859375,83.81999969482422,516700
2014-02-26,83.35610961914062,87.9000015258789,88.51000213623047,83.91999816894531,84.3499984741211,1058600
2014-02-27,82.75865936279297,87.2699966430664,88.29000091552734,86.5,87.94999694824219,663500
2014-02-28,83.83023834228516,88.4000015258789,88.52999877929688,87.27999877929688,87.62999725341797,597000
2014-03-03,83.4129867553711,87.95999908447266,88.55000305175781,87.0,87.02999877929688,459300
2014-03-04,84.69319915771484,89.30999755859375,89.7300033569336,88.5,88.72000122070312,664000
2014-03-05,84.65525817871094,89.2699966430664,89.80000305175781,88.72000122070312,88.97000122070312,353500
2014-03-06,85.34754943847656,90.0,91.22000122070312,89.33000183105469,89.55999755859375,478800
2014-03-07,86.18204498291016,90.87999725341797,91.5,90.13999938964844,90.86000061035156,551900
2014-03-10,84.21904754638672,88.80999755859375,90.56999969482422,88.33999633789062,90.5,648600
2014-03-11,83.79229736328125,88.36000061035156,90.23999786376953,88.0199966430664,89.12999725341797,631400
2014-03-12,83.44145202636719,87.98999786376953,88.4000015258789,87.37000274658203,88.11000061035156,421300
2014-03-13,80.33098602294922,84.70999908447266,88.4000015258789,84.29000091552734,88.4000015258789,937900
2014-03-14,81.60173797607422,86.05000305175781,86.55999755859375,84.6500015258789,84.6500015258789,395400
2014-03-17,82.82502746582031,87.33999633789062,88.0,86.55000305175781,86.55000305175781,344900
2014-03-18,83.59317779541016,88.1500015258789,88.58000183105469,87.37000274658203,87.7300033569336,297200
2014-03-19,82.54054260253906,87.04000091552734,91.87999725341797,86.73999786376953,91.87999725341797,461000
2014-03-20,81.78190612792969,86.23999786376953,87.12000274658203,85.56999969482422,86.33999633789062,650900
2014-03-21,80.1318588256836,84.5,86.80000305175781,84.18000030517578,86.30000305175781,564500
2014-03-24,80.31202697753906,84.69000244140625,85.37999725341797,83.37000274658203,85.0,493100
2014-03-25,81.50688171386719,85.94999694824219,86.08999633789062,85.11000061035156,85.19999694824219,402500
2014-03-26,79.02232360839844,83.33000183105469,86.0,82.81999969482422,86.0,1106700
2014-03-27,80.8335952758789,85.23999786376953,85.31999969482422,82.95999908447266,83.2300033569336,758200
2014-03-28,82.73968505859375,87.25,87.62000274658203,85.41000366210938,85.69999694824219,819000
2014-03-31,84.0768051147461,88.66000366210938,88.76000213623047,87.06999969482422,88.19000244140625,665700
2014-04-01,84.9397964477539,89.56999969482422,89.81999969482422,88.73999786376953,89.0,855500
2014-04-02,84.61736297607422,89.2300033569336,89.80000305175781,88.91999816894531,89.54000091552734,565800
2014-04-03,84.63631439208984,89.25,89.87000274658203,88.62000274658203,89.33999633789062,890600
2014-04-04,85.62255096435547,90.29000091552734,94.25,88.76000213623047,89.98999786376953,1329600
2014-04-07,82.40422821044922,86.80000305175781,90.63999938964844,85.36000061035156,90.0999984741211,1412800
2014-04-08,81.71116638183594,86.06999969482422,87.12000274658203,85.33999633789062,86.86000061035156,564200
2014-04-09,84.23648071289062,88.7300033569336,89.12999725341797,85.91999816894531,86.3499984741211,491900
2014-04-10,82.17638397216797,86.55999755859375,88.95999908447266,86.30999755859375,88.69999694824219,470800
2014-04-11,80.36311340332031,84.6500015258789,87.0,84.19999694824219,85.79000091552734,503100
2014-04-14,80.71435546875,85.0199966430664,85.55000305175781,84.04000091552734,85.55000305175781,571400
2014-04-15,80.7713394165039,85.08000183105469,86.30000305175781,84.02999877929688,85.08999633789062,828500
2014-04-16,82.67003631591797,87.08000183105469,87.12999725341797,85.58999633789062,85.76000213623047,341000
2014-04-17,82.36624145507812,86.76000213623047,87.87000274658203,86.68000030517578,87.12000274658203,304100
2014-04-21,83.0022964477539,87.43000030517578,87.7699966430664,86.9800033569336,87.1500015258789,254800
2014-04-22,82.4991683959961,86.9000015258789,88.38999938964844,86.68000030517578,87.56999969482422,559700
2014-04-23,81.8250961303711,86.19000244140625,87.33999633789062,85.8499984741211,86.91000366210938,732300
2014-04-24,80.94221496582031,85.26000213623047,86.69000244140625,83.41000366210938,86.43000030517578,1131900
2014-04-25,78.86310577392578,83.06999969482422,84.77999877929688,82.66000366210938,84.77999877929688,1030400
2014-04-28,75.83465576171875,79.87999725341797,83.73999786376953,78.58000183105469,83.56999969482422,2154500
2014-04-29,77.13530731201172,81.25,81.58000183105469,78.94999694824219,80.16000366210938,790100
2014-04-30,79.10997772216797,83.33000183105469,83.75,80.94999694824219,81.08999633789062,996300
2014-05-01,79.53714752197266,83.77999877929688,86.0,83.26000213623047,83.44000244140625,601700
2014-05-02,80.2302017211914,84.51000213623047,85.7300033569336,83.33999633789062,83.83000183105469,380000
2014-05-05,80.29663848876953,84.58000183105469,84.80999755859375,82.33000183105469,83.69000244140625,381700
2014-05-06,79.0530014038086,83.2699966430664,84.81999969482422,82.94999694824219,84.05000305175781,686200
2014-05-07,78.32197570800781,82.5,83.66000366210938,81.72000122070312,83.31999969482422,702800
2014-05-08,77.07830810546875,81.19000244140625,83.8499984741211,80.93000030517578,82.4000015258789,626000
2014-05-09,76.1289291381836,80.19000244140625,81.16000366210938,78.7699966430664,80.9800033569336,1226600
2014-05-12,78.2840347290039,82.45999908447266,83.08000183105469,80.61000061035156,80.83999633789062,916700
2014-05-13,77.79983520507812,81.94999694824219,83.55000305175781,81.87000274658203,82.4800033569336,624000
2014-05-14,77.20175170898438,81.31999969482422,81.86000061035156,80.06999969482422,81.86000061035156,968600
2014-05-15,77.70490264892578,81.8499984741211,82.87999725341797,78.88999938964844,79.62999725341797,2256700
2014-05-16,78.31248474121094,82.48999786376953,83.36000061035156,81.44000244140625,81.76000213623047,919300
2014-05-19,79.21438598632812,83.44000244140625,83.95999908447266,81.94000244140625,82.2699966430664,801100
2014-05-20,78.1795883178711,82.3499984741211,83.55000305175781,81.44000244140625,83.26000213623047,638900
2014-05-21,79.0245132446289,83.23999786376953,83.80999755859375,82.47000122070312,82.55000305175781,433300
2014-05-22,80.14474487304688,84.41999816894531,84.86000061035156,82.41000366210938,83.16999816894531,705600
2014-05-23,82.5940933227539,87.0,87.44000244140625,84.12000274658203,84.27999877929688,994500
2014-05-27,83.70481872558594,88.16999816894531,89.22000122070312,87.33999633789062,87.4000015258789,901000
2014-05-28,83.38204193115234,87.83000183105469,88.7300033569336,87.37999725341797,88.19000244140625,450900
2014-05-29,83.20167541503906,87.63999938964844,88.83999633789062,86.41000366210938,88.19999694824219,543400
2014-05-30,82.56561279296875,86.97000122070312,87.5999984741211,86.18000030517578,87.54000091552734,547400
2014-06-02,82.94535827636719,87.37000274658203,87.88999938964844,86.01000213623047,87.11000061035156,465700
2014-06-03,82.94535827636719,87.37000274658203,87.54000091552734,86.56999969482422,86.94000244140625,426300
2014-06-04,84.00862884521484,88.48999786376953,88.83000183105469,86.9000015258789,87.4000015258789,392900
2014-06-05,84.72062683105469,89.23999786376953,89.5999984741211,88.06999969482422,88.7699966430664,404100
2014-06-06,85.1573715209961,89.69999694824219,89.9800033569336,89.25,89.58000183105469,381400
2014-06-09,85.1573715209961,89.69999694824219,90.81999969482422,89.29000091552734,89.6500015258789,365200
2014-06-10,86.3725357055664,90.9800033569336,91.08000183105469,89.02999877929688,89.77999877929688,533900
2014-06-11,84.90101623535156,89.43000030517578,90.51000213623047,89.0199966430664,90.51000213623047,395300
2014-06-12,88.3187255859375,93.02999877929688,96.4000015258789,92.25,92.25,2346400
2014-06-13,88.82188415527344,93.55999755859375,93.93000030517578,92.86000061035156,93.1500015258789,794800
2014-06-16,89.36304473876953,94.12999725341797,94.51000213623047,92.94000244140625,93.33000183105469,598300
2014-06-17,89.14466094970703,93.9000015258789,94.6500015258789,91.70999908447266,93.9800033569336,642400
2014-06-18,91.26396179199219,96.02999877929688,96.12999725341797,93.2699966430664,94.05000305175781,678500
2014-06-19,90.1900863647461,94.9000015258789,96.1500015258789,94.41000366210938,96.02999877929688,378200
2014-06-20,91.03589630126953,95.79000091552734,96.16999816894531,94.23999786376953,95.01000213623047,710700
2014-06-23,90.28509521484375,95.0,97.25,94.94999694824219,95.80000305175781,366700
2014-06-24,89.05912780761719,93.70999908447266,95.56999969482422,93.58000183105469,94.61000061035156,585300
2014-06-25,89.4012680053711,94.06999969482422,94.16000366210938,92.72000122070312,93.16999816894531,1137200
2014-06-26,88.5459213256836,93.16999816894531,94.23999786376953,92.20999908447266,94.0999984741211,466700
2014-06-27,89.93345642089844,94.62999725341797,94.80999755859375,92.7699966430664,92.7699966430664,373800
2014-06-30,89.60082244873047,94.27999877929688,95.12000274658203,93.62000274658203,94.33000183105469,711500
2014-07-01,90.62723541259766,95.36000061035156,96.0999984741211,94.48999786376953,94.77999877929688,448800
2014-07-02,88.90708923339844,93.55000305175781,95.2300033569336,93.08999633789062,95.05999755859375,410700
2014-07-03,89.91444396972656,94.61000061035156,94.98999786376953,93.69999694824219,93.94999694824219,324000
2014-07-07,88.39385986328125,93.01000213623047,94.37000274658203,92.36000061035156,94.16000366210938,504100
2014-07-08,87.67158508300781,92.25,93.54000091552734,91.6500015258789,92.87000274658203,612800
2014-07-09,89.11614227294922,93.7699966430664,94.06999969482422,92.7300033569336,92.7300033569336,451000
2014-07-10,87.43399810791016,92.0,92.69000244140625,90.83999633789062,92.23999786376953,717900
2014-07-11,88.16577911376953,92.7699966430664,93.02999877929688,91.2699966430664,91.69000244140625,460300
2014-07-14,88.4223861694336,93.04000091552734,93.38999938964844,92.45999908447266,93.23999786376953,410900
2014-07-15,87.82365417480469,92.41000366210938,93.13999938964844,91.55000305175781,93.13999938964844,404200
2014-07-16,88.46040344238281,93.08000183105469,93.36000061035156,91.87999725341797,92.75,504000
2014-07-17,86.074951171875,90.56999969482422,92.9000015258789,90.54000091552734,92.6500015258789,692900
2014-07-18,86.74974822998047,91.27999877929688,91.62999725341797,90.31999969482422,90.5199966430664,464200
2014-07-21,85.62828063964844,90.0999984741211,90.79000091552734,89.44000244140625,90.56999969482422,685800
2014-07-22,87.03482818603516,91.58000183105469,91.58000183105469,90.47000122070312,90.48999786376953,772900
2014-07-23,91.85321044921875,96.6500015258789,96.83999633789062,89.69000244140625,90.83999633789062,2086900
2014-07-24,90.95985412597656,95.70999908447266,97.79000091552734,95.68000030517578,96.66000366210938,1050100
2014-07-25,91.15943145751953,95.91999816894531,96.3499984741211,94.87000274658203,95.30999755859375,477500
2014-07-28,89.95247650146484,94.6500015258789,95.9800033569336,94.29000091552734,95.81999969482422,812300
2014-07-29,90.0379867553711,94.73999786376953,96.30999755859375,94.63999938964844,95.04000091552734,729700
2014-07-30,90.29459381103516,95.01000213623047,96.12000274658203,94.73999786376953,95.0,649600
2014-07-31,86.31256866455078,90.81999969482422,94.25,90.76000213623047,94.25,918600
2014-08-01,87.05384063720703,91.5999984741211,92.25,90.36000061035156,90.55000305175781,683900
2014-08-04,87.7000961303711,92.27999877929688,92.44000244140625,91.08999633789062,91.91999816894531,353600
2014-08-05,87.62407684326172,92.19999694824219,94.41000366210938,91.62000274658203,91.80999755859375,732200
2014-08-06,87.84264373779297,92.43000030517578,93.36000061035156,91.4000015258789,91.83999633789062,341800
2014-08-07,87.38648986816406,91.94999694824219,93.41999816894531,91.58000183105469,92.9000015258789,242900
2014-08-08,89.23018646240234,93.88999938964844,94.19999694824219,92.05000305175781,92.05000305175781,325000
2014-08-11,89.03060150146484,93.68000030517578,95.47000122070312,93.4800033569336,94.13999938964844,359500
2014-08-12,87.02532196044922,91.56999969482422,93.7300033569336,91.11000061035156,93.48999786376953,512200
2014-08-13,88.53646850585938,93.16000366210938,93.20999908447266,91.6500015258789,91.94999694824219,563300
2014-08-14,89.51531219482422,94.19000244140625,94.22000122070312,92.95999908447266,93.22000122070312,308000
2014-08-15,89.47728729248047,94.1500015258789,94.81999969482422,93.61000061035156,94.5,624500
2014-08-18,91.70115661621094,96.48999786376953,96.69000244140625,95.08999633789062,95.08999633789062,428300
2014-08-19,93.2407455444336,98.11000061035156,98.41999816894531,97.2300033569336,97.23999786376953,657200
2014-08-20,93.46884155273438,98.3499984741211,98.6500015258789,97.52999877929688,97.6500015258789,381000
2014-08-21,94.58077239990234,99.5199966430664,99.62000274658203,97.70999908447266,98.5,616900
2014-08-22,94.09607696533203,99.01000213623047,99.80999755859375,98.7300033569336,99.2300033569336,328100
2014-08-25,93.83950805664062,98.73999786376953,99.6500015258789,98.6500015258789,99.5,219900
2014-08-26,94.52372741699219,99.45999908447266,100.06999969482422,98.55999755859375,98.7699966430664,373400
2014-08-27,95.95881652832031,100.97000122070312,101.0199966430664,99.76000213623047,99.76000213623047,500700
2014-08-28,96.16790771484375,101.19000244140625,101.69999694824219,99.5199966430664,100.61000061035156,482900
2014-08-29,96.8521728515625,101.91000366210938,102.02999877929688,100.83999633789062,101.19999694824219,226500
2014-09-02,96.16790771484375,101.19000244140625,102.66000366210938,100.66000366210938,102.12000274658203,640800
2014-09-03,95.63568878173828,100.62999725341797,102.30999755859375,100.25,102.06999969482422,480300
2014-09-04,94.73283386230469,99.68000030517578,102.04000091552734,99.45999908447266,100.69999694824219,839800
2014-09-05,96.33895111083984,101.37000274658203,101.37999725341797,99.26000213623047,99.69999694824219,544000
2014-09-08,97.65996551513672,102.76000213623047,102.88999938964844,100.9000015258789,100.9000015258789,667600
2014-09-09,96.47200775146484,101.51000213623047,103.1500015258789,101.19999694824219,102.97000122070312,538900
2014-09-10,96.82363891601562,101.87999725341797,102.4800033569336,101.31999969482422,101.31999969482422,382400
2014-09-11,97.58395385742188,102.68000030517578,102.87000274658203,101.41999816894531,101.6500015258789,207700
2014-09-12,96.72859191894531,101.77999877929688,102.9800033569336,100.94000244140625,102.97000122070312,406600
2014-09-15,95.63568878173828,100.62999725341797,101.86000061035156,100.0,101.83999633789062,378500
2014-09-16,96.61455535888672,101.66000366210938,101.87000274658203,99.02999877929688,99.83000183105469,492800
2014-09-17,98.83843994140625,104.0,104.93000030517578,101.79000091552734,102.1500015258789,818300
2014-09-18,99.5322036743164,104.7300033569336,104.7699966430664,103.62999725341797,104.0999984741211,379900
2014-09-19,99.41815185546875,104.61000061035156,105.69000244140625,104.19000244140625,105.52999877929688,927400
2014-09-22,98.58181762695312,103.7300033569336,104.68000030517578,103.43000030517578,104.5999984741211,528300
2014-09-23,97.18477630615234,102.26000213623047,104.0,102.25,103.13999938964844,595000
2014-09-24,98.31570434570312,103.44999694824219,103.55999755859375,101.25,102.0,464300
2014-09-25,96.42447662353516,101.45999908447266,103.06999969482422,100.3499984741211,102.97000122070312,677000
2014-09-26,96.87117004394531,101.93000030517578,102.26000213623047,101.08000183105469,101.37000274658203,296200
2014-09-29,97.26081848144531,102.33999633789062,102.5,100.61000061035156,100.70999908447266,513800
2014-09-30,96.776123046875,101.83000183105469,102.91000366210938,100.70999908447266,102.66999816894531,693200
2014-10-01,94.08394622802734,98.9000015258789,101.61000061035156,98.54000091552734,101.43000030517578,1045600
2014-10-02,90.93512725830078,95.58999633789062,98.83000183105469,92.05000305175781,98.56999969482422,2107700
2014-10-03,89.79354095458984,94.38999938964844,96.80000305175781,93.54000091552734,96.33000183105469,1222700
2014-10-06,88.50928497314453,93.04000091552734,94.88999938964844,92.08000183105469,94.88999938964844,830500
2014-10-07,87.31065368652344,91.77999877929688,93.12999725341797,91.77999877929688,92.1500015258789,717500
2014-10-08,87.5960464477539,92.08000183105469,92.30000305175781,87.5,91.75,1491800
2014-10-09,82.9156265258789,87.16000366210938,92.41000366210938,87.0199966430664,91.69999694824219,1000200
2014-10-10,78.00690460205078,82.0,87.66999816894531,81.56999969482422,86.97000122070312,2546000
2014-10-13,75.41934967041016,79.27999877929688,83.83999633789062,79.22000122070312,81.79000091552734,1548100
2014-10-14,76.0757827758789,79.97000122070312,81.94000244140625,77.62999725341797,79.72000122070312,1485100
2014-10-15,76.44676971435547,80.36000061035156,81.86000061035156,77.9800033569336,78.08999633789062,1513200
2014-10-16,81.2508544921875,85.41000366210938,85.87000274658203,78.5999984741211,78.5999984741211,1736000
2014-10-17,83.49590301513672,87.7699966430664,90.0,87.05999755859375,90.0,1980900
2014-10-20,85.33196258544922,89.69999694824219,90.04000091552734,87.95999908447266,87.95999908447266,1001200
2014-10-21,88.47123718261719,93.0,94.70999908447266,90.88999938964844,91.55000305175781,1291100
2014-10-22,85.14167785644531,89.5,93.5199966430664,89.41000366210938,93.5199966430664,731100
2014-10-23,87.61507415771484,92.0999984741211,93.16999816894531,89.19999694824219,90.94000244140625,689200
2014-10-24,88.04316711425781,92.55000305175781,92.66999816894531,91.16999816894531,92.11000061035156,389500
2014-10-27,84.23795318603516,88.55000305175781,91.26000213623047,87.9000015258789,91.26000213623047,1304400
2014-10-28,85.56976318359375,89.94999694824219,90.5,88.13999938964844,88.72000122070312,961800
2014-10-29,84.82777404785156,89.16999816894531,94.77999877929688,87.87999725341797,90.43000030517578,1171500
2014-10-30,82.59220123291016,86.81999969482422,89.06999969482422,86.19999694824219,88.13999938964844,1136000
2014-10-31,83.1725082397461,87.43000030517578,88.06999969482422,84.58000183105469,87.80999755859375,1739600
2014-11-03,82.53510284423828,86.76000213623047,88.88999938964844,86.61000061035156,88.0999984741211,1094300
2014-11-04,78.33985137939453,82.3499984741211,86.0,80.76000213623047,86.0,2123500
2014-11-05,78.59674072265625,82.62000274658203,83.37000274658203,81.23999786376953,83.08000183105469,1267700
2014-11-06,80.851318359375,84.98999786376953,85.12999725341797,82.25,82.80000305175781,863900
2014-11-07,82.30677032470703,86.5199966430664,87.2300033569336,84.94999694824219,85.22000122070312,780500
2014-11-10,83.61007690429688,87.88999938964844,88.3499984741211,86.44999694824219,86.93000030517578,902400
2014-11-11,84.00963592529297,88.30999755859375,88.55999755859375,87.02999877929688,87.4800033569336,516500
2014-11-12,83.24859619140625,87.51000213623047,88.94999694824219,87.4800033569336,87.58999633789062,577700
2014-11-13,80.83229064941406,84.97000122070312,87.97000122070312,84.5999984741211,87.58000183105469,808800
2014-11-14,82.14507293701172,86.3499984741211,86.91000366210938,84.05000305175781,84.77999877929688,523600
2014-11-17,82.02142333984375,86.22000122070312,86.55000305175781,85.33999633789062,86.2300033569336,677100
2014-11-18,82.5160903930664,86.73999786376953,87.23999786376953,86.0199966430664,86.44999694824219,681000
2014-11-19,83.61962127685547,87.9000015258789,88.29000091552734,85.63999938964844,86.83000183105469,625000
2014-11-20,87.415283203125,91.88999938964844,91.9800033569336,87.36000061035156,88.7300033569336,1006300
2014-11-21,88.61392211914062,93.1500015258789,94.23999786376953,92.5199966430664,93.22000122070312,1050000
2014-11-24,88.00508880615234,92.51000213623047,93.55000305175781,91.94999694824219,93.55000305175781,530100
2014-11-25,87.42479705810547,91.9000015258789,93.51000213623047,91.66000366210938,92.6500015258789,802000
2014-11-26,85.56976318359375,89.94999694824219,92.02999877929688,89.69999694824219,92.02999877929688,760200
2014-11-28,78.37792205810547,82.38999938964844,89.0,82.16000366210938,88.81999969482422,1257600
2014-12-01,76.0091552734375,79.9000015258789,82.23999786376953,79.6500015258789,82.23999786376953,1754800
2014-12-02,76.40873718261719,80.31999969482422,80.47000122070312,78.55000305175781,79.88999938964844,1535000
2014-12-03,79.95706939697266,84.05000305175781,84.22000122070312,80.41000366210938,80.41000366210938,1320900
2014-12-04,78.81551361083984,82.8499984741211,83.55000305175781,81.80000305175781,83.41000366210938,939300
2014-12-05,77.28392028808594,81.23999786376953,82.6500015258789,81.05000305175781,81.54000091552734,794800
2014-12-08,75.19107055664062,79.04000091552734,80.5,78.33000183105469,80.20999908447266,600100
2014-12-09,76.91291046142578,80.8499984741211,80.95999908447266,77.69000244140625,78.22000122070312,847400
2014-12-10,72.26103210449219,75.95999908447266,79.9000015258789,75.56999969482422,79.26000213623047,1174200
2014-12-11,71.89955139160156,75.58000183105469,77.27999877929688,75.4800033569336,76.44999694824219,781100
2014-12-12,69.1407470703125,72.68000030517578,74.97000122070312,72.63999938964844,74.5199966430664,1091900
2014-12-15,67.35231018066406,70.80000305175781,74.19000244140625,70.36000061035156,73.18000030517578,1093100
2014-12-16,68.67460632324219,72.19000244140625,73.66000366210938,70.16000366210938,70.6500015258789,1146600
2014-12-17,73.37106323242188,77.0199966430664,77.19000244140625,72.04000091552734,72.58999633789062,1270400
2014-12-18,73.7330322265625,77.4000015258789,79.16999816894531,76.16999816894531,78.94999694824219,1016500
2014-12-19,76.21939849853516,80.01000213623047,80.12000274658203,77.22000122070312,78.01000213623047,1291500
2014-12-22,73.05668640136719,76.69000244140625,79.62000274658203,75.80999755859375,79.62000274658203,685700
2014-12-23,72.93281555175781,76.55999755859375,77.86000061035156,76.16999816894531,77.01000213623047,618600
2014-12-24,72.16120147705078,75.75,76.52999877929688,75.48999786376953,76.08999633789062,330800
2014-12-26,72.71373748779297,76.33000183105469,77.41999816894531,75.75,75.83000183105469,328300
2014-12-29,74.23792266845703,77.93000030517578,78.13999938964844,75.91000366210938,76.41000366210938,648700
2014-12-30,72.67562103271484,76.29000091552734,77.72000122070312,75.95999908447266,77.12999725341797,983000
2014-12-31,72.42796325683594,76.02999877929688,77.70999908447266,75.4000015258789,76.79000091552734,676700
2015-01-02,73.4091567993164,77.05999755859375,78.38999938964844,75.75,76.87999725341797,470600
2015-01-05,69.5033950805664,72.95999908447266,76.02999877929688,72.33000183105469,75.58999633789062,1052700
2015-01-06,68.31261444091797,71.70999908447266,73.4000015258789,71.05000305175781,73.18000030517578,986500
2015-01-07,69.35098266601562,72.80000305175781,73.94000244140625,72.04000091552734,72.62000274658203,664600
2015-01-08,71.96116638183594,75.54000091552734,76.19000244140625,73.18000030517578,73.26000213623047,1102100
2015-01-09,71.44674682617188,75.0,75.94000244140625,74.16999816894531,75.94000244140625,541100
2015-01-12,69.29383850097656,72.73999786376953,74.62999725341797,71.36000061035156,74.62999725341797,712400
2015-01-13,68.0363540649414,71.41999816894531,74.38999938964844,70.4800033569336,73.62000274658203,908600
2015-01-14,67.94109344482422,71.31999969482422,71.69999694824219,69.56999969482422,70.08999633789062,1126700
2015-01-15,66.8741683959961,70.19999694824219,72.94999694824219,70.04000091552734,71.81999969482422,734400
2015-01-16,69.8272933959961,73.30000305175781,73.3499984741211,69.8499984741211,69.8499984741211,710300
2015-01-20,68.69365692138672,72.11000061035156,73.56999969482422,70.76000213623047,73.30999755859375,474400
2015-01-21,70.24645233154297,73.73999786376953,73.81999969482422,72.0199966430664,72.0199966430664,583900
2015-01-22,67.65531158447266,71.0199966430664,74.18000030517578,70.63999938964844,74.08999633789062,1247200
2015-01-23,68.10303497314453,71.48999786376953,72.27999877929688,70.75,70.87000274658203,833100
2015-01-26,69.08423614501953,72.5199966430664,72.63999938964844,70.91999816894531,71.9800033569336,763800
2015-01-27,69.00804138183594,72.44000244140625,73.12999725341797,70.83000183105469,71.2699966430664,737500
2015-01-28,66.49310302734375,69.80000305175781,73.44000244140625,69.5199966430664,72.88999938964844,680200
2015-01-29,67.65531158447266,71.0199966430664,71.41000366210938,68.54000091552734,70.16999816894531,984700
2015-01-30,67.8458480834961,71.22000122070312,72.31999969482422,69.66999816894531,70.30000305175781,779700
2015-02-02,70.41790008544922,73.91999816894531,74.12999725341797,71.54000091552734,72.0,949200
2015-02-03,73.05668640136719,76.69000244140625,77.61000061035156,74.5,74.73999786376953,1442700
2015-02-04,73.33296966552734,76.9800033569336,78.8499984741211,74.87999725341797,76.80999755859375,1340700
2015-02-05,72.72327423095703,76.33999633789062,77.5,75.06999969482422,76.98999786376953,1040900
2015-02-06,74.9142837524414,78.63999938964844,78.69000244140625,76.4000015258789,77.27999877929688,1280200
2015-02-09,74.84761047363281,78.56999969482422,79.31999969482422,78.05999755859375,78.73999786376953,908200
2015-02-10,74.16170501708984,77.8499984741211,79.70999908447266,77.0,79.19000244140625,617700
2015-02-11,73.25674438476562,76.9000015258789,77.88999938964844,76.38999938964844,77.66999816894531,721100
2015-02-12,75.40967559814453,79.16000366210938,79.43000030517578,77.37000274658203,77.72000122070312,556200
2015-02-13,77.7054672241211,81.56999969482422,81.75,79.87999725341797,79.94999694824219,884100
2015-02-17,77.68643188476562,81.55000305175781,82.16000366210938,80.41000366210938,81.4000015258789,700600
2015-02-18,77.81027221679688,81.68000030517578,81.86000061035156,80.33999633789062,81.0999984741211,567100
2015-02-19,77.36255645751953,81.20999908447266,81.5999984741211,80.37999725341797,80.56999969482422,355800
2015-02-20,76.61949157714844,80.43000030517578,81.41000366210938,80.0,81.12999725341797,383900
2015-02-23,75.98123931884766,79.76000213623047,79.97000122070312,78.16999816894531,79.93000030517578,553200
2015-02-24,76.6480941772461,80.45999908447266,80.97000122070312,79.77999877929688,79.91000366210938,305200
2015-02-25,75.438232421875,79.19000244140625,80.48999786376953,78.3499984741211,80.48999786376953,614100
2015-02-26,74.79047393798828,78.51000213623047,79.05000305175781,77.97000122070312,78.87000274658203,363000
2015-02-27,74.78092193603516,78.5,79.41999816894531,78.0199966430664,78.80999755859375,420600
2015-03-02,76.59090423583984,80.4000015258789,80.4800033569336,77.37000274658203,78.5,682000
2015-03-03,77.1338882446289,80.97000122070312,81.0,79.23999786376953,80.18000030517578,779600
2015-03-04,76.80047607421875,80.62000274658203,81.04000091552734,79.5199966430664,80.37000274658203,788900
2015-03-05,79.35353088378906,83.30000305175781,83.62000274658203,80.23999786376953,80.66999816894531,965100
2015-03-06,78.8772201538086,82.80000305175781,83.62999725341797,82.01000213623047,82.80000305175781,791700
2015-03-09,79.31541442871094,83.26000213623047,83.80999755859375,82.62999725341797,82.95999908447266,642400
2015-03-10,76.61949157714844,80.43000030517578,83.4000015258789,79.66000366210938,82.4800033569336,915200
2015-03-11,80.16323852539062,84.1500015258789,84.16999816894531,80.05000305175781,80.58000183105469,1071900
2015-03-12,80.87771606445312,84.9000015258789,85.91000366210938,84.19999694824219,84.19999694824219,1258700
2015-03-13,78.33419799804688,82.2300033569336,85.29000091552734,80.69999694824219,84.63999938964844,1430900
2015-03-16,78.36277770996094,82.26000213623047,82.83000183105469,80.5999984741211,82.47000122070312,870400
2015-03-17,78.86771392822266,82.79000091552734,83.06999969482422,81.66999816894531,81.93000030517578,880200
2015-03-18,78.00077819824219,81.87999725341797,82.56999969482422,78.93000030517578,81.58999633789062,1487900
2015-03-19,76.19081115722656,79.9800033569336,81.0999984741211,79.12000274658203,80.94000244140625,847000
2015-03-20,76.1526870727539,79.94000244140625,80.8499984741211,79.1500015258789,80.56999969482422,1345200
2015-03-23,75.84786224365234,79.62000274658203,81.0999984741211,79.61000061035156,80.29000091552734,779600
2015-03-24,76.33369445800781,80.12999725341797,80.33000183105469,79.11000061035156,79.41999816894531,572400
2015-03-25,76.62898254394531,80.44000244140625,80.87000274658203,79.44999694824219,80.41999816894531,618200
2015-03-26,78.8486099243164,82.7699966430664,83.4800033569336,79.5999984741211,80.5999984741211,1039200
2015-03-27,78.54376983642578,82.44999694824219,83.48999786376953,81.30000305175781,82.69000244140625,568300
2015-03-30,79.848876953125,83.81999969482422,84.05000305175781,82.38999938964844,82.9000015258789,652900
2015-03-31,79.60120391845703,83.55999755859375,84.33000183105469,82.52999877929688,83.19000244140625,597700
2015-04-01,80.0965576171875,84.08000183105469,84.66999816894531,82.1500015258789,83.58000183105469,717000
2015-04-02,78.82960510253906,82.75,84.29000091552734,81.80999755859375,83.87000274658203,703900
2015-04-06,80.48712921142578,84.48999786376953,84.72000122070312,82.61000061035156,82.61000061035156,593300
2015-04-07,78.61998748779297,82.52999877929688,84.44000244140625,82.44000244140625,84.2699966430664,555100
2015-04-08,78.1907958984375,81.9800033569336,82.55000305175781,80.7300033569336,82.16000366210938,457300
2015-04-09,80.34634399414062,84.23999786376953,84.30999755859375,81.68000030517578,81.80999755859375,718900
2015-04-10,81.24288940429688,85.18000030517578,85.26000213623047,84.33000183105469,84.54000091552734,540000
2015-04-13,79.974365234375,83.8499984741211,85.54000091552734,83.08000183105469,85.54000091552734,410000
2015-04-14,78.9919662475586,82.81999969482422,84.26000213623047,81.4000015258789,84.13999938964844,919300
2015-04-15,82.16806030273438,86.1500015258789,86.91000366210938,82.47000122070312,83.3499984741211,907300
2015-04-16,80.91859436035156,84.83999633789062,86.06999969482422,83.73999786376953,86.06999969482422,777400
2015-04-17,79.70731353759766,83.56999969482422,84.38999938964844,83.19999694824219,84.12999725341797,587800
2015-04-20,80.15557861328125,84.04000091552734,84.56999969482422,83.47000122070312,83.91999816894531,364400
2015-04-21,78.87752532958984,82.69999694824219,84.70999908447266,82.63999938964844,84.5,342200
2015-04-22,79.41163635253906,83.26000213623047,84.16999816894531,82.4000015258789,82.7300033569336,392200
2015-04-23,80.06021881103516,83.94000244140625,84.30000305175781,82.29000091552734,83.36000061035156,648500
2015-04-24,80.4607925415039,84.36000061035156,84.43000030517578,82.58000183105469,83.9000015258789,399000
2015-04-27,81.20472717285156,85.13999938964844,85.98999786376953,84.38999938964844,84.66000366210938,643500
2015-04-28,79.31625366210938,83.16000366210938,85.19000244140625,82.93000030517578,85.05999755859375,697900
2015-04-29,80.88045501708984,84.80000305175781,85.93000030517578,82.0,83.01000213623047,811800
2015-04-30,79.53562927246094,83.38999938964844,85.37000274658203,82.79000091552734,84.08000183105469,893100
2015-05-01,81.10936737060547,85.04000091552734,85.9000015258789,83.0,83.27999877929688,649300
2015-05-04,80.43217468261719,84.33000183105469,85.9800033569336,84.06999969482422,84.87999725341797,514000
2015-05-05,80.03160095214844,83.91000366210938,85.5,83.66000366210938,84.19000244140625,597900
2015-05-06,80.40357971191406,84.30000305175781,85.30999755859375,83.37999725341797,83.79000091552734,527400
2015-05-07,80.20328521728516,84.08999633789062,84.19000244140625,82.91999816894531,83.9000015258789,794400
2015-05-08,82.54005432128906,86.54000091552734,87.22000122070312,84.95999908447266,85.47000122070312,633800
2015-05-11,82.03453826904297,86.01000213623047,86.94000244140625,85.69000244140625,86.58000183105469,389600
2015-05-12,81.17615509033203,85.11000061035156,86.44999694824219,84.72000122070312,85.63999938964844,586600
2015-05-13,82.95018005371094,86.97000122070312,88.25,85.27999877929688,85.27999877929688,999100
2015-05-14,83.6273422241211,87.68000030517578,88.80999755859375,87.05999755859375,87.94999694824219,926600
2015-05-15,78.52462768554688,82.33000183105469,85.6500015258789,81.5,84.0,2420500
2015-05-18,78.82986450195312,82.6500015258789,82.77999877929688,81.16999816894531,81.94999694824219,1372100
2015-05-19,78.8202896118164,82.63999938964844,83.69000244140625,82.02999877929688,82.81999969482422,803400
2015-05-20,79.07784271240234,82.91000366210938,83.19000244140625,81.12999725341797,82.6500015258789,663900
2015-05-21,81.03306579589844,84.95999908447266,85.0,82.80999755859375,82.97000122070312,668100
2015-05-22,79.7740707397461,83.63999938964844,85.25,83.29000091552734,84.83000183105469,437200
2015-05-26,78.61046600341797,82.41999816894531,83.73999786376953,81.94000244140625,82.95999908447266,465700
2015-05-27,80.50848388671875,84.41000366210938,84.55000305175781,82.25,82.58000183105469,525800
2015-05-28,79.54517364501953,83.4000015258789,84.37999725341797,82.75,83.95999908447266,648800
2015-05-29,79.62147521972656,83.4800033569336,83.86000061035156,82.55000305175781,83.18000030517578,804600
2015-06-01,78.972900390625,82.80000305175781,84.4000015258789,82.41000366210938,83.86000061035156,487300
2015-06-02,80.36541748046875,84.26000213623047,85.19999694824219,82.47000122070312,82.7699966430664,402300
2015-06-03,79.35442352294922,83.19999694824219,84.68000030517578,82.91000366210938,84.12999725341797,423400
2015-06-04,78.15264892578125,81.94000244140625,82.98999786376953,81.66000366210938,82.69999694824219,788100
2015-06-05,78.50554656982422,82.30999755859375,83.0,80.91000366210938,81.2699966430664,605600
2015-06-08,77.23702239990234,80.9800033569336,82.63999938964844,80.66999816894531,82.26000213623047,428400
2015-06-09,77.71394348144531,81.4800033569336,81.98999786376953,80.37999725341797,80.7300033569336,336800
2015-06-10,77.79022216796875,81.55999755859375,82.7300033569336,81.01000213623047,82.37999725341797,637900
2015-06-11,77.4182357788086,81.16999816894531,82.12999725341797,80.66000366210938,81.58999633789062,587300
2015-06-12,76.27371978759766,79.97000122070312,80.9800033569336,79.69999694824219,80.9800033569336,662200
2015-06-15,76.12108612060547,79.80999755859375,80.33000183105469,78.6500015258789,78.72000122070312,816000
2015-06-16,74.59504699707031,78.20999908447266,80.20999908447266,78.08999633789062,79.93000030517578,721500
2015-06-17,73.94648742675781,77.52999877929688,78.3499984741211,76.77999877929688,78.0,722100
2015-06-18,74.96833801269531,78.5,78.9000015258789,76.98999786376953,77.7300033569336,451800
2015-06-19,75.11158752441406,78.6500015258789,79.02999877929688,78.20999908447266,78.5999984741211,586800
2015-06-22,75.65596008300781,79.22000122070312,79.22000122070312,78.2300033569336,78.93000030517578,335600
2015-06-23,75.6750717163086,79.23999786376953,79.77999877929688,78.83000183105469,78.91999816894531,327400
2015-06-24,75.40764617919922,78.95999908447266,79.62000274658203,78.02999877929688,79.18000030517578,471700
2015-06-25,74.65319061279297,78.16999816894531,79.08999633789062,78.16999816894531,79.01000213623047,436700
2015-06-26,74.16614532470703,77.66000366210938,78.44000244140625,76.83000183105469,78.44000244140625,573300
2015-06-29,72.31341552734375,75.72000122070312,77.80999755859375,75.5999984741211,77.13999938964844,506800
2015-06-30,72.89595794677734,76.33000183105469,77.02999877929688,75.4000015258789,76.19999694824219,694800
2015-07-01,72.24656677246094,75.6500015258789,77.2300033569336,75.19000244140625,76.7300033569336,748100
2015-07-02,72.48531341552734,75.9000015258789,76.44999694824219,75.44000244140625,76.01000213623047,361300
2015-07-06,70.68035125732422,74.01000213623047,75.66999816894531,73.70999908447266,74.95999908447266,755700
2015-07-07,72.83868408203125,76.2699966430664,76.31999969482422,72.45999908447266,73.88999938964844,977300
2015-07-08,71.77861785888672,75.16000366210938,76.05999755859375,74.62999725341797,75.66000366210938,542400
2015-07-09,72.905517578125,76.33999633789062,76.91999816894531,75.3499984741211,76.11000061035156,626100
2015-07-10,74.82510375976562,78.3499984741211,78.66000366210938,76.91999816894531,77.13999938964844,797900
2015-07-13,74.78688049316406,78.30999755859375,79.02999877929688,77.75,78.23999786376953,679900
2015-07-14,74.68185424804688,78.19999694824219,79.19000244140625,78.05999755859375,78.0999984741211,685500
2015-07-15,72.9437026977539,76.37999725341797,78.33000183105469,76.02999877929688,78.13999938964844,674200
2015-07-16,73.02011108398438,76.45999908447266,77.30000305175781,76.0,76.66999816894531,652200
2015-07-17,72.580810546875,76.0,76.76000213623047,75.68000030517578,76.43000030517578,728600
2015-07-20,72.580810546875,76.0,76.9000015258789,74.44999694824219,76.0,988100
2015-07-21,73.86054992675781,77.33999633789062,77.88999938964844,76.02999877929688,76.02999877929688,591400
2015-07-22,72.84822082519531,76.27999877929688,78.73999786376953,75.95999908447266,77.04000091552734,974700
2015-07-23,72.43754577636719,75.8499984741211,77.30999755859375,75.76000213623047,76.7300033569336,605900
2015-07-24,71.32977294921875,74.69000244140625,76.38999938964844,73.9800033569336,75.8499984741211,645000
2015-07-27,68.40742492675781,71.62999725341797,74.37999725341797,71.08999633789062,74.37999725341797,1046400
2015-07-28,70.2505874633789,73.55999755859375,74.26000213623047,71.62999725341797,72.33999633789062,678400
2015-07-29,73.53585052490234,77.0,77.30000305175781,73.2699966430664,73.77999877929688,1179000
2015-07-30,73.86054992675781,77.33999633789062,77.41999816894531,75.98999786376953,76.5199966430664,499500
2015-07-31,73.66951751708984,77.13999938964844,78.30999755859375,76.87999725341797,77.9800033569336,652900
2015-08-03,71.92185974121094,75.30999755859375,77.23999786376953,75.30000305175781,77.23999786376953,893100
2015-08-04,75.91381072998047,79.48999786376953,81.19000244140625,72.0,72.0,2070200
2015-08-05,75.68461608886719,79.25,80.83000183105469,78.41999816894531,79.55999755859375,1258100
2015-08-06,76.14301300048828,79.7300033569336,80.52999877929688,78.55999755859375,79.2300033569336,675400
2015-08-07,75.75146484375,79.31999969482422,80.33999633789062,78.81999969482422,79.51000213623047,671900
2015-08-10,79.51421356201172,83.26000213623047,83.77999877929688,80.02999877929688,80.61000061035156,883300
2015-08-11,78.74064636230469,82.44999694824219,83.33000183105469,81.8499984741211,82.26000213623047,567600
2015-08-12,80.05855560302734,83.83000183105469,83.94000244140625,80.7699966430664,81.80000305175781,886400
2015-08-13,79.94396209716797,83.70999908447266,87.04000091552734,82.66999816894531,83.69000244140625,732900
2015-08-14,79.8675537109375,83.62999725341797,84.5,82.69999694824219,83.37999725341797,510200
2015-08-17,80.62201690673828,84.41999816894531,85.0999984741211,81.06999969482422,83.19000244140625,481100
2015-08-18,80.67932891845703,84.4800033569336,85.16000366210938,83.52999877929688,84.43000030517578,371100
2015-08-19,79.18946838378906,82.91999816894531,84.58999633789062,81.9800033569336,84.0,936800
2015-08-20,77.25081634521484,80.88999938964844,82.7699966430664,80.83999633789062,82.25,854600
2015-08-21,75.4172134399414,78.97000122070312,80.54000091552734,78.11000061035156,80.08999633789062,832600
2015-08-24,73.36392974853516,76.81999969482422,78.16000366210938,66.77999877929688,73.4000015258789,1137600
2015-08-25,70.84270477294922,74.18000030517578,78.8499984741211,74.16000366210938,78.62999725341797,814400
2015-08-26,72.36116027832031,75.7699966430664,76.11000061035156,74.29000091552734,75.44000244140625,775800
2015-08-27,77.12667083740234,80.76000213623047,81.2699966430664,76.30999755859375,76.86000061035156,1019600
2015-08-28,76.71602630615234,80.33000183105469,82.30000305175781,79.08999633789062,80.27999877929688,788600
2015-08-31,78.14852905273438,81.83000183105469,82.7300033569336,79.1500015258789,80.0,622600
2015-09-01,75.28349304199219,78.83000183105469,80.87999725341797,78.25,79.80999755859375,711800
2015-09-02,77.4131851196289,81.05999755859375,81.08000183105469,78.22000122070312,79.75,588700
2015-09-03,77.9097900390625,81.58000183105469,83.04000091552734,80.70999908447266,81.41999816894531,584400
2015-09-04,76.85926818847656,80.4800033569336,81.33000183105469,79.80000305175781,80.52999877929688,368800
2015-09-08,78.17720794677734,81.86000061035156,82.43000030517578,80.87999725341797,81.27999877929688,471100
2015-09-09,77.34630584716797,80.98999786376953,83.08000183105469,80.80999755859375,82.52999877929688,512000
2015-09-10,76.81150817871094,80.43000030517578,81.77999877929688,80.05999755859375,80.73999786376953,491400
2015-09-11,77.55644226074219,81.20999908447266,81.2699966430664,79.29000091552734,79.68000030517578,416600
2015-09-14,77.46092987060547,81.11000061035156,81.58000183105469,80.55000305175781,80.83999633789062,384300
2015-09-15,77.49913024902344,81.1500015258789,81.75,80.5,81.54000091552734,558200
2015-09-16,78.55918884277344,82.26000213623047,82.66999816894531,81.19000244140625,81.2300033569336,474600
2015-09-17,77.79518127441406,81.45999908447266,82.98999786376953,81.31999969482422,82.18000030517578,349200
2015-09-18,75.38855743408203,78.94000244140625,80.73999786376953,78.33999633789062,80.23999786376953,865400
2015-09-21,74.39534759521484,77.9000015258789,79.76000213623047,77.6500015258789,79.44000244140625,802600
2015-09-22,72.88642120361328,76.31999969482422,77.3499984741211,74.91000366210938,76.87000274658203,757200
2015-09-23,71.02415466308594,74.37000274658203,77.47000122070312,73.27999877929688,76.3499984741211,1004000
2015-09-24,70.55618286132812,73.87999725341797,74.0999984741211,71.91999816894531,73.56999969482422,975500
2015-09-25,69.65850067138672,72.94000244140625,74.80000305175781,72.4800033569336,74.5199966430664,583300
2015-09-28,66.19181823730469,69.30999755859375,72.37999725341797,69.25,72.37999725341797,956400
2015-09-29,64.3868408203125,67.41999816894531,70.88999938964844,66.6500015258789,69.44000244140625,1239700
2015-09-30,65.34183502197266,68.41999816894531,68.61000061035156,66.62000274658203,68.25,824700
2015-10-01,66.01131439208984,69.0199966430664,70.33000183105469,67.94000244140625,68.5,923400
2015-10-02,67.66588592529297,70.75,70.80000305175781,67.66000366210938,68.41000366210938,744000
2015-10-05,69.51179504394531,72.68000030517578,72.75,71.31999969482422,71.52999877929688,700500
2015-10-06,71.23331451416016,74.4800033569336,74.87000274658203,72.48999786376953,72.55000305175781,1438100
2015-10-07,71.84542083740234,75.12000274658203,76.5,74.13999938964844,75.05000305175781,1106300
2015-10-08,72.4383773803711,75.73999786376953,76.5199966430664,74.8499984741211,75.12999725341797,497500
2015-10-09,68.99532318115234,72.13999938964844,74.95999908447266,71.62000274658203,74.2300033569336,1119400
2015-10-12,66.85295867919922,69.9000015258789,72.19999694824219,69.08999633789062,72.19999694824219,962300
2015-10-13,66.43216705322266,69.45999908447266,70.83999633789062,69.01000213623047,69.56999969482422,684900
2015-10-14,64.96885681152344,67.93000030517578,70.01000213623047,67.5999984741211,69.16000366210938,1066700
2015-10-15,64.79667663574219,67.75,68.2300033569336,65.47000122070312,67.7300033569336,1998000
2015-10-16,65.91569519042969,68.91999816894531,69.44000244140625,67.4800033569336,67.75,1103900
2015-10-19,64.6436538696289,67.58999633789062,69.23999786376953,67.02999877929688,68.29000091552734,647500
2015-10-20,64.127197265625,67.05000305175781,68.87999725341797,66.98999786376953,67.31999969482422,590800
2015-10-21,62.92212677001953,65.79000091552734,67.61000061035156,65.26000213623047,67.61000061035156,891800
2015-10-22,63.247318267822266,66.12999725341797,67.25,64.08999633789062,65.94999694824219,1247500
2015-10-23,62.73084259033203,65.58999633789062,66.22000122070312,63.630001068115234,65.95999908447266,1288400
2015-10-26,62.80734634399414,65.66999816894531,65.87999725341797,64.18000030517578,65.37999725341797,1283800
2015-10-27,61.12407684326172,63.90999984741211,68.1500015258789,60.939998626708984,64.36000061035156,2838700
2015-10-28,63.505531311035156,66.4000015258789,66.83000183105469,63.25,64.20999908447266,1676200
2015-10-29,62.88386154174805,65.75,66.93000030517578,65.62999725341797,65.94999694824219,899000
2015-10-30,63.151649475097656,66.02999877929688,66.91999816894531,65.81999969482422,65.88999938964844,571900
2015-11-02,64.43325805664062,67.37000274658203,67.56999969482422,66.0199966430664,66.0199966430664,1134500
2015-11-03,64.567138671875,67.51000213623047,68.38999938964844,66.06999969482422,67.18000030517578,994600
2015-11-04,65.36095428466797,68.33999633789062,69.0999984741211,67.18000030517578,67.63999938964844,933400
2015-11-05,67.95282745361328,71.05000305175781,71.30000305175781,67.19000244140625,68.19000244140625,1466300
2015-11-06,67.51288604736328,70.58999633789062,71.94000244140625,70.1500015258789,70.75,808000
2015-11-09,66.34607696533203,69.37000274658203,71.0,68.56999969482422,70.63999938964844,507600
2015-11-10,65.61919403076172,68.61000061035156,69.77999877929688,68.33999633789062,69.30000305175781,887100
2015-11-11,65.74351501464844,68.73999786376953,69.41999816894531,68.29000091552734,68.87000274658203,721800
2015-11-12,64.8636245727539,67.81999969482422,69.0199966430664,67.33000183105469,67.95999908447266,503400
2015-11-13,64.85407257080078,67.80999755859375,69.41999816894531,67.62999725341797,67.69999694824219,534100
2015-11-16,66.2695541381836,69.29000091552734,69.4800033569336,67.81999969482422,67.87000274658203,487100
2015-11-17,66.03046417236328,69.04000091552734,69.97000122070312,68.20999908447266,69.44000244140625,568300
2015-11-18,67.52246856689453,70.5999984741211,70.83999633789062,69.1500015258789,69.1500015258789,584000
2015-11-19,67.57028198242188,70.6500015258789,71.0,70.11000061035156,70.87000274658203,602600
2015-11-20,65.74351501464844,68.73999786376953,70.86000061035156,68.29000091552734,70.0,1064400
2015-11-23,65.86786651611328,68.87000274658203,69.7300033569336,68.55000305175781,68.55000305175781,578900
2015-11-24,66.96772003173828,70.0199966430664,70.44000244140625,68.61000061035156,68.7699966430664,567400
2015-11-25,66.85295867919922,69.9000015258789,70.29000091552734,69.12999725341797,69.88999938964844,344800
2015-11-27,66.56602478027344,69.5999984741211,69.8499984741211,69.20999908447266,69.8499984741211,151300
2015-11-30,66.06871032714844,69.08000183105469,69.95999908447266,68.62999725341797,69.63999938964844,487800
2015-12-01,66.9294662475586,69.9800033569336,70.43000030517578,68.63999938964844,69.5199966430664,612400
2015-12-02,66.0973892211914,69.11000061035156,70.30000305175781,68.6500015258789,69.7699966430664,362200
2015-12-03,64.82537841796875,67.77999877929688,69.80000305175781,67.12999725341797,69.20999908447266,607900
2015-12-04,64.40455627441406,67.33999633789062,68.0999984741211,66.97000122070312,67.76000213623047,440700
2015-12-07,60.97105026245117,63.75,67.19000244140625,63.59000015258789,67.0999984741211,867500
2015-12-08,60.97105026245117,63.75,64.29000091552734,62.29999923706055,62.66999816894531,860400
2015-12-09,59.947696685791016,62.68000030517578,64.37000274658203,62.459999084472656,63.790000915527344,898000
2015-12-10,59.57470703125,62.290000915527344,63.279998779296875,61.43000030517578,62.2599983215332,610200
2015-12-11,57.461036682128906,60.08000183105469,61.91999816894531,59.90999984741211,61.65999984741211,710300
2015-12-14,56.562015533447266,59.13999938964844,61.189998626708984,58.83000183105469,60.869998931884766,789700
2015-12-15,57.58536911010742,60.209999084472656,61.16999816894531,59.529998779296875,59.869998931884766,962900
2015-12-16,58.63916778564453,61.209999084472656,61.41999816894531,59.81999969482422,60.5099983215332,677800
2015-12-17,57.55662536621094,60.08000183105469,61.43000030517578,59.279998779296875,61.130001068115234,603100
2015-12-18,56.40702438354492,58.880001068115234,60.08000183105469,58.880001068115234,60.06999969482422,813100
2015-12-21,56.474090576171875,58.95000076293945,60.060001373291016,58.54999923706055,59.290000915527344,569700
2015-12-22,56.46450424194336,58.939998626708984,59.209999084472656,58.130001068115234,59.099998474121094,1030200
2015-12-23,58.56252670288086,61.130001068115234,61.34000015258789,59.04999923706055,59.29999923706055,594300
2015-12-24,58.58168029785156,61.150001525878906,61.66999816894531,60.599998474121094,61.040000915527344,218200
2015-12-28,57.41292190551758,59.93000030517578,61.150001525878906,59.33000183105469,60.599998474121094,289400
2015-12-29,58.00687789916992,60.54999923706055,60.91999816894531,59.650001525878906,60.45000076293945,346300
2015-12-30,57.585365295410156,60.11000061035156,60.97999954223633,59.869998931884766,60.779998779296875,361800
2015-12-31,57.89192581176758,60.43000030517578,61.529998779296875,59.529998779296875,59.970001220703125,542500
2016-01-04,58.782867431640625,61.36000061035156,61.380001068115234,59.18000030517578,60.029998779296875,866000
2016-01-05,58.112266540527344,60.65999984741211,61.77000045776367,60.08000183105469,61.36000061035156,744800
2016-01-06,55.12330627441406,57.540000915527344,59.869998931884766,56.40999984741211,59.869998931884766,927300
2016-01-07,53.56175994873047,55.90999984741211,57.91999816894531,55.5099983215332,56.150001525878906,617700
2016-01-08,52.67082214355469,54.97999954223633,56.20000076293945,54.88999938964844,56.15999984741211,604400
2016-01-11,51.76072692871094,54.029998779296875,55.08000183105469,53.439998626708984,54.970001220703125,882000
2016-01-12,51.7415657043457,54.0099983215332,54.5,52.45000076293945,54.40999984741211,1009200
2016-01-13,49.499839782714844,51.66999816894531,54.66999816894531,51.619998931884766,54.40999984741211,1093400
2016-01-14,48.87715148925781,51.02000045776367,51.86000061035156,47.939998626708984,51.86000061035156,1933000
2016-01-15,48.38856887817383,50.5099983215332,50.70000076293945,48.349998474121094,49.16999816894531,881000
2016-01-19,46.32886505126953,48.36000061035156,51.5,47.5099983215332,51.040000915527344,765400
2016-01-20,46.01272964477539,48.029998779296875,48.630001068115234,45.029998779296875,47.45000076293945,1416600
2016-01-21,46.74080276489258,48.790000915527344,49.189998626708984,47.5099983215332,47.93000030517578,895100
2016-01-22,47.47846984863281,49.560001373291016,51.54999923706055,48.97999954223633,49.59000015258789,565000
2016-01-25,45.4283561706543,47.41999816894531,49.45000076293945,47.02000045776367,48.790000915527344,693700
2016-01-26,45.533721923828125,47.529998779296875,48.0,46.79999923706055,47.75,1185900
2016-01-27,45.87861633300781,47.88999938964844,49.15999984741211,47.16999816894531,47.59000015258789,879100
2016-01-28,44.882286071777344,46.849998474121094,49.220001220703125,46.45000076293945,48.66999816894531,1489900
2016-01-29,51.29130554199219,53.540000915527344,54.33000183105469,48.11000061035156,48.47999954223633,2185100
2016-02-01,51.29130554199219,53.540000915527344,54.68000030517578,52.81999969482422,53.130001068115234,1207300
2016-02-02,49.710609436035156,51.88999938964844,53.95000076293945,51.630001068115234,53.130001068115234,734800
2016-02-03,50.668609619140625,52.88999938964844,53.369998931884766,50.29999923706055,52.810001373291016,758900
2016-02-04,52.3259391784668,54.619998931884766,55.93000030517578,52.72999954223633,53.18000030517578,1415700
2016-02-05,52.72830581665039,55.040000915527344,57.2400016784668,54.130001068115234,54.459999084472656,1277100
2016-02-08,49.5669059753418,51.7400016784668,54.34000015258789,51.02000045776367,54.34000015258789,979100
2016-02-09,49.959686279296875,52.150001525878906,53.439998626708984,50.5,50.560001373291016,957600
2016-02-10,50.706939697265625,52.93000030517578,54.0099983215332,51.66999816894531,52.56999969482422,759600
2016-02-11,49.6818733215332,51.86000061035156,53.13999938964844,50.959999084472656,52.189998626708984,654700
2016-02-12,50.85063171386719,53.08000183105469,53.45000076293945,51.7400016784668,52.529998779296875,885200
2016-02-16,53.015716552734375,55.34000015258789,56.16999816894531,53.5099983215332,53.83000183105469,985400
2016-02-17,54.5772590637207,56.970001220703125,58.58000183105469,55.599998474121094,55.599998474121094,834400
2016-02-18,53.99285125732422,56.36000061035156,57.400001525878906,55.75,57.220001220703125,611900
2016-02-19,54.09825134277344,56.470001220703125,56.91999816894531,55.79999923706055,56.189998626708984,536600
2016-02-22,56.20584487915039,58.66999816894531,58.72999954223633,57.15999984741211,57.15999984741211,539300
2016-02-23,56.100467681884766,58.560001373291016,58.91999816894531,57.54999923706055,58.25,769900
2016-02-24,58.390098571777344,60.95000076293945,61.119998931884766,57.400001525878906,57.86000061035156,1283500
2016-02-25,58.94572067260742,61.529998779296875,61.709999084472656,60.040000915527344,60.90999984741211,1048000
2016-02-26,58.31344223022461,60.869998931884766,62.66999816894531,60.66999816894531,61.790000915527344,807100
2016-02-29,57.882347106933594,60.41999816894531,61.880001068115234,60.15999984741211,61.11000061035156,1028100
2016-03-01,59.309776306152344,61.90999984741211,62.15999984741211,59.77000045776367,61.150001525878906,893900
2016-03-02,60.10490417480469,62.7400016784668,62.93000030517578,60.58000183105469,61.56999969482422,598000
2016-03-03,60.19114303588867,62.83000183105469,63.209999084472656,61.849998474121094,62.83000183105469,735300
2016-03-04,60.42105484008789,63.06999969482422,63.90999984741211,62.279998779296875,62.959999084472656,820200
2016-03-07,62.91183090209961,65.66999816894531,65.9800033569336,62.5099983215332,62.689998626708984,1045700
2016-03-08,59.606746673583984,62.220001220703125,65.27999877929688,62.04999923706055,65.27999877929688,887900
2016-03-09,59.90373229980469,62.529998779296875,63.11000061035156,61.58000183105469,62.5099983215332,580200
2016-03-10,59.23312759399414,61.83000183105469,62.65999984741211,60.869998931884766,62.56999969482422,661500
2016-03-11,61.48442077636719,64.18000030517578,64.37999725341797,62.45000076293945,62.45000076293945,611200
2016-03-14,60.90005111694336,63.56999969482422,64.52999877929688,63.2400016784668,63.84000015258789,436000
2016-03-15,60.363555908203125,63.0099983215332,63.099998474121094,61.7400016784668,62.93000030517578,461400
2016-03-16,61.72392654418945,64.43000030517578,64.6500015258789,62.25,62.56999969482422,757100
2016-03-17,64.23388671875,67.05000305175781,67.66000366210938,64.37999725341797,64.52999877929688,1052100
2016-03-18,65.24939727783203,68.11000061035156,68.9000015258789,67.11000061035156,67.11000061035156,1199500
2016-03-21,65.45053100585938,68.31999969482422,68.58000183105469,67.41000366210938,68.0,499900
2016-03-22,66.41812133789062,69.33000183105469,69.62999725341797,67.75,67.9800033569336,824200
2016-03-23,65.46969604492188,68.33999633789062,69.44999694824219,68.27999877929688,68.58999633789062,672300
2016-03-24,65.17271423339844,68.02999877929688,68.13999938964844,66.75,67.68000030517578,650400
2016-03-28,66.1977767944336,69.0999984741211,70.63999938964844,68.29000091552734,68.72000122070312,556800
2016-03-29,67.52941131591797,70.48999786376953,70.63999938964844,68.80000305175781,68.80000305175781,639900
2016-03-30,67.24201202392578,70.19000244140625,71.4800033569336,69.33999633789062,71.05000305175781,585200
2016-03-31,67.16536712646484,70.11000061035156,70.63999938964844,69.3499984741211,69.93000030517578,713400
2016-04-01,67.7880630493164,70.76000213623047,70.95999908447266,69.01000213623047,69.41999816894531,553300
2016-04-04,66.64804077148438,69.56999969482422,71.0199966430664,69.47000122070312,70.7300033569336,394200
2016-04-05,65.89120483398438,68.77999877929688,70.0199966430664,68.48999786376953,68.98999786376953,578500
2016-04-06,66.236083984375,69.13999938964844,69.4800033569336,68.58000183105469,68.77999877929688,776700
2016-04-07,66.60970306396484,69.52999877929688,69.86000061035156,68.0,68.73999786376953,1232700
2016-04-08,67.98922729492188,70.97000122070312,72.16999816894531,69.79000091552734,70.1500015258789,516000
2016-04-11,67.02166748046875,69.95999908447266,71.8499984741211,69.9000015258789,71.55999755859375,532100
2016-04-12,67.16536712646484,70.11000061035156,70.76000213623047,69.51000213623047,70.16000366210938,626600
2016-04-13,68.41255187988281,71.30999755859375,71.9000015258789,70.04000091552734,70.58999633789062,428900
2016-04-14,68.83468627929688,71.75,71.87000274658203,71.01000213623047,71.30999755859375,445600
2016-04-15,69.18964385986328,72.12000274658203,72.5999984741211,71.31999969482422,71.5199966430664,389500
2016-04-18,69.72688293457031,72.68000030517578,73.25,71.62999725341797,71.62999725341797,317700
2016-04-19,70.26410675048828,73.23999786376953,74.31999969482422,72.5,72.94000244140625,316700
2016-04-20,71.48252868652344,74.51000213623047,75.19999694824219,73.20999908447266,73.25,651300
2016-04-21,71.58805847167969,74.62000274658203,77.83999633789062,74.58000183105469,76.01000213623047,999200
2016-04-22,72.19244384765625,75.25,75.55000305175781,74.55000305175781,74.6500015258789,448700
2016-04-25,71.52088165283203,74.55000305175781,75.5,74.29000091552734,75.4000015258789,469400
2016-04-26,72.18286895751953,75.23999786376953,75.38999938964844,74.37000274658203,75.0,324800
2016-04-27,72.69132232666016,75.7699966430664,75.9800033569336,74.66000366210938,75.33000183105469,315000
2016-04-28,71.08918762207031,74.0999984741211,75.76000213623047,73.83000183105469,75.08999633789062,450000
2016-04-29,71.10839080810547,74.12000274658203,74.62999725341797,73.33000183105469,74.13999938964844,523300
2016-05-02,71.32903289794922,74.3499984741211,74.9000015258789,73.95999908447266,74.31999969482422,304500
2016-05-03,70.73423767089844,73.7300033569336,74.54000091552734,72.97000122070312,74.08999633789062,326900
2016-05-04,69.976318359375,72.94000244140625,73.7300033569336,71.73999786376953,73.30000305175781,436600
2016-05-05,70.61907958984375,73.61000061035156,74.01000213623047,72.29000091552734,73.22000122070312,574400
2016-05-06,71.11795043945312,74.12999725341797,74.33999633789062,72.83000183105469,73.01000213623047,356500
2016-05-09,71.11795043945312,74.12999725341797,74.75,73.38999938964844,73.87000274658203,301300
2016-05-10,74.19755554199219,77.33999633789062,77.66999816894531,74.19000244140625,74.33999633789062,774100
2016-05-11,73.15184783935547,76.25,77.88999938964844,75.98999786376953,77.45999908447266,840900
2016-05-12,73.44920349121094,76.55999755859375,77.37000274658203,75.75,76.81999969482422,437900
2016-05-13,72.864013671875,75.94999694824219,77.30999755859375,75.47000122070312,76.37999725341797,479000
2016-05-16,73.35328674316406,76.45999908447266,77.80999755859375,76.38999938964844,76.55999755859375,358600
2016-05-17,72.9791259765625,76.06999969482422,76.83999633789062,75.23999786376953,76.38999938964844,566900
2016-05-18,72.09649658203125,75.1500015258789,76.69000244140625,74.56999969482422,75.5199966430664,693200
2016-05-19,70.07228088378906,73.04000091552734,75.80000305175781,71.11000061035156,74.69000244140625,1586200
2016-05-20,72.61456298828125,75.69000244140625,75.7699966430664,73.5,73.5,913000
2016-05-23,73.43965148925781,76.55000305175781,76.76000213623047,75.37999725341797,75.73999786376953,427900
2016-05-24,74.49493408203125,77.6500015258789,78.04000091552734,76.73999786376953,76.87999725341797,373200
2016-05-25,75.01302337646484,78.19000244140625,78.91999816894531,78.0199966430664,78.23999786376953,538800
2016-05-26,76.70149993896484,79.94999694824219,80.83000183105469,78.26000213623047,78.43000030517578,1175800
2016-05-27,75.99154663085938,79.20999908447266,79.9000015258789,78.97000122070312,79.87999725341797,360000
2016-05-31,75.13770294189453,78.31999969482422,79.73999786376953,77.77999877929688,79.33000183105469,423000
2016-06-01,76.35610961914062,79.58999633789062,79.7699966430664,77.30000305175781,77.58999633789062,407000
2016-06-02,74.51412963867188,77.66999816894531,79.44000244140625,77.33999633789062,79.41000366210938,597900
2016-06-03,74.44693756103516,77.5999984741211,78.5199966430664,76.80999755859375,77.77999877929688,586200
2016-06-06,77.49776458740234,80.77999877929688,81.12999725341797,77.66999816894531,77.8499984741211,951100
2016-06-07,78.38997650146484,81.70999908447266,82.27999877929688,80.61000061035156,80.93000030517578,553300
2016-06-08,78.97518157958984,82.31999969482422,83.0,81.87000274658203,82.04000091552734,592900
2016-06-09,77.91987609863281,81.22000122070312,82.30999755859375,81.11000061035156,81.37999725341797,430300
2016-06-10,76.47125244140625,79.70999908447266,80.66999816894531,79.4000015258789,80.11000061035156,394100
2016-06-13,75.68453979492188,78.88999938964844,80.58000183105469,78.8499984741211,79.41999816894531,424700
2016-06-14,75.31999969482422,78.51000213623047,79.11000061035156,77.62999725341797,78.75,345500
2016-06-15,74.5621109008789,77.72000122070312,78.73999786376953,77.38999938964844,78.5,695000
2016-06-16,73.57266235351562,76.58999633789062,76.98999786376953,75.62000274658203,76.94000244140625,765400
2016-06-17,74.54286193847656,77.5999984741211,77.80999755859375,76.26000213623047,76.72000122070312,824700
2016-06-20,74.94633483886719,78.0199966430664,79.37999725341797,77.93000030517578,78.75,713800
2016-06-21,75.25371551513672,78.33999633789062,78.4800033569336,77.61000061035156,78.0199966430664,363900
2016-06-22,74.31234741210938,77.36000061035156,78.33999633789062,77.30000305175781,78.33999633789062,299100
2016-06-23,77.01162719726562,80.16999816894531,80.23999786376953,78.33000183105469,78.55999755859375,714300
2016-06-24,73.6783447265625,76.69999694824219,78.7699966430664,76.19000244140625,76.58000183105469,1002300
2016-06-27,69.30757904052734,72.1500015258789,75.55000305175781,71.23999786376953,75.48999786376953,1251800
2016-06-28,70.59481048583984,73.48999786376953,74.22000122070312,72.61000061035156,72.9800033569336,611200
2016-06-29,72.51600646972656,75.48999786376953,75.79000091552734,74.11000061035156,74.37000274658203,455500
2016-06-30,74.11061096191406,77.1500015258789,77.30999755859375,75.19000244140625,75.5999984741211,568100
2016-07-01,75.32095336914062,78.41000366210938,79.75,77.27999877929688,77.27999877929688,802900
2016-07-05,73.11157989501953,76.11000061035156,77.95999908447266,75.91999816894531,77.52999877929688,457600
2016-07-06,75.0520248413086,78.12999725341797,78.23999786376953,75.2300033569336,75.26000213623047,574400
2016-07-07,75.59955596923828,78.69999694824219,79.5,78.26000213623047,78.69999694824219,530000
2016-07-08,76.52172088623047,79.66000366210938,80.38999938964844,79.22000122070312,79.63999938964844,538200
2016-07-11,76.72345733642578,79.87000274658203,81.66000366210938,79.7300033569336,80.33000183105469,368900
2016-07-12,77.47274780273438,80.6500015258789,81.36000061035156,80.58999633789062,80.69000244140625,491000
2016-07-13,78.1739501953125,81.37999725341797,81.91999816894531,80.73999786376953,81.26000213623047,722200
2016-07-14,76.8579330444336,80.01000213623047,82.20999908447266,79.54000091552734,81.87999725341797,692200
2016-07-15,76.6177978515625,79.76000213623047,80.83999633789062,79.6500015258789,80.06999969482422,405800
2016-07-18,77.59760284423828,80.77999877929688,80.86000061035156,79.37999725341797,79.45999908447266,407700
2016-07-19,76.91559600830078,80.06999969482422,80.66999816894531,79.5999984741211,80.37999725341797,286600
2016-07-20,80.22966766357422,83.5199966430664,84.08999633789062,80.06999969482422,80.06999969482422,1622300
2016-07-21,79.67251586914062,82.94000244140625,84.6500015258789,82.27999877929688,83.66999816894531,823600
2016-07-22,80.60430908203125,83.91000366210938,84.47000122070312,82.73999786376953,83.04000091552734,1104600
2016-07-25,82.53509521484375,85.91999816894531,86.97000122070312,83.2300033569336,83.4000015258789,1662800
2016-07-26,82.51591491699219,85.9000015258789,86.08999633789062,85.0,85.30000305175781,659300
2016-07-27,81.93954467773438,85.30000305175781,87.56999969482422,85.04000091552734,86.2300033569336,661700
2016-07-28,81.65137481689453,85.0,86.1500015258789,84.83000183105469,85.25,527100
2016-07-29,80.64271545410156,83.94999694824219,84.94999694824219,81.8499984741211,84.94999694824219,1000100
2016-08-01,78.70231628417969,81.93000030517578,83.79000091552734,81.4000015258789,83.79000091552734,896200
2016-08-02,77.16533660888672,80.33000183105469,82.08000183105469,79.51000213623047,82.04000091552734,893900
2016-08-03,78.87521362304688,82.11000061035156,82.33999633789062,80.48999786376953,80.5,574700
2016-08-04,78.07789611816406,81.27999877929688,82.31999969482422,80.5,82.0,490700
2016-08-05,78.16435241699219,81.37000274658203,82.37999725341797,81.19999694824219,81.5199966430664,357800
2016-08-08,78.25082397460938,81.45999908447266,82.37999725341797,81.13999938964844,81.36000061035156,505000
2016-08-09,77.53997802734375,80.72000122070312,82.23999786376953,80.52999877929688,81.6500015258789,524300
2016-08-10,78.05870056152344,81.26000213623047,81.27999877929688,80.2699966430664,80.87000274658203,521900
2016-08-11,78.87521362304688,82.11000061035156,82.66000366210938,81.45999908447266,81.45999908447266,678800
2016-08-12,78.87521362304688,82.11000061035156,82.75,81.54000091552734,82.08000183105469,456300
2016-08-15,80.00871276855469,83.29000091552734,83.80000305175781,82.55999755859375,82.55999755859375,325900
2016-08-16,79.30747985839844,82.55999755859375,83.44999694824219,82.12000274658203,83.1500015258789,240200
2016-08-17,78.73110961914062,81.95999908447266,82.2699966430664,80.69999694824219,82.2699966430664,407400
2016-08-18,79.86463165283203,83.13999938964844,83.41999816894531,81.58999633789062,82.13999938964844,346100
2016-08-19,78.51979064941406,81.73999786376953,82.94000244140625,81.2300033569336,82.55999755859375,450300
2016-08-22,79.59565734863281,82.86000061035156,83.30999755859375,80.63999938964844,81.27999877929688,626300
2016-08-23,80.31612396240234,83.61000061035156,84.18000030517578,83.20999908447266,83.20999908447266,292200
2016-08-24,80.16240692138672,83.44999694824219,83.75,82.94999694824219,83.43000030517578,381800
2016-08-25,79.60527038574219,82.87000274658203,83.44000244140625,82.20999908447266,83.44000244140625,370600
2016-08-26,79.46116638183594,82.72000122070312,84.05999755859375,81.79000091552734,83.33000183105469,349300
2016-08-29,80.34490966796875,83.63999938964844,84.48999786376953,82.5999984741211,83.08999633789062,526000
2016-08-30,79.67251586914062,82.94000244140625,83.9800033569336,82.26000213623047,83.79000091552734,296400
2016-08-31,77.20377349853516,80.37000274658203,82.80999755859375,78.7300033569336,82.55000305175781,1066100
2016-09-01,76.66583251953125,79.80999755859375,80.75,78.69999694824219,80.08999633789062,388300
2016-09-02,78.01067352294922,81.20999908447266,81.36000061035156,80.04000091552734,80.19999694824219,514400
2016-09-06,77.31903839111328,80.48999786376953,82.08999633789062,79.33999633789062,81.52999877929688,716800
2016-09-07,77.06928253173828,80.2300033569336,81.16000366210938,79.38999938964844,80.36000061035156,440200
2016-09-08,76.26238250732422,79.38999938964844,80.55000305175781,79.33999633789062,80.2300033569336,343700
2016-09-09,71.7091064453125,74.6500015258789,78.69000244140625,74.47000122070312,78.69000244140625,1027700
2016-09-12,74.75423431396484,77.81999969482422,78.22000122070312,74.83000183105469,75.38999938964844,1394200
2016-09-13,73.15001678466797,76.1500015258789,77.91999816894531,75.76000213623047,77.55999755859375,646600
2016-09-14,72.41993713378906,75.38999938964844,76.29000091552734,74.95999908447266,76.0999984741211,580400
2016-09-15,72.60248565673828,75.58000183105469,75.72000122070312,73.77999877929688,74.56999969482422,741100
2016-09-16,70.44110107421875,73.33000183105469,75.19999694824219,73.30000305175781,74.86000061035156,833700
2016-09-19,71.79554748535156,74.73999786376953,75.7699966430664,74.06999969482422,74.08000183105469,579700
2016-09-20,70.84455871582031,73.75,75.31999969482422,73.2699966430664,75.26000213623047,401800
2016-09-21,72.9290542602539,75.91999816894531,75.97000122070312,73.7699966430664,74.18000030517578,716000
2016-09-22,73.7744140625,76.80000305175781,77.5199966430664,76.30000305175781,76.98999786376953,593500
2016-09-23,73.47660827636719,76.48999786376953,77.25,76.19000244140625,76.43000030517578,343800
2016-09-26,74.15865325927734,77.19999694824219,77.7699966430664,76.23999786376953,76.29000091552734,462900
2016-09-27,73.17884063720703,76.18000030517578,77.2699966430664,75.7300033569336,77.16000366210938,499200
2016-09-28,74.65815734863281,77.72000122070312,77.86000061035156,74.87999725341797,76.05999755859375,990000
2016-09-29,75.23451232910156,78.31999969482422,78.91999816894531,76.80000305175781,77.56999969482422,827100
2016-09-30,74.25470733642578,77.30000305175781,78.83000183105469,76.80000305175781,77.9800033569336,736000
2016-10-03,72.81380462646484,75.80000305175781,76.9800033569336,75.7300033569336,76.95999908447266,491200
2016-10-04,72.63127899169922,75.61000061035156,76.7300033569336,75.2300033569336,76.55000305175781,781700
2016-10-05,74.25685119628906,77.19999694824219,77.4000015258789,75.98999786376953,76.11000061035156,622900
2016-10-06,76.93086242675781,79.9800033569336,80.04000091552734,76.66999816894531,77.01000213623047,769000
2016-10-07,74.87245178222656,77.83999633789062,79.9800033569336,77.75,79.5199966430664,983100
2016-10-10,76.24795532226562,79.2699966430664,79.7699966430664,78.41000366210938,78.41000366210938,516900
2016-10-11,74.46846771240234,77.41999816894531,78.6500015258789,77.0999984741211,78.6500015258789,474600
2016-10-12,74.07410430908203,77.01000213623047,77.73999786376953,76.75,77.37999725341797,372500
2016-10-13,74.98787689208984,77.95999908447266,78.16999816894531,75.55000305175781,76.18000030517578,522400
2016-10-14,75.18025970458984,78.16000366210938,79.30999755859375,78.02999877929688,78.52999877929688,321000
2016-10-17,74.96864318847656,77.94000244140625,78.62000274658203,77.61000061035156,78.55000305175781,417800
2016-10-18,75.43995666503906,78.43000030517578,79.01000213623047,77.94999694824219,78.94999694824219,201000
2016-10-19,74.51655578613281,77.47000122070312,78.62999725341797,77.2699966430664,78.62999725341797,778100
2016-10-20,73.29496002197266,76.19999694824219,77.44000244140625,75.93000030517578,77.08000183105469,724700
2016-10-21,74.42996978759766,77.37999725341797,77.5199966430664,75.01000213623047,75.66000366210938,883100
2016-10-24,76.78657531738281,79.83000183105469,80.43000030517578,73.83000183105469,76.4800033569336,2089800
2016-10-25,76.75772857666016,79.80000305175781,82.47000122070312,79.70999908447266,80.02999877929688,1513200
2016-10-26,76.94049835205078,79.98999786376953,81.02999877929688,78.70999908447266,79.20999908447266,795000
2016-10-27,76.51727294921875,79.55000305175781,80.83000183105469,79.31999969482422,80.19000244140625,523900
2016-10-28,77.42144012451172,80.48999786376953,81.75,79.58000183105469,79.61000061035156,642800
2016-10-31,77.88312530517578,80.97000122070312,81.62000274658203,80.56999969482422,80.8499984741211,627600
2016-11-01,79.71070098876953,82.87000274658203,83.0,81.20999908447266,81.29000091552734,994600
2016-11-02,79.56641387939453,82.72000122070312,83.94000244140625,82.37000274658203,82.91000366210938,1115500
2016-11-03,77.1424789428711,80.19999694824219,83.05999755859375,80.16999816894531,82.87000274658203,688900
2016-11-04,78.9411849975586,82.06999969482422,83.5,80.25,80.29000091552734,657800
2016-11-07,80.98998260498047,84.19999694824219,84.41999816894531,83.44000244140625,83.93000030517578,532900
2016-11-08,82.22119903564453,85.4800033569336,85.8499984741211,83.44000244140625,83.70999908447266,764500
2016-11-09,89.15630340576172,92.69000244140625,93.56999969482422,88.9000015258789,91.12999725341797,2260700
2016-11-10,91.734130859375,95.37000274658203,97.05000305175781,93.7300033569336,93.7300033569336,2116800
2016-11-11,90.52217864990234,94.11000061035156,95.81999969482422,92.27999877929688,94.98999786376953,1141400
2016-11-14,92.35936737060547,96.0199966430664,96.06999969482422,93.93000030517578,95.1500015258789,1318400
2016-11-15,92.29202270507812,95.94999694824219,96.5,94.81999969482422,96.0,1085500
2016-11-16,91.87841033935547,95.5199966430664,95.7699966430664,94.41000366210938,94.9800033569336,1298700
2016-11-17,89.34870910644531,92.88999938964844,95.2699966430664,92.20999908447266,94.97000122070312,1456900
2016-11-18,88.81964111328125,92.33999633789062,93.19999694824219,91.30000305175781,92.73999786376953,868700
2016-11-21,89.82001495361328,93.37999725341797,94.4000015258789,92.18000030517578,93.16999816894531,733700
2016-11-22,91.0704345703125,94.68000030517578,94.73999786376953,93.79000091552734,94.0199966430664,1035900
2016-11-23,91.6956787109375,95.33000183105469,95.37999725341797,93.80000305175781,94.20999908447266,334300
2016-11-25,92.36896514892578,96.02999877929688,96.04000091552734,95.22000122070312,95.72000122070312,154500
2016-11-28,89.86808776855469,93.43000030517578,96.33000183105469,92.86000061035156,95.72000122070312,544600
2016-11-29,89.63726806640625,93.19000244140625,93.7699966430664,92.58000183105469,93.33000183105469,359100
2016-11-30,93.494384765625,97.19999694824219,98.0,94.0199966430664,94.0199966430664,1170000
2016-12-01,94.74482727050781,98.5,100.98999786376953,97.20999908447266,97.70999908447266,1082800
2016-12-02,95.74517059326172,99.54000091552734,100.73999786376953,97.80999755859375,98.19000244140625,686400
2016-12-05,96.64932250976562,100.4800033569336,100.7300033569336,98.70999908447266,99.5999984741211,663300
2016-12-06,97.12067413330078,100.97000122070312,101.0999984741211,99.48999786376953,100.29000091552734,472500
2016-12-07,98.03441619873047,101.91999816894531,102.7300033569336,100.16000366210938,101.12000274658203,803500
2016-12-08,97.87091064453125,101.75,102.16999816894531,100.79000091552734,102.05999755859375,579800
2016-12-09,98.17874908447266,102.06999969482422,102.87000274658203,100.69000244140625,102.16999816894531,358600
2016-12-12,95.70669555664062,99.5,103.16000366210938,99.41000366210938,102.5199966430664,780500
2016-12-13,94.60053253173828,98.3499984741211,100.62000274658203,97.63999938964844,99.83999633789062,777500
2016-12-14,94.68710327148438,98.44000244140625,99.44000244140625,97.63999938964844,98.04000091552734,882600
2016-12-15,94.42740631103516,98.16999816894531,98.95999908447266,97.38999938964844,98.36000061035156,371700
2016-12-16,94.581298828125,98.33000183105469,100.01000213623047,98.0999984741211,98.55000305175781,837500
2016-12-19,95.7259292602539,99.5199966430664,99.94999694824219,98.04000091552734,98.43000030517578,277000
2016-12-20,96.59159851074219,100.41999816894531,101.44000244140625,99.05000305175781,99.56999969482422,334200
2016-12-21,96.9286117553711,100.66999816894531,101.54000091552734,100.55000305175781,100.79000091552734,327400
2016-12-22,95.45547485351562,99.13999938964844,100.61000061035156,98.98999786376953,100.29000091552734,262500
2016-12-23,95.73465728759766,99.43000030517578,99.86000061035156,98.77999877929688,99.36000061035156,189100
2016-12-27,97.29450988769531,101.05000305175781,101.54000091552734,99.69000244140625,99.80000305175781,385500
2016-12-28,95.59027099609375,99.27999877929688,102.02999877929688,99.08000183105469,101.55999755859375,273400
2016-12-29,95.26292419433594,98.94000244140625,100.31999969482422,98.55999755859375,99.16999816894531,340300
2016-12-30,94.86813354492188,98.52999877929688,99.75,98.08000183105469,99.44999694824219,256300
2017-01-03,96.37979888916016,100.0999984741211,101.45999908447266,98.55999755859375,99.66999816894531,385100
2017-01-04,98.07438659667969,101.86000061035156,102.31999969482422,99.66999816894531,100.16000366210938,496500
2017-01-05,97.37151336669922,101.12999725341797,102.22000122070312,100.29000091552734,101.44000244140625,398200
2017-01-06,96.84194946289062,100.58000183105469,101.56999969482422,100.47000122070312,101.37999725341797,463400
2017-01-09,95.3302993774414,99.01000213623047,100.73999786376953,98.86000061035156,100.58000183105469,432100
2017-01-10,95.62877655029297,99.31999969482422,100.3499984741211,98.73999786376953,99.5199966430664,375900
2017-01-11,95.51323699951172,99.19999694824219,99.79000091552734,97.94999694824219,99.79000091552734,373900
2017-01-12,95.14736938476562,98.81999969482422,99.31999969482422,96.56999969482422,99.31999969482422,375700
2017-01-13,97.06341552734375,100.80999755859375,101.29000091552734,98.47000122070312,98.80000305175781,323800
2017-01-17,94.02085876464844,97.6500015258789,101.05999755859375,97.1500015258789,100.88999938964844,989700
2017-01-18,94.52151489257812,98.16999816894531,99.2300033569336,97.18000030517578,97.75,532400
2017-01-19,94.69483184814453,98.3499984741211,100.83000183105469,97.55000305175781,98.69999694824219,486100
2017-01-20,96.89008331298828,100.62999725341797,100.9800033569336,99.0,99.0,501900
2017-01-23,97.36189270019531,101.12000274658203,101.62999725341797,98.94999694824219,101.30000305175781,848000
2017-01-24,100.4140853881836,104.29000091552734,107.66999816894531,102.9800033569336,103.06999969482422,1462200
2017-01-25,104.46760559082031,108.5,110.33999633789062,105.77999877929688,105.77999877929688,2166300
2017-01-26,104.30392456054688,108.33000183105469,110.63999938964844,108.08999633789062,108.91000366210938,1161200
2017-01-27,101.70428466796875,105.62999725341797,109.01000213623047,105.20999908447266,108.5199966430664,990000
2017-01-30,101.17472076416016,105.08000183105469,105.55000305175781,103.62999725341797,104.93000030517578,938700
2017-01-31,100.69328308105469,104.58000183105469,105.55000305175781,103.0999984741211,104.7699966430664,532300
2017-02-01,100.00968933105469,103.87000274658203,106.05999755859375,102.12999725341797,105.41000366210938,865900
2017-02-02,100.42369842529297,104.30000305175781,105.87000274658203,103.4000015258789,103.9000015258789,659300
2017-02-03,101.14582061767578,105.05000305175781,105.98999786376953,104.2699966430664,104.98999786376953,463200
2017-02-06,100.62589263916016,104.51000213623047,105.05999755859375,103.80999755859375,105.0,260700
2017-02-07,100.1348648071289,104.0,105.04000091552734,103.0,103.5999984741211,409400
2017-02-08,100.00968933105469,103.87000274658203,104.01000213623047,102.69000244140625,103.87999725341797,324400
2017-02-09,100.96289825439453,104.86000061035156,105.26000213623047,103.20999908447266,103.87000274658203,466700
2017-02-10,102.06053161621094,106.0,106.44999694824219,104.54000091552734,105.4800033569336,386700
2017-02-13,103.35072326660156,107.33999633789062,109.62999725341797,106.93000030517578,107.30999755859375,693400
2017-02-14,103.86105346679688,107.87000274658203,107.94999694824219,105.72000122070312,106.5199966430664,472000
2017-02-15,104.4483413696289,108.4800033569336,108.98999786376953,107.45999908447266,107.69000244140625,619000
2017-02-16,102.49380493164062,106.44999694824219,108.48999786376953,105.23999786376953,108.44999694824219,589700
2017-02-17,101.21321868896484,105.12000274658203,106.1500015258789,104.05999755859375,105.9800033569336,621200
2017-02-21,103.5721664428711,107.56999969482422,107.87999725341797,105.26000213623047,105.41000366210938,603700
2017-02-22,104.6601791381836,108.69999694824219,109.12999725341797,107.54000091552734,107.62000274658203,659600
2017-02-23,98.58467102050781,102.38999938964844,109.2300033569336,101.76000213623047,109.2300033569336,1167300
2017-02-24,98.28620910644531,102.08000183105469,102.86000061035156,100.68000030517578,101.69000244140625,593600
2017-02-27,100.73184204101562,104.62000274658203,105.7300033569336,101.68000030517578,102.08000183105469,832000
2017-02-28,99.8556137084961,103.70999908447266,105.30999755859375,103.26000213623047,104.69999694824219,654400
2017-03-01,102.26270294189453,106.20999908447266,107.27999877929688,105.62000274658203,105.62000274658203,564900
2017-03-02,101.97386932373047,105.91000366210938,106.66000366210938,105.44999694824219,106.30000305175781,562400
2017-03-03,101.8102035522461,105.73999786376953,107.05999755859375,104.56999969482422,105.95999908447266,429800
2017-03-06,100.25039672851562,104.12000274658203,105.29000091552734,103.86000061035156,104.80999755859375,383800
2017-03-07,97.97810363769531,101.76000213623047,104.63999938964844,101.61000061035156,104.37000274658203,608900
2017-03-08,97.41967010498047,101.18000030517578,103.30999755859375,101.0,101.75,802000
2017-03-09,92.87504577636719,96.45999908447266,101.9000015258789,94.12999725341797,101.0,1923100
2017-03-10,93.02911376953125,96.62000274658203,97.05999755859375,94.87999725341797,96.69999694824219,1267800
2017-03-13,94.52151489257812,98.16999816894531,98.30000305175781,96.51000213623047,96.69000244140625,577200
2017-03-14,92.99063110351562,96.58000183105469,97.91999816894531,95.73999786376953,97.25,721900
2017-03-15,96.06206512451172,99.7699966430664,99.94999694824219,97.08999633789062,97.55000305175781,876200
2017-03-16,95.64804077148438,99.33999633789062,100.69000244140625,98.44999694824219,100.23999786376953,639600
2017-03-17,95.9176254272461,99.62000274658203,100.48999786376953,98.9800033569336,99.61000061035156,636400
2017-03-20,95.45547485351562,99.13999938964844,99.69999694824219,98.43000030517578,99.69000244140625,300600
2017-03-21,93.97270202636719,97.5999984741211,99.72000122070312,96.8499984741211,99.5,412000
2017-03-22,94.35784912109375,98.0,98.37999725341797,96.6500015258789,97.13999938964844,489300
2017-03-23,94.31932830810547,97.95999908447266,98.80000305175781,97.48999786376953,97.83999633789062,355200
2017-03-24,93.25057220458984,96.8499984741211,99.43000030517578,96.2300033569336,98.0,523900
2017-03-27,92.92322540283203,96.51000213623047,96.9800033569336,93.58000183105469,94.73999786376953,394300
2017-03-28,93.75125885009766,97.37000274658203,97.94000244140625,96.41999816894531,96.52999877929688,736200
2017-03-29,93.75125885009766,97.37000274658203,97.68000030517578,95.4800033569336,97.05000305175781,580900
2017-03-30,92.57662200927734,96.1500015258789,98.44999694824219,95.33000183105469,97.45999908447266,857500
2017-03-31,93.52979278564453,97.13999938964844,97.91000366210938,95.55000305175781,95.94999694824219,512900
2017-04-03,92.69214630126953,96.2699966430664,97.76000213623047,94.9800033569336,97.08999633789062,476900
2017-04-04,92.36478424072266,95.93000030517578,96.75,95.30999755859375,96.22000122070312,477800
2017-04-05,90.65092468261719,94.1500015258789,97.33999633789062,94.0,96.5,703300
2017-04-06,91.7870864868164,95.33000183105469,95.72000122070312,94.16000366210938,94.16000366210938,387900
2017-04-07,93.41425323486328,97.0199966430664,97.79000091552734,95.04000091552734,95.45999908447266,455800
2017-04-10,92.78842163085938,96.37000274658203,97.55000305175781,96.29000091552734,97.01000213623047,300600
2017-04-11,94.00286865234375,97.52999877929688,97.55999755859375,95.01000213623047,96.62000274658203,405700
2017-04-12,91.6896743774414,95.12999725341797,97.33999633789062,94.66999816894531,97.33999633789062,263600
2017-04-13,89.76197814941406,93.12999725341797,95.4800033569336,93.12000274658203,94.95999908447266,431000
2017-04-17,91.27518463134766,94.69999694824219,94.72000122070312,93.05000305175781,93.48999786376953,330200
2017-04-18,90.8992919921875,94.30999755859375,94.62000274658203,93.58000183105469,93.8499984741211,326900
2017-04-19,91.03423309326172,94.44999694824219,95.44999694824219,93.9000015258789,94.88999938964844,428600
2017-04-20,92.72095489501953,96.19999694824219,96.7300033569336,94.70999908447266,95.30000305175781,366000
2017-04-21,91.7860336303711,95.2300033569336,96.79000091552734,94.91000366210938,96.29000091552734,674900
2017-04-24,94.09925079345703,97.62999725341797,97.91999816894531,96.05999755859375,97.08000183105469,340800
2017-04-25,93.18358612060547,96.68000030517578,98.45999908447266,96.08000183105469,98.45999908447266,529300
2017-04-26,92.29689025878906,95.76000213623047,97.2300033569336,95.69999694824219,96.75,645200
2017-04-27,93.6365966796875,97.1500015258789,97.61000061035156,94.5999984741211,95.80999755859375,614600
2017-04-28,92.49925231933594,95.97000122070312,96.94000244140625,95.5,96.94000244140625,467300
2017-05-01,94.62935638427734,98.18000030517578,100.05999755859375,95.70999908447266,96.47000122070312,653000
2017-05-02,95.61243438720703,99.19999694824219,101.30000305175781,98.31999969482422,99.11000061035156,858900
2017-05-03,94.86067962646484,98.41999816894531,99.79000091552734,97.7699966430664,98.9000015258789,421600
2017-05-04,94.02213287353516,97.55000305175781,99.08999633789062,96.47000122070312,98.5999984741211,361100
2017-05-05,95.30400848388672,98.87999725341797,98.87999725341797,97.16000366210938,97.97000122070312,397200
2017-05-08,95.07269287109375,98.63999938964844,99.16000366210938,97.44000244140625,98.68000030517578,410500
2017-05-09,96.15219116210938,99.76000213623047,100.26000213623047,98.56999969482422,99.0999984741211,394600
2017-05-10,97.17388153076172,100.81999969482422,101.0199966430664,100.0199966430664,100.37999725341797,593100
2017-05-11,97.22209167480469,100.87000274658203,101.55999755859375,98.81999969482422,100.66000366210938,465800
2017-05-12,94.97631072998047,98.54000091552734,100.58999633789062,98.04000091552734,100.5199966430664,430700
2017-05-15,95.97871398925781,99.58000183105469,100.3499984741211,98.44999694824219,99.0,519700
2017-05-16,94.90886688232422,98.47000122070312,100.18000030517578,98.19999694824219,100.18000030517578,577400
2017-05-17,92.71131896972656,96.19000244140625,98.47000122070312,94.91999816894531,98.47000122070312,803100
2017-05-18,97.23168182373047,100.87999725341797,101.63999938964844,94.19000244140625,100.75,1368900
2017-05-19,95.88232421875,99.4800033569336,101.41999816894531,98.81999969482422,101.0,777300
2017-05-22,95.25582885742188,98.83000183105469,100.9000015258789,98.7699966430664,99.66999816894531,564200
2017-05-23,95.2847671508789,98.86000061035156,99.69000244140625,97.16999816894531,99.18000030517578,503100
2017-05-24,93.04865264892578,96.54000091552734,98.94999694824219,95.86000061035156,98.6500015258789,621300
2017-05-25,91.75711822509766,95.19999694824219,97.77999877929688,95.08000183105469,96.81999969482422,489400
2017-05-26,91.65109252929688,95.08999633789062,95.62000274658203,93.91000366210938,94.80000305175781,505200
2017-05-30,92.54743957519531,96.0199966430664,96.41999816894531,94.66999816894531,95.87000274658203,486800
2017-05-31,90.88965606689453,94.30000305175781,96.0199966430664,94.11000061035156,96.0,716900
2017-06-01,92.89444732666016,96.37999725341797,96.80999755859375,94.01000213623047,94.31999969482422,484000
2017-06-02,93.04865264892578,96.54000091552734,97.43000030517578,96.11000061035156,96.23999786376953,293800
2017-06-05,93.04865264892578,96.54000091552734,97.08999633789062,95.80000305175781,96.19000244140625,271700
2017-06-06,91.65109252929688,95.08999633789062,95.80999755859375,94.3499984741211,95.63999938964844,308200
2017-06-07,91.13063049316406,94.55000305175781,97.01000213623047,94.05999755859375,95.4800033569336,430100
2017-06-08,91.80531311035156,95.25,96.47000122070312,94.37000274658203,95.01000213623047,610700
2017-06-09,94.0703353881836,97.5999984741211,98.0,94.97000122070312,95.52999877929688,523600
2017-06-12,94.62935638427734,98.18000030517578,98.98999786376953,97.22000122070312,97.72000122070312,463900
2017-06-13,95.48716735839844,99.06999969482422,99.48999786376953,97.91000366210938,98.12000274658203,230000
2017-06-14,92.22941589355469,95.69000244140625,99.11000061035156,95.36000061035156,99.11000061035156,355200
2017-06-15,90.27281951904297,93.66000366210938,95.08000183105469,93.23999786376953,94.83999633789062,299700
2017-06-16,90.26316833496094,93.6500015258789,93.9800033569336,92.0999984741211,92.94000244140625,588600
2017-06-19,91.06401824951172,94.37999725341797,95.04000091552734,93.55999755859375,94.44000244140625,385300
2017-06-20,89.30795288085938,92.55999755859375,93.91000366210938,90.62000274658203,93.7300033569336,1000400
2017-06-21,86.69316101074219,89.8499984741211,92.69999694824219,89.51000213623047,92.6500015258789,668000
2017-06-22,87.43611907958984,90.62000274658203,91.11000061035156,89.04000091552734,89.80999755859375,500900
2017-06-23,88.71939086914062,91.94999694824219,92.38999938964844,90.37000274658203,91.0,608300
2017-06-26,89.21146392822266,92.45999908447266,93.93000030517578,91.62000274658203,92.11000061035156,416400
2017-06-27,88.30448913574219,91.5199966430664,93.02999877929688,91.4000015258789,92.72000122070312,283800
2017-06-28,88.80622863769531,92.04000091552734,93.06999969482422,91.77999877929688,92.16000366210938,362000
2017-06-29,87.5325927734375,90.72000122070312,92.94000244140625,89.93000030517578,92.18000030517578,553900
2017-06-30,89.1728744506836,92.41999816894531,93.06999969482422,89.4000015258789,91.02999877929688,784000
2017-07-03,91.01576232910156,94.33000183105469,94.61000061035156,91.98999786376953,93.16999816894531,273500
2017-07-05,90.63947296142578,93.94000244140625,94.4800033569336,93.41000366210938,93.97000122070312,278100
2017-07-06,88.80622863769531,92.04000091552734,93.66999816894531,91.83999633789062,93.66999816894531,324600
2017-07-07,89.06673431396484,92.30999755859375,92.54000091552734,89.73999786376953,91.9000015258789,643400
2017-07-10,88.02469635009766,91.2300033569336,92.16999816894531,90.66999816894531,91.81999969482422,429900
2017-07-11,88.08256530761719,91.29000091552734,91.44000244140625,90.37999725341797,91.33000183105469,382500
2017-07-12,89.69389343261719,92.95999908447266,94.2300033569336,91.69000244140625,92.23999786376953,353000
2017-07-13,89.64566802978516,92.91000366210938,94.05999755859375,92.2300033569336,93.22000122070312,315500
2017-07-14,89.97368621826172,93.25,93.97000122070312,92.58000183105469,93.08999633789062,413600
2017-07-17,90.43683624267578,93.7300033569336,94.87999725341797,93.08000183105469,93.12999725341797,370700
2017-07-18,88.13080596923828,91.33999633789062,93.8499984741211,91.25,93.2300033569336,314400
2017-07-19,90.82280731201172,94.12999725341797,94.13999938964844,91.6500015258789,91.6500015258789,385700
2017-07-20,90.1280746459961,93.41000366210938,94.22000122070312,93.2300033569336,94.13999938964844,276800
2017-07-21,89.07638549804688,92.31999969482422,93.29000091552734,91.81999969482422,93.2300033569336,478700
2017-07-24,88.671142578125,91.9000015258789,93.04000091552734,91.72000122070312,92.54000091552734,479300
2017-07-25,90.62015533447266,93.91999816894531,94.31999969482422,92.13999938964844,92.77999877929688,479100
2017-07-26,88.73870086669922,91.97000122070312,93.44999694824219,90.70999908447266,93.44999694824219,1094700
2017-07-27,90.00265502929688,93.27999877929688,97.48999786376953,91.4000015258789,92.79000091552734,1224200
2017-07-28,88.11153411865234,91.31999969482422,92.61000061035156,89.91000366210938,92.5199966430664,895900
2017-07-31,90.7938461303711,94.0999984741211,95.4000015258789,92.69000244140625,93.0999984741211,895400
2017-08-01,88.23697662353516,91.44999694824219,95.12000274658203,89.27999877929688,94.87999725341797,1193000
2017-08-02,90.00265502929688,93.27999877929688,93.66999816894531,90.25,90.94000244140625,741000
2017-08-03,89.76145935058594,93.02999877929688,93.9800033569336,92.5999984741211,93.27999877929688,518500
2017-08-04,90.82280731201172,94.12999725341797,94.19999694824219,92.69999694824219,93.31999969482422,308300
2017-08-07,89.90617370605469,93.18000030517578,94.62000274658203,93.04000091552734,93.55000305175781,422500
2017-08-08,88.25625610351562,91.47000122070312,92.93000030517578,90.69000244140625,92.93000030517578,699300
2017-08-09,88.30448913574219,91.5199966430664,91.66999816894531,90.81999969482422,91.05000305175781,264200
2017-08-10,85.42919921875,88.54000091552734,90.94000244140625,87.79000091552734,90.9000015258789,542600
2017-08-11,85.46778869628906,88.58000183105469,89.05000305175781,87.76000213623047,88.12000274658203,439100
2017-08-14,86.56771850585938,89.72000122070312,89.9800033569336,88.80000305175781,89.41000366210938,310900
2017-08-15,87.01158905029297,90.18000030517578,90.5999984741211,89.16000366210938,89.69000244140625,331700
2017-08-16,87.6773452758789,90.87000274658203,91.16000366210938,90.22000122070312,90.69999694824219,304400
2017-08-17,86.12390899658203,89.26000213623047,91.0,88.76000213623047,90.56999969482422,354300
2017-08-18,85.1493911743164,88.25,89.19999694824219,87.4800033569336,89.1500015258789,612500
2017-08-21,84.763427734375,87.8499984741211,88.45999908447266,86.87999725341797,88.45999908447266,425200
2017-08-22,86.133544921875,89.2699966430664,89.69999694824219,87.83000183105469,88.20999908447266,319600
2017-08-23,85.53533935546875,88.6500015258789,89.25,88.31999969482422,88.61000061035156,229600
2017-08-24,85.34235382080078,88.44999694824219,89.41000366210938,88.2300033569336,89.25,212700
2017-08-25,84.17485046386719,87.23999786376953,89.5,86.51000213623047,89.29000091552734,460000
2017-08-28,87.63874053955078,90.83000183105469,90.86000061035156,87.5199966430664,87.5199966430664,730500
2017-08-29,88.32381439208984,91.54000091552734,92.5999984741211,89.52999877929688,89.95999908447266,830300
2017-08-30,94.190185546875,97.62000274658203,98.61000061035156,91.87999725341797,91.87999725341797,1472100
2017-08-31,93.83316802978516,97.25,98.66000366210938,95.56999969482422,98.38999938964844,1112000
2017-09-01,94.66295623779297,98.11000061035156,98.30999755859375,96.62000274658203,98.27999877929688,583700
2017-09-05,95.73396301269531,99.22000122070312,100.94000244140625,98.02999877929688,98.02999877929688,1052500
2017-09-06,97.92422485351562,101.48999786376953,102.9000015258789,99.63999938964844,99.87999725341797,957600
2017-09-07,97.63475036621094,101.19000244140625,102.47000122070312,99.94000244140625,102.33000183105469,784700
2017-09-08,99.6899185180664,103.31999969482422,104.18000030517578,101.18000030517578,101.18000030517578,765200
2017-09-11,97.0365219116211,100.56999969482422,103.4000015258789,100.3499984741211,102.0,978400
2017-09-12,98.98555755615234,102.58999633789062,102.66999816894531,100.61000061035156,100.9800033569336,822600
2017-09-13,97.49968719482422,101.05000305175781,103.22000122070312,100.95999908447266,102.70999908447266,633600
2017-09-14,96.97863006591797,100.51000213623047,101.76000213623047,100.2300033569336,101.20999908447266,530500
2017-09-15,98.28121185302734,101.86000061035156,102.0,100.1500015258789,100.58999633789062,717500
2017-09-18,99.56446838378906,103.19000244140625,103.9800033569336,102.25,102.3499984741211,603700
2017-09-19,98.58029174804688,102.16999816894531,103.55000305175781,101.36000061035156,103.30000305175781,508000
2017-09-20,101.37842559814453,105.06999969482422,105.47000122070312,102.44999694824219,102.44999694824219,1192300
2017-09-21,101.5906982421875,105.29000091552734,106.1500015258789,104.5999984741211,105.18000030517578,698000
2017-09-22,102.10205841064453,105.81999969482422,106.11000061035156,104.61000061035156,105.37000274658203,381800
2017-09-25,101.86083984375,105.56999969482422,106.1500015258789,104.98999786376953,106.04000091552734,511400
2017-09-26,100.48108673095703,104.13999938964844,106.0,103.87999725341797,106.0,810600
2017-09-27,103.24063110351562,107.0,107.1500015258789,104.8499984741211,105.19000244140625,701700
2017-09-28,103.6941146850586,107.47000122070312,108.6500015258789,107.31999969482422,107.41999816894531,1069100
2017-09-29,102.9511489868164,106.69999694824219,108.16999816894531,106.5999984741211,108.01000213623047,448400
2017-10-02,101.93803405761719,105.6500015258789,106.86000061035156,104.5999984741211,106.86000061035156,566600
2017-10-03,102.85465240478516,106.5999984741211,106.76000213623047,104.88999938964844,106.23999786376953,765300
2017-10-04,103.38533020019531,107.1500015258789,107.19000244140625,105.16000366210938,106.3499984741211,429300
2017-10-05,103.64612579345703,107.31999969482422,107.45999908447266,106.69999694824219,106.97000122070312,374000
2017-10-06,104.071044921875,107.76000213623047,108.01000213623047,106.23999786376953,106.97000122070312,494600
2017-10-09,104.28350067138672,107.9800033569336,108.43000030517578,107.12999725341797,107.98999786376953,362400
2017-10-10,103.87787628173828,107.55999755859375,108.55999755859375,106.7699966430664,108.41999816894531,744600
2017-10-11,103.87787628173828,107.55999755859375,107.9800033569336,107.02999877929688,107.88999938964844,372400
2017-10-12,105.39413452148438,109.12999725341797,109.33000183105469,107.12000274658203,107.12000274658203,364700
2017-10-13,104.88229370117188,108.5999984741211,109.80000305175781,108.41999816894531,109.80000305175781,247600
2017-10-16,105.24927520751953,108.9800033569336,109.22000122070312,108.26000213623047,108.91999816894531,413300
2017-10-17,105.48107147216797,109.22000122070312,109.5,108.66999816894531,108.75,439300
2017-10-18,105.02713775634766,108.75,109.55999755859375,108.47000122070312,109.55999755859375,291500
2017-10-19,105.5679702758789,109.30999755859375,109.47000122070312,107.77999877929688,108.4800033569336,309400
2017-10-20,106.2343521118164,110.0,110.8499984741211,109.66999816894531,109.95999908447266,368300
2017-10-23,104.68914031982422,108.4000015258789,110.5199966430664,107.98999786376953,110.06999969482422,635900
2017-10-24,106.9780044555664,110.7699966430664,110.9800033569336,109.19000244140625,109.33999633789062,853200
2017-10-25,101.49243927001953,105.08999633789062,107.44999694824219,103.58999633789062,106.98999786376953,1563500
2017-10-26,102.76726531982422,106.41000366210938,107.0999984741211,103.8499984741211,105.0,611000
2017-10-27,103.62677764892578,107.30000305175781,107.33999633789062,104.94000244140625,106.30999755859375,383300
2017-10-30,102.43890380859375,106.06999969482422,107.94000244140625,105.91999816894531,106.75,416100
2017-10-31,101.95600891113281,105.56999969482422,107.0,105.38999938964844,106.3499984741211,411000
2017-11-01,101.73388671875,105.33999633789062,106.62999725341797,104.66000366210938,106.41999816894531,442800
2017-11-02,100.20796966552734,103.76000213623047,106.94999694824219,102.94000244140625,104.72000122070312,548000
2017-11-03,100.40113067626953,103.95999908447266,104.4800033569336,103.18000030517578,103.7300033569336,444500
2017-11-06,100.22727966308594,103.77999877929688,104.98999786376953,102.91000366210938,104.12999725341797,434000
2017-11-07,99.94721221923828,103.48999786376953,104.76000213623047,102.36000061035156,103.83000183105469,602600
2017-11-08,100.78743743896484,104.36000061035156,104.45999908447266,102.4000015258789,103.80000305175781,683600
2017-11-09,100.4590835571289,104.0199966430664,104.7699966430664,102.76000213623047,103.36000061035156,493400
2017-11-10,100.0438003540039,103.58999633789062,104.56999969482422,103.23999786376953,103.31999969482422,488200
2017-11-13,100.82606506347656,104.4000015258789,104.56999969482422,103.26000213623047,103.26000213623047,378500
2017-11-14,100.77776336669922,104.3499984741211,104.47000122070312,103.02999877929688,103.66999816894531,407400
2017-11-15,99.72508239746094,103.26000213623047,103.87999725341797,101.87999725341797,103.80000305175781,470100
2017-11-16,101.57937622070312,105.18000030517578,105.5999984741211,103.69000244140625,103.69000244140625,320800
2017-11-17,102.07188415527344,105.69000244140625,106.56999969482422,104.61000061035156,104.91000366210938,498200
2017-11-20,101.9173812866211,105.52999877929688,106.9800033569336,105.30000305175781,105.83999633789062,314100
2017-11-21,102.70928955078125,106.3499984741211,106.41999816894531,105.22000122070312,106.0999984741211,423000
2017-11-22,102.55477142333984,106.19000244140625,107.2699966430664,105.5199966430664,106.33000183105469,339000
2017-11-24,102.60305786132812,106.23999786376953,107.01000213623047,105.83000183105469,106.9800033569336,73500
2017-11-27,101.07716369628906,104.66000366210938,106.36000061035156,104.41000366210938,105.87999725341797,541400
2017-11-28,103.48191833496094,107.1500015258789,107.30000305175781,104.83999633789062,104.94999694824219,424600
2017-11-29,104.54426574707031,108.25,109.3499984741211,107.0199966430664,107.30000305175781,428700
2017-11-30,108.09827423095703,111.93000030517578,112.44999694824219,108.41000366210938,108.69000244140625,859300
2017-12-01,107.51883697509766,111.33000183105469,112.1500015258789,109.87000274658203,112.13999938964844,624400
2017-12-04,109.55657958984375,113.44000244140625,114.95999908447266,112.66000366210938,112.66000366210938,851000
2017-12-05,107.48985290527344,111.30000305175781,114.25,111.26000213623047,113.58000183105469,400600
2017-12-06,107.85684204101562,111.68000030517578,113.2300033569336,110.66999816894531,111.6500015258789,532500
2017-12-07,110.41613006591797,114.33000183105469,114.77999877929688,110.62999725341797,111.44000244140625,711100
2017-12-08,112.173828125,116.1500015258789,116.72000122070312,114.55000305175781,115.0,821700
2017-12-11,111.04388427734375,114.9800033569336,116.5999984741211,114.45999908447266,116.43000030517578,615400
2017-12-12,108.4073486328125,112.25,115.88999938964844,111.94999694824219,115.0999984741211,785500
2017-12-13,108.67774963378906,112.52999877929688,113.30000305175781,111.61000061035156,112.29000091552734,439200
2017-12-14,106.15707397460938,109.91999816894531,112.98999786376953,109.47000122070312,112.62000274658203,377900
2017-12-15,105.3554916381836,109.08999633789062,111.4000015258789,108.7699966430664,110.0,727700
2017-12-18,107.32567596435547,111.12999725341797,111.55000305175781,109.08000183105469,109.80999755859375,483800
2017-12-19,104.47666931152344,108.18000030517578,112.05999755859375,108.12000274658203,111.19999694824219,495800
2017-12-20,105.23961639404297,108.97000122070312,109.29000091552734,107.63999938964844,108.19999694824219,427900
2017-12-21,106.7379150390625,110.41999816894531,110.88999938964844,108.62000274658203,109.29000091552734,309600
2017-12-22,106.09994506835938,109.76000213623047,110.88999938964844,109.41000366210938,110.55000305175781,300400
2017-12-26,107.55958557128906,111.2699966430664,111.66999816894531,109.55000305175781,110.02999877929688,367500
2017-12-27,108.32324981689453,112.05999755859375,112.55000305175781,111.0,111.68000030517578,342000
2017-12-28,108.535888671875,112.27999877929688,112.62000274658203,111.4000015258789,112.62000274658203,172300
2017-12-29,109.52188873291016,113.30000305175781,113.63999938964844,112.01000213623047,112.27999877929688,411900
2018-01-02,113.18550109863281,117.08999633789062,117.54000091552734,113.4800033569336,113.81999969482422,716000
2018-01-03,113.50450897216797,117.41999816894531,118.2300033569336,116.66000366210938,117.45999908447266,411900
2018-01-04,113.09851837158203,117.0,118.23999786376953,116.58000183105469,117.80999755859375,429700
2018-01-05,114.56782531738281,118.5199966430664,118.56999969482422,116.08999633789062,117.04000091552734,538800
2018-01-08,115.64081573486328,119.62999725341797,119.83000183105469,118.2699966430664,118.77999877929688,334300
2018-01-09,113.5431900024414,117.45999908447266,119.83000183105469,117.3499984741211,119.83000183105469,416000
2018-01-10,112.93418884277344,116.83000183105469,117.31999969482422,115.80999755859375,117.0,511400
2018-01-11,115.34115600585938,119.31999969482422,119.76000213623047,116.72000122070312,117.37999725341797,399000
2018-01-12,116.06614685058594,120.06999969482422,121.12999725341797,118.69999694824219,119.77999877929688,522300
2018-01-16,113.90083312988281,117.83000183105469,122.48999786376953,117.33999633789062,121.52999877929688,500600
2018-01-17,112.96318054199219,116.86000061035156,118.47000122070312,116.75,117.83000183105469,531200
2018-01-18,112.02552795410156,115.88999938964844,117.7699966430664,115.5999984741211,116.9800033569336,461400
2018-01-19,113.11785125732422,117.0199966430664,117.08000183105469,115.87999725341797,116.2300033569336,215600
2018-01-22,113.87184143066406,117.80000305175781,117.83999633789062,115.69000244140625,116.81999969482422,373500
2018-01-23,114.21016693115234,118.1500015258789,118.43000030517578,116.25,117.69999694824219,328400
2018-01-24,114.71282958984375,118.66999816894531,120.2300033569336,118.1500015258789,118.47000122070312,406800
2018-01-25,114.72249603271484,118.68000030517578,119.33000183105469,117.62000274658203,119.30999755859375,359700
2018-01-26,116.28849029541016,120.30000305175781,120.43000030517578,118.6500015258789,119.4800033569336,372000
2018-01-29,114.11349487304688,118.05000305175781,120.29000091552734,117.88999938964844,120.1500015258789,274100
2018-01-30,113.71717834472656,117.63999938964844,118.3499984741211,115.7300033569336,117.16000366210938,862600
2018-01-31,108.3135757446289,112.05000305175781,115.87000274658203,107.75,115.81999969482422,2352400
2018-02-01,109.05789947509766,112.81999969482422,114.37000274658203,110.6500015258789,112.05999755859375,936200
2018-02-02,105.68426513671875,109.33000183105469,112.0199966430664,109.25,111.5199966430664,755600
2018-02-05,101.86598205566406,105.37999725341797,109.16000366210938,103.08000183105469,108.0,780500
2018-02-06,102.94863891601562,106.5,107.87000274658203,102.56999969482422,103.0,845000
2018-02-07,103.05499267578125,106.61000061035156,108.81999969482422,105.9800033569336,105.9800033569336,667700
2018-02-08,97.9413833618164,101.31999969482422,106.55999755859375,101.29000091552734,106.55999755859375,702500
2018-02-09,98.75336456298828,102.16000366210938,103.80000305175781,99.2300033569336,102.29000091552734,661700
2018-02-12,99.86503601074219,103.30999755859375,104.2699966430664,101.66999816894531,103.11000061035156,464000
2018-02-13,100.1163330078125,103.56999969482422,105.04000091552734,102.80000305175781,103.4000015258789,413100
2018-02-14,100.61898803710938,104.08999633789062,105.12999725341797,102.66999816894531,102.91999816894531,693900
2018-02-15,103.02597045898438,106.58000183105469,106.80000305175781,103.9000015258789,104.8499984741211,614400
2018-02-16,99.32369995117188,102.75,107.54000091552734,102.61000061035156,106.83000183105469,780200
2018-02-20,98.90803527832031,102.31999969482422,104.01000213623047,101.0,102.33999633789062,629600
2018-02-21,98.20236206054688,101.58999633789062,103.5,101.30999755859375,102.44000244140625,403500
2018-02-22,99.96170043945312,103.41000366210938,104.12000274658203,101.3499984741211,101.91999816894531,471600
2018-02-23,100.8896713256836,104.37000274658203,104.43000030517578,103.0199966430664,103.77999877929688,294500
2018-02-26,101.62434387207031,105.12999725341797,105.55999755859375,102.70999908447266,104.52999877929688,497500
2018-02-27,98.99502563476562,102.41000366210938,105.83999633789062,102.41000366210938,104.95999908447266,287600
2018-02-28,96.8877182006836,100.2300033569336,102.66999816894531,100.0999984741211,102.66999816894531,434800
2018-03-01,97.70939636230469,101.08000183105469,102.45999908447266,99.51000213623047,100.5999984741211,463700
2018-03-02,97.97036743164062,101.3499984741211,101.63999938964844,99.12000274658203,100.4800033569336,397500
2018-03-05,98.84036254882812,102.25,102.91000366210938,100.18000030517578,100.68000030517578,250600
2018-03-06,100.34834289550781,103.80999755859375,104.41000366210938,102.2300033569336,102.86000061035156,488600
2018-03-07,99.56533813476562,103.0,104.05999755859375,102.30000305175781,102.66999816894531,387300
2018-03-08,98.55038452148438,101.94999694824219,103.72000122070312,100.76000213623047,103.2300033569336,495500
2018-03-09,99.36238098144531,102.79000091552734,103.02999877929688,101.91000366210938,102.70999908447266,568100
2018-03-12,99.37203979492188,102.80000305175781,103.37999725341797,102.06999969482422,103.06999969482422,296400
2018-03-13,99.11103057861328,102.52999877929688,103.66999816894531,102.4000015258789,103.23999786376953,386900
2018-03-14,97.50640869140625,100.87000274658203,103.05000305175781,100.58000183105469,102.97000122070312,426600
2018-03-15,95.42809295654297,98.72000122070312,101.22000122070312,98.51000213623047,100.87000274658203,625600
2018-03-16,95.88240051269531,99.19000244140625,100.0999984741211,98.29000091552734,98.29000091552734,630600
2018-03-19,94.71275329589844,97.9800033569336,98.94000244140625,96.72000122070312,98.13999938964844,506500
2018-03-20,94.18110656738281,97.43000030517578,98.94999694824219,97.01000213623047,98.12999725341797,352200
2018-03-21,94.45175170898438,97.70999908447266,99.16000366210938,97.11000061035156,97.43000030517578,787900
2018-03-22,92.70211791992188,95.9000015258789,98.19000244140625,95.88999938964844,96.87999725341797,466700
2018-03-23,96.0080795288086,99.31999969482422,100.9800033569336,98.27999877929688,99.5999984741211,918300
2018-03-26,102.04965209960938,105.56999969482422,106.16000366210938,101.33000183105469,102.19999694824219,1416100
2018-03-27,98.8307113647461,102.23999786376953,105.54000091552734,101.76000213623047,105.54000091552734,728300
2018-03-28,96.80072021484375,100.13999938964844,102.8499984741211,99.94000244140625,102.26000213623047,544500
2018-03-29,99.61370086669922,103.05000305175781,103.36000061035156,100.55000305175781,100.69999694824219,466200
2018-04-02,95.66006469726562,98.95999908447266,103.19000244140625,98.2300033569336,102.2300033569336,656900
2018-04-03,96.99406433105469,100.33999633789062,100.56999969482422,97.48999786376953,99.01000213623047,512900
2018-04-04,97.97036743164062,101.3499984741211,101.55000305175781,98.38999938964844,98.54000091552734,496700
2018-04-05,98.89836883544922,102.30999755859375,103.29000091552734,101.87000274658203,102.20999908447266,469000
2018-04-06,96.32705688476562,99.6500015258789,101.87999725341797,99.11000061035156,101.22000122070312,494700
2018-04-09,95.08976745605469,98.37000274658203,100.0,98.22000122070312,99.81999969482422,485900
2018-04-10,97.58372497558594,100.94999694824219,101.44000244140625,99.19000244140625,99.83000183105469,401800
2018-04-11,97.22569274902344,100.4800033569336,100.9800033569336,99.7699966430664,99.87000274658203,308000
2018-04-12,96.96446228027344,100.20999908447266,100.86000061035156,99.58999633789062,100.73999786376953,391200
2018-04-13,95.78395080566406,98.98999786376953,100.4800033569336,98.33000183105469,100.4800033569336,458600
2018-04-16,96.55805969238281,99.79000091552734,100.81999969482422,99.11000061035156,99.19000244140625,276600
2018-04-17,99.04481506347656,102.36000061035156,103.41000366210938,100.29000091552734,101.20999908447266,444700
2018-04-18,99.49957275390625,102.83000183105469,103.86000061035156,101.87999725341797,102.9000015258789,207600
2018-04-19,97.9901123046875,101.2699966430664,102.86000061035156,100.62999725341797,102.86000061035156,224900
2018-04-20,97.61273193359375,100.87999725341797,102.19999694824219,100.66999816894531,101.69000244140625,401900
2018-04-23,98.34815979003906,101.63999938964844,102.27999877929688,100.7300033569336,101.79000091552734,362100
2018-04-24,96.58706665039062,99.81999969482422,103.3499984741211,98.8499984741211,102.37000274658203,318000
2018-04-25,97.19669342041016,100.44999694824219,101.37999725341797,99.0199966430664,99.30000305175781,539200
2018-04-26,98.13525390625,101.41999816894531,101.55000305175781,99.91000366210938,101.08999633789062,349700
2018-04-27,98.28038787841797,101.56999969482422,101.73999786376953,100.54000091552734,101.37999725341797,238300
2018-04-30,95.75491333007812,98.95999908447266,102.5999984741211,98.83000183105469,101.72000122070312,461800
2018-05-01,94.93244934082031,98.11000061035156,99.05000305175781,95.4800033569336,98.80999755859375,855600
2018-05-02,96.54837799072266,99.77999877929688,101.2300033569336,98.44999694824219,98.56999969482422,390000
2018-05-03,97.00313568115234,100.25,101.23999786376953,97.16000366210938,100.45999908447266,545900
2018-05-04,98.45457458496094,101.75,104.51000213623047,99.36000061035156,99.66000366210938,612000
2018-05-07,98.52230072021484,101.81999969482422,102.9800033569336,100.9800033569336,101.80999755859375,313200
2018-05-08,100.31237030029297,103.66999816894531,105.12000274658203,101.72000122070312,101.7300033569336,532400
2018-05-09,101.22195434570312,104.61000061035156,104.83000183105469,102.66999816894531,104.45999908447266,414900
2018-05-10,101.0767822265625,104.45999908447266,106.16000366210938,104.19000244140625,104.8499984741211,387200
2018-05-11,102.61531829833984,106.05000305175781,106.62000274658203,104.56999969482422,104.91000366210938,425800
2018-05-14,102.38307189941406,105.80999755859375,107.19000244140625,105.41000366210938,105.91999816894531,612700
2018-05-15,104.62791442871094,108.12999725341797,111.33999633789062,103.97000122070312,104.0,1149000
2018-05-16,104.26990509033203,107.76000213623047,110.33000183105469,107.41999816894531,107.76000213623047,545700
2018-05-17,102.79914855957031,106.23999786376953,108.0,105.87999725341797,107.56999969482422,773100
2018-05-18,105.86646270751953,109.41000366210938,109.62000274658203,106.31999969482422,106.31999969482422,444700
2018-05-21,105.99227142333984,109.54000091552734,110.9000015258789,109.23999786376953,109.5999984741211,318000
2018-05-22,104.8794937133789,108.38999938964844,110.16000366210938,108.33000183105469,109.86000061035156,351400
2018-05-23,105.40204620361328,108.93000030517578,109.19000244140625,107.52999877929688,108.25,425500
2018-05-24,103.9796371459961,107.45999908447266,109.76000213623047,107.38999938964844,108.79000091552734,479800
2018-05-25,103.63130187988281,107.0999984741211,107.95999908447266,106.76000213623047,107.3499984741211,565400
2018-05-29,104.24089813232422,107.7300033569336,108.33000183105469,105.91999816894531,105.97000122070312,442300
2018-05-30,104.65695190429688,108.16000366210938,109.12000274658203,107.4800033569336,107.80999755859375,605200
2018-05-31,104.86982727050781,108.37999725341797,110.5,107.6500015258789,109.0,525400
2018-06-01,104.65695190429688,108.16000366210938,109.86000061035156,108.06999969482422,109.19999694824219,336100
2018-06-04,105.47943115234375,109.01000213623047,109.18000030517578,107.91000366210938,108.62000274658203,178400
2018-06-05,105.50846862792969,109.04000091552734,110.55000305175781,108.86000061035156,109.04000091552734,194400
2018-06-06,106.11807250976562,109.66999816894531,109.87000274658203,108.12000274658203,109.11000061035156,232800
2018-06-07,107.5017318725586,111.0999984741211,112.58000183105469,109.18000030517578,109.75,577800
2018-06-08,108.12100219726562,111.73999786376953,112.1500015258789,110.37999725341797,111.11000061035156,378800
2018-06-11,108.07262420654297,111.69000244140625,112.5999984741211,110.72000122070312,112.0,487800
2018-06-12,108.30486297607422,111.93000030517578,112.33999633789062,111.1500015258789,111.79000091552734,288500
2018-06-13,109.2724838256836,112.93000030517578,115.75,112.2300033569336,113.68000030517578,1068700
2018-06-14,108.614501953125,112.25,113.44000244140625,111.95999908447266,113.44000244140625,347200
2018-06-15,108.58547973632812,112.22000122070312,112.87999725341797,111.25,111.95999908447266,413200
2018-06-18,108.66287994384766,112.30000305175781,112.91000366210938,111.0,111.70999908447266,394500
2018-06-19,107.453369140625,111.05000305175781,111.63999938964844,110.33999633789062,110.97000122070312,331100
2018-06-20,107.98554992675781,111.5999984741211,111.95999908447266,110.76000213623047,111.76000213623047,312500
2018-06-21,105.0994873046875,108.5199966430664,111.5999984741211,108.2699966430664,111.16999816894531,424700
2018-06-22,105.23506927490234,108.66000366210938,109.86000061035156,107.73999786376953,109.54000091552734,451900
2018-06-25,103.9276123046875,107.30999755859375,108.58999633789062,106.06999969482422,108.58999633789062,463100
2018-06-26,103.49180603027344,106.86000061035156,107.87999725341797,106.0999984741211,107.22000122070312,356300
2018-06-27,101.94223022460938,105.26000213623047,107.30999755859375,104.37999725341797,107.20999908447266,700800
2018-06-28,101.85505676269531,105.16999816894531,105.58000183105469,102.9800033569336,104.88999938964844,762700
2018-06-29,101.66138458251953,104.97000122070312,106.5999984741211,104.91000366210938,105.80999755859375,507200
2018-07-02,100.87690734863281,104.16000366210938,105.05000305175781,102.80000305175781,103.94999694824219,668800
2018-07-03,102.2424545288086,105.56999969482422,106.4800033569336,104.52999877929688,104.80000305175781,193900
2018-07-05,102.57174682617188,105.91000366210938,106.23999786376953,104.16999816894531,106.23999786376953,301700
2018-07-06,104.11163330078125,107.5,108.37999725341797,105.37000274658203,105.9800033569336,452400
2018-07-09,104.68302154541016,108.08999633789062,108.52999877929688,106.79000091552734,108.0,322600
2018-07-10,104.28595733642578,107.68000030517578,108.86000061035156,107.30999755859375,107.83000183105469,227600
2018-07-11,103.24967193603516,106.61000061035156,107.41999816894531,105.94999694824219,106.58000183105469,381600
2018-07-12,103.39498138427734,106.76000213623047,107.38999938964844,105.87000274658203,107.38999938964844,156800
2018-07-13,103.9469985961914,107.33000183105469,108.2699966430664,106.16000366210938,106.91000366210938,246500
2018-07-16,103.18187713623047,106.54000091552734,107.5199966430664,105.54000091552734,107.5199966430664,223400
2018-07-17,104.43123626708984,107.83000183105469,108.5999984741211,106.19000244140625,106.19000244140625,421600
2018-07-18,104.26658630371094,107.66000366210938,108.4800033569336,106.93000030517578,107.83999633789062,556300
2018-07-19,105.28347778320312,108.70999908447266,109.05999755859375,107.16000366210938,107.55999755859375,384700
2018-07-20,104.72174835205078,108.12999725341797,109.05000305175781,108.02999877929688,108.73999786376953,322400
2018-07-23,104.4990005493164,107.9000015258789,108.76000213623047,107.7300033569336,107.94999694824219,268900
2018-07-24,105.7870864868164,109.2300033569336,111.41999816894531,108.91000366210938,109.19000244140625,585400
2018-07-25,103.57892608642578,106.94999694824219,108.56999969482422,105.44999694824219,108.56999969482422,697000
2018-07-26,102.3780517578125,105.70999908447266,107.26000213623047,104.41000366210938,107.2300033569336,909600
2018-07-27,104.96388244628906,108.37999725341797,108.98999786376953,105.37000274658203,105.9000015258789,957600
2018-07-30,98.70750427246094,101.91999816894531,105.37000274658203,99.23999786376953,101.0,1580200
2018-07-31,96.218505859375,99.3499984741211,101.87000274658203,98.5,101.08000183105469,887800
2018-08-01,94.64958190917969,97.7300033569336,99.81999969482422,97.12999725341797,98.91999816894531,610300
2018-08-02,96.23788452148438,99.37000274658203,100.04000091552734,97.01000213623047,97.01000213623047,413400
2018-08-03,96.51874542236328,99.66000366210938,100.12999725341797,99.0,99.3499984741211,308000
2018-08-06,96.82865905761719,99.9800033569336,100.54000091552734,99.12999725341797,99.37000274658203,304800
2018-08-07,97.18698120117188,100.3499984741211,102.05000305175781,100.1500015258789,100.33999633789062,256200
2018-08-08,95.95703125,99.08000183105469,100.31999969482422,98.88999938964844,100.23999786376953,227900
2018-08-09,95.39529418945312,98.5,99.37999725341797,98.27999877929688,98.9000015258789,449600
2018-08-10,94.18470001220703,97.25,98.33000183105469,96.97000122070312,97.79000091552734,272700
2018-08-13,93.34214782714844,96.37999725341797,97.66999816894531,96.0199966430664,97.06999969482422,286600
2018-08-14,94.0394515991211,97.0999984741211,97.48999786376953,96.0,96.73999786376953,422800
2018-08-15,92.1121597290039,95.11000061035156,97.08999633789062,94.8499984741211,96.41999816894531,888900
2018-08-16,91.66666412353516,94.6500015258789,96.06999969482422,94.5199966430664,95.68000030517578,470800
2018-08-17,91.41484832763672,94.38999938964844,95.02999877929688,94.27999877929688,94.75,305700
2018-08-20,91.42455291748047,94.4000015258789,94.77999877929688,93.83000183105469,94.63999938964844,448400
2018-08-21,92.62545776367188,95.63999938964844,96.81999969482422,94.72000122070312,94.72000122070312,454800
2018-08-22,93.12905883789062,96.16000366210938,96.4800033569336,95.58000183105469,95.58000183105469,583900
2018-08-23,92.4898681640625,95.5,96.31999969482422,95.08000183105469,96.16000366210938,349000
2018-08-24,92.47049713134766,95.4800033569336,96.18000030517578,95.08999633789062,95.38999938964844,388500
2018-08-27,92.72229766845703,95.73999786376953,96.94000244140625,95.44999694824219,95.81999969482422,566400
2018-08-28,91.93783569335938,94.93000030517578,95.94000244140625,94.19999694824219,95.81999969482422,438300
2018-08-29,90.53353881835938,93.4800033569336,95.0,93.29000091552734,94.80000305175781,990100
2018-08-30,89.46820068359375,92.37999725341797,93.76000213623047,92.12999725341797,93.44999694824219,673600
2018-08-31,89.4197769165039,92.33000183105469,92.91999816894531,91.79000091552734,92.05000305175781,773200
2018-09-04,88.24791717529297,91.12000274658203,92.22000122070312,90.69999694824219,92.22000122070312,426000
2018-09-05,88.08328247070312,90.94999694824219,91.63999938964844,90.33999633789062,91.3499984741211,422500
2018-09-06,87.08573913574219,89.91999816894531,91.83000183105469,88.97000122070312,91.33000183105469,520900
2018-09-07,86.38844299316406,89.19999694824219,90.08999633789062,88.43000030517578,89.69000244140625,543500
2018-09-10,83.90913391113281,86.63999938964844,89.3499984741211,85.91000366210938,89.16999816894531,1181600
2018-09-11,84.88729095458984,87.6500015258789,88.41000366210938,85.83999633789062,86.41999816894531,766000
2018-09-12,85.6717529296875,88.45999908447266,88.87000274658203,87.37999725341797,87.62000274658203,1102100
2018-09-13,85.20689392089844,87.9800033569336,89.93000030517578,87.79000091552734,89.16999816894531,419300
2018-09-14,84.80982208251953,87.56999969482422,88.38999938964844,86.87999725341797,88.05000305175781,551500
2018-09-17,83.86070251464844,86.58999633789062,88.5199966430664,86.48999786376953,88.0,550300
2018-09-18,84.09315490722656,86.83000183105469,87.18000030517578,86.3499984741211,86.58999633789062,766300
2018-09-19,84.3546142578125,87.0999984741211,88.44999694824219,86.61000061035156,86.61000061035156,351900
2018-09-20,84.62580108642578,87.37999725341797,88.62999725341797,87.01000213623047,87.44999694824219,545700
2018-09-21,84.49991607666016,87.25,88.18000030517578,87.05000305175781,87.91000366210938,886800
2018-09-24,83.7444839477539,86.47000122070312,87.06999969482422,86.0999984741211,86.77999877929688,512000
2018-09-25,83.98661804199219,86.72000122070312,87.33999633789062,85.9000015258789,86.58000183105469,415500
2018-09-26,82.5726318359375,85.26000213623047,87.2300033569336,85.1500015258789,86.70999908447266,398800
2018-09-27,82.14649200439453,84.81999969482422,86.04000091552734,84.70999908447266,85.5999984741211,502600
2018-09-28,82.5532455444336,85.23999786376953,85.5,83.62999725341797,84.33000183105469,696400
2018-10-01,83.2021484375,85.91000366210938,87.13999938964844,85.47000122070312,85.5,716800
2018-10-02,83.11498260498047,85.81999969482422,86.27999877929688,85.25,85.66000366210938,460100
2018-10-03,83.51205444335938,86.2300033569336,86.36000061035156,85.22000122070312,86.30999755859375,536200
2018-10-04,82.53275299072266,85.12000274658203,86.91999816894531,85.05999755859375,85.83999633789062,617500
2018-10-05,79.54637145996094,82.04000091552734,85.38999938964844,81.25,84.94000244140625,698700
2018-10-08,80.98139190673828,83.5199966430664,83.68000030517578,81.41999816894531,81.7699966430664,319500
2018-10-09,80.4287109375,82.94999694824219,83.87999725341797,82.77999877929688,83.2300033569336,398000
2018-10-10,78.30525207519531,80.76000213623047,83.08000183105469,80.6500015258789,82.27999877929688,420500
2018-10-11,77.27749633789062,79.69999694824219,80.83000183105469,79.26000213623047,80.18000030517578,680600
2018-10-12,77.07386779785156,79.48999786376953,81.0,79.22000122070312,80.7699966430664,542100
2018-10-15,77.44231414794922,79.87000274658203,80.5199966430664,79.37000274658203,79.37000274658203,959900
2018-10-16,77.44231414794922,79.87000274658203,80.0199966430664,78.88999938964844,80.0,865900
2018-10-17,74.68865966796875,77.02999877929688,79.98999786376953,76.56999969482422,78.87999725341797,834500
2018-10-18,72.06101989746094,74.31999969482422,76.80000305175781,73.94999694824219,76.25,1260000
2018-10-19,70.67446899414062,72.88999938964844,75.13999938964844,72.69999694824219,74.44999694824219,627700
2018-10-22,69.404296875,71.58000183105469,73.9800033569336,71.4800033569336,73.08999633789062,828400
2018-10-23,68.64802551269531,70.80000305175781,71.5,68.18000030517578,70.61000061035156,1531800
2018-10-24,66.25306701660156,68.33000183105469,71.2699966430664,68.19000244140625,70.70999908447266,742300
2018-10-25,66.39852905273438,68.4800033569336,69.8499984741211,68.22000122070312,68.4000015258789,752100
2018-10-26,65.70040130615234,67.76000213623047,69.0999984741211,65.62000274658203,68.18000030517578,848600
2018-10-29,63.79029846191406,65.79000091552734,69.45999908447266,64.94999694824219,68.7699966430664,1391500
2018-10-30,70.46117401123047,72.66999816894531,72.8499984741211,67.08000183105469,68.16999816894531,1741800
2018-10-31,71.59558868408203,73.83999633789062,76.2699966430664,73.12999725341797,73.12999725341797,1063200
2018-11-01,74.73711395263672,77.08000183105469,77.31999969482422,73.41000366210938,73.98999786376953,879300
2018-11-02,75.17345428466797,77.52999877929688,78.0199966430664,76.22000122070312,77.69999694824219,812500
2018-11-05,73.85480499267578,76.16999816894531,78.0999984741211,76.13999938964844,77.44999694824219,588000
2018-11-06,75.4740219116211,77.83999633789062,79.06999969482422,75.19999694824219,75.8499984741211,893900
2018-11-07,75.11527252197266,77.47000122070312,79.26000213623047,77.26000213623047,78.9800033569336,652100
2018-11-08,74.09719848632812,76.41999816894531,77.05000305175781,75.66999816894531,76.7699966430664,457500
2018-11-09,73.1857681274414,75.4800033569336,76.58999633789062,74.63999938964844,75.81999969482422,554500
2018-11-12,71.42108154296875,73.66000366210938,75.77999877929688,73.36000061035156,75.47000122070312,815100
2018-11-13,71.31440734863281,73.55000305175781,75.29000091552734,73.55000305175781,73.9800033569336,312600
2018-11-14,71.08171081542969,73.30999755859375,75.30999755859375,73.0999984741211,74.51000213623047,842700
2018-11-15,71.5859146118164,73.83000183105469,74.44999694824219,72.02999877929688,72.66000366210938,393300
2018-11-16,70.29632568359375,72.5,73.91000366210938,71.93000030517578,73.37000274658203,537900
2018-11-19,67.96928405761719,70.0999984741211,72.62000274658203,69.87000274658203,72.20999908447266,489500
2018-11-20,65.86524963378906,67.93000030517578,69.75,67.22000122070312,69.06999969482422,679800
2018-11-21,67.84325408935547,69.97000122070312,70.95999908447266,68.27999877929688,68.27999877929688,526800
2018-11-23,67.48448181152344,69.5999984741211,70.33999633789062,69.33000183105469,69.43000030517578,112200
2018-11-26,69.1618881225586,71.33000183105469,72.01000213623047,70.25,70.63999938964844,540200
2018-11-27,69.96669006347656,72.16000366210938,72.44000244140625,71.0,71.0999984741211,524000
2018-11-28,71.50834655761719,73.75,74.2300033569336,71.02999877929688,72.27999877929688,444100
2018-11-29,70.99445343017578,73.22000122070312,74.62999725341797,73.01000213623047,73.76000213623047,294900
2018-11-30,70.7811279296875,73.0,73.88999938964844,72.38999938964844,72.83999633789062,394100
2018-12-03,70.49024963378906,72.69999694824219,74.98999786376953,72.41000366210938,74.66000366210938,423400
2018-12-04,65.35136413574219,67.4000015258789,72.08999633789062,67.38999938964844,72.05999755859375,2383700
2018-12-06,65.93311309814453,68.0,68.16000366210938,66.0,66.51000213623047,671400
2018-12-07,64.84713745117188,66.87999725341797,69.66999816894531,66.83000183105469,68.26000213623047,559000
2018-12-10,64.06177520751953,66.06999969482422,67.33000183105469,65.66999816894531,66.69999694824219,664800
2018-12-11,62.49102020263672,64.44999694824219,67.41999816894531,64.37999725341797,67.41999816894531,669100
2018-12-12,62.9079475402832,64.87999725341797,65.9800033569336,64.44999694824219,65.4800033569336,711300
2018-12-13,59.40768051147461,61.27000045776367,65.98999786376953,61.06999969482422,65.80000305175781,648700
2018-12-14,59.37858963012695,61.2400016784668,62.06999969482422,60.36000061035156,60.47999954223633,901000
2018-12-17,59.83429718017578,61.709999084472656,63.0099983215332,60.720001220703125,61.130001068115234,712300
2018-12-18,59.53372573852539,61.400001525878906,63.060001373291016,61.060001373291016,61.97999954223633,584000
2018-12-19,59.10710525512695,60.959999084472656,63.08000183105469,60.7400016784668,61.540000915527344,471000
2018-12-20,57.69886779785156,59.40999984741211,61.11000061035156,58.939998626708984,60.4900016784668,465200
2018-12-21,56.89278030395508,58.58000183105469,60.560001373291016,58.099998474121094,59.650001525878906,1700000
2018-12-24,55.82445526123047,57.47999954223633,59.13999938964844,57.36000061035156,58.119998931884766,276600
2018-12-26,58.19417190551758,59.91999816894531,59.91999816894531,57.0,57.790000915527344,526900
2018-12-27,59.10710906982422,60.86000061035156,60.88999938964844,58.599998474121094,58.900001525878906,507700
2018-12-28,58.99055480957031,60.7400016784668,61.43000030517578,60.099998474121094,60.97999954223633,435200
2018-12-31,59.27220916748047,61.029998779296875,61.43000030517578,60.220001220703125,60.83000183105469,537500
2019-01-02,59.971466064453125,61.75,62.599998474121094,59.150001525878906,59.84000015258789,1027200
2019-01-03,60.05886459350586,61.84000015258789,63.599998474121094,61.029998779296875,61.709999084472656,578700
2019-01-04,62.224632263183594,64.06999969482422,64.66999816894531,62.27000045776367,62.630001068115234,884400
2019-01-07,63.856258392333984,65.75,66.58000183105469,63.43000030517578,63.77000045776367,678300
2019-01-08,64.44868469238281,66.36000061035156,66.80999755859375,65.11000061035156,66.16999816894531,1067800
2019-01-09,65.99288940429688,67.94999694824219,68.20999908447266,66.22000122070312,66.7300033569336,553400
2019-01-10,65.4295883178711,67.37000274658203,67.93000030517578,66.97000122070312,67.81999969482422,683700
2019-01-11,63.778564453125,65.66999816894531,67.45999908447266,65.4000015258789,66.9000015258789,756700
2019-01-14,63.61345672607422,65.5,66.31999969482422,64.79000091552734,65.37000274658203,1270100
2019-01-15,62.36061096191406,64.20999908447266,65.86000061035156,63.41999816894531,65.45999908447266,597900
2019-01-16,62.72965621948242,64.58999633789062,65.41999816894531,64.05999755859375,64.05999755859375,402000
2019-01-17,63.89512634277344,65.79000091552734,66.1500015258789,64.22000122070312,64.2699966430664,730300
2019-01-18,66.39107513427734,68.36000061035156,69.19000244140625,66.18000030517578,66.37999725341797,582200
2019-01-22,66.10943603515625,68.06999969482422,69.1500015258789,66.70999908447266,68.0,790300
2019-01-23,62.593692779541016,64.44999694824219,68.0,63.529998779296875,68.0,768500
2019-01-24,64.63322448730469,66.55000305175781,66.69000244140625,64.18000030517578,64.18000030517578,696700
2019-01-25,65.3033447265625,67.23999786376953,67.73999786376953,65.73999786376953,66.05000305175781,552400
2019-01-28,66.80868530273438,68.79000091552734,69.23999786376953,66.27999877929688,66.4800033569336,787500
2019-01-29,68.91619873046875,70.95999908447266,71.72000122070312,68.9000015258789,69.37999725341797,1020600
2019-01-30,68.51802062988281,70.55000305175781,72.58000183105469,70.30999755859375,71.13999938964844,882600
2019-01-31,68.9550552368164,71.0,72.0999984741211,69.58999633789062,70.5199966430664,750900
2019-02-01,71.13053131103516,73.23999786376953,73.27999877929688,70.5,71.0199966430664,1014000
2019-02-04,69.94567108154297,72.0199966430664,73.68000030517578,71.79000091552734,73.08999633789062,717000
2019-02-05,70.90715789794922,73.01000213623047,73.11000061035156,71.98999786376953,72.56999969482422,618000
2019-02-06,68.79964447021484,70.83999633789062,73.5999984741211,70.76000213623047,73.04000091552734,479300
2019-02-07,69.73200225830078,71.80000305175781,72.31999969482422,70.5,70.77999877929688,591500
2019-02-08,69.46978759765625,71.52999877929688,72.05999755859375,70.75,71.55999755859375,481400
2019-02-11,70.37299346923828,72.45999908447266,72.6500015258789,71.08999633789062,71.61000061035156,529500
2019-02-12,72.0822982788086,74.22000122070312,74.87000274658203,72.27999877929688,72.5,891700
2019-02-13,71.25679016113281,73.37000274658203,75.3499984741211,73.04000091552734,74.69999694824219,643600
2019-02-14,71.60643005371094,73.7300033569336,74.4800033569336,72.25,73.88999938964844,723400
2019-02-15,73.95671081542969,76.1500015258789,76.77999877929688,73.70999908447266,74.30000305175781,884200
2019-02-19,74.4520492553711,76.66000366210938,77.68000030517578,75.58000183105469,76.08999633789062,949600
2019-02-20,75.65631866455078,77.9000015258789,77.97000122070312,76.80999755859375,76.94999694824219,624000
2019-02-21,75.75341796875,78.0,78.8499984741211,77.41000366210938,77.7699966430664,849700
2019-02-22,77.083984375,79.37000274658203,79.4000015258789,77.97000122070312,78.16999816894531,702200
2019-02-25,76.75376892089844,79.02999877929688,80.19000244140625,78.79000091552734,80.12999725341797,680400
2019-02-26,76.22931671142578,78.48999786376953,79.91999816894531,78.43000030517578,78.70999908447266,588500
2019-02-27,75.80199432373047,78.05000305175781,79.05999755859375,77.86000061035156,78.30999755859375,501800
2019-02-28,74.23836517333984,76.44000244140625,77.9000015258789,76.0999984741211,77.9000015258789,757500
2019-03-01,76.15164184570312,78.41000366210938,78.61000061035156,76.69000244140625,76.80999755859375,660800
2019-03-04,77.81238555908203,80.12000274658203,80.19000244140625,78.23999786376953,78.5,714000
2019-03-05,77.20053100585938,79.48999786376953,80.08000183105469,78.94999694824219,79.94000244140625,1272000
2019-03-06,76.88973999023438,79.16999816894531,80.19000244140625,78.73999786376953,79.73999786376953,930500
2019-03-07,76.54010009765625,78.80999755859375,79.44000244140625,77.76000213623047,78.75,740400
2019-03-08,76.76345825195312,79.04000091552734,79.27999877929688,77.91000366210938,78.33000183105469,712400
2019-03-11,75.8408432006836,78.08999633789062,79.80999755859375,77.94000244140625,78.5,799900
2019-03-12,74.04411315917969,76.23999786376953,78.61000061035156,76.18000030517578,78.33999633789062,966300
2019-03-13,70.02337646484375,72.0999984741211,76.58000183105469,71.66000366210938,76.58000183105469,1674000
2019-03-14,69.56690979003906,71.62999725341797,72.26000213623047,69.58000183105469,71.48999786376953,997300
2019-03-15,70.16903686523438,72.25,72.7699966430664,71.63999938964844,71.8499984741211,944500
2019-03-18,70.69348907470703,72.79000091552734,73.08000183105469,71.93000030517578,72.37999725341797,680800
2019-03-19,71.3636245727539,73.4800033569336,74.19000244140625,73.02999877929688,73.02999877929688,797800
2019-03-20,69.702880859375,71.7699966430664,72.9000015258789,70.5,72.8499984741211,1482100
2019-03-21,72.1600112915039,74.30000305175781,75.0199966430664,71.33999633789062,71.33999633789062,1134300
2019-03-22,69.23668670654297,71.29000091552734,73.79000091552734,71.06999969482422,73.79000091552734,523500
2019-03-25,70.64494323730469,72.73999786376953,72.94000244140625,71.18000030517578,71.91000366210938,460700
2019-03-26,69.60572814941406,71.66999816894531,73.25,71.05999755859375,73.23999786376953,626700
2019-03-27,70.24674224853516,72.33000183105469,72.87999725341797,71.62999725341797,71.62999725341797,661600
2019-03-28,71.21793365478516,73.33000183105469,73.37000274658203,71.69000244140625,72.5199966430664,463500
2019-03-29,81.87198638916016,84.30000305175781,84.48999786376953,80.20999908447266,81.47000122070312,3243300
2019-04-01,81.29898834228516,83.70999908447266,86.6500015258789,83.66999816894531,84.69000244140625,1261800
2019-04-02,81.08531188964844,83.48999786376953,84.30999755859375,81.86000061035156,82.8499984741211,1212100
2019-04-03,80.91047668457031,83.30999755859375,84.58000183105469,83.02999877929688,84.58000183105469,762400
2019-04-04,82.12449645996094,84.55999755859375,85.69999694824219,83.73999786376953,84.06999969482422,614200
2019-04-05,83.31906127929688,85.79000091552734,86.4800033569336,85.16000366210938,85.93000030517578,506700
2019-04-08,83.36762237548828,85.83999633789062,86.47000122070312,85.30000305175781,85.45999908447266,346300
2019-04-09,82.0370864868164,84.47000122070312,85.86000061035156,84.2699966430664,85.41999816894531,399800
2019-04-10,82.19246673583984,84.62999725341797,85.52999877929688,84.25,84.4800033569336,419500
2019-04-11,82.29944610595703,84.63999938964844,85.7699966430664,84.25,84.86000061035156,440100
2019-04-12,83.73849487304688,86.12000274658203,86.94999694824219,84.87000274658203,85.38999938964844,433500
2019-04-15,83.86492156982422,86.25,86.5199966430664,85.29000091552734,86.0199966430664,275200
2019-04-16,84.20523834228516,86.5999984741211,86.69999694824219,85.31999969482422,86.12999725341797,464800
2019-04-17,81.99800109863281,84.33000183105469,87.3499984741211,84.26000213623047,87.02999877929688,471900
2019-04-18,87.58900451660156,90.08000183105469,92.0,89.70999908447266,91.55999755859375,1438800
2019-04-22,87.84181213378906,90.33999633789062,91.04000091552734,89.25,89.55000305175781,664500
2019-04-23,87.46258544921875,89.94999694824219,90.38999938964844,88.7699966430664,90.30000305175781,593900
2019-04-24,88.03627014160156,90.54000091552734,91.22000122070312,89.66999816894531,90.31999969482422,604300
2019-04-25,86.65555572509766,89.12000274658203,90.33999633789062,88.58000183105469,90.16999816894531,519100
2019-04-26,88.3766098022461,90.88999938964844,90.9800033569336,88.70999908447266,89.0999984741211,325900
2019-04-29,87.55009460449219,90.04000091552734,91.22000122070312,89.81999969482422,90.87000274658203,398900
2019-04-30,88.39605712890625,90.91000366210938,91.5,89.97000122070312,91.06999969482422,502800
2019-05-01,87.01531219482422,89.48999786376953,91.44999694824219,89.41999816894531,91.41999816894531,442600
2019-05-02,86.97643280029297,89.44999694824219,90.33999633789062,88.87999725341797,89.66999816894531,687000
2019-05-03,88.10433197021484,90.61000061035156,90.7300033569336,89.55999755859375,90.0,323200
2019-05-06,87.96822357177734,90.47000122070312,91.20999908447266,88.58999633789062,89.54000091552734,357200
2019-05-07,87.33618927001953,89.81999969482422,90.30000305175781,89.13999938964844,89.69000244140625,445400
2019-05-08,86.51941680908203,88.9800033569336,90.18000030517578,88.9000015258789,89.94999694824219,347200
2019-05-09,86.16936492919922,88.62000274658203,89.29000091552734,87.76000213623047,88.12999725341797,407000
2019-05-10,86.61666870117188,89.08000183105469,89.41999816894531,87.81999969482422,88.54000091552734,571600
2019-05-13,84.38026428222656,86.77999877929688,88.04000091552734,86.06999969482422,88.04000091552734,478200
2019-05-14,85.29427337646484,87.72000122070312,88.58000183105469,86.91999816894531,87.29000091552734,467900
2019-05-15,85.8193359375,88.26000213623047,88.81999969482422,86.5,86.77999877929688,532000
2019-05-16,89.04751586914062,91.58000183105469,93.18000030517578,87.73999786376953,92.02999877929688,910100
2019-05-17,88.55160522460938,91.06999969482422,93.12000274658203,90.38999938964844,91.02999877929688,560000
2019-05-20,87.76403045654297,90.26000213623047,91.08999633789062,89.77999877929688,90.37999725341797,466100
2019-05-21,88.7266616821289,91.25,91.87000274658203,89.93000030517578,90.25,361800
2019-05-22,86.99586486816406,89.47000122070312,90.94999694824219,89.27999877929688,90.5199966430664,375800
2019-05-23,85.138671875,87.55999755859375,89.56999969482422,86.56999969482422,88.7699966430664,512500
2019-05-24,85.16783142089844,87.58999633789062,88.76000213623047,86.3499984741211,88.0999984741211,462300
2019-05-28,85.67346954345703,88.11000061035156,89.2300033569336,87.37000274658203,87.62000274658203,429400
2019-05-29,84.59417724609375,87.0,87.6500015258789,86.16000366210938,87.47000122070312,510300
2019-05-30,84.84698486328125,87.26000213623047,91.86000061035156,85.75,90.23999786376953,1204000
2019-05-31,83.68016815185547,86.05999755859375,86.79000091552734,84.88999938964844,86.05999755859375,573700
2019-06-03,84.39971923828125,86.80000305175781,87.47000122070312,85.58000183105469,85.95999908447266,466600
2019-06-04,88.43492126464844,90.94999694824219,90.9800033569336,87.55000305175781,87.55000305175781,381800
2019-06-05,87.98766326904297,90.48999786376953,91.3499984741211,89.72000122070312,90.88999938964844,382400
2019-06-06,87.20005798339844,89.68000030517578,91.02999877929688,89.05999755859375,90.69999694824219,303800
2019-06-07,87.18062591552734,89.66000366210938,90.44000244140625,88.88999938964844,90.3499984741211,427200
2019-06-10,87.79318237304688,90.29000091552734,91.16999816894531,89.69000244140625,90.11000061035156,612400
2019-06-11,85.0608901977539,87.4800033569336,91.9800033569336,86.45999908447266,90.94000244140625,523300
2019-06-12,83.3106689453125,85.68000030517578,87.62000274658203,85.27999877929688,86.97000122070312,649000
2019-06-13,85.7901611328125,88.2300033569336,88.27999877929688,85.6500015258789,86.13999938964844,643200
2019-06-14,85.3331527709961,87.76000213623047,88.0,86.19000244140625,87.9000015258789,483500
2019-06-17,85.64430236816406,88.08000183105469,88.68000030517578,87.25,87.48999786376953,347500
2019-06-18,86.09158325195312,88.54000091552734,90.05000305175781,88.5199966430664,88.81999969482422,261300
2019-06-19,85.32342529296875,87.75,88.51000213623047,86.51000213623047,88.48999786376953,341200
2019-06-20,86.04378509521484,88.38999938964844,89.37999725341797,88.05999755859375,88.86000061035156,375900
2019-06-21,86.36502838134766,88.72000122070312,89.06999969482422,87.91000366210938,87.91000366210938,789000
2019-06-24,84.76856231689453,87.08000183105469,88.95999908447266,86.98999786376953,88.95999908447266,404500
2019-06-25,84.7198715209961,87.02999877929688,87.91000366210938,86.72000122070312,87.06999969482422,379700
2019-06-26,86.36502838134766,88.72000122070312,89.05999755859375,86.81999969482422,87.0999984741211,440000
2019-06-27,86.57919311523438,88.94000244140625,89.6500015258789,87.9800033569336,88.9000015258789,1216700
2019-06-28,90.2393798828125,92.69999694824219,93.06999969482422,88.80999755859375,89.19000244140625,823000
2019-07-01,85.75175476074219,88.08999633789062,92.51000213623047,88.05000305175781,91.06999969482422,663100
2019-07-02,85.77120971679688,88.11000061035156,88.12000274658203,86.66000366210938,88.0999984741211,469200
2019-07-03,87.0367202758789,89.41000366210938,89.70999908447266,88.0,88.3499984741211,282200
2019-07-05,87.0172348022461,89.38999938964844,89.91999816894531,88.77999877929688,88.87000274658203,269800
2019-07-08,85.21635437011719,87.54000091552734,88.88999938964844,87.13999938964844,88.88999938964844,306500
2019-07-09,84.6225357055664,86.93000030517578,87.9000015258789,86.80000305175781,87.4000015258789,318100
2019-07-10,82.72430419921875,84.9800033569336,87.63999938964844,84.8499984741211,87.25,586700
2019-07-11,81.76057434082031,83.98999786376953,84.48999786376953,82.93000030517578,83.80999755859375,730400
2019-07-12,83.0942153930664,85.36000061035156,85.62000274658203,83.62999725341797,83.83999633789062,901100
2019-07-15,84.20394134521484,86.5,86.94000244140625,84.51000213623047,85.94999694824219,458400
2019-07-16,84.37918853759766,86.68000030517578,88.05999755859375,86.63999938964844,86.86000061035156,562400
2019-07-17,84.12608337402344,86.41999816894531,87.12999725341797,84.76000213623047,86.62999725341797,366200
2019-07-18,83.24996185302734,85.5199966430664,85.95999908447266,83.37000274658203,85.08000183105469,619700
2019-07-19,83.72697448730469,86.01000213623047,87.63999938964844,85.58999633789062,85.6500015258789,383800
2019-07-22,82.96768188476562,85.2300033569336,87.30000305175781,85.20999908447266,86.33000183105469,494800
2019-07-23,85.30396270751953,87.62999725341797,87.6500015258789,85.41999816894531,85.41999816894531,481500
2019-07-24,87.81549072265625,90.20999908447266,90.41000366210938,87.30000305175781,87.30000305175781,562400
2019-07-25,86.16060638427734,88.51000213623047,91.30000305175781,88.38999938964844,90.37999725341797,385700
2019-07-26,86.84202575683594,89.20999908447266,89.97000122070312,88.37999725341797,88.73999786376953,306300
2019-07-29,85.17741394042969,87.5,88.62999725341797,86.31999969482422,88.44999694824219,383600
2019-07-30,87.87388610839844,90.2699966430664,90.55999755859375,86.83999633789062,87.31999969482422,570200
2019-07-31,80.58268737792969,82.77999877929688,86.98999786376953,82.54000091552734,83.37999725341797,1764300
2019-08-01,79.14200592041016,81.30000305175781,83.41000366210938,80.11000061035156,82.11000061035156,801900
2019-08-02,79.77472686767578,81.94999694824219,82.3499984741211,80.3499984741211,80.94000244140625,412000
2019-08-05,80.5145492553711,82.70999908447266,83.38999938964844,80.06999969482422,80.80000305175781,577000
2019-08-06,82.13050079345703,84.37000274658203,84.47000122070312,82.06999969482422,82.70999908447266,457800
2019-08-07,82.50039672851562,84.75,85.02999877929688,82.9800033569336,83.55999755859375,402700
2019-08-08,84.68093872070312,86.98999786376953,87.93000030517578,85.16000366210938,85.16000366210938,520900
2019-08-09,82.0818099975586,84.31999969482422,86.80999755859375,84.30999755859375,86.80999755859375,438900
2019-08-12,81.5269546508789,83.75,84.3499984741211,82.81999969482422,84.02999877929688,337400
2019-08-13,81.79950714111328,84.02999877929688,85.2300033569336,83.31999969482422,83.88999938964844,425500
2019-08-14,80.13490295410156,82.31999969482422,83.54000091552734,82.06999969482422,83.01000213623047,311800
2019-08-15,78.28535461425781,80.41999816894531,83.05000305175781,80.29000091552734,82.5,433700
2019-08-16,79.07383728027344,81.2300033569336,83.05000305175781,80.29000091552734,80.48999786376953,355600
2019-08-19,78.22695922851562,80.36000061035156,82.0,80.31999969482422,82.0,497600
2019-08-20,77.27294921875,79.37999725341797,80.91000366210938,79.33000183105469,80.31999969482422,289300
2019-08-21,77.62338256835938,79.73999786376953,80.2699966430664,79.11000061035156,80.2699966430664,422700
2019-08-22,78.36321258544922,80.5,80.75,79.29000091552734,79.48999786376953,423600
2019-08-23,79.62873077392578,81.80000305175781,83.61000061035156,80.52999877929688,80.54000091552734,796200
2019-08-26,79.51188659667969,81.68000030517578,82.70999908447266,80.88999938964844,82.43000030517578,623000
2019-08-27,79.28800201416016,81.44999694824219,82.6500015258789,81.02999877929688,82.16999816894531,617800
2019-08-28,79.66764831542969,81.83999633789062,82.38999938964844,80.47000122070312,81.27999877929688,351500
2019-08-29,81.41986083984375,83.63999938964844,84.11000061035156,82.6500015258789,82.6500015258789,439900
2019-08-30,81.95527648925781,84.19000244140625,84.62999725341797,83.06999969482422,84.12000274658203,470000
2019-09-03,82.00395965576172,84.23999786376953,84.47000122070312,81.48999786376953,83.47000122070312,485800
2019-09-04,82.06237030029297,84.30000305175781,85.5999984741211,83.93000030517578,85.0,346300
2019-09-05,81.85792541503906,84.08999633789062,85.30000305175781,83.61000061035156,84.52999877929688,338400
2019-09-06,82.78271484375,85.04000091552734,85.48999786376953,83.87999725341797,84.18000030517578,453000
2019-09-09,82.3933334350586,84.63999938964844,85.51000213623047,84.0199966430664,85.19000244140625,404300
2019-09-10,84.8853759765625,87.19999694824219,87.19999694824219,83.9000015258789,84.83000183105469,518400
2019-09-11,86.01458740234375,88.36000061035156,88.69000244140625,86.1500015258789,87.47000122070312,406300
2019-09-12,84.42786407470703,86.7300033569336,88.98999786376953,86.68000030517578,88.83999633789062,373900
2019-09-13,84.30130004882812,86.5999984741211,87.83999633789062,86.3499984741211,87.22000122070312,441900
2019-09-16,87.31900787353516,89.69999694824219,89.8499984741211,85.87999725341797,86.25,601500
2019-09-17,86.0340576171875,88.37999725341797,89.80999755859375,87.37000274658203,89.01000213623047,307000
2019-09-18,87.1048583984375,89.4800033569336,89.88999938964844,87.1500015258789,88.23999786376953,506800
2019-09-19,88.3606185913086,90.7699966430664,91.51000213623047,88.98999786376953,89.27999877929688,720800
2019-09-20,88.3606185913086,90.7699966430664,91.88999938964844,90.52999877929688,91.4000015258789,1173700
2019-09-23,88.38008117675781,90.79000091552734,92.23999786376953,90.18000030517578,90.18000030517578,405300
2019-09-24,87.58184814453125,89.97000122070312,91.76000213623047,89.8499984741211,90.62999725341797,432200
2019-09-25,88.77919006347656,91.19999694824219,91.3499984741211,88.91999816894531,89.9000015258789,315800
2019-09-26,88.54556274414062,90.95999908447266,91.31999969482422,89.47000122070312,90.86000061035156,267900
2019-09-27,86.7933578491211,89.16000366210938,91.6500015258789,89.0,91.16000366210938,260600
2019-09-30,87.62078094482422,90.01000213623047,91.12999725341797,89.22000122070312,89.4000015258789,253400
2019-10-01,86.69600677490234,89.05999755859375,91.45999908447266,88.88999938964844,90.37000274658203,309700
2019-10-02,85.09953308105469,87.41999816894531,88.58000183105469,86.73999786376953,88.45999908447266,288000
2019-10-03,85.20674896240234,87.43000030517578,88.33999633789062,85.54000091552734,87.06999969482422,279700
2019-10-04,86.77580261230469,89.04000091552734,89.06999969482422,87.36000061035156,87.37000274658203,243400
2019-10-07,86.9024887084961,89.16999816894531,89.9800033569336,87.79000091552734,88.69999694824219,353800
2019-10-08,86.23005676269531,88.4800033569336,89.87000274658203,87.9800033569336,88.30000305175781,204100
2019-10-09,88.30587005615234,90.61000061035156,90.7699966430664,88.76000213623047,89.62000274658203,242700
2019-10-10,87.98426818847656,90.27999877929688,91.27999877929688,89.86000061035156,91.01000213623047,175000
2019-10-11,88.15969848632812,90.45999908447266,92.79000091552734,90.27999877929688,91.44999694824219,240600
2019-10-14,88.31559753417969,90.62000274658203,90.97000122070312,89.55999755859375,90.19999694824219,158900
2019-10-15,88.40333557128906,90.70999908447266,91.30999755859375,90.12000274658203,91.29000091552734,311400
2019-10-16,89.09526824951172,91.41999816894531,91.5,90.12000274658203,90.80000305175781,232400
2019-10-17,90.15755462646484,92.51000213623047,93.19999694824219,91.5999984741211,91.8499984741211,286500
2019-10-18,90.06986236572266,92.41999816894531,92.7300033569336,91.4000015258789,92.2699966430664,259300
2019-10-21,91.60967254638672,94.0,94.48999786376953,93.0,93.0,367900
2019-10-22,93.0130615234375,95.44000244140625,96.16999816894531,93.38999938964844,94.11000061035156,243400
2019-10-23,92.36982727050781,94.77999877929688,96.44999694824219,94.55000305175781,95.95999908447266,354600
2019-10-24,92.26261901855469,94.66999816894531,95.51000213623047,94.0999984741211,94.98999786376953,172800
2019-10-25,92.58424377441406,95.0,97.0999984741211,94.02999877929688,94.38999938964844,337700
2019-10-28,91.50247192382812,93.88999938964844,95.54000091552734,92.6500015258789,94.76000213623047,446600
2019-10-29,90.06986236572266,92.41999816894531,95.83000183105469,92.16000366210938,94.83000183105469,533400
2019-10-30,89.29993438720703,91.62999725341797,92.37000274658203,90.2300033569336,92.05000305175781,479900
2019-10-31,89.0173110961914,91.33999633789062,96.33999633789062,90.91000366210938,95.81999969482422,651100
2019-11-01,92.30159759521484,94.70999908447266,95.91000366210938,92.25,92.2699966430664,526100
2019-11-04,92.36982727050781,94.77999877929688,96.2300033569336,93.9800033569336,95.0,531200
2019-11-05,90.674072265625,93.04000091552734,95.76000213623047,92.41000366210938,95.12999725341797,405400
2019-11-06,90.88848114013672,93.26000213623047,93.3499984741211,91.05000305175781,92.47000122070312,548500
2019-11-07,90.8689956665039,93.23999786376953,94.52999877929688,93.08000183105469,93.72000122070312,391300
2019-11-08,89.67027282714844,92.01000213623047,92.86000061035156,91.7699966430664,92.72000122070312,272300
2019-11-11,89.46562194824219,91.80000305175781,92.37000274658203,91.45999908447266,91.45999908447266,415700
2019-11-12,90.440185546875,92.80000305175781,94.13999938964844,92.06999969482422,92.33000183105469,750100
2019-11-13,90.18680572509766,92.54000091552734,92.72000122070312,88.55000305175781,91.80000305175781,610700
2019-11-14,91.35627746582031,93.73999786376953,94.12999725341797,92.41999816894531,92.5,330300
2019-11-15,90.31349182128906,92.66999816894531,94.08999633789062,92.54000091552734,94.08999633789062,237600
2019-11-18,90.83977508544922,93.20999908447266,93.9800033569336,92.02999877929688,92.30999755859375,413300
2019-11-19,90.43045043945312,92.79000091552734,93.81999969482422,92.13999938964844,93.41999816894531,255800
2019-11-20,90.55714416503906,92.91999816894531,94.58000183105469,92.3499984741211,92.41000366210938,362400
2019-11-21,89.4168701171875,91.75,93.22000122070312,91.55999755859375,93.02999877929688,230800
2019-11-22,88.01351165771484,90.30999755859375,92.27999877929688,90.27999877929688,91.95999908447266,166600
2019-11-25,88.74441528320312,91.05999755859375,91.30000305175781,90.0999984741211,90.0999984741211,337500
2019-11-26,90.18680572509766,92.54000091552734,92.55999755859375,90.33999633789062,91.0999984741211,448000
2019-11-27,91.74609375,94.13999938964844,94.62999725341797,92.04000091552734,92.80000305175781,407100
2019-11-29,89.68975067138672,92.02999877929688,94.45999908447266,91.72000122070312,93.9800033569336,141200
2019-12-02,88.56901550292969,90.87999725341797,91.88999938964844,90.56999969482422,91.88999938964844,269000
2019-12-03,88.62748718261719,90.94000244140625,91.27999877929688,89.80999755859375,90.19000244140625,443600
2019-12-04,89.27069854736328,91.5999984741211,92.9800033569336,90.58000183105469,90.86000061035156,283500
2019-12-05,89.80673217773438,92.1500015258789,92.26000213623047,91.12999725341797,91.69999694824219,218600
2019-12-06,90.31349182128906,92.66999816894531,93.01000213623047,92.26000213623047,92.81999969482422,296000
2019-12-09,88.86955261230469,91.08999633789062,92.33000183105469,90.2699966430664,92.33000183105469,358900
2019-12-10,87.36710357666016,89.55000305175781,90.58999633789062,88.81999969482422,90.58999633789062,273100
2019-12-11,87.89392852783203,90.08999633789062,90.33999633789062,88.87000274658203,89.68000030517578,305600
2019-12-12,88.18663024902344,90.38999938964844,91.25,89.8499984741211,90.19000244140625,216400
2019-12-13,88.03052520751953,90.2300033569336,91.7300033569336,89.47000122070312,90.5199966430664,436000
2019-12-16,88.23542022705078,90.44000244140625,91.48999786376953,90.19999694824219,90.58000183105469,281000
2019-12-17,88.75251007080078,90.97000122070312,91.9800033569336,90.83999633789062,91.04000091552734,513300
2019-12-18,88.47932434082031,90.69000244140625,91.38999938964844,90.22000122070312,91.0999984741211,213300
2019-12-19,87.73784637451172,89.93000030517578,90.87000274658203,89.87000274658203,90.56999969482422,281400
2019-12-20,87.87442779541016,90.06999969482422,90.6500015258789,89.54000091552734,90.19999694824219,627700
2019-12-23,87.2695541381836,89.44999694824219,90.18000030517578,88.80999755859375,90.18000030517578,217300
2019-12-24,88.11834716796875,90.31999969482422,90.66000366210938,89.18000030517578,89.54000091552734,130700
2019-12-26,89.0354232788086,91.26000213623047,91.7300033569336,90.36000061035156,90.36000061035156,388500
2019-12-27,88.98664855957031,91.20999908447266,92.26000213623047,91.08999633789062,91.43000030517578,313100
2019-12-30,87.38662719726562,89.56999969482422,91.16999816894531,89.27999877929688,91.06999969482422,190900
2019-12-31,88.45003509521484,90.66000366210938,90.9800033569336,89.2300033569336,89.2300033569336,340300
2020-01-02,88.98664855957031,91.20999908447266,91.33000183105469,90.33000183105469,91.33000183105469,309200
2020-01-03,88.72322082519531,90.94000244140625,91.12000274658203,90.3499984741211,90.3499984741211,246300
2020-01-06,88.45979309082031,90.66999816894531,91.02999877929688,90.2300033569336,90.61000061035156,209600
2020-01-07,88.25492095947266,90.45999908447266,91.41999816894531,90.05000305175781,90.66000366210938,226300
2020-01-08,88.6549301147461,90.87000274658203,91.2300033569336,90.30999755859375,90.61000061035156,166000
2020-01-09,88.97686767578125,91.19999694824219,91.69000244140625,90.66999816894531,91.06999969482422,183800
2020-01-10,88.76226043701172,90.9800033569336,91.19000244140625,89.22000122070312,91.16000366210938,163000
2020-01-13,88.29396057128906,90.5,90.95999908447266,89.69999694824219,90.83000183105469,313800
2020-01-14,87.39637756347656,89.58000183105469,90.23999786376953,89.18000030517578,90.23999786376953,229900
2020-01-15,88.51834106445312,90.7300033569336,91.0199966430664,89.3499984741211,89.4800033569336,189100
2020-01-16,89.86471557617188,92.11000061035156,92.1500015258789,91.08000183105469,91.1500015258789,253700
2020-01-17,90.92811584472656,93.19999694824219,93.75,92.16999816894531,92.19000244140625,368400
2020-01-21,91.15252685546875,93.43000030517578,94.04000091552734,92.80000305175781,92.80000305175781,247600
2020-01-22,91.20130920410156,93.4800033569336,94.52999877929688,93.36000061035156,94.0,280300
2020-01-23,91.81594848632812,94.11000061035156,94.38999938964844,92.22000122070312,93.22000122070312,272500
2020-01-24,89.99152374267578,92.23999786376953,94.26000213623047,91.72000122070312,94.26000213623047,257100
2020-01-27,89.30860900878906,91.54000091552734,93.2699966430664,91.4000015258789,91.8499984741211,333600
2020-01-28,91.22081756591797,93.5,93.94999694824219,91.18000030517578,91.93000030517578,233500
2020-01-29,89.51347351074219,91.75,93.80000305175781,91.6500015258789,93.4800033569336,176500
2020-01-30,89.8451919555664,92.08999633789062,92.38999938964844,90.27999877929688,90.91000366210938,162600
2020-01-31,88.94760131835938,91.16999816894531,91.91000366210938,90.26000213623047,91.43000030517578,277600
2020-02-03,90.61592864990234,92.87999725341797,93.5,91.43000030517578,91.58000183105469,353900
2020-02-04,86.05001068115234,88.19999694824219,94.48999786376953,86.55999755859375,93.88999938964844,788600
2020-02-05,89.61103820800781,91.8499984741211,92.16999816894531,89.0199966430664,89.37999725341797,597800
2020-02-06,85.43537139892578,87.56999969482422,92.51000213623047,87.2300033569336,91.72000122070312,483800
2020-02-07,84.23534393310547,86.33999633789062,87.77999877929688,86.18000030517578,87.19999694824219,386000
2020-02-10,84.54755401611328,86.66000366210938,87.30999755859375,84.45999908447266,85.91999816894531,456600
2020-02-11,85.6402587890625,87.77999877929688,88.91000366210938,87.0,87.22000122070312,292300
2020-02-12,84.91828918457031,87.04000091552734,88.72000122070312,86.63999938964844,88.5,298200
2020-02-13,85.51341247558594,87.6500015258789,87.79000091552734,86.52999877929688,87.0199966430664,276400
2020-02-14,86.40122985839844,88.55999755859375,88.63999938964844,87.08999633789062,87.62000274658203,357300
2020-02-18,87.97199249267578,90.16999816894531,90.45999908447266,88.33999633789062,88.69000244140625,391300
2020-02-19,88.32320404052734,90.52999877929688,91.2699966430664,89.69000244140625,90.69000244140625,314900
2020-02-20,86.88904571533203,89.05999755859375,91.33000183105469,88.93000030517578,90.27999877929688,342900
2020-02-21,88.18663024902344,90.38999938964844,90.77999877929688,87.72000122070312,89.08999633789062,358300
2020-02-24,87.67930603027344,89.87000274658203,90.33999633789062,87.5999984741211,87.9000015258789,337300
2020-02-25,83.56217956542969,85.6500015258789,90.04000091552734,85.51000213623047,90.04000091552734,318800
2020-02-26,82.52800750732422,84.58999633789062,86.16999816894531,83.33000183105469,85.73999786376953,336000
2020-02-27,79.42554473876953,81.41000366210938,83.81999969482422,81.41000366210938,83.11000061035156,386500
2020-02-28,77.0059814453125,78.93000030517578,79.58999633789062,76.66999816894531,79.19999694824219,410800
2020-03-02,79.65967559814453,81.6500015258789,81.76000213623047,78.4800033569336,79.27999877929688,378800
2020-03-03,79.5621109008789,81.55000305175781,84.56999969482422,80.9000015258789,82.01000213623047,304900
2020-03-04,83.49388122558594,85.58000183105469,85.68000030517578,81.94000244140625,82.69999694824219,342500
2020-03-05,80.08895111083984,82.08999633789062,84.27999877929688,80.95999908447266,83.7699966430664,291600
2020-03-06,75.95230865478516,77.8499984741211,80.19999694824219,76.04000091552734,79.66000366210938,583000
2020-03-09,65.51314544677734,67.1500015258789,74.79000091552734,65.31999969482422,73.01000213623047,646700
2020-03-10,68.20585632324219,69.91000366210938,70.08999633789062,64.70999908447266,69.41000366210938,504800
2020-03-11,62.069183349609375,63.619998931884766,68.38999938964844,62.779998779296875,67.83999633789062,416500
2020-03-12,52.186119079589844,53.4900016784668,59.84000015258789,53.47999954223633,59.43000030517578,475600
2020-03-13,63.27896499633789,64.86000061035156,65.12999725341797,54.54999923706055,56.369998931884766,736800
2020-03-16,51.825130462646484,53.119998931884766,57.27000045776367,52.66999816894531,56.0,572400
2020-03-17,52.9178352355957,54.2400016784668,57.45000076293945,51.33000183105469,53.970001220703125,697200
2020-03-18,48.79094314575195,50.0099983215332,53.939998626708984,43.13999938964844,50.0099983215332,993200
2020-03-19,50.75194549560547,52.02000045776367,53.7599983215332,47.0099983215332,49.7400016784668,581800
2020-03-20,44.02013397216797,45.119998931884766,53.290000915527344,44.02000045776367,52.25,774200
2020-03-23,42.117671966552734,43.16999816894531,45.86000061035156,41.83000183105469,44.90999984741211,630500
2020-03-24,49.288509368896484,50.52000045776367,52.58000183105469,45.72999954223633,45.72999954223633,635800
2020-03-25,52.11781692504883,53.41999816894531,56.34000015258789,48.650001525878906,50.720001220703125,749000
2020-03-26,54.654449462890625,56.02000045776367,57.63999938964844,54.11000061035156,54.11000061035156,366200
2020-03-27,51.11292266845703,52.38999938964844,55.08000183105469,52.02000045776367,53.380001068115234,394500
2020-03-30,53.20075607299805,54.529998779296875,54.720001220703125,51.59000015258789,52.47999954223633,348100
2020-03-31,56.995933532714844,58.41999816894531,59.31999969482422,53.869998931884766,54.43000030517578,698500
2020-04-01,52.869049072265625,54.189998626708984,56.439998626708984,52.70000076293945,55.95000076293945,362000
2020-04-02,52.69343948364258,54.0099983215332,55.959999084472656,52.25,54.29999923706055,358800
2020-04-03,48.67386245727539,49.88999938964844,54.56999969482422,48.5,54.54999923706055,364500
2020-04-06,53.43491744995117,54.77000045776367,55.54999923706055,52.130001068115234,52.310001373291016,433900
2020-04-07,55.5520133972168,56.939998626708984,60.31999969482422,56.7599983215332,57.7400016784668,544300
2020-04-08,57.80570983886719,59.25,60.0,56.97999954223633,57.72999954223633,386200
2020-04-09,64.37298583984375,65.87000274658203,66.4000015258789,59.77000045776367,60.779998779296875,729900
2020-04-13,62.066612243652344,63.5099983215332,66.48999786376953,62.189998626708984,66.48999786376953,398500
2020-04-14,61.0893440246582,62.5099983215332,65.94999694824219,61.540000915527344,64.88999938964844,262900
2020-04-15,57.97184371948242,59.31999969482422,61.150001525878906,56.630001068115234,59.7599983215332,468300
2020-04-16,54.561161041259766,55.83000183105469,60.84000015258789,55.0099983215332,59.27000045776367,449500
2020-04-17,55.47002029418945,56.7599983215332,57.900001525878906,55.400001525878906,57.720001220703125,464400
2020-04-20,52.33298110961914,53.54999923706055,55.5,53.4900016784668,55.400001525878906,503400
2020-04-21,50.192752838134766,51.36000061035156,52.060001373291016,50.70000076293945,51.689998626708984,392500
2020-04-22,50.64229202270508,51.81999969482422,53.09000015258789,51.040000915527344,53.06999969482422,326400
2020-04-23,51.85411834716797,53.060001373291016,54.0,52.22999954223633,53.75,973200
2020-04-24,51.40456008911133,52.599998474121094,53.900001525878906,52.150001525878906,53.220001220703125,504100
2020-04-27,54.38525390625,55.650001525878906,56.2599983215332,53.20000076293945,53.43000030517578,525800
2020-04-28,57.62002944946289,58.959999084472656,59.720001220703125,57.41999816894531,57.41999816894531,336000
2020-04-29,61.33366394042969,62.7599983215332,63.15999984741211,60.81999969482422,61.189998626708984,441700
2020-04-30,59.62343215942383,61.0099983215332,61.630001068115234,59.130001068115234,61.040000915527344,364000
2020-05-01,57.34638977050781,58.68000030517578,59.5099983215332,57.380001068115234,59.5099983215332,339300
2020-05-04,57.62002944946289,58.959999084472656,59.38999938964844,57.20000076293945,57.560001373291016,226300
2020-05-05,57.913204193115234,59.2599983215332,61.43000030517578,58.630001068115234,59.79999923706055,315100
2020-05-06,54.79570388793945,56.06999969482422,60.029998779296875,56.029998779296875,59.709999084472656,386400
2020-05-07,55.19639205932617,56.47999954223633,58.79999923706055,56.400001525878906,57.13999938964844,277500
2020-05-08,57.80570983886719,59.150001525878906,59.68000030517578,57.72999954223633,58.45000076293945,405100
2020-05-11,54.551387786865234,55.81999969482422,57.9900016784668,54.9900016784668,57.9900016784668,416700
2020-05-12,54.2288932800293,55.4900016784668,57.06999969482422,54.9900016784668,56.34000015258789,322200
2020-05-13,50.74980163574219,51.93000030517578,55.130001068115234,51.560001373291016,54.86000061035156,498700
2020-05-14,52.30366516113281,53.52000045776367,53.88999938964844,48.56999969482422,50.86000061035156,399100
2020-05-15,52.16684341430664,53.380001068115234,54.349998474121094,52.2599983215332,52.93000030517578,442500
2020-05-18,58.10866165161133,59.459999084472656,59.970001220703125,55.66999816894531,56.59000015258789,615400
2020-05-19,58.841617584228516,60.209999084472656,66.0,59.959999084472656,63.47999954223633,693900
2020-05-20,61.304344177246094,62.72999954223633,65.9000015258789,62.459999084472656,63.220001220703125,714000
2020-05-21,64.54889678955078,66.05000305175781,66.9800033569336,62.619998931884766,62.619998931884766,851700
2020-05-22,64.35343933105469,65.8499984741211,67.62000274658203,65.05999755859375,66.98999786376953,341400
2020-05-26,66.78683471679688,68.33999633789062,69.44999694824219,67.9000015258789,68.5,537900
2020-05-27,67.45138549804688,69.0199966430664,71.7300033569336,67.7699966430664,70.38999938964844,489600
2020-05-28,66.43502044677734,67.9800033569336,70.04000091552734,67.27999877929688,70.04000091552734,384800
2020-05-29,65.24275970458984,66.76000213623047,68.26000213623047,66.11000061035156,67.33000183105469,526500
2020-06-01,65.54570007324219,67.06999969482422,68.13999938964844,66.62000274658203,66.75,337800
2020-06-02,67.99866485595703,69.58000183105469,69.66999816894531,67.70999908447266,67.70999908447266,370600
2020-06-03,70.91094207763672,72.55999755859375,73.12000274658203,70.73999786376953,71.02999877929688,311900
2020-06-04,71.90776062011719,73.58000183105469,73.73999786376953,71.08999633789062,71.88999938964844,396400
2020-06-05,74.82001495361328,76.55999755859375,79.08000183105469,76.37999725341797,77.16000366210938,584700
2020-06-08,74.81024932861328,76.55000305175781,78.79000091552734,75.7699966430664,77.70999908447266,359900
2020-06-09,72.53321075439453,74.22000122070312,76.19999694824219,74.0,75.11000061035156,386400
2020-06-10,70.9891128540039,72.63999938964844,74.48999786376953,71.88999938964844,74.19999694824219,588400
2020-06-11,63.82570266723633,65.30999755859375,69.77999877929688,65.06999969482422,68.38999938964844,578900
2020-06-12,65.02776336669922,66.54000091552734,68.91999816894531,64.69999694824219,68.47000122070312,435700
2020-06-15,67.20708465576172,68.7699966430664,68.87000274658203,63.400001525878906,63.79999923706055,414800
2020-06-16,73.72550201416016,75.44000244140625,75.91999816894531,72.62999725341797,72.63999938964844,776700
2020-06-17,71.3409194946289,73.0,76.20999908447266,72.51000213623047,76.20999908447266,468600
2020-06-18,71.36046600341797,73.0199966430664,74.44000244140625,71.81999969482422,72.08000183105469,453600
2020-06-19,68.38957977294922,69.9800033569336,74.18000030517578,69.9800033569336,73.62000274658203,627000
2020-06-22,68.14525604248047,69.7300033569336,70.41000366210938,67.80999755859375,69.18000030517578,416700
2020-06-23,69.31796264648438,70.93000030517578,71.66999816894531,70.02999877929688,71.05000305175781,357700
2020-06-24,66.52298736572266,68.06999969482422,70.08000183105469,68.0199966430664,69.76000213623047,414800
2020-06-25,68.77072143554688,70.37000274658203,70.7300033569336,66.91000366210938,67.23999786376953,575200
2020-06-26,67.34390258789062,68.91000366210938,69.93000030517578,67.0999984741211,69.66999816894531,1283200
2020-06-29,68.92707824707031,70.52999877929688,71.52999877929688,68.61000061035156,69.7300033569336,298300
2020-06-30,68.62413024902344,70.22000122070312,70.66000366210938,69.16000366210938,70.44000244140625,325800
2020-07-01,66.71844482421875,68.2699966430664,70.5199966430664,67.94000244140625,70.33000183105469,390600
2020-07-02,69.09320831298828,70.69999694824219,73.05000305175781,69.5999984741211,70.26000213623047,320000
2020-07-06,71.0379867553711,72.69000244140625,73.22000122070312,71.23999786376953,72.23999786376953,355700
2020-07-07,69.93365478515625,71.55999755859375,72.18000030517578,71.05999755859375,72.01000213623047,269400
2020-07-08,69.7870864868164,71.41000366210938,71.91000366210938,70.83000183105469,71.0999984741211,325000
2020-07-09,67.86186981201172,69.44000244140625,71.58000183105469,68.9000015258789,70.70999908447266,332600
2020-07-10,69.3082046508789,70.91999816894531,70.98999786376953,69.0,69.0,213600
2020-07-13,69.4645767211914,71.08000183105469,73.0999984741211,70.16000366210938,71.77999877929688,293700
2020-07-14,70.91094207763672,72.55999755859375,72.63999938964844,70.56999969482422,71.51000213623047,292800
2020-07-15,72.28890991210938,73.97000122070312,75.0,72.58000183105469,74.41000366210938,440700
2020-07-16,73.5104751586914,75.22000122070312,75.69000244140625,73.79000091552734,73.81999969482422,264100
2020-07-17,74.55616760253906,76.29000091552734,76.83999633789062,75.5,75.62000274658203,212800
2020-07-20,73.79390716552734,75.51000213623047,76.13999938964844,74.97000122070312,76.05999755859375,169400
2020-07-21,76.12959289550781,77.9000015258789,78.70999908447266,75.73999786376953,76.19000244140625,399100
2020-07-22,76.23709106445312,78.01000213623047,79.5,77.37000274658203,78.6500015258789,357100
2020-07-23,77.15570831298828,78.94999694824219,79.69999694824219,77.62999725341797,77.62999725341797,324100
2020-07-24,77.91798400878906,79.7300033569336,80.0,78.41999816894531,78.87000274658203,251800
2020-07-27,80.49799346923828,82.37000274658203,82.44000244140625,79.11000061035156,79.63999938964844,354600
2020-07-28,77.48798370361328,79.29000091552734,81.98999786376953,79.08000183105469,81.58999633789062,713600
2020-07-29,79.21776580810547,81.05999755859375,81.2699966430664,79.37000274658203,80.0,319700
2020-07-30,79.89207458496094,81.75,83.0,80.47000122070312,81.19000244140625,559000
2020-07-31,78.40662384033203,80.2300033569336,81.66000366210938,77.9800033569336,81.48999786376953,445100
2020-08-03,80.50775909423828,82.37999725341797,82.93000030517578,80.3499984741211,81.04000091552734,419800
2020-08-04,80.46866607666016,82.33999633789062,83.19999694824219,82.0,82.0999984741211,774000
2020-08-05,81.7391357421875,83.63999938964844,84.37000274658203,82.48999786376953,83.61000061035156,304700
2020-08-06,80.62503051757812,82.5,84.37000274658203,82.0,83.41999816894531,320700
2020-08-07,82.03231048583984,83.94000244140625,84.26000213623047,81.98999786376953,81.98999786376953,234700
2020-08-10,82.83367919921875,84.76000213623047,85.30999755859375,84.06999969482422,84.2300033569336,294800
2020-08-11,82.46231079101562,84.37999725341797,87.2300033569336,84.36000061035156,86.16000366210938,268100
2020-08-12,82.06163024902344,83.97000122070312,85.5999984741211,82.87999725341797,85.44000244140625,230700
2020-08-13,81.77823638916016,83.68000030517578,84.7699966430664,83.0199966430664,83.51000213623047,179000
2020-08-14,82.68708801269531,84.61000061035156,85.38999938964844,82.33999633789062,83.0,167500
2020-08-17,82.4329833984375,84.3499984741211,85.44999694824219,84.04000091552734,84.83000183105469,222000
2020-08-18,81.29934692382812,83.19000244140625,85.37000274658203,83.18000030517578,84.5999984741211,165900
2020-08-19,80.75208282470703,82.62999725341797,83.91000366210938,82.47000122070312,83.37000274658203,158900
2020-08-20,79.559814453125,81.41000366210938,82.55000305175781,81.0199966430664,81.41000366210938,248800
2020-08-21,79.95071411132812,81.80999755859375,82.06999969482422,80.22000122070312,80.6500015258789,346200
2020-08-24,80.72276306152344,82.5999984741211,84.01000213623047,81.77999877929688,82.7699966430664,275200
2020-08-25,80.85958099365234,82.73999786376953,83.41999816894531,80.8499984741211,82.77999877929688,223100
2020-08-26,81.50457763671875,83.4000015258789,83.41999816894531,82.08999633789062,82.7300033569336,265500
2020-08-27,81.21139526367188,83.0999984741211,84.7699966430664,82.6500015258789,83.75,282100
2020-08-28,82.4329833984375,84.3499984741211,84.41000366210938,82.30000305175781,83.5,372800
2020-08-31,79.91162109375,81.7699966430664,84.2699966430664,81.70999908447266,84.2699966430664,260400
2020-09-01,81.4263916015625,83.31999969482422,83.58999633789062,80.66999816894531,81.36000061035156,197900
2020-09-02,83.62525939941406,85.56999969482422,85.91000366210938,82.45999908447266,83.5199966430664,160400
2020-09-03,80.5468521118164,82.41999816894531,86.12000274658203,81.86000061035156,85.33999633789062,291800
2020-09-04,80.1266098022461,81.98999786376953,84.37999725341797,80.83000183105469,83.94999694824219,264700
2020-09-08,77.05799102783203,78.8499984741211,81.2300033569336,78.4000015258789,81.08999633789062,250300
2020-09-09,78.95389556884766,80.79000091552734,80.87000274658203,78.23999786376953,79.52999877929688,334400
2020-09-10,79.52071380615234,81.37000274658203,82.05999755859375,80.83000183105469,80.95999908447266,307200
2020-09-11,81.24071502685547,83.12999725341797,84.63999938964844,80.83000183105469,81.7699966430664,280600
2020-09-14,84.08457946777344,86.04000091552734,86.23999786376953,83.48999786376953,84.12000274658203,160300
2020-09-15,84.01617431640625,85.97000122070312,87.66999816894531,85.62000274658203,86.5,205300
2020-09-16,85.95118713378906,87.94999694824219,89.22000122070312,85.70999908447266,86.66999816894531,197800
2020-09-17,86.7525405883789,88.7699966430664,89.11000061035156,85.5,86.70999908447266,302700
2020-09-18,83.91844177246094,85.87000274658203,89.55000305175781,84.63999938964844,88.4000015258789,553200
2020-09-21,83.2929916381836,85.2300033569336,85.30999755859375,81.43000030517578,83.6500015258789,493300
2020-09-22,84.78822326660156,86.76000213623047,87.76000213623047,85.68000030517578,85.68000030517578,462200
2020-09-23,81.3970947265625,83.29000091552734,88.37999725341797,83.16999816894531,86.55000305175781,315200
2020-09-24,78.98320770263672,80.81999969482422,83.7699966430664,78.2300033569336,83.56999969482422,615700
2020-09-25,80.02889251708984,81.88999938964844,81.98999786376953,79.9000015258789,80.01000213623047,392500
2020-09-28,82.8923110961914,84.81999969482422,85.73999786376953,83.25,83.47000122070312,275900
2020-09-29,82.50140380859375,84.41999816894531,85.31999969482422,83.18000030517578,84.5199966430664,246900
2020-09-30,84.35821533203125,86.31999969482422,87.52999877929688,84.69000244140625,84.77999877929688,376600
2020-10-01,84.99346160888672,86.97000122070312,88.43000030517578,86.0,86.30999755859375,266100
2020-10-02,85.76547241210938,87.76000213623047,89.29000091552734,84.58999633789062,84.86000061035156,751900
2020-10-05,87.2607192993164,89.29000091552734,91.61000061035156,88.0,89.44000244140625,797000
2020-10-06,87.23139190673828,89.26000213623047,92.97000122070312,88.95999908447266,90.77999877929688,550400
2020-10-07,89.24459075927734,91.31999969482422,92.91000366210938,90.08999633789062,90.9000015258789,321500
2020-10-08,91.69754791259766,93.83000183105469,94.98999786376953,92.83999633789062,93.05999755859375,236100
2020-10-09,91.23822784423828,93.36000061035156,94.66000366210938,91.7300033569336,94.36000061035156,295600
2020-10-12,91.3359375,93.45999908447266,94.80000305175781,93.0199966430664,94.41000366210938,258600
2020-10-13,88.01322174072266,90.05999755859375,92.88999938964844,89.48999786376953,92.44000244140625,269500
2020-10-14,89.67459106445312,91.76000213623047,91.91999816894531,89.08999633789062,90.36000061035156,299800
2020-10-15,90.02642059326172,92.12000274658203,92.44999694824219,89.91000366210938,90.2699966430664,150100
2020-10-16,90.80821228027344,92.91999816894531,93.94999694824219,92.36000061035156,92.77999877929688,145800
2020-10-19,89.20549774169922,91.27999877929688,93.9000015258789,90.29000091552734,93.63999938964844,208500
2020-10-20,87.90571594238281,89.94999694824219,92.51000213623047,89.7300033569336,92.51000213623047,530200
2020-10-21,87.39754486083984,89.43000030517578,91.12000274658203,89.16000366210938,89.7699966430664,260500
2020-10-22,87.95458984375,90.0,90.87000274658203,89.0,89.0,565600
2020-10-23,89.17618560791016,91.25,91.44000244140625,89.88999938964844,91.08000183105469,503600
2020-10-26,87.19232177734375,89.22000122070312,90.45999908447266,88.01000213623047,89.55999755859375,380200
2020-10-27,85.3061752319336,87.29000091552734,89.37999725341797,87.19000244140625,89.37999725341797,244600
2020-10-28,81.08435821533203,82.97000122070312,86.0,82.87999725341797,85.80999755859375,366100
2020-10-29,83.86958312988281,85.81999969482422,88.7300033569336,83.0999984741211,83.69999694824219,443400
2020-10-30,83.31253814697266,85.25,89.08000183105469,84.5999984741211,86.38999938964844,484900
2020-11-02,86.69390869140625,88.70999908447266,90.43000030517578,86.91999816894531,86.91999816894531,228700
2020-11-03,90.11434173583984,92.20999908447266,92.8499984741211,89.7300033569336,90.7699966430664,364500
2020-11-04,86.32254028320312,88.33000183105469,89.73999786376953,84.69000244140625,89.5,579100
2020-11-05,88.08161926269531,90.12999725341797,92.66999816894531,89.63999938964844,90.04000091552734,328800
2020-11-06,87.1434555053711,89.16999816894531,91.25,88.25,90.33999633789062,318900
2020-11-09,85.70684814453125,87.69999694824219,97.79000091552734,87.33000183105469,97.19000244140625,439400
2020-11-10,87.72005462646484,89.76000213623047,91.51000213623047,88.37999725341797,88.66000366210938,356400
2020-11-11,86.4788818359375,88.48999786376953,90.0,87.52999877929688,90.0,431400
2020-11-12,85.1009521484375,87.08000183105469,88.33999633789062,86.04000091552734,87.87999725341797,347400
2020-11-13,85.90231323242188,87.9000015258789,90.20999908447266,87.3499984741211,87.44999694824219,315400
2020-11-16,87.7786865234375,89.81999969482422,90.68000030517578,88.55999755859375,90.30000305175781,656800
2020-11-17,87.0750503540039,89.0999984741211,89.95999908447266,87.95999908447266,88.69000244140625,468400
2020-11-18,89.02957916259766,91.0999984741211,91.9000015258789,89.0,90.12999725341797,579800
2020-11-19,90.59322357177734,92.69999694824219,93.19000244140625,91.20999908447266,92.31999969482422,524100
2020-11-20,90.54438018798828,92.6500015258789,94.20999908447266,91.97000122070312,94.02999877929688,375000
2020-11-23,91.99072265625,94.12999725341797,95.0,93.16999816894531,93.30000305175781,469100
2020-11-24,94.09185791015625,96.27999877929688,97.75,95.0999984741211,95.22000122070312,582400
2020-11-25,92.14708709716797,94.29000091552734,95.79000091552734,93.5999984741211,95.69000244140625,183500
2020-11-27,90.84730529785156,92.95999908447266,94.62000274658203,92.0199966430664,94.1500015258789,83700
2020-11-30,88.92206573486328,90.98999786376953,93.11000061035156,90.8499984741211,92.37999725341797,226100
2020-12-01,92.92888641357422,95.08999633789062,95.51000213623047,92.0,92.54000091552734,506400
2020-12-02,91.89299011230469,94.02999877929688,94.93000030517578,93.33999633789062,94.25,349500
2020-12-03,94.07231903076172,96.26000213623047,96.94999694824219,93.19999694824219,94.0999984741211,259500
2020-12-04,94.16026306152344,96.3499984741211,97.73999786376953,95.79000091552734,97.0,213700
2020-12-07,94.8443603515625,97.05000305175781,97.25,94.80000305175781,95.7300033569336,258400
2020-12-08,95.3720703125,97.58999633789062,98.05999755859375,95.79000091552734,95.97000122070312,291300
2020-12-09,94.87366485595703,97.08000183105469,98.02999877929688,95.94000244140625,97.41999816894531,341400
2020-12-10,95.0007095336914,97.20999908447266,97.68000030517578,95.31999969482422,96.44999694824219,275500
2020-12-11,96.3102798461914,98.55000305175781,99.05000305175781,96.4000015258789,96.62999725341797,296900
2020-12-14,94.95186614990234,97.16000366210938,99.9800033569336,97.12999725341797,99.9800033569336,420300
2020-12-15,96.24186706542969,98.4800033569336,99.23999786376953,97.44000244140625,97.5,431900
2020-12-16,95.81185913085938,98.04000091552734,99.23999786376953,97.13999938964844,99.23999786376953,307200
2020-12-17,97.76640319824219,100.04000091552734,100.16000366210938,98.5,98.69999694824219,278700
2020-12-18,97.7370834350586,100.01000213623047,101.0,99.0,100.69999694824219,562800
2020-12-21,96.97481536865234,99.2300033569336,100.08000183105469,97.08999633789062,97.95999908447266,238000
2020-12-22,96.5936508178711,98.83999633789062,100.1500015258789,98.12999725341797,99.31999969482422,202400
2020-12-23,97.2191390991211,99.4800033569336,100.0,97.91000366210938,98.81999969482422,282700
2020-12-24,97.71753692626953,99.98999786376953,100.04000091552734,98.23999786376953,99.0,99500
2020-12-28,97.99118041992188,100.2699966430664,101.55999755859375,99.8499984741211,100.43000030517578,178800
2020-12-29,97.41458892822266,99.68000030517578,101.56999969482422,99.0999984741211,100.5999984741211,260800
2020-12-30,99.63298034667969,101.94999694824219,102.30000305175781,100.2699966430664,100.2699966430664,221300
2020-12-31,99.046630859375,101.3499984741211,102.6500015258789,100.30999755859375,101.48999786376953,368300
2021-01-04,97.40483093261719,99.66999816894531,104.88999938964844,99.2699966430664,101.8499984741211,443800
2021-01-05,100.68844604492188,103.02999877929688,103.51000213623047,98.9800033569336,98.9800033569336,479000
2021-01-06,108.32095336914062,110.83999633789062,112.52999877929688,106.80000305175781,107.38999938964844,996700
2021-01-07,109.87481689453125,112.43000030517578,113.04000091552734,110.83000183105469,112.0,330600
2021-01-08,110.43186950683594,113.0,113.33000183105469,111.0,113.33000183105469,308500
2021-01-11,110.7641372680664,113.33999633789062,113.68000030517578,110.58999633789062,110.58999633789062,276500
2021-01-12,112.88481903076172,115.51000213623047,116.37999725341797,113.01000213623047,113.98999786376953,243500
2021-01-13,108.9659652709961,111.5,115.52999877929688,111.19999694824219,115.0,380100
2021-01-14,109.22981262207031,111.7699966430664,112.87000274658203,110.01000213623047,112.87000274658203,386900
2021-01-15,110.07028198242188,112.62999725341797,113.41999816894531,109.19999694824219,110.52999877929688,338000
2021-01-19,110.5882339477539,113.16000366210938,113.94999694824219,111.83000183105469,113.2699966430664,229500
2021-01-20,112.464599609375,115.08000183105469,115.91000366210938,113.41999816894531,114.48999786376953,212800
2021-01-21,111.38961029052734,113.9800033569336,116.61000061035156,113.88999938964844,115.98999786376953,254400
2021-01-22,111.6339111328125,114.2300033569336,114.9800033569336,112.12999725341797,112.98999786376953,267700
2021-01-25,111.06710052490234,113.6500015258789,115.3499984741211,113.0999984741211,113.62999725341797,289900
2021-01-26,108.20368194580078,110.72000122070312,114.63999938964844,110.62000274658203,114.63999938964844,288000
2021-01-27,105.9070816040039,108.37000274658203,110.1500015258789,105.4000015258789,108.63999938964844,357100
2021-01-28,109.74777221679688,112.30000305175781,114.55999755859375,108.31999969482422,109.9800033569336,541700
2021-01-29,107.52935791015625,110.02999877929688,114.05999755859375,108.6500015258789,112.4800033569336,574500
2021-02-01,113.58846282958984,116.2300033569336,117.0199966430664,111.08000183105469,111.58999633789062,517600
2021-02-02,113.14868927001953,115.77999877929688,118.41999816894531,115.47000122070312,118.1500015258789,315500
2021-02-03,113.50050354003906,116.13999938964844,117.43000030517578,115.0,116.01000213623047,190700
2021-02-04,114.56572723388672,117.2300033569336,118.06999969482422,115.66000366210938,115.79000091552734,371900
2021-02-05,114.6732177734375,117.33999633789062,118.83999633789062,116.75,118.66000366210938,183800
2021-02-08,116.12935638427734,118.83000183105469,119.38999938964844,117.20999908447266,118.01000213623047,332600
2021-02-09,114.90776824951172,117.58000183105469,119.94000244140625,117.37999725341797,118.33999633789062,218800
2021-02-10,115.14231872558594,117.81999969482422,119.05000305175781,117.27999877929688,117.97000122070312,240100
2021-02-11,116.10980987548828,118.80999755859375,119.33000183105469,116.91999816894531,118.51000213623047,332000
2021-02-12,120.0775375366211,122.87000274658203,123.16999816894531,117.26000213623047,117.56999969482422,245900
2021-02-16,118.47481536865234,121.2300033569336,124.33000183105469,119.8499984741211,122.94000244140625,342200
2021-02-17,119.43255615234375,122.20999908447266,122.72000122070312,119.0999984741211,119.5999984741211,266200
2021-02-18,118.56275939941406,121.31999969482422,121.75,119.7300033569336,121.13999938964844,418900
2021-02-19,122.60868835449219,125.45999908447266,125.9800033569336,121.66000366210938,122.30999755859375,489400
2021-02-22,121.92460632324219,124.76000213623047,129.11000061035156,122.91999816894531,124.91000366210938,379900
2021-02-23,122.3350601196289,125.18000030517578,125.37000274658203,121.37999725341797,124.56999969482422,298400
2021-02-24,126.0682144165039,129.0,129.14999389648438,124.83000183105469,124.83000183105469,447300
2021-02-25,120.7518539428711,123.55999755859375,129.9199981689453,123.05000305175781,129.6199951171875,533700
2021-02-26,122.53050994873047,125.37999725341797,126.23999786376953,121.05999755859375,123.80999755859375,497400
2021-03-01,125.71642303466797,128.63999938964844,130.27000427246094,127.26000213623047,127.6500015258789,514000
2021-03-02,124.0941390991211,126.9800033569336,129.58999633789062,126.31999969482422,129.58999633789062,363300
2021-03-03,121.96367645263672,124.80000305175781,128.4600067138672,124.79000091552734,127.36000061035156,513300
2021-03-04,120.5173110961914,123.31999969482422,126.45999908447266,120.45999908447266,124.30000305175781,410400
2021-03-05,123.24391174316406,126.11000061035156,126.58000183105469,120.47000122070312,125.33999633789062,260800
2021-03-08,124.61209106445312,127.51000213623047,129.89999389648438,126.25,126.25,320200
2021-03-09,123.90845489501953,126.79000091552734,129.94000244140625,125.12000274658203,128.44000244140625,214600
2021-03-10,127.75891876220703,130.72999572753906,131.13999938964844,126.62000274658203,126.68000030517578,347400
2021-03-11,130.4855194091797,133.52000427246094,134.85000610351562,131.75999450683594,132.17999267578125,582000
2021-03-12,130.50503540039062,133.5399932861328,134.58999633789062,130.99000549316406,132.94000244140625,225000
2021-03-15,132.0979766845703,135.1699981689453,135.32000732421875,131.8800048828125,133.8800048828125,413700
2021-03-16,128.88279724121094,131.8800048828125,135.25,131.83999633789062,134.57000732421875,199100
2021-03-17,130.2705535888672,133.3000030517578,133.57000732421875,129.82000732421875,131.5399932861328,251600
2021-03-18,128.3648223876953,131.35000610351562,136.16000366210938,130.83999633789062,133.1199951171875,336200
2021-03-19,127.31912231445312,130.27999877929688,131.9600067138672,128.19000244140625,131.02000427246094,565600
2021-03-22,124.83688354492188,127.73999786376953,130.42999267578125,126.19999694824219,130.3000030517578,357400
2021-03-23,120.49778747558594,123.30000305175781,127.06999969482422,122.4000015258789,126.26000213623047,405600
2021-03-24,121.62165069580078,124.44999694824219,128.44000244140625,124.43000030517578,125.33999633789062,466300
2021-03-25,125.96070861816406,128.88999938964844,129.42999267578125,122.16000366210938,123.80000305175781,493300
2021-03-26,128.78509521484375,131.77999877929688,133.4199981689453,129.13999938964844,130.63999938964844,369500
2021-03-29,127.57322692871094,130.5399932861328,135.00999450683594,129.7899932861328,132.61000061035156,289200
2021-03-30,131.06211853027344,134.11000061035156,135.07000732421875,130.0,130.19000244140625,389500
2021-03-31,131.35528564453125,134.41000366210938,139.58999633789062,130.9199981689453,136.0500030517578,609400
2021-04-01,132.20550537109375,135.27999877929688,136.83999633789062,133.0500030517578,134.2100067138672,402700
2021-04-05,134.79527282714844,137.92999267578125,138.67999267578125,136.05999755859375,136.8300018310547,370800
2021-04-06,134.59007263183594,137.72000122070312,139.88999938964844,136.82000732421875,137.77999877929688,321100
2021-04-07,133.94505310058594,137.05999755859375,138.3300018310547,135.9600067138672,137.60000610351562,252200
2021-04-08,134.47280883789062,137.60000610351562,137.9600067138672,135.3800048828125,137.07000732421875,214700
2021-04-09,135.62594604492188,138.77999877929688,139.16000366210938,136.9199981689453,137.8000030517578,239900
2021-04-12,138.8998260498047,142.1300048828125,142.86000061035156,138.07000732421875,139.41000366210938,393800
2021-04-13,136.97462463378906,140.16000366210938,141.88999938964844,139.22000122070312,141.3300018310547,535200
2021-04-14,137.7661895751953,140.97000122070312,142.3699951171875,139.94000244140625,139.94000244140625,331300
2021-04-15,139.2614288330078,142.5,143.36000061035156,140.3699951171875,141.5399932861328,278700
2021-04-16,140.4341278076172,143.6999969482422,144.77999877929688,142.83999633789062,144.0,202600
2021-04-19,139.9552764892578,143.2100067138672,144.77000427246094,142.8300018310547,143.69000244140625,269900
2021-04-20,136.78892517089844,139.97000122070312,143.60000610351562,137.91000366210938,143.17999267578125,352400
2021-04-21,138.97802734375,142.2100067138672,143.3800048828125,138.9499969482422,140.1199951171875,330000
2021-04-22,135.65528869628906,138.80999755859375,142.00999450683594,138.25999450683594,142.00999450683594,297800
2021-04-23,137.27755737304688,140.47000122070312,141.83999633789062,139.0399932861328,139.85000610351562,274800
2021-04-26,140.48301696777344,143.75,144.35000610351562,141.0399932861328,141.67999267578125,265500
2021-04-27,139.73049926757812,142.97999572753906,145.0,142.4499969482422,143.36000061035156,312200
2021-04-28,139.4080047607422,142.64999389648438,143.8000030517578,141.4499969482422,143.52000427246094,171600
2021-04-29,139.4861602783203,142.72999572753906,144.72000122070312,141.07000732421875,144.25,197900
2021-04-30,135.00051879882812,138.13999938964844,141.6999969482422,137.8699951171875,141.6999969482422,394800
2021-05-03,137.05279541015625,140.24000549316406,141.4499969482422,138.8000030517578,139.52000427246094,417600
2021-05-04,138.86073303222656,142.08999633789062,142.55999755859375,139.41000366210938,139.99000549316406,393600
2021-05-05,140.81527709960938,144.08999633789062,144.99000549316406,142.0,143.85000610351562,348800
2021-05-06,141.12799072265625,144.41000366210938,144.41000366210938,141.47999572753906,143.50999450683594,353300
2021-05-07,143.66891479492188,147.00999450683594,147.19000244140625,143.1199951171875,144.27000427246094,240200
2021-05-10,145.85801696777344,149.25,152.2100067138672,149.0500030517578,151.08999633789062,588500
2021-05-11,147.4510040283203,150.8800048828125,151.24000549316406,145.3000030517578,146.64999389648438,518000
2021-05-12,141.9782257080078,145.27999877929688,150.97000122070312,145.19000244140625,150.14999389648438,414800
2021-05-13,146.7473602294922,150.16000366210938,150.85000610351562,145.55999755859375,145.82000732421875,603900
2021-05-14,148.1839141845703,151.6300048828125,153.3000030517578,150.2899932861328,151.19000244140625,351600
2021-05-17,148.2327880859375,151.67999267578125,152.1999969482422,148.5399932861328,151.0500030517578,384800
2021-05-18,144.21617126464844,147.57000732421875,152.72000122070312,147.07000732421875,152.19000244140625,521100
2021-05-19,136.08526611328125,139.25,142.8800048828125,135.3800048828125,140.63999938964844,1204800
2021-05-20,138.46005249023438,141.67999267578125,142.66000366210938,135.3699951171875,142.63999938964844,909800
2021-05-21,141.1378173828125,144.4199981689453,145.5399932861328,142.1699981689453,142.74000549316406,657300
2021-05-24,141.68505859375,144.97999572753906,146.6300048828125,142.89999389648438,145.88999938964844,527600
2021-05-25,140.10189819335938,143.36000061035156,147.0399932861328,143.00999450683594,145.2899932861328,425500
2021-05-26,142.1052703857422,145.41000366210938,146.14999389648438,143.5,144.67999267578125,361500
2021-05-27,144.76348876953125,148.1300048828125,148.6199951171875,146.36000061035156,147.55999755859375,360800
2021-05-28,143.42462158203125,146.75999450683594,148.00999450683594,145.6699981689453,148.00999450683594,278100
2021-06-01,144.15756225585938,147.50999450683594,148.8000030517578,146.92999267578125,148.44000244140625,419400
2021-06-02,141.0302734375,144.30999755859375,148.00999450683594,144.05999755859375,148.00999450683594,504000
2021-06-03,143.02391052246094,146.35000610351562,146.91000366210938,143.32000732421875,143.6300048828125,308100
2021-06-04,143.77645874023438,147.1199951171875,147.35000610351562,145.3800048828125,146.4199981689453,370600
2021-06-07,146.57144165039062,149.97999572753906,151.25999450683594,147.74000549316406,147.89999389648438,522500
2021-06-08,149.1221160888672,152.58999633789062,153.0399932861328,149.25999450683594,149.67999267578125,493200
2021-06-09,148.98532104492188,152.4499969482422,153.6199951171875,151.77000427246094,152.0399932861328,377000
2021-06-10,145.61370849609375,149.0,153.7100067138672,148.89999389648438,152.99000549316406,478400
2021-06-11,147.77346801757812,151.2100067138672,151.22000122070312,149.13999938964844,149.57000732421875,309100
2021-06-14,146.9916534423828,150.41000366210938,153.11000061035156,149.9600067138672,151.60000610351562,723600
2021-06-15,143.65914916992188,147.0,151.89999389648438,146.47000122070312,150.8300018310547,611400
2021-06-16,141.53846740722656,144.8300018310547,146.8699951171875,143.75999450683594,146.75,467000
2021-06-17,134.9892120361328,137.88999938964844,144.52000427246094,136.49000549316406,143.9600067138672,667500
2021-06-18,133.18788146972656,136.0500030517578,136.7899932861328,134.7100067138672,135.00999450683594,576100
2021-06-21,137.6324005126953,140.58999633789062,140.75,137.24000549316406,137.94000244140625,400300
2021-06-22,138.40579223632812,141.3800048828125,142.07000732421875,139.27999877929688,140.47000122070312,278900
2021-06-23,138.4449462890625,141.4199981689453,142.8300018310547,140.14999389648438,142.3000030517578,267900
2021-06-24,140.39309692382812,143.41000366210938,145.0,142.3300018310547,144.1199951171875,730800
2021-06-25,140.1287841796875,143.13999938964844,145.4499969482422,142.8000030517578,145.0,1261200
2021-06-28,139.27706909179688,142.27000427246094,143.22999572753906,140.4600067138672,142.47000122070312,293700
2021-06-29,137.78904724121094,140.75,143.99000549316406,139.67999267578125,143.3000030517578,524100
2021-06-30,139.12039184570312,142.11000061035156,142.8000030517578,139.58999633789062,139.9499969482422,496100
2021-07-01,140.1091766357422,143.1199951171875,143.82000732421875,141.67999267578125,142.99000549316406,463600
2021-07-02,139.3162384033203,142.30999755859375,143.5,141.38999938964844,143.5,238800
2021-07-06,136.51637268066406,139.4499969482422,142.91000366210938,137.25,142.91000366210938,401900
2021-07-07,137.29954528808594,140.25,142.1699981689453,138.99000549316406,138.99000549316406,383000
2021-07-08,133.72633361816406,136.60000610351562,138.8000030517578,135.9600067138672,138.00999450683594,327900
2021-07-09,136.59469604492188,139.52999877929688,140.50999450683594,138.0500030517578,138.72000122070312,401300
2021-07-12,137.74009704589844,140.6999969482422,141.13999938964844,136.8699951171875,138.1699981689453,330200
2021-07-13,135.37098693847656,138.27999877929688,140.49000549316406,137.69000244140625,140.1199951171875,214900
2021-07-14,135.5961456298828,138.50999450683594,141.50999450683594,137.83999633789062,138.3300018310547,224200
2021-07-15,135.27310180664062,138.17999267578125,139.75,137.25,137.25,284300
2021-07-16,132.46347045898438,135.30999755859375,139.1999969482422,135.2100067138672,138.75,265300
2021-07-19,128.32247924804688,131.0800018310547,133.08999633789062,129.75,131.67999267578125,426300
2021-07-20,131.59217834472656,134.4199981689453,135.2899932861328,131.07000732421875,131.66000366210938,329300
2021-07-21,134.24520874023438,137.1300048828125,139.38999938964844,135.50999450683594,135.85000610351562,269300
2021-07-22,131.85653686523438,134.69000244140625,137.47000122070312,134.5,137.47000122070312,371700
2021-07-23,133.5599365234375,136.42999267578125,136.88999938964844,135.10000610351562,136.13999938964844,355700
2021-07-26,131.91526794433594,134.75,137.25999450683594,134.5399932861328,136.66000366210938,277000
2021-07-27,130.74050903320312,133.5500030517578,135.0500030517578,132.25999450683594,133.35000610351562,421900
2021-07-28,136.95692443847656,139.89999389648438,141.32000732421875,131.6300048828125,135.72000122070312,751100
2021-07-29,139.92315673828125,142.92999267578125,145.02999877929688,140.30999755859375,141.5399932861328,412300
2021-07-30,138.34706115722656,141.32000732421875,144.39999389648438,141.10000610351562,142.61000061035156,304000
2021-08-02,137.89674377441406,140.86000061035156,144.14999389648438,140.61000061035156,141.38999938964844,354200
2021-08-03,140.07981872558594,143.08999633789062,143.3699951171875,138.83999633789062,141.41000366210938,320500
2021-08-04,139.59031677246094,142.58999633789062,144.33999633789062,141.42999267578125,141.6999969482422,340300
2021-08-05,140.86300659179688,143.88999938964844,144.94000244140625,142.72000122070312,142.72000122070312,296700
2021-08-06,142.38037109375,145.44000244140625,146.35000610351562,144.07000732421875,144.5500030517578,311500
2021-08-09,142.29226684570312,145.35000610351562,146.9600067138672,144.10000610351562,145.82000732421875,228400
2021-08-10,146.72694396972656,149.8800048828125,150.35000610351562,145.50999450683594,145.5500030517578,385600
2021-08-11,151.8077850341797,155.07000732421875,155.1999969482422,150.08999633789062,150.57000732421875,495000
2021-08-12,151.7588348388672,155.02000427246094,155.8000030517578,153.25,155.47999572753906,342000
2021-08-13,150.29042053222656,153.52000427246094,155.07000732421875,153.0,155.00999450683594,207100
2021-08-16,149.6932373046875,152.91000366210938,154.72000122070312,151.17999267578125,152.36000061035156,243000
2021-08-17,148.03875732421875,151.22000122070312,152.82000732421875,148.4600067138672,152.1999969482422,348700
2021-08-18,147.9311065673828,151.11000061035156,153.6300048828125,150.3300018310547,151.1199951171875,262700
2021-08-19,145.9927520751953,149.1300048828125,150.9600067138672,147.14999389648438,148.9199981689453,474200
2021-08-20,147.4122314453125,150.5800018310547,150.67999267578125,147.50999450683594,148.9600067138672,327300
2021-08-23,148.44993591308594,151.63999938964844,152.10000610351562,149.77000427246094,151.5399932861328,322700
2021-08-24,150.6036834716797,153.83999633789062,155.07000732421875,152.3300018310547,152.47999572753906,332300
2021-08-25,153.64822387695312,156.9499969482422,158.6999969482422,153.75,153.83999633789062,333700
2021-08-26,152.8161163330078,156.10000610351562,157.25999450683594,154.97000122070312,156.9499969482422,289200
2021-08-27,153.8538360595703,157.16000366210938,158.88999938964844,156.17999267578125,156.58999633789062,334900
2021-08-30,153.75595092773438,157.05999755859375,160.17999267578125,157.0399932861328,160.0,332400
2021-08-31,153.54055786132812,156.83999633789062,158.49000549316406,156.47999572753906,157.10000610351562,311000
2021-09-01,152.7574005126953,156.0399932861328,157.5399932861328,155.05999755859375,157.3800048828125,225000
2021-09-02,154.030029296875,157.33999633789062,158.36000061035156,156.2100067138672,156.41000366210938,358500
2021-09-03,151.11270141601562,154.36000061035156,156.80999755859375,152.4600067138672,156.3699951171875,384500
2021-09-07,146.17874145507812,149.32000732421875,153.77999877929688,148.2899932861328,153.36000061035156,402200
2021-09-08,142.9285888671875,146.0,148.61000061035156,145.72000122070312,148.52999877929688,361200
2021-09-09,142.97752380371094,146.0500030517578,148.0399932861328,144.38999938964844,145.25,280600
2021-09-10,142.46847534179688,145.52999877929688,148.3800048828125,145.4600067138672,147.10000610351562,262200
2021-09-13,144.36766052246094,147.47000122070312,148.69000244140625,145.6300048828125,147.3699951171875,287000
2021-09-14,140.56927490234375,143.58999633789062,149.2100067138672,143.1699981689453,147.35000610351562,292900
2021-09-15,140.8336181640625,143.86000061035156,145.0,143.07000732421875,143.85000610351562,284100
2021-09-16,132.76272583007812,135.3800048828125,143.19000244140625,134.8300018310547,142.83999633789062,685400
2021-09-17,132.07626342773438,134.67999267578125,135.91000366210938,133.3000030517578,134.3300018310547,798300
2021-09-20,129.70306396484375,132.25999450683594,133.1999969482422,130.19000244140625,131.1999969482422,463900
2021-09-21,128.87928771972656,131.4199981689453,132.57000732421875,129.88999938964844,132.57000732421875,457000
2021-09-22,130.77197265625,133.35000610351562,134.91000366210938,132.0399932861328,132.85000610351562,441600
2021-09-23,132.39004516601562,135.0,137.8800048828125,133.75999450683594,133.75999450683594,1183300
2021-09-24,132.929443359375,135.5500030517578,136.67999267578125,134.32000732421875,134.97000122070312,390700
2021-09-27,137.14633178710938,139.85000610351562,140.85000610351562,135.74000549316406,135.74000549316406,388200
2021-09-28,134.25332641601562,136.89999389648438,141.36000061035156,136.6999969482422,139.52000427246094,294500
2021-09-29,133.50804138183594,136.13999938964844,137.9600067138672,135.72000122070312,137.1199951171875,369700
2021-09-30,128.6243133544922,131.16000366210938,136.5,131.10000610351562,136.13999938964844,482300
2021-10-01,132.20376586914062,134.80999755859375,135.77000427246094,129.6199951171875,131.55999755859375,356700
2021-10-04,132.84120178222656,135.4600067138672,136.66000366210938,134.1699981689453,134.2100067138672,360200
2021-10-05,131.1348114013672,133.72000122070312,135.88999938964844,133.55999755859375,135.47000122070312,349400
2021-10-06,131.80166625976562,134.39999389648438,134.72999572753906,132.42999267578125,132.60000610351562,394000
2021-10-07,134.2631378173828,136.91000366210938,137.88999938964844,135.67999267578125,135.67999267578125,274200
2021-10-08,134.53775024414062,137.19000244140625,138.8300018310547,135.66000366210938,136.9199981689453,238000
2021-10-11,132.10569763183594,134.7100067138672,138.1699981689453,134.58999633789062,137.22000122070312,154400
2021-10-12,134.44949340820312,137.10000610351562,137.61000061035156,135.0,135.80999755859375,179000
2021-10-13,135.86160278320312,138.5399932861328,138.72999572753906,135.7899932861328,138.24000549316406,220600
2021-10-14,138.6957550048828,141.42999267578125,142.1699981689453,139.25,139.25,240700
2021-10-15,138.40155029296875,141.1300048828125,142.80999755859375,140.64999389648438,142.77000427246094,234400
2021-10-18,141.7554473876953,144.5500030517578,144.72999572753906,140.5399932861328,141.0,285100
2021-10-19,137.27378845214844,139.97999572753906,143.42999267578125,139.16000366210938,142.32000732421875,360500
2021-10-20,139.941162109375,142.6999969482422,143.0,139.1699981689453,140.17999267578125,377100
2021-10-21,139.62738037109375,142.3800048828125,142.77000427246094,141.05999755859375,142.5,191700
2021-10-22,138.6271209716797,141.36000061035156,144.0500030517578,141.35000610351562,142.39999389648438,236600
2021-10-25,142.6380615234375,145.4499969482422,146.4199981689453,141.57000732421875,141.9600067138672,305400
2021-10-26,139.5587615966797,142.30999755859375,146.2100067138672,142.2100067138672,146.2100067138672,282800
2021-10-27,135.30264282226562,137.97000122070312,143.0500030517578,137.75999450683594,142.52000427246094,360300
2021-10-28,146.0017547607422,148.8800048828125,151.0,140.75,141.61000061035156,594100
2021-10-29,145.49179077148438,148.36000061035156,151.7100067138672,148.27999877929688,148.8300018310547,383600
2021-11-01,147.8846435546875,150.8000030517578,151.92999267578125,146.8300018310547,149.72999572753906,296000
2021-11-02,152.7388916015625,155.75,156.75,151.08999633789062,152.27000427246094,359000
2021-11-03,149.5321502685547,152.47999572753906,157.10000610351562,152.35000610351562,156.1199951171875,309400
2021-11-04,149.48309326171875,152.42999267578125,156.22000122070312,152.32000732421875,152.5399932861328,260300
2021-11-05,152.58200073242188,155.58999633789062,157.02000427246094,153.4499969482422,153.4600067138672,229800
2021-11-08,157.30880737304688,160.41000366210938,164.32000732421875,157.89999389648438,160.02000427246094,452900
2021-11-09,159.0347900390625,162.1699981689453,162.47999572753906,158.50999450683594,161.0500030517578,285200
2021-11-10,155.05328369140625,158.11000061035156,162.75999450683594,157.52999877929688,161.4199981689453,261400
2021-11-11,156.5243377685547,159.61000061035156,160.9499969482422,158.6699981689453,158.6699981689453,175300
2021-11-12,160.574462890625,163.74000549316406,164.14999389648438,159.82000732421875,160.39999389648438,344600
2021-11-15,158.82887268066406,161.9600067138672,165.69000244140625,161.16000366210938,164.60000610351562,450200
2021-11-16,159.1034698486328,162.24000549316406,163.50999450683594,160.16000366210938,161.1999969482422,244300
2021-11-17,157.23036193847656,160.3300018310547,162.33999633789062,160.0800018310547,162.3000030517578,196100
2021-11-18,157.544189453125,160.64999389648438,161.4199981689453,158.35000610351562,160.25,274800
2021-11-19,158.0835418701172,161.1999969482422,163.1699981689453,160.35000610351562,160.67999267578125,278200
2021-11-22,158.33851623535156,161.4600067138672,164.6199951171875,161.3699951171875,161.82000732421875,253900
2021-11-23,161.20208740234375,164.3800048828125,164.7100067138672,160.47000122070312,162.5399932861328,218300
2021-11-24,161.15306091308594,164.3300018310547,166.4199981689453,163.02999877929688,163.85000610351562,225200
2021-11-26,156.17123413085938,159.25,160.6199951171875,157.77999877929688,158.52999877929688,157000
2021-11-29,157.9560546875,161.07000732421875,162.22000122070312,159.07000732421875,160.9600067138672,221900
2021-11-30,151.23849487304688,154.22000122070312,160.19000244140625,153.74000549316406,159.5800018310547,327000
2021-12-01,149.61056518554688,152.55999755859375,160.24000549316406,152.55999755859375,157.27999877929688,283200
2021-12-02,155.41615295410156,158.47999572753906,159.3699951171875,152.8000030517578,153.39999389648438,297500
2021-12-03,152.4839324951172,155.49000549316406,157.97000122070312,153.22000122070312,155.30999755859375,340000
2021-12-06,154.56292724609375,157.61000061035156,159.9499969482422,156.27999877929688,157.8800048828125,293000
2021-12-07,159.29957580566406,162.44000244140625,164.2100067138672,159.8699951171875,159.99000549316406,322100
2021-12-08,161.21188354492188,164.38999938964844,164.72999572753906,161.13999938964844,162.8699951171875,169000
2021-12-09,159.85855102539062,163.00999450683594,164.99000549316406,162.69000244140625,163.16000366210938,213900
2021-12-10,161.51588439941406,164.6999969482422,165.41000366210938,160.7100067138672,165.02000427246094,263500
2021-12-13,157.09307861328125,160.19000244140625,163.9600067138672,159.36000061035156,163.9600067138672,305500
2021-12-14,157.9462432861328,161.05999755859375,162.47999572753906,158.77000427246094,160.00999450683594,313400
2021-12-15,158.81906127929688,161.9499969482422,162.2899932861328,158.8000030517578,160.3300018310547,362300
2021-12-16,158.60296630859375,161.47999572753906,163.72999572753906,160.66000366210938,163.66000366210938,296800
2021-12-17,156.91360473632812,159.75999450683594,161.5399932861328,158.38999938964844,161.11000061035156,675800
2021-12-20,151.54107666015625,154.2899932861328,157.25,151.50999450683594,156.94000244140625,303000
2021-12-21,158.17079162597656,161.0399932861328,161.11000061035156,154.44000244140625,156.16000366210938,449200
2021-12-22,159.03512573242188,161.9199981689453,162.44000244140625,158.89999389648438,161.8300018310547,238000
2021-12-23,160.66554260253906,163.5800018310547,164.17999267578125,162.82000732421875,162.89999389648438,119000
2021-12-27,163.26834106445312,166.22999572753906,166.35000610351562,163.14999389648438,163.85000610351562,205100
2021-12-28,163.28797912597656,166.25,167.30999755859375,165.19000244140625,166.8000030517578,198600
2021-12-29,164.98716735839844,167.97999572753906,169.07000732421875,166.7899932861328,166.7899932861328,136600
2021-12-30,163.003173828125,165.9600067138672,169.14999389648438,165.52999877929688,169.00999450683594,157700
2021-12-31,163.4942626953125,166.4600067138672,167.7899932861328,165.1199951171875,165.9199981689453,173000
2022-01-03,162.09951782226562,165.0399932861328,168.55999755859375,162.77999877929688,166.99000549316406,284100
2022-01-04,163.9853515625,166.9600067138672,168.25999450683594,164.8300018310547,166.38999938964844,280000
2022-01-05,160.7146453857422,163.6300048828125,168.64999389648438,162.7100067138672,167.75999450683594,358000
2022-01-06,159.64407348632812,162.5399932861328,165.77999877929688,161.5399932861328,164.6199951171875,362900
2022-01-07,158.12168884277344,160.99000549316406,163.66000366210938,159.1699981689453,161.74000549316406,268500
2022-01-10,155.95108032226562,158.77999877929688,161.97000122070312,156.11000061035156,161.97000122070312,375900
2022-01-11,159.04495239257812,161.92999267578125,161.99000549316406,156.3000030517578,159.13999938964844,282400
2022-01-12,159.77174377441406,162.6699981689453,164.74000549316406,160.86000061035156,163.74000549316406,206800
2022-01-13,159.90928649902344,162.80999755859375,164.97999572753906,162.08999633789062,162.5500030517578,244700
2022-01-14,156.0394744873047,158.8699951171875,162.0399932861328,156.1199951171875,160.5399932861328,273700
2022-01-18,152.04197692871094,154.8000030517578,156.60000610351562,153.5800018310547,155.32000732421875,347900
2022-01-19,148.4079132080078,151.10000610351562,157.00999450683594,150.85000610351562,155.9600067138672,389100
2022-01-20,145.7461700439453,148.38999938964844,153.33999633789062,148.32000732421875,151.75999450683594,306800
2022-01-21,142.1415557861328,144.72000122070312,148.22000122070312,143.94000244140625,145.88999938964844,483200
2022-01-24,143.33001708984375,145.92999267578125,146.41000366210938,138.7899932861328,141.00999450683594,511500
2022-01-25,139.1066436767578,141.6300048828125,143.07000732421875,138.8300018310547,142.52999877929688,358800
2022-01-26,140.27542114257812,142.82000732421875,147.7100067138672,140.67999267578125,143.55999755859375,388700
2022-01-27,138.77268981933594,141.2899932861328,150.27999877929688,140.0500030517578,150.0,449800
2022-01-28,141.25762939453125,143.82000732421875,143.8300018310547,139.85000610351562,142.0,373300
2022-01-31,143.25144958496094,145.85000610351562,145.85000610351562,142.11000061035156,143.0399932861328,441700
2022-02-01,144.7640380859375,147.38999938964844,148.60000610351562,144.52000427246094,147.72999572753906,298300
2022-02-02,145.38278198242188,148.02000427246094,149.25,146.24000549316406,148.0500030517578,300800
2022-02-03,140.9727783203125,143.52999877929688,148.44000244140625,143.22999572753906,145.9199981689453,215400
2022-02-04,140.34417724609375,142.88999938964844,144.17999267578125,141.32000732421875,142.02000427246094,246700
2022-02-07,138.99862670898438,141.52000427246094,144.0500030517578,140.39999389648438,142.9199981689453,286800
2022-02-08,140.93348693847656,143.49000549316406,144.10000610351562,141.33999633789062,142.11000061035156,368700
2022-02-09,141.8665771484375,144.44000244140625,146.83999633789062,143.63999938964844,145.47999572753906,476400
2022-02-10,140.51116943359375,143.05999755859375,147.49000549316406,141.66000366210938,142.24000549316406,352800
2022-02-11,139.31288146972656,141.83999633789062,145.00999450683594,141.6300048828125,143.82000732421875,250900
2022-02-14,137.15206909179688,139.63999938964844,143.36000061035156,138.6199951171875,141.89999389648438,247000
2022-02-15,141.04153442382812,143.60000610351562,144.6199951171875,141.50999450683594,141.50999450683594,250300
2022-02-16,141.87637329101562,144.4499969482422,145.1699981689453,142.6699981689453,143.32000732421875,257500
2022-02-17,137.751220703125,140.25,144.77000427246094,139.6199951171875,142.80999755859375,290900
2022-02-18,135.98329162597656,138.4499969482422,141.5399932861328,138.35000610351562,140.44000244140625,356900
2022-02-22,133.48854064941406,135.91000366210938,140.72000122070312,135.38999938964844,138.4600067138672,325900
2022-02-23,128.96066284179688,131.3000030517578,137.9600067138672,131.1199951171875,136.5800018310547,375500
2022-02-24,131.11166381835938,133.49000549316406,133.7100067138672,126.12999725341797,127.19999694824219,409800
2022-02-25,134.8636016845703,137.30999755859375,137.77000427246094,131.5800018310547,133.1699981689453,296100
2022-02-28,134.39215087890625,136.8300018310547,137.69000244140625,134.2899932861328,134.6199951171875,272600
2022-03-01,128.57762145996094,130.91000366210938,136.99000549316406,129.44000244140625,136.0399932861328,381700
2022-03-02,134.15643310546875,136.58999633789062,136.7899932861328,131.8300018310547,132.4600067138672,347600
2022-03-03,132.48672485351562,134.88999938964844,138.5,133.88999938964844,138.1199951171875,224000
2022-03-04,131.75010681152344,134.13999938964844,134.1699981689453,131.35000610351562,132.52000427246094,331700
2022-03-07,123.84349060058594,126.08999633789062,134.3000030517578,125.7699966430664,134.3000030517578,369100
2022-03-08,125.28730773925781,127.55999755859375,131.83999633789062,125.97000122070312,126.98999786376953,317000
2022-03-09,132.23135375976562,134.6300048828125,135.0500030517578,130.69000244140625,131.1199951171875,334100
2022-03-10,133.1152801513672,135.52999877929688,136.32000732421875,130.61000061035156,130.61000061035156,367500
2022-03-11,130.43394470214844,132.8000030517578,136.8300018310547,132.72999572753906,135.75,487700
2022-03-14,131.6813201904297,134.07000732421875,135.07000732421875,132.41000366210938,134.07000732421875,239600
2022-03-15,131.71078491210938,134.10000610351562,135.3000030517578,132.11000061035156,135.19000244140625,468300
2022-03-16,129.87408447265625,132.22999572753906,136.7100067138672,128.36000061035156,135.24000549316406,543500
2022-03-17,131.1632080078125,133.2899932861328,133.33999633789062,130.6199951171875,132.25,757200
2022-03-18,129.66746520996094,131.77000427246094,132.67999267578125,128.72999572753906,130.44000244140625,1044900
2022-03-21,129.8839569091797,131.99000549316406,135.32000732421875,130.5500030517578,132.1999969482422,850600
2022-03-22,126.43981170654297,128.49000549316406,133.9600067138672,128.1999969482422,133.0,800300
2022-03-23,123.49750518798828,125.5,128.7899932861328,125.47000122070312,128.32000732421875,454200
2022-03-24,127.37461853027344,129.44000244140625,129.5399932861328,125.94999694824219,126.3499984741211,429600
2022-03-25,128.82118225097656,130.91000366210938,131.3800048828125,127.69999694824219,129.11000061035156,615600
2022-03-28,130.277587890625,132.38999938964844,132.55999755859375,129.5800018310547,130.89999389648438,442600
2022-03-29,133.57411193847656,135.74000549316406,136.3800048828125,133.25,134.24000549316406,553800
2022-03-30,128.7129364013672,130.8000030517578,135.75999450683594,129.32000732421875,134.8699951171875,473200
2022-03-31,126.3118667602539,128.36000061035156,131.13999938964844,128.25999450683594,130.27000427246094,410100
2022-04-01,123.96001434326172,125.97000122070312,129.88999938964844,123.63999938964844,129.88999938964844,576600
2022-04-04,124.52090454101562,126.54000091552734,127.25,125.06999969482422,125.97000122070312,451900
2022-04-05,124.30441284179688,126.31999969482422,128.11000061035156,124.25,125.9000015258789,700700
2022-04-06,120.0238265991211,121.97000122070312,126.29000091552734,121.81999969482422,125.08999633789062,682600
2022-04-07,119.28579711914062,121.22000122070312,122.76000213623047,119.41000366210938,122.76000213623047,706600
2022-04-08,122.17888641357422,124.16000366210938,126.23999786376953,120.58999633789062,121.80000305175781,430600
2022-04-11,121.90335845947266,123.87999725341797,126.27999877929688,123.58000183105469,123.58000183105469,315400
2022-04-12,121.58845520019531,123.55999755859375,127.87000274658203,123.06999969482422,124.91000366210938,274500
2022-04-13,122.72010040283203,124.70999908447266,124.95999908447266,123.06999969482422,123.36000061035156,217600
2022-04-14,121.81478881835938,123.79000091552734,125.91000366210938,123.76000213623047,124.83000183105469,230900
2022-04-18,118.29190063476562,120.20999908447266,124.91000366210938,119.08000183105469,123.58000183105469,570600
2022-04-19,120.7618637084961,122.72000122070312,123.31999969482422,120.20999908447266,120.6500015258789,424500
2022-04-20,125.46558380126953,127.5,128.08999633789062,123.9800033569336,123.98999786376953,361600
2022-04-21,124.4520263671875,126.47000122070312,129.88999938964844,125.0,128.9600067138672,271800
2022-04-22,119.82701873779297,121.7699966430664,126.5,121.04000091552734,125.97000122070312,388800
2022-04-25,123.96984100341797,125.9800033569336,126.33000183105469,118.66999816894531,121.69999694824219,407000
2022-04-26,120.47649383544922,122.43000030517578,125.69999694824219,121.77999877929688,124.69999694824219,200500
2022-04-27,121.13580322265625,123.0999984741211,123.95999908447266,120.80000305175781,122.3499984741211,265300
2022-04-28,123.80255126953125,125.80999755859375,126.11000061035156,120.9000015258789,123.7699966430664,302900
2022-04-29,121.352294921875,123.31999969482422,126.9000015258789,123.13999938964844,124.58999633789062,357000
2022-05-02,122.39537811279297,124.37999725341797,125.62999725341797,120.87000274658203,123.4000015258789,249300
2022-05-03,127.04006958007812,129.10000610351562,129.6300048828125,123.3499984741211,123.58999633789062,373500
2022-05-04,133.0525665283203,135.2100067138672,135.36000061035156,128.57000732421875,129.0800018310547,386300
2022-05-05,126.84324645996094,128.89999389648438,133.14999389648438,125.94999694824219,132.8000030517578,337300
2022-05-06,124.65868377685547,126.68000030517578,128.44000244140625,123.19999694824219,127.54000091552734,299900
2022-05-09,121.2735595703125,123.23999786376953,126.31999969482422,122.56999969482422,124.69999694824219,257300
2022-05-10,116.98313903808594,118.87999725341797,125.25,116.73999786376953,124.56999969482422,598800
2022-05-11,114.05068969726562,115.9000015258789,122.86000061035156,115.44000244140625,119.31999969482422,356500
2022-05-12,118.24271392822266,120.16000366210938,121.02999877929688,114.55000305175781,115.01000213623047,373400
2022-05-13,121.1259536743164,123.08999633789062,124.08000183105469,121.4800033569336,121.63999938964844,278900
2022-05-16,120.28952026367188,122.23999786376953,123.91999816894531,119.08999633789062,122.51000213623047,309300
2022-05-17,125.29830169677734,127.33000183105469,127.58000183105469,123.9800033569336,125.02999877929688,310000
2022-05-18,121.34243774414062,123.30999755859375,126.93000030517578,122.97000122070312,125.69000244140625,346400
2022-05-19,124.20600891113281,126.22000122070312,134.16000366210938,124.51000213623047,127.0,607500
2022-05-20,119.90574645996094,121.8499984741211,128.75,117.83000183105469,128.64999389648438,418200
2022-05-23,123.5073471069336,125.51000213623047,126.16000366210938,122.8499984741211,122.98999786376953,344300
2022-05-24,122.96611022949219,124.95999908447266,126.58999633789062,121.22000122070312,124.83000183105469,416100
2022-05-25,124.3240966796875,126.33999633789062,127.63999938964844,124.86000061035156,125.36000061035156,313500
2022-05-26,128.24058532714844,130.32000732421875,131.13999938964844,127.94000244140625,127.94000244140625,222800
2022-05-27,132.334228515625,134.47999572753906,134.5399932861328,131.22000122070312,131.22999572753906,204600
2022-05-31,128.47677612304688,130.55999755859375,133.0800018310547,129.61000061035156,132.89999389648438,324700
2022-06-01,128.3980255126953,130.47999572753906,131.6699981689453,127.70999908447266,131.11000061035156,389600
2022-06-02,132.91481018066406,135.07000732421875,135.13999938964844,130.27000427246094,131.58999633789062,222600
2022-06-03,131.5568389892578,133.69000244140625,133.92999267578125,130.5,132.52000427246094,267800
2022-06-06,133.1214599609375,135.27999877929688,135.72999572753906,133.10000610351562,134.17999267578125,235600
2022-06-07,134.00704956054688,136.17999267578125,137.24000549316406,133.91000366210938,134.75999450683594,385900
2022-06-08,129.61827087402344,131.72000122070312,136.08999633789062,131.44000244140625,136.08999633789062,237500
2022-06-09,128.2701416015625,130.35000610351562,132.7899932861328,130.27000427246094,130.52000427246094,221600
2022-06-10,123.71400451660156,125.72000122070312,128.97000122070312,125.2300033569336,127.0999984741211,203800
2022-06-13,116.38285827636719,118.2699966430664,122.58000183105469,117.9000015258789,121.68000030517578,423300
2022-06-14,118.51824951171875,120.44000244140625,121.13999938964844,118.5999984741211,118.5999984741211,312200
2022-06-15,118.51824188232422,120.19000244140625,122.9000015258789,118.22000122070312,121.5199966430664,409400
2022-06-16,108.18401336669922,109.70999908447266,117.52999877929688,109.11000061035156,117.52999877929688,617100
2022-06-17,108.01637268066406,109.54000091552734,112.01000213623047,108.56999969482422,109.66000366210938,522800
2022-06-21,107.65151977539062,109.16999816894531,111.73999786376953,107.91000366210938,111.31999969482422,422800
2022-06-22,106.16252899169922,107.66000366210938,108.61000061035156,106.05000305175781,107.87999725341797,547900
2022-06-23,104.11145782470703,105.58000183105469,109.13999938964844,105.33999633789062,107.5,621900
2022-06-24,106.16252899169922,107.66000366210938,109.94999694824219,105.9000015258789,106.7699966430664,1972300
2022-06-27,110.27452087402344,111.83000183105469,112.30999755859375,107.58000183105469,108.44000244140625,702300
2022-06-28,108.57843780517578,110.11000061035156,114.0,110.01000213623047,112.12000274658203,423200
2022-06-29,107.86845397949219,109.38999938964844,111.30999755859375,107.7699966430664,111.30999755859375,337700
2022-06-30,108.41082763671875,109.94000244140625,110.7699966430664,106.37000274658203,108.12999725341797,422600
2022-07-01,110.72811126708984,112.29000091552734,112.98999786376953,108.72000122070312,109.70999908447266,303400
2022-07-05,109.32787322998047,110.87000274658203,111.0,107.7300033569336,109.87999725341797,323300
2022-07-06,109.58425903320312,111.12999725341797,111.95999908447266,109.5199966430664,110.76000213623047,441900
2022-07-07,111.38880157470703,112.95999908447266,114.26000213623047,111.63999938964844,111.87999725341797,295000
2022-07-08,110.4421615600586,112.0,113.83000183105469,111.79000091552734,113.63999938964844,248600
2022-07-11,111.2113037109375,112.77999877929688,113.13999938964844,110.8499984741211,110.94000244140625,143500
2022-07-12,113.06517028808594,114.66000366210938,116.41999816894531,112.23999786376953,112.23999786376953,329600
2022-07-13,111.58602905273438,113.16000366210938,113.88999938964844,110.97000122070312,112.44000244140625,236700
2022-07-14,111.01409912109375,112.58000183105469,112.7300033569336,110.30000305175781,111.31999969482422,403700
2022-07-15,112.48336791992188,114.06999969482422,115.12999725341797,112.72000122070312,115.12999725341797,252200
2022-07-18,114.8006820678711,116.41999816894531,117.29000091552734,114.6500015258789,115.41000366210938,463500
2022-07-19,118.577392578125,120.25,121.31999969482422,118.30999755859375,118.30999755859375,309600
2022-07-20,118.46893310546875,120.13999938964844,121.37999725341797,115.88999938964844,115.88999938964844,360300
2022-07-21,120.6580581665039,122.36000061035156,122.62999725341797,118.98999786376953,118.98999786376953,266700
2022-07-22,119.86917877197266,121.55999755859375,123.29000091552734,120.5,122.43000030517578,183900
2022-07-25,120.70736694335938,122.41000366210938,122.70999908447266,120.68000030517578,121.8499984741211,221700
2022-07-26,120.8355484008789,122.54000091552734,123.69999694824219,120.7699966430664,121.29000091552734,300200
2022-07-27,124.2375717163086,125.98999786376953,126.66999816894531,122.83000183105469,123.23999786376953,308600
2022-07-28,122.07804870605469,123.80000305175781,126.81999969482422,121.55999755859375,123.62000274658203,438900
2022-07-29,124.69116973876953,126.44999694824219,127.19999694824219,124.11000061035156,124.11000061035156,231100
2022-08-01,124.19811248779297,125.94999694824219,126.37000274658203,124.08000183105469,125.37999725341797,227400
2022-08-02,121.6047134399414,123.31999969482422,126.44000244140625,123.2699966430664,125.18000030517578,262800
2022-08-03,124.00090026855469,125.75,125.95999908447266,123.66000366210938,124.12999725341797,335000
2022-08-04,125.94351196289062,127.72000122070312,129.60000610351562,125.66999816894531,125.80999755859375,246200
2022-08-05,126.05198669433594,127.83000183105469,128.9600067138672,125.3499984741211,125.7699966430664,223500
2022-08-08,126.96902465820312,128.75999450683594,129.97000122070312,128.22000122070312,128.35000610351562,196300
2022-08-09,125.62796020507812,127.4000015258789,128.02999877929688,125.88999938964844,127.9800033569336,277300
2022-08-10,128.99053955078125,130.80999755859375,131.88999938964844,129.77000427246094,129.99000549316406,178700
2022-08-11,131.05145263671875,132.89999389648438,134.57000732421875,131.49000549316406,132.5399932861328,217700
2022-08-12,133.80267333984375,135.69000244140625,135.6999969482422,133.0,133.86000061035156,148200
2022-08-15,133.3983612060547,135.27999877929688,136.22000122070312,133.99000549316406,134.77000427246094,163900
2022-08-16,133.86180114746094,135.75,136.44000244140625,134.0500030517578,134.08999633789062,159900
2022-08-17,132.0967254638672,133.9600067138672,135.1300048828125,133.11000061035156,134.00999450683594,244300
2022-08-18,132.6292266845703,134.5,134.75,133.5,134.47000122070312,110400
2022-08-19,129.37510681152344,131.1999969482422,134.32000732421875,130.75,133.8699951171875,252900
2022-08-22,124.61228942871094,126.37000274658203,129.47000122070312,126.19000244140625,129.08999633789062,283500
2022-08-23,125.34198760986328,127.11000061035156,129.14999389648438,126.05999755859375,127.02999877929688,263100
2022-08-24,124.82923126220703,126.58999633789062,127.30000305175781,125.75,127.2300033569336,212300
2022-08-25,126.357666015625,128.13999938964844,128.9499969482422,126.94999694824219,127.58000183105469,251600
2022-08-26,120.71721649169922,122.41999816894531,128.14999389648438,122.12000274658203,127.44000244140625,229000
2022-08-29,120.58903503417969,122.29000091552734,123.7300033569336,121.01000213623047,121.19000244140625,186900
2022-08-30,118.87323760986328,120.55000305175781,124.20999908447266,119.33999633789062,123.30000305175781,232400
2022-08-31,117.95616149902344,119.62000274658203,120.81999969482422,118.91000366210938,120.7699966430664,223800
2022-09-01,115.2247085571289,116.8499984741211,119.12999725341797,115.63999938964844,119.12999725341797,375300
2022-09-02,114.6823501586914,116.30000305175781,119.4000015258789,115.66999816894531,118.80999755859375,253200
2022-09-06,113.67652893066406,115.27999877929688,116.55000305175781,114.61000061035156,116.55000305175781,207100
2022-09-07,116.87147521972656,118.5199966430664,118.5999984741211,115.06999969482422,115.25,197800
2022-09-08,117.31522369384766,118.97000122070312,119.13999938964844,115.81999969482422,117.05999755859375,186300
2022-09-09,119.37614440917969,121.05999755859375,121.62999725341797,120.19000244140625,120.4000015258789,189700
2022-09-12,119.76071166992188,121.44999694824219,122.98999786376953,120.9800033569336,122.29000091552734,238500
2022-09-13,115.16553497314453,116.79000091552734,119.3499984741211,116.20999908447266,118.18000030517578,479700
2022-09-14,113.14405059814453,114.73999786376953,117.18000030517578,112.62000274658203,116.9000015258789,473200
2022-09-15,112.68946075439453,114.02999877929688,116.1500015258789,113.4800033569336,114.08999633789062,324400
2022-09-16,110.1200180053711,111.43000030517578,113.12000274658203,110.04000091552734,112.63999938964844,890600
2022-09-19,113.8061752319336,115.16000366210938,115.62999725341797,110.88999938964844,110.88999938964844,382900
2022-09-20,110.68331909179688,112.0,113.3499984741211,110.2699966430664,113.05999755859375,569000
2022-09-21,108.90447235107422,110.19999694824219,113.94000244140625,110.08000183105469,112.97000122070312,446500
2022-09-22,107.2343521118164,108.51000213623047,111.0199966430664,108.13999938964844,111.0199966430664,476100
2022-09-23,104.41785430908203,105.66000366210938,107.63999938964844,103.5999984741211,106.86000061035156,705700
2022-09-26,103.13314056396484,104.36000061035156,106.61000061035156,103.58000183105469,105.12000274658203,267600
2022-09-27,102.06582641601562,103.27999877929688,106.05999755859375,101.9800033569336,106.05999755859375,265200
2022-09-28,105.43574523925781,106.69000244140625,107.19999694824219,103.88999938964844,104.55000305175781,414800
2022-09-29,105.19856262207031,106.44999694824219,106.75,103.41000366210938,104.62000274658203,266700
2022-09-30,105.91999816894531,107.18000030517578,109.23999786376953,106.41000366210938,106.83999633789062,301400
2022-10-03,109.28988647460938,110.58999633789062,111.29000091552734,108.02999877929688,109.30999755859375,254500
2022-10-04,114.88335418701172,116.25,116.43000030517578,113.08999633789062,113.08999633789062,300200
2022-10-05,115.26878356933594,116.63999938964844,117.58000183105469,114.0999984741211,114.0999984741211,303600
2022-10-06,112.70922088623047,114.05000305175781,116.6500015258789,114.01000213623047,115.1500015258789,240400
2022-10-07,109.35907745361328,110.66000366210938,112.75,110.04000091552734,112.38999938964844,257600
2022-10-10,110.376953125,111.69000244140625,112.1500015258789,110.3499984741211,111.86000061035156,203200
2022-10-11,111.85933685302734,113.19000244140625,114.69999694824219,110.81999969482422,111.06999969482422,301500
2022-10-12,112.24474334716797,113.58000183105469,114.86000061035156,112.06999969482422,113.44000244140625,315900
2022-10-13,114.10265350341797,115.45999908447266,116.66999816894531,109.56999969482422,111.29000091552734,406400
2022-10-14,109.71483612060547,111.0199966430664,116.7699966430664,110.26000213623047,116.2300033569336,353600
2022-10-17,113.12428283691406,114.47000122070312,114.86000061035156,113.01000213623047,113.2300033569336,228700
2022-10-18,116.66220092773438,118.05000305175781,118.37999725341797,116.72000122070312,117.08999633789062,178200
2022-10-19,111.90874481201172,113.23999786376953,116.95999908447266,112.54000091552734,116.58999633789062,249200
2022-10-20,109.9520263671875,111.26000213623047,115.70999908447266,111.25,113.51000213623047,255400
2022-10-21,112.33367919921875,113.66999816894531,114.5199966430664,111.08999633789062,111.26000213623047,745100
2022-10-24,115.00193786621094,116.37000274658203,117.27999877929688,113.05999755859375,114.72000122070312,394500
2022-10-25,121.1685791015625,122.61000061035156,122.77999877929688,115.05000305175781,115.05000305175781,485900
2022-10-26,118.6979751586914,120.11000061035156,122.86000061035156,119.47000122070312,121.30999755859375,320700
2022-10-27,119.91351318359375,121.33999633789062,122.9000015258789,120.0199966430664,121.37000274658203,317800
2022-10-28,121.89000701904297,123.33999633789062,123.47000122070312,120.66999816894531,121.54000091552734,242100
2022-10-31,120.87210845947266,122.30999755859375,124.0,121.36000061035156,122.5,282600
2022-11-01,120.63494110107422,122.06999969482422,123.66999816894531,121.2300033569336,123.66999816894531,287600
2022-11-02,116.53372192382812,117.91999816894531,123.5999984741211,117.87000274658203,121.79000091552734,308700
2022-11-03,118.29280090332031,119.69999694824219,121.36000061035156,116.37000274658203,116.37000274658203,305200
2022-11-04,121.01046752929688,122.44999694824219,123.54000091552734,119.95999908447266,121.76000213623047,248400
2022-11-07,122.25566864013672,123.70999908447266,124.0,121.29000091552734,123.94000244140625,217600
2022-11-08,123.56013488769531,125.02999877929688,126.33999633789062,123.66999816894531,124.2699966430664,269700
2022-11-09,120.10128021240234,121.52999877929688,124.69999694824219,121.0999984741211,123.12999725341797,238200
2022-11-10,129.2623291015625,130.8000030517578,131.41000366210938,127.12000274658203,128.25999450683594,297000
2022-11-11,132.18748474121094,133.75999450683594,135.24000549316406,131.44000244140625,131.9199981689453,246400
2022-11-14,126.98934173583984,128.5,133.75999450683594,128.13999938964844,132.30999755859375,228400
2022-11-15,127.48346710205078,129.0,132.8800048828125,128.66000366210938,130.72999572753906,251800
2022-11-16,127.25617980957031,128.77000427246094,129.8699951171875,128.2100067138672,128.2100067138672,278100
2022-11-17,126.20863342285156,127.70999908447266,127.86000061035156,125.56999969482422,126.70999908447266,207500
2022-11-18,129.27220153808594,130.80999755859375,131.16000366210938,128.5399932861328,129.6699981689453,205200
2022-11-21,130.04302978515625,131.58999633789062,131.8800048828125,130.19000244140625,130.41000366210938,180000
2022-11-22,132.9682159423828,134.5500030517578,134.6699981689453,132.2100067138672,132.80999755859375,351800
2022-11-23,132.76068115234375,134.33999633789062,135.52999877929688,134.00999450683594,134.4199981689453,142500
2022-11-25,133.0373992919922,134.6199951171875,135.44000244140625,133.57000732421875,133.57000732421875,70200
2022-11-28,131.11032104492188,132.6699981689453,134.42999267578125,132.0,133.0,164100
2022-11-29,131.33761596679688,132.89999389648438,133.8300018310547,132.17999267578125,132.24000549316406,155900
2022-11-30,134.73719787597656,136.33999633789062,136.4199981689453,131.13999938964844,132.77000427246094,216800
2022-12-01,135.4190673828125,137.02999877929688,137.8800048828125,136.02000427246094,137.44000244140625,211700
2022-12-02,135.02378845214844,136.6300048828125,137.0500030517578,135.38999938964844,135.80999755859375,158500
2022-12-05,131.52537536621094,133.08999633789062,134.89999389648438,131.52999877929688,134.67999267578125,457200
2022-12-06,132.3752899169922,133.9499969482422,135.25,131.6199951171875,133.35000610351562,250200
2022-12-07,132.22703552246094,133.8000030517578,135.39999389648438,133.10000610351562,133.24000549316406,169200
2022-12-08,134.31224060058594,135.91000366210938,136.19000244140625,134.27999877929688,134.91000366210938,161900
2022-12-09,135.5080108642578,137.1199951171875,137.8300018310547,135.49000549316406,135.49000549316406,246300
2022-12-12,135.44869995117188,137.05999755859375,138.0,134.42999267578125,137.41000366210938,422300
2022-12-13,139.2336883544922,140.88999938964844,142.22999572753906,138.6199951171875,141.8800048828125,290000
2022-12-14,137.9390869140625,139.5800018310547,141.44000244140625,138.07000732421875,140.52000427246094,269500
2022-12-15,133.76119995117188,135.11000061035156,137.36000061035156,135.0500030517578,136.83999633789062,244000
2022-12-16,133.75131225585938,135.10000610351562,135.4199981689453,132.4199981689453,133.6699981689453,494500
2022-12-19,130.0585479736328,131.3699951171875,135.92999267578125,130.35000610351562,135.32000732421875,294200
2022-12-20,130.66246032714844,131.97999572753906,132.8699951171875,130.8800048828125,131.27000427246094,232300
2022-12-21,132.3652801513672,133.6999969482422,134.72999572753906,133.4499969482422,133.64999389648438,166400
2022-12-22,130.08824157714844,131.39999389648438,132.9600067138672,129.25,132.30999755859375,586600
2022-12-23,132.12770080566406,133.4600067138672,133.72999572753906,130.6999969482422,131.52999877929688,139200
2022-12-27,132.79103088378906,134.1300048828125,134.75,133.35000610351562,133.7100067138672,157100
2022-12-28,130.6228485107422,131.94000244140625,134.9499969482422,131.89999389648438,134.55999755859375,118600
2022-12-29,132.632568359375,133.97000122070312,134.47999572753906,132.36000061035156,132.47000122070312,165500
2022-12-30,131.5237579345703,132.85000610351562,133.2899932861328,131.61000061035156,132.47000122070312,125000
2023-01-03,133.52362060546875,134.8699951171875,136.14999389648438,133.5800018310547,134.92999267578125,201600
2023-01-04,136.85006713867188,138.22999572753906,138.57000732421875,136.00999450683594,136.85000610351562,304300
2023-01-05,136.13726806640625,137.50999450683594,138.1699981689453,136.24000549316406,137.0,394100
2023-01-06,141.6219482421875,143.0500030517578,143.1199951171875,138.64999389648438,139.0500030517578,160800
2023-01-09,138.54296875,139.94000244140625,143.88999938964844,139.7899932861328,143.72999572753906,332900
2023-01-10,138.2954864501953,139.69000244140625,140.44000244140625,136.6699981689453,140.24000549316406,253200
2023-01-11,141.95855712890625,143.38999938964844,143.60000610351562,139.49000549316406,140.8800048828125,265600
2023-01-12,140.928955078125,142.35000610351562,143.86000061035156,140.9499969482422,143.86000061035156,192800
2023-01-13,142.75057983398438,144.19000244140625,144.85000610351562,141.3000030517578,141.47000122070312,186100
2023-01-17,140.9190216064453,142.33999633789062,144.07000732421875,141.2100067138672,143.64999389648438,184200
2023-01-18,140.0280303955078,141.44000244140625,144.89999389648438,141.32000732421875,142.49000549316406,143100
2023-01-19,136.11744689941406,137.49000549316406,140.6199951171875,137.0399932861328,140.3699951171875,200200
2023-01-20,139.02810668945312,140.42999267578125,140.72999572753906,136.4600067138672,137.89999389648438,326100
2023-01-23,140.76063537597656,142.17999267578125,143.91000366210938,140.0800018310547,140.33999633789062,258200
2023-01-24,141.76055908203125,143.19000244140625,144.39999389648438,140.02000427246094,140.02000427246094,203400
2023-01-25,143.2852020263672,144.72999572753906,145.14999389648438,141.58999633789062,141.9600067138672,245000
2023-01-26,137.65196228027344,139.0399932861328,144.5,133.5800018310547,143.6300048828125,604500
2023-01-27,139.70132446289062,141.11000061035156,142.25999450683594,137.82000732421875,138.97000122070312,352700
2023-01-30,140.1171417236328,141.52999877929688,143.25999450683594,139.8699951171875,140.92999267578125,358700
2023-01-31,144.6217041015625,146.0800018310547,146.1699981689453,142.72999572753906,143.00999450683594,345700
2023-02-01,146.6017608642578,148.0800018310547,149.52999877929688,145.00999450683594,145.10000610351562,292200
2023-02-02,149.65098571777344,151.16000366210938,152.14999389648438,148.27999877929688,148.49000549316406,286700
2023-02-03,147.15615844726562,148.63999938964844,151.82000732421875,147.80999755859375,149.6199951171875,292600
2023-02-06,145.80972290039062,147.27999877929688,148.00999450683594,145.64999389648438,147.39999389648438,238500
2023-02-07,148.40354919433594,149.89999389648438,150.6699981689453,145.1199951171875,146.7899932861328,299300
2023-02-08,145.50282287597656,146.97000122070312,149.44000244140625,146.0500030517578,149.3000030517578,265600
2023-02-09,142.86935424804688,144.30999755859375,148.83999633789062,144.27000427246094,148.1199951171875,154200
2023-02-10,142.35455322265625,143.7899932861328,144.94000244140625,142.47999572753906,143.4600067138672,265800
2023-02-13,143.60198974609375,145.0500030517578,145.13999938964844,142.36000061035156,143.52000427246094,207300
2023-02-14,142.80996704101562,144.25,146.22000122070312,142.6999969482422,144.57000732421875,164000
2023-02-15,144.8692169189453,146.3300018310547,147.77000427246094,143.61000061035156,143.61000061035156,247100
2023-02-16,142.0773468017578,143.50999450683594,146.64999389648438,142.6300048828125,143.9199981689453,244000
2023-02-17,142.3743896484375,143.80999755859375,145.1199951171875,142.32000732421875,143.05999755859375,237800
2023-02-21,136.26597595214844,137.63999938964844,142.6300048828125,137.63999938964844,141.57000732421875,240400
2023-02-22,138.15689086914062,139.5500030517578,139.83999633789062,138.22000122070312,138.47999572753906,230600
2023-02-23,138.4539031982422,139.85000610351562,141.08999633789062,137.42999267578125,140.16000366210938,155100
2023-02-24,137.374755859375,138.75999450683594,139.05999755859375,136.8800048828125,137.92999267578125,295200
2023-02-27,138.4539031982422,139.85000610351562,141.89999389648438,139.6999969482422,140.44000244140625,247800
2023-02-28,138.91921997070312,140.32000732421875,141.2899932861328,139.67999267578125,139.67999267578125,196200
2023-03-01,141.8595428466797,143.2899932861328,143.35000610351562,140.0,140.02000427246094,332000
2023-03-02,144.14649963378906,145.60000610351562,146.02999877929688,141.00999450683594,142.32000732421875,314300
2023-03-03,146.0572052001953,147.52999877929688,147.88999938964844,144.8000030517578,146.2899932861328,257300
2023-03-06,143.79998779296875,145.25,147.42999267578125,144.4199981689453,147.42999267578125,592400
2023-03-07,142.9287567138672,144.3699951171875,146.1999969482422,143.5500030517578,145.5500030517578,264300
2023-03-08,143.25547790527344,144.6999969482422,146.14999389648438,142.72999572753906,144.52999877929688,231800
2023-03-09,139.09739685058594,140.5,145.67999267578125,140.42999267578125,144.49000549316406,171900
2023-03-10,134.642333984375,136.0,140.8000030517578,134.02000427246094,139.97999572753906,300500
2023-03-13,132.5633087158203,133.89999389648438,136.85000610351562,132.5500030517578,133.27999877929688,260700
2023-03-14,135.43435668945312,136.8000030517578,138.82000732421875,135.41000366210938,137.25,296100
2023-03-15,130.30604553222656,131.6199951171875,134.1300048828125,129.75999450683594,133.69000244140625,318500
2023-03-16,134.4720458984375,135.57000732421875,135.66000366210938,129.7899932861328,130.50999450683594,259100
2023-03-17,130.8516082763672,131.9199981689453,135.4499969482422,131.58999633789062,134.82000732421875,724800
2023-03-20,134.27365112304688,135.3699951171875,136.07000732421875,133.11000061035156,133.91000366210938,194400
2023-03-21,139.04470825195312,140.17999267578125,141.00999450683594,137.9600067138672,137.9600067138672,360400
2023-03-22,137.3882293701172,138.50999450683594,142.0500030517578,138.49000549316406,139.91000366210938,409000
2023-03-23,137.9337615966797,139.05999755859375,141.4499969482422,137.72999572753906,138.69000244140625,361400
2023-03-24,137.76515197753906,138.88999938964844,139.0399932861328,135.49000549316406,137.02999877929688,204400
2023-03-27,139.36212158203125,140.5,141.5500030517578,139.32000732421875,140.27000427246094,145400
2023-03-28,141.8319549560547,142.99000549316406,143.39999389648438,140.22000122070312,140.9499969482422,164100
2023-03-29,142.98255920410156,144.14999389648438,144.57000732421875,143.2899932861328,144.1300048828125,159000
2023-03-30,143.55787658691406,144.72999572753906,147.5,144.13999938964844,145.41000366210938,184000
2023-03-31,145.56150817871094,146.75,147.80999755859375,145.14999389648438,145.66000366210938,202300
2023-04-03,146.18638610839844,147.3800048828125,147.69000244140625,145.02999877929688,146.5,244200
2023-04-04,142.01048278808594,143.1699981689453,147.6999969482422,142.3699951171875,147.6999969482422,240700
2023-04-05,136.3169708251953,137.42999267578125,141.9199981689453,136.88999938964844,141.3000030517578,275800
2023-04-06,135.1862030029297,136.2899932861328,138.24000549316406,135.1699981689453,137.07000732421875,273200
2023-04-10,138.7769012451172,139.91000366210938,140.02000427246094,135.30999755859375,135.30999755859375,263200
2023-04-11,140.60198974609375,141.75,142.5800018310547,140.3699951171875,140.5,201100
2023-04-12,141.82203674316406,142.97999572753906,144.00999450683594,142.4499969482422,143.33999633789062,237100
2023-04-13,143.60745239257812,144.77999877929688,144.86000061035156,142.10000610351562,142.8699951171875,214800
2023-04-14,142.57586669921875,143.74000549316406,146.0,143.3000030517578,144.27999877929688,230600
2023-04-17,142.50643920898438,143.6699981689453,143.8800048828125,142.1199951171875,143.02000427246094,190400
2023-04-18,142.54611206054688,143.7100067138672,145.47999572753906,143.22999572753906,144.72000122070312,203300
2023-04-19,144.95643615722656,146.13999938964844,146.25,143.38999938964844,143.80999755859375,275900
2023-04-20,147.06918334960938,148.27000427246094,149.85000610351562,145.0,145.0500030517578,352500
2023-04-21,144.69854736328125,145.8800048828125,148.82000732421875,145.24000549316406,148.60000610351562,274900
2023-04-24,146.03759765625,147.22999572753906,147.8300018310547,145.7100067138672,145.7100067138672,204300
2023-04-25,144.29188537597656,145.47000122070312,146.7100067138672,145.10000610351562,146.13999938964844,186300
2023-04-26,142.357666015625,143.52000427246094,146.27999877929688,143.44000244140625,144.55999755859375,296700
2023-04-27,145.69044494628906,146.8800048828125,147.33999633789062,143.9499969482422,143.9499969482422,255900
2023-04-28,147.00965881347656,148.2100067138672,149.6699981689453,146.4499969482422,146.8800048828125,306400
2023-05-01,147.7436981201172,148.9499969482422,150.19000244140625,147.72999572753906,147.72999572753906,236600
2023-05-02,148.5768585205078,149.7899932861328,150.17999267578125,146.24000549316406,148.6999969482422,251600
2023-05-03,149.51919555664062,150.74000549316406,153.5,150.5500030517578,150.5500030517578,333300
2023-05-04,155.13333129882812,156.39999389648438,158.2899932861328,151.1999969482422,151.1999969482422,675500
2023-05-05,158.78353881835938,160.0800018310547,161.49000549316406,157.3000030517578,158.42999267578125,546400
2023-05-08,158.684326171875,159.97999572753906,161.69000244140625,159.0,160.1199951171875,335200
2023-05-09,157.47422790527344,158.75999450683594,159.83999633789062,158.1999969482422,159.1999969482422,264000
2023-05-10,157.60316467285156,158.88999938964844,161.02999877929688,157.9499969482422,160.44000244140625,265300
2023-05-11,156.54183959960938,157.82000732421875,158.97999572753906,156.88999938964844,157.8300018310547,320300
2023-05-12,157.0278778076172,158.30999755859375,158.85000610351562,156.6999969482422,157.86000061035156,306800
2023-05-15,158.3470916748047,159.63999938964844,159.75,156.9499969482422,158.33999633789062,353200
2023-05-16,157.06756591796875,158.35000610351562,159.13999938964844,156.57000732421875,158.8000030517578,197700
2023-05-17,159.3191680908203,160.6199951171875,160.9600067138672,157.82000732421875,159.13999938964844,392300
2023-05-18,164.68533325195312,166.02999877929688,166.72000122070312,160.72000122070312,162.3300018310547,642000
2023-05-19,165.8557891845703,167.2100067138672,169.19000244140625,165.69000244140625,168.25,513500
2023-05-22,165.75660705566406,167.11000061035156,168.33999633789062,165.55999755859375,167.77999877929688,419100
2023-05-23,165.39952087402344,166.75,167.42999267578125,165.19000244140625,166.13999938964844,446400
2023-05-24,163.55458068847656,164.88999938964844,166.08999633789062,164.13999938964844,165.24000549316406,486600
2023-05-25,165.21104431152344,166.55999755859375,167.10000610351562,165.27000427246094,165.27000427246094,262400
2023-05-26,164.83413696289062,166.17999267578125,167.50999450683594,164.9499969482422,166.75,236700
2023-05-30,163.2867889404297,164.6199951171875,166.77000427246094,163.92999267578125,166.19000244140625,229000
2023-05-31,161.61045837402344,162.92999267578125,165.5399932861328,162.5399932861328,164.11000061035156,294700
2023-06-01,161.76913452148438,163.08999633789062,164.17999267578125,162.0800018310547,163.14999389648438,407300
2023-06-02,167.70074462890625,169.07000732421875,169.17999267578125,164.99000549316406,164.99000549316406,364100
2023-06-05,165.02261352539062,166.3699951171875,168.1999969482422,164.1300048828125,168.1999969482422,358900
2023-06-06,165.06227111816406,166.41000366210938,168.83999633789062,164.82000732421875,166.3300018310547,356700
2023-06-07,165.31027221679688,166.66000366210938,169.6699981689453,165.86000061035156,165.86000061035156,545800
2023-06-08,167.0559844970703,168.4199981689453,168.50999450683594,165.22999572753906,166.27999877929688,253700
2023-06-09,165.07217407226562,166.4199981689453,168.0800018310547,165.6699981689453,167.6999969482422,234100
2023-06-12,164.17945861816406,165.52000427246094,167.30999755859375,165.4499969482422,166.25,208300
2023-06-13,165.43919372558594,166.7899932861328,168.24000549316406,165.99000549316406,165.99000549316406,321400
2023-06-14,165.40945434570312,166.75999450683594,167.7899932861328,164.58999633789062,167.33999633789062,429700
2023-06-15,168.34988403320312,169.47000122070312,169.99000549316406,165.3800048828125,165.3800048828125,337800
2023-06-16,169.29360961914062,170.4199981689453,172.97999572753906,169.41000366210938,170.0,936300
2023-06-20,170.91281127929688,172.0500030517578,172.3699951171875,168.41000366210938,169.47999572753906,503100
2023-06-21,173.41619873046875,174.57000732421875,176.30999755859375,171.52999877929688,171.72000122070312,410700
2023-06-22,172.80026245117188,173.9499969482422,175.10000610351562,171.35000610351562,174.00999450683594,411400
2023-06-23,173.2174835205078,174.3699951171875,176.27999877929688,172.25999450683594,172.25999450683594,631600
2023-06-26,173.66452026367188,174.82000732421875,175.91000366210938,173.97999572753906,173.97999572753906,309500
2023-06-27,178.84007263183594,180.02999877929688,180.3800048828125,174.92999267578125,175.22000122070312,409500
2023-06-28,180.75732421875,181.9600067138672,182.00999450683594,179.63999938964844,180.10000610351562,351900
2023-06-29,183.69776916503906,184.9199981689453,184.99000549316406,181.61000061035156,181.61000061035156,244100
2023-06-30,185.18783569335938,186.4199981689453,186.9600067138672,184.75999450683594,186.3300018310547,251100
2023-07-03,184.4130096435547,185.63999938964844,186.85000610351562,184.99000549316406,185.44000244140625,157600
2023-07-05,182.8136444091797,184.02999877929688,185.3699951171875,182.80999755859375,184.30999755859375,328700
2023-07-06,177.47914123535156,178.66000366210938,181.0500030517578,177.19000244140625,179.32000732421875,342300
2023-07-07,178.4129180908203,179.60000610351562,181.42999267578125,178.9600067138672,178.9600067138672,324600
2023-07-10,180.97586059570312,182.17999267578125,182.97000122070312,178.66000366210938,179.60000610351562,236000
2023-07-11,182.32687377929688,183.5399932861328,184.88999938964844,181.7899932861328,183.25,243300
2023-07-12,182.26727294921875,183.47999572753906,185.8300018310547,182.0500030517578,185.0,285800
2023-07-13,186.46932983398438,187.7100067138672,187.77000427246094,183.9600067138672,185.77000427246094,315800
2023-07-14,186.54876708984375,187.7899932861328,188.92999267578125,185.74000549316406,188.5500030517578,379600
2023-07-17,190.40313720703125,191.6699981689453,191.99000549316406,187.9199981689453,188.0,346800
2023-07-18,191.66473388671875,192.94000244140625,193.47000122070312,190.88999938964844,190.88999938964844,363200
2023-07-19,191.26739501953125,192.5399932861328,193.3699951171875,190.44000244140625,192.4499969482422,335100
2023-07-20,191.26739501953125,192.5399932861328,194.0500030517578,190.8699951171875,194.0500030517578,318000
2023-07-21,189.64817810058594,190.91000366210938,193.2100067138672,189.75999450683594,192.52000427246094,337800
2023-07-24,188.1978302001953,189.4499969482422,192.33999633789062,188.6999969482422,190.64999389648438,294400
2023-07-25,189.0620880126953,190.32000732421875,191.4199981689453,188.5,188.5,291400
2023-07-26,188.54550170898438,189.8000030517578,191.82000732421875,189.52000427246094,190.24000549316406,388200
2023-07-27,182.068603515625,183.27999877929688,188.80999755859375,181.52000427246094,186.1999969482422,493700
2023-07-28,181.1348114013672,182.33999633789062,184.1199951171875,181.02999877929688,184.0,366800
2023-07-31,183.15139770507812,184.3699951171875,184.75,182.3000030517578,183.5800018310547,383900
2023-08-01,186.0719757080078,187.30999755859375,188.14999389648438,184.5500030517578,184.88999938964844,236600
2023-08-02,186.33026123046875,187.57000732421875,189.4499969482422,185.86000061035156,185.86000061035156,388500
2023-08-03,185.81369018554688,187.0500030517578,187.25999450683594,183.1699981689453,186.02999877929688,339800
2023-08-04,186.82693481445312,188.07000732421875,191.10000610351562,186.1300048828125,188.3800048828125,265800
2023-08-07,189.70779418945312,190.97000122070312,191.66000366210938,187.36000061035156,188.57000732421875,223700
2023-08-08,188.26734924316406,189.52000427246094,189.99000549316406,187.72000122070312,189.2899932861328,250100
2023-08-09,185.8037567138672,187.0399932861328,190.61000061035156,186.5399932861328,190.32000732421875,208800
2023-08-10,183.250732421875,184.47000122070312,187.52999877929688,183.92999267578125,186.11000061035156,304800
2023-08-11,182.36660766601562,183.5800018310547,185.7100067138672,183.3699951171875,184.3800048828125,170800
2023-08-14,183.8368377685547,185.05999755859375,185.17999267578125,182.64999389648438,183.72000122070312,126300
2023-08-15,182.92291259765625,184.13999938964844,185.00999450683594,182.97000122070312,184.57000732421875,176800
2023-08-16,181.53216552734375,182.74000549316406,185.47999572753906,182.6999969482422,184.5,185400
2023-08-17,175.4724884033203,176.63999938964844,185.14999389648438,176.5,183.3300018310547,773700
2023-08-18,174.2903289794922,175.4499969482422,176.32000732421875,173.6699981689453,175.0,297800
2023-08-21,175.2638702392578,176.42999267578125,177.0399932861328,172.8000030517578,176.00999450683594,265100
2023-08-22,176.9427032470703,178.1199951171875,178.72000122070312,175.41000366210938,175.41000366210938,183000
2023-08-23,179.2374267578125,180.42999267578125,180.5,177.38999938964844,177.7100067138672,187300
2023-08-24,175.8400421142578,177.00999450683594,180.3800048828125,176.92999267578125,179.30999755859375,210400
2023-08-25,178.4129180908203,179.60000610351562,180.1199951171875,174.33999633789062,177.16000366210938,435700
2023-08-28,180.4195556640625,181.6199951171875,183.52999877929688,179.91000366210938,179.91000366210938,350400
2023-08-29,185.01898193359375,186.25,186.47000122070312,179.82000732421875,181.25999450683594,249700
2023-08-30,186.6083984375,187.85000610351562,189.69000244140625,186.6300048828125,186.6300048828125,299700
2023-08-31,188.06869506835938,189.32000732421875,190.88999938964844,187.7100067138672,188.5800018310547,343800
2023-09-01,193.49258422851562,194.77999877929688,195.9600067138672,190.1300048828125,190.1300048828125,302100
2023-09-05,182.8434295654297,184.05999755859375,193.91000366210938,183.39999389648438,192.80999755859375,462300
2023-09-06,182.56529235839844,183.77999877929688,186.42999267578125,181.00999450683594,184.00999450683594,287800
2023-09-07,179.47584533691406,180.6699981689453,183.6300048828125,178.74000549316406,181.55999755859375,472100
2023-09-08,179.21755981445312,180.41000366210938,182.47999572753906,179.41000366210938,179.85000610351562,186800
2023-09-11,180.89639282226562,182.10000610351562,182.75,180.75,181.88999938964844,183300
2023-09-12,178.99903869628906,180.19000244140625,182.11000061035156,179.50999450683594,180.72000122070312,167800
2023-09-13,175.8499755859375,177.02000427246094,180.19000244140625,175.75,179.2899932861328,307700
2023-09-14,177.03379821777344,177.9600067138672,179.5500030517578,176.32000732421875,178.32000732421875,295000
2023-09-15,173.04464721679688,173.9499969482422,177.49000549316406,172.9499969482422,176.64999389648438,682800
2023-09-18,173.07449340820312,173.97999572753906,175.00999450683594,171.44000244140625,174.27999877929688,405000
2023-09-19,172.6268310546875,173.52999877929688,174.08999633789062,171.24000549316406,173.74000549316406,248000
2023-09-20,170.24928283691406,171.13999938964844,175.6199951171875,170.8800048828125,174.67999267578125,286800
2023-09-21,163.2359619140625,164.08999633789062,169.60000610351562,163.75,169.60000610351562,423200
2023-09-22,161.6542510986328,162.5,165.2899932861328,161.6300048828125,164.30999755859375,523800
2023-09-25,162.7186737060547,163.57000732421875,164.57000732421875,161.64999389648438,161.8300018310547,330700
2023-09-26,161.96263122558594,162.80999755859375,165.30999755859375,162.44000244140625,162.8800048828125,260800
2023-09-27,165.70306396484375,166.57000732421875,167.6999969482422,163.33999633789062,164.22999572753906,413600
2023-09-28,167.99107360839844,168.8699951171875,170.42999267578125,166.75,166.75,219000
2023-09-29,165.6533203125,166.52000427246094,170.32000732421875,166.41000366210938,170.2100067138672,300600
2023-10-02,164.1113739013672,164.97000122070312,167.6999969482422,163.9199981689453,166.52000427246094,243900
2023-10-03,160.65945434570312,161.5,165.33999633789062,160.30999755859375,163.63999938964844,382000
2023-10-04,166.56854248046875,167.44000244140625,167.7899932861328,162.14999389648438,162.50999450683594,296900
2023-10-05,166.6182861328125,167.49000549316406,168.80999755859375,165.9600067138672,167.0500030517578,209800
2023-10-06,168.35916137695312,169.24000549316406,171.16000366210938,166.27000427246094,166.69000244140625,191500
2023-10-09,168.2795867919922,169.16000366210938,169.75,166.3699951171875,168.00999450683594,172300
2023-10-10,168.796875,169.67999267578125,172.0399932861328,168.6699981689453,169.72000122070312,204400
2023-10-11,170.8958740234375,171.7899932861328,172.0500030517578,169.9600067138672,169.9600067138672,163100
2023-10-12,165.29519653320312,166.16000366210938,172.25999450683594,165.22999572753906,172.25999450683594,271400
2023-10-13,163.67367553710938,164.52999877929688,167.22000122070312,163.6999969482422,166.2899932861328,247700
2023-10-16,166.1109161376953,166.97999572753906,168.44000244140625,166.30999755859375,166.7899932861328,138100
2023-10-17,166.1308135986328,167.0,168.19000244140625,165.7899932861328,165.7899932861328,350300
2023-10-18,158.48086547851562,159.30999755859375,164.88999938964844,159.24000549316406,164.88999938964844,246100
2023-10-19,156.54100036621094,157.36000061035156,161.3300018310547,156.75999450683594,159.39999389648438,377500
2023-10-20,154.22312927246094,155.02999877929688,158.2899932861328,154.0500030517578,157.64999389648438,539200
2023-10-23,153.53671264648438,154.33999633789062,157.9600067138672,153.88999938964844,153.88999938964844,490800
2023-10-24,154.81005859375,155.6199951171875,157.16000366210938,154.77000427246094,156.1199951171875,252300
2023-10-25,151.31832885742188,152.11000061035156,154.67999267578125,151.7899932861328,154.10000610351562,392200
2023-10-26,146.88153076171875,147.64999389648438,150.7899932861328,146.41000366210938,150.7899932861328,481400
2023-10-27,146.98101806640625,147.75,149.50999450683594,145.02999877929688,148.44000244140625,382600
2023-10-30,152.20367431640625,153.0,153.6699981689453,148.1999969482422,148.74000549316406,414800
2023-10-31,153.1089630126953,153.91000366210938,154.72000122070312,152.58999633789062,152.58999633789062,306000
2023-11-01,157.85411071777344,158.67999267578125,159.07000732421875,153.66000366210938,154.11000061035156,285700
2023-11-02,160.57986450195312,161.4199981689453,163.49000549316406,161.0500030517578,161.67999267578125,396300
2023-11-03,164.22080993652344,165.0800018310547,166.0500030517578,163.0399932861328,163.9199981689453,264700
2023-11-06,164.01190185546875,164.8699951171875,166.32000732421875,164.6300048828125,165.4600067138672,221400
2023-11-07,163.69358825683594,164.5500030517578,165.25999450683594,163.1999969482422,163.97000122070312,222200
2023-11-08,165.21560668945312,166.0800018310547,166.39999389648438,164.14999389648438,165.36000061035156,226000
2023-11-09,164.2606201171875,165.1199951171875,167.41000366210938,164.4499969482422,167.41000366210938,172200
2023-11-10,166.9167022705078,167.7899932861328,167.80999755859375,165.1199951171875,166.3800048828125,154000
2023-11-13,166.92665100097656,167.8000030517578,168.92999267578125,166.74000549316406,166.74000549316406,231100
2023-11-14,173.58184814453125,174.49000549316406,176.52000427246094,171.19000244140625,171.19000244140625,252400
2023-11-15,172.1095428466797,173.00999450683594,176.63999938964844,172.50999450683594,174.6999969482422,352100
2023-11-16,171.94041442871094,172.83999633789062,175.07000732421875,172.1999969482422,173.52000427246094,299500
2023-11-17,174.9745635986328,175.88999938964844,175.97000122070312,173.1300048828125,174.02999877929688,211200
2023-11-20,174.8949737548828,175.80999755859375,176.19000244140625,173.0500030517578,175.32000732421875,260500
2023-11-21,176.08872985839844,177.00999450683594,180.02000427246094,175.94000244140625,175.94000244140625,315900
2023-11-22,177.47149658203125,178.39999389648438,179.8800048828125,177.8000030517578,178.0800018310547,173500
2023-11-24,178.38671875,179.32000732421875,180.07000732421875,177.64999389648438,177.64999389648438,82500
2023-11-27,179.99826049804688,180.94000244140625,181.49000549316406,178.17999267578125,178.3800048828125,180300
2023-11-28,176.8447723388672,177.77000427246094,181.89999389648438,177.6699981689453,180.80999755859375,223300
2023-11-29,179.09300231933594,180.02999877929688,181.27000427246094,178.58999633789062,178.58999633789062,238700
2023-11-30,180.1077117919922,181.0500030517578,182.0,178.4199981689453,179.82000732421875,266400
2023-12-01,184.16647338867188,185.1300048828125,185.35000610351562,181.0399932861328,181.0399932861328,187600
2023-12-04,184.32562255859375,185.2899932861328,186.24000549316406,183.8300018310547,184.25999450683594,207300
2023-12-05,181.490478515625,182.44000244140625,184.6199951171875,182.38999938964844,184.6199951171875,215700
2023-12-06,183.7983856201172,184.75999450683594,186.52000427246094,183.9199981689453,184.02999877929688,240900
2023-12-07,187.18067932128906,188.16000366210938,188.17999267578125,184.67999267578125,185.27999877929688,157000
2023-12-08,188.0760040283203,189.05999755859375,190.82000732421875,187.16000366210938,187.16000366210938,210600
2023-12-11,187.37965393066406,188.36000061035156,190.8699951171875,188.22000122070312,188.89999389648438,159000
2023-12-12,189.65771484375,190.64999389648438,191.3000030517578,188.35000610351562,190.0399932861328,179000
2023-12-13,191.30908203125,192.30999755859375,192.74000549316406,186.72000122070312,190.58999633789062,451300
2023-12-14,202.66452026367188,203.4600067138672,203.85000610351562,193.9499969482422,195.05999755859375,608800
2023-12-15,202.76412963867188,203.55999755859375,205.66000366210938,201.5399932861328,202.9199981689453,460600
2023-12-18,202.51510620117188,203.30999755859375,204.35000610351562,200.7899932861328,203.9600067138672,261500
2023-12-19,203.4613800048828,204.25999450683594,205.92999267578125,202.5800018310547,205.24000549316406,215400
2023-12-20,200.76197814941406,201.5500030517578,206.47000122070312,201.4600067138672,203.4600067138672,255400
2023-12-21,200.79188537597656,201.5800018310547,204.30999755859375,199.8300018310547,203.77000427246094,254800
2023-12-22,202.60475158691406,203.39999389648438,204.05999755859375,201.55999755859375,203.0500030517578,135500
2023-12-26,204.3180389404297,205.1199951171875,206.3800048828125,203.30999755859375,204.14999389648438,114100
2023-12-27,204.99537658691406,205.8000030517578,205.82000732421875,204.42999267578125,205.25,97400
2023-12-28,203.4414825439453,204.24000549316406,205.66000366210938,203.50999450683594,205.1999969482422,104900
2023-12-29,202.0469512939453,202.83999633789062,204.39999389648438,202.4199981689453,203.3800048828125,105500
2024-01-02,199.68621826171875,200.47000122070312,203.38999938964844,198.94000244140625,201.0500030517578,200800
2024-01-03,195.69189453125,196.4600067138672,199.69000244140625,196.27000427246094,198.17999267578125,227700
2024-01-04,196.6780242919922,197.4499969482422,199.14999389648438,195.92999267578125,196.52000427246094,228100
2024-01-05,199.33758544921875,200.1199951171875,200.64999389648438,196.55999755859375,196.55999755859375,219200
2024-01-08,203.14263916015625,203.94000244140625,204.2899932861328,200.82000732421875,202.1300048828125,248300
2024-01-09,202.7740936279297,203.57000732421875,203.66000366210938,200.07000732421875,202.00999450683594,146400
2024-01-10,204.7363739013672,205.5399932861328,205.75,202.5,203.14999389648438,160200
2024-01-11,203.8697967529297,204.6699981689453,205.35000610351562,201.83999633789062,205.0500030517578,116900
2024-01-12,202.11668395996094,202.91000366210938,205.17999267578125,201.7100067138672,205.0,132600
2024-01-16,199.45712280273438,200.24000549316406,202.49000549316406,199.72000122070312,202.0,207400
2024-01-17,198.0227508544922,198.8000030517578,199.7100067138672,197.5800018310547,198.0,196600
2024-01-18,200.89149475097656,201.67999267578125,201.97999572753906,198.88999938964844,199.5800018310547,202300
2024-01-19,203.65065002441406,204.4499969482422,204.6699981689453,200.0800018310547,202.27000427246094,171400
2024-01-22,208.7406768798828,209.55999755859375,211.00999450683594,205.58999633789062,205.58999633789062,261400
2024-01-23,205.6129608154297,206.4199981689453,209.3699951171875,203.97999572753906,209.3699951171875,321600
2024-01-24,206.60903930664062,207.4199981689453,209.39999389648438,205.9199981689453,208.75999450683594,437700
2024-01-25,211.56956481933594,212.39999389648438,212.88999938964844,204.27000427246094,210.0,417300
2024-01-26,215.0658416748047,215.91000366210938,216.99000549316406,214.36000061035156,215.8800048828125,365100
2024-01-29,223.5027313232422,224.3800048828125,225.3699951171875,215.08999633789062,216.9199981689453,532200
2024-01-30,227.9652099609375,228.86000061035156,229.72999572753906,223.75,224.7100067138672,632500
2024-01-31,225.3953094482422,226.27999877929688,230.02000427246094,226.0,227.35000610351562,451500
2024-02-01,232.9556121826172,233.8699951171875,234.47000122070312,226.6300048828125,228.19000244140625,393300
2024-02-02,235.30641174316406,236.22999572753906,237.42999267578125,229.7899932861328,231.63999938964844,293000
2024-02-05,232.64683532714844,233.55999755859375,235.3300018310547,231.0399932861328,233.42999267578125,335800
2024-02-06,234.89801025390625,235.82000732421875,237.02999877929688,233.27000427246094,233.61000061035156,311800
2024-02-07,239.34056091308594,240.27999877929688,242.00999450683594,237.52000427246094,238.7100067138672,343400
2024-02-08,242.42845153808594,243.3800048828125,243.6699981689453,239.52000427246094,240.2899932861328,327700
2024-02-09,242.26907348632812,243.22000122070312,244.72000122070312,242.8300018310547,244.42999267578125,371300
2024-02-12,245.40675354003906,246.3699951171875,249.00999450683594,244.17999267578125,244.49000549316406,334700
2024-02-13,239.4501495361328,240.38999938964844,240.52000427246094,234.0,239.22999572753906,485600
2024-02-14,244.35089111328125,245.30999755859375,247.41000366210938,241.3800048828125,243.41000366210938,328000
2024-02-15,248.06631469726562,249.0399932861328,249.36000061035156,243.16000366210938,247.61000061035156,319400
2024-02-16,245.54620361328125,246.50999450683594,252.30999755859375,246.3699951171875,250.0,356700
2024-02-20,241.18333435058594,242.1300048828125,245.72000122070312,240.35000610351562,244.27999877929688,340700
2024-02-21,241.35267639160156,242.3000030517578,243.00999450683594,241.33999633789062,242.07000732421875,214500
2024-02-22,248.5344696044922,249.50999450683594,250.08999633789062,244.0,244.0,286200
2024-02-23,247.69775390625,248.6699981689453,251.24000549316406,247.92999267578125,250.83999633789062,223300
2024-02-26,250.00869750976562,250.99000549316406,252.0,248.0500030517578,248.41000366210938,215600
2024-02-27,250.08836364746094,251.07000732421875,253.1300048828125,250.5800018310547,251.47999572753906,247300
2024-02-28,249.7298126220703,250.7100067138672,253.02000427246094,250.14999389648438,250.14999389648438,207900
2024-02-29,252.55868530273438,253.5500030517578,255.36000061035156,252.44000244140625,253.30999755859375,271000
2024-03-01,255.19834899902344,256.20001220703125,256.6199951171875,252.97999572753906,252.97999572753906,247300
2024-03-04,257.66864013671875,258.67999267578125,261.4100036621094,257.6199951171875,257.8599853515625,275800
2024-03-05,253.99305725097656,254.99000549316406,259.760009765625,254.39999389648438,257.1400146484375,264000
2024-03-06,255.21823120117188,256.2200012207031,258.3900146484375,253.05999755859375,256.989990234375,296100
2024-03-07,258.55517578125,259.57000732421875,262.3999938964844,257.6600036621094,257.6600036621094,169700
2024-03-08,255.9852294921875,256.989990234375,261.6499938964844,255.88999938964844,259.42999267578125,174600
2024-03-11,250.6262664794922,251.61000061035156,256.3800048828125,247.22000122070312,255.75999450683594,312300
2024-03-12,253.4651336669922,254.4600067138672,255.1999969482422,252.22000122070312,252.3800048828125,303800
2024-03-13,249.02255249023438,250.0,256.67999267578125,249.5399932861328,253.80999755859375,662600
2024-03-14,249.6307830810547,250.36000061035156,253.17999267578125,247.91000366210938,249.13999938964844,669000
2024-03-15,248.8430938720703,249.57000732421875,252.22999572753906,248.02999877929688,248.02999877929688,518200
2024-03-18,249.15219116210938,249.8800048828125,252.00999450683594,248.91000366210938,250.91000366210938,237300
2024-03-19,253.4296875,254.1699981689453,254.2899932861328,249.4499969482422,249.55999755859375,209100
2024-03-20,260.7582702636719,261.5199890136719,261.6600036621094,254.17999267578125,254.17999267578125,323600
2024-03-21,263.95892333984375,264.7300109863281,264.9200134277344,260.94000244140625,262.70001220703125,248500
2024-03-22,266.7906494140625,267.57000732421875,267.8599853515625,263.25,266.3500061035156,284800
2024-03-25,267.36895751953125,268.1499938964844,268.8999938964844,266.3500061035156,267.4599914550781,263700
2024-03-26,269.28338623046875,270.07000732421875,270.1700134277344,267.42999267578125,269.0,360200
2024-03-27,268.3460998535156,269.1300048828125,272.7200012207031,266.1499938964844,271.30999755859375,249500
2024-03-28,270.9584655761719,271.75,272.30999755859375,267.2200012207031,269.6700134277344,278800
2024-04-01,269.03411865234375,269.82000732421875,272.4200134277344,268.4200134277344,272.3500061035156,229900
2024-04-02,263.2509765625,264.0199890136719,268.7699890136719,262.57000732421875,268.42999267578125,310900
2024-04-03,265.1553955078125,265.92999267578125,267.32000732421875,262.5199890136719,262.5199890136719,321900
2024-04-04,259.2427062988281,260.0,270.489990234375,259.69000244140625,268.4100036621094,253000
2024-04-05,265.9630432128906,266.739990234375,267.0199890136719,261.3800048828125,261.3800048828125,231800
2024-04-08,265.4944152832031,266.2699890136719,269.9700012207031,265.6199951171875,267.79998779296875,172800
2024-04-09,258.43505859375,259.19000244140625,267.7699890136719,257.57000732421875,266.6600036621094,249900
2024-04-10,252.38272094726562,253.1199951171875,258.0799865722656,252.33999633789062,253.4199981689453,343500
2024-04-11,256.4808044433594,257.2300109863281,258.739990234375,254.7100067138672,255.19000244140625,273300
2024-04-12,254.15756225585938,254.89999389648438,256.1199951171875,252.1999969482422,254.89999389648438,258200
2024-04-15,249.23196411132812,249.9600067138672,260.0899963378906,249.80999755859375,260.0899963378906,302500
2024-04-16,248.0553741455078,248.77999877929688,250.1699981689453,246.6699981689453,249.77000427246094,197800
2024-04-17,244.1368408203125,244.85000610351562,251.2899932861328,244.57000732421875,250.0,312900
2024-04-18,241.6740264892578,242.3800048828125,248.69000244140625,241.82000732421875,247.42999267578125,241400
2024-04-19,237.49623107910156,238.19000244140625,244.42999267578125,236.92999267578125,242.64999389648438,525300
2024-04-22,244.1866912841797,244.89999389648438,246.92999267578125,238.25999450683594,239.60000610351562,324000
2024-04-23,252.71177673339844,253.4499969482422,253.88999938964844,245.60000610351562,245.60000610351562,339400
2024-04-24,252.39273071289062,253.1300048828125,256.8999938964844,249.89999389648438,253.97999572753906,262000
2024-04-25,253.1903839111328,253.92999267578125,254.4499969482422,246.1300048828125,247.77000427246094,208800
2024-04-26,255.95233154296875,256.70001220703125,257.0799865722656,253.8699951171875,255.22999572753906,150300
2024-04-29,257.5576171875,258.30999755859375,258.7699890136719,255.99000549316406,257.6000061035156,148300
2024-04-30,249.9797821044922,250.7100067138672,258.5,250.47000122070312,256.239990234375,173800
2024-05-01,251.86427307128906,252.60000610351562,258.3299865722656,248.3300018310547,250.86000061035156,234500
2024-05-02,256.181640625,256.92999267578125,257.0,248.52000427246094,256.4599914550781,278700
2024-05-03,260.3594055175781,261.1199951171875,266.54998779296875,260.3299865722656,261.4800109863281,393300
2024-05-06,265.9132080078125,266.69000244140625,266.69000244140625,263.5799865722656,263.5799865722656,171500
2024-05-07,267.5484313964844,268.3299865722656,270.2900085449219,263.2699890136719,266.19000244140625,285500
2024-05-08,266.58123779296875,267.3599853515625,269.0,264.3500061035156,266.4599914550781,183500
2024-05-09,266.50152587890625,267.2799987792969,269.0199890136719,266.7900085449219,267.510009765625,208000
2024-05-10,268.3660583496094,269.1499938964844,271.2099914550781,268.6700134277344,268.9599914550781,195300
2024-05-13,266.93023681640625,267.7099914550781,271.6600036621094,266.69000244140625,269.6499938964844,176900
2024-05-14,267.9173583984375,268.70001220703125,268.95001220703125,265.8399963378906,267.55999755859375,136700
2024-05-15,273.152099609375,273.95001220703125,276.6099853515625,270.7900085449219,270.7900085449219,297800
2024-05-16,257.4479675292969,258.20001220703125,272.8999938964844,257.95001220703125,272.32000732421875,319600
2024-05-17,255.55348205566406,256.29998779296875,261.17999267578125,255.1300048828125,259.5400085449219,300200
2024-05-20,256.22149658203125,256.9700012207031,258.6499938964844,255.52999877929688,256.0,356300
2024-05-21,241.5842742919922,242.2899932861328,243.64999389648438,228.32000732421875,230.1300048828125,1072000
2024-05-22,238.10446166992188,238.8000030517578,242.0,236.0,240.55999755859375,454500
2024-05-23,234.90379333496094,235.58999633789062,241.30999755859375,232.8300018310547,241.30999755859375,333800
2024-05-24,237.5760040283203,238.27000427246094,238.50999450683594,234.91000366210938,237.85000610351562,216700
2024-05-28,231.5535888671875,232.22999572753906,239.0,231.24000549316406,239.0,298500
2024-05-29,228.07374572753906,228.74000549316406,231.30999755859375,226.27000427246094,230.0,463900
2024-05-30,232.84979248046875,233.52999877929688,234.08999633789062,229.8300018310547,229.8300018310547,279100
2024-05-31,231.71311950683594,232.38999938964844,234.58999633789062,224.61000061035156,233.8300018310547,478500
2024-06-03,226.37869262695312,227.0399932861328,233.88999938964844,226.02999877929688,233.88999938964844,335600
2024-06-04,223.57687377929688,224.22999572753906,227.55999755859375,222.80999755859375,225.57000732421875,320900
2024-06-05,229.18052673339844,229.85000610351562,230.5,223.50999450683594,225.64999389648438,242100
2024-06-06,226.72769165039062,227.38999938964844,230.64999389648438,226.61000061035156,228.97999572753906,212800
2024-06-07,224.03555297851562,224.69000244140625,227.6300048828125,224.05999755859375,226.63999938964844,237000
2024-06-10,224.93292236328125,225.58999633789062,227.32000732421875,222.14999389648438,223.0800018310547,237300
2024-06-11,222.59974670410156,223.25,225.1199951171875,221.27000427246094,224.36000061035156,263800
2024-06-12,228.55233764648438,229.22000122070312,235.6699981689453,227.8699951171875,228.69000244140625,281600
2024-06-13,230.24740600585938,230.9199981689453,232.57000732421875,226.9499969482422,228.38999938964844,260000
2024-06-14,225.9200439453125,226.5800018310547,228.07000732421875,223.8300018310547,228.0,448300
2024-06-17,229.59336853027344,230.00999450683594,230.42999267578125,224.60000610351562,225.8699951171875,294400
2024-06-18,228.06614685058594,228.47999572753906,231.7899932861328,226.36000061035156,230.17999267578125,260000
2024-06-20,216.42727661132812,216.82000732421875,226.17999267578125,213.07000732421875,226.1699981689453,497400
2024-06-21,216.08787536621094,216.47999572753906,216.8000030517578,212.2100067138672,214.9499969482422,616400
2024-06-24,217.00621032714844,217.39999389648438,219.8000030517578,214.9600067138672,216.47999572753906,358600
2024-06-25,212.8936767578125,213.27999877929688,216.47000122070312,211.64999389648438,215.47000122070312,355200
2024-06-26,214.1913299560547,214.5800018310547,215.4199981689453,211.97000122070312,211.97000122070312,313200
2024-06-27,214.61056518554688,215.0,216.33999633789062,213.60000610351562,215.33999633789062,355500
2024-06-28,217.06610107421875,217.4600067138672,220.02999877929688,215.4600067138672,216.88999938964844,643600
2024-07-01,213.90184020996094,214.2899932861328,218.67999267578125,212.4199981689453,218.10000610351562,302300
2024-07-02,214.0016632080078,214.38999938964844,214.5399932861328,211.9499969482422,213.3699951171875,382000
2024-07-03,217.12600708007812,217.52000427246094,218.32000732421875,214.1199951171875,214.1199951171875,167200
2024-07-05,214.4109344482422,214.8000030517578,217.1999969482422,213.07000732421875,216.0800018310547,288900
2024-07-08,213.03341674804688,213.4199981689453,217.91000366210938,213.22000122070312,216.6199951171875,354300
2024-07-09,212.00527954101562,212.38999938964844,214.94000244140625,211.44000244140625,213.4199981689453,232600
2024-07-10,216.77664184570312,217.1699981689453,217.77999877929688,212.13999938964844,212.83999633789062,418600
2024-07-11,226.9381866455078,227.35000610351562,227.82000732421875,219.41000366210938,220.0500030517578,343200
2024-07-12,229.04437255859375,229.4600067138672,234.63999938964844,228.63999938964844,228.9600067138672,460500
2024-07-15,232.72767639160156,233.14999389648438,234.61000061035156,230.42999267578125,231.30999755859375,417500
2024-07-16,245.25494384765625,245.6999969482422,246.72999572753906,234.64999389648438,235.6199951171875,524200
2024-07-17,230.19229125976562,230.61000061035156,241.75999450683594,230.61000061035156,241.3800048828125,501700
2024-07-18,229.51351928710938,229.92999267578125,235.27999877929688,227.27000427246094,230.74000549316406,349800
2024-07-19,229.50352478027344,229.9199981689453,231.8699951171875,226.35000610351562,230.83999633789062,228200
2024-07-22,234.3647003173828,234.7899932861328,235.19000244140625,229.24000549316406,231.60000610351562,268800
2024-07-23,239.63516235351562,240.07000732421875,240.5399932861328,232.85000610351562,233.97000122070312,398100
2024-07-24,226.9880828857422,227.39999389648438,239.5500030517578,227.27000427246094,237.0,317900
2024-07-25,235.19320678710938,235.6199951171875,242.02999877929688,228.22000122070312,228.5399932861328,409700
2024-07-26,245.62428283691406,246.07000732421875,248.19000244140625,239.42999267578125,240.07000732421875,597900
2024-07-29,248.2794647216797,248.72999572753906,251.41000366210938,246.1699981689453,246.63999938964844,627300
2024-07-30,265.118896484375,265.6000061035156,275.6000061035156,262.19000244140625,270.0,813500
2024-07-31,271.8067321777344,272.29998779296875,279.69000244140625,264.7900085449219,266.760009765625,552400
2024-08-01,261.2858581542969,261.760009765625,273.7099914550781,258.9200134277344,272.05999755859375,319200
2024-08-02,253.13064575195312,253.58999633789062,254.02999877929688,244.60000610351562,252.72000122070312,495100
2024-08-05,243.31846618652344,243.75999450683594,247.47000122070312,231.24000549316406,234.97999572753906,327000
2024-08-06,245.3248291015625,245.77000427246094,249.94000244140625,238.66000366210938,241.30999755859375,278200
2024-08-07,237.57887268066406,238.00999450683594,252.52000427246094,237.6199951171875,249.85000610351562,276600
2024-08-08,244.28671264648438,244.72999572753906,247.5399932861328,241.72000122070312,241.72999572753906,209700
2024-08-09,242.0607452392578,242.5,246.17999267578125,240.5399932861328,245.91000366210938,193200
2024-08-12,238.9164581298828,239.35000610351562,243.8699951171875,237.88999938964844,242.50999450683594,182700
2024-08-13,245.02537536621094,245.47000122070312,246.3300018310547,239.52000427246094,242.0800018310547,195100
2024-08-14,243.49813842773438,243.94000244140625,249.9600067138672,242.80999755859375,247.9199981689453,551900
2024-08-15,250.7250213623047,251.17999267578125,252.19000244140625,246.22999572753906,247.89999389648438,318000
2024-08-16,246.70233154296875,247.14999389648438,251.85000610351562,246.92999267578125,251.0,218800
2024-08-19,249.26766967773438,249.72000122070312,249.97999572753906,246.1999969482422,247.61000061035156,185200
2024-08-20,248.4890899658203,248.94000244140625,251.0500030517578,247.3300018310547,250.1699981689453,196000
2024-08-21,254.88748168945312,255.35000610351562,257.17999267578125,251.10000610351562,253.0,170800
2024-08-22,254.07894897460938,254.5399932861328,256.70001220703125,252.58999633789062,255.41000366210938,144900
2024-08-23,265.35845947265625,265.8399963378906,267.6400146484375,257.4599914550781,258.70001220703125,181400
2024-08-26,265.2087707519531,265.69000244140625,271.75,264.44000244140625,268.19000244140625,196300
2024-08-27,255.46641540527344,255.92999267578125,263.3900146484375,254.10000610351562,263.3900146484375,185700
2024-08-28,251.5934600830078,252.0500030517578,258.1199951171875,251.9199981689453,255.7100067138672,271900
2024-08-29,254.3284912109375,254.7899932861328,257.05999755859375,249.8699951171875,253.83999633789062,219300
2024-08-30,257.28314208984375,257.75,257.8999938964844,252.3000030517578,256.94000244140625,270800
2024-09-03,244.26675415039062,244.7100067138672,256.29998779296875,243.75,256.1300048828125,253000
2024-09-04,240.56346130371094,241.0,244.60000610351562,238.3699951171875,244.60000610351562,187500
2024-09-05,237.94821166992188,238.3800048828125,242.74000549316406,235.74000549316406,241.35000610351562,179900
2024-09-06,240.42372131347656,240.86000061035156,242.72000122070312,237.24000549316406,239.7100067138672,390600
2024-09-09,242.30032348632812,242.74000549316406,246.25,241.9199981689453,241.97999572753906,369300
2024-09-10,249.87657165527344,250.3300018310547,250.99000549316406,245.0800018310547,245.1999969482422,397100
2024-09-11,252.2921905517578,252.75,253.2100067138672,241.66000366210938,249.13999938964844,297200
2024-09-12,265.1688232421875,265.6499938964844,266.5899963378906,252.8800048828125,253.92999267578125,577200
2024-09-13,270.189697265625,270.67999267578125,273.5899963378906,267.8800048828125,267.8800048828125,362200
2024-09-16,278.0654296875,278.57000732421875,279.7099914550781,270.54998779296875,272.70001220703125,468900
2024-09-17,280.4632263183594,280.7200012207031,283.17999267578125,275.5799865722656,278.5,416600
2024-09-18,283.5004577636719,283.760009765625,292.2099914550781,278.739990234375,284.44000244140625,306700
2024-09-19,291.8028564453125,292.07000732421875,292.739990234375,284.5799865722656,292.3699951171875,370600
2024-09-20,287.4068908691406,287.6700134277344,293.0,286.29998779296875,293.0,712600
2024-09-23,287.6766357421875,287.94000244140625,291.7799987792969,281.7900085449219,289.45001220703125,316800
2024-09-24,285.11895751953125,285.3800048828125,289.7699890136719,283.4100036621094,287.8500061035156,168500
2024-09-25,282.2915344238281,282.54998779296875,286.67999267578125,281.04998779296875,286.510009765625,183600
2024-09-26,283.9800109863281,284.239990234375,289.6099853515625,283.4200134277344,287.6499938964844,160800
2024-09-27,285.96820068359375,286.2300109863281,288.5899963378906,283.0199890136719,285.3500061035156,220400
2024-09-30,287.3868713378906,287.6499938964844,288.0400085449219,282.80999755859375,285.2799987792969,262000
2024-10-01,283.6103515625,283.8699951171875,286.8900146484375,280.1099853515625,284.739990234375,173500
2024-10-02,281.282470703125,281.5400085449219,283.4800109863281,280.260009765625,281.3699951171875,180000
2024-10-03,284.72930908203125,284.989990234375,288.25,279.7900085449219,282.6700134277344,328900
2024-10-04,282.5213317871094,282.7799987792969,289.07000732421875,280.94000244140625,288.8299865722656,196400
2024-10-07,284.4595642089844,284.7200012207031,286.1400146484375,278.3599853515625,279.2200012207031,284900
2024-10-08,288.2560729980469,288.5199890136719,289.19000244140625,281.989990234375,286.6600036621094,180800
2024-10-09,292.8818664550781,293.1499938964844,295.3399963378906,290.0,290.42999267578125,297500
2024-10-10,289.1652526855469,289.42999267578125,291.9700012207031,288.1000061035156,289.82000732421875,174600
2024-10-11,291.6629638671875,291.92999267578125,292.8900146484375,287.0899963378906,290.1000061035156,235400
2024-10-14,297.1279602050781,297.3999938964844,298.0199890136719,291.8900146484375,292.489990234375,199200
2024-10-15,295.4295349121094,295.70001220703125,304.9800109863281,295.5400085449219,299.3500061035156,209100
2024-10-16,300.3550109863281,300.6300048828125,302.9100036621094,296.8699951171875,296.8699951171875,208000
2024-10-17,304.0716247558594,304.3500061035156,304.8999938964844,300.7900085449219,301.510009765625,218900
2024-10-18,302.61297607421875,302.8900146484375,306.3599853515625,300.92999267578125,304.45001220703125,205700
2024-10-21,296.85821533203125,297.1300048828125,303.07000732421875,296.55999755859375,302.95001220703125,228500
2024-10-22,288.7156982421875,288.9800109863281,294.260009765625,288.9599914550781,294.260009765625,264800
2024-10-23,286.2779235839844,286.5400085449219,291.6300048828125,283.44000244140625,289.0,264300
2024-10-24,289.18524169921875,289.45001220703125,290.5799865722656,283.8299865722656,286.25,397500
2024-10-25,287.89642333984375,288.1600036621094,294.9599914550781,286.489990234375,292.20001220703125,223100
2024-10-28,288.775634765625,289.0400085449219,291.2799987792969,287.1300048828125,290.3500061035156,368200
2024-10-29,282.6612243652344,282.9200134277344,283.8399963378906,277.70001220703125,277.70001220703125,517300
2024-10-30,288.0662536621094,288.3299865722656,291.8500061035156,283.3299865722656,283.6300048828125,293700
2024-10-31,285.1988830566406,285.4599914550781,288.95001220703125,282.8900146484375,288.95001220703125,240000
2024-11-01,287.2270202636719,287.489990234375,292.0799865722656,284.8699951171875,288.4100036621094,224500
2024-11-04,287.986328125,288.25,292.1600036621094,285.760009765625,285.760009765625,155300
2024-11-05,295.4494934082031,295.7200012207031,295.82000732421875,287.7699890136719,287.7699890136719,292800
2024-11-06,312.47393798828125,312.760009765625,315.8599853515625,307.3900146484375,308.54998779296875,545500
2024-11-07,311.2650146484375,311.54998779296875,313.44000244140625,306.4100036621094,312.67999267578125,238500
2024-11-08,311.5947265625,311.8800048828125,313.7900085449219,308.7300109863281,310.760009765625,330100
2024-11-11,313.30316162109375,313.5899963378906,317.0,310.2300109863281,314.70001220703125,153700
2024-11-12,310.0860900878906,310.3699951171875,314.25,308.69000244140625,312.489990234375,251700
2024-11-13,307.9680480957031,308.25,312.2699890136719,306.3500061035156,311.8299865722656,230500
2024-11-14,305.31048583984375,305.5899963378906,313.0799865722656,304.32000732421875,309.0,255400
2024-11-15,301.0044250488281,301.2799987792969,307.7900085449219,299.54998779296875,305.510009765625,230400
2024-11-18,299.9254150390625,300.20001220703125,302.6099853515625,297.1499938964844,300.95001220703125,189200
2024-11-19,299.37591552734375,299.6499938964844,301.3299865722656,295.6400146484375,296.4599914550781,169500
2024-11-20,299.9953308105469,300.2699890136719,301.6400146484375,298.2900085449219,300.4100036621094,242200
2024-11-21,308.8272399902344,309.1099853515625,309.79998779296875,301.79998779296875,301.79998779296875,248300
2024-11-22,314.0624694824219,314.3500061035156,314.5199890136719,308.9800109863281,310.0,241900
2024-11-25,315.0016174316406,315.2900085449219,321.92999267578125,312.20001220703125,312.3900146484375,578400
2024-11-26,309.6764831542969,309.9599914550781,313.8599853515625,307.010009765625,313.8599853515625,244900
2024-11-27,305.650146484375,305.92999267578125,312.6700134277344,304.4700012207031,310.5299987792969,137500
2024-11-29,308.637451171875,308.9200134277344,309.9599914550781,306.3599853515625,309.2699890136719,117400
2024-12-02,303.37225341796875,303.6499938964844,309.2300109863281,302.70001220703125,309.2300109863281,231800
2024-12-03,302.3232116699219,302.6000061035156,304.57000732421875,301.0199890136719,304.3699951171875,172800
2024-12-04,301.56390380859375,301.8399963378906,303.29998779296875,298.1300048828125,300.79998779296875,221900
2024-12-05,299.7255859375,300.0,300.1499938964844,292.4200134277344,299.0,324400
2024-12-06,296.4286193847656,296.70001220703125,301.3500061035156,295.510009765625,301.2699890136719,287000
2024-12-09,284.7193298339844,284.9800109863281,298.92999267578125,284.489990234375,296.57000732421875,500000
2024-12-10,277.2961120605469,277.54998779296875,284.739990234375,274.8800048828125,282.4100036621094,515100
2024-12-11,278.16534423828125,278.4200134277344,283.2099914550781,276.260009765625,283.2099914550781,369100
2024-12-12,277.3460998535156,277.6000061035156,283.0,276.0199890136719,278.5199890136719,256100
2024-12-13,273.07000732421875,273.32000732421875,277.80999755859375,271.1400146484375,277.25,365900
2024-12-16,267.9700012207031,267.9700012207031,273.29998779296875,267.0400085449219,273.1000061035156,426900
2024-12-17,266.3999938964844,266.3999938964844,269.0,264.2699890136719,265.5199890136719,305600
2024-12-18,257.1000061035156,257.1000061035156,269.6000061035156,256.7699890136719,267.9599914550781,335200
2024-12-19,250.1999969482422,250.1999969482422,260.9599914550781,249.52999877929688,258.0199890136719,468000
2024-12-20,248.3000030517578,248.3000030517578,253.86000061035156,247.02999877929688,249.6300048828125,651900
2024-12-23,248.91000366210938,248.91000366210938,250.9199981689453,246.83999633789062,247.22000122070312,290000
