Date,Adj Close,Close,High,Low,Open,Volume
2021-03-23,18.09908103942871,25.25,25.389999389648438,25.219999313354492,25.290000915527344,35703
2021-03-24,18.06324577331543,25.200000762939453,25.8700008392334,25.200000762939453,25.270000457763672,86956
2021-03-25,18.278282165527344,25.5,25.5,25.25,25.389999389648438,58128
2021-03-26,18.457477569580078,25.75,25.75,25.450000762939453,25.5,58115
2021-03-29,18.349960327148438,25.600000381469727,25.700000762939453,25.5,25.700000762939453,73136
2021-03-30,18.278282165527344,25.5,25.68000030517578,25.440000534057617,25.5,24153
2021-03-31,18.24243927001953,25.450000762939453,25.53820037841797,25.399999618530273,25.479999542236328,46953
2021-04-01,18.24960708618164,25.459999084472656,25.569900512695312,25.43000030517578,25.459999084472656,40200
2021-04-05,18.335622787475586,25.579999923706055,25.700000762939453,25.489999771118164,25.5,94332
2021-04-06,18.493314743041992,25.799999237060547,25.8799991607666,25.700000762939453,25.729999542236328,14459
2021-04-07,18.48615264892578,25.790000915527344,25.8799991607666,25.75,25.829999923706055,28319
2021-04-08,18.564926147460938,25.899900436401367,25.969999313354492,25.850000381469727,25.850000381469727,17176
2021-04-09,18.565000534057617,25.899999618530273,25.969999313354492,25.850000381469727,25.969999313354492,7359
2021-04-12,18.565000534057617,25.899999618530273,25.969999313354492,25.850000381469727,25.899999618530273,14570
2021-04-13,18.728933334350586,26.128700256347656,26.299999237060547,25.898000717163086,25.940000534057617,28209
2021-04-14,18.801544189453125,26.229999542236328,26.40999984741211,26.1299991607666,26.1299991607666,24104
2021-04-15,18.92339515686035,26.399999618530273,26.450000762939453,26.364999771118164,26.43000030517578,41984
2021-04-16,19.045249938964844,26.56999969482422,26.700000762939453,26.40999984741211,26.510000228881836,37796
2021-04-19,19.38931655883789,27.049999237060547,27.170000076293945,26.639999389648438,26.799999237060547,122252
2021-04-20,19.40365219116211,27.06999969482422,27.21820068359375,26.93000030517578,27.0,18978
2021-04-21,19.482498168945312,27.18000030517578,27.219999313354492,26.920000076293945,27.149999618530273,15939
2021-04-22,19.38931655883789,27.049999237060547,27.100000381469727,26.93000030517578,26.989999771118164,20563
2021-04-23,19.417987823486328,27.09000015258789,27.190000534057617,27.09000015258789,27.094999313354492,7199
2021-04-26,19.360641479492188,27.010000228881836,27.190000534057617,27.010000228881836,27.059999465942383,10604
2021-04-27,19.360641479492188,27.010000228881836,27.179899215698242,27.010000228881836,27.170000076293945,10165
2021-04-28,19.446657180786133,27.1299991607666,27.18000030517578,26.90999984741211,27.110000610351562,16099
2021-04-29,19.417987823486328,27.09000015258789,27.149999618530273,27.049999237060547,27.149999618530273,4566
2021-04-30,19.50254249572754,26.8700008392334,26.8700008392334,26.78499984741211,26.860000610351562,12988
2021-05-03,19.444475173950195,26.790000915527344,26.829999923706055,26.75,26.790000915527344,10112
2021-05-04,19.379152297973633,26.700000762939453,26.770000457763672,26.549999237060547,26.770000457763672,13254
2021-05-05,19.30657386779785,26.600000381469727,26.649999618530273,26.43000030517578,26.770000457763672,6707
2021-05-06,19.424882888793945,26.76300048828125,26.81999969482422,26.459999084472656,26.600000381469727,10553
2021-05-07,19.03802490234375,26.229999542236328,26.799999237060547,26.010000228881836,26.690000534057617,62624
2021-05-10,18.97995948791504,26.149999618530273,26.270000457763672,26.110599517822266,26.270000457763672,16514
2021-05-11,18.98721694946289,26.15999984741211,26.219999313354492,25.700000762939453,26.0,16109
2021-05-12,18.82753562927246,25.940000534057617,26.115999221801758,25.81999969482422,26.030000686645508,11615
2021-05-13,18.769472122192383,25.860000610351562,26.079500198364258,25.81999969482422,25.889999389648438,21100
2021-05-14,18.88923454284668,26.024999618530273,26.06999969482422,25.8700008392334,25.979799270629883,4714
2021-05-17,18.885601043701172,26.020000457763672,26.135000228881836,25.950000762939453,26.059999465942383,12577
2021-05-18,19.081571578979492,26.290000915527344,26.309900283813477,26.1299991607666,26.139999389648438,22627
2021-05-19,19.081571578979492,26.290000915527344,26.439899444580078,26.1200008392334,26.1200008392334,15248
2021-05-20,19.081571578979492,26.290000915527344,26.469999313354492,26.290000915527344,26.399999618530273,16286
2021-05-21,19.07794189453125,26.28499984741211,26.399200439453125,26.239999771118164,26.309999465942383,168977
2021-05-24,19.11060333251953,26.329999923706055,26.49799919128418,26.281200408935547,26.350000381469727,43758
2021-05-25,19.074316024780273,26.280000686645508,26.399999618530273,26.280000686645508,26.399999618530273,21268
2021-05-26,19.074316024780273,26.280000686645508,26.3799991607666,26.21179962158203,26.3799991607666,35021
2021-05-27,19.06705665588379,26.270000457763672,26.3799991607666,26.100000381469727,26.3799991607666,7145
2021-05-28,19.052539825439453,26.25,26.280000686645508,26.209999084472656,26.209999084472656,5876
2021-06-01,19.081571578979492,26.290000915527344,26.3700008392334,26.25,26.3700008392334,7620
2021-06-02,19.052539825439453,26.25,26.459999084472656,26.229999542236328,26.264699935913086,43346
2021-06-03,19.081571578979492,26.290000915527344,26.299999237060547,26.219999313354492,26.25,30076
2021-06-04,19.154151916503906,26.389999389648438,26.489999771118164,26.260000228881836,26.389999389648438,89565
2021-06-07,19.466251373291016,26.81999969482422,26.850000381469727,26.59000015258789,26.709999084472656,90382
2021-06-08,19.54608726501465,26.93000030517578,26.979999542236328,26.81999969482422,26.83609962463379,19446
2021-06-09,19.567867279052734,26.959999084472656,27.040000915527344,26.93000030517578,26.979999542236328,10329
2021-06-10,19.64044189453125,27.059999465942383,27.09000015258789,26.899999618530273,26.959999084472656,8242
2021-06-11,19.625932693481445,27.040000915527344,27.075000762939453,26.830299377441406,27.059999465942383,9779
2021-06-14,19.594575881958008,26.99679946899414,27.08209991455078,26.87220001220703,27.040000915527344,3665
2021-06-15,19.662221908569336,27.09000015258789,27.09000015258789,26.92530059814453,27.0,13475
2021-06-16,19.70438575744629,27.148099899291992,27.148099899291992,27.148099899291992,27.148099899291992,208
2021-06-17,19.639867782592773,27.059200286865234,27.149900436401367,27.059200286865234,27.149900436401367,677
2021-06-18,19.704025268554688,27.147600173950195,27.147600173950195,27.049999237060547,27.049999237060547,1242
2021-06-21,19.567867279052734,26.959999084472656,27.239999771118164,26.8799991607666,27.149999618530273,5755
2021-06-22,19.63319206237793,27.049999237060547,27.151399612426758,26.850000381469727,26.850000381469727,6215
2021-06-23,19.771093368530273,27.239999771118164,27.25,26.902799606323242,26.959999084472656,9964
2021-06-24,19.85455894470215,27.354999542236328,27.389999389648438,27.110000610351562,27.389999389648438,5275
2021-06-25,19.90899658203125,27.43000030517578,27.440000534057617,27.309999465942383,27.389999389648438,11449
2021-06-28,20.06867027282715,27.649999618530273,27.965099334716797,27.579999923706055,27.59000015258789,9018
2021-06-29,19.95980453491211,27.5,27.75,27.431900024414062,27.75,8699
2021-06-30,19.85093116760254,27.350000381469727,27.5,27.350000381469727,27.479999542236328,1301
2021-07-01,19.91305923461914,27.43560028076172,27.621000289916992,27.3799991607666,27.5,1699
2021-07-02,20.061416625976562,27.639999389648438,27.639999389648438,27.5,27.600000381469727,1798
2021-07-06,20.061416625976562,27.639999389648438,27.68000030517578,27.540000915527344,27.68000030517578,2642
2021-07-07,20.104963302612305,27.700000762939453,27.839399337768555,27.5,27.829999923706055,8914
2021-07-08,20.09407615661621,27.684999465942383,27.684999465942383,27.40999984741211,27.549999237060547,1327
2021-07-09,19.930768966674805,27.459999084472656,27.749500274658203,27.40999984741211,27.479999542236328,4394
2021-07-12,19.85093116760254,27.350000381469727,27.549999237060547,27.209999084472656,27.549999237060547,7195
2021-07-13,19.778350830078125,27.25,27.350000381469727,27.209999084472656,27.350000381469727,3983
2021-07-14,19.933382034301758,27.463600158691406,27.463600158691406,27.0,27.450000762939453,621
2021-07-15,19.95980453491211,27.5,27.54800033569336,27.40999984741211,27.40999984741211,11247
2021-07-16,19.50254249572754,26.8700008392334,27.44499969482422,26.81999969482422,27.09000015258789,32640
2021-07-19,19.589637756347656,26.989999771118164,27.21500015258789,26.829999923706055,26.829999923706055,2527
2021-07-20,20.018375396728516,27.580699920654297,27.597999572753906,27.079999923706055,27.079999923706055,3857
2021-07-21,19.742061614990234,27.200000762939453,27.399200439453125,27.200000762939453,27.299999237060547,1412
2021-07-22,19.930768966674805,27.459999084472656,27.600000381469727,27.325000762939453,27.600000381469727,2934
2021-07-23,19.95980453491211,27.5,27.677799224853516,27.469999313354492,27.549999237060547,4491
2021-07-26,19.95980453491211,27.5,27.789899826049805,27.5,27.600000381469727,6794
2021-07-27,20.04690170288086,27.6200008392334,27.6200008392334,27.31999969482422,27.5,892
2021-07-28,20.20657730102539,27.84000015258789,27.84000015258789,27.674999237060547,27.790000915527344,9652
2021-07-29,20.06867027282715,27.649999618530273,27.860000610351562,27.603500366210938,27.860000610351562,12483
2021-07-30,20.279142379760742,27.34000015258789,27.34000015258789,27.110000610351562,27.309999465942383,8234
2021-08-02,20.227222442626953,27.270000457763672,27.270000457763672,27.1299991607666,27.229999542236328,2141
2021-08-03,20.203487396240234,27.238000869750977,27.350000381469727,26.889999389648438,27.350000381469727,7890
2021-08-04,20.24947166442871,27.299999237060547,27.300100326538086,27.209999084472656,27.229999542236328,2607
2021-08-05,20.323646545410156,27.399999618530273,27.415000915527344,27.350000381469727,27.350000381469727,7036
2021-08-06,20.28656005859375,27.350000381469727,27.375,27.25,27.375,2357
2021-08-09,19.782180786132812,26.670000076293945,27.350000381469727,26.670000076293945,27.350000381469727,14769
2021-08-10,19.834096908569336,26.739999771118164,26.90999984741211,26.700000762939453,26.700000762939453,3083
2021-08-11,19.76734161376953,26.649999618530273,26.780000686645508,26.469999313354492,26.75,15648
2021-08-12,19.900856018066406,26.829999923706055,26.829999923706055,26.540000915527344,26.709999084472656,2304
2021-08-13,19.863767623901367,26.780000686645508,26.885000228881836,26.719999313354492,26.799999237060547,2386
2021-08-16,20.1159610748291,27.1200008392334,27.1200008392334,26.821199417114258,26.8799991607666,4835
2021-08-17,19.975027084350586,26.93000030517578,27.453800201416016,26.875,26.989999771118164,1915
2021-08-18,19.997283935546875,26.959999084472656,27.04990005493164,26.809999465942383,26.809999465942383,2704
2021-08-19,19.871185302734375,26.790000915527344,26.875,26.700000762939453,26.75,7457
2021-08-20,20.21238899230957,27.25,27.25,26.6299991607666,26.99519920349121,3133
2021-08-23,20.02687644958496,26.999900817871094,27.239999771118164,26.82029914855957,27.239999771118164,5286
2021-08-24,19.893436431884766,26.81999969482422,26.950000762939453,26.81999969482422,26.899999618530273,4183
2021-08-25,20.014934539794922,26.983800888061523,26.983800888061523,26.899999618530273,26.950000762939453,1226
2021-08-26,19.95285415649414,26.900100708007812,27.09000015258789,26.899999618530273,26.979999542236328,2281
2021-08-27,19.952775955200195,26.899999618530273,27.049999237060547,26.690000534057617,26.84000015258789,2711
2021-08-30,19.952775955200195,26.899999618530273,26.980100631713867,26.72010040283203,26.899999618530273,1963
2021-08-31,19.819263458251953,26.719999313354492,26.950000762939453,26.719999313354492,26.950000762939453,4286
2021-09-01,20.227222442626953,27.270000457763672,27.496999740600586,26.882299423217773,26.882299423217773,8424
2021-09-02,20.360734939575195,27.450000762939453,27.510000228881836,27.299999237060547,27.299999237060547,10987
2021-09-03,20.357025146484375,27.44499969482422,27.5,27.399999618530273,27.420000076293945,2486
2021-09-07,20.31993865966797,27.395000457763672,27.489999771118164,27.300100326538086,27.489999771118164,4723
2021-09-08,19.997283935546875,26.959999084472656,27.299999237060547,26.850000381469727,27.299999237060547,9178
2021-09-09,20.00692367553711,26.972999572753906,27.199899673461914,26.933000564575195,26.959999084472656,3104
2021-09-10,20.02695083618164,27.0,27.0,26.969999313354492,26.97010040283203,1382
2021-09-13,20.13821029663086,27.149999618530273,27.469999313354492,26.950000762939453,27.020000457763672,8259
2021-09-14,19.997283935546875,26.959999084472656,27.075000762939453,26.90999984741211,27.075000762939453,1622
2021-09-15,19.997283935546875,26.959999084472656,27.149999618530273,26.8700008392334,26.899999618530273,1859
2021-09-16,20.02598762512207,26.998699188232422,27.0,26.8700008392334,26.969999313354492,2003
2021-09-17,19.93794059753418,26.8799991607666,27.030000686645508,26.850000381469727,27.030000686645508,2902
2021-09-20,19.685754776000977,26.540000915527344,26.940000534057617,26.540000915527344,26.850000381469727,16166
2021-09-21,19.730257034301758,26.600000381469727,26.729999542236328,26.5,26.579999923706055,7971
2021-09-22,19.793302536010742,26.684999465942383,26.759899139404297,26.550399780273438,26.550399780273438,1579
2021-09-23,19.730257034301758,26.600000381469727,26.769899368286133,26.600000381469727,26.769899368286133,8740
2021-09-24,19.730257034301758,26.600000381469727,26.600000381469727,26.572999954223633,26.579999923706055,7161
2021-09-27,19.715423583984375,26.579999923706055,26.749900817871094,26.479999542236328,26.479999542236328,12352
2021-09-28,19.693166732788086,26.549999237060547,26.600099563598633,26.479999542236328,26.579999923706055,5840
2021-09-29,19.7080020904541,26.56999969482422,26.61240005493164,26.469999313354492,26.600000381469727,7012
2021-09-30,19.581907272338867,26.399999618530273,26.6200008392334,26.399999618530273,26.579999923706055,5211
2021-10-01,19.7080020904541,26.56999969482422,26.56999969482422,26.299999237060547,26.499000549316406,11138
2021-10-04,19.55483627319336,26.363500595092773,26.75,26.363500595092773,26.75,10861
2021-10-05,19.448394775390625,26.219999313354492,26.408599853515625,26.219999313354492,26.408599853515625,23418
2021-10-06,19.507732391357422,26.299999237060547,26.299999237060547,26.270000457763672,26.299999237060547,8339
2021-10-07,19.504396438598633,26.295499801635742,26.350000381469727,26.238000869750977,26.350000381469727,33990
2021-10-08,19.481773376464844,26.264999389648438,26.43000030517578,26.239999771118164,26.43000030517578,22087
2021-10-11,19.745092391967773,26.6200008392334,26.81999969482422,26.479999542236328,26.479999542236328,56487
2021-10-12,19.745092391967773,26.6200008392334,27.020000457763672,26.6200008392334,26.75,36981
2021-10-13,19.745092391967773,26.6200008392334,26.950000762939453,26.6200008392334,26.948400497436523,14259
2021-10-14,19.845224380493164,26.7549991607666,26.979999542236328,26.64299964904785,26.75,9900
2021-10-15,19.945358276367188,26.889999389648438,26.987300872802734,26.786699295043945,26.850000381469727,10054
2021-10-18,19.871185302734375,26.790000915527344,27.16990089416504,26.649999618530273,26.93000030517578,21021
2021-10-19,19.730257034301758,26.600000381469727,26.799999237060547,26.5,26.799999237060547,16489
2021-10-20,19.730257034301758,26.600000381469727,27.114599227905273,26.549999237060547,26.68000030517578,26102
2021-10-21,19.863842010498047,26.780099868774414,26.979999542236328,26.780000686645508,26.780000686645508,3416
2021-10-22,19.76734161376953,26.649999618530273,26.899999618530273,26.59869956970215,26.899999618530273,7751
2021-10-25,19.878602981567383,26.799999237060547,26.850000381469727,26.649999618530273,26.649999618530273,3866
2021-10-26,19.878602981567383,26.799999237060547,26.93000030517578,26.700000762939453,26.920000076293945,6137
2021-10-27,20.00469970703125,26.969999313354492,27.0,26.799999237060547,26.809999465942383,8175
2021-10-28,19.97184181213379,26.92569923400879,26.979999542236328,26.889999389648438,26.959999084472656,2739
2021-10-29,20.07654571533203,26.469999313354492,26.479999542236328,26.280000686645508,26.479999542236328,12892
2021-11-01,20.099224090576172,26.499900817871094,26.5,26.149999618530273,26.31999969482422,5594
2021-11-02,20.072755813598633,26.46500015258789,26.5,26.299999237060547,26.5,12567
2021-11-03,20.09929847717285,26.5,26.53230094909668,26.469999313354492,26.53230094909668,3597
2021-11-04,20.16960906982422,26.59269905090332,26.600000381469727,26.5,26.5,2980
2021-11-05,20.106882095336914,26.510000228881836,26.736799240112305,26.5,26.5,9939
2021-11-08,20.354900360107422,26.836999893188477,26.969999313354492,26.5,26.5,7210
2021-11-09,20.09929847717285,26.5,26.90089988708496,26.5,26.90089988708496,4080
2021-11-10,20.281328201293945,26.739999771118164,26.770000457763672,26.56999969482422,26.719999313354492,2430
2021-11-11,20.470947265625,26.989999771118164,26.989999771118164,26.71500015258789,26.829999923706055,977
2021-11-12,20.470947265625,26.989999771118164,26.989999771118164,26.989999771118164,26.989999771118164,0
2021-11-15,20.364761352539062,26.850000381469727,26.950000762939453,26.850000381469727,26.920000076293945,2315
2021-11-16,20.410268783569336,26.90999984741211,26.989999771118164,26.850000381469727,26.850000381469727,3567
2021-11-17,20.41786003112793,26.920000076293945,26.989999771118164,26.911300659179688,26.969999313354492,4219
2021-11-18,20.387514114379883,26.8799991607666,27.059999465942383,26.8700008392334,27.059999465942383,1355
2021-11-19,20.478534698486328,27.0,27.0,26.934999465942383,26.979999542236328,11094
2021-11-22,20.59988784790039,27.15999984741211,27.290000915527344,27.020000457763672,27.290000915527344,13404
2021-11-23,20.62264060974121,27.190000534057617,27.25,27.010000228881836,27.15999984741211,9980
2021-11-24,20.60747528076172,27.170000076293945,27.350000381469727,27.170000076293945,27.200000762939453,2991
2021-11-26,20.520174026489258,27.054899215698242,27.200000762939453,27.0,27.170000076293945,4615
2021-11-29,20.583656311035156,27.138599395751953,27.149999618530273,27.000099182128906,27.149999618530273,1872
2021-11-30,20.379932403564453,26.8700008392334,27.149999618530273,26.8700008392334,27.100000381469727,6737
2021-12-01,20.410268783569336,26.90999984741211,27.014999389648438,26.90999984741211,27.014999389648438,1331
2021-12-02,20.410194396972656,26.909900665283203,26.909900665283203,26.799999237060547,26.899999618530273,1703
2021-12-03,20.364761352539062,26.850000381469727,27.100000381469727,26.842100143432617,27.09000015258789,2153
2021-12-06,20.31326675415039,26.782100677490234,26.90239906311035,26.640100479125977,26.850000381469727,4737
2021-12-07,20.440608978271484,26.950000762939453,27.0,26.899999618530273,26.899999618530273,3318
2021-12-08,20.433025360107422,26.940000534057617,27.100000381469727,26.899999618530273,27.100000381469727,1964
2021-12-09,20.501285552978516,27.030000686645508,27.030000686645508,27.020000457763672,27.020000457763672,615
2021-12-10,20.446826934814453,26.958200454711914,27.040000915527344,26.860000610351562,27.030000686645508,6601
2021-12-13,20.465412139892578,26.98270034790039,27.0,26.850000381469727,26.899999618530273,4374
2021-12-14,20.440608978271484,26.950000762939453,26.969999313354492,26.950000762939453,26.969999313354492,592
2021-12-15,20.501285552978516,27.030000686645508,27.079999923706055,26.860000610351562,26.860000610351562,862
2021-12-16,20.410268783569336,26.90999984741211,27.049999237060547,26.899999618530273,27.049999237060547,433
2021-12-17,20.432268142700195,26.93899917602539,26.93899917602539,26.670000076293945,26.760000228881836,2487
2021-12-20,20.334352493286133,26.809900283813477,26.850099563598633,26.700000762939453,26.850099563598633,2469
2021-12-21,20.250993728637695,26.700000762939453,26.799999237060547,26.66160011291504,26.76569938659668,3941
2021-12-22,20.281328201293945,26.739999771118164,26.739999771118164,26.690000534057617,26.719999313354492,2880
2021-12-23,20.144805908203125,26.559999465942383,26.709999084472656,26.559999465942383,26.709999084472656,7434
2021-12-27,19.917268753051758,26.260000228881836,26.700000762939453,26.25,26.559999465942383,41847
2021-12-28,19.977947235107422,26.34000015258789,26.459999084472656,26.299999237060547,26.31999969482422,20331
2021-12-29,20.129640579223633,26.540000915527344,26.610000610351562,26.540000915527344,26.540000915527344,3180
2021-12-30,20.137222290039062,26.549999237060547,26.690000534057617,26.530099868774414,26.690000534057617,6124
2021-12-31,20.17514991760254,26.600000381469727,26.600000381469727,26.520099639892578,26.579999923706055,3348
2022-01-03,20.008283615112305,26.3799991607666,26.996999740600586,26.3700008392334,26.700000762939453,6943
2022-01-04,20.10726547241211,26.510499954223633,26.520000457763672,26.34000015258789,26.3799991607666,8131
2022-01-05,20.220653533935547,26.65999984741211,26.809900283813477,26.459999084472656,26.459999084472656,7100
2022-01-06,20.220653533935547,26.65999984741211,26.770000457763672,26.56999969482422,26.690000534057617,4866
2022-01-07,20.31546401977539,26.78499984741211,26.86829948425293,26.6200008392334,26.6200008392334,2555
2022-01-10,20.288917541503906,26.75,26.790000915527344,26.674999237060547,26.790000915527344,4486
2022-01-11,20.31925392150879,26.790000915527344,26.80500030517578,26.75,26.770000457763672,13449
2022-01-12,20.304086685180664,26.770000457763672,26.81999969482422,26.719999313354492,26.764999389648438,6085
2022-01-13,20.288917541503906,26.75,26.82990074157715,26.600000381469727,26.770000457763672,9368
2022-01-14,20.345802307128906,26.825000762939453,26.838300704956055,26.600000381469727,26.739999771118164,28780
2022-01-18,20.40412712097168,26.901899337768555,26.989999771118164,26.874000549316406,26.957500457763672,1408
2022-01-19,20.440608978271484,26.950000762939453,27.14189910888672,26.950000762939453,27.040000915527344,4185
2022-01-20,20.451988220214844,26.96500015258789,26.979999542236328,26.959999084472656,26.979999542236328,3872
2022-01-21,20.304086685180664,26.770000457763672,26.889999389648438,26.709999084472656,26.862699508666992,8411
2022-01-24,20.39889144897461,26.895000457763672,26.940000534057617,26.649999618530273,26.75,18474
2022-01-25,20.41786003112793,26.920000076293945,26.920799255371094,26.709999084472656,26.899999618530273,4369
2022-01-26,20.433025360107422,26.940000534057617,26.940000534057617,26.90999984741211,26.90999984741211,537
2022-01-27,20.42430305480957,26.928499221801758,26.969900131225586,26.928499221801758,26.950000762939453,2609
2022-01-28,20.463741302490234,26.980499267578125,27.003799438476562,26.86359977722168,26.899999618530273,4355
2022-01-31,20.517759323120117,26.45639991760254,26.489999771118164,26.209999084472656,26.3218994140625,45761
2022-02-01,20.613615036010742,26.579999923706055,26.58989906311035,26.389999389648438,26.489999771118164,4697
2022-02-02,20.655649185180664,26.634199142456055,26.649999618530273,26.530000686645508,26.600000381469727,5670
2022-02-03,20.660146713256836,26.639999389648438,26.65999984741211,26.605600357055664,26.625,4123
2022-02-04,20.559324264526367,26.510000228881836,26.6200008392334,26.459999084472656,26.6200008392334,8821
2022-02-07,20.60198211669922,26.565000534057617,26.66990089416504,26.5,26.66990089416504,6852
2022-02-08,20.605859756469727,26.56999969482422,26.65130043029785,26.56999969482422,26.6200008392334,4988
2022-02-09,20.598100662231445,26.559999465942383,26.670000076293945,26.549999237060547,26.6299991607666,7217
2022-02-10,20.652542114257812,26.630199432373047,26.69610023498535,26.559999465942383,26.69610023498535,9263
2022-02-11,20.67255210876465,26.6560001373291,26.700000762939453,26.645000457763672,26.670000076293945,5569
2022-02-14,20.63688087463379,26.610000610351562,26.75,26.549999237060547,26.75,7620
2022-02-15,20.667743682861328,26.649799346923828,26.729900360107422,26.6299991607666,26.6299991607666,3357
2022-02-16,20.745454788208008,26.75,26.75,26.702999114990234,26.72909927368164,4779
2022-02-17,20.675655364990234,26.65999984741211,26.75,26.65999984741211,26.75,1223
2022-02-18,20.70543670654297,26.698400497436523,26.770000457763672,26.698400497436523,26.75,1250
2022-02-22,20.605005264282227,26.568899154663086,26.700000762939453,26.549999237060547,26.700000762939453,4805
2022-02-23,20.65665626525879,26.635499954223633,26.670000076293945,26.59000015258789,26.59000015258789,1600
2022-02-24,20.647350311279297,26.62350082397461,26.62350082397461,26.31999969482422,26.469999313354492,2497
2022-02-25,20.667823791503906,26.649900436401367,26.649900436401367,26.56170082092285,26.56170082092285,1949
2022-02-28,20.70667839050293,26.700000762939453,26.700000762939453,26.623899459838867,26.623899459838867,3314
2022-03-01,20.70667839050293,26.700000762939453,26.847700119018555,26.600000381469727,26.600000381469727,3383
2022-03-02,20.784229278564453,26.799999237060547,26.825000762939453,26.729999542236328,26.799999237060547,3315
2022-03-03,20.846269607543945,26.8799991607666,26.899999618530273,26.65999984741211,26.690000534057617,1920
2022-03-04,20.710554122924805,26.704999923706055,26.790000915527344,26.670000076293945,26.690000534057617,3584
2022-03-07,20.712650299072266,26.707700729370117,26.899900436401367,26.65999984741211,26.899900436401367,2954
2022-03-08,20.861783981323242,26.899999618530273,26.899999618530273,26.700000762939453,26.700000762939453,7032
2022-03-09,20.892805099487305,26.940000534057617,26.940000534057617,26.940000534057617,26.940000534057617,424
2022-03-10,20.777095794677734,26.790800094604492,27.0,26.719999313354492,26.719999313354492,13335
2022-03-11,20.745454788208008,26.75,27.091100692749023,26.620100021362305,26.790000915527344,12029
2022-03-14,20.43524169921875,26.350000381469727,26.860000610351562,26.350000381469727,26.860000610351562,15009
2022-03-15,20.48169708251953,26.409900665283203,26.530000686645508,26.409900665283203,26.530000686645508,2906
2022-03-16,20.528230667114258,26.469900131225586,26.489999771118164,26.399999618530273,26.489999771118164,3706
2022-03-17,20.652389526367188,26.6299991607666,26.6299991607666,26.459999084472656,26.459999084472656,5714
2022-03-18,20.497283935546875,26.43000030517578,26.7898006439209,26.3799991607666,26.760000228881836,20550
2022-03-21,20.20258331298828,26.049999237060547,26.9060001373291,26.010000228881836,26.329999923706055,42175
2022-03-22,20.171560287475586,26.010000228881836,26.438499450683594,26.010000228881836,26.049999237060547,13028
2022-03-23,20.14053726196289,25.969999313354492,26.579999923706055,25.969999313354492,26.1299991607666,7902
2022-03-24,20.388710021972656,26.290000915527344,26.290000915527344,26.010000228881836,26.16010093688965,5778
2022-03-25,20.318912506103516,26.200000762939453,26.350000381469727,26.186100006103516,26.300100326538086,7447
2022-03-28,20.280136108398438,26.149999618530273,26.25,26.06999969482422,26.25,13595
2022-03-29,20.380958557128906,26.280000686645508,26.469999313354492,26.049999237060547,26.25,15787
2022-03-30,20.396465301513672,26.299999237060547,26.34000015258789,26.18000030517578,26.18000030517578,3792
2022-03-31,20.498991012573242,26.432199478149414,26.530000686645508,26.299999237060547,26.299999237060547,3532
2022-04-01,20.543663024902344,26.48979949951172,26.489999771118164,26.449899673461914,26.463899612426758,1288
2022-04-04,20.489681243896484,26.42020034790039,26.479999542236328,26.29010009765625,26.479999542236328,6487
2022-04-05,20.357688903808594,26.25,26.469900131225586,26.25,26.329999923706055,4722
2022-04-06,20.21033477783203,26.059999465942383,26.320100784301758,26.049999237060547,26.100099563598633,8398
2022-04-07,20.396465301513672,26.299999237060547,26.3799991607666,26.200000762939453,26.28499984741211,4056
2022-04-08,20.396465301513672,26.299999237060547,26.38990020751953,26.1299991607666,26.1299991607666,1881
2022-04-11,20.201416015625,26.048500061035156,26.29990005493164,26.0,26.25,13048
2022-04-12,20.388710021972656,26.290000915527344,26.321199417114258,26.1200008392334,26.17009925842285,1793
2022-04-13,20.357688903808594,26.25,26.25,26.149999618530273,26.170000076293945,8886
2022-04-14,20.249114990234375,26.110000610351562,26.250099182128906,26.110000610351562,26.250099182128906,8537
2022-04-18,20.365520477294922,26.260099411010742,26.260099411010742,26.100000381469727,26.149999618530273,9469
2022-04-19,20.520553588867188,26.459999084472656,26.459999084472656,26.200000762939453,26.260000228881836,7364
2022-04-20,20.55156898498535,26.5,26.5,26.420900344848633,26.45989990234375,8249
2022-04-21,20.563201904296875,26.514999389648438,26.5718994140625,26.440000534057617,26.549999237060547,3931
2022-04-22,20.590347290039062,26.549999237060547,26.600000381469727,26.514999389648438,26.549999237060547,4611
2022-04-25,20.543739318847656,26.489900588989258,26.489900588989258,26.219999313354492,26.43000030517578,7013
2022-04-26,20.497283935546875,26.43000030517578,26.450000762939453,26.3799991607666,26.3799991607666,3091
2022-04-27,20.66790199279785,26.649999618530273,26.649999618530273,26.439899444580078,26.439899444580078,8000
2022-04-28,20.629127502441406,26.600000381469727,26.790000915527344,26.389999389648438,26.649999618530273,10475
2022-04-29,20.48138427734375,25.81999969482422,26.115100860595703,25.81999969482422,26.010000228881836,17441
2022-05-02,20.608304977416992,25.979999542236328,26.062999725341797,25.780000686645508,25.799999237060547,5019
2022-05-03,20.74323081970215,26.150100708007812,26.150100708007812,26.0,26.0,4010
2022-05-04,20.68667221069336,26.078800201416016,26.149999618530273,25.934200286865234,26.139999389648438,5573
2022-05-05,20.633686065673828,26.011999130249023,26.14150047302246,25.90999984741211,26.1200008392334,4034
2022-05-06,20.624643325805664,26.000600814819336,26.123600006103516,25.989999771118164,26.010000228881836,3507
2022-05-09,20.589815139770508,25.95669937133789,26.08209991455078,25.899999618530273,26.0,6934
2022-05-10,20.53691291809082,25.889999389648438,26.18239974975586,25.510000228881836,25.899999618530273,8027
2022-05-11,20.576574325561523,25.940000534057617,26.149999618530273,25.940000534057617,26.0093994140625,2391
2022-05-12,20.44965171813965,25.780000686645508,26.06999969482422,25.649999618530273,26.06999969482422,6807
2022-05-13,20.65597152709961,26.04010009765625,26.04010009765625,25.6299991607666,25.65999984741211,3925
2022-05-16,20.572290420532227,25.934600830078125,26.149999618530273,25.65999984741211,26.149999618530273,6168
2022-05-17,20.671680450439453,26.059900283813477,26.059900283813477,25.639999389648438,25.639999389648438,4552
2022-05-18,20.632099151611328,26.010000228881836,26.059999465942383,26.008699417114258,26.008699417114258,4205
2022-05-19,20.695558547973633,26.09000015258789,26.100000381469727,25.90999984741211,25.90999984741211,1178
2022-05-20,20.663827896118164,26.049999237060547,26.139999389648438,26.049999237060547,26.099899291992188,4755
2022-05-23,20.663827896118164,26.049999237060547,26.170000076293945,25.99959945678711,26.139999389648438,5147
2022-05-24,20.758779525756836,26.169700622558594,26.169700622558594,26.116899490356445,26.120100021362305,1216
2022-05-25,20.73918914794922,26.145000457763672,26.249900817871094,26.06999969482422,26.200000762939453,5978
2022-05-26,20.822397232055664,26.249900817871094,26.25,26.219999313354492,26.239999771118164,2680
2022-05-27,20.84627342224121,26.280000686645508,26.34000015258789,26.25,26.280000686645508,4102
2022-05-31,21.020784378051758,26.5,26.850000381469727,26.31999969482422,26.31999969482422,6155
2022-06-01,21.007535934448242,26.483299255371094,26.5,26.435300827026367,26.5,741
2022-06-02,21.012855529785156,26.489999771118164,26.489999771118164,26.43000030517578,26.43000030517578,3275
2022-06-03,20.95796012878418,26.420799255371094,26.459999084472656,26.350000381469727,26.459999084472656,1109
2022-06-06,20.975175857543945,26.4424991607666,26.489999771118164,26.209999084472656,26.43000030517578,3712
2022-06-07,21.020784378051758,26.5,26.5,26.25,26.34000015258789,5075
2022-06-08,20.943283081054688,26.402299880981445,26.489999771118164,26.280000686645508,26.489999771118164,1783
2022-06-09,21.09217643737793,26.59000015258789,26.59000015258789,26.270000457763672,26.290000915527344,4794
2022-06-10,21.012855529785156,26.489999771118164,26.59000015258789,26.3700008392334,26.59000015258789,3673
2022-06-13,20.17202377319336,25.43000030517578,26.489999771118164,25.420000076293945,26.489999771118164,29629
2022-06-14,20.38817596435547,25.702499389648438,25.799999237060547,25.540000915527344,25.690000534057617,9717
2022-06-15,20.2434139251709,25.520000457763672,26.0,25.510000228881836,25.6200008392334,7634
2022-06-16,20.267288208007812,25.550100326538086,25.753999710083008,25.440000534057617,25.440000534057617,2954
2022-06-17,20.21938133239746,25.489700317382812,25.600000381469727,25.450000762939453,25.579999923706055,7307
2022-06-21,20.56903839111328,25.930500030517578,26.690000534057617,25.729999542236328,25.729999542236328,2674
2022-06-22,20.425859451293945,25.75,26.4552001953125,25.6299991607666,26.113800048828125,5985
2022-06-23,20.544843673706055,25.899999618530273,26.030000686645508,25.780000686645508,26.030000686645508,5946
2022-06-24,20.79074478149414,26.209999084472656,26.209999084472656,25.899999618530273,25.899999618530273,2956
2022-06-27,20.497249603271484,25.84000015258789,26.389999389648438,25.670000076293945,26.190000534057617,22192
2022-06-28,20.394126892089844,25.709999084472656,26.15999984741211,25.709999084472656,25.959999084472656,16582
2022-06-29,20.386194229125977,25.700000762939453,26.19770050048828,25.64430046081543,26.020000457763672,4719
2022-06-30,20.06890296936035,25.299999237060547,25.829999923706055,25.299999237060547,25.540000915527344,28737
2022-07-01,20.33066749572754,25.6299991607666,25.6299991607666,25.3700008392334,25.469999313354492,3461
2022-07-05,20.322736740112305,25.6200008392334,26.200000762939453,24.528900146484375,25.649999618530273,49259
2022-07-06,20.53691291809082,25.889999389648438,25.989999771118164,25.51110076904297,25.6200008392334,5927
2022-07-07,20.425859451293945,25.75,25.799999237060547,25.75,25.7726993560791,2822
2022-07-08,20.43775749206543,25.764999389648438,25.850099563598633,25.709999084472656,25.850000381469727,4584
2022-07-11,20.43379020690918,25.760000228881836,25.912599563598633,25.760000228881836,25.770000457763672,5057
2022-07-12,20.179954528808594,25.440000534057617,25.802799224853516,25.440000534057617,25.6299991607666,13320
2022-07-13,20.44965171813965,25.780000686645508,25.780000686645508,25.450000762939453,25.450000762939453,10081
2022-07-14,20.06890296936035,25.299999237060547,25.780000686645508,25.264999389648438,25.780000686645508,13256
2022-07-15,20.377071380615234,25.688499450683594,25.709999084472656,25.440000534057617,25.510099411010742,8522
2022-07-18,20.30695152282715,25.600099563598633,25.899999618530273,25.549999237060547,25.75,15805
2022-07-19,20.42593765258789,25.750099182128906,25.835100173950195,25.6299991607666,25.739999771118164,27688
2022-07-20,20.576574325561523,25.940000534057617,25.969999313354492,25.78820037841797,25.815000534057617,6692
2022-07-21,20.616235733032227,25.989999771118164,26.170000076293945,25.899999618530273,25.949899673461914,5711
2022-07-22,20.655895233154297,26.040000915527344,26.15999984741211,25.979999542236328,26.049999237060547,5905
2022-07-25,20.630115509033203,26.00749969482422,26.00749969482422,25.989999771118164,26.0,7308
2022-07-26,20.61615562438965,25.989900588989258,26.03019905090332,25.979999542236328,26.010000228881836,8966
2022-07-27,20.624168395996094,26.0,26.059999465942383,25.949899673461914,25.949899673461914,15410
2022-07-28,20.624168395996094,26.0,26.048900604248047,25.979999542236328,26.0,8940
2022-07-29,20.700271606445312,25.5,25.600000381469727,25.399999618530273,25.440000534057617,24175
2022-08-01,20.692150115966797,25.489999771118164,25.514999389648438,25.489999771118164,25.5,5816
2022-08-02,20.684118270874023,25.480100631713867,25.5226993560791,25.440000534057617,25.489999771118164,13941
2022-08-03,20.700271606445312,25.5,25.582199096679688,25.450000762939453,25.450000762939453,12494
2022-08-04,20.700271606445312,25.5,25.510000228881836,25.419700622558594,25.510000228881836,1230
2022-08-05,20.781450271606445,25.600000381469727,25.66200065612793,25.424999237060547,25.459999084472656,22318
2022-08-08,20.740859985351562,25.549999237060547,25.63520050048828,25.510000228881836,25.600000381469727,5571
2022-08-09,20.619089126586914,25.399999618530273,25.540000915527344,25.399999618530273,25.530000686645508,7446
2022-08-10,20.767406463623047,25.582700729370117,25.59000015258789,25.3799991607666,25.59000015258789,10467
2022-08-11,20.732744216918945,25.540000915527344,25.600000381469727,25.5,25.5,9619
2022-08-12,20.732744216918945,25.540000915527344,25.61989974975586,25.420000076293945,25.579999923706055,9650
2022-08-15,20.700271606445312,25.5,25.59000015258789,25.420000076293945,25.420000076293945,11738
2022-08-16,20.700271606445312,25.5,25.563600540161133,25.469999313354492,25.469999313354492,10251
2022-08-17,20.68395233154297,25.479900360107422,25.520000457763672,25.010000228881836,25.489999771118164,22361
2022-08-18,20.700271606445312,25.5,25.525100708007812,25.479999542236328,25.489999771118164,1769
2022-08-19,20.716506958007812,25.520000457763672,25.520000457763672,25.280000686645508,25.5,11047
2022-08-22,20.65968132019043,25.450000762939453,25.514999389648438,25.299999237060547,25.5,16105
2022-08-23,20.700271606445312,25.5,25.52589988708496,25.299999237060547,25.299999237060547,4338
2022-08-24,20.700271606445312,25.5,25.520000457763672,25.459999084472656,25.5,4027
2022-08-25,20.7115535736084,25.513900756835938,25.513999938964844,25.450000762939453,25.5,2371
2022-08-26,20.700271606445312,25.5,25.519100189208984,25.485000610351562,25.5,3637
2022-08-29,20.675920486450195,25.469999313354492,25.51799964904785,25.450000762939453,25.5,11083
2022-08-30,20.716506958007812,25.520000457763672,25.520000457763672,25.399999618530273,25.5,8625
2022-08-31,20.700271606445312,25.5,25.5226993560791,25.5,25.5,6788
2022-09-01,20.700271606445312,25.5,25.7947998046875,25.450000762939453,25.5,8864
2022-09-02,20.781450271606445,25.600000381469727,25.88990020751953,25.450000762939453,25.450000762939453,6836
2022-09-06,20.732744216918945,25.540000915527344,25.700000762939453,25.469999313354492,25.469999313354492,5844
2022-09-07,20.676973342895508,25.47130012512207,25.549999237060547,25.469999313354492,25.549999237060547,6128
2022-09-08,20.692150115966797,25.489999771118164,25.489999771118164,25.460800170898438,25.489999771118164,850
2022-09-09,20.700271606445312,25.5,25.53499984741211,25.4591007232666,25.489999771118164,8790
2022-09-12,20.700271606445312,25.5,25.56999969482422,25.459999084472656,25.459999084472656,21794
2022-09-13,20.684118270874023,25.480100631713867,25.5,25.44230079650879,25.459999084472656,3968
2022-09-14,20.700271606445312,25.5,25.514999389648438,25.42919921875,25.489999771118164,3390
2022-09-15,20.700271606445312,25.5,25.549999237060547,25.450000762939453,25.450000762939453,9694
2022-09-16,20.68403434753418,25.479999542236328,25.5,25.450000762939453,25.5,5082
2022-09-19,20.700271606445312,25.5,25.520000457763672,25.399999618530273,25.399999618530273,8215
2022-09-20,20.716506958007812,25.520000457763672,25.540000915527344,25.459999084472656,25.459999084472656,2633
2022-09-21,20.68403434753418,25.479999542236328,25.618900299072266,25.479999542236328,25.5,8162
2022-09-22,20.619089126586914,25.399999618530273,25.520000457763672,25.399999618530273,25.489999771118164,6953
2022-09-23,20.56194496154785,25.329599380493164,25.479999542236328,25.299999237060547,25.399999618530273,11952
2022-09-26,20.259883880615234,24.957500457763672,25.440000534057617,24.8799991607666,25.290000915527344,35222
2022-09-27,20.286266326904297,24.989999771118164,25.190000534057617,24.959999084472656,25.190000534057617,13955
2022-09-28,20.400808334350586,25.131099700927734,25.149999618530273,24.90999984741211,25.06999969482422,3828
2022-09-29,20.106050491333008,24.76799964904785,25.030000686645508,24.75,24.90999984741211,20323
2022-09-30,19.78296661376953,24.3700008392334,24.98110008239746,24.149999618530273,24.799999237060547,24828
2022-10-03,19.904727935791016,24.520000457763672,24.899900436401367,24.459999084472656,24.459999084472656,13631
2022-10-04,19.943288803100586,24.5674991607666,24.829999923706055,24.3700008392334,24.649999618530273,11324
2022-10-05,19.99402618408203,24.6299991607666,24.6299991607666,24.469999313354492,24.5,2634
2022-10-06,19.948972702026367,24.574499130249023,24.649999618530273,24.530000686645508,24.639999389648438,7630
2022-10-07,19.84790802001953,24.450000762939453,24.5,24.399999618530273,24.5,7528
2022-10-10,19.888498306274414,24.5,24.54990005493164,24.25,24.5,5101
2022-10-11,19.84790802001953,24.450000762939453,24.540000915527344,24.241100311279297,24.5,7443
2022-10-12,19.7667293548584,24.350000381469727,24.479999542236328,24.290000915527344,24.469999313354492,5210
2022-10-13,19.726139068603516,24.299999237060547,24.45240020751953,24.029600143432617,24.200000762939453,10824
2022-10-14,19.69326400756836,24.25950050354004,24.399999618530273,24.0,24.0,3540
2022-10-17,19.750492095947266,24.329999923706055,24.469900131225586,24.299999237060547,24.399999618530273,4392
2022-10-18,19.70990753173828,24.280000686645508,24.530000686645508,24.280000686645508,24.489999771118164,9197
2022-10-19,19.7667293548584,24.350000381469727,24.540000915527344,24.350000381469727,24.420000076293945,18246
2022-10-20,19.78296661376953,24.3700008392334,24.54990005493164,24.320100784301758,24.468299865722656,36799
2022-10-21,19.7667293548584,24.350000381469727,24.510000228881836,24.329999923706055,24.5,9691
2022-10-24,19.888498306274414,24.5,24.54990005493164,24.370100021362305,24.5,16999
2022-10-25,19.79920196533203,24.389999389648438,24.44499969482422,24.3700008392334,24.399999618530273,22493
2022-10-26,19.75861358642578,24.34000015258789,24.47879981994629,24.34000015258789,24.3700008392334,10964
2022-10-27,19.726139068603516,24.299999237060547,24.390499114990234,24.299999237060547,24.390499114990234,25804
2022-10-28,19.88037872314453,24.489999771118164,24.538000106811523,24.3700008392334,24.3700008392334,17266
2022-10-31,20.21627426147461,24.299999237060547,24.479999542236328,24.059999465942383,24.059999465942383,12988
2022-11-01,20.249553680419922,24.34000015258789,24.475000381469727,24.31999969482422,24.475000381469727,7019
2022-11-02,20.29947280883789,24.399999618530273,24.450000762939453,24.219999313354492,24.299999237060547,10301
2022-11-03,20.174678802490234,24.25,24.364299774169922,24.200000762939453,24.25,10835
2022-11-04,20.57401466369629,24.729999542236328,24.75,24.25,24.29290008544922,23420
2022-11-07,20.848554611206055,25.059999465942383,25.200000762939453,24.750099182128906,24.809999465942383,54324
2022-11-08,20.973344802856445,25.209999084472656,25.309999465942383,25.049999237060547,25.049999237060547,11570
2022-11-09,20.961036682128906,25.195199966430664,25.312999725341797,25.195199966430664,25.227100372314453,3934
2022-11-10,20.898475646972656,25.1200008392334,25.299999237060547,25.1200008392334,25.299999237060547,14990
2022-11-11,21.063364028930664,25.318199157714844,25.440500259399414,25.20680046081543,25.290000915527344,6449
2022-11-14,21.214611053466797,25.5,25.54990005493164,25.316099166870117,25.420000076293945,9901
2022-11-15,21.214611053466797,25.5,25.577199935913086,25.399999618530273,25.5,16306
2022-11-16,21.190900802612305,25.471500396728516,25.579599380493164,25.43400001525879,25.5,6784
2022-11-17,20.973344802856445,25.209999084472656,25.5,25.191999435424805,25.399999618530273,22892
2022-11-18,21.123096466064453,25.389999389648438,25.525999069213867,25.319900512695312,25.319900512695312,6850
2022-11-21,21.136409759521484,25.4060001373291,25.5,25.31999969482422,25.5,11611
2022-11-22,21.164695739746094,25.440000534057617,25.82469940185547,25.31999969482422,25.34000015258789,7171
2022-11-23,21.189651489257812,25.469999313354492,25.549999237060547,25.440000534057617,25.440099716186523,9544
2022-11-25,21.2062931060791,25.489999771118164,25.600000381469727,25.489999771118164,25.5,10784
2022-11-28,21.18549346923828,25.46500015258789,25.509899139404297,25.420000076293945,25.489999771118164,7222
2022-11-29,21.214611053466797,25.5,25.510000228881836,25.420000076293945,25.420000076293945,7391
2022-11-30,21.214611053466797,25.5,25.510000228881836,25.420000076293945,25.440000534057617,10861
2022-12-01,21.156373977661133,25.43000030517578,25.519899368286133,25.43000030517578,25.5,16360
2022-12-02,21.091814041137695,25.352399826049805,25.403400421142578,25.260000228881836,25.399999618530273,6226
2022-12-05,20.881834030151367,25.100000381469727,25.45800018310547,25.049999237060547,25.299999237060547,15583
2022-12-06,20.923429489135742,25.149999618530273,25.334999084472656,25.09000015258789,25.09000015258789,1802
2022-12-07,20.840234756469727,25.049999237060547,25.392499923706055,25.01919937133789,25.299999237060547,7498
2022-12-08,20.856874465942383,25.06999969482422,25.228099822998047,25.06999969482422,25.15999984741211,2460
2022-12-09,20.757041931152344,24.950000762939453,25.059999465942383,24.90999984741211,25.030000686645508,22011
2022-12-12,20.79863739013672,25.0,25.200000762939453,24.649999618530273,24.940000534057617,23049
2022-12-13,20.870601654052734,25.08650016784668,25.209999084472656,24.924999237060547,24.969999313354492,6472
2022-12-14,20.8277587890625,25.03499984741211,25.164199829101562,24.899999618530273,24.899999618530273,9031
2022-12-15,20.856874465942383,25.06999969482422,25.219900131225586,24.899999618530273,24.899999618530273,11492
2022-12-16,20.89838981628418,25.11989974975586,25.159900665283203,25.06999969482422,25.132699966430664,2971
2022-12-19,20.815275192260742,25.020000457763672,25.13990020751953,24.90999984741211,25.079999923706055,10184
2022-12-20,20.640565872192383,24.809999465942383,25.09000015258789,24.770000457763672,25.09000015258789,18993
2022-12-21,20.79031753540039,24.989999771118164,25.09000015258789,24.850000381469727,24.850000381469727,5836
2022-12-22,20.840234756469727,25.049999237060547,25.12299919128418,24.734500885009766,24.8700008392334,5619
2022-12-23,20.897974014282227,25.119400024414062,25.190000534057617,25.040000915527344,25.040000915527344,4665
2022-12-27,21.081501007080078,25.34000015258789,25.5,25.027299880981445,25.15999984741211,7047
2022-12-28,20.96502685546875,25.200000762939453,25.3700008392334,25.00040054321289,25.110000610351562,22698
2022-12-29,20.973344802856445,25.209999084472656,25.239999771118164,25.1200008392334,25.200000762939453,2781
2022-12-30,21.03158187866211,25.280000686645508,25.280000686645508,25.204999923706055,25.204999923706055,7358
2023-01-03,21.014942169189453,25.260000228881836,25.26020050048828,25.150100708007812,25.25,5505
2023-01-04,21.052133560180664,25.30470085144043,25.337099075317383,25.157400131225586,25.25,13999
2023-01-05,21.189651489257812,25.469999313354492,25.469999313354492,25.299999237060547,25.299999237060547,5576
2023-01-06,21.214611053466797,25.5,25.584999084472656,25.350000381469727,25.469999313354492,14489
2023-01-09,21.081501007080078,25.34000015258789,25.5,25.170000076293945,25.5,14645
2023-01-10,21.05653953552246,25.309999465942383,25.449899673461914,25.049999237060547,25.3700008392334,24336
2023-01-11,21.006624221801758,25.25,25.389999389648438,25.209999084472656,25.389999389648438,13779
2023-01-12,21.123096466064453,25.389999389648438,25.579999923706055,25.25,25.3700008392334,31919
2023-01-13,21.13141632080078,25.399999618530273,25.485300064086914,25.350000381469727,25.350000381469727,10980
2023-01-17,21.214611053466797,25.5,25.539899826049805,25.450000762939453,25.52400016784668,29640
2023-01-18,21.214611053466797,25.5,25.55660057067871,25.399999618530273,25.399999618530273,38392
2023-01-19,21.210451126098633,25.4950008392334,25.549999237060547,25.479999542236328,25.5,15717
2023-01-20,21.214529037475586,25.499900817871094,25.55940055847168,25.479999542236328,25.479999542236328,15116
2023-01-23,21.214611053466797,25.5,25.559999465942383,25.489999771118164,25.489999771118164,16626
2023-01-24,21.214611053466797,25.5,25.559999465942383,25.489999771118164,25.54010009765625,10889
2023-01-25,21.214611053466797,25.5,25.599899291992188,25.459999084472656,25.479999542236328,14944
2023-01-26,21.2645263671875,25.559999465942383,25.600000381469727,25.479999542236328,25.479999542236328,8082
2023-01-27,21.24372673034668,25.53499984741211,25.588899612426758,25.524999618530273,25.559999465942383,12630
2023-01-30,21.18050193786621,25.458999633789062,25.535499572753906,25.450000762939453,25.479999542236328,21941
2023-01-31,21.48293685913086,25.220300674438477,25.329999923706055,25.010000228881836,25.010000228881836,26833
2023-02-01,21.541196823120117,25.288700103759766,25.329999923706055,25.236499786376953,25.31999969482422,8399
2023-02-02,21.508235931396484,25.25,25.33060073852539,25.150100708007812,25.290000915527344,8879
2023-02-03,21.499717712402344,25.239999771118164,25.31999969482422,25.200000762939453,25.31999969482422,13652
2023-02-06,21.398096084594727,25.12070083618164,25.299999237060547,25.100000381469727,25.299999237060547,15509
2023-02-07,21.508319854736328,25.250099182128906,25.250099182128906,25.149999618530273,25.149999618530273,1240
2023-02-08,21.520244598388672,25.26409912109375,25.290000915527344,25.225000381469727,25.25,18473
2023-02-09,21.563602447509766,25.315000534057617,25.350000381469727,25.059999465942383,25.059999465942383,11398
2023-02-10,21.54239273071289,25.29010009765625,25.299999237060547,25.09000015258789,25.299999237060547,5075
2023-02-13,21.721017837524414,25.499799728393555,25.499799728393555,25.290000915527344,25.290000915527344,8117
2023-02-14,21.712413787841797,25.489700317382812,25.5,25.411399841308594,25.411399841308594,6387
2023-02-15,21.661561965942383,25.43000030517578,25.509899139404297,25.360000610351562,25.5,17391
2023-02-16,21.721189498901367,25.5,25.5,25.374000549316406,25.5,6669
2023-02-17,21.44009017944336,25.170000076293945,25.5,25.151100158691406,25.5,19781
2023-02-21,21.337871551513672,25.049999237060547,25.186800003051758,24.899999618530273,25.170000076293945,40469
2023-02-22,21.508235931396484,25.25,25.344999313354492,25.141300201416016,25.15999984741211,2991
2023-02-23,21.401758193969727,25.125,25.25,25.094999313354492,25.25,2032
2023-02-24,21.435495376586914,25.164600372314453,25.270000457763672,25.1200008392334,25.270000457763672,3063
2023-02-27,21.515050888061523,25.257999420166016,25.269899368286133,25.186800003051758,25.25,14297
2023-02-28,21.508235931396484,25.25,25.469999313354492,25.210599899291992,25.270000457763672,15791
2023-03-01,21.7978515625,25.59000015258789,25.799999237060547,25.309999465942383,25.309999465942383,26579
2023-03-02,21.678598403930664,25.450000762939453,25.59000015258789,25.420000076293945,25.420000076293945,1185
2023-03-03,21.746742248535156,25.530000686645508,25.799999237060547,25.420000076293945,25.68709945678711,7796
2023-03-06,21.729705810546875,25.510000228881836,25.6299991607666,25.437700271606445,25.6299991607666,7389
2023-03-07,21.721189498901367,25.5,25.508899688720703,25.440000534057617,25.5,6880
2023-03-08,21.653980255126953,25.421100616455078,25.5,25.420000076293945,25.5,7470
2023-03-09,21.711816787719727,25.48900032043457,25.5,25.47010040283203,25.485000610351562,1686
2023-03-10,21.49119758605957,25.229999542236328,25.5,25.18000030517578,25.47010040283203,14563
2023-03-13,21.422969818115234,25.149900436401367,25.350000381469727,25.080400466918945,25.34000015258789,32462
2023-03-14,21.478424072265625,25.21500015258789,25.25,25.049999237060547,25.149999618530273,12962
2023-03-15,21.354909896850586,25.06999969482422,25.34000015258789,25.049999237060547,25.34000015258789,13545
2023-03-16,21.66581916809082,25.434999465942383,25.510000228881836,25.09000015258789,25.18000030517578,6118
2023-03-17,21.508235931396484,25.25,25.59000015258789,25.049999237060547,25.59000015258789,11073
2023-03-20,21.28676414489746,24.989999771118164,25.27549934387207,24.72330093383789,25.110000610351562,28138
2023-03-21,21.661561965942383,25.43000030517578,25.530000686645508,25.034900665283203,25.094999313354492,7773
2023-03-22,21.610454559326172,25.3700008392334,25.399999618530273,25.15999984741211,25.2721004486084,4823
2023-03-23,21.542224884033203,25.289899826049805,25.3700008392334,25.041500091552734,25.3700008392334,6634
2023-03-24,21.618885040283203,25.379899978637695,25.3799991607666,25.200000762939453,25.2450008392334,6844
2023-03-27,21.577911376953125,25.33180046081543,25.3700008392334,25.020099639892578,25.350000381469727,13554
2023-03-28,21.45712661743164,25.190000534057617,25.295000076293945,25.1299991607666,25.270700454711914,5273
2023-03-29,21.627487182617188,25.389999389648438,25.390100479125977,25.249900817871094,25.25819969177246,5936
2023-03-30,21.67007827758789,25.440000534057617,25.440000534057617,25.309999465942383,25.399999618530273,6816
2023-03-31,21.721189498901367,25.5,25.5,25.40999984741211,25.440000534057617,8359
2023-04-03,21.661561965942383,25.43000030517578,25.59000015258789,25.290000915527344,25.5,9800
2023-04-04,21.747764587402344,25.531200408935547,25.545000076293945,25.40999984741211,25.40999984741211,15930
2023-04-05,21.764205932617188,25.550500869750977,25.649999618530273,25.530000686645508,25.559999465942383,8068
2023-04-06,21.635923385620117,25.399900436401367,25.604999542236328,25.300100326538086,25.549999237060547,5456
2023-04-10,21.729705810546875,25.510000228881836,25.53339958190918,25.33009910583496,25.389999389648438,12237
2023-04-11,21.721189498901367,25.5,25.537700653076172,25.40999984741211,25.520000457763672,7220
2023-04-12,21.750999450683594,25.53499984741211,25.56999969482422,25.3700008392334,25.3700008392334,10210
2023-04-13,21.76378059387207,25.549999237060547,25.600000381469727,25.5,25.600000381469727,16503
2023-04-14,21.750999450683594,25.53499984741211,25.540000915527344,25.52790069580078,25.540000915527344,2876
2023-04-17,21.721189498901367,25.5,25.575199127197266,25.469999313354492,25.530000686645508,5674
2023-04-18,21.789249420166016,25.57990074157715,25.57990074157715,25.520000457763672,25.549999237060547,16534
2023-04-19,21.75526237487793,25.540000915527344,25.579999923706055,25.344999313354492,25.559999465942383,8843
2023-04-20,21.721189498901367,25.5,25.540000915527344,25.450000762939453,25.540000915527344,4169
2023-04-21,21.9937686920166,25.81999969482422,25.850000381469727,25.540000915527344,25.540000915527344,23411
2023-04-24,21.912845611572266,25.725000381469727,25.82670021057129,25.579999923706055,25.81999969482422,6311
2023-04-25,21.95969581604004,25.780000686645508,25.8799991607666,25.680099487304688,25.7189998626709,20186
2023-04-26,21.908588409423828,25.719999313354492,25.770000457763672,25.6200008392334,25.75,9689
2023-04-27,21.93414306640625,25.75,25.799999237060547,25.729999542236328,25.799999237060547,14963
2023-04-28,22.068199157714844,25.309999465942383,25.700000762939453,25.200000762939453,25.5,15974
2023-05-01,22.04203987121582,25.280000686645508,25.280000686645508,25.135000228881836,25.25,4089
2023-05-02,22.015972137451172,25.250099182128906,25.389999389648438,25.18000030517578,25.389999389648438,2524
2023-05-03,21.84149932861328,25.049999237060547,25.350000381469727,25.030000686645508,25.350000381469727,16691
2023-05-04,21.957550048828125,25.1830997467041,25.241600036621094,25.049999237060547,25.049999237060547,2244
2023-05-05,22.07185935974121,25.314199447631836,25.314199447631836,25.020000457763672,25.050100326538086,7350
2023-05-08,21.97193717956543,25.199600219726562,25.34000015258789,25.08009910583496,25.34000015258789,2394
2023-05-09,21.90253448486328,25.1200008392334,25.14069938659668,25.09939956665039,25.14069938659668,8593
2023-05-10,21.939241409301758,25.162099838256836,25.24530029296875,25.103700637817383,25.103700637817383,2946
2023-05-11,21.928691864013672,25.149999618530273,25.290000915527344,25.098800659179688,25.290000915527344,6369
2023-05-12,22.329858779907227,25.61009979248047,25.6476993560791,25.049999237060547,25.049999237060547,6627
2023-05-15,22.1926212310791,25.452699661254883,25.670000076293945,25.450000762939453,25.670000076293945,9183
2023-05-16,22.294897079467773,25.56999969482422,25.600000381469727,25.360000610351562,25.489999771118164,4155
2023-05-17,22.26437759399414,25.53499984741211,25.57539939880371,25.5,25.5,5401
2023-05-18,22.286176681518555,25.559999465942383,26.350000381469727,25.510000228881836,26.350000381469727,5474
2023-05-19,22.233861923217773,25.5,25.559999465942383,25.5,25.559999465942383,5665
2023-05-22,22.26367950439453,25.53420066833496,25.6200008392334,25.520000457763672,25.549999237060547,9761
2023-05-23,22.294897079467773,25.56999969482422,25.829999923706055,25.5,25.649999618530273,7868
2023-05-24,22.059478759765625,25.299999237060547,25.611000061035156,25.270000457763672,25.530000686645508,4734
2023-05-25,22.181547164916992,25.440000534057617,25.719999313354492,25.36009979248047,25.40999984741211,7456
2023-05-26,22.184335708618164,25.443199157714844,25.6299991607666,25.31999969482422,25.559999465942383,5092
2023-05-30,22.120513916015625,25.3700008392334,25.489999771118164,25.3700008392334,25.489999771118164,1979
2023-05-31,22.214244842529297,25.477500915527344,25.49220085144043,25.350000381469727,25.350000381469727,5628
2023-06-01,22.229503631591797,25.4950008392334,25.530000686645508,25.4950008392334,25.530000686645508,1028
2023-06-02,22.32114028930664,25.600099563598633,25.600099563598633,25.510000228881836,25.56999969482422,5522
2023-06-05,22.22409439086914,25.488800048828125,25.639999389648438,25.479999542236328,25.6200008392334,19845
2023-06-06,22.320964813232422,25.599899291992188,25.6200008392334,25.459999084472656,25.459999084472656,17776
2023-06-07,22.268739700317383,25.540000915527344,25.640100479125977,25.489999771118164,25.510000228881836,7252
2023-06-08,22.33849334716797,25.6200008392334,25.632699966430664,25.584999084472656,25.632699966430664,5174
2023-06-09,22.373369216918945,25.65999984741211,25.739999771118164,25.613500595092773,25.739999771118164,3838
2023-06-12,22.372669219970703,25.65920066833496,25.68000030517578,25.639999389648438,25.639999389648438,3241
2023-06-13,22.32105255126953,25.600000381469727,25.653499603271484,25.549999237060547,25.549999237060547,3423
2023-06-14,22.390718460083008,25.679899215698242,25.68000030517578,25.549999237060547,25.549999237060547,7771
2023-06-15,22.394556045532227,25.68429946899414,25.770000457763672,25.559999465942383,25.559999465942383,17733
2023-06-16,22.27745819091797,25.549999237060547,25.770000457763672,25.549999237060547,25.770000457763672,6355
2023-06-20,22.329771041870117,25.610000610351562,25.68000030517578,25.610000610351562,25.68000030517578,4492
2023-06-21,22.399436950683594,25.689899444580078,25.69610023498535,25.614999771118164,25.690099716186523,3115
2023-06-22,22.325410842895508,25.604999542236328,25.68000030517578,25.590900421142578,25.669599533081055,6958
2023-06-23,22.338403701782227,25.61989974975586,25.706100463867188,25.59000015258789,25.706100463867188,4866
2023-06-26,22.434402465820312,25.729999542236328,26.170000076293945,25.6299991607666,25.6299991607666,23083
2023-06-27,22.456201553344727,25.7549991607666,26.1200008392334,25.729999542236328,25.873699188232422,5305
2023-06-28,22.477998733520508,25.780000686645508,25.8794002532959,25.700000762939453,25.84000015258789,2168
2023-06-29,22.436147689819336,25.73200035095215,25.77989959716797,25.719999313354492,25.77989959716797,4112
2023-06-30,22.42568588256836,25.719999313354492,25.760000228881836,25.684600830078125,25.75,4894
2023-07-03,22.414785385131836,25.707500457763672,25.780000686645508,25.6200008392334,25.780000686645508,2470
2023-07-05,22.438764572143555,25.735000610351562,25.850000381469727,25.735000610351562,25.790000915527344,2222
2023-07-06,22.411558151245117,25.703800201416016,25.889999389648438,25.700000762939453,25.889999389648438,4684
2023-07-07,22.46927833557129,25.770000457763672,25.799999237060547,25.687400817871094,25.75,10392
2023-07-10,22.442859649658203,25.739700317382812,25.770000457763672,25.52989959716797,25.770000457763672,15098
2023-07-11,22.33849334716797,25.6200008392334,25.739999771118164,25.6200008392334,25.700000762939453,6254
2023-07-12,22.27745819091797,25.549999237060547,25.649999618530273,25.540000915527344,25.6200008392334,6631
2023-07-13,22.408245086669922,25.700000762939453,25.770000457763672,25.639999389648438,25.770000457763672,22152
2023-07-14,22.408245086669922,25.700000762939453,25.719999313354492,25.670000076293945,25.719999313354492,4126
2023-07-17,22.452451705932617,25.750699996948242,25.770000457763672,25.665000915527344,25.770000457763672,11616
2023-07-18,22.643659591674805,25.969999313354492,26.0,25.799999237060547,25.799999237060547,3905
2023-07-19,22.730854034423828,26.06999969482422,26.06999969482422,25.75,25.75,6013
2023-07-20,22.774450302124023,26.1200008392334,26.140100479125977,25.895000457763672,26.009899139404297,4880
2023-07-21,22.75701332092285,26.100000381469727,26.19499969482422,26.0,26.0,6020
2023-07-24,22.826766967773438,26.18000030517578,26.190000534057617,26.03019905090332,26.03019905090332,12124
2023-07-25,22.80060577392578,26.149999618530273,26.190000534057617,26.099899291992188,26.149999618530273,6280
2023-07-26,22.809326171875,26.15999984741211,26.200000762939453,26.100000381469727,26.149999618530273,3947
2023-07-27,22.887712478637695,26.249900817871094,26.31999969482422,26.200000762939453,26.290000915527344,7967
2023-07-28,22.852920532226562,26.209999084472656,26.25,26.19499969482422,26.19499969482422,8264
2023-07-31,22.883031845092773,25.649999618530273,25.722000122070312,25.6200008392334,25.6200008392334,7715
2023-08-01,22.802827835083008,25.560100555419922,25.739999771118164,25.540000915527344,25.739999771118164,7878
2023-08-02,22.749391555786133,25.500200271606445,25.640100479125977,25.5,25.639999389648438,4843
2023-08-03,22.772586822509766,25.526199340820312,25.67009925842285,25.5,25.5,4570
2023-08-04,22.888742446899414,25.656400680541992,25.709999084472656,25.575000762939453,25.600000381469727,1707
2023-08-07,22.909883499145508,25.680099487304688,25.700000762939453,25.600000381469727,25.600000381469727,1707
2023-08-08,22.914255142211914,25.684999465942383,25.75,25.600000381469727,25.75,2680
2023-08-09,22.939950942993164,25.71380043029785,25.75,25.690000534057617,25.75,1947
2023-08-10,22.914255142211914,25.684999465942383,25.769899368286133,25.65999984741211,25.75,8622
2023-08-11,22.39236068725586,25.100000381469727,25.760000228881836,25.0,25.760000228881836,13687
2023-08-14,22.789356231689453,25.545000076293945,25.690000534057617,25.5,25.5,4267
2023-08-15,22.802738189697266,25.559999465942383,25.59000015258789,25.280000686645508,25.280000686645508,6653
2023-08-16,22.83842658996582,25.600000381469727,25.600000381469727,25.510400772094727,25.600000381469727,4229
2023-08-17,22.829505920410156,25.59000015258789,25.610000610351562,25.400100708007812,25.400100708007812,8330
2023-08-18,22.900875091552734,25.670000076293945,25.670000076293945,25.40999984741211,25.40999984741211,9146
2023-08-21,22.963321685791016,25.739999771118164,25.739999771118164,25.47599983215332,25.649999618530273,6780
2023-08-22,22.902835845947266,25.672199249267578,25.739999771118164,25.56999969482422,25.739999771118164,16642
2023-08-23,22.774370193481445,25.528200149536133,25.690000534057617,25.5,25.579999923706055,5367
2023-08-24,22.704607009887695,25.450000762939453,25.690000534057617,25.450000762939453,25.690000534057617,3393
2023-08-25,22.70906639099121,25.454999923706055,25.510000228881836,25.450000762939453,25.450000762939453,6324
2023-08-28,22.838516235351562,25.600099563598633,25.6299991607666,25.540000915527344,25.549999237060547,2209
2023-08-29,22.893293380737305,25.661500930786133,25.690000534057617,25.579999923706055,25.579999923706055,4623
2023-08-30,22.945392608642578,25.719900131225586,25.719900131225586,25.649999618530273,25.690000534057617,3937
2023-08-31,23.284399032592773,26.099899291992188,26.145000457763672,25.739999771118164,25.739999771118164,23093
2023-09-01,23.284488677978516,26.100000381469727,26.100000381469727,25.81999969482422,25.81999969482422,2231
2023-09-05,23.266645431518555,26.079999923706055,26.100000381469727,25.649999618530273,26.100000381469727,3901
2023-09-06,23.102048873901367,25.89550018310547,25.899999618530273,25.299999237060547,25.299999237060547,4458
2023-09-07,23.15066909790039,25.950000762939453,26.010000228881836,25.5,25.990100860595703,6079
2023-09-08,23.105974197387695,25.899900436401367,25.950000762939453,25.760000228881836,25.889999389648438,3985
2023-09-11,23.070377349853516,25.860000610351562,25.879199981689453,25.75,25.75,11687
2023-09-12,23.025772094726562,25.809999465942383,25.899999618530273,25.75,25.75,4868
2023-09-13,23.087419509887695,25.879100799560547,25.899999618530273,25.75,25.75,2285
2023-09-14,22.972244262695312,25.75,25.825000762939453,25.75,25.760000228881836,7593
2023-09-15,23.025772094726562,25.809999465942383,25.809999465942383,25.796100616455078,25.799999237060547,2549
2023-09-18,23.01239013671875,25.795000076293945,25.795000076293945,25.579999923706055,25.579999923706055,5296
2023-09-19,23.208303451538086,26.01460075378418,26.100000381469727,25.800100326538086,25.989999771118164,14922
2023-09-20,23.126136779785156,25.922500610351562,25.949399948120117,25.90999984741211,25.934999465942383,998
2023-09-21,22.867063522338867,25.632099151611328,26.0,25.600000381469727,26.0,6963
2023-09-22,22.874109268188477,25.639999389648438,25.834999084472656,25.639999389648438,25.639999389648438,2837
2023-09-25,22.82058334350586,25.579999923706055,25.639999389648438,25.549999237060547,25.639999389648438,5266
2023-09-26,22.83842658996582,25.600000381469727,25.610000610351562,25.549999237060547,25.600000381469727,5628
2023-09-27,22.865188598632812,25.6299991607666,25.6299991607666,25.549999237060547,25.62969970703125,5104
2023-09-28,22.874380111694336,25.640300750732422,25.649999618530273,25.600000381469727,25.600000381469727,2716
2023-09-29,22.92763900756836,25.700000762939453,25.71190071105957,25.61009979248047,25.700000762939453,3290
2023-10-02,22.965999603271484,25.743000030517578,25.859899520874023,25.559999465942383,25.559999465942383,6928
2023-10-03,22.883031845092773,25.649999618530273,25.84950065612793,25.649999618530273,25.718799591064453,11270
2023-10-04,22.83842658996582,25.600000381469727,25.760099411010742,25.559999465942383,25.760099411010742,12852
2023-10-05,22.83842658996582,25.600000381469727,25.649999618530273,25.600000381469727,25.649999618530273,810
2023-10-06,22.891773223876953,25.659799575805664,25.700000762939453,25.579999923706055,25.700000762939453,2383
2023-10-09,22.847436904907227,25.61009979248047,25.75,25.575000762939453,25.75,4284
2023-10-10,22.95440101623535,25.729999542236328,25.729999542236328,25.649999618530273,25.700000762939453,2750
2023-10-11,22.85626792907715,25.6200008392334,25.739999771118164,25.61989974975586,25.68000030517578,12778
2023-10-12,22.6956844329834,25.440000534057617,25.6200008392334,25.399999618530273,25.6200008392334,16451
2023-10-13,22.92772674560547,25.70009994506836,25.70009994506836,25.489999771118164,25.6299991607666,6995
2023-10-16,22.916574478149414,25.687599182128906,25.739999771118164,25.600000381469727,25.65999984741211,5542
2023-10-17,22.963321685791016,25.739999771118164,25.739999771118164,25.65999984741211,25.690000534057617,2950
2023-10-18,22.898914337158203,25.667800903320312,25.700000762939453,25.649999618530273,25.700000762939453,5140
2023-10-19,22.883031845092773,25.649999618530273,25.739999771118164,25.649999618530273,25.649999618530273,4292
2023-10-20,22.94548225402832,25.719999313354492,25.739999771118164,25.719999313354492,25.739999771118164,1876
2023-10-23,22.963321685791016,25.739999771118164,25.739999771118164,25.68000030517578,25.68000030517578,6501
2023-10-24,22.847436904907227,25.61009979248047,25.703500747680664,25.510000228881836,25.56999969482422,4971
2023-10-25,22.758134841918945,25.510000228881836,25.614999771118164,25.510000228881836,25.579999923706055,2364
2023-10-26,22.84725570678711,25.609899520874023,25.649999618530273,25.53969955444336,25.649999618530273,4369
2023-10-27,22.82058334350586,25.579999923706055,25.600000381469727,25.510099411010742,25.579999923706055,3010
2023-10-30,22.984376907348633,25.763599395751953,25.774999618530273,25.600000381469727,25.658899307250977,5433
2023-10-31,23.25389862060547,25.46500015258789,25.649999618530273,25.399999618530273,25.649999618530273,14838
2023-11-01,23.17591667175293,25.379600524902344,25.569900512695312,25.119699478149414,25.1200008392334,8682
2023-11-02,23.203584671020508,25.409900665283203,25.549999237060547,25.25,25.25,5663
2023-11-03,23.30202293395996,25.5177001953125,25.579999923706055,25.41029930114746,25.41029930114746,5538
2023-11-06,23.285860061645508,25.5,25.575000762939453,25.299999237060547,25.5,4252
2023-11-07,23.26759910583496,25.479999542236328,25.639999389648438,25.420000076293945,25.6200008392334,3963
2023-11-08,23.2128963470459,25.42009925842285,25.5,25.420000076293945,25.5,1860
2023-11-09,23.09865951538086,25.295000076293945,25.459999084472656,25.25,25.459999084472656,9473
2023-11-10,23.265316009521484,25.477500915527344,25.479999542236328,25.275100708007812,25.275100708007812,3299
2023-11-13,23.240201950073242,25.450000762939453,25.5,25.399999618530273,25.5,2208
2023-11-14,23.242393493652344,25.45240020751953,25.549999237060547,25.399999618530273,25.549999237060547,11224
2023-11-15,23.285860061645508,25.5,25.549999237060547,25.450000762939453,25.549999237060547,12207
2023-11-16,23.24038314819336,25.450199127197266,25.549999237060547,25.450000762939453,25.549999237060547,8954
2023-11-17,23.25389862060547,25.46500015258789,25.5,25.399999618530273,25.475000381469727,4454
2023-11-20,23.285860061645508,25.5,25.549999237060547,25.43000030517578,25.549999237060547,6462
2023-11-21,23.285860061645508,25.5,25.54990005493164,25.450000762939453,25.450000762939453,3001
2023-11-22,23.285860061645508,25.5,25.5,25.5,25.5,0
2023-11-24,23.331520080566406,25.549999237060547,25.56130027770996,25.5,25.5,3436
2023-11-27,23.297639846801758,25.51289939880371,25.600000381469727,25.51289939880371,25.549999237060547,1800
2023-11-28,23.19463539123535,25.400100708007812,25.5,25.400100708007812,25.499900817871094,1274
2023-11-29,23.377178192138672,25.600000381469727,25.600000381469727,25.469999313354492,25.549999237060547,3220
2023-11-30,23.422836303710938,25.649999618530273,25.649999618530273,25.53689956665039,25.549999237060547,5180
2023-12-01,23.506391525268555,25.741500854492188,25.9237003326416,25.649499893188477,25.649999618530273,6037
2023-12-04,23.52155303955078,25.758100509643555,25.780000686645508,25.719999313354492,25.739999771118164,4614
2023-12-05,23.53241729736328,25.770000457763672,25.860000610351562,25.760499954223633,25.770000457763672,1221
2023-12-06,23.65113067626953,25.899999618530273,25.950000762939453,25.899999618530273,25.9242000579834,1553
2023-12-07,23.733314514160156,25.989999771118164,25.989999771118164,25.800100326538086,25.989999771118164,6393
2023-12-08,23.696786880493164,25.950000762939453,25.989999771118164,25.821300506591797,25.850000381469727,3217
2023-12-11,23.742446899414062,26.0,26.0,25.899999618530273,25.899999618530273,6388
2023-12-12,23.751577377319336,26.010000228881836,26.100000381469727,26.0049991607666,26.0049991607666,5271
2023-12-13,23.797327041625977,26.060100555419922,26.149900436401367,25.975000381469727,26.100000381469727,6000
2023-12-14,23.715049743652344,25.969999313354492,26.059999465942383,25.81760025024414,26.059999465942383,10607
2023-12-15,23.788103103637695,26.049999237060547,26.049999237060547,25.931499481201172,25.959999084472656,1302
2023-12-18,23.870288848876953,26.139999389648438,26.18000030517578,25.93000030517578,26.149999618530273,13416
2023-12-19,23.70902442932129,25.96339988708496,26.239900588989258,25.96339988708496,26.20400047302246,3252
2023-12-20,23.73213005065918,25.98870086669922,26.299999237060547,25.899999618530273,26.299999237060547,12457
2023-12-21,23.7609806060791,26.020299911499023,26.020299911499023,25.989900588989258,25.989900588989258,1269
2023-12-22,23.605379104614258,25.849899291992188,26.08679962158203,25.760000228881836,25.969999313354492,8701
2023-12-26,23.78143882751465,26.042699813842773,26.042699813842773,25.788700103759766,25.799999237060547,14471
2023-12-27,23.82463264465332,26.09000015258789,26.09000015258789,26.026199340820312,26.030000686645508,5342
2023-12-28,23.769840240478516,26.030000686645508,26.190000534057617,26.0,26.07080078125,11638
2023-12-29,23.991832733154297,26.273099899291992,26.309999465942383,26.030000686645508,26.030000686645508,3653
2024-01-02,23.979869842529297,26.260000228881836,26.469999313354492,26.149999618530273,26.299999237060547,10325
2024-01-03,24.043790817260742,26.329999923706055,26.467899322509766,26.260000228881836,26.467899322509766,4274
2024-01-04,24.29062271118164,26.600299835205078,26.600299835205078,26.374000549316406,26.374000549316406,6944
2024-01-05,24.427324295043945,26.75,26.75,26.600000381469727,26.600000381469727,7487
2024-01-08,24.390796661376953,26.709999084472656,26.75,26.53499984741211,26.75,8631
2024-01-09,24.47298240661621,26.799999237060547,26.850000381469727,26.690000534057617,26.690000534057617,6722
2024-01-10,24.473073959350586,26.800100326538086,26.800100326538086,26.750999450683594,26.750999450683594,1326
2024-01-11,24.518644332885742,26.850000381469727,26.850000381469727,26.799999237060547,26.799999237060547,3511
2024-01-12,24.399290084838867,26.71929931640625,26.850000381469727,26.709999084472656,26.850000381469727,7617
2024-01-16,24.43645668029785,26.760000228881836,26.809600830078125,26.709999084472656,26.709999084472656,9109
2024-01-17,24.36796760559082,26.684999465942383,26.760000228881836,26.520000457763672,26.760000228881836,2749
2024-01-18,24.390796661376953,26.709999084472656,26.774999618530273,26.600000381469727,26.600000381469727,3514
2024-01-19,24.399927139282227,26.719999313354492,26.778799057006836,26.424999237060547,26.69499969482422,8133
2024-01-22,24.436548233032227,26.760099411010742,26.829999923706055,26.719999313354492,26.719999313354492,13229
2024-01-23,24.427413940429688,26.750099182128906,26.799999237060547,26.700000762939453,26.799999237060547,3535
2024-01-24,24.427324295043945,26.75,26.760000228881836,26.469999313354492,26.760000228881836,1563
2024-01-25,24.47298240661621,26.799999237060547,26.799999237060547,26.75,26.75,13249
2024-01-26,24.518550872802734,26.849899291992188,26.850000381469727,26.75,26.75,4204
2024-01-29,24.42138671875,26.743499755859375,26.790000915527344,26.649999618530273,26.649999618530273,3935
2024-01-30,24.386232376098633,26.704999923706055,26.74139976501465,26.649900436401367,26.649900436401367,2498
2024-01-31,24.375818252563477,26.100099563598633,26.600099563598633,26.100000381469727,26.600000381469727,3355
2024-02-01,24.338367462158203,26.059999465942383,26.16900062561035,26.059999465942383,26.16900062561035,8138
2024-02-02,24.5064754486084,26.239999771118164,26.239999771118164,26.06999969482422,26.08799934387207,3062
2024-02-05,24.38506507873535,26.110000610351562,26.1825008392334,26.059999465942383,26.079999923706055,8655
2024-02-06,24.553077697753906,26.289899826049805,26.459999084472656,26.099899291992188,26.100000381469727,2840
2024-02-07,24.44110107421875,26.170000076293945,26.39699935913086,26.1200008392334,26.299999237060547,3503
2024-02-08,24.44110107421875,26.170000076293945,26.170000076293945,26.079999923706055,26.170000076293945,3739
2024-02-09,24.599870681762695,26.34000015258789,26.34000015258789,26.235000610351562,26.235000610351562,738
2024-02-12,24.340328216552734,26.06209945678711,26.299999237060547,26.010000228881836,26.299999237060547,27662
2024-02-13,24.41775131225586,26.145000457763672,26.209999084472656,26.034299850463867,26.059999465942383,2986
2024-02-14,24.25431251525879,25.969999313354492,26.194599151611328,25.950000762939453,26.030000686645508,9031
2024-02-15,24.478364944458008,26.20989990234375,26.209999084472656,25.979999542236328,25.979999542236328,6156
2024-02-16,24.65590476989746,26.399999618530273,26.5049991607666,26.069000244140625,26.110000610351562,9525
2024-02-20,24.427091598510742,26.155000686645508,26.327999114990234,26.079999923706055,26.209999084472656,7759
2024-02-21,24.38039207458496,26.104999542236328,26.200000762939453,26.075700759887695,26.1200008392334,17417
2024-02-22,24.38039207458496,26.104999542236328,26.110000610351562,26.061599731445312,26.100000381469727,3390
2024-02-23,24.422422409057617,26.149999618530273,26.290000915527344,26.1299991607666,26.149999618530273,8539
2024-02-26,24.282331466674805,26.0,26.092199325561523,25.979999542236328,26.059999465942383,14880
2024-02-27,24.216957092285156,25.93000030517578,26.03510093688965,25.929000854492188,26.03510093688965,6202
2024-02-28,24.282331466674805,26.0,26.100000381469727,26.0,26.010000228881836,14164
2024-02-29,24.3757266998291,26.100000381469727,26.175899505615234,26.040000915527344,26.079999923706055,5319
2024-03-01,24.478458404541016,26.209999084472656,26.238000869750977,26.022499084472656,26.190000534057617,4536
2024-03-04,24.32921600341797,26.050199508666992,26.270000457763672,26.050199508666992,26.270000457763672,515
2024-03-05,24.422422409057617,26.149999618530273,26.200000762939453,26.149999618530273,26.17060089111328,6796
2024-03-06,24.413082122802734,26.139999389648438,26.270000457763672,26.100000381469727,26.270000457763672,17857
2024-03-07,24.431760787963867,26.15999984741211,26.20210075378418,26.149999618530273,26.200199127197266,6513
2024-03-08,24.38506507873535,26.110000610351562,26.15999984741211,26.100000381469727,26.15999984741211,15718
2024-03-11,24.338367462158203,26.059999465942383,26.16900062561035,25.799999237060547,26.15999984741211,33226
2024-03-12,24.330520629882812,26.051599502563477,26.059999465942383,25.8700008392334,25.8700008392334,9572
2024-03-13,24.347612380981445,26.069900512695312,26.06999969482422,25.874900817871094,25.979999542236328,4029
2024-03-14,24.301010131835938,26.020000457763672,26.069900512695312,26.0,26.045000076293945,4346
2024-03-15,24.42232894897461,26.149900436401367,26.340999603271484,25.959999084472656,25.959999084472656,9004
2024-03-18,24.431760787963867,26.15999984741211,26.349700927734375,26.0,26.139999389648438,11511
2024-03-19,24.422422409057617,26.149999618530273,26.25,26.100299835205078,26.110000610351562,4009
2024-03-20,24.609209060668945,26.350000381469727,26.350000381469727,26.149999618530273,26.149999618530273,4781
2024-03-21,24.55914878845215,26.29640007019043,26.3700008392334,26.236099243164062,26.3700008392334,2220
2024-03-22,24.459686279296875,26.189899444580078,26.274999618530273,26.184600830078125,26.274999618530273,6529
2024-03-25,24.422422409057617,26.149999618530273,26.25,26.100000381469727,26.100000381469727,18644
2024-03-26,24.422422409057617,26.149999618530273,26.239999771118164,26.149999618530273,26.149999618530273,7084
2024-03-27,24.5064754486084,26.239999771118164,26.25,26.200000762939453,26.200000762939453,4222
2024-03-28,24.476869583129883,26.20829963684082,26.25,26.197200775146484,26.25,922
2024-04-01,24.422422409057617,26.149999618530273,26.25,26.1200008392334,26.25,9021
2024-04-02,24.394405364990234,26.1200008392334,26.25,26.1200008392334,26.200000762939453,8017
2024-04-03,24.51581573486328,26.25,26.25,26.25,26.25,484
2024-04-04,24.49713706970215,26.229999542236328,26.273099899291992,26.200000762939453,26.244800567626953,4871
2024-04-05,24.57185173034668,26.309999465942383,26.600000381469727,26.1200008392334,26.1200008392334,8963
2024-04-08,24.49713706970215,26.229999542236328,26.389999389648438,26.229999542236328,26.389999389648438,3239
2024-04-09,24.487703323364258,26.219900131225586,26.261699676513672,26.1200008392334,26.149999618530273,6988
2024-04-10,24.422422409057617,26.149999618530273,26.209999084472656,26.100200653076172,26.110000610351562,5248
2024-04-11,24.450439453125,26.18000030517578,26.34000015258789,26.15999984741211,26.15999984741211,3409
2024-04-12,24.581192016601562,26.31999969482422,26.31999969482422,26.200000762939453,26.219999313354492,2801
2024-04-15,24.721282958984375,26.469999313354492,26.510000228881836,26.325000762939453,26.399999618530273,16875
2024-04-16,24.5064754486084,26.239999771118164,26.489999771118164,26.209999084472656,26.489999771118164,20471
2024-04-17,24.469120025634766,26.200000762939453,26.59000015258789,26.200000762939453,26.56999969482422,31036
2024-04-18,24.483125686645508,26.21500015258789,26.313199996948242,26.100000381469727,26.25,21717
2024-04-19,24.525156021118164,26.260000228881836,26.34000015258789,26.260000228881836,26.34000015258789,10176
2024-04-22,24.520483016967773,26.2549991607666,26.329999923706055,26.15999984741211,26.219999313354492,7265
2024-04-23,24.469120025634766,26.200000762939453,26.350000381469727,25.75,26.25,29406
2024-04-24,24.3757266998291,26.100000381469727,26.22719955444336,26.040000915527344,26.040000915527344,23692
2024-04-25,24.310348510742188,26.030000686645508,26.123300552368164,26.020000457763672,26.06999969482422,31460
2024-04-26,24.226295471191406,25.940000534057617,26.065000534057617,25.940000534057617,26.059999465942383,24083
2024-04-29,24.525249481201172,26.260099411010742,26.290000915527344,26.0,26.0,24360
2024-04-30,24.530073165893555,25.67140007019043,25.700000762939453,25.5,25.700000762939453,14977
2024-05-01,24.563804626464844,25.70669937133789,25.70669937133789,25.658000946044922,25.700000762939453,2935
2024-05-02,24.710290908813477,25.860000610351562,25.860000610351562,25.719999313354492,25.72130012512207,6137
2024-05-03,24.681621551513672,25.829999923706055,25.889999389648438,25.790000915527344,25.83340072631836,2011
2024-05-06,24.729209899902344,25.87980079650879,25.8799991607666,25.75,25.790000915527344,7272
2024-05-07,24.70149803161621,25.850799560546875,25.8799991607666,25.790000915527344,25.8799991607666,3202
2024-05-08,24.662511825561523,25.809999465942383,25.850000381469727,25.746299743652344,25.850000381469727,8834
2024-05-09,24.586069107055664,25.729999542236328,25.889999389648438,25.729999542236328,25.73859977722168,3653
2024-05-10,24.55730628967285,25.699899673461914,25.825000762939453,25.549999237060547,25.549999237060547,4396
2024-05-13,24.528642654418945,25.66990089416504,25.81999969482422,25.579999923706055,25.81999969482422,14640
2024-05-14,24.481054306030273,25.620100021362305,25.856199264526367,25.540000915527344,25.770000457763672,5625
2024-05-15,24.547943115234375,25.690099716186523,25.819900512695312,25.670000076293945,25.770000457763672,3723
2024-05-16,24.586166381835938,25.730100631713867,25.770000457763672,25.649999618530273,25.649999618530273,6704
2024-05-17,24.652956008911133,25.799999237060547,25.81999969482422,25.749000549316406,25.81999969482422,4380
2024-05-20,24.652956008911133,25.799999237060547,25.799999237060547,25.709999084472656,25.709999084472656,5577
2024-05-21,24.640344619750977,25.786800384521484,25.799999237060547,25.760000228881836,25.79990005493164,6415
2024-05-22,24.652956008911133,25.799999237060547,25.799999237060547,25.75,25.75,2325
2024-05-23,24.643402099609375,25.790000915527344,25.819900512695312,25.75,25.760000228881836,13075
2024-05-24,24.71917724609375,25.869300842285156,25.889999389648438,25.829999923706055,25.829999923706055,5432
2024-05-28,24.719844818115234,25.8700008392334,25.92970085144043,25.809900283813477,25.809999465942383,4329
2024-05-29,24.700448989868164,25.849700927734375,25.88990020751953,25.81999969482422,25.81999969482422,10964
2024-05-30,24.777175903320312,25.93000030517578,25.93000030517578,25.86989974975586,25.8700008392334,4082
2024-05-31,24.84998893737793,26.006200790405273,26.006200790405273,25.929899215698242,25.929899215698242,5660
2024-06-03,25.035173416137695,26.200000762939453,26.200000762939453,25.93549919128418,25.9950008392334,10742
2024-06-04,24.997905731201172,26.160999298095703,26.229999542236328,26.030000686645508,26.229999542236328,8140
2024-06-05,25.08247184753418,26.249500274658203,26.283199310302734,26.169200897216797,26.170000076293945,19738
2024-06-06,25.121173858642578,26.290000915527344,26.36989974975586,26.219999313354492,26.290000915527344,9311
2024-06-07,25.197711944580078,26.370100021362305,26.389999389648438,26.18000030517578,26.18000030517578,4552
2024-06-10,25.121076583862305,26.289899826049805,26.405000686645508,26.280000686645508,26.31999969482422,24256
2024-06-11,25.197616577148438,26.3700008392334,26.3700008392334,26.28499984741211,26.28499984741211,4243
2024-06-12,25.202966690063477,26.375600814819336,26.399999618530273,26.320100784301758,26.399999618530273,9946
2024-06-13,25.22150421142578,26.395000457763672,26.5,26.395000457763672,26.5,754
2024-06-14,25.16847038269043,26.339500427246094,26.386899948120117,26.329999923706055,26.386899948120117,6277
2024-06-17,25.16971206665039,26.34079933166504,26.400299072265625,26.040000915527344,26.31999969482422,5426
2024-06-18,25.130725860595703,26.299999237060547,26.34000015258789,26.299999237060547,26.299999237060547,2926
2024-06-20,25.169618606567383,26.340700149536133,26.380300521850586,26.290000915527344,26.290000915527344,1451
2024-06-21,25.128530502319336,26.297700881958008,26.336599349975586,26.290000915527344,26.336599349975586,3923
2024-06-24,24.987873077392578,26.15049934387207,26.290000915527344,26.100000381469727,26.200000762939453,23471
2024-06-25,25.044727325439453,26.209999084472656,26.27589988708496,26.149999618530273,26.149999618530273,3269
2024-06-26,24.930063247680664,26.09000015258789,26.100000381469727,26.059999465942383,26.06999969482422,6886
2024-06-27,24.863176345825195,26.020000457763672,26.09000015258789,25.799999237060547,26.09000015258789,9129
2024-06-28,24.89661979675293,26.05500030517578,26.06999969482422,26.00029945373535,26.010000228881836,6671
2024-07-01,25.025617599487305,26.190000534057617,26.190000534057617,26.02739906311035,26.09000015258789,6562
2024-07-02,24.99876594543457,26.16189956665039,26.165000915527344,26.1299991607666,26.1299991607666,3084
2024-07-03,25.094606399536133,26.26219940185547,26.280000686645508,26.149999618530273,26.229999542236328,4208
2024-07-05,25.140283584594727,26.309999465942383,26.309999465942383,26.239999771118164,26.260000228881836,3249
2024-07-08,25.168949127197266,26.34000015258789,26.34000015258789,26.15999984741211,26.269699096679688,9480
2024-07-09,25.158916473388672,26.329500198364258,26.329500198364258,26.200000762939453,26.200000762939453,2004
2024-07-10,25.192358016967773,26.364500045776367,26.364500045776367,26.290000915527344,26.31399917602539,4040
2024-07-11,25.21194839477539,26.385000228881836,26.385000228881836,26.34469985961914,26.3700008392334,1781
2024-07-12,25.044727325439453,26.209999084472656,26.399999618530273,26.209999084472656,26.34000015258789,7812
2024-07-15,25.188058853149414,26.360000610351562,26.3700008392334,26.20989990234375,26.209999084472656,7985
2024-07-16,25.159393310546875,26.329999923706055,26.3700008392334,26.309999465942383,26.360000610351562,7201
2024-07-17,25.28839111328125,26.46500015258789,26.479999542236328,26.350000381469727,26.399999618530273,6802
2024-07-18,25.293169021606445,26.469999313354492,26.5,26.44499969482422,26.489999771118164,7850
2024-07-19,25.293073654174805,26.469900131225586,26.469999313354492,26.329999923706055,26.440000534057617,7806
2024-07-22,25.226280212402344,26.399999618530273,26.469999313354492,26.25,26.329999923706055,12041
2024-07-23,25.149837493896484,26.31999969482422,26.45009994506836,26.31999969482422,26.41939926147461,19911
2024-07-24,25.22150421142578,26.395000457763672,26.469999313354492,26.350000381469727,26.399999618530273,5860
2024-07-25,25.231060028076172,26.405000686645508,26.440000534057617,26.350000381469727,26.40999984741211,5593
2024-07-26,25.187007904052734,26.35890007019043,26.459999084472656,26.35890007019043,26.459999084472656,2405
2024-07-29,25.14936065673828,26.319499969482422,26.420000076293945,26.299999237060547,26.420000076293945,11819
2024-07-30,25.07817268371582,26.2450008392334,26.440000534057617,26.229999542236328,26.420000076293945,24716
2024-07-31,25.149934768676758,26.320100784301758,26.41990089416504,26.260000228881836,26.34000015258789,8704
2024-08-01,25.247447967529297,25.826099395751953,25.893699645996094,25.790000915527344,25.81999969482422,12601
2024-08-02,25.231708526611328,25.809999465942383,25.899999618530273,25.809999465942383,25.860000610351562,15651
2024-08-05,25.075294494628906,25.649999618530273,25.8799991607666,25.4325008392334,25.8799991607666,15075
2024-08-06,25.231708526611328,25.809999465942383,25.809999465942383,25.649999618530273,25.700000762939453,5250
2024-08-07,25.25126075744629,25.829999923706055,25.860000610351562,25.739999771118164,25.819700241088867,15136
2024-08-08,25.222030639648438,25.800100326538086,25.815000534057617,25.700000762939453,25.799999237060547,6431
2024-08-09,25.290266036987305,25.86989974975586,25.8700008392334,25.81999969482422,25.8700008392334,4012
2024-08-12,25.221933364868164,25.799999237060547,25.8700008392334,25.771099090576172,25.8700008392334,5783
2024-08-13,25.202383041381836,25.780000686645508,25.8700008392334,25.739999771118164,25.8700008392334,8801
2024-08-14,25.202478408813477,25.780099868774414,25.8700008392334,25.719999313354492,25.799999237060547,5534
2024-08-15,25.27335548400879,25.85260009765625,25.860000610351562,25.729999542236328,25.860000610351562,6887
2024-08-16,25.297697067260742,25.877500534057617,25.899999618530273,25.770000457763672,25.770000457763672,10658
2024-08-19,25.368669509887695,25.95009994506836,25.990100860595703,25.906200408935547,25.90999984741211,4204
2024-08-20,25.34902000427246,25.93000030517578,25.960100173950195,25.8700008392334,25.950000762939453,5626
2024-08-21,25.310014724731445,25.890100479125977,25.940000534057617,25.799999237060547,25.8700008392334,4951
2024-08-22,25.27570152282715,25.854999542236328,25.90999984741211,25.799999237060547,25.81999969482422,5282
2024-08-23,25.34902000427246,25.93000030517578,25.93000030517578,25.799999237060547,25.809999465942383,4082
2024-08-26,25.19260597229004,25.770000457763672,25.93000030517578,25.770000457763672,25.809999465942383,9105
2024-08-27,25.23972511291504,25.818199157714844,25.899999618530273,25.75,25.899999618530273,11903
2024-08-28,25.241485595703125,25.81999969482422,25.85260009765625,25.752399444580078,25.85260009765625,4465
2024-08-29,25.309720993041992,25.889799118041992,25.889799118041992,25.81999969482422,25.81999969482422,2713
2024-08-30,25.29036521911621,25.8700008392334,25.91990089416504,25.8700008392334,25.889999389648438,4346
2024-09-03,25.339244842529297,25.920000076293945,25.969999313354492,25.920000076293945,25.969999313354492,5139
2024-09-04,25.27570152282715,25.854999542236328,25.90999984741211,25.853300094604492,25.90999984741211,3432
2024-09-05,25.35869789123535,25.939899444580078,25.940000534057617,25.90999984741211,25.90999984741211,3795
2024-09-06,25.36847496032715,25.949899673461914,25.979999542236328,25.90999984741211,25.940000534057617,8133
2024-09-09,25.32047462463379,25.900800704956055,25.920000076293945,25.889999389648438,25.920000076293945,3850
2024-09-10,25.30991554260254,25.889999389648438,25.959999084472656,25.859100341796875,25.959999084472656,8986
2024-09-11,25.371700286865234,25.95319938659668,25.95319938659668,25.799999237060547,25.930200576782227,11912
2024-09-12,25.397899627685547,25.979999542236328,25.979999542236328,25.8799991607666,25.8799991607666,1553
2024-09-13,25.300140380859375,25.8799991607666,25.979999542236328,25.864999771118164,25.979999542236328,3301
2024-09-16,25.340417861938477,25.921199798583984,25.93000030517578,25.8700008392334,25.8700008392334,6242
2024-09-17,25.371896743774414,25.953399658203125,25.976499557495117,25.829999923706055,25.93000030517578,5009
2024-09-18,25.409143447875977,25.991500854492188,26.0,25.829999923706055,25.829999923706055,9378
2024-09-19,25.396041870117188,25.978099822998047,26.039899826049805,25.920000076293945,25.920000076293945,9111
2024-09-20,25.38802719116211,25.969900131225586,25.979999542236328,25.950000762939453,25.959999084472656,5019
2024-09-23,25.407676696777344,25.989999771118164,26.020000457763672,25.920000076293945,25.940000534057617,10708
2024-09-24,25.25126075744629,25.829999923706055,25.954999923706055,25.829999923706055,25.920000076293945,8498
2024-09-25,25.375024795532227,25.956600189208984,25.959999084472656,25.860000610351562,25.860000610351562,6363
2024-09-26,25.348922729492188,25.929899215698242,25.969999313354492,25.8799991607666,25.8799991607666,6659
2024-09-27,25.3505859375,25.93160057067871,25.959999084472656,25.920000076293945,25.959999084472656,2753
2024-09-30,25.370723724365234,25.952199935913086,25.979999542236328,25.93000030517578,25.95009994506836,3519
2024-10-01,25.378347396850586,25.959999084472656,25.989999771118164,25.930099487304688,25.989999771118164,5011
2024-10-02,25.48480796813965,26.068899154663086,26.079999923706055,25.940000534057617,25.940000534057617,7407
2024-10-03,25.534765243530273,26.1200008392334,26.1299991607666,26.049699783325195,26.049699783325195,9660
2024-10-04,25.520784378051758,26.10569953918457,26.110000610351562,26.0,26.0,2703
2024-10-07,25.539846420288086,26.125200271606445,26.1299991607666,26.020000457763672,26.110000610351562,7525
2024-10-08,25.612972259521484,26.200000762939453,26.212799072265625,26.124799728393555,26.124799728393555,1805
2024-10-09,25.57875633239746,26.165000915527344,26.183399200439453,26.079999923706055,26.15999984741211,5482
2024-10-10,25.710729598999023,26.299999237060547,26.299999237060547,26.060100555419922,26.060100555419922,12358
2024-10-11,25.710729598999023,26.299999237060547,26.309999465942383,26.273799896240234,26.280000686645508,5476
2024-10-14,25.730281829833984,26.31999969482422,26.31999969482422,26.15999984741211,26.15999984741211,4213
2024-10-15,25.72050666809082,26.309999465942383,26.31999969482422,26.229999542236328,26.299999237060547,2875
2024-10-16,25.711219787597656,26.300500869750977,26.360000610351562,26.100000381469727,26.290000915527344,8319
2024-10-17,25.738004684448242,26.327899932861328,26.329999923706055,26.0,26.260000228881836,8226
2024-10-18,25.710729598999023,26.299999237060547,26.320100784301758,26.260000228881836,26.309999465942383,4344
2024-10-21,25.779163360595703,26.3700008392334,26.3700008392334,26.25,26.25,2425
2024-10-22,25.75472068786621,26.344999313354492,26.3700008392334,26.279499053955078,26.290000915527344,5666
2024-10-23,25.7163028717041,26.305700302124023,26.329999923706055,26.200000762939453,26.200000762939453,7584
2024-10-24,25.691179275512695,26.280000686645508,26.339399337768555,26.280000686645508,26.31999969482422,2821
2024-10-25,25.691179275512695,26.280000686645508,26.324499130249023,26.260000228881836,26.31999969482422,2598
2024-10-28,25.759511947631836,26.349899291992188,26.350000381469727,26.25,26.25,6148
2024-10-29,25.759611129760742,26.350000381469727,26.454999923706055,26.329999923706055,26.329999923706055,10836
2024-10-30,25.876920700073242,26.469999313354492,26.4950008392334,26.351299285888672,26.3799991607666,11448
2024-10-31,25.90625,26.5,26.5,26.3700008392334,26.469999313354492,9263
2024-11-01,25.863300323486328,25.863300323486328,25.920000076293945,25.70009994506836,25.918899536132812,14247
2024-11-04,25.90999984741211,25.90999984741211,25.979999542236328,25.860000610351562,25.979999542236328,5030
2024-11-05,25.8799991607666,25.8799991607666,25.922800064086914,25.8799991607666,25.899999618530273,1038
2024-11-06,25.979999542236328,25.979999542236328,25.979999542236328,25.8799991607666,25.8799991607666,10833
2024-11-07,25.93160057067871,25.93160057067871,25.958499908447266,25.899999618530273,25.899999618530273,4109
2024-11-08,25.989700317382812,25.989700317382812,25.989700317382812,25.93000030517578,25.979999542236328,3375
2024-11-11,25.959999084472656,25.959999084472656,26.0,25.856599807739258,25.989999771118164,5854
2024-11-12,25.950000762939453,25.950000762939453,25.98430061340332,25.920000076293945,25.940000534057617,4971
2024-11-13,25.940000534057617,25.940000534057617,25.989999771118164,25.920000076293945,25.989999771118164,5019
2024-11-14,25.969999313354492,25.969999313354492,25.989999771118164,25.920000076293945,25.989999771118164,1626
2024-11-15,26.19700050354004,26.19700050354004,26.25,26.020000457763672,26.109899520874023,6407
2024-11-18,26.104000091552734,26.104000091552734,26.149999618530273,26.040000915527344,26.149999618530273,2484
2024-11-19,26.049999237060547,26.049999237060547,26.219999313354492,26.010099411010742,26.219999313354492,5862
2024-11-20,26.1200008392334,26.1200008392334,26.1299991607666,26.0,26.0,2729
2024-11-21,26.110000610351562,26.110000610351562,26.1299991607666,26.0,26.1299991607666,5978
2024-11-22,26.11009979248047,26.11009979248047,26.1200008392334,26.090299606323242,26.092500686645508,914
2024-11-25,26.100500106811523,26.100500106811523,26.1299991607666,26.020000457763672,26.020000457763672,3981
2024-11-26,26.068199157714844,26.068199157714844,26.068199157714844,25.959999084472656,26.0,10728
2024-11-27,26.100000381469727,26.100000381469727,26.100000381469727,26.030000686645508,26.100000381469727,846
2024-11-29,26.100000381469727,26.100000381469727,26.100000381469727,26.090499877929688,26.090499877929688,683
2024-12-02,26.079999923706055,26.079999923706055,26.1299991607666,26.049999237060547,26.1299991607666,4933
2024-12-03,26.31999969482422,26.31999969482422,26.389999389648438,26.110000610351562,26.110000610351562,11617
2024-12-04,26.200000762939453,26.200000762939453,26.300199508666992,26.19070053100586,26.299999237060547,9746
2024-12-05,26.17340087890625,26.17340087890625,26.239999771118164,26.100000381469727,26.239999771118164,8591
2024-12-06,26.180099487304688,26.180099487304688,26.181299209594727,26.155099868774414,26.170000076293945,2778
2024-12-09,26.160600662231445,26.160600662231445,26.290000915527344,26.15999984741211,26.200000762939453,8796
2024-12-10,26.18000030517578,26.18000030517578,26.200000762939453,26.16010093688965,26.179899215698242,2593
2024-12-11,26.15999984741211,26.15999984741211,26.190000534057617,26.110000610351562,26.15999984741211,6363
2024-12-12,26.170000076293945,26.170000076293945,26.190000534057617,26.110000610351562,26.110000610351562,6104
2024-12-13,26.149999618530273,26.149999618530273,26.199800491333008,26.149999618530273,26.199800491333008,793
2024-12-16,26.18000030517578,26.18000030517578,26.229999542236328,26.100000381469727,26.110000610351562,6116
2024-12-17,26.1200008392334,26.1200008392334,26.18000030517578,26.100000381469727,26.100000381469727,3667
2024-12-18,26.1200008392334,26.1200008392334,26.170000076293945,26.100000381469727,26.100000381469727,3923
2024-12-19,26.135700225830078,26.135700225830078,26.17530059814453,26.049999237060547,26.17530059814453,2982
2024-12-20,26.08989906311035,26.08989906311035,26.16900062561035,26.049999237060547,26.15999984741211,3929
