Date,Adj Close,Close,High,Low,Open,Volume
2021-05-18,72.94999694824219,72.94999694824219,74.7300033569336,62.0,62.0,4700
2021-05-19,68.01000213623047,68.01000213623047,82.16000366210938,64.9530029296875,67.0,100900
2021-05-20,66.05000305175781,66.05000305175781,70.0,64.0,64.0,48000
2021-05-21,63.59000015258789,63.59000015258789,65.125,63.0,64.51000213623047,54500
2021-05-24,63.0,63.0,63.95000076293945,59.900001525878906,59.900001525878906,32300
2021-05-25,61.79999923706055,61.79999923706055,62.54999923706055,58.709999084472656,58.75,12700
2021-05-26,61.209999084472656,61.209999084472656,62.16999816894531,60.79999923706055,60.79999923706055,11400
2021-05-27,62.22999954223633,62.22999954223633,65.69999694824219,62.22800064086914,63.34000015258789,18700
2021-05-28,62.5,62.5,64.76000213623047,61.599998474121094,61.599998474121094,4700
2021-06-01,63.529998779296875,63.529998779296875,63.810001373291016,61.60499954223633,62.5,109600
2021-06-02,63.5,63.5,63.869998931884766,62.95000076293945,63.0,17600
2021-06-03,63.599998474121094,63.599998474121094,64.2699966430664,62.33000183105469,62.630001068115234,65100
2021-06-04,63.54999923706055,63.54999923706055,64.5,62.0,63.70500183105469,41100
2021-06-07,62.16999816894531,62.16999816894531,64.08999633789062,61.0,63.119998931884766,31100
2021-06-08,61.790000915527344,61.790000915527344,63.165000915527344,61.0099983215332,61.224998474121094,108400
2021-06-09,62.970001220703125,62.970001220703125,63.20000076293945,60.0099983215332,61.790000915527344,41200
2021-06-10,63.599998474121094,63.599998474121094,63.9900016784668,63.0,63.0,39600
2021-06-11,65.75,65.75,66.62999725341797,64.87999725341797,64.87999725341797,95500
2021-06-14,65.7300033569336,65.7300033569336,66.51000213623047,65.20999908447266,65.4800033569336,15800
2021-06-15,66.69999694824219,66.69999694824219,67.0,65.80000305175781,65.80000305175781,204200
2021-06-16,65.0999984741211,65.0999984741211,66.2699966430664,65.0,66.2699966430664,20600
2021-06-17,64.2699966430664,64.2699966430664,65.08999633789062,64.2699966430664,65.08999633789062,3200
2021-06-18,62.81999969482422,62.81999969482422,63.790000915527344,62.81999969482422,63.720001220703125,17600
2021-06-21,64.0,64.0,65.5,62.7400016784668,62.7400016784668,51700
2021-06-22,64.19000244140625,64.19000244140625,64.77999877929688,63.02000045776367,64.23999786376953,15900
2021-06-23,64.4800033569336,64.4800033569336,64.94999694824219,63.88999938964844,63.88999938964844,33600
2021-06-24,64.61000061035156,64.61000061035156,65.1050033569336,64.19400024414062,65.1050033569336,20500
2021-06-25,64.75,64.75,65.74400329589844,64.75,64.80000305175781,27700
2021-06-28,62.52000045776367,62.52000045776367,65.3499984741211,62.2400016784668,64.75,26500
2021-06-29,62.59000015258789,62.59000015258789,63.42599868774414,61.18600082397461,62.75,27600
2021-06-30,64.69999694824219,64.69999694824219,65.33000183105469,62.400001525878906,62.400001525878906,48500
2021-07-01,65.81999969482422,65.81999969482422,66.0,62.040000915527344,62.040000915527344,41800
2021-07-02,64.48999786376953,64.48999786376953,66.0,64.48999786376953,65.1500015258789,17700
2021-07-06,63.09000015258789,63.09000015258789,64.58999633789062,62.46799850463867,64.45999908447266,8100
2021-07-07,63.86000061035156,63.86000061035156,65.11000061035156,63.52000045776367,63.52000045776367,19300
2021-07-08,65.30000305175781,65.30000305175781,65.30000305175781,63.59000015258789,64.08000183105469,12100
2021-07-09,66.30999755859375,66.30999755859375,66.45999908447266,65.19999694824219,65.30999755859375,55700
2021-07-12,68.79000091552734,68.79000091552734,70.23999786376953,65.9000015258789,65.9000015258789,35200
2021-07-13,69.33000183105469,69.33000183105469,69.56999969482422,67.41999816894531,67.88999938964844,36000
2021-07-14,68.5,68.5,69.69000244140625,67.08300018310547,68.79000091552734,33500
2021-07-15,68.23999786376953,68.23999786376953,69.22000122070312,68.05000305175781,68.22000122070312,43600
2021-07-16,67.69999694824219,67.69999694824219,68.61000061035156,66.5,68.61000061035156,26800
2021-07-19,63.02000045776367,63.02000045776367,66.12999725341797,63.0,66.12999725341797,18600
2021-07-20,61.619998931884766,61.619998931884766,64.47000122070312,60.43000030517578,63.599998474121094,142500
2021-07-21,65.75,65.75,66.41500091552734,62.59000015258789,62.59000015258789,17300
2021-07-22,65.63999938964844,65.63999938964844,66.4749984741211,65.0,65.87999725341797,11400
2021-07-23,65.0,65.0,66.89299774169922,64.80999755859375,65.91000366210938,28100
2021-07-26,67.48999786376953,67.48999786376953,69.05000305175781,65.44000244140625,65.58000183105469,57800
2021-07-27,66.87999725341797,66.87999725341797,69.12300109863281,65.77999877929688,67.12999725341797,29900
2021-07-28,66.87999725341797,66.87999725341797,67.30999755859375,66.73999786376953,66.73999786376953,14600
2021-07-29,68.70999908447266,68.70999908447266,68.9800033569336,66.95999908447266,67.3499984741211,25000
2021-07-30,68.30000305175781,68.30000305175781,68.75,67.27999877929688,68.75,11500
2021-08-02,68.18000030517578,68.18000030517578,68.98899841308594,67.58999633789062,68.80000305175781,36400
2021-08-03,70.76000213623047,70.76000213623047,71.18000030517578,66.0,67.3499984741211,33100
2021-08-04,69.36000061035156,69.36000061035156,71.12000274658203,69.29000091552734,70.0,144400
2021-08-05,69.4000015258789,69.4000015258789,70.31500244140625,69.0199966430664,69.70999908447266,71400
2021-08-06,68.55000305175781,68.55000305175781,70.3550033569336,66.9729995727539,69.87999725341797,25900
2021-08-09,66.76000213623047,66.76000213623047,68.0,65.5,68.0,47600
2021-08-10,67.25,67.25,67.38999938964844,65.80999755859375,67.0,31500
2021-08-11,66.44000244140625,66.44000244140625,67.28500366210938,65.3499984741211,66.94000244140625,27700
2021-08-12,66.88999938964844,66.88999938964844,67.1050033569336,65.29000091552734,66.62999725341797,16700
2021-08-13,66.5199966430664,66.5199966430664,67.25,66.5199966430664,66.80000305175781,22000
2021-08-16,65.01000213623047,65.01000213623047,66.04000091552734,64.3499984741211,66.04000091552734,22800
2021-08-17,64.80999755859375,64.80999755859375,65.59500122070312,64.0250015258789,64.3499984741211,48600
2021-08-18,64.63999938964844,64.63999938964844,65.44000244140625,64.0,64.0,37000
2021-08-19,64.76000213623047,64.76000213623047,65.83999633789062,64.0,64.0,23700
2021-08-20,64.41999816894531,64.41999816894531,65.55000305175781,64.23999786376953,64.23999786376953,19600
2021-08-23,64.8499984741211,64.8499984741211,65.29499816894531,64.30000305175781,65.16000366210938,18800
2021-08-24,65.20999908447266,65.20999908447266,65.65499877929688,64.19999694824219,65.26000213623047,12700
2021-08-25,65.25,65.25,66.6500015258789,64.75,64.9800033569336,22600
2021-08-26,64.98999786376953,64.98999786376953,65.47000122070312,64.43000030517578,64.80999755859375,15900
2021-08-27,67.30999755859375,67.30999755859375,67.5,65.23999786376953,65.23999786376953,73100
2021-08-30,66.1500015258789,66.1500015258789,67.4749984741211,66.0999984741211,67.0,18000
2021-08-31,66.86000061035156,66.86000061035156,68.01000213623047,66.0,66.27999877929688,42400
2021-09-01,67.94000244140625,67.94000244140625,67.94999694824219,66.21499633789062,66.6500015258789,44500
2021-09-02,69.0,69.0,70.12999725341797,68.05000305175781,68.12000274658203,49600
2021-09-03,69.91999816894531,69.91999816894531,70.19999694824219,69.2699966430664,69.37999725341797,38600
2021-09-07,71.70999908447266,71.70999908447266,72.37999725341797,70.37999725341797,70.38999938964844,181900
2021-09-08,71.73999786376953,71.73999786376953,72.86000061035156,70.83000183105469,72.04000091552734,72500
2021-09-09,71.76000213623047,71.76000213623047,72.5,71.16999816894531,71.62000274658203,55100
2021-09-10,71.2699966430664,71.2699966430664,72.0,70.52799987792969,72.0,54200
2021-09-13,72.16999816894531,72.16999816894531,73.0199966430664,71.08999633789062,71.08999633789062,102900
2021-09-14,73.04000091552734,73.04000091552734,73.55999755859375,71.5199966430664,72.5,105100
2021-09-15,76.72000122070312,76.72000122070312,78.13999938964844,74.3499984741211,74.41000366210938,306700
2021-09-16,79.97000122070312,79.97000122070312,79.9800033569336,76.677001953125,76.9000015258789,311800
2021-09-17,78.56999969482422,78.56999969482422,81.93499755859375,78.56999969482422,80.0,923800
2021-09-20,78.2699966430664,78.2699966430664,79.73999786376953,76.3219985961914,77.94000244140625,130200
2021-09-21,78.58999633789062,78.58999633789062,80.75,78.55999755859375,79.19999694824219,128100
2021-09-22,78.0,78.0,79.83999633789062,77.21499633789062,79.29000091552734,32700
2021-09-23,79.9800033569336,79.9800033569336,87.26000213623047,77.0199966430664,77.0199966430664,182800
2021-09-24,81.0,81.0,81.86000061035156,78.5199966430664,80.26000213623047,57200
2021-09-27,82.98999786376953,82.98999786376953,83.75,81.87000274658203,81.87000274658203,77700
2021-09-28,82.79000091552734,82.79000091552734,84.27999877929688,81.55000305175781,84.27999877929688,55300
2021-09-29,82.22000122070312,82.22000122070312,82.45999908447266,81.80000305175781,82.4000015258789,36000
2021-09-30,82.20999908447266,82.20999908447266,82.94999694824219,81.0,81.6500015258789,38900
2021-10-01,82.0199966430664,82.0199966430664,83.25,81.44000244140625,82.05999755859375,33000
2021-10-04,83.13999938964844,83.13999938964844,83.52999877929688,81.84500122070312,81.9800033569336,63600
2021-10-05,83.5,83.5,83.8499984741211,82.0999984741211,83.5,83700
2021-10-06,81.93000030517578,81.93000030517578,82.9749984741211,81.04000091552734,82.73999786376953,37000
2021-10-07,82.72000122070312,82.72000122070312,83.70999908447266,82.0,82.58999633789062,84400
2021-10-08,85.80000305175781,85.80000305175781,85.87999725341797,82.75,83.37000274658203,49400
2021-10-11,87.86000061035156,87.86000061035156,88.80000305175781,85.66999816894531,85.66999816894531,59700
2021-10-12,87.72000122070312,87.72000122070312,88.8550033569336,86.67500305175781,88.13999938964844,57500
2021-10-13,86.95999908447266,86.95999908447266,87.44000244140625,86.3499984741211,86.95999908447266,56500
2021-10-14,86.7300033569336,86.7300033569336,87.2750015258789,86.08999633789062,87.11000061035156,32300
2021-10-15,84.41999816894531,84.41999816894531,87.36000061035156,84.16999816894531,86.69999694824219,24700
2021-10-18,83.47000122070312,83.47000122070312,85.05799865722656,82.37000274658203,84.41999816894531,56400
2021-10-19,82.94000244140625,82.94000244140625,83.83999633789062,82.11000061035156,83.5199966430664,17700
2021-10-20,84.0,84.0,84.62999725341797,82.69999694824219,82.69999694824219,85300
2021-10-21,83.13999938964844,83.13999938964844,86.1500015258789,82.62000274658203,84.25,22200
2021-10-22,83.0,83.0,84.58100128173828,82.69000244140625,83.37999725341797,18600
2021-10-25,84.19000244140625,84.19000244140625,84.80500030517578,83.2300033569336,83.2300033569336,56800
2021-10-26,84.73999786376953,84.73999786376953,86.20999908447266,84.18000030517578,84.51000213623047,45200
2021-10-27,84.0,84.0,85.5999984741211,83.20500183105469,84.0,56400
2021-10-28,83.97000122070312,83.97000122070312,85.98999786376953,83.83999633789062,84.4000015258789,24900
2021-10-29,82.04000091552734,82.04000091552734,83.83000183105469,81.83999633789062,83.70999908447266,109700
2021-11-01,82.3499984741211,82.3499984741211,83.8499984741211,81.73999786376953,82.69999694824219,28600
2021-11-02,82.5,82.5,83.26000213623047,81.20099639892578,82.33999633789062,66400
2021-11-03,81.66000366210938,81.66000366210938,83.62999725341797,79.69999694824219,83.26000213623047,96900
2021-11-04,81.37000274658203,81.37000274658203,83.8030014038086,80.47000122070312,81.94000244140625,41500
2021-11-05,81.83999633789062,81.83999633789062,82.01000213623047,79.5999984741211,81.31999969482422,24500
2021-11-08,82.48999786376953,82.48999786376953,83.63999938964844,81.19000244140625,81.58999633789062,31100
2021-11-09,82.16000366210938,82.16000366210938,82.72000122070312,80.29000091552734,82.05999755859375,64300
2021-11-10,79.2699966430664,79.2699966430664,82.15499877929688,79.16999816894531,81.7300033569336,90900
2021-11-11,79.45999908447266,79.45999908447266,82.08999633789062,78.9000015258789,79.05999755859375,39100
2021-11-12,79.5,79.5,81.3499984741211,79.27999877929688,80.0999984741211,197600
2021-11-15,80.22000122070312,80.22000122070312,81.01000213623047,78.86000061035156,79.76000213623047,148400
2021-11-16,80.80000305175781,80.80000305175781,81.75,79.63999938964844,80.76000213623047,110500
2021-11-17,80.5999984741211,80.5999984741211,83.5999984741211,79.9000015258789,80.18000030517578,63700
2021-11-18,79.06999969482422,79.06999969482422,82.75,79.0199966430664,80.86000061035156,66300
2021-11-19,77.26000213623047,77.26000213623047,78.69999694824219,76.4800033569336,78.08000183105469,46400
2021-11-22,78.13999938964844,78.13999938964844,80.04000091552734,77.2699966430664,77.2699966430664,54200
2021-11-23,79.80000305175781,79.80000305175781,80.05000305175781,78.5,78.5,46800
2021-11-24,81.5999984741211,81.5999984741211,81.5999984741211,79.25,79.25,80100
2021-11-26,79.5,79.5,81.26000213623047,79.04000091552734,79.79000091552734,148200
2021-11-29,78.63999938964844,78.63999938964844,81.9800033569336,78.62999725341797,80.62000274658203,44700
2021-11-30,72.98999786376953,72.98999786376953,78.4800033569336,72.29000091552734,77.80999755859375,357200
2021-12-01,67.12000274658203,67.12000274658203,74.41000366210938,66.4000015258789,73.94999694824219,138100
2021-12-02,66.51000213623047,66.51000213623047,67.55000305175781,65.0,66.43000030517578,141400
2021-12-03,66.01000213623047,66.01000213623047,68.87000274658203,65.86000061035156,67.16999816894531,97800
2021-12-06,65.01000213623047,65.01000213623047,66.58999633789062,64.80999755859375,66.58999633789062,68100
2021-12-07,68.30999755859375,68.30999755859375,69.58999633789062,65.7699966430664,65.7699966430664,112600
2021-12-08,70.38999938964844,70.38999938964844,70.88999938964844,67.2300033569336,67.95500183105469,45800
2021-12-09,67.37000274658203,67.37000274658203,70.98999786376953,67.30999755859375,70.0,49200
2021-12-10,67.18000030517578,67.18000030517578,68.5,65.56999969482422,67.80999755859375,45800
2021-12-13,66.55000305175781,66.55000305175781,67.9000015258789,65.7249984741211,67.01000213623047,75700
2021-12-14,66.88999938964844,66.88999938964844,67.41999816894531,65.68000030517578,65.75,43800
2021-12-15,66.69999694824219,66.69999694824219,67.22000122070312,64.7229995727539,66.55000305175781,80200
2021-12-16,68.93000030517578,68.93000030517578,71.48999786376953,67.0199966430664,67.0199966430664,130900
2021-12-17,70.16000366210938,70.16000366210938,70.62000274658203,67.04000091552734,68.83999633789062,366300
2021-12-20,68.4800033569336,68.4800033569336,69.44999694824219,67.20999908447266,68.94999694824219,90900
2021-12-21,72.45999908447266,72.45999908447266,73.30599975585938,69.6500015258789,69.6500015258789,47700
2021-12-22,73.75,73.75,74.53500366210938,72.41000366210938,72.41000366210938,34200
2021-12-23,71.7699966430664,71.7699966430664,74.6449966430664,71.24500274658203,73.62999725341797,35400
2021-12-27,75.98999786376953,75.98999786376953,76.0,71.29000091552734,71.97000122070312,44000
2021-12-28,76.4000015258789,76.4000015258789,77.0250015258789,75.13500213623047,75.77999877929688,30400
2021-12-29,76.0999984741211,76.0999984741211,78.00499725341797,76.0999984741211,76.76000213623047,46900
2021-12-30,73.19000244140625,73.19000244140625,76.99500274658203,72.97000122070312,76.94000244140625,36300
2021-12-31,72.02999877929688,72.02999877929688,73.47000122070312,71.26000213623047,73.47000122070312,41700
2022-01-03,75.58000183105469,75.58000183105469,75.87000274658203,73.0,73.0,34200
2022-01-04,78.66000366210938,78.66000366210938,78.69499969482422,75.94999694824219,75.94999694824219,108800
2022-01-05,76.01000213623047,76.01000213623047,79.3499984741211,75.54000091552734,78.79000091552734,76000
2022-01-06,77.18000030517578,77.18000030517578,79.01000213623047,75.88999938964844,77.05000305175781,49500
2022-01-07,76.29000091552734,76.29000091552734,77.08999633789062,75.69999694824219,76.70999908447266,31200
2022-01-10,76.0,76.0,76.55000305175781,75.05500030517578,75.44999694824219,60400
2022-01-11,77.4800033569336,77.4800033569336,78.19999694824219,75.33999633789062,75.75900268554688,55800
2022-01-12,77.0999984741211,77.0999984741211,78.48999786376953,76.79000091552734,77.37000274658203,61900
2022-01-13,75.43000030517578,75.43000030517578,77.64700317382812,75.23999786376953,77.0199966430664,54400
2022-01-14,76.75,76.75,76.88999938964844,74.66500091552734,75.36000061035156,55600
2022-01-18,74.51000213623047,74.51000213623047,77.22000122070312,74.0,77.22000122070312,44100
2022-01-19,74.20999908447266,74.20999908447266,75.66999816894531,73.67900085449219,74.51000213623047,71600
2022-01-20,69.69999694824219,69.69999694824219,74.87999725341797,69.69000244140625,73.81999969482422,56900
2022-01-21,66.56999969482422,66.56999969482422,70.12000274658203,66.18000030517578,68.72000122070312,65400
2022-01-24,64.95999908447266,64.95999908447266,66.12999725341797,62.72700119018555,65.02999877929688,182200
2022-01-25,65.11000061035156,65.11000061035156,66.4010009765625,62.060001373291016,63.939998626708984,177100
2022-01-26,63.689998626708984,63.689998626708984,67.52999877929688,63.52000045776367,65.05999755859375,79500
2022-01-27,63.90999984741211,63.90999984741211,65.30999755859375,62.73500061035156,64.77999877929688,70400
2022-01-28,64.44000244140625,64.44000244140625,65.75299835205078,62.279998779296875,63.61000061035156,65000
2022-01-31,65.44999694824219,65.44999694824219,67.43099975585938,64.26000213623047,64.55000305175781,87400
2022-02-01,68.37000274658203,68.37000274658203,68.91999816894531,65.1500015258789,65.44999694824219,218800
2022-02-02,68.79000091552734,68.79000091552734,69.95999908447266,67.29000091552734,69.95999908447266,32200
2022-02-03,66.95999908447266,66.95999908447266,69.01499938964844,66.37000274658203,68.05999755859375,47000
2022-02-04,66.94999694824219,66.94999694824219,67.99500274658203,66.3499984741211,67.66000366210938,44600
2022-02-07,66.73999786376953,66.73999786376953,67.0999984741211,65.29000091552734,66.3499984741211,28100
2022-02-08,64.69999694824219,64.69999694824219,66.55000305175781,64.30999755859375,66.55000305175781,42800
2022-02-09,65.44999694824219,65.44999694824219,65.68000030517578,64.26000213623047,65.0999984741211,19000
2022-02-10,63.880001068115234,63.880001068115234,66.80999755859375,63.349998474121094,64.47000122070312,62800
2022-02-11,64.0,64.0,66.19999694824219,63.77000045776367,64.11000061035156,99100
2022-02-14,62.970001220703125,62.970001220703125,63.91999816894531,61.40999984741211,63.7400016784668,70400
2022-02-15,64.62000274658203,64.62000274658203,64.80999755859375,61.72999954223633,62.369998931884766,38300
2022-02-16,63.70000076293945,63.70000076293945,65.48500061035156,63.56999969482422,64.91999816894531,49200
2022-02-17,61.9900016784668,61.9900016784668,64.63999938964844,61.75,63.38999938964844,127100
2022-02-18,61.36000061035156,61.36000061035156,62.369998931884766,60.7400016784668,61.97999954223633,94700
2022-02-22,62.68000030517578,62.68000030517578,63.189998626708984,60.459999084472656,62.25,61300
2022-02-23,64.06999969482422,64.06999969482422,64.43499755859375,62.369998931884766,62.869998931884766,40100
2022-02-24,65.58000183105469,65.58000183105469,67.4000015258789,63.224998474121094,64.98999786376953,119700
2022-02-25,66.0999984741211,66.0999984741211,66.98999786376953,64.61000061035156,66.06999969482422,68000
2022-02-28,68.9800033569336,68.9800033569336,69.80000305175781,66.97000122070312,67.0,95200
2022-03-01,73.83000183105469,73.83000183105469,75.5,69.75,69.75,119300
2022-03-02,74.55999755859375,74.55999755859375,77.20999908447266,73.61000061035156,75.48999786376953,78400
2022-03-03,72.26000213623047,72.26000213623047,74.78500366210938,71.08999633789062,73.79000091552734,43100
2022-03-04,75.94999694824219,75.94999694824219,76.43000030517578,71.91000366210938,71.91000366210938,81900
2022-03-07,78.91000366210938,78.91000366210938,81.19999694824219,76.12999725341797,77.0,108700
2022-03-08,77.7300033569336,77.7300033569336,80.1500015258789,75.91000366210938,80.05000305175781,108200
2022-03-09,77.0,77.0,78.41999816894531,74.95999908447266,75.61000061035156,88400
2022-03-10,76.72000122070312,76.72000122070312,77.69999694824219,76.12000274658203,77.69999694824219,114100
2022-03-11,76.79000091552734,76.79000091552734,77.8499984741211,76.48999786376953,76.58000183105469,80800
2022-03-14,74.0199966430664,74.0199966430664,76.4800033569336,73.83999633789062,75.5999984741211,113500
2022-03-15,71.94999694824219,71.94999694824219,74.24500274658203,71.41000366210938,72.54000091552734,181100
2022-03-16,72.5,72.5,77.1500015258789,72.20999908447266,72.61000061035156,165400
2022-03-17,77.0,77.0,77.6500015258789,73.5,73.5,162400
2022-03-18,76.4800033569336,76.4800033569336,78.36000061035156,76.3499984741211,76.98999786376953,110500
2022-03-21,77.9000015258789,77.9000015258789,79.09500122070312,77.38999938964844,77.58000183105469,135000
2022-03-22,79.2699966430664,79.2699966430664,80.52999877929688,77.6500015258789,77.6500015258789,118100
2022-03-23,79.8499984741211,79.8499984741211,81.36000061035156,79.51000213623047,80.16999816894531,106500
2022-03-24,83.69999694824219,83.69999694824219,84.29000091552734,79.87999725341797,80.08000183105469,182900
2022-03-25,87.08000183105469,87.08000183105469,87.5,82.75,82.75,190700
2022-03-28,87.47000122070312,87.47000122070312,89.66000366210938,86.12999725341797,87.55000305175781,277600
2022-03-29,86.56999969482422,86.56999969482422,88.4000015258789,85.19999694824219,87.1500015258789,163300
2022-03-30,88.9800033569336,88.9800033569336,89.52999877929688,87.38999938964844,87.38999938964844,205400
2022-03-31,89.81999969482422,89.81999969482422,90.75,85.98999786376953,87.18000030517578,147800
2022-04-01,90.5,90.5,91.22000122070312,89.30000305175781,89.30000305175781,151000
2022-04-04,89.81999969482422,89.81999969482422,91.80500030517578,88.56999969482422,91.0,102400
2022-04-05,88.3499984741211,88.3499984741211,91.28900146484375,88.30999755859375,90.12999725341797,196200
2022-04-06,86.87999725341797,86.87999725341797,90.36000061035156,86.87999725341797,89.16999816894531,264100
2022-04-07,87.0,87.0,88.6500015258789,86.05000305175781,86.87999725341797,244800
2022-04-08,90.37000274658203,90.37000274658203,90.41000366210938,86.83999633789062,87.31999969482422,303700
2022-04-11,89.16999816894531,89.16999816894531,89.8550033569336,88.44000244140625,89.31999969482422,170900
2022-04-12,90.1500015258789,90.1500015258789,92.83999633789062,89.27999877929688,90.38999938964844,154000
2022-04-13,91.6500015258789,91.6500015258789,92.0,89.58999633789062,91.33999633789062,99600
2022-04-14,92.0999984741211,92.0999984741211,93.2300033569336,90.9800033569336,91.5,403500
2022-04-18,92.72000122070312,92.72000122070312,94.56999969482422,92.17500305175781,92.80999755859375,231600
2022-04-19,90.0,90.0,92.6500015258789,89.98999786376953,91.77999877929688,131200
2022-04-20,92.4800033569336,92.4800033569336,93.47000122070312,90.12999725341797,91.22000122070312,350800
2022-04-21,90.41000366210938,90.41000366210938,93.44000244140625,89.62999725341797,93.44000244140625,106000
2022-04-22,88.9000015258789,88.9000015258789,91.41000366210938,88.86000061035156,89.58000183105469,85200
2022-04-25,87.87000274658203,87.87000274658203,88.5,85.62999725341797,87.61000061035156,235900
2022-04-26,89.18000030517578,89.18000030517578,89.63999938964844,86.20999908447266,87.81999969482422,229800
2022-04-27,93.54000091552734,93.54000091552734,93.54000091552734,87.69499969482422,89.3499984741211,176400
2022-04-28,96.75,96.75,96.88999938964844,92.94000244140625,94.16000366210938,186700
2022-04-29,93.9800033569336,93.9800033569336,98.67500305175781,93.77999877929688,97.36000061035156,161300
2022-05-02,94.95999908447266,94.95999908447266,95.94999694824219,91.62000274658203,93.3499984741211,125700
2022-05-03,98.22000122070312,98.22000122070312,98.94000244140625,95.0,96.62999725341797,216100
2022-05-04,101.0,101.0,101.38999938964844,98.0199966430664,101.13999938964844,241100
2022-05-05,97.19000244140625,97.19000244140625,101.88999938964844,93.73999786376953,101.88999938964844,190500
2022-05-06,95.44999694824219,95.44999694824219,98.30000305175781,94.2699966430664,97.0,123100
2022-05-09,86.52999877929688,86.52999877929688,93.81999969482422,86.38999938964844,92.98999786376953,294300
2022-05-10,85.25,85.25,90.80999755859375,83.66999816894531,87.31999969482422,302800
2022-05-11,90.16999816894531,90.16999816894531,92.10299682617188,86.3499984741211,86.3499984741211,129400
2022-05-12,85.83000183105469,85.83000183105469,90.83999633789062,85.25,89.05999755859375,596400
2022-05-13,86.73999786376953,86.73999786376953,89.69000244140625,86.61000061035156,87.37000274658203,447300
2022-05-16,88.87000274658203,88.87000274658203,90.80000305175781,85.9800033569336,86.69000244140625,202300
2022-05-17,91.30000305175781,91.30000305175781,92.87000274658203,89.0199966430664,89.97000122070312,488200
2022-05-18,89.5,89.5,92.0999984741211,88.41999816894531,92.0999984741211,165900
2022-05-19,89.9800033569336,89.9800033569336,91.12999725341797,88.22000122070312,88.30999755859375,133900
2022-05-20,91.06999969482422,91.06999969482422,91.3499984741211,89.01000213623047,90.16999816894531,164800
2022-05-23,96.05999755859375,96.05999755859375,97.28500366210938,90.23100280761719,91.19000244140625,160000
2022-05-24,95.73999786376953,95.73999786376953,96.69000244140625,94.16000366210938,94.7300033569336,130600
2022-05-25,99.51000213623047,99.51000213623047,99.63999938964844,95.58999633789062,95.58999633789062,171000
2022-05-26,101.05999755859375,101.05999755859375,102.22000122070312,99.5999984741211,99.6500015258789,248500
2022-05-27,98.27999877929688,98.27999877929688,102.12899780273438,98.12999725341797,100.87999725341797,119900
2022-05-31,96.75,96.75,100.1500015258789,95.31500244140625,99.54000091552734,162700
2022-06-01,101.58000183105469,101.58000183105469,102.30999755859375,96.55000305175781,97.08000183105469,181100
2022-06-02,101.18000030517578,101.18000030517578,102.68000030517578,100.48999786376953,101.87999725341797,244800
2022-06-03,101.73999786376953,101.73999786376953,103.8499984741211,99.83999633789062,100.62000274658203,182900
2022-06-06,105.0,105.0,107.0,102.62000274658203,103.36000061035156,223800
2022-06-07,107.08000183105469,107.08000183105469,107.88500213623047,104.13999938964844,104.79000091552734,184100
2022-06-08,105.8499984741211,105.8499984741211,108.0999984741211,104.63400268554688,108.0999984741211,126100
2022-06-09,103.94999694824219,103.94999694824219,105.75,102.31999969482422,104.9000015258789,108600
2022-06-10,104.37000274658203,104.37000274658203,105.26000213623047,101.61000061035156,103.38999938964844,130000
2022-06-13,98.4000015258789,98.4000015258789,102.7699966430664,98.26000213623047,102.0199966430664,246200
2022-06-14,96.58000183105469,96.58000183105469,100.0999984741211,96.37999725341797,100.0999984741211,255200
2022-06-15,100.08999633789062,100.08999633789062,101.08999633789062,96.91999816894531,96.91999816894531,197800
2022-06-16,96.44999694824219,96.44999694824219,100.0,95.83000183105469,97.08999633789062,341800
2022-06-17,89.61000061035156,89.61000061035156,97.5,88.91999816894531,95.58999633789062,775100
2022-06-21,90.83999633789062,90.83999633789062,93.05999755859375,89.48999786376953,90.79000091552734,275500
2022-06-22,85.73999786376953,85.73999786376953,89.2699966430664,84.9800033569336,86.97000122070312,370200
2022-06-23,79.26000213623047,79.26000213623047,86.76000213623047,78.11000061035156,86.55000305175781,355900
2022-06-24,77.13999938964844,77.13999938964844,82.38500213623047,76.83000183105469,80.41000366210938,1859700
2022-06-27,85.58000183105469,85.58000183105469,86.30999755859375,77.63999938964844,77.63999938964844,397300
2022-06-28,86.20999908447266,86.20999908447266,88.08999633789062,85.1500015258789,87.1500015258789,266800
2022-06-29,83.44000244140625,83.44000244140625,87.38500213623047,83.25499725341797,87.16000366210938,220600
2022-06-30,79.51000213623047,79.51000213623047,83.7300033569336,78.7699966430664,81.47000122070312,296000
2022-07-01,80.5,80.5,81.04000091552734,76.87999725341797,80.19999694824219,211100
2022-07-05,74.01000213623047,74.01000213623047,78.87999725341797,73.44999694824219,78.3499984741211,303200
2022-07-06,72.70999908447266,72.70999908447266,75.45999908447266,69.36000061035156,73.23999786376953,257600
2022-07-07,77.83999633789062,77.83999633789062,78.0,74.51000213623047,74.51000213623047,166800
2022-07-08,78.19999694824219,78.19999694824219,79.65499877929688,76.68000030517578,78.0,184800
2022-07-11,78.70999908447266,78.70999908447266,79.69999694824219,76.83999633789062,77.79000091552734,103700
2022-07-12,75.01000213623047,75.01000213623047,77.37999725341797,74.62999725341797,76.55999755859375,102900
2022-07-13,77.23999786376953,77.23999786376953,78.66999816894531,74.69999694824219,74.69999694824219,76300
2022-07-14,76.9800033569336,76.9800033569336,77.05000305175781,73.16999816894531,74.87999725341797,87600
2022-07-15,78.7300033569336,78.7300033569336,79.1500015258789,76.83999633789062,78.97000122070312,88200
2022-07-18,80.11000061035156,80.11000061035156,81.86000061035156,79.6500015258789,80.94000244140625,165100
2022-07-19,83.51000213623047,83.51000213623047,83.61000061035156,80.83999633789062,80.98999786376953,73400
2022-07-20,87.30999755859375,87.30999755859375,87.5199966430664,82.41000366210938,82.94999694824219,150200
2022-07-21,84.88999938964844,84.88999938964844,85.4800033569336,81.97000122070312,85.4800033569336,115700
2022-07-22,83.58000183105469,83.58000183105469,86.9000015258789,83.16000366210938,84.47000122070312,79200
2022-07-25,87.98999786376953,87.98999786376953,88.19000244140625,84.4000015258789,84.54000091552734,159100
2022-07-26,89.1500015258789,89.1500015258789,91.58999633789062,88.44999694824219,89.44999694824219,77200
2022-07-27,91.75,91.75,92.34500122070312,89.5999984741211,90.55000305175781,166300
2022-07-28,91.55000305175781,91.55000305175781,92.6500015258789,90.08000183105469,92.41999816894531,114400
2022-07-29,92.04000091552734,92.04000091552734,95.87999725341797,91.94999694824219,93.7699966430664,292200
2022-08-01,86.29000091552734,86.29000091552734,89.83999633789062,84.42500305175781,89.66999816894531,165400
2022-08-02,88.83999633789062,88.83999633789062,88.91999816894531,84.51000213623047,84.93000030517578,129400
2022-08-03,88.37000274658203,88.37000274658203,93.75,84.70999908447266,91.6500015258789,189500
2022-08-04,86.29000091552734,86.29000091552734,89.0,86.11000061035156,87.72000122070312,119400
2022-08-05,87.80000305175781,87.80000305175781,90.1729965209961,85.11000061035156,85.11000061035156,88500
2022-08-08,85.05999755859375,85.05999755859375,88.02999877929688,84.79000091552734,87.08000183105469,88700
2022-08-09,85.44999694824219,85.44999694824219,86.9800033569336,85.04000091552734,85.83000183105469,56000
2022-08-10,84.68000030517578,84.68000030517578,85.65499877929688,83.61000061035156,85.13999938964844,50800
2022-08-11,87.62999725341797,87.62999725341797,88.86000061035156,86.06999969482422,86.06999969482422,156400
2022-08-12,89.75,89.75,90.05000305175781,87.22000122070312,87.22000122070312,100200
2022-08-15,88.56999969482422,88.56999969482422,88.70999908447266,85.52999877929688,86.80999755859375,87200
2022-08-16,91.02999877929688,91.02999877929688,91.61199951171875,89.05000305175781,89.80000305175781,67200
2022-08-17,97.16000366210938,97.16000366210938,97.55999755859375,91.12999725341797,91.12999725341797,130000
2022-08-18,99.98999786376953,99.98999786376953,101.0999984741211,98.02999877929688,98.41000366210938,236300
2022-08-19,96.95999908447266,96.95999908447266,100.49500274658203,96.72000122070312,99.62999725341797,116300
2022-08-22,97.45999908447266,97.45999908447266,98.30000305175781,94.9800033569336,96.37999725341797,108800
2022-08-23,95.08999633789062,95.08999633789062,100.02999877929688,95.01000213623047,99.0999984741211,105600
2022-08-24,100.0,100.0,100.1050033569336,95.68000030517578,96.04000091552734,83400
2022-08-25,100.08999633789062,100.08999633789062,100.55000305175781,97.62999725341797,100.25,63100
2022-08-26,100.0199966430664,100.0199966430664,102.58000183105469,99.51000213623047,100.58999633789062,106700
2022-08-29,101.02999877929688,101.02999877929688,102.52999877929688,98.83999633789062,99.26000213623047,126800
2022-08-30,95.1500015258789,95.1500015258789,100.18000030517578,94.30999755859375,99.12000274658203,97000
2022-08-31,97.76000213623047,97.76000213623047,98.55500030517578,93.0,93.0,66700
2022-09-01,96.3499984741211,96.3499984741211,97.56999969482422,94.56999969482422,96.4000015258789,152100
2022-09-02,99.25,99.25,99.41999816894531,97.81999969482422,98.58000183105469,66200
2022-09-06,95.70999908447266,95.70999908447266,99.01000213623047,94.11000061035156,99.01000213623047,112100
2022-09-07,92.58000183105469,92.58000183105469,94.61000061035156,90.80999755859375,93.69999694824219,89300
2022-09-08,93.87999725341797,93.87999725341797,94.2300033569336,92.58000183105469,93.0199966430664,72800
2022-09-09,96.1500015258789,96.1500015258789,96.43000030517578,94.75,95.0,56900
2022-09-12,96.93000030517578,96.93000030517578,97.37000274658203,95.80000305175781,97.37000274658203,70200
2022-09-13,96.58999633789062,96.58999633789062,97.47000122070312,95.77999877929688,96.19999694824219,84300
2022-09-14,100.11000061035156,100.11000061035156,101.63200378417969,97.2300033569336,97.2300033569336,167700
2022-09-15,97.95999908447266,97.95999908447266,99.58999633789062,96.5,98.56999969482422,117600
2022-09-16,93.2699966430664,93.2699966430664,97.83000183105469,91.5199966430664,97.4800033569336,700600
2022-09-19,95.63999938964844,95.63999938964844,95.97000122070312,90.73999786376953,90.73999786376953,107300
2022-09-20,92.4800033569336,92.4800033569336,94.55000305175781,89.0,94.55000305175781,127700
2022-09-21,91.86000061035156,91.86000061035156,94.37000274658203,91.69999694824219,94.33000183105469,100100
2022-09-22,89.62000274658203,89.62000274658203,93.33000183105469,89.55000305175781,93.33000183105469,76600
2022-09-23,83.77999877929688,83.77999877929688,85.62000274658203,82.44999694824219,85.62000274658203,173800
2022-09-26,82.2699966430664,82.2699966430664,85.18599700927734,82.16000366210938,82.5999984741211,138800
2022-09-27,84.48999786376953,84.48999786376953,85.73999786376953,82.18000030517578,83.16999816894531,106700
2022-09-28,89.44000244140625,89.44000244140625,90.02999877929688,85.1500015258789,85.1500015258789,84900
2022-09-29,87.97000122070312,87.97000122070312,88.87000274658203,84.48999786376953,88.08000183105469,89800
2022-09-30,88.29000091552734,88.29000091552734,90.02999877929688,85.76000213623047,86.58000183105469,82000
2022-10-03,93.2300033569336,93.2300033569336,93.94000244140625,90.36000061035156,91.19999694824219,104000
2022-10-04,97.30000305175781,97.30000305175781,97.75,95.01000213623047,96.08000183105469,131000
2022-10-05,97.37999725341797,97.37999725341797,98.05000305175781,95.94000244140625,97.30000305175781,118600
2022-10-06,96.94000244140625,96.94000244140625,98.1449966430664,96.41999816894531,96.80000305175781,75600
2022-10-07,95.22000122070312,95.22000122070312,98.55999755859375,94.69000244140625,96.75,140800
2022-10-10,94.05999755859375,94.05999755859375,96.58999633789062,93.1500015258789,96.3499984741211,84200
2022-10-11,93.0999984741211,93.0999984741211,94.79000091552734,90.96499633789062,92.54000091552734,97200
2022-10-12,93.2300033569336,93.2300033569336,93.77999877929688,91.16500091552734,92.69999694824219,79100
2022-10-13,96.0199966430664,96.0199966430664,96.68000030517578,92.20999908447266,92.20999908447266,94200
2022-10-14,91.55000305175781,91.55000305175781,96.56999969482422,91.37999725341797,94.58999633789062,56700
2022-10-17,91.79000091552734,91.79000091552734,93.30999755859375,90.73999786376953,91.69999694824219,81900
2022-10-18,92.0,92.0,92.8550033569336,90.27999877929688,91.58000183105469,55200
2022-10-19,92.11000061035156,92.11000061035156,93.0,91.41999816894531,92.13999938964844,164900
2022-10-20,87.88999938964844,87.88999938964844,92.43000030517578,87.7300033569336,92.27999877929688,102500
2022-10-21,85.93000030517578,85.93000030517578,88.11000061035156,84.6500015258789,88.11000061035156,82300
2022-10-24,86.63999938964844,86.63999938964844,88.62000274658203,85.33999633789062,85.33999633789062,88200
2022-10-25,88.91999816894531,88.91999816894531,89.46499633789062,85.41000366210938,86.12000274658203,88900
2022-10-26,87.81999969482422,87.81999969482422,90.06999969482422,87.34500122070312,88.93000030517578,117000
2022-10-27,86.27999877929688,86.27999877929688,89.36499786376953,85.9000015258789,88.80000305175781,108200
2022-10-28,87.62000274658203,87.62000274658203,88.31999969482422,85.97000122070312,87.18000030517578,83100
2022-10-31,89.51000213623047,89.51000213623047,89.7699966430664,87.0790023803711,88.58000183105469,103300
2022-11-01,91.77999877929688,91.77999877929688,92.9800033569336,89.9800033569336,91.2300033569336,240200
2022-11-02,86.26000213623047,86.26000213623047,92.06999969482422,86.2300033569336,90.06999969482422,103900
2022-11-03,83.22000122070312,83.22000122070312,86.27999877929688,81.5999984741211,84.83000183105469,151300
2022-11-04,87.13999938964844,87.13999938964844,87.51000213623047,83.62000274658203,85.58000183105469,143900
2022-11-07,90.0999984741211,90.0999984741211,90.56999969482422,87.6500015258789,87.6500015258789,80100
2022-11-08,88.23999786376953,88.23999786376953,90.0199966430664,86.95999908447266,90.0199966430664,63200
2022-11-09,81.37999725341797,81.37999725341797,86.31999969482422,81.34100341796875,86.31999969482422,94500
2022-11-10,86.30999755859375,86.30999755859375,86.30999755859375,83.33999633789062,83.63999938964844,68700
2022-11-11,87.58999633789062,87.58999633789062,89.05500030517578,85.77999877929688,87.44999694824219,54000
2022-11-14,85.26000213623047,85.26000213623047,89.16000366210938,85.26000213623047,87.19000244140625,70500
2022-11-15,85.83000183105469,85.83000183105469,86.55999755859375,83.01000213623047,85.76000213623047,69700
2022-11-16,82.5199966430664,82.5199966430664,84.51000213623047,82.4000015258789,84.51000213623047,57200
2022-11-17,84.05999755859375,84.05999755859375,84.11000061035156,81.72000122070312,81.98999786376953,41400
2022-11-18,83.04000091552734,83.04000091552734,84.66999816894531,82.70999908447266,83.1500015258789,72800
2022-11-21,82.56999969482422,82.56999969482422,82.80000305175781,78.88999938964844,81.70999908447266,73300
2022-11-22,82.94999694824219,82.94999694824219,84.52999877929688,81.93000030517578,82.94000244140625,61300
2022-11-23,81.51000213623047,81.51000213623047,83.30000305175781,81.33000183105469,82.94000244140625,68300
2022-11-25,81.9800033569336,81.9800033569336,84.31999969482422,81.77999877929688,82.05999755859375,10000
2022-11-28,78.69999694824219,78.69999694824219,80.72000122070312,78.69000244140625,80.19999694824219,64400
2022-11-29,79.55000305175781,79.55000305175781,81.1500015258789,79.0,79.3499984741211,43500
2022-11-30,81.08999633789062,81.08999633789062,81.66000366210938,79.06999969482422,80.23999786376953,96500
2022-12-01,77.1500015258789,77.1500015258789,82.1500015258789,76.41000366210938,81.3499984741211,246400
2022-12-02,78.01000213623047,78.01000213623047,78.9800033569336,76.41000366210938,77.4800033569336,119700
2022-12-05,74.80999755859375,74.80999755859375,79.38500213623047,74.61499786376953,78.37999725341797,102100
2022-12-06,70.69000244140625,70.69000244140625,75.05000305175781,69.80500030517578,75.05000305175781,126500
2022-12-07,70.6500015258789,70.6500015258789,72.5,69.15499877929688,70.9800033569336,92700
2022-12-08,68.62999725341797,68.62999725341797,71.76000213623047,68.0,71.76000213623047,93200
2022-12-09,67.58999633789062,67.58999633789062,68.48999786376953,67.16999816894531,68.48999786376953,67500
2022-12-12,69.87999725341797,69.87999725341797,70.5250015258789,66.53500366210938,68.12999725341797,114000
2022-12-13,70.9800033569336,70.9800033569336,72.08999633789062,70.34500122070312,72.01000213623047,271600
2022-12-14,70.18000030517578,70.18000030517578,71.31999969482422,69.51000213623047,70.9800033569336,163200
2022-12-15,72.73999786376953,72.73999786376953,72.73999786376953,69.51000213623047,69.56999969482422,74600
2022-12-16,72.77999877929688,72.77999877929688,73.58000183105469,69.81999969482422,70.70999908447266,407600
2022-12-19,70.22000122070312,70.22000122070312,72.94000244140625,69.27999877929688,72.94000244140625,144800
2022-12-20,71.13999938964844,71.13999938964844,71.36900329589844,69.12000274658203,69.55999755859375,207700
2022-12-21,74.5999984741211,74.5999984741211,75.12000274658203,71.19999694824219,73.04000091552734,84400
2022-12-22,71.26000213623047,71.26000213623047,73.9000015258789,69.93000030517578,73.9000015258789,93300
2022-12-23,73.72000122070312,73.72000122070312,73.75,71.26000213623047,71.61000061035156,42100
2022-12-27,74.30999755859375,74.30999755859375,74.55500030517578,72.76000213623047,74.44000244140625,63000
2022-12-28,72.94000244140625,72.94000244140625,73.81500244140625,72.25800323486328,73.58000183105469,98300
2022-12-29,73.75,73.75,73.87999725341797,72.30000305175781,72.70999908447266,97700
2022-12-30,73.63999938964844,73.63999938964844,74.30999755859375,72.7300033569336,73.30999755859375,53600
2023-01-03,70.66000366210938,70.66000366210938,74.44999694824219,68.95999908447266,72.86000061035156,182700
2023-01-04,70.62000274658203,70.62000274658203,71.26000213623047,69.5,69.5,132600
2023-01-05,71.37999725341797,71.37999725341797,71.69000244140625,69.75,71.05000305175781,75000
2023-01-06,75.62999725341797,75.62999725341797,75.70999908447266,72.4000015258789,72.4000015258789,75600
2023-01-09,78.62999725341797,78.62999725341797,79.52999877929688,76.0,76.61000061035156,94000
2023-01-10,76.08000183105469,76.08000183105469,77.72000122070312,73.55999755859375,77.72000122070312,134500
2023-01-11,73.2699966430664,73.2699966430664,77.01000213623047,72.33000183105469,76.80999755859375,97600
2023-01-12,79.13999938964844,79.13999938964844,79.68000030517578,73.9000015258789,73.9000015258789,81800
2023-01-13,80.41000366210938,80.41000366210938,80.83999633789062,76.29499816894531,78.76000213623047,75500
2023-01-17,80.08999633789062,80.08999633789062,81.5199966430664,79.5999984741211,80.81999969482422,40000
2023-01-18,78.83999633789062,78.83999633789062,84.12999725341797,78.31999969482422,80.41999816894531,100900
2023-01-19,82.73999786376953,82.73999786376953,83.0,78.05000305175781,78.47000122070312,64100
2023-01-20,79.54000091552734,79.54000091552734,83.69999694824219,79.05999755859375,83.69000244140625,122700
2023-01-23,79.81999969482422,79.81999969482422,81.61000061035156,78.66000366210938,79.94999694824219,121100
2023-01-24,72.98999786376953,72.98999786376953,79.4800033569336,72.8499984741211,78.87000274658203,119900
2023-01-25,71.45999908447266,71.45999908447266,72.23999786376953,69.98999786376953,71.86000061035156,87500
2023-01-26,70.43000030517578,70.43000030517578,72.2300033569336,69.8499984741211,71.47000122070312,79600
2023-01-27,70.4000015258789,70.4000015258789,70.53500366210938,68.5999984741211,69.80000305175781,307400
2023-01-30,68.44000244140625,68.44000244140625,70.7699966430664,68.23999786376953,69.86000061035156,98600
2023-01-31,68.1500015258789,68.1500015258789,69.4800033569336,67.70999908447266,68.29000091552734,104100
2023-02-01,64.43000030517578,64.43000030517578,67.93000030517578,62.65999984741211,67.93000030517578,179200
2023-02-02,62.16999816894531,62.16999816894531,64.5,61.459999084472656,64.5,208500
2023-02-03,63.040000915527344,63.040000915527344,64.37000274658203,62.0,62.099998474121094,117900
2023-02-06,60.79999923706055,60.79999923706055,63.0,60.3849983215332,62.56999969482422,159100
2023-02-07,64.43000030517578,64.43000030517578,64.43000030517578,60.689998626708984,60.689998626708984,113900
2023-02-08,62.189998626708984,62.189998626708984,64.80999755859375,60.150001525878906,64.0999984741211,159900
2023-02-09,63.45000076293945,63.45000076293945,65.62999725341797,62.130001068115234,62.150001525878906,123700
2023-02-10,66.22000122070312,66.22000122070312,66.37999725341797,63.81999969482422,64.47000122070312,73000
2023-02-13,64.0,64.0,65.37999725341797,63.21500015258789,65.37999725341797,170700
2023-02-14,64.41000366210938,64.41000366210938,65.33999633789062,62.630001068115234,63.349998474121094,115500
2023-02-15,65.27999877929688,65.27999877929688,65.41000366210938,62.4900016784668,64.08000183105469,89800
2023-02-16,63.70000076293945,63.70000076293945,65.69999694824219,63.68000030517578,64.5199966430664,62400
2023-02-17,62.11000061035156,62.11000061035156,62.7400016784668,60.79999923706055,62.7400016784668,133500
2023-02-21,62.34000015258789,62.34000015258789,63.04999923706055,61.05500030517578,61.459999084472656,154100
2023-02-22,64.26000213623047,64.26000213623047,64.37000274658203,61.880001068115234,62.34000015258789,143800
2023-02-23,66.52999877929688,66.52999877929688,67.0,64.97000122070312,65.58000183105469,125000
2023-02-24,68.1500015258789,68.1500015258789,69.31999969482422,65.2699966430664,65.91000366210938,183900
2023-02-27,66.81999969482422,66.81999969482422,70.05000305175781,66.12999725341797,68.38999938964844,112000
2023-02-28,66.12000274658203,66.12000274658203,68.19999694824219,66.12000274658203,66.88999938964844,134700
2023-03-01,76.01000213623047,76.01000213623047,78.80999755859375,71.46499633789062,72.37999725341797,531600
2023-03-02,78.16999816894531,78.16999816894531,79.18000030517578,76.02999877929688,76.02999877929688,302100
2023-03-03,82.19999694824219,82.19999694824219,82.88999938964844,77.97000122070312,77.97000122070312,358700
2023-03-06,78.75,78.75,81.84500122070312,77.19000244140625,81.11000061035156,178900
2023-03-07,77.83000183105469,77.83000183105469,79.30999755859375,77.36499786376953,78.37999725341797,92300
2023-03-08,78.61000061035156,78.61000061035156,79.8499984741211,76.75,77.70999908447266,91500
2023-03-09,77.25,77.25,80.30000305175781,77.25,78.77999877929688,108400
2023-03-10,75.26000213623047,75.26000213623047,79.23999786376953,74.38500213623047,76.83000183105469,127000
2023-03-13,73.69000244140625,73.69000244140625,77.00499725341797,72.58499908447266,72.66000366210938,141100
2023-03-14,75.5,75.5,78.66000366210938,74.25,74.41000366210938,136300
2023-03-15,71.52999877929688,71.52999877929688,73.60299682617188,69.0,71.8499984741211,122100
2023-03-16,74.80999755859375,74.80999755859375,74.80999755859375,69.18000030517578,69.98999786376953,145200
2023-03-17,74.22000122070312,74.22000122070312,75.82499694824219,72.63999938964844,74.2699966430664,208100
2023-03-20,75.94999694824219,75.94999694824219,77.4000015258789,74.06500244140625,74.54000091552734,129900
2023-03-21,78.33999633789062,78.33999633789062,79.04000091552734,76.05000305175781,77.02999877929688,137000
2023-03-22,75.23999786376953,75.23999786376953,77.94000244140625,75.05000305175781,77.94000244140625,114600
2023-03-23,75.9000015258789,75.9000015258789,78.29000091552734,75.55000305175781,75.73999786376953,116900
2023-03-24,77.66000366210938,77.66000366210938,78.43000030517578,74.37000274658203,74.37000274658203,112300
2023-03-27,79.41999816894531,79.41999816894531,79.83000183105469,75.78500366210938,78.1500015258789,98200
2023-03-28,79.19999694824219,79.19999694824219,81.51499938964844,78.9800033569336,79.04000091552734,122400
2023-03-29,79.43000030517578,79.43000030517578,80.15499877929688,79.05000305175781,79.7300033569336,101900
2023-03-30,79.20999908447266,79.20999908447266,80.4000015258789,78.30000305175781,79.80999755859375,77000
2023-03-31,80.0,80.0,80.30000305175781,79.16999816894531,79.98999786376953,122200
2023-04-03,79.5,79.5,83.5,78.6500015258789,82.1500015258789,335600
2023-04-04,79.44000244140625,79.44000244140625,80.37000274658203,77.26000213623047,79.98999786376953,107000
2023-04-05,78.44999694824219,78.44999694824219,80.69999694824219,76.83999633789062,79.2300033569336,106500
2023-04-06,75.80999755859375,75.80999755859375,78.63999938964844,75.69000244140625,78.33000183105469,89300
2023-04-10,80.0,80.0,80.75,76.18499755859375,76.5999984741211,210500
2023-04-11,81.62999725341797,81.62999725341797,82.19999694824219,79.33999633789062,81.05000305175781,126300
2023-04-12,80.73999786376953,80.73999786376953,82.37000274658203,79.68000030517578,81.44000244140625,130700
2023-04-13,81.37999725341797,81.37999725341797,82.52999877929688,80.05999755859375,80.75,94900
2023-04-14,81.4800033569336,81.4800033569336,81.81500244140625,80.20999908447266,81.31999969482422,58600
2023-04-17,80.1500015258789,80.1500015258789,82.80999755859375,79.8499984741211,82.4000015258789,65200
2023-04-18,80.86000061035156,80.86000061035156,80.87000274658203,79.13999938964844,79.87999725341797,61300
2023-04-19,81.22000122070312,81.22000122070312,81.30999755859375,79.19000244140625,79.19000244140625,80200
2023-04-20,81.54000091552734,81.54000091552734,81.66999816894531,79.62999725341797,80.0999984741211,68800
2023-04-21,83.0999984741211,83.0999984741211,83.19999694824219,81.27999877929688,82.0199966430664,100100
2023-04-24,84.73999786376953,84.73999786376953,85.17500305175781,82.55999755859375,82.55999755859375,133300
2023-04-25,83.62000274658203,83.62000274658203,83.9800033569336,81.83999633789062,83.75,105700
2023-04-26,82.62999725341797,82.62999725341797,84.125,81.29000091552734,82.62000274658203,136700
2023-04-27,85.43000030517578,85.43000030517578,85.6050033569336,82.66000366210938,82.80999755859375,71800
2023-04-28,90.45999908447266,90.45999908447266,91.6500015258789,85.73999786376953,85.73999786376953,156600
2023-05-01,84.52999877929688,84.52999877929688,90.61499786376953,83.05000305175781,88.98999786376953,215400
2023-05-02,81.58999633789062,81.58999633789062,83.66999816894531,81.31999969482422,83.66999816894531,87000
2023-05-03,88.41000366210938,88.41000366210938,89.72000122070312,83.37999725341797,83.37999725341797,233000
2023-05-04,86.55999755859375,86.55999755859375,92.1500015258789,85.79000091552734,90.36000061035156,179100
2023-05-05,90.52999877929688,90.52999877929688,91.63999938964844,88.70999908447266,88.70999908447266,152000
2023-05-08,91.18000030517578,91.18000030517578,92.9000015258789,90.4000015258789,92.2300033569336,127100
2023-05-09,92.44999694824219,92.44999694824219,95.05999755859375,91.2300033569336,91.2300033569336,155100
2023-05-10,92.36000061035156,92.36000061035156,93.44999694824219,91.54000091552734,92.93000030517578,129800
2023-05-11,91.9000015258789,91.9000015258789,92.91000366210938,91.12000274658203,91.36000061035156,72900
2023-05-12,95.81999969482422,95.81999969482422,95.87000274658203,91.70999908447266,92.56999969482422,118200
2023-05-15,96.94000244140625,96.94000244140625,98.72000122070312,96.0199966430664,96.91000366210938,198400
2023-05-16,96.0,96.0,98.16500091552734,95.30999755859375,97.23999786376953,111200
2023-05-17,97.41999816894531,97.41999816894531,98.42500305175781,95.62000274658203,97.2699966430664,91100
2023-05-18,101.55000305175781,101.55000305175781,101.88999938964844,96.55000305175781,97.30000305175781,181700
2023-05-19,102.70999908447266,102.70999908447266,104.9800033569336,101.12999725341797,104.83999633789062,191400
2023-05-22,99.79000091552734,99.79000091552734,103.77999877929688,99.25,102.80999755859375,120100
2023-05-23,99.80000305175781,99.80000305175781,101.52999877929688,99.55000305175781,100.37000274658203,105700
2023-05-24,102.41999816894531,102.41999816894531,103.19999694824219,98.17400360107422,100.68000030517578,114200
2023-05-25,99.87999725341797,99.87999725341797,101.72000122070312,99.23999786376953,100.69999694824219,98000
2023-05-26,99.37000274658203,99.37000274658203,100.70999908447266,98.56999969482422,100.52999877929688,105700
2023-05-30,97.6500015258789,97.6500015258789,99.3499984741211,95.83000183105469,99.3499984741211,97900
2023-05-31,97.0199966430664,97.0199966430664,99.7300033569336,96.3550033569336,97.0199966430664,198600
2023-06-01,96.36000061035156,96.36000061035156,99.16000366210938,96.12999725341797,97.41999816894531,70400
2023-06-02,98.62999725341797,98.62999725341797,99.80000305175781,97.71499633789062,97.94999694824219,120000
2023-06-05,97.38999938964844,97.38999938964844,99.79000091552734,97.1050033569336,99.79000091552734,59600
2023-06-06,98.91000366210938,98.91000366210938,98.9800033569336,96.37000274658203,96.37000274658203,101700
2023-06-07,102.75,102.75,103.27999877929688,99.33999633789062,99.33999633789062,195800
2023-06-08,101.91999816894531,101.91999816894531,103.19999694824219,99.83000183105469,102.55000305175781,131700
2023-06-09,101.04000091552734,101.04000091552734,102.95999908447266,100.70999908447266,101.41000366210938,64400
2023-06-12,98.61000061035156,98.61000061035156,100.16999816894531,98.0,99.37999725341797,68600
2023-06-13,99.05999755859375,99.05999755859375,101.37000274658203,98.91000366210938,99.73999786376953,69600
2023-06-14,100.0,100.0,100.87000274658203,98.37000274658203,99.56999969482422,101300
2023-06-15,101.55999755859375,101.55999755859375,101.58000183105469,99.70999908447266,100.25,155800
2023-06-16,104.37000274658203,104.37000274658203,105.12000274658203,101.19000244140625,103.44000244140625,208900
2023-06-20,104.45999908447266,104.45999908447266,104.45999908447266,102.58000183105469,104.45999908447266,92900
2023-06-21,107.87999725341797,107.87999725341797,109.94000244140625,104.58999633789062,104.58999633789062,168900
2023-06-22,95.94999694824219,95.94999694824219,101.55999755859375,94.83000183105469,100.68000030517578,1522000
2023-06-23,97.2699966430664,97.2699966430664,97.48999786376953,93.66500091552734,93.79000091552734,676300
2023-06-26,96.31999969482422,96.31999969482422,99.37000274658203,96.06999969482422,97.97000122070312,227400
2023-06-27,98.22000122070312,98.22000122070312,98.76000213623047,94.56999969482422,96.0999984741211,204300
2023-06-28,100.38999938964844,100.38999938964844,100.63500213623047,97.41999816894531,97.98999786376953,286500
2023-06-29,103.45999908447266,103.45999908447266,104.37000274658203,100.3499984741211,100.41000366210938,296500
2023-06-30,105.06999969482422,105.06999969482422,106.68000030517578,102.61000061035156,104.02999877929688,154300
2023-07-03,104.04000091552734,104.04000091552734,105.43000030517578,103.76000213623047,104.6500015258789,60100
2023-07-05,105.08000183105469,105.08000183105469,105.44999694824219,103.83499908447266,105.02999877929688,147700
2023-07-06,103.4800033569336,103.4800033569336,105.45999908447266,99.80000305175781,104.69999694824219,164800
2023-07-07,104.05000305175781,104.05000305175781,105.9749984741211,102.31999969482422,103.2699966430664,161200
2023-07-10,104.11000061035156,104.11000061035156,104.79499816894531,102.09500122070312,104.37000274658203,149200
2023-07-11,105.58999633789062,105.58999633789062,107.62000274658203,104.5999984741211,104.5999984741211,104900
2023-07-12,105.75,105.75,106.6500015258789,104.04000091552734,106.38999938964844,138900
2023-07-13,106.69999694824219,106.69999694824219,110.0199966430664,104.93000030517578,106.45999908447266,318200
2023-07-14,104.01000213623047,104.01000213623047,106.55000305175781,103.0,106.55000305175781,153900
2023-07-17,104.94000244140625,104.94000244140625,106.0199966430664,103.66999816894531,104.70999908447266,143500
2023-07-18,104.4000015258789,104.4000015258789,106.98999786376953,104.30999755859375,105.33999633789062,146800
2023-07-19,101.95999908447266,101.95999908447266,104.4000015258789,100.91999816894531,104.12999725341797,150000
2023-07-20,104.41000366210938,104.41000366210938,104.79499816894531,102.41999816894531,103.36000061035156,116800
2023-07-21,106.41000366210938,106.41000366210938,106.52999877929688,104.25,104.91000366210938,75700
2023-07-24,103.44999694824219,103.44999694824219,106.73999786376953,102.83999633789062,105.97000122070312,143500
2023-07-25,102.26000213623047,102.26000213623047,104.67500305175781,102.19000244140625,103.56999969482422,102900
2023-07-26,102.5199966430664,102.5199966430664,103.48999786376953,102.06999969482422,102.06999969482422,77100
2023-07-27,99.19000244140625,99.19000244140625,103.48999786376953,98.69000244140625,103.33999633789062,85500
2023-07-28,102.9800033569336,102.9800033569336,102.98999786376953,98.75,99.62999725341797,177300
2023-07-31,102.44999694824219,102.44999694824219,104.2300033569336,101.19999694824219,103.87000274658203,131500
2023-08-01,103.73999786376953,103.73999786376953,104.41000366210938,101.08499908447266,101.87000274658203,181800
2023-08-02,102.75,102.75,105.34500122070312,101.30999755859375,101.30999755859375,325300
2023-08-03,103.69000244140625,103.69000244140625,106.04499816894531,102.75,103.83000183105469,233600
2023-08-04,107.0,107.0,108.54000091552734,103.5999984741211,104.0199966430664,236200
2023-08-07,105.38999938964844,105.38999938964844,107.48500061035156,103.87000274658203,106.83000183105469,160800
2023-08-08,108.0199966430664,108.0199966430664,108.48999786376953,103.45999908447266,103.75,191100
2023-08-09,112.58999633789062,112.58999633789062,112.5999984741211,107.80000305175781,110.0,321900
2023-08-10,112.87999725341797,112.87999725341797,114.87999725341797,111.6500015258789,113.12000274658203,253800
2023-08-11,113.98999786376953,113.98999786376953,114.08000183105469,111.48999786376953,112.5199966430664,197100
2023-08-14,113.0999984741211,113.0999984741211,114.27999877929688,111.69000244140625,113.41000366210938,218400
2023-08-15,112.2300033569336,112.2300033569336,112.61000061035156,110.0,112.33000183105469,94500
2023-08-16,111.30000305175781,111.30000305175781,114.41000366210938,111.05999755859375,114.01000213623047,133400
2023-08-17,111.61000061035156,111.61000061035156,113.95999908447266,109.30000305175781,111.87000274658203,156700
2023-08-18,110.79000091552734,110.79000091552734,112.12000274658203,110.4000015258789,110.4000015258789,96100
2023-08-21,111.27999877929688,111.27999877929688,111.9000015258789,108.83999633789062,111.9000015258789,116300
2023-08-22,110.91999816894531,110.91999816894531,113.5999984741211,110.0199966430664,113.05000305175781,136900
2023-08-23,111.56999969482422,111.56999969482422,112.63999938964844,110.36000061035156,110.5,128500
2023-08-24,112.5,112.5,114.0999984741211,110.51000213623047,110.80000305175781,230400
2023-08-25,113.72000122070312,113.72000122070312,114.1500015258789,112.43000030517578,114.08000183105469,155700
2023-08-28,114.5199966430664,114.5199966430664,116.04000091552734,113.38999938964844,115.8499984741211,87700
2023-08-29,114.5999984741211,114.5999984741211,115.27999877929688,113.33000183105469,114.80999755859375,95400
2023-08-30,114.44999694824219,114.44999694824219,115.80000305175781,113.94999694824219,115.7699966430664,128000
2023-08-31,118.0,118.0,118.69000244140625,114.01000213623047,114.86000061035156,235100
2023-09-01,123.44000244140625,123.44000244140625,124.58000183105469,119.62999725341797,119.62999725341797,208100
2023-09-05,123.0999984741211,123.0999984741211,124.79000091552734,122.2300033569336,122.2699966430664,189200
2023-09-06,120.70999908447266,120.70999908447266,124.43000030517578,119.0199966430664,122.6500015258789,254300
2023-09-07,119.5199966430664,119.5199966430664,121.91999816894531,119.44999694824219,120.58000183105469,222400
2023-09-08,120.58999633789062,120.58999633789062,122.2699966430664,118.22000122070312,119.30999755859375,99200
2023-09-11,117.29000091552734,117.29000091552734,123.12000274658203,115.62999725341797,123.12000274658203,171600
2023-09-12,121.75,121.75,122.6500015258789,119.06999969482422,119.06999969482422,228100
2023-09-13,120.05000305175781,120.05000305175781,125.27999877929688,119.70999908447266,125.27999877929688,200100
2023-09-14,119.94000244140625,119.94000244140625,123.1500015258789,119.81999969482422,122.02999877929688,121100
2023-09-15,115.9000015258789,115.9000015258789,119.9000015258789,115.88999938964844,119.0,438200
2023-09-18,114.95999908447266,114.95999908447266,117.30000305175781,113.0199966430664,115.76000213623047,152200
2023-09-19,113.55999755859375,113.55999755859375,116.88999938964844,112.80000305175781,116.36000061035156,116800
2023-09-20,111.94999694824219,111.94999694824219,115.00499725341797,111.54000091552734,112.9000015258789,127300
2023-09-21,111.0199966430664,111.0199966430664,115.73999786376953,110.62999725341797,114.83999633789062,214200
2023-09-22,111.54000091552734,111.54000091552734,112.76499938964844,110.41999816894531,111.29000091552734,148100
2023-09-25,113.38999938964844,113.38999938964844,114.01000213623047,110.41999816894531,111.54000091552734,209400
2023-09-26,113.44999694824219,113.44999694824219,114.76000213623047,110.97000122070312,112.12000274658203,205200
2023-09-27,118.58000183105469,118.58000183105469,119.3499984741211,115.5,116.47000122070312,203700
2023-09-28,120.91999816894531,120.91999816894531,121.20999908447266,117.8499984741211,118.36000061035156,258400
2023-09-29,118.66000366210938,118.66000366210938,120.86499786376953,117.79000091552734,120.47000122070312,140700
2023-10-02,117.20999908447266,117.20999908447266,118.86000061035156,113.11000061035156,118.86000061035156,267500
2023-10-03,116.36000061035156,116.36000061035156,117.2249984741211,113.91999816894531,117.02999877929688,294400
2023-10-04,113.70999908447266,113.70999908447266,115.69000244140625,111.51499938964844,115.04000091552734,152900
2023-10-05,116.98999786376953,116.98999786376953,118.09500122070312,112.25,112.9000015258789,181100
2023-10-06,120.97000122070312,120.97000122070312,122.37999725341797,117.73999786376953,117.73999786376953,149400
2023-10-09,125.69000244140625,125.69000244140625,125.73999786376953,121.80000305175781,123.23999786376953,215500
2023-10-10,123.5999984741211,123.5999984741211,127.22000122070312,123.56999969482422,125.55000305175781,118500
2023-10-11,123.4000015258789,123.4000015258789,123.73999786376953,120.37999725341797,121.83999633789062,99800
2023-10-12,122.62999725341797,122.62999725341797,125.01000213623047,121.37999725341797,125.01000213623047,120400
2023-10-13,122.3499984741211,122.3499984741211,125.9000015258789,122.30000305175781,124.91000366210938,103200
2023-10-16,122.68000030517578,122.68000030517578,123.6500015258789,121.4000015258789,122.91000366210938,71300
2023-10-17,126.0199966430664,126.0199966430664,126.34500122070312,121.83999633789062,122.11000061035156,224800
2023-10-18,127.51000213623047,127.51000213623047,128.35499572753906,125.80000305175781,127.16000366210938,149700
2023-10-19,126.62000274658203,126.62000274658203,129.55999755859375,125.94000244140625,125.94000244140625,131800
2023-10-20,126.0199966430664,126.0199966430664,127.1500015258789,124.05999755859375,126.43000030517578,108300
2023-10-23,125.2699966430664,125.2699966430664,126.52999877929688,123.5199966430664,124.69999694824219,146900
2023-10-24,125.44999694824219,125.44999694824219,126.30000305175781,124.36399841308594,125.06999969482422,101000
2023-10-25,124.19000244140625,124.19000244140625,126.38999938964844,123.83000183105469,125.62999725341797,111600
2023-10-26,124.79000091552734,124.79000091552734,125.41999816894531,122.41999816894531,123.62000274658203,130700
2023-10-27,123.93000030517578,123.93000030517578,125.25,121.86000061035156,124.95999908447266,76400
2023-10-30,122.76000213623047,122.76000213623047,124.90699768066406,120.54000091552734,123.41999816894531,78600
2023-10-31,123.61000061035156,123.61000061035156,126.11000061035156,122.51000213623047,123.29000091552734,138300
2023-11-01,129.9600067138672,129.9600067138672,131.21299743652344,121.80000305175781,121.80000305175781,347400
2023-11-02,133.6300048828125,133.6300048828125,134.83999633789062,129.1199951171875,132.55999755859375,257600
2023-11-03,133.1699981689453,133.1699981689453,134.69000244140625,130.72999572753906,134.3300018310547,207400
2023-11-06,128.10000610351562,128.10000610351562,133.44000244140625,127.1500015258789,132.5500030517578,181400
2023-11-07,126.41000366210938,126.41000366210938,127.43199920654297,122.0009994506836,126.26000213623047,176600
2023-11-08,126.80000305175781,126.80000305175781,128.13999938964844,124.06999969482422,125.77999877929688,164000
2023-11-09,124.91000366210938,124.91000366210938,129.4499969482422,124.58799743652344,127.0,140500
2023-11-10,124.16999816894531,124.16999816894531,126.56999969482422,123.91000366210938,126.08000183105469,92100
2023-11-13,126.37999725341797,126.37999725341797,128.25999450683594,125.01499938964844,125.43000030517578,127700
2023-11-14,128.3800048828125,128.3800048828125,129.14999389648438,126.47000122070312,127.61000061035156,118900
2023-11-15,128.74000549316406,128.74000549316406,130.57000732421875,127.5,128.0500030517578,86200
2023-11-16,127.30999755859375,127.30999755859375,128.55999755859375,124.052001953125,127.55999755859375,129200
2023-11-17,129.08999633789062,129.08999633789062,130.72000122070312,126.38999938964844,128.50999450683594,147600
2023-11-20,130.69000244140625,130.69000244140625,131.4550018310547,129.47000122070312,129.77000427246094,104300
2023-11-21,132.50999450683594,132.50999450683594,132.98399353027344,129.0,130.0,136700
2023-11-22,132.61000061035156,132.61000061035156,134.0500030517578,130.5399932861328,130.5399932861328,153500
2023-11-24,133.1300048828125,133.1300048828125,134.6300048828125,132.1300048828125,132.1300048828125,60900
2023-11-27,133.75,133.75,134.02999877929688,130.97999572753906,132.47000122070312,136800
2023-11-28,131.61000061035156,131.61000061035156,135.1649932861328,131.10499572753906,133.72000122070312,186500
2023-11-29,131.77000427246094,131.77000427246094,133.92999267578125,131.6199951171875,133.75999450683594,135500
2023-11-30,137.0399932861328,137.0399932861328,138.1750030517578,132.80999755859375,132.9499969482422,210000
2023-12-01,137.94000244140625,137.94000244140625,140.8300018310547,136.5399932861328,136.5399932861328,134200
2023-12-04,138.0500030517578,138.0500030517578,139.33999633789062,136.27999877929688,136.27999877929688,220700
2023-12-05,137.9199981689453,137.9199981689453,139.36000061035156,137.35000610351562,138.52000427246094,137400
2023-12-06,133.83999633789062,133.83999633789062,137.97999572753906,133.8000030517578,136.55999755859375,139400
2023-12-07,133.64999389648438,133.64999389648438,134.4600067138672,130.1699981689453,133.5,158100
2023-12-08,134.85000610351562,134.85000610351562,135.61000061035156,133.5800018310547,135.0800018310547,159200
2023-12-11,132.0800018310547,132.0800018310547,134.75,130.0800018310547,133.5800018310547,255000
2023-12-12,128.5800018310547,128.5800018310547,130.0,125.66999816894531,128.5,639700
2023-12-13,130.89999389648438,130.89999389648438,131.10000610351562,127.0,128.82000732421875,298200
2023-12-14,130.92999267578125,130.92999267578125,132.77999877929688,129.60000610351562,130.8699951171875,300900
2023-12-15,129.88999938964844,129.88999938964844,132.5,128.30999755859375,131.02000427246094,347200
2023-12-18,131.9600067138672,131.9600067138672,133.61000061035156,131.00999450683594,132.27000427246094,181200
2023-12-19,133.05999755859375,133.05999755859375,133.5,130.83999633789062,132.42999267578125,206500
2023-12-20,131.17999267578125,131.17999267578125,134.7469940185547,130.92999267578125,133.8699951171875,200600
2023-12-21,135.97000122070312,135.97000122070312,136.05999755859375,130.99000549316406,132.35000610351562,133000
2023-12-22,135.3000030517578,135.3000030517578,137.1649932861328,134.2100067138672,136.91000366210938,127900
2023-12-26,137.32000732421875,137.32000732421875,138.22500610351562,135.5399932861328,136.33999633789062,104700
2023-12-27,136.41000366210938,136.41000366210938,138.76600646972656,134.39999389648438,138.08999633789062,79000
2023-12-28,134.1300048828125,134.1300048828125,137.43099975585938,133.3699951171875,136.41000366210938,153700
2023-12-29,133.1999969482422,133.1999969482422,135.25999450683594,132.39999389648438,134.08999633789062,149300
2024-01-02,134.08999633789062,134.08999633789062,136.32000732421875,132.80999755859375,134.1699981689453,115400
2024-01-03,132.0800018310547,132.0800018310547,134.47000122070312,129.07000732421875,131.6300048828125,237800
2024-01-04,127.88999938964844,127.88999938964844,133.3800048828125,127.3499984741211,133.3800048828125,203100
2024-01-05,125.33999633789062,125.33999633789062,127.41999816894531,124.12999725341797,127.41999816894531,307300
2024-01-08,125.86000061035156,125.86000061035156,126.01000213623047,119.75,124.3499984741211,258600
2024-01-09,126.81999969482422,126.81999969482422,127.36499786376953,122.30999755859375,125.0,234300
2024-01-10,125.95999908447266,125.95999908447266,126.9800033569336,125.29000091552734,126.1500015258789,147400
2024-01-11,124.05999755859375,124.05999755859375,126.41000366210938,123.11000061035156,123.11000061035156,174000
2024-01-12,126.01000213623047,126.01000213623047,126.8499984741211,124.20999908447266,126.8499984741211,159400
2024-01-16,122.77999877929688,122.77999877929688,126.08999633789062,122.44999694824219,125.05000305175781,116400
2024-01-17,122.95999908447266,122.95999908447266,124.0009994506836,122.27999877929688,123.77999877929688,138000
2024-01-18,126.43000030517578,126.43000030517578,127.125,122.75,124.12999725341797,218500
2024-01-19,126.44999694824219,126.44999694824219,126.63999938964844,124.2699966430664,126.63999938964844,118700
2024-01-22,127.08999633789062,127.08999633789062,128.4600067138672,126.0,126.0,128100
2024-01-23,127.26000213623047,127.26000213623047,128.83999633789062,126.01000213623047,127.2699966430664,84100
2024-01-24,129.9199981689453,129.9199981689453,129.92999267578125,127.94000244140625,128.55999755859375,146400
2024-01-25,131.88999938964844,131.88999938964844,132.0050048828125,129.09500122070312,131.36000061035156,135600
2024-01-26,131.0399932861328,131.0399932861328,132.30999755859375,128.97999572753906,132.30999755859375,115300
2024-01-29,129.64999389648438,129.64999389648438,130.80999755859375,128.3699951171875,130.80999755859375,89400
2024-01-30,132.2899932861328,132.2899932861328,132.4600067138672,129.00999450683594,129.00999450683594,105400
2024-01-31,126.9000015258789,126.9000015258789,132.88499450683594,126.20999908447266,132.5399932861328,293100
2024-02-01,124.70999908447266,124.70999908447266,129.46499633789062,123.5199966430664,127.87999725341797,220400
2024-02-02,124.45999908447266,124.45999908447266,125.0999984741211,122.79000091552734,124.44000244140625,185400
2024-02-05,121.87000274658203,121.87000274658203,124.29000091552734,120.9800033569336,123.3499984741211,140700
2024-02-06,124.0199966430664,124.0199966430664,124.81999969482422,121.13999938964844,121.30000305175781,120700
2024-02-07,123.55999755859375,123.55999755859375,125.19999694824219,122.83999633789062,124.26000213623047,88500
2024-02-08,125.91000366210938,125.91000366210938,126.12999725341797,123.58999633789062,123.80999755859375,166600
2024-02-09,126.73999786376953,126.73999786376953,127.33000183105469,124.375,125.43000030517578,176400
2024-02-12,128.74000549316406,128.74000549316406,130.64500427246094,126.55000305175781,126.55000305175781,132200
2024-02-13,126.9800033569336,126.9800033569336,127.52999877929688,125.41000366210938,127.36000061035156,135800
2024-02-14,128.5,128.5,129.75999450683594,126.7750015258789,128.11000061035156,264200
2024-02-15,134.5800018310547,134.5800018310547,136.15499877929688,129.0,129.0,327400
2024-02-16,134.3300018310547,134.3300018310547,136.18499755859375,133.08999633789062,135.14999389648438,224100
2024-02-20,132.77999877929688,132.77999877929688,133.67999267578125,130.69000244140625,133.19000244140625,180600
2024-02-21,142.72000122070312,142.72000122070312,142.80999755859375,134.7100067138672,134.7100067138672,621600
2024-02-22,141.77999877929688,141.77999877929688,143.60400390625,140.83999633789062,141.42999267578125,224600
2024-02-23,140.5500030517578,140.5500030517578,141.22999572753906,137.7949981689453,139.6999969482422,121900
2024-02-26,141.1300048828125,141.1300048828125,141.6999969482422,139.02999877929688,140.72999572753906,253700
2024-02-27,141.7899932861328,141.7899932861328,142.22000122070312,139.39999389648438,141.02000427246094,271400
2024-02-28,142.25999450683594,142.25999450683594,151.6699981689453,142.1300048828125,147.13999938964844,336500
2024-02-29,141.99000549316406,141.99000549316406,145.3300018310547,141.02999877929688,143.89999389648438,391900
2024-03-01,142.0,142.0,144.41900634765625,141.3300018310547,142.35000610351562,150400
2024-03-04,142.8000030517578,142.8000030517578,144.3800048828125,141.90499877929688,143.16000366210938,299200
2024-03-05,143.63999938964844,143.63999938964844,145.02999877929688,141.47000122070312,142.47999572753906,146400
2024-03-06,144.6999969482422,144.6999969482422,146.4499969482422,142.88499450683594,144.9499969482422,252000
2024-03-07,147.74000549316406,147.74000549316406,148.47000122070312,145.5,145.5,173300
2024-03-08,148.1199951171875,148.1199951171875,149.67999267578125,145.1999969482422,147.6300048828125,327400
2024-03-11,144.8800048828125,144.8800048828125,147.42999267578125,143.73500061035156,147.0500030517578,217600
2024-03-12,144.6699981689453,144.6699981689453,145.9499969482422,141.83999633789062,145.47000122070312,168500
2024-03-13,145.8699951171875,145.8699951171875,149.1699981689453,144.7530059814453,145.0,249500
2024-03-14,150.13999938964844,150.13999938964844,150.2949981689453,146.63999938964844,147.25999450683594,426100
2024-03-15,152.5399932861328,152.5399932861328,154.5800018310547,149.5500030517578,149.5500030517578,408800
2024-03-18,153.55999755859375,153.55999755859375,153.92999267578125,151.1300048828125,153.92999267578125,384300
2024-03-19,156.38999938964844,156.38999938964844,156.75999450683594,153.83599853515625,154.0,216500
2024-03-20,157.33999633789062,157.33999633789062,157.5279998779297,154.0,155.49000549316406,212500
2024-03-21,160.25,160.25,160.52999877929688,156.58999633789062,157.97999572753906,401800
2024-03-22,159.80999755859375,159.80999755859375,161.10000610351562,156.13999938964844,159.52000427246094,267500
2024-03-25,159.10000610351562,159.10000610351562,161.63999938964844,158.0850067138672,159.60000610351562,233700
2024-03-26,157.38999938964844,157.38999938964844,160.35000610351562,157.08999633789062,160.0399932861328,229100
2024-03-27,159.8800048828125,159.8800048828125,160.1199951171875,155.00999450683594,156.6999969482422,215900
2024-03-28,160.1199951171875,160.1199951171875,161.74000549316406,158.22999572753906,159.8699951171875,253800
2024-04-01,159.8300018310547,159.8300018310547,161.6199951171875,158.1199951171875,160.94000244140625,287700
2024-04-02,159.57000732421875,159.57000732421875,161.4199981689453,158.52000427246094,160.30999755859375,218000
2024-04-03,162.02999877929688,162.02999877929688,162.72000122070312,159.50999450683594,159.60000610351562,313200
2024-04-04,160.80999755859375,160.80999755859375,164.91000366210938,159.2550048828125,164.91000366210938,302800
2024-04-05,160.0,160.0,160.3699951171875,155.3000030517578,158.22999572753906,280200
2024-04-08,160.7899932861328,160.7899932861328,161.81500244140625,159.50999450683594,160.4499969482422,144500
2024-04-09,160.6699981689453,160.6699981689453,163.0800018310547,157.77999877929688,161.5800018310547,267200
2024-04-10,159.99000549316406,159.99000549316406,161.1649932861328,157.5399932861328,160.19000244140625,206900
2024-04-11,157.69000244140625,157.69000244140625,160.8699951171875,156.52999877929688,160.0,220700
2024-04-12,156.91000366210938,156.91000366210938,160.4199981689453,155.42999267578125,159.38999938964844,155000
2024-04-15,153.4600067138672,153.4600067138672,158.72000122070312,153.42999267578125,158.3699951171875,259100
2024-04-16,153.89999389648438,153.89999389648438,155.47999572753906,150.09300231933594,152.13999938964844,218900
2024-04-17,153.67999267578125,153.67999267578125,156.27999877929688,152.38999938964844,153.72000122070312,210000
2024-04-18,152.8000030517578,152.8000030517578,155.6699981689453,152.1999969482422,153.85000610351562,152500
2024-04-19,154.32000732421875,154.32000732421875,155.25,152.35000610351562,152.35000610351562,138900
2024-04-22,155.82000732421875,155.82000732421875,158.6999969482422,153.53500366210938,154.41000366210938,177700
2024-04-23,156.75,156.75,157.33999633789062,152.13999938964844,155.08999633789062,159100
2024-04-24,159.25,159.25,159.84500122070312,156.4499969482422,157.11000061035156,215900
2024-04-25,161.1199951171875,161.1199951171875,161.8699951171875,157.3800048828125,158.30999755859375,170200
2024-04-26,163.27999877929688,163.27999877929688,163.97000122070312,159.5800018310547,160.99000549316406,205700
2024-04-29,164.75,164.75,165.1300048828125,161.11000061035156,162.94000244140625,348100
2024-04-30,158.7100067138672,158.7100067138672,165.1909942626953,158.30999755859375,164.35000610351562,223300
2024-05-01,150.57000732421875,150.57000732421875,157.01499938964844,150.57000732421875,154.52000427246094,296500
2024-05-02,150.58999633789062,150.58999633789062,152.74000549316406,149.0,150.75,206300
2024-05-03,153.19000244140625,153.19000244140625,153.3300018310547,149.0,151.94000244140625,271500
2024-05-06,156.41000366210938,156.41000366210938,158.5800018310547,153.47000122070312,153.77000427246094,314300
2024-05-07,157.6300048828125,157.6300048828125,158.7050018310547,154.8000030517578,155.16000366210938,202700
2024-05-08,154.39999389648438,154.39999389648438,156.85000610351562,154.1199951171875,155.97000122070312,210400
2024-05-09,152.97000122070312,152.97000122070312,156.1300048828125,152.14999389648438,155.08999633789062,258100
2024-05-10,147.7100067138672,147.7100067138672,153.91000366210938,147.0500030517578,153.2100067138672,287300
2024-05-13,148.92999267578125,148.92999267578125,150.64999389648438,147.0749969482422,148.86000061035156,295900
2024-05-14,151.69000244140625,151.69000244140625,151.7050018310547,148.6840057373047,149.8699951171875,192400
2024-05-15,157.44000244140625,157.44000244140625,157.63999938964844,150.57000732421875,151.69000244140625,332300
2024-05-16,155.25,155.25,158.91000366210938,155.19000244140625,157.44000244140625,216400
2024-05-17,158.3699951171875,158.3699951171875,158.72000122070312,155.19500732421875,156.47999572753906,222700
2024-05-20,160.32000732421875,160.32000732421875,160.7050018310547,156.64999389648438,159.00999450683594,387300
2024-05-21,157.0500030517578,157.0500030517578,160.80299377441406,156.85499572753906,159.05999755859375,170400
2024-05-22,155.67999267578125,155.67999267578125,156.5500030517578,153.3260040283203,155.7100067138672,168800
2024-05-23,155.08999633789062,155.08999633789062,158.63999938964844,154.26499938964844,156.9199981689453,207200
2024-05-24,158.22000122070312,158.22000122070312,159.5800018310547,154.9199981689453,156.44000244140625,242700
2024-05-28,160.97000122070312,160.97000122070312,162.17999267578125,157.02999877929688,159.5,226400
2024-05-29,159.02999877929688,159.02999877929688,160.64999389648438,157.6300048828125,159.60000610351562,146600
2024-05-30,160.67999267578125,160.67999267578125,160.94000244140625,158.1199951171875,158.1199951171875,125100
2024-05-31,161.80999755859375,161.80999755859375,162.5399932861328,158.77999877929688,161.5800018310547,267400
2024-06-03,159.80999755859375,159.80999755859375,162.14500427246094,158.17999267578125,160.80999755859375,204700
2024-06-04,156.8699951171875,156.8699951171875,160.08999633789062,155.8800048828125,159.00999450683594,226000
2024-06-05,158.3800048828125,158.3800048828125,160.0,154.61000061035156,156.42999267578125,150300
2024-06-06,159.92999267578125,159.92999267578125,161.9149932861328,157.36000061035156,159.1999969482422,259100
2024-06-07,158.88999938964844,158.88999938964844,160.92999267578125,158.18499755859375,159.39999389648438,191000
2024-06-10,161.0399932861328,161.0399932861328,163.5500030517578,159.08999633789062,159.08999633789062,150100
2024-06-11,161.72999572753906,161.72999572753906,163.25999450683594,158.8800048828125,160.99000549316406,152000
2024-06-12,161.49000549316406,161.49000549316406,163.58999633789062,159.99000549316406,163.58999633789062,227900
2024-06-13,157.60000610351562,157.60000610351562,160.5800018310547,155.39999389648438,160.5800018310547,219100
2024-06-14,153.42999267578125,153.42999267578125,156.0,152.42999267578125,156.0,184000
2024-06-17,153.75,153.75,154.5,151.39999389648438,153.9499969482422,122600
2024-06-18,151.58999633789062,151.58999633789062,154.8300018310547,150.74000549316406,154.60000610351562,228000
2024-06-20,152.17999267578125,152.17999267578125,153.28500366210938,150.0500030517578,150.9499969482422,168500
2024-06-21,152.05999755859375,152.05999755859375,152.6750030517578,150.0,151.85000610351562,288900
2024-06-24,156.85000610351562,156.85000610351562,158.02000427246094,150.8000030517578,152.63999938964844,151200
2024-06-25,155.58999633789062,155.58999633789062,156.5449981689453,153.83999633789062,155.77999877929688,83800
2024-06-26,153.69000244140625,153.69000244140625,154.80999755859375,152.85000610351562,154.60000610351562,124600
2024-06-27,153.35000610351562,153.35000610351562,155.3000030517578,152.27999877929688,154.1300048828125,111600
2024-06-28,151.0,151.0,155.05999755859375,150.58999633789062,154.66000366210938,731600
2024-07-01,150.32000732421875,150.32000732421875,152.6199951171875,148.66000366210938,152.6199951171875,165900
2024-07-02,153.63999938964844,153.63999938964844,154.0050048828125,151.30999755859375,151.72999572753906,196500
2024-07-03,156.86000061035156,156.86000061035156,157.75,154.33999633789062,154.4199981689453,103000
2024-07-05,152.94000244140625,152.94000244140625,156.83999633789062,152.72000122070312,156.50999450683594,134800
2024-07-08,154.5399932861328,154.5399932861328,155.7550048828125,151.65699768066406,153.41000366210938,146800
2024-07-09,152.39999389648438,152.39999389648438,154.89100646972656,152.3300018310547,153.75999450683594,112000
2024-07-10,154.02999877929688,154.02999877929688,154.38999938964844,152.66000366210938,152.66000366210938,98500
2024-07-11,155.5800018310547,155.5800018310547,157.7100067138672,153.83999633789062,155.74000549316406,163000
2024-07-12,160.2100067138672,160.2100067138672,161.19000244140625,157.61000061035156,157.61000061035156,250400
2024-07-15,159.14999389648438,159.14999389648438,163.22000122070312,158.82000732421875,160.64999389648438,249000
2024-07-16,161.6199951171875,161.6199951171875,162.38999938964844,158.4949951171875,159.55999755859375,273300
2024-07-17,155.64999389648438,155.64999389648438,162.53500366210938,155.44000244140625,162.52999877929688,368600
2024-07-18,154.64999389648438,154.64999389648438,157.0850067138672,152.63999938964844,156.0,217900
2024-07-19,157.9199981689453,157.9199981689453,158.0800018310547,152.0399932861328,154.1199951171875,188300
2024-07-22,158.9499969482422,158.9499969482422,160.30999755859375,156.9600067138672,157.88999938964844,143000
2024-07-23,158.8000030517578,158.8000030517578,160.97000122070312,157.47000122070312,158.25999450683594,245700
2024-07-24,152.77999877929688,152.77999877929688,159.17999267578125,151.97000122070312,158.9600067138672,285800
2024-07-25,148.49000549316406,148.49000549316406,153.22999572753906,148.2899932861328,153.00999450683594,297100
2024-07-26,149.25999450683594,149.25999450683594,150.49000549316406,148.16000366210938,149.39999389648438,186700
2024-07-29,149.25,149.25,150.39999389648438,146.77000427246094,150.0,151300
2024-07-30,148.2899932861328,148.2899932861328,149.72999572753906,147.36000061035156,148.8000030517578,228800
2024-07-31,147.2100067138672,147.2100067138672,152.5,146.89999389648438,151.02999877929688,208600
2024-08-01,143.27000427246094,143.27000427246094,148.97000122070312,141.52000427246094,147.58999633789062,208300
2024-08-02,135.8800048828125,135.8800048828125,139.97000122070312,135.56900024414062,139.97000122070312,283300
2024-08-05,134.24000549316406,134.24000549316406,136.78500366210938,130.02000427246094,134.66000366210938,253800
2024-08-06,134.9199981689453,134.9199981689453,137.3699951171875,134.3699951171875,134.3699951171875,285600
2024-08-07,133.8000030517578,133.8000030517578,147.32000732421875,133.13999938964844,134.0,479900
2024-08-08,137.2899932861328,137.2899932861328,138.85000610351562,134.35000610351562,135.22000122070312,335700
2024-08-09,138.13999938964844,138.13999938964844,139.47999572753906,135.49000549316406,137.27999877929688,278800
2024-08-12,142.42999267578125,142.42999267578125,144.1300048828125,139.4499969482422,139.52000427246094,257400
2024-08-13,140.67999267578125,140.67999267578125,141.77000427246094,139.25,141.77000427246094,136000
2024-08-14,141.75,141.75,142.3800048828125,139.5399932861328,140.49000549316406,163900
2024-08-15,144.77000427246094,144.77000427246094,145.8249969482422,141.6199951171875,142.0,198300
2024-08-16,143.02000427246094,143.02000427246094,144.94500732421875,142.35000610351562,144.0,175900
2024-08-19,144.85000610351562,144.85000610351562,146.10000610351562,143.33999633789062,143.33999633789062,103500
2024-08-20,141.60000610351562,141.60000610351562,144.64999389648438,139.85499572753906,144.64999389648438,157300
2024-08-21,142.3800048828125,142.3800048828125,144.0,140.97999572753906,143.0500030517578,121700
2024-08-22,140.86000061035156,140.86000061035156,142.52999877929688,140.5800018310547,142.52999877929688,116000
2024-08-23,142.27000427246094,142.27000427246094,143.8800048828125,141.47999572753906,142.5,205000
2024-08-26,141.82000732421875,141.82000732421875,145.0,141.2100067138672,143.7100067138672,144300
2024-08-27,142.00999450683594,142.00999450683594,143.8350067138672,140.5749969482422,141.60000610351562,186700
2024-08-28,141.85000610351562,141.85000610351562,142.11000061035156,139.31500244140625,141.1199951171875,130700
2024-08-29,144.8800048828125,144.8800048828125,145.85000610351562,141.82000732421875,142.19000244140625,130600
2024-08-30,145.05999755859375,145.05999755859375,145.5399932861328,142.27000427246094,143.80999755859375,144300
2024-09-03,139.5500030517578,139.5500030517578,142.64999389648438,136.61000061035156,142.64999389648438,207000
2024-09-04,138.41000366210938,138.41000366210938,141.07000732421875,137.85000610351562,139.3699951171875,195200
2024-09-05,139.0,139.0,139.6999969482422,137.30999755859375,139.6300048828125,207400
2024-09-06,137.75999450683594,137.75999450683594,139.55999755859375,136.75999450683594,138.75,283200
2024-09-09,138.07000732421875,138.07000732421875,140.27999877929688,137.75999450683594,137.8800048828125,354700
2024-09-10,139.5500030517578,139.5500030517578,140.47000122070312,135.83999633789062,138.22999572753906,374500
2024-09-11,143.75,143.75,144.03500366210938,138.6750030517578,140.05999755859375,191800
2024-09-12,142.80999755859375,142.80999755859375,144.88999938964844,141.22999572753906,143.60000610351562,369200
2024-09-13,143.0399932861328,143.0399932861328,145.01499938964844,142.75999450683594,144.24000549316406,233100
2024-09-16,147.00999450683594,147.00999450683594,147.11000061035156,142.75999450683594,144.14999389648438,235000
2024-09-17,147.0,147.0,149.25,146.63499450683594,147.6999969482422,231300
2024-09-18,147.99000549316406,147.99000549316406,149.99000549316406,145.8509979248047,147.25,177000
2024-09-19,149.19000244140625,149.19000244140625,151.39999389648438,149.16000366210938,150.85000610351562,151400
2024-09-20,148.92999267578125,148.92999267578125,149.92999267578125,147.63999938964844,149.27000427246094,607000
2024-09-23,151.0,151.0,153.57000732421875,149.61000061035156,149.61000061035156,192600
2024-09-24,149.89999389648438,149.89999389648438,152.89999389648438,149.1999969482422,151.27000427246094,222600
2024-09-25,146.92999267578125,146.92999267578125,150.25999450683594,146.47999572753906,149.6300048828125,178500
2024-09-26,145.55999755859375,145.55999755859375,147.22999572753906,144.3300018310547,145.05999755859375,193500
2024-09-27,151.94000244140625,151.94000244140625,153.67999267578125,146.6199951171875,146.6199951171875,243200
2024-09-30,151.35000610351562,151.35000610351562,153.3699951171875,148.9739990234375,150.63999938964844,211100
2024-10-01,149.64999389648438,149.64999389648438,152.14999389648438,148.9600067138672,149.8699951171875,185900
2024-10-02,149.6999969482422,149.6999969482422,152.63999938964844,148.64500427246094,152.47999572753906,199000
2024-10-03,151.58999633789062,151.58999633789062,152.5800018310547,149.02999877929688,150.36000061035156,179800
2024-10-04,150.91000366210938,150.91000366210938,153.05499267578125,146.5,152.19000244140625,533600
2024-10-07,149.97999572753906,149.97999572753906,150.6199951171875,148.52000427246094,150.11000061035156,217800
2024-10-08,147.52999877929688,147.52999877929688,149.33999633789062,146.74000549316406,149.33999633789062,166800
2024-10-09,147.94000244140625,147.94000244140625,149.0,145.47000122070312,146.80999755859375,227300
2024-10-10,149.47999572753906,149.47999572753906,150.0399932861328,147.80999755859375,149.0800018310547,170700
2024-10-11,149.9499969482422,149.9499969482422,151.94500732421875,149.5500030517578,149.5500030517578,185900
2024-10-14,147.6199951171875,147.6199951171875,148.92999267578125,147.52000427246094,147.89999389648438,115400
2024-10-15,144.72999572753906,144.72999572753906,146.86000061035156,142.57000732421875,144.99000549316406,211800
2024-10-16,146.63999938964844,146.63999938964844,147.19000244140625,145.4199981689453,145.92999267578125,159000
2024-10-17,147.64999389648438,147.64999389648438,148.27000427246094,146.6199951171875,146.99000549316406,141100
2024-10-18,146.47999572753906,146.47999572753906,147.24000549316406,143.3300018310547,147.24000549316406,181300
2024-10-21,145.08999633789062,145.08999633789062,147.9600067138672,144.2100067138672,147.9600067138672,385100
2024-10-22,142.57000732421875,142.57000732421875,146.0500030517578,142.5500030517578,145.30999755859375,118900
2024-10-23,144.6699981689453,144.6699981689453,144.7899932861328,142.2100067138672,142.52000427246094,155700
2024-10-24,145.17999267578125,145.17999267578125,146.39500427246094,143.60000610351562,145.69000244140625,153800
2024-10-25,143.69000244140625,143.69000244140625,146.77999877929688,141.72999572753906,146.30999755859375,313300
2024-10-28,142.86000061035156,142.86000061035156,144.0399932861328,140.10000610351562,140.10000610351562,134400
2024-10-29,142.3800048828125,142.3800048828125,143.38999938964844,141.4499969482422,142.16000366210938,132800
2024-10-30,143.1699981689453,143.1699981689453,144.8300018310547,142.4600067138672,142.4600067138672,87200
2024-10-31,138.44000244140625,138.44000244140625,143.75,138.42999267578125,143.55999755859375,132900
2024-11-01,137.58999633789062,137.58999633789062,140.74000549316406,136.4499969482422,139.9499969482422,147200
2024-11-04,138.75999450683594,138.75999450683594,140.2550048828125,136.6999969482422,137.99000549316406,160800
2024-11-05,140.5399932861328,140.5399932861328,140.61000061035156,138.08999633789062,138.52000427246094,212900
2024-11-06,154.47000122070312,154.47000122070312,157.19000244140625,147.75999450683594,157.00999450683594,696100
2024-11-07,151.97999572753906,151.97999572753906,155.74000549316406,151.9499969482422,154.2100067138672,291200
2024-11-08,154.8300018310547,154.8300018310547,157.27000427246094,151.32000732421875,151.32000732421875,325000
2024-11-11,164.0500030517578,164.0500030517578,164.1300048828125,158.24000549316406,159.17999267578125,284900
2024-11-12,162.75999450683594,162.75999450683594,166.47999572753906,162.5800018310547,164.75999450683594,254500
2024-11-13,161.16000366210938,161.16000366210938,163.8300018310547,160.38999938964844,163.8300018310547,157200
2024-11-14,159.91000366210938,159.91000366210938,161.80499267578125,158.97000122070312,161.63999938964844,126900
2024-11-15,159.86000061035156,159.86000061035156,160.8000030517578,158.17999267578125,160.77000427246094,180400
2024-11-18,164.25999450683594,164.25999450683594,165.22999572753906,160.41000366210938,161.4199981689453,328900
2024-11-19,166.4499969482422,166.4499969482422,166.4600067138672,163.1999969482422,163.1999969482422,306700
2024-11-20,174.67999267578125,174.67999267578125,175.08999633789062,168.0500030517578,168.39999389648438,386900
2024-11-21,177.69000244140625,177.69000244140625,183.58999633789062,177.5,181.77000427246094,345000
2024-11-22,176.77000427246094,176.77000427246094,179.30999755859375,176.27999877929688,178.85000610351562,245000
2024-11-25,176.52999877929688,176.52999877929688,178.44000244140625,176.3800048828125,177.0,258100
2024-11-26,177.5399932861328,177.5399932861328,179.8000030517578,175.16000366210938,175.16000366210938,288300
2024-11-27,177.24000549316406,177.24000549316406,179.89999389648438,175.7899932861328,177.57000732421875,467700
2024-11-29,175.8000030517578,175.8000030517578,179.0,175.6929931640625,178.88999938964844,123400
2024-12-02,172.0,172.0,175.7899932861328,171.64999389648438,175.7899932861328,192300
2024-12-03,174.99000549316406,174.99000549316406,175.13999938964844,172.3699951171875,172.97000122070312,286600
2024-12-04,175.13999938964844,175.13999938964844,175.88999938964844,171.2100067138672,174.1999969482422,265300
2024-12-05,180.13999938964844,180.13999938964844,181.16000366210938,176.84500122070312,177.13999938964844,389400
2024-12-06,175.74000549316406,175.74000549316406,179.52000427246094,174.97000122070312,178.8300018310547,340900
2024-12-09,174.17999267578125,174.17999267578125,178.47999572753906,174.14999389648438,177.66000366210938,137500
2024-12-10,173.3800048828125,173.3800048828125,176.0399932861328,172.5399932861328,175.27999877929688,187200
2024-12-11,179.25,179.25,179.25,174.75999450683594,175.00999450683594,142992
