Date,Adj Close,Close,High,Low,Open,Volume
2018-08-08,9.65999984741211,9.65999984741211,9.680000305175781,9.65999984741211,9.680000305175781,198300
2018-08-09,9.670000076293945,9.670000076293945,9.670000076293945,9.65999984741211,9.65999984741211,72900
2018-08-10,9.680000305175781,9.680000305175781,9.680000305175781,9.65999984741211,9.65999984741211,85100
2018-08-13,9.65999984741211,9.65999984741211,9.6899995803833,9.649999618530273,9.680000305175781,268400
2018-08-14,9.65999984741211,9.65999984741211,9.680000305175781,9.65999984741211,9.670000076293945,56400
2018-08-15,9.65999984741211,9.65999984741211,9.65999984741211,9.65999984741211,9.65999984741211,0
2018-08-16,9.65999984741211,9.65999984741211,9.65999984741211,9.65999984741211,9.65999984741211,0
2018-08-17,9.65999984741211,9.65999984741211,9.65999984741211,9.65999984741211,9.65999984741211,0
2018-08-20,9.649999618530273,9.649999618530273,9.649999618530273,9.649999618530273,9.649999618530273,1000
2018-08-21,9.649999618530273,9.649999618530273,9.649999618530273,9.649999618530273,9.649999618530273,0
2018-08-22,9.649999618530273,9.649999618530273,9.649999618530273,9.649999618530273,9.649999618530273,0
2018-08-23,9.649999618530273,9.649999618530273,9.649999618530273,9.649999618530273,9.649999618530273,0
2018-08-24,9.649999618530273,9.649999618530273,9.65999984741211,9.649999618530273,9.65999984741211,30500
2018-08-27,9.649999618530273,9.649999618530273,9.65999984741211,9.649999618530273,9.649999618530273,16300
2018-08-28,9.649999618530273,9.649999618530273,9.6899995803833,9.630000114440918,9.649999618530273,14900
2018-08-29,9.649999618530273,9.649999618530273,9.649999618530273,9.649999618530273,9.649999618530273,0
2018-08-30,9.699999809265137,9.699999809265137,9.699999809265137,9.6899995803833,9.6899995803833,10000
2018-08-31,9.649999618530273,9.649999618530273,9.699999809265137,9.649999618530273,9.699999809265137,1000
2018-09-04,9.649999618530273,9.649999618530273,9.649999618530273,9.649999618530273,9.649999618530273,169900
2018-09-05,9.649999618530273,9.649999618530273,9.649999618530273,9.649999618530273,9.649999618530273,0
2018-09-06,9.699999809265137,9.699999809265137,9.699999809265137,9.699999809265137,9.699999809265137,200
2018-09-07,9.699999809265137,9.699999809265137,9.699999809265137,9.699999809265137,9.699999809265137,1200
2018-09-10,9.699999809265137,9.699999809265137,9.699999809265137,9.699999809265137,9.699999809265137,9000
2018-09-11,9.699999809265137,9.699999809265137,9.699999809265137,9.699999809265137,9.699999809265137,0
2018-09-12,9.699999809265137,9.699999809265137,9.699999809265137,9.699999809265137,9.699999809265137,0
2018-09-13,9.680000305175781,9.680000305175781,9.680000305175781,9.670000076293945,9.670000076293945,141200
2018-09-14,9.668000221252441,9.668000221252441,9.680000305175781,9.668000221252441,9.680000305175781,7100
2018-09-17,9.670000076293945,9.670000076293945,9.670000076293945,9.670000076293945,9.670000076293945,21200
2018-09-18,9.670000076293945,9.670000076293945,9.670000076293945,9.670000076293945,9.670000076293945,150000
2018-09-19,9.670000076293945,9.670000076293945,9.670000076293945,9.670000076293945,9.670000076293945,0
2018-09-20,9.670000076293945,9.670000076293945,9.670000076293945,9.670000076293945,9.670000076293945,100000
2018-09-21,9.694999694824219,9.694999694824219,9.694999694824219,9.670000076293945,9.670000076293945,105700
2018-09-24,9.670000076293945,9.670000076293945,9.670000076293945,9.670000076293945,9.670000076293945,112100
2018-09-25,9.670000076293945,9.670000076293945,9.670000076293945,9.664999961853027,9.670000076293945,14300
2018-09-26,9.670000076293945,9.670000076293945,9.670000076293945,9.670000076293945,9.670000076293945,0
2018-09-27,9.670000076293945,9.670000076293945,9.670000076293945,9.670000076293945,9.670000076293945,41300
2018-09-28,9.670000076293945,9.670000076293945,9.850000381469727,9.65999984741211,9.670000076293945,160000
2018-10-01,9.699999809265137,9.699999809265137,9.699999809265137,9.699999809265137,9.699999809265137,5200
2018-10-02,9.699999809265137,9.699999809265137,9.699999809265137,9.699999809265137,9.699999809265137,0
2018-10-03,9.699999809265137,9.699999809265137,9.699999809265137,9.699999809265137,9.699999809265137,0
2018-10-04,9.720000267028809,9.720000267028809,9.720000267028809,9.720000267028809,9.720000267028809,6200
2018-10-05,9.720000267028809,9.720000267028809,9.720000267028809,9.720000267028809,9.720000267028809,0
2018-10-08,9.720000267028809,9.720000267028809,9.720000267028809,9.720000267028809,9.720000267028809,0
2018-10-09,9.670000076293945,9.670000076293945,9.680000305175781,9.670000076293945,9.670000076293945,17000
2018-10-10,9.722000122070312,9.722000122070312,9.722000122070312,9.720000267028809,9.720000267028809,5300
2018-10-11,9.722000122070312,9.722000122070312,9.722000122070312,9.722000122070312,9.722000122070312,0
2018-10-12,9.722000122070312,9.722000122070312,9.722000122070312,9.722000122070312,9.722000122070312,0
2018-10-15,9.722000122070312,9.722000122070312,9.722000122070312,9.722000122070312,9.722000122070312,0
2018-10-16,9.722000122070312,9.722000122070312,9.722000122070312,9.722000122070312,9.722000122070312,0
2018-10-17,9.722000122070312,9.722000122070312,9.722000122070312,9.722000122070312,9.722000122070312,0
2018-10-18,9.722000122070312,9.722000122070312,9.722000122070312,9.722000122070312,9.722000122070312,0
2018-10-19,9.722000122070312,9.722000122070312,9.722000122070312,9.722000122070312,9.722000122070312,0
2018-10-22,9.722000122070312,9.722000122070312,9.722000122070312,9.722000122070312,9.722000122070312,0
2018-10-23,9.722000122070312,9.722000122070312,9.722000122070312,9.722000122070312,9.722000122070312,0
2018-10-24,9.722000122070312,9.722000122070312,9.722000122070312,9.722000122070312,9.722000122070312,0
2018-10-25,9.722000122070312,9.722000122070312,9.722000122070312,9.722000122070312,9.722000122070312,0
2018-10-26,9.722000122070312,9.722000122070312,9.722000122070312,9.722000122070312,9.722000122070312,0
2018-10-29,9.722000122070312,9.722000122070312,9.722000122070312,9.722000122070312,9.722000122070312,0
2018-10-30,9.722000122070312,9.722000122070312,9.722000122070312,9.722000122070312,9.722000122070312,0
2018-10-31,9.722000122070312,9.722000122070312,9.722000122070312,9.722000122070312,9.722000122070312,0
2018-11-01,9.722000122070312,9.722000122070312,9.722000122070312,9.722000122070312,9.722000122070312,0
2018-11-02,9.722000122070312,9.722000122070312,9.722000122070312,9.722000122070312,9.722000122070312,0
2018-11-05,9.722000122070312,9.722000122070312,9.722000122070312,9.722000122070312,9.722000122070312,100
2018-11-06,9.722000122070312,9.722000122070312,9.722000122070312,9.722000122070312,9.722000122070312,0
2018-11-07,9.722000122070312,9.722000122070312,9.722000122070312,9.722000122070312,9.722000122070312,0
2018-11-08,9.722000122070312,9.722000122070312,9.722000122070312,9.722000122070312,9.722000122070312,0
2018-11-09,9.704000473022461,9.704000473022461,9.704000473022461,9.699999809265137,9.699999809265137,39700
2018-11-12,9.710000038146973,9.710000038146973,9.720000267028809,9.699999809265137,9.720000267028809,10100
2018-11-13,9.710000038146973,9.710000038146973,9.710000038146973,9.710000038146973,9.710000038146973,5900
2018-11-14,9.729999542236328,9.729999542236328,9.729999542236328,9.710000038146973,9.710000038146973,45900
2018-11-15,9.75,9.75,9.760000228881836,9.739999771118164,9.75,151100
2018-11-16,9.75,9.75,9.75,9.75,9.75,100
2018-11-19,9.75,9.75,9.75,9.75,9.75,100
2018-11-20,9.800000190734863,9.800000190734863,9.819999694824219,9.800000190734863,9.800000190734863,6700
2018-11-21,9.800000190734863,9.800000190734863,9.800000190734863,9.800000190734863,9.800000190734863,100
2018-11-23,9.800000190734863,9.800000190734863,9.800000190734863,9.800000190734863,9.800000190734863,0
2018-11-26,9.800000190734863,9.800000190734863,9.800000190734863,9.800000190734863,9.800000190734863,0
2018-11-27,9.800000190734863,9.800000190734863,9.800000190734863,9.800000190734863,9.800000190734863,0
2018-11-28,9.800000190734863,9.800000190734863,9.800000190734863,9.800000190734863,9.800000190734863,0
2018-11-29,9.800000190734863,9.800000190734863,9.800000190734863,9.800000190734863,9.800000190734863,0
2018-11-30,9.800000190734863,9.800000190734863,9.800000190734863,9.800000190734863,9.800000190734863,0
2018-12-03,9.649999618530273,9.649999618530273,9.649999618530273,9.649999618530273,9.649999618530273,100
2018-12-04,9.649999618530273,9.649999618530273,9.649999618530273,9.649999618530273,9.649999618530273,100
2018-12-06,9.649999618530273,9.649999618530273,9.649999618530273,9.649999618530273,9.649999618530273,205500
2018-12-07,9.649999618530273,9.649999618530273,9.649999618530273,9.649999618530273,9.649999618530273,0
2018-12-10,9.649999618530273,9.649999618530273,9.649999618530273,9.649999618530273,9.649999618530273,0
2018-12-11,9.649999618530273,9.649999618530273,9.649999618530273,9.649999618530273,9.649999618530273,0
2018-12-12,9.649999618530273,9.649999618530273,9.649999618530273,9.649999618530273,9.649999618530273,0
2018-12-13,9.649999618530273,9.649999618530273,9.649999618530273,9.649999618530273,9.649999618530273,0
2018-12-14,9.649999618530273,9.649999618530273,9.649999618530273,9.649999618530273,9.649999618530273,0
2018-12-17,9.649999618530273,9.649999618530273,9.649999618530273,9.649999618530273,9.649999618530273,0
2018-12-18,9.649999618530273,9.649999618530273,9.649999618530273,9.649999618530273,9.649999618530273,0
2018-12-19,9.850000381469727,9.850000381469727,9.850000381469727,9.850000381469727,9.850000381469727,200
2018-12-20,9.850000381469727,9.850000381469727,9.850000381469727,9.850000381469727,9.850000381469727,0
2018-12-21,9.850000381469727,9.850000381469727,9.850000381469727,9.850000381469727,9.850000381469727,0
2018-12-24,9.850000381469727,9.850000381469727,9.850000381469727,9.829999923706055,9.829999923706055,5000
2018-12-26,9.770000457763672,9.770000457763672,9.850000381469727,9.770000457763672,9.84000015258789,42200
2018-12-27,9.770000457763672,9.770000457763672,9.770000457763672,9.770000457763672,9.770000457763672,0
2018-12-28,9.770000457763672,9.770000457763672,9.770000457763672,9.770000457763672,9.770000457763672,0
2018-12-31,9.899999618530273,9.899999618530273,9.899999618530273,9.850000381469727,9.850000381469727,2900
2019-01-02,9.899999618530273,9.899999618530273,9.899999618530273,9.899999618530273,9.899999618530273,0
2019-01-03,9.899999618530273,9.899999618530273,9.899999618530273,9.899999618530273,9.899999618530273,0
2019-01-04,9.899999618530273,9.899999618530273,9.899999618530273,9.899999618530273,9.899999618530273,100
2019-01-07,9.899999618530273,9.899999618530273,9.899999618530273,9.899999618530273,9.899999618530273,100
2019-01-08,9.920000076293945,9.920000076293945,9.920000076293945,9.800000190734863,9.899999618530273,29300
2019-01-09,9.880000114440918,9.880000114440918,9.880000114440918,9.850000381469727,9.850000381469727,1300
2019-01-10,9.880000114440918,9.880000114440918,9.880000114440918,9.880000114440918,9.880000114440918,0
2019-01-11,9.899999618530273,9.899999618530273,9.899999618530273,9.892000198364258,9.899999618530273,7100
2019-01-14,9.920000076293945,9.920000076293945,9.920000076293945,9.920000076293945,9.920000076293945,1000
2019-01-15,9.920000076293945,9.920000076293945,9.920000076293945,9.920000076293945,9.920000076293945,1000
2019-01-16,9.930000305175781,9.930000305175781,9.949999809265137,9.930000305175781,9.930000305175781,14100
2019-01-17,9.930000305175781,9.930000305175781,9.930000305175781,9.899999618530273,9.899999618530273,16300
2019-01-18,9.970999717712402,9.970999717712402,10.0,9.9399995803833,9.9399995803833,8400
2019-01-22,9.9399995803833,9.9399995803833,9.9399995803833,9.9399995803833,9.9399995803833,7100
2019-01-23,9.9399995803833,9.9399995803833,9.9399995803833,9.9399995803833,9.9399995803833,0
2019-01-24,9.9399995803833,9.9399995803833,9.9399995803833,9.9399995803833,9.9399995803833,0
2019-01-25,9.9399995803833,9.9399995803833,9.9399995803833,9.9399995803833,9.9399995803833,0
2019-01-28,10.020000457763672,10.020000457763672,10.130000114440918,10.020000457763672,10.069999694824219,1600
2019-01-29,10.029999732971191,10.029999732971191,10.029999732971191,10.029999732971191,10.029999732971191,200
2019-01-30,10.029999732971191,10.029999732971191,10.029999732971191,10.029999732971191,10.029999732971191,0
2019-01-31,10.039999961853027,10.039999961853027,10.039999961853027,10.020000457763672,10.020000457763672,200
2019-02-01,10.039999961853027,10.039999961853027,10.039999961853027,10.039999961853027,10.039999961853027,100
2019-02-04,10.039999961853027,10.039999961853027,10.039999961853027,10.039999961853027,10.039999961853027,0
2019-02-05,10.039999961853027,10.039999961853027,10.039999961853027,10.039999961853027,10.039999961853027,0
2019-02-06,10.039999961853027,10.039999961853027,10.039999961853027,10.010000228881836,10.010000228881836,2900
2019-02-07,10.039999961853027,10.039999961853027,10.039999961853027,10.039999961853027,10.039999961853027,0
2019-02-08,10.039999961853027,10.039999961853027,10.039999961853027,10.039999961853027,10.039999961853027,0
2019-02-11,10.039999961853027,10.039999961853027,10.039999961853027,10.039999961853027,10.039999961853027,0
2019-02-12,10.039999961853027,10.039999961853027,10.039999961853027,10.039999961853027,10.039999961853027,100
2019-02-13,10.039999961853027,10.039999961853027,10.039999961853027,10.039999961853027,10.039999961853027,0
2019-02-14,10.039999961853027,10.039999961853027,10.039999961853027,10.039999961853027,10.039999961853027,0
2019-02-15,10.039999961853027,10.039999961853027,10.039999961853027,10.039999961853027,10.039999961853027,0
2019-02-19,10.039999961853027,10.039999961853027,10.039999961853027,10.039999961853027,10.039999961853027,0
2019-02-20,10.039999961853027,10.039999961853027,10.039999961853027,9.960000038146973,10.0,12000
2019-02-21,10.039999961853027,10.039999961853027,10.039999961853027,10.039999961853027,10.039999961853027,0
2019-02-22,10.050000190734863,10.050000190734863,10.050000190734863,10.050000190734863,10.050000190734863,1000
2019-02-25,10.050000190734863,10.050000190734863,10.050000190734863,10.050000190734863,10.050000190734863,0
2019-02-26,10.050000190734863,10.050000190734863,10.050000190734863,10.050000190734863,10.050000190734863,0
2019-02-27,10.050000190734863,10.050000190734863,10.050000190734863,10.050000190734863,10.050000190734863,0
2019-02-28,10.050000190734863,10.050000190734863,10.050000190734863,10.050000190734863,10.050000190734863,0
2019-03-01,10.050000190734863,10.050000190734863,10.050000190734863,10.050000190734863,10.050000190734863,0
2019-03-04,10.050000190734863,10.050000190734863,10.050000190734863,10.050000190734863,10.050000190734863,0
2019-03-05,10.050000190734863,10.050000190734863,10.050000190734863,10.050000190734863,10.050000190734863,1000
2019-03-06,10.050000190734863,10.050000190734863,10.050000190734863,10.050000190734863,10.050000190734863,0
2019-03-07,10.050000190734863,10.050000190734863,10.050000190734863,10.050000190734863,10.050000190734863,400
2019-03-08,10.050000190734863,10.050000190734863,10.050000190734863,10.050000190734863,10.050000190734863,0
2019-03-11,10.050000190734863,10.050000190734863,10.050000190734863,10.050000190734863,10.050000190734863,0
2019-03-12,10.050000190734863,10.050000190734863,10.050000190734863,10.050000190734863,10.050000190734863,0
2019-03-13,10.050000190734863,10.050000190734863,10.050000190734863,10.050000190734863,10.050000190734863,0
2019-03-14,10.050000190734863,10.050000190734863,10.050000190734863,10.050000190734863,10.050000190734863,0
2019-03-15,10.050000190734863,10.050000190734863,10.050000190734863,10.050000190734863,10.050000190734863,0
2019-03-18,10.069999694824219,10.069999694824219,10.069999694824219,10.029999732971191,10.029999732971191,91700
2019-03-19,10.050000190734863,10.050000190734863,10.050000190734863,10.027000427246094,10.039999961853027,8500
2019-03-20,10.069999694824219,10.069999694824219,10.069999694824219,10.069999694824219,10.069999694824219,6000
2019-03-21,10.0600004196167,10.0600004196167,10.0600004196167,10.050000190734863,10.050000190734863,4600
2019-03-22,10.079999923706055,10.079999923706055,10.079999923706055,10.079999923706055,10.079999923706055,5000
2019-03-25,10.09000015258789,10.09000015258789,10.100000381469727,10.039999961853027,10.050000190734863,18700
2019-03-26,10.100000381469727,10.100000381469727,10.100000381469727,10.100000381469727,10.100000381469727,3700
2019-03-27,10.100000381469727,10.100000381469727,10.100000381469727,10.100000381469727,10.100000381469727,0
2019-03-28,10.100000381469727,10.100000381469727,10.100000381469727,10.100000381469727,10.100000381469727,0
2019-03-29,10.069999694824219,10.069999694824219,10.079999923706055,10.069999694824219,10.069999694824219,62800
2019-04-01,10.039999961853027,10.039999961853027,10.039999961853027,10.038999557495117,10.038999557495117,1000
2019-04-02,10.0,10.0,10.100000381469727,10.0,10.100000381469727,2800
2019-04-03,10.0,10.0,10.0,10.0,10.0,0
2019-04-04,10.050000190734863,10.050000190734863,10.050000190734863,10.050000190734863,10.050000190734863,800
2019-04-05,10.109999656677246,10.109999656677246,10.149999618530273,10.079999923706055,10.100000381469727,19000
2019-04-08,10.109999656677246,10.109999656677246,10.109999656677246,10.100000381469727,10.100000381469727,14000
2019-04-09,10.109999656677246,10.109999656677246,10.109999656677246,10.109999656677246,10.109999656677246,0
2019-04-10,10.09000015258789,10.09000015258789,10.119999885559082,10.09000015258789,10.119999885559082,600
2019-04-11,10.09000015258789,10.09000015258789,10.09000015258789,10.09000015258789,10.09000015258789,1000
2019-04-12,10.09000015258789,10.09000015258789,10.09000015258789,10.09000015258789,10.09000015258789,1000
2019-04-15,10.109999656677246,10.109999656677246,10.109999656677246,10.109999656677246,10.109999656677246,1000
2019-04-16,10.100000381469727,10.100000381469727,10.109999656677246,10.100000381469727,10.109999656677246,2700
2019-04-17,10.100000381469727,10.100000381469727,10.100000381469727,10.100000381469727,10.100000381469727,0
2019-04-18,10.109999656677246,10.109999656677246,10.109999656677246,10.100000381469727,10.100000381469727,19900
2019-04-22,10.121000289916992,10.121000289916992,10.121000289916992,10.121000289916992,10.121000289916992,1000
2019-04-23,10.121000289916992,10.121000289916992,10.121000289916992,10.121000289916992,10.121000289916992,100
2019-04-24,10.100000381469727,10.100000381469727,10.149999618530273,10.100000381469727,10.149999618530273,1800
2019-04-25,10.100000381469727,10.100000381469727,10.100000381469727,10.100000381469727,10.100000381469727,0
2019-04-26,10.111000061035156,10.111000061035156,10.142999649047852,10.111000061035156,10.142999649047852,1000
2019-04-29,10.229999542236328,10.229999542236328,10.229999542236328,10.140000343322754,10.140000343322754,4000
2019-04-30,10.229999542236328,10.229999542236328,10.229999542236328,10.229999542236328,10.229999542236328,0
2019-05-01,10.229999542236328,10.229999542236328,10.229999542236328,10.229999542236328,10.229999542236328,0
2019-05-02,10.229999542236328,10.229999542236328,10.229999542236328,10.229999542236328,10.229999542236328,0
2019-05-03,10.140000343322754,10.140000343322754,10.140000343322754,10.135000228881836,10.135000228881836,1100
2019-05-06,10.140000343322754,10.140000343322754,10.140000343322754,10.140000343322754,10.140000343322754,0
2019-05-07,10.140000343322754,10.140000343322754,10.140000343322754,10.140000343322754,10.140000343322754,0
2019-05-08,10.140000343322754,10.140000343322754,10.140000343322754,10.140000343322754,10.140000343322754,0
2019-05-09,10.140000343322754,10.140000343322754,10.140000343322754,10.140000343322754,10.140000343322754,0
2019-05-10,10.140000343322754,10.140000343322754,10.140000343322754,10.140000343322754,10.140000343322754,0
2019-05-13,10.140000343322754,10.140000343322754,10.140000343322754,10.140000343322754,10.140000343322754,0
2019-05-14,10.130000114440918,10.130000114440918,10.130000114440918,10.130000114440918,10.130000114440918,1000
2019-05-15,10.130000114440918,10.130000114440918,10.130000114440918,10.130000114440918,10.130000114440918,0
2019-05-16,10.130000114440918,10.130000114440918,10.130000114440918,10.130000114440918,10.130000114440918,0
2019-05-17,10.1899995803833,10.1899995803833,10.1899995803833,10.1899995803833,10.1899995803833,400
2019-05-20,10.1899995803833,10.1899995803833,10.1899995803833,10.1899995803833,10.1899995803833,100
2019-05-21,10.15999984741211,10.15999984741211,10.15999984741211,10.15999984741211,10.15999984741211,200
2019-05-22,10.152999877929688,10.152999877929688,10.152999877929688,10.149999618530273,10.149999618530273,400
2019-05-23,10.149999618530273,10.149999618530273,10.149999618530273,10.140000343322754,10.140000343322754,3100
2019-05-24,10.149999618530273,10.149999618530273,10.149999618530273,10.149999618530273,10.149999618530273,0
2019-05-28,10.149999618530273,10.149999618530273,10.149999618530273,10.149999618530273,10.149999618530273,0
2019-05-29,10.149999618530273,10.149999618530273,10.170000076293945,10.149999618530273,10.170000076293945,600
2019-05-30,10.149999618530273,10.149999618530273,10.149999618530273,10.149999618530273,10.149999618530273,0
2019-05-31,10.149999618530273,10.149999618530273,10.149999618530273,10.149999618530273,10.149999618530273,0
2019-06-03,10.149999618530273,10.149999618530273,10.149999618530273,10.149999618530273,10.149999618530273,0
2019-06-04,10.149999618530273,10.149999618530273,10.149999618530273,10.149999618530273,10.149999618530273,0
2019-06-05,10.149999618530273,10.149999618530273,10.149999618530273,10.149999618530273,10.149999618530273,0
2019-06-06,10.149999618530273,10.149999618530273,10.149999618530273,10.149999618530273,10.149999618530273,100
2019-06-07,10.180000305175781,10.180000305175781,10.25,10.180000305175781,10.25,11300
2019-06-10,10.180000305175781,10.180000305175781,10.180000305175781,10.180000305175781,10.180000305175781,6400
2019-06-11,10.199999809265137,10.199999809265137,10.199999809265137,10.199999809265137,10.199999809265137,1800
2019-06-12,10.199999809265137,10.199999809265137,10.199999809265137,10.199999809265137,10.199999809265137,0
2019-06-13,10.199999809265137,10.199999809265137,10.199999809265137,10.199999809265137,10.199999809265137,0
2019-06-14,10.199999809265137,10.199999809265137,10.199999809265137,10.199999809265137,10.199999809265137,0
2019-06-17,10.199999809265137,10.199999809265137,10.199999809265137,10.199999809265137,10.199999809265137,0
2019-06-18,10.182999610900879,10.182999610900879,10.182999610900879,10.149999618530273,10.149999618530273,3900
2019-06-19,10.182999610900879,10.182999610900879,10.182999610900879,10.182999610900879,10.182999610900879,0
2019-06-20,10.182999610900879,10.182999610900879,10.182999610900879,10.182999610900879,10.182999610900879,0
2019-06-21,10.182999610900879,10.182999610900879,10.182999610900879,10.182999610900879,10.182999610900879,0
2019-06-24,10.182999610900879,10.182999610900879,10.182999610900879,10.182999610900879,10.182999610900879,0
2019-06-25,10.182999610900879,10.182999610900879,10.182999610900879,10.182999610900879,10.182999610900879,0
2019-06-26,10.15999984741211,10.15999984741211,10.15999984741211,10.15999984741211,10.15999984741211,200
2019-06-27,10.15999984741211,10.15999984741211,10.15999984741211,10.15999984741211,10.15999984741211,0
2019-06-28,10.15999984741211,10.15999984741211,10.15999984741211,10.15999984741211,10.15999984741211,0
2019-07-01,10.15999984741211,10.15999984741211,10.15999984741211,10.15999984741211,10.15999984741211,0
2019-07-02,10.15999984741211,10.15999984741211,10.170000076293945,10.15999984741211,10.170000076293945,200
2019-07-03,10.1899995803833,10.1899995803833,10.1899995803833,10.180000305175781,10.180000305175781,1400
2019-07-05,10.1899995803833,10.1899995803833,10.1899995803833,10.1899995803833,10.1899995803833,0
2019-07-08,10.1899995803833,10.1899995803833,10.1899995803833,10.1899995803833,10.1899995803833,0
2019-07-09,10.1899995803833,10.1899995803833,10.1899995803833,10.1899995803833,10.1899995803833,0
2019-07-10,10.199999809265137,10.199999809265137,10.199999809265137,10.170000076293945,10.170000076293945,7300
2019-07-11,10.170000076293945,10.170000076293945,10.170000076293945,10.170000076293945,10.170000076293945,200
2019-07-12,10.170000076293945,10.170000076293945,10.170000076293945,10.170000076293945,10.170000076293945,0
2019-07-15,10.239999771118164,10.239999771118164,10.25,10.220000267028809,10.25,209400
2019-07-16,10.239999771118164,10.239999771118164,10.25,10.199999809265137,10.199999809265137,362900
2019-07-17,10.201000213623047,10.201000213623047,10.25,10.199999809265137,10.199999809265137,6700
2019-07-18,10.25,10.25,10.25,10.199999809265137,10.199999809265137,1200
2019-07-19,10.218000411987305,10.218000411987305,10.25,10.218000411987305,10.239999771118164,1000
2019-07-22,10.218000411987305,10.218000411987305,10.218000411987305,10.218000411987305,10.218000411987305,0
2019-07-23,10.218000411987305,10.218000411987305,10.218000411987305,10.218000411987305,10.218000411987305,0
2019-07-24,10.199999809265137,10.199999809265137,10.199999809265137,10.199999809265137,10.199999809265137,26000
2019-07-25,10.229999542236328,10.229999542236328,10.229999542236328,10.199999809265137,10.199999809265137,11600
2019-07-26,10.229999542236328,10.229999542236328,10.229999542236328,10.229999542236328,10.229999542236328,16000
2019-07-29,10.229999542236328,10.229999542236328,10.229999542236328,10.229999542236328,10.229999542236328,16000
2019-07-30,10.229999542236328,10.229999542236328,10.229999542236328,10.229999542236328,10.229999542236328,16000
2019-07-31,10.211999893188477,10.211999893188477,10.25,10.199999809265137,10.25,14600
2019-08-01,10.229999542236328,10.229999542236328,10.229999542236328,10.229999542236328,10.229999542236328,100
2019-08-02,10.199999809265137,10.199999809265137,10.229999542236328,10.199999809265137,10.229999542236328,30300
2019-08-05,10.260000228881836,10.260000228881836,10.260000228881836,10.229999542236328,10.229999542236328,7700
2019-08-06,10.25,10.25,10.25,10.239999771118164,10.239999771118164,41700
2019-08-07,10.239999771118164,10.239999771118164,10.270000457763672,10.239999771118164,10.270000457763672,20200
2019-08-08,10.248000144958496,10.248000144958496,10.248000144958496,10.248000144958496,10.248000144958496,3000
2019-08-09,10.248000144958496,10.248000144958496,10.248000144958496,10.248000144958496,10.248000144958496,3000
2019-08-12,10.248000144958496,10.248000144958496,10.248000144958496,10.248000144958496,10.248000144958496,1000
2019-08-13,10.270000457763672,10.270000457763672,10.270000457763672,10.270000457763672,10.270000457763672,10000
2019-08-14,10.270000457763672,10.270000457763672,10.270000457763672,10.260000228881836,10.260000228881836,447900
2019-08-15,10.279999732971191,10.279999732971191,10.279999732971191,10.279999732971191,10.279999732971191,300
2019-08-16,10.279999732971191,10.279999732971191,10.279999732971191,10.279999732971191,10.279999732971191,0
2019-08-19,10.279999732971191,10.279999732971191,10.279999732971191,10.279999732971191,10.279999732971191,100
2019-08-20,10.279999732971191,10.279999732971191,10.279999732971191,10.279999732971191,10.279999732971191,0
2019-08-21,10.300000190734863,10.300000190734863,10.300000190734863,10.300000190734863,10.300000190734863,200
2019-08-22,10.300000190734863,10.300000190734863,10.300000190734863,10.300000190734863,10.300000190734863,100
2019-08-23,10.300000190734863,10.300000190734863,10.300000190734863,10.300000190734863,10.300000190734863,0
2019-08-26,10.286999702453613,10.286999702453613,10.286999702453613,10.286999702453613,10.286999702453613,300
2019-08-27,10.300000190734863,10.300000190734863,10.300000190734863,10.300000190734863,10.300000190734863,800
2019-08-28,10.300000190734863,10.300000190734863,10.300000190734863,10.300000190734863,10.300000190734863,500
2019-08-29,10.300000190734863,10.300000190734863,10.300000190734863,10.300000190734863,10.300000190734863,0
2019-08-30,10.300000190734863,10.300000190734863,10.300000190734863,10.300000190734863,10.300000190734863,300
2019-09-03,10.300000190734863,10.300000190734863,10.303000450134277,10.300000190734863,10.303000450134277,800
2019-09-04,10.300000190734863,10.300000190734863,10.300000190734863,10.300000190734863,10.300000190734863,0
2019-09-05,10.300000190734863,10.300000190734863,10.300000190734863,10.300000190734863,10.300000190734863,300
2019-09-06,10.300000190734863,10.300000190734863,10.300000190734863,10.300000190734863,10.300000190734863,0
2019-09-09,10.373000144958496,10.373000144958496,10.373000144958496,10.319999694824219,10.319999694824219,500
2019-09-10,10.279999732971191,10.279999732971191,10.350000381469727,10.279999732971191,10.300000190734863,5700
2019-09-11,10.279999732971191,10.279999732971191,10.279999732971191,10.279999732971191,10.279999732971191,100
2019-09-12,10.279999732971191,10.279999732971191,10.329999923706055,10.279999732971191,10.329999923706055,35600
2019-09-13,10.312000274658203,10.312000274658203,10.312000274658203,10.312000274658203,10.312000274658203,1000
2019-09-16,10.291999816894531,10.291999816894531,10.338000297546387,10.291999816894531,10.300000190734863,242400
2019-09-17,10.329999923706055,10.329999923706055,10.329999923706055,10.300000190734863,10.300000190734863,3000
2019-09-18,10.300000190734863,10.300000190734863,10.350000381469727,10.29800033569336,10.350000381469727,6200
2019-09-19,10.37399959564209,10.37399959564209,10.399999618530273,10.3100004196167,10.369999885559082,27300
2019-09-20,10.37600040435791,10.37600040435791,10.4399995803833,10.020000457763672,10.4399995803833,141200
2019-09-23,10.369999885559082,10.369999885559082,10.4399995803833,10.354999542236328,10.4399995803833,28200
2019-09-24,10.369999885559082,10.369999885559082,10.369999885559082,10.350000381469727,10.359999656677246,23600
2019-09-25,10.369999885559082,10.369999885559082,10.369999885559082,10.350000381469727,10.369999885559082,5300
2019-09-26,10.350000381469727,10.350000381469727,10.369999885559082,10.350000381469727,10.369999885559082,18700
2019-09-27,10.345000267028809,10.345000267028809,10.359999656677246,10.345000267028809,10.350000381469727,16500
2019-09-30,10.352999687194824,10.352999687194824,10.359999656677246,10.300000190734863,10.300000190734863,12700
2019-10-01,10.34000015258789,10.34000015258789,10.350000381469727,10.329999923706055,10.329999923706055,10500
2019-10-02,10.34000015258789,10.34000015258789,10.350000381469727,10.329999923706055,10.329999923706055,11400
2019-10-03,10.350000381469727,10.350000381469727,10.350000381469727,10.336999893188477,10.34000015258789,10900
2019-10-04,10.350000381469727,10.350000381469727,10.350000381469727,10.34000015258789,10.350000381469727,5200
2019-10-07,10.343999862670898,10.343999862670898,10.350000381469727,10.329999923706055,10.350000381469727,38500
2019-10-08,10.329999923706055,10.329999923706055,10.350000381469727,10.329999923706055,10.350000381469727,21900
2019-10-09,10.359999656677246,10.359999656677246,10.359999656677246,10.34000015258789,10.34000015258789,29000
2019-10-10,10.338000297546387,10.338000297546387,10.350000381469727,10.300000190734863,10.350000381469727,52600
2019-10-11,10.1899995803833,10.1899995803833,10.350000381469727,10.130000114440918,10.350000381469727,81700
2019-10-14,9.210000038146973,9.210000038146973,10.223999977111816,8.300000190734863,10.1899995803833,76100
2019-10-15,8.699999809265137,8.699999809265137,9.229999542236328,8.600000381469727,9.22700023651123,42800
2019-10-16,7.53000020980835,7.53000020980835,8.460000038146973,7.519999980926514,8.399999618530273,45100
2019-10-17,6.980000019073486,6.980000019073486,7.860000133514404,6.861999988555908,7.449999809265137,89700
2019-10-18,10.329999923706055,10.329999923706055,10.579999923706055,10.199999809265137,10.279999732971191,291900
2019-10-21,10.350000381469727,10.350000381469727,10.390000343322754,10.25,10.25,334000
2019-10-22,8.15999984741211,8.15999984741211,9.5,8.029999732971191,9.5,136400
2019-10-23,8.199999809265137,8.199999809265137,8.479999542236328,7.699999809265137,8.0,115800
2019-10-24,9.0,9.0,9.0,7.599999904632568,8.010000228881836,129900
2019-10-25,7.510000228881836,7.510000228881836,8.300000190734863,7.0,8.300000190734863,105800
2019-10-28,7.019999980926514,7.019999980926514,7.550000190734863,6.960000038146973,7.550000190734863,69800
2019-10-29,6.920000076293945,6.920000076293945,7.010000228881836,6.664999961853027,7.010000228881836,17000
2019-10-30,6.849999904632568,6.849999904632568,7.349999904632568,6.690000057220459,7.010000228881836,65400
2019-10-31,7.03000020980835,7.03000020980835,7.340000152587891,6.705999851226807,6.724999904632568,34900
2019-11-01,7.110000133514404,7.110000133514404,7.348999977111816,7.103000164031982,7.119999885559082,17300
2019-11-04,7.159999847412109,7.159999847412109,7.230000019073486,7.119999885559082,7.199999809265137,7000
2019-11-05,7.21999979019165,7.21999979019165,7.269999980926514,7.119999885559082,7.119999885559082,3900
2019-11-06,7.28000020980835,7.28000020980835,7.28000020980835,7.150000095367432,7.159999847412109,13300
2019-11-07,7.269999980926514,7.269999980926514,7.5329999923706055,7.159999847412109,7.190000057220459,21600
2019-11-08,7.190000057220459,7.190000057220459,7.25,7.170000076293945,7.25,11700
2019-11-11,6.989999771118164,6.989999771118164,7.065000057220459,6.966000080108643,6.966000080108643,5500
2019-11-12,6.889999866485596,6.889999866485596,7.300000190734863,6.829999923706055,6.980000019073486,8900
2019-11-13,7.190000057220459,7.190000057220459,7.190000057220459,6.980000019073486,7.019999980926514,8900
2019-11-14,6.960000038146973,6.960000038146973,7.070000171661377,6.949999809265137,6.960000038146973,11100
2019-11-15,7.039999961853027,7.039999961853027,7.150000095367432,7.039999961853027,7.059999942779541,7400
2019-11-18,7.050000190734863,7.050000190734863,7.110000133514404,7.010000228881836,7.110000133514404,5300
2019-11-19,7.090000152587891,7.090000152587891,7.15500020980835,7.079999923706055,7.099999904632568,15700
2019-11-20,7.079999923706055,7.079999923706055,7.135000228881836,7.079999923706055,7.083000183105469,12900
2019-11-21,7.110000133514404,7.110000133514404,7.21999979019165,7.079999923706055,7.21999979019165,5200
2019-11-22,7.03000020980835,7.03000020980835,7.0920000076293945,7.0,7.0920000076293945,4400
2019-11-25,7.045000076293945,7.045000076293945,7.0879998207092285,7.045000076293945,7.0879998207092285,1100
2019-11-26,6.690000057220459,6.690000057220459,7.010000228881836,6.619999885559082,7.010000228881836,7800
2019-11-27,6.650000095367432,6.650000095367432,7.010000228881836,6.650000095367432,7.010000228881836,7900
2019-11-29,6.909999847412109,6.909999847412109,6.909999847412109,6.800000190734863,6.800000190734863,300
2019-12-02,6.650000095367432,6.650000095367432,6.949999809265137,6.650000095367432,6.949999809265137,1500
2019-12-03,6.570000171661377,6.570000171661377,6.949999809265137,6.570000171661377,6.6529998779296875,800
2019-12-04,6.545000076293945,6.545000076293945,6.824999809265137,6.545000076293945,6.701000213623047,3600
2019-12-05,6.474999904632568,6.474999904632568,6.5879998207092285,6.15500020980835,6.559999942779541,3100
2019-12-06,6.199999809265137,6.199999809265137,6.400000095367432,6.179999828338623,6.400000095367432,7500
2019-12-09,6.389999866485596,6.389999866485596,6.400000095367432,6.389999866485596,6.400000095367432,800
2019-12-10,6.059999942779541,6.059999942779541,6.75,6.059999942779541,6.710000038146973,11100
2019-12-11,5.90500020980835,5.90500020980835,5.90500020980835,5.800000190734863,5.900000095367432,2000
2019-12-12,5.670000076293945,5.670000076293945,5.935999870300293,5.579999923706055,5.579999923706055,7700
2019-12-13,5.5,5.5,5.909999847412109,5.5,5.909999847412109,1300
2019-12-16,5.5,5.5,6.01200008392334,5.199999809265137,6.01200008392334,17300
2019-12-17,5.375999927520752,5.375999927520752,5.53000020980835,5.010000228881836,5.53000020980835,5100
2019-12-18,5.099999904632568,5.099999904632568,5.349999904632568,4.732999801635742,4.732999801635742,19200
2019-12-19,4.974999904632568,4.974999904632568,5.081999778747559,4.949999809265137,5.019999980926514,8900
2019-12-20,5.150000095367432,5.150000095367432,5.150000095367432,4.849999904632568,4.9720001220703125,4300
2019-12-23,5.048999786376953,5.048999786376953,5.420000076293945,4.988999843597412,5.349999904632568,2200
2019-12-24,4.8520002365112305,4.8520002365112305,4.8520002365112305,4.849999904632568,4.849999904632568,400
2019-12-26,4.875,4.875,4.889999866485596,4.869999885559082,4.889999866485596,1600
2019-12-27,5.230000019073486,5.230000019073486,5.230000019073486,4.849999904632568,4.849999904632568,4300
2019-12-30,5.099999904632568,5.099999904632568,5.247000217437744,4.900000095367432,4.929999828338623,4600
2019-12-31,5.0,5.0,5.068999767303467,5.0,5.0,5900
2020-01-02,5.010000228881836,5.010000228881836,5.010000228881836,5.0,5.0,15300
2020-01-03,4.869999885559082,4.869999885559082,4.980000019073486,4.853000164031982,4.980000019073486,1200
2020-01-06,4.800000190734863,4.800000190734863,4.820000171661377,4.800000190734863,4.820000171661377,800
2020-01-07,4.5920000076293945,4.5920000076293945,4.630000114440918,4.46999979019165,4.510000228881836,3400
2020-01-08,4.302000045776367,4.302000045776367,4.5229997634887695,4.302000045776367,4.461999893188477,3200
2020-01-09,4.440000057220459,4.440000057220459,4.440000057220459,4.281000137329102,4.281000137329102,1800
2020-01-10,4.440000057220459,4.440000057220459,4.440000057220459,4.440000057220459,4.440000057220459,0
2020-01-13,4.9039998054504395,4.9039998054504395,4.9039998054504395,4.5,4.5,2500
2020-01-14,4.570000171661377,4.570000171661377,4.894000053405762,4.559999942779541,4.659999847412109,1800
2020-01-15,4.53000020980835,4.53000020980835,4.559999942779541,4.53000020980835,4.559999942779541,1100
2020-01-16,4.53000020980835,4.53000020980835,4.53000020980835,4.53000020980835,4.53000020980835,0
2020-01-17,4.349999904632568,4.349999904632568,4.650000095367432,4.349999904632568,4.519999980926514,800
2020-01-21,4.315999984741211,4.315999984741211,4.315999984741211,4.315999984741211,4.315999984741211,400
2020-01-22,4.099999904632568,4.099999904632568,4.349999904632568,4.099999904632568,4.349999904632568,2200
2020-01-23,4.230000019073486,4.230000019073486,4.460000038146973,4.230000019073486,4.460000038146973,400
2020-01-24,4.0,4.0,4.190000057220459,4.0,4.190000057220459,600
2020-01-27,4.099999904632568,4.099999904632568,4.185999870300293,3.9119999408721924,3.9119999408721924,1900
2020-01-28,4.361999988555908,4.361999988555908,4.390999794006348,4.361999988555908,4.390999794006348,800
2020-01-29,4.059000015258789,4.059000015258789,4.059000015258789,4.059000015258789,4.059000015258789,300
2020-01-30,4.251999855041504,4.251999855041504,4.251999855041504,4.251999855041504,4.251999855041504,100
2020-01-31,3.990000009536743,3.990000009536743,4.0,3.990000009536743,4.0,400
2020-02-03,4.053999900817871,4.053999900817871,4.053999900817871,4.0,4.021999835968018,500
2020-02-04,3.809999942779541,3.809999942779541,3.9800000190734863,3.799999952316284,3.8499999046325684,4500
2020-02-05,3.859999895095825,3.859999895095825,3.859999895095825,3.859999895095825,3.859999895095825,400
2020-02-06,3.75,3.75,3.75,3.75,3.75,700
2020-02-07,3.500999927520752,3.500999927520752,3.7300000190734863,3.500999927520752,3.7300000190734863,500
2020-02-10,3.509999990463257,3.509999990463257,3.5910000801086426,3.5,3.5910000801086426,3500
2020-02-11,3.25,3.25,3.5,3.25,3.5,900
2020-02-12,3.25,3.25,3.25,3.25,3.25,0
2020-02-13,2.5,2.5,2.7899999618530273,2.430000066757202,2.7899999618530273,5000
2020-02-14,3.0450000762939453,3.0450000762939453,3.490000009536743,2.5999999046325684,2.619999885559082,25400
2020-02-18,3.200000047683716,3.200000047683716,4.389999866485596,3.0,3.990000009536743,15400
2020-02-19,3.0,3.0,3.5439999103546143,3.0,3.2780001163482666,14200
2020-02-20,2.8399999141693115,2.8399999141693115,3.049999952316284,2.5199999809265137,3.0,22000
2020-02-21,2.7809998989105225,2.7809998989105225,3.2360000610351562,2.75,2.8570001125335693,6100
2020-02-24,2.859999895095825,2.859999895095825,2.867000102996826,2.7360000610351562,2.7360000610351562,5200
2020-02-25,2.8499999046325684,2.8499999046325684,2.9000000953674316,2.8499999046325684,2.9000000953674316,2200
2020-02-26,2.9839999675750732,2.9839999675750732,3.1600000858306885,2.6500000953674316,2.6500000953674316,18300
2020-02-27,3.065000057220459,3.065000057220459,3.2279999256134033,2.7300000190734863,2.7300000190734863,22200
2020-02-28,3.049999952316284,3.049999952316284,3.190000057220459,3.0269999504089355,3.0269999504089355,8200
2020-03-02,2.7839999198913574,2.7839999198913574,3.0299999713897705,2.5399999618530273,3.0299999713897705,7300
2020-03-03,2.5999999046325684,2.5999999046325684,2.75,2.549999952316284,2.6600000858306885,8900
2020-03-04,2.359999895095825,2.359999895095825,2.630000114440918,2.359999895095825,2.630000114440918,8100
2020-03-05,2.190000057220459,2.190000057220459,2.359999895095825,2.180000066757202,2.359999895095825,1700
2020-03-06,2.194000005722046,2.194000005722046,2.194000005722046,1.850000023841858,2.180000066757202,3700
2020-03-09,1.7999999523162842,1.7999999523162842,2.2200000286102295,1.7999999523162842,2.2200000286102295,13000
2020-03-10,1.5,1.5,1.7999999523162842,1.5,1.7999999523162842,5100
2020-03-11,1.4199999570846558,1.4199999570846558,1.5299999713897705,1.4199999570846558,1.5,8100
2020-03-12,2.5399999618530273,2.5399999618530273,2.625,1.1200000047683716,1.5299999713897705,110900
2020-03-13,1.8910000324249268,1.8910000324249268,2.5899999141693115,1.7999999523162842,2.5399999618530273,30800
2020-03-16,1.753999948501587,1.753999948501587,1.840000033378601,1.75,1.7999999523162842,4700
2020-03-17,1.7510000467300415,1.7510000467300415,1.8600000143051147,1.75,1.8600000143051147,3000
2020-03-18,1.5069999694824219,1.5069999694824219,1.6540000438690186,1.5,1.649999976158142,17700
2020-03-19,1.3899999856948853,1.3899999856948853,1.6330000162124634,1.2400000095367432,1.625,7300
2020-03-20,1.3969999551773071,1.3969999551773071,1.399999976158142,1.3489999771118164,1.3489999771118164,900
2020-03-23,1.899999976158142,1.899999976158142,1.899999976158142,1.4170000553131104,1.7109999656677246,9700
2020-03-24,1.690000057220459,1.690000057220459,1.9500000476837158,1.2999999523162842,1.9500000476837158,11100
2020-03-25,1.5700000524520874,1.5700000524520874,1.8600000143051147,1.3899999856948853,1.8600000143051147,1500
2020-03-26,1.5,1.5,1.7899999618530273,1.350000023841858,1.7100000381469727,7500
2020-03-27,1.7999999523162842,1.7999999523162842,1.7999999523162842,1.524999976158142,1.6649999618530273,5400
2020-03-30,1.5199999809265137,1.5199999809265137,1.9500000476837158,1.5199999809265137,1.9500000476837158,4800
2020-03-31,3.299999952316284,3.299999952316284,3.4200000762939453,1.559999942779541,1.909999966621399,101900
2020-04-01,2.9100000858306885,2.9100000858306885,4.849999904632568,2.630000114440918,3.5899999141693115,194200
2020-04-02,2.640000104904175,2.640000104904175,3.259999990463257,2.5,2.9200000762939453,10700
2020-04-03,2.4000000953674316,2.4000000953674316,2.630000114440918,2.0,2.630000114440918,12800
2020-04-06,2.4119999408721924,2.4119999408721924,2.4119999408721924,2.0299999713897705,2.0299999713897705,5500
2020-04-07,2.1110000610351562,2.1110000610351562,2.4070000648498535,2.0999999046325684,2.130000114440918,4200
2020-04-08,2.1700000762939453,2.1700000762939453,2.4089999198913574,2.140000104904175,2.140000104904175,3100
2020-04-09,2.2750000953674316,2.2750000953674316,2.4000000953674316,2.1500000953674316,2.4000000953674316,1500
2020-04-13,2.306999921798706,2.306999921798706,2.4200000762939453,2.299999952316284,2.4200000762939453,2100
2020-04-14,2.049999952316284,2.049999952316284,2.628999948501587,1.8899999856948853,2.109999895095825,46100
2020-04-15,2.2300000190734863,2.2300000190734863,2.390000104904175,2.184999942779541,2.390000104904175,4900
2020-04-16,2.190000057220459,2.190000057220459,2.3299999237060547,2.132999897003174,2.3299999237060547,3900
2020-04-17,2.0989999771118164,2.0989999771118164,2.2920000553131104,2.0199999809265137,2.1670000553131104,3400
2020-04-20,2.059999942779541,2.059999942779541,2.4200000762939453,2.059999942779541,2.4200000762939453,2800
2020-04-21,2.0880000591278076,2.0880000591278076,2.549999952316284,2.0199999809265137,2.549999952316284,4000
2020-04-22,2.119999885559082,2.119999885559082,2.319999933242798,2.119999885559082,2.319999933242798,1900
2020-04-23,2.119999885559082,2.119999885559082,2.190000057220459,2.119999885559082,2.190000057220459,1300
2020-04-24,2.049999952316284,2.049999952316284,2.059999942779541,2.049999952316284,2.059999942779541,700
2020-04-27,2.0,2.0,2.190000057220459,2.0,2.0199999809265137,7100
2020-04-28,1.9850000143051147,1.9850000143051147,2.049999952316284,1.9780000448226929,2.049999952316284,3700
2020-04-29,2.197999954223633,2.197999954223633,2.2739999294281006,2.013000011444092,2.0199999809265137,33400
2020-04-30,1.9800000190734863,1.9800000190734863,2.299999952316284,1.8899999856948853,2.299999952316284,6600
2020-05-01,2.1500000953674316,2.1500000953674316,2.1500000953674316,1.809999942779541,1.809999942779541,1200
2020-05-04,2.0769999027252197,2.0769999027252197,2.1640000343322754,2.0769999027252197,2.1640000343322754,2000
2020-05-05,2.009999990463257,2.009999990463257,2.2699999809265137,2.0,2.240000009536743,7500
2020-05-06,1.8799999952316284,1.8799999952316284,2.0,1.809999942779541,2.0,6900
2020-05-07,1.7899999618530273,1.7899999618530273,1.906000018119812,1.6950000524520874,1.906000018119812,4500
2020-05-08,1.7300000190734863,1.7300000190734863,1.7899999618530273,1.6399999856948853,1.7899999618530273,8200
2020-05-11,1.7300000190734863,1.7300000190734863,1.7799999713897705,1.6950000524520874,1.7799999713897705,3100
2020-05-12,1.7300000190734863,1.7300000190734863,1.7430000305175781,1.7200000286102295,1.7200000286102295,4500
2020-05-13,1.7000000476837158,1.7000000476837158,1.7400000095367432,1.7000000476837158,1.7400000095367432,2000
2020-05-14,1.8600000143051147,1.8600000143051147,1.9900000095367432,1.7000000476837158,1.7000000476837158,8700
2020-05-15,1.940000057220459,1.940000057220459,2.0299999713897705,1.8899999856948853,2.0299999713897705,3400
2020-05-18,1.8489999771118164,1.8489999771118164,1.9500000476837158,1.8309999704360962,1.9500000476837158,2700
2020-05-19,2.0399999618530273,2.0399999618530273,2.0399999618530273,1.9700000286102295,2.0299999713897705,2100
2020-05-20,2.0,2.0,2.140000104904175,1.9700000286102295,2.140000104904175,8900
2020-05-21,2.0799999237060547,2.0799999237060547,2.0999999046325684,2.003999948501587,2.0999999046325684,1500
2020-05-22,2.140000104904175,2.140000104904175,2.140000104904175,2.0,2.009999990463257,11100
2020-05-26,2.065000057220459,2.065000057220459,2.0999999046325684,2.0179998874664307,2.069999933242798,4800
2020-05-27,2.015000104904175,2.015000104904175,2.0999999046325684,1.930999994277954,2.0999999046325684,10800
2020-05-28,2.0950000286102295,2.0950000286102295,2.130000114440918,1.9500000476837158,2.130000114440918,4700
2020-05-29,2.0999999046325684,2.0999999046325684,2.1700000762939453,1.9620000123977661,2.1700000762939453,3500
2020-06-01,1.9500000476837158,1.9500000476837158,2.0899999141693115,1.9299999475479126,2.0899999141693115,4300
2020-06-02,1.9299999475479126,1.9299999475479126,2.259999990463257,1.9299999475479126,2.0199999809265137,7200
2020-06-03,1.9199999570846558,1.9199999570846558,2.0290000438690186,1.9199999570846558,1.9989999532699585,1900
2020-06-04,1.9700000286102295,1.9700000286102295,2.009999990463257,1.9500000476837158,2.009999990463257,2500
2020-06-05,2.2699999809265137,2.2699999809265137,2.430000066757202,1.9950000047683716,2.059999942779541,32500
2020-06-08,2.880000114440918,2.880000114440918,2.944999933242798,2.359999895095825,2.359999895095825,34400
2020-06-09,2.75,2.75,3.177000045776367,2.23799991607666,3.0199999809265137,15500
2020-06-10,3.0899999141693115,3.0899999141693115,3.190000057220459,2.380000114440918,3.009999990463257,63300
2020-06-11,2.6700000762939453,2.6700000762939453,4.0,2.2300000190734863,3.1500000953674316,240400
2020-06-12,2.4800000190734863,2.4800000190734863,2.615999937057495,2.299999952316284,2.5999999046325684,49800
2020-06-15,2.3489999771118164,2.3489999771118164,2.5799999237060547,2.2100000381469727,2.5799999237060547,22100
2020-06-16,2.5179998874664307,2.5179998874664307,2.7239999771118164,2.4700000286102295,2.4700000286102295,15000
2020-06-17,2.869999885559082,2.869999885559082,3.440000057220459,2.5899999141693115,2.5899999141693115,253900
2020-06-18,2.9800000190734863,2.9800000190734863,3.200000047683716,2.7200000286102295,3.009999990463257,17800
2020-06-19,2.640000104904175,2.640000104904175,3.00600004196167,2.4800000190734863,2.9200000762939453,31900
2020-06-22,2.859999895095825,2.859999895095825,3.490000009536743,2.640000104904175,2.640000104904175,223300
2020-06-23,2.859999895095825,2.859999895095825,3.299999952316284,2.7179999351501465,2.990000009536743,46600
2020-06-24,2.75,2.75,2.990000009536743,2.7100000381469727,2.990000009536743,31300
2020-06-25,2.7699999809265137,2.7699999809265137,3.0799999237060547,2.700000047683716,2.700000047683716,63900
2020-06-26,2.4700000286102295,2.4700000286102295,2.9200000762939453,2.299999952316284,2.9200000762939453,36000
2020-06-29,2.4600000381469727,2.4600000381469727,2.6600000858306885,2.4000000953674316,2.6600000858306885,4900
2020-06-30,2.309999942779541,2.309999942779541,2.509999990463257,2.309999942779541,2.4000000953674316,13400
2020-07-01,2.369999885559082,2.369999885559082,2.5899999141693115,2.259999990463257,2.4200000762939453,27800
2020-07-02,2.309999942779541,2.309999942779541,2.549999952316284,2.259999990463257,2.549999952316284,11200
2020-07-06,2.7839999198913574,2.7839999198913574,3.0,2.319999933242798,2.440000057220459,68000
2020-07-07,2.6700000762939453,2.6700000762939453,2.990000009536743,2.4800000190734863,2.9200000762939453,14100
2020-07-08,2.700000047683716,2.700000047683716,2.8499999046325684,2.5999999046325684,2.680000066757202,34400
2020-07-09,2.759999990463257,2.759999990463257,2.8399999141693115,2.6500000953674316,2.8299999237060547,7000
2020-07-10,3.299999952316284,3.299999952316284,3.490000009536743,2.8299999237060547,2.8499999046325684,161200
2020-07-13,3.7200000286102295,3.7200000286102295,4.5,3.3299999237060547,3.3299999237060547,463100
2020-07-14,3.4000000953674316,3.4000000953674316,3.8399999141693115,3.0199999809265137,3.8399999141693115,89000
2020-07-15,3.4100000858306885,3.4100000858306885,3.700000047683716,3.1500000953674316,3.1500000953674316,61500
2020-07-16,2.9700000286102295,2.9700000286102295,3.700000047683716,2.9000000953674316,3.4000000953674316,41000
2020-07-17,2.9820001125335693,2.9820001125335693,3.109999895095825,2.799999952316284,3.0899999141693115,61700
2020-07-20,2.934999942779541,2.934999942779541,3.190000057220459,2.799999952316284,2.799999952316284,47800
2020-07-21,3.0199999809265137,3.0199999809265137,3.180000066757202,2.799999952316284,2.9600000381469727,56200
2020-07-22,2.859999895095825,2.859999895095825,2.9800000190734863,2.799999952316284,2.9800000190734863,10800
2020-07-23,2.8499999046325684,2.8499999046325684,2.990000009536743,2.799999952316284,2.819999933242798,35900
2020-07-24,2.8499999046325684,2.8499999046325684,2.9700000286102295,2.759999990463257,2.9700000286102295,8100
2020-07-27,2.6500000953674316,2.6500000953674316,2.859999895095825,2.640000104904175,2.859999895095825,15800
2020-07-28,2.8399999141693115,2.8399999141693115,2.8499999046325684,2.640000104904175,2.640000104904175,13300
2020-07-29,2.7799999713897705,2.7799999713897705,2.859999895095825,2.6700000762939453,2.8499999046325684,17200
2020-07-30,2.7300000190734863,2.7300000190734863,2.990000009536743,2.6500000953674316,2.990000009536743,15500
2020-07-31,2.630000114440918,2.630000114440918,2.8299999237060547,2.630000114440918,2.680000066757202,9900
2020-08-03,2.7300000190734863,2.7300000190734863,2.880000114440918,2.7249999046325684,2.809999942779541,17100
2020-08-04,2.7899999618530273,2.7899999618530273,3.3499999046325684,2.75,2.990000009536743,66400
2020-08-05,3.0,3.0,3.0,2.7699999809265137,2.890000104904175,7400
2020-08-06,3.1700000762939453,3.1700000762939453,3.4000000953674316,2.940000057220459,3.0399999618530273,121400
2020-08-07,3.2100000381469727,3.2100000381469727,3.309999942779541,3.069999933242798,3.309999942779541,21300
2020-08-10,3.1579999923706055,3.1579999923706055,3.200000047683716,2.7200000286102295,3.200000047683716,51800
2020-08-11,2.9200000762939453,2.9200000762939453,3.130000114440918,2.9000000953674316,3.0399999618530273,27700
2020-08-12,2.9000000953674316,2.9000000953674316,2.990000009536743,2.9000000953674316,2.990000009536743,14600
2020-08-13,2.990000009536743,2.990000009536743,3.130000114440918,2.9200000762939453,3.0199999809265137,46100
2020-08-14,2.9600000381469727,2.9600000381469727,3.0899999141693115,2.8299999237060547,3.0899999141693115,36600
2020-08-17,2.940000057220459,2.940000057220459,3.0999999046325684,2.9000000953674316,2.950000047683716,33900
2020-08-18,2.994999885559082,2.994999885559082,3.069999933242798,2.9700000286102295,3.069999933242798,9800
2020-08-19,3.140000104904175,3.140000104904175,3.190000057220459,2.9700000286102295,3.069999933242798,65900
2020-08-20,2.9000000953674316,2.9000000953674316,3.069999933242798,2.9000000953674316,3.009999990463257,34000
2020-08-21,2.9010000228881836,2.9010000228881836,2.950000047683716,2.799999952316284,2.8299999237060547,36800
2020-08-24,2.8399999141693115,2.8399999141693115,3.0299999713897705,2.799999952316284,3.0299999713897705,17100
2020-08-25,3.25,3.25,3.3340001106262207,2.859999895095825,2.9200000762939453,118300
2020-08-26,3.234999895095825,3.234999895095825,3.240000009536743,3.0199999809265137,3.240000009536743,12800
2020-08-27,3.069999933242798,3.069999933242798,3.140000104904175,3.0199999809265137,3.0950000286102295,12900
2020-08-28,3.125,3.125,3.1500000953674316,3.0199999809265137,3.1500000953674316,6000
2020-08-31,3.059999942779541,3.059999942779541,3.1600000858306885,3.009999990463257,3.0799999237060547,64800
2020-09-01,3.180000066757202,3.180000066757202,3.180000066757202,3.009999990463257,3.009999990463257,6000
2020-09-02,3.0899999141693115,3.0899999141693115,3.200000047683716,3.009999990463257,3.200000047683716,14200
2020-09-03,3.0,3.0,3.0899999141693115,3.0,3.0899999141693115,18000
2020-09-04,3.049999952316284,3.049999952316284,3.2799999713897705,2.6500000953674316,3.0399999618530273,100700
2020-09-08,3.049999952316284,3.049999952316284,3.200000047683716,2.799999952316284,3.200000047683716,23800
2020-09-09,3.0899999141693115,3.0899999141693115,3.1700000762939453,2.880000114440918,3.130000114440918,42600
2020-09-10,2.7300000190734863,2.7300000190734863,2.9700000286102295,2.700000047683716,2.9100000858306885,24000
2020-09-11,2.7699999809265137,2.7699999809265137,2.9600000381469727,2.700000047683716,2.75,12400
2020-09-14,2.809999942779541,2.809999942779541,2.9600000381469727,2.700000047683716,2.890000104904175,8500
2020-09-15,2.700000047683716,2.700000047683716,2.88100004196167,2.700000047683716,2.8399999141693115,9000
2020-09-16,2.700000047683716,2.700000047683716,2.859999895095825,2.680000066757202,2.690000057220459,14000
2020-09-17,2.809999942779541,2.809999942779541,2.8499999046325684,2.700000047683716,2.8499999046325684,18400
2020-09-18,2.680000066757202,2.680000066757202,2.799999952316284,2.6500000953674316,2.7899999618530273,12200
2020-09-21,2.572999954223633,2.572999954223633,2.7899999618530273,2.5510001182556152,2.7699999809265137,9600
2020-09-22,2.6700000762939453,2.6700000762939453,2.822999954223633,2.5,2.569999933242798,17300
2020-09-23,2.549999952316284,2.549999952316284,2.640000104904175,2.4200000762939453,2.640000104904175,6500
2020-09-24,2.430000066757202,2.430000066757202,2.6600000858306885,2.430000066757202,2.6019999980926514,10100
2020-09-25,2.440000057220459,2.440000057220459,2.75,2.3399999141693115,2.4700000286102295,82900
2020-09-28,2.3450000286102295,2.3450000286102295,2.440000057220459,2.2699999809265137,2.440000057220459,24300
2020-09-29,2.380000114440918,2.380000114440918,2.4000000953674316,2.3499999046325684,2.4000000953674316,7800
2020-09-30,2.4000000953674316,2.4000000953674316,2.509999990463257,2.309999942779541,2.509999990463257,7300
2020-10-01,2.4000000953674316,2.4000000953674316,2.549999952316284,2.312000036239624,2.440000057220459,9200
2020-10-02,2.1500000953674316,2.1500000953674316,2.4000000953674316,2.1500000953674316,2.4000000953674316,17400
2020-10-05,2.2300000190734863,2.2300000190734863,2.265000104904175,2.200000047683716,2.2300000190734863,18000
2020-10-06,2.8299999237060547,2.8299999237060547,2.9600000381469727,2.0999999046325684,2.2799999713897705,238500
2020-10-07,2.690000057220459,2.690000057220459,2.950000047683716,2.5,2.8399999141693115,97600
2020-10-08,2.799999952316284,2.799999952316284,2.859999895095825,2.5,2.680000066757202,94700
2020-10-09,2.7200000286102295,2.7200000286102295,2.930000066757202,2.559999942779541,2.930000066757202,36200
2020-10-12,2.5,2.5,2.7100000381469727,2.4200000762939453,2.7100000381469727,29900
2020-10-13,2.4000000953674316,2.4000000953674316,2.569999933242798,2.390000104904175,2.569999933242798,27100
2020-10-14,2.4100000858306885,2.4100000858306885,2.559999942779541,2.3499999046325684,2.3499999046325684,30400
2020-10-15,2.7100000381469727,2.7100000381469727,2.7100000381469727,2.4549999237060547,2.4600000381469727,28500
2020-10-16,2.5,2.5,2.7100000381469727,2.4600000381469727,2.7100000381469727,39700
2020-10-19,3.5399999618530273,3.5399999618530273,4.050000190734863,2.509999990463257,2.509999990463257,3900900
2020-10-20,2.9600000381469727,2.9600000381469727,3.299999952316284,2.700000047683716,3.119999885559082,1449200
2020-10-21,2.440000057220459,2.440000057220459,2.859999895095825,2.4000000953674316,2.7699999809265137,364100
2020-10-22,2.440000057220459,2.440000057220459,2.609999895095825,2.299999952316284,2.490000009536743,188700
2020-10-23,2.549999952316284,2.549999952316284,2.5969998836517334,2.380000114440918,2.5969998836517334,87300
2020-10-26,2.430000066757202,2.430000066757202,2.5799999237060547,2.359999895095825,2.5799999237060547,63500
2020-10-27,2.259999990463257,2.259999990463257,2.3949999809265137,2.25,2.369999885559082,86600
2020-10-28,2.130000114440918,2.130000114440918,2.299999952316284,2.0799999237060547,2.259999990463257,67300
2020-10-29,2.180000066757202,2.180000066757202,2.25,2.059999942779541,2.119999885559082,29700
2020-10-30,1.809999942779541,1.809999942779541,2.1700000762939453,1.7699999809265137,2.1700000762939453,123900
2020-11-02,1.9500000476837158,1.9500000476837158,2.0199999809265137,1.8799999952316284,1.9700000286102295,48600
2020-11-03,1.9700000286102295,1.9700000286102295,2.059999942779541,1.940000057220459,1.9500000476837158,24900
2020-11-04,2.059999942779541,2.059999942779541,2.0799999237060547,1.909000039100647,2.0399999618530273,28100
2020-11-05,2.069999933242798,2.069999933242798,2.130000114440918,1.9919999837875366,2.059999942779541,32700
2020-11-06,2.0899999141693115,2.0899999141693115,2.180000066757202,1.9700000286102295,2.049999952316284,37700
2020-11-09,2.3399999141693115,2.3399999141693115,2.450000047683716,2.190000057220459,2.190000057220459,90300
2020-11-10,5.159999847412109,5.159999847412109,10.0,3.259999990463257,3.450000047683716,166088700
2020-11-11,4.949999809265137,4.949999809265137,6.579999923706055,3.799999952316284,4.119999885559082,10827400
2020-11-12,5.639999866485596,5.639999866485596,6.650000095367432,4.610000133514404,4.829999923706055,13807800
2020-11-13,6.099999904632568,6.099999904632568,7.559999942779541,5.599999904632568,6.0,11117200
2020-11-16,5.650000095367432,5.650000095367432,6.670000076293945,5.420000076293945,6.070000171661377,2416600
2020-11-17,4.929999828338623,4.929999828338623,5.5,4.800000190734863,5.300000190734863,963500
2020-11-18,4.929999828338623,4.929999828338623,5.300000190734863,4.800000190734863,5.010000228881836,511900
2020-11-19,4.800000190734863,4.800000190734863,4.982999801635742,4.5,4.900000095367432,419800
2020-11-20,4.690000057220459,4.690000057220459,4.820000171661377,4.550000190734863,4.800000190734863,321000
2020-11-23,7.699999809265137,7.699999809265137,7.699999809265137,5.150000095367432,5.5,9017800
2020-11-24,6.329999923706055,6.329999923706055,7.480000019073486,5.809999942779541,7.460000038146973,2270300
2020-11-25,6.230000019073486,6.230000019073486,6.599999904632568,6.0,6.099999904632568,567500
2020-11-27,5.829999923706055,5.829999923706055,6.429999828338623,5.690000057220459,6.28000020980835,453700
2020-11-30,5.71999979019165,5.71999979019165,6.03000020980835,5.5,5.929999828338623,346200
2020-12-01,5.409999847412109,5.409999847412109,5.610000133514404,5.25,5.579999923706055,332700
2020-12-02,5.590000152587891,5.590000152587891,5.679999828338623,5.090000152587891,5.269999980926514,237000
2020-12-03,5.610000133514404,5.610000133514404,5.874000072479248,5.53000020980835,5.724999904632568,222700
2020-12-04,5.550000190734863,5.550000190734863,5.659999847412109,5.260000228881836,5.650000095367432,226200
2020-12-07,8.289999961853027,8.289999961853027,11.399999618530273,7.710000038146973,9.1899995803833,66203200
2020-12-08,8.899999618530273,8.899999618530273,9.210000038146973,7.900000095367432,8.100000381469727,2365000
2020-12-09,8.869999885559082,8.869999885559082,9.449999809265137,8.5,8.725000381469727,848500
2020-12-10,8.550000190734863,8.550000190734863,9.0,8.489999771118164,8.65999984741211,861700
2020-12-11,8.390000343322754,8.390000343322754,8.949999809265137,8.25,8.5,580600
2020-12-14,7.510000228881836,7.510000228881836,8.449999809265137,7.389999866485596,8.239999771118164,375800
2020-12-15,7.820000171661377,7.820000171661377,8.005999565124512,7.513999938964844,7.519999980926514,179100
2020-12-16,8.119999885559082,8.119999885559082,8.1899995803833,7.539999961853027,7.849999904632568,216700
2020-12-17,8.699999809265137,8.699999809265137,8.850000381469727,8.130000114440918,8.210000038146973,712000
2020-12-18,9.09000015258789,9.09000015258789,9.350000381469727,8.609999656677246,8.75,593100
2020-12-21,8.789999961853027,8.789999961853027,9.760000228881836,8.699999809265137,9.729999542236328,511900
2020-12-22,7.989999771118164,7.989999771118164,8.770000457763672,7.900000095367432,8.729999542236328,342800
2020-12-23,8.1899995803833,8.1899995803833,8.350000381469727,8.069999694824219,8.069999694824219,92100
2020-12-24,8.069999694824219,8.069999694824219,8.350000381469727,8.010000228881836,8.239999771118164,35000
2020-12-28,7.550000190734863,7.550000190734863,8.109999656677246,7.550000190734863,8.109999656677246,163100
2020-12-29,7.260000228881836,7.260000228881836,7.807000160217285,7.150000095367432,7.619999885559082,151800
2020-12-30,7.639999866485596,7.639999866485596,7.64300012588501,7.260000228881836,7.260000228881836,105800
2020-12-31,7.239999771118164,7.239999771118164,7.505000114440918,7.170000076293945,7.429999828338623,121200
2021-01-04,7.150000095367432,7.150000095367432,7.199999809265137,6.659999847412109,7.150000095367432,126100
2021-01-05,7.159999847412109,7.159999847412109,7.355000019073486,6.820000171661377,7.070000171661377,59800
2021-01-06,6.949999809265137,6.949999809265137,7.349999904632568,6.880000114440918,7.289999961853027,146100
2021-01-07,7.340000152587891,7.340000152587891,7.414999961853027,7.150000095367432,7.300000190734863,145600
2021-01-08,7.230000019073486,7.230000019073486,7.440000057220459,7.144000053405762,7.349999904632568,84400
2021-01-11,7.199999809265137,7.199999809265137,7.260000228881836,7.099999904632568,7.159999847412109,69500
2021-01-12,6.900000095367432,6.900000095367432,7.119999885559082,6.849999904632568,7.099999904632568,136700
2021-01-13,8.270000457763672,8.270000457763672,8.75,7.099999904632568,7.309999942779541,1032500
2021-01-14,8.050000190734863,8.050000190734863,8.84000015258789,7.679999828338623,8.732999801635742,429700
2021-01-15,7.460000038146973,7.460000038146973,8.034000396728516,7.380000114440918,7.929999828338623,166400
2021-01-19,7.489999771118164,7.489999771118164,7.749000072479248,7.380000114440918,7.53000020980835,124600
2021-01-20,7.429999828338623,7.429999828338623,7.673999786376953,7.21999979019165,7.590000152587891,59200
2021-01-21,7.590000152587891,7.590000152587891,7.889999866485596,7.25,7.369999885559082,155200
2021-01-22,7.539999961853027,7.539999961853027,7.96999979019165,7.449999809265137,7.559999942779541,138000
2021-01-25,7.579999923706055,7.579999923706055,7.96999979019165,7.295000076293945,7.630000114440918,270200
2021-01-26,7.699999809265137,7.699999809265137,7.929999828338623,7.46999979019165,7.559999942779541,132100
2021-01-27,7.309999942779541,7.309999942779541,7.769999980926514,7.230000019073486,7.420000076293945,174200
2021-01-28,7.119999885559082,7.119999885559082,7.579999923706055,6.900000095367432,7.25,147600
2021-01-29,7.449999809265137,7.449999809265137,7.5,6.789999961853027,7.070000171661377,196000
2021-02-01,7.300000190734863,7.300000190734863,7.449999809265137,7.004000186920166,7.449999809265137,64000
2021-02-02,7.369999885559082,7.369999885559082,7.420000076293945,7.110000133514404,7.420000076293945,55500
2021-02-03,7.429999828338623,7.429999828338623,7.639999866485596,7.269999980926514,7.340000152587891,188400
2021-02-04,7.989999771118164,7.989999771118164,7.989999771118164,7.449999809265137,7.679999828338623,268100
2021-02-05,7.880000114440918,7.880000114440918,8.800999641418457,7.71999979019165,7.96999979019165,687600
2021-02-08,7.760000228881836,7.760000228881836,7.949999809265137,7.650000095367432,7.929999828338623,131000
2021-02-09,7.929999828338623,7.929999828338623,8.130000114440918,7.860000133514404,7.989999771118164,187100
2021-02-10,7.699999809265137,7.699999809265137,8.149999618530273,7.329999923706055,8.0,107400
2021-02-11,7.900000095367432,7.900000095367432,8.12399959564209,7.619999885559082,7.699999809265137,110600
2021-02-12,7.610000133514404,7.610000133514404,7.869999885559082,7.550000190734863,7.820000171661377,113400
2021-02-16,7.489999771118164,7.489999771118164,7.783999919891357,7.420000076293945,7.71999979019165,103700
2021-02-17,7.550000190734863,7.550000190734863,7.75,7.329999923706055,7.650000095367432,108100
2021-02-18,14.739999771118164,14.739999771118164,26.420000076293945,14.449999809265137,22.1299991607666,64139700
2021-02-19,12.9399995803833,12.9399995803833,14.300000190734863,12.0,13.609999656677246,2520200
2021-02-22,13.0,13.0,13.550000190734863,12.510000228881836,12.699999809265137,464600
2021-02-23,12.229999542236328,12.229999542236328,12.25,10.270000457763672,11.850000381469727,491200
2021-02-24,13.34000015258789,13.34000015258789,13.5,12.350000381469727,12.380000114440918,295000
2021-02-25,12.09000015258789,12.09000015258789,13.133999824523926,11.699999809265137,13.130000114440918,271600
2021-02-26,12.050000190734863,12.050000190734863,12.399999618530273,11.600000381469727,11.819999694824219,130600
2021-03-01,12.369999885559082,12.369999885559082,12.90999984741211,12.010000228881836,12.90999984741211,109100
2021-03-02,12.199999809265137,12.199999809265137,12.479999542236328,12.050999641418457,12.380000114440918,82500
2021-03-03,11.90999984741211,11.90999984741211,12.25,11.609999656677246,12.069999694824219,98600
2021-03-04,11.460000038146973,11.460000038146973,11.869999885559082,10.619000434875488,11.869999885559082,103100
2021-03-05,11.739999771118164,11.739999771118164,11.739999771118164,10.779999732971191,11.34000015258789,111400
2021-03-08,11.229999542236328,11.229999542236328,12.390000343322754,11.220000267028809,12.140000343322754,105700
2021-03-09,11.5,11.5,12.003000259399414,11.279999732971191,11.350000381469727,98100
2021-03-10,12.0600004196167,12.0600004196167,12.5,11.430000305175781,11.460000038146973,148800
2021-03-11,12.34000015258789,12.34000015258789,12.75,12.175000190734863,12.579999923706055,84000
2021-03-12,12.949999809265137,12.949999809265137,12.949999809265137,12.050000190734863,12.15999984741211,93300
2021-03-15,14.9399995803833,14.9399995803833,15.5,13.199999809265137,13.25,537100
2021-03-16,13.880000114440918,13.880000114440918,15.052000045776367,13.550000190734863,14.9399995803833,198400
2021-03-17,14.199999809265137,14.199999809265137,14.359999656677246,13.380000114440918,13.670000076293945,52400
2021-03-18,14.170000076293945,14.170000076293945,14.800000190734863,13.880000114440918,14.399999618530273,79700
2021-03-19,14.010000228881836,14.010000228881836,14.390999794006348,13.883000373840332,14.170000076293945,54300
2021-03-22,14.100000381469727,14.100000381469727,14.406000137329102,13.890000343322754,14.039999961853027,57300
2021-03-23,14.359999656677246,14.359999656677246,14.791000366210938,13.949999809265137,14.149999618530273,123800
2021-03-24,14.699999809265137,14.699999809265137,15.619999885559082,14.510000228881836,14.510000228881836,232500
2021-03-25,14.699999809265137,14.699999809265137,14.880000114440918,14.170000076293945,14.489999771118164,107400
2021-03-26,15.5,15.5,15.5,14.710000038146973,15.0,107200
2021-03-29,15.850000381469727,15.850000381469727,15.970000267028809,15.149999618530273,15.149999618530273,245600
2021-03-30,14.489999771118164,14.489999771118164,16.100000381469727,13.859999656677246,16.040000915527344,185000
2021-03-31,12.369999885559082,12.369999885559082,13.800000190734863,12.25,13.399999618530273,284700
2021-04-01,11.579999923706055,11.579999923706055,12.862000465393066,11.579999923706055,12.5600004196167,153300
2021-04-05,11.75,11.75,12.050000190734863,11.619999885559082,11.739999771118164,52900
2021-04-06,11.649999618530273,11.649999618530273,11.843999862670898,11.520000457763672,11.539999961853027,44400
2021-04-07,11.720000267028809,11.720000267028809,11.9399995803833,11.600000381469727,11.600000381469727,34400
2021-04-08,11.829999923706055,11.829999923706055,12.300000190734863,11.65999984741211,11.890000343322754,50100
2021-04-09,11.25,11.25,11.755999565124512,11.25,11.6899995803833,48200
2021-04-12,11.079999923706055,11.079999923706055,11.970000267028809,10.800000190734863,11.789999961853027,102800
2021-04-13,9.880000114440918,9.880000114440918,10.979999542236328,9.319999694824219,10.819999694824219,270300
2021-04-14,10.020000457763672,10.020000457763672,10.180000305175781,9.779999732971191,9.90999984741211,43000
2021-04-15,9.6899995803833,9.6899995803833,10.050000190734863,9.600000381469727,10.020000457763672,29700
2021-04-16,9.020000457763672,9.020000457763672,9.65999984741211,8.960000038146973,9.649999618530273,73200
2021-04-19,8.229999542236328,8.229999542236328,9.0,8.100000381469727,9.0,81300
2021-04-20,8.149999618530273,8.149999618530273,8.350000381469727,8.0,8.350000381469727,37200
2021-04-21,8.390000343322754,8.390000343322754,8.579999923706055,7.960000038146973,8.020000457763672,64800
2021-04-22,8.300000190734863,8.300000190734863,8.800000190734863,8.189000129699707,8.390000343322754,56300
2021-04-23,8.390000343322754,8.390000343322754,8.5,8.140000343322754,8.210000038146973,45600
2021-04-26,8.770000457763672,8.770000457763672,8.949999809265137,8.3100004196167,8.3100004196167,52400
2021-04-27,9.470000267028809,9.470000267028809,9.489999771118164,8.710000038146973,8.90999984741211,71300
2021-04-28,9.289999961853027,9.289999961853027,9.449999809265137,9.010000228881836,9.449999809265137,16800
2021-04-29,8.710000038146973,8.710000038146973,9.449999809265137,8.5,9.449999809265137,45900
2021-04-30,8.220000267028809,8.220000267028809,8.789999961853027,8.15999984741211,8.699999809265137,47100
2021-05-03,8.079999923706055,8.079999923706055,8.369999885559082,7.989999771118164,8.210000038146973,43700
2021-05-04,8.020000457763672,8.020000457763672,8.15999984741211,7.889999866485596,8.010000228881836,39700
2021-05-05,8.0600004196167,8.0600004196167,8.289999961853027,8.0,8.079999923706055,19100
2021-05-06,7.869999885559082,7.869999885559082,8.170000076293945,7.755000114440918,7.980000019073486,28300
2021-05-07,8.0,8.0,8.147000312805176,7.840000152587891,7.840000152587891,24600
2021-05-10,7.590000152587891,7.590000152587891,8.149999618530273,7.519999980926514,7.860000133514404,30500
2021-05-11,7.630000114440918,7.630000114440918,7.730000019073486,7.150000095367432,7.440000057220459,44400
2021-05-12,6.960000038146973,6.960000038146973,7.626999855041504,6.840000152587891,7.409999847412109,160900
2021-05-13,7.150000095367432,7.150000095367432,8.039999961853027,6.940000057220459,6.940000057220459,131600
2021-05-14,7.409999847412109,7.409999847412109,7.409999847412109,6.980000019073486,7.050000190734863,35800
2021-05-17,7.449999809265137,7.449999809265137,7.570000171661377,7.309999942779541,7.460000038146973,15600
2021-05-18,7.630000114440918,7.630000114440918,7.650000095367432,7.460000038146973,7.5,22300
2021-05-19,7.300000190734863,7.300000190734863,7.53000020980835,7.199999809265137,7.46999979019165,26100
2021-05-20,7.570000171661377,7.570000171661377,7.610000133514404,7.258999824523926,7.360000133514404,21500
2021-05-21,7.650000095367432,7.650000095367432,7.763000011444092,7.409999847412109,7.690000057220459,35000
2021-05-24,7.840000152587891,7.840000152587891,7.880000114440918,7.489999771118164,7.650000095367432,50000
2021-05-25,7.949999809265137,7.949999809265137,7.980000019073486,7.702000141143799,7.789999961853027,20800
2021-05-26,8.149999618530273,8.149999618530273,8.180000305175781,7.880000114440918,7.949999809265137,30500
2021-05-27,8.399999618530273,8.399999618530273,8.619999885559082,8.039999961853027,8.210000038146973,92100
2021-05-28,8.460000038146973,8.460000038146973,8.640000343322754,8.3100004196167,8.359999656677246,87400
2021-06-01,8.569999694824219,8.569999694824219,8.741999626159668,8.359999656677246,8.739999771118164,36000
2021-06-02,8.770000457763672,8.770000457763672,8.79699993133545,8.529999732971191,8.550000190734863,25000
2021-06-03,8.6899995803833,8.6899995803833,8.869999885559082,8.510000228881836,8.850000381469727,57600
2021-06-04,8.779999732971191,8.779999732971191,8.869999885559082,8.609999656677246,8.680000305175781,26300
2021-06-07,9.0,9.0,9.0,8.760000228881836,8.760000228881836,36900
2021-06-08,9.6899995803833,9.6899995803833,9.979999542236328,9.229999542236328,9.460000038146973,148400
2021-06-09,9.670000076293945,9.670000076293945,9.850000381469727,9.609999656677246,9.850000381469727,70500
2021-06-10,9.319999694824219,9.319999694824219,9.880000114440918,9.100000381469727,9.65999984741211,51100
2021-06-11,9.270000457763672,9.270000457763672,9.34000015258789,9.126999855041504,9.279999732971191,27000
2021-06-14,9.100000381469727,9.100000381469727,9.260000228881836,9.050000190734863,9.239999771118164,40600
2021-06-15,9.09000015258789,9.09000015258789,9.279999732971191,9.020000457763672,9.229999542236328,571800
2021-06-16,9.1899995803833,9.1899995803833,11.239999771118164,8.510000228881836,10.960000038146973,2194100
2021-06-17,8.75,8.75,8.859999656677246,8.300000190734863,8.75,249700
2021-06-18,8.850000381469727,8.850000381469727,8.850000381469727,8.432000160217285,8.649999618530273,113400
2021-06-21,8.920000076293945,8.920000076293945,9.149999618530273,8.729999542236328,8.859999656677246,69000
2021-06-22,8.899999618530273,8.899999618530273,8.949999809265137,8.5,8.930000305175781,46400
2021-06-23,9.3100004196167,9.3100004196167,9.4399995803833,8.770000457763672,8.880000114440918,69500
2021-06-24,9.3100004196167,9.3100004196167,9.41100025177002,9.0600004196167,9.199999809265137,41300
2021-06-25,9.069999694824219,9.069999694824219,9.319999694824219,8.9399995803833,9.199999809265137,46300
2021-06-28,8.0600004196167,8.0600004196167,8.149999618530273,7.900000095367432,8.149999618530273,420800
2021-06-29,8.0,8.0,8.09000015258789,8.0,8.0,89700
2021-06-30,7.840000152587891,7.840000152587891,8.100000381469727,7.800000190734863,8.0,93000
2021-07-01,7.900000095367432,7.900000095367432,8.079999923706055,7.809999942779541,7.820000171661377,31400
2021-07-02,7.849999904632568,7.849999904632568,7.960000038146973,7.78000020980835,7.960000038146973,36100
2021-07-06,7.809999942779541,7.809999942779541,7.929999828338623,7.699999809265137,7.849999904632568,41800
2021-07-07,7.570000171661377,7.570000171661377,7.827000141143799,7.550000190734863,7.78000020980835,53700
2021-07-08,7.510000228881836,7.510000228881836,7.699999809265137,7.389999866485596,7.550000190734863,57300
2021-07-09,7.429999828338623,7.429999828338623,7.590000152587891,7.409999847412109,7.590000152587891,29600
2021-07-12,7.460000038146973,7.460000038146973,7.578999996185303,7.349999904632568,7.349999904632568,16200
2021-07-13,7.25,7.25,7.434999942779541,7.25,7.400000095367432,28800
2021-07-14,7.070000171661377,7.070000171661377,7.340000152587891,7.03000020980835,7.25,32100
2021-07-15,6.989999771118164,6.989999771118164,7.139999866485596,6.869999885559082,7.050000190734863,73900
2021-07-16,7.090000152587891,7.090000152587891,7.130000114440918,7.0,7.050000190734863,27200
2021-07-19,6.860000133514404,6.860000133514404,7.090000152587891,6.800000190734863,6.929999828338623,37500
2021-07-20,7.110000133514404,7.110000133514404,7.179999828338623,6.877999782562256,7.058000087738037,14500
2021-07-21,7.349999904632568,7.349999904632568,7.480000019073486,7.139999866485596,7.150000095367432,28400
2021-07-22,6.900000095367432,6.900000095367432,7.329999923706055,6.889999866485596,7.239999771118164,68500
2021-07-23,6.760000228881836,6.760000228881836,7.119999885559082,6.679999828338623,6.900000095367432,34400
2021-07-26,6.630000114440918,6.630000114440918,6.820000171661377,6.5,6.630000114440918,23100
2021-07-27,6.110000133514404,6.110000133514404,6.619999885559082,6.0,6.539999961853027,47500
2021-07-28,6.340000152587891,6.340000152587891,6.418000221252441,6.099999904632568,6.099999904632568,19300
2021-07-29,6.369999885559082,6.369999885559082,7.489999771118164,6.099999904632568,6.369999885559082,340600
2021-07-30,6.429999828338623,6.429999828338623,6.53000020980835,6.190000057220459,6.269999980926514,52200
2021-08-02,6.639999866485596,6.639999866485596,6.78000020980835,6.300000190734863,6.369999885559082,56500
2021-08-03,6.670000076293945,6.670000076293945,6.809999942779541,6.539999961853027,6.570000171661377,28500
2021-08-04,6.5,6.5,6.710000038146973,6.420000076293945,6.710000038146973,15600
2021-08-05,6.360000133514404,6.360000133514404,6.570000171661377,6.349999904632568,6.5,21200
2021-08-06,6.442999839782715,6.442999839782715,6.5,6.25,6.369999885559082,20700
2021-08-09,6.460000038146973,6.460000038146973,6.699999809265137,6.429999828338623,6.440000057220459,25700
2021-08-10,6.840000152587891,6.840000152587891,7.050000190734863,6.730000019073486,7.050000190734863,90000
2021-08-11,6.909999847412109,6.909999847412109,7.03000020980835,6.570000171661377,6.78000020980835,54200
2021-08-12,6.940000057220459,6.940000057220459,7.119999885559082,6.703000068664551,6.980000019073486,27200
2021-08-13,6.800000190734863,6.800000190734863,6.960000038146973,6.75,6.889999866485596,17900
2021-08-16,7.21999979019165,7.21999979019165,7.480000019073486,6.5,6.800000190734863,272800
2021-08-17,7.119999885559082,7.119999885559082,7.400000095367432,6.460000038146973,7.059999942779541,92600
2021-08-18,7.050000190734863,7.050000190734863,7.190000057220459,7.013000011444092,7.039999961853027,28500
2021-08-19,6.389999866485596,6.389999866485596,6.9029998779296875,6.329999923706055,6.889999866485596,50500
2021-08-20,6.340000152587891,6.340000152587891,6.590000152587891,6.320000171661377,6.460000038146973,30000
2021-08-23,6.21999979019165,6.21999979019165,6.409999847412109,6.170000076293945,6.360000133514404,47200
2021-08-24,6.610000133514404,6.610000133514404,6.769999980926514,6.309999942779541,6.400000095367432,46400
2021-08-25,6.690000057220459,6.690000057220459,6.75,6.53000020980835,6.599999904632568,22800
2021-08-26,6.769999980926514,6.769999980926514,6.840000152587891,6.550000190734863,6.650000095367432,13800
2021-08-27,6.639999866485596,6.639999866485596,6.960000038146973,6.557000160217285,6.710000038146973,24900
2021-08-30,6.699999809265137,6.699999809265137,6.909999847412109,6.590000152587891,6.730000019073486,10700
2021-08-31,6.860000133514404,6.860000133514404,6.869999885559082,6.699999809265137,6.699999809265137,19000
2021-09-01,6.679999828338623,6.679999828338623,6.96999979019165,6.599999904632568,6.809999942779541,40100
2021-09-02,6.840000152587891,6.840000152587891,6.947999954223633,6.510000228881836,6.704999923706055,28600
2021-09-03,6.860000133514404,6.860000133514404,6.960000038146973,6.6620001792907715,6.820000171661377,28500
2021-09-07,7.070000171661377,7.070000171661377,7.159999847412109,6.829999923706055,6.829999923706055,37500
2021-09-08,6.699999809265137,6.699999809265137,7.159999847412109,6.699999809265137,7.050000190734863,37000
2021-09-09,6.889999866485596,6.889999866485596,7.090000152587891,6.699999809265137,6.699999809265137,9900
2021-09-10,6.804999828338623,6.804999828338623,6.964000225067139,6.73199987411499,6.896999835968018,14400
2021-09-13,6.699999809265137,6.699999809265137,6.789999961853027,6.610000133514404,6.789999961853027,11800
2021-09-14,6.25,6.25,6.699999809265137,6.21999979019165,6.699999809265137,50800
2021-09-15,6.349999904632568,6.349999904632568,6.420000076293945,6.25,6.300000190734863,31700
2021-09-16,6.309999942779541,6.309999942779541,6.366000175476074,6.195000171661377,6.269999980926514,30000
2021-09-17,6.389999866485596,6.389999866485596,6.440000057220459,6.25,6.25,17500
2021-09-20,5.809999942779541,5.809999942779541,6.335000038146973,5.670000076293945,6.199999809265137,148200
2021-09-21,5.920000076293945,5.920000076293945,6.159999847412109,5.690000057220459,6.010000228881836,42400
2021-09-22,6.099999904632568,6.099999904632568,6.179999828338623,5.855000019073486,6.130000114440918,30000
2021-09-23,6.329999923706055,6.329999923706055,6.380000114440918,6.099999904632568,6.28000020980835,25900
2021-09-24,6.440000057220459,6.440000057220459,6.489999771118164,6.090000152587891,6.090000152587891,32900
2021-09-27,6.590000152587891,6.590000152587891,6.769999980926514,6.409999847412109,6.440000057220459,26600
2021-09-28,6.639999866485596,6.639999866485596,6.699999809265137,6.449999809265137,6.449999809265137,18800
2021-09-29,6.360000133514404,6.360000133514404,6.71999979019165,6.329999923706055,6.679999828338623,14200
2021-09-30,6.28000020980835,6.28000020980835,6.420000076293945,6.192999839782715,6.309999942779541,24200
2021-10-01,6.300000190734863,6.300000190734863,6.349999904632568,6.150000095367432,6.260000228881836,15500
2021-10-04,6.059999942779541,6.059999942779541,6.199999809265137,5.933000087738037,6.170000076293945,29800
2021-10-05,6.28000020980835,6.28000020980835,6.375999927520752,6.0,6.019999980926514,51700
2021-10-06,5.949999809265137,5.949999809265137,6.176000118255615,5.900000095367432,6.03000020980835,38100
2021-10-07,6.159999847412109,6.159999847412109,6.210000038146973,6.090000152587891,6.090000152587891,18800
2021-10-08,6.184999942779541,6.184999942779541,6.2829999923706055,6.170000076293945,6.199999809265137,33600
2021-10-11,6.130000114440918,6.130000114440918,6.380000114440918,6.059999942779541,6.170000076293945,38100
2021-10-12,6.190000057220459,6.190000057220459,6.289999961853027,6.076000213623047,6.15500020980835,11500
2021-10-13,6.110000133514404,6.110000133514404,6.25,6.0,6.25,25200
2021-10-14,6.110000133514404,6.110000133514404,6.15500020980835,5.980000019073486,6.110000133514404,40900
2021-10-15,6.0,6.0,6.242000102996826,6.0,6.239999771118164,21000
2021-10-18,6.079999923706055,6.079999923706055,6.114999771118164,6.019999980926514,6.019999980926514,14000
2021-10-19,6.130000114440918,6.130000114440918,6.190000057220459,6.019999980926514,6.070000171661377,14100
2021-10-20,6.230000019073486,6.230000019073486,6.360000133514404,6.099999904632568,6.099999904632568,23000
2021-10-21,6.349999904632568,6.349999904632568,6.409999847412109,6.230000019073486,6.230000019073486,23600
2021-10-22,6.019999980926514,6.019999980926514,6.335000038146973,6.010000228881836,6.309999942779541,32200
2021-10-25,5.900000095367432,5.900000095367432,6.320000171661377,5.900000095367432,6.070000171661377,44400
2021-10-26,5.989999771118164,5.989999771118164,6.099999904632568,5.800000190734863,5.949999809265137,35100
2021-10-27,5.860000133514404,5.860000133514404,6.004000186920166,5.809999942779541,5.920000076293945,13600
2021-10-28,5.809999942779541,5.809999942779541,6.0,5.800000190734863,5.929999828338623,37400
2021-10-29,5.789999961853027,5.789999961853027,5.900000095367432,5.78000020980835,5.800000190734863,21000
2021-11-01,5.849999904632568,5.849999904632568,5.949999809265137,5.7270002365112305,5.869999885559082,30500
2021-11-02,5.650000095367432,5.650000095367432,5.789999961853027,5.559999942779541,5.789999961853027,43700
2021-11-03,5.730000019073486,5.730000019073486,5.848999977111816,5.599999904632568,5.699999809265137,51000
2021-11-04,5.730000019073486,5.730000019073486,5.999000072479248,5.724999904632568,5.949999809265137,89100
2021-11-05,5.539999961853027,5.539999961853027,5.739999771118164,5.510000228881836,5.739999771118164,60200
2021-11-08,5.949999809265137,5.949999809265137,6.0,5.519999980926514,5.519999980926514,49600
2021-11-09,5.769999980926514,5.769999980926514,6.0,5.599999904632568,5.849999904632568,77400
2021-11-10,5.664999961853027,5.664999961853027,5.989999771118164,5.519999980926514,5.699999809265137,74400
2021-11-11,5.800000190734863,5.800000190734863,5.949999809265137,5.599999904632568,5.949999809265137,178500
2021-11-12,5.860000133514404,5.860000133514404,5.880000114440918,5.679999828338623,5.880000114440918,53000
2021-11-15,5.800000190734863,5.800000190734863,5.880000114440918,5.710000038146973,5.880000114440918,25600
2021-11-16,5.670000076293945,5.670000076293945,5.78000020980835,5.590000152587891,5.739999771118164,34300
2021-11-17,5.539999961853027,5.539999961853027,5.739999771118164,5.409999847412109,5.699999809265137,37900
2021-11-18,5.21999979019165,5.21999979019165,5.579999923706055,5.099999904632568,5.519999980926514,68800
2021-11-19,9.890000343322754,9.890000343322754,10.84000015258789,7.820000171661377,8.779999732971191,165905900
2021-11-22,11.6899995803833,11.6899995803833,12.600000381469727,7.099999904632568,7.679999828338623,36143900
2021-11-23,8.40999984741211,8.40999984741211,10.350000381469727,7.800000190734863,9.550000190734863,6028900
2021-11-24,7.980000019073486,7.980000019073486,9.569999694824219,7.559999942779541,7.989999771118164,10661800
2021-11-26,7.639999866485596,7.639999866485596,7.880000114440918,7.25,7.310999870300293,973000
2021-11-29,7.340000152587891,7.340000152587891,7.449999809265137,6.909999847412109,7.400000095367432,1404800
2021-11-30,7.670000076293945,7.670000076293945,7.960000038146973,6.96999979019165,7.260000228881836,1167500
2021-12-01,6.820000171661377,6.820000171661377,7.78000020980835,6.5,7.420000076293945,816500
2021-12-02,7.150000095367432,7.150000095367432,7.224999904632568,6.510000228881836,6.650000095367432,456100
2021-12-03,6.699999809265137,6.699999809265137,7.159999847412109,6.53000020980835,7.119999885559082,321100
2021-12-06,6.550000190734863,6.550000190734863,6.679999828338623,6.349999904632568,6.650000095367432,270400
2021-12-07,7.179999828338623,7.179999828338623,7.480000019073486,6.381999969482422,6.519999980926514,537200
2021-12-08,7.170000076293945,7.170000076293945,7.369999885559082,7.0,7.119999885559082,163500
2021-12-09,7.309999942779541,7.309999942779541,7.789999961853027,7.03000020980835,7.099999904632568,460200
2021-12-10,6.550000190734863,6.550000190734863,7.289999961853027,6.449999809265137,7.159999847412109,373000
2021-12-13,6.440000057220459,6.440000057220459,6.78000020980835,6.099999904632568,6.559999942779541,220100
2021-12-14,6.199999809265137,6.199999809265137,6.392000198364258,6.139999866485596,6.340000152587891,117100
2021-12-15,6.409999847412109,6.409999847412109,6.46999979019165,5.96999979019165,6.21999979019165,123200
2021-12-16,6.460000038146973,6.460000038146973,6.949999809265137,6.349999904632568,6.409999847412109,103800
2021-12-17,6.409999847412109,6.409999847412109,6.449999809265137,6.159999847412109,6.329999923706055,83700
2021-12-20,6.25,6.25,6.389999866485596,6.079999923706055,6.210000038146973,59000
2021-12-21,7.039999961853027,7.039999961853027,7.039999961853027,6.28000020980835,6.300000190734863,346400
2021-12-22,6.960000038146973,6.960000038146973,7.210000038146973,6.73199987411499,7.130000114440918,117900
2021-12-23,6.78000020980835,6.78000020980835,7.050000190734863,6.659999847412109,7.050000190734863,99300
2021-12-27,6.710000038146973,6.710000038146973,6.75,6.559999942779541,6.71999979019165,58500
2021-12-28,6.78000020980835,6.78000020980835,7.099999904632568,6.619999885559082,6.869999885559082,75000
2021-12-29,6.489999771118164,6.489999771118164,6.879000186920166,6.440000057220459,6.71999979019165,119700
2021-12-30,6.550000190734863,6.550000190734863,6.650000095367432,6.349999904632568,6.369999885559082,80800
2021-12-31,6.429999828338623,6.429999828338623,6.590000152587891,6.369999885559082,6.480000019073486,70700
2022-01-03,6.710000038146973,6.710000038146973,6.849999904632568,6.300000190734863,6.400000095367432,74800
2022-01-04,6.739999771118164,6.739999771118164,6.880000114440918,6.610000133514404,6.659999847412109,73200
2022-01-05,6.25,6.25,6.829999923706055,6.25,6.659999847412109,73900
2022-01-06,6.440000057220459,6.440000057220459,6.630000114440918,6.099999904632568,6.260000228881836,47300
2022-01-07,6.170000076293945,6.170000076293945,6.429999828338623,6.114999771118164,6.340000152587891,38300
2022-01-10,5.880000114440918,5.880000114440918,6.170000076293945,5.75,6.170000076293945,84900
2022-01-11,6.210000038146973,6.210000038146973,6.25,5.820000171661377,5.820000171661377,36100
2022-01-12,6.300000190734863,6.300000190734863,6.460000038146973,6.11899995803833,6.179999828338623,43100
2022-01-13,5.940000057220459,5.940000057220459,6.374000072479248,5.860000133514404,6.300000190734863,47400
2022-01-14,5.78000020980835,5.78000020980835,5.949999809265137,5.579999923706055,5.889999866485596,61500
2022-01-18,5.570000171661377,5.570000171661377,5.880000114440918,5.5,5.71999979019165,47100
2022-01-19,5.380000114440918,5.380000114440918,5.670000076293945,5.260000228881836,5.659999847412109,64400
2022-01-20,5.309999942779541,5.309999942779541,5.579999923706055,5.25,5.519999980926514,53000
2022-01-21,4.829999923706055,4.829999923706055,5.21999979019165,4.800000190734863,5.21999979019165,105900
2022-01-24,4.849999904632568,4.849999904632568,4.949999809265137,4.119999885559082,4.670000076293945,105500
2022-01-25,4.889999866485596,4.889999866485596,5.0,4.638000011444092,4.690000057220459,29400
2022-01-26,4.480000019073486,4.480000019073486,5.079999923706055,4.460000038146973,5.03000020980835,65900
2022-01-27,4.599999904632568,4.599999904632568,4.599999904632568,4.24399995803833,4.5,43400
2022-01-28,4.960000038146973,4.960000038146973,4.960000038146973,4.360000133514404,4.46999979019165,73800
2022-01-31,5.099999904632568,5.099999904632568,5.179999828338623,4.866000175476074,4.960000038146973,29400
2022-02-01,5.559999942779541,5.559999942779541,5.559999942779541,4.96999979019165,5.090000152587891,92700
2022-02-02,5.070000171661377,5.070000171661377,5.559999942779541,5.0,5.559999942779541,30800
2022-02-03,4.989999771118164,4.989999771118164,5.119999885559082,4.945000171661377,5.059999942779541,20200
2022-02-04,5.119999885559082,5.119999885559082,5.25,4.900000095367432,5.03000020980835,11700
2022-02-07,5.070000171661377,5.070000171661377,5.245999813079834,5.0,5.119999885559082,9800
2022-02-08,5.150000095367432,5.150000095367432,5.25,4.947000026702881,5.010000228881836,21300
2022-02-09,5.53000020980835,5.53000020980835,5.579999923706055,5.159999847412109,5.230000019073486,68200
2022-02-10,5.659999847412109,5.659999847412109,5.732999801635742,5.25,5.480000019073486,37200
2022-02-11,5.239999771118164,5.239999771118164,5.590000152587891,5.190000057220459,5.590000152587891,35200
2022-02-14,4.980000019073486,4.980000019073486,5.420000076293945,4.929999828338623,5.300000190734863,27600
2022-02-15,5.179999828338623,5.179999828338623,5.211999893188477,5.010000228881836,5.03000020980835,26900
2022-02-16,5.289999961853027,5.289999961853027,5.380000114440918,5.150000095367432,5.150000095367432,41000
2022-02-17,5.329999923706055,5.329999923706055,5.429999828338623,5.170000076293945,5.429999828338623,38200
2022-02-18,5.317999839782715,5.317999839782715,5.590000152587891,5.110000133514404,5.329999923706055,46100
2022-02-22,5.179999828338623,5.179999828338623,5.389999866485596,5.052000045776367,5.230000019073486,40400
2022-02-23,5.050000190734863,5.050000190734863,5.426000118255615,5.025000095367432,5.25,12700
2022-02-24,4.980000019073486,4.980000019073486,5.0,4.5,4.670000076293945,36600
2022-02-25,5.119999885559082,5.119999885559082,5.139999866485596,4.909999847412109,4.960000038146973,26300
2022-02-28,5.190000057220459,5.190000057220459,5.199999809265137,5.039999961853027,5.039999961853027,23000
2022-03-01,5.130000114440918,5.130000114440918,5.25,5.059999942779541,5.179999828338623,11700
2022-03-02,5.130000114440918,5.130000114440918,5.28000020980835,4.980000019073486,4.980000019073486,23600
2022-03-03,5.130000114440918,5.130000114440918,5.201000213623047,5.059999942779541,5.170000076293945,22000
2022-03-04,5.050000190734863,5.050000190734863,5.119999885559082,4.841000080108643,5.119999885559082,20900
2022-03-07,4.909999847412109,4.909999847412109,5.150000095367432,4.900000095367432,5.010000228881836,38500
2022-03-08,5.230000019073486,5.230000019073486,6.300000190734863,4.900000095367432,4.900000095367432,481800
2022-03-09,5.360000133514404,5.360000133514404,5.519999980926514,4.934999942779541,5.360000133514404,200400
2022-03-10,5.019999980926514,5.019999980926514,5.260000228881836,4.789999961853027,5.210000038146973,77000
2022-03-11,4.820000171661377,4.820000171661377,5.019999980926514,4.699999809265137,5.019999980926514,44500
2022-03-14,4.489999771118164,4.489999771118164,4.870999813079834,4.349999904632568,4.789999961853027,52900
2022-03-15,4.809999942779541,4.809999942779541,5.25,4.420000076293945,4.420000076293945,122800
2022-03-16,4.960000038146973,4.960000038146973,5.21999979019165,4.880000114440918,4.909999847412109,39600
2022-03-17,5.190000057220459,5.190000057220459,5.199999809265137,4.989999771118164,4.989999771118164,23900
2022-03-18,5.289999961853027,5.289999961853027,5.489999771118164,5.050000190734863,5.119999885559082,53200
2022-03-21,5.230000019073486,5.230000019073486,5.340000152587891,5.159999847412109,5.340000152587891,24500
2022-03-22,5.46999979019165,5.46999979019165,5.656000137329102,5.264999866485596,5.264999866485596,73600
2022-03-23,5.599999904632568,5.599999904632568,5.710000038146973,5.460000038146973,5.519999980926514,43900
2022-03-24,5.679999828338623,5.679999828338623,5.71999979019165,5.5,5.570000171661377,18800
2022-03-25,5.889999866485596,5.889999866485596,6.0,5.550000190734863,5.690000057220459,65700
2022-03-28,5.159999847412109,5.159999847412109,5.730000019073486,5.110000133514404,5.449999809265137,145000
2022-03-29,5.039999961853027,5.039999961853027,5.357999801635742,4.96999979019165,5.130000114440918,79100
2022-03-30,4.900000095367432,4.900000095367432,5.269999980926514,4.860000133514404,5.25,36600
2022-03-31,4.889999866485596,4.889999866485596,5.119999885559082,4.809999942779541,5.059999942779541,26500
2022-04-01,4.889999866485596,4.889999866485596,5.0,4.699999809265137,4.829999923706055,47300
2022-04-04,4.789999961853027,4.789999961853027,4.96999979019165,4.75,4.800000190734863,53000
2022-04-05,4.619999885559082,4.619999885559082,4.789999961853027,4.570000171661377,4.71999979019165,28700
2022-04-06,4.389999866485596,4.389999866485596,4.739999771118164,4.389999866485596,4.710000038146973,72100
2022-04-07,4.360000133514404,4.360000133514404,4.622000217437744,4.349999904632568,4.389999866485596,21200
2022-04-08,4.179999828338623,4.179999828338623,4.400000095367432,4.179999828338623,4.400000095367432,20100
2022-04-11,4.170000076293945,4.170000076293945,4.179999828338623,4.03000020980835,4.179999828338623,20800
2022-04-12,4.260000228881836,4.260000228881836,4.369999885559082,4.099999904632568,4.150000095367432,22500
2022-04-13,4.570000171661377,4.570000171661377,4.579999923706055,4.130000114440918,4.199999809265137,32800
2022-04-14,4.550000190734863,4.550000190734863,4.590000152587891,4.340000152587891,4.449999809265137,17800
2022-04-18,4.269999980926514,4.269999980926514,4.539999961853027,4.199999809265137,4.5,18200
2022-04-19,4.340000152587891,4.340000152587891,4.440000057220459,4.190000057220459,4.210000038146973,21800
2022-04-20,4.360000133514404,4.360000133514404,4.369999885559082,4.210000038146973,4.210000038146973,11500
2022-04-21,4.329999923706055,4.329999923706055,4.550000190734863,4.21999979019165,4.239999771118164,23400
2022-04-22,4.179999828338623,4.179999828338623,4.340000152587891,4.099999904632568,4.230000019073486,30700
2022-04-25,4.269999980926514,4.269999980926514,4.300000190734863,4.0329999923706055,4.179999828338623,22200
2022-04-26,4.010000228881836,4.010000228881836,4.099999904632568,3.9000000953674316,4.039999961853027,68700
2022-04-27,3.7899999618530273,3.7899999618530273,4.019999980926514,3.75,4.010000228881836,22300
2022-04-28,3.759999990463257,3.759999990463257,3.880000114440918,3.75,3.75,26400
2022-04-29,3.8399999141693115,3.8399999141693115,3.940000057220459,3.75,3.75,29600
2022-05-02,3.700000047683716,3.700000047683716,3.9100000858306885,3.700000047683716,3.799999952316284,27100
2022-05-03,3.8399999141693115,3.8399999141693115,3.8399999141693115,3.700000047683716,3.7300000190734863,6400
2022-05-04,3.8399999141693115,3.8399999141693115,3.933000087738037,3.75,3.859999895095825,24700
2022-05-05,3.759999990463257,3.759999990463257,3.950000047683716,3.7100000381469727,3.799999952316284,10400
2022-05-06,3.75,3.75,3.890000104904175,3.7100000381469727,3.7100000381469727,12100
2022-05-09,3.6700000762939453,3.6700000762939453,3.819999933242798,3.5309998989105225,3.6600000858306885,24100
2022-05-10,3.4000000953674316,3.4000000953674316,3.7699999809265137,3.3299999237060547,3.700000047683716,31200
2022-05-11,2.9100000858306885,2.9100000858306885,3.450000047683716,2.9000000953674316,3.388000011444092,83600
2022-05-12,2.819999933242798,2.819999933242798,3.049999952316284,2.799999952316284,2.799999952316284,37400
2022-05-13,2.759999990463257,2.759999990463257,3.25600004196167,2.5999999046325684,3.180999994277954,80400
2022-05-16,3.1500000953674316,3.1500000953674316,3.559999942779541,3.109999895095825,3.109999895095825,519100
2022-05-17,3.0299999713897705,3.0299999713897705,3.1500000953674316,2.9000000953674316,3.1500000953674316,69300
2022-05-18,3.049999952316284,3.049999952316284,3.1500000953674316,2.859999895095825,3.140000104904175,80600
2022-05-19,3.119999885559082,3.119999885559082,3.1500000953674316,3.0199999809265137,3.119999885559082,30300
2022-05-20,3.0299999713897705,3.0299999713897705,3.177000045776367,2.869999885559082,3.1500000953674316,45100
2022-05-23,3.130000114440918,3.130000114440918,3.180000066757202,3.069999933242798,3.1500000953674316,30200
2022-05-24,3.200000047683716,3.200000047683716,3.3980000019073486,3.109999895095825,3.299999952316284,24900
2022-05-25,3.2300000190734863,3.2300000190734863,3.2699999809265137,3.0880000591278076,3.2699999809265137,14600
2022-05-26,3.4700000286102295,3.4700000286102295,3.4700000286102295,3.2699999809265137,3.2699999809265137,20700
2022-05-27,3.630000114440918,3.630000114440918,3.630000114440918,3.444999933242798,3.490000009536743,26800
2022-05-31,3.75,3.75,3.75,3.6089999675750732,3.6500000953674316,21400
2022-06-01,3.8499999046325684,3.8499999046325684,3.9800000190734863,3.7200000286102295,3.9000000953674316,38400
2022-06-02,3.950000047683716,3.950000047683716,3.950000047683716,3.680000066757202,3.9000000953674316,15300
2022-06-03,3.940000057220459,3.940000057220459,4.099999904632568,3.799999952316284,4.0,22500
2022-06-06,4.130000114440918,4.130000114440918,4.130000114440918,3.9019999504089355,3.940000057220459,22400
2022-06-07,4.110000133514404,4.110000133514404,4.118000030517578,3.9100000858306885,4.110000133514404,25600
2022-06-08,3.990000009536743,3.990000009536743,4.039999961853027,3.9100000858306885,4.010000228881836,31000
2022-06-09,3.9200000762939453,3.9200000762939453,4.126999855041504,3.9200000762939453,4.0,18000
2022-06-10,4.150000095367432,4.150000095367432,4.150000095367432,3.819999933242798,3.940000057220459,38000
2022-06-13,3.680000066757202,3.680000066757202,3.9000000953674316,3.6630001068115234,3.759999990463257,60100
2022-06-14,3.7100000381469727,3.7100000381469727,3.877000093460083,3.6600000858306885,3.6600000858306885,10000
2022-06-15,3.819999933242798,3.819999933242798,3.819999933242798,3.6500000953674316,3.6679999828338623,16300
2022-06-16,3.4600000381469727,3.4600000381469727,3.7100000381469727,3.450000047683716,3.7100000381469727,12300
2022-06-17,3.549999952316284,3.549999952316284,3.884999990463257,3.440000057220459,3.440000057220459,14800
2022-06-21,3.799999952316284,3.799999952316284,3.8299999237060547,3.569999933242798,3.569999933242798,12800
2022-06-22,3.869999885559082,3.869999885559082,3.9210000038146973,3.752000093460083,3.752000093460083,12500
2022-06-23,3.799999952316284,3.799999952316284,3.9100000858306885,3.6500000953674316,3.8499999046325684,11100
2022-06-24,3.859999895095825,3.859999895095825,3.9000000953674316,3.736999988555908,3.736999988555908,7300
2022-06-27,3.9600000381469727,3.9600000381469727,3.9600000381469727,3.759999990463257,3.859999895095825,11400
2022-06-28,3.940000057220459,3.940000057220459,3.990000009536743,3.812000036239624,3.869999885559082,13000
2022-06-29,4.0,4.0,4.139999866485596,3.884999990463257,3.9800000190734863,8400
2022-06-30,3.990000009536743,3.990000009536743,4.139999866485596,3.950000047683716,3.9600000381469727,10900
2022-07-01,4.099999904632568,4.099999904632568,4.099999904632568,4.010000228881836,4.090000152587891,12400
2022-07-05,4.130000114440918,4.130000114440918,4.139999866485596,4.050000190734863,4.119999885559082,7400
2022-07-06,4.139999866485596,4.139999866485596,4.179999828338623,4.0,4.0,11700
2022-07-07,4.409999847412109,4.409999847412109,4.420000076293945,4.099999904632568,4.139999866485596,12900
2022-07-08,4.409999847412109,4.409999847412109,4.449999809265137,4.295000076293945,4.300000190734863,9600
2022-07-11,4.190000057220459,4.190000057220459,4.420000076293945,4.170000076293945,4.420000076293945,14700
2022-07-12,4.349999904632568,4.349999904632568,4.389999866485596,4.203999996185303,4.329999923706055,5500
2022-07-13,4.329999923706055,4.329999923706055,4.360000133514404,4.2179999351501465,4.324999809265137,8600
2022-07-14,4.317999839782715,4.317999839782715,4.349999904632568,4.119999885559082,4.349999904632568,19200
2022-07-15,4.304999828338623,4.304999828338623,4.349999904632568,4.119999885559082,4.289999961853027,17500
2022-07-18,4.369999885559082,4.369999885559082,4.489999771118164,4.117000102996826,4.239999771118164,13700
2022-07-19,4.480000019073486,4.480000019073486,4.586999893188477,4.367000102996826,4.367000102996826,29400
2022-07-20,4.389999866485596,4.389999866485596,4.559999942779541,4.329999923706055,4.519999980926514,26500
2022-07-21,4.650000095367432,4.650000095367432,4.670000076293945,4.414000034332275,4.46999979019165,19200
2022-07-22,4.619999885559082,4.619999885559082,4.710000038146973,4.51800012588501,4.699999809265137,9000
2022-07-25,4.214000225067139,4.214000225067139,4.619999885559082,4.179999828338623,4.619999885559082,17100
2022-07-26,4.25,4.25,4.489999771118164,4.130000114440918,4.130000114440918,13100
2022-07-27,4.309999942779541,4.309999942779541,4.400000095367432,4.139999866485596,4.190000057220459,15600
2022-07-28,4.309999942779541,4.309999942779541,4.364999771118164,4.1570000648498535,4.230000019073486,10900
2022-07-29,4.2870001792907715,4.2870001792907715,4.369999885559082,4.142000198364258,4.300000190734863,13200
2022-08-01,4.289999961853027,4.289999961853027,4.289999961853027,4.150000095367432,4.269999980926514,3700
2022-08-02,4.260000228881836,4.260000228881836,4.329999923706055,4.070000171661377,4.079999923706055,17300
2022-08-03,4.300000190734863,4.300000190734863,4.414999961853027,4.039999961853027,4.039999961853027,19800
2022-08-04,4.355000019073486,4.355000019073486,4.5,4.28000020980835,4.409999847412109,6600
2022-08-05,4.400000095367432,4.400000095367432,4.590000152587891,4.28000020980835,4.340000152587891,28700
2022-08-08,4.670000076293945,4.670000076293945,4.78000020980835,4.5,4.510000228881836,21800
2022-08-09,4.610000133514404,4.610000133514404,4.75,4.301000118255615,4.699999809265137,7900
2022-08-10,4.605000019073486,4.605000019073486,4.785999774932861,4.489999771118164,4.785999774932861,6400
2022-08-11,4.46999979019165,4.46999979019165,4.650000095367432,4.409999847412109,4.570000171661377,7100
2022-08-12,4.400000095367432,4.400000095367432,4.480000019073486,4.170000076293945,4.360000133514404,10900
2022-08-15,4.409999847412109,4.409999847412109,4.739999771118164,4.170000076293945,4.739999771118164,21800
2022-08-16,4.199999809265137,4.199999809265137,4.340000152587891,3.9200000762939453,4.300000190734863,22300
2022-08-17,4.0,4.0,4.267000198364258,3.9800000190734863,4.21999979019165,18600
2022-08-18,3.750999927520752,3.750999927520752,4.119999885559082,3.6700000762939453,4.119999885559082,32700
2022-08-19,3.6500000953674316,3.6500000953674316,3.7899999618530273,3.549999952316284,3.6600000858306885,16900
2022-08-22,3.694999933242798,3.694999933242798,3.799999952316284,3.5799999237060547,3.6500000953674316,15100
2022-08-23,3.6500000953674316,3.6500000953674316,3.700000047683716,3.5899999141693115,3.611999988555908,10800
2022-08-24,3.630000114440918,3.630000114440918,3.7100000381469727,3.549999952316284,3.6600000858306885,11400
2022-08-25,3.5999999046325684,3.5999999046325684,3.6530001163482666,3.559999942779541,3.619999885559082,12000
2022-08-26,3.4800000190734863,3.4800000190734863,3.6470000743865967,3.450000047683716,3.569999933242798,11000
2022-08-29,3.4000000953674316,3.4000000953674316,3.5,3.3499999046325684,3.430000066757202,15700
2022-08-30,3.4000000953674316,3.4000000953674316,3.430000066757202,3.2799999713897705,3.4200000762939453,8300
2022-08-31,3.309999942779541,3.309999942779541,3.490000009536743,3.309999942779541,3.4240000247955322,4200
2022-09-01,3.315000057220459,3.315000057220459,3.549999952316284,3.1500000953674316,3.549999952316284,43700
2022-09-02,3.2100000381469727,3.2100000381469727,3.4100000858306885,3.200000047683716,3.4100000858306885,5100
2022-09-06,3.2799999713897705,3.2799999713897705,3.569999933242798,3.181999921798706,3.2699999809265137,6100
2022-09-07,3.441999912261963,3.441999912261963,3.6689999103546143,3.305000066757202,3.369999885559082,4200
2022-09-08,3.390000104904175,3.390000104904175,3.490000009536743,3.3399999141693115,3.365999937057495,11900
2022-09-09,3.3959999084472656,3.3959999084472656,3.490000009536743,3.375999927520752,3.380000114440918,6600
2022-09-12,3.5350000858306885,3.5350000858306885,3.5899999141693115,3.4200000762939453,3.4200000762939453,8000
2022-09-13,3.3299999237060547,3.3299999237060547,3.5,3.2699999809265137,3.4000000953674316,14400
2022-09-14,3.384999990463257,3.384999990463257,3.440000057220459,3.190000057220459,3.3299999237060547,10000
2022-09-15,3.2799999713897705,3.2799999713897705,3.3499999046325684,3.2699999809265137,3.2799999713897705,2200
2022-09-16,3.190000057220459,3.190000057220459,3.2699999809265137,3.0999999046325684,3.2699999809265137,7800
2022-09-19,3.0799999237060547,3.0799999237060547,3.200000047683716,3.049999952316284,3.200000047683716,5900
2022-09-20,3.059999942779541,3.059999942779541,3.3299999237060547,3.049999952316284,3.0799999237060547,14800
2022-09-21,3.0299999713897705,3.0299999713897705,3.119999885559082,3.0,3.1110000610351562,18600
2022-09-22,2.9600000381469727,2.9600000381469727,3.1500000953674316,2.950000047683716,3.130000114440918,6200
2022-09-23,2.75,2.75,2.9000000953674316,2.6500000953674316,2.859999895095825,22500
2022-09-26,2.75,2.75,2.75,2.5999999046325684,2.700000047683716,13100
2022-09-27,2.559999942779541,2.559999942779541,2.740000009536743,2.549999952316284,2.740000009536743,15000
2022-09-28,2.680000066757202,2.680000066757202,2.680000066757202,2.5840001106262207,2.609999895095825,13600
2022-09-29,2.744999885559082,2.744999885559082,2.744999885559082,2.5320000648498535,2.5320000648498535,4800
2022-09-30,2.6600000858306885,2.6600000858306885,2.7799999713897705,2.5850000381469727,2.7799999713897705,1900
2022-10-03,2.619999885559082,2.619999885559082,2.700000047683716,2.4800000190734863,2.5999999046325684,29200
2022-10-04,2.5399999618530273,2.5399999618530273,2.690000057220459,2.515000104904175,2.569999933242798,11400
2022-10-05,2.559999942779541,2.559999942779541,2.5989999771118164,2.5,2.5399999618530273,6400
2022-10-06,2.509999990463257,2.509999990463257,2.549999952316284,2.4800000190734863,2.5,2900
2022-10-07,2.5,2.5,2.609999895095825,2.5,2.5,14000
2022-10-10,2.313999891281128,2.313999891281128,2.5350000858306885,2.299999952316284,2.5350000858306885,14000
2022-10-11,2.2300000190734863,2.2300000190734863,2.640000104904175,2.2300000190734863,2.640000104904175,13800
2022-10-12,2.200000047683716,2.200000047683716,2.4000000953674316,2.069999933242798,2.2200000286102295,36700
2022-10-13,2.130000114440918,2.130000114440918,2.259999990463257,2.0950000286102295,2.119999885559082,22200
2022-10-14,2.119999885559082,2.119999885559082,2.259000062942505,2.049999952316284,2.259000062942505,10400
2022-10-17,2.0899999141693115,2.0899999141693115,2.200000047683716,2.009999990463257,2.109999895095825,10100
2022-10-18,2.109999895095825,2.109999895095825,2.190000057220459,2.0299999713897705,2.0299999713897705,22000
2022-10-19,2.200000047683716,2.200000047683716,2.200000047683716,2.059999942779541,2.109999895095825,12500
2022-10-20,2.0999999046325684,2.0999999046325684,2.200000047683716,2.0,2.200000047683716,55500
2022-10-21,2.059999942779541,2.059999942779541,2.119999885559082,2.0,2.069999933242798,10500
2022-10-24,1.9700000286102295,1.9700000286102295,2.059999942779541,1.899999976158142,2.059999942779541,11200
2022-10-25,1.9700000286102295,1.9700000286102295,2.049999952316284,1.9500000476837158,2.049999952316284,9900
2022-10-26,2.0799999237060547,2.0799999237060547,2.140000104904175,1.9700000286102295,2.009999990463257,15000
2022-10-27,2.069999933242798,2.069999933242798,2.180000066757202,1.9299999475479126,2.0399999618530273,18700
2022-10-28,2.2100000381469727,2.2100000381469727,2.2739999294281006,1.9900000095367432,2.130000114440918,157500
2022-10-31,2.25,2.25,2.2690000534057617,2.180000066757202,2.240000009536743,10900
2022-11-01,2.25,2.25,2.3399999141693115,2.180000066757202,2.309999942779541,67300
2022-11-02,2.240000009536743,2.240000009536743,2.240000009536743,2.140000104904175,2.2269999980926514,17400
2022-11-03,2.180000066757202,2.180000066757202,2.2100000381469727,2.0999999046325684,2.180000066757202,27100
2022-11-04,2.240000009536743,2.240000009536743,2.3399999141693115,2.140000104904175,2.309999942779541,45300
2022-11-07,2.25,2.25,2.3299999237060547,2.0999999046325684,2.2799999713897705,35600
2022-11-08,2.140000104904175,2.140000104904175,2.315000057220459,2.140000104904175,2.200000047683716,24300
2022-11-09,2.0999999046325684,2.0999999046325684,2.380000114440918,2.058000087738037,2.380000114440918,39900
2022-11-10,2.0399999618530273,2.0399999618530273,2.2300000190734863,1.9900000095367432,2.1760001182556152,59700
2022-11-11,2.1500000953674316,2.1500000953674316,2.190000057220459,2.059999942779541,2.0799999237060547,30800
2022-11-14,2.3299999237060547,2.3299999237060547,2.368000030517578,2.177000045776367,2.200000047683716,21000
2022-11-15,2.299999952316284,2.299999952316284,2.359999895095825,2.25,2.3499999046325684,44900
2022-11-16,2.259999990463257,2.259999990463257,2.319999933242798,2.200000047683716,2.319999933242798,18400
2022-11-17,2.3399999141693115,2.3399999141693115,2.3399999141693115,2.1600000858306885,2.2899999618530273,50300
2022-11-18,2.180000066757202,2.180000066757202,2.2750000953674316,2.140000104904175,2.2750000953674316,35100
2022-11-21,2.0999999046325684,2.0999999046325684,2.259999990463257,2.0999999046325684,2.259999990463257,28800
2022-11-22,2.0899999141693115,2.0899999141693115,2.1500000953674316,2.049999952316284,2.1500000953674316,14500
2022-11-23,2.1700000762939453,2.1700000762939453,2.25,2.0899999141693115,2.25,11500
2022-11-25,2.2190001010894775,2.2190001010894775,2.2269999980926514,2.140000104904175,2.2100000381469727,5200
2022-11-28,2.069999933242798,2.069999933242798,2.3399999141693115,2.049999952316284,2.200000047683716,12800
2022-11-29,2.1500000953674316,2.1500000953674316,2.200000047683716,2.0799999237060547,2.1500000953674316,8700
2022-11-30,2.2200000286102295,2.2200000286102295,2.2799999713897705,2.1700000762939453,2.180000066757202,17300
2022-12-01,2.1700000762939453,2.1700000762939453,2.2679998874664307,2.1700000762939453,2.259999990463257,8400
2022-12-02,2.180000066757202,2.180000066757202,2.299999952316284,2.140000104904175,2.1500000953674316,11700
2022-12-05,2.2200000286102295,2.2200000286102295,2.309999942779541,2.1630001068115234,2.1700000762939453,32700
2022-12-06,2.1700000762939453,2.1700000762939453,2.319999933242798,2.1700000762939453,2.190000057220459,5800
2022-12-07,2.119999885559082,2.119999885559082,2.252000093460083,2.109999895095825,2.252000093460083,30700
2022-12-08,2.1600000858306885,2.1600000858306885,2.2699999809265137,2.0899999141693115,2.1600000858306885,18200
2022-12-09,2.109999895095825,2.109999895095825,2.2200000286102295,2.109999895095825,2.1500000953674316,6400
2022-12-12,1.899999976158142,1.899999976158142,2.130000114440918,1.8799999952316284,2.0799999237060547,125200
2022-12-13,1.9199999570846558,1.9199999570846558,2.009999990463257,1.850000023841858,1.9500000476837158,45600
2022-12-14,1.9600000381469727,1.9600000381469727,2.0980000495910645,1.9299999475479126,1.9800000190734863,118000
2022-12-15,1.8799999952316284,1.8799999952316284,2.0399999618530273,1.8300000429153442,2.0299999713897705,27200
2022-12-16,2.1700000762939453,2.1700000762939453,2.25,1.8769999742507935,1.8899999856948853,139600
2022-12-19,2.1080000400543213,2.1080000400543213,2.109999895095825,2.0,2.0199999809265137,8100
2022-12-20,2.140000104904175,2.140000104904175,2.140000104904175,1.9900000095367432,2.009999990463257,12600
2022-12-21,2.190000057220459,2.190000057220459,2.190000057220459,2.0320000648498535,2.1500000953674316,22500
2022-12-22,2.1500000953674316,2.1500000953674316,2.2300000190734863,2.0510001182556152,2.190000057220459,16700
2022-12-23,2.119999885559082,2.119999885559082,2.200000047683716,2.0999999046325684,2.200000047683716,6200
2022-12-27,1.9500000476837158,1.9500000476837158,2.1500000953674316,1.9500000476837158,2.069999933242798,138900
2022-12-28,1.9900000095367432,1.9900000095367432,2.0999999046325684,1.9700000286102295,2.069999933242798,11700
2022-12-29,2.1589999198913574,2.1589999198913574,2.180000066757202,2.046999931335449,2.1500000953674316,16800
2022-12-30,2.180000066757202,2.180000066757202,2.2300000190734863,2.0799999237060547,2.0899999141693115,24600
2023-01-03,2.0,2.0,2.3499999046325684,1.9900000095367432,2.240000009536743,35200
2023-01-04,2.140000104904175,2.140000104904175,2.190000057220459,2.0,2.069999933242798,43000
2023-01-05,2.1700000762939453,2.1700000762939453,2.180000066757202,2.0,2.069999933242798,32100
2023-01-06,2.299999952316284,2.299999952316284,2.3499999046325684,2.0299999713897705,2.109999895095825,45800
2023-01-09,2.440000057220459,2.440000057220459,2.490000009536743,2.111999988555908,2.111999988555908,36600
2023-01-10,2.4800000190734863,2.4800000190734863,2.5,2.380000114440918,2.437000036239624,54100
2023-01-11,2.569999933242798,2.569999933242798,2.5999999046325684,2.380000114440918,2.509999990463257,46900
2023-01-12,2.549999952316284,2.549999952316284,2.569999933242798,2.380000114440918,2.569999933242798,31100
2023-01-13,2.5199999809265137,2.5199999809265137,2.5899999141693115,2.440000057220459,2.5899999141693115,8100
2023-01-17,2.609999895095825,2.609999895095825,2.6500000953674316,2.4600000381469727,2.5299999713897705,26800
2023-01-18,2.490000009536743,2.490000009536743,2.5999999046325684,2.4200000762939453,2.5199999809265137,17200
2023-01-19,2.440000057220459,2.440000057220459,2.569999933242798,2.359999895095825,2.490000009536743,140200
2023-01-20,2.5,2.5,2.565000057220459,2.390000104904175,2.509999990463257,27100
2023-01-23,2.490000009536743,2.490000009536743,2.6500000953674316,2.4600000381469727,2.4600000381469727,22600
2023-01-24,2.369999885559082,2.369999885559082,2.628999948501587,2.3499999046325684,2.5,29900
2023-01-25,2.299999952316284,2.299999952316284,2.4200000762939453,2.25,2.369999885559082,43800
2023-01-26,2.3350000381469727,2.3350000381469727,2.380000114440918,2.130000114440918,2.380000114440918,20700
2023-01-27,2.2899999618530273,2.2899999618530273,2.319999933242798,2.25,2.319999933242798,19100
2023-01-30,2.4600000381469727,2.4600000381469727,2.509999990463257,2.2899999618530273,2.5,81900
2023-01-31,2.4600000381469727,2.4600000381469727,2.5,2.3399999141693115,2.4600000381469727,35400
2023-02-01,2.490000009536743,2.490000009536743,2.5,2.3299999237060547,2.4700000286102295,29400
2023-02-02,2.559999942779541,2.559999942779541,2.619999885559082,2.359999895095825,2.490000009536743,82800
2023-02-03,2.5299999713897705,2.5299999713897705,2.640000104904175,2.4800000190734863,2.559999942779541,23600
2023-02-06,2.559999942779541,2.559999942779541,2.6040000915527344,2.4000000953674316,2.549999952316284,19400
2023-02-07,2.549999952316284,2.549999952316284,2.5899999141693115,2.4100000858306885,2.549999952316284,31600
2023-02-08,2.4800000190734863,2.4800000190734863,2.630000114440918,2.450000047683716,2.630000114440918,28600
2023-02-09,2.390000104904175,2.390000104904175,2.5799999237060547,2.380000114440918,2.559999942779541,31200
2023-02-10,2.4100000858306885,2.4100000858306885,2.5,2.3399999141693115,2.5,12500
2023-02-13,2.3399999141693115,2.3399999141693115,2.490000009536743,2.2100000381469727,2.444999933242798,29300
2023-02-14,2.319999933242798,2.319999933242798,2.4600000381469727,2.180000066757202,2.4000000953674316,32900
2023-02-15,2.3499999046325684,2.3499999046325684,2.384999990463257,2.244999885559082,2.3399999141693115,44400
2023-02-16,2.3299999237060547,2.3299999237060547,2.359999895095825,2.200000047683716,2.2799999713897705,12000
2023-02-17,2.2300000190734863,2.2300000190734863,2.319999933242798,2.200000047683716,2.2799999713897705,10400
2023-02-21,2.1700000762939453,2.1700000762939453,2.2060000896453857,2.049999952316284,2.190000057220459,46000
2023-02-22,2.0899999141693115,2.0899999141693115,2.1700000762939453,2.0299999713897705,2.140000104904175,42900
2023-02-23,2.2200000286102295,2.2200000286102295,2.2939999103546143,2.0,2.0899999141693115,115100
2023-02-24,2.0799999237060547,2.0799999237060547,2.2300000190734863,2.049999952316284,2.2300000190734863,25400
2023-02-27,2.0399999618530273,2.0399999618530273,2.1600000858306885,2.0,2.1600000858306885,19600
2023-02-28,2.1700000762939453,2.1700000762939453,2.2100000381469727,2.0799999237060547,2.128000020980835,31600
2023-03-01,2.180000066757202,2.180000066757202,2.190000057220459,2.009999990463257,2.111999988555908,20800
2023-03-02,2.140000104904175,2.140000104904175,2.174999952316284,2.0199999809265137,2.1700000762939453,19300
2023-03-03,2.0399999618530273,2.0399999618530273,2.174999952316284,2.0399999618530273,2.1700000762939453,23700
2023-03-06,2.049999952316284,2.049999952316284,2.180000066757202,2.0,2.049999952316284,24000
2023-03-07,2.0299999713897705,2.0299999713897705,2.138000011444092,1.9800000190734863,2.138000011444092,45500
2023-03-08,1.9500000476837158,1.9500000476837158,2.140000104904175,1.9500000476837158,2.0199999809265137,42000
2023-03-09,1.940000057220459,1.940000057220459,2.0999999046325684,1.8899999856948853,2.0999999046325684,31800
2023-03-10,1.899999976158142,1.899999976158142,1.9199999570846558,1.7999999523162842,1.9149999618530273,34100
2023-03-13,1.809999942779541,1.809999942779541,2.01200008392334,1.7999999523162842,1.8600000143051147,32600
2023-03-14,1.7999999523162842,1.7999999523162842,1.899999976158142,1.7799999713897705,1.899999976158142,28400
2023-03-15,1.7599999904632568,1.7599999904632568,1.8899999856948853,1.75,1.850000023841858,29000
2023-03-16,1.809999942779541,1.809999942779541,1.850000023841858,1.7100000381469727,1.75,43700
2023-03-17,1.7799999713897705,1.7799999713897705,1.8300000429153442,1.7300000190734863,1.7999999523162842,21500
2023-03-20,1.6399999856948853,1.6399999856948853,1.8300000429153442,1.600000023841858,1.7400000095367432,39800
2023-03-21,1.7400000095367432,1.7400000095367432,1.8300000429153442,1.6399999856948853,1.6799999475479126,86600
2023-03-22,1.690000057220459,1.690000057220459,1.850000023841858,1.6699999570846558,1.850000023841858,16200
2023-03-23,1.7200000286102295,1.7200000286102295,1.7599999904632568,1.649999976158142,1.659999966621399,12700
2023-03-24,1.7400000095367432,1.7400000095367432,1.7899999618530273,1.649999976158142,1.649999976158142,8700
2023-03-27,1.75,1.75,1.7599999904632568,1.659999966621399,1.7300000190734863,9100
2023-03-28,1.7899999618530273,1.7899999618530273,1.7999999523162842,1.649999976158142,1.7000000476837158,21600
2023-03-29,1.7200000286102295,1.7200000286102295,1.815999984741211,1.659999966621399,1.7300000190734863,18800
2023-03-30,1.5800000429153442,1.5800000429153442,1.7300000190734863,1.5,1.659999966621399,73400
2023-03-31,1.6299999952316284,1.6299999952316284,1.6299999952316284,1.559999942779541,1.559999942779541,26400
2023-04-03,1.600000023841858,1.600000023841858,1.6299999952316284,1.5399999618530273,1.628000020980835,29900
2023-04-04,1.590000033378601,1.590000033378601,1.6299999952316284,1.5,1.6200000047683716,29200
2023-04-05,1.5499999523162842,1.5499999523162842,1.600000023841858,1.5,1.590000033378601,16400
2023-04-06,1.5399999618530273,1.5399999618530273,1.590000033378601,1.4900000095367432,1.590000033378601,12900
2023-04-10,1.5299999713897705,1.5299999713897705,1.559999942779541,1.4800000190734863,1.5199999809265137,26400
2023-04-11,1.5,1.5,1.5399999618530273,1.4500000476837158,1.5399999618530273,16800
2023-04-12,1.5399999618530273,1.5399999618530273,1.559999942779541,1.4500000476837158,1.5,21900
2023-04-13,1.5299999713897705,1.5299999713897705,1.5800000429153442,1.4600000381469727,1.5399999618530273,14600
2023-04-14,1.5199999809265137,1.5199999809265137,1.559999942779541,1.4900000095367432,1.559999942779541,8200
2023-04-17,1.5800000429153442,1.5800000429153442,1.5800000429153442,1.5099999904632568,1.5099999904632568,11400
2023-04-18,1.590000033378601,1.590000033378601,1.600000023841858,1.5399999618530273,1.5850000381469727,16000
2023-04-19,1.5399999618530273,1.5399999618530273,1.590000033378601,1.5,1.5470000505447388,9600
2023-04-20,1.5700000524520874,1.5700000524520874,1.5850000381469727,1.5,1.5850000381469727,8000
2023-04-21,1.5199999809265137,1.5199999809265137,1.600000023841858,1.4600000381469727,1.5499999523162842,23300
2023-04-24,1.4900000095367432,1.4900000095367432,1.5700000524520874,1.440000057220459,1.5099999904632568,18000
2023-04-25,1.434000015258789,1.434000015258789,1.5199999809265137,1.399999976158142,1.4500000476837158,15100
2023-04-26,1.4199999570846558,1.4199999570846558,1.4299999475479126,1.399999976158142,1.4299999475479126,18000
2023-04-27,1.4199999570846558,1.4199999570846558,1.4600000381469727,1.350000023841858,1.3899999856948853,21600
2023-04-28,1.4600000381469727,1.4600000381469727,1.5099999904632568,1.409999966621399,1.5099999904632568,4500
2023-05-01,1.440000057220459,1.440000057220459,1.590000033378601,1.4299999475479126,1.4600000381469727,39500
2023-05-02,1.4600000381469727,1.4600000381469727,1.5299999713897705,1.3799999952316284,1.440000057220459,59500
2023-05-03,1.3899999856948853,1.3899999856948853,1.6610000133514404,1.2899999618530273,1.4700000286102295,347600
2023-05-04,1.3600000143051147,1.3600000143051147,1.4299999475479126,1.2999999523162842,1.409999966621399,60800
2023-05-05,1.2000000476837158,1.2000000476837158,1.406000018119812,1.1799999475479126,1.3990000486373901,1676100
2023-05-08,1.2899999618530273,1.2899999618530273,1.7699999809265137,1.2799999713897705,1.3799999952316284,2992600
2023-05-09,1.2200000286102295,1.2200000286102295,1.340000033378601,1.1299999952316284,1.340000033378601,668200
2023-05-10,1.2599999904632568,1.2599999904632568,1.2699999809265137,1.159999966621399,1.2200000286102295,130600
2023-05-11,1.25,1.25,1.2999999523162842,1.2100000381469727,1.2999999523162842,72400
2023-05-12,1.190000057220459,1.190000057220459,1.25,1.190000057220459,1.25,45000
2023-05-15,1.190000057220459,1.190000057220459,1.2300000190734863,1.1299999952316284,1.190000057220459,48500
2023-05-16,1.2699999809265137,1.2699999809265137,1.2999999523162842,1.2000000476837158,1.25,54800
2023-05-17,1.2599999904632568,1.2599999904632568,1.3070000410079956,1.25,1.2899999618530273,35700
2023-05-18,1.3200000524520874,1.3200000524520874,1.3200000524520874,1.25,1.2599999904632568,55100
2023-05-19,1.4500000476837158,1.4500000476837158,1.7400000095367432,1.4199999570846558,1.5499999523162842,2138300
2023-05-22,1.5199999809265137,1.5199999809265137,1.6200000047683716,1.409999966621399,1.440000057220459,651000
2023-05-23,1.5399999618530273,1.5399999618530273,1.590000033378601,1.4299999475479126,1.5199999809265137,205500
2023-05-24,1.8300000429153442,1.8300000429153442,1.8600000143051147,1.6150000095367432,1.6799999475479126,683500
2023-05-25,1.8899999856948853,1.8899999856948853,1.9700000286102295,1.6299999952316284,1.8600000143051147,399800
2023-05-26,1.809999942779541,1.809999942779541,1.9500000476837158,1.600000023841858,1.9500000476837158,287900
2023-05-30,1.7400000095367432,1.7400000095367432,1.8300000429153442,1.7050000429153442,1.7899999618530273,61300
2023-05-31,1.7699999809265137,1.7699999809265137,1.7949999570846558,1.7100000381469727,1.75,55500
2023-06-01,1.7899999618530273,1.7899999618530273,1.7899999618530273,1.75,1.7799999713897705,150800
2023-06-02,1.8899999856948853,1.8899999856948853,1.899999976158142,1.7699999809265137,1.7799999713897705,37800
2023-06-05,1.850000023841858,1.850000023841858,1.8799999952316284,1.7699999809265137,1.840000033378601,51500
2023-06-06,1.7699999809265137,1.7699999809265137,1.8459999561309814,1.7400000095367432,1.809999942779541,73500
2023-06-07,1.7999999523162842,1.7999999523162842,1.8489999771118164,1.75,1.7799999713897705,52600
2023-06-08,1.7300000190734863,1.7300000190734863,1.8300000429153442,1.7200000286102295,1.8300000429153442,29000
2023-06-09,1.7899999618530273,1.7899999618530273,1.809999942779541,1.7100000381469727,1.75,42200
2023-06-12,1.7680000066757202,1.7680000066757202,1.7799999713897705,1.7400000095367432,1.7799999713897705,7600
2023-06-13,1.7599999904632568,1.7599999904632568,1.8200000524520874,1.7200000286102295,1.7799999713897705,49900
2023-06-14,1.7400000095367432,1.7400000095367432,1.8200000524520874,1.7000000476837158,1.8200000524520874,15700
2023-06-15,1.7899999618530273,1.7899999618530273,1.7999999523162842,1.7200000286102295,1.7599999904632568,23700
2023-06-16,1.8200000524520874,1.8200000524520874,1.8200000524520874,1.7510000467300415,1.7699999809265137,24800
2023-06-20,1.8899999856948853,1.8899999856948853,1.899999976158142,1.7699999809265137,1.8200000524520874,33000
2023-06-21,1.8600000143051147,1.8600000143051147,1.8899999856948853,1.8300000429153442,1.8899999856948853,11800
2023-06-22,1.850000023841858,1.850000023841858,1.8700000047683716,1.8300000429153442,1.8680000305175781,13500
2023-06-23,1.75,1.75,1.8300000429153442,1.7200000286102295,1.8300000429153442,39100
2023-06-26,1.649999976158142,1.649999976158142,1.75,1.649999976158142,1.7400000095367432,27100
2023-06-27,1.6230000257492065,1.6230000257492065,1.6799999475479126,1.600000023841858,1.6200000047683716,27900
2023-06-28,1.600000023841858,1.600000023841858,1.6979999542236328,1.600000023841858,1.6200000047683716,11500
2023-06-29,1.6200000047683716,1.6200000047683716,1.690000057220459,1.6100000143051147,1.690000057220459,15100
2023-06-30,1.6299999952316284,1.6299999952316284,1.7400000095367432,1.6299999952316284,1.7200000286102295,16800
2023-07-03,1.649999976158142,1.649999976158142,1.7000000476837158,1.649999976158142,1.6799999475479126,9600
2023-07-05,1.649999976158142,1.649999976158142,1.7200000286102295,1.6399999856948853,1.7100000381469727,22100
2023-07-06,1.6100000143051147,1.6100000143051147,1.690000057220459,1.6100000143051147,1.6200000047683716,10800
2023-07-07,1.6699999570846558,1.6699999570846558,1.7000000476837158,1.6419999599456787,1.7000000476837158,16400
2023-07-10,1.659999966621399,1.659999966621399,1.7300000190734863,1.6399999856948853,1.7300000190734863,12600
2023-07-11,1.659999966621399,1.659999966621399,1.7170000076293945,1.659999966621399,1.659999966621399,11200
2023-07-12,1.6619999408721924,1.6619999408721924,1.7899999618530273,1.659999966621399,1.6699999570846558,23300
2023-07-13,1.684999942779541,1.684999942779541,1.7400000095367432,1.649999976158142,1.659999966621399,19100
2023-07-14,1.6460000276565552,1.6460000276565552,1.7200000286102295,1.6299999952316284,1.6299999952316284,26500
2023-07-17,1.7000000476837158,1.7000000476837158,1.7300000190734863,1.6299999952316284,1.7300000190734863,46600
2023-07-18,1.7000000476837158,1.7000000476837158,1.7400000095367432,1.6720000505447388,1.6799999475479126,36600
2023-07-19,1.7000000476837158,1.7000000476837158,1.7300000190734863,1.6399999856948853,1.7300000190734863,17400
2023-07-20,1.690999984741211,1.690999984741211,1.715000033378601,1.649999976158142,1.715000033378601,20400
2023-07-21,1.6549999713897705,1.6549999713897705,1.7200000286102295,1.6200000047683716,1.7200000286102295,19300
2023-07-24,1.6699999570846558,1.6699999570846558,1.7100000381469727,1.6399999856948853,1.7100000381469727,28100
2023-07-25,1.659999966621399,1.659999966621399,1.7000000476837158,1.649999976158142,1.7000000476837158,11000
2023-07-26,1.684999942779541,1.684999942779541,1.7200000286102295,1.649999976158142,1.7000000476837158,18700
2023-07-27,1.6799999475479126,1.6799999475479126,1.7000000476837158,1.6399999856948853,1.6749999523162842,7300
2023-07-28,1.6799999475479126,1.6799999475479126,1.7200000286102295,1.6410000324249268,1.6699999570846558,44200
2023-07-31,1.6699999570846558,1.6699999570846558,1.7300000190734863,1.649999976158142,1.7300000190734863,17300
2023-08-01,1.649999976158142,1.649999976158142,1.690000057220459,1.6399999856948853,1.690000057220459,11000
2023-08-02,1.6349999904632568,1.6349999904632568,1.6699999570846558,1.6200000047683716,1.6399999856948853,18200
2023-08-03,1.6699999570846558,1.6699999570846558,1.7000000476837158,1.6200000047683716,1.6299999952316284,12600
2023-08-04,1.690000057220459,1.690000057220459,1.690000057220459,1.649999976158142,1.6549999713897705,10800
2023-08-07,1.690000057220459,1.690000057220459,1.8200000524520874,1.6480000019073486,1.7000000476837158,76800
2023-08-08,1.6799999475479126,1.6799999475479126,1.7200000286102295,1.659999966621399,1.7100000381469727,13300
2023-08-09,1.6699999570846558,1.6699999570846558,1.6799999475479126,1.659999966621399,1.6699999570846558,7600
2023-08-10,1.659999966621399,1.659999966621399,1.690000057220459,1.6480000019073486,1.6799999475479126,3700
2023-08-11,1.6799999475479126,1.6799999475479126,1.690000057220459,1.6399999856948853,1.649999976158142,29000
2023-08-14,1.600000023841858,1.600000023841858,1.6699999570846558,1.5700000524520874,1.659999966621399,73500
2023-08-15,1.6100000143051147,1.6100000143051147,1.6299999952316284,1.565999984741211,1.600000023841858,23400
2023-08-16,1.6169999837875366,1.6169999837875366,1.6419999599456787,1.590000033378601,1.6100000143051147,16200
2023-08-17,1.5299999713897705,1.5299999713897705,1.659999966621399,1.5110000371932983,1.6100000143051147,65300
2023-08-18,1.5800000429153442,1.5800000429153442,1.7200000286102295,1.5499999523162842,1.7200000286102295,40700
2023-08-21,1.7100000381469727,1.7100000381469727,1.7200000286102295,1.659999966621399,1.7000000476837158,299000
2023-08-22,1.690000057220459,1.690000057220459,1.75,1.6699999570846558,1.75,100900
2023-08-23,1.6699999570846558,1.6699999570846558,1.7200000286102295,1.6299999952316284,1.7200000286102295,46400
2023-08-24,1.690000057220459,1.690000057220459,1.690000057220459,1.6399999856948853,1.6699999570846558,71000
2023-08-25,1.7000000476837158,1.7000000476837158,1.7100000381469727,1.6799999475479126,1.6799999475479126,41800
2023-08-28,1.7000000476837158,1.7000000476837158,1.7100000381469727,1.649999976158142,1.7100000381469727,58100
2023-08-29,1.7300000190734863,1.7300000190734863,1.7300000190734863,1.7000000476837158,1.7000000476837158,35700
2023-08-30,2.7100000381469727,2.7100000381469727,2.759999990463257,1.7999999523162842,1.7999999523162842,2687400
2023-08-31,2.819999933242798,2.819999933242798,3.0,2.569999933242798,2.5999999046325684,726700
2023-09-01,3.430000066757202,3.430000066757202,3.5,2.859999895095825,2.9600000381469727,880700
2023-09-05,3.799999952316284,3.799999952316284,4.03000020980835,3.4100000858306885,3.450000047683716,841800
2023-09-06,4.949999809265137,4.949999809265137,5.25,3.8499999046325684,3.9000000953674316,1668800
2023-09-07,4.309999942779541,4.309999942779541,5.099999904632568,4.03000020980835,4.369999885559082,1282400
2023-09-08,4.5,4.5,4.679999828338623,4.0,4.349999904632568,500800
2023-09-11,3.890000104904175,3.890000104904175,4.539999961853027,3.5999999046325684,4.539999961853027,522000
2023-09-12,4.010000228881836,4.010000228881836,4.239999771118164,3.7799999713897705,4.010000228881836,358200
2023-09-13,3.1600000858306885,3.1600000858306885,4.0,3.009999990463257,3.819999933242798,356200
2023-09-14,2.9200000762939453,2.9200000762939453,3.371000051498413,2.819999933242798,3.240000009536743,457200
2023-09-15,3.75,3.75,3.8499999046325684,2.700000047683716,3.130000114440918,720100
2023-09-18,4.070000171661377,4.070000171661377,4.230000019073486,3.759999990463257,3.809999942779541,521900
2023-09-19,3.7300000190734863,3.7300000190734863,4.03000020980835,3.4800000190734863,3.9800000190734863,221600
2023-09-20,3.430000066757202,3.430000066757202,3.6600000858306885,3.3299999237060547,3.6600000858306885,152300
2023-09-21,3.2100000381469727,3.2100000381469727,3.427999973297119,3.2100000381469727,3.319999933242798,97800
2023-09-22,3.559999942779541,3.559999942779541,3.559999942779541,3.259999990463257,3.3499999046325684,140400
2023-09-25,3.450000047683716,3.450000047683716,3.624000072479248,3.359999895095825,3.380000114440918,122400
2023-09-26,3.4700000286102295,3.4700000286102295,3.490000009536743,3.3499999046325684,3.450000047683716,45600
2023-09-27,3.5999999046325684,3.5999999046325684,3.799999952316284,3.450000047683716,3.4700000286102295,177000
2023-09-28,3.369999885559082,3.369999885559082,3.5880000591278076,3.299999952316284,3.549999952316284,78400
2023-09-29,3.119999885559082,3.119999885559082,3.380000114440918,3.0,3.299999952316284,177500
2023-10-02,3.005000114440918,3.005000114440918,3.2100000381469727,3.0,3.109999895095825,84200
2023-10-03,2.890000104904175,2.890000104904175,3.0390000343322754,2.8499999046325684,3.0,85000
2023-10-04,2.9600000381469727,2.9600000381469727,3.009999990463257,2.759999990463257,2.759999990463257,92700
2023-10-05,2.8299999237060547,2.8299999237060547,3.0,2.7100000381469727,2.9700000286102295,50500
2023-10-06,2.828000068664551,2.828000068664551,2.9200000762939453,2.75,2.759999990463257,40400
2023-10-09,2.690000057220459,2.690000057220459,2.9100000858306885,2.6549999713897705,2.8299999237060547,96900
2023-10-10,2.6600000858306885,2.6600000858306885,2.7660000324249268,2.549999952316284,2.6700000762939453,122900
2023-10-11,2.759999990463257,2.759999990463257,2.859999895095825,2.61899995803833,2.619999885559082,66300
2023-10-12,2.880000114440918,2.880000114440918,2.9000000953674316,2.680000066757202,2.7799999713897705,36400
2023-10-13,2.740000009536743,2.740000009536743,2.9800000190734863,2.700000047683716,2.9800000190734863,40800
2023-10-16,2.690000057220459,2.690000057220459,2.740000009536743,2.6600000858306885,2.740000009536743,17800
2023-10-17,2.7699999809265137,2.7699999809265137,2.802000045776367,2.7100000381469727,2.7100000381469727,15900
2023-10-18,2.640000104904175,2.640000104904175,2.7750000953674316,2.609999895095825,2.759999990463257,22600
2023-10-19,2.630000114440918,2.630000114440918,2.7100000381469727,2.609999895095825,2.609999895095825,15600
2023-10-20,2.630000114440918,2.630000114440918,2.6429998874664307,2.5799999237060547,2.5999999046325684,13500
2023-10-23,2.5799999237060547,2.5799999237060547,2.6429998874664307,2.549999952316284,2.640000104904175,18200
2023-10-24,2.559999942779541,2.559999942779541,2.619999885559082,2.559999942779541,2.619999885559082,15800
2023-10-25,2.5999999046325684,2.5999999046325684,2.680000066757202,2.5799999237060547,2.5799999237060547,23000
2023-10-26,2.609999895095825,2.609999895095825,2.640000104904175,2.549999952316284,2.630000114440918,34000
2023-10-27,2.640000104904175,2.640000104904175,2.6700000762939453,2.5799999237060547,2.619999885559082,17700
2023-10-30,2.640000104904175,2.640000104904175,2.6600000858306885,2.5799999237060547,2.6600000858306885,23500
2023-10-31,2.7100000381469727,2.7100000381469727,2.7890000343322754,2.640000104904175,2.6670000553131104,28500
2023-11-01,2.759999990463257,2.759999990463257,2.7799999713897705,2.7100000381469727,2.7100000381469727,9800
2023-11-02,2.819999933242798,2.819999933242798,2.9000000953674316,2.759999990463257,2.8499999046325684,19700
2023-11-03,2.799999952316284,2.799999952316284,2.890000104904175,2.7100000381469727,2.809999942779541,41400
2023-11-06,3.0,3.0,3.109999895095825,2.759999990463257,2.759999990463257,61200
2023-11-07,2.890000104904175,2.890000104904175,3.049999952316284,2.890000104904175,2.9700000286102295,22200
2023-11-08,3.059999942779541,3.059999942779541,3.0999999046325684,2.8399999141693115,3.0,55100
2023-11-09,2.950000047683716,2.950000047683716,3.0999999046325684,2.9100000858306885,3.0,20700
2023-11-10,2.799999952316284,2.799999952316284,2.9700000286102295,2.799999952316284,2.890000104904175,45300
2023-11-13,2.940000057220459,2.940000057220459,2.990000009536743,2.880000114440918,2.9000000953674316,68800
2023-11-14,3.109999895095825,3.109999895095825,3.109999895095825,2.9100000858306885,2.9700000286102295,55300
2023-11-15,3.390000104904175,3.390000104904175,3.549999952316284,3.0999999046325684,3.0999999046325684,45800
2023-11-16,3.25,3.25,3.4800000190734863,3.0,3.4800000190734863,52200
2023-11-17,3.3399999141693115,3.3399999141693115,3.490000009536743,3.1700000762939453,3.490000009536743,72600
2023-11-20,2.859999895095825,2.859999895095825,3.063999891281128,2.681999921798706,2.9800000190734863,258300
2023-11-21,2.569999933242798,2.569999933242798,2.9000000953674316,2.4600000381469727,2.759999990463257,144300
2023-11-22,2.4600000381469727,2.4600000381469727,2.609999895095825,2.433000087738037,2.5799999237060547,58300
2023-11-24,2.4100000858306885,2.4100000858306885,2.5299999713897705,2.3499999046325684,2.5299999713897705,27600
2023-11-27,2.259999990463257,2.259999990463257,2.424999952316284,2.1419999599456787,2.380000114440918,122300
2023-11-28,2.109999895095825,2.109999895095825,2.299999952316284,2.0999999046325684,2.299999952316284,75900
2023-11-29,2.4000000953674316,2.4000000953674316,2.4700000286102295,2.109999895095825,2.1700000762939453,59500
2023-11-30,2.4700000286102295,2.4700000286102295,2.700000047683716,2.4200000762939453,2.4600000381469727,81500
2023-12-01,2.5899999141693115,2.5899999141693115,2.630000114440918,2.4700000286102295,2.4700000286102295,87700
2023-12-04,2.5399999618530273,2.5399999618530273,2.6630001068115234,2.509999990463257,2.5799999237060547,65900
2023-12-05,2.4700000286102295,2.4700000286102295,2.559999942779541,2.359999895095825,2.5,54900
2023-12-06,2.440000057220459,2.440000057220459,2.549999952316284,2.25,2.5,40300
2023-12-07,2.5299999713897705,2.5299999713897705,2.549999952316284,2.430000066757202,2.430000066757202,10300
2023-12-08,2.5799999237060547,2.5799999237060547,2.5799999237060547,2.424999952316284,2.549999952316284,26100
2023-12-11,2.5299999713897705,2.5299999713897705,2.6559998989105225,2.4100000858306885,2.630000114440918,20200
2023-12-12,2.450000047683716,2.450000047683716,2.609999895095825,2.3889999389648438,2.5399999618530273,20600
2023-12-13,2.5,2.5,2.569999933242798,2.4200000762939453,2.5,15900
2023-12-14,2.619999885559082,2.619999885559082,2.859999895095825,2.430000066757202,2.430000066757202,90100
2023-12-15,2.619999885559082,2.619999885559082,2.700000047683716,2.5799999237060547,2.5799999237060547,27300
2023-12-18,2.611999988555908,2.611999988555908,2.630000114440918,2.559999942779541,2.569999933242798,19300
2023-12-19,2.5799999237060547,2.5799999237060547,2.690000057220459,2.559999942779541,2.559999942779541,19400
2023-12-20,2.559999942779541,2.559999942779541,2.759999990463257,2.549999952316284,2.5799999237060547,56500
2023-12-21,2.7200000286102295,2.7200000286102295,2.7200000286102295,2.559999942779541,2.559999942779541,53600
2023-12-22,2.7300000190734863,2.7300000190734863,2.819999933242798,2.5999999046325684,2.75,31500
2023-12-26,2.9800000190734863,2.9800000190734863,3.0299999713897705,2.7100000381469727,2.809999942779541,43500
2023-12-27,2.799999952316284,2.799999952316284,3.0,2.799999952316284,3.0,49000
2023-12-28,2.7699999809265137,2.7699999809265137,2.950000047683716,2.757999897003174,2.9000000953674316,21700
2023-12-29,2.7899999618530273,2.7899999618530273,2.8239998817443848,2.619999885559082,2.7799999713897705,65800
2024-01-02,2.819999933242798,2.819999933242798,2.890000104904175,2.6500000953674316,2.890000104904175,37700
2024-01-03,2.809999942779541,2.809999942779541,2.869999885559082,2.7100000381469727,2.8299999237060547,30900
2024-01-04,2.8299999237060547,2.8299999237060547,2.8459999561309814,2.7239999771118164,2.8440001010894775,27900
2024-01-05,2.75,2.75,2.809999942779541,2.7209999561309814,2.7699999809265137,47800
2024-01-08,2.859999895095825,2.859999895095825,2.869999885559082,2.7300000190734863,2.7300000190734863,43200
2024-01-09,2.930000066757202,2.930000066757202,3.0,2.799999952316284,2.9000000953674316,89600
2024-01-10,3.0,3.0,3.0899999141693115,2.868000030517578,2.940000057220459,130200
2024-01-11,2.9800000190734863,2.9800000190734863,3.069999933242798,2.8499999046325684,3.069999933242798,52000
2024-01-12,3.3399999141693115,3.3399999141693115,3.490000009536743,2.990000009536743,2.990000009536743,127500
2024-01-16,3.5999999046325684,3.5999999046325684,3.8399999141693115,3.3499999046325684,3.3499999046325684,169800
2024-01-17,3.369999885559082,3.369999885559082,3.7200000286102295,3.190000057220459,3.7200000286102295,129500
2024-01-18,3.5,3.5,3.503999948501587,3.3299999237060547,3.390000104904175,43800
2024-01-19,3.549999952316284,3.549999952316284,3.6700000762939453,3.4600000381469727,3.509999990463257,22700
2024-01-22,3.450000047683716,3.450000047683716,3.609999895095825,3.25,3.609999895095825,29600
2024-01-23,3.380000114440918,3.380000114440918,3.490000009536743,3.3399999141693115,3.3399999141693115,22300
2024-01-24,3.5999999046325684,3.5999999046325684,3.6500000953674316,3.380000114440918,3.4600000381469727,45700
2024-01-25,3.5999999046325684,3.5999999046325684,3.8399999141693115,3.4170000553131104,3.8399999141693115,44700
2024-01-26,3.5999999046325684,3.5999999046325684,3.619999885559082,3.490000009536743,3.619999885559082,11100
2024-01-29,3.3399999141693115,3.3399999141693115,3.619999885559082,3.049999952316284,3.5999999046325684,92700
2024-01-30,3.2799999713897705,3.2799999713897705,3.3399999141693115,3.119999885559082,3.180000066757202,44200
2024-01-31,3.25,3.25,3.3299999237060547,3.190000057220459,3.3299999237060547,17400
2024-02-01,3.2899999618530273,3.2899999618530273,3.299999952316284,3.1500000953674316,3.1700000762939453,27800
2024-02-02,3.369999885559082,3.369999885559082,3.4000000953674316,3.2100000381469727,3.2100000381469727,29000
2024-02-05,3.369999885559082,3.369999885559082,3.4200000762939453,3.200000047683716,3.3499999046325684,51000
2024-02-06,3.3499999046325684,3.3499999046325684,3.369999885559082,3.2219998836517334,3.3510000705718994,11600
2024-02-07,3.2899999618530273,3.2899999618530273,3.3499999046325684,3.2100000381469727,3.240000009536743,29400
2024-02-08,3.299999952316284,3.299999952316284,3.309999942779541,3.2100000381469727,3.2300000190734863,12400
2024-02-09,3.299999952316284,3.299999952316284,3.3399999141693115,3.200000047683716,3.299999952316284,25500
2024-02-12,3.3499999046325684,3.3499999046325684,3.3499999046325684,3.200000047683716,3.2300000190734863,21900
2024-02-13,3.3299999237060547,3.3299999237060547,3.369999885559082,3.2200000286102295,3.369999885559082,28500
2024-02-14,3.640000104904175,3.640000104904175,3.640000104904175,3.3420000076293945,3.3499999046325684,35600
2024-02-15,3.690000057220459,3.690000057220459,3.690000057220459,3.5299999713897705,3.609999895095825,29200
2024-02-16,3.6600000858306885,3.6600000858306885,3.690000057220459,3.569999933242798,3.6500000953674316,32400
2024-02-20,3.6500000953674316,3.6500000953674316,3.6500000953674316,3.510999917984009,3.5299999713897705,11900
2024-02-21,3.5899999141693115,3.5899999141693115,3.6500000953674316,3.5399999618530273,3.6500000953674316,12200
2024-02-22,3.549999952316284,3.549999952316284,3.6500000953674316,3.4600000381469727,3.6500000953674316,22900
2024-02-23,3.549999952316284,3.549999952316284,3.549999952316284,3.4600000381469727,3.549999952316284,24900
2024-02-26,3.565000057220459,3.565000057220459,3.6489999294281006,3.509999990463257,3.609999895095825,51700
2024-02-27,3.380000114440918,3.380000114440918,3.5999999046325684,3.3499999046325684,3.5999999046325684,36800
2024-02-28,3.2300000190734863,3.2300000190734863,3.4200000762939453,3.200000047683716,3.369999885559082,19400
2024-02-29,3.1500000953674316,3.1500000953674316,3.2920000553131104,3.0989999771118164,3.2300000190734863,13300
2024-03-01,3.0299999713897705,3.0299999713897705,3.1760001182556152,2.816999912261963,3.109999895095825,84100
2024-03-04,2.9100000858306885,2.9100000858306885,3.1600000858306885,2.8399999141693115,3.1500000953674316,31700
2024-03-05,2.819999933242798,2.819999933242798,2.880000114440918,2.740000009536743,2.8499999046325684,53600
2024-03-06,2.8399999141693115,2.8399999141693115,2.9149999618530273,2.75,2.815999984741211,19300
2024-03-07,2.509999990463257,2.509999990463257,2.8299999237060547,2.509999990463257,2.7799999713897705,30000
2024-03-08,2.690000057220459,2.690000057220459,2.8399999141693115,2.609999895095825,2.609999895095825,29000
2024-03-11,2.509999990463257,2.509999990463257,2.75,2.509999990463257,2.680000066757202,40200
2024-03-12,2.5399999618530273,2.5399999618530273,2.8299999237060547,2.5399999618530273,2.630000114440918,16400
2024-03-13,2.5799999237060547,2.5799999237060547,2.7899999618530273,2.5399999618530273,2.5399999618530273,24100
2024-03-14,2.619999885559082,2.619999885559082,2.6500000953674316,2.569999933242798,2.630000114440918,2700
2024-03-15,2.5399999618530273,2.5399999618530273,2.7269999980926514,2.5209999084472656,2.5899999141693115,12800
2024-03-18,2.369999885559082,2.369999885559082,2.609999895095825,2.369999885559082,2.5299999713897705,25700
2024-03-19,2.25,2.25,2.4800000190734863,2.25,2.450000047683716,24300
2024-03-20,2.049999952316284,2.049999952316284,2.259999990463257,2.049999952316284,2.25,56500
2024-03-21,2.0999999046325684,2.0999999046325684,2.190000057220459,2.069999933242798,2.069999933242798,31200
2024-03-22,2.1500000953674316,2.1500000953674316,2.2300000190734863,2.059999942779541,2.1500000953674316,36000
2024-03-25,2.299999952316284,2.299999952316284,2.3399999141693115,2.1500000953674316,2.1500000953674316,28600
2024-03-26,2.200000047683716,2.200000047683716,2.390000104904175,2.200000047683716,2.380000114440918,60200
2024-03-27,2.309999942779541,2.309999942779541,2.319999933242798,2.2079999446868896,2.2699999809265137,21500
2024-03-28,2.2100000381469727,2.2100000381469727,2.4000000953674316,2.2100000381469727,2.2799999713897705,14300
2024-04-01,2.009999990463257,2.009999990463257,2.200000047683716,1.8600000143051147,2.200000047683716,119500
2024-04-02,1.8799999952316284,1.8799999952316284,2.119999885559082,1.8200000524520874,1.9900000095367432,179100
2024-04-03,1.9800000190734863,1.9800000190734863,2.049999952316284,1.850000023841858,1.850000023841858,16900
2024-04-04,1.9500000476837158,1.9500000476837158,2.140000104904175,1.9500000476837158,2.059999942779541,35400
2024-04-05,2.140000104904175,2.140000104904175,2.190000057220459,2.0,2.009999990463257,39900
2024-04-08,2.1500000953674316,2.1500000953674316,2.1700000762939453,2.059999942779541,2.109999895095825,15900
2024-04-09,2.0299999713897705,2.0299999713897705,2.180000066757202,2.009999990463257,2.1700000762939453,29500
2024-04-10,1.909999966621399,1.909999966621399,2.140000104904175,1.909999966621399,2.069999933242798,43000
2024-04-11,1.9199999570846558,1.9199999570846558,1.9500000476837158,1.9199999570846558,1.9199999570846558,7700
2024-04-12,1.9600000381469727,1.9600000381469727,1.9700000286102295,1.9299999475479126,1.9299999475479126,5000
2024-04-15,1.9600000381469727,1.9600000381469727,1.9600000381469727,1.899999976158142,1.9199999570846558,50700
2024-04-16,1.9199999570846558,1.9199999570846558,1.9700000286102295,1.9199999570846558,1.9500000476837158,77400
2024-04-17,1.5299999713897705,1.5299999713897705,1.7999999523162842,1.5,1.7999999523162842,119200
2024-04-18,1.6799999475479126,1.6799999475479126,1.7120000123977661,1.5199999809265137,1.5199999809265137,55200
2024-04-19,1.6399999856948853,1.6399999856948853,1.75,1.5499999523162842,1.6799999475479126,50000
2024-04-22,1.659999966621399,1.659999966621399,1.7000000476837158,1.6200000047683716,1.649999976158142,28000
2024-04-23,1.690000057220459,1.690000057220459,1.690000057220459,1.6200000047683716,1.690000057220459,28900
2024-04-24,1.690000057220459,1.690000057220459,1.75,1.659999966621399,1.7000000476837158,23700
2024-04-25,1.600000023841858,1.600000023841858,1.690000057220459,1.600000023841858,1.649999976158142,14200
2024-04-26,1.600000023841858,1.600000023841858,1.6799999475479126,1.5499999523162842,1.6799999475479126,85700
2024-04-29,1.6299999952316284,1.6299999952316284,1.6699999570846558,1.590000033378601,1.590000033378601,14300
2024-04-30,1.600000023841858,1.600000023841858,1.659999966621399,1.590000033378601,1.6299999952316284,14400
2024-05-01,1.6299999952316284,1.6299999952316284,1.63100004196167,1.5700000524520874,1.5700000524520874,16300
2024-05-02,1.6100000143051147,1.6100000143051147,1.6399999856948853,1.6100000143051147,1.6200000047683716,13400
2024-05-03,1.6369999647140503,1.6369999647140503,1.6699999570846558,1.590000033378601,1.593999981880188,23800
2024-05-06,1.590000033378601,1.590000033378601,1.6100000143051147,1.5800000429153442,1.6100000143051147,17200
2024-05-07,1.5700000524520874,1.5700000524520874,1.6150000095367432,1.5499999523162842,1.5800000429153442,28900
2024-05-08,1.5199999809265137,1.5199999809265137,1.559999942779541,1.4800000190734863,1.559999942779541,21400
2024-05-09,1.5099999904632568,1.5099999904632568,1.5299999713897705,1.4900000095367432,1.4900000095367432,27000
2024-05-10,1.5299999713897705,1.5299999713897705,1.5399999618530273,1.440000057220459,1.5399999618530273,22000
2024-05-13,1.4700000286102295,1.4700000286102295,1.5199999809265137,1.4299999475479126,1.4880000352859497,36600
2024-05-14,1.5,1.5,1.5299999713897705,1.4500000476837158,1.5199999809265137,49200
2024-05-15,1.559999942779541,1.559999942779541,1.6019999980926514,1.4299999475479126,1.4600000381469727,96600
2024-05-16,1.6100000143051147,1.6100000143051147,1.649999976158142,1.5,1.5800000429153442,58800
2024-05-17,1.559999942779541,1.559999942779541,1.6200000047683716,1.5099999904632568,1.6100000143051147,80700
2024-05-20,1.559999942779541,1.559999942779541,1.6100000143051147,1.5099999904632568,1.590000033378601,49000
2024-05-21,1.5399999618530273,1.5399999618530273,1.559999942779541,1.5,1.559999942779541,10200
2024-05-22,1.6299999952316284,1.6299999952316284,1.6299999952316284,1.5199999809265137,1.5199999809265137,21300
2024-05-23,1.5499999523162842,1.5499999523162842,1.6200000047683716,1.5399999618530273,1.6200000047683716,25000
2024-05-24,1.5199999809265137,1.5199999809265137,1.621000051498413,1.5199999809265137,1.559999942779541,21400
2024-05-28,1.4700000286102295,1.4700000286102295,1.5499999523162842,1.4600000381469727,1.5199999809265137,39200
2024-05-29,1.4299999475479126,1.4299999475479126,1.503999948501587,1.399999976158142,1.4600000381469727,17700
2024-05-30,1.4199999570846558,1.4199999570846558,1.4500000476837158,1.399999976158142,1.440000057220459,9500
2024-05-31,1.4500000476837158,1.4500000476837158,1.4500000476837158,1.3619999885559082,1.399999976158142,32900
2024-06-03,1.5,1.5,1.5,1.4299999475479126,1.4500000476837158,19300
2024-06-04,1.399999976158142,1.399999976158142,1.5199999809265137,1.399999976158142,1.5,38800
2024-06-05,1.3799999952316284,1.3799999952316284,1.4500000476837158,1.3799999952316284,1.4500000476837158,23900
2024-06-06,1.4500000476837158,1.4500000476837158,1.4800000190734863,1.399999976158142,1.399999976158142,18900
2024-06-07,1.4299999475479126,1.4299999475479126,1.4800000190734863,1.399999976158142,1.409999966621399,16100
2024-06-10,1.3799999952316284,1.3799999952316284,1.409999966621399,1.3700000047683716,1.399999976158142,19500
2024-06-11,1.3799999952316284,1.3799999952316284,1.3899999856948853,1.3700000047683716,1.3700000047683716,7400
2024-06-12,1.5,1.5,1.5199999809265137,1.3799999952316284,1.3899999856948853,18800
2024-06-13,1.5,1.5,1.5399999618530273,1.4800000190734863,1.5199999809265137,33000
2024-06-14,1.5099999904632568,1.5099999904632568,1.5099999904632568,1.5,1.5,10700
2024-06-17,1.5,1.5,1.5299999713897705,1.5,1.5299999713897705,5300
2024-06-18,1.5,1.5,1.5160000324249268,1.5,1.5099999904632568,14400
2024-06-20,1.4500000476837158,1.4500000476837158,1.5180000066757202,1.440000057220459,1.5,16700
2024-06-21,1.4700000286102295,1.4700000286102295,1.4700000286102295,1.4500000476837158,1.4600000381469727,3600
2024-06-24,1.3899999856948853,1.3899999856948853,1.440000057220459,1.3899999856948853,1.4299999475479126,10400
2024-06-25,1.409999966621399,1.409999966621399,1.4199999570846558,1.399999976158142,1.399999976158142,18700
2024-06-26,1.3899999856948853,1.3899999856948853,1.4199999570846558,1.3899999856948853,1.3899999856948853,8900
2024-06-27,1.4199999570846558,1.4199999570846558,1.4199999570846558,1.3899999856948853,1.3899999856948853,4500
2024-06-28,1.399999976158142,1.399999976158142,1.4199999570846558,1.399999976158142,1.4199999570846558,4300
2024-07-01,1.3899999856948853,1.3899999856948853,1.4199999570846558,1.3899999856948853,1.3899999856948853,11000
2024-07-02,1.3949999809265137,1.3949999809265137,1.399999976158142,1.3899999856948853,1.399999976158142,800
2024-07-03,1.4299999475479126,1.4299999475479126,1.4299999475479126,1.4049999713897705,1.4049999713897705,8200
2024-07-05,1.4149999618530273,1.4149999618530273,1.4600000381469727,1.409999966621399,1.409999966621399,9800
2024-07-08,1.4299999475479126,1.4299999475479126,1.4500000476837158,1.4199999570846558,1.440000057220459,4700
2024-07-09,1.4199999570846558,1.4199999570846558,1.434000015258789,1.399999976158142,1.409999966621399,2700
2024-07-10,1.7300000190734863,1.7300000190734863,1.899999976158142,1.4600000381469727,1.5,318900
2024-07-11,1.9800000190734863,1.9800000190734863,2.240000009536743,1.8200000524520874,1.8799999952316284,342600
2024-07-12,1.7510000467300415,1.7510000467300415,2.0,1.7000000476837158,2.0,143200
2024-07-15,1.6100000143051147,1.6100000143051147,1.8079999685287476,1.5499999523162842,1.7599999904632568,115400
2024-07-16,1.8300000429153442,1.8300000429153442,1.850000023841858,1.6200000047683716,1.659999966621399,93600
2024-07-17,1.8550000190734863,1.8550000190734863,1.940000057220459,1.7599999904632568,1.909999966621399,136600
2024-07-18,1.7929999828338623,1.7929999828338623,1.899999976158142,1.7799999713897705,1.899999976158142,55800
2024-07-19,1.690000057220459,1.690000057220459,1.8200000524520874,1.649999976158142,1.8200000524520874,63000
2024-07-22,1.7799999713897705,1.7799999713897705,1.8200000524520874,1.7100000381469727,1.75,90600
2024-07-23,1.7100000381469727,1.7100000381469727,1.7899999618530273,1.6699999570846558,1.7200000286102295,56200
2024-07-24,1.6799999475479126,1.6799999475479126,1.75,1.6799999475479126,1.7200000286102295,46600
2024-07-25,1.809999942779541,1.809999942779541,1.8300000429153442,1.6799999475479126,1.6799999475479126,48000
2024-07-26,1.7799999713897705,1.7799999713897705,1.8799999952316284,1.7400000095367432,1.840000033378601,60500
2024-07-29,1.7300000190734863,1.7300000190734863,1.7799999713897705,1.6799999475479126,1.7400000095367432,46700
2024-07-30,1.5399999618530273,1.5399999618530273,1.725000023841858,1.5099999904632568,1.7200000286102295,80300
2024-07-31,1.649999976158142,1.649999976158142,1.649999976158142,1.5299999713897705,1.5399999618530273,16400
2024-08-01,1.4500000476837158,1.4500000476837158,1.6399999856948853,1.4500000476837158,1.6399999856948853,48400
2024-08-02,1.4500000476837158,1.4500000476837158,1.4769999980926514,1.440000057220459,1.4500000476837158,62400
2024-08-05,1.409999966621399,1.409999966621399,1.4299999475479126,1.3600000143051147,1.4199999570846558,26200
2024-08-06,1.3700000047683716,1.3700000047683716,1.4149999618530273,1.3700000047683716,1.4149999618530273,17900
2024-08-07,1.4700000286102295,1.4700000286102295,1.5399999618530273,1.4049999713897705,1.409999966621399,57400
2024-08-08,1.4299999475479126,1.4299999475479126,1.4700000286102295,1.4199999570846558,1.4199999570846558,5200
2024-08-09,1.440000057220459,1.440000057220459,1.4600000381469727,1.440000057220459,1.4600000381469727,1400
2024-08-12,1.465000033378601,1.465000033378601,1.4900000095367432,1.409999966621399,1.409999966621399,10000
2024-08-13,1.4800000190734863,1.4800000190734863,1.5399999618530273,1.4700000286102295,1.4700000286102295,22600
2024-08-14,1.4800000190734863,1.4800000190734863,1.5700000524520874,1.4800000190734863,1.5499999523162842,30200
2024-08-15,1.6200000047683716,1.6200000047683716,1.6399999856948853,1.5399999618530273,1.5399999618530273,4508200
2024-08-16,2.25,2.25,2.509999990463257,1.9520000219345093,1.9900000095367432,32606700
2024-08-19,2.140000104904175,2.140000104904175,2.4000000953674316,1.8899999856948853,2.309999942779541,1735300
2024-08-20,2.0999999046325684,2.0999999046325684,2.2899999618530273,1.9199999570846558,1.9199999570846558,399500
2024-08-21,2.2899999618530273,2.2899999618530273,2.559999942779541,2.1500000953674316,2.2100000381469727,638900
2024-08-22,2.4100000858306885,2.4100000858306885,2.490000009536743,2.259999990463257,2.259999990463257,272300
2024-08-23,2.109999895095825,2.109999895095825,2.4800000190734863,2.049999952316284,2.4800000190734863,347700
2024-08-26,2.069999933242798,2.069999933242798,2.1700000762939453,1.9600000381469727,2.0999999046325684,299100
2024-08-27,2.009999990463257,2.009999990463257,2.0899999141693115,1.9800000190734863,2.049999952316284,114300
2024-08-28,1.9700000286102295,1.9700000286102295,2.0199999809265137,1.9299999475479126,2.009999990463257,79000
2024-08-29,2.0299999713897705,2.0299999713897705,2.0380001068115234,1.8600000143051147,1.9600000381469727,117900
2024-08-30,2.0,2.0,2.0999999046325684,1.9500000476837158,2.0399999618530273,65000
2024-09-03,2.009999990463257,2.009999990463257,2.1500000953674316,1.9170000553131104,2.0,142600
2024-09-04,2.0,2.0,2.0399999618530273,1.9539999961853027,1.9900000095367432,70700
2024-09-05,2.130000114440918,2.130000114440918,2.1440000534057617,2.009999990463257,2.049999952316284,145300
2024-09-06,2.049999952316284,2.049999952316284,2.140000104904175,2.009999990463257,2.140000104904175,57900
2024-09-09,2.259999990463257,2.259999990463257,2.440000057220459,2.1500000953674316,2.1500000953674316,472400
2024-09-10,2.440000057220459,2.440000057220459,2.4700000286102295,2.240000009536743,2.25,167400
2024-09-11,2.390000104904175,2.390000104904175,2.4700000286102295,2.305000066757202,2.4600000381469727,89300
2024-09-12,2.630000114440918,2.630000114440918,2.700000047683716,2.390000104904175,2.4100000858306885,242000
2024-09-13,2.819999933242798,2.819999933242798,2.937000036239624,2.640000104904175,2.640000104904175,386900
2024-09-16,2.7699999809265137,2.7699999809265137,2.9000000953674316,2.6600000858306885,2.7699999809265137,377000
2024-09-17,2.819999933242798,2.819999933242798,2.8399999141693115,2.7699999809265137,2.819999933242798,88000
2024-09-18,2.640000104904175,2.640000104904175,2.819999933242798,2.611999988555908,2.809999942779541,79800
2024-09-19,2.4200000762939453,2.4200000762939453,2.690000057220459,2.4000000953674316,2.690000057220459,157900
2024-09-20,2.190000057220459,2.190000057220459,2.38100004196167,2.1700000762939453,2.380000114440918,209100
2024-09-23,2.2100000381469727,2.2100000381469727,2.3399999141693115,2.0,2.109999895095825,187200
2024-09-24,2.1500000953674316,2.1500000953674316,2.2079999446868896,2.140000104904175,2.1700000762939453,62700
2024-09-25,2.109999895095825,2.109999895095825,2.25,2.109999895095825,2.1700000762939453,36700
2024-09-26,2.2200000286102295,2.2200000286102295,2.2799999713897705,2.1600000858306885,2.1600000858306885,49800
2024-09-27,2.25,2.25,2.2899999618530273,2.190000057220459,2.2300000190734863,37000
2024-09-30,2.4700000286102295,2.4700000286102295,2.630000114440918,2.380000114440918,2.4000000953674316,258100
2024-10-01,2.390000104904175,2.390000104904175,2.5799999237060547,2.380000114440918,2.5,122500
2024-10-02,2.2300000190734863,2.2300000190734863,2.4200000762939453,2.190000057220459,2.4000000953674316,99200
2024-10-03,2.309999942779541,2.309999942779541,2.3919999599456787,2.259999990463257,2.259999990463257,66900
2024-10-04,2.240000009536743,2.240000009536743,2.369999885559082,2.2100000381469727,2.3299999237060547,40000
2024-10-07,2.25,2.25,2.3399999141693115,2.2269999980926514,2.3399999141693115,51600
2024-10-08,2.180000066757202,2.180000066757202,2.240000009536743,2.130000114440918,2.240000009536743,72800
2024-10-09,2.069999933242798,2.069999933242798,2.2100000381469727,1.9900000095367432,2.180000066757202,132800
2024-10-10,2.062000036239624,2.062000036239624,2.109999895095825,1.9700000286102295,2.0799999237060547,65600
2024-10-11,2.174999952316284,2.174999952316284,2.240000009536743,2.068000078201294,2.0799999237060547,57900
2024-10-14,2.2300000190734863,2.2300000190734863,2.2850000858306885,2.200000047683716,2.2699999809265137,67700
2024-10-15,2.200000047683716,2.200000047683716,2.2699999809265137,2.188999891281128,2.2699999809265137,37400
2024-10-16,2.315000057220459,2.315000057220459,2.3299999237060547,2.190000057220459,2.2119998931884766,65700
2024-10-17,2.299999952316284,2.299999952316284,2.369999885559082,2.190000057220459,2.3499999046325684,55300
2024-10-18,2.440000057220459,2.440000057220459,2.5299999713897705,2.299999952316284,2.319999933242798,111100
2024-10-21,2.319999933242798,2.319999933242798,2.3499999046325684,2.2300000190734863,2.2300000190734863,87500
2024-10-22,2.309999942779541,2.309999942779541,2.390000104904175,2.309999942779541,2.309999942779541,33300
2024-10-23,2.559999942779541,2.559999942779541,2.740000009536743,2.3499999046325684,2.3499999046325684,245600
2024-10-24,2.4600000381469727,2.4600000381469727,2.6700000762939453,2.3499999046325684,2.5899999141693115,147900
2024-10-25,2.6500000953674316,2.6500000953674316,2.7200000286102295,2.5,2.5,169000
2024-10-28,2.619999885559082,2.619999885559082,2.799999952316284,2.609999895095825,2.690000057220459,129100
2024-10-29,2.809999942779541,2.809999942779541,2.9200000762939453,2.6700000762939453,2.6700000762939453,389500
2024-10-30,2.759999990463257,2.759999990463257,2.880000114440918,2.7109999656677246,2.880000114440918,112100
2024-10-31,2.509999990463257,2.509999990463257,2.7950000762939453,2.5,2.7699999809265137,100700
2024-11-01,2.630000114440918,2.630000114440918,2.7200000286102295,2.509999990463257,2.509999990463257,77000
2024-11-04,2.5,2.5,2.7300000190734863,2.4200000762939453,2.6600000858306885,130600
2024-11-05,2.5199999809265137,2.5199999809265137,2.5199999809265137,2.4100000858306885,2.4700000286102295,42100
2024-11-06,2.440000057220459,2.440000057220459,2.559999942779541,2.430000066757202,2.4600000381469727,62900
2024-11-07,2.440000057220459,2.440000057220459,2.5299999713897705,2.4100000858306885,2.4200000762939453,109100
2024-11-08,2.430000066757202,2.430000066757202,2.4700000286102295,2.3369998931884766,2.4200000762939453,83300
2024-11-11,2.380000114440918,2.380000114440918,2.5,2.240000009536743,2.4800000190734863,104600
2024-11-12,2.2899999618530273,2.2899999618530273,2.380000114440918,2.259999990463257,2.380000114440918,68400
2024-11-13,2.259999990463257,2.259999990463257,2.3499999046325684,2.2200000286102295,2.259999990463257,41500
2024-11-14,2.2200000286102295,2.2200000286102295,2.2899999618530273,2.1500000953674316,2.259999990463257,56000
2024-11-15,2.200000047683716,2.200000047683716,2.240000009536743,2.0999999046325684,2.180000066757202,71300
2024-11-18,2.430000066757202,2.430000066757202,2.5299999713897705,2.0999999046325684,2.0999999046325684,188100
2024-11-19,2.319999933242798,2.319999933242798,2.5299999713897705,2.2799999713897705,2.5299999713897705,58900
2024-11-20,2.2799999713897705,2.2799999713897705,2.319999933242798,2.180000066757202,2.319999933242798,52300
2024-11-21,2.2200000286102295,2.2200000286102295,2.309999942779541,2.200000047683716,2.25,24200
2024-11-22,2.2100000381469727,2.2100000381469727,2.2799999713897705,2.069999933242798,2.2200000286102295,114100
2024-11-25,2.109999895095825,2.109999895095825,2.1700000762939453,2.0,2.1600000858306885,74800
2024-11-26,2.1600000858306885,2.1600000858306885,2.2100000381469727,2.0999999046325684,2.2100000381469727,28100
2024-11-27,2.0399999618530273,2.0399999618530273,2.190000057220459,2.009999990463257,2.1500000953674316,101000
2024-11-29,2.180000066757202,2.180000066757202,2.190000057220459,2.049999952316284,2.0799999237060547,48800
2024-12-02,2.1600000858306885,2.1600000858306885,2.2300000190734863,2.0910000801086426,2.180000066757202,78800
2024-12-03,2.140000104904175,2.140000104904175,2.180999994277954,2.0999999046325684,2.1600000858306885,72500
2024-12-04,2.109999895095825,2.109999895095825,2.190000057220459,2.0399999618530273,2.130000114440918,98400
2024-12-05,2.0299999713897705,2.0299999713897705,2.0899999141693115,1.9199999570846558,2.0899999141693115,103400
2024-12-06,2.0899999141693115,2.0899999141693115,2.119999885559082,1.9800000190734863,2.009999990463257,104500
2024-12-09,2.1500000953674316,2.1500000953674316,2.180000066757202,2.0,2.119999885559082,154800
2024-12-10,2.140000104904175,2.140000104904175,2.140000104904175,2.0850000381469727,2.140000104904175,31400
2024-12-11,2.119999885559082,2.119999885559082,2.1500000953674316,2.0850000381469727,2.1500000953674316,42900
2024-12-12,2.119999885559082,2.119999885559082,2.2179999351501465,2.059999942779541,2.059999942779541,185800
2024-12-13,2.0899999141693115,2.0899999141693115,2.125,2.069999933242798,2.0999999046325684,55700
