Date,Adj Close,Close,High,Low,Open,Volume
2019-07-31,20.454544067382812,20.454544067382812,20.454544067382812,20.454544067382812,20.454544067382812,194
2019-08-01,20.454544067382812,20.454544067382812,20.454544067382812,20.454544067382812,20.454544067382812,0
2019-08-02,20.661157608032227,20.661157608032227,20.661157608032227,20.661157608032227,20.661157608032227,48
2019-08-05,20.661157608032227,20.661157608032227,20.661157608032227,20.661157608032227,20.661157608032227,97
2019-08-06,20.661157608032227,20.661157608032227,20.661157608032227,20.661157608032227,20.661157608032227,0
2019-08-07,20.661157608032227,20.661157608032227,20.661157608032227,20.661157608032227,20.661157608032227,0
2019-08-08,20.661157608032227,20.661157608032227,20.661157608032227,20.661157608032227,20.661157608032227,0
2019-08-09,20.661157608032227,20.661157608032227,20.661157608032227,20.661157608032227,20.661157608032227,0
2019-08-12,20.661157608032227,20.661157608032227,20.661157608032227,20.661157608032227,20.661157608032227,0
2019-08-13,20.661157608032227,20.661157608032227,20.661157608032227,20.661157608032227,20.661157608032227,0
2019-08-14,20.661157608032227,20.661157608032227,20.661157608032227,20.661157608032227,20.661157608032227,0
2019-08-15,20.661157608032227,20.661157608032227,20.661157608032227,20.661157608032227,20.661157608032227,0
2019-08-16,20.661157608032227,20.661157608032227,20.661157608032227,20.661157608032227,20.661157608032227,0
2019-08-19,20.661157608032227,20.661157608032227,20.661157608032227,20.661157608032227,20.661157608032227,0
2019-08-20,20.661157608032227,20.661157608032227,20.661157608032227,20.661157608032227,20.661157608032227,0
2019-08-21,20.661157608032227,20.661157608032227,20.661157608032227,20.661157608032227,20.661157608032227,0
2019-08-22,20.661157608032227,20.661157608032227,20.661157608032227,20.661157608032227,20.661157608032227,0
2019-08-23,20.661157608032227,20.661157608032227,20.661157608032227,20.661157608032227,20.661157608032227,0
2019-08-26,20.661157608032227,20.661157608032227,20.661157608032227,20.661157608032227,20.661157608032227,0
2019-08-27,20.661157608032227,20.661157608032227,20.661157608032227,20.661157608032227,20.661157608032227,0
2019-08-28,20.661157608032227,20.661157608032227,20.661157608032227,20.661157608032227,20.661157608032227,0
2019-08-29,20.661157608032227,20.661157608032227,20.661157608032227,20.661157608032227,20.661157608032227,0
2019-08-30,20.661157608032227,20.661157608032227,20.661157608032227,20.661157608032227,20.661157608032227,0
2019-09-03,20.37190055847168,20.37190055847168,20.454544067382812,20.37190055847168,20.454544067382812,6002
2019-09-04,20.37190055847168,20.37190055847168,20.37190055847168,20.37190055847168,20.37190055847168,0
2019-09-05,20.37190055847168,20.37190055847168,20.37190055847168,20.37190055847168,20.37190055847168,0
2019-09-06,20.37190055847168,20.37190055847168,20.37190055847168,20.37190055847168,20.37190055847168,0
2019-09-09,20.37190055847168,20.37190055847168,20.37190055847168,20.37190055847168,20.37190055847168,0
2019-09-10,20.37190055847168,20.37190055847168,20.37190055847168,20.37190055847168,20.37190055847168,0
2019-09-11,20.37190055847168,20.37190055847168,20.37190055847168,20.37190055847168,20.37190055847168,0
2019-09-12,20.37190055847168,20.37190055847168,20.37190055847168,20.37190055847168,20.37190055847168,3775
2019-09-13,20.37190055847168,20.37190055847168,20.37190055847168,20.37190055847168,20.37190055847168,0
2019-09-16,20.37190055847168,20.37190055847168,20.37190055847168,20.37190055847168,20.37190055847168,0
2019-09-17,20.37190055847168,20.37190055847168,20.37190055847168,20.37190055847168,20.37190055847168,0
2019-09-18,20.37190055847168,20.37190055847168,20.37190055847168,20.37190055847168,20.37190055847168,0
2019-09-19,20.37190055847168,20.37190055847168,20.37190055847168,20.37190055847168,20.37190055847168,0
2019-09-20,20.37190055847168,20.37190055847168,20.37190055847168,20.37190055847168,20.37190055847168,0
2019-09-23,20.37190055847168,20.37190055847168,20.37190055847168,20.37190055847168,20.37190055847168,0
2019-09-24,20.37190055847168,20.37190055847168,20.37190055847168,20.37190055847168,20.37190055847168,0
2019-09-25,20.37190055847168,20.37190055847168,20.37190055847168,20.37190055847168,20.37190055847168,0
2019-09-26,20.454544067382812,20.454544067382812,20.454544067382812,20.454544067382812,20.454544067382812,484
2019-09-27,20.454544067382812,20.454544067382812,20.454544067382812,20.454544067382812,20.454544067382812,0
2019-09-30,20.454544067382812,20.454544067382812,20.454544067382812,20.454544067382812,20.454544067382812,0
2019-10-01,20.454544067382812,20.454544067382812,20.454544067382812,20.454544067382812,20.454544067382812,0
2019-10-02,20.454544067382812,20.454544067382812,20.454544067382812,20.454544067382812,20.454544067382812,0
2019-10-03,20.454544067382812,20.454544067382812,20.454544067382812,20.454544067382812,20.454544067382812,0
2019-10-04,20.454544067382812,20.454544067382812,20.454544067382812,20.454544067382812,20.454544067382812,0
2019-10-07,20.454544067382812,20.454544067382812,20.454544067382812,20.454544067382812,20.454544067382812,0
2019-10-08,20.454544067382812,20.454544067382812,20.454544067382812,20.454544067382812,20.454544067382812,0
2019-10-09,20.454544067382812,20.454544067382812,20.454544067382812,20.454544067382812,20.454544067382812,0
2019-10-10,20.454544067382812,20.454544067382812,20.454544067382812,20.454544067382812,20.454544067382812,0
2019-10-11,20.454544067382812,20.454544067382812,20.454544067382812,20.454544067382812,20.454544067382812,32960
2019-10-14,20.454544067382812,20.454544067382812,20.454544067382812,20.454544067382812,20.454544067382812,0
2019-10-15,20.454544067382812,20.454544067382812,20.454544067382812,20.454544067382812,20.454544067382812,0
2019-10-16,20.454544067382812,20.454544067382812,20.454544067382812,20.454544067382812,20.454544067382812,0
2019-10-17,20.454544067382812,20.454544067382812,20.454544067382812,20.454544067382812,20.454544067382812,0
2019-10-18,20.454544067382812,20.454544067382812,20.454544067382812,20.454544067382812,20.454544067382812,0
2019-10-21,20.454544067382812,20.454544067382812,20.454544067382812,20.454544067382812,20.454544067382812,0
2019-10-22,20.454544067382812,20.454544067382812,20.454544067382812,20.454544067382812,20.454544067382812,0
2019-10-23,20.454544067382812,20.454544067382812,20.454544067382812,20.454544067382812,20.454544067382812,0
2019-10-24,20.454544067382812,20.454544067382812,20.454544067382812,20.454544067382812,20.454544067382812,0
2019-10-25,20.454544067382812,20.454544067382812,20.454544067382812,20.454544067382812,20.454544067382812,0
2019-10-28,20.557851791381836,20.557851791381836,20.557851791381836,20.557851791381836,20.557851791381836,484
2019-10-29,20.557851791381836,20.557851791381836,20.557851791381836,20.557851791381836,20.557851791381836,0
2019-10-30,20.557851791381836,20.557851791381836,20.557851791381836,20.557851791381836,20.557851791381836,0
2019-10-31,20.557851791381836,20.557851791381836,20.557851791381836,20.557851791381836,20.557851791381836,0
2019-11-01,20.557851791381836,20.557851791381836,20.557851791381836,20.557851791381836,20.557851791381836,0
2019-11-04,20.557851791381836,20.557851791381836,20.557851791381836,20.557851791381836,20.557851791381836,0
2019-11-05,20.557851791381836,20.557851791381836,20.557851791381836,20.557851791381836,20.557851791381836,0
2019-11-06,20.557851791381836,20.557851791381836,20.557851791381836,20.557851791381836,20.557851791381836,0
2019-11-07,20.619834899902344,20.619834899902344,20.619834899902344,20.557851791381836,20.557851791381836,17908
2019-11-08,20.619834899902344,20.619834899902344,20.619834899902344,20.619834899902344,20.619834899902344,0
2019-11-11,20.619834899902344,20.619834899902344,20.619834899902344,20.619834899902344,20.619834899902344,0
2019-11-12,20.619834899902344,20.619834899902344,20.619834899902344,20.619834899902344,20.619834899902344,0
2019-11-13,20.619834899902344,20.619834899902344,20.619834899902344,20.619834899902344,20.619834899902344,0
2019-11-14,20.619834899902344,20.619834899902344,20.619834899902344,20.619834899902344,20.619834899902344,0
2019-11-15,20.619834899902344,20.619834899902344,20.619834899902344,20.619834899902344,20.619834899902344,0
2019-11-18,20.60950469970703,20.60950469970703,20.619834899902344,20.60950469970703,20.619834899902344,532
2019-11-19,20.60950469970703,20.60950469970703,20.60950469970703,20.60950469970703,20.60950469970703,0
2019-11-20,20.619834899902344,20.619834899902344,20.619834899902344,20.619834899902344,20.619834899902344,12584
2019-11-21,20.619834899902344,20.619834899902344,20.619834899902344,20.619834899902344,20.619834899902344,0
2019-11-22,20.661157608032227,20.661157608032227,20.661157608032227,20.661157608032227,20.661157608032227,484
2019-11-25,20.661157608032227,20.661157608032227,20.661157608032227,20.661157608032227,20.661157608032227,0
2019-11-26,20.661157608032227,20.661157608032227,20.661157608032227,20.661157608032227,20.661157608032227,0
2019-11-27,20.661157608032227,20.661157608032227,20.661157608032227,20.661157608032227,20.661157608032227,0
2019-11-29,20.661157608032227,20.661157608032227,20.702478408813477,20.661157608032227,20.702478408813477,774
2019-12-02,20.661157608032227,20.661157608032227,20.661157608032227,20.661157608032227,20.661157608032227,0
2019-12-03,20.661157608032227,20.661157608032227,20.661157608032227,20.661157608032227,20.661157608032227,0
2019-12-04,20.661157608032227,20.661157608032227,20.661157608032227,20.661157608032227,20.661157608032227,0
2019-12-05,20.74380111694336,20.74380111694336,20.74380111694336,20.702478408813477,20.702478408813477,629
2019-12-06,20.74380111694336,20.74380111694336,20.74380111694336,20.74380111694336,20.74380111694336,0
2019-12-09,20.74380111694336,20.74380111694336,20.74380111694336,20.74380111694336,20.74380111694336,0
2019-12-10,20.74380111694336,20.74380111694336,20.74380111694336,20.74380111694336,20.74380111694336,0
2019-12-11,20.74380111694336,20.74380111694336,20.74380111694336,20.74380111694336,20.74380111694336,0
2019-12-12,20.764463424682617,20.764463424682617,20.764463424682617,20.74380111694336,20.74380111694336,14084
2019-12-13,20.826446533203125,20.826446533203125,20.826446533203125,20.826446533203125,20.826446533203125,484
2019-12-16,20.764463424682617,20.764463424682617,20.764463424682617,20.764463424682617,20.764463424682617,24200
2019-12-17,20.764463424682617,20.764463424682617,20.764463424682617,20.764463424682617,20.764463424682617,0
2019-12-18,20.764463424682617,20.764463424682617,20.764463424682617,20.764463424682617,20.764463424682617,0
2019-12-19,20.867769241333008,20.867769241333008,20.867769241333008,20.867769241333008,20.867769241333008,48
2019-12-20,20.867769241333008,20.867769241333008,20.867769241333008,20.867769241333008,20.867769241333008,0
2019-12-23,20.867769241333008,20.867769241333008,20.867769241333008,20.867769241333008,20.867769241333008,0
2019-12-24,20.867769241333008,20.867769241333008,20.867769241333008,20.867769241333008,20.867769241333008,0
2019-12-26,20.867769241333008,20.867769241333008,20.867769241333008,20.867769241333008,20.867769241333008,0
2019-12-27,20.867769241333008,20.867769241333008,20.867769241333008,20.867769241333008,20.867769241333008,0
2019-12-30,20.867769241333008,20.867769241333008,20.867769241333008,20.867769241333008,20.867769241333008,0
2019-12-31,20.867769241333008,20.867769241333008,20.867769241333008,20.867769241333008,20.867769241333008,0
2020-01-02,20.867769241333008,20.867769241333008,20.867769241333008,20.867769241333008,20.867769241333008,0
2020-01-03,20.867769241333008,20.867769241333008,20.867769241333008,20.867769241333008,20.867769241333008,0
2020-01-06,20.867769241333008,20.867769241333008,20.867769241333008,20.867769241333008,20.867769241333008,0
2020-01-07,20.867769241333008,20.867769241333008,20.867769241333008,20.867769241333008,20.867769241333008,0
2020-01-08,20.867769241333008,20.867769241333008,20.867769241333008,20.867769241333008,20.867769241333008,0
2020-01-09,20.867769241333008,20.867769241333008,20.867769241333008,20.867769241333008,20.867769241333008,0
2020-01-10,20.867769241333008,20.867769241333008,20.867769241333008,20.867769241333008,20.867769241333008,0
2020-01-13,20.867769241333008,20.867769241333008,20.867769241333008,20.867769241333008,20.867769241333008,0
2020-01-14,20.867769241333008,20.867769241333008,20.867769241333008,20.867769241333008,20.867769241333008,0
2020-01-15,20.867769241333008,20.867769241333008,20.867769241333008,20.867769241333008,20.867769241333008,0
2020-01-16,20.867769241333008,20.867769241333008,20.867769241333008,20.867769241333008,20.867769241333008,0
2020-01-17,20.867769241333008,20.867769241333008,20.867769241333008,20.867769241333008,20.867769241333008,0
2020-01-21,20.867769241333008,20.867769241333008,20.867769241333008,20.867769241333008,20.867769241333008,0
2020-01-22,20.867769241333008,20.867769241333008,20.867769241333008,20.867769241333008,20.867769241333008,0
2020-01-23,20.867769241333008,20.867769241333008,20.867769241333008,20.867769241333008,20.867769241333008,0
2020-01-24,20.867769241333008,20.867769241333008,20.867769241333008,20.867769241333008,20.867769241333008,0
2020-01-27,20.867769241333008,20.867769241333008,20.867769241333008,20.867769241333008,20.867769241333008,0
2020-01-28,20.867769241333008,20.867769241333008,20.867769241333008,20.867769241333008,20.867769241333008,0
2020-01-29,20.867769241333008,20.867769241333008,20.867769241333008,20.867769241333008,20.867769241333008,0
2020-01-30,20.867769241333008,20.867769241333008,20.867769241333008,20.867769241333008,20.867769241333008,0
2020-01-31,20.867769241333008,20.867769241333008,20.867769241333008,20.867769241333008,20.867769241333008,0
2020-02-03,20.867769241333008,20.867769241333008,20.867769241333008,20.867769241333008,20.867769241333008,0
2020-02-04,20.867769241333008,20.867769241333008,20.867769241333008,20.867769241333008,20.867769241333008,0
2020-02-05,20.867769241333008,20.867769241333008,20.867769241333008,20.867769241333008,20.867769241333008,0
2020-02-06,20.867769241333008,20.867769241333008,20.867769241333008,20.867769241333008,20.867769241333008,0
2020-02-07,20.867769241333008,20.867769241333008,20.867769241333008,20.867769241333008,20.867769241333008,0
2020-02-10,20.867769241333008,20.867769241333008,20.867769241333008,20.867769241333008,20.867769241333008,0
2020-02-11,20.929752349853516,20.929752349853516,20.929752349853516,20.929752349853516,20.929752349853516,823
2020-02-12,20.929752349853516,20.929752349853516,20.929752349853516,20.929752349853516,20.929752349853516,0
2020-02-13,20.929752349853516,20.929752349853516,20.929752349853516,20.929752349853516,20.929752349853516,0
2020-02-14,20.929752349853516,20.929752349853516,20.929752349853516,20.929752349853516,20.929752349853516,0
2020-02-18,20.929752349853516,20.929752349853516,20.929752349853516,20.929752349853516,20.929752349853516,0
2020-02-19,20.929752349853516,20.929752349853516,20.929752349853516,20.929752349853516,20.929752349853516,0
2020-02-20,20.929752349853516,20.929752349853516,20.929752349853516,20.929752349853516,20.929752349853516,0
2020-02-21,20.929752349853516,20.929752349853516,20.929752349853516,20.929752349853516,20.929752349853516,0
2020-02-24,20.929752349853516,20.929752349853516,20.929752349853516,20.929752349853516,20.929752349853516,0
2020-02-25,20.929752349853516,20.929752349853516,20.929752349853516,20.929752349853516,20.929752349853516,0
2020-02-26,20.929752349853516,20.929752349853516,20.929752349853516,20.929752349853516,20.929752349853516,0
2020-02-27,20.929752349853516,20.929752349853516,20.929752349853516,20.929752349853516,20.929752349853516,0
2020-02-28,20.929752349853516,20.929752349853516,20.929752349853516,20.929752349853516,20.929752349853516,0
2020-03-02,20.929752349853516,20.929752349853516,20.929752349853516,20.929752349853516,20.929752349853516,0
2020-03-03,20.90909194946289,20.90909194946289,20.90909194946289,20.90909194946289,20.90909194946289,79860
2020-03-04,20.90909194946289,20.90909194946289,20.90909194946289,20.90909194946289,20.90909194946289,0
2020-03-05,20.929752349853516,20.929752349853516,20.929752349853516,20.929752349853516,20.929752349853516,18828
2020-03-06,20.929752349853516,20.929752349853516,20.929752349853516,20.929752349853516,20.929752349853516,0
2020-03-09,20.929752349853516,20.929752349853516,20.929752349853516,20.929752349853516,20.929752349853516,0
2020-03-10,20.826446533203125,20.826446533203125,20.867769241333008,20.826446533203125,20.867769241333008,38623
2020-03-11,20.826446533203125,20.826446533203125,20.826446533203125,20.826446533203125,20.826446533203125,0
2020-03-12,20.661157608032227,20.661157608032227,20.661157608032227,20.661157608032227,20.661157608032227,48
2020-03-13,20.661157608032227,20.661157608032227,20.661157608032227,20.661157608032227,20.661157608032227,12100
2020-03-16,20.661157608032227,20.661157608032227,20.661157608032227,20.661157608032227,20.661157608032227,137940
2020-03-17,20.661157608032227,20.661157608032227,20.661157608032227,20.661157608032227,20.661157608032227,0
2020-03-18,20.661157608032227,20.661157608032227,20.661157608032227,20.661157608032227,20.661157608032227,0
2020-03-19,20.661157608032227,20.661157608032227,20.661157608032227,20.661157608032227,20.661157608032227,0
2020-03-20,20.62190055847168,20.62190055847168,20.64049530029297,20.61570167541504,20.64049530029297,1355
2020-03-23,20.62190055847168,20.62190055847168,20.62190055847168,20.62190055847168,20.62190055847168,0
2020-03-24,20.62190055847168,20.62190055847168,20.62190055847168,20.62190055847168,20.62190055847168,0
2020-03-25,20.867769241333008,20.867769241333008,20.867769241333008,20.826446533203125,20.826446533203125,11180
2020-03-26,20.867769241333008,20.867769241333008,20.929752349853516,20.867769241333008,20.929752349853516,41576
2020-03-27,20.867769241333008,20.867769241333008,20.867769241333008,20.867769241333008,20.867769241333008,0
2020-03-30,20.867769241333008,20.867769241333008,20.867769241333008,20.867769241333008,20.867769241333008,0
2020-03-31,20.867769241333008,20.867769241333008,20.867769241333008,20.867769241333008,20.867769241333008,0
2020-04-01,20.929752349853516,20.929752349853516,20.929752349853516,20.929752349853516,20.929752349853516,339
2020-04-02,20.929752349853516,20.929752349853516,20.929752349853516,20.929752349853516,20.929752349853516,4840
2020-04-03,20.929752349853516,20.929752349853516,20.929752349853516,20.90909194946289,20.929752349853516,1307
2020-04-06,20.929752349853516,20.929752349853516,20.929752349853516,20.929752349853516,20.929752349853516,5082
2020-04-07,20.929752349853516,20.929752349853516,20.95041275024414,20.929752349853516,20.95041275024414,629
2020-04-08,20.971073150634766,20.971073150634766,20.971073150634766,20.95041275024414,20.95041275024414,42156
2020-04-09,21.01239776611328,21.01239776611328,21.01239776611328,21.01239776611328,21.01239776611328,145
2020-04-13,21.01239776611328,21.01239776611328,21.01239776611328,21.01239776611328,21.01239776611328,0
2020-04-14,21.01239776611328,21.01239776611328,21.01239776611328,21.01239776611328,21.01239776611328,0
2020-04-15,21.07438087463379,21.07438087463379,21.07438087463379,21.07438087463379,21.07438087463379,242
2020-04-16,21.07438087463379,21.07438087463379,21.07438087463379,21.07438087463379,21.07438087463379,0
2020-04-17,21.117769241333008,21.117769241333008,21.117769241333008,21.01239776611328,21.01239776611328,43705
2020-04-20,21.117769241333008,21.117769241333008,21.117769241333008,21.117769241333008,21.117769241333008,0
2020-04-21,21.117769241333008,21.117769241333008,21.117769241333008,21.117769241333008,21.117769241333008,0
2020-04-22,21.117769241333008,21.117769241333008,21.117769241333008,21.117769241333008,21.117769241333008,0
2020-04-23,21.117769241333008,21.117769241333008,21.117769241333008,21.117769241333008,21.117769241333008,0
2020-04-24,21.117769241333008,21.117769241333008,21.117769241333008,21.117769241333008,21.117769241333008,0
2020-04-27,21.117769241333008,21.117769241333008,21.117769241333008,21.117769241333008,21.117769241333008,0
2020-04-28,21.117769241333008,21.117769241333008,21.117769241333008,21.117769241333008,21.117769241333008,0
2020-04-29,21.117769241333008,21.117769241333008,21.117769241333008,21.117769241333008,21.117769241333008,0
2020-04-30,21.117769241333008,21.117769241333008,21.117769241333008,21.117769241333008,21.117769241333008,0
2020-05-01,21.05371856689453,21.05371856689453,21.05371856689453,21.05371856689453,21.05371856689453,242
2020-05-04,21.05371856689453,21.05371856689453,21.05371856689453,21.05371856689453,21.05371856689453,0
2020-05-05,20.973140716552734,20.973140716552734,20.985536575317383,20.973140716552734,20.98140525817871,484
2020-05-06,20.973140716552734,20.973140716552734,20.973140716552734,20.973140716552734,20.973140716552734,0
2020-05-07,20.973140716552734,20.973140716552734,20.973140716552734,20.973140716552734,20.973140716552734,0
2020-05-08,20.867769241333008,20.867769241333008,20.867769241333008,20.867769241333008,20.867769241333008,1936
2020-05-11,20.867769241333008,20.867769241333008,20.867769241333008,20.867769241333008,20.867769241333008,0
2020-05-12,20.867769241333008,20.867769241333008,20.867769241333008,20.867769241333008,20.867769241333008,0
2020-05-13,20.867769241333008,20.867769241333008,20.867769241333008,20.867769241333008,20.867769241333008,0
2020-05-14,20.867769241333008,20.867769241333008,20.867769241333008,20.867769241333008,20.867769241333008,0
2020-05-15,20.867769241333008,20.867769241333008,20.867769241333008,20.867769241333008,20.867769241333008,0
2020-05-18,20.867769241333008,20.867769241333008,20.867769241333008,20.867769241333008,20.867769241333008,290
2020-05-19,20.867769241333008,20.867769241333008,20.867769241333008,20.867769241333008,20.867769241333008,0
2020-05-20,20.867769241333008,20.867769241333008,20.867769241333008,20.867769241333008,20.867769241333008,0
2020-05-21,20.867769241333008,20.867769241333008,20.867769241333008,20.867769241333008,20.867769241333008,0
2020-05-22,20.867769241333008,20.867769241333008,20.867769241333008,20.867769241333008,20.867769241333008,0
2020-05-26,20.867769241333008,20.867769241333008,20.867769241333008,20.867769241333008,20.867769241333008,0
2020-05-27,20.867769241333008,20.867769241333008,20.867769241333008,20.867769241333008,20.867769241333008,0
2020-05-28,20.888429641723633,20.888429641723633,20.888429641723633,20.888429641723633,20.888429641723633,968
2020-05-29,20.888429641723633,20.888429641723633,20.888429641723633,20.888429641723633,20.888429641723633,0
2020-06-01,20.888429641723633,20.888429641723633,20.888429641723633,20.888429641723633,20.888429641723633,0
2020-06-02,20.888429641723633,20.888429641723633,20.888429641723633,20.888429641723633,20.888429641723633,0
2020-06-03,20.888429641723633,20.888429641723633,20.888429641723633,20.888429641723633,20.888429641723633,0
2020-06-04,20.888429641723633,20.888429641723633,20.888429641723633,20.888429641723633,20.888429641723633,0
2020-06-05,20.888429641723633,20.888429641723633,20.888429641723633,20.888429641723633,20.888429641723633,0
2020-06-08,20.888429641723633,20.888429641723633,20.888429641723633,20.888429641723633,20.888429641723633,0
2020-06-09,20.888429641723633,20.888429641723633,20.888429641723633,20.888429641723633,20.888429641723633,0
2020-06-10,20.929752349853516,20.929752349853516,21.01239776611328,20.929752349853516,21.01239776611328,581
2020-06-11,20.95041275024414,20.95041275024414,20.95041275024414,20.929752349853516,20.929752349853516,290
2020-06-12,20.95041275024414,20.95041275024414,20.95041275024414,20.95041275024414,20.95041275024414,0
2020-06-15,20.95041275024414,20.95041275024414,20.95041275024414,20.95041275024414,20.95041275024414,0
2020-06-16,21.17768669128418,21.17768669128418,21.17768669128418,21.17768669128418,21.17768669128418,48
2020-06-17,21.136363983154297,21.136363983154297,21.136363983154297,21.136363983154297,21.136363983154297,97
2020-06-18,21.136363983154297,21.136363983154297,21.136363983154297,21.136363983154297,21.136363983154297,48
2020-06-19,21.136363983154297,21.136363983154297,21.136363983154297,21.136363983154297,21.136363983154297,0
2020-06-22,21.136363983154297,21.136363983154297,21.136363983154297,21.136363983154297,21.136363983154297,0
2020-06-23,21.194215774536133,21.194215774536133,21.194215774536133,21.194215774536133,21.194215774536133,48
2020-06-24,22.123966217041016,22.123966217041016,22.123966217041016,21.17768669128418,21.17768669128418,532
2020-06-25,22.123966217041016,22.123966217041016,22.123966217041016,22.123966217041016,22.123966217041016,0
2020-06-26,21.241735458374023,21.241735458374023,21.241735458374023,21.136363983154297,21.136363983154297,581
2020-06-29,21.241735458374023,21.241735458374023,21.241735458374023,21.241735458374023,21.241735458374023,0
2020-06-30,21.136363983154297,21.136363983154297,21.136363983154297,21.136363983154297,21.136363983154297,97
2020-07-01,21.136363983154297,21.136363983154297,21.136363983154297,21.136363983154297,21.136363983154297,0
2020-07-02,21.136363983154297,21.136363983154297,21.136363983154297,21.136363983154297,21.136363983154297,97
2020-07-06,21.136363983154297,21.136363983154297,21.136363983154297,21.136363983154297,21.136363983154297,0
2020-07-07,21.136363983154297,21.136363983154297,21.136363983154297,21.136363983154297,21.136363983154297,0
2020-07-08,21.601240158081055,21.601240158081055,21.601240158081055,21.198347091674805,21.198347091674805,242
2020-07-09,21.363636016845703,21.363636016845703,21.363636016845703,21.363636016845703,21.363636016845703,145
2020-07-10,21.38429832458496,21.38429832458496,21.38429832458496,21.316116333007812,21.38429832458496,1549
2020-07-13,21.28099250793457,21.28099250793457,21.28099250793457,21.28099250793457,21.28099250793457,19457
2020-07-14,21.694215774536133,21.694215774536133,22.004131317138672,21.44628143310547,21.44628143310547,5034
2020-07-15,21.65289306640625,21.65289306640625,21.65289306640625,21.65289306640625,21.65289306640625,97
2020-07-16,21.28099250793457,21.28099250793457,21.28099250793457,21.28099250793457,21.28099250793457,97
2020-07-17,21.694215774536133,21.694215774536133,21.694215774536133,21.65289306640625,21.694215774536133,581
2020-07-20,21.59090805053711,21.59090805053711,21.59090805053711,21.28099250793457,21.59090805053711,1839
2020-07-21,21.59090805053711,21.59090805053711,21.59090805053711,21.59090805053711,21.59090805053711,0
2020-07-22,21.59090805053711,21.59090805053711,21.59090805053711,21.59090805053711,21.59090805053711,0
2020-07-23,21.59090805053711,21.59090805053711,21.59090805053711,21.59090805053711,21.59090805053711,0
2020-07-24,21.28099250793457,21.28099250793457,21.28099250793457,21.28099250793457,21.28099250793457,1113
2020-07-27,21.28099250793457,21.28099250793457,21.526859283447266,21.28099250793457,21.45661163330078,1452
2020-07-28,21.28099250793457,21.28099250793457,21.28099250793457,21.28099250793457,21.28099250793457,0
2020-07-29,21.32231330871582,21.32231330871582,21.32231330871582,21.32231330871582,21.32231330871582,48
2020-07-30,21.32231330871582,21.32231330871582,21.32231330871582,21.32231330871582,21.32231330871582,48
2020-07-31,21.28099250793457,21.28099250793457,21.28099250793457,21.28099250793457,21.28099250793457,97
2020-08-03,21.48760223388672,21.48760223388672,21.54958724975586,21.38429832458496,21.491735458374023,339
2020-08-04,21.38429832458496,21.38429832458496,21.38429832458496,21.38429832458496,21.38429832458496,145
2020-08-05,21.342975616455078,21.342975616455078,21.44628143310547,21.30371856689453,21.38429832458496,629
2020-08-06,21.342975616455078,21.342975616455078,21.342975616455078,21.342975616455078,21.342975616455078,0
2020-08-07,21.342975616455078,21.342975616455078,21.342975616455078,21.342975616455078,21.342975616455078,0
2020-08-10,21.28099250793457,21.28099250793457,21.28099250793457,21.28099250793457,21.28099250793457,436
2020-08-11,21.28099250793457,21.28099250793457,21.28099250793457,21.28099250793457,21.28099250793457,0
2020-08-12,21.28099250793457,21.28099250793457,21.28099250793457,21.28099250793457,21.28099250793457,0
2020-08-13,21.28099250793457,21.28099250793457,21.28099250793457,21.28099250793457,21.28099250793457,290
2020-08-14,21.28099250793457,21.28099250793457,21.28099250793457,21.28099250793457,21.28099250793457,0
2020-08-17,21.28099250793457,21.28099250793457,21.28099250793457,21.28099250793457,21.28099250793457,0
2020-08-18,21.28099250793457,21.28099250793457,21.28099250793457,21.28099250793457,21.28099250793457,48
2020-08-19,21.28099250793457,21.28099250793457,21.28099250793457,21.28099250793457,21.28099250793457,0
2020-08-20,21.28099250793457,21.28099250793457,21.301652908325195,21.28099250793457,21.301652908325195,12778
2020-08-21,21.28099250793457,21.28099250793457,21.301652908325195,21.28099250793457,21.301652908325195,12245
2020-08-24,21.28099250793457,21.28099250793457,21.28099250793457,21.28099250793457,21.28099250793457,14714
2020-08-25,21.28099250793457,21.28099250793457,21.28099250793457,21.28099250793457,21.28099250793457,84700
2020-08-26,21.28099250793457,21.28099250793457,21.435949325561523,21.28099250793457,21.42561912536621,31750
2020-08-27,21.42561912536621,21.42561912536621,21.42561912536621,21.28099250793457,21.28099250793457,2759
2020-08-28,21.42561912536621,21.42561912536621,21.42561912536621,21.42561912536621,21.42561912536621,48
2020-08-31,21.42561912536621,21.42561912536621,21.42561912536621,21.42561912536621,21.42561912536621,0
2020-09-01,21.42561912536621,21.42561912536621,21.42561912536621,21.42561912536621,21.42561912536621,0
2020-09-02,21.42561912536621,21.42561912536621,21.42561912536621,21.42561912536621,21.42561912536621,0
2020-09-03,21.28099250793457,21.28099250793457,21.28099250793457,21.28099250793457,21.28099250793457,7260
2020-09-04,21.42561912536621,21.42561912536621,21.42561912536621,21.42561912536621,21.42561912536621,145
2020-09-08,21.28099250793457,21.28099250793457,21.59090805053711,21.28099250793457,21.28099250793457,82328
2020-09-09,21.301652908325195,21.301652908325195,21.301652908325195,21.301652908325195,21.301652908325195,48
2020-09-10,21.32231330871582,21.32231330871582,21.32231330871582,21.32231330871582,21.32231330871582,48
2020-09-11,21.28099250793457,21.28099250793457,21.28099250793457,21.28099250793457,21.28099250793457,484
2020-09-14,21.28099250793457,21.28099250793457,21.32231330871582,21.28099250793457,21.32231330871582,532
2020-09-15,21.28099250793457,21.28099250793457,21.342975616455078,21.28099250793457,21.32231330871582,2468
2020-09-16,21.38429832458496,21.38429832458496,21.38429832458496,21.28099250793457,21.32231330871582,5469
2020-09-17,21.38429832458496,21.38429832458496,21.404958724975586,21.38429832458496,21.404958724975586,484
2020-09-18,21.301652908325195,21.301652908325195,21.38429832458496,21.301652908325195,21.38429832458496,484
2020-09-21,21.301652908325195,21.301652908325195,21.301652908325195,21.301652908325195,21.301652908325195,0
2020-09-22,21.301652908325195,21.301652908325195,21.301652908325195,21.301652908325195,21.301652908325195,97
2020-09-23,21.301652908325195,21.301652908325195,21.301652908325195,21.301652908325195,21.301652908325195,0
2020-09-24,21.301652908325195,21.301652908325195,21.301652908325195,21.301652908325195,21.301652908325195,0
2020-09-25,21.301652908325195,21.301652908325195,21.301652908325195,21.301652908325195,21.301652908325195,0
2020-09-28,21.32231330871582,21.32231330871582,21.32231330871582,21.32231330871582,21.32231330871582,484
2020-09-29,21.363636016845703,21.363636016845703,21.363636016845703,21.32231330871582,21.32231330871582,774
2020-09-30,21.44628143310547,21.44628143310547,21.44628143310547,21.44628143310547,21.44628143310547,1549
2020-10-01,21.44628143310547,21.44628143310547,21.44628143310547,21.44628143310547,21.44628143310547,145
2020-10-02,21.38429832458496,21.38429832458496,21.48760223388672,21.38429832458496,21.48760223388672,5082
2020-10-05,21.38429832458496,21.38429832458496,21.38429832458496,21.38429832458496,21.38429832458496,1597
2020-10-06,21.32231330871582,21.32231330871582,21.497934341430664,21.32231330871582,21.497934341430664,26523
2020-10-07,21.32231330871582,21.32231330871582,21.32231330871582,21.32231330871582,21.32231330871582,339
2020-10-08,21.32231330871582,21.32231330871582,21.32231330871582,21.32231330871582,21.32231330871582,0
2020-10-09,21.32231330871582,21.32231330871582,21.32231330871582,21.32231330871582,21.32231330871582,0
2020-10-12,21.32231330871582,21.32231330871582,21.32231330871582,21.32231330871582,21.32231330871582,0
2020-10-13,21.32231330871582,21.32231330871582,21.32231330871582,21.301652908325195,21.301652908325195,2420
2020-10-14,21.32231330871582,21.32231330871582,21.32231330871582,21.32231330871582,21.32231330871582,0
2020-10-15,21.32231330871582,21.32231330871582,21.32231330871582,21.32231330871582,21.32231330871582,0
2020-10-16,21.301652908325195,21.301652908325195,21.31818199157715,21.301652908325195,21.301652908325195,726
2020-10-19,21.404958724975586,21.404958724975586,21.404958724975586,21.32231330871582,21.404958724975586,2081
2020-10-20,21.404958724975586,21.404958724975586,21.404958724975586,21.404958724975586,21.404958724975586,48
2020-10-21,21.32231330871582,21.32231330871582,21.32231330871582,21.32231330871582,21.32231330871582,242
2020-10-22,21.32231330871582,21.32231330871582,21.32231330871582,21.32231330871582,21.32231330871582,242
2020-10-23,21.32231330871582,21.32231330871582,21.32231330871582,21.32231330871582,21.32231330871582,48
2020-10-26,21.301652908325195,21.301652908325195,21.301652908325195,21.301652908325195,21.301652908325195,9390
2020-10-27,21.301652908325195,21.301652908325195,21.301652908325195,21.301652908325195,21.301652908325195,0
2020-10-28,21.301652908325195,21.301652908325195,21.301652908325195,21.301652908325195,21.301652908325195,0
2020-10-29,21.301652908325195,21.301652908325195,21.301652908325195,21.301652908325195,21.301652908325195,0
2020-10-30,21.17768669128418,21.17768669128418,21.17768669128418,21.17768669128418,21.17768669128418,242
2020-11-02,21.17768669128418,21.17768669128418,21.17768669128418,21.17768669128418,21.17768669128418,0
2020-11-03,21.17768669128418,21.17768669128418,21.17768669128418,21.17768669128418,21.17768669128418,0
2020-11-04,21.17768669128418,21.17768669128418,21.17768669128418,21.17768669128418,21.17768669128418,0
2020-11-05,21.198347091674805,21.198347091674805,21.28099250793457,21.198347091674805,21.28099250793457,40269
2020-11-06,21.38429832458496,21.38429832458496,21.38429832458496,21.38429832458496,21.38429832458496,48
2020-11-09,21.28099250793457,21.28099250793457,21.466941833496094,21.28099250793457,21.466941833496094,871
2020-11-10,21.17768669128418,21.17768669128418,21.32231330871582,21.17768669128418,21.32231330871582,2517
2020-11-11,20.867769241333008,20.867769241333008,21.32231330871582,20.867769241333008,21.32231330871582,1307
2020-11-12,20.867769241333008,20.867769241333008,20.867769241333008,20.867769241333008,20.867769241333008,0
2020-11-13,21.17768669128418,21.17768669128418,21.17768669128418,21.17768669128418,21.17768669128418,97
2020-11-16,21.291322708129883,21.291322708129883,21.291322708129883,21.198347091674805,21.198347091674805,3872
2020-11-17,21.291322708129883,21.291322708129883,21.291322708129883,21.291322708129883,21.291322708129883,0
2020-11-18,21.291322708129883,21.291322708129883,21.291322708129883,21.239669799804688,21.291322708129883,3291
2020-11-19,21.28099250793457,21.28099250793457,21.342975616455078,21.28099250793457,21.342975616455078,4162
2020-11-20,21.34917449951172,21.34917449951172,21.526859283447266,21.307851791381836,21.404958724975586,7212
2020-11-23,21.404958724975586,21.404958724975586,21.404958724975586,21.404958724975586,21.404958724975586,290
2020-11-24,21.404958724975586,21.404958724975586,21.404958724975586,21.404958724975586,21.404958724975586,48
2020-11-25,21.42561912536621,21.42561912536621,21.613636016845703,21.363636016845703,21.363636016845703,4162
2020-11-27,21.694215774536133,21.694215774536133,21.776859283447266,21.42561912536621,21.48760223388672,105706
2020-11-30,21.508264541625977,21.508264541625977,21.797521591186523,21.342975616455078,21.797521591186523,33832
2020-12-01,21.48760223388672,21.48760223388672,21.59090805053711,21.041322708129883,21.59090805053711,7744
2020-12-02,21.466941833496094,21.466941833496094,21.48760223388672,21.466941833496094,21.466941833496094,14617
2020-12-03,21.44628143310547,21.44628143310547,21.502065658569336,21.44628143310547,21.466941833496094,10454
2020-12-04,21.42561912536621,21.42561912536621,21.508264541625977,21.42561912536621,21.508264541625977,9777
2020-12-07,21.648759841918945,21.648759841918945,21.648759841918945,21.42561912536621,21.42561912536621,1888
2020-12-08,21.44628143310547,21.44628143310547,21.75619888305664,21.44628143310547,21.75619888305664,12390
2020-12-09,21.59090805053711,21.59090805053711,21.611570358276367,21.48760223388672,21.55371856689453,1065
2020-12-10,21.48760223388672,21.48760223388672,21.508264541625977,21.44628143310547,21.508264541625977,20618
2020-12-11,21.533058166503906,21.533058166503906,21.59917449951172,21.38429832458496,21.508264541625977,54305
2020-12-14,21.466941833496094,21.466941833496094,21.673553466796875,21.44628143310547,21.59090805053711,1452
2020-12-15,21.466941833496094,21.466941833496094,21.466941833496094,21.466941833496094,21.466941833496094,97
2020-12-16,21.466941833496094,21.466941833496094,21.466941833496094,21.466941833496094,21.466941833496094,0
2020-12-17,21.508264541625977,21.508264541625977,21.570247650146484,21.508264541625977,21.570247650146484,290
2020-12-18,21.51859474182129,21.51859474182129,21.611570358276367,21.466941833496094,21.611570358276367,2759
2020-12-21,21.466941833496094,21.466941833496094,21.59090805053711,21.466941833496094,21.466941833496094,9148
2020-12-22,21.48760223388672,21.48760223388672,21.528926849365234,21.466941833496094,21.528926849365234,7550
2020-12-23,21.679752349853516,21.679752349853516,21.797521591186523,21.663223266601562,21.673553466796875,13600
2020-12-24,21.673553466796875,21.673553466796875,21.776859283447266,21.611570358276367,21.694215774536133,3920
2020-12-28,21.75619888305664,21.75619888305664,21.776859283447266,21.528926849365234,21.776859283447266,13988
2020-12-29,21.694215774536133,21.694215774536133,21.797521591186523,21.48760223388672,21.797521591186523,13310
2020-12-30,21.776859283447266,21.776859283447266,21.776859283447266,21.508264541625977,21.694215774536133,2662
2020-12-31,21.776859283447266,21.776859283447266,21.797521591186523,21.59090805053711,21.735536575317383,10309
2021-01-04,21.694215774536133,21.694215774536133,22.086776733398438,21.611570358276367,21.776859283447266,85136
2021-01-05,21.90082550048828,21.90082550048828,22.004131317138672,21.714876174926758,21.90082550048828,1597
2021-01-06,21.983470916748047,21.983470916748047,21.983470916748047,21.787189483642578,21.787189483642578,532
2021-01-07,21.942148208618164,21.942148208618164,21.983470916748047,21.82851219177246,21.962810516357422,1888
2021-01-08,21.90082550048828,21.90082550048828,21.983470916748047,21.59917449951172,21.962810516357422,3291
2021-01-11,21.85950469970703,21.85950469970703,21.880165100097656,21.797521591186523,21.81818199157715,2517
2021-01-12,21.85950469970703,21.85950469970703,21.90082550048828,21.85950469970703,21.90082550048828,3194
2021-01-13,21.838842391967773,21.838842391967773,21.90082550048828,21.632230758666992,21.632230758666992,1791
2021-01-14,22.23140525817871,22.23140525817871,22.278926849365234,21.694215774536133,21.90082550048828,25023
2021-01-15,22.004131317138672,22.004131317138672,22.210744857788086,21.90082550048828,22.210744857788086,6050
2021-01-19,21.880165100097656,21.880165100097656,22.004131317138672,21.735536575317383,21.933883666992188,4501
2021-01-20,21.855371475219727,21.855371475219727,21.880165100097656,21.694215774536133,21.880165100097656,1888
2021-01-21,21.880165100097656,21.880165100097656,21.880165100097656,21.735536575317383,21.797521591186523,6050
2021-01-22,21.973140716552734,21.973140716552734,21.973140716552734,21.776859283447266,21.869834899902344,7066
2021-01-25,21.816116333007812,21.816116333007812,22.004131317138672,21.816116333007812,22.004131317138672,2904
2021-01-26,21.90082550048828,21.90082550048828,22.004131317138672,21.75619888305664,22.004131317138672,7212
2021-01-27,21.508264541625977,21.508264541625977,21.880165100097656,21.508264541625977,21.75619888305664,45932
2021-01-28,21.694215774536133,21.694215774536133,21.735536575317383,21.632230758666992,21.632230758666992,5082
2021-01-29,21.611570358276367,21.611570358276367,21.65289306640625,21.508264541625977,21.65289306640625,25894
2021-02-01,21.797521591186523,21.797521591186523,21.90082550048828,21.694215774536133,21.90082550048828,62000
2021-02-02,21.694215774536133,21.694215774536133,21.797521591186523,21.65289306640625,21.694215774536133,11713
2021-02-03,21.528926849365234,21.528926849365234,21.735536575317383,21.528926849365234,21.72520637512207,17811
2021-02-04,21.59090805053711,21.59090805053711,21.867769241333008,21.570247650146484,21.570247650146484,1839
2021-02-05,21.797521591186523,21.797521591186523,21.880165100097656,21.508264541625977,21.508264541625977,1742
2021-02-08,21.694215774536133,21.694215774536133,21.880165100097656,21.642562866210938,21.797521591186523,5082
2021-02-09,21.673553466796875,21.673553466796875,21.694215774536133,21.59090805053711,21.59090805053711,242
2021-02-10,21.673553466796875,21.673553466796875,21.797521591186523,21.48760223388672,21.48760223388672,2081
2021-02-11,21.673553466796875,21.673553466796875,21.673553466796875,21.570247650146484,21.60330581665039,823
2021-02-12,21.797521591186523,21.797521591186523,21.797521591186523,21.673553466796875,21.673553466796875,3533
2021-02-16,21.72520637512207,21.72520637512207,21.72520637512207,21.65289306640625,21.65289306640625,1162
2021-02-17,21.632230758666992,21.632230758666992,21.735536575317383,21.632230758666992,21.735536575317383,242
2021-02-18,21.735536575317383,21.735536575317383,21.735536575317383,21.694215774536133,21.694215774536133,8373
2021-02-19,21.735536575317383,21.735536575317383,21.776859283447266,21.714876174926758,21.714876174926758,581
2021-02-22,21.75619888305664,21.75619888305664,21.880165100097656,21.735536575317383,21.797521591186523,3001
2021-02-23,21.729339599609375,21.729339599609375,21.75619888305664,21.714876174926758,21.735536575317383,11471
2021-02-24,21.90082550048828,21.90082550048828,21.90082550048828,21.714876174926758,21.714876174926758,9728
2021-02-25,21.692148208618164,21.692148208618164,21.75619888305664,21.59090805053711,21.735536575317383,97768
2021-02-26,21.694215774536133,21.694215774536133,21.710744857788086,21.48760223388672,21.710744857788086,5372
2021-03-01,21.48760223388672,21.48760223388672,21.787189483642578,21.48760223388672,21.69628143310547,40220
2021-03-02,21.714876174926758,21.714876174926758,21.797521591186523,21.673553466796875,21.797521591186523,23184
2021-03-03,21.75619888305664,21.75619888305664,21.776859283447266,21.673553466796875,21.694215774536133,28459
2021-03-04,21.694215774536133,21.694215774536133,21.714876174926758,21.673553466796875,21.694215774536133,9002
2021-03-05,21.75619888305664,21.75619888305664,21.75619888305664,21.694215774536133,21.70661163330078,3727
2021-03-08,21.735536575317383,21.735536575317383,21.735536575317383,21.673553466796875,21.714876174926758,34848
2021-03-09,21.735536575317383,21.735536575317383,21.776859283447266,21.735536575317383,21.776859283447266,726
2021-03-10,21.735536575317383,21.735536575317383,21.81818199157715,21.735536575317383,21.758264541625977,1742
2021-03-11,21.776859283447266,21.776859283447266,21.880165100097656,21.776859283447266,21.880165100097656,484
2021-03-12,21.81818199157715,21.81818199157715,21.81818199157715,21.81818199157715,21.81818199157715,290
2021-03-15,21.797521591186523,21.797521591186523,21.85950469970703,21.797521591186523,21.85950469970703,3146
2021-03-16,21.81818199157715,21.81818199157715,21.81818199157715,21.776859283447266,21.776859283447266,339
2021-03-17,21.75619888305664,21.75619888305664,21.787189483642578,21.75619888305664,21.75619888305664,1694
2021-03-18,21.75619888305664,21.75619888305664,21.787189483642578,21.75619888305664,21.787189483642578,436
2021-03-19,21.797521591186523,21.797521591186523,21.797521591186523,21.797521591186523,21.797521591186523,629
2021-03-22,21.776859283447266,21.776859283447266,21.776859283447266,21.776859283447266,21.776859283447266,145
2021-03-23,21.81818199157715,21.81818199157715,21.81818199157715,21.776859283447266,21.776859283447266,242
2021-03-24,21.776859283447266,21.776859283447266,21.797521591186523,21.75619888305664,21.75619888305664,5760
2021-03-25,21.85950469970703,21.85950469970703,21.85950469970703,21.75619888305664,21.75619888305664,3727
2021-03-26,21.85950469970703,21.85950469970703,21.85950469970703,21.85950469970703,21.85950469970703,0
2021-03-29,21.85950469970703,21.85950469970703,21.85950469970703,21.85950469970703,21.85950469970703,0
2021-03-30,21.797521591186523,21.797521591186523,21.85950469970703,21.797521591186523,21.85950469970703,774
2021-03-31,21.838842391967773,21.838842391967773,21.838842391967773,21.838842391967773,21.838842391967773,97
2021-04-01,21.84917449951172,21.84917449951172,21.880165100097656,21.84917449951172,21.880165100097656,194
2021-04-05,21.807851791381836,21.807851791381836,21.880165100097656,21.694215774536133,21.87809944152832,29234
2021-04-06,21.714876174926758,21.714876174926758,21.776859283447266,21.714876174926758,21.776859283447266,28943
2021-04-07,21.797521591186523,21.797521591186523,21.797521591186523,21.797521591186523,21.797521591186523,145
2021-04-08,21.797521591186523,21.797521591186523,21.797521591186523,21.75619888305664,21.797521591186523,7647
2021-04-09,21.90082550048828,21.90082550048828,21.90082550048828,21.81818199157715,21.81818199157715,5760
2021-04-12,21.81818199157715,21.81818199157715,21.90082550048828,21.797521591186523,21.90082550048828,726
2021-04-13,21.797521591186523,21.797521591186523,21.797521591186523,21.797521591186523,21.797521591186523,290
2021-04-14,21.797521591186523,21.797521591186523,21.81818199157715,21.797521591186523,21.81818199157715,52417
2021-04-15,21.838842391967773,21.838842391967773,21.838842391967773,21.807851791381836,21.807851791381836,1065
2021-04-16,21.776859283447266,21.776859283447266,21.838842391967773,21.766529083251953,21.81818199157715,39107
2021-04-19,21.776859283447266,21.776859283447266,21.807851791381836,21.776859283447266,21.797521591186523,2468
2021-04-20,21.776859283447266,21.776859283447266,21.797521591186523,21.776859283447266,21.797521591186523,9777
2021-04-21,21.776859283447266,21.776859283447266,21.81818199157715,21.776859283447266,21.776859283447266,1065
2021-04-22,21.776859283447266,21.776859283447266,21.776859283447266,21.776859283447266,21.776859283447266,0
2021-04-23,21.81818199157715,21.81818199157715,21.81818199157715,21.776859283447266,21.81818199157715,10019
2021-04-26,21.81818199157715,21.81818199157715,21.81818199157715,21.81818199157715,21.81818199157715,97
2021-04-27,21.81818199157715,21.81818199157715,21.81818199157715,21.81818199157715,21.81818199157715,0
2021-04-28,21.85950469970703,21.85950469970703,21.85950469970703,21.85950469970703,21.85950469970703,48
2021-04-29,21.838842391967773,21.838842391967773,21.838842391967773,21.81818199157715,21.81818199157715,1113
2021-04-30,21.838842391967773,21.838842391967773,21.838842391967773,21.838842391967773,21.838842391967773,0
2021-05-03,21.85950469970703,21.85950469970703,21.85950469970703,21.857437133789062,21.85950469970703,1646
2021-05-04,21.838842391967773,21.838842391967773,21.838842391967773,21.838842391967773,21.838842391967773,97
2021-05-05,21.838842391967773,21.838842391967773,21.838842391967773,21.838842391967773,21.838842391967773,1404
2021-05-06,21.838842391967773,21.838842391967773,21.838842391967773,21.838842391967773,21.838842391967773,0
2021-05-07,21.880165100097656,21.880165100097656,21.880165100097656,21.85950469970703,21.85950469970703,968
2021-05-10,21.880165100097656,21.880165100097656,21.880165100097656,21.880165100097656,21.880165100097656,0
2021-05-11,21.880165100097656,21.880165100097656,21.880165100097656,21.880165100097656,21.880165100097656,0
2021-05-12,21.962810516357422,21.962810516357422,21.962810516357422,21.90082550048828,21.90082550048828,5034
2021-05-13,21.90082550048828,21.90082550048828,21.942148208618164,21.90082550048828,21.90082550048828,5082
2021-05-14,21.90082550048828,21.90082550048828,21.90082550048828,21.90082550048828,21.90082550048828,0
2021-05-17,21.90082550048828,21.90082550048828,21.973140716552734,21.90082550048828,21.90082550048828,1016
2021-05-18,21.983470916748047,21.983470916748047,21.983470916748047,21.983470916748047,21.983470916748047,48
2021-05-19,21.983470916748047,21.983470916748047,21.983470916748047,21.942148208618164,21.983470916748047,4356
2021-05-20,21.983470916748047,21.983470916748047,21.983470916748047,21.983470916748047,21.983470916748047,2952
2021-05-21,21.983470916748047,21.983470916748047,21.989669799804688,21.983470916748047,21.983470916748047,3678
2021-05-24,21.989669799804688,21.989669799804688,21.989669799804688,21.983470916748047,21.983470916748047,2468
2021-05-25,22.004131317138672,22.004131317138672,22.004131317138672,22.004131317138672,22.004131317138672,6824
2021-05-26,21.962810516357422,21.962810516357422,22.210744857788086,21.90082550048828,21.92148780822754,8809
2021-05-27,21.962810516357422,21.962810516357422,22.004131317138672,21.962810516357422,21.962810516357422,16795
2021-05-28,21.962810516357422,21.962810516357422,21.962810516357422,21.962810516357422,21.962810516357422,484
2021-06-01,21.962810516357422,21.962810516357422,21.962810516357422,21.962810516357422,21.962810516357422,0
2021-06-02,22.02479362487793,22.02479362487793,22.02479362487793,22.004131317138672,22.004131317138672,12439
2021-06-03,22.02479362487793,22.02479362487793,22.02479362487793,22.02479362487793,22.02479362487793,14520
2021-06-04,22.02479362487793,22.02479362487793,22.02479362487793,22.02479362487793,22.02479362487793,1646
2021-06-07,22.02479362487793,22.02479362487793,22.02479362487793,22.02479362487793,22.02479362487793,339
2021-06-08,22.02479362487793,22.02479362487793,22.02479362487793,22.02479362487793,22.02479362487793,484
2021-06-09,22.045455932617188,22.045455932617188,22.066116333007812,22.045455932617188,22.045455932617188,2130
2021-06-10,22.086776733398438,22.086776733398438,22.107437133789062,22.061983108520508,22.086776733398438,823
2021-06-11,22.148759841918945,22.148759841918945,22.148759841918945,22.086776733398438,22.086776733398438,3824
2021-06-14,22.148759841918945,22.148759841918945,22.148759841918945,22.148759841918945,22.148759841918945,0
2021-06-15,22.107437133789062,22.107437133789062,22.107437133789062,22.107437133789062,22.107437133789062,97
2021-06-16,22.148759841918945,22.148759841918945,22.148759841918945,22.12809944152832,22.12809944152832,1307
2021-06-17,22.210744857788086,22.210744857788086,22.210744857788086,22.14669418334961,22.148759841918945,1500
2021-06-18,22.107437133789062,22.107437133789062,22.12809944152832,22.09710693359375,22.107437133789062,30492
2021-06-21,22.107437133789062,22.107437133789062,22.12809944152832,22.086776733398438,22.086776733398438,24878
2021-06-22,22.107437133789062,22.107437133789062,22.107437133789062,22.107437133789062,22.107437133789062,48
2021-06-23,22.107437133789062,22.107437133789062,22.107437133789062,22.107437133789062,22.107437133789062,0
2021-06-24,22.190082550048828,22.190082550048828,22.202478408813477,22.107437133789062,22.107437133789062,15488
2021-06-25,22.16942024230957,22.16942024230957,22.16942024230957,22.16942024230957,22.16942024230957,48
2021-06-28,22.12809944152832,22.12809944152832,22.185949325561523,22.107437133789062,22.148759841918945,5663
2021-06-29,22.179752349853516,22.179752349853516,22.179752349853516,22.16942024230957,22.16942024230957,1694
2021-06-30,22.16942024230957,22.16942024230957,22.190082550048828,22.163223266601562,22.190082550048828,1500
2021-07-01,22.190082550048828,22.190082550048828,22.210744857788086,22.190082550048828,22.210744857788086,1936
2021-07-02,22.190082550048828,22.190082550048828,22.190082550048828,22.190082550048828,22.190082550048828,0
2021-07-06,22.190082550048828,22.190082550048828,22.210744857788086,22.190082550048828,22.190082550048828,48400
2021-07-07,22.190082550048828,22.190082550048828,22.190082550048828,22.190082550048828,22.190082550048828,0
2021-07-08,22.190082550048828,22.190082550048828,22.190082550048828,22.190082550048828,22.190082550048828,0
2021-07-09,22.190082550048828,22.190082550048828,22.190082550048828,22.190082550048828,22.190082550048828,2420
2021-07-12,22.210744857788086,22.210744857788086,22.210744857788086,22.188016891479492,22.188016891479492,11035
2021-07-13,22.190082550048828,22.190082550048828,22.210744857788086,22.190082550048828,22.210744857788086,12245
2021-07-14,22.210744857788086,22.210744857788086,22.210744857788086,22.208677291870117,22.208677291870117,12245
2021-07-15,22.210744857788086,22.210744857788086,22.210744857788086,22.210744857788086,22.210744857788086,0
2021-07-16,22.148759841918945,22.148759841918945,22.252065658569336,22.066116333007812,22.190082550048828,139634
2021-07-19,22.148759841918945,22.148759841918945,22.148759841918945,22.148759841918945,22.148759841918945,48
2021-07-20,22.148759841918945,22.148759841918945,22.148759841918945,22.148759841918945,22.148759841918945,97
2021-07-21,22.252065658569336,22.252065658569336,22.252065658569336,22.190082550048828,22.190082550048828,5034
2021-07-22,22.252065658569336,22.252065658569336,22.252065658569336,22.210744857788086,22.210744857788086,484
2021-07-23,22.252065658569336,22.252065658569336,22.252065658569336,22.252065658569336,22.252065658569336,581
2021-07-26,22.212810516357422,22.212810516357422,22.21900749206543,22.210744857788086,22.212810516357422,774
2021-07-27,22.212810516357422,22.212810516357422,22.212810516357422,22.212810516357422,22.212810516357422,0
2021-07-28,22.190082550048828,22.190082550048828,22.190082550048828,22.190082550048828,22.190082550048828,145
2021-07-29,22.190082550048828,22.190082550048828,22.190082550048828,22.190082550048828,22.190082550048828,0
2021-07-30,22.190082550048828,22.190082550048828,22.190082550048828,22.190082550048828,22.190082550048828,339
2021-08-02,22.16942024230957,22.16942024230957,22.23140525817871,22.16942024230957,22.210744857788086,24152
2021-08-03,22.223140716552734,22.223140716552734,22.223140716552734,22.190082550048828,22.190082550048828,1113
2021-08-04,22.23140525817871,22.23140525817871,22.23140525817871,22.23140525817871,22.23140525817871,48
2021-08-05,22.190082550048828,22.190082550048828,22.190082550048828,22.190082550048828,22.190082550048828,1065
2021-08-06,22.190082550048828,22.190082550048828,22.190082550048828,22.188016891479492,22.190082550048828,5227
2021-08-09,22.190082550048828,22.190082550048828,22.190082550048828,22.190082550048828,22.190082550048828,1936
2021-08-10,22.252065658569336,22.252065658569336,22.252065658569336,22.23140525817871,22.252065658569336,24103
2021-08-11,22.29338836669922,22.29338836669922,22.29338836669922,22.210744857788086,22.252065658569336,22603
2021-08-12,22.314050674438477,22.314050674438477,22.314050674438477,22.27272605895996,22.314050674438477,24926
2021-08-13,22.314050674438477,22.314050674438477,22.314050674438477,22.314050674438477,22.314050674438477,4308
2021-08-16,22.3347110748291,22.3347110748291,22.3347110748291,22.252065658569336,22.252065658569336,581
2021-08-17,22.417354583740234,22.417354583740234,22.417354583740234,22.417354583740234,22.417354583740234,48
2021-08-18,22.355371475219727,22.355371475219727,22.39669418334961,22.355371475219727,22.39669418334961,7163
2021-08-19,22.355371475219727,22.355371475219727,22.355371475219727,22.355371475219727,22.355371475219727,0
2021-08-20,22.39669418334961,22.39669418334961,22.39669418334961,22.355371475219727,22.376033782958984,2372
2021-08-23,22.361570358276367,22.361570358276367,22.361570358276367,22.361570358276367,22.361570358276367,484
2021-08-24,22.361570358276367,22.361570358276367,22.361570358276367,22.361570358276367,22.361570358276367,0
2021-08-25,22.361570358276367,22.361570358276367,22.361570358276367,22.361570358276367,22.361570358276367,0
2021-08-26,22.355371475219727,22.355371475219727,22.355371475219727,22.314050674438477,22.314050674438477,581
2021-08-27,22.355371475219727,22.355371475219727,22.355371475219727,22.355371475219727,22.355371475219727,48
2021-08-30,22.376033782958984,22.376033782958984,22.376033782958984,22.355371475219727,22.355371475219727,145
2021-08-31,22.376033782958984,22.376033782958984,22.376033782958984,22.376033782958984,22.376033782958984,0
2021-09-01,22.376033782958984,22.376033782958984,22.376033782958984,22.376033782958984,22.376033782958984,97
2021-09-02,22.417354583740234,22.417354583740234,22.417354583740234,22.417354583740234,22.417354583740234,48
2021-09-03,22.39669418334961,22.39669418334961,22.433883666992188,22.39669418334961,22.433883666992188,339
2021-09-07,22.39669418334961,22.39669418334961,22.39669418334961,22.39669418334961,22.39669418334961,97
2021-09-08,22.355371475219727,22.355371475219727,22.438016891479492,22.355371475219727,22.39669418334961,1936
2021-09-09,22.355371475219727,22.355371475219727,22.355371475219727,22.355371475219727,22.355371475219727,0
2021-09-10,22.355371475219727,22.355371475219727,22.355371475219727,22.355371475219727,22.355371475219727,0
2021-09-13,22.355371475219727,22.355371475219727,22.355371475219727,22.355371475219727,22.355371475219727,0
2021-09-14,22.355371475219727,22.355371475219727,22.355371475219727,22.355371475219727,22.355371475219727,0
2021-09-15,22.3347110748291,22.3347110748291,22.376033782958984,22.3347110748291,22.376033782958984,4695
2021-09-16,22.3347110748291,22.3347110748291,22.3347110748291,22.3347110748291,22.3347110748291,0
2021-09-17,22.417354583740234,22.417354583740234,22.417354583740234,22.417354583740234,22.417354583740234,26910
2021-09-20,22.417354583740234,22.417354583740234,22.438016891479492,22.417354583740234,22.438016891479492,194
2021-09-21,22.458677291870117,22.458677291870117,22.479339599609375,22.438016891479492,22.438016891479492,2033
2021-09-22,22.479339599609375,22.479339599609375,22.479339599609375,22.458677291870117,22.458677291870117,242
2021-09-23,22.5,22.5,22.5,22.479339599609375,22.479339599609375,15440
2021-09-24,22.5,22.5,22.5,22.5,22.5,0
2021-09-27,22.479339599609375,22.479339599609375,22.479339599609375,22.479339599609375,22.479339599609375,290
2021-09-28,22.479339599609375,22.479339599609375,22.479339599609375,22.479339599609375,22.479339599609375,0
2021-09-29,22.479339599609375,22.479339599609375,22.479339599609375,22.458677291870117,22.479339599609375,4695
2021-09-30,22.479339599609375,22.479339599609375,22.479339599609375,22.479339599609375,22.479339599609375,10793
2021-10-01,22.479339599609375,22.479339599609375,22.479339599609375,22.479339599609375,22.479339599609375,0
2021-10-04,22.479339599609375,22.479339599609375,22.479339599609375,22.479339599609375,22.479339599609375,0
2021-10-05,22.520660400390625,22.520660400390625,22.520660400390625,22.520660400390625,22.520660400390625,19263
2021-10-06,22.5,22.5,22.541322708129883,22.5,22.541322708129883,290
2021-10-07,22.520660400390625,22.520660400390625,22.520660400390625,22.520660400390625,22.520660400390625,436
2021-10-08,22.5,22.5,22.5,22.5,22.5,290
2021-10-11,22.541322708129883,22.541322708129883,22.541322708129883,22.520660400390625,22.520660400390625,4888
2021-10-12,22.541322708129883,22.541322708129883,22.541322708129883,22.541322708129883,22.541322708129883,0
2021-10-13,22.541322708129883,22.541322708129883,22.541322708129883,22.541322708129883,22.541322708129883,4888
2021-10-14,22.582645416259766,22.582645416259766,22.582645416259766,22.53099250793457,22.53099250793457,32380
2021-10-15,22.60330581665039,22.60330581665039,22.644628524780273,22.561983108520508,22.561983108520508,26523
2021-10-18,22.623966217041016,22.623966217041016,22.623966217041016,22.60330581665039,22.60330581665039,10745
2021-10-19,22.60330581665039,22.60330581665039,22.60330581665039,22.60330581665039,22.60330581665039,2420
2021-10-20,22.564050674438477,22.564050674438477,22.582645416259766,22.564050674438477,22.582645416259766,2662
2021-10-21,22.582645416259766,22.582645416259766,22.601240158081055,22.582645416259766,22.582645416259766,59677
2021-10-22,22.576446533203125,22.576446533203125,22.582645416259766,22.57231330871582,22.582645416259766,3533
2021-10-25,22.60330581665039,22.60330581665039,22.60330581665039,22.60330581665039,22.60330581665039,48
2021-10-26,22.623966217041016,22.623966217041016,22.623966217041016,22.561983108520508,22.623966217041016,2904
2021-10-27,22.59710693359375,22.59710693359375,22.644628524780273,22.59710693359375,22.644628524780273,194
2021-10-28,22.623966217041016,22.623966217041016,22.623966217041016,22.623966217041016,22.623966217041016,97
2021-10-29,22.623966217041016,22.623966217041016,22.623966217041016,22.623966217041016,22.623966217041016,0
2021-11-01,22.6652889251709,22.6652889251709,22.70661163330078,22.644628524780273,22.644628524780273,4114
2021-11-02,22.541322708129883,22.541322708129883,22.685949325561523,22.541322708129883,22.685949325561523,26814
2021-11-03,22.60330581665039,22.60330581665039,22.60330581665039,22.561983108520508,22.592975616455078,3049
2021-11-04,22.809917449951172,22.809917449951172,22.809917449951172,22.623966217041016,22.644628524780273,3098
2021-11-05,22.747934341430664,22.747934341430664,22.892562866210938,22.747934341430664,22.809917449951172,67663
2021-11-08,22.747934341430664,22.747934341430664,22.747934341430664,22.70661163330078,22.747934341430664,5614
2021-11-09,22.747934341430664,22.747934341430664,22.747934341430664,22.72727394104004,22.747934341430664,11229
2021-11-10,22.809917449951172,22.809917449951172,22.809917449951172,22.735536575317383,22.735536575317383,581
2021-11-11,22.809917449951172,22.809917449951172,22.809917449951172,22.809917449951172,22.809917449951172,0
2021-11-12,22.72727394104004,22.72727394104004,22.72727394104004,22.72727394104004,22.72727394104004,242
2021-11-15,22.72727394104004,22.72727394104004,22.789255142211914,22.72727394104004,22.72727394104004,871
2021-11-16,22.72727394104004,22.72727394104004,22.73760223388672,22.72727394104004,22.72727394104004,774
2021-11-17,22.72727394104004,22.72727394104004,22.72727394104004,22.72727394104004,22.72727394104004,3485
2021-11-18,22.851240158081055,22.851240158081055,22.851240158081055,22.851240158081055,22.851240158081055,97
2021-11-19,22.72727394104004,22.72727394104004,22.72727394104004,22.72727394104004,22.72727394104004,290
2021-11-22,22.809917449951172,22.809917449951172,22.809917449951172,22.809917449951172,22.809917449951172,97
2021-11-23,22.83057975769043,22.83057975769043,22.87190055847168,22.747934341430664,22.87190055847168,339
2021-11-24,22.83057975769043,22.83057975769043,22.83057975769043,22.83057975769043,22.83057975769043,0
2021-11-26,22.747934341430664,22.747934341430664,22.809917449951172,22.747934341430664,22.747934341430664,2517
2021-11-29,22.816116333007812,22.816116333007812,22.816116333007812,22.816116333007812,22.816116333007812,145
2021-11-30,22.76859474182129,22.76859474182129,22.76859474182129,22.76859474182129,22.76859474182129,145
2021-12-01,22.76859474182129,22.76859474182129,22.76859474182129,22.76859474182129,22.76859474182129,3001
2021-12-02,22.76859474182129,22.76859474182129,22.76859474182129,22.76859474182129,22.76859474182129,48
2021-12-03,22.76859474182129,22.76859474182129,22.76859474182129,22.76859474182129,22.76859474182129,0
2021-12-06,22.76859474182129,22.76859474182129,22.76859474182129,22.76859474182129,22.76859474182129,194
2021-12-07,22.76859474182129,22.76859474182129,22.76859474182129,22.76859474182129,22.76859474182129,339
2021-12-08,22.76859474182129,22.76859474182129,22.76859474182129,22.76859474182129,22.76859474182129,3630
2021-12-09,22.76859474182129,22.76859474182129,22.76859474182129,22.758264541625977,22.76859474182129,6631
2021-12-10,22.83057975769043,22.83057975769043,22.851240158081055,22.747934341430664,22.851240158081055,1016
2021-12-13,22.76859474182129,22.76859474182129,22.811983108520508,22.747934341430664,22.747934341430664,2468
2021-12-14,22.76859474182129,22.76859474182129,22.76859474182129,22.76859474182129,22.76859474182129,436
2021-12-15,22.76859474182129,22.76859474182129,22.76859474182129,22.76859474182129,22.76859474182129,0
2021-12-16,22.811983108520508,22.811983108520508,22.811983108520508,22.76859474182129,22.76859474182129,145
2021-12-17,22.76859474182129,22.76859474182129,22.76859474182129,22.76859474182129,22.76859474182129,484
2021-12-20,22.76859474182129,22.76859474182129,22.76859474182129,22.76859474182129,22.76859474182129,0
2021-12-21,22.76859474182129,22.76859474182129,22.76859474182129,22.76859474182129,22.76859474182129,0
2021-12-22,22.76859474182129,22.76859474182129,22.76859474182129,22.76859474182129,22.76859474182129,145
2021-12-23,22.76859474182129,22.76859474182129,22.76859474182129,22.76859474182129,22.76859474182129,145
2021-12-27,22.76859474182129,22.76859474182129,22.76859474182129,22.76859474182129,22.76859474182129,0
2021-12-28,22.76859474182129,22.76859474182129,22.76859474182129,22.76859474182129,22.76859474182129,0
2021-12-29,22.76859474182129,22.76859474182129,22.76859474182129,22.76859474182129,22.76859474182129,0
2021-12-30,22.76859474182129,22.76859474182129,22.76859474182129,22.76859474182129,22.76859474182129,97
2021-12-31,22.76859474182129,22.76859474182129,22.76859474182129,22.76859474182129,22.76859474182129,0
2022-01-03,22.789255142211914,22.789255142211914,22.789255142211914,22.789255142211914,22.789255142211914,97
2022-01-04,22.789255142211914,22.789255142211914,22.789255142211914,22.789255142211914,22.789255142211914,0
2022-01-05,22.789255142211914,22.789255142211914,22.789255142211914,22.789255142211914,22.789255142211914,0
2022-01-06,22.789255142211914,22.789255142211914,22.789255142211914,22.789255142211914,22.789255142211914,0
2022-01-07,22.789255142211914,22.789255142211914,22.789255142211914,22.789255142211914,22.789255142211914,97
2022-01-10,22.789255142211914,22.789255142211914,22.789255142211914,22.789255142211914,22.789255142211914,0
2022-01-11,22.789255142211914,22.789255142211914,22.789255142211914,22.789255142211914,22.789255142211914,0
2022-01-12,22.789255142211914,22.789255142211914,22.789255142211914,22.789255142211914,22.789255142211914,0
2022-01-13,22.789255142211914,22.789255142211914,22.789255142211914,22.789255142211914,22.789255142211914,48
2022-01-14,22.789255142211914,22.789255142211914,22.83057975769043,22.789255142211914,22.83057975769043,194
2022-01-18,22.789255142211914,22.789255142211914,22.789255142211914,22.789255142211914,22.789255142211914,0
2022-01-19,22.789255142211914,22.789255142211914,22.789255142211914,22.789255142211914,22.789255142211914,194
2022-01-20,22.789255142211914,22.789255142211914,22.789255142211914,22.789255142211914,22.789255142211914,0
2022-01-21,22.76859474182129,22.76859474182129,22.76859474182129,22.76859474182129,22.76859474182129,290
2022-01-24,22.789255142211914,22.789255142211914,22.789255142211914,22.789255142211914,22.789255142211914,2081
2022-01-25,22.851240158081055,22.851240158081055,22.851240158081055,22.84710693359375,22.84710693359375,726
2022-01-26,22.789255142211914,22.789255142211914,22.789255142211914,22.789255142211914,22.789255142211914,48
2022-01-27,22.789255142211914,22.789255142211914,22.809917449951172,22.789255142211914,22.809917449951172,2468
2022-01-28,22.820247650146484,22.820247650146484,22.820247650146484,22.789255142211914,22.789255142211914,194
2022-01-31,22.789255142211914,22.789255142211914,22.789255142211914,22.789255142211914,22.789255142211914,48
2022-02-01,22.789255142211914,22.789255142211914,22.789255142211914,22.789255142211914,22.789255142211914,0
2022-02-02,22.809917449951172,22.809917449951172,22.809917449951172,22.809917449951172,22.809917449951172,97
2022-02-03,22.809917449951172,22.809917449951172,22.809917449951172,22.809917449951172,22.809917449951172,0
2022-02-04,22.809917449951172,22.809917449951172,22.809917449951172,22.809917449951172,22.809917449951172,0
2022-02-07,22.809917449951172,22.809917449951172,22.809917449951172,22.809917449951172,22.809917449951172,0
2022-02-08,23.07851219177246,23.07851219177246,23.07851219177246,22.995868682861328,22.995868682861328,25071
2022-02-09,22.997934341430664,22.997934341430664,22.997934341430664,22.997934341430664,22.997934341430664,145
2022-02-10,22.997934341430664,22.997934341430664,22.997934341430664,22.997934341430664,22.997934341430664,0
2022-02-11,22.997934341430664,22.997934341430664,22.997934341430664,22.997934341430664,22.997934341430664,0
2022-02-14,22.997934341430664,22.997934341430664,22.997934341430664,22.997934341430664,22.997934341430664,0
2022-02-15,22.997934341430664,22.997934341430664,22.997934341430664,22.997934341430664,22.997934341430664,0
2022-02-16,22.995868682861328,22.995868682861328,22.995868682861328,22.995868682861328,22.995868682861328,194
2022-02-17,22.995868682861328,22.995868682861328,22.995868682861328,22.995868682861328,22.995868682861328,0
2022-02-18,22.995868682861328,22.995868682861328,22.995868682861328,22.995868682861328,22.995868682861328,1936
2022-02-22,22.995868682861328,22.995868682861328,22.995868682861328,22.995868682861328,22.995868682861328,0
2022-02-23,22.995868682861328,22.995868682861328,22.995868682861328,22.995868682861328,22.995868682861328,2420
2022-02-24,22.995868682861328,22.995868682861328,22.995868682861328,22.995868682861328,22.995868682861328,581
2022-02-25,22.995868682861328,22.995868682861328,22.995868682861328,22.995868682861328,22.995868682861328,48
2022-02-28,22.995868682861328,22.995868682861328,23.026859283447266,22.995868682861328,23.026859283447266,97
2022-03-01,22.995868682861328,22.995868682861328,22.995868682861328,22.995868682861328,22.995868682861328,0
2022-03-02,22.995868682861328,22.995868682861328,22.995868682861328,22.995868682861328,22.995868682861328,2372
2022-03-03,22.995868682861328,22.995868682861328,22.995868682861328,22.995868682861328,22.995868682861328,3388
2022-03-04,22.995868682861328,22.995868682861328,22.997934341430664,22.995868682861328,22.997934341430664,484
2022-03-07,22.995868682861328,22.995868682861328,22.995868682861328,22.995868682861328,22.995868682861328,0
2022-03-08,22.995868682861328,22.995868682861328,22.995868682861328,22.995868682861328,22.995868682861328,0
2022-03-09,22.995868682861328,22.995868682861328,22.995868682861328,22.995868682861328,22.995868682861328,0
2022-03-10,23.06818199157715,23.06818199157715,23.06818199157715,23.06818199157715,23.06818199157715,145
2022-03-11,23.06818199157715,23.06818199157715,23.06818199157715,23.06818199157715,23.06818199157715,0
2022-03-14,23.06818199157715,23.06818199157715,23.06818199157715,23.06818199157715,23.06818199157715,0
2022-03-15,23.09917449951172,23.09917449951172,23.09917449951172,23.09917449951172,23.09917449951172,242
2022-03-16,23.057851791381836,23.057851791381836,23.057851791381836,23.057851791381836,23.057851791381836,1355
2022-03-17,23.057851791381836,23.057851791381836,23.057851791381836,23.057851791381836,23.057851791381836,0
2022-03-18,23.09917449951172,23.09917449951172,23.09917449951172,23.09917449951172,23.09917449951172,145
2022-03-21,23.09917449951172,23.09917449951172,23.09917449951172,23.09917449951172,23.09917449951172,0
2022-03-22,23.057851791381836,23.057851791381836,23.09917449951172,23.057851791381836,23.09917449951172,3872
2022-03-23,23.057851791381836,23.057851791381836,23.057851791381836,23.057851791381836,23.057851791381836,0
2022-03-24,23.057851791381836,23.057851791381836,23.057851791381836,23.057851791381836,23.057851791381836,0
2022-03-25,23.057851791381836,23.057851791381836,23.057851791381836,23.057851791381836,23.057851791381836,48
2022-03-28,23.09917449951172,23.09917449951172,23.09917449951172,23.057851791381836,23.057851791381836,532
2022-03-29,23.09917449951172,23.09917449951172,23.09917449951172,23.09917449951172,23.09917449951172,1984
2022-03-30,23.057851791381836,23.057851791381836,23.09917449951172,23.057851791381836,23.09917449951172,2033
2022-03-31,23.057851791381836,23.057851791381836,23.057851791381836,23.057851791381836,23.057851791381836,194
2022-04-01,23.057851791381836,23.057851791381836,23.057851791381836,23.057851791381836,23.057851791381836,0
2022-04-04,23.119834899902344,23.119834899902344,23.119834899902344,23.07851219177246,23.09917449951172,15682
2022-04-05,23.119834899902344,23.119834899902344,23.119834899902344,23.07851219177246,23.119834899902344,2130
2022-04-06,23.136363983154297,23.136363983154297,23.14049530029297,23.119834899902344,23.14049530029297,387
2022-04-07,23.14049530029297,23.14049530029297,23.14049530029297,23.14049530029297,23.14049530029297,1888
2022-04-08,23.119834899902344,23.119834899902344,23.14049530029297,23.119834899902344,23.14049530029297,2275
2022-04-11,23.14049530029297,23.14049530029297,23.14049530029297,23.119834899902344,23.14049530029297,5905
2022-04-12,23.223140716552734,23.223140716552734,23.223140716552734,23.18181800842285,23.18181800842285,23861
2022-04-13,23.223140716552734,23.223140716552734,23.223140716552734,23.18181800842285,23.18181800842285,242
2022-04-14,23.223140716552734,23.223140716552734,23.223140716552734,23.18181800842285,23.18181800842285,194
2022-04-18,23.202478408813477,23.202478408813477,23.24380111694336,23.18181800842285,23.18181800842285,1404
2022-04-19,23.264463424682617,23.264463424682617,23.264463424682617,23.202478408813477,23.223140716552734,1742
2022-04-20,23.264463424682617,23.264463424682617,23.264463424682617,23.264463424682617,23.264463424682617,0
2022-04-21,23.264463424682617,23.264463424682617,23.264463424682617,23.223140716552734,23.223140716552734,774
2022-04-22,23.264463424682617,23.264463424682617,23.264463424682617,23.264463424682617,23.264463424682617,0
2022-04-25,23.305784225463867,23.305784225463867,23.305784225463867,23.305784225463867,23.305784225463867,97
2022-04-26,23.305784225463867,23.305784225463867,23.305784225463867,23.305784225463867,23.305784225463867,290
2022-04-27,23.533058166503906,23.533058166503906,23.533058166503906,23.326446533203125,23.533058166503906,1839
2022-04-28,23.326446533203125,23.326446533203125,23.429752349853516,23.326446533203125,23.429752349853516,726
2022-04-29,23.40909194946289,23.40909194946289,23.40909194946289,23.40909194946289,23.40909194946289,97
2022-05-02,23.311983108520508,23.311983108520508,23.429752349853516,23.26859474182129,23.429752349853516,629
2022-05-03,23.326446533203125,23.326446533203125,23.326446533203125,23.326446533203125,23.326446533203125,1210
2022-05-04,23.40909194946289,23.40909194946289,23.40909194946289,23.40909194946289,23.40909194946289,48
2022-05-05,23.491735458374023,23.491735458374023,23.491735458374023,23.491735458374023,23.491735458374023,145
2022-05-06,23.40909194946289,23.40909194946289,23.491735458374023,23.34710693359375,23.491735458374023,4162
2022-05-09,23.41942024230957,23.41942024230957,23.41942024230957,23.40909194946289,23.40909194946289,1888
2022-05-10,23.40909194946289,23.40909194946289,23.40909194946289,23.40909194946289,23.40909194946289,97
2022-05-11,23.40909194946289,23.40909194946289,23.40909194946289,23.40909194946289,23.40909194946289,0
2022-05-12,23.326446533203125,23.326446533203125,23.326446533203125,23.326446533203125,23.326446533203125,48
2022-05-13,23.326446533203125,23.326446533203125,23.326446533203125,23.326446533203125,23.326446533203125,0
2022-05-16,23.326446533203125,23.326446533203125,23.326446533203125,23.326446533203125,23.326446533203125,0
2022-05-17,23.326446533203125,23.326446533203125,23.326446533203125,23.326446533203125,23.326446533203125,0
2022-05-18,23.326446533203125,23.326446533203125,23.326446533203125,23.326446533203125,23.326446533203125,48
2022-05-19,23.326446533203125,23.326446533203125,23.326446533203125,23.326446533203125,23.326446533203125,0
2022-05-20,23.326446533203125,23.326446533203125,23.326446533203125,23.326446533203125,23.326446533203125,4646
2022-05-23,23.326446533203125,23.326446533203125,23.326446533203125,23.326446533203125,23.326446533203125,0
2022-05-24,23.326446533203125,23.326446533203125,23.326446533203125,23.326446533203125,23.326446533203125,1694
2022-05-25,23.326446533203125,23.326446533203125,23.326446533203125,23.326446533203125,23.326446533203125,0
2022-05-26,23.326446533203125,23.326446533203125,23.326446533203125,23.326446533203125,23.326446533203125,1984
2022-05-27,23.326446533203125,23.326446533203125,23.326446533203125,23.326446533203125,23.326446533203125,0
2022-05-31,23.326446533203125,23.326446533203125,23.326446533203125,23.326446533203125,23.326446533203125,0
2022-06-01,23.326446533203125,23.326446533203125,23.326446533203125,23.326446533203125,23.326446533203125,0
2022-06-02,23.326446533203125,23.326446533203125,23.326446533203125,23.326446533203125,23.326446533203125,0
2022-06-03,23.326446533203125,23.326446533203125,23.326446533203125,23.326446533203125,23.326446533203125,0
2022-06-06,23.326446533203125,23.326446533203125,23.326446533203125,23.326446533203125,23.326446533203125,0
2022-06-07,23.41942024230957,23.41942024230957,23.41942024230957,23.41942024230957,23.41942024230957,194
2022-06-08,23.45041275024414,23.45041275024414,23.46900749206543,23.45041275024414,23.45041275024414,145
2022-06-09,23.45041275024414,23.45041275024414,23.45041275024414,23.45041275024414,23.45041275024414,0
2022-06-10,23.45041275024414,23.45041275024414,23.45041275024414,23.45041275024414,23.45041275024414,0
2022-06-13,23.45041275024414,23.45041275024414,23.45041275024414,23.45041275024414,23.45041275024414,0
2022-06-14,23.45041275024414,23.45041275024414,23.45041275024414,23.45041275024414,23.45041275024414,145
2022-06-15,23.45041275024414,23.45041275024414,23.45041275024414,23.45041275024414,23.45041275024414,290
2022-06-16,23.45041275024414,23.45041275024414,23.45041275024414,23.45041275024414,23.45041275024414,0
2022-06-17,23.45041275024414,23.45041275024414,23.45041275024414,23.45041275024414,23.45041275024414,0
2022-06-21,23.429752349853516,23.429752349853516,23.45041275024414,23.429752349853516,23.45041275024414,3291
2022-06-22,23.429752349853516,23.429752349853516,23.429752349853516,23.429752349853516,23.429752349853516,0
2022-06-23,23.471073150634766,23.471073150634766,23.471073150634766,23.41942024230957,23.429752349853516,8373
2022-06-24,23.471073150634766,23.471073150634766,23.471073150634766,23.471073150634766,23.471073150634766,0
2022-06-27,23.471073150634766,23.471073150634766,23.471073150634766,23.471073150634766,23.471073150634766,0
2022-06-28,23.471073150634766,23.471073150634766,23.471073150634766,23.471073150634766,23.471073150634766,0
2022-06-29,23.471073150634766,23.471073150634766,23.471073150634766,23.471073150634766,23.471073150634766,0
2022-06-30,23.471073150634766,23.471073150634766,23.471073150634766,23.471073150634766,23.471073150634766,0
2022-07-01,23.471073150634766,23.471073150634766,23.471073150634766,23.471073150634766,23.471073150634766,0
2022-07-05,23.471073150634766,23.471073150634766,23.471073150634766,23.471073150634766,23.471073150634766,0
2022-07-06,23.471073150634766,23.471073150634766,23.471073150634766,23.471073150634766,23.471073150634766,0
2022-07-07,23.471073150634766,23.471073150634766,23.471073150634766,23.471073150634766,23.471073150634766,0
2022-07-08,23.471073150634766,23.471073150634766,23.471073150634766,23.471073150634766,23.471073150634766,0
2022-07-11,23.471073150634766,23.471073150634766,23.471073150634766,23.471073150634766,23.471073150634766,0
2022-07-12,23.471073150634766,23.471073150634766,23.471073150634766,23.471073150634766,23.471073150634766,0
2022-07-13,23.471073150634766,23.471073150634766,23.471073150634766,23.471073150634766,23.471073150634766,0
2022-07-14,23.471073150634766,23.471073150634766,23.471073150634766,23.471073150634766,23.471073150634766,0
2022-07-15,23.491735458374023,23.491735458374023,23.491735458374023,23.471073150634766,23.491735458374023,10116
2022-07-18,23.491735458374023,23.491735458374023,23.491735458374023,23.491735458374023,23.491735458374023,5421
2022-07-19,23.45041275024414,23.45041275024414,23.45041275024414,23.45041275024414,23.45041275024414,1210
2022-07-20,23.471073150634766,23.471073150634766,23.471073150634766,23.471073150634766,23.471073150634766,968
2022-07-21,23.471073150634766,23.471073150634766,23.471073150634766,23.471073150634766,23.471073150634766,0
2022-07-22,23.471073150634766,23.471073150634766,23.471073150634766,23.471073150634766,23.471073150634766,0
2022-07-25,23.471073150634766,23.471073150634766,23.51239776611328,23.471073150634766,23.51239776611328,194
2022-07-26,23.471073150634766,23.471073150634766,23.471073150634766,23.471073150634766,23.471073150634766,0
2022-07-27,23.471073150634766,23.471073150634766,23.471073150634766,23.471073150634766,23.471073150634766,0
2022-07-28,23.471073150634766,23.471073150634766,23.471073150634766,23.471073150634766,23.471073150634766,0
2022-07-29,23.471073150634766,23.471073150634766,23.471073150634766,23.471073150634766,23.471073150634766,48
2022-08-01,23.471073150634766,23.471073150634766,23.471073150634766,23.471073150634766,23.471073150634766,0
2022-08-02,23.471073150634766,23.471073150634766,23.471073150634766,23.471073150634766,23.471073150634766,0
2022-08-03,23.471073150634766,23.471073150634766,23.471073150634766,23.471073150634766,23.471073150634766,145
2022-08-04,23.471073150634766,23.471073150634766,23.471073150634766,23.471073150634766,23.471073150634766,0
2022-08-05,23.471073150634766,23.471073150634766,23.471073150634766,23.471073150634766,23.471073150634766,0
2022-08-08,23.502065658569336,23.502065658569336,23.502065658569336,23.502065658569336,23.502065658569336,48
2022-08-09,23.502065658569336,23.502065658569336,23.502065658569336,23.502065658569336,23.502065658569336,0
2022-08-10,23.491735458374023,23.491735458374023,23.491735458374023,23.491735458374023,23.491735458374023,48
2022-08-11,23.491735458374023,23.491735458374023,23.491735458374023,23.491735458374023,23.491735458374023,48
2022-08-12,23.55371856689453,23.55371856689453,23.55371856689453,23.55371856689453,23.55371856689453,339
2022-08-15,23.55371856689453,23.55371856689453,23.55371856689453,23.55371856689453,23.55371856689453,0
2022-08-16,23.55371856689453,23.55371856689453,23.55371856689453,23.55371856689453,23.55371856689453,0
2022-08-17,23.55371856689453,23.55371856689453,23.55371856689453,23.55371856689453,23.55371856689453,0
2022-08-18,23.595041275024414,23.595041275024414,23.595041275024414,23.595041275024414,23.595041275024414,194
2022-08-19,23.595041275024414,23.595041275024414,23.595041275024414,23.595041275024414,23.595041275024414,0
2022-08-22,23.595041275024414,23.595041275024414,23.595041275024414,23.595041275024414,23.595041275024414,0
2022-08-23,23.55371856689453,23.55371856689453,23.63429832458496,23.55371856689453,23.63429832458496,774
2022-08-24,23.55371856689453,23.55371856689453,23.55371856689453,23.55371856689453,23.55371856689453,0
2022-08-25,23.55371856689453,23.55371856689453,23.55371856689453,23.55371856689453,23.55371856689453,14375
2022-08-26,23.55371856689453,23.55371856689453,23.55371856689453,23.55371856689453,23.55371856689453,0
2022-08-29,23.55371856689453,23.55371856689453,23.55371856689453,23.55371856689453,23.55371856689453,0
2022-08-30,23.55371856689453,23.55371856689453,23.55371856689453,23.55371856689453,23.55371856689453,0
2022-08-31,23.55371856689453,23.55371856689453,23.55371856689453,23.55371856689453,23.55371856689453,0
2022-09-01,23.55371856689453,23.55371856689453,23.55371856689453,23.55371856689453,23.55371856689453,0
2022-09-02,23.57438087463379,23.57438087463379,23.57438087463379,23.57438087463379,23.57438087463379,532
2022-09-06,23.595041275024414,23.595041275024414,23.595041275024414,23.595041275024414,23.595041275024414,97
2022-09-07,23.595041275024414,23.595041275024414,23.605371475219727,23.595041275024414,23.595041275024414,2759
2022-09-08,23.61570167541504,23.61570167541504,23.61570167541504,23.61570167541504,23.61570167541504,2662
2022-09-09,23.61570167541504,23.61570167541504,23.61570167541504,23.61570167541504,23.61570167541504,0
2022-09-12,23.61570167541504,23.61570167541504,23.61570167541504,23.61570167541504,23.61570167541504,0
2022-09-13,23.636363983154297,23.636363983154297,23.657024383544922,23.636363983154297,23.636363983154297,629
2022-09-14,23.636363983154297,23.636363983154297,23.636363983154297,23.636363983154297,23.636363983154297,4888
2022-09-15,23.636363983154297,23.636363983154297,23.636363983154297,23.636363983154297,23.636363983154297,0
2022-09-16,23.636363983154297,23.636363983154297,23.636363983154297,23.636363983154297,23.636363983154297,0
2022-09-19,23.61570167541504,23.61570167541504,23.61570167541504,23.61570167541504,23.61570167541504,97
2022-09-20,23.61570167541504,23.61570167541504,23.61570167541504,23.61570167541504,23.61570167541504,0
2022-09-21,23.657024383544922,23.657024383544922,23.657024383544922,23.657024383544922,23.657024383544922,1742
2022-09-22,23.657024383544922,23.657024383544922,23.657024383544922,23.657024383544922,23.657024383544922,0
2022-09-23,23.636363983154297,23.636363983154297,23.657024383544922,23.636363983154297,23.636363983154297,29911
2022-09-26,23.636363983154297,23.636363983154297,23.636363983154297,23.636363983154297,23.636363983154297,0
2022-09-27,23.595041275024414,23.595041275024414,23.636363983154297,23.595041275024414,23.636363983154297,2710
2022-09-28,23.595041275024414,23.595041275024414,23.673553466796875,23.595041275024414,23.657024383544922,9099
2022-09-29,23.61570167541504,23.61570167541504,23.61570167541504,23.61570167541504,23.61570167541504,4840
2022-09-30,23.636363983154297,23.636363983154297,23.636363983154297,23.636363983154297,23.636363983154297,13600
2022-10-03,23.636363983154297,23.636363983154297,23.636363983154297,23.636363983154297,23.636363983154297,0
2022-10-04,23.657024383544922,23.657024383544922,23.657024383544922,23.657024383544922,23.657024383544922,1452
2022-10-05,23.429752349853516,23.429752349853516,23.45041275024414,23.429752349853516,23.45041275024414,1452
2022-10-06,23.657024383544922,23.657024383544922,23.739669799804688,23.491735458374023,23.657024383544922,2856
2022-10-07,23.67768669128418,23.67768669128418,23.67768669128418,23.657024383544922,23.657024383544922,2323
2022-10-10,23.67768669128418,23.67768669128418,23.67768669128418,23.67768669128418,23.67768669128418,0
2022-10-11,23.67768669128418,23.67768669128418,23.67768669128418,23.67768669128418,23.67768669128418,0
2022-10-12,23.67768669128418,23.67768669128418,23.67768669128418,23.67768669128418,23.67768669128418,48
2022-10-13,23.67768669128418,23.67768669128418,23.67768669128418,23.67768669128418,23.67768669128418,48
2022-10-14,23.760330200195312,23.760330200195312,23.760330200195312,23.760330200195312,23.760330200195312,194
2022-10-17,23.739669799804688,23.739669799804688,23.760330200195312,23.739669799804688,23.760330200195312,4404
2022-10-18,23.739669799804688,23.739669799804688,23.747934341430664,23.739669799804688,23.739669799804688,242
2022-10-19,23.739669799804688,23.739669799804688,23.739669799804688,23.739669799804688,23.739669799804688,0
2022-10-20,23.739669799804688,23.739669799804688,23.739669799804688,23.739669799804688,23.739669799804688,0
2022-10-21,23.760330200195312,23.760330200195312,23.760330200195312,23.760330200195312,23.760330200195312,48
2022-10-24,23.760330200195312,23.760330200195312,23.760330200195312,23.760330200195312,23.760330200195312,0
2022-10-25,23.760330200195312,23.760330200195312,23.760330200195312,23.760330200195312,23.760330200195312,0
2022-10-26,23.739669799804688,23.739669799804688,23.739669799804688,23.739669799804688,23.739669799804688,48
2022-10-27,23.739669799804688,23.739669799804688,23.739669799804688,23.739669799804688,23.739669799804688,0
2022-10-28,23.739669799804688,23.739669799804688,23.739669799804688,23.739669799804688,23.739669799804688,0
2022-10-31,23.760330200195312,23.760330200195312,23.82231330871582,23.739669799804688,23.739669799804688,11035
2022-11-01,23.801652908325195,23.801652908325195,23.863636016845703,23.760330200195312,23.760330200195312,38575
2022-11-02,23.801652908325195,23.801652908325195,23.807851791381836,23.801652908325195,23.801652908325195,3485
2022-11-03,24.070247650146484,24.070247650146484,24.070247650146484,23.801652908325195,23.842975616455078,21683
2022-11-04,15.309917449951172,15.309917449951172,23.760330200195312,14.090909004211426,23.67768669128418,33541
2022-11-07,19.520660400390625,19.520660400390625,20.041322708129883,15.392561912536621,15.640496253967285,52708
2022-11-08,22.70661163330078,22.70661163330078,22.70661163330078,17.23140525817871,19.380165100097656,11955
2022-11-09,23.14049530029297,23.14049530029297,24.39669418334961,19.648759841918945,20.619834899902344,15536
2022-11-10,11.363636016845703,11.363636016845703,23.07851219177246,10.0,21.880165100097656,95542
2022-11-11,14.731405258178711,14.731405258178711,23.863636016845703,10.971074104309082,10.971074104309082,1917705
2022-11-14,11.797520637512207,11.797520637512207,16.29958724975586,11.570247650146484,15.082645416259766,125066
2022-11-15,10.330578804016113,10.330578804016113,12.39669418334961,8.285123825073242,11.322314262390137,96994
2022-11-16,9.731405258178711,9.731405258178711,10.287190437316895,9.070247650146484,9.917354583740234,41237
2022-11-17,9.297520637512207,9.297520637512207,9.731405258178711,8.719008445739746,9.462809562683105,26572
2022-11-18,14.00826358795166,14.00826358795166,16.17768669128418,8.780991554260254,9.297520637512207,1849219
2022-11-21,13.05785083770752,13.05785083770752,14.834711074829102,12.768594741821289,13.842974662780762,175450
2022-11-22,10.25826358795166,10.25826358795166,13.024792671203613,8.946281433105469,12.87190055847168,94332
2022-11-23,9.876032829284668,9.876032829284668,10.320247650146484,9.504132270812988,9.648759841918945,37897
2022-11-25,9.04958724975586,9.04958724975586,11.363636016845703,8.677685737609863,10.55785083770752,24103
2022-11-28,7.107438087463379,7.107438087463379,9.297520637512207,6.63223123550415,9.297520637512207,53869
2022-11-29,5.909090995788574,5.909090995788574,7.107438087463379,5.826446056365967,6.838842868804932,59290
2022-11-30,6.095040798187256,6.095040798187256,7.148759841918945,5.826446056365967,6.095040798187256,100575
2022-12-01,5.619834899902344,5.619834899902344,6.425620079040527,5.247933864593506,6.033058166503906,35864
2022-12-02,5.5578508377075195,5.5578508377075195,5.950413227081299,5.247933864593506,5.888430118560791,23329
2022-12-05,5.369834899902344,5.369834899902344,5.923553943634033,5.227272987365723,5.661157131195068,16988
2022-12-06,5.0,5.0,5.578512191772461,4.855371952056885,5.371901035308838,20715
2022-12-07,4.876032829284668,4.876032829284668,5.340909004211426,4.855371952056885,4.855371952056885,6776
2022-12-08,4.7933878898620605,4.7933878898620605,5.080578804016113,4.607438087463379,4.896694183349609,9196
2022-12-09,5.165288925170898,5.165288925170898,5.619834899902344,4.673553943634033,5.165288925170898,23087
2022-12-12,4.214876174926758,4.214876174926758,5.165288925170898,3.719007968902588,5.165288925170898,33057
2022-12-13,4.256197929382324,4.256197929382324,4.338842868804932,4.13223123550415,4.214876174926758,7841
2022-12-14,4.318181991577148,4.318181991577148,4.731404781341553,3.9462809562683105,4.235537052154541,6244
2022-12-15,4.111569881439209,4.111569881439209,4.752066135406494,3.9772729873657227,4.237603187561035,3243
2022-12-16,4.669421195983887,4.669421195983887,4.7107439041137695,4.008264064788818,4.138430118560791,12487
2022-12-19,4.5247931480407715,4.5247931480407715,4.628098964691162,3.9462809562683105,4.208677768707275,25894
2022-12-20,3.780992031097412,3.780992031097412,4.359504222869873,3.780992031097412,4.256197929382324,10938
2022-12-21,4.028925895690918,4.028925895690918,4.421487808227539,3.863636016845703,3.9462809562683105,11084
2022-12-22,4.318181991577148,4.318181991577148,4.390495777130127,3.8347110748291016,4.028925895690918,15633
2022-12-23,3.8223140239715576,3.8223140239715576,4.235537052154541,3.8223140239715576,4.13223123550415,13020
2022-12-27,3.533057928085327,3.533057928085327,3.828511953353882,3.533057928085327,3.8223140239715576,3436
2022-12-28,3.326446056365967,3.326446056365967,3.719007968902588,3.140496015548706,3.719007968902588,6098
2022-12-29,2.9132230281829834,2.9132230281829834,3.326446056365967,2.8987600803375244,3.326446056365967,4743
2022-12-30,3.1818180084228516,3.1818180084228516,3.254132032394409,2.9132230281829834,2.9173550605773926,3727
2023-01-03,3.1611568927764893,3.1611568927764893,3.4442150592803955,3.0578510761260986,3.4111568927764893,4985
2023-01-04,3.264462947845459,3.264462947845459,3.4917359352111816,3.243802070617676,3.4917359352111816,7502
2023-01-05,3.8223140239715576,3.8223140239715576,7.107438087463379,3.2851240634918213,3.2851240634918213,692894
2023-01-06,5.076446056365967,5.076446056365967,5.991735935211182,3.636363983154297,3.636363983154297,286964
2023-01-09,5.268595218658447,5.268595218658447,5.888430118560791,4.566115856170654,4.979339122772217,44867
2023-01-10,6.611569881439209,6.611569881439209,6.880165100097656,5.165288925170898,5.165288925170898,65050
2023-01-11,6.921487808227539,6.921487808227539,7.768595218658447,6.628098964691162,6.983470916748047,51304
2023-01-12,10.84710693359375,10.84710693359375,12.334711074829102,7.128098964691162,7.231404781341553,803924
2023-01-13,8.512396812438965,8.512396812438965,13.016529083251953,8.409090995788574,9.71074390411377,184985
2023-01-17,6.0537190437316895,6.0537190437316895,9.483470916748047,5.5991740226745605,9.483470916748047,123565
2023-01-18,5.743802070617676,5.743802070617676,6.095040798187256,5.578512191772461,5.86776876449585,32622
2023-01-19,5.454545021057129,5.454545021057129,6.198347091674805,5.2066121101379395,6.148759841918945,13020
2023-01-20,5.165288925170898,5.165288925170898,6.0578508377075195,5.165288925170898,5.330578804016113,34267
2023-01-23,6.34297513961792,6.34297513961792,6.756197929382324,5.371901035308838,5.423553943634033,98155
2023-01-24,5.5578508377075195,5.5578508377075195,6.1776862144470215,5.3078508377075195,6.1776862144470215,49078
2023-01-25,4.896694183349609,4.896694183349609,5.971074104309082,4.359504222869873,5.971074104309082,50578
2023-01-26,4.958677768707275,4.958677768707275,5.454545021057129,4.876032829284668,4.896694183349609,9438
2023-01-27,4.669421195983887,4.669421195983887,5.020660877227783,4.648759841918945,4.834711074829102,5372
2023-01-30,5.041322231292725,5.041322231292725,5.340909004211426,4.628098964691162,4.628098964691162,9051
2023-01-31,5.0,5.0,5.247933864593506,4.855371952056885,4.855371952056885,7502
2023-02-01,4.7107439041137695,4.7107439041137695,5.144628047943115,4.7107439041137695,4.752066135406494,8131
2023-02-02,4.690083026885986,4.690083026885986,5.330578804016113,4.65289306640625,4.917355060577393,5663
2023-02-03,4.462810039520264,4.462810039520264,4.876032829284668,4.4421491622924805,4.752066135406494,7357
2023-02-06,4.7933878898620605,4.7933878898620605,5.020660877227783,4.359504222869873,4.359504222869873,10358
2023-02-07,4.669421195983887,4.669421195983887,4.7933878898620605,4.545454978942871,4.648759841918945,3485
2023-02-08,4.421487808227539,4.421487808227539,4.605371952056885,4.380165100097656,4.380165100097656,1065
2023-02-09,4.607438087463379,4.607438087463379,4.628098964691162,4.276860237121582,4.421487808227539,6098
2023-02-10,4.200413227081299,4.200413227081299,4.50413179397583,4.173553943634033,4.2107439041137695,3582
2023-02-13,4.4421491622924805,4.4421491622924805,4.462810039520264,4.090909004211426,4.090909004211426,774
2023-02-14,4.566115856170654,4.566115856170654,4.566115856170654,4.256197929382324,4.473139762878418,3485
2023-02-15,4.7107439041137695,4.7107439041137695,4.7107439041137695,4.173553943634033,4.5247931480407715,4985
2023-02-16,4.380165100097656,4.380165100097656,4.648759841918945,4.194214820861816,4.483470916748047,15924
2023-02-17,4.648759841918945,4.648759841918945,4.938016891479492,4.338842868804932,4.462810039520264,23135
2023-02-21,4.359504222869873,4.359504222869873,4.8078508377075195,4.13223123550415,4.7107439041137695,6776
2023-02-22,4.648759841918945,4.648759841918945,4.917355060577393,4.270660877227783,4.318181991577148,14472
2023-02-23,4.338842868804932,4.338842868804932,4.648759841918945,4.297521114349365,4.648759841918945,18586
2023-02-24,4.318181991577148,4.318181991577148,4.545454978942871,4.0392560958862305,4.214876174926758,12681
2023-02-27,4.380165100097656,4.380165100097656,4.444214820861816,4.318181991577148,4.338842868804932,1839
2023-02-28,4.214876174926758,4.214876174926758,4.421487808227539,4.214876174926758,4.266529083251953,3291
2023-03-01,5.165288925170898,5.165288925170898,5.929751873016357,4.173553943634033,4.173553943634033,78166
2023-03-02,5.165288925170898,5.165288925170898,5.454545021057129,4.297521114349365,4.338842868804932,67808
2023-03-03,5.123967170715332,5.123967170715332,5.185949802398682,4.938016891479492,5.185949802398682,5760
2023-03-06,4.855371952056885,4.855371952056885,5.278925895690918,4.855371952056885,5.278925895690918,10648
2023-03-07,5.123967170715332,5.123967170715332,6.095040798187256,4.75,4.917355060577393,114708
2023-03-08,4.7107439041137695,4.7107439041137695,5.247933864593506,4.4421491622924805,4.979339122772217,23522
2023-03-09,4.338842868804932,4.338842868804932,4.648759841918945,4.338842868804932,4.648759841918945,4792
2023-03-10,4.338842868804932,4.338842868804932,4.607438087463379,4.318181991577148,4.545454978942871,2033
2023-03-13,3.884298086166382,3.884298086166382,4.378098964691162,3.533057928085327,4.194214820861816,14181
2023-03-14,3.884298086166382,3.884298086166382,4.070248126983643,3.743802070617676,3.987602949142456,3485
2023-03-15,3.5743799209594727,3.5743799209594727,4.194214820861816,3.4504129886627197,4.194214820861816,25023
2023-03-16,3.4504129886627197,3.4504129886627197,3.5743799209594727,3.3677690029144287,3.512397050857544,2662
2023-03-17,3.34710693359375,3.34710693359375,3.6776859760284424,3.34710693359375,3.636363983154297,2226
2023-03-20,3.223140001296997,3.223140001296997,3.512397050857544,2.7066121101379395,3.512397050857544,7696
2023-03-21,3.471074104309082,3.471074104309082,3.6983470916748047,3.1818180084228516,3.3057849407196045,9728
2023-03-22,3.2024788856506348,3.2024788856506348,3.512397050857544,3.0991740226745605,3.512397050857544,11326
2023-03-23,4.070248126983643,4.070248126983643,4.276860237121582,3.34710693359375,3.3698348999023438,19699
2023-03-24,5.041322231292725,5.041322231292725,5.061983108520508,4.059916973114014,4.194214820861816,129422
2023-03-27,5.4752068519592285,5.4752068519592285,6.0537190437316895,4.545454978942871,5.2892560958862305,274476
2023-03-28,5.371901035308838,5.371901035308838,5.888430118560791,4.814050197601318,5.888430118560791,33396
2023-03-29,3.987602949142456,3.987602949142456,5.2066121101379395,3.8016529083251953,5.2066121101379395,57499
2023-03-30,3.884298086166382,3.884298086166382,4.049586772918701,3.1611568927764893,3.719007968902588,56676
2023-03-31,3.34710693359375,3.34710693359375,3.842974901199341,2.9752070903778076,3.76033091545105,24394
2023-04-03,3.1611568927764893,3.1611568927764893,3.3057849407196045,2.954545021057129,3.3057849407196045,17569
2023-04-04,3.016529083251953,3.016529083251953,3.2851240634918213,2.9132230281829834,3.2851240634918213,16456
2023-04-05,3.016529083251953,3.016529083251953,3.34710693359375,2.9132230281829834,3.078511953353882,39882
2023-04-06,3.1818180084228516,3.1818180084228516,3.2293388843536377,3.016529083251953,3.1818180084228516,12729
2023-04-10,3.388430118560791,3.388430118560791,3.512397050857544,3.2024788856506348,3.409090995788574,16456
2023-04-11,3.140496015548706,3.140496015548706,3.487602949142456,3.0371899604797363,3.4504129886627197,8276
2023-04-12,3.134298086166382,3.134298086166382,3.2851240634918213,3.016529083251953,3.264462947845459,10309
2023-04-13,3.016529083251953,3.016529083251953,3.223140001296997,2.995867967605591,3.223140001296997,8180
2023-04-14,3.512397050857544,3.512397050857544,3.5743799209594727,3.1508259773254395,3.1508259773254395,21441
2023-04-17,3.904958963394165,3.904958963394165,4.5247931480407715,3.533057928085327,3.904958963394165,118967
2023-04-18,4.090909004211426,4.090909004211426,4.380165100097656,3.7706611156463623,4.13223123550415,58370
2023-04-19,3.842974901199341,3.842974901199341,4.214876174926758,3.842974901199341,4.111569881439209,13213
2023-04-20,4.13223123550415,4.13223123550415,4.214876174926758,3.8987600803375244,3.8987600803375244,30928
2023-04-21,4.13223123550415,4.13223123550415,4.4421491622924805,3.9256200790405273,3.9256200790405273,38478
2023-04-24,4.586777210235596,4.586777210235596,5.061983108520508,4.297521114349365,4.338842868804932,98252
2023-04-25,3.9256200790405273,3.9256200790405273,4.576446056365967,3.9256200790405273,4.50413179397583,29282
2023-04-26,3.884298086166382,3.884298086166382,3.9793388843536377,3.884298086166382,3.9462809562683105,3920
2023-04-27,3.4917359352111816,3.4917359352111816,4.338842868804932,3.3987600803375244,3.9462809562683105,74536
2023-04-28,4.772727012634277,4.772727012634277,11.095041275024414,4.545454978942871,5.702478885650635,15238982
2023-05-01,4.173553943634033,4.173553943634033,5.4752068519592285,3.9256200790405273,4.483470916748047,1002993
2023-05-02,5.619834899902344,5.619834899902344,6.611569881439209,4.690083026885986,5.392561912536621,5162828
2023-05-03,4.690083026885986,4.690083026885986,5.351240158081055,4.318181991577148,5.227272987365723,382457
2023-05-04,3.842974901199341,3.842974901199341,4.586777210235596,3.76033091545105,4.462810039520264,363000
2023-05-05,4.359504222869873,4.359504222869873,5.061983108520508,4.028925895690918,5.041322231292725,3139466
2023-05-08,4.173553943634033,4.173553943634033,4.50413179397583,4.049586772918701,4.4008259773254395,280139
2023-05-09,4.15289306640625,4.15289306640625,4.545454978942871,3.863636016845703,3.863636016845703,291174
2023-05-10,4.235537052154541,4.235537052154541,4.297521114349365,4.090909004211426,4.256197929382324,90895
2023-05-11,4.008264064788818,4.008264064788818,4.214876174926758,3.9256200790405273,4.214876174926758,77053
2023-05-12,3.76033091545105,3.76033091545105,4.049586772918701,3.409090995788574,3.9256200790405273,142006
2023-05-15,3.636363983154297,3.636363983154297,4.049586772918701,3.4338839054107666,3.966942071914673,261844
2023-05-16,3.636363983154297,3.636363983154297,3.6797521114349365,3.4504129886627197,3.512397050857544,73326
2023-05-17,3.34710693359375,3.34710693359375,3.595041036605835,3.243802070617676,3.5743799209594727,189050
2023-05-18,3.409090995788574,3.409090995788574,3.4504129886627197,3.2024788856506348,3.34710693359375,88136
2023-05-19,3.223140001296997,3.223140001296997,3.842974901199341,3.140496015548706,3.73966908454895,261796
2023-05-22,3.223140001296997,3.223140001296997,3.34710693359375,3.140496015548706,3.264462947845459,121581
2023-05-23,3.2851240634918213,3.2851240634918213,3.388430118560791,3.1611568927764893,3.1818180084228516,84894
2023-05-24,3.264462947845459,3.264462947845459,3.3677690029144287,3.2024788856506348,3.34710693359375,139198
2023-05-25,3.078511953353882,3.078511953353882,3.2024788856506348,3.078511953353882,3.1611568927764893,95251
2023-05-26,3.0991740226745605,3.0991740226745605,3.243802070617676,3.0578510761260986,3.2024788856506348,66260
2023-05-30,3.078511953353882,3.078511953353882,3.1611568927764893,2.9752070903778076,3.078511953353882,119500
2023-05-31,3.34710693359375,3.34710693359375,3.34710693359375,3.0371899604797363,3.1198348999023438,110497
2023-06-01,3.595041036605835,3.595041036605835,3.987602949142456,3.512397050857544,3.9462809562683105,3504305
2023-06-02,3.264462947845459,3.264462947845459,3.615701913833618,3.243802070617676,3.615701913833618,488017
2023-06-05,3.2024788856506348,3.2024788856506348,3.388430118560791,3.0991740226745605,3.3057849407196045,285028
2023-06-06,3.140496015548706,3.140496015548706,3.2851240634918213,3.0578510761260986,3.1611568927764893,278542
2023-06-07,3.243802070617676,3.243802070617676,3.34710693359375,3.0991740226745605,3.1818180084228516,132180
2023-06-08,3.409090995788574,3.409090995788574,3.4917359352111816,3.223140001296997,3.3057849407196045,134697
2023-06-09,3.3057849407196045,3.3057849407196045,3.34710693359375,3.223140001296997,3.326446056365967,76424
2023-06-12,3.2024788856506348,3.2024788856506348,3.3057849407196045,3.1198348999023438,3.243802070617676,118338
2023-06-13,3.2128100395202637,3.2128100395202637,3.3057849407196045,3.1198348999023438,3.223140001296997,140263
2023-06-14,3.1818180084228516,3.1818180084228516,3.264462947845459,3.1198348999023438,3.1611568927764893,115289
2023-06-15,3.1611568927764893,3.1611568927764893,3.223140001296997,3.078511953353882,3.1611568927764893,368711
2023-06-16,3.0578510761260986,3.0578510761260986,3.140496015548706,3.0371899604797363,3.1198348999023438,133052
2023-06-20,3.016529083251953,3.016529083251953,3.0991740226745605,2.9752070903778076,3.078511953353882,78456
2023-06-21,2.9132230281829834,2.9132230281829834,3.0991740226745605,2.892561912536621,2.995867967605591,109916
2023-06-22,2.9338839054107666,2.9338839054107666,3.016529083251953,2.8305790424346924,3.016529083251953,72939
2023-06-23,2.9132230281829834,2.9132230281829834,2.995867967605591,2.871901035308838,2.892561912536621,59774
2023-06-26,2.954545021057129,2.954545021057129,2.9752070903778076,2.892561912536621,2.9132230281829834,34461
2023-06-27,2.9132230281829834,2.9132230281829834,2.995867967605591,2.8822309970855713,2.9132230281829834,32428
2023-06-28,2.954545021057129,2.954545021057129,2.995867967605591,2.873966932296753,2.892561912536621,38962
2023-06-29,2.9338839054107666,2.9338839054107666,3.0991740226745605,2.892561912536621,2.892561912536621,143216
2023-06-30,2.9752070903778076,2.9752070903778076,3.0371899604797363,2.892561912536621,2.954545021057129,81941
2023-07-03,2.995867967605591,2.995867967605591,3.1198348999023438,2.9132230281829834,3.1198348999023438,476014
2023-07-05,2.892561912536621,2.892561912536621,2.995867967605591,2.8512399196624756,2.995867967605591,117273
2023-07-06,2.8512399196624756,2.8512399196624756,2.871901035308838,2.6859500408172607,2.871901035308838,110110
2023-07-07,2.8305790424346924,2.8305790424346924,2.8512399196624756,2.747934103012085,2.8305790424346924,42931
2023-07-10,2.9338839054107666,2.9338839054107666,2.9338839054107666,2.8099169731140137,2.8512399196624756,60887
2023-07-11,2.8305790424346924,2.8305790424346924,2.892561912536621,2.7892560958862305,2.8099169731140137,60984
2023-07-12,2.8099169731140137,2.8099169731140137,2.892561912536621,2.7272729873657227,2.8099169731140137,57790
2023-07-13,2.768594980239868,2.768594980239868,2.8491740226745605,2.747934103012085,2.768594980239868,38817
2023-07-14,2.768594980239868,2.768594980239868,2.8512399196624756,2.7272729873657227,2.768594980239868,42640
2023-07-17,2.7066121101379395,2.7066121101379395,2.8099169731140137,2.6859500408172607,2.6859500408172607,48206
2023-07-18,2.6859500408172607,2.6859500408172607,2.747934103012085,2.6446280479431152,2.7066121101379395,39446
2023-07-19,2.7066121101379395,2.7066121101379395,2.892561912536621,2.6652889251708984,2.871901035308838,272928
2023-07-20,2.5206611156463623,2.5206611156463623,2.747934103012085,2.5206611156463623,2.7066121101379395,132422
2023-07-21,2.5826449394226074,2.5826449394226074,2.6446280479431152,2.5206611156463623,2.6446280479431152,81506
2023-07-24,2.376033067703247,2.376033067703247,2.5413219928741455,2.3347110748291016,2.5,143554
2023-07-25,2.3347110748291016,2.3347110748291016,2.4173550605773926,2.3347110748291016,2.3553719520568848,82135
2023-07-26,2.3553719520568848,2.3553719520568848,2.4173550605773926,2.2933878898620605,2.3347110748291016,30734
2023-07-27,2.3140499591827393,2.3140499591827393,2.4586780071258545,2.3140499591827393,2.438016891479492,69744
2023-07-28,2.5413219928741455,2.5413219928741455,2.6652889251708984,2.3140499591827393,2.376033067703247,232562
2023-07-31,2.5206611156463623,2.5206611156463623,2.623966932296753,2.4586780071258545,2.623966932296753,126372
2023-08-01,2.5206611156463623,2.5206611156463623,2.623966932296753,2.4586780071258545,2.4793388843536377,274525
2023-08-02,2.3966939449310303,2.3966939449310303,2.5,2.376033067703247,2.4586780071258545,91621
2023-08-03,2.3140499591827393,2.3140499591827393,2.438016891479492,2.2933878898620605,2.376033067703247,61081
2023-08-04,2.376033067703247,2.376033067703247,2.4173550605773926,2.3140499591827393,2.3966939449310303,49804
2023-08-07,2.1632230281829834,2.1632230281829834,2.376033067703247,2.107438087463379,2.376033067703247,163786
2023-08-08,1.9669419527053833,1.9669419527053833,2.1900830268859863,1.929751992225647,2.1694209575653076,160736
2023-08-09,1.834710955619812,1.834710955619812,1.9008259773254395,1.774793028831482,1.7871899604797363,201634
2023-08-10,1.8285119533538818,1.8285119533538818,1.8801649808883667,1.7561980485916138,1.8801649808883667,64904
2023-08-11,1.7975209951400757,1.7975209951400757,1.8512400388717651,1.7665289640426636,1.7789260149002075,645511
2023-08-14,2.004132032394409,2.004132032394409,2.4793388843536377,1.9524790048599243,2.4173550605773926,4282626
2023-08-15,1.6528929471969604,1.6528929471969604,1.8801649808883667,1.5909090042114258,1.8657020330429077,632878
2023-08-16,1.7851239442825317,1.7851239442825317,1.9214880466461182,1.6239670515060425,1.6983469724655151,360967
2023-08-17,1.7024790048599243,1.7024790048599243,1.7561980485916138,1.667354941368103,1.6859500408172607,160156
2023-08-18,1.6942150592803955,1.6942150592803955,1.776859998703003,1.6115700006484985,1.6714880466461182,119790
2023-08-21,1.6322309970855713,1.6322309970855713,1.6694209575653076,1.5909090042114258,1.6694209575653076,109190
2023-08-22,1.6115700006484985,1.6115700006484985,1.6322309970855713,1.5495870113372803,1.6115700006484985,74439
2023-08-23,1.595041036605835,1.595041036605835,1.6322309970855713,1.570248007774353,1.6115700006484985,36348
2023-08-24,1.404958963394165,1.404958963394165,1.6115700006484985,1.3884299993515015,1.6115700006484985,109094
2023-08-25,1.280992031097412,1.280992031097412,1.417354941368103,1.219007968902588,1.3801649808883667,172933
2023-08-28,1.2706609964370728,1.2706609964370728,1.3429750204086304,1.1776859760284424,1.2851239442825317,58128
2023-08-29,1.2975209951400757,1.2975209951400757,1.320248007774353,1.1776859760284424,1.2975209951400757,61226
2023-08-30,1.3243800401687622,1.3243800401687622,1.3636360168457031,1.264462947845459,1.3119829893112183,125114
2023-08-31,1.3016530275344849,1.3016530275344849,1.3223140239715576,1.2665289640426636,1.3223140239715576,67808
2023-09-01,1.3822309970855713,1.3822309970855713,1.4256199598312378,1.280992031097412,1.332645058631897,58274
2023-09-05,1.3822309970855713,1.3822309970855713,1.3842979669570923,1.3161159753799438,1.3533060550689697,26039
2023-09-06,1.3636360168457031,1.3636360168457031,1.404958963394165,1.3099169731140137,1.404958963394165,30734
2023-09-07,1.4648760557174683,1.4648760557174683,1.570248007774353,1.3223140239715576,1.3223140239715576,930200
2023-09-08,1.5867769718170166,1.5867769718170166,1.8801649808883667,1.5,1.878098964691162,6508009
2023-09-11,1.5185949802398682,1.5185949802398682,1.6115700006484985,1.415289044380188,1.570248007774353,512846
2023-09-12,1.584710955619812,1.584710955619812,1.5909090042114258,1.3842979669570923,1.4256199598312378,292191
2023-09-13,1.5495870113372803,1.5495870113372803,1.570248007774353,1.4772729873657227,1.5082639455795288,116499
2023-09-14,1.5495870113372803,1.5495870113372803,1.570248007774353,1.4834710359573364,1.570248007774353,91186
2023-09-15,1.5475209951400757,1.5475209951400757,1.5661159753799438,1.487602949142456,1.5661159753799438,49029
2023-09-18,1.4814050197601318,1.4814050197601318,1.539255976676941,1.4462809562683105,1.5041320323944092,74439
2023-09-19,1.4834710359573364,1.4834710359573364,1.487602949142456,1.4462809562683105,1.487602949142456,49900
2023-09-20,1.5289260149002075,1.5289260149002075,1.6074379682540894,1.4772729873657227,1.595041036605835,163060
2023-09-21,1.4214880466461182,1.4214880466461182,1.5061980485916138,1.3842979669570923,1.487602949142456,53192
2023-09-22,1.4256199598312378,1.4256199598312378,1.4462809562683105,1.3636360168457031,1.4462809562683105,52998
2023-09-25,1.3429750204086304,1.3429750204086304,1.3842979669570923,1.2830580472946167,1.3285119533538818,75601
2023-09-26,1.307850956916809,1.307850956916809,1.3409090042114258,1.2665289640426636,1.3119829893112183,27249
2023-09-27,1.3429750204086304,1.3429750204086304,1.3429750204086304,1.2830580472946167,1.3037190437316895,23087
2023-09-28,1.3181819915771484,1.3181819915771484,1.332645058631897,1.3016530275344849,1.3016530275344849,8664
2023-09-29,1.2396689653396606,1.2396689653396606,1.280992031097412,1.1611570119857788,1.262397050857544,64324
2023-10-02,1.1694209575653076,1.1694209575653076,1.2396689653396606,1.1694209575653076,1.1859500408172607,51885
2023-10-03,1.1611570119857788,1.1611570119857788,1.1983469724655151,1.128098964691162,1.1776859760284424,58758
2023-10-04,1.1776859760284424,1.1776859760284424,1.1776859760284424,1.1466939449310303,1.1466939449310303,50094
2023-10-05,1.1570249795913696,1.1570249795913696,1.1776859760284424,1.1446280479431152,1.1487599611282349,30637
2023-10-06,1.1838840246200562,1.1838840246200562,1.1942150592803955,1.1528929471969604,1.165289044380188,19457
2023-10-09,1.1570249795913696,1.1570249795913696,1.1570249795913696,1.0537190437316895,1.1570249795913696,45109
2023-10-10,1.1363639831542969,1.1363639831542969,1.167354941368103,1.121901035308838,1.121901035308838,13407
2023-10-11,1.1074379682540894,1.1074379682540894,1.1776859760284424,1.084710955619812,1.1776859760284424,41576
2023-10-12,1.1322309970855713,1.1322309970855713,1.1446280479431152,1.0723140239715576,1.1446280479431152,26959
2023-10-13,0.9814050197601318,0.9814050197601318,1.1342979669570923,0.8801649808883667,1.1301649808883667,47771
2023-10-16,1.012397050857544,1.012397050857544,1.0661159753799438,0.9917359948158264,0.9917359948158264,1052748
2023-10-17,1.012397050857544,1.012397050857544,1.1053719520568848,0.9917359948158264,1.0020660161972046,231207
2023-10-18,0.9648759961128235,0.9648759961128235,1.0061980485916138,0.9318180084228516,0.9917359948158264,52756
2023-10-19,0.9876030087471008,0.9876030087471008,1.012397050857544,0.9318180084228516,0.935949981212616,75601
2023-10-20,0.9690080285072327,0.9690080285072327,0.9731400012969971,0.929751992225647,0.9586780071258545,79908
2023-10-23,0.9607440233230591,0.9607440233230591,0.9917359948158264,0.9338840246200562,0.9690080285072327,10067
2023-10-24,0.935949981212616,0.935949981212616,0.9545450210571289,0.929751992225647,0.9400830268859863,18440
2023-10-25,0.9421489834785461,0.9421489834785461,1.0743800401687622,0.929751992225647,0.9338840246200562,45109
2023-10-26,0.9070249795913696,0.9070249795913696,0.9524790048599243,0.8760330080986023,0.9421489834785461,41963
2023-10-27,0.9049590229988098,0.9049590229988098,0.9400830268859863,0.8760330080986023,0.9400830268859863,28169
2023-10-30,0.9380170106887817,0.9380170106887817,0.9814050197601318,0.9049590229988098,0.9090909957885742,57354
2023-10-31,0.9669420123100281,0.9669420123100281,0.9710739850997925,0.9338840246200562,0.9566119909286499,18295
2023-11-01,0.929751992225647,0.929751992225647,0.935949981212616,0.9028930068016052,0.935949981212616,17230
2023-11-02,0.9648759961128235,0.9648759961128235,0.9669420123100281,0.9028930068016052,0.9028930068016052,31992
2023-11-03,0.9462810158729553,0.9462810158729553,1.030992031097412,0.9462810158729553,0.9710739850997925,65098
2023-11-06,0.9896690249443054,0.9896690249443054,1.0082639455795288,0.9772729873657227,1.0082639455795288,22361
2023-11-07,0.9793390035629272,0.9793390035629272,1.0330580472946167,0.9607440233230591,1.030992031097412,11955
2023-11-08,0.9814050197601318,0.9814050197601318,0.9876030087471008,0.9607440233230591,0.9793390035629272,169787
2023-11-09,0.9194210171699524,0.9194210171699524,1.0330580472946167,0.8491740226745605,1.0330580472946167,103963
2023-11-10,0.9752069711685181,0.9752069711685181,0.9917359948158264,0.8987600207328796,0.9194210171699524,18973
2023-11-13,0.9834709763526917,0.9834709763526917,0.9917359948158264,0.9504129886627197,0.9917359948158264,28653
2023-11-14,1.1570249795913696,1.1570249795913696,1.1818180084228516,0.9504129886627197,0.9504129886627197,86346
2023-11-15,1.0764460563659668,1.0764460563659668,1.1466939449310303,1.0537190437316895,1.0537190437316895,51982
2023-11-16,0.9917359948158264,0.9917359948158264,1.04338800907135,0.9524790048599243,1.04338800907135,27104
2023-11-17,1.030992031097412,1.030992031097412,1.0537190437316895,0.8925619721412659,1.0330580472946167,34703
2023-11-20,1.0330580472946167,1.0330580472946167,1.0537190437316895,0.8884299993515015,1.0020660161972046,28750
2023-11-21,1.012397050857544,1.012397050857544,1.012397050857544,0.9669420123100281,0.9752069711685181,17182
2023-11-22,0.9772729873657227,0.9772729873657227,1.0330580472946167,0.9772729873657227,1.0,11277
2023-11-24,0.9896690249443054,0.9896690249443054,1.012397050857544,0.9772729873657227,0.9855369925498962,17085
2023-11-27,0.9648759961128235,0.9648759961128235,1.0061980485916138,0.9648759961128235,1.0061980485916138,29088
2023-11-28,0.9648759961128235,0.9648759961128235,0.9917359948158264,0.9648759961128235,0.9648759961128235,9922
2023-11-29,0.9524790048599243,0.9524790048599243,0.9917359948158264,0.9318180084228516,0.9669420123100281,23619
2023-11-30,0.9793390035629272,0.9793390035629272,0.9814050197601318,0.9318180084228516,0.9400830268859863,8809
2023-12-01,0.9710739850997925,0.9710739850997925,0.9793390035629272,0.9462810158729553,0.9752069711685181,10600
2023-12-04,0.9504129886627197,0.9504129886627197,0.9504129886627197,0.9318180084228516,0.9504129886627197,14617
2023-12-05,0.9504129886627197,0.9504129886627197,0.9834709763526917,0.9318180084228516,0.9380170106887817,28992
2023-12-06,0.9400830268859863,0.9400830268859863,0.9607440233230591,0.8471069931983948,0.9607440233230591,17714
2023-12-07,0.9008259773254395,0.9008259773254395,0.9504129886627197,0.9008259773254395,0.9504129886627197,18005
2023-12-08,0.896694004535675,0.896694004535675,0.9380170106887817,0.8491740226745605,0.9318180084228516,32186
2023-12-11,0.8512399792671204,0.8512399792671204,0.8719009757041931,0.8471069931983948,0.8677690029144287,36494
2023-12-12,0.8057850003242493,0.8057850003242493,0.8677690029144287,0.8057850003242493,0.8636360168457031,25023
2023-12-13,0.7685949802398682,0.7685949802398682,0.8223140239715576,0.7644630074501038,0.8223140239715576,25846
2023-12-14,0.7830579876899719,0.7830579876899719,0.7851240038871765,0.7252069711685181,0.7685949802398682,21490
2023-12-15,0.7706609964370728,0.7706609964370728,0.7913219928741455,0.756197988986969,0.7830579876899719,12632
2023-12-18,0.7954549789428711,0.7954549789428711,0.8057850003242493,0.7685949802398682,0.7830579876899719,25313
2023-12-19,0.7995870113372803,0.7995870113372803,0.8181819915771484,0.7747930288314819,0.7747930288314819,9486
2023-12-20,0.8037189841270447,0.8037189841270447,0.8057850003242493,0.743802011013031,0.7954549789428711,376455
2023-12-21,0.7706609964370728,0.7706609964370728,0.8471069931983948,0.756197988986969,0.8471069931983948,60016
2023-12-22,0.859503984451294,0.859503984451294,0.8884299993515015,0.7479339838027954,0.7706609964370728,45302
2023-12-26,0.8760330080986023,0.8760330080986023,0.8760330080986023,0.8057850003242493,0.8471069931983948,28653
2023-12-27,0.9132230281829834,0.9132230281829834,0.9628099799156189,0.859503984451294,0.8842980265617371,46900
2023-12-28,0.890496015548706,0.890496015548706,0.929751992225647,0.8884299993515015,0.9194210171699524,44625
2023-12-29,1.0041320323944092,1.0041320323944092,1.012397050857544,0.9090909957885742,0.9152889847755432,51014
2024-01-02,0.9504129886627197,0.9504129886627197,0.9710739850997925,0.929751992225647,0.9545450210571289,20667
2024-01-03,0.8884299993515015,0.8884299993515015,0.9276859760284424,0.8677690029144287,0.9276859760284424,11084
2024-01-04,0.826445996761322,0.826445996761322,0.9256200194358826,0.8243799805641174,0.9256200194358826,22603
2024-01-05,0.8285120129585266,0.8285120129585266,0.8884299993515015,0.7768599987030029,0.7851240038871765,34800
2024-01-08,0.8223140239715576,0.8223140239715576,0.8491740226745605,0.7644630074501038,0.8450409770011902,31799
2024-01-09,0.7995870113372803,0.7995870113372803,0.8243799805641174,0.7727270126342773,0.8057850003242493,9535
2024-01-10,0.7809919714927673,0.7809919714927673,0.8161159753799438,0.7747930288314819,0.7975209951400757,20086
2024-01-11,0.8037189841270447,0.8037189841270447,0.8057850003242493,0.7644630074501038,0.7975209951400757,16166
2024-01-12,0.7954549789428711,0.7954549789428711,0.814050018787384,0.7603309750556946,0.7768599987030029,23861
2024-01-16,0.7685949802398682,0.7685949802398682,0.8078510165214539,0.7644630074501038,0.7851240038871765,4646
2024-01-17,0.7623969912528992,0.7623969912528992,0.7685949802398682,0.7355369925498962,0.7541319727897644,26330
2024-01-18,0.8161159753799438,0.8161159753799438,0.8780990242958069,0.7045450210571289,0.7458680272102356,306904
2024-01-19,0.7458680272102356,0.7458680272102356,0.7913219928741455,0.7024790048599243,0.7913219928741455,70422
2024-01-22,0.7768599987030029,0.7768599987030029,0.7975209951400757,0.7334709763526917,0.7334709763526917,18150
2024-01-23,0.8016530275344849,0.8016530275344849,0.8243799805641174,0.7458680272102356,0.7458680272102356,64372
2024-01-24,0.7851240038871765,0.7851240038871765,0.8057850003242493,0.7644630074501038,0.7789260149002075,11761
2024-01-25,0.7851240038871765,0.7851240038871765,0.7851240038871765,0.7644630074501038,0.7830579876899719,7018
2024-01-26,0.8305789828300476,0.8305789828300476,0.8471069931983948,0.7644630074501038,0.7665290236473083,50578
2024-01-29,0.826445996761322,0.826445996761322,0.8677690029144287,0.7995870113372803,0.7995870113372803,72116
2024-01-30,0.8057850003242493,0.8057850003242493,0.826445996761322,0.7851240038871765,0.826445996761322,23377
2024-01-31,0.7809919714927673,0.7809919714927673,0.826445996761322,0.75,0.7727270126342773,51836
2024-02-01,0.7252069711685181,0.7252069711685181,0.7851240038871765,0.7190080285072327,0.7830579876899719,86200
2024-02-02,0.756197988986969,0.756197988986969,0.7851240038871765,0.7314050197601318,0.7396690249443054,51498
2024-02-05,0.7396690249443054,0.7396690249443054,0.7768599987030029,0.7272729873657227,0.7768599987030029,47916
2024-02-06,0.7148759961128235,0.7148759961128235,0.7396690249443054,0.7086780071258545,0.7231400012969971,48352
2024-02-07,0.7603309750556946,0.7603309750556946,0.8161159753799438,0.7128099799156189,0.7148759961128235,97139
2024-02-08,0.7520660161972046,0.7520660161972046,0.8057850003242493,0.7396690249443054,0.7417359948158264,72213
2024-02-09,0.8305789828300476,0.8305789828300476,0.8574380278587341,0.7747930288314819,0.7851240038871765,139440
2024-02-12,0.8243799805641174,0.8243799805641174,0.9276859760284424,0.8057850003242493,0.8677690029144287,160156
2024-02-13,0.929751992225647,0.929751992225647,1.0330580472946167,0.7851240038871765,0.8450409770011902,281398
2024-02-14,0.8925619721412659,0.8925619721412659,0.9710739850997925,0.826445996761322,0.9710739850997925,117031
2024-02-15,1.0,1.0,1.0640499591827393,0.9318180084228516,1.0537190437316895,564683
2024-02-16,0.9958680272102356,0.9958680272102356,1.0743800401687622,0.8677690029144287,1.030992031097412,169400
2024-02-20,0.929751992225647,0.929751992225647,1.012397050857544,0.8884299993515015,1.012397050857544,134794
2024-02-21,0.9586780071258545,0.9586780071258545,1.0495870113372803,0.9276859760284424,0.9793390035629272,123614
2024-02-22,0.9586780071258545,0.9586780071258545,1.0330580472946167,0.929751992225647,0.9504129886627197,82232
2024-02-23,0.9400830268859863,0.9400830268859863,0.9917359948158264,0.9400830268859863,0.9607440233230591,77537
2024-02-26,0.9400830268859863,0.9400830268859863,1.0103310346603394,0.9400830268859863,0.9483469724655151,66066
2024-02-27,0.8780990242958069,0.8780990242958069,0.9917359948158264,0.826445996761322,0.9917359948158264,119500
2024-02-28,0.8243799805641174,0.8243799805641174,0.8884299993515015,0.8078510165214539,0.8760330080986023,128115
2024-02-29,0.8161159753799438,0.8161159753799438,0.8657019734382629,0.7747930288314819,0.8057850003242493,97332
2024-03-01,0.8078510165214539,0.8078510165214539,0.8636360168457031,0.7954549789428711,0.7954549789428711,42302
2024-03-04,0.8016530275344849,0.8016530275344849,0.8471069931983948,0.7954549789428711,0.8161159753799438,66066
2024-03-05,0.8326449990272522,0.8326449990272522,0.8471069931983948,0.7851240038871765,0.7851240038871765,69502
2024-03-06,0.8677690029144287,0.8677690029144287,0.929751992225647,0.8161159753799438,0.8429750204086304,144813
2024-03-07,0.8181819915771484,0.8181819915771484,0.8822309970855713,0.7871900200843811,0.8822309970855713,108658
2024-03-08,0.8223140239715576,0.8223140239715576,0.8471069931983948,0.8181819915771484,0.8367769718170166,69986
2024-03-11,0.7892559766769409,0.7892559766769409,0.826445996761322,0.7458680272102356,0.8181819915771484,86007
2024-03-12,0.7458680272102356,0.7458680272102356,0.7954549789428711,0.7458680272102356,0.7644630074501038,39543
2024-03-13,0.7541319727897644,0.7541319727897644,0.7975209951400757,0.7252069711685181,0.7272729873657227,85281
2024-03-14,0.7334709763526917,0.7334709763526917,0.7913219928741455,0.7334709763526917,0.7541319727897644,48158
2024-03-15,0.7231400012969971,0.7231400012969971,0.7768599987030029,0.7231400012969971,0.7644630074501038,78844
2024-03-18,0.7066119909286499,0.7066119909286499,0.7376030087471008,0.7045450210571289,0.7293390035629272,67566
2024-03-19,0.6942149996757507,0.6942149996757507,0.7479339838027954,0.6838840246200562,0.7086780071258545,44044
2024-03-20,0.6776859760284424,0.6776859760284424,0.7293390035629272,0.6611570119857788,0.7293390035629272,157881
2024-03-21,0.6962810158729553,0.6962810158729553,0.7066119909286499,0.6756200194358826,0.6983469724655151,58177
2024-03-22,0.743802011013031,0.743802011013031,0.7623969912528992,0.6714879870414734,0.6962810158729553,172594
2024-03-25,0.853305995464325,0.853305995464325,0.8574380278587341,0.6962810158729553,0.7210739850997925,242339
2024-03-26,1.0020660161972046,1.0020660161972046,1.030992031097412,0.8367769718170166,0.8367769718170166,265668
2024-03-27,0.923554003238678,0.923554003238678,1.0020660161972046,0.8780990242958069,1.0020660161972046,92880
2024-03-28,0.896694004535675,0.896694004535675,0.9214879870414734,0.8471069931983948,0.8884299993515015,64033
2024-04-01,0.8884299993515015,0.8884299993515015,0.929751992225647,0.8491740226745605,0.8884299993515015,75214
2024-04-02,0.7685949802398682,0.7685949802398682,0.8553720116615295,0.743802011013031,0.8471069931983948,181355
2024-04-03,0.7623969912528992,0.7623969912528992,0.7809919714927673,0.7334709763526917,0.7458680272102356,96606
2024-04-04,0.743802011013031,0.743802011013031,0.820248007774353,0.7272729873657227,0.7376030087471008,132084
2024-04-05,0.7747930288314819,0.7747930288314819,0.8243799805641174,0.7458680272102356,0.75,65050
2024-04-08,0.8243799805641174,0.8243799805641174,0.8677690029144287,0.7789260149002075,0.7954549789428711,129276
2024-04-09,0.826445996761322,0.826445996761322,0.8842980265617371,0.8078510165214539,0.8078510165214539,152412
2024-04-10,0.8326449990272522,0.8326449990272522,0.9090909957885742,0.8057850003242493,0.8347110152244568,61904
2024-04-11,0.8367769718170166,0.8367769718170166,0.8677690029144287,0.8057850003242493,0.826445996761322,89056
2024-04-12,0.9090909957885742,0.9090909957885742,0.9090909957885742,0.8078510165214539,0.8471069931983948,162576
2024-04-15,0.8615700006484985,0.8615700006484985,0.9504129886627197,0.8615700006484985,0.9090909957885742,158607
2024-04-16,0.8078510165214539,0.8078510165214539,0.8884299993515015,0.7851240038871765,0.8884299993515015,123759
2024-04-17,0.826445996761322,0.826445996761322,0.8553720116615295,0.8057850003242493,0.8078510165214539,114853
2024-04-18,2.128098964691162,2.128098964691162,3.4297521114349365,1.4896689653396606,2.623966932296753,59472516
2024-04-19,2.5826449394226074,2.5826449394226074,3.388430118560791,2.3553719520568848,3.0578510761260986,62328600
2024-04-22,5.165288925170898,5.165288925170898,5.5578508377075195,2.954545021057129,3.223140001296997,102534868
2024-04-23,6.136363983154297,6.136363983154297,6.466941833496094,4.648759841918945,6.012396812438965,32560180
2024-04-24,5.061983108520508,5.061983108520508,5.991735935211182,4.752066135406494,5.371901035308838,10278466
2024-04-25,4.628098964691162,4.628098964691162,5.268595218658447,4.070248126983643,4.214876174926758,5368141
2024-04-26,4.421487808227539,4.421487808227539,5.123967170715332,4.338842868804932,4.380165100097656,2448653
2024-04-29,4.855371952056885,4.855371952056885,5.103305816650391,4.338842868804932,4.4421491622924805,3392646
2024-04-30,5.84710693359375,5.84710693359375,8.863636016845703,5.5991740226745605,5.950413227081299,44861379
2024-05-01,6.4462809562683105,6.4462809562683105,7.169421195983887,5.805785179138184,6.756197929382324,10935399
2024-05-02,6.9008259773254395,6.9008259773254395,7.148759841918945,5.888430118560791,6.487603187561035,2925780
2024-05-03,6.735537052154541,6.735537052154541,7.334711074829102,6.466941833496094,6.65289306640625,1933144
2024-05-06,8.264463424682617,8.264463424682617,8.574379920959473,6.917355060577393,6.9421491622924805,6249940
2024-05-07,7.851240158081055,7.851240158081055,8.49173641204834,7.520660877227783,8.429752349853516,2464044
2024-05-08,7.066115856170654,7.066115856170654,7.74586820602417,6.735537052154541,7.561983108520508,1343971
2024-05-09,7.685949802398682,7.685949802398682,7.809916973114014,7.128098964691162,7.5,1046602
2024-05-10,7.314050197601318,7.314050197601318,7.603305816650391,7.0247931480407715,7.334711074829102,716756
2024-05-13,7.665288925170898,7.665288925170898,8.016529083251953,6.673553943634033,7.272727012634277,1059040
2024-05-14,6.962810039520264,6.962810039520264,7.283058166503906,6.714876174926758,6.818181991577148,793663
2024-05-15,5.681818008422852,5.681818008422852,6.8078508377075195,5.661157131195068,6.776860237121582,1118669
2024-05-16,5.041322231292725,5.041322231292725,6.115702152252197,4.834711074829102,6.033058166503906,929522
2024-05-17,5.082644939422607,5.082644939422607,5.351240158081055,4.256197929382324,4.607438087463379,825559
2024-05-20,5.061983108520508,5.061983108520508,5.142561912536621,4.648759841918945,5.123967170715332,340349
2024-05-21,4.7933878898620605,4.7933878898620605,5.49586820602417,4.690083026885986,5.123967170715332,694346
2024-05-22,4.359504222869873,4.359504222869873,4.855371952056885,4.359504222869873,4.690083026885986,445909
2024-05-23,4.483470916748047,4.483470916748047,5.0247931480407715,3.9256200790405273,4.421487808227539,769415
2024-05-24,5.4752068519592285,5.4752068519592285,5.5578508377075195,4.545454978942871,4.648759841918945,1046311
2024-05-28,5.020660877227783,5.020660877227783,5.909090995788574,4.855371952056885,5.413222789764404,537966
2024-05-29,6.239668846130371,6.239668846130371,6.421487808227539,5.105371952056885,5.185949802398682,695750
2024-05-30,6.404959201812744,6.404959201812744,6.9421491622924805,5.950413227081299,6.301652908325195,777740
2024-05-31,6.735537052154541,6.735537052154541,6.859504222869873,5.950413227081299,6.4462809562683105,418224
2024-06-03,7.561983108520508,7.561983108520508,7.747933864593506,6.508264064788818,6.570248126983643,675374
2024-06-04,7.2107439041137695,7.2107439041137695,8.264463424682617,6.921487808227539,7.851240158081055,675954
2024-06-05,6.880165100097656,6.880165100097656,7.355371952056885,6.15702486038208,7.2933878898620605,619520
2024-06-06,6.404959201812744,6.404959201812744,6.797521114349365,6.260331153869629,6.528925895690918,293014
2024-06-07,6.818181991577148,6.818181991577148,7.066115856170654,6.198347091674805,6.4462809562683105,369389
2024-06-10,7.107438087463379,7.107438087463379,7.334711074829102,6.611569881439209,6.776860237121582,348625
2024-06-11,6.818181991577148,6.818181991577148,7.0723137855529785,6.549586772918701,7.0247931480407715,296063
2024-06-12,6.673553943634033,6.673553943634033,7.438016891479492,6.508264064788818,7.417355060577393,1512258
2024-06-13,6.735537052154541,6.735537052154541,6.776860237121582,6.363636016845703,6.549586772918701,440053
2024-06-14,6.4462809562683105,6.4462809562683105,6.694214820861816,6.115702152252197,6.694214820861816,441456
2024-06-17,6.0537190437316895,6.0537190437316895,6.4462809562683105,5.909090995788574,6.4462809562683105,445232
2024-06-18,5.805785179138184,5.805785179138184,5.805785179138184,4.958677768707275,5.743802070617676,655965
2024-06-20,5.743802070617676,5.743802070617676,5.826446056365967,5.061983108520508,5.4752068519592285,296982
2024-06-21,5.661157131195068,5.661157131195068,5.743802070617676,5.2892560958862305,5.371901035308838,273557
2024-06-24,5.764462947845459,5.764462947845459,5.84710693359375,5.454545021057129,5.723139762878418,194616
2024-06-25,5.578512191772461,5.578512191772461,5.805785179138184,5.537189960479736,5.764462947845459,130293
2024-06-26,5.764462947845459,5.764462947845459,6.082644939422607,5.268595218658447,5.702478885650635,245243
2024-06-27,6.1776862144470215,6.1776862144470215,6.363636016845703,5.805785179138184,5.805785179138184,317262
2024-06-28,6.3223137855529785,6.3223137855529785,6.508264064788818,6.095040798187256,6.34297513961792,311018
2024-07-01,5.971074104309082,5.971074104309082,6.363636016845703,5.929751873016357,6.363636016845703,215138
2024-07-02,5.84710693359375,5.84710693359375,5.991735935211182,5.702478885650635,5.909090995788574,230916
2024-07-03,5.84710693359375,5.84710693359375,5.909090995788574,5.413222789764404,5.909090995788574,128502
2024-07-05,5.516529083251953,5.516529083251953,5.84710693359375,5.4752068519592285,5.826446056365967,230578
2024-07-08,5.805785179138184,5.805785179138184,5.991735935211182,5.351240158081055,5.578512191772461,292626
2024-07-09,5.723139762878418,5.723139762878418,5.909090995788574,5.578512191772461,5.785123825073242,177725
2024-07-10,5.371901035308838,5.371901035308838,5.723139762878418,5.291322231292725,5.723139762878418,297273
2024-07-11,5.020660877227783,5.020660877227783,5.309916973114014,4.50413179397583,4.772727012634277,995201
2024-07-12,5.247933864593506,5.247933864593506,5.351240158081055,4.938016891479492,5.020660877227783,287448
2024-07-15,4.896694183349609,4.896694183349609,5.185949802398682,4.855371952056885,5.185949802398682,222059
2024-07-16,4.896694183349609,4.896694183349609,5.0578508377075195,4.690083026885986,4.855371952056885,198004
2024-07-17,4.772727012634277,4.772727012634277,4.834711074829102,4.576446056365967,4.752066135406494,189341
2024-07-18,4.483470916748047,4.483470916748047,4.834711074829102,4.390495777130127,4.834711074829102,219833
2024-07-19,4.648759841918945,4.648759841918945,4.7107439041137695,4.361569881439209,4.5247931480407715,212718
2024-07-22,4.855371952056885,4.855371952056885,5.041322231292725,4.50413179397583,4.731404781341553,145103
2024-07-23,4.690083026885986,4.690083026885986,5.247933864593506,4.690083026885986,5.061983108520508,222446
2024-07-24,4.731404781341553,4.731404781341553,4.917355060577393,4.607438087463379,4.648759841918945,134794
2024-07-25,4.938016891479492,4.938016891479492,5.041322231292725,4.648759841918945,4.648759841918945,145442
2024-07-26,4.917355060577393,4.917355060577393,4.958677768707275,4.731404781341553,4.958677768707275,91234
2024-07-29,4.669421195983887,4.669421195983887,4.958677768707275,4.566115856170654,4.958677768707275,171191
2024-07-30,4.4421491622924805,4.4421491622924805,4.814050197601318,4.338842868804932,4.772727012634277,235418
2024-07-31,4.070248126983643,4.070248126983643,4.5392560958862305,3.721074104309082,4.5247931480407715,688587
2024-08-01,4.111569881439209,4.111569881439209,4.13223123550415,3.842974901199341,4.090909004211426,119645
2024-08-02,4.462810039520264,4.462810039520264,4.545454978942871,4.070248126983643,4.4421491622924805,379940
2024-08-05,4.4008259773254395,4.4008259773254395,4.4008259773254395,3.9462809562683105,4.008264064788818,147572
2024-08-06,4.5247931480407715,4.5247931480407715,4.628098964691162,4.338842868804932,4.4008259773254395,113837
2024-08-07,4.752066135406494,4.752066135406494,5.082644939422607,4.545454978942871,4.690083026885986,147765
2024-08-08,4.50413179397583,4.50413179397583,4.752066135406494,4.380165100097656,4.648759841918945,102269
2024-08-09,4.5247931480407715,4.5247931480407715,4.607438087463379,4.2933878898620605,4.5247931480407715,70858
2024-08-12,4.483470916748047,4.483470916748047,4.607438087463379,4.256197929382324,4.607438087463379,117806
2024-08-13,4.586777210235596,4.586777210235596,4.607438087463379,4.380165100097656,4.483470916748047,72164
2024-08-14,4.421487808227539,4.421487808227539,4.545454978942871,4.256197929382324,4.50413179397583,110497
2024-08-15,4.690083026885986,4.690083026885986,4.731404781341553,4.363636016845703,4.421487808227539,116450
2024-08-16,4.731404781341553,4.731404781341553,5.041322231292725,4.483470916748047,4.690083026885986,222930
2024-08-19,4.380165100097656,4.380165100097656,4.752066135406494,4.13223123550415,4.731404781341553,274138
2024-08-20,4.359504222869873,4.359504222869873,4.50413179397583,4.256197929382324,4.359504222869873,160688
2024-08-21,4.318181991577148,4.318181991577148,4.411157131195068,4.194214820861816,4.4008259773254395,133487
2024-08-22,4.50413179397583,4.50413179397583,4.566115856170654,4.214876174926758,4.359504222869873,101301
2024-08-23,4.814050197601318,4.814050197601318,4.958677768707275,4.545454978942871,4.545454978942871,195100
2024-08-26,4.731404781341553,4.731404781341553,5.041322231292725,4.648759841918945,4.896694183349609,126905
2024-08-27,4.5247931480407715,4.5247931480407715,4.7933878898620605,4.276860237121582,4.7933878898620605,170513
2024-08-28,4.7107439041137695,4.7107439041137695,4.855371952056885,4.297521114349365,4.5247931480407715,228400
2024-08-29,5.268595218658447,5.268595218658447,5.371901035308838,4.566115856170654,4.958677768707275,289045
2024-08-30,5.247933864593506,5.247933864593506,5.4752068519592285,4.979339122772217,5.392561912536621,185759
2024-09-03,5.49586820602417,5.49586820602417,5.537189960479736,4.338842868804932,5.433884143829346,644978
2024-09-04,5.144628047943115,5.144628047943115,5.376032829284668,5.020660877227783,5.247933864593506,195923
2024-09-05,4.648759841918945,4.648759841918945,5.216941833496094,4.628098964691162,5.061983108520508,224624
2024-09-06,4.669421195983887,4.669421195983887,4.917355060577393,4.545454978942871,4.7107439041137695,151250
2024-09-09,4.545454978942871,4.545454978942871,4.876032829284668,4.483470916748047,4.7107439041137695,172788
2024-09-10,4.5247931480407715,4.5247931480407715,4.648759841918945,4.4421491622924805,4.5247931480407715,76811
2024-09-11,4.7107439041137695,4.7107439041137695,4.834711074829102,4.483470916748047,4.545454978942871,82135
2024-09-12,4.628098964691162,4.628098964691162,4.917355060577393,4.586777210235596,4.669421195983887,130051
2024-09-13,4.628098964691162,4.628098964691162,4.814050197601318,4.5247931480407715,4.7107439041137695,109239
2024-09-16,4.4421491622924805,4.4421491622924805,4.752066135406494,4.4421491622924805,4.607438087463379,108126
2024-09-17,4.338842868804932,4.338842868804932,4.580578804016113,4.194214820861816,4.462810039520264,198004
2024-09-18,4.070248126983643,4.070248126983643,4.338842868804932,3.904958963394165,4.214876174926758,447264
2024-09-19,4.359504222869873,4.359504222869873,4.462810039520264,3.8223140239715576,4.4421491622924805,1165182
2024-09-20,3.842974901199341,3.842974901199341,4.338842868804932,3.842974901199341,4.338842868804932,901886
2024-09-23,4.090909004211426,4.090909004211426,4.15289306640625,3.863636016845703,3.863636016845703,365759
2024-09-24,4.028925895690918,4.028925895690918,4.256197929382324,3.8223140239715576,4.13223123550415,310389
2024-09-25,4.338842868804932,4.338842868804932,4.421487808227539,3.9462809562683105,4.049586772918701,290787
2024-09-26,4.669421195983887,4.669421195983887,4.917355060577393,4.276860237121582,4.276860237121582,377956
2024-09-27,4.772727012634277,4.772727012634277,5.061983108520508,4.690083026885986,4.690083026885986,412852
2024-09-30,4.896694183349609,4.896694183349609,5.144628047943115,4.752066135406494,4.958677768707275,244904
2024-10-01,4.607438087463379,4.607438087463379,4.855371952056885,4.462810039520264,4.814050197601318,213541
2024-10-02,5.960000038146973,5.960000038146973,5.960000038146973,4.480000019073486,4.840000152587891,547200
2024-10-03,6.119999885559082,6.119999885559082,6.119999885559082,5.400000095367432,6.0,464050
2024-10-04,6.320000171661377,6.320000171661377,6.519999980926514,5.800000190734863,6.079999923706055,283650
2024-10-07,5.760000228881836,5.760000228881836,6.28000020980835,5.639999866485596,6.28000020980835,310425
2024-10-08,5.440000057220459,5.440000057220459,5.872000217437744,5.199999809265137,5.840000152587891,303025
2024-10-09,5.039999961853027,5.039999961853027,5.519999980926514,4.800000190734863,5.440000057220459,402925
2024-10-10,4.119999885559082,4.119999885559082,4.840000152587891,4.119999885559082,4.800000190734863,561575
2024-10-11,4.559999942779541,4.559999942779541,5.400000095367432,4.159999847412109,4.519999980926514,3664775
2024-10-14,4.880000114440918,4.880000114440918,4.880000114440918,4.400000095367432,4.880000114440918,902925
2024-10-15,5.599999904632568,5.599999904632568,5.960000038146973,4.599999904632568,4.920000076293945,1095025
2024-10-16,4.329999923706055,4.329999923706055,5.980000019073486,3.7100000381469727,5.599999904632568,1336300
2024-10-17,3.059999942779541,3.059999942779541,4.0,2.609999895095825,3.9200000762939453,1846000
2024-10-18,3.569999933242798,3.569999933242798,3.680000066757202,3.0,3.0,1087900
2024-10-21,3.630000114440918,3.630000114440918,4.269999980926514,3.5299999713897705,3.740000009536743,1101400
2024-10-22,3.2899999618530273,3.2899999618530273,3.700000047683716,3.200000047683716,3.6700000762939453,613200
2024-10-23,2.509999990463257,2.509999990463257,3.180000066757202,2.4100000858306885,3.180000066757202,1647700
2024-10-24,2.299999952316284,2.299999952316284,2.7200000286102295,2.125999927520752,2.5,1002700
2024-10-25,2.299999952316284,2.299999952316284,2.4100000858306885,2.0999999046325684,2.2699999809265137,684600
2024-10-28,3.009999990463257,3.009999990463257,3.299999952316284,2.200000047683716,2.3299999237060547,1630900
2024-10-29,3.450000047683716,3.450000047683716,3.8499999046325684,2.569999933242798,3.0,2257900
2024-10-30,3.3550000190734863,3.3550000190734863,3.5799999237060547,3.1600000858306885,3.430000066757202,597800
2024-10-31,3.869999885559082,3.869999885559082,4.179999828338623,3.4000000953674316,3.4000000953674316,1374600
2024-11-01,4.28000020980835,4.28000020980835,4.599999904632568,3.9769999980926514,4.119999885559082,1383200
2024-11-04,2.8299999237060547,2.8299999237060547,4.639999866485596,2.6500000953674316,4.349999904632568,2329300
2024-11-05,3.1500000953674316,3.1500000953674316,3.3399999141693115,3.0,3.049999952316284,582900
2024-11-06,3.819999933242798,3.819999933242798,3.940000057220459,3.0899999141693115,3.259999990463257,1303500
2024-11-07,4.130000114440918,4.130000114440918,4.159999847412109,3.559999942779541,3.640000104904175,687500
2024-11-08,4.300000190734863,4.300000190734863,4.389999866485596,3.75,3.9000000953674316,926400
2024-11-11,4.710000038146973,4.710000038146973,4.75,4.03000020980835,4.320000171661377,924700
2024-11-12,4.110000133514404,4.110000133514404,4.75,4.011000156402588,4.699999809265137,699300
2024-11-13,4.300000190734863,4.300000190734863,4.300000190734863,3.799999952316284,4.139999866485596,431900
2024-11-14,4.110000133514404,4.110000133514404,4.380000114440918,4.059000015258789,4.380000114440918,321000
2024-11-15,3.9100000858306885,3.9100000858306885,4.079999923706055,3.75,4.050000190734863,481100
2024-11-18,3.119999885559082,3.119999885559082,3.6600000858306885,2.9100000858306885,3.6600000858306885,1128000
2024-11-19,3.4600000381469727,3.4600000381469727,3.549999952316284,3.0510001182556152,3.200000047683716,704300
2024-11-20,3.7300000190734863,3.7300000190734863,3.7300000190734863,3.368000030517578,3.690000057220459,683100
2024-11-21,3.8499999046325684,3.8499999046325684,3.859999895095825,3.5799999237060547,3.690000057220459,370000
2024-11-22,3.799999952316284,3.799999952316284,3.8499999046325684,3.4100000858306885,3.5299999713897705,626700
2024-11-25,4.139999866485596,4.139999866485596,4.190000057220459,3.5999999046325684,3.700000047683716,1129100
2024-11-26,3.690000057220459,3.690000057220459,3.990000009536743,3.609999895095825,3.9700000286102295,487300
2024-11-27,3.4200000762939453,3.4200000762939453,3.819999933242798,3.3350000381469727,3.75,481600
2024-11-29,3.4700000286102295,3.4700000286102295,3.5999999046325684,3.309999942779541,3.4800000190734863,333000
2024-12-02,3.359999895095825,3.359999895095825,3.5,3.049999952316284,3.5,686400
2024-12-03,3.5799999237060547,3.5799999237060547,3.5999999046325684,3.180000066757202,3.3299999237060547,591000
2024-12-04,3.559999942779541,3.559999942779541,3.5799999237060547,3.3299999237060547,3.5299999713897705,342400
2024-12-05,3.4600000381469727,3.4600000381469727,3.674999952316284,3.109999895095825,3.5,901600
2024-12-06,3.8499999046325684,3.8499999046325684,4.059999942779541,3.359999895095825,3.4600000381469727,1539000
2024-12-09,3.1700000762939453,3.1700000762939453,3.9809999465942383,3.058000087738037,3.8499999046325684,1529700
2024-12-10,3.1050000190734863,3.1050000190734863,3.380000114440918,3.0899999141693115,3.1700000762939453,571000
2024-12-11,2.9200000762939453,2.9200000762939453,3.1600000858306885,2.7799999713897705,3.130000114440918,689600
2024-12-12,2.809999942779541,2.809999942779541,3.0,2.7850000858306885,2.9100000858306885,481300
2024-12-13,2.640000104904175,2.640000104904175,2.989000082015991,2.5999999046325684,2.809999942779541,474900
2024-12-16,2.7100000381469727,2.7100000381469727,3.049999952316284,2.640000104904175,2.7799999713897705,808100
2024-12-17,2.5799999237060547,2.5799999237060547,2.7899999618530273,2.5510001182556152,2.75,408500
2024-12-18,2.690000057220459,2.690000057220459,3.0199999809265137,2.630000114440918,2.740000009536743,782300
2024-12-19,2.509999990463257,2.509999990463257,2.759999990463257,2.4700000286102295,2.640000104904175,710300
2024-12-20,2.25,2.25,2.572999954223633,2.200000047683716,2.2100000381469727,727700
2024-12-23,2.369999885559082,2.369999885559082,2.380000114440918,2.140000104904175,2.2799999713897705,304700
2024-12-24,2.369999885559082,2.369999885559082,2.5799999237060547,2.299999952316284,2.3399999141693115,283800
