Date,Adj Close,Close,High,Low,Open,Volume
2011-07-08,9.980446815490723,11.670000076293945,11.699999809265137,11.430000305175781,11.649999618530273,584700
2011-07-11,9.963345527648926,11.649999618530273,11.739999771118164,11.609999656677246,11.649999618530273,129300
2011-07-12,10.006105422973633,11.699999809265137,11.699999809265137,11.619999885559082,11.649999618530273,41600
2011-07-13,9.912031173706055,11.59000015258789,11.649999618530273,11.550000190734863,11.630000114440918,25900
2011-07-14,9.886374473571777,11.5600004196167,11.600000381469727,11.520000457763672,11.600000381469727,28000
2011-07-15,9.963345527648926,11.649999618530273,11.75,11.449999809265137,11.520000457763672,179500
2011-07-18,9.963345527648926,11.649999618530273,11.789999961853027,11.649999618530273,11.75,99700
2011-07-19,10.040312767028809,11.739999771118164,11.739999771118164,11.600000381469727,11.649999618530273,61300
2011-07-20,9.971894264221191,11.65999984741211,11.75,11.649999618530273,11.75,30400
2011-07-21,9.937688827514648,11.619999885559082,11.670000076293945,11.569999694824219,11.649999618530273,50900
2011-07-22,9.920584678649902,11.600000381469727,11.600000381469727,11.5600004196167,11.600000381469727,27900
2011-07-25,9.886374473571777,11.5600004196167,11.5600004196167,11.529999732971191,11.5600004196167,39500
2011-07-26,9.86071491241455,11.529999732971191,11.569999694824219,11.5,11.569999694824219,31300
2011-07-27,9.826509475708008,11.489999771118164,11.569999694824219,11.449999809265137,11.569999694824219,36200
2011-07-28,9.792298316955566,11.449999809265137,11.470000267028809,11.40999984741211,11.40999984741211,50300
2011-07-29,9.758091926574707,11.40999984741211,11.449999809265137,11.40999984741211,11.40999984741211,48700
2011-08-01,9.783746719360352,11.4399995803833,11.449999809265137,11.420000076293945,11.420000076293945,39200
2011-08-02,9.732434272766113,11.380000114440918,11.489999771118164,11.380000114440918,11.40999984741211,69500
2011-08-03,9.71532917022705,11.359999656677246,11.460000038146973,11.329999923706055,11.460000038146973,17400
2011-08-04,9.484416961669922,11.09000015258789,11.40999984741211,11.050000190734863,11.40999984741211,73400
2011-08-05,9.407450675964355,11.0,11.100000381469727,10.90999984741211,11.0,29900
2011-08-08,9.279167175292969,10.850000381469727,10.979999542236328,10.75,10.850000381469727,28000
2011-08-09,9.279167175292969,10.850000381469727,10.949999809265137,10.800000190734863,10.930000305175781,45100
2011-08-10,9.373242378234863,10.960000038146973,10.970000267028809,10.800000190734863,10.800000190734863,70900
2011-08-11,9.347587585449219,10.930000305175781,10.930000305175781,10.859999656677246,10.859999656677246,39000
2011-08-12,9.321925163269043,10.899999618530273,11.100000381469727,10.880000114440918,11.0,38800
2011-08-15,9.492973327636719,11.100000381469727,11.140000343322754,10.899999618530273,10.899999618530273,38700
2011-08-16,9.22785472869873,10.789999961853027,11.050000190734863,10.789999961853027,11.050000190734863,21200
2011-08-17,9.424551963806152,11.020000457763672,11.020000457763672,10.880000114440918,10.880000114440918,27500
2011-08-18,9.321925163269043,10.899999618530273,10.90999984741211,10.850000381469727,10.899999618530273,30500
2011-08-19,9.193644523620605,10.75,10.989999771118164,10.699999809265137,10.800000190734863,46900
2011-08-22,9.236403465270996,10.800000190734863,10.989999771118164,10.75,10.850000381469727,18900
2011-08-23,9.321925163269043,10.899999618530273,10.9399995803833,10.869999885559082,10.930000305175781,4000
2011-08-24,9.321925163269043,10.899999618530273,10.899999618530273,10.800000190734863,10.800000190734863,13700
2011-08-25,9.321925163269043,10.899999618530273,10.899999618530273,10.899999618530273,10.899999618530273,0
2011-08-26,9.28771686553955,10.859999656677246,10.90999984741211,10.859999656677246,10.90999984741211,15000
2011-08-29,9.373242378234863,10.960000038146973,11.020000457763672,10.90999984741211,10.90999984741211,34500
2011-08-30,9.398897171020508,10.989999771118164,11.0,10.989999771118164,11.0,23200
2011-08-31,9.407450675964355,11.0,11.0,10.859999656677246,10.899999618530273,8900
2011-09-01,9.28771686553955,10.859999656677246,11.029999732971191,10.859999656677246,10.90999984741211,9500
2011-09-02,9.244959831237793,10.8100004196167,11.0,10.800000190734863,10.800000190734863,16000
2011-09-06,9.43310832977295,11.029999732971191,11.050000190734863,10.8100004196167,10.8100004196167,33400
2011-09-07,9.41600227355957,11.010000228881836,11.029999732971191,10.819999694824219,11.0,13700
2011-09-08,9.41600227355957,11.010000228881836,11.029999732971191,10.899999618530273,11.0,25100
2011-09-09,9.43310832977295,11.029999732971191,11.039999961853027,10.899999618530273,11.020000457763672,28300
2011-09-12,9.43310832977295,11.029999732971191,11.029999732971191,10.890000343322754,11.0,2400
2011-09-13,9.424551963806152,11.020000457763672,11.029999732971191,10.970000267028809,11.029999732971191,4100
2011-09-14,9.424551963806152,11.020000457763672,11.039999961853027,10.960000038146973,11.039999961853027,3500
2011-09-15,9.398897171020508,10.989999771118164,11.069999694824219,10.979999542236328,11.020000457763672,12300
2011-09-16,9.28771686553955,10.859999656677246,10.970000267028809,10.859999656677246,10.949999809265137,5800
2011-09-19,9.407450675964355,11.0,11.050000190734863,10.869999885559082,11.0,19800
2011-09-20,9.424551963806152,11.020000457763672,11.029999732971191,10.899999618530273,11.020000457763672,8900
2011-09-21,9.33047866821289,10.90999984741211,10.90999984741211,10.90999984741211,10.90999984741211,100
2011-09-22,9.407450675964355,11.0,11.069999694824219,10.899999618530273,10.90999984741211,18100
2011-09-23,9.321925163269043,10.899999618530273,11.029999732971191,10.899999618530273,10.989999771118164,10100
2011-09-26,9.43310832977295,11.029999732971191,11.300000190734863,10.960000038146973,11.0,28000
2011-09-27,9.492973327636719,11.100000381469727,11.5,11.0600004196167,11.069999694824219,22400
2011-09-28,9.749537467956543,11.399999618530273,11.59000015258789,11.149999618530273,11.479999542236328,31800
2011-09-29,9.518630027770996,11.130000114440918,11.399999618530273,11.100000381469727,11.109999656677246,2500
2011-09-30,9.450212478637695,11.050000190734863,11.079999923706055,11.050000190734863,11.079999923706055,1600
2011-10-03,9.450212478637695,11.050000190734863,11.079999923706055,11.020000457763672,11.079999923706055,7600
2011-10-04,9.492973327636719,11.100000381469727,11.100000381469727,11.0,11.0,5500
2011-10-05,9.407450675964355,11.0,11.100000381469727,11.0,11.079999923706055,8600
2011-10-06,9.424551963806152,11.020000457763672,11.25,10.989999771118164,11.0,22800
2011-10-07,9.441658020019531,11.039999961853027,11.199999809265137,11.020000457763672,11.199999809265137,5600
2011-10-10,9.467314720153809,11.069999694824219,11.140000343322754,11.0600004196167,11.140000343322754,5400
2011-10-11,9.407450675964355,11.0,11.0,10.949999809265137,11.0,3500
2011-10-12,9.407450675964355,11.0,11.020000457763672,11.0,11.020000457763672,8800
2011-10-13,9.407450675964355,11.0,11.0,11.0,11.0,0
2011-10-14,9.62125301361084,11.25,11.329999923706055,11.130000114440918,11.130000114440918,19200
2011-10-17,9.698226928710938,11.34000015258789,11.34000015258789,11.050000190734863,11.279999732971191,1200
2011-10-18,9.407450675964355,11.0,11.300000190734863,10.989999771118164,11.300000190734863,4800
2011-10-19,9.407450675964355,11.0,11.010000228881836,11.0,11.010000228881836,1000
2011-10-20,9.484416961669922,11.09000015258789,11.09000015258789,11.010000228881836,11.010000228881836,1900
2011-10-21,9.492973327636719,11.100000381469727,11.399999618530273,11.100000381469727,11.149999618530273,11800
2011-10-24,9.749537467956543,11.399999618530273,11.399999618530273,11.289999961853027,11.289999961853027,22300
2011-10-25,9.664016723632812,11.300000190734863,11.430000305175781,11.300000190734863,11.399999618530273,7800
2011-10-26,9.450212478637695,11.050000190734863,11.100000381469727,11.050000190734863,11.079999923706055,1500
2011-10-27,9.672568321228027,11.3100004196167,11.390000343322754,11.3100004196167,11.380000114440918,5700
2011-10-28,9.672568321228027,11.3100004196167,11.3100004196167,11.3100004196167,11.3100004196167,0
2011-10-31,9.47586727142334,11.079999923706055,11.119999885559082,11.079999923706055,11.109999656677246,1600
2011-11-01,9.47586727142334,11.079999923706055,11.079999923706055,11.079999923706055,11.079999923706055,0
2011-11-02,9.518630027770996,11.130000114440918,11.25,11.029999732971191,11.039999961853027,2300
2011-11-03,9.492973327636719,11.100000381469727,11.100000381469727,11.09000015258789,11.100000381469727,500
2011-11-04,9.492973327636719,11.100000381469727,11.100000381469727,11.100000381469727,11.100000381469727,0
2011-11-07,9.5015230178833,11.109999656677246,11.109999656677246,11.109999656677246,11.109999656677246,600
2011-11-08,9.492973327636719,11.100000381469727,11.100000381469727,11.020000457763672,11.029999732971191,3400
2011-11-09,9.612703323364258,11.239999771118164,11.25,11.130000114440918,11.149999618530273,61200
2011-11-10,9.552839279174805,11.170000076293945,11.270000457763672,11.170000076293945,11.25,4100
2011-11-11,9.629806518554688,11.260000228881836,11.319999694824219,11.239999771118164,11.239999771118164,2800
2011-11-14,9.655465126037598,11.289999961853027,11.289999961853027,11.15999984741211,11.15999984741211,700
2011-11-15,9.458762168884277,11.0600004196167,11.0600004196167,11.010000228881836,11.039999961853027,1300
2011-11-16,9.57849407196045,11.199999809265137,11.199999809265137,11.180000305175781,11.199999809265137,9200
2011-11-17,9.57849407196045,11.199999809265137,11.199999809265137,11.199999809265137,11.199999809265137,0
2011-11-18,9.664016723632812,11.300000190734863,11.300000190734863,11.300000190734863,11.300000190734863,400
2011-11-21,9.664016723632812,11.300000190734863,11.300000190734863,11.300000190734863,11.300000190734863,0
2011-11-22,9.492973327636719,11.100000381469727,11.100000381469727,11.079999923706055,11.079999923706055,700
2011-11-23,9.458762168884277,11.0600004196167,11.0600004196167,11.0600004196167,11.0600004196167,600
2011-11-25,9.458762168884277,11.0600004196167,11.0600004196167,11.0600004196167,11.0600004196167,0
2011-11-28,9.552839279174805,11.170000076293945,11.170000076293945,11.119999885559082,11.130000114440918,900
2011-11-29,9.552839279174805,11.170000076293945,11.170000076293945,11.170000076293945,11.170000076293945,0
2011-11-30,9.552839279174805,11.170000076293945,11.170000076293945,11.170000076293945,11.170000076293945,0
2011-12-01,9.441658020019531,11.039999961853027,11.069999694824219,11.0,11.069999694824219,7400
2011-12-02,9.57849407196045,11.199999809265137,11.300000190734863,11.020000457763672,11.170000076293945,14500
2011-12-05,9.518630027770996,11.130000114440918,11.199999809265137,11.119999885559082,11.130000114440918,900
2011-12-06,9.56138801574707,11.180000305175781,11.25,11.180000305175781,11.1899995803833,4800
2011-12-07,9.56138801574707,11.180000305175781,11.180000305175781,11.180000305175781,11.180000305175781,0
2011-12-08,9.62125301361084,11.25,11.25,11.199999809265137,11.199999809265137,1500
2011-12-09,9.492973327636719,11.100000381469727,11.25,11.100000381469727,11.25,3500
2011-12-12,9.56138801574707,11.180000305175781,11.390000343322754,11.180000305175781,11.279999732971191,8000
2011-12-13,9.492973327636719,11.100000381469727,11.25,11.100000381469727,11.100000381469727,2700
2011-12-14,9.62125301361084,11.25,11.25,11.229999542236328,11.229999542236328,800
2011-12-15,9.62125301361084,11.25,11.25,11.25,11.25,0
2011-12-16,9.629806518554688,11.260000228881836,11.350000381469727,11.239999771118164,11.239999771118164,1700
2011-12-19,9.510075569152832,11.119999885559082,11.149999618530273,11.100000381469727,11.140000343322754,10100
2011-12-20,9.62125301361084,11.25,11.25,11.140000343322754,11.25,2700
2011-12-21,9.492973327636719,11.100000381469727,11.220000267028809,11.100000381469727,11.220000267028809,13900
2011-12-22,9.492973327636719,11.100000381469727,11.100000381469727,11.100000381469727,11.100000381469727,0
2011-12-23,9.535733222961426,11.149999618530273,11.149999618530273,11.149999618530273,11.149999618530273,100
2011-12-27,9.664016723632812,11.300000190734863,11.420000076293945,11.25,11.25,3700
2011-12-28,9.595600128173828,11.220000267028809,11.300000190734863,11.220000267028809,11.300000190734863,700
2011-12-29,9.595600128173828,11.220000267028809,11.220000267028809,11.220000267028809,11.220000267028809,0
2011-12-30,9.595600128173828,11.220000267028809,11.239999771118164,11.220000267028809,11.239999771118164,1100
2012-01-03,9.629806518554688,11.260000228881836,11.260000228881836,11.15999984741211,11.25,6300
2012-01-04,9.629806518554688,11.260000228881836,11.300000190734863,11.25,11.300000190734863,800
2012-01-05,9.629806518554688,11.260000228881836,11.260000228881836,11.260000228881836,11.260000228881836,0
2012-01-06,9.62125301361084,11.25,11.289999961853027,11.25,11.289999961853027,1500
2012-01-09,9.62125301361084,11.25,11.25,11.25,11.25,0
2012-01-10,9.62125301361084,11.25,11.25,11.25,11.25,0
2012-01-11,9.612703323364258,11.239999771118164,11.239999771118164,11.239999771118164,11.239999771118164,300
2012-01-12,9.612703323364258,11.239999771118164,11.239999771118164,11.239999771118164,11.239999771118164,0
2012-01-13,9.62125301361084,11.25,11.25,11.25,11.25,400
2012-01-17,9.62125301361084,11.25,11.25,11.25,11.25,400
2012-01-18,9.629806518554688,11.260000228881836,11.260000228881836,11.260000228881836,11.260000228881836,500
2012-01-19,9.629806518554688,11.260000228881836,11.260000228881836,11.260000228881836,11.260000228881836,6800
2012-01-20,9.629806518554688,11.260000228881836,11.300000190734863,11.260000228881836,11.300000190734863,900
2012-01-23,9.698226928710938,11.34000015258789,11.40999984741211,11.300000190734863,11.300000190734863,2800
2012-01-24,9.672568321228027,11.3100004196167,11.470000267028809,11.300000190734863,11.460000038146973,13800
2012-01-25,9.664016723632812,11.300000190734863,11.300000190734863,11.300000190734863,11.300000190734863,700
2012-01-26,9.706777572631836,11.350000381469727,11.350000381469727,11.34000015258789,11.34000015258789,900
2012-01-27,9.706777572631836,11.350000381469727,11.350000381469727,11.34000015258789,11.34000015258789,4500
2012-01-30,9.672568321228027,11.3100004196167,11.350000381469727,11.3100004196167,11.350000381469727,1900
2012-01-31,9.71532917022705,11.359999656677246,11.359999656677246,11.359999656677246,11.359999656677246,200
2012-02-01,9.749537467956543,11.399999618530273,11.399999618530273,11.399999618530273,11.399999618530273,400
2012-02-02,9.749537467956543,11.399999618530273,11.399999618530273,11.399999618530273,11.399999618530273,0
2012-02-03,9.749537467956543,11.399999618530273,11.399999618530273,11.399999618530273,11.399999618530273,500
2012-02-06,9.749537467956543,11.399999618530273,11.399999618530273,11.399999618530273,11.399999618530273,0
2012-02-07,9.749537467956543,11.399999618530273,11.399999618530273,11.399999618530273,11.399999618530273,0
2012-02-08,9.749537467956543,11.399999618530273,11.399999618530273,11.399999618530273,11.399999618530273,0
2012-02-09,9.749537467956543,11.399999618530273,11.399999618530273,11.399999618530273,11.399999618530273,0
2012-02-10,9.749537467956543,11.399999618530273,11.399999618530273,11.399999618530273,11.399999618530273,0
2012-02-13,9.71532917022705,11.359999656677246,11.359999656677246,11.359999656677246,11.359999656677246,100
2012-02-14,9.706777572631836,11.350000381469727,11.350000381469727,11.350000381469727,11.350000381469727,5300
2012-02-15,9.749537467956543,11.399999618530273,11.4399995803833,11.390000343322754,11.399999618530273,10500
2012-02-16,9.71532917022705,11.359999656677246,11.399999618530273,11.350000381469727,11.399999618530273,16200
2012-02-17,9.835061073303223,11.5,11.5,11.3100004196167,11.5,20700
2012-02-21,9.732434272766113,11.380000114440918,11.539999961853027,11.350000381469727,11.510000228881836,56800
2012-02-22,9.706777572631836,11.350000381469727,11.369999885559082,11.300000190734863,11.350000381469727,80200
2012-02-23,9.71532917022705,11.359999656677246,11.359999656677246,11.359999656677246,11.359999656677246,34900
2012-02-24,9.71532917022705,11.359999656677246,11.359999656677246,11.359999656677246,11.359999656677246,58600
2012-02-27,9.749537467956543,11.399999618530273,11.489999771118164,11.289999961853027,11.359999656677246,56800
2012-02-28,9.826509475708008,11.489999771118164,11.550000190734863,11.399999618530273,11.449999809265137,8900
2012-02-29,9.77519416809082,11.430000305175781,11.430000305175781,11.430000305175781,11.430000305175781,200
2012-03-01,9.912031173706055,11.59000015258789,11.59000015258789,11.399999618530273,11.399999618530273,3300
2012-03-02,9.749537467956543,11.399999618530273,11.5,11.399999618530273,11.5,2000
2012-03-05,9.920584678649902,11.600000381469727,11.600000381469727,11.4399995803833,11.4399995803833,16900
2012-03-06,9.98900032043457,11.680000305175781,11.75,11.600000381469727,11.640000343322754,18100
2012-03-07,10.057417869567871,11.760000228881836,11.880000114440918,11.699999809265137,11.699999809265137,1500
2012-03-08,10.108733177185059,11.819999694824219,11.819999694824219,11.800000190734863,11.800000190734863,2700
2012-03-09,10.168598175048828,11.890000343322754,11.890000343322754,11.850000381469727,11.850000381469727,3900
2012-03-12,10.108733177185059,11.819999694824219,11.880000114440918,11.819999694824219,11.859999656677246,700
2012-03-13,10.11728286743164,11.829999923706055,11.84000015258789,11.829999923706055,11.84000015258789,1400
2012-03-14,10.254119873046875,11.989999771118164,11.989999771118164,11.850000381469727,11.850000381469727,10900
2012-03-15,10.399508476257324,12.15999984741211,12.25,12.15999984741211,12.25,1500
2012-03-16,10.399508476257324,12.15999984741211,12.25,12.149999618530273,12.25,1700
2012-03-19,10.245565414428711,11.979999542236328,12.010000228881836,11.979999542236328,11.979999542236328,1200
2012-03-20,10.331088066101074,12.079999923706055,12.079999923706055,12.0,12.0,3400
2012-03-21,10.356745719909668,12.109999656677246,12.199999809265137,12.109999656677246,12.170000076293945,3900
2012-03-22,10.356745719909668,12.109999656677246,12.199999809265137,12.100000381469727,12.100000381469727,3300
2012-03-23,10.485031127929688,12.260000228881836,12.260000228881836,12.109999656677246,12.109999656677246,2500
2012-03-26,10.459373474121094,12.229999542236328,12.270000457763672,12.010000228881836,12.270000457763672,300
2012-03-27,10.356745719909668,12.109999656677246,12.270000457763672,12.020000457763672,12.270000457763672,9300
2012-03-28,10.5021333694458,12.279999732971191,12.289999961853027,12.279999732971191,12.289999961853027,1900
2012-03-29,10.5021333694458,12.279999732971191,12.279999732971191,12.279999732971191,12.279999732971191,1000
2012-03-30,10.579106330871582,12.369999885559082,12.369999885559082,12.279999732971191,12.279999732971191,1200
2012-04-02,10.5021333694458,12.279999732971191,12.300000190734863,12.279999732971191,12.289999961853027,3300
2012-04-03,10.527790069580078,12.3100004196167,12.3100004196167,12.279999732971191,12.279999732971191,1100
2012-04-04,10.5021333694458,12.279999732971191,12.289999961853027,12.100000381469727,12.279999732971191,6400
2012-04-05,10.5021333694458,12.279999732971191,12.279999732971191,12.279999732971191,12.279999732971191,6100
2012-04-09,10.5021333694458,12.279999732971191,12.279999732971191,12.279999732971191,12.279999732971191,0
2012-04-10,10.5021333694458,12.279999732971191,12.279999732971191,12.279999732971191,12.279999732971191,0
2012-04-11,10.348194122314453,12.100000381469727,12.100000381469727,12.100000381469727,12.100000381469727,100
2012-04-12,10.348194122314453,12.100000381469727,12.100000381469727,12.100000381469727,12.100000381469727,0
2012-04-13,10.390955924987793,12.149999618530273,12.149999618530273,12.149999618530273,12.149999618530273,100
2012-04-16,10.390955924987793,12.149999618530273,12.149999618530273,12.149999618530273,12.149999618530273,200
2012-04-17,10.399508476257324,12.15999984741211,12.15999984741211,12.15999984741211,12.15999984741211,4000
2012-04-18,10.399508476257324,12.15999984741211,12.15999984741211,12.15999984741211,12.15999984741211,0
2012-04-19,10.348194122314453,12.100000381469727,12.399999618530273,12.100000381469727,12.100000381469727,17000
2012-04-20,10.408059120178223,12.170000076293945,12.170000076293945,12.050000190734863,12.050000190734863,6800
2012-04-23,10.390955924987793,12.149999618530273,12.149999618530273,12.130000114440918,12.130000114440918,2900
2012-04-24,10.390955924987793,12.149999618530273,12.149999618530273,12.149999618530273,12.149999618530273,0
2012-04-25,10.390955924987793,12.149999618530273,12.149999618530273,12.149999618530273,12.149999618530273,0
2012-04-26,10.390955924987793,12.149999618530273,12.149999618530273,12.149999618530273,12.149999618530273,0
2012-04-27,10.416614532470703,12.180000305175781,12.420000076293945,12.180000305175781,12.420000076293945,200
2012-04-30,10.416614532470703,12.180000305175781,12.180000305175781,12.180000305175781,12.180000305175781,0
2012-05-01,10.630416870117188,12.430000305175781,12.430000305175781,12.199999809265137,12.199999809265137,1300
2012-05-02,10.664628028869629,12.470000267028809,12.5,12.430000305175781,12.430000305175781,1200
2012-05-03,10.51923942565918,12.300000190734863,12.75,12.199999809265137,12.5,5900
2012-05-04,10.51923942565918,12.300000190734863,12.300000190734863,12.300000190734863,12.300000190734863,0
2012-05-07,10.51923942565918,12.300000190734863,12.300000190734863,12.300000190734863,12.300000190734863,0
2012-05-08,10.90408706665039,12.75,12.789999961853027,12.6899995803833,12.6899995803833,3000
2012-05-09,10.895539283752441,12.739999771118164,12.739999771118164,12.739999771118164,12.739999771118164,1500
2012-05-10,11.032370567321777,12.899999618530273,13.0,12.5,12.5,6200
2012-05-11,11.117895126342773,13.0,13.140000343322754,13.0,13.069999694824219,3800
2012-05-14,11.37446117401123,13.300000190734863,13.380000114440918,12.199999809265137,12.890000343322754,6800
2012-05-15,11.459981918334961,13.399999618530273,13.489999771118164,13.100000381469727,13.100000381469727,900
2012-05-16,11.288938522338867,13.199999809265137,13.489999771118164,13.199999809265137,13.25,2700
2012-05-17,10.90408706665039,12.75,12.800000190734863,12.75,12.800000190734863,1100
2012-05-18,10.69028377532959,12.5,12.789999961853027,12.390000343322754,12.75,2900
2012-05-21,10.467924118041992,12.239999771118164,12.239999771118164,12.149999618530273,12.149999618530273,2100
2012-05-22,10.476476669311523,12.25,12.25,12.25,12.25,1900
2012-05-23,10.476476669311523,12.25,12.25,12.25,12.25,400
2012-05-24,10.485031127929688,12.260000228881836,12.489999771118164,12.260000228881836,12.289999961853027,1200
2012-05-25,10.527790069580078,12.3100004196167,12.5,12.300000190734863,12.300000190734863,900
2012-05-29,10.69028377532959,12.5,12.600000381469727,12.25,12.40999984741211,1700
2012-05-30,10.476476669311523,12.25,12.430000305175781,12.25,12.430000305175781,3100
2012-05-31,10.5021333694458,12.279999732971191,12.350000381469727,12.279999732971191,12.350000381469727,500
2012-06-01,10.5021333694458,12.279999732971191,12.279999732971191,12.25,12.260000228881836,3600
2012-06-04,10.485031127929688,12.260000228881836,12.350000381469727,12.25,12.329999923706055,1600
2012-06-05,10.485031127929688,12.260000228881836,12.260000228881836,12.260000228881836,12.260000228881836,0
2012-06-06,10.553448677062988,12.34000015258789,12.350000381469727,12.34000015258789,12.34000015258789,1600
2012-06-07,10.485031127929688,12.260000228881836,12.479999542236328,12.25,12.420000076293945,1000
2012-06-08,10.69028377532959,12.5,12.5,12.25,12.25,5200
2012-06-11,10.69028377532959,12.5,12.5,12.5,12.5,0
2012-06-12,10.510686874389648,12.289999961853027,12.289999961853027,12.289999961853027,12.289999961853027,100
2012-06-13,10.510686874389648,12.289999961853027,12.289999961853027,12.289999961853027,12.289999961853027,0
2012-06-14,10.510686874389648,12.289999961853027,12.289999961853027,12.289999961853027,12.289999961853027,0
2012-06-15,11.306042671203613,13.220000267028809,13.220000267028809,12.260000228881836,12.260000228881836,300
2012-06-18,11.229073524475098,13.130000114440918,13.130000114440918,13.130000114440918,13.130000114440918,100
2012-06-19,11.229073524475098,13.130000114440918,13.130000114440918,13.130000114440918,13.130000114440918,0
2012-06-20,11.229073524475098,13.130000114440918,13.130000114440918,13.130000114440918,13.130000114440918,0
2012-06-21,10.69028377532959,12.5,13.0,12.5,13.0,3200
2012-06-22,11.331700325012207,13.25,13.25,13.25,13.25,500
2012-06-25,11.331700325012207,13.25,13.25,13.25,13.25,0
2012-06-26,11.117895126342773,13.0,13.0,12.899999618530273,12.899999618530273,5800
2012-06-27,11.331700325012207,13.25,13.25,12.75,12.899999618530273,6100
2012-06-28,10.69028377532959,12.5,12.5,12.5,12.5,100
2012-06-29,11.323148727416992,13.239999771118164,13.239999771118164,12.739999771118164,12.75,4600
2012-07-02,10.90408706665039,12.75,13.350000381469727,12.75,13.210000038146973,3200
2012-07-03,11.117895126342773,13.0,13.40999984741211,13.0,13.100000381469727,1800
2012-07-05,11.117895126342773,13.0,13.0,13.0,13.0,0
2012-07-06,11.203415870666504,13.100000381469727,13.329999923706055,13.100000381469727,13.329999923706055,1900
2012-07-09,10.90408706665039,12.75,13.100000381469727,12.550000190734863,13.100000381469727,10900
2012-07-10,10.90408706665039,12.75,12.779999732971191,12.75,12.779999732971191,1500
2012-07-11,10.90408706665039,12.75,12.75,12.75,12.75,0
2012-07-12,11.032370567321777,12.899999618530273,12.899999618530273,12.75,12.75,8700
2012-07-13,11.032370567321777,12.899999618530273,12.899999618530273,12.899999618530273,12.899999618530273,0
2012-07-16,10.90408706665039,12.75,12.899999618530273,12.75,12.899999618530273,4500
2012-07-17,11.032370567321777,12.899999618530273,12.899999618530273,12.819999694824219,12.819999694824219,300
2012-07-18,11.049476623535156,12.920000076293945,12.920000076293945,12.920000076293945,12.920000076293945,200
2012-07-19,10.90408706665039,12.75,12.779999732971191,12.75,12.779999732971191,1000
2012-07-20,10.90408706665039,12.75,12.75,12.75,12.75,0
2012-07-23,11.075135231018066,12.949999809265137,12.949999809265137,12.75,12.75,1200
2012-07-24,10.90408706665039,12.75,12.859999656677246,12.75,12.859999656677246,900
2012-07-25,10.989609718322754,12.850000381469727,12.850000381469727,12.75,12.75,200
2012-07-26,10.946850776672363,12.800000190734863,12.800000190734863,12.800000190734863,12.800000190734863,500
2012-07-27,10.90408706665039,12.75,12.75,12.75,12.75,600
2012-07-30,10.989609718322754,12.850000381469727,12.850000381469727,12.850000381469727,12.850000381469727,100
2012-07-31,10.989609718322754,12.850000381469727,12.850000381469727,12.850000381469727,12.850000381469727,0
2012-08-01,11.032370567321777,12.899999618530273,12.899999618530273,12.899999618530273,12.899999618530273,100
2012-08-02,11.058029174804688,12.930000305175781,12.930000305175781,12.930000305175781,12.930000305175781,300
2012-08-03,11.058029174804688,12.930000305175781,12.930000305175781,12.930000305175781,12.930000305175781,0
2012-08-06,11.075135231018066,12.949999809265137,12.949999809265137,12.949999809265137,12.949999809265137,500
2012-08-07,10.90408706665039,12.75,12.949999809265137,12.75,12.949999809265137,400
2012-08-08,10.827119827270508,12.65999984741211,12.75,12.65999984741211,12.75,700
2012-08-09,10.921195030212402,12.770000457763672,12.770000457763672,12.75,12.75,2300
2012-08-10,10.955405235290527,12.8100004196167,12.819999694824219,12.779999732971191,12.779999732971191,2100
2012-08-13,10.955405235290527,12.8100004196167,12.8100004196167,12.8100004196167,12.8100004196167,0
2012-08-14,10.955405235290527,12.8100004196167,12.8100004196167,12.8100004196167,12.8100004196167,700
2012-08-15,10.946850776672363,12.800000190734863,12.8100004196167,12.800000190734863,12.800000190734863,1500
2012-08-16,10.96395492553711,12.819999694824219,12.829999923706055,12.819999694824219,12.819999694824219,1300
2012-08-17,10.955405235290527,12.8100004196167,12.819999694824219,12.8100004196167,12.819999694824219,3400
2012-08-20,10.989609718322754,12.850000381469727,12.850000381469727,12.760000228881836,12.8100004196167,18900
2012-08-21,11.075135231018066,12.949999809265137,12.949999809265137,12.890000343322754,12.890000343322754,11600
2012-08-22,10.989609718322754,12.850000381469727,12.970000267028809,12.850000381469727,12.970000267028809,13100
2012-08-23,10.989609718322754,12.850000381469727,12.850000381469727,12.850000381469727,12.850000381469727,600
2012-08-24,10.989609718322754,12.850000381469727,12.850000381469727,12.850000381469727,12.850000381469727,2700
2012-08-27,10.989609718322754,12.850000381469727,12.850000381469727,12.850000381469727,12.850000381469727,100
2012-08-28,10.989609718322754,12.850000381469727,12.850000381469727,12.850000381469727,12.850000381469727,300
2012-08-29,11.032370567321777,12.899999618530273,12.899999618530273,12.899999618530273,12.899999618530273,200
2012-08-30,10.989609718322754,12.850000381469727,12.859999656677246,12.850000381469727,12.850000381469727,500
2012-08-31,11.032370567321777,12.899999618530273,12.899999618530273,12.899999618530273,12.899999618530273,100
2012-09-04,11.075135231018066,12.949999809265137,12.949999809265137,12.880000114440918,12.890000343322754,3700
2012-09-05,11.117895126342773,13.0,13.0,12.949999809265137,12.949999809265137,5500
2012-09-06,11.203415870666504,13.100000381469727,13.100000381469727,12.869999885559082,12.869999885559082,9200
2012-09-07,11.28038501739502,13.1899995803833,13.1899995803833,13.100000381469727,13.100000381469727,1900
2012-09-10,11.203415870666504,13.100000381469727,13.100000381469727,13.100000381469727,13.100000381469727,1800
2012-09-11,11.117895126342773,13.0,13.100000381469727,13.0,13.09000015258789,8200
2012-09-12,11.14355182647705,13.029999732971191,13.170000076293945,13.010000228881836,13.029999732971191,2600
2012-09-13,11.323148727416992,13.239999771118164,13.239999771118164,13.239999771118164,13.239999771118164,2800
2012-09-14,11.203415870666504,13.100000381469727,13.279999732971191,13.100000381469727,13.279999732971191,2600
2012-09-17,11.203415870666504,13.100000381469727,13.149999618530273,13.100000381469727,13.119999885559082,25800
2012-09-18,11.220520973205566,13.119999885559082,13.149999618530273,13.119999885559082,13.149999618530273,3700
2012-09-19,11.220520973205566,13.119999885559082,13.149999618530273,13.119999885559082,13.149999618530273,1500
2012-09-20,11.220520973205566,13.119999885559082,13.130000114440918,13.119999885559082,13.119999885559082,5600
2012-09-21,11.323148727416992,13.239999771118164,13.239999771118164,13.119999885559082,13.119999885559082,34000
2012-09-24,11.323148727416992,13.239999771118164,13.239999771118164,13.239999771118164,13.239999771118164,0
2012-09-25,11.451433181762695,13.390000343322754,13.390000343322754,13.390000343322754,13.390000343322754,300
2012-09-26,11.451433181762695,13.390000343322754,13.390000343322754,13.390000343322754,13.390000343322754,0
2012-09-27,11.451433181762695,13.390000343322754,13.390000343322754,13.390000343322754,13.390000343322754,200
2012-09-28,11.451433181762695,13.390000343322754,13.390000343322754,13.390000343322754,13.390000343322754,0
2012-10-01,11.365912437438965,13.289999961853027,13.390000343322754,13.239999771118164,13.390000343322754,32400
2012-10-02,11.331700325012207,13.25,13.25,13.25,13.25,1700
2012-10-03,11.459981918334961,13.399999618530273,13.399999618530273,13.25,13.25,900
2012-10-04,11.468535423278809,13.40999984741211,13.40999984741211,13.40999984741211,13.40999984741211,300
2012-10-05,11.468535423278809,13.40999984741211,13.40999984741211,13.40999984741211,13.40999984741211,200
2012-10-08,11.468535423278809,13.40999984741211,13.40999984741211,13.40999984741211,13.40999984741211,800
2012-10-09,11.468535423278809,13.40999984741211,13.40999984741211,13.40999984741211,13.40999984741211,200
2012-10-10,11.468535423278809,13.40999984741211,13.40999984741211,13.40999984741211,13.40999984741211,300
2012-10-11,11.331700325012207,13.25,13.449999809265137,13.25,13.449999809265137,1600
2012-10-12,11.331700325012207,13.25,13.350000381469727,13.25,13.350000381469727,1800
2012-10-15,11.545506477355957,13.5,13.5,13.260000228881836,13.260000228881836,6500
2012-10-16,11.545506477355957,13.5,13.5,13.5,13.5,2200
2012-10-17,11.545506477355957,13.5,13.510000228881836,13.479999542236328,13.5,2400
2012-10-18,11.545506477355957,13.5,13.510000228881836,13.5,13.5,3300
2012-10-19,11.545506477355957,13.5,13.520000457763672,13.5,13.520000457763672,120500
2012-10-22,11.613924980163574,13.579999923706055,13.579999923706055,13.270000457763672,13.510000228881836,14400
2012-10-23,11.733654975891113,13.720000267028809,13.720000267028809,13.520000457763672,13.520000457763672,3400
2012-10-24,11.665236473083496,13.640000343322754,13.640000343322754,13.640000343322754,13.640000343322754,300
2012-10-25,11.665236473083496,13.640000343322754,13.640000343322754,13.640000343322754,13.640000343322754,0
2012-10-26,11.665236473083496,13.640000343322754,13.640000343322754,13.640000343322754,13.640000343322754,0
2012-10-31,11.665236473083496,13.640000343322754,13.640000343322754,13.640000343322754,13.640000343322754,0
2012-11-01,11.536954879760742,13.489999771118164,13.65999984741211,13.350000381469727,13.65999984741211,1600
2012-11-02,11.58826732635498,13.550000190734863,13.550000190734863,13.270000457763672,13.270000457763672,14900
2012-11-05,11.58826732635498,13.550000190734863,13.550000190734863,13.550000190734863,13.550000190734863,0
2012-11-06,11.631030082702637,13.600000381469727,13.609999656677246,13.600000381469727,13.600000381469727,2900
2012-11-07,11.673789978027344,13.649999618530273,13.739999771118164,13.609999656677246,13.609999656677246,8800
2012-11-08,11.596821784973145,13.5600004196167,13.649999618530273,13.550000190734863,13.649999618530273,11200
2012-11-09,11.673789978027344,13.649999618530273,13.890000343322754,13.649999618530273,13.890000343322754,8300
2012-11-12,11.673789978027344,13.649999618530273,13.649999618530273,13.649999618530273,13.649999618530273,3200
2012-11-13,11.673789978027344,13.649999618530273,13.65999984741211,13.649999618530273,13.65999984741211,1500
2012-11-14,11.71654987335205,13.699999809265137,13.729999542236328,13.699999809265137,13.729999542236328,400
2012-11-15,11.70799732208252,13.6899995803833,13.6899995803833,13.649999618530273,13.65999984741211,1800
2012-11-16,11.733654975891113,13.720000267028809,13.75,13.649999618530273,13.649999618530273,16800
2012-11-19,11.733654975891113,13.720000267028809,13.720000267028809,13.720000267028809,13.720000267028809,0
2012-11-20,11.733654975891113,13.720000267028809,13.720000267028809,13.720000267028809,13.720000267028809,0
2012-11-21,11.759312629699707,13.75,13.760000228881836,13.75,13.760000228881836,600
2012-11-23,11.759312629699707,13.75,13.75,13.75,13.75,1600
2012-11-26,11.759312629699707,13.75,13.789999961853027,13.75,13.789999961853027,1000
2012-11-27,11.759312629699707,13.75,13.75,13.75,13.75,0
2012-11-28,11.759312629699707,13.75,13.75,13.75,13.75,1300
2012-11-29,11.81917667388916,13.819999694824219,13.819999694824219,13.75,13.75,2600
2012-11-30,11.81917667388916,13.819999694824219,13.819999694824219,13.819999694824219,13.819999694824219,0
2012-12-03,11.767863273620605,13.760000228881836,13.760000228881836,13.75,13.75,3800
2012-12-04,11.759312629699707,13.75,13.75,13.75,13.75,5200
2012-12-05,11.759312629699707,13.75,13.75,13.75,13.75,0
2012-12-06,11.759312629699707,13.75,13.75,13.75,13.75,700
2012-12-07,11.81917667388916,13.819999694824219,13.819999694824219,13.609999656677246,13.649999618530273,15500
2012-12-10,11.613924980163574,13.579999923706055,13.579999923706055,13.399999618530273,13.399999618530273,2600
2012-12-11,11.459981918334961,13.399999618530273,13.510000228881836,13.399999618530273,13.510000228881836,800
2012-12-12,11.673789978027344,13.649999618530273,13.649999618530273,13.420000076293945,13.420000076293945,3000
2012-12-13,11.58826732635498,13.550000190734863,13.550000190734863,13.550000190734863,13.550000190734863,800
2012-12-14,11.58826732635498,13.550000190734863,13.550000190734863,13.550000190734863,13.550000190734863,3900
2012-12-17,11.58826732635498,13.550000190734863,13.569999694824219,13.550000190734863,13.569999694824219,8300
2012-12-18,11.699446678161621,13.680000305175781,13.699999809265137,13.680000305175781,13.680000305175781,3900
2012-12-19,11.699446678161621,13.680000305175781,13.680000305175781,13.649999618530273,13.649999618530273,5000
2012-12-20,11.71654987335205,13.699999809265137,13.779999732971191,13.510000228881836,13.699999809265137,10400
2012-12-21,11.784969329833984,13.779999732971191,13.779999732971191,13.699999809265137,13.699999809265137,26300
2012-12-24,11.750758171081543,13.739999771118164,13.739999771118164,13.739999771118164,13.739999771118164,100
2012-12-26,11.802071571350098,13.800000190734863,13.800000190734863,13.75,13.800000190734863,19100
2012-12-27,11.802071571350098,13.800000190734863,13.819999694824219,13.800000190734863,13.800000190734863,6100
2012-12-28,11.767863273620605,13.760000228881836,13.760000228881836,13.359999656677246,13.359999656677246,33400
2012-12-31,11.802071571350098,13.800000190734863,13.899999618530273,13.710000038146973,13.710000038146973,6700
2013-01-02,11.81917667388916,13.819999694824219,13.899999618530273,13.819999694824219,13.880000114440918,15100
2013-01-03,11.802071571350098,13.800000190734863,13.800000190734863,13.789999961853027,13.789999961853027,200
2013-01-04,11.81917667388916,13.819999694824219,13.819999694824219,13.819999694824219,13.819999694824219,200
2013-01-07,11.99022388458252,14.020000457763672,14.100000381469727,13.890000343322754,13.890000343322754,3000
2013-01-08,12.084297180175781,14.130000114440918,14.199999809265137,14.09000015258789,14.100000381469727,2900
2013-01-09,12.26389217376709,14.34000015258789,14.34000015258789,14.1899995803833,14.1899995803833,200
2013-01-10,12.24678897857666,14.319999694824219,14.350000381469727,14.260000228881836,14.260000228881836,2500
2013-01-11,12.178370475769043,14.239999771118164,14.350000381469727,14.239999771118164,14.350000381469727,900
2013-01-14,12.298102378845215,14.380000114440918,14.390000343322754,14.1899995803833,14.1899995803833,3400
2013-01-15,12.280997276306152,14.359999656677246,14.489999771118164,14.359999656677246,14.489999771118164,600
2013-01-16,12.22968578338623,14.300000190734863,14.359999656677246,14.300000190734863,14.359999656677246,200
2013-01-17,12.7941312789917,14.960000038146973,14.960000038146973,14.960000038146973,14.960000038146973,100
2013-01-18,12.272445678710938,14.350000381469727,14.350000381469727,14.350000381469727,14.350000381469727,2400
2013-01-22,12.289548873901367,14.369999885559082,15.420000076293945,14.34000015258789,14.350000381469727,10700
2013-01-23,12.289548873901367,14.369999885559082,14.369999885559082,14.369999885559082,14.369999885559082,0
2013-01-24,12.682951927185059,14.829999923706055,14.829999923706055,14.399999618530273,14.399999618530273,2300
2013-01-25,12.648743629455566,14.789999961853027,14.829999923706055,14.569999694824219,14.8100004196167,1600
2013-01-28,12.648743629455566,14.789999961853027,14.789999961853027,14.789999961853027,14.789999961853027,0
2013-01-29,12.494804382324219,14.609999656677246,14.630000114440918,14.59000015258789,14.59000015258789,1700
2013-01-30,12.571771621704102,14.699999809265137,14.890000343322754,14.609999656677246,14.609999656677246,300
2013-01-31,12.529013633728027,14.649999618530273,14.649999618530273,14.649999618530273,14.649999618530273,100
2013-02-01,12.828338623046875,15.0,15.0,14.579999923706055,14.720000267028809,1700
2013-02-04,12.811234474182129,14.979999542236328,14.989999771118164,14.899999618530273,14.920000076293945,2000
2013-02-05,12.811234474182129,14.979999542236328,14.979999542236328,14.979999542236328,14.979999542236328,0
2013-02-06,12.503355979919434,14.619999885559082,14.930000305175781,14.609999656677246,14.930000305175781,1800
2013-02-07,12.63163948059082,14.770000457763672,14.859999656677246,14.710000038146973,14.710000038146973,2800
2013-02-08,12.665848731994629,14.8100004196167,14.8100004196167,14.75,14.770000457763672,3400
2013-02-11,12.648743629455566,14.789999961853027,14.789999961853027,14.75,14.75,2100
2013-02-12,13.127668380737305,15.350000381469727,15.350000381469727,14.75,14.779999732971191,6700
2013-02-13,12.862549781799316,15.039999961853027,15.039999961853027,15.039999961853027,15.039999961853027,100
2013-02-14,12.665848731994629,14.8100004196167,14.979999542236328,14.800000190734863,14.800000190734863,300
2013-02-15,12.665848731994629,14.8100004196167,14.8100004196167,14.8100004196167,14.8100004196167,0
2013-02-19,12.665848731994629,14.8100004196167,14.8100004196167,14.8100004196167,14.8100004196167,0
2013-02-20,12.930967330932617,15.119999885559082,15.5,14.920000076293945,14.920000076293945,41200
2013-02-21,12.84544563293457,15.020000457763672,15.449999809265137,15.0,15.449999809265137,4300
2013-02-22,12.828338623046875,15.0,15.0600004196167,15.0,15.0600004196167,300
2013-02-25,12.828338623046875,15.0,15.0,15.0,15.0,300
2013-02-26,12.828338623046875,15.0,15.0,15.0,15.0,0
2013-02-27,12.836892127990723,15.010000228881836,15.010000228881836,15.010000228881836,15.010000228881836,2900
2013-02-28,12.836892127990723,15.010000228881836,15.010000228881836,15.010000228881836,15.010000228881836,0
2013-03-01,12.853996276855469,15.029999732971191,15.460000038146973,15.020000457763672,15.460000038146973,1800
2013-03-04,13.221742630004883,15.460000038146973,15.460000038146973,15.460000038146973,15.460000038146973,100
2013-03-05,13.221742630004883,15.460000038146973,15.460000038146973,15.460000038146973,15.460000038146973,0
2013-03-06,12.999384880065918,15.199999809265137,15.390000343322754,15.199999809265137,15.390000343322754,900
2013-03-07,12.879652976989746,15.0600004196167,15.449999809265137,15.0600004196167,15.449999809265137,200
2013-03-08,12.913862228393555,15.100000381469727,15.6899995803833,15.0600004196167,15.079999923706055,1100
2013-03-11,12.999384880065918,15.199999809265137,15.210000038146973,15.149999618530273,15.170000076293945,10400
2013-03-12,13.025042533874512,15.229999542236328,15.399999618530273,15.229999542236328,15.399999618530273,2600
2013-03-13,13.025042533874512,15.229999542236328,15.229999542236328,15.229999542236328,15.229999542236328,0
2013-03-14,13.025042533874512,15.229999542236328,15.229999542236328,15.229999542236328,15.229999542236328,0
2013-03-15,13.007936477661133,15.210000038146973,15.210000038146973,15.210000038146973,15.210000038146973,600
2013-03-18,13.025042533874512,15.229999542236328,15.229999542236328,15.0600004196167,15.0600004196167,7500
2013-03-19,12.913862228393555,15.100000381469727,15.100000381469727,15.100000381469727,15.100000381469727,2200
2013-03-20,13.007936477661133,15.210000038146973,15.390000343322754,15.1899995803833,15.369999885559082,8100
2013-03-21,12.956623077392578,15.149999618530273,15.270000457763672,15.149999618530273,15.270000457763672,1200
2013-03-22,12.956623077392578,15.149999618530273,15.149999618530273,15.149999618530273,15.149999618530273,0
2013-03-25,12.96517562866211,15.15999984741211,15.15999984741211,15.15999984741211,15.15999984741211,100
2013-03-26,12.999384880065918,15.199999809265137,15.319999694824219,15.1899995803833,15.1899995803833,800
2013-03-27,12.999384880065918,15.199999809265137,15.199999809265137,15.199999809265137,15.199999809265137,500
2013-03-28,13.04214859008789,15.25,15.25,15.25,15.25,7100
2013-04-01,13.04214859008789,15.25,15.260000228881836,15.25,15.260000228881836,400
2013-04-02,13.04214859008789,15.25,15.25,15.25,15.25,0
2013-04-03,13.04214859008789,15.25,15.3100004196167,15.25,15.3100004196167,1200
2013-04-04,13.05069637298584,15.260000228881836,15.260000228881836,15.260000228881836,15.260000228881836,100
2013-04-05,13.084906578063965,15.300000190734863,15.319999694824219,15.25,15.319999694824219,1100
2013-04-08,13.384235382080078,15.649999618530273,15.649999618530273,15.270000457763672,15.270000457763672,300
2013-04-09,13.401337623596191,15.670000076293945,15.680000305175781,15.640000343322754,15.680000305175781,600
2013-04-10,13.358577728271484,15.619999885559082,15.6899995803833,15.59000015258789,15.630000114440918,1400
2013-04-11,13.093461036682129,15.3100004196167,15.680000305175781,15.25,15.680000305175781,12200
2013-04-12,13.084906578063965,15.300000190734863,15.34000015258789,15.25,15.34000015258789,6400
2013-04-15,13.04214859008789,15.25,15.25,15.25,15.25,300
2013-04-16,13.187536239624023,15.420000076293945,15.420000076293945,15.420000076293945,15.420000076293945,100
2013-04-17,13.084906578063965,15.300000190734863,15.399999618530273,15.300000190734863,15.399999618530273,200
2013-04-18,13.178980827331543,15.40999984741211,15.40999984741211,15.40999984741211,15.40999984741211,200
2013-04-19,13.084906578063965,15.300000190734863,15.3100004196167,15.300000190734863,15.3100004196167,500
2013-04-22,13.084906578063965,15.300000190734863,15.300000190734863,15.25,15.300000190734863,1600
2013-04-23,13.04214859008789,15.25,15.329999923706055,15.210000038146973,15.329999923706055,22600
2013-04-24,13.04214859008789,15.25,15.25,15.25,15.25,0
2013-04-25,13.04214859008789,15.25,15.25,15.25,15.25,100
2013-04-26,13.04214859008789,15.25,15.25,15.25,15.25,2200
2013-04-29,13.04214859008789,15.25,15.3100004196167,15.25,15.3100004196167,4600
2013-04-30,13.067800521850586,15.279999732971191,15.350000381469727,15.279999732971191,15.34000015258789,43000
2013-05-01,13.067800521850586,15.279999732971191,15.279999732971191,15.279999732971191,15.279999732971191,0
2013-05-02,13.067800521850586,15.279999732971191,15.279999732971191,15.279999732971191,15.279999732971191,0
2013-05-03,13.067800521850586,15.279999732971191,15.279999732971191,15.279999732971191,15.279999732971191,0
2013-05-06,13.067800521850586,15.279999732971191,15.279999732971191,15.279999732971191,15.279999732971191,0
2013-05-07,13.067800521850586,15.279999732971191,15.279999732971191,15.279999732971191,15.279999732971191,0
2013-05-08,13.067800521850586,15.279999732971191,15.279999732971191,15.279999732971191,15.279999732971191,0
2013-05-09,13.016489028930664,15.220000267028809,15.220000267028809,15.220000267028809,15.220000267028809,100
2013-05-10,13.110563278198242,15.329999923706055,15.329999923706055,15.329999923706055,15.329999923706055,700
2013-05-13,13.110563278198242,15.329999923706055,15.329999923706055,15.329999923706055,15.329999923706055,0
2013-05-14,13.007936477661133,15.210000038146973,15.210000038146973,15.210000038146973,15.210000038146973,100
2013-05-15,13.007936477661133,15.210000038146973,15.210000038146973,15.210000038146973,15.210000038146973,0
2013-05-16,13.059252738952637,15.270000457763672,15.350000381469727,15.25,15.350000381469727,1400
2013-05-17,13.119115829467773,15.34000015258789,15.34000015258789,15.260000228881836,15.270000457763672,1400
2013-05-20,13.016489028930664,15.220000267028809,15.229999542236328,15.220000267028809,15.229999542236328,1300
2013-05-21,13.084906578063965,15.300000190734863,15.300000190734863,15.289999961853027,15.289999961853027,600
2013-05-22,13.084906578063965,15.300000190734863,15.300000190734863,15.300000190734863,15.300000190734863,0
2013-05-23,13.127668380737305,15.350000381469727,15.350000381469727,15.25,15.25,5900
2013-05-24,13.119115829467773,15.34000015258789,15.390000343322754,15.3100004196167,15.3100004196167,3200
2013-05-28,13.04214859008789,15.25,15.350000381469727,15.25,15.350000381469727,5200
2013-05-29,13.04214859008789,15.25,15.270000457763672,15.25,15.270000457763672,2300
2013-05-30,13.127668380737305,15.350000381469727,15.350000381469727,15.34000015258789,15.34000015258789,1200
2013-05-31,13.007936477661133,15.210000038146973,15.300000190734863,15.0,15.300000190734863,35400
2013-06-03,12.956623077392578,15.149999618530273,15.199999809265137,15.149999618530273,15.199999809265137,500
2013-06-04,12.871102333068848,15.050000190734863,15.170000076293945,15.050000190734863,15.170000076293945,200
2013-06-05,12.913862228393555,15.100000381469727,15.119999885559082,15.0,15.020000457763672,4000
2013-06-06,12.913862228393555,15.100000381469727,15.109999656677246,15.100000381469727,15.109999656677246,300
2013-06-07,13.04214859008789,15.25,15.25,15.229999542236328,15.25,2600
2013-06-10,12.930967330932617,15.119999885559082,15.119999885559082,15.119999885559082,15.119999885559082,300
2013-06-11,12.930967330932617,15.119999885559082,15.119999885559082,15.119999885559082,15.119999885559082,300
2013-06-12,12.913862228393555,15.100000381469727,15.170000076293945,15.100000381469727,15.170000076293945,500
2013-06-13,12.913862228393555,15.100000381469727,15.100000381469727,15.100000381469727,15.100000381469727,0
2013-06-14,13.04214859008789,15.25,15.289999961853027,15.239999771118164,15.289999961853027,1800
2013-06-17,12.956623077392578,15.149999618530273,15.329999923706055,15.149999618530273,15.300000190734863,1900
2013-06-18,12.97372817993164,15.170000076293945,15.170000076293945,15.170000076293945,15.170000076293945,200
2013-06-19,12.999384880065918,15.199999809265137,15.199999809265137,15.199999809265137,15.199999809265137,300
2013-06-20,12.948071479797363,15.140000343322754,15.140000343322754,15.100000381469727,15.100000381469727,300
2013-06-21,13.084906578063965,15.300000190734863,15.300000190734863,15.069999694824219,15.119999885559082,2800
2013-06-24,13.084906578063965,15.300000190734863,15.300000190734863,15.199999809265137,15.210000038146973,600
2013-06-25,13.084906578063965,15.300000190734863,15.300000190734863,15.15999984741211,15.300000190734863,300
2013-06-26,12.96517562866211,15.15999984741211,15.300000190734863,15.15999984741211,15.300000190734863,500
2013-06-27,13.007936477661133,15.210000038146973,15.260000228881836,15.210000038146973,15.260000228881836,300
2013-06-28,13.067800521850586,15.279999732971191,15.300000190734863,15.010000228881836,15.279999732971191,14100
2013-07-01,12.999384880065918,15.199999809265137,15.300000190734863,15.149999618530273,15.1899995803833,3700
2013-07-02,12.956623077392578,15.149999618530273,15.170000076293945,15.149999618530273,15.15999984741211,300
2013-07-03,13.076354026794434,15.289999961853027,15.289999961853027,15.289999961853027,15.289999961853027,200
2013-07-05,13.084906578063965,15.300000190734863,15.300000190734863,15.300000190734863,15.300000190734863,900
2013-07-08,12.97372817993164,15.170000076293945,15.170000076293945,15.170000076293945,15.170000076293945,100
2013-07-09,12.956623077392578,15.149999618530273,15.220000267028809,15.149999618530273,15.220000267028809,2800
2013-07-10,12.96517562866211,15.15999984741211,15.170000076293945,15.149999618530273,15.170000076293945,5200
2013-07-11,12.956623077392578,15.149999618530273,15.149999618530273,15.149999618530273,15.149999618530273,5800
2013-07-12,12.956623077392578,15.149999618530273,15.149999618530273,15.149999618530273,15.149999618530273,100
2013-07-15,12.956623077392578,15.149999618530273,15.239999771118164,15.149999618530273,15.239999771118164,1600
2013-07-16,12.956623077392578,15.149999618530273,15.25,15.149999618530273,15.199999809265137,1100
2013-07-17,12.999384880065918,15.199999809265137,15.199999809265137,15.170000076293945,15.170000076293945,300
2013-07-18,12.956623077392578,15.149999618530273,15.170000076293945,15.149999618530273,15.149999618530273,2300
2013-07-19,13.016489028930664,15.220000267028809,15.220000267028809,15.180000305175781,15.180000305175781,300
2013-07-22,13.127668380737305,15.350000381469727,15.350000381469727,15.25,15.25,2500
2013-07-23,13.178980827331543,15.40999984741211,15.40999984741211,15.350000381469727,15.350000381469727,4500
2013-07-24,13.196084976196289,15.430000305175781,15.430000305175781,15.40999984741211,15.40999984741211,400
2013-07-25,13.255950927734375,15.5,15.5,15.449999809265137,15.449999809265137,1400
2013-07-26,13.41844367980957,15.6899995803833,15.6899995803833,15.449999809265137,15.449999809265137,900
2013-07-29,13.41844367980957,15.6899995803833,15.6899995803833,15.6899995803833,15.6899995803833,100
2013-07-30,13.341475486755371,15.600000381469727,15.600000381469727,15.600000381469727,15.600000381469727,100
2013-07-31,13.341475486755371,15.600000381469727,15.600000381469727,15.600000381469727,15.600000381469727,700
2013-08-01,13.683562278747559,16.0,16.0,15.600000381469727,15.600000381469727,600
2013-08-02,13.563833236694336,15.859999656677246,15.859999656677246,15.600000381469727,15.619999885559082,1300
2013-08-05,13.563833236694336,15.859999656677246,15.859999656677246,15.859999656677246,15.859999656677246,0
2013-08-06,13.563833236694336,15.859999656677246,15.859999656677246,15.859999656677246,15.859999656677246,0
2013-08-07,13.563833236694336,15.859999656677246,15.859999656677246,15.859999656677246,15.859999656677246,0
2013-08-08,13.683562278747559,16.0,16.0,15.989999771118164,15.989999771118164,400
2013-08-09,13.683562278747559,16.0,16.299999237060547,16.0,16.020000457763672,3600
2013-08-12,13.683562278747559,16.0,16.0,16.0,16.0,18000
2013-08-13,13.717774391174316,16.040000915527344,16.040000915527344,16.040000915527344,16.040000915527344,100
2013-08-14,13.726322174072266,16.049999237060547,16.049999237060547,16.049999237060547,16.049999237060547,200
2013-08-15,13.726322174072266,16.049999237060547,16.049999237060547,16.049999237060547,16.049999237060547,0
2013-08-16,13.692116737365723,16.010000228881836,16.010000228881836,16.010000228881836,16.010000228881836,600
2013-08-19,13.692116737365723,16.010000228881836,16.010000228881836,16.010000228881836,16.010000228881836,600
2013-08-20,13.769083976745605,16.100000381469727,16.100000381469727,16.030000686645508,16.030000686645508,300
2013-08-21,13.769083976745605,16.100000381469727,16.110000610351562,16.100000381469727,16.110000610351562,400
2013-08-22,13.769083976745605,16.100000381469727,16.100000381469727,16.100000381469727,16.100000381469727,0
2013-08-23,13.769083976745605,16.100000381469727,16.100000381469727,16.100000381469727,16.100000381469727,0
2013-08-26,13.64935302734375,15.960000038146973,16.079999923706055,15.960000038146973,16.030000686645508,700
2013-08-27,13.751978874206543,16.079999923706055,16.079999923706055,16.049999237060547,16.049999237060547,500
2013-08-28,13.666459083557129,15.979999542236328,15.979999542236328,15.979999542236328,15.979999542236328,100
2013-08-29,13.751978874206543,16.079999923706055,16.079999923706055,16.030000686645508,16.030000686645508,200
2013-08-30,13.717774391174316,16.040000915527344,16.049999237060547,16.040000915527344,16.049999237060547,200
2013-09-03,13.751978874206543,16.079999923706055,16.079999923706055,15.5600004196167,16.079999923706055,800
2013-09-04,13.512518882751465,15.800000190734863,15.899999618530273,15.800000190734863,15.800000190734863,1400
2013-09-05,13.67501163482666,15.989999771118164,16.0,15.800000190734863,15.850000381469727,1300
2013-09-06,13.683562278747559,16.0,16.0,16.0,16.0,100
2013-09-09,13.683562278747559,16.0,16.0,15.819999694824219,15.819999694824219,900
2013-09-10,13.512518882751465,15.800000190734863,16.0,15.800000190734863,16.0,300
2013-09-11,13.683562278747559,16.0,16.0,16.0,16.0,100
2013-09-12,13.512518882751465,15.800000190734863,15.800000190734863,15.800000190734863,15.800000190734863,300
2013-09-13,13.683562278747559,16.0,16.0,16.0,16.0,3100
2013-09-16,13.657906532287598,15.970000267028809,15.970000267028809,15.970000267028809,15.970000267028809,100
2013-09-17,13.657906532287598,15.970000267028809,15.970000267028809,15.970000267028809,15.970000267028809,0
2013-09-18,13.760530471801758,16.09000015258789,16.09000015258789,16.0,16.0,1100
2013-09-19,13.803424835205078,16.09000015258789,16.09000015258789,16.09000015258789,16.09000015258789,0
2013-09-20,13.812006950378418,16.100000381469727,16.25,16.100000381469727,16.25,1400
2013-09-23,13.751955032348633,16.030000686645508,16.049999237060547,16.0,16.049999237060547,400
2013-09-24,13.992161750793457,16.309999465942383,16.309999465942383,16.219999313354492,16.219999313354492,1900
2013-09-25,13.897795677185059,16.200000762939453,16.5,16.200000762939453,16.5,600
2013-09-26,13.897795677185059,16.200000762939453,16.200000762939453,16.200000762939453,16.200000762939453,600
2013-09-27,13.897795677185059,16.200000762939453,16.200000762939453,16.200000762939453,16.200000762939453,0
2013-09-30,13.812006950378418,16.100000381469727,16.100000381469727,16.0,16.079999923706055,21400
2013-10-01,13.726218223571777,16.0,16.0,16.0,16.0,2100
2013-10-02,13.726218223571777,16.0,16.0,16.0,16.0,0
2013-10-03,13.897795677185059,16.200000762939453,16.200000762939453,16.200000762939453,16.200000762939453,700
2013-10-04,13.726218223571777,16.0,16.25,16.0,16.229999542236328,5500
2013-10-07,13.726218223571777,16.0,16.0,16.0,16.0,0
2013-10-08,13.726218223571777,16.0,16.0,16.0,16.0,500
2013-10-09,13.726218223571777,16.0,16.0,16.0,16.0,600
2013-10-10,13.751955032348633,16.030000686645508,16.030000686645508,16.030000686645508,16.030000686645508,200
2013-10-11,13.751955032348633,16.030000686645508,16.030000686645508,16.030000686645508,16.030000686645508,0
2013-10-14,13.751955032348633,16.030000686645508,16.030000686645508,16.030000686645508,16.030000686645508,0
2013-10-15,13.751955032348633,16.030000686645508,16.030000686645508,16.030000686645508,16.030000686645508,0
2013-10-16,13.794849395751953,16.079999923706055,16.079999923706055,16.079999923706055,16.079999923706055,300
2013-10-17,14.009321212768555,16.329999923706055,16.329999923706055,16.100000381469727,16.100000381469727,9100
2013-10-18,14.009321212768555,16.329999923706055,16.329999923706055,16.329999923706055,16.329999923706055,0
2013-10-21,14.000741004943848,16.31999969482422,16.31999969482422,16.0,16.31999969482422,33300
2013-10-22,13.897795677185059,16.200000762939453,16.399999618530273,16.100000381469727,16.350000381469727,5200
2013-10-23,13.906373023986816,16.209999084472656,16.209999084472656,16.209999084472656,16.209999084472656,100
2013-10-24,13.94068717956543,16.25,16.260000228881836,16.25,16.260000228881836,200
2013-10-25,13.94068717956543,16.25,16.350000381469727,16.25,16.350000381469727,200
2013-10-28,13.94068717956543,16.25,16.25,16.25,16.25,100
2013-10-29,13.983582496643066,16.299999237060547,16.299999237060547,16.25,16.25,300
2013-10-30,14.06937313079834,16.399999618530273,16.450000762939453,16.350000381469727,16.350000381469727,15800
2013-10-31,14.11226749420166,16.450000762939453,16.450000762939453,16.440000534057617,16.450000762939453,2700
2013-11-01,14.103690147399902,16.440000534057617,16.440000534057617,16.440000534057617,16.440000534057617,600
2013-11-04,14.02647876739502,16.350000381469727,16.350000381469727,16.350000381469727,16.350000381469727,500
2013-11-05,14.11226749420166,16.450000762939453,16.450000762939453,16.450000762939453,16.450000762939453,500
2013-11-06,14.02647876739502,16.350000381469727,16.450000762939453,16.350000381469727,16.450000762939453,1200
2013-11-07,14.02647876739502,16.350000381469727,16.350000381469727,16.350000381469727,16.350000381469727,200
2013-11-08,14.02647876739502,16.350000381469727,16.360000610351562,16.350000381469727,16.360000610351562,900
2013-11-11,14.06937313079834,16.399999618530273,16.399999618530273,16.399999618530273,16.399999618530273,600
2013-11-12,14.11226749420166,16.450000762939453,16.549999237060547,16.399999618530273,16.440000534057617,15100
2013-11-13,14.15516471862793,16.5,16.600000381469727,16.450000762939453,16.5,29100
2013-11-14,14.15516471862793,16.5,16.510000228881836,16.5,16.510000228881836,2700
2013-11-15,14.06937313079834,16.399999618530273,16.59000015258789,16.399999618530273,16.59000015258789,16500
2013-11-18,14.06937313079834,16.399999618530273,16.5,16.399999618530273,16.5,1000
2013-11-19,14.06937313079834,16.399999618530273,16.399999618530273,16.399999618530273,16.399999618530273,2400
2013-11-20,14.22379207611084,16.579999923706055,16.579999923706055,16.399999618530273,16.399999618530273,700
2013-11-21,14.15516471862793,16.5,16.600000381469727,16.5,16.559999465942383,30300
2013-11-22,14.15516471862793,16.5,16.5,16.5,16.5,0
2013-11-25,14.15516471862793,16.5,16.5,16.5,16.5,33600
2013-11-26,14.11226749420166,16.450000762939453,16.5,16.450000762939453,16.5,300
2013-11-27,14.146581649780273,16.489999771118164,16.489999771118164,16.450000762939453,16.450000762939453,200
2013-11-29,14.06937313079834,16.399999618530273,16.450000762939453,16.399999618530273,16.450000762939453,5000
2013-12-02,14.120845794677734,16.459999084472656,16.5,16.450000762939453,16.450000762939453,37700
2013-12-03,14.15516471862793,16.5,16.5,16.489999771118164,16.5,1200
2013-12-04,14.163741111755371,16.510000228881836,16.84000015258789,16.510000228881836,16.56999969482422,500
2013-12-05,14.163741111755371,16.510000228881836,16.510000228881836,16.510000228881836,16.510000228881836,0
2013-12-06,14.26668930053711,16.6299991607666,16.6299991607666,16.6299991607666,16.6299991607666,700
2013-12-09,14.352476119995117,16.729999542236328,16.729999542236328,16.729999542236328,16.729999542236328,15100
2013-12-10,14.26668930053711,16.6299991607666,16.6299991607666,16.6200008392334,16.6200008392334,200
2013-12-11,14.26668930053711,16.6299991607666,16.6299991607666,16.6299991607666,16.6299991607666,0
2013-12-12,14.26668930053711,16.6299991607666,16.6299991607666,16.6299991607666,16.6299991607666,0
2013-12-13,14.26668930053711,16.6299991607666,16.6299991607666,16.6299991607666,16.6299991607666,0
2013-12-16,14.326740264892578,16.700000762939453,16.739999771118164,16.549999237060547,16.549999237060547,51300
2013-12-17,14.326740264892578,16.700000762939453,16.700000762939453,16.700000762939453,16.700000762939453,0
2013-12-18,14.412527084350586,16.799999237060547,16.799999237060547,16.600000381469727,16.600000381469727,700
2013-12-19,14.292424201965332,16.65999984741211,16.68000030517578,16.649999618530273,16.649999618530273,18500
2013-12-20,14.283846855163574,16.649999618530273,16.690000534057617,16.639999389648438,16.65999984741211,5200
2013-12-23,14.489736557006836,16.889999389648438,16.899999618530273,16.700000762939453,16.700000762939453,7400
2013-12-24,14.455425262451172,16.850000381469727,16.889999389648438,16.850000381469727,16.889999389648438,15100
2013-12-26,14.326740264892578,16.700000762939453,16.809999465942383,16.600000381469727,16.809999465942383,1300
2013-12-27,14.421107292175293,16.809999465942383,16.809999465942383,16.809999465942383,16.809999465942383,2400
2013-12-30,14.421107292175293,16.809999465942383,16.809999465942383,16.809999465942383,16.809999465942383,0
2013-12-31,14.326740264892578,16.700000762939453,16.700000762939453,16.5,16.600000381469727,500
2014-01-02,14.326740264892578,16.700000762939453,16.719999313354492,16.700000762939453,16.700000762939453,4400
2014-01-03,14.524052619934082,16.93000030517578,16.93000030517578,16.899999618530273,16.899999618530273,3200
2014-01-06,14.489736557006836,16.889999389648438,16.889999389648438,16.809999465942383,16.889999389648438,17100
2014-01-07,14.464001655578613,16.860000610351562,16.860000610351562,16.860000610351562,16.860000610351562,3300
2014-01-08,14.464001655578613,16.860000610351562,16.860000610351562,16.860000610351562,16.860000610351562,0
2014-01-09,14.455425262451172,16.850000381469727,16.850000381469727,16.850000381469727,16.850000381469727,3900
2014-01-10,14.472585678100586,16.8700008392334,16.8700008392334,16.8700008392334,16.8700008392334,200
2014-01-13,14.472585678100586,16.8700008392334,16.8700008392334,16.8700008392334,16.8700008392334,0
2014-01-14,14.57552719116211,16.989999771118164,16.989999771118164,16.979999542236328,16.979999542236328,200
2014-01-15,14.541213989257812,16.950000762939453,16.950000762939453,16.950000762939453,16.950000762939453,2300
2014-01-16,14.498316764831543,16.899999618530273,17.040000915527344,16.899999618530273,17.040000915527344,300
2014-01-17,14.498316764831543,16.899999618530273,16.899999618530273,16.899999618530273,16.899999618530273,0
2014-01-21,14.524052619934082,16.93000030517578,16.979999542236328,16.93000030517578,16.979999542236328,1600
2014-01-22,14.412527084350586,16.799999237060547,16.950000762939453,16.799999237060547,16.950000762939453,18800
2014-01-23,14.412527084350586,16.799999237060547,16.809999465942383,16.799999237060547,16.809999465942383,1200
2014-01-24,14.412527084350586,16.799999237060547,16.799999237060547,16.799999237060547,16.799999237060547,200
2014-01-27,14.412527084350586,16.799999237060547,16.8700008392334,16.799999237060547,16.799999237060547,3900
2014-01-28,14.326740264892578,16.700000762939453,16.700000762939453,16.700000762939453,16.700000762939453,5000
2014-01-29,14.240948677062988,16.600000381469727,16.600000381469727,16.600000381469727,16.600000381469727,900
2014-01-30,14.249528884887695,16.610000610351562,16.719999313354492,16.600000381469727,16.610000610351562,1600
2014-01-31,14.421107292175293,16.809999465942383,16.809999465942383,16.600000381469727,16.600000381469727,600
2014-02-03,14.369632720947266,16.75,16.75,16.739999771118164,16.739999771118164,600
2014-02-04,14.15516471862793,16.5,16.809999465942383,16.5,16.809999465942383,16000
2014-02-05,14.15516471862793,16.5,16.5,16.5,16.5,0
2014-02-06,14.15516471862793,16.5,16.5,16.5,16.5,300
2014-02-07,14.15516471862793,16.5,16.5,16.5,16.5,0
2014-02-10,14.335319519042969,16.709999084472656,16.709999084472656,16.709999084472656,16.709999084472656,100
2014-02-11,14.318161010742188,16.690000534057617,16.690000534057617,16.690000534057617,16.690000534057617,200
2014-02-12,14.318161010742188,16.690000534057617,16.690000534057617,16.690000534057617,16.690000534057617,0
2014-02-13,14.06937313079834,16.399999618530273,16.399999618530273,16.399999618530273,16.399999618530273,1000
2014-02-14,14.06937313079834,16.399999618530273,16.399999618530273,16.399999618530273,16.399999618530273,400
2014-02-18,14.095109939575195,16.43000030517578,16.43000030517578,16.399999618530273,16.399999618530273,400
2014-02-19,14.095109939575195,16.43000030517578,16.43000030517578,16.43000030517578,16.43000030517578,0
2014-02-20,14.120845794677734,16.459999084472656,16.459999084472656,16.459999084472656,16.459999084472656,200
2014-02-21,14.120845794677734,16.459999084472656,16.459999084472656,16.459999084472656,16.459999084472656,0
2014-02-24,14.146581649780273,16.489999771118164,16.540000915527344,16.489999771118164,16.540000915527344,400
2014-02-25,14.146581649780273,16.489999771118164,16.489999771118164,16.489999771118164,16.489999771118164,0
2014-02-26,14.146581649780273,16.489999771118164,16.489999771118164,16.489999771118164,16.489999771118164,0
2014-02-27,14.129423141479492,16.469999313354492,16.469999313354492,16.450000762939453,16.450000762939453,6200
2014-02-28,14.309582710266113,16.68000030517578,16.68000030517578,16.450000762939453,16.450000762939453,1000
2014-03-03,14.11226749420166,16.450000762939453,16.469999313354492,16.450000762939453,16.469999313354492,6100
2014-03-04,14.086530685424805,16.420000076293945,16.469999313354492,16.399999618530273,16.399999618530273,700
2014-03-05,14.086530685424805,16.420000076293945,16.440000534057617,16.420000076293945,16.440000534057617,500
2014-03-06,14.086530685424805,16.420000076293945,16.420000076293945,16.420000076293945,16.420000076293945,0
2014-03-07,14.086530685424805,16.420000076293945,16.420000076293945,16.399999618530273,16.399999618530273,500
2014-03-10,14.086530685424805,16.420000076293945,16.420000076293945,16.399999618530273,16.40999984741211,1200
2014-03-11,14.11226749420166,16.450000762939453,16.450000762939453,16.450000762939453,16.450000762939453,2100
2014-03-12,14.11226749420166,16.450000762939453,16.450000762939453,16.450000762939453,16.450000762939453,300
2014-03-13,14.11226749420166,16.450000762939453,16.450000762939453,16.450000762939453,16.450000762939453,100
2014-03-14,14.11226749420166,16.450000762939453,16.450000762939453,16.450000762939453,16.450000762939453,0
2014-03-17,14.06937313079834,16.399999618530273,16.450000762939453,16.399999618530273,16.450000762939453,1900
2014-03-18,14.06937313079834,16.399999618530273,16.399999618530273,16.399999618530273,16.399999618530273,700
2014-03-19,13.983582496643066,16.299999237060547,16.350000381469727,16.25,16.25,600
2014-03-20,14.02660846710205,16.299999237060547,16.43000030517578,16.299999237060547,16.43000030517578,400
2014-03-21,14.0180082321167,16.290000915527344,16.309999465942383,16.239999771118164,16.309999465942383,11300
2014-03-24,14.0180082321167,16.290000915527344,16.290000915527344,16.290000915527344,16.290000915527344,0
2014-03-25,13.940558433532715,16.200000762939453,16.200000762939453,16.200000762939453,16.200000762939453,500
2014-03-26,13.940558433532715,16.200000762939453,16.200000762939453,16.200000762939453,16.200000762939453,0
2014-03-27,13.940558433532715,16.200000762939453,16.200000762939453,16.200000762939453,16.200000762939453,900
2014-03-28,13.940558433532715,16.200000762939453,16.219999313354492,16.200000762939453,16.200000762939453,800
2014-03-31,13.992188453674316,16.260000228881836,16.260000228881836,16.200000762939453,16.200000762939453,27800
2014-04-01,13.992188453674316,16.260000228881836,16.260000228881836,16.260000228881836,16.260000228881836,0
2014-04-02,13.940558433532715,16.200000762939453,16.209999084472656,16.100000381469727,16.209999084472656,5900
2014-04-03,13.940558433532715,16.200000762939453,16.200000762939453,16.200000762939453,16.200000762939453,0
2014-04-04,13.837294578552246,16.079999923706055,16.1200008392334,16.079999923706055,16.1200008392334,5200
2014-04-07,13.854506492614746,16.100000381469727,16.18000030517578,16.100000381469727,16.18000030517578,2100
2014-04-08,13.854506492614746,16.100000381469727,16.190000534057617,16.100000381469727,16.18000030517578,500
2014-04-09,13.854506492614746,16.100000381469727,16.100000381469727,16.100000381469727,16.100000381469727,0
2014-04-10,13.854506492614746,16.100000381469727,16.100000381469727,16.100000381469727,16.100000381469727,0
2014-04-11,13.914742469787598,16.170000076293945,16.18000030517578,16.170000076293945,16.18000030517578,400
2014-04-14,13.940558433532715,16.200000762939453,16.200000762939453,16.200000762939453,16.200000762939453,200
2014-04-15,13.854506492614746,16.100000381469727,16.200000762939453,16.100000381469727,16.1299991607666,7300
2014-04-16,13.768452644348145,16.0,16.030000686645508,16.0,16.030000686645508,200
2014-04-17,13.820085525512695,16.059999465942383,16.059999465942383,16.059999465942383,16.059999465942383,200
2014-04-21,13.880321502685547,16.1299991607666,16.139999389648438,16.1299991607666,16.1299991607666,400
2014-04-22,13.897529602050781,16.149999618530273,16.149999618530273,16.1299991607666,16.1299991607666,2700
2014-04-23,13.897529602050781,16.149999618530273,16.149999618530273,16.149999618530273,16.149999618530273,0
2014-04-24,13.897529602050781,16.149999618530273,16.149999618530273,16.149999618530273,16.149999618530273,0
2014-04-25,13.768452644348145,16.0,16.020000457763672,16.0,16.020000457763672,8200
2014-04-28,13.768452644348145,16.0,16.0,15.989999771118164,16.0,1500
2014-04-29,13.768452644348145,16.0,16.0,16.0,16.0,0
2014-04-30,13.725425720214844,15.949999809265137,15.949999809265137,15.949999809265137,15.949999809265137,14000
2014-05-01,13.768452644348145,16.0,16.0,16.0,16.0,200
2014-05-02,13.768452644348145,16.0,16.0,16.0,16.0,0
2014-05-05,13.725425720214844,15.949999809265137,15.949999809265137,15.899999618530273,15.949999809265137,1500
2014-05-06,13.716821670532227,15.9399995803833,16.15999984741211,15.9399995803833,15.949999809265137,10800
2014-05-07,13.794269561767578,16.030000686645508,16.100000381469727,15.989999771118164,15.989999771118164,900
2014-05-08,13.940558433532715,16.200000762939453,16.200000762939453,15.989999771118164,16.09000015258789,1800
2014-05-09,13.940558433532715,16.200000762939453,16.200000762939453,16.200000762939453,16.200000762939453,0
2014-05-12,13.777059555053711,16.010000228881836,16.010000228881836,16.010000228881836,16.010000228881836,300
2014-05-13,13.777059555053711,16.010000228881836,16.010000228881836,16.010000228881836,16.010000228881836,0
2014-05-14,13.820085525512695,16.059999465942383,16.059999465942383,16.059999465942383,16.059999465942383,300
2014-05-15,13.854506492614746,16.100000381469727,16.100000381469727,16.100000381469727,16.100000381469727,300
2014-05-16,13.854506492614746,16.100000381469727,16.100000381469727,16.100000381469727,16.100000381469727,0
2014-05-19,13.854506492614746,16.100000381469727,16.100000381469727,16.100000381469727,16.100000381469727,0
2014-05-20,13.854506492614746,16.100000381469727,16.100000381469727,16.100000381469727,16.100000381469727,0
2014-05-21,13.854506492614746,16.100000381469727,16.100000381469727,16.100000381469727,16.100000381469727,0
2014-05-22,13.854506492614746,16.100000381469727,16.100000381469727,16.100000381469727,16.100000381469727,0
2014-05-23,13.854506492614746,16.100000381469727,16.100000381469727,16.100000381469727,16.100000381469727,0
2014-05-27,14.241743087768555,16.549999237060547,16.549999237060547,16.3799991607666,16.399999618530273,7900
2014-05-28,14.241743087768555,16.549999237060547,16.549999237060547,16.549999237060547,16.549999237060547,0
2014-05-29,14.370821952819824,16.700000762939453,16.700000762939453,16.5,16.5,50400
2014-05-30,14.198719024658203,16.5,16.709999084472656,16.5,16.700000762939453,5800
2014-06-02,14.284767150878906,16.600000381469727,16.600000381469727,16.399999618530273,16.40999984741211,2600
2014-06-03,14.284767150878906,16.600000381469727,16.600000381469727,16.600000381469727,16.600000381469727,0
2014-06-04,14.198719024658203,16.5,16.5,16.5,16.5,900
2014-06-05,14.198719024658203,16.5,16.520000457763672,16.5,16.520000457763672,500
2014-06-06,14.258954048156738,16.56999969482422,16.56999969482422,16.5,16.5,700
2014-06-09,14.258954048156738,16.56999969482422,16.56999969482422,16.56999969482422,16.56999969482422,0
2014-06-10,14.276165962219238,16.59000015258789,16.59000015258789,16.399999618530273,16.489999771118164,3300
2014-06-11,14.258954048156738,16.56999969482422,16.56999969482422,16.5,16.5,2000
2014-06-12,14.258954048156738,16.56999969482422,16.56999969482422,16.56999969482422,16.56999969482422,0
2014-06-13,14.258954048156738,16.56999969482422,16.56999969482422,16.56999969482422,16.56999969482422,0
2014-06-16,14.258954048156738,16.56999969482422,16.56999969482422,16.56999969482422,16.56999969482422,0
2014-06-17,14.215926170349121,16.520000457763672,16.520000457763672,16.520000457763672,16.520000457763672,200
2014-06-18,14.0352144241333,16.309999465942383,16.510000228881836,16.309999465942383,16.510000228881836,3000
2014-06-19,14.0352144241333,16.309999465942383,16.309999465942383,16.309999465942383,16.309999465942383,0
2014-06-20,14.35361099243164,16.68000030517578,16.68000030517578,16.31999969482422,16.31999969482422,400
2014-06-23,14.069637298583984,16.350000381469727,16.350000381469727,16.350000381469727,16.350000381469727,200
2014-06-24,14.069637298583984,16.350000381469727,16.350000381469727,16.31999969482422,16.31999969482422,200
2014-06-25,14.069637298583984,16.350000381469727,16.350000381469727,16.350000381469727,16.350000381469727,0
2014-06-26,14.069637298583984,16.350000381469727,16.350000381469727,16.350000381469727,16.350000381469727,0
2014-06-27,14.069637298583984,16.350000381469727,16.350000381469727,16.31999969482422,16.329999923706055,3000
2014-06-30,14.190109252929688,16.489999771118164,16.540000915527344,16.350000381469727,16.350000381469727,56400
2014-07-01,14.190109252929688,16.489999771118164,16.489999771118164,16.489999771118164,16.489999771118164,0
2014-07-02,14.190109252929688,16.489999771118164,16.489999771118164,16.489999771118164,16.489999771118164,0
2014-07-03,14.327796936035156,16.649999618530273,16.68000030517578,16.479999542236328,16.649999618530273,8500
2014-07-07,14.250346183776855,16.559999465942383,16.68000030517578,16.559999465942383,16.68000030517578,600
2014-07-08,14.35361099243164,16.68000030517578,16.68000030517578,16.68000030517578,16.68000030517578,200
2014-07-09,14.35361099243164,16.68000030517578,16.68000030517578,16.68000030517578,16.68000030517578,200
2014-07-10,14.370821952819824,16.700000762939453,16.700000762939453,16.600000381469727,16.6200008392334,16000
2014-07-11,14.379427909851074,16.709999084472656,16.770000457763672,16.600000381469727,16.600000381469727,5500
2014-07-14,14.59455680847168,16.959999084472656,16.959999084472656,16.959999084472656,16.959999084472656,800
2014-07-15,14.551529884338379,16.90999984741211,16.959999084472656,16.709999084472656,16.959999084472656,11500
2014-07-16,14.551529884338379,16.90999984741211,16.920000076293945,16.889999389648438,16.920000076293945,1100
2014-07-17,14.628978729248047,17.0,17.0,16.989999771118164,17.0,1700
2014-07-18,14.801088333129883,17.200000762939453,17.25,17.010000228881836,17.059999465942383,2600
2014-07-21,14.628978729248047,17.0,17.229999542236328,17.0,17.229999542236328,3300
2014-07-22,14.628978729248047,17.0,17.0,17.0,17.0,0
2014-07-23,14.628978729248047,17.0,17.0,17.0,17.0,0
2014-07-24,14.628978729248047,17.0,17.0,17.0,17.0,700
2014-07-25,14.620375633239746,16.989999771118164,16.989999771118164,16.75,16.760000228881836,1500
2014-07-28,14.758060455322266,17.149999618530273,17.440000534057617,17.049999237060547,17.049999237060547,34200
2014-07-29,14.826900482177734,17.229999542236328,17.399999618530273,16.760000228881836,17.049999237060547,25300
2014-07-30,14.930166244506836,17.350000381469727,17.489999771118164,16.829999923706055,17.229999542236328,12700
2014-07-31,14.551529884338379,16.90999984741211,17.299999237060547,16.90999984741211,17.149999618530273,6500
2014-08-01,14.301980972290039,16.6200008392334,16.899999618530273,16.549999237060547,16.729999542236328,7300
2014-08-04,14.405241966247559,16.739999771118164,17.299999237060547,16.559999465942383,16.559999465942383,8800
2014-08-05,14.69782543182373,17.079999923706055,17.110000610351562,16.639999389648438,16.90999984741211,2800
2014-08-06,14.852720260620117,17.260000228881836,17.260000228881836,17.260000228881836,17.260000228881836,100
2014-08-07,14.65479850769043,17.030000686645508,17.350000381469727,16.75,17.350000381469727,25700
2014-08-08,14.49990463256836,16.850000381469727,16.979999542236328,16.700000762939453,16.799999237060547,5600
2014-08-11,14.663403511047363,17.040000915527344,17.309999465942383,17.040000915527344,17.309999465942383,1400
2014-08-12,14.413846969604492,16.75,17.299999237060547,16.75,17.299999237060547,1200
2014-08-13,14.826900482177734,17.229999542236328,17.479999542236328,16.770000457763672,16.799999237060547,8000
2014-08-14,14.628978729248047,17.0,17.34000015258789,16.899999618530273,17.34000015258789,5400
2014-08-15,14.758060455322266,17.149999618530273,17.229999542236328,17.100000381469727,17.110000610351562,1400
2014-08-18,14.758060455322266,17.149999618530273,17.149999618530273,17.149999618530273,17.149999618530273,0
2014-08-19,14.758060455322266,17.149999618530273,17.149999618530273,17.149999618530273,17.149999618530273,0
2014-08-20,14.672004699707031,17.049999237060547,17.100000381469727,17.049999237060547,17.100000381469727,1000
2014-08-21,14.758060455322266,17.149999618530273,17.149999618530273,17.1299991607666,17.149999618530273,1000
2014-08-22,14.758060455322266,17.149999618530273,17.149999618530273,17.149999618530273,17.149999618530273,0
2014-08-25,14.758060455322266,17.149999618530273,17.149999618530273,17.149999618530273,17.149999618530273,0
2014-08-26,14.740848541259766,17.1299991607666,17.280000686645508,17.1200008392334,17.149999618530273,6700
2014-08-27,14.542927742004395,16.899999618530273,17.329999923706055,16.860000610351562,17.020000457763672,20900
2014-08-28,14.465479850769043,16.809999465942383,17.0,16.549999237060547,16.850000381469727,18500
2014-08-29,14.258954048156738,16.56999969482422,16.56999969482422,16.510000228881836,16.510000228881836,1800
2014-09-02,14.448271751403809,16.790000915527344,16.989999771118164,16.790000915527344,16.989999771118164,800
2014-09-03,14.534320831298828,16.889999389648438,16.889999389648438,16.8799991607666,16.8799991607666,200
2014-09-04,14.413846969604492,16.75,16.75,16.75,16.75,100
2014-09-05,14.628978729248047,17.0,17.0,16.75,16.75,4200
2014-09-08,14.542927742004395,16.899999618530273,16.899999618530273,16.899999618530273,16.899999618530273,400
2014-09-09,14.465479850769043,16.809999465942383,16.809999465942383,16.809999465942383,16.809999465942383,1100
2014-09-10,14.465479850769043,16.809999465942383,16.809999465942383,16.809999465942383,16.809999465942383,200
2014-09-11,14.51711654663086,16.8700008392334,16.899999618530273,16.8700008392334,16.899999618530273,1000
2014-09-12,14.628978729248047,17.0,17.0,16.700000762939453,16.8799991607666,8100
2014-09-15,14.293373107910156,16.610000610351562,16.610000610351562,16.610000610351562,16.610000610351562,200
2014-09-16,14.413846969604492,16.75,16.75,16.639999389648438,16.639999389648438,700
2014-09-17,14.413846969604492,16.75,16.75,16.75,16.75,0
2014-09-18,14.4656343460083,16.760000228881836,16.760000228881836,16.75,16.75,600
2014-09-19,14.62962818145752,16.950000762939453,16.950000762939453,16.770000457763672,16.780000686645508,2700
2014-09-22,14.66414737701416,16.989999771118164,16.989999771118164,16.799999237060547,16.809999465942383,3400
2014-09-23,14.500157356262207,16.799999237060547,16.809999465942383,16.799999237060547,16.809999465942383,300
2014-09-24,14.500157356262207,16.799999237060547,16.799999237060547,16.790000915527344,16.790000915527344,700
2014-09-25,14.500157356262207,16.799999237060547,16.799999237060547,16.799999237060547,16.799999237060547,0
2014-09-26,14.4656343460083,16.760000228881836,16.760000228881836,16.760000228881836,16.760000228881836,500
2014-09-29,14.448369979858398,16.739999771118164,16.739999771118164,16.739999771118164,16.739999771118164,200
2014-09-30,14.448369979858398,16.739999771118164,16.739999771118164,16.739999771118164,16.739999771118164,0
2014-10-01,14.508788108825684,16.809999465942383,16.81999969482422,16.510000228881836,16.510000228881836,300
2014-10-02,14.508788108825684,16.809999465942383,16.809999465942383,16.809999465942383,16.809999465942383,0
2014-10-03,14.517420768737793,16.81999969482422,16.850000381469727,16.799999237060547,16.799999237060547,1300
2014-10-06,14.517420768737793,16.81999969482422,16.81999969482422,16.81999969482422,16.81999969482422,0
2014-10-07,14.586472511291504,16.899999618530273,16.899999618530273,16.799999237060547,16.799999237060547,2500
2014-10-08,14.620990753173828,16.940000534057617,16.950000762939453,16.940000534057617,16.950000762939453,2300
2014-10-09,14.500157356262207,16.799999237060547,16.799999237060547,16.799999237060547,16.799999237060547,200
2014-10-10,14.508788108825684,16.809999465942383,16.809999465942383,16.799999237060547,16.809999465942383,1400
2014-10-13,14.508788108825684,16.809999465942383,16.809999465942383,16.809999465942383,16.809999465942383,0
2014-10-14,14.500157356262207,16.799999237060547,16.81999969482422,16.799999237060547,16.809999465942383,1600
2014-10-15,14.500157356262207,16.799999237060547,16.84000015258789,16.799999237060547,16.84000015258789,1200
2014-10-16,14.500157356262207,16.799999237060547,16.799999237060547,16.799999237060547,16.799999237060547,0
2014-10-17,14.500157356262207,16.799999237060547,16.799999237060547,16.530000686645508,16.530000686645508,700
2014-10-20,14.500157356262207,16.799999237060547,16.799999237060547,16.799999237060547,16.799999237060547,0
2014-10-21,14.500157356262207,16.799999237060547,16.799999237060547,16.799999237060547,16.799999237060547,0
2014-10-22,14.500157356262207,16.799999237060547,16.799999237060547,16.799999237060547,16.799999237060547,1100
2014-10-23,14.603729248046875,16.920000076293945,16.969999313354492,16.920000076293945,16.969999313354492,700
2014-10-24,14.612361907958984,16.93000030517578,16.93000030517578,16.809999465942383,16.809999465942383,500
2014-10-27,14.500157356262207,16.799999237060547,16.799999237060547,16.799999237060547,16.799999237060547,200
2014-10-28,14.500157356262207,16.799999237060547,16.799999237060547,16.799999237060547,16.799999237060547,300
2014-10-29,14.500157356262207,16.799999237060547,16.799999237060547,16.799999237060547,16.799999237060547,0
2014-10-30,14.620990753173828,16.940000534057617,16.940000534057617,16.8799991607666,16.8799991607666,300
2014-10-31,14.543315887451172,16.850000381469727,16.950000762939453,16.81999969482422,16.950000762939453,1000
2014-11-03,14.500157356262207,16.799999237060547,16.889999389648438,16.549999237060547,16.549999237060547,1200
2014-11-04,14.603729248046875,16.920000076293945,16.920000076293945,16.920000076293945,16.920000076293945,200
2014-11-05,14.595100402832031,16.90999984741211,16.920000076293945,16.90999984741211,16.920000076293945,3800
2014-11-06,14.534682273864746,16.84000015258789,16.84000015258789,16.84000015258789,16.84000015258789,600
2014-11-07,14.534682273864746,16.84000015258789,16.84000015258789,16.84000015258789,16.84000015258789,0
2014-11-10,14.534682273864746,16.84000015258789,16.84000015258789,16.84000015258789,16.84000015258789,0
2014-11-11,14.603729248046875,16.920000076293945,16.920000076293945,16.84000015258789,16.84000015258789,200
2014-11-12,14.603729248046875,16.920000076293945,16.920000076293945,16.920000076293945,16.920000076293945,200
2014-11-13,14.603729248046875,16.920000076293945,16.920000076293945,16.920000076293945,16.920000076293945,0
2014-11-14,14.543315887451172,16.850000381469727,16.899999618530273,16.850000381469727,16.899999618530273,300
2014-11-17,14.543315887451172,16.850000381469727,16.850000381469727,16.84000015258789,16.84000015258789,1300
2014-11-18,14.543315887451172,16.850000381469727,16.850000381469727,16.610000610351562,16.610000610351562,2600
2014-11-19,14.543315887451172,16.850000381469727,16.850000381469727,16.850000381469727,16.850000381469727,0
2014-11-20,14.543315887451172,16.850000381469727,16.850000381469727,16.850000381469727,16.850000381469727,100
2014-11-21,14.543315887451172,16.850000381469727,16.850000381469727,16.850000381469727,16.850000381469727,0
2014-11-24,14.543315887451172,16.850000381469727,16.850000381469727,16.850000381469727,16.850000381469727,200
2014-11-25,14.543315887451172,16.850000381469727,16.850000381469727,16.850000381469727,16.850000381469727,0
2014-11-26,14.500157356262207,16.799999237060547,16.850000381469727,16.799999237060547,16.850000381469727,18600
2014-11-28,14.500157356262207,16.799999237060547,16.799999237060547,16.799999237060547,16.799999237060547,0
2014-12-01,14.500157356262207,16.799999237060547,16.799999237060547,16.799999237060547,16.799999237060547,16400
2014-12-02,14.500157356262207,16.799999237060547,16.799999237060547,16.799999237060547,16.799999237060547,3100
2014-12-03,14.413848876953125,16.700000762939453,16.700000762939453,16.700000762939453,16.700000762939453,2900
2014-12-04,14.500157356262207,16.799999237060547,16.799999237060547,16.600000381469727,16.610000610351562,1000
2014-12-05,14.500157356262207,16.799999237060547,16.799999237060547,16.799999237060547,16.799999237060547,500
2014-12-08,14.500157356262207,16.799999237060547,16.799999237060547,16.799999237060547,16.799999237060547,0
2014-12-09,14.534682273864746,16.84000015258789,16.84000015258789,16.799999237060547,16.799999237060547,900
2014-12-10,14.508788108825684,16.809999465942383,16.809999465942383,16.6299991607666,16.6299991607666,1500
2014-12-11,14.500157356262207,16.799999237060547,16.799999237060547,16.799999237060547,16.799999237060547,300
2014-12-12,14.500157356262207,16.799999237060547,16.799999237060547,16.799999237060547,16.799999237060547,0
2014-12-15,14.500157356262207,16.799999237060547,16.799999237060547,16.799999237060547,16.799999237060547,0
2014-12-16,14.284378051757812,16.549999237060547,16.799999237060547,16.5,16.520000457763672,55000
2014-12-17,14.293014526367188,16.559999465942383,16.75,16.559999465942383,16.700000762939453,1400
2014-12-18,14.413848876953125,16.700000762939453,16.75,16.700000762939453,16.75,1200
2014-12-19,14.62962818145752,16.950000762939453,16.950000762939453,16.950000762939453,16.950000762939453,0
2014-12-22,14.62962818145752,16.950000762939453,16.950000762939453,16.950000762939453,16.950000762939453,0
2014-12-23,14.52604866027832,16.829999923706055,16.829999923706055,16.829999923706055,16.829999923706055,300
2014-12-24,14.52604866027832,16.829999923706055,16.829999923706055,16.829999923706055,16.829999923706055,0
2014-12-26,14.586472511291504,16.899999618530273,16.899999618530273,16.790000915527344,16.790000915527344,5000
2014-12-29,14.586472511291504,16.899999618530273,16.899999618530273,16.899999618530273,16.899999618530273,0
2014-12-30,14.586472511291504,16.899999618530273,16.899999618530273,16.899999618530273,16.899999618530273,0
2014-12-31,14.595100402832031,16.90999984741211,16.940000534057617,16.899999618530273,16.940000534057617,700
2015-01-02,14.595100402832031,16.90999984741211,16.90999984741211,16.90999984741211,16.90999984741211,0
2015-01-05,14.396588325500488,16.68000030517578,16.68000030517578,16.68000030517578,16.68000030517578,3000
2015-01-06,14.396588325500488,16.68000030517578,16.68000030517578,16.68000030517578,16.68000030517578,200
2015-01-07,14.457000732421875,16.75,16.950000762939453,16.75,16.799999237060547,10800
2015-01-08,14.396588325500488,16.68000030517578,16.81999969482422,16.68000030517578,16.81999969482422,3700
2015-01-09,14.491527557373047,16.790000915527344,16.790000915527344,16.600000381469727,16.600000381469727,600
2015-01-12,14.33617115020752,16.610000610351562,16.850000381469727,16.610000610351562,16.84000015258789,3100
2015-01-13,14.500157356262207,16.799999237060547,16.799999237060547,16.790000915527344,16.790000915527344,700
2015-01-14,14.413848876953125,16.700000762939453,16.700000762939453,16.700000762939453,16.700000762939453,1000
2015-01-15,14.318909645080566,16.59000015258789,16.700000762939453,16.5,16.700000762939453,1800
2015-01-16,14.275753021240234,16.540000915527344,16.540000915527344,16.540000915527344,16.540000915527344,100
2015-01-20,14.241227149963379,16.5,16.5,16.5,16.5,1100
2015-01-21,14.370694160461426,16.649999618530273,16.649999618530273,16.559999465942383,16.559999465942383,1600
2015-01-22,14.370694160461426,16.649999618530273,16.649999618530273,16.649999618530273,16.649999618530273,0
2015-01-23,14.413848876953125,16.700000762939453,16.700000762939453,16.700000762939453,16.700000762939453,300
2015-01-26,14.353432655334473,16.6299991607666,16.6299991607666,16.6299991607666,16.6299991607666,200
2015-01-27,14.353432655334473,16.6299991607666,16.6299991607666,16.6299991607666,16.6299991607666,0
2015-01-28,14.32753849029541,16.600000381469727,16.600000381469727,16.600000381469727,16.600000381469727,400
2015-01-29,14.508788108825684,16.809999465942383,16.809999465942383,16.700000762939453,16.709999084472656,3900
2015-01-30,14.370694160461426,16.649999618530273,16.649999618530273,16.600000381469727,16.600000381469727,23400
2015-02-02,14.370694160461426,16.649999618530273,16.649999618530273,16.649999618530273,16.649999618530273,0
2015-02-03,14.52604866027832,16.829999923706055,16.850000381469727,16.600000381469727,16.600000381469727,3100
2015-02-04,14.413848876953125,16.700000762939453,16.700000762939453,16.510000228881836,16.510000228881836,500
2015-02-05,14.413848876953125,16.700000762939453,16.700000762939453,16.700000762939453,16.700000762939453,0
2015-02-06,14.413848876953125,16.700000762939453,16.700000762939453,16.700000762939453,16.700000762939453,0
2015-02-09,14.413848876953125,16.700000762939453,16.700000762939453,16.700000762939453,16.700000762939453,0
2015-02-10,14.413848876953125,16.700000762939453,16.700000762939453,16.700000762939453,16.700000762939453,0
2015-02-11,14.413848876953125,16.700000762939453,16.700000762939453,16.700000762939453,16.700000762939453,0
2015-02-12,14.413848876953125,16.700000762939453,16.700000762939453,16.700000762939453,16.700000762939453,800
2015-02-13,14.413848876953125,16.700000762939453,16.700000762939453,16.700000762939453,16.700000762939453,0
2015-02-17,14.413848876953125,16.700000762939453,16.700000762939453,16.700000762939453,16.700000762939453,600
2015-02-18,14.413848876953125,16.700000762939453,16.700000762939453,16.700000762939453,16.700000762939453,300
2015-02-19,14.595100402832031,16.90999984741211,16.90999984741211,16.84000015258789,16.84000015258789,1700
2015-02-20,14.457000732421875,16.75,16.770000457763672,16.75,16.760000228881836,1400
2015-02-23,14.517420768737793,16.81999969482422,16.81999969482422,16.81999969482422,16.81999969482422,200
2015-02-24,14.517420768737793,16.81999969482422,16.850000381469727,16.799999237060547,16.829999923706055,4300
2015-02-25,14.517420768737793,16.81999969482422,16.81999969482422,16.81999969482422,16.81999969482422,0
2015-02-26,14.646882057189941,16.969999313354492,16.969999313354492,16.81999969482422,16.81999969482422,2900
2015-02-27,14.655518531799316,16.979999542236328,17.0,16.850000381469727,16.950000762939453,14000
2015-03-02,14.543315887451172,16.850000381469727,16.8799991607666,16.780000686645508,16.81999969482422,2900
2015-03-03,14.66414737701416,16.989999771118164,17.0,16.969999313354492,16.969999313354492,1200
2015-03-04,14.439741134643555,16.729999542236328,16.729999542236328,16.729999542236328,16.729999542236328,400
2015-03-05,14.439741134643555,16.729999542236328,16.729999542236328,16.729999542236328,16.729999542236328,0
2015-03-06,14.439741134643555,16.729999542236328,16.729999542236328,16.729999542236328,16.729999542236328,0
2015-03-09,14.62962818145752,16.950000762939453,16.950000762939453,16.940000534057617,16.940000534057617,600
2015-03-10,14.32753849029541,16.600000381469727,16.969999313354492,16.600000381469727,16.829999923706055,12700
2015-03-11,14.249857902526855,16.510000228881836,16.600000381469727,16.5,16.510000228881836,26500
2015-03-12,14.249857902526855,16.510000228881836,16.600000381469727,16.5,16.510000228881836,7100
2015-03-13,14.370694160461426,16.649999618530273,16.690000534057617,16.6200008392334,16.6200008392334,3400
2015-03-16,14.413848876953125,16.700000762939453,16.729999542236328,16.649999618530273,16.649999618530273,20500
2015-03-17,14.396588325500488,16.68000030517578,16.700000762939453,16.65999984741211,16.700000762939453,10200
2015-03-18,14.413848876953125,16.700000762939453,16.700000762939453,16.700000762939453,16.700000762939453,6200
2015-03-19,14.370694160461426,16.649999618530273,16.75,16.600000381469727,16.700000762939453,9800
2015-03-20,15.089227676391602,17.43000030517578,17.43000030517578,16.649999618530273,16.649999618530273,56800
2015-03-23,14.716974258422852,17.0,17.0,16.81999969482422,16.899999618530273,5900
2015-03-24,14.933403015136719,17.25,17.25,16.799999237060547,17.0,5800
2015-03-25,14.933403015136719,17.25,17.25,17.25,17.25,0
2015-03-26,14.933403015136719,17.25,17.25,17.25,17.25,0
2015-03-27,14.933403015136719,17.25,17.25,17.25,17.25,0
2015-03-30,14.491890907287598,16.739999771118164,17.020000457763672,16.729999542236328,17.020000457763672,1600
2015-03-31,14.500550270080566,16.75,16.84000015258789,16.75,16.75,2700
2015-04-01,14.474579811096191,16.719999313354492,17.0,16.719999313354492,16.979999542236328,500
2015-04-02,14.2841215133667,16.5,16.729999542236328,16.5,16.709999084472656,4100
2015-04-06,14.336064338684082,16.559999465942383,16.979999542236328,16.510000228881836,16.510000228881836,600
2015-04-07,14.405320167541504,16.639999389648438,16.649999618530273,16.639999389648438,16.649999618530273,500
2015-04-08,14.310093879699707,16.530000686645508,16.530000686645508,16.530000686645508,16.530000686645508,100
2015-04-09,14.379351615905762,16.610000610351562,16.610000610351562,16.610000610351562,16.610000610351562,100
2015-04-10,14.379351615905762,16.610000610351562,16.610000610351562,16.610000610351562,16.610000610351562,200
2015-04-13,14.457263946533203,16.700000762939453,16.850000381469727,16.610000610351562,16.850000381469727,1000
2015-04-14,14.457263946533203,16.700000762939453,16.700000762939453,16.600000381469727,16.600000381469727,500
2015-04-15,14.37069320678711,16.600000381469727,16.700000762939453,16.600000381469727,16.700000762939453,3800
2015-04-16,14.2841215133667,16.5,16.530000686645508,16.5,16.510000228881836,8200
2015-04-17,14.2841215133667,16.5,16.690000534057617,16.5,16.690000534057617,6500
2015-04-20,14.2841215133667,16.5,16.530000686645508,16.5,16.530000686645508,27500
2015-04-21,14.2841215133667,16.5,16.549999237060547,16.5,16.549999237060547,300
2015-04-22,14.413980484008789,16.649999618530273,16.65999984741211,16.5,16.5,3000
2015-04-23,14.2841215133667,16.5,16.510000228881836,16.479999542236328,16.510000228881836,3600
2015-04-24,14.405320167541504,16.639999389648438,16.700000762939453,16.5,16.5,2200
2015-04-27,14.310093879699707,16.530000686645508,16.530000686645508,16.530000686645508,16.530000686645508,200
2015-04-28,14.3966646194458,16.6299991607666,16.6299991607666,16.5,16.510000228881836,22500
2015-04-29,14.37069320678711,16.600000381469727,16.600000381469727,16.549999237060547,16.59000015258789,2100
2015-04-30,14.37069320678711,16.600000381469727,16.600000381469727,16.520000457763672,16.549999237060547,39600
2015-05-01,14.292779922485352,16.510000228881836,16.530000686645508,16.5,16.520000457763672,2700
2015-05-04,14.37069320678711,16.600000381469727,16.610000610351562,16.5,16.5,27600
2015-05-05,14.162924766540527,16.360000610351562,16.700000762939453,16.360000610351562,16.600000381469727,14600
2015-05-06,14.180238723754883,16.3799991607666,16.3799991607666,16.3799991607666,16.3799991607666,100
2015-05-07,14.327406883239746,16.549999237060547,16.549999237060547,16.3700008392334,16.3700008392334,200
2015-05-08,14.318753242492676,16.540000915527344,16.549999237060547,16.3700008392334,16.3700008392334,50600
2015-05-11,14.37069320678711,16.600000381469727,16.860000610351562,16.520000457763672,16.530000686645508,55000
2015-05-12,14.37069320678711,16.600000381469727,16.600000381469727,16.600000381469727,16.600000381469727,100
2015-05-13,14.388008117675781,16.6200008392334,16.649999618530273,16.600000381469727,16.649999618530273,3000
2015-05-14,14.301437377929688,16.520000457763672,16.649999618530273,16.440000534057617,16.440000534057617,300
2015-05-15,14.37069320678711,16.600000381469727,16.600000381469727,16.600000381469727,16.600000381469727,400
2015-05-18,14.379351615905762,16.610000610351562,16.950000762939453,16.610000610351562,16.649999618530273,18400
2015-05-19,14.37069320678711,16.600000381469727,16.639999389648438,16.600000381469727,16.6200008392334,2500
2015-05-20,14.37069320678711,16.600000381469727,16.600000381469727,16.600000381469727,16.600000381469727,100
2015-05-21,14.344721794128418,16.56999969482422,16.600000381469727,16.549999237060547,16.56999969482422,1000
2015-05-22,14.457263946533203,16.700000762939453,16.790000915527344,16.700000762939453,16.700000762939453,2300
2015-05-26,14.327406883239746,16.549999237060547,16.549999237060547,16.549999237060547,16.549999237060547,1000
2015-05-27,14.310093879699707,16.530000686645508,16.549999237060547,16.520000457763672,16.520000457763672,600
2015-05-28,14.439949989318848,16.68000030517578,16.690000534057617,16.530000686645508,16.690000534057617,70600
2015-05-29,14.457263946533203,16.700000762939453,16.709999084472656,16.700000762939453,16.700000762939453,700
2015-06-01,14.561145782470703,16.81999969482422,16.8799991607666,16.81999969482422,16.8799991607666,2000
2015-06-02,14.569803237915039,16.829999923706055,16.850000381469727,16.809999465942383,16.809999465942383,1300
2015-06-03,14.569803237915039,16.829999923706055,16.829999923706055,16.829999923706055,16.829999923706055,0
2015-06-04,14.500550270080566,16.75,16.809999465942383,16.75,16.809999465942383,26000
2015-06-05,14.604434967041016,16.8700008392334,16.899999618530273,16.760000228881836,16.760000228881836,3600
2015-06-08,14.587120056152344,16.850000381469727,16.850000381469727,16.850000381469727,16.850000381469727,800
2015-06-09,14.552490234375,16.809999465942383,16.850000381469727,16.709999084472656,16.829999923706055,5300
2015-06-10,14.54383373260498,16.799999237060547,16.850000381469727,16.75,16.75,6700
2015-06-11,14.344721794128418,16.56999969482422,16.8799991607666,16.56999969482422,16.8799991607666,3200
2015-06-12,14.413980484008789,16.649999618530273,16.690000534057617,16.5,16.59000015258789,8800
2015-06-15,14.587120056152344,16.850000381469727,16.850000381469727,16.770000457763672,16.84000015258789,10600
2015-06-16,14.673694610595703,16.950000762939453,16.950000762939453,16.81999969482422,16.81999969482422,41500
2015-06-17,14.716974258422852,17.0,17.0,16.8799991607666,16.950000762939453,17800
2015-06-18,14.716974258422852,17.0,17.0,16.979999542236328,16.979999542236328,8600
2015-06-19,14.171579360961914,16.3700008392334,17.25,16.3700008392334,16.889999389648438,19300
2015-06-22,14.500550270080566,16.75,16.75,16.75,16.75,600
2015-06-23,14.413980484008789,16.649999618530273,16.760000228881836,16.649999618530273,16.760000228881836,1800
2015-06-24,14.413980484008789,16.649999618530273,16.649999618530273,16.649999618530273,16.649999618530273,0
2015-06-25,14.3966646194458,16.6299991607666,16.6299991607666,16.399999618530273,16.6299991607666,6500
2015-06-26,14.491890907287598,16.739999771118164,16.739999771118164,16.489999771118164,16.489999771118164,1300
2015-06-29,14.483235359191895,16.729999542236328,16.729999542236328,16.670000076293945,16.719999313354492,1200
2015-06-30,14.310093879699707,16.530000686645508,16.729999542236328,16.5,16.530000686645508,500
2015-07-01,14.310093879699707,16.530000686645508,16.530000686645508,16.530000686645508,16.530000686645508,0
2015-07-02,14.448603630065918,16.690000534057617,16.690000534057617,16.649999618530273,16.670000076293945,4000
2015-07-06,14.388008117675781,16.6200008392334,16.780000686645508,16.420000076293945,16.760000228881836,5400
2015-07-07,14.214866638183594,16.420000076293945,16.489999771118164,16.420000076293945,16.459999084472656,800
2015-07-08,14.180238723754883,16.3799991607666,16.479999542236328,16.350000381469727,16.40999984741211,6400
2015-07-09,14.327406883239746,16.549999237060547,16.549999237060547,16.510000228881836,16.510000228881836,300
2015-07-10,14.439949989318848,16.68000030517578,16.68000030517578,16.68000030517578,16.68000030517578,200
2015-07-13,14.206210136413574,16.40999984741211,16.40999984741211,16.40999984741211,16.40999984741211,300
2015-07-14,14.197551727294922,16.399999618530273,16.43000030517578,16.399999618530273,16.399999618530273,2900
2015-07-15,14.197551727294922,16.399999618530273,16.399999618530273,16.399999618530273,16.399999618530273,0
2015-07-16,14.214866638183594,16.420000076293945,16.420000076293945,16.420000076293945,16.420000076293945,100
2015-07-17,14.197551727294922,16.399999618530273,16.399999618530273,16.350000381469727,16.399999618530273,2200
2015-07-20,14.310093879699707,16.530000686645508,16.530000686645508,16.5,16.5,1500
2015-07-21,14.3966646194458,16.6299991607666,16.6299991607666,16.6299991607666,16.6299991607666,200
2015-07-22,14.3966646194458,16.6299991607666,16.6299991607666,16.6299991607666,16.6299991607666,0
2015-07-23,14.413980484008789,16.649999618530273,16.649999618530273,16.649999618530273,16.649999618530273,100
2015-07-24,14.413980484008789,16.649999618530273,16.649999618530273,16.649999618530273,16.649999618530273,0
2015-07-27,14.413980484008789,16.649999618530273,16.649999618530273,16.649999618530273,16.649999618530273,0
2015-07-28,14.3966646194458,16.6299991607666,16.649999618530273,16.6299991607666,16.649999618530273,1800
2015-07-29,14.336064338684082,16.559999465942383,16.649999618530273,16.559999465942383,16.649999618530273,1100
2015-07-30,14.379351615905762,16.610000610351562,16.610000610351562,16.610000610351562,16.610000610351562,100
2015-07-31,14.2841215133667,16.5,16.559999465942383,16.5,16.559999465942383,300
2015-08-03,14.2841215133667,16.5,16.5,16.5,16.5,0
2015-08-04,14.2841215133667,16.5,16.5,16.5,16.5,0
2015-08-05,14.344721794128418,16.56999969482422,16.56999969482422,16.56999969482422,16.56999969482422,100
2015-08-06,14.344721794128418,16.56999969482422,16.56999969482422,16.56999969482422,16.56999969482422,0
2015-08-07,14.327406883239746,16.549999237060547,16.549999237060547,16.549999237060547,16.549999237060547,200
2015-08-10,14.327406883239746,16.549999237060547,16.559999465942383,16.549999237060547,16.549999237060547,6900
2015-08-11,14.500550270080566,16.75,16.75,16.5,16.5,600
2015-08-12,14.388008117675781,16.6200008392334,16.6200008392334,16.5,16.540000915527344,20200
2015-08-13,14.474579811096191,16.719999313354492,16.719999313354492,16.479999542236328,16.479999542236328,200
2015-08-14,14.37069320678711,16.600000381469727,16.68000030517578,16.360000610351562,16.360000610351562,900
2015-08-17,14.37069320678711,16.600000381469727,16.670000076293945,16.5,16.5,7500
2015-08-18,14.37069320678711,16.600000381469727,16.600000381469727,16.5,16.600000381469727,3700
2015-08-19,14.37069320678711,16.600000381469727,16.600000381469727,16.600000381469727,16.600000381469727,0
2015-08-20,14.292779922485352,16.510000228881836,16.729999542236328,16.510000228881836,16.729999542236328,500
2015-08-21,14.2841215133667,16.5,16.5,16.5,16.5,500
2015-08-24,14.2841215133667,16.5,16.510000228881836,16.5,16.5,7500
2015-08-25,14.500550270080566,16.75,16.75,16.700000762939453,16.719999313354492,3600
2015-08-26,14.517864227294922,16.770000457763672,17.0,16.670000076293945,17.0,1500
2015-08-27,14.2841215133667,16.5,17.0,16.5,17.0,200
2015-08-28,14.457263946533203,16.700000762939453,16.700000762939453,16.700000762939453,16.700000762939453,100
2015-08-31,14.587120056152344,16.850000381469727,16.989999771118164,16.760000228881836,16.760000228881836,2000
2015-09-01,14.691001892089844,16.969999313354492,16.969999313354492,16.969999313354492,16.969999313354492,500
2015-09-02,14.639060020446777,16.90999984741211,17.0,16.829999923706055,16.829999923706055,1700
2015-09-03,14.535181045532227,16.790000915527344,16.899999618530273,16.790000915527344,16.899999618530273,700
2015-09-04,14.691001892089844,16.969999313354492,16.989999771118164,16.799999237060547,16.989999771118164,500
2015-09-08,14.465920448303223,16.709999084472656,16.850000381469727,16.700000762939453,16.850000381469727,900
2015-09-09,14.708316802978516,16.989999771118164,17.010000228881836,16.81999969482422,16.81999969482422,34900
2015-09-10,14.916088104248047,17.229999542236328,17.229999542236328,16.700000762939453,17.030000686645508,600
2015-09-11,14.509206771850586,16.760000228881836,16.8799991607666,16.729999542236328,16.729999542236328,1700
2015-09-14,14.552490234375,16.809999465942383,16.81999969482422,16.760000228881836,16.760000228881836,1500
2015-09-15,14.639060020446777,16.90999984741211,16.989999771118164,16.809999465942383,16.809999465942383,1200
2015-09-16,14.630403518676758,16.899999618530273,17.030000686645508,16.899999618530273,17.030000686645508,400
2015-09-17,14.691184997558594,16.920000076293945,16.920000076293945,16.899999618530273,16.899999618530273,1000
2015-09-18,15.021127700805664,17.299999237060547,17.299999237060547,16.899999618530273,17.15999984741211,15200
2015-09-21,14.873518943786621,17.1299991607666,17.43000030517578,17.0,17.43000030517578,3400
2015-09-22,14.673816680908203,16.899999618530273,17.09000015258789,16.739999771118164,17.0,18300
2015-09-23,14.977714538574219,17.25,17.25,17.25,17.25,300
2015-09-24,14.691184997558594,16.920000076293945,17.329999923706055,16.920000076293945,17.010000228881836,8800
2015-09-25,14.691184997558594,16.920000076293945,17.270000457763672,16.920000076293945,17.270000457763672,25800
2015-09-28,14.691184997558594,16.920000076293945,16.920000076293945,16.920000076293945,16.920000076293945,0
2015-09-29,14.934301376342773,17.200000762939453,17.200000762939453,16.899999618530273,16.899999618530273,800
2015-09-30,14.882205963134766,17.139999389648438,17.149999618530273,17.0,17.149999618530273,1000
2015-10-01,14.925619125366211,17.190000534057617,17.190000534057617,17.190000534057617,17.190000534057617,100
2015-10-02,14.830109596252441,17.079999923706055,17.219999313354492,17.079999923706055,17.219999313354492,200
2015-10-05,14.830109596252441,17.079999923706055,17.079999923706055,17.079999923706055,17.079999923706055,0
2015-10-06,14.830109596252441,17.079999923706055,17.079999923706055,17.079999923706055,17.079999923706055,0
2015-10-07,14.725914001464844,16.959999084472656,17.25,16.940000534057617,17.25,7100
2015-10-08,14.725914001464844,16.959999084472656,16.959999084472656,16.959999084472656,16.959999084472656,0
2015-10-09,14.977714538574219,17.25,17.25,16.950000762939453,17.25,7400
2015-10-12,14.795376777648926,17.040000915527344,17.100000381469727,17.030000686645508,17.030000686645508,1100
2015-10-13,14.795376777648926,17.040000915527344,17.110000610351562,17.030000686645508,17.110000610351562,300
2015-10-14,14.812742233276367,17.059999465942383,17.059999465942383,17.010000228881836,17.010000228881836,800
2015-10-15,14.890889167785645,17.149999618530273,17.149999618530273,17.149999618530273,17.149999618530273,500
2015-10-16,14.890889167785645,17.149999618530273,17.149999618530273,17.149999618530273,17.149999618530273,0
2015-10-19,14.934301376342773,17.200000762939453,17.200000762939453,17.200000762939453,17.200000762939453,500
2015-10-20,15.090592384338379,17.3799991607666,17.3799991607666,17.219999313354492,17.219999313354492,3100
2015-10-21,15.090592384338379,17.3799991607666,17.3799991607666,17.3799991607666,17.3799991607666,0
2015-10-22,15.090592384338379,17.3799991607666,17.3799991607666,17.3799991607666,17.3799991607666,0
2015-10-23,14.934301376342773,17.200000762939453,17.299999237060547,17.200000762939453,17.299999237060547,500
2015-10-26,15.021127700805664,17.299999237060547,17.299999237060547,17.299999237060547,17.299999237060547,200
2015-10-27,14.94298267364502,17.209999084472656,17.299999237060547,17.209999084472656,17.299999237060547,600
2015-10-28,14.960346221923828,17.229999542236328,17.25,17.209999084472656,17.209999084472656,1800
2015-10-29,14.977714538574219,17.25,17.25,17.25,17.25,3100
2015-10-30,15.029809951782227,17.309999465942383,17.309999465942383,17.299999237060547,17.299999237060547,1300
2015-11-02,15.134005546569824,17.43000030517578,17.43000030517578,17.43000030517578,17.43000030517578,100
2015-11-03,15.134005546569824,17.43000030517578,17.43000030517578,17.43000030517578,17.43000030517578,0
2015-11-04,15.064539909362793,17.350000381469727,17.43000030517578,17.350000381469727,17.43000030517578,900
2015-11-05,15.064539909362793,17.350000381469727,17.350000381469727,17.350000381469727,17.350000381469727,0
2015-11-06,15.064539909362793,17.350000381469727,17.350000381469727,17.350000381469727,17.350000381469727,0
2015-11-09,15.064539909362793,17.350000381469727,17.350000381469727,17.350000381469727,17.350000381469727,0
2015-11-10,15.064539909362793,17.350000381469727,17.350000381469727,17.350000381469727,17.350000381469727,0
2015-11-11,14.934301376342773,17.200000762939453,17.3700008392334,17.200000762939453,17.3700008392334,1800
2015-11-12,15.064539909362793,17.350000381469727,17.350000381469727,17.31999969482422,17.31999969482422,900
2015-11-13,15.107955932617188,17.399999618530273,17.399999618530273,17.399999618530273,17.399999618530273,500
2015-11-16,15.064539909362793,17.350000381469727,17.43000030517578,17.350000381469727,17.350000381469727,9400
2015-11-17,15.064539909362793,17.350000381469727,17.350000381469727,17.350000381469727,17.350000381469727,0
2015-11-18,15.081910133361816,17.3700008392334,17.3700008392334,17.3700008392334,17.3700008392334,200
2015-11-19,15.081910133361816,17.3700008392334,17.3700008392334,17.3700008392334,17.3700008392334,2200
2015-11-20,15.134005546569824,17.43000030517578,17.530000686645508,17.43000030517578,17.5,20500
2015-11-23,15.186101913452148,17.489999771118164,17.530000686645508,17.43000030517578,17.43000030517578,1000
2015-11-24,15.238195419311523,17.549999237060547,17.549999237060547,17.530000686645508,17.549999237060547,1600
2015-11-25,15.238195419311523,17.549999237060547,17.549999237060547,17.5,17.5,10600
2015-11-27,15.238195419311523,17.549999237060547,17.549999237060547,17.549999237060547,17.549999237060547,100
2015-11-30,15.238195419311523,17.549999237060547,17.549999237060547,17.540000915527344,17.540000915527344,400
2015-12-01,15.238195419311523,17.549999237060547,17.559999465942383,17.549999237060547,17.549999237060547,1900
2015-12-02,15.194781303405762,17.5,17.700000762939453,17.5,17.700000762939453,1400
2015-12-03,15.281611442565918,17.600000381469727,17.600000381469727,17.600000381469727,17.600000381469727,200
2015-12-04,15.255560874938965,17.56999969482422,17.56999969482422,17.5,17.5,500
2015-12-07,15.255560874938965,17.56999969482422,17.56999969482422,17.56999969482422,17.56999969482422,0
2015-12-08,15.194781303405762,17.5,17.799999237060547,17.5,17.799999237060547,1400
2015-12-09,15.194781303405762,17.5,17.5,17.5,17.5,0
2015-12-10,15.21214771270752,17.520000457763672,17.520000457763672,17.5,17.5,500
2015-12-11,15.4552640914917,17.799999237060547,17.799999237060547,17.299999237060547,17.399999618530273,7800
2015-12-14,15.472628593444824,17.81999969482422,17.81999969482422,17.799999237060547,17.799999237060547,700
2015-12-15,15.628917694091797,18.0,18.0,17.5,17.5,3400
2015-12-16,15.845985412597656,18.25,18.770000457763672,17.899999618530273,17.950000762939453,24500
2015-12-17,15.611549377441406,17.979999542236328,18.25,17.979999542236328,18.200000762939453,10000
2015-12-18,16.193296432495117,18.649999618530273,18.649999618530273,18.0,18.0,3500
2015-12-21,15.568137168884277,17.93000030517578,17.93000030517578,17.93000030517578,17.93000030517578,400
2015-12-22,15.368437767028809,17.700000762939453,17.719999313354492,17.649999618530273,17.719999313354492,800
2015-12-23,15.168736457824707,17.469999313354492,17.899999618530273,17.469999313354492,17.899999618530273,300
2015-12-24,15.32502555847168,17.649999618530273,17.649999618530273,17.290000915527344,17.290000915527344,600
2015-12-28,15.333709716796875,17.65999984741211,17.65999984741211,17.649999618530273,17.649999618530273,600
2015-12-29,15.333709716796875,17.65999984741211,17.65999984741211,17.65999984741211,17.65999984741211,0
2015-12-30,15.4552640914917,17.799999237060547,18.149999618530273,17.799999237060547,18.149999618530273,500
2015-12-31,16.06305503845215,18.5,18.579999923706055,18.1299991607666,18.1299991607666,1900
2016-01-04,16.106470108032227,18.549999237060547,18.549999237060547,18.170000076293945,18.420000076293945,3500
2016-01-05,16.271442413330078,18.739999771118164,18.739999771118164,18.100000381469727,18.1200008392334,4700
2016-01-06,16.280126571655273,18.75,18.75,18.75,18.75,1100
2016-01-07,16.453777313232422,18.950000762939453,18.959999084472656,18.469999313354492,18.959999084472656,5100
2016-01-08,16.462461471557617,18.959999084472656,18.959999084472656,18.959999084472656,18.959999084472656,300
2016-01-11,16.844499588012695,19.399999618530273,19.690000534057617,19.0,19.0,4600
2016-01-12,17.061567306518555,19.649999618530273,19.969999313354492,19.299999237060547,19.360000610351562,2600
2016-01-13,17.087617874145508,19.68000030517578,19.68000030517578,19.200000762939453,19.399999618530273,6800
2016-01-14,16.297489166259766,18.770000457763672,18.770000457763672,18.770000457763672,18.770000457763672,100
2016-01-15,15.837303161621094,18.239999771118164,19.18000030517578,18.239999771118164,19.18000030517578,4800
2016-01-19,15.75915813446045,18.149999618530273,18.31999969482422,18.149999618530273,18.31999969482422,1400
2016-01-20,15.585504531860352,17.950000762939453,18.149999618530273,17.940000534057617,18.149999618530273,2400
2016-01-21,15.750476837158203,18.139999389648438,18.329999923706055,17.950000762939453,17.950000762939453,3200
2016-01-22,15.54209041595459,17.899999618530273,18.5,17.899999618530273,18.5,1900
2016-01-25,15.54209041595459,17.899999618530273,17.899999618530273,17.899999618530273,17.899999618530273,100
2016-01-26,15.54209041595459,17.899999618530273,17.899999618530273,17.899999618530273,17.899999618530273,0
2016-01-27,15.54209041595459,17.899999618530273,17.899999618530273,17.899999618530273,17.899999618530273,0
2016-01-28,15.54209041595459,17.899999618530273,17.899999618530273,17.899999618530273,17.899999618530273,0
2016-01-29,15.646285057067871,18.020000457763672,18.020000457763672,17.809999465942383,17.81999969482422,1500
2016-02-01,15.646285057067871,18.020000457763672,18.020000457763672,18.020000457763672,18.020000457763672,0
2016-02-02,15.646285057067871,18.020000457763672,18.020000457763672,18.020000457763672,18.020000457763672,0
2016-02-03,15.646285057067871,18.020000457763672,18.020000457763672,18.020000457763672,18.020000457763672,0
2016-02-04,15.246879577636719,17.559999465942383,17.68000030517578,17.559999465942383,17.68000030517578,1200
2016-02-05,15.160052299499512,17.459999084472656,17.459999084472656,17.25,17.360000610351562,1700
2016-02-08,15.029809951782227,17.309999465942383,17.459999084472656,17.25,17.459999084472656,3300
2016-02-09,15.012444496154785,17.290000915527344,17.34000015258789,17.25,17.34000015258789,2000
2016-02-10,14.977714538574219,17.25,17.25,17.25,17.25,200
2016-02-11,14.977714538574219,17.25,17.3799991607666,17.25,17.3799991607666,2900
2016-02-12,14.977714538574219,17.25,17.25,17.25,17.25,0
2016-02-16,14.977714538574219,17.25,17.260000228881836,17.25,17.260000228881836,1900
2016-02-17,14.99507999420166,17.270000457763672,17.270000457763672,17.25,17.25,300
2016-02-18,14.977714538574219,17.25,17.25,17.25,17.25,100
2016-02-19,14.977714538574219,17.25,17.280000686645508,17.25,17.280000686645508,600
2016-02-22,14.977714538574219,17.25,17.25,17.25,17.25,200
2016-02-23,15.021127700805664,17.299999237060547,17.299999237060547,17.299999237060547,17.299999237060547,100
2016-02-24,14.977714538574219,17.25,17.299999237060547,17.25,17.299999237060547,1700
2016-02-25,15.0471773147583,17.329999923706055,17.329999923706055,17.290000915527344,17.299999237060547,1200
2016-02-26,15.377118110656738,17.709999084472656,17.709999084472656,17.5,17.5,4300
2016-02-29,15.41185188293457,17.75,18.399999618530273,17.610000610351562,17.649999618530273,2300
2016-03-01,16.497190475463867,19.0,19.170000076293945,17.559999465942383,17.56999969482422,7400
2016-03-02,16.540607452392578,19.049999237060547,19.049999237060547,18.8700008392334,18.8700008392334,400
2016-03-03,16.410367965698242,18.899999618530273,19.049999237060547,18.700000762939453,19.049999237060547,2100
2016-03-04,16.974740982055664,19.549999237060547,19.549999237060547,19.049999237060547,19.049999237060547,1800
2016-03-07,16.974740982055664,19.549999237060547,19.549999237060547,19.530000686645508,19.549999237060547,2700
2016-03-08,16.488510131835938,18.989999771118164,19.0,18.899999618530273,18.920000076293945,1700
2016-03-09,16.488510131835938,18.989999771118164,18.989999771118164,18.989999771118164,18.989999771118164,0
2016-03-10,16.271442413330078,18.739999771118164,18.739999771118164,18.739999771118164,18.739999771118164,200
2016-03-11,16.540607452392578,19.049999237060547,19.049999237060547,18.889999389648438,18.889999389648438,300
2016-03-14,16.844499588012695,19.399999618530273,19.399999618530273,17.59000015258789,17.59000015258789,3500
2016-03-15,16.280126571655273,18.75,18.75,18.700000762939453,18.700000762939453,300
2016-03-16,16.280126571655273,18.75,18.75,18.75,18.75,0
2016-03-17,16.280126571655273,18.75,18.75,18.75,18.75,0
2016-03-18,16.52324104309082,19.030000686645508,19.030000686645508,19.0,19.0,5600
2016-03-21,16.06305503845215,18.5,19.0,18.030000686645508,18.899999618530273,4900
2016-03-22,17.004859924316406,19.5,19.5,18.030000686645508,18.440000534057617,5100
2016-03-23,17.004859924316406,19.5,19.5,19.5,19.5,0
2016-03-24,16.874055862426758,19.350000381469727,19.43000030517578,19.18000030517578,19.420000076293945,500
2016-03-28,16.874055862426758,19.350000381469727,19.350000381469727,19.350000381469727,19.350000381469727,0
2016-03-29,16.874055862426758,19.350000381469727,19.350000381469727,19.350000381469727,19.350000381469727,0
2016-03-30,16.403148651123047,18.809999465942383,18.809999465942383,18.809999465942383,18.809999465942383,200
2016-03-31,16.150257110595703,18.520000457763672,19.280000686645508,18.40999984741211,18.520000457763672,1100
2016-04-01,16.446758270263672,18.860000610351562,18.860000610351562,18.850000381469727,18.850000381469727,500
2016-04-04,16.446758270263672,18.860000610351562,18.860000610351562,18.860000610351562,18.860000610351562,0
2016-04-05,16.18514060974121,18.559999465942383,18.75,18.510000228881836,18.600000381469727,900
2016-04-06,16.38571548461914,18.790000915527344,18.790000915527344,18.790000915527344,18.790000915527344,200
2016-04-07,16.39443588256836,18.799999237060547,18.799999237060547,18.5,18.510000228881836,2800
2016-04-08,16.20257568359375,18.579999923706055,18.989999771118164,18.459999084472656,18.459999084472656,1800
2016-04-11,16.20257568359375,18.579999923706055,18.579999923706055,18.579999923706055,18.579999923706055,0
2016-04-12,16.17641830444336,18.549999237060547,18.549999237060547,18.200000762939453,18.200000762939453,500
2016-04-13,16.17641830444336,18.549999237060547,18.549999237060547,18.549999237060547,18.549999237060547,0
2016-04-14,16.472917556762695,18.889999389648438,18.889999389648438,18.889999389648438,18.889999389648438,300
2016-04-15,16.350826263427734,18.75,18.75,18.0,18.0,700
2016-04-18,15.871206283569336,18.200000762939453,18.75,18.200000762939453,18.75,300
2016-04-19,15.85376262664795,18.18000030517578,18.18000030517578,18.18000030517578,18.18000030517578,200
2016-04-20,15.88864517211914,18.219999313354492,18.219999313354492,18.200000762939453,18.200000762939453,600
2016-04-21,15.810162544250488,18.1299991607666,18.219999313354492,18.030000686645508,18.149999618530273,7500
2016-04-22,15.784000396728516,18.100000381469727,18.100000381469727,18.100000381469727,18.100000381469727,400
2016-04-25,15.784000396728516,18.100000381469727,18.100000381469727,18.100000381469727,18.100000381469727,0
2016-04-26,16.036890029907227,18.389999389648438,18.389999389648438,18.079999923706055,18.079999923706055,500
2016-04-27,16.04561424255371,18.399999618530273,18.399999618530273,17.700000762939453,17.700000762939453,13700
2016-04-28,16.04561424255371,18.399999618530273,18.399999618530273,18.389999389648438,18.389999389648438,1200
2016-04-29,16.324668884277344,18.719999313354492,18.719999313354492,18.479999542236328,18.479999542236328,4000
2016-05-02,16.324668884277344,18.719999313354492,18.719999313354492,18.719999313354492,18.719999313354492,200
2016-05-03,16.324668884277344,18.719999313354492,18.719999313354492,18.719999313354492,18.719999313354492,0
2016-05-04,16.324668884277344,18.719999313354492,18.719999313354492,18.719999313354492,18.719999313354492,0
2016-05-05,16.324668884277344,18.719999313354492,18.719999313354492,18.719999313354492,18.719999313354492,0
2016-05-06,16.568843841552734,19.0,19.0,19.0,19.0,200
2016-05-09,16.1328182220459,18.5,18.549999237060547,18.5,18.549999237060547,1000
2016-05-10,16.1328182220459,18.5,18.5,18.5,18.5,0
2016-05-11,15.635754585266113,17.93000030517578,18.15999984741211,17.850000381469727,17.850000381469727,600
2016-05-12,15.635754585266113,17.93000030517578,17.93000030517578,17.93000030517578,17.93000030517578,0
2016-05-13,15.635754585266113,17.93000030517578,17.93000030517578,17.93000030517578,17.93000030517578,0
2016-05-16,15.635754585266113,17.93000030517578,17.93000030517578,17.93000030517578,17.93000030517578,0
2016-05-17,15.565988540649414,17.850000381469727,17.850000381469727,17.850000381469727,17.850000381469727,200
2016-05-18,16.04561424255371,18.399999618530273,18.399999618530273,18.399999618530273,18.399999618530273,100
2016-05-19,16.04561424255371,18.399999618530273,18.399999618530273,18.399999618530273,18.399999618530273,0
2016-05-20,15.975851058959961,18.31999969482422,18.350000381469727,18.31999969482422,18.350000381469727,1200
2016-05-23,15.975851058959961,18.31999969482422,18.31999969482422,18.31999969482422,18.31999969482422,0
2016-05-24,16.08049774169922,18.440000534057617,18.440000534057617,18.440000534057617,18.440000534057617,1000
2016-05-25,16.106657028198242,18.469999313354492,18.469999313354492,18.399999618530273,18.399999618530273,500
2016-05-26,16.106657028198242,18.469999313354492,18.469999313354492,18.469999313354492,18.469999313354492,0
2016-05-27,16.1328182220459,18.5,18.549999237060547,18.420000076293945,18.479999542236328,2800
2016-05-31,16.315946578979492,18.709999084472656,18.709999084472656,18.709999084472656,18.709999084472656,200
2016-06-01,16.315946578979492,18.709999084472656,18.709999084472656,18.709999084472656,18.709999084472656,0
2016-06-02,16.315946578979492,18.709999084472656,18.709999084472656,18.700000762939453,18.700000762939453,1600
2016-06-03,16.04561424255371,18.399999618530273,18.399999618530273,18.010000228881836,18.010000228881836,1400
2016-06-06,16.04561424255371,18.399999618530273,18.399999618530273,18.399999618530273,18.399999618530273,0
2016-06-07,16.04561424255371,18.399999618530273,18.399999618530273,18.399999618530273,18.399999618530273,0
2016-06-08,16.054336547851562,18.40999984741211,18.600000381469727,18.200000762939453,18.600000381469727,1500
2016-06-09,16.237468719482422,18.6200008392334,18.6200008392334,18.6200008392334,18.6200008392334,100
2016-06-10,16.237468719482422,18.6200008392334,18.6200008392334,18.6200008392334,18.6200008392334,0
2016-06-13,16.071773529052734,18.43000030517578,18.5,18.25,18.25,800
2016-06-14,16.071773529052734,18.43000030517578,18.43000030517578,18.43000030517578,18.43000030517578,0
2016-06-15,15.879922866821289,18.209999084472656,18.399999618530273,18.200000762939453,18.200000762939453,2100
2016-06-16,16.254905700683594,18.639999389648438,18.8799991607666,18.25,18.25,28500
2016-06-17,16.57756233215332,19.010000228881836,19.010000228881836,18.860000610351562,18.860000610351562,8000
2016-06-20,16.57756233215332,19.010000228881836,19.010000228881836,19.010000228881836,19.010000228881836,0
2016-06-21,16.254905700683594,18.639999389648438,18.639999389648438,18.610000610351562,18.610000610351562,500
2016-06-22,16.568843841552734,19.0,19.0,19.0,19.0,100
2016-06-23,16.568843841552734,19.0,19.0,19.0,19.0,0
2016-06-24,16.568843841552734,19.0,19.0,19.0,19.0,0
2016-06-27,16.568843841552734,19.0,19.0,19.0,19.0,0
2016-06-28,16.263620376586914,18.649999618530273,18.649999618530273,18.5,18.5,1500
2016-06-29,16.263620376586914,18.649999618530273,18.649999618530273,18.649999618530273,18.649999618530273,0
2016-06-30,15.993292808532715,18.34000015258789,18.5,18.34000015258789,18.5,3800
2016-07-01,16.438037872314453,18.850000381469727,19.190000534057617,18.579999923706055,18.799999237060547,3900
2016-07-05,16.612442016601562,19.049999237060547,19.049999237060547,19.049999237060547,19.049999237060547,600
2016-07-06,16.72580909729004,19.18000030517578,19.18000030517578,19.18000030517578,19.18000030517578,200
2016-07-07,16.472917556762695,18.889999389648438,18.889999389648438,18.889999389648438,18.889999389648438,200
2016-07-08,16.420597076416016,18.829999923706055,18.829999923706055,18.450000762939453,18.450000762939453,1400
2016-07-11,16.629886627197266,19.06999969482422,19.06999969482422,19.06999969482422,19.06999969482422,300
2016-07-12,16.629886627197266,19.06999969482422,19.06999969482422,19.06999969482422,19.06999969482422,0
2016-07-13,16.629886627197266,19.06999969482422,19.06999969482422,19.06999969482422,19.06999969482422,0
2016-07-14,16.629886627197266,19.06999969482422,19.06999969482422,19.06999969482422,19.06999969482422,0
2016-07-15,16.481630325317383,18.899999618530273,18.899999618530273,18.5,18.5,400
2016-07-18,16.481630325317383,18.899999618530273,18.899999618530273,18.899999618530273,18.899999618530273,0
2016-07-19,16.39443588256836,18.799999237060547,18.799999237060547,18.790000915527344,18.790000915527344,7400
2016-07-20,16.39443588256836,18.799999237060547,18.799999237060547,18.799999237060547,18.799999237060547,0
2016-07-21,16.39443588256836,18.799999237060547,18.799999237060547,18.799999237060547,18.799999237060547,0
2016-07-22,16.20257568359375,18.579999923706055,18.579999923706055,18.5,18.530000686645508,300
2016-07-25,16.20257568359375,18.579999923706055,18.579999923706055,18.579999923706055,18.579999923706055,0
2016-07-26,16.158981323242188,18.530000686645508,18.6200008392334,18.5,18.600000381469727,4600
2016-07-27,16.141536712646484,18.510000228881836,18.510000228881836,18.510000228881836,18.510000228881836,700
2016-07-28,16.150257110595703,18.520000457763672,18.799999237060547,18.520000457763672,18.75,4500
2016-07-29,16.16770362854004,18.540000915527344,18.540000915527344,18.540000915527344,18.540000915527344,300
2016-08-01,16.220020294189453,18.600000381469727,18.6200008392334,18.549999237060547,18.549999237060547,2500
2016-08-02,16.1328182220459,18.5,18.510000228881836,18.5,18.510000228881836,2000
2016-08-03,16.1328182220459,18.5,18.5,18.5,18.5,200
2016-08-04,16.4903564453125,18.90999984741211,18.989999771118164,18.90999984741211,18.989999771118164,1500
2016-08-05,16.4903564453125,18.90999984741211,18.90999984741211,18.90999984741211,18.90999984741211,0
2016-08-08,16.350826263427734,18.75,18.8799991607666,18.75,18.8799991607666,200
2016-08-09,16.350826263427734,18.75,18.75,18.75,18.75,0
2016-08-10,16.612442016601562,19.049999237060547,19.06999969482422,19.0,19.0,1700
2016-08-11,16.612442016601562,19.049999237060547,19.049999237060547,19.049999237060547,19.049999237060547,0
2016-08-12,16.612442016601562,19.049999237060547,19.049999237060547,19.049999237060547,19.049999237060547,0
2016-08-15,16.481630325317383,18.899999618530273,18.899999618530273,18.899999618530273,18.899999618530273,1100
2016-08-16,16.481630325317383,18.899999618530273,18.899999618530273,18.899999618530273,18.899999618530273,0
2016-08-17,16.481630325317383,18.899999618530273,18.899999618530273,18.899999618530273,18.899999618530273,0
2016-08-18,16.481630325317383,18.899999618530273,19.06999969482422,18.899999618530273,18.899999618530273,2400
2016-08-19,16.481630325317383,18.899999618530273,18.899999618530273,18.899999618530273,18.899999618530273,0
2016-08-22,16.481630325317383,18.899999618530273,18.899999618530273,18.899999618530273,18.899999618530273,0
2016-08-23,16.481630325317383,18.899999618530273,18.899999618530273,18.899999618530273,18.899999618530273,0
2016-08-24,16.481630325317383,18.899999618530273,18.899999618530273,18.899999618530273,18.899999618530273,0
2016-08-25,16.4903564453125,18.90999984741211,18.90999984741211,18.90999984741211,18.90999984741211,300
2016-08-26,16.4903564453125,18.90999984741211,18.90999984741211,18.90999984741211,18.90999984741211,0
2016-08-29,16.4903564453125,18.90999984741211,18.90999984741211,18.90999984741211,18.90999984741211,0
2016-08-30,16.4903564453125,18.90999984741211,18.90999984741211,18.90999984741211,18.90999984741211,0
2016-08-31,16.4903564453125,18.90999984741211,18.90999984741211,18.90999984741211,18.90999984741211,0
2016-09-01,16.481630325317383,18.899999618530273,19.049999237060547,18.899999618530273,18.90999984741211,1500
2016-09-02,16.45547866821289,18.8700008392334,19.18000030517578,18.8700008392334,19.18000030517578,3900
2016-09-06,16.263620376586914,18.649999618530273,18.899999618530273,18.600000381469727,18.75,6800
2016-09-07,16.307231903076172,18.700000762939453,18.709999084472656,18.600000381469727,18.700000762939453,6600
2016-09-08,16.307231903076172,18.700000762939453,18.700000762939453,18.700000762939453,18.700000762939453,3600
2016-09-09,16.307231903076172,18.700000762939453,18.719999313354492,18.610000610351562,18.719999313354492,15100
2016-09-12,16.307231903076172,18.700000762939453,18.90999984741211,18.700000762939453,18.90999984741211,4300
2016-09-13,16.307231903076172,18.700000762939453,18.729999542236328,18.700000762939453,18.700000762939453,3600
2016-09-14,16.307231903076172,18.700000762939453,18.719999313354492,18.700000762939453,18.719999313354492,4900
2016-09-15,16.307231903076172,18.700000762939453,19.739999771118164,18.700000762939453,18.889999389648438,19800
2016-09-16,16.220020294189453,18.600000381469727,19.18000030517578,18.600000381469727,18.770000457763672,56600
2016-09-19,16.307231903076172,18.700000762939453,19.290000915527344,18.649999618530273,18.649999618530273,1200
2016-09-20,16.376996994018555,18.780000686645508,18.899999618530273,18.780000686645508,18.899999618530273,800
2016-09-21,16.350826263427734,18.75,18.75,18.700000762939453,18.739999771118164,1400
2016-09-22,16.36834716796875,18.690000534057617,18.81999969482422,18.690000534057617,18.719999313354492,26700
2016-09-23,16.342071533203125,18.65999984741211,18.68000030517578,18.65999984741211,18.65999984741211,900
2016-09-26,16.280765533447266,18.59000015258789,18.68000030517578,18.559999465942383,18.65999984741211,34900
2016-09-27,16.158159255981445,18.450000762939453,18.530000686645508,18.450000762939453,18.520000457763672,2500
2016-09-28,16.158159255981445,18.450000762939453,18.56999969482422,18.450000762939453,18.56999969482422,600
2016-09-29,16.219465255737305,18.520000457763672,18.700000762939453,18.520000457763672,18.700000762939453,1100
2016-09-30,16.324554443359375,18.639999389648438,18.719999313354492,18.639999389648438,18.639999389648438,2000
2016-10-03,16.33331298828125,18.649999618530273,18.649999618530273,18.649999618530273,18.649999618530273,200
2016-10-04,16.4208927154541,18.75,18.989999771118164,18.729999542236328,18.75,5200
2016-10-05,16.464683532714844,18.799999237060547,19.020000457763672,18.610000610351562,18.75,1800
2016-10-06,16.464683532714844,18.799999237060547,18.799999237060547,18.799999237060547,18.799999237060547,100
2016-10-07,16.4208927154541,18.75,18.75,18.75,18.75,100
2016-10-10,16.4208927154541,18.75,18.75,18.75,18.75,200
2016-10-11,16.464683532714844,18.799999237060547,18.959999084472656,18.780000686645508,18.959999084472656,900
2016-10-12,16.543502807617188,18.889999389648438,18.889999389648438,18.760000228881836,18.760000228881836,400
2016-10-13,16.28952407836914,18.600000381469727,18.81999969482422,18.600000381469727,18.81999969482422,2500
2016-10-14,16.28952407836914,18.600000381469727,18.600000381469727,18.600000381469727,18.600000381469727,0
2016-10-17,16.28952407836914,18.600000381469727,18.600000381469727,18.600000381469727,18.600000381469727,0
2016-10-18,16.28952407836914,18.600000381469727,18.600000381469727,18.600000381469727,18.600000381469727,0
2016-10-19,16.280765533447266,18.59000015258789,18.600000381469727,18.43000030517578,18.600000381469727,18400
2016-10-20,16.280765533447266,18.59000015258789,18.59000015258789,18.59000015258789,18.59000015258789,0
2016-10-21,16.324554443359375,18.639999389648438,18.639999389648438,18.639999389648438,18.639999389648438,200
2016-10-24,16.324554443359375,18.639999389648438,18.639999389648438,18.639999389648438,18.639999389648438,0
2016-10-25,16.324554443359375,18.639999389648438,18.639999389648438,18.639999389648438,18.639999389648438,0
2016-10-26,16.28952407836914,18.600000381469727,18.600000381469727,18.600000381469727,18.600000381469727,100
2016-10-27,16.28952407836914,18.600000381469727,18.600000381469727,18.600000381469727,18.600000381469727,0
2016-10-28,16.28952407836914,18.600000381469727,18.600000381469727,18.600000381469727,18.600000381469727,0
2016-10-31,16.33331298828125,18.649999618530273,18.81999969482422,18.649999618530273,18.81999969482422,500
2016-11-01,16.33331298828125,18.649999618530273,18.649999618530273,18.649999618530273,18.649999618530273,0
2016-11-02,16.33331298828125,18.649999618530273,18.850000381469727,18.559999465942383,18.559999465942383,700
2016-11-03,16.245737075805664,18.549999237060547,18.549999237060547,18.549999237060547,18.549999237060547,300
2016-11-04,16.324554443359375,18.639999389648438,18.639999389648438,18.600000381469727,18.600000381469727,1200
2016-11-07,16.30704116821289,18.6200008392334,18.6200008392334,18.600000381469727,18.6200008392334,2400
2016-11-08,16.28952407836914,18.600000381469727,18.600000381469727,18.600000381469727,18.600000381469727,900
2016-11-09,16.28952407836914,18.600000381469727,18.600000381469727,18.600000381469727,18.600000381469727,400
2016-11-10,16.315799713134766,18.6299991607666,18.75,18.59000015258789,18.75,1200
2016-11-11,16.359588623046875,18.68000030517578,18.75,18.68000030517578,18.68000030517578,2900
2016-11-14,16.28952407836914,18.600000381469727,18.75,18.600000381469727,18.68000030517578,4400
2016-11-15,16.359588623046875,18.68000030517578,18.68000030517578,18.600000381469727,18.600000381469727,700
2016-11-16,17.252883911132812,19.700000762939453,19.700000762939453,18.600000381469727,18.600000381469727,8100
2016-11-17,16.762447357177734,19.139999389648438,19.56999969482422,19.139999389648438,19.549999237060547,2900
2016-11-18,16.762447357177734,19.139999389648438,19.139999389648438,19.139999389648438,19.139999389648438,0
2016-11-21,16.762447357177734,19.139999389648438,19.139999389648438,19.139999389648438,19.139999389648438,0
2016-11-22,16.762447357177734,19.139999389648438,19.139999389648438,19.139999389648438,19.139999389648438,0
2016-11-23,16.727418899536133,19.100000381469727,19.100000381469727,19.020000457763672,19.020000457763672,1800
2016-11-25,16.94636344909668,19.350000381469727,19.350000381469727,19.350000381469727,19.350000381469727,600
2016-11-28,16.94636344909668,19.350000381469727,19.350000381469727,19.350000381469727,19.350000381469727,0
2016-11-29,16.955116271972656,19.360000610351562,19.399999618530273,19.350000381469727,19.399999618530273,4500
2016-11-30,16.902572631835938,19.299999237060547,19.3799991607666,19.299999237060547,19.3799991607666,1600
2016-12-01,16.911331176757812,19.309999465942383,19.350000381469727,19.299999237060547,19.299999237060547,1000
2016-12-02,16.81499671936035,19.200000762939453,19.420000076293945,19.200000762939453,19.420000076293945,1100
2016-12-05,16.81499671936035,19.200000762939453,19.40999984741211,19.200000762939453,19.40999984741211,1900
2016-12-06,16.928842544555664,19.329999923706055,19.329999923706055,19.329999923706055,19.329999923706055,400
2016-12-07,16.692384719848633,19.059999465942383,19.239999771118164,19.020000457763672,19.040000915527344,2800
2016-12-08,16.657352447509766,19.020000457763672,19.450000762939453,19.020000457763672,19.450000762939453,1300
2016-12-09,16.639841079711914,19.0,19.059999465942383,18.799999237060547,19.020000457763672,12100
2016-12-12,16.639841079711914,19.0,19.0,19.0,19.0,0
2016-12-13,16.94636344909668,19.350000381469727,19.350000381469727,19.0,19.049999237060547,12900
2016-12-14,16.94636344909668,19.350000381469727,19.350000381469727,19.34000015258789,19.34000015258789,1100
2016-12-15,16.902572631835938,19.299999237060547,19.469999313354492,19.100000381469727,19.100000381469727,17000
2016-12-16,16.94636344909668,19.350000381469727,19.350000381469727,19.350000381469727,19.350000381469727,300
2016-12-19,16.858779907226562,19.25,19.450000762939453,19.25,19.299999237060547,3700
2016-12-20,16.727418899536133,19.100000381469727,19.25,19.020000457763672,19.25,10300
2016-12-21,16.298282623291016,18.610000610351562,19.100000381469727,18.600000381469727,19.030000686645508,21900
2016-12-22,16.33331298828125,18.649999618530273,18.969999313354492,18.6200008392334,18.649999618530273,9200
2016-12-23,16.718658447265625,19.09000015258789,19.09000015258789,18.889999389648438,18.90999984741211,1700
2016-12-27,16.315799713134766,18.6299991607666,18.829999923706055,18.6299991607666,18.829999923706055,1500
2016-12-28,16.28952407836914,18.600000381469727,18.6299991607666,18.600000381469727,18.6299991607666,17500
2016-12-29,16.201948165893555,18.5,18.6299991607666,18.450000762939453,18.559999465942383,5300
2016-12-30,16.201948165893555,18.5,18.649999618530273,18.469999313354492,18.530000686645508,4100
2017-01-03,16.245737075805664,18.549999237060547,18.549999237060547,18.469999313354492,18.5,7800
2017-01-04,16.552255630493164,18.899999618530273,18.950000762939453,18.530000686645508,18.530000686645508,16700
2017-01-05,16.631080627441406,18.989999771118164,19.059999465942383,18.850000381469727,18.950000762939453,5100
2017-01-06,16.604808807373047,18.959999084472656,18.959999084472656,18.950000762939453,18.950000762939453,600
2017-01-09,16.692384719848633,19.059999465942383,19.25,18.600000381469727,19.219999313354492,1100
2017-01-10,16.876296997070312,19.270000457763672,19.270000457763672,19.049999237060547,19.25,4500
2017-01-11,16.920089721679688,19.31999969482422,19.31999969482422,19.270000457763672,19.270000457763672,900
2017-01-12,16.648595809936523,19.010000228881836,19.010000228881836,19.010000228881836,19.010000228881836,500
2017-01-13,16.727418899536133,19.100000381469727,19.1200008392334,19.100000381469727,19.110000610351562,1600
2017-01-17,16.93760108947754,19.34000015258789,19.34000015258789,19.34000015258789,19.34000015258789,400
2017-01-18,16.68362808227539,19.049999237060547,19.219999313354492,19.049999237060547,19.059999465942383,1300
2017-01-19,16.727418899536133,19.100000381469727,19.200000762939453,19.0,19.0,3400
2017-01-20,16.762447357177734,19.139999389648438,19.350000381469727,19.100000381469727,19.100000381469727,9900
2017-01-23,16.762447357177734,19.139999389648438,19.139999389648438,19.139999389648438,19.139999389648438,0
2017-01-24,16.77120590209961,19.149999618530273,19.15999984741211,19.149999618530273,19.15999984741211,1600
2017-01-25,16.77120590209961,19.149999618530273,19.149999618530273,19.149999618530273,19.149999618530273,0
2017-01-26,16.77120590209961,19.149999618530273,19.149999618530273,19.149999618530273,19.149999618530273,0
2017-01-27,16.77120590209961,19.149999618530273,19.149999618530273,19.149999618530273,19.149999618530273,0
2017-01-30,16.94636344909668,19.350000381469727,19.75,19.149999618530273,19.549999237060547,3200
2017-01-31,16.94636344909668,19.350000381469727,19.350000381469727,19.350000381469727,19.350000381469727,0
2017-02-01,17.0689697265625,19.489999771118164,19.5,19.450000762939453,19.5,10100
2017-02-02,17.34046173095703,19.799999237060547,19.799999237060547,19.459999084472656,19.5,7600
2017-02-03,17.34046173095703,19.799999237060547,19.799999237060547,19.75,19.799999237060547,2200
2017-02-06,17.471834182739258,19.950000762939453,19.950000762939453,19.790000915527344,19.799999237060547,3700
2017-02-07,17.42803955078125,19.899999618530273,19.899999618530273,19.8799991607666,19.8799991607666,1000
2017-02-08,17.471834182739258,19.950000762939453,19.950000762939453,19.940000534057617,19.950000762939453,3500
2017-02-09,17.471834182739258,19.950000762939453,19.950000762939453,19.950000762939453,19.950000762939453,400
2017-02-10,17.296676635742188,19.75,19.850000381469727,19.739999771118164,19.809999465942383,4300
2017-02-13,17.393007278442383,19.860000610351562,19.950000762939453,19.860000610351562,19.950000762939453,300
2017-02-14,17.463075637817383,19.940000534057617,19.940000534057617,19.940000534057617,19.940000534057617,400
2017-02-15,17.900964736938477,20.440000534057617,20.440000534057617,19.899999618530273,19.899999618530273,19400
2017-02-16,17.769596099853516,20.290000915527344,20.399999618530273,19.899999618530273,20.399999618530273,1200
2017-02-17,17.760841369628906,20.280000686645508,20.280000686645508,20.040000915527344,20.040000915527344,400
2017-02-21,17.760841369628906,20.280000686645508,20.280000686645508,20.280000686645508,20.280000686645508,0
2017-02-22,17.865930557250977,20.399999618530273,20.399999618530273,20.0,20.0,700
2017-02-23,17.865930557250977,20.399999618530273,20.399999618530273,20.399999618530273,20.399999618530273,0
2017-02-24,17.865930557250977,20.399999618530273,20.399999618530273,20.399999618530273,20.399999618530273,0
2017-02-27,18.172454833984375,20.75,20.75,20.75,20.75,200
2017-02-28,18.172454833984375,20.75,20.75,20.75,20.75,0
2017-03-01,17.865930557250977,20.399999618530273,20.399999618530273,20.0,20.0,5200
2017-03-02,17.822147369384766,20.350000381469727,20.360000610351562,20.190000534057617,20.190000534057617,1600
2017-03-03,17.822147369384766,20.350000381469727,20.350000381469727,20.350000381469727,20.350000381469727,0
2017-03-06,17.349218368530273,19.809999465942383,20.049999237060547,19.549999237060547,20.049999237060547,8100
2017-03-07,17.34046173095703,19.799999237060547,19.809999465942383,19.799999237060547,19.809999465942383,2400
2017-03-08,17.471834182739258,19.950000762939453,19.950000762939453,19.850000381469727,19.860000610351562,2800
2017-03-09,17.384254455566406,19.850000381469727,19.93000030517578,19.850000381469727,19.850000381469727,3000
2017-03-10,17.384254455566406,19.850000381469727,19.969999313354492,19.850000381469727,19.969999313354492,2700
2017-03-13,17.410520553588867,19.8799991607666,19.8799991607666,19.8799991607666,19.8799991607666,300
2017-03-14,17.498098373413086,19.979999542236328,19.979999542236328,19.850000381469727,19.850000381469727,1300
2017-03-15,17.419281005859375,19.889999389648438,19.889999389648438,19.889999389648438,19.889999389648438,300
2017-03-16,17.419281005859375,19.889999389648438,19.889999389648438,19.889999389648438,19.889999389648438,0
2017-03-17,17.463075637817383,19.940000534057617,19.940000534057617,19.940000534057617,19.940000534057617,900
2017-03-20,17.471834182739258,19.950000762939453,19.950000762939453,19.950000762939453,19.950000762939453,200
2017-03-21,17.393007278442383,19.860000610351562,19.860000610351562,19.850000381469727,19.850000381469727,500
2017-03-22,17.410593032836914,19.799999237060547,19.860000610351562,19.799999237060547,19.799999237060547,1500
2017-03-23,17.410593032836914,19.799999237060547,19.81999969482422,19.799999237060547,19.799999237060547,1100
2017-03-24,17.410593032836914,19.799999237060547,19.799999237060547,19.799999237060547,19.799999237060547,0
2017-03-27,17.45456314086914,19.850000381469727,19.850000381469727,19.850000381469727,19.850000381469727,200
2017-03-28,17.472148895263672,19.8700008392334,19.8700008392334,19.8700008392334,19.8700008392334,300
2017-03-29,17.472148895263672,19.8700008392334,19.8700008392334,19.8700008392334,19.8700008392334,0
2017-03-30,17.498525619506836,19.899999618530273,19.90999984741211,19.899999618530273,19.899999618530273,1400
2017-03-31,17.498525619506836,19.899999618530273,19.899999618530273,19.899999618530273,19.899999618530273,0
2017-04-03,17.533702850341797,19.940000534057617,19.940000534057617,19.940000534057617,19.940000534057617,200
2017-04-04,17.533702850341797,19.940000534057617,19.940000534057617,19.940000534057617,19.940000534057617,0
2017-04-05,17.533702850341797,19.940000534057617,19.940000534057617,19.940000534057617,19.940000534057617,0
2017-04-06,17.542495727539062,19.950000762939453,19.959999084472656,19.950000762939453,19.950000762939453,4400
2017-04-07,17.50732421875,19.90999984741211,19.90999984741211,19.90999984741211,19.90999984741211,500
2017-04-10,17.50732421875,19.90999984741211,19.90999984741211,19.90999984741211,19.90999984741211,0
2017-04-11,17.410593032836914,19.799999237060547,19.950000762939453,19.790000915527344,19.950000762939453,3300
2017-04-12,17.410593032836914,19.799999237060547,19.799999237060547,19.799999237060547,19.799999237060547,0
2017-04-13,17.410593032836914,19.799999237060547,19.799999237060547,19.799999237060547,19.799999237060547,0
2017-04-17,17.577667236328125,19.989999771118164,19.989999771118164,19.989999771118164,19.989999771118164,500
2017-04-18,17.322662353515625,19.700000762939453,19.700000762939453,19.700000762939453,19.700000762939453,700
2017-04-19,17.586458206176758,20.0,20.0,20.0,20.0,3200
2017-04-20,17.410593032836914,19.799999237060547,19.799999237060547,19.700000762939453,19.709999084472656,1300
2017-04-21,17.480937957763672,19.8799991607666,19.950000762939453,19.8799991607666,19.93000030517578,600
2017-04-24,17.542495727539062,19.950000762939453,20.0,19.8799991607666,19.899999618530273,4300
2017-04-25,17.542495727539062,19.950000762939453,19.950000762939453,19.950000762939453,19.950000762939453,0
2017-04-26,17.586458206176758,20.0,20.010000228881836,20.0,20.0,4100
2017-04-27,17.586458206176758,20.0,20.0,20.0,20.0,0
2017-04-28,17.586458206176758,20.0,20.0,20.0,20.0,0
2017-05-01,17.56887435913086,19.979999542236328,19.979999542236328,19.979999542236328,19.979999542236328,300
2017-05-02,17.498525619506836,19.899999618530273,20.100000381469727,19.899999618530273,20.100000381469727,2000
2017-05-03,17.498525619506836,19.899999618530273,19.899999618530273,19.899999618530273,19.899999618530273,0
2017-05-04,17.577667236328125,19.989999771118164,20.0,19.860000610351562,19.860000610351562,3900
2017-05-05,17.586458206176758,20.0,20.09000015258789,19.979999542236328,20.09000015258789,2800
2017-05-08,17.586458206176758,20.0,20.0,20.0,20.0,0
2017-05-09,17.586458206176758,20.0,20.0,20.0,20.0,2600
2017-05-10,17.586458206176758,20.0,20.0,20.0,20.0,0
2017-05-11,17.586458206176758,20.0,20.0,20.0,20.0,0
2017-05-12,17.586458206176758,20.0,20.0,19.799999237060547,19.799999237060547,2500
2017-05-15,17.498525619506836,19.899999618530273,19.950000762939453,19.899999618530273,19.950000762939453,1800
2017-05-16,17.45456314086914,19.850000381469727,20.0,19.850000381469727,19.850000381469727,5900
2017-05-17,17.498525619506836,19.899999618530273,19.899999618530273,19.850000381469727,19.8700008392334,1200
2017-05-18,17.45456314086914,19.850000381469727,19.850000381469727,19.850000381469727,19.850000381469727,1700
2017-05-19,17.410593032836914,19.799999237060547,19.860000610351562,19.780000686645508,19.799999237060547,10900
2017-05-22,17.384218215942383,19.770000457763672,19.860000610351562,19.700000762939453,19.799999237060547,3700
2017-05-23,17.393007278442383,19.780000686645508,19.790000915527344,19.75,19.75,2200
2017-05-24,17.36663055419922,19.75,19.75,19.75,19.75,400
2017-05-25,17.36663055419922,19.75,19.790000915527344,19.75,19.75,1600
2017-05-26,17.384218215942383,19.770000457763672,19.770000457763672,19.770000457763672,19.770000457763672,600
2017-05-30,17.410593032836914,19.799999237060547,19.799999237060547,19.799999237060547,19.799999237060547,700
2017-05-31,17.36663055419922,19.75,19.899999618530273,19.75,19.899999618530273,1100
2017-06-01,17.322662353515625,19.700000762939453,19.75,19.700000762939453,19.75,6300
2017-06-02,17.322662353515625,19.700000762939453,19.700000762939453,19.700000762939453,19.700000762939453,0
2017-06-05,17.46335792541504,19.860000610351562,19.860000610351562,19.700000762939453,19.700000762939453,300
2017-06-06,17.46335792541504,19.860000610351562,19.860000610351562,19.860000610351562,19.860000610351562,0
2017-06-07,17.46335792541504,19.860000610351562,19.860000610351562,19.860000610351562,19.860000610351562,0
2017-06-08,17.322662353515625,19.700000762939453,19.799999237060547,19.700000762939453,19.709999084472656,7000
2017-06-09,17.322662353515625,19.700000762939453,19.700000762939453,19.700000762939453,19.700000762939453,600
2017-06-12,17.445768356323242,19.84000015258789,19.84000015258789,19.75,19.75,1400
2017-06-13,17.48973846435547,19.889999389648438,19.889999389648438,19.8700008392334,19.8700008392334,400
2017-06-14,17.48973846435547,19.889999389648438,19.889999389648438,19.889999389648438,19.889999389648438,0
2017-06-15,17.542495727539062,19.950000762939453,19.950000762939453,19.790000915527344,19.920000076293945,1300
2017-06-16,17.322662353515625,19.700000762939453,19.93000030517578,19.700000762939453,19.719999313354492,2200
2017-06-19,17.480937957763672,19.8799991607666,19.8799991607666,19.75,19.75,500
2017-06-20,17.480937957763672,19.8799991607666,19.8799991607666,19.8799991607666,19.8799991607666,0
2017-06-21,17.36663055419922,19.75,19.75,19.75,19.75,2200
2017-06-22,17.23473358154297,19.600000381469727,19.709999084472656,19.600000381469727,19.709999084472656,7200
2017-06-23,17.349044799804688,19.729999542236328,19.850000381469727,19.700000762939453,19.700000762939453,5900
2017-06-26,17.322662353515625,19.700000762939453,19.700000762939453,19.700000762939453,19.700000762939453,200
2017-06-27,17.11162567138672,19.459999084472656,19.520000457763672,19.450000762939453,19.5,12300
2017-06-28,17.296283721923828,19.670000076293945,19.670000076293945,19.549999237060547,19.549999237060547,3400
2017-06-29,17.296283721923828,19.670000076293945,19.670000076293945,19.670000076293945,19.670000076293945,0
2017-06-30,17.146800994873047,19.5,19.5,19.450000762939453,19.450000762939453,2700
2017-07-03,17.13800621032715,19.489999771118164,19.5,19.489999771118164,19.5,300
2017-07-05,17.146800994873047,19.5,19.5,19.5,19.5,2800
2017-07-06,17.146800994873047,19.5,19.5,19.5,19.5,0
2017-07-07,17.146800994873047,19.5,19.5,19.479999542236328,19.489999771118164,3500
2017-07-10,17.322662353515625,19.700000762939453,19.700000762939453,19.489999771118164,19.489999771118164,2700
2017-07-11,17.102832794189453,19.450000762939453,19.5,19.450000762939453,19.5,3100
2017-07-12,17.45456314086914,19.850000381469727,19.899999618530273,19.850000381469727,19.899999618530273,300
2017-07-13,17.586458206176758,20.0,20.0,19.889999389648438,19.93000030517578,13300
2017-07-14,17.586458206176758,20.0,20.0,19.75,20.0,6800
2017-07-17,17.586458206176758,20.0,20.0,20.0,20.0,0
2017-07-18,17.586458206176758,20.0,20.0,20.0,20.0,300
2017-07-19,17.586458206176758,20.0,20.0,20.0,20.0,0
2017-07-20,17.586458206176758,20.0,20.0,19.6200008392334,19.6200008392334,300
2017-07-21,17.586458206176758,20.0,20.0,20.0,20.0,1800
2017-07-24,17.76232147216797,20.200000762939453,20.229999542236328,20.0,20.0,8200
2017-07-25,17.74473762512207,20.18000030517578,20.299999237060547,20.18000030517578,20.219999313354492,4100
2017-07-26,17.850257873535156,20.299999237060547,20.299999237060547,20.25,20.25,3100
2017-07-27,17.410593032836914,19.799999237060547,19.850000381469727,19.799999237060547,19.850000381469727,1100
2017-07-28,17.410593032836914,19.799999237060547,19.799999237060547,19.799999237060547,19.799999237060547,0
2017-07-31,17.718360900878906,20.149999618530273,20.149999618530273,20.149999618530273,20.149999618530273,100
2017-08-01,17.823875427246094,20.270000457763672,20.270000457763672,20.270000457763672,20.270000457763672,300
2017-08-02,17.88542938232422,20.34000015258789,20.389999389648438,20.270000457763672,20.389999389648438,500
2017-08-03,17.88542938232422,20.34000015258789,20.34000015258789,20.34000015258789,20.34000015258789,0
2017-08-04,17.88542938232422,20.34000015258789,20.34000015258789,20.34000015258789,20.34000015258789,0
2017-08-07,17.938186645507812,20.399999618530273,20.43000030517578,20.3700008392334,20.399999618530273,1300
2017-08-08,17.938186645507812,20.399999618530273,20.399999618530273,20.399999618530273,20.399999618530273,0
2017-08-09,17.938186645507812,20.399999618530273,20.399999618530273,20.399999618530273,20.399999618530273,0
2017-08-10,17.788705825805664,20.229999542236328,20.31999969482422,20.149999618530273,20.229999542236328,2500
2017-08-11,17.393007278442383,19.780000686645508,20.110000610351562,19.780000686645508,20.110000610351562,600
2017-08-14,17.393007278442383,19.780000686645508,19.780000686645508,19.780000686645508,19.780000686645508,0
2017-08-15,17.393007278442383,19.780000686645508,19.780000686645508,19.780000686645508,19.780000686645508,0
2017-08-16,17.586458206176758,20.0,20.0,20.0,20.0,200
2017-08-17,17.621633529663086,20.040000915527344,20.040000915527344,19.989999771118164,19.989999771118164,3100
2017-08-18,17.604047775268555,20.020000457763672,20.020000457763672,20.020000457763672,20.020000457763672,300
2017-08-21,17.36663055419922,19.75,19.75,19.75,19.75,900
2017-08-22,17.36663055419922,19.75,19.75,19.75,19.75,0
2017-08-23,17.36663055419922,19.75,19.75,19.75,19.75,0
2017-08-24,17.305078506469727,19.68000030517578,19.68000030517578,19.68000030517578,19.68000030517578,500
2017-08-25,17.305078506469727,19.68000030517578,19.68000030517578,19.68000030517578,19.68000030517578,0
2017-08-28,17.322662353515625,19.700000762939453,19.850000381469727,19.700000762939453,19.700000762939453,2300
2017-08-29,17.45456314086914,19.850000381469727,19.850000381469727,19.790000915527344,19.790000915527344,200
2017-08-30,17.278697967529297,19.649999618530273,19.829999923706055,19.649999618530273,19.829999923706055,300
2017-08-31,17.102832794189453,19.450000762939453,19.770000457763672,19.34000015258789,19.770000457763672,4600
2017-09-01,17.120420455932617,19.469999313354492,19.520000457763672,19.469999313354492,19.5,3500
2017-09-05,17.2699031829834,19.639999389648438,19.639999389648438,19.639999389648438,19.639999389648438,300
2017-09-06,17.006107330322266,19.34000015258789,19.559999465942383,19.34000015258789,19.559999465942383,200
2017-09-07,16.988521575927734,19.31999969482422,19.649999618530273,19.31999969482422,19.31999969482422,500
2017-09-08,17.225942611694336,19.59000015258789,19.59000015258789,19.59000015258789,19.59000015258789,100
2017-09-11,17.217147827148438,19.579999923706055,19.579999923706055,19.399999618530273,19.399999618530273,1800
2017-09-12,17.217147827148438,19.579999923706055,19.579999923706055,19.579999923706055,19.579999923706055,0
2017-09-13,17.217147827148438,19.579999923706055,19.579999923706055,19.579999923706055,19.579999923706055,0
2017-09-14,17.217147827148438,19.579999923706055,19.579999923706055,19.579999923706055,19.579999923706055,0
2017-09-15,17.23473358154297,19.600000381469727,19.600000381469727,19.309999465942383,19.309999465942383,400
2017-09-18,17.23473358154297,19.600000381469727,19.600000381469727,19.600000381469727,19.600000381469727,0
2017-09-19,17.278697967529297,19.649999618530273,19.649999618530273,19.579999923706055,19.6200008392334,2500
2017-09-20,17.28748893737793,19.65999984741211,19.700000762939453,19.649999618530273,19.649999618530273,12200
2017-09-21,17.146800994873047,19.5,19.649999618530273,19.5,19.6299991607666,900
2017-09-22,17.279376983642578,19.549999237060547,19.549999237060547,19.549999237060547,19.549999237060547,700
2017-09-25,17.19099235534668,19.450000762939453,19.5,19.399999618530273,19.5,5600
2017-09-26,17.19099235534668,19.450000762939453,19.450000762939453,19.450000762939453,19.450000762939453,0
2017-09-27,17.19099235534668,19.450000762939453,19.450000762939453,19.3799991607666,19.3799991607666,600
2017-09-28,17.13796043395996,19.389999389648438,19.5,19.34000015258789,19.450000762939453,11400
2017-09-29,17.146800994873047,19.399999618530273,19.399999618530273,19.399999618530273,19.399999618530273,200
2017-10-02,17.146800994873047,19.399999618530273,19.489999771118164,19.299999237060547,19.399999618530273,8400
2017-10-03,17.146800994873047,19.399999618530273,19.399999618530273,19.399999618530273,19.399999618530273,300
2017-10-04,17.235183715820312,19.5,19.700000762939453,19.5,19.540000915527344,9000
2017-10-05,17.226346969604492,19.489999771118164,19.510000228881836,19.489999771118164,19.510000228881836,3800
2017-10-06,17.28821563720703,19.559999465942383,19.559999465942383,19.559999465942383,19.559999465942383,400
2017-10-09,17.28821563720703,19.559999465942383,19.559999465942383,19.559999465942383,19.559999465942383,0
2017-10-10,17.28821563720703,19.559999465942383,19.559999465942383,19.559999465942383,19.559999465942383,0
2017-10-11,16.996545791625977,19.229999542236328,19.5,19.100000381469727,19.5,4700
2017-10-12,16.987707138061523,19.219999313354492,19.479999542236328,19.209999084472656,19.209999084472656,7900
2017-10-13,17.146800994873047,19.399999618530273,19.450000762939453,19.399999618530273,19.399999618530273,3600
2017-10-16,17.235183715820312,19.5,19.5,19.25,19.25,1200
2017-10-17,17.19099235534668,19.450000762939453,19.450000762939453,19.450000762939453,19.450000762939453,100
2017-10-18,17.058414459228516,19.299999237060547,19.559999465942383,19.299999237060547,19.559999465942383,1400
2017-10-19,17.058414459228516,19.299999237060547,19.299999237060547,19.299999237060547,19.299999237060547,0
2017-10-20,17.058414459228516,19.299999237060547,19.299999237060547,19.299999237060547,19.299999237060547,0
2017-10-23,17.235183715820312,19.5,19.5,19.479999542236328,19.489999771118164,1100
2017-10-24,17.235183715820312,19.5,19.5,19.5,19.5,0
2017-10-25,17.235183715820312,19.5,19.5,19.299999237060547,19.309999465942383,3200
2017-10-26,17.084930419921875,19.329999923706055,19.600000381469727,19.299999237060547,19.5,8000
2017-10-27,17.031898498535156,19.270000457763672,19.270000457763672,19.270000457763672,19.270000457763672,200
2017-10-30,17.235183715820312,19.5,19.5,19.399999618530273,19.5,4300
2017-10-31,17.235183715820312,19.5,19.5,19.5,19.5,500
2017-11-01,17.235183715820312,19.5,19.530000686645508,19.5,19.530000686645508,500
2017-11-02,17.323572158813477,19.600000381469727,19.600000381469727,19.399999618530273,19.399999618530273,2500
2017-11-03,17.146800994873047,19.399999618530273,19.690000534057617,19.399999618530273,19.690000534057617,800
2017-11-06,17.226346969604492,19.489999771118164,19.489999771118164,19.489999771118164,19.489999771118164,600
2017-11-07,17.235183715820312,19.5,19.5,19.5,19.5,300
2017-11-08,17.323572158813477,19.600000381469727,19.600000381469727,19.5,19.56999969482422,2700
2017-11-09,17.323572158813477,19.600000381469727,19.600000381469727,19.600000381469727,19.600000381469727,0
2017-11-10,17.235183715820312,19.5,19.5,19.5,19.5,100
2017-11-13,17.235183715820312,19.5,19.5,19.5,19.5,0
2017-11-14,17.25286102294922,19.520000457763672,19.559999465942383,19.5,19.510000228881836,1100
2017-11-15,17.25286102294922,19.520000457763672,19.520000457763672,19.520000457763672,19.520000457763672,0
2017-11-16,17.66827392578125,19.989999771118164,19.989999771118164,19.5,19.5,7600
2017-11-17,17.588722229003906,19.899999618530273,19.920000076293945,19.8799991607666,19.8799991607666,1800
2017-11-20,17.60640525817871,19.920000076293945,19.950000762939453,19.920000076293945,19.950000762939453,300
2017-11-21,17.279376983642578,19.549999237060547,19.549999237060547,19.549999237060547,19.549999237060547,200
2017-11-22,17.279376983642578,19.549999237060547,19.549999237060547,19.549999237060547,19.549999237060547,0
2017-11-24,17.438474655151367,19.729999542236328,19.729999542236328,19.729999542236328,19.729999542236328,300
2017-11-27,17.438474655151367,19.729999542236328,19.729999542236328,19.729999542236328,19.729999542236328,0
2017-11-28,17.21750831604004,19.479999542236328,19.75,19.479999542236328,19.729999542236328,7700
2017-11-29,17.367765426635742,19.649999618530273,19.75,19.600000381469727,19.600000381469727,2800
2017-11-30,17.588722229003906,19.899999618530273,19.899999618530273,19.649999618530273,19.700000762939453,5800
2017-12-01,17.562210083007812,19.8700008392334,19.899999618530273,19.8700008392334,19.899999618530273,1300
2017-12-04,17.544532775878906,19.850000381469727,19.950000762939453,19.850000381469727,19.889999389648438,800
2017-12-05,17.51801872253418,19.81999969482422,19.81999969482422,19.68000030517578,19.68000030517578,400
2017-12-06,17.367765426635742,19.649999618530273,19.649999618530273,19.649999618530273,19.649999618530273,200
2017-12-07,17.544532775878906,19.850000381469727,19.850000381469727,19.850000381469727,19.850000381469727,300
2017-12-08,17.544532775878906,19.850000381469727,19.850000381469727,19.850000381469727,19.850000381469727,0
2017-12-11,17.544532775878906,19.850000381469727,19.850000381469727,19.850000381469727,19.850000381469727,0
2017-12-12,17.367765426635742,19.649999618530273,19.790000915527344,19.40999984741211,19.790000915527344,1200
2017-12-13,17.367765426635742,19.649999618530273,19.670000076293945,19.600000381469727,19.600000381469727,9300
2017-12-14,17.323572158813477,19.600000381469727,19.75,19.59000015258789,19.729999542236328,5600
2017-12-15,17.632917404174805,19.950000762939453,19.950000762939453,19.510000228881836,19.510000228881836,8800
2017-12-18,17.677112579345703,20.0,20.0,19.6299991607666,20.0,3100
2017-12-19,17.677112579345703,20.0,20.0,20.0,20.0,0
2017-12-20,17.323572158813477,19.600000381469727,19.75,19.600000381469727,19.6299991607666,10500
2017-12-21,17.34124755859375,19.6200008392334,19.6299991607666,19.6200008392334,19.6200008392334,2100
2017-12-22,17.34124755859375,19.6200008392334,19.6200008392334,19.6200008392334,19.6200008392334,0
2017-12-26,17.314733505249023,19.59000015258789,19.709999084472656,19.59000015258789,19.700000762939453,3400
2017-12-27,17.226346969604492,19.489999771118164,19.5,19.489999771118164,19.5,3200
2017-12-28,17.235183715820312,19.5,19.549999237060547,19.469999313354492,19.549999237060547,5100
2017-12-29,17.376598358154297,19.65999984741211,19.700000762939453,19.65999984741211,19.700000762939453,400
2018-01-02,17.146800994873047,19.399999618530273,19.770000457763672,19.399999618530273,19.700000762939453,700
2018-01-03,17.146800994873047,19.399999618530273,19.399999618530273,19.399999618530273,19.399999618530273,0
2018-01-04,17.42078971862793,19.709999084472656,19.799999237060547,19.700000762939453,19.75,1400
2018-01-05,17.482666015625,19.780000686645508,19.780000686645508,19.780000686645508,19.780000686645508,300
2018-01-08,17.50033950805664,19.799999237060547,19.799999237060547,19.799999237060547,19.799999237060547,1100
2018-01-09,17.50033950805664,19.799999237060547,19.799999237060547,19.799999237060547,19.799999237060547,2100
2018-01-10,17.464984893798828,19.760000228881836,19.760000228881836,19.75,19.75,2500
2018-01-11,17.588722229003906,19.899999618530273,19.899999618530273,19.739999771118164,19.75,22200
2018-01-12,17.456153869628906,19.75,19.799999237060547,19.709999084472656,19.799999237060547,9000
2018-01-16,18.012975692749023,20.3799991607666,20.3799991607666,19.75,19.770000457763672,1300
2018-01-17,17.783178329467773,20.1200008392334,20.149999618530273,20.1200008392334,20.149999618530273,500
2018-01-18,17.898075103759766,20.25,20.25,20.1299991607666,20.149999618530273,1300
2018-01-19,17.880401611328125,20.229999542236328,20.229999542236328,20.229999542236328,20.229999542236328,200
2018-01-22,17.880401611328125,20.229999542236328,20.229999542236328,20.229999542236328,20.229999542236328,0
2018-01-23,17.8538818359375,20.200000762939453,20.31999969482422,20.200000762939453,20.229999542236328,1200
2018-01-24,17.94226837158203,20.299999237060547,20.299999237060547,20.170000076293945,20.170000076293945,1300
2018-01-25,17.94226837158203,20.299999237060547,20.299999237060547,20.299999237060547,20.299999237060547,0
2018-01-26,17.94226837158203,20.299999237060547,20.299999237060547,20.299999237060547,20.299999237060547,0
2018-01-29,17.94226837158203,20.299999237060547,20.299999237060547,20.299999237060547,20.299999237060547,0
2018-01-30,17.906919479370117,20.260000228881836,20.299999237060547,20.040000915527344,20.149999618530273,3100
2018-01-31,17.906919479370117,20.260000228881836,20.260000228881836,20.260000228881836,20.260000228881836,0
2018-02-01,17.730140686035156,20.059999465942383,20.079999923706055,20.0,20.040000915527344,3300
2018-02-02,17.8538818359375,20.200000762939453,20.200000762939453,20.200000762939453,20.200000762939453,300
2018-02-05,17.809690475463867,20.149999618530273,20.149999618530273,20.149999618530273,20.149999618530273,500
2018-02-06,17.783178329467773,20.1200008392334,20.149999618530273,20.06999969482422,20.100000381469727,10300
2018-02-07,17.685951232910156,20.010000228881836,20.010000228881836,19.899999618530273,20.0,87300
2018-02-08,17.685951232910156,20.010000228881836,20.010000228881836,20.010000228881836,20.010000228881836,0
2018-02-09,17.632917404174805,19.950000762939453,19.950000762939453,19.950000762939453,19.950000762939453,300
2018-02-12,17.62408447265625,19.940000534057617,19.950000762939453,19.90999984741211,19.950000762939453,2900
2018-02-13,17.59756851196289,19.90999984741211,20.0,19.209999084472656,20.0,900
2018-02-14,17.50033950805664,19.799999237060547,19.799999237060547,19.799999237060547,19.799999237060547,100
2018-02-15,17.544532775878906,19.850000381469727,19.899999618530273,19.799999237060547,19.799999237060547,9900
2018-02-16,17.66827392578125,19.989999771118164,19.989999771118164,19.899999618530273,19.899999618530273,4800
2018-02-20,17.659433364868164,19.979999542236328,19.979999542236328,19.899999618530273,19.899999618530273,2300
2018-02-21,17.659433364868164,19.979999542236328,19.979999542236328,19.209999084472656,19.209999084472656,3500
2018-02-22,17.659433364868164,19.979999542236328,19.979999542236328,19.979999542236328,19.979999542236328,200
2018-02-23,17.72130012512207,20.049999237060547,20.079999923706055,19.75,19.75,2700
2018-02-26,17.571048736572266,19.8799991607666,19.8799991607666,19.8799991607666,19.8799991607666,100
2018-02-27,17.730140686035156,20.059999465942383,20.100000381469727,20.010000228881836,20.010000228881836,8100
2018-02-28,17.588722229003906,19.899999618530273,19.899999618530273,19.899999618530273,19.899999618530273,200
2018-03-01,17.66827392578125,19.989999771118164,20.0,19.989999771118164,20.0,500
2018-03-02,17.66827392578125,19.989999771118164,19.989999771118164,19.989999771118164,19.989999771118164,0
2018-03-05,17.8538818359375,20.200000762939453,20.200000762939453,20.079999923706055,20.079999923706055,2300
2018-03-06,17.588722229003906,19.899999618530273,19.899999618530273,19.899999618530273,19.899999618530273,300
2018-03-07,17.59756851196289,19.90999984741211,20.200000762939453,19.90999984741211,19.93000030517578,3300
2018-03-08,17.765501022338867,20.100000381469727,20.149999618530273,20.049999237060547,20.149999618530273,2400
2018-03-09,17.8538818359375,20.200000762939453,20.200000762939453,19.93000030517578,19.93000030517578,3800
2018-03-12,17.59756851196289,19.90999984741211,20.25,19.899999618530273,20.049999237060547,3400
2018-03-13,18.074848175048828,20.450000762939453,20.450000762939453,19.899999618530273,19.93000030517578,8200
2018-03-14,17.72130012512207,20.049999237060547,20.450000762939453,20.0,20.0,6400
2018-03-15,17.677112579345703,20.0,20.399999618530273,20.0,20.049999237060547,6600
2018-03-16,17.677112579345703,20.0,20.18000030517578,20.0,20.010000228881836,14500
2018-03-19,17.677112579345703,20.0,20.31999969482422,20.0,20.06999969482422,8900
2018-03-20,17.677112579345703,20.0,20.200000762939453,20.0,20.200000762939453,5100
2018-03-21,17.730140686035156,20.059999465942383,20.18000030517578,20.0,20.010000228881836,13300
2018-03-22,17.765674591064453,20.0,20.049999237060547,19.920000076293945,20.049999237060547,1600
2018-03-23,17.765674591064453,20.0,20.0,19.899999618530273,19.899999618530273,900
2018-03-26,17.765674591064453,20.0,20.0,20.0,20.0,0
2018-03-27,17.898916244506836,20.149999618530273,20.149999618530273,20.149999618530273,20.149999618530273,1200
2018-03-28,17.765674591064453,20.0,20.020000457763672,19.969999313354492,20.0,2700
2018-03-29,17.765674591064453,20.0,20.0,19.899999618530273,19.899999618530273,1000
2018-04-02,17.765674591064453,20.0,20.1299991607666,20.0,20.0,8000
2018-04-03,17.765674591064453,20.0,20.149999618530273,19.899999618530273,19.899999618530273,1000
2018-04-04,17.765674591064453,20.0,20.0,20.0,20.0,0
2018-04-05,17.765674591064453,20.0,20.0,20.0,20.0,100
2018-04-06,17.765674591064453,20.0,20.0,20.0,20.0,0
2018-04-09,17.765674591064453,20.0,20.0,20.0,20.0,700
2018-04-10,17.863386154174805,20.110000610351562,20.110000610351562,20.0,20.0,7000
2018-04-11,17.863386154174805,20.110000610351562,20.110000610351562,20.110000610351562,20.110000610351562,0
2018-04-12,17.94333267211914,20.200000762939453,20.200000762939453,20.100000381469727,20.100000381469727,600
2018-04-13,17.94333267211914,20.200000762939453,20.200000762939453,20.0,20.010000228881836,27100
2018-04-16,17.872268676757812,20.1200008392334,20.1299991607666,20.100000381469727,20.1200008392334,1100
2018-04-17,17.872268676757812,20.1200008392334,20.1200008392334,20.1200008392334,20.1200008392334,0
2018-04-18,17.810087203979492,20.049999237060547,20.049999237060547,20.010000228881836,20.010000228881836,1100
2018-04-19,17.872268676757812,20.1200008392334,20.1200008392334,20.0,20.049999237060547,10900
2018-04-20,17.863386154174805,20.110000610351562,20.110000610351562,20.110000610351562,20.110000610351562,400
2018-04-23,17.863386154174805,20.110000610351562,20.110000610351562,20.110000610351562,20.110000610351562,0
2018-04-24,17.94333267211914,20.200000762939453,20.200000762939453,20.200000762939453,20.200000762939453,200
2018-04-25,17.94333267211914,20.200000762939453,20.200000762939453,20.200000762939453,20.200000762939453,0
2018-04-26,17.94333267211914,20.200000762939453,20.200000762939453,20.200000762939453,20.200000762939453,0
2018-04-27,17.94333267211914,20.200000762939453,20.200000762939453,20.200000762939453,20.200000762939453,200
2018-04-30,17.79232406616211,20.030000686645508,20.450000762939453,20.030000686645508,20.030000686645508,500
2018-05-01,17.99662971496582,20.260000228881836,20.260000228881836,20.260000228881836,20.260000228881836,300
2018-05-02,17.99662971496582,20.260000228881836,20.260000228881836,20.260000228881836,20.260000228881836,0
2018-05-03,17.99662971496582,20.260000228881836,20.260000228881836,20.260000228881836,20.260000228881836,0
2018-05-04,17.99662971496582,20.260000228881836,20.260000228881836,20.260000228881836,20.260000228881836,0
2018-05-07,17.952213287353516,20.209999084472656,20.209999084472656,20.209999084472656,20.209999084472656,400
2018-05-08,17.987747192382812,20.25,20.280000686645508,20.25,20.280000686645508,900
2018-05-09,17.94333267211914,20.200000762939453,20.440000534057617,20.200000762939453,20.440000534057617,500
2018-05-10,18.92044448852539,21.299999237060547,21.329999923706055,20.530000686645508,20.530000686645508,7000
2018-05-11,18.547365188598633,20.8799991607666,21.139999389648438,20.469999313354492,21.139999389648438,7100
2018-05-14,18.476301193237305,20.799999237060547,21.15999984741211,20.780000686645508,21.1200008392334,2900
2018-05-15,18.449657440185547,20.770000457763672,20.790000915527344,20.420000076293945,20.540000915527344,5000
2018-05-16,18.218698501586914,20.510000228881836,21.18000030517578,20.510000228881836,21.059999465942383,4300
2018-05-17,18.582895278930664,20.920000076293945,20.989999771118164,20.299999237060547,20.540000915527344,8200
2018-05-18,18.582895278930664,20.920000076293945,20.920000076293945,20.920000076293945,20.920000076293945,0
2018-05-21,18.23646354675293,20.530000686645508,20.700000762939453,20.200000762939453,20.700000762939453,4200
2018-05-22,18.2808780670166,20.579999923706055,20.8799991607666,20.579999923706055,20.829999923706055,3900
2018-05-23,18.343063354492188,20.649999618530273,21.0,20.459999084472656,21.0,6600
2018-05-24,18.431884765625,20.75,21.1200008392334,20.739999771118164,21.1200008392334,3200
2018-05-25,18.227582931518555,20.520000457763672,20.75,20.420000076293945,20.420000076293945,1600
2018-05-29,18.423002243041992,20.739999771118164,21.149999618530273,20.469999313354492,21.100000381469727,4800
2018-05-30,18.058809280395508,20.329999923706055,21.149999618530273,20.329999923706055,20.899999618530273,4400
2018-05-31,18.245349884033203,20.540000915527344,21.0,20.5,21.0,14100
2018-06-01,19.231340408325195,21.649999618530273,21.649999618530273,20.90999984741211,21.079999923706055,19300
2018-06-04,18.689489364624023,21.040000915527344,21.639999389648438,21.040000915527344,21.110000610351562,500
2018-06-05,18.991506576538086,21.3799991607666,21.610000610351562,21.100000381469727,21.110000610351562,12500
2018-06-06,18.92044448852539,21.299999237060547,21.8700008392334,21.149999618530273,21.149999618530273,5400
2018-06-07,19.586654663085938,22.049999237060547,22.139999389648438,21.989999771118164,22.139999389648438,700
2018-06-08,18.973739624023438,21.360000610351562,21.8700008392334,21.360000610351562,21.8700008392334,600
2018-06-11,18.947092056274414,21.329999923706055,21.329999923706055,21.329999923706055,21.329999923706055,400
2018-06-12,19.977502822875977,22.489999771118164,22.489999771118164,21.389999389648438,21.450000762939453,1900
2018-06-13,20.261749267578125,22.809999465942383,22.809999465942383,22.420000076293945,22.420000076293945,6100
2018-06-14,20.8480167388916,23.469999313354492,23.5,21.600000381469727,21.600000381469727,11100
2018-06-15,21.460935592651367,24.15999984741211,24.15999984741211,23.15999984741211,23.15999984741211,9600
2018-06-18,21.629711151123047,24.350000381469727,24.649999618530273,23.239999771118164,24.649999618530273,8700
2018-06-19,21.85178565979004,24.600000381469727,24.600000381469727,24.0,24.0,7400
2018-06-20,21.75406837463379,24.489999771118164,24.520000457763672,23.0,24.0,6600
2018-06-21,21.452054977416992,24.149999618530273,24.149999618530273,22.729999542236328,23.600000381469727,2400
2018-06-22,21.452054977416992,24.149999618530273,24.649999618530273,22.68000030517578,24.299999237060547,12900
2018-06-25,20.93684959411621,23.56999969482422,24.510000228881836,23.56999969482422,24.100000381469727,9400
2018-06-26,21.629711151123047,24.350000381469727,24.350000381469727,22.950000762939453,23.100000381469727,5200
2018-06-27,21.425403594970703,24.1200008392334,24.6299991607666,23.200000762939453,23.65999984741211,13300
2018-06-28,21.576414108276367,24.290000915527344,24.31999969482422,24.229999542236328,24.239999771118164,3500
2018-06-29,21.229984283447266,23.899999618530273,24.350000381469727,23.899999618530273,23.920000076293945,700
2018-07-02,21.76295280456543,24.5,24.549999237060547,23.940000534057617,24.549999237060547,900
2018-07-03,21.76295280456543,24.5,24.5,24.5,24.5,0
2018-07-05,21.76295280456543,24.5,24.5,24.5,24.5,0
2018-07-06,22.002790451049805,24.770000457763672,24.770000457763672,24.770000457763672,24.770000457763672,100
2018-07-09,21.85178565979004,24.600000381469727,24.600000381469727,24.309999465942383,24.309999465942383,400
2018-07-10,21.70077133178711,24.43000030517578,24.809999465942383,24.25,24.25,2200
2018-07-11,21.54088020324707,24.25,24.540000915527344,24.25,24.280000686645508,1200
2018-07-12,21.54088020324707,24.25,24.649999618530273,24.25,24.5,1100
2018-07-13,21.993907928466797,24.760000228881836,24.760000228881836,24.25,24.31999969482422,500
2018-07-16,21.76295280456543,24.5,24.5,24.25,24.25,800
2018-07-17,22.056087493896484,24.829999923706055,24.829999923706055,24.829999923706055,24.829999923706055,100
2018-07-18,22.056087493896484,24.829999923706055,24.829999923706055,24.5,24.5,500
2018-07-19,21.70077133178711,24.43000030517578,25.040000915527344,24.280000686645508,24.280000686645508,14200
2018-07-20,22.029436111450195,24.799999237060547,24.799999237060547,24.799999237060547,24.799999237060547,200
2018-07-23,21.76295280456543,24.5,24.5,24.40999984741211,24.40999984741211,400
2018-07-24,21.76295280456543,24.5,24.5,24.450000762939453,24.450000762939453,400
2018-07-25,21.76295280456543,24.5,24.5,24.5,24.5,0
2018-07-26,21.76295280456543,24.5,24.5,24.5,24.5,0
2018-07-27,22.20709228515625,25.0,25.0,24.399999618530273,25.0,8400
2018-07-30,22.20709228515625,25.0,25.0,25.0,25.0,0
2018-07-31,21.638593673706055,24.360000610351562,24.68000030517578,24.299999237060547,24.299999237060547,1000
2018-08-01,21.931726455688477,24.690000534057617,24.700000762939453,24.299999237060547,24.299999237060547,1400
2018-08-02,21.94060707092285,24.700000762939453,24.700000762939453,24.350000381469727,24.350000381469727,200
2018-08-03,21.64747428894043,24.3700008392334,24.3700008392334,24.3700008392334,24.3700008392334,300
2018-08-06,21.64747428894043,24.3700008392334,24.3700008392334,24.3700008392334,24.3700008392334,0
2018-08-07,21.64747428894043,24.3700008392334,24.3700008392334,24.3700008392334,24.3700008392334,0
2018-08-08,21.64747428894043,24.3700008392334,24.3700008392334,24.3700008392334,24.3700008392334,0
2018-08-09,21.64747428894043,24.3700008392334,24.3700008392334,24.3700008392334,24.3700008392334,0
2018-08-10,21.576414108276367,24.290000915527344,24.299999237060547,24.260000228881836,24.260000228881836,700
2018-08-13,21.47869873046875,24.18000030517578,24.25,24.18000030517578,24.200000762939453,1000
2018-08-14,21.47869873046875,24.18000030517578,24.18000030517578,24.18000030517578,24.18000030517578,0
2018-08-15,21.318809509277344,24.0,24.0,24.0,24.0,1100
2018-08-16,21.51423454284668,24.219999313354492,24.219999313354492,23.899999618530273,23.899999618530273,1600
2018-08-17,21.49646759033203,24.200000762939453,24.200000762939453,22.450000762939453,23.100000381469727,6100
2018-08-20,21.54976463317871,24.260000228881836,24.260000228881836,23.209999084472656,23.5,3000
2018-08-21,21.54976463317871,24.260000228881836,24.260000228881836,24.260000228881836,24.260000228881836,0
2018-08-22,21.976139068603516,24.739999771118164,24.739999771118164,23.479999542236328,23.68000030517578,3200
2018-08-23,21.585296630859375,24.299999237060547,24.510000228881836,23.899999618530273,23.899999618530273,2800
2018-08-24,22.073848724365234,24.850000381469727,24.899999618530273,24.059999465942383,24.1299991607666,4900
2018-08-27,21.71854019165039,24.450000762939453,24.899999618530273,24.450000762939453,24.68000030517578,2700
2018-08-28,22.029436111450195,24.799999237060547,24.899999618530273,24.799999237060547,24.899999618530273,8500
2018-08-29,22.09161949157715,24.8700008392334,24.899999618530273,24.270000457763672,24.270000457763672,400
2018-08-30,22.011669158935547,24.780000686645508,24.780000686645508,24.34000015258789,24.34000015258789,200
2018-08-31,22.118267059326172,24.899999618530273,24.899999618530273,24.899999618530273,24.899999618530273,200
2018-09-04,22.13603401184082,24.920000076293945,25.0,24.360000610351562,25.0,400
2018-09-05,22.082733154296875,24.860000610351562,24.860000610351562,24.360000610351562,24.360000610351562,200
2018-09-06,22.162677764892578,24.950000762939453,24.950000762939453,24.950000762939453,24.950000762939453,500
2018-09-07,22.162677764892578,24.950000762939453,24.950000762939453,24.950000762939453,24.950000762939453,0
2018-09-10,21.76295280456543,24.5,24.950000762939453,24.5,24.950000762939453,300
2018-09-11,21.834014892578125,24.579999923706055,24.920000076293945,23.969999313354492,24.459999084472656,5900
2018-09-12,22.162677764892578,24.950000762939453,24.950000762939453,24.31999969482422,24.920000076293945,2900
2018-09-13,21.638593673706055,24.360000610351562,24.950000762939453,24.1299991607666,24.950000762939453,2100
2018-09-14,21.816247940063477,24.559999465942383,24.93000030517578,24.299999237060547,24.8700008392334,1100
2018-09-17,22.162677764892578,24.950000762939453,24.950000762939453,24.93000030517578,24.93000030517578,400
2018-09-18,22.162677764892578,24.950000762939453,24.950000762939453,24.93000030517578,24.93000030517578,1000
2018-09-19,22.162677764892578,24.950000762939453,24.950000762939453,24.950000762939453,24.950000762939453,0
2018-09-20,21.89619255065918,24.649999618530273,24.700000762939453,24.049999237060547,24.5,4900
2018-09-21,21.1864070892334,23.729999542236328,23.729999542236328,23.729999542236328,23.729999542236328,3600
2018-09-24,22.034584045410156,24.68000030517578,24.68000030517578,24.68000030517578,24.68000030517578,100
2018-09-25,21.12390899658203,23.65999984741211,23.799999237060547,23.65999984741211,23.799999237060547,1800
2018-09-26,21.03463363647461,23.559999465942383,23.559999465942383,23.559999465942383,23.559999465942383,100
2018-09-27,21.159626007080078,23.700000762939453,23.75,23.40999984741211,23.690000534057617,5200
2018-09-28,20.579296112060547,23.049999237060547,23.549999237060547,23.049999237060547,23.399999618530273,1000
2018-10-01,20.70429229736328,23.190000534057617,23.399999618530273,23.0,23.399999618530273,3900
2018-10-02,20.70429229736328,23.190000534057617,23.190000534057617,23.190000534057617,23.190000534057617,0
2018-10-03,20.088253021240234,22.5,23.0,22.5,22.739999771118164,6600
2018-10-04,20.088253021240234,22.5,22.600000381469727,22.0,22.389999389648438,3200
2018-10-05,19.650774002075195,22.010000228881836,22.010000228881836,22.010000228881836,22.010000228881836,100
2018-10-08,19.650774002075195,22.010000228881836,22.010000228881836,22.010000228881836,22.010000228881836,0
2018-10-09,20.534658432006836,23.0,23.0,23.0,23.0,1200
2018-10-10,20.088253021240234,22.5,22.889999389648438,22.5,22.889999389648438,800
2018-10-11,20.31145477294922,22.75,22.75,22.110000610351562,22.5,2600
2018-10-12,20.31145477294922,22.75,23.0,22.5,22.510000228881836,1800
2018-10-15,20.31145477294922,22.75,22.75,22.75,22.75,0
2018-10-16,20.534658432006836,23.0,23.0,22.889999389648438,23.0,2500
2018-10-17,20.400733947753906,22.850000381469727,22.959999084472656,22.399999618530273,22.399999618530273,700
2018-10-18,20.400733947753906,22.850000381469727,22.850000381469727,22.850000381469727,22.850000381469727,0
2018-10-19,20.400733947753906,22.850000381469727,22.850000381469727,22.850000381469727,22.850000381469727,0
2018-10-22,20.534658432006836,23.0,23.0,23.0,23.0,3600
2018-10-23,20.49001693725586,22.950000762939453,23.0,22.5,22.510000228881836,3400
2018-10-24,20.31145477294922,22.75,22.75,22.75,22.75,1200
2018-10-25,19.74898338317871,22.1200008392334,22.850000381469727,22.1200008392334,22.780000686645508,1300
2018-10-26,19.33829116821289,21.65999984741211,21.899999618530273,21.65999984741211,21.899999618530273,600
2018-10-29,19.641849517822266,22.0,22.010000228881836,22.0,22.010000228881836,600
2018-10-30,18.927597045898438,21.200000762939453,21.200000762939453,21.0,21.0,600
2018-10-31,19.302579879760742,21.6200008392334,21.6200008392334,21.030000686645508,21.139999389648438,700
2018-11-01,19.811481475830078,22.190000534057617,22.190000534057617,22.190000534057617,22.190000534057617,200
2018-11-02,19.73112678527832,22.100000381469727,22.100000381469727,22.100000381469727,22.100000381469727,700
2018-11-05,19.195438385009766,21.5,22.100000381469727,21.5,21.850000381469727,1400
2018-11-06,19.195438385009766,21.5,21.5,21.5,21.5,0
2018-11-07,19.641849517822266,22.0,22.0,21.809999465942383,22.0,1700
2018-11-08,19.74005699157715,22.110000610351562,22.110000610351562,21.889999389648438,21.889999389648438,700
2018-11-09,19.74005699157715,22.110000610351562,22.110000610351562,22.110000610351562,22.110000610351562,500
2018-11-12,19.74005699157715,22.110000610351562,22.110000610351562,22.110000610351562,22.110000610351562,100
2018-11-13,19.641849517822266,22.0,22.0,22.0,22.0,200
2018-11-14,19.650774002075195,22.010000228881836,22.010000228881836,22.010000228881836,22.010000228881836,200
2018-11-15,19.641849517822266,22.0,22.0,22.0,22.0,100
2018-11-16,19.641849517822266,22.0,22.0,22.0,22.0,100
2018-11-19,19.641849517822266,22.0,22.0,22.0,22.0,100
2018-11-20,19.195438385009766,21.5,22.0,21.5,21.600000381469727,3000
2018-11-21,19.195438385009766,21.5,21.5,21.5,21.5,100
2018-11-23,19.195438385009766,21.5,21.5,21.5,21.5,0
2018-11-26,19.472209930419922,21.809999465942383,21.809999465942383,21.700000762939453,21.719999313354492,1700
2018-11-27,19.195438385009766,21.5,21.5,21.5,21.5,500
2018-11-28,19.195438385009766,21.5,21.5,21.5,21.5,100
2018-11-29,19.847192764282227,22.229999542236328,22.690000534057617,22.0,22.200000762939453,2300
2018-11-30,19.195438385009766,21.5,21.5,21.5,21.5,900
2018-12-03,19.195438385009766,21.5,21.5,21.5,21.5,100
2018-12-04,19.820405960083008,22.200000762939453,22.350000381469727,21.549999237060547,21.579999923706055,1800
2018-12-06,19.347219467163086,21.670000076293945,22.299999237060547,21.670000076293945,22.049999237060547,500
2018-12-07,19.249008178710938,21.559999465942383,21.780000686645508,21.5,21.700000762939453,18700
2018-12-10,19.23115348815918,21.540000915527344,21.579999923706055,21.5,21.579999923706055,1900
2018-12-11,18.757963180541992,21.010000228881836,21.40999984741211,20.5,21.40999984741211,265900
2018-12-12,18.704395294189453,20.950000762939453,20.950000762939453,20.950000762939453,20.950000762939453,400
2018-12-13,18.65082550048828,20.889999389648438,20.950000762939453,20.559999465942383,20.559999465942383,1600
2018-12-14,18.65082550048828,20.889999389648438,20.889999389648438,20.889999389648438,20.889999389648438,300
2018-12-17,18.927597045898438,21.200000762939453,21.450000762939453,20.5,20.68000030517578,13000
2018-12-18,19.016878128051758,21.299999237060547,21.299999237060547,20.790000915527344,21.18000030517578,9000
2018-12-19,18.79367446899414,21.049999237060547,21.299999237060547,20.75,21.229999542236328,56500
2018-12-20,18.01693344116211,20.18000030517578,20.889999389648438,19.3799991607666,20.889999389648438,7300
2018-12-21,17.856224060058594,20.0,20.889999389648438,18.700000762939453,20.889999389648438,3300
2018-12-24,17.641950607299805,19.760000228881836,19.760000228881836,19.760000228881836,19.760000228881836,200
2018-12-26,17.58837890625,19.700000762939453,19.799999237060547,19.700000762939453,19.799999237060547,900
2018-12-27,17.409818649291992,19.5,20.600000381469727,18.760000228881836,20.0,10300
2018-12-28,17.945507049560547,20.100000381469727,20.100000381469727,20.100000381469727,20.100000381469727,200
2018-12-31,17.963359832763672,20.1200008392334,20.489999771118164,20.0,20.0,3700
2019-01-02,18.436553955078125,20.649999618530273,20.649999618530273,20.209999084472656,20.209999084472656,900
2019-01-03,18.07942771911621,20.25,20.690000534057617,20.020000457763672,20.020000457763672,2700
2019-01-04,17.856224060058594,20.0,20.31999969482422,20.0,20.200000762939453,3600
2019-01-07,17.856224060058594,20.0,20.149999618530273,20.0,20.149999618530273,1100
2019-01-08,18.07942771911621,20.25,20.350000381469727,20.25,20.350000381469727,5000
2019-01-09,18.1687068939209,20.350000381469727,20.350000381469727,20.25,20.25,1400
2019-01-10,18.124065399169922,20.299999237060547,20.299999237060547,20.299999237060547,20.299999237060547,300
2019-01-11,18.124065399169922,20.299999237060547,20.299999237060547,20.25,20.299999237060547,8600
2019-01-14,18.15085220336914,20.329999923706055,20.65999984741211,20.200000762939453,20.65999984741211,1800
2019-01-15,17.856224060058594,20.0,20.760000228881836,20.0,20.700000762939453,2100
2019-01-16,17.83836555480957,19.979999542236328,20.5,19.979999542236328,20.5,300
2019-01-17,17.811582565307617,19.950000762939453,20.360000610351562,19.399999618530273,19.399999618530273,2000
2019-01-18,17.811582565307617,19.950000762939453,19.950000762939453,19.950000762939453,19.950000762939453,1200
2019-01-22,17.918720245361328,20.06999969482422,20.260000228881836,20.0,20.260000228881836,2500
2019-01-23,17.856224060058594,20.0,20.0,20.0,20.0,1600
2019-01-24,17.856224060058594,20.0,20.0,20.0,20.0,100
2019-01-25,17.856224060058594,20.0,20.229999542236328,20.0,20.139999389648438,7800
2019-01-28,17.990144729614258,20.149999618530273,20.149999618530273,20.0,20.0,500
2019-01-29,17.275896072387695,19.350000381469727,20.049999237060547,19.350000381469727,20.049999237060547,800
2019-01-30,17.856224060058594,20.0,20.15999984741211,20.0,20.0,2600
2019-01-31,18.21335220336914,20.399999618530273,20.399999618530273,20.399999618530273,20.399999618530273,1000
2019-02-01,18.21335220336914,20.399999618530273,20.399999618530273,20.299999237060547,20.389999389648438,3700
2019-02-04,18.65082550048828,20.889999389648438,20.889999389648438,20.889999389648438,20.889999389648438,100
2019-02-05,18.25798988342285,20.450000762939453,20.959999084472656,20.450000762939453,20.450000762939453,800
2019-02-06,18.25798988342285,20.450000762939453,20.600000381469727,20.450000762939453,20.5,1800
2019-02-07,18.25798988342285,20.450000762939453,20.459999084472656,20.450000762939453,20.459999084472656,1500
2019-02-08,18.525829315185547,20.75,20.75,20.450000762939453,20.450000762939453,3500
2019-02-11,18.302629470825195,20.5,20.510000228881836,20.5,20.510000228881836,1900
2019-02-12,18.302629470825195,20.5,20.5,20.5,20.5,700
2019-02-13,18.302629470825195,20.5,20.5,20.5,20.5,0
2019-02-14,18.302629470825195,20.5,20.5,20.5,20.5,300
2019-02-15,18.311555862426758,20.510000228881836,20.920000076293945,20.510000228881836,20.559999465942383,600
2019-02-19,18.704395294189453,20.950000762939453,20.950000762939453,20.510000228881836,20.510000228881836,600
2019-02-20,18.704395294189453,20.950000762939453,20.950000762939453,20.950000762939453,20.950000762939453,100
2019-02-21,18.704395294189453,20.950000762939453,20.950000762939453,20.950000762939453,20.950000762939453,100
2019-02-22,18.677608489990234,20.920000076293945,21.0,20.920000076293945,21.0,13500
2019-02-25,18.882957458496094,21.149999618530273,21.149999618530273,20.989999771118164,21.0,3500
2019-02-26,18.749038696289062,21.0,21.110000610351562,21.0,21.110000610351562,6700
2019-02-27,18.749038696289062,21.0,21.1299991607666,21.0,21.110000610351562,2000
2019-02-28,18.847246170043945,21.110000610351562,21.110000610351562,21.0,21.030000686645508,600
2019-03-01,19.641849517822266,22.0,22.0,21.100000381469727,21.100000381469727,23700
2019-03-04,19.641849517822266,22.0,22.0,22.0,22.0,200
2019-03-05,17.981216430664062,20.139999389648438,21.549999237060547,20.139999389648438,21.549999237060547,1200
2019-03-06,18.641897201538086,20.8799991607666,20.8799991607666,20.420000076293945,20.420000076293945,400
2019-03-07,18.63296890258789,20.8700008392334,20.8700008392334,20.8700008392334,20.8700008392334,200
2019-03-08,18.49011993408203,20.709999084472656,20.709999084472656,20.709999084472656,20.709999084472656,100
2019-03-11,18.49011993408203,20.709999084472656,20.709999084472656,20.709999084472656,20.709999084472656,100
2019-03-12,18.49011993408203,20.709999084472656,20.709999084472656,20.709999084472656,20.709999084472656,100
2019-03-13,19.106157302856445,21.399999618530273,21.399999618530273,21.399999618530273,21.399999618530273,200
2019-03-14,19.35614776611328,21.68000030517578,21.829999923706055,21.68000030517578,21.829999923706055,500
2019-03-15,19.42757225036621,21.760000228881836,21.760000228881836,19.84000015258789,20.6299991607666,5600
2019-03-18,19.597206115722656,21.950000762939453,21.950000762939453,21.40999984741211,21.40999984741211,2500
2019-03-19,19.5168514251709,21.860000610351562,21.899999618530273,21.399999618530273,21.899999618530273,2200
2019-03-20,19.204368591308594,21.510000228881836,21.799999237060547,21.510000228881836,21.799999237060547,400
2019-03-21,19.3525447845459,21.549999237060547,21.549999237060547,21.34000015258789,21.530000686645508,1300
2019-03-22,18.8765869140625,21.020000457763672,21.549999237060547,21.020000457763672,21.549999237060547,1200
2019-03-25,18.499414443969727,20.600000381469727,20.600000381469727,20.600000381469727,20.600000381469727,200
2019-03-26,19.262737274169922,21.450000762939453,21.5,21.200000762939453,21.5,2200
2019-03-27,18.023462295532227,20.06999969482422,20.06999969482422,20.06999969482422,20.06999969482422,200
2019-03-28,18.858625411987305,21.0,21.0,21.0,21.0,1800
2019-03-29,17.897735595703125,19.93000030517578,20.350000381469727,19.59000015258789,20.0,4700
2019-04-01,17.780988693237305,19.799999237060547,20.290000915527344,19.579999923706055,19.799999237060547,7200
2019-04-02,18.23000717163086,20.299999237060547,20.350000381469727,20.0,20.010000228881836,10400
2019-04-03,17.475662231445312,19.459999084472656,20.299999237060547,19.459999084472656,20.299999237060547,2700
2019-04-04,17.78997039794922,19.809999465942383,20.0,19.510000228881836,20.0,3500
2019-04-05,17.60138511657715,19.600000381469727,19.809999465942383,19.530000686645508,19.530000686645508,6900
2019-04-08,17.96059799194336,20.0,20.1299991607666,19.979999542236328,20.1299991607666,1200
2019-04-09,17.96059799194336,20.0,20.0,20.0,20.0,0
2019-04-10,17.72711181640625,19.739999771118164,20.18000030517578,19.59000015258789,19.889999389648438,4300
2019-04-11,17.45770263671875,19.440000534057617,19.440000534057617,19.440000534057617,19.440000534057617,1000
2019-04-12,17.60138511657715,19.600000381469727,19.600000381469727,19.600000381469727,19.600000381469727,400
2019-04-15,17.915699005126953,19.950000762939453,19.950000762939453,19.700000762939453,19.700000762939453,800
2019-04-16,17.942636489868164,19.979999542236328,20.100000381469727,19.729999542236328,19.81999969482422,3800
2019-04-17,17.56546401977539,19.559999465942383,20.170000076293945,19.389999389648438,19.729999542236328,2200
2019-04-18,18.032438278198242,20.079999923706055,20.079999923706055,19.84000015258789,19.84000015258789,4000
2019-04-22,18.23000717163086,20.299999237060547,20.299999237060547,20.290000915527344,20.290000915527344,800
2019-04-23,18.23000717163086,20.299999237060547,20.299999237060547,20.299999237060547,20.299999237060547,0
2019-04-24,18.095300674438477,20.149999618530273,20.149999618530273,19.8700008392334,19.8700008392334,700
2019-04-25,17.81691551208496,19.84000015258789,19.84000015258789,19.84000015258789,19.84000015258789,100
2019-04-26,18.01447868347168,20.059999465942383,20.059999465942383,20.059999465942383,20.059999465942383,300
2019-04-29,18.095300674438477,20.149999618530273,20.149999618530273,19.979999542236328,19.979999542236328,3200
2019-04-30,18.095300674438477,20.149999618530273,20.149999618530273,20.149999618530273,20.149999618530273,0
2019-05-01,17.691192626953125,19.700000762939453,20.299999237060547,19.700000762939453,20.299999237060547,1900
2019-05-02,18.14020538330078,20.200000762939453,20.209999084472656,19.700000762939453,19.700000762939453,2300
2019-05-03,18.14020538330078,20.200000762939453,20.200000762939453,20.190000534057617,20.200000762939453,2500
2019-05-06,18.01447868347168,20.059999465942383,20.110000610351562,20.0,20.0,3400
2019-05-07,17.825889587402344,19.850000381469727,19.850000381469727,19.850000381469727,19.850000381469727,400
2019-05-08,17.825889587402344,19.850000381469727,19.850000381469727,19.850000381469727,19.850000381469727,0
2019-05-09,17.924673080444336,19.959999084472656,19.959999084472656,19.959999084472656,19.959999084472656,500
2019-05-10,17.825889587402344,19.850000381469727,19.850000381469727,19.850000381469727,19.850000381469727,1600
2019-05-13,17.978557586669922,20.020000457763672,20.18000030517578,19.719999313354492,19.719999313354492,1800
2019-05-14,18.086322784423828,20.139999389648438,20.299999237060547,20.139999389648438,20.25,1100
2019-05-15,17.448720932006836,19.43000030517578,19.43000030517578,19.43000030517578,19.43000030517578,300
2019-05-16,18.185102462768555,20.25,20.25,20.0,20.0,2000
2019-05-17,18.05040168762207,20.100000381469727,20.100000381469727,20.09000015258789,20.09000015258789,400
2019-05-20,17.709148406982422,19.719999313354492,20.299999237060547,19.719999313354492,20.010000228881836,8600
2019-05-21,18.23000717163086,20.299999237060547,20.299999237060547,20.299999237060547,20.299999237060547,300
2019-05-22,18.23000717163086,20.299999237060547,20.299999237060547,20.299999237060547,20.299999237060547,100
2019-05-23,18.23000717163086,20.299999237060547,20.299999237060547,20.299999237060547,20.299999237060547,0
2019-05-24,18.23000717163086,20.299999237060547,20.299999237060547,20.299999237060547,20.299999237060547,300
2019-05-28,18.11326026916504,20.170000076293945,20.299999237060547,20.0,20.299999237060547,5500
2019-05-29,17.93365478515625,19.969999313354492,19.969999313354492,19.969999313354492,19.969999313354492,100
2019-05-30,17.93365478515625,19.969999313354492,19.969999313354492,19.969999313354492,19.969999313354492,100
2019-05-31,17.93365478515625,19.969999313354492,19.969999313354492,19.969999313354492,19.969999313354492,100
2019-06-03,17.51158332824707,19.5,20.299999237060547,19.25,19.25,4900
2019-06-04,18.14020538330078,20.200000762939453,20.299999237060547,19.600000381469727,19.600000381469727,5700
2019-06-05,18.16714096069336,20.229999542236328,20.299999237060547,20.040000915527344,20.040000915527344,3200
2019-06-06,17.242176055908203,19.200000762939453,19.56999969482422,19.15999984741211,19.56999969482422,9400
2019-06-07,17.942636489868164,19.979999542236328,19.979999542236328,19.170000076293945,19.170000076293945,7000
2019-06-10,18.23000717163086,20.299999237060547,20.299999237060547,19.8799991607666,19.889999389648438,8900
2019-06-11,18.23000717163086,20.299999237060547,20.299999237060547,20.299999237060547,20.299999237060547,0
2019-06-12,18.23000717163086,20.299999237060547,20.299999237060547,20.299999237060547,20.299999237060547,300
2019-06-13,18.499414443969727,20.600000381469727,20.600000381469727,20.170000076293945,20.260000228881836,15500
2019-06-14,18.8137264251709,20.950000762939453,20.950000762939453,20.649999618530273,20.649999618530273,3700
2019-06-17,18.903528213500977,21.049999237060547,21.049999237060547,20.950000762939453,20.950000762939453,3400
2019-06-18,19.31662368774414,21.510000228881836,21.700000762939453,21.010000228881836,21.010000228881836,5900
2019-06-19,19.30764389038086,21.5,21.5,21.079999923706055,21.3700008392334,2500
2019-06-20,19.361520767211914,21.559999465942383,21.559999465942383,21.530000686645508,21.530000686645508,300
2019-06-21,19.30764389038086,21.5,21.5,21.25,21.25,2800
2019-06-24,19.08313751220703,21.25,21.25,21.100000381469727,21.100000381469727,1800
2019-06-25,19.05619239807129,21.219999313354492,21.25,20.959999084472656,21.0,7600
2019-06-26,18.391651153564453,20.479999542236328,21.100000381469727,20.479999542236328,21.100000381469727,3800
2019-06-27,18.777807235717773,20.90999984741211,20.90999984741211,20.90999984741211,20.90999984741211,200
2019-06-28,18.777807235717773,20.90999984741211,21.25,20.90999984741211,21.049999237060547,8500
2019-07-01,18.14020538330078,20.200000762939453,20.90999984741211,19.989999771118164,20.90999984741211,3800
2019-07-02,18.499414443969727,20.600000381469727,20.600000381469727,20.09000015258789,20.09000015258789,5500
2019-07-03,18.607177734375,20.719999313354492,20.719999313354492,20.200000762939453,20.200000762939453,800
2019-07-05,18.607177734375,20.719999313354492,20.719999313354492,20.719999313354492,20.719999313354492,1700
2019-07-08,18.804744720458984,20.940000534057617,21.25,20.75,20.75,6800
2019-07-09,18.840667724609375,20.979999542236328,20.979999542236328,20.979999542236328,20.979999542236328,400
2019-07-10,19.469289779663086,21.68000030517578,21.700000762939453,21.25,21.25,17600
2019-07-11,19.289682388305664,21.479999542236328,21.700000762939453,21.43000030517578,21.43000030517578,1900
2019-07-12,18.89455223083496,21.040000915527344,21.040000915527344,21.040000915527344,21.040000915527344,600
2019-07-15,18.89455223083496,21.040000915527344,21.040000915527344,21.040000915527344,21.040000915527344,100
2019-07-16,18.95741081237793,21.110000610351562,21.43000030517578,21.0,21.0,4200
2019-07-17,18.95741081237793,21.110000610351562,21.110000610351562,21.110000610351562,21.110000610351562,100
2019-07-18,19.397445678710938,21.600000381469727,21.700000762939453,20.549999237060547,21.209999084472656,8100
2019-07-19,19.020275115966797,21.18000030517578,21.5,21.1299991607666,21.350000381469727,2800
2019-07-22,19.038232803344727,21.200000762939453,21.25,21.06999969482422,21.25,5100
2019-07-23,19.065176010131836,21.229999542236328,21.260000228881836,21.200000762939453,21.200000762939453,3100
2019-07-24,19.48724937438965,21.700000762939453,21.700000762939453,21.200000762939453,21.239999771118164,8300
2019-07-25,19.04721450805664,21.209999084472656,21.43000030517578,21.209999084472656,21.43000030517578,400
2019-07-26,19.48724937438965,21.700000762939453,21.700000762939453,21.31999969482422,21.31999969482422,400
2019-07-29,19.13701629638672,21.309999465942383,21.729999542236328,21.309999465942383,21.670000076293945,3600
2019-07-30,19.460308074951172,21.670000076293945,21.690000534057617,21.299999237060547,21.299999237060547,2200
2019-07-31,19.038232803344727,21.200000762939453,22.0,21.200000762939453,21.729999542236328,4800
2019-08-01,19.172935485839844,21.350000381469727,21.899999618530273,21.260000228881836,21.559999465942383,1900
2019-08-02,19.30764389038086,21.5,21.559999465942383,21.299999237060547,21.299999237060547,1700
2019-08-05,18.948429107666016,21.100000381469727,21.260000228881836,21.020000457763672,21.260000228881836,3100
2019-08-06,18.948429107666016,21.100000381469727,21.260000228881836,21.020000457763672,21.260000228881836,3100
2019-08-07,19.379486083984375,21.579999923706055,21.579999923706055,21.0,21.100000381469727,2800
2019-08-08,18.795766830444336,20.93000030517578,20.93000030517578,20.809999465942383,20.809999465942383,1000
2019-08-09,18.822704315185547,20.959999084472656,20.969999313354492,20.860000610351562,20.860000610351562,400
2019-08-12,19.12803840637207,21.299999237060547,21.700000762939453,21.299999237060547,21.700000762939453,5800
2019-08-13,18.993331909179688,21.149999618530273,21.299999237060547,21.079999923706055,21.299999237060547,8200
2019-08-14,19.038232803344727,21.200000762939453,21.209999084472656,21.200000762939453,21.209999084472656,200
2019-08-15,19.262737274169922,21.450000762939453,21.450000762939453,21.149999618530273,21.149999618530273,2500
2019-08-16,19.08313751220703,21.25,21.559999465942383,21.200000762939453,21.559999465942383,3000
2019-08-19,19.666854858398438,21.899999618530273,22.0,21.579999923706055,21.809999465942383,6200
2019-08-20,19.71175765991211,21.950000762939453,22.0,21.950000762939453,21.979999542236328,500
2019-08-21,19.71175765991211,21.950000762939453,21.950000762939453,21.950000762939453,21.950000762939453,0
2019-08-22,19.48724937438965,21.700000762939453,21.700000762939453,21.700000762939453,21.700000762939453,400
2019-08-23,19.48724937438965,21.700000762939453,21.84000015258789,21.25,21.700000762939453,6400
2019-08-26,19.217836380004883,21.399999618530273,21.510000228881836,21.399999618530273,21.40999984741211,2900
2019-08-27,19.30764389038086,21.5,21.559999465942383,21.329999923706055,21.450000762939453,4400
2019-08-28,19.30764389038086,21.5,21.5,21.5,21.5,0
2019-08-29,19.48724937438965,21.700000762939453,21.950000762939453,21.610000610351562,21.799999237060547,2800
2019-08-30,19.48724937438965,21.700000762939453,21.700000762939453,21.700000762939453,21.700000762939453,0
2019-09-03,19.48724937438965,21.700000762939453,21.700000762939453,21.700000762939453,21.700000762939453,0
2019-09-04,19.48724937438965,21.700000762939453,21.700000762939453,21.700000762939453,21.700000762939453,0
2019-09-05,19.559091567993164,21.780000686645508,21.780000686645508,21.780000686645508,21.780000686645508,1500
2019-09-06,19.217836380004883,21.399999618530273,21.399999618530273,21.399999618530273,21.399999618530273,200
2019-09-09,19.217836380004883,21.399999618530273,21.399999618530273,21.399999618530273,21.399999618530273,0
2019-09-10,19.226821899414062,21.40999984741211,21.40999984741211,21.40999984741211,21.40999984741211,600
2019-09-11,19.217836380004883,21.399999618530273,21.81999969482422,21.399999618530273,21.81999969482422,700
2019-09-12,19.756662368774414,22.0,22.0,21.399999618530273,21.399999618530273,1100
2019-09-13,19.65787124633789,21.889999389648438,22.0,21.549999237060547,21.549999237060547,2700
2019-09-16,19.756662368774414,22.0,22.110000610351562,21.56999969482422,21.889999389648438,94700
2019-09-17,20.205673217773438,22.5,22.510000228881836,21.65999984741211,22.110000610351562,6600
2019-09-18,19.891361236572266,22.149999618530273,22.600000381469727,22.149999618530273,22.3799991607666,3000
2019-09-19,19.514188766479492,21.729999542236328,23.0,21.729999542236328,22.5,3600
2019-09-20,19.459932327270508,21.520000457763672,22.399999618530273,21.520000457763672,22.399999618530273,4900
2019-09-23,20.16526222229004,22.299999237060547,22.530000686645508,22.299999237060547,22.399999618530273,200300
2019-09-24,20.373249053955078,22.530000686645508,22.530000686645508,22.170000076293945,22.170000076293945,600
2019-09-25,19.57748794555664,21.649999618530273,21.860000610351562,21.600000381469727,21.860000610351562,1900
2019-09-26,19.57748794555664,21.649999618530273,21.649999618530273,21.649999618530273,21.649999618530273,0
2019-09-27,19.49610137939453,21.559999465942383,21.559999465942383,21.520000457763672,21.520000457763672,500
2019-09-30,18.989709854125977,21.0,21.780000686645508,21.0,21.780000686645508,10700
2019-10-01,19.405677795410156,21.459999084472656,21.459999084472656,20.770000457763672,20.770000457763672,700
2019-10-02,18.8992862701416,20.899999618530273,21.020000457763672,20.84000015258789,20.84000015258789,4100
2019-10-03,18.71843147277832,20.700000762939453,21.149999618530273,20.610000610351562,20.899999618530273,26900
2019-10-04,18.808855056762695,20.799999237060547,20.799999237060547,20.670000076293945,20.670000076293945,2700
2019-10-07,18.628000259399414,20.600000381469727,21.040000915527344,20.600000381469727,21.0,1900
2019-10-08,18.962583541870117,20.969999313354492,20.969999313354492,20.969999313354492,20.969999313354492,200
2019-10-09,19.034923553466797,21.049999237060547,21.049999237060547,21.049999237060547,21.049999237060547,700
2019-10-10,19.080137252807617,21.100000381469727,21.100000381469727,21.049999237060547,21.049999237060547,2400
2019-10-11,19.33333396911621,21.3799991607666,21.3799991607666,21.3799991607666,21.3799991607666,200
2019-10-14,19.33333396911621,21.3799991607666,21.84000015258789,21.3799991607666,21.780000686645508,4700
2019-10-15,19.33333396911621,21.3799991607666,21.3799991607666,21.3799991607666,21.3799991607666,100
2019-10-16,19.33333396911621,21.3799991607666,21.3799991607666,21.3799991607666,21.3799991607666,100
2019-10-17,19.848772048950195,21.950000762939453,21.950000762939453,21.84000015258789,21.84000015258789,1100
2019-10-18,19.532272338867188,21.600000381469727,21.75,21.489999771118164,21.75,2700
2019-10-21,19.73121452331543,21.81999969482422,21.950000762939453,21.489999771118164,21.489999771118164,1300
2019-10-22,19.414714813232422,21.469999313354492,21.469999313354492,21.469999313354492,21.469999313354492,200
2019-10-23,19.7131290435791,21.799999237060547,21.799999237060547,21.799999237060547,21.799999237060547,100
2019-10-24,19.33333396911621,21.3799991607666,21.399999618530273,21.3799991607666,21.399999618530273,500
2019-10-25,19.351417541503906,21.399999618530273,21.399999618530273,21.3799991607666,21.3799991607666,3400
2019-10-28,18.82694435119629,20.81999969482422,20.81999969482422,20.350000381469727,20.350000381469727,400
2019-10-29,18.808855056762695,20.799999237060547,21.479999542236328,20.799999237060547,21.209999084472656,1800
2019-10-30,18.808855056762695,20.799999237060547,20.799999237060547,20.799999237060547,20.799999237060547,500
2019-10-31,19.848772048950195,21.950000762939453,21.950000762939453,21.760000228881836,21.850000381469727,4300
2019-11-01,19.848772048950195,21.950000762939453,21.950000762939453,21.950000762939453,21.950000762939453,0
2019-11-04,19.468976974487305,21.530000686645508,21.8799991607666,21.530000686645508,21.850000381469727,700
2019-11-05,19.441848754882812,21.5,21.5,21.5,21.5,200
2019-11-06,19.441848754882812,21.5,21.5,21.5,21.5,0
2019-11-07,19.441848754882812,21.5,21.5,21.5,21.5,100
2019-11-08,19.676958084106445,21.760000228881836,21.760000228881836,21.760000228881836,21.760000228881836,200
2019-11-11,20.101964950561523,22.229999542236328,22.229999542236328,21.959999084472656,21.959999084472656,1600
2019-11-12,20.101964950561523,22.229999542236328,22.229999542236328,22.229999542236328,22.229999542236328,100
2019-11-13,20.39133071899414,22.549999237060547,23.59000015258789,21.489999771118164,21.56999969482422,3800
2019-11-14,20.39133071899414,22.549999237060547,22.549999237060547,22.549999237060547,22.549999237060547,0
2019-11-15,20.39133071899414,22.549999237060547,22.549999237060547,22.549999237060547,22.549999237060547,100
2019-11-18,20.39133071899414,22.549999237060547,22.549999237060547,22.549999237060547,22.549999237060547,0
2019-11-19,20.39133071899414,22.549999237060547,22.549999237060547,22.549999237060547,22.549999237060547,100
2019-11-20,20.219520568847656,22.360000610351562,22.360000610351562,22.360000610351562,22.360000610351562,200
2019-11-21,20.219520568847656,22.360000610351562,22.360000610351562,22.360000610351562,22.360000610351562,200
2019-11-22,20.219520568847656,22.360000610351562,22.360000610351562,22.360000610351562,22.360000610351562,100
2019-11-25,19.893983840942383,22.0,22.0,22.0,22.0,300
2019-11-26,20.255691528320312,22.399999618530273,22.399999618530273,22.399999618530273,22.399999618530273,2000
2019-11-27,21.250391006469727,23.5,23.5,23.5,23.5,300
2019-11-29,20.798255920410156,23.0,23.100000381469727,23.0,23.100000381469727,500
2019-12-02,19.96632194519043,22.079999923706055,22.079999923706055,22.010000228881836,22.079999923706055,900
2019-12-03,19.96632194519043,22.079999923706055,22.079999923706055,22.079999923706055,22.079999923706055,100
2019-12-04,19.95728302001953,22.06999969482422,22.06999969482422,22.030000686645508,22.049999237060547,900
2019-12-05,19.95728302001953,22.06999969482422,22.06999969482422,22.06999969482422,22.06999969482422,0
2019-12-06,20.111007690429688,22.239999771118164,22.239999771118164,22.239999771118164,22.239999771118164,200
2019-12-09,20.50889015197754,22.68000030517578,22.68000030517578,22.18000030517578,22.260000228881836,1600
2019-12-10,20.07483673095703,22.200000762939453,22.34000015258789,22.18000030517578,22.34000015258789,700
2019-12-11,20.436546325683594,22.600000381469727,22.829999923706055,22.489999771118164,22.829999923706055,3000
2019-12-12,20.147178649902344,22.280000686645508,22.280000686645508,22.280000686645508,22.280000686645508,200
2019-12-13,20.147178649902344,22.280000686645508,22.280000686645508,22.280000686645508,22.280000686645508,0
2019-12-16,20.707826614379883,22.899999618530273,23.25,22.5,23.25,1800
2019-12-17,21.747739791870117,24.049999237060547,24.049999237060547,22.5,22.5,3300
2019-12-18,21.747739791870117,24.049999237060547,24.049999237060547,22.709999084472656,22.709999084472656,3100
2019-12-19,21.53071403503418,23.809999465942383,23.809999465942383,22.5,22.899999618530273,4200
2019-12-20,21.521671295166016,23.799999237060547,23.799999237060547,23.799999237060547,23.799999237060547,1000
2019-12-23,21.521671295166016,23.799999237060547,23.799999237060547,23.799999237060547,23.799999237060547,0
2019-12-24,21.476457595825195,23.75,23.75,22.81999969482422,22.81999969482422,1300
2019-12-26,21.250391006469727,23.5,23.5,22.81999969482422,22.81999969482422,700
2019-12-27,21.250391006469727,23.5,23.5,23.5,23.5,0
2019-12-30,21.340818405151367,23.600000381469727,23.600000381469727,23.040000915527344,23.040000915527344,1400
2019-12-31,20.816341400146484,23.020000457763672,23.600000381469727,23.020000457763672,23.3799991607666,900
2020-01-02,21.250391006469727,23.5,23.5,23.350000381469727,23.350000381469727,500
2020-01-03,20.852508544921875,23.059999465942383,23.059999465942383,23.059999465942383,23.059999465942383,200
2020-01-06,20.63548469543457,22.81999969482422,22.81999969482422,22.81999969482422,22.81999969482422,300
2020-01-07,20.63548469543457,22.81999969482422,23.270000457763672,22.81999969482422,23.270000457763672,600
2020-01-08,20.63548469543457,22.81999969482422,22.81999969482422,22.81999969482422,22.81999969482422,0
2020-01-09,20.7620849609375,22.959999084472656,22.959999084472656,22.959999084472656,22.959999084472656,400
2020-01-10,20.7620849609375,22.959999084472656,22.959999084472656,22.959999084472656,22.959999084472656,0
2020-01-13,20.7620849609375,22.959999084472656,22.959999084472656,22.959999084472656,22.959999084472656,0
2020-01-14,20.707826614379883,22.899999618530273,22.899999618530273,22.899999618530273,22.899999618530273,4700
2020-01-15,20.707826614379883,22.899999618530273,22.899999618530273,22.899999618530273,22.899999618530273,1800
2020-01-16,20.707826614379883,22.899999618530273,22.899999618530273,22.770000457763672,22.770000457763672,1800
2020-01-17,20.798255920410156,23.0,23.0,22.889999389648438,22.899999618530273,6500
2020-01-21,20.798255920410156,23.0,23.0,23.0,23.0,0
2020-01-22,20.798255920410156,23.0,23.0,23.0,23.0,0
2020-01-23,20.798255920410156,23.0,23.0,23.0,23.0,0
2020-01-24,20.798255920410156,23.0,23.0,23.0,23.0,0
2020-01-27,21.250391006469727,23.5,23.5,23.25,23.25,2700
2020-01-28,21.340818405151367,23.600000381469727,23.600000381469727,23.489999771118164,23.5,4400
2020-01-29,21.340818405151367,23.600000381469727,23.600000381469727,22.5,22.5,1600
2020-01-30,21.250391006469727,23.5,23.600000381469727,23.479999542236328,23.600000381469727,1700
2020-01-31,20.599315643310547,22.780000686645508,23.5,22.760000228881836,23.25,1800
2020-02-03,20.454631805419922,22.6200008392334,22.6200008392334,22.510000228881836,22.510000228881836,1800
2020-02-04,20.47271728515625,22.639999389648438,22.639999389648438,22.540000915527344,22.6299991607666,1200
2020-02-05,20.798255920410156,23.0,23.0,23.0,23.0,400
2020-02-06,20.798255920410156,23.0,23.0,23.0,23.0,0
2020-02-07,20.798255920410156,23.0,23.0,23.0,23.0,0
2020-02-10,20.798255920410156,23.0,23.0,23.0,23.0,0
2020-02-11,20.798255920410156,23.0,23.0,23.0,23.0,0
2020-02-12,20.798255920410156,23.0,23.0,23.0,23.0,0
2020-02-13,20.798255920410156,23.0,23.0,23.0,23.0,0
2020-02-14,20.798255920410156,23.0,23.0,23.0,23.0,0
2020-02-18,20.798255920410156,23.0,23.0,23.0,23.0,0
2020-02-19,20.798255920410156,23.0,23.0,23.0,23.0,500
2020-02-20,20.798255920410156,23.0,23.0,23.0,23.0,200
2020-02-21,20.798255920410156,23.0,23.0,23.0,23.0,0
2020-02-24,20.798255920410156,23.0,23.0,23.0,23.0,0
2020-02-25,20.680700302124023,22.8700008392334,22.8700008392334,22.75,22.75,1000
2020-02-26,20.680700302124023,22.8700008392334,22.8700008392334,22.8700008392334,22.8700008392334,0
2020-02-27,20.246646881103516,22.389999389648438,22.549999237060547,22.360000610351562,22.5,1900
2020-02-28,18.99875259399414,21.010000228881836,22.0,21.010000228881836,22.0,2500
2020-03-02,19.73121452331543,21.81999969482422,21.81999969482422,20.600000381469727,21.0,5300
2020-03-03,19.441848754882812,21.5,21.899999618530273,21.5,21.899999618530273,3100
2020-03-04,19.695045471191406,21.780000686645508,21.780000686645508,21.780000686645508,21.780000686645508,300
2020-03-05,19.541316986083984,21.610000610351562,21.75,21.5,21.75,1300
2020-03-06,18.890241622924805,20.889999389648438,21.5,20.889999389648438,21.5,6200
2020-03-09,18.53757667541504,20.5,20.600000381469727,20.5,20.5,1400
2020-03-10,18.067354202270508,19.979999542236328,20.780000686645508,19.059999465942383,20.75,11800
2020-03-11,18.067354202270508,19.979999542236328,19.979999542236328,19.979999542236328,19.979999542236328,0
2020-03-12,16.376365661621094,18.110000610351562,19.020000457763672,18.110000610351562,19.020000457763672,2900
2020-03-13,16.276891708374023,18.0,18.0,18.0,18.0,400
2020-03-16,15.526349067687988,17.170000076293945,17.170000076293945,17.0,17.0,5000
2020-03-17,15.526349067687988,17.170000076293945,17.170000076293945,17.170000076293945,17.170000076293945,0
2020-03-18,14.875275611877441,16.450000762939453,17.09000015258789,16.450000762939453,17.0,3300
2020-03-19,15.012165069580078,16.450000762939453,16.450000762939453,16.450000762939453,16.450000762939453,0
2020-03-20,14.829643249511719,16.25,16.25,15.25,16.0,2100
2020-03-23,14.829643249511719,16.25,16.25,16.25,16.25,0
2020-03-24,14.829643249511719,16.25,16.75,15.25,16.5,11400
2020-03-25,13.75278377532959,15.069999694824219,16.420000076293945,15.069999694824219,15.119999885559082,1300
2020-03-26,15.003037452697754,16.440000534057617,16.440000534057617,16.15999984741211,16.15999984741211,2300
2020-03-27,14.418977737426758,15.800000190734863,15.800000190734863,15.329999923706055,15.329999923706055,700
2020-03-30,14.418977737426758,15.800000190734863,15.800000190734863,15.800000190734863,15.800000190734863,0
2020-03-31,14.601495742797852,16.0,16.0,16.0,16.0,100
2020-04-01,14.601495742797852,16.0,16.0,16.0,16.0,0
2020-04-02,14.829643249511719,16.25,16.450000762939453,16.25,16.450000762939453,500
2020-04-03,14.829643249511719,16.25,16.25,16.25,16.25,0
2020-04-06,14.236458778381348,15.600000381469727,16.450000762939453,15.479999542236328,16.0,1700
2020-04-07,14.163451194763184,15.520000457763672,15.520000457763672,15.520000457763672,15.520000457763672,400
2020-04-08,14.610621452331543,16.010000228881836,16.010000228881836,15.510000228881836,15.520000457763672,1300
2020-04-09,15.304191589355469,16.770000457763672,16.770000457763672,16.360000610351562,16.360000610351562,4200
2020-04-13,15.304191589355469,16.770000457763672,16.770000457763672,16.770000457763672,16.770000457763672,0
2020-04-14,15.304191589355469,16.770000457763672,16.770000457763672,16.770000457763672,16.770000457763672,0
2020-04-15,15.304191589355469,16.770000457763672,16.770000457763672,16.770000457763672,16.770000457763672,0
2020-04-16,15.304191589355469,16.770000457763672,16.770000457763672,16.770000457763672,16.770000457763672,0
2020-04-17,15.304191589355469,16.770000457763672,16.770000457763672,16.770000457763672,16.770000457763672,0
2020-04-20,15.231184959411621,16.690000534057617,16.770000457763672,16.670000076293945,16.75,1000
2020-04-21,15.304191589355469,16.770000457763672,16.770000457763672,16.770000457763672,16.770000457763672,100
2020-04-22,15.304191589355469,16.770000457763672,16.770000457763672,16.770000457763672,16.770000457763672,0
2020-04-23,15.304191589355469,16.770000457763672,16.770000457763672,16.770000457763672,16.770000457763672,0
2020-04-24,14.84789752960205,16.270000457763672,16.270000457763672,16.270000457763672,16.270000457763672,200
2020-04-27,14.84789752960205,16.270000457763672,16.270000457763672,16.270000457763672,16.270000457763672,0
2020-04-28,14.84789752960205,16.270000457763672,16.270000457763672,15.90999984741211,15.90999984741211,400
2020-04-29,14.84789752960205,16.270000457763672,16.270000457763672,16.270000457763672,16.270000457763672,0
2020-04-30,14.601495742797852,16.0,16.0,16.0,16.0,1100
2020-05-01,14.628874778747559,16.030000686645508,16.030000686645508,16.030000686645508,16.030000686645508,200
2020-05-04,14.345970153808594,15.720000267028809,16.110000610351562,15.479999542236328,16.110000610351562,2600
2020-05-05,14.345970153808594,15.720000267028809,15.720000267028809,15.720000267028809,15.720000267028809,0
2020-05-06,14.190829277038574,15.550000190734863,15.850000381469727,15.550000190734863,15.850000381469727,700
2020-05-07,14.838770866394043,16.260000228881836,16.459999084472656,16.020000457763672,16.459999084472656,600
2020-05-08,15.021288871765137,16.459999084472656,16.719999313354492,16.459999084472656,16.459999084472656,1200
2020-05-11,14.263836860656738,15.630000114440918,15.630000114440918,15.630000114440918,15.630000114440918,400
2020-05-12,14.263836860656738,15.630000114440918,15.630000114440918,15.630000114440918,15.630000114440918,0
2020-05-13,14.364221572875977,15.739999771118164,15.739999771118164,15.739999771118164,15.739999771118164,600
2020-05-14,14.601495742797852,16.0,16.0,15.260000228881836,15.260000228881836,1200
2020-05-15,14.601495742797852,16.0,16.0,16.0,16.0,0
2020-05-18,14.318591117858887,15.6899995803833,15.949999809265137,15.350000381469727,15.949999809265137,2900
2020-05-19,14.318591117858887,15.6899995803833,15.699999809265137,15.6899995803833,15.699999809265137,500
2020-05-20,14.355094909667969,15.729999542236328,15.729999542236328,15.25,15.449999809265137,2000
2020-05-21,14.355094909667969,15.729999542236328,15.729999542236328,15.729999542236328,15.729999542236328,0
2020-05-22,14.11782169342041,15.470000267028809,16.5,15.470000267028809,15.829999923706055,2100
2020-05-26,14.11782169342041,15.470000267028809,15.470000267028809,15.470000267028809,15.470000267028809,0
2020-05-27,14.920903205871582,16.350000381469727,16.389999389648438,16.0,16.389999389648438,1400
2020-05-28,14.920903205871582,16.350000381469727,16.350000381469727,16.350000381469727,16.350000381469727,0
2020-05-29,14.592369079589844,15.989999771118164,15.989999771118164,15.989999771118164,15.989999771118164,200
2020-06-01,14.592369079589844,15.989999771118164,15.989999771118164,15.989999771118164,15.989999771118164,0
2020-06-02,14.601495742797852,16.0,16.0,16.0,16.0,600
2020-06-03,14.510236740112305,15.899999618530273,16.40999984741211,15.460000038146973,16.40999984741211,6800
2020-06-04,14.510236740112305,15.899999618530273,15.899999618530273,15.699999809265137,15.899999618530273,5800
2020-06-05,15.057792663574219,16.5,16.5,16.280000686645508,16.280000686645508,3700
2020-06-08,15.057792663574219,16.5,16.5,16.469999313354492,16.469999313354492,6800
2020-06-09,14.920903205871582,16.350000381469727,16.420000076293945,16.350000381469727,16.420000076293945,800
2020-06-10,15.0942964553833,16.540000915527344,16.790000915527344,16.540000915527344,16.790000915527344,900
2020-06-11,16.882980346679688,18.5,18.959999084472656,17.90999984741211,17.90999984741211,1300
2020-06-12,16.882980346679688,18.5,18.5,17.899999618530273,17.899999618530273,1800
2020-06-15,16.198532104492188,17.75,18.0,17.75,18.0,700
2020-06-16,16.198532104492188,17.75,17.75,17.75,17.75,0
2020-06-17,15.11254596710205,16.559999465942383,16.559999465942383,16.559999465942383,16.559999465942383,100
2020-06-18,15.11254596710205,16.559999465942383,16.559999465942383,16.559999465942383,16.559999465942383,100
2020-06-19,15.514087677001953,17.0,17.0,16.06999969482422,16.06999969482422,900
2020-06-22,15.468460083007812,16.950000762939453,18.0,16.229999542236328,18.0,1900
2020-06-23,15.486711502075195,16.969999313354492,16.969999313354492,16.969999313354492,16.969999313354492,200
2020-06-24,15.523214340209961,17.010000228881836,17.049999237060547,17.010000228881836,17.040000915527344,800
2020-06-25,16.216785430908203,17.770000457763672,18.450000762939453,17.5,18.450000762939453,900
2020-06-26,15.760491371154785,17.270000457763672,17.309999465942383,17.270000457763672,17.309999465942383,2200
2020-06-29,15.285941123962402,16.75,18.360000610351562,16.75,18.360000610351562,700
2020-06-30,15.742236137390137,17.25,17.25,17.25,17.25,8100
2020-07-01,15.742236137390137,17.25,17.25,17.25,17.25,0
2020-07-02,15.742236137390137,17.25,17.25,17.25,17.25,0
2020-07-06,15.742236137390137,17.25,17.25,17.25,17.25,0
2020-07-07,15.742236137390137,17.25,17.25,17.25,17.25,0
2020-07-08,16.882980346679688,18.5,18.5,16.360000610351562,16.360000610351562,2700
2020-07-09,16.882980346679688,18.5,18.5,18.5,18.5,1000
2020-07-10,16.882980346679688,18.5,18.5,18.5,18.5,0
2020-07-13,15.514087677001953,17.0,17.0,17.0,17.0,200
2020-07-14,15.514087677001953,17.0,17.0,17.0,17.0,0
2020-07-15,15.514087677001953,17.0,17.0,17.0,17.0,0
2020-07-16,15.514087677001953,17.0,17.0,17.0,17.0,0
2020-07-17,14.738386154174805,16.149999618530273,16.149999618530273,16.149999618530273,16.149999618530273,600
2020-07-20,14.784014701843262,16.200000762939453,16.200000762939453,16.200000762939453,16.200000762939453,400
2020-07-21,14.975659370422363,16.40999984741211,16.40999984741211,16.40999984741211,16.40999984741211,300
2020-07-22,14.793139457702637,16.209999084472656,16.209999084472656,16.209999084472656,16.209999084472656,300
2020-07-23,14.802267074584961,16.219999313354492,16.219999313354492,16.219999313354492,16.219999313354492,400
2020-07-24,15.413702964782715,16.889999389648438,16.889999389648438,16.110000610351562,16.110000610351562,700
2020-07-27,15.413702964782715,16.889999389648438,16.889999389648438,16.889999389648438,16.889999389648438,0
2020-07-28,15.413702964782715,16.889999389648438,16.889999389648438,16.889999389648438,16.889999389648438,0
2020-07-29,15.413702964782715,16.889999389648438,16.889999389648438,16.889999389648438,16.889999389648438,0
2020-07-30,15.413702964782715,16.889999389648438,16.889999389648438,16.889999389648438,16.889999389648438,0
2020-07-31,14.711007118225098,16.1200008392334,16.1200008392334,16.1200008392334,16.1200008392334,300
2020-08-03,14.711007118225098,16.1200008392334,16.1200008392334,16.1200008392334,16.1200008392334,0
2020-08-04,14.711007118225098,16.1200008392334,16.1200008392334,16.1200008392334,16.1200008392334,100
2020-08-05,15.012165069580078,16.450000762939453,16.450000762939453,16.450000762939453,16.450000762939453,300
2020-08-06,15.012165069580078,16.450000762939453,16.450000762939453,16.450000762939453,16.450000762939453,200
2020-08-07,14.957406997680664,16.389999389648438,16.540000915527344,16.389999389648438,16.540000915527344,600
2020-08-10,14.893525123596191,16.31999969482422,16.5,16.139999389648438,16.15999984741211,2800
2020-08-11,15.139927864074707,16.59000015258789,16.59000015258789,16.31999969482422,16.31999969482422,4400
2020-08-12,15.139927864074707,16.59000015258789,16.59000015258789,16.59000015258789,16.59000015258789,0
2020-08-13,15.139927864074707,16.59000015258789,16.59000015258789,16.59000015258789,16.59000015258789,0
2020-08-14,15.139927864074707,16.59000015258789,16.59000015258789,16.579999923706055,16.579999923706055,500
2020-08-17,15.139927864074707,16.59000015258789,16.59000015258789,16.59000015258789,16.59000015258789,0
2020-08-18,14.875274658203125,16.299999237060547,16.5,16.299999237060547,16.350000381469727,700
2020-08-19,14.829643249511719,16.25,16.5,16.25,16.5,9900
2020-08-20,15.048666000366211,16.489999771118164,16.489999771118164,16.489999771118164,16.489999771118164,100
2020-08-21,14.966533660888672,16.399999618530273,16.399999618530273,16.399999618530273,16.399999618530273,500
2020-08-24,14.82051944732666,16.239999771118164,16.389999389648438,16.149999618530273,16.389999389648438,500
2020-08-25,14.857023239135742,16.280000686645508,16.280000686645508,16.100000381469727,16.100000381469727,3900
2020-08-26,15.012165069580078,16.450000762939453,16.6200008392334,16.40999984741211,16.420000076293945,5300
2020-08-27,15.057792663574219,16.5,16.5,16.489999771118164,16.489999771118164,3200
2020-08-28,15.057792663574219,16.5,16.5,16.5,16.5,1400
2020-08-31,14.74751091003418,16.15999984741211,16.15999984741211,16.15999984741211,16.15999984741211,100
2020-09-01,14.920903205871582,16.350000381469727,16.489999771118164,16.25,16.260000228881836,3500
2020-09-02,14.829643249511719,16.25,16.25,16.110000610351562,16.110000610351562,900
2020-09-03,14.720130920410156,16.1299991607666,16.350000381469727,16.1299991607666,16.350000381469727,5000
2020-09-04,14.656250953674316,16.059999465942383,16.059999465942383,16.0,16.0,3600
2020-09-08,14.163451194763184,15.520000457763672,16.1299991607666,15.510000228881836,15.829999923706055,1900
2020-09-09,14.418977737426758,15.800000190734863,16.010000228881836,15.529999732971191,16.010000228881836,900
2020-09-10,14.418977737426758,15.800000190734863,16.1299991607666,15.800000190734863,16.1299991607666,1500
2020-09-11,14.291213989257812,15.65999984741211,16.1299991607666,15.5600004196167,16.1299991607666,2600
2020-09-14,14.199954986572266,15.5600004196167,15.989999771118164,15.5600004196167,15.989999771118164,900
2020-09-15,14.172577857971191,15.529999732971191,15.600000381469727,15.199999809265137,15.600000381469727,5600
2020-09-16,13.953554153442383,15.289999961853027,15.779999732971191,15.210000038146973,15.350000381469727,5000
2020-09-17,13.844042778015137,15.170000076293945,15.699999809265137,15.170000076293945,15.380000114440918,4100
2020-09-18,13.79841423034668,15.119999885559082,15.8100004196167,15.029999732971191,15.8100004196167,6500
2020-09-21,13.980932235717773,15.319999694824219,15.319999694824219,15.300000190734863,15.300000190734863,4100
2020-09-22,13.96268081665039,15.300000190734863,15.449999809265137,15.300000190734863,15.449999809265137,5200
2020-09-23,14.364221572875977,15.739999771118164,15.739999771118164,15.550000190734863,15.5600004196167,4200
2020-09-24,14.299725532531738,15.520000457763672,15.729999542236328,15.520000457763672,15.720000267028809,1600
2020-09-25,14.097023963928223,15.300000190734863,15.729999542236328,15.149999618530273,15.729999542236328,900
2020-09-28,14.050954818725586,15.25,15.25,15.25,15.25,400
2020-09-29,14.115450859069824,15.319999694824219,15.319999694824219,15.319999694824219,15.319999694824219,300
2020-09-30,14.253655433654785,15.470000267028809,15.479999542236328,15.449999809265137,15.449999809265137,1500
2020-10-01,14.050954818725586,15.25,15.460000038146973,15.25,15.460000038146973,2600
2020-10-02,14.050954818725586,15.25,15.25,15.25,15.25,0
2020-10-05,14.124665260314941,15.329999923706055,15.329999923706055,15.329999923706055,15.329999923706055,400
2020-10-06,14.465574264526367,15.699999809265137,16.1299991607666,15.640000343322754,15.640000343322754,4200
2020-10-07,14.465574264526367,15.699999809265137,15.699999809265137,15.6899995803833,15.6899995803833,900
2020-10-08,14.511641502380371,15.75,15.800000190734863,15.75,15.800000190734863,700
2020-10-09,15.138175964355469,16.43000030517578,16.43000030517578,15.890000343322754,15.920000076293945,3900
2020-10-12,15.138175964355469,16.43000030517578,16.43000030517578,16.43000030517578,16.43000030517578,0
2020-10-13,14.511641502380371,15.75,15.75,15.75,15.75,200
2020-10-14,15.147390365600586,16.440000534057617,16.440000534057617,15.75,15.760000228881836,1900
2020-10-15,15.147390365600586,16.440000534057617,16.440000534057617,16.440000534057617,16.440000534057617,0
2020-10-16,15.433014869689941,16.75,16.850000381469727,16.75,16.75,6700
2020-10-19,14.806482315063477,16.06999969482422,16.06999969482422,16.06999969482422,16.06999969482422,700
2020-10-20,15.368520736694336,16.68000030517578,16.850000381469727,16.440000534057617,16.440000534057617,2500
2020-10-21,15.423803329467773,16.739999771118164,16.739999771118164,16.489999771118164,16.489999771118164,400
2020-10-22,15.350091934204102,16.65999984741211,16.739999771118164,16.420000076293945,16.520000457763672,3600
2020-10-23,15.350091934204102,16.65999984741211,16.65999984741211,16.65999984741211,16.65999984741211,100
2020-10-26,15.350091934204102,16.65999984741211,16.65999984741211,16.65999984741211,16.65999984741211,0
2020-10-27,15.51594066619873,16.84000015258789,16.84000015258789,16.729999542236328,16.84000015258789,2700
2020-10-28,15.51594066619873,16.84000015258789,16.84000015258789,16.84000015258789,16.84000015258789,0
2020-10-29,15.543581008911133,16.8700008392334,16.940000534057617,16.75,16.760000228881836,2500
2020-10-30,15.543581008911133,16.8700008392334,16.8700008392334,16.8700008392334,16.8700008392334,0
2020-11-02,15.202672958374023,16.5,16.93000030517578,16.360000610351562,16.360000610351562,3500
2020-11-03,15.617291450500488,16.950000762939453,16.969999313354492,16.8799991607666,16.920000076293945,1100
2020-11-04,16.557092666625977,17.969999313354492,18.020000457763672,16.959999084472656,16.959999084472656,3600
2020-11-05,16.69529914855957,18.1200008392334,18.1200008392334,17.700000762939453,17.700000762939453,1200
2020-11-06,16.69529914855957,18.1200008392334,18.1200008392334,18.1200008392334,18.1200008392334,0
2020-11-09,17.183626174926758,18.649999618530273,18.649999618530273,18.190000534057617,18.190000534057617,1900
2020-11-10,18.012863159179688,19.549999237060547,19.549999237060547,19.540000915527344,19.540000915527344,1000
2020-11-11,18.012863159179688,19.549999237060547,19.549999237060547,19.549999237060547,19.549999237060547,0
2020-11-12,17.7364501953125,19.25,19.639999389648438,19.25,19.600000381469727,3800
2020-11-13,17.7364501953125,19.25,19.25,19.25,19.25,0
2020-11-16,18.56568717956543,20.149999618530273,20.34000015258789,19.93000030517578,20.110000610351562,8400
2020-11-17,18.42748260498047,20.0,20.0,20.0,20.0,700
2020-11-18,18.455123901367188,20.030000686645508,20.649999618530273,20.0,20.020000457763672,4100
2020-11-19,18.888172149658203,20.5,20.649999618530273,20.270000457763672,20.6200008392334,3000
2020-11-20,18.68546485900879,20.280000686645508,20.68000030517578,20.25,20.68000030517578,1900
2020-11-23,19.28435707092285,20.93000030517578,20.950000762939453,20.739999771118164,20.739999771118164,4700
2020-11-24,19.302785873413086,20.950000762939453,21.25,20.8799991607666,20.8799991607666,3100
2020-11-25,19.348854064941406,21.0,21.0,20.65999984741211,20.65999984741211,700
2020-11-27,18.943449020385742,20.559999465942383,21.0,20.540000915527344,20.540000915527344,600
2020-11-30,19.348854064941406,21.0,21.0,20.5,20.540000915527344,5600
2020-12-01,19.579200744628906,21.25,21.25,20.75,20.75,5400
2020-12-02,19.127727508544922,20.760000228881836,21.200000762939453,20.760000228881836,21.200000762939453,1900
2020-12-03,19.348854064941406,21.0,21.100000381469727,20.950000762939453,21.100000381469727,3200
2020-12-04,19.394927978515625,21.049999237060547,21.190000534057617,21.0,21.049999237060547,2700
2020-12-07,19.348854064941406,21.0,21.06999969482422,21.0,21.06999969482422,1100
2020-12-08,19.984603881835938,21.690000534057617,21.690000534057617,21.0,21.0,6900
2020-12-09,20.13202476501465,21.850000381469727,21.899999618530273,21.600000381469727,21.600000381469727,3900
2020-12-10,20.17809295654297,21.899999618530273,21.899999618530273,21.579999923706055,21.899999618530273,2000
2020-12-11,20.17809295654297,21.899999618530273,21.899999618530273,21.899999618530273,21.899999618530273,0
2020-12-14,20.270231246948242,22.0,22.229999542236328,22.0,22.0,2300
2020-12-15,20.270231246948242,22.0,22.0,22.0,22.0,0
2020-12-16,20.270231246948242,22.0,22.0,22.0,22.0,0
2020-12-17,20.537429809570312,22.290000915527344,22.290000915527344,22.100000381469727,22.290000915527344,800
2020-12-18,19.809541702270508,21.5,21.940000534057617,21.5,21.940000534057617,2600
2020-12-21,19.348854064941406,21.0,21.5,21.0,21.5,2900
2020-12-22,19.348854064941406,21.0,21.0,21.0,21.0,0
2020-12-23,19.63448143005371,21.309999465942383,22.18000030517578,20.739999771118164,22.0,5000
2020-12-24,20.40843391418457,22.149999618530273,22.149999618530273,21.31999969482422,21.31999969482422,1300
2020-12-28,20.24258804321289,21.969999313354492,21.969999313354492,21.969999313354492,21.969999313354492,200
2020-12-29,20.325511932373047,22.059999465942383,22.059999465942383,22.059999465942383,22.059999465942383,200
2020-12-30,20.325511932373047,22.059999465942383,22.059999465942383,22.059999465942383,22.059999465942383,0
2020-12-31,20.297870635986328,22.030000686645508,22.030000686645508,21.15999984741211,21.520000457763672,800
2021-01-04,18.42748260498047,20.0,22.020000457763672,19.1200008392334,21.260000228881836,17200
2021-01-05,18.464338302612305,20.040000915527344,20.040000915527344,19.950000762939453,19.950000762939453,4600
2021-01-06,19.00794792175293,20.6299991607666,20.899999618530273,20.209999084472656,20.209999084472656,3800
2021-01-07,19.275146484375,20.920000076293945,21.229999542236328,20.899999618530273,20.899999618530273,1300
2021-01-08,19.348854064941406,21.0,21.280000686645508,21.0,21.280000686645508,2600
2021-01-11,20.17809295654297,21.899999618530273,21.899999618530273,21.0,21.0,1800
2021-01-12,20.19651985168457,21.920000076293945,21.920000076293945,21.719999313354492,21.719999313354492,600
2021-01-13,20.19651985168457,21.920000076293945,21.920000076293945,21.920000076293945,21.920000076293945,0
2021-01-14,20.205734252929688,21.93000030517578,22.049999237060547,21.93000030517578,21.93000030517578,2300
2021-01-15,19.7358341217041,21.420000076293945,21.729999542236328,21.420000076293945,21.729999542236328,500
2021-01-19,20.141239166259766,21.860000610351562,21.860000610351562,21.030000686645508,21.1200008392334,500
2021-01-20,19.606842041015625,21.280000686645508,21.93000030517578,21.280000686645508,21.93000030517578,3200
2021-01-21,19.477848052978516,21.139999389648438,21.8700008392334,21.0,21.8700008392334,700
2021-01-22,19.394927978515625,21.049999237060547,21.25,21.040000915527344,21.25,400
2021-01-25,19.376495361328125,21.030000686645508,21.200000762939453,21.030000686645508,21.200000762939453,700
2021-01-26,19.376495361328125,21.030000686645508,21.030000686645508,21.030000686645508,21.030000686645508,0
2021-01-27,19.376495361328125,21.030000686645508,21.030000686645508,21.030000686645508,21.030000686645508,0
2021-01-28,17.192838668823242,18.65999984741211,21.0,18.65999984741211,20.979999542236328,9900
2021-01-29,18.261634826660156,19.81999969482422,20.0,19.450000762939453,19.549999237060547,5300
2021-02-01,18.05893325805664,19.600000381469727,19.600000381469727,19.600000381469727,19.600000381469727,600
2021-02-02,18.243206024169922,19.799999237060547,19.799999237060547,18.479999542236328,18.479999542236328,3000
2021-02-03,18.42748260498047,20.0,20.5,19.899999618530273,20.0,2900
2021-02-04,18.42748260498047,20.0,20.5,20.0,20.0,1600
2021-02-05,18.888172149658203,20.5,20.8799991607666,20.0,20.0,3400
2021-02-08,18.538049697875977,20.1200008392334,21.0,20.1200008392334,20.979999542236328,5900
2021-02-09,18.796030044555664,20.399999618530273,20.829999923706055,20.399999618530273,20.829999923706055,3500
2021-02-10,19.348854064941406,21.0,21.0,20.68000030517578,20.989999771118164,8000
2021-02-11,19.238292694091797,20.8799991607666,21.149999618530273,20.8799991607666,21.0,5100
2021-02-12,19.348854064941406,21.0,21.0,20.809999465942383,20.809999465942383,2700
2021-02-16,19.302785873413086,20.950000762939453,21.0,20.700000762939453,20.860000610351562,2200
2021-02-17,19.302785873413086,20.950000762939453,20.950000762939453,20.950000762939453,20.950000762939453,0
2021-02-18,19.302785873413086,20.950000762939453,20.950000762939453,20.950000762939453,20.950000762939453,0
2021-02-19,19.302785873413086,20.950000762939453,20.950000762939453,20.950000762939453,20.950000762939453,0
2021-02-22,19.348854064941406,21.0,21.0,20.610000610351562,21.0,2900
2021-02-23,19.348854064941406,21.0,21.010000228881836,20.989999771118164,20.989999771118164,1500
2021-02-24,19.348854064941406,21.0,21.100000381469727,20.950000762939453,21.100000381469727,4700
2021-02-25,19.440994262695312,21.100000381469727,21.149999618530273,21.100000381469727,21.149999618530273,1500
2021-02-26,19.394927978515625,21.049999237060547,21.100000381469727,21.049999237060547,21.100000381469727,700
2021-03-01,19.348854064941406,21.0,21.110000610351562,21.0,21.06999969482422,1300
2021-03-02,19.431781768798828,21.09000015258789,21.09000015258789,21.059999465942383,21.059999465942383,400
2021-03-03,19.440994262695312,21.100000381469727,21.149999618530273,21.049999237060547,21.1299991607666,1200
2021-03-04,19.348854064941406,21.0,21.149999618530273,21.0,21.149999618530273,2000
2021-03-05,19.32121467590332,20.969999313354492,21.049999237060547,20.969999313354492,21.0,4500
2021-03-08,19.348854064941406,21.0,21.229999542236328,21.0,21.0,3400
2021-03-09,19.348854064941406,21.0,21.200000762939453,21.0,21.200000762939453,700
2021-03-10,18.620967864990234,20.209999084472656,20.979999542236328,20.209999084472656,20.979999542236328,7300
2021-03-11,18.8328857421875,20.440000534057617,20.989999771118164,20.440000534057617,20.709999084472656,1800
2021-03-12,19.348854064941406,21.0,21.25,20.5,20.5,10000
2021-03-15,19.100082397460938,20.729999542236328,21.0,20.729999542236328,21.0,400
2021-03-16,19.827972412109375,21.520000457763672,21.700000762939453,21.170000076293945,21.170000076293945,1600
2021-03-17,19.376495361328125,21.030000686645508,21.8799991607666,21.030000686645508,21.700000762939453,4200
2021-03-18,20.13202476501465,21.850000381469727,21.850000381469727,21.850000381469727,21.850000381469727,1100
2021-03-19,20.085954666137695,21.799999237060547,21.84000015258789,21.760000228881836,21.809999465942383,2000
2021-03-22,20.085954666137695,21.799999237060547,21.799999237060547,21.799999237060547,21.799999237060547,0
2021-03-23,19.809541702270508,21.5,21.709999084472656,21.5,21.709999084472656,400
2021-03-24,19.385709762573242,21.040000915527344,21.389999389648438,21.040000915527344,21.350000381469727,1500
2021-03-25,19.52490997314453,21.040000915527344,21.040000915527344,21.040000915527344,21.040000915527344,0
2021-03-26,19.18155288696289,20.670000076293945,20.670000076293945,20.670000076293945,20.670000076293945,300
2021-03-29,19.190834045410156,20.68000030517578,20.68000030517578,20.68000030517578,20.68000030517578,300
2021-03-30,19.812583923339844,21.350000381469727,21.350000381469727,20.959999084472656,20.959999084472656,4100
2021-03-31,19.970346450805664,21.520000457763672,21.850000381469727,21.479999542236328,21.809999465942383,3400
2021-04-01,19.599151611328125,21.1200008392334,21.799999237060547,21.1200008392334,21.540000915527344,3900
2021-04-05,19.998184204101562,21.549999237060547,21.549999237060547,21.350000381469727,21.389999389648438,5600
2021-04-06,20.230180740356445,21.799999237060547,21.829999923706055,21.600000381469727,21.799999237060547,27300
2021-04-07,20.87977409362793,22.5,22.5,21.799999237060547,21.799999237060547,8600
2021-04-08,19.738346099853516,21.270000457763672,22.309999465942383,21.270000457763672,22.309999465942383,600
2021-04-09,20.41577911376953,22.0,22.040000915527344,22.0,22.040000915527344,11700
2021-04-12,20.647775650024414,22.25,22.25,21.790000915527344,22.040000915527344,13300
2021-04-13,20.41577911376953,22.0,22.049999237060547,22.0,22.049999237060547,1300
2021-04-14,20.759136199951172,22.3700008392334,22.479999542236328,22.3700008392334,22.479999542236328,1200
2021-04-15,21.00969123840332,22.639999389648438,22.649999618530273,22.440000534057617,22.440000534057617,5500
2021-04-16,20.8426513671875,22.459999084472656,22.459999084472656,22.459999084472656,22.459999084472656,600
2021-04-19,20.41577911376953,22.0,22.520000457763672,22.0,22.5,1400
2021-04-20,20.759136199951172,22.3700008392334,22.3700008392334,22.06999969482422,22.06999969482422,900
2021-04-21,20.499300003051758,22.09000015258789,22.3799991607666,22.09000015258789,22.3799991607666,500
2021-04-22,20.499300003051758,22.09000015258789,22.09000015258789,22.09000015258789,22.09000015258789,0
2021-04-23,20.97257423400879,22.600000381469727,22.600000381469727,22.600000381469727,22.600000381469727,200
2021-04-26,21.111770629882812,22.75,22.75,22.649999618530273,22.649999618530273,12800
2021-04-27,21.111770629882812,22.75,22.75,22.75,22.75,0
2021-04-28,21.111770629882812,22.75,22.75,22.75,22.75,0
2021-04-29,21.27880859375,22.93000030517578,22.950000762939453,22.700000762939453,22.75,11800
2021-04-30,20.564258575439453,22.15999984741211,22.540000915527344,22.15999984741211,22.510000228881836,1800
2021-05-03,20.536415100097656,22.1299991607666,22.219999313354492,22.1299991607666,22.139999389648438,1200
2021-05-04,20.647775650024414,22.25,22.600000381469727,22.25,22.34000015258789,900
2021-05-05,21.158170700073242,22.799999237060547,22.799999237060547,22.239999771118164,22.239999771118164,1400
2021-05-06,21.158170700073242,22.799999237060547,22.799999237060547,22.799999237060547,22.799999237060547,0
2021-05-07,20.907611846923828,22.530000686645508,22.530000686645508,22.530000686645508,22.530000686645508,300
2021-05-10,21.232406616210938,22.8799991607666,22.8799991607666,22.8799991607666,22.8799991607666,500
2021-05-11,21.232406616210938,22.8799991607666,22.8799991607666,22.8799991607666,22.8799991607666,0
2021-05-12,20.619935989379883,22.219999313354492,22.219999313354492,22.219999313354492,22.219999313354492,1100
2021-05-13,20.63849449157715,22.239999771118164,22.440000534057617,22.0,22.280000686645508,19500
2021-05-14,20.63849449157715,22.239999771118164,22.239999771118164,22.239999771118164,22.239999771118164,0
2021-05-17,20.378658294677734,21.959999084472656,22.200000762939453,21.93000030517578,22.200000762939453,1300
2021-05-18,19.71978759765625,21.25,21.25,21.25,21.25,300
2021-05-19,21.25096893310547,22.899999618530273,23.0,21.25,22.010000228881836,9500
2021-05-20,20.8055362701416,22.420000076293945,22.420000076293945,22.170000076293945,22.170000076293945,900
2021-05-21,20.8055362701416,22.420000076293945,22.420000076293945,22.420000076293945,22.420000076293945,0
2021-05-24,20.8055362701416,22.420000076293945,22.420000076293945,22.420000076293945,22.420000076293945,0
2021-05-25,19.979623794555664,21.530000686645508,21.530000686645508,21.3799991607666,21.389999389648438,1600
2021-05-26,20.397218704223633,21.979999542236328,21.979999542236328,21.950000762939453,21.950000762939453,700
2021-05-27,20.452899932861328,22.040000915527344,22.040000915527344,21.520000457763672,21.520000457763672,300
2021-05-28,21.22313117980957,22.8700008392334,22.8700008392334,22.3700008392334,22.3700008392334,1600
2021-06-01,20.963293075561523,22.59000015258789,22.829999923706055,22.440000534057617,22.440000534057617,1100
2021-06-02,20.963293075561523,22.59000015258789,22.59000015258789,22.59000015258789,22.59000015258789,0
2021-06-03,20.963293075561523,22.59000015258789,22.59000015258789,22.59000015258789,22.59000015258789,0
2021-06-04,21.343769073486328,23.0,23.010000228881836,22.739999771118164,22.739999771118164,8200
2021-06-07,21.139612197875977,22.780000686645508,22.780000686645508,22.510000228881836,22.510000228881836,700
2021-06-08,20.86121368408203,22.479999542236328,22.799999237060547,22.09000015258789,22.799999237060547,3100
2021-06-09,20.935453414916992,22.559999465942383,22.559999465942383,22.559999465942383,22.559999465942383,300
2021-06-10,20.935453414916992,22.559999465942383,22.559999465942383,22.559999465942383,22.559999465942383,0
2021-06-11,20.935453414916992,22.559999465942383,22.559999465942383,22.559999465942383,22.559999465942383,0
2021-06-14,20.935453414916992,22.559999465942383,22.59000015258789,22.559999465942383,22.59000015258789,600
2021-06-15,20.935453414916992,22.559999465942383,22.559999465942383,22.559999465942383,22.559999465942383,0
2021-06-16,20.193063735961914,21.760000228881836,21.760000228881836,21.760000228881836,21.760000228881836,400
2021-06-17,20.193063735961914,21.760000228881836,21.760000228881836,21.760000228881836,21.760000228881836,0
2021-06-18,21.22313117980957,22.8700008392334,22.950000762939453,21.709999084472656,22.950000762939453,8300
2021-06-21,21.29737091064453,22.950000762939453,22.950000762939453,22.360000610351562,22.770000457763672,2300
2021-06-22,21.343769073486328,23.0,23.0,22.510000228881836,22.510000228881836,2500
2021-06-23,20.92617416381836,22.549999237060547,22.549999237060547,22.5,22.5,300
2021-06-24,20.92617416381836,22.549999237060547,22.549999237060547,22.549999237060547,22.549999237060547,0
2021-06-25,21.380887985229492,23.040000915527344,23.040000915527344,21.920000076293945,21.920000076293945,7000
2021-06-28,21.380887985229492,23.040000915527344,23.040000915527344,23.040000915527344,23.040000915527344,0
2021-06-29,21.380887985229492,23.040000915527344,23.040000915527344,23.040000915527344,23.040000915527344,0
2021-06-30,21.158170700073242,22.799999237060547,22.799999237060547,21.920000076293945,22.459999084472656,2500
2021-07-01,21.77064323425293,23.459999084472656,23.5,23.459999084472656,23.5,500
2021-07-02,21.77064323425293,23.459999084472656,23.459999084472656,23.459999084472656,23.459999084472656,0
2021-07-06,21.427289962768555,23.09000015258789,23.09000015258789,23.09000015258789,23.09000015258789,200
2021-07-07,21.714962005615234,23.399999618530273,23.399999618530273,23.09000015258789,23.09000015258789,4200
2021-07-08,21.714962005615234,23.399999618530273,23.399999618530273,23.399999618530273,23.399999618530273,0
2021-07-09,20.471458435058594,22.059999465942383,23.0,22.059999465942383,23.0,400
2021-07-12,20.471458435058594,22.059999465942383,22.059999465942383,22.059999465942383,22.059999465942383,0
2021-07-13,20.471458435058594,22.059999465942383,22.059999465942383,22.059999465942383,22.059999465942383,0
2021-07-14,20.471458435058594,22.059999465942383,22.059999465942383,22.059999465942383,22.059999465942383,100
2021-07-15,20.471458435058594,22.059999465942383,22.059999465942383,22.059999465942383,22.059999465942383,100
2021-07-16,20.74985694885254,22.360000610351562,22.360000610351562,22.1299991607666,22.1299991607666,1300
2021-07-19,20.378658294677734,21.959999084472656,22.399999618530273,21.959999084472656,22.399999618530273,1000
2021-07-20,20.564258575439453,22.15999984741211,23.34000015258789,21.920000076293945,21.959999084472656,4400
2021-07-21,20.564258575439453,22.15999984741211,22.15999984741211,22.15999984741211,22.15999984741211,500
2021-07-22,20.564258575439453,22.15999984741211,22.15999984741211,22.15999984741211,22.15999984741211,100
2021-07-23,20.564258575439453,22.15999984741211,22.15999984741211,22.15999984741211,22.15999984741211,100
2021-07-26,20.007461547851562,21.559999465942383,22.049999237060547,21.559999465942383,22.049999237060547,600
2021-07-27,20.916894912719727,22.540000915527344,22.540000915527344,22.540000915527344,22.540000915527344,500
2021-07-28,20.916894912719727,22.540000915527344,22.540000915527344,22.540000915527344,22.540000915527344,0
2021-07-29,20.916894912719727,22.540000915527344,22.540000915527344,22.540000915527344,22.540000915527344,0
2021-07-30,20.916894912719727,22.540000915527344,22.540000915527344,22.540000915527344,22.540000915527344,0
2021-08-02,21.343769073486328,23.0,23.34000015258789,22.43000030517578,22.43000030517578,3700
2021-08-03,21.343769073486328,23.0,23.0,23.0,23.0,0
2021-08-04,21.32520866394043,22.979999542236328,22.979999542236328,22.979999542236328,22.979999542236328,400
2021-08-05,21.32520866394043,22.979999542236328,22.979999542236328,22.979999542236328,22.979999542236328,0
2021-08-06,21.32520866394043,22.979999542236328,22.979999542236328,22.979999542236328,22.979999542236328,0
2021-08-09,21.32520866394043,22.979999542236328,22.979999542236328,22.979999542236328,22.979999542236328,0
2021-08-10,21.32520866394043,22.979999542236328,22.979999542236328,22.979999542236328,22.979999542236328,0
2021-08-11,21.32520866394043,22.979999542236328,22.979999542236328,22.979999542236328,22.979999542236328,0
2021-08-12,21.334489822387695,22.989999771118164,22.989999771118164,22.989999771118164,22.989999771118164,2200
2021-08-13,21.288089752197266,22.940000534057617,22.940000534057617,22.940000534057617,22.940000534057617,2000
2021-08-16,21.288089752197266,22.940000534057617,22.940000534057617,22.940000534057617,22.940000534057617,0
2021-08-17,21.288089752197266,22.940000534057617,22.940000534057617,22.940000534057617,22.940000534057617,0
2021-08-18,21.288089752197266,22.940000534057617,22.940000534057617,22.940000534057617,22.940000534057617,0
2021-08-19,20.109539031982422,21.670000076293945,21.670000076293945,21.65999984741211,21.65999984741211,600
2021-08-20,20.109539031982422,21.670000076293945,21.670000076293945,21.670000076293945,21.670000076293945,0
2021-08-23,21.06537437438965,22.700000762939453,22.719999313354492,22.649999618530273,22.649999618530273,500
2021-08-24,21.06537437438965,22.700000762939453,22.700000762939453,22.700000762939453,22.700000762939453,0
2021-08-25,20.193063735961914,21.760000228881836,21.760000228881836,21.760000228881836,21.760000228881836,300
2021-08-26,20.193063735961914,21.760000228881836,21.760000228881836,21.760000228881836,21.760000228881836,0
2021-08-27,20.62921714782715,22.229999542236328,22.75,22.229999542236328,22.75,500
2021-08-30,20.62921714782715,22.229999542236328,22.229999542236328,22.229999542236328,22.229999542236328,0
2021-08-31,20.647775650024414,22.25,22.25,22.25,22.25,300
2021-09-01,20.647775650024414,22.25,22.25,22.25,22.25,0
2021-09-02,20.647775650024414,22.25,22.25,22.25,22.25,0
2021-09-03,20.647775650024414,22.25,22.25,22.25,22.25,100
2021-09-07,20.647775650024414,22.25,22.25,22.25,22.25,0
2021-09-08,20.62921714782715,22.229999542236328,22.229999542236328,22.229999542236328,22.229999542236328,100
2021-09-09,20.92617416381836,22.549999237060547,22.549999237060547,21.889999389648438,21.889999389648438,200
2021-09-10,20.52713966369629,22.1200008392334,22.1200008392334,22.1200008392334,22.1200008392334,200
2021-09-13,21.018970489501953,22.649999618530273,22.649999618530273,22.649999618530273,22.649999618530273,400
2021-09-14,20.916894912719727,22.540000915527344,22.540000915527344,21.84000015258789,21.84000015258789,1000
2021-09-15,21.529367446899414,23.200000762939453,23.25,22.969999313354492,23.15999984741211,4100
2021-09-16,21.677846908569336,23.360000610351562,23.399999618530273,21.8799991607666,21.8799991607666,3200
2021-09-17,21.714962005615234,23.399999618530273,23.399999618530273,22.700000762939453,22.700000762939453,3000
2021-09-20,21.714962005615234,23.399999618530273,23.399999618530273,23.399999618530273,23.399999618530273,0
2021-09-21,21.00969123840332,22.639999389648438,23.450000762939453,22.639999389648438,23.450000762939453,2800
2021-09-22,20.3693790435791,21.950000762939453,22.329999923706055,21.950000762939453,22.329999923706055,1600
2021-09-23,21.505949020385742,22.989999771118164,22.989999771118164,22.850000381469727,22.850000381469727,600
2021-09-24,21.505949020385742,22.989999771118164,22.989999771118164,22.989999771118164,22.989999771118164,0
2021-09-27,21.505949020385742,22.989999771118164,22.989999771118164,22.989999771118164,22.989999771118164,0
2021-09-28,20.336637496948242,21.739999771118164,21.739999771118164,21.739999771118164,21.739999771118164,500
2021-09-29,21.12241554260254,22.579999923706055,22.690000534057617,22.3700008392334,22.3799991607666,1500
2021-09-30,21.225313186645508,22.690000534057617,22.690000534057617,22.690000534057617,22.690000534057617,600
2021-10-01,20.112133026123047,21.5,28.360000610351562,21.450000762939453,22.690000534057617,211800
2021-10-04,19.971813201904297,21.350000381469727,21.770000457763672,21.309999465942383,21.520000457763672,5900
2021-10-05,20.186969757080078,21.579999923706055,21.579999923706055,21.579999923706055,21.579999923706055,600
2021-10-06,20.112133026123047,21.5,21.579999923706055,21.5,21.579999923706055,13400
2021-10-07,20.205677032470703,21.600000381469727,22.0,21.600000381469727,21.940000534057617,1600
2021-10-08,20.112133026123047,21.5,21.8700008392334,21.5,21.8700008392334,5300
2021-10-11,20.813716888427734,22.25,22.25,22.0,22.0,1200
2021-10-12,20.813716888427734,22.25,22.25,22.25,22.25,0
2021-10-13,20.813716888427734,22.25,22.25,22.25,22.25,1400
2021-10-14,20.813716888427734,22.25,22.25,22.25,22.25,0
2021-10-15,20.804359436035156,22.239999771118164,22.25,22.209999084472656,22.209999084472656,2100
2021-10-18,20.804359436035156,22.239999771118164,22.25,22.239999771118164,22.25,1400
2021-10-19,21.05693244934082,22.510000228881836,22.600000381469727,22.239999771118164,22.239999771118164,2000
2021-10-20,21.44046974182129,22.920000076293945,22.920000076293945,22.059999465942383,22.920000076293945,2700
2021-10-21,21.44046974182129,22.920000076293945,22.920000076293945,22.920000076293945,22.920000076293945,0
2021-10-22,20.701461791992188,22.1299991607666,22.229999542236328,21.75,21.75,3100
2021-10-25,20.93532371520996,22.3799991607666,22.700000762939453,22.270000457763672,22.700000762939453,1800
2021-10-26,21.047578811645508,22.5,22.75,22.5,22.75,2900
2021-10-27,21.48723793029785,22.969999313354492,22.969999313354492,22.479999542236328,22.479999542236328,2500
2021-10-28,21.477882385253906,22.959999084472656,22.969999313354492,22.920000076293945,22.969999313354492,2200
2021-10-29,21.075641632080078,22.530000686645508,22.530000686645508,22.530000686645508,22.530000686645508,300
2021-11-01,21.075641632080078,22.530000686645508,22.530000686645508,22.530000686645508,22.530000686645508,400
2021-11-02,21.43111228942871,22.90999984741211,22.90999984741211,22.549999237060547,22.549999237060547,400
2021-11-03,21.43111228942871,22.90999984741211,22.90999984741211,22.90999984741211,22.90999984741211,0
2021-11-04,21.43111228942871,22.90999984741211,22.90999984741211,22.90999984741211,22.90999984741211,0
2021-11-05,21.515304565429688,23.0,23.0,22.850000381469727,22.899999618530273,3800
2021-11-08,21.515304565429688,23.0,23.0,22.989999771118164,22.989999771118164,600
2021-11-09,21.983028411865234,23.5,23.709999084472656,23.5,23.5,3900
2021-11-10,21.983028411865234,23.5,23.5,23.459999084472656,23.479999542236328,1100
2021-11-11,22.450754165649414,24.0,24.0,23.5,23.5,3100
2021-11-12,22.450754165649414,24.0,24.0,24.0,24.0,0
2021-11-15,22.450754165649414,24.0,24.0,24.0,24.0,0
2021-11-16,22.450754165649414,24.0,24.0,24.0,24.0,0
2021-11-17,22.450754165649414,24.0,24.0,24.0,24.0,0
2021-11-18,22.450754165649414,24.0,24.0,24.0,24.0,0
2021-11-19,22.450754165649414,24.0,24.0,24.0,24.0,0
2021-11-22,22.216888427734375,23.75,24.09000015258789,23.149999618530273,23.5,8600
2021-11-23,23.13362693786621,24.729999542236328,25.489999771118164,23.5,23.5,8000
2021-11-24,22.684612274169922,24.25,24.899999618530273,23.700000762939453,24.3799991607666,3000
2021-11-26,22.07657241821289,23.600000381469727,24.25,21.5,23.549999237060547,7000
2021-11-29,22.02044677734375,23.540000915527344,23.700000762939453,23.100000381469727,23.190000534057617,1200
2021-11-30,21.505949020385742,22.989999771118164,23.440000534057617,22.989999771118164,23.440000534057617,2200
2021-12-01,21.562076568603516,23.049999237060547,23.399999618530273,22.729999542236328,22.899999618530273,2300
2021-12-02,21.983028411865234,23.5,24.0,23.200000762939453,24.0,2500
2021-12-03,22.12334442138672,23.649999618530273,23.889999389648438,23.5,23.5,400
2021-12-06,22.357202529907227,23.899999618530273,24.3799991607666,23.549999237060547,23.950000762939453,13200
2021-12-07,21.964317321777344,23.479999542236328,24.950000762939453,22.809999465942383,23.700000762939453,4500
2021-12-08,21.693037033081055,23.190000534057617,23.5,22.190000534057617,23.459999084472656,4900
2021-12-09,21.169187545776367,22.6299991607666,23.5,22.200000762939453,22.260000228881836,2500
2021-12-10,21.870773315429688,23.3799991607666,23.40999984741211,22.149999618530273,23.329999923706055,1100
2021-12-13,21.19725227355957,22.65999984741211,23.40999984741211,22.65999984741211,23.40999984741211,1000
2021-12-14,21.44982147216797,22.93000030517578,23.260000228881836,22.15999984741211,22.68000030517578,2000
2021-12-15,22.815574645996094,24.389999389648438,24.389999389648438,23.200000762939453,23.40999984741211,9000
2021-12-16,24.190685272216797,25.860000610351562,25.950000762939453,23.489999771118164,23.600000381469727,28100
2021-12-17,24.3216495513916,26.0,26.0,24.5,25.739999771118164,14600
2021-12-20,25.257095336914062,27.0,27.0,25.0,25.0,20500
2021-12-21,25.27580451965332,27.020000457763672,27.020000457763672,25.59000015258789,26.75,16800
2021-12-22,23.994239807128906,25.649999618530273,26.950000762939453,25.299999237060547,26.950000762939453,5300
2021-12-23,24.27487564086914,25.950000762939453,25.950000762939453,24.520000457763672,25.1200008392334,9600
2021-12-27,23.620059967041016,25.25,25.59000015258789,24.899999618530273,25.59000015258789,3500
2021-12-28,23.620059967041016,25.25,25.25,25.25,25.25,0
2021-12-29,23.386199951171875,25.0,25.06999969482422,25.0,25.06999969482422,400
2021-12-30,23.760377883911133,25.399999618530273,25.399999618530273,25.399999618530273,25.399999618530273,400
2021-12-31,24.312294006347656,25.989999771118164,25.989999771118164,25.989999771118164,25.989999771118164,300
2022-01-03,24.293582916259766,25.969999313354492,25.969999313354492,25.969999313354492,25.969999313354492,400
2022-01-04,23.704252243041992,25.34000015258789,26.0,25.34000015258789,26.0,1000
2022-01-05,24.00359535217285,25.65999984741211,25.65999984741211,25.65999984741211,25.65999984741211,300
2022-01-06,24.190685272216797,25.860000610351562,25.860000610351562,25.860000610351562,25.860000610351562,300
2022-01-07,24.246810913085938,25.920000076293945,25.920000076293945,25.920000076293945,25.920000076293945,300
2022-01-10,24.27487564086914,25.950000762939453,26.0,25.950000762939453,26.0,800
2022-01-11,24.461965560913086,26.149999618530273,26.489999771118164,25.899999618530273,25.899999618530273,900
2022-01-12,22.55364990234375,24.110000610351562,26.729999542236328,24.110000610351562,26.729999542236328,700
2022-01-13,23.90069580078125,25.549999237060547,26.65999984741211,25.549999237060547,26.65999984741211,1100
2022-01-14,24.78937530517578,26.5,26.579999923706055,26.0,26.0,900
2022-01-18,24.349712371826172,26.030000686645508,26.5,26.030000686645508,26.43000030517578,2200
2022-01-19,24.592927932739258,26.290000915527344,26.290000915527344,26.290000915527344,26.290000915527344,400
2022-01-20,23.404911041259766,25.020000457763672,26.639999389648438,25.020000457763672,26.639999389648438,3200
2022-01-21,24.1158504486084,25.780000686645508,25.780000686645508,25.780000686645508,25.780000686645508,200
2022-01-24,24.52744483947754,26.219999313354492,26.31999969482422,26.219999313354492,26.31999969482422,300
2022-01-25,23.395553588867188,25.010000228881836,26.25,24.799999237060547,26.25,8000
2022-01-26,23.386199951171875,25.0,26.5,25.0,26.5,2500
2022-01-27,22.993310928344727,24.579999923706055,26.450000762939453,24.579999923706055,25.729999542236328,16100
2022-01-28,24.3216495513916,26.0,26.0,24.719999313354492,25.5,9400
2022-01-31,24.134557723999023,25.799999237060547,25.950000762939453,24.799999237060547,24.799999237060547,1600
2022-02-01,24.134557723999023,25.799999237060547,25.799999237060547,25.799999237060547,25.799999237060547,0
2022-02-02,23.984886169433594,25.639999389648438,25.639999389648438,25.40999984741211,25.639999389648438,600
2022-02-03,23.853923797607422,25.5,25.5,25.0,25.0,1100
2022-02-04,23.853923797607422,25.5,25.5,25.5,25.5,0
2022-02-07,22.918476104736328,24.5,25.5,24.5,25.5,1300
2022-02-08,23.105566024780273,24.700000762939453,24.700000762939453,24.700000762939453,24.700000762939453,300
2022-02-09,23.105566024780273,24.700000762939453,24.700000762939453,24.700000762939453,24.700000762939453,0
2022-02-10,23.105566024780273,24.700000762939453,24.700000762939453,24.700000762939453,24.700000762939453,0
2022-02-11,23.105566024780273,24.700000762939453,24.700000762939453,24.700000762939453,24.700000762939453,0
2022-02-14,23.386199951171875,25.0,25.0,24.700000762939453,24.700000762939453,800
2022-02-15,22.843639373779297,24.420000076293945,24.420000076293945,24.420000076293945,24.420000076293945,500
2022-02-16,22.77815818786621,24.350000381469727,24.700000762939453,24.350000381469727,24.700000762939453,1000
2022-02-17,22.77815818786621,24.350000381469727,24.350000381469727,24.350000381469727,24.350000381469727,0
2022-02-18,22.49752426147461,24.049999237060547,24.100000381469727,24.049999237060547,24.100000381469727,600
2022-02-22,22.49752426147461,24.049999237060547,24.049999237060547,24.049999237060547,24.049999237060547,0
2022-02-23,22.49752426147461,24.049999237060547,24.049999237060547,24.049999237060547,24.049999237060547,300
2022-02-24,22.815574645996094,24.389999389648438,24.389999389648438,24.389999389648438,24.389999389648438,400
2022-02-25,22.544294357299805,24.100000381469727,25.18000030517578,24.100000381469727,24.329999923706055,3600
2022-02-28,22.73138427734375,24.299999237060547,24.299999237060547,23.860000610351562,24.280000686645508,3900
2022-03-01,22.08592414855957,23.610000610351562,23.860000610351562,23.549999237060547,23.860000610351562,3100
2022-03-02,22.08592414855957,23.610000610351562,23.610000610351562,23.610000610351562,23.610000610351562,100
2022-03-03,22.048511505126953,23.56999969482422,24.40999984741211,23.559999465942383,24.3700008392334,2200
2022-03-04,22.918476104736328,24.5,24.5,23.549999237060547,23.549999237060547,2600
2022-03-07,22.27301788330078,23.809999465942383,23.809999465942383,23.809999465942383,23.809999465942383,400
2022-03-08,21.983028411865234,23.5,23.5,23.260000228881836,23.3799991607666,2100
2022-03-09,21.983028411865234,23.5,23.5,23.5,23.5,0
2022-03-10,21.09435272216797,22.549999237060547,22.75,22.5,22.5,2800
2022-03-11,21.187896728515625,22.649999618530273,22.75,22.5,22.5,4100
2022-03-14,21.187896728515625,22.649999618530273,23.100000381469727,22.5,22.989999771118164,5300
2022-03-15,21.169187545776367,22.6299991607666,23.239999771118164,22.6299991607666,22.90999984741211,1100
2022-03-16,21.10370445251465,22.559999465942383,23.93000030517578,22.559999465942383,23.93000030517578,300
2022-03-17,21.10370445251465,22.559999465942383,22.559999465942383,22.559999465942383,22.559999465942383,0
2022-03-18,21.73045539855957,23.229999542236328,23.229999542236328,23.229999542236328,23.229999542236328,2500
2022-03-21,21.73045539855957,23.229999542236328,23.81999969482422,23.229999542236328,23.81999969482422,900
2022-03-22,21.73045539855957,23.229999542236328,23.229999542236328,23.229999542236328,23.229999542236328,100
2022-03-23,22.08592414855957,23.610000610351562,23.639999389648438,23.610000610351562,23.639999389648438,2800
2022-03-24,22.35451889038086,23.719999313354492,23.719999313354492,23.690000534057617,23.719999313354492,800
2022-03-25,22.35451889038086,23.719999313354492,23.719999313354492,23.719999313354492,23.719999313354492,100
2022-03-28,22.84458351135254,24.239999771118164,24.239999771118164,23.549999237060547,23.549999237060547,800
2022-03-29,22.288551330566406,23.649999618530273,24.25,23.649999618530273,23.899999618530273,1000
2022-03-30,22.288551330566406,23.649999618530273,23.649999618530273,23.649999618530273,23.649999618530273,100
2022-03-31,22.288551330566406,23.649999618530273,23.649999618530273,23.649999618530273,23.649999618530273,0
2022-04-01,22.477035522460938,23.850000381469727,24.25,23.850000381469727,24.25,400
2022-04-04,22.477035522460938,23.850000381469727,23.850000381469727,23.850000381469727,23.850000381469727,0
2022-04-05,22.477035522460938,23.850000381469727,23.850000381469727,23.850000381469727,23.850000381469727,0
2022-04-06,22.166034698486328,23.520000457763672,23.579999923706055,23.520000457763672,23.579999923706055,600
2022-04-07,22.147186279296875,23.5,23.510000228881836,23.5,23.510000228881836,400
2022-04-08,22.147186279296875,23.5,23.5,23.5,23.5,600
2022-04-11,22.147186279296875,23.5,23.510000228881836,23.5,23.510000228881836,400
2022-04-12,22.147186279296875,23.5,23.5,23.5,23.5,300
2022-04-13,22.147186279296875,23.5,23.5,23.5,23.5,0
2022-04-14,22.147186279296875,23.5,23.5,23.5,23.5,0
2022-04-18,22.147186279296875,23.5,23.579999923706055,23.5,23.549999237060547,6200
2022-04-19,22.147186279296875,23.5,23.5,23.5,23.5,0
2022-04-20,22.147186279296875,23.5,23.5,23.5,23.5,0
2022-04-21,22.297975540161133,23.65999984741211,24.200000762939453,23.65999984741211,24.200000762939453,500
2022-04-22,22.194305419921875,23.549999237060547,23.700000762939453,23.5,23.6299991607666,1600
2022-04-25,22.82573699951172,24.219999313354492,24.219999313354492,23.5,23.5,1100
2022-04-26,22.82573699951172,24.219999313354492,24.219999313354492,24.219999313354492,24.219999313354492,0
2022-04-27,22.194305419921875,23.549999237060547,23.8799991607666,23.549999237060547,23.549999237060547,2400
2022-04-28,22.194305419921875,23.549999237060547,23.549999237060547,23.549999237060547,23.549999237060547,0
2022-04-29,22.382795333862305,23.75,23.75,23.75,23.75,300
2022-05-02,21.94927406311035,23.290000915527344,23.700000762939453,23.049999237060547,23.579999923706055,5400
2022-05-03,21.94927406311035,23.290000915527344,23.290000915527344,23.290000915527344,23.290000915527344,0
2022-05-04,21.977548599243164,23.31999969482422,23.329999923706055,23.309999465942383,23.329999923706055,900
2022-05-05,21.977548599243164,23.31999969482422,23.31999969482422,23.31999969482422,23.31999969482422,0
2022-05-06,21.977548599243164,23.31999969482422,23.31999969482422,23.31999969482422,23.31999969482422,0
2022-05-09,21.977548599243164,23.31999969482422,23.31999969482422,23.31999969482422,23.31999969482422,0
2022-05-10,21.911577224731445,23.25,23.25,23.25,23.25,200
2022-05-11,22.61840057373047,24.0,24.0,24.0,24.0,200
2022-05-12,22.61840057373047,24.0,24.0,24.0,24.0,0
2022-05-13,22.297975540161133,23.65999984741211,23.950000762939453,23.5,23.950000762939453,800
2022-05-16,20.724111557006836,21.989999771118164,23.110000610351562,21.799999237060547,23.110000610351562,2900
2022-05-17,21.53460693359375,22.850000381469727,22.93000030517578,22.850000381469727,22.93000030517578,1100
2022-05-18,20.922021865844727,22.200000762939453,22.200000762939453,22.200000762939453,22.200000762939453,600
2022-05-19,20.922021865844727,22.200000762939453,22.200000762939453,22.200000762939453,22.200000762939453,400
2022-05-20,19.791101455688477,21.0,21.6299991607666,20.489999771118164,21.6299991607666,2900
2022-05-23,18.71673011779785,19.860000610351562,21.0,19.860000610351562,21.0,1200
2022-05-24,18.71673011779785,19.860000610351562,19.860000610351562,19.860000610351562,19.860000610351562,0
2022-05-25,19.75340461730957,20.959999084472656,20.959999084472656,20.959999084472656,20.959999084472656,400
2022-05-26,18.490543365478516,19.6200008392334,21.0,19.6200008392334,21.0,1200
2022-05-27,19.008880615234375,20.170000076293945,20.170000076293945,19.700000762939453,19.700000762939453,200
2022-05-31,19.78167724609375,20.989999771118164,22.0,20.8799991607666,22.0,3400
2022-06-01,19.78167724609375,20.989999771118164,20.989999771118164,20.989999771118164,20.989999771118164,0
2022-06-02,20.24346923828125,21.479999542236328,21.6200008392334,21.239999771118164,21.6200008392334,1800
2022-06-03,20.3565616607666,21.600000381469727,21.799999237060547,21.139999389648438,21.420000076293945,1400
2022-06-06,20.026710510253906,21.25,21.25,21.25,21.25,800
2022-06-07,19.904193878173828,21.1200008392334,21.1200008392334,21.059999465942383,21.059999465942383,1300
2022-06-08,19.83822250366211,21.049999237060547,21.059999465942383,21.049999237060547,21.059999465942383,900
2022-06-09,19.83822250366211,21.049999237060547,21.049999237060547,21.049999237060547,21.049999237060547,0
2022-06-10,19.791101455688477,21.0,21.209999084472656,21.0,21.100000381469727,600
2022-06-13,19.791101455688477,21.0,21.0,21.0,21.0,0
2022-06-14,18.377450942993164,19.5,19.899999618530273,19.450000762939453,19.899999618530273,2600
2022-06-15,18.07587432861328,19.18000030517578,19.81999969482422,18.700000762939453,18.700000762939453,2300
2022-06-16,18.565940856933594,19.700000762939453,19.700000762939453,17.530000686645508,17.530000686645508,4000
2022-06-17,17.96278190612793,19.059999465942383,19.059999465942383,17.770000457763672,17.770000457763672,1500
2022-06-21,17.02034568786621,18.059999465942383,18.059999465942383,18.059999465942383,18.059999465942383,200
2022-06-22,18.820392608642578,19.969999313354492,19.969999313354492,19.969999313354492,19.969999313354492,1500
2022-06-23,18.82982063293457,19.979999542236328,20.600000381469727,19.5,19.5,4600
2022-06-24,16.897830963134766,17.93000030517578,20.200000762939453,17.860000610351562,20.200000762939453,9200
2022-06-27,17.435020446777344,18.5,18.65999984741211,18.229999542236328,18.65999984741211,1400
2022-06-28,17.906234741210938,19.0,19.75,18.549999237060547,18.850000381469727,5700
2022-06-29,17.34077262878418,18.399999618530273,19.350000381469727,17.790000915527344,19.100000381469727,5400
2022-06-30,17.906234741210938,19.0,19.200000762939453,18.389999389648438,18.389999389648438,4300
2022-07-01,18.33032989501953,19.450000762939453,21.200000762939453,18.610000610351562,19.25,7100
2022-07-05,19.09370231628418,20.260000228881836,20.260000228881836,19.290000915527344,20.0,4500
2022-07-06,19.046579360961914,20.209999084472656,21.75,20.209999084472656,21.700000762939453,5400
2022-07-07,18.848669052124023,20.0,20.299999237060547,20.0,20.25,1900
2022-07-08,18.848669052124023,20.0,20.0,20.0,20.0,0
2022-07-11,18.848669052124023,20.0,20.0,20.0,20.0,0
2022-07-12,18.848669052124023,20.0,20.0,20.0,20.0,0
2022-07-13,18.848669052124023,20.0,20.0,20.0,20.0,0
2022-07-14,18.2832088470459,19.399999618530273,19.440000534057617,19.399999618530273,19.440000534057617,300
2022-07-15,18.2832088470459,19.399999618530273,19.399999618530273,19.399999618530273,19.399999618530273,0
2022-07-18,17.670629501342773,18.75,19.200000762939453,18.110000610351562,19.1200008392334,2100
2022-07-19,17.435020446777344,18.5,18.850000381469727,18.5,18.850000381469727,1300
2022-07-20,16.747041702270508,17.770000457763672,18.350000381469727,17.770000457763672,18.350000381469727,3600
2022-07-21,16.492584228515625,17.5,18.5,17.5,18.5,4300
2022-07-22,16.115612030029297,17.100000381469727,17.93000030517578,17.100000381469727,17.93000030517578,3000
2022-07-25,16.96380043029785,18.0,18.0,17.5,17.5,800
2022-07-26,16.52086067199707,17.530000686645508,17.850000381469727,17.530000686645508,17.850000381469727,2300
2022-07-27,16.58682632446289,17.600000381469727,17.600000381469727,17.600000381469727,17.600000381469727,300
2022-07-28,16.58682632446289,17.600000381469727,17.600000381469727,17.600000381469727,17.600000381469727,300
2022-07-29,16.530282974243164,17.540000915527344,17.6299991607666,17.43000030517578,17.6299991607666,2100
2022-08-01,16.52086067199707,17.530000686645508,17.530000686645508,17.530000686645508,17.530000686645508,300
2022-08-02,16.445463180541992,17.450000762939453,17.719999313354492,17.43000030517578,17.540000915527344,1400
2022-08-03,16.643375396728516,17.65999984741211,17.65999984741211,17.540000915527344,17.540000915527344,900
2022-08-04,17.369049072265625,18.43000030517578,19.0,18.110000610351562,18.110000610351562,2900
2022-08-05,17.623502731323242,18.700000762939453,19.100000381469727,18.010000228881836,18.010000228881836,2700
2022-08-08,17.359622955322266,18.420000076293945,19.06999969482422,18.420000076293945,18.799999237060547,2900
2022-08-09,17.38789939880371,18.450000762939453,19.200000762939453,18.450000762939453,19.0,2400
2022-08-10,17.38789939880371,18.450000762939453,18.450000762939453,18.450000762939453,18.450000762939453,100
2022-08-11,17.953357696533203,19.049999237060547,19.200000762939453,18.799999237060547,19.200000762939453,2100
2022-08-12,17.92508316040039,19.020000457763672,19.020000457763672,19.0,19.0,800
2022-08-15,17.802568435668945,18.889999389648438,19.68000030517578,18.8700008392334,19.479999542236328,1700
2022-08-16,17.680051803588867,18.760000228881836,18.760000228881836,18.75,18.75,3000
2022-08-17,17.670629501342773,18.75,18.75,18.75,18.75,2700
2022-08-18,17.38789939880371,18.450000762939453,18.690000534057617,17.65999984741211,17.65999984741211,2300
2022-08-19,17.811992645263672,18.899999618530273,18.899999618530273,18.899999618530273,18.899999618530273,2400
2022-08-22,18.30205726623535,19.420000076293945,19.420000076293945,18.899999618530273,18.899999618530273,1200
2022-08-23,17.670629501342773,18.75,18.75,18.75,18.75,600
2022-08-24,17.96278190612793,19.059999465942383,19.399999618530273,19.059999465942383,19.110000610351562,2200
2022-08-25,17.96278190612793,19.059999465942383,19.059999465942383,19.059999465942383,19.059999465942383,0
2022-08-26,17.906234741210938,19.0,19.440000534057617,18.850000381469727,19.059999465942383,2600
2022-08-29,19.08427619934082,20.25,20.25,19.520000457763672,19.520000457763672,5700
2022-08-30,19.301034927368164,20.479999542236328,20.690000534057617,19.649999618530273,19.770000457763672,3300
2022-08-31,19.159669876098633,20.329999923706055,22.5,20.329999923706055,20.43000030517578,6100
2022-09-01,18.490543365478516,19.6200008392334,20.5,19.6200008392334,20.18000030517578,2400
2022-09-02,18.377450942993164,19.5,19.549999237060547,19.5,19.549999237060547,600
2022-09-06,18.377450942993164,19.5,19.5,19.5,19.5,500
2022-09-07,18.292631149291992,19.40999984741211,19.40999984741211,19.40999984741211,19.40999984741211,600
2022-09-08,18.113571166992188,19.219999313354492,19.43000030517578,19.219999313354492,19.43000030517578,400
2022-09-09,18.000478744506836,19.100000381469727,19.100000381469727,19.100000381469727,19.100000381469727,100
2022-09-12,17.764869689941406,18.850000381469727,18.850000381469727,18.850000381469727,18.850000381469727,200
2022-09-13,18.311481475830078,19.43000030517578,19.43000030517578,19.420000076293945,19.420000076293945,500
2022-09-14,16.88840675354004,17.920000076293945,18.8799991607666,17.920000076293945,18.860000610351562,3700
2022-09-15,16.718769073486328,17.739999771118164,19.06999969482422,17.709999084472656,18.719999313354492,11600
2022-09-16,17.039196014404297,18.079999923706055,18.25,17.1200008392334,17.559999465942383,26400
2022-09-19,17.19940948486328,18.25,18.25,17.770000457763672,17.770000457763672,3000
2022-09-20,17.604656219482422,18.68000030517578,18.75,18.68000030517578,18.75,500
2022-09-21,17.15229034423828,18.200000762939453,18.719999313354492,17.950000762939453,18.719999313354492,800
2022-09-22,18.41012191772461,19.31999969482422,19.40999984741211,18.299999237060547,18.299999237060547,3200
2022-09-23,18.972335815429688,19.90999984741211,20.389999389648438,19.450000762939453,19.450000762939453,18400
2022-09-26,18.943748474121094,19.8799991607666,20.0,19.399999618530273,19.959999084472656,2100
2022-09-27,19.010454177856445,19.950000762939453,19.950000762939453,18.170000076293945,19.8799991607666,1300
2022-09-28,18.448238372802734,19.360000610351562,19.90999984741211,18.790000915527344,19.90999984741211,2400
2022-09-29,18.438711166381836,19.350000381469727,19.65999984741211,19.350000381469727,19.65999984741211,500
2022-09-30,18.07660484313965,18.969999313354492,19.829999923706055,18.969999313354492,19.829999923706055,1000
2022-10-03,18.352947235107422,19.260000228881836,19.639999389648438,19.260000228881836,19.639999389648438,1800
2022-10-04,18.591175079345703,19.510000228881836,19.739999771118164,19.399999618530273,19.739999771118164,1200
2022-10-05,18.619762420654297,19.540000915527344,19.600000381469727,19.399999618530273,19.420000076293945,1100
2022-10-06,18.772228240966797,19.700000762939453,19.700000762939453,19.450000762939453,19.700000762939453,1400
2022-10-07,18.781753540039062,19.709999084472656,19.739999771118164,19.450000762939453,19.739999771118164,1100
2022-10-10,18.81034278869629,19.739999771118164,19.739999771118164,19.739999771118164,19.739999771118164,400
2022-10-11,18.391063690185547,19.299999237060547,19.299999237060547,19.299999237060547,19.299999237060547,800
2022-10-12,18.524471282958984,19.440000534057617,19.450000762939453,19.440000534057617,19.450000762939453,600
2022-10-13,18.553058624267578,19.469999313354492,19.469999313354492,19.440000534057617,19.440000534057617,400
2022-10-14,18.24812889099121,19.149999618530273,19.149999618530273,19.149999618530273,19.149999618530273,300
2022-10-17,18.352947235107422,19.260000228881836,19.260000228881836,19.0,19.25,1600
2022-10-18,18.56258773803711,19.479999542236328,19.479999542236328,19.34000015258789,19.34000015258789,2100
2022-10-19,18.286245346069336,19.190000534057617,19.469999313354492,19.190000534057617,19.469999313354492,500
2022-10-20,17.581096649169922,18.450000762939453,19.010000228881836,18.450000762939453,19.010000228881836,2000
2022-10-21,17.581096649169922,18.450000762939453,18.450000762939453,18.450000762939453,18.450000762939453,0
2022-10-24,17.581096649169922,18.450000762939453,18.450000762939453,18.450000762939453,18.450000762939453,0
2022-10-25,17.847909927368164,18.729999542236328,18.75,18.719999313354492,18.75,2000
2022-10-26,17.847909927368164,18.729999542236328,18.729999542236328,18.729999542236328,18.729999542236328,500
2022-10-27,18.105194091796875,19.0,19.18000030517578,18.799999237060547,18.899999618530273,1000
2022-10-28,18.200483322143555,19.100000381469727,19.100000381469727,19.100000381469727,19.100000381469727,500
2022-10-31,17.800262451171875,18.68000030517578,18.68000030517578,18.649999618530273,18.649999618530273,600
2022-11-01,17.800262451171875,18.68000030517578,18.68000030517578,18.68000030517578,18.68000030517578,0
2022-11-02,17.800262451171875,18.68000030517578,18.68000030517578,18.68000030517578,18.68000030517578,300
2022-11-03,17.800262451171875,18.68000030517578,18.68000030517578,18.68000030517578,18.68000030517578,600
2022-11-04,18.057546615600586,18.950000762939453,18.950000762939453,18.700000762939453,18.700000762939453,500
2022-11-07,18.009902954101562,18.899999618530273,18.899999618530273,18.700000762939453,18.700000762939453,300
2022-11-08,18.009902954101562,18.899999618530273,18.899999618530273,18.649999618530273,18.700000762939453,400
2022-11-09,17.771677017211914,18.649999618530273,18.649999618530273,18.649999618530273,18.649999618530273,500
2022-11-10,17.781204223632812,18.65999984741211,18.65999984741211,18.65999984741211,18.65999984741211,500
2022-11-11,17.781204223632812,18.65999984741211,18.65999984741211,18.65999984741211,18.65999984741211,0
2022-11-14,17.866968154907227,18.75,18.75,18.75,18.75,600
2022-11-15,17.866968154907227,18.75,18.75,18.75,18.75,0
2022-11-16,17.724031448364258,18.600000381469727,18.649999618530273,18.600000381469727,18.649999618530273,400
2022-11-17,17.724031448364258,18.600000381469727,18.600000381469727,18.600000381469727,18.600000381469727,400
2022-11-18,17.819320678710938,18.700000762939453,18.799999237060547,18.700000762939453,18.799999237060547,800
2022-11-21,17.876497268676758,18.760000228881836,18.760000228881836,18.299999237060547,18.59000015258789,4900
2022-11-22,17.724031448364258,18.600000381469727,18.75,18.600000381469727,18.75,600
2022-11-23,17.771677017211914,18.649999618530273,18.649999618530273,18.600000381469727,18.600000381469727,700
2022-11-25,17.771677017211914,18.649999618530273,18.649999618530273,18.479999542236328,18.479999542236328,600
2022-11-28,17.704975128173828,18.579999923706055,18.600000381469727,18.579999923706055,18.600000381469727,500
2022-11-29,17.704975128173828,18.579999923706055,18.579999923706055,18.579999923706055,18.579999923706055,0
2022-11-30,17.704975128173828,18.579999923706055,18.579999923706055,18.579999923706055,18.579999923706055,0
2022-12-01,17.581096649169922,18.450000762939453,18.6200008392334,18.270000457763672,18.469999313354492,2100
2022-12-02,17.390514373779297,18.25,18.399999618530273,18.200000762939453,18.200000762939453,900
2022-12-05,17.390514373779297,18.25,18.25,18.25,18.25,0
2022-12-06,17.390514373779297,18.25,18.25,18.25,18.25,0
2022-12-07,16.914060592651367,17.75,18.260000228881836,17.75,18.200000762939453,7200
2022-12-08,17.009353637695312,17.850000381469727,17.850000381469727,17.75,17.84000015258789,2300
2022-12-09,16.961706161499023,17.799999237060547,17.799999237060547,17.799999237060547,17.799999237060547,100
2022-12-12,16.961706161499023,17.799999237060547,17.799999237060547,17.799999237060547,17.799999237060547,0
2022-12-13,16.914060592651367,17.75,17.799999237060547,17.75,17.75,1600
2022-12-14,16.351848602294922,17.15999984741211,17.760000228881836,17.15999984741211,17.760000228881836,1200
2022-12-15,16.218441009521484,17.020000457763672,17.020000457763672,17.020000457763672,17.020000457763672,1100
2022-12-16,16.52337074279785,17.34000015258789,18.450000762939453,17.34000015258789,18.450000762939453,900
2022-12-19,16.275615692138672,17.079999923706055,17.079999923706055,17.079999923706055,17.079999923706055,100
2022-12-20,16.942649841308594,17.780000686645508,17.780000686645508,17.780000686645508,17.780000686645508,600
2022-12-21,16.323259353637695,17.1299991607666,17.1299991607666,17.1299991607666,17.1299991607666,200
2022-12-22,16.199382781982422,17.0,17.350000381469727,17.0,17.0,9800
2022-12-23,16.351848602294922,17.15999984741211,17.15999984741211,17.1299991607666,17.1299991607666,200
2022-12-27,16.67583465576172,17.5,17.5,17.200000762939453,17.200000762939453,1600
2022-12-28,16.866418838500977,17.700000762939453,17.799999237060547,17.479999542236328,17.799999237060547,500
2022-12-29,17.009353637695312,17.850000381469727,17.850000381469727,17.149999618530273,17.149999618530273,300
2022-12-30,16.43760871887207,17.25,17.25,17.25,17.25,300
2023-01-03,16.961706161499023,17.799999237060547,17.799999237060547,17.799999237060547,17.799999237060547,200
2023-01-04,16.961706161499023,17.799999237060547,17.799999237060547,17.799999237060547,17.799999237060547,0
2023-01-05,16.961706161499023,17.799999237060547,17.799999237060547,17.799999237060547,17.799999237060547,0
2023-01-06,16.67583465576172,17.5,17.5,17.5,17.5,2900
2023-01-09,16.67583465576172,17.5,17.5,17.5,17.5,0
2023-01-10,16.67583465576172,17.5,17.5,17.5,17.5,0
2023-01-11,17.40004539489746,18.260000228881836,18.260000228881836,18.260000228881836,18.260000228881836,100
2023-01-12,17.40004539489746,18.260000228881836,18.260000228881836,18.260000228881836,18.260000228881836,0
2023-01-13,17.40004539489746,18.260000228881836,18.260000228881836,18.260000228881836,18.260000228881836,0
2023-01-17,17.40957260131836,18.270000457763672,18.270000457763672,18.270000457763672,18.270000457763672,300
2023-01-18,17.40957260131836,18.270000457763672,18.270000457763672,18.270000457763672,18.270000457763672,0
2023-01-19,17.40957260131836,18.270000457763672,18.270000457763672,18.270000457763672,18.270000457763672,0
2023-01-20,16.92359161376953,17.760000228881836,17.760000228881836,17.760000228881836,17.760000228881836,100
2023-01-23,16.485254287719727,17.299999237060547,17.729999542236328,17.260000228881836,17.729999542236328,800
2023-01-24,17.276165008544922,18.1299991607666,18.1299991607666,18.1299991607666,18.1299991607666,400
2023-01-25,16.49478530883789,17.309999465942383,17.309999465942383,17.309999465942383,17.309999465942383,400
2023-01-26,16.818771362304688,17.649999618530273,17.649999618530273,17.649999618530273,17.649999618530273,100
2023-01-27,17.104644775390625,17.950000762939453,17.950000762939453,17.799999237060547,17.799999237060547,300
2023-01-30,17.056995391845703,17.899999618530273,17.899999618530273,17.899999618530273,17.899999618530273,700
2023-01-31,17.056995391845703,17.899999618530273,17.899999618530273,17.899999618530273,17.899999618530273,0
2023-02-01,17.23805046081543,18.09000015258789,18.09000015258789,18.09000015258789,18.09000015258789,500
2023-02-02,16.53289794921875,17.350000381469727,17.350000381469727,17.350000381469727,17.350000381469727,1400
2023-02-03,16.733007431030273,17.559999465942383,17.989999771118164,17.559999465942383,17.989999771118164,600
2023-02-06,16.799711227416992,17.6299991607666,17.940000534057617,17.6299991607666,17.940000534057617,4100
2023-02-07,17.17134666442871,18.020000457763672,18.100000381469727,17.700000762939453,17.700000762939453,2700
2023-02-08,17.23805046081543,18.09000015258789,18.09000015258789,18.09000015258789,18.09000015258789,400
2023-02-09,17.104644775390625,17.950000762939453,17.950000762939453,17.6200008392334,17.6200008392334,500
2023-02-10,17.104644775390625,17.950000762939453,17.950000762939453,17.950000762939453,17.950000762939453,0
2023-02-13,17.228519439697266,18.079999923706055,18.079999923706055,18.079999923706055,18.079999923706055,500
2023-02-14,17.228519439697266,18.079999923706055,18.079999923706055,18.079999923706055,18.079999923706055,300
2023-02-15,17.228519439697266,18.079999923706055,18.079999923706055,18.079999923706055,18.079999923706055,0
2023-02-16,17.228519439697266,18.079999923706055,18.079999923706055,18.079999923706055,18.079999923706055,0
2023-02-17,17.228519439697266,18.079999923706055,18.079999923706055,18.079999923706055,18.079999923706055,0
2023-02-21,17.228519439697266,18.079999923706055,18.079999923706055,18.079999923706055,18.079999923706055,0
2023-02-22,17.104644775390625,17.950000762939453,17.950000762939453,17.6200008392334,17.6200008392334,5400
2023-02-23,17.104644775390625,17.950000762939453,17.950000762939453,17.950000762939453,17.950000762939453,0
2023-02-24,16.67583465576172,17.5,17.5,17.5,17.5,600
2023-02-27,16.67583465576172,17.5,17.5,17.5,17.5,0
2023-02-28,17.247577667236328,18.100000381469727,18.139999389648438,18.049999237060547,18.049999237060547,1700
2023-03-01,16.818771362304688,17.649999618530273,18.100000381469727,17.649999618530273,17.979999542236328,2700
2023-03-02,16.75206756591797,17.579999923706055,17.899999618530273,17.579999923706055,17.899999618530273,600
2023-03-03,17.009353637695312,17.850000381469727,18.100000381469727,17.850000381469727,18.100000381469727,400
2023-03-06,16.67583465576172,17.5,17.899999618530273,17.5,17.899999618530273,2300
2023-03-07,16.67583465576172,17.5,17.5,17.5,17.5,100
2023-03-08,16.82830047607422,17.65999984741211,17.65999984741211,17.65999984741211,17.65999984741211,200
2023-03-09,16.67583465576172,17.5,17.799999237060547,17.5,17.799999237060547,8100
2023-03-10,16.199382781982422,17.0,17.5,17.0,17.049999237060547,16000
2023-03-13,15.961155891418457,16.75,17.15999984741211,15.84000015258789,17.0,12100
2023-03-14,15.522821426391602,16.290000915527344,17.1200008392334,16.290000915527344,17.1200008392334,1600
2023-03-15,15.48470401763916,16.25,16.25,16.25,16.25,400
2023-03-16,15.48470401763916,16.25,16.25,16.25,16.25,100
2023-03-17,14.893904685974121,15.630000114440918,16.25,15.630000114440918,16.25,8300
2023-03-20,15.294122695922852,16.049999237060547,16.049999237060547,16.020000457763672,16.020000457763672,800
2023-03-21,15.208361625671387,15.960000038146973,15.989999771118164,15.960000038146973,15.989999771118164,700
2023-03-22,15.017782211303711,15.760000228881836,15.829999923706055,15.75,15.75,1500
2023-03-23,14.959872245788574,15.5,15.850000381469727,15.5,15.75,5300
2023-03-24,14.959872245788574,15.5,15.5,15.5,15.5,0
2023-03-27,14.959872245788574,15.5,15.5,15.5,15.5,0
2023-03-28,14.998477935791016,15.539999961853027,15.539999961853027,15.5,15.5,1300
2023-03-29,14.998477935791016,15.539999961853027,15.539999961853027,15.539999961853027,15.539999961853027,0
2023-03-30,14.959872245788574,15.5,15.539999961853027,15.5,15.539999961853027,1500
2023-03-31,14.998477935791016,15.539999961853027,15.779999732971191,15.510000228881836,15.510000228881836,3000
2023-04-03,14.959872245788574,15.5,15.5,15.5,15.5,200
2023-04-04,14.930916786193848,15.470000267028809,15.529999732971191,15.470000267028809,15.529999732971191,3800
2023-04-05,15.056387901306152,15.600000381469727,15.600000381469727,15.479999542236328,15.479999542236328,500
2023-04-06,15.056387901306152,15.600000381469727,15.600000381469727,15.600000381469727,15.600000381469727,100
2023-04-10,14.728235244750977,15.260000228881836,15.600000381469727,15.260000228881836,15.600000381469727,2300
2023-04-11,14.728235244750977,15.260000228881836,15.260000228881836,15.260000228881836,15.260000228881836,0
2023-04-12,14.718583106994629,15.25,15.270000457763672,15.25,15.270000457763672,2300
2023-04-13,14.718583106994629,15.25,15.25,15.25,15.25,0
2023-04-14,14.718583106994629,15.25,15.25,15.25,15.25,1500
2023-04-17,14.718583106994629,15.25,15.25,15.25,15.25,0
2023-04-18,14.718583106994629,15.25,15.25,15.25,15.25,0
2023-04-19,14.901962280273438,15.4399995803833,15.4399995803833,15.4399995803833,15.4399995803833,1000
2023-04-20,14.892311096191406,15.430000305175781,15.430000305175781,15.430000305175781,15.430000305175781,1300
2023-04-21,14.959872245788574,15.5,15.5,15.5,15.5,2600
2023-04-24,14.718583106994629,15.25,15.25,15.25,15.25,2800
2023-04-25,14.477295875549316,15.0,15.100000381469727,14.75,15.100000381469727,7900
2023-04-26,14.477295875549316,15.0,15.0,15.0,15.0,0
2023-04-27,14.86335563659668,15.399999618530273,15.399999618530273,14.850000381469727,14.850000381469727,2400
2023-04-28,14.959872245788574,15.5,15.5,15.5,15.5,200
2023-05-01,14.293916702270508,14.8100004196167,15.170000076293945,14.8100004196167,15.170000076293945,600
2023-05-02,14.332523345947266,14.850000381469727,15.0600004196167,14.850000381469727,15.0600004196167,8800
2023-05-03,14.718583106994629,15.25,15.600000381469727,15.1899995803833,15.600000381469727,3000
2023-05-04,14.457991600036621,14.979999542236328,15.229999542236328,14.979999542236328,15.199999809265137,2100
2023-05-05,14.593113899230957,15.119999885559082,15.119999885559082,15.119999885559082,15.119999885559082,600
2023-05-08,14.593113899230957,15.119999885559082,15.119999885559082,15.119999885559082,15.119999885559082,0
2023-05-09,14.187749862670898,14.699999809265137,14.75,14.699999809265137,14.75,10500
2023-05-10,14.207053184509277,14.720000267028809,14.720000267028809,14.720000267028809,14.720000267028809,600
2023-05-11,14.207053184509277,14.720000267028809,14.720000267028809,14.720000267028809,14.720000267028809,0
2023-05-12,14.44834041595459,14.970000267028809,14.970000267028809,14.970000267028809,14.970000267028809,200
2023-05-15,14.44834041595459,14.970000267028809,14.970000267028809,14.970000267028809,14.970000267028809,0
2023-05-16,13.994718551635742,14.5,14.869999885559082,14.5,14.869999885559082,6600
2023-05-17,13.88855266571045,14.390000343322754,14.4399995803833,14.390000343322754,14.399999618530273,1500
2023-05-18,13.88855266571045,14.390000343322754,14.390000343322754,14.390000343322754,14.390000343322754,0
2023-05-19,13.637612342834473,14.130000114440918,14.130000114440918,14.130000114440918,14.130000114440918,600
2023-05-22,13.898202896118164,14.399999618530273,14.399999618530273,14.399999618530273,14.399999618530273,300
2023-05-23,13.656915664672852,14.149999618530273,14.149999618530273,14.149999618530273,14.149999618530273,400
2023-05-24,13.656915664672852,14.149999618530273,14.149999618530273,14.149999618530273,14.149999618530273,0
2023-05-25,13.656915664672852,14.149999618530273,14.149999618530273,14.149999618530273,14.149999618530273,0
2023-05-26,13.608657836914062,14.100000381469727,14.109999656677246,14.100000381469727,14.109999656677246,1500
2023-05-30,13.608657836914062,14.100000381469727,14.100000381469727,14.100000381469727,14.100000381469727,100
2023-05-31,13.705172538757324,14.199999809265137,14.199999809265137,14.100000381469727,14.100000381469727,500
2023-06-01,13.705172538757324,14.199999809265137,14.199999809265137,14.199999809265137,14.199999809265137,0
2023-06-02,13.705172538757324,14.199999809265137,14.199999809265137,14.199999809265137,14.199999809265137,0
2023-06-05,13.463885307312012,13.949999809265137,14.25,13.949999809265137,14.149999618530273,6200
2023-06-06,13.415626525878906,13.899999618530273,14.079999923706055,13.899999618530273,14.0,5800
2023-06-07,13.319111824035645,13.800000190734863,14.0,13.800000190734863,14.0,15000
2023-06-08,13.319111824035645,13.800000190734863,13.800000190734863,13.800000190734863,13.800000190734863,300
2023-06-09,13.463885307312012,13.949999809265137,13.949999809265137,13.75,13.930000305175781,13300
2023-06-12,13.299808502197266,13.779999732971191,13.899999618530273,13.770000457763672,13.899999618530273,12200
2023-06-13,13.328763961791992,13.8100004196167,13.8100004196167,13.800000190734863,13.800000190734863,1500
2023-06-14,13.608657836914062,14.100000381469727,14.100000381469727,13.829999923706055,13.850000381469727,5000
2023-06-15,13.637612342834473,14.130000114440918,14.15999984741211,13.979999542236328,13.979999542236328,2500
2023-06-16,14.477295875549316,15.0,15.0,14.010000228881836,14.149999618530273,25200
2023-06-20,14.477295875549316,15.0,15.0,14.40999984741211,14.40999984741211,6100
2023-06-21,15.066038131713867,15.609999656677246,15.609999656677246,15.0,15.0,5800
2023-06-22,14.718583106994629,15.25,15.25,15.25,15.25,100
2023-06-23,14.959872245788574,15.5,15.5,14.949999809265137,14.979999542236328,6200
2023-06-26,14.921265602111816,15.460000038146973,15.460000038146973,15.260000228881836,15.260000228881836,400
2023-06-27,14.921265602111816,15.460000038146973,15.460000038146973,15.460000038146973,15.460000038146973,500
2023-06-28,14.486947059631348,15.010000228881836,15.039999961853027,14.84000015258789,14.84000015258789,900
2023-06-29,14.486947059631348,15.010000228881836,15.010000228881836,15.010000228881836,15.010000228881836,0
2023-06-30,13.936809539794922,14.4399995803833,15.15999984741211,14.4399995803833,15.15999984741211,500
2023-07-03,13.936809539794922,14.4399995803833,14.4399995803833,14.4399995803833,14.4399995803833,0
2023-07-05,14.467643737792969,14.989999771118164,15.029999732971191,14.550000190734863,14.789999961853027,3500
2023-07-06,14.544856071472168,15.069999694824219,15.09000015258789,14.710000038146973,14.710000038146973,3200
2023-07-07,14.554508209228516,15.079999923706055,15.079999923706055,14.819999694824219,14.819999694824219,1000
2023-07-10,14.959872245788574,15.5,15.5,15.470000267028809,15.470000267028809,1100
2023-07-11,14.457991600036621,14.979999542236328,14.979999542236328,14.729999542236328,14.729999542236328,700
2023-07-12,14.1105375289917,14.619999885559082,14.760000228881836,14.619999885559082,14.760000228881836,400
2023-07-13,14.1105375289917,14.619999885559082,14.619999885559082,14.619999885559082,14.619999885559082,0
2023-07-14,14.1105375289917,14.619999885559082,14.619999885559082,14.619999885559082,14.619999885559082,100
2023-07-17,13.782383918762207,14.279999732971191,14.649999618530273,14.279999732971191,14.600000381469727,4400
2023-07-18,13.898202896118164,14.399999618530273,14.5,14.199999809265137,14.350000381469727,77100
2023-07-19,14.187749862670898,14.699999809265137,14.699999809265137,14.319999694824219,14.319999694824219,1100
2023-07-20,14.815099716186523,15.350000381469727,15.529999732971191,14.920000076293945,14.920000076293945,7300
2023-07-21,14.69927978515625,15.229999542236328,15.350000381469727,15.229999542236328,15.350000381469727,1600
2023-07-24,14.69927978515625,15.229999542236328,15.229999542236328,15.229999542236328,15.229999542236328,0
2023-07-25,15.789904594421387,16.360000610351562,16.360000610351562,15.5,15.5,12100
2023-07-26,15.345932960510254,15.899999618530273,15.899999618530273,15.899999618530273,15.899999618530273,300
2023-07-27,15.345932960510254,15.899999618530273,15.899999618530273,15.899999618530273,15.899999618530273,0
2023-07-28,14.776493072509766,15.3100004196167,15.3100004196167,15.3100004196167,15.3100004196167,400
2023-07-31,14.988825798034668,15.529999732971191,15.529999732971191,15.529999732971191,15.529999732971191,400
2023-08-01,14.988825798034668,15.529999732971191,15.529999732971191,15.529999732971191,15.529999732971191,100
2023-08-02,14.988825798034668,15.529999732971191,15.529999732971191,15.529999732971191,15.529999732971191,100
2023-08-03,14.988825798034668,15.529999732971191,15.529999732971191,15.529999732971191,15.529999732971191,200
2023-08-04,14.988825798034668,15.529999732971191,15.529999732971191,15.529999732971191,15.529999732971191,0
2023-08-07,15.230114936828613,15.779999732971191,15.779999732971191,15.779999732971191,15.779999732971191,300
2023-08-08,15.230114936828613,15.779999732971191,15.779999732971191,15.779999732971191,15.779999732971191,0
2023-08-09,14.979175567626953,15.520000457763672,15.729999542236328,15.520000457763672,15.729999542236328,400
2023-08-10,14.979175567626953,15.520000457763672,15.520000457763672,15.520000457763672,15.520000457763672,100
2023-08-11,14.979175567626953,15.520000457763672,15.520000457763672,15.520000457763672,15.520000457763672,100
2023-08-14,14.979175567626953,15.520000457763672,15.520000457763672,15.520000457763672,15.520000457763672,0
2023-08-15,14.979175567626953,15.520000457763672,15.520000457763672,15.520000457763672,15.520000457763672,0
2023-08-16,14.959872245788574,15.5,15.510000228881836,15.5,15.510000228881836,500
2023-08-17,14.959872245788574,15.5,15.5,15.5,15.5,0
2023-08-18,15.008130073547363,15.550000190734863,15.5600004196167,15.5,15.5,2700
2023-08-21,15.008130073547363,15.550000190734863,15.550000190734863,15.550000190734863,15.550000190734863,100
2023-08-22,15.008130073547363,15.550000190734863,15.550000190734863,15.550000190734863,15.550000190734863,0
2023-08-23,15.008130073547363,15.550000190734863,15.550000190734863,15.550000190734863,15.550000190734863,0
2023-08-24,15.008130073547363,15.550000190734863,15.550000190734863,15.550000190734863,15.550000190734863,0
2023-08-25,15.008130073547363,15.550000190734863,15.550000190734863,15.550000190734863,15.550000190734863,0
2023-08-28,14.207053184509277,14.720000267028809,14.720000267028809,14.720000267028809,14.720000267028809,100
2023-08-29,14.236006736755371,14.75,15.300000190734863,14.75,15.300000190734863,200
2023-08-30,14.236006736755371,14.75,14.75,14.75,14.75,200
2023-08-31,14.467643737792969,14.989999771118164,15.239999771118164,14.989999771118164,15.239999771118164,1000
2023-09-01,14.22635555267334,14.739999771118164,14.739999771118164,14.729999542236328,14.729999542236328,500
2023-09-05,13.936809539794922,14.4399995803833,14.4399995803833,14.4399995803833,14.4399995803833,600
2023-09-06,13.898202896118164,14.399999618530273,14.5,14.399999618530273,14.5,10500
2023-09-07,13.772733688354492,14.270000457763672,14.350000381469727,14.1899995803833,14.350000381469727,91100
2023-09-08,13.994718551635742,14.5,14.5,14.25,14.279999732971191,8000
2023-09-11,14.322871208190918,14.84000015258789,14.859999656677246,14.40999984741211,14.84000015258789,800
2023-09-12,14.322871208190918,14.84000015258789,14.869999885559082,14.5,14.5,3300
2023-09-13,14.00437068939209,14.510000228881836,14.699999809265137,14.5,14.609999656677246,6100
2023-09-14,14.284265518188477,14.800000190734863,14.800000190734863,14.510000228881836,14.510000228881836,600
2023-09-15,14.602766036987305,15.130000114440918,15.130000114440918,14.800000190734863,14.890000343322754,7600
2023-09-18,14.86335563659668,15.399999618530273,16.0,15.0,15.0,3800
2023-09-19,14.486947059631348,15.010000228881836,15.5,15.0,15.0,2500
2023-09-20,14.573811531066895,15.100000381469727,15.420000076293945,15.0,15.119999885559082,15300
2023-09-21,14.73030948638916,15.0600004196167,15.100000381469727,14.800000190734863,15.09000015258789,2100
2023-09-22,14.534687042236328,14.859999656677246,15.0,14.760000228881836,14.760000228881836,5700
2023-09-25,14.476000785827637,14.800000190734863,14.800000190734863,14.800000190734863,14.800000190734863,300
2023-09-26,14.671622276306152,15.0,15.0,14.75,14.960000038146973,1200
2023-09-27,14.671622276306152,15.0,15.0,15.0,15.0,0
2023-09-28,14.387970924377441,14.710000038146973,14.800000190734863,14.5,14.5,900
2023-09-29,14.564029693603516,14.890000343322754,14.899999618530273,14.5,14.5,1300
2023-10-02,14.554248809814453,14.880000114440918,14.979999542236328,14.880000114440918,14.979999542236328,500
2023-10-03,14.182568550109863,14.5,14.649999618530273,14.350000381469727,14.510000228881836,8900
2023-10-04,14.182568550109863,14.5,14.5,14.5,14.5,1200
2023-10-05,14.016288757324219,14.329999923706055,14.329999923706055,14.319999694824219,14.319999694824219,800
2023-10-06,14.016288757324219,14.329999923706055,14.329999923706055,14.329999923706055,14.329999923706055,0
2023-10-09,14.016288757324219,14.329999923706055,14.329999923706055,14.329999923706055,14.329999923706055,100
2023-10-10,13.96738338470459,14.279999732971191,14.640000343322754,14.279999732971191,14.640000343322754,600
2023-10-11,14.026070594787598,14.34000015258789,14.970000267028809,14.34000015258789,14.970000267028809,500
2023-10-12,14.026070594787598,14.34000015258789,14.34000015258789,14.34000015258789,14.34000015258789,0
2023-10-13,13.938040733337402,14.25,14.5,14.25,14.5,4400
2023-10-16,13.918478012084961,14.229999542236328,14.229999542236328,14.229999542236328,14.229999542236328,1100
2023-10-17,13.889134407043457,14.199999809265137,14.199999809265137,14.199999809265137,14.199999809265137,1600
2023-10-18,13.986946105957031,14.300000190734863,14.300000190734863,14.15999984741211,14.199999809265137,3900
2023-10-19,13.7130765914917,14.020000457763672,14.970000267028809,14.020000457763672,14.970000267028809,1300
2023-10-20,14.15322494506836,14.470000267028809,14.470000267028809,14.470000267028809,14.470000267028809,200
2023-10-23,13.947821617126465,14.260000228881836,14.260000228881836,14.260000228881836,14.260000228881836,200
2023-10-24,14.182568550109863,14.5,14.5,14.489999771118164,14.489999771118164,400
2023-10-25,14.182568550109863,14.5,14.5,14.5,14.5,0
2023-10-26,14.182568550109863,14.5,14.5,14.5,14.5,0
2023-10-27,14.182568550109863,14.5,14.5,14.5,14.5,0
2023-10-30,14.182568550109863,14.5,14.5,14.5,14.5,0
2023-10-31,14.182568550109863,14.5,14.5,14.5,14.5,0
2023-11-01,13.722856521606445,14.029999732971191,14.5,14.029999732971191,14.5,1700
2023-11-02,13.938040733337402,14.25,14.489999771118164,14.0,14.010000228881836,2400
2023-11-03,13.938040733337402,14.25,14.25,14.25,14.25,600
2023-11-06,14.006507873535156,14.319999694824219,14.319999694824219,14.25,14.25,2500
2023-11-07,14.133662223815918,14.449999809265137,14.449999809265137,14.449999809265137,14.449999809265137,1600
2023-11-08,14.163004875183105,14.479999542236328,14.5,14.0600004196167,14.5,900
2023-11-09,14.163004875183105,14.479999542236328,14.479999542236328,14.479999542236328,14.479999542236328,0
2023-11-10,14.163004875183105,14.479999542236328,14.479999542236328,14.479999542236328,14.479999542236328,0
2023-11-13,14.123881340026855,14.4399995803833,14.4399995803833,14.4399995803833,14.4399995803833,700
2023-11-14,14.114100456237793,14.430000305175781,14.430000305175781,14.420000076293945,14.430000305175781,1500
2023-11-15,14.114100456237793,14.430000305175781,14.430000305175781,14.430000305175781,14.430000305175781,0
2023-11-16,13.850010871887207,14.15999984741211,14.170000076293945,14.149999618530273,14.149999618530273,800
2023-11-17,13.96738338470459,14.279999732971191,14.329999923706055,14.149999618530273,14.329999923706055,3500
2023-11-20,13.693513870239258,14.0,14.25,14.0,14.25,7400
2023-11-21,13.75220012664795,14.0600004196167,14.0600004196167,14.0600004196167,14.0600004196167,200
2023-11-22,13.92825984954834,14.239999771118164,14.239999771118164,14.239999771118164,14.239999771118164,700
2023-11-24,13.92825984954834,14.239999771118164,14.239999771118164,14.239999771118164,14.239999771118164,300
2023-11-27,13.96738338470459,14.279999732971191,14.279999732971191,14.279999732971191,14.279999732971191,900
2023-11-28,14.065195083618164,14.380000114440918,14.380000114440918,14.380000114440918,14.380000114440918,900
2023-11-29,14.065195083618164,14.380000114440918,14.380000114440918,14.380000114440918,14.380000114440918,0
2023-11-30,14.065195083618164,14.380000114440918,14.380000114440918,14.380000114440918,14.380000114440918,400
2023-12-01,13.722856521606445,14.029999732971191,14.029999732971191,14.029999732971191,14.029999732971191,200
2023-12-04,13.938040733337402,14.25,14.40999984741211,14.0,14.149999618530273,7100
2023-12-05,13.840229988098145,14.149999618530273,14.149999618530273,14.050000190734863,14.050000190734863,400
2023-12-06,13.840229988098145,14.149999618530273,14.149999618530273,14.149999618530273,14.149999618530273,0
2023-12-07,13.840229988098145,14.149999618530273,14.149999618530273,14.149999618530273,14.149999618530273,0
2023-12-08,14.094537734985352,14.40999984741211,14.40999984741211,14.220000267028809,14.220000267028809,4700
2023-12-11,13.81088638305664,14.119999885559082,14.119999885559082,14.119999885559082,14.119999885559082,400
2023-12-12,13.947821617126465,14.260000228881836,14.260000228881836,14.260000228881836,14.260000228881836,500
2023-12-13,13.859792709350586,14.170000076293945,14.449999809265137,14.149999618530273,14.25,8100
2023-12-14,14.66184139251709,14.989999771118164,14.989999771118164,14.25,14.25,7800
2023-12-15,14.788993835449219,15.119999885559082,15.119999885559082,14.960000038146973,14.960000038146973,1600
2023-12-18,14.808557510375977,15.140000343322754,15.199999809265137,15.130000114440918,15.130000114440918,500
2023-12-19,15.395421028137207,15.739999771118164,15.739999771118164,15.430000305175781,15.470000267028809,22400
2023-12-20,15.571481704711914,15.920000076293945,15.920000076293945,15.510000228881836,15.510000228881836,300
2023-12-21,16.26593780517578,16.6299991607666,16.6299991607666,15.979999542236328,15.979999542236328,3100
2023-12-22,17.527698516845703,17.920000076293945,17.920000076293945,16.100000381469727,16.549999237060547,3900
2023-12-26,17.55704116821289,17.950000762939453,18.510000228881836,17.950000762939453,18.260000228881836,6000
2023-12-27,16.74521255493164,17.1200008392334,17.540000915527344,17.1200008392334,17.420000076293945,1800
2023-12-28,16.168127059936523,16.530000686645508,16.530000686645508,16.530000686645508,16.530000686645508,800
2023-12-29,15.679073333740234,16.030000686645508,17.399999618530273,16.030000686645508,17.399999618530273,2600
2024-01-02,15.679073333740234,16.030000686645508,16.030000686645508,16.030000686645508,16.030000686645508,8100
2024-01-03,15.845351219177246,16.200000762939453,16.68000030517578,16.200000762939453,16.68000030517578,1300
2024-01-04,15.36607837677002,15.710000038146973,16.459999084472656,15.510000228881836,16.459999084472656,2400
2024-01-05,15.36607837677002,15.710000038146973,15.710000038146973,15.710000038146973,15.710000038146973,0
2024-01-08,15.36607837677002,15.710000038146973,15.710000038146973,15.710000038146973,15.710000038146973,0
2024-01-09,15.36607837677002,15.710000038146973,15.710000038146973,15.710000038146973,15.710000038146973,0
2024-01-10,15.36607837677002,15.710000038146973,15.710000038146973,15.710000038146973,15.710000038146973,0
2024-01-11,14.828119277954102,15.15999984741211,15.15999984741211,15.15999984741211,15.15999984741211,600
2024-01-12,15.336735725402832,15.680000305175781,15.739999771118164,15.649999618530273,15.699999809265137,3400
2024-01-16,15.307392120361328,15.649999618530273,15.649999618530273,15.649999618530273,15.649999618530273,3000
2024-01-17,15.160676002502441,15.5,15.5,15.4399995803833,15.470000267028809,2700
2024-01-18,15.27804946899414,15.619999885559082,15.619999885559082,15.619999885559082,15.619999885559082,300
2024-01-19,15.69863510131836,16.049999237060547,16.299999237060547,15.770000457763672,16.190000534057617,3500
2024-01-22,15.69863510131836,16.049999237060547,16.049999237060547,16.049999237060547,16.049999237060547,300
2024-01-23,15.493232727050781,15.84000015258789,16.100000381469727,15.84000015258789,15.970000267028809,2400
2024-01-24,15.493232727050781,15.84000015258789,15.84000015258789,15.84000015258789,15.84000015258789,0
2024-01-25,15.493232727050781,15.84000015258789,15.84000015258789,15.84000015258789,15.84000015258789,0
2024-01-26,16.735429763793945,17.110000610351562,17.149999618530273,16.059999465942383,16.059999465942383,800
2024-01-29,16.735429763793945,17.110000610351562,17.110000610351562,17.110000610351562,17.110000610351562,0
2024-01-30,16.735429763793945,17.110000610351562,17.110000610351562,17.110000610351562,17.110000610351562,0
2024-01-31,16.627838134765625,17.0,17.049999237060547,16.979999542236328,16.979999542236328,9300
2024-02-01,16.64739990234375,17.020000457763672,17.020000457763672,17.0,17.0,1000
2024-02-02,16.627838134765625,17.0,17.020000457763672,17.0,17.020000457763672,700
2024-02-05,16.63762092590332,17.010000228881836,17.010000228881836,17.010000228881836,17.010000228881836,1700
2024-02-06,15.796445846557617,16.149999618530273,17.0,16.149999618530273,16.469999313354492,5700
2024-02-07,16.627838134765625,17.0,17.049999237060547,16.75,16.75,5500
2024-02-08,16.031190872192383,16.389999389648438,17.020000457763672,16.389999389648438,17.0,6600
2024-02-09,16.64739990234375,17.020000457763672,17.049999237060547,16.799999237060547,17.0,8400
2024-02-12,16.627838134765625,17.0,17.049999237060547,17.0,17.0,4700
2024-02-13,16.17790985107422,16.540000915527344,16.540000915527344,16.25,16.450000762939453,4600
2024-02-14,16.158348083496094,16.520000457763672,16.549999237060547,16.5,16.5,700
2024-02-15,16.158348083496094,16.520000457763672,16.520000457763672,16.520000457763672,16.520000457763672,300
2024-02-16,16.627838134765625,17.0,17.0,16.920000076293945,16.920000076293945,1500
2024-02-20,16.236595153808594,16.600000381469727,16.729999542236328,16.510000228881836,16.510000228881836,600
2024-02-21,16.138784408569336,16.5,16.579999923706055,16.5,16.579999923706055,3400
2024-02-22,16.138784408569336,16.5,16.5,16.5,16.5,300
2024-02-23,16.481122970581055,16.850000381469727,16.850000381469727,16.520000457763672,16.520000457763672,400
2024-02-26,16.43221664428711,16.799999237060547,16.799999237060547,16.559999465942383,16.559999465942383,600
2024-02-27,16.1485652923584,16.510000228881836,16.510000228881836,16.510000228881836,16.510000228881836,400
2024-02-28,16.1485652923584,16.510000228881836,16.510000228881836,16.510000228881836,16.510000228881836,0
2024-02-29,16.138784408569336,16.5,16.5,16.5,16.5,900
2024-03-01,16.138784408569336,16.5,16.5,16.5,16.5,200
2024-03-04,16.236595153808594,16.600000381469727,16.600000381469727,16.5,16.5,600
2024-03-05,16.627838134765625,17.0,17.040000915527344,16.93000030517578,16.93000030517578,3500
2024-03-06,16.676742553710938,17.049999237060547,17.049999237060547,16.799999237060547,16.799999237060547,1300
2024-03-07,16.676742553710938,17.049999237060547,17.049999237060547,17.049999237060547,17.049999237060547,0
2024-03-08,16.33440589904785,16.700000762939453,16.700000762939453,16.700000762939453,16.700000762939453,500
2024-03-11,16.33440589904785,16.700000762939453,16.700000762939453,16.700000762939453,16.700000762939453,0
2024-03-12,16.33440589904785,16.700000762939453,16.700000762939453,16.700000762939453,16.700000762939453,0
2024-03-13,16.314844131469727,16.68000030517578,17.049999237060547,16.68000030517578,17.049999237060547,600
2024-03-14,16.314844131469727,16.68000030517578,16.700000762939453,16.68000030517578,16.700000762939453,1200
2024-03-15,16.138784408569336,16.5,16.65999984741211,16.5,16.65999984741211,3600
2024-03-18,16.17790985107422,16.540000915527344,16.979999542236328,16.540000915527344,16.979999542236328,1800
2024-03-19,16.158348083496094,16.520000457763672,16.799999237060547,16.520000457763672,16.799999237060547,1000
2024-03-20,16.285499572753906,16.649999618530273,16.75,16.649999618530273,16.729999542236328,900
2024-03-21,16.33500099182129,16.5,16.5,16.329999923706055,16.5,1200
2024-03-22,16.582500457763672,16.75,16.75,16.5,16.5,6400
2024-03-25,16.582500457763672,16.75,16.75,16.729999542236328,16.729999542236328,3200
2024-03-26,16.582500457763672,16.75,16.75,16.75,16.75,0
2024-03-27,16.582500457763672,16.75,16.75,16.75,16.75,0
2024-03-28,16.463699340820312,16.6299991607666,16.6299991607666,16.6299991607666,16.6299991607666,300
2024-04-01,16.364700317382812,16.530000686645508,16.649999618530273,16.530000686645508,16.649999618530273,900
2024-04-02,16.572599411010742,16.739999771118164,16.75,16.739999771118164,16.75,900
2024-04-03,16.54290008544922,16.709999084472656,16.709999084472656,16.709999084472656,16.709999084472656,100
2024-04-04,16.54290008544922,16.709999084472656,16.709999084472656,16.709999084472656,16.709999084472656,0
2024-04-05,16.54290008544922,16.709999084472656,16.709999084472656,16.709999084472656,16.709999084472656,0
2024-04-08,16.384498596191406,16.549999237060547,16.709999084472656,16.510000228881836,16.709999084472656,1900
2024-04-09,16.384498596191406,16.549999237060547,16.549999237060547,16.549999237060547,16.549999237060547,0
2024-04-10,16.146900177001953,16.309999465942383,16.3799991607666,16.309999465942383,16.3799991607666,600
2024-04-11,16.146900177001953,16.309999465942383,16.309999465942383,16.309999465942383,16.309999465942383,100
2024-04-12,16.097400665283203,16.260000228881836,16.280000686645508,16.260000228881836,16.280000686645508,400
2024-04-15,16.15679931640625,16.31999969482422,16.31999969482422,16.31999969482422,16.31999969482422,200
2024-04-16,16.15679931640625,16.31999969482422,16.31999969482422,16.31999969482422,16.31999969482422,0
2024-04-17,16.15679931640625,16.31999969482422,16.31999969482422,16.31999969482422,16.31999969482422,0
2024-04-18,16.15679931640625,16.31999969482422,16.31999969482422,16.31999969482422,16.31999969482422,0
2024-04-19,16.15679931640625,16.31999969482422,16.31999969482422,16.31999969482422,16.31999969482422,0
2024-04-22,16.15679931640625,16.31999969482422,16.31999969482422,16.31999969482422,16.31999969482422,0
2024-04-23,16.15679931640625,16.31999969482422,16.56999969482422,16.31999969482422,16.3700008392334,1700
2024-04-24,16.15679931640625,16.31999969482422,16.31999969482422,16.31999969482422,16.31999969482422,0
2024-04-25,16.15679931640625,16.31999969482422,16.31999969482422,16.31999969482422,16.31999969482422,0
2024-04-26,16.236000061035156,16.399999618530273,16.399999618530273,16.31999969482422,16.31999969482422,700
2024-04-29,16.15679931640625,16.31999969482422,16.31999969482422,16.31999969482422,16.31999969482422,700
2024-04-30,16.33500099182129,16.5,16.5,16.5,16.5,300
2024-05-01,16.087499618530273,16.25,16.579999923706055,16.25,16.579999923706055,3200
2024-05-02,16.087499618530273,16.25,16.25,16.25,16.25,0
2024-05-03,16.33500099182129,16.5,16.5,16.5,16.5,1100
2024-05-06,16.136999130249023,16.299999237060547,16.549999237060547,16.299999237060547,16.5,900
2024-05-07,16.087499618530273,16.25,16.549999237060547,16.25,16.280000686645508,2700
2024-05-08,16.1072998046875,16.270000457763672,16.280000686645508,16.25,16.25,1100
2024-05-09,16.097400665283203,16.260000228881836,16.270000457763672,16.25,16.25,1400
2024-05-10,16.087499618530273,16.25,16.25,16.25,16.25,300
2024-05-13,16.414199829101562,16.579999923706055,16.600000381469727,16.25,16.25,3900
2024-05-14,16.513200759887695,16.68000030517578,16.68000030517578,16.68000030517578,16.68000030517578,300
2024-05-15,16.513200759887695,16.68000030517578,16.68000030517578,16.68000030517578,16.68000030517578,100
2024-05-16,16.513200759887695,16.68000030517578,16.68000030517578,16.68000030517578,16.68000030517578,0
2024-05-17,16.513200759887695,16.68000030517578,16.68000030517578,16.68000030517578,16.68000030517578,0
2024-05-20,16.681501388549805,16.850000381469727,16.850000381469727,16.639999389648438,16.639999389648438,500
2024-05-21,16.681501388549805,16.850000381469727,16.850000381469727,16.850000381469727,16.850000381469727,0
2024-05-22,16.503299713134766,16.670000076293945,16.700000762939453,16.540000915527344,16.579999923706055,1200
2024-05-23,16.681501388549805,16.850000381469727,16.850000381469727,16.850000381469727,16.850000381469727,200
2024-05-24,16.582500457763672,16.75,16.75,16.75,16.75,700
2024-05-28,16.552799224853516,16.719999313354492,16.899999618530273,16.6200008392334,16.719999313354492,2900
2024-05-29,17.325000762939453,17.5,17.610000610351562,16.899999618530273,16.899999618530273,10900
2024-05-30,17.17650032043457,17.350000381469727,17.600000381469727,17.040000915527344,17.600000381469727,3600
2024-05-31,17.414100646972656,17.59000015258789,17.59000015258789,17.579999923706055,17.579999923706055,400
2024-06-03,16.919099807739258,17.09000015258789,17.09000015258789,17.09000015258789,17.09000015258789,300
2024-06-04,16.65180015563965,16.81999969482422,16.81999969482422,16.81999969482422,16.81999969482422,200
2024-06-05,16.65180015563965,16.81999969482422,16.81999969482422,16.81999969482422,16.81999969482422,0
2024-06-06,16.65180015563965,16.81999969482422,16.81999969482422,16.81999969482422,16.81999969482422,0
2024-06-07,16.552799224853516,16.719999313354492,16.719999313354492,16.719999313354492,16.719999313354492,700
2024-06-10,16.552799224853516,16.719999313354492,16.8799991607666,16.719999313354492,16.8799991607666,2200
2024-06-11,16.552799224853516,16.719999313354492,16.719999313354492,16.719999313354492,16.719999313354492,0
2024-06-12,16.503299713134766,16.670000076293945,16.670000076293945,16.670000076293945,16.670000076293945,300
2024-06-13,16.552799224853516,16.719999313354492,16.75,16.670000076293945,16.75,700
2024-06-14,16.889400482177734,17.059999465942383,17.100000381469727,16.719999313354492,16.799999237060547,7700
2024-06-17,16.810199737548828,16.979999542236328,17.100000381469727,16.959999084472656,17.100000381469727,1400
2024-06-18,16.671600341796875,16.84000015258789,16.84000015258789,16.770000457763672,16.770000457763672,1800
2024-06-20,16.671600341796875,16.84000015258789,16.84000015258789,16.84000015258789,16.84000015258789,0
2024-06-21,16.11720085144043,16.280000686645508,16.59000015258789,16.280000686645508,16.59000015258789,8500
2024-06-24,16.49340057373047,16.65999984741211,16.65999984741211,16.149999618530273,16.420000076293945,500
2024-06-25,16.49340057373047,16.65999984741211,16.65999984741211,16.65999984741211,16.65999984741211,100
2024-06-26,15.84000015258789,16.0,16.209999084472656,15.989999771118164,16.209999084472656,3100
2024-06-27,15.543000221252441,15.699999809265137,16.020000457763672,14.850000381469727,15.649999618530273,6700
2024-06-28,16.018199920654297,16.18000030517578,16.18000030517578,16.18000030517578,16.18000030517578,800
2024-07-01,16.533000946044922,16.700000762939453,16.729999542236328,16.65999984741211,16.729999542236328,4300
2024-07-02,16.176599502563477,16.34000015258789,16.700000762939453,16.34000015258789,16.700000762939453,2600
2024-07-03,16.176599502563477,16.34000015258789,16.34000015258789,16.34000015258789,16.34000015258789,0
2024-07-05,16.176599502563477,16.34000015258789,16.34000015258789,16.34000015258789,16.34000015258789,0
2024-07-08,16.176599502563477,16.34000015258789,16.34000015258789,16.34000015258789,16.34000015258789,0
2024-07-09,16.572599411010742,16.739999771118164,16.760000228881836,16.579999923706055,16.579999923706055,5800
2024-07-10,16.245899200439453,16.40999984741211,16.700000762939453,16.40999984741211,16.700000762939453,300
2024-07-11,16.582500457763672,16.75,16.75,16.399999618530273,16.399999618530273,400
2024-07-12,17.126998901367188,17.299999237060547,17.299999237060547,16.75,16.75,9400
2024-07-15,16.384498596191406,16.549999237060547,17.290000915527344,16.420000076293945,16.649999618530273,5200
2024-07-16,16.582500457763672,16.75,16.75,16.75,16.75,800
2024-07-17,16.582500457763672,16.75,16.75,16.75,16.75,0
2024-07-18,16.582500457763672,16.75,16.75,16.75,16.75,0
2024-07-19,16.582500457763672,16.75,16.75,16.75,16.75,0
2024-07-22,16.582500457763672,16.75,16.75,16.75,16.75,0
2024-07-23,16.7903995513916,16.959999084472656,16.959999084472656,16.959999084472656,16.959999084472656,300
2024-07-24,17.126998901367188,17.299999237060547,17.299999237060547,16.940000534057617,16.940000534057617,1700
2024-07-25,17.126998901367188,17.299999237060547,17.299999237060547,17.049999237060547,17.059999465942383,4500
2024-07-26,17.037899017333984,17.209999084472656,17.309999465942383,17.15999984741211,17.270000457763672,3300
2024-07-29,17.077499389648438,17.25,17.25,17.139999389648438,17.149999618530273,1100
2024-07-30,17.02800178527832,17.200000762939453,17.25,17.18000030517578,17.25,2100
2024-07-31,17.01810073852539,17.190000534057617,17.5,17.09000015258789,17.100000381469727,6300
2024-08-01,17.02800178527832,17.200000762939453,17.350000381469727,17.110000610351562,17.34000015258789,9400
2024-08-02,16.681501388549805,16.850000381469727,16.899999618530273,16.850000381469727,16.899999618530273,600
2024-08-05,17.077499389648438,17.25,17.25,16.81999969482422,16.81999969482422,1000
2024-08-06,16.889400482177734,17.059999465942383,17.059999465942383,17.059999465942383,17.059999465942383,400
2024-08-07,16.879499435424805,17.049999237060547,17.200000762939453,16.93000030517578,16.93000030517578,2600
2024-08-08,16.948801040649414,17.1200008392334,17.200000762939453,17.1200008392334,17.200000762939453,600
2024-08-09,16.829999923706055,17.0,17.149999618530273,16.93000030517578,17.149999618530273,2200
2024-08-12,16.820100784301758,16.989999771118164,17.0,16.989999771118164,17.0,200
2024-08-13,16.829999923706055,17.0,17.110000610351562,17.0,17.100000381469727,9700
2024-08-14,16.8002986907959,16.969999313354492,17.049999237060547,16.969999313354492,17.040000915527344,3700
2024-08-15,16.978500366210938,17.149999618530273,17.149999618530273,17.0,17.049999237060547,3100
2024-08-16,16.978500366210938,17.149999618530273,17.290000915527344,17.149999618530273,17.200000762939453,900
2024-08-19,17.364601135253906,17.540000915527344,17.719999313354492,17.100000381469727,17.290000915527344,7700
2024-08-20,17.523000717163086,17.700000762939453,18.0,17.34000015258789,17.700000762939453,19400
2024-08-21,17.523000717163086,17.700000762939453,18.0,17.399999618530273,17.510000228881836,13300
2024-08-22,17.473499298095703,17.649999618530273,17.920000076293945,17.420000076293945,17.530000686645508,9000
2024-08-23,17.572500228881836,17.75,17.75,17.600000381469727,17.719999313354492,1900
2024-08-26,17.780399322509766,17.959999084472656,18.0,17.93000030517578,17.93000030517578,1600
2024-08-27,17.740800857543945,17.920000076293945,17.989999771118164,17.920000076293945,17.989999771118164,300
2024-08-28,17.81999969482422,18.0,18.0,18.0,18.0,300
2024-08-29,17.81999969482422,18.0,18.0,17.829999923706055,18.0,900
2024-08-30,17.81999969482422,18.0,18.0,17.81999969482422,18.0,900
2024-09-03,18.29520034790039,18.479999542236328,18.479999542236328,18.0,18.0,1000
2024-09-04,18.067501068115234,18.25,19.5,18.139999389648438,18.149999618530273,9400
2024-09-05,19.29509925842285,19.489999771118164,19.56999969482422,19.010000228881836,19.149999618530273,3000
2024-09-06,19.10700035095215,19.299999237060547,19.360000610351562,19.299999237060547,19.360000610351562,500
2024-09-09,19.10700035095215,19.299999237060547,19.299999237060547,19.299999237060547,19.299999237060547,300
2024-09-10,18.265501022338867,18.450000762939453,18.450000762939453,18.450000762939453,18.450000762939453,600
2024-09-11,18.661500930786133,18.850000381469727,18.860000610351562,18.770000457763672,18.770000457763672,2600
2024-09-12,18.582300186157227,18.770000457763672,18.770000457763672,18.770000457763672,18.770000457763672,100
2024-09-13,18.78030014038086,18.969999313354492,18.969999313354492,18.969999313354492,18.969999313354492,400
2024-09-16,18.582300186157227,18.770000457763672,18.770000457763672,18.770000457763672,18.770000457763672,400
2024-09-17,18.582300186157227,18.770000457763672,18.770000457763672,18.770000457763672,18.770000457763672,400
2024-09-18,18.225900650024414,18.40999984741211,18.40999984741211,18.360000610351562,18.360000610351562,1100
2024-09-19,18.176401138305664,18.360000610351562,18.59000015258789,18.360000610351562,18.59000015258789,4300
2024-09-20,18.315000534057617,18.5,18.979999542236328,18.5,18.799999237060547,8700
2024-09-23,18.51300048828125,18.700000762939453,18.700000762939453,18.5,18.5,700
2024-09-24,19.10700035095215,19.299999237060547,19.600000381469727,18.899999618530273,18.899999618530273,4500
2024-09-25,19.10700035095215,19.299999237060547,19.299999237060547,19.299999237060547,19.299999237060547,400
2024-09-26,19.799999237060547,20.0,20.0,20.0,20.0,500
2024-09-27,20.1299991607666,20.1299991607666,20.1299991607666,19.760000228881836,19.799999237060547,3500
2024-09-30,20.170000076293945,20.170000076293945,20.170000076293945,20.170000076293945,20.170000076293945,300
2024-10-01,19.389999389648438,19.389999389648438,19.389999389648438,19.389999389648438,19.389999389648438,300
2024-10-02,19.389999389648438,19.389999389648438,19.389999389648438,19.389999389648438,19.389999389648438,0
2024-10-03,19.299999237060547,19.299999237060547,20.5,19.299999237060547,20.139999389648438,5100
2024-10-04,19.299999237060547,19.299999237060547,19.299999237060547,19.299999237060547,19.299999237060547,0
2024-10-07,20.0,20.0,20.799999237060547,19.520000457763672,20.799999237060547,8800
2024-10-08,20.0,20.0,20.0,19.610000610351562,19.610000610351562,1200
2024-10-09,20.5,20.5,20.5,19.75,19.75,7700
2024-10-10,20.309999465942383,20.309999465942383,20.309999465942383,20.309999465942383,20.309999465942383,200
2024-10-11,20.299999237060547,20.299999237060547,20.299999237060547,20.299999237060547,20.299999237060547,900
2024-10-14,20.31999969482422,20.31999969482422,20.40999984741211,20.31999969482422,20.34000015258789,2700
2024-10-15,20.510000228881836,20.510000228881836,20.510000228881836,20.389999389648438,20.5,5300
2024-10-16,20.5,20.5,20.510000228881836,20.5,20.510000228881836,2000
2024-10-17,20.600000381469727,20.600000381469727,20.75,20.489999771118164,20.75,14500
2024-10-18,20.600000381469727,20.600000381469727,20.600000381469727,20.450000762939453,20.600000381469727,21000
2024-10-21,20.68000030517578,20.68000030517578,20.709999084472656,20.600000381469727,20.709999084472656,2300
2024-10-22,20.68000030517578,20.68000030517578,20.68000030517578,20.68000030517578,20.68000030517578,0
2024-10-23,20.8700008392334,20.8700008392334,20.8799991607666,20.639999389648438,20.68000030517578,1400
2024-10-24,21.299999237060547,21.299999237060547,21.59000015258789,20.799999237060547,20.799999237060547,7700
2024-10-25,21.399999618530273,21.399999618530273,21.559999465942383,21.350000381469727,21.559999465942383,1700
2024-10-28,21.84000015258789,21.84000015258789,21.84000015258789,21.030000686645508,21.34000015258789,1900
2024-10-29,21.43000030517578,21.43000030517578,21.43000030517578,21.43000030517578,21.43000030517578,400
2024-10-30,21.3799991607666,21.3799991607666,21.399999618530273,21.3799991607666,21.399999618530273,500
2024-10-31,21.06999969482422,21.06999969482422,21.329999923706055,21.049999237060547,21.329999923706055,500
2024-11-01,21.389999389648438,21.389999389648438,21.40999984741211,21.06999969482422,21.06999969482422,1200
2024-11-04,21.170000076293945,21.170000076293945,21.239999771118164,21.110000610351562,21.110000610351562,7700
2024-11-05,21.290000915527344,21.290000915527344,21.299999237060547,21.170000076293945,21.170000076293945,2000
2024-11-06,21.239999771118164,21.239999771118164,21.299999237060547,21.110000610351562,21.110000610351562,2800
2024-11-07,21.360000610351562,21.360000610351562,21.360000610351562,21.110000610351562,21.110000610351562,3400
2024-11-08,21.239999771118164,21.239999771118164,21.34000015258789,21.110000610351562,21.239999771118164,1100
2024-11-11,21.25,21.25,21.25,21.190000534057617,21.190000534057617,600
2024-11-12,21.3700008392334,21.3700008392334,21.3700008392334,20.709999084472656,21.0,15400
2024-11-13,22.0,22.0,22.0,21.0,21.0,8800
2024-11-14,21.43000030517578,21.43000030517578,21.43000030517578,21.43000030517578,21.43000030517578,500
2024-11-15,19.850000381469727,19.850000381469727,19.850000381469727,19.850000381469727,19.850000381469727,500
2024-11-18,21.329999923706055,21.329999923706055,21.719999313354492,21.329999923706055,21.719999313354492,1200
2024-11-19,21.059999465942383,21.059999465942383,21.309999465942383,21.0,21.270000457763672,6500
2024-11-20,21.309999465942383,21.309999465942383,21.360000610351562,21.309999465942383,21.360000610351562,500
2024-11-21,21.18000030517578,21.18000030517578,21.309999465942383,21.18000030517578,21.309999465942383,1500
2024-11-22,21.299999237060547,21.299999237060547,21.3700008392334,21.270000457763672,21.309999465942383,1300
2024-11-25,21.0,21.0,21.489999771118164,21.0,21.399999618530273,4000
2024-11-26,21.600000381469727,21.600000381469727,21.639999389648438,21.5,21.5,4700
2024-11-27,21.790000915527344,21.790000915527344,22.0,21.440000534057617,21.649999618530273,10300
2024-11-29,21.790000915527344,21.790000915527344,22.549999237060547,21.75,21.75,3600
2024-12-02,23.469999313354492,23.469999313354492,24.0,22.950000762939453,22.989999771118164,7100
2024-12-03,23.389999389648438,23.389999389648438,23.389999389648438,23.3799991607666,23.3799991607666,700
2024-12-04,22.639999389648438,22.639999389648438,23.399999618530273,22.329999923706055,23.399999618530273,2400
2024-12-05,23.079999923706055,23.079999923706055,23.079999923706055,23.079999923706055,23.079999923706055,400
2024-12-06,23.399999618530273,23.399999618530273,23.399999618530273,22.989999771118164,22.989999771118164,1200
2024-12-09,23.34000015258789,23.34000015258789,23.399999618530273,23.34000015258789,23.399999618530273,2100
2024-12-10,23.670000076293945,23.670000076293945,23.670000076293945,23.299999237060547,23.389999389648438,2500
2024-12-11,23.950000762939453,23.950000762939453,23.950000762939453,23.649999618530273,23.649999618530273,1000
2024-12-12,23.950000762939453,23.950000762939453,23.950000762939453,23.770000457763672,23.940000534057617,1200
2024-12-13,24.0,24.0,24.0,23.18000030517578,23.18000030517578,2100
