Date,Adj Close,Close,High,Low,Open,Volume
2014-05-22,19.523862838745117,20.899999618530273,22.799999237060547,20.239999771118164,21.75,84449700
2014-05-23,18.776538848876953,20.100000381469727,21.25,19.940000534057617,21.25,20890300
2014-05-27,21.45756721496582,22.969999313354492,22.979999542236328,20.25,20.280000686645508,15338100
2014-05-28,23.14838981628418,24.780000686645508,25.299999237060547,22.799999237060547,22.979999542236328,16783000
2014-05-29,23.727563858032227,25.399999618530273,25.690000534057617,24.239999771118164,25.040000915527344,8525900
2014-05-30,23.35390281677246,25.0,25.559999465942383,23.790000915527344,25.270000457763672,6302800
2014-06-02,22.980241775512695,24.600000381469727,25.440000534057617,24.06999969482422,25.399999618530273,3808800
2014-06-03,23.44732093811035,25.100000381469727,25.25,24.030000686645508,24.170000076293945,3388500
2014-06-04,22.924192428588867,24.540000915527344,25.280000686645508,24.440000534057617,24.989999771118164,2990800
2014-06-05,24.08254623413086,25.780000686645508,26.75,24.600000381469727,24.799999237060547,7933500
2014-06-06,24.82986831665039,26.579999923706055,27.040000915527344,26.309999465942383,26.5,4317500
2014-06-09,26.558059692382812,28.43000030517578,29.09000015258789,26.579999923706055,27.0,10659800
2014-06-10,26.483325958251953,28.350000381469727,28.860000610351562,27.700000762939453,28.81999969482422,5617200
2014-06-11,27.090526580810547,29.0,29.489999771118164,28.100000381469727,28.100000381469727,6555600
2014-06-12,25.38102149963379,27.170000076293945,29.600000381469727,26.34000015258789,29.59000015258789,9159600
2014-06-13,25.9601993560791,27.790000915527344,28.200000762939453,27.1299991607666,27.68000030517578,5161800
2014-06-16,25.119457244873047,26.889999389648438,27.440000534057617,26.3799991607666,27.219999313354492,6160000
2014-06-17,25.23996353149414,27.018999099731445,27.450000762939453,26.6299991607666,27.219999313354492,3652000
2014-06-18,24.773820877075195,26.520000457763672,27.889999389648438,26.030000686645508,27.440000534057617,5278300
2014-06-19,24.129253387451172,25.829999923706055,27.0,25.799999237060547,27.0,3716900
2014-06-20,23.774272918701172,25.450000762939453,25.969999313354492,24.920000076293945,25.75,7613400
2014-06-23,24.633699417114258,26.3700008392334,26.459999084472656,25.100000381469727,25.110000610351562,5590900
2014-06-24,25.25958251953125,27.040000915527344,27.34000015258789,26.510000228881836,26.510000228881836,5737700
2014-06-25,25.28760528564453,27.06999969482422,27.350000381469727,26.450000762939453,27.25,1923600
2014-06-26,26.436616897583008,28.299999237060547,28.350000381469727,26.809999465942383,27.139999389648438,3622300
2014-06-27,26.165714263916016,28.010000228881836,28.5,27.709999084472656,28.360000610351562,3066300
2014-06-30,26.632789611816406,28.510000228881836,28.530000686645508,27.68000030517578,28.170000076293945,3986200
2014-07-01,27.735095977783203,29.690000534057617,31.219999313354492,28.860000610351562,29.0,12626000
2014-07-02,27.053159713745117,28.959999084472656,30.40999984741211,28.5,30.399999618530273,6108200
2014-07-03,25.9601993560791,27.790000915527344,29.350000381469727,27.530000686645508,29.280000686645508,4398200
2014-07-07,25.810733795166016,27.6299991607666,28.729999542236328,27.450000762939453,28.010000228881836,3826200
2014-07-08,24.72711181640625,26.469999313354492,28.079999923706055,25.809999465942383,28.079999923706055,6454700
2014-07-09,24.624357223510742,26.360000610351562,27.149999618530273,26.049999237060547,27.09000015258789,4549900
2014-07-10,25.876123428344727,27.700000762939453,27.79599952697754,25.280000686645508,25.829999923706055,4717600
2014-07-11,25.25958251953125,27.040000915527344,27.899999618530273,26.850000381469727,27.510000228881836,3315400
2014-07-14,26.193740844726562,28.040000915527344,28.229999542236328,27.5,27.6299991607666,2850400
2014-07-15,26.352542877197266,28.209999084472656,28.399999618530273,27.75,28.200000762939453,3427000
2014-07-16,27.19328498840332,29.110000610351562,29.299999237060547,28.299999237060547,28.5,3785400
2014-07-17,25.745342254638672,27.559999465942383,29.389999389648438,27.5,28.81999969482422,3749200
2014-07-18,25.988224029541016,27.81999969482422,28.329999923706055,27.5,27.739999771118164,1993900
2014-07-21,26.660816192626953,28.540000915527344,28.65999984741211,27.670000076293945,27.670000076293945,2098800
2014-07-22,26.83830451965332,28.729999542236328,29.3799991607666,28.5,28.84000015258789,2304200
2014-07-23,26.04427146911621,27.8799991607666,29.059999465942383,27.809999465942383,28.889999389648438,2476900
2014-07-24,27.13723373413086,29.049999237060547,29.229999542236328,27.899999618530273,28.0,2733300
2014-07-25,27.118553161621094,29.030000686645508,29.479999542236328,28.5,29.100000381469727,3872000
2014-07-28,27.548263549804688,29.489999771118164,30.350000381469727,29.06999969482422,29.260000228881836,5040700
2014-07-29,27.669706344604492,29.6200008392334,30.219999313354492,29.5,29.829999923706055,3316500
2014-07-30,27.15591812133789,29.06999969482422,30.100000381469727,29.020000457763672,30.059999465942383,3085100
2014-07-31,26.698183059692383,28.579999923706055,28.899999618530273,28.100000381469727,28.5,2979500
2014-08-01,26.100322723388672,27.940000534057617,28.790000915527344,27.299999237060547,28.549999237060547,4572400
2014-08-04,25.9601993560791,27.790000915527344,28.299999237060547,27.559999465942383,28.200000762939453,5315300
2014-08-05,25.90414810180664,27.729999542236328,28.187000274658203,27.5,27.700000762939453,2893700
2014-08-06,25.69863510131836,27.510000228881836,27.729999542236328,27.299999237060547,27.559999465942383,2412100
2014-08-07,25.670608520507812,27.479999542236328,28.06999969482422,27.3799991607666,27.75,3863500
2014-08-08,26.49266815185547,28.360000610351562,28.3799991607666,27.600000381469727,27.84000015258789,3737900
2014-08-11,26.352542877197266,28.209999084472656,29.0,28.09000015258789,28.799999237060547,4218700
2014-08-12,26.875673294067383,28.770000457763672,28.979999542236328,28.299999237060547,28.299999237060547,2742600
2014-08-13,28.463735580444336,30.469999313354492,30.559999465942383,28.950000762939453,28.950000762939453,8378200
2014-08-14,28.034025192260742,30.010000228881836,30.700000762939453,29.709999084472656,30.399999618530273,5536900
2014-08-15,27.632339477539062,29.579999923706055,30.700000762939453,28.100000381469727,28.690000534057617,10580600
2014-08-18,28.06205177307129,30.040000915527344,30.610000610351562,29.520000457763672,30.075000762939453,6617900
2014-08-19,28.220855712890625,30.209999084472656,31.809999465942383,29.889999389648438,30.420000076293945,10274700
2014-08-20,28.893449783325195,30.93000030517578,31.149999618530273,30.06999969482422,30.079999923706055,4141000
2014-08-21,28.790691375732422,30.81999969482422,31.450000762939453,30.530000686645508,31.020000457763672,4314800
2014-08-22,28.921472549438477,30.959999084472656,31.200000762939453,30.809999465942383,30.809999465942383,2418200
2014-08-25,29.27645492553711,31.34000015258789,31.450000762939453,30.739999771118164,31.309999465942383,3470900
2014-08-26,29.902334213256836,32.0099983215332,32.08000183105469,31.1200008392334,31.190000534057617,5343000
2014-08-27,30.490854263305664,32.63999938964844,33.099998474121094,31.829999923706055,31.850000381469727,7758900
2014-08-28,29.369869232177734,31.440000534057617,32.310001373291016,31.3799991607666,32.29999923706055,6761400
2014-08-29,29.818262100219727,31.920000076293945,32.06999969482422,31.299999237060547,31.540000915527344,3442200
2014-09-02,29.02423095703125,31.06999969482422,32.349998474121094,30.31999969482422,32.0,7451100
2014-09-03,28.781349182128906,30.809999465942383,31.549999237060547,30.56999969482422,31.5,2753800
2014-09-04,28.26756477355957,30.260000228881836,31.469999313354492,29.679000854492188,30.809999465942383,3774500
2014-09-05,27.118553161621094,29.030000686645508,30.420000076293945,28.899999618530273,30.34000015258789,7136500
2014-09-08,27.21196746826172,29.1299991607666,29.600000381469727,28.93000030517578,29.0,3337100
2014-09-09,27.146575927734375,29.059999465942383,29.56999969482422,28.989999771118164,29.219999313354492,3332200
2014-09-10,26.483325958251953,28.350000381469727,29.229999542236328,28.020000457763672,29.040000915527344,7511800
2014-09-11,27.202627182006836,29.1200008392334,29.170000076293945,28.18000030517578,28.670000076293945,5500600
2014-09-12,27.324066162109375,29.25,29.889999389648438,29.010000228881836,29.31999969482422,4192600
2014-09-15,26.96908950805664,28.8700008392334,29.600000381469727,28.360000610351562,29.59000015258789,5209900
2014-09-16,25.96953773498535,27.799999237060547,28.760000228881836,27.049999237060547,28.549999237060547,7236700
2014-09-17,26.249786376953125,28.100000381469727,28.239999771118164,27.729999542236328,27.979999542236328,3438400
2014-09-18,27.604312896728516,29.549999237060547,29.770000457763672,27.8700008392334,27.8700008392334,7522900
2014-09-19,26.483325958251953,28.350000381469727,30.200000762939453,27.639999389648438,30.0,12505800
2014-09-22,25.194189071655273,26.969999313354492,28.329999923706055,26.68000030517578,27.68000030517578,8150400
2014-09-23,24.820528030395508,26.56999969482422,27.15999984741211,25.84000015258789,27.020000457763672,5964700
2014-09-24,25.390365600585938,27.18000030517578,27.43199920654297,26.799999237060547,27.010000228881836,2863900
2014-09-25,24.820528030395508,26.56999969482422,27.649999618530273,26.094999313354492,27.459999084472656,5455200
2014-09-26,25.156824111938477,26.93000030517578,27.0,26.530000686645508,26.600000381469727,2482700
2014-09-29,24.596330642700195,26.329999923706055,26.700000762939453,26.0,26.479999542236328,3475400
2014-09-30,24.119911193847656,25.81999969482422,26.350000381469727,25.299999237060547,26.329999923706055,5396500
2014-10-01,23.372587203979492,25.020000457763672,26.15999984741211,24.979999542236328,25.520000457763672,4900200
2014-10-02,23.998472213745117,25.690000534057617,26.18000030517578,24.989999771118164,25.020000457763672,4961200
2014-10-03,24.26937484741211,25.979999542236328,26.3799991607666,25.799999237060547,25.979999542236328,2125100
2014-10-06,24.250694274902344,25.959999084472656,26.79400062561035,25.850000381469727,26.34000015258789,2441900
2014-10-07,23.680856704711914,25.350000381469727,26.040000915527344,25.280000686645508,25.799999237060547,4094400
2014-10-08,24.661720275878906,26.399999618530273,26.43000030517578,25.010000228881836,25.34000015258789,4149300
2014-10-09,23.97044563293457,25.65999984741211,26.399999618530273,25.559999465942383,26.299999237060547,4066600
2014-10-10,23.363245010375977,25.010000228881836,25.40999984741211,24.100000381469727,25.209999084472656,5530100
2014-10-13,22.47579574584961,24.059999465942383,25.200000762939453,23.829999923706055,25.0,7505700
2014-10-14,22.326330184936523,23.899999618530273,24.399999618530273,22.600000381469727,24.170000076293945,7695200
2014-10-15,22.699993133544922,24.299999237060547,24.329999923706055,22.889999389648438,23.25,4349400
2014-10-16,23.372587203979492,25.020000457763672,25.049999237060547,23.329999923706055,23.649999618530273,3851500
2014-10-17,23.419294357299805,25.06999969482422,26.270000457763672,24.3799991607666,25.639999389648438,4941400
2014-10-20,23.736907958984375,25.40999984741211,25.770000457763672,24.610000610351562,25.399999618530273,3292300
2014-10-21,23.727563858032227,25.399999618530273,25.799999237060547,24.899999618530273,25.459999084472656,3216300
2014-10-22,23.76493263244629,25.440000534057617,26.0,25.079999923706055,25.5,2541400
2014-10-23,23.036291122436523,24.65999984741211,25.979999542236328,24.600000381469727,25.729999542236328,3985600
2014-10-24,22.438430786132812,24.020000457763672,24.739999771118164,23.299999237060547,24.649999618530273,8052100
2014-10-27,22.54118537902832,24.1299991607666,24.549999237060547,23.700000762939453,23.75,3532900
2014-10-28,23.14838981628418,24.780000686645508,24.799999237060547,24.15999984741211,24.309999465942383,2725800
2014-10-29,22.513164520263672,24.100000381469727,24.8799991607666,24.09000015258789,24.700000762939453,2875600
2014-10-30,22.307647705078125,23.8799991607666,24.350000381469727,23.510000228881836,24.200000762939453,4398500
2014-10-31,22.31698989868164,23.889999389648438,24.5,23.73200035095215,24.290000915527344,5523600
2014-11-03,23.13904571533203,24.770000457763672,25.399999618530273,23.56999969482422,23.600000381469727,5740700
2014-11-04,23.269826889038086,24.90999984741211,25.059999465942383,24.299999237060547,24.760000228881836,4505100
2014-11-05,22.335670471191406,23.90999984741211,25.360000610351562,23.8799991607666,25.360000610351562,4620700
2014-11-06,22.91485023498535,24.530000686645508,24.600000381469727,23.610000610351562,23.950000762939453,3420200
2014-11-07,23.111021041870117,24.739999771118164,24.959999084472656,24.399999618530273,24.479999542236328,2588600
2014-11-10,24.52159881591797,26.25,27.06999969482422,25.215999603271484,25.25,7731100
2014-11-11,24.11056900024414,25.809999465942383,26.450000762939453,25.399999618530273,26.350000381469727,3538900
2014-11-12,25.829416275024414,27.649999618530273,28.2549991607666,25.85300064086914,26.0,9204700
2014-11-13,25.52114486694336,27.31999969482422,28.399999618530273,26.90999984741211,27.75,5952800
2014-11-14,25.231557846069336,27.010000228881836,27.450000762939453,26.299999237060547,27.360000610351562,6201800
2014-11-17,23.35390281677246,25.0,28.0,24.799999237060547,27.780000686645508,11837600
2014-11-18,23.736907958984375,25.40999984741211,25.459999084472656,24.850000381469727,25.0,4693700
2014-11-19,22.886823654174805,24.5,25.899999618530273,24.489999771118164,25.049999237060547,3676700
2014-11-20,22.186208724975586,23.75,24.389999389648438,23.579999923706055,24.3700008392334,7410700
2014-11-21,22.494478225708008,24.079999923706055,25.260000228881836,23.799999237060547,24.424999237060547,4114600
2014-11-24,22.45711326599121,24.040000915527344,24.299999237060547,23.549999237060547,23.729999542236328,4637500
2014-11-25,22.223575592041016,23.790000915527344,24.08799934387207,23.479999542236328,24.079999923706055,3228300
2014-11-26,22.214235305786133,23.780000686645508,24.100000381469727,23.530000686645508,23.739999771118164,2227000
2014-11-28,21.971351623535156,23.520000457763672,24.1200008392334,23.270000457763672,23.850000381469727,1939700
2014-12-01,20.52341079711914,21.969999313354492,23.639999389648438,21.780000686645508,23.530000686645508,6087800
2014-12-02,22.335670471191406,23.90999984741211,24.739999771118164,22.100000381469727,22.149999618530273,14865000
2014-12-03,22.980241775512695,24.600000381469727,25.25,24.170000076293945,24.399999618530273,18634800
2014-12-04,22.85879898071289,24.469999313354492,24.739999771118164,24.200000762939453,24.309999465942383,5097600
2014-12-05,22.279624938964844,23.850000381469727,24.5,23.399999618530273,24.360000610351562,8307100
2014-12-08,21.709789276123047,23.239999771118164,23.700000762939453,22.860000610351562,22.8799991607666,17062300
2014-12-09,23.74625015258789,25.420000076293945,25.950000762939453,22.0,22.610000610351562,20204100
2014-12-10,23.120363235473633,24.75,25.15999984741211,24.190000534057617,24.940000534057617,11808900
2014-12-11,23.157730102539062,24.790000915527344,25.5,24.6299991607666,24.84000015258789,7112100
2014-12-12,22.391721725463867,23.969999313354492,24.600000381469727,23.950000762939453,24.389999389648438,4668800
2014-12-15,21.728471755981445,23.260000228881836,24.3799991607666,22.920000076293945,24.200000762939453,7204100
2014-12-16,21.60702896118164,23.1299991607666,23.200000762939453,22.709999084472656,23.0,7588500
2014-12-17,21.952667236328125,23.5,23.5310001373291,23.020000457763672,23.219999313354492,8794600
2014-12-18,22.67197036743164,24.270000457763672,24.6299991607666,23.799999237060547,23.889999389648438,7931100
2014-12-19,22.95221519470215,24.56999969482422,24.719999313354492,23.979999542236328,24.229999542236328,9375400
2014-12-22,23.260486602783203,24.899999618530273,25.020000457763672,23.94499969482422,24.280000686645508,8317100
2014-12-23,23.101680755615234,24.729999542236328,24.950000762939453,24.389999389648438,24.81999969482422,4739000
2014-12-24,22.98958396911621,24.610000610351562,24.950000762939453,24.489999771118164,24.709999084472656,1217000
2014-12-26,22.942874908447266,24.559999465942383,24.6299991607666,24.18000030517578,24.5,1405600
2014-12-29,22.494478225708008,24.079999923706055,24.18000030517578,23.530000686645508,23.93000030517578,4095400
2014-12-30,21.71912956237793,23.25,24.0,23.1299991607666,23.510000228881836,7023700
2014-12-31,21.616371154785156,23.139999389648438,23.479999542236328,22.850000381469727,23.299999237060547,5262600
2015-01-02,22.438430786132812,24.020000457763672,24.110000610351562,23.149999618530273,23.3700008392334,3358500
2015-01-05,22.961557388305664,24.579999923706055,24.950000762939453,24.0,24.020000457763672,5029600
2015-01-06,22.91485023498535,24.530000686645508,25.010000228881836,24.149999618530273,24.600000381469727,9797800
2015-01-07,23.17641258239746,24.809999465942383,25.09000015258789,24.56999969482422,24.860000610351562,9084400
2015-01-08,23.428634643554688,25.079999923706055,25.290000915527344,24.510000228881836,24.81999969482422,12821700
2015-01-09,23.297853469848633,24.940000534057617,25.55500030517578,24.75,25.010000228881836,8119800
2015-01-12,22.522504806518555,24.110000610351562,24.8799991607666,23.84000015258789,24.8799991607666,4228600
2015-01-13,22.270282745361328,23.84000015258789,24.329999923706055,23.59000015258789,24.270000457763672,4772100
2015-01-14,22.251598358154297,23.81999969482422,24.299999237060547,23.5,23.600000381469727,3829500
2015-01-15,21.78451919555664,23.31999969482422,24.030000686645508,22.959999084472656,24.020000457763672,5076800
2015-01-16,22.485137939453125,24.06999969482422,24.170000076293945,23.079999923706055,23.190000534057617,6879100
2015-01-20,22.942874908447266,24.559999465942383,24.780000686645508,23.809999465942383,24.040000915527344,6678800
2015-01-21,22.868141174316406,24.479999542236328,24.8799991607666,24.229999542236328,24.420000076293945,7540000
2015-01-22,22.73736000061035,24.34000015258789,24.489999771118164,24.0,24.40999984741211,4051200
2015-01-23,23.026948928833008,24.649999618530273,25.06999969482422,23.889999389648438,24.229999542236328,7164200
2015-01-26,23.363245010375977,25.010000228881836,25.040000915527344,24.469999313354492,24.469999313354492,7530100
2015-01-27,23.67151641845703,25.34000015258789,25.639999389648438,24.329999923706055,24.68000030517578,11316400
2015-01-28,24.278715133666992,25.989999771118164,26.329999923706055,25.3799991607666,25.459999084472656,14564800
2015-01-29,23.064315795898438,24.690000534057617,25.979999542236328,24.520000457763672,25.389999389648438,12245400
2015-01-30,23.204437255859375,24.84000015258789,25.0,24.520000457763672,24.600000381469727,5581400
2015-02-02,23.802297592163086,25.479999542236328,25.479999542236328,24.350000381469727,24.989999771118164,5630800
2015-02-03,24.586990356445312,26.31999969482422,26.440000534057617,25.459999084472656,25.6299991607666,10489600
2015-02-04,24.951309204101562,26.709999084472656,26.90999984741211,26.100000381469727,26.229999542236328,7972400
2015-02-05,25.044723510742188,26.809999465942383,26.989999771118164,26.43000030517578,26.690000534057617,4467900
2015-02-06,24.717769622802734,26.459999084472656,26.920000076293945,26.049999237060547,26.65999984741211,4904700
2015-02-09,24.857894897460938,26.610000610351562,27.350000381469727,26.479999542236328,26.809999465942383,8417700
2015-02-10,24.586990356445312,26.31999969482422,26.93000030517578,26.197999954223633,26.649999618530273,4944500
2015-02-11,24.708431243896484,26.450000762939453,26.809999465942383,26.187999725341797,26.270000457763672,6130200
2015-02-12,24.755136489868164,26.5,27.0,26.360000610351562,26.670000076293945,7894900
2015-02-13,24.50291633605957,26.229999542236328,26.860000610351562,26.1299991607666,26.700000762939453,3844400
2015-02-17,25.502460479736328,27.299999237060547,27.309999465942383,25.979999542236328,26.420000076293945,5805000
2015-02-18,26.1563720703125,28.0,28.489999771118164,27.190000534057617,27.399999618530273,12621900
2015-02-19,25.9975643157959,27.829999923706055,28.219999313354492,27.429000854492188,28.219999313354492,4433700
2015-02-20,26.352542877197266,28.209999084472656,28.270000457763672,27.450000762939453,27.920000076293945,4147400
2015-02-23,26.25912857055664,28.110000610351562,28.489999771118164,28.0,28.200000762939453,3698800
2015-02-24,25.679950714111328,27.489999771118164,28.139999389648438,27.479999542236328,27.899999618530273,3618600
2015-02-25,25.502460479736328,27.299999237060547,27.65999984741211,26.8700008392334,27.34000015258789,6402600
2015-02-26,26.1563720703125,28.0,28.350000381469727,27.200000762939453,27.56999969482422,5438000
2015-02-27,25.848098754882812,27.670000076293945,28.170000076293945,27.34000015258789,28.0,8232400
2015-03-02,26.296493530273438,28.149999618530273,28.219999313354492,27.670000076293945,27.84000015258789,10054900
2015-03-03,25.717317581176758,27.530000686645508,29.899999618530273,27.34000015258789,29.299999237060547,24166700
2015-03-04,25.894807815551758,27.719999313354492,28.200000762939453,27.299999237060547,28.0,7162000
2015-03-05,27.090526580810547,29.0,29.040000915527344,27.049999237060547,28.329999923706055,10052700
2015-03-06,26.73554801940918,28.6200008392334,29.280000686645508,28.5,28.5,11476100
2015-03-09,27.01579475402832,28.920000076293945,29.15999984741211,28.520000457763672,28.520000457763672,6116500
2015-03-10,26.389909744262695,28.25,28.760000228881836,27.75,28.59000015258789,8779700
2015-03-11,25.69863510131836,27.510000228881836,28.139999389648438,27.110000610351562,28.139999389648438,6990100
2015-03-12,26.343202590942383,28.200000762939453,28.260000228881836,27.530000686645508,27.780000686645508,6445100
2015-03-13,26.231103897094727,28.079999923706055,28.299999237060547,27.81100082397461,28.200000762939453,8797800
2015-03-16,25.894807815551758,27.719999313354492,28.190000534057617,27.40999984741211,27.8700008392334,10363300
2015-03-17,26.651473999023438,28.530000686645508,28.700000762939453,27.690000534057617,28.0,14498600
2015-03-18,27.099868774414062,29.010000228881836,29.059999465942383,28.020000457763672,28.020000457763672,9694200
2015-03-19,27.03447914123535,28.940000534057617,29.1299991607666,28.639999389648438,29.0,6348500
2015-03-20,27.19328498840332,29.110000610351562,29.15999984741211,28.84000015258789,29.149999618530273,8733200
2015-03-23,27.090526580810547,29.0,29.200000762939453,28.739999771118164,28.959999084472656,8168400
2015-03-24,27.781801223754883,29.739999771118164,29.989999771118164,28.709999084472656,28.790000915527344,18103200
2015-03-25,27.7537784576416,29.709999084472656,30.600000381469727,29.65999984741211,29.84000015258789,12682400
2015-03-26,27.819168090820312,29.780000686645508,30.280000686645508,29.360000610351562,29.6299991607666,5719300
2015-03-27,28.099416732788086,30.079999923706055,30.200000762939453,29.719999313354492,29.889999389648438,5221000
2015-03-30,27.7911434173584,29.75,30.270000457763672,29.239999771118164,30.219999313354492,4873200
2015-03-31,27.445505142211914,29.3799991607666,29.739999771118164,29.350000381469727,29.579999923706055,4493100
2015-04-01,27.29604148864746,29.219999313354492,29.809999465942383,29.010000228881836,29.450000762939453,5100300
2015-04-02,27.548263549804688,29.489999771118164,30.06999969482422,29.299999237060547,29.399999618530273,6989900
2015-04-06,28.052709579467773,30.030000686645508,30.520000457763672,29.399999618530273,29.440000534057617,10998700
2015-04-07,28.958839416503906,31.0,31.84000015258789,30.121999740600586,30.1299991607666,11665500
2015-04-08,30.509538650512695,32.65999984741211,32.95000076293945,31.450000762939453,31.469999313354492,12985400
2015-04-09,30.537561416625977,32.689998626708984,33.709999084472656,32.3650016784668,33.0,8605400
2015-04-10,31.042009353637695,33.22999954223633,33.560001373291016,32.540000915527344,32.70000076293945,7258400
2015-04-13,31.864065170288086,34.11000061035156,34.77000045776367,33.04999923706055,33.38999938964844,17579200
2015-04-14,31.03266716003418,33.220001220703125,33.81999969482422,32.70000076293945,33.77000045776367,10773100
2015-04-15,31.3409366607666,33.54999923706055,34.22999954223633,33.400001525878906,33.83000183105469,7788300
2015-04-16,31.714601516723633,33.95000076293945,34.07500076293945,33.040000915527344,33.54999923706055,6753200
2015-04-17,31.004640579223633,33.189998626708984,33.720001220703125,32.650001525878906,33.130001068115234,7269100
2015-04-20,30.827150344848633,33.0,33.38999938964844,32.66999816894531,33.29999923706055,4531000
2015-04-21,31.499746322631836,33.720001220703125,33.849998474121094,32.869998931884766,33.06999969482422,5947100
2015-04-22,31.537107467651367,33.7599983215332,34.04999923706055,33.47999954223633,33.88999938964844,7423300
2015-04-23,31.443696975708008,33.65999984741211,34.040000915527344,33.5,33.93000030517578,8136700
2015-04-24,32.433902740478516,34.720001220703125,35.290000915527344,33.79999923706055,33.79999923706055,11236200
2015-04-27,32.957027435302734,35.279998779296875,36.75,34.93000030517578,34.93000030517578,15443500
2015-04-28,32.714149475097656,35.02000045776367,35.5,34.43000030517578,35.45000076293945,8637300
2015-04-29,31.94814109802246,34.20000076293945,34.970001220703125,34.0,34.779998779296875,8296000
2015-04-30,31.350282669067383,33.560001373291016,34.5099983215332,33.119998931884766,34.20000076293945,5762800
2015-05-01,31.322250366210938,33.529998779296875,34.0,32.709999084472656,33.880001068115234,5292600
2015-05-04,32.0322151184082,34.290000915527344,34.90999984741211,33.70000076293945,34.0099983215332,7758900
2015-05-05,31.48105812072754,33.70000076293945,34.13999938964844,33.150001525878906,34.0,4681500
2015-05-06,30.34139060974121,32.47999954223633,33.650001525878906,32.380001068115234,33.54999923706055,7477000
2015-05-07,30.901885986328125,33.08000183105469,33.79999923706055,32.36000061035156,33.79999923706055,10170000
2015-05-08,31.518428802490234,33.7400016784668,33.849998474121094,32.099998474121094,32.959999084472656,11417200
2015-05-11,32.19102096557617,34.459999084472656,34.52000045776367,33.5099983215332,34.0,7216300
2015-05-12,30.612295150756836,32.77000045776367,34.43000030517578,32.599998474121094,34.189998626708984,11040900
2015-05-13,30.60295295715332,32.7599983215332,32.88999938964844,32.279998779296875,32.7599983215332,9156700
2015-05-14,31.182132720947266,33.380001068115234,33.63999938964844,32.70000076293945,32.970001220703125,7195700
2015-05-15,31.200817108154297,33.400001525878906,33.849998474121094,32.29999923706055,33.0,12119500
2015-05-18,31.677236557006836,33.90999984741211,34.25,33.29999923706055,33.439998626708984,7399900
2015-05-19,31.901430130004883,34.150001525878906,34.20000076293945,33.56999969482422,33.95000076293945,7250100
2015-05-20,31.50908660888672,33.72999954223633,34.349998474121094,33.459999084472656,34.08000183105469,5678700
2015-05-21,31.630525588989258,33.86000061035156,34.09000015258789,33.470001220703125,33.81999969482422,10710200
2015-05-22,32.592708587646484,34.88999938964844,34.88999938964844,33.79999923706055,34.060001373291016,10199700
2015-05-26,31.95747947692871,34.209999084472656,35.369998931884766,33.959999084472656,35.06999969482422,9760600
2015-05-27,31.994844436645508,34.25,34.470001220703125,33.36000061035156,34.099998474121094,4805900
2015-05-28,31.779991149902344,34.02000045776367,34.25,33.4900016784668,33.72999954223633,6050600
2015-05-29,31.46237564086914,33.68000030517578,34.369998931884766,33.400001525878906,33.95000076293945,8288300
2015-06-01,32.47126388549805,34.7599983215332,34.959999084472656,33.79999923706055,33.880001068115234,9605200
2015-06-02,32.50863265991211,34.79999923706055,35.04999923706055,34.0,34.290000915527344,7089100
2015-06-03,32.48060989379883,34.77000045776367,35.189998626708984,34.56999969482422,34.959999084472656,8312900
2015-06-04,31.87340545654297,34.119998931884766,34.619998931884766,33.88999938964844,34.619998931884766,6243200
2015-06-05,33.321346282958984,35.66999816894531,36.59000015258789,33.95000076293945,34.08000183105469,21242800
2015-06-08,33.84447479248047,36.22999954223633,37.060001373291016,35.77000045776367,36.0099983215332,19732100
2015-06-09,34.03131103515625,36.43000030517578,36.65999984741211,35.45000076293945,36.29999923706055,11905400
2015-06-10,33.87249755859375,36.2599983215332,36.599998474121094,35.779998779296875,36.0,8395000
2015-06-11,34.44233322143555,36.869998931884766,37.150001525878906,36.34000015258789,36.369998931884766,6144100
2015-06-12,35.45122528076172,37.95000076293945,38.0,36.86000061035156,36.970001220703125,10378600
2015-06-15,34.2181396484375,36.630001068115234,37.81999969482422,36.529998779296875,37.27000045776367,7435500
2015-06-16,34.09669876098633,36.5,37.0,36.2400016784668,36.43000030517578,5084100
2015-06-17,33.11583709716797,35.45000076293945,37.150001525878906,35.380001068115234,37.029998779296875,11766200
2015-06-18,33.22793197631836,35.56999969482422,35.900001525878906,35.05500030517578,35.5,8543600
2015-06-19,32.33114242553711,34.61000061035156,35.220001220703125,33.91999816894531,35.0,10461100
2015-06-22,32.312461853027344,34.59000015258789,35.040000915527344,34.40999984741211,34.95000076293945,6621600
2015-06-23,32.312461853027344,34.59000015258789,35.0,34.40999984741211,35.0,6173100
2015-06-24,32.48994827270508,34.779998779296875,35.47999954223633,34.66999816894531,34.900001525878906,4968300
2015-06-25,31.779991149902344,34.02000045776367,34.7400016784668,33.63999938964844,34.56999969482422,5549700
2015-06-26,31.252195358276367,33.45500183105469,33.54999923706055,32.08000183105469,33.099998474121094,10686000
2015-06-29,30.36007308959961,32.5,33.17599868774414,31.719999313354492,32.619998931884766,9346500
2015-06-30,31.85472297668457,34.099998474121094,34.099998474121094,33.029998779296875,33.06999969482422,9250500
2015-07-01,31.06068992614746,33.25,34.20500183105469,32.93000030517578,34.08000183105469,7856400
2015-07-02,30.94859504699707,33.130001068115234,33.63999938964844,32.79999923706055,33.47999954223633,4676400
2015-07-06,29.790237426757812,31.889999389648438,32.400001525878906,31.200000762939453,31.600000381469727,9617600
2015-07-07,28.594518661499023,30.610000610351562,30.96500015258789,28.1299991607666,30.200000762939453,25428900
2015-07-08,28.323612213134766,30.31999969482422,30.860000610351562,28.709999084472656,28.90999984741211,13745300
2015-07-09,30.62163543701172,32.779998779296875,33.41999816894531,31.8799991607666,32.84000015258789,14262100
2015-07-10,30.266658782958984,32.400001525878906,33.25,32.349998474121094,32.880001068115234,9779300
2015-07-13,31.66789436340332,33.900001525878906,34.45000076293945,32.95000076293945,32.95000076293945,8597100
2015-07-14,31.686573028564453,33.91999816894531,34.369998931884766,33.5,33.65999984741211,5304600
2015-07-15,30.25731658935547,32.38999938964844,34.0,32.150001525878906,33.470001220703125,7342100
2015-07-16,31.61184310913086,33.84000015258789,34.34000015258789,32.73099899291992,32.79999923706055,7117700
2015-07-17,32.9943962097168,35.31999969482422,35.400001525878906,34.40999984741211,34.5,10091900
2015-07-20,32.75151443481445,35.060001373291016,35.400001525878906,34.52000045776367,34.939998626708984,5817800
2015-07-21,32.98505401611328,35.310001373291016,35.400001525878906,35.0,35.38999938964844,4792800
2015-07-22,33.05044174194336,35.380001068115234,35.40999984741211,34.650001525878906,34.9900016784668,5068200
2015-07-23,32.41521453857422,34.70000076293945,35.45000076293945,33.915000915527344,35.45000076293945,7820100
2015-07-24,32.35916519165039,34.63999938964844,35.560001373291016,33.970001220703125,35.400001525878906,8765200
2015-07-27,30.03312110900879,32.150001525878906,33.31999969482422,32.060001373291016,32.79999923706055,9862900
2015-07-28,30.34139060974121,32.47999954223633,32.540000915527344,31.420000076293945,32.0,23242000
2015-07-29,31.09805679321289,33.290000915527344,33.470001220703125,32.5099983215332,32.65999984741211,5709100
2015-07-30,31.172788619995117,33.369998931884766,33.81999969482422,33.0,33.099998474121094,3850800
2015-07-31,30.85517692565918,33.029998779296875,33.70000076293945,31.729999542236328,33.70000076293945,6954300
2015-08-03,30.752416610717773,32.91999816894531,33.939998626708984,32.45000076293945,32.529998779296875,5380800
2015-08-04,31.751970291137695,33.9900016784668,34.02000045776367,33.0,33.16999816894531,8671500
2015-08-05,32.060237884521484,34.31999969482422,34.9900016784668,34.15999984741211,34.31999969482422,7432600
2015-08-06,30.6496639251709,32.810001373291016,34.77000045776367,32.630001068115234,34.29999923706055,9153900
2015-08-07,29.95838737487793,32.06999969482422,34.20000076293945,31.649999618530273,33.029998779296875,15015800
2015-08-10,28.080732345581055,30.059999465942383,31.0,29.670000076293945,30.8799991607666,21184300
2015-08-11,26.1750545501709,28.020000457763672,29.700000762939453,27.3700008392334,29.670000076293945,24493500
2015-08-12,25.007360458374023,26.770000457763672,27.020000457763672,25.639999389648438,26.969999313354492,32296300
2015-08-13,25.268922805786133,27.049999237060547,27.56999969482422,26.899999618530273,27.469999313354492,12373300
2015-08-14,26.268468856811523,28.1200008392334,28.225000381469727,27.0,27.0,10130000
2015-08-17,25.530487060546875,27.329999923706055,27.959999084472656,27.1299991607666,27.799999237060547,10546400
2015-08-18,24.867237091064453,26.6200008392334,27.139999389648438,26.200000762939453,26.510000228881836,7864300
2015-08-19,25.01670265197754,26.780000686645508,27.0,26.0,26.68000030517578,10029100
2015-08-20,23.260486602783203,24.899999618530273,26.280000686645508,24.889999389648438,26.100000381469727,12159200
2015-08-21,23.400611877441406,25.049999237060547,26.059999465942383,23.65999984741211,24.030000686645508,16420100
2015-08-24,22.354354858398438,23.93000030517578,24.940000534057617,21.549999237060547,22.700000762939453,21356300
2015-08-25,23.40995216369629,25.059999465942383,27.920000076293945,24.9950008392334,26.5,13116300
2015-08-26,23.90505599975586,25.59000015258789,25.799999237060547,24.549999237060547,25.510000228881836,12724400
2015-08-27,25.315631866455078,27.100000381469727,27.149999618530273,26.030000686645508,26.479999542236328,12850800
2015-08-28,25.007360458374023,26.770000457763672,27.479999542236328,26.270000457763672,26.270000457763672,10343500
2015-08-31,24.175960540771484,25.8799991607666,26.704999923706055,25.665000915527344,26.65999984741211,10443100
2015-09-01,23.241804122924805,24.8799991607666,25.920000076293945,24.68000030517578,25.170000076293945,10543700
2015-09-02,23.232463836669922,24.8700008392334,25.649999618530273,24.219999313354492,25.239999771118164,7220200
2015-09-03,22.802749633789062,24.40999984741211,25.139999389648438,24.389999389648438,24.920000076293945,9376900
2015-09-04,21.3080997467041,22.809999465942383,24.459999084472656,22.639999389648438,24.0,14607800
2015-09-08,22.37303924560547,23.950000762939453,25.979999542236328,23.280000686645508,24.079999923706055,31308800
2015-09-09,23.045631408691406,24.670000076293945,25.850000381469727,24.5,24.799999237060547,20122700
2015-09-10,22.597238540649414,24.190000534057617,24.81999969482422,24.03499984741211,24.5,12979300
2015-09-11,22.662628173828125,24.260000228881836,24.290000915527344,23.149999618530273,24.100000381469727,11195200
2015-09-14,22.61591911315918,24.209999084472656,24.469999313354492,23.290000915527344,23.5,8213800
2015-09-15,23.335220336914062,24.979999542236328,25.139999389648438,24.100000381469727,24.290000915527344,9320700
2015-09-16,25.212871551513672,26.989999771118164,27.049999237060547,25.190000534057617,25.399999618530273,16470400
2015-09-17,25.8200740814209,27.639999389648438,27.959999084472656,26.31999969482422,26.34000015258789,11761000
2015-09-18,24.68974494934082,26.43000030517578,27.540000915527344,26.28499984741211,27.020000457763672,12731200
2015-09-21,24.26937484741211,25.979999542236328,26.940000534057617,25.850000381469727,26.940000534057617,6746200
2015-09-22,23.858348846435547,25.540000915527344,25.850000381469727,25.139999389648438,25.5,6286400
2015-09-23,22.77472496032715,24.3799991607666,25.8799991607666,24.059999465942383,25.6299991607666,12222300
2015-09-24,23.67151641845703,25.34000015258789,25.43000030517578,24.1299991607666,24.329999923706055,7729900
2015-09-25,24.232009887695312,25.940000534057617,26.799999237060547,25.600000381469727,25.770000457763672,12661100
2015-09-28,23.064315795898438,24.690000534057617,25.889999389648438,24.670000076293945,25.6200008392334,12208200
2015-09-29,22.821434020996094,24.43000030517578,24.906999588012695,24.110000610351562,24.799999237060547,9020200
2015-09-30,24.344106674194336,26.059999465942383,26.5,25.200000762939453,25.459999084472656,13389200
2015-10-01,24.755136489868164,26.5,27.06999969482422,25.440000534057617,26.75,7539200
2015-10-02,27.006452560424805,28.90999984741211,29.399999618530273,26.5,26.979999542236328,19914300
2015-10-05,26.885013580322266,28.780000686645508,29.149999618530273,28.350000381469727,29.149999618530273,12350000
2015-10-06,25.88546371459961,27.709999084472656,28.700000762939453,27.44499969482422,28.700000762939453,11701100
2015-10-07,25.726661682128906,27.540000915527344,28.68000030517578,27.420000076293945,28.139999389648438,14352300
2015-10-08,25.52114486694336,27.31999969482422,27.489999771118164,26.229999542236328,27.40999984741211,16777700
2015-10-09,26.53937530517578,28.40999984741211,28.770000457763672,27.290000915527344,27.469999313354492,14903900
2015-10-12,26.828964233398438,28.719999313354492,28.75,27.950000762939453,28.6200008392334,8970700
2015-10-13,25.138141632080078,26.90999984741211,28.31999969482422,26.829999923706055,28.31999969482422,13936000
2015-10-14,23.839664459228516,25.520000457763672,27.0,25.100000381469727,27.0,21679500
2015-10-15,24.53093910217285,26.260000228881836,26.700000762939453,25.389999389648438,26.059999465942383,17715900
2015-10-16,25.119457244873047,26.889999389648438,26.950000762939453,26.139999389648438,26.3700008392334,9598500
2015-10-19,25.306289672851562,27.09000015258789,27.415000915527344,26.6299991607666,26.889999389648438,8152800
2015-10-20,24.783161163330078,26.530000686645508,27.399999618530273,26.459999084472656,27.09000015258789,7138700
2015-10-21,24.297399520874023,26.010000228881836,26.889999389648438,25.825000762939453,26.31999969482422,6717100
2015-10-22,24.474891662597656,26.200000762939453,26.93000030517578,25.809999465942383,26.299999237060547,15818900
2015-10-23,25.315631866455078,27.100000381469727,27.520000457763672,26.93000030517578,27.229999542236328,17484800
2015-10-26,25.072750091552734,26.84000015258789,27.489999771118164,26.780000686645508,27.299999237060547,7516300
2015-10-27,25.838756561279297,27.65999984741211,28.06999969482422,27.09000015258789,27.709999084472656,13398000
2015-10-28,25.857440948486328,27.68000030517578,28.110000610351562,27.239999771118164,27.5,9983600
2015-10-29,25.866783142089844,27.690000534057617,27.850000381469727,26.81999969482422,27.739999771118164,9818800
2015-10-30,25.801393508911133,27.6200008392334,27.80500030517578,27.450000762939453,27.549999237060547,7372000
2015-11-02,26.763572692871094,28.649999618530273,28.8799991607666,27.309999465942383,27.5,9802300
2015-11-03,27.43616485595703,29.3700008392334,29.899999618530273,28.649999618530273,28.709999084472656,10877800
2015-11-04,27.342750549316406,29.270000457763672,30.260000228881836,29.170000076293945,30.0,7948000
2015-11-05,26.903696060180664,28.799999237060547,29.56999969482422,27.8700008392334,29.559999465942383,9722400
2015-11-06,27.74443817138672,29.700000762939453,29.950000762939453,28.3700008392334,29.0,11373800
2015-11-09,26.866331100463867,28.760000228881836,29.950000762939453,28.40999984741211,29.889999389648438,10377300
2015-11-10,26.343202590942383,28.200000762939453,28.700000762939453,27.299999237060547,28.6200008392334,12392000
2015-11-11,26.04427146911621,27.8799991607666,28.489999771118164,26.850000381469727,28.440000534057617,14746300
2015-11-12,26.885013580322266,28.780000686645508,29.450000762939453,27.649999618530273,28.18000030517578,15874700
2015-11-13,24.988676071166992,26.75,28.25,26.600000381469727,27.81999969482422,23067700
2015-11-16,26.91303825378418,28.809999465942383,29.579999923706055,26.5310001373291,26.709999084472656,26242700
2015-11-17,27.025135040283203,28.93000030517578,29.950000762939453,28.670000076293945,29.190000534057617,13884100
2015-11-18,26.67949676513672,28.559999465942383,29.200000762939453,27.950000762939453,29.149999618530273,10246800
2015-11-19,27.13723373413086,29.049999237060547,29.21500015258789,28.32699966430664,28.709999084472656,9054000
2015-11-20,28.015342712402344,29.989999771118164,30.049999237060547,29.1299991607666,29.329999923706055,11573300
2015-11-23,28.659910202026367,30.68000030517578,31.06999969482422,29.989999771118164,30.079999923706055,14031700
2015-11-24,28.351638793945312,30.350000381469727,31.18000030517578,30.100000381469727,30.600000381469727,8037400
2015-11-25,28.015342712402344,29.989999771118164,30.75,29.825000762939453,30.450000762939453,6705600
2015-11-27,27.977977752685547,29.950000762939453,30.049999237060547,29.06999969482422,29.100000381469727,6163400
2015-11-30,28.659910202026367,30.68000030517578,30.93000030517578,29.84000015258789,30.3799991607666,37066300
2015-12-01,29.42591667175293,31.5,31.579999923706055,30.200000762939453,30.3799991607666,12626800
2015-12-02,29.827606201171875,31.93000030517578,32.439998626708984,31.299999237060547,31.700000762939453,12022500
2015-12-03,29.481966018676758,31.559999465942383,32.47999954223633,31.079999923706055,32.0,9512600
2015-12-04,30.126535415649414,32.25,32.369998931884766,31.100000381469727,31.350000381469727,9732600
2015-12-07,30.388097763061523,32.529998779296875,32.619998931884766,31.889999389648438,32.36000061035156,6434600
2015-12-08,29.790237426757812,31.889999389648438,32.25,31.579999923706055,31.969999313354492,7787000
2015-12-09,29.50065040588379,31.579999923706055,32.08000183105469,31.204999923706055,31.770000457763672,5257000
2015-12-10,29.519332885742188,31.600000381469727,31.75,31.15999984741211,31.579999923706055,7783400
2015-12-11,28.538467407226562,30.549999237060547,31.299999237060547,30.530000686645508,31.149999618530273,11736400
2015-12-14,28.809375762939453,30.84000015258789,30.850000381469727,30.030000686645508,30.780000686645508,7072300
2015-12-15,29.50065040588379,31.579999923706055,31.899999618530273,31.0,31.0,7356700
2015-12-16,30.103179931640625,32.224998474121094,32.35499954223633,31.75,31.899999618530273,6822600
2015-12-17,30.247976303100586,32.380001068115234,33.47999954223633,31.889999389648438,32.650001525878906,10487100
2015-12-18,30.500198364257812,32.650001525878906,32.790000915527344,31.93000030517578,32.11000061035156,8456100
2015-12-21,30.36007308959961,32.5,33.099998474121094,32.380001068115234,32.939998626708984,4844000
2015-12-22,30.388097763061523,32.529998779296875,32.63999938964844,32.150001525878906,32.45000076293945,6373200
2015-12-23,30.397441864013672,32.540000915527344,33.099998474121094,32.5099983215332,32.56999969482422,4869400
2015-12-24,30.4348087310791,32.58000183105469,32.779998779296875,32.540000915527344,32.650001525878906,1728900
2015-12-28,29.790237426757812,31.889999389648438,32.54499816894531,31.3700008392334,32.5,6195100
2015-12-29,30.500198364257812,32.650001525878906,32.94499969482422,32.04999923706055,32.189998626708984,6311100
2015-12-30,29.967731475830078,32.08000183105469,32.61000061035156,31.90999984741211,32.09000015258789,3746300
2015-12-31,30.140546798706055,32.26499938964844,32.709999084472656,31.6299991607666,31.959999084472656,3464000
2016-01-04,27.58563232421875,29.530000686645508,30.65999984741211,29.0,30.65999984741211,18265300
2016-01-05,28.024682998657227,30.0,30.299999237060547,29.600000381469727,30.049999237060547,9426400
2016-01-06,27.800485610961914,29.760000228881836,30.030000686645508,29.049999237060547,29.229999542236328,12988900
2016-01-07,26.109664916992188,27.950000762939453,29.149999618530273,27.649999618530273,28.34000015258789,18155700
2016-01-08,25.801393508911133,27.6200008392334,28.899999618530273,27.469999313354492,28.579999923706055,15164100
2016-01-11,25.250240325927734,27.030000686645508,27.729999542236328,25.969999313354492,27.350000381469727,18866600
2016-01-12,26.34787368774414,28.204999923706055,28.299999237060547,27.2450008392334,27.520000457763672,11202600
2016-01-13,25.315631866455078,27.100000381469727,28.5,26.780000686645508,28.3700008392334,8981100
2016-01-14,26.268468856811523,28.1200008392334,28.43000030517578,26.850000381469727,27.350000381469727,9756900
2016-01-15,25.212871551513672,26.989999771118164,27.290000915527344,26.350000381469727,26.5,13641500
2016-01-19,25.6052188873291,27.40999984741211,28.635000228881836,26.940000534057617,28.31999969482422,14022400
2016-01-20,24.643037796020508,26.3799991607666,26.8799991607666,25.360000610351562,26.5,23393300
2016-01-21,24.932628631591797,26.690000534057617,27.15999984741211,25.799999237060547,26.170000076293945,8423100
2016-01-22,25.474437713623047,27.270000457763672,27.889999389648438,26.954999923706055,27.889999389648438,9454400
2016-01-25,25.250240325927734,27.030000686645508,27.524999618530273,26.950000762939453,27.1200008392334,6988400
2016-01-26,25.22221565246582,27.0,27.200000762939453,26.09000015258789,26.75,6816300
2016-01-27,23.708881378173828,25.3799991607666,27.040000915527344,25.145000457763672,27.040000915527344,21140400
2016-01-28,23.699542999267578,25.3700008392334,26.079999923706055,24.969999313354492,26.0,21548300
2016-01-29,24.316083908081055,26.030000686645508,26.350000381469727,25.5,25.850000381469727,11895800
2016-02-01,23.90505599975586,25.59000015258789,25.959999084472656,25.139999389648438,25.6200008392334,10915500
2016-02-02,23.045631408691406,24.670000076293945,25.56999969482422,24.524999618530273,25.31999969482422,11283200
2016-02-03,22.24225616455078,23.809999465942383,24.790000915527344,23.3700008392334,24.68000030517578,20210000
2016-02-04,23.31653594970703,24.959999084472656,25.260000228881836,23.969999313354492,24.0,20951000
2016-02-05,22.08344841003418,23.639999389648438,24.950000762939453,23.510000228881836,24.690000534057617,19828500
2016-02-08,21.6817626953125,23.209999084472656,23.260000228881836,22.18000030517578,23.049999237060547,30399400
2016-02-09,21.373491287231445,22.8799991607666,23.524999618530273,22.469999313354492,22.700000762939453,16699000
2016-02-10,21.709789276123047,23.239999771118164,23.559999465942383,22.84000015258789,23.3799991607666,12427200
2016-02-11,21.392175674438477,22.899999618530273,23.1299991607666,22.135000228881836,22.530000686645508,20207600
2016-02-12,21.60702896118164,23.1299991607666,23.40999984741211,22.450000762939453,23.100000381469727,13903600
2016-02-16,23.335220336914062,24.979999542236328,25.989999771118164,24.18000030517578,24.760000228881836,20056900
2016-02-17,24.026493072509766,25.719999313354492,26.200000762939453,24.860000610351562,25.420000076293945,17465700
2016-02-18,23.662174224853516,25.329999923706055,25.899999618530273,25.010000228881836,25.899999618530273,11910900
2016-02-19,23.858348846435547,25.540000915527344,25.81999969482422,24.889999389648438,25.200000762939453,7525300
2016-02-22,24.586990356445312,26.31999969482422,26.469999313354492,25.670000076293945,26.09000015258789,8158100
2016-02-23,23.90505599975586,25.59000015258789,26.170000076293945,25.5,26.010000228881836,5601100
2016-02-24,23.9891300201416,25.68000030517578,25.760000228881836,24.299999237060547,25.100000381469727,10381300
2016-02-25,23.28851318359375,24.93000030517578,25.100000381469727,24.440000534057617,24.75,10993300
2016-02-26,23.736907958984375,25.40999984741211,25.799999237060547,25.15999984741211,25.65999984741211,8269300
2016-02-29,24.017152786254883,25.709999084472656,26.0,25.280000686645508,25.329999923706055,14099100
2016-03-01,24.755136489868164,26.5,27.190000534057617,26.309999465942383,26.889999389648438,17268300
2016-03-02,24.88591957092285,26.639999389648438,27.1299991607666,26.260000228881836,27.1200008392334,14655400
2016-03-03,23.90505599975586,25.59000015258789,26.780000686645508,25.209999084472656,26.780000686645508,15821400
2016-03-04,24.736452102661133,26.479999542236328,26.549999237060547,25.68000030517578,25.940000534057617,13871800
2016-03-07,24.418840408325195,26.139999389648438,26.559999465942383,25.899999618530273,26.280000686645508,12718100
2016-03-08,24.35344886779785,26.06999969482422,26.34000015258789,25.760000228881836,25.850000381469727,9149100
2016-03-09,24.60567283630371,26.34000015258789,26.479999542236328,25.770000457763672,26.15999984741211,6110200
2016-03-10,24.652379989624023,26.389999389648438,26.815000534057617,26.010000228881836,26.479999542236328,8236900
2016-03-11,25.9975643157959,27.829999923706055,27.920000076293945,26.530000686645508,26.75,11863100
2016-03-14,25.913490295410156,27.739999771118164,28.25,27.690000534057617,28.0,7517200
2016-03-15,25.371681213378906,27.15999984741211,27.5,26.864999771118164,27.450000762939453,6979100
2016-03-16,26.006906509399414,27.84000015258789,27.959999084472656,26.950000762939453,27.030000686645508,7251800
2016-03-17,25.250240325927734,27.030000686645508,28.040000915527344,26.985000610351562,27.5,9674600
2016-03-18,25.296947479248047,27.079999923706055,27.360000610351562,26.520000457763672,27.170000076293945,12890700
2016-03-21,25.18484878540039,26.959999084472656,27.559999465942383,26.579999923706055,27.260000228881836,10530300
2016-03-22,25.212871551513672,26.989999771118164,27.040000915527344,26.579999923706055,26.700000762939453,6492000
2016-03-23,24.97933578491211,26.739999771118164,27.049999237060547,26.290000915527344,26.90999984741211,8036100
2016-03-24,24.624357223510742,26.360000610351562,26.459999084472656,26.100000381469727,26.459999084472656,7954800
2016-03-28,24.119911193847656,25.81999969482422,26.329999923706055,25.635000228881836,26.31999969482422,9130400
2016-03-29,24.680404663085938,26.420000076293945,26.6299991607666,25.59000015258789,25.84000015258789,15294100
2016-03-30,25.4464111328125,27.239999771118164,27.614999771118164,26.65999984741211,26.65999984741211,12037400
2016-03-31,24.755136489868164,26.5,27.479999542236328,26.420000076293945,27.3700008392334,8153700
2016-04-01,24.998018264770508,26.760000228881836,27.25,26.09000015258789,26.260000228881836,10965300
2016-04-04,24.88591957092285,26.639999389648438,27.049999237060547,26.3700008392334,26.760000228881836,8024300
2016-04-05,24.773820877075195,26.520000457763672,26.760000228881836,26.201000213623047,26.350000381469727,6661700
2016-04-06,24.97933578491211,26.739999771118164,26.989999771118164,26.18000030517578,26.739999771118164,9612300
2016-04-07,24.76447868347168,26.510000228881836,27.0,26.43000030517578,26.799999237060547,7843900
2016-04-08,25.091434478759766,26.860000610351562,27.34000015258789,26.71500015258789,26.940000534057617,4830700
2016-04-11,25.483779907226562,27.280000686645508,27.729999542236328,26.959999084472656,27.0,8124600
2016-04-12,26.249786376953125,28.100000381469727,28.170000076293945,27.190000534057617,27.190000534057617,10061800
2016-04-13,27.632339477539062,29.579999923706055,29.790000915527344,28.719999313354492,28.780000686645508,13914800
2016-04-14,27.679046630859375,29.6299991607666,29.8700008392334,29.299999237060547,29.489999771118164,5552900
2016-04-15,27.912582397460938,29.8799991607666,30.010000228881836,29.770000457763672,29.889999389648438,7269500
2016-04-18,27.408138275146484,29.34000015258789,29.860000610351562,29.0,29.729999542236328,9061100
2016-04-19,26.95040512084961,28.850000381469727,29.770000457763672,28.594999313354492,29.65999984741211,9290200
2016-04-20,26.791597366333008,28.68000030517578,28.790000915527344,28.40999984741211,28.600000381469727,7914100
2016-04-21,26.89435577392578,28.790000915527344,29.209999084472656,28.68000030517578,28.75,6355700
2016-04-22,26.436616897583008,28.299999237060547,28.770000457763672,27.65999984741211,28.600000381469727,7841400
2016-04-25,25.6239013671875,27.43000030517578,28.198999404907227,27.309999465942383,28.09000015258789,7511600
2016-04-26,23.419294357299805,25.06999969482422,27.579999923706055,24.549999237060547,27.43000030517578,51175800
2016-04-27,23.67151641845703,25.34000015258789,25.84000015258789,25.0,25.110000610351562,22144500
2016-04-28,23.961103439331055,25.649999618530273,26.299999237060547,25.360000610351562,25.360000610351562,12202900
2016-04-29,23.877031326293945,25.559999465942383,26.280000686645508,24.899999618530273,25.579999923706055,13835300
2016-05-02,23.62480926513672,25.290000915527344,25.649999618530273,24.969999313354492,25.520000457763672,9604700
2016-05-03,22.793407440185547,24.399999618530273,25.1299991607666,24.25,25.1299991607666,12706800
2016-05-04,22.625261306762695,24.219999313354492,24.719999313354492,24.139999389648438,24.309999465942383,15504100
2016-05-05,23.21377944946289,24.850000381469727,25.170000076293945,24.59000015258789,25.06999969482422,13347900
2016-05-06,23.540735244750977,25.200000762939453,25.450000762939453,24.479999542236328,24.93000030517578,15385500
2016-05-09,21.887279510498047,23.43000030517578,23.989999771118164,22.670000076293945,23.989999771118164,45307400
2016-05-10,22.204891204833984,23.770000457763672,24.190000534057617,23.219999313354492,23.229999542236328,15698200
2016-05-11,21.60702896118164,23.1299991607666,24.010000228881836,23.0,24.010000228881836,19287300
2016-05-12,20.654193878173828,22.110000610351562,23.68000030517578,22.020000457763672,23.530000686645508,28229900
2016-05-13,21.149293899536133,22.639999389648438,22.940000534057617,22.350000381469727,22.479999542236328,16484800
2016-05-16,21.831228256225586,23.3700008392334,23.510000228881836,22.81999969482422,22.81999969482422,14553200
2016-05-17,22.307647705078125,23.8799991607666,24.420000076293945,23.280000686645508,23.280000686645508,14692000
2016-05-18,22.046085357666016,23.600000381469727,23.93000030517578,23.309999465942383,23.739999771118164,12681700
2016-05-19,21.588348388671875,23.110000610351562,23.940000534057617,22.84000015258789,23.350000381469727,12931400
2016-05-20,21.905961990356445,23.450000762939453,23.90999984741211,23.18000030517578,23.18000030517578,11508700
2016-05-23,21.38283348083496,22.889999389648438,23.459999084472656,22.799999237060547,23.40999984741211,8444100
2016-05-24,22.223575592041016,23.790000915527344,24.040000915527344,23.010000228881836,23.190000534057617,17843300
2016-05-25,21.466907501220703,22.979999542236328,23.899999618530273,22.80500030517578,23.799999237060547,17970000
2016-05-26,21.644397735595703,23.170000076293945,23.389999389648438,22.860000610351562,23.309999465942383,12505400
2016-05-27,22.65328598022461,24.25,24.280000686645508,23.18000030517578,23.31999969482422,16123500
2016-05-31,22.98958396911621,24.610000610351562,25.0,24.170000076293945,24.56999969482422,95370800
2016-06-01,22.223575592041016,23.790000915527344,24.3700008392334,23.68000030517578,24.350000381469727,17704700
2016-06-02,22.10213279724121,23.65999984741211,24.219999313354492,23.44499969482422,24.0,11889700
2016-06-03,21.466907501220703,22.979999542236328,23.899999618530273,22.850000381469727,23.709999084472656,13132700
2016-06-06,21.78451919555664,23.31999969482422,23.5049991607666,23.1200008392334,23.15999984741211,9133400
2016-06-07,20.560775756835938,22.010000228881836,23.540000915527344,21.709999084472656,23.510000228881836,35788700
2016-06-08,19.841474533081055,21.239999771118164,22.270000457763672,21.209999084472656,22.200000762939453,27727700
2016-06-09,20.280529022216797,21.709999084472656,21.81999969482422,20.81999969482422,21.06999969482422,20359200
2016-06-10,19.67332649230957,21.059999465942383,21.530000686645508,20.885000228881836,21.399999618530273,13280000
2016-06-13,19.60793685913086,20.989999771118164,21.280000686645508,20.799999237060547,20.950000762939453,9726000
2016-06-14,19.523862838745117,20.899999618530273,21.139999389648438,20.3799991607666,21.059999465942383,15179100
2016-06-15,18.841928482055664,20.170000076293945,21.0,19.90999984741211,21.0,19726900
2016-06-16,19.084808349609375,20.43000030517578,20.510000228881836,19.510000228881836,19.950000762939453,26123200
2016-06-17,18.804563522338867,20.1299991607666,20.559999465942383,19.850000381469727,20.510000228881836,14205900
2016-06-20,19.67332649230957,21.059999465942383,22.040000915527344,20.600000381469727,20.68000030517578,28239300
2016-06-21,19.738718032836914,21.1299991607666,21.479999542236328,20.90999984741211,21.3700008392334,11895400
2016-06-22,19.804109573364258,21.200000762939453,21.520000457763672,20.770000457763672,21.1200008392334,15245800
2016-06-23,20.046987533569336,21.459999084472656,21.510000228881836,21.040000915527344,21.420000076293945,6173500
2016-06-24,19.280981063842773,20.639999389648438,21.25,20.25,20.389999389648438,23683000
2016-06-27,18.907318115234375,20.239999771118164,20.649999618530273,19.909000396728516,20.540000915527344,11272600
2016-06-28,18.982051849365234,20.31999969482422,20.989999771118164,20.174999237060547,20.530000686645508,14651600
2016-06-29,19.047443389892578,20.389999389648438,20.822999954223633,20.30500030517578,20.479999542236328,11708100
2016-06-30,19.832134246826172,21.229999542236328,21.34000015258789,20.34000015258789,20.389999389648438,14122900
2016-07-01,19.9068660736084,21.309999465942383,21.5,20.979999542236328,21.229999542236328,8291600
2016-07-05,19.48649787902832,20.860000610351562,21.299999237060547,20.399999618530273,21.18000030517578,10698100
2016-07-06,19.038101196289062,20.3799991607666,20.639999389648438,20.03499984741211,20.549999237060547,13669100
2016-07-07,19.215593338012695,20.56999969482422,20.665000915527344,20.309999465942383,20.459999084472656,6776100
2016-07-08,19.355714797973633,20.719999313354492,20.729999542236328,20.34000015258789,20.610000610351562,9715300
2016-07-11,20.327238082885742,21.760000228881836,22.010000228881836,20.850000381469727,20.8799991607666,17041800
2016-07-12,20.747608184814453,22.209999084472656,22.299999237060547,21.8700008392334,22.139999389648438,12988200
2016-07-13,20.252504348754883,21.68000030517578,22.299999237060547,21.510000228881836,22.200000762939453,9907000
2016-07-14,20.252504348754883,21.68000030517578,21.979999542236328,21.6299991607666,21.950000762939453,8905600
2016-07-15,20.000280380249023,21.40999984741211,21.780000686645508,21.309999465942383,21.729999542236328,6555400
2016-07-18,20.68221664428711,22.139999389648438,22.350000381469727,21.399999618530273,21.399999618530273,10227500
2016-07-19,20.94377899169922,22.420000076293945,22.600000381469727,21.850000381469727,21.850000381469727,11323700
2016-07-20,21.16797637939453,22.65999984741211,22.899999618530273,22.31999969482422,22.520000457763672,12076600
2016-07-21,20.54209327697754,21.989999771118164,22.8700008392334,21.940000534057617,22.8700008392334,12080400
2016-07-22,20.476701736450195,21.920000076293945,22.059999465942383,21.649999618530273,22.059999465942383,7038500
2016-07-25,20.41131019592285,21.850000381469727,22.020000457763672,21.510000228881836,22.0,4859800
2016-07-26,20.99983024597168,22.479999542236328,22.649999618530273,21.739999771118164,21.850000381469727,10490800
2016-07-27,20.887731552124023,22.360000610351562,22.639999389648438,22.200000762939453,22.5,5465700
2016-07-28,20.68221664428711,22.139999389648438,22.270000457763672,21.969999313354492,22.200000762939453,5436400
2016-07-29,20.22447967529297,21.649999618530273,22.1299991607666,21.549999237060547,22.110000610351562,8820700
2016-08-01,20.40196990966797,21.84000015258789,22.1299991607666,21.65999984741211,21.690000534057617,7058500
2016-08-02,20.36460304260254,21.799999237060547,21.979999542236328,21.559999465942383,21.860000610351562,5046600
2016-08-03,20.299211502075195,21.729999542236328,21.780000686645508,21.510000228881836,21.649999618530273,6009100
2016-08-04,19.96291732788086,21.3700008392334,21.729999542236328,21.219999313354492,21.649999618530273,9724800
2016-08-05,20.41131019592285,21.850000381469727,22.17300033569336,21.290000915527344,21.5,8377000
2016-08-08,20.878389358520508,22.350000381469727,22.3700008392334,21.549999237060547,21.81999969482422,11757600
2016-08-09,20.897071838378906,22.3700008392334,22.690000534057617,22.049999237060547,22.360000610351562,19990900
2016-08-10,21.868595123291016,23.40999984741211,24.600000381469727,23.260000228881836,24.110000610351562,33722200
2016-08-11,21.756498336791992,23.290000915527344,24.0,23.06999969482422,23.649999618530273,17637900
2016-08-12,23.026948928833008,24.649999618530273,24.889999389648438,22.93000030517578,23.270000457763672,27840200
2016-08-15,23.652833938598633,25.31999969482422,25.6200008392334,24.850000381469727,24.860000610351562,16615100
2016-08-16,23.372587203979492,25.020000457763672,25.579999923706055,24.75,25.56999969482422,13730800
2016-08-17,23.718223571777344,25.389999389648438,25.440000534057617,24.799999237060547,24.899999618530273,12086200
2016-08-18,23.727563858032227,25.399999618530273,25.520000457763672,25.1200008392334,25.34000015258789,10071300
2016-08-19,24.20398712158203,25.90999984741211,26.200000762939453,25.700000762939453,26.149999618530273,20568700
2016-08-22,24.07320213317871,25.770000457763672,25.989999771118164,25.520000457763672,25.950000762939453,7850800
2016-08-23,24.232009887695312,25.940000534057617,26.299999237060547,25.78499984741211,25.809999465942383,9013700
2016-08-24,23.877031326293945,25.559999465942383,26.079999923706055,25.510000228881836,25.969999313354492,9650400
2016-08-25,23.74625015258789,25.420000076293945,25.700000762939453,25.295000076293945,25.399999618530273,9101200
2016-08-26,24.091886520385742,25.790000915527344,25.989999771118164,25.420000076293945,25.459999084472656,9713400
2016-08-29,23.923738479614258,25.610000610351562,25.850000381469727,25.469999313354492,25.850000381469727,5400000
2016-08-30,23.90505599975586,25.59000015258789,25.950000762939453,25.4950008392334,25.709999084472656,6194500
2016-08-31,23.736907958984375,25.40999984741211,25.69499969482422,25.200000762939453,25.5,10244200
2016-09-01,24.017152786254883,25.709999084472656,25.729999542236328,25.329999923706055,25.40999984741211,5595900
2016-09-02,23.86768913269043,25.549999237060547,26.06999969482422,25.520000457763672,25.899999618530273,9844000
2016-09-06,24.792503356933594,26.540000915527344,27.0,25.719999313354492,25.719999313354492,18271800
2016-09-07,24.801843643188477,26.549999237060547,26.780000686645508,26.479999542236328,26.56999969482422,9256300
2016-09-08,25.091434478759766,26.860000610351562,27.079999923706055,26.549999237060547,26.600000381469727,8710200
2016-09-09,24.633699417114258,26.3700008392334,26.950000762939453,26.34000015258789,26.860000610351562,13938600
2016-09-12,24.755136489868164,26.5,26.575000762939453,25.549999237060547,25.600000381469727,12505500
2016-09-13,24.783161163330078,26.530000686645508,26.575000762939453,26.110000610351562,26.219999313354492,10934800
2016-09-14,24.297399520874023,26.010000228881836,26.690000534057617,25.709999084472656,26.59000015258789,16706600
2016-09-15,24.40949821472168,26.1299991607666,26.1299991607666,25.6200008392334,26.0,12176200
2016-09-16,24.50291633605957,26.229999542236328,26.549999237060547,26.010000228881836,26.229999542236328,11428200
2016-09-19,24.334766387939453,26.049999237060547,26.479999542236328,25.93000030517578,26.34000015258789,8593100
2016-09-20,24.14793586730957,25.850000381469727,26.15999984741211,25.68000030517578,25.8799991607666,8913000
2016-09-21,24.175960540771484,25.8799991607666,26.030000686645508,25.540000915527344,25.940000534057617,12895600
2016-09-22,24.56830596923828,26.299999237060547,26.399999618530273,25.860000610351562,26.0,17247500
2016-09-23,25.072750091552734,26.84000015258789,26.989999771118164,26.18000030517578,26.31999969482422,13020900
2016-09-26,24.792503356933594,26.540000915527344,26.610000610351562,26.350000381469727,26.540000915527344,11176700
2016-09-27,24.92328643798828,26.68000030517578,27.290000915527344,26.549999237060547,26.600000381469727,12270300
2016-09-28,24.5589656829834,26.290000915527344,26.8700008392334,26.010000228881836,26.639999389648438,9455700
2016-09-29,24.26937484741211,25.979999542236328,26.479999542236328,25.799999237060547,26.219999313354492,16217600
2016-09-30,24.372133255004883,26.09000015258789,26.31999969482422,25.920000076293945,26.010000228881836,6577300
2016-10-03,24.39081573486328,26.110000610351562,26.1299991607666,25.700000762939453,26.030000686645508,9348900
2016-10-04,25.679950714111328,27.489999771118164,29.235000610351562,26.125,26.149999618530273,29533300
2016-10-05,26.090980529785156,27.93000030517578,28.09000015258789,27.280000686645508,27.59000015258789,23699700
2016-10-06,25.59587860107422,27.399999618530273,28.530000686645508,26.959999084472656,28.450000762939453,15635300
2016-10-07,25.250240325927734,27.030000686645508,27.5,26.799999237060547,27.399999618530273,9607400
2016-10-10,25.502460479736328,27.299999237060547,27.510000228881836,26.770000457763672,27.040000915527344,7989100
2016-10-11,24.988676071166992,26.75,27.405000686645508,26.579999923706055,27.239999771118164,7285100
2016-10-12,24.83921241760254,26.59000015258789,26.81999969482422,26.34000015258789,26.610000610351562,8227600
2016-10-13,24.540283203125,26.270000457763672,26.270000457763672,25.530000686645508,26.149999618530273,14027600
2016-10-14,24.755136489868164,26.5,26.780000686645508,26.270000457763672,26.719999313354492,7110400
2016-10-17,24.577646255493164,26.309999465942383,26.84000015258789,26.139999389648438,26.299999237060547,5593200
2016-10-18,24.53093910217285,26.260000228881836,26.790000915527344,26.200000762939453,26.780000686645508,5754400
2016-10-19,24.56830596923828,26.299999237060547,26.579999923706055,26.09000015258789,26.360000610351562,6073500
2016-10-20,24.895259857177734,26.649999618530273,26.854999542236328,26.170000076293945,26.170000076293945,8381400
2016-10-21,25.10077476501465,26.8700008392334,26.899999618530273,26.579999923706055,26.610000610351562,5368600
2016-10-24,24.755136489868164,26.5,27.1200008392334,26.09000015258789,27.0,11741300
2016-10-25,24.680404663085938,26.420000076293945,26.690000534057617,26.25,26.549999237060547,4902400
2016-10-26,24.736452102661133,26.479999542236328,26.56999969482422,26.139999389648438,26.31999969482422,4687800
2016-10-27,24.175960540771484,25.8799991607666,26.68000030517578,25.729999542236328,26.59000015258789,9069400
2016-10-28,24.194643020629883,25.899999618530273,26.049999237060547,25.3799991607666,25.700000762939453,8031900
2016-10-31,24.241352081298828,25.950000762939453,26.440000534057617,25.93000030517578,26.030000686645508,5345200
2016-11-01,23.643489837646484,25.309999465942383,26.040000915527344,25.18000030517578,25.899999618530273,9236400
2016-11-02,23.111021041870117,24.739999771118164,25.5,24.3700008392334,25.440000534057617,14145700
2016-11-03,23.045631408691406,24.670000076293945,25.049999237060547,24.510000228881836,24.540000915527344,6738800
2016-11-04,23.026948928833008,24.649999618530273,24.770000457763672,24.309999465942383,24.56999969482422,7038300
2016-11-07,23.783615112304688,25.459999084472656,25.71500015258789,25.0,25.18000030517578,8212200
2016-11-08,23.76493263244629,25.440000534057617,25.549999237060547,25.014999389648438,25.510000228881836,6778100
2016-11-09,23.475341796875,25.1299991607666,25.579999923706055,24.600000381469727,24.600000381469727,6544800
2016-11-10,22.784067153930664,24.389999389648438,25.5,23.8799991607666,25.5,10182800
2016-11-11,22.45711326599121,24.040000915527344,24.520000457763672,23.68000030517578,24.25,12219700
2016-11-14,22.148839950561523,23.709999084472656,24.229999542236328,23.375,24.229999542236328,15581500
2016-11-15,24.671062469482422,26.40999984741211,26.959999084472656,25.290000915527344,25.690000534057617,38369200
2016-11-16,24.76447868347168,26.510000228881836,26.600000381469727,25.6200008392334,25.6200008392334,9433100
2016-11-17,24.988676071166992,26.75,26.93000030517578,26.329999923706055,26.5,8590300
2016-11-18,24.708431243896484,26.450000762939453,26.889999389648438,26.2549991607666,26.75,5658200
2016-11-21,24.28805923461914,26.0,26.559999465942383,25.889999389648438,26.5,7494800
2016-11-22,24.11056900024414,25.809999465942383,26.135000228881836,25.639999389648438,26.0,7125100
2016-11-23,24.04517936706543,25.739999771118164,25.950000762939453,25.649999618530273,25.760000228881836,5986300
2016-11-25,23.858348846435547,25.540000915527344,25.989999771118164,25.43000030517578,25.889999389648438,6497700
2016-11-28,24.129253387451172,25.829999923706055,25.94499969482422,25.540000915527344,25.559999465942383,9681700
2016-11-29,25.082090377807617,26.850000381469727,27.700000762939453,25.75,25.84000015258789,29892600
2016-11-30,25.10077476501465,26.8700008392334,27.399999618530273,26.665000915527344,26.850000381469727,15084800
2016-12-01,24.56830596923828,26.299999237060547,26.950000762939453,26.18000030517578,26.790000915527344,11150700
2016-12-02,24.175960540771484,25.8799991607666,26.450000762939453,25.719999313354492,26.31999969482422,9493300
2016-12-05,24.241352081298828,25.950000762939453,26.315000534057617,25.579999923706055,25.860000610351562,7537700
2016-12-06,24.129253387451172,25.829999923706055,26.260000228881836,25.770000457763672,26.09000015258789,4690800
2016-12-07,25.20353126525879,26.979999542236328,27.190000534057617,25.719999313354492,25.760000228881836,17786700
2016-12-08,25.194189071655273,26.969999313354492,27.200000762939453,26.690000534057617,26.989999771118164,8079000
2016-12-09,25.072750091552734,26.84000015258789,26.969999313354492,26.264999389648438,26.8700008392334,7892400
2016-12-12,24.437522888183594,26.15999984741211,26.6200008392334,25.81999969482422,26.3799991607666,6383400
2016-12-13,24.90460205078125,26.65999984741211,26.920000076293945,25.920000076293945,26.309999465942383,7137300
2016-12-14,25.175508499145508,26.950000762939453,27.3799991607666,26.510000228881836,26.690000534057617,11007700
2016-12-15,24.07320213317871,25.770000457763672,26.739999771118164,25.579999923706055,26.739999771118164,9761400
2016-12-16,23.923738479614258,25.610000610351562,26.15999984741211,25.56999969482422,25.729999542236328,7792500
2016-12-19,23.708881378173828,25.3799991607666,25.639999389648438,25.25,25.600000381469727,4873600
2016-12-20,23.839664459228516,25.520000457763672,25.719999313354492,25.309999465942383,25.719999313354492,4972700
2016-12-21,24.175960540771484,25.8799991607666,25.959999084472656,25.420000076293945,25.420000076293945,3935800
2016-12-22,23.93307876586914,25.6200008392334,25.899999618530273,25.489999771118164,25.860000610351562,4442000
2016-12-23,23.8116397857666,25.489999771118164,25.850000381469727,25.34000015258789,25.510000228881836,5591400
2016-12-27,24.22266960144043,25.93000030517578,26.209999084472656,25.454999923706055,25.520000457763672,5188200
2016-12-28,24.04517936706543,25.739999771118164,26.19499969482422,25.610000610351562,26.09000015258789,2880600
2016-12-29,23.951763153076172,25.639999389648438,25.91200065612793,25.559999465942383,25.760000228881836,3394800
2016-12-30,23.76493263244629,25.440000534057617,25.84000015258789,25.28499984741211,25.68000030517578,3531500
2017-01-03,24.119911193847656,25.81999969482422,26.110000610351562,25.639999389648438,25.950000762939453,8275300
2017-01-04,24.14793586730957,25.850000381469727,26.084999084472656,25.584999084472656,26.049999237060547,7862800
2017-01-05,24.56830596923828,26.299999237060547,26.799999237060547,26.049999237060547,26.149999618530273,10205600
2017-01-06,24.540283203125,26.270000457763672,26.40999984741211,25.920000076293945,26.299999237060547,6234300
2017-01-09,24.53093910217285,26.260000228881836,26.950000762939453,26.139999389648438,26.639999389648438,8071500
2017-01-10,25.12879753112793,26.899999618530273,27.100000381469727,26.25,26.299999237060547,20417400
2017-01-11,25.007360458374023,26.770000457763672,27.18000030517578,26.44499969482422,26.760000228881836,5498100
2017-01-12,24.857894897460938,26.610000610351562,26.829999923706055,26.479999542236328,26.829999923706055,4867700
2017-01-13,25.072750091552734,26.84000015258789,26.899999618530273,26.520000457763672,26.770000457763672,5929700
2017-01-17,25.418386459350586,27.209999084472656,27.649999618530273,26.709999084472656,26.81999969482422,7717500
2017-01-18,25.371681213378906,27.15999984741211,27.5,26.860000610351562,27.34000015258789,5974400
2017-01-19,25.92283058166504,27.75,27.84000015258789,27.1299991607666,27.299999237060547,10279700
2017-01-20,25.782711029052734,27.600000381469727,28.139999389648438,27.540000915527344,27.959999084472656,7142000
2017-01-23,26.324520111083984,28.18000030517578,28.270000457763672,27.459999084472656,27.5,9972400
2017-01-24,26.660816192626953,28.540000915527344,28.90999984741211,28.219999313354492,28.5,13843200
2017-01-25,26.707523345947266,28.59000015258789,28.84000015258789,28.354000091552734,28.770000457763672,7459500
2017-01-26,26.45530128479004,28.31999969482422,28.799999237060547,28.18000030517578,28.799999237060547,6052100
2017-01-27,26.49266815185547,28.360000610351562,28.5,28.1200008392334,28.350000381469727,3107000
2017-01-30,26.67949676513672,28.559999465942383,28.639999389648438,28.059999465942383,28.170000076293945,3595000
2017-01-31,26.5300350189209,28.399999618530273,28.459999084472656,28.010000228881836,28.31999969482422,4381700
2017-02-01,26.27781105041504,28.1299991607666,28.59000015258789,28.020000457763672,28.59000015258789,4109200
2017-02-02,26.31517791748047,28.170000076293945,28.209999084472656,27.8799991607666,28.0,4403300
2017-02-03,26.45530128479004,28.31999969482422,28.399999618530273,28.079999923706055,28.280000686645508,3671500
2017-02-06,26.660816192626953,28.540000915527344,28.799999237060547,28.350000381469727,28.639999389648438,3919200
2017-02-07,26.91303825378418,28.809999465942383,28.940000534057617,28.459999084472656,28.65999984741211,4834600
2017-02-08,27.071842193603516,28.979999542236328,29.059999465942383,28.6299991607666,28.809999465942383,3769400
2017-02-09,27.099868774414062,29.010000228881836,29.200000762939453,28.760000228881836,28.959999084472656,6234700
2017-02-10,27.445505142211914,29.3799991607666,29.524999618530273,29.010000228881836,29.209999084472656,4491400
2017-02-13,27.5762882232666,29.520000457763672,29.649999618530273,29.104999542236328,29.520000457763672,6084500
2017-02-14,27.49221420288086,29.43000030517578,29.739999771118164,29.280000686645508,29.479999542236328,3330800
2017-02-15,28.15546417236328,30.139999389648438,30.25,29.399999618530273,29.5,8001200
2017-02-16,28.239538192749023,30.229999542236328,30.56999969482422,30.030000686645508,30.31999969482422,7706200
2017-02-17,27.88456153869629,29.850000381469727,30.270000457763672,29.510000228881836,29.56999969482422,7079600
2017-02-21,28.239538192749023,30.229999542236328,30.28499984741211,29.809999465942383,30.0,5131400
2017-02-22,28.463735580444336,30.469999313354492,30.670000076293945,30.100000381469727,30.270000457763672,6599800
2017-02-23,28.594518661499023,30.610000610351562,30.8799991607666,30.229999542236328,30.75,9920800
2017-02-24,28.276905059814453,30.270000457763672,30.520000457763672,30.030000686645508,30.5,4641300
2017-02-27,28.772008895874023,30.799999237060547,30.90999984741211,30.25,30.299999237060547,5946300
2017-02-28,28.557151794433594,30.56999969482422,31.15999984741211,30.360000610351562,30.969999313354492,8639500
2017-03-01,28.65056800842285,30.670000076293945,30.989999771118164,30.559999465942383,30.829999923706055,7942600
2017-03-02,28.893449783325195,30.93000030517578,32.470001220703125,30.479999542236328,31.739999771118164,22176000
2017-03-03,28.893449783325195,30.93000030517578,31.579999923706055,30.8700008392334,31.31999969482422,9199300
2017-03-06,28.40768814086914,30.40999984741211,30.979999542236328,30.239999771118164,30.969999313354492,8109800
2017-03-07,28.72530174255371,30.75,30.940000534057617,29.959999084472656,30.200000762939453,7488300
2017-03-08,29.27645492553711,31.34000015258789,31.639999389648438,30.600000381469727,30.610000610351562,8226600
2017-03-09,29.14566993713379,31.200000762939453,31.510000228881836,30.959999084472656,31.149999618530273,5546200
2017-03-10,29.0148868560791,31.059999465942383,31.549999237060547,30.94499969482422,31.350000381469727,6038500
2017-03-13,29.60340690612793,31.690000534057617,31.81999969482422,31.149999618530273,31.270000457763672,6473500
2017-03-14,29.304479598999023,31.3700008392334,31.59000015258789,31.110000610351562,31.459999084472656,4364700
2017-03-15,29.313817977905273,31.3799991607666,31.530000686645508,31.079999923706055,31.350000381469727,4368800
2017-03-16,29.463285446166992,31.540000915527344,32.209999084472656,31.440000534057617,31.8700008392334,6367500
2017-03-17,29.481966018676758,31.559999465942383,31.770000457763672,31.34000015258789,31.770000457763672,6464100
2017-03-20,29.631431579589844,31.719999313354492,31.8700008392334,31.540000915527344,31.56999969482422,4270800
2017-03-21,28.323612213134766,30.31999969482422,31.93000030517578,30.139999389648438,31.8799991607666,9364400
2017-03-22,28.56649398803711,30.579999923706055,30.610000610351562,29.8799991607666,30.18000030517578,6790000
2017-03-23,29.229745864868164,31.290000915527344,31.350000381469727,30.610000610351562,30.850000381469727,8940500
2017-03-24,29.20172119140625,31.260000228881836,31.84000015258789,31.100000381469727,31.420000076293945,5826800
2017-03-27,29.313817977905273,31.3799991607666,31.549999237060547,30.760000228881836,31.0,4055400
2017-03-28,29.3885498046875,31.459999084472656,32.0,31.209999084472656,31.329999923706055,5862300
2017-03-29,29.50065040588379,31.579999923706055,31.670000076293945,31.424999237060547,31.5,3152800
2017-03-30,29.481966018676758,31.559999465942383,31.889999389648438,31.469999313354492,31.5,4907700
2017-03-31,29.061595916748047,31.110000610351562,31.559999465942383,31.084999084472656,31.399999618530273,5975200
2017-04-03,29.818262100219727,31.920000076293945,32.099998474121094,31.270000457763672,31.43000030517578,7934900
2017-04-04,29.369869232177734,31.440000534057617,31.889999389648438,31.229999542236328,31.799999237060547,4927500
2017-04-05,29.453943252563477,31.530000686645508,32.060001373291016,31.440000534057617,31.579999923706055,5368400
2017-04-06,30.10784912109375,32.22999954223633,32.2599983215332,31.489999771118164,31.690000534057617,5840700
2017-04-07,29.902334213256836,32.0099983215332,32.25,31.56999969482422,32.20000076293945,5651000
2017-04-10,30.518877029418945,32.66999816894531,32.91999816894531,32.150001525878906,32.15999984741211,8303800
2017-04-11,30.173242568969727,32.29999923706055,33.28099822998047,32.220001220703125,32.70000076293945,8054200
2017-04-12,30.556245803833008,32.709999084472656,32.880001068115234,32.310001373291016,32.310001373291016,6818000
2017-04-13,30.33205223083496,32.470001220703125,32.869998931884766,32.45000076293945,32.7400016784668,3029600
2017-04-17,30.565587997436523,32.720001220703125,33.09000015258789,32.58000183105469,32.66999816894531,4383300
2017-04-18,30.67768669128418,32.84000015258789,33.005001068115234,32.54999923706055,32.66999816894531,4273500
2017-04-19,31.163450241088867,33.36000061035156,34.0,33.099998474121094,33.15999984741211,10268600
2017-04-20,31.73328399658203,33.970001220703125,34.13999938964844,33.45000076293945,34.040000915527344,7963500
2017-04-21,32.088260650634766,34.349998474121094,34.724998474121094,34.0,34.13999938964844,11713500
2017-04-24,32.29377746582031,34.56999969482422,34.939998626708984,34.36000061035156,34.779998779296875,9606800
2017-04-25,32.65809631347656,34.959999084472656,35.06999969482422,34.880001068115234,35.0,6889900
2017-04-26,32.63941192626953,34.939998626708984,35.07500076293945,34.79999923706055,35.060001373291016,6069900
2017-04-27,32.975711822509766,35.29999923706055,35.31999969482422,34.970001220703125,35.04999923706055,4983000
2017-04-28,32.76085662841797,35.06999969482422,35.5,34.72999954223633,35.5,4760000
2017-05-01,33.0130729675293,35.34000015258789,35.45000076293945,35.02000045776367,35.13999938964844,5712700
2017-05-02,33.11583709716797,35.45000076293945,35.564998626708984,34.869998931884766,35.349998474121094,5194800
2017-05-03,32.83558654785156,35.150001525878906,35.529998779296875,34.5099983215332,35.529998779296875,7920900
2017-05-04,33.06912612915039,35.400001525878906,35.494998931884766,34.95800018310547,35.2599983215332,10001600
2017-05-05,33.424102783203125,35.779998779296875,35.900001525878906,35.15999984741211,35.5,9033900
2017-05-08,36.01171875,38.54999923706055,39.09000015258789,37.689998626708984,37.880001068115234,31389600
2017-05-09,35.99303436279297,38.529998779296875,38.9900016784668,38.279998779296875,38.84000015258789,16211100
2017-05-10,36.73101806640625,39.31999969482422,39.36000061035156,38.41999816894531,38.54999923706055,16745100
2017-05-11,37.14204406738281,39.7599983215332,40.0,38.75,39.150001525878906,13039700
2017-05-12,37.889373779296875,40.560001373291016,40.720001220703125,39.77000045776367,39.81999969482422,13923100
2017-05-15,37.58110046386719,40.22999954223633,41.012001037597656,39.90999984741211,40.9900016784668,12498600
2017-05-16,38.085540771484375,40.77000045776367,41.0,40.22999954223633,40.279998779296875,14975900
2017-05-17,37.40361022949219,40.040000915527344,40.959999084472656,39.959999084472656,40.20000076293945,10284600
2017-05-18,37.51571273803711,40.15999984741211,40.39500045776367,38.59000015258789,39.025001525878906,12521400
2017-05-19,38.35645294189453,41.060001373291016,41.720001220703125,40.41999816894531,40.470001220703125,12501200
2017-05-22,38.91694259643555,41.65999984741211,41.970001220703125,41.20000076293945,41.61000061035156,11472000
2017-05-23,38.03883743286133,40.720001220703125,41.970001220703125,40.31999969482422,41.959999084472656,11557400
2017-05-24,37.77727127075195,40.439998626708984,40.90999984741211,39.77000045776367,40.86000061035156,10509900
2017-05-25,38.31908416748047,41.02000045776367,41.349998474121094,40.71500015258789,41.0,9737600
2017-05-26,38.29106140136719,40.9900016784668,41.099998474121094,40.6150016784668,40.93000030517578,6780300
2017-05-30,38.10422897338867,40.790000915527344,41.099998474121094,40.369998931884766,41.099998474121094,7109900
2017-05-31,37.394264221191406,40.029998779296875,40.790000915527344,39.689998626708984,40.720001220703125,14503600
2017-06-01,37.637149810791016,40.290000915527344,40.470001220703125,39.97999954223633,40.20000076293945,10061400
2017-06-02,37.58110046386719,40.22999954223633,40.369998931884766,39.86000061035156,40.31999969482422,8721100
2017-06-05,37.6651725769043,40.31999969482422,40.529998779296875,40.06999969482422,40.31999969482422,5543300
2017-06-06,37.534393310546875,40.18000030517578,40.54999923706055,40.06999969482422,40.20000076293945,6317800
2017-06-07,38.46854782104492,41.18000030517578,41.43000030517578,40.150001525878906,40.29999923706055,7187400
2017-06-08,39.15982437133789,41.91999816894531,43.79999923706055,41.220001220703125,43.40999984741211,23897000
2017-06-09,36.43208694458008,39.0,42.5099983215332,38.459999084472656,42.4900016784668,23285100
2017-06-12,36.637603759765625,39.220001220703125,39.619998931884766,37.97999954223633,39.0,18130800
2017-06-13,36.68431091308594,39.27000045776367,40.13999938964844,38.9370002746582,39.83000183105469,11098800
2017-06-14,35.87159729003906,38.400001525878906,39.57500076293945,38.20000076293945,39.56999969482422,14856300
2017-06-15,35.61002731323242,38.119998931884766,38.13999938964844,36.77000045776367,38.029998779296875,17218400
2017-06-16,35.65673828125,38.16999816894531,38.584999084472656,37.72999954223633,37.91999816894531,10328800
2017-06-19,37.12336349487305,39.7400016784668,40.31999969482422,39.349998474121094,39.45500183105469,17094100
2017-06-20,36.33867263793945,38.900001525878906,39.84000015258789,38.75,39.599998474121094,8672800
2017-06-21,38.38447570800781,41.09000015258789,41.27000045776367,38.97999954223633,39.189998626708984,16040900
2017-06-22,38.60867691040039,41.33000183105469,41.45000076293945,40.599998474121094,40.619998931884766,11009100
2017-06-23,40.12200927734375,42.95000076293945,43.060001373291016,41.0,41.29999923706055,15892100
2017-06-26,40.243446350097656,43.08000183105469,44.18000030517578,42.04999923706055,43.310001373291016,17101000
2017-06-27,38.01081466674805,40.689998626708984,42.95000076293945,40.529998779296875,42.790000915527344,16074200
2017-06-28,38.56196212768555,41.279998779296875,41.52000045776367,39.630001068115234,41.4900016784668,13714700
2017-06-29,36.89916229248047,39.5,41.189998626708984,39.220001220703125,41.150001525878906,14952400
2017-06-30,36.637603759765625,39.220001220703125,39.95000076293945,38.7400016784668,39.8650016784668,13271200
2017-07-03,36.30130386352539,38.86000061035156,39.83000183105469,38.75,39.83000183105469,5713400
2017-07-05,37.14204406738281,39.7599983215332,39.91999816894531,38.5099983215332,38.95000076293945,11584600
2017-07-06,36.53484344482422,39.11000061035156,39.4900016784668,38.709999084472656,39.209999084472656,8527400
2017-07-07,36.637603759765625,39.220001220703125,39.65999984741211,39.099998474121094,39.099998474121094,6603200
2017-07-10,37.75858688354492,40.41999816894531,40.6349983215332,39.209999084472656,39.25,9663700
2017-07-11,38.12290954589844,40.810001373291016,41.334999084472656,40.31999969482422,40.59000015258789,8056300
2017-07-12,38.711429595947266,41.439998626708984,41.97999954223633,41.20000076293945,41.27000045776367,8126200
2017-07-13,38.702091217041016,41.43000030517578,41.90999984741211,41.0099983215332,41.5,5157800
2017-07-14,39.243896484375,42.0099983215332,42.1349983215332,41.17499923706055,41.380001068115234,7283500
2017-07-17,38.888919830322266,41.630001068115234,42.13999938964844,40.970001220703125,42.04999923706055,7573500
2017-07-18,40.15937423706055,42.9900016784668,43.099998474121094,41.34000015258789,41.599998474121094,10107600
2017-07-19,40.374229431152344,43.220001220703125,44.09000015258789,42.770999908447266,43.400001525878906,12296700
2017-07-20,40.09397506713867,42.91999816894531,43.4900016784668,42.51499938964844,43.2599983215332,5826300
2017-07-21,40.243446350097656,43.08000183105469,43.23500061035156,42.400001525878906,43.0,4154800
2017-07-24,40.673160552978516,43.540000915527344,43.68000030517578,43.04999923706055,43.150001525878906,5842300
2017-07-25,41.5325813293457,44.459999084472656,44.72999954223633,43.27000045776367,43.75,8479100
2017-07-26,42.84973907470703,45.869998931884766,46.849998474121094,44.619998931884766,44.7599983215332,15727700
2017-07-27,42.186492919921875,45.15999984741211,46.849998474121094,43.880001068115234,46.5,16176900
2017-07-28,42.2425422668457,45.220001220703125,45.96099853515625,44.20000076293945,44.70000076293945,8919300
2017-07-31,42.19582748413086,45.16999816894531,45.98400115966797,44.439998626708984,45.27000045776367,11473100
2017-08-01,42.550811767578125,45.54999923706055,45.90999984741211,45.25,45.81999969482422,6188500
2017-08-02,42.270565032958984,45.25,45.75,44.15999984741211,45.54999923706055,7937700
2017-08-03,42.31727600097656,45.29999923706055,45.72999954223633,44.65999984741211,45.4900016784668,8277600
2017-08-04,43.344844818115234,46.400001525878906,46.415000915527344,45.34000015258789,45.599998474121094,5775800
2017-08-07,44.428470611572266,47.560001373291016,47.95000076293945,46.27000045776367,46.63999938964844,10439200
2017-08-08,44.97962188720703,48.150001525878906,48.9900016784668,47.630001068115234,47.91999816894531,16061900
2017-08-09,44.69002914428711,47.84000015258789,47.880001068115234,46.88999938964844,47.63999938964844,10069800
2017-08-10,43.05525588989258,46.09000015258789,47.849998474121094,45.7599983215332,47.5,12381900
2017-08-11,42.87776565551758,45.900001525878906,46.2130012512207,44.90999984741211,45.5,16163500
2017-08-14,41.33640670776367,44.25,45.45000076293945,43.060001373291016,45.0,36778800
2017-08-15,41.14957809448242,44.04999923706055,44.97999954223633,43.2599983215332,44.939998626708984,18834700
2017-08-16,40.77591323852539,43.650001525878906,44.95000076293945,43.459999084472656,44.470001220703125,14150300
2017-08-17,38.11357116699219,40.79999923706055,43.150001525878906,40.75,43.040000915527344,30669000
2017-08-18,37.4876823425293,40.130001068115234,41.16999816894531,39.93000030517578,41.060001373291016,19114600
2017-08-21,38.543277740478516,41.2599983215332,41.470001220703125,40.209999084472656,40.400001525878906,17220900
2017-08-22,39.37468338012695,42.150001525878906,42.21500015258789,41.150001525878906,41.869998931884766,15564100
2017-08-23,39.64558410644531,42.439998626708984,43.060001373291016,41.849998474121094,42.130001068115234,14382400
2017-08-24,39.299949645996094,42.06999969482422,42.959999084472656,41.45000076293945,42.810001373291016,13507700
2017-08-25,38.178958892822266,40.869998931884766,42.13999938964844,40.36000061035156,42.040000915527344,15744900
2017-08-28,37.693199157714844,40.349998474121094,41.12200164794922,39.43000030517578,41.0,14718900
2017-08-29,38.150936126708984,40.84000015258789,41.06999969482422,39.33000183105469,39.400001525878906,9388100
2017-08-30,39.178504943847656,41.939998626708984,42.04999923706055,40.89500045776367,40.900001525878906,9590300
2017-08-31,39.150482177734375,41.90999984741211,42.5099983215332,41.39699935913086,42.380001068115234,9956700
2017-09-01,39.225215911865234,41.9900016784668,42.4900016784668,41.68000030517578,41.93000030517578,6093400
2017-09-05,38.6740608215332,41.400001525878906,41.880001068115234,40.970001220703125,41.525001525878906,9546100
2017-09-06,38.89826202392578,41.63999938964844,42.18000030517578,41.1349983215332,41.70000076293945,7886000
2017-09-07,39.07575225830078,41.83000183105469,42.132999420166016,41.56999969482422,41.72999954223633,5668100
2017-09-08,38.44052505493164,41.150001525878906,41.95600128173828,41.06999969482422,41.7599983215332,7008300
2017-09-11,39.27192306518555,42.040000915527344,42.5,41.709999084472656,41.709999084472656,10256600
2017-09-12,40.43961715698242,43.290000915527344,43.5,41.810001373291016,42.36000061035156,14168300
2017-09-13,42.28924560546875,45.27000045776367,45.279998779296875,43.36000061035156,43.45000076293945,20095000
2017-09-14,42.270565032958984,45.25,45.93000030517578,44.52000045776367,44.84000015258789,12954300
2017-09-15,41.95294952392578,44.90999984741211,45.599998474121094,44.70000076293945,45.584999084472656,16910700
2017-09-18,41.79414367675781,44.7400016784668,45.83000183105469,44.709999084472656,45.45000076293945,11368500
2017-09-19,41.4111442565918,44.33000183105469,45.040000915527344,43.83000183105469,45.0,9301600
2017-09-20,41.51389694213867,44.439998626708984,44.54999923706055,43.71500015258789,44.38999938964844,8014200
2017-09-21,40.150028228759766,42.97999954223633,43.959999084472656,42.40999984741211,43.900001525878906,14574100
2017-09-22,39.580196380615234,42.369998931884766,42.68000030517578,42.15999984741211,42.47999954223633,11622100
2017-09-25,38.235008239746094,40.93000030517578,42.09000015258789,40.470001220703125,42.040000915527344,17094900
2017-09-26,37.6651725769043,40.31999969482422,41.779998779296875,40.11000061035156,41.560001373291016,15067500
2017-09-27,37.095340728759766,39.709999084472656,40.84000015258789,39.33000183105469,40.709999084472656,20020400
2017-09-28,36.10513687133789,38.650001525878906,39.5,38.209999084472656,39.47999954223633,24883300
2017-09-29,35.68476486206055,38.20000076293945,38.83000183105469,37.81999969482422,38.375,23315400
2017-10-02,36.5255012512207,39.099998474121094,39.939998626708984,38.29999923706055,38.400001525878906,18686100
2017-10-03,36.628257751464844,39.209999084472656,40.22999954223633,39.099998474121094,39.93000030517578,15964200
2017-10-04,35.815547943115234,38.34000015258789,39.209999084472656,37.61000061035156,39.209999084472656,21458600
2017-10-05,36.562870025634766,39.13999938964844,39.26599884033203,38.209999084472656,38.619998931884766,11729200
2017-10-06,36.656288146972656,39.2400016784668,39.71900177001953,38.93299865722656,38.97999954223633,9685900
2017-10-09,36.34801483154297,38.90999984741211,39.470001220703125,38.689998626708984,39.400001525878906,9505400
2017-10-10,37.52505111694336,40.16999816894531,40.290000915527344,39.099998474121094,39.290000915527344,16530300
2017-10-11,37.01126480102539,39.619998931884766,40.41999816894531,39.52000045776367,40.369998931884766,14071800
2017-10-12,35.97434997558594,38.5099983215332,39.619998931884766,38.439998626708984,39.599998474121094,14544900
2017-10-13,36.17052459716797,38.720001220703125,38.970001220703125,38.439998626708984,38.709999084472656,13047400
2017-10-16,37.0579719543457,39.66999816894531,40.150001525878906,38.959999084472656,40.13999938964844,19939400
2017-10-17,36.983238220214844,39.59000015258789,40.150001525878906,39.369998931884766,39.95000076293945,12073600
2017-10-18,37.6651725769043,40.31999969482422,40.77000045776367,39.56999969482422,40.0,19064600
2017-10-19,36.787071228027344,39.380001068115234,40.18000030517578,39.209999084472656,39.79999923706055,16381200
2017-10-20,36.43208694458008,39.0,39.75,38.689998626708984,39.70000076293945,20233500
2017-10-23,35.899620056152344,38.43000030517578,39.20000076293945,38.33000183105469,39.150001525878906,13575900
2017-10-24,35.98369598388672,38.52000045776367,38.814998626708984,38.459999084472656,38.65999984741211,11847100
2017-10-25,34.93743896484375,37.400001525878906,38.970001220703125,37.130001068115234,38.54999923706055,22016400
2017-10-26,34.386287689208984,36.810001373291016,37.68000030517578,36.709999084472656,37.560001373291016,19145500
2017-10-27,34.90007400512695,37.36000061035156,37.470001220703125,35.790000915527344,37.0099983215332,23630700
2017-10-30,34.956119537353516,37.41999816894531,37.869998931884766,36.939998626708984,37.810001373291016,15653100
2017-10-31,35.04954147338867,37.52000045776367,38.029998779296875,37.275001525878906,37.84000015258789,13581700
2017-11-01,35.367149353027344,37.86000061035156,38.310001373291016,37.720001220703125,38.0,15800100
2017-11-02,35.385833740234375,37.880001068115234,38.66999816894531,37.665000915527344,38.2400016784668,17726800
2017-11-03,35.89027786254883,38.41999816894531,38.61000061035156,38.209999084472656,38.400001525878906,15409200
2017-11-06,36.441429138183594,39.0099983215332,39.18000030517578,38.599998474121094,39.0099983215332,14493500
2017-11-07,37.170074462890625,39.790000915527344,39.900001525878906,39.09000015258789,39.689998626708984,14580100
2017-11-08,37.67451858520508,40.33000183105469,40.83000183105469,39.849998474121094,39.90999984741211,17107200
2017-11-09,37.179412841796875,39.79999923706055,40.220001220703125,38.88999938964844,40.189998626708984,16914800
2017-11-10,37.328880310058594,39.959999084472656,40.400001525878906,39.16999816894531,39.83000183105469,16868900
2017-11-13,38.61801528930664,41.34000015258789,42.77000045776367,40.849998474121094,41.970001220703125,43667300
2017-11-14,36.33867263793945,38.900001525878906,41.04999923706055,38.25,41.0,38892800
2017-11-15,36.75904083251953,39.349998474121094,39.380001068115234,37.790000915527344,38.5,19456400
2017-11-16,37.57176208496094,40.220001220703125,40.58000183105469,39.34000015258789,39.63999938964844,18078600
2017-11-17,37.59978485107422,40.25,40.72999954223633,39.95000076293945,40.34000015258789,16665600
2017-11-20,36.618919372558594,39.20000076293945,40.45000076293945,38.900001525878906,40.36000061035156,20091100
2017-11-21,37.254146575927734,39.880001068115234,40.369998931884766,39.494998931884766,39.494998931884766,13821400
2017-11-22,37.170074462890625,39.790000915527344,40.459999084472656,39.45000076293945,40.20000076293945,9320000
2017-11-24,36.628257751464844,39.209999084472656,39.72999954223633,39.04999923706055,39.720001220703125,7256300
2017-11-27,36.114471435546875,38.65999984741211,39.130001068115234,38.52000045776367,39.0,9577500
2017-11-28,36.030399322509766,38.56999969482422,38.959999084472656,38.29999923706055,38.7599983215332,8241800
2017-11-29,35.33912658691406,37.83000183105469,38.61000061035156,37.099998474121094,38.400001525878906,18255700
2017-11-30,34.98414611816406,37.45000076293945,38.0,37.119998931884766,37.869998931884766,16357700
2017-12-01,34.816001892089844,37.27000045776367,37.68000030517578,36.540000915527344,37.02000045776367,13552500
2017-12-04,34.33023452758789,36.75,38.25,36.65999984741211,37.77000045776367,15756800
2017-12-05,34.84402084350586,37.29999923706055,37.630001068115234,35.810001373291016,36.040000915527344,16057300
2017-12-06,35.32978439331055,37.81999969482422,37.849998474121094,36.54999923706055,36.709999084472656,14647400
2017-12-07,35.6193733215332,38.130001068115234,38.33000183105469,37.72999954223633,37.83000183105469,16026000
2017-12-08,35.50727462768555,38.0099983215332,38.779998779296875,37.91999816894531,38.40999984741211,9479300
2017-12-11,35.927642822265625,38.459999084472656,38.54999923706055,37.61000061035156,38.04999923706055,9114500
2017-12-12,36.021060943603516,38.560001373291016,38.814998626708984,38.029998779296875,38.2400016784668,9126400
2017-12-13,38.11357116699219,40.79999923706055,40.90999984741211,38.900001525878906,39.02000045776367,28073700
2017-12-14,37.95476531982422,40.630001068115234,40.9900016784668,39.880001068115234,40.400001525878906,22350200
2017-12-15,37.6651725769043,40.31999969482422,40.59000015258789,39.900001525878906,40.459999084472656,24030500
2017-12-18,38.935630798339844,41.68000030517578,42.09000015258789,41.36000061035156,42.0,20053300
2017-12-19,40.140689849853516,42.970001220703125,43.47999954223633,41.61000061035156,41.61000061035156,31675300
2017-12-20,39.3840217590332,42.15999984741211,43.09000015258789,41.439998626708984,42.709999084472656,21883600
2017-12-21,39.48678207397461,42.27000045776367,42.70000076293945,41.970001220703125,42.20000076293945,7217700
2017-12-22,39.412044525146484,42.189998626708984,42.86000061035156,41.900001525878906,42.310001373291016,7162100
2017-12-26,39.36533737182617,42.13999938964844,42.41999816894531,41.64500045776367,41.959999084472656,6323900
2017-12-27,39.505462646484375,42.290000915527344,42.630001068115234,41.709999084472656,42.18000030517578,7002200
2017-12-28,38.888919830322266,41.630001068115234,42.470001220703125,41.599998474121094,42.310001373291016,6835600
2017-12-29,38.692745208740234,41.41999816894531,41.861000061035156,41.30699920654297,41.66999816894531,4815900
2018-01-02,40.430274963378906,43.279998779296875,43.5,41.900001525878906,42.13999938964844,18131200
2018-01-03,40.6451301574707,43.5099983215332,43.900001525878906,43.111000061035156,43.720001220703125,12451000
2018-01-04,40.79459762573242,43.66999816894531,44.08000183105469,43.130001068115234,43.959999084472656,9994200
2018-01-05,42.634883880615234,45.63999938964844,45.83000183105469,43.88999938964844,44.0,18182600
2018-01-08,43.06459426879883,46.099998474121094,46.5,45.560001373291016,45.67499923706055,14483400
2018-01-09,43.09262466430664,46.130001068115234,46.79999923706055,45.790000915527344,46.4900016784668,12380900
2018-01-10,43.39155197143555,46.45000076293945,46.5,45.16999816894531,45.439998626708984,11890800
2018-01-11,43.541015625,46.61000061035156,46.72999954223633,45.81999969482422,46.5,9719200
2018-01-12,43.344844818115234,46.400001525878906,47.22999954223633,46.28499984741211,46.68000030517578,9367200
2018-01-16,43.4008903503418,46.459999084472656,47.400001525878906,45.91999816894531,47.31999969482422,13359700
2018-01-17,43.541015625,46.61000061035156,46.93000030517578,46.02000045776367,46.900001525878906,6980700
2018-01-18,42.87776565551758,45.900001525878906,46.79999923706055,45.599998474121094,46.689998626708984,10400900
2018-01-19,42.989864349365234,46.02000045776367,46.400001525878906,45.56999969482422,46.150001525878906,6650600
2018-01-22,42.2799072265625,45.2599983215332,45.599998474121094,43.34000015258789,45.5099983215332,18430400
2018-01-23,42.20517349243164,45.18000030517578,45.70000076293945,44.34000015258789,45.400001525878906,13589700
2018-01-24,43.66245651245117,46.7400016784668,47.939998626708984,45.41999816894531,45.43000030517578,20874600
2018-01-25,44.260318756103516,47.380001068115234,47.7400016784668,46.349998474121094,46.7400016784668,14501100
2018-01-26,47.17488479614258,50.5,50.54999923706055,48.10599899291992,48.22999954223633,25705400
2018-01-29,46.651756286621094,49.939998626708984,50.68000030517578,49.709999084472656,50.599998474121094,15783500
2018-01-30,46.01652908325195,49.2599983215332,49.43000030517578,48.220001220703125,48.75,13418000
2018-01-31,45.988502502441406,49.22999954223633,50.16999816894531,49.03499984741211,49.7400016784668,18376300
2018-02-01,44.41912078857422,47.54999923706055,49.25,45.5,46.88999938964844,19814400
2018-02-02,42.99920654296875,46.029998779296875,48.02000045776367,45.91999816894531,47.9900016784668,15944200
2018-02-05,41.663360595703125,44.599998474121094,47.63999938964844,44.11000061035156,45.029998779296875,19415700
2018-02-06,42.08373260498047,45.04999923706055,45.29999923706055,42.599998474121094,43.060001373291016,20648900
2018-02-07,41.467185974121094,44.38999938964844,45.33000183105469,44.220001220703125,44.970001220703125,14960200
2018-02-08,39.46809768676758,42.25,44.84000015258789,42.16999816894531,44.84000015258789,16458400
2018-02-09,40.10332107543945,42.93000030517578,43.40999984741211,40.93000030517578,42.619998931884766,18336700
2018-02-12,40.841304779052734,43.720001220703125,44.095001220703125,43.040000915527344,43.68000030517578,11475800
2018-02-13,41.61665344238281,44.54999923706055,44.7400016784668,43.56999969482422,43.77000045776367,8432100
2018-02-14,43.774559020996094,46.86000061035156,47.25,44.720001220703125,44.84000015258789,16727000
2018-02-15,44.00809860229492,47.11000061035156,47.90999984741211,46.2599983215332,47.779998779296875,9799800
2018-02-16,43.363525390625,46.41999816894531,47.29999923706055,46.29999923706055,47.099998474121094,7340900
2018-02-20,43.83994674682617,46.93000030517578,47.91999816894531,46.29999923706055,46.34000015258789,10756800
2018-02-21,44.05480194091797,47.15999984741211,48.79999923706055,47.130001068115234,47.529998779296875,14555600
2018-02-22,44.66200256347656,47.810001373291016,48.0099983215332,47.15999984741211,47.93000030517578,9622200
2018-02-23,45.16644287109375,48.349998474121094,48.36000061035156,47.47999954223633,48.220001220703125,9730500
2018-02-26,45.586814880371094,48.79999923706055,49.0,48.189998626708984,49.0,9126900
2018-02-27,43.94270324707031,47.040000915527344,48.720001220703125,46.9900016784668,48.56999969482422,12688600
2018-02-28,44.04546356201172,47.150001525878906,48.18000030517578,46.79999923706055,47.459999084472656,12227800
2018-03-01,43.167354583740234,46.209999084472656,47.650001525878906,45.04999923706055,47.099998474121094,15883200
2018-03-02,40.91603469848633,43.79999923706055,43.9900016784668,41.79999923706055,42.97999954223633,34897000
2018-03-05,40.15937423706055,42.9900016784668,43.650001525878906,41.88999938964844,43.369998931884766,22091000
2018-03-06,40.299495697021484,43.13999938964844,43.709999084472656,42.689998626708984,43.529998779296875,14014400
2018-03-07,41.48587417602539,44.40999984741211,44.540000915527344,42.61000061035156,42.79999923706055,11848600
2018-03-08,42.40134811401367,45.38999938964844,45.709999084472656,44.5,44.5099983215332,15116800
2018-03-09,42.70027542114258,45.709999084472656,46.130001068115234,45.290000915527344,45.709999084472656,10069700
2018-03-12,42.98051834106445,46.0099983215332,46.310001373291016,45.45000076293945,46.02000045776367,8896200
2018-03-13,41.40180206298828,44.31999969482422,46.0,43.900001525878906,46.0,15869300
2018-03-14,41.18693923950195,44.09000015258789,45.150001525878906,44.04999923706055,44.3849983215332,11801600
2018-03-15,41.98097610473633,44.939998626708984,45.47999954223633,44.380001068115234,45.08000183105469,14166500
2018-03-16,42.00899887084961,44.970001220703125,45.220001220703125,44.75,44.9900016784668,14659400
2018-03-19,41.24299240112305,44.150001525878906,44.689998626708984,43.43000030517578,44.2599983215332,19223700
2018-03-20,41.102867126464844,44.0,44.36000061035156,43.75,44.2400016784668,11270600
2018-03-21,40.6451301574707,43.5099983215332,44.66999816894531,43.400001525878906,44.36000061035156,14568900
2018-03-22,39.710975646972656,42.5099983215332,43.060001373291016,41.599998474121094,42.939998626708984,18312600
2018-03-23,38.178958892822266,40.869998931884766,42.88999938964844,40.6609992980957,42.29999923706055,18935900
2018-03-26,39.09442901611328,41.849998474121094,42.400001525878906,41.0,41.970001220703125,13573800
2018-03-27,38.02949523925781,40.709999084472656,42.290000915527344,40.33000183105469,42.20000076293945,15262400
2018-03-28,37.37558364868164,40.0099983215332,40.400001525878906,39.119998931884766,40.34000015258789,21590700
2018-03-29,37.82398223876953,40.4900016784668,41.0,40.18000030517578,40.2400016784668,11619600
2018-04-02,36.5068244934082,39.08000183105469,40.52000045776367,38.68000030517578,40.09000015258789,14019000
2018-04-03,36.41340637207031,38.97999954223633,39.65999984741211,38.439998626708984,39.599998474121094,9496700
2018-04-04,36.843116760253906,39.439998626708984,39.630001068115234,37.75199890136719,37.79999923706055,11933700
2018-04-05,37.543731689453125,40.189998626708984,40.439998626708984,39.90999984741211,40.0,10002800
2018-04-06,36.646942138671875,39.22999954223633,40.040000915527344,38.90999984741211,39.54999923706055,12637000
2018-04-09,37.431636810302734,40.06999969482422,41.04999923706055,39.560001373291016,39.88999938964844,9335200
2018-04-10,38.02015686035156,40.70000076293945,41.29999923706055,40.18000030517578,41.27000045776367,7605100
2018-04-11,37.795955657958984,40.459999084472656,41.04999923706055,40.40999984741211,40.439998626708984,6299600
2018-04-12,37.92673873901367,40.599998474121094,40.994998931884766,40.41999816894531,40.630001068115234,5957300
2018-04-13,37.179412841796875,39.79999923706055,40.52000045776367,39.58000183105469,40.400001525878906,8288500
2018-04-16,37.30084991455078,39.93000030517578,40.06999969482422,39.4900016784668,39.88999938964844,5445300
2018-04-17,37.618465423583984,40.27000045776367,40.58000183105469,39.810001373291016,40.119998931884766,9740200
2018-04-18,37.534393310546875,40.18000030517578,40.5,39.5099983215332,40.5,9516600
2018-04-19,36.33867263793945,38.900001525878906,40.34000015258789,38.61000061035156,40.13999938964844,16780100
2018-04-20,34.97480392456055,37.439998626708984,37.4900016784668,36.5,37.34000015258789,25691700
2018-04-23,34.56377410888672,37.0,37.7599983215332,36.7400016784668,37.40999984741211,12407800
2018-04-24,33.508174896240234,35.869998931884766,37.54999923706055,35.459999084472656,37.369998931884766,19627300
2018-04-25,33.517520904541016,35.880001068115234,36.2400016784668,34.880001068115234,35.790000915527344,10914300
2018-04-26,34.09669876098633,36.5,36.900001525878906,36.1150016784668,36.130001068115234,9146300
2018-04-27,34.339576721191406,36.7599983215332,37.1879997253418,36.33000183105469,37.099998474121094,8360300
2018-04-30,34.10603713989258,36.5099983215332,37.09000015258789,36.150001525878906,37.08000183105469,8537900
2018-05-01,35.002830505371094,37.470001220703125,37.5,36.290000915527344,36.29999923706055,10001100
2018-05-02,34.638511657714844,37.08000183105469,37.494998931884766,36.939998626708984,37.27000045776367,8285200
2018-05-03,34.750606536865234,37.20000076293945,37.439998626708984,36.20000076293945,36.900001525878906,11486400
2018-05-04,35.189659118652344,37.66999816894531,37.849998474121094,36.400001525878906,36.54999923706055,14010700
2018-05-07,36.17052459716797,38.720001220703125,38.90999984741211,38.0,38.2400016784668,19097200
2018-05-08,34.507728576660156,36.939998626708984,38.290000915527344,36.54999923706055,38.18000030517578,26166400
2018-05-09,34.69455337524414,37.13999938964844,37.400001525878906,36.5099983215332,36.75,13651200
2018-05-10,34.423648834228516,36.849998474121094,37.25299835205078,36.70000076293945,37.13999938964844,9592100
2018-05-11,34.517066955566406,36.95000076293945,37.20000076293945,36.689998626708984,37.02000045776367,6867200
2018-05-14,34.72258377075195,37.16999816894531,37.7599983215332,37.06999969482422,37.25,8145800
2018-05-15,33.74171829223633,36.119998931884766,36.93000030517578,35.93000030517578,36.72999954223633,11197100
2018-05-16,34.03131103515625,36.43000030517578,36.755001068115234,36.15999984741211,36.400001525878906,9408400
2018-05-17,33.592254638671875,35.959999084472656,36.7400016784668,35.6870002746582,36.34000015258789,10110100
2018-05-18,33.35871887207031,35.709999084472656,36.02000045776367,35.54999923706055,36.0,9266900
2018-05-21,33.89118194580078,36.279998779296875,36.95000076293945,36.06999969482422,36.209999084472656,13780800
2018-05-22,33.96591567993164,36.36000061035156,36.869998931884766,36.27000045776367,36.27000045776367,9000100
2018-05-23,34.302215576171875,36.720001220703125,37.18000030517578,36.0099983215332,36.18000030517578,18619500
2018-05-24,34.283531188964844,36.70000076293945,37.13999938964844,36.47999954223633,36.900001525878906,13873000
2018-05-25,34.44233322143555,36.869998931884766,37.150001525878906,36.75,36.79999923706055,7838000
2018-05-29,34.124725341796875,36.529998779296875,37.0,36.099998474121094,36.70000076293945,9715400
2018-05-30,33.44279098510742,35.79999923706055,36.540000915527344,35.66999816894531,36.349998474121094,10801600
2018-05-31,32.86361312866211,35.18000030517578,36.02000045776367,34.7599983215332,35.93000030517578,20143500
2018-06-01,33.71369552612305,36.09000015258789,36.2599983215332,35.540000915527344,35.56999969482422,12420400
2018-06-04,35.64739990234375,38.15999984741211,38.18000030517578,36.38199996948242,36.4900016784668,20428800
2018-06-05,36.310646057128906,38.869998931884766,39.459999084472656,38.5099983215332,39.0,19386900
2018-06-06,37.739906311035156,40.400001525878906,40.68000030517578,39.20000076293945,39.25,21989200
2018-06-07,36.89916229248047,39.5,40.84000015258789,38.91999816894531,40.790000915527344,13793200
2018-06-08,37.29151153564453,39.91999816894531,40.40999984741211,38.959999084472656,38.9900016784668,12679800
2018-06-11,37.029945373535156,39.63999938964844,40.08000183105469,39.22999954223633,40.08000183105469,8980100
2018-06-12,38.73945617675781,41.470001220703125,41.470001220703125,39.70000076293945,39.86000061035156,16751900
2018-06-13,38.533939361572266,41.25,41.880001068115234,40.5620002746582,41.459999084472656,15571200
2018-06-14,40.869327545166016,43.75,43.959999084472656,41.11000061035156,41.119998931884766,28735700
2018-06-15,40.71986770629883,43.59000015258789,43.880001068115234,42.04999923706055,42.810001373291016,24615500
2018-06-18,40.87866973876953,43.7599983215332,45.22999954223633,43.119998931884766,45.029998779296875,45450800
2018-06-19,39.131797790527344,41.88999938964844,42.369998931884766,40.88999938964844,42.0,27377500
2018-06-20,38.935630798339844,41.68000030517578,42.720001220703125,41.36000061035156,42.65999984741211,16169900
2018-06-21,38.13225173950195,40.81999969482422,41.59000015258789,40.40999984741211,41.470001220703125,14422100
2018-06-22,38.13225173950195,40.81999969482422,41.189998626708984,40.369998931884766,41.13999938964844,9409900
2018-06-25,36.60023880004883,39.18000030517578,40.0,38.79999923706055,39.939998626708984,17566700
2018-06-26,36.87114334106445,39.470001220703125,39.7599983215332,39.04999923706055,39.560001373291016,10262200
2018-06-27,35.86225128173828,38.38999938964844,40.209999084472656,38.290000915527344,39.5,15704000
2018-06-28,36.36669921875,38.93000030517578,38.97999954223633,37.93000030517578,38.40999984741211,9852700
2018-06-29,36.385379791259766,38.95000076293945,39.869998931884766,38.75,39.150001525878906,10243900
2018-07-02,36.23591995239258,38.790000915527344,38.79999923706055,37.869998931884766,38.0099983215332,12932300
2018-07-03,35.85291290283203,38.380001068115234,39.209999084472656,38.349998474121094,39.18000030517578,5953300
2018-07-05,36.00238037109375,38.540000915527344,38.869998931884766,37.779998779296875,38.540000915527344,9390600
2018-07-06,36.86180114746094,39.459999084472656,39.529998779296875,38.15999984741211,38.279998779296875,11616800
2018-07-09,36.80575180053711,39.400001525878906,40.040000915527344,39.290000915527344,39.9900016784668,9902600
2018-07-10,36.0490837097168,38.59000015258789,39.959999084472656,38.41999816894531,39.4900016784668,10153700
2018-07-11,35.45122528076172,37.95000076293945,38.22999954223633,37.38999938964844,37.86000061035156,10935300
2018-07-12,35.98369598388672,38.52000045776367,38.77000045776367,38.0099983215332,38.27000045776367,9926600
2018-07-13,35.750152587890625,38.27000045776367,38.77000045776367,37.959999084472656,38.529998779296875,6937000
2018-07-16,35.53529739379883,38.040000915527344,38.310001373291016,37.790000915527344,38.29999923706055,6270900
2018-07-17,35.48859405517578,37.9900016784668,38.16999816894531,37.599998474121094,37.70000076293945,8431800
2018-07-18,35.058876037597656,37.529998779296875,38.09000015258789,37.04999923706055,37.959999084472656,15027500
2018-07-19,34.45167922973633,36.880001068115234,37.2400016784668,36.779998779296875,37.189998626708984,8132900
2018-07-20,33.17188262939453,35.5099983215332,36.900001525878906,35.2599983215332,36.849998474121094,30111000
2018-07-23,33.312007904052734,35.65999984741211,36.13999938964844,35.470001220703125,35.939998626708984,9977700
2018-07-24,32.98505401611328,35.310001373291016,36.70000076293945,35.21500015258789,36.27000045776367,13768100
2018-07-25,34.489044189453125,36.91999816894531,37.11000061035156,35.380001068115234,35.58000183105469,17787700
2018-07-26,34.227481842041016,36.63999938964844,37.400001525878906,36.220001220703125,36.220001220703125,10394200
2018-07-27,33.82579040527344,36.209999084472656,37.3650016784668,35.86000061035156,37.150001525878906,10426700
2018-07-30,32.84492874145508,35.15999984741211,36.290000915527344,34.86000061035156,36.18000030517578,13689200
2018-07-31,33.49884033203125,35.86000061035156,35.88999938964844,34.900001525878906,35.189998626708984,14307800
2018-08-01,33.89118194580078,36.279998779296875,36.88999938964844,35.560001373291016,35.58000183105469,13061300
2018-08-02,33.90052795410156,36.290000915527344,36.34000015258789,35.130001068115234,35.400001525878906,12221600
2018-08-03,33.78842544555664,36.16999816894531,36.7140007019043,35.810001373291016,36.47999954223633,6754000
2018-08-06,33.53620910644531,35.900001525878906,36.11000061035156,35.529998779296875,36.060001373291016,9665800
2018-08-07,34.09669876098633,36.5,36.70000076293945,35.922000885009766,36.290000915527344,9422900
2018-08-08,33.62962341308594,36.0,36.79999923706055,35.959999084472656,36.56999969482422,8673200
2018-08-09,33.6483039855957,36.02000045776367,36.62200164794922,35.959999084472656,36.27000045776367,8158400
2018-08-10,33.43344497680664,35.790000915527344,35.904998779296875,35.470001220703125,35.619998931884766,8677600
2018-08-13,32.76085662841797,35.06999969482422,35.65999984741211,34.540000915527344,35.58000183105469,15524300
2018-08-14,31.63986587524414,33.869998931884766,34.59000015258789,33.02000045776367,34.59000015258789,33338500
2018-08-15,30.229291915893555,32.36000061035156,32.560001373291016,31.479999542236328,32.130001068115234,46803300
2018-08-16,29.864971160888672,31.969999313354492,33.20000076293945,31.18000030517578,32.0,46628200
2018-08-17,30.0985107421875,32.220001220703125,32.44499969482422,31.06999969482422,31.829999923706055,20065900
2018-08-20,30.864517211914062,33.040000915527344,33.279998779296875,32.599998474121094,32.61000061035156,15729400
2018-08-21,30.64031982421875,32.79999923706055,33.599998474121094,32.459999084472656,33.40999984741211,12379400
2018-08-22,30.210609436035156,32.34000015258789,32.849998474121094,32.310001373291016,32.75,15485900
2018-08-23,29.32316017150879,31.389999389648438,33.04999923706055,31.1299991607666,32.7400016784668,23523300
2018-08-24,29.332500457763672,31.399999618530273,31.6560001373291,31.264999389648438,31.549999237060547,12823200
2018-08-27,30.518877029418945,32.66999816894531,32.80500030517578,31.770000457763672,31.979999542236328,16679800
2018-08-28,30.042461395263672,32.15999984741211,32.9900016784668,31.809999465942383,32.97999954223633,14949800
2018-08-29,29.846288681030273,31.950000762939453,32.38999938964844,31.905000686645508,32.029998779296875,9591500
2018-08-30,28.958839416503906,31.0,31.81999969482422,30.76099967956543,31.649999618530273,15360700
2018-08-31,29.239086151123047,31.299999237060547,31.459999084472656,30.520000457763672,30.65999984741211,10738200
2018-09-04,27.49221420288086,29.43000030517578,30.030000686645508,29.059999465942383,30.010000228881836,47842200
2018-09-05,24.56830596923828,26.299999237060547,28.049999237060547,26.0,27.959999084472656,82488000
2018-09-06,25.455753326416016,27.25,27.934999465942383,26.559999465942383,27.239999771118164,41710600
2018-09-07,25.175508499145508,26.950000762939453,27.40999984741211,26.700000762939453,27.209999084472656,26661500
2018-09-10,24.783161163330078,26.530000686645508,26.850000381469727,26.110000610351562,26.75,21667300
2018-09-11,25.306289672851562,27.09000015258789,27.399999618530273,25.899999618530273,26.040000915527344,22625800
2018-09-12,25.810733795166016,27.6299991607666,27.760000228881836,26.719999313354492,26.979999542236328,21283700
2018-09-13,25.932172775268555,27.760000228881836,29.020000457763672,27.551000595092773,28.309999465942383,28412900
2018-09-14,25.324974060058594,27.110000610351562,28.030000686645508,27.040000915527344,27.90999984741211,16352900
2018-09-17,24.035837173461914,25.729999542236328,26.184999465942383,25.329999923706055,26.125,27869800
2018-09-18,24.054519653320312,25.75,26.09000015258789,25.270000457763672,25.899999618530273,17188100
2018-09-19,25.14748191833496,26.920000076293945,27.110000610351562,26.1200008392334,26.1200008392334,16091900
2018-09-20,25.156824111938477,26.93000030517578,27.264999389648438,26.649999618530273,27.200000762939453,15145100
2018-09-21,24.74579429626465,26.489999771118164,27.350000381469727,26.25,27.309999465942383,14918400
2018-09-24,22.896167755126953,24.510000228881836,25.530000686645508,24.3799991607666,25.059999465942383,34559200
2018-09-25,22.924192428588867,24.540000915527344,24.84000015258789,24.399999618530273,24.799999237060547,19370200
2018-09-26,23.540735244750977,25.200000762939453,25.860000610351562,24.65999984741211,24.719999313354492,31064300
2018-09-27,23.755590438842773,25.43000030517578,25.889999389648438,25.280000686645508,25.399999618530273,15062000
2018-09-28,24.372133255004883,26.09000015258789,26.229999542236328,25.299999237060547,25.299999237060547,13787600
2018-10-01,23.8116397857666,25.489999771118164,26.260000228881836,25.3799991607666,26.030000686645508,11217300
2018-10-02,23.260486602783203,24.899999618530273,25.399999618530273,24.540000915527344,25.100000381469727,14443500
2018-10-03,23.48468589782715,25.139999389648438,25.440000534057617,24.790000915527344,25.149999618530273,10944400
2018-10-04,22.71867561340332,24.31999969482422,24.850000381469727,24.062000274658203,24.780000686645508,15836800
2018-10-05,22.064767837524414,23.6200008392334,24.25,23.3700008392334,24.200000762939453,18050500
2018-10-08,22.31698989868164,23.889999389648438,24.239999771118164,22.649999618530273,23.020000457763672,18179800
2018-10-09,22.214235305786133,23.780000686645508,24.200000762939453,23.34000015258789,23.450000762939453,13740200
2018-10-10,21.214683532714844,22.709999084472656,23.549999237060547,22.700000762939453,23.450000762939453,21411600
2018-10-11,21.93398666381836,23.479999542236328,23.65999984741211,22.5,22.520000457763672,25140000
2018-10-12,22.840116500854492,24.450000762939453,24.899999618530273,23.739999771118164,24.540000915527344,20258500
2018-10-15,22.550527572631836,24.139999389648438,24.639999389648438,23.799999237060547,24.110000610351562,11138200
2018-10-16,23.008264541625977,24.6299991607666,24.700000762939453,24.079999923706055,24.5,11689500
2018-10-17,22.120817184448242,23.68000030517578,24.610000610351562,23.459999084472656,24.520000457763672,15378700
2018-10-18,21.79386329650879,23.329999923706055,24.131999969482422,23.219999313354492,23.5,15582300
2018-10-19,21.494932174682617,23.010000228881836,23.950000762939453,22.950000762939453,23.940000534057617,12970000
2018-10-22,21.990034103393555,23.540000915527344,24.110000610351562,23.299999237060547,23.860000610351562,13939900
2018-10-23,21.7004451751709,23.229999542236328,23.59000015258789,22.329999923706055,22.610000610351562,17949600
2018-10-24,20.327238082885742,21.760000228881836,23.200000762939453,21.690000534057617,23.18000030517578,22822200
2018-10-25,21.074562072753906,22.559999465942383,22.59000015258789,21.90999984741211,22.049999237060547,13330200
2018-10-26,21.093246459960938,22.579999923706055,22.93000030517578,21.579999923706055,21.670000076293945,18085100
2018-10-29,20.532751083374023,21.979999542236328,23.020000457763672,21.690000534057617,22.700000762939453,15114500
2018-10-30,20.906414031982422,22.3799991607666,22.469999313354492,21.700000762939453,22.06999969482422,12069100
2018-10-31,21.971351623535156,23.520000457763672,23.59000015258789,22.56999969482422,22.8700008392334,19094100
2018-11-01,23.774272918701172,25.450000762939453,25.760000228881836,23.200000762939453,23.719999313354492,25744000
2018-11-02,22.466453552246094,24.049999237060547,25.600000381469727,23.84000015258789,25.540000915527344,26777600
2018-11-05,22.55986976623535,24.149999618530273,24.459999084472656,23.649999618530273,23.940000534057617,10519600
2018-11-06,22.046085357666016,23.600000381469727,24.469999313354492,23.450000762939453,24.100000381469727,10321400
2018-11-07,22.485137939453125,24.06999969482422,24.15999984741211,23.469999313354492,24.020000457763672,10476700
2018-11-08,20.92509651184082,22.399999618530273,23.8700008392334,22.3799991607666,23.850000381469727,17331600
2018-11-09,20.271190643310547,21.700000762939453,22.479999542236328,21.579999923706055,22.0,17573400
2018-11-12,20.560775756835938,22.010000228881836,22.3799991607666,21.459999084472656,21.920000076293945,14257100
2018-11-13,20.915754318237305,22.389999389648438,22.790000915527344,22.170000076293945,22.239999771118164,14807600
2018-11-14,21.26139259338379,22.760000228881836,23.079999923706055,22.5,22.75,11823900
2018-11-15,22.606578826904297,24.200000762939453,24.270000457763672,22.809999465942383,22.899999618530273,24377700
2018-11-16,21.532297134399414,23.049999237060547,24.0,22.600000381469727,23.68000030517578,23225900
2018-11-19,19.72003746032715,21.110000610351562,22.829999923706055,20.93000030517578,22.450000762939453,42137000
2018-11-20,18.206703186035156,19.489999771118164,20.5,19.270000457763672,20.479999542236328,41355000
2018-11-21,19.000734329223633,20.34000015258789,20.690000534057617,19.920000076293945,20.0,29173400
2018-11-23,18.001190185546875,19.270000457763672,19.8799991607666,19.209999084472656,19.860000610351562,18858200
2018-11-26,19.11283302307129,20.459999084472656,20.783000946044922,19.75,19.760000228881836,22571800
2018-11-27,19.467815399169922,20.84000015258789,21.027999877929688,20.110000610351562,20.190000534057617,14539300
2018-11-28,19.972257614135742,21.3799991607666,21.40999984741211,20.610000610351562,21.31999969482422,16977700
2018-11-29,19.589252471923828,20.969999313354492,21.149999618530273,20.3799991607666,21.049999237060547,13441400
2018-11-30,19.832134246826172,21.229999542236328,21.260000228881836,20.559999465942383,21.0,10591200
2018-12-03,20.560775756835938,22.010000228881836,22.489999771118164,21.770000457763672,22.360000610351562,19812700
2018-12-04,20.037649154663086,21.450000762939453,22.260000228881836,21.389999389648438,21.920000076293945,18051400
2018-12-06,19.832134246826172,21.229999542236328,21.489999771118164,20.110000610351562,20.450000762939453,20377400
2018-12-07,19.551889419555664,20.93000030517578,21.7549991607666,20.920000076293945,21.06999969482422,13522900
2018-12-10,19.159542083740234,20.510000228881836,21.190000534057617,20.1200008392334,20.75,14536300
2018-12-11,19.533205032348633,20.90999984741211,21.34000015258789,20.81999969482422,20.950000762939453,13446100
2018-12-12,20.44867706298828,21.889999389648438,22.315000534057617,21.270000457763672,21.299999237060547,19668000
2018-12-13,21.214683532714844,22.709999084472656,23.350000381469727,22.0,22.0,25481000
2018-12-14,20.710241317749023,22.170000076293945,22.940000534057617,22.010000228881836,22.040000915527344,14871300
2018-12-17,19.94423484802246,21.350000381469727,22.260000228881836,21.170000076293945,22.040000915527344,16535300
2018-12-18,19.654645919799805,21.040000915527344,21.836999893188477,20.90999984741211,21.469999313354492,14271800
2018-12-19,18.841928482055664,20.170000076293945,21.485000610351562,20.0,20.950000762939453,15276000
2018-12-20,18.599048614501953,19.90999984741211,20.209999084472656,19.639999389648438,20.09000015258789,17860300
2018-12-21,19.6920108795166,21.079999923706055,21.989999771118164,19.520000457763672,20.09000015258789,49686400
2018-12-24,18.449581146240234,19.75,21.510000228881836,19.260000228881836,21.489999771118164,28037300
2018-12-26,19.710693359375,21.100000381469727,21.1299991607666,19.75,20.31999969482422,25225300
2018-12-27,20.271190643310547,21.700000762939453,22.059999465942383,20.5,20.5,31047500
2018-12-28,20.280529022216797,21.709999084472656,22.0,21.149999618530273,21.780000686645508,16648300
2018-12-31,19.551889419555664,20.93000030517578,22.479999542236328,20.770000457763672,22.040000915527344,19422400
2019-01-02,19.8695011138916,21.270000457763672,21.479999542236328,20.18000030517578,20.309999465942383,15840000
2019-01-03,19.01007843017578,20.350000381469727,21.139999389648438,20.25,20.889999389648438,18608000
2019-01-04,20.80365562438965,22.270000457763672,22.68000030517578,20.75,20.979999542236328,25156900
2019-01-07,21.26139259338379,22.760000228881836,22.850000381469727,22.260000228881836,22.43000030517578,18889800
2019-01-08,21.43888282775879,22.950000762939453,23.18000030517578,22.434999465942383,22.989999771118164,15180400
2019-01-09,22.130159378051758,23.690000534057617,24.1200008392334,23.219999313354492,23.239999771118164,21656200
2019-01-10,21.8592529296875,23.399999618530273,23.549999237060547,22.829999923706055,23.0,12368400
2019-01-11,21.373491287231445,22.8799991607666,23.75,22.690000534057617,23.190000534057617,10034400
2019-01-14,20.588802337646484,22.040000915527344,22.299999237060547,21.530000686645508,22.25,14129900
2019-01-15,20.78497314453125,22.25,22.739999771118164,22.1200008392334,22.25,11862900
2019-01-16,20.859704971313477,22.329999923706055,22.68000030517578,22.280000686645508,22.3700008392334,9761000
2019-01-17,20.68221664428711,22.139999389648438,22.485000610351562,22.020000457763672,22.049999237060547,12013700
2019-01-18,21.728471755981445,23.260000228881836,23.850000381469727,22.299999237060547,22.450000762939453,23275200
2019-01-22,20.252504348754883,21.68000030517578,22.90999984741211,21.5,22.8799991607666,19538300
2019-01-23,20.52341079711914,21.969999313354492,22.600000381469727,21.7549991607666,22.049999237060547,11262200
2019-01-24,20.64484977722168,22.100000381469727,22.260000228881836,21.5,21.979999542236328,13846300
2019-01-25,22.074108123779297,23.6299991607666,23.93000030517578,22.469999313354492,22.479999542236328,28024800
2019-01-28,22.15818214416504,23.719999313354492,24.139999389648438,23.059999465942383,23.43000030517578,13925800
2019-01-29,21.971351623535156,23.520000457763672,23.8700008392334,23.309999465942383,23.739999771118164,11310400
2019-01-30,23.017606735229492,24.639999389648438,24.719999313354492,23.760000228881836,24.010000228881836,19832300
2019-01-31,23.21377944946289,24.850000381469727,25.450000762939453,24.469999313354492,24.5,19318400
2019-02-01,23.008264541625977,24.6299991607666,25.309999465942383,24.309999465942383,24.739999771118164,11938200
2019-02-04,22.690654754638672,24.290000915527344,24.540000915527344,24.15999984741211,24.5,9054300
2019-02-05,23.74625015258789,25.420000076293945,25.979999542236328,24.40999984741211,24.450000762939453,19165600
2019-02-06,23.456661224365234,25.110000610351562,25.71500015258789,24.959999084472656,25.469999313354492,11083100
2019-02-07,22.40106201171875,23.979999542236328,24.93000030517578,23.520000457763672,24.770000457763672,15836100
2019-02-08,22.410404205322266,23.989999771118164,24.280000686645508,23.600000381469727,23.649999618530273,8246200
2019-02-11,22.681312561035156,24.280000686645508,24.729999542236328,24.149999618530273,24.350000381469727,9035100
2019-02-12,23.054973602294922,24.68000030517578,25.350000381469727,24.56999969482422,24.670000076293945,10932800
2019-02-13,22.98958396911621,24.610000610351562,25.559999465942383,24.489999771118164,25.0,12449900
2019-02-14,22.728017807006836,24.329999923706055,24.6200008392334,23.885000228881836,24.540000915527344,10126800
2019-02-15,22.38237953186035,23.959999084472656,24.56999969482422,23.90999984741211,24.510000228881836,11489400
2019-02-19,23.017606735229492,24.639999389648438,24.770000457763672,23.649999618530273,23.65999984741211,12430900
2019-02-20,23.054973602294922,24.68000030517578,25.420000076293945,24.510000228881836,24.809999465942383,13209200
2019-02-21,22.67197036743164,24.270000457763672,24.8799991607666,24.010000228881836,24.81999969482422,13542600
2019-02-22,24.241352081298828,25.950000762939453,25.959999084472656,24.479999542236328,24.549999237060547,27113300
2019-02-25,24.46554946899414,26.190000534057617,27.3799991607666,26.040000915527344,27.110000610351562,29338500
2019-02-26,24.83921241760254,26.59000015258789,26.81999969482422,25.65999984741211,25.979999542236328,20278800
2019-02-27,24.260034561157227,25.969999313354492,26.899999618530273,25.8700008392334,26.420000076293945,22994200
2019-02-28,25.88546371459961,27.709999084472656,28.6200008392334,26.579999923706055,28.579999923706055,66593100
2019-03-01,26.83830451965332,28.729999542236328,29.389999389648438,27.969999313354492,28.030000686645508,37083600
2019-03-04,26.987768173217773,28.889999389648438,29.200000762939453,28.139999389648438,29.040000915527344,23454400
2019-03-05,27.417482376098633,29.350000381469727,29.700000762939453,28.700000762939453,28.8799991607666,19982900
2019-03-06,27.118553161621094,29.030000686645508,29.65999984741211,28.719999313354492,29.25,21316900
2019-03-07,26.006906509399414,27.84000015258789,28.645000457763672,27.600000381469727,28.5,20959500
2019-03-08,25.268922805786133,27.049999237060547,27.25,26.3700008392334,26.709999084472656,28554000
2019-03-11,25.801393508911133,27.6200008392334,27.889999389648438,27.15999984741211,27.459999084472656,21410800
2019-03-12,26.25912857055664,28.110000610351562,28.43000030517578,27.530000686645508,27.950000762939453,18551100
2019-03-13,26.27781105041504,28.1299991607666,28.420000076293945,27.860000610351562,28.270000457763672,13941500
2019-03-14,26.053613662719727,27.889999389648438,27.9689998626709,27.385000228881836,27.75,17280900
2019-03-15,26.090980529785156,27.93000030517578,28.709999084472656,27.780000686645508,28.15999984741211,16304000
2019-03-18,26.287151336669922,28.139999389648438,28.690000534057617,27.920000076293945,28.25,12513800
2019-03-19,26.445960998535156,28.309999465942383,28.670000076293945,28.010000228881836,28.299999237060547,12356500
2019-03-20,26.231103897094727,28.079999923706055,28.290000915527344,27.670000076293945,28.15999984741211,12752400
2019-03-21,26.866331100463867,28.760000228881836,28.81999969482422,27.8700008392334,27.969999313354492,14343000
2019-03-22,26.1563720703125,28.0,28.760000228881836,27.84000015258789,28.40999984741211,13944200
2019-03-25,26.52069091796875,28.389999389648438,28.549999237060547,27.469999313354492,27.690000534057617,14183100
2019-03-26,26.91303825378418,28.809999465942383,29.049999237060547,28.31999969482422,28.5,17986900
2019-03-27,27.239992141723633,29.15999984741211,29.709999084472656,28.809999465942383,28.809999465942383,20596600
2019-03-28,27.47353172302246,29.40999984741211,29.450000762939453,28.860000610351562,29.229999542236328,9726700
2019-03-29,28.164804458618164,30.149999618530273,30.530000686645508,29.690000534057617,29.770000457763672,22128200
2019-04-01,29.20172119140625,31.260000228881836,31.625,30.780000686645508,30.93000030517578,25515800
2019-04-02,28.295589447021484,30.290000915527344,31.200000762939453,30.100000381469727,31.139999389648438,20620300
2019-04-03,28.314271926879883,30.309999465942383,30.929000854492188,30.229999542236328,30.709999084472656,15446000
2019-04-04,28.258220672607422,30.25,30.65999984741211,29.68000030517578,29.729999542236328,14536900
2019-04-05,29.18303680419922,31.239999771118164,31.56999969482422,30.3700008392334,30.5,17824300
2019-04-08,28.762666702270508,30.790000915527344,31.18000030517578,30.670000076293945,30.920000076293945,11378700
2019-04-09,28.86542510986328,30.899999618530273,31.31999969482422,30.389999389648438,30.75,13887300
2019-04-10,28.183490753173828,30.170000076293945,30.84000015258789,29.809999465942383,30.6299991607666,20472700
2019-04-11,28.21151351928711,30.200000762939453,30.350000381469727,29.549999237060547,29.809999465942383,10818900
2019-04-12,28.557151794433594,30.56999969482422,31.190000534057617,30.31999969482422,30.6299991607666,11289300
2019-04-15,27.707069396972656,29.65999984741211,30.663000106811523,29.1200008392334,30.399999618530273,16600400
2019-04-16,27.940608978271484,29.90999984741211,30.530000686645508,29.399999618530273,30.079999923706055,15046300
2019-04-17,27.88456153869629,29.850000381469727,30.639999389648438,29.209999084472656,29.969999313354492,17614900
2019-04-18,28.034025192260742,30.010000228881836,30.020000457763672,29.479999542236328,29.84000015258789,9563700
2019-04-22,27.697729110717773,29.649999618530273,29.739999771118164,29.079999923706055,29.65999984741211,11174100
2019-04-23,27.819168090820312,29.780000686645508,30.139999389648438,29.350000381469727,29.5,12297100
2019-04-24,27.707069396972656,29.65999984741211,29.899999618530273,29.34000015258789,29.700000762939453,7644500
2019-04-25,27.305383682250977,29.229999542236328,29.5,28.420000076293945,29.420000076293945,14814000
2019-04-26,27.21196746826172,29.1299991607666,29.280000686645508,28.2549991607666,29.030000686645508,17751700
2019-04-29,27.89857292175293,29.864999771118164,29.979999542236328,29.139999389648438,29.239999771118164,10643700
2019-04-30,28.276905059814453,30.270000457763672,30.889999389648438,30.010000228881836,30.530000686645508,18458600
2019-05-01,28.21151351928711,30.200000762939453,31.0,30.18000030517578,30.34000015258789,12204100
2019-05-02,28.015342712402344,29.989999771118164,30.889999389648438,29.875,30.1299991607666,11682500
2019-05-03,28.07139015197754,30.049999237060547,30.8799991607666,30.049999237060547,30.260000228881836,14887100
2019-05-06,26.81028175354004,28.700000762939453,28.93000030517578,27.0,28.239999771118164,27358700
2019-05-07,25.343656539916992,27.1299991607666,28.5,26.780000686645508,28.295000076293945,28758600
2019-05-08,25.119457244873047,26.889999389648438,27.440000534057617,26.700000762939453,26.950000762939453,18499900
2019-05-09,25.69863510131836,27.510000228881836,27.770000457763672,25.809999465942383,26.389999389648438,33001300
2019-05-10,26.31517791748047,28.170000076293945,30.469999313354492,27.90999984741211,30.190000534057617,57736600
2019-05-13,26.324520111083984,28.18000030517578,28.450000762939453,26.81999969482422,26.93000030517578,30821700
2019-05-14,27.716413497924805,29.670000076293945,29.799999237060547,28.260000228881836,28.6299991607666,22847900
2019-05-15,28.435714721679688,30.440000534057617,30.760000228881836,29.450000762939453,29.6200008392334,21663100
2019-05-16,28.454395294189453,30.459999084472656,30.889999389648438,29.875,30.25,14903200
2019-05-17,27.380115509033203,29.309999465942383,30.014999389648438,29.149999618530273,29.579999923706055,18158400
2019-05-20,26.49266815185547,28.360000610351562,28.969999313354492,28.079999923706055,28.75,17371500
2019-05-21,27.13723373413086,29.049999237060547,29.274999618530273,28.489999771118164,28.670000076293945,10069400
2019-05-22,26.371227264404297,28.229999542236328,29.040000915527344,28.190000534057617,28.760000228881836,12794500
2019-05-23,24.94196891784668,26.700000762939453,27.6299991607666,26.239999771118164,27.5,27158100
2019-05-24,24.586990356445312,26.31999969482422,27.219999313354492,26.170000076293945,27.079999923706055,17438200
2019-05-28,24.5589656829834,26.290000915527344,26.770000457763672,26.219999313354492,26.450000762939453,14073800
2019-05-29,24.297399520874023,26.010000228881836,26.1299991607666,25.479999542236328,25.969999313354492,12530100
2019-05-30,24.615015029907227,26.350000381469727,26.6299991607666,26.030000686645508,26.030000686645508,8466600
2019-05-31,24.063861846923828,25.760000228881836,25.899999618530273,25.524999618530273,25.809999465942383,11156200
2019-06-03,24.063861846923828,25.760000228881836,26.5,25.5,25.809999465942383,11859000
2019-06-04,25.035383224487305,26.799999237060547,26.899999618530273,26.084999084472656,26.18000030517578,11199000
2019-06-05,24.46554946899414,26.190000534057617,26.989999771118164,25.670000076293945,26.950000762939453,11011600
2019-06-06,24.512256622314453,26.239999771118164,26.3799991607666,25.809999465942383,26.18000030517578,7660500
2019-06-07,25.035383224487305,26.799999237060547,27.15999984741211,26.350000381469727,26.360000610351562,9518300
2019-06-10,25.4650936126709,27.260000228881836,27.760000228881836,27.135000228881836,27.440000534057617,14453000
2019-06-11,26.1563720703125,28.0,28.459999084472656,27.610000610351562,27.8700008392334,15134700
2019-06-12,25.4464111328125,27.239999771118164,27.489999771118164,27.010000228881836,27.469999313354492,8873700
2019-06-13,25.726661682128906,27.540000915527344,27.8700008392334,27.260000228881836,27.329999923706055,6933500
2019-06-14,25.268922805786133,27.049999237060547,27.1200008392334,26.639999389648438,27.110000610351562,9140100
2019-06-17,25.530487060546875,27.329999923706055,27.4950008392334,26.81999969482422,27.100000381469727,6570200
2019-06-18,26.399253845214844,28.260000228881836,28.8799991607666,27.469999313354492,27.600000381469727,19526200
2019-06-19,26.772912979125977,28.65999984741211,28.8799991607666,27.889999389648438,28.260000228881836,10938200
2019-06-20,27.202627182006836,29.1200008392334,29.799999237060547,28.81999969482422,29.25,14674400
2019-06-21,27.146575927734375,29.059999465942383,29.549999237060547,28.850000381469727,28.969999313354492,13397500
2019-06-24,27.006452560424805,28.90999984741211,29.270000457763672,28.889999389648438,29.190000534057617,6070800
2019-06-25,26.623449325561523,28.5,28.71500015258789,28.06999969482422,28.690000534057617,11002600
2019-06-26,28.15546417236328,30.139999389648438,30.325000762939453,28.844999313354492,28.90999984741211,23418800
2019-06-27,28.295589447021484,30.290000915527344,30.68000030517578,30.170000076293945,30.25,12985300
2019-06-28,28.295589447021484,30.290000915527344,30.489999771118164,30.030000686645508,30.290000915527344,10410100
2019-07-01,29.136329650878906,31.190000534057617,31.9950008392334,30.895000457763672,31.360000610351562,17308200
2019-07-02,29.379209518432617,31.450000762939453,31.959999084472656,31.040000915527344,31.059999465942383,13148700
2019-07-03,29.42591667175293,31.5,31.540000915527344,30.81999969482422,31.399999618530273,6008800
2019-07-05,28.98686408996582,31.030000686645508,31.200000762939453,30.719999313354492,30.969999313354492,7070800
2019-07-08,28.557151794433594,30.56999969482422,30.665000915527344,30.229999542236328,30.399999618530273,8808800
2019-07-09,28.72530174255371,30.75,30.809999465942383,30.290000915527344,30.3799991607666,7317700
2019-07-10,28.68793487548828,30.709999084472656,31.100000381469727,30.165000915527344,30.989999771118164,13297300
2019-07-11,28.5011043548584,30.510000228881836,30.972999572753906,30.31999969482422,30.790000915527344,7386200
2019-07-12,29.033571243286133,31.079999923706055,31.415000915527344,30.600000381469727,30.690000534057617,11766900
2019-07-15,28.98686408996582,31.030000686645508,31.670000076293945,31.0,31.360000610351562,7110200
2019-07-16,28.697275161743164,30.719999313354492,31.100000381469727,30.520000457763672,31.0,9375500
2019-07-17,28.68793487548828,30.709999084472656,31.079999923706055,30.600000381469727,30.84000015258789,5349000
2019-07-18,28.56649398803711,30.579999923706055,30.600000381469727,30.163999557495117,30.5,5782900
2019-07-19,28.94949722290039,30.989999771118164,31.290000915527344,30.809999465942383,30.809999465942383,8153800
2019-07-22,28.64122772216797,30.65999984741211,30.950000762939453,30.479999542236328,30.90999984741211,6676900
2019-07-23,29.752872467041016,31.850000381469727,31.920000076293945,30.84000015258789,30.899999618530273,11159500
2019-07-24,30.079830169677734,32.20000076293945,32.33000183105469,31.600000381469727,31.739999771118164,11972600
2019-07-25,29.734188079833984,31.829999923706055,32.380001068115234,31.68000030517578,32.040000915527344,7397700
2019-07-26,29.472623825073242,31.549999237060547,32.005001068115234,31.520000457763672,31.93000030517578,5592000
2019-07-29,29.32316017150879,31.389999389648438,31.45400047302246,30.780000686645508,31.450000762939453,10329200
2019-07-30,28.417028427124023,30.420000076293945,30.989999771118164,30.375,30.850000381469727,8441200
2019-07-31,27.940608978271484,29.90999984741211,30.5,29.350000381469727,30.489999771118164,11912800
2019-08-01,26.726205825805664,28.610000610351562,30.594999313354492,27.639999389648438,29.90999984741211,23027100
2019-08-02,26.165714263916016,28.010000228881836,28.34000015258789,27.649999618530273,28.18000030517578,14058700
2019-08-05,24.44686508178711,26.170000076293945,26.905000686645508,25.770000457763672,26.649999618530273,23682900
2019-08-06,24.736452102661133,26.479999542236328,27.010000228881836,26.28499984741211,26.90999984741211,11748900
2019-08-07,24.820528030395508,26.56999969482422,26.770000457763672,25.84000015258789,26.1200008392334,12524000
2019-08-08,25.726661682128906,27.540000915527344,27.635000228881836,26.84000015258789,27.040000915527344,11652800
2019-08-09,25.315631866455078,27.100000381469727,27.409000396728516,26.825000762939453,27.309999465942383,8960100
2019-08-12,25.371681213378906,27.15999984741211,27.360000610351562,26.530000686645508,26.799999237060547,20604600
2019-08-13,28.64122772216797,30.65999984741211,30.979999542236328,28.149999618530273,28.639999389648438,46127300
2019-08-14,27.679046630859375,29.6299991607666,30.70199966430664,29.549999237060547,29.700000762939453,30022900
2019-08-15,28.174148559570312,30.15999984741211,30.790000915527344,30.079999923706055,30.15999984741211,18020000
2019-08-16,29.229745864868164,31.290000915527344,31.450000762939453,30.079999923706055,30.5,18852100
2019-08-19,29.50065040588379,31.579999923706055,32.279998779296875,31.40999984741211,31.920000076293945,15392900
2019-08-20,29.351184844970703,31.420000076293945,31.81999969482422,31.3700008392334,31.489999771118164,11921900
2019-08-21,28.715957641601562,30.739999771118164,31.799999237060547,30.704999923706055,31.670000076293945,16911200
2019-08-22,27.548263549804688,29.489999771118164,30.709999084472656,29.209999084472656,30.56999969482422,19832800
2019-08-23,26.875673294067383,28.770000457763672,29.670000076293945,28.549999237060547,28.899999618530273,22029600
2019-08-26,27.781801223754883,29.739999771118164,29.81999969482422,29.079999923706055,29.18000030517578,12498500
2019-08-27,27.949951171875,29.920000076293945,30.299999237060547,29.732999801635742,30.0,7958500
2019-08-28,28.304929733276367,30.299999237060547,30.489999771118164,29.6299991607666,29.700000762939453,6625500
2019-08-29,28.715957641601562,30.739999771118164,31.239999771118164,30.635000228881836,30.690000534057617,9602700
2019-08-30,28.491762161254883,30.5,31.43000030517578,30.360000610351562,30.90999984741211,10090400
2019-09-03,27.51089859008789,29.450000762939453,30.200000762939453,29.399999618530273,30.100000381469727,7633900
2019-09-04,27.912582397460938,29.8799991607666,30.290000915527344,29.84000015258789,30.270000457763672,6567800
2019-09-05,28.809375762939453,30.84000015258789,31.079999923706055,30.25,30.31999969482422,11757700
2019-09-06,29.033571243286133,31.079999923706055,31.39699935913086,30.760000228881836,30.889999389648438,6435400
2019-09-09,29.40723419189453,31.479999542236328,31.56999969482422,30.889999389648438,31.1200008392334,7537600
2019-09-10,28.837400436401367,30.8700008392334,31.239999771118164,30.1299991607666,31.200000762939453,11056000
2019-09-11,29.02423095703125,31.06999969482422,31.719999313354492,30.639999389648438,31.200000762939453,12261800
2019-09-12,29.44460105895996,31.520000457763672,31.989999771118164,31.200000762939453,31.540000915527344,11849000
2019-09-13,29.173694610595703,31.229999542236328,31.790000915527344,31.1299991607666,31.65999984741211,7025800
2019-09-16,28.81871795654297,30.850000381469727,31.030000686645508,30.735000610351562,30.739999771118164,5453800
2019-09-17,29.117647171020508,31.170000076293945,31.299999237060547,30.520000457763672,30.739999771118164,5930900
2019-09-18,28.996206283569336,31.040000915527344,31.18000030517578,30.65999984741211,31.100000381469727,5066100
2019-09-19,29.00554656982422,31.049999237060547,32.0,30.90999984741211,31.0,12645000
2019-09-20,28.90279197692871,30.940000534057617,31.690000534057617,30.5,31.450000762939453,13990300
2019-09-23,28.33295440673828,30.329999923706055,31.469999313354492,30.28499984741211,31.360000610351562,9589800
2019-09-24,27.47353172302246,29.40999984741211,30.479999542236328,29.290000915527344,30.479999542236328,16286800
2019-09-25,28.015342712402344,29.989999771118164,30.059999465942383,29.0,29.149999618530273,12936200
2019-09-26,27.632339477539062,29.579999923706055,30.25,29.104999542236328,29.979999542236328,11001200
2019-09-27,25.988224029541016,27.81999969482422,30.010000228881836,27.469999313354492,29.709999084472656,28116900
2019-09-30,26.352542877197266,28.209999084472656,28.636999130249023,27.950000762939453,28.469999313354492,12958900
2019-10-01,26.333860397338867,28.190000534057617,28.56999969482422,27.969999313354492,28.219999313354492,10584300
2019-10-02,26.212419509887695,28.059999465942383,28.219999313354492,27.530000686645508,28.0,9215100
2019-10-03,26.903696060180664,28.799999237060547,28.969999313354492,27.81999969482422,28.110000610351562,8604200
2019-10-04,27.081186294555664,28.989999771118164,29.190000534057617,28.649999618530273,28.8799991607666,7369100
2019-10-07,26.95040512084961,28.850000381469727,29.399999618530273,28.600000381469727,28.84000015258789,9052900
2019-10-08,25.90414810180664,27.729999542236328,28.610000610351562,27.719999313354492,28.190000534057617,11603000
2019-10-09,26.511350631713867,28.3799991607666,28.600000381469727,27.959999084472656,28.280000686645508,8313000
2019-10-10,26.698183059692383,28.579999923706055,28.950000762939453,28.200000762939453,28.31999969482422,8143300
2019-10-11,27.7537784576416,29.709999084472656,30.31999969482422,29.450000762939453,29.450000762939453,17372000
2019-10-14,27.865875244140625,29.829999923706055,29.90999984741211,29.5,29.5,5981400
2019-10-15,28.958839416503906,31.0,31.075000762939453,29.959999084472656,29.989999771118164,10273500
2019-10-16,29.18303680419922,31.239999771118164,31.450000762939453,30.829999923706055,30.829999923706055,9756800
2019-10-17,28.715957641601562,30.739999771118164,31.440000534057617,30.611000061035156,31.290000915527344,6506600
2019-10-18,27.959291458129883,29.93000030517578,30.84000015258789,29.739999771118164,30.770000457763672,9014500
2019-10-21,28.98686408996582,31.030000686645508,31.079999923706055,30.260000228881836,30.309999465942383,8876700
2019-10-22,28.276905059814453,30.270000457763672,31.239999771118164,30.1200008392334,31.0,8883300
2019-10-23,28.734642028808594,30.760000228881836,30.89900016784668,30.25,30.309999465942383,5633200
2019-10-24,28.697275161743164,30.719999313354492,31.170000076293945,30.59000015258789,31.0,9459400
2019-10-25,29.108304977416992,31.15999984741211,31.25,30.25,30.579999923706055,16642400
2019-10-28,29.64077377319336,31.729999542236328,31.950000762939453,31.1200008392334,31.450000762939453,12037600
2019-10-29,29.687482833862305,31.780000686645508,31.799999237060547,31.1299991607666,31.40999984741211,8676100
2019-10-30,29.60340690612793,31.690000534057617,31.889999389648438,31.399999618530273,31.600000381469727,6421900
2019-10-31,29.098962783813477,31.149999618530273,31.799999237060547,30.899999618530273,31.799999237060547,7731900
2019-11-01,29.416576385498047,31.489999771118164,31.829999923706055,31.170000076293945,31.639999389648438,10472000
2019-11-04,30.93924903869629,33.119998931884766,33.290000915527344,32.02000045776367,32.040000915527344,18576700
2019-11-05,30.808467864990234,32.97999954223633,33.790000915527344,32.7400016784668,33.2599983215332,12870300
2019-11-06,30.70570945739746,32.869998931884766,33.150001525878906,32.61000061035156,33.13999938964844,6789700
2019-11-07,31.088714599609375,33.279998779296875,33.76100158691406,33.060001373291016,33.63999938964844,9687500
2019-11-08,31.042009353637695,33.22999954223633,33.45000076293945,32.959999084472656,33.22999954223633,6366600
2019-11-11,31.023324966430664,33.209999084472656,33.54999923706055,32.41999816894531,32.77000045776367,10763600
2019-11-12,31.359621047973633,33.56999969482422,34.09000015258789,33.25,33.47999954223633,13923500
2019-11-13,31.172788619995117,33.369998931884766,33.599998474121094,33.0,33.400001525878906,9055500
2019-11-14,31.359621047973633,33.56999969482422,33.59000015258789,32.869998931884766,33.36000061035156,15277700
2019-11-15,31.3409366607666,33.54999923706055,35.43000030517578,32.93000030517578,35.04999923706055,39396100
2019-11-18,30.64031982421875,32.79999923706055,34.2599983215332,32.72999954223633,33.95000076293945,18089000
2019-11-19,30.30402374267578,32.439998626708984,33.439998626708984,32.15999984741211,33.09000015258789,12442100
2019-11-20,29.594066619873047,31.68000030517578,32.31999969482422,31.424999237060547,31.989999771118164,14064500
2019-11-21,30.051801681518555,32.16999816894531,32.16999816894531,31.510000228881836,31.639999389648438,7905800
2019-11-22,29.846288681030273,31.950000762939453,32.29999923706055,31.780000686645508,32.22999954223633,6055100
2019-11-25,30.490854263305664,32.63999938964844,32.755001068115234,32.2599983215332,32.709999084472656,9617000
2019-11-26,30.696369171142578,32.86000061035156,32.95000076293945,32.29999923706055,32.58000183105469,11898700
2019-11-27,30.9672794342041,33.150001525878906,33.18000030517578,32.61000061035156,32.93000030517578,7136000
2019-11-29,30.500198364257812,32.650001525878906,32.959999084472656,32.5,32.720001220703125,5964000
2019-12-02,30.163902282714844,32.290000915527344,32.689998626708984,31.719999313354492,32.689998626708984,11134800
2019-12-03,29.9210205078125,32.029998779296875,32.099998474121094,30.84000015258789,31.540000915527344,12029000
2019-12-04,29.481966018676758,31.559999465942383,32.48500061035156,31.530000686645508,32.16999816894531,12520000
2019-12-05,30.397441864013672,32.540000915527344,32.650001525878906,31.709999084472656,31.799999237060547,11692000
2019-12-06,30.761762619018555,32.93000030517578,33.18000030517578,32.779998779296875,32.970001220703125,8517900
2019-12-09,31.06068992614746,33.25,33.654998779296875,32.95000076293945,33.0,9341100
2019-12-10,31.070030212402344,33.2599983215332,33.720001220703125,33.165000915527344,33.27000045776367,7732800
2019-12-11,31.05135154724121,33.2400016784668,33.349998474121094,32.73099899291992,33.310001373291016,8134900
2019-12-12,31.593158721923828,33.81999969482422,34.19499969482422,33.08000183105469,33.189998626708984,12597300
2019-12-13,31.761308670043945,34.0,34.7400016784668,33.93000030517578,34.0,12288900
2019-12-16,32.35916519165039,34.63999938964844,34.91999816894531,34.40999984741211,34.459999084472656,11770800
2019-12-17,32.4058723449707,34.689998626708984,34.84000015258789,34.5099983215332,34.7599983215332,6384100
2019-12-18,32.172340393066406,34.439998626708984,34.75,34.33000183105469,34.70000076293945,7197200
2019-12-19,32.48994827270508,34.779998779296875,34.880001068115234,34.3849983215332,34.45000076293945,8116500
2019-12-20,32.98505401611328,35.310001373291016,35.52000045776367,34.869998931884766,34.939998626708984,14968000
2019-12-23,33.87249755859375,36.2599983215332,36.79999923706055,35.959999084472656,36.02000045776367,14699200
2019-12-24,33.89118194580078,36.279998779296875,36.560001373291016,36.060001373291016,36.560001373291016,3206300
2019-12-26,33.853816986083984,36.2400016784668,36.369998931884766,36.0,36.16999816894531,4385200
2019-12-27,33.56422805786133,35.93000030517578,36.41999816894531,35.83000183105469,36.36000061035156,5158400
2019-12-30,33.06912612915039,35.400001525878906,36.0,35.345001220703125,36.0,6830700
2019-12-31,32.910316467285156,35.22999954223633,35.5099983215332,35.20000076293945,35.29999923706055,4815600
2020-01-02,35.24570846557617,37.72999954223633,37.7599983215332,35.900001525878906,35.959999084472656,22688700
2020-01-03,35.48859405517578,37.9900016784668,38.540000915527344,36.68000030517578,36.779998779296875,16929900
2020-01-06,35.49793243408203,38.0,38.08000183105469,37.380001068115234,37.459999084472656,9740100
2020-01-07,35.79685974121094,38.31999969482422,38.61000061035156,37.63999938964844,38.08000183105469,10131300
2020-01-08,35.77817916870117,38.29999923706055,38.849998474121094,37.97999954223633,38.02000045776367,11434700
2020-01-09,36.33867263793945,38.900001525878906,39.099998474121094,38.70000076293945,38.84000015258789,10783100
2020-01-10,36.53484344482422,39.11000061035156,39.5,38.72999954223633,39.38999938964844,10330500
2020-01-13,37.65583419799805,40.310001373291016,40.98500061035156,39.630001068115234,39.68000030517578,20839500
2020-01-14,37.637149810791016,40.290000915527344,40.459999084472656,39.59000015258789,40.029998779296875,12398500
2020-01-15,37.160728454589844,39.779998779296875,40.45500183105469,39.54999923706055,40.02000045776367,9567600
2020-01-16,36.95521545410156,39.560001373291016,40.27000045776367,39.404998779296875,40.18000030517578,8572200
2020-01-17,37.693199157714844,40.349998474121094,40.3849983215332,39.709999084472656,39.83000183105469,9941900
2020-01-21,37.422298431396484,40.060001373291016,40.15999984741211,39.04999923706055,39.275001525878906,13169800
2020-01-22,38.272377014160156,40.970001220703125,42.0,40.5,40.529998779296875,16055400
2020-01-23,38.085540771484375,40.77000045776367,40.83000183105469,39.939998626708984,39.9900016784668,14605400
2020-01-24,36.94587326049805,39.54999923706055,40.970001220703125,39.189998626708984,40.7599983215332,14322200
2020-01-27,35.17097854614258,37.650001525878906,38.84000015258789,36.349998474121094,36.9900016784668,22995500
2020-01-28,36.34801483154297,38.90999984741211,39.1150016784668,37.683998107910156,38.380001068115234,14197300
2020-01-29,36.562870025634766,39.13999938964844,39.52000045776367,38.790000915527344,39.189998626708984,9726600
2020-01-30,35.95566940307617,38.4900016784668,38.689998626708984,37.540000915527344,38.20000076293945,12593300
2020-01-31,35.20833969116211,37.689998626708984,38.45000076293945,37.56999969482422,38.04999923706055,12075200
2020-02-03,36.618919372558594,39.20000076293945,39.5369987487793,38.0,38.0,13564300
2020-02-04,37.693199157714844,40.349998474121094,41.279998779296875,40.064998626708984,40.310001373291016,16286600
2020-02-05,37.3101921081543,39.939998626708984,40.959999084472656,39.45000076293945,40.86000061035156,12503400
2020-02-06,37.721221923828125,40.380001068115234,40.970001220703125,40.060001373291016,40.40999984741211,9087300
2020-02-07,37.356903076171875,39.9900016784668,40.369998931884766,39.779998779296875,39.81999969482422,9500300
2020-02-10,37.459659576416016,40.099998474121094,40.15999984741211,39.560001373291016,40.04999923706055,7225300
2020-02-11,38.094886779785156,40.779998779296875,41.85599899291992,40.5,40.54999923706055,11347100
2020-02-12,38.89826202392578,41.63999938964844,42.34000015258789,41.22999954223633,41.56999969482422,15260500
2020-02-13,39.243896484375,42.0099983215332,42.40999984741211,41.060001373291016,41.150001525878906,15308700
2020-02-14,39.20653533935547,41.970001220703125,42.57500076293945,41.59000015258789,42.130001068115234,9165900
2020-02-18,39.53348922729492,42.31999969482422,42.790000915527344,41.65999984741211,42.41999816894531,11851700
2020-02-19,40.12200927734375,42.95000076293945,43.09000015258789,42.529998779296875,42.83000183105469,10717700
2020-02-20,38.74879455566406,41.47999954223633,43.0,41.33000183105469,42.9900016784668,13569100
2020-02-21,37.75858688354492,40.41999816894531,41.47999954223633,40.15999984741211,41.470001220703125,11045400
2020-02-24,36.77772521972656,39.369998931884766,39.58000183105469,38.380001068115234,38.5,14263200
2020-02-25,36.282623291015625,38.84000015258789,40.349998474121094,38.400001525878906,40.0,14776100
2020-02-26,37.29151153564453,39.91999816894531,40.189998626708984,39.25,39.38999938964844,15399200
2020-02-27,35.87159729003906,38.400001525878906,39.68000030517578,38.02000045776367,39.22999954223633,17145000
2020-02-28,35.97434997558594,38.5099983215332,38.72999954223633,36.814998626708984,37.0099983215332,22955300
2020-03-02,40.44895935058594,43.29999923706055,44.119998931884766,40.25,41.380001068115234,45794500
2020-03-03,38.73011016845703,41.459999084472656,44.04999923706055,40.11000061035156,43.560001373291016,29036500
2020-03-04,41.018795013427734,43.90999984741211,44.7599983215332,42.40999984741211,42.4900016784668,22143600
2020-03-05,41.682044982910156,44.619998931884766,45.34000015258789,42.54999923706055,42.54999923706055,24148600
2020-03-06,39.3840217590332,42.15999984741211,43.849998474121094,41.20000076293945,43.0,25393700
2020-03-09,37.282169342041016,39.90999984741211,41.79499816894531,39.20000076293945,40.099998474121094,26241900
2020-03-10,39.047725677490234,41.79999923706055,42.58000183105469,40.60499954223633,41.38999938964844,21203800
2020-03-11,38.79550552368164,41.529998779296875,43.08000183105469,40.40999984741211,40.40999984741211,27069600
2020-03-12,35.740814208984375,38.2599983215332,39.790000915527344,37.369998931884766,38.849998474121094,30770700
2020-03-13,37.095340728759766,39.709999084472656,41.209999084472656,37.439998626708984,41.0099983215332,22982900
2020-03-16,32.91966247558594,35.2400016784668,38.91999816894531,32.70000076293945,36.099998474121094,25203900
2020-03-17,35.824886322021484,38.349998474121094,39.97999954223633,36.2599983215332,37.65999984741211,27822600
2020-03-18,35.217689514160156,37.70000076293945,38.349998474121094,35.54999923706055,36.0,23689500
2020-03-19,34.75994873046875,37.209999084472656,38.900001525878906,36.560001373291016,37.5099983215332,25834000
2020-03-20,35.180320739746094,37.65999984741211,39.27000045776367,37.56999969482422,38.349998474121094,21050400
2020-03-23,36.06776809692383,38.61000061035156,39.29499816894531,36.220001220703125,38.18000030517578,18926300
2020-03-24,38.30973815917969,41.0099983215332,42.310001373291016,39.90999984741211,39.90999984741211,24405700
2020-03-25,38.62735366821289,41.349998474121094,42.93000030517578,40.52000045776367,41.349998474121094,18686200
2020-03-26,39.243896484375,42.0099983215332,43.959999084472656,40.33000183105469,41.709999084472656,20472700
2020-03-27,37.506370544433594,40.150001525878906,41.31999969482422,39.91999816894531,40.619998931884766,12299800
2020-03-30,37.73056411743164,40.38999938964844,41.18000030517578,39.5099983215332,40.869998931884766,14771100
2020-03-31,37.83332443237305,40.5,40.9900016784668,39.970001220703125,40.52000045776367,13864300
2020-04-01,38.21632385253906,40.90999984741211,42.81999969482422,39.90999984741211,39.90999984741211,21650800
2020-04-02,37.44097900390625,40.08000183105469,41.54999923706055,39.5099983215332,40.54999923706055,21452200
2020-04-03,37.26348876953125,39.88999938964844,41.029998779296875,39.255001068115234,40.08000183105469,12172500
2020-04-06,38.82352828979492,41.560001373291016,42.060001373291016,40.20000076293945,40.91999816894531,15125700
2020-04-07,39.225215911865234,41.9900016784668,43.150001525878906,41.720001220703125,42.70000076293945,16888500
2020-04-08,38.459205627441406,41.16999816894531,42.43000030517578,40.7599983215332,41.93000030517578,14262800
2020-04-09,39.3840217590332,42.15999984741211,43.150001525878906,41.505001068115234,41.970001220703125,14805800
2020-04-13,39.963199615478516,42.779998779296875,42.79999923706055,41.70500183105469,42.0,10195700
2020-04-14,40.97208786010742,43.86000061035156,45.08000183105469,43.66999816894531,43.75,15310700
2020-04-15,41.663360595703125,44.599998474121094,46.36000061035156,43.470001220703125,43.880001068115234,22859100
2020-04-16,44.37241744995117,47.5,47.84000015258789,45.16999816894531,45.70000076293945,21130700
2020-04-17,43.111305236816406,46.150001525878906,47.97999954223633,45.310001373291016,47.72999954223633,22001500
2020-04-20,42.22385787963867,45.20000076293945,46.95000076293945,45.0,45.84000015258789,17578900
2020-04-21,40.392913818359375,43.2400016784668,44.849998474121094,42.04999923706055,44.380001068115234,24335500
2020-04-22,42.02768325805664,44.9900016784668,45.20000076293945,43.959999084472656,44.189998626708984,13759000
2020-04-23,41.98097610473633,44.939998626708984,45.720001220703125,44.63999938964844,45.0,11766900
2020-04-24,42.08373260498047,45.04999923706055,45.66999816894531,44.224998474121094,45.48699951171875,8882800
2020-04-27,42.57883834838867,45.58000183105469,46.02000045776367,44.8650016784668,45.880001068115234,8222400
2020-04-28,40.71052932739258,43.58000183105469,46.189998626708984,43.15999984741211,46.040000915527344,15863300
2020-04-29,41.42048263549805,44.34000015258789,44.65999984741211,43.36000061035156,44.02000045776367,10799500
2020-04-30,40.26212692260742,43.099998474121094,44.369998931884766,42.34000015258789,44.06999969482422,14581400
2020-05-01,38.65538024902344,41.380001068115234,42.31999969482422,40.584999084472656,41.97999954223633,13145600
2020-05-04,39.46809768676758,42.25,42.349998474121094,41.279998779296875,41.47999954223633,15567500
2020-05-05,40.28080749511719,43.119998931884766,44.22999954223633,42.88999938964844,43.599998474121094,10772200
2020-05-06,40.44895935058594,43.29999923706055,44.220001220703125,42.42499923706055,43.7599983215332,11620000
2020-05-07,41.812828063964844,44.7599983215332,44.94499969482422,43.86899948120117,43.970001220703125,10639900
2020-05-08,43.699825286865234,46.779998779296875,46.970001220703125,45.599998474121094,45.84000015258789,14090800
2020-05-11,43.643775939941406,46.720001220703125,47.665000915527344,46.676998138427734,47.2400016784668,11336100
2020-05-12,43.9333610534668,47.029998779296875,48.654998779296875,46.599998474121094,47.11000061035156,15412800
2020-05-13,44.66200256347656,47.810001373291016,49.130001068115234,47.18000030517578,48.709999084472656,23115900
2020-05-14,45.73628234863281,48.959999084472656,49.08000183105469,46.369998931884766,47.380001068115234,27173000
2020-05-15,47.501834869384766,50.849998474121094,51.007999420166016,48.7599983215332,50.0,40414500
2020-05-18,51.87369155883789,55.529998779296875,55.61000061035156,51.869998931884766,51.880001068115234,28485200
2020-05-19,50.687313079833984,54.2599983215332,56.5,54.22999954223633,56.16999816894531,20991700
2020-05-20,50.7340202331543,54.310001373291016,55.79999923706055,50.88999938964844,55.0,29858300
2020-05-21,49.108585357666016,52.56999969482422,53.801998138427734,51.470001220703125,52.97999954223633,19364700
2020-05-22,46.6143913269043,49.900001525878906,51.09000015258789,49.33000183105469,50.263999938964844,22601900
2020-05-26,49.13661193847656,52.599998474121094,54.459999084472656,52.18000030517578,52.244998931884766,21407400
2020-05-27,48.725582122802734,52.15999984741211,53.0,49.91999816894531,52.970001220703125,16495900
2020-05-28,47.660648345947266,51.02000045776367,52.47999954223633,50.63999938964844,51.56999969482422,10638700
2020-05-29,50.75270080566406,54.33000183105469,54.33000183105469,51.060001373291016,51.349998474121094,16917900
2020-06-01,51.126365661621094,54.72999954223633,54.880001068115234,53.380001068115234,54.20000076293945,11045800
2020-06-02,51.957763671875,55.619998931884766,56.18000030517578,54.77000045776367,55.029998779296875,15409400
2020-06-03,52.99467468261719,56.72999954223633,57.53499984741211,55.79999923706055,56.18000030517578,13526500
2020-06-04,52.79850769042969,56.52000045776367,57.48500061035156,55.849998474121094,56.459999084472656,10539700
2020-06-05,55.1525764465332,59.040000915527344,59.81999969482422,57.66999816894531,58.09000015258789,17635200
2020-06-08,55.27401351928711,59.16999816894531,60.290000915527344,58.04999923706055,60.08000183105469,11622300
2020-06-09,54.94706344604492,58.81999969482422,59.50600051879883,58.43000030517578,58.439998626708984,11701800
2020-06-10,56.703277587890625,60.70000076293945,60.96500015258789,59.56999969482422,59.790000915527344,11565600
2020-06-11,53.47109603881836,57.2400016784668,59.16999816894531,56.7400016784668,58.5,19631000
2020-06-12,54.17171859741211,57.9900016784668,59.02000045776367,56.599998474121094,58.5099983215332,14544800
2020-06-15,55.59163284301758,59.5099983215332,59.56999969482422,56.79999923706055,56.97999954223633,12181000
2020-06-16,56.964839935302734,60.97999954223633,61.279998779296875,58.29999923706055,60.5,16246500
2020-06-17,57.92701721191406,62.0099983215332,62.41999816894531,61.06999969482422,61.5,24165200
2020-06-18,56.787349700927734,60.790000915527344,61.0,59.52000045776367,60.810001373291016,40121200
2020-06-19,54.77891159057617,58.63999938964844,61.0,58.54999923706055,60.619998931884766,23173100
2020-06-22,55.199283599853516,59.09000015258789,59.150001525878906,57.939998626708984,59.13999938964844,15445900
2020-06-23,55.974632263183594,59.91999816894531,60.689998626708984,59.13999938964844,59.93000030517578,10271200
2020-06-24,55.89990234375,59.84000015258789,61.060001373291016,58.58000183105469,60.09000015258789,11820300
2020-06-25,56.525787353515625,60.5099983215332,60.66999816894531,58.81999969482422,59.650001525878906,7796300
2020-06-26,55.722415924072266,59.650001525878906,60.95000076293945,58.95000076293945,60.45500183105469,12460400
2020-06-29,55.657020568847656,59.58000183105469,60.0,58.25,59.060001373291016,8217600
2020-06-30,56.2175178527832,60.18000030517578,60.900001525878906,59.209999084472656,59.36000061035156,10555900
2020-07-01,56.04936599731445,60.0,60.779998779296875,59.61000061035156,60.16400146484375,6432300
2020-07-02,57.347843170166016,61.38999938964844,61.91999816894531,60.79999923706055,61.380001068115234,10492800
2020-07-06,59.07603454589844,63.2400016784668,64.05000305175781,62.5,63.59000015258789,16273400
2020-07-07,57.60940170288086,61.66999816894531,63.209999084472656,61.630001068115234,62.93000030517578,8974500
2020-07-08,61.07512283325195,65.37999725341797,65.9000015258789,62.91999816894531,63.47999954223633,21605900
2020-07-09,62.92475128173828,67.36000061035156,69.18000030517578,65.62000274658203,68.0,17759000
2020-07-10,61.28998565673828,65.61000061035156,66.5,64.55000305175781,66.27999877929688,10317900
2020-07-13,58.19792556762695,62.29999923706055,66.3499984741211,62.11000061035156,65.80000305175781,14758900
2020-07-14,58.039119720458984,62.130001068115234,62.45000076293945,59.959999084472656,60.900001525878906,14769900
2020-07-15,58.431461334228516,62.54999923706055,63.06999969482422,61.599998474121094,62.380001068115234,8188400
2020-07-16,57.64677429199219,61.709999084472656,62.11000061035156,59.40999984741211,60.71699905395508,11105500
2020-07-17,58.039119720458984,62.130001068115234,62.7599983215332,61.599998474121094,62.7599983215332,5404300
2020-07-20,59.225502014160156,63.400001525878906,63.70000076293945,62.27000045776367,63.42499923706055,10546200
2020-07-21,58.48751449584961,62.61000061035156,65.0989990234375,61.68000030517578,65.06999969482422,14538300
2020-07-22,57.76821517944336,61.84000015258789,62.415000915527344,60.869998931884766,61.959999084472656,9616100
2020-07-23,56.53512954711914,60.52000045776367,62.290000915527344,59.91999816894531,62.040000915527344,11889900
2020-07-24,56.871429443359375,60.880001068115234,61.33000183105469,58.7599983215332,59.34000015258789,11670800
2020-07-27,58.64632034301758,62.779998779296875,62.84000015258789,60.91999816894531,60.959999084472656,9133400
2020-07-28,57.441261291503906,61.4900016784668,62.948001861572266,61.290000915527344,62.869998931884766,5823100
2020-07-29,58.468833923339844,62.59000015258789,63.45000076293945,61.72999954223633,61.81999969482422,5656000
2020-07-30,58.1885871887207,62.290000915527344,62.810001373291016,61.56999969482422,62.58000183105469,5653200
2020-07-31,59.589820861816406,63.790000915527344,64.25,62.38999938964844,62.95000076293945,11237600
2020-08-03,60.28109359741211,64.52999877929688,65.55000305175781,63.939998626708984,64.0,10036100
2020-08-04,60.318458557128906,64.56999969482422,65.125,64.05999755859375,65.0,7548200
2020-08-05,61.20590591430664,65.5199966430664,65.8499984741211,63.900001525878906,64.48999786376953,9148400
2020-08-06,60.63607406616211,64.91000366210938,65.5,63.54999923706055,65.48999786376953,10765300
2020-08-07,57.97372817993164,62.060001373291016,63.599998474121094,60.7400016784668,63.130001068115234,14099100
2020-08-10,57.441261291503906,61.4900016784668,62.75,59.900001525878906,61.619998931884766,12736000
2020-08-11,57.151668548583984,61.18000030517578,62.58000183105469,60.849998474121094,61.9900016784668,10213200
2020-08-12,58.758419036865234,62.900001525878906,63.52000045776367,61.63999938964844,61.91999816894531,6933100
2020-08-13,58.42212677001953,62.540000915527344,63.459999084472656,62.18000030517578,63.45000076293945,7453300
2020-08-14,57.97372817993164,62.060001373291016,62.790000915527344,60.94200134277344,62.72999954223633,10270200
2020-08-17,62.56977844238281,66.9800033569336,67.0999984741211,62.599998474121094,64.66000366210938,32952600
2020-08-18,65.68985748291016,70.31999969482422,71.4000015258789,68.13999938964844,68.19000244140625,23255700
2020-08-19,67.78236389160156,72.55999755859375,73.69000244140625,70.80000305175781,70.80000305175781,22116000
2020-08-20,69.07150268554688,73.94000244140625,74.38999938964844,71.02999877929688,71.26000213623047,22001100
2020-08-21,70.04302215576172,74.9800033569336,75.72200012207031,73.86000061035156,74.55999755859375,12574700
2020-08-24,71.16401672363281,76.18000030517578,77.30000305175781,75.01000213623047,76.98999786376953,12517100
2020-08-25,73.77030944824219,78.97000122070312,79.81999969482422,76.33999633789062,76.56999969482422,19106300
2020-08-26,75.08746337890625,80.37999725341797,81.44999694824219,79.31999969482422,81.05999755859375,19095700
2020-08-27,74.07858276367188,79.30000305175781,81.23999786376953,78.2300033569336,81.12999725341797,12674100
2020-08-28,74.69512176513672,79.95999908447266,80.72000122070312,78.88999938964844,79.68000030517578,7989900
2020-08-31,73.4620361328125,78.63999938964844,80.47000122070312,78.56999969482422,79.94000244140625,12917300
2020-09-01,77.05854034423828,82.48999786376953,83.0,79.1449966430664,79.48999786376953,11431400
2020-09-02,77.73113250732422,83.20999908447266,86.58000183105469,81.80000305175781,85.45899963378906,13860900
2020-09-03,73.83570098876953,79.04000091552734,81.69000244140625,76.02999877929688,81.375,19254000
2020-09-04,74.73249053955078,80.0,80.80000305175781,75.4000015258789,77.96600341796875,21500900
2020-09-08,71.20138549804688,76.22000122070312,78.01499938964844,75.37999725341797,76.0,14080500
2020-09-09,72.10751342773438,77.19000244140625,77.66000366210938,75.69999694824219,77.13999938964844,8952800
2020-09-10,69.6226577758789,74.52999877929688,78.16999816894531,73.55000305175781,77.12999725341797,11810400
2020-09-11,69.29570007324219,74.18000030517578,76.19000244140625,73.33000183105469,75.18000030517578,10572300
2020-09-14,71.54701232910156,76.58999633789062,76.91000366210938,75.0,75.69999694824219,7414900
2020-09-15,71.93002319335938,77.0,78.41500091552734,76.58999633789062,78.2300033569336,8105500
2020-09-16,70.14578247070312,75.08999633789062,77.06999969482422,74.94999694824219,77.01000213623047,8055400
2020-09-17,69.47319030761719,74.37000274658203,74.47000122070312,72.75599670410156,73.0199966430664,9099400
2020-09-18,69.59463500976562,74.5,75.79000091552734,73.06999969482422,75.08000183105469,9575000
2020-09-21,70.18315124511719,75.12999725341797,75.1500015258789,72.0199966430664,72.76000213623047,9180800
2020-09-22,70.06170654296875,75.0,75.58000183105469,74.06999969482422,75.30999755859375,7226600
2020-09-23,69.67869567871094,74.58999633789062,76.81999969482422,74.0999984741211,75.04000091552734,9962200
2020-09-24,67.93183135986328,72.72000122070312,74.29000091552734,72.3499984741211,73.5,12166700
2020-09-25,69.75343322753906,74.66999816894531,75.18000030517578,71.76000213623047,72.87999725341797,12517600
2020-09-28,71.08927917480469,76.0999984741211,76.0999984741211,73.94999694824219,75.88999938964844,8245600
2020-09-29,70.21117401123047,75.16000366210938,76.4000015258789,74.73999786376953,76.0999984741211,5927400
2020-09-30,72.4998550415039,77.61000061035156,78.81999969482422,75.63999938964844,76.29000091552734,11377900
2020-10-01,73.39664459228516,78.56999969482422,79.0,77.47000122070312,78.75,7422700
2020-10-02,71.08927917480469,76.0999984741211,78.13800048828125,75.76000213623047,76.73999786376953,8825800
2020-10-05,71.3695297241211,76.4000015258789,77.54000091552734,75.58999633789062,76.87999725341797,6122300
2020-10-06,71.64044189453125,76.69000244140625,78.5199966430664,76.30999755859375,76.88999938964844,10015400
2020-10-07,72.97628021240234,78.12000274658203,79.41000366210938,77.6780014038086,78.55999755859375,12186400
2020-10-08,73.00430297851562,78.1500015258789,78.58999633789062,77.0999984741211,78.51000213623047,10987700
2020-10-09,74.53631591796875,79.79000091552734,80.1500015258789,78.66999816894531,79.08999633789062,11319800
2020-10-12,78.7680435180664,84.31999969482422,85.38500213623047,81.9000015258789,82.13999938964844,18046200
2020-10-13,77.1706314086914,82.61000061035156,84.34500122070312,82.12999725341797,84.0999984741211,12402300
2020-10-14,75.76006317138672,81.0999984741211,83.13999938964844,79.91000366210938,82.80999755859375,12398300
2020-10-15,74.96601867675781,80.25,80.31999969482422,78.63999938964844,79.0,10540000
2020-10-16,76.15240478515625,81.5199966430664,82.23999786376953,80.66999816894531,81.43000030517578,9775400
2020-10-19,75.30232238769531,80.61000061035156,82.63999938964844,80.22000122070312,82.0,8051000
2020-10-20,77.13327026367188,82.56999969482422,83.5199966430664,81.0,81.0,9706500
2020-10-21,77.18932342529297,82.62999725341797,84.45999908447266,82.19000244140625,83.37999725341797,7680200
2020-10-22,75.95623016357422,81.30999755859375,83.63999938964844,80.13999938964844,83.22000122070312,8746300
2020-10-23,75.9842529296875,81.33999633789062,81.33999633789062,79.31999969482422,80.76000213623047,6838800
2020-10-26,76.0496597290039,81.41000366210938,81.9800033569336,80.01000213623047,81.12000274658203,4882200
2020-10-27,77.54430389404297,83.01000213623047,83.97000122070312,80.62000274658203,81.7699966430664,7916000
2020-10-28,74.80722045898438,80.08000183105469,82.0,79.80999755859375,81.30000305175781,8176300
2020-10-29,77.57232666015625,83.04000091552734,84.93000030517578,81.0,81.2300033569336,13156600
2020-10-30,76.15240478515625,81.5199966430664,82.34500122070312,80.27200317382812,82.08000183105469,9178500
2020-11-02,76.89972686767578,82.31999969482422,83.43000030517578,79.83999633789062,82.83999633789062,8976800
2020-11-03,77.24537658691406,82.69000244140625,83.0999984741211,78.18099975585938,79.80000305175781,14326800
2020-11-04,83.42948150634766,89.30999755859375,89.58000183105469,86.20999908447266,86.69999694824219,24149400
2020-11-05,85.55935668945312,91.58999633789062,92.05999755859375,88.13999938964844,91.68499755859375,16688500
2020-11-06,86.40009307861328,92.48999786376953,92.7699966430664,90.91000366210938,92.0,9631800
2020-11-09,79.2724838256836,84.86000061035156,92.47000122070312,84.01000213623047,92.4000015258789,20851500
2020-11-10,74.80722045898438,80.08000183105469,82.87999725341797,78.25,82.5199966430664,27080100
2020-11-11,77.38549041748047,82.83999633789062,83.26499938964844,78.55999755859375,79.50499725341797,17811700
2020-11-12,80.6924057006836,86.37999725341797,89.66000366210938,85.8499984741211,87.02999877929688,21641000
2020-11-13,86.01710510253906,92.08000183105469,92.33000183105469,88.20999908447266,90.93399810791016,22683200
2020-11-16,79.64614868164062,85.26000213623047,89.58999633789062,84.13999938964844,88.5,31929400
2020-11-17,81.2435531616211,86.97000122070312,87.9000015258789,85.69000244140625,87.37999725341797,17068300
2020-11-18,80.57096862792969,86.25,87.22000122070312,84.4000015258789,87.125,12563900
2020-11-19,80.37478637695312,86.04000091552734,86.33000183105469,84.72000122070312,85.20999908447266,10795300
2020-11-20,81.96286010742188,87.73999786376953,87.91000366210938,85.37999725341797,86.19000244140625,10585900
2020-11-23,81.79470825195312,87.55999755859375,89.11000061035156,86.41999816894531,88.54000091552734,9925100
2020-11-24,83.90589904785156,89.81999969482422,90.29000091552734,88.33000183105469,89.1240005493164,9568100
2020-11-25,82.42059326171875,88.2300033569336,89.01000213623047,86.76000213623047,87.96499633789062,11424300
2020-11-27,83.52290344238281,89.41000366210938,89.79000091552734,88.1760025024414,89.05999755859375,5787600
2020-11-30,79.730224609375,85.3499984741211,88.47000122070312,83.30999755859375,88.23999786376953,18014400
2020-12-01,79.73957061767578,85.36000061035156,86.37999725341797,84.5999984741211,86.25499725341797,10878100
2020-12-02,78.82408905029297,84.37999725341797,84.9000015258789,82.79000091552734,84.48999786376953,12434400
2020-12-03,80.60833740234375,86.29000091552734,87.06999969482422,85.06999969482422,85.16000366210938,7929400
2020-12-04,79.58076477050781,85.19000244140625,87.45999908447266,84.5999984741211,87.12000274658203,9411000
2020-12-07,77.99269104003906,83.48999786376953,85.44999694824219,82.93000030517578,85.11000061035156,12677500
2020-12-08,76.61013793945312,82.01000213623047,84.01000213623047,81.5,84.01000213623047,16316700
2020-12-09,76.43264770507812,81.81999969482422,83.3499984741211,81.6500015258789,82.25,11117800
2020-12-10,76.32989501953125,81.70999908447266,82.19999694824219,80.91000366210938,81.5,9952300
2020-12-11,77.1706314086914,82.61000061035156,84.66999816894531,82.0,82.30000305175781,13942900
2020-12-14,74.69512176513672,79.95999908447266,82.0,79.06999969482422,81.51000213623047,12966200
2020-12-15,74.26541137695312,79.5,80.45999908447266,79.0999984741211,79.94000244140625,8454400
2020-12-16,76.38594818115234,81.7699966430664,82.02999877929688,79.91999816894531,80.5,8962400
2020-12-17,77.26404571533203,82.70999908447266,83.37000274658203,81.6500015258789,83.1500015258789,9031700
2020-12-18,76.1617431640625,81.52999877929688,82.80000305175781,81.0999984741211,82.33999633789062,9813400
2020-12-21,75.3303451538086,80.63999938964844,81.26000213623047,79.37000274658203,79.60700225830078,8246200
2020-12-22,77.33878326416016,82.79000091552734,82.88999938964844,80.552001953125,81.25,7771500
2020-12-23,79.83297729492188,85.45999908447266,87.47000122070312,84.20999908447266,85.04000091552734,13241500
2020-12-24,78.92684936523438,84.48999786376953,86.66000366210938,83.11000061035156,83.38999938964844,12164400
2020-12-28,76.23648834228516,81.61000061035156,83.80000305175781,81.05999755859375,82.68000030517578,9496400
2020-12-29,80.46820831298828,86.13999938964844,86.26499938964844,83.0,83.08999633789062,9689700
2020-12-30,83.62565612792969,89.5199966430664,89.55999755859375,86.91999816894531,87.5,12057100
2020-12-31,82.1123275756836,87.9000015258789,89.0199966430664,86.7699966430664,88.12000274658203,7729800
2021-01-04,80.64569854736328,86.33000183105469,88.05999755859375,85.16000366210938,87.55999755859375,9204200
2021-01-05,89.2119140625,95.5,96.19999694824219,88.08000183105469,88.1500015258789,31011800
2021-01-06,82.3738784790039,88.18000030517578,93.29000091552734,86.80999755859375,92.52999877929688,21751400
2021-01-07,82.1310043334961,87.91999816894531,90.62000274658203,85.87000274658203,90.54000091552734,17070200
2021-01-08,85.51264953613281,91.54000091552734,91.5999984741211,87.37999725341797,89.0,13007400
2021-01-11,84.42902374267578,90.37999725341797,91.54000091552734,88.80000305175781,90.03500366210938,6956100
2021-01-12,82.7101821899414,88.54000091552734,91.0999984741211,88.44000244140625,90.62000274658203,9979900
2021-01-13,84.4850845336914,90.44000244140625,91.19999694824219,88.18000030517578,89.15499877929688,7282400
2021-01-14,83.36408996582031,89.23999786376953,92.44999694824219,89.02999877929688,91.43000030517578,8053100
2021-01-15,81.99088287353516,87.7699966430664,89.88999938964844,87.20999908447266,89.80999755859375,8862500
2021-01-19,85.14833068847656,91.1500015258789,91.43000030517578,89.9739990234375,90.52999877929688,10805200
2021-01-20,89.034423828125,95.30999755859375,95.7249984741211,92.83000183105469,93.72000122070312,15501600
2021-01-21,88.83824157714844,95.0999984741211,95.56999969482422,93.3499984741211,95.4000015258789,7342400
2021-01-22,88.66075897216797,94.91000366210938,95.55000305175781,93.6449966430664,93.94999694824219,6948400
2021-01-25,91.90227508544922,98.37999725341797,101.68000030517578,96.2300033569336,99.30000305175781,16409700
2021-01-26,90.58512115478516,96.97000122070312,99.30000305175781,96.20999908447266,99.0199966430664,8246700
2021-01-27,84.15812683105469,90.08999633789062,94.41000366210938,89.75,93.4000015258789,16058200
2021-01-28,85.3912124633789,91.41000366210938,92.19000244140625,89.52999877929688,90.36000061035156,11254400
2021-01-29,82.85030364990234,88.69000244140625,91.80000305175781,88.63999938964844,89.9800033569336,10855300
2021-02-01,85.26042175292969,91.2699966430664,91.80000305175781,89.08499908447266,90.1500015258789,7452700
2021-02-02,89.13717651367188,95.41999816894531,96.05000305175781,94.22000122070312,94.98699951171875,11522400
2021-02-03,89.2119140625,95.5,97.45999908447266,95.30000305175781,96.83999633789062,7328200
2021-02-04,88.3991928100586,94.62999725341797,96.01000213623047,93.9000015258789,95.59500122070312,5336200
2021-02-05,90.27684783935547,96.63999938964844,96.81999969482422,94.86000061035156,95.23999786376953,5821800
2021-02-08,88.3431396484375,94.56999969482422,95.79000091552734,94.08000183105469,95.68000030517578,5681600
2021-02-09,90.67853546142578,97.06999969482422,97.55999755859375,94.44000244140625,95.04000091552734,5790400
2021-02-10,92.26659393310547,98.7699966430664,100.47000122070312,96.88099670410156,98.80000305175781,8629400
2021-02-11,92.48145294189453,99.0,99.94999694824219,98.12999725341797,99.94999694824219,4461600
2021-02-12,92.77104949951172,99.30999755859375,99.76000213623047,97.80999755859375,98.79000091552734,3233900
2021-02-16,96.61976623535156,103.43000030517578,105.19999694824219,102.4800033569336,102.8499984741211,10809000
2021-02-17,99.84260559082031,106.87999725341797,108.29000091552734,105.11000061035156,106.63999938964844,11456400
2021-02-18,98.48807525634766,105.43000030517578,106.01000213623047,102.26000213623047,102.91500091552734,8646100
2021-02-19,99.10462188720703,106.08999633789062,107.66999816894531,105.41999816894531,106.58000183105469,6451200
2021-02-22,91.22969818115234,97.66000366210938,102.44999694824219,97.16000366210938,102.1500015258789,13054100
2021-02-23,92.9205093383789,99.47000122070312,100.06999969482422,92.58000183105469,96.54000091552734,13873500
2021-02-24,90.02462768554688,96.37000274658203,96.76000213623047,94.58000183105469,96.44000244140625,11915000
2021-02-25,87.21282196044922,93.36000061035156,96.95999908447266,92.44999694824219,95.30999755859375,11309200
2021-02-26,87.68923950195312,93.87000274658203,94.6500015258789,90.87000274658203,92.43000030517578,14582100
2021-03-01,91.56598663330078,98.0199966430664,98.44999694824219,96.43000030517578,96.7300033569336,9901200
2021-03-02,90.03396606445312,96.37999725341797,98.69999694824219,96.28500366210938,97.97000122070312,8151700
2021-03-03,87.45569610595703,93.62000274658203,97.80000305175781,92.91999816894531,96.79000091552734,11139700
2021-03-04,84.79334259033203,90.7699966430664,93.88500213623047,89.25,92.73999786376953,17791000
2021-03-05,84.65323638916016,90.62000274658203,92.5999984741211,85.88999938964844,92.37999725341797,16834200
2021-03-08,79.73957061767578,85.36000061035156,88.18000030517578,85.22000122070312,87.0,13504200
2021-03-09,83.63500213623047,89.52999877929688,90.04000091552734,86.83499908447266,87.36000061035156,11581500
2021-03-10,83.44817352294922,89.33000183105469,91.61900329589844,88.75,90.70999908447266,9256300
2021-03-11,84.0833969116211,90.01000213623047,94.4000015258789,88.52999877929688,94.197998046875,24719800
2021-03-12,78.48779296875,84.0199966430664,86.19000244140625,83.27999877929688,86.0199966430664,24764000
2021-03-15,79.52471160888672,85.12999725341797,85.23999786376953,82.41999816894531,83.58999633789062,12745700
2021-03-16,80.11322784423828,85.76000213623047,86.69999694824219,84.5999984741211,85.12999725341797,10145200
2021-03-17,79.74890899658203,85.37000274658203,86.23999786376953,83.05799865722656,83.54000091552734,11941600
2021-03-18,78.37570190429688,83.9000015258789,85.26000213623047,82.88400268554688,83.83999633789062,10261100
2021-03-19,79.39392852783203,84.98999786376953,85.27999877929688,83.02999877929688,83.77999877929688,13364500
2021-03-22,79.375244140625,84.97000122070312,85.87999725341797,83.69000244140625,85.30000305175781,7398800
2021-03-23,78.0113754272461,83.51000213623047,84.45999908447266,83.12000274658203,83.47000122070312,8862500
2021-03-24,73.86372375488281,79.06999969482422,82.5,78.75499725341797,82.0999984741211,17406100
2021-03-25,73.52742767333984,78.70999908447266,80.29499816894531,76.11000061035156,76.5,14599200
2021-03-26,76.66619110107422,82.06999969482422,83.4800033569336,79.0199966430664,79.54000091552734,19789600
2021-03-29,76.3766098022461,81.76000213623047,82.58000183105469,80.0,81.25,8989000
2021-03-30,77.53495788574219,83.0,83.74500274658203,81.36000061035156,81.63999938964844,7102200
2021-03-31,78.77738952636719,84.33000183105469,85.2249984741211,83.2300033569336,83.68000030517578,10140600
2021-04-01,78.75870513916016,84.30999755859375,86.87999725341797,83.95999908447266,86.5,11909100
2021-04-05,77.05854034423828,82.48999786376953,85.56999969482422,81.73999786376953,85.14399719238281,9268300
2021-04-06,78.0113754272461,83.51000213623047,84.47000122070312,82.0199966430664,82.6500015258789,8909500
2021-04-07,75.90018463134766,81.25,82.19000244140625,80.86000061035156,81.79000091552734,9445200
2021-04-08,76.73158264160156,82.13999938964844,82.81999969482422,81.95999908447266,82.66999816894531,6651800
2021-04-09,75.11549377441406,80.41000366210938,81.33000183105469,79.75,81.0,8313400
2021-04-12,73.47138214111328,78.6500015258789,79.5,77.66999816894531,79.5,14302500
2021-04-13,73.61150360107422,78.80000305175781,79.51000213623047,76.7699966430664,77.80999755859375,12511500
2021-04-14,72.97628021240234,78.12000274658203,79.70999908447266,77.94000244140625,79.58000183105469,8603700
2021-04-15,72.38775634765625,77.48999786376953,78.44000244140625,77.26499938964844,78.16000366210938,8614400
2021-04-16,71.96739196777344,77.04000091552734,77.75,76.72000122070312,77.2699966430664,13891600
2021-04-19,71.88330841064453,76.94999694824219,77.5999984741211,76.19999694824219,77.01000213623047,9509000
2021-04-20,69.64134216308594,74.55000305175781,76.73999786376953,74.31500244140625,76.73999786376953,15550800
2021-04-21,70.73429870605469,75.72000122070312,75.76000213623047,72.80999755859375,74.0,10833500
2021-04-22,71.09861755371094,76.11000061035156,77.05000305175781,75.12999725341797,75.8270034790039,9509000
2021-04-23,71.69647979736328,76.75,77.91000366210938,76.68000030517578,76.7300033569336,9582700
2021-04-26,71.12664794921875,76.13999938964844,76.55999755859375,74.94000244140625,76.12999725341797,12238600
2021-04-27,73.29388427734375,78.45999908447266,78.93000030517578,76.47000122070312,76.71499633789062,11834100
2021-04-28,73.85438537597656,79.05999755859375,79.54000091552734,77.72000122070312,78.69000244140625,7035500
2021-04-29,72.70536804199219,77.83000183105469,80.06999969482422,77.41999816894531,79.83999633789062,7327300
2021-04-30,72.26631164550781,77.36000061035156,78.20800018310547,76.37000274658203,76.37000274658203,6386900
2021-05-03,71.94869995117188,77.0199966430664,78.88999938964844,76.66999816894531,77.19999694824219,6255500
2021-05-04,71.07059478759766,76.08000183105469,77.58999633789062,75.52999877929688,76.76499938964844,8822000
2021-05-05,70.56615447998047,75.54000091552734,76.68900299072266,75.19000244140625,76.08000183105469,5580200
2021-05-06,71.36018371582031,76.38999938964844,77.06999969482422,74.94000244140625,75.38999938964844,8142900
2021-05-07,70.53813171386719,75.51000213623047,77.19999694824219,75.48500061035156,76.76000213623047,7808500
2021-05-10,66.69874572753906,71.4000015258789,74.34500122070312,71.38999938964844,74.34500122070312,16602000
2021-05-11,67.98788452148438,72.77999877929688,73.05999755859375,69.16000366210938,69.44999694824219,10507200
2021-05-12,66.55862426757812,71.25,73.0,70.83999633789062,72.81999969482422,8704100
2021-05-13,62.61648178100586,67.02999877929688,71.2300033569336,66.98999786376953,71.06999969482422,34600000
2021-05-14,63.662742614746094,68.1500015258789,68.8499984741211,66.55000305175781,68.41000366210938,19366700
2021-05-17,63.71879196166992,68.20999908447266,68.77999877929688,67.41999816894531,68.23999786376953,11958000
2021-05-18,65.1480484008789,69.73999786376953,70.79000091552734,69.05000305175781,69.9000015258789,12594000
2021-05-19,65.9327392578125,70.58000183105469,71.01000213623047,66.55999755859375,67.5,15617800
2021-05-20,68.84729766845703,73.69999694824219,74.83999633789062,72.25499725341797,72.44000244140625,18384500
2021-05-21,67.95985412597656,72.75,75.1500015258789,72.44999694824219,74.88899993896484,10657700
2021-05-24,66.9416275024414,71.66000366210938,72.75,71.58000183105469,72.25,8740200
2021-05-25,68.01589965820312,72.80999755859375,73.5999984741211,72.26000213623047,73.05999755859375,9399000
2021-05-26,68.38021850585938,73.19999694824219,73.72000122070312,72.55999755859375,73.55000305175781,6598700
2021-05-27,68.03458404541016,72.83000183105469,73.58000183105469,72.06999969482422,73.58000183105469,9926200
2021-05-28,69.07150268554688,73.94000244140625,74.08999633789062,72.4000015258789,72.61000061035156,7876400
2021-06-01,73.17245483398438,78.33000183105469,78.83999633789062,75.9800033569336,76.0999984741211,21292100
2021-06-02,71.50030517578125,76.54000091552734,77.94999694824219,76.36499786376953,77.88999938964844,9419900
2021-06-03,70.54747009277344,75.5199966430664,75.86499786376953,74.70999908447266,75.41999816894531,12027700
2021-06-04,70.4634017944336,75.43000030517578,76.3499984741211,75.08000183105469,76.0,8264600
2021-06-07,69.76277923583984,74.68000030517578,75.3949966430664,73.61000061035156,75.38999938964844,8419500
2021-06-08,68.45496368408203,73.27999877929688,75.11000061035156,72.58999633789062,75.01300048828125,8902700
2021-06-09,67.85709381103516,72.63999938964844,74.06999969482422,72.47000122070312,73.13999938964844,7421500
2021-06-10,67.1191177368164,71.8499984741211,73.0999984741211,71.55500030517578,73.06500244140625,9476600
2021-06-11,66.50257110595703,71.19000244140625,72.01000213623047,70.73999786376953,71.27999877929688,11387100
2021-06-14,66.72677612304688,71.43000030517578,71.7249984741211,70.41000366210938,71.19999694824219,8032100
2021-06-15,66.17561340332031,70.83999633789062,71.55000305175781,70.62000274658203,71.25,8455600
2021-06-16,66.78282165527344,71.48999786376953,73.0999984741211,70.43000030517578,71.0,12306500
2021-06-17,68.66046905517578,73.5,74.06999969482422,71.30000305175781,71.37999725341797,12894000
2021-06-18,66.90426635742188,71.62000274658203,73.69000244140625,71.38999938964844,72.73999786376953,27666500
2021-06-21,67.83841705322266,72.62000274658203,72.9749984741211,70.73999786376953,71.61000061035156,8410100
2021-06-22,68.47364044189453,73.30000305175781,74.45999908447266,72.19000244140625,72.19000244140625,10250400
2021-06-23,68.32418060302734,73.13999938964844,74.3499984741211,72.80000305175781,73.48999786376953,7976600
2021-06-24,69.96829223632812,74.9000015258789,75.11000061035156,73.05000305175781,73.70999908447266,9800100
2021-06-25,73.07903289794922,78.2300033569336,78.3499984741211,75.80000305175781,75.92500305175781,16604500
2021-06-28,72.04212188720703,77.12000274658203,78.5,76.6500015258789,78.08000183105469,8379000
2021-06-29,74.49895477294922,79.75,79.77999877929688,77.13500213623047,77.33999633789062,11876400
2021-06-30,74.55500030517578,79.80999755859375,80.2699966430664,78.4000015258789,78.88999938964844,11264000
2021-07-01,72.34104919433594,77.44000244140625,80.1500015258789,77.1500015258789,79.30000305175781,11108600
2021-07-02,71.21072387695312,76.2300033569336,77.41000366210938,75.55000305175781,77.30000305175781,8013700
2021-07-06,67.62356567382812,72.38999938964844,74.37999725341797,72.23999786376953,74.25,15591300
2021-07-07,67.91315460205078,72.69999694824219,73.61000061035156,71.88999938964844,73.30000305175781,10459500
2021-07-08,66.22232818603516,70.88999938964844,71.2300033569336,69.83000183105469,70.36000061035156,11918800
2021-07-09,68.71652221679688,73.55999755859375,73.73500061035156,71.62000274658203,71.7699966430664,11205400
2021-07-12,68.35220336914062,73.16999816894531,73.83999633789062,72.37999725341797,73.08999633789062,5664100
2021-07-13,71.48162841796875,76.5199966430664,77.55000305175781,74.15499877929688,74.15499877929688,15412800
2021-07-14,70.48207092285156,75.44999694824219,76.62999725341797,74.5199966430664,76.25,9620600
2021-07-15,71.79924011230469,76.86000061035156,78.16999816894531,76.0999984741211,76.16999816894531,9169900
2021-07-16,70.61286163330078,75.58999633789062,77.44999694824219,75.22000122070312,76.87000274658203,6527700
2021-07-19,69.33306884765625,74.22000122070312,74.36000061035156,72.68000030517578,74.0,9476900
2021-07-20,69.00611877441406,73.87000274658203,74.25,72.80000305175781,74.16000366210938,6612400
2021-07-21,70.34195709228516,75.30000305175781,75.4800033569336,73.2300033569336,73.3499984741211,6176000
2021-07-22,70.91179656982422,75.91000366210938,76.63999938964844,75.38999938964844,76.0,4531900
2021-07-23,67.53014373779297,72.29000091552734,73.0,70.70999908447266,72.947998046875,20290000
2021-07-26,61.729034423828125,66.08000183105469,69.94999694824219,65.28900146484375,69.19000244140625,39967600
2021-07-27,60.50529098510742,64.7699966430664,65.51000213623047,61.650001525878906,62.2239990234375,44229200
2021-07-28,65.6524887084961,70.27999877929688,71.2699966430664,67.71800231933594,68.2300033569336,33628700
2021-07-29,67.19384002685547,71.93000030517578,72.19999694824219,69.44999694824219,72.08000183105469,17065000
2021-07-30,66.21298217773438,70.87999725341797,72.19999694824219,69.7699966430664,69.97000122070312,9948000
2021-08-02,66.78282165527344,71.48999786376953,72.62000274658203,70.80999755859375,71.06999969482422,8422500
2021-08-03,65.61512756347656,70.23999786376953,70.91000366210938,69.19000244140625,70.66000366210938,8509500
2021-08-04,66.69874572753906,71.4000015258789,72.8499984741211,70.62999725341797,70.62999725341797,8074900
2021-08-05,66.08220672607422,70.73999786376953,71.16000366210938,69.76000213623047,70.88999938964844,7485500
2021-08-06,65.0079116821289,69.58999633789062,71.23999786376953,69.20999908447266,71.0999984741211,6977600
2021-08-09,67.00701904296875,71.7300033569336,71.86499786376953,69.81199645996094,69.93000030517578,6342000
2021-08-10,67.03504180908203,71.76000213623047,73.48999786376953,71.5199966430664,72.80000305175781,5195300
2021-08-11,66.39047241210938,71.06999969482422,72.69499969482422,70.80999755859375,72.54000091552734,5674200
2021-08-12,65.88603210449219,70.52999877929688,70.95999908447266,69.41000366210938,70.36000061035156,5781500
2021-08-13,65.26014709472656,69.86000061035156,70.48999786376953,69.19000244140625,69.94999694824219,5630600
2021-08-16,62.280181884765625,66.66999816894531,68.22000122070312,64.80000305175781,68.20999908447266,12498500
2021-08-17,60.028873443603516,64.26000213623047,65.52999877929688,63.02000045776367,64.1500015258789,13386000
2021-08-18,61.21525192260742,65.52999877929688,66.29000091552734,63.994998931884766,65.0,9352500
2021-08-19,58.09516906738281,62.189998626708984,63.98099899291992,61.7599983215332,63.290000915527344,16724800
2021-08-20,59.43101119995117,63.619998931884766,65.29000091552734,63.0,63.04999923706055,14986900
2021-08-23,61.40208053588867,65.7300033569336,66.30000305175781,62.33000183105469,65.57499694824219,19782800
2021-08-24,70.26722717285156,75.22000122070312,75.8499984741211,71.33999633789062,71.4000015258789,35954700
2021-08-25,71.12664794921875,76.13999938964844,76.30000305175781,73.7300033569336,74.75,11311900
2021-08-26,71.96739196777344,77.04000091552734,77.4729995727539,75.80500030517578,76.19000244140625,11581100
2021-08-27,71.39754486083984,76.43000030517578,78.12000274658203,75.80999755859375,77.25,12969600
2021-08-30,71.64044189453125,76.69000244140625,76.96800231933594,74.29000091552734,75.14800262451172,7979900
2021-08-31,73.3873062133789,78.55999755859375,80.55999755859375,77.30000305175781,78.08000183105469,13044400
2021-09-01,75.46112823486328,80.77999877929688,81.55000305175781,79.45999908447266,79.4800033569336,12061500
2021-09-02,74.9566879272461,80.23999786376953,81.31999969482422,79.33699798583984,80.51000213623047,9903500
2021-09-03,74.5970458984375,79.8550033569336,80.30999755859375,78.7750015258789,79.30000305175781,8502200
2021-09-07,77.7591552734375,83.23999786376953,84.08000183105469,80.94000244140625,81.08999633789062,19339000
2021-09-08,76.34858703613281,81.7300033569336,82.79000091552734,80.55999755859375,82.29000091552734,7158600
2021-09-09,74.9753646850586,80.26000213623047,81.16999816894531,77.91999816894531,78.75499725341797,9719300
2021-09-10,75.3303451538086,80.63999938964844,83.08999633789062,80.48999786376953,82.19999694824219,8229900
2021-09-13,74.89129638671875,80.16999816894531,81.05999755859375,78.62699890136719,79.52400207519531,7567700
2021-09-14,72.77075958251953,77.9000015258789,80.5,77.70500183105469,80.0,11325000
2021-09-15,71.5843734741211,76.62999725341797,76.91000366210938,74.97000122070312,75.79399871826172,10901600
2021-09-16,72.08882141113281,77.16999816894531,77.31999969482422,75.16000366210938,75.33000183105469,7989400
2021-09-17,72.57459259033203,77.69000244140625,79.70999908447266,77.23999786376953,79.04000091552734,9779500
2021-09-20,69.26768493652344,74.1500015258789,75.36000061035156,73.0199966430664,74.55999755859375,10219400
2021-09-21,68.66046905517578,73.5,75.43000030517578,73.44000244140625,74.45600128173828,7431600
2021-09-22,70.92112731933594,75.91999816894531,76.70999908447266,74.26000213623047,74.5250015258789,7788400
2021-09-23,71.1173095703125,76.12999725341797,76.41000366210938,74.83999633789062,75.94999694824219,4931500
2021-09-24,69.10887145996094,73.9800033569336,75.05000305175781,73.54000091552734,74.66999816894531,6085800
2021-09-27,71.39754486083984,76.43000030517578,76.69000244140625,73.66000366210938,74.5199966430664,7939000
2021-09-28,70.45405578613281,75.41999816894531,77.36000061035156,73.5999984741211,76.30999755859375,11185400
2021-09-29,66.90426635742188,71.62000274658203,75.5,71.45099639892578,75.0999984741211,12045200
2021-09-30,67.48343658447266,72.23999786376953,73.68299865722656,71.98999786376953,72.08499908447266,7131300
2021-10-01,65.40960693359375,70.0199966430664,73.11000061035156,69.67500305175781,72.08999633789062,8899900
2021-10-04,64.83977508544922,69.41000366210938,70.19499969482422,68.45999908447266,70.0199966430664,10249400
2021-10-05,66.90426635742188,71.62000274658203,71.86000061035156,70.25,70.45999908447266,8558300
2021-10-06,67.13780212402344,71.87000274658203,72.32499694824219,69.53500366210938,69.91000366210938,6398200
2021-10-07,71.276123046875,76.30000305175781,76.5999984741211,74.69999694824219,74.95999908447266,12415700
2021-10-08,73.43400573730469,78.61000061035156,78.94999694824219,76.12000274658203,76.83999633789062,11563300
2021-10-11,72.86417388916016,78.0,80.2300033569336,77.83999633789062,80.04000091552734,10270300
2021-10-12,73.24718475341797,78.41000366210938,79.40299987792969,77.7699966430664,77.9000015258789,8772800
2021-10-13,75.26495361328125,80.56999969482422,81.01000213623047,79.4800033569336,79.60299682617188,9575900
2021-10-14,75.69467163085938,81.02999877929688,81.30500030517578,78.83000183105469,80.81500244140625,7893300
2021-10-15,76.05899047851562,81.41999816894531,81.61000061035156,79.62000274658203,80.38999938964844,8361000
2021-10-18,76.9931411743164,82.41999816894531,82.87000274658203,81.43000030517578,81.55000305175781,6106600
2021-10-19,79.31919860839844,84.91000366210938,85.5,83.14199829101562,83.55000305175781,11383800
2021-10-20,79.89837646484375,85.52999877929688,87.83000183105469,84.95999908447266,85.9800033569336,9831300
2021-10-21,78.44108581542969,83.97000122070312,84.95999908447266,83.37999725341797,84.11000061035156,6718700
2021-10-22,77.60034942626953,83.06999969482422,85.3499984741211,82.86000061035156,84.16000366210938,5852500
2021-10-25,78.70265197753906,84.25,84.66999816894531,82.56999969482422,83.68000030517578,5129200
2021-10-26,76.11504364013672,81.4800033569336,84.85199737548828,81.06999969482422,84.05000305175781,6447800
2021-10-27,75.5358657836914,80.86000061035156,81.91000366210938,79.05000305175781,79.88999938964844,5779800
2021-10-28,75.59191131591797,80.91999816894531,80.93000030517578,78.73999786376953,79.43000030517578,4468700
2021-10-29,73.12574005126953,78.27999877929688,80.16500091552734,77.98500061035156,79.7300033569336,8080100
2021-11-01,77.06787872314453,82.5,82.55000305175781,78.58999633789062,78.66000366210938,6063600
2021-11-02,75.38639831542969,80.69999694824219,81.38999938964844,80.30999755859375,80.94999694824219,6083700
2021-11-03,76.00293731689453,81.36000061035156,81.72000122070312,79.73999786376953,81.51000213623047,5520300
2021-11-04,75.01274108886719,80.30000305175781,83.05999755859375,80.05000305175781,82.62999725341797,6799700
2021-11-05,72.46249389648438,77.56999969482422,80.0,77.45999908447266,79.9000015258789,5704200
2021-11-08,72.36907958984375,77.47000122070312,79.11000061035156,76.83000183105469,79.04000091552734,6595200
2021-11-09,72.10751342773438,77.19000244140625,79.56999969482422,76.62999725341797,77.04000091552734,5250200
2021-11-10,72.62129211425781,77.73999786376953,79.48999786376953,77.29000091552734,78.80000305175781,8367100
2021-11-11,78.65593719482422,84.19999694824219,84.33000183105469,81.06999969482422,81.55000305175781,15637300
2021-11-12,80.29071807861328,85.94999694824219,86.31999969482422,83.8499984741211,84.08999633789062,9315100
2021-11-15,79.04829406738281,84.62000274658203,86.26000213623047,83.70999908447266,86.13999938964844,7317900
2021-11-16,80.085205078125,85.7300033569336,86.79000091552734,84.91999816894531,85.94999694824219,9064700
2021-11-17,77.67507934570312,83.1500015258789,85.2750015258789,82.23999786376953,85.0,7427100
2021-11-18,82.29915618896484,88.0999984741211,89.29000091552734,85.12000274658203,87.98500061035156,19318700
2021-11-19,85.5219955444336,91.55000305175781,92.0999984741211,89.11000061035156,89.86000061035156,15175000
2021-11-22,81.93482971191406,87.70999908447266,92.16000366210938,86.37999725341797,89.33000183105469,12301600
2021-11-23,83.5696029663086,89.45999908447266,92.69000244140625,87.83300018310547,90.20999908447266,11895500
2021-11-24,83.47618865966797,89.36000061035156,91.19000244140625,88.19000244140625,90.0,6977300
2021-11-26,82.83161926269531,88.66999816894531,89.3499984741211,85.77999877929688,86.87000274658203,8311000
2021-11-29,82.12166595458984,87.91000366210938,88.91999816894531,86.26000213623047,88.30000305175781,9475200
2021-11-30,78.5718765258789,84.11000061035156,87.94499969482422,83.94000244140625,87.16999816894531,14608400
2021-12-01,79.57141876220703,85.18000030517578,88.22000122070312,85.12000274658203,86.87999725341797,8947400
2021-12-02,78.8988265991211,84.45999908447266,87.33000183105469,82.4000015258789,86.5,10695300
2021-12-03,72.81746673583984,77.94999694824219,80.45999908447266,73.69000244140625,79.86000061035156,20656900
2021-12-06,70.23919677734375,75.19000244140625,76.94999694824219,74.2699966430664,76.5199966430664,22191800
2021-12-07,72.94824981689453,78.08999633789062,79.23999786376953,76.5199966430664,78.80999755859375,14548400
2021-12-08,73.13508605957031,78.29000091552734,79.5999984741211,77.3499984741211,78.29000091552734,11270300
2021-12-09,74.33080291748047,79.56999969482422,81.08000183105469,78.04499816894531,78.54000091552734,7498300
2021-12-10,74.46157836914062,79.70999908447266,80.6500015258789,78.7300033569336,79.81999969482422,10624800
2021-12-13,72.910888671875,78.05000305175781,78.58000183105469,76.44000244140625,78.54000091552734,6059500
2021-12-14,72.53722381591797,77.6500015258789,77.8489990234375,75.87999725341797,76.2300033569336,5596000
2021-12-15,68.80994415283203,73.66000366210938,76.0,70.44999694824219,75.88999938964844,14821500
2021-12-16,67.89447021484375,72.68000030517578,76.0,72.4000015258789,73.5,7849800
2021-12-17,66.3624496459961,71.04000091552734,72.62999725341797,70.0,70.0199966430664,13130500
2021-12-20,63.70010757446289,68.19000244140625,69.54499816894531,67.16000366210938,69.54499816894531,10714800
2021-12-21,68.57640838623047,73.41000366210938,73.69999694824219,69.5199966430664,70.06999969482422,9822800
2021-12-22,68.89401245117188,73.75,74.00499725341797,70.77999877929688,71.11699676513672,9264700
2021-12-23,64.12981414794922,68.6500015258789,69.5,66.18000030517578,67.87000274658203,26529000
2021-12-27,63.251712799072266,67.70999908447266,68.87999725341797,67.54499816894531,67.7040023803711,7682300
2021-12-28,61.53287124633789,65.87000274658203,67.31999969482422,65.55999755859375,67.30000305175781,9263500
2021-12-29,61.30866622924805,65.62999725341797,67.01000213623047,64.69999694824219,66.5,6469300
2021-12-30,65.76459503173828,70.4000015258789,71.66999816894531,65.79000091552734,65.87000274658203,13902600
2021-12-31,65.45631408691406,70.06999969482422,70.91999816894531,69.31999969482422,69.56999969482422,5446200
2022-01-03,63.83088684082031,68.33000183105469,69.48999786376953,66.87000274658203,68.9000015258789,9374400
2022-01-04,59.97282028198242,64.19999694824219,67.83999633789062,63.11000061035156,67.69999694824219,19989800
2022-01-05,58.87051773071289,63.02000045776367,65.58899688720703,62.16999816894531,63.56999969482422,19188100
2022-01-06,62.38294219970703,66.77999877929688,68.07499694824219,63.665000915527344,65.25,12965400
2022-01-07,63.74681091308594,68.23999786376953,69.68000030517578,67.12999725341797,68.38999938964844,13008300
2022-01-10,65.01726531982422,69.5999984741211,71.05999755859375,68.16899871826172,69.69000244140625,15804200
2022-01-11,71.70582580566406,76.76000213623047,76.83000183105469,70.42500305175781,71.0,27375600
2022-01-12,71.3695297241211,76.4000015258789,78.5999984741211,75.86000061035156,78.16999816894531,12939600
2022-01-13,66.73611450195312,71.44000244140625,74.47000122070312,71.1500015258789,74.47000122070312,12504200
2022-01-14,68.8659896850586,73.72000122070312,74.01499938964844,71.93000030517578,73.9000015258789,12783100
2022-01-18,68.56706237792969,73.4000015258789,74.93000030517578,71.08999633789062,71.12000274658203,10208100
2022-01-19,67.53948974609375,72.30000305175781,74.22000122070312,72.02999877929688,73.18000030517578,6318300
2022-01-20,71.93002319335938,77.0,81.23999786376953,76.7699966430664,77.25,26218300
2022-01-21,68.62310791015625,73.45999908447266,77.68000030517578,72.66000366210938,77.60199737548828,14440500
2022-01-24,67.01634979248047,71.73999786376953,72.5199966430664,68.11000061035156,72.5199966430664,15486200
2022-01-25,67.39936828613281,72.1500015258789,72.97000122070312,70.19999694824219,70.27999877929688,7291200
2022-01-26,66.42784118652344,71.11000061035156,73.48999786376953,70.51000213623047,72.9000015258789,9546100
2022-01-27,62.289527893066406,66.68000030517578,70.80000305175781,65.78500366210938,70.75,13137100
2022-01-28,64.77438354492188,69.33999633789062,69.41999816894531,66.19999694824219,67.5999984741211,9026500
2022-01-31,69.9496078491211,74.87999725341797,74.94999694824219,71.79000091552734,71.83999633789062,9331100
2022-02-01,70.13644409179688,75.08000183105469,75.88999938964844,73.83999633789062,74.26000213623047,7408300
2022-02-02,68.38956451416016,73.20999908447266,75.70999908447266,72.41000366210938,75.58000183105469,5887100
2022-02-03,67.1191177368164,71.8499984741211,73.30000305175781,71.33000183105469,72.08000183105469,7493700
2022-02-04,68.9126968383789,73.7699966430664,74.94999694824219,71.86000061035156,71.94000244140625,6082900
2022-02-07,68.3335189819336,73.1500015258789,74.98999786376953,72.80999755859375,74.08999633789062,6135800
2022-02-08,70.39800262451172,75.36000061035156,76.06999969482422,72.05000305175781,73.12000274658203,7903200
2022-02-09,73.13508605957031,78.29000091552734,78.66999816894531,76.61000061035156,76.83000183105469,7061600
2022-02-10,71.3695297241211,76.4000015258789,78.38999938964844,75.23999786376953,75.95500183105469,6432200
2022-02-11,69.10887145996094,73.9800033569336,76.55000305175781,73.55000305175781,75.97000122070312,6673400
2022-02-14,69.54792022705078,74.44999694824219,74.62000274658203,73.01000213623047,73.94000244140625,5245000
2022-02-15,71.1173095703125,76.12999725341797,76.3499984741211,74.80000305175781,75.3499984741211,6766200
2022-02-16,70.34195709228516,75.30000305175781,75.83999633789062,74.44000244140625,75.58999633789062,6201200
2022-02-17,69.64134216308594,74.55000305175781,76.58000183105469,74.43000030517578,74.93000030517578,5944500
2022-02-18,67.12845611572266,71.86000061035156,73.33999633789062,70.4800033569336,72.26000213623047,8913800
2022-02-22,66.30640411376953,70.9800033569336,71.83000183105469,69.76000213623047,70.36000061035156,8539400
2022-02-23,65.89537811279297,70.54000091552734,72.94999694824219,70.05000305175781,72.44000244140625,9412800
2022-02-24,66.24102020263672,70.91000366210938,70.98999786376953,66.11000061035156,67.05000305175781,10307100
2022-02-25,67.72632598876953,72.5,72.75,70.16999816894531,71.27999877929688,6711300
2022-02-28,66.9135971069336,71.62999725341797,71.79000091552734,70.22000122070312,70.91999816894531,6469800
2022-03-01,68.47364044189453,73.30000305175781,74.98999786376953,72.12999725341797,72.41999816894531,8895800
2022-03-02,67.06307220458984,71.79000091552734,72.94000244140625,70.3479995727539,72.69000244140625,4990900
2022-03-03,63.36381149291992,67.83000183105469,73.83000183105469,66.76000213623047,73.12000274658203,16448400
2022-03-04,59.40298843383789,63.59000015258789,67.2300033569336,63.150001525878906,66.27999877929688,15957200
2022-03-07,56.53512954711914,60.52000045776367,64.11000061035156,60.29999923706055,63.20000076293945,15696800
2022-03-08,54.825618743896484,58.689998626708984,60.130001068115234,56.40999984741211,60.0,11869400
2022-03-09,58.29133987426758,62.400001525878906,62.779998779296875,60.310001373291016,61.47999954223633,9487300
2022-03-10,49.0618782043457,52.52000045776367,55.36000061035156,50.60100173950195,53.0099983215332,55348100
2022-03-11,44.83015441894531,47.9900016784668,54.09000015258789,47.849998474121094,53.9010009765625,32963000
2022-03-14,40.1126594543457,42.939998626708984,45.77000045776367,41.560001373291016,43.00400161743164,47477300
2022-03-15,42.95249938964844,45.97999954223633,48.220001220703125,41.630001068115234,41.63999938964844,39194500
2022-03-16,59.86072540283203,64.08000183105469,64.27999877929688,54.75,56.959999084472656,60081300
2022-03-17,57.86162567138672,61.939998626708984,63.85900115966797,58.31999969482422,62.0,25854100
2022-03-18,60.84158706665039,65.12999725341797,69.43000030517578,60.81999969482422,61.16999816894531,46344100
2022-03-21,57.39455032348633,61.439998626708984,63.81999969482422,58.29999923706055,62.47999954223633,19698600
2022-03-22,60.46792984008789,64.7300033569336,65.69000244140625,62.29499816894531,65.1500015258789,19038500
2022-03-23,60.0568962097168,64.29000091552734,69.24500274658203,61.36000061035156,62.0099983215332,23626400
2022-03-24,57.46928405761719,61.52000045776367,61.709999084472656,58.720001220703125,61.349998474121094,20640900
2022-03-25,55.974632263183594,59.91999816894531,60.54499816894531,58.09000015258789,59.61000061035156,16005500
2022-03-28,55.834510803222656,59.77000045776367,60.099998474121094,56.96200180053711,58.13999938964844,18146000
2022-03-29,58.599613189697266,62.72999954223633,64.55999755859375,61.869998931884766,62.18000030517578,13144200
2022-03-30,57.441261291503906,61.4900016784668,63.04999923706055,60.82099914550781,61.20000076293945,10687300
2022-03-31,54.05961227416992,57.869998931884766,60.09000015258789,56.79999923706055,59.95000076293945,13887600
2022-04-01,55.199283599853516,59.09000015258789,61.75,58.85300064086914,61.25,15599300
2022-04-04,59.14142608642578,63.310001373291016,64.41999816894531,61.45000076293945,62.27000045776367,13872000
2022-04-05,56.908790588378906,60.91999816894531,62.404998779296875,60.369998931884766,62.31999969482422,7657100
2022-04-06,55.18060302734375,59.06999969482422,59.75,57.59000015258789,59.5,9039000
2022-04-07,53.34031295776367,57.099998474121094,57.849998474121094,56.209999084472656,57.849998474121094,10869300
2022-04-08,52.81718826293945,56.540000915527344,57.847999572753906,55.81999969482422,56.75,10468000
2022-04-11,53.08809280395508,56.83000183105469,58.22999954223633,54.849998474121094,55.779998779296875,8787600
2022-04-12,52.76113510131836,56.47999954223633,58.310001373291016,56.439998626708984,57.47999954223633,7967000
2022-04-13,54.44261932373047,58.279998779296875,59.70000076293945,56.9900016784668,57.7400016784668,11732200
2022-04-14,52.835872650146484,56.560001373291016,57.970001220703125,56.27000045776367,57.34000015258789,7345700
2022-04-18,53.7139778137207,57.5,58.130001068115234,55.345001220703125,55.439998626708984,9225000
2022-04-19,53.144142150878906,56.88999938964844,56.91999816894531,55.06999969482422,56.349998474121094,8462800
2022-04-20,50.21089172363281,53.75,56.60499954223633,53.029998779296875,56.599998474121094,9340600
2022-04-21,47.36171340942383,50.70000076293945,53.68000030517578,50.25,52.88999938964844,10540600
2022-04-22,48.61348342895508,52.040000915527344,54.29999923706055,51.310001373291016,52.880001068115234,12520900
2022-04-25,50.18286895751953,53.720001220703125,54.02000045776367,50.59000015258789,50.83000183105469,9105900
2022-04-26,49.706443786621094,53.209999084472656,55.4900016784668,52.91999816894531,54.130001068115234,10156400
2022-04-27,53.63924026489258,57.41999816894531,58.88999938964844,55.349998474121094,55.4900016784668,14688100
2022-04-28,54.00356674194336,57.810001373291016,58.79999923706055,56.150001525878906,57.81999969482422,8070000
2022-04-29,57.600067138671875,61.65999984741211,65.29000091552734,61.560001373291016,65.08000183105469,19762700
2022-05-02,59.197471618652344,63.369998931884766,63.56999969482422,60.900001525878906,61.63999938964844,10728800
2022-05-03,58.07648468017578,62.16999816894531,63.959999084472656,61.64500045776367,62.79999923706055,9119100
2022-05-04,59.01998519897461,63.18000030517578,63.33000183105469,59.11000061035156,60.22999954223633,10050900
2022-05-05,55.479530334472656,59.38999938964844,61.24300003051758,58.2599983215332,60.58000183105469,11266500
2022-05-06,51.948421478271484,55.61000061035156,58.709999084472656,55.45000076293945,58.11000061035156,15135900
2022-05-09,47.67932891845703,51.040000915527344,54.0,50.119998931884766,53.70000076293945,22233000
2022-05-10,48.24916458129883,51.650001525878906,53.849998474121094,50.18000030517578,53.69499969482422,18345800
2022-05-11,46.54900360107422,49.83000183105469,53.290000915527344,49.54999923706055,52.31999969482422,13276900
2022-05-12,45.46537780761719,48.66999816894531,49.83000183105469,46.83000183105469,48.83000183105469,13177900
2022-05-13,48.15574645996094,51.54999923706055,52.349998474121094,49.709999084472656,49.959999084472656,11579300
2022-05-16,48.13706588745117,51.529998779296875,52.75,51.150001525878906,51.689998626708984,9181100
2022-05-17,50.13615798950195,53.66999816894531,56.400001525878906,49.70000076293945,55.65999984741211,38056200
2022-05-18,47.828792572021484,51.20000076293945,53.2599983215332,50.63999938964844,52.43000030517578,13836900
2022-05-19,50.54873275756836,52.779998779296875,53.63600158691406,51.0099983215332,51.09000015258789,13828400
2022-05-20,49.96451950073242,52.16999816894531,54.900001525878906,50.9900016784668,54.25,12289400
2022-05-23,51.07548522949219,53.33000183105469,54.0099983215332,52.400001525878906,53.84000015258789,11441200
2022-05-24,47.484012603759766,49.58000183105469,51.130001068115234,48.93000030517578,51.060001373291016,11263800
2022-05-25,48.0682258605957,50.189998626708984,50.650001525878906,49.02000045776367,50.220001220703125,8486600
2022-05-26,50.49127197265625,52.720001220703125,53.59000015258789,50.30799865722656,50.77000045776367,14157100
2022-05-27,51.41068649291992,53.68000030517578,53.70000076293945,51.61000061035156,53.459999084472656,10263600
2022-05-31,53.74753189086914,56.119998931884766,57.720001220703125,55.7599983215332,56.869998931884766,20893000
2022-06-01,53.431488037109375,55.790000915527344,57.25,54.63999938964844,56.83000183105469,12724900
2022-06-02,55.548057556152344,58.0,58.560001373291016,55.630001068115234,56.02000045776367,11544000
2022-06-03,54.13062286376953,56.52000045776367,57.209999084472656,55.939998626708984,57.130001068115234,8358300
2022-06-06,57.66462707519531,60.209999084472656,61.290000915527344,59.11000061035156,59.88999938964844,18820100
2022-06-07,59.12995147705078,61.7400016784668,61.9900016784668,59.810001373291016,60.224998474121094,12851700
2022-06-08,63.65999221801758,66.47000122070312,67.30000305175781,63.349998474121094,63.974998474121094,22812000
2022-06-09,58.804325103759766,61.400001525878906,62.75,60.83000183105469,62.0,19049300
2022-06-10,58.90967559814453,61.5099983215332,64.7699966430664,61.32699966430664,62.900001525878906,11806600
2022-06-13,56.438743591308594,58.93000030517578,60.540000915527344,57.599998474121094,59.900001525878906,12244100
2022-06-14,59.86739730834961,62.5099983215332,63.52000045776367,60.58000183105469,61.380001068115234,12539500
2022-06-15,61.60087966918945,64.31999969482422,64.52999877929688,62.22999954223633,63.65999984741211,13971000
2022-06-16,59.38853454589844,62.0099983215332,63.02000045776367,60.790000915527344,61.65999984741211,9632000
2022-06-17,62.472412109375,65.2300033569336,67.38999938964844,63.810001373291016,67.30999755859375,28556600
2022-06-21,60.95920944213867,63.650001525878906,65.04000091552734,61.81999969482422,64.58999633789062,18598500
2022-06-22,58.8234748840332,61.41999816894531,62.66999816894531,60.650001525878906,60.97999954223633,12079600
2022-06-23,59.28318786621094,61.900001525878906,64.02999877929688,60.76499938964844,62.470001220703125,17658500
2022-06-24,61.30398941040039,64.01000213623047,64.83999633789062,62.599998474121094,63.09000015258789,11412600
2022-06-27,62.84592819213867,65.62000274658203,68.29000091552734,64.91999816894531,67.16000366210938,15168000
2022-06-28,61.811580657958984,64.54000091552734,66.68000030517578,63.869998931884766,65.69999694824219,8473500
2022-06-29,62.10847473144531,64.8499984741211,64.91000366210938,63.25,63.720001220703125,6445900
2022-06-30,61.50510787963867,64.22000122070312,64.62999725341797,62.90999984741211,63.88999938964844,5557400
2022-07-01,63.16196823120117,65.94999694824219,66.36000061035156,63.68000030517578,63.90999984741211,5462200
2022-07-05,61.99354934692383,64.7300033569336,65.33000183105469,62.31999969482422,65.33000183105469,10596500
2022-07-06,59.14910125732422,61.7599983215332,63.619998931884766,60.77000045776367,63.220001220703125,8607600
2022-07-07,60.4611930847168,63.130001068115234,64.11499786376953,62.61000061035156,62.869998931884766,7912700
2022-07-08,59.38853454589844,62.0099983215332,62.75,61.04999923706055,61.959999084472656,6004100
2022-07-11,57.07084274291992,59.59000015258789,59.849998474121094,58.560001373291016,59.400001525878906,8078700
2022-07-12,57.61674499511719,60.15999984741211,61.060001373291016,58.77000045776367,58.83000183105469,5807900
2022-07-13,59.09164047241211,61.70000076293945,62.90999984741211,59.7599983215332,59.779998779296875,5967500
2022-07-14,58.45954132080078,61.040000915527344,61.900001525878906,60.27000045776367,61.45000076293945,6276800
2022-07-15,57.71251678466797,60.2599983215332,60.630001068115234,58.584999084472656,60.380001068115234,5875800
2022-07-18,59.42684555053711,62.04999923706055,64.7300033569336,61.84000015258789,62.959999084472656,6015000
2022-07-19,60.12598419189453,62.779998779296875,63.20000076293945,61.56999969482422,62.959999084472656,4215200
2022-07-20,59.972747802734375,62.619998931884766,63.79999923706055,62.04999923706055,63.150001525878906,4784800
2022-07-21,61.30398941040039,64.01000213623047,64.4000015258789,63.040000915527344,63.22999954223633,3850700
2022-07-22,58.97671890258789,61.58000183105469,63.439998626708984,61.45000076293945,63.349998474121094,4241200
2022-07-25,60.317527770996094,62.97999954223633,63.650001525878906,62.060001373291016,63.06999969482422,4522100
2022-07-26,60.307952880859375,62.970001220703125,64.66000366210938,62.630001068115234,63.380001068115234,4336300
2022-07-27,60.64315414428711,63.31999969482422,63.95000076293945,61.599998474121094,63.95000076293945,4987800
2022-07-28,59.50346374511719,62.130001068115234,63.0,60.20000076293945,62.119998931884766,6070200
2022-07-29,56.98464584350586,59.5,60.084999084472656,58.369998931884766,59.0,7464400
2022-08-01,56.27592849731445,58.7599983215332,58.83000183105469,56.349998474121094,57.58000183105469,7032600
2022-08-02,57.20492172241211,59.72999954223633,60.63999938964844,56.86000061035156,57.0099983215332,6395400
2022-08-03,58.54574203491211,61.130001068115234,61.220001220703125,59.0,59.470001220703125,4812200
2022-08-04,60.6718864440918,63.349998474121094,64.94999694824219,62.91999816894531,64.3499984741211,7232900
2022-08-05,59.29276657104492,61.90999984741211,62.34000015258789,61.20000076293945,61.47999954223633,4763300
2022-08-08,56.35254669189453,58.84000015258789,61.7400016784668,58.459999084472656,61.59000015258789,8208300
2022-08-09,54.666954040527344,57.08000183105469,59.11000061035156,56.70000076293945,58.63999938964844,8594800
2022-08-10,53.15374755859375,55.5,56.95000076293945,54.349998474121094,56.36000061035156,13971900
2022-08-11,54.532867431640625,56.939998626708984,58.48500061035156,56.2599983215332,56.4900016784668,9374500
2022-08-12,54.638221740722656,57.04999923706055,57.33000183105469,54.52000045776367,54.52000045776367,6238900
2022-08-15,55.52890396118164,57.97999954223633,58.279998779296875,56.435001373291016,56.58000183105469,5223200
2022-08-16,54.868072509765625,57.290000915527344,57.849998474121094,56.459999084472656,56.81999969482422,4834400
2022-08-17,53.776268005371094,56.150001525878906,57.349998474121094,55.79999923706055,57.0,4903300
2022-08-18,52.856849670410156,55.189998626708984,55.880001068115234,54.3849983215332,55.619998931884766,5552800
2022-08-19,52.38756561279297,54.70000076293945,55.880001068115234,54.58000183105469,55.099998474121094,4714400
2022-08-22,52.981353759765625,55.31999969482422,56.150001525878906,54.970001220703125,55.36000061035156,8342900
2022-08-23,54.78187942504883,57.20000076293945,57.779998779296875,53.04999923706055,55.79999923706055,13407000
2022-08-24,56.927181243896484,59.439998626708984,61.64500045776367,56.220001220703125,56.64500045776367,12443400
2022-08-25,62.16594314575195,64.91000366210938,66.41999816894531,61.93000030517578,62.0099983215332,19917600
2022-08-26,60.77723693847656,63.459999084472656,67.87000274658203,63.40999984741211,67.69000244140625,14638300
2022-08-29,59.68543243408203,62.31999969482422,64.73999786376953,62.185001373291016,63.56999969482422,7340400
2022-08-30,58.90967559814453,61.5099983215332,62.849998474121094,60.61000061035156,62.41999816894531,7001400
2022-08-31,60.80596923828125,63.4900016784668,64.62000274658203,62.529998779296875,63.0,6955200
2022-09-01,60.44203186035156,63.11000061035156,63.20000076293945,61.33000183105469,61.75,4268200
2022-09-02,58.698974609375,61.290000915527344,62.130001068115234,60.88999938964844,62.0099983215332,4544200
2022-09-06,56.84098434448242,59.349998474121094,60.119998931884766,59.0,59.61000061035156,4376800
2022-09-07,57.34858322143555,59.880001068115234,60.04999923706055,58.02000045776367,58.95000076293945,4845900
2022-09-08,57.377315521240234,59.90999984741211,60.36000061035156,59.220001220703125,59.29999923706055,2941700
2022-09-09,57.856178283691406,60.40999984741211,61.880001068115234,60.20000076293945,61.470001220703125,5020900
2022-09-12,59.17783737182617,61.790000915527344,61.83000183105469,60.119998931884766,60.9900016784668,5340500
2022-09-13,55.00215530395508,57.43000030517578,59.2599983215332,57.279998779296875,58.33000183105469,7339400
2022-09-14,54.97342300415039,57.400001525878906,57.66999816894531,56.25,57.40999984741211,5076400
2022-09-15,55.21285629272461,57.650001525878906,58.150001525878906,57.0,57.505001068115234,5181100
2022-09-16,53.02924346923828,55.369998931884766,56.904998779296875,55.09000015258789,56.5099983215332,7378900
2022-09-19,54.41794204711914,56.81999969482422,56.81999969482422,55.25,55.41999816894531,6204700
2022-09-20,54.39878845214844,56.79999923706055,57.939998626708984,56.52000045776367,56.6150016784668,4296800
2022-09-21,51.650115966796875,53.93000030517578,55.959999084472656,53.84000015258789,55.86000061035156,6177800
2022-09-22,51.209564208984375,53.470001220703125,54.75,52.9900016784668,54.189998626708984,4552300
2022-09-23,50.098602294921875,52.310001373291016,53.04999923706055,51.83000183105469,52.369998931884766,5627600
2022-09-26,51.085060119628906,53.34000015258789,54.68000030517578,53.099998474121094,53.22999954223633,6258200
2022-09-27,50.433807373046875,52.65999984741211,55.060001373291016,52.16999816894531,54.025001525878906,6126500
2022-09-28,50.6923942565918,52.93000030517578,53.25,50.54999923706055,51.31999969482422,5989100
2022-09-29,49.083412170410156,51.25,52.09000015258789,50.09000015258789,51.380001068115234,6141700
2022-09-30,48.1735725402832,50.29999923706055,51.35499954223633,49.810001373291016,50.27000045776367,6553600
2022-10-03,47.42654800415039,49.52000045776367,49.595001220703125,48.09000015258789,49.380001068115234,9728000
2022-10-04,49.84001541137695,52.040000915527344,52.9900016784668,50.41999816894531,50.66999816894531,8173600
2022-10-05,50.74028015136719,52.97999954223633,54.380001068115234,52.40999984741211,53.68000030517578,9187100
2022-10-06,49.476078033447266,51.65999984741211,53.06999969482422,51.63999938964844,52.54999923706055,6967200
2022-10-07,47.8000602722168,49.90999984741211,50.959999084472656,49.20000076293945,50.400001525878906,8249200
2022-10-10,45.56856155395508,47.58000183105469,49.060001373291016,46.720001220703125,48.97999954223633,8791300
2022-10-11,44.313941955566406,46.27000045776367,47.404998779296875,45.310001373291016,46.507999420166016,8667900
2022-10-12,44.43844985961914,46.400001525878906,47.22999954223633,45.60499954223633,46.34000015258789,5145100
2022-10-13,43.14551544189453,45.04999923706055,45.790000915527344,43.529998779296875,44.060001373291016,8880500
2022-10-14,40.54050827026367,42.33000183105469,45.27000045776367,42.209999084472656,45.26499938964844,12859900
2022-10-17,42.56130599975586,44.439998626708984,45.15999984741211,43.7599983215332,44.25,9118300
2022-10-18,42.781578063964844,44.66999816894531,46.130001068115234,43.78499984741211,45.84000015258789,7836200
2022-10-19,39.47743225097656,41.220001220703125,42.775001525878906,40.599998474121094,42.52000045776367,11761100
2022-10-20,40.37769317626953,42.15999984741211,43.650001525878906,41.400001525878906,41.63999938964844,10832700
2022-10-21,40.36811447143555,42.150001525878906,42.20000076293945,40.61000061035156,41.34000015258789,8515900
2022-10-24,35.110206604003906,36.65999984741211,36.91999816894531,33.16999816894531,35.775001525878906,29614400
2022-10-25,36.17327880859375,37.77000045776367,38.790000915527344,37.06999969482422,38.150001525878906,15122300
2022-10-26,39.30503845214844,41.040000915527344,42.56999969482422,37.47999954223633,37.79999923706055,22836100
2022-10-27,37.830142974853516,39.5,40.70000076293945,39.20000076293945,39.599998474121094,10699500
2022-10-28,36.25947570800781,37.86000061035156,37.93000030517578,36.689998626708984,37.13999938964844,13592200
2022-10-31,35.71356964111328,37.290000915527344,38.29499816894531,37.11000061035156,37.56999969482422,9762000
2022-11-01,36.8149528503418,38.439998626708984,40.540000915527344,38.2400016784668,40.470001220703125,12171600
2022-11-02,38.1557731628418,39.84000015258789,41.130001068115234,39.15999984741211,39.91999816894531,13751800
2022-11-03,38.730403900146484,40.439998626708984,41.18000030517578,38.09000015258789,38.34000015258789,11091800
2022-11-04,42.50384521484375,44.380001068115234,44.84000015258789,42.52000045776367,44.38999938964844,20375100
2022-11-07,42.62834548950195,44.5099983215332,46.19599914550781,44.04999923706055,45.40999984741211,10360500
2022-11-08,43.566917419433594,45.4900016784668,45.84000015258789,43.95000076293945,45.0,9351300
2022-11-09,40.665008544921875,42.459999084472656,43.599998474121094,42.19499969482422,43.435001373291016,9533900
2022-11-10,44.08408737182617,46.029998779296875,46.93000030517578,45.22999954223633,45.38999938964844,11966000
2022-11-11,46.86149215698242,48.93000030517578,50.54999923706055,48.529998779296875,49.470001220703125,12951800
2022-11-14,48.700321197509766,50.849998474121094,52.02000045776367,50.119998931884766,50.939998626708984,12662500
2022-11-15,52.17686462402344,54.47999954223633,55.869998931884766,53.380001068115234,55.0,13060500
2022-11-16,51.228721618652344,53.4900016784668,53.869998931884766,52.75,53.41999816894531,6782500
2022-11-17,55.08835220336914,57.52000045776367,58.06999969482422,51.86000061035156,52.0099983215332,15141200
2022-11-18,53.69964599609375,56.06999969482422,58.779998779296875,55.10900115966797,58.65999984741211,16768100
2022-11-21,50.28057098388672,52.5,53.869998931884766,52.119998931884766,53.41999816894531,11007000
2022-11-22,49.38031005859375,51.560001373291016,51.709999084472656,49.869998931884766,50.09000015258789,6675400
2022-11-23,50.050716400146484,52.2599983215332,53.029998779296875,51.68000030517578,52.869998931884766,6054300
2022-11-25,47.388240814208984,49.47999954223633,50.16999816894531,49.2400016784668,50.04999923706055,5908900
2022-11-28,47.8000602722168,49.90999984741211,51.119998931884766,49.290000915527344,49.40999984741211,7626900
2022-11-29,50.998863220214844,53.25,54.4900016784668,53.119998931884766,53.459999084472656,13450200
2022-11-30,54.762725830078125,57.18000030517578,58.38999938964844,56.349998474121094,56.540000915527344,15765800
2022-12-01,53.488948822021484,55.849998474121094,56.369998931884766,54.68000030517578,55.33000183105469,7147700
2022-12-02,56.16100311279297,58.63999938964844,59.66999816894531,55.04999923706055,55.09000015258789,10436300
2022-12-05,56.67817687988281,59.18000030517578,60.7400016784668,58.560001373291016,60.70000076293945,9149600
2022-12-06,57.79871368408203,60.349998474121094,60.4900016784668,58.529998779296875,60.20000076293945,7771300
2022-12-07,55.979034423828125,58.45000076293945,58.95000076293945,56.880001068115234,57.06999969482422,6229100
2022-12-08,57.817867279052734,60.369998931884766,61.400001525878906,59.915000915527344,60.415000915527344,7278700
2022-12-09,55.854530334472656,58.31999969482422,60.220001220703125,57.900001525878906,59.869998931884766,7993600
2022-12-12,54.992576599121094,57.41999816894531,58.810001373291016,56.869998931884766,58.68000030517578,7473900
2022-12-13,55.366092681884766,57.810001373291016,60.68000030517578,57.11000061035156,60.5099983215332,8382900
2022-12-14,56.09395980834961,58.56999969482422,59.08000183105469,58.04999923706055,58.25,7296700
2022-12-15,54.255130767822266,56.650001525878906,60.619998931884766,56.220001220703125,60.08000183105469,8436200
2022-12-16,54.19766616821289,56.59000015258789,58.18000030517578,56.540000915527344,57.630001068115234,7517300
2022-12-19,54.772300720214844,57.189998626708984,57.79999923706055,56.70000076293945,57.41999816894531,6995500
2022-12-20,54.03485107421875,56.41999816894531,57.369998931884766,55.61000061035156,55.65999984741211,4568100
2022-12-21,55.66298294067383,58.119998931884766,58.334999084472656,55.93000030517578,56.13999938964844,4726200
2022-12-22,55.23200607299805,57.66999816894531,59.400001525878906,57.11000061035156,58.75,5318200
2022-12-23,54.05400466918945,56.439998626708984,58.20000076293945,56.29999923706055,57.849998474121094,5041600
2022-12-27,56.314239501953125,58.79999923706055,59.84000015258789,57.06999969482422,57.4900016784668,8114700
2022-12-28,53.776268005371094,56.150001525878906,58.72999954223633,55.11000061035156,58.349998474121094,10055900
2022-12-29,54.67652893066406,57.09000015258789,57.32500076293945,55.75,56.13999938964844,4613500
2022-12-30,53.757110595703125,56.130001068115234,57.15999984741211,55.81999969482422,55.869998931884766,4567500
2023-01-03,55.203277587890625,57.63999938964844,59.56999969482422,56.869998931884766,57.970001220703125,7337700
2023-01-04,63.305633544921875,66.0999984741211,67.09500122070312,61.040000915527344,61.68000030517578,19823100
2023-01-05,63.11408615112305,65.9000015258789,66.25,63.470001220703125,63.5,10826200
2023-01-06,61.581729888916016,64.30000305175781,64.88999938964844,62.595001220703125,63.95500183105469,8492400
2023-01-09,60.4611930847168,63.130001068115234,65.05000305175781,62.209999084472656,64.80999755859375,9838400
2023-01-10,60.95920944213867,63.650001525878906,64.62000274658203,62.95000076293945,64.0999984741211,5538000
2023-01-11,60.37499237060547,63.040000915527344,63.59000015258789,61.720001220703125,63.279998779296875,7476500
2023-01-12,60.49949645996094,63.16999816894531,63.75,62.257999420166016,63.02000045776367,5271500
2023-01-13,60.911319732666016,63.599998474121094,65.41000366210938,62.775001525878906,63.84000015258789,7964600
2023-01-17,57.425201416015625,59.959999084472656,61.349998474121094,59.64500045776367,61.119998931884766,8511200
2023-01-18,56.04607391357422,58.52000045776367,60.93000030517578,58.47999954223633,60.709999084472656,6763300
2023-01-19,56.908023834228516,59.41999816894531,60.3390007019043,59.09000015258789,59.09000015258789,5255000
2023-01-20,57.87533187866211,60.43000030517578,60.9900016784668,60.13999938964844,60.494998931884766,6869800
2023-01-23,58.47869873046875,61.060001373291016,61.70000076293945,60.54999923706055,60.95000076293945,4606000
2023-01-24,59.01502227783203,61.619998931884766,61.69499969482422,60.099998474121094,60.20000076293945,4130100
2023-01-25,58.78517150878906,61.380001068115234,61.65999984741211,60.20000076293945,61.13999938964844,3651700
2023-01-26,60.44203186035156,63.11000061035156,63.2599983215332,61.95000076293945,62.52000045776367,4809200
2023-01-27,61.04540252685547,63.7400016784668,64.45999908447266,62.880001068115234,64.19999694824219,5667400
2023-01-30,57.300697326660156,59.83000183105469,60.88999938964844,59.15999984741211,60.61000061035156,7464300
2023-01-31,57.01337814331055,59.529998779296875,60.38999938964844,58.810001373291016,59.029998779296875,5075600
2023-02-01,57.913639068603516,60.470001220703125,61.7599983215332,59.18000030517578,60.130001068115234,7872100
2023-02-02,56.80268096923828,59.310001373291016,60.29999923706055,58.400001525878906,60.29999923706055,8239900
2023-02-03,55.193702697753906,57.630001068115234,59.4900016784668,57.52000045776367,58.689998626708984,6162900
2023-02-06,54.331748962402344,56.72999954223633,57.119998931884766,55.849998474121094,56.470001220703125,5384800
2023-02-07,54.67652893066406,57.09000015258789,57.41999816894531,56.0,56.88999938964844,7999200
2023-02-08,53.01008605957031,55.349998474121094,56.869998931884766,55.189998626708984,56.790000915527344,7881400
2023-02-09,53.10586166381836,55.45000076293945,57.09000015258789,55.08000183105469,56.41999816894531,7964600
2023-02-10,50.07944869995117,52.290000915527344,53.630001068115234,51.83000183105469,53.41999816894531,10942600
2023-02-13,50.21352767944336,52.43000030517578,53.220001220703125,52.20000076293945,52.900001525878906,7134600
2023-02-14,50.10818099975586,52.31999969482422,52.529998779296875,51.36000061035156,51.63999938964844,5405800
2023-02-15,50.0219841003418,52.22999954223633,52.27000045776367,51.084999084472656,51.63999938964844,5144500
2023-02-16,51.81292724609375,54.099998474121094,54.77000045776367,53.4900016784668,53.790000915527344,9148400
2023-02-17,50.778587341308594,53.02000045776367,53.70000076293945,52.459999084472656,53.11000061035156,6342000
2023-02-21,45.1758918762207,47.16999816894531,48.95899963378906,46.66999816894531,48.11000061035156,23406200
2023-02-22,44.562950134277344,46.529998779296875,48.310001373291016,46.1609992980957,48.244998931884766,12536200
2023-02-23,44.677879333496094,46.650001525878906,48.15999984741211,45.95500183105469,47.900001525878906,11819700
2023-02-24,42.90608596801758,44.79999923706055,45.564998626708984,44.45500183105469,44.737998962402344,11854300
2023-02-27,42.84862518310547,44.7400016784668,45.5,44.4900016784668,45.5,8018000
2023-02-28,42.56130599975586,44.439998626708984,45.11000061035156,43.970001220703125,44.275001525878906,6437600
2023-03-01,43.79677200317383,45.72999954223633,46.77000045776367,45.29999923706055,46.540000915527344,9294900
2023-03-02,45.08012008666992,47.06999969482422,47.154998779296875,45.400001525878906,45.619998931884766,7916900
2023-03-03,45.45363235473633,47.459999084472656,48.2400016784668,47.150001525878906,47.16999816894531,7866400
2023-03-06,45.894187927246094,47.91999816894531,48.720001220703125,47.22999954223633,47.66999816894531,7170400
2023-03-07,44.601261138916016,46.56999969482422,47.36000061035156,46.34000015258789,47.36000061035156,6508500
2023-03-08,44.993927001953125,46.97999954223633,47.40999984741211,45.470001220703125,45.5099983215332,8511400
2023-03-09,39.91798400878906,41.68000030517578,44.790000915527344,41.310001373291016,44.5099983215332,37309900
2023-03-10,38.75913619995117,40.470001220703125,41.380001068115234,40.06999969482422,40.880001068115234,15478100
2023-03-13,38.41435623168945,40.11000061035156,40.84000015258789,39.040000915527344,39.683998107910156,13141600
2023-03-14,38.730403900146484,40.439998626708984,40.80500030517578,39.45800018310547,39.97999954223633,11110700
2023-03-15,37.67690658569336,39.34000015258789,39.880001068115234,38.810001373291016,39.380001068115234,10398100
2023-03-16,38.10788345336914,39.790000915527344,40.09000015258789,38.90999984741211,39.06999969482422,9824600
2023-03-17,37.18846893310547,38.83000183105469,39.66999816894531,38.56999969482422,39.47999954223633,11476200
2023-03-20,37.02565383911133,38.65999984741211,39.29999923706055,37.70000076293945,38.0,11303000
2023-03-21,37.86845397949219,39.540000915527344,39.59000015258789,38.43000030517578,38.619998931884766,9756500
2023-03-22,36.87241744995117,38.5,39.869998931884766,38.5,39.5,8310900
2023-03-23,38.37604522705078,40.06999969482422,40.88999938964844,39.6349983215332,40.29999923706055,11071400
2023-03-24,38.58675003051758,40.290000915527344,40.84000015258789,39.849998474121094,39.91999816894531,7345800
2023-03-27,38.098304748535156,39.779998779296875,39.959999084472656,39.150001525878906,39.34000015258789,7330300
2023-03-28,39.793479919433594,41.54999923706055,41.869998931884766,40.54999923706055,41.08000183105469,14232900
2023-03-29,39.43912124633789,41.18000030517578,41.619998931884766,40.560001373291016,40.91999816894531,7576400
2023-03-30,42.52299880981445,44.400001525878906,45.15999984741211,43.18000030517578,43.63999938964844,32047000
2023-03-31,42.03455352783203,43.88999938964844,44.720001220703125,43.540000915527344,44.459999084472656,16668800
2023-04-03,40.607547760009766,42.400001525878906,43.560001373291016,41.95500183105469,43.27000045776367,12816300
2023-04-04,40.07122039794922,41.84000015258789,42.435001373291016,41.415000915527344,42.130001068115234,8908200
2023-04-05,39.37128829956055,40.5,41.209999084472656,40.09000015258789,41.13999938964844,7699300
2023-04-06,39.62403869628906,40.7599983215332,40.91999816894531,39.849998474121094,40.5,7171700
2023-04-10,38.85606002807617,39.970001220703125,39.970001220703125,39.04999923706055,39.380001068115234,7750500
2023-04-11,38.89493942260742,40.0099983215332,40.75,39.959999084472656,40.540000915527344,10072900
2023-04-12,35.920223236083984,36.95000076293945,39.1870002746582,36.869998931884766,39.0099983215332,22565000
2023-04-13,36.406288146972656,37.45000076293945,37.72999954223633,37.04999923706055,37.66999816894531,12818200
2023-04-14,35.8230094909668,36.849998474121094,37.54999923706055,36.45000076293945,37.29999923706055,10708000
2023-04-17,36.989566802978516,38.04999923706055,38.16999816894531,37.54999923706055,37.86199951171875,10919300
2023-04-18,36.67848587036133,37.72999954223633,38.41999816894531,37.525001525878906,38.29999923706055,9551100
2023-04-19,36.0660400390625,37.099998474121094,37.13999938964844,36.65999984741211,36.81999969482422,8405100
2023-04-20,35.18140411376953,36.189998626708984,36.7599983215332,35.970001220703125,36.459999084472656,12624500
2023-04-21,34.63701248168945,35.630001068115234,35.755001068115234,35.21500015258789,35.5,10121800
2023-04-24,33.71348571777344,34.68000030517578,35.34000015258789,34.15999984741211,35.290000915527344,15105600
2023-04-25,32.760799407958984,33.70000076293945,34.2599983215332,33.529998779296875,33.86000061035156,11859800
2023-04-26,33.27602767944336,34.22999954223633,35.150001525878906,34.130001068115234,34.959999084472656,8791800
2023-04-27,33.78153610229492,34.75,34.81999969482422,34.029998779296875,34.33000183105469,9255100
2023-04-28,34.72450256347656,35.720001220703125,35.86000061035156,34.61000061035156,34.68000030517578,8911100
2023-05-01,34.50091552734375,35.4900016784668,35.86000061035156,35.2400016784668,35.720001220703125,5428200
2023-05-02,33.27602767944336,34.22999954223633,35.029998779296875,33.650001525878906,35.0099983215332,10100400
2023-05-03,33.71348571777344,34.68000030517578,35.0099983215332,33.8129997253418,34.11000061035156,8096600
2023-05-04,34.78282928466797,35.779998779296875,35.89500045776367,35.040000915527344,35.20000076293945,8961200
2023-05-05,34.880043029785156,35.880001068115234,36.22999954223633,35.529998779296875,35.85499954223633,8956300
2023-05-08,34.89948654174805,35.900001525878906,36.11000061035156,35.220001220703125,35.650001525878906,6574500
2023-05-09,34.627288818359375,35.619998931884766,35.63999938964844,34.65999984741211,34.689998626708984,6286700
2023-05-10,34.12178039550781,35.099998474121094,35.26499938964844,34.439998626708984,34.56999969482422,18060800
2023-05-11,36.58127212524414,37.630001068115234,37.93000030517578,36.25,36.45000076293945,26039100
2023-05-12,34.31620788574219,35.29999923706055,36.970001220703125,35.09000015258789,36.939998626708984,17033100
2023-05-15,36.620155334472656,37.66999816894531,38.11000061035156,35.79499816894531,36.220001220703125,17401800
2023-05-16,36.863189697265625,37.91999816894531,38.20000076293945,37.119998931884766,37.314998626708984,10170200
2023-05-17,36.299354553222656,37.34000015258789,37.650001525878906,36.5099983215332,36.904998779296875,9646200
2023-05-18,34.80227279663086,35.79999923706055,37.0099983215332,35.599998474121094,37.0,16761500
2023-05-19,34.0828971862793,35.060001373291016,35.72600173950195,34.79999923706055,35.61000061035156,11471500
2023-05-22,34.98698043823242,35.9900016784668,36.54999923706055,35.79999923706055,35.9900016784668,10623700
2023-05-23,34.063453674316406,35.040000915527344,35.70000076293945,34.970001220703125,35.20000076293945,7889100
2023-05-24,32.93578338623047,33.880001068115234,34.68000030517578,33.51499938964844,34.380001068115234,13984400
2023-05-25,31.535913467407227,32.439998626708984,33.34000015258789,32.290000915527344,33.29999923706055,13708200
2023-05-26,32.177520751953125,33.099998474121094,33.400001525878906,32.45500183105469,33.040000915527344,9946600
2023-05-30,31.20538902282715,32.099998474121094,33.08000183105469,31.670000076293945,32.9900016784668,15818600
2023-05-31,31.69145393371582,32.599998474121094,32.66999816894531,31.565000534057617,32.25,18734500
2023-06-01,33.567665100097656,34.529998779296875,35.29999923706055,33.25,33.279998779296875,17095000
2023-06-02,34.44258499145508,35.43000030517578,36.18000030517578,35.314998626708984,35.84000015258789,10317500
2023-06-05,35.27861785888672,36.290000915527344,36.45000076293945,34.900001525878906,35.38999938964844,10798500
2023-06-06,36.69792938232422,37.75,37.83000183105469,35.88999938964844,36.01499938964844,15402600
2023-06-07,35.920223236083984,36.95000076293945,37.53499984741211,36.61000061035156,36.849998474121094,11110700
2023-06-08,36.202144622802734,37.2400016784668,37.73500061035156,36.939998626708984,37.04999923706055,6952300
2023-06-09,35.5605354309082,36.58000183105469,37.15999984741211,36.290000915527344,37.040000915527344,8405400
2023-06-12,35.67719268798828,36.70000076293945,37.44499969482422,36.52000045776367,36.720001220703125,8220200
2023-06-13,36.93124008178711,37.9900016784668,38.81999969482422,37.720001220703125,37.900001525878906,12883900
2023-06-14,37.5631217956543,38.63999938964844,38.880001068115234,37.84299850463867,37.96500015258789,10684000
2023-06-15,38.846336364746094,39.959999084472656,40.06999969482422,39.45000076293945,39.59000015258789,12974500
2023-06-16,38.73939895629883,39.849998474121094,40.68000030517578,39.2599983215332,40.66999816894531,11052800
2023-06-20,36.134090423583984,37.16999816894531,38.04399871826172,36.685001373291016,38.040000915527344,17834100
2023-06-21,35.570255279541016,36.59000015258789,37.27000045776367,36.5,36.755001068115234,8615900
2023-06-22,35.570255279541016,36.59000015258789,36.720001220703125,35.869998931884766,36.65999984741211,5355600
2023-06-23,33.898189544677734,34.869998931884766,35.900001525878906,34.599998474121094,35.869998931884766,12599100
2023-06-26,33.99540710449219,34.970001220703125,35.310001373291016,34.869998931884766,34.915000915527344,7240900
2023-06-27,34.753665924072266,35.75,35.810001373291016,35.41999816894531,35.779998779296875,6349500
2023-06-28,33.8204231262207,34.790000915527344,35.029998779296875,34.16999816894531,34.994998931884766,9907900
2023-06-29,33.07188034057617,34.02000045776367,34.279998779296875,33.630001068115234,33.81999969482422,10586400
2023-06-30,33.17881774902344,34.130001068115234,34.4900016784668,33.849998474121094,34.189998626708984,14154600
2023-07-03,34.17039108276367,35.150001525878906,35.71500015258789,35.029998779296875,35.099998474121094,6531500
2023-07-05,34.218994140625,35.20000076293945,35.290000915527344,34.880001068115234,35.224998474121094,7196100
2023-07-06,33.130210876464844,34.08000183105469,34.63999938964844,33.80500030517578,34.33000183105469,7103400
2023-07-07,34.76338577270508,35.7599983215332,36.189998626708984,34.58000183105469,34.65999984741211,12924700
2023-07-10,34.94809341430664,35.95000076293945,36.154998779296875,35.060001373291016,35.29999923706055,8334200
2023-07-11,35.016143798828125,36.02000045776367,36.38999938964844,35.310001373291016,35.900001525878906,7323800
2023-07-12,36.36740493774414,37.40999984741211,37.834999084472656,36.90999984741211,37.34000015258789,11464000
2023-07-13,38.263057708740234,39.36000061035156,39.40999984741211,38.4900016784668,38.70000076293945,15422600
2023-07-14,37.077056884765625,38.13999938964844,38.42900085449219,37.900001525878906,38.400001525878906,10821200
2023-07-17,36.727088928222656,37.779998779296875,38.0,36.91999816894531,37.220001220703125,7310800
2023-07-18,35.05502700805664,36.060001373291016,36.86000061035156,35.474998474121094,36.702999114990234,17041400
2023-07-19,35.39527130126953,36.40999984741211,37.380001068115234,36.40999984741211,36.91999816894531,10172900
2023-07-20,35.64802551269531,36.66999816894531,36.959999084472656,36.52000045776367,36.95000076293945,9865500
2023-07-21,36.03688049316406,37.06999969482422,37.66999816894531,36.880001068115234,37.369998931884766,12126900
2023-07-24,37.29092788696289,38.36000061035156,38.849998474121094,36.36000061035156,36.474998474121094,13337900
2023-07-25,37.4561882019043,38.529998779296875,39.689998626708984,38.36000061035156,39.56999969482422,10273600
2023-07-26,38.03947067260742,39.130001068115234,39.22999954223633,38.18000030517578,38.18000030517578,7721200
2023-07-27,36.92151641845703,37.97999954223633,39.0,37.77000045776367,38.869998931884766,11475300
2023-07-28,39.400447845458984,40.529998779296875,40.689998626708984,39.334999084472656,39.529998779296875,16992600
2023-07-31,40.158714294433594,41.310001373291016,41.952999114990234,40.77000045776367,41.08000183105469,12149600
2023-08-01,38.92410659790039,40.040000915527344,40.810001373291016,40.0,40.41999816894531,7522700
2023-08-02,37.18399429321289,38.25,39.150001525878906,37.97999954223633,39.0099983215332,11160700
2023-08-03,38.45748519897461,39.560001373291016,39.7599983215332,38.93000030517578,39.130001068115234,8560000
2023-08-04,38.00058364868164,39.09000015258789,40.154998779296875,39.060001373291016,39.880001068115234,6049400
2023-08-07,37.825599670410156,38.90999984741211,39.68000030517578,38.310001373291016,39.68000030517578,8379100
2023-08-08,36.989566802978516,38.04999923706055,38.060001373291016,37.23500061035156,37.555999755859375,7580600
2023-08-09,36.620155334472656,37.66999816894531,38.380001068115234,37.36000061035156,38.33000183105469,7628500
2023-08-10,37.41730499267578,38.4900016784668,39.400001525878906,38.18000030517578,38.56999969482422,9801300
2023-08-11,35.443878173828125,36.459999084472656,37.15999984741211,35.880001068115234,37.099998474121094,14056700
2023-08-14,35.73551559448242,36.7599983215332,36.95500183105469,36.0099983215332,36.400001525878906,5972800
2023-08-15,34.96753692626953,35.970001220703125,36.310001373291016,35.5,36.20000076293945,9143700
2023-08-16,33.90791320800781,34.880001068115234,35.81999969482422,33.91999816894531,34.95500183105469,20116300
2023-08-17,33.791255950927734,34.7599983215332,35.58000183105469,34.404998779296875,35.52000045776367,11094400
2023-08-18,32.1872444152832,33.11000061035156,33.2599983215332,32.68000030517578,33.029998779296875,17005400
2023-08-21,32.2941780090332,33.220001220703125,33.44499969482422,32.86000061035156,33.0099983215332,8220600
2023-08-22,32.35250473022461,33.279998779296875,33.91999816894531,32.900001525878906,33.79999923706055,8183200
2023-08-23,32.867733001708984,33.810001373291016,33.974998474121094,33.14500045776367,33.16999816894531,7309800
2023-08-24,32.09975051879883,33.02000045776367,34.060001373291016,33.0099983215332,33.86000061035156,10830400
2023-08-25,32.041419982910156,32.959999084472656,33.16999816894531,32.32500076293945,33.16999816894531,8541600
2023-08-28,32.867733001708984,33.810001373291016,34.095001220703125,33.349998474121094,33.689998626708984,10403900
2023-08-29,33.53850173950195,34.5,34.97999954223633,34.1619987487793,34.599998474121094,8932400
2023-08-30,33.023277282714844,33.970001220703125,34.310001373291016,33.75,33.790000915527344,8583800
2023-08-31,32.284454345703125,33.209999084472656,33.314998626708984,32.849998474121094,33.13999938964844,12123800
2023-09-01,33.14965057373047,34.099998474121094,34.95000076293945,33.79999923706055,33.849998474121094,11893600
2023-09-05,33.30519104003906,34.2599983215332,34.34000015258789,33.540000915527344,33.71500015258789,7669100
2023-09-06,32.84829330444336,33.790000915527344,34.41699981689453,33.779998779296875,33.90999984741211,7200400
2023-09-07,31.438701629638672,32.34000015258789,32.5,31.959999084472656,32.47999954223633,12472700
2023-09-08,31.49703025817871,32.400001525878906,32.486000061035156,32.0,32.345001220703125,5452700
2023-09-11,31.030406951904297,31.920000076293945,32.28499984741211,31.649999618530273,32.209999084472656,9831800
2023-09-12,30.845701217651367,31.729999542236328,32.13999938964844,31.610000610351562,31.719999313354492,7047600
2023-09-13,30.80681800842285,31.690000534057617,31.899999618530273,31.5,31.6299991607666,4821200
2023-09-14,30.835979461669922,31.719999313354492,32.02000045776367,31.530000686645508,31.899999618530273,6813200
2023-09-15,30.690160751342773,31.56999969482422,31.834999084472656,31.44499969482422,31.780000686645508,7334400
2023-09-18,30.252702713012695,31.1200008392334,31.170000076293945,30.704999923706055,31.079999923706055,9074400
2023-09-19,29.78607940673828,30.639999389648438,30.790000915527344,30.40999984741211,30.600000381469727,9668300
2023-09-20,29.504161834716797,30.350000381469727,30.759000778198242,30.31999969482422,30.31999969482422,7038500
2023-09-21,28.979209899902344,29.809999465942383,30.059999465942383,29.510000228881836,29.649999618530273,9375200
2023-09-22,29.562488555908203,30.40999984741211,30.989999771118164,30.354999542236328,30.954999923706055,8385200
2023-09-25,28.950048446655273,29.780000686645508,29.8700008392334,29.350000381469727,29.399999618530273,7537400
2023-09-26,28.220951080322266,29.030000686645508,29.31999969482422,28.90999984741211,28.950000762939453,10521600
2023-09-27,28.143178939819336,28.950000762939453,29.170000076293945,28.68000030517578,29.100000381469727,8363600
2023-09-28,27.75432586669922,28.549999237060547,28.655000686645508,28.06999969482422,28.3799991607666,12698900
2023-09-29,28.318161010742188,29.1299991607666,29.549999237060547,28.93000030517578,29.299999237060547,9430200
2023-10-02,28.25983428955078,29.06999969482422,29.270000457763672,28.860000610351562,29.24799919128418,5809400
2023-10-03,27.666833877563477,28.459999084472656,28.56999969482422,28.219999313354492,28.280000686645508,7515800
2023-10-04,27.598785400390625,28.389999389648438,28.56999969482422,28.280000686645508,28.43000030517578,5457100
2023-10-05,27.851539611816406,28.649999618530273,28.68000030517578,28.25,28.600000381469727,4877100
2023-10-06,28.784786224365234,29.610000610351562,29.729999542236328,28.65999984741211,28.700000762939453,10866100
2023-10-09,28.415374755859375,29.229999542236328,29.364999771118164,28.834999084472656,29.09000015258789,7493800
2023-10-10,29.4263916015625,30.270000457763672,30.31999969482422,29.59000015258789,29.649999618530273,7783400
2023-10-11,29.49444007873535,30.34000015258789,30.799999237060547,30.190000534057617,30.459999084472656,8762200
2023-10-12,27.054391860961914,27.829999923706055,29.950000762939453,27.549999237060547,29.950000762939453,32118900
2023-10-13,26.296131134033203,27.049999237060547,27.190000534057617,26.360000610351562,26.479999542236328,25593600
2023-10-16,26.869688034057617,27.639999389648438,27.90999984741211,26.510000228881836,26.610000610351562,14941800
2023-10-17,25.907278060913086,26.649999618530273,27.165000915527344,26.520000457763672,26.959999084472656,16078800
2023-10-18,25.158737182617188,25.8799991607666,26.260000228881836,25.81999969482422,26.239999771118164,13103400
2023-10-19,24.371313095092773,25.06999969482422,25.479999542236328,24.899999618530273,24.969999313354492,13496300
2023-10-20,23.700542449951172,24.3799991607666,24.59000015258789,24.190000534057617,24.510000228881836,18594900
2023-10-23,24.108837127685547,24.799999237060547,24.950000762939453,24.010000228881836,24.270000457763672,14827200
2023-10-24,24.546295166015625,25.25,25.600000381469727,24.389999389648438,24.399999618530273,18331400
2023-10-25,24.419919967651367,25.1200008392334,25.264999389648438,24.559999465942383,24.860000610351562,10666800
2023-10-26,25.19762420654297,25.920000076293945,26.170000076293945,25.190000534057617,25.209999084472656,17135200
2023-10-27,24.935148239135742,25.649999618530273,26.31999969482422,25.190000534057617,26.219999313354492,14522200
2023-10-30,25.217065811157227,25.940000534057617,26.18000030517578,25.655000686645508,26.100000381469727,8090900
2023-10-31,24.711557388305664,25.420000076293945,25.59000015258789,25.079999923706055,25.459999084472656,12274600
2023-11-01,24.624067306518555,25.329999923706055,25.459999084472656,24.959999084472656,25.450000762939453,9874300
2023-11-02,25.090688705444336,25.809999465942383,25.850000381469727,25.329999923706055,25.690000534057617,8440900
2023-11-03,26.189197540283203,26.940000534057617,27.15999984741211,26.5,26.65999984741211,13883000
2023-11-06,26.354459762573242,27.110000610351562,27.424999237060547,26.863000869750977,27.34000015258789,10031800
2023-11-07,26.072540283203125,26.81999969482422,26.860000610351562,26.40999984741211,26.719999313354492,8691900
2023-11-08,25.712854385375977,26.450000762939453,26.790000915527344,26.3700008392334,26.559999465942383,7328800
2023-11-09,25.03236198425293,25.75,26.3439998626709,25.639999389648438,26.260000228881836,7365800
2023-11-10,25.042083740234375,25.760000228881836,25.815000534057617,25.3700008392334,25.649999618530273,6971800
2023-11-13,25.03236198425293,25.75,26.024999618530273,25.540000915527344,25.969999313354492,14208800
2023-11-14,25.965606689453125,26.709999084472656,26.84000015258789,26.1200008392334,26.329999923706055,18328100
2023-11-15,27.793212890625,28.59000015258789,29.270000457763672,28.049999237060547,28.520000457763672,32265300
2023-11-16,27.297426223754883,28.079999923706055,28.100000381469727,26.989999771118164,27.110000610351562,19515600
2023-11-17,26.840524673461914,27.610000610351562,27.78499984741211,27.25,27.649999618530273,11776600
2023-11-20,27.75432586669922,28.549999237060547,28.8799991607666,28.030000686645508,28.15999984741211,16069300
2023-11-21,27.297426223754883,28.079999923706055,28.68000030517578,27.829999923706055,28.364999771118164,10228000
2023-11-22,27.521015167236328,28.309999465942383,28.549999237060547,28.084999084472656,28.3799991607666,9274900
2023-11-24,27.95847511291504,28.760000228881836,28.979999542236328,28.1299991607666,28.139999389648438,5939900
2023-11-27,27.550180435180664,28.34000015258789,29.170000076293945,28.280000686645508,28.459999084472656,9402400
2023-11-28,27.37519645690918,28.15999984741211,28.219999313354492,27.610000610351562,28.09000015258789,13227300
2023-11-29,26.675262451171875,27.440000534057617,27.78499984741211,27.235000610351562,27.43000030517578,14469900
2023-11-30,26.66554069519043,27.43000030517578,27.709999084472656,26.86199951171875,27.40999984741211,10322100
2023-12-01,26.403064727783203,27.15999984741211,27.219999313354492,26.65999984741211,26.90999984741211,10269200
2023-12-04,25.84895133972168,26.59000015258789,26.929000854492188,26.530000686645508,26.68000030517578,10383400
2023-12-05,25.39204978942871,26.1200008392334,26.59000015258789,25.895000457763672,26.010000228881836,10328500
2023-12-06,25.858673095703125,26.600000381469727,26.84000015258789,26.315000534057617,26.5,9520600
2023-12-07,26.179475784301758,26.93000030517578,27.149999618530273,26.719999313354492,26.799999237060547,12058600
2023-12-08,25.712854385375977,26.450000762939453,26.920000076293945,26.440000534057617,26.790000915527344,9197700
2023-12-11,24.88654136657715,25.600000381469727,25.829999923706055,25.010000228881836,25.299999237060547,14067400
2023-12-12,24.478246688842773,25.18000030517578,25.579999923706055,25.030000686645508,25.579999923706055,12059900
2023-12-13,24.585182189941406,25.290000915527344,25.299999237060547,24.65999984741211,25.0,12794100
2023-12-14,25.508705139160156,26.239999771118164,26.350000381469727,25.475000381469727,25.489999771118164,17238200
2023-12-15,26.64609718322754,27.40999984741211,28.09000015258789,27.329999923706055,27.59000015258789,51676800
2023-12-18,25.89755630493164,26.639999389648438,26.940000534057617,26.530000686645508,26.690000534057617,11920300
2023-12-19,26.83080291748047,27.600000381469727,27.684999465942383,26.709999084472656,26.770000457763672,15043200
2023-12-20,25.693410873413086,26.43000030517578,27.235000610351562,26.389999389648438,27.020000457763672,18838600
2023-12-21,27.200212478637695,27.979999542236328,28.020000457763672,26.895000457763672,27.06999969482422,17451800
2023-12-22,26.821081161499023,27.59000015258789,27.920000076293945,27.18000030517578,27.3799991607666,11924300
2023-12-26,26.840524673461914,27.610000610351562,28.184999465942383,27.3799991607666,27.81999969482422,8455900
2023-12-27,26.976621627807617,27.75,27.764999389648438,27.30299949645996,27.56999969482422,8776300
2023-12-28,27.715442657470703,28.510000228881836,29.184999465942383,28.440000534057617,28.56999969482422,12970900
2023-12-29,28.084850311279297,28.889999389648438,29.06999969482422,28.6200008392334,28.6200008392334,10253400
2024-01-02,26.441951751708984,27.200000762939453,28.030000686645508,27.110000610351562,28.0,15718200
2024-01-03,26.704425811767578,27.469999313354492,27.540000915527344,26.81999969482422,26.950000762939453,12776300
2024-01-04,26.403064727783203,27.15999984741211,27.469999313354492,27.059999465942383,27.309999465942383,8080700
2024-01-05,25.936443328857422,26.68000030517578,27.049999237060547,26.4950008392334,27.020000457763672,13276500
2024-01-08,25.236507415771484,25.959999084472656,26.05500030517578,25.219999313354492,25.415000915527344,15459000
2024-01-09,24.61434555053711,25.31999969482422,25.530000686645508,24.90999984741211,25.09000015258789,11853100
2024-01-10,24.57546043395996,25.280000686645508,25.469999313354492,25.165000915527344,25.299999237060547,8922500
2024-01-11,24.68239402770996,25.389999389648438,25.780000686645508,25.19499969482422,25.6299991607666,9859200
2024-01-12,24.011625289916992,24.700000762939453,25.555999755859375,24.639999389648438,25.139999389648438,12174900
2024-01-16,22.92283821105957,23.579999923706055,24.058000564575195,23.459999084472656,24.0,20451300
2024-01-17,21.795166015625,22.420000076293945,22.559999465942383,22.200000762939453,22.479999542236328,24370700
2024-01-18,21.406314849853516,22.020000457763672,22.3700008392334,21.889999389648438,22.3700008392334,15665200
2024-01-19,21.668790817260742,22.290000915527344,22.510000228881836,21.344999313354492,21.6200008392334,31188100
2024-01-22,21.056346893310547,21.65999984741211,21.739999771118164,20.81999969482422,21.280000686645508,18861700
2024-01-23,22.5728702545166,23.219999313354492,23.329999923706055,22.780000686645508,22.959999084472656,25469100
2024-01-24,22.94228172302246,23.600000381469727,23.899999618530273,23.09000015258789,23.829999923706055,26931500
2024-01-25,23.263084411621094,23.93000030517578,24.149999618530273,23.610000610351562,24.049999237060547,15090200
2024-01-26,23.195035934448242,23.860000610351562,23.93000030517578,23.440000534057617,23.59000015258789,9518000
2024-01-29,22.806180953979492,23.459999084472656,23.989999771118164,22.989999771118164,23.940000534057617,17044100
2024-01-30,22.115970611572266,22.75,22.8700008392334,22.325000762939453,22.479999542236328,13100900
2024-01-31,21.92154312133789,22.549999237060547,22.989999771118164,22.329999923706055,22.350000381469727,12201900
2024-02-01,21.600740432739258,22.219999313354492,22.677000045776367,22.020000457763672,22.579999923706055,16024200
2024-02-02,21.173004150390625,21.780000686645508,21.8799991607666,21.524999618530273,21.829999923706055,15411400
2024-02-05,21.766002655029297,22.389999389648438,22.635000228881836,21.6200008392334,21.989999771118164,15771500
2024-02-06,23.438068389892578,24.110000610351562,24.1299991607666,23.299999237060547,23.729999542236328,20107900
2024-02-07,22.407608032226562,23.049999237060547,23.40999984741211,22.690000534057617,22.8799991607666,17331700
2024-02-08,21.43547821044922,22.049999237060547,22.649999618530273,22.020000457763672,22.6200008392334,11162400
2024-02-09,21.75628089904785,22.3799991607666,22.454999923706055,21.790000915527344,22.239999771118164,9307700
2024-02-12,22.25206756591797,22.889999389648438,23.229999542236328,22.56999969482422,22.579999923706055,10607000
2024-02-13,21.513248443603516,22.1299991607666,22.725000381469727,22.06100082397461,22.5,7225800
2024-02-14,22.495100021362305,23.139999389648438,23.149999618530273,22.719999313354492,22.829999923706055,9256700
2024-02-15,22.90339469909668,23.559999465942383,23.950000762939453,23.43000030517578,23.459999084472656,11316600
2024-02-16,23.545000076293945,24.219999313354492,24.649999618530273,24.190000534057617,24.395000457763672,11643500
2024-02-20,22.582592010498047,23.229999542236328,23.799999237060547,23.049999237060547,23.760000228881836,12655200
2024-02-21,23.126985549926758,23.790000915527344,24.229999542236328,23.690000534057617,23.899999618530273,10660800
2024-02-22,23.292245864868164,23.959999084472656,24.15999984741211,23.65999984741211,24.0,7576700
2024-02-23,23.233919143676758,23.899999618530273,24.200000762939453,23.65999984741211,24.030000686645508,11409900
2024-02-26,23.039493560791016,23.700000762939453,24.020000457763672,23.59000015258789,23.770000457763672,6773600
2024-02-27,23.408903121948242,24.079999923706055,24.354999542236328,23.93000030517578,24.06999969482422,9359500
2024-02-28,22.174297332763672,22.809999465942383,23.399999618530273,22.770000457763672,23.329999923706055,15249500
2024-02-29,21.989593505859375,22.6200008392334,23.110000610351562,22.520000457763672,22.850000381469727,14660600
2024-03-01,22.3590030670166,23.0,23.270000457763672,22.850000381469727,23.0,12976200
2024-03-04,21.27021598815918,21.8799991607666,22.829999923706055,21.600000381469727,22.790000915527344,28522700
2024-03-05,20.842479705810547,21.440000534057617,21.670000076293945,21.18000030517578,21.34000015258789,18632500
2024-03-06,24.215770721435547,24.90999984741211,25.670000076293945,24.329999923706055,24.850000381469727,54459300
2024-03-07,23.3214111328125,23.989999771118164,24.540000915527344,23.649999618530273,24.520000457763672,17507700
2024-03-08,24.060230255126953,24.75,24.950000762939453,23.780000686645508,23.8700008392334,25991100
2024-03-11,25.343442916870117,26.06999969482422,26.350000381469727,25.579999923706055,25.600000381469727,21510900
2024-03-12,26.607213973999023,27.3700008392334,27.610000610351562,26.809999465942383,26.860000610351562,24082700
2024-03-13,27.2293758392334,28.010000228881836,28.549999237060547,27.260000228881836,27.260000228881836,25266600
2024-03-14,26.296131134033203,27.049999237060547,27.305999755859375,26.649999618530273,27.290000915527344,16774200
2024-03-15,26.68498420715332,27.450000762939453,27.850000381469727,26.719999313354492,26.940000534057617,18118700
2024-03-18,27.073835372924805,27.850000381469727,28.100000381469727,27.399999618530273,27.420000076293945,15992200
2024-03-19,26.821081161499023,27.59000015258789,27.59000015258789,26.964000701904297,27.5,13498600
2024-03-20,27.35575294494629,28.139999389648438,28.18000030517578,27.604999542236328,27.84000015258789,14761800
2024-03-21,26.296131134033203,27.049999237060547,28.15999984741211,27.010000228881836,27.9950008392334,15520700
2024-03-22,25.761459350585938,26.5,26.6200008392334,26.045000076293945,26.309999465942383,13877200
2024-03-25,26.053096771240234,26.799999237060547,27.049999237060547,26.469999313354492,26.5,14936900
2024-03-26,25.625362396240234,26.360000610351562,26.96500015258789,26.34000015258789,26.940000534057617,8388900
2024-03-27,26.471113204956055,27.229999542236328,27.344999313354492,26.190000534057617,26.280000686645508,16220900
2024-03-28,26.62665557861328,27.389999389648438,28.100000381469727,27.360000610351562,27.5,16331100
2024-04-01,26.986343383789062,27.760000228881836,28.3799991607666,27.600000381469727,28.0,11004400
2024-04-02,27.034950256347656,27.809999465942383,28.110000610351562,27.625,27.700000762939453,12525000
2024-04-03,26.510000228881836,27.270000457763672,27.579999923706055,27.049999237060547,27.40999984741211,10171200
2024-04-04,26.1200008392334,26.1200008392334,27.014999389648438,26.100000381469727,27.0,8583500
2024-04-05,26.020000457763672,26.020000457763672,26.290000915527344,25.959999084472656,26.200000762939453,5691200
2024-04-08,25.940000534057617,25.940000534057617,26.329999923706055,25.8700008392334,26.100000381469727,5572400
2024-04-09,26.700000762939453,26.700000762939453,26.729999542236328,25.98200035095215,26.100000381469727,11757300
2024-04-10,26.670000076293945,26.670000076293945,27.065000534057617,26.420000076293945,26.6200008392334,6012600
2024-04-11,26.989999771118164,26.989999771118164,27.31999969482422,26.709999084472656,27.020000457763672,6212300
2024-04-12,25.389999389648438,25.389999389648438,26.059999465942383,25.3799991607666,26.049999237060547,15116700
2024-04-15,25.420000076293945,25.420000076293945,26.18000030517578,25.299999237060547,25.889999389648438,10557600
2024-04-16,25.059999465942383,25.059999465942383,25.3799991607666,24.65999984741211,25.040000915527344,7515200
2024-04-17,25.149999618530273,25.149999618530273,25.6200008392334,25.100000381469727,25.270000457763672,5683900
2024-04-18,25.459999084472656,25.459999084472656,25.735000610351562,24.93000030517578,24.940000534057617,10096200
2024-04-19,25.510000228881836,25.510000228881836,25.530000686645508,24.829999923706055,24.979999542236328,14541400
2024-04-22,26.989999771118164,26.989999771118164,27.014999389648438,25.68000030517578,25.700000762939453,17274500
2024-04-23,27.549999237060547,27.549999237060547,27.63800048828125,27.1299991607666,27.34000015258789,11831200
2024-04-24,28.270000457763672,28.270000457763672,28.399999618530273,27.979999542236328,28.190000534057617,11230300
2024-04-25,28.59000015258789,28.59000015258789,28.709999084472656,28.110000610351562,28.139999389648438,11071000
2024-04-26,30.34000015258789,30.34000015258789,30.459999084472656,29.729999542236328,29.889999389648438,22195200
2024-04-29,29.889999389648438,29.889999389648438,30.350000381469727,29.642000198364258,29.989999771118164,9079700
2024-04-30,28.889999389648438,28.889999389648438,29.549999237060547,28.860000610351562,29.270000457763672,9345100
2024-05-01,29.270000457763672,29.270000457763672,29.56999969482422,28.709999084472656,28.860000610351562,7695400
2024-05-02,32.63999938964844,32.63999938964844,32.86000061035156,30.729999542236328,30.780000686645508,26785900
2024-05-03,32.869998931884766,32.869998931884766,32.935001373291016,32.33000183105469,32.79999923706055,11366600
2024-05-06,32.709999084472656,32.709999084472656,33.029998779296875,32.55500030517578,32.75,8004900
2024-05-07,32.130001068115234,32.130001068115234,32.345001220703125,31.8799991607666,31.979999542236328,6376700
2024-05-08,31.950000762939453,31.950000762939453,32.095001220703125,31.34000015258789,31.40999984741211,5592200
2024-05-09,32.369998931884766,32.369998931884766,32.92499923706055,31.950000762939453,32.63999938964844,6498600
2024-05-10,32.20000076293945,32.20000076293945,32.95000076293945,32.13999938964844,32.689998626708984,7127600
2024-05-13,33.779998779296875,33.779998779296875,34.599998474121094,33.369998931884766,33.40999984741211,15268100
2024-05-14,33.349998474121094,33.349998474121094,33.45000076293945,32.689998626708984,32.959999084472656,9959200
2024-05-15,33.619998931884766,33.619998931884766,33.92499923706055,33.18000030517578,33.92499923706055,10870500
2024-05-16,34.27000045776367,34.27000045776367,34.59000015258789,32.084999084472656,34.5,23780800
2024-05-17,35.27000045776367,35.27000045776367,35.685001373291016,34.310001373291016,34.54499816894531,19446000
2024-05-20,34.75,34.75,35.540000915527344,34.28099822998047,35.099998474121094,9619100
2024-05-21,33.290000915527344,33.290000915527344,33.869998931884766,32.93600082397461,33.279998779296875,47141400
2024-05-22,32.68000030517578,32.68000030517578,33.29999923706055,32.625,32.95000076293945,27805200
2024-05-23,31.200000762939453,31.200000762939453,32.33000183105469,31.149999618530273,31.899999618530273,20064900
2024-05-24,30.270000457763672,30.270000457763672,31.100000381469727,30.170000076293945,30.94499969482422,18951100
2024-05-28,29.889999389648438,29.889999389648438,30.469999313354492,29.31999969482422,30.290000915527344,18743400
2024-05-29,29.31999969482422,29.31999969482422,29.59000015258789,29.040000915527344,29.399999618530273,18978500
2024-05-30,30.209999084472656,30.209999084472656,30.344999313354492,29.389999389648438,29.479999542236328,10533800
2024-05-31,29.6200008392334,29.6200008392334,29.780000686645508,29.209999084472656,29.3799991607666,9842500
2024-06-03,29.899999618530273,29.899999618530273,30.610000610351562,29.549999237060547,30.280000686645508,9909100
2024-06-04,30.06999969482422,30.06999969482422,30.25,29.760000228881836,30.020000457763672,8939200
2024-06-05,30.59000015258789,30.59000015258789,30.920000076293945,30.43000030517578,30.549999237060547,8606900
2024-06-06,29.770000457763672,29.770000457763672,30.15999984741211,29.729999542236328,30.079999923706055,11657600
2024-06-07,29.329999923706055,29.329999923706055,29.94499969482422,29.239999771118164,29.385000228881836,9661000
2024-06-10,29.59000015258789,29.59000015258789,29.709999084472656,28.940000534057617,29.3799991607666,6706300
2024-06-11,29.40999984741211,29.40999984741211,29.860000610351562,29.135000228881836,29.6299991607666,6854400
2024-06-12,29.559999465942383,29.559999465942383,29.850000381469727,29.139999389648438,29.670000076293945,12297900
2024-06-13,29.399999618530273,29.399999618530273,29.989999771118164,29.399999618530273,29.790000915527344,9590400
2024-06-14,28.770000457763672,28.770000457763672,28.979999542236328,28.639999389648438,28.90999984741211,11933500
2024-06-17,29.239999771118164,29.239999771118164,29.3799991607666,28.684999465942383,28.979999542236328,11917300
2024-06-18,29.049999237060547,29.049999237060547,29.360000610351562,28.770000457763672,28.989999771118164,5622000
2024-06-20,28.68000030517578,28.68000030517578,28.9950008392334,28.43000030517578,28.690000534057617,11552900
2024-06-21,28.100000381469727,28.100000381469727,28.350000381469727,27.93000030517578,28.139999389648438,10699200
2024-06-24,28.360000610351562,28.360000610351562,28.940000534057617,28.309999465942383,28.350000381469727,8277600
2024-06-25,27.56999969482422,27.56999969482422,28.149999618530273,27.280000686645508,27.90999984741211,8614700
2024-06-26,27.510000228881836,27.510000228881836,27.670000076293945,27.200000762939453,27.530000686645508,4823300
2024-06-27,26.260000228881836,26.260000228881836,27.219999313354492,26.209999084472656,27.190000534057617,13983900
2024-06-28,25.84000015258789,25.84000015258789,26.375,25.7549991607666,26.329999923706055,11558100
2024-07-01,25.790000915527344,25.790000915527344,26.219999313354492,25.670000076293945,25.93000030517578,6998200
2024-07-02,26.09000015258789,26.09000015258789,26.149999618530273,25.56999969482422,25.920000076293945,9133100
2024-07-03,26.8700008392334,26.8700008392334,26.899999618530273,26.360000610351562,26.420000076293945,6717200
2024-07-05,26.760000228881836,26.760000228881836,26.860000610351562,26.1200008392334,26.1200008392334,9372300
2024-07-08,26.469999313354492,26.469999313354492,26.520000457763672,26.239999771118164,26.5,6177900
2024-07-09,26.81999969482422,26.81999969482422,27.100000381469727,26.15999984741211,26.290000915527344,9128200
2024-07-10,26.760000228881836,26.760000228881836,27.030000686645508,26.530000686645508,26.790000915527344,6913300
2024-07-11,28.6299991607666,28.6299991607666,28.809999465942383,27.5,27.5,22612200
2024-07-12,28.149999618530273,28.149999618530273,29.06999969482422,27.895000457763672,28.940000534057617,11884200
2024-07-15,26.649999618530273,26.649999618530273,27.239999771118164,26.600000381469727,27.239999771118164,11893300
2024-07-16,27.200000762939453,27.200000762939453,27.325000762939453,26.479999542236328,26.649999618530273,7466300
2024-07-17,26.979999542236328,26.979999542236328,27.299999237060547,26.75,27.170000076293945,7396700
2024-07-18,26.280000686645508,26.280000686645508,27.170000076293945,26.170000076293945,27.040000915527344,9427500
2024-07-19,26.260000228881836,26.260000228881836,26.53499984741211,26.06999969482422,26.260000228881836,4797800
2024-07-22,26.850000381469727,26.850000381469727,27.139999389648438,26.735000610351562,26.889999389648438,6149600
2024-07-23,26.190000534057617,26.190000534057617,26.31999969482422,25.940000534057617,26.25,7296700
2024-07-24,25.760000228881836,25.760000228881836,26.219999313354492,25.6299991607666,25.8799991607666,5874900
2024-07-25,26.329999923706055,26.329999923706055,27.389999389648438,26.309999465942383,26.530000686645508,14040600
2024-07-26,26.559999465942383,26.559999465942383,26.670000076293945,26.079999923706055,26.350000381469727,3608600
2024-07-29,26.610000610351562,26.610000610351562,26.690000534057617,26.235000610351562,26.540000915527344,4825100
2024-07-30,26.360000610351562,26.360000610351562,26.479999542236328,26.065000534057617,26.479999542236328,5116700
2024-07-31,26.389999389648438,26.389999389648438,26.940000534057617,26.239999771118164,26.889999389648438,5131800
2024-08-01,25.239999771118164,25.239999771118164,25.899999618530273,25.1299991607666,25.780000686645508,10127500
2024-08-02,25.15999984741211,25.15999984741211,25.280000686645508,24.770000457763672,25.0,7902700
2024-08-05,24.950000762939453,24.950000762939453,24.979000091552734,24.1299991607666,24.200000762939453,12298200
2024-08-06,25.450000762939453,25.450000762939453,25.649999618530273,24.924999237060547,24.950000762939453,8098000
2024-08-07,25.329999923706055,25.329999923706055,25.799999237060547,25.139999389648438,25.649999618530273,6102200
2024-08-08,25.979999542236328,25.979999542236328,26.079999923706055,25.46500015258789,25.479999542236328,5067000
2024-08-09,25.8799991607666,25.8799991607666,25.899999618530273,25.485000610351562,25.709999084472656,4326700
2024-08-12,26.06999969482422,26.06999969482422,26.31999969482422,25.829999923706055,25.829999923706055,5548700
2024-08-13,26.1299991607666,26.1299991607666,26.200000762939453,25.905000686645508,26.049999237060547,6868700
2024-08-14,25.899999618530273,25.899999618530273,26.226999282836914,25.549999237060547,26.170000076293945,10591900
2024-08-15,27.0,27.0,27.780000686645508,26.6299991607666,27.06999969482422,20742000
2024-08-16,29.290000915527344,29.290000915527344,29.299999237060547,27.93000030517578,27.940000534057617,24919100
2024-08-19,29.540000915527344,29.540000915527344,29.709999084472656,29.030000686645508,29.079999923706055,12534600
2024-08-20,28.190000534057617,28.190000534057617,28.760000228881836,27.790000915527344,28.649999618530273,26334300
2024-08-21,27.020000457763672,27.020000457763672,27.040000915527344,25.850000381469727,26.040000915527344,86065300
2024-08-22,26.639999389648438,26.639999389648438,27.190000534057617,26.170000076293945,27.18000030517578,28987000
2024-08-23,26.829999923706055,26.829999923706055,27.040000915527344,26.639999389648438,27.010000228881836,17486200
2024-08-26,25.799999237060547,25.799999237060547,26.030000686645508,25.239999771118164,25.5,26881600
2024-08-27,26.3799991607666,26.3799991607666,26.8799991607666,26.325000762939453,26.799999237060547,22812900
2024-08-28,25.940000534057617,25.940000534057617,26.454999923706055,25.815000534057617,26.415000915527344,14987600
2024-08-29,26.3700008392334,26.3700008392334,26.68000030517578,26.274999618530273,26.485000610351562,11472300
2024-08-30,27.0,27.0,27.405000686645508,26.760000228881836,27.34000015258789,21636900
2024-09-03,26.700000762939453,26.700000762939453,26.8700008392334,26.450000762939453,26.520000457763672,9254200
2024-09-04,26.829999923706055,26.829999923706055,27.139999389648438,26.704999923706055,27.100000381469727,14148300
2024-09-05,26.3799991607666,26.3799991607666,26.915000915527344,26.270000457763672,26.799999237060547,12589000
2024-09-06,26.06999969482422,26.06999969482422,26.469999313354492,26.0049991607666,26.299999237060547,10172900
2024-09-09,25.889999389648438,25.889999389648438,25.959999084472656,25.610000610351562,25.729999542236328,9164800
2024-09-10,25.979999542236328,25.979999542236328,26.3799991607666,25.90999984741211,26.190000534057617,8632400
2024-09-11,26.559999465942383,26.559999465942383,26.579999923706055,26.0,26.059999465942383,8239800
2024-09-12,26.649999618530273,26.649999618530273,26.75,26.399999618530273,26.68000030517578,6952000
2024-09-13,26.239999771118164,26.239999771118164,26.649999618530273,26.1200008392334,26.59000015258789,9395800
2024-09-16,26.299999237060547,26.299999237060547,26.440000534057617,26.174999237060547,26.360000610351562,6960900
2024-09-17,26.920000076293945,26.920000076293945,27.389999389648438,26.6299991607666,26.65999984741211,15021400
2024-09-18,26.920000076293945,26.920000076293945,27.135000228881836,26.670000076293945,27.020000457763672,10352800
2024-09-19,28.739999771118164,28.739999771118164,28.790000915527344,28.170000076293945,28.43000030517578,21141900
2024-09-20,28.549999237060547,28.549999237060547,28.899999618530273,28.385000228881836,28.860000610351562,10083000
2024-09-23,29.760000228881836,29.760000228881836,29.969999313354492,29.09000015258789,29.110000610351562,16394900
2024-09-24,33.900001525878906,33.900001525878906,33.90999984741211,32.029998779296875,32.4900016784668,45862000
2024-09-25,33.209999084472656,33.209999084472656,33.369998931884766,32.33000183105469,32.513999938964844,25649800
2024-09-26,37.9900016784668,37.9900016784668,38.18000030517578,36.93000030517578,37.060001373291016,53720600
2024-09-27,39.900001525878906,39.900001525878906,39.939998626708984,38.810001373291016,39.5099983215332,44906900
2024-09-30,40.0,40.0,42.68000030517578,39.810001373291016,42.380001068115234,49687700
2024-10-01,42.93000030517578,42.93000030517578,43.0,39.650001525878906,39.790000915527344,36322900
2024-10-02,44.79999923706055,44.79999923706055,46.63999938964844,43.72999954223633,46.63999938964844,58760400
2024-10-03,44.599998474121094,44.599998474121094,44.83000183105469,42.810001373291016,43.0,30201800
2024-10-04,46.970001220703125,46.970001220703125,47.0,45.7599983215332,46.279998779296875,30001100
2024-10-07,47.08000183105469,47.08000183105469,47.81999969482422,44.47999954223633,47.54999923706055,34782900
2024-10-08,43.540000915527344,43.540000915527344,44.5,42.529998779296875,43.08000183105469,33635800
2024-10-09,42.84000015258789,42.84000015258789,43.540000915527344,41.290000915527344,41.38999938964844,26457000
2024-10-10,43.220001220703125,43.220001220703125,44.040000915527344,41.90999984741211,43.0,15866800
2024-10-11,43.83000183105469,43.83000183105469,44.25,41.90999984741211,42.08000183105469,14606700
2024-10-14,44.13999938964844,44.13999938964844,45.349998474121094,43.354000091552734,43.77000045776367,22318300
2024-10-15,40.15999984741211,40.15999984741211,42.0,40.01499938964844,41.564998626708984,25545900
2024-10-16,40.540000915527344,40.540000915527344,41.709999084472656,40.400001525878906,40.470001220703125,17310300
2024-10-17,38.849998474121094,38.849998474121094,39.7400016784668,38.630001068115234,39.41999816894531,17418500
2024-10-18,39.97999954223633,39.97999954223633,40.97999954223633,39.560001373291016,40.83000183105469,15214100
2024-10-21,39.68000030517578,39.68000030517578,39.90999984741211,39.36000061035156,39.459999084472656,9582600
2024-10-22,40.349998474121094,40.349998474121094,41.029998779296875,39.439998626708984,39.599998474121094,11353200
2024-10-23,40.0,40.0,41.18000030517578,39.76499938964844,40.78499984741211,11646800
2024-10-24,39.33000183105469,39.33000183105469,39.81999969482422,38.79999923706055,39.630001068115234,8541800
2024-10-25,39.900001525878906,39.900001525878906,40.939998626708984,39.720001220703125,40.244998931884766,10675400
2024-10-28,41.63999938964844,41.63999938964844,41.880001068115234,40.33000183105469,40.459999084472656,11411900
2024-10-29,41.13999938964844,41.13999938964844,42.599998474121094,41.0099983215332,42.4900016784668,14259100
2024-10-30,40.029998779296875,40.029998779296875,40.41999816894531,39.46099853515625,39.97999954223633,7626100
2024-10-31,40.619998931884766,40.619998931884766,40.72999954223633,39.790000915527344,40.279998779296875,8319600
2024-11-01,40.439998626708984,40.439998626708984,41.17499923706055,40.33000183105469,40.77000045776367,6746100
2024-11-04,39.86000061035156,39.86000061035156,40.91999816894531,39.779998779296875,40.275001525878906,7358700
2024-11-05,40.029998779296875,40.029998779296875,41.18000030517578,39.939998626708984,40.75,7419900
2024-11-06,38.66999816894531,38.66999816894531,39.029998779296875,36.93000030517578,38.064998626708984,15031800
2024-11-07,41.22999954223633,41.22999954223633,41.5,40.06999969482422,40.14500045776367,16561700
2024-11-08,38.349998474121094,38.349998474121094,40.20000076293945,38.13999938964844,39.790000915527344,13967600
2024-11-11,39.02000045776367,39.02000045776367,39.290000915527344,38.6150016784668,39.08000183105469,12044300
2024-11-12,36.099998474121094,36.099998474121094,36.91999816894531,36.0099983215332,36.90999984741211,20709400
2024-11-13,35.689998626708984,35.689998626708984,36.81999969482422,35.560001373291016,36.53499984741211,18818600
2024-11-14,33.349998474121094,33.349998474121094,35.43000030517578,33.15999984741211,35.43000030517578,30435000
2024-11-15,35.0,35.0,35.19499969482422,33.65999984741211,34.25,17140200
2024-11-18,35.33000183105469,35.33000183105469,35.70000076293945,35.060001373291016,35.43000030517578,10651100
2024-11-19,35.189998626708984,35.189998626708984,35.189998626708984,34.5,34.599998474121094,8723000
2024-11-20,35.18000030517578,35.18000030517578,35.4900016784668,34.880001068115234,35.47999954223633,8294500
2024-11-21,35.380001068115234,35.380001068115234,35.7599983215332,35.099998474121094,35.18000030517578,9256800
2024-11-22,34.68000030517578,34.68000030517578,35.400001525878906,34.540000915527344,35.20199966430664,10254600
2024-11-25,34.5099983215332,34.5099983215332,34.650001525878906,34.029998779296875,34.279998779296875,10780500
2024-11-26,35.33000183105469,35.33000183105469,35.5,34.72999954223633,35.209999084472656,12297200
2024-11-27,37.189998626708984,37.189998626708984,37.310001373291016,36.56999969482422,36.70000076293945,15475000
2024-11-29,37.380001068115234,37.380001068115234,37.40999984741211,36.7599983215332,37.15999984741211,6108800
2024-12-02,37.470001220703125,37.470001220703125,38.0989990234375,37.2400016784668,38.0,7745100
2024-12-03,37.099998474121094,37.099998474121094,37.61000061035156,36.94900131225586,37.08000183105469,5056500
2024-12-04,35.72999954223633,35.72999954223633,36.564998626708984,35.54999923706055,36.470001220703125,14240200
2024-12-05,36.40999984741211,36.40999984741211,36.7400016784668,36.310001373291016,36.435001373291016,8938800
2024-12-06,37.18000030517578,37.18000030517578,37.97999954223633,37.15999984741211,37.619998931884766,11390600
2024-12-09,41.27000045776367,41.27000045776367,42.72999954223633,40.52000045776367,40.619998931884766,33201100
2024-12-10,39.564998626708984,39.564998626708984,40.1510009765625,39.34000015258789,39.790000915527344,10131300
2024-12-11,38.209999084472656,38.209999084472656,38.459999084472656,37.849998474121094,38.29499816894531,11369600
2024-12-12,38.11000061035156,38.11000061035156,38.119998931884766,37.0099983215332,37.40999984741211,9606800
2024-12-13,37.290000915527344,37.290000915527344,37.5099983215332,36.915000915527344,37.415000915527344,7498100
2024-12-16,36.709999084472656,36.709999084472656,36.97999954223633,36.47999954223633,36.7400016784668,6836000
2024-12-17,37.27000045776367,37.27000045776367,37.51499938964844,36.472999572753906,36.625,5980700
2024-12-18,36.439998626708984,36.439998626708984,37.470001220703125,36.310001373291016,36.970001220703125,6149700
2024-12-19,35.90999984741211,35.90999984741211,36.72999954223633,35.88999938964844,36.560001373291016,7279600
2024-12-20,35.63999938964844,35.63999938964844,35.875,35.04999923706055,35.39500045776367,12467900
2024-12-23,36.290000915527344,36.290000915527344,36.369998931884766,35.66999816894531,35.779998779296875,7293300
2024-12-24,36.459999084472656,36.459999084472656,36.4900016784668,36.17499923706055,36.41999816894531,2140800
